<?xml version="1.0" encoding="utf-8"?>
<COLLADA xmlns="http://www.collada.org/2005/11/COLLADASchema" version="1.4.1" xmlns:xsi="http://www.w3.org/2001/XMLSchema-instance">
  <asset>
    <contributor>
      <author>Blender User</author>
      <authoring_tool>Blender 4.5.8 LTS commit date:2026-03-16, commit time:16:54, hash:d7359176d0d3</authoring_tool>
    </contributor>
    <created>2026-05-13T02:22:02</created>
    <modified>2026-05-13T02:22:02</modified>
    <unit name="meter" meter="1"/>
    <up_axis>Z_UP</up_axis>
  </asset>
  <library_effects>
    <effect id="mat_0_015-effect">
      <profile_COMMON>
        <technique sid="common">
          <lambert>
            <emission>
              <color sid="emission">0 0 0 1</color>
            </emission>
            <diffuse>
              <color sid="diffuse">1 1 1 1</color>
            </diffuse>
            <reflectivity>
              <float sid="specular">1</float>
            </reflectivity>
            <index_of_refraction>
              <float sid="ior">1.5</float>
            </index_of_refraction>
          </lambert>
        </technique>
      </profile_COMMON>
    </effect>
    <effect id="mat_2_015-effect">
      <profile_COMMON>
        <technique sid="common">
          <lambert>
            <emission>
              <color sid="emission">0 0 0 1</color>
            </emission>
            <diffuse>
              <color sid="diffuse">0.05126946 0.05126946 0.05126946 1</color>
            </diffuse>
            <reflectivity>
              <float sid="specular">1</float>
            </reflectivity>
            <index_of_refraction>
              <float sid="ior">1.5</float>
            </index_of_refraction>
          </lambert>
        </technique>
      </profile_COMMON>
    </effect>
  </library_effects>
  <library_images/>
  <library_materials>
    <material id="mat_0_015-material" name="mat_0.015">
      <instance_effect url="#mat_0_015-effect"/>
    </material>
    <material id="mat_2_015-material" name="mat_2.015">
      <instance_effect url="#mat_2_015-effect"/>
    </material>
  </library_materials>
  <library_geometries>
    <geometry id="link_2-mesh" name="link_2">
      <mesh>
        <source id="link_2-mesh-positions">
          <float_array id="link_2-mesh-positions-array" count="10116">0.03099989 0 0.1424999 0.03099989 0 0.1525 -0.03099983 0 0.1525 -0.03052902 -0.005383074 0.1525 -0.02913028 -0.01060259 0.1525 -0.02684664 -0.01549983 0.1525 -0.02374732 -0.01992624 0.1525 -0.01992624 -0.02374732 0.1525 -0.01549983 -0.02684664 0.1525 -0.01060259 -0.02913033 0.1525 -0.005383074 -0.03052902 0.1525 0 -0.03099983 0.1525 0.005383074 -0.03052902 0.1525 0.01060259 -0.02913033 0.1525 0.01549988 -0.02684664 0.1525 0.0199263 -0.02374732 0.1525 0.02374738 -0.01992624 0.1525 0.02684664 -0.01549983 0.1525 0.02913033 -0.01060259 0.1525 0.03052902 -0.005383074 0.1525 -0.03099983 0 0.1424999 -0.03052902 -0.005383074 0.1424999 -0.02913028 -0.01060259 0.1424999 -0.02684664 -0.01549983 0.1424999 -0.02374732 -0.01992624 0.1424999 -0.01992624 -0.02374732 0.1424999 -0.01549983 -0.02684664 0.1424999 -0.01060259 -0.02913033 0.1424999 -0.005383074 -0.03052902 0.1424999 0 -0.03099983 0.1424999 0.005383074 -0.03052902 0.1424999 0.01060259 -0.02913033 0.1424999 0.01549988 -0.02684664 0.1424999 0.0199263 -0.02374732 0.1424999 0.02374738 -0.01992624 0.1424999 0.02684664 -0.01549983 0.1424999 0.02913033 -0.01060259 0.1424999 0.03052902 -0.005383074 0.1424999 0 -0.02646106 0.03099983 0 -0.01646107 0.03099983 0 -0.01646107 -0.03099983 -0.005383074 -0.01646107 -0.03052902 -0.01060259 -0.01646107 -0.02913033 -0.01549983 -0.01646107 -0.02684664 -0.01992624 -0.01646107 -0.02374738 -0.02374732 -0.01646107 -0.01992624 -0.02684664 -0.01646107 -0.01549988 -0.02913028 -0.01646107 -0.01060259 -0.03052902 -0.01646107 -0.005383074 -0.03099983 -0.01646107 0 -0.03052902 -0.01646107 0.005383074 -0.02913028 -0.01646107 0.01060259 -0.02684664 -0.01646107 0.01549983 -0.02374732 -0.01646107 0.01992624 -0.01992624 -0.01646107 0.02374732 -0.01549983 -0.01646107 0.02684664 -0.01060259 -0.01646107 0.02913033 -0.005383074 -0.01646107 0.03052902 0 -0.02646106 -0.03099983 -0.005383074 -0.02646106 -0.03052902 -0.01060259 -0.02646106 -0.02913033 -0.01549983 -0.02646106 -0.02684664 -0.01992624 -0.02646106 -0.02374738 -0.02374732 -0.02646106 -0.01992624 -0.02684664 -0.02646106 -0.01549988 -0.02913028 -0.02646106 -0.01060259 -0.03052902 -0.02646106 -0.005383074 -0.03099983 -0.02646106 0 -0.03052902 -0.02646106 0.005383074 -0.02913028 -0.02646106 0.01060259 -0.02684664 -0.02646106 0.01549983 -0.02374732 -0.02646106 0.01992624 -0.01992624 -0.02646106 0.02374732 -0.01549983 -0.02646106 0.02684664 -0.01060259 -0.02646106 0.02913033 -0.005383074 -0.02646106 0.03052902 0 0.03499984 0.09399998 -0.00598222 0.03448492 0.09399998 -0.01178836 0.03295487 0.09400004 -0.01724761 0.03045493 0.09400004 -0.02219939 0.02705872 0.09400004 -0.02649766 0.02286607 0.09400004 -0.03001612 0.0180006 0.0940001 -0.03265112 0.01260519 0.0940001 -0.0343253 0.006838858 0.0940001 -0.03483062 0.003435969 0.0940001 -0.03499984 0 0.09400004 -0.03499984 0 0.1424999 -0.03446823 0.006077647 0.1424999 -0.03288906 0.01197057 0.1424999 -0.03031075 0.01749998 0.1424999 -0.02681154 0.02249753 0.1424999 -0.02249753 0.02681154 0.1424999 -0.01749998 0.03031075 0.1424999 -0.01197052 0.03288912 0.1424999 -0.006077647 0.03446823 0.1424999 0 0.03499984 0.1424999 0.006077647 0.03446823 0.1424999 0.01197057 0.03288912 0.1424999 0.01749998 0.03031075 0.1424999 0.02249753 0.02681154 0.1424999 0.02681154 0.02249753 0.1424999 0.03031075 0.01749998 0.1424999 0.03288912 0.01197057 0.1424999 0.03446829 0.006077647 0.1424999 0.03499984 0 0.1424999 0.03499984 0 0.09400004 0.03448492 0.00598222 0.0940001 0.03295487 0.01178836 0.0940001 0.03045499 0.01724779 0.0940001 0.02705872 0.02219939 0.0940001 0.02286607 0.02649772 0.09400004 0.0180006 0.03001618 0.09400004 0.01260519 0.03265112 0.09400004 0.006838858 0.0343253 0.09399998 0.003435969 0.03483062 0.09399998 -0.03469985 0 0.1424999 -0.03417277 0.006025493 0.1424999 -0.03260719 0.011868 0.1424999 -0.03005105 0.01734983 0.1424999 -0.0265817 0.02230471 0.1424999 -0.02230471 0.0265817 0.1424999 -0.01734983 0.03005105 0.1424999 -0.011868 0.03260719 0.1424999 -0.006025493 0.03417283 0.1424999 0 0.03469985 0.1424999 0.006025493 0.03417283 0.1424999 0.011868 0.03260719 0.1424999 0.01734989 0.03005105 0.1424999 0.02230471 0.0265817 0.1424999 0.02658176 0.02230471 0.1424999 0.03005105 0.01734983 0.1424999 0.03260719 0.011868 0.1424999 0.03417283 0.006025493 0.1424999 0.03469985 0 0.1424999 -0.03469985 0 0.1495 -0.03417277 0.006025493 0.1495 -0.03260719 0.011868 0.1495 -0.03005105 0.01734983 0.1495 -0.0265817 0.02230471 0.1495 -0.02230471 0.0265817 0.1495 -0.01734983 0.03005105 0.1495 -0.011868 0.03260719 0.1495 -0.006025493 0.03417283 0.1495 0 0.03469985 0.1495 0.006025493 0.03417283 0.1495 0.011868 0.03260719 0.1495 0.01734989 0.03005105 0.1495 0.02230471 0.0265817 0.1495 0.02658176 0.02230471 0.1495 0.03005105 0.01734983 0.1495 0.03260719 0.011868 0.1495 0.03417283 0.006025493 0.1495 0.03469985 0 0.1495 0.04050004 -0.03147107 0 0.04000139 -0.03147107 -0.006335556 0.03851777 -0.03147107 -0.01251506 0.03608578 -0.03147107 -0.0183866 0.03276515 -0.03147107 -0.02380526 0.0286377 -0.03147107 -0.0286377 0.02380532 -0.03147107 -0.03276515 0.0183866 -0.03147107 -0.03608572 0.01251506 -0.03147107 -0.03851777 0.006335556 -0.03147107 -0.04000133 0 -0.03147107 -0.04049998 0 -0.01646107 -0.04049998 0.006923258 -0.01646107 -0.0399037 0.01364266 -0.01646107 -0.0381329 0.01996058 -0.01646107 -0.03523939 0.02569085 -0.01646107 -0.03130859 0.03066474 -0.01646107 -0.02645593 0.03473579 -0.01646107 -0.02082461 0.03778439 -0.01646107 -0.01458013 0.03972071 -0.01646107 -0.007906436 0.04048752 -0.01646107 -9.99987e-4 0.04048752 -0.01947093 -9.99987e-4 0.04049998 -0.01947093 0 0.04049861 -0.01947093 -3.33369e-4 0.0404945 -0.01947093 -6.66708e-4 -5.36442e-7 -0.01647025 0.04049998 0 -0.01646107 0.04049998 -0.007032692 -0.01646107 0.03988456 -0.01385176 -0.01646107 0.03805738 -0.02024996 -0.01646107 0.03507387 -0.02603286 -0.01646107 0.03102475 -0.03102475 -0.01646107 0.02603286 -0.03507387 -0.01646107 0.02024996 -0.03805738 -0.01646107 0.01385176 -0.03988456 -0.01646107 0.007032752 -0.04049998 -0.01646107 0 -0.03988456 -0.01646107 -0.007032752 -0.03805738 -0.01646107 -0.01385182 -0.03507387 -0.01646107 -0.02024996 -0.03102475 -0.01646107 -0.02603286 -0.02603286 -0.01646107 -0.03102475 -0.02024996 -0.01646107 -0.03507387 -0.01385176 -0.01646107 -0.03805738 -0.007032692 -0.01646107 -0.03988456 0 -0.01646107 -0.04049998 0 -0.03147107 -0.04049998 -0.04049998 -0.03147107 0 -0.04000133 -0.03147107 -0.006335556 -0.03851777 -0.03147107 -0.01251506 -0.03608572 -0.03147107 -0.0183866 -0.03276515 -0.03147107 -0.02380526 -0.02863764 -0.03147107 -0.0286377 -0.02380526 -0.03147107 -0.03276515 -0.01838654 -0.03147107 -0.03608572 -0.012515 -0.03147107 -0.03851777 -0.006335556 -0.03147107 -0.04000133 -0.0404998 -0.01947093 0 -0.03673577 -0.01947093 0.01705068 -0.03881222 -0.01947093 0.01156944 -0.04007571 -0.01947093 0.005845904 -0.01970767 -0.01647096 0.03538137 -0.02550143 -0.01647078 0.0314626 -0.03047502 -0.01647102 0.02667427 -0.03452998 -0.01647192 0.02116417 -0.0363633 -0.01647347 0.01783132 -0.03679215 -0.01647591 0.01692849 -0.03693717 -0.01652032 0.0166096 -0.006812155 -0.0164709 0.03992301 -0.01342982 -0.0164709 0.03820842 0.03498572 -9.99998e-4 0.1525 0.03430277 -0.006951034 0.1525 0.03261494 -0.01269865 0.1525 0.02997189 -0.01807421 0.1525 0.02645105 -0.02292031 0.1525 0.02215522 -0.02709496 0.1525 0.01721048 -0.03047615 0.1525 0.01176148 -0.03296446 0.1525 0.005968213 -0.03448724 0.1525 0 -0.03499984 0.1525 0 -0.03499984 0.1495 0.03498572 -9.99998e-4 0.1495 0.03430277 -0.006951034 0.1495 0.03261494 -0.01269865 0.1495 0.02997189 -0.01807421 0.1495 0.02645105 -0.02292031 0.1495 0.02215522 -0.02709496 0.1495 0.01721048 -0.03047615 0.1495 0.01176148 -0.03296446 0.1495 0.005968213 -0.03448724 0.1495 0 -0.03499984 0.1525 0 -0.03499984 0.1495 -0.006077647 -0.03446823 0.1525 -0.01197052 -0.03288906 0.1525 -0.01749998 -0.03031075 0.1525 -0.02249753 -0.02681154 0.1525 -0.02681154 -0.02249753 0.1525 -0.03031075 -0.01749998 0.1525 -0.03288906 -0.01197057 0.1525 -0.03446823 -0.006077647 0.1525 -0.03499984 0 0.1525 -0.03446823 0.006077647 0.1525 -0.03288906 0.01197057 0.1525 -0.03031075 0.01749998 0.1525 -0.02681154 0.02249753 0.1525 -0.02249753 0.02681154 0.1525 -0.01749998 0.03031075 0.1525 -0.01197052 0.03288912 0.1525 -0.006077647 0.03446823 0.1525 0 0.03499984 0.1525 0 0.03499984 0.1495 -0.006077647 -0.03446823 0.1495 -0.01197052 -0.03288906 0.1495 -0.01749998 -0.03031075 0.1495 -0.02249753 -0.02681154 0.1495 -0.02681154 -0.02249753 0.1495 -0.03031075 -0.01749998 0.1495 -0.03288906 -0.01197057 0.1495 -0.03446823 -0.006077647 0.1495 -0.03499984 0 0.1495 -0.03446823 0.006077647 0.1495 -0.03288906 0.01197057 0.1495 -0.03031075 0.01749998 0.1495 -0.02681154 0.02249753 0.1495 -0.02249753 0.02681154 0.1495 -0.01749998 0.03031075 0.1495 -0.01197052 0.03288912 0.1495 -0.006077647 0.03446823 0.1495 -0.03499984 0 0.09400004 -0.03499984 0 0.1424999 -0.03448486 -0.00598222 0.09400016 -0.03295487 -0.01178836 0.09400016 -0.03045493 -0.01724779 0.09400022 -0.02705872 -0.02219939 0.09400022 -0.02286607 -0.02649772 0.09400022 -0.01800054 -0.03001618 0.09400027 -0.01260519 -0.03265112 0.09400027 -0.006838858 -0.0343253 0.09400027 -0.003435969 -0.03483062 0.09400027 0 -0.03499978 0.09400027 0.005982339 -0.03448492 0.09400027 0.01178842 -0.03295487 0.09400027 0.01724779 -0.03045493 0.09400027 0.02219945 -0.02705872 0.09400022 0.02649772 -0.02286607 0.09400022 0.03001618 -0.0180006 0.09400022 0.03265112 -0.01260519 0.09400016 0.0343253 -0.006838858 0.09400016 0.03483068 -0.003435969 0.09400016 0.03499984 0 0.09400004 0.03499984 0 0.1424999 0.03446829 -0.006077647 0.1424999 0.03288912 -0.01197057 0.1424999 0.03031075 -0.01749998 0.1424999 0.02681154 -0.02249753 0.1424999 0.02249753 -0.02681154 0.1424999 0.01749998 -0.03031075 0.1424999 0.01197057 -0.03288906 0.1424999 0.006077647 -0.03446823 0.1424999 0 -0.03499984 0.1424999 -0.006077647 -0.03446823 0.1424999 -0.01197052 -0.03288906 0.1424999 -0.01749998 -0.03031075 0.1424999 -0.02249753 -0.02681154 0.1424999 -0.02681154 -0.02249753 0.1424999 -0.03031075 -0.01749998 0.1424999 -0.03288906 -0.01197057 0.1424999 -0.03446823 -0.006077647 0.1424999 0.03499984 0 0.1424999 0.03446829 -0.006077647 0.1424999 0.03288912 -0.01197057 0.1424999 0.03031075 -0.01749998 0.1424999 0.02681154 -0.02249753 0.1424999 0.02249753 -0.02681154 0.1424999 0.01749998 -0.03031075 0.1424999 0.01197057 -0.03288906 0.1424999 0.006077647 -0.03446823 0.1424999 0 -0.03499984 0.1424999 -0.006077647 -0.03446823 0.1424999 -0.01197052 -0.03288906 0.1424999 -0.01749998 -0.03031075 0.1424999 -0.02249753 -0.02681154 0.1424999 -0.02681154 -0.02249753 0.1424999 -0.03031075 -0.01749998 0.1424999 -0.03288906 -0.01197057 0.1424999 -0.03446823 -0.006077647 0.1424999 -0.03499984 0 0.1424999 -0.03446823 0.006077647 0.1424999 -0.03288906 0.01197057 0.1424999 -0.03031075 0.01749998 0.1424999 -0.02681154 0.02249753 0.1424999 -0.02249753 0.02681154 0.1424999 -0.01749998 0.03031075 0.1424999 -0.01197052 0.03288912 0.1424999 -0.006077647 0.03446823 0.1424999 0 0.03499984 0.1424999 0.006077647 0.03446823 0.1424999 0.01197057 0.03288912 0.1424999 0.01749998 0.03031075 0.1424999 0.02249753 0.02681154 0.1424999 0.02681154 0.02249753 0.1424999 0.03031075 0.01749998 0.1424999 0.03288912 0.01197057 0.1424999 0.03446829 0.006077647 0.1424999 0.03469985 0 0.1424999 0.03417283 -0.006025493 0.1424999 0.03260719 -0.011868 0.1424999 0.03005105 -0.01734983 0.1424999 0.02658176 -0.02230471 0.1424999 0.02230471 -0.0265817 0.1424999 0.01734989 -0.03005105 0.1424999 0.011868 -0.03260719 0.1424999 0.006025493 -0.03417277 0.1424999 0 -0.03469985 0.1424999 -0.006025493 -0.03417277 0.1424999 -0.011868 -0.03260719 0.1424999 -0.01734983 -0.03005105 0.1424999 -0.02230471 -0.0265817 0.1424999 -0.0265817 -0.02230471 0.1424999 -0.03005105 -0.01734983 0.1424999 -0.03260719 -0.011868 0.1424999 -0.03417277 -0.006025493 0.1424999 -0.03469985 0 0.1424999 -0.03417277 0.006025493 0.1424999 -0.03260719 0.011868 0.1424999 -0.03005105 0.01734983 0.1424999 -0.0265817 0.02230471 0.1424999 -0.02230471 0.0265817 0.1424999 -0.01734983 0.03005105 0.1424999 -0.011868 0.03260719 0.1424999 -0.006025493 0.03417283 0.1424999 0 0.03469985 0.1424999 0.006025493 0.03417283 0.1424999 0.011868 0.03260719 0.1424999 0.01734989 0.03005105 0.1424999 0.02230471 0.0265817 0.1424999 0.02658176 0.02230471 0.1424999 0.03005105 0.01734983 0.1424999 0.03260719 0.011868 0.1424999 0.03417283 0.006025493 0.1424999 -0.02778548 -0.02370429 0.05000001 -0.02779304 -0.02545726 0.04999935 -0.02755481 -0.02710485 0.04999965 -0.02710819 -0.02867728 0.04999995 -0.02644437 -0.0302329 0.04999983 -0.02559196 -0.03170436 0.04999995 -0.02458214 -0.0330609 0.04999989 -0.02341938 -0.03431165 0.04999989 -0.02212011 -0.03544557 0.05000001 -0.02025073 -0.03673982 0.04999989 -0.01792711 -0.03796565 0.05000007 -0.01551127 -0.0389142 0.04999989 -0.0121423 -0.03982883 0.04999983 -0.006211698 -0.04065895 0.04999977 2.23517e-7 -0.0408796 0.04999995 2.01166e-7 -0.03671526 0.07353663 0 -0.03499978 0.09400027 -0.03499984 0 0.09400004 -0.03448486 -0.00598222 0.09400016 -0.03295487 -0.01178836 0.09400016 -0.03045493 -0.01724779 0.09400022 -0.02705872 -0.02219939 0.09400022 -0.02286607 -0.02649772 0.09400022 -0.01800054 -0.03001618 0.09400027 -0.01260519 -0.03265112 0.09400027 -0.006838858 -0.0343253 0.09400027 -0.003435969 -0.03483062 0.09400027 0 0.03499984 0.09399998 -0.00598222 0.03448492 0.09399998 -0.01178836 0.03295487 0.09400004 -0.01724761 0.03045493 0.09400004 -0.02219939 0.02705872 0.09400004 -0.02649766 0.02286607 0.09400004 -0.03001612 0.0180006 0.0940001 -0.03265112 0.01260519 0.0940001 -0.0343253 0.006838858 0.0940001 -0.03483062 0.003435969 0.0940001 0 0.03471583 0.09061676 3.8743e-7 0.03398174 0.08776396 3.8743e-7 0.03302264 0.08549946 2.01166e-7 0.0318554 0.08348983 0 0.03044229 0.08157885 -2.08616e-7 0.02820259 0.07917362 0 0.02524948 0.07664161 3.65078e-7 0.02072441 0.07350128 -7.7486e-7 3.18058e-4 0.06225359 1.57207e-6 -0.007397532 0.0570566 -1.63913e-7 -0.01093608 0.05377322 -7.30157e-7 -0.01248133 0.05193328 0 -0.01379525 0.05000001 -0.01069676 -0.01361107 0.05000007 -0.01634281 -0.01401484 0.05000013 -0.01986825 -0.01481962 0.05000019 -0.02223891 -0.01579231 0.05000001 -0.02377218 -0.01671779 0.05000025 -0.02487009 -0.01761412 0.04999995 -0.02592873 -0.01878631 0.05000001 -0.02666842 -0.01992774 0.05000007 -0.02728503 -0.02132236 0.04999977 -0.02760094 -0.022457 0.04999995 -0.01982378 -0.01148808 0.05492419 -0.02394324 -0.01528716 0.05271685 -0.02458703 -0.01578778 0.05277127 -0.02505248 -0.0162099 0.0528078 -0.01964956 0.01482611 0.07437634 -0.0114386 0.02779716 0.0810219 -0.02636259 0.008223652 0.07475656 -0.01002669 0.03188884 0.0863713 -0.01333177 0.02998954 0.08509474 -0.02796244 0.005894482 0.07484745 -0.01650947 0.02731019 0.08345466 -0.009879529 0.0324949 0.08773398 -0.0131694 0.03081411 0.08656322 -0.009750723 0.03287756 0.08877867 -0.01634526 0.02861315 0.08532637 -0.02893608 0.01273119 0.08120495 -0.03156155 -0.003720641 0.07476437 -0.03211915 -0.008356451 0.07501417 -0.01127725 -0.03364378 0.08417522 -0.02890861 -0.02127283 0.06350433 -0.02870756 -0.02212584 0.06352144 -0.02846091 -0.02297174 0.06351339 -0.0281704 -0.02380973 0.06348055 -0.02772939 -0.02488476 0.06340193 -0.02442955 -0.02843219 0.06972658 -0.0281642 -0.02157825 0.08404248 -0.02175605 -0.02759718 0.08943659 -0.02710998 -0.02373874 0.07857298 -0.02815592 -0.01846289 0.05778515 -0.03118777 -0.0162878 0.0767014 -0.03177803 -0.01489716 0.0793308 -0.01390278 -0.03470295 0.07097214 -0.03469985 0 0.1424999 -0.03469985 0 0.1495 0.03469985 0 0.1424999 0.03417283 -0.006025493 0.1424999 0.03260719 -0.011868 0.1424999 0.03005105 -0.01734983 0.1424999 0.02658176 -0.02230471 0.1424999 0.02230471 -0.0265817 0.1424999 0.01734989 -0.03005105 0.1424999 0.011868 -0.03260719 0.1424999 0.006025493 -0.03417277 0.1424999 0 -0.03469985 0.1424999 -0.006025493 -0.03417277 0.1424999 -0.011868 -0.03260719 0.1424999 -0.01734983 -0.03005105 0.1424999 -0.02230471 -0.0265817 0.1424999 -0.0265817 -0.02230471 0.1424999 -0.03005105 -0.01734983 0.1424999 -0.03260719 -0.011868 0.1424999 -0.03417277 -0.006025493 0.1424999 0.03469985 0 0.1495 0.03417283 -0.006025493 0.1495 0.03260719 -0.011868 0.1495 0.03005105 -0.01734983 0.1495 0.02658176 -0.02230471 0.1495 0.02230471 -0.0265817 0.1495 0.01734989 -0.03005105 0.1495 0.011868 -0.03260719 0.1495 0.006025493 -0.03417277 0.1495 0 -0.03469985 0.1495 -0.006025493 -0.03417277 0.1495 -0.011868 -0.03260719 0.1495 -0.01734983 -0.03005105 0.1495 -0.02230471 -0.0265817 0.1495 -0.0265817 -0.02230471 0.1495 -0.03005105 -0.01734983 0.1495 -0.03260719 -0.011868 0.1495 -0.03417277 -0.006025493 0.1495 0 -0.03499978 0.09400027 0.005982339 -0.03448492 0.09400027 0.01178842 -0.03295487 0.09400027 0.01724779 -0.03045493 0.09400027 0.02219945 -0.02705872 0.09400022 0.02649772 -0.02286607 0.09400022 0.03001618 -0.0180006 0.09400022 0.03265112 -0.01260519 0.09400016 0.0343253 -0.006838858 0.09400016 0.03483068 -0.003435969 0.09400016 0.03499984 0 0.09400004 2.23517e-7 -0.0408796 0.04999995 2.01166e-7 -0.03671526 0.07353663 0.01022422 -0.04018759 0.04999995 0.01511317 -0.03904443 0.04999995 0.01855373 -0.0376693 0.05000007 0.0209909 -0.03626692 0.04999995 0.02333188 -0.03439569 0.04999995 0.02499479 -0.03254437 0.05000001 0.02624338 -0.03061819 0.04999989 0.02716213 -0.02852195 0.05000001 0.02765339 -0.02659618 0.04999959 0.02780997 -0.02518695 0.04999965 0.02778548 -0.02370429 0.05000001 0.02750831 -0.02206361 0.04999995 0.02698165 -0.02055794 0.04999989 0.02625221 -0.0192402 0.04999995 0.02553457 -0.0183025 0.04999995 0.02464032 -0.01740497 0.05000001 0.02355962 -0.01657027 0.05000025 0.02244049 -0.01589769 0.05000013 0.02078032 -0.0151425 0.05000013 0.0187264 -0.01448971 0.05000001 0.01574379 -0.01393157 0.05000007 0.008108139 -0.01361709 0.05000019 0 -0.01379525 0.05000001 0 0.03499984 0.09399998 0 0.03471583 0.09061676 3.8743e-7 0.03398174 0.08776396 3.8743e-7 0.03302264 0.08549946 2.01166e-7 0.0318554 0.08348983 0 0.03044229 0.08157885 -2.08616e-7 0.02820259 0.07917362 0 0.02524948 0.07664161 3.65078e-7 0.02072441 0.07350128 -7.7486e-7 3.18058e-4 0.06225359 1.57207e-6 -0.007397532 0.0570566 -1.63913e-7 -0.01093608 0.05377322 -7.30157e-7 -0.01248133 0.05193328 0.03448492 0.00598222 0.0940001 0.03295487 0.01178836 0.0940001 0.03045499 0.01724779 0.0940001 0.02705872 0.02219939 0.0940001 0.02286607 0.02649772 0.09400004 0.0180006 0.03001618 0.09400004 0.01260519 0.03265112 0.09400004 0.006838858 0.0343253 0.09399998 0.003435969 0.03483062 0.09399998 0.01982384 -0.01148808 0.05492419 0.0257579 -0.01747757 0.05204278 0.01989024 0.01466435 0.07439988 0.01175069 0.02769541 0.08104616 0.02661103 0.00789541 0.07477343 0.007130384 0.03316396 0.0876044 0.01049017 0.03175139 0.08639794 0.01377898 0.02980726 0.08512747 0.02817165 0.00554502 0.0748555 0.01693338 0.02708595 0.08349305 0.01033771 0.03235971 0.08775722 0.0136131 0.03063452 0.08659237 0.01676732 0.0283913 0.08536094 0.02924346 0.0122292 0.08123779 0.03209775 -0.008536338 0.07492935 0.01345098 -0.0328561 0.08420836 0.0109024 -0.03376364 0.08417105 0.02877116 -0.0218656 0.063461 0.02841854 -0.0231015 0.06345492 0.02787995 -0.02454257 0.06337976 0.02770465 -0.02293956 0.07865697 0.02822828 -0.01950991 0.05735468 0.02388972 -0.03207314 0.05662316 0.03131049 -0.0159024 0.07671141 -0.02778548 -0.02370429 0.05000001 -0.02779304 -0.02545726 0.04999935 -0.02755481 -0.02710485 0.04999965 -0.02710819 -0.02867728 0.04999995 -0.02644437 -0.0302329 0.04999983 -0.02559196 -0.03170436 0.04999995 -0.02458214 -0.0330609 0.04999989 -0.02341938 -0.03431165 0.04999989 -0.02212011 -0.03544557 0.05000001 -0.02025073 -0.03673982 0.04999989 -0.01792711 -0.03796565 0.05000007 -0.01551127 -0.0389142 0.04999989 -0.0121423 -0.03982883 0.04999983 -0.006211698 -0.04065895 0.04999977 2.23517e-7 -0.0408796 0.04999995 -0.02805173 -0.02466177 0.0444231 -0.02910286 -0.02573239 0.03894239 -0.03135585 -0.02723443 0.0317344 -0.03689622 -0.02997857 0.01736307 -0.03947067 -0.03106385 0.008758068 -0.04022568 -0.03136456 0.004415154 -0.04049998 -0.03147107 0 -0.04038316 -0.03287231 0 -0.04007154 -0.03409272 0 -0.03962731 -0.03513514 0 -0.03904342 -0.0361101 0 -0.03834408 -0.0370078 0 -0.03755152 -0.03782927 0 -0.03632408 -0.03885912 0 -0.03499984 -0.03976404 0 -0.03469574 -0.03970116 0.004604876 -0.03377246 -0.03956151 0.009188473 -0.03230708 -0.03948175 0.01346254 -0.03027272 -0.03961306 0.0175656 -0.02775615 -0.0400629 0.02132093 -0.02471864 -0.04082685 0.02477872 -0.0213201 -0.04170191 0.02775692 -0.01753157 -0.04251277 0.03029263 -0.01343905 -0.04311347 0.03231692 -0.009080231 -0.0434615 0.03380179 -0.004601657 -0.04359382 0.03469651 0 -0.04360586 0.03499984 -0.03859472 -0.03626477 0.004520118 -0.0382753 -0.0361644 0.00669229 -0.03777921 -0.03607594 0.008983552 -0.0370624 -0.03616142 0.01112586 -0.03597921 -0.03548228 0.01541358 -0.03495603 -0.03568649 0.01745051 -0.03372842 -0.0361377 0.01930844 -0.03173059 -0.03440111 0.02649879 -0.03047466 -0.03505718 0.02821201 -0.02911901 -0.03589469 0.02969574 -0.02835166 -0.03501617 0.03330117 -0.02795881 -0.02861255 0.04439479 -0.02775204 -0.02940768 0.0444011 -0.0376017 -0.03322649 0.01424849 -0.03649044 -0.03302991 0.0173996 -0.03598421 -0.03336721 0.01832675 -0.0322507 -0.0308417 0.02908509 -0.0317927 -0.03124845 0.02993243 -0.03076905 -0.03131127 0.03245759 -0.02974539 -0.03042203 0.03606051 -0.02778548 -0.02370429 0.05000001 -0.02805173 -0.02466177 0.0444231 -0.02910286 -0.02573239 0.03894239 -0.03135585 -0.02723443 0.0317344 -0.03689622 -0.02997857 0.01736307 -0.03947067 -0.03106385 0.008758068 -0.04022568 -0.03136456 0.004415154 -0.04049998 -0.03147107 0 0 -0.01379525 0.05000001 -0.01069676 -0.01361107 0.05000007 -0.01634281 -0.01401484 0.05000013 -0.01986825 -0.01481962 0.05000019 -0.02223891 -0.01579231 0.05000001 -0.02377218 -0.01671779 0.05000025 -0.02487009 -0.01761412 0.04999995 -0.02592873 -0.01878631 0.05000001 -0.02666842 -0.01992774 0.05000007 -0.02728503 -0.02132236 0.04999977 -0.02760094 -0.022457 0.04999995 3.20375e-7 -0.01515549 0.04726749 2.90573e-7 -0.01602745 0.04443198 0 -0.01634621 0.04250127 -5.36442e-7 -0.01647025 0.04049998 -0.006812155 -0.0164709 0.03992301 -0.01342982 -0.0164709 0.03820842 -0.01970767 -0.01647096 0.03538137 -0.02550143 -0.01647078 0.0314626 -0.03047502 -0.01647102 0.02667427 -0.03452998 -0.01647192 0.02116417 -0.0363633 -0.01647347 0.01783132 -0.03679215 -0.01647591 0.01692849 -0.03693717 -0.01652032 0.0166096 -0.03673577 -0.01947093 0.01705068 -0.03875476 -0.01947093 0.01155722 -0.04004567 -0.01947093 0.005873799 -0.0404998 -0.01947093 0 -0.003301799 -0.01627153 0.04289299 -0.006373584 -0.01576519 0.04504585 -0.01056802 -0.01467514 0.04789453 -0.01428228 -0.01645398 0.04224866 -0.01623654 -0.01676237 0.03988957 -0.02022653 -0.01638501 0.04662227 -0.02163308 -0.01750975 0.04404497 -0.02595412 -0.01965034 0.04772365 -0.02603918 -0.01978492 0.03718698 -0.03970474 -0.02461946 0.007511258 -0.0290938 -0.02086102 0.03186357 0.03469985 9.99987e-4 0.1495 0.03469985 0 0.1495 0.03469985 -9.99998e-4 0.1495 0.03498572 -9.99998e-4 0.1495 0.03430277 -0.006951034 0.1495 0.03261494 -0.01269865 0.1495 0.02997189 -0.01807421 0.1495 0.02645105 -0.02292031 0.1495 0.02215522 -0.02709496 0.1495 0.01721048 -0.03047615 0.1495 0.01176148 -0.03296446 0.1495 0.005968213 -0.03448724 0.1495 0 -0.03499984 0.1495 -0.006077647 -0.03446823 0.1495 -0.01197052 -0.03288906 0.1495 -0.01749998 -0.03031075 0.1495 -0.02249753 -0.02681154 0.1495 -0.02681154 -0.02249753 0.1495 -0.03031075 -0.01749998 0.1495 -0.03288906 -0.01197057 0.1495 -0.03446823 -0.006077647 0.1495 -0.03499984 0 0.1495 -0.03446823 0.006077647 0.1495 -0.03288906 0.01197057 0.1495 -0.03031075 0.01749998 0.1495 -0.02681154 0.02249753 0.1495 -0.02249753 0.02681154 0.1495 -0.01749998 0.03031075 0.1495 -0.01197052 0.03288912 0.1495 -0.006077647 0.03446823 0.1495 0 0.03499984 0.1495 0.005968213 0.03448724 0.1495 0.01176148 0.03296446 0.1495 0.01721048 0.03047615 0.1495 0.02215522 0.02709496 0.1495 0.02645105 0.02292031 0.1495 0.02997189 0.01807421 0.1495 0.03261494 0.01269865 0.1495 0.03430277 0.006951034 0.1495 0.03498572 9.99987e-4 0.1495 -0.03469985 0 0.1495 -0.03417277 0.006025493 0.1495 -0.03260719 0.011868 0.1495 -0.03005105 0.01734983 0.1495 -0.0265817 0.02230471 0.1495 -0.02230471 0.0265817 0.1495 -0.01734983 0.03005105 0.1495 -0.011868 0.03260719 0.1495 -0.006025493 0.03417283 0.1495 0 0.03469985 0.1495 0.006025493 0.03417283 0.1495 0.011868 0.03260719 0.1495 0.01734989 0.03005105 0.1495 0.02230471 0.0265817 0.1495 0.02658176 0.02230471 0.1495 0.03005105 0.01734983 0.1495 0.03260719 0.011868 0.1495 0.03417283 0.006025493 0.1495 0.03417283 -0.006025493 0.1495 0.03260719 -0.011868 0.1495 0.03005105 -0.01734983 0.1495 0.02658176 -0.02230471 0.1495 0.02230471 -0.0265817 0.1495 0.01734989 -0.03005105 0.1495 0.011868 -0.03260719 0.1495 0.006025493 -0.03417277 0.1495 0 -0.03469985 0.1495 -0.006025493 -0.03417277 0.1495 -0.011868 -0.03260719 0.1495 -0.01734983 -0.03005105 0.1495 -0.02230471 -0.0265817 0.1495 -0.0265817 -0.02230471 0.1495 -0.03005105 -0.01734983 0.1495 -0.03260719 -0.011868 0.1495 -0.03417277 -0.006025493 0.1495 0.03673583 -0.01947093 0.01705068 0.03686577 -0.01742684 0.01676785 0.0369299 -0.01669067 0.01662611 0.03690493 -0.01648408 0.01668155 0.03427428 -0.01647204 0.0215761 0.03069186 -0.01647144 0.0264247 0.02647727 -0.01647102 0.0306465 0.02192932 -0.0164709 0.03404933 0.01693153 -0.01647096 0.03679096 0.01158154 -0.0164709 0.03880882 0.005975008 -0.0164709 0.04005682 0.002989709 -0.01647096 0.04039001 -5.36442e-7 -0.01647025 0.04049998 0 -0.01379525 0.05000001 3.20375e-7 -0.01515549 0.04726749 2.90573e-7 -0.01602745 0.04443198 0 -0.01634621 0.04250127 0.02778548 -0.02370429 0.05000001 0.02750831 -0.02206361 0.04999995 0.02698165 -0.02055794 0.04999989 0.02625221 -0.0192402 0.04999995 0.02553457 -0.0183025 0.04999995 0.02464032 -0.01740497 0.05000001 0.02355962 -0.01657027 0.05000025 0.02244049 -0.01589769 0.05000013 0.02078032 -0.0151425 0.05000013 0.0187264 -0.01448971 0.05000001 0.01574379 -0.01393157 0.05000007 0.008108139 -0.01361709 0.05000019 0.02804708 -0.02465504 0.04446077 0.029082 -0.02571588 0.03902584 0.03134381 -0.02722752 0.0317679 0.03691089 -0.02998489 0.01732265 0.03949081 -0.03107142 0.008666813 0.04022789 -0.03136545 0.004397094 0.04050004 -0.03147107 0 0.04049998 -0.01947093 0 0.04048705 -0.01947093 9.99987e-4 0.03994435 -0.01947093 0.006495416 0.03866672 -0.01947093 0.01184684 0.003301799 -0.01627153 0.04289299 0.01056808 -0.01467514 0.04789453 0.01428246 -0.01645398 0.04224866 0.01623654 -0.01676237 0.03988957 0.02022659 -0.01638501 0.04662227 0.02163314 -0.01750975 0.04404497 0.0259543 -0.01965034 0.04772365 0.02603918 -0.01978492 0.03718698 0.03578293 -0.01706272 0.01900357 0.03970474 -0.02461946 0.007511258 0 -0.04360586 0.03499984 2.23517e-7 -0.0408796 0.04999995 0.00460124 -0.04359376 0.03469675 0.00908029 -0.0434615 0.03380179 0.01343917 -0.04311347 0.03231692 0.01753175 -0.04251277 0.03029263 0.02132022 -0.04170185 0.02775698 0.0247187 -0.04082685 0.02477866 0.02775615 -0.04006284 0.02132093 0.03027272 -0.03961306 0.01756566 0.03230714 -0.03948175 0.01346254 0.03377246 -0.03956151 0.009188532 0.0346958 -0.03970116 0.004604876 0.0349999 -0.03976404 0 0.03727293 -0.03808438 0 0.03855741 -0.03675562 0 0.03942453 -0.0355075 0 0.03997552 -0.03435701 0 0.04031425 -0.03322649 0 0.04045432 -0.0323553 0 0.04050004 -0.03147107 0 0.02778548 -0.02370429 0.05000001 0.02804708 -0.02465504 0.04446077 0.029082 -0.02571588 0.03902584 0.03134381 -0.02722752 0.0317679 0.03691089 -0.02998489 0.01732265 0.03949081 -0.03107142 0.008666813 0.04022789 -0.03136545 0.004397094 0.01022422 -0.04018759 0.04999995 0.01511317 -0.03904443 0.04999995 0.01855373 -0.0376693 0.05000007 0.0209909 -0.03626692 0.04999995 0.02333188 -0.03439569 0.04999995 0.02499479 -0.03254437 0.05000001 0.02624338 -0.03061819 0.04999989 0.02716213 -0.02852195 0.05000001 0.02765339 -0.02659618 0.04999959 0.02780997 -0.02518695 0.04999965 0.03990948 -0.03433126 0.002205789 0.03859591 -0.03626513 0.004511237 0.03828305 -0.03616708 0.006646454 0.03778851 -0.0360803 0.008938133 0.03707289 -0.03616708 0.01108074 0.03598475 -0.0354861 0.01539325 0.03496176 -0.0356906 0.01743036 0.03373384 -0.03614223 0.01928848 0.03172594 -0.03439694 0.02651554 0.03047049 -0.03505307 0.0282287 0.02911531 -0.03589046 0.02971255 0.0283429 -0.03500646 0.03334259 0.02806818 -0.02800738 0.04443442 0.0278331 -0.02909106 0.0444408 0.02745825 -0.03024739 0.0444535 0.03761458 -0.03323322 0.01420581 0.03650039 -0.03303557 0.01736944 0.03599423 -0.03337353 0.01829665 0.032242 -0.03083556 0.02911019 0.03178459 -0.03124225 0.02995759 0.03075784 -0.03130179 0.03249508 0.02972877 -0.03040742 0.03612273 -0.007882714 -0.04661715 0.004693806 -0.007888317 -0.04668313 0.001060009 -0.006032407 -0.04682403 5.27501e-6 -0.006044626 -0.04682332 0 0 -0.04699999 0 0 -0.04360586 0.03499984 -0.03499984 -0.03976404 0 -0.03469574 -0.03970116 0.004604876 -0.03377246 -0.03956151 0.009188473 -0.03230708 -0.03948175 0.01346254 -0.03027272 -0.03961306 0.0175656 -0.02775615 -0.0400629 0.02132093 -0.02471864 -0.04082685 0.02477872 -0.0213201 -0.04170191 0.02775692 -0.01753157 -0.04251277 0.03029263 -0.01343905 -0.04311347 0.03231692 -0.009080231 -0.0434615 0.03380179 -0.004601657 -0.04359382 0.03469651 -0.03077989 -0.04188019 0 -0.02137446 -0.04469609 0 -0.01154035 -0.0463199 0 -0.01153391 -0.04632031 1.62721e-5 -0.01152122 -0.04621362 0.005912542 -0.0113945 -0.04620814 0.006453037 -0.0112937 -0.04620939 0.006711125 -0.01118701 -0.04621422 0.006889224 -0.01109009 -0.04622024 0.007006168 -0.01097381 -0.04622858 0.007114291 -0.01072454 -0.04624795 0.007301092 -0.004194021 -0.04652971 0.01111418 -0.003593683 -0.04653757 0.01131707 -0.003313899 -0.04654335 0.01135945 -0.003078401 -0.04655045 0.01135385 -0.002823293 -0.0465601 0.01130622 -0.002571344 -0.04657191 0.01121807 -0.002334356 -0.04658514 0.01109498 -0.002117455 -0.0465992 0.01094168 -0.001923859 -0.04661458 0.01075696 -0.001763463 -0.04663074 0.01054531 -0.001653373 -0.04664599 0.01033163 -0.001590669 -0.04665815 0.01015406 -0.001537919 -0.04667186 0.009946286 -0.00146836 -0.04669708 0.009548485 -0.001592159 -0.04673188 0.00893861 -0.001693487 -0.04674547 0.008678555 -0.001803219 -0.04675418 0.008499383 -0.001972079 -0.0467621 0.008308827 -0.002158701 -0.04676795 0.008144259 -0.00235486 -0.04677248 0.007989704 -0.001463115 -0.04696744 0.002854943 -0.001653492 -0.04697787 0.002114534 -0.001770198 -0.04697996 0.001864135 -0.001901686 -0.0469805 0.001672804 -0.002049148 -0.04697996 0.001517117 -0.002278745 -0.04697757 0.001341462 -0.002508163 -0.04697412 0.001217365 -0.002728641 -0.04696965 0.00113368 -0.002935588 -0.04696452 0.001082599 -0.003145754 -0.0469588 0.001056492 -0.003357768 -0.046952 0.001055002 -0.003569722 -0.04694455 0.001078188 -0.003775835 -0.04693675 0.001125872 -0.003975391 -0.04692816 0.001197755 -0.004165649 -0.04691952 0.001292467 -0.004343271 -0.04691058 0.001408219 -0.004506886 -0.0469017 0.001544356 -0.004653275 -0.046893 0.001698434 -0.004777908 -0.04688477 0.001868367 -0.004878938 -0.0468772 0.002055585 -0.004952967 -0.04687047 0.002254903 -0.005021095 -0.04686218 0.002552688 -0.005065858 -0.04685431 0.002856016 -0.004875779 -0.04684877 0.003595948 -0.004759073 -0.04684859 0.003846228 -0.004627645 -0.04685008 0.004037499 -0.004480302 -0.04685276 0.004193127 -0.004250884 -0.04685831 0.004368603 -0.004021525 -0.04686439 0.004492521 -0.003801167 -0.04687047 0.004576027 -0.00359416 -0.04687654 0.004626989 -0.003384292 -0.04688292 0.004653096 -0.003172338 -0.0468896 0.004654705 -0.002960443 -0.04689627 0.004631519 -0.00275439 -0.04690319 0.004583716 -0.002554774 -0.04690986 0.004512131 -0.002364516 -0.04691678 0.004417598 -0.002186596 -0.04692327 0.004301965 -0.002023041 -0.04692983 0.004166007 -0.001876533 -0.04693627 0.004011929 -0.001751661 -0.04694235 0.003842175 -0.001650393 -0.04694819 0.003655076 -0.001576304 -0.04695361 0.003455758 -0.001508057 -0.04696089 0.003158152 -0.04049998 -0.03147107 0 -0.04038316 -0.03287231 0 -0.04007154 -0.03409272 0 -0.03962731 -0.03513514 0 -0.03904342 -0.0361101 0 -0.03834408 -0.0370078 0 -0.03755152 -0.03782927 0 -0.03632408 -0.03885912 0 -0.03499984 -0.03976404 0 -0.04000133 -0.03147107 -0.006335556 -0.03851777 -0.03147107 -0.01251506 -0.03608572 -0.03147107 -0.0183866 -0.03276515 -0.03147107 -0.02380526 -0.02863764 -0.03147107 -0.0286377 -0.02380526 -0.03147107 -0.03276515 -0.01838654 -0.03147107 -0.03608572 -0.012515 -0.03147107 -0.03851777 -0.006335556 -0.03147107 -0.04000133 0 -0.03147107 -0.04049998 0 -0.03281307 -0.04039317 0 -0.03408455 -0.04007416 0 -0.03528606 -0.03954797 0 -0.03641808 -0.03882199 0 -0.03748112 -0.03790605 0 -0.03847628 -0.03681242 0 -0.03913646 -0.03594398 0 -0.03976404 -0.03499984 -0.005555987 -0.03976404 -0.03455615 -0.01125854 -0.03976404 -0.03313976 -0.01630705 -0.03976404 -0.03096896 -0.02060461 -0.03976404 -0.02829205 -0.02451229 -0.03976404 -0.02498281 -0.02789729 -0.03976404 -0.02113598 -0.03066009 -0.03976404 -0.01688069 -0.03274244 -0.03976404 -0.01236647 -0.03413188 -0.03976404 -0.007746756 -0.03479069 -0.03976404 -0.003821611 -0.0387116 -0.03608983 -0.005185008 -0.03835481 -0.03608983 -0.007374942 -0.03765892 -0.03608983 -0.01035737 -0.03685283 -0.03608983 -0.01293587 -0.03572773 -0.03608983 -0.01577967 -0.03451216 -0.03608983 -0.01828622 -0.03297507 -0.03608983 -0.0209313 -0.03136634 -0.03608983 -0.02327281 -0.02944564 -0.03608983 -0.02565968 -0.02748614 -0.03608983 -0.02774876 -0.02522087 -0.03608983 -0.02982246 -0.02297526 -0.03608983 -0.03158497 -0.02062076 -0.03608983 -0.03317022 -0.01796478 -0.03608983 -0.0346806 -0.0151686 -0.03608983 -0.03599143 -0.01231664 -0.03608983 -0.03706455 -0.009130179 -0.03608983 -0.03797525 -0.006155014 -0.03608983 -0.03856939 0.03673583 -0.01947093 0.01705068 0.03686577 -0.01742684 0.01676785 0.0369299 -0.01669067 0.01662611 0.03690493 -0.01648408 0.01668155 0.03427428 -0.01647204 0.0215761 0.03069186 -0.01647144 0.0264247 0.02647727 -0.01647102 0.0306465 0.02192932 -0.0164709 0.03404933 0.01693153 -0.01647096 0.03679096 0.01158154 -0.0164709 0.03880882 0.005975008 -0.0164709 0.04005682 0.002989709 -0.01647096 0.04039001 -5.36442e-7 -0.01647025 0.04049998 0.03871572 -0.01947093 0.01188856 0.03997421 -0.01947093 0.006504893 0.04048705 -0.01947093 9.99987e-4 0.04048752 -0.01646107 9.99987e-4 0.03972071 -0.01646107 0.007906436 0.03778439 -0.01646107 0.01458013 0.03473579 -0.01646107 0.02082461 0.03066474 -0.01646107 0.02645593 0.02569085 -0.01646107 0.03130859 0.01996058 -0.01646107 0.03523939 0.01364266 -0.01646107 0.0381329 0.006923258 -0.01646107 0.0399037 0 -0.01646107 0.04049998 -0.03673577 -0.01947093 0.01705068 -0.03875476 -0.01947093 0.01155722 -0.04004567 -0.01947093 0.005873799 -0.0404998 -0.01947093 0 -0.03881222 -0.01947093 0.01156944 -0.04007571 -0.01947093 0.005845904 0 0.03499984 0.1525 0 0.03499984 0.1495 0.005968213 0.03448724 0.1525 0.01176148 0.03296446 0.1525 0.01721048 0.03047615 0.1525 0.02215522 0.02709496 0.1525 0.02645105 0.02292031 0.1525 0.02997189 0.01807421 0.1525 0.03261494 0.01269865 0.1525 0.03430277 0.006951034 0.1525 0.03498572 9.99987e-4 0.1525 0.03498572 9.99987e-4 0.1495 0.005968213 0.03448724 0.1495 0.01176148 0.03296446 0.1495 0.01721048 0.03047615 0.1495 0.02215522 0.02709496 0.1495 0.02645105 0.02292031 0.1495 0.02997189 0.01807421 0.1495 0.03261494 0.01269865 0.1495 0.03430277 0.006951034 0.1495 0.03673583 -0.01947093 0.01705068 0.03871572 -0.01947093 0.01188856 0.03997421 -0.01947093 0.006504893 0.04048705 -0.01947093 9.99987e-4 0.03994435 -0.01947093 0.006495416 0.03866672 -0.01947093 0.01184684 0.007694721 -0.04669892 0.001061916 0.007688105 -0.04663306 0.004695594 0.002158999 -0.04677593 0.007990002 0.001617372 -0.04675436 0.008533477 0.001461029 -0.04674321 0.008762419 0.001363039 -0.04673188 0.008973658 0.001303911 -0.04672044 0.009180366 0.001269519 -0.04670351 0.009467959 0.001279473 -0.0466876 0.009729206 0.001319587 -0.04667276 0.009962081 0.001380801 -0.04665923 0.01016688 0.001465082 -0.04664582 0.01036155 0.001571476 -0.04663276 0.01054555 0.00169909 -0.04662007 0.01071715 0.001845002 -0.04660791 0.01087129 0.002008259 -0.04659628 0.01100742 0.002186477 -0.0465855 0.01112437 0.002376914 -0.04657572 0.01121968 0.002577722 -0.04656666 0.01129245 0.002785623 -0.04655855 0.01134151 0.002996206 -0.04655194 0.01136344 0.003209531 -0.04654657 0.01135653 0.003419995 -0.04654306 0.01131969 0.003712475 -0.0465399 0.01122874 0.003997743 -0.04653733 0.01111495 0.01052999 -0.04626899 0.007303953 0.0109511 -0.04624027 0.006901562 0.01111209 -0.04623085 0.00669378 0.01120543 -0.04622697 0.006523132 0.01125437 -0.04622668 0.006388664 0.01128911 -0.04622858 0.006236076 0.01132708 -0.04623609 0.005915582 0.01134127 -0.04634279 1.90437e-5 0.01133412 -0.04634392 0 0.02229684 -0.04448825 0 0.02889198 -0.04259908 0 0.03223145 -0.0412479 0 0.0349999 -0.03976404 0 0 -0.04360586 0.03499984 0.00460124 -0.04359376 0.03469675 0.00908029 -0.0434615 0.03380179 0.01343917 -0.04311347 0.03231692 0.01753175 -0.04251277 0.03029263 0.02132022 -0.04170185 0.02775698 0.0247187 -0.04082685 0.02477866 0.02775615 -0.04006284 0.02132093 0.03027272 -0.03961306 0.01756566 0.03230714 -0.03948175 0.01346254 0.03377246 -0.03956151 0.009188532 0.0346958 -0.03970116 0.004604876 0 -0.04699999 0 0.005649209 -0.04684793 0 0.005832195 -0.04683685 3.09944e-6 0.004871368 -0.0468645 0.002857089 0.004843235 -0.04687154 0.002549171 0.00476402 -0.0468803 0.002249956 0.004636943 -0.04689037 0.001968443 0.004482984 -0.04690062 0.00173676 0.004314005 -0.04691052 0.001551151 0.004121184 -0.04692041 0.00139153 0.003908038 -0.04693049 0.001259744 0.003693461 -0.04693955 0.001164019 0.00348109 -0.04694753 0.00110054 0.003262281 -0.04695504 0.001063764 0.003040969 -0.0469619 0.001054108 0.002819061 -0.0469678 0.001071751 0.002601802 -0.04697281 0.001115739 0.002392113 -0.0469768 0.001185834 0.002191305 -0.04697978 0.001282215 0.002005279 -0.04698181 0.001402199 0.001835465 -0.04698282 0.001544535 0.001682758 -0.04698294 0.001706719 0.001552045 -0.04698204 0.001884818 0.001444101 -0.0469805 0.002079248 0.001361191 -0.04697829 0.00228554 0.001304507 -0.04697525 0.002499878 0.001277804 -0.04697233 0.002677619 0.001268804 -0.04696893 0.002857804 0.001283824 -0.0469641 0.003093123 0.00132972 -0.04695898 0.003323197 0.001406252 -0.0469532 0.003546774 0.001510441 -0.04694712 0.003757238 0.001641035 -0.04694074 0.003953099 0.001796126 -0.046934 0.004131019 0.001972854 -0.04692733 0.004285812 0.002169013 -0.04692029 0.004416346 0.002380013 -0.04691344 0.004519999 0.002602696 -0.04690641 0.004595637 0.002833664 -0.04689931 0.004642367 0.003068089 -0.04689258 0.004658401 0.003303647 -0.04688584 0.004642844 0.003534615 -0.04687952 0.004596889 0.003757119 -0.04687374 0.004521727 0.003969371 -0.04686868 0.004417777 0.004164457 -0.04686433 0.004287362 0.004340827 -0.04686093 0.004131317 0.004495799 -0.04685842 0.003953218 0.004626572 -0.04685717 0.003757596 0.004732191 -0.04685705 0.003546059 0.00480926 -0.04685831 0.003324449 0.004856169 -0.04686075 0.003094196 0.0349999 -0.03976404 0 0.03455615 -0.03976404 -0.005556166 0.03313976 -0.03976404 -0.01125854 0.03096896 -0.03976404 -0.01630705 0.02829211 -0.03976404 -0.02060461 0.02498281 -0.03976404 -0.02451229 0.02113598 -0.03976404 -0.02789729 0.01688069 -0.03976404 -0.03066009 0.01236653 -0.03976404 -0.03274244 0.007746756 -0.03976404 -0.03413188 0.003821611 -0.03976404 -0.03479069 0 -0.03976404 -0.03499984 0 -0.03147107 -0.04049998 0 -0.03281307 -0.04039317 0 -0.03408455 -0.04007416 0 -0.03528606 -0.03954797 0 -0.03641808 -0.03882199 0 -0.03748112 -0.03790605 0 -0.03847628 -0.03681242 0 -0.03913646 -0.03594398 0.04050004 -0.03147107 0 0.04000139 -0.03147107 -0.006335556 0.03851777 -0.03147107 -0.01251506 0.03608578 -0.03147107 -0.0183866 0.03276515 -0.03147107 -0.02380526 0.0286377 -0.03147107 -0.0286377 0.02380532 -0.03147107 -0.03276515 0.0183866 -0.03147107 -0.03608572 0.01251506 -0.03147107 -0.03851777 0.006335556 -0.03147107 -0.04000133 0.03727293 -0.03808438 0 0.03855741 -0.03675562 0 0.03942453 -0.0355075 0 0.03997552 -0.03435701 0 0.04031425 -0.03322649 0 0.04045432 -0.0323553 0 0.005185008 -0.03608983 -0.0387116 0.007374942 -0.03608983 -0.03835481 0.01035743 -0.03608983 -0.03765892 0.01293587 -0.03608983 -0.03685283 0.01577973 -0.03608983 -0.03572779 0.01828622 -0.03608983 -0.03451216 0.0209313 -0.03608983 -0.03297507 0.02327287 -0.03608983 -0.03136634 0.02565973 -0.03608983 -0.02944564 0.02774876 -0.03608983 -0.02748614 0.02982252 -0.03608983 -0.02522087 0.03158497 -0.03608983 -0.02297532 0.03317028 -0.03608983 -0.02062076 0.0346806 -0.03608983 -0.01796478 0.03599143 -0.03608983 -0.0151686 0.03706455 -0.03608983 -0.01231664 0.03797525 -0.03608983 -0.009130239 0.03856939 -0.03608983 -0.006155014 -0.005065858 -0.04685431 0.002856016 -0.004875779 -0.04684877 0.003595948 -0.004759073 -0.04684859 0.003846228 -0.004627645 -0.04685008 0.004037499 -0.004480302 -0.04685276 0.004193127 -0.004250884 -0.04685831 0.004368603 -0.004021525 -0.04686439 0.004492521 -0.003801167 -0.04687047 0.004576027 -0.00359416 -0.04687654 0.004626989 -0.003384292 -0.04688292 0.004653096 -0.003172338 -0.0468896 0.004654705 -0.002960443 -0.04689627 0.004631519 -0.00275439 -0.04690319 0.004583716 -0.002554774 -0.04690986 0.004512131 -0.002364516 -0.04691678 0.004417598 -0.002186596 -0.04692327 0.004301965 -0.002023041 -0.04692983 0.004166007 -0.001876533 -0.04693627 0.004011929 -0.001751661 -0.04694235 0.003842175 -0.001650393 -0.04694819 0.003655076 -0.001576304 -0.04695361 0.003455758 -0.001508057 -0.04696089 0.003158152 -0.001463115 -0.04696744 0.002854943 -0.005049884 -0.04655492 0.002850413 -0.004860699 -0.0465492 0.003588378 -0.004744589 -0.04654896 0.003837943 -0.004613757 -0.04655045 0.004028797 -0.00446707 -0.04655313 0.004184246 -0.004238486 -0.04655838 0.004359543 -0.004009962 -0.0465644 0.004483342 -0.003790259 -0.04657042 0.004566848 -0.003583908 -0.04657644 0.004617929 -0.003374636 -0.04658257 0.004643917 -0.003163278 -0.04658913 0.004645407 -0.00295192 -0.04659599 0.00462234 -0.002746522 -0.04660284 0.004574656 -0.002547562 -0.04660964 0.004502892 -0.0023579 -0.04661655 0.004408419 -0.002180755 -0.04662317 0.004292786 -0.002017796 -0.04662972 0.004157066 -0.001871824 -0.04663628 0.004003286 -0.001747429 -0.04664236 0.00383383 -0.001646757 -0.04664826 0.003647208 -0.001573026 -0.04665368 0.003448188 -0.001505017 -0.04666095 0.003151476 -0.001460433 -0.04666751 0.002849102 -0.001460433 -0.04666751 0.002849102 -0.001463115 -0.04696744 0.002854943 -0.001649737 -0.04667788 0.002110898 -0.001766026 -0.04667991 0.001861155 -0.001896858 -0.04668039 0.001670122 -0.002043664 -0.04667979 0.001514554 -0.002272367 -0.04667735 0.001339197 -0.002500951 -0.04667353 0.0012151 -0.002720654 -0.046669 0.001131594 -0.002927184 -0.04666399 0.001080513 -0.003136575 -0.04665809 0.001054406 -0.003347933 -0.0466516 0.001052916 -0.00355947 -0.04664421 0.001075983 -0.003764927 -0.04663634 0.001123726 -0.003963828 -0.04662793 0.001195669 -0.00415343 -0.04661941 0.001290202 -0.004330456 -0.04661059 0.001405954 -0.004493296 -0.04660183 0.001541793 -0.004639089 -0.04659312 0.001695752 -0.004763126 -0.04658508 0.001865327 -0.004863858 -0.04657757 0.002052128 -0.00493741 -0.04657083 0.002251029 -0.0050053 -0.04656267 0.002547979 -0.005049884 -0.04655492 0.002850413 -0.005065858 -0.04685431 0.002856016 -0.001653492 -0.04697787 0.002114534 -0.001770198 -0.04697996 0.001864135 -0.001901686 -0.0469805 0.001672804 -0.002049148 -0.04697996 0.001517117 -0.002278745 -0.04697757 0.001341462 -0.002508163 -0.04697412 0.001217365 -0.002728641 -0.04696965 0.00113368 -0.002935588 -0.04696452 0.001082599 -0.003145754 -0.0469588 0.001056492 -0.003357768 -0.046952 0.001055002 -0.003569722 -0.04694455 0.001078188 -0.003775835 -0.04693675 0.001125872 -0.003975391 -0.04692816 0.001197755 -0.004165649 -0.04691952 0.001292467 -0.004343271 -0.04691058 0.001408219 -0.004506886 -0.0469017 0.001544356 -0.004653275 -0.046893 0.001698434 -0.004777908 -0.04688477 0.001868367 -0.004878938 -0.0468772 0.002055585 -0.004952967 -0.04687047 0.002254903 -0.005021095 -0.04686218 0.002552688 -0.007863461 -0.04638427 0.001057982 -0.006013095 -0.04652476 5.27501e-6 -0.006032407 -0.04682403 5.27501e-6 -0.007888317 -0.04668313 0.001060009 -0.007858037 -0.04631847 0.004684925 -0.007863461 -0.04638427 0.001057982 -0.007888317 -0.04668313 0.001060009 -0.007882714 -0.04661715 0.004693806 -0.002349257 -0.04647272 0.007974267 -0.007858037 -0.04631847 0.004684925 -0.007882714 -0.04661715 0.004693806 -0.00235486 -0.04677248 0.007989704 -0.001465797 -0.0463978 0.009530305 -0.001589119 -0.04643249 0.008921742 -0.00169003 -0.0464459 0.008662223 -0.001799345 -0.04645448 0.00848335 -0.001967549 -0.04646241 0.008293092 -0.002153635 -0.04646819 0.008128643 -0.002349257 -0.04647272 0.007974267 -0.00235486 -0.04677248 0.007989704 -0.00146836 -0.04669708 0.009548485 -0.001592159 -0.04673188 0.00893861 -0.001693487 -0.04674547 0.008678555 -0.001803219 -0.04675418 0.008499383 -0.001972079 -0.0467621 0.008308827 -0.002158701 -0.04676795 0.008144259 -0.004181981 -0.04623079 0.01109361 -0.003583431 -0.0462386 0.01129615 -0.003304362 -0.04624426 0.01133841 -0.003069639 -0.04625111 0.01133275 -0.002815127 -0.04626095 0.01128488 -0.002564251 -0.04627269 0.01119667 -0.002328038 -0.04628568 0.01107358 -0.002111971 -0.04629999 0.01092022 -0.00191915 -0.04631537 0.01073586 -0.001759529 -0.04633152 0.01052457 -0.001650035 -0.04634678 0.01031124 -0.00158751 -0.04635888 0.01013422 -0.001535058 -0.04637259 0.009926974 -0.001465797 -0.0463978 0.009530305 -0.00146836 -0.04669708 0.009548485 -0.004194021 -0.04652971 0.01111418 -0.003593683 -0.04653757 0.01131707 -0.003313899 -0.04654335 0.01135945 -0.003078401 -0.04655045 0.01135385 -0.002823293 -0.0465601 0.01130622 -0.002571344 -0.04657191 0.01121807 -0.002334356 -0.04658514 0.01109498 -0.002117455 -0.0465992 0.01094168 -0.001923859 -0.04661458 0.01075696 -0.001763463 -0.04663074 0.01054531 -0.001653373 -0.04664599 0.01033163 -0.001590669 -0.04665815 0.01015406 -0.001537919 -0.04667186 0.009946286 -0.01069194 -0.04595023 0.007287979 -0.004181981 -0.04623079 0.01109361 -0.004194021 -0.04652971 0.01111418 -0.01072454 -0.04624795 0.007301092 -0.01148647 -0.04591602 0.005901873 -0.01135993 -0.04591023 0.006441116 -0.01125967 -0.04591161 0.006698787 -0.01115334 -0.04591625 0.006876647 -0.01105672 -0.04592227 0.006993353 -0.01094061 -0.04593086 0.007101297 -0.01069194 -0.04595023 0.007287979 -0.01072454 -0.04624795 0.007301092 -0.01152122 -0.04621362 0.005912542 -0.0113945 -0.04620814 0.006453037 -0.0112937 -0.04620939 0.006711125 -0.01118701 -0.04621422 0.006889224 -0.01109009 -0.04622024 0.007006168 -0.01097381 -0.04622858 0.007114291 -0.01149898 -0.04602247 1.62423e-5 -0.01148647 -0.04591602 0.005901873 -0.01152122 -0.04621362 0.005912542 -0.01153391 -0.04632031 1.62721e-5 -0.01150524 -0.04602181 0 -0.01149898 -0.04602247 1.62423e-5 -0.01153391 -0.04632031 1.62721e-5 -0.01154035 -0.0463199 0 -0.01151674 -0.04617142 7.16746e-6 -0.001450479 -0.04693669 -0.003601551 -0.001447439 -0.04633539 -0.01131606 -0.001541972 -0.04628288 -0.01175248 -0.001637518 -0.04624444 -0.01205998 -0.001755118 -0.04621148 -0.01231145 -0.001887977 -0.04618489 -0.01250356 -0.00203675 -0.04616224 -0.01265949 -0.002268493 -0.04613471 -0.01283556 -0.002500176 -0.04611313 -0.01295989 -0.002722859 -0.04609638 -0.01304376 -0.002932131 -0.04608368 -0.0130949 -0.003144383 -0.04607391 -0.01312088 -0.0033589 -0.0460667 -0.01312232 -0.003573358 -0.04606235 -0.01309901 -0.003781974 -0.04606086 -0.01305103 -0.003984451 -0.04606235 -0.01297885 -0.004177451 -0.04606688 -0.01288384 -0.004357874 -0.04607415 -0.01276749 -0.004524052 -0.0460841 -0.01263082 -0.004672646 -0.04609674 -0.01247584 -0.004799306 -0.046112 -0.01230502 -0.004901409 -0.04613012 -0.01211637 -0.004976451 -0.04615062 -0.01191532 -0.005046725 -0.04618251 -0.01161605 -0.00509423 -0.04621523 -0.01131099 -0.00510329 -0.04675889 -0.004750192 -0.01074916 -0.04639792 -0.00153625 -0.01114666 -0.04635864 -0.001164138 -0.01131641 -0.04634135 -9.5199e-4 -0.0114153 -0.04633164 -7.73489e-4 -0.01146674 -0.04632651 -6.33165e-4 -0.01150035 -0.04632347 -4.80577e-4 -0.01153457 -0.04632049 -1.75551e-4 -0.01154035 -0.0463199 0 -0.03499984 -0.03976404 0 -0.03077989 -0.04188019 0 -0.02137446 -0.04469609 0 0 -0.03976404 -0.03499984 -0.005555987 -0.03976404 -0.03455615 -0.01125854 -0.03976404 -0.03313976 -0.01630705 -0.03976404 -0.03096896 -0.02060461 -0.03976404 -0.02829205 -0.02451229 -0.03976404 -0.02498281 -0.02789729 -0.03976404 -0.02113598 -0.03066009 -0.03976404 -0.01688069 -0.03274244 -0.03976404 -0.01236647 -0.03413188 -0.03976404 -0.007746756 -0.03479069 -0.03976404 -0.003821611 0 -0.04183161 -0.03089928 0 -0.04347908 -0.02616363 0 -0.04530805 -0.01832515 0 -0.0465514 -0.009384393 0 -0.04699999 0 0 -0.04699999 0 -0.006044626 -0.04682332 0 -0.002329826 -0.04696273 -0.002094805 -0.001881957 -0.04696279 -0.002503514 -0.001692414 -0.04696023 -0.002738595 -0.001592457 -0.04695677 -0.002916932 -0.001535654 -0.04695326 -0.003070712 -0.00149399 -0.04694813 -0.003252387 -0.009237885 -0.04584568 -0.0119341 -0.009689271 -0.04573041 -0.01253318 -0.009889483 -0.04568803 -0.01271575 -0.01008087 -0.04565334 -0.01283937 -0.01027375 -0.04562288 -0.01292467 -0.01054894 -0.04558503 -0.01299631 -0.01080507 -0.04555463 -0.01302129 -0.01103764 -0.04553043 -0.01301306 -0.0112462 -0.04551166 -0.01298022 -0.0114482 -0.04549604 -0.01292347 -0.01164269 -0.04548388 -0.01284372 -0.01182812 -0.04547542 -0.01274144 -0.01199907 -0.04547047 -0.01261901 -0.01215475 -0.04546952 -0.01247727 -0.01229351 -0.04547226 -0.01231837 -0.01241302 -0.04547876 -0.01214468 -0.01251178 -0.04548889 -0.01195788 -0.01258832 -0.0455026 -0.011761 -0.01263892 -0.04551959 -0.01155859 -0.01266181 -0.04554069 -0.01134943 -0.01265501 -0.04556488 -0.01113963 -0.0126056 -0.04560363 -0.0108428 -0.01253241 -0.0456438 -0.01055008 -0.01087808 -0.04617869 -0.006542742 -0.01043689 -0.04626327 -0.005952954 -0.01028966 -0.04628723 -0.00581032 -0.01012772 -0.04631114 -0.005687654 -0.00995028 -0.04633492 -0.005590558 -0.009714961 -0.04636323 -0.005506277 -0.009487211 -0.04638803 -0.005461335 -0.009284257 -0.04640835 -0.005446434 -0.009046375 -0.04643005 -0.005457818 -0.008845329 -0.04644656 -0.005491793 -0.008651971 -0.04646068 -0.005547285 -0.008466184 -0.04647266 -0.005623817 -0.008289575 -0.04648238 -0.005720615 -0.008123993 -0.04648935 -0.005836904 -0.007973909 -0.04649364 -0.005970299 -0.007840037 -0.04649525 -0.006120145 -0.007723331 -0.04649406 -0.006284475 -0.007625401 -0.04649037 -0.006460726 -0.007546961 -0.04648393 -0.006646752 -0.007489383 -0.04647493 -0.006840527 -0.00745511 -0.04646337 -0.007039487 -0.00744313 -0.04644948 -0.007241547 -0.007470369 -0.04642355 -0.007555425 -0.007515013 -0.04640573 -0.007739484 -0.007578611 -0.04638588 -0.007926225 -0.006032407 -0.04682403 5.27501e-6 -0.006044626 -0.04682332 0 -0.006013095 -0.04652476 5.27501e-6 -0.006025314 -0.04652386 0 -0.006019115 -0.04667454 8.79168e-7 -0.006023943 -0.04674953 8.79168e-7 -0.006028652 -0.04678678 4.76837e-7 -0.00602442 -0.04676818 1.16229e-6 -0.006019592 -0.04669344 1.16229e-6 -0.006014287 -0.04659986 8.79168e-7 -0.006014168 -0.04656225 4.76837e-7 -0.00601238 -0.04658102 1.16229e-6 -0.006031215 -0.04681468 4.02331e-7 -0.006026566 -0.04679632 1.01328e-6 -0.006023347 -0.04674017 3.30806e-6 -0.006022036 -0.04673075 1.16229e-6 -0.006020367 -0.04671216 1.50502e-6 -0.006022334 -0.04674023 1.3262e-6 -0.006017506 -0.04666537 1.3262e-6 -0.006017208 -0.04665601 1.16229e-6 -0.006014764 -0.04661858 1.16229e-6 -0.006015539 -0.04663723 1.50502e-6 -0.00601387 -0.04660928 1.3262e-6 -0.00601381 -0.04659032 3.30806e-6 -0.006013095 -0.04653418 4.02331e-7 -0.00601089 -0.04655295 1.01328e-6 -0.006027579 -0.0468102 9.53674e-7 -0.006027162 -0.04681497 1.3262e-6 -0.006026208 -0.04680103 1.41561e-6 -0.006027281 -0.04680562 2.98023e-6 -0.006028175 -0.04681485 3.30806e-6 -0.006026983 -0.04681026 2.5481e-6 -0.006023347 -0.04675424 1.2517e-6 -0.006023824 -0.04676347 1.41561e-6 -0.006021857 -0.04673558 1.60933e-6 -0.006021559 -0.04673075 1.50502e-6 -0.006021857 -0.04673075 2.41399e-6 -0.006022274 -0.04673552 2.5481e-6 -0.00602138 -0.0467261 1.41561e-6 -0.006020963 -0.04672139 1.71363e-6 -0.00602144 -0.0467261 2.27988e-6 -0.006020486 -0.04671216 2.41399e-6 -0.006019771 -0.04669809 2.5481e-6 -0.006018579 -0.04667931 1.2517e-6 -0.006018996 -0.04668879 1.41561e-6 -0.0060184 -0.0466746 1.16229e-6 -0.006017923 -0.0466746 1.50502e-6 -0.006017327 -0.04666543 1.69873e-6 -0.006017029 -0.04666072 1.60933e-6 -0.006016731 -0.04665607 1.92225e-6 -0.006016731 -0.04665601 1.50502e-6 -0.006016731 -0.04665607 1.69873e-6 -0.006016552 -0.04665136 1.41561e-6 -0.006016135 -0.04664671 1.69873e-6 -0.006014764 -0.04662317 1.41561e-6 -0.006014943 -0.04662787 1.69873e-6 -0.006014943 -0.04662317 2.5481e-6 -0.006014049 -0.04661393 1.60933e-6 -0.006014347 -0.04661864 1.50502e-6 -0.00601381 -0.04660457 2.5481e-6 -0.006013393 -0.04659992 2.41399e-6 -0.006013095 -0.04659509 1.2517e-6 -0.006012797 -0.04659509 2.04146e-6 -0.00601238 -0.04658573 1.41561e-6 -0.006012201 -0.04658573 2.04146e-6 -0.006012797 -0.04659044 2.41399e-6 -0.006011784 -0.04657644 2.27988e-6 -0.006009936 -0.0465483 2.27988e-6 -0.006010234 -0.04653424 3.29316e-6 -0.006010115 -0.04653894 9.53674e-7 -0.006009936 -0.0465483 1.41561e-6 -0.006009519 -0.04653894 2.5481e-6 -0.006009519 -0.04654365 1.92225e-6 -0.006009042 -0.04653429 1.3262e-6 -0.006031811 -0.04682183 3.8743e-7 -0.006028175 -0.04681736 9.23872e-7 -0.006028652 -0.04682201 3.21865e-6 -0.00602746 -0.04681742 2.47359e-6 -0.006027102 -0.04681497 2.16067e-6 -0.006026685 -0.04680806 1.37091e-6 -0.006026208 -0.04680341 1.65403e-6 -0.006025791 -0.04679638 2.16067e-6 -0.00602591 -0.0467987 1.98185e-6 -0.006026268 -0.04680103 2.27988e-6 -0.006023943 -0.04676818 1.92225e-6 -0.006024539 -0.0467776 1.71363e-6 -0.006023228 -0.04675662 1.46031e-6 -0.006023347 -0.04675889 1.71363e-6 -0.006023347 -0.04675424 2.5481e-6 -0.006023049 -0.04674959 2.41399e-6 -0.00602287 -0.04674714 1.2815e-6 -0.006023228 -0.04674959 1.16229e-6 -0.006022334 -0.04674243 1.56462e-6 -0.006022632 -0.04674243 2.47359e-6 -0.006022453 -0.04674494 1.81794e-6 -0.006022274 -0.04674023 2.16067e-6 -0.006021857 -0.04673558 2.04146e-6 -0.006021559 -0.04673075 1.92225e-6 -0.006021976 -0.04673779 1.86265e-6 -0.006021559 -0.04673075 1.71363e-6 -0.006020665 -0.04671674 2.04146e-6 -0.006021142 -0.0467239 1.98185e-6 -0.00601989 -0.04670506 1.98185e-6 -0.006018996 -0.04669106 2.10106e-6 -0.006019175 -0.04669344 1.92225e-6 -0.006018519 -0.04668176 1.46031e-6 -0.006018519 -0.04668396 1.71363e-6 -0.0060184 -0.04668176 2.10106e-6 -0.006016612 -0.04665356 1.65403e-6 -0.00601536 -0.04663497 2.10106e-6 -0.006015062 -0.04663032 1.98185e-6 -0.006014764 -0.04662561 2.10106e-6 -0.006014645 -0.04662317 1.92225e-6 -0.006014347 -0.04661864 1.69873e-6 -0.006014466 -0.04662096 1.65403e-6 -0.006014347 -0.04661864 1.92225e-6 -0.006013751 -0.04660928 2.04146e-6 -0.006013572 -0.04660683 1.86265e-6 -0.006013393 -0.04660457 1.81794e-6 -0.006013572 -0.04660677 1.54972e-6 -0.006013572 -0.04660212 1.2815e-6 -0.006013572 -0.04659986 1.16229e-6 -0.006013453 -0.04660457 2.16067e-6 -0.006012797 -0.04659289 1.46031e-6 -0.006012499 -0.04659044 1.69873e-6 -0.006012499 -0.04659044 2.04146e-6 -0.006012201 -0.04658573 1.69873e-6 -0.006012082 -0.04658353 1.54972e-6 -0.006011605 -0.04656934 1.13249e-6 -0.006011903 -0.04656243 8.79168e-7 -0.006011128 -0.0465694 1.86265e-6 -0.006011188 -0.04656243 1.16229e-6 -0.006011188 -0.0465694 1.46031e-6 -0.006010711 -0.04656249 1.50502e-6 -0.006010234 -0.04655534 1.86265e-6 -0.006009936 -0.04655081 1.98185e-6 -0.006010115 -0.04655313 1.69873e-6 -0.006009519 -0.04654145 1.37091e-6 -0.006009638 -0.0465461 1.65403e-6 -0.006009817 -0.04653203 9.08971e-7 -0.006012797 -0.04652702 3.8743e-7 -0.006009042 -0.04653209 2.47359e-6 -0.006008923 -0.04653429 2.16067e-6 -0.006009638 -0.0465272 3.21865e-6 -0.006028473 -0.04682075 8.9407e-7 -0.00602746 -0.04681855 1.3113e-6 -0.00602746 -0.04681742 1.20699e-6 -0.006027162 -0.04681742 1.56462e-6 -0.006027579 -0.04682081 2.44379e-6 -0.006027281 -0.04681962 1.81794e-6 -0.006027162 -0.04681742 1.98185e-6 -0.006026983 -0.04681617 1.84774e-6 -0.006026983 -0.04681497 1.71363e-6 -0.006026864 -0.0468139 1.57952e-6 -0.006026983 -0.04681158 1.35601e-6 -0.006026983 -0.04681026 1.2517e-6 -0.006026685 -0.04681026 1.60933e-6 -0.006027281 -0.0468139 2.5183e-6 -0.006026804 -0.04681277 1.86265e-6 -0.006026685 -0.04681026 2.04146e-6 -0.006026566 -0.04680913 1.89245e-6 -0.006026387 -0.04680693 1.63913e-6 -0.006026387 -0.04680562 1.92225e-6 -0.006026387 -0.04680442 2.25008e-6 -0.006026089 -0.04680103 1.60933e-6 -0.006026089 -0.04680222 1.95205e-6 -0.006026089 -0.04680103 1.81794e-6 -0.00602591 -0.04679977 1.68383e-6 -0.006025791 -0.04679757 1.62423e-6 -0.006025791 -0.04679638 1.71363e-6 -0.00602591 -0.04679638 1.3262e-6 -0.006025791 -0.04679507 1.40071e-6 -0.006025612 -0.04679507 1.57952e-6 -0.006025612 -0.04679054 1.3113e-6 -0.006025195 -0.04678702 1.50502e-6 -0.006025612 -0.04678696 1.16229e-6 -0.006026268 -0.04678696 8.79168e-7 -0.006025493 -0.04679054 1.49012e-6 -0.006025493 -0.04679167 1.81794e-6 -0.006025612 -0.04679393 1.86265e-6 -0.006025791 -0.04678225 9.53674e-7 -0.006025195 -0.04678231 1.2517e-6 -0.006025016 -0.04678231 1.41561e-6 -0.00602442 -0.04677283 1.41561e-6 -0.006024003 -0.04676699 1.40071e-6 -0.006023824 -0.04676598 1.65403e-6 -0.006024003 -0.04676818 1.50502e-6 -0.006023943 -0.04676818 1.71363e-6 -0.006023228 -0.04675662 2.10106e-6 -0.006023049 -0.0467543 2.04146e-6 -0.006023049 -0.04675543 1.72853e-6 -0.006023049 -0.04675298 1.49012e-6 -0.006023049 -0.0467543 1.60933e-6 -0.006023049 -0.0467543 1.81794e-6 -0.00602293 -0.04675078 1.44541e-6 -0.006022751 -0.04674959 1.50502e-6 -0.00602293 -0.04675179 1.75834e-6 -0.006023049 -0.04675298 2.13087e-6 -0.00602287 -0.04675078 2.07126e-6 -0.006022751 -0.04674959 1.92225e-6 -0.006022632 -0.04674834 1.68383e-6 -0.006022751 -0.04674959 1.71363e-6 -0.006022632 -0.04674834 1.89245e-6 -0.006022572 -0.04674607 1.53482e-6 -0.006022632 -0.04674714 1.46031e-6 -0.006022334 -0.04674243 1.98185e-6 -0.006022155 -0.0467413 1.83284e-6 -0.006022155 -0.04674023 1.71363e-6 -0.006022036 -0.0467391 1.57952e-6 -0.006022453 -0.04673904 2.5183e-6 -0.006021857 -0.04673558 1.81794e-6 -0.006021559 -0.04672968 1.40071e-6 -0.00602144 -0.04672855 1.65403e-6 -0.00602144 -0.04672974 2.01166e-6 -0.006021261 -0.0467261 1.60933e-6 -0.006021261 -0.04672724 1.95205e-6 -0.006021261 -0.0467261 1.81794e-6 -0.006021142 -0.04672503 1.68383e-6 -0.006020486 -0.04671454 1.75834e-6 -0.006020367 -0.04671216 1.71363e-6 -0.006019592 -0.04669916 1.53482e-6 -0.006020069 -0.04670864 1.72853e-6 -0.006019294 -0.04669451 1.44541e-6 -0.006019294 -0.0466957 1.75834e-6 -0.006019473 -0.04669696 2.13087e-6 -0.006019175 -0.04669344 1.50502e-6 -0.006019115 -0.04669231 1.57952e-6 -0.006018877 -0.04668986 1.72853e-6 -0.0060184 -0.04668176 1.75834e-6 -0.00601834 -0.04668051 1.62423e-6 -0.006018102 -0.04667824 1.78814e-6 -0.006016731 -0.04665488 1.40071e-6 -0.00601536 -0.04663616 1.78814e-6 -0.0060153 -0.04663378 1.72853e-6 -0.006014645 -0.04662448 1.72853e-6 -0.006014645 -0.04662317 1.65403e-6 -0.006014585 -0.04661977 1.40071e-6 -0.006014585 -0.04662203 2.07126e-6 -0.00601387 -0.04661148 1.81794e-6 -0.006013572 -0.04660809 1.78814e-6 -0.006013751 -0.04660928 1.65403e-6 -0.006013393 -0.04660344 1.53482e-6 -0.006013393 -0.04660212 1.46031e-6 -0.006013274 -0.04660344 1.78814e-6 -0.006013095 -0.04660093 1.68383e-6 -0.006013095 -0.04659992 1.69873e-6 -0.006013095 -0.04659992 1.50502e-6 -0.006013095 -0.04659873 1.44541e-6 -0.006013095 -0.04659873 2.07126e-6 -0.006013095 -0.04659992 1.92225e-6 -0.006012976 -0.04659754 1.75834e-6 -0.006012976 -0.04659628 1.49012e-6 -0.006012797 -0.04659509 1.60933e-6 -0.006012797 -0.04659509 1.80304e-6 -0.006012678 -0.04659408 1.72853e-6 -0.006012499 -0.04659157 1.72853e-6 -0.006012082 -0.0465846 1.78814e-6 -0.006011784 -0.04657888 1.65403e-6 -0.006012022 -0.04657989 1.40071e-6 -0.006011724 -0.04657769 1.95205e-6 -0.006011605 -0.04657405 1.37091e-6 -0.006011307 -0.04657304 1.83284e-6 -0.006011188 -0.0465694 1.65403e-6 -0.006010711 -0.04655885 1.3113e-6 -0.006010532 -0.04655885 1.49012e-6 -0.006010234 -0.04655414 1.38581e-6 -0.006010234 -0.04655313 1.3262e-6 -0.006010234 -0.0465542 1.57952e-6 -0.006009936 -0.04655194 1.62423e-6 -0.006009817 -0.04654949 1.68383e-6 -0.006009817 -0.04654836 1.60933e-6 -0.006009817 -0.04654836 1.80304e-6 -0.006009757 -0.04654729 1.95205e-6 -0.006009459 -0.04654258 1.62423e-6 -0.006009519 -0.04653894 1.2368e-6 -0.006009221 -0.04654026 1.89245e-6 -0.00600934 -0.04653781 1.35601e-6 -0.006009221 -0.046539 1.60933e-6 -0.006009221 -0.046539 2.04146e-6 -0.006009042 -0.04653674 1.86265e-6 -0.006008923 -0.04653561 1.57952e-6 -0.006008923 -0.04653429 1.69873e-6 -0.006009161 -0.04653203 1.20699e-6 -0.00600934 -0.04653555 2.5034e-6 -0.006008744 -0.04653316 1.83284e-6 -0.006008923 -0.0465309 1.3113e-6 -0.006008744 -0.04653209 1.54972e-6 -0.006009638 -0.04652839 8.9407e-7 -0.006008744 -0.04653209 1.98185e-6 -0.006008565 -0.04652971 1.80304e-6 -0.006008744 -0.04652845 2.44379e-6 -0.00603199 -0.04682356 3.8743e-7 -0.006028473 -0.04682248 8.9407e-7 -0.0060274 -0.04682081 1.53482e-6 -0.006027698 -0.04682207 1.2815e-6 -0.00602746 -0.04682254 1.51992e-6 -0.006027758 -0.04682254 2.42889e-6 -0.00602746 -0.04682213 2.10106e-6 -0.006027281 -0.04681915 1.54972e-6 -0.006028652 -0.04682374 3.20375e-6 -0.006027102 -0.04681742 1.75834e-6 -0.006026983 -0.04681569 1.56462e-6 -0.006026864 -0.0468145 1.84774e-6 -0.006026804 -0.04681205 1.59442e-6 -0.006026685 -0.04681026 1.81794e-6 -0.006026566 -0.04680866 1.62423e-6 -0.006026685 -0.04680734 2.39909e-6 -0.006026268 -0.04680395 1.93715e-6 -0.00602591 -0.04680049 1.96695e-6 -0.006026089 -0.04679679 1.2964e-6 -0.006025791 -0.04679685 1.87755e-6 -0.006025612 -0.04679566 1.84774e-6 -0.006025612 -0.04679459 1.62423e-6 -0.006025612 -0.04679346 1.59442e-6 -0.006025493 -0.04679101 1.54972e-6 -0.006025016 -0.04677999 1.2815e-6 -0.006024837 -0.04677999 1.46031e-6 -0.006024122 -0.04677063 1.65403e-6 -0.006023526 -0.04676127 1.86265e-6 -0.006023228 -0.04675662 1.75834e-6 -0.006023049 -0.04675471 1.47521e-6 -0.00602293 -0.04675298 1.78814e-6 -0.006022751 -0.04675078 1.72853e-6 -0.006022751 -0.04674786 1.47521e-6 -0.006022632 -0.04674786 1.66893e-6 -0.006022274 -0.04674243 1.75834e-6 -0.006022155 -0.04674077 1.56462e-6 -0.006022036 -0.04673951 1.84774e-6 -0.00602144 -0.04672974 1.68383e-6 -0.006021261 -0.04672563 1.96695e-6 -0.006020486 -0.04671335 2.07126e-6 -0.006020367 -0.04671216 1.92225e-6 -0.006020188 -0.04671043 2.05636e-6 -0.006019711 -0.04670214 1.74344e-6 -0.006019413 -0.04669815 1.81794e-6 -0.006019473 -0.04669862 1.99676e-6 -0.006019175 -0.04669404 1.66893e-6 -0.006019115 -0.04669344 1.71363e-6 -0.006018996 -0.04669159 1.81794e-6 -0.00601834 -0.0466811 1.84774e-6 -0.006018221 -0.04667884 1.49012e-6 -0.006018102 -0.04667639 1.44541e-6 -0.00601387 -0.04661041 1.54972e-6 -0.006013751 -0.04660856 1.54972e-6 -0.006013453 -0.04660385 2.14577e-6 -0.006013274 -0.04660165 1.47521e-6 -0.006013274 -0.04660165 2.08616e-6 -0.006013095 -0.04660052 2.02656e-6 -0.006012976 -0.04659873 1.72853e-6 -0.006012797 -0.04659456 1.47521e-6 -0.006012678 -0.04659229 2.05636e-6 -0.006012499 -0.04659116 2.05636e-6 -0.006012201 -0.04658532 1.59442e-6 -0.006011605 -0.04657596 1.63913e-6 -0.006011486 -0.04657524 1.78814e-6 -0.006011426 -0.04657346 1.59442e-6 -0.006011426 -0.04657304 1.62423e-6 -0.006011486 -0.04657125 1.35601e-6 -0.006010413 -0.04655712 1.56462e-6 -0.006010234 -0.04655712 1.66893e-6 -0.006010234 -0.04655486 1.60933e-6 -0.006010234 -0.04655241 1.2964e-6 -0.006009817 -0.04654902 1.96695e-6 -0.00600934 -0.04654073 1.60933e-6 -0.006009221 -0.046539 1.80304e-6 -0.006009042 -0.04653728 1.59442e-6 -0.006008923 -0.04653501 1.84774e-6 -0.006008923 -0.04653382 1.56462e-6 -0.006012797 -0.04652523 3.8743e-7 -0.006008744 -0.04653209 1.75834e-6 -0.006008625 -0.04653018 1.54972e-6 -0.006009519 -0.04652673 8.9407e-7 -0.006008565 -0.04652845 1.53482e-6 -0.006008446 -0.04652673 1.51992e-6 -0.006008744 -0.04652726 1.2815e-6 -0.006008625 -0.04652673 2.42889e-6 -0.006008446 -0.04652726 2.08616e-6 -0.006009519 -0.04652547 3.20375e-6 -0.006028652 -0.0468235 8.9407e-7 -0.006027877 -0.04682254 1.17719e-6 -0.006027758 -0.04682374 1.2815e-6 -0.006027758 -0.04682296 1.2815e-6 -0.006027758 -0.04682075 1.19209e-6 -0.00602746 -0.04682224 1.78814e-6 -0.00602746 -0.04682326 1.78814e-6 -0.006027579 -0.04682296 2.08616e-6 -0.006027758 -0.04682356 2.42889e-6 -0.0060274 -0.04682153 1.80304e-6 -0.006026566 -0.04680806 1.98185e-6 -0.006026506 -0.04680711 1.98185e-6 -0.006024718 -0.04677873 1.49012e-6 -0.006024122 -0.04676944 1.40071e-6 -0.006023526 -0.04676234 1.62423e-6 -0.006020188 -0.0467112 1.75834e-6 -0.006019473 -0.04669892 1.75834e-6 -0.006019592 -0.04670006 2.11596e-6 -0.006013751 -0.04660975 1.78814e-6 -0.006013095 -0.04660195 1.74344e-6 -0.006012499 -0.04659259 1.74344e-6 -0.006011605 -0.04657626 1.93715e-6 -0.006011486 -0.04657477 1.56462e-6 -0.006011307 -0.04657202 1.57952e-6 -0.006011188 -0.04657036 1.59442e-6 -0.006008923 -0.04652845 1.17719e-6 -0.006009519 -0.04652577 8.79168e-7 -0.006008863 -0.04652673 1.17719e-6 -0.006008625 -0.04652649 1.2815e-6 -0.006008446 -0.04652798 1.80304e-6 -0.006008625 -0.04652553 1.2815e-6 -0.006008446 -0.04652702 1.78814e-6 -0.006008327 -0.04652625 1.78814e-6 -0.006008446 -0.04652655 2.08616e-6 -0.006008625 -0.04652595 2.41399e-6 -0.006032109 -0.04682385 3.8743e-7 -0.006028652 -0.04682379 8.9407e-7 -0.006027579 -0.04682403 1.77324e-6 -0.006027579 -0.04682385 1.51992e-6 -0.006027579 -0.04682374 2.08616e-6 -0.006027758 -0.04682385 2.41399e-6 -0.006028652 -0.04682409 3.20375e-6 -0.006019473 -0.04669976 1.80304e-6 -0.006012797 -0.04652494 3.8743e-7 -0.006009459 -0.04652529 8.79168e-7 -0.006008327 -0.04652523 1.77324e-6 -0.006008327 -0.04652535 1.50502e-6 -0.006008327 -0.04652553 2.07126e-6 -0.006008625 -0.04652535 2.41399e-6 -0.006009459 -0.04652512 3.18885e-6 0.04000002 -0.01646107 -9.99987e-4 0.04000002 -0.01947093 -9.99987e-4 0.04048752 -0.01947093 -9.99987e-4 0.04048752 -0.01646107 -9.99987e-4 0.04048752 -0.01646107 -9.99987e-4 0.04000002 -0.01646107 -9.99987e-4 0 -0.01646107 -0.04049998 0.006923258 -0.01646107 -0.0399037 0.01364266 -0.01646107 -0.0381329 0.01996058 -0.01646107 -0.03523939 0.02569085 -0.01646107 -0.03130859 0.03066474 -0.01646107 -0.02645593 0.03473579 -0.01646107 -0.02082461 0.03778439 -0.01646107 -0.01458013 0.03972071 -0.01646107 -0.007906436 0 -0.01646107 0.04049998 -0.007032692 -0.01646107 0.03988456 -0.01385176 -0.01646107 0.03805738 -0.02024996 -0.01646107 0.03507387 -0.02603286 -0.01646107 0.03102475 -0.03102475 -0.01646107 0.02603286 -0.03507387 -0.01646107 0.02024996 -0.03805738 -0.01646107 0.01385176 -0.03988456 -0.01646107 0.007032752 -0.04049998 -0.01646107 0 -0.03988456 -0.01646107 -0.007032752 -0.03805738 -0.01646107 -0.01385182 -0.03507387 -0.01646107 -0.02024996 -0.03102475 -0.01646107 -0.02603286 -0.02603286 -0.01646107 -0.03102475 -0.02024996 -0.01646107 -0.03507387 -0.01385176 -0.01646107 -0.03805738 -0.007032692 -0.01646107 -0.03988456 0.04048752 -0.01646107 9.99987e-4 0.03972071 -0.01646107 0.007906436 0.03778439 -0.01646107 0.01458013 0.03473579 -0.01646107 0.02082461 0.03066474 -0.01646107 0.02645593 0.02569085 -0.01646107 0.03130859 0.01996058 -0.01646107 0.03523939 0.01364266 -0.01646107 0.0381329 0.006923258 -0.01646107 0.0399037 0.04000002 -0.01646107 9.99987e-4 0 -0.01646107 0.03099983 0.005383074 -0.01646107 0.03052902 0.01060259 -0.01646107 0.02913033 0.01549988 -0.01646107 0.02684664 0.0199263 -0.01646107 0.02374732 0.02374738 -0.01646107 0.01992624 0.02684664 -0.01646107 0.01549983 0.02913033 -0.01646107 0.01060259 0.03052902 -0.01646107 0.005383074 0.03099989 -0.01646107 0 0.03052902 -0.01646107 -0.005383074 0.02913033 -0.01646107 -0.01060259 0.02684664 -0.01646107 -0.01549988 0.02374738 -0.01646107 -0.01992624 0.0199263 -0.01646107 -0.02374738 0.01549988 -0.01646107 -0.02684664 0.01060259 -0.01646107 -0.02913033 0.005383074 -0.01646107 -0.03052902 0 -0.01646107 -0.03099983 -0.005383074 -0.01646107 -0.03052902 -0.01060259 -0.01646107 -0.02913033 -0.01549983 -0.01646107 -0.02684664 -0.01992624 -0.01646107 -0.02374738 -0.02374732 -0.01646107 -0.01992624 -0.02684664 -0.01646107 -0.01549988 -0.02913028 -0.01646107 -0.01060259 -0.03052902 -0.01646107 -0.005383074 -0.03099983 -0.01646107 0 -0.03052902 -0.01646107 0.005383074 -0.02913028 -0.01646107 0.01060259 -0.02684664 -0.01646107 0.01549983 -0.02374732 -0.01646107 0.01992624 -0.01992624 -0.01646107 0.02374732 -0.01549983 -0.01646107 0.02684664 -0.01060259 -0.01646107 0.02913033 -0.005383074 -0.01646107 0.03052902 0.04000002 -0.01947093 9.99987e-4 0.04048705 -0.01947093 9.99987e-4 0.04000002 -0.01646107 9.99987e-4 0.04048752 -0.01646107 9.99987e-4 0.03498572 9.99987e-4 0.1525 0.03469985 9.99987e-4 0.1525 0 0.03499984 0.1525 0.005968213 0.03448724 0.1525 0.01176148 0.03296446 0.1525 0.01721048 0.03047615 0.1525 0.02215522 0.02709496 0.1525 0.02645105 0.02292031 0.1525 0.02997189 0.01807421 0.1525 0.03261494 0.01269865 0.1525 0.03430277 0.006951034 0.1525 0 -0.03499984 0.1525 -0.006077647 -0.03446823 0.1525 -0.01197052 -0.03288906 0.1525 -0.01749998 -0.03031075 0.1525 -0.02249753 -0.02681154 0.1525 -0.02681154 -0.02249753 0.1525 -0.03031075 -0.01749998 0.1525 -0.03288906 -0.01197057 0.1525 -0.03446823 -0.006077647 0.1525 -0.03499984 0 0.1525 -0.03446823 0.006077647 0.1525 -0.03288906 0.01197057 0.1525 -0.03031075 0.01749998 0.1525 -0.02681154 0.02249753 0.1525 -0.02249753 0.02681154 0.1525 -0.01749998 0.03031075 0.1525 -0.01197052 0.03288912 0.1525 -0.006077647 0.03446823 0.1525 0.03498572 -9.99998e-4 0.1525 0.03430277 -0.006951034 0.1525 0.03261494 -0.01269865 0.1525 0.02997189 -0.01807421 0.1525 0.02645105 -0.02292031 0.1525 0.02215522 -0.02709496 0.1525 0.01721048 -0.03047615 0.1525 0.01176148 -0.03296446 0.1525 0.005968213 -0.03448724 0.1525 0.03469985 -9.99998e-4 0.1525 0.03099989 0 0.1525 0.03052902 0.005383074 0.1525 0.02913033 0.01060259 0.1525 0.02684664 0.01549983 0.1525 0.02374738 0.01992624 0.1525 0.0199263 0.02374732 0.1525 0.01549988 0.02684664 0.1525 0.01060259 0.02913033 0.1525 0.005383074 0.03052902 0.1525 0 0.03099983 0.1525 -0.005383074 0.03052902 0.1525 -0.01060259 0.02913033 0.1525 -0.01549983 0.02684664 0.1525 -0.01992624 0.02374732 0.1525 -0.02374732 0.01992624 0.1525 -0.02684664 0.01549983 0.1525 -0.02913028 0.01060259 0.1525 -0.03052902 0.005383074 0.1525 -0.03099983 0 0.1525 -0.03052902 -0.005383074 0.1525 -0.02913028 -0.01060259 0.1525 -0.02684664 -0.01549983 0.1525 -0.02374732 -0.01992624 0.1525 -0.01992624 -0.02374732 0.1525 -0.01549983 -0.02684664 0.1525 -0.01060259 -0.02913033 0.1525 -0.005383074 -0.03052902 0.1525 0 -0.03099983 0.1525 0.005383074 -0.03052902 0.1525 0.01060259 -0.02913033 0.1525 0.01549988 -0.02684664 0.1525 0.0199263 -0.02374732 0.1525 0.02374738 -0.01992624 0.1525 0.02684664 -0.01549983 0.1525 0.02913033 -0.01060259 0.1525 0.03052902 -0.005383074 0.1525 0.00485599 -0.04656493 0.002851486 0.004871368 -0.0468645 0.002857089 0.001268804 -0.04696893 0.002857804 0.001283824 -0.0469641 0.003093123 0.00132972 -0.04695898 0.003323197 0.001406252 -0.0469532 0.003546774 0.001510441 -0.04694712 0.003757238 0.001641035 -0.04694074 0.003953099 0.001796126 -0.046934 0.004131019 0.001972854 -0.04692733 0.004285812 0.002169013 -0.04692029 0.004416346 0.002380013 -0.04691344 0.004519999 0.002602696 -0.04690641 0.004595637 0.002833664 -0.04689931 0.004642367 0.003068089 -0.04689258 0.004658401 0.003303647 -0.04688584 0.004642844 0.003534615 -0.04687952 0.004596889 0.003757119 -0.04687374 0.004521727 0.003969371 -0.04686868 0.004417777 0.004164457 -0.04686433 0.004287362 0.004340827 -0.04686093 0.004131317 0.004495799 -0.04685842 0.003953218 0.004626572 -0.04685717 0.003757596 0.004732191 -0.04685705 0.003546059 0.00480926 -0.04685831 0.003324449 0.004856169 -0.04686075 0.003094196 0.001266658 -0.046669 0.002852201 0.001281619 -0.04666423 0.003086686 0.001327276 -0.04665905 0.003316283 0.001403391 -0.04665327 0.003539085 0.001507163 -0.04664719 0.003749132 0.00163722 -0.04664075 0.003944516 0.001791656 -0.04663389 0.004122138 0.001967728 -0.04662716 0.004276812 0.002163112 -0.04662013 0.004407048 0.002373278 -0.04661291 0.00451076 0.002595305 -0.04660594 0.004586458 0.002825558 -0.04659891 0.004633069 0.003059387 -0.04659199 0.004649162 0.00329411 -0.0465855 0.004633665 0.003524482 -0.04657936 0.004587769 0.00374639 -0.04657363 0.004512608 0.003957927 -0.04656869 0.004408717 0.004152357 -0.0465644 0.004278481 0.004328012 -0.04656118 0.004122674 0.004482269 -0.04655879 0.003944814 0.004612386 -0.04655766 0.003749549 0.004717588 -0.0465576 0.003538668 0.00479418 -0.04655861 0.003317475 0.00484097 -0.04656124 0.003087878 0.004871368 -0.0468645 0.002857089 0.004843235 -0.04687154 0.002549171 0.00476402 -0.0468803 0.002249956 0.004636943 -0.04689037 0.001968443 0.004482984 -0.04690062 0.00173676 0.004314005 -0.04691052 0.001551151 0.004121184 -0.04692041 0.00139153 0.003908038 -0.04693049 0.001259744 0.003693461 -0.04693955 0.001164019 0.00348109 -0.04694753 0.00110054 0.003262281 -0.04695504 0.001063764 0.003040969 -0.0469619 0.001054108 0.002819061 -0.0469678 0.001071751 0.002601802 -0.04697281 0.001115739 0.002392113 -0.0469768 0.001185834 0.002191305 -0.04697978 0.001282215 0.002005279 -0.04698181 0.001402199 0.001835465 -0.04698282 0.001544535 0.001682758 -0.04698294 0.001706719 0.001552045 -0.04698204 0.001884818 0.001444101 -0.0469805 0.002079248 0.001361191 -0.04697829 0.00228554 0.001304507 -0.04697525 0.002499878 0.001277804 -0.04697233 0.002677619 0.001268804 -0.04696893 0.002857804 0.00485599 -0.04656493 0.002851486 0.004827976 -0.04657191 0.002544403 0.004749119 -0.04658067 0.002246022 0.004622817 -0.0465908 0.001965165 0.004469454 -0.04660081 0.001734018 0.004301369 -0.04661059 0.001548588 0.004109144 -0.0466203 0.001389265 0.003896832 -0.04663026 0.001257658 0.003682911 -0.04663914 0.001161873 0.003471255 -0.04664713 0.001098394 0.003252983 -0.04665452 0.001061618 0.003032386 -0.04666107 0.001051962 0.002811074 -0.04666703 0.001069605 0.002594411 -0.0466721 0.001113474 0.002385437 -0.04667609 0.001183629 0.002185404 -0.04667925 0.00127995 0.001999974 -0.04668146 0.001399815 0.001830816 -0.04668247 0.001541972 0.001678824 -0.04668283 0.001703858 0.001548588 -0.046682 0.001881659 0.001441121 -0.04668051 0.002075493 0.001358628 -0.0466783 0.002281308 0.001302123 -0.04667532 0.00249511 0.001275718 -0.0466724 0.002672374 0.001266658 -0.046669 0.002852201 0.007688105 -0.04663306 0.004695594 0.007664084 -0.04633414 0.004686832 0.002154052 -0.04647624 0.007974624 0.002158999 -0.04677593 0.007990002 0.007694721 -0.04669892 0.001061916 0.007670283 -0.04640007 0.00105983 0.007664084 -0.04633414 0.004686832 0.007688105 -0.04663306 0.004695594 0.005832195 -0.04683685 3.09944e-6 0.005819857 -0.04653704 6.64592e-6 0.007670283 -0.04640007 0.00105983 0.007694721 -0.04669892 0.001061916 0.005631268 -0.0465486 0 0.005649209 -0.04684793 0 0.005806982 -0.04653769 0 0.005832195 -0.04683685 3.09944e-6 0.0349999 -0.03976404 0 0.03455615 -0.03976404 -0.005556166 0.03313976 -0.03976404 -0.01125854 0.03096896 -0.03976404 -0.01630705 0.02829211 -0.03976404 -0.02060461 0.02498281 -0.03976404 -0.02451229 0.02113598 -0.03976404 -0.02789729 0.01688069 -0.03976404 -0.03066009 0.01236653 -0.03976404 -0.03274244 0.007746756 -0.03976404 -0.03413188 0.003821611 -0.03976404 -0.03479069 0 -0.03976404 -0.03499984 0.01133412 -0.04634392 0 0.02229684 -0.04448825 0 0.02889198 -0.04259908 0 0.03223145 -0.0412479 0 0.01128619 -0.04634958 0 0.01134181 -0.0463429 -1.72779e-4 0.01121801 -0.04635483 -7.04169e-4 0.01111894 -0.04636389 -9.57772e-4 0.0110138 -0.04637402 -0.001132488 0.0109182 -0.04638332 -0.001247048 0.01080316 -0.0463947 -0.00135231 0.01055651 -0.04641896 -0.001533687 0.004910588 -0.04676932 -0.004749119 0.004903674 -0.04622507 -0.01130968 0.004809081 -0.04617941 -0.011743 0.004711389 -0.04614681 -0.0120548 0.004592776 -0.04612141 -0.01230669 0.004459083 -0.04610353 -0.01249915 0.004309475 -0.04609048 -0.01265543 0.004076719 -0.0460776 -0.01283216 0.003844261 -0.04607081 -0.01295697 0.003621101 -0.04606819 -0.01304119 0.003411412 -0.04606872 -0.01309281 0.003198981 -0.04607236 -0.01311945 0.002984285 -0.04607874 -0.01312142 0.002769947 -0.04608792 -0.01309859 0.00256139 -0.04609972 -0.01305121 0.002359271 -0.04611396 -0.01297932 0.002166569 -0.04613059 -0.01288467 0.001986682 -0.04614943 -0.01276862 0.00182116 -0.04616987 -0.01263231 0.0016734 -0.04619199 -0.01247769 0.001547515 -0.04621553 -0.01230686 0.001446247 -0.04624027 -0.01211833 0.001372218 -0.04626566 -0.01191782 0.001303136 -0.04630208 -0.01161944 0.001256704 -0.0463382 -0.0113157 0.001257002 -0.04693937 -0.003601193 0.001392126 -0.04695713 -0.003010511 0.001503646 -0.04696339 -0.002729952 0.001609683 -0.04696619 -0.002555072 0.00171566 -0.04696738 -0.002429962 0.001853287 -0.04696798 -0.002304077 0.002135992 -0.04696691 -0.002094209 0.005649209 -0.04684793 0 0 -0.04699999 0 0 -0.04699999 0 0 -0.04183161 -0.03089928 0 -0.04347908 -0.02616363 0 -0.04530805 -0.01832515 0 -0.0465514 -0.009384393 0.01068699 -0.04619961 -0.006540358 0.01234281 -0.04566758 -0.01054733 0.01244717 -0.04557383 -0.01129311 0.01243478 -0.04554432 -0.01156526 0.01238667 -0.04552417 -0.01178973 0.01231062 -0.04551017 -0.01198828 0.01216661 -0.04549777 -0.01223623 0.01200354 -0.04549258 -0.0124374 0.01183331 -0.04549276 -0.01259797 0.0116629 -0.04549694 -0.01272404 0.01148051 -0.04550457 -0.01282829 0.01128703 -0.04551607 -0.01291084 0.01108419 -0.04553091 -0.01297086 0.01087772 -0.04554873 -0.01300626 0.01066827 -0.04556971 -0.01301759 0.01045882 -0.0455935 -0.01300466 0.01025295 -0.04561936 -0.01296782 0.01005232 -0.04564756 -0.01290708 0.009860515 -0.04567724 -0.01282364 0.009682536 -0.04570794 -0.01271766 0.009519577 -0.04573982 -0.01258701 0.009376704 -0.04577231 -0.0124346 0.009202659 -0.0458182 -0.01219046 0.009048044 -0.04586333 -0.01193183 0.00738734 -0.04640054 -0.007924377 0.007281184 -0.04646652 -0.007175207 0.007293105 -0.04648554 -0.006901741 0.007340848 -0.04649776 -0.006676435 0.007416725 -0.04650545 -0.006477296 0.007560372 -0.04651057 -0.006228685 0.00772351 -0.04651045 -0.006027281 0.007893741 -0.0465067 -0.005866289 0.008064091 -0.0465002 -0.005740106 0.008246481 -0.0464909 -0.00563544 0.008440017 -0.0464791 -0.005552709 0.008642971 -0.04646474 -0.005492687 0.008849799 -0.04644817 -0.005456984 0.009059727 -0.04642951 -0.005445778 0.009269773 -0.04640907 -0.00545901 0.009476363 -0.04638701 -0.005496323 0.009677648 -0.04636389 -0.005557656 0.00987035 -0.04633992 -0.005641937 0.01004916 -0.04631567 -0.005748808 0.01021277 -0.04629117 -0.005880713 0.01035636 -0.04626697 -0.006034374 0.0105316 -0.04623305 -0.006280243 0.01129961 -0.04604572 0 0.01133412 -0.04634392 0 0.01134127 -0.04634279 1.90437e-5 0.01130682 -0.04604476 1.8999e-5 0.01132315 -0.04619389 6.52671e-6 0.01132947 -0.04626882 2.74181e-6 0.01131206 -0.04611963 2.74181e-6 0.01133674 -0.04630553 8.9258e-6 0.01131075 -0.04608207 8.9556e-6 0.01133662 -0.04632461 3.57628e-6 0.01130646 -0.04606378 3.57628e-6 0.01134008 -0.04633361 9.59635e-6 0.01130765 -0.04605424 9.64105e-6 0.01133841 -0.04633843 3.78489e-6 0.01130503 -0.04604983 3.78489e-6 0.01134079 -0.04634058 9.76026e-6 0.011307 -0.04604721 9.80496e-6 0.01133877 -0.04634207 3.8445e-6 0.01130455 -0.04604619 3.8445e-6 0.01134109 -0.04634231 9.80496e-6 0.01133882 -0.04634279 3.8594e-6 0.01134115 -0.04634279 9.81986e-6 0.01132708 -0.04623609 0.005915582 0.01129287 -0.04593837 0.005904734 0.01130682 -0.04604476 1.8999e-5 0.01134127 -0.04634279 1.90437e-5 0.01052999 -0.04626899 0.007303953 0.0104978 -0.04597115 0.00729078 0.01089936 -0.04594349 0.006909728 0.01107066 -0.04593324 0.006693184 0.01117032 -0.04592937 0.006511509 0.01122248 -0.04592907 0.006368935 0.01125699 -0.04593104 0.006214082 0.01129287 -0.04593837 0.005904734 0.01132708 -0.04623609 0.005915582 0.0109511 -0.04624027 0.006901562 0.01111209 -0.04623085 0.00669378 0.01120543 -0.04622697 0.006523132 0.01125437 -0.04622668 0.006388664 0.01128911 -0.04622858 0.006236076 0.003997743 -0.04653733 0.01111495 0.003986418 -0.04623842 0.01109439 0.0104978 -0.04597115 0.00729078 0.01052999 -0.04626899 0.007303953 0.002154052 -0.04647624 0.007974624 0.002158999 -0.04677593 0.007990002 0.001614332 -0.04645472 0.008517086 0.001458466 -0.0464437 0.008745431 0.001360893 -0.04643255 0.008956134 0.001301944 -0.04642099 0.009162306 0.001267552 -0.04640418 0.009449183 0.001277387 -0.04638808 0.009709715 0.001317203 -0.0463733 0.009941995 0.001378059 -0.04635983 0.01014626 0.001461923 -0.04634666 0.01034063 0.001567721 -0.04633355 0.01052427 0.001694798 -0.04632067 0.01069551 0.001839995 -0.04630851 0.01084947 0.002002537 -0.04629707 0.01098579 0.002180874 -0.04628628 0.01110261 0.002370357 -0.04627633 0.01119792 0.002569973 -0.04626733 0.01127094 0.002777338 -0.04625934 0.01132011 0.002987325 -0.0462526 0.01134228 0.003200054 -0.04624748 0.01133549 0.00341016 -0.0462439 0.01129895 0.003701925 -0.04624068 0.01120793 0.003986418 -0.04623842 0.01109439 0.003997743 -0.04653733 0.01111495 0.001617372 -0.04675436 0.008533477 0.001461029 -0.04674321 0.008762419 0.001363039 -0.04673188 0.008973658 0.001303911 -0.04672044 0.009180366 0.001269519 -0.04670351 0.009467959 0.001279473 -0.0466876 0.009729206 0.001319587 -0.04667276 0.009962081 0.001380801 -0.04665923 0.01016688 0.001465082 -0.04664582 0.01036155 0.001571476 -0.04663276 0.01054555 0.00169909 -0.04662007 0.01071715 0.001845002 -0.04660791 0.01087129 0.002008259 -0.04659628 0.01100742 0.002186477 -0.0465855 0.01112437 0.002376914 -0.04657572 0.01121968 0.002577722 -0.04656666 0.01129245 0.002785623 -0.04655855 0.01134151 0.002996206 -0.04655194 0.01136344 0.003209531 -0.04654657 0.01135653 0.003419995 -0.04654306 0.01131969 0.003712475 -0.0465399 0.01122874 -0.001460433 -0.04666751 0.002849102 -0.001649737 -0.04667788 0.002110898 -0.001766026 -0.04667991 0.001861155 -0.001896858 -0.04668039 0.001670122 -0.002043664 -0.04667979 0.001514554 -0.002272367 -0.04667735 0.001339197 -0.002500951 -0.04667353 0.0012151 -0.002720654 -0.046669 0.001131594 -0.002927184 -0.04666399 0.001080513 -0.003136575 -0.04665809 0.001054406 -0.003347933 -0.0466516 0.001052916 -0.00355947 -0.04664421 0.001075983 -0.003764927 -0.04663634 0.001123726 -0.003963828 -0.04662793 0.001195669 -0.00415343 -0.04661941 0.001290202 -0.004330456 -0.04661059 0.001405954 -0.004493296 -0.04660183 0.001541793 -0.004639089 -0.04659312 0.001695752 -0.004763126 -0.04658508 0.001865327 -0.004863858 -0.04657757 0.002052128 -0.00493741 -0.04657083 0.002251029 -0.0050053 -0.04656267 0.002547979 -0.005049884 -0.04655492 0.002850413 -0.004860699 -0.0465492 0.003588378 -0.004744589 -0.04654896 0.003837943 -0.004613757 -0.04655045 0.004028797 -0.00446707 -0.04655313 0.004184246 -0.004238486 -0.04655838 0.004359543 -0.004009962 -0.0465644 0.004483342 -0.003790259 -0.04657042 0.004566848 -0.003583908 -0.04657644 0.004617929 -0.003374636 -0.04658257 0.004643917 -0.003163278 -0.04658913 0.004645407 -0.00295192 -0.04659599 0.00462234 -0.002746522 -0.04660284 0.004574656 -0.002547562 -0.04660964 0.004502892 -0.0023579 -0.04661655 0.004408419 -0.002180755 -0.04662317 0.004292786 -0.002017796 -0.04662972 0.004157066 -0.001871824 -0.04663628 0.004003286 -0.001747429 -0.04664236 0.00383383 -0.001646757 -0.04664826 0.003647208 -0.001573026 -0.04665368 0.003448188 -0.001505017 -0.04666095 0.003151476 -0.01069194 -0.04595023 0.007287979 -0.004181981 -0.04623079 0.01109361 -0.01148647 -0.04591602 0.005901873 -0.01135993 -0.04591023 0.006441116 -0.01125967 -0.04591161 0.006698787 -0.01115334 -0.04591625 0.006876647 -0.01105672 -0.04592227 0.006993353 -0.01094061 -0.04593086 0.007101297 -0.01149898 -0.04602247 1.62423e-5 -0.01150524 -0.04602181 0 -0.006025314 -0.04652386 0 -0.006013095 -0.04652476 5.27501e-6 -0.007863461 -0.04638427 0.001057982 -0.007858037 -0.04631847 0.004684925 -0.002349257 -0.04647272 0.007974267 -0.001465797 -0.0463978 0.009530305 -0.001589119 -0.04643249 0.008921742 -0.00169003 -0.0464459 0.008662223 -0.001799345 -0.04645448 0.00848335 -0.001967549 -0.04646241 0.008293092 -0.002153635 -0.04646819 0.008128643 -0.003583431 -0.0462386 0.01129615 -0.003304362 -0.04624426 0.01133841 -0.003069639 -0.04625111 0.01133275 -0.002815127 -0.04626095 0.01128488 -0.002564251 -0.04627269 0.01119667 -0.002328038 -0.04628568 0.01107358 -0.002111971 -0.04629999 0.01092022 -0.00191915 -0.04631537 0.01073586 -0.001759529 -0.04633152 0.01052457 -0.001650035 -0.04634678 0.01031124 -0.00158751 -0.04635888 0.01013422 -0.001535058 -0.04637259 0.009926974 -0.01153457 -0.04632049 -1.75551e-4 -0.0114997 -0.04602265 -1.75014e-4 -0.01150524 -0.04602181 0 -0.01154035 -0.0463199 0 -0.01253241 -0.0456438 -0.01055008 -0.01249539 -0.04534775 -0.01051884 -0.0108456 -0.04588121 -0.006523132 -0.01087808 -0.04617869 -0.006542742 -0.009237885 -0.04584568 -0.0119341 -0.009210646 -0.04554915 -0.01189875 -0.009660661 -0.04543399 -0.01249629 -0.009860217 -0.04539173 -0.0126782 -0.01005101 -0.0453571 -0.01280146 -0.01024317 -0.04532676 -0.01288658 -0.01051771 -0.04528909 -0.01295804 -0.01077306 -0.04525882 -0.01298308 -0.01100504 -0.04523468 -0.01297461 -0.01121294 -0.04521596 -0.01294195 -0.01141422 -0.04520034 -0.01288563 -0.01160824 -0.04518824 -0.01280599 -0.01179301 -0.04517978 -0.01270413 -0.01196348 -0.04517483 -0.01258206 -0.01211887 -0.04517394 -0.01244074 -0.01225751 -0.04517668 -0.01228141 -0.01237636 -0.04518318 -0.0121085 -0.01247501 -0.04519325 -0.01192265 -0.01255112 -0.0452069 -0.01172649 -0.01260179 -0.04522395 -0.01152449 -0.01262456 -0.04524487 -0.01131618 -0.01261776 -0.04526913 -0.01110678 -0.01256865 -0.04530757 -0.01081097 -0.01249539 -0.04534775 -0.01051884 -0.01253241 -0.0456438 -0.01055008 -0.009689271 -0.04573041 -0.01253318 -0.009889483 -0.04568803 -0.01271575 -0.01008087 -0.04565334 -0.01283937 -0.01027375 -0.04562288 -0.01292467 -0.01054894 -0.04558503 -0.01299631 -0.01080507 -0.04555463 -0.01302129 -0.01103764 -0.04553043 -0.01301306 -0.0112462 -0.04551166 -0.01298022 -0.0114482 -0.04549604 -0.01292347 -0.01164269 -0.04548388 -0.01284372 -0.01182812 -0.04547542 -0.01274144 -0.01199907 -0.04547047 -0.01261901 -0.01215475 -0.04546952 -0.01247727 -0.01229351 -0.04547226 -0.01231837 -0.01241302 -0.04547876 -0.01214468 -0.01251178 -0.04548889 -0.01195788 -0.01258832 -0.0455026 -0.011761 -0.01263892 -0.04551959 -0.01155859 -0.01266181 -0.04554069 -0.01134943 -0.01265501 -0.04556488 -0.01113963 -0.0126056 -0.04560363 -0.0108428 -0.007578611 -0.04638588 -0.007926225 -0.007555544 -0.04608774 -0.007902085 -0.009210646 -0.04554915 -0.01189875 -0.009237885 -0.04584568 -0.0119341 -0.00744313 -0.04644948 -0.007241547 -0.007420301 -0.04615116 -0.007219374 -0.007447004 -0.04612559 -0.007529318 -0.007492721 -0.04610729 -0.007717967 -0.007555544 -0.04608774 -0.007902085 -0.007578611 -0.04638588 -0.007926225 -0.007470369 -0.04642355 -0.007555425 -0.007515013 -0.04640573 -0.007739484 -0.01087808 -0.04617869 -0.006542742 -0.01043689 -0.04626327 -0.005952954 -0.01028966 -0.04628723 -0.00581032 -0.01012772 -0.04631114 -0.005687654 -0.00995028 -0.04633492 -0.005590558 -0.009714961 -0.04636323 -0.005506277 -0.009487211 -0.04638803 -0.005461335 -0.009284257 -0.04640835 -0.005446434 -0.009046375 -0.04643005 -0.005457818 -0.008845329 -0.04644656 -0.005491793 -0.008651971 -0.04646068 -0.005547285 -0.008466184 -0.04647266 -0.005623817 -0.008289575 -0.04648238 -0.005720615 -0.008123993 -0.04648935 -0.005836904 -0.007973909 -0.04649364 -0.005970299 -0.007840037 -0.04649525 -0.006120145 -0.007723331 -0.04649406 -0.006284475 -0.007625401 -0.04649037 -0.006460726 -0.007546961 -0.04648393 -0.006646752 -0.007489383 -0.04647493 -0.006840527 -0.00745511 -0.04646337 -0.007039487 -0.00744313 -0.04644948 -0.007241547 -0.0108456 -0.04588121 -0.006523132 -0.01040595 -0.04596549 -0.005935609 -0.01026028 -0.04598909 -0.005794048 -0.01009953 -0.04601287 -0.005671918 -0.009922266 -0.04603666 -0.005574703 -0.009687185 -0.04606497 -0.005490124 -0.009460628 -0.04608952 -0.005445003 -0.00922954 -0.04611253 -0.005429506 -0.008998692 -0.04613339 -0.005443394 -0.008797824 -0.04614979 -0.005479753 -0.008571088 -0.04616618 -0.005549967 -0.008329451 -0.0461806 -0.005664229 -0.008157491 -0.04618877 -0.005774736 -0.008002281 -0.04619395 -0.005901396 -0.00786221 -0.04619652 -0.00604552 -0.00773859 -0.04619652 -0.006205618 -0.007634103 -0.04619354 -0.006377339 -0.007549107 -0.04618799 -0.00655961 -0.007484138 -0.04617995 -0.006750524 -0.007436454 -0.04616725 -0.006982088 -0.007420301 -0.04615116 -0.007219374 -0.001447439 -0.04633539 -0.01131606 -0.001443088 -0.04603749 -0.01128166 -0.001537263 -0.0459851 -0.0117172 -0.001632571 -0.04594653 -0.01202374 -0.001749873 -0.04591369 -0.01227468 -0.001882374 -0.04588747 -0.01246619 -0.00203073 -0.04586482 -0.01262176 -0.002261877 -0.04583728 -0.01279729 -0.002493083 -0.04581558 -0.01292151 -0.00271517 -0.04579889 -0.01300489 -0.002923965 -0.04578644 -0.01305598 -0.003135681 -0.04577642 -0.01308184 -0.003349602 -0.04576945 -0.01308321 -0.003563523 -0.0457651 -0.01305991 -0.003771722 -0.04576367 -0.01301193 -0.003973484 -0.04576522 -0.01293987 -0.004166007 -0.04576963 -0.01284492 -0.004345953 -0.0457769 -0.01272881 -0.004511535 -0.04578673 -0.01259225 -0.004659593 -0.04579949 -0.0124377 -0.004785776 -0.04581469 -0.01226705 -0.004887521 -0.04583281 -0.01207876 -0.004962027 -0.04585313 -0.01187843 -0.005031824 -0.0458849 -0.01158028 -0.005078852 -0.04591763 -0.01127696 -0.00509423 -0.04621523 -0.01131099 -0.001541972 -0.04628288 -0.01175248 -0.001637518 -0.04624444 -0.01205998 -0.001755118 -0.04621148 -0.01231145 -0.001887977 -0.04618489 -0.01250356 -0.00203675 -0.04616224 -0.01265949 -0.002268493 -0.04613471 -0.01283556 -0.002500176 -0.04611313 -0.01295989 -0.002722859 -0.04609638 -0.01304376 -0.002932131 -0.04608368 -0.0130949 -0.003144383 -0.04607391 -0.01312088 -0.0033589 -0.0460667 -0.01312232 -0.003573358 -0.04606235 -0.01309901 -0.003781974 -0.04606086 -0.01305103 -0.003984451 -0.04606235 -0.01297885 -0.004177451 -0.04606688 -0.01288384 -0.004357874 -0.04607415 -0.01276749 -0.004524052 -0.0460841 -0.01263082 -0.004672646 -0.04609674 -0.01247584 -0.004799306 -0.046112 -0.01230502 -0.004901409 -0.04613012 -0.01211637 -0.004976451 -0.04615062 -0.01191532 -0.005046725 -0.04618251 -0.01161605 -0.001450479 -0.04693669 -0.003601551 -0.001446068 -0.04663681 -0.003590524 -0.001443088 -0.04603749 -0.01128166 -0.001447439 -0.04633539 -0.01131606 -0.002329826 -0.04696273 -0.002094805 -0.002323091 -0.04666286 -0.002088785 -0.001876652 -0.04666292 -0.002496123 -0.001687586 -0.04666036 -0.002730429 -0.001587927 -0.04665696 -0.002908051 -0.001531124 -0.04665333 -0.003061354 -0.00148952 -0.04664838 -0.003242433 -0.001446068 -0.04663681 -0.003590524 -0.001450479 -0.04693669 -0.003601551 -0.001881957 -0.04696279 -0.002503514 -0.001692414 -0.04696023 -0.002738595 -0.001592457 -0.04695677 -0.002916932 -0.001535654 -0.04695326 -0.003070712 -0.00149399 -0.04694813 -0.003252387 -0.006025314 -0.04652386 0 -0.006044626 -0.04682332 0 -0.002323091 -0.04666286 -0.002088785 -0.002329826 -0.04696273 -0.002094805 -0.01074916 -0.04639792 -0.00153625 -0.01114666 -0.04635864 -0.001164138 -0.01131641 -0.04634135 -9.5199e-4 -0.0114153 -0.04633164 -7.73489e-4 -0.01146674 -0.04632651 -6.33165e-4 -0.01150035 -0.04632347 -4.80577e-4 -0.01153457 -0.04632049 -1.75551e-4 -0.01071631 -0.04609972 -0.001531541 -0.01111268 -0.04606056 -0.001160681 -0.01128208 -0.04604333 -9.49159e-4 -0.01138073 -0.04603368 -7.7121e-4 -0.01143199 -0.04602867 -6.31288e-4 -0.01146548 -0.04602563 -4.79147e-4 -0.0114997 -0.04602265 -1.75014e-4 -0.00510329 -0.04675889 -0.004750192 -0.005087137 -0.04645979 -0.004735112 -0.01071631 -0.04609972 -0.001531541 -0.01074916 -0.04639792 -0.00153625 -0.005078852 -0.04591763 -0.01127696 -0.00509423 -0.04621523 -0.01131099 -0.005087137 -0.04645979 -0.004735112 -0.00510329 -0.04675889 -0.004750192 0.04000002 -0.01947093 9.99987e-4 0.04000002 -0.01646107 9.99987e-4 0.04000002 -0.01947093 -9.99987e-4 0.04000002 -0.01646107 -9.99987e-4 0.00485599 -0.04656493 0.002851486 0.004827976 -0.04657191 0.002544403 0.004749119 -0.04658067 0.002246022 0.004622817 -0.0465908 0.001965165 0.004469454 -0.04660081 0.001734018 0.004301369 -0.04661059 0.001548588 0.004109144 -0.0466203 0.001389265 0.003896832 -0.04663026 0.001257658 0.003682911 -0.04663914 0.001161873 0.003471255 -0.04664713 0.001098394 0.003252983 -0.04665452 0.001061618 0.003032386 -0.04666107 0.001051962 0.002811074 -0.04666703 0.001069605 0.002594411 -0.0466721 0.001113474 0.002385437 -0.04667609 0.001183629 0.002185404 -0.04667925 0.00127995 0.001999974 -0.04668146 0.001399815 0.001830816 -0.04668247 0.001541972 0.001678824 -0.04668283 0.001703858 0.001548588 -0.046682 0.001881659 0.001441121 -0.04668051 0.002075493 0.001358628 -0.0466783 0.002281308 0.001302123 -0.04667532 0.00249511 0.001275718 -0.0466724 0.002672374 0.001266658 -0.046669 0.002852201 0.001281619 -0.04666423 0.003086686 0.001327276 -0.04665905 0.003316283 0.001403391 -0.04665327 0.003539085 0.001507163 -0.04664719 0.003749132 0.00163722 -0.04664075 0.003944516 0.001791656 -0.04663389 0.004122138 0.001967728 -0.04662716 0.004276812 0.002163112 -0.04662013 0.004407048 0.002373278 -0.04661291 0.00451076 0.002595305 -0.04660594 0.004586458 0.002825558 -0.04659891 0.004633069 0.003059387 -0.04659199 0.004649162 0.00329411 -0.0465855 0.004633665 0.003524482 -0.04657936 0.004587769 0.00374639 -0.04657363 0.004512608 0.003957927 -0.04656869 0.004408717 0.004152357 -0.0465644 0.004278481 0.004328012 -0.04656118 0.004122674 0.004482269 -0.04655879 0.003944814 0.004612386 -0.04655766 0.003749549 0.004717588 -0.0465576 0.003538668 0.00479418 -0.04655861 0.003317475 0.00484097 -0.04656124 0.003087878 0.007664084 -0.04633414 0.004686832 0.002154052 -0.04647624 0.007974624 0.007670283 -0.04640007 0.00105983 0.005819857 -0.04653704 6.64592e-6 0.005806982 -0.04653769 0 0.01125222 -0.04605138 0 0.01129961 -0.04604572 0 0.01130682 -0.04604476 1.8999e-5 0.01129287 -0.04593837 0.005904734 0.0104978 -0.04597115 0.00729078 0.01089936 -0.04594349 0.006909728 0.01107066 -0.04593324 0.006693184 0.01117032 -0.04592937 0.006511509 0.01122248 -0.04592907 0.006368935 0.01125699 -0.04593104 0.006214082 0.003986418 -0.04623842 0.01109439 0.001614332 -0.04645472 0.008517086 0.001458466 -0.0464437 0.008745431 0.001360893 -0.04643255 0.008956134 0.001301944 -0.04642099 0.009162306 0.001267552 -0.04640418 0.009449183 0.001277387 -0.04638808 0.009709715 0.001317203 -0.0463733 0.009941995 0.001378059 -0.04635983 0.01014626 0.001461923 -0.04634666 0.01034063 0.001567721 -0.04633355 0.01052427 0.001694798 -0.04632067 0.01069551 0.001839995 -0.04630851 0.01084947 0.002002537 -0.04629707 0.01098579 0.002180874 -0.04628628 0.01110261 0.002370357 -0.04627633 0.01119792 0.002569973 -0.04626733 0.01127094 0.002777338 -0.04625934 0.01132011 0.002987325 -0.0462526 0.01134228 0.003200054 -0.04624748 0.01133549 0.00341016 -0.0462439 0.01129895 0.003701925 -0.04624068 0.01120793 0.005832195 -0.04683685 3.09944e-6 0.005819857 -0.04653704 6.64592e-6 0.005806982 -0.04653769 0 0.01234281 -0.04566758 -0.01054733 0.01230645 -0.04537153 -0.0105164 0.0124107 -0.04527795 -0.01126009 0.01239818 -0.04524844 -0.01153159 0.01235026 -0.04522848 -0.01175528 0.01227408 -0.04521441 -0.01195335 0.01213049 -0.04520195 -0.01220077 0.01196765 -0.04519701 -0.01240122 0.01179796 -0.04519706 -0.01256144 0.01162797 -0.04520124 -0.01268684 0.01144582 -0.04520899 -0.01279079 0.01125288 -0.04522037 -0.01287311 0.01105076 -0.04523503 -0.01293277 0.01084464 -0.04525297 -0.01296824 0.01063585 -0.04527395 -0.01297914 0.01042681 -0.04529774 -0.01296615 0.01022154 -0.04532361 -0.01292932 0.01002138 -0.04535162 -0.01286876 0.009830236 -0.04538112 -0.01278513 0.009652793 -0.04541194 -0.01267921 0.00949043 -0.04544383 -0.01254892 0.009348154 -0.04547595 -0.01239681 0.009175002 -0.04552173 -0.0121538 0.009021341 -0.04556655 -0.01189661 0.009048044 -0.04586333 -0.01193183 0.01244717 -0.04557383 -0.01129311 0.01243478 -0.04554432 -0.01156526 0.01238667 -0.04552417 -0.01178973 0.01231062 -0.04551017 -0.01198828 0.01216661 -0.04549777 -0.01223623 0.01200354 -0.04549258 -0.0124374 0.01183331 -0.04549276 -0.01259797 0.0116629 -0.04549694 -0.01272404 0.01148051 -0.04550457 -0.01282829 0.01128703 -0.04551607 -0.01291084 0.01108419 -0.04553091 -0.01297086 0.01087772 -0.04554873 -0.01300626 0.01066827 -0.04556971 -0.01301759 0.01045882 -0.0455935 -0.01300466 0.01025295 -0.04561936 -0.01296782 0.01005232 -0.04564756 -0.01290708 0.009860515 -0.04567724 -0.01282364 0.009682536 -0.04570794 -0.01271766 0.009519577 -0.04573982 -0.01258701 0.009376704 -0.04577231 -0.0124346 0.009202659 -0.0458182 -0.01219046 0.01068699 -0.04619961 -0.006540358 0.01065486 -0.04590207 -0.006520748 0.01230645 -0.04537153 -0.0105164 0.01234281 -0.04566758 -0.01054733 0.00738734 -0.04640054 -0.007924377 0.00736469 -0.04610246 -0.007900238 0.007258832 -0.04616814 -0.007153332 0.007270634 -0.04618716 -0.006880581 0.007318139 -0.04619932 -0.006655991 0.007393777 -0.04620701 -0.006457448 0.007537007 -0.04621207 -0.006209433 0.007699728 -0.04621195 -0.006008625 0.007869482 -0.04620826 -0.005848169 0.008039355 -0.0462017 -0.005722403 0.008221268 -0.04619246 -0.005618095 0.008414268 -0.04618078 -0.005535483 0.008616685 -0.04616636 -0.005475819 0.008822977 -0.04614979 -0.005440235 0.009032309 -0.04613119 -0.005429089 0.0092417 -0.04611068 -0.005442321 0.009447693 -0.04608899 -0.005479693 0.009648442 -0.0460658 -0.005540788 0.009840548 -0.04604202 -0.005625009 0.01001876 -0.0460177 -0.005731642 0.01018214 -0.04599314 -0.005862951 0.01032531 -0.045969 -0.006016254 0.01049995 -0.04593545 -0.006261408 0.01065486 -0.04590207 -0.006520748 0.01068699 -0.04619961 -0.006540358 0.007281184 -0.04646652 -0.007175207 0.007293105 -0.04648554 -0.006901741 0.007340848 -0.04649776 -0.006676435 0.007416725 -0.04650545 -0.006477296 0.007560372 -0.04651057 -0.006228685 0.00772351 -0.04651045 -0.006027281 0.007893741 -0.0465067 -0.005866289 0.008064091 -0.0465002 -0.005740106 0.008246481 -0.0464909 -0.00563544 0.008440017 -0.0464791 -0.005552709 0.008642971 -0.04646474 -0.005492687 0.008849799 -0.04644817 -0.005456984 0.009059727 -0.04642951 -0.005445778 0.009269773 -0.04640907 -0.00545901 0.009476363 -0.04638701 -0.005496323 0.009677648 -0.04636389 -0.005557656 0.00987035 -0.04633992 -0.005641937 0.01004916 -0.04631567 -0.005748808 0.01021277 -0.04629117 -0.005880713 0.01035636 -0.04626697 -0.006034374 0.0105316 -0.04623305 -0.006280243 0.009048044 -0.04586333 -0.01193183 0.00738734 -0.04640054 -0.007924377 0.009021341 -0.04556655 -0.01189661 0.00736469 -0.04610246 -0.007900238 0.002135992 -0.04696691 -0.002094209 0.005649209 -0.04684793 0 0.002129912 -0.04666703 -0.002088308 0.005631268 -0.0465486 0 0.001257002 -0.04693937 -0.003601193 0.001253247 -0.04663962 -0.003590226 0.001388013 -0.04665726 -0.003001511 0.001499414 -0.04666352 -0.002721846 0.001605272 -0.04666632 -0.002547681 0.001710951 -0.04666751 -0.002422988 0.001848161 -0.04666811 -0.00229758 0.002129912 -0.04666703 -0.002088308 0.002135992 -0.04696691 -0.002094209 0.001392126 -0.04695713 -0.003010511 0.001503646 -0.04696339 -0.002729952 0.001609683 -0.04696619 -0.002555072 0.00171566 -0.04696738 -0.002429962 0.001853287 -0.04696798 -0.002304077 0.001256704 -0.0463382 -0.0113157 0.001252949 -0.04604005 -0.01128143 0.001253247 -0.04663962 -0.003590226 0.001257002 -0.04693937 -0.003601193 0.004903674 -0.04622507 -0.01130968 0.004889011 -0.0459274 -0.01127558 0.004794657 -0.04588168 -0.0117079 0.004697263 -0.04584926 -0.01201862 0.004579067 -0.04582411 -0.01226979 0.00444591 -0.04580616 -0.01246172 0.00429672 -0.04579305 -0.01261764 0.004064679 -0.04578042 -0.01279377 0.003832936 -0.04577338 -0.01291847 0.003610253 -0.04577088 -0.01300251 0.003401339 -0.04577142 -0.01305395 0.003189504 -0.04577493 -0.01308041 0.002975404 -0.04578143 -0.0130825 0.002761602 -0.04579061 -0.01305955 0.002553701 -0.04580235 -0.01301229 0.002352178 -0.0458166 -0.0129407 0.002160072 -0.04583323 -0.01284629 0.001980662 -0.04585182 -0.01273047 0.001815736 -0.04587239 -0.01259458 0.001668274 -0.0458945 -0.01244032 0.001542985 -0.04591768 -0.01226997 0.001441836 -0.04594254 -0.01208198 0.001368165 -0.04596775 -0.01188188 0.001299262 -0.04600417 -0.0115844 0.001252949 -0.04604005 -0.01128143 0.001256704 -0.0463382 -0.0113157 0.004809081 -0.04617941 -0.011743 0.004711389 -0.04614681 -0.0120548 0.004592776 -0.04612141 -0.01230669 0.004459083 -0.04610353 -0.01249915 0.004309475 -0.04609048 -0.01265543 0.004076719 -0.0460776 -0.01283216 0.003844261 -0.04607081 -0.01295697 0.003621101 -0.04606819 -0.01304119 0.003411412 -0.04606872 -0.01309281 0.003198981 -0.04607236 -0.01311945 0.002984285 -0.04607874 -0.01312142 0.002769947 -0.04608792 -0.01309859 0.00256139 -0.04609972 -0.01305121 0.002359271 -0.04611396 -0.01297932 0.002166569 -0.04613059 -0.01288467 0.001986682 -0.04614943 -0.01276862 0.00182116 -0.04616987 -0.01263231 0.0016734 -0.04619199 -0.01247769 0.001547515 -0.04621553 -0.01230686 0.001446247 -0.04624027 -0.01211833 0.001372218 -0.04626566 -0.01191782 0.001303136 -0.04630208 -0.01161944 0.004910588 -0.04676932 -0.004749119 0.004894912 -0.0464701 -0.00473392 0.004889011 -0.0459274 -0.01127558 0.004903674 -0.04622507 -0.01130968 0.01055651 -0.04641896 -0.001533687 0.01052439 -0.0461207 -0.001528978 0.004894912 -0.0464701 -0.00473392 0.004910588 -0.04676932 -0.004749119 0.01134181 -0.0463429 -1.72779e-4 0.01130735 -0.046045 -1.72243e-4 0.01118379 -0.04605674 -7.02023e-4 0.01108527 -0.0460658 -9.54881e-4 0.0109803 -0.04607588 -0.00112915 0.010885 -0.04608505 -0.001243293 0.01077026 -0.0460965 -0.001348257 0.01052439 -0.0461207 -0.001528978 0.01055651 -0.04641896 -0.001533687 0.01121801 -0.04635483 -7.04169e-4 0.01111894 -0.04636389 -9.57772e-4 0.0110138 -0.04637402 -0.001132488 0.0109182 -0.04638332 -0.001247048 0.01080316 -0.0463947 -0.00135231 0.01128619 -0.04634958 0 0.01125222 -0.04605138 0 0.01130735 -0.046045 -1.72243e-4 0.01134181 -0.0463429 -1.72779e-4 0.01132208 -0.04619443 -7.87526e-5 0.01129961 -0.04604572 0 0.01133412 -0.04634392 0 0.01125222 -0.04605138 0 0.01128619 -0.04634958 0 -0.005078852 -0.04591763 -0.01127696 -0.005087137 -0.04645979 -0.004735112 -0.001443088 -0.04603749 -0.01128166 -0.001537263 -0.0459851 -0.0117172 -0.001632571 -0.04594653 -0.01202374 -0.001749873 -0.04591369 -0.01227468 -0.001882374 -0.04588747 -0.01246619 -0.00203073 -0.04586482 -0.01262176 -0.002261877 -0.04583728 -0.01279729 -0.002493083 -0.04581558 -0.01292151 -0.00271517 -0.04579889 -0.01300489 -0.002923965 -0.04578644 -0.01305598 -0.003135681 -0.04577642 -0.01308184 -0.003349602 -0.04576945 -0.01308321 -0.003563523 -0.0457651 -0.01305991 -0.003771722 -0.04576367 -0.01301193 -0.003973484 -0.04576522 -0.01293987 -0.004166007 -0.04576963 -0.01284492 -0.004345953 -0.0457769 -0.01272881 -0.004511535 -0.04578673 -0.01259225 -0.004659593 -0.04579949 -0.0124377 -0.004785776 -0.04581469 -0.01226705 -0.004887521 -0.04583281 -0.01207876 -0.004962027 -0.04585313 -0.01187843 -0.005031824 -0.0458849 -0.01158028 -0.001446068 -0.04663681 -0.003590524 -0.002323091 -0.04666286 -0.002088785 -0.001876652 -0.04666292 -0.002496123 -0.001687586 -0.04666036 -0.002730429 -0.001587927 -0.04665696 -0.002908051 -0.001531124 -0.04665333 -0.003061354 -0.00148952 -0.04664838 -0.003242433 -0.006025314 -0.04652386 0 -0.01150524 -0.04602181 0 -0.0114997 -0.04602265 -1.75014e-4 -0.01071631 -0.04609972 -0.001531541 -0.01111268 -0.04606056 -0.001160681 -0.01128208 -0.04604333 -9.49159e-4 -0.01138073 -0.04603368 -7.7121e-4 -0.01143199 -0.04602867 -6.31288e-4 -0.01146548 -0.04602563 -4.79147e-4 -0.007371962 -0.04641926 -0.0012483 -0.00645411 -0.04641926 -0.003774762 -0.004353404 -0.0465821 -0.002546072 -0.004602134 -0.04641926 -0.005892813 -0.002993643 -0.04615086 -0.009913504 -0.00310415 -0.0465821 -0.003974795 -0.002161443 -0.04641926 -0.007157683 -0.007420301 -0.04615116 -0.007219374 -0.007447004 -0.04612559 -0.007529318 -0.007492721 -0.04610729 -0.007717967 -0.007555544 -0.04608774 -0.007902085 -0.0108456 -0.04588121 -0.006523132 -0.01040595 -0.04596549 -0.005935609 -0.01026028 -0.04598909 -0.005794048 -0.01009953 -0.04601287 -0.005671918 -0.009922266 -0.04603666 -0.005574703 -0.009687185 -0.04606497 -0.005490124 -0.009460628 -0.04608952 -0.005445003 -0.00922954 -0.04611253 -0.005429506 -0.008998692 -0.04613339 -0.005443394 -0.008797824 -0.04614979 -0.005479753 -0.008571088 -0.04616618 -0.005549967 -0.008329451 -0.0461806 -0.005664229 -0.008157491 -0.04618877 -0.005774736 -0.008002281 -0.04619395 -0.005901396 -0.00786221 -0.04619652 -0.00604552 -0.00773859 -0.04619652 -0.006205618 -0.007634103 -0.04619354 -0.006377339 -0.007549107 -0.04618799 -0.00655961 -0.007484138 -0.04617995 -0.006750524 -0.007436454 -0.04616725 -0.006982088 -0.01249539 -0.04534775 -0.01051884 -0.009210646 -0.04554915 -0.01189875 -0.009660661 -0.04543399 -0.01249629 -0.009860217 -0.04539173 -0.0126782 -0.01005101 -0.0453571 -0.01280146 -0.01024317 -0.04532676 -0.01288658 -0.01051771 -0.04528909 -0.01295804 -0.01077306 -0.04525882 -0.01298308 -0.01100504 -0.04523468 -0.01297461 -0.01121294 -0.04521596 -0.01294195 -0.01141422 -0.04520034 -0.01288563 -0.01160824 -0.04518824 -0.01280599 -0.01179301 -0.04517978 -0.01270413 -0.01196348 -0.04517483 -0.01258206 -0.01211887 -0.04517394 -0.01244074 -0.01225751 -0.04517668 -0.01228141 -0.01237636 -0.04518318 -0.0121085 -0.01247501 -0.04519325 -0.01192265 -0.01255112 -0.0452069 -0.01172649 -0.01260179 -0.04522395 -0.01152449 -0.01262456 -0.04524487 -0.01131618 -0.01261776 -0.04526913 -0.01110678 -0.01256865 -0.04530757 -0.01081097 -0.01018553 -0.04577672 -0.008785963 0.04049998 -0.01947093 0 0.04049861 -0.01947093 -3.33369e-4 0.0404945 -0.01947093 -6.66708e-4 0.04048752 -0.01947093 -9.99987e-4 0.04000002 -0.01947093 -9.99987e-4 0.04000002 -0.01947093 9.99987e-4 0.04048705 -0.01947093 9.99987e-4 0.01130735 -0.046045 -1.72243e-4 0.01118379 -0.04605674 -7.02023e-4 0.01108527 -0.0460658 -9.54881e-4 0.0109803 -0.04607588 -0.00112915 0.010885 -0.04608505 -0.001243293 0.01077026 -0.0460965 -0.001348257 0.01052439 -0.0461207 -0.001528978 0.01125222 -0.04605138 0 0.005806982 -0.04653769 0 0.005631268 -0.0465486 0 0.002129912 -0.04666703 -0.002088308 0.001253247 -0.04663962 -0.003590226 0.001388013 -0.04665726 -0.003001511 0.001499414 -0.04666352 -0.002721846 0.001605272 -0.04666632 -0.002547681 0.001710951 -0.04666751 -0.002422988 0.001848161 -0.04666811 -0.00229758 0.001252949 -0.04604005 -0.01128143 0.004889011 -0.0459274 -0.01127558 0.004794657 -0.04588168 -0.0117079 0.004697263 -0.04584926 -0.01201862 0.004579067 -0.04582411 -0.01226979 0.00444591 -0.04580616 -0.01246172 0.00429672 -0.04579305 -0.01261764 0.004064679 -0.04578042 -0.01279377 0.003832936 -0.04577338 -0.01291847 0.003610253 -0.04577088 -0.01300251 0.003401339 -0.04577142 -0.01305395 0.003189504 -0.04577493 -0.01308041 0.002975404 -0.04578143 -0.0130825 0.002761602 -0.04579061 -0.01305955 0.002553701 -0.04580235 -0.01301229 0.002352178 -0.0458166 -0.0129407 0.002160072 -0.04583323 -0.01284629 0.001980662 -0.04585182 -0.01273047 0.001815736 -0.04587239 -0.01259458 0.001668274 -0.0458945 -0.01244032 0.001542985 -0.04591768 -0.01226997 0.001441836 -0.04594254 -0.01208198 0.001368165 -0.04596775 -0.01188188 0.001299262 -0.04600417 -0.0115844 0.004894912 -0.0464701 -0.00473392 0.00282526 -0.04616087 -0.009863495 0.002024531 -0.04642897 -0.007068157 0.00447762 -0.04642897 -0.005831718 0.002986848 -0.04658943 -0.003890216 0.007255375 -0.04642897 -0.001190066 0.01065486 -0.04590207 -0.006520748 0.01230645 -0.04537153 -0.0105164 0.00736469 -0.04610246 -0.007900238 0.007258832 -0.04616814 -0.007153332 0.007270634 -0.04618716 -0.006880581 0.007318139 -0.04619932 -0.006655991 0.007393777 -0.04620701 -0.006457448 0.007537007 -0.04621207 -0.006209433 0.007699728 -0.04621195 -0.006008625 0.007869482 -0.04620826 -0.005848169 0.008039355 -0.0462017 -0.005722403 0.008221268 -0.04619246 -0.005618095 0.008414268 -0.04618078 -0.005535483 0.008616685 -0.04616636 -0.005475819 0.008822977 -0.04614979 -0.005440235 0.009032309 -0.04613119 -0.005429089 0.0092417 -0.04611068 -0.005442321 0.009447693 -0.04608899 -0.005479693 0.009648442 -0.0460658 -0.005540788 0.009840548 -0.04604202 -0.005625009 0.01001876 -0.0460177 -0.005731642 0.01018214 -0.04599314 -0.005862951 0.01032531 -0.045969 -0.006016254 0.01049995 -0.04593545 -0.006261408 0.009021341 -0.04556655 -0.01189661 0.0124107 -0.04527795 -0.01126009 0.01239818 -0.04524844 -0.01153159 0.01235026 -0.04522848 -0.01175528 0.01227408 -0.04521441 -0.01195335 0.01213049 -0.04520195 -0.01220077 0.01196765 -0.04519701 -0.01240122 0.01179796 -0.04519706 -0.01256144 0.01162797 -0.04520124 -0.01268684 0.01144582 -0.04520899 -0.01279079 0.01125288 -0.04522037 -0.01287311 0.01105076 -0.04523503 -0.01293277 0.01084464 -0.04525297 -0.01296824 0.01063585 -0.04527395 -0.01297914 0.01042681 -0.04529774 -0.01296615 0.01022154 -0.04532361 -0.01292932 0.01002138 -0.04535162 -0.01286876 0.009830236 -0.04538112 -0.01278513 0.009652793 -0.04541194 -0.01267921 0.00949043 -0.04544383 -0.01254892 0.009348154 -0.04547595 -0.01239681 0.009175002 -0.04552173 -0.0121538 0.009992778 -0.04579669 -0.008781492 0 -0.01646107 0.03099983 0.005383074 -0.01646107 0.03052902 0.01060259 -0.01646107 0.02913033 0.01549988 -0.01646107 0.02684664 0.0199263 -0.01646107 0.02374732 0.02374738 -0.01646107 0.01992624 0.02684664 -0.01646107 0.01549983 0.02913033 -0.01646107 0.01060259 0.03052902 -0.01646107 0.005383074 0.03099989 -0.01646107 0 0.03052902 -0.01646107 -0.005383074 0.02913033 -0.01646107 -0.01060259 0.02684664 -0.01646107 -0.01549988 0.02374738 -0.01646107 -0.01992624 0.0199263 -0.01646107 -0.02374738 0.01549988 -0.01646107 -0.02684664 0.01060259 -0.01646107 -0.02913033 0.005383074 -0.01646107 -0.03052902 0 -0.01646107 -0.03099983 0 -0.02646106 0.03099983 0.005383074 -0.02646106 0.03052902 0.01060259 -0.02646106 0.02913033 0.01549988 -0.02646106 0.02684664 0.0199263 -0.02646106 0.02374732 0.02374738 -0.02646106 0.01992624 0.02684664 -0.02646106 0.01549983 0.02913033 -0.02646106 0.01060259 0.03052902 -0.02646106 0.005383074 0.03099989 -0.02646106 0 0.03052902 -0.02646106 -0.005383074 0.02913033 -0.02646106 -0.01060259 0.02684664 -0.02646106 -0.01549988 0.02374738 -0.02646106 -0.01992624 0.0199263 -0.02646106 -0.02374738 0.01549988 -0.02646106 -0.02684664 0.01060259 -0.02646106 -0.02913033 0.005383074 -0.02646106 -0.03052902 0 -0.02646106 -0.03099983 0 -0.02646106 0.03099983 0.005383074 -0.02646106 0.03052902 0.01060259 -0.02646106 0.02913033 0.01549988 -0.02646106 0.02684664 0.0199263 -0.02646106 0.02374732 0.02374738 -0.02646106 0.01992624 0.02684664 -0.02646106 0.01549983 0.02913033 -0.02646106 0.01060259 0.03052902 -0.02646106 0.005383074 0.03099989 -0.02646106 0 0.03052902 -0.02646106 -0.005383074 0.02913033 -0.02646106 -0.01060259 0.02684664 -0.02646106 -0.01549988 0.02374738 -0.02646106 -0.01992624 0.0199263 -0.02646106 -0.02374738 0.01549988 -0.02646106 -0.02684664 0.01060259 -0.02646106 -0.02913033 0.005383074 -0.02646106 -0.03052902 0 -0.02646106 -0.03099983 -0.005383074 -0.02646106 -0.03052902 -0.01060259 -0.02646106 -0.02913033 -0.01549983 -0.02646106 -0.02684664 -0.01992624 -0.02646106 -0.02374738 -0.02374732 -0.02646106 -0.01992624 -0.02684664 -0.02646106 -0.01549988 -0.02913028 -0.02646106 -0.01060259 -0.03052902 -0.02646106 -0.005383074 -0.03099983 -0.02646106 0 -0.03052902 -0.02646106 0.005383074 -0.02913028 -0.02646106 0.01060259 -0.02684664 -0.02646106 0.01549983 -0.02374732 -0.02646106 0.01992624 -0.01992624 -0.02646106 0.02374732 -0.01549983 -0.02646106 0.02684664 -0.01060259 -0.02646106 0.02913033 -0.005383074 -0.02646106 0.03052902 0.03099989 0 0.1525 0.03052902 0.005383074 0.1525 0.02913033 0.01060259 0.1525 0.02684664 0.01549983 0.1525 0.02374738 0.01992624 0.1525 0.0199263 0.02374732 0.1525 0.01549988 0.02684664 0.1525 0.01060259 0.02913033 0.1525 0.005383074 0.03052902 0.1525 0 0.03099983 0.1525 -0.005383074 0.03052902 0.1525 -0.01060259 0.02913033 0.1525 -0.01549983 0.02684664 0.1525 -0.01992624 0.02374732 0.1525 -0.02374732 0.01992624 0.1525 -0.02684664 0.01549983 0.1525 -0.02913028 0.01060259 0.1525 -0.03052902 0.005383074 0.1525 -0.03099983 0 0.1525 0.03099989 0 0.1424999 0.03052902 0.005383074 0.1424999 0.02913033 0.01060259 0.1424999 0.02684664 0.01549983 0.1424999 0.02374738 0.01992624 0.1424999 0.0199263 0.02374732 0.1424999 0.01549988 0.02684664 0.1424999 0.01060259 0.02913033 0.1424999 0.005383074 0.03052902 0.1424999 0 0.03099983 0.1424999 -0.005383074 0.03052902 0.1424999 -0.01060259 0.02913033 0.1424999 -0.01549983 0.02684664 0.1424999 -0.01992624 0.02374732 0.1424999 -0.02374732 0.01992624 0.1424999 -0.02684664 0.01549983 0.1424999 -0.02913028 0.01060259 0.1424999 -0.03052902 0.005383074 0.1424999 -0.03099983 0 0.1424999 0.03099989 0 0.1424999 0.03052902 0.005383074 0.1424999 0.02913033 0.01060259 0.1424999 0.02684664 0.01549983 0.1424999 0.02374738 0.01992624 0.1424999 0.0199263 0.02374732 0.1424999 0.01549988 0.02684664 0.1424999 0.01060259 0.02913033 0.1424999 0.005383074 0.03052902 0.1424999 0 0.03099983 0.1424999 -0.005383074 0.03052902 0.1424999 -0.01060259 0.02913033 0.1424999 -0.01549983 0.02684664 0.1424999 -0.01992624 0.02374732 0.1424999 -0.02374732 0.01992624 0.1424999 -0.02684664 0.01549983 0.1424999 -0.02913028 0.01060259 0.1424999 -0.03052902 0.005383074 0.1424999 -0.03099983 0 0.1424999 -0.03052902 -0.005383074 0.1424999 -0.02913028 -0.01060259 0.1424999 -0.02684664 -0.01549983 0.1424999 -0.02374732 -0.01992624 0.1424999 -0.01992624 -0.02374732 0.1424999 -0.01549983 -0.02684664 0.1424999 -0.01060259 -0.02913033 0.1424999 -0.005383074 -0.03052902 0.1424999 0 -0.03099983 0.1424999 0.005383074 -0.03052902 0.1424999 0.01060259 -0.02913033 0.1424999 0.01549988 -0.02684664 0.1424999 0.0199263 -0.02374732 0.1424999 0.02374738 -0.01992624 0.1424999 0.02684664 -0.01549983 0.1424999 0.02913033 -0.01060259 0.1424999 0.03052902 -0.005383074 0.1424999 0.03498572 9.99987e-4 0.1495 0.03469985 9.99987e-4 0.1495 0.03469985 9.99987e-4 0.1525 0.03498572 9.99987e-4 0.1525 0.03469985 9.99987e-4 0.1495 0.03469985 0 0.1495 0.03469985 -9.99998e-4 0.1495 0.03469985 -9.99998e-4 0.1525 0.03469985 9.99987e-4 0.1525 0.03469985 -9.99998e-4 0.1525 0.03498572 -9.99998e-4 0.1525 0.03469985 -9.99998e-4 0.1495 0.03498572 -9.99998e-4 0.1495</float_array>
          <technique_common>
            <accessor source="#link_2-mesh-positions-array" count="3372" stride="3">
              <param name="X" type="float"/>
              <param name="Y" type="float"/>
              <param name="Z" type="float"/>
            </accessor>
          </technique_common>
        </source>
        <source id="link_2-mesh-normals">
          <float_array id="link_2-mesh-normals-array" count="9603">1 9.79677e-5 0 0.9848071 0.1736519 0 1 9.86829e-5 0 0.9848076 0.17365 0 0.939689 0.3420302 0 0.9396895 0.3420289 0 0.8660274 0.4999967 0 0.8660272 0.4999969 0 0.7660462 0.6427857 0 0.7660465 0.6427853 0 0.6427854 0.7660464 0 0.6427856 0.7660461 0 0.5000006 0.8660251 0 0.5000019 0.8660243 0 0.3420287 0.9396895 0 0.3420302 0.939689 0 0.1736451 0.9848084 0 0.1736467 0.9848081 0 0 1 0 -0.1736459 0.9848082 0 -0.173646 0.9848082 0 -0.3420281 0.9396898 0 -0.3420263 0.9396904 0 -0.5000004 0.8660252 0 -0.4999985 0.8660264 0 -0.642787 0.766045 0 -0.6427846 0.766047 0 -0.7660493 0.6427819 0 -0.7660483 0.642783 0 -0.8660269 0.4999974 0 -0.8660272 0.4999969 0 -0.9396898 0.3420283 0 -0.939689 0.3420302 0 -0.9848074 0.1736503 0 -0.9848071 0.1736519 0 -1 6.11544e-5 0 -1 6.04391e-5 0 9.78485e-5 0 1 0.1736471 0 0.984808 9.85637e-5 0 1 0.1736449 0 0.9848084 0.3420301 0 0.939689 0.3420286 0 0.9396895 0.4999971 0 0.8660271 0.4999976 0 0.8660268 0.6427859 0 0.766046 0.6427844 0 0.7660473 0.7660471 0 0.6427845 0.7660459 0 0.6427859 0.8660272 0 0.4999969 0.8660264 0 0.4999983 0.9396904 0 0.3420265 0.9396898 0 0.3420282 0.9848075 0 0.1736502 0.9848071 0 0.173652 1 0 0 1 0 0 0.9848073 0 -0.1736511 0.9848073 0 -0.1736512 0.9396889 0 -0.3420305 0.9396896 0 -0.3420288 0.8660268 0 -0.4999977 0.8660278 0 -0.4999961 0.7660454 0 -0.6427865 0.7660467 0 -0.642785 0.6427856 0 -0.7660461 0.6427857 0 -0.7660461 0.5000011 0 -0.8660248 0.5000014 0 -0.8660246 0.3420286 0 -0.9396895 0.3420301 0 -0.939689 0.1736449 0 -0.9848084 0.1736471 0 -0.984808 9.7841e-5 0 -1 9.85637e-5 0 -1 1 7.9073e-5 1.97647e-6 1 6.38067e-5 3.81555e-6 0.9852936 0.1708701 -7.83123e-5 0.9848172 0.173595 2.34182e-4 0.9415873 0.3367688 -2.31714e-4 0.9397072 0.34198 3.85536e-4 0.8701688 0.4927538 -3.79047e-4 0.8660274 0.4999966 3.92898e-5 0.7731392 0.6342361 -5.22805e-4 0.7660397 0.6427934 -1.17485e-4 0.6533626 0.757045 -6.61309e-4 0.6427863 0.7660455 -3.10832e-5 0.5143226 0.8575967 -3.00038e-4 0.4999943 0.8660287 -1.46374e-4 0.3601508 0.9328942 1.6806e-5 0.3420245 0.939691 1.27235e-4 0.1954134 0.9807211 -1.07707e-6 0.173667 0.9848045 7.76139e-5 0.09797155 0.9951892 -1.86444e-4 6.53609e-5 1 -1.11395e-4 1.23139e-5 1 6.33092e-6 -0.1708707 0.9852935 -7.76531e-5 -0.1735966 0.9848169 2.35065e-4 -0.3367764 0.9415847 -2.3082e-4 -0.3419757 0.9397088 3.84754e-4 -0.4927518 0.8701698 -3.80045e-4 -0.4999537 0.866052 5.29353e-4 -0.634234 0.773141 -5.23964e-4 -0.6427941 0.766039 -1.18145e-4 -0.7570717 0.653332 -1.70354e-4 -0.7660406 0.6427922 1.15484e-4 -0.8575791 0.5143516 -7.93771e-4 -0.8660233 0.5000039 9.96996e-5 -0.9328948 0.3601491 1.65189e-5 -0.9396905 0.3420261 1.27535e-4 -0.9807208 0.1954146 -5.98782e-7 -0.9848021 0.1736806 1.26203e-4 -0.9951893 0.09797054 -1.86396e-4 -1 7.83985e-5 -3.5963e-6 -1 2.46242e-5 2.07262e-6 0.9999657 -1.10683e-4 -0.008291602 1 -5.3204e-7 1.04392e-5 1 -5.20656e-6 -2.73484e-5 0.9998606 -4.65984e-4 -0.01669383 0.9996944 6.87304e-6 -0.02472561 0.9876891 -2.89539e-5 -0.1564304 0.9807599 1.23894e-5 -0.1952182 0.9510563 1.12467e-5 -0.3090177 0.9996932 -4.11361e-6 -0.02477145 0.9329512 6.73486e-6 -0.3600032 0.8910093 -8.06521e-5 -0.4539852 0.8576768 1.71592e-5 -0.5141893 0.8090176 8.84337e-6 -0.5877844 0.7571526 -1.62171e-5 -0.653238 0.7071059 -1.1934e-5 -0.7071077 0.6343412 1.50721e-5 -0.7730531 0.587782 -3.87765e-5 -0.8090193 0.4928535 5.81201e-5 -0.8701124 0.453984 -2.92049e-5 -0.8910098 0.3368528 5.97485e-5 -0.9415574 0.3090019 -4.64064e-5 -0.9510614 0.1709471 -1.32022e-5 -0.9852803 0.1563306 -1.05772e-4 -0.9877049 4.79203e-5 5.58095e-6 -1 2.23517e-5 3.76505e-6 -1 -1.16751e-5 3.32994e-6 -1 -2.23517e-5 3.74728e-6 -1 -0.1563979 -3.88904e-5 -0.9876942 -0.1736306 7.82602e-5 -0.9848109 -0.3090198 5.52973e-7 -0.9510557 -0.3420152 2.61245e-5 -0.9396945 -0.4539889 -1.37808e-5 -0.8910074 -0.4999981 1.61887e-5 -0.8660266 -0.5877853 -1.47265e-5 -0.809017 -0.6427873 -1.65487e-5 -0.7660447 -0.7071073 -3.42079e-5 -0.7071064 -0.7660439 -1.64453e-5 -0.6427882 -0.8090184 -1.37859e-5 -0.5877833 -0.8660257 1.69822e-5 -0.4999997 -0.8910075 -1.21687e-5 -0.4539887 -0.9396935 2.66382e-5 -0.3420179 -0.9510654 -9.34068e-5 -0.3089898 -0.9848104 3.78056e-5 -0.1736334 -0.9877123 -1.27152e-4 -0.1562833 -1 1.36753e-6 -3.01058e-6 -1 3.17532e-6 -2.2009e-5 -1 -9.6634e-6 8.77117e-6 -0.9895293 3.69409e-6 0.1443327 -0.984807 2.66647e-5 0.1736531 -0.9583308 9.67737e-6 0.2856608 -0.9396928 2.17929e-6 0.3420196 -0.9070726 -1.15922e-5 0.4209745 -0.9120285 2.16722e-4 0.4101268 -0.9084164 -5.24968e-5 0.4180667 -0.1681502 4.33922e-4 0.9857614 -0.1737125 8.13812e-4 0.9847962 -0.3314927 4.11898e-4 0.9434578 5.86688e-5 -1.54672e-4 1 5.89341e-5 -1.57414e-4 1 -0.3421832 -2.06262e-4 0.9396333 -0.5001907 5.63264e-5 0.8659153 -0.4864205 -6.2257e-5 0.8737249 -0.6428752 9.49949e-5 0.765971 -0.6295389 -5.50598e-5 0.776969 -0.766205 1.66729e-4 0.6425963 -0.7524079 -6.51181e-6 0.6586977 -0.8660681 1.46627e-5 0.499926 -0.8525293 -9.46224e-5 0.5226795 -0.8978279 -9.2797e-5 0.4403465 0.9800781 -0.1986132 0 0.9995912 -0.02859175 -4.10102e-5 0.9800788 -0.1986098 0 0.9995912 -0.02859199 4.10673e-6 0.9318577 -0.3628242 0 0.9318591 -0.3628203 0 0.8563457 -0.5164032 0 0.8563477 -0.5163998 0 0.755742 -0.6548695 0 0.7557446 -0.6548665 0 0.6330068 -0.7741463 0 0.633008 -0.7741453 0 0.4917283 -0.8707487 0 0.4917276 -0.8707492 0 0.3360404 -0.9418476 0 0.3360434 -0.9418465 0 0.1705186 -0.9853545 0 0.1705217 -0.985354 0 1.22115e-5 -1 4.08735e-6 1.22115e-5 -1 -4.10673e-6 -0.1736522 -0.9848071 0 -5.71907e-5 -1 4.18009e-6 -5.74216e-5 -1 -4.16036e-6 -0.17365 -0.9848074 0 -0.3420225 -0.9396918 0 -0.3420208 -0.9396925 0 -0.4999909 -0.8660306 0 -0.4999895 -0.8660315 0 -0.6427854 -0.7660464 0 -0.6427843 -0.7660474 0 -0.7660482 -0.6427832 0 -0.766049 -0.6427823 0 -0.8660293 -0.4999932 0 -0.8660286 -0.4999948 0 -0.9396925 -0.3420206 0 -0.9396919 -0.3420221 0 -0.9848076 -0.1736491 0 -0.9848071 -0.1736519 0 -1 1.98073e-6 0 -1 -1.19987e-6 0 -0.984807 0.1736524 0 -0.9848077 0.173649 0 -0.9396921 0.3420216 0 -0.9396927 0.34202 0 -0.8660293 0.4999932 0 -0.8660286 0.4999948 0 -0.7660463 0.6427856 0 -0.7660489 0.6427825 0 -0.6427831 0.7660484 0 -0.6427862 0.7660456 0 -0.4999929 0.8660295 0 -0.4999968 0.8660274 0 -0.3420206 0.9396925 0 -0.3420244 0.9396911 0 -0.1736457 0.9848082 0 -0.173649 0.9848076 0 -5.77718e-5 1 4.16036e-6 -5.79953e-5 1 -4.18008e-6 -1 -3.99798e-5 1.87279e-6 -1 -7.43492e-5 3.53691e-6 -0.9852936 -0.1708701 -7.83037e-5 -0.9848164 -0.173599 2.34723e-4 -0.9415622 -0.3368394 1.05885e-4 -0.9396952 -0.3420134 4.2428e-5 -0.8701691 -0.4927531 -3.79092e-4 -0.866053 -0.499952 5.29993e-4 -0.7731059 -0.6342772 6.61822e-5 -0.766076 -0.6427498 6.69718e-4 -0.6533603 -0.7570469 -6.6171e-4 -0.6428 -0.766034 3.13203e-4 -0.5143471 -0.8575818 -7.93148e-4 -0.5000144 -0.8660171 4.45264e-4 -0.3601632 -0.9328894 -2.29141e-4 -0.3420232 -0.9396916 7.85178e-5 -0.1954152 -0.9807207 -4.71307e-7 -0.1736673 -0.9848045 7.91145e-5 -0.09796333 -0.9951901 -1.87027e-4 -6.52811e-5 -1 -1.11455e-4 -9.33558e-6 -1 5.81938e-6 0.170867 -0.9852942 -7.78509e-5 0.1735997 -0.9848163 2.35737e-4 0.3368627 -0.9415538 2.54749e-4 0.3419767 -0.9397085 3.85892e-4 0.4927529 -0.8701692 -3.78796e-4 0.4999824 -0.8660356 1.86683e-4 0.6342769 -0.7731061 6.6813e-5 0.6427692 -0.7660598 3.25628e-4 0.7570473 -0.6533598 -6.6127e-4 0.7660336 -0.6428005 3.13535e-4 0.8576039 -0.5143108 -1.03486e-4 0.8660266 -0.4999979 -4.79713e-5 0.9328922 -0.3601558 -8.18354e-5 0.9396895 -0.3420289 2.25269e-4 0.9807191 -0.195423 -1.65636e-6 0.9848024 -0.1736785 1.25429e-4 0.9951894 -0.09796941 -1.86818e-4 1 -1.16657e-4 -1.56276e-6 1 -5.46053e-5 1.78955e-6 0 0 1 -1.60999e-5 0 1 -2.21364e-5 0 1 -1.60991e-5 0 1 -2.0126e-5 0 1 4.62924e-5 0 1 5.03099e-6 0 1 4.02484e-6 0 1 -7.98059e-6 0 1 -5.03074e-6 0 1 6.38549e-5 0 1 1.79587e-5 0 1 1.61025e-5 0 1 4.42793e-5 0 1 -4.2262e-5 0 1 6.38478e-5 0 1 -4.78856e-5 0 1 6.44076e-5 0 1 1.59616e-5 0 1 -6.43988e-5 0 1 2.19508e-5 0 1 1.19719e-5 0 1 -4.62833e-5 0 1 -3.99044e-6 0 1 -5.031e-6 0 1 3.99105e-6 0 1 -3.99068e-6 0 1 3.99088e-6 0 1 -6.43942e-5 0 1 4.98763e-6 0 1 3.22046e-5 0 1 -1.9952e-5 0 1 -1.79554e-5 0 1 1.1973e-5 0 1 -0.0118559 0.869773 -0.4933097 2.92506e-4 0.6284325 -0.7778641 -3.59513e-4 0.7352048 -0.6778451 -2.24695e-4 0.7962489 -0.6049692 2.43255e-4 0.8568472 -0.5155705 -0.1709126 0.9852863 -1.08033e-5 7.98926e-5 1 2.98591e-4 -1.22055e-4 0.9853342 -0.1706361 -9.6038e-5 -0.9894248 0.145047 -0.07701241 -0.9772957 0.1973889 -7.3649e-6 -0.9824424 0.1865662 -0.2703416 0.7446639 -0.6102387 -1.39199e-4 0.504666 -0.8633147 -0.1303743 0.8712421 -0.4732227 -0.2753906 0.8505759 -0.447974 -0.4148008 0.8101342 -0.414274 -0.5427278 0.7049189 -0.4566573 -0.5372259 0.7554984 -0.3749811 -0.6454568 0.687658 -0.3324335 -0.6034374 0.6705716 -0.4315057 -0.6509661 0.6391938 -0.4094807 -0.7657126 0.581954 -0.2738865 -0.8567601 0.4679486 -0.2167631 -0.4095186 0.503978 -0.7604608 1.93208e-4 0.5331815 -0.8460009 -0.2781704 0.7134908 -0.6430802 -2.26304e-4 0.8347112 -0.550688 -5.50166e-4 0.7725336 -0.6349737 -6.71253e-4 0.6918756 -0.7220165 -3.50162e-4 0.6126192 -0.7903783 -0.6171977 0.4395012 -0.6526146 -0.2751787 0.8735429 -0.4014967 3.39106e-4 0.9449366 -0.3272532 1.84163e-4 0.8930382 -0.449981 -0.3573823 0.8114743 -0.4623714 -0.6858022 0.402966 -0.6060477 -0.428135 0.7323073 -0.5295531 -0.2759569 0.9032046 -0.3287389 -0.3616337 0.8474214 -0.3887133 -0.4928167 0.8701331 -1.13964e-4 -0.3368588 0.9415552 -1.95384e-4 -0.2750028 0.9222083 -0.2718556 -0.4395952 0.7802322 -0.4449651 -0.6342985 0.7730883 -1.67191e-4 -0.7538319 0.4386894 -0.4891718 -0.7570167 0.6533956 -1.17332e-4 -0.85758 0.5143507 -1.34021e-4 -0.9328951 0.3601485 -1.67266e-4 -0.9807181 0.1954278 -7.98702e-5 -0.9050604 0.1725821 -0.3886918 -0.9639595 0.01222622 -0.265768 -0.3077178 -0.9471169 0.09099173 -1.49618e-4 -1 -9.14801e-5 -0.3601465 -0.9328958 2.02172e-5 -0.5142816 -0.8576214 3.42354e-5 -0.1954217 -0.9807194 3.43509e-5 -0.09812939 -0.9951738 1.88313e-5 -0.9764576 -0.2051501 -0.06666475 -0.9760001 -0.2101487 0.0571075 -0.9384156 -0.3321987 0.09497481 -0.9661579 -0.2549185 -0.03944277 -0.8864203 -0.4448997 0.127764 -0.9526563 -0.3037542 -0.01339268 -0.936208 -0.3512645 0.0113092 -0.8243839 -0.5444416 0.1548373 -0.9109376 -0.4104776 0.04124426 -0.7558665 -0.6304618 0.1765891 -0.6821054 -0.7050838 0.1938795 -0.6056053 -0.7684023 0.2068827 -0.7044881 -0.6941251 0.1479426 -0.5072814 -0.8337941 0.2178374 -0.4036152 -0.8874416 0.2225805 -0.3104947 -0.9243897 0.221578 -0.8061988 -0.5870563 0.07354259 -0.9415807 -0.3367878 -1.6889e-4 -0.9852886 -0.1708986 -4.98369e-5 -0.8701684 -0.4927545 4.15486e-7 -0.7730973 -0.6342875 3.66345e-5 -0.617709 -0.7843419 0.05695146 -0.6533333 -0.7570704 -9.6336e-6 -0.7835377 -0.6140704 0.09479659 -0.9561929 0.181329 -0.2298151 -0.9952334 0.08480077 -0.04816037 -0.9972426 -0.07333278 0.01138371 -0.9342155 0.3237332 -0.1497948 -0.9732036 0.2075968 -0.09888499 -0.9495514 -0.3091975 -0.05243349 -0.9505315 -0.3070055 -0.04730296 -1 2.70051e-5 -2.15337e-4 -0.9951616 0.09825164 -7.23302e-5 -0.3363252 -0.9241826 0.1810305 -0.2045711 -0.9549977 0.2147797 -0.01336479 0.865988 -0.4998862 2.19952e-4 0.796247 -0.6049717 3.78281e-4 0.7352157 -0.6778333 -2.54974e-4 0.8568527 -0.5155615 -2.91189e-4 0.6284356 -0.7778615 0.09821665 0.9951651 -1.57386e-4 4.83692e-5 0.9853365 -0.1706228 -9.83553e-5 1 3.1893e-4 1.30236e-4 -0.9894233 0.1450577 -1.55298e-5 -0.9824429 0.1865637 0.1559162 -0.9653217 0.2093901 0.296544 -0.9290896 0.2210301 0.2703475 0.7446652 -0.6102344 0.5183507 0.7653295 -0.3815539 0.4291363 0.8047605 -0.4101251 0.3237466 0.8388017 -0.4377214 0.2203375 0.8611993 -0.4580254 0.1123507 0.8721374 -0.4761868 1.64457e-4 0.5046865 -0.8633027 0.7336817 0.5844625 -0.3465757 0.8961216 0.4029501 -0.1860038 0.8050297 0.5374984 -0.2510435 0.7193037 0.6274217 -0.2982352 0.6213114 0.704738 -0.3425151 0.4159717 0.5028193 -0.7577206 -1.72034e-4 0.533176 -0.8460045 0.2860147 0.7119665 -0.6413262 5.46277e-4 0.7725471 -0.6349573 1.93074e-4 0.8347074 -0.5506938 7.02009e-4 0.691887 -0.7220055 3.85582e-4 0.6126358 -0.7903653 0.6269844 0.4349484 -0.6463053 0.1991925 0.9204561 -0.3362782 -3.92065e-4 0.9449388 -0.3272472 -2.23316e-4 0.8930335 -0.4499903 0.1954268 0.9807183 1.08629e-5 0.2878991 0.8702155 -0.3997989 0.3695111 0.8073896 -0.4599821 0.6958218 0.3966786 -0.5987305 0.4396355 0.7277405 -0.5264167 0.2887583 0.8997346 -0.3272561 0.3601875 0.9328799 -2.2687e-4 0.3738835 0.8430266 -0.3866744 0.5143338 0.8575901 -5.23925e-5 0.4511917 0.7751255 -0.4422744 0.6533662 0.757042 -1.83284e-4 0.7651189 0.428001 -0.4810491 0.9415827 0.3367819 -1.91331e-4 0.9852812 0.1709417 -5.62221e-5 0.8701466 0.4927931 -1.32412e-4 0.773081 0.6343075 -1.41621e-4 0.9647325 0.008183598 -0.2631051 0.3680574 -0.9250163 0.09422737 0.4927847 -0.8701514 -7.13021e-6 0.3368104 -0.9415726 0 0.6343087 -0.7730799 -9.83626e-5 0.7570701 -0.6533337 5.97164e-6 0.2974518 -0.9504427 0.09045082 0.1709192 -0.9852851 3.58013e-5 1.43841e-4 -1 -8.25566e-5 0.9700628 -0.2380134 -0.04824906 0.8713735 -0.4716235 0.1352021 0.9428205 -0.320509 0.09145307 0.9507798 -0.3097071 -0.009976267 0.9200534 -0.3905227 0.0315271 0.783319 -0.5983082 0.1686383 0.8051754 -0.5869519 0.08473569 0.8576162 -0.5142903 7.42823e-6 0.9328979 -0.3601411 -1.07393e-4 0.9807214 -0.1954113 -1.22339e-5 0.9743863 0.123299 -0.1880658 0.9846501 -0.1689441 0.04384154 0.9987434 -0.05002003 0.003103733 0.995231 0.08483022 -0.04815709 0.9618437 0.2477143 -0.1161652 0.7118657 -0.6803273 0.1743616 0.4301683 -0.8750218 0.2220183 0.5443747 -0.810958 0.2144842 0.6767855 -0.709932 0.1948278 0.9537035 -0.2944852 -0.0610603 0.9951732 -0.09813421 -1.2666e-4 1 2.22402e-5 -2.17885e-4 -0.9927112 0.006359875 0.1203504 -1 -5.7139e-5 4.07621e-5 -0.9856925 -0.1685543 1.21191e-4 -0.9456721 -0.3251219 1.24991e-4 -0.5293424 -0.8434253 0.09181809 -0.6859933 -0.7276079 6.5811e-5 -0.6010293 -0.7992271 3.96967e-5 -0.5293042 -0.8484322 1.67396e-5 -0.9972381 -0.07336008 0.01159751 -0.99524 0.08476817 -0.04808259 -0.977748 0.1906692 0.08748769 -0.4037076 -0.8874366 0.2224335 -0.5072962 -0.8337988 0.217785 -0.2732341 -0.9461991 0.1733502 -0.1775875 -0.9699967 0.1660395 -0.3104944 -0.9243981 0.2215434 -0.2045749 -0.954998 0.2147744 -0.09450781 -0.9818167 0.1646339 -0.07698559 -0.9772949 0.1974032 -0.03361797 -0.9856098 0.1656602 2.00305e-5 -0.9824426 0.1865653 -3.97582e-6 -0.9861355 0.1659422 -0.8002543 -0.5878158 0.118599 -0.8901271 -0.4557125 6.83889e-5 -0.8233917 -0.5674735 2.89008e-5 -0.7534944 -0.6574545 4.74453e-5 -0.7949097 -0.5826353 0.1692771 -0.9762142 0.02266663 0.2156206 -0.5276116 -0.832542 0.1688194 -0.7840719 -0.5817545 0.216317 -0.7599405 -0.599237 0.2518047 -0.5229091 -0.8240389 0.218005 -0.7676667 -0.5588994 0.3135593 -0.7393363 -0.5888665 0.3265243 -0.5127158 -0.8247883 0.2384258 -0.7026921 -0.6317446 0.3272959 -0.490477 -0.8398969 0.2323913 -0.7719507 -0.5288512 0.3527159 -0.7440106 -0.5794668 0.3326658 -0.4422241 -0.8717772 0.2108135 -0.7085082 -0.6347181 0.3084625 -0.3651761 -0.9116045 0.1887421 -0.7498069 -0.5903547 0.2987826 -0.6056869 -0.7683431 0.2068634 -0.6820901 -0.7051281 0.1937719 -0.9595534 -0.2119442 0.1853027 -0.9759736 -0.2102476 0.05719792 -0.9383385 -0.3324081 0.09500414 -0.9535444 0.230937 0.193446 -0.9403509 -0.2784985 0.195394 -0.8864754 -0.4447963 0.1277406 -0.8244304 -0.544389 0.1547746 -0.7558277 -0.630559 0.1764089 -0.9013887 -0.2966361 0.315445 -0.9419622 0.07603591 0.3269954 -0.8835143 -0.3117986 0.3495484 -0.8607074 -0.3638633 0.3560706 -0.903354 -0.2219231 0.3670173 -0.9337368 0.202851 0.2949358 -0.8902965 -0.275738 0.3624096 -0.8877713 -0.3072448 0.3427288 -0.9155223 -0.2596954 0.3072088 -0.01179832 0.8701518 -0.4926428 6.53843e-4 0.8574447 -0.5145758 7.58858e-4 0.9285935 -0.371098 -0.9777103 0.1908021 0.08762049 -0.9735109 0.2073317 -0.09638583 -0.9343178 0.3241139 -0.1483259 -0.9949845 0.08695542 -0.04944515 -0.933658 0.2032763 0.2948926 -0.7165262 0.3056123 0.6270497 -0.8503896 0.07281678 0.5210905 -0.9168357 -0.002362132 0.3992577 -0.8977744 0.01287424 0.4402673 -0.9084544 0.003150582 0.4179722 -0.9121602 1.4543e-4 0.4098342 -0.9419748 0.0753858 0.3271093 -0.9578709 -0.01952397 0.2865349 -0.9762033 0.02292197 0.215643 -1 3.40697e-4 4.46515e-4 -0.9882378 -0.008329927 0.1526982 -0.9999998 1.72089e-5 7.94843e-4 0.01205962 0.9899485 -0.1409137 0.001142501 0.9766629 -0.2147749 8.20489e-4 0.9937561 -0.111571 -0.002508997 0.9998782 -0.01540505 -1.79485e-5 1 2.72691e-6 0.02141332 0.9635561 -0.2666481 -0.006022512 0.9132205 -0.4074215 -0.1303322 0.8711484 -0.4734069 -0.06312423 0.9888447 -0.1349132 -0.04035645 0.9925786 0.114713 -0.09770101 0.9951564 0.01088029 -0.185034 0.9249778 0.3319312 -0.2847831 0.9099025 -0.3016225 -0.275102 0.8503861 -0.4485115 -0.4150159 0.8104046 -0.4135289 -0.5373659 0.7557752 -0.3742217 -0.3411538 0.9263074 -0.1599021 -0.7739738 0.6116696 -0.1637839 -0.6455013 0.6879863 -0.3316669 -0.7658793 0.5819112 -0.2735111 -0.8566581 0.4678882 -0.217296 -0.6427799 0.7425769 0.1881855 -0.9533621 0.2319264 0.1931601 -0.4641466 0.6758309 0.5725563 -0.979326 -0.006211996 0.2021933 -0.9927197 0.007037937 0.1202425 -0.8064644 0.4443402 0.390099 -7.3633e-5 0 -1 0 0 -1 -2.84582e-5 0 -1 5.48885e-5 0 -1 1.95432e-5 0 -1 -7.37245e-6 0 -1 6.03613e-5 0 -1 -3.78836e-6 0 -1 1.67749e-5 0 -1 -5.27197e-5 0 -1 -4.14175e-5 0 -1 3.90126e-6 0 -1 -4.02486e-6 0 -1 -2.20871e-4 0 -1 -3.99013e-6 0 -1 -1.61025e-5 0 -1 -2.63598e-5 0 -1 8.04817e-5 0 -1 -2.39467e-5 0 -1 1.3438e-5 0 -1 2.41494e-5 0 -1 4.11662e-5 0 -1 2.10499e-5 0 -1 -7.98094e-6 0 -1 -7.98079e-6 0 -1 -3.57009e-5 0 -1 -4.02524e-6 0 -1 -6.38534e-5 0 -1 4.02543e-5 0 -1 -3.90199e-6 0 -1 8.05065e-6 0 -1 6.44069e-5 0 -1 -4.02537e-5 0 -1 -1.59616e-5 0 -1 3.99049e-6 0 -1 7.98091e-6 0 -1 -0.001134395 0.999849 -0.01734799 0.00252223 0.9998787 -0.01537948 -9.22007e-4 0.9937545 -0.111585 -0.01340204 0.8664627 -0.4990621 -7.51927e-4 0.9285951 -0.3710938 -6.48716e-4 0.8574575 -0.5145545 0.9778857 0.1902832 0.08678776 0.9621096 0.2478967 -0.1135451 0.9949864 0.08693468 -0.04944264 0.8960915 0.4030029 -0.1860345 0.9336786 0.2036146 0.2945937 0.8433591 0.0835306 0.5308182 0.7252335 0.2901797 0.6243655 0.5192259 0.6077508 0.6008689 0.9133793 -0.001524746 0.4071068 0.9125118 -3.30057e-4 0.4090503 0.9114071 7.95314e-4 0.4115054 0.9420962 0.07509297 0.3268268 0.9559394 -0.01961112 0.2929083 0.916843 -0.002344787 0.3992413 0.9765949 0.0224986 0.2139077 0.9999999 3.33207e-4 4.39048e-4 0.9999997 7.80409e-7 8.0152e-4 0.9996501 -3.02758e-4 0.02644979 0.9857115 -0.009933292 0.16815 -0.01201534 0.989948 -0.1409214 -9.3326e-4 0.99998 -0.006263613 -0.001149117 0.9766661 -0.2147604 0.006035685 0.9132336 -0.4073918 0.1123176 0.8721189 -0.4762283 0.06310057 0.9888464 -0.1349115 0.02100825 0.9973035 0.07031714 0.09768497 0.9951581 0.01086944 0.2757242 0.8606981 0.4279896 0.103118 0.969102 0.2240719 0.2847796 0.9099131 -0.3015937 0.4293478 0.8050464 -0.4093418 0.5184895 0.7656114 -0.3807992 0.3237369 0.8388099 -0.4377129 0.2203953 0.8608062 -0.4587361 0.3411667 0.9263015 -0.1599091 0.7739781 0.6116631 -0.1637876 0.8050466 0.5374113 -0.2511752 0.7195862 0.6274961 -0.2973961 0.6213617 0.7049836 -0.341918 0.6428716 0.7425051 0.188155 0.9537024 0.2317437 0.1916944 0.8866388 0.02577149 0.4617439 0.9793216 -0.006212651 0.2022143 0.9927745 0.006984174 0.1197919 0.9927707 0.006300926 0.1198611 0.9945567 -0.1041975 4.01363e-5 1 -4.30122e-5 6.6427e-5 0.5293332 -0.8434303 0.09182345 0.5293452 -0.8484066 4.56013e-5 0.6648223 -0.7470016 7.78511e-5 0.9987517 -0.04984557 0.003237068 0.9779127 0.1901838 0.08670133 0.9952403 0.08476024 -0.04808855 0.4300848 -0.8751045 0.221854 0.1776077 -0.9699901 0.1660567 0.2732061 -0.9462102 0.1733344 0.5444856 -0.8108986 0.2144274 0.296526 -0.9290905 0.2210505 0.09450757 -0.9818164 0.1646357 0.1559036 -0.9653279 0.2093713 0.03360992 -0.9856097 0.1656627 -1.42194e-5 -0.9824415 0.1865713 8.17236e-6 -0.9861355 0.1659424 0.9318746 -0.3571503 0.06366652 0.7737082 -0.6335423 9.68278e-5 0.8660708 -0.4999214 5.94109e-5 0.933367 -0.3589239 3.55393e-5 0.9769197 -0.213607 9.28268e-5 0.8002836 -0.5878183 0.1183891 0.7950111 -0.5827941 0.1682512 0.5276176 -0.8325344 0.1688377 0.9766069 0.02223402 0.2138805 0.7841432 -0.5819882 0.2154287 0.7599636 -0.5995336 0.2510277 0.5228819 -0.8240465 0.2180413 0.7676038 -0.5591282 0.3133052 0.7392336 -0.5890994 0.3263366 0.5127057 -0.824791 0.2384382 0.7025153 -0.6320212 0.3271417 0.4904354 -0.8399249 0.2323772 0.7721335 -0.5285866 0.3527124 0.7442229 -0.5792044 0.332648 0.4422119 -0.8717758 0.2108457 0.7086962 -0.6345228 0.3084325 0.3651793 -0.9115934 0.1887897 0.7502667 -0.5898564 0.2986124 0.9713733 -0.1600659 0.175536 0.9538826 0.2307607 0.1919836 0.984592 -0.169248 0.04397499 0.9427514 -0.3207044 0.09148091 0.948379 -0.2531636 0.1910117 0.9160305 -0.3456866 0.2034426 0.676742 -0.7100102 0.1946943 0.7832921 -0.5983762 0.168522 0.871474 -0.4714325 0.1352199 0.9014718 -0.2969847 0.3148791 0.9420948 0.07574903 0.3266799 0.8835086 -0.3121351 0.3492626 0.8606508 -0.364239 0.3558235 0.9034948 -0.2215777 0.3668795 0.9337953 0.2030861 0.2945886 0.8904805 -0.275387 0.3622245 0.8880773 -0.3066997 0.3424239 0.9159622 -0.2590102 0.3064751 -0.9876753 -1.67996e-4 -0.1565175 -0.9856738 -0.1686633 -1.33812e-4 -1 -5.47767e-5 -6.09583e-5 -0.9456914 -0.3250659 -1.06893e-4 -0.5263068 -0.8483255 -0.0578382 -0.601152 -0.7991347 -7.69086e-5 -0.6859164 -0.7276804 -2.13236e-5 -0.5294048 -0.8483694 -2.64235e-5 -1.87084e-5 -0.1611519 -0.9869297 -0.1564484 -1.73807e-4 -0.9876862 -4.06057e-5 -4.83146e-5 -1 -6.53788e-5 -0.3240398 -0.9460434 6.82101e-6 -0.815505 -0.5787502 -0.08406686 -0.8483245 -0.5227603 -4.95985e-5 -0.7746369 -0.6324064 -5.11259e-5 -0.8483732 -0.5293987 -0.8175629 -0.5653309 -0.1095088 -0.8901655 -0.4556375 -5.93066e-5 -0.8233832 -0.5674859 1.66148e-6 -0.753394 -0.6575695 -2.42069e-5 -0.810042 -0.5653056 -0.1557613 -0.5163418 -0.848325 -0.1172015 -0.7953358 -0.5653235 -0.2187474 -0.9510552 -1.71036e-4 -0.3090213 -0.4953551 -0.8483043 -0.1870914 -0.7783053 -0.5653334 -0.2732015 -0.7545482 -0.5653286 -0.3332576 -0.8909987 -1.6287e-4 -0.454006 -0.4638134 -0.8483278 -0.2553766 -0.7288911 -0.5653038 -0.3861988 -0.6964372 -0.5652976 -0.4420564 -0.8090005 -1.56105e-4 -0.587808 -0.42202 -0.848329 -0.3197451 -0.6624481 -0.5653077 -0.491518 -0.6218815 -0.5653235 -0.5419159 -0.7071054 -1.28359e-4 -0.7071081 -0.3707941 -0.8483211 -0.3779722 -0.5804999 -0.5653039 -0.5860473 -0.5326429 -0.565337 -0.6298299 -0.587775 -1.54287e-4 -0.8090245 -0.3116849 -0.8483278 -0.4280099 -0.4852227 -0.5653247 -0.6670584 -0.4355142 -0.5653079 -0.7005387 -0.4539883 -1.76817e-4 -0.8910077 -0.2466778 -0.8483179 -0.4685155 -0.3794206 -0.5652962 -0.7324481 -0.3203637 -0.5653067 -0.7601286 -0.3090033 -1.76638e-4 -0.951061 -0.170298 -0.8483151 -0.5013582 -0.2605974 -0.5653101 -0.7826324 -0.192821 -0.5653198 -0.8020185 -0.1299986 -0.5653271 -0.8145586 4.22448e-6 -0.473767 -0.8806504 -4.79817e-6 -0.5999308 -0.8000519 -2.15247e-5 -0.699448 -0.7146836 0.07381969 -4.48599e-5 0.9972717 4.55044e-5 -1.67296e-5 1 5.36745e-5 -6.06068e-5 1 0.2859662 -1.24589e-4 0.9582398 0.170861 2.02239e-4 0.9852951 0.147578 -1.13145e-4 0.9890505 0.7568877 -3.68997e-4 0.6535449 0.6539078 -7.12425e-5 0.7565744 0.7581602 1.33693e-4 0.6520685 0.846284 -8.56817e-5 0.5327322 0.9102745 -1.40266e-5 0.4140052 0.9070711 -9.00589e-6 0.4209777 0.9559391 6.44103e-5 0.293565 0.9329566 -1.43334e-4 0.3599889 0.9118617 2.9048e-6 0.4104978 0.9113512 8.35955e-5 0.4116298 0.9807571 7.39656e-6 0.1952326 0.9870166 -6.58724e-6 0.1606189 0.9996942 1.43563e-5 0.02473109 0.9996932 5.98276e-6 0.02477014 0.857598 -8.19564e-5 0.5143207 0.5414708 -1.65932e-4 0.8407196 0.6342653 -8.10176e-5 0.7731155 0.4181127 -7.89091e-5 0.9083952 0.4928358 1.45577e-4 0.8701224 0.3367829 1.13219e-4 0.9415823 0 -1 0 0 -1 8.63457e-6 0 -1 -3.47063e-6 0.1705201 0.9853542 0 1.22115e-5 1 4.10673e-6 1.22189e-5 1 -2.87094e-5 0.170518 0.9853546 0 0.336044 0.9418463 0 0.3360419 0.9418472 0 0.4917288 0.8707485 0 0.4917271 0.8707494 0 0.6330066 0.7741464 0 0.6330056 0.7741472 0 0.755744 0.6548672 0 0.7557432 0.6548683 0 0.8563466 0.5164015 0 0.856346 0.5164026 0 0.9318589 0.3628209 0 0.9318585 0.3628222 0 0.9800787 0.1986097 0 0.9800783 0.1986117 0 0.9995912 0.02859115 4.08735e-6 0.9995912 0.0285905 -4.10673e-6 0 -1 -2.16826e-5 0 -1 2.11685e-5 0 -1 -5.7506e-6 0 -1 6.71759e-6 0.1565055 -1.42068e-4 -0.9876771 1.771e-5 -0.1611608 -0.9869282 5.2578e-5 -3.64631e-5 -1 6.52224e-5 -0.3240373 -0.9460443 0.05783092 -0.8483296 -0.5263008 7.1086e-5 -0.7746357 -0.6324079 8.24779e-6 -0.69944 -0.7146914 2.27094e-5 -0.8155041 -0.5787515 3.07914e-5 -0.8483665 -0.5294095 0.9945503 -0.104258 -5.1029e-5 0.9876837 -1.42515e-4 -0.156464 1 -4.68753e-5 -8.31112e-5 0.9768931 -0.2137289 -1.00501e-4 0.9334032 -0.3588294 -8.62703e-5 0.529424 -0.8483575 -4.16827e-5 0.5227467 -0.8483327 -0.08407008 0.664781 -0.7470383 -6.31809e-6 0.1095193 -0.5653053 -0.817579 4.01065e-5 -0.4737643 -0.8806518 1.62311e-5 -0.5999279 -0.8000541 0.1557655 -0.5653071 -0.8100401 0.1172158 -0.8483257 -0.5163373 0.2187369 -0.5653238 -0.7953386 0.1871033 -0.8483062 -0.4953473 0.309019 -1.66327e-4 -0.9510559 0.2732061 -0.5653359 -0.778302 0.3332638 -0.5653259 -0.7545476 0.2553789 -0.8483294 -0.4638092 0.4540081 -1.57237e-4 -0.8909976 0.3862086 -0.5653036 -0.728886 0.4420681 -0.5652981 -0.6964294 0.3197415 -0.8483309 -0.4220194 0.5878046 -1.57356e-4 -0.8090029 0.4915183 -0.5653095 -0.6624463 0.5419222 -0.5653244 -0.6218752 0.377971 -0.8483213 -0.3707949 0.7071092 -1.2961e-4 -0.7071044 0.5860432 -0.5653063 -0.5805017 0.6298536 -0.5652908 -0.5326638 0.4280099 -0.8483285 -0.3116829 0.8090394 -1.50681e-4 -0.5877546 0.6670596 -0.5653215 -0.4852249 0.7005452 -0.5653091 -0.4355021 0.4685083 -0.848319 -0.2466877 0.8910083 -1.82956e-4 -0.453987 0.7324436 -0.5653024 -0.3794202 0.7601283 -0.5653114 -0.3203564 0.5013583 -0.8483148 -0.1702994 0.9510607 -1.34051e-4 -0.3090041 0.7827813 -0.5653274 -0.2601125 0.8020178 -0.5653215 -0.192819 0.8145573 -0.5653311 -0.1299898 0.7736075 -0.6336652 -1.12131e-5 0.8661113 -0.4998513 -5.05224e-5 0.9334985 -0.05614781 -0.3541584 0.9332056 -0.05613595 -0.3549311 0.9789898 -0.05612647 -0.1960328 0.9790759 -0.05594015 -0.1956558 0.8677598 -0.0556541 -0.4938579 0.8668547 -0.05535495 -0.4954785 0.7745281 -0.05396312 -0.6302335 0.773566 -0.0539357 -0.6314164 0.6744076 -0.05149316 -0.7365616 0.6733108 -0.0514658 -0.7375662 0.537553 -0.04749667 -0.8418913 0.5365684 -0.0474475 -0.842522 0.4118082 -0.04354834 -0.9102294 0.4110401 -0.04351109 -0.9105783 0.2948404 -0.03983592 -0.9547159 0.2941656 -0.03980475 -0.9549253 0.1808645 -0.03669184 -0.9828234 0.1803669 -0.03600227 -0.9829403 0.06422466 -0.03256601 -0.997404 0.06432896 -0.03266447 -0.9973941 -0.05106866 -0.02901345 -0.9982736 -0.05129212 -0.02916806 -0.9982576 -0.1682063 -0.02540189 -0.9854245 -0.1683191 -0.02543038 -0.9854046 -0.2828786 -0.02161258 -0.9589123 -0.2835834 -0.02202117 -0.9586948 -0.39275 -0.01851475 -0.9194589 -0.393624 -0.01904106 -0.9190744 -0.4974167 -0.01558941 -0.8673716 -0.4983453 -0.01558023 -0.8668387 -0.592589 -0.01261848 -0.8054062 -0.5938078 -0.01261675 -0.8045081 -0.6822115 -0.009631693 -0.7310915 -0.6833404 -0.009694278 -0.7300356 -0.7654128 -0.006670176 -0.6435052 -0.7662393 -0.006633639 -0.6425212 -0.8436401 -0.00335443 -0.5368987 -0.8442738 -0.003334701 -0.5359017 -0.9109033 1.94605e-4 -0.4126197 -0.9112179 7.14194e-5 -0.411925 -0.9580539 0.003509938 -0.2865666 -0.9583514 0.003331601 -0.2855724 -0.9853975 0.00608927 -0.1701609 -0.9854472 0.005847513 -0.1698817 -0.990846 0.006529152 -0.1348394 -0.990871 0.006476581 -0.134658 -0.9348218 0.01559334 0.3547747 -0.9803918 0.01275473 0.1966449 -0.9804393 0.012753 0.1964085 -0.9345448 0.01561212 0.3555031 -0.8692443 0.0172587 0.4940814 -0.8685395 0.01725023 0.4953197 -0.7756557 0.01815348 0.6308953 -0.7747355 0.0181446 0.6320252 -0.6760659 0.01838243 0.7366119 -0.6750537 0.01835441 0.7375403 -0.5391806 0.01783025 0.8420015 -0.5381222 0.01781392 0.8426786 -0.4131384 0.01651859 0.9105185 -0.4122316 0.01651704 0.9109295 -0.2963021 0.01464384 0.9549821 -0.2953347 0.01463782 0.9552818 -0.1818928 0.01188874 0.9832465 -0.1815409 0.01208525 0.9833092 -0.06486523 0.009026646 0.9978532 -0.06467109 0.009094715 0.9978653 0.05018067 0.005495011 0.9987251 0.05032497 0.005473554 0.998718 0.1673023 0.001459538 0.9859046 0.1676715 0.001246154 0.9858422 0.2826716 -0.003332138 0.959211 0.2834625 -0.003858506 0.9589756 0.3927029 -0.008506059 0.9196261 0.3933523 -0.008571088 0.919348 0.4970313 -0.01385182 0.8676221 0.4982492 -0.01397091 0.8669213 0.5923731 -0.01922684 0.8054344 0.5934705 -0.01930874 0.8046242 0.6818993 -0.02468699 0.7310293 0.6829794 -0.02481359 0.7300161 0.7648767 -0.03017312 0.6434698 0.7656145 -0.03023159 0.642589 0.8428211 -0.03583073 0.5369998 0.8434717 -0.03591048 0.535972 0.9099047 -0.04124557 0.4127619 0.9103453 -0.04137432 0.4117764 0.9568969 -0.04586654 0.2867833 0.9570021 -0.04598665 0.2864129 0.9840773 -0.04915976 0.1708076 0.9841045 -0.04942202 0.1705757 0.9894884 -0.05025541 0.1355993 0.9894937 -0.05047959 0.1354772 -0.4921773 0.03492414 -0.8697941 -0.4924259 0.03177005 -0.8697744 -0.492367 0.0350117 -0.8696833 -0.4920565 0.03170573 -0.8699858 -0.4917832 0.03500205 -0.870014 -0.9966003 0.08238554 -7.14104e-4 -0.9965561 0.08292043 5.61118e-4 -0.9965561 0.08292055 4.65038e-4 -0.9966064 0.08231025 -9.16669e-4 -0.9965586 0.0828883 7.6759e-4 -0.9966059 0.08231836 -5.33215e-4 -0.5112762 0.05379104 0.8577315 -0.5085146 0.06728625 0.8584204 -0.5080207 0.06726378 0.8587145 -0.5120965 0.05369973 0.8572478 -0.6124471 0.05208188 0.7887942 -0.6116839 0.05209428 0.7893853 -0.6328208 0.05085206 0.7726266 -0.6335924 0.05084788 0.7719944 -0.6969786 0.04827135 0.7154654 -0.6976711 0.04809308 0.7148022 -0.8044394 0.04219824 0.5925343 -0.805067 0.04215276 0.5916844 -0.8949064 0.03460395 0.4449103 -0.8953249 0.03459936 0.444068 -0.9571965 0.02599728 0.2882692 -0.9573606 0.02598196 0.2877252 -0.987794 0.01786983 0.1547375 -0.9878389 0.01792407 0.1544446 -0.9779993 -0.004175305 -0.2085663 -0.9881308 -8.49281e-4 -0.153613 -0.9881068 -7.23154e-4 -0.1537675 -0.9779224 -0.003973841 -0.2089304 -0.9577161 -0.009136855 -0.2875699 -0.9574995 -0.009151756 -0.2882897 -0.924574 -0.01522523 -0.3806983 -0.9242323 -0.015311 -0.3815238 -0.8487414 -0.02534049 -0.5282006 -0.848061 -0.02541494 -0.5292889 -0.7453688 -0.03518545 -0.6657232 -0.7443686 -0.03525155 -0.6668379 -0.6365163 -0.04309332 -0.7700585 -0.6352461 -0.04314601 -0.7711037 -0.5225706 -0.04988962 -0.8511351 -0.5211928 -0.04983216 -0.8519829 -0.4013746 -0.0557667 -0.9142147 -0.3999909 -0.05580943 -0.9148184 -0.2629781 -0.06164532 -0.9628304 -0.2618097 -0.0616647 -0.9631476 -0.1059138 -0.06729292 -0.9920958 -0.1052259 -0.06722742 -0.9921734 0.05826681 -0.07196772 -0.9957036 0.05881929 -0.07190084 -0.9956759 0.2240026 -0.07556855 -0.9716544 0.2238878 -0.07573747 -0.9716678 0.3628576 -0.0780723 -0.9285683 0.3623837 -0.07838922 -0.9287266 0.4973101 -0.09266132 -0.8626103 0.5019782 -0.07936173 -0.8612315 0.5011935 -0.07945251 -0.86168 0.4968404 -0.0926432 -0.8628828 0.6331942 -0.1041549 -0.7669531 0.5717198 -0.09867262 -0.8144939 0.5713613 -0.09840655 -0.8147776 0.6332926 -0.1040834 -0.7668815 0.7136754 -0.110082 -0.6917727 0.7140147 -0.110131 -0.6914146 0.8041056 -0.1160323 -0.5830528 0.8044697 -0.1160535 -0.5825462 0.8912832 -0.1202644 -0.4372081 0.8914476 -0.1202859 -0.4368668 0.947346 -0.1213956 -0.2963085 0.9474433 -0.1214548 -0.295973 0.9739811 -0.1209882 -0.1916318 0.9740537 -0.1207198 -0.1914321 0.9932014 -0.1164059 -8.83763e-4 0.9932184 -0.1162526 0.001603066 0.9932187 -0.116251 0.001603186 0.9932011 -0.1164076 -8.93298e-4 0.9932184 -0.1162527 0.001584291 0.9932008 -0.1164115 -7.01362e-4 0.9214966 -0.107891 -0.3730998 0.6812537 -0.08000886 -0.727662 0.9852073 -0.1155434 0.126556 0.9850915 -0.1152658 0.1277054 0.681692 -0.07984697 -0.7272692 -0.2768218 0.01803678 0.960752 -0.01592528 0.001017093 0.9998728 -0.01648718 9.7245e-4 0.9998636 -0.2760418 0.01882338 0.9609613 -0.1035761 0.006935834 0.9945974 -0.4871196 0.03106546 0.8727826 -0.5019322 0.031632 0.8643284 -0.2754426 0.01780265 0.9611527 -0.1062529 0.006784021 0.994316 -0.4923154 0.03300422 0.869791 -0.08692258 0.005522549 0.9961999 -0.370043 0.02362686 0.9287142 -0.5653169 0.03673404 -0.8240555 -0.4389231 0.02784538 -0.8980931 -0.4372171 0.02688652 -0.898954 -0.4879071 0.03232502 0.8722969 -0.8620653 0.05367404 0.5039469 -0.6574903 0.03951615 0.7524261 -0.651573 0.04310595 0.7573602 -0.4826775 0.0302056 0.8752772 -0.4998292 0.03147286 0.865552 -0.8529183 0.054183 0.5192251 -0.6416983 0.04368948 0.7657118 -0.5675884 0.03570908 -0.8225377 -0.08827465 0.005710005 0.9960799 -0.368897 0.02389514 0.9291631 -0.3246093 0.02178943 0.9455972 -0.6674254 0.0408864 0.7435534 -0.7507538 0.05066579 0.6586363 -0.6166047 0.03996098 -0.7862581 -0.5651726 0.03570425 -0.8241997 -0.7219422 0.04732644 -0.6903331 -0.5645111 0.03534901 0.8246684 -0.7685626 0.04725116 0.6380274 -0.9414053 0.05588322 0.3326156 -0.8483747 0.05800873 0.5262085 -0.7661029 0.05257409 -0.6405642 -0.7237259 0.04429817 -0.6886643 -0.7584611 0.0475288 0.649983 -0.9862094 0.06003117 0.1542317 -0.8237587 0.04946613 -0.5647785 -0.7608105 0.04989206 -0.6470535 -0.7254364 0.04780894 -0.6866268 -0.5775299 0.03730469 0.8155169 -0.7535856 0.04841083 0.6555649 -0.4899974 0.03206032 0.8711342 -0.8522946 0.05581361 0.5200757 -0.9841388 0.06086033 0.1666339 -0.9371628 0.061001 0.3435181 -0.9747148 0.06223565 -0.2146112 -0.8522934 0.05915445 0.5197085 -0.9840747 0.06740194 0.1644817 -0.7592152 0.04755258 0.6491001 -0.9858371 0.06004148 0.1565896 -0.7721933 0.04807144 0.6335666 -0.9817125 0.06618964 0.1784926 -0.7182643 0.04707938 -0.6941757 -0.9381418 0.06044453 0.3409346 -0.8540445 0.04995751 0.5177957 -0.7253307 0.04628586 -0.6868429 -0.7716658 0.04933887 -0.6341117 -0.5613887 0.03790062 0.8266839 -0.9320459 0.06250417 -0.3569088 -0.7486724 0.05109339 0.6609683 -0.9297772 0.05758851 -0.3635903 -0.7718774 0.04598045 -0.6341067 -0.8199999 0.05208921 -0.5699885 -0.8172087 0.05449855 -0.5737594 -0.5636714 0.03620743 -0.8252053 -0.3201211 0.02095603 0.9471449 -0.7656614 0.04753464 0.6414852 -0.727531 0.05003994 -0.6842476 -0.9735749 0.06585973 -0.218665 -0.6582662 0.04021549 0.7517103 -0.08324241 0.005260825 0.9965155 -0.3041524 0.0204702 0.9524034 -0.5803935 0.03768718 -0.8134636 -0.7421788 0.04955345 -0.6683675 -0.8765757 0.0511856 -0.4785345 -0.706539 0.04734206 0.7060888 -0.9640129 0.05735588 0.2595949 -0.8745024 0.05658823 -0.4817088 -0.9522795 0.06278693 -0.2986998 -0.8251467 0.0588811 -0.5618416 -0.9732788 0.06369113 -0.2206171 -0.9827646 0.06018942 0.1747883 -0.8230355 0.04937094 0.5658403 -0.9838547 0.06350779 0.167322 -0.7227464 0.0457099 -0.6896001 -0.7720652 0.04952633 -0.6336106 -0.6129706 0.04118686 0.7890316 -0.479006 0.03379547 0.8771608 -0.9072065 0.05821031 0.416639 -0.7471305 0.04607772 -0.6630784 -0.9972406 0.06719797 -0.03155243 -0.8724817 0.05721914 -0.4852851 -0.9339259 0.05546146 -0.3531383 -0.9742442 0.0624991 -0.2166612 -0.988492 0.06751263 -0.1353731 -0.9846715 0.06515568 0.1617921 -0.921332 0.0636875 -0.3835249 -0.9505837 0.06257027 -0.3040981 -0.9556994 0.06091576 -0.2879724 -0.9066493 0.05541825 -0.4182296 -0.9739801 0.06585556 -0.2168542 -0.8199633 0.05201363 0.570048 -0.9863011 0.06494915 0.1516304 -0.8975278 0.05835539 -0.4370797 -0.9617674 0.06768667 0.2653714 -0.9049838 0.05542838 -0.4218198 -0.95146 0.06110882 -0.3016448 -0.9040416 0.05705302 -0.4236199 -0.9744948 0.05791771 -0.2168076 -0.9851234 0.05871742 0.161506 -0.9620934 0.06444883 0.2649958 -0.9750357 0.06128674 -0.2134232 -0.9303964 0.05856263 -0.3618465 -0.9884157 0.06844675 -0.1354606 -0.9974268 0.06084853 -0.03791326 -0.9050959 0.05725747 0.4213347 -0.6079617 0.04335898 0.7927816 -0.4753536 0.03228056 0.8792026 -0.8724848 0.05409091 -0.4856384 -0.810403 0.04982149 0.5837507 -0.9865297 0.05776417 0.1530442 -0.9335327 0.04630827 -0.355489 -0.9840209 0.06297057 0.1665465 -0.8935343 0.05725365 0.4453296 -0.4776471 0.02877694 0.8780804 -0.2876095 0.01809465 0.9575769 -0.9890105 0.06233596 -0.1340619 -0.4888982 0.03213757 0.8717488 -0.8215012 0.05235153 0.5677987 -0.8466622 0.05512058 0.5292682 -0.9873542 0.07076102 -0.1418618 -0.9528416 0.05620372 -0.2982179 -0.9849122 0.0640217 0.1607776 -0.7093873 0.0468735 0.7032586 -0.9662733 0.06130224 0.2501161 -0.2994751 0.02081459 0.9538771 -0.08311247 0.005362987 0.9965258 -0.7455801 0.04885601 -0.6646229 -0.8765044 0.05729347 -0.4779723 -0.5772986 0.03736388 -0.815678 -0.2888668 0.01876294 0.9571855 -0.6555351 0.0402224 0.7540928 -0.5402122 0.03500443 0.8408005 -0.893309 0.05593037 0.4459496 -0.7616471 0.0480563 -0.6462078 -0.9972862 0.0625559 -0.03882163 -0.9543571 0.05901724 -0.2927792 -0.9935091 0.06721431 -0.09177058 -0.9857841 0.05697196 0.1580629 -0.9261456 0.05756682 0.3727471 -0.6694001 0.04566222 0.7414975 -0.5719608 0.03726196 0.8194342 -0.936823 0.05367344 0.3456617 -0.7319405 0.04828578 -0.6796556 -0.9896597 0.06420654 -0.1282621 -0.9281868 0.06347012 -0.3666619 -0.9830727 0.06489586 -0.1713379 -0.9683151 0.04866445 0.2449442 -0.974143 0.06814831 -0.2154098 -0.8332378 0.05282342 -0.5503857 -0.9389432 0.05699712 0.3393185 -0.9628279 0.06115525 -0.2631018 -0.9973281 0.0624262 -0.03794407 -0.9737619 0.05939257 0.2196826 -0.9492339 0.06501698 0.3077791 -0.9867489 0.06170952 0.1500617 -0.6683583 0.04032897 0.7427455 -0.7162754 0.04564327 0.6963234 -0.9170138 0.05264192 0.3953664 -0.6444912 0.03620958 0.763754 -0.8557026 0.05328047 0.5147178 -0.5087073 0.03181833 0.8603514 -0.291929 0.01846134 0.9562619 -0.822974 0.04919165 0.5659453 -0.9967509 0.06650668 -0.04543691 -0.988765 0.06364583 -0.1352518 -0.3225926 0.02057492 0.9463143 -0.5861927 0.0361042 0.809367 -0.7700079 0.0485152 0.6361871 -0.7611987 0.04864454 0.6466918 -0.7300048 0.04675817 0.6818407 -0.9625496 0.06365436 0.2635272 -0.8641326 0.04928708 0.500845 -0.989121 0.05952328 0.1345235 -0.8975198 0.05550068 -0.4374677 -0.9318913 0.05595815 -0.3583954 -0.9910576 0.06826001 0.1146542 -0.8150913 0.05447435 0.5767658 -0.9333614 0.05641162 0.3544773 -0.9979277 0.05737578 -0.02912843 -0.7873184 0.04697942 0.6147542 -0.8487023 0.05412709 0.526094 -0.9957661 0.06538581 0.06461155 -0.8866066 0.0607025 -0.4585236 -0.9240759 0.05914282 -0.3776056 -0.9770498 0.05879205 -0.2047368 -0.9771785 0.05961197 0.2038841 -0.9835162 0.05718111 0.1715413 -0.9815979 0.06103205 -0.1809443 -0.8983901 0.05073136 0.4362587 -0.787446 0.0567919 0.6137617 -0.9563389 0.05672526 -0.2867023 -0.9941521 0.06249195 -0.08807152 -0.9871346 0.05824667 0.1489046 -0.9148495 0.05306822 0.4002925 -0.7328427 0.04683285 -0.6787845 -0.9977123 0.05864316 -0.03363293 -0.7329102 0.04546362 0.6788046 -0.9614168 0.06198823 0.2680212 -0.936003 0.0632205 -0.3462684 -0.9385948 0.06034654 0.3397032 -0.9667413 0.05882585 -0.2488992 -0.9970155 0.06213939 -0.0458135 -0.9759913 0.06555461 0.2077103 -0.9976316 0.05921781 0.03499186 -0.9898946 0.06500059 0.1260301 -0.8833476 0.05154633 0.4658755 -0.9910126 0.06839293 0.1149634 -0.7657973 0.05476564 0.6407459 -0.9960252 0.06597161 0.05984801 -0.9019537 0.05440312 -0.4283921 -0.858992 0.05111938 0.5094307 -0.9188297 0.0594812 0.3901461 -0.9915671 0.06047135 0.1146204 -0.9956154 0.0635991 0.06859439 -0.9488697 0.06285446 0.3093473 -0.9977216 0.06740462 -0.002868592 -0.7355906 0.044959 0.6759329 -0.9975861 0.06654709 0.01983511 -0.9962368 0.05761373 0.06475257 -0.9900283 0.06722903 0.1237913 -0.9635927 0.05784374 0.2610428 -0.707359 0.0485844 0.7051829 -0.9166999 0.0601207 -0.3950279 -0.9977155 0.05783212 -0.03491628 -0.997388 0.07200491 0.00572741 -0.9588563 0.06048393 0.2773742 -0.8714633 0.05636316 0.4872115 -0.7927559 0.05714595 0.6068546 -0.9979122 0.06456863 0.001492202 -0.9791101 0.060063 0.1942571 -0.9839736 0.05695241 0.1689748 -0.8437922 0.05717921 0.5336154 -0.7909428 0.04919934 0.6099089 -0.9115364 0.05649155 -0.4073208 -0.9752498 0.04711455 -0.216028 -0.9958043 0.06244969 0.0668888 -0.8066986 0.05853074 0.5880576 -0.9374549 0.05981874 0.3429288 -0.996876 0.06651228 -0.04259812 -0.9910276 0.06921738 0.1143383 -0.9905825 0.06709361 0.1193521 -0.9980792 0.05915099 0.01841807 -0.9737341 0.05644869 0.2205802 -0.7264076 0.04629683 0.685703 -0.9613472 0.06324708 -0.2679768 -0.7096785 0.04613524 0.7030135 -0.9931675 0.0623247 -0.0986613 -0.9662708 0.06239879 0.2498545 -0.6324176 0.03945451 0.7736223 -0.8423467 0.04823261 0.5367735 -0.7406957 0.04712784 0.6701857 -0.6593963 0.04342567 0.7505403 -0.9110903 0.06240987 0.407455 -0.9452171 0.05806797 0.3212363 -0.9774773 0.06013208 0.2022925 -0.939655 0.06068974 0.3366977 -0.9971039 0.06754076 -0.03495943 -0.9636791 0.06110709 -0.2599781 -0.9642607 0.05407583 0.2593784 -0.5688657 0.03811246 0.821547 -0.9822134 0.06912344 -0.1745818 -0.6792353 0.04318189 0.7326492 -0.9373118 0.0605548 0.3431908 -0.9277882 0.06400483 -0.3675764 -0.9891062 0.06824809 -0.1304263 -0.9141771 0.05492597 0.4015763 -0.9853153 0.06284576 0.158759 -0.533236 0.03474086 0.8452529 -0.740505 0.04639202 -0.6704477 -0.9943959 0.06699502 -0.08178353 -0.6311394 0.04107135 0.7745813 -0.897988 0.0578193 0.4362045 -0.2929387 0.0183131 0.9559558 -0.9529731 0.06230849 -0.2965805 -0.9973267 0.06361556 -0.03595113 -0.7593877 0.04880493 -0.6488055 -0.07981115 0.005688071 0.9967939 -0.2718907 0.01792323 0.9621613 -0.8792615 0.05827242 0.4727616 -0.6102572 0.04201674 0.7910884 -0.8638982 0.05796664 0.5003196 -0.7552795 0.05262172 -0.6532871 -0.8936191 0.06107813 -0.444651 -0.8871334 0.05962967 0.4576448 -0.5776146 0.03527718 -0.815547 -0.994854 0.05860102 0.0826531 -0.9033772 0.06768262 0.4234724 -0.9922476 0.062568 -0.1073787 -0.9195827 0.06390315 0.3876649 -0.9969702 0.05793786 -0.05190032 -0.9435957 0.06109207 0.3254152 -0.7733663 0.0516234 -0.6318541 -0.9666276 0.06222826 -0.248513 -0.9555091 0.06181061 -0.2884127 -0.6403267 0.02907335 0.7675523 -0.9867073 0.05747574 -0.1520042 -0.9908337 0.06872695 -0.1162984 -0.9357882 0.0611822 0.3472137 -0.911672 0.06421416 0.4058703 -0.8965501 0.05451852 0.4395745 -0.62445 0.04058462 0.7800098 -0.7929135 0.05595213 0.60676 -0.9613364 0.06264734 0.2681563 -0.9884592 0.06714749 -0.1357928 -0.9959447 0.05827373 0.06854456 -0.832555 0.05332136 0.5513702 -0.9978666 0.06490105 0.007087767 -0.9929489 0.05921304 0.102695 -0.8290237 0.05461579 0.55654 -0.9698813 0.06385457 0.2350593 -0.9958976 0.06645917 0.0614109 -0.9124732 0.05345648 0.4056293 -0.9920179 0.06083685 -0.1104515 -0.9749051 0.06022679 0.2143195 -0.9560413 0.06079018 -0.2868618 -0.9126354 0.06130433 -0.4041516 -0.9747289 0.06525856 -0.213647 -0.9191502 0.06178808 -0.3890312 -0.9971117 0.05776482 0.04931116 -0.9971565 0.06771457 -0.03307259 -0.9484207 0.06301254 -0.3106894 -0.9742828 0.05244052 0.2191417 -0.9859145 0.06597733 0.1536866 -0.9959251 0.06103843 -0.0663883 -0.9929339 0.05850172 -0.1032459 -0.8425912 0.05521959 0.5357154 -0.8110705 0.04208093 0.583433 -0.8856341 0.06027221 0.460456 -0.8836677 0.05735677 0.4645876 -0.87906 0.05593776 -0.473418 -0.8260765 0.05485618 0.5608821 -0.9201905 0.06149464 -0.3866108 -0.9393554 0.05626845 -0.338298 -0.9932202 0.05842781 0.1004985 -0.8133016 0.05647057 0.5790956 -0.9191725 0.05917614 -0.3893844 -0.9264724 0.06257039 -0.3711254 -0.9257941 0.05906736 0.3733853 -0.9637426 0.0601722 0.259961 -0.9986088 0.05149024 0.0113697 -0.905721 0.0580998 0.419874 -0.9495029 0.05749845 0.3084449 -0.696364 0.04051047 0.7165446 -0.9275074 0.05413699 0.3698638 -0.9839123 0.06463617 0.1665499 -0.9362846 0.0725162 0.3436753 -0.6267415 0.04151415 0.7781206 -0.955381 0.06372928 -0.2884197 -0.9394623 0.06252306 0.3368999 -0.9970801 0.06276977 -0.04348886 -0.9298387 0.05594348 0.3636901 -0.9928243 0.06296235 -0.1016644 -0.9115549 0.05803853 0.4070617 -0.08400785 0.003810048 0.9964579 -0.9958081 0.06390047 0.06544494 -0.8817151 0.05994534 0.4679587 -0.2930173 0.01795697 0.9559385 -0.8750593 0.05611395 0.4807521 -0.8665543 0.05571752 0.4959629 -0.6198471 0.03927195 0.7837393 -0.760214 0.04857063 -0.6478547 -0.8951218 0.05818825 -0.442008 -0.576849 0.03406876 -0.8161401 -0.2818754 0.01827883 0.959277 -0.4848175 0.03277105 0.8740012 -0.5963624 0.03345435 0.8020179 -0.6145089 0.035999 0.7880882 -0.5194861 0.03227627 0.8538691 -0.9984902 0.05236142 -0.01661127 -0.9980762 0.0614376 0.008328318 -0.9024337 0.06016677 -0.4266071 -0.764178 0.05091857 -0.6429925 -0.997596 0.06896841 -0.006766021 -0.9595851 0.05764192 -0.2754523 -0.9538299 0.05658912 -0.2949683 -0.8512905 0.04077428 0.5231081 -0.6999433 0.04942452 0.7124862 -0.9561673 0.05795806 0.2870277 -0.9961225 0.06302297 0.0613861 -0.9954162 0.06279081 0.07213759 -0.893095 0.05824464 -0.4460818 -0.9981957 0.06002283 -0.00161463 -0.9948037 0.06455814 0.07872682 -0.9953806 0.06410002 0.0714752 -0.9711087 0.05190628 -0.2329244 -0.9063344 0.07354938 0.4161111 -0.9257561 0.06302326 0.3728321 -0.9249002 0.05986797 0.3754671 -0.5116489 0.03207695 0.8585957 -0.2872087 0.01913714 0.9576768 -0.4884628 0.03124833 0.8720251 -0.592517 0.04371935 0.8043708 -0.9977415 0.06575816 -0.01369929 -0.6169483 0.01980054 0.7867547 -0.9975618 0.05417633 -0.04399454 -0.998036 0.06156712 0.01156568 -0.9058499 0.05818998 -0.419583 -0.7683687 0.04871588 -0.6381508 -0.07840335 0.006596624 0.9968999 -0.2811579 0.02974987 0.9592004 -0.9972596 0.06987667 0.02430438 -0.8597133 0.05961334 0.5072865 -0.9114073 0.07678711 -0.404278 -0.7733277 0.04697155 -0.6322641 -0.5818459 0.03218495 -0.812662 -0.9974652 0.06443947 -0.03017777 -0.0758937 0.004811584 0.9971043 -0.2837747 0.01033371 0.9588353 -0.9973217 0.06880497 0.0248059 -0.8567244 0.0536915 0.5129724 -0.9189834 0.06041759 -0.38964 -0.769311 0.04836803 -0.637041 -0.5807796 0.03076553 -0.8134793 0 1 2.17808e-7 0 1 -1.42273e-7 0 1 -2.17806e-7 0 1 0 0 1 0 0 1 2.7226e-7 0 1 1.42278e-7 0 1 0 0 1 0 0 1 5.69105e-7 0 1 2.84272e-7 0 1 5.53553e-7 0 1 -2.7226e-7 0 1 -5.67982e-7 0 1 0 0 1 -2.17806e-7 0 1 5.69117e-7 0 1 2.21891e-7 0 1 -2.83211e-7 0 1 -2.84553e-7 0 1 2.82984e-7 0 1 -2.2204e-7 0 1 4.35615e-7 0 1 -2.84555e-7 0 1 -3.53165e-7 0 1 4.44631e-7 0 1 -2.84558e-7 0 1 0 0 1 0 0 1 -2.84272e-7 0 1 3.53165e-7 0 1 2.83991e-7 0 1 -5.53553e-7 0 1 0 0 1 -2.8298e-7 0 1 4.4408e-7 0 1 -2.2189e-7 0 1 2.83214e-7 -4.78851e-6 0 1 4.78858e-6 0 1 2.70321e-6 0 1 -2.70323e-6 0 1 5.40662e-6 0 1 -1.19718e-6 0 1 2.39435e-6 0 1 -2.39433e-6 0 1 5.39378e-6 0 1 2.39434e-6 0 1 2.69066e-6 0 1 -1.19715e-6 0 1 -1.34236e-6 0 1 4.78861e-6 0 1 -1.67445e-6 0 1 4.91495e-6 0 1 5.40633e-6 0 1 -2.46185e-6 0 1 5.33713e-6 0 1 5.40645e-6 0 1 -2.39429e-6 0 1 2.466e-6 0 1 -5.32747e-6 0 1 2.70332e-6 0 1 2.47e-6 0 1 -4.78872e-6 0 1 -5.70997e-6 0 1 -2.70327e-6 0 1 -3.93302e-6 0 1 2.69689e-6 0 1 -2.68473e-6 0 1 2.466e-6 0 1 -2.67912e-6 0 1 -2.46185e-6 0 1 -0.9986909 -0.0508719 0.005337774 -0.9899712 -0.05312162 -0.1309014 -0.998677 -0.05114787 0.00533235 -0.9899452 -0.05299562 -0.1311486 -0.9628397 -0.0544182 -0.2645341 -0.9626669 -0.0544086 -0.2651643 -0.9203515 -0.05470848 -0.3872469 -0.9200215 -0.05451023 -0.3880581 -0.8638395 -0.0544399 -0.5008171 -0.8630076 -0.05401152 -0.5022955 -0.7943836 -0.05280393 -0.605117 -0.7935252 -0.05260181 -0.6062599 -0.7100921 -0.05082517 -0.7022721 -0.709183 -0.05067372 -0.703201 -0.6105304 -0.04821664 -0.7905238 -0.6093289 -0.04780709 -0.7914752 -0.4983955 -0.04537087 -0.8657618 -0.4974777 -0.04496973 -0.8663104 -0.3802332 -0.04192453 -0.9239401 -0.3796135 -0.04146695 -0.9242155 -0.2573713 -0.03820526 -0.965557 -0.2570101 -0.03794628 -0.9656636 -0.1306671 -0.03437799 -0.9908302 -0.130467 -0.03437197 -0.9908567 0.002037286 -0.03066784 -0.9995276 0.002211153 -0.03043711 -0.9995343 0.1343282 -0.02693182 -0.9905709 0.1345981 -0.02704644 -0.9905311 0.2610455 -0.02303618 -0.9650516 0.261539 -0.02330344 -0.9649116 0.3826527 -0.01956683 -0.9236851 0.3836389 -0.0202018 -0.9232622 0.4974228 -0.01679831 -0.8673457 0.4985756 -0.01679617 -0.8666835 0.6085163 -0.01344656 -0.7934275 0.6095164 -0.01356947 -0.7926574 0.7085484 -0.01017701 -0.7055889 0.709704 -0.01030737 -0.7044246 0.7947571 -0.00696814 -0.6068876 0.7957271 -0.007145464 -0.6056132 0.8659662 -0.003874838 -0.5000877 0.8664156 -0.004479229 -0.4993037 0.9228892 -0.001237273 -0.3850637 0.9233565 -0.001262784 -0.3839417 0.9655212 0.001936614 -0.2603176 0.965629 0.001700699 -0.2599188 0.9915091 0.004626333 -0.1299552 0.9916317 0.004559338 -0.129019 0.9999737 0.007170438 0.001179516 0.9999731 0.007242083 0.001153945 0.9999738 0.007129073 0.001218318 0.9950735 0.008866906 0.09874296 0.9999734 0.007194459 0.001202404 0.9950419 0.009030282 0.09904748 0.9805845 0.01067698 0.1958062 0.9805278 0.010683 0.1960895 0.9495264 0.01251405 0.3134377 0.9493506 0.01254159 0.3139684 0.9032214 0.01409268 0.4289437 0.9028249 0.01441812 0.4297668 0.8422777 0.01522243 0.5388289 0.8418649 0.01563352 0.539462 0.7691277 0.01606982 0.6388931 0.7678881 0.01628291 0.640377 0.6876209 0.01677739 0.7258761 0.6864497 0.0171141 0.7269759 0.5949055 0.01683175 0.8036195 0.5937812 0.01686155 0.8044499 0.4889627 0.01595693 0.8721588 0.4882369 0.01644265 0.8725562 0.3761834 0.01487118 0.9264259 0.3750315 0.01515817 0.9268882 0.2584146 0.01317936 0.9659442 0.2579497 0.0134465 0.9660648 0.1390535 0.01068925 0.9902273 0.1388447 0.01080083 0.9902554 0.01767319 0.007561683 0.9998153 0.0176599 0.007637739 0.9998149 -0.1030774 0.003947079 0.9946656 -0.103417 0.003883898 0.9946306 -0.2270777 -5.14657e-4 0.9738765 -0.2281284 -6.32913e-4 0.9736309 -0.3470005 -0.005547046 0.9378486 -0.3482794 -0.005847156 0.9373726 -0.4655299 -0.0110684 0.884963 -0.4666183 -0.01114922 0.8843885 -0.5819028 -0.01715999 0.8130774 -0.583218 -0.01748865 0.8121274 -0.6894944 -0.0229187 0.7239284 -0.6902186 -0.02360594 0.7232158 -0.7849488 -0.02968508 0.6188492 -0.785789 -0.02973711 0.6177794 -0.8728355 -0.0361858 0.4866712 -0.8733909 -0.0362516 0.485669 -0.9409397 -0.04217904 0.3359368 -0.9410472 -0.04223126 0.3356291 -0.9831663 -0.04723221 0.1765031 -0.9832423 -0.04725247 0.1760733 -0.998676 -0.0511552 0.005435287 -0.998679 -0.05108845 0.005500853 0.5083584 0.0663715 0.8585841 0.5119671 0.05253177 0.8573973 0.5111918 0.0525918 0.8578561 0.5080103 0.06636607 0.8587905 0.9967032 0.08112531 0.001186847 0.9967026 0.08113437 0.00113976 0.9967634 0.08039039 -5.39784e-4 0.9967004 0.08115983 0.001212656 0.9967631 0.08039397 -5.589e-4 0.9967607 0.08042353 -4.99106e-4 0.4927889 0.03070813 -0.8696069 0.4924593 0.03409516 -0.8696674 0.4922704 0.03054922 -0.8699061 0.4922029 0.03390312 -0.86982 -0.1942951 -0.01173168 -0.9808731 -0.1942731 -0.01171422 -0.9808776 0.4113568 0.02558684 -0.9111152 0.41137 0.02558565 -0.9111093 -0.9323569 -0.1080328 0.3450211 -0.9911541 -0.1138113 -0.06826746 -0.9910808 -0.1145161 -0.06815451 -0.7108654 -0.08181369 0.6985535 -0.4411123 -0.05065506 0.8960213 -0.4418611 -0.05043464 0.8956646 -0.7138804 -0.08246344 0.6953953 -0.9763785 -0.1132197 0.1840283 -0.9758877 -0.1125128 0.1870408 -0.7790527 -0.09021288 0.6204342 -0.7843899 -0.09034019 0.613654 -0.9822213 -0.1138443 0.1492677 -0.9815217 -0.11308 0.1543635 -0.7967981 -0.09172326 0.5972434 -0.80023 -0.09218806 0.5925651 -0.9834532 -0.1136252 0.1410993 -0.9827734 -0.1132699 0.146036 -0.8022171 -0.09029084 0.5901656 -0.80425 -0.09276121 0.5870072 -0.9843533 -0.1068995 0.1400758 -0.8023613 -0.0915482 0.5897757 -0.9843373 -0.1061604 0.140748 -0.9934327 -0.1144098 0.001389384 -0.9934327 -0.11441 0.001389384 -0.9934049 -0.1146575 -6.33292e-4 -0.9934324 -0.1144121 0.001417636 -0.9933964 -0.1147312 -7.69139e-4 -0.993398 -0.1147162 -8.64064e-4 -0.9793574 -0.1187437 -0.1635825 -0.9893453 -0.1171107 -0.08649307 -0.9893341 -0.1171302 -0.0865938 -0.9783346 -0.1188262 -0.1695343 -0.955061 -0.1199555 -0.271052 -0.9530506 -0.1200101 -0.2780148 -0.9069789 -0.1195324 -0.4038579 -0.9069721 -0.1195623 -0.4038645 -0.8305229 -0.1162044 -0.5447277 -0.8251603 -0.1159312 -0.5528746 -0.7394348 -0.1103632 -0.6641207 -0.7319437 -0.1098831 -0.6724465 -0.654696 -0.1036189 -0.7487565 -0.6551085 -0.1036744 -0.7483881 -0.5014268 -0.0782839 -0.8616513 -0.501985 -0.07829397 -0.8613253 -0.4968819 -0.09174972 -0.8629545 -0.4965727 -0.09171462 -0.8631362 -0.346849 -0.07712781 -0.9347445 -0.3472325 -0.07700055 -0.9346126 -0.38012 -0.07782906 -0.9216569 -0.3796317 -0.07776165 -0.9218639 -0.2336731 -0.07525008 -0.969399 -0.2333822 -0.07529258 -0.9694657 -0.1018266 -0.07288759 -0.9921284 -0.1009924 -0.07293224 -0.9922105 0.03935992 -0.0694561 -0.9968083 0.04034513 -0.0694462 -0.9967696 0.1707165 -0.06550496 -0.9831404 0.1721383 -0.06547546 -0.9828944 0.2887695 -0.06136018 -0.9554303 0.2901264 -0.06131589 -0.955022 0.3975915 -0.0570445 -0.9157876 0.3990324 -0.05699282 -0.9151639 0.4991519 -0.0521692 -0.8649427 0.5003911 -0.05219101 -0.864225 0.5965867 -0.04673719 -0.8011868 0.5978078 -0.04697364 -0.8002622 0.6858532 -0.04082733 -0.7265938 0.6868695 -0.04116654 -0.725614 0.7666082 -0.03482568 -0.6411701 0.7674867 -0.03539961 -0.6400869 0.8364204 -0.02844506 -0.5473499 0.8370695 -0.02851617 -0.546353 0.893639 -0.02156209 -0.4482684 0.8941922 -0.02209007 -0.447138 0.9397792 -0.01464599 -0.3414683 0.9401245 -0.01503658 -0.3404996 0.9731221 -0.007642209 -0.230163 0.9733214 -0.007603585 -0.2293201 0.9941397 1.14423e-5 -0.1081035 0.9942008 3.41728e-5 -0.1075401 0.9993849 0.008797943 0.03394806 0.9993757 0.008739709 0.03423285 0.9787679 0.01885408 0.2041028 0.9787603 0.01889425 0.2041355 0.9387807 0.02681457 0.3434705 0.9388121 0.02685165 0.3433816 0.8693342 0.03512853 0.4929748 0.8698149 0.03540331 0.4921066 0.7828755 0.04192543 0.6207641 0.7833056 0.04200977 0.6202158 0.6698042 0.04916477 0.7409084 0.6704545 0.04922151 0.7403162 0.9895361 -0.1159759 0.08583778 0.9930024 -0.1162784 -0.02063405 0.9895299 -0.1159638 0.08592504 0.9929997 -0.116293 -0.02067655 0.9183095 -0.07373499 -0.3889358 0.9181587 -0.07476663 -0.3890947 0.9183188 -0.07369333 -0.3889215 0.9182766 -0.07488423 -0.3887937 0.9687965 -0.09683847 -0.2281575 0.9597381 -0.09168928 -0.2655107 0.9597527 -0.09165966 -0.2654681 0.9688073 -0.09675991 -0.2281448 0.98747 -0.1119433 -0.1112281 0.9874644 -0.1119921 -0.1112296 0.9915391 -0.1275871 0.02391213 0.991527 -0.127613 0.02427381 0.9763143 -0.1416043 0.1635805 0.9763059 -0.1416432 0.1635973 0.9446293 -0.1523851 0.2906103 0.9445977 -0.1524249 0.2906922 0.9011005 -0.1602376 0.4029168 0.8466436 -0.1660766 0.505582 0.9011643 -0.1602424 0.4027719 0.8465203 -0.1659225 0.5058392 0.7818321 -0.1694859 0.6000111 0.7817462 -0.1693586 0.6001588 0.7043496 -0.1708366 0.6889895 0.7044038 -0.1707957 0.6889443 0.6176766 -0.1702827 0.7677756 0.6175369 -0.1703578 0.7678714 0.5215161 -0.1675697 0.8366251 0.5213941 -0.1676104 0.836693 0.4186432 -0.1627872 0.8934417 0.4184805 -0.1628043 0.893515 0.3116794 -0.155938 0.9373043 0.3115203 -0.1560058 0.9373459 0.1990694 -0.1474502 0.9688291 0.198718 -0.1476358 0.968873 0.08387994 -0.1370363 0.9870083 0.08397895 -0.137027 0.9870011 -0.04030323 -0.124096 0.9914515 -0.04038441 -0.1240913 0.9914487 -0.1812774 -0.1072008 0.9775719 -0.1814548 -0.1073112 0.9775267 -0.3466379 -0.08464878 0.9341717 -0.3467506 -0.08453625 0.9341402 -0.4783785 -0.06376284 0.8758359 -0.478509 -0.06382787 0.8757598 -0.6149748 -0.03910535 0.7875765 -0.6152624 -0.03903448 0.7873554 -0.7276403 -0.01518499 0.6857909 -0.7276954 -0.01533764 0.685729 -0.8289529 0.009778141 0.5592329 -0.8289154 0.009766697 0.5592888 -0.9212549 0.03995335 0.3869022 -0.9213939 0.03883206 0.3866852 -0.9212706 0.03992724 0.3868677 -0.9214138 0.03860884 0.3866601 -0.9390688 0.04508423 0.3407598 -0.953257 0.04967927 0.2980489 -0.9390341 0.0450325 0.3408622 -0.9535883 0.04972559 0.2969795 -0.9834734 0.06212949 0.1700592 -0.9838386 0.06233763 0.1678562 -0.9959728 0.07218825 0.05316978 -0.9959563 0.07232028 0.05330044 -0.9906806 0.08381325 -0.1073658 -0.9879882 0.08505153 -0.129018 -0.9968817 0.07735782 -0.01558309 -0.9968679 0.07749873 -0.0157572 -0.9703217 0.09070152 -0.2241635 -0.9601963 0.09260082 -0.2635306 -0.9380751 0.0958144 -0.3329186 -0.9242758 0.09711748 -0.3691645 -0.8956043 0.09937137 -0.4336106 -0.8781778 0.1002087 -0.4677203 -0.8426043 0.1014763 -0.5288861 -0.8210424 0.1018174 -0.5617141 -0.7778987 0.1021234 -0.6200359 -0.7519743 0.1019458 -0.6512617 -0.7020675 0.1011794 -0.7048858 -0.6712436 0.1003649 -0.7344107 -0.6148686 0.09864586 -0.7824358 -0.5812984 0.09721338 -0.8078625 -0.5225662 0.09460365 -0.847334 -0.4872852 0.09274715 -0.8683036 -0.4262282 0.08933734 -0.9001935 -0.3522359 0.08449757 -0.9320891 -0.3219005 0.08252525 -0.94317 -0.2261948 0.07528799 -0.9711682 -0.2152831 0.07449787 -0.973706 -0.1163812 0.06624042 -0.9909933 -0.1057328 0.06533193 -0.9922462 0.008144557 0.05471187 -0.998469 0.02210068 0.05356001 -0.9983201 0.1337906 0.04221624 -0.99011 0.1323549 0.04244649 -0.9902932 0.2642725 0.02793163 -0.9640436 0.2653585 0.02779185 -0.9637492 0.4148257 0.009744048 -0.9098487 0.4163346 0.009559094 -0.9091613 0.5433341 -0.007353544 -0.8394845 0.5451332 -0.007625818 -0.8383148 0.6521906 -0.02336174 -0.7576951 0.6530175 -0.02350503 -0.7569782 0.7295862 -0.03588438 -0.6829468 0.7297365 -0.03592234 -0.6827843 0.8256126 -0.05339556 -0.5617054 0.825532 -0.05308359 -0.5618534 0.982811 -0.06989759 0.1708705 0.9886358 -0.06617337 0.1349828 0.9886118 -0.06614577 0.1351721 0.98276 -0.06964039 0.1712691 0.9567182 -0.08131521 0.2794252 0.9564022 -0.08129239 0.2805109 0.9111378 -0.09364229 0.4013218 0.9106074 -0.09372705 0.402504 0.8421704 -0.1058048 0.5287292 0.8414624 -0.1058957 0.529837 0.7633956 -0.1152121 0.6355733 0.7628091 -0.1152427 0.6362715 0.678707 -0.1223668 0.7241431 0.6781041 -0.1223906 0.7247037 0.5885974 -0.1277466 0.7982693 0.5878085 -0.1277598 0.7988483 0.4929905 -0.1315597 0.8600305 0.4924578 -0.1315371 0.8603391 0.3881632 -0.1340707 0.9117864 0.3875989 -0.133817 0.9120637 0.2788417 -0.1346974 0.9508439 0.2778728 -0.1346483 0.9511343 0.1635722 -0.1340869 0.9773765 0.1631479 -0.1339188 0.9774705 0.04725205 -0.1317768 0.9901527 0.04690504 -0.1316377 0.9901877 -0.06859624 -0.1279354 0.9894075 -0.06891936 -0.1278164 0.9894004 -0.1846923 -0.1226145 0.9751178 -0.1848932 -0.1225675 0.9750855 -0.298066 -0.1157212 0.9475048 -0.2981412 -0.115733 0.9474797 -0.4151176 -0.1070169 0.9034516 -0.4151433 -0.1069884 0.9034431 -0.5401248 -0.09545427 0.8361541 -0.5401404 -0.09540343 0.8361499 -0.6761273 -0.07930672 0.7325042 -0.6760759 -0.0793994 0.7325416 -0.7753884 -0.0643053 0.628202 -0.7753794 -0.06428933 0.6282147 -0.8688842 -0.04568755 0.4929028 -0.8689085 -0.04567623 0.4928609 -0.935355 -0.02751231 0.352639 -0.9353433 -0.02745604 0.3526744 -0.9691374 -0.01412504 0.2461165 -0.9691535 -0.01414728 0.2460519 -0.9810332 -0.007790982 0.1936832 -0.9810298 -0.007842719 0.1936986 -0.9998919 0.01468259 7.56781e-4 -0.9998904 0.01479965 4.42309e-4 -0.9998938 0.01451027 0.001405417 -0.9998895 0.0148499 7.70289e-4 -0.9998937 0.01451015 0.001504302 -0.9998939 0.01453411 0.001072406 -0.9846678 0.0204907 -0.1732327 -0.9846369 0.0203579 -0.1734241 -0.9949539 0.01836937 -0.09863758 -0.994983 0.01830989 -0.09835439 -0.9592208 0.02313935 -0.2817091 -0.9590424 0.02314406 -0.2823155 -0.9104548 0.02598083 -0.412792 -0.9102075 0.02599555 -0.413336 -0.8316628 0.02839195 -0.5545548 -0.8313885 0.02841597 -0.5549646 -0.728169 0.02981692 -0.6847488 -0.7280229 0.02973699 -0.6849076 -0.6457205 0.02982217 -0.7629913 -0.6457725 0.02993005 -0.762943 -0.4870225 0.03145676 -0.8728227 -0.4934099 0.02856957 -0.8693277 -0.4931895 0.02856975 -0.8694527 -0.4870137 0.03145933 -0.8728277 0.9796456 -0.1153714 0.1642679 0.9796351 -0.1154326 0.1642877 0.9895235 -0.116055 0.08587521 0.9895386 -0.1159401 0.08585715 0.9548957 -0.1131359 0.2745441 0.954866 -0.1130464 0.2746843 0.9058954 -0.1082649 0.4094294 0.9058262 -0.1083599 0.4095574 0.8226839 -0.1001097 0.5596154 0.8224887 -0.1001461 0.5598958 0.7284587 -0.09076112 0.6790511 0.7282951 -0.09076982 0.6792254 0.6465335 -0.08294945 0.7583626 0.6463952 -0.08294957 0.7584805 0.4906446 -0.07052016 0.8685014 0.4899334 -0.06748992 0.8691434 0.4901978 -0.0676217 0.8689842 0.4906214 -0.07055616 0.8685116 0.4906299 -0.07053601 0.8685085 0.4898084 -0.06744164 0.8692178 0.9986865 -0.05115836 -0.002852141 0.9985362 -0.05402082 -0.002674043 0.9985324 -0.05410903 -0.002294898 0.9986809 -0.05126839 -0.002868831 0.9985328 -0.05410826 -0.00218743 0.4555242 0.02853012 -0.8897662 0.4114364 0.02563971 -0.9110778 0.4996089 0.03115636 -0.8656907 0.8629624 0.01782411 0.5049538 0.844438 0.01236331 0.5355107 0.8629872 0.01774322 0.5049144 0.8442378 0.0125361 0.5358222 0.7747534 -0.006040632 0.6322347 0.7742203 -0.005883395 0.632889 0.6827096 -0.02696794 0.7301921 0.6821999 -0.02676057 0.7306758 0.5744572 -0.04802048 0.8171248 0.5736609 -0.0481655 0.8176756 0.4629986 -0.06728851 0.8838012 0.4623044 -0.06740546 0.8841556 0.3544049 -0.08410406 0.9313022 0.3538211 -0.08409941 0.9315245 0.2442492 -0.09949785 0.9645946 0.2435318 -0.09956228 0.9647693 0.1331647 -0.1135178 0.9845714 0.1325363 -0.1135484 0.9846527 0.01834845 -0.1268131 0.9917569 0.01751935 -0.1265197 0.9918094 -0.09738039 -0.1380884 0.985621 -0.09807753 -0.137874 0.9855819 -0.2128889 -0.1482533 0.9657636 -0.2132378 -0.148198 0.9656951 -0.3253608 -0.1564673 0.9325547 -0.3256867 -0.1564199 0.932449 -0.4320261 -0.1630264 0.8870039 -0.4325016 -0.1628569 0.8868033 -0.5341123 -0.1673138 0.8286918 -0.5346751 -0.1670096 0.8283903 -0.6290715 -0.1692863 0.7586904 -0.6293386 -0.1692657 0.7584735 -0.7207808 -0.1693848 0.6721488 -0.7210258 -0.1693422 0.6718966 -0.811029 -0.166546 0.5607982 -0.8111981 -0.1664115 0.5605933 -0.8975981 -0.1592152 0.4110575 -0.8977307 -0.1590381 0.4108363 -0.9498003 -0.1493351 0.2749155 -0.9498995 -0.1492139 0.2746382 -0.9844055 -0.1347761 0.1130539 -0.9844065 -0.1347582 0.1130666 -0.9921641 -0.1183105 -0.04016572 -0.992199 -0.1179917 -0.04023969 -0.9736733 -0.0976901 -0.2059541 -0.9736607 -0.09785813 -0.2059335 -0.9182097 -0.07329696 -0.3892537 -0.9183902 -0.07202935 -0.3890645 -0.918226 -0.07313054 -0.3892467 -0.9183812 -0.07205152 -0.3890817 -0.8390316 -0.0548855 -0.5413073 -0.8597811 -0.0591669 -0.5072237 -0.8598492 -0.05929511 -0.5070933 -0.839079 -0.05493211 -0.5412292 -0.7706627 -0.04182958 -0.6358689 -0.7705731 -0.04172122 -0.6359845 -0.6781647 -0.0262748 -0.7344402 -0.6783966 -0.02640682 -0.7342212 -0.5689249 -0.01003807 -0.8223283 -0.5688455 -0.01002389 -0.8223834 -0.456858 0.005175709 -0.8895246 -0.4569542 0.005159378 -0.8894754 -0.3479834 0.0187577 -0.9373131 -0.3480626 0.01880019 -0.9372829 -0.2375024 0.03151309 -0.9708757 -0.2375944 0.03151166 -0.9708533 -0.1261546 0.04338973 -0.9910613 -0.1260247 0.04341113 -0.9910768 -0.01004499 0.05488646 -0.9984421 -0.009547889 0.05501294 -0.99844 0.106092 0.06520527 -0.9922161 0.1062421 0.06527549 -0.9921955 0.220457 0.07453876 -0.9725445 0.221174 0.07459908 -0.9723771 0.333148 0.08266973 -0.9392434 0.3330537 0.08279621 -0.9392658 0.4399177 0.08941298 -0.8935759 0.4403822 0.08932131 -0.8933562 0.5417608 0.09440964 -0.8352138 0.5418782 0.09449422 -0.8351281 0.6355713 0.09825474 -0.7657645 0.6357663 0.09822028 -0.765607 0.7267642 0.1003458 -0.679518 0.7267545 0.1003538 -0.6795271 0.8170477 0.1003954 -0.5677622 0.8170405 0.1004017 -0.5677714 0.903143 0.09717756 -0.4181977 0.9032194 0.09713149 -0.4180436 0.9550865 0.09182894 -0.2817398 0.9551756 0.09175932 -0.28146 0.9893165 0.08296996 -0.11987 0.9893949 0.08286267 -0.1192965 0.9967855 0.07230049 0.03451514 0.9967927 0.07209372 0.03473883 0.9785309 0.05789321 0.1978022 0.9784746 0.05831182 0.1979578 0.9214086 0.0371617 0.3868143 0.9212545 0.03847354 0.3870529 0.9214293 0.0369327 0.3867867 0.9213016 0.03810912 0.3869768 0.4823217 0.02707737 -0.8755756 0.4825421 0.0270732 -0.8754543 0.5399401 0.03255695 -0.8410737 0.5399376 0.03255265 -0.8410754 0.6343377 0.02781081 -0.7725558 0.5759335 0.02781164 -0.8170234 0.5758007 0.0276609 -0.8171221 0.6344899 0.02780586 -0.7724308 0.7175153 0.02755963 -0.6959974 0.717821 0.02756172 -0.6956819 0.8076794 0.02660596 -0.5890213 0.8080772 0.02661764 -0.588475 0.8923117 0.02469342 -0.4507439 0.8926005 0.02469116 -0.4501721 0.9542235 0.02181285 -0.2982981 0.9543046 0.02181553 -0.2980383 0.9823091 0.01911205 -0.1862893 0.9823641 0.01936984 -0.1859723 0.9999194 0.01261758 0.001496493 0.999918 0.01279991 5.67151e-4 0.9999216 0.01249259 9.35029e-4 0.9999192 0.01268285 9.57422e-4 0.9999193 0.01262706 0.001433551 0.9902188 -0.003359019 0.1394835 0.9849426 -0.007322907 0.1727268 0.9902246 -0.003444492 0.1394401 0.9849306 -0.007395148 0.1727917 0.9586683 -0.02113258 0.2837403 0.9586295 -0.0210914 0.2838743 0.9136308 -0.03622889 0.4049276 0.9136282 -0.03620576 0.4049355 0.8462077 -0.05263614 0.530247 0.8460986 -0.05262982 0.530422 0.7675427 -0.06717777 0.637468 0.7674226 -0.06717425 0.6376129 0.6834559 -0.07965022 0.7256335 0.6833006 -0.07965815 0.7257788 0.5934609 -0.09072905 0.7997328 0.593466 -0.09072172 0.7997297 0.497984 -0.10058 0.8613337 0.4980408 -0.100554 0.8613039 0.3934417 -0.1093846 0.9128191 0.3933874 -0.109363 0.912845 0.2837786 -0.1171966 0.951701 0.2837476 -0.1171991 0.95171 0.1691517 -0.1236734 0.9778 0.1689148 -0.1235344 0.9778584 0.0524066 -0.1285029 0.9903236 0.05261385 -0.1283148 0.9903368 -0.06331646 -0.1317948 0.9892529 -0.0632652 -0.1318892 0.9892436 -0.1790878 -0.1337014 0.9747059 -0.1790503 -0.1336583 0.9747186 -0.2921657 -0.1341863 0.9469072 -0.2921805 -0.134202 0.9469005 -0.4095565 -0.1328544 0.9025593 -0.4095384 -0.132852 0.9025678 -0.5345997 -0.1292034 0.8351704 -0.5346626 -0.1291562 0.8351375 -0.6713498 -0.1216837 0.7310832 -0.6714602 -0.1217432 0.7309718 -0.7712136 -0.1129524 0.6264754 -0.7713335 -0.1129866 0.6263215 -0.8660016 -0.1004521 0.4898477 -0.8661099 -0.1005233 0.4896415 -0.9330249 -0.08646172 0.3492693 -0.9330867 -0.08647513 0.3491007 -0.9675109 -0.0753476 0.2413409 -0.9675544 -0.07536101 0.2411624 -0.9799513 -0.06979233 0.1866132 -0.9799993 -0.06955701 0.1864492 -0.9986422 -0.05203288 -0.002513647 -0.9988017 -0.04883992 -0.003150701 -0.9986407 -0.05207347 -0.002318322 -0.9986407 -0.05206298 -0.002512037 -0.9987871 -0.04913717 -0.003163695 -0.4905322 -0.0671128 0.868835 -0.4902238 -0.06666952 0.8690431 -0.4909955 -0.06957513 0.8683794 -0.490539 -0.06680434 0.8688549 -0.4907844 -0.069646 0.8684931 -0.4907918 -0.06967359 0.8684867 -0.5650036 -0.07372105 0.8217884 -0.6278328 -0.07987594 0.7742389 -0.564795 -0.07397121 0.8219094 -0.6279613 -0.07977765 0.7741448 -0.7106043 -0.08807891 0.698057 -0.710765 -0.08800584 0.6979027 -0.8027685 -0.09698712 0.5883505 -0.8028685 -0.09689778 0.5882288 -0.8913531 -0.105291 0.4409121 -0.8914258 -0.1053003 0.4407631 -0.9476772 -0.1103938 0.2995349 -0.9476794 -0.1104 0.2995255 -0.9754731 -0.112982 0.1889111 -0.9754996 -0.1128799 0.1888353 -0.9382745 -0.1079562 -0.3286129 -0.7532279 -0.0864821 -0.6520497 -0.7531262 -0.08657246 -0.6521551 -0.9868778 -0.1140323 0.1143199 -0.986877 -0.1139591 0.1143996 -3.35568e-4 -7.42653e-7 1 -0.173647 0 -0.984808 -9.78336e-5 0 -1 -9.85488e-5 0 -1 -0.1736449 0 -0.9848084 -0.3420279 0 -0.9396898 -0.3420265 0 -0.9396904 -0.4999989 0 -0.866026 -0.4999995 0 -0.8660257 -0.6427858 0 -0.7660461 -0.6427856 0 -0.7660462 -0.7660495 0 -0.6427816 -0.7660484 0 -0.6427831 -0.8660274 0 -0.4999966 -0.8660266 0 -0.499998 -0.9396896 0 -0.3420284 -0.939689 0 -0.3420302 -0.9848074 0 -0.1736504 -0.9848071 0 -0.1736521 -1 0 9.30845e-7 -1 0 -9.11799e-7 -0.9848071 0 0.1736522 -0.9848074 0 0.1736503 -0.9396899 0 0.342028 -0.9396905 0 0.3420262 -0.8660265 0 0.499998 -0.8660266 0 0.499998 -0.7660494 0 0.6427817 -0.7660493 0 0.6427819 -0.6427843 0 0.7660474 -0.642786 0 0.7660459 -0.4999946 0 0.8660287 -0.4999961 0 0.8660276 -0.3420265 0 0.9396904 -0.3420279 0 0.9396898 -0.1736449 0 0.9848084 -0.1736471 0 0.984808 -9.7841e-5 0 1 -9.85637e-5 0 1 0 1 2.87009e-6 0 1 -1.43521e-6 0 1 3.8656e-6 0 1 1.43521e-6 0 1 2.89932e-6 0 1 -2.87021e-6 0 1 0 0 1 0 0 1 1.96268e-6 0 1 0 0 1 1.43519e-6 0 1 0 -0.9848071 -0.1736516 0 -1 -6.11544e-5 0 -1 -6.04391e-5 0 -0.9848074 -0.1736504 0 -0.9396891 -0.3420301 0 -0.9396896 -0.3420285 0 -0.866027 -0.4999972 0 -0.8660269 -0.4999974 0 -0.7660489 -0.6427825 0 -0.7660498 -0.6427814 0 -0.6427857 -0.7660461 0 -0.4999986 -0.8660263 0 -0.5 -0.8660255 0 -0.3420265 -0.9396904 0 -0.342028 -0.9396898 0 -0.1736451 -0.9848084 0 -0.1736467 -0.9848081 0 9.14179e-7 -1 0 -9.14179e-7 -1 0 0.1736469 -0.984808 0 0.173645 -0.9848084 0 0.3420304 -0.939689 0 0.3420285 -0.9396896 0 0.5000014 -0.8660247 0 0.5000011 -0.8660248 0 0.6427854 -0.7660465 0 0.6427863 -0.7660456 0 0.7660472 -0.6427843 0 0.766045 -0.642787 0 0.8660277 -0.499996 0 0.8660267 -0.499998 0 0.9396895 -0.3420289 0 0.939689 -0.3420302 0 0.9848074 -0.17365 0 0.9848071 -0.1736519 0 1 -9.79751e-5 0 1 -9.86829e-5 0 -2.29588e-5 0 1 -2.29605e-5 0 1 -1.14803e-5 0 1 -1.54617e-5 0 1 1.66128e-6 0 1 -2.87791e-6 0 1 3.18902e-6 0 1 1.33156e-6 0 1 -2.29605e-5 0 1 1.54646e-5 0 1 -1.21611e-6 0 1 -7.7314e-6 0 1 2.2963e-5 0 1 -9.0874e-7 0 1 2.46666e-6 0 1 -1.20199e-6 0 1 1.20202e-6 0 1 2.29604e-5 0 1 3.92536e-6 0 1 2.40403e-6 0 1 -1.54646e-5 0 1 4.66069e-7 0 1 0.9848082 0.1736462 0 1 1.00866e-4 4.15808e-6 0.9848076 0.1736498 0 1 1.01648e-4 -4.17779e-6 0.9396922 0.3420213 0 0.939691 0.3420248 0 0.8660309 0.4999907 0 0.8660311 0.4999904 0 0.7660484 0.642783 0 0.7660452 0.6427867 0 0.6427841 0.7660474 0 0.6427837 0.7660477 0 0.4999958 0.8660278 0 0.499996 0.8660277 0 0.3420218 0.939692 0 0.3420217 0.9396921 0 0.1736471 0.984808 0 0.1736471 0.984808 0 -0.1736481 0.9848078 0 -0.1736481 0.9848078 0 -0.342023 0.9396916 0 -0.342023 0.9396917 0 -0.4999937 0.8660291 0 -0.4999939 0.8660291 0 -0.6427847 0.766047 0 -0.6427842 0.7660473 0 -0.7660448 0.6427873 0 -0.7660481 0.6427832 0 -0.8660275 0.4999963 0 -0.8660301 0.4999921 0 -0.9396933 0.3420186 0 -0.9396934 0.3420181 0 -0.9848078 0.1736481 0 -1 6.29127e-5 -2.92222e-5 -1 6.32852e-5 4.18008e-6 -0.9848082 -0.1736462 0 -1 -6.32852e-5 -4.18008e-6 -1 -6.29053e-5 4.16036e-6 -0.9848075 -0.1736501 0 -0.9396939 -0.3420168 0 -0.9396926 -0.3420204 0 -0.8660296 -0.4999928 0 -0.8660278 -0.4999958 0 -0.7660475 -0.6427841 0 -0.7660453 -0.6427866 0 -0.6427847 -0.766047 0 -0.6427849 -0.7660467 0 -0.4999937 -0.8660291 0 -0.4999939 -0.8660291 0 -0.3420203 -0.9396926 0 -0.3420165 -0.9396941 0 -0.1736482 -0.9848078 0 -0.1736485 -0.9848078 0 0 -1 0 0.1736448 -0.9848084 0 0.1736494 -0.9848076 0 0.3420172 -0.9396938 0 0.3420174 -0.9396938 0 0.4999958 -0.8660278 0 0.499996 -0.8660277 0 0.6427841 -0.7660474 0 0.6427844 -0.7660471 0 0.7660467 -0.6427848 0 0.7660462 -0.6427855 0 0.8660296 -0.4999927 0 0.866032 -0.4999886 0 0.9396916 -0.3420231 0 0.9396918 -0.3420225 0 0.9848078 -0.1736479 0 0.9848078 -0.1736479 0 1 -1.00866e-4 -4.15808e-6 1 -1.01648e-4 4.17779e-6 -0.3789386 -0.925422 1.01604e-4 -0.529107 -0.8435769 0.09178155 -0.5292304 -0.8484782 3.10764e-5 -0.5273882 -0.8326976 0.1687497 -0.2142075 -0.9767883 1.49578e-4 -0.5227034 -0.8241862 0.2179412 -0.1165398 -0.993186 2.83815e-4 -0.1166669 -0.9931711 3.91526e-4 -0.1162699 -0.9925674 0.03593569 -0.1150876 -0.9925798 0.03924661 -0.1141306 -0.9926334 0.04066038 -0.5125416 -0.8249289 0.2383136 -0.113166 -0.9927022 0.04166382 -0.490313 -0.8400405 0.2322177 -0.1122723 -0.9927725 0.0424028 -0.1111216 -0.9928757 0.0430116 -0.04523283 -0.9989324 0.009395241 -0.04722362 -0.9988316 0.01027035 -0.06436026 -0.9979254 -0.001684546 -0.04891586 -0.9987397 0.01123696 -0.04310363 -0.9990335 0.008622467 -0.0503754 -0.9986535 0.01238769 -0.04072958 -0.9991377 0.008063077 -0.05149096 -0.9985808 0.01360952 -0.08297884 -0.9965281 0.0068174 -0.03822857 -0.9992404 0.007569015 -0.05234897 -0.9985185 0.01484829 -0.0356009 -0.9993404 0.007173418 -0.05303961 -0.9984517 0.01676654 -0.03284412 -0.9994336 0.007335722 -0.03009516 -0.9995214 0.007168889 -0.05353891 -0.9983906 0.01870375 -0.08225119 -0.9961783 0.02938729 -0.4420527 -0.8719056 0.2106422 -0.1087403 -0.9930892 0.04415321 -0.05116629 -0.9984154 0.023427 -0.04976952 -0.9984473 0.02502363 -0.04816997 -0.9984929 0.02630108 1.31018e-5 -1 8.14976e-6 -0.0644899 -0.9979126 -0.003398537 -0.01418721 -0.9998351 0.01134681 -0.01596838 -0.9998198 0.01027494 -0.01882171 -0.9997816 0.009092986 -0.02179563 -0.9997287 0.008222579 -0.02464824 -0.9996665 0.00770086 -0.02735072 -0.9995998 0.007240831 -0.04637312 -0.99855 0.02734035 -0.01262706 -0.9998401 0.01266366 -0.04357653 -0.9986439 0.02848786 -0.01122349 -0.999835 0.01428449 -0.04073035 -0.9987389 0.02935546 -0.009132146 -0.9997729 0.01925623 -0.009533226 -0.9997309 0.02115023 -0.01030039 -0.9996796 0.0231198 -0.3650611 -0.9116941 0.1885324 -0.01888352 -0.9985076 0.05124652 -0.03799414 -0.9988275 0.0300002 -0.03536605 -0.9989156 0.03028184 -0.03268766 -0.9989995 0.03052318 -0.02997159 -0.9990804 0.03066402 -0.02725279 -0.9991638 0.03048241 -0.02461522 -0.9992403 0.0302174 -0.02206122 -0.999312 0.02981489 -0.01967805 -0.9993796 0.02921372 -0.01742327 -0.9994402 0.02856153 -0.016456 -0.9985 0.05222088 -0.01547312 -0.9994978 0.02765375 -0.01425457 -0.9984787 0.05326491 -0.01371961 -0.9995497 0.0266897 -0.01228564 -0.9984424 0.0544244 -0.01224374 -0.9995967 0.02562564 -0.01100218 -0.9983986 0.05549126 -0.01112216 -0.9996402 0.02441114 -0.009861648 -0.9983232 0.05704039 -0.008478999 -0.9981278 0.06057262 -0.2730426 -0.9462854 0.1731807 -0.04003715 -0.9968455 0.06852895 -0.177599 -0.9699972 0.1660245 -0.09449928 -0.981824 0.164595 -0.0328359 -0.9970066 0.06999766 -0.02944904 -0.9970894 0.07032525 -0.03362399 -0.9856091 0.1656626 -0.02660703 -0.9971582 0.07048273 1.0693e-5 -0.986139 0.1659216 -0.02353584 -0.9972451 0.07034492 -0.02056288 -0.997344 0.06987327 -0.01776903 -0.9974378 0.06929773 -0.01527929 -0.9975332 0.06851339 -0.01310503 -0.9976314 0.06752711 -0.01144361 -0.9977321 0.06633162 -0.01028275 -0.9978243 0.06512439 -0.009569644 -0.9978972 0.06410735 -0.009109497 -0.9979764 0.06293106 0.5291334 -0.8435608 0.09177732 0.4209887 -0.9070659 5.0351e-5 0.5292761 -0.8484497 -3.63728e-6 0.3339474 -0.9425918 1.52126e-4 0.5273733 -0.8326995 0.1687869 0.2256125 -0.9742172 1.54942e-4 0.5226753 -0.8242029 0.2179455 0.1146081 -0.9934108 1.16209e-4 0.1144284 -0.9934316 -5.34533e-6 0.1144035 -0.9927839 0.0359447 0.1140424 -0.9927529 0.03789651 0.1137484 -0.9927558 0.03869563 0.1133435 -0.9927694 0.03952348 0.1124818 -0.9928225 0.04063969 0.5125011 -0.8249365 0.2383748 0.110923 -0.9929477 0.04184597 0.4902451 -0.8400626 0.2322817 0.1069018 -0.9932889 0.04415017 0.04251694 -0.9990524 0.009314775 0.06027114 -0.9981821 -5.63519e-5 0.04489719 -0.998938 0.01035511 0.04692512 -0.9988316 0.01156103 0.06221061 -0.9980631 -1.27843e-5 0.0398795 -0.9991688 0.008454322 0.04872518 -0.9987272 0.0130375 0.08109349 -0.996683 0.006849586 0.03716969 -0.9992782 0.007845997 0.05014359 -0.9986311 0.01488727 0.03443872 -0.9993786 0.007516443 0.03161209 -0.9994749 0.007112026 0.05104631 -0.9985551 0.01679766 0.0287339 -0.999562 0.00709176 0.05126643 -0.9985087 0.0187689 0.08032804 -0.996333 0.02946311 0.05106431 -0.9984896 0.02027386 0.05049109 -0.9984878 0.0217427 0.4420265 -0.8719221 0.2106291 0.04951649 -0.9985045 0.02317309 0.04820668 -0.998536 0.02453941 0.04666352 -0.9985755 0.02587682 2.49042e-5 -1 2.502e-6 0.02582764 -0.9996395 0.007342457 0.0230062 -0.9997066 0.007593691 0.02028346 -0.9997618 0.008067846 0.01774024 -0.9998051 0.00866276 0.01543086 -0.9998357 0.009522974 0.0133953 -0.9998554 0.01048493 0.04471015 -0.9986353 0.02699512 0.01157635 -0.9998664 0.01154559 0.04255765 -0.9986989 0.02809691 0.01010668 -0.9998682 0.01270473 0.04013854 -0.9987749 0.02894407 0.008941948 -0.9998614 0.0140537 0.008041441 -0.9998491 0.01540368 0.007518589 -0.9998292 0.01688724 0.007181525 -0.999812 0.0180146 0.007140278 -0.999789 0.01926189 0.00724399 -0.999759 0.02073007 0.007703304 -0.9997228 0.02225255 0.3650365 -0.9117025 0.1885392 0.01650285 -0.9985465 0.05130958 0.01273047 -0.9995409 0.02749794 0.01481306 -0.9994847 0.02847754 0.01723444 -0.999424 0.02923226 0.01983237 -0.9993563 0.02989494 0.02265965 -0.9992833 0.03032517 0.02561521 -0.9992048 0.03055739 0.02863097 -0.9991202 0.03064453 0.03165864 -0.9990329 0.03051352 0.03461289 -0.9989465 0.03013294 0.03745639 -0.9988598 0.02960336 0.01019036 -0.9984559 0.05460858 0.01097565 -0.9995926 0.026349 0.008603811 -0.9983924 0.05602329 0.008451223 -0.9996829 0.02372336 0.009580671 -0.9996399 0.02506941 0.007543385 -0.9983316 0.05724692 0.006873667 -0.9982671 0.05844384 0.27303 -0.9462931 0.1731589 0.03775453 -0.9969252 0.06866449 0.1775848 -0.9699996 0.1660259 0.03432089 -0.9969931 0.06947726 0.09449654 -0.9818229 0.1646041 0.02819305 -0.9971179 0.07043486 0.03073853 -0.9970674 0.07008403 0.0336169 -0.9856118 0.1656483 0.02559554 -0.997179 0.07056206 -7.68341e-6 -0.9861369 0.1659342 0.00936228 -0.9977506 0.06637847 0.01070648 -0.997675 0.06730586 0.01224333 -0.9976001 0.06814831 0.01404994 -0.9975277 0.068856 0.01604467 -0.9974543 0.06948125 0.01822769 -0.9973825 0.06997066 0.02058053 -0.9973116 0.07032847 0.02305483 -0.9972474 0.07047134 0.006589591 -0.9981651 0.06019252 0.006831467 -0.9980729 0.06167632 0.006954133 -0.9979889 0.06300818 0.007494628 -0.9979078 0.06421911 0.00830698 -0.9978293 0.06532901 -0.378973 -0.9254078 -1.26362e-4 -0.5261389 -0.8484315 -0.05780839 -0.5161053 -0.8484759 -0.1171501 -0.5293217 -0.8484213 -1.17784e-5 -0.4951182 -0.8484576 -0.1870235 -0.2141411 -0.9768028 -5.42179e-5 -0.4636075 -0.8484705 -0.2552763 -0.1163402 -0.9932079 -0.001783967 -0.1164334 -0.9931986 1.65903e-6 -0.1161026 -0.9932255 -0.004831433 -0.1158273 -0.9932492 -0.006317019 -0.1152346 -0.9933081 -0.007749915 -0.114372 -0.9933911 -0.009660303 -0.1128605 -0.9935406 -0.01181489 -0.1237168 -0.9866005 -0.1063656 -0.1242115 -0.9862237 -0.1092447 -0.1243278 -0.9859702 -0.1113793 -0.1230566 -0.9869872 -0.1035062 -0.1240985 -0.9857674 -0.1134117 -0.1236075 -0.9855934 -0.1154423 -0.4218516 -0.8484599 -0.3196202 -0.1228405 -0.9854528 -0.1174442 -0.1218771 -0.9853536 -0.1192656 -0.1206926 -0.9852935 -0.1209544 -0.3706195 -0.8484782 -0.3777909 -0.1193481 -0.9852616 -0.1225382 -0.108605 -0.9919385 -0.06529223 -0.1091981 -0.9938974 -0.01561409 -0.1178039 -0.9852788 -0.1238871 -0.311541 -0.8484762 -0.4278206 -0.1048251 -0.9926946 -0.05974459 -0.1161347 -0.9853182 -0.1251438 -0.103549 -0.9929077 -0.05841207 -0.1020771 -0.9931225 -0.0573427 -0.1142629 -0.9854076 -0.126158 -0.1004867 -0.9933351 -0.05646032 -0.1123233 -0.9855384 -0.1268771 -0.2465441 -0.8484774 -0.4682971 -0.0983659 -0.9935888 -0.05572742 -0.1103388 -0.9856849 -0.1274777 -0.09628349 -0.9938111 -0.05539983 -9.31919e-5 -0.9240932 -0.3821673 -0.08404636 -0.84846 -0.5225436 -3.79384e-5 -0.8484346 -0.5293003 -0.1702528 -0.8484691 -0.5011129 -0.09441417 -0.9939922 -0.05536693 -0.09219223 -0.9941897 -0.05556416 -1.19768e-4 -0.9594407 -0.2819106 -0.1034607 -0.9864153 -0.1275962 -0.1059964 -0.9861259 -0.1277524 -0.1082867 -0.9858694 -0.1278111 -0.05422484 -0.9972539 -0.0504409 -0.07925647 -0.9947655 -0.06449949 -0.07822394 -0.9947305 -0.06627333 -0.07740038 -0.99467 -0.06812298 -0.07669168 -0.9945915 -0.07004511 -0.07624346 -0.9944857 -0.07200837 -0.07600963 -0.9943589 -0.07397902 -0.07609784 -0.9941267 -0.07694923 -0.07637381 -0.9939683 -0.07870227 -0.08845847 -0.9944672 -0.0566585 -0.08669382 -0.994574 -0.05750513 -0.08494502 -0.9946656 -0.05852055 -0.08328938 -0.9947263 -0.05985438 -0.08184736 -0.9947582 -0.06129658 -0.08044397 -0.9947794 -0.06279242 -0.04963487 -0.9916822 -0.1187546 -0.05043339 -0.9919724 -0.1159632 -0.09088152 -0.9889063 -0.1174936 -0.05100297 -0.9922705 -0.113128 -0.07688027 -0.9937862 -0.08048915 -0.04877257 -0.9915121 -0.1205205 -0.09513878 -0.9878135 -0.1231799 -0.04775393 -0.991344 -0.1222977 -0.09708529 -0.9874057 -0.1249177 -0.04643207 -0.991203 -0.1239385 -0.04493546 -0.9910846 -0.125428 -0.09890097 -0.9870806 -0.1260575 -0.04326289 -0.990995 -0.1267175 -0.04148519 -0.9909315 -0.1278035 -0.1007738 -0.9867867 -0.1268727 -0.03954833 -0.9908829 -0.1287906 -4.15444e-5 -0.9836363 -0.1801656 -0.03119426 -0.9909989 -0.1301851 -0.0333293 -0.9909259 -0.1302115 -0.03545475 -0.9908857 -0.1299552 -0.03752094 -0.9908682 -0.1295083 -0.02910453 -0.9910862 -0.1300046 -0.02702826 -0.9911954 -0.1296195 -0.02486038 -0.9913504 -0.1288667 -0.02254086 -0.9915369 -0.1278544 -0.02026742 -0.9917876 -0.12628 -0.01884144 -0.9919968 -0.1248502 -0.02238595 -0.999548 -0.02007061 1.3249e-5 -1 1.35601e-4 -0.0643863 -0.9979251 2.59113e-5 -0.01755958 -0.9922322 -0.1231546 -0.01638758 -0.9925265 -0.1209245 6.12438e-6 -0.9952858 -0.09698641 -0.01459127 -0.9933398 -0.1142945 -0.01549249 -0.9928627 -0.1182533 -0.01475971 -0.9992151 -0.03675997 0.01672422 -0.4764336 0.8790514 -0.01805037 -0.9995489 -0.02400594 -0.0163933 -0.9995138 -0.02652478 -0.01559704 -0.9994689 -0.02861237 -0.01518988 -0.9994226 -0.03039485 -0.01492214 -0.9993597 -0.0325185 -0.09029978 -0.9943368 -0.05603879 6.49393e-5 -0.9240929 -0.382168 0.05780631 -0.8484557 -0.5261001 0.1171614 -0.8484678 -0.516116 7.30623e-6 -0.8484336 -0.5293021 0.1870076 -0.8484768 -0.4950913 1.42105e-4 -0.9594392 -0.2819158 0.255264 -0.8484752 -0.4636055 0.01817941 -0.9918616 -0.1260164 0.01669317 -0.9920581 -0.1246685 4.31389e-5 -0.9836374 -0.1801599 0.01546204 -0.9922631 -0.1231859 0.019804 -0.9916782 -0.1272091 0.01443898 -0.9924896 -0.121474 0.02156472 -0.9915094 -0.1282346 0.01377636 -0.9927169 -0.1196813 0.02347111 -0.9913597 -0.1290552 0.02543854 -0.9912261 -0.1297062 0.02749633 -0.9911245 -0.1300629 2.46558e-5 -0.9952874 -0.09696906 0.0130701 -0.9930424 -0.1170299 0.01264679 -0.993372 -0.114246 0.02961581 -0.9910356 -0.130275 0.0317465 -0.9909852 -0.1301565 0.03386062 -0.9909434 -0.1299414 0.03592574 -0.9909426 -0.1293919 0.03815221 -0.9909658 -0.128574 0.1006104 -0.9867529 -0.127265 0.1026118 -0.9864901 -0.1277035 0.1046861 -0.9862558 -0.1278296 0.09862875 -0.9870193 -0.1267488 0.04050052 -0.9910104 -0.1275075 0.1067617 -0.9860489 -0.127709 0.09678906 -0.9873162 -0.1258524 0.04281932 -0.9911311 -0.1257999 0.1087852 -0.985875 -0.1273432 0.09501123 -0.9876298 -0.1247417 0.04433089 -0.9912493 -0.1243372 0.1107937 -0.9857314 -0.1267217 0.3196174 -0.8484579 -0.421858 0.09351783 -0.9879271 -0.1235088 0.04571658 -0.9914129 -0.122518 0.1127022 -0.9856176 -0.1259217 0.09210985 -0.9882289 -0.1221448 0.04694366 -0.9916536 -0.1200819 0.1144921 -0.98554 -0.1249104 0.116179 -0.9854952 -0.1236995 0.3777892 -0.8484743 -0.3706303 0.09049659 -0.9886513 -0.1199134 0.04801481 -0.991944 -0.1172254 0.1178585 -0.9854939 -0.122112 0.08911395 -0.9890674 -0.1174921 0.0491532 -0.992354 -0.1132144 0.1194946 -0.9855396 -0.1201366 0.427818 -0.8484826 -0.3115271 0.1208224 -0.9856775 -0.1176514 0.4211568 -0.9069879 3.74019e-6 0.522532 -0.8484673 -0.08404541 0.5293392 -0.8484104 -2.16328e-5 0.5011061 -0.8484759 -0.1702393 0.1216646 -0.9858071 -0.1156808 0.46831 -0.8484674 -0.2465542 0.1221175 -0.986011 -0.1134445 0.3337903 -0.9426475 -1.45279e-4 0.07502788 -0.993924 -0.08053696 0.01268279 -0.9992493 -0.03660923 -5.24372e-5 -1 1.25106e-4 0.2255626 -0.9742287 -8.58083e-5 0.1068348 -0.9921254 -0.0653721 0.1211752 -0.9872211 -0.1034941 0.1221848 -0.9863108 -0.1107338 0.01363116 -0.9994727 -0.0294739 0.05218148 -0.9973621 -0.05045747 0.07448953 -0.994515 -0.07342541 0.07475966 -0.9946866 -0.07077908 0.07538503 -0.9947918 -0.06860387 0.0761944 -0.99487 -0.06654447 0.07769596 -0.9949203 -0.06400799 0.07940125 -0.9949166 -0.06193953 0.08110231 -0.9948835 -0.0602439 0.08282363 -0.9948174 -0.05897998 0.08458352 -0.9947364 -0.05783891 0.08645206 -0.9946323 -0.05685728 0.01445263 -0.9995524 -0.02619493 0.01520776 -0.9995918 -0.02418714 0.01614928 -0.9996063 -0.02294743 0.01742047 -0.9996133 -0.02167546 0.02018195 -0.9996007 -0.01977521 0.1074776 -0.9940847 -0.0156303 0.09232163 -0.9941841 -0.05545073 0.09427613 -0.9940009 -0.05544584 0.09617078 -0.9938026 -0.05574655 0.09799253 -0.9935954 -0.05626547 0.09975266 -0.9933812 -0.05695199 0.1013464 -0.9931641 -0.05791425 0.102789 -0.9929434 -0.05914384 0.1040381 -0.992727 -0.06057608 0.1055051 -0.9924265 -0.06291484 0.09036177 -0.9943492 -0.05571901 0.1097308 -0.9938663 -0.01375418 0.1107703 -0.9937654 -0.01266771 0.1117004 -0.9936755 -0.01148635 0.1126872 -0.9935833 -0.009689152 0.113532 -0.9935084 -0.007179379 0.1146832 -0.9934006 -0.001741707 0.114589 -0.993413 3.2828e-5 0.1140579 -0.9934741 6.18497e-5 0.1145846 -0.993412 -0.001768469 0.1145372 -0.9934189 6.43554e-5 0.01185238 -0.4404956 0.8976765 0.06016635 -0.9981884 9.2648e-6 0.08839124 -0.9945021 -0.05614882 -0.05212408 -0.9985305 0.01483356 -0.0466963 -0.998856 0.01029944 -0.04469794 -0.9989562 0.009417414 -0.04849898 -0.9987594 0.01129758 -0.05006724 -0.9986679 0.01248472 -0.05212932 -0.9985303 0.01483011 -0.05123037 -0.9986021 0.01301592 -0.05006694 -0.9986678 0.01248937 -0.05093759 -0.9984265 0.02345138 -0.05344581 -0.998395 0.0187357 -0.05292373 -0.998458 0.0167579 -0.04590678 -0.998571 0.02736139 -0.04942059 -0.9984639 0.02504897 -0.04589849 -0.9985716 0.02735376 -0.047764 -0.9985157 0.02617424 -0.04941415 -0.9984644 0.02504605 -0.04304826 -0.9986671 0.02847689 -0.01313591 -0.999836 0.01246523 -0.01659232 -0.9998083 0.01039296 -0.01475566 -0.9998306 0.01100635 -0.04020965 -0.9987619 0.02929055 -0.01162147 -0.9998304 0.01429688 -0.01946312 -0.9997696 0.0090577 -0.01656353 -0.9998092 0.01036328 -0.02229815 -0.9997173 0.00826019 -0.02501696 -0.9996573 0.00771594 -0.02755147 -0.9995936 0.00732398 -0.03012883 -0.9995203 0.007174551 -0.03271454 -0.9994395 0.007119774 -0.0352922 -0.9993507 0.007247507 -0.03779828 -0.9992567 0.007576882 -0.04022234 -0.999158 0.008090615 -0.04253673 -0.9990571 0.008705854 -0.01307433 -0.9998373 0.01243019 -0.03753429 -0.9988436 0.03004431 -0.03502172 -0.9989303 0.03019869 -0.03248 -0.9990096 0.0304141 -0.02992463 -0.9990827 0.03063303 -0.02737629 -0.9991601 0.03049099 -0.009816169 -0.9997279 0.02115947 -0.009186267 -0.9997741 0.01916879 -0.02491563 -0.9992335 0.03019654 -0.02251601 -0.9993041 0.02973723 -0.02021038 -0.9993695 0.02919048 -0.01274561 -0.9995862 0.02579236 -0.01064807 -0.999677 0.02308034 -0.01158356 -0.9996414 0.02414929 -0.01809573 -0.9994328 0.02840334 -0.01062983 -0.999677 0.02308666 -0.01430517 -0.9995428 0.02663844 -0.01276218 -0.9995861 0.0257827 -0.01605266 -0.9994906 0.02758544 -0.08286988 -0.996537 0.006822288 -0.1165441 -0.9931855 2.46902e-4 -0.1165958 -0.9931795 1.85786e-4 -0.0645225 -0.9979161 5.39792e-4 -0.06434786 -0.9979274 6.59122e-4 -0.1111009 -0.9928749 0.04308187 -0.1141613 -0.9926366 0.04049527 -0.1149927 -0.9925984 0.03905278 -0.1110703 -0.9928802 0.04303997 -0.1130896 -0.9927149 0.04156881 -0.1141478 -0.9926385 0.04048776 -0.1110781 -0.9928793 0.04303807 -0.1120586 -0.9928017 0.04228228 -0.1130775 -0.9927166 0.0415616 -0.1087483 -0.9930924 0.04405945 -0.1161927 -0.9925773 0.03591108 -0.08219563 -0.9961822 0.02940839 -0.04005408 -0.9968473 0.06849205 -0.01900643 -0.9985039 0.05127155 -0.01669234 -0.9984958 0.05222612 -0.01131016 -0.9983873 0.05563378 -0.01453757 -0.998474 0.05327773 -0.01251536 -0.9984837 0.05360805 -0.01008844 -0.9983214 0.05703192 -0.01453924 -0.998474 0.05327659 -0.01129144 -0.9983878 0.05562686 -0.03263336 -0.9970161 0.06995773 -0.02637684 -0.9971838 0.07020539 -0.02920281 -0.9970877 0.07045167 -0.009392142 -0.9979764 0.06288826 -0.008627891 -0.9981247 0.06060463 -0.02342844 -0.9972524 0.07027596 -0.02057266 -0.9973338 0.07001537 -0.01793307 -0.9974399 0.06922465 -0.009896755 -0.9978985 0.06403672 -0.01558041 -0.9975354 0.06841474 -0.01345986 -0.9976325 0.06744301 -0.01051592 -0.9978094 0.06531471 -0.01184922 -0.9977353 0.06621181 -0.01345419 -0.9976322 0.067447 -0.01048761 -0.9978088 0.06532812 0.05033844 -0.9984959 0.02172476 0.05117279 -0.9985137 0.01875764 0.0509904 -0.998494 0.02024614 0.04928028 -0.9985168 0.02314639 0.05118751 -0.9985129 0.01876085 0.05030477 -0.9984978 0.02171802 0.04789924 -0.998551 0.02453207 0.05084663 -0.9985653 0.01678812 0.01841223 -0.9997893 0.009079635 0.02084213 -0.9997591 0.006882488 0.02338594 -0.9996979 0.007575094 0.016146 -0.999824 0.00955379 0.02600526 -0.9996345 0.007395863 0.01412963 -0.9998453 0.0104807 0.03661835 -0.9992986 0.007845938 0.03923606 -0.9991933 0.008564114 0.03404319 -0.9993926 0.007460951 0.03137314 -0.9994825 0.007113039 0.0286895 -0.9995631 0.007114887 0.01224279 -0.9998579 0.01159358 0.03951114 -0.9988061 0.02872866 0.04423743 -0.99866 0.02685797 0.04195839 -0.9987334 0.02777248 0.0093562 -0.9998564 0.01412904 0.01068735 -0.9998649 0.01249748 0.01221948 -0.9998584 0.0115742 0.009395122 -0.9998558 0.01414853 0.03686344 -0.9988856 0.02947652 0.04619652 -0.9985979 0.02584952 0.008337855 -0.9998478 0.01532787 0.03413045 -0.998965 0.03006899 0.007675886 -0.99983 0.01676923 0.0418902 -0.9990787 0.009329736 0.03133004 -0.9990462 0.03041833 0.04987722 -0.9986444 0.01489537 0.00732088 -0.999811 0.01800972 0.02850002 -0.999126 0.03058028 0.007233083 -0.9997891 0.0192207 0.02570337 -0.9992033 0.0305289 0.02296382 -0.999278 0.03026968 0.007959365 -0.9997214 0.02222371 0.007314801 -0.9997561 0.02084094 0.007239997 -0.999789 0.01922529 0.0203402 -0.9993477 0.02984142 0.04834938 -0.9987455 0.01304101 0.008831143 -0.9996794 0.02373385 0.007930576 -0.9997214 0.02223283 0.01785784 -0.9994131 0.02923125 0.01011246 -0.9996344 0.02507668 0.04430127 -0.9989648 0.0103324 0.01555395 -0.999475 0.02842104 0.04640799 -0.998856 0.01153844 0.01165157 -0.9995858 0.02631443 0.01343792 -0.9995322 0.02747482 0.1142458 -0.9934526 -2.72761e-5 0.1146531 -0.9934054 -6.88775e-4 0.1147438 -0.9933952 -6.27138e-5 0.06234335 -0.9980468 0.004015564 0.1142702 -0.9934498 -1.48453e-6 0.08105218 -0.9966869 0.006784558 0.06220656 -0.9980521 0.004744529 0.1123254 -0.9928454 0.04051125 0.1137493 -0.9927616 0.0385431 0.1132376 -0.9927867 0.03939396 0.112353 -0.9928414 0.04053008 0.1141057 -0.9927505 0.03776895 0.1137819 -0.9927575 0.03855162 0.1107006 -0.9929734 0.04182493 0.1143752 -0.9927877 0.03593134 0.1140453 -0.9927579 0.03775691 0.112336 -0.9928438 0.04052138 0.1068997 -0.9932919 0.04408872 0.08028292 -0.9963363 0.02947324 0.1147409 -0.9933955 -2.17022e-5 0.03775101 -0.9969294 0.06860679 0.016707 -0.998542 0.0513314 0.03426659 -0.9970018 0.06937819 0.01052194 -0.9984506 0.05464375 0.007156372 -0.99826 0.0585308 0.008834779 -0.9983955 0.05593281 0.007170021 -0.9982597 0.05853354 0.007820546 -0.9983128 0.0575354 0.008831501 -0.9983955 0.05593192 0.006775736 -0.9981689 0.06010937 0.02535527 -0.9972183 0.07009136 0.03052002 -0.9970939 0.06980198 0.02790927 -0.9971109 0.07064706 0.006756186 -0.9980713 0.06171077 0.02288049 -0.9972695 0.07021492 0.007200717 -0.9979828 0.06307637 0.02048385 -0.9973127 0.070342 0.007840931 -0.9979069 0.06419038 0.01828765 -0.997389 0.06986355 0.008696019 -0.9978299 0.06526863 0.01619166 -0.9974549 0.06943857 0.009717404 -0.9977509 0.06632316 0.01429271 -0.9975279 0.06880396 0.0110231 -0.9976734 0.06727892 0.0125637 -0.9976016 0.06806915 -0.1151821 -0.9933128 -0.007918834 -0.1159892 -0.9932383 -0.004925847 -0.1157732 -0.9932551 -0.006390631 -0.1143235 -0.9933996 -0.009341776 -0.1159942 -0.9932377 -0.004925787 -0.1152014 -0.9933106 -0.007931232 -0.1127743 -0.9935515 -0.01172131 -0.1163897 -0.9932036 6.13782e-6 -0.1163196 -0.9932103 -0.0017699 -0.1091644 -0.9939016 -0.01558083 -0.03543764 -0.9908116 -0.1305247 -0.03952175 -0.9909263 -0.1284648 -0.03749805 -0.9910591 -0.1280462 -0.03331393 -0.9909397 -0.1301103 -0.04145324 -0.9909347 -0.127789 -0.04327183 -0.9909666 -0.1269357 -0.03119504 -0.9910057 -0.1301341 -0.04493099 -0.9910941 -0.1253549 -0.04645931 -0.991189 -0.1240402 -0.02911812 -0.9911057 -0.1298522 -0.04772049 -0.9913402 -0.1223413 -0.0487374 -0.991505 -0.1205929 -0.02707517 -0.9912076 -0.129516 -0.04955351 -0.9916986 -0.1186526 -0.02488625 -0.9913431 -0.1289169 -0.0225985 -0.9915352 -0.1278568 -0.05032694 -0.9919788 -0.1159545 -0.02030622 -0.9917832 -0.1263082 -0.01889514 -0.991999 -0.1248245 -0.01761865 -0.9922372 -0.1231054 -0.01639837 -0.9925267 -0.1209216 -0.07811546 -0.9968566 -0.01322489 -0.06443446 -0.997922 -4.35412e-5 -0.06840866 -0.9968524 -0.04007196 -0.05415016 -0.9972589 -0.05042427 -0.04628056 -0.9985615 -0.02707874 -0.02239578 -0.9995465 -0.02013105 -0.04877942 -0.9968556 -0.06244623 -0.0509541 -0.9922645 -0.1132031 -0.03069126 -0.9943618 -0.101502 -0.01552611 -0.9928722 -0.1181688 -0.01463514 -0.9933438 -0.1142544 -0.03297317 -0.9985591 -0.04233682 -0.01811319 -0.9995457 -0.02409255 -0.01641476 -0.9995126 -0.02655577 -0.01561504 -0.9994704 -0.02855175 -0.01521718 -0.9994224 -0.03038674 -0.01497024 -0.9993578 -0.03255611 -0.01480323 -0.9992144 -0.03676319 -0.02287328 -0.9968571 -0.07584762 -0.123538 -0.9856037 -0.1154288 -0.1241067 -0.9859965 -0.1113931 -0.1241561 -0.9857735 -0.1132968 -0.1235181 -0.9856066 -0.1154254 -0.1241247 -0.9862298 -0.1092889 -0.1241516 -0.9859909 -0.1113927 -0.1227458 -0.9854741 -0.1173642 -0.1160709 -0.9853577 -0.1248919 -0.1192548 -0.9852629 -0.1226186 -0.1177493 -0.9853408 -0.1234442 -0.1160746 -0.985356 -0.1249014 -0.1206082 -0.9853067 -0.1209315 -0.1192697 -0.9852595 -0.1226315 -0.1142682 -0.9854324 -0.1259603 -0.1217563 -0.9853886 -0.1191002 -0.1123597 -0.9855506 -0.1267493 -0.110347 -0.9857022 -0.1273368 -0.1083088 -0.9858869 -0.1276569 -0.1060297 -0.9861319 -0.1276778 -0.1236476 -0.9866107 -0.1063522 -0.1035162 -0.986426 -0.1274682 -0.1005491 -0.9933549 -0.05599933 -0.1020875 -0.9931372 -0.05706858 -0.1034705 -0.9929109 -0.05849689 -0.1008303 -0.986795 -0.1267641 -0.09841394 -0.9935774 -0.05584537 -0.1005261 -0.9933546 -0.05604648 -0.1034582 -0.9929112 -0.05851358 -0.09631383 -0.9937986 -0.05557096 -0.1047739 -0.9926943 -0.05983799 -0.0971024 -0.9874145 -0.1248353 -0.1008371 -0.9867963 -0.126748 -0.09904193 -0.9871352 -0.1255178 -0.09711802 -0.9874162 -0.1248094 -0.09415435 -0.9940088 -0.05551105 -0.09517157 -0.9878177 -0.1231207 -0.1229776 -0.986998 -0.1034967 -0.09200215 -0.9942061 -0.05558747 -0.090927 -0.9889073 -0.1174506 -0.09009981 -0.9943517 -0.05609726 -0.08794587 -0.9944971 -0.05693101 -0.08561265 -0.9946352 -0.05806344 -0.1085246 -0.9919406 -0.06539475 -0.0839622 -0.9946924 -0.05947595 -0.08239674 -0.9947414 -0.06083106 -0.080989 -0.9947652 -0.06231313 -0.0760262 -0.9943553 -0.07401138 -0.07636868 -0.9939706 -0.07867825 -0.07608217 -0.9941261 -0.07697308 -0.07688319 -0.9937921 -0.08041274 -0.0763002 -0.9945083 -0.07163631 -0.1015608 -0.9909569 -0.0876919 -0.07973265 -0.9947639 -0.0639342 -0.07858616 -0.9947466 -0.06560182 -0.07766497 -0.9946913 -0.06750786 -0.07692462 -0.9946188 -0.06939786 0.04567563 -0.9914433 -0.1222872 0.04281449 -0.9911491 -0.1256606 0.04447352 -0.9911671 -0.1249399 0.04564654 -0.9914469 -0.122268 0.0404793 -0.9910499 -0.1272065 0.04279392 -0.991153 -0.1256369 0.0381419 -0.9909617 -0.1286082 0.03590279 -0.9909368 -0.129442 0.03383624 -0.9909346 -0.1300148 0.03173375 -0.9909745 -0.1302406 0.04692357 -0.9916585 -0.1200494 0.02961456 -0.9910498 -0.1301666 0.02750182 -0.9911119 -0.1301568 0.02544385 -0.9912222 -0.1297354 0.02345061 -0.9913491 -0.1291399 0.02157104 -0.9915076 -0.1282478 0.0479964 -0.9919463 -0.1172126 0.01980823 -0.9916788 -0.1272039 0.01820623 -0.9918656 -0.1259813 0.01676595 -0.9920606 -0.1246386 0.01549243 -0.992261 -0.1231992 0.01449191 -0.9924937 -0.1214348 0.0137943 -0.9927227 -0.11963 0.1125578 -0.9935998 -0.009509921 0.1107367 -0.9937707 -0.0125429 0.1115913 -0.9936923 -0.01108688 0.112509 -0.9936056 -0.009484052 0.1096666 -0.993875 -0.01363587 0.1107528 -0.9937687 -0.01255846 0.1134655 -0.9935164 -0.007128894 0.1073927 -0.9940946 -0.01558345 0.114127 -0.9934663 -1.96674e-5 0.1145901 -0.9934114 -0.001771986 0.02900874 -0.9944562 -0.1010705 0.0490849 -0.9923559 -0.1132274 0.01310688 -0.9930438 -0.117014 0.01268982 -0.9933612 -0.1143349 0.02142059 -0.9969543 -0.07499003 0.01278358 -0.9992478 -0.03661435 0.04754662 -0.9969499 -0.06189024 0.05215084 -0.9973616 -0.05050057 0.03171187 -0.9986459 -0.04124253 0.0136581 -0.9994718 -0.02949059 0.01441419 -0.9995541 -0.02615272 0.01528191 -0.9995903 -0.02420181 0.01618081 -0.9996058 -0.02294492 0.01744246 -0.9996123 -0.02170741 0.02018576 -0.9996004 -0.01979243 0.07699716 -0.9969508 -0.01267415 0.06209349 -0.9980704 -6.57588e-5 0.06015402 -0.9981891 -5.73751e-5 0.121941 -0.9860324 -0.1134492 0.1207715 -0.9856823 -0.1176636 0.1215271 -0.9858516 -0.1154471 0.121937 -0.9860329 -0.1134477 0.1193579 -0.9855573 -0.1201272 0.1207521 -0.9856858 -0.117654 0.1177566 -0.9855102 -0.1220786 0.1220775 -0.9863156 -0.1108093 0.1161026 -0.9855244 -0.1235391 0.1144521 -0.9855459 -0.1249004 0.11262 -0.985639 -0.1258269 0.110742 -0.9857487 -0.126633 0.1087692 -0.9858891 -0.1272475 0.1067355 -0.9860724 -0.1275498 0.1046808 -0.9862746 -0.1276894 0.1026238 -0.9865067 -0.1275653 0.10062 -0.9867641 -0.12717 0.09866589 -0.9870318 -0.1266228 0.1211465 -0.9872232 -0.1035088 0.09681546 -0.9873202 -0.1258002 0.09506613 -0.987613 -0.1248324 0.09352707 -0.9879189 -0.1235677 0.09214085 -0.988216 -0.1222262 0.09051972 -0.9886526 -0.1198846 0.08906555 -0.9890748 -0.1174665 0.07541406 -0.9947873 -0.06863576 0.07474094 -0.9946953 -0.0706762 0.0745269 -0.9945122 -0.07342702 0.07627016 -0.994862 -0.06657743 0.09970331 -0.9933897 -0.05688917 0.1026502 -0.9929571 -0.05915361 0.1013813 -0.9931299 -0.05843657 0.09966242 -0.9933895 -0.05696451 0.103977 -0.9927244 -0.06072074 0.1026736 -0.9929563 -0.05912679 0.08117854 -0.9948735 -0.06030589 0.07948106 -0.994906 -0.06200736 0.1067739 -0.9921265 -0.06545597 0.09802132 -0.9935763 -0.05655092 0.08283114 -0.9948172 -0.05897182 0.1054906 -0.9924219 -0.06301254 0.09611117 -0.9938147 -0.05563253 0.08458077 -0.9947454 -0.05768525 0.09423309 -0.9940012 -0.05551356 0.08645176 -0.9946284 -0.05692517 0.09231966 -0.9941785 -0.05555266 0.08837819 -0.9944975 -0.05625063 0.09032738 -0.9943478 -0.0557993 0.09956318 -0.9911765 -0.08750039 0.07507109 -0.9939237 -0.08049935 0.07776325 -0.9949125 -0.06404781</float_array>
          <technique_common>
            <accessor source="#link_2-mesh-normals-array" count="3201" stride="3">
              <param name="X" type="float"/>
              <param name="Y" type="float"/>
              <param name="Z" type="float"/>
            </accessor>
          </technique_common>
        </source>
        <vertices id="link_2-mesh-vertices">
          <input semantic="POSITION" source="#link_2-mesh-positions"/>
        </vertices>
        <triangles material="mat_0_015-material" count="2968">
          <input semantic="VERTEX" source="#link_2-mesh-vertices" offset="0"/>
          <input semantic="NORMAL" source="#link_2-mesh-normals" offset="1"/>
          <p>2 0 21 1 20 2 3 3 22 4 21 1 3 3 21 1 2 0 4 5 23 6 22 4 4 5 22 4 3 3 5 7 23 6 4 5 6 8 24 9 23 6 6 8 23 6 5 7 7 10 25 11 24 9 7 10 24 9 6 8 8 12 26 13 25 11 8 12 25 11 7 10 9 14 27 15 26 13 9 14 26 13 8 12 10 16 28 17 27 15 10 16 27 15 9 14 11 18 29 18 28 17 11 18 30 19 29 18 11 18 28 17 10 16 12 20 30 19 11 18 13 21 31 22 30 19 13 21 30 19 12 20 14 23 32 24 31 22 14 23 31 22 13 21 15 25 33 26 32 24 15 25 32 24 14 23 16 27 34 28 33 26 16 27 35 29 34 28 16 27 33 26 15 25 17 30 35 29 16 27 18 31 35 29 17 30 18 31 36 32 35 29 19 33 36 32 18 31 19 33 37 34 36 32 1 35 37 34 19 33 1 35 0 36 37 34 40 37 59 38 58 39 41 40 60 41 59 38 41 40 59 38 40 37 42 42 61 43 60 41 42 42 60 41 41 40 43 44 61 43 42 42 44 45 62 46 61 43 44 45 61 43 43 44 45 47 63 48 62 46 45 47 62 46 44 45 46 49 64 50 63 48 46 49 63 48 45 47 47 51 65 52 64 50 47 51 64 50 46 49 48 53 66 54 65 52 48 53 65 52 47 51 49 55 67 56 66 54 49 55 68 57 67 56 49 55 66 54 48 53 50 58 68 57 49 55 51 59 69 60 68 57 51 59 68 57 50 58 52 61 70 62 69 60 52 61 69 60 51 59 53 63 71 64 70 62 53 63 70 62 52 61 54 65 72 66 71 64 54 65 73 67 72 66 54 65 71 64 53 63 55 68 73 67 54 65 56 69 73 67 55 68 56 69 74 70 73 67 57 71 74 70 56 69 57 71 75 72 74 70 39 73 75 72 57 71 39 73 38 74 75 72 105 75 106 76 107 77 104 78 107 77 108 79 104 78 105 75 107 77 103 80 108 79 109 81 103 80 104 78 108 79 102 82 109 81 110 83 102 82 103 80 109 81 101 84 110 83 111 85 101 84 102 82 110 83 100 86 111 85 112 87 100 86 101 84 111 85 99 88 112 87 113 89 99 88 100 86 112 87 98 90 113 89 114 91 98 90 99 88 113 89 97 92 114 91 115 93 97 92 98 90 114 91 96 94 76 95 77 96 96 94 115 93 76 95 96 94 97 92 115 93 95 97 77 96 78 98 95 97 96 94 77 96 94 99 78 98 79 100 94 99 95 97 78 98 93 101 79 100 80 102 93 101 94 99 79 100 92 103 80 102 81 104 92 103 93 101 80 102 91 105 92 103 81 104 91 105 81 104 82 106 90 107 82 106 83 108 90 107 91 105 82 106 89 109 83 108 84 110 89 109 90 107 83 108 88 111 84 110 85 112 88 111 89 109 84 110 87 113 85 112 86 114 87 113 88 111 85 112 177 115 176 116 154 117 178 118 177 115 154 117 175 119 154 117 155 120 175 119 178 118 154 117 173 121 155 120 156 122 173 121 174 123 175 119 173 121 175 119 155 120 172 124 156 122 157 125 172 124 173 121 156 122 171 126 157 125 158 127 171 126 172 124 157 125 170 128 158 127 159 129 170 128 171 126 158 127 169 130 159 129 160 131 169 130 170 128 159 129 168 132 160 131 161 133 168 132 169 130 160 131 167 134 161 133 162 135 167 134 168 132 161 133 166 136 162 135 163 137 166 136 167 134 162 135 165 138 163 137 164 139 165 138 166 136 163 137 198 140 199 141 209 142 197 143 209 142 208 144 197 143 198 140 209 142 196 145 208 144 207 146 196 145 197 143 208 144 195 147 207 146 206 148 195 147 196 145 207 146 194 149 206 148 205 150 194 149 195 147 206 148 193 151 205 150 204 152 193 151 194 149 205 150 192 153 204 152 203 154 192 153 193 151 204 152 191 155 203 154 202 156 191 155 192 153 203 154 190 157 202 156 201 158 190 157 191 155 202 156 210 159 201 158 200 160 210 159 190 157 201 158 189 161 190 157 210 159 213 162 189 161 210 159 188 163 189 161 213 162 212 164 188 163 213 162 187 165 188 163 212 164 211 166 187 165 212 164 220 167 187 165 211 166 219 168 187 165 220 167 221 169 181 170 222 171 180 172 221 169 179 173 180 172 181 170 221 169 181 170 182 174 222 171 182 174 183 175 214 176 183 175 184 177 215 178 184 177 185 179 216 180 185 179 186 181 217 182 186 181 187 165 218 183 218 183 187 165 219 168 215 178 214 176 183 175 216 180 215 178 184 177 217 182 216 180 185 179 218 183 217 182 186 181 214 176 222 171 182 174 235 184 223 185 224 186 235 184 234 187 223 185 236 188 224 186 225 189 236 188 235 184 224 186 237 190 225 189 226 191 237 190 236 188 225 189 238 192 226 191 227 193 238 192 237 190 226 191 239 194 227 193 228 195 239 194 228 195 229 196 239 194 238 192 227 193 240 197 239 194 229 196 241 198 229 196 230 199 241 198 240 197 229 196 242 200 230 199 231 201 242 200 241 198 230 199 233 202 231 201 232 203 233 202 242 200 231 201 264 204 244 205 243 206 264 204 243 206 245 207 265 208 245 207 246 209 265 208 264 204 245 207 266 210 246 209 247 211 266 210 265 208 246 209 267 212 247 211 248 213 267 212 266 210 247 211 268 214 248 213 249 215 268 214 249 215 250 216 268 214 267 212 248 213 269 217 268 214 250 216 270 218 250 216 251 219 270 218 269 217 250 216 271 220 251 219 252 221 271 220 270 218 251 219 272 222 252 221 253 223 272 222 271 220 252 221 273 224 253 223 254 225 273 224 272 222 253 223 274 226 254 225 255 227 274 226 255 227 256 228 274 226 273 224 254 225 275 229 274 226 256 228 276 230 256 228 257 231 276 230 275 229 256 228 277 232 257 231 258 233 277 232 276 230 257 231 278 234 277 232 258 233 278 234 258 233 259 235 279 236 278 234 259 235 279 236 259 235 260 237 280 238 279 236 260 237 280 238 260 237 261 239 263 240 280 238 261 239 263 240 261 239 262 241 282 242 281 243 283 244 320 245 283 244 284 246 320 245 282 242 283 244 319 247 284 246 285 248 319 247 320 245 284 246 318 249 285 248 286 250 318 249 319 247 285 248 317 251 286 250 287 252 317 251 318 249 286 250 316 253 287 252 288 254 316 253 317 251 287 252 315 255 288 254 289 256 315 255 316 253 288 254 314 257 289 256 290 258 314 257 315 255 289 256 313 259 290 258 291 260 313 259 314 257 290 258 312 261 291 260 292 262 312 261 292 262 293 263 312 261 313 259 291 260 311 264 293 263 294 265 311 264 312 261 293 263 310 266 294 265 295 267 310 266 311 264 294 265 309 268 295 267 296 269 309 268 310 266 295 267 308 270 296 269 297 271 308 270 309 268 296 269 307 272 308 270 297 271 307 272 297 271 298 273 306 274 307 272 298 273 306 274 298 273 299 275 305 276 306 274 299 275 305 276 299 275 300 277 304 278 305 276 300 277 304 278 300 277 301 279 303 280 301 279 302 281 303 280 304 278 301 279 371 282 335 282 334 282 371 283 334 283 370 283 372 282 336 282 335 282 372 284 335 284 371 284 369 282 334 282 333 282 369 285 370 285 334 285 373 282 337 282 336 282 373 282 336 282 372 282 368 282 333 282 332 282 368 286 369 286 333 286 374 282 338 282 337 282 374 287 337 287 373 287 367 282 332 282 331 282 367 282 368 282 332 282 375 282 339 282 338 282 375 288 338 288 374 288 366 282 331 282 330 282 366 289 367 289 331 289 340 282 339 282 375 282 376 282 340 282 375 282 365 282 366 282 330 282 365 290 330 290 329 290 328 282 365 282 329 282 377 291 340 291 376 291 377 292 341 292 340 292 364 282 365 282 328 282 342 293 341 293 377 293 378 282 342 282 377 282 363 282 328 282 327 282 363 294 364 294 328 294 379 282 342 282 378 282 379 282 343 282 342 282 362 282 327 282 326 282 362 295 363 295 327 295 380 296 343 296 379 296 344 297 343 297 380 297 325 298 362 298 326 298 325 299 361 299 362 299 345 300 344 300 380 300 345 301 380 301 381 301 324 282 360 282 361 282 324 302 361 302 325 302 359 282 360 282 324 282 346 282 381 282 382 282 346 303 345 303 381 303 323 282 359 282 324 282 358 304 359 304 323 304 347 282 382 282 383 282 347 305 346 305 382 305 322 282 358 282 323 282 357 306 358 306 322 306 348 307 347 307 383 307 348 282 383 282 384 282 321 282 357 282 322 282 349 282 384 282 385 282 349 308 348 308 384 308 356 282 392 282 357 282 356 282 357 282 321 282 350 282 385 282 386 282 350 309 349 309 385 309 355 310 391 310 392 310 355 311 392 311 356 311 351 312 386 312 387 312 351 313 350 313 386 313 354 282 390 282 391 282 354 314 391 314 355 314 352 315 351 315 387 315 352 282 387 282 388 282 352 282 388 282 389 282 353 282 390 282 354 282 353 282 352 282 389 282 353 282 389 282 390 282 443 316 439 317 440 318 443 316 440 318 441 319 443 316 441 319 442 320 421 321 420 322 430 323 408 324 406 325 407 326 453 327 438 328 439 317 453 327 443 316 444 329 453 327 444 329 445 330 453 327 445 330 446 331 453 327 439 317 443 316 454 332 453 327 446 331 454 332 446 331 447 333 454 332 447 333 448 334 455 335 453 327 454 332 455 335 454 332 448 334 456 336 448 334 449 337 456 336 449 337 450 338 456 336 455 335 448 334 456 336 453 327 455 335 457 339 437 340 438 328 457 339 438 328 453 327 458 341 433 342 434 343 458 341 434 343 435 344 458 341 435 344 436 345 458 341 436 345 437 340 458 341 437 340 457 339 459 346 457 339 453 327 460 347 431 348 432 349 460 347 432 349 433 342 460 347 433 342 458 341 461 350 460 347 458 341 462 351 453 327 456 336 462 351 459 346 453 327 463 352 458 341 457 339 463 352 461 350 458 341 464 353 431 348 460 347 465 354 460 347 461 350 465 354 423 355 422 356 465 354 464 353 460 347 466 357 421 321 430 323 466 357 431 348 464 353 466 357 464 353 465 354 466 357 422 356 421 321 466 357 430 323 431 348 466 357 465 354 422 356 467 358 465 354 461 350 467 358 424 359 423 355 467 358 423 355 465 354 467 358 461 350 463 352 468 360 424 359 467 358 468 360 425 361 424 359 468 360 426 362 425 361 468 360 427 363 426 362 468 360 428 364 427 363 468 360 457 339 459 346 468 360 467 358 463 352 468 360 459 346 462 351 468 360 463 352 457 339 469 365 468 360 462 351 470 366 428 364 468 360 470 366 468 360 469 365 471 367 408 324 409 368 471 367 417 369 416 370 471 367 418 371 417 369 471 367 419 372 418 371 471 367 409 368 419 372 472 373 395 374 396 375 472 373 470 366 469 365 473 376 396 375 397 377 473 376 472 373 396 375 474 378 473 376 397 377 475 379 397 377 398 380 475 379 474 378 397 377 476 381 398 380 399 382 476 381 399 382 400 383 476 381 400 383 401 384 476 381 475 379 398 380 477 385 401 384 402 386 477 385 402 386 403 387 477 385 403 387 404 388 477 385 476 381 401 384 478 389 412 390 411 391 478 389 413 392 412 390 478 389 414 393 413 392 479 394 415 395 414 393 479 394 416 370 415 395 479 394 414 393 478 389 479 394 471 367 416 370 479 394 478 389 480 396 481 397 393 398 394 399 481 397 394 399 395 374 481 397 469 365 462 351 481 397 456 336 450 338 481 397 462 351 456 336 481 397 450 338 451 400 481 397 451 400 452 401 481 397 452 401 393 398 481 397 395 374 472 373 481 397 472 373 469 365 482 402 472 373 473 376 482 402 473 376 474 378 482 402 474 378 475 379 482 402 470 366 472 373 482 402 475 379 476 381 482 402 476 381 477 385 482 402 477 385 480 396 483 403 482 402 480 396 483 403 411 391 410 404 483 403 478 389 411 391 483 403 429 405 428 364 483 403 410 404 429 405 483 403 428 364 470 366 483 403 470 366 482 402 483 403 480 396 478 389 484 406 404 388 405 407 484 406 405 407 406 325 484 406 408 324 471 367 484 406 477 385 404 388 484 406 480 396 477 385 484 406 471 367 479 394 484 406 406 325 408 324 484 406 479 394 480 396 557 408 571 409 570 410 557 408 558 411 571 409 569 412 557 408 570 410 580 413 560 414 559 415 535 416 534 417 536 418 535 416 536 418 537 419 581 420 552 421 553 422 581 420 553 422 554 423 581 420 554 423 555 424 581 420 555 424 556 425 581 420 556 425 557 408 581 420 569 412 568 426 581 420 557 408 569 412 582 427 548 428 549 429 582 427 549 429 550 430 582 427 550 430 551 431 582 427 551 431 552 421 582 427 552 421 581 420 583 432 581 420 568 426 583 432 568 426 567 433 584 434 564 435 563 436 584 434 565 437 564 435 584 434 566 438 565 437 584 434 567 433 566 438 584 434 583 432 567 433 585 439 581 420 583 432 586 440 560 414 580 413 586 440 561 441 560 414 586 440 562 442 561 441 586 440 563 436 562 442 586 440 580 413 579 443 587 444 584 434 563 436 587 444 563 436 586 440 588 445 584 434 587 444 589 446 581 420 585 439 589 446 582 427 581 420 590 447 584 434 588 445 590 447 583 432 584 434 591 448 587 444 586 440 591 448 579 443 578 449 591 448 586 440 579 443 592 450 588 445 587 444 592 450 587 444 591 448 592 450 578 449 577 451 592 450 591 448 578 449 593 452 588 445 592 450 593 452 577 451 576 453 593 452 590 447 588 445 593 452 592 450 577 451 594 454 583 432 590 447 594 454 573 455 572 456 594 454 574 457 573 455 594 454 575 458 574 457 594 454 576 453 575 458 594 454 590 447 593 452 594 454 585 439 583 432 594 454 593 452 576 453 594 454 589 446 585 439 595 459 594 454 572 456 595 459 589 446 594 454 596 460 526 461 525 462 596 460 527 463 526 461 596 460 528 464 527 463 596 460 535 416 537 419 597 465 524 466 523 467 597 465 525 462 524 466 597 465 523 467 535 416 597 465 596 460 525 462 597 465 535 416 596 460 598 468 542 469 543 470 599 471 542 469 598 468 600 472 541 473 542 469 600 472 542 469 599 471 601 474 529 475 528 464 601 474 530 476 529 475 601 474 531 477 530 476 601 474 596 460 537 419 601 474 528 464 596 460 602 478 589 446 595 459 602 478 543 470 544 479 602 478 544 479 545 480 602 478 545 480 546 481 602 478 546 481 547 482 602 478 547 482 548 428 602 478 582 427 589 446 602 478 595 459 598 468 602 478 548 428 582 427 602 478 598 468 543 470 603 483 537 419 538 484 603 483 538 484 539 485 603 483 539 485 540 486 603 483 540 486 541 473 603 483 601 474 537 419 603 483 600 472 601 474 603 483 541 473 600 472 604 487 595 459 572 456 604 487 532 488 531 477 604 487 533 489 532 488 604 487 600 472 599 471 604 487 599 471 598 468 604 487 598 468 595 459 604 487 572 456 533 489 604 487 601 474 600 472 604 487 531 477 601 474 625 490 626 491 627 492 625 490 627 492 628 493 635 494 632 495 633 496 635 494 633 496 634 497 606 498 605 499 620 500 615 501 614 502 642 503 615 501 642 503 643 504 616 505 615 501 643 504 617 506 616 505 643 504 617 506 643 504 644 507 618 508 617 506 644 507 618 508 644 507 645 509 619 510 618 508 645 509 619 510 645 509 646 511 647 512 628 493 629 513 647 512 629 513 630 514 647 512 630 514 631 515 647 512 631 515 632 495 647 512 625 490 628 493 647 512 632 495 635 494 648 516 647 512 635 494 648 516 624 517 625 490 648 516 635 494 636 518 648 516 625 490 647 512 649 519 624 517 648 516 649 519 648 516 636 518 650 520 636 518 637 521 650 520 649 519 636 518 650 520 624 517 649 519 651 522 650 520 637 521 652 523 637 521 638 524 652 523 651 522 637 521 653 525 638 524 639 526 653 525 652 523 638 524 654 527 653 525 639 526 655 528 639 526 640 529 655 528 654 527 639 526 656 530 640 529 641 531 656 530 655 528 640 529 657 532 613 533 612 534 657 532 614 502 613 533 657 532 642 503 614 502 657 532 641 531 642 503 657 532 656 530 641 531 658 535 607 536 606 498 658 535 608 537 607 536 658 535 620 500 621 538 658 535 606 498 620 500 659 539 609 540 608 537 659 539 610 541 609 540 659 539 611 542 610 541 659 539 612 534 611 542 659 539 608 537 658 535 659 539 657 532 612 534 660 543 623 544 624 517 660 543 624 517 650 520 660 543 650 520 651 522 661 545 651 522 652 523 661 545 623 544 660 543 661 545 660 543 651 522 662 546 623 544 661 545 662 546 652 523 653 525 662 546 653 525 654 527 662 546 661 545 652 523 663 547 622 548 623 544 663 547 662 546 654 527 663 547 623 544 662 546 664 549 663 547 654 527 664 549 622 548 663 547 664 549 654 527 655 528 665 550 655 528 656 530 665 550 656 530 657 532 665 550 622 548 664 549 665 550 664 549 655 528 666 551 621 538 622 548 666 551 665 550 657 532 666 551 622 548 665 550 666 551 658 535 621 538 666 551 659 539 658 535 666 551 657 532 659 539 676 552 675 553 686 554 668 555 685 556 684 557 668 555 667 558 685 556 670 559 694 560 695 561 699 562 695 561 696 563 699 562 696 563 697 564 699 562 697 564 698 565 671 566 699 562 700 567 671 566 695 561 699 562 671 566 670 559 695 561 672 568 671 566 700 567 674 569 701 570 702 571 703 572 687 573 688 574 703 572 688 574 689 575 703 572 689 575 690 576 704 577 703 572 690 576 704 577 686 554 687 573 704 577 676 552 686 554 704 577 687 573 703 572 705 578 677 579 676 552 705 578 676 552 704 577 706 580 690 576 691 581 706 580 705 578 704 577 706 580 677 579 705 578 706 580 704 577 690 576 707 582 691 581 692 583 707 582 706 580 691 581 708 584 678 585 677 579 708 584 679 586 678 585 708 584 680 587 679 586 708 584 677 579 706 580 709 588 707 582 692 583 709 588 706 580 707 582 709 588 708 584 706 580 709 588 680 587 708 584 710 589 681 590 680 587 710 589 682 591 681 590 710 589 683 592 682 591 710 589 684 557 683 592 710 589 680 587 709 588 710 589 668 555 684 557 711 593 669 594 668 555 711 593 709 588 692 583 711 593 692 583 693 595 711 593 668 555 710 589 711 593 710 589 709 588 712 596 673 597 672 568 712 596 674 569 673 597 712 596 701 570 674 569 712 596 700 567 701 570 712 596 672 568 700 567 713 598 669 594 711 593 713 598 670 559 669 594 713 598 693 595 694 560 713 598 711 593 693 595 713 598 694 560 670 559 776 599 721 599 722 599 775 600 721 600 776 600 720 601 721 601 775 601 777 600 722 600 723 600 777 600 776 600 722 600 774 602 720 602 775 602 719 603 720 603 774 603 778 600 723 600 724 600 778 604 777 604 723 604 773 600 719 600 774 600 718 605 719 605 773 605 779 606 778 606 724 606 779 607 724 607 725 607 772 608 718 608 773 608 717 609 718 609 772 609 716 600 717 600 772 600 715 600 716 600 772 600 780 600 725 600 726 600 780 610 779 610 725 610 727 600 780 600 726 600 781 611 780 611 727 611 771 612 714 612 715 612 771 600 753 600 714 600 752 600 753 600 771 600 728 613 781 613 727 613 782 614 781 614 728 614 770 615 752 615 771 615 751 616 752 616 770 616 729 617 782 617 728 617 783 600 782 600 729 600 769 618 751 618 770 618 750 600 751 600 769 600 784 619 783 619 729 619 784 600 729 600 730 600 768 620 750 620 769 620 749 600 750 600 768 600 767 621 749 621 768 621 731 622 784 622 730 622 731 600 785 600 784 600 748 600 749 600 767 600 766 600 748 600 767 600 732 623 785 623 731 623 732 600 786 600 785 600 747 624 748 624 766 624 787 625 786 625 732 625 765 604 747 604 766 604 733 626 787 626 732 626 746 600 747 600 765 600 788 627 787 627 733 627 764 606 746 606 765 606 734 600 788 600 733 600 745 600 746 600 764 600 754 600 788 600 734 600 763 628 745 628 764 628 735 600 754 600 734 600 744 600 745 600 763 600 736 600 755 600 754 600 736 600 754 600 735 600 743 600 763 600 762 600 743 600 744 600 763 600 761 629 743 629 762 629 737 630 756 630 755 630 737 600 755 600 736 600 742 600 743 600 761 600 757 631 756 631 737 631 738 600 757 600 737 600 741 632 742 632 761 632 741 600 761 600 760 600 759 619 741 619 760 619 739 633 757 633 738 633 739 600 758 600 757 600 740 600 741 600 759 600 740 634 758 634 739 634 740 600 759 600 758 600 800 635 801 636 805 637 817 638 803 639 802 640 818 641 807 642 806 643 818 641 808 644 807 642 820 645 793 646 794 647 820 645 794 647 795 648 790 649 791 650 792 651 821 652 828 653 789 654 821 652 793 646 820 645 822 655 828 653 821 652 824 656 825 657 826 658 824 656 826 658 827 659 829 660 799 661 800 635 829 660 804 662 803 639 829 660 805 637 804 662 829 660 800 635 805 637 829 660 803 639 817 638 830 663 817 638 816 664 830 663 829 660 817 638 830 663 799 661 829 660 831 665 798 666 799 661 831 665 830 663 816 664 831 665 799 661 830 663 832 667 796 668 797 669 832 667 797 669 798 666 832 667 798 666 831 665 833 670 813 671 812 672 833 670 814 673 813 671 833 670 815 674 814 673 833 670 816 664 815 674 833 670 832 667 831 665 833 670 831 665 816 664 834 675 833 670 812 672 834 675 832 667 833 670 834 675 796 668 832 667 835 676 809 677 808 644 835 676 810 678 809 677 835 676 811 679 810 678 835 676 812 672 811 679 835 676 834 675 812 672 835 676 808 644 818 641 836 680 795 648 796 668 836 680 796 668 834 675 836 680 818 641 819 681 836 680 819 681 820 645 836 680 835 676 818 641 836 680 834 675 835 676 836 680 820 645 795 648 837 682 789 654 790 649 837 682 792 651 793 646 837 682 790 649 792 651 837 682 821 652 789 654 837 682 793 646 821 652 838 683 828 653 822 655 838 683 824 656 827 659 838 683 822 655 823 684 838 683 823 684 824 656 838 683 827 659 828 653 866 685 858 686 859 687 851 688 852 689 853 690 876 691 861 692 860 693 869 694 843 695 844 696 869 694 844 696 870 697 868 698 843 695 869 694 868 698 842 699 843 695 867 700 841 701 842 699 867 700 842 699 868 698 840 702 839 703 841 701 840 702 841 701 867 700 877 704 854 705 855 706 877 704 855 706 856 707 877 704 856 707 857 708 877 704 857 708 858 686 877 704 858 686 866 685 878 709 854 705 877 704 878 709 853 690 854 705 878 709 851 688 853 690 878 709 877 704 866 685 879 710 850 711 851 688 879 710 866 685 865 712 879 710 878 709 866 685 879 710 851 688 878 709 880 713 879 710 865 712 880 713 850 711 879 710 881 714 849 715 850 711 881 714 880 713 865 712 881 714 850 711 880 713 882 716 849 715 881 714 883 717 848 718 849 715 883 717 849 715 882 716 884 719 847 720 848 718 884 719 848 718 883 717 885 721 847 720 884 719 886 722 846 723 847 720 886 722 847 720 885 721 887 724 845 725 846 723 887 724 846 723 886 722 888 726 844 696 845 725 888 726 845 725 887 724 888 726 870 697 844 696 889 727 862 728 861 692 889 727 875 729 874 730 889 727 876 691 875 729 889 727 861 692 876 691 890 731 889 727 874 730 891 732 871 733 870 697 891 732 872 734 871 733 891 732 873 735 872 734 891 732 874 730 873 735 891 732 870 697 888 726 891 732 890 731 874 730 892 736 882 716 881 714 892 736 865 712 864 737 892 736 881 714 865 712 893 738 882 716 892 736 893 738 883 717 882 716 893 738 892 736 864 737 894 739 883 717 893 738 894 739 893 738 864 737 894 739 885 721 884 719 894 739 884 719 883 717 895 740 864 737 863 741 895 740 885 721 894 739 895 740 894 739 864 737 896 742 885 721 895 740 896 742 886 722 885 721 896 742 895 740 863 741 897 743 896 742 863 741 897 743 886 722 896 742 897 743 887 724 886 722 897 743 888 726 887 724 898 744 890 731 891 732 898 744 863 741 862 728 898 744 897 743 863 741 898 744 888 726 897 743 898 744 889 727 890 731 898 744 862 728 889 727 898 744 891 732 888 726 1001 745 993 746 992 747 1001 745 994 748 993 746 1028 749 999 750 998 751 1028 749 1000 752 999 750 1011 753 1009 754 1010 755 1012 756 1009 754 1011 753 1017 757 1019 758 1016 759 1018 760 1019 758 1017 757 1029 761 995 762 994 748 1029 761 996 763 995 762 1029 761 997 764 996 763 1029 761 998 751 997 764 1029 761 994 748 1001 745 1029 761 1028 749 998 751 1030 765 1027 766 1028 749 1030 765 1028 749 1029 761 1030 765 1029 761 1001 745 1031 767 1001 745 1002 768 1031 767 1026 769 1027 766 1031 767 1030 765 1001 745 1031 767 1027 766 1030 765 1032 770 1031 767 1002 768 1032 770 1026 769 1031 767 1033 771 1026 769 1032 770 1033 771 1032 770 1002 768 1033 771 1002 768 1003 772 1033 771 1025 773 1026 769 1034 774 1025 773 1033 771 1034 774 1033 771 1003 772 1035 775 1003 772 1004 776 1035 775 1025 773 1034 774 1035 775 1024 777 1025 773 1035 775 1034 774 1003 772 1036 778 1035 775 1004 776 1036 778 1024 777 1035 775 1037 779 1004 776 1005 780 1037 779 1023 781 1024 777 1037 779 1024 777 1036 778 1037 779 1036 778 1004 776 1038 782 1037 779 1005 780 1038 782 1023 781 1037 779 1039 783 1005 780 1006 784 1039 783 1022 785 1023 781 1039 783 1038 782 1005 780 1039 783 1023 781 1038 782 1040 786 1039 783 1006 784 1040 786 1022 785 1039 783 1041 787 1006 784 1007 788 1041 787 1021 789 1022 785 1041 787 1040 786 1006 784 1041 787 1022 785 1040 786 1042 790 1041 787 1007 788 1042 790 1021 789 1041 787 1043 791 1021 789 1042 790 1043 791 1007 788 1008 792 1043 791 1020 793 1021 789 1043 791 1042 790 1007 788 1044 794 1020 793 1043 791 1044 794 1043 791 1008 792 1045 795 1020 793 1044 794 1045 795 1044 794 1008 792 1045 795 1008 792 1009 754 1045 795 1019 758 1020 793 1046 796 1009 754 1012 756 1046 796 1016 759 1019 758 1046 796 1019 758 1045 795 1046 796 1045 795 1009 754 1046 796 1012 756 1013 797 1046 796 1013 797 1014 798 1046 796 1014 798 1015 799 1046 796 1015 799 1016 759 1058 800 1072 801 1059 802 1056 803 1071 804 1057 805 1067 806 1053 807 1052 808 1051 809 1067 806 1052 808 1048 810 1047 811 1060 812 1065 813 1049 814 1048 810 1065 813 1050 815 1049 814 1064 816 1060 812 1061 817 1064 816 1048 810 1060 812 1064 816 1065 813 1048 810 1063 818 1061 817 1062 819 1063 818 1064 816 1061 817 1051 809 1050 815 1066 820 1054 821 1053 807 1068 822 1055 823 1054 821 1069 824 1056 803 1055 823 1070 825 1065 813 1066 820 1050 815 1066 820 1067 806 1051 809 1067 806 1068 822 1053 807 1068 822 1069 824 1054 821 1069 824 1070 825 1055 823 1070 825 1071 804 1056 803 1071 804 1072 801 1057 805 1057 805 1072 801 1058 800 1074 826 1073 826 1077 826 1075 826 1077 826 1078 826 1075 827 1074 827 1077 827 1076 828 1075 828 1078 828 1091 829 1080 830 1079 831 1091 829 1079 831 1081 832 1092 833 1081 832 1082 834 1092 833 1091 829 1081 832 1093 835 1082 834 1083 836 1093 835 1092 833 1082 834 1094 837 1083 836 1084 838 1094 837 1093 835 1083 836 1095 839 1084 838 1085 840 1095 839 1094 837 1084 838 1096 841 1085 840 1086 842 1096 841 1095 839 1085 840 1097 843 1086 842 1087 844 1097 843 1096 841 1086 842 1098 845 1087 844 1088 846 1098 845 1097 843 1087 844 1090 847 1088 846 1089 848 1090 847 1098 845 1088 846 1100 849 1099 849 1104 849 1101 850 1104 850 1103 850 1101 851 1100 851 1104 851 1102 852 1101 852 1103 852 1235 853 1219 854 1218 855 1235 853 1220 856 1219 854 1216 857 1224 858 1223 859 1216 857 1225 860 1224 858 1216 857 1217 861 1225 860 1241 862 1227 863 1226 864 1240 865 1227 863 1241 862 1239 866 1227 863 1240 865 1206 867 1207 868 1236 869 1242 870 1221 871 1220 856 1242 870 1222 872 1221 871 1242 870 1223 859 1222 872 1242 870 1220 856 1235 853 1242 870 1216 857 1223 859 1243 873 1215 874 1216 857 1243 873 1242 870 1235 853 1243 873 1216 857 1242 870 1244 875 1214 876 1215 874 1244 875 1235 853 1234 877 1244 875 1243 873 1235 853 1244 875 1215 874 1243 873 1245 878 1214 876 1244 875 1245 878 1244 875 1234 877 1246 879 1213 880 1214 876 1246 879 1234 877 1233 881 1246 879 1245 878 1234 877 1246 879 1214 876 1245 878 1247 882 1246 879 1233 881 1247 882 1213 880 1246 879 1248 883 1212 884 1213 880 1248 883 1247 882 1233 881 1248 883 1233 881 1232 885 1248 883 1213 880 1247 882 1249 886 1212 884 1248 883 1249 886 1248 883 1232 885 1250 887 1211 888 1212 884 1250 887 1232 885 1231 889 1250 887 1249 886 1232 885 1250 887 1212 884 1249 886 1251 890 1211 888 1250 887 1251 890 1250 887 1231 889 1252 891 1210 892 1211 888 1252 891 1231 889 1230 893 1252 891 1251 890 1231 889 1252 891 1211 888 1251 890 1253 894 1252 891 1230 893 1253 894 1210 892 1252 891 1254 895 1209 896 1210 892 1254 895 1230 893 1229 897 1254 895 1253 894 1230 893 1254 895 1210 892 1253 894 1255 898 1209 896 1254 895 1255 898 1254 895 1229 897 1256 899 1208 900 1209 896 1256 899 1229 897 1228 901 1256 899 1209 896 1255 898 1256 899 1255 898 1229 897 1257 902 1256 899 1228 901 1257 902 1208 900 1256 899 1258 903 1207 868 1208 900 1258 903 1208 900 1257 902 1258 903 1257 902 1228 901 1258 903 1228 901 1227 863 1259 904 1258 903 1227 863 1259 904 1227 863 1239 866 1259 904 1207 868 1258 903 1259 904 1236 869 1207 868 1259 904 1237 905 1236 869 1259 904 1238 906 1237 905 1259 904 1239 866 1238 906 1284 907 1261 908 1260 909 1284 907 1260 909 1283 910 1285 911 1262 912 1261 908 1285 911 1261 908 1284 907 1286 913 1263 914 1262 912 1286 913 1262 912 1285 911 1287 915 1264 916 1263 914 1287 915 1263 914 1286 913 1288 917 1265 918 1264 916 1288 917 1264 916 1287 915 1289 919 1266 920 1265 918 1289 919 1265 918 1288 917 1290 921 1267 922 1266 920 1290 921 1266 920 1289 919 1291 923 1268 924 1267 922 1291 923 1267 922 1290 921 1292 925 1269 926 1268 924 1292 925 1268 924 1291 923 1293 927 1270 928 1269 926 1293 927 1271 929 1270 928 1293 927 1269 926 1292 925 1294 930 1272 931 1271 929 1294 930 1271 929 1293 927 1295 932 1273 933 1272 931 1295 932 1272 931 1294 930 1296 934 1274 935 1273 933 1296 934 1273 933 1295 932 1297 936 1274 935 1296 934 1297 936 1275 937 1274 935 1298 938 1275 937 1297 936 1298 938 1276 939 1275 937 1299 940 1276 939 1298 938 1299 940 1277 941 1276 939 1300 942 1277 941 1299 940 1300 942 1278 943 1277 941 1301 944 1279 945 1278 943 1301 944 1278 943 1300 942 1302 946 1280 947 1279 945 1302 946 1279 945 1301 944 1303 948 1280 947 1302 946 1281 949 1280 947 1303 948 1304 950 1282 951 1281 949 1304 950 1281 949 1303 948 1305 952 1282 951 1304 950 1308 953 1307 954 1306 955 1308 953 1331 956 1307 954 1309 957 1332 958 1331 956 1309 957 1331 956 1308 953 1310 959 1333 960 1332 958 1310 959 1332 958 1309 957 1311 961 1334 962 1333 960 1311 961 1333 960 1310 959 1312 963 1335 964 1334 962 1312 963 1334 962 1311 961 1313 965 1336 966 1335 964 1313 965 1335 964 1312 963 1314 967 1337 968 1336 966 1314 967 1336 966 1313 965 1315 969 1338 970 1337 968 1315 969 1337 968 1314 967 1316 971 1339 972 1338 970 1316 971 1340 973 1339 972 1316 971 1338 970 1315 969 1317 974 1341 975 1340 973 1317 974 1340 973 1316 971 1318 976 1342 977 1341 975 1318 976 1341 975 1317 974 1319 978 1343 979 1342 977 1319 978 1342 977 1318 976 1320 980 1344 981 1343 979 1320 980 1343 979 1319 978 1321 982 1344 981 1320 980 1321 982 1345 983 1344 981 1322 984 1345 983 1321 982 1322 984 1346 985 1345 983 1323 986 1346 985 1322 984 1323 986 1347 987 1346 985 1324 988 1347 987 1323 986 1324 988 1348 989 1347 987 1325 990 1348 989 1324 988 1325 990 1349 991 1348 989 1326 992 1349 991 1325 990 1326 992 1350 993 1349 991 1327 994 1350 993 1326 992 1351 995 1350 993 1327 994 1328 996 1351 995 1327 994 1328 996 1330 997 1351 995 1329 998 1330 997 1328 996 1352 999 1353 1000 1354 1000 1352 1001 1354 1002 1355 1003 1356 1004 1357 1005 1358 1006 1356 1007 1358 1008 1359 1009 1363 1010 1361 1011 1362 1012 1360 1013 1361 1011 1363 1010 1370 1014 1371 1015 1377 1016 1369 1017 1377 1016 1376 1018 1369 1017 1370 1014 1377 1016 1368 1019 1376 1018 1375 1020 1368 1019 1369 1017 1376 1018 1367 1021 1375 1020 1374 1022 1367 1021 1368 1019 1375 1020 1366 1023 1374 1022 1373 1024 1366 1023 1367 1021 1374 1022 1365 1025 1366 1023 1373 1024 1372 1026 1365 1025 1373 1024 1364 1027 1365 1025 1372 1026 1390 1028 1391 1029 1392 1030 1390 1028 1392 1030 1405 1031 1389 1032 1405 1031 1404 1033 1389 1032 1390 1028 1405 1031 1388 1034 1404 1033 1403 1035 1388 1034 1389 1032 1404 1033 1387 1036 1403 1035 1402 1037 1387 1036 1388 1034 1403 1035 1386 1038 1402 1037 1401 1039 1386 1038 1387 1036 1402 1037 1385 1040 1401 1039 1400 1041 1385 1040 1386 1038 1401 1039 1384 1042 1400 1041 1399 1043 1384 1042 1385 1040 1400 1041 1383 1044 1399 1043 1398 1045 1383 1044 1384 1042 1399 1043 1382 1046 1398 1045 1397 1047 1382 1046 1383 1044 1398 1045 1381 1048 1397 1047 1396 1049 1381 1048 1382 1046 1397 1047 1380 1050 1396 1049 1395 1051 1380 1050 1381 1048 1396 1049 1379 1052 1395 1051 1394 1053 1379 1052 1380 1050 1395 1051 1378 1054 1394 1053 1393 1055 1378 1054 1379 1052 1394 1053 1406 1056 1407 1057 1408 1058 1406 1056 1408 1058 1409 1059 1423 1060 1416 1061 1417 1062 1415 1063 1423 1060 1422 1064 1415 1063 1416 1061 1423 1060 1414 1065 1422 1064 1421 1066 1414 1065 1415 1063 1422 1064 1413 1067 1421 1066 1420 1068 1413 1067 1414 1065 1421 1066 1412 1069 1420 1068 1419 1070 1412 1069 1413 1067 1420 1068 1411 1071 1412 1069 1419 1070 1418 1072 1411 1071 1419 1070 1410 1073 1411 1071 1418 1072 1424 1074 1425 1075 1426 1076 1424 1077 1426 1078 1427 1079 1432 1080 1428 1081 1429 1082 1432 1080 1429 1082 1430 1083 1432 1080 1430 1083 1431 1084 1432 1080 1431 1084 1428 1081 1546 1085 1545 1086 1543 1087 1547 1088 1543 1087 1548 1089 1547 1088 1546 1085 1543 1087 1547 1088 1548 1089 1549 1090 1550 1091 1546 1085 1547 1088 1551 1092 1545 1086 1546 1085 1551 1092 1552 1093 1545 1086 1553 1094 1552 1093 1551 1092 1554 1095 1548 1089 1543 1087 1555 1096 1548 1089 1554 1095 1556 1097 1542 1098 1544 1099 1557 1100 1550 1091 1547 1088 1557 1100 1558 1101 1550 1091 1557 1100 1547 1088 1559 1102 1560 1103 1561 1104 1546 1085 1562 1105 1546 1085 1561 1104 1562 1105 1561 1104 1563 1106 1562 1105 1551 1092 1546 1085 1564 1107 1551 1092 1562 1105 1565 1108 1556 1097 1544 1099 1566 1109 1545 1086 1552 1093 1566 1109 1552 1093 1567 1110 1568 1111 1554 1095 1569 1112 1568 1111 1555 1096 1554 1095 1570 1113 1555 1096 1568 1111 1571 1114 1572 1115 1542 1098 1571 1114 1573 1116 1572 1115 1574 1117 1547 1088 1549 1090 1574 1117 1549 1090 1575 1118 1576 1119 1557 1100 1559 1102 1577 1120 1557 1100 1576 1119 1578 1121 1579 1122 1556 1097 1580 1123 1558 1101 1557 1100 1580 1123 1581 1124 1558 1101 1582 1125 1578 1121 1556 1097 1583 1126 1582 1125 1556 1097 1584 1127 1556 1097 1565 1108 1584 1127 1583 1126 1556 1097 1585 1128 1546 1085 1550 1091 1585 1128 1550 1091 1586 1129 1587 1130 1560 1103 1546 1085 1587 1130 1588 1131 1560 1103 1589 1132 1560 1103 1588 1131 1590 1133 1589 1132 1591 1134 1590 1133 1560 1103 1589 1132 1590 1133 1561 1104 1560 1103 1590 1133 1592 1135 1561 1104 1593 1136 1590 1133 1591 1134 1593 1136 1592 1135 1590 1133 1594 1137 1595 1138 1563 1106 1594 1137 1563 1106 1561 1104 1596 1139 1562 1105 1563 1106 1596 1139 1563 1106 1597 1140 1598 1141 1591 1134 1584 1127 1598 1141 1584 1127 1565 1108 1599 1142 1564 1107 1562 1105 1599 1142 1562 1105 1600 1143 1601 1144 1598 1141 1565 1108 1601 1144 1565 1108 1602 1145 1603 1146 1553 1094 1551 1092 1604 1147 1602 1145 1565 1108 1605 1148 1553 1094 1603 1146 1606 1149 1607 1150 1565 1108 1608 1151 1565 1108 1544 1099 1608 1151 1606 1149 1565 1108 1609 1152 1608 1151 1544 1099 1609 1152 1544 1099 1610 1153 1611 1154 1566 1109 1567 1110 1611 1154 1567 1110 1612 1155 1613 1156 1609 1152 1610 1153 1613 1156 1614 1157 1609 1152 1615 1158 1566 1109 1611 1154 1616 1159 1554 1095 1543 1087 1617 1160 1569 1112 1554 1095 1617 1160 1554 1095 1616 1159 1618 1161 1542 1098 1572 1115 1619 1162 1618 1161 1572 1115 1620 1163 1619 1162 1572 1115 1621 1164 1570 1113 1568 1111 1622 1165 1570 1113 1621 1164 1623 1166 1624 1167 1625 1168 1623 1166 1571 1114 1626 1169 1623 1166 1625 1168 1571 1114 1627 1170 1623 1166 1626 1169 1628 1171 1575 1118 1629 1172 1628 1171 1574 1117 1575 1118 1630 1173 1626 1169 1571 1114 1630 1173 1571 1114 1542 1098 1630 1173 1542 1098 1556 1097 1630 1173 1556 1097 1631 1174 1632 1175 1547 1088 1633 1176 1632 1175 1559 1102 1547 1088 1634 1177 1559 1102 1632 1175 1635 1178 1631 1174 1556 1097 1635 1178 1636 1179 1631 1174 1635 1178 1556 1097 1637 1180 1638 1181 1578 1121 1639 1182 1638 1181 1640 1183 1579 1122 1638 1181 1579 1122 1578 1121 1641 1184 1577 1120 1576 1119 1642 1185 1582 1125 1583 1126 1642 1185 1643 1186 1582 1125 1642 1185 1581 1124 1643 1186 1644 1187 1583 1126 1584 1127 1645 1188 1646 1189 1584 1127 1647 1190 1586 1129 1648 1191 1647 1190 1585 1128 1586 1129 1649 1192 1584 1127 1591 1134 1649 1192 1648 1191 1645 1188 1649 1192 1645 1188 1584 1127 1649 1192 1591 1134 1589 1132 1650 1193 1595 1138 1594 1137 1650 1193 1593 1136 1591 1134 1650 1193 1591 1134 1595 1138 1651 1194 1591 1134 1598 1141 1651 1194 1595 1138 1591 1134 1652 1195 1651 1194 1598 1141 1653 1196 1652 1195 1598 1141 1653 1196 1597 1140 1652 1195 1654 1197 1653 1196 1598 1141 1655 1198 1656 1199 1657 1200 1655 1198 1599 1142 1600 1143 1655 1198 1657 1200 1599 1142 1658 1201 1598 1141 1601 1144 1658 1201 1657 1200 1598 1141 1659 1202 1658 1201 1601 1144 1659 1202 1660 1203 1661 1204 1662 1205 1551 1092 1564 1107 1662 1205 1564 1107 1661 1204 1662 1205 1663 1206 1551 1092 1664 1207 1659 1202 1601 1144 1664 1207 1660 1203 1659 1202 1665 1208 1605 1148 1603 1146 1665 1208 1666 1209 1605 1148 1667 1210 1607 1150 1606 1149 1667 1210 1606 1149 1666 1209 1668 1211 1605 1148 1666 1209 1668 1211 1666 1209 1606 1149 1669 1212 1553 1094 1605 1148 1670 1213 1671 1214 1552 1093 1670 1213 1552 1093 1553 1094 1672 1215 1608 1151 1609 1152 1673 1216 1671 1214 1670 1213 1673 1216 1674 1217 1675 1218 1673 1216 1670 1213 1674 1217 1676 1219 1672 1215 1609 1152 1676 1219 1675 1218 1672 1215 1677 1220 1676 1219 1609 1152 1677 1220 1678 1221 1676 1219 1679 1222 1612 1155 1680 1223 1679 1222 1611 1154 1612 1155 1681 1224 1566 1109 1615 1158 1682 1225 1545 1086 1566 1109 1682 1225 1566 1109 1681 1224 1683 1226 1684 1227 1610 1153 1685 1228 1683 1226 1610 1153 1685 1228 1610 1153 1544 1099 1686 1229 1617 1160 1616 1159 1687 1230 1617 1160 1686 1229 1688 1231 1617 1160 1687 1230 1688 1231 1687 1230 1689 1232 1688 1231 1569 1112 1617 1160 1690 1233 1618 1161 1619 1162 1690 1233 1619 1162 1691 1234 1692 1235 1691 1234 1619 1162 1693 1236 1619 1162 1620 1163 1693 1236 1692 1235 1619 1162 1694 1237 1693 1236 1620 1163 1695 1238 1569 1112 1694 1237 1696 1239 1568 1111 1569 1112 1696 1239 1569 1112 1695 1238 1697 1240 1568 1111 1696 1239 1697 1240 1696 1239 1698 1241 1697 1240 1621 1164 1568 1111 1699 1242 1620 1163 1572 1115 1699 1242 1573 1116 1700 1243 1699 1242 1572 1115 1573 1116 1701 1244 1700 1243 1573 1116 1702 1245 1701 1244 1573 1116 1703 1246 1622 1165 1621 1164 1703 1246 1704 1247 1622 1165 1705 1248 1704 1247 1571 1114 1705 1248 1571 1114 1625 1168 1706 1249 1570 1113 1622 1165 1707 1250 1705 1248 1625 1168 1707 1250 1625 1168 1708 1251 1707 1250 1706 1249 1622 1165 1707 1250 1708 1251 1706 1249 1709 1252 1570 1113 1706 1249 1709 1252 1706 1249 1708 1251 1710 1253 1711 1254 1712 1255 1710 1253 1709 1252 1624 1167 1713 1256 1555 1096 1712 1255 1714 1257 1712 1255 1711 1254 1714 1257 1713 1256 1712 1255 1715 1258 1555 1096 1713 1256 1715 1258 1716 1259 1717 1260 1715 1258 1717 1260 1718 1261 1715 1258 1718 1261 1548 1089 1715 1258 1548 1089 1555 1096 1719 1262 1716 1259 1715 1258 1720 1263 1716 1259 1719 1262 1720 1263 1627 1170 1716 1259 1720 1263 1623 1166 1627 1170 1720 1263 1721 1264 1623 1166 1722 1265 1549 1090 1548 1089 1722 1265 1718 1261 1717 1260 1722 1265 1548 1089 1718 1261 1723 1266 1722 1265 1717 1260 1724 1267 1723 1266 1717 1260 1724 1267 1717 1260 1716 1259 1724 1267 1716 1259 1627 1170 1725 1268 1549 1090 1722 1265 1726 1269 1727 1270 1575 1118 1726 1269 1549 1090 1728 1271 1726 1269 1575 1118 1549 1090 1729 1272 1727 1270 1726 1269 1729 1272 1726 1269 1728 1271 1729 1272 1626 1169 1727 1270 1730 1273 1731 1274 1732 1275 1730 1273 1630 1173 1731 1274 1733 1276 1574 1117 1734 1277 1735 1278 1732 1275 1731 1274 1735 1278 1734 1277 1732 1275 1736 1279 1574 1117 1733 1276 1736 1279 1737 1280 1633 1176 1736 1279 1633 1176 1547 1088 1736 1279 1733 1276 1738 1281 1736 1279 1547 1088 1574 1117 1739 1282 1630 1173 1631 1174 1739 1282 1731 1274 1630 1173 1740 1283 1631 1174 1741 1284 1740 1283 1739 1282 1631 1174 1740 1283 1738 1281 1739 1282 1742 1285 1737 1280 1743 1286 1744 1287 1741 1284 1631 1174 1744 1287 1743 1286 1741 1284 1744 1287 1631 1174 1636 1179 1744 1287 1742 1285 1743 1286 1745 1288 1632 1175 1746 1289 1745 1288 1636 1179 1634 1177 1745 1288 1634 1177 1632 1175 1747 1290 1636 1179 1635 1178 1748 1291 1747 1290 1635 1178 1748 1291 1637 1180 1749 1292 1748 1291 1635 1178 1637 1180 1750 1293 1559 1102 1749 1292 1750 1293 1640 1183 1576 1119 1750 1293 1576 1119 1559 1102 1751 1294 1579 1122 1640 1183 1751 1294 1637 1180 1556 1097 1751 1294 1556 1097 1579 1122 1752 1295 1576 1119 1640 1183 1752 1295 1638 1181 1639 1182 1752 1295 1640 1183 1638 1181 1752 1295 1641 1184 1576 1119 1752 1295 1639 1182 1641 1184 1753 1296 1580 1123 1557 1100 1753 1296 1754 1297 1580 1123 1753 1296 1557 1100 1577 1120 1755 1298 1639 1182 1578 1121 1755 1298 1578 1121 1582 1125 1756 1299 1580 1123 1754 1297 1757 1300 1755 1298 1582 1125 1757 1300 1756 1299 1754 1297 1757 1300 1758 1301 1756 1299 1757 1300 1754 1297 1755 1298 1757 1300 1582 1125 1758 1301 1759 1302 1756 1299 1758 1301 1759 1302 1581 1124 1580 1123 1759 1302 1580 1123 1756 1299 1759 1302 1643 1186 1581 1124 1760 1303 1558 1101 1581 1124 1760 1303 1581 1124 1642 1185 1761 1304 1558 1101 1760 1303 1762 1305 1550 1091 1558 1101 1762 1305 1558 1101 1763 1306 1764 1307 1762 1305 1765 1308 1764 1307 1550 1091 1762 1305 1766 1309 1646 1189 1765 1308 1766 1309 1584 1127 1646 1189 1767 1310 1550 1091 1764 1307 1768 1311 1550 1091 1767 1310 1768 1311 1586 1129 1550 1091 1769 1312 1645 1188 1648 1191 1769 1312 1648 1191 1586 1129 1769 1312 1586 1129 1768 1311 1770 1313 1647 1190 1648 1191 1770 1313 1648 1191 1649 1192 1771 1314 1585 1128 1647 1190 1771 1314 1647 1190 1770 1313 1772 1315 1589 1132 1588 1131 1772 1315 1649 1192 1589 1132 1773 1316 1650 1193 1594 1137 1773 1316 1592 1135 1593 1136 1773 1316 1593 1136 1650 1193 1773 1316 1594 1137 1561 1104 1773 1316 1561 1104 1592 1135 1774 1317 1563 1106 1595 1138 1774 1317 1595 1138 1651 1194 1775 1318 1563 1106 1774 1317 1775 1318 1651 1194 1652 1195 1775 1318 1652 1195 1597 1140 1775 1318 1774 1317 1651 1194 1775 1318 1597 1140 1563 1106 1776 1319 1597 1140 1653 1196 1776 1319 1653 1196 1654 1197 1776 1319 1596 1139 1597 1140 1777 1320 1656 1199 1596 1139 1777 1320 1776 1319 1654 1197 1777 1320 1596 1139 1776 1319 1778 1321 1562 1105 1596 1139 1778 1321 1600 1143 1562 1105 1778 1321 1656 1199 1655 1198 1778 1321 1596 1139 1656 1199 1778 1321 1655 1198 1600 1143 1779 1322 1654 1197 1598 1141 1779 1322 1598 1141 1657 1200 1779 1322 1777 1320 1654 1197 1779 1322 1657 1200 1656 1199 1779 1322 1656 1199 1777 1320 1780 1323 1599 1142 1657 1200 1780 1323 1657 1200 1658 1201 1781 1324 1658 1201 1659 1202 1781 1324 1659 1202 1661 1204 1781 1324 1782 1325 1658 1201 1783 1326 1662 1205 1661 1204 1783 1326 1661 1204 1660 1203 1783 1326 1784 1327 1662 1205 1785 1328 1783 1326 1660 1203 1786 1329 1787 1330 1788 1331 1789 1332 1663 1206 1788 1331 1789 1332 1551 1092 1663 1206 1789 1332 1603 1146 1551 1092 1790 1333 1791 1334 1602 1145 1790 1333 1602 1145 1604 1147 1790 1333 1604 1147 1792 1335 1793 1336 1603 1146 1789 1332 1793 1336 1794 1337 1603 1146 1793 1336 1789 1332 1792 1335 1795 1338 1793 1336 1792 1335 1795 1338 1792 1335 1604 1147 1795 1338 1794 1337 1793 1336 1796 1339 1795 1338 1604 1147 1796 1339 1794 1337 1795 1338 1797 1340 1666 1209 1665 1208 1798 1341 1668 1211 1606 1149 1798 1341 1799 1342 1669 1212 1800 1343 1553 1094 1669 1212 1800 1343 1669 1212 1799 1342 1801 1344 1606 1149 1608 1151 1801 1344 1798 1341 1606 1149 1801 1344 1799 1342 1798 1341 1802 1345 1553 1094 1800 1343 1802 1345 1670 1213 1553 1094 1803 1346 1608 1151 1672 1215 1804 1347 1675 1218 1674 1217 1804 1347 1672 1215 1675 1218 1805 1348 1552 1093 1671 1214 1805 1348 1567 1110 1552 1093 1805 1348 1673 1216 1675 1218 1805 1348 1671 1214 1673 1216 1806 1349 1805 1348 1675 1218 1807 1350 1567 1110 1805 1348 1807 1350 1808 1351 1567 1110 1809 1352 1678 1221 1808 1351 1809 1352 1808 1351 1807 1350 1809 1352 1676 1219 1678 1221 1810 1353 1808 1351 1678 1221 1810 1353 1678 1221 1677 1220 1811 1354 1810 1353 1677 1220 1812 1355 1680 1223 1612 1155 1812 1355 1811 1354 1813 1356 1812 1355 1612 1155 1811 1354 1814 1357 1813 1356 1609 1152 1814 1357 1614 1157 1680 1223 1814 1357 1812 1355 1813 1356 1814 1357 1609 1152 1614 1157 1814 1357 1680 1223 1812 1355 1815 1358 1680 1223 1614 1157 1815 1358 1679 1222 1680 1223 1816 1359 1611 1154 1679 1222 1817 1360 1815 1358 1614 1157 1817 1360 1614 1157 1613 1156 1818 1361 1816 1359 1819 1362 1818 1361 1611 1154 1816 1359 1818 1361 1615 1158 1611 1154 1820 1363 1613 1156 1821 1364 1820 1363 1817 1360 1613 1156 1822 1365 1615 1158 1818 1361 1823 1366 1615 1158 1822 1365 1824 1367 1681 1224 1615 1158 1825 1368 1821 1364 1613 1156 1825 1368 1610 1153 1684 1227 1825 1368 1613 1156 1610 1153 1826 1369 1823 1366 1684 1227 1826 1369 1684 1227 1683 1226 1827 1370 1824 1367 1828 1371 1827 1370 1681 1224 1824 1367 1829 1372 1682 1225 1681 1224 1829 1372 1681 1224 1827 1370 1830 1373 1683 1226 1831 1374 1830 1373 1826 1369 1683 1226 1832 1375 1831 1374 1683 1226 1832 1375 1683 1226 1685 1228 1833 1376 1616 1159 1543 1087 1834 1377 1686 1229 1616 1159 1834 1377 1616 1159 1833 1376 1835 1378 1836 1379 1837 1380 1838 1381 1618 1161 1690 1233 1838 1381 1690 1233 1839 1382 1840 1383 1835 1378 1691 1234 1840 1383 1689 1232 1687 1230 1841 1384 1542 1098 1618 1161 1841 1384 1618 1161 1838 1381 1842 1385 1691 1234 1692 1235 1842 1385 1840 1383 1691 1234 1842 1385 1693 1236 1689 1232 1842 1385 1692 1235 1693 1236 1842 1385 1689 1232 1840 1383 1843 1386 1688 1231 1689 1232 1843 1386 1569 1112 1688 1231 1843 1386 1689 1232 1693 1236 1843 1386 1694 1237 1569 1112 1843 1386 1693 1236 1694 1237 1844 1387 1620 1163 1699 1242 1844 1387 1694 1237 1620 1163 1844 1387 1700 1243 1695 1238 1844 1387 1695 1238 1694 1237 1844 1387 1699 1242 1700 1243 1845 1388 1698 1241 1696 1239 1845 1388 1695 1238 1700 1243 1845 1388 1696 1239 1695 1238 1846 1389 1845 1388 1700 1243 1846 1389 1700 1243 1701 1244 1846 1389 1698 1241 1845 1388 1846 1389 1701 1244 1702 1245 1846 1389 1702 1245 1698 1241 1847 1390 1697 1240 1698 1241 1847 1390 1621 1164 1697 1240 1847 1390 1698 1241 1702 1245 1847 1390 1703 1246 1621 1164 1848 1391 1571 1114 1704 1247 1848 1391 1573 1116 1571 1114 1848 1391 1702 1245 1573 1116 1849 1392 1705 1248 1707 1250 1849 1392 1622 1165 1704 1247 1849 1392 1704 1247 1705 1248 1849 1392 1707 1250 1622 1165 1850 1393 1708 1251 1625 1168 1850 1393 1625 1168 1624 1167 1850 1393 1709 1252 1708 1251 1850 1393 1624 1167 1709 1252 1851 1394 1710 1253 1712 1255 1851 1394 1555 1096 1570 1113 1851 1394 1712 1255 1555 1096 1851 1394 1570 1113 1709 1252 1851 1394 1709 1252 1710 1253 1852 1395 1711 1254 1710 1253 1852 1395 1624 1167 1623 1166 1852 1395 1710 1253 1624 1167 1853 1396 1714 1257 1711 1254 1853 1396 1852 1395 1623 1166 1853 1396 1623 1166 1721 1264 1853 1396 1711 1254 1852 1395 1854 1397 1853 1396 1721 1264 1854 1397 1713 1256 1714 1257 1854 1397 1714 1257 1853 1396 1855 1398 1715 1258 1713 1256 1855 1398 1721 1264 1720 1263 1855 1398 1854 1397 1721 1264 1855 1398 1713 1256 1854 1397 1856 1399 1719 1262 1715 1258 1856 1399 1715 1258 1855 1398 1856 1399 1855 1398 1720 1263 1856 1399 1720 1263 1719 1262 1857 1400 1722 1265 1723 1266 1857 1400 1723 1266 1724 1267 1857 1400 1725 1268 1722 1265 1858 1401 1724 1267 1627 1170 1858 1401 1857 1400 1724 1267 1859 1402 1725 1268 1627 1170 1859 1402 1627 1170 1626 1169 1859 1402 1626 1169 1729 1272 1860 1403 1630 1173 1730 1273 1860 1403 1730 1273 1629 1172 1860 1403 1626 1169 1630 1173 1860 1403 1727 1270 1626 1169 1861 1404 1730 1273 1732 1275 1861 1404 1628 1171 1629 1172 1861 1404 1629 1172 1730 1273 1861 1404 1732 1275 1628 1171 1862 1405 1732 1275 1734 1277 1862 1405 1574 1117 1628 1171 1862 1405 1628 1171 1732 1275 1862 1405 1734 1277 1574 1117 1863 1406 1734 1277 1735 1278 1863 1406 1731 1274 1739 1282 1863 1406 1739 1282 1738 1281 1863 1406 1735 1278 1731 1274 1863 1406 1733 1276 1734 1277 1863 1406 1738 1281 1733 1276 1864 1407 1736 1279 1738 1281 1864 1407 1738 1281 1740 1283 1864 1407 1740 1283 1741 1284 1864 1407 1737 1280 1736 1279 1864 1407 1741 1284 1743 1286 1864 1407 1743 1286 1737 1280 1865 1408 1632 1175 1633 1176 1865 1408 1737 1280 1742 1285 1865 1408 1746 1289 1632 1175 1865 1408 1633 1176 1737 1280 1866 1409 1865 1408 1742 1285 1866 1409 1742 1285 1744 1287 1866 1409 1744 1287 1636 1179 1866 1409 1745 1288 1746 1289 1866 1409 1636 1179 1745 1288 1866 1409 1746 1289 1865 1408 1867 1410 1747 1290 1748 1291 1867 1410 1748 1291 1634 1177 1867 1410 1634 1177 1636 1179 1867 1410 1636 1179 1747 1290 1868 1411 1634 1177 1748 1291 1868 1411 1748 1291 1749 1292 1868 1411 1559 1102 1634 1177 1868 1411 1749 1292 1559 1102 1869 1412 1640 1183 1750 1293 1869 1412 1751 1294 1640 1183 1869 1412 1637 1180 1751 1294 1869 1412 1749 1292 1637 1180 1869 1412 1750 1293 1749 1292 1870 1413 1754 1297 1753 1296 1870 1413 1577 1120 1641 1184 1870 1413 1755 1298 1754 1297 1870 1413 1753 1296 1577 1120 1870 1413 1641 1184 1639 1182 1870 1413 1639 1182 1755 1298 1871 1414 1759 1302 1758 1301 1871 1414 1582 1125 1643 1186 1871 1414 1643 1186 1759 1302 1871 1414 1758 1301 1582 1125 1872 1415 1761 1304 1760 1303 1872 1415 1583 1126 1873 1416 1872 1415 1760 1303 1642 1185 1872 1415 1873 1416 1761 1304 1872 1415 1642 1185 1583 1126 1874 1417 1873 1416 1583 1126 1874 1417 1644 1187 1763 1306 1874 1417 1583 1126 1644 1187 1875 1418 1763 1306 1644 1187 1875 1418 1762 1305 1763 1306 1876 1419 1765 1308 1762 1305 1876 1419 1766 1309 1765 1308 1877 1420 1766 1309 1876 1419 1877 1420 1584 1127 1766 1309 1878 1421 1764 1307 1765 1308 1878 1421 1765 1308 1646 1189 1878 1421 1767 1310 1764 1307 1879 1422 1878 1421 1646 1189 1879 1422 1767 1310 1878 1421 1879 1422 1646 1189 1768 1311 1879 1422 1768 1311 1767 1310 1880 1423 1645 1188 1769 1312 1880 1423 1768 1311 1646 1189 1880 1423 1646 1189 1645 1188 1880 1423 1769 1312 1768 1311 1881 1424 1770 1313 1649 1192 1881 1424 1771 1314 1770 1313 1881 1424 1772 1315 1771 1314 1881 1424 1649 1192 1772 1315 1882 1425 1585 1128 1771 1314 1882 1425 1771 1314 1772 1315 1883 1426 1587 1130 1546 1085 1883 1426 1546 1085 1585 1128 1883 1426 1772 1315 1588 1131 1883 1426 1588 1131 1587 1130 1883 1426 1882 1425 1772 1315 1883 1426 1585 1128 1882 1425 1884 1427 1564 1107 1599 1142 1884 1427 1782 1325 1564 1107 1884 1427 1599 1142 1780 1323 1885 1428 1661 1204 1564 1107 1885 1428 1564 1107 1782 1325 1885 1428 1781 1324 1661 1204 1885 1428 1782 1325 1781 1324 1886 1429 1664 1207 1601 1144 1886 1429 1660 1203 1664 1207 1886 1429 1785 1328 1660 1203 1887 1430 1788 1331 1663 1206 1887 1430 1663 1206 1662 1205 1887 1430 1662 1205 1784 1327 1887 1430 1786 1329 1788 1331 1888 1431 1785 1328 1886 1429 1888 1431 1601 1144 1602 1145 1888 1431 1886 1429 1601 1144 1889 1432 1602 1145 1791 1334 1889 1432 1888 1431 1602 1145 1889 1432 1786 1329 1888 1431 1889 1432 1791 1334 1787 1330 1889 1432 1787 1330 1786 1329 1890 1433 1787 1330 1791 1334 1890 1433 1789 1332 1788 1331 1890 1433 1791 1334 1790 1333 1890 1433 1788 1331 1787 1330 1890 1433 1792 1335 1789 1332 1890 1433 1790 1333 1792 1335 1891 1434 1603 1146 1794 1337 1891 1434 1665 1208 1603 1146 1891 1434 1794 1337 1796 1339 1891 1434 1796 1339 1665 1208 1892 1435 1565 1108 1607 1150 1892 1435 1604 1147 1565 1108 1892 1435 1796 1339 1604 1147 1893 1436 1607 1150 1667 1210 1893 1436 1797 1340 1892 1435 1893 1436 1667 1210 1666 1209 1893 1436 1666 1209 1797 1340 1893 1436 1892 1435 1607 1150 1894 1437 1669 1212 1605 1148 1894 1437 1605 1148 1668 1211 1894 1437 1798 1341 1669 1212 1894 1437 1668 1211 1798 1341 1895 1438 1802 1345 1800 1343 1895 1438 1800 1343 1799 1342 1895 1438 1799 1342 1801 1344 1896 1439 1608 1151 1803 1346 1897 1440 1803 1346 1898 1441 1897 1440 1896 1439 1803 1346 1897 1440 1898 1441 1802 1345 1899 1442 1670 1213 1802 1345 1899 1442 1674 1217 1670 1213 1900 1443 1805 1348 1806 1349 1900 1443 1807 1350 1805 1348 1901 1444 1806 1349 1675 1218 1901 1444 1900 1443 1806 1349 1901 1444 1676 1219 1900 1443 1901 1444 1675 1218 1676 1219 1902 1445 1809 1352 1807 1350 1902 1445 1676 1219 1809 1352 1902 1445 1900 1443 1676 1219 1902 1445 1807 1350 1900 1443 1903 1446 1810 1353 1811 1354 1903 1446 1811 1354 1612 1155 1903 1446 1612 1155 1567 1110 1903 1446 1808 1351 1810 1353 1903 1446 1567 1110 1808 1351 1904 1447 1811 1354 1677 1220 1904 1447 1677 1220 1609 1152 1904 1447 1609 1152 1813 1356 1904 1447 1813 1356 1811 1354 1905 1448 1816 1359 1679 1222 1905 1448 1679 1222 1815 1358 1905 1448 1815 1358 1817 1360 1905 1448 1819 1362 1816 1359 1905 1448 1817 1360 1819 1362 1906 1449 1819 1362 1817 1360 1906 1449 1820 1363 1821 1364 1906 1449 1817 1360 1820 1363 1907 1450 1818 1361 1819 1362 1907 1450 1819 1362 1906 1449 1907 1450 1822 1365 1818 1361 1907 1450 1821 1364 1822 1365 1907 1450 1906 1449 1821 1364 1908 1451 1821 1364 1825 1368 1908 1451 1823 1366 1822 1365 1908 1451 1822 1365 1821 1364 1908 1451 1684 1227 1823 1366 1908 1451 1825 1368 1684 1227 1909 1452 1826 1369 1828 1371 1909 1452 1615 1158 1823 1366 1909 1452 1824 1367 1615 1158 1909 1452 1828 1371 1824 1367 1909 1452 1823 1366 1826 1369 1910 1453 1545 1086 1682 1225 1911 1454 1828 1371 1826 1369 1911 1454 1830 1373 1831 1374 1911 1454 1826 1369 1830 1373 1912 1455 1827 1370 1828 1371 1912 1455 1911 1454 1831 1374 1912 1455 1828 1371 1911 1454 1913 1456 1682 1225 1829 1372 1913 1456 1910 1453 1682 1225 1914 1457 1912 1455 1831 1374 1915 1458 1916 1459 1914 1457 1917 1460 1918 1461 1832 1375 1917 1460 1832 1375 1685 1228 1919 1462 1917 1460 1685 1228 1919 1462 1685 1228 1544 1099 1920 1463 1834 1377 1833 1376 1921 1464 1920 1463 1922 1465 1921 1464 1686 1229 1834 1377 1921 1464 1834 1377 1920 1463 1923 1466 1921 1464 1922 1465 1923 1466 1837 1380 1836 1379 1923 1466 1836 1379 1921 1464 1924 1467 1686 1229 1921 1464 1924 1467 1836 1379 1835 1378 1924 1467 1687 1230 1686 1229 1924 1467 1921 1464 1836 1379 1924 1467 1835 1378 1840 1383 1924 1467 1840 1383 1687 1230 1925 1468 1837 1380 1926 1469 1927 1470 1925 1468 1926 1469 1927 1470 1839 1382 1925 1468 1927 1470 1838 1381 1839 1382 1928 1471 1838 1381 1927 1470 1928 1471 1841 1384 1838 1381 1929 1472 1837 1380 1925 1468 1929 1472 1925 1468 1839 1382 1929 1472 1691 1234 1835 1378 1929 1472 1690 1233 1691 1234 1929 1472 1835 1378 1837 1380 1929 1472 1839 1382 1690 1233 1930 1473 1702 1245 1848 1391 1930 1473 1703 1246 1847 1390 1930 1473 1847 1390 1702 1245 1931 1474 1848 1391 1704 1247 1931 1474 1703 1246 1930 1473 1931 1474 1930 1473 1848 1391 1931 1474 1704 1247 1703 1246 1932 1475 1627 1170 1725 1268 1932 1475 1725 1268 1857 1400 1932 1475 1858 1401 1627 1170 1932 1475 1857 1400 1858 1401 1933 1476 1549 1090 1725 1268 1933 1476 1729 1272 1728 1271 1933 1476 1725 1268 1859 1402 1933 1476 1859 1402 1729 1272 1933 1476 1728 1271 1549 1090 1934 1477 1575 1118 1727 1270 1934 1477 1727 1270 1860 1403 1934 1477 1860 1403 1629 1172 1934 1477 1629 1172 1575 1118 1935 1478 1873 1416 1874 1417 1935 1478 1874 1417 1763 1306 1935 1478 1761 1304 1873 1416 1935 1478 1558 1101 1761 1304 1935 1478 1763 1306 1558 1101 1936 1479 1876 1419 1762 1305 1936 1479 1877 1420 1876 1419 1937 1480 1584 1127 1877 1420 1937 1480 1644 1187 1584 1127 1937 1480 1875 1418 1644 1187 1938 1481 1782 1325 1884 1427 1938 1481 1884 1427 1780 1323 1938 1481 1780 1323 1658 1201 1938 1481 1658 1201 1782 1325 1939 1482 1887 1430 1784 1327 1939 1482 1786 1329 1887 1430 1939 1482 1888 1431 1786 1329 1939 1482 1784 1327 1783 1326 1939 1482 1783 1326 1785 1328 1939 1482 1785 1328 1888 1431 1940 1483 1796 1339 1892 1435 1940 1483 1797 1340 1665 1208 1940 1483 1892 1435 1797 1340 1940 1483 1665 1208 1796 1339 1941 1484 1896 1439 1895 1438 1941 1484 1608 1151 1896 1439 1941 1484 1801 1344 1608 1151 1941 1484 1895 1438 1801 1344 1942 1485 1895 1438 1896 1439 1942 1485 1896 1439 1897 1440 1942 1485 1897 1440 1802 1345 1942 1485 1802 1345 1895 1438 1943 1486 1898 1441 1803 1346 1943 1486 1899 1442 1802 1345 1943 1486 1802 1345 1898 1441 1944 1487 1803 1346 1672 1215 1944 1487 1943 1486 1803 1346 1944 1487 1804 1347 1674 1217 1944 1487 1674 1217 1899 1442 1944 1487 1899 1442 1943 1486 1944 1487 1672 1215 1804 1347 1945 1488 1914 1457 1916 1459 1945 1488 1829 1372 1827 1370 1945 1488 1912 1455 1914 1457 1945 1488 1827 1370 1912 1455 1946 1489 1910 1453 1913 1456 1947 1490 1945 1488 1916 1459 1947 1490 1913 1456 1829 1372 1947 1490 1829 1372 1945 1488 1947 1490 1946 1489 1913 1456 1948 1491 1916 1459 1915 1458 1948 1491 1947 1490 1916 1459 1949 1492 1915 1458 1914 1457 1949 1492 1832 1375 1918 1461 1949 1492 1914 1457 1831 1374 1949 1492 1831 1374 1832 1375 1950 1493 1947 1490 1948 1491 1950 1493 1946 1489 1947 1490 1951 1494 1915 1458 1949 1492 1951 1494 1952 1495 1915 1458 1951 1494 1949 1492 1918 1461 1953 1496 1951 1494 1918 1461 1953 1496 1952 1495 1951 1494 1953 1496 1918 1461 1917 1460 1954 1497 1917 1460 1919 1462 1954 1497 1953 1496 1917 1460 1955 1498 1543 1087 1542 1098 1955 1498 1833 1376 1543 1087 1956 1499 1920 1463 1833 1376 1956 1499 1833 1376 1955 1498 1956 1499 1955 1498 1957 1500 1956 1499 1922 1465 1920 1463 1958 1501 1956 1499 1957 1500 1958 1501 1922 1465 1956 1499 1958 1501 1923 1466 1922 1465 1958 1501 1837 1380 1923 1466 1958 1501 1926 1469 1837 1380 1958 1501 1957 1500 1926 1469 1959 1502 1927 1470 1926 1469 1959 1502 1928 1471 1927 1470 1959 1502 1926 1469 1957 1500 1960 1503 1928 1471 1959 1502 1960 1503 1959 1502 1957 1500 1960 1503 1841 1384 1928 1471 1961 1504 1955 1498 1542 1098 1961 1504 1957 1500 1955 1498 1961 1504 1960 1503 1957 1500 1961 1504 1841 1384 1960 1503 1961 1504 1542 1098 1841 1384 1962 1505 1937 1480 1877 1420 1962 1505 1877 1420 1936 1479 1962 1505 1936 1479 1762 1305 1962 1505 1875 1418 1937 1480 1962 1505 1762 1305 1875 1418 1963 1506 1544 1099 1545 1086 1963 1506 1545 1086 1910 1453 1964 1507 1965 1508 1963 1506 1964 1507 1946 1489 1950 1493 1964 1507 1963 1506 1910 1453 1964 1507 1910 1453 1946 1489 1966 1509 1950 1493 1948 1491 1966 1509 1948 1491 1915 1458 1966 1509 1915 1458 1952 1495 1966 1509 1965 1508 1964 1507 1966 1509 1964 1507 1950 1493 1966 1509 1952 1495 1965 1508 1967 1510 1952 1495 1953 1496 1967 1510 1953 1496 1954 1497 1967 1510 1965 1508 1952 1495 1968 1511 1954 1497 1919 1462 1968 1511 1965 1508 1967 1510 1968 1511 1967 1510 1954 1497 1969 1512 1544 1099 1963 1506 1969 1512 1963 1506 1965 1508 1969 1512 1919 1462 1544 1099 1969 1512 1965 1508 1968 1511 1969 1512 1968 1511 1919 1462 1973 282 1970 282 1971 282 1973 282 1971 282 1972 282 2036 18 1999 18 1998 18 2035 1513 2000 1513 1999 1513 2035 1514 1999 1514 2036 1514 2037 18 1998 18 1997 18 2037 18 2036 18 1998 18 2034 1515 2001 1515 2000 1515 2034 1516 2000 1516 2035 1516 2038 18 1997 18 1996 18 2038 18 2037 18 1997 18 2033 18 2002 18 2001 18 2033 1517 2001 1517 2034 1517 2039 1518 1996 1518 1995 1518 2039 18 2038 18 1996 18 2032 1519 2002 1519 2033 1519 2032 18 1976 18 2002 18 2040 18 2039 18 1995 18 2040 1520 1995 1520 1994 1520 2031 18 1977 18 1976 18 2031 18 1976 18 2032 18 2041 1521 1994 1521 1993 1521 2041 1522 2040 1522 1994 1522 2030 1523 1977 1523 2031 1523 1978 1524 1977 1524 2030 1524 2042 1525 1993 1525 1992 1525 2042 18 2041 18 1993 18 2029 1526 1978 1526 2030 1526 1979 1527 1978 1527 2029 1527 2043 1528 1992 1528 1991 1528 2043 1529 2042 1529 1992 1529 2028 18 1979 18 2029 18 1980 18 1979 18 2028 18 2044 18 1991 18 1990 18 2044 18 2043 18 1991 18 2027 18 1980 18 2028 18 2045 18 2044 18 1990 18 1981 1530 1980 1530 2027 1530 1981 1531 2027 1531 2026 1531 1989 18 2045 18 1990 18 2046 1532 2045 1532 1989 1532 1982 1533 2026 1533 2025 1533 1982 1534 1981 1534 2026 1534 1988 18 2046 18 1989 18 2047 18 2046 18 1988 18 1983 18 2025 18 2024 18 1983 18 1982 18 2025 18 1987 1535 2047 1535 1988 1535 2048 1536 2047 1536 1987 1536 1984 1537 2024 1537 2023 1537 1984 1538 1983 1538 2024 1538 1986 18 2048 18 1987 18 1986 1539 2013 1539 2048 1539 1975 1540 2023 1540 2022 1540 1975 18 1984 18 2023 18 1974 18 1984 18 1975 18 1985 18 2013 18 1986 18 2012 1541 2022 1541 2021 1541 2012 18 1975 18 2022 18 2011 1542 2014 1542 2013 1542 2011 18 2013 18 1985 18 2004 18 2003 18 2012 18 2004 1543 2021 1543 2020 1543 2004 18 2012 18 2021 18 2010 1544 2015 1544 2014 1544 2010 1545 2014 1545 2011 1545 2005 18 2004 18 2020 18 2005 18 2020 18 2019 18 2009 1546 2015 1546 2010 1546 2009 18 2016 18 2015 18 2006 18 2005 18 2019 18 2006 1547 2019 1547 2018 1547 2008 18 2016 18 2009 18 2008 18 2017 18 2016 18 2007 1548 2006 1548 2018 1548 2007 1549 2017 1549 2008 1549 2007 1550 2018 1550 2017 1550 2051 600 2050 600 2049 600 2051 600 2052 600 2050 600 2115 1551 2069 1551 2068 1551 2114 1552 2070 1552 2069 1552 2114 282 2069 282 2115 282 2116 282 2068 282 2067 282 2116 1553 2115 1553 2068 1553 2113 282 2071 282 2070 282 2113 1554 2070 1554 2114 1554 2117 282 2067 282 2066 282 2117 282 2116 282 2067 282 2112 282 2072 282 2071 282 2112 1555 2071 1555 2113 1555 2118 1556 2066 1556 2065 1556 2118 282 2117 282 2066 282 2111 282 2072 282 2112 282 2073 1557 2072 1557 2111 1557 2119 282 2118 282 2065 282 2119 1558 2065 1558 2064 1558 2110 282 2073 282 2111 282 2090 282 2119 282 2064 282 2074 282 2073 282 2110 282 2120 1559 2119 1559 2090 1559 2109 282 2074 282 2110 282 2089 282 2120 282 2090 282 2075 1560 2074 1560 2109 1560 2121 1561 2120 1561 2089 1561 2108 282 2075 282 2109 282 2088 282 2121 282 2089 282 2076 1562 2075 1562 2108 1562 2122 1563 2121 1563 2088 1563 2107 282 2076 282 2108 282 2087 282 2122 282 2088 282 2077 1564 2076 1564 2107 1564 2123 1565 2122 1565 2087 1565 2106 282 2077 282 2107 282 2086 1566 2123 1566 2087 1566 2124 282 2123 282 2086 282 2078 1551 2077 1551 2106 1551 2078 1567 2106 1567 2105 1567 2085 1568 2124 1568 2086 1568 2085 1569 2125 1569 2124 1569 2079 1570 2105 1570 2104 1570 2079 1571 2078 1571 2105 1571 2084 1572 2125 1572 2085 1572 2084 1573 2126 1573 2125 1573 2080 1574 2104 1574 2103 1574 2080 282 2079 282 2104 282 2083 1575 2126 1575 2084 1575 2083 282 2127 282 2126 282 2081 282 2103 282 2102 282 2081 1576 2080 1576 2103 1576 2091 282 2127 282 2083 282 2091 1577 2092 1577 2127 1577 2082 282 2091 282 2083 282 2055 1578 2102 1578 2101 1578 2055 282 2081 282 2102 282 2054 1579 2092 1579 2091 1579 2093 282 2092 282 2054 282 2056 1580 2101 1580 2100 1580 2056 282 2055 282 2101 282 2063 282 2054 282 2053 282 2063 282 2094 282 2093 282 2063 282 2093 282 2054 282 2057 282 2056 282 2100 282 2057 1561 2100 1561 2099 1561 2062 282 2094 282 2063 282 2062 1573 2095 1573 2094 1573 2058 282 2057 282 2099 282 2058 1581 2099 1581 2098 1581 2061 1582 2095 1582 2062 1582 2061 1569 2096 1569 2095 1569 2059 282 2058 282 2098 282 2059 1583 2098 1583 2097 1583 2060 1584 2096 1584 2061 1584 2060 1566 2059 1566 2097 1566 2060 282 2097 282 2096 282 2129 1585 2177 1586 2128 1587 2153 1588 2176 1589 2177 1586 2153 1588 2177 1586 2129 1585 2152 1590 2175 1591 2176 1589 2152 1590 2176 1589 2153 1588 2151 1592 2174 1593 2175 1591 2151 1592 2175 1591 2152 1590 2150 1594 2173 1595 2174 1593 2150 1594 2174 1593 2151 1592 2149 1596 2172 1597 2173 1595 2149 1596 2173 1595 2150 1594 2148 1598 2171 1599 2172 1597 2148 1598 2172 1597 2149 1596 2147 1600 2170 1601 2171 1599 2147 1600 2171 1599 2148 1598 2146 1602 2169 1603 2170 1601 2146 1602 2170 1601 2147 1600 2145 1604 2168 1605 2169 1603 2145 1604 2169 1603 2146 1602 2144 1606 2167 1607 2168 1605 2144 1606 2168 1605 2145 1604 2143 1608 2167 1607 2144 1606 2142 1609 2167 1607 2143 1608 2142 1609 2166 1610 2167 1607 2141 1611 2166 1610 2142 1609 2141 1611 2165 1612 2166 1610 2140 1613 2165 1612 2141 1611 2140 1613 2164 1614 2165 1612 2139 1615 2164 1614 2140 1613 2139 1615 2163 1616 2164 1614 2138 1617 2163 1616 2139 1615 2138 1617 2162 1618 2163 1616 2137 1619 2162 1618 2138 1617 2137 1619 2161 1620 2162 1618 2136 1621 2161 1620 2137 1619 2136 1621 2160 1622 2161 1620 2135 1623 2160 1622 2136 1621 2135 1623 2159 1624 2160 1622 2134 1625 2158 1626 2159 1624 2134 1625 2159 1624 2135 1623 2133 1627 2158 1626 2134 1625 2133 1627 2157 1628 2158 1626 2132 1629 2156 1630 2157 1628 2132 1629 2157 1628 2133 1627 2131 1631 2155 1632 2156 1630 2131 1631 2156 1630 2132 1629 2130 1633 2154 1634 2155 1632 2130 1633 2155 1632 2131 1631 2202 1635 2226 1636 2227 1637 2201 1638 2225 1639 2226 1636 2201 1638 2226 1636 2202 1635 2200 1640 2224 1641 2225 1639 2200 1640 2225 1639 2201 1638 2199 1642 2223 1643 2224 1641 2199 1642 2224 1641 2200 1640 2198 1644 2222 1645 2223 1643 2198 1644 2223 1643 2199 1642 2197 1646 2221 1647 2222 1645 2197 1646 2222 1645 2198 1644 2196 1648 2220 1649 2221 1647 2196 1648 2221 1647 2197 1646 2195 1650 2219 1651 2220 1649 2195 1650 2220 1649 2196 1648 2194 1652 2218 1653 2219 1651 2194 1652 2219 1651 2195 1650 2193 1654 2217 1655 2218 1653 2193 1654 2218 1653 2194 1652 2192 1656 2216 1657 2217 1655 2192 1656 2217 1655 2193 1654 2191 1658 2215 1659 2216 1657 2191 1658 2216 1657 2192 1656 2190 1660 2215 1659 2191 1658 2190 1660 2214 1661 2215 1659 2189 1662 2214 1661 2190 1660 2188 1663 2214 1661 2189 1662 2188 1663 2213 1664 2214 1661 2187 1665 2213 1664 2188 1663 2187 1665 2212 1666 2213 1664 2186 1667 2212 1666 2187 1665 2186 1667 2211 1668 2212 1666 2185 1669 2211 1668 2186 1667 2185 1669 2210 1670 2211 1668 2184 1671 2210 1670 2185 1669 2184 1671 2209 1672 2210 1670 2183 1673 2209 1672 2184 1671 2183 1673 2208 1674 2209 1672 2182 1675 2208 1674 2183 1673 2182 1675 2207 1676 2208 1674 2181 1677 2206 1678 2207 1676 2181 1677 2207 1676 2182 1675 2180 1679 2205 1680 2206 1678 2180 1679 2206 1678 2181 1677 2179 1681 2204 1682 2205 1680 2179 1681 2205 1680 2180 1679 2178 1683 2203 1684 2204 1682 2178 1683 2204 1682 2179 1681 2229 1685 2230 1686 2231 1687 2228 1688 2229 1685 2231 1687 2232 1689 2233 1690 2234 1691 2232 1692 2234 1693 2235 1694 2237 1695 2238 1696 2239 1696 2236 1697 2237 1697 2239 1698 2241 1699 2240 1700 2242 1701 2241 1699 2242 1701 2243 1702 2357 1703 2355 1704 2356 1705 2358 1706 2353 1707 2354 1708 2359 1709 2353 1707 2358 1706 2359 1709 2358 1706 2357 1703 2360 1710 2355 1704 2357 1703 2360 1710 2357 1703 2358 1706 2361 1711 2357 1703 2356 1705 2361 1711 2359 1709 2357 1703 2362 1712 2358 1706 2354 1708 2362 1712 2360 1710 2358 1706 2363 1713 2353 1707 2359 1709 2363 1713 2359 1709 2361 1711 2364 1714 2355 1704 2360 1710 2364 1714 2360 1710 2362 1712 2365 1715 2361 1711 2356 1705 2365 1715 2363 1713 2361 1711 2366 1716 2362 1712 2354 1708 2366 1716 2364 1714 2362 1712 2367 1717 2353 1707 2363 1713 2367 1717 2363 1713 2365 1715 2368 1718 2355 1704 2364 1714 2368 1718 2364 1714 2366 1716 2369 1719 2365 1715 2356 1705 2369 1719 2367 1717 2365 1715 2370 1720 2366 1716 2354 1708 2370 1720 2368 1718 2366 1716 2371 1721 2356 1705 2353 1707 2371 1721 2369 1719 2356 1705 2371 1721 2353 1707 2367 1717 2371 1721 2367 1717 2369 1719 2372 1722 2355 1704 2368 1718 2372 1722 2368 1718 2370 1720 2373 1723 2370 1720 2354 1708 2373 1723 2372 1722 2370 1720 2374 1724 2354 1708 2355 1704 2374 1724 2373 1723 2354 1708 2374 1724 2355 1704 2372 1722 2374 1724 2372 1722 2373 1723 2375 1725 2376 1726 2377 1727 2375 1728 2377 1729 2378 1730 2385 1731 2386 1732 2387 1733 2392 1734 2384 1735 2385 1731 2392 1734 2385 1731 2387 1733 2391 1736 2383 1737 2384 1735 2391 1736 2384 1735 2392 1734 2390 1738 2383 1737 2391 1736 2389 1739 2382 1740 2383 1737 2389 1739 2383 1737 2390 1738 2388 1741 2381 1742 2382 1740 2388 1741 2382 1740 2389 1739 2379 1743 2380 1744 2381 1742 2379 1743 2381 1742 2388 1741 2393 1745 2394 1746 2395 1747 2393 1745 2395 1747 2396 1748 2442 1749 2419 1750 2420 1751 2442 1749 2420 1751 2421 1752 2441 1753 2418 1754 2419 1750 2441 1753 2419 1750 2442 1749 2440 1755 2417 1756 2418 1754 2440 1755 2418 1754 2441 1753 2439 1757 2416 1758 2417 1756 2439 1757 2417 1756 2440 1755 2438 1759 2415 1760 2416 1758 2438 1759 2416 1758 2439 1757 2437 1761 2414 1762 2415 1760 2437 1761 2415 1760 2438 1759 2436 1763 2413 1764 2414 1762 2436 1763 2414 1762 2437 1761 2435 1765 2412 1766 2413 1764 2435 1765 2413 1764 2436 1763 2434 1767 2411 1768 2412 1766 2434 1767 2412 1766 2435 1765 2433 1769 2410 1770 2411 1768 2433 1769 2411 1768 2434 1767 2432 1771 2409 1772 2410 1770 2432 1771 2410 1770 2433 1769 2431 1773 2408 1774 2409 1772 2431 1773 2409 1772 2432 1771 2430 1775 2408 1774 2431 1773 2430 1775 2407 1776 2408 1774 2429 1777 2407 1776 2430 1775 2429 1777 2406 1778 2407 1776 2428 1779 2405 1780 2406 1778 2428 1779 2406 1778 2429 1777 2427 1781 2405 1780 2428 1779 2427 1781 2404 1782 2405 1780 2426 1783 2403 1784 2404 1782 2426 1783 2404 1782 2427 1781 2425 1785 2402 1786 2403 1784 2425 1785 2403 1784 2426 1783 2424 1787 2401 1788 2402 1786 2424 1787 2402 1786 2425 1785 2423 1789 2400 1790 2401 1788 2423 1789 2401 1788 2424 1787 2422 1791 2399 1792 2400 1790 2422 1791 2400 1790 2423 1789 2398 1793 2397 1794 2399 1792 2398 1793 2399 1792 2422 1791 2523 1795 2521 1796 2522 1797 2520 1798 2521 1796 2523 1795 2525 1799 2526 1800 2527 1800 2524 1801 2525 1801 2527 1802 2550 1803 2551 1804 2552 1805 2573 1806 2550 1803 2552 1805 2572 1807 2549 1808 2550 1803 2572 1807 2550 1803 2573 1806 2571 1809 2548 1810 2549 1808 2571 1809 2549 1808 2572 1807 2570 1811 2547 1812 2548 1810 2570 1811 2548 1810 2571 1809 2569 1813 2546 1814 2547 1812 2569 1813 2547 1812 2570 1811 2568 1815 2544 1816 2545 1817 2568 1815 2545 1817 2546 1814 2568 1815 2546 1814 2569 1813 2567 1818 2543 1819 2544 1816 2567 1818 2544 1816 2568 1815 2566 1820 2542 1821 2543 1819 2566 1820 2543 1819 2567 1818 2565 1822 2542 1821 2566 1820 2564 1823 2541 1824 2542 1821 2564 1823 2542 1821 2565 1822 2563 1825 2540 1826 2541 1824 2563 1825 2541 1824 2564 1823 2562 1827 2539 1828 2540 1826 2562 1827 2540 1826 2563 1825 2561 1829 2539 1828 2562 1827 2561 1829 2538 1830 2539 1828 2560 1831 2538 1830 2561 1829 2560 1831 2537 1832 2538 1830 2559 1833 2536 1834 2537 1832 2559 1833 2537 1832 2560 1831 2558 1835 2536 1834 2559 1833 2558 1835 2535 1836 2536 1834 2557 1837 2534 1838 2535 1836 2557 1837 2535 1836 2558 1835 2556 1839 2533 1840 2534 1838 2556 1839 2534 1838 2557 1837 2555 1841 2532 1842 2533 1840 2555 1841 2533 1840 2556 1839 2554 1843 2531 1844 2532 1842 2554 1843 2532 1842 2555 1841 2553 1845 2530 1846 2531 1844 2553 1845 2531 1844 2554 1843 2528 1847 2529 1848 2530 1846 2528 1847 2530 1846 2553 1845 2574 1849 2575 1849 2576 1850 2574 1851 2576 1852 2577 1852 2583 1853 2581 1854 2582 1855 2585 1856 2581 1854 2583 1853 2584 1857 2580 1858 2581 1854 2584 1857 2581 1854 2585 1856 2578 1859 2579 1860 2580 1858 2578 1859 2580 1858 2584 1857 2606 1861 2627 1862 2628 1863 2606 1861 2628 1863 2607 1864 2605 1865 2626 1866 2627 1862 2605 1865 2627 1862 2606 1861 2604 1867 2625 1868 2626 1866 2604 1867 2626 1866 2605 1865 2603 1869 2624 1870 2625 1868 2603 1869 2625 1868 2604 1867 2602 1871 2623 1872 2624 1870 2602 1871 2624 1870 2603 1869 2601 1873 2622 1874 2623 1872 2601 1873 2623 1872 2602 1871 2600 1875 2621 1876 2622 1874 2600 1875 2622 1874 2601 1873 2599 1877 2620 1878 2621 1876 2599 1877 2621 1876 2600 1875 2598 1879 2619 1880 2620 1878 2598 1879 2620 1878 2599 1877 2597 1881 2618 1882 2619 1880 2597 1881 2619 1880 2598 1879 2596 1883 2617 1884 2618 1882 2596 1883 2618 1882 2597 1881 2595 1885 2616 1886 2617 1884 2595 1885 2617 1884 2596 1883 2594 1887 2615 1888 2616 1886 2594 1887 2616 1886 2595 1885 2593 1889 2614 1890 2615 1888 2593 1889 2615 1888 2594 1887 2592 1891 2614 1890 2593 1889 2591 1892 2614 1890 2592 1891 2591 1892 2613 1893 2614 1890 2590 1894 2613 1893 2591 1892 2590 1894 2612 1895 2613 1893 2589 1896 2612 1895 2590 1894 2589 1896 2611 1897 2612 1895 2588 1898 2611 1897 2589 1896 2588 1898 2610 1899 2611 1897 2587 1900 2609 1901 2610 1899 2587 1900 2610 1899 2588 1898 2586 1902 2608 1903 2609 1901 2586 1902 2609 1901 2587 1900 2652 1904 2653 1905 2654 1906 2676 1907 2652 1904 2654 1906 2651 1908 2652 1904 2676 1907 2675 1909 2650 1910 2651 1908 2675 1909 2651 1908 2676 1907 2674 1911 2649 1912 2650 1910 2674 1911 2650 1910 2675 1909 2673 1913 2648 1914 2649 1912 2673 1913 2649 1912 2674 1911 2672 1915 2647 1916 2648 1914 2672 1915 2648 1914 2673 1913 2671 1917 2646 1918 2647 1916 2671 1917 2647 1916 2672 1915 2670 1919 2645 1920 2646 1918 2670 1919 2646 1918 2671 1917 2669 1921 2644 1922 2645 1920 2669 1921 2645 1920 2670 1919 2668 1923 2643 1924 2644 1922 2668 1923 2644 1922 2669 1921 2667 1925 2642 1926 2643 1924 2667 1925 2643 1924 2668 1923 2666 1927 2641 1928 2642 1926 2666 1927 2642 1926 2667 1925 2665 1929 2640 1930 2641 1928 2665 1929 2641 1928 2666 1927 2664 1931 2640 1930 2665 1929 2664 1931 2639 1932 2640 1930 2663 1933 2639 1932 2664 1931 2663 1933 2638 1934 2639 1932 2662 1935 2637 1936 2638 1934 2662 1935 2638 1934 2663 1933 2661 1937 2636 1938 2637 1936 2661 1937 2637 1936 2662 1935 2660 1939 2635 1940 2636 1938 2660 1939 2636 1938 2661 1937 2659 1941 2634 1942 2635 1940 2659 1941 2635 1940 2660 1939 2658 1943 2633 1944 2634 1942 2658 1943 2634 1942 2659 1941 2657 1945 2632 1946 2633 1944 2657 1945 2633 1944 2658 1943 2656 1947 2632 1946 2657 1945 2631 1948 2632 1946 2656 1947 2655 1949 2631 1948 2656 1947 2630 1950 2631 1948 2655 1949 2629 1951 2630 1950 2655 1949 2677 1952 2678 1953 2679 1954 2677 1955 2679 1956 2680 1957 2694 1958 2687 1959 2688 1960 2694 1958 2688 1960 2689 1961 2693 1962 2686 1963 2687 1959 2693 1962 2687 1959 2694 1958 2692 1964 2685 1965 2686 1963 2692 1964 2686 1963 2693 1962 2691 1966 2684 1967 2685 1965 2691 1966 2685 1965 2692 1964 2690 1968 2683 1969 2684 1967 2690 1968 2684 1967 2691 1966 2681 1970 2682 1971 2683 1969 2681 1970 2683 1969 2690 1968 2695 1972 2697 1973 2698 1974 2696 1975 2695 1972 2698 1974 2704 1976 2711 1977 2712 1978 2704 1976 2712 1978 2705 1979 2703 1980 2710 1981 2711 1977 2703 1980 2711 1977 2704 1976 2702 1982 2709 1983 2710 1981 2702 1982 2710 1981 2703 1980 2701 1984 2708 1985 2709 1983 2701 1984 2709 1983 2702 1982 2700 1986 2707 1987 2708 1985 2700 1986 2708 1985 2701 1984 2699 1988 2706 1989 2707 1987 2699 1988 2707 1987 2700 1986 2714 1990 2715 1991 2716 1992 2713 1993 2714 1994 2716 1995 2717 1996 2719 1997 2720 1998 2718 1999 2717 1999 2720 2000 2724 56 2722 56 2721 56 2724 56 2721 56 2723 56 2810 2001 2812 2002 2811 2003 2837 2004 2835 2005 2836 2006 2858 2007 2835 2005 2837 2004 2834 2008 2835 2005 2858 2007 2857 2009 2833 2010 2834 2008 2857 2009 2834 2008 2858 2007 2856 2011 2832 2012 2833 2010 2856 2011 2833 2010 2857 2009 2855 2013 2831 2014 2832 2012 2855 2013 2832 2012 2856 2011 2854 2015 2830 2016 2831 2014 2854 2015 2831 2014 2855 2013 2853 2017 2829 2018 2830 2016 2853 2017 2830 2016 2854 2015 2852 2019 2828 2020 2829 2018 2852 2019 2829 2018 2853 2017 2851 2021 2827 2022 2828 2020 2851 2021 2828 2020 2852 2019 2850 2023 2826 2024 2827 2022 2850 2023 2827 2022 2851 2021 2849 2025 2825 2026 2826 2024 2849 2025 2826 2024 2850 2023 2848 2027 2824 2028 2825 2026 2848 2027 2825 2026 2849 2025 2847 2029 2823 2030 2824 2028 2847 2029 2824 2028 2848 2027 2846 2031 2823 2030 2847 2029 2846 2031 2822 2032 2823 2030 2845 2033 2822 2032 2846 2031 2845 2033 2821 2034 2822 2032 2844 2035 2821 2034 2845 2033 2844 2035 2820 2036 2821 2034 2843 2037 2819 2038 2820 2036 2843 2037 2820 2036 2844 2035 2842 2039 2818 2040 2819 2038 2842 2039 2819 2038 2843 2037 2841 2041 2817 2042 2818 2040 2841 2041 2818 2040 2842 2039 2840 2043 2816 2044 2817 2042 2840 2043 2817 2042 2841 2041 2839 2045 2815 2046 2816 2044 2839 2045 2816 2044 2840 2043 2838 2047 2815 2046 2839 2045 2814 2048 2815 2046 2838 2047 2813 2049 2814 2048 2838 2047 2859 2050 2860 2050 2861 2051 2859 2052 2861 2053 2862 2053 2885 2054 2886 2055 2887 2056 2908 2057 2884 2058 2885 2054 2908 2057 2885 2054 2887 2056 2907 2059 2883 2060 2884 2058 2907 2059 2884 2058 2908 2057 2906 2061 2882 2062 2883 2060 2906 2061 2883 2060 2907 2059 2905 2063 2881 2064 2882 2062 2905 2063 2882 2062 2906 2061 2904 2065 2880 2066 2881 2064 2904 2065 2881 2064 2905 2063 2903 2067 2879 2068 2880 2066 2903 2067 2880 2066 2904 2065 2902 2069 2878 2070 2879 2068 2902 2069 2879 2068 2903 2067 2901 2071 2877 2072 2878 2070 2901 2071 2878 2070 2902 2069 2900 2073 2876 2074 2877 2072 2900 2073 2877 2072 2901 2071 2899 2075 2875 2076 2876 2074 2899 2075 2876 2074 2900 2073 2898 2077 2874 2078 2875 2076 2898 2077 2875 2076 2899 2075 2897 2079 2873 2080 2874 2078 2897 2079 2874 2078 2898 2077 2896 2081 2873 2080 2897 2079 2896 2081 2872 2082 2873 2080 2895 2083 2872 2082 2896 2081 2895 2083 2871 2084 2872 2082 2894 2085 2871 2084 2895 2083 2894 2085 2870 2086 2871 2084 2893 2087 2869 2088 2870 2086 2893 2087 2870 2086 2894 2085 2892 2089 2869 2088 2893 2087 2891 2090 2868 2091 2869 2088 2891 2090 2869 2088 2892 2089 2890 2092 2867 2093 2868 2091 2890 2092 2868 2091 2891 2090 2889 2094 2866 2095 2867 2093 2889 2094 2867 2093 2890 2092 2888 2096 2865 2097 2866 2095 2888 2096 2866 2095 2889 2094 2863 2098 2864 2099 2865 2097 2863 2098 2865 2097 2888 2096 2911 2100 2912 2101 2910 2101 2909 2102 2911 2102 2910 2103 2913 2104 2915 2105 2916 2106 2913 2104 2916 2106 2914 2107 2923 2108 2924 2109 2925 2110 2930 2111 2922 2112 2923 2108 2930 2111 2923 2108 2925 2110 2929 2113 2921 2114 2922 2112 2929 2113 2922 2112 2930 2111 2928 2115 2920 2116 2921 2114 2928 2115 2921 2114 2929 2113 2927 2117 2920 2116 2928 2115 2919 2118 2920 2116 2927 2117 2926 2119 2919 2118 2927 2117 2918 2120 2919 2118 2926 2119 2917 2121 2918 2120 2926 2119 2932 2122 2933 2123 2934 2124 2931 2125 2932 2126 2934 2125 2960 2127 2958 2128 2959 2129 2982 2130 2958 2128 2960 2127 2957 2131 2958 2128 2982 2130 2981 2132 2956 2133 2957 2131 2981 2132 2957 2131 2982 2130 2980 2134 2955 2135 2956 2133 2980 2134 2956 2133 2981 2132 2979 2136 2954 2137 2955 2135 2979 2136 2955 2135 2980 2134 2978 2138 2953 2139 2954 2137 2978 2138 2954 2137 2979 2136 2977 2140 2952 2141 2953 2139 2977 2140 2953 2139 2978 2138 2976 2142 2951 2143 2952 2141 2976 2142 2952 2141 2977 2140 2975 2144 2950 2145 2951 2143 2975 2144 2951 2143 2976 2142 2974 2146 2949 2147 2950 2145 2974 2146 2950 2145 2975 2144 2973 2148 2948 2149 2949 2147 2973 2148 2949 2147 2974 2146 2972 2150 2947 2151 2948 2149 2972 2150 2948 2149 2973 2148 2971 2152 2946 2153 2947 2151 2971 2152 2947 2151 2972 2150 2970 2154 2946 2153 2971 2152 2969 2155 2946 2153 2970 2154 2969 2155 2945 2156 2946 2153 2968 2157 2944 2158 2945 2156 2968 2157 2945 2156 2969 2155 2967 2159 2944 2158 2968 2157 2967 2159 2943 2160 2944 2158 2966 2161 2942 2162 2943 2160 2966 2161 2943 2160 2967 2159 2965 2163 2941 2164 2942 2162 2965 2163 2942 2162 2966 2161 2964 2165 2940 2166 2941 2164 2964 2165 2941 2164 2965 2163 2963 2167 2939 2168 2940 2166 2963 2167 2940 2166 2964 2165 2962 2169 2938 2170 2939 2168 2962 2169 2939 2168 2963 2167 2961 2171 2937 2172 2938 2170 2961 2171 2938 2170 2962 2169 2935 2173 2936 2174 2937 2172 2935 2173 2937 2172 2961 2171 2984 2175 2985 2176 2986 2176 2983 2177 2984 2178 2986 2179 2987 2180 2988 2181 2989 2182 2987 2183 2989 2184 2990 2185 2999 2186 2997 2187 2998 2188 3004 2189 2996 2190 2997 2187 3004 2189 2997 2187 2999 2186 3003 2191 2995 2192 2996 2190 3003 2191 2996 2190 3004 2189 3002 2193 2994 2194 2995 2192 3002 2193 2995 2192 3003 2191 3001 2195 2993 2196 2994 2194 3001 2195 2994 2194 3002 2193 3000 2197 2993 2196 3001 2195 2992 2198 2993 2196 3000 2197 2991 2199 2992 2198 3000 2197 3009 2200 3005 2201 3006 2202 3009 2200 3006 2202 3007 2203 3009 2200 3007 2203 3008 2204 3009 2200 3008 2204 3005 2201 3012 2205 3013 282 3011 282 3010 282 3012 282 3011 282 3112 18 3113 18 3114 18 3111 18 3112 18 3114 18 3110 18 3111 18 3114 18 3115 18 3110 18 3114 18 3116 18 3110 18 3115 18 3212 2206 3230 2207 3211 2208 3212 2206 3231 2209 3230 2207 3213 2210 3232 2211 3231 2209 3213 2210 3231 2209 3212 2206 3214 2212 3233 2213 3232 2211 3214 2212 3234 2214 3233 2213 3214 2212 3232 2211 3213 2210 3215 2215 3234 2214 3214 2212 3216 2216 3235 2217 3234 2214 3216 2216 3234 2214 3215 2215 3217 2218 3236 2219 3235 2217 3217 2218 3235 2217 3216 2216 3218 2220 3237 2221 3236 2219 3218 2220 3236 2219 3217 2218 3219 2222 3238 2223 3237 2221 3219 2222 3237 2221 3218 2220 3220 2224 3239 2225 3238 2223 3220 2224 3238 2223 3219 2222 3221 2226 3240 2227 3239 2225 3221 2226 3239 2225 3220 2224 3222 2228 3241 2229 3240 2227 3222 2228 3240 2227 3221 2226 3223 2230 3242 2231 3241 2229 3223 2230 3243 2232 3242 2231 3223 2230 3241 2229 3222 2228 3224 2233 3243 2232 3223 2230 3225 2234 3244 2235 3243 2232 3225 2234 3243 2232 3224 2233 3226 2236 3244 2235 3225 2234 3226 2236 3245 2237 3244 2235 3227 2238 3245 2237 3226 2236 3227 2238 3246 2239 3245 2237 3228 2240 3246 2239 3227 2238 3228 2240 3247 2241 3246 2239 3229 2242 3247 2241 3228 2240 3229 2242 3248 2243 3247 2241 3273 2244 3271 2244 3272 2244 3270 18 3271 18 3273 18 3269 18 3270 18 3273 18 3275 2245 3273 2245 3274 2245 3277 18 3275 18 3276 18 3277 18 3273 18 3275 18 3266 18 3267 18 3268 18 3266 2246 3268 2246 3269 2246 3279 2247 3277 2247 3278 2247 3279 18 3269 18 3273 18 3279 18 3273 18 3277 18 3263 18 3264 18 3265 18 3263 18 3265 18 3266 18 3283 2248 3280 2248 3281 2248 3283 2249 3281 2249 3282 2249 3284 18 3279 18 3280 18 3284 2250 3266 2250 3269 2250 3284 2251 3269 2251 3279 2251 3284 18 3263 18 3266 18 3284 18 3280 18 3283 18 3259 18 3260 18 3261 18 3259 18 3261 18 3262 18 3249 18 3263 18 3284 18 3257 18 3258 18 3259 18 3250 18 3263 18 3249 18 3256 18 3257 18 3259 18 3253 18 3250 18 3251 18 3253 18 3251 18 3252 18 3254 2252 3250 2252 3253 2252 3254 2253 3256 2253 3259 2253 3254 2254 3255 2254 3256 2254 3254 18 3262 18 3263 18 3254 18 3259 18 3262 18 3254 2255 3263 2255 3250 2255 3286 2256 3304 2257 3285 2258 3286 2256 3305 2259 3304 2257 3287 2260 3306 2261 3305 2259 3287 2260 3305 2259 3286 2256 3288 2262 3307 2263 3306 2261 3288 2262 3308 2264 3307 2263 3288 2262 3306 2261 3287 2260 3289 2265 3308 2264 3288 2262 3290 212 3309 2266 3308 2264 3290 212 3308 2264 3289 2265 3291 2267 3310 2268 3309 2266 3291 2267 3309 2266 3290 212 3292 2269 3311 2270 3310 2268 3292 2269 3310 2268 3291 2267 3293 2271 3312 2272 3311 2270 3293 2271 3311 2270 3292 2269 3294 2273 3313 2274 3312 2272 3294 2273 3312 2272 3293 2271 3295 2275 3314 2276 3313 2274 3295 2275 3313 2274 3294 2273 3296 2277 3315 2278 3314 2276 3296 2277 3314 2276 3295 2275 3297 2279 3316 2280 3315 2278 3297 2279 3317 2281 3316 2280 3297 2279 3315 2278 3296 2277 3298 2282 3317 2281 3297 2279 3299 2283 3318 2284 3317 2281 3299 2283 3317 2281 3298 2282 3300 2285 3318 2284 3299 2283 3300 2285 3319 2286 3318 2284 3301 2287 3319 2286 3300 2285 3301 2287 3320 2288 3319 2286 3302 2289 3320 2288 3301 2287 3302 2289 3321 2290 3320 2288 3303 2291 3321 2290 3302 2289 3303 2291 3322 2292 3321 2290 3347 2293 3345 2293 3346 2293 3343 2294 3344 2294 3345 2294 3349 2295 3347 2295 3348 2295 3350 282 3347 282 3349 282 3340 282 3341 282 3342 282 3340 2296 3342 2296 3343 2296 3340 2297 3350 2297 3351 2297 3340 2298 3345 2298 3347 2298 3340 2299 3343 2299 3345 2299 3340 2300 3347 2300 3350 2300 3337 2301 3338 2301 3339 2301 3337 2302 3339 2302 3340 2302 3337 2303 3340 2303 3351 2303 3336 282 3337 282 3351 282 3357 2304 3354 2304 3355 2304 3357 2305 3355 2305 3356 2305 3358 2306 3351 2306 3352 2306 3358 2307 3352 2307 3353 2307 3358 2308 3353 2308 3354 2308 3358 282 3354 282 3357 282 3333 2295 3334 2295 3335 2295 3331 282 3332 282 3333 282 3331 2309 3335 2309 3336 2309 3331 282 3333 282 3335 282 3330 282 3336 282 3351 282 3330 282 3331 282 3336 282 3326 2310 3324 2310 3325 2310 3327 2311 3323 2311 3324 2311 3327 2312 3358 2312 3323 2312 3327 2313 3324 2313 3326 2313 3328 282 3330 282 3351 282 3328 282 3329 282 3330 282 3328 282 3358 282 3327 282 3328 2314 3351 2314 3358 2314 3362 826 3360 826 3359 826 3362 826 3361 826 3360 826 3366 56 3365 56 3364 56 3367 56 3364 56 3363 56 3367 56 3366 56 3364 56 3371 18 3368 18 3369 18 3371 18 3370 18 3368 18</p>
        </triangles>
        <triangles material="mat_2_015-material" count="834">
          <input semantic="VERTEX" source="#link_2-mesh-vertices" offset="0"/>
          <input semantic="NORMAL" source="#link_2-mesh-normals" offset="1"/>
          <p>152 2315 134 2316 133 2317 152 2315 153 2318 134 2316 151 2319 133 2317 132 2320 151 2319 152 2315 133 2317 150 2321 131 2322 130 2323 150 2321 132 2320 131 2322 150 2321 151 2319 132 2320 149 2324 130 2323 129 2325 149 2324 150 2321 130 2323 148 2326 149 2324 129 2325 147 2327 128 2328 127 2329 147 2327 129 2325 128 2328 147 2327 148 2326 129 2325 146 2330 147 2327 127 2329 145 2331 126 2332 125 18 145 2331 127 2329 126 2332 145 2331 146 2330 127 2329 144 18 145 2331 125 18 143 2333 124 2334 123 2335 143 2333 125 18 124 2334 143 2333 144 18 125 18 142 2336 143 2333 123 2335 141 2337 122 2338 121 2339 141 2337 123 2335 122 2338 141 2337 142 2336 123 2335 140 2340 141 2337 121 2339 139 2341 140 2340 121 2339 139 2341 121 2339 120 2342 138 2343 120 2342 119 2344 138 2343 139 2341 120 2342 137 2345 118 2346 117 2347 137 2345 119 2344 118 2346 137 2345 138 2343 119 2344 136 2347 137 2345 117 2347 135 2348 117 2347 116 2349 135 2348 136 2347 117 2347 522 2350 486 2351 485 2352 522 2350 485 2352 504 2353 521 2354 504 2353 503 2355 521 2354 522 2350 504 2353 520 2356 503 2355 502 2357 520 2356 521 2354 503 2355 519 2358 502 2357 501 2359 519 2358 520 2356 502 2357 518 2360 500 2361 499 2362 518 2360 501 2359 500 2361 518 2360 519 2358 501 2359 517 2363 518 2360 499 2362 516 2364 499 2362 498 2365 516 2364 517 2363 499 2362 515 2366 497 2367 496 2368 515 2366 498 2365 497 2367 515 2366 516 2364 498 2365 514 826 515 2366 496 2368 513 2369 496 2368 495 2370 513 2369 514 826 496 2368 512 2371 494 2372 493 2373 512 2371 495 2370 494 2372 512 2371 513 2369 495 2370 511 2374 512 2371 493 2373 510 2375 492 2376 491 2377 510 2375 493 2373 492 2376 510 2375 511 2374 493 2373 509 2378 510 2375 491 2377 508 2379 491 2377 490 2380 508 2379 509 2378 491 2377 507 2381 508 2379 490 2380 507 2381 489 2382 488 2383 507 2381 490 2380 489 2382 506 2384 507 2381 488 2383 505 2385 488 2383 487 2386 505 2385 506 2384 488 2383 917 2387 906 2388 905 2389 907 2390 906 2388 917 2387 918 2391 907 2390 917 2387 908 2392 907 2390 918 2391 920 2393 918 2391 919 2394 921 2395 918 2391 920 2393 922 2396 918 2391 921 2395 923 2397 908 2392 918 2391 923 2397 909 2398 908 2392 923 2397 918 2391 922 2396 924 2399 910 2400 909 2398 924 2399 909 2398 923 2397 925 2401 910 2400 924 2399 926 2402 910 2400 925 2401 963 2403 964 2404 901 2405 965 2406 901 2405 964 2404 962 2407 963 2403 901 2405 966 2408 901 2405 965 2406 961 2409 962 2407 901 2405 967 2410 900 2411 901 2405 967 2410 901 2405 966 2408 960 2412 961 2409 901 2405 968 2413 900 2411 967 2410 959 2414 960 2412 901 2405 969 2415 900 2411 968 2413 958 2416 959 2414 901 2405 957 2417 958 2416 901 2405 970 2418 899 2419 900 2411 970 2418 900 2411 969 2415 911 2420 926 2402 927 2421 911 2420 910 2400 926 2402 971 2422 899 2419 970 2418 972 2423 899 2419 971 2422 973 2424 899 2419 972 2423 903 2425 901 2405 902 2426 903 2425 951 2427 952 2428 903 2425 952 2428 953 2429 903 2425 953 2429 954 2430 903 2425 954 2430 955 2431 903 2425 955 2431 956 2432 903 2425 956 2432 957 2417 903 2425 957 2417 901 2405 974 2433 899 2419 973 2424 950 2434 951 2427 903 2425 975 2435 899 2419 974 2433 949 2436 950 2434 903 2425 976 2437 899 2419 975 2435 948 2438 949 2436 903 2425 991 2439 948 2438 903 2425 990 2440 991 2439 903 2425 912 2441 911 2420 927 2421 947 2442 899 2419 976 2437 947 2442 976 2437 977 2443 947 2442 977 2443 978 2444 947 2442 978 2444 979 2445 947 2442 979 2445 980 2446 947 2442 980 2446 981 2447 947 2442 981 2447 982 2448 947 2442 982 2448 983 2449 947 2442 983 2449 984 2450 947 2442 984 2450 985 2451 946 2452 947 2442 985 2451 946 2452 985 2451 986 2453 945 2454 946 2452 986 2453 945 2454 986 2453 987 2455 944 2456 945 2454 987 2455 944 2456 987 2455 988 2457 943 2458 944 2456 988 2457 943 2458 988 2457 989 2459 942 2460 990 2440 903 2425 942 2460 943 2458 989 2459 942 2460 989 2459 990 2440 941 2461 942 2460 903 2425 913 2462 912 2441 927 2421 913 2462 927 2421 928 2463 914 2464 913 2462 928 2463 915 2465 928 2463 929 2466 915 2465 929 2466 930 2467 915 2465 914 2464 928 2463 916 2468 930 2467 931 2469 916 2468 915 2465 930 2467 904 2470 931 2469 932 2471 904 2470 932 2471 933 2472 904 2470 933 2472 934 2473 904 2470 934 2473 935 2474 904 2470 935 2474 936 2475 904 2470 936 2475 937 2476 904 2470 937 2476 938 2477 904 2470 938 2477 939 2478 904 2470 939 2478 940 2479 904 2470 916 2468 931 2469 903 2425 904 2470 941 2461 941 2461 904 2470 940 2479 1154 2480 1141 2481 1142 2482 1140 2483 1141 2481 1154 2480 1153 2484 1140 2483 1154 2480 1139 2485 1140 2483 1153 2484 1152 2486 1139 2485 1153 2484 1137 2487 1138 2488 1139 2485 1136 2489 1137 2487 1139 2485 1135 2490 1136 2489 1139 2485 1134 2491 1135 2490 1139 2485 1133 2492 1134 2491 1139 2485 1132 2493 1139 2485 1152 2486 1132 2493 1133 2492 1139 2485 1132 2493 1152 2486 1151 2494 1131 2495 1132 2493 1151 2494 1131 2495 1151 2494 1150 2496 1130 2497 1131 2495 1150 2496 1164 2498 1156 2499 1163 2500 1162 2501 1163 2500 1156 2499 1162 2501 1156 2499 1157 2502 1165 2503 1156 2499 1164 2498 1161 2504 1157 2502 1105 2505 1161 2504 1162 2501 1157 2502 1166 2506 1156 2499 1165 2503 1160 2507 1161 2504 1105 2505 1167 2508 1156 2499 1166 2506 1168 2509 1156 2499 1167 2508 1159 2510 1160 2507 1105 2505 1169 2511 1156 2499 1168 2509 1158 2512 1105 2505 1106 2513 1158 2512 1159 2510 1105 2505 1205 2514 1158 2512 1106 2513 1204 2515 1205 2514 1106 2513 1149 2516 1130 2497 1150 2496 1203 2517 1204 2515 1106 2513 1202 2518 1203 2517 1106 2513 1201 2519 1202 2518 1106 2513 1155 2520 1156 2499 1169 2511 1155 2520 1169 2511 1170 2521 1155 2520 1170 2521 1171 2522 1155 2520 1171 2522 1172 2523 1155 2520 1172 2523 1173 2524 1155 2520 1173 2524 1174 2525 1155 2520 1174 2525 1175 2526 1200 2527 1201 2519 1106 2513 1176 2528 1155 2520 1175 2526 1199 2529 1200 2527 1106 2513 1177 2530 1155 2520 1176 2528 1198 2531 1199 2529 1106 2513 1178 2532 1155 2520 1177 2530 1179 2533 1155 2520 1178 2532 1180 2534 1155 2520 1179 2533 1181 2535 1155 2520 1180 2534 1182 2536 1155 2520 1181 2535 1183 2537 1155 2520 1182 2536 1184 2538 1155 2520 1183 2537 1148 2539 1130 2497 1149 2516 1107 2540 1188 2541 1189 2542 1107 2540 1189 2542 1190 2543 1107 2540 1190 2543 1191 2544 1107 2540 1191 2544 1192 2545 1107 2540 1192 2545 1193 2546 1107 2540 1193 2546 1194 2547 1107 2540 1198 2531 1106 2513 1107 2540 1194 2547 1195 2548 1107 2540 1195 2548 1196 2549 1107 2540 1196 2549 1197 2550 1107 2540 1197 2550 1198 2531 1108 2551 1188 2541 1107 2540 1108 2551 1187 2552 1188 2541 1109 2553 1187 2552 1108 2551 1109 2553 1185 2554 1186 2555 1109 2553 1186 2555 1187 2552 1110 2556 1185 2554 1109 2553 1110 2556 1184 2538 1185 2554 1111 2557 1155 2520 1184 2538 1111 2557 1184 2538 1110 2556 1147 2558 1129 2559 1130 2497 1147 2558 1130 2497 1148 2539 1146 2560 1128 2561 1129 2559 1146 2560 1129 2559 1147 2558 1145 2562 1126 2563 1127 2564 1145 2562 1127 2564 1128 2561 1145 2562 1128 2561 1146 2560 1144 2565 1125 2566 1126 2563 1144 2565 1126 2563 1145 2562 1143 2567 1125 2566 1144 2565 1143 2567 1117 2568 1118 2569 1143 2567 1118 2569 1119 2570 1143 2567 1119 2570 1120 2571 1143 2567 1120 2571 1121 2572 1143 2567 1121 2572 1122 2573 1143 2567 1122 2573 1123 2574 1143 2567 1123 2574 1124 2575 1143 2567 1124 2575 1125 2566 1143 2567 1155 2520 1112 2576 1112 2576 1155 2520 1111 2557 1143 2567 1112 2576 1113 2577 1143 2567 1113 2577 1114 2578 1143 2567 1114 2578 1115 2579 1143 2567 1115 2579 1116 2580 1143 2567 1116 2580 1117 2568 1468 2581 1480 2582 1479 2583 1468 2581 1467 2584 1480 2582 1478 2585 1468 2581 1479 2583 1469 2586 1468 2581 1478 2585 1469 2586 1478 2585 1477 2587 1465 2588 1466 2589 1469 2586 1464 2590 1465 2588 1469 2586 1463 2591 1464 2590 1469 2586 1462 2592 1463 2591 1469 2586 1461 2593 1462 2592 1469 2586 1460 2594 1461 2593 1469 2586 1515 2595 1469 2586 1514 2596 1513 2597 1514 2596 1469 2586 1516 2598 1469 2586 1515 2595 1512 2599 1469 2586 1477 2587 1512 2599 1513 2597 1469 2586 1511 2600 1477 2587 1476 2601 1511 2600 1512 2599 1477 2587 1510 2602 1511 2600 1476 2601 1509 2603 1510 2602 1476 2601 1508 2604 1476 2601 1475 2605 1508 2604 1509 2603 1476 2601 1507 2606 1508 2604 1475 2605 1517 2607 1459 2608 1460 2594 1517 2607 1460 2594 1469 2586 1517 2607 1469 2586 1516 2598 1506 2609 1475 2605 1474 2610 1506 2609 1507 2606 1475 2605 1518 2611 1459 2608 1517 2607 1505 2612 1506 2609 1474 2610 1519 2613 1459 2608 1518 2611 1520 2614 1459 2608 1519 2613 1504 2615 1505 2612 1474 2610 1521 2616 1459 2608 1520 2614 1503 2617 1474 2610 1473 2618 1503 2617 1504 2615 1474 2610 1522 2619 1459 2608 1521 2616 1502 2620 1503 2617 1473 2618 1523 2621 1459 2608 1522 2619 1481 2622 1471 2623 1470 2624 1481 2622 1472 2625 1471 2623 1524 2626 1459 2608 1523 2621 1525 2627 1459 2608 1524 2626 1482 2628 1472 2625 1481 2622 1482 2628 1473 2618 1472 2625 1482 2628 1499 2629 1500 2630 1482 2628 1500 2630 1501 2631 1482 2628 1501 2631 1502 2620 1482 2628 1502 2620 1473 2618 1458 2632 1533 2633 1534 2634 1458 2632 1534 2634 1535 2635 1458 2632 1535 2635 1536 2636 1458 2632 1536 2636 1537 2637 1458 2632 1537 2637 1538 2638 1458 2632 1538 2638 1539 2639 1458 2632 1539 2639 1540 2640 1458 2632 1527 2641 1528 2642 1458 2632 1528 2642 1529 2643 1458 2632 1529 2643 1530 2644 1458 2632 1530 2644 1531 2645 1458 2632 1531 2645 1532 2646 1458 2632 1532 2646 1533 2633 1455 2647 1456 2648 1494 2649 1457 2650 1540 2640 1541 2651 1457 2650 1541 2651 1494 2649 1457 2650 1494 2649 1456 2648 1457 2650 1458 2632 1540 2640 1454 2652 1494 2649 1495 2653 1454 2652 1455 2647 1494 2649 1453 2654 1454 2652 1495 2653 1453 2654 1495 2653 1496 2655 1452 2656 1453 2654 1496 2655 1451 2657 1496 2655 1497 2658 1451 2657 1452 2656 1496 2655 1450 2659 1451 2657 1497 2658 1449 2660 1497 2658 1498 2661 1449 2660 1450 2659 1497 2658 1448 2662 1449 2660 1498 2661 1483 2663 1444 2664 1445 2665 1483 2663 1445 2665 1446 2666 1483 2663 1446 2666 1447 2667 1483 2663 1447 2667 1448 2662 1483 2663 1498 2661 1499 2629 1483 2663 1448 2662 1498 2661 1483 2663 1499 2629 1482 2628 1443 2668 1444 2664 1483 2663 1442 2669 1443 2668 1483 2663 1441 2670 1442 2669 1483 2663 1440 2671 1441 2670 1483 2663 1439 2672 1440 2671 1483 2663 1438 2673 1439 2672 1483 2663 1488 2674 1486 2675 1487 2676 1437 2677 1438 2673 1483 2663 1436 2678 1437 2677 1483 2663 1484 2679 1436 2678 1483 2663 1484 2679 1434 2680 1435 2681 1484 2679 1435 2681 1436 2678 1433 2682 1434 2680 1484 2679 1485 2683 1486 2675 1488 2674 1485 2683 1433 2682 1484 2679 1485 2683 1488 2674 1489 2684 1485 2683 1489 2684 1490 2685 1485 2683 1490 2685 1491 2686 1485 2683 1491 2686 1492 2687 1485 2683 1492 2687 1493 2688 1485 2683 1493 2688 1433 2682 1458 2632 1459 2608 1527 2641 1527 2641 1459 2608 1526 2689 1526 2689 1459 2608 1525 2627 2303 2690 2254 2691 2253 2692 2303 2690 2255 2693 2254 2691 2252 2694 2303 2690 2253 2692 2304 2695 2303 2690 2252 2694 2251 2696 2304 2695 2252 2694 2286 2697 2287 2698 2305 2699 2288 2700 2305 2699 2287 2698 2285 2701 2286 2697 2305 2699 2289 2702 2305 2699 2288 2700 2284 2703 2285 2701 2305 2699 2290 2704 2305 2699 2289 2702 2283 2705 2284 2703 2305 2699 2282 2706 2283 2705 2305 2699 2281 2707 2282 2706 2305 2699 2306 2708 2290 2704 2291 2709 2306 2708 2305 2699 2290 2704 2306 2708 2291 2709 2292 2710 2280 2711 2281 2707 2305 2699 2279 2712 2280 2711 2305 2699 2278 2713 2279 2712 2305 2699 2277 2714 2278 2713 2305 2699 2276 2715 2277 2714 2305 2699 2323 2716 2305 2699 2304 2695 2323 2716 2304 2695 2322 2717 2321 2718 2322 2717 2304 2695 2324 2719 2275 2720 2276 2715 2324 2719 2276 2715 2305 2699 2324 2719 2305 2699 2323 2716 2320 2721 2321 2718 2304 2695 2325 2722 2274 2723 2275 2720 2325 2722 2275 2720 2324 2719 2319 2724 2320 2721 2304 2695 2319 2724 2304 2695 2251 2696 2326 2725 2273 2726 2274 2723 2326 2725 2274 2723 2325 2722 2318 2727 2251 2696 2250 2728 2318 2727 2319 2724 2251 2696 2327 2729 2272 2730 2273 2726 2327 2729 2273 2726 2326 2725 2317 2731 2318 2727 2250 2728 2328 2732 2271 2733 2272 2730 2328 2732 2272 2730 2327 2729 2316 2734 2317 2731 2250 2728 2315 2735 2250 2728 2249 2736 2315 2735 2316 2734 2250 2728 2329 2737 2271 2733 2328 2732 2329 2737 2270 2738 2271 2733 2314 2739 2315 2735 2249 2736 2330 2740 2269 2741 2270 2738 2330 2740 2270 2738 2329 2737 2313 2742 2249 2736 2248 2743 2313 2742 2314 2739 2249 2736 2312 2744 2313 2742 2248 2743 2259 2745 2245 2746 2244 2747 2259 2745 2246 2748 2245 2746 2311 2749 2248 2743 2247 2750 2311 2749 2312 2744 2248 2743 2310 2751 2311 2749 2247 2750 2258 2752 2247 2750 2246 2748 2258 2752 2310 2751 2247 2750 2258 2752 2246 2748 2259 2745 2331 2753 2269 2741 2330 2740 2293 2754 2306 2708 2292 2710 2302 2755 2306 2708 2293 2754 2257 2756 2310 2751 2258 2752 2257 2756 2307 2757 2308 2758 2257 2756 2308 2758 2309 2759 2257 2756 2309 2759 2310 2751 2294 2760 2302 2755 2293 2754 2268 2761 2269 2741 2331 2753 2268 2761 2331 2753 2332 2762 2268 2761 2332 2762 2333 2763 2268 2761 2333 2763 2334 2764 2268 2761 2334 2764 2335 2765 2268 2761 2335 2765 2336 2766 2268 2761 2336 2766 2337 2767 2268 2761 2337 2767 2338 2768 2268 2761 2338 2768 2339 2769 2268 2761 2339 2769 2340 2770 2268 2761 2340 2770 2341 2771 2295 2772 2302 2755 2294 2760 2296 2773 2302 2755 2295 2772 2297 2774 2302 2755 2296 2773 2298 2775 2302 2755 2297 2774 2299 2776 2302 2755 2298 2775 2267 2777 2344 2778 2345 2779 2267 2777 2345 2779 2346 2780 2267 2777 2346 2780 2347 2781 2267 2777 2347 2781 2348 2782 2267 2777 2348 2782 2349 2783 2267 2777 2349 2783 2350 2784 2267 2777 2350 2784 2351 2785 2267 2777 2351 2785 2352 2786 2267 2777 2343 2787 2344 2778 2266 2788 2352 2786 2307 2757 2266 2788 2267 2777 2352 2786 2265 2789 2307 2757 2257 2756 2265 2789 2266 2788 2307 2757 2264 2790 2265 2789 2257 2756 2263 2791 2264 2790 2257 2756 2262 2792 2263 2791 2257 2756 2261 2793 2262 2792 2257 2756 2256 2794 2261 2793 2257 2756 2260 2795 2261 2796 2256 2797 2301 2798 2299 2776 2300 2799 2301 2798 2302 2755 2299 2776 2267 2777 2268 2761 2341 2771 2267 2777 2341 2771 2342 2800 2267 2777 2342 2800 2343 2787 2463 2801 2459 2802 2458 2803 2463 2801 2460 2804 2459 2802 2463 2801 2461 2805 2460 2804 2463 2806 2462 2807 2461 2808 2466 2809 2465 2810 2464 2811 2469 2812 2467 2813 2466 2809 2469 2814 2468 2815 2467 2816 2470 2817 2469 2812 2466 2809 2445 2818 2447 2819 2446 2820 2471 2821 2470 2817 2466 2809 2444 2822 2448 2823 2447 2824 2444 2822 2449 2825 2448 2823 2444 2822 2450 2826 2449 2825 2444 2822 2451 2827 2450 2826 2444 2822 2452 2828 2451 2827 2444 2822 2453 2829 2452 2828 2444 2822 2454 2830 2453 2829 2444 2822 2455 2831 2454 2830 2444 2822 2456 2832 2455 2831 2444 2822 2457 2833 2456 2832 2444 2822 2458 2803 2457 2833 2444 2822 2464 2811 2463 2801 2444 2822 2463 2801 2458 2803 2444 2822 2447 2824 2445 2834 2472 2835 2471 2821 2466 2809 2473 2836 2472 2835 2466 2809 2474 2837 2473 2836 2466 2809 2475 2838 2474 2837 2466 2809 2476 2839 2475 2838 2466 2809 2486 2840 2444 2822 2443 2841 2486 2840 2464 2811 2444 2822 2477 2842 2476 2839 2466 2809 2477 2842 2466 2809 2464 2811 2478 2843 2477 2842 2464 2811 2479 2844 2478 2843 2464 2811 2479 2844 2464 2811 2486 2840 2483 2845 2485 2846 2484 2847 2480 2848 2479 2844 2486 2840 2480 2848 2486 2840 2485 2849 2482 2850 2485 2849 2483 2851 2481 2852 2480 2848 2485 2849 2481 2852 2485 2849 2482 2850 2499 2853 2495 2854 2496 2855 2497 2856 2499 2853 2496 2855 2498 2857 2499 2853 2497 2856 2494 2858 2491 2859 2490 2860 2494 2861 2492 2862 2491 2863 2494 2864 2493 2865 2492 2866 2487 2867 2490 2860 2489 2868 2487 2867 2494 2858 2490 2860 2500 2869 2489 2868 2495 2854 2500 2869 2495 2854 2499 2853 2500 2869 2487 2867 2489 2868 2488 2870 2500 2869 2501 2871 2488 2870 2501 2871 2507 2872 2488 2870 2487 2867 2500 2869 2504 2873 2506 2874 2505 2875 2503 2876 2507 2872 2506 2877 2503 2876 2506 2877 2504 2878 2508 2879 2488 2870 2507 2872 2510 2880 2509 2881 2508 2879 2519 2882 2503 2876 2502 2883 2519 2882 2507 2872 2503 2876 2519 2882 2508 2879 2507 2872 2511 2884 2510 2880 2508 2879 2512 2885 2511 2884 2508 2879 2513 2886 2519 2882 2518 2887 2513 2886 2508 2879 2519 2882 2513 2886 2512 2885 2508 2879 2514 2888 2513 2886 2518 2887 2515 2889 2517 2890 2516 2891 2515 2892 2518 2887 2517 2893 2515 2892 2514 2888 2518 2887 2771 2894 2725 2895 2772 2896 2770 2897 2725 2898 2771 2899 2769 2900 2726 2901 2725 2898 2769 2900 2725 2898 2770 2897 2740 2902 2739 2903 2738 2904 2741 2905 2738 2904 2737 2906 2741 2905 2740 2902 2738 2904 2742 2907 2733 2908 2732 2909 2742 2907 2734 2910 2733 2908 2742 2907 2735 2911 2734 2910 2742 2907 2736 2912 2735 2911 2742 2907 2737 2906 2736 2912 2742 2907 2741 2905 2737 2906 2743 2913 2742 2907 2732 2909 2765 2914 2767 2915 2766 2916 2745 2917 2744 2918 2743 2919 2745 2920 2743 2913 2732 2909 2764 2921 2767 2915 2765 2914 2764 2921 2768 2922 2767 2915 2764 2921 2769 2900 2768 2922 2746 2923 2745 2920 2732 2909 2763 2924 2769 2900 2764 2921 2763 2924 2726 2901 2769 2900 2747 2925 2732 2909 2731 2926 2747 2925 2746 2923 2732 2909 2762 2927 2727 2928 2726 2901 2762 2927 2726 2901 2763 2924 2748 2929 2747 2925 2731 2926 2761 2930 2727 2928 2762 2927 2749 2931 2748 2929 2731 2926 2760 2932 2727 2928 2761 2930 2759 2933 2727 2928 2760 2932 2751 2934 2750 2935 2749 2936 2758 2937 2728 2938 2727 2928 2758 2937 2727 2928 2759 2933 2752 2939 2749 2931 2731 2926 2752 2939 2751 2940 2749 2931 2757 2941 2728 2938 2758 2937 2753 2942 2731 2926 2730 2943 2753 2942 2752 2939 2731 2926 2756 2944 2729 2945 2728 2938 2756 2944 2728 2938 2757 2941 2754 2946 2730 2943 2729 2945 2754 2946 2753 2942 2730 2943 2755 2947 2729 2945 2756 2944 2755 2947 2754 2946 2729 2945 2778 2948 2779 2949 2780 2950 2776 2951 2778 2952 2775 2953 2777 2954 2778 2952 2776 2951 2784 2955 2786 2956 2785 2957 2784 2958 2787 2959 2786 2960 2783 2961 2781 2962 2787 2963 2783 2961 2787 2963 2784 2964 2782 2965 2781 2962 2783 2961 2773 2966 2780 2967 2781 2962 2773 2966 2778 2952 2780 2967 2773 2966 2775 2953 2778 2952 2773 2966 2781 2962 2782 2965 2788 2968 2774 2969 2773 2966 2788 2968 2773 2966 2782 2965 2809 2970 2789 2971 2774 2969 2809 2970 2774 2969 2788 2968 2792 2972 2790 2973 2789 2971 2792 2974 2791 2975 2790 2976 2793 2977 2792 2972 2789 2971 2806 2978 2808 2979 2807 2980 2794 2981 2793 2977 2789 2971 2805 2982 2808 2979 2806 2978 2795 2983 2794 2981 2789 2971 2804 2984 2808 2979 2805 2982 2796 2985 2795 2983 2789 2971 2803 2986 2809 2970 2808 2979 2803 2986 2808 2979 2804 2984 2797 2987 2796 2985 2789 2971 2802 2988 2789 2971 2809 2970 2802 2988 2809 2970 2803 2986 2798 2989 2797 2987 2789 2971 2801 2990 2789 2971 2802 2988 2799 2991 2798 2989 2789 2971 2800 2992 2789 2971 2801 2990 2800 2992 2799 2991 2789 2971 3052 2993 3054 2994 3053 2995 3051 2996 3054 2997 3052 2998 3050 2999 3047 3000 3048 3001 3050 2999 3048 3001 3054 2997 3050 2999 3054 2997 3051 2996 3049 3002 3047 3000 3050 2999 3028 3003 3030 3004 3029 3005 3027 3006 3031 3007 3030 3004 3027 3006 3032 3008 3031 3007 3027 3006 3030 3004 3028 3003 3026 3009 3033 3010 3032 3008 3026 3009 3034 3011 3033 3010 3026 3009 3032 3008 3027 3006 3025 3012 3035 3013 3034 3011 3025 3012 3036 3014 3035 3013 3025 3012 3034 3011 3026 3009 3024 3015 3037 3016 3036 3014 3024 3015 3036 3014 3025 3012 3023 3017 3037 3016 3024 3015 3022 3018 3038 3019 3037 3016 3022 3018 3037 3016 3023 3017 3021 3020 3038 3019 3022 3018 3020 3021 3038 3019 3021 3020 3019 3022 3038 3019 3020 3021 3018 3023 3038 3019 3019 3022 3055 3024 3046 3025 3047 3000 3055 3024 3047 3000 3049 3002 3056 3026 3055 3024 3049 3002 3056 3026 3049 3002 3015 3027 3057 3028 3040 3029 3046 3025 3057 3028 3056 3026 3015 3027 3057 3028 3055 3024 3056 3026 3057 3028 3046 3025 3055 3024 3058 3030 3015 3027 3014 3031 3059 3032 3017 3033 3016 3034 3059 3032 3018 3023 3017 3033 3059 3032 3038 3019 3018 3023 3059 3032 3058 3030 3014 3031 3059 3032 3014 3031 3038 3019 3060 3035 3015 3027 3058 3030 3060 3035 3041 3036 3040 3029 3060 3035 3042 3037 3041 3036 3060 3035 3043 3038 3042 3037 3060 3035 3044 3039 3043 3038 3060 3035 3045 3040 3044 3039 3060 3035 3039 3041 3045 3040 3060 3035 3040 3029 3057 3028 3060 3035 3057 3028 3015 3027 3061 3042 3059 3032 3016 3034 3061 3042 3016 3034 3039 3041 3061 3042 3060 3035 3058 3030 3061 3042 3039 3041 3060 3035 3061 3042 3058 3030 3059 3032 3104 3043 3106 3044 3105 3045 3104 3046 3107 3047 3106 3048 3103 3049 3107 3047 3104 3046 3098 3050 3100 3051 3099 3052 3098 3053 3101 3054 3100 3055 3097 3056 3102 3057 3101 3054 3097 3056 3103 3049 3102 3057 3097 3056 3101 3054 3098 3053 3096 3058 3107 3047 3103 3049 3096 3058 3103 3049 3097 3056 3095 3059 3107 3047 3096 3058 3094 3060 3107 3047 3095 3059 3093 3061 3108 3062 3107 3047 3093 3061 3107 3047 3094 3060 3092 3063 3108 3062 3093 3061 3070 3064 3069 3065 3068 3066 3091 3067 3108 3062 3092 3063 3071 3068 3070 3069 3068 3070 3072 3071 3068 3070 3067 3072 3072 3071 3071 3068 3068 3070 3089 3073 3091 3074 3090 3075 3089 3076 3108 3062 3091 3067 3073 3077 3072 3071 3067 3072 3088 3078 3108 3062 3089 3076 3088 3078 3086 3079 3108 3062 3074 3080 3073 3077 3067 3072 3087 3081 3086 3079 3088 3078 3075 3082 3074 3080 3067 3072 3076 3083 3075 3082 3067 3072 3077 3084 3067 3072 3066 3085 3077 3084 3076 3083 3067 3072 3078 3086 3077 3084 3066 3085 3079 3087 3078 3086 3066 3085 3080 3088 3079 3087 3066 3085 3062 3089 3064 3090 3063 3091 3062 3089 3065 3092 3064 3090 3062 3089 3085 3093 3065 3092 3109 3094 3086 3079 3087 3081 3109 3094 3081 3095 3080 3088 3109 3094 3082 3096 3081 3095 3109 3094 3083 3097 3082 3096 3109 3094 3084 3098 3083 3097 3109 3094 3085 3093 3084 3098 3109 3094 3066 3085 3086 3079 3109 3094 3080 3088 3066 3085 3109 3094 3065 3092 3085 3093 3109 3094 3087 3081 3065 3092 3138 3099 3140 3100 3139 3101 3138 3102 3141 3103 3140 3104 3138 3102 3142 3105 3141 3103 3138 3102 3143 3106 3142 3105 3138 3102 3144 3107 3143 3106 3138 3102 3145 3108 3144 3107 3137 3109 3146 3110 3145 3108 3137 3109 3147 3111 3146 3110 3137 3109 3148 3112 3147 3111 3137 3109 3149 3113 3148 3112 3137 3109 3150 3114 3149 3113 3137 3109 3145 3108 3138 3102 3136 3115 3151 3116 3150 3114 3136 3115 3152 3117 3151 3116 3136 3115 3153 3118 3152 3117 3136 3115 3154 3119 3153 3118 3136 3115 3155 3120 3154 3119 3136 3115 3156 3121 3155 3120 3136 3115 3150 3114 3137 3109 3119 3122 3121 3123 3120 3124 3119 3125 3122 3126 3121 3127 3118 3128 3123 3129 3122 3126 3118 3128 3122 3126 3119 3125 3124 3130 3118 3128 3117 3131 3124 3130 3123 3129 3118 3128 3159 3132 3136 3115 3135 3133 3159 3132 3157 3134 3156 3121 3159 3132 3134 3135 3157 3134 3159 3132 3156 3121 3136 3115 3160 3136 3128 3137 3134 3135 3160 3136 3134 3135 3159 3132 3161 3138 3159 3132 3135 3133 3161 3138 3135 3133 3158 3139 3161 3138 3160 3136 3159 3132 3162 3140 3160 3136 3161 3138 3162 3140 3129 3141 3128 3137 3162 3140 3130 3142 3129 3141 3162 3140 3131 3143 3130 3142 3162 3140 3132 3144 3131 3143 3162 3140 3133 3145 3132 3144 3162 3140 3127 3146 3133 3145 3162 3140 3128 3137 3160 3136 3162 3140 3158 3139 3127 3146 3162 3140 3161 3138 3158 3139 3163 3147 3124 3130 3125 3148 3163 3147 3125 3148 3126 3149 3163 3147 3126 3149 3127 3146 3163 3147 3123 3129 3124 3130 3163 3147 3127 3146 3158 3139 3163 3147 3158 3139 3123 3129 3190 3150 3192 3151 3191 3152 3190 3153 3193 3154 3192 3155 3190 3153 3194 3156 3193 3154 3189 3157 3195 3158 3194 3156 3189 3157 3196 3159 3195 3158 3189 3157 3197 3160 3196 3159 3189 3157 3198 3161 3197 3160 3189 3157 3199 3162 3198 3161 3189 3157 3200 3163 3199 3162 3189 3157 3201 3164 3200 3163 3189 3157 3202 3165 3201 3164 3189 3157 3203 3166 3202 3165 3189 3157 3204 3167 3203 3166 3189 3157 3194 3156 3190 3153 3165 3168 3205 3169 3204 3167 3165 3168 3206 3170 3205 3169 3165 3168 3207 3171 3206 3170 3165 3168 3208 3172 3207 3171 3165 3168 3209 3173 3208 3172 3165 3168 3188 3174 3209 3173 3165 3168 3204 3167 3189 3157 3169 3175 3168 3176 3167 3177 3170 3178 3169 3175 3167 3177 3183 3179 3185 3180 3184 3181 3183 3182 3186 3183 3185 3184 3173 3185 3172 3186 3164 3187 3182 3188 3186 3183 3183 3182 3174 3189 3173 3185 3164 3187 3174 3189 3164 3187 3187 3190 3181 3191 3186 3183 3182 3188 3175 3192 3174 3189 3187 3190 3180 3193 3186 3183 3181 3191 3176 3194 3175 3192 3187 3190 3179 3195 3186 3183 3180 3193 3177 3196 3176 3194 3187 3190 3178 3197 3186 3183 3179 3195 3178 3197 3187 3190 3186 3183 3178 3197 3177 3196 3187 3190 3210 3198 3165 3168 3164 3187 3210 3198 3167 3177 3166 3199 3210 3198 3171 3200 3170 3178 3210 3198 3170 3178 3167 3177 3210 3198 3172 3186 3171 3200 3210 3198 3164 3187 3172 3186 3210 3198 3166 3199 3188 3174 3210 3198 3188 3174 3165 3168</p>
        </triangles>
      </mesh>
    </geometry>
  </library_geometries>
  <library_visual_scenes>
    <visual_scene id="Scene" name="Scene">
      <node id="NAUO3" name="NAUO3" type="NODE">
        <matrix sid="transform">-1 -1.13999e-14 -1.50996e-7 0 1.50996e-7 -7.54979e-8 -1 0 0 -1 7.54979e-8 0 0 0 0 1</matrix>
        <instance_geometry url="#link_2-mesh" name="NAUO3">
          <bind_material>
            <technique_common>
              <instance_material symbol="mat_0_015-material" target="#mat_0_015-material"/>
              <instance_material symbol="mat_2_015-material" target="#mat_2_015-material"/>
            </technique_common>
          </bind_material>
        </instance_geometry>
      </node>
    </visual_scene>
  </library_visual_scenes>
  <scene>
    <instance_visual_scene url="#Scene"/>
  </scene>
</COLLADA>