# Vein posed
v 0.013976 -0.045528 0.405502
v 0.013284 -0.043123 0.402121
v -0.004386 -0.036474 0.403172
v -0.003699 -0.038637 0.406651
v 0.011918 -0.042443 0.398290
v 0.024482 -0.046265 0.400279
v 0.022559 -0.045376 0.396539
v 0.025234 -0.048693 0.403475
v 0.028845 -0.047110 0.399202
v 0.027463 -0.046121 0.395554
v 0.029604 -0.049549 0.402290
v 0.032130 -0.046957 0.394276
v 0.031747 -0.048756 0.392189
v 0.026169 -0.047804 0.393750
v 0.034082 -0.050367 0.401082
v 0.033318 -0.047906 0.397989
v -0.005774 -0.036009 0.399440
v -0.019881 -0.030806 0.404072
v -0.020665 -0.033480 0.405041
v -0.004327 -0.041355 0.407398
v -0.020679 -0.028885 0.400346
v -0.022329 -0.028506 0.396324
v -0.023968 -0.030637 0.394734
v -0.007148 -0.038158 0.397884
v -0.062926 -0.021040 0.393014
v -0.065272 -0.021040 0.388542
v -0.043753 -0.026175 0.391895
v -0.041672 -0.026393 0.396394
v -0.024777 -0.033418 0.395644
v -0.023951 -0.035289 0.399447
v -0.044614 -0.024374 0.387774
v -0.038955 -0.020045 0.393490
v -0.038105 -0.021843 0.397471
v -0.041035 -0.019801 0.389114
v -0.022287 -0.035465 0.403398
v -0.039381 -0.024409 0.398353
v -0.043302 -0.021716 0.387018
v -0.064231 -0.016745 0.384010
v -0.061384 -0.014708 0.386247
v -0.065933 -0.019257 0.384768
v -0.059242 -0.015033 0.390414
v -0.058453 -0.016615 0.394328
v -0.753247 -0.062404 0.368528
v -0.757784 -0.065278 0.368432
v -0.757299 -0.065412 0.367758
v -0.752629 -0.062537 0.367807
v -0.060267 -0.019207 0.394916
v -0.758043 -0.064810 0.368616
v -0.753626 -0.061863 0.368789
v 0.133595 -0.061474 0.359157
v 0.160520 -0.063575 0.352789
v 0.161218 -0.065996 0.355899
v 0.134315 -0.063817 0.362089
v 0.135549 -0.064940 0.365539
v 0.162483 -0.067150 0.359655
v 0.163646 -0.065756 0.361651
v 0.136683 -0.063665 0.367486
v 0.137171 -0.061242 0.367333
v 0.164166 -0.063206 0.361417
v 0.163469 -0.060713 0.358261
v 0.136465 -0.058933 0.364464
v 0.135223 -0.057758 0.360967
v 0.162213 -0.059595 0.354570
v 0.161036 -0.060957 0.352506
v 0.134096 -0.059075 0.359070
v 0.012123 -0.050326 0.404175
v 0.013388 -0.048428 0.406008
v -0.005660 -0.043323 0.405756
v 0.010691 -0.049536 0.400178
v -0.007095 -0.042908 0.401885
v 0.024297 -0.051406 0.403875
v 0.022271 -0.053067 0.401959
v 0.021006 -0.052111 0.398607
v 0.010002 -0.047479 0.397061
v 0.020066 -0.049788 0.395204
v 0.010598 -0.044524 0.396472
v 0.020910 -0.047193 0.394860
v 0.029016 -0.052295 0.402577
v 0.028717 -0.054275 0.401838
v 0.025835 -0.049844 0.393021
v 0.033938 -0.055138 0.398834
v 0.028527 -0.055371 0.399994
v 0.032335 -0.055190 0.398423
v 0.024004 -0.054599 0.400303
v 0.021419 -0.052787 0.397039
v 0.021736 -0.051592 0.394120
v 0.025881 -0.051627 0.392059
v 0.032106 -0.051490 0.391996
v 0.030260 -0.052258 0.392193
v 0.032818 -0.053708 0.395171
v 0.032236 -0.053917 0.394839
v 0.028729 -0.058203 0.396576
v 0.031898 -0.058237 0.395109
v 0.024902 -0.057620 0.396867
v 0.022865 -0.056155 0.394406
v 0.023295 -0.055119 0.391496
v 0.026437 -0.055044 0.389887
v 0.029941 -0.055683 0.389883
v 0.031841 -0.057080 0.392163
v 0.029983 -0.063526 0.390314
v 0.032153 -0.062950 0.389864
v 0.027308 -0.063842 0.389828
v 0.025634 -0.062996 0.387644
v 0.025912 -0.061794 0.385622
v 0.028221 -0.061050 0.385003
v 0.030801 -0.060887 0.385636
v 0.032327 -0.061775 0.387725
v 0.032444 -0.066575 0.386218
v 0.034464 -0.065815 0.386028
v 0.030054 -0.066747 0.385620
v 0.028756 -0.065966 0.383556
v 0.029085 -0.064638 0.381896
v 0.030922 -0.064184 0.381379
v 0.033108 -0.063972 0.382176
v 0.034438 -0.064783 0.384230
v 0.035642 -0.066475 0.385149
v 0.033739 -0.067302 0.385231
v 0.035436 -0.068204 0.384232
v 0.037174 -0.067236 0.384268
v 0.031462 -0.067555 0.384451
v 0.033620 -0.068320 0.383379
v 0.030410 -0.065475 0.381086
v 0.032345 -0.064792 0.380589
v 0.034112 -0.065597 0.379655
v 0.032594 -0.066548 0.380197
v 0.034552 -0.064575 0.381504
v 0.036139 -0.065274 0.380686
v 0.035630 -0.065434 0.383456
v 0.037141 -0.066136 0.382631
v 0.085481 -0.057893 0.386155
v 0.061245 -0.054352 0.393922
v 0.060662 -0.057121 0.394032
v 0.084920 -0.060613 0.386158
v 0.034181 -0.053181 0.401127
v 0.059361 -0.058576 0.391961
v 0.083643 -0.062054 0.384056
v 0.083225 -0.054102 0.379543
v 0.058982 -0.050582 0.387206
v 0.060434 -0.051762 0.390886
v 0.084648 -0.055330 0.383159
v 0.082235 -0.060784 0.380442
v 0.107921 -0.062970 0.371193
v 0.109244 -0.064141 0.374694
v 0.081410 -0.058219 0.377494
v 0.107167 -0.060514 0.368368
v 0.110452 -0.062796 0.376752
v 0.110958 -0.060289 0.376677
v 0.110189 -0.057887 0.373815
v 0.108867 -0.056696 0.370339
v 0.081946 -0.055528 0.377454
v 0.107668 -0.057987 0.368290
v 0.057951 -0.057406 0.388379
v 0.057127 -0.054878 0.385382
v 0.057666 -0.052105 0.385159
v -0.007800 -0.041016 0.398585
v 0.042169 -0.070741 0.380517
v 0.042060 -0.069567 0.379053
v 0.041261 -0.068798 0.377108
v 0.328930 -0.111129 0.342979
v 0.329050 -0.112679 0.340792
v 0.313032 -0.109714 0.339899
v 0.313372 -0.107993 0.342085
v 0.285644 -0.095303 0.344750
v 0.287162 -0.093491 0.346595
v 0.302850 -0.104045 0.343695
v 0.302087 -0.105839 0.341565
v 0.328672 -0.115580 0.340951
v 0.312403 -0.112677 0.340226
v 0.283777 -0.097777 0.345173
v 0.301081 -0.108715 0.341957
v 0.328186 -0.112454 0.347136
v 0.313081 -0.109187 0.346319
v 0.287206 -0.093833 0.350316
v 0.302779 -0.104952 0.347847
v 0.327816 -0.118323 0.344355
v 0.311813 -0.115359 0.343793
v 0.282711 -0.099470 0.348385
v 0.300446 -0.111124 0.345556
v 0.190479 -0.070573 0.356034
v 0.189175 -0.069403 0.352000
v 0.188450 -0.066716 0.348436
v 0.192295 -0.066152 0.357828
v 0.191719 -0.069036 0.358195
v 0.190268 -0.062281 0.350199
v 0.191588 -0.063534 0.354371
v 0.189034 -0.063943 0.348150
v 0.224854 -0.068314 0.351381
v 0.225480 -0.070917 0.354800
v 0.251984 -0.078239 0.355192
v 0.252464 -0.075505 0.351342
v 0.286144 -0.095570 0.353596
v 0.268110 -0.081811 0.350804
v 0.267195 -0.084280 0.354553
v 0.221625 -0.071574 0.345037
v 0.222404 -0.074435 0.349174
v 0.223647 -0.075510 0.353153
v 0.249300 -0.081425 0.348747
v 0.249605 -0.082678 0.353209
v 0.282793 -0.099804 0.352186
v 0.264433 -0.088575 0.352705
v 0.264410 -0.087577 0.348337
v 0.224962 -0.074044 0.355657
v 0.250773 -0.081100 0.355595
v 0.284300 -0.098017 0.354050
v 0.265665 -0.087007 0.354981
v 0.223469 -0.066943 0.346685
v 0.222285 -0.068779 0.344880
v 0.378923 -0.126431 0.361680
v 0.350379 -0.123411 0.353942
v 0.350286 -0.121269 0.348188
v 0.374608 -0.124526 0.354714
v 0.377577 -0.122152 0.351752
v 0.351941 -0.119036 0.345475
v 0.327333 -0.115253 0.350533
v 0.312470 -0.111923 0.349934
v 0.302122 -0.107412 0.351410
v 0.350885 -0.115620 0.344602
v 0.372629 -0.118548 0.351200
v 0.372290 -0.117401 0.353884
v 0.350195 -0.114666 0.347921
v 0.327009 -0.119633 0.348459
v 0.311515 -0.116553 0.347953
v 0.300379 -0.112043 0.349693
v 0.373671 -0.121655 0.362699
v 0.348711 -0.118810 0.355717
v 0.348922 -0.121084 0.354930
v 0.374573 -0.124135 0.362634
v 0.326898 -0.118101 0.350705
v 0.311833 -0.114869 0.350203
v 0.301121 -0.110281 0.351806
v 0.349500 -0.115730 0.351238
v 0.372853 -0.118882 0.358600
v 0.398152 -0.121941 0.357228
v 0.388872 -0.121674 0.354509
v 0.387161 -0.119646 0.355482
v 0.398421 -0.119758 0.358226
v 0.397812 -0.118492 0.360552
v 0.386733 -0.118517 0.357829
v 0.386976 -0.119881 0.362652
v 0.397994 -0.119899 0.364915
v 0.397552 -0.122517 0.368270
v 0.387813 -0.122488 0.366515
v 0.403601 -0.127650 0.363864
v 0.394940 -0.125418 0.365200
v 0.393507 -0.127180 0.363704
v 0.401957 -0.129718 0.363625
v 0.400346 -0.131030 0.361737
v 0.390795 -0.128337 0.361634
v 0.390829 -0.126933 0.365057
v 0.399223 -0.125901 0.366861
v 0.404096 -0.125735 0.358418
v 0.396134 -0.122216 0.356678
v 0.397660 -0.123487 0.361102
v 0.404392 -0.126205 0.361624
v 0.402222 -0.124601 0.362731
v 0.400602 -0.129080 0.355916
v 0.389599 -0.124998 0.353903
v 0.392430 -0.122775 0.354442
v 0.402340 -0.127205 0.356530
v 0.388766 -0.126809 0.357888
v 0.399949 -0.130578 0.358210
v 0.388891 -0.124986 0.366718
v 0.398274 -0.124977 0.368444
v 0.261111 -0.107377 0.323048
v 0.261083 -0.107203 0.322615
v 0.262440 -0.107268 0.322425
v 0.261407 -0.107168 0.323215
v 0.260927 -0.106993 0.322427
v 0.261210 -0.106693 0.322497
v 0.014719 -0.091199 0.407275
v 0.014606 -0.091274 0.407176
v 0.014747 -0.091341 0.407350
v 0.014807 -0.091273 0.407397
v 0.014537 -0.091379 0.407321
v 0.014635 -0.091387 0.407358
v 0.040941 -0.072024 0.380108
v 0.052854 -0.076401 0.374620
v 0.053580 -0.074842 0.375113
v 0.039656 -0.072692 0.378879
v 0.051866 -0.077633 0.373325
v 0.038755 -0.072288 0.377096
v 0.051149 -0.077026 0.371320
v 0.038750 -0.070985 0.375795
v 0.050919 -0.075662 0.369860
v 0.039769 -0.069470 0.375734
v 0.051677 -0.073830 0.370229
v 0.052664 -0.072857 0.371685
v 0.053324 -0.073539 0.373605
v 0.070718 -0.079463 0.369589
v 0.070076 -0.081071 0.369111
v 0.090093 -0.084640 0.364155
v 0.090747 -0.083057 0.364630
v 0.069178 -0.082340 0.367805
v 0.089197 -0.085889 0.362847
v 0.068429 -0.081692 0.365584
v 0.088466 -0.085239 0.360611
v 0.068252 -0.080371 0.364302
v 0.088312 -0.083931 0.359315
v 0.068920 -0.078487 0.364677
v 0.088993 -0.082075 0.359683
v 0.069817 -0.077453 0.366128
v 0.089889 -0.081058 0.361137
v 0.070439 -0.078103 0.368020
v 0.090497 -0.081709 0.363042
v 0.113278 -0.087831 0.358636
v 0.113814 -0.086251 0.359162
v 0.112526 -0.089078 0.357259
v 0.111869 -0.088413 0.354970
v 0.111705 -0.087097 0.353668
v 0.112257 -0.085241 0.354088
v 0.113016 -0.084227 0.355613
v 0.113562 -0.084889 0.357564
v 0.134183 -0.089339 0.353445
v 0.134585 -0.087737 0.353982
v 0.133589 -0.090598 0.352047
v 0.133009 -0.089918 0.349734
v 0.132823 -0.088588 0.348417
v 0.133227 -0.086717 0.348845
v 0.133835 -0.085685 0.350394
v 0.134321 -0.086351 0.352368
v 0.156798 -0.090430 0.347861
v 0.157180 -0.088847 0.348393
v 0.156230 -0.091664 0.346467
v 0.155675 -0.090973 0.344144
v 0.155495 -0.089644 0.342817
v 0.155880 -0.087787 0.343238
v 0.156462 -0.086780 0.344786
v 0.156926 -0.087463 0.346768
v 0.187417 -0.092641 0.340565
v 0.187767 -0.091054 0.341104
v 0.186885 -0.093868 0.339147
v 0.186355 -0.093157 0.336780
v 0.186170 -0.091821 0.335428
v 0.186524 -0.089961 0.335853
v 0.187069 -0.088958 0.337426
v 0.187514 -0.089650 0.339447
v 0.210086 -0.094865 0.335110
v 0.210452 -0.093459 0.335597
v 0.209546 -0.095957 0.333837
v 0.209048 -0.095323 0.331692
v 0.208896 -0.094130 0.330469
v 0.209274 -0.092475 0.330848
v 0.209819 -0.091590 0.332257
v 0.210233 -0.092218 0.334092
v 0.232617 -0.097154 0.330834
v 0.232239 -0.098394 0.330404
v 0.249467 -0.102647 0.326285
v 0.249785 -0.101884 0.326602
v 0.231690 -0.099356 0.329281
v 0.249014 -0.103239 0.325567
v 0.231219 -0.098779 0.327361
v 0.248680 -0.102816 0.324362
v 0.231087 -0.097720 0.326263
v 0.248602 -0.102134 0.323696
v 0.231485 -0.096257 0.326586
v 0.248950 -0.101214 0.323927
v 0.232034 -0.095482 0.327841
v 0.249392 -0.100753 0.324732
v 0.232424 -0.096052 0.329486
v 0.249666 -0.101171 0.325769
v 0.261459 -0.106919 0.323451
v 0.261305 -0.106470 0.322775
v 0.261495 -0.106740 0.323108
v 0.268105 -0.080778 0.346424
v 0.266866 -0.082404 0.344174
v 0.250978 -0.075907 0.344427
v 0.252141 -0.074300 0.346778
v 0.265313 -0.085173 0.344584
v 0.249767 -0.078750 0.344873
v 0.014623 -0.091200 0.407256
v 0.014531 -0.091242 0.407248
v 0.033791 -0.068368 0.381053
v 0.014494 -0.091335 0.407351
v 0.030612 -0.068721 0.378962
v 0.029003 -0.068067 0.379197
v 0.032065 -0.069664 0.379882
v 0.031956 -0.070047 0.381646
v 0.030426 -0.069577 0.382962
v 0.028831 -0.068865 0.383076
v 0.027637 -0.068050 0.382086
v 0.027652 -0.067650 0.380428
v 0.028129 -0.072051 0.378453
v 0.026757 -0.071539 0.378680
v 0.029462 -0.072811 0.379135
v 0.029213 -0.073110 0.380661
v 0.027866 -0.072794 0.381783
v 0.026514 -0.072255 0.381917
v 0.025530 -0.071622 0.381104
v 0.025578 -0.071258 0.379723
v 0.024957 -0.077109 0.378418
v 0.023685 -0.076645 0.378665
v 0.025934 -0.077542 0.379288
v 0.026091 -0.077709 0.380642
v 0.024884 -0.077319 0.381765
v 0.023617 -0.076845 0.381918
v 0.022643 -0.076414 0.381116
v 0.022620 -0.076279 0.379723
v 0.022312 -0.082558 0.380634
v 0.021122 -0.082164 0.380739
v 0.023345 -0.082537 0.381397
v 0.023610 -0.082154 0.382512
v 0.022523 -0.081473 0.383374
v 0.021325 -0.081096 0.383416
v 0.020347 -0.081119 0.382661
v 0.020210 -0.081542 0.381497
v 0.020229 -0.088486 0.385481
v 0.019099 -0.088230 0.385604
v 0.021223 -0.088180 0.386102
v 0.021553 -0.087547 0.387006
v 0.020657 -0.086831 0.387632
v 0.019561 -0.086583 0.387634
v 0.018553 -0.086880 0.387091
v 0.018287 -0.087579 0.386219
v 0.019039 -0.092243 0.390758
v 0.018209 -0.091867 0.390700
v 0.019815 -0.091896 0.391165
v 0.020098 -0.091109 0.391643
v 0.019406 -0.090209 0.391868
v 0.018552 -0.089888 0.391768
v 0.017790 -0.090201 0.391393
v 0.017608 -0.091033 0.390914
v 0.017631 -0.093493 0.395731
v 0.016861 -0.093282 0.395585
v 0.018278 -0.093056 0.396027
v 0.018447 -0.092301 0.396287
v 0.017775 -0.091586 0.396309
v 0.017005 -0.091421 0.396158
v 0.016360 -0.091826 0.395870
v 0.016260 -0.092620 0.395595
v 0.015524 -0.093754 0.400905
v 0.014895 -0.093634 0.400824
v 0.016018 -0.093402 0.400986
v 0.016112 -0.092834 0.401018
v 0.015524 -0.092343 0.400952
v 0.014897 -0.092264 0.400874
v 0.014404 -0.092590 0.400799
v 0.014374 -0.093178 0.400758
v 0.014560 -0.092809 0.404882
v 0.014139 -0.092685 0.404827
v 0.014961 -0.092619 0.404872
v 0.015109 -0.092257 0.404804
v 0.014764 -0.091891 0.404693
v 0.014338 -0.091793 0.404645
v 0.013951 -0.091970 0.404667
v 0.013843 -0.092353 0.404733
v 0.697546 -0.147182 0.373126
v 0.675473 -0.147411 0.372179
v 0.675965 -0.148808 0.371634
v 0.697993 -0.148559 0.372526
v 0.698816 -0.149112 0.371085
v 0.676726 -0.149371 0.369992
v 0.657151 -0.151004 0.365872
v 0.656387 -0.150386 0.367570
v 0.655791 -0.148903 0.368203
v 0.558726 -0.126188 0.371090
v 0.530496 -0.124781 0.371165
v 0.530668 -0.123892 0.367924
v 0.558735 -0.125023 0.367530
v 0.558682 -0.122599 0.364515
v 0.530640 -0.121828 0.365253
v 0.502003 -0.123061 0.366631
v 0.501979 -0.124880 0.369072
v 0.501597 -0.125586 0.372075
v 0.530346 -0.119457 0.365259
v 0.558563 -0.120151 0.364373
v 0.558451 -0.119020 0.366494
v 0.529971 -0.118317 0.367491
v 0.500861 -0.119526 0.368912
v 0.501518 -0.120857 0.366718
v 0.558499 -0.122618 0.373013
v 0.529841 -0.121285 0.373308
v 0.530164 -0.123457 0.373065
v 0.558629 -0.124992 0.373067
v 0.501003 -0.124165 0.373762
v 0.500512 -0.121911 0.373915
v 0.529794 -0.119185 0.370770
v 0.558414 -0.120367 0.370255
v 0.500472 -0.120255 0.371993
v 0.609531 -0.130649 0.372114
v 0.584950 -0.128524 0.371367
v 0.585055 -0.127283 0.367869
v 0.609834 -0.129554 0.369065
v 0.610077 -0.127362 0.366509
v 0.585111 -0.124923 0.364994
v 0.585679 -0.122809 0.363256
v 0.610042 -0.125240 0.366556
v 0.609848 -0.124104 0.368311
v 0.584975 -0.121502 0.366870
v 0.609302 -0.127404 0.373919
v 0.584810 -0.125136 0.373215
v 0.584859 -0.127394 0.373297
v 0.609329 -0.129569 0.373935
v 0.584868 -0.122754 0.370367
v 0.609531 -0.125281 0.371446
v 0.695353 -0.137284 0.377461
v 0.677971 -0.137982 0.375521
v 0.678874 -0.137115 0.373430
v 0.696358 -0.136121 0.375720
v 0.696980 -0.134343 0.374181
v 0.679459 -0.135336 0.371734
v 0.658487 -0.135581 0.367943
v 0.657940 -0.137188 0.369974
v 0.657233 -0.138089 0.372322
v 0.679235 -0.133714 0.371610
v 0.696677 -0.132725 0.373877
v 0.695823 -0.132111 0.374663
v 0.678513 -0.132921 0.372773
v 0.657937 -0.132873 0.369512
v 0.658418 -0.133875 0.368020
v 0.694184 -0.135056 0.377976
v 0.677024 -0.135577 0.376557
v 0.677251 -0.137250 0.376660
v 0.694511 -0.136583 0.378196
v 0.656757 -0.137124 0.373795
v 0.656688 -0.135393 0.373858
v 0.677612 -0.133900 0.374819
v 0.694811 -0.133206 0.376372
v 0.657215 -0.133671 0.371986
v 0.698649 -0.144563 0.370402
v 0.676206 -0.144687 0.369037
v 0.675619 -0.145694 0.370992
v 0.697890 -0.145576 0.372052
v 0.655801 -0.147201 0.366934
v 0.656286 -0.146090 0.364888
v 0.700043 -0.146625 0.368133
v 0.677877 -0.146869 0.365726
v 0.677016 -0.145256 0.367336
v 0.699533 -0.145212 0.368804
v 0.657112 -0.146886 0.363053
v 0.657759 -0.148359 0.362307
v 0.677659 -0.148494 0.367000
v 0.699665 -0.148188 0.369245
v 0.657689 -0.150100 0.363674
v 0.445804 -0.122677 0.368535
v 0.418993 -0.120576 0.365529
v 0.418919 -0.121691 0.369727
v 0.445598 -0.123641 0.372153
v 0.445819 -0.125800 0.375395
v 0.419314 -0.124040 0.373237
v 0.420148 -0.126518 0.373605
v 0.446501 -0.128119 0.375626
v 0.447147 -0.129516 0.373840
v 0.420817 -0.127627 0.371498
v 0.447140 -0.126428 0.366957
v 0.420374 -0.124310 0.363934
v 0.419614 -0.121902 0.363502
v 0.446473 -0.124040 0.366599
v 0.420816 -0.126524 0.367637
v 0.447371 -0.128529 0.370119
v 0.626181 -0.153757 0.363261
v 0.608103 -0.156751 0.359020
v 0.608906 -0.158572 0.358577
v 0.626948 -0.155559 0.362411
v 0.627693 -0.156317 0.360509
v 0.609673 -0.159421 0.356705
v 0.589295 -0.161297 0.352551
v 0.588620 -0.160293 0.354489
v 0.587867 -0.158460 0.354960
v 0.626192 -0.150986 0.359236
v 0.607918 -0.153901 0.354765
v 0.607744 -0.154890 0.357269
v 0.625917 -0.151955 0.361738
v 0.587458 -0.156565 0.353229
v 0.587561 -0.155618 0.350642
v 0.627822 -0.153547 0.356532
v 0.609585 -0.156729 0.352351
v 0.608724 -0.154871 0.352834
v 0.627021 -0.151871 0.357235
v 0.588286 -0.156678 0.348709
v 0.589108 -0.158629 0.348079
v 0.609909 -0.158555 0.354099
v 0.628012 -0.155330 0.358136
v 0.589462 -0.160411 0.349940
v 0.564283 -0.158304 0.351983
v 0.564842 -0.160388 0.351378
v 0.565391 -0.161162 0.349362
v 0.539380 -0.155033 0.347443
v 0.539784 -0.156250 0.345378
v 0.516211 -0.156025 0.345877
v 0.515998 -0.154695 0.347963
v 0.474805 -0.152870 0.348654
v 0.475043 -0.150796 0.350738
v 0.494868 -0.153466 0.348516
v 0.494846 -0.154877 0.346535
v 0.564210 -0.155491 0.347695
v 0.564056 -0.156615 0.350254
v 0.539567 -0.159660 0.351265
v 0.539248 -0.157707 0.351812
v 0.515701 -0.157268 0.352452
v 0.515786 -0.159285 0.351925
v 0.474494 -0.153208 0.355448
v 0.474080 -0.155977 0.354880
v 0.494239 -0.157982 0.352773
v 0.494419 -0.155933 0.353139
v 0.565415 -0.158520 0.344906
v 0.564808 -0.156769 0.345558
v 0.539194 -0.155862 0.350045
v 0.515800 -0.155443 0.350633
v 0.474916 -0.152058 0.353083
v 0.494678 -0.154146 0.351200
v 0.565590 -0.160541 0.346693
v 0.444547 -0.149561 0.357563
v 0.473763 -0.156552 0.353906
v 0.445369 -0.148208 0.359195
v 0.446275 -0.146133 0.359374
v 0.446766 -0.144333 0.357104
v 0.446653 -0.143662 0.354386
v 0.494205 -0.159288 0.350866
v 0.515974 -0.160518 0.349923
v 0.516321 -0.158156 0.345264
v 0.494676 -0.157048 0.346065
v 0.445764 -0.144969 0.353026
v 0.444805 -0.147187 0.352964
v 0.474318 -0.154405 0.348970
v 0.494404 -0.158726 0.348084
v 0.516197 -0.159877 0.347175
v 0.473957 -0.156715 0.350680
v 0.444363 -0.148847 0.355078
v 0.421599 -0.135975 0.363089
v 0.420271 -0.138076 0.362712
v 0.419125 -0.139423 0.360515
v 0.422199 -0.133919 0.358233
v 0.422333 -0.134428 0.361151
v 0.419503 -0.137457 0.355647
v 0.420926 -0.135373 0.356219
v 0.418879 -0.139028 0.357683
v 0.472703 -0.124489 0.374707
v 0.472600 -0.122540 0.372223
v 0.472908 -0.121679 0.369127
v 0.473966 -0.128140 0.373068
v 0.473288 -0.126778 0.374888
v 0.473587 -0.123070 0.367338
v 0.474182 -0.125341 0.367425
v 0.474304 -0.127402 0.369932
v 0.915305 -0.022653 0.299559
v 0.912006 -0.025878 0.301681
v 0.911801 -0.025452 0.301997
v 0.915252 -0.022222 0.299824
v 0.915644 -0.021782 0.300249
v 0.912141 -0.025017 0.302533
v 0.908953 -0.029674 0.306463
v 0.908643 -0.030140 0.305856
v 0.908894 -0.030530 0.305405
v 0.912953 -0.024836 0.302997
v 0.916435 -0.021577 0.300577
v 0.916992 -0.021729 0.300531
v 0.913609 -0.025025 0.303007
v 0.910625 -0.029372 0.306759
v 0.909911 -0.029250 0.306840
v 0.924020 -0.016728 0.294219
v 0.921222 -0.019356 0.297838
v 0.921274 -0.019773 0.297687
v 0.923997 -0.017141 0.294112
v 0.923687 -0.017540 0.293931
v 0.920920 -0.020176 0.297403
v 0.916729 -0.022567 0.300000
v 0.917152 -0.022101 0.300411
v 0.920182 -0.020424 0.297209
v 0.923075 -0.017805 0.293856
v 0.922626 -0.017730 0.293832
v 0.919583 -0.020333 0.297119
v 0.915970 -0.022746 0.299658
v 0.919481 -0.019990 0.297307
v 0.922584 -0.017398 0.293979
v 0.922945 -0.016926 0.294116
v 0.919869 -0.019524 0.297550
v 0.920574 -0.019338 0.297785
v 0.923507 -0.016735 0.294234
v 0.929844 -0.009728 0.288014
v 0.927740 -0.012373 0.290273
v 0.927721 -0.012664 0.290158
v 0.930610 -0.008929 0.287140
v 0.929593 -0.010229 0.287870
v 0.927390 -0.013084 0.290066
v 0.926974 -0.013276 0.289966
v 0.930165 -0.009342 0.286997
v 0.929118 -0.010356 0.287808
v 0.926620 -0.013286 0.289986
v 0.847824 -0.076942 0.339365
v 0.846999 -0.077484 0.338858
v 0.862686 -0.071921 0.331816
v 0.863330 -0.071393 0.332363
v 0.878988 -0.065696 0.324697
v 0.878373 -0.066193 0.324104
v 0.877794 -0.066179 0.323403
v 0.862165 -0.071884 0.331062
v 0.846409 -0.077527 0.338128
v 0.840035 -0.079759 0.343266
v 0.839083 -0.080312 0.342810
v 0.838405 -0.080372 0.342101
v 0.832796 -0.083072 0.344989
v 0.833573 -0.083023 0.345677
v 0.834477 -0.082461 0.346237
v 0.862100 -0.071282 0.330637
v 0.877637 -0.065398 0.323021
v 0.877864 -0.064493 0.323052
v 0.862450 -0.070451 0.330600
v 0.846737 -0.076263 0.337456
v 0.846468 -0.076982 0.337654
v 0.832588 -0.082467 0.344741
v 0.838447 -0.079785 0.341677
v 0.838998 -0.078848 0.341382
v 0.834211 -0.080736 0.344265
v 0.863149 -0.069799 0.331095
v 0.878526 -0.063840 0.323569
v 0.879125 -0.063806 0.324243
v 0.863734 -0.069643 0.331725
v 0.847472 -0.075571 0.339288
v 0.847238 -0.075375 0.337935
v 0.929363 -0.009858 0.287950
v 0.930495 -0.008687 0.287184
v 0.931465 -0.007696 0.286213
v 0.930050 -0.009100 0.287042
v 0.880990 -0.053638 0.324113
v 0.869009 -0.058302 0.329484
v 0.869257 -0.059100 0.329763
v 0.880580 -0.054569 0.324056
v 0.880054 -0.054886 0.323121
v 0.868655 -0.059548 0.328665
v 0.858156 -0.064255 0.333861
v 0.858633 -0.063737 0.334554
v 0.857799 -0.063227 0.334681
v 0.867834 -0.059124 0.327561
v 0.879681 -0.054281 0.322061
v 0.879635 -0.053296 0.321648
v 0.867371 -0.058275 0.327081
v 0.855605 -0.063704 0.332606
v 0.856816 -0.064190 0.332868
v 0.867464 -0.057428 0.327574
v 0.879940 -0.052524 0.322010
v 0.880361 -0.052198 0.322625
v 0.867974 -0.057061 0.328141
v 0.855519 -0.062785 0.333896
v 0.855228 -0.063133 0.333279
v 0.868425 -0.057351 0.328897
v 0.880810 -0.052558 0.323339
v 0.856312 -0.062866 0.334520
v 0.900277 -0.042242 0.315749
v 0.891057 -0.048395 0.319408
v 0.891153 -0.049020 0.319342
v 0.900460 -0.042671 0.315163
v 0.900108 -0.042950 0.314230
v 0.890761 -0.049242 0.318387
v 0.890200 -0.048797 0.317493
v 0.899344 -0.042702 0.313454
v 0.898612 -0.042319 0.313162
v 0.889825 -0.048063 0.317063
v 0.889926 -0.047419 0.317643
v 0.898439 -0.041789 0.313753
v 0.898744 -0.041573 0.314678
v 0.890265 -0.047224 0.318396
v 0.890733 -0.047589 0.319241
v 0.899549 -0.041737 0.315477
v 0.906756 -0.035251 0.311191
v 0.906999 -0.035778 0.310825
v 0.911009 -0.029710 0.306446
v 0.910596 -0.030362 0.305874
v 0.906616 -0.036210 0.310073
v 0.905757 -0.036308 0.309509
v 0.909734 -0.030595 0.305466
v 0.904995 -0.036021 0.309348
v 0.904818 -0.035560 0.309866
v 0.905221 -0.035082 0.310619
v 0.906084 -0.035020 0.311201
v 0.913878 -0.025439 0.302859
v 0.913561 -0.025907 0.302345
v 0.912760 -0.026046 0.301880
v 0.926687 -0.012920 0.290060
v 0.926960 -0.012556 0.290204
v 0.927435 -0.012314 0.290249
v 0.849795 -0.069589 0.338856
v 0.850882 -0.069736 0.338266
v 0.851022 -0.069792 0.337260
v 0.846923 -0.074299 0.339464
v 0.845958 -0.074806 0.340707
v 0.844712 -0.074980 0.341615
v 0.835836 -0.080586 0.345532
v 0.841910 -0.077747 0.342501
v 0.843377 -0.076807 0.341774
v 0.840715 -0.077972 0.343367
v 0.844784 -0.076267 0.340515
v 0.849659 -0.069860 0.336595
v 0.848003 -0.069863 0.336577
v 0.843774 -0.074879 0.338905
v 0.845561 -0.074435 0.338715
v 0.843895 -0.076545 0.339597
v 0.842093 -0.077157 0.339858
v 0.842220 -0.075243 0.340000
v 0.847023 -0.069714 0.337378
v 0.847123 -0.069597 0.338230
v 0.841559 -0.075454 0.341081
v 0.839847 -0.077831 0.341097
v 0.838462 -0.078237 0.342462
v 0.842789 -0.075278 0.341560
v 0.847959 -0.069604 0.338931
v 0.839267 -0.078112 0.343128
v 0.834655 -0.080454 0.344964
v 0.931695 -0.025108 0.287799
v 0.928405 -0.025659 0.289844
v 0.928629 -0.025939 0.289969
v 0.933035 -0.025013 0.287107
v 0.931765 -0.025629 0.287835
v 0.928484 -0.026470 0.289979
v 0.923104 -0.029003 0.293833
v 0.923075 -0.028576 0.293979
v 0.922742 -0.028246 0.293831
v 0.901295 -0.053219 0.311196
v 0.901670 -0.054021 0.311429
v 0.908862 -0.047380 0.306935
v 0.908391 -0.046819 0.306858
v 0.913957 -0.039996 0.302930
v 0.914518 -0.040275 0.302894
v 0.914769 -0.040672 0.302487
v 0.908965 -0.048046 0.306624
v 0.901524 -0.055079 0.311306
v 0.922695 -0.029373 0.293411
v 0.928200 -0.026728 0.289618
v 0.932812 -0.025484 0.286861
v 0.931354 -0.025839 0.287386
v 0.927803 -0.026808 0.289289
v 0.922132 -0.029489 0.293001
v 0.900983 -0.055518 0.310673
v 0.908515 -0.048485 0.305989
v 0.914340 -0.041033 0.301881
v 0.913687 -0.041153 0.301393
v 0.907873 -0.048481 0.305438
v 0.900282 -0.055518 0.310044
v 0.921794 -0.029211 0.292873
v 0.927642 -0.026453 0.289101
v 0.932541 -0.025271 0.286570
v 0.931270 -0.025330 0.287358
v 0.927638 -0.026066 0.289212
v 0.921838 -0.028661 0.292930
v 0.907375 -0.047960 0.305368
v 0.913086 -0.040907 0.301452
v 0.912867 -0.040476 0.301830
v 0.907279 -0.047250 0.305679
v 0.900055 -0.053673 0.309949
v 0.900022 -0.054604 0.309785
v 0.927979 -0.025741 0.289521
v 0.932743 -0.024816 0.286831
v 0.922229 -0.028359 0.293390
v 0.907738 -0.046844 0.306304
v 0.913266 -0.040145 0.302460
v 0.900702 -0.053086 0.310528
v 0.934420 -0.024674 0.285863
v 0.813430 -0.115860 0.360094
v 0.824088 -0.109539 0.354819
v 0.824042 -0.110592 0.354417
v 0.813448 -0.116803 0.359646
v 0.814192 -0.117698 0.359580
v 0.824498 -0.111747 0.354508
v 0.832876 -0.105952 0.350107
v 0.832797 -0.104603 0.349815
v 0.833249 -0.103258 0.350021
v 0.796419 -0.128523 0.366784
v 0.796174 -0.127879 0.367426
v 0.778246 -0.138104 0.373122
v 0.778177 -0.138822 0.372448
v 0.779096 -0.139597 0.372137
v 0.797126 -0.129439 0.366693
v 0.825691 -0.111970 0.355024
v 0.815207 -0.118107 0.360157
v 0.816081 -0.117847 0.360874
v 0.826556 -0.111605 0.355734
v 0.834937 -0.105786 0.351409
v 0.833909 -0.106265 0.350724
v 0.798499 -0.129834 0.367221
v 0.780106 -0.140250 0.372860
v 0.781159 -0.140312 0.373771
v 0.799284 -0.129848 0.368085
v 0.834842 -0.104857 0.351946
v 0.826343 -0.110723 0.356328
v 0.815844 -0.117072 0.361407
v 0.815162 -0.116133 0.361491
v 0.825478 -0.109880 0.356460
v 0.834278 -0.103821 0.351971
v 0.799306 -0.129063 0.368632
v 0.780922 -0.139724 0.374564
v 0.780357 -0.138828 0.374740
v 0.798344 -0.128281 0.368806
v 0.833727 -0.103205 0.351035
v 0.824695 -0.109350 0.355719
v 0.814100 -0.115777 0.360902
v 0.797239 -0.127750 0.368190
v 0.779019 -0.138300 0.374145
v 0.786468 -0.110980 0.368274
v 0.786349 -0.110149 0.368845
v 0.778200 -0.114863 0.373707
v 0.777767 -0.115841 0.373209
v 0.770672 -0.119907 0.377618
v 0.771201 -0.118931 0.378204
v 0.770954 -0.118172 0.378431
v 0.777573 -0.114206 0.373837
v 0.785635 -0.109464 0.368867
v 0.797074 -0.104468 0.362803
v 0.796593 -0.103688 0.363526
v 0.795398 -0.103166 0.363754
v 0.807496 -0.095598 0.358094
v 0.808757 -0.096109 0.357821
v 0.809479 -0.096818 0.356994
v 0.784183 -0.111677 0.366771
v 0.785401 -0.111600 0.367468
v 0.776620 -0.116536 0.372413
v 0.775164 -0.116704 0.371913
v 0.768094 -0.120765 0.376249
v 0.769352 -0.120640 0.376763
v 0.807688 -0.097510 0.355293
v 0.808904 -0.097362 0.355972
v 0.796407 -0.104997 0.361798
v 0.795091 -0.105134 0.361173
v 0.768128 -0.118715 0.377199
v 0.774811 -0.114933 0.372623
v 0.774610 -0.115928 0.372037
v 0.767647 -0.119858 0.376505
v 0.783303 -0.111052 0.366901
v 0.783321 -0.110124 0.367397
v 0.805641 -0.096295 0.356468
v 0.806341 -0.097033 0.355642
v 0.793952 -0.104576 0.361361
v 0.793411 -0.103830 0.362131
v 0.776236 -0.114252 0.373313
v 0.769524 -0.118132 0.377936
v 0.784273 -0.109586 0.368272
v 0.794169 -0.103259 0.363071
v 0.806232 -0.095779 0.357477
v 0.821379 -0.087540 0.350884
v 0.820561 -0.088100 0.350203
v 0.822482 -0.087446 0.351440
v 0.820784 -0.088844 0.349676
v 0.821611 -0.089411 0.349611
v 0.823319 -0.088762 0.351106
v 0.822637 -0.089294 0.350275
v 0.823206 -0.087975 0.351499
v 0.834944 -0.081678 0.345962
v 0.844422 -0.098517 0.344266
v 0.843683 -0.100226 0.344960
v 0.852865 -0.096000 0.340709
v 0.854213 -0.094161 0.339727
v 0.856932 -0.091732 0.338672
v 0.845481 -0.097051 0.344172
v 0.853463 -0.096734 0.342498
v 0.845008 -0.100504 0.346516
v 0.844118 -0.100837 0.345833
v 0.852700 -0.096931 0.341827
v 0.857395 -0.092698 0.340759
v 0.846065 -0.097840 0.346163
v 0.845697 -0.099229 0.346634
v 0.854805 -0.095256 0.342150
v 0.846020 -0.096947 0.345068
v 0.856068 -0.092379 0.340280
v 0.840926 -0.078835 0.343120
v 0.848418 -0.075838 0.339254
v 0.919034 -0.063588 0.300537
v 0.920434 -0.063144 0.299846
v 0.922059 -0.062861 0.298701
v 0.920293 -0.063355 0.299581
v 0.919041 -0.064150 0.300548
v 0.920422 -0.063828 0.299884
v 0.919300 -0.064338 0.300984
v 0.920560 -0.063610 0.300150
v 0.919294 -0.063781 0.300972
v 0.882536 -0.074741 0.327236
v 0.875195 -0.081536 0.332663
v 0.874954 -0.081705 0.332038
v 0.882124 -0.075019 0.326865
v 0.881282 -0.075078 0.326804
v 0.873835 -0.081868 0.331822
v 0.867926 -0.087492 0.334567
v 0.869239 -0.087308 0.334901
v 0.869292 -0.087335 0.335865
v 0.865589 -0.090187 0.337355
v 0.865825 -0.089953 0.336307
v 0.864653 -0.089926 0.335791
v 0.864906 -0.090392 0.335147
v 0.867115 -0.089862 0.335219
v 0.865423 -0.091186 0.337085
v 0.865708 -0.087770 0.335261
v 0.872254 -0.081926 0.332397
v 0.880448 -0.074771 0.327087
v 0.880000 -0.074356 0.327563
v 0.871123 -0.081878 0.333210
v 0.863935 -0.088039 0.336424
v 0.862425 -0.090078 0.336407
v 0.860479 -0.090322 0.337556
v 0.860849 -0.090942 0.336808
v 0.740747 -0.133718 0.378709
v 0.736446 -0.131633 0.374860
v 0.737434 -0.130953 0.373931
v 0.741777 -0.132909 0.377482
v 0.743081 -0.131398 0.376686
v 0.738984 -0.129241 0.373092
v 0.735102 -0.127374 0.371526
v 0.733816 -0.129094 0.372481
v 0.732964 -0.129661 0.373370
v 0.917269 -0.058019 0.303294
v 0.907613 -0.061053 0.306259
v 0.907364 -0.060322 0.306023
v 0.917045 -0.057397 0.303084
v 0.917053 -0.056799 0.303147
v 0.907521 -0.059561 0.306031
v 0.898182 -0.062394 0.311113
v 0.898149 -0.063106 0.310981
v 0.898232 -0.063909 0.311120
v 0.736195 -0.125371 0.371293
v 0.740095 -0.127332 0.373182
v 0.744048 -0.129606 0.376907
v 0.744126 -0.128717 0.377859
v 0.740241 -0.126372 0.374008
v 0.736495 -0.124026 0.371587
v 0.917899 -0.058021 0.304193
v 0.908541 -0.061017 0.306929
v 0.908046 -0.061307 0.306623
v 0.917603 -0.058205 0.303774
v 0.898758 -0.064375 0.311513
v 0.899064 -0.064199 0.311938
v 0.735553 -0.124741 0.372590
v 0.739097 -0.127164 0.375026
v 0.743212 -0.129580 0.379004
v 0.741843 -0.131308 0.379781
v 0.737836 -0.128767 0.375585
v 0.734312 -0.126363 0.373572
v 0.917668 -0.056862 0.304098
v 0.908435 -0.059587 0.306772
v 0.908599 -0.060318 0.306963
v 0.917867 -0.057444 0.304301
v 0.899231 -0.063536 0.312097
v 0.898983 -0.062745 0.311992
v 0.736694 -0.130611 0.375535
v 0.741041 -0.132829 0.379514
v 0.733316 -0.128406 0.373772
v 0.907914 -0.059356 0.306365
v 0.917309 -0.056639 0.303613
v 0.898675 -0.062409 0.311542
v 0.762578 -0.150361 0.378998
v 0.763616 -0.150310 0.377540
v 0.761076 -0.148799 0.376375
v 0.762496 -0.149150 0.375558
v 0.752907 -0.151519 0.376267
v 0.752704 -0.150259 0.376633
v 0.742856 -0.149883 0.376514
v 0.743187 -0.148631 0.375742
v 0.737330 -0.147588 0.373289
v 0.736627 -0.148886 0.374189
v 0.763293 -0.148543 0.378833
v 0.888988 -0.068978 0.318510
v 0.888537 -0.068387 0.318564
v 0.888568 -0.067741 0.318703
v 0.753075 -0.152064 0.379507
v 0.753109 -0.152881 0.378468
v 0.737995 -0.146920 0.372371
v 0.743735 -0.148060 0.374568
v 0.733975 -0.147569 0.369776
v 0.739275 -0.148997 0.371094
v 0.738874 -0.150262 0.371667
v 0.733335 -0.148871 0.370435
v 0.732065 -0.149576 0.371624
v 0.737675 -0.150875 0.373038
v 0.890220 -0.068743 0.318761
v 0.889635 -0.069061 0.318601
v 0.744095 -0.151479 0.374093
v 0.743448 -0.152010 0.375313
v 0.762074 -0.150763 0.376814
v 0.753039 -0.152547 0.377145
v 0.762087 -0.147362 0.376882
v 0.889812 -0.067564 0.319013
v 0.890210 -0.068158 0.318942
v 0.882138 -0.074365 0.327680
v 0.881289 -0.074074 0.328046
v 0.732244 -0.145623 0.371175
v 0.731221 -0.146391 0.372138
v 0.744524 -0.150255 0.373281
v 0.730578 -0.147742 0.372845
v 0.889081 -0.067448 0.318897
v 0.880445 -0.074114 0.327903
v 0.875183 -0.087088 0.331112
v 0.874584 -0.087194 0.330477
v 0.885674 -0.082687 0.323807
v 0.886214 -0.082545 0.324352
v 0.886545 -0.083167 0.325019
v 0.875240 -0.087800 0.331971
v 0.926761 -0.050193 0.296873
v 0.927716 -0.048959 0.295927
v 0.929023 -0.047598 0.294930
v 0.927893 -0.049123 0.296099
v 0.926921 -0.050202 0.297214
v 0.927845 -0.048982 0.296269
v 0.926743 -0.049867 0.297207
v 0.927668 -0.048818 0.296097
v 0.926588 -0.049840 0.296849
v 0.864474 -0.092849 0.337594
v 0.874580 -0.089191 0.332655
v 0.886370 -0.084305 0.325338
v 0.885923 -0.085368 0.325303
v 0.873669 -0.090363 0.332807
v 0.863101 -0.094265 0.338003
v 0.861465 -0.091901 0.339148
v 0.859415 -0.093821 0.340066
v 0.857867 -0.095303 0.340535
v 0.863735 -0.070416 0.332255
v 0.879265 -0.064624 0.324649
v 0.873062 -0.090533 0.332215
v 0.885358 -0.085470 0.324735
v 0.885032 -0.084926 0.324091
v 0.872974 -0.089793 0.331309
v 0.862625 -0.093537 0.336262
v 0.862402 -0.094401 0.337346
v 0.857162 -0.095451 0.339887
v 0.857469 -0.094496 0.338706
v 0.873678 -0.088405 0.330658
v 0.885207 -0.083693 0.323746
v 0.863904 -0.091853 0.335305
v 0.858964 -0.092705 0.337637
v 0.915386 -0.064702 0.302871
v 0.915642 -0.064716 0.303150
v 0.915878 -0.065013 0.303482
v 0.908412 -0.069437 0.308904
v 0.908094 -0.069099 0.308535
v 0.907555 -0.068878 0.308189
v 0.897354 -0.077119 0.315948
v 0.896879 -0.077165 0.315515
v 0.897776 -0.077588 0.316422
v 0.915984 -0.065485 0.303548
v 0.915905 -0.065872 0.303464
v 0.908423 -0.070641 0.308859
v 0.908611 -0.070132 0.308993
v 0.863741 -0.090461 0.338543
v 0.861512 -0.090640 0.339178
v 0.865467 -0.087884 0.337764
v 0.867618 -0.087557 0.336986
v 0.872587 -0.081568 0.334098
v 0.874137 -0.081499 0.333550
v 0.860309 -0.090572 0.338687
v 0.864027 -0.088059 0.337385
v 0.871406 -0.081733 0.333918
v 0.923961 -0.053253 0.299285
v 0.923826 -0.052871 0.299115
v 0.923718 -0.052536 0.299216
v 0.924299 -0.053265 0.299929
v 0.924214 -0.053358 0.299591
v 0.924045 -0.052587 0.299899
v 0.924269 -0.052914 0.300001
v 0.923882 -0.052427 0.299525
v 0.897801 -0.078510 0.316605
v 0.897599 -0.079278 0.316483
v 0.908103 -0.070700 0.308480
v 0.915679 -0.065871 0.303127
v 0.915415 -0.065571 0.302853
v 0.907564 -0.070094 0.308147
v 0.897107 -0.079391 0.316032
v 0.896693 -0.078888 0.315567
v 0.907475 -0.069400 0.308056
v 0.915325 -0.065072 0.302733
v 0.896597 -0.077962 0.315388
v 0.718399 -0.129118 0.379696
v 0.729702 -0.126821 0.380042
v 0.730512 -0.125100 0.378843
v 0.719035 -0.127469 0.378411
v 0.719705 -0.126616 0.377040
v 0.731038 -0.124528 0.377508
v 0.763812 -0.122984 0.382721
v 0.763851 -0.123867 0.382607
v 0.763256 -0.124730 0.381800
v 0.755555 -0.129274 0.383951
v 0.756061 -0.128456 0.384808
v 0.756299 -0.127459 0.384981
v 0.762308 -0.125267 0.380675
v 0.761492 -0.125094 0.379831
v 0.754949 -0.128752 0.381457
v 0.755176 -0.129304 0.382486
v 0.761366 -0.123982 0.380095
v 0.761870 -0.122791 0.380920
v 0.755600 -0.126243 0.382662
v 0.755192 -0.127316 0.381653
v 0.762927 -0.122565 0.382021
v 0.756086 -0.126473 0.383962
v 0.749177 -0.130945 0.379903
v 0.748458 -0.132158 0.380905
v 0.748151 -0.132476 0.382288
v 0.750035 -0.128384 0.381197
v 0.749711 -0.129416 0.380181
v 0.749066 -0.130450 0.383419
v 0.749598 -0.129102 0.382522
v 0.748386 -0.131820 0.383257
v 0.752755 -0.149781 0.378986
v 0.752615 -0.149422 0.377691
v 0.748467 -0.148957 0.376385
v 0.748318 -0.149389 0.377653
v 0.748249 -0.150540 0.378493
v 0.752946 -0.150829 0.379841
v 0.737123 -0.150202 0.373720
v 0.731083 -0.148973 0.372434
v 0.748614 -0.150030 0.375452
v 0.748772 -0.151398 0.375108
v 0.748386 -0.152930 0.377286
v 0.748624 -0.152532 0.375981
v 0.739081 -0.147640 0.371241
v 0.733443 -0.146273 0.370144
v 0.748316 -0.151866 0.378186
v 0.761599 -0.148395 0.378551
v 0.719844 -0.129235 0.376831
v 0.730386 -0.127640 0.377947
v 0.729642 -0.129260 0.379220
v 0.719250 -0.130876 0.378045
v 0.718590 -0.131695 0.379420
v 0.729138 -0.129920 0.380389
v 0.730898 -0.125666 0.377237
v 0.719966 -0.127615 0.376592
v 0.729173 -0.128716 0.380575
v 0.718266 -0.130874 0.380027
v 0.919011 -0.034024 0.298148
v 0.918845 -0.033619 0.298453
v 0.918341 -0.033400 0.298428
v 0.917930 -0.034533 0.297199
v 0.918560 -0.034382 0.297638
v 0.917331 -0.033841 0.297410
v 0.917435 -0.034267 0.297154
v 0.917724 -0.033497 0.297960
v 0.890356 -0.061091 0.316211
v 0.890976 -0.061231 0.316901
v 0.891626 -0.060634 0.317477
v 0.890303 -0.059200 0.315958
v 0.890092 -0.060267 0.315889
v 0.891596 -0.058644 0.317174
v 0.890920 -0.058642 0.316530
v 0.891798 -0.059586 0.317542
v 0.718683 -0.148499 0.374760
v 0.717807 -0.147928 0.376218
v 0.717436 -0.146623 0.376688
v 0.717871 -0.145088 0.375919
v 0.718781 -0.144227 0.374333
v 0.719714 -0.144816 0.373134
v 0.720200 -0.146229 0.372349
v 0.719633 -0.147687 0.373249
v 0.708709 -0.129379 0.376091
v 0.707818 -0.130370 0.377639
v 0.707225 -0.132106 0.379018
v 0.708042 -0.134427 0.378773
v 0.708890 -0.133479 0.377337
v 0.709498 -0.131725 0.375894
v 0.709341 -0.130114 0.375553
v 0.707381 -0.133738 0.379431
v 0.642516 -0.152800 0.363158
v 0.641754 -0.152136 0.364956
v 0.641083 -0.150628 0.365605
v 0.640944 -0.148794 0.364316
v 0.641302 -0.147786 0.362185
v 0.642125 -0.148448 0.360270
v 0.642864 -0.150164 0.359434
v 0.642946 -0.151861 0.360799
v 0.634864 -0.131853 0.367611
v 0.634472 -0.133753 0.369691
v 0.633969 -0.134681 0.372390
v 0.634539 -0.128814 0.369344
v 0.634856 -0.129855 0.367643
v 0.633661 -0.133655 0.373995
v 0.633641 -0.131658 0.374106
v 0.634040 -0.129733 0.371979
v 0.539095 -0.160527 0.350944
v 0.539301 -0.159798 0.348231
v 0.539271 -0.158052 0.346381
v 0.742995 -0.151231 0.376235
v 0.744281 -0.148866 0.373610
v -0.771831 -0.081830 0.448342
v -0.771870 -0.081798 0.448372
v -0.771807 -0.083126 0.448892
v -0.771796 -0.083136 0.448881
v -0.771782 -0.081892 0.448250
v -0.771780 -0.083143 0.448846
v -0.771750 -0.081940 0.448169
v -0.771773 -0.083153 0.448815
v -0.771762 -0.081942 0.448145
v -0.771774 -0.083141 0.448803
v -0.771799 -0.081911 0.448169
v -0.771786 -0.083132 0.448812
v -0.771848 -0.081852 0.448252
v -0.771801 -0.083123 0.448844
v -0.771882 -0.081801 0.448344
v -0.771813 -0.083126 0.448880
v -0.772435 -0.078977 0.448109
v -0.772362 -0.078959 0.448041
v -0.772956 -0.077363 0.448545
v -0.773038 -0.077372 0.448622
v -0.772303 -0.078798 0.447850
v -0.772883 -0.077238 0.448339
v -0.772482 -0.078896 0.448053
v -0.773091 -0.077299 0.448571
v -0.772289 -0.078618 0.447685
v -0.772853 -0.077110 0.448168
v -0.772461 -0.078722 0.447865
v -0.773066 -0.077155 0.448378
v -0.772337 -0.078541 0.447642
v -0.772909 -0.077040 0.448132
v -0.772410 -0.078558 0.447695
v -0.772995 -0.077044 0.448198
v -0.772103 -0.080431 0.447981
v -0.772059 -0.080391 0.447813
v -0.772080 -0.080458 0.448036
v -0.772022 -0.080465 0.447985
v -0.771952 -0.080433 0.447819
v -0.771910 -0.080396 0.447672
v -0.771933 -0.080370 0.447624
v -0.771990 -0.080363 0.447664
v -0.771787 -0.083123 0.448845
v -0.772869 -0.083029 0.446885
v -0.772940 -0.082998 0.446928
v -0.772801 -0.084650 0.447810
v -0.772779 -0.084659 0.447794
v -0.772805 -0.083149 0.446757
v -0.772758 -0.084680 0.447744
v -0.772776 -0.083260 0.446646
v -0.772752 -0.084707 0.447700
v -0.772815 -0.083301 0.446615
v -0.772762 -0.084704 0.447685
v -0.772884 -0.083276 0.446650
v -0.772784 -0.084698 0.447697
v -0.772952 -0.083169 0.446766
v -0.772805 -0.084677 0.447742
v -0.772982 -0.083045 0.446892
v -0.772817 -0.084663 0.447794
v -0.773814 -0.079395 0.446370
v -0.773680 -0.079347 0.446264
v -0.774371 -0.076583 0.446711
v -0.774526 -0.076627 0.446827
v -0.773617 -0.079209 0.445969
v -0.774286 -0.076496 0.446399
v -0.773929 -0.079368 0.446286
v -0.774657 -0.076623 0.446751
v -0.773623 -0.079091 0.445716
v -0.774283 -0.076427 0.446139
v -0.773943 -0.079243 0.445994
v -0.774667 -0.076545 0.446457
v -0.773738 -0.079062 0.445649
v -0.774415 -0.076419 0.446083
v -0.773873 -0.079109 0.445733
v -0.774575 -0.076458 0.446182
v -0.773423 -0.081371 0.446309
v -0.773395 -0.081410 0.446062
v -0.773352 -0.081340 0.446387
v -0.773245 -0.081329 0.446309
v -0.773162 -0.081354 0.446064
v -0.773131 -0.081386 0.445847
v -0.773204 -0.081407 0.445779
v -0.773310 -0.081421 0.445841
v -0.772777 -0.084666 0.447743
v -0.774949 -0.082970 0.446206
v -0.775025 -0.082955 0.446237
v -0.774840 -0.084450 0.447153
v -0.774816 -0.084454 0.447142
v -0.774879 -0.083085 0.446080
v -0.774794 -0.084475 0.447091
v -0.774845 -0.083198 0.445964
v -0.774788 -0.084504 0.447046
v -0.774888 -0.083252 0.445919
v -0.774799 -0.084508 0.447026
v -0.774962 -0.083243 0.445942
v -0.774823 -0.084507 0.447033
v -0.775035 -0.083144 0.446054
v -0.774845 -0.084488 0.447078
v -0.775069 -0.083016 0.446187
v -0.774858 -0.084470 0.447132
v -0.776163 -0.079325 0.445599
v -0.776026 -0.079265 0.445514
v -0.776667 -0.076900 0.445982
v -0.776824 -0.076954 0.446077
v -0.775965 -0.079150 0.445215
v -0.776586 -0.076838 0.445666
v -0.776282 -0.079327 0.445489
v -0.776959 -0.076976 0.445972
v -0.775975 -0.079058 0.444949
v -0.776586 -0.076796 0.445391
v -0.776300 -0.079233 0.445181
v -0.776972 -0.076930 0.445660
v -0.776094 -0.079054 0.444858
v -0.776720 -0.076810 0.445309
v -0.776231 -0.079113 0.444921
v -0.776881 -0.076858 0.445387
v -0.775626 -0.081349 0.445555
v -0.775595 -0.081405 0.445296
v -0.775553 -0.081295 0.445654
v -0.775441 -0.081270 0.445593
v -0.775354 -0.081301 0.445347
v -0.775320 -0.081345 0.445122
v -0.775392 -0.081393 0.445036
v -0.775501 -0.081423 0.445079
v -0.774815 -0.084469 0.447085
v -0.778228 -0.081436 0.445343
v -0.778282 -0.081449 0.445388
v -0.777938 -0.082655 0.445525
v -0.777920 -0.082653 0.445510
v -0.778200 -0.081448 0.445216
v -0.777911 -0.082658 0.445468
v -0.778199 -0.081468 0.445106
v -0.777912 -0.082672 0.445431
v -0.778243 -0.081489 0.445077
v -0.777925 -0.082674 0.445422
v -0.778298 -0.081501 0.445115
v -0.777943 -0.082678 0.445434
v -0.778332 -0.081493 0.445230
v -0.777955 -0.082673 0.445473
v -0.778329 -0.081471 0.445355
v -0.777954 -0.082668 0.445512
v -0.779180 -0.079222 0.445686
v -0.779087 -0.079159 0.445595
v -0.779504 -0.077497 0.446150
v -0.779611 -0.077557 0.446255
v -0.779085 -0.079033 0.445391
v -0.779489 -0.077406 0.445923
v -0.779290 -0.079215 0.445648
v -0.779732 -0.077567 0.446222
v -0.779134 -0.078933 0.445227
v -0.779531 -0.077339 0.445744
v -0.779351 -0.079108 0.445459
v -0.779790 -0.077493 0.446023
v -0.779240 -0.078925 0.445202
v -0.779648 -0.077345 0.445728
v -0.779336 -0.078984 0.445278
v -0.779761 -0.077399 0.445823
v -0.778835 -0.080444 0.445435
v -0.778851 -0.080443 0.445250
v -0.778762 -0.080415 0.445484
v -0.778683 -0.080379 0.445414
v -0.778652 -0.080357 0.445222
v -0.778661 -0.080353 0.445059
v -0.778731 -0.080380 0.445018
v -0.778811 -0.080416 0.445077
v -0.777931 -0.082657 0.445474
v -0.780280 -0.071785 0.443304
v -0.780301 -0.071791 0.443321
v -0.780182 -0.072854 0.443627
v -0.780125 -0.072851 0.443582
v -0.780274 -0.071790 0.443261
v -0.780098 -0.072860 0.443454
v -0.780275 -0.071791 0.443225
v -0.780099 -0.072868 0.443344
v -0.780292 -0.071793 0.443216
v -0.780147 -0.072875 0.443313
v -0.780310 -0.071789 0.443229
v -0.780205 -0.072877 0.443350
v -0.780322 -0.071794 0.443269
v -0.780239 -0.072872 0.443466
v -0.780318 -0.071792 0.443310
v -0.780233 -0.072862 0.443592
v -0.779994 -0.076363 0.445943
v -0.779870 -0.076386 0.445857
v -0.780075 -0.074932 0.444699
v -0.780187 -0.074902 0.444771
v -0.779814 -0.076500 0.445670
v -0.780020 -0.075076 0.444547
v -0.780105 -0.076413 0.445916
v -0.780284 -0.074961 0.444745
v -0.779819 -0.076610 0.445524
v -0.780020 -0.075213 0.444428
v -0.780122 -0.076539 0.445755
v -0.780292 -0.075113 0.444606
v -0.779925 -0.076660 0.445515
v -0.780113 -0.075271 0.444416
v -0.780051 -0.076646 0.445594
v -0.780226 -0.075248 0.444476
v -0.780324 -0.073884 0.443894
v -0.780318 -0.073837 0.444069
v -0.780241 -0.073821 0.444120
v -0.780153 -0.073832 0.444058
v -0.780109 -0.073878 0.443880
v -0.780108 -0.073920 0.443727
v -0.780180 -0.073935 0.443685
v -0.780269 -0.073927 0.443735
v -0.780300 -0.071800 0.443267
v -0.778062 -0.069520 0.444104
v -0.778087 -0.069531 0.444118
v -0.777738 -0.070672 0.443722
v -0.777669 -0.070647 0.443681
v -0.778049 -0.069511 0.444044
v -0.777638 -0.070567 0.443515
v -0.778047 -0.069497 0.443991
v -0.777640 -0.070496 0.443364
v -0.778065 -0.069494 0.443972
v -0.777699 -0.070473 0.443307
v -0.778089 -0.069493 0.443986
v -0.777770 -0.070492 0.443337
v -0.778106 -0.069512 0.444035
v -0.777809 -0.070565 0.443484
v -0.778106 -0.069526 0.444096
v -0.777801 -0.070647 0.443657
v -0.777247 -0.075836 0.445749
v -0.777082 -0.075828 0.445666
v -0.777332 -0.073723 0.444333
v -0.777483 -0.073716 0.444405
v -0.776975 -0.075888 0.445375
v -0.777226 -0.073837 0.444079
v -0.777374 -0.075887 0.445646
v -0.777590 -0.073778 0.444306
v -0.776950 -0.075963 0.445121
v -0.777194 -0.073957 0.443853
v -0.777359 -0.075976 0.445359
v -0.777563 -0.073909 0.444041
v -0.777073 -0.076023 0.445045
v -0.777299 -0.074024 0.443776
v -0.777240 -0.076040 0.445113
v -0.777448 -0.074022 0.443826
v -0.777693 -0.072031 0.443364
v -0.777711 -0.072040 0.443634
v -0.777626 -0.072041 0.443743
v -0.777511 -0.072033 0.443684
v -0.777431 -0.072021 0.443429
v -0.777408 -0.072014 0.443194
v -0.777490 -0.072017 0.443100
v -0.777605 -0.072024 0.443140
v -0.778078 -0.069522 0.444038
v -0.776077 -0.069464 0.444700
v -0.776099 -0.069472 0.444719
v -0.775706 -0.070448 0.444355
v -0.775644 -0.070431 0.444299
v -0.776066 -0.069453 0.444639
v -0.775619 -0.070351 0.444131
v -0.776064 -0.069436 0.444589
v -0.775626 -0.070276 0.443985
v -0.776081 -0.069429 0.444574
v -0.775682 -0.070244 0.443942
v -0.776103 -0.069425 0.444592
v -0.775746 -0.070256 0.443986
v -0.776117 -0.069444 0.444644
v -0.775779 -0.070327 0.444138
v -0.776117 -0.069462 0.444702
v -0.775766 -0.070413 0.444304
v -0.774999 -0.075325 0.446457
v -0.774840 -0.075310 0.446349
v -0.775174 -0.072916 0.444908
v -0.775318 -0.072912 0.445002
v -0.774732 -0.075335 0.446060
v -0.775067 -0.072998 0.444654
v -0.775120 -0.075361 0.446384
v -0.775419 -0.072957 0.444932
v -0.774704 -0.075380 0.445820
v -0.775032 -0.073089 0.444441
v -0.775102 -0.075417 0.446115
v -0.775389 -0.073055 0.444683
v -0.774822 -0.075431 0.445771
v -0.775131 -0.073143 0.444390
v -0.774985 -0.075455 0.445865
v -0.775275 -0.073143 0.444464
v -0.775621 -0.071473 0.444014
v -0.775635 -0.071501 0.444274
v -0.775554 -0.071515 0.444360
v -0.775446 -0.071511 0.444282
v -0.775373 -0.071485 0.444025
v -0.775353 -0.071462 0.443798
v -0.775430 -0.071444 0.443723
v -0.775538 -0.071446 0.443784
v -0.776092 -0.069457 0.444640
v -0.774267 -0.071855 0.446592
v -0.774280 -0.071853 0.446604
v -0.773943 -0.072463 0.446463
v -0.773909 -0.072471 0.446427
v -0.774256 -0.071845 0.446551
v -0.773884 -0.072411 0.446311
v -0.774251 -0.071829 0.446517
v -0.773875 -0.072344 0.446209
v -0.774258 -0.071816 0.446506
v -0.773898 -0.072296 0.446177
v -0.774269 -0.071808 0.446518
v -0.773932 -0.072283 0.446206
v -0.774281 -0.071820 0.446553
v -0.773960 -0.072332 0.446310
v -0.774287 -0.071838 0.446592
v -0.773968 -0.072411 0.446426
v -0.773520 -0.075761 0.448221
v -0.773430 -0.075798 0.448154
v -0.773496 -0.074115 0.447018
v -0.773580 -0.074076 0.447074
v -0.773333 -0.075795 0.447973
v -0.773399 -0.074147 0.446864
v -0.773565 -0.075718 0.448174
v -0.773616 -0.074048 0.447029
v -0.773280 -0.075778 0.447823
v -0.773343 -0.074142 0.446733
v -0.773514 -0.075703 0.448004
v -0.773557 -0.074063 0.446876
v -0.773326 -0.075748 0.447792
v -0.773379 -0.074124 0.446701
v -0.773418 -0.075718 0.447850
v -0.773463 -0.074088 0.446744
v -0.773738 -0.072922 0.446275
v -0.773778 -0.072978 0.446446
v -0.773750 -0.073033 0.446506
v -0.773687 -0.073059 0.446458
v -0.773618 -0.073025 0.446291
v -0.773578 -0.072977 0.446143
v -0.773606 -0.072928 0.446092
v -0.773668 -0.072900 0.446128
v -0.774270 -0.071838 0.446552
v -0.827949 -0.083529 0.463776
v -0.827894 -0.083629 0.463934
v -0.828793 -0.083640 0.464193
v -0.828808 -0.083575 0.464083
v -0.827972 -0.083380 0.463745
v -0.828821 -0.083477 0.464061
v -0.827961 -0.083270 0.463817
v -0.828826 -0.083404 0.464111
v -0.827910 -0.083292 0.463987
v -0.828817 -0.083417 0.464232
v -0.827862 -0.083371 0.464127
v -0.828804 -0.083468 0.464332
v -0.827841 -0.083509 0.464153
v -0.828792 -0.083559 0.464349
v -0.826391 -0.083634 0.463102
v -0.826384 -0.083480 0.463192
v -0.827849 -0.083626 0.464091
v -0.826488 -0.083634 0.462947
v -0.826606 -0.083498 0.462802
v -0.826662 -0.083300 0.462799
v -0.826650 -0.083156 0.462903
v -0.826543 -0.083189 0.463075
v -0.826437 -0.083296 0.463200
v -0.824900 -0.083669 0.461345
v -0.824888 -0.083473 0.461490
v -0.825076 -0.083466 0.461632
v -0.825086 -0.083659 0.461494
v -0.824986 -0.083664 0.461098
v -0.825173 -0.083654 0.461262
v -0.825092 -0.083475 0.460879
v -0.825285 -0.083476 0.461063
v -0.829572 -0.083825 0.459540
v -0.829571 -0.083849 0.459537
v -0.829565 -0.083847 0.459556
v -0.829565 -0.083834 0.459565
v -0.829576 -0.083807 0.459546
v -0.829570 -0.083817 0.459563
v -0.825048 -0.083090 0.461282
v -0.825151 -0.083042 0.461035
v -0.825337 -0.083045 0.461205
v -0.825234 -0.083093 0.461438
v -0.824947 -0.083235 0.461474
v -0.825134 -0.083232 0.461620
v -0.823775 -0.083056 0.460691
v -0.823687 -0.083332 0.460707
v -0.822362 -0.083169 0.460377
v -0.822410 -0.082926 0.460330
v -0.823876 -0.082844 0.460449
v -0.822425 -0.082714 0.460113
v -0.823929 -0.082856 0.460112
v -0.822414 -0.082663 0.459761
v -0.823907 -0.083065 0.459927
v -0.822395 -0.082859 0.459549
v -0.823832 -0.083324 0.459944
v -0.822381 -0.083136 0.459587
v -0.823745 -0.083510 0.460186
v -0.822386 -0.083340 0.459834
v -0.823690 -0.083542 0.460481
v -0.822381 -0.083387 0.460165
v -0.820961 -0.083197 0.460596
v -0.821047 -0.082932 0.460839
v -0.820917 -0.083186 0.460273
v -0.820924 -0.082934 0.459979
v -0.820979 -0.082599 0.459945
v -0.821077 -0.082362 0.460170
v -0.821143 -0.082369 0.460514
v -0.821134 -0.082600 0.460784
v -0.819218 -0.082905 0.461401
v -0.819325 -0.082700 0.461608
v -0.819093 -0.082912 0.461084
v -0.819009 -0.082643 0.460778
v -0.819043 -0.082258 0.460740
v -0.819166 -0.082064 0.460992
v -0.819299 -0.082090 0.461341
v -0.819374 -0.082354 0.461619
v -0.829802 -0.083688 0.464766
v -0.829802 -0.083632 0.464764
v -0.829828 -0.083612 0.464706
v -0.829823 -0.083660 0.464721
v -0.829812 -0.083583 0.464782
v -0.829827 -0.083577 0.464729
v -0.829790 -0.083686 0.464815
v -0.829790 -0.083649 0.464834
v -0.829801 -0.083607 0.464832
v -0.828786 -0.083636 0.464304
v -0.824673 -0.083612 0.461224
v -0.824656 -0.083404 0.461376
v -0.824754 -0.083606 0.460945
v -0.824708 -0.083153 0.461345
v -0.824851 -0.083408 0.460691
v -0.824798 -0.083001 0.461121
v -0.825337 -0.083221 0.461049
v -0.829582 -0.083823 0.459519
v -0.829579 -0.083842 0.459522
v -0.824888 -0.082946 0.460831
v -0.829582 -0.083808 0.459529
v -0.825376 -0.083316 0.460962
v -0.825300 -0.083352 0.460806
v -0.825409 -0.083162 0.461042
v -0.825384 -0.082980 0.461015
v -0.825312 -0.082908 0.460880
v -0.825240 -0.082937 0.460731
v -0.824909 -0.083143 0.460680
v -0.825212 -0.083115 0.460640
v -0.825227 -0.083286 0.460662
v -0.826539 -0.083635 0.460764
v -0.826521 -0.083627 0.460612
v -0.826565 -0.083535 0.460846
v -0.826587 -0.083388 0.460822
v -0.826585 -0.083302 0.460694
v -0.826569 -0.083290 0.460550
v -0.826540 -0.083408 0.460467
v -0.826518 -0.083545 0.460477
v -0.827439 -0.083724 0.460336
v -0.827387 -0.083714 0.460199
v -0.827481 -0.083628 0.460411
v -0.827493 -0.083485 0.460392
v -0.827461 -0.083399 0.460278
v -0.827413 -0.083385 0.460148
v -0.827368 -0.083498 0.460072
v -0.827352 -0.083632 0.460080
v -0.828240 -0.083812 0.459708
v -0.828220 -0.083806 0.459590
v -0.828265 -0.083736 0.459771
v -0.828281 -0.083626 0.459752
v -0.828275 -0.083562 0.459653
v -0.828256 -0.083553 0.459541
v -0.828229 -0.083641 0.459477
v -0.828212 -0.083744 0.459486
v -0.828966 -0.083854 0.459447
v -0.828961 -0.083852 0.459363
v -0.828979 -0.083802 0.459491
v -0.828992 -0.083727 0.459478
v -0.828996 -0.083683 0.459407
v -0.828991 -0.083679 0.459328
v -0.828977 -0.083740 0.459283
v -0.828964 -0.083811 0.459290
v -0.815358 -0.077379 0.496469
v -0.815229 -0.077468 0.496520
v -0.815458 -0.077273 0.497650
v -0.815539 -0.077221 0.497590
v -0.815398 -0.077235 0.496431
v -0.815565 -0.077127 0.497563
v -0.815357 -0.077124 0.496422
v -0.815540 -0.077051 0.497571
v -0.815228 -0.077136 0.496458
v -0.815461 -0.077051 0.497626
v -0.815114 -0.077204 0.496501
v -0.815391 -0.077091 0.497679
v -0.815079 -0.077337 0.496536
v -0.815368 -0.077177 0.497704
v -0.815064 -0.077862 0.494446
v -0.815018 -0.077705 0.494435
v -0.815113 -0.077455 0.496549
v -0.815202 -0.077862 0.494472
v -0.815353 -0.077726 0.494482
v -0.815396 -0.077526 0.494478
v -0.815340 -0.077377 0.494473
v -0.815184 -0.077409 0.494455
v -0.815050 -0.077518 0.494437
v -0.815495 -0.078374 0.491934
v -0.815417 -0.078166 0.491929
v -0.815379 -0.078122 0.492211
v -0.815452 -0.078324 0.492216
v -0.815680 -0.078384 0.491898
v -0.815629 -0.078332 0.492190
v -0.815858 -0.078213 0.491831
v -0.815809 -0.078163 0.492143
v -0.818718 -0.077831 0.496138
v -0.818723 -0.077851 0.496146
v -0.818709 -0.077849 0.496150
v -0.818703 -0.077835 0.496150
v -0.818722 -0.077809 0.496144
v -0.818710 -0.077817 0.496152
v -0.815642 -0.077789 0.491863
v -0.815842 -0.077753 0.491823
v -0.815786 -0.077718 0.492125
v -0.815595 -0.077755 0.492158
v -0.815471 -0.077925 0.491904
v -0.815429 -0.077888 0.492190
v -0.815454 -0.078057 0.490147
v -0.815386 -0.078343 0.490154
v -0.814970 -0.078486 0.488451
v -0.815035 -0.078244 0.488395
v -0.815661 -0.077860 0.490064
v -0.815185 -0.078061 0.488229
v -0.815887 -0.077902 0.489958
v -0.815393 -0.078056 0.488025
v -0.815973 -0.078134 0.489914
v -0.815499 -0.078278 0.487968
v -0.815911 -0.078400 0.489931
v -0.815454 -0.078545 0.488069
v -0.815715 -0.078568 0.490021
v -0.815297 -0.078713 0.488269
v -0.815510 -0.078575 0.490119
v -0.815094 -0.078720 0.488444
v -0.814151 -0.078817 0.486998
v -0.814065 -0.078511 0.487123
v -0.814322 -0.078854 0.486784
v -0.814515 -0.078642 0.486559
v -0.814584 -0.078307 0.486488
v -0.814513 -0.078028 0.486627
v -0.814341 -0.077980 0.486874
v -0.814161 -0.078176 0.487078
v -0.812820 -0.078789 0.485297
v -0.812765 -0.078543 0.485449
v -0.812943 -0.078861 0.485001
v -0.813097 -0.078652 0.484658
v -0.813160 -0.078273 0.484543
v -0.813086 -0.078027 0.484738
v -0.812946 -0.077983 0.485071
v -0.812804 -0.078193 0.485387
v -0.815559 -0.077049 0.499061
v -0.815555 -0.076999 0.499043
v -0.815613 -0.076978 0.499036
v -0.815603 -0.077020 0.499052
v -0.815560 -0.076944 0.499049
v -0.815601 -0.076942 0.499036
v -0.815523 -0.077043 0.499073
v -0.815513 -0.077006 0.499071
v -0.815527 -0.076963 0.499069
v -0.815387 -0.077258 0.497698
v -0.815504 -0.078363 0.491603
v -0.815419 -0.078145 0.491590
v -0.815708 -0.078377 0.491549
v -0.815478 -0.077893 0.491544
v -0.815904 -0.078201 0.491448
v -0.815664 -0.077754 0.491474
v -0.815851 -0.077912 0.492106
v -0.818741 -0.077826 0.496141
v -0.818740 -0.077843 0.496147
v -0.815876 -0.077722 0.491399
v -0.818736 -0.077811 0.496142
v -0.815938 -0.078000 0.492113
v -0.816012 -0.078060 0.491962
v -0.815904 -0.077841 0.492136
v -0.815922 -0.077673 0.492032
v -0.815988 -0.077627 0.491860
v -0.816060 -0.077678 0.491715
v -0.815968 -0.077928 0.491413
v -0.816101 -0.077860 0.491699
v -0.816082 -0.078023 0.491785
v -0.816595 -0.078099 0.493395
v -0.816688 -0.078109 0.493298
v -0.816557 -0.077991 0.493430
v -0.816590 -0.077851 0.493393
v -0.816677 -0.077782 0.493300
v -0.816766 -0.077787 0.493209
v -0.816802 -0.077912 0.493174
v -0.816778 -0.078046 0.493201
v -0.817265 -0.078058 0.494189
v -0.817327 -0.078074 0.494061
v -0.817241 -0.077951 0.494241
v -0.817265 -0.077815 0.494197
v -0.817326 -0.077753 0.494077
v -0.817386 -0.077764 0.493955
v -0.817408 -0.077888 0.493905
v -0.817390 -0.078017 0.493937
v -0.818008 -0.078059 0.494779
v -0.818073 -0.078071 0.494697
v -0.817984 -0.077976 0.494812
v -0.818009 -0.077871 0.494784
v -0.818070 -0.077822 0.494707
v -0.818132 -0.077830 0.494629
v -0.818155 -0.077926 0.494597
v -0.818137 -0.078026 0.494617
v -0.818498 -0.077988 0.495450
v -0.818548 -0.077996 0.495403
v -0.818479 -0.077930 0.495469
v -0.818497 -0.077858 0.495453
v -0.818545 -0.077824 0.495407
v -0.818592 -0.077830 0.495362
v -0.818611 -0.077896 0.495345
v -0.818597 -0.077965 0.495357
v -0.808500 -0.075920 0.503590
v -0.808598 -0.075840 0.503450
v -0.809142 -0.075880 0.504249
v -0.809066 -0.075933 0.504319
v -0.808462 -0.076070 0.503614
v -0.809039 -0.076031 0.504334
v -0.808484 -0.076198 0.503544
v -0.809060 -0.076113 0.504303
v -0.808576 -0.076202 0.503391
v -0.809135 -0.076115 0.504230
v -0.808661 -0.076140 0.503269
v -0.809202 -0.076074 0.504171
v -0.808696 -0.076002 0.503248
v -0.809226 -0.075984 0.504158
v -0.807470 -0.075734 0.502260
v -0.807497 -0.075913 0.502175
v -0.808681 -0.075870 0.503308
v -0.807403 -0.075691 0.502484
v -0.807325 -0.075792 0.502708
v -0.807305 -0.075993 0.502755
v -0.807343 -0.076174 0.502643
v -0.807424 -0.076186 0.502399
v -0.807485 -0.076101 0.502212
v -0.805775 -0.075478 0.501639
v -0.805826 -0.075718 0.501503
v -0.806005 -0.075747 0.501581
v -0.805959 -0.075520 0.501704
v -0.805640 -0.075408 0.501930
v -0.805835 -0.075456 0.501980
v -0.805476 -0.075481 0.502274
v -0.805688 -0.075532 0.502316
v -0.806196 -0.074125 0.509163
v -0.806200 -0.074110 0.509159
v -0.806209 -0.074113 0.509144
v -0.806212 -0.074127 0.509138
v -0.806200 -0.074152 0.509158
v -0.806211 -0.074148 0.509141
v -0.805663 -0.076035 0.501828
v -0.805500 -0.075952 0.502226
v -0.805708 -0.075997 0.502251
v -0.805860 -0.076072 0.501870
v -0.805788 -0.075954 0.501564
v -0.805972 -0.075979 0.501635
v -0.804795 -0.076031 0.500724
v -0.804832 -0.075761 0.500623
v -0.804074 -0.075878 0.499303
v -0.804007 -0.076107 0.499383
v -0.804629 -0.076180 0.501007
v -0.803826 -0.076268 0.499543
v -0.804428 -0.076071 0.501335
v -0.803585 -0.076236 0.499781
v -0.804303 -0.075698 0.501641
v -0.803483 -0.075986 0.499929
v -0.804339 -0.075438 0.501567
v -0.803566 -0.075725 0.499893
v -0.804509 -0.075331 0.501275
v -0.803776 -0.075593 0.499712
v -0.804730 -0.075489 0.500813
v -0.803998 -0.075625 0.499468
v -0.803656 -0.075805 0.497596
v -0.803775 -0.076100 0.497545
v -0.803439 -0.075765 0.497739
v -0.803205 -0.075965 0.497919
v -0.803128 -0.076285 0.498000
v -0.803249 -0.076553 0.497970
v -0.803486 -0.076602 0.497836
v -0.803700 -0.076418 0.497668
v -0.803337 -0.076153 0.495132
v -0.803453 -0.076380 0.495135
v -0.803100 -0.076102 0.495167
v -0.802822 -0.076324 0.495233
v -0.802722 -0.076696 0.495284
v -0.802873 -0.076919 0.495283
v -0.803139 -0.076941 0.495241
v -0.803396 -0.076720 0.495177
v -0.809920 -0.075909 0.505042
v -0.809912 -0.075967 0.505027
v -0.809878 -0.075981 0.505094
v -0.809892 -0.075934 0.505091
v -0.809916 -0.076020 0.505034
v -0.809886 -0.076019 0.505078
v -0.809946 -0.075917 0.505005
v -0.809952 -0.075958 0.504990
v -0.809946 -0.076000 0.505005
v -0.809210 -0.075898 0.504182
v -0.805581 -0.075504 0.501517
v -0.805637 -0.075771 0.501345
v -0.805420 -0.075417 0.501843
v -0.805583 -0.076018 0.501407
v -0.805232 -0.075505 0.502179
v -0.805432 -0.076102 0.501680
v -0.805646 -0.075774 0.502372
v -0.806188 -0.074133 0.509178
v -0.806193 -0.074120 0.509171
v -0.805242 -0.076024 0.502073
v -0.806191 -0.074150 0.509172
v -0.805540 -0.075473 0.502798
v -0.805412 -0.075412 0.502831
v -0.805574 -0.075639 0.502763
v -0.805510 -0.075820 0.502734
v -0.805379 -0.075877 0.502736
v -0.805257 -0.075826 0.502766
v -0.805182 -0.075760 0.502266
v -0.805221 -0.075631 0.502819
v -0.805275 -0.075455 0.502843
v -0.805830 -0.074814 0.504720
v -0.805726 -0.074803 0.504791
v -0.805873 -0.074925 0.504689
v -0.805838 -0.075070 0.504710
v -0.805741 -0.075143 0.504771
v -0.805642 -0.075138 0.504838
v -0.805600 -0.075009 0.504868
v -0.805625 -0.074870 0.504854
v -0.805883 -0.074497 0.506201
v -0.805776 -0.074492 0.506217
v -0.805927 -0.074601 0.506198
v -0.805892 -0.074742 0.506209
v -0.805793 -0.074815 0.506225
v -0.805691 -0.074815 0.506241
v -0.805648 -0.074694 0.506242
v -0.805673 -0.074561 0.506233
v -0.805802 -0.074241 0.507537
v -0.805721 -0.074235 0.507574
v -0.805836 -0.074323 0.507526
v -0.805809 -0.074430 0.507545
v -0.805733 -0.074484 0.507583
v -0.805656 -0.074481 0.507619
v -0.805623 -0.074387 0.507629
v -0.805642 -0.074285 0.507614
v -0.805918 -0.074117 0.508525
v -0.805865 -0.074111 0.508561
v -0.805940 -0.074174 0.508513
v -0.805923 -0.074248 0.508529
v -0.805872 -0.074283 0.508565
v -0.805821 -0.074279 0.508600
v -0.805800 -0.074214 0.508610
v -0.805813 -0.074145 0.508597
v -0.825784 -0.081486 0.476153
v -0.825804 -0.081398 0.475979
v -0.826684 -0.081593 0.476141
v -0.826650 -0.081645 0.476253
v -0.825747 -0.081631 0.476198
v -0.826625 -0.081739 0.476282
v -0.825718 -0.081745 0.476131
v -0.826618 -0.081817 0.476240
v -0.825719 -0.081735 0.475951
v -0.826641 -0.081818 0.476125
v -0.825734 -0.081668 0.475796
v -0.826670 -0.081780 0.476026
v -0.825768 -0.081534 0.475759
v -0.826693 -0.081692 0.476001
v -0.824274 -0.080997 0.476065
v -0.824237 -0.081157 0.475986
v -0.825799 -0.081414 0.475815
v -0.824323 -0.080995 0.476249
v -0.824347 -0.081130 0.476439
v -0.824328 -0.081333 0.476475
v -0.824293 -0.081485 0.476383
v -0.824251 -0.081455 0.476176
v -0.824223 -0.081347 0.476009
v -0.822553 -0.080471 0.477057
v -0.822507 -0.080682 0.476926
v -0.822728 -0.080726 0.476842
v -0.822771 -0.080522 0.476965
v -0.822571 -0.080457 0.477315
v -0.822794 -0.080510 0.477212
v -0.822550 -0.080624 0.477547
v -0.822781 -0.080676 0.477439
v -0.826230 -0.080981 0.480773
v -0.826236 -0.080962 0.480782
v -0.826236 -0.080964 0.480762
v -0.826234 -0.080978 0.480753
v -0.826231 -0.081003 0.480777
v -0.826234 -0.080996 0.480762
v -0.822464 -0.081056 0.477196
v -0.822471 -0.081088 0.477462
v -0.822703 -0.081125 0.477355
v -0.822693 -0.081091 0.477102
v -0.822473 -0.080923 0.476974
v -0.822696 -0.080961 0.476887
v -0.821184 -0.080776 0.477218
v -0.821206 -0.080490 0.477158
v -0.819908 -0.080333 0.476865
v -0.819855 -0.080575 0.476934
v -0.821146 -0.080971 0.477490
v -0.819749 -0.080756 0.477144
v -0.821124 -0.080925 0.477822
v -0.819649 -0.080756 0.477464
v -0.821139 -0.080691 0.477976
v -0.819657 -0.080533 0.477648
v -0.821168 -0.080425 0.477922
v -0.819749 -0.080266 0.477603
v -0.821208 -0.080258 0.477660
v -0.819876 -0.080101 0.477376
v -0.821234 -0.080255 0.477363
v -0.819957 -0.080097 0.477067
v -0.818730 -0.079991 0.476001
v -0.818762 -0.080300 0.475822
v -0.818621 -0.079950 0.476279
v -0.818480 -0.080159 0.476558
v -0.818406 -0.080494 0.476623
v -0.818455 -0.080776 0.476466
v -0.818586 -0.080828 0.476180
v -0.818713 -0.080636 0.475922
v -0.817237 -0.080002 0.474417
v -0.817299 -0.080252 0.474280
v -0.817067 -0.079926 0.474650
v -0.816839 -0.080130 0.474897
v -0.816727 -0.080509 0.474957
v -0.816815 -0.080759 0.474786
v -0.817009 -0.080808 0.474527
v -0.817222 -0.080603 0.474301
v -0.827729 -0.081821 0.476080
v -0.827716 -0.081872 0.476076
v -0.827714 -0.081893 0.476150
v -0.827725 -0.081850 0.476137
v -0.827709 -0.081928 0.476074
v -0.827707 -0.081929 0.476130
v -0.827730 -0.081828 0.476029
v -0.827723 -0.081866 0.476012
v -0.827716 -0.081910 0.476027
v -0.826702 -0.081610 0.476036
v -0.822287 -0.080482 0.477106
v -0.822235 -0.080702 0.476964
v -0.822297 -0.080464 0.477395
v -0.822186 -0.080955 0.477021
v -0.822253 -0.080635 0.477654
v -0.822159 -0.081090 0.477267
v -0.822739 -0.080926 0.477475
v -0.826233 -0.080986 0.480805
v -0.826238 -0.080970 0.480804
v -0.822151 -0.081117 0.477561
v -0.826231 -0.081002 0.480796
v -0.822751 -0.080837 0.477578
v -0.822653 -0.080776 0.477704
v -0.822750 -0.080997 0.477512
v -0.822658 -0.081165 0.477533
v -0.822533 -0.081210 0.477638
v -0.822438 -0.081157 0.477759
v -0.822201 -0.080910 0.477708
v -0.822449 -0.080974 0.477836
v -0.822527 -0.080812 0.477817
v -0.823821 -0.080736 0.478293
v -0.823766 -0.080725 0.478433
v -0.823831 -0.080845 0.478225
v -0.823796 -0.080987 0.478259
v -0.823735 -0.081055 0.478383
v -0.823682 -0.081050 0.478517
v -0.823674 -0.080924 0.478584
v -0.823703 -0.080789 0.478562
v -0.824539 -0.080768 0.479084
v -0.824459 -0.080752 0.479189
v -0.824562 -0.080877 0.479034
v -0.824521 -0.081013 0.479058
v -0.824438 -0.081076 0.479150
v -0.824361 -0.081065 0.479250
v -0.824340 -0.080939 0.479300
v -0.824373 -0.080809 0.479285
v -0.825120 -0.080760 0.480021
v -0.825072 -0.080747 0.480121
v -0.825132 -0.080844 0.479974
v -0.825106 -0.080950 0.480000
v -0.825056 -0.080998 0.480090
v -0.825010 -0.080990 0.480186
v -0.825000 -0.080893 0.480233
v -0.825021 -0.080792 0.480215
v -0.825699 -0.080826 0.480588
v -0.825674 -0.080818 0.480663
v -0.825704 -0.080884 0.480554
v -0.825688 -0.080957 0.480573
v -0.825660 -0.080991 0.480640
v -0.825636 -0.080985 0.480712
v -0.825633 -0.080918 0.480747
v -0.825646 -0.080849 0.480734
v -0.822625 -0.086136 0.440561
v -0.822551 -0.086024 0.440453
v -0.823062 -0.086365 0.439512
v -0.823100 -0.086429 0.439606
v -0.822600 -0.086281 0.440605
v -0.823083 -0.086524 0.439637
v -0.822519 -0.086378 0.440583
v -0.823037 -0.086593 0.439611
v -0.822412 -0.086339 0.440482
v -0.822979 -0.086578 0.439518
v -0.822343 -0.086249 0.440388
v -0.822942 -0.086528 0.439434
v -0.822368 -0.086116 0.440349
v -0.822959 -0.086441 0.439407
v -0.821901 -0.085435 0.442332
v -0.821797 -0.085574 0.442305
v -0.822445 -0.086011 0.440364
v -0.822039 -0.085468 0.442377
v -0.822137 -0.085634 0.442434
v -0.822102 -0.085836 0.442442
v -0.821992 -0.085966 0.442407
v -0.821851 -0.085898 0.442347
v -0.821761 -0.085761 0.442304
v -0.821675 -0.084862 0.444921
v -0.821526 -0.085041 0.444866
v -0.821609 -0.085098 0.444590
v -0.821752 -0.084924 0.444640
v -0.821849 -0.084892 0.445045
v -0.821919 -0.084954 0.444753
v -0.821958 -0.085086 0.445173
v -0.822022 -0.085149 0.444863
v -0.825809 -0.086442 0.442579
v -0.825816 -0.086426 0.442579
v -0.825804 -0.086425 0.442569
v -0.825795 -0.086437 0.442565
v -0.825802 -0.086466 0.442577
v -0.825794 -0.086457 0.442567
v -0.821586 -0.085443 0.445000
v -0.821750 -0.085516 0.445124
v -0.821824 -0.085565 0.444825
v -0.821667 -0.085492 0.444712
v -0.821484 -0.085279 0.444892
v -0.821568 -0.085331 0.444612
v -0.820943 -0.085013 0.446512
v -0.820979 -0.084727 0.446500
v -0.820147 -0.084359 0.447864
v -0.820110 -0.084598 0.447925
v -0.821046 -0.085241 0.446674
v -0.820141 -0.084795 0.448135
v -0.821243 -0.085248 0.446892
v -0.820278 -0.084835 0.448431
v -0.821392 -0.085046 0.447000
v -0.820436 -0.084648 0.448562
v -0.821431 -0.084782 0.446982
v -0.820513 -0.084393 0.448474
v -0.821328 -0.084583 0.446816
v -0.820479 -0.084211 0.448227
v -0.821165 -0.084535 0.446620
v -0.820340 -0.084168 0.447960
v -0.819087 -0.083732 0.448801
v -0.818935 -0.084009 0.448611
v -0.819201 -0.083723 0.449092
v -0.819247 -0.083954 0.449380
v -0.819175 -0.084281 0.449447
v -0.819050 -0.084538 0.449254
v -0.818940 -0.084560 0.448931
v -0.818896 -0.084346 0.448669
v -0.817401 -0.083293 0.449648
v -0.817302 -0.083523 0.449453
v -0.817465 -0.083234 0.449993
v -0.817448 -0.083443 0.450368
v -0.817345 -0.083807 0.450469
v -0.817239 -0.084035 0.450224
v -0.817178 -0.084067 0.449839
v -0.817200 -0.083857 0.449495
v -0.823503 -0.086725 0.438230
v -0.823487 -0.086771 0.438243
v -0.823520 -0.086805 0.438277
v -0.823524 -0.086762 0.438259
v -0.823464 -0.086826 0.438235
v -0.823496 -0.086836 0.438268
v -0.823470 -0.086723 0.438200
v -0.823448 -0.086756 0.438194
v -0.823440 -0.086802 0.438200
v -0.823004 -0.086366 0.439429
v -0.821534 -0.084849 0.445227
v -0.821375 -0.085034 0.445174
v -0.821719 -0.084879 0.445381
v -0.821330 -0.085283 0.445220
v -0.821833 -0.085079 0.445548
v -0.821438 -0.085450 0.445363
v -0.821972 -0.085394 0.444895
v -0.825823 -0.086453 0.442591
v -0.825826 -0.086438 0.442588
v -0.821615 -0.085521 0.445529
v -0.825813 -0.086467 0.442587
v -0.822058 -0.085320 0.444915
v -0.822082 -0.085269 0.445097
v -0.821990 -0.085465 0.444861
v -0.821916 -0.085620 0.444950
v -0.821895 -0.085665 0.445136
v -0.821917 -0.085622 0.445311
v -0.821771 -0.085349 0.445583
v -0.822001 -0.085458 0.445364
v -0.822066 -0.085307 0.445291
v -0.823062 -0.085478 0.444075
v -0.823114 -0.085484 0.444214
v -0.823007 -0.085574 0.444013
v -0.822979 -0.085713 0.444051
v -0.823003 -0.085794 0.444177
v -0.823052 -0.085804 0.444308
v -0.823111 -0.085691 0.444371
v -0.823142 -0.085560 0.444345
v -0.823918 -0.085732 0.443676
v -0.823941 -0.085723 0.443827
v -0.823878 -0.085833 0.443606
v -0.823843 -0.085965 0.443647
v -0.823842 -0.086030 0.443784
v -0.823863 -0.086026 0.443928
v -0.823907 -0.085909 0.443997
v -0.823942 -0.085784 0.443970
v -0.824803 -0.085952 0.443513
v -0.824841 -0.085951 0.443623
v -0.824763 -0.086028 0.443462
v -0.824743 -0.086133 0.443491
v -0.824761 -0.086188 0.443590
v -0.824797 -0.086190 0.443696
v -0.824840 -0.086102 0.443746
v -0.824862 -0.086003 0.443726
v -0.825445 -0.086187 0.443130
v -0.825479 -0.086188 0.443201
v -0.825414 -0.086240 0.443097
v -0.825402 -0.086312 0.443116
v -0.825422 -0.086352 0.443180
v -0.825454 -0.086355 0.443247
v -0.825487 -0.086295 0.443280
v -0.825500 -0.086227 0.443268
v -0.830093 -0.083374 0.467242
v -0.830111 -0.083609 0.467089
v -0.828844 -0.083304 0.466448
v -0.828861 -0.083157 0.466565
v -0.830152 -0.083148 0.467199
v -0.828903 -0.083009 0.466540
v -0.830236 -0.083038 0.467042
v -0.828941 -0.082931 0.466429
v -0.830299 -0.083171 0.466829
v -0.828947 -0.083009 0.466268
v -0.830320 -0.083366 0.466687
v -0.828933 -0.083130 0.466158
v -0.830263 -0.083572 0.466730
v -0.828895 -0.083266 0.466184
v -0.832219 -0.083959 0.468740
v -0.832328 -0.083796 0.468533
v -0.830179 -0.083698 0.466878
v -0.832077 -0.083846 0.468931
v -0.831990 -0.083542 0.469029
v -0.832034 -0.083248 0.468910
v -0.832144 -0.083104 0.468690
v -0.832282 -0.083276 0.468495
v -0.832368 -0.083529 0.468408
v -0.834258 -0.083873 0.471715
v -0.834407 -0.083678 0.471408
v -0.834149 -0.083668 0.471149
v -0.834005 -0.083860 0.471442
v -0.834124 -0.083722 0.472039
v -0.833871 -0.083714 0.471745
v -0.834077 -0.083343 0.472223
v -0.833814 -0.083345 0.471902
v -0.827470 -0.081114 0.472900
v -0.827457 -0.081136 0.472914
v -0.827465 -0.081145 0.472890
v -0.827475 -0.081132 0.472870
v -0.827475 -0.081082 0.472878
v -0.827477 -0.081101 0.472862
v -0.834411 -0.083003 0.471451
v -0.834281 -0.082791 0.471748
v -0.834019 -0.082806 0.471456
v -0.834149 -0.083010 0.471179
v -0.834472 -0.083325 0.471286
v -0.834212 -0.083325 0.471026
v -0.836235 -0.083272 0.472676
v -0.836186 -0.083693 0.472830
v -0.838202 -0.083991 0.473650
v -0.838287 -0.083621 0.473572
v -0.836208 -0.082830 0.472876
v -0.838386 -0.083232 0.473764
v -0.836102 -0.082667 0.473343
v -0.838406 -0.083007 0.474243
v -0.835989 -0.082874 0.473724
v -0.838289 -0.083181 0.474657
v -0.835933 -0.083263 0.473861
v -0.838134 -0.083571 0.474752
v -0.835955 -0.083662 0.473644
v -0.838017 -0.083952 0.474505
v -0.836033 -0.083867 0.473259
v -0.838018 -0.084171 0.474060
v -0.840320 -0.084907 0.473807
v -0.840368 -0.084620 0.473288
v -0.840382 -0.084760 0.474286
v -0.840510 -0.084276 0.474581
v -0.840626 -0.083780 0.474441
v -0.840656 -0.083512 0.473952
v -0.840567 -0.083650 0.473433
v -0.840444 -0.084097 0.473165
v -0.843278 -0.085937 0.473079
v -0.843253 -0.085702 0.472632
v -0.843454 -0.085865 0.473589
v -0.843748 -0.085405 0.473926
v -0.843942 -0.084851 0.473770
v -0.843887 -0.084642 0.473258
v -0.843678 -0.084770 0.472715
v -0.843402 -0.085216 0.472421
v -0.827408 -0.083134 0.465351
v -0.827443 -0.083063 0.465325
v -0.827420 -0.082990 0.465387
v -0.827398 -0.083061 0.465391
v -0.827459 -0.082993 0.465268
v -0.827442 -0.082954 0.465336
v -0.827426 -0.083159 0.465283
v -0.827450 -0.083119 0.465236
v -0.827459 -0.083051 0.465214
v -0.828857 -0.083353 0.466291
v -0.834613 -0.083824 0.471923
v -0.834777 -0.083623 0.471603
v -0.834483 -0.083655 0.472292
v -0.834861 -0.083247 0.471497
v -0.834457 -0.083252 0.472523
v -0.834817 -0.082904 0.471707
v -0.833899 -0.082982 0.471773
v -0.827457 -0.081088 0.472923
v -0.827450 -0.081111 0.472928
v -0.834705 -0.082673 0.472065
v -0.827467 -0.081072 0.472901
v -0.833772 -0.083065 0.471940
v -0.833851 -0.083063 0.472201
v -0.833829 -0.082891 0.471737
v -0.833978 -0.082648 0.471689
v -0.834120 -0.082515 0.471861
v -0.834196 -0.082505 0.472108
v -0.834542 -0.082857 0.472377
v -0.834120 -0.082703 0.472335
v -0.833991 -0.082936 0.472391
v -0.831906 -0.082832 0.472016
v -0.831927 -0.082751 0.472230
v -0.831936 -0.082730 0.471841
v -0.831998 -0.082515 0.471791
v -0.832048 -0.082338 0.471925
v -0.832070 -0.082255 0.472126
v -0.832033 -0.082380 0.472313
v -0.831977 -0.082577 0.472377
v -0.830553 -0.082333 0.472387
v -0.830625 -0.082278 0.472590
v -0.830558 -0.082222 0.472219
v -0.830629 -0.082020 0.472168
v -0.830722 -0.081868 0.472293
v -0.830792 -0.081811 0.472483
v -0.830782 -0.081943 0.472663
v -0.830720 -0.082130 0.472726
v -0.829339 -0.081785 0.473068
v -0.829365 -0.081730 0.473236
v -0.829355 -0.081704 0.472933
v -0.829399 -0.081542 0.472897
v -0.829444 -0.081413 0.473004
v -0.829469 -0.081357 0.473162
v -0.829449 -0.081455 0.473306
v -0.829409 -0.081604 0.473352
v -0.828286 -0.081385 0.473232
v -0.828291 -0.081344 0.473349
v -0.828303 -0.081330 0.473139
v -0.828330 -0.081217 0.473114
v -0.828349 -0.081125 0.473189
v -0.828354 -0.081084 0.473298
v -0.828334 -0.081150 0.473397
v -0.828308 -0.081253 0.473429
v -0.822920 -0.078820 0.492080
v -0.822920 -0.078610 0.492278
v -0.821589 -0.078610 0.491728
v -0.821620 -0.078746 0.491609
v -0.822883 -0.079054 0.492105
v -0.821598 -0.078901 0.491626
v -0.822837 -0.079192 0.492272
v -0.821550 -0.078993 0.491729
v -0.822812 -0.079096 0.492528
v -0.821498 -0.078931 0.491884
v -0.822809 -0.078925 0.492709
v -0.821467 -0.078819 0.491992
v -0.822843 -0.078709 0.492680
v -0.821488 -0.078677 0.491973
v -0.825359 -0.078732 0.492687
v -0.825292 -0.078930 0.492900
v -0.822889 -0.078557 0.492524
v -0.825323 -0.078793 0.492396
v -0.825233 -0.079055 0.492176
v -0.825131 -0.079355 0.492232
v -0.825064 -0.079533 0.492458
v -0.825107 -0.079417 0.492765
v -0.825191 -0.079205 0.492967
v -0.828341 -0.079143 0.491794
v -0.828245 -0.079388 0.492112
v -0.827882 -0.079373 0.492171
v -0.827975 -0.079133 0.491869
v -0.828368 -0.079240 0.491402
v -0.827993 -0.079224 0.491493
v -0.828332 -0.079597 0.491159
v -0.827943 -0.079562 0.491249
v -0.823334 -0.079935 0.484860
v -0.823338 -0.079904 0.484833
v -0.823335 -0.079899 0.484862
v -0.823328 -0.079916 0.484884
v -0.823317 -0.079965 0.484865
v -0.823316 -0.079945 0.484880
v -0.828104 -0.080039 0.491924
v -0.828118 -0.080195 0.491543
v -0.827742 -0.080154 0.491627
v -0.827733 -0.080004 0.491991
v -0.828143 -0.079753 0.492179
v -0.827780 -0.079727 0.492238
v -0.830150 -0.080156 0.492354
v -0.830298 -0.079728 0.492288
v -0.832257 -0.079930 0.493272
v -0.832183 -0.080316 0.493318
v -0.830120 -0.080565 0.492070
v -0.832254 -0.080708 0.493153
v -0.830237 -0.080668 0.491572
v -0.832455 -0.080905 0.492732
v -0.830397 -0.080415 0.491223
v -0.832625 -0.080682 0.492347
v -0.830523 -0.080016 0.491155
v -0.832662 -0.080255 0.492234
v -0.830532 -0.079646 0.491436
v -0.832547 -0.079866 0.492421
v -0.830446 -0.079491 0.491857
v -0.832378 -0.079680 0.492833
v -0.834088 -0.079564 0.494951
v -0.833799 -0.079886 0.495350
v -0.834334 -0.079690 0.494577
v -0.834461 -0.080176 0.494343
v -0.834363 -0.080699 0.494452
v -0.834068 -0.080987 0.494798
v -0.833781 -0.080861 0.495178
v -0.833668 -0.080416 0.495397
v -0.836103 -0.079557 0.498051
v -0.835797 -0.079804 0.498343
v -0.836475 -0.079645 0.497758
v -0.836743 -0.080152 0.497614
v -0.836664 -0.080752 0.497771
v -0.836308 -0.080970 0.498099
v -0.835912 -0.080820 0.498405
v -0.835675 -0.080329 0.498526
v -0.819981 -0.078454 0.491426
v -0.819966 -0.078539 0.491469
v -0.819968 -0.078592 0.491369
v -0.819978 -0.078514 0.491359
v -0.819939 -0.078608 0.491499
v -0.819949 -0.078635 0.491419
v -0.819969 -0.078440 0.491502
v -0.819951 -0.078489 0.491549
v -0.819933 -0.078553 0.491550
v -0.821535 -0.078576 0.491879
v -0.828726 -0.079244 0.491838
v -0.828632 -0.079502 0.492180
v -0.828773 -0.079354 0.491403
v -0.828545 -0.079894 0.492247
v -0.828768 -0.079737 0.491133
v -0.828534 -0.080204 0.491967
v -0.827843 -0.079947 0.491344
v -0.823328 -0.079950 0.484814
v -0.823332 -0.079923 0.484804
v -0.828581 -0.080385 0.491555
v -0.823319 -0.079970 0.484836
v -0.827914 -0.079818 0.491119
v -0.828117 -0.079813 0.490944
v -0.827799 -0.080020 0.491301
v -0.827822 -0.080296 0.491398
v -0.827988 -0.080443 0.491321
v -0.828181 -0.080446 0.491156
v -0.828670 -0.080142 0.491209
v -0.828297 -0.080214 0.490943
v -0.828291 -0.079952 0.490852
v -0.826560 -0.079521 0.489497
v -0.826668 -0.079586 0.489310
v -0.826463 -0.079643 0.489649
v -0.826425 -0.079870 0.489689
v -0.826485 -0.080043 0.489571
v -0.826585 -0.080111 0.489395
v -0.826689 -0.079964 0.489234
v -0.826734 -0.079755 0.489183
v -0.825642 -0.079617 0.488010
v -0.825782 -0.079676 0.487887
v -0.825531 -0.079737 0.488129
v -0.825504 -0.079957 0.488183
v -0.825593 -0.080120 0.488119
v -0.825724 -0.080182 0.488004
v -0.825842 -0.080038 0.487876
v -0.825879 -0.079836 0.487817
v -0.824949 -0.079781 0.486368
v -0.825035 -0.079830 0.486237
v -0.824872 -0.079872 0.486473
v -0.824844 -0.080043 0.486501
v -0.824893 -0.080173 0.486419
v -0.824974 -0.080224 0.486296
v -0.825056 -0.080114 0.486184
v -0.825089 -0.079957 0.486148
v -0.824158 -0.079874 0.485302
v -0.824206 -0.079907 0.485200
v -0.824109 -0.079937 0.485379
v -0.824087 -0.080055 0.485395
v -0.824112 -0.080144 0.485328
v -0.824157 -0.080179 0.485232
v -0.824208 -0.080102 0.485148
v -0.824233 -0.079994 0.485126
v -0.814922 -0.076407 0.503873
v -0.815041 -0.076669 0.503815
v -0.814371 -0.076660 0.502004
v -0.814308 -0.076490 0.502084
v -0.814982 -0.076145 0.503829
v -0.814349 -0.076317 0.502060
v -0.815138 -0.076011 0.503735
v -0.814442 -0.076226 0.501975
v -0.815323 -0.076154 0.503635
v -0.814545 -0.076318 0.501859
v -0.815436 -0.076370 0.503580
v -0.814604 -0.076459 0.501781
v -0.815376 -0.076610 0.503621
v -0.814564 -0.076617 0.501806
v -0.815811 -0.076484 0.507260
v -0.816014 -0.076288 0.507129
v -0.815226 -0.076762 0.503712
v -0.815573 -0.076379 0.507279
v -0.815425 -0.076055 0.507217
v -0.815512 -0.075725 0.507078
v -0.815723 -0.075554 0.506938
v -0.815965 -0.075725 0.506922
v -0.816105 -0.075989 0.506986
v -0.815618 -0.075785 0.511686
v -0.815915 -0.075553 0.511488
v -0.815917 -0.075600 0.511006
v -0.815634 -0.075831 0.511190
v -0.815308 -0.075622 0.511830
v -0.815337 -0.075679 0.511311
v -0.815152 -0.075182 0.511882
v -0.815176 -0.075258 0.511334
v -0.809001 -0.073592 0.507290
v -0.808969 -0.073597 0.507340
v -0.809053 -0.073776 0.507030
v -0.809087 -0.073799 0.506948
v -0.809030 -0.073609 0.507177
v -0.809096 -0.073784 0.506902
v -0.815849 -0.074790 0.511378
v -0.815544 -0.074546 0.511522
v -0.815565 -0.074634 0.510998
v -0.815858 -0.074864 0.510876
v -0.816022 -0.075150 0.511350
v -0.816023 -0.075210 0.510867
v -0.816540 -0.074619 0.514146
v -0.816432 -0.075096 0.514334
v -0.817579 -0.074906 0.516925
v -0.817666 -0.074471 0.516865
v -0.816356 -0.074110 0.514229
v -0.817586 -0.073969 0.517113
v -0.815958 -0.073893 0.514586
v -0.817248 -0.073547 0.517793
v -0.815641 -0.074099 0.514930
v -0.816908 -0.073720 0.518142
v -0.815543 -0.074540 0.515083
v -0.816760 -0.074215 0.518117
v -0.815727 -0.075027 0.514936
v -0.816880 -0.074824 0.517589
v -0.816049 -0.075295 0.514641
v -0.817185 -0.075124 0.517176
v -0.819243 -0.075374 0.519222
v -0.819590 -0.075063 0.518759
v -0.818975 -0.075167 0.519676
v -0.818860 -0.074547 0.520007
v -0.819010 -0.073934 0.519953
v -0.819306 -0.073655 0.519492
v -0.819578 -0.073883 0.518937
v -0.819690 -0.074456 0.518629
v -0.822159 -0.075767 0.521523
v -0.822403 -0.075523 0.521082
v -0.821973 -0.075621 0.522106
v -0.821963 -0.075011 0.522576
v -0.822174 -0.074334 0.522530
v -0.822435 -0.074123 0.522023
v -0.822619 -0.074345 0.521390
v -0.822618 -0.074938 0.520958
v -0.813796 -0.076865 0.499666
v -0.813848 -0.076775 0.499653
v -0.813777 -0.076702 0.499671
v -0.813753 -0.076788 0.499675
v -0.813879 -0.076700 0.499601
v -0.813822 -0.076659 0.499635
v -0.813851 -0.076891 0.499629
v -0.813896 -0.076842 0.499597
v -0.813906 -0.076769 0.499569
v -0.814476 -0.076719 0.501889
v -0.815724 -0.075645 0.512201
v -0.816044 -0.075406 0.511993
v -0.815383 -0.075451 0.512400
v -0.816157 -0.074973 0.511881
v -0.815214 -0.074974 0.512512
v -0.815972 -0.074578 0.511965
v -0.815310 -0.074834 0.511211
v -0.808950 -0.073514 0.507386
v -0.808937 -0.073536 0.507401
v -0.815651 -0.074299 0.512179
v -0.808982 -0.073529 0.507309
v -0.815067 -0.074922 0.511359
v -0.814948 -0.074892 0.511671
v -0.815238 -0.074716 0.511189
v -0.815371 -0.074407 0.511231
v -0.815355 -0.074216 0.511489
v -0.815243 -0.074179 0.511784
v -0.815328 -0.074516 0.512384
v -0.815042 -0.074412 0.511966
v -0.814920 -0.074705 0.511950
v -0.813440 -0.075075 0.509799
v -0.813312 -0.074969 0.509997
v -0.813572 -0.074953 0.509655
v -0.813637 -0.074686 0.509637
v -0.813575 -0.074455 0.509786
v -0.813454 -0.074345 0.509976
v -0.813313 -0.074496 0.510127
v -0.813245 -0.074744 0.510153
v -0.812060 -0.074751 0.508946
v -0.811985 -0.074648 0.509206
v -0.812161 -0.074630 0.508781
v -0.812234 -0.074365 0.508788
v -0.812210 -0.074124 0.509024
v -0.812134 -0.073998 0.509305
v -0.812022 -0.074145 0.509482
v -0.811957 -0.074408 0.509454
v -0.810593 -0.074270 0.508571
v -0.810492 -0.074146 0.508817
v -0.810686 -0.074186 0.508436
v -0.810727 -0.073971 0.508447
v -0.810673 -0.073757 0.508645
v -0.810539 -0.073527 0.509071
v -0.810433 -0.073609 0.509252
v -0.810395 -0.073824 0.509221
v -0.809538 -0.073838 0.508098
v -0.809442 -0.073708 0.508332
v -0.809613 -0.073801 0.507973
v -0.809633 -0.073642 0.507997
v -0.809579 -0.073473 0.508159
v -0.809493 -0.073359 0.508359
v -0.809407 -0.073393 0.508517
v -0.809377 -0.073524 0.508528
v -0.823744 -0.088026 0.430357
v -0.823685 -0.088216 0.430205
v -0.822594 -0.087814 0.430473
v -0.822659 -0.087699 0.430569
v -0.823793 -0.087841 0.430317
v -0.822694 -0.087578 0.430544
v -0.823811 -0.087749 0.430164
v -0.822691 -0.087512 0.430447
v -0.823773 -0.087855 0.429953
v -0.822635 -0.087570 0.430313
v -0.823723 -0.088012 0.429812
v -0.822578 -0.087663 0.430223
v -0.823678 -0.088181 0.429853
v -0.822547 -0.087774 0.430250
v -0.825698 -0.088787 0.430228
v -0.825723 -0.088651 0.430030
v -0.823656 -0.088286 0.429998
v -0.825670 -0.088690 0.430461
v -0.825669 -0.088434 0.430615
v -0.825689 -0.088186 0.430533
v -0.825709 -0.088064 0.430323
v -0.825727 -0.088210 0.430083
v -0.825735 -0.088425 0.429942
v -0.828175 -0.089058 0.431330
v -0.828199 -0.088890 0.431040
v -0.827904 -0.088849 0.430998
v -0.827882 -0.089012 0.431276
v -0.828198 -0.088938 0.431659
v -0.827897 -0.088895 0.431589
v -0.828250 -0.088630 0.431855
v -0.827938 -0.088592 0.431770
v -0.823974 -0.086176 0.436254
v -0.823971 -0.086193 0.436272
v -0.823968 -0.086200 0.436248
v -0.823969 -0.086189 0.436229
v -0.823976 -0.086147 0.436241
v -0.823972 -0.086163 0.436227
v -0.828282 -0.088326 0.431140
v -0.828307 -0.088154 0.431447
v -0.827994 -0.088135 0.431378
v -0.827975 -0.088303 0.431087
v -0.828240 -0.088592 0.430951
v -0.827940 -0.088562 0.430906
v -0.829966 -0.088815 0.430989
v -0.829941 -0.089172 0.431085
v -0.831594 -0.089683 0.430523
v -0.831662 -0.089368 0.430455
v -0.830053 -0.088454 0.431198
v -0.831830 -0.089059 0.430581
v -0.830147 -0.088336 0.431621
v -0.832023 -0.088906 0.430946
v -0.830170 -0.088523 0.431944
v -0.832063 -0.089077 0.431298
v -0.830139 -0.088852 0.432037
v -0.831950 -0.089400 0.431416
v -0.830048 -0.089174 0.431822
v -0.831749 -0.089691 0.431263
v -0.829958 -0.089330 0.431471
v -0.831584 -0.089846 0.430911
v -0.833010 -0.090600 0.429391
v -0.832911 -0.090319 0.429004
v -0.833211 -0.090520 0.429728
v -0.833441 -0.090144 0.429913
v -0.833531 -0.089723 0.429781
v -0.833416 -0.089461 0.429438
v -0.833184 -0.089530 0.429091
v -0.832976 -0.089875 0.428918
v -0.834664 -0.091579 0.427154
v -0.834534 -0.091344 0.426856
v -0.834944 -0.091571 0.427445
v -0.835288 -0.091230 0.427577
v -0.835424 -0.090764 0.427405
v -0.835252 -0.090543 0.427072
v -0.834934 -0.090594 0.426769
v -0.834617 -0.090927 0.426660
v -0.821240 -0.087483 0.430474
v -0.821256 -0.087428 0.430443
v -0.821272 -0.087366 0.430511
v -0.821256 -0.087422 0.430518
v -0.821261 -0.087366 0.430399
v -0.821275 -0.087335 0.430465
v -0.821228 -0.087502 0.430409
v -0.821232 -0.087468 0.430366
v -0.821241 -0.087411 0.430351
v -0.822547 -0.087849 0.430342
v -0.828523 -0.089060 0.431287
v -0.828552 -0.088888 0.430979
v -0.828566 -0.088928 0.431650
v -0.828612 -0.088575 0.430893
v -0.828651 -0.088605 0.431872
v -0.828682 -0.088295 0.431108
v -0.827984 -0.088292 0.431663
v -0.823978 -0.086153 0.436284
v -0.823975 -0.086171 0.436291
v -0.828737 -0.088114 0.431453
v -0.823979 -0.086139 0.436264
v -0.827959 -0.088353 0.431829
v -0.828114 -0.088368 0.431980
v -0.827939 -0.088204 0.431664
v -0.828053 -0.088013 0.431570
v -0.828233 -0.087922 0.431634
v -0.828382 -0.087930 0.431776
v -0.828709 -0.088270 0.431756
v -0.828391 -0.088100 0.431966
v -0.828295 -0.088286 0.432056
v -0.826691 -0.087983 0.432943
v -0.826790 -0.087927 0.433100
v -0.826659 -0.087893 0.432806
v -0.826704 -0.087718 0.432758
v -0.826804 -0.087581 0.432849
v -0.826898 -0.087523 0.432996
v -0.826928 -0.087632 0.433143
v -0.826893 -0.087794 0.433201
v -0.825895 -0.087459 0.434021
v -0.826020 -0.087430 0.434139
v -0.825850 -0.087359 0.433904
v -0.825900 -0.087195 0.433848
v -0.826022 -0.087084 0.433905
v -0.826141 -0.087052 0.434014
v -0.826184 -0.087171 0.434141
v -0.826145 -0.087324 0.434203
v -0.825302 -0.086923 0.435265
v -0.825381 -0.086889 0.435382
v -0.825274 -0.086850 0.435164
v -0.825307 -0.086718 0.435129
v -0.825386 -0.086621 0.435199
v -0.825462 -0.086585 0.435309
v -0.825487 -0.086672 0.435417
v -0.825462 -0.086794 0.435458
v -0.824641 -0.086497 0.436019
v -0.824686 -0.086470 0.436108
v -0.824626 -0.086448 0.435945
v -0.824647 -0.086356 0.435924
v -0.824692 -0.086286 0.435979
v -0.824736 -0.086257 0.436063
v -0.824750 -0.086315 0.436141
v -0.824734 -0.086400 0.436168
v -0.830063 -0.085381 0.454157
v -0.830192 -0.085221 0.454306
v -0.829064 -0.084985 0.455117
v -0.829005 -0.085094 0.454999
v -0.830018 -0.085588 0.454175
v -0.828977 -0.085230 0.455008
v -0.830055 -0.085728 0.454297
v -0.828985 -0.085319 0.455100
v -0.830181 -0.085673 0.454488
v -0.829039 -0.085278 0.455250
v -0.830295 -0.085545 0.454624
v -0.829091 -0.085189 0.455359
v -0.830333 -0.085353 0.454605
v -0.829115 -0.085063 0.455347
v -0.831945 -0.085736 0.452383
v -0.831984 -0.085932 0.452544
v -0.830305 -0.085202 0.454491
v -0.831764 -0.085745 0.452232
v -0.831554 -0.085937 0.452146
v -0.831477 -0.086199 0.452232
v -0.831527 -0.086379 0.452403
v -0.831728 -0.086323 0.452563
v -0.831914 -0.086173 0.452640
v -0.833385 -0.086389 0.449169
v -0.833452 -0.086639 0.449417
v -0.833214 -0.086591 0.449750
v -0.833152 -0.086348 0.449516
v -0.833181 -0.086428 0.448896
v -0.832952 -0.086382 0.449261
v -0.832960 -0.086716 0.448741
v -0.832735 -0.086648 0.449122
v -0.826552 -0.085520 0.449290
v -0.826552 -0.085488 0.449273
v -0.826565 -0.085487 0.449294
v -0.826569 -0.085504 0.449311
v -0.826545 -0.085543 0.449301
v -0.826558 -0.085526 0.449314
v -0.833165 -0.087178 0.449350
v -0.832948 -0.087271 0.449097
v -0.832723 -0.087200 0.449460
v -0.832933 -0.087111 0.449694
v -0.833365 -0.086962 0.449503
v -0.833131 -0.086903 0.449837
v -0.834723 -0.087613 0.447803
v -0.834850 -0.087239 0.447686
v -0.836523 -0.087847 0.446530
v -0.836435 -0.088190 0.446573
v -0.834495 -0.087936 0.447605
v -0.836322 -0.088534 0.446359
v -0.834289 -0.087978 0.447182
v -0.836190 -0.088684 0.445896
v -0.834246 -0.087727 0.446857
v -0.836130 -0.088456 0.445537
v -0.834356 -0.087375 0.446753
v -0.836169 -0.088059 0.445490
v -0.834575 -0.087080 0.446966
v -0.836267 -0.087716 0.445757
v -0.834762 -0.086987 0.447319
v -0.836411 -0.087578 0.446184
v -0.838573 -0.087977 0.445981
v -0.838544 -0.088297 0.446444
v -0.838505 -0.088064 0.445521
v -0.838369 -0.088487 0.445211
v -0.838267 -0.088969 0.445307
v -0.838213 -0.089250 0.445745
v -0.838260 -0.089161 0.446245
v -0.838389 -0.088774 0.446529
v -0.841332 -0.088506 0.446084
v -0.841264 -0.088742 0.446499
v -0.841381 -0.088579 0.445576
v -0.841378 -0.089044 0.445202
v -0.841314 -0.089602 0.445301
v -0.841241 -0.089813 0.445783
v -0.841194 -0.089683 0.446328
v -0.841201 -0.089233 0.446660
v -0.827923 -0.084606 0.456366
v -0.827915 -0.084687 0.456389
v -0.827867 -0.084719 0.456324
v -0.827884 -0.084649 0.456322
v -0.827911 -0.084746 0.456426
v -0.827874 -0.084761 0.456365
v -0.827956 -0.084601 0.456426
v -0.827960 -0.084648 0.456463
v -0.827946 -0.084702 0.456473
v -0.829111 -0.084968 0.455261
v -0.833676 -0.086531 0.448859
v -0.833752 -0.086796 0.449118
v -0.833464 -0.086576 0.448539
v -0.833670 -0.087146 0.449187
v -0.833244 -0.086888 0.448336
v -0.833468 -0.087385 0.448990
v -0.832657 -0.086993 0.449217
v -0.826529 -0.085525 0.449263
v -0.826535 -0.085499 0.449256
v -0.833247 -0.087500 0.448683
v -0.826532 -0.085545 0.449281
v -0.832616 -0.086858 0.449077
v -0.832674 -0.086853 0.448799
v -0.832595 -0.087050 0.449259
v -0.832620 -0.087314 0.449263
v -0.832676 -0.087456 0.449056
v -0.832730 -0.087459 0.448792
v -0.833169 -0.087246 0.448426
v -0.832741 -0.087235 0.448592
v -0.832729 -0.086987 0.448575
v -0.830992 -0.086174 0.449337
v -0.830963 -0.086220 0.449121
v -0.830982 -0.086292 0.449498
v -0.830942 -0.086497 0.449525
v -0.830899 -0.086643 0.449377
v -0.830871 -0.086691 0.449174
v -0.830885 -0.086551 0.449004
v -0.830920 -0.086362 0.448962
v -0.829638 -0.085930 0.449238
v -0.829658 -0.085985 0.449030
v -0.829607 -0.086039 0.449393
v -0.829581 -0.086239 0.449420
v -0.829582 -0.086390 0.449279
v -0.829600 -0.086448 0.449083
v -0.829634 -0.086317 0.448920
v -0.829660 -0.086132 0.448879
v -0.828344 -0.085763 0.448819
v -0.828327 -0.085800 0.448654
v -0.828333 -0.085849 0.448940
v -0.828302 -0.086001 0.448960
v -0.828272 -0.086112 0.448848
v -0.828255 -0.086151 0.448692
v -0.828268 -0.086048 0.448564
v -0.828296 -0.085908 0.448533
v -0.827300 -0.085618 0.448840
v -0.827275 -0.085640 0.448729
v -0.827299 -0.085678 0.448923
v -0.827274 -0.085782 0.448937
v -0.827242 -0.085856 0.448861
v -0.827218 -0.085880 0.448755
v -0.827221 -0.085808 0.448668
v -0.827242 -0.085711 0.448646
v -0.786139 -0.070064 0.516980
v -0.786211 -0.070337 0.517264
v -0.787902 -0.070643 0.515136
v -0.787815 -0.070457 0.514995
v -0.786196 -0.069712 0.516927
v -0.787848 -0.070224 0.514964
v -0.786315 -0.069476 0.517061
v -0.787949 -0.070072 0.515025
v -0.786440 -0.069571 0.517369
v -0.788080 -0.070141 0.515172
v -0.786511 -0.069791 0.517621
v -0.788166 -0.070291 0.515294
v -0.786456 -0.070115 0.517663
v -0.788133 -0.070504 0.515320
v -0.782812 -0.069724 0.520403
v -0.782976 -0.069390 0.520559
v -0.786341 -0.070369 0.517548
v -0.782768 -0.069703 0.519988
v -0.782824 -0.069370 0.519563
v -0.782987 -0.068920 0.519468
v -0.783156 -0.068610 0.519647
v -0.783194 -0.068713 0.520099
v -0.783142 -0.068977 0.520480
v -0.778161 -0.068855 0.522538
v -0.778402 -0.068424 0.522785
v -0.778904 -0.068519 0.522430
v -0.778674 -0.068938 0.522199
v -0.777991 -0.068803 0.522047
v -0.778523 -0.068890 0.521721
v -0.777953 -0.068339 0.521600
v -0.778516 -0.068449 0.521275
v -0.783182 -0.069859 0.507986
v -0.783171 -0.069908 0.507968
v -0.783186 -0.069910 0.508003
v -0.783202 -0.069881 0.508020
v -0.783207 -0.069814 0.507975
v -0.783216 -0.069840 0.508000
v -0.778540 -0.067509 0.522259
v -0.778403 -0.067359 0.521747
v -0.778935 -0.067488 0.521425
v -0.779055 -0.067633 0.521918
v -0.778568 -0.067873 0.522683
v -0.779071 -0.067985 0.522334
v -0.775623 -0.066887 0.525024
v -0.775391 -0.067525 0.525190
v -0.772673 -0.066649 0.528483
v -0.772785 -0.066071 0.528381
v -0.775564 -0.066349 0.524548
v -0.772605 -0.065514 0.528164
v -0.775223 -0.066305 0.524023
v -0.772149 -0.065297 0.527804
v -0.774877 -0.066751 0.523807
v -0.771775 -0.065706 0.527543
v -0.774676 -0.067350 0.523943
v -0.771703 -0.066371 0.527530
v -0.774765 -0.067829 0.524388
v -0.771957 -0.066922 0.527732
v -0.775033 -0.067966 0.524860
v -0.772357 -0.067120 0.528112
v -0.770381 -0.066315 0.532596
v -0.770951 -0.065776 0.532727
v -0.769880 -0.066189 0.532346
v -0.769598 -0.065510 0.532069
v -0.769773 -0.064719 0.531988
v -0.770331 -0.064244 0.532061
v -0.770900 -0.064374 0.532275
v -0.771156 -0.064996 0.532534
v -0.768266 -0.065222 0.538575
v -0.768815 -0.064828 0.538587
v -0.767604 -0.065109 0.538550
v -0.767126 -0.064351 0.538520
v -0.767269 -0.063431 0.538513
v -0.767904 -0.063077 0.538536
v -0.768613 -0.063283 0.538564
v -0.769037 -0.064019 0.538585
v -0.790084 -0.071147 0.513033
v -0.790107 -0.071019 0.513052
v -0.790080 -0.070952 0.512921
v -0.790070 -0.071065 0.512936
v -0.790166 -0.070906 0.513050
v -0.790124 -0.070879 0.512956
v -0.790130 -0.071156 0.513117
v -0.790170 -0.071076 0.513148
v -0.790201 -0.070977 0.513121
v -0.788033 -0.070670 0.515271
v -0.777642 -0.068607 0.523018
v -0.777885 -0.068151 0.523291
v -0.777427 -0.068544 0.522497
v -0.778026 -0.067558 0.523199
v -0.777331 -0.068043 0.522045
v -0.777943 -0.067162 0.522768
v -0.778677 -0.067868 0.521202
v -0.783176 -0.069845 0.507925
v -0.783169 -0.069886 0.507925
v -0.777737 -0.066987 0.522243
v -0.783194 -0.069811 0.507939
v -0.778566 -0.068078 0.521004
v -0.778229 -0.068087 0.521020
v -0.778776 -0.067755 0.521057
v -0.778764 -0.067313 0.521151
v -0.778502 -0.067077 0.521217
v -0.778182 -0.067073 0.521230
v -0.777508 -0.067420 0.521956
v -0.777959 -0.067449 0.521143
v -0.777948 -0.067867 0.521074
v -0.780082 -0.069069 0.517540
v -0.779870 -0.068998 0.517414
v -0.780262 -0.068868 0.517595
v -0.780322 -0.068524 0.517558
v -0.780193 -0.068282 0.517445
v -0.779995 -0.068204 0.517325
v -0.779802 -0.068444 0.517270
v -0.779730 -0.068763 0.517296
v -0.780941 -0.069383 0.514625
v -0.780697 -0.069308 0.514610
v -0.781136 -0.069189 0.514629
v -0.781187 -0.068851 0.514620
v -0.781029 -0.068611 0.514604
v -0.780800 -0.068529 0.514589
v -0.780593 -0.068760 0.514586
v -0.780528 -0.069073 0.514593
v -0.781389 -0.069601 0.511734
v -0.781219 -0.069550 0.511653
v -0.781532 -0.069447 0.511765
v -0.781577 -0.069187 0.511734
v -0.781472 -0.069007 0.511657
v -0.781313 -0.068951 0.511579
v -0.781160 -0.069134 0.511550
v -0.781106 -0.069375 0.511573
v -0.782161 -0.069783 0.509481
v -0.782056 -0.069752 0.509399
v -0.782255 -0.069675 0.509513
v -0.782289 -0.069497 0.509485
v -0.782226 -0.069376 0.509409
v -0.782127 -0.069342 0.509330
v -0.782028 -0.069471 0.509297
v -0.781989 -0.069637 0.509318
v -0.801489 -0.072293 0.514170
v -0.801641 -0.072587 0.514292
v -0.802146 -0.072842 0.511748
v -0.802033 -0.072643 0.511726
v -0.801546 -0.071964 0.514123
v -0.802073 -0.072422 0.511700
v -0.801722 -0.071771 0.514151
v -0.802198 -0.072295 0.511685
v -0.801947 -0.071905 0.514266
v -0.802360 -0.072389 0.511691
v -0.802092 -0.072144 0.514373
v -0.802466 -0.072553 0.511706
v -0.802036 -0.072446 0.514412
v -0.802427 -0.072755 0.511729
v -0.800138 -0.071999 0.518552
v -0.800371 -0.071721 0.518571
v -0.801865 -0.072662 0.514393
v -0.799928 -0.071928 0.518313
v -0.799827 -0.071576 0.518026
v -0.799963 -0.071162 0.517890
v -0.800207 -0.070911 0.517917
v -0.800420 -0.071061 0.518180
v -0.800514 -0.071344 0.518443
v -0.797139 -0.070978 0.522793
v -0.797480 -0.070638 0.522824
v -0.797770 -0.070733 0.522313
v -0.797441 -0.071070 0.522287
v -0.796802 -0.070854 0.522598
v -0.797124 -0.070954 0.522086
v -0.796639 -0.070370 0.522381
v -0.796977 -0.070495 0.521842
v -0.795439 -0.070836 0.510378
v -0.795417 -0.070878 0.510370
v -0.795443 -0.070885 0.510382
v -0.795466 -0.070862 0.510384
v -0.795459 -0.070796 0.510357
v -0.795473 -0.070823 0.510365
v -0.797460 -0.069749 0.522461
v -0.797151 -0.069536 0.522238
v -0.797469 -0.069672 0.521722
v -0.797762 -0.069873 0.521947
v -0.797626 -0.070136 0.522689
v -0.797919 -0.070246 0.522180
v -0.796274 -0.069213 0.525998
v -0.796092 -0.069794 0.526209
v -0.795351 -0.069143 0.529906
v -0.795456 -0.068613 0.529808
v -0.796075 -0.068655 0.525765
v -0.795270 -0.068058 0.529802
v -0.795576 -0.068514 0.525634
v -0.794763 -0.067769 0.529847
v -0.795157 -0.068860 0.525678
v -0.794306 -0.068073 0.529879
v -0.794991 -0.069405 0.525849
v -0.794176 -0.068671 0.529877
v -0.795206 -0.069909 0.526050
v -0.794416 -0.069227 0.529828
v -0.795614 -0.070121 0.526184
v -0.794887 -0.069495 0.529827
v -0.795282 -0.069147 0.533861
v -0.795857 -0.068724 0.533654
v -0.794778 -0.068952 0.533990
v -0.794495 -0.068269 0.534008
v -0.794680 -0.067551 0.533897
v -0.795212 -0.067179 0.533651
v -0.795756 -0.067379 0.533460
v -0.796017 -0.068005 0.533453
v -0.796270 -0.068689 0.539057
v -0.796767 -0.068378 0.538786
v -0.795730 -0.068522 0.539416
v -0.795408 -0.067782 0.539712
v -0.795619 -0.066952 0.539681
v -0.796183 -0.066687 0.539358
v -0.796753 -0.066943 0.538970
v -0.797032 -0.067657 0.538708
v -0.803048 -0.073345 0.508830
v -0.803089 -0.073229 0.508838
v -0.803019 -0.073150 0.508773
v -0.803004 -0.073257 0.508780
v -0.803147 -0.073129 0.508806
v -0.803076 -0.073089 0.508773
v -0.803119 -0.073367 0.508855
v -0.803173 -0.073299 0.508856
v -0.803196 -0.073206 0.508825
v -0.802307 -0.072895 0.511750
v -0.796921 -0.070753 0.523411
v -0.797279 -0.070393 0.523459
v -0.796534 -0.070608 0.523224
v -0.797412 -0.069853 0.523349
v -0.796323 -0.070084 0.523042
v -0.797202 -0.069429 0.523153
v -0.797138 -0.069970 0.521734
v -0.795410 -0.070816 0.510345
v -0.795400 -0.070853 0.510345
v -0.796836 -0.069182 0.522969
v -0.795434 -0.070788 0.510344
v -0.796939 -0.070126 0.521661
v -0.796658 -0.070099 0.521870
v -0.797171 -0.069859 0.521587
v -0.797240 -0.069463 0.521678
v -0.797065 -0.069226 0.521887
v -0.796799 -0.069188 0.522084
v -0.796486 -0.069520 0.522908
v -0.796539 -0.069499 0.522143
v -0.796464 -0.069872 0.522085
v -0.796693 -0.070794 0.518498
v -0.796466 -0.070692 0.518554
v -0.796890 -0.070632 0.518433
v -0.796957 -0.070317 0.518393
v -0.796822 -0.070069 0.518416
v -0.796608 -0.069965 0.518467
v -0.796394 -0.070159 0.518532
v -0.796316 -0.070448 0.518574
v -0.796210 -0.070844 0.516108
v -0.796004 -0.070748 0.516261
v -0.796393 -0.070686 0.515997
v -0.796463 -0.070381 0.515982
v -0.796346 -0.070142 0.516091
v -0.796153 -0.070042 0.516236
v -0.795955 -0.070233 0.516353
v -0.795876 -0.070513 0.516377
v -0.795419 -0.070779 0.513995
v -0.795249 -0.070704 0.514062
v -0.795565 -0.070657 0.513930
v -0.795613 -0.070420 0.513900
v -0.795511 -0.070235 0.513934
v -0.795350 -0.070159 0.513996
v -0.795196 -0.070305 0.514066
v -0.795139 -0.070522 0.514100
v -0.795167 -0.070796 0.512042
v -0.795048 -0.070748 0.512064
v -0.795267 -0.070710 0.512007
v -0.795300 -0.070547 0.511979
v -0.795228 -0.070423 0.511982
v -0.795117 -0.070373 0.512002
v -0.795009 -0.070477 0.512039
v -0.794970 -0.070626 0.512067
v -0.790537 -0.071660 0.509740
v -0.790439 -0.071770 0.509681
v -0.789960 -0.071492 0.510674
v -0.790036 -0.071427 0.510691
v -0.790575 -0.071518 0.509715
v -0.790063 -0.071335 0.510672
v -0.790554 -0.071424 0.509643
v -0.790043 -0.071268 0.510638
v -0.790462 -0.071463 0.509554
v -0.789969 -0.071285 0.510607
v -0.790377 -0.071551 0.509498
v -0.789902 -0.071336 0.510591
v -0.790342 -0.071682 0.509524
v -0.789878 -0.071422 0.510609
v -0.791465 -0.072245 0.508106
v -0.791440 -0.072109 0.508015
v -0.790357 -0.071784 0.509593
v -0.791529 -0.072214 0.508253
v -0.791605 -0.072053 0.508368
v -0.791625 -0.071858 0.508356
v -0.791592 -0.071733 0.508262
v -0.791514 -0.071797 0.508111
v -0.791451 -0.071928 0.508001
v -0.793048 -0.072732 0.506761
v -0.792998 -0.072557 0.506634
v -0.792836 -0.072494 0.506814
v -0.792882 -0.072665 0.506935
v -0.793173 -0.072703 0.506914
v -0.792999 -0.072635 0.507087
v -0.793305 -0.072506 0.507002
v -0.793118 -0.072442 0.507185
v -0.792615 -0.071381 0.512655
v -0.792614 -0.071399 0.512667
v -0.792604 -0.071400 0.512657
v -0.792601 -0.071388 0.512649
v -0.792614 -0.071360 0.512655
v -0.792604 -0.071370 0.512652
v -0.793145 -0.072163 0.506710
v -0.793276 -0.072091 0.506861
v -0.793095 -0.072038 0.507040
v -0.792974 -0.072109 0.506891
v -0.793032 -0.072322 0.506609
v -0.792867 -0.072266 0.506790
v -0.793934 -0.072552 0.505315
v -0.793902 -0.072832 0.505322
v -0.794544 -0.073136 0.503718
v -0.794601 -0.072900 0.503683
v -0.794089 -0.072329 0.505403
v -0.794767 -0.072705 0.503662
v -0.794278 -0.072324 0.505550
v -0.794995 -0.072666 0.503710
v -0.794360 -0.072523 0.505654
v -0.795096 -0.072852 0.503820
v -0.794327 -0.072782 0.505669
v -0.795028 -0.073106 0.503913
v -0.794172 -0.072977 0.505588
v -0.794839 -0.073287 0.503949
v -0.794001 -0.073023 0.505467
v -0.794629 -0.073329 0.503885
v -0.794813 -0.073687 0.501964
v -0.794688 -0.073416 0.501899
v -0.795026 -0.073696 0.501980
v -0.795248 -0.073467 0.501951
v -0.795312 -0.073144 0.501885
v -0.795187 -0.072894 0.501852
v -0.794957 -0.072874 0.501855
v -0.794755 -0.073085 0.501879
v -0.794880 -0.074013 0.499472
v -0.794760 -0.073789 0.499469
v -0.795106 -0.074066 0.499394
v -0.795364 -0.073854 0.499245
v -0.795445 -0.073493 0.499132
v -0.795291 -0.073272 0.499142
v -0.795037 -0.073247 0.499236
v -0.794801 -0.073459 0.499377
v -0.789245 -0.071215 0.511740
v -0.789254 -0.071166 0.511715
v -0.789288 -0.071137 0.511753
v -0.789273 -0.071180 0.511764
v -0.789251 -0.071117 0.511707
v -0.789280 -0.071106 0.511734
v -0.789219 -0.071217 0.511715
v -0.789214 -0.071184 0.511696
v -0.789221 -0.071142 0.511696
v -0.789894 -0.071493 0.510641
v -0.793218 -0.072750 0.506505
v -0.793167 -0.072567 0.506364
v -0.793364 -0.072721 0.506662
v -0.793215 -0.072322 0.506327
v -0.793523 -0.072519 0.506741
v -0.793352 -0.072157 0.506419
v -0.793154 -0.072200 0.507142
v -0.792626 -0.071372 0.512674
v -0.792623 -0.071388 0.512679
v -0.793511 -0.072085 0.506562
v -0.792623 -0.071359 0.512666
v -0.793190 -0.072279 0.507242
v -0.793311 -0.072333 0.507206
v -0.793154 -0.072133 0.507195
v -0.793213 -0.071979 0.507096
v -0.793336 -0.071935 0.507014
v -0.793453 -0.071981 0.506979
v -0.793564 -0.072258 0.506704
v -0.793489 -0.072146 0.507043
v -0.793440 -0.072296 0.507126
v -0.792888 -0.072184 0.508803
v -0.792991 -0.072179 0.508816
v -0.792845 -0.072089 0.508771
v -0.792879 -0.071951 0.508741
v -0.792975 -0.071872 0.508734
v -0.793074 -0.071863 0.508746
v -0.793116 -0.071974 0.508781
v -0.793092 -0.072104 0.508810
v -0.792846 -0.071975 0.509988
v -0.792950 -0.071981 0.509955
v -0.792802 -0.071878 0.509980
v -0.792835 -0.071747 0.509939
v -0.792931 -0.071680 0.509892
v -0.793031 -0.071681 0.509859
v -0.793074 -0.071794 0.509871
v -0.793050 -0.071918 0.509907
v -0.792956 -0.071792 0.511093
v -0.793037 -0.071792 0.511094
v -0.792922 -0.071718 0.511077
v -0.792947 -0.071615 0.511055
v -0.793023 -0.071559 0.511043
v -0.793100 -0.071555 0.511043
v -0.793133 -0.071641 0.511062
v -0.793115 -0.071738 0.511083
v -0.792870 -0.071597 0.512002
v -0.792924 -0.071595 0.512014
v -0.792847 -0.071546 0.511986
v -0.792865 -0.071475 0.511974
v -0.792915 -0.071434 0.511975
v -0.792967 -0.071430 0.511987
v -0.792989 -0.071489 0.512006
v -0.792976 -0.071556 0.512018
v -0.756780 -0.068221 0.513484
v -0.757811 -0.066554 0.513255
v -0.756234 -0.064936 0.519398
v -0.755445 -0.066543 0.519934
v -0.757171 -0.070014 0.513828
v -0.755576 -0.068370 0.520016
v -0.758251 -0.070884 0.514336
v -0.757100 -0.069517 0.519569
v -0.759483 -0.070115 0.514424
v -0.758846 -0.069031 0.518707
v -0.759187 -0.065946 0.513503
v -0.758051 -0.064609 0.518689
v -0.760146 -0.066667 0.513832
v -0.759508 -0.065599 0.518087
v -0.815372 -0.090777 0.407541
v -0.815362 -0.090682 0.407680
v -0.815336 -0.090906 0.407774
v -0.815341 -0.090945 0.407530
v -0.815245 -0.091128 0.407777
v -0.815273 -0.091083 0.407582
v -0.815234 -0.091015 0.407909
v -0.815267 -0.090846 0.407934
v -0.815300 -0.090700 0.407818
v -0.760344 -0.068417 0.514245
v -0.759785 -0.067428 0.518177
v -0.759223 -0.062973 0.526294
v -0.757690 -0.063272 0.527279
v -0.760579 -0.063986 0.525576
v -0.760818 -0.065832 0.525633
v -0.759907 -0.067437 0.526216
v -0.758259 -0.067907 0.527208
v -0.757017 -0.066723 0.527919
v -0.756928 -0.064883 0.527868
v -0.763326 -0.061880 0.536378
v -0.764717 -0.061669 0.535099
v -0.772913 -0.061439 0.541627
v -0.772262 -0.061714 0.543280
v -0.765860 -0.062776 0.534081
v -0.773334 -0.062472 0.540193
v -0.765956 -0.064659 0.534036
v -0.773199 -0.064329 0.539966
v -0.765135 -0.066229 0.534814
v -0.772666 -0.065924 0.540848
v -0.763679 -0.066605 0.536147
v -0.771956 -0.066374 0.542565
v -0.762601 -0.065332 0.537111
v -0.771588 -0.065177 0.543942
v -0.762580 -0.063465 0.537095
v -0.771769 -0.063322 0.544082
v -0.783090 -0.062779 0.545293
v -0.782746 -0.064413 0.546152
v -0.782409 -0.066253 0.545970
v -0.782275 -0.067406 0.544470
v -0.782482 -0.066899 0.542628
v -0.782841 -0.065275 0.541692
v -0.783163 -0.063424 0.541952
v -0.783250 -0.062438 0.543504
v -0.805135 -0.067097 0.537716
v -0.804952 -0.068815 0.538532
v -0.793906 -0.066347 0.543772
v -0.794176 -0.064691 0.542926
v -0.793488 -0.068184 0.543600
v -0.804492 -0.070660 0.538368
v -0.793095 -0.069303 0.542112
v -0.803890 -0.071688 0.536924
v -0.793042 -0.068752 0.540277
v -0.803609 -0.071024 0.535153
v -0.793314 -0.067101 0.539349
v -0.803793 -0.069326 0.534266
v -0.793725 -0.065251 0.539601
v -0.804273 -0.067494 0.534523
v -0.794078 -0.064304 0.541148
v -0.804829 -0.066623 0.536012
v -0.825427 -0.073236 0.520924
v -0.825384 -0.074857 0.521531
v -0.815582 -0.071548 0.531949
v -0.815688 -0.069762 0.531234
v -0.815042 -0.073375 0.531755
v -0.824791 -0.076459 0.521341
v -0.814202 -0.074285 0.530409
v -0.823797 -0.077190 0.520166
v -0.813675 -0.073460 0.528791
v -0.823115 -0.076375 0.518779
v -0.813753 -0.071675 0.528002
v -0.823149 -0.074745 0.518119
v -0.814305 -0.069873 0.528274
v -0.823752 -0.073152 0.518362
v -0.815115 -0.069138 0.529667
v -0.824708 -0.072582 0.519571
v -0.839494 -0.079744 0.496685
v -0.839567 -0.080984 0.497066
v -0.833274 -0.077815 0.510609
v -0.833235 -0.076612 0.510169
v -0.832710 -0.078946 0.510467
v -0.838960 -0.082109 0.497010
v -0.831613 -0.079378 0.509592
v -0.837741 -0.082481 0.496377
v -0.830759 -0.078699 0.508563
v -0.836762 -0.081715 0.495578
v -0.830677 -0.077492 0.508076
v -0.836637 -0.080459 0.495160
v -0.831286 -0.076373 0.508267
v -0.837294 -0.079349 0.495253
v -0.832367 -0.076052 0.509169
v -0.838502 -0.079098 0.495912
v -0.846044 -0.084947 0.467065
v -0.846043 -0.086630 0.467341
v -0.844288 -0.083932 0.482507
v -0.844263 -0.082326 0.482150
v -0.843570 -0.085383 0.482587
v -0.845300 -0.088121 0.467521
v -0.842213 -0.085854 0.482239
v -0.843943 -0.088577 0.467482
v -0.841174 -0.084854 0.481677
v -0.842974 -0.087512 0.467243
v -0.841095 -0.083229 0.481297
v -0.842943 -0.085817 0.466971
v -0.841865 -0.081798 0.481239
v -0.843721 -0.084345 0.466789
v -0.843202 -0.081483 0.481613
v -0.845015 -0.084051 0.466836
v -0.841125 -0.088905 0.437260
v -0.841051 -0.090518 0.437393
v -0.845190 -0.088883 0.452138
v -0.845238 -0.087215 0.451970
v -0.844459 -0.090363 0.452479
v -0.840381 -0.091921 0.437879
v -0.843195 -0.090814 0.452894
v -0.839247 -0.092291 0.438593
v -0.842275 -0.089733 0.453049
v -0.838459 -0.091206 0.439019
v -0.842270 -0.088038 0.452888
v -0.838487 -0.089566 0.438909
v -0.843029 -0.086569 0.452508
v -0.839197 -0.088187 0.438395
v -0.844287 -0.086296 0.452137
v -0.840307 -0.087976 0.437705
v -0.830118 -0.090846 0.415345
v -0.829965 -0.092170 0.415304
v -0.836042 -0.091666 0.424861
v -0.836161 -0.090165 0.424843
v -0.835453 -0.092951 0.425358
v -0.829471 -0.093297 0.415814
v -0.834533 -0.093253 0.426254
v -0.828773 -0.093552 0.416817
v -0.833946 -0.092213 0.426922
v -0.828382 -0.092626 0.417614
v -0.834032 -0.090686 0.426945
v -0.828512 -0.091279 0.417703
v -0.834652 -0.089427 0.426407
v -0.829028 -0.090175 0.417145
v -0.835545 -0.089270 0.425520
v -0.829698 -0.090048 0.416147
v -0.820011 -0.091047 0.407864
v -0.819895 -0.091788 0.407818
v -0.824210 -0.092211 0.409789
v -0.824358 -0.091195 0.409837
v -0.823869 -0.093072 0.410221
v -0.819659 -0.092418 0.408145
v -0.823448 -0.093262 0.411093
v -0.819392 -0.092563 0.408822
v -0.823260 -0.092547 0.411797
v -0.819293 -0.092047 0.409377
v -0.823397 -0.091513 0.411888
v -0.819402 -0.091293 0.409455
v -0.823748 -0.090669 0.411412
v -0.819639 -0.090674 0.409088
v -0.824147 -0.090577 0.410543
v -0.819891 -0.090601 0.408414
v -0.759167 -0.069855 0.507729
v -0.759675 -0.068461 0.508211
v -0.759237 -0.071031 0.508492
v -0.760213 -0.067009 0.509917
v -0.759331 -0.071792 0.510612
v -0.761310 -0.067780 0.511507
v -0.760817 -0.070377 0.511860
v -0.761062 -0.068865 0.512604
v -0.760657 -0.070192 0.506907
v -0.760819 -0.068492 0.507068
v -0.760282 -0.071731 0.507438
v -0.762215 -0.071493 0.507323
v -0.762312 -0.070352 0.506761
v -0.762929 -0.069279 0.511203
v -0.762789 -0.070686 0.510763
v -0.761576 -0.070850 0.511437
v -0.761905 -0.069100 0.511789
v -0.762635 -0.069005 0.507063
v -0.763260 -0.068211 0.510464
v -0.762210 -0.067647 0.510965
v -0.772387 -0.070749 0.506877
v -0.772081 -0.072179 0.506688
v -0.766346 -0.071396 0.509206
v -0.766645 -0.069903 0.509436
v -0.772593 -0.069526 0.506206
v -0.766866 -0.068641 0.508748
v -0.766147 -0.072365 0.508046
v -0.771867 -0.073075 0.505612
v -0.772602 -0.069280 0.504922
v -0.766890 -0.068425 0.507391
v -0.765875 -0.072057 0.506405
v -0.771896 -0.072690 0.504309
v -0.772409 -0.070038 0.503826
v -0.766392 -0.069302 0.505948
v -0.766110 -0.070777 0.505795
v -0.772129 -0.071437 0.503701
v -0.778898 -0.070997 0.501911
v -0.778671 -0.072045 0.501823
v -0.784370 -0.072684 0.499770
v -0.784558 -0.071721 0.499866
v -0.778502 -0.072996 0.502275
v -0.784180 -0.073567 0.500190
v -0.779073 -0.070458 0.502720
v -0.784620 -0.071233 0.500641
v -0.778507 -0.073317 0.503243
v -0.784095 -0.073873 0.501116
v -0.779105 -0.070677 0.503686
v -0.784552 -0.071445 0.501566
v -0.778711 -0.072676 0.504054
v -0.784188 -0.073289 0.501906
v -0.778949 -0.071618 0.504188
v -0.784373 -0.072315 0.502045
v -0.805016 -0.078863 0.470777
v -0.804942 -0.079011 0.470756
v -0.805126 -0.079022 0.470976
v -0.805109 -0.078870 0.470886
v -0.804955 -0.079168 0.470841
v -0.805050 -0.079171 0.470954
v -0.788601 -0.071957 0.497984
v -0.788558 -0.072417 0.497267
v -0.790072 -0.072598 0.497204
v -0.790080 -0.072122 0.497910
v -0.788171 -0.074212 0.497596
v -0.788083 -0.074523 0.498456
v -0.789544 -0.074687 0.498436
v -0.789676 -0.074395 0.497565
v -0.788514 -0.072173 0.498892
v -0.789947 -0.072319 0.498827
v -0.788156 -0.073966 0.499228
v -0.789577 -0.074112 0.499191
v -0.788330 -0.073023 0.499364
v -0.789741 -0.073162 0.499312
v -0.794396 -0.073026 0.498112
v -0.794222 -0.073970 0.498065
v -0.799072 -0.074813 0.496791
v -0.799335 -0.073849 0.496881
v -0.794001 -0.074808 0.498539
v -0.798892 -0.075686 0.497258
v -0.794378 -0.072510 0.498873
v -0.799421 -0.073338 0.497592
v -0.793831 -0.075056 0.499486
v -0.798873 -0.075967 0.498203
v -0.794207 -0.072665 0.499815
v -0.799409 -0.073522 0.498518
v -0.793834 -0.074445 0.500244
v -0.799037 -0.075359 0.498958
v -0.793989 -0.073488 0.500336
v -0.799249 -0.074380 0.499039
v -0.804811 -0.075656 0.496005
v -0.804547 -0.076624 0.495934
v -0.804912 -0.074790 0.495498
v -0.804234 -0.077201 0.495224
v -0.804759 -0.074578 0.494604
v -0.804104 -0.076894 0.494324
v -0.804480 -0.075060 0.493897
v -0.804231 -0.076016 0.493870
v -0.813505 -0.078311 0.485591
v -0.813169 -0.079262 0.485591
v -0.809369 -0.077953 0.491460
v -0.809673 -0.076995 0.491500
v -0.813516 -0.077413 0.485143
v -0.809727 -0.076109 0.491009
v -0.808935 -0.078501 0.490825
v -0.812633 -0.079774 0.485067
v -0.813130 -0.077130 0.484427
v -0.809448 -0.075860 0.490177
v -0.808684 -0.078159 0.489988
v -0.812271 -0.079398 0.484345
v -0.812622 -0.077548 0.483896
v -0.809042 -0.076311 0.489534
v -0.808762 -0.077264 0.489538
v -0.812310 -0.078493 0.483933
v -0.819151 -0.081214 0.470769
v -0.818761 -0.082142 0.470873
v -0.816506 -0.080690 0.478700
v -0.816875 -0.079750 0.478651
v -0.819089 -0.080282 0.470452
v -0.816844 -0.078836 0.478262
v -0.815866 -0.081166 0.478323
v -0.818054 -0.082576 0.470673
v -0.818522 -0.079918 0.470073
v -0.816349 -0.078515 0.477698
v -0.815401 -0.080753 0.477749
v -0.817520 -0.082114 0.470280
v -0.817846 -0.080261 0.469860
v -0.815739 -0.078898 0.477311
v -0.815403 -0.079833 0.477385
v -0.817493 -0.081186 0.469980
v -0.819790 -0.083302 0.456209
v -0.819422 -0.084147 0.456417
v -0.819572 -0.083223 0.463768
v -0.819961 -0.082325 0.463610
v -0.819712 -0.082400 0.456055
v -0.819881 -0.081390 0.463366
v -0.818843 -0.083606 0.463742
v -0.818730 -0.084482 0.456579
v -0.819147 -0.081983 0.456061
v -0.819286 -0.080984 0.463168
v -0.818278 -0.083111 0.463528
v -0.818194 -0.083980 0.456568
v -0.818485 -0.082232 0.456206
v -0.818589 -0.081276 0.463127
v -0.818238 -0.082175 0.463292
v -0.818154 -0.083079 0.456411
v -0.814970 -0.084110 0.445148
v -0.814783 -0.084611 0.445358
v -0.817434 -0.084619 0.449814
v -0.817724 -0.083916 0.449575
v -0.814966 -0.083560 0.445172
v -0.817685 -0.083152 0.449538
v -0.816913 -0.084880 0.450162
v -0.814469 -0.084788 0.445726
v -0.814732 -0.083286 0.445462
v -0.817273 -0.082783 0.449768
v -0.816525 -0.084441 0.450374
v -0.814250 -0.084464 0.446002
v -0.814434 -0.083414 0.445817
v -0.816777 -0.082974 0.450099
v -0.816513 -0.083679 0.450323
v -0.814262 -0.083916 0.446010
v -0.790206 -0.073572 0.497176
v -0.788064 -0.073328 0.497136
v -0.789103 -0.073703 0.495235
v -0.789528 -0.072807 0.495274
v -0.789204 -0.074613 0.495632
v -0.789756 -0.074621 0.496071
v -0.790186 -0.073726 0.496107
v -0.790082 -0.072816 0.495720
v -0.789842 -0.074262 0.491822
v -0.790256 -0.073439 0.491863
v -0.789950 -0.075102 0.492186
v -0.790495 -0.075109 0.492591
v -0.790912 -0.074285 0.492621
v -0.790803 -0.073449 0.492270
v -0.791367 -0.074087 0.488725
v -0.790967 -0.074835 0.488677
v -0.791971 -0.075361 0.486121
v -0.792297 -0.074677 0.486237
v -0.791060 -0.075605 0.489002
v -0.791918 -0.076037 0.486412
v -0.791578 -0.075620 0.489379
v -0.792361 -0.076034 0.486945
v -0.791974 -0.074870 0.489411
v -0.792696 -0.075350 0.487055
v -0.791877 -0.074102 0.489094
v -0.792658 -0.074668 0.486707
v -0.794129 -0.075420 0.483802
v -0.793887 -0.076045 0.483637
v -0.797414 -0.076797 0.480922
v -0.797656 -0.076178 0.481090
v -0.793849 -0.076644 0.484024
v -0.797396 -0.077404 0.481333
v -0.794082 -0.076616 0.484602
v -0.797632 -0.077384 0.481922
v -0.794340 -0.075996 0.484773
v -0.797878 -0.076764 0.482084
v -0.794360 -0.075391 0.484380
v -0.797894 -0.076158 0.481682
v -0.800302 -0.077499 0.478091
v -0.800529 -0.076960 0.478225
v -0.800306 -0.078036 0.478444
v -0.800547 -0.078028 0.478939
v -0.800775 -0.077487 0.479065
v -0.800770 -0.076952 0.478721
v -0.802925 -0.077731 0.475063
v -0.802713 -0.078191 0.474963
v -0.803938 -0.078600 0.472933
v -0.804083 -0.078295 0.472995
v -0.802735 -0.078659 0.475254
v -0.803958 -0.078911 0.473123
v -0.802979 -0.078662 0.475650
v -0.804128 -0.078915 0.473377
v -0.803192 -0.078201 0.475743
v -0.804273 -0.078611 0.473434
v -0.803170 -0.077734 0.475459
v -0.804254 -0.078300 0.473249
v -0.811401 -0.083832 0.442923
v -0.811448 -0.083600 0.442787
v -0.811527 -0.083919 0.442294
v -0.811460 -0.084153 0.442412
v -0.811365 -0.084088 0.442884
v -0.811542 -0.083662 0.442316
v -0.811528 -0.083532 0.442569
v -0.811389 -0.084238 0.442667
v -0.811486 -0.083871 0.442657
v -0.763014 -0.067802 0.508515
v -0.762224 -0.072098 0.509073
v -0.753264 -0.114101 0.442937
v -0.751764 -0.115806 0.443642
v -0.756754 -0.115463 0.447850
v -0.758201 -0.113604 0.447385
v -0.751852 -0.115637 0.446495
v -0.753434 -0.113948 0.447062
v -0.757608 -0.113474 0.450845
v -0.756281 -0.115311 0.450250
v -0.754814 -0.112308 0.443257
v -0.759419 -0.111674 0.447796
v -0.754992 -0.112294 0.446608
v -0.759046 -0.111641 0.450585
v -0.755441 -0.111726 0.444912
v -0.759692 -0.111020 0.449223
v -0.759509 -0.116510 0.452384
v -0.760310 -0.115958 0.451514
v -0.756114 -0.115996 0.449028
v -0.759580 -0.115793 0.453387
v -0.759036 -0.123150 0.469153
v -0.760430 -0.121390 0.469704
v -0.761228 -0.118947 0.466426
v -0.759853 -0.120719 0.465701
v -0.760541 -0.119263 0.470925
v -0.761473 -0.116553 0.467369
v -0.762036 -0.117144 0.467115
v -0.761188 -0.119682 0.470389
v -0.761747 -0.114040 0.451313
v -0.748361 -0.100097 0.508458
v -0.747087 -0.100609 0.508876
v -0.747493 -0.107382 0.508376
v -0.748744 -0.106630 0.508056
v -0.760718 -0.113866 0.454015
v -0.747190 -0.100529 0.512009
v -0.748554 -0.099983 0.511748
v -0.748908 -0.106706 0.511261
v -0.747572 -0.107500 0.511424
v -0.749589 -0.099569 0.510464
v -0.749931 -0.106032 0.510088
v -0.758716 -0.121276 0.465411
v -0.758274 -0.120671 0.465580
v -0.757332 -0.123321 0.469602
v -0.757837 -0.123802 0.469164
v -0.746174 -0.100957 0.510010
v -0.746590 -0.107959 0.509417
v -0.760228 -0.117156 0.467046
v -0.759234 -0.119972 0.470965
v -0.762889 -0.112045 0.451797
v -0.749358 -0.099679 0.509035
v -0.749717 -0.106086 0.508686
v -0.762089 -0.111955 0.453979
v -0.746302 -0.100890 0.511243
v -0.746708 -0.107956 0.510621
v -0.762896 -0.111342 0.452974
v -0.760709 -0.116845 0.456762
v -0.761689 -0.114883 0.457379
v -0.761135 -0.116501 0.461033
v -0.760365 -0.118295 0.460496
v -0.763368 -0.114853 0.455651
v -0.761900 -0.116861 0.455560
v -0.761941 -0.118267 0.460553
v -0.763375 -0.116412 0.461116
v -0.758974 -0.118920 0.466285
v -0.757987 -0.121680 0.470347
v -0.758294 -0.127435 0.483866
v -0.759423 -0.126983 0.484180
v -0.760422 -0.126299 0.477859
v -0.759247 -0.126794 0.477969
v -0.751644 -0.119712 0.504985
v -0.752461 -0.119273 0.505662
v -0.755007 -0.123028 0.499565
v -0.754125 -0.123404 0.499015
v -0.760622 -0.125661 0.484323
v -0.761721 -0.124755 0.477951
v -0.760892 -0.117507 0.456044
v -0.760781 -0.118882 0.460342
v -0.756486 -0.126725 0.491235
v -0.756088 -0.126213 0.490808
v -0.753791 -0.123051 0.498336
v -0.757722 -0.127032 0.483584
v -0.758690 -0.126282 0.478202
v -0.758536 -0.125194 0.491784
v -0.757429 -0.126414 0.491646
v -0.756099 -0.121912 0.499620
v -0.751301 -0.116284 0.445096
v -0.761677 -0.122332 0.474029
v -0.761103 -0.123695 0.473479
v -0.762377 -0.123234 0.478235
v -0.756594 -0.124949 0.490636
v -0.754335 -0.121972 0.497908
v -0.537226 -0.458253 0.226034
v -0.537972 -0.450098 0.233078
v -0.538718 -0.449144 0.232253
v -0.537754 -0.457419 0.224913
v -0.539562 -0.454103 0.225352
v -0.537890 -0.447347 0.230270
v -0.540581 -0.440139 0.244567
v -0.536720 -0.450146 0.232698
v -0.539229 -0.440157 0.244031
v -0.537809 -0.439289 0.242783
v -0.535618 -0.449601 0.231867
v -0.534489 -0.457657 0.225189
v -0.535893 -0.458313 0.226010
v -0.759131 -0.147925 0.496564
v -0.759362 -0.148439 0.496478
v -0.758648 -0.148242 0.493695
v -0.758431 -0.147774 0.493740
v -0.760938 -0.147057 0.496522
v -0.760823 -0.146526 0.496584
v -0.760106 -0.146592 0.493691
v -0.760222 -0.147068 0.493659
v -0.760230 -0.146545 0.496585
v -0.759517 -0.146588 0.493693
v -0.759986 -0.148327 0.496446
v -0.759265 -0.148165 0.493661
v -0.759523 -0.147060 0.496569
v -0.758821 -0.147019 0.493700
v -0.760635 -0.147786 0.496469
v -0.759923 -0.147698 0.493648
v -0.759144 -0.146288 0.489061
v -0.759767 -0.145944 0.489163
v -0.759401 -0.146443 0.491858
v -0.758732 -0.146828 0.491828
v -0.751920 -0.145870 0.468211
v -0.751962 -0.145253 0.468933
v -0.754792 -0.145772 0.472802
v -0.754725 -0.146391 0.472004
v -0.753957 -0.143495 0.467904
v -0.753649 -0.144120 0.467008
v -0.756554 -0.144608 0.470831
v -0.756625 -0.144137 0.471588
v -0.755249 -0.146277 0.471311
v -0.752476 -0.145738 0.467514
v -0.756197 -0.144143 0.472440
v -0.753465 -0.143524 0.468669
v -0.753232 -0.145044 0.467074
v -0.756070 -0.145591 0.470900
v -0.752622 -0.144414 0.469582
v -0.755433 -0.144836 0.473251
v -0.751565 -0.144346 0.464819
v -0.750787 -0.145102 0.465309
v -0.750915 -0.143774 0.467583
v -0.751885 -0.142689 0.466554
v -0.750192 -0.144617 0.466785
v -0.751982 -0.143388 0.464749
v -0.752463 -0.142623 0.465793
v -0.750170 -0.145264 0.466059
v -0.760248 -0.146916 0.489144
v -0.760496 -0.146382 0.489159
v -0.761372 -0.145731 0.484949
v -0.761110 -0.146296 0.484990
v -0.758843 -0.146937 0.489033
v -0.759622 -0.146412 0.485046
v -0.759938 -0.145739 0.485093
v -0.760248 -0.145588 0.477693
v -0.759592 -0.146194 0.477973
v -0.760492 -0.146441 0.482188
v -0.761113 -0.145961 0.482141
v -0.759683 -0.147309 0.489056
v -0.760507 -0.146722 0.484947
v -0.760686 -0.144910 0.477931
v -0.761413 -0.145357 0.482148
v -0.759107 -0.147357 0.489004
v -0.759895 -0.146806 0.484961
v -0.759055 -0.146317 0.478530
v -0.759890 -0.146544 0.482354
v -0.758818 -0.125693 0.473691
v -0.759918 -0.125137 0.473299
v -0.758276 -0.125335 0.474356
v -0.758738 -0.124033 0.475001
v -0.759774 -0.122656 0.475281
v -0.760988 -0.122040 0.474799
v -0.758175 -0.125772 0.483521
v -0.759224 -0.124795 0.478488
v -0.761191 -0.124379 0.484329
v -0.760476 -0.123976 0.483942
v -0.761663 -0.122740 0.478450
v -0.749967 -0.085207 0.510975
v -0.750624 -0.085327 0.511586
v -0.747871 -0.092947 0.511819
v -0.747004 -0.093129 0.511107
v -0.752289 -0.086314 0.508664
v -0.751429 -0.086160 0.508135
v -0.748983 -0.093184 0.508177
v -0.749954 -0.092996 0.508691
v -0.752475 -0.086164 0.509966
v -0.750190 -0.092816 0.510111
v -0.749766 -0.085371 0.509769
v -0.746871 -0.093277 0.509878
v -0.751716 -0.085709 0.511265
v -0.749193 -0.092811 0.511467
v -0.750462 -0.085775 0.508636
v -0.747750 -0.093295 0.508678
v -0.757710 -0.074124 0.510775
v -0.758373 -0.074303 0.511472
v -0.755172 -0.078934 0.511308
v -0.754580 -0.078712 0.510710
v -0.759691 -0.075966 0.508415
v -0.758854 -0.075713 0.507834
v -0.755738 -0.080171 0.507820
v -0.756574 -0.080451 0.508396
v -0.759961 -0.075705 0.509880
v -0.756772 -0.080260 0.509700
v -0.757459 -0.074404 0.509544
v -0.754322 -0.078932 0.509485
v -0.759361 -0.074941 0.511207
v -0.756157 -0.079556 0.511008
v -0.758013 -0.075082 0.508412
v -0.754905 -0.079551 0.508345
v -0.762441 -0.114664 0.461591
v -0.763679 -0.113984 0.461809
v -0.764218 -0.114555 0.461654
v -0.764388 -0.112817 0.456171
v -0.763057 -0.112889 0.457564
v -0.764112 -0.112172 0.456987
v -0.753909 -0.117021 0.503937
v -0.753009 -0.117560 0.503317
v -0.755316 -0.120874 0.497858
v -0.756288 -0.120438 0.498420
v -0.754255 -0.117203 0.504983
v -0.756737 -0.120769 0.499212
v -0.752014 -0.118575 0.503422
v -0.760363 -0.123283 0.478603
v -0.753546 -0.118230 0.505683
v -0.759137 -0.123922 0.491688
v -0.757574 -0.123739 0.490690
v -0.758612 -0.123417 0.491180
v -0.748806 -0.114159 0.508584
v -0.748641 -0.114063 0.507523
v -0.749621 -0.113693 0.509341
v -0.750810 -0.112754 0.509284
v -0.751672 -0.111883 0.508339
v -0.751413 -0.111829 0.507100
v -0.750505 -0.112399 0.506469
v -0.749399 -0.113302 0.506670
v 0.281068 0.180737 0.348866
v 0.280269 0.182320 0.346746
v 0.294277 0.189107 0.345595
v 0.294659 0.187686 0.347798
v 0.271235 0.176383 0.349788
v 0.272448 0.174688 0.351787
v 0.260081 0.161480 0.355834
v 0.258153 0.163196 0.354271
v 0.279327 0.185079 0.347238
v 0.293518 0.191866 0.345823
v 0.269940 0.178996 0.350403
v 0.256079 0.165300 0.355005
v 0.281129 0.181789 0.353160
v 0.294221 0.188968 0.351879
v 0.272748 0.175375 0.356036
v 0.260562 0.161473 0.359589
v 0.278845 0.187545 0.350992
v 0.292707 0.194564 0.349206
v 0.269436 0.181048 0.354175
v 0.255292 0.166524 0.358589
v 0.119952 0.114629 0.380821
v 0.144683 0.120418 0.372858
v 0.143838 0.118362 0.369410
v 0.119137 0.112637 0.377705
v 0.146245 0.121183 0.376635
v 0.121475 0.115422 0.384397
v 0.170564 0.127074 0.367006
v 0.172234 0.127873 0.371227
v 0.169724 0.124935 0.363308
v 0.122911 0.114054 0.386112
v 0.147756 0.119728 0.378425
v 0.148480 0.117322 0.377830
v 0.123578 0.111794 0.385647
v 0.173860 0.126241 0.373109
v 0.174665 0.123681 0.372434
v 0.122759 0.109794 0.382504
v 0.147654 0.115293 0.374450
v 0.146090 0.114463 0.370622
v 0.121253 0.108984 0.378979
v 0.173826 0.121449 0.368639
v 0.172172 0.120712 0.364528
v 0.119800 0.110328 0.377200
v 0.144579 0.115967 0.368880
v 0.170523 0.122290 0.362548
v 0.230375 0.139798 0.362137
v 0.230137 0.141812 0.366407
v 0.205631 0.132325 0.367661
v 0.204712 0.129990 0.363323
v 0.243761 0.149200 0.365059
v 0.244420 0.147425 0.360928
v 0.259745 0.162704 0.363115
v 0.201252 0.135808 0.361680
v 0.200503 0.133700 0.358020
v 0.203054 0.136698 0.366470
v 0.226977 0.146032 0.364943
v 0.226156 0.145435 0.360198
v 0.239700 0.152802 0.359121
v 0.240209 0.153239 0.363654
v 0.255800 0.166492 0.362355
v 0.204678 0.134906 0.368140
v 0.228636 0.144372 0.367139
v 0.241985 0.151584 0.365862
v 0.257746 0.164802 0.364028
v 0.203094 0.129302 0.359212
v 0.201297 0.130898 0.356905
v 0.337794 0.210490 0.358365
v 0.313984 0.203089 0.352341
v 0.314612 0.204399 0.356056
v 0.341947 0.214160 0.364790
v 0.315763 0.200221 0.348483
v 0.340928 0.208489 0.355489
v 0.280629 0.184234 0.356893
v 0.293431 0.191584 0.355330
v 0.272237 0.177455 0.359818
v 0.336277 0.204725 0.355587
v 0.315042 0.197602 0.348936
v 0.315131 0.195782 0.350351
v 0.336318 0.203771 0.357985
v 0.278915 0.188581 0.355228
v 0.292260 0.195860 0.353279
v 0.269758 0.181712 0.358404
v 0.338032 0.211448 0.366104
v 0.313237 0.202997 0.358671
v 0.313746 0.199913 0.357709
v 0.337535 0.208877 0.365965
v 0.279693 0.186968 0.357358
v 0.292639 0.194359 0.355541
v 0.270961 0.180026 0.360421
v 0.336848 0.205764 0.362495
v 0.314316 0.197566 0.355121
v 0.660233 0.268885 0.385790
v 0.638927 0.270519 0.383974
v 0.638644 0.269119 0.384548
v 0.660076 0.267604 0.386330
v 0.639594 0.271137 0.382410
v 0.660954 0.269447 0.384201
v 0.618921 0.269551 0.379649
v 0.619580 0.270297 0.378000
v 0.618552 0.268088 0.380221
v 0.361710 0.211309 0.363263
v 0.350571 0.208834 0.359982
v 0.351918 0.210747 0.358738
v 0.361123 0.213084 0.361892
v 0.350397 0.207946 0.362459
v 0.361340 0.210408 0.365754
v 0.361429 0.212299 0.370045
v 0.350565 0.210017 0.367011
v 0.351097 0.213176 0.370739
v 0.360744 0.215081 0.372921
v 0.524031 0.235906 0.376119
v 0.495625 0.232196 0.376085
v 0.495290 0.233410 0.379272
v 0.523809 0.237415 0.379639
v 0.495941 0.229856 0.373526
v 0.524332 0.233356 0.373364
v 0.466318 0.230164 0.376312
v 0.466637 0.228074 0.374031
v 0.465829 0.231133 0.379179
v 0.524585 0.230963 0.373325
v 0.495995 0.227591 0.373677
v 0.495863 0.226433 0.375590
v 0.524642 0.230061 0.375432
v 0.466501 0.225829 0.374210
v 0.466098 0.224623 0.376040
v 0.523879 0.236430 0.381677
v 0.495149 0.232303 0.381201
v 0.495210 0.230021 0.381319
v 0.524107 0.234153 0.381697
v 0.465418 0.229938 0.381071
v 0.465282 0.227718 0.381190
v 0.524433 0.231532 0.378875
v 0.495514 0.227718 0.378786
v 0.465595 0.225600 0.378982
v 0.575309 0.244958 0.378572
v 0.550465 0.240440 0.376929
v 0.550172 0.241852 0.380268
v 0.574824 0.246144 0.381592
v 0.550889 0.237978 0.374173
v 0.575864 0.242814 0.376224
v 0.576164 0.240730 0.376252
v 0.551690 0.234793 0.373280
v 0.551245 0.234810 0.376233
v 0.576095 0.239829 0.378144
v 0.574792 0.245129 0.383316
v 0.550230 0.240916 0.382265
v 0.550511 0.238726 0.382322
v 0.575046 0.243186 0.383512
v 0.575611 0.240996 0.381138
v 0.550924 0.236308 0.379630
v 0.661392 0.259314 0.388531
v 0.643924 0.260130 0.384874
v 0.642864 0.261036 0.386921
v 0.660218 0.260204 0.390246
v 0.644788 0.258511 0.383105
v 0.662333 0.257606 0.386958
v 0.622844 0.257348 0.380737
v 0.623652 0.255689 0.378877
v 0.621998 0.258090 0.383142
v 0.662289 0.256067 0.386711
v 0.644807 0.256862 0.383077
v 0.644196 0.256068 0.384186
v 0.661541 0.255351 0.387540
v 0.623855 0.254031 0.378915
v 0.623509 0.253058 0.380482
v 0.659460 0.259541 0.391106
v 0.642262 0.260179 0.388075
v 0.642272 0.258606 0.387996
v 0.659417 0.257960 0.390841
v 0.621650 0.257225 0.384608
v 0.621855 0.255475 0.384727
v 0.660328 0.256316 0.389320
v 0.643129 0.256935 0.386292
v 0.622653 0.253859 0.382855
v 0.660707 0.266153 0.385383
v 0.639063 0.267549 0.383281
v 0.639816 0.266582 0.381351
v 0.661658 0.265367 0.383624
v 0.618828 0.266383 0.378961
v 0.619464 0.265457 0.376925
v 0.662412 0.265966 0.382026
v 0.640526 0.267288 0.379689
v 0.640984 0.267983 0.378237
v 0.662634 0.267313 0.381273
v 0.620193 0.266207 0.375156
v 0.620607 0.267793 0.374528
v 0.661941 0.268690 0.382407
v 0.640499 0.269533 0.379549
v 0.620286 0.269386 0.375845
v 0.409172 0.223014 0.378112
v 0.382305 0.217668 0.375152
v 0.382505 0.215929 0.371157
v 0.409516 0.221598 0.374486
v 0.382343 0.220560 0.378549
v 0.409105 0.225576 0.380956
v 0.409419 0.228004 0.381077
v 0.382859 0.223068 0.378390
v 0.383336 0.223963 0.376124
v 0.409897 0.229040 0.378951
v 0.361117 0.217510 0.372840
v 0.361882 0.218219 0.371030
v 0.409968 0.222730 0.372436
v 0.382916 0.217043 0.368848
v 0.383335 0.219472 0.368914
v 0.410307 0.225114 0.372457
v 0.410220 0.227690 0.375451
v 0.383501 0.222208 0.372204
v 0.364971 0.216761 0.367173
v 0.588353 0.271214 0.373717
v 0.569433 0.270998 0.368677
v 0.568892 0.269226 0.369174
v 0.587850 0.269505 0.374368
v 0.570058 0.271853 0.366772
v 0.589002 0.271977 0.371869
v 0.548554 0.269460 0.363232
v 0.549096 0.270359 0.361287
v 0.548076 0.267566 0.363777
v 0.587866 0.267646 0.372865
v 0.568819 0.267237 0.367446
v 0.569152 0.266160 0.364930
v 0.588278 0.266681 0.370491
v 0.547972 0.265631 0.362040
v 0.548223 0.264613 0.359506
v 0.588985 0.267491 0.368528
v 0.569822 0.267143 0.363039
v 0.570420 0.269061 0.362437
v 0.589520 0.269253 0.367920
v 0.548821 0.265604 0.357390
v 0.549337 0.267558 0.356833
v 0.589463 0.271014 0.369479
v 0.570449 0.270863 0.364232
v 0.549408 0.269425 0.358569
v 0.524590 0.266165 0.358856
v 0.524284 0.264524 0.359420
v 0.524959 0.267366 0.356749
v 0.476433 0.257239 0.352056
v 0.476499 0.258340 0.349803
v 0.500052 0.259985 0.351168
v 0.499796 0.258900 0.353354
v 0.455028 0.254628 0.349706
v 0.455192 0.253556 0.351917
v 0.435401 0.249462 0.353234
v 0.435018 0.249846 0.351808
v 0.524392 0.262354 0.357685
v 0.524665 0.261572 0.355052
v 0.475568 0.262114 0.355595
v 0.475738 0.260204 0.356331
v 0.499237 0.261854 0.357637
v 0.499289 0.263752 0.356964
v 0.454367 0.256522 0.356235
v 0.453940 0.258422 0.355546
v 0.433838 0.253797 0.357495
v 0.434487 0.252520 0.357589
v 0.525123 0.262449 0.352950
v 0.525403 0.264630 0.352210
v 0.476102 0.258234 0.354678
v 0.499463 0.259901 0.355954
v 0.454875 0.254566 0.354545
v 0.435149 0.249916 0.356464
v 0.525323 0.266261 0.354115
v 0.405817 0.243848 0.361441
v 0.433389 0.255299 0.355228
v 0.404869 0.244660 0.359361
v 0.407005 0.241946 0.361763
v 0.407706 0.239980 0.359909
v 0.407699 0.238912 0.357087
v 0.475623 0.263105 0.353448
v 0.453777 0.259401 0.353420
v 0.454597 0.256637 0.348910
v 0.476341 0.260350 0.348969
v 0.406596 0.239843 0.355581
v 0.434281 0.252456 0.350660
v 0.405373 0.241792 0.355071
v 0.475965 0.262210 0.350728
v 0.454087 0.258499 0.350693
v 0.404698 0.243721 0.357071
v 0.433692 0.253707 0.353028
v 0.381666 0.231448 0.365341
v 0.383156 0.229895 0.366269
v 0.380405 0.232170 0.363032
v 0.364141 0.221353 0.367069
v 0.362473 0.221800 0.364412
v 0.365944 0.219972 0.367665
v 0.384123 0.228212 0.364282
v 0.384057 0.227231 0.361476
v 0.366920 0.218208 0.365690
v 0.366650 0.217382 0.362329
v 0.382659 0.228034 0.359045
v 0.381003 0.229698 0.358289
v 0.364776 0.217861 0.359811
v 0.362823 0.219436 0.359049
v 0.380239 0.231281 0.360045
v 0.362053 0.220955 0.361265
v 0.356144 0.217602 0.367262
v 0.357541 0.216760 0.369372
v 0.353259 0.217939 0.364970
v 0.353556 0.217239 0.368698
v 0.360445 0.214867 0.365537
v 0.359073 0.212580 0.361091
v 0.355273 0.212308 0.358487
v 0.352419 0.213391 0.357530
v 0.351248 0.215906 0.361349
v 0.351914 0.215538 0.370436
v 0.436877 0.224863 0.378585
v 0.436659 0.227132 0.381098
v 0.437293 0.223690 0.375676
v 0.436933 0.229377 0.380922
v 0.437392 0.230596 0.379086
v 0.437773 0.224883 0.373755
v 0.438026 0.227182 0.373683
v 0.437870 0.229422 0.375921
v 0.902025 0.213592 0.310294
v 0.897748 0.215558 0.311820
v 0.897731 0.215748 0.311297
v 0.901901 0.213756 0.309854
v 0.898187 0.215669 0.312371
v 0.902587 0.213683 0.310702
v 0.893275 0.219459 0.314131
v 0.893752 0.219599 0.314758
v 0.893357 0.219552 0.313486
v 0.903341 0.214050 0.310820
v 0.898915 0.216165 0.312571
v 0.899390 0.216568 0.312297
v 0.903767 0.214346 0.310515
v 0.894539 0.220057 0.314930
v 0.895110 0.220358 0.314568
v 0.912068 0.210315 0.304562
v 0.908305 0.213131 0.307498
v 0.908421 0.212943 0.307842
v 0.912257 0.210105 0.304839
v 0.907772 0.213148 0.307208
v 0.911589 0.210359 0.304341
v 0.903725 0.214603 0.310212
v 0.903164 0.214513 0.309789
v 0.910949 0.210232 0.304362
v 0.907065 0.212877 0.307174
v 0.906549 0.212559 0.307351
v 0.910583 0.209978 0.304550
v 0.902411 0.214145 0.309686
v 0.910710 0.209808 0.304830
v 0.906672 0.212351 0.307687
v 0.907180 0.212353 0.307982
v 0.911226 0.209724 0.305030
v 0.911825 0.209892 0.305017
v 0.907913 0.212605 0.308011
v 0.920680 0.204216 0.300000
v 0.916563 0.207221 0.301956
v 0.916833 0.207017 0.302147
v 0.919563 0.205016 0.300691
v 0.916188 0.207251 0.301755
v 0.919109 0.205179 0.300419
v 0.920091 0.204241 0.299834
v 0.915635 0.207225 0.301773
v 0.915430 0.207024 0.301870
v 0.918637 0.205041 0.300461
v 0.836593 0.244118 0.333666
v 0.835842 0.243882 0.333179
v 0.819633 0.245437 0.341985
v 0.820566 0.245665 0.342356
v 0.851791 0.241987 0.323863
v 0.852568 0.242152 0.324387
v 0.835395 0.243283 0.332732
v 0.851330 0.241317 0.323466
v 0.819103 0.244831 0.341538
v 0.811351 0.246474 0.346645
v 0.812409 0.246723 0.346978
v 0.810741 0.245863 0.346249
v 0.805349 0.247783 0.349746
v 0.804627 0.247150 0.349394
v 0.806350 0.248078 0.350150
v 0.851480 0.240582 0.323513
v 0.835597 0.242600 0.332669
v 0.836202 0.242198 0.332885
v 0.852094 0.240047 0.323874
v 0.819357 0.244242 0.341367
v 0.819841 0.243813 0.341384
v 0.811006 0.245295 0.346130
v 0.804697 0.246514 0.349524
v 0.811826 0.244774 0.346078
v 0.806803 0.245809 0.349300
v 0.852906 0.240182 0.324391
v 0.837079 0.242302 0.333346
v 0.837643 0.242772 0.333772
v 0.853478 0.240713 0.324770
v 0.820642 0.243704 0.342049
v 0.820744 0.244635 0.342984
v 0.920102 0.204051 0.300028
v 0.921825 0.203187 0.299297
v 0.920693 0.204026 0.300190
v 0.919085 0.204877 0.300732
v 0.858323 0.235233 0.328201
v 0.846568 0.236998 0.334731
v 0.846683 0.236219 0.334974
v 0.859060 0.234799 0.328487
v 0.845860 0.236467 0.333845
v 0.857748 0.234697 0.327401
v 0.835264 0.238628 0.340403
v 0.834630 0.238427 0.339699
v 0.834716 0.238058 0.340955
v 0.857646 0.233554 0.326912
v 0.845319 0.235297 0.333338
v 0.845257 0.234270 0.333484
v 0.858024 0.232673 0.326995
v 0.833487 0.237305 0.339366
v 0.832617 0.236426 0.339731
v 0.858613 0.232458 0.327556
v 0.845694 0.234061 0.334211
v 0.846287 0.234272 0.334723
v 0.859121 0.232779 0.328045
v 0.832508 0.236222 0.340710
v 0.832898 0.236492 0.341237
v 0.859353 0.233579 0.328397
v 0.846553 0.235072 0.335033
v 0.833567 0.237137 0.341527
v 0.880581 0.230002 0.319272
v 0.869945 0.232996 0.323014
v 0.870100 0.232599 0.323393
v 0.880677 0.229930 0.320046
v 0.869485 0.232470 0.322243
v 0.880229 0.229485 0.318521
v 0.879626 0.228641 0.318176
v 0.869210 0.231449 0.321862
v 0.869160 0.230573 0.321945
v 0.879238 0.227886 0.318392
v 0.879270 0.227845 0.319123
v 0.869552 0.230521 0.322680
v 0.869900 0.230946 0.323295
v 0.879697 0.228289 0.319943
v 0.880228 0.229211 0.320217
v 0.870178 0.231841 0.323686
v 0.895266 0.220582 0.314029
v 0.889390 0.225434 0.316469
v 0.889304 0.225261 0.317055
v 0.888848 0.225173 0.315742
v 0.894843 0.220389 0.313407
v 0.894003 0.219985 0.313231
v 0.888122 0.224550 0.315497
v 0.887544 0.224008 0.315714
v 0.887652 0.223874 0.316432
v 0.888146 0.224151 0.317155
v 0.888925 0.224758 0.317408
v 0.899464 0.216873 0.311893
v 0.899018 0.216737 0.311347
v 0.898299 0.216265 0.311142
v 0.915552 0.206919 0.302107
v 0.916062 0.206788 0.302260
v 0.916480 0.206914 0.302290
v 0.825935 0.241661 0.343454
v 0.825033 0.241483 0.344414
v 0.826064 0.241204 0.342562
v 0.819502 0.244471 0.344971
v 0.820591 0.243795 0.343812
v 0.818290 0.244587 0.346054
v 0.813599 0.246028 0.347582
v 0.816416 0.245340 0.345819
v 0.814806 0.245755 0.346535
v 0.808280 0.247029 0.349889
v 0.817943 0.244838 0.344560
v 0.824839 0.240374 0.342399
v 0.823366 0.239718 0.342941
v 0.819346 0.242966 0.343569
v 0.817581 0.242693 0.344135
v 0.817060 0.244167 0.343970
v 0.815214 0.244039 0.344499
v 0.822546 0.239718 0.343993
v 0.816042 0.242958 0.345416
v 0.822673 0.240120 0.344770
v 0.815351 0.243439 0.346461
v 0.812922 0.244332 0.345982
v 0.811525 0.244842 0.347442
v 0.823393 0.240843 0.345044
v 0.816492 0.244057 0.346543
v 0.812264 0.245423 0.347774
v 0.807301 0.246167 0.349834
v 0.916336 0.215416 0.291763
v 0.912026 0.215885 0.295496
v 0.912038 0.215499 0.295542
v 0.914991 0.215381 0.292878
v 0.911881 0.216072 0.295209
v 0.914852 0.215756 0.292655
v 0.906235 0.217685 0.299632
v 0.906078 0.217927 0.299280
v 0.906056 0.217304 0.299752
v 0.886139 0.231305 0.307525
v 0.886303 0.231884 0.307213
v 0.877008 0.236030 0.310607
v 0.877177 0.235165 0.310837
v 0.894180 0.227086 0.304924
v 0.893780 0.226714 0.305277
v 0.886077 0.232228 0.306605
v 0.894234 0.227211 0.304282
v 0.876544 0.236563 0.310070
v 0.911445 0.215973 0.294903
v 0.905657 0.217709 0.298846
v 0.915965 0.215488 0.291390
v 0.911121 0.215646 0.294677
v 0.914402 0.215485 0.292298
v 0.905185 0.217341 0.298576
v 0.885511 0.231967 0.306020
v 0.875734 0.236377 0.309524
v 0.893739 0.226938 0.303714
v 0.884915 0.231439 0.305714
v 0.893124 0.226491 0.303460
v 0.875268 0.235702 0.309209
v 0.911025 0.215325 0.294778
v 0.905047 0.216896 0.298687
v 0.915809 0.215076 0.291310
v 0.911332 0.215043 0.294969
v 0.914558 0.215097 0.292511
v 0.905172 0.216704 0.299038
v 0.892706 0.226117 0.303824
v 0.884775 0.230837 0.306051
v 0.884955 0.230506 0.306656
v 0.892663 0.225988 0.304457
v 0.875296 0.234899 0.309465
v 0.875882 0.234323 0.309990
v 0.916187 0.215001 0.291680
v 0.911664 0.215209 0.295331
v 0.905633 0.216868 0.299469
v 0.893148 0.226263 0.305033
v 0.885584 0.230745 0.307240
v 0.876565 0.234535 0.310545
v 0.917532 0.215134 0.290375
v 0.773313 0.269675 0.353953
v 0.785216 0.266710 0.348704
v 0.785854 0.266179 0.349461
v 0.773573 0.269303 0.354785
v 0.785146 0.267698 0.348113
v 0.773354 0.270598 0.353306
v 0.795683 0.263469 0.344387
v 0.795055 0.264625 0.344041
v 0.796654 0.262882 0.344986
v 0.753322 0.274998 0.361523
v 0.752914 0.275248 0.360736
v 0.732627 0.278462 0.366982
v 0.732739 0.278407 0.368001
v 0.753370 0.276074 0.359908
v 0.732672 0.279287 0.366267
v 0.774195 0.271547 0.353242
v 0.785973 0.268618 0.348088
v 0.786991 0.269090 0.348533
v 0.774894 0.272108 0.353721
v 0.795845 0.265546 0.344085
v 0.796895 0.265989 0.344540
v 0.754062 0.277184 0.359879
v 0.733541 0.280514 0.366119
v 0.755040 0.277939 0.360238
v 0.734097 0.281453 0.366719
v 0.787123 0.268725 0.349497
v 0.797318 0.265597 0.345444
v 0.775235 0.271735 0.354565
v 0.786887 0.267865 0.350263
v 0.774922 0.270894 0.355284
v 0.797258 0.264708 0.346072
v 0.734558 0.281351 0.367573
v 0.755140 0.277697 0.361145
v 0.755009 0.276863 0.361835
v 0.734201 0.280557 0.368433
v 0.786362 0.266821 0.350108
v 0.797144 0.263534 0.345738
v 0.774359 0.269872 0.355271
v 0.733656 0.279327 0.368420
v 0.754003 0.275774 0.361989
v 0.742253 0.263853 0.377575
v 0.742862 0.263618 0.378376
v 0.752120 0.260817 0.373509
v 0.751712 0.261122 0.372690
v 0.735110 0.266504 0.382938
v 0.734142 0.266550 0.382144
v 0.742775 0.263033 0.378959
v 0.735125 0.265978 0.383566
v 0.751597 0.260132 0.374164
v 0.763744 0.257395 0.368429
v 0.763953 0.257700 0.367242
v 0.762984 0.256692 0.369231
v 0.777836 0.253802 0.362771
v 0.776857 0.253139 0.363663
v 0.778144 0.254113 0.361518
v 0.739569 0.262712 0.376932
v 0.740787 0.263412 0.377024
v 0.750684 0.260665 0.371970
v 0.749416 0.259906 0.371866
v 0.732742 0.266071 0.381456
v 0.731504 0.265381 0.381427
v 0.761914 0.256471 0.366188
v 0.763063 0.257252 0.366422
v 0.777466 0.253686 0.360556
v 0.776281 0.252960 0.360359
v 0.731522 0.264789 0.382223
v 0.739277 0.262062 0.377672
v 0.740001 0.261818 0.378535
v 0.732400 0.264577 0.383205
v 0.749056 0.259186 0.372447
v 0.749290 0.258907 0.373400
v 0.760948 0.255475 0.368190
v 0.761049 0.255795 0.367064
v 0.775309 0.252278 0.361279
v 0.774933 0.252007 0.362588
v 0.733952 0.265162 0.383663
v 0.741397 0.262304 0.379017
v 0.750517 0.259337 0.373984
v 0.761762 0.255944 0.369051
v 0.775710 0.252402 0.363471
v 0.791666 0.248702 0.355788
v 0.792574 0.249050 0.356327
v 0.793619 0.249674 0.356499
v 0.792070 0.249658 0.354335
v 0.791551 0.249021 0.354950
v 0.792992 0.250340 0.354625
v 0.793829 0.250691 0.355341
v 0.807093 0.247581 0.350113
v 0.794010 0.250333 0.356065
v 0.807068 0.262005 0.338557
v 0.808488 0.260753 0.338463
v 0.818936 0.259098 0.333285
v 0.816902 0.260391 0.333781
v 0.810097 0.260053 0.338662
v 0.822358 0.257986 0.332506
v 0.816329 0.261561 0.334393
v 0.807116 0.263088 0.338898
v 0.808064 0.263570 0.339335
v 0.817045 0.262080 0.334794
v 0.818920 0.261401 0.334703
v 0.809224 0.263013 0.339741
v 0.810228 0.261933 0.339837
v 0.822292 0.259950 0.333724
v 0.810560 0.260733 0.339261
v 0.821316 0.258961 0.333866
v 0.821527 0.245116 0.342576
v 0.813530 0.246376 0.346923
v 0.888672 0.242833 0.290354
v 0.890296 0.242768 0.289314
v 0.888911 0.242852 0.290655
v 0.887427 0.243037 0.291629
v 0.888577 0.243348 0.290400
v 0.887172 0.243431 0.291402
v 0.888816 0.243367 0.290701
v 0.887329 0.243843 0.291650
v 0.887583 0.243452 0.291875
v 0.851414 0.250251 0.321412
v 0.842292 0.254710 0.325280
v 0.842573 0.255063 0.325840
v 0.851900 0.250387 0.321668
v 0.841278 0.254316 0.325432
v 0.850698 0.249921 0.321548
v 0.834847 0.257856 0.327192
v 0.833653 0.257241 0.327249
v 0.834877 0.258363 0.327978
v 0.830730 0.259000 0.328368
v 0.830433 0.259682 0.329241
v 0.829740 0.258265 0.328304
v 0.831909 0.258856 0.327141
v 0.829779 0.258250 0.327537
v 0.829846 0.260036 0.328677
v 0.839928 0.254018 0.326386
v 0.831650 0.256973 0.328450
v 0.850139 0.249557 0.322247
v 0.838999 0.254005 0.327514
v 0.849977 0.249347 0.322925
v 0.830022 0.257054 0.329891
v 0.827784 0.257827 0.329480
v 0.826018 0.257874 0.331007
v 0.826069 0.257982 0.329996
v 0.703203 0.263444 0.387454
v 0.700752 0.257812 0.386909
v 0.699440 0.258380 0.387968
v 0.702109 0.264137 0.388564
v 0.702688 0.256851 0.386409
v 0.705169 0.262427 0.386868
v 0.699081 0.253411 0.387416
v 0.700778 0.252347 0.386728
v 0.698106 0.253850 0.388360
v 0.888570 0.239579 0.297081
v 0.879269 0.239294 0.301508
v 0.879038 0.239985 0.301343
v 0.888474 0.240204 0.296955
v 0.879629 0.238795 0.301812
v 0.888848 0.239200 0.297420
v 0.870109 0.240069 0.307669
v 0.870577 0.239713 0.308057
v 0.869942 0.240765 0.307394
v 0.704496 0.255933 0.386929
v 0.702207 0.251230 0.387269
v 0.706651 0.261697 0.387552
v 0.705169 0.255498 0.387972
v 0.707245 0.261534 0.388713
v 0.702817 0.250520 0.388069
v 0.888702 0.240728 0.297152
v 0.879430 0.240508 0.301418
v 0.879875 0.240653 0.301666
v 0.889046 0.240921 0.297525
v 0.870097 0.241295 0.307522
v 0.870557 0.241570 0.307818
v 0.703877 0.256102 0.388939
v 0.701772 0.250913 0.389104
v 0.705924 0.262394 0.389783
v 0.701812 0.257121 0.389498
v 0.704077 0.263449 0.390169
v 0.700081 0.252111 0.389860
v 0.889308 0.240582 0.297863
v 0.880350 0.240232 0.301949
v 0.880436 0.239540 0.302170
v 0.889382 0.239982 0.298021
v 0.870881 0.241269 0.308200
v 0.871137 0.240587 0.308507
v 0.702532 0.264131 0.389662
v 0.700184 0.257982 0.388905
v 0.698761 0.253146 0.389286
v 0.889176 0.239430 0.297793
v 0.880189 0.238993 0.302056
v 0.870907 0.239938 0.308424
v 0.713588 0.284268 0.373073
v 0.715316 0.283919 0.373714
v 0.705940 0.279228 0.375941
v 0.705430 0.280031 0.375093
v 0.713210 0.282008 0.372003
v 0.714739 0.280922 0.372316
v 0.693877 0.270851 0.381901
v 0.694567 0.269798 0.381817
v 0.698887 0.274023 0.380462
v 0.698092 0.275125 0.380839
v 0.714311 0.283456 0.374996
v 0.859738 0.243902 0.315016
v 0.859797 0.244405 0.314601
v 0.859999 0.243491 0.315452
v 0.704906 0.282220 0.376581
v 0.705309 0.282162 0.377851
v 0.699583 0.273302 0.379391
v 0.695822 0.269148 0.380459
v 0.691497 0.268424 0.380329
v 0.695048 0.271677 0.378843
v 0.696260 0.270647 0.378106
v 0.692627 0.267421 0.379733
v 0.694143 0.272239 0.379764
v 0.690201 0.268857 0.381491
v 0.860376 0.244756 0.314439
v 0.860962 0.244806 0.314570
v 0.697707 0.276314 0.378773
v 0.698489 0.275625 0.377606
v 0.705011 0.281262 0.375495
v 0.714558 0.282975 0.371731
v 0.713877 0.281161 0.373986
v 0.861273 0.244484 0.314972
v 0.861150 0.243970 0.315441
v 0.851744 0.250232 0.322411
v 0.851183 0.249892 0.323052
v 0.690425 0.266165 0.383271
v 0.691725 0.265661 0.382062
v 0.699376 0.274546 0.377139
v 0.689495 0.267239 0.383569
v 0.860629 0.243607 0.315569
v 0.850455 0.249538 0.323252
v 0.839438 0.257329 0.321837
v 0.840004 0.257808 0.322225
v 0.851418 0.255476 0.314820
v 0.850890 0.255034 0.314462
v 0.839726 0.258806 0.322651
v 0.851440 0.256311 0.315029
v 0.901095 0.234333 0.291246
v 0.902623 0.233173 0.290545
v 0.901016 0.234058 0.291229
v 0.899479 0.235104 0.291979
v 0.901130 0.234307 0.291469
v 0.899623 0.235350 0.292209
v 0.901052 0.234033 0.291452
v 0.899629 0.235052 0.292399
v 0.899499 0.234788 0.292162
v 0.838508 0.259785 0.322825
v 0.828266 0.261076 0.328752
v 0.850743 0.257256 0.314879
v 0.837182 0.260392 0.322743
v 0.849859 0.257711 0.314550
v 0.826427 0.261677 0.328934
v 0.823495 0.261077 0.332036
v 0.826141 0.260145 0.331392
v 0.821497 0.261762 0.332337
v 0.837344 0.243522 0.333856
v 0.853230 0.241584 0.324726
v 0.849294 0.257352 0.314176
v 0.836580 0.259887 0.322353
v 0.836841 0.258925 0.321920
v 0.849290 0.256450 0.313977
v 0.825782 0.261192 0.328550
v 0.826378 0.260080 0.327917
v 0.820824 0.261218 0.331942
v 0.821553 0.260063 0.331239
v 0.849990 0.255564 0.314117
v 0.838103 0.257854 0.321749
v 0.828255 0.258938 0.327413
v 0.823661 0.258861 0.330596
v 0.884145 0.243745 0.294665
v 0.883940 0.243494 0.294414
v 0.884257 0.244120 0.294743
v 0.875872 0.246295 0.300093
v 0.876089 0.246844 0.300157
v 0.875553 0.246053 0.299820
v 0.862792 0.251349 0.306065
v 0.863280 0.251696 0.306373
v 0.863410 0.252390 0.306481
v 0.884102 0.244551 0.294630
v 0.883875 0.244721 0.294363
v 0.875857 0.247357 0.299950
v 0.875529 0.247646 0.299607
v 0.826752 0.259394 0.331935
v 0.828716 0.259749 0.330709
v 0.833367 0.258532 0.329413
v 0.831383 0.258266 0.330602
v 0.841695 0.255051 0.326909
v 0.840369 0.254835 0.327918
v 0.825741 0.258575 0.331902
v 0.830090 0.257663 0.330700
v 0.839294 0.254363 0.328030
v 0.896040 0.237046 0.293580
v 0.896077 0.237423 0.293455
v 0.896204 0.236788 0.293788
v 0.896163 0.237786 0.293652
v 0.896390 0.237911 0.293897
v 0.896434 0.237718 0.294176
v 0.896490 0.237319 0.294250
v 0.896311 0.236977 0.294104
v 0.863058 0.253115 0.306226
v 0.862459 0.253510 0.305838
v 0.883639 0.244540 0.294158
v 0.875121 0.247374 0.299353
v 0.883556 0.244102 0.294024
v 0.874985 0.246871 0.299261
v 0.862005 0.253180 0.305528
v 0.861822 0.252487 0.305411
v 0.883683 0.243732 0.294189
v 0.875137 0.246312 0.299495
v 0.862230 0.251760 0.305675
v 0.685527 0.252714 0.392894
v 0.697474 0.252485 0.393634
v 0.696377 0.253751 0.394641
v 0.684697 0.254019 0.393709
v 0.698141 0.251764 0.392215
v 0.686341 0.252045 0.391467
v 0.726354 0.269417 0.387090
v 0.726716 0.268956 0.387659
v 0.725448 0.269392 0.386218
v 0.717309 0.270855 0.389775
v 0.716605 0.270636 0.388762
v 0.718047 0.270270 0.390231
v 0.724398 0.268670 0.385273
v 0.723717 0.267838 0.384896
v 0.716157 0.269782 0.387601
v 0.716319 0.268671 0.386987
v 0.724126 0.267145 0.385671
v 0.725070 0.267048 0.386804
v 0.717060 0.267952 0.387742
v 0.717975 0.267895 0.388952
v 0.726109 0.267874 0.387477
v 0.718220 0.269025 0.389901
v 0.709454 0.267678 0.388085
v 0.710459 0.266626 0.387458
v 0.708809 0.268596 0.389300
v 0.711759 0.265880 0.388182
v 0.712325 0.265852 0.389439
v 0.711762 0.266910 0.390437
v 0.710511 0.268161 0.390888
v 0.709495 0.268698 0.390341
v 0.702745 0.277543 0.379381
v 0.702942 0.276773 0.378342
v 0.706328 0.279123 0.377250
v 0.706294 0.280090 0.378273
v 0.705893 0.281368 0.378634
v 0.702140 0.278753 0.379775
v 0.689411 0.268304 0.382889
v 0.693477 0.271821 0.381341
v 0.702720 0.276971 0.376996
v 0.702209 0.277820 0.376140
v 0.701548 0.278994 0.376596
v 0.701151 0.279852 0.377742
v 0.692514 0.266285 0.380721
v 0.696148 0.269639 0.379328
v 0.701423 0.279691 0.379032
v 0.715518 0.281864 0.374287
v 0.685142 0.255789 0.391846
v 0.696003 0.255724 0.392714
v 0.697028 0.254318 0.391649
v 0.686066 0.254319 0.390618
v 0.695359 0.256283 0.394004
v 0.684377 0.256450 0.393147
v 0.686531 0.252729 0.390499
v 0.697770 0.252797 0.391635
v 0.684244 0.255562 0.393868
v 0.695511 0.255395 0.394770
v 0.900557 0.221906 0.302598
v 0.900581 0.222031 0.302092
v 0.900227 0.221531 0.302855
v 0.900120 0.221789 0.301573
v 0.899563 0.221353 0.301299
v 0.899215 0.221007 0.301549
v 0.899207 0.220845 0.302058
v 0.899655 0.221123 0.302573
v 0.864655 0.239566 0.315828
v 0.864110 0.238924 0.315463
v 0.865404 0.239779 0.316364
v 0.864331 0.238059 0.315632
v 0.864903 0.237502 0.316057
v 0.865754 0.237631 0.316593
v 0.866261 0.238270 0.316944
v 0.866088 0.239126 0.316790
v 0.679608 0.269622 0.389364
v 0.680256 0.270138 0.387913
v 0.679515 0.268444 0.390158
v 0.680302 0.267141 0.389253
v 0.681314 0.266345 0.387778
v 0.682127 0.267110 0.386283
v 0.682243 0.268294 0.385447
v 0.681390 0.269479 0.386202
v 0.673780 0.254300 0.391424
v 0.674843 0.253437 0.389893
v 0.672871 0.255854 0.392783
v 0.674305 0.257342 0.390756
v 0.673265 0.258187 0.392298
v 0.675214 0.255767 0.389404
v 0.675363 0.254205 0.389145
v 0.672769 0.257379 0.392947
v 0.603849 0.269608 0.376643
v 0.604515 0.270293 0.374875
v 0.603404 0.268043 0.377288
v 0.603530 0.266331 0.375953
v 0.604057 0.265280 0.373816
v 0.604762 0.266087 0.371980
v 0.605266 0.267692 0.371181
v 0.605076 0.269405 0.372627
v 0.599661 0.251399 0.379732
v 0.600352 0.249565 0.377641
v 0.599010 0.252370 0.382341
v 0.600624 0.247683 0.377824
v 0.600465 0.246706 0.379455
v 0.598858 0.251382 0.383974
v 0.599130 0.249538 0.384156
v 0.599804 0.247661 0.382111
v -0.751397 -0.119499 0.504089
v -0.005401 0.074426 0.434384
v -0.003951 0.072363 0.435325
v 0.012131 0.080410 0.434041
v 0.010673 0.082377 0.432737
v -0.003317 0.070166 0.434084
v 0.012816 0.077947 0.433043
v -0.007050 0.074920 0.430936
v 0.009024 0.082375 0.428946
v -0.004169 0.069213 0.430698
v 0.011981 0.076523 0.429615
v 0.499267 0.265006 0.353389
v 0.498931 0.265901 0.356096
v 0.499499 0.263153 0.351605
v 0.697645 0.276009 0.380059
v 0.699732 0.273630 0.378020
v 0.022969 0.082344 0.430452
v 0.021975 0.084635 0.431334
v 0.019795 0.086295 0.429825
v 0.019969 0.080497 0.423655
v 0.022086 0.080748 0.427133
v 0.010397 0.076622 0.426114
v 0.018334 0.085952 0.426536
v 0.017246 0.084428 0.422985
v 0.008231 0.081087 0.425800
v 0.018180 0.082219 0.422411
v 0.008911 0.078637 0.424825
v 0.026908 0.083722 0.428872
v 0.026288 0.086007 0.429687
v 0.025761 0.088103 0.429301
v 0.024331 0.081864 0.422068
v 0.025982 0.082090 0.425539
v 0.231029 0.175516 0.336527
v 0.231871 0.175882 0.335638
v 0.230621 0.175681 0.335962
v 0.230717 0.175757 0.336476
v 0.230735 0.175255 0.335677
v 0.230439 0.175517 0.335692
v 0.022316 0.085614 0.420195
v 0.022841 0.083624 0.420678
v 0.028699 0.090055 0.425597
v 0.025300 0.089540 0.427363
v 0.030346 0.089843 0.426120
v 0.021158 0.088303 0.427775
v 0.018492 0.086981 0.424497
v 0.018530 0.086447 0.421482
v 0.022179 0.087253 0.419270
v 0.026253 0.088232 0.419230
v 0.028099 0.087542 0.419037
v 0.028289 0.089493 0.421927
v 0.028851 0.089408 0.422300
v 0.027631 0.093683 0.422105
v 0.024838 0.093100 0.423742
v 0.021352 0.092060 0.424190
v 0.019277 0.090828 0.421720
v 0.019415 0.090315 0.418714
v 0.022172 0.090818 0.416930
v 0.025394 0.091820 0.416775
v 0.027327 0.093010 0.419062
v 0.026810 0.099272 0.416459
v 0.024768 0.099611 0.417168
v 0.022197 0.099639 0.416964
v 0.020435 0.098857 0.414819
v 0.020551 0.097911 0.412623
v 0.022719 0.097465 0.411736
v 0.025212 0.097568 0.412123
v 0.026816 0.098374 0.414171
v 0.028234 0.102939 0.412291
v 0.026299 0.103469 0.412771
v 0.024005 0.103370 0.412422
v 0.022527 0.102818 0.410335
v 0.022656 0.101848 0.408364
v 0.024434 0.101469 0.407717
v 0.026618 0.101396 0.408314
v 0.028065 0.102106 0.410355
v 0.030436 0.104849 0.410442
v 0.028757 0.105523 0.410692
v 0.027360 0.104353 0.411754
v 0.029173 0.103821 0.411378
v 0.026929 0.105598 0.410028
v 0.025171 0.104346 0.411277
v 0.009445 0.125477 0.439882
v 0.009395 0.125539 0.439908
v 0.009254 0.125504 0.439776
v 0.009383 0.125403 0.439828
v 0.009306 0.125540 0.439962
v 0.009193 0.125528 0.439888
v 0.025484 0.104579 0.406550
v 0.026937 0.103823 0.405794
v 0.025516 0.102570 0.406799
v 0.023596 0.103181 0.407417
v 0.029062 0.103459 0.406651
v 0.027779 0.102379 0.407545
v 0.030237 0.104059 0.408645
v 0.029004 0.103041 0.409531
v 0.044026 0.115379 0.401081
v 0.043157 0.116859 0.400876
v 0.033061 0.110476 0.406665
v 0.034347 0.109371 0.406780
v 0.041933 0.118143 0.399834
v 0.031624 0.111186 0.405645
v 0.041003 0.117809 0.397788
v 0.030496 0.111107 0.403854
v 0.040673 0.116713 0.396140
v 0.030354 0.110150 0.402341
v 0.041585 0.114972 0.396178
v 0.031430 0.108779 0.401989
v 0.042813 0.113896 0.397421
v 0.033114 0.108008 0.403154
v 0.043666 0.114323 0.399399
v 0.034107 0.108490 0.405151
v 0.077021 0.128867 0.388860
v 0.076197 0.130382 0.388653
v 0.058272 0.124105 0.394716
v 0.059078 0.122557 0.394912
v 0.075057 0.131669 0.387581
v 0.057129 0.125431 0.393657
v 0.074123 0.131275 0.385316
v 0.056167 0.125061 0.391410
v 0.073921 0.130182 0.383852
v 0.055934 0.123966 0.389959
v 0.074782 0.128421 0.383912
v 0.056779 0.122171 0.390016
v 0.075918 0.127336 0.385162
v 0.057920 0.121050 0.391255
v 0.076693 0.127759 0.387112
v 0.058717 0.121455 0.393187
v 0.097842 0.135241 0.381968
v 0.097119 0.136784 0.381701
v 0.096106 0.138102 0.380552
v 0.095245 0.137717 0.378234
v 0.095041 0.136616 0.376770
v 0.095792 0.134824 0.376894
v 0.096808 0.133708 0.378221
v 0.097522 0.134125 0.380214
v 0.116724 0.139594 0.375359
v 0.116122 0.141175 0.375071
v 0.115253 0.142524 0.373886
v 0.114464 0.142132 0.371532
v 0.114242 0.141005 0.370052
v 0.114861 0.139174 0.370196
v 0.115738 0.138035 0.371558
v 0.116394 0.138457 0.373582
v 0.137365 0.143749 0.368193
v 0.136778 0.145324 0.367908
v 0.135931 0.146665 0.366715
v 0.135159 0.146272 0.364334
v 0.134939 0.145147 0.362829
v 0.135542 0.143321 0.362971
v 0.136398 0.142185 0.364345
v 0.137040 0.142609 0.366393
v 0.165246 0.150028 0.358608
v 0.164687 0.151608 0.358329
v 0.163867 0.152951 0.357122
v 0.163118 0.152556 0.354694
v 0.162895 0.151427 0.353155
v 0.163472 0.149596 0.353282
v 0.164299 0.148456 0.354674
v 0.164922 0.148879 0.356765
v 0.185811 0.155424 0.351462
v 0.185261 0.156824 0.351230
v 0.184466 0.158024 0.350164
v 0.183775 0.157666 0.347965
v 0.183582 0.156670 0.346557
v 0.184153 0.155051 0.346643
v 0.184946 0.154041 0.347879
v 0.185523 0.154416 0.349776
v 0.221009 0.168775 0.340182
v 0.220610 0.169532 0.340062
v 0.205284 0.163092 0.345091
v 0.205813 0.161858 0.345273
v 0.220030 0.170199 0.339502
v 0.204518 0.164156 0.344169
v 0.219583 0.169977 0.338243
v 0.203876 0.163843 0.342204
v 0.219466 0.169435 0.337432
v 0.203704 0.162965 0.340935
v 0.219901 0.168544 0.337448
v 0.204263 0.161529 0.340980
v 0.220469 0.167991 0.338117
v 0.205026 0.160629 0.342058
v 0.220837 0.168223 0.339205
v 0.205557 0.160965 0.343753
v 0.231112 0.175250 0.336670
v 0.230883 0.174990 0.335899
v 0.231101 0.175132 0.336245
v -0.005758 0.069692 0.427397
v -0.007257 0.071793 0.426420
v 0.027850 0.085158 0.418765
v 0.028525 0.083217 0.420496
v 0.076183 0.102968 0.408799
v 0.054519 0.095648 0.418649
v 0.055220 0.093167 0.418123
v 0.076882 0.100478 0.408376
v 0.030855 0.087756 0.427895
v 0.030885 0.085185 0.427330
v 0.053006 0.097216 0.416992
v 0.074643 0.104446 0.406968
v 0.075989 0.098298 0.405236
v 0.054314 0.091094 0.414877
v 0.052634 0.090418 0.411247
v 0.074313 0.097497 0.401611
v 0.029978 0.083463 0.424058
v 0.229528 0.139254 0.357326
v 0.227859 0.140957 0.355139
v 0.242170 0.148691 0.354276
v 0.243936 0.146986 0.356405
v 0.226400 0.143465 0.355965
v 0.240384 0.151074 0.355087
v 0.097631 0.110596 0.395483
v 0.096060 0.109741 0.391944
v 0.072995 0.103635 0.403360
v 0.095177 0.107662 0.388828
v 0.072077 0.101500 0.400214
v 0.099807 0.106823 0.396901
v 0.099115 0.109189 0.397267
v 0.097359 0.103856 0.390248
v 0.098939 0.104742 0.393810
v 0.095868 0.105264 0.388454
v 0.072759 0.099011 0.399781
v 0.050423 0.094472 0.410108
v 0.051363 0.096482 0.413352
v 0.051089 0.092025 0.409558
v -0.007914 0.074047 0.427708
v 0.009201 0.125399 0.439809
v 0.009318 0.125358 0.439857
v 0.026665 0.106202 0.407606
v 0.009143 0.125456 0.439848
v 0.021990 0.105515 0.406212
v 0.023384 0.106440 0.405878
v 0.024760 0.107481 0.406751
v 0.024836 0.107670 0.408545
v 0.023601 0.106895 0.409925
v 0.022209 0.105955 0.410140
v 0.021064 0.105068 0.409205
v 0.020915 0.104813 0.407512
v 0.019492 0.108832 0.406376
v 0.020683 0.109550 0.406052
v 0.021920 0.110444 0.406668
v 0.021823 0.110595 0.408206
v 0.020720 0.110028 0.409394
v 0.019537 0.109300 0.409616
v 0.018601 0.108594 0.408864
v 0.018533 0.108334 0.407478
v 0.016106 0.113647 0.407398
v 0.017216 0.114278 0.407068
v 0.018183 0.114743 0.407850
v 0.018466 0.114808 0.409165
v 0.017503 0.114180 0.410330
v 0.016389 0.113551 0.410565
v 0.015434 0.113081 0.409849
v 0.015266 0.113071 0.408490
v 0.013410 0.118670 0.410548
v 0.014472 0.119194 0.410358
v 0.015533 0.119208 0.410974
v 0.015952 0.118754 0.411975
v 0.015100 0.117881 0.412832
v 0.014021 0.117382 0.412963
v 0.013013 0.117378 0.412351
v 0.012704 0.117896 0.411299
v 0.011461 0.123975 0.416528
v 0.012476 0.124351 0.416306
v 0.013518 0.124082 0.416746
v 0.014008 0.123399 0.417503
v 0.013320 0.122542 0.418114
v 0.012321 0.122194 0.418217
v 0.011278 0.122442 0.417851
v 0.010845 0.123191 0.417131
v 0.010796 0.127124 0.422346
v 0.011539 0.127576 0.422361
v 0.012356 0.127279 0.422620
v 0.012770 0.126489 0.422945
v 0.012249 0.125510 0.423107
v 0.011472 0.125115 0.423061
v 0.010676 0.125377 0.422826
v 0.010352 0.126222 0.422500
v 0.009913 0.128145 0.427739
v 0.010629 0.128432 0.427833
v 0.011322 0.128056 0.427994
v 0.011601 0.127311 0.428124
v 0.011051 0.126529 0.428104
v 0.010329 0.126286 0.428010
v 0.009642 0.126631 0.427852
v 0.009424 0.127423 0.427710
v 0.008532 0.128162 0.433435
v 0.009116 0.128362 0.433475
v 0.009631 0.128083 0.433456
v 0.009792 0.127538 0.433396
v 0.009288 0.126985 0.433310
v 0.008702 0.126822 0.433279
v 0.008192 0.127076 0.433298
v 0.008089 0.127649 0.433348
v 0.008373 0.126937 0.437530
v 0.008761 0.127122 0.437576
v 0.009156 0.127002 0.437502
v 0.009329 0.126681 0.437368
v 0.009041 0.126283 0.437241
v 0.008652 0.126118 0.437216
v 0.008267 0.126224 0.437281
v 0.008123 0.126575 0.437402
v -0.631042 0.015229 0.433574
v -0.632776 0.014816 0.435992
v -0.615708 0.030049 0.434795
v -0.614043 0.030141 0.432597
v -0.634355 0.013584 0.437635
v -0.617313 0.028303 0.436509
v -0.618008 0.024633 0.436755
v -0.634684 0.010165 0.438339
v -0.634009 0.008101 0.437190
v -0.617533 0.021687 0.435567
v -0.614956 0.021943 0.433289
v -0.631671 0.007617 0.434760
v -0.629971 0.010218 0.432404
v -0.612853 0.024641 0.431138
v -0.629787 0.012588 0.432437
v -0.612848 0.027711 0.431271
v -0.601856 0.037051 0.434620
v -0.599041 0.036698 0.432696
v -0.605071 0.034667 0.436272
v -0.605435 0.032046 0.436320
v -0.604399 0.028895 0.435266
v -0.600326 0.029241 0.433440
v -0.597924 0.031485 0.431512
v -0.596997 0.034935 0.431523
v -0.479430 -0.370522 0.306033
v -0.490337 -0.347052 0.316959
v -0.490858 -0.346161 0.313975
v -0.479877 -0.369645 0.303003
v -0.479259 -0.368352 0.300417
v -0.490268 -0.344626 0.311343
v -0.501434 -0.321447 0.321370
v -0.502262 -0.322844 0.323981
v -0.502055 -0.323647 0.326993
v -0.465548 -0.398675 0.293619
v -0.471613 -0.384813 0.299278
v -0.472101 -0.383727 0.296421
v -0.466025 -0.398290 0.291182
v -0.465421 -0.397768 0.289398
v -0.471405 -0.382433 0.294015
v -0.475709 -0.369958 0.307030
v -0.487014 -0.345014 0.317997
v -0.488705 -0.346324 0.318455
v -0.477522 -0.370932 0.307343
v -0.500482 -0.323022 0.328438
v -0.498740 -0.321722 0.328128
v -0.462157 -0.397819 0.295540
v -0.468075 -0.384290 0.300722
v -0.469804 -0.385052 0.300811
v -0.463894 -0.398388 0.295231
v -0.488567 -0.343304 0.310968
v -0.477489 -0.367319 0.300240
v -0.475593 -0.367617 0.301657
v -0.486869 -0.342814 0.312422
v -0.498093 -0.319566 0.322618
v -0.499659 -0.320176 0.321139
v -0.469674 -0.381527 0.293987
v -0.463684 -0.396931 0.289640
v -0.461988 -0.396666 0.291342
v -0.467866 -0.382063 0.295666
v -0.486386 -0.343513 0.315382
v -0.475105 -0.368557 0.304544
v -0.497901 -0.320325 0.325527
v -0.467334 -0.383244 0.298465
v -0.461559 -0.397109 0.293756
v -0.538222 -0.437524 0.240937
v -0.543992 -0.423330 0.253790
v -0.543246 -0.423751 0.254662
v -0.537560 -0.438255 0.241539
v -0.543179 -0.424366 0.255902
v -0.540820 -0.416480 0.257517
v -0.541152 -0.416888 0.256295
v -0.541551 -0.417625 0.254618
v -0.541090 -0.437887 0.242658
v -0.546173 -0.423447 0.254953
v -0.545227 -0.423204 0.254037
v -0.539724 -0.437360 0.241485
v -0.542233 -0.417783 0.254170
v -0.542914 -0.417486 0.254771
v -0.541417 -0.439229 0.243956
v -0.728312 -0.124466 0.458466
v -0.729349 -0.124277 0.458537
v -0.727536 -0.125023 0.450807
v -0.726355 -0.125386 0.450607
v -0.729807 -0.122890 0.458205
v -0.728914 -0.123077 0.458171
v -0.726533 -0.124164 0.450792
v -0.727531 -0.123800 0.450944
v -0.727938 -0.124047 0.458334
v -0.725697 -0.125164 0.450561
v -0.730289 -0.123170 0.458335
v -0.728265 -0.123892 0.450974
v -0.728026 -0.123546 0.458217
v -0.725734 -0.124726 0.450640
v -0.730017 -0.123777 0.458452
v -0.728218 -0.124387 0.451135
v -0.732262 -0.107369 0.522742
v -0.732201 -0.107410 0.522790
v -0.732214 -0.107361 0.522774
v -0.732264 -0.107322 0.522737
v -0.727117 -0.119582 0.492215
v -0.727480 -0.119380 0.492166
v -0.728414 -0.121489 0.494163
v -0.728339 -0.121534 0.494210
v -0.728412 -0.121543 0.494159
v -0.727621 -0.119491 0.491762
v -0.728414 -0.121575 0.494121
v -0.727629 -0.119661 0.491398
v -0.728363 -0.121616 0.494112
v -0.727298 -0.119949 0.491218
v -0.728321 -0.121612 0.494089
v -0.726863 -0.120176 0.491300
v -0.728268 -0.121620 0.494161
v -0.726647 -0.120138 0.491660
v -0.728284 -0.121569 0.494198
v -0.726729 -0.119882 0.492091
v -0.726762 -0.104749 0.511670
v -0.726824 -0.104557 0.511145
v -0.727116 -0.103852 0.512773
v -0.727122 -0.104009 0.513149
v -0.727022 -0.104906 0.512195
v -0.727393 -0.104163 0.513518
v -0.727397 -0.104888 0.512376
v -0.727757 -0.104156 0.513630
v -0.727672 -0.104565 0.511999
v -0.727969 -0.103865 0.513275
v -0.727685 -0.104307 0.511487
v -0.727925 -0.103638 0.512891
v -0.727534 -0.104115 0.510911
v -0.727717 -0.103472 0.512496
v -0.727173 -0.104195 0.510851
v -0.727391 -0.103537 0.512524
v -0.728364 -0.101999 0.516537
v -0.728335 -0.101875 0.516306
v -0.728749 -0.100541 0.517479
v -0.728770 -0.100581 0.517704
v -0.728590 -0.102117 0.516757
v -0.728939 -0.100584 0.517926
v -0.728870 -0.102071 0.516817
v -0.729125 -0.100441 0.517945
v -0.729024 -0.101881 0.516573
v -0.729268 -0.100359 0.517776
v -0.728967 -0.101719 0.516337
v -0.729241 -0.100329 0.517579
v -0.728782 -0.101589 0.516099
v -0.729101 -0.100305 0.517338
v -0.728532 -0.101630 0.516146
v -0.728896 -0.100360 0.517331
v -0.727684 -0.103123 0.514824
v -0.727654 -0.102974 0.514547
v -0.727950 -0.103272 0.515089
v -0.728285 -0.103238 0.515164
v -0.728467 -0.102998 0.514866
v -0.728402 -0.102792 0.514576
v -0.728186 -0.102633 0.514291
v -0.727891 -0.102687 0.514351
v -0.732321 -0.107333 0.522708
v -0.732300 -0.107385 0.522728
v -0.732260 -0.107427 0.522756
v -0.732212 -0.107435 0.522787
v -0.732305 -0.107304 0.522714
v -0.728908 -0.099004 0.518126
v -0.728898 -0.098990 0.517981
v -0.729051 -0.097680 0.517936
v -0.729047 -0.097664 0.517977
v -0.729011 -0.098975 0.518262
v -0.729072 -0.097637 0.518018
v -0.729135 -0.098885 0.518277
v -0.729111 -0.097616 0.518019
v -0.729230 -0.098832 0.518166
v -0.729144 -0.097626 0.517996
v -0.729217 -0.098832 0.518044
v -0.729145 -0.097643 0.517963
v -0.729133 -0.098844 0.517894
v -0.729127 -0.097664 0.517920
v -0.728997 -0.098879 0.517888
v -0.729089 -0.097672 0.517910
v -0.722148 -0.113985 0.428374
v -0.721974 -0.113267 0.428176
v -0.720977 -0.116484 0.434288
v -0.721041 -0.117063 0.434172
v -0.722794 -0.112518 0.428140
v -0.721799 -0.115852 0.434578
v -0.724314 -0.112274 0.428580
v -0.723008 -0.115699 0.434932
v -0.725641 -0.112853 0.429072
v -0.723977 -0.116099 0.435073
v -0.725652 -0.113688 0.429161
v -0.724071 -0.116746 0.434919
v -0.724671 -0.114232 0.429013
v -0.723413 -0.117175 0.434668
v -0.723215 -0.114487 0.428740
v -0.722027 -0.117442 0.434290
v -0.724153 -0.124257 0.445203
v -0.724177 -0.123835 0.445363
v -0.721749 -0.119930 0.438206
v -0.722595 -0.120030 0.438204
v -0.723879 -0.119590 0.438558
v -0.724464 -0.119159 0.438876
v -0.724390 -0.118729 0.439054
v -0.723603 -0.118636 0.439063
v -0.722562 -0.118936 0.438781
v -0.721762 -0.119526 0.438424
v -0.729448 -0.118710 0.467577
v -0.729216 -0.119309 0.467901
v -0.730289 -0.118109 0.467467
v -0.731228 -0.117921 0.467650
v -0.731751 -0.118139 0.468044
v -0.731367 -0.118708 0.468293
v -0.730621 -0.119259 0.468432
v -0.729656 -0.119502 0.468194
v -0.728005 -0.113411 0.476529
v -0.728417 -0.113595 0.476976
v -0.729240 -0.113408 0.477217
v -0.729970 -0.112610 0.477105
v -0.730176 -0.112001 0.476759
v -0.729671 -0.111864 0.476283
v -0.728850 -0.112219 0.476010
v -0.728024 -0.112925 0.476128
v -0.726622 -0.110531 0.481289
v -0.726684 -0.109938 0.480978
v -0.725030 -0.107626 0.485589
v -0.725131 -0.108330 0.485803
v -0.727470 -0.109237 0.480873
v -0.725759 -0.106922 0.485372
v -0.728324 -0.108957 0.481136
v -0.726540 -0.106508 0.485404
v -0.728765 -0.109170 0.481484
v -0.727129 -0.106958 0.485603
v -0.728484 -0.109875 0.481741
v -0.727249 -0.107529 0.485778
v -0.727893 -0.110585 0.481909
v -0.726353 -0.108528 0.485765
v -0.727003 -0.110851 0.481637
v -0.725764 -0.108668 0.485889
v -0.725016 -0.108267 0.486171
v -0.724916 -0.107546 0.485961
v -0.724934 -0.107387 0.486445
v -0.725031 -0.108111 0.486671
v -0.725644 -0.106836 0.485738
v -0.725640 -0.106672 0.486222
v -0.726412 -0.106425 0.485773
v -0.726392 -0.106268 0.486270
v -0.727098 -0.106792 0.485939
v -0.727063 -0.106644 0.486450
v -0.727318 -0.107282 0.486152
v -0.726980 -0.107264 0.486689
v -0.728309 -0.121624 0.494217
v -0.725483 -0.108623 0.486269
v -0.725657 -0.108436 0.486803
v -0.724931 -0.107611 0.489353
v -0.724775 -0.106871 0.489259
v -0.724823 -0.106802 0.493571
v -0.724926 -0.107363 0.493606
v -0.725253 -0.106055 0.489272
v -0.725294 -0.105907 0.493455
v -0.725955 -0.105759 0.489273
v -0.725905 -0.105607 0.493398
v -0.726526 -0.106144 0.489185
v -0.726416 -0.106101 0.493381
v -0.726562 -0.106991 0.489270
v -0.726441 -0.106761 0.493415
v -0.726051 -0.107878 0.489576
v -0.726181 -0.107590 0.493539
v -0.725398 -0.108038 0.489422
v -0.725466 -0.107729 0.493595
v -0.725162 -0.108024 0.497123
v -0.725020 -0.107435 0.497061
v -0.725623 -0.107219 0.500375
v -0.725880 -0.107531 0.500421
v -0.725404 -0.106705 0.497046
v -0.726067 -0.106644 0.500295
v -0.725920 -0.106445 0.496940
v -0.726565 -0.106465 0.500251
v -0.726357 -0.106759 0.496761
v -0.726877 -0.106744 0.500247
v -0.726436 -0.107452 0.496859
v -0.727054 -0.107142 0.500323
v -0.726152 -0.108281 0.497069
v -0.726778 -0.107690 0.500388
v -0.725548 -0.108459 0.497198
v -0.726206 -0.107860 0.500468
v -0.727123 -0.105040 0.509979
v -0.727015 -0.104756 0.510054
v -0.726981 -0.104873 0.510924
v -0.726994 -0.105300 0.511085
v -0.729098 -0.097648 0.517966
v -0.727772 -0.104270 0.509944
v -0.728213 -0.104473 0.510024
v -0.728136 -0.104738 0.511085
v -0.727791 -0.104483 0.511030
v -0.728194 -0.104935 0.510207
v -0.728143 -0.105171 0.511212
v -0.727897 -0.105264 0.510264
v -0.727832 -0.105500 0.511281
v -0.727381 -0.105307 0.510153
v -0.727281 -0.105575 0.511231
v -0.728142 -0.105466 0.515590
v -0.728204 -0.105104 0.515701
v -0.729353 -0.105659 0.518124
v -0.729265 -0.105941 0.518073
v -0.728500 -0.104916 0.515689
v -0.729594 -0.105492 0.518088
v -0.728794 -0.104913 0.515595
v -0.729834 -0.105491 0.517973
v -0.728958 -0.105145 0.515449
v -0.729943 -0.105682 0.517828
v -0.728899 -0.105457 0.515343
v -0.729896 -0.105965 0.517819
v -0.728622 -0.105696 0.515343
v -0.729651 -0.106153 0.517840
v -0.728268 -0.105731 0.515453
v -0.729352 -0.106161 0.517949
v -0.730375 -0.107047 0.520093
v -0.730485 -0.106851 0.520091
v -0.731620 -0.107410 0.521898
v -0.731557 -0.107541 0.521909
v -0.730666 -0.106711 0.520044
v -0.731744 -0.107314 0.521849
v -0.730852 -0.106713 0.519908
v -0.731863 -0.107303 0.521765
v -0.730914 -0.106856 0.519753
v -0.731904 -0.107393 0.521684
v -0.730883 -0.107105 0.519830
v -0.731875 -0.107552 0.521735
v -0.730672 -0.107240 0.519870
v -0.731743 -0.107648 0.521776
v -0.730426 -0.107220 0.519979
v -0.731589 -0.107644 0.521850
v -0.726238 -0.108161 0.487370
v -0.726444 -0.109364 0.488509
v -0.725800 -0.109847 0.488965
v -0.726873 -0.109403 0.488062
v -0.726891 -0.109668 0.487552
v -0.726169 -0.110339 0.487413
v -0.725570 -0.110449 0.487483
v -0.725194 -0.110307 0.487931
v -0.725247 -0.110065 0.488505
v -0.725473 -0.111592 0.490123
v -0.726000 -0.111514 0.489930
v -0.726474 -0.114154 0.491125
v -0.725883 -0.114337 0.491108
v -0.726526 -0.111496 0.489630
v -0.726982 -0.114218 0.490727
v -0.726620 -0.111732 0.489044
v -0.726970 -0.114525 0.490190
v -0.726067 -0.112112 0.488745
v -0.726514 -0.114736 0.489828
v -0.725445 -0.112242 0.488737
v -0.725816 -0.115033 0.489824
v -0.724990 -0.112098 0.489144
v -0.725296 -0.115027 0.490282
v -0.724942 -0.111786 0.489742
v -0.725400 -0.114709 0.490854
v -0.726914 -0.117612 0.491128
v -0.726350 -0.117891 0.491240
v -0.727313 -0.117663 0.490685
v -0.727279 -0.117917 0.490199
v -0.726864 -0.118208 0.489939
v -0.726275 -0.118517 0.490046
v -0.725856 -0.118525 0.490494
v -0.725847 -0.118187 0.491019
v -0.726305 -0.105626 0.504698
v -0.726372 -0.105902 0.504788
v -0.726784 -0.105119 0.504638
v -0.727441 -0.104349 0.509784
v -0.727206 -0.104977 0.504605
v -0.727471 -0.105239 0.504506
v -0.727346 -0.105749 0.505101
v -0.727146 -0.106021 0.504906
v -0.726615 -0.106140 0.504884
v -0.727022 -0.105446 0.511859
v -0.726952 -0.105100 0.511832
v -0.727403 -0.104857 0.512233
v -0.727834 -0.104652 0.511843
v -0.728176 -0.104928 0.511917
v -0.728177 -0.105358 0.512055
v -0.727863 -0.105678 0.512130
v -0.727304 -0.105749 0.512101
v -0.758027 -0.138946 0.516339
v -0.758168 -0.138700 0.516185
v -0.759371 -0.140845 0.513440
v -0.759105 -0.141151 0.513580
v -0.757627 -0.138768 0.515838
v -0.757436 -0.139056 0.516035
v -0.758147 -0.141467 0.513157
v -0.758501 -0.141088 0.512960
v -0.757919 -0.138567 0.515846
v -0.759001 -0.140777 0.513023
v -0.757753 -0.139159 0.516353
v -0.758633 -0.141473 0.513545
v -0.758144 -0.138528 0.515991
v -0.759368 -0.140660 0.513230
v -0.757507 -0.139223 0.516241
v -0.758232 -0.141620 0.513383
v -0.761181 -0.145335 0.485134
v -0.760594 -0.145346 0.485133
v -0.760705 -0.144918 0.482592
v -0.761279 -0.144894 0.482438
v -0.760667 -0.144526 0.476204
v -0.759763 -0.145690 0.475588
v -0.758973 -0.145759 0.479129
v -0.759656 -0.146113 0.482584
v -0.758912 -0.144678 0.478051
v -0.759750 -0.143916 0.477577
v -0.760180 -0.144233 0.478962
v -0.759462 -0.144807 0.479301
v -0.760528 -0.143674 0.476561
v -0.760691 -0.144211 0.478408
v -0.760023 -0.145369 0.482667
v -0.772532 -0.145082 0.511009
v -0.772566 -0.144986 0.510991
v -0.772602 -0.145014 0.510929
v -0.772594 -0.145097 0.510918
v -0.760194 -0.146784 0.500846
v -0.759770 -0.147758 0.500765
v -0.759801 -0.147824 0.499950
v -0.760233 -0.146836 0.500017
v -0.760972 -0.146151 0.500991
v -0.761015 -0.146224 0.500140
v -0.772503 -0.145180 0.511034
v -0.772551 -0.145168 0.510967
v -0.761777 -0.146621 0.501038
v -0.761630 -0.146069 0.501100
v -0.761681 -0.146159 0.500229
v -0.761826 -0.146722 0.500151
v -0.760205 -0.148055 0.500654
v -0.760156 -0.148256 0.499849
v -0.783471 -0.151201 0.475991
v -0.783284 -0.151386 0.476406
v -0.785877 -0.151675 0.476619
v -0.785920 -0.151539 0.476335
v -0.783681 -0.150847 0.475920
v -0.786023 -0.151299 0.476283
v -0.783804 -0.150548 0.476122
v -0.786115 -0.151105 0.476416
v -0.783719 -0.150535 0.476576
v -0.786131 -0.151110 0.476725
v -0.783566 -0.150675 0.476945
v -0.786100 -0.151215 0.476978
v -0.783373 -0.151003 0.477003
v -0.786005 -0.151437 0.477020
v -0.779367 -0.150264 0.475001
v -0.779556 -0.149839 0.475249
v -0.783237 -0.151315 0.476827
v -0.779535 -0.150366 0.474559
v -0.779909 -0.150121 0.474142
v -0.780261 -0.149649 0.474127
v -0.780434 -0.149254 0.474413
v -0.780210 -0.149217 0.474901
v -0.779888 -0.149395 0.475261
v -0.775162 -0.149135 0.471148
v -0.775433 -0.148582 0.471546
v -0.775990 -0.148741 0.471880
v -0.775729 -0.149280 0.471505
v -0.775270 -0.149242 0.470480
v -0.775844 -0.149383 0.470872
v -0.775663 -0.148893 0.469902
v -0.776235 -0.149048 0.470328
v -0.787661 -0.149093 0.463707
v -0.787641 -0.149145 0.463694
v -0.787635 -0.149138 0.463744
v -0.787647 -0.149101 0.463771
v -0.787684 -0.149035 0.463719
v -0.787669 -0.149054 0.463762
v -0.776174 -0.147737 0.470976
v -0.776358 -0.147742 0.470290
v -0.776904 -0.147926 0.470696
v -0.776716 -0.147920 0.471347
v -0.775851 -0.148003 0.471501
v -0.776395 -0.148178 0.471846
v -0.772371 -0.146587 0.469660
v -0.771955 -0.147301 0.469721
v -0.769483 -0.146326 0.469671
v -0.769764 -0.145722 0.469551
v -0.772668 -0.146100 0.469009
v -0.769842 -0.145262 0.469018
v -0.772646 -0.146243 0.468132
v -0.769682 -0.145258 0.468144
v -0.772363 -0.146837 0.467659
v -0.769395 -0.145825 0.467603
v -0.771992 -0.147498 0.467723
v -0.769185 -0.146504 0.467677
v -0.771738 -0.147902 0.468363
v -0.769177 -0.146927 0.468273
v -0.771710 -0.147897 0.469135
v -0.769287 -0.146934 0.469105
v -0.765057 -0.146512 0.471338
v -0.765557 -0.145731 0.471767
v -0.764811 -0.146451 0.470374
v -0.764967 -0.145688 0.469552
v -0.765398 -0.144758 0.469459
v -0.766000 -0.144128 0.470207
v -0.766306 -0.144161 0.471123
v -0.766155 -0.144800 0.471775
v -0.761002 -0.145775 0.474080
v -0.761445 -0.145390 0.474511
v -0.760201 -0.146174 0.473347
v -0.759694 -0.145772 0.472662
v -0.759881 -0.145070 0.472725
v -0.760780 -0.144215 0.473289
v -0.761600 -0.143961 0.473911
v -0.761915 -0.144480 0.474502
v -0.758543 -0.146368 0.474424
v -0.758078 -0.145617 0.473641
v -0.758662 -0.144481 0.473579
v -0.758581 -0.144073 0.474322
v -0.759701 -0.143671 0.475658
v -0.757442 -0.146671 0.475906
v -0.757775 -0.146891 0.475056
v -0.757122 -0.146381 0.474088
v -0.756563 -0.146504 0.474861
v -0.758247 -0.145944 0.477729
v -0.757533 -0.145971 0.476592
v -0.756737 -0.145885 0.475518
v -0.758588 -0.146864 0.476200
v -0.758220 -0.144688 0.476937
v -0.757442 -0.144781 0.475880
v -0.758188 -0.146659 0.477072
v -0.788644 -0.152259 0.477536
v -0.788707 -0.152124 0.477551
v -0.788755 -0.152089 0.477380
v -0.788697 -0.152200 0.477408
v -0.759042 -0.143939 0.476520
v -0.758153 -0.144080 0.475339
v -0.788772 -0.151993 0.477585
v -0.788793 -0.151996 0.477443
v -0.760591 -0.145746 0.507528
v -0.760228 -0.145698 0.507372
v -0.759546 -0.144001 0.510372
v -0.760019 -0.143867 0.510533
v -0.759411 -0.143728 0.510190
v -0.759955 -0.145526 0.507291
v -0.761123 -0.145315 0.507616
v -0.760548 -0.143470 0.510601
v -0.759778 -0.143188 0.510042
v -0.760311 -0.144901 0.507214
v -0.761389 -0.144798 0.507583
v -0.760824 -0.143025 0.510506
v -0.760343 -0.142810 0.510130
v -0.760880 -0.144493 0.507313
v -0.761329 -0.144437 0.507480
v -0.760780 -0.142728 0.510334
v -0.760969 -0.146059 0.501720
v -0.760288 -0.146614 0.501593
v -0.759921 -0.147434 0.501543
v -0.760241 -0.147750 0.501477
v -0.760724 -0.148101 0.500731
v -0.760746 -0.147712 0.501556
v -0.772472 -0.145141 0.511093
v -0.772481 -0.145069 0.511100
v -0.772521 -0.144993 0.511065
v -0.761661 -0.146443 0.501792
v -0.761539 -0.145969 0.501816
v -0.760312 -0.145966 0.489225
v -0.758383 -0.147532 0.491856
v -0.776568 -0.103651 0.373250
v -0.776395 -0.104221 0.372855
v -0.776888 -0.103825 0.373312
v -0.776959 -0.103383 0.373514
v -0.776084 -0.104962 0.372318
v -0.776645 -0.104485 0.372888
v -0.779928 -0.105636 0.377454
v -0.779931 -0.105638 0.377482
v -0.779949 -0.105613 0.377473
v -0.779941 -0.105615 0.377448
v -0.775956 -0.105262 0.372276
v -0.776501 -0.104687 0.372846
v -0.788635 -0.152238 0.477669
v -0.788676 -0.152141 0.477723
v -0.788734 -0.152038 0.477706
v -0.779920 -0.105649 0.377477
v -0.779921 -0.105647 0.377505
v -0.778547 -0.102926 0.374064
v -0.778532 -0.103238 0.373927
v -0.776843 -0.104184 0.373459
v -0.776849 -0.103757 0.373819
v -0.778531 -0.102672 0.374059
v -0.776982 -0.103274 0.374005
v -0.778507 -0.102620 0.373917
v -0.776996 -0.103181 0.373810
v -0.751880 -0.142196 0.464870
v -0.751359 -0.142284 0.465777
v -0.750734 -0.141942 0.465035
v -0.751192 -0.141873 0.464109
v -0.751359 -0.143027 0.463770
v -0.750667 -0.142692 0.463037
v -0.750877 -0.144053 0.463842
v -0.750181 -0.143700 0.463096
v -0.778488 -0.102758 0.373733
v -0.778509 -0.103023 0.373676
v -0.778516 -0.103310 0.373649
v -0.775529 -0.105289 0.371809
v -0.775498 -0.105359 0.372040
v -0.750028 -0.144880 0.464372
v -0.749336 -0.144527 0.463603
v -0.749477 -0.145080 0.465206
v -0.748838 -0.144748 0.464471
v -0.749593 -0.144355 0.466120
v -0.749033 -0.144059 0.465387
v -0.743739 -0.144998 0.485507
v -0.743624 -0.145145 0.485516
v -0.743561 -0.145091 0.485503
v -0.743621 -0.144972 0.485495
v -0.779583 -0.102233 0.373636
v -0.779604 -0.102123 0.373776
v -0.780769 -0.101841 0.373778
v -0.780796 -0.101753 0.373900
v -0.779637 -0.102405 0.373633
v -0.780829 -0.101964 0.373793
v -0.746246 -0.139991 0.460118
v -0.746723 -0.139894 0.459212
v -0.746278 -0.140793 0.458461
v -0.744437 -0.137775 0.456792
v -0.744073 -0.138429 0.455862
v -0.745448 -0.141929 0.458182
v -0.743076 -0.139696 0.455447
v -0.744411 -0.142967 0.458671
v -0.742004 -0.140345 0.455928
v -0.779237 -0.105826 0.376177
v -0.779191 -0.105883 0.376298
v -0.779953 -0.105609 0.377504
v -0.779940 -0.105620 0.377513
v -0.779258 -0.105583 0.376332
v -0.779342 -0.105539 0.376278
v -0.779152 -0.105798 0.376352
v -0.779347 -0.105615 0.376162
v -0.779315 -0.105751 0.376131
v -0.779931 -0.105628 0.377523
v -0.779175 -0.105655 0.376367
v -0.727227 -0.118236 0.432012
v -0.726290 -0.118791 0.430809
v -0.722272 -0.115682 0.427428
v -0.723263 -0.114935 0.428503
v -0.730922 -0.117484 0.430848
v -0.731932 -0.116801 0.431873
v -0.727587 -0.113516 0.427861
v -0.726477 -0.114164 0.426769
v -0.728842 -0.117808 0.429934
v -0.724807 -0.115108 0.426140
v -0.729143 -0.117439 0.432696
v -0.725984 -0.115056 0.429487
v -0.727182 -0.118611 0.429924
v -0.722978 -0.115939 0.426446
v -0.730899 -0.116904 0.432586
v -0.727028 -0.113818 0.428968
v -0.779691 -0.102573 0.373699
v -0.780877 -0.102086 0.373873
v -0.779722 -0.102576 0.373837
v -0.780913 -0.102063 0.374013
v -0.778500 -0.103390 0.373732
v -0.775665 -0.104777 0.371970
v -0.773809 -0.105378 0.371143
v -0.773746 -0.105786 0.371216
v -0.776160 -0.103705 0.373502
v -0.775958 -0.104263 0.373228
v -0.774097 -0.104836 0.372520
v -0.774340 -0.104236 0.372799
v -0.776165 -0.103639 0.373247
v -0.774296 -0.104248 0.372369
v -0.773779 -0.105758 0.371652
v -0.743834 -0.143272 0.459578
v -0.744175 -0.142522 0.460491
v -0.749802 -0.142838 0.465472
v -0.745235 -0.141010 0.460667
v -0.704882 -0.094927 0.429438
v -0.703872 -0.096773 0.430086
v -0.699340 -0.094681 0.429480
v -0.700310 -0.092764 0.428891
v -0.741436 -0.140638 0.456736
v -0.741952 -0.139679 0.457752
v -0.743029 -0.138572 0.457968
v -0.744023 -0.137666 0.457625
v -0.757657 -0.136216 0.519794
v -0.757743 -0.136170 0.519810
v -0.757818 -0.136145 0.519801
v -0.757734 -0.136221 0.519793
v -0.757836 -0.136195 0.519838
v -0.757805 -0.136263 0.519870
v -0.757650 -0.136342 0.519875
v -0.757616 -0.136309 0.519869
v -0.734903 -0.120276 0.437888
v -0.734395 -0.120376 0.438712
v -0.723280 -0.113969 0.424981
v -0.725011 -0.113367 0.425544
v -0.722914 -0.111986 0.424376
v -0.721259 -0.112791 0.423825
v -0.766105 -0.108650 0.372031
v -0.766136 -0.108272 0.371763
v -0.768475 -0.108075 0.372577
v -0.768531 -0.108373 0.372834
v -0.726047 -0.112465 0.426650
v -0.723962 -0.111387 0.425462
v -0.734117 -0.120749 0.436828
v -0.720693 -0.114463 0.426337
v -0.721326 -0.114583 0.425392
v -0.719609 -0.113540 0.424447
v -0.718794 -0.113382 0.425378
v -0.731098 -0.122384 0.435804
v -0.732923 -0.121465 0.435986
v -0.757725 -0.136337 0.519911
v -0.781275 -0.093348 0.435778
v -0.781077 -0.093634 0.435942
v -0.780924 -0.096135 0.433410
v -0.781006 -0.096018 0.433342
v -0.781133 -0.093917 0.436252
v -0.780947 -0.096248 0.433538
v -0.781858 -0.091611 0.439353
v -0.781792 -0.091180 0.439007
v -0.781559 -0.093382 0.435975
v -0.781617 -0.093672 0.436292
v -0.781572 -0.092004 0.439467
v -0.781396 -0.093938 0.436425
v -0.760762 -0.148209 0.499897
v -0.785908 -0.151641 0.476903
v -0.772456 -0.105423 0.372194
v -0.772466 -0.105737 0.372308
v -0.770073 -0.107717 0.372937
v -0.769999 -0.107444 0.372704
v -0.766006 -0.109408 0.371090
v -0.766025 -0.109373 0.371634
v -0.768480 -0.109008 0.372458
v -0.768391 -0.109061 0.371954
v -0.772259 -0.106461 0.371645
v -0.772156 -0.106539 0.371177
v -0.769867 -0.108428 0.371985
v -0.769982 -0.108358 0.372480
v -0.766067 -0.109113 0.372017
v -0.768544 -0.108766 0.372819
v -0.772374 -0.106174 0.372075
v -0.770073 -0.108104 0.372871
v -0.776004 -0.104003 0.372685
v -0.773981 -0.104813 0.371468
v -0.775475 -0.105228 0.372408
v -0.773918 -0.105415 0.372168
v -0.772322 -0.105508 0.371696
v -0.772175 -0.105842 0.371174
v -0.772107 -0.106246 0.371001
v -0.761060 -0.109679 0.371394
v -0.760837 -0.109301 0.371068
v -0.763957 -0.108533 0.371278
v -0.764080 -0.108927 0.371606
v -0.760610 -0.110338 0.369898
v -0.760865 -0.110641 0.370279
v -0.763946 -0.109783 0.370609
v -0.763801 -0.109372 0.370259
v -0.761081 -0.110578 0.370903
v -0.764084 -0.109722 0.371218
v -0.760610 -0.109388 0.370454
v -0.763819 -0.108547 0.370709
v -0.761174 -0.110207 0.371365
v -0.764147 -0.109425 0.371625
v -0.760490 -0.109798 0.369909
v -0.763741 -0.108870 0.370238
v -0.753458 -0.114269 0.372801
v -0.753046 -0.114381 0.372070
v -0.749347 -0.116447 0.373737
v -0.749846 -0.116256 0.374518
v -0.757452 -0.112397 0.371491
v -0.757128 -0.112566 0.370804
v -0.756566 -0.112777 0.371006
v -0.756922 -0.112606 0.371701
v -0.756890 -0.112174 0.370490
v -0.756318 -0.112393 0.370683
v -0.752829 -0.113949 0.371722
v -0.749097 -0.115951 0.373260
v -0.752913 -0.108607 0.366722
v -0.752930 -0.108576 0.366761
v -0.752895 -0.108601 0.366777
v -0.752891 -0.108618 0.366744
v -0.752859 -0.113367 0.371774
v -0.749145 -0.115301 0.373174
v -0.752943 -0.108542 0.366792
v -0.752915 -0.108569 0.366797
v -0.703277 -0.100500 0.419347
v -0.704845 -0.099867 0.419743
v -0.699762 -0.094686 0.423306
v -0.698231 -0.095142 0.423303
v -0.706804 -0.099976 0.420747
v -0.702608 -0.095504 0.423531
v -0.753211 -0.112969 0.372402
v -0.749576 -0.114789 0.373758
v -0.757044 -0.111153 0.371127
v -0.757348 -0.111052 0.371751
v -0.756837 -0.111254 0.371965
v -0.756505 -0.111374 0.371319
v -0.753589 -0.112910 0.373077
v -0.750040 -0.114668 0.374505
v -0.757578 -0.111440 0.372052
v -0.757076 -0.111640 0.372272
v -0.753775 -0.113324 0.373411
v -0.750235 -0.115121 0.374962
v -0.757649 -0.111998 0.371997
v -0.757144 -0.112203 0.372214
v -0.708041 -0.101070 0.421938
v -0.705165 -0.097154 0.423985
v -0.707939 -0.102216 0.422486
v -0.706030 -0.098882 0.424239
v -0.753762 -0.113905 0.373351
v -0.750194 -0.115774 0.375026
v -0.704215 -0.102628 0.421153
v -0.700903 -0.098544 0.423916
v -0.704228 -0.099497 0.424370
v -0.706290 -0.102887 0.422178
v -0.769769 -0.108121 0.371692
v -0.766028 -0.109014 0.370811
v -0.768311 -0.108722 0.371638
v -0.769863 -0.107469 0.372172
v -0.766119 -0.108267 0.371258
v -0.768373 -0.108068 0.372052
v -0.698728 -0.096893 0.423573
v -0.703068 -0.101638 0.419920
v -0.769766 -0.107743 0.371740
v -0.766074 -0.108552 0.370825
v -0.768304 -0.108330 0.371649
v -0.731109 -0.122033 0.437843
v -0.730293 -0.122658 0.436725
v -0.711696 -0.104547 0.421744
v -0.710755 -0.105738 0.422507
v -0.711938 -0.104293 0.420111
v -0.708820 -0.106425 0.422140
v -0.707676 -0.106874 0.420823
v -0.686969 -0.115508 0.372699
v -0.686086 -0.115633 0.372570
v -0.685133 -0.113761 0.369632
v -0.685996 -0.113535 0.369746
v -0.706734 -0.105957 0.418886
v -0.709405 -0.105633 0.418538
v -0.685756 -0.116079 0.372407
v -0.684802 -0.114290 0.369436
v -0.687080 -0.111778 0.366781
v -0.686693 -0.112314 0.366615
v -0.686639 -0.114387 0.369494
v -0.687075 -0.113937 0.369676
v -0.710762 -0.104588 0.419408
v -0.733774 -0.123925 0.439638
v -0.735151 -0.123069 0.440398
v -0.732316 -0.124841 0.439520
v -0.736001 -0.122532 0.441523
v -0.732357 -0.124349 0.441499
v -0.731759 -0.124935 0.440445
v -0.733017 -0.120944 0.438820
v -0.733976 -0.123339 0.442469
v -0.735618 -0.122621 0.442346
v -0.736302 -0.123516 0.442197
v -0.736734 -0.124546 0.442838
v -0.736340 -0.124534 0.443911
v -0.735987 -0.123522 0.443195
v -0.742436 -0.135045 0.454132
v -0.741947 -0.135137 0.454813
v -0.739365 -0.129790 0.449966
v -0.739958 -0.129383 0.448996
v -0.740680 -0.135807 0.455075
v -0.737663 -0.130626 0.450164
v -0.734296 -0.124446 0.443314
v -0.734609 -0.125542 0.443964
v -0.746903 -0.129369 0.418490
v -0.746947 -0.129473 0.418610
v -0.747034 -0.129338 0.418675
v -0.747018 -0.129228 0.418601
v -0.740705 -0.136865 0.452240
v -0.742180 -0.135646 0.452951
v -0.739151 -0.130431 0.447768
v -0.737558 -0.131129 0.447375
v -0.735910 -0.123694 0.441233
v -0.736087 -0.124834 0.441800
v -0.732162 -0.125778 0.441131
v -0.732494 -0.126866 0.441845
v -0.732933 -0.126581 0.440869
v -0.732432 -0.125777 0.440180
v -0.738735 -0.137419 0.453368
v -0.739300 -0.137614 0.452497
v -0.736052 -0.132492 0.447564
v -0.735522 -0.132327 0.448563
v -0.746797 -0.129490 0.418394
v -0.746856 -0.129531 0.418501
v -0.733106 -0.126246 0.443107
v -0.732765 -0.125187 0.442382
v -0.739332 -0.136909 0.454361
v -0.736193 -0.131919 0.449412
v -0.759855 -0.147483 0.491812
v -0.759215 -0.147911 0.491812
v -0.760291 -0.147052 0.504247
v -0.760761 -0.146960 0.504346
v -0.760132 -0.146901 0.491819
v -0.758607 -0.147973 0.491827
v -0.759981 -0.146454 0.491864
v -0.760101 -0.146711 0.504223
v -0.761282 -0.147079 0.501876
v -0.761294 -0.146502 0.504451
v -0.760439 -0.146041 0.504216
v -0.762219 -0.146947 0.500791
v -0.762258 -0.146754 0.501335
v -0.761488 -0.147573 0.500038
v -0.761833 -0.147517 0.500481
v -0.761426 -0.147988 0.500652
v -0.761272 -0.148069 0.501148
v -0.761368 -0.147811 0.501685
v -0.761708 -0.147314 0.501920
v -0.762121 -0.146805 0.501834
v -0.763887 -0.146867 0.502068
v -0.763775 -0.146642 0.502439
v -0.763682 -0.147382 0.501886
v -0.763334 -0.147775 0.502025
v -0.763094 -0.147783 0.502380
v -0.763026 -0.147500 0.502751
v -0.763216 -0.147048 0.502895
v -0.763540 -0.146636 0.502809
v -0.765700 -0.146504 0.504112
v -0.765491 -0.146312 0.504408
v -0.765573 -0.147006 0.503976
v -0.765226 -0.147409 0.504095
v -0.764911 -0.147446 0.504381
v -0.764742 -0.147192 0.504676
v -0.764867 -0.146753 0.504786
v -0.765177 -0.146333 0.504709
v -0.767032 -0.145981 0.506196
v -0.766749 -0.145854 0.506440
v -0.767012 -0.146434 0.506123
v -0.766716 -0.146854 0.506266
v -0.766368 -0.146944 0.506523
v -0.766115 -0.146755 0.506759
v -0.766147 -0.146359 0.506816
v -0.766398 -0.145931 0.506709
v -0.768304 -0.145562 0.507862
v -0.768125 -0.145413 0.508127
v -0.768265 -0.145956 0.507807
v -0.768046 -0.146286 0.507995
v -0.767812 -0.146318 0.508287
v -0.767657 -0.146119 0.508539
v -0.767701 -0.145777 0.508578
v -0.767891 -0.145434 0.508430
v -0.769646 -0.145237 0.509153
v -0.769534 -0.145115 0.509367
v -0.769609 -0.145534 0.509116
v -0.769458 -0.145773 0.509274
v -0.769307 -0.145786 0.509512
v -0.769213 -0.145627 0.509714
v -0.769252 -0.145370 0.509740
v -0.769384 -0.145119 0.509613
v -0.771030 -0.145124 0.510149
v -0.770955 -0.145049 0.510287
v -0.771008 -0.145314 0.510125
v -0.770911 -0.145471 0.510228
v -0.770811 -0.145483 0.510381
v -0.770748 -0.145385 0.510512
v -0.770771 -0.145220 0.510529
v -0.770857 -0.145056 0.510447
v -0.774460 -0.149065 0.470929
v -0.774745 -0.148485 0.471350
v -0.774545 -0.149182 0.470187
v -0.775169 -0.147876 0.471279
v -0.774918 -0.148804 0.469526
v -0.775474 -0.147586 0.470681
v -0.776657 -0.148433 0.470305
v -0.787675 -0.149083 0.463643
v -0.787657 -0.149125 0.463648
v -0.775631 -0.147580 0.469907
v -0.787690 -0.149040 0.463670
v -0.776536 -0.148739 0.469990
v -0.776237 -0.148779 0.469603
v -0.776837 -0.148361 0.470212
v -0.776985 -0.147870 0.470174
v -0.776843 -0.147634 0.469861
v -0.776567 -0.147661 0.469490
v -0.775364 -0.148144 0.469482
v -0.776245 -0.148103 0.469239
v -0.776077 -0.148562 0.469266
v -0.779811 -0.148782 0.468688
v -0.779682 -0.148818 0.468308
v -0.779990 -0.148494 0.468895
v -0.780123 -0.148128 0.468839
v -0.780098 -0.147954 0.468522
v -0.779981 -0.147978 0.468161
v -0.779782 -0.148310 0.467950
v -0.779647 -0.148658 0.467975
v -0.782118 -0.148934 0.467048
v -0.781911 -0.148964 0.466734
v -0.782328 -0.148657 0.467224
v -0.782433 -0.148300 0.467183
v -0.782334 -0.148128 0.466924
v -0.782142 -0.148146 0.466626
v -0.781914 -0.148465 0.466447
v -0.781800 -0.148804 0.466462
v -0.784139 -0.148937 0.464938
v -0.784029 -0.148958 0.464651
v -0.784279 -0.148727 0.465091
v -0.784374 -0.148452 0.465044
v -0.784343 -0.148317 0.464804
v -0.784242 -0.148328 0.464531
v -0.784088 -0.148571 0.464376
v -0.783990 -0.148832 0.464399
v -0.786008 -0.149037 0.463822
v -0.785955 -0.149053 0.463614
v -0.786092 -0.148890 0.463933
v -0.786162 -0.148701 0.463898
v -0.786161 -0.148611 0.463722
v -0.786112 -0.148621 0.463524
v -0.786018 -0.148789 0.463412
v -0.785949 -0.148968 0.463431
v -0.757434 -0.137750 0.518064
v -0.757605 -0.137727 0.518077
v -0.757373 -0.137622 0.518000
v -0.757481 -0.137427 0.517901
v -0.757674 -0.137309 0.517873
v -0.757836 -0.137302 0.517902
v -0.757867 -0.137429 0.517969
v -0.757786 -0.137597 0.518044
v -0.761467 -0.145561 0.504448
v -0.761007 -0.145611 0.504323
v -0.761545 -0.145952 0.504482
v -0.782082 -0.100968 0.373181
v -0.782060 -0.100992 0.373138
v -0.781594 -0.101556 0.373609
v -0.781639 -0.101515 0.373713
v -0.782032 -0.100966 0.373106
v -0.781538 -0.101487 0.373545
v -0.781997 -0.100941 0.373099
v -0.781478 -0.101414 0.373535
v -0.776629 -0.103483 0.373846
v -0.776495 -0.103873 0.373723
v -0.782014 -0.100904 0.373136
v -0.781508 -0.101337 0.373622
v -0.776648 -0.103392 0.373639
v -0.782029 -0.100897 0.373183
v -0.781544 -0.101325 0.373730
v -0.782064 -0.100916 0.373203
v -0.781607 -0.101383 0.373773
v -0.782084 -0.100949 0.373213
v -0.781645 -0.101466 0.373787
v -0.757967 -0.112136 0.371315
v -0.757662 -0.112215 0.370673
v -0.757417 -0.111901 0.370321
v -0.752942 -0.108578 0.366719
v -0.752961 -0.108549 0.366736
v -0.752962 -0.108532 0.366764
v -0.757547 -0.110902 0.370938
v -0.757837 -0.110802 0.371560
v -0.758066 -0.111186 0.371869
v -0.758146 -0.111740 0.371817
v -0.745219 -0.116606 0.374935
v -0.744944 -0.117011 0.374277
v -0.744942 -0.117643 0.374401
v -0.745700 -0.116512 0.375800
v -0.745360 -0.118214 0.374907
v -0.745968 -0.116986 0.376271
v -0.745710 -0.118024 0.375774
v -0.745965 -0.117594 0.376315
v -0.683971 -0.125107 0.395141
v -0.683995 -0.124624 0.394636
v -0.683756 -0.124043 0.397217
v -0.683701 -0.124603 0.397795
v -0.686621 -0.123730 0.396413
v -0.686453 -0.124309 0.396881
v -0.686439 -0.123771 0.399044
v -0.686536 -0.123233 0.398496
v -0.685797 -0.123642 0.395460
v -0.685807 -0.123100 0.397746
v -0.684836 -0.125287 0.396256
v -0.684604 -0.124716 0.398614
v -0.684715 -0.123952 0.394660
v -0.684744 -0.123333 0.397191
v -0.685795 -0.125018 0.396954
v -0.685688 -0.124439 0.399167
v -0.704916 -0.124027 0.392909
v -0.704629 -0.123437 0.392336
v -0.710622 -0.122430 0.392258
v -0.711220 -0.122925 0.393053
v -0.731923 -0.122670 0.383042
v -0.731696 -0.121952 0.382186
v -0.729598 -0.121908 0.386122
v -0.729886 -0.122569 0.386608
v -0.704473 -0.124620 0.391590
v -0.704971 -0.124747 0.392502
v -0.711433 -0.123908 0.392434
v -0.711086 -0.123746 0.391508
v -0.721997 -0.120461 0.389343
v -0.722135 -0.121200 0.389953
v -0.726801 -0.121915 0.388765
v -0.726649 -0.121194 0.388228
v -0.705142 -0.124559 0.393054
v -0.711663 -0.123418 0.393148
v -0.733008 -0.120276 0.382657
v -0.733933 -0.120209 0.383717
v -0.731452 -0.120605 0.387736
v -0.730664 -0.120555 0.386881
v -0.723422 -0.119360 0.391175
v -0.722942 -0.119264 0.390285
v -0.727702 -0.119912 0.389138
v -0.728319 -0.120040 0.390122
v -0.731466 -0.119452 0.373500
v -0.730747 -0.119628 0.373754
v -0.731080 -0.120513 0.376603
v -0.731783 -0.120026 0.376652
v -0.730077 -0.119581 0.373703
v -0.730372 -0.120524 0.376796
v -0.729723 -0.119366 0.373576
v -0.729995 -0.120275 0.376970
v -0.730060 -0.119153 0.373241
v -0.730299 -0.119777 0.377101
v -0.730674 -0.118759 0.373382
v -0.730990 -0.119288 0.377178
v -0.731250 -0.118729 0.373502
v -0.731609 -0.119213 0.377086
v -0.731637 -0.118993 0.373554
v -0.731996 -0.119471 0.376891
v -0.683997 -0.110327 0.363658
v -0.684119 -0.110681 0.363495
v -0.682722 -0.109070 0.361699
v -0.682586 -0.108783 0.361941
v -0.685785 -0.116388 0.372265
v -0.684905 -0.114645 0.369298
v -0.684820 -0.110604 0.363459
v -0.683153 -0.109105 0.361687
v -0.721869 -0.113801 0.427473
v -0.719961 -0.112738 0.426522
v -0.714675 -0.106144 0.422609
v -0.714966 -0.105982 0.421014
v -0.717512 -0.107480 0.421886
v -0.717221 -0.107597 0.423442
v -0.685562 -0.110270 0.363565
v -0.683614 -0.109001 0.361750
v -0.686587 -0.116486 0.372339
v -0.685725 -0.114675 0.369336
v -0.683860 -0.108724 0.361960
v -0.685704 -0.109661 0.363569
v -0.687506 -0.116331 0.372496
v -0.687991 -0.115993 0.372671
v -0.687845 -0.115571 0.372778
v -0.686889 -0.113496 0.369820
v -0.716663 -0.107909 0.420887
v -0.734974 -0.114014 0.362730
v -0.734911 -0.114225 0.362573
v -0.735965 -0.113407 0.361590
v -0.736012 -0.113242 0.361715
v -0.717022 -0.120844 0.390076
v -0.717396 -0.120474 0.390777
v -0.710292 -0.122539 0.391179
v -0.710628 -0.122728 0.390581
v -0.716764 -0.121726 0.390016
v -0.710882 -0.123389 0.390596
v -0.735073 -0.114396 0.362649
v -0.736101 -0.113533 0.361635
v -0.735176 -0.113858 0.363004
v -0.736174 -0.113113 0.361922
v -0.717758 -0.120550 0.391763
v -0.716804 -0.122441 0.390708
v -0.735333 -0.114459 0.362857
v -0.736312 -0.113573 0.361782
v -0.735397 -0.113898 0.363198
v -0.736356 -0.113135 0.362060
v -0.717513 -0.122206 0.392380
v -0.717158 -0.122627 0.391680
v -0.717830 -0.121330 0.392427
v -0.735548 -0.114307 0.363133
v -0.736485 -0.113448 0.361990
v -0.735570 -0.114073 0.363276
v -0.736499 -0.113265 0.362107
v -0.737134 -0.112895 0.361161
v -0.737036 -0.112814 0.361022
v -0.737063 -0.112530 0.361246
v -0.737146 -0.112590 0.361374
v -0.737211 -0.112847 0.361340
v -0.736993 -0.112582 0.361070
v -0.736974 -0.112690 0.360970
v -0.737213 -0.112719 0.361428
v -0.780910 -0.102004 0.374108
v -0.722674 -0.121306 0.390928
v -0.723264 -0.120836 0.391668
v -0.728044 -0.121590 0.390499
v -0.727423 -0.122052 0.389770
v -0.780876 -0.101873 0.374097
v -0.733467 -0.121965 0.384560
v -0.732766 -0.122562 0.383992
v -0.730662 -0.122610 0.387462
v -0.731343 -0.122128 0.388117
v -0.780820 -0.101761 0.374040
v -0.733872 -0.121044 0.384563
v -0.731617 -0.121312 0.388201
v -0.723610 -0.119997 0.391775
v -0.728404 -0.120783 0.390609
v -0.738219 -0.111946 0.360759
v -0.738222 -0.111979 0.360733
v -0.738195 -0.111921 0.360744
v -0.738199 -0.111993 0.360688
v -0.738167 -0.111910 0.360713
v -0.738167 -0.111979 0.360653
v -0.738147 -0.111925 0.360668
v -0.738144 -0.111950 0.360644
v -0.734175 -0.115511 0.365137
v -0.734220 -0.115218 0.365305
v -0.734001 -0.115022 0.365217
v -0.733706 -0.115000 0.364996
v -0.733427 -0.115218 0.364678
v -0.766217 -0.140826 0.444598
v -0.766127 -0.140975 0.444569
v -0.766145 -0.140957 0.444690
v -0.766211 -0.140853 0.444758
v -0.742657 -0.132119 0.429512
v -0.742141 -0.131962 0.429053
v -0.741879 -0.131240 0.429794
v -0.742398 -0.131547 0.430195
v -0.742054 -0.131447 0.428738
v -0.741793 -0.130684 0.429488
v -0.742528 -0.130938 0.428867
v -0.742263 -0.130174 0.429611
v -0.743364 -0.130597 0.429380
v -0.743100 -0.129919 0.430075
v -0.743844 -0.130805 0.429810
v -0.743583 -0.130226 0.430458
v -0.744045 -0.131389 0.430117
v -0.743782 -0.130842 0.430763
v -0.766317 -0.140669 0.444651
v -0.766287 -0.140730 0.444765
v -0.745025 -0.130725 0.420724
v -0.745394 -0.130521 0.420983
v -0.744804 -0.130593 0.420455
v -0.744820 -0.130183 0.420290
v -0.746795 -0.129352 0.418335
v -0.745096 -0.129794 0.420381
v -0.746861 -0.129244 0.418379
v -0.745512 -0.129565 0.420678
v -0.746964 -0.129183 0.418501
v -0.745717 -0.129703 0.420930
v -0.745756 -0.130059 0.421127
v -0.743785 -0.132416 0.425240
v -0.744395 -0.132105 0.425641
v -0.743384 -0.132227 0.424916
v -0.743359 -0.131621 0.424805
v -0.743786 -0.131025 0.425037
v -0.744476 -0.130655 0.425507
v -0.744845 -0.130854 0.425806
v -0.744959 -0.131395 0.425967
v -0.766236 -0.140787 0.444454
v -0.766167 -0.140905 0.444463
v -0.742903 -0.132464 0.428809
v -0.742395 -0.132305 0.428368
v -0.742303 -0.131799 0.428066
v -0.742762 -0.131267 0.428213
v -0.743584 -0.130876 0.428744
v -0.744056 -0.131034 0.429181
v -0.744256 -0.131516 0.429507
v -0.766302 -0.140684 0.444524
v -0.738447 -0.127650 0.436874
v -0.739139 -0.127333 0.437196
v -0.741265 -0.130466 0.433909
v -0.740539 -0.130217 0.433746
v -0.738118 -0.127390 0.436341
v -0.740083 -0.129874 0.433310
v -0.738210 -0.126814 0.435760
v -0.740047 -0.129171 0.433000
v -0.738721 -0.126209 0.435747
v -0.740529 -0.128532 0.433142
v -0.739470 -0.125770 0.436179
v -0.741336 -0.128217 0.433619
v -0.739782 -0.126038 0.436682
v -0.741793 -0.129036 0.433782
v -0.739785 -0.126623 0.437235
v -0.741913 -0.129754 0.434112
v -0.736076 -0.126553 0.438673
v -0.737187 -0.126026 0.439097
v -0.735652 -0.126316 0.438160
v -0.735828 -0.125658 0.437634
v -0.736717 -0.124909 0.437773
v -0.737450 -0.124590 0.438110
v -0.737740 -0.124877 0.438560
v -0.737720 -0.125457 0.439089
v -0.733865 -0.126259 0.440182
v -0.735224 -0.125740 0.440625
v -0.733304 -0.125969 0.439564
v -0.733501 -0.125198 0.438941
v -0.734550 -0.124404 0.439114
v -0.735612 -0.123984 0.439577
v -0.736035 -0.124312 0.440127
v -0.736012 -0.124999 0.440754
v -0.735009 -0.126167 0.441543
v -0.683329 -0.108359 0.362305
v -0.682856 -0.108524 0.362192
v -0.681776 -0.107272 0.360431
v -0.682311 -0.107116 0.360516
v -0.682875 -0.107553 0.360235
v -0.682501 -0.107817 0.360041
v -0.683801 -0.108419 0.362201
v -0.682783 -0.107224 0.360448
v -0.682094 -0.107803 0.360014
v -0.681532 -0.107489 0.360232
v -0.681631 -0.107775 0.359951
v -0.681342 -0.104659 0.357041
v -0.681553 -0.104637 0.356972
v -0.681759 -0.102928 0.355877
v -0.681739 -0.102901 0.355919
v -0.681086 -0.104650 0.356943
v -0.681695 -0.102889 0.355929
v -0.680918 -0.104585 0.356912
v -0.681674 -0.102880 0.355876
v -0.680820 -0.104475 0.356992
v -0.681645 -0.102874 0.355919
v -0.680929 -0.104359 0.357104
v -0.681654 -0.102880 0.355903
v -0.681152 -0.104290 0.357134
v -0.681699 -0.102913 0.355866
v -0.681667 -0.104450 0.357086
v -0.681772 -0.102959 0.355765
v -0.681489 -0.106474 0.358528
v -0.681720 -0.106378 0.358642
v -0.680989 -0.106503 0.358500
v -0.680566 -0.106470 0.358462
v -0.680492 -0.106263 0.358646
v -0.680805 -0.106098 0.358922
v -0.681274 -0.106073 0.359038
v -0.681721 -0.106205 0.358966
v -0.689072 -0.108233 0.362614
v -0.689346 -0.108259 0.362981
v -0.687804 -0.108865 0.363134
v -0.687512 -0.108846 0.362756
v -0.689582 -0.108525 0.363237
v -0.688052 -0.109134 0.363422
v -0.689604 -0.108838 0.363227
v -0.688082 -0.109481 0.363410
v -0.689479 -0.109068 0.363052
v -0.687948 -0.109742 0.363231
v -0.689192 -0.108993 0.362702
v -0.687648 -0.109686 0.362847
v -0.688987 -0.108823 0.362439
v -0.687430 -0.109506 0.362579
v -0.688957 -0.108486 0.362429
v -0.687391 -0.109132 0.362570
v -0.692186 -0.108165 0.363319
v -0.691949 -0.108162 0.363054
v -0.694240 -0.107686 0.362801
v -0.694326 -0.107687 0.362897
v -0.692392 -0.108331 0.363521
v -0.694407 -0.107732 0.362964
v -0.692421 -0.108556 0.363518
v -0.694409 -0.107826 0.362975
v -0.692320 -0.108730 0.363393
v -0.694372 -0.107884 0.362934
v -0.692072 -0.108701 0.363121
v -0.694282 -0.107877 0.362837
v -0.691891 -0.108590 0.362926
v -0.694222 -0.107823 0.362763
v -0.691855 -0.108348 0.362918
v -0.694204 -0.107753 0.362759
v -0.733333 -0.115485 0.364495
v -0.733540 -0.115674 0.364582
v -0.733880 -0.115724 0.364819
v -0.732216 -0.118293 0.370407
v -0.731627 -0.118659 0.370217
v -0.731015 -0.118657 0.370038
v -0.730685 -0.118459 0.369883
v -0.730920 -0.118064 0.369957
v -0.731473 -0.117657 0.370224
v -0.732008 -0.117618 0.370405
v -0.732370 -0.117861 0.370487
v -0.731825 -0.121361 0.379091
v -0.732528 -0.120801 0.379118
v -0.731143 -0.121422 0.379440
v -0.730791 -0.121163 0.379828
v -0.731087 -0.120581 0.380107
v -0.731758 -0.120009 0.380188
v -0.732370 -0.119932 0.379896
v -0.732755 -0.120210 0.379462
v -0.732787 -0.122110 0.380421
v -0.733452 -0.121212 0.379844
v -0.732104 -0.122237 0.381236
v -0.731726 -0.120962 0.382219
v -0.733570 -0.120059 0.381948
v -0.734019 -0.120472 0.380822
v -0.733548 -0.122453 0.383062
v -0.732676 -0.122606 0.382139
v -0.738183 -0.111954 0.360696
v -0.734402 -0.120232 0.382908
v -0.734660 -0.120960 0.383517
v -0.734254 -0.121860 0.383555
v -0.734297 -0.122294 0.381832
v -0.733367 -0.122529 0.381080
v -0.735045 -0.120425 0.381768
v -0.735239 -0.121008 0.382363
v -0.734991 -0.121737 0.382198
v -0.685945 -0.111451 0.366899
v -0.685115 -0.111811 0.366753
v -0.684997 -0.110181 0.364459
v -0.685727 -0.109854 0.364578
v -0.686767 -0.110129 0.364304
v -0.686391 -0.110663 0.364216
v -0.686846 -0.111311 0.366978
v -0.686487 -0.109770 0.364663
v -0.685793 -0.112731 0.366454
v -0.685614 -0.111018 0.364066
v -0.684789 -0.112418 0.366525
v -0.684695 -0.110749 0.364209
v -0.684965 -0.112807 0.366399
v -0.684874 -0.111103 0.364060
v -0.740606 -0.119813 0.377288
v -0.740870 -0.119276 0.377852
v -0.740850 -0.118575 0.377716
v -0.740504 -0.118098 0.377049
v -0.740107 -0.118290 0.376102
v -0.686710 -0.109297 0.363914
v -0.686336 -0.109306 0.363590
v -0.687010 -0.109551 0.364142
v -0.687039 -0.109901 0.364104
v -0.686899 -0.110175 0.363942
v -0.686538 -0.110139 0.363612
v -0.686248 -0.109980 0.363393
v -0.686186 -0.109607 0.363412
v -0.686066 -0.109593 0.364406
v -0.685659 -0.109396 0.364043
v -0.686000 -0.110448 0.363890
v -0.684622 -0.109986 0.364211
v -0.685327 -0.109669 0.364340
v -0.694294 -0.107814 0.362874
v -0.685228 -0.110809 0.363776
v -0.684387 -0.110523 0.363945
v -0.684507 -0.110887 0.363792
v -0.684230 -0.109802 0.363924
v -0.684922 -0.109484 0.364039
v -0.732666 -0.117234 0.367301
v -0.733145 -0.116904 0.367680
v -0.732140 -0.117191 0.367002
v -0.731835 -0.116943 0.366868
v -0.732004 -0.116550 0.367077
v -0.732458 -0.116208 0.367470
v -0.732917 -0.116215 0.367746
v -0.733242 -0.116480 0.367868
v -0.779639 -0.102142 0.373924
v -0.779689 -0.102304 0.373969
v -0.779723 -0.102492 0.373947
v -0.778589 -0.105888 0.375763
v -0.778619 -0.105686 0.375775
v -0.778733 -0.105577 0.375731
v -0.778847 -0.105509 0.375674
v -0.778889 -0.105631 0.375607
v -0.778836 -0.105816 0.375536
v -0.778757 -0.105940 0.375649
v -0.778653 -0.106007 0.375720
v -0.777702 -0.106147 0.375046
v -0.777637 -0.106018 0.375085
v -0.777839 -0.106052 0.374997
v -0.777949 -0.105899 0.374974
v -0.777982 -0.105671 0.375003
v -0.777933 -0.105534 0.375066
v -0.777813 -0.105622 0.375101
v -0.777682 -0.105775 0.375117
v -0.776605 -0.105853 0.373684
v -0.776556 -0.105690 0.373815
v -0.776792 -0.105671 0.373681
v -0.776988 -0.105388 0.373800
v -0.777089 -0.105039 0.373995
v -0.777060 -0.104861 0.374151
v -0.776907 -0.105011 0.374167
v -0.776688 -0.105305 0.374047
v -0.705580 -0.101038 0.426100
v -0.707556 -0.099876 0.425023
v -0.700737 -0.098975 0.425609
v -0.707934 -0.097464 0.425352
v -0.696358 -0.095995 0.424993
v -0.703469 -0.094411 0.424795
v -0.696042 -0.093582 0.423809
v -0.698530 -0.092231 0.424457
v -0.743851 -0.145017 0.485524
v -0.743749 -0.145118 0.485528
v -0.743847 -0.144867 0.485505
v -0.743912 -0.144908 0.485519
v -0.722418 -0.106626 0.431549
v -0.720340 -0.105958 0.432530
v -0.708218 -0.099098 0.430668
v -0.709322 -0.097326 0.429977
v -0.721761 -0.107193 0.427224
v -0.722599 -0.106458 0.429273
v -0.709621 -0.098811 0.426960
v -0.719559 -0.106620 0.427257
v -0.702369 -0.098603 0.429311
v -0.697830 -0.096444 0.428689
v -0.718821 -0.107579 0.431959
v -0.706704 -0.100904 0.429948
v -0.704967 -0.096209 0.426365
v -0.699828 -0.091891 0.426628
v -0.718313 -0.108048 0.428354
v -0.743744 -0.144871 0.485499
v -0.749199 -0.143971 0.467360
v -0.749267 -0.144472 0.467742
v -0.749748 -0.143113 0.467295
v -0.750677 -0.142368 0.467513
v -0.750905 -0.142497 0.467689
v -0.750916 -0.142978 0.468000
v -0.750551 -0.143846 0.468499
v -0.749812 -0.144454 0.468181
v -0.748498 -0.144319 0.470554
v -0.748608 -0.144686 0.470725
v -0.748912 -0.143569 0.470439
v -0.749671 -0.143060 0.470676
v -0.749993 -0.143103 0.470795
v -0.750098 -0.143405 0.470963
v -0.749817 -0.144045 0.471413
v -0.749153 -0.144598 0.471154
v -0.747178 -0.144509 0.472728
v -0.747193 -0.144935 0.472990
v -0.747360 -0.143954 0.472740
v -0.747976 -0.143426 0.472891
v -0.748483 -0.143417 0.473129
v -0.748761 -0.143682 0.473394
v -0.748166 -0.144371 0.473920
v -0.747527 -0.144907 0.473405
v -0.745039 -0.144864 0.474746
v -0.745222 -0.145148 0.475007
v -0.745263 -0.144235 0.474717
v -0.745849 -0.143731 0.474727
v -0.746314 -0.143712 0.474957
v -0.746565 -0.143937 0.475202
v -0.746301 -0.144548 0.475638
v -0.745705 -0.145017 0.475313
v -0.743785 -0.145072 0.477289
v -0.743981 -0.145328 0.477525
v -0.744041 -0.144506 0.477244
v -0.744586 -0.144049 0.477298
v -0.745016 -0.144033 0.477512
v -0.745253 -0.144230 0.477736
v -0.744980 -0.144758 0.477973
v -0.744464 -0.145208 0.477783
v -0.743449 -0.145443 0.480499
v -0.743238 -0.145213 0.480293
v -0.743228 -0.145136 0.483297
v -0.743370 -0.145273 0.483328
v -0.743527 -0.144707 0.480231
v -0.743377 -0.144847 0.483278
v -0.744036 -0.144279 0.480323
v -0.743668 -0.144606 0.483282
v -0.744433 -0.144263 0.480515
v -0.743910 -0.144602 0.483301
v -0.744654 -0.144441 0.480717
v -0.744059 -0.144709 0.483334
v -0.744371 -0.144905 0.480760
v -0.743909 -0.144974 0.483349
v -0.743933 -0.145335 0.480708
v -0.743663 -0.145217 0.483352
v -0.739832 -0.118820 0.375505
v -0.739806 -0.119493 0.375605
v -0.740189 -0.119994 0.376264
v -0.713671 -0.107237 0.423359
v -0.716090 -0.108565 0.424140
v -0.725855 -0.112474 0.427850
v -0.723817 -0.111342 0.426768
v -0.711661 -0.107829 0.423009
v -0.714036 -0.109177 0.423759
v -0.714129 -0.106383 0.419997
v -0.710196 -0.108326 0.421756
v -0.712939 -0.109780 0.422517
v -0.712464 -0.107283 0.419360
v -0.714995 -0.108738 0.420396
v -0.782055 -0.100930 0.373153
v -0.711498 -0.111031 0.420726
v -0.709473 -0.110049 0.420549
v -0.714337 -0.110096 0.421524
v -0.712879 -0.110991 0.420114
v -0.713061 -0.110253 0.419102
v -0.711527 -0.109153 0.418174
v -0.709291 -0.108216 0.417906
v -0.707834 -0.108296 0.418540
v -0.707619 -0.108801 0.419632
v -0.707910 -0.112583 0.417944
v -0.706359 -0.112165 0.417736
v -0.709270 -0.112449 0.417535
v -0.709223 -0.111881 0.416524
v -0.708251 -0.111701 0.415588
v -0.706326 -0.110739 0.415350
v -0.705104 -0.110989 0.415838
v -0.704960 -0.111432 0.416826
v -0.702209 -0.115094 0.413582
v -0.701335 -0.114768 0.413580
v -0.703147 -0.115003 0.413123
v -0.703554 -0.114322 0.412543
v -0.703148 -0.113605 0.412205
v -0.702316 -0.113480 0.412311
v -0.701303 -0.113893 0.412765
v -0.700882 -0.114244 0.413275
v -0.696590 -0.116884 0.410149
v -0.697324 -0.117255 0.410165
v -0.692984 -0.119743 0.407073
v -0.692184 -0.119494 0.406847
v -0.698179 -0.117011 0.409708
v -0.693868 -0.119486 0.406597
v -0.698561 -0.116367 0.409166
v -0.694127 -0.118838 0.406042
v -0.698310 -0.115793 0.408877
v -0.693719 -0.118469 0.405604
v -0.697501 -0.115592 0.409044
v -0.692771 -0.118375 0.405586
v -0.696724 -0.115966 0.409382
v -0.691952 -0.118559 0.405947
v -0.696274 -0.116406 0.409905
v -0.691641 -0.119028 0.406434
v -0.688417 -0.121626 0.403927
v -0.689149 -0.121732 0.403996
v -0.686603 -0.123163 0.401395
v -0.685672 -0.123242 0.401111
v -0.690010 -0.121263 0.403567
v -0.687353 -0.122611 0.401217
v -0.690496 -0.120674 0.403199
v -0.687502 -0.122077 0.400766
v -0.690236 -0.120597 0.402842
v -0.686983 -0.121758 0.400331
v -0.689544 -0.120305 0.402995
v -0.686356 -0.122379 0.399949
v -0.688593 -0.120678 0.403189
v -0.685476 -0.122181 0.400228
v -0.688056 -0.121110 0.403642
v -0.685104 -0.122778 0.400608
v -0.688677 -0.125144 0.395030
v -0.687706 -0.125470 0.394320
v -0.689245 -0.124326 0.394978
v -0.689298 -0.123642 0.394523
v -0.688385 -0.123537 0.393568
v -0.687310 -0.123934 0.392790
v -0.686686 -0.124672 0.392740
v -0.686776 -0.125291 0.393243
v -0.690576 -0.125446 0.393371
v -0.689705 -0.125269 0.392329
v -0.689581 -0.124584 0.391881
v -0.690079 -0.123830 0.391948
v -0.691041 -0.123451 0.392764
v -0.691885 -0.123604 0.393690
v -0.691896 -0.124330 0.394093
v -0.691443 -0.125138 0.394102
v -0.696346 -0.125000 0.392247
v -0.696889 -0.124814 0.393027
v -0.701631 -0.124496 0.393144
v -0.701214 -0.124654 0.392448
v -0.697120 -0.124145 0.393114
v -0.701796 -0.123826 0.393103
v -0.697044 -0.123443 0.392807
v -0.701595 -0.123058 0.392638
v -0.696463 -0.123137 0.391997
v -0.700855 -0.122799 0.392070
v -0.695825 -0.123368 0.391058
v -0.700365 -0.123031 0.391068
v -0.695603 -0.124089 0.390977
v -0.700314 -0.124314 0.390952
v -0.695718 -0.124787 0.391303
v -0.700598 -0.124523 0.391401
v -0.702924 -0.124858 0.392548
v -0.703127 -0.124669 0.393271
v -0.703352 -0.123984 0.393197
v -0.703128 -0.123369 0.392748
v -0.702597 -0.122752 0.392324
v -0.704589 -0.123117 0.392072
v -0.681667 -0.102888 0.355995
v -0.701797 -0.124539 0.391002
v -0.702258 -0.124713 0.391500
v -0.703640 -0.124538 0.391002
v -0.722597 -0.119561 0.389468
v -0.727123 -0.120387 0.388262
v -0.729810 -0.121083 0.386107
v -0.738124 -0.120485 0.379037
v -0.737707 -0.120997 0.378661
v -0.738232 -0.120070 0.378563
v -0.737788 -0.119758 0.377876
v -0.737012 -0.119986 0.377040
v -0.736649 -0.120489 0.376471
v -0.736418 -0.121050 0.377102
v -0.737007 -0.121314 0.377791
v -0.704156 -0.123487 0.391021
v -0.702733 -0.123083 0.391166
v -0.702879 -0.123569 0.390627
v -0.701708 -0.122864 0.391154
v -0.700638 -0.122871 0.391014
v -0.700048 -0.123340 0.390562
v -0.700104 -0.123900 0.390316
v -0.701012 -0.124095 0.390271
v -0.702264 -0.123926 0.390477
v -0.700678 -0.122455 0.388983
v -0.700749 -0.123007 0.388709
v -0.699621 -0.122350 0.388799
v -0.698532 -0.122463 0.388540
v -0.697961 -0.122934 0.388277
v -0.697922 -0.123378 0.388000
v -0.698886 -0.123621 0.388009
v -0.700078 -0.123433 0.388315
v -0.694950 -0.119768 0.381859
v -0.695035 -0.120223 0.381718
v -0.694009 -0.119685 0.381842
v -0.693036 -0.119761 0.381768
v -0.692734 -0.119946 0.381741
v -0.692649 -0.120467 0.381542
v -0.693501 -0.120595 0.381579
v -0.694434 -0.120551 0.381570
v -0.690628 -0.117684 0.377053
v -0.690748 -0.118124 0.376924
v -0.689713 -0.117613 0.376999
v -0.688784 -0.117725 0.376883
v -0.688470 -0.118074 0.376752
v -0.688449 -0.118490 0.376582
v -0.689276 -0.118588 0.376651
v -0.690206 -0.118458 0.376760
v -0.021012 0.067396 0.431565
v -0.019317 0.065238 0.432383
v -0.018616 0.063265 0.430933
v -0.022915 0.068316 0.428099
v -0.019611 0.062669 0.427228
v -0.023963 0.067797 0.424405
v -0.021467 0.063534 0.423768
v -0.023189 0.065723 0.422944
v -0.082682 0.055189 0.410644
v -0.063258 0.057461 0.410084
v -0.060496 0.055378 0.411014
v -0.079481 0.053337 0.411401
v -0.065053 0.059365 0.411615
v -0.085135 0.057153 0.412577
v -0.040173 0.061404 0.423666
v -0.042562 0.062698 0.419843
v -0.063913 0.058973 0.415442
v -0.061441 0.057601 0.418964
v -0.043714 0.062576 0.415894
v -0.036643 0.057338 0.423209
v -0.037758 0.057173 0.419335
v -0.040096 0.058423 0.415612
v -0.037803 0.059157 0.424713
v -0.042467 0.060663 0.414462
v -0.057010 0.053780 0.418310
v -0.057905 0.053751 0.414599
v -0.126017 -0.013416 0.392783
v -0.121876 -0.011226 0.394570
v -0.103260 -0.011520 0.390520
v -0.106909 -0.013498 0.388722
v -0.076606 0.051428 0.414536
v -0.075971 0.051497 0.418354
v -0.129159 -0.016256 0.393513
v -0.109700 -0.016429 0.389525
v -0.058516 0.055208 0.419875
v -0.077928 0.052639 0.419945
v -0.081523 0.055192 0.419565
v -0.128850 -0.018011 0.397059
v -0.109151 -0.017941 0.393188
v -0.084081 0.056441 0.416132
v -0.126022 -0.018033 0.400842
v -0.106559 -0.018104 0.397115
v -0.121816 -0.015811 0.402482
v -0.102730 -0.015793 0.398766
v -0.118717 -0.013039 0.401742
v -0.100122 -0.013273 0.397986
v -0.119116 -0.011309 0.398374
v -0.100551 -0.011448 0.394444
v -0.117553 0.045146 0.424794
v -0.117933 0.045524 0.421138
v -0.094007 0.048893 0.417831
v -0.093464 0.048715 0.421798
v -0.120922 0.047166 0.418024
v -0.096939 0.050689 0.414630
v -0.125454 0.048657 0.426632
v -0.120924 0.046569 0.426836
v -0.096124 0.050007 0.423651
v -0.100163 0.052358 0.423415
v -0.128794 0.050729 0.419763
v -0.128466 0.050264 0.423530
v -0.102979 0.053831 0.419920
v -0.103689 0.054433 0.416154
v -0.125396 0.049301 0.417709
v -0.100791 0.052717 0.414027
v -0.767724 -0.105262 0.454110
v -0.767961 -0.104959 0.454928
v -0.765249 -0.110163 0.455515
v -0.764963 -0.110576 0.454730
v -0.768394 -0.105240 0.455267
v -0.768232 -0.105481 0.454456
v -0.765459 -0.110823 0.455140
v -0.765676 -0.110464 0.455920
v -0.771743 -0.104352 0.465455
v -0.771644 -0.103856 0.465990
v -0.768630 -0.110559 0.469102
v -0.768775 -0.111003 0.468517
v -0.760243 -0.124649 0.477402
v -0.760345 -0.125176 0.476739
v -0.765123 -0.117769 0.472086
v -0.764960 -0.117326 0.472714
v -0.772670 -0.103573 0.466352
v -0.772319 -0.104128 0.465717
v -0.769391 -0.110794 0.468792
v -0.769736 -0.110292 0.469475
v -0.760862 -0.125325 0.477058
v -0.761164 -0.125032 0.477834
v -0.766069 -0.117236 0.473105
v -0.765739 -0.117660 0.472376
v -0.774632 -0.098534 0.463236
v -0.774511 -0.098019 0.463585
v -0.776043 -0.093505 0.459556
v -0.776143 -0.094176 0.459421
v -0.773657 -0.098803 0.462921
v -0.773714 -0.099386 0.462454
v -0.775271 -0.095064 0.458780
v -0.775207 -0.094264 0.458976
v -0.774064 -0.098113 0.463428
v -0.775624 -0.093518 0.459348
v -0.774266 -0.099159 0.462681
v -0.775800 -0.094923 0.459051
v -0.772711 -0.095560 0.452076
v -0.773072 -0.095564 0.452628
v -0.775062 -0.091992 0.451696
v -0.774687 -0.092081 0.451046
v -0.778873 -0.088148 0.449686
v -0.778700 -0.088176 0.448931
v -0.776610 -0.089747 0.450008
v -0.776930 -0.089614 0.450731
v -0.773057 -0.094677 0.453480
v -0.772756 -0.094553 0.453045
v -0.774682 -0.090877 0.451550
v -0.775013 -0.090879 0.452158
v -0.773233 -0.095075 0.453380
v -0.775186 -0.091429 0.452249
v -0.772496 -0.095020 0.452209
v -0.774473 -0.091530 0.450995
v -0.761030 -0.124510 0.478356
v -0.765859 -0.116817 0.473591
v -0.772512 -0.103126 0.466758
v -0.769537 -0.109889 0.469925
v -0.760616 -0.124302 0.478157
v -0.765353 -0.116834 0.473411
v -0.772044 -0.103230 0.466583
v -0.769032 -0.109985 0.469748
v -0.763467 -0.113980 0.456309
v -0.763097 -0.114076 0.455739
v -0.765584 -0.110100 0.456073
v -0.762849 -0.114977 0.454937
v -0.763234 -0.114884 0.455456
v -0.765102 -0.110892 0.454631
v -0.762740 -0.114596 0.454989
v -0.763522 -0.114412 0.456205
v -0.770841 -0.100081 0.454432
v -0.770669 -0.100334 0.453630
v -0.768271 -0.104939 0.455472
v -0.770710 -0.099757 0.454628
v -0.770331 -0.100359 0.453136
v -0.767900 -0.105517 0.453960
v -0.770391 -0.099759 0.454086
v -0.770161 -0.100067 0.453277
v -0.777016 -0.088984 0.451131
v -0.776945 -0.088249 0.450869
v -0.776453 -0.089118 0.449787
v -0.776655 -0.088341 0.450128
v -0.776922 -0.092060 0.455884
v -0.776418 -0.092072 0.455529
v -0.777284 -0.091328 0.456143
v -0.776385 -0.091193 0.455499
v -0.777212 -0.090517 0.456053
v -0.776822 -0.090416 0.455762
v -0.778342 -0.088297 0.452026
v -0.778658 -0.088511 0.452426
v -0.777866 -0.089117 0.451846
v -0.778652 -0.089415 0.452776
v -0.777823 -0.089994 0.452124
v -0.778263 -0.090121 0.452621
v -0.781928 -0.090337 0.442135
v -0.781842 -0.089737 0.441750
v -0.781538 -0.090828 0.442159
v -0.781441 -0.089669 0.441476
v -0.781435 -0.091127 0.438761
v -0.781168 -0.090785 0.441915
v -0.781242 -0.091971 0.439250
v -0.781148 -0.090196 0.441586
v -0.781178 -0.091550 0.438912
v -0.782208 -0.088517 0.443164
v -0.782280 -0.089658 0.443814
v -0.782306 -0.089037 0.445151
v -0.782262 -0.087748 0.444281
v -0.781543 -0.090779 0.443982
v -0.781488 -0.090130 0.445295
v -0.781322 -0.088285 0.442514
v -0.781279 -0.087553 0.443606
v -0.780810 -0.090577 0.443427
v -0.780617 -0.089941 0.444927
v -0.780687 -0.089448 0.442753
v -0.780590 -0.088659 0.444284
v -0.782042 -0.088284 0.446558
v -0.781921 -0.087167 0.445911
v -0.781305 -0.089122 0.446654
v -0.781134 -0.087037 0.445390
v -0.780594 -0.088956 0.446461
v -0.780531 -0.087896 0.445905
v -0.779169 -0.087747 0.450045
v -0.779495 -0.088209 0.449794
v -0.778923 -0.087561 0.449990
v -0.780130 -0.086405 0.449282
v -0.779107 -0.086569 0.449566
v -0.778675 -0.087379 0.448520
v -0.781370 -0.087417 0.448128
v -0.780759 -0.087471 0.449817
v -0.780620 -0.086561 0.449468
v -0.781296 -0.086760 0.447817
v -0.780950 -0.088025 0.448175
v -0.780121 -0.088346 0.449956
v -0.780376 -0.087378 0.447517
v -0.780875 -0.086699 0.447554
v -0.778940 -0.086673 0.448759
v -0.780551 -0.087927 0.447931
v -0.787716 -0.066457 0.427347
v -0.787645 -0.066586 0.427266
v -0.787306 -0.067801 0.430591
v -0.787483 -0.067491 0.430791
v -0.787668 -0.066330 0.427352
v -0.787376 -0.067174 0.430807
v -0.754399 -0.110174 0.368195
v -0.754208 -0.110338 0.368192
v -0.754563 -0.111475 0.369145
v -0.754825 -0.111252 0.369153
v -0.754185 -0.110075 0.368606
v -0.754371 -0.109925 0.368597
v -0.754715 -0.110904 0.369619
v -0.754454 -0.111106 0.369619
v -0.754057 -0.110271 0.368475
v -0.754315 -0.111380 0.369481
v -0.754517 -0.109999 0.368304
v -0.754969 -0.111011 0.369284
v -0.754051 -0.110392 0.368305
v -0.754323 -0.111545 0.369266
v -0.754515 -0.109888 0.368472
v -0.754939 -0.110856 0.369481
v -0.753726 -0.109269 0.367761
v -0.753643 -0.109389 0.367678
v -0.753842 -0.109175 0.367751
v -0.753929 -0.109150 0.367668
v -0.753926 -0.109217 0.367560
v -0.753849 -0.109325 0.367491
v -0.753730 -0.109427 0.367492
v -0.753635 -0.109463 0.367568
v -0.754786 -0.111769 0.369976
v -0.754790 -0.111964 0.369708
v -0.755093 -0.111891 0.369582
v -0.755418 -0.111633 0.369603
v -0.755600 -0.111349 0.369768
v -0.755525 -0.111144 0.369949
v -0.755237 -0.111189 0.370092
v -0.754922 -0.111428 0.370096
v -0.756026 -0.111556 0.370723
v -0.755847 -0.112012 0.370584
v -0.756426 -0.111240 0.370683
v -0.756791 -0.111195 0.370487
v -0.756896 -0.111487 0.370271
v -0.756683 -0.111875 0.370091
v -0.756278 -0.112210 0.370097
v -0.755883 -0.112293 0.370278
v -0.756263 -0.111816 0.370760
v -0.757359 -0.111352 0.370378
v -0.787523 -0.066590 0.427187
v -0.787014 -0.067803 0.430399
v -0.787557 -0.066330 0.427281
v -0.787110 -0.067166 0.430635
v -0.787488 -0.066455 0.427201
v -0.786938 -0.067468 0.430440
v -0.759228 -0.124463 0.483608
v -0.764070 -0.140394 0.444041
v -0.763982 -0.140554 0.444287
v -0.764232 -0.140131 0.444029
v -0.764383 -0.139898 0.444187
v -0.764419 -0.139866 0.444477
v -0.764350 -0.140003 0.444725
v -0.764176 -0.140282 0.444716
v -0.764024 -0.140515 0.444558
v -0.762081 -0.139934 0.443604
v -0.762079 -0.140004 0.443191
v -0.761079 -0.138965 0.442158
v -0.761078 -0.138885 0.442625
v -0.762305 -0.139563 0.443857
v -0.761332 -0.138461 0.442915
v -0.762601 -0.139125 0.443891
v -0.761676 -0.137960 0.442960
v -0.762786 -0.138918 0.443528
v -0.761900 -0.137724 0.442551
v -0.762797 -0.138978 0.443090
v -0.761925 -0.137791 0.442055
v -0.762575 -0.139348 0.442834
v -0.761665 -0.138216 0.441763
v -0.762293 -0.139762 0.442834
v -0.761335 -0.138688 0.441757
v -0.759986 -0.136306 0.440605
v -0.759985 -0.136388 0.440112
v -0.758442 -0.134963 0.438673
v -0.758456 -0.134881 0.439173
v -0.760256 -0.135859 0.440915
v -0.758746 -0.134422 0.439486
v -0.786937 -0.068508 0.434224
v -0.787171 -0.068095 0.434405
v -0.760619 -0.135328 0.440962
v -0.759116 -0.133876 0.439540
v -0.760843 -0.135075 0.440534
v -0.759340 -0.133614 0.439102
v -0.760856 -0.135144 0.440012
v -0.759343 -0.133683 0.438570
v -0.787047 -0.067668 0.434356
v -0.760586 -0.135591 0.439701
v -0.759056 -0.134142 0.438254
v -0.760244 -0.136091 0.439691
v -0.758700 -0.134657 0.438245
v -0.786568 -0.068506 0.433986
v -0.755524 -0.133842 0.436576
v -0.755265 -0.134148 0.437004
v -0.755887 -0.133325 0.436590
v -0.756186 -0.132862 0.436915
v -0.786713 -0.067653 0.434140
v -0.756192 -0.132789 0.437454
v -0.755973 -0.133052 0.437889
v -0.755590 -0.133600 0.437831
v -0.755288 -0.134063 0.437510
v -0.750422 -0.133251 0.435170
v -0.750157 -0.133549 0.435596
v -0.750809 -0.132738 0.435191
v -0.751132 -0.132269 0.435525
v -0.751151 -0.132187 0.436067
v -0.750928 -0.132444 0.436500
v -0.750519 -0.132988 0.436436
v -0.750192 -0.133456 0.436105
v -0.746701 -0.132830 0.432742
v -0.746377 -0.133093 0.433136
v -0.747116 -0.132335 0.432772
v -0.747435 -0.131855 0.433099
v -0.747408 -0.131730 0.433617
v -0.747127 -0.131938 0.434027
v -0.746690 -0.132461 0.433958
v -0.746367 -0.132954 0.433628
v -0.743738 -0.132582 0.429715
v -0.743361 -0.132739 0.430099
v -0.744176 -0.132144 0.429737
v -0.744491 -0.131665 0.430046
v -0.744421 -0.131449 0.430548
v -0.744090 -0.131520 0.430962
v -0.743629 -0.131943 0.430924
v -0.743310 -0.132467 0.430599
v -0.743640 -0.132230 0.429237
v -0.743138 -0.131237 0.430635
v -0.701316 -0.099194 0.427410
v -0.696716 -0.096849 0.426818
v -0.718119 -0.108314 0.430246
v -0.705740 -0.101561 0.428064
v -0.747658 -0.113222 0.441180
v -0.747833 -0.112821 0.439131
v -0.746922 -0.113261 0.437241
v -0.746194 -0.114506 0.441904
v -0.745370 -0.114674 0.437045
v -0.744595 -0.115885 0.441425
v -0.744076 -0.116072 0.438060
v -0.743873 -0.116449 0.439835
v -0.737692 -0.112671 0.436315
v -0.737860 -0.112318 0.434095
v -0.736899 -0.112818 0.432081
v -0.736177 -0.114001 0.437120
v -0.735274 -0.114289 0.431901
v -0.734501 -0.115450 0.436635
v -0.733923 -0.115699 0.433036
v -0.733728 -0.116056 0.434947
v -0.681007 -0.084666 0.426615
v -0.680364 -0.083639 0.424417
v -0.678992 -0.084013 0.422154
v -0.680149 -0.086787 0.427073
v -0.677701 -0.086090 0.421523
v -0.678678 -0.088719 0.426129
v -0.676995 -0.088284 0.422266
v -0.677479 -0.089177 0.424163
v -0.659744 -0.076246 0.426056
v -0.658686 -0.075073 0.423821
v -0.656889 -0.075518 0.421306
v -0.658976 -0.078650 0.426259
v -0.655510 -0.077890 0.420360
v -0.657348 -0.080793 0.425057
v -0.654974 -0.080300 0.420985
v -0.655813 -0.081283 0.422928
v -0.636651 -0.063940 0.427602
v -0.635406 -0.062565 0.425450
v -0.633337 -0.062717 0.422856
v -0.635696 -0.066646 0.427559
v -0.631899 -0.064763 0.421613
v -0.633963 -0.068626 0.426022
v -0.631212 -0.067688 0.422033
v -0.632193 -0.068967 0.423812
v -0.617412 -0.054797 0.423937
v -0.615669 -0.053411 0.421233
v -0.613190 -0.053627 0.418903
v -0.616329 -0.058411 0.423315
v -0.611516 -0.056771 0.416971
v -0.614898 -0.060346 0.421815
v -0.611689 -0.059234 0.417459
v -0.612553 -0.061423 0.419010
v -0.786485 -0.068056 0.433964
v -0.776554 -0.050163 0.444336
v -0.776928 -0.049998 0.444867
v -0.777899 -0.054296 0.445987
v -0.777525 -0.054466 0.445492
v -0.777064 -0.049400 0.443674
v -0.776676 -0.049552 0.443188
v -0.777721 -0.054071 0.444299
v -0.778095 -0.053902 0.444760
v -0.776385 -0.049952 0.443432
v -0.777410 -0.054386 0.444582
v -0.777182 -0.049585 0.444559
v -0.778186 -0.053981 0.445639
v -0.781100 -0.045539 0.456274
v -0.780815 -0.045873 0.457003
v -0.781286 -0.052572 0.456403
v -0.781559 -0.052142 0.455692
v -0.779891 -0.038568 0.457901
v -0.780171 -0.038309 0.457145
v -0.778500 -0.029698 0.458740
v -0.778258 -0.029985 0.459554
v -0.781890 -0.045834 0.457424
v -0.781671 -0.045574 0.456599
v -0.782092 -0.052172 0.456007
v -0.782293 -0.052507 0.456813
v -0.780767 -0.038284 0.457454
v -0.780999 -0.038450 0.458291
v -0.779341 -0.029483 0.459820
v -0.779097 -0.029437 0.458984
v -0.782753 -0.061524 0.453028
v -0.782418 -0.062097 0.453407
v -0.782209 -0.057854 0.456008
v -0.782502 -0.057387 0.455473
v -0.781803 -0.061615 0.452586
v -0.782110 -0.060974 0.452093
v -0.781812 -0.056902 0.454423
v -0.781548 -0.057421 0.455104
v -0.724930 -0.124402 0.445224
v -0.726180 -0.123959 0.445501
v -0.725987 -0.122857 0.445840
v -0.724952 -0.123248 0.445619
v -0.726795 -0.122904 0.445842
v -0.726850 -0.123359 0.445918
v -0.722094 -0.112038 0.427189
v -0.781981 -0.062163 0.453210
v -0.781747 -0.057909 0.455842
v -0.782612 -0.061004 0.452394
v -0.782322 -0.056949 0.454708
v -0.780737 -0.063851 0.445360
v -0.781071 -0.063868 0.446041
v -0.780156 -0.061373 0.445885
v -0.779794 -0.061492 0.445350
v -0.782148 -0.065788 0.445873
v -0.781875 -0.065713 0.445105
v -0.783347 -0.067405 0.444643
v -0.783520 -0.067378 0.445401
v -0.780636 -0.064654 0.446872
v -0.780315 -0.064699 0.446262
v -0.779461 -0.062158 0.446655
v -0.779794 -0.061934 0.447043
v -0.780996 -0.064242 0.446781
v -0.780140 -0.061608 0.446789
v -0.780338 -0.064262 0.445490
v -0.779391 -0.061915 0.445657
v -0.780664 -0.038736 0.458909
v -0.779051 -0.029829 0.460500
v -0.781560 -0.046157 0.458007
v -0.781977 -0.052908 0.457378
v -0.780148 -0.038819 0.458737
v -0.778548 -0.030091 0.460390
v -0.781064 -0.046198 0.457816
v -0.781512 -0.052963 0.457191
v -0.775805 -0.046705 0.443174
v -0.776189 -0.046564 0.443734
v -0.776283 -0.045792 0.442563
v -0.775880 -0.045921 0.442052
v -0.775603 -0.046390 0.442266
v -0.776426 -0.046080 0.443456
v -0.779130 -0.058049 0.445469
v -0.779187 -0.058119 0.446355
v -0.778780 -0.058279 0.446756
v -0.778774 -0.058206 0.445005
v -0.778436 -0.058455 0.446247
v -0.778449 -0.058504 0.445281
v -0.782017 -0.066227 0.446478
v -0.781701 -0.066768 0.446457
v -0.781507 -0.066176 0.445089
v -0.781441 -0.066747 0.445699
v -0.782423 -0.063494 0.449804
v -0.782924 -0.063490 0.450157
v -0.783042 -0.064053 0.450671
v -0.782087 -0.064184 0.450080
v -0.782691 -0.064692 0.450866
v -0.782259 -0.064782 0.450610
v -0.783470 -0.066656 0.447975
v -0.783041 -0.066816 0.447604
v -0.782874 -0.066137 0.447152
v -0.783766 -0.065941 0.447995
v -0.783144 -0.065448 0.447131
v -0.783627 -0.065365 0.447589
v -0.786620 -0.068761 0.437334
v -0.786933 -0.068228 0.437496
v -0.786742 -0.067722 0.437321
v -0.786206 -0.068755 0.437070
v -0.786365 -0.067702 0.437079
v -0.786122 -0.068231 0.436970
v -0.786392 -0.069778 0.440493
v -0.786932 -0.068590 0.440884
v -0.787085 -0.068424 0.439372
v -0.786584 -0.069439 0.439142
v -0.786560 -0.067445 0.440590
v -0.786795 -0.067283 0.439095
v -0.785378 -0.069740 0.439842
v -0.785643 -0.069474 0.438538
v -0.785658 -0.067383 0.440243
v -0.786008 -0.067338 0.438586
v -0.785159 -0.068482 0.440062
v -0.785467 -0.068316 0.438322
v -0.785926 -0.069720 0.442238
v -0.786466 -0.068760 0.442489
v -0.786081 -0.067849 0.442248
v -0.785127 -0.069656 0.441727
v -0.785349 -0.067776 0.442070
v -0.784896 -0.068669 0.441889
v -0.783366 -0.067777 0.445888
v -0.784147 -0.067445 0.445531
v -0.783655 -0.067677 0.445890
v -0.783188 -0.068603 0.445802
v -0.784058 -0.069068 0.445608
v -0.783042 -0.068050 0.444508
v -0.785262 -0.069408 0.444171
v -0.784631 -0.069036 0.445827
v -0.785085 -0.068326 0.445849
v -0.785588 -0.068872 0.444264
v -0.784783 -0.067465 0.445653
v -0.785421 -0.068268 0.444087
v -0.783051 -0.068625 0.444986
v -0.784827 -0.069390 0.443893
v -0.784622 -0.068706 0.443625
v -0.785010 -0.068269 0.443880
v -0.758771 -0.059537 0.508424
v -0.759928 -0.059290 0.507968
v -0.761427 -0.063779 0.509529
v -0.760266 -0.064083 0.509962
v -0.758064 -0.059932 0.507917
v -0.759489 -0.064470 0.509358
v -0.757788 -0.060302 0.506701
v -0.759243 -0.064770 0.508114
v -0.758487 -0.060399 0.505479
v -0.759943 -0.064777 0.506868
v -0.759481 -0.060221 0.504832
v -0.760950 -0.064539 0.506255
v -0.760443 -0.059814 0.505280
v -0.761894 -0.064141 0.506736
v -0.760673 -0.059388 0.506538
v -0.762172 -0.063780 0.508081
v -0.758626 -0.053518 0.504602
v -0.758385 -0.053998 0.503351
v -0.757443 -0.054263 0.502894
v -0.756405 -0.054195 0.503451
v -0.755683 -0.053866 0.504600
v -0.755927 -0.053443 0.505768
v -0.756665 -0.053151 0.506314
v -0.757837 -0.053160 0.505926
v -0.755943 -0.045993 0.502707
v -0.756778 -0.045979 0.503460
v -0.755756 -0.046437 0.501527
v -0.756505 -0.047188 0.500463
v -0.757616 -0.047768 0.500092
v -0.758538 -0.047860 0.500665
v -0.758829 -0.047374 0.502034
v -0.757978 -0.046527 0.503240
v -0.760026 -0.040095 0.500232
v -0.760761 -0.041284 0.499256
v -0.760459 -0.041832 0.497909
v -0.759603 -0.041543 0.497198
v -0.758604 -0.040629 0.497340
v -0.757956 -0.039582 0.498204
v -0.758160 -0.039067 0.499351
v -0.758943 -0.039203 0.500215
v -0.778670 -0.028613 0.465867
v -0.777602 -0.028241 0.465264
v -0.776124 -0.026666 0.471991
v -0.777049 -0.026876 0.472632
v -0.778798 -0.025437 0.464955
v -0.779479 -0.026756 0.465655
v -0.777763 -0.024641 0.472717
v -0.777140 -0.023436 0.472009
v -0.779540 -0.028175 0.466009
v -0.777806 -0.026185 0.472979
v -0.744645 -0.058115 0.421714
v -0.744683 -0.057326 0.423381
v -0.730642 -0.051845 0.425336
v -0.730463 -0.052719 0.423286
v -0.745167 -0.058247 0.425372
v -0.731092 -0.052684 0.427496
v -0.745213 -0.060687 0.421395
v -0.730743 -0.055306 0.422524
v -0.746050 -0.060915 0.426666
v -0.731683 -0.055271 0.428548
v -0.746042 -0.063355 0.422384
v -0.731326 -0.059954 0.420733
v -0.746788 -0.063587 0.426647
v -0.732020 -0.059861 0.425505
v -0.746721 -0.064382 0.424681
v -0.731870 -0.060799 0.423190
v -0.755524 -0.056787 0.426558
v -0.755532 -0.056087 0.428125
v -0.755962 -0.056956 0.430002
v -0.756077 -0.059124 0.426268
v -0.756792 -0.059416 0.431229
v -0.756857 -0.061570 0.427217
v -0.757513 -0.061864 0.431225
v -0.757477 -0.062550 0.429385
v -0.763850 -0.052964 0.431777
v -0.763594 -0.052395 0.433033
v -0.763851 -0.053197 0.434720
v -0.764609 -0.054952 0.431785
v -0.764672 -0.055335 0.436021
v -0.765385 -0.057018 0.432857
v -0.765493 -0.057380 0.436273
v -0.765722 -0.057881 0.434793
v -0.777052 -0.026945 0.464591
v -0.775664 -0.025384 0.471377
v -0.777096 -0.025555 0.464249
v -0.775684 -0.023911 0.471153
v -0.777838 -0.025050 0.464423
v -0.776308 -0.023223 0.471430
v -0.765006 -0.028922 0.490709
v -0.765373 -0.030174 0.490244
v -0.769656 -0.026755 0.485362
v -0.769475 -0.025465 0.485616
v -0.766075 -0.031314 0.490440
v -0.770212 -0.027926 0.485697
v -0.766785 -0.031716 0.491265
v -0.770921 -0.028297 0.486519
v -0.767158 -0.031145 0.492387
v -0.771412 -0.027704 0.487446
v -0.766737 -0.029744 0.492896
v -0.771182 -0.026298 0.487692
v -0.765956 -0.028617 0.492551
v -0.770540 -0.025141 0.487230
v -0.765289 -0.028374 0.491650
v -0.769870 -0.024892 0.486393
v -0.779808 -0.029700 0.460085
v -0.779891 -0.031199 0.460818
v -0.777915 -0.031041 0.461110
v -0.777362 -0.029577 0.460357
v -0.776823 -0.032805 0.458265
v -0.776308 -0.031487 0.457513
v -0.778999 -0.031583 0.461266
v -0.775495 -0.044893 0.448613
v -0.776542 -0.045145 0.449019
v -0.776065 -0.047847 0.445068
v -0.775243 -0.047438 0.445423
v -0.777335 -0.044356 0.448621
v -0.776592 -0.047136 0.443991
v -0.774853 -0.043349 0.447403
v -0.774598 -0.045746 0.444525
v -0.777172 -0.042703 0.447412
v -0.776312 -0.045396 0.442741
v -0.776963 -0.030145 0.455705
v -0.777828 -0.030795 0.455569
v -0.779094 -0.028183 0.459356
v -0.778121 -0.027640 0.459229
v -0.774014 -0.023847 0.480447
v -0.773261 -0.023618 0.479725
v -0.777387 -0.028098 0.459596
v -0.776318 -0.030336 0.456441
v -0.772747 -0.024246 0.479170
v -0.778468 -0.032162 0.456296
v -0.774638 -0.025020 0.481042
v -0.772827 -0.025647 0.479103
v -0.760912 -0.033514 0.494781
v -0.761470 -0.034723 0.494087
v -0.762358 -0.035811 0.494122
v -0.763142 -0.036196 0.494930
v -0.763449 -0.035625 0.496229
v -0.762819 -0.034259 0.497009
v -0.761852 -0.033187 0.496811
v -0.215513 0.029872 0.428581
v -0.215411 0.030224 0.424690
v -0.178410 0.037497 0.422224
v -0.176896 0.037432 0.425368
v -0.142706 0.042826 0.423772
v -0.142554 0.042746 0.421249
v -0.265278 0.027955 0.419784
v -0.221332 0.036259 0.422705
v -0.219149 0.034526 0.420591
v -0.262716 0.026392 0.417574
v -0.260577 0.023825 0.418757
v -0.216737 0.032184 0.421372
v -0.761127 -0.032970 0.495878
v -0.773345 -0.026819 0.479605
v -0.774158 -0.027113 0.480358
v -0.774781 -0.026482 0.481016
v -0.777782 -0.033484 0.458116
v -0.156334 -0.015553 0.396411
v -0.153033 -0.012611 0.395723
v -0.222514 -0.010229 0.402592
v -0.220100 -0.006827 0.402038
v -0.186087 -0.010818 0.398449
v -0.189065 -0.013831 0.399078
v -0.258750 0.002587 0.405419
v -0.217902 -0.004883 0.404691
v -0.260847 0.000315 0.402706
v -0.263806 -0.003180 0.403629
v -0.088117 -0.017641 0.385832
v -0.087491 -0.019303 0.389557
v -0.084965 -0.019318 0.393683
v -0.778550 -0.033342 0.457349
v -0.081661 -0.017216 0.395500
v -0.079405 -0.014621 0.394783
v -0.080024 -0.012919 0.391096
v -0.082525 -0.012831 0.387024
v -0.774282 -0.049961 0.441587
v -0.773663 -0.049616 0.442406
v -0.774543 -0.049255 0.440132
v -0.341609 0.013086 0.410814
v -0.354979 0.011990 0.410691
v -0.356581 0.011442 0.416272
v -0.342926 0.012755 0.416035
v -0.344807 0.009378 0.420492
v -0.358872 0.007837 0.421066
v -0.372809 0.006905 0.421724
v -0.367501 0.010631 0.416440
v -0.367722 0.011773 0.409967
v -0.360750 0.002460 0.421744
v -0.346348 0.004303 0.421085
v -0.346588 0.000472 0.418408
v -0.361040 -0.001443 0.418914
v -0.375771 -0.004149 0.419281
v -0.374657 0.000788 0.421796
v -0.538310 -0.450459 0.247928
v -0.541204 -0.439846 0.255726
v -0.539989 -0.439074 0.256004
v -0.537255 -0.450016 0.248070
v -0.536241 -0.450112 0.248929
v -0.537716 -0.441379 0.255417
v -0.534763 -0.441343 0.256052
v -0.536543 -0.441146 0.255430
v -0.539064 -0.439823 0.256401
v -0.536147 -0.459569 0.241956
v -0.536574 -0.460460 0.243167
v -0.538708 -0.451157 0.248912
v -0.538444 -0.451890 0.250226
v -0.536189 -0.461516 0.244939
v -0.534620 -0.470027 0.240994
v -0.535197 -0.467752 0.238926
v -0.534764 -0.466772 0.237562
v -0.534895 -0.461904 0.245894
v -0.537416 -0.452374 0.251099
v -0.536304 -0.452161 0.251095
v -0.533647 -0.461646 0.245964
v -0.531126 -0.469989 0.242415
v -0.533103 -0.469278 0.242798
v -0.537033 -0.443345 0.256031
v -0.535931 -0.451073 0.250106
v -0.537459 -0.445268 0.256730
v -0.531501 -0.449832 0.255439
v -0.533193 -0.445026 0.255631
v -0.801650 -0.287110 0.417943
v -0.807476 -0.285973 0.417259
v -0.807951 -0.285310 0.417809
v -0.802039 -0.286330 0.418695
v -0.802359 -0.286184 0.419377
v -0.808424 -0.285164 0.418325
v -0.816196 -0.284625 0.415658
v -0.815628 -0.284752 0.415344
v -0.815099 -0.285231 0.415052
v -0.808568 -0.285859 0.418360
v -0.802398 -0.287012 0.419535
v -0.802187 -0.288141 0.419212
v -0.808389 -0.286795 0.418090
v -0.816265 -0.285857 0.415424
v -0.816408 -0.285164 0.415583
v -0.528126 -0.488198 0.238684
v -0.525041 -0.495654 0.236929
v -0.524195 -0.495495 0.237403
v -0.527265 -0.487853 0.239226
v -0.526399 -0.487838 0.239050
v -0.523431 -0.495506 0.237187
v -0.520813 -0.503293 0.234974
v -0.521509 -0.503298 0.235175
v -0.522346 -0.503420 0.234713
v -0.526408 -0.488921 0.236841
v -0.523650 -0.496158 0.235117
v -0.524470 -0.496210 0.234638
v -0.527246 -0.489189 0.236305
v -0.528093 -0.489109 0.236486
v -0.525246 -0.496082 0.234853
v -0.522777 -0.503640 0.232588
v -0.522093 -0.503745 0.232375
v -0.521270 -0.503731 0.232871
v -0.528772 -0.482291 0.237756
v -0.528612 -0.481431 0.239003
v -0.526128 -0.488333 0.238004
v -0.529023 -0.480748 0.240102
v -0.530612 -0.475314 0.240692
v -0.530079 -0.476203 0.239469
v -0.530183 -0.477277 0.238004
v -0.530757 -0.481294 0.239595
v -0.530889 -0.482087 0.238340
v -0.528385 -0.488695 0.237527
v -0.530454 -0.482730 0.237270
v -0.532063 -0.477822 0.237312
v -0.532618 -0.476964 0.238537
v -0.532573 -0.475917 0.239981
v -0.772998 -0.048023 0.441758
v -0.774120 -0.047597 0.438935
v -0.774355 -0.043946 0.443180
v -0.772584 -0.046281 0.440411
v -0.775568 -0.043715 0.441933
v -0.773385 -0.045995 0.438451
v -0.774791 -0.043244 0.442198
v -0.772788 -0.045573 0.439131
v -0.775507 -0.037713 0.450204
v -0.774535 -0.037401 0.449743
v -0.775432 -0.040870 0.445788
v -0.776401 -0.041190 0.446188
v -0.774762 -0.041633 0.446195
v -0.773836 -0.038149 0.450162
v -0.776259 -0.039190 0.451562
v -0.773884 -0.039830 0.451504
v -0.776394 -0.040808 0.452940
v -0.774506 -0.041341 0.452872
v -0.775571 -0.041599 0.453345
v -0.532387 -0.475141 0.213728
v -0.535315 -0.469366 0.217914
v -0.536279 -0.470709 0.218013
v -0.533676 -0.476183 0.214055
v -0.537574 -0.474158 0.215762
v -0.538076 -0.470622 0.218121
v -0.535296 -0.472173 0.217591
v -0.534178 -0.472847 0.217476
v -0.533101 -0.471189 0.217647
v -0.774885 -0.037135 0.455356
v -0.775943 -0.037696 0.455594
v -0.776761 -0.037225 0.455046
v -0.774268 -0.035595 0.454180
v -0.776618 -0.035740 0.453697
v -0.774222 -0.034086 0.452861
v -0.775867 -0.034191 0.452501
v -0.774907 -0.033627 0.452264
v -0.768751 -0.048795 0.436439
v -0.768815 -0.049581 0.437932
v -0.769197 -0.049231 0.435451
v -0.770548 -0.053481 0.438498
v -0.770115 -0.053143 0.439668
v -0.770549 -0.052696 0.436795
v -0.769399 -0.051439 0.439240
v -0.769937 -0.050908 0.435673
v -0.745221 -0.039584 0.435881
v -0.745926 -0.039605 0.435886
v -0.743544 -0.042222 0.431131
v -0.742785 -0.042079 0.431118
v -0.744796 -0.037256 0.434784
v -0.744108 -0.037395 0.434819
v -0.741665 -0.039860 0.429787
v -0.742438 -0.039859 0.429770
v -0.741996 -0.041329 0.430684
v -0.744462 -0.038901 0.435536
v -0.743413 -0.040694 0.430287
v -0.745732 -0.037942 0.435176
v -0.359150 -0.000879 0.413348
v -0.345078 0.000825 0.413195
v -0.343087 0.004180 0.408706
v -0.356707 0.002757 0.408471
v -0.369828 0.000903 0.407358
v -0.370349 -0.002421 0.413337
v -0.327664 0.014153 0.410899
v -0.327860 0.010454 0.408387
v -0.341869 0.009265 0.408094
v -0.328866 0.005658 0.408924
v -0.311135 0.006257 0.407855
v -0.313730 0.011566 0.408318
v -0.310426 0.016553 0.411065
v -0.392692 0.517030 0.327204
v -0.391657 0.516223 0.327247
v -0.390606 0.525890 0.342190
v -0.391602 0.527081 0.342377
v -0.391135 0.507229 0.313030
v -0.392061 0.507511 0.312583
v -0.390135 0.516030 0.326750
v -0.389981 0.507436 0.312665
v -0.388201 0.525914 0.341078
v -0.387684 0.532839 0.355104
v -0.389315 0.532353 0.356032
v -0.389151 0.525236 0.341684
v -0.387403 0.534030 0.354569
v -0.387996 0.527119 0.340700
v -0.385708 0.537678 0.364855
v -0.385053 0.538672 0.364056
v -0.391841 0.533406 0.366095
v -0.388955 0.528168 0.340855
v -0.388160 0.534957 0.354647
v -0.389250 0.535465 0.354922
v -0.390282 0.528616 0.341353
v -0.385844 0.539720 0.363788
v -0.387262 0.540324 0.363933
v -0.363497 0.566746 0.379900
v -0.367013 0.559922 0.372522
v -0.366578 0.560737 0.371535
v -0.363210 0.567471 0.378845
v -0.367872 0.559778 0.373095
v -0.364263 0.566407 0.380392
v -0.370724 0.553834 0.364077
v -0.371749 0.553785 0.364635
v -0.370348 0.554137 0.362276
v -0.363758 0.568184 0.377798
v -0.367019 0.561955 0.370615
v -0.367870 0.562844 0.370200
v -0.364652 0.568557 0.377232
v -0.370593 0.556420 0.362621
v -0.372094 0.556696 0.360417
v -0.409413 0.461240 0.284198
v -0.405950 0.466255 0.285401
v -0.404974 0.465567 0.285045
v -0.408300 0.460532 0.283776
v -0.407628 0.468276 0.287391
v -0.410607 0.463202 0.286989
v -0.402595 0.472141 0.286712
v -0.404735 0.473389 0.288466
v -0.401457 0.471512 0.286883
v -0.407126 0.460061 0.285314
v -0.403974 0.465122 0.287001
v -0.404081 0.466494 0.289805
v -0.407015 0.461361 0.288383
v -0.400725 0.470800 0.288717
v -0.401548 0.471380 0.291603
v -0.406248 0.480663 0.295486
v -0.405145 0.475837 0.293236
v -0.406513 0.476637 0.293339
v -0.403349 0.478543 0.291198
v -0.403977 0.473807 0.292321
v -0.405135 0.479225 0.295421
v -0.402487 0.474411 0.293469
v -0.403811 0.475257 0.293542
v -0.405156 0.477563 0.295454
v -0.404590 0.470816 0.291881
v -0.406104 0.468582 0.291616
v -0.405956 0.476186 0.295606
v -0.407237 0.475818 0.295792
v -0.407852 0.468274 0.292094
v -0.409168 0.468740 0.292246
v -0.408534 0.476034 0.295956
v -0.408823 0.461844 0.290317
v -0.410142 0.462578 0.290689
v -0.409307 0.476503 0.295859
v -0.409989 0.469163 0.291645
v -0.409835 0.470046 0.290693
v -0.404898 0.474534 0.290975
v -0.410910 0.462799 0.289175
v -0.404768 0.475387 0.290727
v -0.408741 0.472094 0.290511
v -0.407592 0.474637 0.290855
v -0.404406 0.476431 0.290656
v -0.404013 0.477778 0.290875
v -0.407240 0.476246 0.292410
v -0.404324 0.475399 0.291663
v -0.396157 0.490753 0.301848
v -0.399934 0.483136 0.295841
v -0.400984 0.483353 0.295518
v -0.397364 0.490794 0.301692
v -0.404815 0.485936 0.302140
v -0.397642 0.491281 0.304997
v -0.397346 0.490565 0.305584
v -0.404702 0.484948 0.302673
v -0.405579 0.484323 0.303706
v -0.397498 0.490027 0.306098
v -0.397927 0.490519 0.306707
v -0.406722 0.484432 0.304252
v -0.407938 0.484827 0.304592
v -0.397596 0.490619 0.305947
v -0.398420 0.490345 0.305626
v -0.401169 0.481149 0.297095
v -0.401465 0.481181 0.296488
v -0.398949 0.489890 0.304629
v -0.398932 0.490120 0.303456
v -0.401614 0.481505 0.295795
v -0.401570 0.482090 0.295264
v -0.398606 0.490466 0.302393
v -0.398250 0.490540 0.302200
v -0.401518 0.482864 0.295332
v -0.450709 0.490442 0.354632
v -0.416955 0.519745 0.342503
v -0.421233 0.516080 0.342850
v -0.459242 0.482345 0.355650
v -0.416419 0.519589 0.342563
v -0.440419 0.500116 0.353252
v -0.411011 0.519548 0.334548
v -0.410081 0.519100 0.334640
v -0.411688 0.519786 0.334380
v -0.447801 0.492829 0.355185
v -0.416437 0.518805 0.343001
v -0.451381 0.489434 0.353682
v -0.420959 0.515758 0.342128
v -0.420989 0.515167 0.341671
v -0.437363 0.502233 0.350678
v -0.412388 0.518973 0.334088
v -0.412777 0.518302 0.334220
v -0.780933 0.168856 0.410459
v -0.669286 0.279206 0.393711
v -0.675594 0.272369 0.394530
v -0.779676 0.169801 0.410011
v -0.666813 0.281793 0.393589
v -0.785109 0.164893 0.411248
v -0.780275 0.168747 0.411367
v -0.660223 0.287475 0.393303
v -0.652475 0.294034 0.392930
v -0.779467 0.168242 0.412046
v -0.447102 0.492970 0.355459
v -0.779724 0.167017 0.412464
v -0.659634 0.286281 0.394236
v -0.667895 0.277590 0.395427
v -0.783737 0.162390 0.412959
v -0.436560 0.502933 0.353565
v -0.436208 0.502999 0.353058
v -0.783212 0.162365 0.412573
v -0.662535 0.282666 0.394349
v -0.654908 0.290421 0.392686
v -0.782964 0.162749 0.411871
v -0.436052 0.502880 0.352334
v -0.436843 0.502052 0.351683
v -0.779361 0.167417 0.410447
v -0.652955 0.293405 0.391505
v -0.656520 0.290868 0.391384
v -0.778333 0.169704 0.409721
v -0.439284 0.500032 0.351366
v -0.778772 0.169909 0.409813
v -0.665798 0.281990 0.392847
v -0.407072 0.507552 0.323073
v -0.406740 0.507013 0.323908
v -0.407937 0.507725 0.322766
v -0.406915 0.506208 0.324492
v -0.407676 0.505727 0.325542
v -0.410428 0.518449 0.335439
v -0.410884 0.517812 0.336235
v -0.408488 0.505915 0.325917
v -0.409253 0.505803 0.325841
v -0.411275 0.517848 0.336505
v -0.411864 0.517843 0.336565
v -0.409887 0.505620 0.325412
v -0.410163 0.505808 0.325027
v -0.412408 0.517706 0.336303
v -0.413331 0.517027 0.335807
v -0.409762 0.506188 0.323659
v -0.409274 0.506911 0.322962
v -0.413272 0.517414 0.334843
v -0.408726 0.507359 0.322620
v -0.385988 0.517032 0.311082
v -0.387218 0.514940 0.309146
v -0.386164 0.514178 0.310333
v -0.385057 0.516543 0.312362
v -0.388065 0.516329 0.307656
v -0.387104 0.518137 0.309527
v -0.390139 0.507679 0.303249
v -0.390918 0.509515 0.301942
v -0.389114 0.506797 0.304322
v -0.384113 0.516199 0.311107
v -0.385006 0.514192 0.309318
v -0.383512 0.514214 0.306250
v -0.381279 0.516752 0.306685
v -0.387752 0.507300 0.303521
v -0.386428 0.508263 0.301183
v -0.385791 0.518467 0.306977
v -0.384800 0.519848 0.308939
v -0.381586 0.522325 0.306961
v -0.383049 0.519888 0.305011
v -0.386124 0.519166 0.310805
v -0.383389 0.523072 0.313806
v -0.384761 0.522114 0.315211
v -0.380828 0.524505 0.312094
v -0.376686 0.542857 0.321027
v -0.378184 0.530631 0.314118
v -0.377424 0.529257 0.314040
v -0.375752 0.542020 0.321321
v -0.379284 0.531487 0.312715
v -0.377386 0.543502 0.319852
v -0.379376 0.525326 0.315059
v -0.379522 0.521934 0.314404
v -0.377315 0.543528 0.318229
v -0.379573 0.530910 0.310324
v -0.379437 0.529699 0.308622
v -0.376722 0.543046 0.317141
v -0.375754 0.542173 0.317401
v -0.378507 0.528135 0.308454
v -0.377385 0.527219 0.309613
v -0.375003 0.541435 0.318607
v -0.381546 0.518814 0.305018
v -0.375111 0.541490 0.320173
v -0.377021 0.527841 0.311905
v -0.379924 0.519320 0.309927
v -0.398706 0.544471 0.333869
v -0.371784 0.555168 0.326201
v -0.370825 0.554547 0.326555
v -0.398064 0.543867 0.334255
v -0.536801 -0.453947 0.226266
v -0.534850 -0.448125 0.230262
v -0.535296 -0.447237 0.229362
v -0.537836 -0.452343 0.225831
v -0.533969 -0.466934 0.220592
v -0.539032 -0.459327 0.223675
v -0.538197 -0.457574 0.224732
v -0.534370 -0.462717 0.222300
v -0.539486 -0.455931 0.224435
v -0.539466 -0.458618 0.222597
v -0.512946 -0.300571 0.336128
v -0.512810 -0.300002 0.333209
v -0.511629 -0.298753 0.330864
v -0.520980 -0.275263 0.340347
v -0.522471 -0.276421 0.342514
v -0.522798 -0.277116 0.345217
v -0.509768 -0.298436 0.337651
v -0.511566 -0.299805 0.337771
v -0.521261 -0.276672 0.346811
v -0.519138 -0.275662 0.346882
v -0.458378 -0.405742 0.278526
v -0.457945 -0.405013 0.276928
v -0.459221 -0.403609 0.286928
v -0.459541 -0.404266 0.288486
v -0.460019 -0.403044 0.285104
v -0.458362 -0.404248 0.275079
v -0.459839 -0.403592 0.274362
v -0.461697 -0.403023 0.283940
v -0.463070 -0.403449 0.283758
v -0.461358 -0.403737 0.274551
v -0.536550 -0.446994 0.229437
v -0.538944 -0.452695 0.225444
v -0.540437 -0.456636 0.223647
v -0.541109 -0.458267 0.223376
v -0.541335 -0.461305 0.221515
v -0.540461 -0.459706 0.221745
v -0.545192 -0.424700 0.256909
v -0.546051 -0.424063 0.256100
v -0.542695 -0.417058 0.256034
v -0.541821 -0.417333 0.257061
v -0.536498 -0.468218 0.220105
v -0.536905 -0.463530 0.222450
v -0.539766 -0.460769 0.223174
v -0.540260 -0.463283 0.221518
v -0.752916 -0.253967 0.357289
v -0.747406 -0.254879 0.355139
v -0.747465 -0.254380 0.354525
v -0.752992 -0.253476 0.356697
v -0.752988 -0.253400 0.356223
v -0.747502 -0.254253 0.354098
v -0.741621 -0.256039 0.353632
v -0.739232 -0.258169 0.352352
v -0.738802 -0.258945 0.352706
v -0.747091 -0.254554 0.353847
v -0.752749 -0.253732 0.355968
v -0.752449 -0.254457 0.356009
v -0.746720 -0.255255 0.353949
v -0.740641 -0.257125 0.353403
v -0.741221 -0.256375 0.353381
v -0.746581 -0.256274 0.354486
v -0.752379 -0.255434 0.356474
v -0.752476 -0.256144 0.356957
v -0.746769 -0.256953 0.355078
v -0.737598 -0.261657 0.352282
v -0.738306 -0.260130 0.352367
v -0.747082 -0.256915 0.355357
v -0.752724 -0.256141 0.357261
v -0.752974 -0.256156 0.357741
v -0.747418 -0.256835 0.355794
v -0.738773 -0.261397 0.353160
v -0.738168 -0.261621 0.352609
v -0.541119 -0.416840 0.257693
v -0.544029 -0.424790 0.256745
v -0.535605 -0.463406 0.222711
v -0.535270 -0.468127 0.220896
v -0.531835 -0.479163 0.210736
v -0.534788 -0.475493 0.211830
v -0.536333 -0.470682 0.215504
v -0.537450 -0.469907 0.214425
v -0.535704 -0.474926 0.210723
v -0.532198 -0.481968 0.205823
v -0.531188 -0.482671 0.206676
v -0.530759 -0.484008 0.207521
v -0.529983 -0.487626 0.204088
v -0.530766 -0.487039 0.203387
v -0.527516 -0.495715 0.201785
v -0.527195 -0.496109 0.202164
v -0.526878 -0.496895 0.202703
v -0.529490 -0.488841 0.204939
v -0.540866 -0.465913 0.218541
v -0.540136 -0.464502 0.218446
v -0.539451 -0.467105 0.216353
v -0.540222 -0.468314 0.216638
v -0.539367 -0.471611 0.214274
v -0.538496 -0.470564 0.213946
v -0.538476 -0.466211 0.217022
v -0.539153 -0.463325 0.219193
v -0.531616 -0.487735 0.203300
v -0.533490 -0.482684 0.205602
v -0.534295 -0.483930 0.205898
v -0.531955 -0.488942 0.203763
v -0.528329 -0.497105 0.202052
v -0.528107 -0.496237 0.201696
v -0.539912 -0.467363 0.219136
v -0.539370 -0.469877 0.217227
v -0.538605 -0.473327 0.214822
v -0.531535 -0.490083 0.204564
v -0.533954 -0.485178 0.206702
v -0.532939 -0.485875 0.207496
v -0.530700 -0.490662 0.205263
v -0.527460 -0.498173 0.202972
v -0.528074 -0.497849 0.202562
v -0.534418 -0.480729 0.210644
v -0.532892 -0.480363 0.210993
v -0.531605 -0.485339 0.207782
v -0.529861 -0.490082 0.205359
v -0.526956 -0.497655 0.203023
v -0.533571 -0.473159 0.240344
v -0.532398 -0.472595 0.241396
v -0.531031 -0.472775 0.241327
v -0.531674 -0.475303 0.240791
v -0.522819 -0.503532 0.233612
v -0.525402 -0.495870 0.235851
v -0.529893 -0.476317 0.236137
v -0.530144 -0.472916 0.239491
v -0.530352 -0.473845 0.239789
v -0.530525 -0.475064 0.237965
v -0.523271 -0.495824 0.236200
v -0.520810 -0.503510 0.233972
v -0.533282 -0.476054 0.234311
v -0.531344 -0.477873 0.234686
v -0.531667 -0.475600 0.236878
v -0.532970 -0.475364 0.236910
v -0.531046 -0.477890 0.237236
v -0.529570 -0.482761 0.237119
v -0.533679 -0.474308 0.238439
v -0.534219 -0.472940 0.237683
v -0.529939 -0.480775 0.240233
v -0.805810 -0.295617 0.415574
v -0.805738 -0.295666 0.416235
v -0.811311 -0.294046 0.414887
v -0.811423 -0.293987 0.414458
v -0.814021 -0.293132 0.413556
v -0.814889 -0.292963 0.413408
v -0.814048 -0.292902 0.414014
v -0.811465 -0.293590 0.415236
v -0.806014 -0.295001 0.416858
v -0.806901 -0.293551 0.415651
v -0.806324 -0.294692 0.415435
v -0.811870 -0.293417 0.414343
v -0.812298 -0.292642 0.414409
v -0.814547 -0.292395 0.413468
v -0.815174 -0.292690 0.413094
v -0.148790 -0.010368 0.397592
v -0.182516 -0.008557 0.400446
v -0.189302 -0.015778 0.402759
v -0.156196 -0.017406 0.399960
v -0.153382 -0.017461 0.403706
v -0.187165 -0.015866 0.406681
v -0.183402 -0.013511 0.408403
v -0.148982 -0.015163 0.405322
v -0.145691 -0.012281 0.404632
v -0.180410 -0.010543 0.407733
v -0.085843 -0.014909 0.385024
v -0.180450 -0.008703 0.404408
v -0.146043 -0.010485 0.401379
v -0.807067 -0.292942 0.416858
v -0.807174 -0.292937 0.416283
v -0.812475 -0.292260 0.414808
v -0.812335 -0.292251 0.415167
v -0.814571 -0.292163 0.413919
v -0.815472 -0.292150 0.413272
v -0.806577 -0.293887 0.417091
v -0.811918 -0.292865 0.415375
v -0.815207 -0.292428 0.413608
v -0.792779 -0.298639 0.418036
v -0.792943 -0.298742 0.418846
v -0.784154 -0.309035 0.407141
v -0.786513 -0.306979 0.408045
v -0.784522 -0.308407 0.407841
v -0.793374 -0.297960 0.419644
v -0.793598 -0.295923 0.418032
v -0.793098 -0.297397 0.417794
v -0.790207 -0.303231 0.409975
v -0.793727 -0.299535 0.412220
v -0.794146 -0.295250 0.419586
v -0.794010 -0.295149 0.418804
v -0.793839 -0.299037 0.412748
v -0.791562 -0.301074 0.411891
v -0.793857 -0.296502 0.419884
v -0.788001 -0.304757 0.410005
v -0.653243 -0.405469 0.326657
v -0.652776 -0.405453 0.326096
v -0.653736 -0.405290 0.326684
v -0.652954 -0.404977 0.325381
v -0.653499 -0.404373 0.324883
v -0.654029 -0.404098 0.324931
v -0.654358 -0.404179 0.325425
v -0.654174 -0.404731 0.326138
v -0.741522 -0.040392 0.430135
v -0.743964 -0.037975 0.435100
v -0.737875 -0.043522 0.427168
v -0.737714 -0.044037 0.427526
v -0.735928 -0.046312 0.425438
v -0.736117 -0.045891 0.424943
v -0.743795 -0.041566 0.430987
v -0.746101 -0.038839 0.435795
v -0.462088 -0.415048 0.266367
v -0.461444 -0.410686 0.270835
v -0.461499 -0.410400 0.267469
v -0.462893 -0.414567 0.262058
v -0.460963 -0.414695 0.258686
v -0.460530 -0.409949 0.265438
v -0.462359 -0.404078 0.276373
v -0.462043 -0.405235 0.278004
v -0.532681 -0.425920 0.257056
v -0.530439 -0.429314 0.256842
v -0.531820 -0.435047 0.257483
v -0.534479 -0.430015 0.258236
v -0.534275 -0.433733 0.257720
v -0.532106 -0.437629 0.257253
v -0.530575 -0.442246 0.257243
v -0.530953 -0.437579 0.256439
v -0.529129 -0.433102 0.255616
v -0.530604 -0.433463 0.254651
v -0.532301 -0.437519 0.255161
v -0.531813 -0.442540 0.256579
v -0.534251 -0.440646 0.254971
v -0.535921 -0.433402 0.256303
v -0.534339 -0.428990 0.255738
v -0.538838 -0.431016 0.257255
v -0.538952 -0.433827 0.257254
v -0.539587 -0.433119 0.257964
v -0.539150 -0.430508 0.257869
v -0.534719 -0.446504 0.255724
v -0.536189 -0.448091 0.255755
v -0.539665 -0.440540 0.257306
v -0.534094 -0.437190 0.256937
v -0.535867 -0.437725 0.256090
v -0.536027 -0.434444 0.256617
v -0.533261 -0.460620 0.244806
v -0.533672 -0.459479 0.243112
v -0.531667 -0.466804 0.238986
v -0.531109 -0.468021 0.241027
v -0.534052 -0.450195 0.255935
v -0.538884 -0.445534 0.256730
v -0.540219 -0.444770 0.256206
v -0.541737 -0.440638 0.256610
v -0.534898 -0.459215 0.242075
v -0.533233 -0.466439 0.237713
v -0.779212 -0.278342 0.394962
v -0.801700 -0.260605 0.406792
v -0.801416 -0.260651 0.406357
v -0.781198 -0.276168 0.396540
v -0.780998 -0.275531 0.396060
v -0.801040 -0.260262 0.405872
v -0.805907 -0.258503 0.406402
v -0.806314 -0.258854 0.406813
v -0.806662 -0.258772 0.407258
v -0.646693 -0.394641 0.297506
v -0.642961 -0.397077 0.294219
v -0.643894 -0.397634 0.295211
v -0.775095 -0.279998 0.392278
v -0.801375 -0.259183 0.406812
v -0.801642 -0.259942 0.406965
v -0.778202 -0.278452 0.394372
v -0.806708 -0.258190 0.407354
v -0.806498 -0.257476 0.407231
v -0.637175 -0.402632 0.288918
v -0.643175 -0.398010 0.294264
v -0.776189 -0.278112 0.392955
v -0.801000 -0.258757 0.406362
v -0.806117 -0.257142 0.406790
v -0.805765 -0.257177 0.406391
v -0.800740 -0.258843 0.405868
v -0.775447 -0.278607 0.392062
v -0.636656 -0.401569 0.288407
v -0.638253 -0.400776 0.289599
v -0.776807 -0.278133 0.392948
v -0.800775 -0.259478 0.405730
v -0.805715 -0.257829 0.406253
v -0.637522 -0.401169 0.289405
v -0.801456 -0.289002 0.417798
v -0.807430 -0.287555 0.417046
v -0.807295 -0.286904 0.416955
v -0.801441 -0.288198 0.417657
v -0.814946 -0.285938 0.414803
v -0.815166 -0.286427 0.414836
v -0.807897 -0.287450 0.417511
v -0.801792 -0.288878 0.418492
v -0.815717 -0.286347 0.415048
v -0.564363 -0.475003 0.251866
v -0.562020 -0.477118 0.248704
v -0.675612 -0.387399 0.331340
v -0.683641 -0.381138 0.337840
v -0.671137 -0.390605 0.327448
v -0.562154 -0.476768 0.247901
v -0.565541 -0.473345 0.250865
v -0.674554 -0.387383 0.329853
v -0.682184 -0.380998 0.335700
v -0.570041 -0.468989 0.255360
v -0.826217 -0.255503 0.399723
v -0.826947 -0.254962 0.398675
v -0.823594 -0.255731 0.402276
v -0.823749 -0.256205 0.402416
v -0.817349 -0.257657 0.406036
v -0.817199 -0.257069 0.405938
v -0.817393 -0.256550 0.405987
v -0.823743 -0.255320 0.402161
v -0.826224 -0.254890 0.399529
v -0.826853 -0.255652 0.399757
v -0.827356 -0.255457 0.398817
v -0.824207 -0.256462 0.402485
v -0.824657 -0.256411 0.402475
v -0.818396 -0.257842 0.406483
v -0.817861 -0.257915 0.406266
v -0.811587 -0.258383 0.406912
v -0.811669 -0.257830 0.407036
v -0.818575 -0.257323 0.406495
v -0.818417 -0.256760 0.406398
v -0.811491 -0.257205 0.406894
v -0.811081 -0.256856 0.406550
v -0.817911 -0.256482 0.406177
v -0.810705 -0.256923 0.406183
v -0.835259 -0.284766 0.405516
v -0.830279 -0.283921 0.410994
v -0.829827 -0.284004 0.411047
v -0.836799 -0.284967 0.403513
v -0.834632 -0.284953 0.405550
v -0.829361 -0.284379 0.411035
v -0.834658 -0.285463 0.405463
v -0.836473 -0.285363 0.403487
v -0.829220 -0.284857 0.411002
v -0.829369 -0.285204 0.410927
v -0.835282 -0.285286 0.405426
v -0.836831 -0.285525 0.403406
v -0.829835 -0.285126 0.410893
v -0.830284 -0.284776 0.410872
v -0.830444 -0.284265 0.410938
v -0.837154 -0.285128 0.403429
v -0.829621 -0.263913 0.407300
v -0.830718 -0.263560 0.406464
v -0.831919 -0.263958 0.404783
v -0.830487 -0.264280 0.406128
v -0.829026 -0.263979 0.407049
v -0.830175 -0.263793 0.405902
v -0.829117 -0.263132 0.406962
v -0.830404 -0.263071 0.406241
v -0.829416 -0.262927 0.407498
v -0.540137 -0.465403 0.220413
v -0.536018 -0.471193 0.218664
v -0.541104 -0.463828 0.220109
v -0.540325 -0.462219 0.220190
v -0.539333 -0.461023 0.221050
v -0.533118 -0.469292 0.219104
v -0.538688 -0.461396 0.222229
v -0.538337 -0.463529 0.220509
v -0.530028 -0.475583 0.232324
v -0.529505 -0.476468 0.234321
v -0.528534 -0.486169 0.228647
v -0.529087 -0.485306 0.226789
v -0.527409 -0.494202 0.223068
v -0.526881 -0.494633 0.224510
v -0.526979 -0.495184 0.225407
v -0.528849 -0.486691 0.229727
v -0.530125 -0.471853 0.238016
v -0.530701 -0.470791 0.235922
v -0.528948 -0.495846 0.224210
v -0.525283 -0.503495 0.221626
v -0.524195 -0.503679 0.222312
v -0.527877 -0.495705 0.225230
v -0.523267 -0.503686 0.222281
v -0.572783 -0.466845 0.259560
v -0.568876 -0.470699 0.256327
v -0.816611 -0.292567 0.413043
v -0.529410 -0.494568 0.221409
v -0.525724 -0.502888 0.219282
v -0.525853 -0.503150 0.220336
v -0.529485 -0.495429 0.222784
v -0.533924 -0.470706 0.234409
v -0.534420 -0.471542 0.235753
v -0.533541 -0.475985 0.231979
v -0.533087 -0.475421 0.230828
v -0.531570 -0.475271 0.231048
v -0.530437 -0.484951 0.225677
v -0.531707 -0.484963 0.225451
v -0.528486 -0.494064 0.221609
v -0.532316 -0.470476 0.234635
v -0.535334 -0.478591 0.217784
v -0.534575 -0.478355 0.219212
v -0.533141 -0.488008 0.215195
v -0.533552 -0.487754 0.213962
v -0.533451 -0.487154 0.213182
v -0.535209 -0.478462 0.216752
v -0.534359 -0.478023 0.216516
v -0.532919 -0.486732 0.213017
v -0.532056 -0.486609 0.213739
v -0.533252 -0.477516 0.217153
v -0.532437 -0.477283 0.218742
v -0.531671 -0.486576 0.215187
v -0.531706 -0.486998 0.216016
v -0.532407 -0.477396 0.220101
v -0.533443 -0.477878 0.220011
v -0.532288 -0.487700 0.215764
v -0.531075 -0.495423 0.209392
v -0.530619 -0.495944 0.210512
v -0.542350 -0.491969 0.216773
v -0.542678 -0.491249 0.216099
v -0.541462 -0.491383 0.214514
v -0.530819 -0.494820 0.208526
v -0.530105 -0.494520 0.208344
v -0.539417 -0.492142 0.213288
v -0.537607 -0.493158 0.212758
v -0.529458 -0.494440 0.208850
v -0.529176 -0.494475 0.210054
v -0.536426 -0.494564 0.212806
v -0.536491 -0.495364 0.213473
v -0.529483 -0.494747 0.211123
v -0.530180 -0.495364 0.211133
v -0.539433 -0.493893 0.215388
v -0.612857 -0.431694 0.272057
v -0.612097 -0.432940 0.271973
v -0.771809 -0.293557 0.397589
v -0.775509 -0.289292 0.400690
v -0.779703 -0.284512 0.404102
v -0.613048 -0.430602 0.271942
v -0.612920 -0.429867 0.272049
v -0.781758 -0.282262 0.405425
v -0.780875 -0.283292 0.404379
v -0.611363 -0.430948 0.271240
v -0.611156 -0.431648 0.271552
v -0.777877 -0.286871 0.401739
v -0.773714 -0.291570 0.398467
v -0.610526 -0.433127 0.271361
v -0.610301 -0.434151 0.270979
v -0.769877 -0.295403 0.395674
v -0.517677 -0.274516 0.344728
v -0.524476 -0.250635 0.353060
v -0.526166 -0.251651 0.354883
v -0.549533 -0.181900 0.383254
v -0.540610 -0.201732 0.373358
v -0.538130 -0.200404 0.371410
v -0.547325 -0.180586 0.381562
v -0.546313 -0.179548 0.379247
v -0.537738 -0.199605 0.369208
v -0.517400 -0.273863 0.342075
v -0.524064 -0.249847 0.350418
v -0.528548 -0.252504 0.354917
v -0.530106 -0.252621 0.353180
v -0.553138 -0.182207 0.381387
v -0.544172 -0.202023 0.371585
v -0.542433 -0.202028 0.372974
v -0.551884 -0.182368 0.382979
v -0.529643 -0.251883 0.350765
v -0.527813 -0.250705 0.348602
v -0.549992 -0.179846 0.377283
v -0.541354 -0.199902 0.367380
v -0.542881 -0.200787 0.368971
v -0.552155 -0.180994 0.379029
v -0.518945 -0.274311 0.340485
v -0.525658 -0.250061 0.348944
v -0.538615 -0.199176 0.367406
v -0.547664 -0.179234 0.377610
v -0.517488 -0.445003 0.232322
v -0.529489 -0.429016 0.243889
v -0.528512 -0.428981 0.244413
v -0.516553 -0.444929 0.232945
v -0.516587 -0.444783 0.233736
v -0.528223 -0.428898 0.244555
v -0.520564 -0.444552 0.232277
v -0.531453 -0.428971 0.242668
v -0.530654 -0.428975 0.243060
v -0.519008 -0.444953 0.231716
v -0.520278 -0.443412 0.234358
v -0.530618 -0.428640 0.243744
v -0.531421 -0.428752 0.243073
v -0.520815 -0.444274 0.233276
v -0.529231 -0.428807 0.244208
v -0.518384 -0.444136 0.234448
v -0.416724 0.517976 0.343166
v -0.416340 0.518312 0.343506
v -0.416321 0.518560 0.343507
v -0.417015 0.517772 0.342855
v -0.417477 0.517463 0.342228
v -0.419888 0.515339 0.341734
v -0.593499 -0.060500 0.411644
v -0.595428 -0.062168 0.413325
v -0.597544 -0.061682 0.415970
v -0.599909 -0.055471 0.418453
v -0.599385 -0.058962 0.417876
v -0.594481 -0.054503 0.413071
v -0.597739 -0.053891 0.416044
v -0.592969 -0.057730 0.411595
v -0.572979 -0.069250 0.405022
v -0.577695 -0.068825 0.407823
v -0.584915 -0.064501 0.409664
v -0.582662 -0.063350 0.407966
v -0.587357 -0.064009 0.412339
v -0.578664 -0.069906 0.409350
v -0.577583 -0.057481 0.414472
v -0.588254 -0.057564 0.415736
v -0.588053 -0.061221 0.414694
v -0.580224 -0.064509 0.413180
v -0.566773 -0.056511 0.407735
v -0.582634 -0.056844 0.410419
v -0.585914 -0.055719 0.413734
v -0.573125 -0.054158 0.411310
v -0.569391 -0.062932 0.406046
v -0.581029 -0.060289 0.408284
v -0.568078 -0.060766 0.412418
v -0.543972 -0.050299 0.409318
v -0.549402 -0.047576 0.410547
v -0.526711 -0.025183 0.407229
v -0.521898 -0.028795 0.406794
v -0.517365 -0.031344 0.404024
v -0.537793 -0.053540 0.406440
v -0.563426 -0.064530 0.409656
v -0.575309 -0.072449 0.408994
v -0.572003 -0.067309 0.411797
v -0.569413 -0.070704 0.408646
v -0.570931 -0.075355 0.405841
v -0.528001 -0.021581 0.404829
v -0.547922 -0.037787 0.405745
v -0.542501 -0.042910 0.402985
v -0.524523 -0.024088 0.403398
v -0.537568 -0.054958 0.403089
v -0.556888 -0.060724 0.404583
v -0.555122 -0.064227 0.404090
v -0.534057 -0.057296 0.401689
v -0.515747 -0.033556 0.400233
v -0.519020 -0.030534 0.402033
v -0.563001 -0.066206 0.403748
v -0.567351 -0.071331 0.402789
v -0.565365 -0.073277 0.401485
v -0.561088 -0.069483 0.403070
v -0.558564 -0.065698 0.406271
v -0.534614 -0.056570 0.403265
v -0.515405 -0.033202 0.401372
v -0.564285 -0.070986 0.405424
v -0.566585 -0.075397 0.402790
v -0.591996 0.039167 0.437750
v -0.589005 0.041035 0.436175
v -0.584925 0.041196 0.434692
v -0.579637 0.036359 0.434293
v -0.580971 0.039115 0.434041
v -0.588923 0.034386 0.436923
v -0.583349 0.034259 0.435441
v -0.592158 0.036504 0.437717
v -0.585072 0.044127 0.442511
v -0.586298 0.045174 0.441183
v -0.584015 0.044000 0.437733
v -0.585399 0.042136 0.439025
v -0.579684 0.044229 0.436660
v -0.580545 0.047615 0.438638
v -0.556580 0.043947 0.436692
v -0.568920 0.040554 0.435927
v -0.572160 0.042419 0.435467
v -0.568489 0.045250 0.437434
v -0.568877 0.041156 0.441374
v -0.577085 0.038513 0.438268
v -0.572149 0.038912 0.437197
v -0.560893 0.041392 0.438760
v -0.578053 0.041831 0.441893
v -0.581890 0.039586 0.439056
v -0.372434 0.555791 0.325025
v -0.399618 0.544747 0.332741
v -0.400324 0.544388 0.331367
v -0.372206 0.555996 0.323609
v -0.597965 0.050356 0.442633
v -0.595013 0.052820 0.440791
v -0.599079 0.060756 0.446154
v -0.603425 0.058175 0.446114
v -0.606645 0.065086 0.452417
v -0.602173 0.066935 0.452364
v -0.595942 0.062048 0.447113
v -0.599023 0.067466 0.453179
v -0.597822 0.049721 0.444676
v -0.564467 0.045719 0.442976
v -0.574626 0.046041 0.443451
v -0.583735 0.048890 0.443256
v -0.581766 0.052769 0.442554
v -0.570731 0.050378 0.442873
v -0.560741 0.049563 0.442778
v -0.594954 0.052035 0.445647
v -0.597361 0.059078 0.450539
v -0.594981 0.061378 0.449152
v -0.598281 0.066400 0.454709
v -0.600781 0.063899 0.456214
v -0.591005 0.055261 0.445327
v -0.555965 0.051382 0.440657
v -0.567638 0.052825 0.441844
v -0.579110 0.055639 0.441188
v -0.578211 0.055543 0.438880
v -0.565648 0.052008 0.439597
v -0.552417 0.050940 0.438593
v -0.588379 0.058302 0.441620
v -0.588128 0.058078 0.443926
v -0.605457 0.054898 0.449566
v -0.601610 0.056547 0.450653
v -0.605179 0.062057 0.456358
v -0.608983 0.061385 0.455428
v -0.565244 0.049483 0.437824
v -0.552372 0.048232 0.437135
v -0.579464 0.052475 0.438056
v -0.591466 0.056080 0.440565
v -0.609215 0.062825 0.453740
v -0.605801 0.055859 0.447661
v -0.585038 -0.145750 0.401714
v -0.582497 -0.145380 0.403078
v -0.595107 -0.131002 0.406467
v -0.597707 -0.131356 0.405169
v -0.595051 -0.099697 0.404510
v -0.602515 -0.115123 0.405161
v -0.598990 -0.115593 0.406260
v -0.591881 -0.099743 0.404709
v -0.589258 -0.100119 0.402910
v -0.595239 -0.116069 0.405679
v -0.579390 -0.144256 0.403083
v -0.590746 -0.130414 0.406032
v -0.568002 -0.162288 0.395995
v -0.569756 -0.162338 0.394409
v -0.565229 -0.161290 0.396159
v -0.596959 -0.099927 0.401416
v -0.602532 -0.115256 0.402597
v -0.598564 -0.130655 0.402768
v -0.585074 -0.144750 0.399222
v -0.583262 -0.143309 0.397278
v -0.596002 -0.129888 0.400554
v -0.596057 -0.100117 0.398204
v -0.600527 -0.115547 0.400203
v -0.566780 -0.159692 0.390192
v -0.569027 -0.161204 0.392012
v -0.592509 -0.129089 0.400407
v -0.579907 -0.142209 0.397267
v -0.577328 -0.141925 0.398751
v -0.588572 -0.129013 0.401570
v -0.587982 -0.100710 0.397519
v -0.592540 -0.116726 0.400799
v -0.595993 -0.116254 0.399792
v -0.592117 -0.100437 0.396830
v -0.563960 -0.158803 0.390422
v -0.562145 -0.158707 0.392016
v -0.592473 -0.116630 0.403376
v -0.587052 -0.100582 0.400218
v -0.589036 -0.129432 0.404034
v -0.577422 -0.142826 0.401136
v -0.562922 -0.159851 0.394393
v -0.580669 -0.078375 0.406604
v -0.576268 -0.080025 0.404357
v -0.581002 -0.086801 0.403198
v -0.584387 -0.085683 0.405300
v -0.585716 -0.085198 0.406215
v -0.582561 -0.076823 0.407702
v -0.579052 -0.077002 0.402007
v -0.582723 -0.076791 0.404902
v -0.586922 -0.085237 0.403044
v -0.584463 -0.085702 0.399867
v -0.571848 -0.079444 0.399129
v -0.574391 -0.078241 0.400206
v -0.580106 -0.086369 0.398066
v -0.579042 -0.086784 0.397393
v -0.572717 -0.080398 0.401324
v -0.577380 -0.087356 0.400379
v -0.597469 0.095886 0.482940
v -0.604137 0.083601 0.473059
v -0.607388 0.082187 0.474660
v -0.599878 0.095706 0.485105
v -0.600127 0.095972 0.488585
v -0.607325 0.081488 0.476763
v -0.598927 0.076360 0.464897
v -0.598705 0.075169 0.466393
v -0.601756 0.072735 0.467449
v -0.604337 0.081777 0.478263
v -0.597493 0.095811 0.489216
v -0.593883 0.096042 0.489175
v -0.599664 0.082929 0.478311
v -0.602065 0.075885 0.463818
v -0.597290 0.084042 0.476278
v -0.591198 0.096335 0.487001
v -0.590835 0.096520 0.484780
v -0.596612 0.085181 0.475010
v -0.606423 0.071074 0.467366
v -0.600021 0.084660 0.473551
v -0.593470 0.096343 0.483222
v -0.531125 0.032438 0.437033
v -0.535290 0.029625 0.438889
v -0.538133 0.029000 0.440754
v -0.521912 0.027059 0.431577
v -0.520273 0.032023 0.431128
v -0.513728 0.029143 0.426270
v -0.515347 0.023950 0.426989
v -0.520138 0.035702 0.431867
v -0.513291 0.033273 0.426913
v -0.535939 0.032040 0.441367
v -0.532695 0.035817 0.440533
v -0.521232 0.036194 0.433795
v -0.523100 0.032174 0.435325
v -0.515701 0.030176 0.430854
v -0.514093 0.034112 0.429050
v -0.529440 0.039409 0.438979
v -0.528312 0.039234 0.437131
v -0.525688 0.027908 0.436254
v -0.527159 0.024512 0.435822
v -0.519454 0.022092 0.431670
v -0.518026 0.025773 0.432006
v -0.528491 0.036640 0.436614
v -0.517972 0.021517 0.429389
v -0.525147 0.024349 0.433670
v -0.506950 -0.015394 0.403778
v -0.510650 -0.013483 0.407642
v -0.514748 -0.010323 0.409057
v -0.507365 -0.002862 0.408963
v -0.504476 -0.004096 0.406188
v -0.501181 -0.004662 0.402397
v -0.515377 -0.006493 0.409187
v -0.513194 -0.005534 0.407884
v -0.506624 0.005773 0.408801
v -0.507943 0.001681 0.409827
v -0.509589 -0.009606 0.404138
v -0.506846 -0.013794 0.400830
v -0.500633 -0.002425 0.400417
v -0.503802 0.003095 0.403444
v -0.505681 -0.015882 0.401041
v -0.499715 -0.004753 0.400204
v -0.507177 0.028923 0.425457
v -0.505556 0.032560 0.423241
v -0.511021 0.020462 0.426681
v -0.510141 0.019593 0.424382
v -0.507993 0.021801 0.421710
v -0.504974 0.031310 0.420795
v -0.509448 0.024418 0.426909
v -0.506051 0.026984 0.420386
v -0.414089 0.014895 0.398041
v -0.403049 0.011617 0.402305
v -0.403320 0.007789 0.398288
v -0.414344 0.011402 0.393474
v -0.414869 0.005671 0.391991
v -0.404391 0.001984 0.397877
v -0.390883 -0.000020 0.402167
v -0.390702 0.006306 0.402123
v -0.388898 0.011327 0.405301
v -0.415445 0.007650 0.406980
v -0.406260 0.005469 0.412724
v -0.404449 0.010100 0.408243
v -0.414699 0.012708 0.403513
v -0.393831 0.009702 0.411185
v -0.394432 0.005975 0.417346
v -0.415784 -0.000557 0.401523
v -0.407377 -0.003737 0.408742
v -0.407422 -0.000126 0.412493
v -0.415829 0.002410 0.405793
v -0.397845 -0.000602 0.417114
v -0.397224 -0.005486 0.414460
v -0.406051 -0.002445 0.402640
v -0.415416 0.001081 0.395813
v -0.396435 -0.003820 0.407274
v -0.259451 0.001771 0.411400
v -0.217346 -0.005096 0.409578
v -0.222787 -0.012847 0.411560
v -0.223389 -0.012186 0.406720
v -0.261948 -0.001009 0.416780
v -0.218331 -0.007562 0.413792
v -0.264814 -0.004300 0.417323
v -0.220576 -0.010355 0.414118
v -0.266538 -0.006451 0.414056
v -0.265921 -0.005722 0.408414
v -0.804303 -0.267598 0.418680
v -0.804413 -0.268420 0.418518
v -0.809459 -0.267650 0.416912
v -0.809404 -0.266879 0.417035
v -0.809141 -0.266168 0.416930
v -0.803969 -0.266846 0.418432
v -0.266026 0.025034 0.428991
v -0.264103 0.022278 0.430556
v -0.217422 0.031446 0.430164
v -0.219962 0.033944 0.429831
v -0.181362 0.038840 0.419516
v -0.145361 0.044212 0.418411
v -0.261975 0.020579 0.428995
v -0.803601 -0.266762 0.417925
v -0.808807 -0.266004 0.416470
v -0.808561 -0.266312 0.416041
v -0.803371 -0.267169 0.417382
v -0.260603 0.021430 0.423845
v -0.178537 0.038945 0.427220
v -0.146182 0.044098 0.425789
v -0.150743 0.046028 0.425673
v -0.181754 0.040928 0.427165
v -0.803483 -0.267994 0.417246
v -0.808555 -0.267017 0.415873
v -0.808763 -0.267712 0.416021
v -0.803782 -0.268690 0.417419
v -0.537533 -0.466581 0.218278
v -0.804171 -0.268828 0.418003
v -0.809142 -0.267888 0.416445
v -0.266448 0.027196 0.424528
v -0.221434 0.035670 0.426384
v -0.184810 0.042278 0.424525
v -0.153636 0.047605 0.422720
v -0.153313 0.047415 0.420254
v -0.186115 0.042474 0.421182
v -0.288149 0.016727 0.426755
v -0.282787 0.015367 0.425741
v -0.291274 0.010955 0.424045
v -0.299907 0.011436 0.424578
v -0.313112 0.012987 0.421315
v -0.292877 0.019302 0.424313
v -0.279850 0.016704 0.419906
v -0.280259 0.019245 0.413850
v -0.287766 0.015181 0.411042
v -0.286627 0.012635 0.417969
v -0.296204 0.016518 0.409457
v -0.285330 0.021408 0.412526
v -0.291128 0.022485 0.414814
v -0.313018 0.016353 0.416736
v -0.293809 0.021478 0.419632
v -0.287591 0.009553 0.408480
v -0.286589 0.007683 0.415647
v -0.278617 0.005784 0.412861
v -0.278668 0.007125 0.406260
v -0.283127 0.002924 0.417877
v -0.292458 0.005026 0.420766
v -0.300578 0.003551 0.421795
v -0.288455 0.000334 0.419063
v -0.293332 -0.001091 0.415481
v -0.314260 0.002643 0.418283
v -0.290344 0.002291 0.405303
v -0.293717 -0.000185 0.410037
v -0.314126 0.002725 0.412455
v -0.284010 0.005323 0.403963
v -0.296213 0.008754 0.406381
v -0.294211 0.007693 0.423096
v -0.304111 0.007158 0.423207
v -0.317355 0.007124 0.420986
v -0.290331 0.012133 0.409587
v -0.299937 0.012399 0.407776
v -0.288988 0.009824 0.416890
v -0.434775 0.010776 0.386726
v -0.434164 0.012470 0.383384
v -0.433731 0.016778 0.382490
v -0.433924 0.022381 0.385748
v -0.434363 0.025590 0.390425
v -0.435165 0.017362 0.394078
v -0.434859 0.022736 0.393585
v -0.435135 0.012888 0.391030
v -0.356018 0.055681 0.454642
v -0.356628 0.055714 0.452956
v -0.353298 0.055548 0.454084
v -0.352714 0.055493 0.455794
v -0.349283 0.055229 0.456751
v -0.349739 0.055294 0.455113
v -0.350003 0.056215 0.453611
v -0.353421 0.056506 0.452571
v -0.356660 0.056667 0.451525
v -0.364636 0.052510 0.448528
v -0.360904 0.054862 0.449987
v -0.360847 0.053969 0.451301
v -0.364499 0.051684 0.449734
v -0.364206 0.051725 0.450990
v -0.360374 0.053969 0.452816
v -0.351957 0.056655 0.456727
v -0.355093 0.056843 0.455647
v -0.354417 0.058342 0.455561
v -0.351474 0.058177 0.456577
v -0.348838 0.057673 0.457308
v -0.348924 0.056276 0.457571
v -0.363759 0.054152 0.451378
v -0.363903 0.052801 0.451612
v -0.359692 0.055093 0.453690
v -0.359212 0.056525 0.453602
v -0.367808 0.006987 0.407065
v -0.355248 0.008024 0.407881
v -0.330539 0.002568 0.413193
v -0.331803 0.002331 0.418050
v -0.386792 -0.000297 0.420257
v -0.384812 0.005456 0.420698
v -0.387783 -0.005213 0.418718
v -0.331623 0.006002 0.420534
v -0.330363 0.010823 0.419974
v -0.387592 0.008573 0.417637
v -0.387151 0.010322 0.412971
v -0.383748 0.012133 0.409117
v -0.382255 0.014251 0.411549
v -0.384461 0.012465 0.414865
v -0.384964 0.011211 0.418358
v -0.378105 0.011425 0.406571
v -0.378489 0.013109 0.408791
v -0.373946 0.012601 0.411625
v -0.376382 0.014354 0.413409
v -0.378974 0.014770 0.411353
v -0.373884 0.011025 0.416136
v -0.377491 0.009356 0.419685
v -0.378948 0.012019 0.419371
v -0.376584 0.013245 0.416636
v -0.383512 0.008515 0.419941
v -0.382556 0.011320 0.419808
v -0.390229 -0.004522 0.409502
v -0.391189 -0.006318 0.414216
v -0.388786 -0.007956 0.413062
v -0.387978 -0.006672 0.409746
v -0.385309 -0.005312 0.406736
v -0.386423 -0.002670 0.405680
v -0.387181 -0.006721 0.416857
v -0.380823 -0.005584 0.416385
v -0.382370 -0.007539 0.414023
v -0.386276 -0.008294 0.414762
v -0.376721 -0.003700 0.412635
v -0.376519 -0.002059 0.408044
v -0.379247 -0.005009 0.407904
v -0.379669 -0.006178 0.411131
v -0.381026 -0.001726 0.405282
v -0.379949 0.001238 0.404059
v -0.381866 -0.004640 0.406065
v -0.380291 0.031266 0.438289
v -0.381483 0.027419 0.430813
v -0.383466 0.025305 0.431710
v -0.381583 0.029639 0.439237
v -0.381621 0.027888 0.440509
v -0.383939 0.023223 0.433008
v -0.383964 0.019921 0.425285
v -0.383244 0.022127 0.423260
v -0.380563 0.024347 0.421752
v -0.380644 0.019551 0.414880
v -0.383301 0.017659 0.417639
v -0.384169 0.015755 0.420821
v -0.378208 0.031657 0.438308
v -0.378962 0.027975 0.431055
v -0.377716 0.025058 0.421751
v -0.375835 0.024362 0.422958
v -0.377208 0.027150 0.432014
v -0.376514 0.030926 0.439088
v -0.375888 0.019338 0.416348
v -0.377831 0.019997 0.414683
v -0.377782 0.027583 0.441537
v -0.379742 0.023017 0.434136
v -0.377828 0.024987 0.433261
v -0.376503 0.029188 0.440511
v -0.376647 0.022312 0.424834
v -0.379130 0.020177 0.426348
v -0.378915 0.015979 0.421871
v -0.376525 0.017691 0.419321
v -0.382189 0.022479 0.433950
v -0.379938 0.027152 0.441452
v -0.382169 0.019321 0.426386
v -0.382270 0.015349 0.422223
v -0.386314 -0.022709 0.407276
v -0.387520 -0.012813 0.411032
v -0.386760 -0.011681 0.408140
v -0.385645 -0.021641 0.404426
v -0.383458 -0.020671 0.401622
v -0.384471 -0.010532 0.405531
v -0.381385 -0.022867 0.407627
v -0.382412 -0.012580 0.411495
v -0.385543 -0.013147 0.412312
v -0.384391 -0.023145 0.408534
v -0.378688 -0.020877 0.402052
v -0.379614 -0.010377 0.406121
v -0.380115 -0.011465 0.408960
v -0.379181 -0.021883 0.404934
v -0.381641 -0.010045 0.404715
v -0.380671 -0.020436 0.400622
v -0.376265 0.034350 0.445362
v -0.378073 0.034934 0.444393
v -0.374443 0.041581 0.446355
v -0.372819 0.041215 0.447313
v -0.371315 0.041148 0.447367
v -0.374311 0.034480 0.445471
v -0.373503 0.035430 0.444356
v -0.370983 0.041511 0.446284
v -0.371697 0.042020 0.444823
v -0.373960 0.036528 0.442895
v -0.375769 0.037041 0.442112
v -0.373315 0.042321 0.444102
v -0.374789 0.042339 0.444166
v -0.377671 0.036903 0.442154
v -0.378489 0.035998 0.443075
v -0.375139 0.042048 0.445075
v -0.351515 0.059061 0.455289
v -0.354360 0.059215 0.454382
v -0.355057 0.059331 0.452431
v -0.352169 0.059164 0.453349
v -0.349546 0.058655 0.454172
v -0.349036 0.058529 0.455975
v -0.364176 0.054986 0.448824
v -0.363788 0.054871 0.450493
v -0.359170 0.057312 0.452589
v -0.359742 0.057438 0.450757
v -0.355953 0.058175 0.451440
v -0.352896 0.058007 0.452420
v -0.349877 0.057595 0.453367
v -0.360405 0.056316 0.449874
v -0.364478 0.053907 0.448188
v -0.386016 -0.040275 0.406295
v -0.385753 -0.032078 0.406667
v -0.385257 -0.031449 0.403742
v -0.385667 -0.039964 0.404046
v -0.384382 -0.040053 0.401848
v -0.383189 -0.031194 0.400792
v -0.382475 -0.057928 0.403776
v -0.383388 -0.057448 0.405265
v -0.385594 -0.048356 0.404409
v -0.384516 -0.048656 0.402497
v -0.385658 -0.048319 0.406496
v -0.383378 -0.057296 0.407039
v -0.383694 -0.032845 0.407364
v -0.380678 -0.033189 0.406440
v -0.381626 -0.041924 0.406026
v -0.384081 -0.041334 0.407081
v -0.381985 -0.057420 0.408118
v -0.383995 -0.049241 0.407141
v -0.381920 -0.049949 0.406275
v -0.380369 -0.057674 0.407530
v -0.379966 -0.041955 0.401186
v -0.378270 -0.032355 0.400687
v -0.378599 -0.032906 0.403665
v -0.380095 -0.042034 0.403517
v -0.379415 -0.058199 0.405807
v -0.380749 -0.050477 0.404093
v -0.380748 -0.050485 0.402094
v -0.379382 -0.058420 0.404077
v -0.380353 -0.031696 0.399527
v -0.381802 -0.041103 0.400291
v -0.380753 -0.058286 0.403214
v -0.382351 -0.049848 0.401591
v -0.438502 -0.070828 0.367662
v -0.437218 -0.071089 0.367499
v -0.437225 -0.068838 0.367848
v -0.438544 -0.068523 0.367957
v -0.438601 -0.066354 0.367205
v -0.437275 -0.066737 0.367141
v -0.428810 -0.072273 0.366141
v -0.433290 -0.068151 0.366954
v -0.433257 -0.069914 0.367448
v -0.429010 -0.073640 0.366672
v -0.429306 -0.075112 0.366318
v -0.433350 -0.071779 0.367039
v -0.432324 -0.059001 0.364550
v -0.432397 -0.058743 0.364538
v -0.432418 -0.058650 0.364724
v -0.432337 -0.058938 0.364763
v -0.432368 -0.058875 0.364979
v -0.432430 -0.058647 0.364888
v -0.445262 -0.068570 0.367248
v -0.442852 -0.067159 0.367242
v -0.442761 -0.066816 0.365540
v -0.445113 -0.067922 0.365367
v -0.445113 -0.069070 0.364102
v -0.442500 -0.067809 0.364097
v -0.438659 -0.071068 0.364613
v -0.439660 -0.071055 0.364641
v -0.439611 -0.069068 0.363713
v -0.438640 -0.069028 0.363701
v -0.438550 -0.067038 0.364163
v -0.439594 -0.067112 0.364152
v -0.442186 -0.069649 0.363829
v -0.445196 -0.071064 0.363951
v -0.445481 -0.073510 0.365088
v -0.441981 -0.071484 0.364807
v -0.437409 -0.071380 0.364466
v -0.437340 -0.071705 0.366195
v -0.438600 -0.071432 0.366357
v -0.433505 -0.072288 0.365995
v -0.429496 -0.075379 0.365514
v -0.429646 -0.075395 0.364242
v -0.433683 -0.072202 0.364568
v -0.417261 -0.080669 0.361489
v -0.417120 -0.080945 0.361576
v -0.416327 -0.080040 0.361178
v -0.416390 -0.079918 0.361146
v -0.417308 -0.080613 0.361215
v -0.416406 -0.079902 0.361020
v -0.417247 -0.080774 0.360953
v -0.416379 -0.079971 0.360907
v -0.417091 -0.081098 0.360879
v -0.416313 -0.080108 0.360877
v -0.416947 -0.081383 0.360977
v -0.416254 -0.080226 0.360924
v -0.416910 -0.081423 0.361255
v -0.416237 -0.080244 0.361040
v -0.416953 -0.081304 0.361508
v -0.416256 -0.080191 0.361152
v -0.418492 -0.081161 0.361859
v -0.418351 -0.081618 0.361977
v -0.418534 -0.081055 0.361471
v -0.418465 -0.081308 0.361094
v -0.418303 -0.081839 0.360979
v -0.418163 -0.082308 0.361110
v -0.418132 -0.082386 0.361504
v -0.418184 -0.082197 0.361873
v -0.420320 -0.081097 0.362397
v -0.420038 -0.081698 0.362478
v -0.420432 -0.080939 0.361933
v -0.420326 -0.081260 0.361420
v -0.420023 -0.081949 0.361197
v -0.419735 -0.082569 0.361294
v -0.419643 -0.082690 0.361773
v -0.419719 -0.082448 0.362272
v -0.421496 -0.081659 0.362842
v -0.420971 -0.082390 0.362790
v -0.421755 -0.081409 0.362345
v -0.421622 -0.081742 0.361664
v -0.421084 -0.082572 0.361204
v -0.420538 -0.083342 0.361158
v -0.420313 -0.083546 0.361694
v -0.420359 -0.083041 0.362270
v -0.422274 -0.081477 0.363875
v -0.421171 -0.083317 0.363146
v -0.422413 -0.081225 0.363115
v -0.422885 -0.081278 0.362606
v -0.421802 -0.083049 0.361947
v -0.420950 -0.084322 0.361462
v -0.420499 -0.084281 0.361936
v -0.420428 -0.084362 0.362842
v -0.419264 -0.088316 0.362635
v -0.419032 -0.088162 0.363120
v -0.421203 -0.085578 0.363464
v -0.421555 -0.085538 0.363119
v -0.422694 -0.083755 0.364070
v -0.422339 -0.083790 0.364429
v -0.423429 -0.082045 0.365110
v -0.423689 -0.082196 0.364586
v -0.422880 -0.083733 0.363276
v -0.421917 -0.085134 0.362695
v -0.423809 -0.082367 0.363641
v -0.421622 -0.083640 0.363974
v -0.420733 -0.084953 0.363422
v -0.422910 -0.081436 0.365056
v -0.419283 -0.087587 0.361127
v -0.419448 -0.088261 0.361895
v -0.421673 -0.084414 0.361886
v -0.422516 -0.083211 0.362293
v -0.423458 -0.081772 0.362662
v -0.418715 -0.087387 0.363180
v -0.418521 -0.086706 0.362689
v -0.418921 -0.086886 0.361220
v -0.418611 -0.086603 0.361853
v -0.416314 -0.080086 0.361015
v -0.436614 -0.098291 0.363222
v -0.436686 -0.098708 0.363294
v -0.435559 -0.099430 0.362774
v -0.435558 -0.099237 0.362745
v -0.436552 -0.098003 0.362945
v -0.435562 -0.099141 0.362620
v -0.436611 -0.098025 0.362545
v -0.435561 -0.099131 0.362453
v -0.436684 -0.098376 0.362440
v -0.435560 -0.099302 0.362405
v -0.436759 -0.098799 0.362487
v -0.435555 -0.099506 0.362422
v -0.436778 -0.099018 0.362772
v -0.435556 -0.099581 0.362548
v -0.436759 -0.099025 0.363085
v -0.435553 -0.099592 0.362679
v -0.437861 -0.096674 0.363857
v -0.438079 -0.097104 0.363978
v -0.437732 -0.096270 0.363478
v -0.437842 -0.096272 0.362934
v -0.438057 -0.096598 0.362817
v -0.438282 -0.097031 0.362909
v -0.438387 -0.097337 0.363297
v -0.438294 -0.097378 0.363721
v -0.439521 -0.093842 0.364597
v -0.439615 -0.094565 0.364716
v -0.439470 -0.093324 0.364143
v -0.439514 -0.093416 0.363482
v -0.439609 -0.094031 0.363312
v -0.439706 -0.094765 0.363394
v -0.439779 -0.095103 0.363867
v -0.439708 -0.095126 0.364377
v -0.441227 -0.092579 0.365341
v -0.441168 -0.093607 0.365496
v -0.441260 -0.091939 0.364731
v -0.441213 -0.092096 0.363856
v -0.441141 -0.092967 0.363434
v -0.441096 -0.094045 0.363729
v -0.441094 -0.094434 0.364369
v -0.441106 -0.094451 0.365042
v -0.442771 -0.092569 0.365571
v -0.442566 -0.093624 0.365747
v -0.442830 -0.091942 0.364907
v -0.442738 -0.092124 0.363967
v -0.442515 -0.093031 0.363534
v -0.442313 -0.094143 0.363842
v -0.442291 -0.094521 0.364536
v -0.442343 -0.094514 0.365263
v -0.443336 -0.092759 0.366566
v -0.443121 -0.093984 0.366535
v -0.443354 -0.091306 0.365044
v -0.443137 -0.091912 0.363240
v -0.442962 -0.093098 0.363047
v -0.442621 -0.094342 0.363059
v -0.442405 -0.095553 0.364373
v -0.442780 -0.095210 0.366115
v -0.443515 -0.099307 0.364291
v -0.443368 -0.099596 0.365582
v -0.444180 -0.095898 0.366481
v -0.444359 -0.095624 0.364931
v -0.446369 -0.090520 0.367763
v -0.446546 -0.090410 0.365911
v -0.445069 -0.093473 0.365311
v -0.444878 -0.093711 0.367003
v -0.443286 -0.098893 0.362919
v -0.444081 -0.095071 0.363285
v -0.446149 -0.089824 0.363895
v -0.444750 -0.092877 0.363508
v -0.445567 -0.089945 0.368096
v -0.444128 -0.093377 0.367348
v -0.442875 -0.099495 0.365893
v -0.443489 -0.095708 0.366811
v -0.445246 -0.088977 0.363090
v -0.443911 -0.092255 0.362805
v -0.442738 -0.098495 0.362407
v -0.443318 -0.094578 0.362646
v -0.444695 -0.089134 0.367189
v -0.442332 -0.099174 0.365326
v -0.444424 -0.088393 0.363537
v -0.442205 -0.098384 0.362763
v -0.444295 -0.088508 0.365290
v -0.442104 -0.098686 0.364015
v -0.426170 -0.079099 0.363789
v -0.426103 -0.078840 0.364853
v -0.425849 -0.078588 0.365481
v -0.412903 -0.092147 0.363245
v -0.415494 -0.090954 0.363156
v -0.415648 -0.091239 0.362627
v -0.411541 -0.093161 0.363042
v -0.412860 -0.092618 0.362264
v -0.415699 -0.091318 0.361908
v -0.429128 -0.072527 0.363739
v -0.425449 -0.077343 0.363262
v -0.425919 -0.078169 0.363069
v -0.429480 -0.073870 0.363283
v -0.415498 -0.090889 0.361240
v -0.411464 -0.092964 0.362180
v -0.412773 -0.091761 0.361929
v -0.415320 -0.090172 0.361367
v -0.428885 -0.071934 0.364944
v -0.425211 -0.076722 0.364313
v -0.415171 -0.089804 0.361933
v -0.425137 -0.076850 0.365207
v -0.411587 -0.092007 0.362479
v -0.412832 -0.091271 0.362855
v -0.415170 -0.089745 0.362702
v -0.425490 -0.077512 0.365821
v -0.415300 -0.090296 0.363150
v -0.411666 -0.092199 0.363343
v -0.433558 -0.060266 0.364446
v -0.433687 -0.059767 0.364346
v -0.432257 -0.059255 0.364601
v -0.433542 -0.060288 0.364855
v -0.432249 -0.059269 0.364813
v -0.433636 -0.060024 0.365064
v -0.432307 -0.059101 0.364876
v -0.433770 -0.059514 0.365178
v -0.433892 -0.059066 0.365003
v -0.433867 -0.059078 0.364683
v -0.433827 -0.059263 0.364323
v -0.435136 -0.060426 0.364548
v -0.435128 -0.059888 0.364202
v -0.435031 -0.060845 0.365018
v -0.435127 -0.060443 0.365426
v -0.435199 -0.059611 0.365418
v -0.435219 -0.059145 0.365111
v -0.435248 -0.058737 0.364767
v -0.435207 -0.059175 0.364355
v -0.436370 -0.061177 0.364529
v -0.436710 -0.060582 0.364156
v -0.436205 -0.061486 0.365218
v -0.436405 -0.061061 0.365796
v -0.436862 -0.060141 0.365832
v -0.437203 -0.059660 0.365458
v -0.437252 -0.059254 0.364938
v -0.437131 -0.059823 0.364326
v -0.443508 -0.093338 0.362720
v -0.447685 -0.086779 0.364251
v -0.446709 -0.085605 0.363319
v -0.448025 -0.087291 0.368625
v -0.448187 -0.087353 0.366552
v -0.444629 -0.094472 0.365131
v -0.444340 -0.093866 0.363398
v -0.435563 -0.099361 0.362590
v -0.442701 -0.105648 0.362999
v -0.442707 -0.105664 0.363100
v -0.442703 -0.105708 0.363192
v -0.446178 -0.085297 0.367870
v -0.447171 -0.086354 0.368946
v -0.444440 -0.094742 0.366765
v -0.443740 -0.094509 0.367091
v -0.445723 -0.084614 0.365747
v -0.445816 -0.084698 0.363796
v -0.442803 -0.105690 0.363236
v -0.442866 -0.105687 0.363221
v -0.442902 -0.105637 0.363130
v -0.442871 -0.105624 0.363024
v -0.442805 -0.105612 0.362994
v -0.448696 -0.076200 0.365663
v -0.447350 -0.075984 0.364740
v -0.447512 -0.081622 0.363864
v -0.448695 -0.081980 0.364844
v -0.446388 -0.081717 0.364265
v -0.446102 -0.076051 0.365126
v -0.446164 -0.082238 0.366137
v -0.446662 -0.082887 0.368232
v -0.449195 -0.076705 0.367767
v -0.449220 -0.082573 0.367105
v -0.447854 -0.083171 0.369343
v -0.448937 -0.083130 0.369100
v -0.448858 -0.077109 0.369637
v -0.447585 -0.077238 0.369873
v -0.446297 -0.077020 0.368853
v -0.445766 -0.076536 0.366895
v -0.445760 -0.074214 0.369083
v -0.445175 -0.074202 0.367135
v -0.450036 -0.074671 0.369653
v -0.447517 -0.074592 0.369653
v -0.450297 -0.074756 0.367820
v -0.449648 -0.074110 0.365448
v -0.447153 -0.073826 0.364703
v -0.442816 -0.105636 0.363120
v -0.441944 -0.072131 0.366691
v -0.442039 -0.071514 0.368209
v -0.439422 -0.070968 0.367780
v -0.439638 -0.071576 0.366430
v -0.449670 -0.071615 0.364081
v -0.446958 -0.071681 0.364121
v -0.446833 -0.069572 0.364146
v -0.449497 -0.069629 0.364325
v -0.437361 -0.067387 0.364107
v -0.437443 -0.069361 0.363575
v -0.433640 -0.070401 0.363586
v -0.433490 -0.068657 0.364234
v -0.449274 -0.068466 0.365817
v -0.446878 -0.068343 0.365547
v -0.446976 -0.068968 0.367483
v -0.449520 -0.068828 0.367718
v -0.433364 -0.067854 0.365564
v -0.447291 -0.071446 0.368966
v -0.449819 -0.071519 0.369374
v -0.445497 -0.070911 0.368583
v -0.442503 -0.069309 0.368261
v -0.439601 -0.066479 0.367221
v -0.439521 -0.068664 0.368024
v -0.437526 -0.063579 0.364910
v -0.438035 -0.062933 0.364546
v -0.437278 -0.063497 0.365742
v -0.437652 -0.063109 0.366231
v -0.438213 -0.062306 0.366714
v -0.438687 -0.061859 0.366225
v -0.438819 -0.061770 0.365539
v -0.438565 -0.062341 0.364802
v -0.437724 -0.066222 0.364627
v -0.438415 -0.066195 0.364345
v -0.437434 -0.065934 0.365643
v -0.437818 -0.065731 0.366324
v -0.438562 -0.065605 0.366968
v -0.439200 -0.065773 0.366511
v -0.439394 -0.065732 0.365676
v -0.439106 -0.066238 0.364721
v -0.437294 -0.066385 0.365589
v -0.439581 -0.066106 0.365632
v -0.452922 -0.094060 0.369850
v -0.452754 -0.094105 0.369232
v -0.453252 -0.096996 0.370059
v -0.453284 -0.096976 0.370219
v -0.452717 -0.093940 0.370205
v -0.453241 -0.096981 0.370349
v -0.452358 -0.093830 0.370314
v -0.453123 -0.097020 0.370324
v -0.451910 -0.093749 0.370033
v -0.453002 -0.097072 0.370242
v -0.451755 -0.093793 0.369454
v -0.452978 -0.097082 0.370091
v -0.451887 -0.093896 0.368987
v -0.453023 -0.097075 0.369977
v -0.452295 -0.094020 0.368925
v -0.453135 -0.097040 0.369971
v -0.453187 -0.088558 0.369751
v -0.452975 -0.088646 0.368837
v -0.452911 -0.088249 0.370318
v -0.452367 -0.087884 0.370335
v -0.451745 -0.087607 0.369863
v -0.451551 -0.087693 0.369008
v -0.451759 -0.087977 0.368359
v -0.452339 -0.088357 0.368328
v -0.455066 -0.084747 0.370097
v -0.454709 -0.084785 0.368896
v -0.454899 -0.084007 0.370917
v -0.454263 -0.083171 0.370968
v -0.453535 -0.082363 0.370413
v -0.453207 -0.082412 0.369297
v -0.453334 -0.083018 0.368403
v -0.453951 -0.083967 0.368290
v -0.457828 -0.081063 0.370773
v -0.457488 -0.081067 0.369578
v -0.457667 -0.080268 0.371568
v -0.457070 -0.079293 0.371589
v -0.456378 -0.078355 0.371010
v -0.456067 -0.078370 0.369899
v -0.456187 -0.079030 0.369026
v -0.456771 -0.080110 0.368949
v -0.459651 -0.075569 0.371170
v -0.459334 -0.075781 0.369750
v -0.459239 -0.075164 0.372091
v -0.458271 -0.074860 0.371864
v -0.457265 -0.074681 0.371032
v -0.456980 -0.074886 0.369709
v -0.457343 -0.075241 0.368766
v -0.458299 -0.075591 0.368842
v -0.460106 -0.069876 0.371114
v -0.459750 -0.070441 0.369496
v -0.459703 -0.069825 0.372228
v -0.458681 -0.070645 0.372030
v -0.457604 -0.071567 0.371157
v -0.457282 -0.072092 0.369646
v -0.457651 -0.072060 0.368516
v -0.458652 -0.071378 0.368521
v -0.460243 -0.069173 0.371180
v -0.459941 -0.068841 0.368934
v -0.459987 -0.067826 0.372931
v -0.458432 -0.069196 0.372107
v -0.456850 -0.070621 0.371328
v -0.457055 -0.071636 0.369508
v -0.456861 -0.071041 0.367320
v -0.458411 -0.069920 0.368120
v -0.456316 -0.067979 0.371546
v -0.457814 -0.066620 0.372329
v -0.455947 -0.065482 0.370635
v -0.457460 -0.064134 0.371669
v -0.455766 -0.065004 0.368679
v -0.457267 -0.063787 0.369640
v -0.456011 -0.066267 0.366904
v -0.457477 -0.065113 0.367751
v -0.456406 -0.068790 0.366397
v -0.457899 -0.067727 0.367188
v -0.453141 -0.097012 0.370155
v -0.479366 0.020179 0.398482
v -0.482191 0.020070 0.400327
v -0.481339 0.029418 0.402406
v -0.478526 0.029280 0.400864
v -0.477633 0.038725 0.403520
v -0.480299 0.038688 0.404867
v -0.482740 0.038151 0.408235
v -0.483419 0.029302 0.405769
v -0.483999 0.019869 0.403301
v -0.484082 0.007915 0.400230
v -0.481817 0.009115 0.397086
v -0.478730 0.009835 0.394850
v -0.482321 0.019433 0.406098
v -0.482118 0.028438 0.408542
v -0.483746 0.028885 0.408292
v -0.483959 0.019650 0.405727
v -0.483322 0.036848 0.410623
v -0.481771 0.036011 0.410849
v -0.484057 0.007419 0.402733
v -0.482316 0.007271 0.402952
v -0.479656 0.007173 0.401192
v -0.480008 0.019391 0.404946
v -0.477562 0.019503 0.401667
v -0.476800 0.007850 0.397574
v -0.477524 0.028379 0.404403
v -0.479872 0.028089 0.407423
v -0.479632 0.035862 0.409755
v -0.477196 0.036712 0.406938
v -0.476762 0.020104 0.398858
v -0.476721 0.028936 0.401606
v -0.476581 0.037781 0.404374
v -0.476153 0.008979 0.394923
v -0.449445 -0.052214 0.367815
v -0.449403 -0.052458 0.367512
v -0.447964 -0.050735 0.367339
v -0.448006 -0.050652 0.367477
v -0.449488 -0.051745 0.367905
v -0.448065 -0.050477 0.367527
v -0.449532 -0.051128 0.367845
v -0.448135 -0.050243 0.367505
v -0.449519 -0.050969 0.367509
v -0.448141 -0.050169 0.367360
v -0.451777 -0.051049 0.367554
v -0.451812 -0.050807 0.368023
v -0.449484 -0.051125 0.367202
v -0.451861 -0.051936 0.367427
v -0.449430 -0.051713 0.367097
v -0.451975 -0.052776 0.367563
v -0.449390 -0.052274 0.367160
v -0.452080 -0.053043 0.368124
v -0.453603 -0.072768 0.369971
v -0.453764 -0.073403 0.368072
v -0.453677 -0.072571 0.365939
v -0.458937 -0.063981 0.368638
v -0.459408 -0.066652 0.368021
v -0.453308 -0.070289 0.365003
v -0.452925 -0.068012 0.365363
v -0.458781 -0.062568 0.370660
v -0.452646 -0.066949 0.366904
v -0.452767 -0.067623 0.368724
v -0.458956 -0.062828 0.372743
v -0.459311 -0.065275 0.373163
v -0.453210 -0.070115 0.370159
v -0.479219 -0.067604 0.378471
v -0.479055 -0.067105 0.379692
v -0.477345 -0.064609 0.379356
v -0.477480 -0.065312 0.377956
v -0.489444 -0.075389 0.384424
v -0.489603 -0.074763 0.383902
v -0.493371 -0.078395 0.385196
v -0.493240 -0.078902 0.385691
v -0.489469 -0.074441 0.383073
v -0.493169 -0.077985 0.384455
v -0.476717 -0.065103 0.379995
v -0.478583 -0.067693 0.380337
v -0.488585 -0.076407 0.383580
v -0.489034 -0.076068 0.384251
v -0.492761 -0.079260 0.385570
v -0.492247 -0.079288 0.385014
v -0.494605 -0.087230 0.384292
v -0.494676 -0.082577 0.384646
v -0.494461 -0.082334 0.384356
v -0.494593 -0.087143 0.384275
v -0.494388 -0.087108 0.384214
v -0.493904 -0.082273 0.384204
v -0.475884 -0.066922 0.379308
v -0.478085 -0.069399 0.379898
v -0.477751 -0.071041 0.378792
v -0.475290 -0.068772 0.377913
v -0.488384 -0.075996 0.382639
v -0.492020 -0.078802 0.384195
v -0.488491 -0.075274 0.382017
v -0.492125 -0.078213 0.383626
v -0.488967 -0.074685 0.382300
v -0.492630 -0.077933 0.383824
v -0.493940 -0.082427 0.384714
v -0.494467 -0.087107 0.384347
v -0.494402 -0.087168 0.384401
v -0.493899 -0.082713 0.385186
v -0.475374 -0.069374 0.376368
v -0.477788 -0.071449 0.377409
v -0.478150 -0.070749 0.376791
v -0.475950 -0.068768 0.375761
v -0.494450 -0.082880 0.385616
v -0.485045 -0.074242 0.381061
v -0.485052 -0.073349 0.380197
v -0.483217 -0.072802 0.379218
v -0.483181 -0.073680 0.380102
v -0.494671 -0.082953 0.385551
v -0.492603 -0.066106 0.387698
v -0.492583 -0.066133 0.387623
v -0.492593 -0.066249 0.387579
v -0.492622 -0.066262 0.387657
v -0.494600 -0.087219 0.384522
v -0.494604 -0.087280 0.384468
v -0.476828 -0.067079 0.376387
v -0.478770 -0.069163 0.377185
v -0.481965 -0.070711 0.378748
v -0.481657 -0.072240 0.378407
v -0.483520 -0.071431 0.379523
v -0.494973 -0.082789 0.385258
v -0.485354 -0.072133 0.380469
v -0.485581 -0.071265 0.381320
v -0.483785 -0.070351 0.380466
v -0.494727 -0.087257 0.384454
v -0.472938 -0.059431 0.374897
v -0.473971 -0.064704 0.375082
v -0.475205 -0.062816 0.376046
v -0.474477 -0.057289 0.376220
v -0.476402 -0.053534 0.379143
v -0.476210 -0.060759 0.378094
v -0.473044 -0.064493 0.377582
v -0.474102 -0.062425 0.379465
v -0.492638 -0.066145 0.387764
v -0.492662 -0.066264 0.387749
v -0.471785 -0.059173 0.378048
v -0.473105 -0.065291 0.375731
v -0.471856 -0.060033 0.375897
v -0.475472 -0.060416 0.380532
v -0.485220 -0.074413 0.382267
v -0.483303 -0.073718 0.381347
v -0.473267 -0.056928 0.380290
v -0.481794 -0.071662 0.381420
v -0.481904 -0.070090 0.381549
v -0.483466 -0.071167 0.382166
v -0.483439 -0.072576 0.382118
v -0.475751 -0.053190 0.382674
v -0.476945 -0.053347 0.381667
v -0.476215 -0.059931 0.379839
v -0.485427 -0.073464 0.383015
v -0.463519 -0.065165 0.374425
v -0.463652 -0.066262 0.372655
v -0.463512 -0.065877 0.370512
v -0.470531 -0.058090 0.373630
v -0.466499 -0.062888 0.371823
v -0.466494 -0.063391 0.373847
v -0.470235 -0.058767 0.375436
v -0.469895 -0.057776 0.377452
v -0.466360 -0.062341 0.375700
v -0.463055 -0.063688 0.369708
v -0.462463 -0.061388 0.370392
v -0.471114 -0.051600 0.374003
v -0.465865 -0.057494 0.371916
v -0.466137 -0.060583 0.371131
v -0.470708 -0.055493 0.373325
v -0.461948 -0.059852 0.372207
v -0.462423 -0.060504 0.374111
v -0.470982 -0.050877 0.379043
v -0.465787 -0.056724 0.375868
v -0.465120 -0.056143 0.373581
v -0.469435 -0.050390 0.375288
v -0.463061 -0.062785 0.374763
v -0.466099 -0.059775 0.376235
v -0.470283 -0.054595 0.378609
v -0.494693 -0.087170 0.384451
v -0.473335 -0.055183 0.375250
v -0.474427 -0.051751 0.376527
v -0.472205 -0.057634 0.374589
v -0.409907 -0.093388 0.363018
v -0.473273 -0.050978 0.381146
v -0.471930 -0.054835 0.379690
v -0.470999 -0.057397 0.378002
v -0.478055 -0.048322 0.382993
v -0.476835 -0.047683 0.384106
v -0.477591 -0.048344 0.380212
v -0.472799 -0.046898 0.375653
v -0.475269 -0.048086 0.377015
v -0.472076 -0.045014 0.379498
v -0.471658 -0.045901 0.376622
v -0.474289 -0.046074 0.382447
v -0.738749 -0.055002 0.419211
v -0.737224 -0.055498 0.419170
v -0.737480 -0.054678 0.420377
v -0.737804 -0.053859 0.419992
v -0.738299 -0.053192 0.419056
v -0.737229 -0.052563 0.419689
v -0.735178 -0.055178 0.418791
v -0.736207 -0.054228 0.420329
v -0.736379 -0.050905 0.418718
v -0.736154 -0.051216 0.419516
v -0.734183 -0.052924 0.419036
v -0.735099 -0.052798 0.419914
v -0.734730 -0.051122 0.418402
v -0.735123 -0.050878 0.419570
v -0.732782 -0.050654 0.418221
v -0.734735 -0.051411 0.419726
v -0.739072 -0.055776 0.418247
v -0.737194 -0.056083 0.417751
v -0.735097 -0.055719 0.417244
v -0.728753 -0.054204 0.415705
v -0.728712 -0.053477 0.417621
v -0.737235 -0.052790 0.415761
v -0.736032 -0.050876 0.415638
v -0.734194 -0.050717 0.415718
v -0.735374 -0.053026 0.415418
v -0.733247 -0.052740 0.415105
v -0.732356 -0.050456 0.415534
v -0.726975 -0.049501 0.414834
v -0.726900 -0.051519 0.414029
v -0.734313 -0.054690 0.415899
v -0.728066 -0.053454 0.414539
v -0.728259 -0.051468 0.418185
v -0.735735 -0.049819 0.417180
v -0.733860 -0.049951 0.416924
v -0.731891 -0.049505 0.416751
v -0.726045 -0.048032 0.416196
v -0.738313 -0.054627 0.416837
v -0.736411 -0.055156 0.416022
v -0.726927 -0.049059 0.417697
v -0.740049 -0.045417 0.428190
v -0.739786 -0.045971 0.428515
v -0.738192 -0.045069 0.428115
v -0.739693 -0.044663 0.427706
v -0.738699 -0.043682 0.427158
v -0.739015 -0.045828 0.428528
v -0.741129 -0.036848 0.475766
v -0.740750 -0.035886 0.475932
v -0.741161 -0.033402 0.476279
v -0.741599 -0.033770 0.476198
v -0.741520 -0.037219 0.475401
v -0.742059 -0.034131 0.475982
v -0.741612 -0.037237 0.474838
v -0.742190 -0.034231 0.475359
v -0.741189 -0.036359 0.474393
v -0.741806 -0.033805 0.474880
v -0.740680 -0.035976 0.474348
v -0.741285 -0.033448 0.474754
v -0.740300 -0.035738 0.474767
v -0.740840 -0.033220 0.475137
v -0.740287 -0.035717 0.475387
v -0.740717 -0.033215 0.475804
v -0.881915 0.177844 0.425807
v -0.882515 0.177385 0.425570
v -0.877662 0.185088 0.423414
v -0.877208 0.185271 0.423915
v -0.882886 0.171552 0.425358
v -0.882593 0.173347 0.425584
v -0.882829 0.177103 0.426075
v -0.883132 0.172996 0.425811
v -0.878255 0.185027 0.423932
v -0.881295 0.177853 0.428019
v -0.881560 0.177851 0.426702
v -0.876742 0.185484 0.425446
v -0.876201 0.186071 0.428377
v -0.882304 0.171789 0.425963
v -0.882204 0.173406 0.426857
v -0.882062 0.178026 0.428474
v -0.881567 0.178030 0.428635
v -0.876372 0.186415 0.429057
v -0.876557 0.186630 0.428335
v -0.882421 0.171912 0.427036
v -0.882730 0.173471 0.427197
v -0.882648 0.177479 0.427160
v -0.877831 0.185628 0.425521
v -0.883013 0.171666 0.426396
v -0.874956 0.189677 0.422700
v -0.875769 0.189483 0.422222
v -0.873668 0.193427 0.421381
v -0.872909 0.193446 0.421698
v -0.876200 0.189589 0.422884
v -0.874053 0.193640 0.422006
v -0.873483 0.190719 0.427368
v -0.874286 0.189991 0.424275
v -0.872074 0.193896 0.423516
v -0.871209 0.194679 0.426521
v -0.874460 0.191007 0.427653
v -0.873630 0.191123 0.428511
v -0.871476 0.195015 0.427427
v -0.872238 0.194949 0.426893
v -0.875748 0.190110 0.424580
v -0.873524 0.194207 0.423967
v -0.885740 0.165441 0.417912
v -0.885453 0.161798 0.417586
v -0.885597 0.165656 0.417448
v -0.885893 0.168401 0.417824
v -0.885950 0.165094 0.417816
v -0.886258 0.167927 0.418113
v -0.885815 0.165309 0.417351
v -0.886334 0.167824 0.417602
v -0.885971 0.168296 0.417325
v -0.872236 0.169987 0.442389
v -0.872549 0.168159 0.442421
v -0.872782 0.169878 0.442010
v -0.872534 0.171312 0.442089
v -0.872393 0.169553 0.442696
v -0.872250 0.171062 0.442606
v -0.872937 0.169455 0.442315
v -0.872780 0.170658 0.442559
v -0.873069 0.170896 0.442046
v -0.388161 0.542082 0.383465
v -0.380321 0.549520 0.387041
v -0.385951 0.546604 0.386520
v -0.389697 0.542418 0.382750
v -0.378807 0.549501 0.387459
v -0.386536 0.542172 0.383727
v -0.378553 0.552938 0.391548
v -0.377028 0.553135 0.391968
v -0.379735 0.553528 0.390727
v -0.384236 0.543999 0.383203
v -0.377656 0.550507 0.387134
v -0.377321 0.551819 0.386431
v -0.383757 0.545384 0.382385
v -0.375997 0.554195 0.391709
v -0.375795 0.555471 0.391042
v -0.365153 0.566796 0.379824
v -0.362692 0.573992 0.385308
v -0.363000 0.574958 0.384582
v -0.365693 0.567534 0.378725
v -0.362110 0.573262 0.385470
v -0.442152 0.518919 0.391795
v -0.433901 0.524242 0.391670
v -0.452500 0.511978 0.391275
v -0.365412 0.568220 0.377712
v -0.362696 0.575614 0.383575
v -0.362113 0.575751 0.382864
v -0.458550 0.507767 0.390283
v -0.457880 0.508103 0.389442
v -0.820230 0.148512 0.436983
v -0.823102 0.147294 0.435197
v -0.823086 0.147020 0.434976
v -0.820166 0.148226 0.436838
v -0.820789 0.149279 0.436634
v -0.818320 0.149995 0.437811
v -0.821317 0.149449 0.435898
v -0.818930 0.150494 0.437075
v -0.821341 0.149364 0.435538
v -0.820092 0.148221 0.436431
v -0.822961 0.147080 0.434636
v -0.820481 0.148800 0.435540
v -0.818154 0.149512 0.436816
v -0.821142 0.149234 0.435284
v -0.818753 0.150095 0.436120
v -0.794562 0.160963 0.414206
v -0.801839 0.159391 0.418527
v -0.802094 0.159969 0.417969
v -0.794884 0.161567 0.413702
v -0.801714 0.158751 0.419366
v -0.794408 0.160202 0.415074
v -0.807663 0.155554 0.426526
v -0.807246 0.155161 0.427510
v -0.808010 0.155916 0.425889
v -0.795233 0.161803 0.413733
v -0.802354 0.160158 0.418000
v -0.802758 0.160561 0.418064
v -0.795647 0.162159 0.413887
v -0.807992 0.156322 0.426303
v -0.808231 0.156604 0.426474
v -0.795812 0.162229 0.414346
v -0.790103 0.162601 0.413036
v -0.789844 0.162506 0.412652
v -0.790155 0.162750 0.413277
v -0.795879 0.162333 0.414728
v -0.795646 0.161915 0.415266
v -0.789883 0.162260 0.413774
v -0.789527 0.161368 0.414242
v -0.795304 0.161106 0.415897
v -0.813386 0.153176 0.436440
v -0.813501 0.153039 0.436057
v -0.813215 0.153319 0.436783
v -0.808347 0.156833 0.426825
v -0.808360 0.156920 0.427074
v -0.812831 0.153057 0.437254
v -0.812343 0.152538 0.437889
v -0.808255 0.156763 0.427585
v -0.807817 0.156210 0.428234
v -0.812118 0.152007 0.438232
v -0.812048 0.151681 0.438374
v -0.807504 0.155619 0.428624
v -0.807168 0.155233 0.428747
v -0.812043 0.151562 0.437888
v -0.812175 0.151715 0.437187
v -0.807089 0.155076 0.428343
v -0.812605 0.152093 0.436261
v -0.813025 0.152506 0.435812
v -0.813279 0.152731 0.435864
v -0.872483 0.175776 0.372709
v -0.872425 0.173733 0.373755
v -0.872727 0.176201 0.373623
v -0.872697 0.177645 0.372640
v -0.872143 0.175818 0.372785
v -0.872123 0.177392 0.371871
v -0.872373 0.176248 0.373694
v -0.871939 0.177811 0.372703
v -0.872519 0.178087 0.373464
v -0.871860 0.192143 0.367498
v -0.870984 0.199096 0.364200
v -0.871819 0.199434 0.364302
v -0.872684 0.192558 0.367833
v -0.870007 0.198035 0.363113
v -0.870883 0.190916 0.366030
v -0.365885 0.581039 0.351235
v -0.369662 0.579595 0.349551
v -0.365796 0.579946 0.351708
v -0.870453 0.190032 0.364792
v -0.869521 0.196613 0.361305
v -0.869720 0.196110 0.360441
v -0.870641 0.189587 0.363995
v -0.370644 0.579373 0.348117
v -0.369937 0.579589 0.347227
v -0.871422 0.189929 0.364251
v -0.870609 0.196565 0.360637
v -0.871621 0.197971 0.362114
v -0.872324 0.190768 0.365226
v -0.367443 0.580276 0.347608
v -0.366747 0.579551 0.348823
v -0.872799 0.192053 0.366979
v -0.872023 0.199060 0.363550
v -0.365871 0.579598 0.350783
v -0.872123 0.183291 0.371959
v -0.872705 0.183487 0.372273
v -0.871635 0.182896 0.371194
v -0.871552 0.182401 0.370225
v -0.871823 0.182169 0.369741
v -0.872366 0.182262 0.369936
v -0.872883 0.182707 0.370712
v -0.872948 0.183173 0.371630
v -0.802936 0.160591 0.418544
v -0.803108 0.160761 0.418880
v -0.802953 0.160362 0.419442
v -0.802614 0.159697 0.420078
v -0.795099 0.160387 0.416197
v -0.802332 0.158974 0.420443
v -0.802094 0.158523 0.420439
v -0.794923 0.159896 0.416176
v -0.794603 0.159850 0.415745
v -0.801830 0.158420 0.420059
v -0.869824 0.197841 0.407173
v -0.672823 0.347582 0.399746
v -0.657641 0.359020 0.400468
v -0.869977 0.198078 0.408279
v -0.680739 0.341742 0.399185
v -0.870132 0.197858 0.406453
v -0.870811 0.198115 0.406693
v -0.673942 0.347100 0.399257
v -0.659402 0.358135 0.399729
v -0.871464 0.198490 0.407561
v -0.448754 0.514223 0.389321
v -0.438337 0.521141 0.389802
v -0.870252 0.181776 0.441503
v -0.872449 0.174314 0.442656
v -0.872117 0.174648 0.442564
v -0.869727 0.181949 0.441287
v -0.872900 0.174085 0.442495
v -0.870860 0.181658 0.441379
v -0.871216 0.181728 0.440881
v -0.873246 0.174146 0.442116
v -0.873335 0.174395 0.441737
v -0.871176 0.181889 0.440354
v -0.870649 0.182072 0.440108
v -0.865247 0.185822 0.438056
v -0.864626 0.185708 0.438212
v -0.870005 0.182159 0.440221
v -0.865693 0.185948 0.438217
v -0.861278 0.188275 0.436420
v -0.861796 0.188445 0.436661
v -0.860614 0.188059 0.436556
v -0.869680 0.182102 0.440732
v -0.864252 0.185641 0.438760
v -0.864175 0.185657 0.439295
v -0.860204 0.187988 0.437172
v -0.860188 0.188016 0.437787
v -0.812457 0.242606 0.420978
v -0.870287 0.197933 0.421259
v -0.870632 0.198350 0.422198
v -0.815822 0.240622 0.421893
v -0.869403 0.197907 0.421694
v -0.819472 0.236648 0.421398
v -0.827069 0.230639 0.422595
v -0.868218 0.198481 0.424080
v -0.867755 0.199012 0.425775
v -0.832430 0.226655 0.424072
v -0.834034 0.226086 0.424761
v -0.868038 0.199388 0.426728
v -0.868900 0.199423 0.426320
v -0.830228 0.229576 0.424655
v -0.822606 0.235663 0.423293
v -0.869782 0.199026 0.424778
v -0.389223 0.553854 0.400287
v -0.521673 0.458647 0.409426
v -0.523762 0.456741 0.410086
v -0.392857 0.550306 0.401029
v -0.523526 0.457588 0.409306
v -0.385944 0.557035 0.399846
v -0.386668 0.556551 0.400094
v -0.525504 0.456093 0.409843
v -0.525867 0.455629 0.410519
v -0.388618 0.554650 0.400659
v -0.390289 0.552622 0.401240
v -0.527671 0.453942 0.411193
v -0.526447 0.454570 0.411360
v -0.392061 0.550563 0.401637
v -0.393328 0.549560 0.401513
v -0.525232 0.455452 0.410872
v -0.371270 0.558179 0.384245
v -0.368820 0.563628 0.390971
v -0.368359 0.563575 0.391866
v -0.370817 0.557650 0.385091
v -0.369686 0.563799 0.390548
v -0.372066 0.558204 0.383604
v -0.372737 0.557899 0.384143
v -0.370515 0.563675 0.391330
v -0.370860 0.563285 0.392453
v -0.373104 0.557420 0.385540
v -0.372796 0.556772 0.386431
v -0.370610 0.562776 0.393093
v -0.369876 0.562469 0.393222
v -0.372119 0.556661 0.386586
v -0.371247 0.557039 0.386169
v -0.368939 0.562761 0.392759
v -0.377663 0.552353 0.377306
v -0.377693 0.551692 0.378997
v -0.376923 0.551080 0.380037
v -0.375964 0.550736 0.380212
v -0.375366 0.550866 0.379375
v -0.361504 0.573429 0.384741
v -0.433136 0.524629 0.390792
v -0.361203 0.574137 0.383739
v -0.880377 0.180022 0.402620
v -0.880969 0.178166 0.402171
v -0.880108 0.179816 0.403235
v -0.879668 0.181336 0.404225
v -0.880186 0.179494 0.401671
v -0.879801 0.180503 0.402457
v -0.880429 0.179710 0.401047
v -0.880045 0.180416 0.400538
v -0.880248 0.180821 0.401221
v -0.361504 0.575086 0.383026
v -0.882664 0.169636 0.425797
v -0.887100 0.174976 0.417861
v -0.887103 0.174913 0.418382
v -0.879700 0.187710 0.414099
v -0.879579 0.187557 0.413364
v -0.886977 0.175112 0.418696
v -0.879404 0.187898 0.414528
v -0.886907 0.175341 0.417427
v -0.886676 0.175749 0.417253
v -0.879063 0.187634 0.412746
v -0.878447 0.187771 0.412500
v -0.886544 0.175942 0.417554
v -0.886550 0.175878 0.418051
v -0.878192 0.187987 0.412922
v -0.878276 0.188103 0.413628
v -0.886742 0.175515 0.418501
v -0.878829 0.188079 0.414276
v -0.865318 0.185894 0.439340
v -0.864692 0.185756 0.439486
v -0.860694 0.188211 0.438038
v -0.861347 0.188393 0.437856
v -0.865690 0.185942 0.438785
v -0.861765 0.188498 0.437287
v -0.873010 0.174743 0.441654
v -0.872542 0.174985 0.441791
v -0.872208 0.174916 0.442197
v -0.642679 0.370368 0.400958
v -0.870597 0.198430 0.409166
v -0.635585 0.375770 0.401024
v -0.871297 0.198743 0.409443
v -0.643916 0.369657 0.400470
v -0.871590 0.198702 0.408689
v -0.875071 0.193852 0.410479
v -0.874432 0.193675 0.409725
v -0.873800 0.193649 0.409445
v -0.873485 0.193747 0.410028
v -0.873630 0.193963 0.410944
v -0.374034 0.564846 0.398812
v -0.576251 0.413035 0.414428
v -0.586036 0.405969 0.414431
v -0.373432 0.565568 0.398590
v -0.820221 0.219423 0.429457
v -0.827528 0.214013 0.429089
v -0.574469 0.414184 0.414731
v -0.817828 0.221233 0.429989
v -0.374272 0.564281 0.399106
v -0.856137 0.189800 0.434149
v -0.856622 0.189879 0.433516
v -0.856027 0.189894 0.434809
v -0.576377 0.412705 0.415227
v -0.819121 0.220815 0.430231
v -0.573833 0.414856 0.414957
v -0.817100 0.223159 0.429893
v -0.373571 0.564172 0.399528
v -0.372676 0.564537 0.399628
v -0.856520 0.190152 0.435010
v -0.857189 0.190429 0.434827
v -0.584773 0.406944 0.415029
v -0.822489 0.219379 0.429462
v -0.586623 0.405830 0.414472
v -0.824230 0.218028 0.428912
v -0.372077 0.565265 0.399390
v -0.372043 0.565903 0.399038
v -0.857680 0.190504 0.434203
v -0.857800 0.190430 0.433570
v -0.372670 0.566031 0.398621
v -0.592315 0.401468 0.414603
v -0.827944 0.214698 0.428856
v -0.857306 0.190142 0.433341
v -0.358092 0.578218 0.372344
v -0.611279 0.395121 0.385751
v -0.611380 0.394834 0.387069
v -0.358426 0.577970 0.373454
v -0.870243 0.200872 0.397348
v -0.869856 0.200835 0.398920
v -0.611293 0.395432 0.383742
v -0.870149 0.200533 0.395055
v -0.358097 0.579030 0.370855
v -0.358861 0.578518 0.373518
v -0.611407 0.394805 0.387066
v -0.611422 0.394964 0.385948
v -0.359192 0.579321 0.372755
v -0.869150 0.200452 0.398804
v -0.868556 0.200034 0.397478
v -0.359265 0.580100 0.371189
v -0.611285 0.395376 0.383986
v -0.611295 0.395748 0.381643
v -0.359202 0.580994 0.369291
v -0.868447 0.199632 0.395077
v -0.868684 0.199097 0.392299
v -0.358690 0.580480 0.369329
v -0.611489 0.395621 0.381597
v -0.869401 0.199495 0.392522
v -0.850473 0.212353 0.399438
v -0.856054 0.207726 0.401129
v -0.876269 0.189467 0.402163
v -0.875973 0.189373 0.403834
v -0.845035 0.216150 0.396805
v -0.876583 0.188847 0.399027
v -0.859861 0.204027 0.401151
v -0.859888 0.203119 0.399658
v -0.875676 0.188946 0.403660
v -0.875366 0.188455 0.402285
v -0.854456 0.206982 0.397104
v -0.848691 0.211235 0.394394
v -0.875673 0.187842 0.399094
v -0.875884 0.187793 0.397261
v -0.844713 0.215102 0.394357
v -0.876285 0.188274 0.397460
v -0.878995 0.184197 0.403355
v -0.878828 0.184102 0.404588
v -0.879412 0.183660 0.400663
v -0.878595 0.183788 0.404569
v -0.878552 0.183367 0.403309
v -0.878906 0.182851 0.400718
v -0.879073 0.182950 0.399477
v -0.879301 0.183235 0.399463
v -0.362082 0.573601 0.365775
v -0.362284 0.573502 0.367002
v -0.362218 0.573118 0.368324
v -0.361394 0.571764 0.368965
v -0.361065 0.571752 0.367952
v -0.376874 0.556173 0.390255
v -0.375485 0.559836 0.394007
v -0.374588 0.559552 0.394529
v -0.376810 0.559359 0.393771
v -0.378453 0.555976 0.389740
v -0.378379 0.552779 0.385607
v -0.380021 0.552833 0.385094
v -0.379686 0.550213 0.381312
v -0.381350 0.550519 0.380869
v -0.375712 0.557413 0.395479
v -0.374806 0.558513 0.395111
v -0.377992 0.557158 0.394730
v -0.376976 0.556933 0.395289
v -0.379519 0.554767 0.390039
v -0.377723 0.558175 0.394142
v -0.386096 0.547671 0.385724
v -0.389435 0.543799 0.381836
v -0.788986 0.162042 0.412409
v -0.789431 0.162216 0.412513
v -0.788410 0.160567 0.413683
v -0.788612 0.161378 0.412911
v -0.789150 0.160177 0.414582
v -0.788735 0.160186 0.414303
v -0.789367 0.160638 0.414580
v -0.361849 0.572368 0.369049
v -0.874896 0.194193 0.412025
v -0.875163 0.194017 0.411422
v -0.874207 0.194103 0.411724
v -0.556439 0.194505 0.438572
v -0.554018 0.195033 0.439204
v -0.553107 0.177320 0.466118
v -0.555409 0.176621 0.465519
v -0.553147 0.196449 0.440812
v -0.552360 0.178528 0.467550
v -0.560708 0.196754 0.441153
v -0.559037 0.195254 0.439462
v -0.557889 0.177029 0.466448
v -0.559475 0.178070 0.468000
v -0.557584 0.198721 0.443377
v -0.559699 0.198033 0.442621
v -0.558830 0.179274 0.469374
v -0.556690 0.180000 0.470018
v -0.554676 0.197821 0.442412
v -0.554038 0.179590 0.469161
v -0.556422 0.158880 0.483394
v -0.558044 0.158152 0.482748
v -0.555343 0.159875 0.484771
v -0.561023 0.158411 0.483639
v -0.562402 0.159190 0.485145
v -0.562212 0.160234 0.486504
v -0.559742 0.160911 0.487120
v -0.557515 0.160716 0.486306
v -0.533936 0.347248 0.294165
v -0.536919 0.343145 0.294835
v -0.537068 0.344510 0.295985
v -0.534197 0.349599 0.294620
v -0.535484 0.342356 0.295126
v -0.531281 0.347206 0.293455
v -0.541365 0.340459 0.296072
v -0.540689 0.338618 0.296779
v -0.541232 0.341651 0.297248
v -0.533304 0.350805 0.297234
v -0.535676 0.345429 0.297804
v -0.533800 0.345834 0.299573
v -0.530803 0.351762 0.299481
v -0.540239 0.341895 0.298969
v -0.539039 0.341378 0.300483
v -0.532590 0.344920 0.299581
v -0.529874 0.349774 0.300225
v -0.538463 0.340048 0.301081
v -0.532634 0.343408 0.298716
v -0.538593 0.338787 0.300256
v -0.527776 0.349475 0.299208
v -0.526318 0.355320 0.296906
v -0.527283 0.354968 0.293833
v -0.526883 0.355713 0.293210
v -0.526140 0.356329 0.296014
v -0.525297 0.356264 0.292759
v -0.524148 0.356455 0.295871
v -0.529462 0.353168 0.291705
v -0.527304 0.354178 0.290360
v -0.529141 0.354112 0.291179
v -0.527768 0.355230 0.298136
v -0.527554 0.353344 0.298883
v -0.524889 0.354015 0.297909
v -0.531653 0.350555 0.292306
v -0.531702 0.352250 0.291786
v -0.529073 0.351103 0.290685
v -0.526050 0.360710 0.293040
v -0.527912 0.360507 0.294616
v -0.525723 0.366454 0.288151
v -0.523527 0.365820 0.287159
v -0.530442 0.359346 0.294928
v -0.527545 0.366377 0.287767
v -0.532360 0.357692 0.293315
v -0.529396 0.364897 0.286629
v -0.532958 0.356679 0.291076
v -0.529629 0.363318 0.284849
v -0.531288 0.356867 0.289290
v -0.527816 0.362639 0.283765
v -0.528653 0.357998 0.288918
v -0.525330 0.362846 0.283810
v -0.526514 0.359527 0.290622
v -0.523700 0.364298 0.285321
v -0.515715 0.372499 0.284232
v -0.517381 0.374511 0.284177
v -0.504954 0.380722 0.279765
v -0.504009 0.378602 0.280843
v -0.518802 0.375448 0.283201
v -0.505637 0.381587 0.278353
v -0.519860 0.374805 0.281492
v -0.506127 0.381910 0.276430
v -0.519873 0.373120 0.279266
v -0.505977 0.380623 0.274951
v -0.518491 0.371367 0.278653
v -0.505297 0.378758 0.275017
v -0.516804 0.370484 0.279101
v -0.504559 0.377433 0.276590
v -0.515706 0.371286 0.281007
v -0.504242 0.377750 0.278712
v -0.490735 0.385816 0.279678
v -0.491649 0.387678 0.279532
v -0.478544 0.394140 0.280484
v -0.477100 0.392323 0.280768
v -0.492299 0.388597 0.277924
v -0.479635 0.395364 0.278808
v -0.492414 0.388852 0.275991
v -0.479549 0.395028 0.276418
v -0.491881 0.387554 0.274212
v -0.478616 0.393656 0.274687
v -0.490950 0.385633 0.274453
v -0.477167 0.391800 0.274936
v -0.490265 0.384281 0.275907
v -0.476053 0.390525 0.276580
v -0.490232 0.384529 0.278093
v -0.476141 0.390898 0.278969
v -0.462745 0.400481 0.281851
v -0.464485 0.402208 0.281270
v -0.448966 0.413543 0.281068
v -0.447885 0.412033 0.281981
v -0.465621 0.403349 0.279438
v -0.449862 0.414407 0.278942
v -0.465165 0.402926 0.276986
v -0.449080 0.413882 0.276752
v -0.463782 0.401580 0.275311
v -0.447440 0.412630 0.275508
v -0.462028 0.399837 0.275820
v -0.445810 0.411160 0.276567
v -0.460828 0.398593 0.277618
v -0.445108 0.410345 0.278700
v -0.461352 0.399077 0.280043
v -0.446042 0.410797 0.280910
v -0.434157 0.427207 0.282455
v -0.433370 0.427356 0.279109
v -0.424403 0.444496 0.282014
v -0.423560 0.444097 0.284097
v -0.434042 0.427587 0.276931
v -0.424379 0.444198 0.279763
v -0.433202 0.426776 0.275394
v -0.423121 0.443085 0.278852
v -0.431882 0.425742 0.275439
v -0.421617 0.441948 0.279376
v -0.431056 0.425232 0.277788
v -0.420719 0.441462 0.281508
v -0.430933 0.425179 0.280515
v -0.420798 0.441798 0.283721
v -0.432274 0.426075 0.282080
v -0.422028 0.442914 0.284647
v -0.415290 0.458384 0.284491
v -0.415659 0.458921 0.282124
v -0.407716 0.475094 0.284849
v -0.406858 0.472647 0.286395
v -0.415204 0.458589 0.279888
v -0.406833 0.475201 0.282930
v -0.413903 0.457259 0.279408
v -0.405388 0.473887 0.282742
v -0.412582 0.455840 0.280354
v -0.404337 0.472212 0.284103
v -0.412226 0.455275 0.282787
v -0.404499 0.471291 0.286586
v -0.412654 0.455576 0.285029
v -0.404181 0.469355 0.287467
v -0.413996 0.456970 0.285473
v -0.405536 0.470705 0.287557
v -0.400520 0.493141 0.295958
v -0.399900 0.494192 0.293799
v -0.389596 0.510585 0.299727
v -0.398562 0.494458 0.292258
v -0.387598 0.510522 0.298081
v -0.397143 0.493336 0.292684
v -0.386219 0.509298 0.298601
v -0.396283 0.491804 0.294203
v -0.396949 0.490756 0.296433
v -0.397146 0.489324 0.296617
v -0.398645 0.490486 0.296276
v -0.517597 0.359197 0.291020
v -0.518811 0.358873 0.288017
v -0.184430 0.040925 0.419298
v -0.149799 0.046120 0.418247
v -0.505605 0.363337 0.289460
v -0.504744 0.363075 0.290716
v -0.520259 0.357191 0.285841
v -0.507014 0.361891 0.287437
v -0.521184 0.354816 0.286329
v -0.507165 0.359322 0.286898
v -0.521239 0.353029 0.288172
v -0.506508 0.357502 0.288395
v -0.520241 0.353303 0.290967
v -0.528899 0.347640 0.296513
v -0.505042 0.357051 0.289623
v -0.518813 0.354964 0.293267
v -0.504454 0.359125 0.292772
v -0.517551 0.357353 0.293108
v -0.504094 0.361335 0.292650
v -0.490427 0.366843 0.291352
v -0.491086 0.366996 0.287978
v -0.475147 0.374825 0.289177
v -0.475106 0.374601 0.291752
v -0.491276 0.365793 0.285373
v -0.474648 0.374160 0.287005
v -0.490943 0.363592 0.285152
v -0.473630 0.372594 0.286948
v -0.490224 0.361491 0.286438
v -0.472834 0.371260 0.288408
v -0.489605 0.361288 0.289427
v -0.472669 0.370912 0.290946
v -0.489214 0.362407 0.292284
v -0.473207 0.371636 0.293005
v -0.489693 0.365273 0.294004
v -0.474182 0.373136 0.293178
v -0.462113 0.385658 0.292079
v -0.462420 0.385859 0.289401
v -0.450202 0.398079 0.289900
v -0.450416 0.397860 0.292354
v -0.461902 0.385175 0.287470
v -0.449324 0.397549 0.288205
v -0.460924 0.384151 0.287142
v -0.448270 0.396594 0.288226
v -0.459823 0.383052 0.288628
v -0.447525 0.395643 0.289839
v -0.459549 0.382881 0.291105
v -0.447652 0.395320 0.292256
v -0.459952 0.383456 0.292698
v -0.448483 0.395811 0.293302
v -0.461070 0.384663 0.292879
v -0.449576 0.396832 0.293329
v -0.440991 0.411243 0.293079
v -0.440724 0.410998 0.290692
v -0.432823 0.424877 0.291334
v -0.433043 0.425469 0.293521
v -0.439696 0.410244 0.289473
v -0.431692 0.424093 0.290290
v -0.438543 0.409358 0.289977
v -0.430206 0.423474 0.291026
v -0.437653 0.408733 0.291980
v -0.429136 0.423376 0.293056
v -0.437917 0.408996 0.294153
v -0.429289 0.423910 0.295279
v -0.438952 0.409670 0.295129
v -0.430358 0.424733 0.296431
v -0.440103 0.410639 0.294875
v -0.431895 0.425305 0.295591
v -0.427742 0.440267 0.292297
v -0.427246 0.439084 0.290271
v -0.419349 0.447528 0.284169
v -0.420225 0.448454 0.286398
v -0.425842 0.438198 0.289239
v -0.417714 0.446795 0.283083
v -0.424216 0.438269 0.290376
v -0.416087 0.446795 0.283985
v -0.423131 0.439005 0.292446
v -0.415521 0.447501 0.286384
v -0.423583 0.440193 0.294455
v -0.416254 0.448425 0.288441
v -0.424908 0.441062 0.295447
v -0.417664 0.449044 0.289398
v -0.426597 0.440995 0.294341
v -0.419305 0.449008 0.288356
v -0.414212 0.457579 0.285329
v -0.412983 0.456582 0.283257
v -0.411644 0.455823 0.282453
v -0.410399 0.455379 0.283827
v -0.410305 0.455766 0.286270
v -0.411501 0.456792 0.288487
v -0.412856 0.457622 0.289120
v -0.414062 0.457947 0.287832
v -0.400398 0.480118 0.291276
v -0.398853 0.479534 0.289778
v -0.395016 0.487757 0.294370
v -0.396632 0.488123 0.295704
v -0.397743 0.479004 0.290046
v -0.394068 0.487403 0.294848
v -0.397191 0.478495 0.291933
v -0.393560 0.486936 0.296617
v -0.397880 0.478554 0.294580
v -0.394477 0.487012 0.299073
v -0.399254 0.479235 0.296103
v -0.395852 0.487467 0.300368
v -0.400493 0.479943 0.296054
v -0.397282 0.488076 0.300484
v -0.400898 0.480223 0.293914
v -0.397289 0.488230 0.298093
v -0.544061 0.286085 0.333754
v -0.545886 0.268106 0.354354
v -0.547005 0.270366 0.356381
v -0.545483 0.288216 0.335643
v -0.543786 0.266082 0.353083
v -0.541835 0.284345 0.332649
v -0.549983 0.250504 0.374371
v -0.547761 0.248664 0.373091
v -0.551133 0.252591 0.376419
v -0.543759 0.315494 0.309504
v -0.543375 0.300084 0.320493
v -0.544980 0.301888 0.322216
v -0.545953 0.316660 0.310118
v -0.541046 0.298745 0.319726
v -0.541449 0.314989 0.309703
v -0.544701 0.289460 0.337460
v -0.546026 0.271388 0.357981
v -0.543974 0.271057 0.358575
v -0.542900 0.289422 0.338110
v -0.550092 0.253614 0.378129
v -0.548736 0.253426 0.377960
v -0.546507 0.317882 0.311354
v -0.544438 0.303080 0.324097
v -0.542871 0.303310 0.325009
v -0.545518 0.318544 0.312475
v -0.539955 0.284306 0.333357
v -0.541668 0.265787 0.353752
v -0.540613 0.266846 0.355432
v -0.539262 0.285626 0.335152
v -0.545572 0.248414 0.373720
v -0.545375 0.249614 0.374759
v -0.540438 0.315578 0.310756
v -0.539578 0.299016 0.320635
v -0.539428 0.300392 0.322404
v -0.540982 0.316830 0.312034
v -0.540706 0.287736 0.337004
v -0.541836 0.269072 0.357348
v -0.546512 0.251654 0.376758
v -0.543197 0.318024 0.312657
v -0.540886 0.302100 0.324108
v -0.424948 0.076662 0.413541
v -0.424898 0.076736 0.413640
v -0.425755 0.077306 0.414517
v -0.425873 0.077130 0.414286
v -0.424971 0.076706 0.413435
v -0.425927 0.077233 0.414038
v -0.424956 0.076821 0.413388
v -0.425894 0.077501 0.413928
v -0.424904 0.076949 0.413445
v -0.425774 0.077800 0.414063
v -0.424852 0.077025 0.413549
v -0.425653 0.077980 0.414307
v -0.424833 0.076974 0.413653
v -0.425607 0.077860 0.414549
v -0.424843 0.076875 0.413707
v -0.425626 0.077631 0.414678
v -0.427018 0.077732 0.415257
v -0.427114 0.077449 0.414890
v -0.427160 0.077579 0.414522
v -0.427138 0.077966 0.414379
v -0.427041 0.078425 0.414610
v -0.426946 0.078712 0.414995
v -0.426908 0.078556 0.415351
v -0.426920 0.078226 0.415525
v -0.428666 0.077668 0.415720
v -0.428869 0.077323 0.415292
v -0.428973 0.077493 0.414832
v -0.428933 0.077980 0.414626
v -0.428733 0.078547 0.414871
v -0.428526 0.078900 0.415321
v -0.428436 0.078699 0.415771
v -0.428453 0.078285 0.416013
v -0.429593 0.078322 0.416368
v -0.429977 0.077978 0.415957
v -0.430183 0.078252 0.415402
v -0.430119 0.078861 0.415066
v -0.429752 0.079492 0.415218
v -0.429355 0.079847 0.415654
v -0.429170 0.079542 0.416210
v -0.429128 0.078870 0.416356
v -0.429821 0.079016 0.417201
v -0.430494 0.078038 0.416598
v -0.430586 0.078504 0.415812
v -0.430931 0.079476 0.415367
v -0.430261 0.080418 0.415979
v -0.429703 0.081086 0.416396
v -0.429388 0.080120 0.416811
v -0.429293 0.079635 0.417590
v -0.430228 0.081657 0.418403
v -0.429988 0.080999 0.418744
v -0.428214 0.082733 0.420009
v -0.428419 0.083384 0.419695
v -0.431459 0.080234 0.417415
v -0.431214 0.079603 0.417762
v -0.430552 0.080447 0.418341
v -0.430798 0.081112 0.417989
v -0.430384 0.082308 0.417759
v -0.430982 0.081685 0.417329
v -0.431652 0.080854 0.416766
v -0.429568 0.080059 0.418372
v -0.430110 0.079477 0.417981
v -0.430774 0.078568 0.417394
v -0.430133 0.082059 0.416678
v -0.428560 0.084035 0.419050
v -0.428333 0.084030 0.418013
v -0.431376 0.080550 0.415644
v -0.430706 0.081427 0.416251
v -0.427629 0.081572 0.418801
v -0.427862 0.081884 0.419602
v -0.427963 0.083139 0.417683
v -0.427696 0.082155 0.418054
v -0.424900 0.076849 0.413544
v -0.444781 0.096415 0.426513
v -0.444796 0.096559 0.426655
v -0.445857 0.095616 0.426676
v -0.445747 0.095320 0.426365
v -0.444777 0.096415 0.426355
v -0.445665 0.095252 0.425966
v -0.444778 0.096509 0.426215
v -0.445736 0.095505 0.425656
v -0.444794 0.096675 0.426279
v -0.445844 0.095850 0.425784
v -0.444809 0.096828 0.426415
v -0.445958 0.096164 0.426080
v -0.444813 0.096818 0.426564
v -0.445991 0.096173 0.426443
v -0.444810 0.096744 0.426676
v -0.445965 0.095994 0.426700
v -0.447104 0.093850 0.426305
v -0.446846 0.093578 0.425944
v -0.446686 0.093477 0.425393
v -0.446810 0.093795 0.424958
v -0.447059 0.094125 0.425066
v -0.447325 0.094416 0.425406
v -0.447451 0.094432 0.425904
v -0.447352 0.094217 0.426268
v -0.448409 0.091289 0.425425
v -0.448250 0.090773 0.424893
v -0.448159 0.090623 0.424216
v -0.448224 0.091089 0.423740
v -0.448378 0.091692 0.423975
v -0.448542 0.092239 0.424483
v -0.448638 0.092231 0.425069
v -0.448561 0.091946 0.425491
v -0.449877 0.090004 0.425522
v -0.449844 0.089257 0.424783
v -0.449830 0.089098 0.423909
v -0.449813 0.089745 0.423298
v -0.449827 0.090709 0.423478
v -0.449869 0.091423 0.424360
v -0.449892 0.091359 0.425109
v -0.449896 0.090968 0.425660
v -0.451285 0.089834 0.425770
v -0.451400 0.089073 0.425000
v -0.451416 0.088954 0.424088
v -0.451357 0.089659 0.423437
v -0.451219 0.090664 0.423629
v -0.451108 0.091397 0.424539
v -0.451109 0.091289 0.425327
v -0.451149 0.090849 0.425909
v -0.451841 0.089684 0.426652
v -0.451957 0.088648 0.425942
v -0.451891 0.088329 0.423831
v -0.451785 0.089849 0.422716
v -0.451712 0.090950 0.423268
v -0.451469 0.091982 0.424025
v -0.451323 0.092222 0.425810
v -0.451620 0.090933 0.427032
v -0.453308 0.091861 0.426342
v -0.453093 0.091228 0.427773
v -0.452643 0.094762 0.429219
v -0.452786 0.095288 0.428012
v -0.453616 0.089077 0.426895
v -0.453843 0.089827 0.425382
v -0.455039 0.086964 0.424080
v -0.454819 0.086000 0.425645
v -0.453003 0.092399 0.424683
v -0.452569 0.095725 0.426634
v -0.453491 0.090432 0.423569
v -0.454637 0.087655 0.422077
v -0.452810 0.088647 0.426959
v -0.453940 0.085378 0.425555
v -0.452381 0.090884 0.427903
v -0.452111 0.094551 0.429403
v -0.452613 0.090349 0.422591
v -0.453668 0.087455 0.420885
v -0.452220 0.092365 0.423838
v -0.451977 0.095746 0.425977
v -0.452998 0.085279 0.424313
v -0.451560 0.094618 0.428729
v -0.452784 0.086720 0.420870
v -0.451433 0.095448 0.426170
v -0.452581 0.085873 0.422393
v -0.451307 0.095008 0.427374
v -0.437814 0.062111 0.403615
v -0.437860 0.061931 0.403422
v -0.439316 0.062712 0.403788
v -0.439228 0.063064 0.404165
v -0.437801 0.061993 0.403795
v -0.439201 0.062836 0.404513
v -0.437844 0.061813 0.403749
v -0.439267 0.062491 0.404527
v -0.437881 0.061566 0.403696
v -0.439352 0.062001 0.404319
v -0.437927 0.061431 0.403487
v -0.439440 0.061735 0.403911
v -0.437918 0.061535 0.403355
v -0.439425 0.061938 0.403655
v -0.437911 0.061725 0.403259
v -0.439413 0.062308 0.403471
v -0.440788 0.062918 0.403820
v -0.440835 0.063158 0.404429
v -0.440752 0.063224 0.405062
v -0.440800 0.062647 0.405158
v -0.440798 0.061961 0.404652
v -0.440785 0.061757 0.404120
v -0.440787 0.061626 0.403594
v -0.440799 0.062236 0.403518
v -0.442449 0.063541 0.404283
v -0.442149 0.063808 0.404932
v -0.441989 0.063652 0.405677
v -0.442135 0.062959 0.405905
v -0.442512 0.062183 0.405404
v -0.442824 0.062013 0.404822
v -0.442852 0.061988 0.404153
v -0.442801 0.062820 0.403986
v -0.443989 0.065267 0.406089
v -0.443524 0.065575 0.406754
v -0.443240 0.065012 0.407377
v -0.443568 0.064409 0.407565
v -0.444045 0.063472 0.407505
v -0.444498 0.063403 0.406854
v -0.444643 0.063737 0.406242
v -0.444462 0.064639 0.405966
v -0.444679 0.068064 0.407909
v -0.443980 0.067894 0.408130
v -0.443630 0.067051 0.408780
v -0.443977 0.066498 0.409235
v -0.444694 0.066039 0.409719
v -0.445369 0.066462 0.409468
v -0.445584 0.066926 0.408762
v -0.445370 0.067896 0.408271
v -0.444903 0.068847 0.408286
v -0.443755 0.069083 0.408400
v -0.443546 0.067373 0.409022
v -0.443497 0.066784 0.410508
v -0.444784 0.066511 0.410394
v -0.445814 0.066626 0.410505
v -0.445811 0.067254 0.408970
v -0.445966 0.068943 0.408357
v -0.446161 0.070832 0.409178
v -0.448960 0.069564 0.408863
v -0.448822 0.071223 0.409733
v -0.444044 0.071015 0.409148
v -0.440302 0.071728 0.409685
v -0.439991 0.069889 0.409114
v -0.446367 0.071912 0.411143
v -0.448743 0.072177 0.411626
v -0.444151 0.072174 0.411107
v -0.440477 0.072694 0.411552
v -0.449094 0.067898 0.409484
v -0.439746 0.068392 0.409737
v -0.444057 0.071439 0.412712
v -0.440247 0.071928 0.412780
v -0.446330 0.071301 0.412928
v -0.448708 0.071611 0.413571
v -0.449154 0.067223 0.411088
v -0.439657 0.067857 0.411016
v -0.443821 0.070175 0.413427
v -0.440025 0.070889 0.413290
v -0.446022 0.069997 0.413664
v -0.448699 0.070242 0.414445
v -0.443621 0.068101 0.412351
v -0.439751 0.069051 0.412507
v -0.445900 0.067960 0.412483
v -0.448969 0.068385 0.413205
v -0.462330 0.089626 0.431629
v -0.462300 0.089740 0.431515
v -0.461564 0.087881 0.429122
v -0.461715 0.087489 0.429599
v -0.462281 0.089564 0.431739
v -0.461487 0.087198 0.429811
v -0.462168 0.089612 0.431734
v -0.461111 0.087056 0.429827
v -0.462057 0.089699 0.431689
v -0.460657 0.087163 0.429542
v -0.462033 0.089801 0.431577
v -0.460518 0.087534 0.429094
v -0.462077 0.089863 0.431485
v -0.460672 0.087880 0.428782
v -0.462191 0.089827 0.431459
v -0.461098 0.088002 0.428815
v -0.461345 0.083703 0.425501
v -0.461529 0.083112 0.426194
v -0.461207 0.082549 0.426464
v -0.460623 0.082260 0.426248
v -0.459984 0.082310 0.425689
v -0.459817 0.082867 0.425043
v -0.460067 0.083465 0.424690
v -0.460688 0.083776 0.424904
v -0.462796 0.080510 0.423223
v -0.463120 0.079800 0.424183
v -0.462864 0.078755 0.424400
v -0.462147 0.078064 0.423933
v -0.461351 0.077736 0.422989
v -0.461054 0.078401 0.422104
v -0.461263 0.079386 0.421738
v -0.461976 0.080205 0.422226
v -0.465296 0.077065 0.421590
v -0.465601 0.076398 0.422570
v -0.465340 0.075336 0.422746
v -0.464648 0.074555 0.422176
v -0.463877 0.074131 0.421135
v -0.463597 0.074756 0.420231
v -0.463807 0.075761 0.419911
v -0.464501 0.076660 0.420496
v -0.466716 0.072670 0.418616
v -0.466972 0.071726 0.419658
v -0.466482 0.070918 0.420166
v -0.465471 0.070824 0.419785
v -0.464456 0.071152 0.418981
v -0.464229 0.072039 0.418013
v -0.464666 0.072823 0.417457
v -0.465673 0.073035 0.417742
v -0.466682 0.068505 0.415238
v -0.466942 0.067169 0.416235
v -0.466486 0.066541 0.417109
v -0.465514 0.067338 0.417419
v -0.464523 0.068574 0.417232
v -0.464292 0.069823 0.416299
v -0.464706 0.070400 0.415359
v -0.465676 0.069812 0.414975
v -0.466773 0.067497 0.413808
v -0.467022 0.066567 0.415866
v -0.466621 0.064479 0.416470
v -0.465148 0.066105 0.416607
v -0.463687 0.067693 0.416780
v -0.464024 0.069537 0.415907
v -0.463829 0.070284 0.413766
v -0.465297 0.068897 0.413774
v -0.464298 0.063895 0.415236
v -0.462904 0.065451 0.415370
v -0.463719 0.062289 0.413215
v -0.462329 0.063949 0.413133
v -0.463570 0.063090 0.411338
v -0.462155 0.064651 0.411248
v -0.463941 0.065224 0.410590
v -0.462563 0.066656 0.410559
v -0.464634 0.067610 0.411681
v -0.463198 0.068974 0.411659
v -0.462187 0.089706 0.431596
v -0.433392 0.077822 0.413772
v -0.433650 0.078336 0.414938
v -0.425195 0.086135 0.420832
v -0.424969 0.086179 0.420039
v -0.433196 0.076995 0.415984
v -0.432772 0.075753 0.415584
v -0.424724 0.084253 0.421235
v -0.424970 0.084859 0.421631
v -0.433491 0.077664 0.415600
v -0.425150 0.085472 0.421381
v -0.459958 0.067975 0.415445
v -0.460617 0.070185 0.416884
v -0.459336 0.066743 0.412774
v -0.459177 0.067263 0.410895
v -0.459608 0.068958 0.410284
v -0.460756 0.072325 0.413500
v -0.460187 0.071038 0.411373
v -0.460859 0.071808 0.415736
v -0.453070 0.053415 0.400961
v -0.453097 0.053291 0.401045
v -0.454574 0.053888 0.401681
v -0.454558 0.054190 0.401526
v -0.453015 0.053621 0.401048
v -0.454558 0.054726 0.401794
v -0.452969 0.053782 0.401193
v -0.454569 0.055143 0.402183
v -0.452968 0.053757 0.401366
v -0.454591 0.055092 0.402578
v -0.453000 0.053612 0.401426
v -0.454605 0.054721 0.402677
v -0.453045 0.053441 0.401362
v -0.454604 0.054290 0.402468
v -0.453097 0.053262 0.401207
v -0.454594 0.053825 0.402049
v -0.456883 0.053521 0.402055
v -0.456880 0.053983 0.401819
v -0.457047 0.054775 0.402252
v -0.457237 0.055379 0.402871
v -0.457356 0.055278 0.403490
v -0.457330 0.054717 0.403635
v -0.457196 0.054082 0.403298
v -0.457013 0.053481 0.402703
v -0.459740 0.051843 0.401812
v -0.459694 0.052761 0.401577
v -0.459680 0.053740 0.402038
v -0.459684 0.054685 0.402880
v -0.459729 0.054571 0.403751
v -0.459771 0.053737 0.403974
v -0.459786 0.052762 0.403524
v -0.459783 0.051823 0.402716
v -0.463557 0.051306 0.403302
v -0.463402 0.052441 0.402960
v -0.463156 0.053662 0.403388
v -0.462870 0.054836 0.404243
v -0.462788 0.054700 0.405225
v -0.462928 0.053673 0.405544
v -0.463176 0.052468 0.405126
v -0.463448 0.051332 0.404332
v -0.466984 0.051941 0.405877
v -0.466677 0.053237 0.405360
v -0.466060 0.054716 0.405560
v -0.465328 0.056035 0.406262
v -0.465051 0.055795 0.407320
v -0.465339 0.054550 0.407818
v -0.465945 0.053155 0.407574
v -0.466641 0.051877 0.406937
v -0.469915 0.054403 0.409475
v -0.469568 0.055606 0.408878
v -0.468871 0.056852 0.408884
v -0.468035 0.057955 0.409376
v -0.467711 0.057637 0.410347
v -0.468040 0.056435 0.410902
v -0.468733 0.055189 0.410815
v -0.469652 0.053990 0.410331
v -0.470775 0.054661 0.410159
v -0.471691 0.056625 0.409616
v -0.470107 0.058709 0.410342
v -0.468650 0.060661 0.410582
v -0.467911 0.058500 0.411159
v -0.468419 0.057951 0.413096
v -0.469853 0.056261 0.412828
v -0.471404 0.053941 0.412400
v -0.453034 0.053520 0.401205
v -0.469437 0.062906 0.411453
v -0.470925 0.061191 0.411275
v -0.472283 0.059467 0.410825
v -0.472009 0.056113 0.414533
v -0.470800 0.057881 0.414928
v -0.469234 0.059426 0.415028
v -0.470095 0.064161 0.413422
v -0.471627 0.062533 0.413268
v -0.472812 0.060968 0.412785
v -0.469941 0.061451 0.416181
v -0.471488 0.059946 0.416066
v -0.472504 0.058465 0.415634
v -0.470191 0.063337 0.415416
v -0.471712 0.061737 0.415239
v -0.472809 0.060253 0.414737
v -0.498974 0.053727 0.428580
v -0.498939 0.053732 0.428503
v -0.497090 0.053869 0.427614
v -0.497200 0.053964 0.427911
v -0.499006 0.053831 0.428637
v -0.497335 0.054240 0.428124
v -0.499033 0.053950 0.428671
v -0.497418 0.054659 0.428212
v -0.499020 0.054010 0.428624
v -0.497388 0.054914 0.428083
v -0.498992 0.054004 0.428554
v -0.497281 0.054826 0.427831
v -0.498950 0.053902 0.428488
v -0.497131 0.054511 0.427563
v -0.498925 0.053793 0.428455
v -0.497053 0.054197 0.427513
v -0.494733 0.053293 0.426189
v -0.494862 0.053391 0.426605
v -0.494913 0.053835 0.426856
v -0.494890 0.054459 0.426938
v -0.494795 0.054824 0.426714
v -0.494673 0.054725 0.426353
v -0.494610 0.054231 0.426034
v -0.494626 0.053737 0.425993
v -0.491412 0.054048 0.424519
v -0.491641 0.054126 0.425137
v -0.492125 0.054640 0.425749
v -0.492682 0.055341 0.426196
v -0.492805 0.055689 0.425894
v -0.492559 0.055598 0.425312
v -0.492041 0.055055 0.424634
v -0.491588 0.054460 0.424323
v -0.489528 0.057508 0.424266
v -0.489777 0.057590 0.425011
v -0.490514 0.057743 0.425716
v -0.491373 0.058013 0.426221
v -0.491639 0.058140 0.425846
v -0.491370 0.058063 0.425154
v -0.490579 0.057901 0.424364
v -0.489846 0.057702 0.423994
v -0.489195 0.060602 0.424800
v -0.489419 0.060575 0.425569
v -0.490270 0.060766 0.426286
v -0.491225 0.060974 0.426815
v -0.491546 0.061073 0.426448
v -0.491303 0.061109 0.425730
v -0.490355 0.060930 0.424912
v -0.489477 0.060745 0.424406
v -0.488731 0.060475 0.424468
v -0.488729 0.060660 0.425575
v -0.490457 0.061016 0.426759
v -0.492363 0.061273 0.428023
v -0.492473 0.060953 0.426986
v -0.492253 0.061523 0.425996
v -0.490349 0.061459 0.424742
v -0.488807 0.061183 0.423627
v -0.490344 0.063540 0.427488
v -0.490423 0.062205 0.427484
v -0.488738 0.061972 0.426373
v -0.488707 0.063493 0.426454
v -0.492358 0.062295 0.428698
v -0.490220 0.064186 0.426431
v -0.488626 0.064275 0.425434
v -0.498975 0.053873 0.428560
v -0.490303 0.062750 0.424624
v -0.488724 0.062718 0.423556
v -0.490176 0.063974 0.425184
v -0.492184 0.062604 0.425818
v -0.492007 0.063707 0.426302
v -0.488601 0.064092 0.424176
v -0.496422 0.062739 0.430942
v -0.496539 0.062511 0.430152
v -0.485575 0.059524 0.422154
v -0.485191 0.059639 0.423040
v -0.492227 0.063447 0.428625
v -0.492061 0.063956 0.427533
v -0.495438 0.064198 0.429818
v -0.495643 0.064026 0.430825
v -0.484667 0.063153 0.423692
v -0.484747 0.064225 0.422781
v -0.496041 0.063396 0.431179
v -0.484855 0.061239 0.423664
v -0.482707 0.063107 0.419784
v -0.482184 0.063281 0.420633
v -0.479589 0.060498 0.417615
v -0.480386 0.060376 0.416768
v -0.485034 0.063999 0.421856
v -0.483656 0.057838 0.420337
v -0.483871 0.059138 0.419593
v -0.482184 0.055561 0.416981
v -0.482105 0.053943 0.417914
v -0.495510 0.063943 0.428893
v -0.483413 0.061401 0.419319
v -0.481448 0.058293 0.416463
v -0.485761 0.060586 0.421417
v -0.496389 0.062693 0.429282
v -0.499128 0.065178 0.432606
v -0.499215 0.064999 0.431807
v -0.501420 0.067582 0.434609
v -0.501134 0.067600 0.434997
v -0.485479 0.062521 0.421258
v -0.500234 0.064326 0.432378
v -0.500441 0.064258 0.433220
v -0.502199 0.067534 0.435692
v -0.502228 0.067533 0.435181
v -0.495946 0.063298 0.428792
v -0.499705 0.064642 0.431821
v -0.501687 0.067665 0.434686
v -0.476112 0.055603 0.413404
v -0.477085 0.054971 0.413592
v -0.476679 0.053114 0.414733
v -0.475614 0.053759 0.414466
v -0.478010 0.055075 0.412101
v -0.476397 0.056016 0.411530
v -0.477843 0.056302 0.414593
v -0.478896 0.056314 0.413451
v -0.477629 0.054474 0.415852
v -0.478753 0.041768 0.411667
v -0.481485 0.042152 0.413936
v -0.478259 0.046312 0.413539
v -0.480902 0.047166 0.416211
v -0.476765 0.042660 0.409192
v -0.476003 0.047425 0.411689
v -0.476263 0.044244 0.406737
v -0.474512 0.049075 0.408277
v -0.477412 0.045455 0.406188
v -0.476352 0.050654 0.407997
v -0.480059 0.046162 0.408531
v -0.479616 0.049309 0.410274
v -0.482333 0.044590 0.411361
v -0.481685 0.049270 0.413556
v -0.482743 0.043150 0.413576
v -0.482140 0.047773 0.415538
v -0.477320 0.050161 0.414625
v -0.478847 0.051447 0.416411
v -0.475673 0.050600 0.413540
v -0.421229 0.085753 0.422452
v -0.419555 0.087002 0.422884
v -0.421188 0.086792 0.422787
v -0.422482 0.085778 0.422352
v -0.421107 0.087209 0.421970
v -0.422493 0.086857 0.421842
v -0.421147 0.086169 0.421637
v -0.422333 0.086355 0.421054
v -0.422340 0.085284 0.421509
v -0.476347 0.054100 0.409735
v -0.478893 0.052735 0.411231
v -0.480206 0.053847 0.413319
v -0.502420 0.071363 0.437566
v -0.502410 0.071266 0.437513
v -0.502284 0.071373 0.437347
v -0.502418 0.071379 0.437457
v -0.502141 0.071322 0.437377
v -0.502186 0.071340 0.437311
v -0.502276 0.071312 0.437591
v -0.502186 0.071296 0.437495
v -0.502402 0.071335 0.437625
v -0.465690 0.062330 0.415137
v -0.465118 0.060609 0.413324
v -0.464977 0.061541 0.411465
v -0.465319 0.063785 0.410659
v -0.466051 0.066270 0.411753
v -0.483074 0.057907 0.421143
v -0.481365 0.054009 0.418765
v -0.480242 0.056180 0.419018
v -0.482025 0.061976 0.421545
v -0.479392 0.058892 0.418672
v -0.482427 0.059741 0.421627
v -0.502196 0.067375 0.436127
v -0.500322 0.064413 0.433909
v -0.499364 0.065125 0.433556
v -0.501394 0.067432 0.435655
v -0.501644 0.067467 0.436003
v -0.499862 0.064786 0.434003
v -0.456636 0.069574 0.415579
v -0.457132 0.071969 0.417696
v -0.456131 0.068331 0.412613
v -0.455900 0.069108 0.410843
v -0.456269 0.070897 0.410333
v -0.456627 0.072647 0.411329
v -0.456792 0.073896 0.413936
v -0.457454 0.073069 0.416263
v -0.452169 0.069542 0.414486
v -0.452718 0.071959 0.416874
v -0.444906 0.067850 0.412309
v -0.445082 0.069929 0.413444
v -0.451757 0.068384 0.411990
v -0.454544 0.071923 0.417600
v -0.454048 0.069760 0.415151
v -0.453545 0.068579 0.412454
v -0.435684 0.071799 0.411573
v -0.435589 0.071408 0.412746
v -0.436019 0.073026 0.410964
v -0.437861 0.061751 0.403558
v -0.453441 0.069169 0.410502
v -0.451602 0.068916 0.410066
v -0.453543 0.070966 0.410093
v -0.451738 0.070580 0.409722
v -0.436477 0.074551 0.411405
v -0.436734 0.075324 0.413111
v -0.445194 0.070754 0.409101
v -0.445365 0.071907 0.411081
v -0.453856 0.072706 0.411340
v -0.452000 0.072309 0.410792
v -0.454232 0.074117 0.413103
v -0.452478 0.073658 0.413194
v -0.452173 0.073052 0.415268
v -0.445278 0.071194 0.412735
v -0.452688 0.101202 0.430664
v -0.452696 0.101150 0.430783
v -0.452589 0.101190 0.430779
v -0.452593 0.101221 0.430681
v -0.452686 0.101126 0.430911
v -0.452594 0.101159 0.430877
v -0.452784 0.101138 0.430795
v -0.452757 0.101115 0.430895
v -0.452762 0.101176 0.430694
v -0.453876 0.083481 0.418875
v -0.454839 0.084531 0.419083
v -0.455982 0.075508 0.415351
v -0.454632 0.075836 0.414427
v -0.453330 0.075712 0.414782
v -0.453153 0.091343 0.424066
v -0.452306 0.091292 0.423157
v -0.456506 0.074685 0.417353
v -0.453253 0.090096 0.427320
v -0.453491 0.090765 0.425816
v -0.455934 0.084889 0.420551
v -0.456407 0.084089 0.422794
v -0.456122 0.073998 0.419132
v -0.453515 0.074383 0.418401
v -0.454849 0.073943 0.419361
v -0.452525 0.089728 0.427418
v -0.456206 0.082827 0.424420
v -0.455211 0.081947 0.424134
v -0.444798 0.096614 0.426464
v -0.452998 0.075081 0.416487
v -0.454176 0.080772 0.417469
v -0.455302 0.080944 0.417125
v -0.456538 0.080625 0.418134
v -0.453913 0.080184 0.419327
v -0.454444 0.079485 0.421410
v -0.455632 0.079111 0.422524
v -0.457036 0.079870 0.420362
v -0.456768 0.079159 0.422294
v -0.454159 0.081676 0.422587
v -0.453664 0.082395 0.420459
v -0.424547 0.084115 0.420533
v -0.432488 0.075059 0.414754
v -0.435861 0.072381 0.414002
v -0.436290 0.073884 0.414612
v -0.424712 0.085552 0.419695
v -0.432934 0.076570 0.413490
v -0.424551 0.084715 0.419947
v -0.432602 0.075469 0.413927
v -0.436521 0.074626 0.414124
v -0.452098 -0.052669 0.368580
v -0.452030 -0.051963 0.368689
v -0.451922 -0.051139 0.368571
v -0.454657 -0.049841 0.368057
v -0.454774 -0.049221 0.368801
v -0.454545 -0.050904 0.367841
v -0.454440 -0.052157 0.367953
v -0.454465 -0.052556 0.368728
v -0.454570 -0.051997 0.369411
v -0.454684 -0.050943 0.369633
v -0.454789 -0.049715 0.369546
v -0.458287 -0.050293 0.369314
v -0.458527 -0.049549 0.370277
v -0.457926 -0.051543 0.368926
v -0.457512 -0.052999 0.368912
v -0.457412 -0.053443 0.369792
v -0.457627 -0.052776 0.370670
v -0.457989 -0.051544 0.371056
v -0.458383 -0.050154 0.371099
v -0.461362 -0.052265 0.370718
v -0.461760 -0.051483 0.371920
v -0.460617 -0.053607 0.369990
v -0.459756 -0.055104 0.369770
v -0.459470 -0.055505 0.370779
v -0.459847 -0.054752 0.371937
v -0.460571 -0.053457 0.372574
v -0.461391 -0.052031 0.372825
v -0.463892 -0.056199 0.372048
v -0.464322 -0.055536 0.373251
v -0.463093 -0.057238 0.371324
v -0.462150 -0.058434 0.371080
v -0.461830 -0.058714 0.372068
v -0.462241 -0.058027 0.373243
v -0.463035 -0.056945 0.373906
v -0.464070 -0.055672 0.374208
v -0.464076 -0.059649 0.371312
v -0.464025 -0.058906 0.374867
v -0.448056 -0.050447 0.367354
v -0.448035 -0.050438 0.367164
v -0.448109 -0.050218 0.367220
v -0.447969 -0.050655 0.367180
v -0.464651 -0.062223 0.370526
v -0.464742 -0.061457 0.375547
v -0.465174 -0.064450 0.371312
v -0.465199 -0.063832 0.375188
v -0.465279 -0.064876 0.373409
v -0.490894 -0.065907 0.387166
v -0.490793 -0.065662 0.386976
v -0.491001 -0.066266 0.387171
v -0.491037 -0.066681 0.386983
v -0.492679 -0.066385 0.387708
v -0.490976 -0.066834 0.386714
v -0.492654 -0.066416 0.387627
v -0.490875 -0.066620 0.386556
v -0.492621 -0.066377 0.387568
v -0.490759 -0.066196 0.386530
v -0.490718 -0.065893 0.386687
v -0.488698 -0.064600 0.386569
v -0.488568 -0.064288 0.386276
v -0.488709 -0.065121 0.386509
v -0.488616 -0.065707 0.386192
v -0.488470 -0.065901 0.385775
v -0.488346 -0.065618 0.385528
v -0.488329 -0.065016 0.385562
v -0.488402 -0.064565 0.385833
v -0.485520 -0.064305 0.385083
v -0.485272 -0.063898 0.384604
v -0.485954 -0.065099 0.385266
v -0.486408 -0.065975 0.385172
v -0.486459 -0.066123 0.384675
v -0.486193 -0.065724 0.384233
v -0.485732 -0.064867 0.384017
v -0.485369 -0.064161 0.384155
v -0.483388 -0.067145 0.382974
v -0.483102 -0.066666 0.382380
v -0.484126 -0.067692 0.383453
v -0.484916 -0.068246 0.383653
v -0.485097 -0.068176 0.383206
v -0.484775 -0.067731 0.382644
v -0.484001 -0.067126 0.382112
v -0.483339 -0.066710 0.381983
v -0.482726 -0.070009 0.381629
v -0.482475 -0.069603 0.380962
v -0.483601 -0.070609 0.382101
v -0.484511 -0.071144 0.382361
v -0.484748 -0.071065 0.381930
v -0.484432 -0.070696 0.381272
v -0.483503 -0.070037 0.380741
v -0.482712 -0.069536 0.380511
v -0.482046 -0.069290 0.380800
v -0.485437 -0.072210 0.383023
v -0.485723 -0.071363 0.382418
v -0.482188 -0.069427 0.379728
v -0.481676 -0.073005 0.380597
v -0.481593 -0.073101 0.379308
v -0.366541 0.075420 0.454658
v -0.366990 0.075563 0.453853
v -0.366573 0.072372 0.453847
v -0.366023 0.072141 0.454912
v -0.367609 0.066521 0.450497
v -0.367042 0.066159 0.451754
v -0.366133 0.069027 0.453909
v -0.366731 0.069385 0.452708
v -0.365147 0.076910 0.454634
v -0.365207 0.076399 0.455242
v -0.364182 0.072952 0.455540
v -0.363998 0.073499 0.454690
v -0.364922 0.066260 0.452435
v -0.364602 0.066762 0.451335
v -0.363775 0.070066 0.453550
v -0.364031 0.069503 0.454558
v -0.365815 0.075863 0.455212
v -0.365029 0.072405 0.455589
v -0.365906 0.065946 0.452536
v -0.365005 0.069087 0.454673
v -0.353990 0.069295 0.457968
v -0.353297 0.068965 0.457703
v -0.350539 0.071287 0.458876
v -0.350905 0.071833 0.459297
v -0.345235 0.073822 0.460249
v -0.345184 0.074361 0.460645
v -0.348704 0.073145 0.459993
v -0.348400 0.072630 0.459575
v -0.353827 0.069883 0.455111
v -0.354679 0.070483 0.454559
v -0.351512 0.073016 0.455944
v -0.351000 0.072201 0.456325
v -0.345589 0.075374 0.458181
v -0.345533 0.074624 0.458334
v -0.348826 0.073493 0.457186
v -0.349264 0.074254 0.456866
v -0.353264 0.069120 0.456555
v -0.350611 0.071485 0.457686
v -0.345390 0.074050 0.459284
v -0.348484 0.072828 0.458422
v -0.770203 -0.008360 0.451539
v -0.770651 -0.008463 0.451830
v -0.770416 -0.007289 0.454450
v -0.769967 -0.007174 0.454208
v -0.770999 -0.008921 0.452183
v -0.770683 -0.007769 0.454667
v -0.771047 -0.009568 0.452166
v -0.770780 -0.008290 0.454808
v -0.770720 -0.009809 0.452030
v -0.770478 -0.008503 0.454686
v -0.770288 -0.009807 0.451823
v -0.770082 -0.008490 0.454497
v -0.769924 -0.009289 0.451592
v -0.769740 -0.008012 0.454241
v -0.769894 -0.008669 0.451416
v -0.769656 -0.007439 0.454101
v -0.606629 0.074154 0.463469
v -0.610055 0.070539 0.466207
v -0.609776 0.071976 0.464555
v -0.391363 0.528136 0.341974
v -0.392359 0.518006 0.326376
v -0.391218 0.518746 0.325439
v -0.391993 0.508247 0.311375
v -0.391250 0.509114 0.310178
v -0.533693 -0.224258 0.356787
v -0.531405 -0.223722 0.357017
v -0.529828 -0.223744 0.358562
v -0.536182 -0.226231 0.361048
v -0.535581 -0.225336 0.358641
v -0.532406 -0.225773 0.362828
v -0.534720 -0.226337 0.362640
v -0.530478 -0.224670 0.360977
v -0.781124 -0.096028 0.433422
v -0.781148 -0.096145 0.433553
v -0.781056 -0.096254 0.433608
v -0.371468 0.555819 0.322635
v -0.399779 0.544252 0.330514
v -0.398743 0.543914 0.330846
v -0.370510 0.555167 0.323002
v -0.369850 0.554526 0.324096
v -0.397987 0.543510 0.331941
v -0.397697 0.543585 0.333346
v -0.370082 0.554325 0.325581
v -0.376560 0.566325 0.342518
v -0.375619 0.565872 0.342950
v -0.377254 0.566911 0.341371
v -0.379159 0.565853 0.340011
v -0.378417 0.565971 0.339217
v -0.376373 0.566350 0.339542
v -0.375686 0.565730 0.340673
v -0.374991 0.565934 0.342052
v -0.471258 -0.058345 0.375924
v -0.817145 -0.264692 0.412283
v -0.817449 -0.265069 0.412455
v -0.825984 -0.264021 0.409723
v -0.825409 -0.263789 0.409633
v -0.826499 -0.263804 0.409858
v -0.818019 -0.264913 0.412769
v -0.817500 -0.263372 0.412283
v -0.817209 -0.264029 0.412183
v -0.825446 -0.263225 0.409422
v -0.825695 -0.262617 0.409409
v -0.817423 -0.263409 0.413006
v -0.817608 -0.263128 0.412711
v -0.825855 -0.262278 0.409810
v -0.826063 -0.262358 0.410208
v -0.817871 -0.264157 0.413010
v -0.826401 -0.263071 0.410105
v -0.813123 -0.266448 0.414694
v -0.812648 -0.266163 0.414339
v -0.813545 -0.266257 0.415040
v -0.812556 -0.265521 0.414189
v -0.812685 -0.264866 0.414287
v -0.812906 -0.264595 0.414727
v -0.813182 -0.264776 0.415141
v -0.813487 -0.265523 0.415228
v -0.457098 -0.413953 0.268360
v -0.457878 -0.410140 0.272059
v -0.459906 -0.410433 0.272566
v -0.459634 -0.413215 0.268990
v -0.460044 -0.406142 0.279004
v -0.455797 -0.414244 0.261162
v -0.456798 -0.409904 0.265987
v -0.456811 -0.409973 0.269323
v -0.455575 -0.413933 0.265319
v -0.458205 -0.413245 0.260154
v -0.458473 -0.410007 0.264464
v -0.456194 -0.421472 0.257456
v -0.456778 -0.422581 0.259866
v -0.457207 -0.421318 0.260105
v -0.457033 -0.420148 0.257464
v -0.457664 -0.422910 0.255572
v -0.457726 -0.423856 0.258669
v -0.458667 -0.422905 0.262568
v -0.457928 -0.420317 0.263973
v -0.457201 -0.421413 0.263683
v -0.457407 -0.417175 0.257724
v -0.455602 -0.418792 0.258030
v -0.459126 -0.419936 0.255638
v -0.839327 -0.285551 0.400853
v -0.457227 -0.418183 0.266911
v -0.458871 -0.416993 0.266914
v -0.460459 -0.420077 0.264845
v -0.828429 -0.254796 0.397477
v -0.827367 -0.254674 0.398565
v -0.826849 -0.255043 0.399567
v -0.827775 -0.255170 0.398708
v -0.450877 -0.424754 0.258005
v -0.452282 -0.426925 0.257325
v -0.448977 -0.435978 0.256493
v -0.446979 -0.434755 0.257136
v -0.445713 -0.434060 0.258466
v -0.450123 -0.422405 0.260679
v -0.450360 -0.421441 0.263679
v -0.445556 -0.433623 0.260243
v -0.446591 -0.433879 0.261792
v -0.451714 -0.421256 0.266454
v -0.453270 -0.422775 0.266364
v -0.448589 -0.435025 0.261348
v -0.450134 -0.436156 0.259851
v -0.453906 -0.425739 0.263095
v -0.453300 -0.427484 0.259273
v -0.450235 -0.436330 0.257876
v -0.451221 -0.435972 0.257948
v -0.454081 -0.435105 0.257810
v -0.453291 -0.452438 0.248169
v -0.451026 -0.453466 0.248656
v -0.449919 -0.454101 0.249845
v -0.449763 -0.436352 0.258949
v -0.449563 -0.436351 0.260823
v -0.449393 -0.455047 0.251071
v -0.450505 -0.455308 0.252521
v -0.451682 -0.434950 0.263282
v -0.453826 -0.434909 0.263419
v -0.452619 -0.454621 0.252671
v -0.454397 -0.453472 0.252074
v -0.455637 -0.434867 0.262359
v -0.455619 -0.434805 0.260656
v -0.454298 -0.452819 0.250257
v -0.450242 -0.471175 0.236557
v -0.452370 -0.470598 0.236555
v -0.455545 -0.481106 0.227067
v -0.453299 -0.481337 0.227547
v -0.451551 -0.482015 0.228857
v -0.449233 -0.471856 0.237752
v -0.448869 -0.472745 0.239154
v -0.451792 -0.482809 0.230466
v -0.453305 -0.483360 0.231556
v -0.450213 -0.473132 0.240396
v -0.452396 -0.472535 0.240543
v -0.455645 -0.483146 0.231113
v -0.457381 -0.482527 0.229801
v -0.454213 -0.471250 0.239803
v -0.453908 -0.470638 0.238065
v -0.457060 -0.481713 0.228125
v -0.456445 -0.492443 0.218232
v -0.458737 -0.492545 0.217340
v -0.463607 -0.502769 0.210519
v -0.460622 -0.503198 0.210694
v -0.459043 -0.503561 0.212060
v -0.454775 -0.492915 0.219777
v -0.455108 -0.493737 0.221105
v -0.459580 -0.504175 0.212983
v -0.461400 -0.504572 0.213011
v -0.456727 -0.494450 0.221669
v -0.459056 -0.494562 0.220714
v -0.463835 -0.504060 0.211963
v -0.465640 -0.503505 0.210724
v -0.460646 -0.494303 0.219084
v -0.460353 -0.493481 0.217769
v -0.465202 -0.503140 0.210246
v -0.465950 -0.510039 0.206644
v -0.471663 -0.502290 0.210244
v -0.481035 -0.491749 0.214494
v -0.479137 -0.491276 0.215263
v -0.477915 -0.490820 0.215364
v -0.464663 -0.510366 0.207785
v -0.465639 -0.510021 0.208386
v -0.478393 -0.490674 0.214506
v -0.479907 -0.490825 0.213338
v -0.468170 -0.507918 0.208739
v -0.471493 -0.504523 0.208800
v -0.481789 -0.491302 0.212579
v -0.483082 -0.491778 0.212428
v -0.473545 -0.502666 0.208833
v -0.473252 -0.502440 0.209242
v -0.482531 -0.491903 0.213340
v -0.485653 -0.481240 0.218751
v -0.487490 -0.481965 0.218207
v -0.496758 -0.466905 0.223691
v -0.499685 -0.455822 0.229888
v -0.499184 -0.454017 0.229994
v -0.484567 -0.480647 0.218513
v -0.485207 -0.480605 0.217360
v -0.499984 -0.454161 0.228658
v -0.501420 -0.455259 0.227106
v -0.486816 -0.481012 0.216120
v -0.488680 -0.481744 0.215544
v -0.503180 -0.456304 0.226787
v -0.498217 -0.469961 0.219734
v -0.489777 -0.482356 0.215792
v -0.489128 -0.482379 0.216940
v -0.497370 -0.469877 0.221075
v -0.517920 -0.426576 0.243282
v -0.519548 -0.427627 0.243242
v -0.517391 -0.425565 0.242754
v -0.518382 -0.425797 0.241372
v -0.520108 -0.426710 0.240212
v -0.521699 -0.427904 0.240090
v -0.536386 -0.425373 0.255581
v -0.536296 -0.425204 0.254882
v -0.518838 -0.436350 0.236273
v -0.517960 -0.435764 0.237782
v -0.534400 -0.426435 0.255450
v -0.460924 -0.431168 0.256334
v -0.460882 -0.430821 0.253065
v -0.465380 -0.441124 0.244385
v -0.468249 -0.434906 0.250348
v -0.470110 -0.432666 0.254421
v -0.461715 -0.430872 0.259038
v -0.463417 -0.428691 0.260256
v -0.472655 -0.430060 0.256003
v -0.474831 -0.427779 0.255499
v -0.464891 -0.426614 0.259440
v -0.465475 -0.424901 0.257318
v -0.477127 -0.423889 0.255574
v -0.471824 -0.432246 0.247400
v -0.464887 -0.424764 0.254618
v -0.462210 -0.429041 0.251933
v -0.466980 -0.439831 0.242998
v -0.472718 -0.446790 0.240871
v -0.470993 -0.449510 0.236201
v -0.468105 -0.475210 0.219417
v -0.467629 -0.476088 0.221007
v -0.468269 -0.476786 0.222168
v -0.474224 -0.446335 0.243552
v -0.476547 -0.445126 0.244290
v -0.469844 -0.476727 0.221925
v -0.471495 -0.476181 0.220793
v -0.478119 -0.444122 0.243142
v -0.477451 -0.445001 0.239790
v -0.471897 -0.475342 0.219285
v -0.471405 -0.474677 0.218127
v -0.474670 -0.448140 0.235604
v -0.470467 -0.452836 0.232027
v -0.469678 -0.474707 0.218379
v -0.467815 -0.490617 0.212164
v -0.468580 -0.490245 0.210763
v -0.471856 -0.501385 0.206512
v -0.471031 -0.501347 0.207312
v -0.471348 -0.501389 0.207397
v -0.468137 -0.490951 0.212945
v -0.469397 -0.491092 0.212672
v -0.472448 -0.501479 0.206842
v -0.474034 -0.501587 0.205786
v -0.470955 -0.490957 0.211521
v -0.471820 -0.490596 0.210112
v -0.474729 -0.501613 0.205091
v -0.474398 -0.501565 0.205085
v -0.471395 -0.490346 0.209572
v -0.470083 -0.490209 0.209857
v -0.473110 -0.501466 0.205754
v -0.476869 -0.502744 0.207994
v -0.477784 -0.503160 0.207854
v -0.484271 -0.496987 0.211906
v -0.483088 -0.496485 0.211633
v -0.483309 -0.496214 0.210790
v -0.477077 -0.502536 0.207528
v -0.478408 -0.502698 0.206631
v -0.484769 -0.496293 0.209844
v -0.486830 -0.496696 0.209177
v -0.480109 -0.503096 0.205802
v -0.481093 -0.503522 0.205604
v -0.487930 -0.497150 0.209466
v -0.487949 -0.497485 0.210230
v -0.480588 -0.503641 0.206180
v -0.479547 -0.503564 0.206969
v -0.486253 -0.497343 0.211252
v -0.488233 -0.483655 0.217981
v -0.489410 -0.483989 0.218988
v -0.484847 -0.489996 0.214714
v -0.484047 -0.490256 0.213886
v -0.484430 -0.490252 0.212917
v -0.488388 -0.483273 0.216696
v -0.490208 -0.483089 0.215902
v -0.486062 -0.490577 0.212009
v -0.488254 -0.489485 0.212268
v -0.492366 -0.483136 0.215874
v -0.493556 -0.483444 0.216850
v -0.488999 -0.489493 0.212954
v -0.488348 -0.490099 0.213637
v -0.493423 -0.483811 0.218108
v -0.491597 -0.484016 0.218915
v -0.486599 -0.490209 0.214356
v -0.487561 -0.484700 0.215484
v -0.488461 -0.483957 0.216676
v -0.492258 -0.479288 0.218335
v -0.490784 -0.480805 0.216459
v -0.491091 -0.481121 0.215552
v -0.487962 -0.484891 0.214541
v -0.489724 -0.484766 0.213786
v -0.493113 -0.480881 0.214894
v -0.495690 -0.479399 0.215792
v -0.491787 -0.483851 0.214175
v -0.492928 -0.482474 0.215630
v -0.496439 -0.478335 0.217425
v -0.495808 -0.478385 0.218387
v -0.492403 -0.482660 0.216614
v -0.490711 -0.482600 0.217300
v -0.493897 -0.479321 0.218483
v -0.498944 -0.469091 0.222437
v -0.498503 -0.470539 0.220211
v -0.507113 -0.458202 0.226428
v -0.507463 -0.457651 0.227593
v -0.507920 -0.458525 0.225605
v -0.499134 -0.470990 0.219194
v -0.500587 -0.471442 0.218104
v -0.509595 -0.458361 0.224955
v -0.511234 -0.457914 0.225478
v -0.502709 -0.470066 0.219364
v -0.505358 -0.465376 0.223313
v -0.511819 -0.457281 0.226715
v -0.511188 -0.456882 0.227866
v -0.504833 -0.464851 0.224559
v -0.502902 -0.465345 0.224653
v -0.509272 -0.457087 0.228072
v -0.534719 -0.477545 0.208539
v -0.535647 -0.478691 0.208883
v -0.535455 -0.479940 0.209754
v -0.576645 0.119909 0.496687
v -0.576717 0.120593 0.498463
v -0.580634 0.120354 0.499817
v -0.576934 0.119962 0.495141
v -0.580975 0.119352 0.494762
v -0.582397 0.119944 0.496013
v -0.584884 0.119876 0.498014
v -0.582197 0.120620 0.499385
v -0.392523 0.539461 0.380008
v -0.392582 0.540478 0.378898
v -0.394777 0.538077 0.376507
v -0.394612 0.537271 0.377685
v -0.387792 0.544514 0.377939
v -0.382119 0.548225 0.375883
v -0.563881 0.142479 0.494867
v -0.566618 0.142468 0.495875
v -0.562355 0.141980 0.493213
v -0.563116 0.141445 0.491767
v -0.565434 0.140902 0.491218
v -0.567951 0.141052 0.492252
v -0.569659 0.141404 0.493945
v -0.568777 0.142109 0.495371
v -0.393274 0.498004 0.300863
v -0.394143 0.497648 0.302985
v -0.394200 0.497286 0.305001
v -0.393137 0.496983 0.305308
v -0.391655 0.496816 0.304268
v -0.390725 0.497181 0.302200
v -0.389107 0.508183 0.311514
v -0.390551 0.497703 0.300319
v -0.388925 0.509008 0.310193
v -0.391796 0.498020 0.299982
v -0.389909 0.509360 0.309800
v -0.553649 0.212493 0.414642
v -0.555949 0.212177 0.413847
v -0.552814 0.213746 0.416369
v -0.550155 0.230379 0.394112
v -0.552282 0.230480 0.393197
v -0.549231 0.231265 0.396047
v -0.558558 0.213312 0.414849
v -0.560169 0.214958 0.416673
v -0.559276 0.216196 0.418390
v -0.557037 0.216512 0.419156
v -0.550669 0.232946 0.398076
v -0.553068 0.234396 0.399205
v -0.554361 0.215388 0.418189
v -0.381591 0.545217 0.372246
v -0.376070 0.552113 0.376676
v -0.375361 0.551471 0.377834
v -0.381071 0.544309 0.373253
v -0.377001 0.552638 0.376134
v -0.383303 0.545488 0.371695
v -0.544114 0.332139 0.300490
v -0.543535 0.330685 0.300216
v -0.543570 0.333092 0.301483
v -0.382887 0.547282 0.373820
v -0.380416 0.548339 0.377004
v -0.380106 0.547181 0.376855
v -0.379925 0.546185 0.375684
v -0.541674 0.329463 0.301213
v -0.539868 0.329007 0.302570
v -0.539698 0.338007 0.298636
v -0.375533 0.548962 0.354973
v -0.374292 0.551778 0.359099
v -0.374792 0.553249 0.357879
v -0.375942 0.550411 0.353793
v -0.372756 0.554857 0.364059
v -0.373234 0.556203 0.362910
v -0.373181 0.550671 0.359754
v -0.374383 0.547975 0.355590
v -0.368688 0.560724 0.372644
v -0.369102 0.561936 0.371708
v -0.810667 -0.257434 0.406130
v -0.810847 -0.258083 0.406244
v -0.811253 -0.258405 0.406614
v -0.824789 -0.256016 0.402360
v -0.824625 -0.255539 0.402226
v -0.824180 -0.255287 0.402148
v -0.672886 -0.016439 0.427783
v -0.674070 -0.016301 0.430010
v -0.653910 0.002287 0.437182
v -0.652590 0.002458 0.435131
v -0.675070 -0.017801 0.432045
v -0.655050 0.000511 0.438929
v -0.672115 -0.018536 0.426621
v -0.651578 0.000253 0.433758
v -0.675329 -0.020507 0.432759
v -0.655338 -0.002436 0.439468
v -0.672133 -0.021013 0.427149
v -0.651678 -0.002491 0.433953
v -0.674772 -0.022670 0.432017
v -0.654679 -0.004775 0.438503
v -0.673368 -0.022594 0.429586
v -0.653116 -0.004478 0.436106
v -0.692116 -0.030759 0.425963
v -0.692974 -0.030428 0.428006
v -0.693724 -0.031729 0.429908
v -0.691613 -0.032965 0.424826
v -0.693949 -0.034383 0.430544
v -0.691694 -0.035457 0.425155
v -0.693581 -0.036684 0.429752
v -0.692600 -0.036862 0.427402
v -0.710088 -0.041070 0.426243
v -0.710813 -0.040657 0.428219
v -0.711547 -0.041899 0.430101
v -0.708709 -0.042813 0.424975
v -0.711901 -0.044616 0.430785
v -0.710075 -0.045912 0.425417
v -0.711734 -0.047016 0.430046
v -0.710929 -0.047314 0.427658
v -0.718534 -0.046650 0.424846
v -0.719119 -0.045935 0.426970
v -0.715039 -0.043351 0.427574
v -0.714297 -0.043369 0.425574
v -0.719768 -0.046956 0.429141
v -0.715766 -0.044430 0.429718
v -0.716066 -0.049510 0.429870
v -0.715319 -0.051780 0.425057
v -0.720205 -0.049615 0.430062
v -0.716169 -0.047069 0.430582
v -0.719619 -0.054609 0.424522
v -0.720216 -0.052136 0.429401
v -0.718854 -0.051607 0.424273
v -0.714456 -0.049354 0.424764
v -0.761408 -0.035710 0.412345
v -0.761932 -0.036023 0.412979
v -0.760120 -0.035613 0.416083
v -0.759610 -0.035228 0.415433
v -0.762967 -0.036635 0.412036
v -0.762338 -0.036282 0.411397
v -0.763708 -0.037697 0.408232
v -0.764167 -0.037960 0.408781
v -0.760822 -0.035903 0.411975
v -0.759094 -0.035555 0.415028
v -0.761799 -0.036470 0.411014
v -0.763232 -0.037944 0.407991
v -0.762286 -0.036726 0.413516
v -0.760405 -0.036513 0.416680
v -0.763169 -0.037223 0.412577
v -0.764432 -0.038635 0.409415
v -0.760505 -0.036573 0.411925
v -0.758798 -0.036516 0.415130
v -0.761483 -0.037080 0.410960
v -0.762960 -0.038608 0.408149
v -0.761889 -0.037254 0.413371
v -0.760042 -0.037269 0.416530
v -0.762856 -0.037767 0.412467
v -0.764116 -0.039231 0.409484
v -0.760730 -0.037169 0.412310
v -0.758982 -0.037160 0.415405
v -0.761707 -0.037651 0.411363
v -0.763142 -0.039195 0.408636
v -0.761376 -0.037489 0.412983
v -0.759565 -0.037581 0.416124
v -0.762354 -0.037988 0.412074
v -0.763679 -0.039491 0.409257
v -0.762610 -0.035547 0.412429
v -0.762488 -0.035500 0.412862
v -0.761837 -0.035911 0.411872
v -0.762635 -0.035881 0.413300
v -0.762929 -0.036415 0.413564
v -0.763244 -0.036805 0.413336
v -0.762647 -0.036841 0.413040
v -0.763417 -0.036903 0.412900
v -0.763281 -0.036534 0.412458
v -0.762961 -0.035989 0.412227
v -0.766078 -0.034815 0.415212
v -0.766046 -0.034767 0.415675
v -0.766219 -0.035141 0.416128
v -0.766485 -0.035671 0.416390
v -0.766688 -0.036047 0.416123
v -0.766739 -0.036120 0.415641
v -0.766563 -0.035747 0.415184
v -0.766303 -0.035232 0.414969
v -0.770727 -0.034327 0.417290
v -0.770753 -0.034269 0.417787
v -0.770930 -0.034626 0.418253
v -0.771150 -0.035138 0.418506
v -0.771264 -0.035509 0.418200
v -0.771247 -0.035588 0.417680
v -0.771070 -0.035233 0.417212
v -0.770864 -0.034740 0.417008
v -0.776380 -0.033884 0.418321
v -0.776397 -0.033818 0.418815
v -0.776543 -0.034162 0.419276
v -0.776725 -0.034659 0.419524
v -0.776825 -0.035027 0.419216
v -0.776816 -0.035114 0.418697
v -0.776672 -0.034775 0.418235
v -0.776500 -0.034295 0.418037
v -0.780030 -0.033143 0.419529
v -0.780036 -0.033073 0.420023
v -0.780164 -0.033409 0.420481
v -0.780330 -0.033900 0.420727
v -0.780429 -0.034268 0.420417
v -0.780432 -0.034360 0.419899
v -0.780306 -0.034028 0.419439
v -0.780149 -0.033554 0.419243
v -0.782318 -0.032189 0.420026
v -0.782197 -0.031784 0.420305
v -0.782467 -0.032652 0.420217
v -0.782582 -0.032975 0.420666
v -0.782571 -0.032881 0.421173
v -0.782469 -0.032518 0.421477
v -0.782311 -0.032039 0.421236
v -0.782195 -0.031713 0.420788
v -0.785844 -0.028564 0.421558
v -0.785748 -0.028221 0.421795
v -0.784336 -0.029198 0.421238
v -0.784461 -0.029587 0.420973
v -0.784604 -0.030029 0.421155
v -0.785965 -0.028953 0.421715
v -0.784703 -0.030333 0.421582
v -0.786058 -0.029223 0.422089
v -0.784684 -0.030243 0.422064
v -0.786050 -0.029142 0.422514
v -0.784579 -0.029894 0.422352
v -0.785969 -0.028834 0.422770
v -0.784428 -0.029436 0.422123
v -0.785842 -0.028430 0.422573
v -0.784321 -0.029125 0.421697
v -0.785748 -0.028158 0.422200
v -0.790080 -0.027773 0.422792
v -0.790100 -0.027751 0.422917
v -0.787893 -0.027748 0.422898
v -0.787852 -0.027791 0.422632
v -0.790127 -0.027829 0.423013
v -0.787963 -0.027920 0.423131
v -0.790154 -0.027941 0.423066
v -0.788028 -0.028178 0.423245
v -0.790157 -0.028030 0.422988
v -0.788032 -0.028377 0.423068
v -0.790143 -0.028051 0.422873
v -0.787993 -0.028431 0.422791
v -0.790110 -0.027980 0.422760
v -0.787923 -0.028260 0.422556
v -0.790086 -0.027871 0.422721
v -0.787864 -0.028012 0.422466
v -0.745079 -0.028431 0.501941
v -0.745095 -0.028166 0.501791
v -0.746674 -0.026535 0.503216
v -0.746704 -0.026749 0.503292
v -0.745242 -0.028681 0.501981
v -0.746818 -0.026954 0.503310
v -0.745456 -0.028815 0.501889
v -0.746981 -0.027072 0.503196
v -0.745614 -0.028739 0.501696
v -0.747077 -0.027032 0.503006
v -0.745672 -0.028462 0.501586
v -0.747148 -0.026756 0.502984
v -0.745513 -0.028200 0.501527
v -0.747003 -0.026550 0.502960
v -0.745245 -0.028048 0.501607
v -0.746774 -0.026445 0.503052
v -0.748094 -0.025724 0.504749
v -0.748085 -0.025581 0.504707
v -0.748697 -0.025486 0.505568
v -0.748694 -0.025539 0.505578
v -0.748171 -0.025870 0.504748
v -0.748719 -0.025609 0.505558
v -0.748270 -0.025955 0.504681
v -0.748748 -0.025649 0.505546
v -0.748335 -0.025923 0.504576
v -0.748773 -0.025631 0.505531
v -0.748372 -0.025745 0.504564
v -0.748780 -0.025568 0.505534
v -0.748288 -0.025600 0.504557
v -0.748755 -0.025505 0.505536
v -0.748147 -0.025524 0.504617
v -0.748717 -0.025469 0.505557
v -0.702773 -0.048662 0.363479
v -0.703041 -0.048308 0.363205
v -0.699532 -0.050238 0.359703
v -0.699238 -0.050556 0.359971
v -0.701868 -0.048456 0.363438
v -0.698347 -0.050363 0.359962
v -0.701001 -0.048077 0.363288
v -0.697501 -0.050009 0.359857
v -0.700780 -0.047685 0.363108
v -0.697300 -0.049548 0.359611
v -0.700894 -0.047321 0.362815
v -0.697324 -0.049367 0.359598
v -0.701725 -0.047473 0.362860
v -0.698255 -0.049455 0.359378
v -0.702598 -0.047866 0.362987
v -0.699146 -0.049829 0.359477
v -0.695617 -0.052073 0.358227
v -0.696395 -0.052526 0.358390
v -0.695378 -0.055060 0.356726
v -0.694686 -0.054506 0.356463
v -0.695450 -0.051551 0.357896
v -0.694579 -0.053912 0.356012
v -0.697453 -0.051979 0.357521
v -0.697739 -0.052469 0.357822
v -0.695678 -0.051304 0.357617
v -0.694900 -0.053652 0.355714
v -0.696521 -0.051527 0.357574
v -0.695703 -0.053976 0.355745
v -0.696452 -0.054590 0.356032
v -0.697377 -0.052779 0.358181
v -0.696633 -0.055167 0.356416
v -0.696227 -0.055465 0.356802
v -0.766106 -0.072427 0.365870
v -0.766409 -0.072398 0.366522
v -0.763894 -0.069904 0.366969
v -0.763520 -0.069975 0.366307
v -0.767031 -0.073035 0.366194
v -0.766723 -0.073135 0.365585
v -0.769119 -0.075282 0.365792
v -0.769356 -0.075153 0.366395
v -0.765763 -0.072830 0.365829
v -0.763170 -0.070430 0.366210
v -0.766412 -0.073494 0.365472
v -0.768759 -0.075630 0.365565
v -0.766522 -0.072608 0.367147
v -0.764091 -0.070089 0.367588
v -0.767125 -0.073234 0.366831
v -0.769360 -0.075323 0.366980
v -0.765612 -0.073294 0.366233
v -0.763013 -0.070917 0.366486
v -0.766193 -0.073904 0.365752
v -0.768477 -0.076057 0.365790
v -0.766339 -0.073064 0.367521
v -0.763925 -0.070569 0.367872
v -0.766899 -0.073676 0.367136
v -0.769079 -0.075749 0.367215
v -0.765718 -0.073496 0.366882
v -0.763241 -0.071109 0.367172
v -0.766346 -0.074143 0.366551
v -0.768498 -0.076234 0.366457
v -0.765995 -0.073454 0.367446
v -0.763605 -0.071005 0.367764
v -0.766603 -0.074069 0.367113
v -0.768733 -0.076138 0.367075
v -0.765264 -0.073060 0.366031
v -0.765331 -0.072909 0.365567
v -0.765565 -0.073093 0.365300
v -0.766112 -0.073164 0.365643
v -0.765809 -0.073454 0.365419
v -0.765963 -0.073778 0.365864
v -0.765828 -0.073951 0.366246
v -0.765546 -0.073797 0.366450
v -0.766076 -0.073797 0.366738
v -0.765296 -0.073446 0.366368
v -0.764143 -0.073235 0.365590
v -0.764170 -0.073144 0.365219
v -0.764403 -0.073302 0.365104
v -0.764629 -0.073584 0.365249
v -0.764737 -0.073817 0.365561
v -0.764626 -0.073929 0.365840
v -0.764389 -0.073795 0.365965
v -0.764173 -0.073525 0.365863
v -0.763601 -0.073856 0.365570
v -0.763548 -0.073632 0.365318
v -0.763782 -0.074086 0.365660
v -0.763967 -0.074218 0.365549
v -0.764030 -0.074153 0.365294
v -0.763961 -0.073954 0.365061
v -0.763783 -0.073708 0.364952
v -0.763590 -0.073560 0.365038
v -0.762119 -0.075835 0.364383
v -0.762130 -0.075806 0.364254
v -0.762887 -0.074840 0.364601
v -0.762864 -0.074891 0.364809
v -0.762203 -0.075883 0.364199
v -0.763011 -0.074959 0.364520
v -0.762281 -0.075998 0.364239
v -0.763138 -0.075141 0.364593
v -0.762321 -0.076084 0.364347
v -0.763199 -0.075282 0.364769
v -0.762308 -0.076107 0.364473
v -0.763171 -0.075323 0.364970
v -0.762239 -0.076038 0.364538
v -0.763055 -0.075217 0.365070
v -0.762162 -0.075929 0.364507
v -0.762929 -0.075044 0.365014
v -0.761069 -0.076665 0.363794
v -0.761070 -0.076658 0.363759
v -0.761086 -0.076680 0.363744
v -0.761100 -0.076715 0.363747
v -0.761111 -0.076737 0.363779
v -0.761109 -0.076742 0.363812
v -0.761095 -0.076722 0.363831
v -0.761075 -0.076695 0.363819
v -0.707903 -0.046900 0.367642
v -0.707450 -0.046393 0.367331
v -0.706563 -0.046019 0.367263
v -0.705711 -0.045873 0.367205
v -0.705586 -0.046394 0.367642
v -0.705781 -0.046745 0.367854
v -0.706718 -0.047107 0.367937
v -0.707651 -0.047305 0.367955
v -0.714668 -0.044556 0.373652
v -0.714179 -0.043963 0.373028
v -0.713096 -0.043449 0.372565
v -0.712106 -0.043332 0.372471
v -0.711964 -0.043762 0.372944
v -0.712286 -0.044482 0.373593
v -0.713293 -0.044923 0.374003
v -0.714380 -0.045069 0.374168
v -0.717030 -0.044382 0.375404
v -0.716587 -0.043804 0.375011
v -0.715390 -0.043285 0.374719
v -0.714412 -0.043172 0.374779
v -0.714137 -0.043664 0.375235
v -0.714544 -0.044267 0.375917
v -0.715623 -0.044614 0.376097
v -0.716707 -0.044727 0.376116
v -0.718172 -0.045112 0.376251
v -0.718079 -0.043959 0.375729
v -0.716272 -0.043269 0.375471
v -0.714713 -0.042886 0.375372
v -0.714306 -0.043980 0.375828
v -0.714827 -0.044078 0.376758
v -0.716594 -0.044564 0.377061
v -0.718534 -0.045211 0.377267
v -0.741308 -0.054479 0.374328
v -0.741237 -0.055281 0.374629
v -0.743096 -0.056637 0.370746
v -0.743405 -0.055776 0.370410
v -0.688074 -0.063714 0.348498
v -0.688070 -0.063750 0.348506
v -0.688104 -0.063732 0.348545
v -0.688122 -0.063678 0.348548
v -0.688089 -0.063710 0.348486
v -0.688127 -0.063710 0.348501
v -0.723813 -0.047989 0.377071
v -0.724307 -0.047314 0.377413
v -0.718995 -0.043975 0.376164
v -0.715704 -0.043964 0.377145
v -0.717306 -0.044226 0.377409
v -0.738273 -0.054999 0.376969
v -0.738091 -0.054178 0.376622
v -0.733145 -0.053915 0.377985
v -0.733426 -0.054821 0.378419
v -0.715115 -0.042646 0.375674
v -0.716891 -0.043036 0.375724
v -0.723376 -0.048327 0.378730
v -0.722952 -0.048511 0.377982
v -0.718694 -0.044986 0.377483
v -0.716208 -0.043206 0.377339
v -0.717780 -0.043652 0.377621
v -0.738712 -0.055342 0.377994
v -0.733779 -0.054916 0.379126
v -0.715897 -0.042395 0.376467
v -0.717671 -0.042826 0.376637
v -0.723297 -0.048577 0.377397
v -0.716297 -0.042507 0.377153
v -0.717840 -0.042910 0.377402
v -0.741910 -0.055742 0.375655
v -0.744216 -0.057361 0.371490
v -0.716376 -0.040377 0.403758
v -0.715686 -0.040879 0.403667
v -0.711317 -0.039356 0.398346
v -0.711846 -0.038868 0.398357
v -0.715829 -0.041675 0.403526
v -0.711468 -0.040204 0.398164
v -0.716528 -0.042632 0.403327
v -0.711979 -0.040997 0.398050
v -0.717339 -0.042843 0.403230
v -0.712778 -0.041173 0.397848
v -0.718072 -0.042158 0.403293
v -0.713303 -0.040539 0.397907
v -0.718084 -0.041056 0.403557
v -0.713322 -0.039454 0.398028
v -0.717323 -0.040381 0.403743
v -0.712686 -0.038740 0.398277
v -0.707461 -0.038141 0.392928
v -0.706762 -0.038480 0.392749
v -0.703296 -0.037391 0.388422
v -0.703812 -0.037042 0.388455
v -0.706861 -0.039101 0.392567
v -0.703550 -0.038275 0.388161
v -0.707410 -0.039957 0.392348
v -0.704298 -0.039011 0.388196
v -0.708311 -0.040224 0.392360
v -0.704846 -0.039562 0.387755
v -0.708896 -0.039801 0.392624
v -0.705381 -0.038835 0.388270
v -0.708995 -0.038815 0.392775
v -0.705177 -0.037977 0.388346
v -0.708316 -0.038120 0.393076
v -0.704568 -0.037127 0.388528
v -0.748874 -0.059699 0.366552
v -0.749199 -0.059973 0.367174
v -0.752437 -0.062253 0.367159
v -0.748913 -0.058981 0.366562
v -0.752590 -0.061651 0.366917
v -0.750054 -0.059994 0.367742
v -0.749637 -0.058641 0.366930
v -0.752949 -0.061101 0.367168
v -0.750636 -0.059603 0.368121
v -0.753634 -0.060924 0.367912
v -0.750483 -0.058659 0.367343
v -0.750809 -0.059038 0.367872
v -0.753843 -0.061224 0.368551
v -0.746790 -0.056101 0.370262
v -0.745887 -0.055944 0.369476
v -0.745115 -0.056314 0.368811
v -0.745817 -0.057220 0.368193
v -0.746146 -0.057677 0.369342
v -0.746977 -0.057821 0.370859
v -0.747326 -0.057233 0.371354
v -0.747315 -0.056602 0.370865
v -0.742626 -0.053712 0.375489
v -0.743146 -0.054111 0.376344
v -0.739719 -0.053497 0.378657
v -0.739228 -0.053146 0.377799
v -0.743130 -0.054894 0.376739
v -0.739790 -0.054286 0.379070
v -0.742704 -0.055642 0.376547
v -0.739413 -0.055096 0.378894
v -0.741833 -0.053811 0.374601
v -0.738517 -0.053409 0.376879
v -0.734218 -0.052836 0.379076
v -0.734743 -0.053142 0.379781
v -0.729696 -0.050469 0.379564
v -0.729456 -0.050165 0.378780
v -0.734790 -0.053974 0.380189
v -0.729682 -0.051363 0.379961
v -0.734341 -0.054696 0.379886
v -0.729280 -0.052252 0.379678
v -0.728828 -0.052500 0.378866
v -0.728535 -0.052274 0.378146
v -0.728597 -0.051410 0.377758
v -0.733582 -0.053092 0.378257
v -0.728960 -0.050543 0.378042
v -0.719581 -0.043777 0.376988
v -0.688165 -0.063730 0.348550
v -0.688158 -0.063746 0.348512
v -0.688144 -0.063739 0.348559
v -0.719260 -0.044370 0.377716
v -0.719704 -0.043879 0.377603
v -0.711271 -0.040635 0.375981
v -0.710529 -0.040802 0.375094
v -0.710131 -0.041513 0.375031
v -0.710124 -0.042219 0.375272
v -0.710762 -0.042397 0.376160
v -0.711465 -0.042188 0.376934
v -0.711800 -0.041492 0.377040
v -0.711799 -0.040803 0.376759
v -0.705996 -0.038027 0.376474
v -0.705019 -0.038174 0.375564
v -0.704635 -0.038873 0.375342
v -0.704855 -0.039720 0.375631
v -0.705719 -0.040173 0.376476
v -0.706631 -0.040108 0.377351
v -0.706916 -0.039343 0.377524
v -0.706764 -0.038423 0.377270
v -0.704110 -0.037300 0.378088
v -0.703271 -0.036830 0.377269
v -0.704352 -0.038277 0.378326
v -0.704133 -0.039043 0.378117
v -0.703195 -0.039042 0.377184
v -0.702293 -0.038471 0.376253
v -0.701962 -0.037581 0.375949
v -0.702286 -0.036922 0.376244
v -0.700339 -0.035469 0.381470
v -0.701266 -0.036005 0.382165
v -0.702223 -0.035980 0.385211
v -0.701365 -0.035664 0.384843
v -0.701710 -0.036943 0.382324
v -0.702714 -0.036795 0.385292
v -0.701579 -0.037610 0.381986
v -0.702642 -0.037446 0.385061
v -0.700828 -0.037633 0.381259
v -0.702018 -0.037665 0.384728
v -0.699902 -0.037148 0.380582
v -0.701231 -0.038069 0.383683
v -0.699244 -0.036116 0.380312
v -0.700761 -0.036763 0.384390
v -0.699422 -0.035438 0.380676
v -0.700666 -0.035952 0.384521
v -0.720796 -0.042895 0.410031
v -0.719302 -0.042843 0.409446
v -0.719128 -0.043662 0.408761
v -0.719999 -0.044750 0.408384
v -0.721636 -0.045930 0.407872
v -0.722900 -0.045330 0.409104
v -0.723203 -0.044713 0.409862
v -0.722194 -0.043574 0.410064
v -0.723285 -0.045250 0.414277
v -0.721444 -0.044744 0.414085
v -0.721210 -0.045865 0.413124
v -0.722154 -0.047451 0.412243
v -0.724105 -0.048728 0.411823
v -0.725680 -0.048975 0.412211
v -0.725859 -0.048051 0.412975
v -0.724950 -0.046597 0.413640
v -0.723498 -0.046786 0.416325
v -0.721168 -0.045712 0.416232
v -0.719886 -0.046183 0.414702
v -0.721758 -0.048919 0.413704
v -0.724502 -0.050556 0.413738
v -0.784246 -0.086618 0.368610
v -0.784207 -0.086637 0.368620
v -0.784214 -0.086658 0.368675
v -0.784260 -0.086634 0.368674
v -0.784231 -0.086650 0.368728
v -0.784270 -0.086634 0.368734
v -0.784283 -0.086590 0.368626
v -0.784300 -0.086600 0.368680
v -0.784300 -0.086607 0.368725
v -0.722603 -0.050748 0.414764
v -0.725660 -0.052472 0.414367
v -0.722016 -0.046914 0.418017
v -0.724633 -0.048183 0.417833
v -0.723460 -0.051858 0.415566
v -0.726312 -0.053225 0.415597
v -0.723239 -0.049243 0.418375
v -0.725932 -0.050573 0.418265
v -0.723456 -0.051199 0.417685
v -0.726256 -0.052519 0.417620
v -0.691260 -0.057683 0.353358
v -0.691085 -0.057400 0.353017
v -0.693012 -0.056103 0.354213
v -0.693054 -0.056611 0.354657
v -0.691658 -0.057982 0.353538
v -0.693614 -0.057122 0.354872
v -0.692134 -0.058112 0.353419
v -0.694330 -0.057465 0.354839
v -0.692294 -0.057880 0.353091
v -0.694452 -0.057293 0.354335
v -0.757471 -0.064184 0.367125
v -0.757971 -0.064072 0.367829
v -0.757194 -0.064684 0.366924
v -0.757080 -0.065242 0.367049
v -0.770507 -0.005861 0.458970
v -0.770397 -0.005812 0.458946
v -0.770053 -0.006371 0.456861
v -0.770314 -0.006487 0.456912
v -0.770566 -0.005986 0.459009
v -0.770458 -0.006774 0.457009
v -0.770582 -0.006102 0.459050
v -0.770499 -0.007067 0.457099
v -0.770502 -0.006140 0.459045
v -0.770310 -0.007160 0.457105
v -0.770404 -0.006116 0.459033
v -0.770074 -0.007118 0.457080
v -0.770326 -0.005990 0.458990
v -0.769889 -0.006810 0.456978
v -0.770316 -0.005847 0.458957
v -0.769859 -0.006488 0.456882
v -0.771155 -0.009536 0.449326
v -0.771600 -0.009630 0.449663
v -0.772026 -0.010060 0.450147
v -0.772018 -0.010835 0.449974
v -0.771667 -0.011111 0.449827
v -0.771202 -0.011118 0.449603
v -0.770821 -0.010553 0.449398
v -0.770848 -0.009884 0.449187
v -0.772852 -0.010598 0.447593
v -0.773193 -0.010536 0.447991
v -0.773640 -0.010971 0.448677
v -0.773916 -0.011880 0.448452
v -0.773525 -0.012187 0.448296
v -0.773021 -0.012198 0.448067
v -0.772615 -0.011655 0.447722
v -0.772652 -0.011094 0.447508
v -0.773966 -0.011728 0.445653
v -0.774484 -0.011752 0.446087
v -0.774923 -0.012282 0.446534
v -0.774910 -0.013060 0.446347
v -0.774681 -0.013374 0.446294
v -0.774353 -0.013411 0.446201
v -0.773800 -0.012910 0.445792
v -0.773704 -0.012110 0.445623
v -0.774317 -0.012933 0.443001
v -0.774846 -0.012898 0.443407
v -0.775337 -0.013474 0.443934
v -0.775318 -0.014482 0.443790
v -0.775115 -0.014996 0.443660
v -0.774855 -0.015120 0.443541
v -0.774238 -0.014379 0.443070
v -0.774046 -0.013498 0.442829
v -0.774460 -0.013543 0.441483
v -0.775151 -0.013219 0.442022
v -0.775573 -0.013877 0.443127
v -0.776044 -0.015316 0.442625
v -0.775367 -0.015822 0.442048
v -0.774625 -0.016191 0.441372
v -0.774123 -0.015104 0.441471
v -0.773836 -0.013936 0.440982
v -0.770451 -0.005995 0.458990
v -0.719389 -0.049690 0.423596
v -0.691028 -0.375023 0.343392
v -0.694399 -0.371917 0.345628
v -0.572901 -0.466495 0.258805
v -0.690132 -0.374857 0.342017
v -0.378764 -0.065523 0.404947
v -0.379249 -0.065716 0.406178
v -0.374730 -0.072046 0.405253
v -0.375008 -0.072281 0.406151
v -0.374400 -0.072631 0.407518
v -0.379192 -0.065506 0.407717
v -0.376109 -0.065793 0.405724
v -0.377460 -0.065663 0.404792
v -0.372211 -0.072333 0.406349
v -0.373536 -0.072042 0.405488
v -0.376657 -0.065606 0.408486
v -0.375850 -0.065809 0.407368
v -0.371838 -0.073022 0.408692
v -0.371604 -0.072749 0.407738
v -0.378003 -0.065442 0.408797
v -0.373065 -0.072869 0.408586
v -0.369262 -0.076419 0.405018
v -0.370563 -0.076195 0.403937
v -0.366910 -0.079071 0.403141
v -0.368632 -0.078458 0.402194
v -0.369607 -0.078849 0.401763
v -0.371429 -0.076398 0.403918
v -0.365672 -0.082209 0.403821
v -0.366236 -0.081833 0.403655
v -0.366137 -0.081719 0.402209
v -0.365698 -0.082082 0.402305
v -0.366743 -0.081916 0.403167
v -0.366395 -0.081804 0.401875
v -0.367047 -0.081119 0.400696
v -0.366644 -0.081036 0.401077
v -0.366021 -0.081420 0.401242
v -0.331247 -0.096270 0.403285
v -0.331214 -0.097297 0.402843
v -0.330397 -0.098339 0.401962
v -0.330736 -0.097067 0.402499
v -0.332288 -0.096497 0.403146
v -0.331785 -0.097241 0.402386
v -0.332368 -0.096243 0.402315
v -0.331290 -0.097045 0.402024
v -0.331329 -0.096014 0.402451
v -0.366663 -0.079930 0.405419
v -0.367968 -0.079534 0.405608
v -0.366790 -0.081108 0.404681
v -0.365923 -0.081554 0.404905
v -0.369387 -0.079488 0.404305
v -0.367748 -0.081159 0.403933
v -0.363019 -0.104742 0.393874
v -0.363650 -0.105342 0.392957
v -0.363898 -0.106553 0.392304
v -0.363134 -0.105666 0.393352
v -0.363201 -0.104610 0.393101
v -0.363341 -0.105578 0.392612
v -0.362403 -0.105058 0.393133
v -0.362825 -0.105907 0.393004
v -0.362257 -0.105192 0.393938
v -0.366318 -0.080441 0.401599
v -0.367365 -0.080016 0.401219
v -0.368265 -0.080075 0.400562
v -0.372044 -0.076223 0.404561
v -0.370535 -0.078625 0.402820
v -0.371329 -0.076805 0.405852
v -0.369946 -0.077124 0.407002
v -0.368933 -0.077113 0.407056
v -0.368636 -0.076859 0.406271
v -0.366618 -0.079270 0.404808
v -0.370185 -0.082038 0.401358
v -0.369054 -0.084446 0.400120
v -0.367837 -0.085253 0.400587
v -0.368862 -0.082874 0.401756
v -0.367580 -0.086973 0.399337
v -0.366477 -0.087757 0.399851
v -0.364931 -0.088672 0.399602
v -0.366751 -0.085803 0.400157
v -0.367671 -0.083457 0.401320
v -0.369925 -0.080679 0.402658
v -0.368598 -0.081636 0.402923
v -0.367419 -0.082312 0.402372
v -0.370535 -0.081267 0.398928
v -0.369372 -0.083687 0.397565
v -0.369712 -0.083851 0.398816
v -0.370896 -0.081405 0.400117
v -0.367910 -0.086224 0.396652
v -0.368201 -0.086389 0.397976
v -0.370672 -0.080002 0.401432
v -0.370346 -0.079881 0.400183
v -0.369272 -0.081854 0.398489
v -0.368219 -0.084226 0.397056
v -0.367935 -0.082703 0.398866
v -0.367004 -0.085021 0.397415
v -0.365226 -0.087768 0.396183
v -0.366874 -0.086721 0.396042
v -0.367707 -0.081541 0.399963
v -0.369070 -0.080590 0.399668
v -0.367263 -0.083315 0.400121
v -0.366383 -0.085634 0.398814
v -0.364764 -0.087940 0.398073
v -0.367020 -0.082194 0.401166
v -0.365287 -0.080866 0.404308
v -0.365411 -0.080711 0.402914
v -0.365033 -0.081596 0.405011
v -0.363021 -0.083300 0.405032
v -0.363357 -0.082519 0.404280
v -0.363425 -0.082410 0.402900
v -0.364569 -0.083195 0.403835
v -0.364706 -0.082600 0.404887
v -0.362118 -0.085025 0.403993
v -0.362424 -0.084386 0.404970
v -0.364939 -0.082415 0.401299
v -0.364614 -0.083090 0.402326
v -0.362541 -0.084224 0.401428
v -0.362081 -0.084910 0.402504
v -0.365192 -0.081442 0.401698
v -0.363020 -0.083166 0.401757
v -0.360923 -0.098615 0.397970
v -0.361791 -0.102629 0.395764
v -0.361060 -0.103022 0.396079
v -0.359860 -0.099117 0.398395
v -0.360410 -0.103327 0.395872
v -0.358891 -0.099537 0.397920
v -0.361294 -0.098022 0.395556
v -0.362081 -0.102314 0.394245
v -0.362173 -0.102355 0.394990
v -0.361476 -0.098190 0.396757
v -0.360252 -0.098341 0.395132
v -0.361394 -0.102598 0.394007
v -0.359097 -0.098972 0.395463
v -0.360622 -0.103005 0.394282
v -0.360279 -0.103285 0.395085
v -0.358595 -0.099526 0.396939
v -0.347367 -0.087233 0.404347
v -0.347447 -0.087331 0.406086
v -0.341916 -0.088655 0.406206
v -0.342133 -0.088459 0.404567
v -0.347071 -0.088156 0.407497
v -0.341557 -0.089442 0.407528
v -0.335716 -0.092026 0.406354
v -0.335756 -0.091433 0.405240
v -0.336158 -0.091234 0.403873
v -0.332099 -0.094853 0.404180
v -0.332067 -0.094490 0.403465
v -0.332350 -0.094357 0.402603
v -0.346484 -0.089386 0.407537
v -0.341560 -0.090541 0.407521
v -0.346158 -0.090307 0.406501
v -0.341866 -0.091308 0.406541
v -0.337252 -0.093194 0.405641
v -0.336378 -0.092753 0.406414
v -0.332599 -0.095249 0.404278
v -0.333205 -0.095483 0.403857
v -0.346415 -0.089395 0.403370
v -0.342413 -0.090362 0.403575
v -0.342268 -0.091160 0.404889
v -0.346235 -0.090223 0.404763
v -0.337681 -0.092406 0.403158
v -0.337790 -0.092998 0.404285
v -0.333536 -0.095332 0.403022
v -0.333452 -0.094988 0.402277
v -0.342303 -0.089248 0.403580
v -0.346831 -0.088158 0.403333
v -0.336958 -0.091693 0.403091
v -0.332931 -0.094588 0.402169
v -0.365724 -0.090413 0.398763
v -0.362944 -0.094138 0.398672
v -0.361783 -0.094699 0.399162
v -0.364594 -0.091029 0.399299
v -0.360758 -0.095035 0.398719
v -0.363413 -0.091313 0.399125
v -0.366879 -0.088504 0.398984
v -0.365786 -0.089223 0.399517
v -0.364240 -0.089910 0.399669
v -0.366131 -0.089663 0.396064
v -0.363353 -0.093419 0.395961
v -0.363587 -0.093639 0.397298
v -0.366383 -0.089867 0.397390
v -0.367511 -0.087947 0.397606
v -0.367250 -0.087749 0.396268
v -0.365039 -0.090040 0.395519
v -0.362215 -0.093767 0.395462
v -0.363688 -0.090504 0.395834
v -0.360980 -0.094356 0.395890
v -0.364612 -0.088879 0.395653
v -0.366215 -0.088202 0.395671
v -0.362556 -0.091692 0.397822
v -0.360417 -0.094974 0.397650
v -0.340803 -0.103600 0.399603
v -0.339823 -0.103923 0.399715
v -0.338271 -0.103805 0.399293
v -0.339682 -0.103479 0.399201
v -0.341261 -0.104039 0.399312
v -0.340185 -0.103964 0.398925
v -0.341431 -0.103716 0.398187
v -0.340018 -0.103522 0.398409
v -0.340978 -0.103274 0.398407
v -0.359544 -0.090669 0.400606
v -0.359702 -0.089957 0.399215
v -0.362543 -0.088941 0.398444
v -0.362350 -0.089616 0.399958
v -0.359811 -0.089921 0.397943
v -0.362598 -0.088834 0.397047
v -0.362004 -0.090565 0.400272
v -0.359383 -0.091687 0.400781
v -0.361784 -0.091241 0.399691
v -0.359343 -0.092453 0.400123
v -0.359583 -0.091741 0.397631
v -0.359378 -0.092499 0.399074
v -0.361722 -0.091264 0.398566
v -0.362003 -0.090518 0.396948
v -0.359749 -0.090708 0.397310
v -0.362352 -0.089561 0.396481
v -0.353281 -0.095418 0.400938
v -0.353310 -0.094820 0.399669
v -0.356567 -0.091913 0.399640
v -0.356475 -0.092580 0.400945
v -0.353650 -0.094685 0.398474
v -0.356787 -0.091846 0.398444
v -0.356623 -0.093443 0.401054
v -0.353715 -0.096083 0.401034
v -0.356890 -0.094079 0.400374
v -0.354278 -0.096513 0.400335
v -0.354628 -0.095795 0.397996
v -0.354584 -0.096406 0.399287
v -0.357061 -0.094056 0.399373
v -0.357179 -0.093370 0.398024
v -0.354206 -0.095109 0.397806
v -0.357043 -0.092479 0.397804
v -0.350156 -0.099139 0.400472
v -0.350169 -0.098572 0.399170
v -0.346736 -0.101865 0.399968
v -0.346860 -0.101332 0.398741
v -0.347078 -0.101208 0.397338
v -0.350576 -0.098372 0.397840
v -0.343449 -0.102661 0.398887
v -0.343467 -0.102628 0.397800
v -0.343311 -0.103065 0.399820
v -0.350724 -0.099744 0.400576
v -0.351434 -0.100096 0.399839
v -0.347050 -0.103172 0.399369
v -0.346829 -0.102645 0.400097
v -0.343109 -0.103668 0.399882
v -0.342968 -0.104142 0.399297
v -0.351841 -0.099909 0.398571
v -0.351842 -0.099338 0.397314
v -0.347397 -0.102519 0.396848
v -0.347280 -0.103084 0.398012
v -0.343148 -0.103715 0.397426
v -0.343008 -0.104098 0.398291
v -0.351277 -0.098727 0.397134
v -0.347288 -0.101766 0.396650
v -0.343334 -0.103089 0.397292
v -0.355043 -0.087125 0.406484
v -0.351348 -0.087767 0.407006
v -0.352027 -0.086822 0.405570
v -0.355620 -0.086258 0.405093
v -0.352067 -0.086664 0.403781
v -0.355679 -0.086115 0.403331
v -0.359168 -0.085052 0.404815
v -0.359304 -0.084856 0.403044
v -0.358755 -0.085806 0.405882
v -0.354336 -0.088372 0.406442
v -0.350464 -0.089048 0.407023
v -0.353829 -0.089265 0.405330
v -0.349821 -0.089991 0.405970
v -0.358124 -0.087653 0.404480
v -0.358366 -0.086910 0.405618
v -0.353809 -0.089127 0.403610
v -0.349818 -0.089827 0.404219
v -0.354405 -0.088274 0.402221
v -0.350474 -0.088952 0.402750
v -0.358582 -0.086708 0.401685
v -0.358138 -0.087468 0.402891
v -0.351341 -0.087649 0.402718
v -0.355099 -0.087031 0.402261
v -0.358982 -0.085612 0.401927
v -0.425049 0.017158 0.388290
v -0.425134 0.011609 0.385753
v -0.425013 0.020396 0.393084
v -0.371947 0.550874 0.359161
v -0.370885 0.551787 0.358382
v -0.373037 0.548303 0.355034
v -0.371543 0.550043 0.354420
v -0.776268 -0.014205 0.440347
v -0.775838 -0.013252 0.440489
v -0.774997 -0.013557 0.439689
v -0.775462 -0.014606 0.439534
v -0.776291 -0.015179 0.440666
v -0.775522 -0.015659 0.439869
v -0.776529 -0.015650 0.441952
v -0.775781 -0.016190 0.441224
v -0.775343 -0.012801 0.441102
v -0.774590 -0.013075 0.440374
v -0.711751 -0.045865 0.423632
v -0.710820 -0.044009 0.423889
v -0.786803 -0.008181 0.459146
v -0.786311 -0.007696 0.458936
v -0.786033 -0.005684 0.462471
v -0.786528 -0.006079 0.462679
v -0.714065 -0.048166 0.423371
v -0.711864 -0.043257 0.423756
v -0.716570 -0.049419 0.423104
v -0.714015 -0.044215 0.423534
v -0.717775 -0.049059 0.423059
v -0.716779 -0.046729 0.423181
v -0.787214 -0.002346 0.466085
v -0.787677 -0.002912 0.466274
v -0.788641 -0.002151 0.468873
v -0.788216 -0.001513 0.468628
v -0.786573 -0.004535 0.465033
v -0.787133 -0.004655 0.465070
v -0.787060 -0.006165 0.462769
v -0.787420 -0.004295 0.464881
v -0.787369 -0.005846 0.462576
v -0.787350 -0.003718 0.464653
v -0.787302 -0.005316 0.462368
v -0.786868 -0.003246 0.464466
v -0.786878 -0.004872 0.462126
v -0.786306 -0.003054 0.464434
v -0.786341 -0.004710 0.462034
v -0.785951 -0.003345 0.464624
v -0.785959 -0.005015 0.462192
v -0.789584 -0.001471 0.472347
v -0.789131 -0.000777 0.471946
v -0.788664 -0.002856 0.469202
v -0.789577 -0.002318 0.472752
v -0.787665 -0.001260 0.468583
v -0.788571 -0.000621 0.471833
v -0.788368 -0.003280 0.469450
v -0.789243 -0.002757 0.473019
v -0.787273 -0.001662 0.468832
v -0.788080 -0.000906 0.472058
v -0.787813 -0.003132 0.469413
v -0.788640 -0.002569 0.472885
v -0.787328 -0.002520 0.469173
v -0.788124 -0.001875 0.472506
v -0.780372 -0.083232 0.368314
v -0.780388 -0.083166 0.367966
v -0.780193 -0.083037 0.367936
v -0.780176 -0.083104 0.368288
v -0.780457 -0.083121 0.368639
v -0.780253 -0.082986 0.368615
v -0.780607 -0.082860 0.368715
v -0.780371 -0.082774 0.368769
v -0.425280 0.017861 0.397504
v -0.425516 0.012696 0.399510
v -0.425553 0.008029 0.397106
v -0.425422 0.005621 0.392542
v -0.425274 0.007289 0.387967
v -0.375136 0.551534 0.352717
v -0.374102 0.554220 0.356747
v -0.373041 0.554848 0.356101
v -0.373367 0.552699 0.352516
v -0.372743 0.557017 0.361825
v -0.785040 -0.081170 0.373598
v -0.785031 -0.081179 0.373610
v -0.785018 -0.081171 0.373607
v -0.785025 -0.081157 0.373591
v -0.781471 -0.081615 0.369688
v -0.781408 -0.081823 0.369809
v -0.780113 -0.082611 0.368625
v -0.780190 -0.082201 0.368417
v -0.781431 -0.082002 0.369734
v -0.781478 -0.082130 0.369628
v -0.781563 -0.082048 0.369440
v -0.780779 -0.082686 0.368447
v -0.781629 -0.081856 0.369321
v -0.780746 -0.082554 0.368272
v -0.781614 -0.081689 0.369377
v -0.780575 -0.082315 0.368161
v -0.781562 -0.081541 0.369506
v -0.780264 -0.082268 0.368176
v -0.782728 -0.081215 0.370898
v -0.782669 -0.081400 0.370962
v -0.782706 -0.081534 0.370896
v -0.782764 -0.081620 0.370811
v -0.782855 -0.081528 0.370692
v -0.782918 -0.081357 0.370632
v -0.782891 -0.081231 0.370685
v -0.782824 -0.081130 0.370784
v -0.367377 0.052621 0.446941
v -0.367937 0.052377 0.446650
v -0.367521 0.052243 0.448231
v -0.367123 0.052466 0.448531
v -0.368498 0.052650 0.446476
v -0.367912 0.052529 0.448044
v -0.368158 0.051889 0.448835
v -0.367600 0.051559 0.449124
v -0.367053 0.051761 0.449488
v -0.333606 0.069283 0.459378
v -0.333069 0.070608 0.459639
v -0.331985 0.071937 0.460369
v -0.332721 0.070316 0.460046
v -0.334106 0.069662 0.459377
v -0.333258 0.070643 0.460033
v -0.333941 0.069401 0.460188
v -0.332909 0.070351 0.460440
v -0.333439 0.069021 0.460193
v -0.367942 0.050292 0.449444
v -0.366971 0.050489 0.449901
v -0.369015 0.050683 0.448942
v -0.370447 0.048935 0.448194
v -0.368840 0.048328 0.449161
v -0.367444 0.048834 0.449190
v -0.366512 0.077704 0.455409
v -0.367204 0.078749 0.455254
v -0.368430 0.079587 0.455143
v -0.367503 0.078332 0.455352
v -0.366697 0.078056 0.454689
v -0.367762 0.078697 0.454646
v -0.367529 0.077661 0.454297
v -0.368058 0.078275 0.454759
v -0.367307 0.077326 0.455003
v -0.371071 0.049791 0.445458
v -0.369596 0.051691 0.445774
v -0.368514 0.051395 0.446026
v -0.369506 0.049398 0.445769
v -0.367484 0.051607 0.446483
v -0.367690 0.049529 0.446733
v -0.372018 0.045854 0.447331
v -0.372727 0.046266 0.446027
v -0.371592 0.048993 0.446538
v -0.372474 0.046551 0.445161
v -0.369165 0.045485 0.448457
v -0.370517 0.045525 0.448307
v -0.369574 0.046233 0.446121
v -0.368880 0.045778 0.447504
v -0.367247 0.048580 0.448316
v -0.369779 0.054138 0.448552
v -0.369329 0.056950 0.449116
v -0.370380 0.056103 0.449062
v -0.370938 0.053232 0.448499
v -0.367946 0.059961 0.450250
v -0.369449 0.058943 0.449846
v -0.370547 0.058513 0.448830
v -0.371593 0.055589 0.448077
v -0.372253 0.052616 0.447579
v -0.369134 0.052593 0.448566
v -0.370244 0.051547 0.448556
v -0.371519 0.050755 0.447703
v -0.372175 0.055730 0.446850
v -0.372882 0.052692 0.446339
v -0.371098 0.058703 0.447589
v -0.370926 0.059349 0.446601
v -0.371952 0.056346 0.445918
v -0.372640 0.053304 0.445423
v -0.372182 0.050809 0.446401
v -0.371988 0.051472 0.445410
v -0.369932 0.060208 0.446559
v -0.370834 0.057212 0.445995
v -0.368310 0.061129 0.447329
v -0.369625 0.057805 0.446826
v -0.370065 0.054861 0.446456
v -0.371400 0.054198 0.445574
v -0.370771 0.052505 0.445548
v -0.369430 0.053261 0.446512
v -0.367750 0.060152 0.448968
v -0.369022 0.057554 0.448294
v -0.369424 0.054691 0.447865
v -0.368799 0.053176 0.447864
v -0.366202 0.050229 0.448868
v -0.366399 0.051016 0.447651
v -0.366007 0.050259 0.450032
v -0.766167 -0.243270 0.358738
v -0.766138 -0.242545 0.358761
v -0.759586 -0.250033 0.358309
v -0.759414 -0.250681 0.358326
v -0.766210 -0.242167 0.359020
v -0.759766 -0.249686 0.358526
v -0.766341 -0.242452 0.359406
v -0.759808 -0.249838 0.359030
v -0.766391 -0.242924 0.359957
v -0.759824 -0.250296 0.359568
v -0.766509 -0.243741 0.360381
v -0.759976 -0.251132 0.360121
v -0.766522 -0.244209 0.360474
v -0.759995 -0.251695 0.360290
v -0.753079 -0.255411 0.358198
v -0.752995 -0.254743 0.357899
v -0.766494 -0.244449 0.360284
v -0.759920 -0.252006 0.360067
v -0.766464 -0.244677 0.360017
v -0.759789 -0.252386 0.359805
v -0.753081 -0.255695 0.357959
v -0.789520 -0.325677 0.413858
v -0.789717 -0.324796 0.414378
v -0.798885 -0.324262 0.411956
v -0.798667 -0.325047 0.411587
v -0.789760 -0.324095 0.414351
v -0.798952 -0.323623 0.411952
v -0.803489 -0.324553 0.409403
v -0.804919 -0.325184 0.408461
v -0.803361 -0.325595 0.409089
v -0.789043 -0.326124 0.412188
v -0.789243 -0.326146 0.412951
v -0.798359 -0.325735 0.410786
v -0.798142 -0.325764 0.410245
v -0.804548 -0.327236 0.407138
v -0.802802 -0.327114 0.407636
v -0.789268 -0.324539 0.412694
v -0.789076 -0.325401 0.412186
v -0.798177 -0.325143 0.410224
v -0.798429 -0.324149 0.410743
v -0.804448 -0.326983 0.406870
v -0.803063 -0.325140 0.408540
v -0.789558 -0.324051 0.413618
v -0.798733 -0.323659 0.411389
v -0.804814 -0.324930 0.408186
v -0.519072 -0.496277 0.257842
v -0.518889 -0.496713 0.256392
v -0.782487 -0.325740 0.417092
v -0.782358 -0.326646 0.416560
v -0.518397 -0.496836 0.255320
v -0.782525 -0.324976 0.417028
v -0.518127 -0.495094 0.258885
v -0.518171 -0.495946 0.258432
v -0.782186 -0.327115 0.415579
v -0.782056 -0.327001 0.414745
v -0.517855 -0.495331 0.256597
v -0.517993 -0.494902 0.257992
v -0.782068 -0.326225 0.414666
v -0.782192 -0.325320 0.415200
v -0.517143 -0.496740 0.254976
v -0.782384 -0.324862 0.416190
v -0.538065 -0.466862 0.277421
v -0.538176 -0.467064 0.275937
v -0.526374 -0.484388 0.264118
v -0.526419 -0.484052 0.265641
v -0.537724 -0.466991 0.274690
v -0.526105 -0.484222 0.263079
v -0.536218 -0.466104 0.278244
v -0.537145 -0.466519 0.278287
v -0.525521 -0.483857 0.266887
v -0.525141 -0.483160 0.267290
v -0.535788 -0.466227 0.275430
v -0.535862 -0.465960 0.277122
v -0.524951 -0.482921 0.266230
v -0.524331 -0.483483 0.263858
v -0.536640 -0.466679 0.274601
v -0.525246 -0.483854 0.263106
v -0.534188 -0.449157 0.272053
v -0.534431 -0.449698 0.270454
v -0.528259 -0.462877 0.268917
v -0.527949 -0.462586 0.270454
v -0.533843 -0.450040 0.269121
v -0.527850 -0.462924 0.267677
v -0.531608 -0.448503 0.272865
v -0.532953 -0.448690 0.272922
v -0.526821 -0.462152 0.271321
v -0.525690 -0.461817 0.271274
v -0.531394 -0.449368 0.269983
v -0.531138 -0.448844 0.271574
v -0.525270 -0.461813 0.270042
v -0.525620 -0.462093 0.268534
v -0.532590 -0.449858 0.269069
v -0.526706 -0.462558 0.267633
v -0.533524 -0.450232 0.260757
v -0.533113 -0.448235 0.261566
v -0.533790 -0.449651 0.260685
v -0.531722 -0.446893 0.262584
v -0.530548 -0.447080 0.263338
v -0.529427 -0.448907 0.255594
v -0.530344 -0.447817 0.262621
v -0.531260 -0.448507 0.261871
v -0.532811 -0.449187 0.261039
v -0.532391 -0.440693 0.256783
v -0.806593 -0.326924 0.406181
v -0.538921 -0.428546 0.257794
v -0.538692 -0.428409 0.257170
v -0.536361 -0.430085 0.256946
v -0.553299 -0.406862 0.270997
v -0.552920 -0.407285 0.270972
v -0.542165 -0.416946 0.262443
v -0.542513 -0.416370 0.262059
v -0.552772 -0.407767 0.270835
v -0.541990 -0.417529 0.262440
v -0.507107 -0.474757 0.223577
v -0.507186 -0.474605 0.223424
v -0.507508 -0.474236 0.223155
v -0.553166 -0.408491 0.270675
v -0.542486 -0.418495 0.262556
v -0.553611 -0.409351 0.270443
v -0.543239 -0.419323 0.262635
v -0.508286 -0.475611 0.223418
v -0.507505 -0.475198 0.223529
v -0.553850 -0.409936 0.270062
v -0.543889 -0.419528 0.262549
v -0.554113 -0.409995 0.269795
v -0.544344 -0.419204 0.262182
v -0.509947 -0.475520 0.223040
v -0.509144 -0.475639 0.223304
v -0.554505 -0.409626 0.269542
v -0.544983 -0.418898 0.261910
v -0.554642 -0.409072 0.269392
v -0.544822 -0.418445 0.261131
v -0.513146 -0.469607 0.225439
v -0.512460 -0.471119 0.225250
v -0.554408 -0.408152 0.269530
v -0.544531 -0.417507 0.260902
v -0.553786 -0.407605 0.269617
v -0.543976 -0.416667 0.261073
v -0.513768 -0.465612 0.227419
v -0.513667 -0.467348 0.226379
v -0.553674 -0.407097 0.270469
v -0.543339 -0.416247 0.261584
v -0.508383 -0.474057 0.222558
v -0.766436 -0.244987 0.359277
v -0.766306 -0.244778 0.359634
v -0.774044 -0.237024 0.359731
v -0.773906 -0.237041 0.359454
v -0.774170 -0.236987 0.360069
v -0.783319 -0.238616 0.358362
v -0.783126 -0.238712 0.358138
v -0.780530 -0.237806 0.358616
v -0.766290 -0.244340 0.358973
v -0.773704 -0.236402 0.359102
v -0.773570 -0.235485 0.358808
v -0.782676 -0.238254 0.357682
v -0.780205 -0.236883 0.358140
v -0.773537 -0.234691 0.358789
v -0.773579 -0.234333 0.358984
v -0.782539 -0.237191 0.357327
v -0.782651 -0.236872 0.357434
v -0.773499 -0.234417 0.359307
v -0.773534 -0.234973 0.359743
v -0.782548 -0.236798 0.357764
v -0.780218 -0.236098 0.358870
v -0.773703 -0.235693 0.360217
v -0.773928 -0.236322 0.360411
v -0.782761 -0.237445 0.358494
v -0.780552 -0.237025 0.359275
v -0.774057 -0.236581 0.360275
v -0.783176 -0.238235 0.358550
v -0.542147 -0.420707 0.237681
v -0.550290 -0.414006 0.243303
v -0.669881 -0.313950 0.314226
v -0.663960 -0.318061 0.310976
v -0.555179 -0.410124 0.246600
v -0.675766 -0.309519 0.317533
v -0.542779 -0.418949 0.236642
v -0.543549 -0.418804 0.238120
v -0.661845 -0.318688 0.309063
v -0.663485 -0.316770 0.308882
v -0.543525 -0.418675 0.236218
v -0.542891 -0.419034 0.236058
v -0.668182 -0.312905 0.311299
v -0.671562 -0.310559 0.313224
v -0.741993 -0.258339 0.355829
v -0.739240 -0.259698 0.353595
v -0.747433 -0.255642 0.355867
v -0.747583 -0.256270 0.356266
v -0.739639 -0.260569 0.353871
v -0.747557 -0.256492 0.356037
v -0.759582 -0.252384 0.359382
v -0.759427 -0.252312 0.359095
v -0.759383 -0.251697 0.358726
v -0.550194 -0.413318 0.241158
v -0.544167 -0.418131 0.236650
v -0.666860 -0.314585 0.310366
v -0.662777 -0.318464 0.308172
v -0.545711 -0.418313 0.239426
v -0.550374 -0.413715 0.242067
v -0.666980 -0.315959 0.311772
v -0.670763 -0.313827 0.314687
v -0.550989 -0.413821 0.243398
v -0.672220 -0.312693 0.315420
v -0.549519 -0.415284 0.258749
v -0.549130 -0.415694 0.258440
v -0.550266 -0.414858 0.259039
v -0.783651 -0.081349 0.371687
v -0.783606 -0.081516 0.371767
v -0.783664 -0.081640 0.371744
v -0.783745 -0.081724 0.371698
v -0.783834 -0.081638 0.371597
v -0.783880 -0.081474 0.371524
v -0.783825 -0.081355 0.371544
v -0.783750 -0.081273 0.371591
v -0.784295 -0.081262 0.372300
v -0.784220 -0.081318 0.372367
v -0.784356 -0.081318 0.372279
v -0.784405 -0.081406 0.372274
v -0.784375 -0.081528 0.372334
v -0.784308 -0.081592 0.372404
v -0.784240 -0.081530 0.372428
v -0.784189 -0.081440 0.372432
v -0.368681 0.562741 0.370721
v -0.395573 0.536690 0.374348
v -0.395790 0.535901 0.375364
v -0.396232 0.535372 0.372369
v -0.396824 0.534519 0.373158
v -0.394625 0.534576 0.374123
v -0.393433 0.536042 0.376353
v -0.392334 0.537374 0.378610
v -0.390718 0.536613 0.376799
v -0.389900 0.537894 0.378872
v -0.391759 0.535129 0.374628
v -0.388366 0.537573 0.373951
v -0.388139 0.538676 0.376040
v -0.387683 0.539782 0.378023
v -0.378475 0.544878 0.347595
v -0.378116 0.543699 0.348589
v -0.377114 0.542932 0.349146
v -0.381033 0.536832 0.340089
v -0.380070 0.536287 0.340627
v -0.381349 0.537729 0.339194
v -0.381616 0.521044 0.318119
v -0.381348 0.528916 0.329980
v -0.382515 0.528686 0.330345
v -0.382715 0.520835 0.318575
v -0.379009 0.536507 0.340210
v -0.380035 0.529260 0.328215
v -0.378332 0.537285 0.339379
v -0.380213 0.530454 0.327381
v -0.378610 0.538385 0.338723
v -0.381319 0.531316 0.326924
v -0.379449 0.539074 0.338386
v -0.376429 0.546262 0.346357
v -0.377643 0.545886 0.346728
v -0.380608 0.538663 0.338593
v -0.384854 0.518047 0.312390
v -0.383775 0.521046 0.316798
v -0.383990 0.517850 0.314079
v -0.383317 0.517898 0.313153
v -0.383390 0.515090 0.303679
v -0.384669 0.516501 0.303318
v -0.386522 0.516783 0.305027
v -0.533567 0.342817 0.296953
v -0.370117 0.555207 0.356414
v -0.367540 0.559795 0.358794
v -0.366899 0.559387 0.359774
v -0.369417 0.554822 0.357565
v -0.364508 0.566108 0.361939
v -0.363949 0.565529 0.362822
v -0.368194 0.560455 0.358694
v -0.365122 0.566702 0.361920
v -0.370803 0.555989 0.356276
v -0.370559 0.553922 0.360005
v -0.370276 0.552936 0.358372
v -0.369197 0.555231 0.359295
v -0.369411 0.556025 0.360600
v -0.370489 0.552493 0.356255
v -0.370061 0.556789 0.360503
v -0.367605 0.560814 0.362350
v -0.368192 0.561217 0.361409
v -0.370725 0.557159 0.359375
v -0.364675 0.566301 0.365268
v -0.365163 0.566871 0.364467
v -0.367020 0.560150 0.362403
v -0.364152 0.565658 0.365254
v -0.371296 0.554999 0.359888
v -0.372039 0.555603 0.358518
v -0.365328 0.566990 0.363047
v -0.372279 0.555203 0.356368
v -0.372034 0.554249 0.354713
v -0.371001 0.556767 0.357620
v -0.361054 0.572278 0.366602
v -0.363877 0.565404 0.364172
v -0.371261 0.553133 0.354867
v -0.372547 0.550828 0.352333
v -0.386266 0.541589 0.380256
v -0.388563 0.539672 0.381020
v -0.385639 0.543149 0.379219
v -0.390528 0.539414 0.380783
v -0.383056 0.541572 0.369320
v -0.383829 0.542493 0.368743
v -0.385199 0.542999 0.368528
v -0.389821 0.518607 0.325039
v -0.388879 0.517927 0.325141
v -0.783667 -0.085056 0.369041
v -0.783660 -0.085075 0.369183
v -0.782743 -0.084458 0.368935
v -0.782748 -0.084418 0.368750
v -0.781940 -0.083618 0.368822
v -0.781948 -0.083557 0.368585
v -0.782640 -0.084591 0.368997
v -0.781814 -0.083792 0.368908
v -0.783584 -0.085181 0.369228
v -0.782513 -0.084713 0.368943
v -0.781664 -0.083961 0.368833
v -0.783482 -0.085277 0.369194
v -0.782442 -0.084759 0.368740
v -0.781572 -0.084020 0.368579
v -0.783437 -0.085324 0.369036
v -0.741842 -0.062786 0.362135
v -0.741918 -0.062359 0.361722
v -0.741989 -0.064634 0.360184
v -0.741915 -0.064984 0.360577
v -0.742227 -0.066878 0.358663
v -0.742166 -0.067094 0.358940
v -0.741368 -0.062974 0.362204
v -0.741481 -0.065200 0.360592
v -0.741872 -0.067253 0.358940
v -0.740860 -0.062887 0.361993
v -0.741018 -0.065199 0.360330
v -0.741566 -0.067283 0.358743
v -0.740499 -0.062471 0.361493
v -0.740695 -0.064916 0.359802
v -0.741361 -0.067133 0.358361
v -0.740485 -0.062055 0.361092
v -0.740684 -0.064586 0.359408
v -0.741363 -0.066933 0.358079
v -0.740940 -0.061873 0.361030
v -0.741098 -0.064378 0.359396
v -0.741642 -0.066779 0.358080
v -0.741535 -0.061943 0.361231
v -0.741642 -0.064353 0.359659
v -0.742005 -0.066729 0.358281
v -0.693664 -0.055782 0.354133
v -0.693417 -0.056046 0.354414
v -0.693254 -0.055842 0.353934
v -0.694329 -0.056072 0.354178
v -0.693895 -0.056129 0.353959
v -0.693461 -0.056553 0.354855
v -0.694958 -0.056577 0.354454
v -0.694509 -0.056654 0.354174
v -0.702480 -0.062151 0.353255
v -0.702523 -0.062051 0.353119
v -0.702387 -0.062101 0.353067
v -0.702381 -0.062164 0.353181
v -0.694050 -0.057068 0.355063
v -0.694805 -0.057425 0.355011
v -0.702520 -0.061997 0.353064
v -0.702434 -0.062033 0.353022
v -0.694078 -0.055707 0.354233
v -0.693774 -0.055931 0.354521
v -0.694769 -0.056013 0.354267
v -0.693869 -0.056478 0.354968
v -0.695423 -0.056526 0.354553
v -0.702576 -0.062101 0.353302
v -0.702622 -0.062037 0.353250
v -0.694478 -0.056995 0.355183
v -0.695245 -0.057335 0.355196
v -0.702601 -0.061999 0.353182
v -0.694984 -0.057863 0.354352
v -0.694952 -0.057601 0.354042
v -0.695145 -0.057321 0.353853
v -0.695486 -0.057252 0.353966
v -0.695856 -0.057258 0.354250
v -0.695909 -0.057488 0.354488
v -0.695623 -0.057165 0.354733
v -0.695742 -0.057755 0.354719
v -0.695339 -0.057916 0.354676
v -0.388084 0.536949 0.370641
v -0.392720 0.533755 0.371557
v -0.389094 0.516824 0.325877
v -0.395233 0.532622 0.366287
v -0.395994 0.532966 0.371308
v -0.397979 0.533078 0.370582
v -0.396726 0.533120 0.365873
v -0.391022 0.534258 0.356165
v -0.390478 0.533113 0.356290
v -0.539332 0.330064 0.303692
v -0.539966 0.331553 0.303934
v -0.541746 0.332669 0.302895
v -0.555213 0.234505 0.398303
v -0.556130 0.233636 0.396396
v -0.554695 0.231940 0.394341
v -0.395353 0.535445 0.369691
v -0.394516 0.535232 0.365075
v -0.390505 0.535139 0.355613
v -0.385566 0.544705 0.378389
v -0.366760 0.559594 0.361262
v -0.368390 0.561001 0.359885
v -0.361544 0.573058 0.365748
v -0.383711 0.529760 0.327464
v -0.382707 0.530795 0.326730
v -0.375113 0.544199 0.347683
v -0.375447 0.545448 0.346814
v -0.375875 0.543240 0.348630
v -0.383716 0.529172 0.329492
v -0.696046 -0.058896 0.353428
v -0.696033 -0.058676 0.353101
v -0.696211 -0.058382 0.352925
v -0.696506 -0.058239 0.353086
v -0.696853 -0.058172 0.353401
v -0.463399 -0.404038 0.285413
v -0.462681 -0.404553 0.287427
v -0.461053 -0.404607 0.288546
v -0.508561 -0.297162 0.335291
v -0.508447 -0.296641 0.332477
v -0.509810 -0.297398 0.330812
v -0.696991 -0.058352 0.353450
v -0.696711 -0.058648 0.353914
v -0.696340 -0.058871 0.353806
v -0.700382 -0.060918 0.353302
v -0.700360 -0.060764 0.353069
v -0.697550 -0.059807 0.352617
v -0.697570 -0.060004 0.352931
v -0.700493 -0.060562 0.352949
v -0.697711 -0.059529 0.352461
v -0.700724 -0.060470 0.353075
v -0.697991 -0.059379 0.352632
v -0.700983 -0.060444 0.353343
v -0.698318 -0.059304 0.352957
v -0.365960 0.051302 0.450482
v -0.366062 0.052600 0.450107
v -0.366149 0.053306 0.449187
v -0.366409 0.053437 0.447604
v -0.366473 0.052394 0.447136
v -0.364496 0.073812 0.453505
v -0.364317 0.070520 0.452190
v -0.365507 0.070401 0.451519
v -0.366582 0.069943 0.451647
v -0.366473 0.072905 0.452949
v -0.365545 0.073496 0.452887
v -0.366960 0.075949 0.453217
v -0.366318 0.076618 0.453262
v -0.365541 0.077007 0.453753
v -0.340110 0.060734 0.456585
v -0.339677 0.060097 0.457795
v -0.344840 0.056730 0.456440
v -0.345233 0.057527 0.455007
v -0.339560 0.059958 0.459015
v -0.344556 0.056603 0.457929
v -0.335745 0.065876 0.458268
v -0.335435 0.065491 0.459038
v -0.335415 0.065380 0.459813
v -0.339975 0.060550 0.459462
v -0.344655 0.057469 0.458564
v -0.340581 0.061409 0.459078
v -0.344996 0.058626 0.458216
v -0.335802 0.065690 0.460068
v -0.336300 0.066173 0.459816
v -0.345345 0.059411 0.456872
v -0.341004 0.062042 0.457877
v -0.341117 0.062186 0.456644
v -0.345658 0.059551 0.455289
v -0.336609 0.066548 0.459046
v -0.336622 0.066667 0.458277
v -0.345547 0.058702 0.454665
v -0.340699 0.061591 0.456205
v -0.336236 0.066350 0.458014
v -0.366854 0.062840 0.451145
v -0.368087 0.062506 0.450998
v -0.366364 0.067333 0.449247
v -0.367452 0.067119 0.449436
v -0.369262 0.062255 0.450050
v -0.367448 0.061116 0.450924
v -0.369018 0.060557 0.450305
v -0.370124 0.060215 0.449305
v -0.369877 0.062481 0.448814
v -0.365284 0.067256 0.450049
v -0.369720 0.063089 0.447786
v -0.370701 0.060437 0.448065
v -0.370547 0.061059 0.447043
v -0.367316 0.063946 0.448442
v -0.368623 0.063798 0.447709
v -0.369537 0.061857 0.446979
v -0.367900 0.062537 0.447428
v -0.366199 0.064121 0.450142
v -0.343034 0.075066 0.459276
v -0.342038 0.075450 0.459439
v -0.340632 0.075299 0.460261
v -0.342069 0.074815 0.459981
v -0.343017 0.075699 0.459355
v -0.341941 0.075737 0.460132
v -0.342468 0.075207 0.460487
v -0.341520 0.074897 0.460698
v -0.342522 0.074592 0.460416
v -0.365547 0.060720 0.450152
v -0.365380 0.060557 0.451351
v -0.365709 0.061553 0.448817
v -0.362896 0.061811 0.450257
v -0.362654 0.060969 0.451560
v -0.362545 0.060924 0.452628
v -0.362650 0.062925 0.452843
v -0.365122 0.062340 0.451686
v -0.365180 0.061270 0.451993
v -0.362530 0.061765 0.453147
v -0.365184 0.063110 0.450577
v -0.365416 0.063283 0.449336
v -0.362786 0.063668 0.451763
v -0.362958 0.063738 0.450644
v -0.365622 0.062605 0.448607
v -0.362988 0.062927 0.450016
v -0.359472 0.062553 0.453181
v -0.359437 0.062478 0.454162
v -0.359845 0.063305 0.451836
v -0.356745 0.066006 0.453463
v -0.356247 0.065313 0.454861
v -0.356275 0.065185 0.455831
v -0.357580 0.066464 0.455590
v -0.360162 0.064204 0.454099
v -0.359726 0.063203 0.454537
v -0.356847 0.065678 0.456109
v -0.360436 0.064875 0.452985
v -0.360526 0.064955 0.451930
v -0.358000 0.067067 0.454366
v -0.358021 0.067236 0.453295
v -0.360256 0.064275 0.451481
v -0.357461 0.066752 0.452968
v -0.349572 0.074737 0.457326
v -0.351881 0.073536 0.456399
v -0.349502 0.074566 0.458445
v -0.351819 0.073354 0.457581
v -0.349127 0.073881 0.459605
v -0.351449 0.072652 0.458851
v -0.354881 0.070071 0.457441
v -0.345201 0.075029 0.460382
v -0.355395 0.070632 0.456050
v -0.345396 0.075680 0.459552
v -0.355383 0.070936 0.454933
v -0.345540 0.075802 0.458609
v -0.371102 0.046503 0.445259
v -0.378913 0.006473 0.404833
v -0.328784 0.013890 0.415798
v -0.548607 -0.416630 0.257440
v -0.547958 -0.417501 0.256237
v -0.548243 -0.417730 0.255864
v -0.548555 -0.417791 0.255740
v -0.548918 -0.417734 0.255723
v -0.549033 -0.417598 0.255897
v -0.548976 -0.417262 0.256461
v -0.548798 -0.416803 0.257054
v -0.548684 -0.416404 0.257507
v -0.494601 -0.482672 0.218349
v -0.495590 -0.480798 0.219278
v -0.499789 -0.479226 0.220421
v -0.498869 -0.481385 0.219278
v -0.496698 -0.479240 0.219803
v -0.500791 -0.477860 0.220839
v -0.493612 -0.485590 0.216846
v -0.493925 -0.484384 0.217511
v -0.498658 -0.482776 0.218554
v -0.498856 -0.483664 0.217986
v -0.503812 -0.465303 0.227619
v -0.503399 -0.465008 0.228353
v -0.499712 -0.483220 0.218058
v -0.515100 -0.452346 0.236627
v -0.505568 -0.463677 0.226659
v -0.504575 -0.464947 0.226854
v -0.515495 -0.452257 0.235632
v -0.515758 -0.451716 0.234895
v -0.507269 -0.459074 0.229011
v -0.506679 -0.461287 0.227611
v -0.515746 -0.450911 0.234796
v -0.515714 -0.449363 0.235741
v -0.507075 -0.457757 0.230703
v -0.502241 -0.476684 0.220715
v -0.502072 -0.464096 0.226945
v -0.499538 -0.467750 0.225125
v -0.503506 -0.463346 0.227032
v -0.494810 -0.475230 0.219821
v -0.497214 -0.471653 0.223216
v -0.496565 -0.473380 0.222542
v -0.497429 -0.473257 0.222452
v -0.498377 -0.473501 0.221796
v -0.499088 -0.473327 0.220905
v -0.499631 -0.473240 0.220033
v -0.499053 -0.474844 0.217529
v -0.501046 -0.471023 0.220665
v -0.503156 -0.466820 0.223224
v -0.504103 -0.463719 0.225786
v -0.785779 -0.238999 0.356550
v -0.785800 -0.238582 0.356538
v -0.785790 -0.238582 0.356860
v -0.496637 -0.476723 0.216214
v -0.494382 -0.477328 0.216702
v -0.494012 -0.476926 0.217569
v -0.523126 -0.503477 0.221285
v -0.523665 -0.503212 0.220065
v -0.530124 -0.486732 0.229515
v -0.531475 -0.486135 0.228105
v -0.532030 -0.485521 0.226600
v -0.524754 -0.502941 0.219242
v -0.786279 -0.002473 0.466277
v -0.786653 -0.002121 0.466064
v -0.787747 -0.003550 0.466523
v -0.787469 -0.003948 0.466721
v -0.786900 -0.003815 0.466703
v -0.786380 -0.003258 0.466533
v -0.786051 -0.004068 0.464875
v -0.780634 -0.010721 0.446304
v -0.780478 -0.011014 0.447308
v -0.777244 -0.012219 0.443823
v -0.777412 -0.011872 0.442907
v -0.781532 -0.013234 0.446854
v -0.781638 -0.013085 0.445935
v -0.778337 -0.014113 0.442514
v -0.778442 -0.014448 0.443609
v -0.777865 -0.012305 0.442323
v -0.781082 -0.011191 0.445696
v -0.778016 -0.014117 0.444304
v -0.781150 -0.012847 0.447658
v -0.781591 -0.012114 0.445594
v -0.778303 -0.013192 0.442202
v -0.780739 -0.011825 0.448124
v -0.777598 -0.012892 0.444782
v -0.787621 -0.007468 0.458712
v -0.787665 -0.008050 0.458888
v -0.786244 -0.007028 0.458639
v -0.787267 -0.008858 0.456178
v -0.786843 -0.008264 0.456018
v -0.785611 -0.009763 0.452122
v -0.786024 -0.010590 0.452097
v -0.787196 -0.006971 0.458485
v -0.787347 -0.009493 0.456423
v -0.786218 -0.011278 0.452585
v -0.786644 -0.006760 0.458433
v -0.786312 -0.007989 0.456103
v -0.785164 -0.009347 0.452575
v -0.747526 -0.036647 0.442953
v -0.746681 -0.036240 0.442800
v -0.746643 -0.038311 0.443179
v -0.747368 -0.038772 0.443329
v -0.746183 -0.036584 0.442816
v -0.747904 -0.038390 0.443298
v -0.746046 -0.037305 0.442936
v -0.747911 -0.037475 0.443117
v -0.748726 -0.025568 0.505538
v -0.747869 -0.022562 0.476001
v -0.747907 -0.022598 0.476011
v -0.746029 -0.025189 0.475102
v -0.745777 -0.024860 0.475039
v -0.746175 -0.025337 0.474701
v -0.747938 -0.022613 0.475963
v -0.746240 -0.025395 0.474294
v -0.747968 -0.022609 0.475916
v -0.746034 -0.025099 0.473996
v -0.747928 -0.022569 0.475877
v -0.745723 -0.024701 0.473952
v -0.747884 -0.022525 0.475869
v -0.745535 -0.024500 0.474273
v -0.747846 -0.022506 0.475907
v -0.745541 -0.024555 0.474769
v -0.747850 -0.022517 0.475967
v -0.742135 -0.031732 0.497950
v -0.742033 -0.032013 0.497707
v -0.741853 -0.031920 0.496135
v -0.741919 -0.031586 0.496426
v -0.742472 -0.031513 0.498208
v -0.742258 -0.031331 0.496772
v -0.742809 -0.031564 0.498322
v -0.742608 -0.031384 0.496935
v -0.742856 -0.032031 0.498142
v -0.742705 -0.031906 0.496761
v -0.742693 -0.032365 0.497919
v -0.742571 -0.032287 0.496496
v -0.742406 -0.032623 0.497648
v -0.742308 -0.032595 0.496148
v -0.742140 -0.032466 0.497637
v -0.742004 -0.032424 0.496081
v -0.742760 -0.033066 0.503351
v -0.742705 -0.033203 0.503163
v -0.742722 -0.032456 0.501604
v -0.742815 -0.032247 0.501764
v -0.742938 -0.033007 0.503557
v -0.743088 -0.032098 0.501928
v -0.743059 -0.033183 0.503636
v -0.743334 -0.032188 0.502013
v -0.743146 -0.033377 0.503522
v -0.743382 -0.032517 0.501875
v -0.743091 -0.033489 0.503356
v -0.743246 -0.032757 0.501723
v -0.742931 -0.033586 0.503141
v -0.743008 -0.032937 0.501549
v -0.742761 -0.033481 0.503105
v -0.742797 -0.032809 0.501563
v -0.742363 -0.032147 0.499581
v -0.742473 -0.031903 0.499764
v -0.742796 -0.031720 0.499952
v -0.743096 -0.031804 0.500048
v -0.743144 -0.032203 0.499887
v -0.742978 -0.032495 0.499713
v -0.742696 -0.032711 0.499514
v -0.742454 -0.032557 0.499532
v -0.741956 -0.035644 0.504663
v -0.741961 -0.035656 0.504623
v -0.742307 -0.034400 0.504181
v -0.742336 -0.034320 0.504306
v -0.741973 -0.035656 0.504709
v -0.742434 -0.034313 0.504443
v -0.742000 -0.035687 0.504720
v -0.742516 -0.034426 0.504496
v -0.742031 -0.035706 0.504698
v -0.742576 -0.034555 0.504420
v -0.742036 -0.035700 0.504660
v -0.742553 -0.034609 0.504309
v -0.742024 -0.035694 0.504612
v -0.742465 -0.034644 0.504166
v -0.741991 -0.035681 0.504601
v -0.742350 -0.034574 0.504143
v -0.736396 -0.047453 0.425959
v -0.737288 -0.048478 0.426178
v -0.738146 -0.048844 0.425876
v -0.738383 -0.048356 0.425270
v -0.737971 -0.047516 0.424859
v -0.736964 -0.046302 0.424596
v -0.746178 -0.038395 0.453628
v -0.746123 -0.039332 0.453589
v -0.746627 -0.040365 0.453789
v -0.747411 -0.040770 0.454076
v -0.748010 -0.040441 0.454349
v -0.747908 -0.039533 0.454313
v -0.747472 -0.038616 0.454181
v -0.746674 -0.038175 0.453834
v -0.743871 -0.039655 0.463983
v -0.743387 -0.039949 0.463635
v -0.744572 -0.040031 0.464304
v -0.744918 -0.041185 0.464552
v -0.744839 -0.042097 0.464495
v -0.744281 -0.042348 0.464100
v -0.743648 -0.041841 0.463675
v -0.743177 -0.040697 0.463465
v -0.739441 -0.038949 0.473724
v -0.739081 -0.039729 0.473773
v -0.741138 -0.040597 0.468860
v -0.741329 -0.039802 0.468910
v -0.739479 -0.040806 0.473876
v -0.741595 -0.041658 0.469069
v -0.740042 -0.041475 0.474090
v -0.742294 -0.042093 0.469446
v -0.740765 -0.041118 0.474105
v -0.742804 -0.041816 0.469698
v -0.741078 -0.040471 0.474007
v -0.742830 -0.040846 0.469634
v -0.740613 -0.039182 0.473643
v -0.742561 -0.039830 0.469498
v -0.740118 -0.038781 0.473739
v -0.741819 -0.039419 0.469125
v -0.739220 -0.038579 0.474569
v -0.738852 -0.039389 0.474615
v -0.738911 -0.039516 0.474131
v -0.739274 -0.038727 0.474081
v -0.739226 -0.040484 0.474704
v -0.739307 -0.040609 0.474221
v -0.739765 -0.041133 0.474914
v -0.739860 -0.041272 0.474426
v -0.740530 -0.040899 0.474938
v -0.740635 -0.041051 0.474431
v -0.740690 -0.040109 0.474890
v -0.741022 -0.040493 0.474367
v -0.747874 -0.022567 0.475932
v -0.739908 -0.038418 0.474608
v -0.739807 -0.038498 0.474123
v -0.739381 -0.035615 0.480965
v -0.739079 -0.036155 0.481131
v -0.738725 -0.038334 0.477288
v -0.739148 -0.037603 0.477111
v -0.739177 -0.037261 0.481376
v -0.738871 -0.039312 0.477616
v -0.739622 -0.037802 0.481460
v -0.739404 -0.039861 0.477748
v -0.740268 -0.037503 0.481285
v -0.740041 -0.039713 0.477551
v -0.740533 -0.036840 0.481075
v -0.740391 -0.038841 0.477305
v -0.740612 -0.035861 0.480875
v -0.740288 -0.037632 0.477236
v -0.740007 -0.035445 0.480847
v -0.739735 -0.037318 0.477034
v -0.740860 -0.032539 0.486784
v -0.740506 -0.032796 0.486833
v -0.739754 -0.033882 0.483932
v -0.740101 -0.033310 0.483786
v -0.740698 -0.033539 0.486995
v -0.739843 -0.034740 0.484202
v -0.741077 -0.033879 0.487057
v -0.740212 -0.035230 0.484223
v -0.741474 -0.033756 0.486931
v -0.740709 -0.035164 0.483967
v -0.741792 -0.033382 0.486866
v -0.741040 -0.034448 0.483811
v -0.741730 -0.032668 0.486752
v -0.741099 -0.033415 0.483690
v -0.741268 -0.032265 0.486743
v -0.740617 -0.032968 0.483715
v -0.742221 -0.031183 0.495927
v -0.742037 -0.031690 0.495872
v -0.741934 -0.031896 0.495468
v -0.742124 -0.031625 0.495399
v -0.741996 -0.035673 0.504658
v -0.742714 -0.032387 0.496104
v -0.743101 -0.032111 0.496169
v -0.742947 -0.032500 0.495676
v -0.742477 -0.032717 0.495551
v -0.743265 -0.031603 0.496159
v -0.743120 -0.031992 0.495659
v -0.743100 -0.031160 0.496091
v -0.742967 -0.031559 0.495582
v -0.742605 -0.030939 0.495992
v -0.742478 -0.031367 0.495481
v -0.743637 -0.029737 0.499947
v -0.743699 -0.029422 0.499727
v -0.743852 -0.030031 0.500008
v -0.744120 -0.030181 0.499943
v -0.744338 -0.030071 0.499749
v -0.744381 -0.029794 0.499553
v -0.744207 -0.029475 0.499459
v -0.743899 -0.029277 0.499525
v -0.740381 -0.038584 0.475177
v -0.742633 -0.030268 0.476113
v -0.743107 -0.030634 0.476251
v -0.743568 -0.030935 0.475904
v -0.743633 -0.030896 0.475295
v -0.743267 -0.030723 0.474842
v -0.742739 -0.030195 0.474666
v -0.742294 -0.029799 0.475045
v -0.742314 -0.029863 0.475695
v -0.744392 -0.026768 0.474847
v -0.744792 -0.027271 0.474896
v -0.745144 -0.027563 0.474501
v -0.745175 -0.027548 0.473957
v -0.744888 -0.027265 0.473576
v -0.744474 -0.026720 0.473509
v -0.744126 -0.026361 0.473883
v -0.744028 -0.026437 0.474493
v -0.741137 -0.032429 0.491015
v -0.740965 -0.032723 0.491017
v -0.741223 -0.033396 0.491165
v -0.742166 -0.032496 0.495451
v -0.741558 -0.033687 0.491206
v -0.741897 -0.033607 0.491006
v -0.742090 -0.033050 0.491139
v -0.741917 -0.032545 0.491080
v -0.741454 -0.032222 0.491032
v -0.742165 -0.031219 0.496430
v -0.742349 -0.030858 0.496387
v -0.742545 -0.031467 0.496843
v -0.742854 -0.031966 0.496632
v -0.743258 -0.031720 0.496671
v -0.743419 -0.031209 0.496669
v -0.743246 -0.030761 0.496614
v -0.742745 -0.030534 0.496529
v -0.785545 -0.003335 0.486867
v -0.785671 -0.003720 0.486858
v -0.784044 -0.004168 0.490302
v -0.784014 -0.003861 0.490350
v -0.784911 -0.003453 0.486285
v -0.784734 -0.002962 0.486315
v -0.783474 -0.003719 0.489999
v -0.783529 -0.004092 0.489926
v -0.785268 -0.003830 0.486478
v -0.783731 -0.004340 0.490021
v -0.785219 -0.002945 0.486695
v -0.783836 -0.003597 0.490272
v -0.785583 -0.003952 0.486728
v -0.783942 -0.004382 0.490183
v -0.784886 -0.002771 0.486473
v -0.783620 -0.003517 0.490134
v -0.787040 -0.009763 0.456843
v -0.786494 -0.009556 0.456948
v -0.787362 -0.008314 0.459184
v -0.785561 -0.011363 0.450003
v -0.786007 -0.012365 0.451030
v -0.785944 -0.008256 0.456454
v -0.784906 -0.009647 0.453328
v -0.785004 -0.010559 0.453843
v -0.785472 -0.011375 0.453771
v -0.784839 -0.012107 0.452579
v -0.784333 -0.011051 0.452733
v -0.785948 -0.011719 0.453278
v -0.785507 -0.012937 0.451689
v -0.786016 -0.008967 0.456802
v -0.799904 -0.002864 0.483999
v -0.799884 -0.002935 0.484042
v -0.799842 -0.002928 0.484107
v -0.799846 -0.002831 0.484088
v -0.788055 -0.000797 0.472821
v -0.788095 -0.001749 0.473275
v -0.788598 -0.002451 0.473677
v -0.799892 -0.002776 0.484014
v -0.799857 -0.002732 0.484072
v -0.789186 -0.002647 0.473833
v -0.789515 -0.002221 0.473575
v -0.788574 -0.000648 0.472647
v -0.813927 -0.015038 0.448165
v -0.813950 -0.014834 0.448375
v -0.811432 -0.014408 0.448212
v -0.811519 -0.014728 0.447905
v -0.813934 -0.015270 0.448212
v -0.811583 -0.015087 0.447976
v -0.813957 -0.015409 0.448410
v -0.811598 -0.015298 0.448273
v -0.813987 -0.015316 0.448691
v -0.811534 -0.015150 0.448691
v -0.814008 -0.015150 0.448884
v -0.811461 -0.014890 0.448975
v -0.814002 -0.014937 0.448838
v -0.811403 -0.014560 0.448902
v -0.811382 -0.014327 0.448622
v -0.807311 -0.015011 0.447552
v -0.807272 -0.014694 0.447170
v -0.807453 -0.014775 0.446739
v -0.807712 -0.015173 0.446463
v -0.807877 -0.015645 0.446624
v -0.807905 -0.015925 0.447028
v -0.807705 -0.015753 0.447480
v -0.807474 -0.015435 0.447733
v -0.803299 -0.015564 0.444168
v -0.803371 -0.015958 0.444710
v -0.802764 -0.015988 0.444536
v -0.802687 -0.015580 0.443970
v -0.803425 -0.015679 0.443561
v -0.802810 -0.015699 0.443332
v -0.803674 -0.016179 0.443213
v -0.803059 -0.016221 0.442962
v -0.814024 -0.021026 0.437771
v -0.814026 -0.021010 0.437730
v -0.814030 -0.021016 0.437682
v -0.814028 -0.021047 0.437716
v -0.814028 -0.021070 0.437782
v -0.814034 -0.021103 0.437752
v -0.803755 -0.016935 0.444527
v -0.803915 -0.017152 0.443930
v -0.803310 -0.017252 0.443659
v -0.803156 -0.017012 0.444316
v -0.803558 -0.016515 0.444890
v -0.802958 -0.016570 0.444707
v -0.795801 -0.016814 0.443948
v -0.795751 -0.016175 0.443841
v -0.798711 -0.016376 0.443415
v -0.798860 -0.017115 0.443614
v -0.795747 -0.017489 0.443574
v -0.798967 -0.017816 0.443173
v -0.795610 -0.017827 0.442706
v -0.798968 -0.017995 0.442291
v -0.795536 -0.017479 0.441971
v -0.798896 -0.017569 0.441636
v -0.795575 -0.016808 0.441799
v -0.798775 -0.016881 0.441461
v -0.795691 -0.016162 0.442248
v -0.798692 -0.016252 0.441917
v -0.795780 -0.015821 0.443072
v -0.798678 -0.015992 0.442647
v -0.791413 -0.014370 0.446232
v -0.791267 -0.013844 0.445479
v -0.791218 -0.014558 0.444404
v -0.791098 -0.015603 0.443878
v -0.791156 -0.016515 0.444155
v -0.791477 -0.016851 0.445157
v -0.791566 -0.016181 0.446202
v -0.791630 -0.015295 0.446615
v -0.787172 -0.012559 0.449010
v -0.786930 -0.012402 0.448402
v -0.786337 -0.012249 0.447492
v -0.785677 -0.012776 0.446970
v -0.785555 -0.013384 0.447325
v -0.786035 -0.014013 0.448265
v -0.786695 -0.014060 0.449018
v -0.787236 -0.013423 0.449385
v -0.784638 -0.011021 0.448594
v -0.783825 -0.011830 0.448138
v -0.783912 -0.012971 0.448528
v -0.783643 -0.012984 0.449403
v -0.784648 -0.013123 0.450805
v -0.782626 -0.010082 0.448998
v -0.783127 -0.010636 0.448305
v -0.783989 -0.009971 0.449048
v -0.783580 -0.009736 0.449944
v -0.784177 -0.009865 0.451937
v -0.782556 -0.010424 0.449872
v -0.783419 -0.010132 0.450858
v -0.784799 -0.009677 0.450171
v -0.782804 -0.011433 0.450661
v -0.783590 -0.011306 0.451686
v -0.784360 -0.009432 0.451060
v -0.816813 -0.014978 0.449049
v -0.816828 -0.015088 0.449070
v -0.816795 -0.014993 0.449199
v -0.816793 -0.014877 0.449143
v -0.783199 -0.012403 0.450426
v -0.784091 -0.012330 0.451574
v -0.816840 -0.015152 0.449177
v -0.816819 -0.015105 0.449297
v -0.787234 -0.002008 0.483134
v -0.786830 -0.001825 0.482914
v -0.787948 -0.001283 0.479593
v -0.788314 -0.001271 0.479740
v -0.787623 -0.001398 0.479564
v -0.786592 -0.002101 0.482832
v -0.787582 -0.002462 0.483362
v -0.788654 -0.001751 0.479998
v -0.787713 -0.002064 0.479727
v -0.786723 -0.002723 0.482898
v -0.787669 -0.002964 0.483438
v -0.788705 -0.002283 0.480159
v -0.788097 -0.002525 0.479989
v -0.787117 -0.003170 0.483138
v -0.787509 -0.003281 0.483376
v -0.788506 -0.002625 0.480185
v -0.788136 -0.001810 0.474009
v -0.788573 -0.002421 0.474355
v -0.788095 -0.001002 0.473643
v -0.788514 -0.000799 0.473495
v -0.788992 -0.000879 0.473638
v -0.789100 -0.000656 0.472766
v -0.799801 -0.002800 0.484173
v -0.799821 -0.002738 0.484141
v -0.799807 -0.002886 0.484168
v -0.789080 -0.002588 0.474505
v -0.789368 -0.002197 0.474321
v -0.780525 -0.082909 0.367848
v -0.780328 -0.082772 0.367816
v -0.780693 -0.082631 0.367936
v -0.780488 -0.082480 0.367900
v -0.785047 -0.081156 0.373589
v -0.785038 -0.081143 0.373585
v -0.816789 -0.014922 0.449361
v -0.816789 -0.014853 0.449283
v -0.816803 -0.015023 0.449386
v -0.785013 -0.081143 0.373594
v -0.785027 -0.081134 0.373589
v -0.774999 -0.016555 0.440576
v -0.774741 -0.016014 0.439266
v -0.774671 -0.014977 0.438939
v -0.781578 -0.083959 0.368313
v -0.781704 -0.083781 0.368230
v -0.781866 -0.083605 0.368310
v -0.780215 -0.082380 0.367830
v -0.774208 -0.013956 0.439093
v -0.773864 -0.013474 0.439833
v -0.782437 -0.084705 0.368527
v -0.783426 -0.085283 0.368862
v -0.782550 -0.084578 0.368467
v -0.783524 -0.085188 0.368822
v -0.769611 -0.019548 0.436702
v -0.769237 -0.019102 0.437416
v -0.766391 -0.021724 0.433993
v -0.766525 -0.022366 0.435320
v -0.769476 -0.018819 0.435662
v -0.765903 -0.020623 0.433295
v -0.769103 -0.017682 0.434941
v -0.765156 -0.019541 0.433266
v -0.768533 -0.016424 0.434982
v -0.785009 -0.081159 0.373605
v -0.740219 -0.048939 0.418112
v -0.740703 -0.049968 0.419594
v -0.743890 -0.054616 0.419557
v -0.743201 -0.053584 0.418196
v -0.742080 -0.051164 0.417740
v -0.742027 -0.051983 0.420412
v -0.740852 -0.049769 0.417220
v -0.743319 -0.053616 0.420348
v -0.782682 -0.084442 0.368530
v -0.783621 -0.085072 0.368868
v -0.778820 -0.081776 0.367419
v -0.778676 -0.082129 0.367318
v -0.780059 -0.082685 0.367743
v -0.778588 -0.082361 0.368192
v -0.778716 -0.082023 0.368286
v -0.779979 -0.082901 0.368555
v -0.778531 -0.082514 0.367835
v -0.779908 -0.083026 0.368222
v -0.778868 -0.081638 0.367814
v -0.768138 -0.015869 0.435741
v -0.768243 -0.016382 0.436946
v -0.768689 -0.017889 0.437613
v -0.764754 -0.019176 0.434115
v -0.764939 -0.019763 0.435256
v -0.765547 -0.021133 0.436097
v -0.766137 -0.022047 0.435929
v -0.783082 -0.004811 0.494692
v -0.783127 -0.004934 0.494719
v -0.783060 -0.004906 0.494698
v -0.783002 -0.004826 0.494685
v -0.783166 -0.004800 0.494741
v -0.783167 -0.004876 0.494748
v -0.782998 -0.004726 0.494698
v -0.783050 -0.004684 0.494714
v -0.749288 -0.047736 0.424350
v -0.749609 -0.048081 0.423649
v -0.775372 -0.077839 0.368568
v -0.775205 -0.078174 0.368458
v -0.773167 -0.077836 0.367825
v -0.773285 -0.077409 0.367922
v -0.749029 -0.047421 0.422357
v -0.748195 -0.046329 0.421141
v -0.746824 -0.044874 0.420515
v -0.783117 -0.004717 0.494731
v -0.813981 -0.014785 0.448652
v -0.776209 -0.078906 0.368412
v -0.776391 -0.078605 0.368528
v -0.777679 -0.081022 0.368221
v -0.777517 -0.081310 0.368120
v -0.775339 -0.077568 0.367415
v -0.775436 -0.077442 0.367877
v -0.773421 -0.076930 0.367281
v -0.773365 -0.077102 0.366758
v -0.776528 -0.078237 0.368005
v -0.776410 -0.078346 0.367551
v -0.777737 -0.080764 0.367366
v -0.777827 -0.080663 0.367767
v -0.775510 -0.077520 0.368403
v -0.773412 -0.077016 0.367748
v -0.776541 -0.078313 0.368397
v -0.777817 -0.080740 0.368102
v -0.778554 -0.082447 0.367449
v -0.779927 -0.082959 0.367865
v -0.778843 -0.081709 0.368154
v -0.777417 -0.081428 0.367753
v -0.777420 -0.081353 0.367368
v -0.777553 -0.081066 0.367248
v -0.771594 -0.076928 0.367626
v -0.771318 -0.077356 0.367462
v -0.771368 -0.076997 0.366185
v -0.771669 -0.076547 0.366355
v -0.771826 -0.076400 0.366948
v -0.771145 -0.077531 0.366918
v -0.771823 -0.076515 0.367453
v -0.771141 -0.077419 0.366353
v -0.761297 -0.066862 0.367667
v -0.760854 -0.066864 0.366942
v -0.766441 -0.072740 0.365669
v -0.766726 -0.072702 0.366327
v -0.760468 -0.067396 0.366732
v -0.761095 -0.076696 0.363797
v -0.760317 -0.067988 0.366894
v -0.716777 -0.048308 0.417588
v -0.715800 -0.046444 0.417256
v -0.718345 -0.049871 0.418444
v -0.760586 -0.068317 0.367569
v -0.766334 -0.073745 0.367291
v -0.761023 -0.068261 0.368233
v -0.766660 -0.073358 0.367356
v -0.761368 -0.067755 0.368445
v -0.766835 -0.072907 0.366971
v -0.719729 -0.050054 0.419444
v -0.720065 -0.049037 0.419871
v -0.761521 -0.067166 0.368266
v -0.719065 -0.047044 0.419556
v -0.717399 -0.045362 0.418691
v -0.776197 -0.078699 0.367407
v -0.775206 -0.077956 0.367390
v -0.773243 -0.077552 0.366676
v -0.776070 -0.079071 0.367979
v -0.775077 -0.078357 0.368007
v -0.773112 -0.078033 0.367372
v -0.716089 -0.045302 0.417763
v -0.776063 -0.078995 0.367560
v -0.773133 -0.077949 0.366870
v -0.775077 -0.078280 0.367561
v -0.746132 -0.044288 0.421325
v -0.746529 -0.045145 0.422796
v -0.751800 -0.042902 0.424606
v -0.750790 -0.041685 0.423493
v -0.749766 -0.040353 0.423074
v -0.752332 -0.043667 0.426052
v -0.749225 -0.040070 0.423979
v -0.749513 -0.040856 0.425307
v -0.750649 -0.042322 0.426715
v -0.748054 -0.046749 0.424230
v -0.751961 -0.043516 0.426917
v -0.752872 -0.041972 0.427387
v -0.753558 -0.040725 0.427807
v -0.753892 -0.041056 0.426948
v -0.753126 -0.042260 0.426552
v -0.759110 -0.032840 0.430643
v -0.758673 -0.032404 0.431710
v -0.763180 -0.025340 0.434291
v -0.763607 -0.025566 0.433635
v -0.757424 -0.030890 0.431193
v -0.762245 -0.024397 0.434189
v -0.752277 -0.039354 0.427615
v -0.751579 -0.040607 0.427231
v -0.765858 -0.042879 0.403420
v -0.765884 -0.042734 0.403427
v -0.765884 -0.042626 0.403314
v -0.765837 -0.042797 0.403269
v -0.757472 -0.031018 0.428284
v -0.758686 -0.032169 0.429331
v -0.763537 -0.025273 0.432332
v -0.762576 -0.024000 0.431094
v -0.753487 -0.040595 0.425568
v -0.752949 -0.041919 0.425224
v -0.750439 -0.038959 0.423346
v -0.751199 -0.038063 0.423840
v -0.750826 -0.037614 0.424857
v -0.750105 -0.038856 0.424403
v -0.756046 -0.029039 0.428830
v -0.756549 -0.029521 0.428188
v -0.761522 -0.023067 0.431046
v -0.760999 -0.022774 0.431802
v -0.765780 -0.042585 0.403166
v -0.765732 -0.042667 0.403096
v -0.750493 -0.039406 0.425742
v -0.751197 -0.038170 0.426176
v -0.756483 -0.029737 0.430191
v -0.761344 -0.023328 0.433088
v -0.788842 -0.000893 0.476452
v -0.788428 -0.000745 0.476298
v -0.788118 -0.001017 0.476382
v -0.789171 -0.001394 0.476730
v -0.789262 -0.001513 0.474173
v -0.788180 -0.001697 0.476624
v -0.790074 -0.002009 0.473898
v -0.790078 -0.001981 0.473323
v -0.789907 -0.001485 0.472810
v -0.789700 -0.000940 0.472759
v -0.789603 -0.000722 0.473168
v -0.789627 -0.000834 0.473767
v -0.789781 -0.001274 0.474190
v -0.789987 -0.001804 0.474330
v -0.791544 -0.002066 0.475059
v -0.791708 -0.002011 0.474634
v -0.791690 -0.001579 0.474263
v -0.791509 -0.001127 0.474228
v -0.791302 -0.000970 0.474538
v -0.791156 -0.001091 0.474982
v -0.791182 -0.001474 0.475296
v -0.791337 -0.001917 0.475389
v -0.793169 -0.002128 0.477089
v -0.793417 -0.002106 0.476751
v -0.793472 -0.001688 0.476434
v -0.793299 -0.001223 0.476382
v -0.793032 -0.001031 0.476620
v -0.792798 -0.001118 0.476979
v -0.792763 -0.001489 0.477249
v -0.792898 -0.001945 0.477346
v -0.794320 -0.002185 0.479215
v -0.794618 -0.002223 0.478954
v -0.794760 -0.001851 0.478717
v -0.794642 -0.001371 0.478681
v -0.794363 -0.001126 0.478872
v -0.794070 -0.001151 0.479151
v -0.793958 -0.001482 0.479349
v -0.794032 -0.001948 0.479419
v -0.795579 -0.002375 0.481028
v -0.795785 -0.002375 0.480735
v -0.795888 -0.002041 0.480538
v -0.795815 -0.001642 0.480582
v -0.795626 -0.001463 0.480830
v -0.795424 -0.001516 0.481131
v -0.795344 -0.001810 0.481294
v -0.795387 -0.002203 0.481291
v -0.796895 -0.002585 0.482374
v -0.797029 -0.002577 0.482135
v -0.797101 -0.002324 0.481990
v -0.797057 -0.002027 0.482044
v -0.796937 -0.001901 0.482254
v -0.796804 -0.001949 0.482496
v -0.796748 -0.002172 0.482615
v -0.796772 -0.002464 0.482595
v -0.798285 -0.002696 0.483338
v -0.798373 -0.002696 0.483185
v -0.798421 -0.002534 0.483092
v -0.798394 -0.002340 0.483126
v -0.798316 -0.002254 0.483260
v -0.798230 -0.002280 0.483415
v -0.798192 -0.002423 0.483492
v -0.798206 -0.002613 0.483479
v -0.802015 -0.015830 0.444480
v -0.801934 -0.015397 0.443883
v -0.802034 -0.015543 0.443163
v -0.802206 -0.016464 0.444635
v -0.802255 -0.016137 0.442691
v -0.802382 -0.016954 0.444182
v -0.803851 -0.016797 0.443378
v -0.814036 -0.021050 0.437649
v -0.814039 -0.021089 0.437663
v -0.802516 -0.017230 0.443449
v -0.814041 -0.021123 0.437707
v -0.803554 -0.016564 0.442683
v -0.803850 -0.016568 0.443037
v -0.804013 -0.016882 0.443385
v -0.803973 -0.017315 0.443555
v -0.803727 -0.017540 0.443388
v -0.803443 -0.017541 0.443057
v -0.803280 -0.017175 0.442660
v -0.802441 -0.016791 0.442898
v -0.803296 -0.016774 0.442488
v -0.806738 -0.017803 0.441638
v -0.806873 -0.017748 0.442000
v -0.806953 -0.017955 0.442309
v -0.806940 -0.018291 0.442413
v -0.806831 -0.018511 0.442201
v -0.806702 -0.018571 0.441862
v -0.806621 -0.018326 0.441533
v -0.806623 -0.018017 0.441406
v -0.808777 -0.018742 0.440251
v -0.808982 -0.018720 0.440561
v -0.809092 -0.018936 0.440838
v -0.809058 -0.019255 0.440943
v -0.808884 -0.019445 0.440769
v -0.808689 -0.019475 0.440479
v -0.808579 -0.019221 0.440183
v -0.808595 -0.018923 0.440060
v -0.810628 -0.019922 0.438434
v -0.810742 -0.019881 0.438712
v -0.810806 -0.020038 0.438940
v -0.810793 -0.020293 0.439004
v -0.810701 -0.020463 0.438831
v -0.810593 -0.020510 0.438570
v -0.810528 -0.020324 0.438328
v -0.810531 -0.020086 0.438247
v -0.812407 -0.020657 0.437544
v -0.812463 -0.020622 0.437745
v -0.812496 -0.020726 0.437906
v -0.812492 -0.020903 0.437947
v -0.812447 -0.021028 0.437819
v -0.812395 -0.021069 0.437630
v -0.812361 -0.020944 0.437459
v -0.812360 -0.020778 0.437405
v -0.783357 -0.004121 0.492481
v -0.783202 -0.004062 0.492452
v -0.783090 -0.004184 0.492436
v -0.783111 -0.004420 0.492420
v -0.783248 -0.004585 0.492446
v -0.783403 -0.004620 0.492486
v -0.783486 -0.004489 0.492505
v -0.783477 -0.004294 0.492507
v -0.788556 -0.002176 0.476900
v -0.788975 -0.002281 0.477057
v -0.789196 -0.001939 0.476956
v -0.784121 -0.085808 0.368962
v -0.784082 -0.085799 0.368838
v -0.784000 -0.085865 0.368803
v -0.783921 -0.085916 0.368829
v -0.783932 -0.085959 0.368952
v -0.783973 -0.085940 0.369069
v -0.784056 -0.085893 0.369091
v -0.784119 -0.085826 0.369063
v -0.758178 -0.064287 0.368410
v -0.699515 -0.036252 0.377646
v -0.699686 -0.035677 0.377976
v -0.701796 -0.036918 0.380047
v -0.701723 -0.037628 0.379800
v -0.700886 -0.037626 0.378857
v -0.700611 -0.035558 0.379032
v -0.699951 -0.037128 0.377923
v -0.701443 -0.035996 0.379842
v -0.724217 -0.047774 0.379165
v -0.743851 -0.055012 0.371192
v -0.724775 -0.046990 0.378152
v -0.724900 -0.047313 0.378919
v -0.745008 -0.057431 0.372864
v -0.743045 -0.058771 0.365475
v -0.742635 -0.058150 0.365011
v -0.741608 -0.059740 0.363121
v -0.741999 -0.060220 0.363607
v -0.741964 -0.057926 0.365040
v -0.740973 -0.059648 0.362945
v -0.741424 -0.058059 0.365338
v -0.740471 -0.059845 0.363032
v -0.741415 -0.058597 0.365862
v -0.740464 -0.060317 0.363446
v -0.741820 -0.059213 0.366355
v -0.740836 -0.060796 0.363942
v -0.742389 -0.059442 0.366399
v -0.741378 -0.060907 0.364134
v -0.742935 -0.059307 0.366075
v -0.741897 -0.060704 0.364040
v -0.691309 -0.057228 0.352692
v -0.691735 -0.057326 0.352686
v -0.692145 -0.057563 0.352801
v -0.742884 -0.070353 0.356693
v -0.742891 -0.070240 0.356520
v -0.742263 -0.068994 0.356993
v -0.742255 -0.069141 0.357215
v -0.743070 -0.070147 0.356525
v -0.742487 -0.068857 0.357006
v -0.743007 -0.070432 0.356931
v -0.742410 -0.069232 0.357526
v -0.743298 -0.070111 0.356655
v -0.742774 -0.068787 0.357181
v -0.743199 -0.070408 0.357057
v -0.742652 -0.069183 0.357696
v -0.743433 -0.070190 0.356893
v -0.742944 -0.068876 0.357492
v -0.743388 -0.070312 0.357062
v -0.742888 -0.069040 0.357708
v -0.743654 -0.071170 0.356313
v -0.743787 -0.071075 0.356418
v -0.743703 -0.071269 0.356712
v -0.743593 -0.071346 0.356612
v -0.743856 -0.071072 0.356601
v -0.743532 -0.071343 0.356432
v -0.743546 -0.071279 0.356304
v -0.743818 -0.071153 0.356723
v -0.744661 -0.055040 0.372279
v -0.745160 -0.055563 0.373107
v -0.745241 -0.056467 0.373454
v -0.744463 -0.072252 0.356422
v -0.744451 -0.072270 0.356453
v -0.744418 -0.072292 0.356450
v -0.744443 -0.072253 0.356373
v -0.744385 -0.072309 0.356421
v -0.744404 -0.072266 0.356348
v -0.744368 -0.072302 0.356377
v -0.744373 -0.072288 0.356344
v -0.790112 -0.027905 0.422868
v -0.761231 -0.036071 0.411486
v -0.760911 -0.036691 0.411420
v -0.761145 -0.037270 0.411815
v -0.761801 -0.037599 0.412517
v -0.762305 -0.037370 0.412906
v -0.764681 -0.040900 0.405087
v -0.764395 -0.040747 0.404744
v -0.764122 -0.040942 0.404542
v -0.765678 -0.042808 0.403097
v -0.763969 -0.041397 0.404559
v -0.765700 -0.042913 0.403195
v -0.764084 -0.041775 0.404815
v -0.765752 -0.042934 0.403334
v -0.764413 -0.041945 0.405201
v -0.764674 -0.041752 0.405392
v -0.764860 -0.041341 0.405427
v -0.757290 -0.038005 0.420049
v -0.756834 -0.037480 0.419442
v -0.756487 -0.037726 0.418888
v -0.756349 -0.038495 0.418504
v -0.756573 -0.039256 0.418737
v -0.757074 -0.039810 0.419422
v -0.757408 -0.039579 0.419973
v -0.757606 -0.038901 0.420404
v -0.755073 -0.039071 0.422262
v -0.754254 -0.038369 0.421531
v -0.753779 -0.038689 0.421042
v -0.753669 -0.039626 0.420772
v -0.754190 -0.040623 0.421256
v -0.754727 -0.041055 0.421798
v -0.755101 -0.040671 0.422204
v -0.755330 -0.039853 0.422525
v -0.753171 -0.039224 0.423904
v -0.752162 -0.038359 0.423083
v -0.751554 -0.038737 0.422502
v -0.751394 -0.039905 0.422216
v -0.751931 -0.041083 0.422779
v -0.752756 -0.041687 0.423500
v -0.753311 -0.041247 0.424007
v -0.753608 -0.040241 0.424373
v -0.753018 -0.038763 0.424774
v -0.690217 -0.059133 0.352140
v -0.689768 -0.058824 0.351966
v -0.690633 -0.058641 0.351472
v -0.690893 -0.058976 0.351775
v -0.690695 -0.059207 0.352077
v -0.690245 -0.058516 0.351412
v -0.689613 -0.058575 0.351677
v -0.689800 -0.058407 0.351315
v -0.688559 -0.061899 0.349345
v -0.688452 -0.061749 0.349134
v -0.688224 -0.061683 0.348965
v -0.688044 -0.061692 0.348939
v -0.687918 -0.061746 0.349051
v -0.687980 -0.061869 0.349222
v -0.688143 -0.062005 0.349358
v -0.688603 -0.062075 0.349531
v -0.689365 -0.060012 0.350512
v -0.689192 -0.059863 0.350314
v -0.688753 -0.059664 0.350190
v -0.688350 -0.059567 0.350120
v -0.688212 -0.059690 0.350360
v -0.688455 -0.059880 0.350702
v -0.688884 -0.060035 0.350868
v -0.689331 -0.060085 0.350836
v -0.697853 -0.059966 0.353310
v -0.698184 -0.059748 0.353474
v -0.698351 -0.059488 0.353262
v -0.700621 -0.060911 0.353575
v -0.700891 -0.060772 0.353702
v -0.701010 -0.060588 0.353575
v -0.744448 -0.057516 0.367286
v -0.743950 -0.056870 0.366985
v -0.743164 -0.056605 0.367287
v -0.742571 -0.056700 0.367775
v -0.742566 -0.057248 0.368340
v -0.742995 -0.057909 0.368760
v -0.743631 -0.058181 0.368603
v -0.744296 -0.058063 0.368003
v -0.744035 -0.055881 0.369473
v -0.745084 -0.057735 0.370682
v -0.744788 -0.055462 0.370402
v -0.745634 -0.055526 0.371463
v -0.744414 -0.072272 0.356403
v -0.745799 -0.057636 0.371994
v -0.746249 -0.056928 0.372493
v -0.746145 -0.056054 0.372216
f 1 2 3
f 1 3 4
f 5 2 6
f 5 6 7
f 2 1 8
f 2 8 6
f 7 6 9
f 7 9 10
f 6 8 11
f 6 11 9
f 12 13 14
f 12 14 10
f 15 16 9
f 15 9 11
f 12 10 9
f 12 9 16
f 2 5 17
f 2 17 3
f 18 19 20
f 18 20 4
f 21 18 4
f 21 4 3
f 22 21 3
f 22 3 17
f 23 22 17
f 23 17 24
f 25 26 27
f 25 27 28
f 29 30 27
f 29 27 31
f 18 21 32
f 18 32 33
f 21 22 34
f 21 34 32
f 30 35 28
f 30 28 27
f 19 18 33
f 19 33 36
f 23 29 31
f 23 31 37
f 22 23 37
f 22 37 34
f 35 19 36
f 35 36 28
f 34 37 38
f 34 38 39
f 37 31 40
f 37 40 38
f 33 32 41
f 33 41 42
f 39 41 32
f 39 32 34
f 31 27 26
f 31 26 40
f 43 44 45
f 43 45 46
f 42 47 36
f 42 36 33
f 48 44 43
f 48 43 49
f 28 36 47
f 28 47 25
f 50 51 52
f 50 52 53
f 54 53 52
f 54 52 55
f 54 55 56
f 54 56 57
f 58 57 56
f 58 56 59
f 58 59 60
f 58 60 61
f 62 61 60
f 62 60 63
f 62 63 64
f 62 64 65
f 50 65 64
f 50 64 51
f 66 67 20
f 66 20 68
f 67 1 4
f 67 4 20
f 69 66 68
f 69 68 70
f 1 67 71
f 1 71 8
f 67 66 72
f 67 72 71
f 66 69 73
f 66 73 72
f 69 74 75
f 69 75 73
f 74 76 77
f 74 77 75
f 76 5 7
f 76 7 77
f 8 71 78
f 8 78 11
f 71 72 79
f 71 79 78
f 75 77 14
f 75 14 80
f 77 7 10
f 77 10 14
f 81 79 82
f 81 82 83
f 79 72 84
f 79 84 82
f 72 73 85
f 72 85 84
f 73 75 86
f 73 86 85
f 75 80 87
f 75 87 86
f 80 88 89
f 80 89 87
f 88 90 91
f 88 91 89
f 90 81 83
f 90 83 91
f 83 82 92
f 83 92 93
f 82 84 94
f 82 94 92
f 84 85 95
f 84 95 94
f 85 86 96
f 85 96 95
f 86 87 97
f 86 97 96
f 87 89 98
f 87 98 97
f 89 91 99
f 89 99 98
f 91 83 93
f 91 93 99
f 93 92 100
f 93 100 101
f 92 94 102
f 92 102 100
f 94 95 103
f 94 103 102
f 95 96 104
f 95 104 103
f 96 97 105
f 96 105 104
f 97 98 106
f 97 106 105
f 98 99 107
f 98 107 106
f 99 93 101
f 99 101 107
f 101 100 108
f 101 108 109
f 100 102 110
f 100 110 108
f 102 103 111
f 102 111 110
f 103 104 112
f 103 112 111
f 104 105 113
f 104 113 112
f 105 106 114
f 105 114 113
f 106 107 115
f 106 115 114
f 107 101 109
f 107 109 115
f 116 117 118
f 116 118 119
f 117 120 121
f 117 121 118
f 122 123 124
f 122 124 125
f 123 126 127
f 123 127 124
f 126 128 129
f 126 129 127
f 128 116 119
f 128 119 129
f 5 76 24
f 5 24 17
f 88 80 14
f 88 14 13
f 130 131 132
f 130 132 133
f 15 134 132
f 15 132 131
f 81 135 132
f 81 132 134
f 136 133 132
f 136 132 135
f 137 138 139
f 137 139 140
f 12 16 139
f 12 139 138
f 15 131 139
f 15 139 16
f 130 140 139
f 130 139 131
f 136 141 142
f 136 142 143
f 144 145 142
f 144 142 141
f 50 53 142
f 50 142 145
f 54 143 142
f 54 142 53
f 130 133 146
f 130 146 147
f 136 143 146
f 136 146 133
f 54 57 146
f 54 146 143
f 58 147 146
f 58 146 57
f 137 140 148
f 137 148 149
f 130 147 148
f 130 148 140
f 58 61 148
f 58 148 147
f 62 149 148
f 62 148 61
f 144 150 151
f 144 151 145
f 137 149 151
f 137 151 150
f 62 65 151
f 62 151 149
f 50 145 151
f 50 151 65
f 81 134 78
f 81 78 79
f 15 11 78
f 15 78 134
f 144 141 152
f 144 152 153
f 136 135 152
f 136 152 141
f 81 90 152
f 81 152 135
f 88 153 152
f 88 152 90
f 137 150 154
f 137 154 138
f 144 153 154
f 144 154 150
f 88 13 154
f 88 154 153
f 12 138 154
f 12 154 13
f 76 74 155
f 76 155 24
f 74 69 70
f 74 70 155
f 156 157 129
f 156 129 119
f 116 128 115
f 116 115 109
f 157 158 127
f 157 127 129
f 128 126 114
f 128 114 115
f 117 116 109
f 117 109 108
f 126 123 113
f 126 113 114
f 120 117 108
f 120 108 110
f 123 122 112
f 123 112 113
f 68 20 19
f 68 19 35
f 70 68 35
f 70 35 30
f 155 70 30
f 155 30 29
f 24 155 29
f 24 29 23
f 159 160 161
f 159 161 162
f 163 164 165
f 163 165 166
f 160 167 168
f 160 168 161
f 169 163 166
f 169 166 170
f 171 159 162
f 171 162 172
f 164 173 174
f 164 174 165
f 167 175 176
f 167 176 168
f 177 169 170
f 177 170 178
f 179 55 52
f 179 52 180
f 181 180 52
f 181 52 51
f 182 59 56
f 182 56 183
f 179 183 56
f 179 56 55
f 184 63 60
f 184 60 185
f 182 185 60
f 182 60 59
f 181 51 64
f 181 64 186
f 184 186 64
f 184 64 63
f 187 188 189
f 187 189 190
f 191 173 192
f 191 192 193
f 181 194 195
f 181 195 180
f 179 180 195
f 179 195 196
f 196 195 197
f 196 197 198
f 177 199 200
f 177 200 201
f 179 196 202
f 179 202 183
f 182 183 202
f 182 202 188
f 188 202 203
f 188 203 189
f 204 191 193
f 204 193 205
f 182 188 187
f 182 187 185
f 184 185 187
f 184 187 206
f 202 196 198
f 202 198 203
f 199 204 205
f 199 205 200
f 184 206 207
f 184 207 186
f 181 186 207
f 181 207 194
f 208 209 210
f 208 210 211
f 212 211 210
f 212 210 213
f 214 171 172
f 214 172 215
f 173 191 216
f 173 216 174
f 212 213 217
f 212 217 218
f 219 218 217
f 219 217 220
f 175 221 222
f 175 222 176
f 199 177 178
f 199 178 223
f 224 225 226
f 224 226 227
f 208 227 226
f 208 226 209
f 228 214 215
f 228 215 229
f 191 204 230
f 191 230 216
f 219 220 231
f 219 231 232
f 224 232 231
f 224 231 225
f 221 228 229
f 221 229 222
f 204 199 223
f 204 223 230
f 233 234 235
f 233 235 236
f 237 236 235
f 237 235 238
f 219 238 235
f 219 235 218
f 212 218 235
f 212 235 234
f 237 238 239
f 237 239 240
f 241 240 239
f 241 239 242
f 224 242 239
f 224 239 232
f 219 232 239
f 219 239 238
f 243 244 245
f 243 245 246
f 247 246 245
f 247 245 248
f 208 248 245
f 208 245 249
f 250 249 245
f 250 245 244
f 251 252 253
f 251 253 254
f 243 254 253
f 243 253 244
f 250 244 253
f 250 253 255
f 233 255 253
f 233 253 252
f 256 257 258
f 256 258 259
f 251 259 258
f 251 258 252
f 233 252 258
f 233 258 234
f 212 234 258
f 212 258 257
f 247 248 260
f 247 260 261
f 256 261 260
f 256 260 257
f 212 257 260
f 212 260 211
f 208 211 260
f 208 260 248
f 241 242 262
f 241 262 263
f 250 263 262
f 250 262 249
f 208 249 262
f 208 262 227
f 224 227 262
f 224 262 242
f 213 210 175
f 213 175 167
f 221 175 210
f 221 210 209
f 220 217 160
f 220 160 159
f 167 160 217
f 167 217 213
f 209 226 228
f 209 228 221
f 214 228 226
f 214 226 225
f 225 231 171
f 225 171 214
f 159 171 231
f 159 231 220
f 264 265 266
f 264 266 267
f 265 268 269
f 265 269 266
f 270 271 272
f 270 272 273
f 271 274 275
f 271 275 272
f 156 276 277
f 156 277 278
f 276 279 280
f 276 280 277
f 279 281 282
f 279 282 280
f 281 283 284
f 281 284 282
f 283 285 286
f 283 286 284
f 285 158 287
f 285 287 286
f 158 157 288
f 158 288 287
f 157 156 278
f 157 278 288
f 289 290 291
f 289 291 292
f 290 293 294
f 290 294 291
f 293 295 296
f 293 296 294
f 295 297 298
f 295 298 296
f 297 299 300
f 297 300 298
f 299 301 302
f 299 302 300
f 301 303 304
f 301 304 302
f 303 289 292
f 303 292 304
f 292 291 305
f 292 305 306
f 291 294 307
f 291 307 305
f 294 296 308
f 294 308 307
f 296 298 309
f 296 309 308
f 298 300 310
f 298 310 309
f 300 302 311
f 300 311 310
f 302 304 312
f 302 312 311
f 304 292 306
f 304 306 312
f 306 305 313
f 306 313 314
f 305 307 315
f 305 315 313
f 307 308 316
f 307 316 315
f 308 309 317
f 308 317 316
f 309 310 318
f 309 318 317
f 310 311 319
f 310 319 318
f 311 312 320
f 311 320 319
f 312 306 314
f 312 314 320
f 314 313 321
f 314 321 322
f 313 315 323
f 313 323 321
f 315 316 324
f 315 324 323
f 316 317 325
f 316 325 324
f 317 318 326
f 317 326 325
f 318 319 327
f 318 327 326
f 319 320 328
f 319 328 327
f 320 314 322
f 320 322 328
f 322 321 329
f 322 329 330
f 321 323 331
f 321 331 329
f 323 324 332
f 323 332 331
f 324 325 333
f 324 333 332
f 325 326 334
f 325 334 333
f 326 327 335
f 326 335 334
f 327 328 336
f 327 336 335
f 328 322 330
f 328 330 336
f 330 329 337
f 330 337 338
f 329 331 339
f 329 339 337
f 331 332 340
f 331 340 339
f 332 333 341
f 332 341 340
f 333 334 342
f 333 342 341
f 334 335 343
f 334 343 342
f 335 336 344
f 335 344 343
f 336 330 338
f 336 338 344
f 290 289 278
f 290 278 277
f 293 290 277
f 293 277 280
f 295 293 280
f 295 280 282
f 297 295 282
f 297 282 284
f 299 297 284
f 299 284 286
f 301 299 286
f 301 286 287
f 303 301 287
f 303 287 288
f 289 303 288
f 289 288 278
f 345 346 347
f 345 347 348
f 346 349 350
f 346 350 347
f 349 351 352
f 349 352 350
f 351 353 354
f 351 354 352
f 353 355 356
f 353 356 354
f 355 357 358
f 355 358 356
f 357 359 360
f 357 360 358
f 359 345 348
f 359 348 360
f 267 361 348
f 267 348 347
f 264 267 347
f 264 347 350
f 265 264 350
f 265 350 352
f 268 265 352
f 268 352 354
f 269 268 354
f 269 354 356
f 362 269 356
f 362 356 358
f 363 362 358
f 363 358 360
f 361 363 360
f 361 360 348
f 346 345 338
f 346 338 337
f 349 346 337
f 349 337 339
f 351 349 339
f 351 339 340
f 353 351 340
f 353 340 341
f 355 353 341
f 355 341 342
f 357 355 342
f 357 342 343
f 359 357 343
f 359 343 344
f 345 359 344
f 345 344 338
f 362 363 266
f 362 266 269
f 361 267 266
f 361 266 363
f 364 365 366
f 364 366 367
f 365 368 369
f 365 369 366
f 193 192 190
f 193 190 189
f 367 190 192
f 367 192 364
f 200 205 203
f 200 203 198
f 189 203 205
f 189 205 193
f 368 201 197
f 368 197 369
f 198 197 201
f 198 201 200
f 207 206 367
f 207 367 366
f 164 163 365
f 164 365 364
f 194 207 366
f 194 366 369
f 163 169 368
f 163 368 365
f 206 187 190
f 206 190 367
f 173 164 364
f 173 364 192
f 195 194 369
f 195 369 197
f 169 177 201
f 169 201 368
f 166 165 162
f 166 162 161
f 161 168 170
f 161 170 166
f 174 216 215
f 174 215 172
f 172 162 165
f 172 165 174
f 230 223 222
f 230 222 229
f 229 215 216
f 229 216 230
f 168 176 178
f 168 178 170
f 176 222 223
f 176 223 178
f 276 156 119
f 276 119 118
f 158 285 124
f 158 124 127
f 279 276 118
f 279 118 121
f 285 283 125
f 285 125 124
f 271 270 370
f 271 370 371
f 281 279 121
f 281 121 372
f 274 271 371
f 274 371 373
f 283 281 372
f 283 372 125
f 122 125 374
f 122 374 375
f 125 372 376
f 125 376 374
f 372 121 377
f 372 377 376
f 121 120 378
f 121 378 377
f 120 110 379
f 120 379 378
f 110 111 380
f 110 380 379
f 111 112 381
f 111 381 380
f 112 122 375
f 112 375 381
f 375 374 382
f 375 382 383
f 374 376 384
f 374 384 382
f 376 377 385
f 376 385 384
f 377 378 386
f 377 386 385
f 378 379 387
f 378 387 386
f 379 380 388
f 379 388 387
f 380 381 389
f 380 389 388
f 381 375 383
f 381 383 389
f 383 382 390
f 383 390 391
f 382 384 392
f 382 392 390
f 384 385 393
f 384 393 392
f 385 386 394
f 385 394 393
f 386 387 395
f 386 395 394
f 387 388 396
f 387 396 395
f 388 389 397
f 388 397 396
f 389 383 391
f 389 391 397
f 391 390 398
f 391 398 399
f 390 392 400
f 390 400 398
f 392 393 401
f 392 401 400
f 393 394 402
f 393 402 401
f 394 395 403
f 394 403 402
f 395 396 404
f 395 404 403
f 396 397 405
f 396 405 404
f 397 391 399
f 397 399 405
f 399 398 406
f 399 406 407
f 398 400 408
f 398 408 406
f 400 401 409
f 400 409 408
f 401 402 410
f 401 410 409
f 402 403 411
f 402 411 410
f 403 404 412
f 403 412 411
f 404 405 413
f 404 413 412
f 405 399 407
f 405 407 413
f 407 406 414
f 407 414 415
f 406 408 416
f 406 416 414
f 408 409 417
f 408 417 416
f 409 410 418
f 409 418 417
f 410 411 419
f 410 419 418
f 411 412 420
f 411 420 419
f 412 413 421
f 412 421 420
f 413 407 415
f 413 415 421
f 415 414 422
f 415 422 423
f 414 416 424
f 414 424 422
f 416 417 425
f 416 425 424
f 417 418 426
f 417 426 425
f 418 419 427
f 418 427 426
f 419 420 428
f 419 428 427
f 420 421 429
f 420 429 428
f 421 415 423
f 421 423 429
f 423 422 430
f 423 430 431
f 422 424 432
f 422 432 430
f 424 425 433
f 424 433 432
f 425 426 434
f 425 434 433
f 426 427 435
f 426 435 434
f 427 428 436
f 427 436 435
f 428 429 437
f 428 437 436
f 429 423 431
f 429 431 437
f 431 430 438
f 431 438 439
f 430 432 440
f 430 440 438
f 432 433 441
f 432 441 440
f 433 434 442
f 433 442 441
f 434 435 443
f 434 443 442
f 435 436 444
f 435 444 443
f 436 437 445
f 436 445 444
f 437 431 439
f 437 439 445
f 439 438 275
f 439 275 274
f 438 440 272
f 438 272 275
f 440 441 273
f 440 273 272
f 441 442 270
f 441 270 273
f 442 443 370
f 442 370 270
f 443 444 371
f 443 371 370
f 444 445 373
f 444 373 371
f 445 439 274
f 445 274 373
f 446 447 448
f 446 448 449
f 450 449 448
f 450 448 451
f 452 451 448
f 452 448 453
f 454 453 448
f 454 448 447
f 455 456 457
f 455 457 458
f 459 458 457
f 459 457 460
f 461 460 457
f 461 457 462
f 463 462 457
f 463 457 456
f 459 460 464
f 459 464 465
f 466 465 464
f 466 464 467
f 468 467 464
f 468 464 469
f 461 469 464
f 461 464 460
f 470 471 472
f 470 472 473
f 455 473 472
f 455 472 456
f 463 456 472
f 463 472 474
f 475 474 472
f 475 472 471
f 466 467 476
f 466 476 477
f 470 477 476
f 470 476 471
f 475 471 476
f 475 476 478
f 468 478 476
f 468 476 467
f 479 480 481
f 479 481 482
f 483 482 481
f 483 481 484
f 459 484 481
f 459 481 458
f 455 458 481
f 455 481 480
f 483 484 485
f 483 485 486
f 487 486 485
f 487 485 488
f 466 488 485
f 466 485 465
f 459 465 485
f 459 485 484
f 489 490 491
f 489 491 492
f 479 492 491
f 479 491 480
f 455 480 491
f 455 491 473
f 470 473 491
f 470 491 490
f 487 488 493
f 487 493 494
f 489 494 493
f 489 493 490
f 470 490 493
f 470 493 477
f 466 477 493
f 466 493 488
f 495 496 497
f 495 497 498
f 499 498 497
f 499 497 500
f 501 500 497
f 501 497 502
f 503 502 497
f 503 497 496
f 499 500 504
f 499 504 505
f 506 505 504
f 506 504 507
f 508 507 504
f 508 504 509
f 501 509 504
f 501 504 500
f 510 511 512
f 510 512 513
f 495 513 512
f 495 512 496
f 503 496 512
f 503 512 514
f 515 514 512
f 515 512 511
f 506 507 516
f 506 516 517
f 510 517 516
f 510 516 511
f 515 511 516
f 515 516 518
f 508 518 516
f 508 516 507
f 519 520 521
f 519 521 522
f 446 522 521
f 446 521 447
f 454 447 521
f 454 521 523
f 524 523 521
f 524 521 520
f 525 526 527
f 525 527 528
f 519 528 527
f 519 527 520
f 524 520 527
f 524 527 529
f 530 529 527
f 530 527 526
f 450 451 531
f 450 531 532
f 525 532 531
f 525 531 526
f 530 526 531
f 530 531 533
f 452 533 531
f 452 531 451
f 534 535 536
f 534 536 537
f 538 537 536
f 538 536 539
f 241 539 536
f 241 536 240
f 237 240 536
f 237 536 535
f 538 539 540
f 538 540 541
f 542 541 540
f 542 540 543
f 250 543 540
f 250 540 263
f 241 263 540
f 241 540 539
f 544 545 546
f 544 546 547
f 534 547 546
f 534 546 535
f 237 535 546
f 237 546 236
f 233 236 546
f 233 546 545
f 542 543 548
f 542 548 549
f 544 549 548
f 544 548 545
f 233 545 548
f 233 548 255
f 250 255 548
f 250 548 543
f 550 551 552
f 550 552 553
f 554 553 552
f 554 552 555
f 556 555 552
f 556 552 557
f 558 557 552
f 558 552 551
f 559 560 561
f 559 561 562
f 550 562 561
f 550 561 551
f 558 551 561
f 558 561 563
f 564 563 561
f 564 561 560
f 565 566 567
f 565 567 568
f 559 568 567
f 559 567 560
f 564 560 567
f 564 567 569
f 570 569 567
f 570 567 566
f 554 555 571
f 554 571 572
f 565 572 571
f 565 571 566
f 570 566 571
f 570 571 573
f 556 573 571
f 556 571 555
f 558 574 575
f 558 575 557
f 556 557 575
f 556 575 576
f 577 578 579
f 577 579 580
f 581 582 583
f 581 583 584
f 564 585 586
f 564 586 563
f 558 563 586
f 558 586 574
f 587 588 589
f 587 589 590
f 591 592 593
f 591 593 594
f 570 595 596
f 570 596 569
f 564 569 596
f 564 596 585
f 597 577 580
f 597 580 598
f 582 599 600
f 582 600 583
f 556 576 601
f 556 601 573
f 570 573 601
f 570 601 595
f 588 597 598
f 588 598 589
f 599 591 594
f 599 594 600
f 600 594 589
f 600 589 598
f 598 580 583
f 598 583 600
f 602 603 592
f 602 592 604
f 605 604 592
f 605 592 591
f 590 589 594
f 590 594 593
f 584 583 580
f 584 580 579
f 605 591 599
f 605 599 606
f 607 606 599
f 607 599 582
f 593 608 609
f 593 609 590
f 579 610 611
f 579 611 584
f 607 582 581
f 607 581 612
f 613 612 581
f 613 581 614
f 608 615 616
f 608 616 609
f 615 611 610
f 615 610 616
f 613 614 617
f 613 617 618
f 602 618 617
f 602 617 603
f 605 619 620
f 605 620 604
f 602 604 620
f 602 620 621
f 247 621 620
f 247 620 246
f 243 246 620
f 243 620 619
f 607 622 623
f 607 623 606
f 605 606 623
f 605 623 619
f 243 619 623
f 243 623 254
f 251 254 623
f 251 623 622
f 613 624 625
f 613 625 612
f 607 612 625
f 607 625 622
f 251 622 625
f 251 625 259
f 256 259 625
f 256 625 624
f 602 621 626
f 602 626 618
f 613 618 626
f 613 626 624
f 256 624 626
f 256 626 261
f 247 261 626
f 247 626 621
f 538 627 628
f 538 628 537
f 534 537 628
f 534 628 629
f 468 629 628
f 468 628 478
f 475 478 628
f 475 628 627
f 542 630 631
f 542 631 541
f 538 541 631
f 538 631 627
f 475 627 631
f 475 631 474
f 463 474 631
f 463 631 630
f 534 629 632
f 534 632 547
f 544 547 632
f 544 632 633
f 461 633 632
f 461 632 469
f 468 469 632
f 468 632 629
f 544 633 634
f 544 634 549
f 542 549 634
f 542 634 630
f 463 630 634
f 463 634 462
f 461 462 634
f 461 634 633
f 635 636 637
f 635 637 638
f 639 638 637
f 639 637 640
f 641 640 637
f 641 637 642
f 643 642 637
f 643 637 636
f 639 640 644
f 639 644 645
f 646 645 644
f 646 644 647
f 648 647 644
f 648 644 649
f 641 649 644
f 641 644 640
f 650 651 652
f 650 652 653
f 654 653 652
f 654 652 655
f 656 655 652
f 656 652 657
f 646 657 652
f 646 652 651
f 654 655 658
f 654 658 659
f 660 659 658
f 660 658 661
f 635 661 658
f 635 658 662
f 656 662 658
f 656 658 655
f 660 661 663
f 660 663 664
f 665 664 663
f 665 663 666
f 639 666 663
f 639 663 638
f 635 638 663
f 635 663 661
f 665 666 667
f 665 667 668
f 650 668 667
f 650 667 651
f 646 651 667
f 646 667 645
f 639 645 667
f 639 667 666
f 669 670 671
f 669 671 672
f 673 672 671
f 673 671 674
f 654 674 671
f 654 671 653
f 650 653 671
f 650 671 670
f 673 674 675
f 673 675 676
f 677 676 675
f 677 675 678
f 660 678 675
f 660 675 659
f 654 659 675
f 654 675 674
f 679 680 681
f 679 681 682
f 683 682 681
f 683 681 684
f 685 684 681
f 685 681 686
f 687 686 681
f 687 681 680
f 679 688 689
f 679 689 680
f 687 680 689
f 687 689 690
f 691 690 689
f 691 689 692
f 693 692 689
f 693 689 688
f 685 686 694
f 685 694 695
f 696 695 694
f 696 694 697
f 698 697 694
f 698 694 699
f 687 699 694
f 687 694 686
f 691 700 701
f 691 701 690
f 687 690 701
f 687 701 699
f 698 699 701
f 698 701 702
f 703 702 701
f 703 701 700
f 696 697 704
f 696 704 705
f 706 705 704
f 706 704 707
f 708 707 704
f 708 704 709
f 698 709 704
f 698 704 697
f 710 711 712
f 710 712 713
f 677 713 712
f 677 712 676
f 673 676 712
f 673 712 672
f 669 672 712
f 669 712 711
f 714 715 716
f 714 716 717
f 718 717 716
f 718 716 719
f 720 719 716
f 720 716 721
f 722 721 716
f 722 716 715
f 718 719 723
f 718 723 724
f 725 724 723
f 725 723 726
f 727 726 723
f 727 723 728
f 720 728 723
f 720 723 719
f 725 726 729
f 725 729 730
f 731 730 729
f 731 729 732
f 733 732 729
f 733 729 734
f 727 734 729
f 727 729 726
f 731 732 735
f 731 735 736
f 714 736 735
f 714 735 715
f 722 715 735
f 722 735 737
f 733 737 735
f 733 735 732
f 738 739 740
f 738 740 741
f 742 741 740
f 742 740 743
f 718 743 740
f 718 740 717
f 714 717 740
f 714 740 739
f 742 743 744
f 742 744 745
f 746 745 744
f 746 744 747
f 725 747 744
f 725 744 724
f 718 724 744
f 718 744 743
f 746 747 748
f 746 748 749
f 750 749 748
f 750 748 751
f 731 751 748
f 731 748 730
f 725 730 748
f 725 748 747
f 750 751 752
f 750 752 753
f 738 753 752
f 738 752 739
f 714 739 752
f 714 752 736
f 731 736 752
f 731 752 751
f 648 754 755
f 648 755 756
f 757 756 755
f 757 755 758
f 742 758 755
f 742 755 741
f 738 741 755
f 738 755 754
f 757 758 759
f 757 759 760
f 643 760 759
f 643 759 761
f 746 761 759
f 746 759 745
f 742 745 759
f 742 759 758
f 643 761 762
f 643 762 642
f 641 642 762
f 641 762 763
f 750 763 762
f 750 762 749
f 746 749 762
f 746 762 761
f 641 763 764
f 641 764 649
f 648 649 764
f 648 764 754
f 738 754 764
f 738 764 753
f 750 753 764
f 750 764 763
f 646 647 765
f 646 765 657
f 656 657 765
f 656 765 766
f 757 766 765
f 757 765 756
f 648 756 765
f 648 765 647
f 656 766 767
f 656 767 662
f 635 662 767
f 635 767 636
f 643 636 767
f 643 767 760
f 757 760 767
f 757 767 766
f 677 678 768
f 677 768 713
f 710 713 768
f 710 768 769
f 665 769 768
f 665 768 664
f 660 664 768
f 660 768 678
f 710 769 770
f 710 770 711
f 669 711 770
f 669 770 670
f 650 670 770
f 650 770 668
f 665 668 770
f 665 770 769
f 722 771 772
f 722 772 721
f 720 721 772
f 720 772 773
f 774 773 772
f 774 772 775
f 776 775 772
f 776 772 771
f 777 778 779
f 777 779 780
f 776 780 779
f 776 779 775
f 774 775 779
f 774 779 781
f 708 781 779
f 708 779 778
f 720 773 782
f 720 782 728
f 727 728 782
f 727 782 783
f 784 783 782
f 784 782 785
f 774 785 782
f 774 782 773
f 708 709 786
f 708 786 781
f 774 781 786
f 774 786 785
f 784 785 786
f 784 786 787
f 698 787 786
f 698 786 709
f 784 788 789
f 784 789 783
f 727 783 789
f 727 789 734
f 733 734 789
f 733 789 790
f 791 790 789
f 791 789 788
f 784 787 792
f 784 792 788
f 791 788 792
f 791 792 793
f 703 793 792
f 703 792 702
f 698 702 792
f 698 792 787
f 791 794 795
f 791 795 790
f 733 790 795
f 733 795 737
f 722 737 795
f 722 795 771
f 776 771 795
f 776 795 794
f 791 793 796
f 791 796 794
f 776 794 796
f 776 796 780
f 777 780 796
f 777 796 797
f 703 797 796
f 703 796 793
f 798 799 800
f 798 800 801
f 802 801 800
f 802 800 803
f 804 803 800
f 804 800 805
f 806 805 800
f 806 800 799
f 807 808 809
f 807 809 810
f 811 810 809
f 811 809 812
f 813 812 809
f 813 809 814
f 815 814 809
f 815 809 808
f 804 816 817
f 804 817 803
f 802 803 817
f 802 817 818
f 819 818 817
f 819 817 820
f 821 820 817
f 821 817 816
f 815 822 823
f 815 823 814
f 813 814 823
f 813 823 824
f 825 824 823
f 825 823 826
f 827 826 823
f 827 823 822
f 821 828 829
f 821 829 820
f 819 820 829
f 819 829 830
f 831 830 829
f 831 829 832
f 833 832 829
f 833 829 828
f 825 826 834
f 825 834 835
f 836 835 834
f 836 834 837
f 838 837 834
f 838 834 839
f 827 839 834
f 827 834 826
f 831 832 840
f 831 840 841
f 798 841 840
f 798 840 799
f 806 799 840
f 806 840 842
f 833 842 840
f 833 840 832
f 836 837 843
f 836 843 844
f 811 844 843
f 811 843 810
f 807 810 843
f 807 843 845
f 838 845 843
f 838 843 837
f 798 801 846
f 798 846 841
f 831 841 846
f 831 846 830
f 819 830 846
f 819 846 818
f 802 818 846
f 802 846 801
f 847 848 849
f 847 849 850
f 851 850 849
f 851 849 852
f 853 852 849
f 853 849 854
f 855 854 849
f 855 849 848
f 847 850 856
f 847 856 857
f 858 857 856
f 858 856 859
f 860 859 856
f 860 856 861
f 851 861 856
f 851 856 850
f 851 852 862
f 851 862 863
f 864 863 862
f 864 862 865
f 866 865 862
f 866 862 867
f 853 867 862
f 853 862 852
f 851 863 868
f 851 868 861
f 860 861 868
f 860 868 869
f 870 869 868
f 870 868 871
f 864 871 868
f 864 868 863
f 866 872 873
f 866 873 865
f 864 865 873
f 864 873 874
f 875 874 873
f 875 873 876
f 877 876 873
f 877 873 872
f 870 871 878
f 870 878 879
f 880 879 878
f 880 878 881
f 875 881 878
f 875 878 874
f 864 874 878
f 864 878 871
f 877 882 883
f 877 883 876
f 875 876 883
f 875 883 884
f 847 884 883
f 847 883 848
f 855 848 883
f 855 883 882
f 880 881 885
f 880 885 886
f 858 886 885
f 858 885 857
f 847 857 885
f 847 885 884
f 875 884 885
f 875 885 881
f 887 888 889
f 887 889 890
f 891 890 889
f 891 889 892
f 893 892 889
f 893 889 894
f 895 894 889
f 895 889 888
f 887 896 897
f 887 897 888
f 895 888 897
f 895 897 898
f 899 898 897
f 899 897 900
f 901 900 897
f 901 897 896
f 902 903 904
f 902 904 905
f 906 905 904
f 906 904 907
f 891 907 904
f 891 904 890
f 887 890 904
f 887 904 903
f 908 909 910
f 908 910 911
f 902 911 910
f 902 910 903
f 887 903 910
f 887 910 896
f 901 896 910
f 901 910 909
f 912 913 914
f 912 914 915
f 906 915 914
f 906 914 905
f 902 905 914
f 902 914 916
f 917 916 914
f 917 914 913
f 918 919 920
f 918 920 921
f 917 921 920
f 917 920 916
f 902 916 920
f 902 920 911
f 908 911 920
f 908 920 919
f 893 894 922
f 893 922 923
f 912 923 922
f 912 922 913
f 917 913 922
f 917 922 924
f 895 924 922
f 895 922 894
f 895 898 925
f 895 925 924
f 917 924 925
f 917 925 921
f 918 921 925
f 918 925 926
f 899 926 925
f 899 925 898
f 918 926 927
f 918 927 928
f 703 928 927
f 703 927 797
f 777 797 927
f 777 927 929
f 899 929 927
f 899 927 926
f 908 919 930
f 908 930 931
f 691 931 930
f 691 930 700
f 703 700 930
f 703 930 928
f 918 928 930
f 918 930 919
f 693 932 933
f 693 933 692
f 691 692 933
f 691 933 931
f 908 931 933
f 908 933 909
f 901 909 933
f 901 933 932
f 777 929 934
f 777 934 935
f 693 935 934
f 693 934 932
f 901 932 934
f 901 934 900
f 899 900 934
f 899 934 929
f 853 854 936
f 853 936 937
f 938 937 936
f 938 936 939
f 940 939 936
f 940 936 941
f 855 941 936
f 855 936 854
f 942 943 944
f 942 944 945
f 938 945 944
f 938 944 937
f 853 937 944
f 853 944 867
f 866 867 944
f 866 944 943
f 946 947 948
f 946 948 949
f 942 949 948
f 942 948 943
f 866 943 948
f 866 948 872
f 877 872 948
f 877 948 947
f 855 882 950
f 855 950 941
f 940 941 950
f 940 950 951
f 946 951 950
f 946 950 947
f 877 947 950
f 877 950 882
f 708 778 952
f 708 952 953
f 679 953 952
f 679 952 688
f 693 688 952
f 693 952 935
f 777 935 952
f 777 952 778
f 954 955 956
f 954 956 957
f 958 957 956
f 958 956 959
f 960 959 956
f 960 956 961
f 962 961 956
f 962 956 955
f 963 964 965
f 963 965 966
f 967 966 965
f 967 965 968
f 969 968 965
f 969 965 970
f 971 970 965
f 971 965 964
f 971 972 973
f 971 973 970
f 969 970 973
f 969 973 974
f 975 974 973
f 975 973 976
f 977 976 973
f 977 973 972
f 969 978 979
f 969 979 968
f 967 968 979
f 967 979 980
f 981 980 979
f 981 979 982
f 983 982 979
f 983 979 978
f 969 974 984
f 969 984 978
f 983 978 984
f 983 984 985
f 940 985 984
f 940 984 986
f 975 986 984
f 975 984 974
f 987 988 989
f 987 989 990
f 991 990 989
f 991 989 992
f 993 992 989
f 993 989 994
f 995 994 989
f 995 989 988
f 996 997 998
f 996 998 999
f 1000 999 998
f 1000 998 1001
f 1002 1001 998
f 1002 998 1003
f 1004 1003 998
f 1004 998 997
f 993 1005 1006
f 993 1006 992
f 991 992 1006
f 991 1006 1007
f 1008 1007 1006
f 1008 1006 1009
f 1010 1009 1006
f 1010 1006 1005
f 1011 1012 1013
f 1011 1013 1014
f 996 1014 1013
f 996 1013 997
f 1004 997 1013
f 1004 1013 1015
f 1016 1015 1013
f 1016 1013 1012
f 1010 1017 1018
f 1010 1018 1009
f 1008 1009 1018
f 1008 1018 1019
f 1020 1019 1018
f 1020 1018 1021
f 1022 1021 1018
f 1022 1018 1017
f 1023 1024 1025
f 1023 1025 1026
f 1011 1026 1025
f 1011 1025 1012
f 1016 1012 1025
f 1016 1025 1027
f 1028 1027 1025
f 1028 1025 1024
f 1020 1021 1029
f 1020 1029 1030
f 987 1030 1029
f 987 1029 988
f 995 988 1029
f 995 1029 1031
f 1022 1031 1029
f 1022 1029 1021
f 1000 1001 1032
f 1000 1032 1033
f 1023 1033 1032
f 1023 1032 1024
f 1028 1024 1032
f 1028 1032 1034
f 1002 1034 1032
f 1002 1032 1001
f 870 879 1035
f 870 1035 1036
f 1037 1038 1039
f 1037 1039 1040
f 1041 1042 1043
f 1041 1043 1044
f 880 1045 1035
f 880 1035 879
f 1004 1046 1047
f 1004 1047 1003
f 1002 1003 1047
f 1002 1047 1048
f 981 1048 1047
f 981 1047 980
f 967 980 1047
f 967 1047 1046
f 1036 1035 1049
f 1036 1049 1050
f 1051 1043 1042
f 1051 1042 1052
f 1053 1054 1055
f 1053 1055 1056
f 1057 1056 1055
f 1057 1055 1058
f 1016 1059 1060
f 1016 1060 1015
f 1004 1015 1060
f 1004 1060 1046
f 967 1046 1060
f 967 1060 966
f 963 966 1060
f 963 1060 1059
f 1058 1055 1061
f 1058 1061 1062
f 1038 1063 1064
f 1038 1064 1039
f 860 1038 1037
f 860 1037 859
f 858 859 1037
f 858 1037 1065
f 1028 1066 1067
f 1028 1067 1027
f 1016 1027 1067
f 1016 1067 1059
f 963 1059 1067
f 963 1067 1068
f 1069 1068 1067
f 1069 1067 1066
f 1070 1071 1043
f 1070 1043 1051
f 1072 1061 1055
f 1072 1055 1054
f 1063 1036 1050
f 1063 1050 1064
f 1073 1044 1043
f 1073 1043 1071
f 1002 1048 1074
f 1002 1074 1034
f 1028 1034 1074
f 1028 1074 1066
f 1069 1066 1074
f 1069 1074 1075
f 981 1075 1074
f 981 1074 1048
f 975 976 1076
f 975 1076 1077
f 1078 1077 1076
f 1078 1076 1079
f 1080 1079 1076
f 1080 1076 1081
f 977 1081 1076
f 977 1076 976
f 1082 1083 1084
f 1082 1084 1085
f 1086 1085 1084
f 1086 1084 1087
f 1088 1087 1084
f 1088 1084 1089
f 1090 1089 1084
f 1090 1084 1083
f 977 1091 1092
f 977 1092 1081
f 1080 1081 1092
f 1080 1092 1093
f 1094 1093 1092
f 1094 1092 1095
f 1096 1095 1092
f 1096 1092 1091
f 977 1097 1098
f 977 1098 1091
f 1096 1091 1098
f 1096 1098 1099
f 942 1099 1098
f 942 1098 949
f 946 949 1098
f 946 1098 1097
f 708 953 1100
f 708 1100 707
f 706 707 1100
f 706 1100 1101
f 683 1101 1100
f 683 1100 682
f 679 682 1100
f 679 1100 953
f 1094 1095 1102
f 1094 1102 1103
f 1104 1103 1102
f 1104 1102 1105
f 1106 1105 1102
f 1106 1102 1107
f 1096 1107 1102
f 1096 1102 1095
f 942 945 1108
f 942 1108 1099
f 1096 1099 1108
f 1096 1108 1107
f 1106 1107 1108
f 1106 1108 1109
f 938 1109 1108
f 938 1108 945
f 1104 1105 1110
f 1104 1110 1111
f 1078 1111 1110
f 1078 1110 1077
f 975 1077 1110
f 975 1110 1112
f 1106 1112 1110
f 1106 1110 1105
f 938 939 1113
f 938 1113 1109
f 1106 1109 1113
f 1106 1113 1112
f 975 1112 1113
f 975 1113 986
f 940 986 1113
f 940 1113 939
f 954 1114 1115
f 954 1115 955
f 962 955 1115
f 962 1115 1116
f 1117 1116 1115
f 1117 1115 1118
f 1119 1118 1115
f 1119 1115 1114
f 1078 1079 1120
f 1078 1120 1121
f 1119 1121 1120
f 1119 1120 1118
f 1117 1118 1120
f 1117 1120 1122
f 1080 1122 1120
f 1080 1120 1079
f 962 1116 1123
f 962 1123 961
f 960 961 1123
f 960 1123 1124
f 1125 1124 1123
f 1125 1123 1126
f 1117 1126 1123
f 1117 1123 1116
f 946 1097 1127
f 946 1127 1128
f 1129 1128 1127
f 1129 1127 1130
f 971 1130 1127
f 971 1127 972
f 977 972 1127
f 977 1127 1097
f 1069 1131 1132
f 1069 1132 1068
f 963 1068 1132
f 963 1132 964
f 971 964 1132
f 971 1132 1130
f 1129 1130 1132
f 1129 1132 1131
f 940 951 1133
f 940 1133 985
f 983 985 1133
f 983 1133 1134
f 1129 1134 1133
f 1129 1133 1128
f 946 1128 1133
f 946 1133 951
f 983 1134 1135
f 983 1135 982
f 981 982 1135
f 981 1135 1075
f 1069 1075 1135
f 1069 1135 1131
f 1129 1131 1135
f 1129 1135 1134
f 1082 1136 1137
f 1082 1137 1083
f 1090 1083 1137
f 1090 1137 1138
f 1000 1138 1137
f 1000 1137 999
f 996 999 1137
f 996 1137 1136
f 1086 1139 1140
f 1086 1140 1085
f 1082 1085 1140
f 1082 1140 1136
f 996 1136 1140
f 996 1140 1014
f 1011 1014 1140
f 1011 1140 1139
f 1088 1141 1142
f 1088 1142 1087
f 1086 1087 1142
f 1086 1142 1139
f 1011 1139 1142
f 1011 1142 1026
f 1023 1026 1142
f 1023 1142 1141
f 1090 1138 1143
f 1090 1143 1089
f 1088 1089 1143
f 1088 1143 1141
f 1023 1141 1143
f 1023 1143 1033
f 1000 1033 1143
f 1000 1143 1138
f 1080 1093 1144
f 1080 1144 1122
f 1117 1122 1144
f 1117 1144 1126
f 1125 1126 1144
f 1125 1144 1145
f 1094 1145 1144
f 1094 1144 1093
f 1125 1146 1147
f 1125 1147 1124
f 960 1124 1147
f 960 1147 959
f 958 959 1147
f 958 1147 1148
f 1149 1148 1147
f 1149 1147 1146
f 1125 1145 1150
f 1125 1150 1146
f 1149 1146 1150
f 1149 1150 1151
f 1104 1151 1150
f 1104 1150 1103
f 1094 1103 1150
f 1094 1150 1145
f 1149 1152 1153
f 1149 1153 1148
f 958 1148 1153
f 958 1153 957
f 954 957 1153
f 954 1153 1114
f 1119 1114 1153
f 1119 1153 1152
f 1149 1151 1154
f 1149 1154 1152
f 1119 1152 1154
f 1119 1154 1121
f 1078 1121 1154
f 1078 1154 1111
f 1104 1111 1154
f 1104 1154 1151
f 1155 1156 1157
f 1155 1157 1158
f 1159 1158 1157
f 1159 1157 1160
f 1010 1160 1157
f 1010 1157 1017
f 1022 1017 1157
f 1022 1157 1156
f 893 1161 1162
f 893 1162 892
f 891 892 1162
f 891 1162 1163
f 1164 1163 1162
f 1164 1162 1165
f 1166 1165 1162
f 1166 1162 1161
f 891 1163 1167
f 891 1167 907
f 906 907 1167
f 906 1167 1168
f 1169 1168 1167
f 1169 1167 1170
f 1164 1170 1167
f 1164 1167 1163
f 906 1168 1171
f 906 1171 915
f 912 915 1171
f 912 1171 1172
f 1173 1172 1171
f 1173 1171 1174
f 1169 1174 1171
f 1169 1171 1168
f 912 1172 1175
f 912 1175 923
f 893 923 1175
f 893 1175 1161
f 1166 1161 1175
f 1166 1175 1176
f 1173 1176 1175
f 1173 1175 1172
f 991 1177 1178
f 991 1178 990
f 987 990 1178
f 987 1178 1179
f 1164 1179 1178
f 1164 1178 1170
f 1169 1170 1178
f 1169 1178 1177
f 1008 1180 1181
f 1008 1181 1007
f 991 1007 1181
f 991 1181 1177
f 1169 1177 1181
f 1169 1181 1174
f 1173 1174 1181
f 1173 1181 1180
f 1020 1182 1183
f 1020 1183 1019
f 1008 1019 1183
f 1008 1183 1180
f 1173 1180 1183
f 1173 1183 1176
f 1166 1176 1183
f 1166 1183 1182
f 987 1179 1184
f 987 1184 1030
f 1020 1030 1184
f 1020 1184 1182
f 1166 1182 1184
f 1166 1184 1165
f 1164 1165 1184
f 1164 1184 1179
f 1185 1186 1187
f 1185 1187 1188
f 1188 1189 1190
f 1188 1190 1185
f 1057 1058 1191
f 1057 1191 1192
f 1073 1192 1191
f 1073 1191 1044
f 1193 1187 1186
f 1193 1186 1040
f 1040 1039 1194
f 1040 1194 1193
f 870 1036 1063
f 870 1063 869
f 860 869 1063
f 860 1063 1038
f 1064 1050 1195
f 1064 1195 1196
f 1039 1064 1196
f 1039 1196 1194
f 1070 1051 1197
f 1070 1197 1198
f 1053 1198 1197
f 1053 1197 1054
f 1199 1195 1050
f 1199 1050 1049
f 1189 1199 1049
f 1189 1049 1190
f 858 1065 1200
f 858 1200 886
f 880 886 1200
f 880 1200 1045
f 1201 1202 1203
f 1201 1203 1204
f 1205 1204 1203
f 1205 1203 1206
f 995 1206 1203
f 995 1203 994
f 993 994 1203
f 993 1203 1202
f 1159 1160 1207
f 1159 1207 1208
f 1201 1208 1207
f 1201 1207 1202
f 993 1202 1207
f 993 1207 1005
f 1010 1005 1207
f 1010 1207 1160
f 1205 1206 1209
f 1205 1209 1210
f 1155 1210 1209
f 1155 1209 1156
f 1022 1156 1209
f 1022 1209 1031
f 995 1031 1209
f 995 1209 1206
f 813 1211 1212
f 813 1212 812
f 811 812 1212
f 811 1212 1213
f 806 1213 1212
f 806 1212 805
f 804 805 1212
f 804 1212 1211
f 825 1214 1215
f 825 1215 824
f 813 824 1215
f 813 1215 1211
f 804 1211 1215
f 804 1215 816
f 821 816 1215
f 821 1215 1214
f 836 1216 1217
f 836 1217 835
f 825 835 1217
f 825 1217 1214
f 821 1214 1217
f 821 1217 828
f 833 828 1217
f 833 1217 1216
f 811 1213 1218
f 811 1218 844
f 836 844 1218
f 836 1218 1216
f 833 1216 1218
f 833 1218 842
f 806 842 1218
f 806 1218 1213
f 685 1219 1220
f 685 1220 684
f 683 684 1220
f 683 1220 1221
f 815 1221 1220
f 815 1220 822
f 827 822 1220
f 827 1220 1219
f 696 1222 1223
f 696 1223 695
f 685 695 1223
f 685 1223 1219
f 827 1219 1223
f 827 1223 839
f 838 839 1223
f 838 1223 1222
f 706 1224 1225
f 706 1225 705
f 696 705 1225
f 696 1225 1222
f 838 1222 1225
f 838 1225 845
f 807 845 1225
f 807 1225 1224
f 683 1221 1226
f 683 1226 1101
f 706 1101 1226
f 706 1226 1224
f 807 1224 1226
f 807 1226 808
f 815 808 1226
f 815 1226 1221
f 450 1227 1228
f 450 1228 449
f 446 449 1228
f 446 1228 1229
f 1073 1229 1228
f 1073 1228 1192
f 1057 1192 1228
f 1057 1228 1227
f 446 1229 1230
f 446 1230 522
f 519 522 1230
f 519 1230 1231
f 1070 1231 1230
f 1070 1230 1071
f 1073 1071 1230
f 1073 1230 1229
f 519 1231 1232
f 519 1232 528
f 525 528 1232
f 525 1232 1233
f 1053 1233 1232
f 1053 1232 1198
f 1070 1198 1232
f 1070 1232 1231
f 525 1233 1234
f 525 1234 532
f 450 532 1234
f 450 1234 1227
f 1057 1227 1234
f 1057 1234 1056
f 1053 1056 1234
f 1053 1234 1233
f 1159 1235 1236
f 1159 1236 1158
f 1155 1158 1236
f 1155 1236 1237
f 510 1237 1236
f 510 1236 517
f 506 517 1236
f 506 1236 1235
f 1205 1238 1239
f 1205 1239 1204
f 1201 1204 1239
f 1201 1239 1240
f 499 1240 1239
f 499 1239 498
f 495 498 1239
f 495 1239 1238
f 1201 1240 1241
f 1201 1241 1208
f 1159 1208 1241
f 1159 1241 1235
f 506 1235 1241
f 506 1241 505
f 499 505 1241
f 499 1241 1240
f 1155 1237 1242
f 1155 1242 1210
f 1205 1210 1242
f 1205 1242 1238
f 495 1238 1242
f 495 1242 513
f 510 513 1242
f 510 1242 1237
f 554 1243 1244
f 554 1244 553
f 550 553 1244
f 550 1244 1245
f 454 1245 1244
f 454 1244 453
f 452 453 1244
f 452 1244 1243
f 550 1245 1246
f 550 1246 562
f 559 562 1246
f 559 1246 1247
f 524 1247 1246
f 524 1246 523
f 454 523 1246
f 454 1246 1245
f 559 1247 1248
f 559 1248 568
f 565 568 1248
f 565 1248 1249
f 530 1249 1248
f 530 1248 529
f 524 529 1248
f 524 1248 1247
f 565 1249 1250
f 565 1250 572
f 554 572 1250
f 554 1250 1243
f 452 1243 1250
f 452 1250 533
f 530 533 1250
f 530 1250 1249
f 483 1251 1252
f 483 1252 482
f 479 482 1252
f 479 1252 1253
f 503 1253 1252
f 503 1252 502
f 501 502 1252
f 501 1252 1251
f 487 1254 1255
f 487 1255 486
f 483 486 1255
f 483 1255 1251
f 501 1251 1255
f 501 1255 509
f 508 509 1255
f 508 1255 1254
f 479 1253 1256
f 479 1256 492
f 489 492 1256
f 489 1256 1257
f 515 1257 1256
f 515 1256 514
f 503 514 1256
f 503 1256 1253
f 489 1257 1258
f 489 1258 494
f 487 494 1258
f 487 1258 1254
f 508 1254 1258
f 508 1258 518
f 515 518 1258
f 515 1258 1257
f 1259 1260 601
f 1259 601 576
f 595 601 1260
f 595 1260 1261
f 587 1259 576
f 587 576 575
f 596 595 1261
f 596 1261 578
f 575 574 588
f 575 588 587
f 585 596 578
f 585 578 577
f 574 586 597
f 574 597 588
f 586 585 577
f 586 577 597
f 1261 1260 616
f 1261 616 610
f 617 614 611
f 617 611 615
f 1260 1259 609
f 1260 609 616
f 603 617 615
f 603 615 608
f 578 1261 610
f 578 610 579
f 614 581 584
f 614 584 611
f 1259 587 590
f 1259 590 609
f 592 603 608
f 592 608 593
f 1062 1262 1191
f 1062 1191 1058
f 1200 1065 1186
f 1200 1186 1185
f 1044 1191 1262
f 1044 1262 1041
f 1045 1200 1185
f 1045 1185 1190
f 1065 1037 1040
f 1065 1040 1186
f 1052 1263 1197
f 1052 1197 1051
f 1035 1045 1190
f 1035 1190 1049
f 1054 1197 1263
f 1054 1263 1072
f 1193 1194 1072
f 1193 1072 1263
f 1199 1189 1041
f 1199 1041 1262
f 1187 1193 1263
f 1187 1263 1052
f 1195 1199 1262
f 1195 1262 1062
f 1194 1196 1061
f 1194 1061 1072
f 1189 1188 1042
f 1189 1042 1041
f 1196 1195 1062
f 1196 1062 1061
f 1188 1187 1052
f 1188 1052 1042
f 1264 1265 1266
f 1264 1266 1267
f 1268 1264 1267
f 1268 1267 1269
f 1270 1268 1269
f 1270 1269 1271
f 1272 1270 1271
f 1272 1271 1273
f 1274 1272 1273
f 1274 1273 1275
f 1276 1274 1275
f 1276 1275 1277
f 1278 1276 1277
f 1278 1277 1279
f 1265 1278 1279
f 1265 1279 1266
f 1280 1281 1282
f 1280 1282 1283
f 1281 1284 1285
f 1281 1285 1282
f 1286 1280 1283
f 1286 1283 1287
f 1284 1288 1289
f 1284 1289 1285
f 1290 1286 1287
f 1290 1287 1291
f 1288 1292 1293
f 1288 1293 1289
f 1294 1290 1291
f 1294 1291 1295
f 1292 1294 1295
f 1292 1295 1293
f 1296 1297 1276
f 1296 1276 1278
f 1298 1296 1278
f 1298 1278 1265
f 1299 1298 1265
f 1299 1265 1264
f 1300 1299 1264
f 1300 1264 1268
f 1301 1300 1268
f 1301 1268 1270
f 1302 1301 1270
f 1302 1270 1272
f 1294 1292 1302
f 1294 1302 1303
f 1290 1294 1303
f 1290 1303 1297
f 1286 1290 1297
f 1286 1297 1296
f 1280 1286 1296
f 1280 1296 1298
f 1281 1280 1298
f 1281 1298 1299
f 1284 1281 1299
f 1284 1299 1300
f 1288 1284 1300
f 1288 1300 1301
f 1292 1288 1301
f 1292 1301 1302
f 1277 1304 1266
f 1277 1266 1279
f 1304 1269 1267
f 1304 1267 1266
f 1304 1277 1275
f 1304 1275 1273
f 1269 1304 1273
f 1269 1273 1271
f 1303 1302 1272
f 1303 1272 1274
f 1297 1303 1274
f 1297 1274 1276
f 1305 1306 1307
f 1305 1307 1308
f 1309 1305 1308
f 1309 1308 1310
f 1311 1309 1310
f 1311 1310 1312
f 1313 1311 1312
f 1313 1312 1314
f 1315 1313 1314
f 1315 1314 1316
f 1317 1315 1316
f 1317 1316 1318
f 1319 1317 1318
f 1319 1318 1320
f 1306 1319 1320
f 1306 1320 1307
f 1321 1322 1323
f 1321 1323 1324
f 1322 1325 1326
f 1322 1326 1323
f 1327 1321 1324
f 1327 1324 1328
f 1325 1329 1330
f 1325 1330 1326
f 1331 1327 1328
f 1331 1328 1332
f 1329 1333 1334
f 1329 1334 1330
f 1335 1331 1332
f 1335 1332 1336
f 1333 1335 1336
f 1333 1336 1334
f 1337 1338 1317
f 1337 1317 1319
f 1339 1337 1319
f 1339 1319 1306
f 1340 1339 1306
f 1340 1306 1305
f 1341 1340 1305
f 1341 1305 1309
f 1342 1341 1309
f 1342 1309 1311
f 1343 1342 1311
f 1343 1311 1313
f 1335 1333 1343
f 1335 1343 1344
f 1331 1335 1344
f 1331 1344 1338
f 1327 1331 1338
f 1327 1338 1337
f 1321 1327 1337
f 1321 1337 1339
f 1322 1321 1339
f 1322 1339 1340
f 1325 1322 1340
f 1325 1340 1341
f 1329 1325 1341
f 1329 1341 1342
f 1333 1329 1342
f 1333 1342 1343
f 1318 1345 1307
f 1318 1307 1320
f 1345 1310 1308
f 1345 1308 1307
f 1345 1318 1316
f 1345 1316 1314
f 1310 1345 1314
f 1310 1314 1312
f 1344 1343 1313
f 1344 1313 1315
f 1338 1344 1315
f 1338 1315 1317
f 1346 1347 1348
f 1346 1348 1349
f 1350 1346 1349
f 1350 1349 1351
f 1352 1350 1351
f 1352 1351 1353
f 1354 1352 1353
f 1354 1353 1355
f 1356 1354 1355
f 1356 1355 1357
f 1358 1356 1357
f 1358 1357 1359
f 1360 1358 1359
f 1360 1359 1361
f 1347 1360 1361
f 1347 1361 1348
f 1362 1363 1364
f 1362 1364 1365
f 1363 1366 1367
f 1363 1367 1364
f 1368 1362 1365
f 1368 1365 1369
f 1366 1370 1371
f 1366 1371 1367
f 1372 1368 1369
f 1372 1369 1373
f 1370 1374 1375
f 1370 1375 1371
f 1376 1372 1373
f 1376 1373 1377
f 1374 1376 1377
f 1374 1377 1375
f 1378 1379 1358
f 1378 1358 1360
f 1380 1378 1360
f 1380 1360 1347
f 1381 1380 1347
f 1381 1347 1346
f 1382 1381 1346
f 1382 1346 1350
f 1383 1382 1350
f 1383 1350 1352
f 1384 1383 1352
f 1384 1352 1354
f 1376 1374 1384
f 1376 1384 1385
f 1372 1376 1385
f 1372 1385 1379
f 1368 1372 1379
f 1368 1379 1378
f 1362 1368 1378
f 1362 1378 1380
f 1363 1362 1380
f 1363 1380 1381
f 1366 1363 1381
f 1366 1381 1382
f 1370 1366 1382
f 1370 1382 1383
f 1374 1370 1383
f 1374 1383 1384
f 1359 1386 1348
f 1359 1348 1361
f 1386 1351 1349
f 1386 1349 1348
f 1386 1359 1357
f 1386 1357 1355
f 1351 1386 1355
f 1351 1355 1353
f 1385 1384 1354
f 1385 1354 1356
f 1379 1385 1356
f 1379 1356 1358
f 1387 1388 1389
f 1387 1389 1390
f 1391 1387 1390
f 1391 1390 1392
f 1393 1391 1392
f 1393 1392 1394
f 1395 1393 1394
f 1395 1394 1396
f 1397 1395 1396
f 1397 1396 1398
f 1399 1397 1398
f 1399 1398 1400
f 1401 1399 1400
f 1401 1400 1402
f 1388 1401 1402
f 1388 1402 1389
f 1403 1404 1405
f 1403 1405 1406
f 1404 1407 1408
f 1404 1408 1405
f 1409 1403 1406
f 1409 1406 1410
f 1407 1411 1412
f 1407 1412 1408
f 1413 1409 1410
f 1413 1410 1414
f 1411 1415 1416
f 1411 1416 1412
f 1417 1413 1414
f 1417 1414 1418
f 1415 1417 1418
f 1415 1418 1416
f 1419 1420 1399
f 1419 1399 1401
f 1421 1419 1401
f 1421 1401 1388
f 1422 1421 1388
f 1422 1388 1387
f 1423 1422 1387
f 1423 1387 1391
f 1424 1423 1391
f 1424 1391 1393
f 1425 1424 1393
f 1425 1393 1395
f 1417 1415 1425
f 1417 1425 1426
f 1413 1417 1426
f 1413 1426 1420
f 1409 1413 1420
f 1409 1420 1419
f 1403 1409 1419
f 1403 1419 1421
f 1404 1403 1421
f 1404 1421 1422
f 1407 1404 1422
f 1407 1422 1423
f 1411 1407 1423
f 1411 1423 1424
f 1415 1411 1424
f 1415 1424 1425
f 1400 1427 1389
f 1400 1389 1402
f 1427 1392 1390
f 1427 1390 1389
f 1427 1400 1398
f 1427 1398 1396
f 1392 1427 1396
f 1392 1396 1394
f 1426 1425 1395
f 1426 1395 1397
f 1420 1426 1397
f 1420 1397 1399
f 1428 1429 1430
f 1428 1430 1431
f 1432 1428 1431
f 1432 1431 1433
f 1434 1432 1433
f 1434 1433 1435
f 1436 1434 1435
f 1436 1435 1437
f 1438 1436 1437
f 1438 1437 1439
f 1440 1438 1439
f 1440 1439 1441
f 1442 1440 1441
f 1442 1441 1443
f 1429 1442 1443
f 1429 1443 1430
f 1444 1445 1446
f 1444 1446 1447
f 1445 1448 1449
f 1445 1449 1446
f 1450 1444 1447
f 1450 1447 1451
f 1448 1452 1453
f 1448 1453 1449
f 1454 1450 1451
f 1454 1451 1455
f 1452 1456 1457
f 1452 1457 1453
f 1458 1454 1455
f 1458 1455 1459
f 1456 1458 1459
f 1456 1459 1457
f 1443 1441 1460
f 1443 1460 1461
f 1430 1443 1461
f 1430 1461 1462
f 1431 1430 1462
f 1431 1462 1463
f 1433 1431 1463
f 1433 1463 1464
f 1435 1433 1464
f 1435 1464 1465
f 1437 1435 1465
f 1437 1465 1466
f 1467 1466 1457
f 1467 1457 1459
f 1460 1467 1459
f 1460 1459 1455
f 1461 1460 1455
f 1461 1455 1451
f 1462 1461 1451
f 1462 1451 1447
f 1463 1462 1447
f 1463 1447 1446
f 1464 1463 1446
f 1464 1446 1449
f 1465 1464 1449
f 1465 1449 1453
f 1466 1465 1453
f 1466 1453 1457
f 1442 1429 1468
f 1442 1468 1440
f 1429 1428 1432
f 1429 1432 1468
f 1436 1438 1440
f 1436 1440 1468
f 1434 1436 1468
f 1434 1468 1432
f 1439 1437 1466
f 1439 1466 1467
f 1441 1439 1467
f 1441 1467 1460
f 1469 1470 1471
f 1469 1471 1472
f 1473 1469 1472
f 1473 1472 1474
f 1475 1473 1474
f 1475 1474 1476
f 1477 1475 1476
f 1477 1476 1478
f 1479 1477 1478
f 1479 1478 1480
f 1481 1479 1480
f 1481 1480 1482
f 1483 1481 1482
f 1483 1482 1484
f 1470 1483 1484
f 1470 1484 1471
f 1485 1486 1487
f 1485 1487 1488
f 1486 1489 1490
f 1486 1490 1487
f 1491 1485 1488
f 1491 1488 1492
f 1489 1493 1494
f 1489 1494 1490
f 1495 1491 1492
f 1495 1492 1496
f 1493 1497 1498
f 1493 1498 1494
f 1499 1495 1496
f 1499 1496 1500
f 1497 1499 1500
f 1497 1500 1498
f 1484 1482 1501
f 1484 1501 1502
f 1471 1484 1502
f 1471 1502 1503
f 1472 1471 1503
f 1472 1503 1504
f 1474 1472 1504
f 1474 1504 1505
f 1476 1474 1505
f 1476 1505 1506
f 1478 1476 1506
f 1478 1506 1507
f 1508 1507 1498
f 1508 1498 1500
f 1501 1508 1500
f 1501 1500 1496
f 1502 1501 1496
f 1502 1496 1492
f 1503 1502 1492
f 1503 1492 1488
f 1504 1503 1488
f 1504 1488 1487
f 1505 1504 1487
f 1505 1487 1490
f 1506 1505 1490
f 1506 1490 1494
f 1507 1506 1494
f 1507 1494 1498
f 1483 1470 1509
f 1483 1509 1481
f 1470 1469 1473
f 1470 1473 1509
f 1477 1479 1481
f 1477 1481 1509
f 1475 1477 1509
f 1475 1509 1473
f 1480 1478 1507
f 1480 1507 1508
f 1482 1480 1508
f 1482 1508 1501
f 1510 1511 1512
f 1510 1512 1513
f 1514 1510 1513
f 1514 1513 1515
f 1516 1514 1515
f 1516 1515 1517
f 1518 1516 1517
f 1518 1517 1519
f 1520 1518 1519
f 1520 1519 1521
f 1522 1520 1521
f 1522 1521 1523
f 1524 1522 1523
f 1524 1523 1525
f 1511 1524 1525
f 1511 1525 1512
f 1526 1527 1528
f 1526 1528 1529
f 1527 1530 1531
f 1527 1531 1528
f 1532 1526 1529
f 1532 1529 1533
f 1530 1534 1535
f 1530 1535 1531
f 1536 1532 1533
f 1536 1533 1537
f 1534 1538 1539
f 1534 1539 1535
f 1540 1536 1537
f 1540 1537 1541
f 1538 1540 1541
f 1538 1541 1539
f 1525 1523 1542
f 1525 1542 1543
f 1512 1525 1543
f 1512 1543 1544
f 1513 1512 1544
f 1513 1544 1545
f 1515 1513 1545
f 1515 1545 1546
f 1517 1515 1546
f 1517 1546 1547
f 1519 1517 1547
f 1519 1547 1548
f 1549 1548 1539
f 1549 1539 1541
f 1542 1549 1541
f 1542 1541 1537
f 1543 1542 1537
f 1543 1537 1533
f 1544 1543 1533
f 1544 1533 1529
f 1545 1544 1529
f 1545 1529 1528
f 1546 1545 1528
f 1546 1528 1531
f 1547 1546 1531
f 1547 1531 1535
f 1548 1547 1535
f 1548 1535 1539
f 1524 1511 1550
f 1524 1550 1522
f 1511 1510 1514
f 1511 1514 1550
f 1518 1520 1522
f 1518 1522 1550
f 1516 1518 1550
f 1516 1550 1514
f 1521 1519 1548
f 1521 1548 1549
f 1523 1521 1549
f 1523 1549 1542
f 1551 1552 1553
f 1551 1553 1554
f 1555 1551 1554
f 1555 1554 1556
f 1557 1555 1556
f 1557 1556 1558
f 1559 1557 1558
f 1559 1558 1560
f 1561 1559 1560
f 1561 1560 1562
f 1563 1561 1562
f 1563 1562 1564
f 1565 1563 1564
f 1565 1564 1566
f 1552 1565 1566
f 1552 1566 1553
f 1567 1568 1569
f 1567 1569 1570
f 1568 1571 1572
f 1568 1572 1569
f 1573 1567 1570
f 1573 1570 1574
f 1571 1575 1576
f 1571 1576 1572
f 1577 1573 1574
f 1577 1574 1578
f 1575 1579 1580
f 1575 1580 1576
f 1581 1577 1578
f 1581 1578 1582
f 1579 1581 1582
f 1579 1582 1580
f 1566 1564 1583
f 1566 1583 1584
f 1553 1566 1584
f 1553 1584 1585
f 1554 1553 1585
f 1554 1585 1586
f 1556 1554 1586
f 1556 1586 1587
f 1558 1556 1587
f 1558 1587 1588
f 1560 1558 1588
f 1560 1588 1589
f 1590 1589 1580
f 1590 1580 1582
f 1583 1590 1582
f 1583 1582 1578
f 1584 1583 1578
f 1584 1578 1574
f 1585 1584 1574
f 1585 1574 1570
f 1586 1585 1570
f 1586 1570 1569
f 1587 1586 1569
f 1587 1569 1572
f 1588 1587 1572
f 1588 1572 1576
f 1589 1588 1576
f 1589 1576 1580
f 1565 1552 1591
f 1565 1591 1563
f 1552 1551 1555
f 1552 1555 1591
f 1559 1561 1563
f 1559 1563 1591
f 1557 1559 1591
f 1557 1591 1555
f 1562 1560 1589
f 1562 1589 1590
f 1564 1562 1590
f 1564 1590 1583
f 1592 1593 1594
f 1592 1594 1595
f 1596 1592 1595
f 1596 1595 1597
f 1598 1596 1597
f 1598 1597 1599
f 1600 1598 1599
f 1600 1599 1601
f 1602 1600 1601
f 1602 1601 1603
f 1604 1602 1603
f 1604 1603 1605
f 1606 1607 1604
f 1606 1604 1608
f 1609 1606 1608
f 1609 1608 1593
f 1610 1609 1593
f 1610 1593 1592
f 1611 1610 1592
f 1611 1592 1596
f 1612 1611 1596
f 1612 1596 1598
f 1613 1612 1598
f 1613 1598 1600
f 1614 1613 1600
f 1614 1600 1602
f 1607 1614 1602
f 1607 1602 1604
f 1615 1616 1617
f 1615 1617 1618
f 1619 1615 1618
f 1619 1618 1620
f 1621 1619 1620
f 1621 1620 1622
f 1623 1624 1625
f 1623 1625 1626
f 1627 1623 1626
f 1627 1626 1628
f 1629 1630 1631
f 1629 1631 1632
f 1633 1629 1632
f 1633 1632 1634
f 1616 1633 1634
f 1616 1634 1617
f 1635 1636 1637
f 1635 1637 1638
f 1639 1635 1638
f 1639 1638 1640
f 1641 1639 1640
f 1641 1640 1642
f 1643 1641 1642
f 1643 1642 1644
f 1645 1643 1644
f 1645 1644 1646
f 1647 1645 1646
f 1647 1646 1648
f 1649 1647 1648
f 1649 1648 1650
f 1650 1637 1636
f 1650 1636 1649
f 1651 1652 1637
f 1651 1637 1650
f 1653 1651 1650
f 1653 1650 1648
f 1654 1653 1648
f 1654 1648 1646
f 1655 1654 1646
f 1655 1646 1644
f 1656 1655 1644
f 1656 1644 1642
f 1657 1656 1642
f 1657 1642 1640
f 1658 1657 1640
f 1658 1640 1638
f 1652 1658 1638
f 1652 1638 1637
f 1659 1660 1652
f 1659 1652 1651
f 1661 1659 1651
f 1661 1651 1653
f 1662 1661 1653
f 1662 1653 1654
f 1663 1662 1654
f 1663 1654 1655
f 1664 1663 1655
f 1664 1655 1656
f 1665 1664 1656
f 1665 1656 1657
f 1666 1665 1657
f 1666 1657 1658
f 1660 1666 1658
f 1660 1658 1652
f 1667 1668 1669
f 1667 1669 1670
f 1668 1671 1672
f 1668 1672 1669
f 1668 1667 1673
f 1668 1673 1674
f 1671 1668 1674
f 1671 1674 1675
f 1608 1604 1605
f 1608 1605 1676
f 1593 1608 1676
f 1593 1676 1594
f 1616 1615 1677
f 1616 1677 1678
f 1607 1606 1618
f 1607 1618 1617
f 1615 1619 1679
f 1615 1679 1677
f 1606 1609 1620
f 1606 1620 1618
f 1633 1616 1678
f 1633 1678 1680
f 1614 1607 1617
f 1614 1617 1634
f 1619 1621 1681
f 1619 1681 1679
f 1609 1610 1622
f 1609 1622 1620
f 1613 1614 1634
f 1613 1634 1632
f 1629 1633 1680
f 1629 1680 1682
f 1610 1611 1683
f 1610 1683 1622
f 1624 1623 1684
f 1624 1684 1685
f 1612 1613 1632
f 1612 1632 1631
f 1630 1629 1682
f 1630 1682 1686
f 1611 1612 1631
f 1611 1631 1683
f 1623 1627 1687
f 1623 1687 1684
f 1621 1622 1688
f 1621 1688 1689
f 1622 1683 1690
f 1622 1690 1688
f 1683 1631 1691
f 1683 1691 1690
f 1631 1630 1692
f 1631 1692 1691
f 1630 1686 1693
f 1630 1693 1692
f 1686 1694 1695
f 1686 1695 1693
f 1694 1681 1696
f 1694 1696 1695
f 1681 1621 1689
f 1681 1689 1696
f 1689 1688 1697
f 1689 1697 1698
f 1688 1690 1699
f 1688 1699 1697
f 1690 1691 1700
f 1690 1700 1699
f 1691 1692 1701
f 1691 1701 1700
f 1692 1693 1702
f 1692 1702 1701
f 1693 1695 1703
f 1693 1703 1702
f 1695 1696 1704
f 1695 1704 1703
f 1696 1689 1698
f 1696 1698 1704
f 1698 1697 1705
f 1698 1705 1706
f 1697 1699 1707
f 1697 1707 1705
f 1699 1700 1708
f 1699 1708 1707
f 1700 1701 1709
f 1700 1709 1708
f 1701 1702 1710
f 1701 1710 1709
f 1702 1703 1711
f 1702 1711 1710
f 1703 1704 1712
f 1703 1712 1711
f 1704 1698 1706
f 1704 1706 1712
f 1706 1705 1713
f 1706 1713 1714
f 1705 1707 1715
f 1705 1715 1713
f 1707 1708 1716
f 1707 1716 1715
f 1708 1709 1717
f 1708 1717 1716
f 1709 1710 1718
f 1709 1718 1717
f 1710 1711 1719
f 1710 1719 1718
f 1711 1712 1720
f 1711 1720 1719
f 1712 1706 1714
f 1712 1714 1720
f 1714 1713 1721
f 1714 1721 1722
f 1713 1715 1723
f 1713 1723 1721
f 1715 1716 1724
f 1715 1724 1723
f 1716 1717 1725
f 1716 1725 1724
f 1717 1718 1726
f 1717 1726 1725
f 1718 1719 1727
f 1718 1727 1726
f 1719 1720 1728
f 1719 1728 1727
f 1720 1714 1722
f 1720 1722 1728
f 1722 1721 1625
f 1722 1625 1624
f 1721 1723 1626
f 1721 1626 1625
f 1723 1724 1628
f 1723 1628 1626
f 1724 1725 1627
f 1724 1627 1628
f 1725 1726 1687
f 1725 1687 1627
f 1726 1727 1684
f 1726 1684 1687
f 1727 1728 1685
f 1727 1685 1684
f 1728 1722 1624
f 1728 1624 1685
f 1597 1595 1670
f 1597 1670 1669
f 1595 1594 1667
f 1595 1667 1670
f 1594 1676 1673
f 1594 1673 1667
f 1676 1605 1674
f 1676 1674 1673
f 1605 1603 1675
f 1605 1675 1674
f 1603 1601 1671
f 1603 1671 1675
f 1601 1599 1672
f 1601 1672 1671
f 1599 1597 1669
f 1599 1669 1672
f 1694 1686 1641
f 1694 1641 1643
f 1678 1677 1649
f 1678 1649 1636
f 1686 1682 1639
f 1686 1639 1641
f 1677 1679 1647
f 1677 1647 1649
f 1681 1694 1643
f 1681 1643 1645
f 1680 1678 1636
f 1680 1636 1635
f 1682 1680 1635
f 1682 1635 1639
f 1679 1681 1645
f 1679 1645 1647
f 1729 1730 1731
f 1729 1731 1732
f 1733 1729 1732
f 1733 1732 1734
f 1735 1733 1734
f 1735 1734 1736
f 1737 1735 1736
f 1737 1736 1738
f 1739 1737 1738
f 1739 1738 1740
f 1741 1739 1740
f 1741 1740 1742
f 1743 1744 1741
f 1743 1741 1745
f 1746 1743 1745
f 1746 1745 1730
f 1747 1746 1730
f 1747 1730 1729
f 1748 1747 1729
f 1748 1729 1733
f 1749 1748 1733
f 1749 1733 1735
f 1750 1749 1735
f 1750 1735 1737
f 1751 1750 1737
f 1751 1737 1739
f 1744 1751 1739
f 1744 1739 1741
f 1752 1753 1754
f 1752 1754 1755
f 1756 1752 1755
f 1756 1755 1757
f 1758 1756 1757
f 1758 1757 1759
f 1760 1761 1762
f 1760 1762 1763
f 1764 1760 1763
f 1764 1763 1765
f 1766 1767 1768
f 1766 1768 1769
f 1770 1766 1769
f 1770 1769 1771
f 1753 1770 1771
f 1753 1771 1754
f 1772 1773 1774
f 1772 1774 1775
f 1776 1772 1775
f 1776 1775 1777
f 1778 1776 1777
f 1778 1777 1779
f 1780 1778 1779
f 1780 1779 1781
f 1782 1780 1781
f 1782 1781 1783
f 1784 1782 1783
f 1784 1783 1785
f 1786 1784 1785
f 1786 1785 1787
f 1787 1774 1773
f 1787 1773 1786
f 1788 1789 1774
f 1788 1774 1787
f 1790 1788 1787
f 1790 1787 1785
f 1791 1790 1785
f 1791 1785 1783
f 1792 1791 1783
f 1792 1783 1781
f 1793 1792 1781
f 1793 1781 1779
f 1794 1793 1779
f 1794 1779 1777
f 1795 1794 1777
f 1795 1777 1775
f 1789 1795 1775
f 1789 1775 1774
f 1796 1797 1789
f 1796 1789 1788
f 1798 1796 1788
f 1798 1788 1790
f 1799 1798 1790
f 1799 1790 1791
f 1800 1799 1791
f 1800 1791 1792
f 1801 1800 1792
f 1801 1792 1793
f 1802 1801 1793
f 1802 1793 1794
f 1803 1802 1794
f 1803 1794 1795
f 1797 1803 1795
f 1797 1795 1789
f 1804 1805 1806
f 1804 1806 1807
f 1805 1808 1809
f 1805 1809 1806
f 1805 1804 1810
f 1805 1810 1811
f 1808 1805 1811
f 1808 1811 1812
f 1745 1741 1742
f 1745 1742 1813
f 1730 1745 1813
f 1730 1813 1731
f 1753 1752 1814
f 1753 1814 1815
f 1744 1743 1755
f 1744 1755 1754
f 1752 1756 1816
f 1752 1816 1814
f 1743 1746 1757
f 1743 1757 1755
f 1770 1753 1815
f 1770 1815 1817
f 1751 1744 1754
f 1751 1754 1771
f 1756 1758 1818
f 1756 1818 1816
f 1746 1747 1759
f 1746 1759 1757
f 1750 1751 1771
f 1750 1771 1769
f 1766 1770 1817
f 1766 1817 1819
f 1747 1748 1820
f 1747 1820 1759
f 1761 1760 1821
f 1761 1821 1822
f 1749 1750 1769
f 1749 1769 1768
f 1767 1766 1819
f 1767 1819 1823
f 1748 1749 1768
f 1748 1768 1820
f 1760 1764 1824
f 1760 1824 1821
f 1758 1759 1825
f 1758 1825 1826
f 1759 1820 1827
f 1759 1827 1825
f 1820 1768 1828
f 1820 1828 1827
f 1768 1767 1829
f 1768 1829 1828
f 1767 1823 1830
f 1767 1830 1829
f 1823 1831 1832
f 1823 1832 1830
f 1831 1818 1833
f 1831 1833 1832
f 1818 1758 1826
f 1818 1826 1833
f 1826 1825 1834
f 1826 1834 1835
f 1825 1827 1836
f 1825 1836 1834
f 1827 1828 1837
f 1827 1837 1836
f 1828 1829 1838
f 1828 1838 1837
f 1829 1830 1839
f 1829 1839 1838
f 1830 1832 1840
f 1830 1840 1839
f 1832 1833 1841
f 1832 1841 1840
f 1833 1826 1835
f 1833 1835 1841
f 1835 1834 1842
f 1835 1842 1843
f 1834 1836 1844
f 1834 1844 1842
f 1836 1837 1845
f 1836 1845 1844
f 1837 1838 1846
f 1837 1846 1845
f 1838 1839 1847
f 1838 1847 1846
f 1839 1840 1848
f 1839 1848 1847
f 1840 1841 1849
f 1840 1849 1848
f 1841 1835 1843
f 1841 1843 1849
f 1843 1842 1850
f 1843 1850 1851
f 1842 1844 1852
f 1842 1852 1850
f 1844 1845 1853
f 1844 1853 1852
f 1845 1846 1854
f 1845 1854 1853
f 1846 1847 1855
f 1846 1855 1854
f 1847 1848 1856
f 1847 1856 1855
f 1848 1849 1857
f 1848 1857 1856
f 1849 1843 1851
f 1849 1851 1857
f 1851 1850 1858
f 1851 1858 1859
f 1850 1852 1860
f 1850 1860 1858
f 1852 1853 1861
f 1852 1861 1860
f 1853 1854 1862
f 1853 1862 1861
f 1854 1855 1863
f 1854 1863 1862
f 1855 1856 1864
f 1855 1864 1863
f 1856 1857 1865
f 1856 1865 1864
f 1857 1851 1859
f 1857 1859 1865
f 1859 1858 1762
f 1859 1762 1761
f 1858 1860 1763
f 1858 1763 1762
f 1860 1861 1765
f 1860 1765 1763
f 1861 1862 1764
f 1861 1764 1765
f 1862 1863 1824
f 1862 1824 1764
f 1863 1864 1821
f 1863 1821 1824
f 1864 1865 1822
f 1864 1822 1821
f 1865 1859 1761
f 1865 1761 1822
f 1734 1732 1807
f 1734 1807 1806
f 1732 1731 1804
f 1732 1804 1807
f 1731 1813 1810
f 1731 1810 1804
f 1813 1742 1811
f 1813 1811 1810
f 1742 1740 1812
f 1742 1812 1811
f 1740 1738 1808
f 1740 1808 1812
f 1738 1736 1809
f 1738 1809 1808
f 1736 1734 1806
f 1736 1806 1809
f 1831 1823 1778
f 1831 1778 1780
f 1815 1814 1786
f 1815 1786 1773
f 1823 1819 1776
f 1823 1776 1778
f 1814 1816 1784
f 1814 1784 1786
f 1818 1831 1780
f 1818 1780 1782
f 1817 1815 1773
f 1817 1773 1772
f 1819 1817 1772
f 1819 1772 1776
f 1816 1818 1782
f 1816 1782 1784
f 1866 1867 1868
f 1866 1868 1869
f 1870 1866 1869
f 1870 1869 1871
f 1872 1870 1871
f 1872 1871 1873
f 1874 1872 1873
f 1874 1873 1875
f 1876 1874 1875
f 1876 1875 1877
f 1878 1876 1877
f 1878 1877 1879
f 1880 1881 1878
f 1880 1878 1882
f 1883 1880 1882
f 1883 1882 1867
f 1884 1883 1867
f 1884 1867 1866
f 1885 1884 1866
f 1885 1866 1870
f 1886 1885 1870
f 1886 1870 1872
f 1887 1886 1872
f 1887 1872 1874
f 1888 1887 1874
f 1888 1874 1876
f 1881 1888 1876
f 1881 1876 1878
f 1889 1890 1891
f 1889 1891 1892
f 1893 1889 1892
f 1893 1892 1894
f 1895 1893 1894
f 1895 1894 1896
f 1897 1898 1899
f 1897 1899 1900
f 1901 1897 1900
f 1901 1900 1902
f 1903 1904 1905
f 1903 1905 1906
f 1907 1903 1906
f 1907 1906 1908
f 1890 1907 1908
f 1890 1908 1891
f 1909 1910 1911
f 1909 1911 1912
f 1913 1909 1912
f 1913 1912 1914
f 1915 1913 1914
f 1915 1914 1916
f 1917 1915 1916
f 1917 1916 1918
f 1919 1917 1918
f 1919 1918 1920
f 1921 1919 1920
f 1921 1920 1922
f 1923 1921 1922
f 1923 1922 1924
f 1924 1911 1910
f 1924 1910 1923
f 1925 1926 1911
f 1925 1911 1924
f 1927 1925 1924
f 1927 1924 1922
f 1928 1927 1922
f 1928 1922 1920
f 1929 1928 1920
f 1929 1920 1918
f 1930 1929 1918
f 1930 1918 1916
f 1931 1930 1916
f 1931 1916 1914
f 1932 1931 1914
f 1932 1914 1912
f 1926 1932 1912
f 1926 1912 1911
f 1933 1934 1926
f 1933 1926 1925
f 1935 1933 1925
f 1935 1925 1927
f 1936 1935 1927
f 1936 1927 1928
f 1937 1936 1928
f 1937 1928 1929
f 1938 1937 1929
f 1938 1929 1930
f 1939 1938 1930
f 1939 1930 1931
f 1940 1939 1931
f 1940 1931 1932
f 1934 1940 1932
f 1934 1932 1926
f 1941 1942 1943
f 1941 1943 1944
f 1942 1945 1946
f 1942 1946 1943
f 1942 1941 1947
f 1942 1947 1948
f 1945 1942 1948
f 1945 1948 1949
f 1882 1878 1879
f 1882 1879 1950
f 1867 1882 1950
f 1867 1950 1868
f 1890 1889 1951
f 1890 1951 1952
f 1881 1880 1892
f 1881 1892 1891
f 1889 1893 1953
f 1889 1953 1951
f 1880 1883 1894
f 1880 1894 1892
f 1907 1890 1952
f 1907 1952 1954
f 1888 1881 1891
f 1888 1891 1908
f 1893 1895 1955
f 1893 1955 1953
f 1883 1884 1896
f 1883 1896 1894
f 1887 1888 1908
f 1887 1908 1906
f 1903 1907 1954
f 1903 1954 1956
f 1884 1885 1957
f 1884 1957 1896
f 1898 1897 1958
f 1898 1958 1959
f 1886 1887 1906
f 1886 1906 1905
f 1904 1903 1956
f 1904 1956 1960
f 1885 1886 1905
f 1885 1905 1957
f 1897 1901 1961
f 1897 1961 1958
f 1895 1896 1962
f 1895 1962 1963
f 1896 1957 1964
f 1896 1964 1962
f 1957 1905 1965
f 1957 1965 1964
f 1905 1904 1966
f 1905 1966 1965
f 1904 1960 1967
f 1904 1967 1966
f 1960 1968 1969
f 1960 1969 1967
f 1968 1955 1970
f 1968 1970 1969
f 1955 1895 1963
f 1955 1963 1970
f 1963 1962 1971
f 1963 1971 1972
f 1962 1964 1973
f 1962 1973 1971
f 1964 1965 1974
f 1964 1974 1973
f 1965 1966 1975
f 1965 1975 1974
f 1966 1967 1976
f 1966 1976 1975
f 1967 1969 1977
f 1967 1977 1976
f 1969 1970 1978
f 1969 1978 1977
f 1970 1963 1972
f 1970 1972 1978
f 1972 1971 1979
f 1972 1979 1980
f 1971 1973 1981
f 1971 1981 1979
f 1973 1974 1982
f 1973 1982 1981
f 1974 1975 1983
f 1974 1983 1982
f 1975 1976 1984
f 1975 1984 1983
f 1976 1977 1985
f 1976 1985 1984
f 1977 1978 1986
f 1977 1986 1985
f 1978 1972 1980
f 1978 1980 1986
f 1980 1979 1987
f 1980 1987 1988
f 1979 1981 1989
f 1979 1989 1987
f 1981 1982 1990
f 1981 1990 1989
f 1982 1983 1991
f 1982 1991 1990
f 1983 1984 1992
f 1983 1992 1991
f 1984 1985 1993
f 1984 1993 1992
f 1985 1986 1994
f 1985 1994 1993
f 1986 1980 1988
f 1986 1988 1994
f 1988 1987 1995
f 1988 1995 1996
f 1987 1989 1997
f 1987 1997 1995
f 1989 1990 1998
f 1989 1998 1997
f 1990 1991 1999
f 1990 1999 1998
f 1991 1992 2000
f 1991 2000 1999
f 1992 1993 2001
f 1992 2001 2000
f 1993 1994 2002
f 1993 2002 2001
f 1994 1988 1996
f 1994 1996 2002
f 1996 1995 1899
f 1996 1899 1898
f 1995 1997 1900
f 1995 1900 1899
f 1997 1998 1902
f 1997 1902 1900
f 1998 1999 1901
f 1998 1901 1902
f 1999 2000 1961
f 1999 1961 1901
f 2000 2001 1958
f 2000 1958 1961
f 2001 2002 1959
f 2001 1959 1958
f 2002 1996 1898
f 2002 1898 1959
f 1871 1869 1944
f 1871 1944 1943
f 1869 1868 1941
f 1869 1941 1944
f 1868 1950 1947
f 1868 1947 1941
f 1950 1879 1948
f 1950 1948 1947
f 1879 1877 1949
f 1879 1949 1948
f 1877 1875 1945
f 1877 1945 1949
f 1875 1873 1946
f 1875 1946 1945
f 1873 1871 1943
f 1873 1943 1946
f 1968 1960 1915
f 1968 1915 1917
f 1952 1951 1923
f 1952 1923 1910
f 1960 1956 1913
f 1960 1913 1915
f 1951 1953 1921
f 1951 1921 1923
f 1955 1968 1917
f 1955 1917 1919
f 1954 1952 1910
f 1954 1910 1909
f 1956 1954 1909
f 1956 1909 1913
f 1953 1955 1919
f 1953 1919 1921
f 2003 2004 2005
f 2003 2005 2006
f 2007 2003 2006
f 2007 2006 2008
f 2009 2007 2008
f 2009 2008 2010
f 2011 2009 2010
f 2011 2010 2012
f 2013 2011 2012
f 2013 2012 2014
f 2015 2013 2014
f 2015 2014 2016
f 2017 2018 2015
f 2017 2015 2019
f 2020 2017 2019
f 2020 2019 2004
f 2021 2020 2004
f 2021 2004 2003
f 2022 2021 2003
f 2022 2003 2007
f 2023 2022 2007
f 2023 2007 2009
f 2024 2023 2009
f 2024 2009 2011
f 2025 2024 2011
f 2025 2011 2013
f 2018 2025 2013
f 2018 2013 2015
f 2026 2027 2028
f 2026 2028 2029
f 2030 2026 2029
f 2030 2029 2031
f 2032 2030 2031
f 2032 2031 2033
f 2034 2035 2036
f 2034 2036 2037
f 2038 2034 2037
f 2038 2037 2039
f 2040 2041 2042
f 2040 2042 2043
f 2044 2040 2043
f 2044 2043 2045
f 2027 2044 2045
f 2027 2045 2028
f 2046 2047 2048
f 2046 2048 2049
f 2050 2046 2049
f 2050 2049 2051
f 2052 2050 2051
f 2052 2051 2053
f 2054 2052 2053
f 2054 2053 2055
f 2056 2054 2055
f 2056 2055 2057
f 2058 2056 2057
f 2058 2057 2059
f 2060 2058 2059
f 2060 2059 2061
f 2061 2048 2047
f 2061 2047 2060
f 2062 2063 2048
f 2062 2048 2061
f 2064 2062 2061
f 2064 2061 2059
f 2065 2064 2059
f 2065 2059 2057
f 2066 2065 2057
f 2066 2057 2055
f 2067 2066 2055
f 2067 2055 2053
f 2068 2067 2053
f 2068 2053 2051
f 2069 2068 2051
f 2069 2051 2049
f 2063 2069 2049
f 2063 2049 2048
f 2070 2071 2063
f 2070 2063 2062
f 2072 2070 2062
f 2072 2062 2064
f 2073 2072 2064
f 2073 2064 2065
f 2074 2073 2065
f 2074 2065 2066
f 2075 2074 2066
f 2075 2066 2067
f 2076 2075 2067
f 2076 2067 2068
f 2077 2076 2068
f 2077 2068 2069
f 2071 2077 2069
f 2071 2069 2063
f 2078 2079 2080
f 2078 2080 2081
f 2079 2082 2083
f 2079 2083 2080
f 2079 2078 2084
f 2079 2084 2085
f 2082 2079 2085
f 2082 2085 2086
f 2019 2015 2016
f 2019 2016 2087
f 2004 2019 2087
f 2004 2087 2005
f 2027 2026 2088
f 2027 2088 2089
f 2018 2017 2029
f 2018 2029 2028
f 2026 2030 2090
f 2026 2090 2088
f 2017 2020 2031
f 2017 2031 2029
f 2044 2027 2089
f 2044 2089 2091
f 2025 2018 2028
f 2025 2028 2045
f 2030 2032 2092
f 2030 2092 2090
f 2020 2021 2033
f 2020 2033 2031
f 2024 2025 2045
f 2024 2045 2043
f 2040 2044 2091
f 2040 2091 2093
f 2021 2022 2094
f 2021 2094 2033
f 2035 2034 2095
f 2035 2095 2096
f 2023 2024 2043
f 2023 2043 2042
f 2041 2040 2093
f 2041 2093 2097
f 2022 2023 2042
f 2022 2042 2094
f 2034 2038 2098
f 2034 2098 2095
f 2032 2033 2099
f 2032 2099 2100
f 2033 2094 2101
f 2033 2101 2099
f 2094 2042 2102
f 2094 2102 2101
f 2042 2041 2103
f 2042 2103 2102
f 2041 2097 2104
f 2041 2104 2103
f 2097 2105 2106
f 2097 2106 2104
f 2105 2092 2107
f 2105 2107 2106
f 2092 2032 2100
f 2092 2100 2107
f 2100 2099 2108
f 2100 2108 2109
f 2099 2101 2110
f 2099 2110 2108
f 2101 2102 2111
f 2101 2111 2110
f 2102 2103 2112
f 2102 2112 2111
f 2103 2104 2113
f 2103 2113 2112
f 2104 2106 2114
f 2104 2114 2113
f 2106 2107 2115
f 2106 2115 2114
f 2107 2100 2109
f 2107 2109 2115
f 2109 2108 2116
f 2109 2116 2117
f 2108 2110 2118
f 2108 2118 2116
f 2110 2111 2119
f 2110 2119 2118
f 2111 2112 2120
f 2111 2120 2119
f 2112 2113 2121
f 2112 2121 2120
f 2113 2114 2122
f 2113 2122 2121
f 2114 2115 2123
f 2114 2123 2122
f 2115 2109 2117
f 2115 2117 2123
f 2117 2116 2124
f 2117 2124 2125
f 2116 2118 2126
f 2116 2126 2124
f 2118 2119 2127
f 2118 2127 2126
f 2119 2120 2128
f 2119 2128 2127
f 2120 2121 2129
f 2120 2129 2128
f 2121 2122 2130
f 2121 2130 2129
f 2122 2123 2131
f 2122 2131 2130
f 2123 2117 2125
f 2123 2125 2131
f 2125 2124 2132
f 2125 2132 2133
f 2124 2126 2134
f 2124 2134 2132
f 2126 2127 2135
f 2126 2135 2134
f 2127 2128 2136
f 2127 2136 2135
f 2128 2129 2137
f 2128 2137 2136
f 2129 2130 2138
f 2129 2138 2137
f 2130 2131 2139
f 2130 2139 2138
f 2131 2125 2133
f 2131 2133 2139
f 2133 2132 2036
f 2133 2036 2035
f 2132 2134 2037
f 2132 2037 2036
f 2134 2135 2039
f 2134 2039 2037
f 2135 2136 2038
f 2135 2038 2039
f 2136 2137 2098
f 2136 2098 2038
f 2137 2138 2095
f 2137 2095 2098
f 2138 2139 2096
f 2138 2096 2095
f 2139 2133 2035
f 2139 2035 2096
f 2008 2006 2081
f 2008 2081 2080
f 2006 2005 2078
f 2006 2078 2081
f 2005 2087 2084
f 2005 2084 2078
f 2087 2016 2085
f 2087 2085 2084
f 2016 2014 2086
f 2016 2086 2085
f 2014 2012 2082
f 2014 2082 2086
f 2012 2010 2083
f 2012 2083 2082
f 2010 2008 2080
f 2010 2080 2083
f 2105 2097 2052
f 2105 2052 2054
f 2089 2088 2060
f 2089 2060 2047
f 2097 2093 2050
f 2097 2050 2052
f 2088 2090 2058
f 2088 2058 2060
f 2092 2105 2054
f 2092 2054 2056
f 2091 2089 2047
f 2091 2047 2046
f 2093 2091 2046
f 2093 2046 2050
f 2090 2092 2056
f 2090 2056 2058
f 2140 2141 2142
f 2140 2142 2143
f 2144 2140 2143
f 2144 2143 2145
f 2146 2144 2145
f 2146 2145 2147
f 2148 2146 2147
f 2148 2147 2149
f 2150 2148 2149
f 2150 2149 2151
f 2152 2150 2151
f 2152 2151 2153
f 2154 2155 2152
f 2154 2152 2156
f 2157 2154 2156
f 2157 2156 2141
f 2158 2157 2141
f 2158 2141 2140
f 2159 2158 2140
f 2159 2140 2144
f 2160 2159 2144
f 2160 2144 2146
f 2161 2160 2146
f 2161 2146 2148
f 2162 2161 2148
f 2162 2148 2150
f 2155 2162 2150
f 2155 2150 2152
f 2163 2164 2165
f 2163 2165 2166
f 2167 2163 2166
f 2167 2166 2168
f 2169 2167 2168
f 2169 2168 2170
f 2171 2172 2173
f 2171 2173 2174
f 2175 2171 2174
f 2175 2174 2176
f 2177 2178 2179
f 2177 2179 2180
f 2181 2177 2180
f 2181 2180 2182
f 2164 2181 2182
f 2164 2182 2165
f 2183 2184 2185
f 2183 2185 2186
f 2187 2183 2186
f 2187 2186 2188
f 2189 2187 2188
f 2189 2188 2190
f 2191 2189 2190
f 2191 2190 2192
f 2193 2191 2192
f 2193 2192 2194
f 2195 2193 2194
f 2195 2194 2196
f 2197 2195 2196
f 2197 2196 2198
f 2198 2185 2184
f 2198 2184 2197
f 2199 2200 2185
f 2199 2185 2198
f 2201 2199 2198
f 2201 2198 2196
f 2202 2201 2196
f 2202 2196 2194
f 2203 2202 2194
f 2203 2194 2192
f 2204 2203 2192
f 2204 2192 2190
f 2205 2204 2190
f 2205 2190 2188
f 2206 2205 2188
f 2206 2188 2186
f 2200 2206 2186
f 2200 2186 2185
f 2207 2208 2200
f 2207 2200 2199
f 2209 2207 2199
f 2209 2199 2201
f 2210 2209 2201
f 2210 2201 2202
f 2211 2210 2202
f 2211 2202 2203
f 2212 2211 2203
f 2212 2203 2204
f 2213 2212 2204
f 2213 2204 2205
f 2214 2213 2205
f 2214 2205 2206
f 2208 2214 2206
f 2208 2206 2200
f 2215 2216 2217
f 2215 2217 2218
f 2216 2219 2220
f 2216 2220 2217
f 2216 2215 2221
f 2216 2221 2222
f 2219 2216 2222
f 2219 2222 2223
f 2156 2152 2153
f 2156 2153 2224
f 2141 2156 2224
f 2141 2224 2142
f 2164 2163 2225
f 2164 2225 2226
f 2155 2154 2166
f 2155 2166 2165
f 2163 2167 2227
f 2163 2227 2225
f 2154 2157 2168
f 2154 2168 2166
f 2181 2164 2226
f 2181 2226 2228
f 2162 2155 2165
f 2162 2165 2182
f 2167 2169 2229
f 2167 2229 2227
f 2157 2158 2170
f 2157 2170 2168
f 2161 2162 2182
f 2161 2182 2180
f 2177 2181 2228
f 2177 2228 2230
f 2158 2159 2231
f 2158 2231 2170
f 2172 2171 2232
f 2172 2232 2233
f 2160 2161 2180
f 2160 2180 2179
f 2178 2177 2230
f 2178 2230 2234
f 2159 2160 2179
f 2159 2179 2231
f 2171 2175 2235
f 2171 2235 2232
f 2169 2170 2236
f 2169 2236 2237
f 2170 2231 2238
f 2170 2238 2236
f 2231 2179 2239
f 2231 2239 2238
f 2179 2178 2240
f 2179 2240 2239
f 2178 2234 2241
f 2178 2241 2240
f 2234 2242 2243
f 2234 2243 2241
f 2242 2229 2244
f 2242 2244 2243
f 2229 2169 2237
f 2229 2237 2244
f 2237 2236 2245
f 2237 2245 2246
f 2236 2238 2247
f 2236 2247 2245
f 2238 2239 2248
f 2238 2248 2247
f 2239 2240 2249
f 2239 2249 2248
f 2240 2241 2250
f 2240 2250 2249
f 2241 2243 2251
f 2241 2251 2250
f 2243 2244 2252
f 2243 2252 2251
f 2244 2237 2246
f 2244 2246 2252
f 2246 2245 2253
f 2246 2253 2254
f 2245 2247 2255
f 2245 2255 2253
f 2247 2248 2256
f 2247 2256 2255
f 2248 2249 2257
f 2248 2257 2256
f 2249 2250 2258
f 2249 2258 2257
f 2250 2251 2259
f 2250 2259 2258
f 2251 2252 2260
f 2251 2260 2259
f 2252 2246 2254
f 2252 2254 2260
f 2254 2253 2261
f 2254 2261 2262
f 2253 2255 2263
f 2253 2263 2261
f 2255 2256 2264
f 2255 2264 2263
f 2256 2257 2265
f 2256 2265 2264
f 2257 2258 2266
f 2257 2266 2265
f 2258 2259 2267
f 2258 2267 2266
f 2259 2260 2268
f 2259 2268 2267
f 2260 2254 2262
f 2260 2262 2268
f 2262 2261 2269
f 2262 2269 2270
f 2261 2263 2271
f 2261 2271 2269
f 2263 2264 2272
f 2263 2272 2271
f 2264 2265 2273
f 2264 2273 2272
f 2265 2266 2274
f 2265 2274 2273
f 2266 2267 2275
f 2266 2275 2274
f 2267 2268 2276
f 2267 2276 2275
f 2268 2262 2270
f 2268 2270 2276
f 2270 2269 2173
f 2270 2173 2172
f 2269 2271 2174
f 2269 2174 2173
f 2271 2272 2176
f 2271 2176 2174
f 2272 2273 2175
f 2272 2175 2176
f 2273 2274 2235
f 2273 2235 2175
f 2274 2275 2232
f 2274 2232 2235
f 2275 2276 2233
f 2275 2233 2232
f 2276 2270 2172
f 2276 2172 2233
f 2145 2143 2218
f 2145 2218 2217
f 2143 2142 2215
f 2143 2215 2218
f 2142 2224 2221
f 2142 2221 2215
f 2224 2153 2222
f 2224 2222 2221
f 2153 2151 2223
f 2153 2223 2222
f 2151 2149 2219
f 2151 2219 2223
f 2149 2147 2220
f 2149 2220 2219
f 2147 2145 2217
f 2147 2217 2220
f 2242 2234 2189
f 2242 2189 2191
f 2226 2225 2197
f 2226 2197 2184
f 2234 2230 2187
f 2234 2187 2189
f 2225 2227 2195
f 2225 2195 2197
f 2229 2242 2191
f 2229 2191 2193
f 2228 2226 2184
f 2228 2184 2183
f 2230 2228 2183
f 2230 2183 2187
f 2227 2229 2193
f 2227 2193 2195
f 2277 2278 2279
f 2277 2279 2280
f 2281 2277 2280
f 2281 2280 2282
f 2283 2281 2282
f 2283 2282 2284
f 2285 2283 2284
f 2285 2284 2286
f 2287 2285 2286
f 2287 2286 2288
f 2289 2287 2288
f 2289 2288 2290
f 2291 2292 2289
f 2291 2289 2293
f 2294 2291 2293
f 2294 2293 2278
f 2295 2294 2278
f 2295 2278 2277
f 2296 2295 2277
f 2296 2277 2281
f 2297 2296 2281
f 2297 2281 2283
f 2298 2297 2283
f 2298 2283 2285
f 2299 2298 2285
f 2299 2285 2287
f 2292 2299 2287
f 2292 2287 2289
f 2300 2301 2302
f 2300 2302 2303
f 2304 2300 2303
f 2304 2303 2305
f 2306 2304 2305
f 2306 2305 2307
f 2308 2309 2310
f 2308 2310 2311
f 2312 2308 2311
f 2312 2311 2313
f 2314 2315 2316
f 2314 2316 2317
f 2318 2314 2317
f 2318 2317 2319
f 2301 2318 2319
f 2301 2319 2302
f 2320 2321 2322
f 2320 2322 2323
f 2324 2320 2323
f 2324 2323 2325
f 2326 2324 2325
f 2326 2325 2327
f 2328 2326 2327
f 2328 2327 2329
f 2330 2328 2329
f 2330 2329 2331
f 2332 2330 2331
f 2332 2331 2333
f 2334 2332 2333
f 2334 2333 2335
f 2335 2322 2321
f 2335 2321 2334
f 2336 2337 2322
f 2336 2322 2335
f 2338 2336 2335
f 2338 2335 2333
f 2339 2338 2333
f 2339 2333 2331
f 2340 2339 2331
f 2340 2331 2329
f 2341 2340 2329
f 2341 2329 2327
f 2342 2341 2327
f 2342 2327 2325
f 2343 2342 2325
f 2343 2325 2323
f 2337 2343 2323
f 2337 2323 2322
f 2344 2345 2337
f 2344 2337 2336
f 2346 2344 2336
f 2346 2336 2338
f 2347 2346 2338
f 2347 2338 2339
f 2348 2347 2339
f 2348 2339 2340
f 2349 2348 2340
f 2349 2340 2341
f 2350 2349 2341
f 2350 2341 2342
f 2351 2350 2342
f 2351 2342 2343
f 2345 2351 2343
f 2345 2343 2337
f 2352 2353 2354
f 2352 2354 2355
f 2353 2356 2357
f 2353 2357 2354
f 2353 2352 2358
f 2353 2358 2359
f 2356 2353 2359
f 2356 2359 2360
f 2293 2289 2290
f 2293 2290 2361
f 2278 2293 2361
f 2278 2361 2279
f 2301 2300 2362
f 2301 2362 2363
f 2292 2291 2303
f 2292 2303 2302
f 2300 2304 2364
f 2300 2364 2362
f 2291 2294 2305
f 2291 2305 2303
f 2318 2301 2363
f 2318 2363 2365
f 2299 2292 2302
f 2299 2302 2319
f 2304 2306 2366
f 2304 2366 2364
f 2294 2295 2307
f 2294 2307 2305
f 2298 2299 2319
f 2298 2319 2317
f 2314 2318 2365
f 2314 2365 2367
f 2295 2296 2368
f 2295 2368 2307
f 2309 2308 2369
f 2309 2369 2370
f 2297 2298 2317
f 2297 2317 2316
f 2315 2314 2367
f 2315 2367 2371
f 2296 2297 2316
f 2296 2316 2368
f 2308 2312 2372
f 2308 2372 2369
f 2306 2307 2373
f 2306 2373 2374
f 2307 2368 2375
f 2307 2375 2373
f 2368 2316 2376
f 2368 2376 2375
f 2316 2315 2377
f 2316 2377 2376
f 2315 2371 2378
f 2315 2378 2377
f 2371 2379 2380
f 2371 2380 2378
f 2379 2366 2381
f 2379 2381 2380
f 2366 2306 2374
f 2366 2374 2381
f 2374 2373 2382
f 2374 2382 2383
f 2373 2375 2384
f 2373 2384 2382
f 2375 2376 2385
f 2375 2385 2384
f 2376 2377 2386
f 2376 2386 2385
f 2377 2378 2387
f 2377 2387 2386
f 2378 2380 2388
f 2378 2388 2387
f 2380 2381 2389
f 2380 2389 2388
f 2381 2374 2383
f 2381 2383 2389
f 2383 2382 2390
f 2383 2390 2391
f 2382 2384 2392
f 2382 2392 2390
f 2384 2385 2393
f 2384 2393 2392
f 2385 2386 2394
f 2385 2394 2393
f 2386 2387 2395
f 2386 2395 2394
f 2387 2388 2396
f 2387 2396 2395
f 2388 2389 2397
f 2388 2397 2396
f 2389 2383 2391
f 2389 2391 2397
f 2391 2390 2398
f 2391 2398 2399
f 2390 2392 2400
f 2390 2400 2398
f 2392 2393 2401
f 2392 2401 2400
f 2393 2394 2402
f 2393 2402 2401
f 2394 2395 2403
f 2394 2403 2402
f 2395 2396 2404
f 2395 2404 2403
f 2396 2397 2405
f 2396 2405 2404
f 2397 2391 2399
f 2397 2399 2405
f 2399 2398 2406
f 2399 2406 2407
f 2398 2400 2408
f 2398 2408 2406
f 2400 2401 2409
f 2400 2409 2408
f 2401 2402 2410
f 2401 2410 2409
f 2402 2403 2411
f 2402 2411 2410
f 2403 2404 2412
f 2403 2412 2411
f 2404 2405 2413
f 2404 2413 2412
f 2405 2399 2407
f 2405 2407 2413
f 2407 2406 2310
f 2407 2310 2309
f 2406 2408 2311
f 2406 2311 2310
f 2408 2409 2313
f 2408 2313 2311
f 2409 2410 2312
f 2409 2312 2313
f 2410 2411 2372
f 2410 2372 2312
f 2411 2412 2369
f 2411 2369 2372
f 2412 2413 2370
f 2412 2370 2369
f 2413 2407 2309
f 2413 2309 2370
f 2282 2280 2355
f 2282 2355 2354
f 2280 2279 2352
f 2280 2352 2355
f 2279 2361 2358
f 2279 2358 2352
f 2361 2290 2359
f 2361 2359 2358
f 2290 2288 2360
f 2290 2360 2359
f 2288 2286 2356
f 2288 2356 2360
f 2286 2284 2357
f 2286 2357 2356
f 2284 2282 2354
f 2284 2354 2357
f 2379 2371 2326
f 2379 2326 2328
f 2363 2362 2334
f 2363 2334 2321
f 2371 2367 2324
f 2371 2324 2326
f 2362 2364 2332
f 2362 2332 2334
f 2366 2379 2328
f 2366 2328 2330
f 2365 2363 2321
f 2365 2321 2320
f 2367 2365 2320
f 2367 2320 2324
f 2364 2366 2330
f 2364 2330 2332
f 2414 2415 2416
f 2414 2416 2417
f 2418 2414 2417
f 2418 2417 2419
f 2420 2418 2419
f 2420 2419 2421
f 2422 2420 2421
f 2422 2421 2423
f 2424 2422 2423
f 2424 2423 2425
f 2426 2424 2425
f 2426 2425 2427
f 2428 2429 2426
f 2428 2426 2430
f 2431 2428 2430
f 2431 2430 2415
f 2432 2431 2415
f 2432 2415 2414
f 2433 2432 2414
f 2433 2414 2418
f 2434 2433 2418
f 2434 2418 2420
f 2435 2434 2420
f 2435 2420 2422
f 2436 2435 2422
f 2436 2422 2424
f 2429 2436 2424
f 2429 2424 2426
f 2437 2438 2439
f 2437 2439 2440
f 2441 2437 2440
f 2441 2440 2442
f 2443 2441 2442
f 2443 2442 2444
f 2445 2446 2447
f 2445 2447 2448
f 2449 2445 2448
f 2449 2448 2450
f 2451 2452 2453
f 2451 2453 2454
f 2455 2451 2454
f 2455 2454 2456
f 2438 2455 2456
f 2438 2456 2439
f 2457 2458 2459
f 2457 2459 2460
f 2461 2457 2460
f 2461 2460 2462
f 2463 2461 2462
f 2463 2462 2464
f 2465 2463 2464
f 2465 2464 2466
f 2467 2465 2466
f 2467 2466 2468
f 2469 2467 2468
f 2469 2468 2470
f 2471 2469 2470
f 2471 2470 2472
f 2472 2459 2458
f 2472 2458 2471
f 2473 2474 2459
f 2473 2459 2472
f 2475 2473 2472
f 2475 2472 2470
f 2476 2475 2470
f 2476 2470 2468
f 2477 2476 2468
f 2477 2468 2466
f 2478 2477 2466
f 2478 2466 2464
f 2479 2478 2464
f 2479 2464 2462
f 2480 2479 2462
f 2480 2462 2460
f 2474 2480 2460
f 2474 2460 2459
f 2481 2482 2474
f 2481 2474 2473
f 2483 2481 2473
f 2483 2473 2475
f 2484 2483 2475
f 2484 2475 2476
f 2485 2484 2476
f 2485 2476 2477
f 2486 2485 2477
f 2486 2477 2478
f 2487 2486 2478
f 2487 2478 2479
f 2488 2487 2479
f 2488 2479 2480
f 2482 2488 2480
f 2482 2480 2474
f 2489 2490 2491
f 2489 2491 2492
f 2490 2493 2494
f 2490 2494 2491
f 2490 2489 2495
f 2490 2495 2496
f 2493 2490 2496
f 2493 2496 2497
f 2430 2426 2427
f 2430 2427 2498
f 2415 2430 2498
f 2415 2498 2416
f 2438 2437 2499
f 2438 2499 2500
f 2429 2428 2440
f 2429 2440 2439
f 2437 2441 2501
f 2437 2501 2499
f 2428 2431 2442
f 2428 2442 2440
f 2455 2438 2500
f 2455 2500 2502
f 2436 2429 2439
f 2436 2439 2456
f 2441 2443 2503
f 2441 2503 2501
f 2431 2432 2444
f 2431 2444 2442
f 2435 2436 2456
f 2435 2456 2454
f 2451 2455 2502
f 2451 2502 2504
f 2432 2433 2505
f 2432 2505 2444
f 2446 2445 2506
f 2446 2506 2507
f 2434 2435 2454
f 2434 2454 2453
f 2452 2451 2504
f 2452 2504 2508
f 2433 2434 2453
f 2433 2453 2505
f 2445 2449 2509
f 2445 2509 2506
f 2443 2444 2510
f 2443 2510 2511
f 2444 2505 2512
f 2444 2512 2510
f 2505 2453 2513
f 2505 2513 2512
f 2453 2452 2514
f 2453 2514 2513
f 2452 2508 2515
f 2452 2515 2514
f 2508 2516 2517
f 2508 2517 2515
f 2516 2503 2518
f 2516 2518 2517
f 2503 2443 2511
f 2503 2511 2518
f 2511 2510 2519
f 2511 2519 2520
f 2510 2512 2521
f 2510 2521 2519
f 2512 2513 2522
f 2512 2522 2521
f 2513 2514 2523
f 2513 2523 2522
f 2514 2515 2524
f 2514 2524 2523
f 2515 2517 2525
f 2515 2525 2524
f 2517 2518 2526
f 2517 2526 2525
f 2518 2511 2520
f 2518 2520 2526
f 2520 2519 2527
f 2520 2527 2528
f 2519 2521 2529
f 2519 2529 2527
f 2521 2522 2530
f 2521 2530 2529
f 2522 2523 2531
f 2522 2531 2530
f 2523 2524 2532
f 2523 2532 2531
f 2524 2525 2533
f 2524 2533 2532
f 2525 2526 2534
f 2525 2534 2533
f 2526 2520 2528
f 2526 2528 2534
f 2528 2527 2535
f 2528 2535 2536
f 2527 2529 2537
f 2527 2537 2535
f 2529 2530 2538
f 2529 2538 2537
f 2530 2531 2539
f 2530 2539 2538
f 2531 2532 2540
f 2531 2540 2539
f 2532 2533 2541
f 2532 2541 2540
f 2533 2534 2542
f 2533 2542 2541
f 2534 2528 2536
f 2534 2536 2542
f 2536 2535 2543
f 2536 2543 2544
f 2535 2537 2545
f 2535 2545 2543
f 2537 2538 2546
f 2537 2546 2545
f 2538 2539 2547
f 2538 2547 2546
f 2539 2540 2548
f 2539 2548 2547
f 2540 2541 2549
f 2540 2549 2548
f 2541 2542 2550
f 2541 2550 2549
f 2542 2536 2544
f 2542 2544 2550
f 2544 2543 2447
f 2544 2447 2446
f 2543 2545 2448
f 2543 2448 2447
f 2545 2546 2450
f 2545 2450 2448
f 2546 2547 2449
f 2546 2449 2450
f 2547 2548 2509
f 2547 2509 2449
f 2548 2549 2506
f 2548 2506 2509
f 2549 2550 2507
f 2549 2507 2506
f 2550 2544 2446
f 2550 2446 2507
f 2419 2417 2492
f 2419 2492 2491
f 2417 2416 2489
f 2417 2489 2492
f 2416 2498 2495
f 2416 2495 2489
f 2498 2427 2496
f 2498 2496 2495
f 2427 2425 2497
f 2427 2497 2496
f 2425 2423 2493
f 2425 2493 2497
f 2423 2421 2494
f 2423 2494 2493
f 2421 2419 2491
f 2421 2491 2494
f 2516 2508 2463
f 2516 2463 2465
f 2500 2499 2471
f 2500 2471 2458
f 2508 2504 2461
f 2508 2461 2463
f 2499 2501 2469
f 2499 2469 2471
f 2503 2516 2465
f 2503 2465 2467
f 2502 2500 2458
f 2502 2458 2457
f 2504 2502 2457
f 2504 2457 2461
f 2501 2503 2467
f 2501 2467 2469
f 2551 2552 2553
f 2551 2553 2554
f 2555 2551 2554
f 2555 2554 2556
f 2557 2555 2556
f 2557 2556 2558
f 2559 2557 2558
f 2559 2558 2560
f 2561 2559 2560
f 2561 2560 2562
f 2563 2561 2562
f 2563 2562 2564
f 2565 2566 2563
f 2565 2563 2567
f 2568 2565 2567
f 2568 2567 2552
f 2569 2568 2552
f 2569 2552 2551
f 2570 2569 2551
f 2570 2551 2555
f 2571 2570 2555
f 2571 2555 2557
f 2572 2571 2557
f 2572 2557 2559
f 2573 2572 2559
f 2573 2559 2561
f 2566 2573 2561
f 2566 2561 2563
f 2574 2575 2576
f 2574 2576 2577
f 2578 2574 2577
f 2578 2577 2579
f 2580 2578 2579
f 2580 2579 2581
f 2582 2583 2584
f 2582 2584 2585
f 2586 2582 2585
f 2586 2585 2587
f 2588 2589 2590
f 2588 2590 2591
f 2592 2588 2591
f 2592 2591 2593
f 2575 2592 2593
f 2575 2593 2576
f 2594 2595 2596
f 2594 2596 2597
f 2598 2594 2597
f 2598 2597 2599
f 2600 2598 2599
f 2600 2599 2601
f 2602 2600 2601
f 2602 2601 2603
f 2604 2602 2603
f 2604 2603 2605
f 2606 2604 2605
f 2606 2605 2607
f 2608 2606 2607
f 2608 2607 2609
f 2609 2596 2595
f 2609 2595 2608
f 2610 2611 2596
f 2610 2596 2609
f 2612 2610 2609
f 2612 2609 2607
f 2613 2612 2607
f 2613 2607 2605
f 2614 2613 2605
f 2614 2605 2603
f 2615 2614 2603
f 2615 2603 2601
f 2616 2615 2601
f 2616 2601 2599
f 2617 2616 2599
f 2617 2599 2597
f 2611 2617 2597
f 2611 2597 2596
f 2618 2619 2611
f 2618 2611 2610
f 2620 2618 2610
f 2620 2610 2612
f 2621 2620 2612
f 2621 2612 2613
f 2622 2621 2613
f 2622 2613 2614
f 2623 2622 2614
f 2623 2614 2615
f 2624 2623 2615
f 2624 2615 2616
f 2625 2624 2616
f 2625 2616 2617
f 2619 2625 2617
f 2619 2617 2611
f 2626 2627 2628
f 2626 2628 2629
f 2627 2630 2631
f 2627 2631 2628
f 2627 2626 2632
f 2627 2632 2633
f 2630 2627 2633
f 2630 2633 2634
f 2567 2563 2564
f 2567 2564 2635
f 2552 2567 2635
f 2552 2635 2553
f 2575 2574 2636
f 2575 2636 2637
f 2566 2565 2577
f 2566 2577 2576
f 2574 2578 2638
f 2574 2638 2636
f 2565 2568 2579
f 2565 2579 2577
f 2592 2575 2637
f 2592 2637 2639
f 2573 2566 2576
f 2573 2576 2593
f 2578 2580 2640
f 2578 2640 2638
f 2568 2569 2581
f 2568 2581 2579
f 2572 2573 2593
f 2572 2593 2591
f 2588 2592 2639
f 2588 2639 2641
f 2569 2570 2642
f 2569 2642 2581
f 2583 2582 2643
f 2583 2643 2644
f 2571 2572 2591
f 2571 2591 2590
f 2589 2588 2641
f 2589 2641 2645
f 2570 2571 2590
f 2570 2590 2642
f 2582 2586 2646
f 2582 2646 2643
f 2580 2581 2647
f 2580 2647 2648
f 2581 2642 2649
f 2581 2649 2647
f 2642 2590 2650
f 2642 2650 2649
f 2590 2589 2651
f 2590 2651 2650
f 2589 2645 2652
f 2589 2652 2651
f 2645 2653 2654
f 2645 2654 2652
f 2653 2640 2655
f 2653 2655 2654
f 2640 2580 2648
f 2640 2648 2655
f 2648 2647 2656
f 2648 2656 2657
f 2647 2649 2658
f 2647 2658 2656
f 2649 2650 2659
f 2649 2659 2658
f 2650 2651 2660
f 2650 2660 2659
f 2651 2652 2661
f 2651 2661 2660
f 2652 2654 2662
f 2652 2662 2661
f 2654 2655 2663
f 2654 2663 2662
f 2655 2648 2657
f 2655 2657 2663
f 2657 2656 2664
f 2657 2664 2665
f 2656 2658 2666
f 2656 2666 2664
f 2658 2659 2667
f 2658 2667 2666
f 2659 2660 2668
f 2659 2668 2667
f 2660 2661 2669
f 2660 2669 2668
f 2661 2662 2670
f 2661 2670 2669
f 2662 2663 2671
f 2662 2671 2670
f 2663 2657 2665
f 2663 2665 2671
f 2665 2664 2672
f 2665 2672 2673
f 2664 2666 2674
f 2664 2674 2672
f 2666 2667 2675
f 2666 2675 2674
f 2667 2668 2676
f 2667 2676 2675
f 2668 2669 2677
f 2668 2677 2676
f 2669 2670 2678
f 2669 2678 2677
f 2670 2671 2679
f 2670 2679 2678
f 2671 2665 2673
f 2671 2673 2679
f 2673 2672 2680
f 2673 2680 2681
f 2672 2674 2682
f 2672 2682 2680
f 2674 2675 2683
f 2674 2683 2682
f 2675 2676 2684
f 2675 2684 2683
f 2676 2677 2685
f 2676 2685 2684
f 2677 2678 2686
f 2677 2686 2685
f 2678 2679 2687
f 2678 2687 2686
f 2679 2673 2681
f 2679 2681 2687
f 2681 2680 2584
f 2681 2584 2583
f 2680 2682 2585
f 2680 2585 2584
f 2682 2683 2587
f 2682 2587 2585
f 2683 2684 2586
f 2683 2586 2587
f 2684 2685 2646
f 2684 2646 2586
f 2685 2686 2643
f 2685 2643 2646
f 2686 2687 2644
f 2686 2644 2643
f 2687 2681 2583
f 2687 2583 2644
f 2556 2554 2629
f 2556 2629 2628
f 2554 2553 2626
f 2554 2626 2629
f 2553 2635 2632
f 2553 2632 2626
f 2635 2564 2633
f 2635 2633 2632
f 2564 2562 2634
f 2564 2634 2633
f 2562 2560 2630
f 2562 2630 2634
f 2560 2558 2631
f 2560 2631 2630
f 2558 2556 2628
f 2558 2628 2631
f 2653 2645 2600
f 2653 2600 2602
f 2637 2636 2608
f 2637 2608 2595
f 2645 2641 2598
f 2645 2598 2600
f 2636 2638 2606
f 2636 2606 2608
f 2640 2653 2602
f 2640 2602 2604
f 2639 2637 2595
f 2639 2595 2594
f 2641 2639 2594
f 2641 2594 2598
f 2638 2640 2604
f 2638 2604 2606
f 2688 2689 2690
f 2688 2690 2691
f 2692 2688 2691
f 2692 2691 2693
f 2694 2692 2693
f 2694 2693 2695
f 2696 2694 2695
f 2696 2695 2697
f 2698 2696 2697
f 2698 2697 2699
f 2700 2698 2699
f 2700 2699 2701
f 2702 2703 2700
f 2702 2700 2704
f 2705 2702 2704
f 2705 2704 2689
f 2706 2705 2689
f 2706 2689 2688
f 2707 2706 2688
f 2707 2688 2692
f 2708 2707 2692
f 2708 2692 2694
f 2709 2708 2694
f 2709 2694 2696
f 2710 2709 2696
f 2710 2696 2698
f 2703 2710 2698
f 2703 2698 2700
f 2711 2712 2713
f 2711 2713 2714
f 2715 2711 2714
f 2715 2714 2716
f 2717 2715 2716
f 2717 2716 2718
f 2719 2720 2721
f 2719 2721 2722
f 2723 2719 2722
f 2723 2722 2724
f 2725 2726 2727
f 2725 2727 2728
f 2729 2725 2728
f 2729 2728 2730
f 2712 2729 2730
f 2712 2730 2713
f 2731 2732 2733
f 2731 2733 2734
f 2735 2731 2734
f 2735 2734 2736
f 2737 2735 2736
f 2737 2736 2738
f 2739 2737 2738
f 2739 2738 2740
f 2741 2739 2740
f 2741 2740 2742
f 2743 2741 2742
f 2743 2742 2744
f 2745 2743 2744
f 2745 2744 2746
f 2746 2733 2732
f 2746 2732 2745
f 2747 2748 2733
f 2747 2733 2746
f 2749 2747 2746
f 2749 2746 2744
f 2750 2749 2744
f 2750 2744 2742
f 2751 2750 2742
f 2751 2742 2740
f 2752 2751 2740
f 2752 2740 2738
f 2753 2752 2738
f 2753 2738 2736
f 2754 2753 2736
f 2754 2736 2734
f 2748 2754 2734
f 2748 2734 2733
f 2755 2756 2748
f 2755 2748 2747
f 2757 2755 2747
f 2757 2747 2749
f 2758 2757 2749
f 2758 2749 2750
f 2759 2758 2750
f 2759 2750 2751
f 2760 2759 2751
f 2760 2751 2752
f 2761 2760 2752
f 2761 2752 2753
f 2762 2761 2753
f 2762 2753 2754
f 2756 2762 2754
f 2756 2754 2748
f 2763 2764 2765
f 2763 2765 2766
f 2764 2767 2768
f 2764 2768 2765
f 2764 2763 2769
f 2764 2769 2770
f 2767 2764 2770
f 2767 2770 2771
f 2704 2700 2701
f 2704 2701 2772
f 2689 2704 2772
f 2689 2772 2690
f 2712 2711 2773
f 2712 2773 2774
f 2703 2702 2714
f 2703 2714 2713
f 2711 2715 2775
f 2711 2775 2773
f 2702 2705 2716
f 2702 2716 2714
f 2729 2712 2774
f 2729 2774 2776
f 2710 2703 2713
f 2710 2713 2730
f 2715 2717 2777
f 2715 2777 2775
f 2705 2706 2718
f 2705 2718 2716
f 2709 2710 2730
f 2709 2730 2728
f 2725 2729 2776
f 2725 2776 2778
f 2706 2707 2779
f 2706 2779 2718
f 2720 2719 2780
f 2720 2780 2781
f 2708 2709 2728
f 2708 2728 2727
f 2726 2725 2778
f 2726 2778 2782
f 2707 2708 2727
f 2707 2727 2779
f 2719 2723 2783
f 2719 2783 2780
f 2717 2718 2784
f 2717 2784 2785
f 2718 2779 2786
f 2718 2786 2784
f 2779 2727 2787
f 2779 2787 2786
f 2727 2726 2788
f 2727 2788 2787
f 2726 2782 2789
f 2726 2789 2788
f 2782 2790 2791
f 2782 2791 2789
f 2790 2777 2792
f 2790 2792 2791
f 2777 2717 2785
f 2777 2785 2792
f 2785 2784 2793
f 2785 2793 2794
f 2784 2786 2795
f 2784 2795 2793
f 2786 2787 2796
f 2786 2796 2795
f 2787 2788 2797
f 2787 2797 2796
f 2788 2789 2798
f 2788 2798 2797
f 2789 2791 2799
f 2789 2799 2798
f 2791 2792 2800
f 2791 2800 2799
f 2792 2785 2794
f 2792 2794 2800
f 2794 2793 2801
f 2794 2801 2802
f 2793 2795 2803
f 2793 2803 2801
f 2795 2796 2804
f 2795 2804 2803
f 2796 2797 2805
f 2796 2805 2804
f 2797 2798 2806
f 2797 2806 2805
f 2798 2799 2807
f 2798 2807 2806
f 2799 2800 2808
f 2799 2808 2807
f 2800 2794 2802
f 2800 2802 2808
f 2802 2801 2809
f 2802 2809 2810
f 2801 2803 2811
f 2801 2811 2809
f 2803 2804 2812
f 2803 2812 2811
f 2804 2805 2813
f 2804 2813 2812
f 2805 2806 2814
f 2805 2814 2813
f 2806 2807 2815
f 2806 2815 2814
f 2807 2808 2816
f 2807 2816 2815
f 2808 2802 2810
f 2808 2810 2816
f 2810 2809 2817
f 2810 2817 2818
f 2809 2811 2819
f 2809 2819 2817
f 2811 2812 2820
f 2811 2820 2819
f 2812 2813 2821
f 2812 2821 2820
f 2813 2814 2822
f 2813 2822 2821
f 2814 2815 2823
f 2814 2823 2822
f 2815 2816 2824
f 2815 2824 2823
f 2816 2810 2818
f 2816 2818 2824
f 2818 2817 2721
f 2818 2721 2720
f 2817 2819 2722
f 2817 2722 2721
f 2819 2820 2724
f 2819 2724 2722
f 2820 2821 2723
f 2820 2723 2724
f 2821 2822 2783
f 2821 2783 2723
f 2822 2823 2780
f 2822 2780 2783
f 2823 2824 2781
f 2823 2781 2780
f 2824 2818 2720
f 2824 2720 2781
f 2693 2691 2766
f 2693 2766 2765
f 2691 2690 2763
f 2691 2763 2766
f 2690 2772 2769
f 2690 2769 2763
f 2772 2701 2770
f 2772 2770 2769
f 2701 2699 2771
f 2701 2771 2770
f 2699 2697 2767
f 2699 2767 2771
f 2697 2695 2768
f 2697 2768 2767
f 2695 2693 2765
f 2695 2765 2768
f 2790 2782 2737
f 2790 2737 2739
f 2774 2773 2745
f 2774 2745 2732
f 2782 2778 2735
f 2782 2735 2737
f 2773 2775 2743
f 2773 2743 2745
f 2777 2790 2739
f 2777 2739 2741
f 2776 2774 2732
f 2776 2732 2731
f 2778 2776 2731
f 2778 2731 2735
f 2775 2777 2741
f 2775 2741 2743
f 2825 2826 2827
f 2825 2827 2828
f 2829 2825 2828
f 2829 2828 2830
f 2831 2829 2830
f 2831 2830 2832
f 2833 2831 2832
f 2833 2832 2834
f 2835 2833 2834
f 2835 2834 2836
f 2837 2835 2836
f 2837 2836 2838
f 2839 2840 2837
f 2839 2837 2841
f 2842 2839 2841
f 2842 2841 2826
f 2843 2842 2826
f 2843 2826 2825
f 2844 2843 2825
f 2844 2825 2829
f 2845 2844 2829
f 2845 2829 2831
f 2846 2845 2831
f 2846 2831 2833
f 2847 2846 2833
f 2847 2833 2835
f 2840 2847 2835
f 2840 2835 2837
f 2848 2849 2850
f 2848 2850 2851
f 2852 2848 2851
f 2852 2851 2853
f 2854 2852 2853
f 2854 2853 2855
f 2856 2857 2858
f 2856 2858 2859
f 2860 2856 2859
f 2860 2859 2861
f 2862 2863 2864
f 2862 2864 2865
f 2866 2862 2865
f 2866 2865 2867
f 2849 2866 2867
f 2849 2867 2850
f 2868 2869 2870
f 2868 2870 2871
f 2872 2868 2871
f 2872 2871 2873
f 2874 2872 2873
f 2874 2873 2875
f 2876 2874 2875
f 2876 2875 2877
f 2878 2876 2877
f 2878 2877 2879
f 2880 2878 2879
f 2880 2879 2881
f 2882 2880 2881
f 2882 2881 2883
f 2883 2870 2869
f 2883 2869 2882
f 2884 2885 2870
f 2884 2870 2883
f 2886 2884 2883
f 2886 2883 2881
f 2887 2886 2881
f 2887 2881 2879
f 2888 2887 2879
f 2888 2879 2877
f 2889 2888 2877
f 2889 2877 2875
f 2890 2889 2875
f 2890 2875 2873
f 2891 2890 2873
f 2891 2873 2871
f 2885 2891 2871
f 2885 2871 2870
f 2892 2893 2885
f 2892 2885 2884
f 2894 2892 2884
f 2894 2884 2886
f 2895 2894 2886
f 2895 2886 2887
f 2896 2895 2887
f 2896 2887 2888
f 2897 2896 2888
f 2897 2888 2889
f 2898 2897 2889
f 2898 2889 2890
f 2899 2898 2890
f 2899 2890 2891
f 2893 2899 2891
f 2893 2891 2885
f 2900 2901 2902
f 2900 2902 2903
f 2901 2904 2905
f 2901 2905 2902
f 2901 2900 2906
f 2901 2906 2907
f 2904 2901 2907
f 2904 2907 2908
f 2841 2837 2838
f 2841 2838 2909
f 2826 2841 2909
f 2826 2909 2827
f 2849 2848 2910
f 2849 2910 2911
f 2840 2839 2851
f 2840 2851 2850
f 2848 2852 2912
f 2848 2912 2910
f 2839 2842 2853
f 2839 2853 2851
f 2866 2849 2911
f 2866 2911 2913
f 2847 2840 2850
f 2847 2850 2867
f 2852 2854 2914
f 2852 2914 2912
f 2842 2843 2855
f 2842 2855 2853
f 2846 2847 2867
f 2846 2867 2865
f 2862 2866 2913
f 2862 2913 2915
f 2843 2844 2916
f 2843 2916 2855
f 2857 2856 2917
f 2857 2917 2918
f 2845 2846 2865
f 2845 2865 2864
f 2863 2862 2915
f 2863 2915 2919
f 2844 2845 2864
f 2844 2864 2916
f 2856 2860 2920
f 2856 2920 2917
f 2854 2855 2921
f 2854 2921 2922
f 2855 2916 2923
f 2855 2923 2921
f 2916 2864 2924
f 2916 2924 2923
f 2864 2863 2925
f 2864 2925 2924
f 2863 2919 2926
f 2863 2926 2925
f 2919 2927 2928
f 2919 2928 2926
f 2927 2914 2929
f 2927 2929 2928
f 2914 2854 2922
f 2914 2922 2929
f 2922 2921 2930
f 2922 2930 2931
f 2921 2923 2932
f 2921 2932 2930
f 2923 2924 2933
f 2923 2933 2932
f 2924 2925 2934
f 2924 2934 2933
f 2925 2926 2935
f 2925 2935 2934
f 2926 2928 2936
f 2926 2936 2935
f 2928 2929 2937
f 2928 2937 2936
f 2929 2922 2931
f 2929 2931 2937
f 2931 2930 2938
f 2931 2938 2939
f 2930 2932 2940
f 2930 2940 2938
f 2932 2933 2941
f 2932 2941 2940
f 2933 2934 2942
f 2933 2942 2941
f 2934 2935 2943
f 2934 2943 2942
f 2935 2936 2944
f 2935 2944 2943
f 2936 2937 2945
f 2936 2945 2944
f 2937 2931 2939
f 2937 2939 2945
f 2939 2938 2946
f 2939 2946 2947
f 2938 2940 2948
f 2938 2948 2946
f 2940 2941 2949
f 2940 2949 2948
f 2941 2942 2950
f 2941 2950 2949
f 2942 2943 2951
f 2942 2951 2950
f 2943 2944 2952
f 2943 2952 2951
f 2944 2945 2953
f 2944 2953 2952
f 2945 2939 2947
f 2945 2947 2953
f 2947 2946 2954
f 2947 2954 2955
f 2946 2948 2956
f 2946 2956 2954
f 2948 2949 2957
f 2948 2957 2956
f 2949 2950 2958
f 2949 2958 2957
f 2950 2951 2959
f 2950 2959 2958
f 2951 2952 2960
f 2951 2960 2959
f 2952 2953 2961
f 2952 2961 2960
f 2953 2947 2955
f 2953 2955 2961
f 2955 2954 2858
f 2955 2858 2857
f 2954 2956 2859
f 2954 2859 2858
f 2956 2957 2861
f 2956 2861 2859
f 2957 2958 2860
f 2957 2860 2861
f 2958 2959 2920
f 2958 2920 2860
f 2959 2960 2917
f 2959 2917 2920
f 2960 2961 2918
f 2960 2918 2917
f 2961 2955 2857
f 2961 2857 2918
f 2830 2828 2903
f 2830 2903 2902
f 2828 2827 2900
f 2828 2900 2903
f 2827 2909 2906
f 2827 2906 2900
f 2909 2838 2907
f 2909 2907 2906
f 2838 2836 2908
f 2838 2908 2907
f 2836 2834 2904
f 2836 2904 2908
f 2834 2832 2905
f 2834 2905 2904
f 2832 2830 2902
f 2832 2902 2905
f 2927 2919 2874
f 2927 2874 2876
f 2911 2910 2882
f 2911 2882 2869
f 2919 2915 2872
f 2919 2872 2874
f 2910 2912 2880
f 2910 2880 2882
f 2914 2927 2876
f 2914 2876 2878
f 2913 2911 2869
f 2913 2869 2868
f 2915 2913 2868
f 2915 2868 2872
f 2912 2914 2878
f 2912 2878 2880
f 2962 2963 2964
f 2962 2964 2965
f 2966 2962 2965
f 2966 2965 2967
f 2968 2966 2967
f 2968 2967 2969
f 2970 2968 2969
f 2970 2969 2971
f 2972 2970 2971
f 2972 2971 2973
f 2974 2972 2973
f 2974 2973 2975
f 2976 2977 2974
f 2976 2974 2978
f 2979 2976 2978
f 2979 2978 2963
f 2980 2979 2963
f 2980 2963 2962
f 2981 2980 2962
f 2981 2962 2966
f 2982 2981 2966
f 2982 2966 2968
f 2983 2982 2968
f 2983 2968 2970
f 2984 2983 2970
f 2984 2970 2972
f 2977 2984 2972
f 2977 2972 2974
f 2985 2986 2987
f 2985 2987 2988
f 2989 2985 2988
f 2989 2988 2990
f 2991 2989 2990
f 2991 2990 2992
f 2993 2994 2995
f 2993 2995 2996
f 2997 2993 2996
f 2997 2996 2998
f 2999 3000 3001
f 2999 3001 3002
f 3003 2999 3002
f 3003 3002 3004
f 2986 3003 3004
f 2986 3004 2987
f 3005 3006 3007
f 3005 3007 3008
f 3009 3005 3008
f 3009 3008 3010
f 3011 3009 3010
f 3011 3010 3012
f 3013 3011 3012
f 3013 3012 3014
f 3015 3013 3014
f 3015 3014 3016
f 3017 3015 3016
f 3017 3016 3018
f 3019 3017 3018
f 3019 3018 3020
f 3020 3007 3006
f 3020 3006 3019
f 3021 3022 3007
f 3021 3007 3020
f 3023 3021 3020
f 3023 3020 3018
f 3024 3023 3018
f 3024 3018 3016
f 3025 3024 3016
f 3025 3016 3014
f 3026 3025 3014
f 3026 3014 3012
f 3027 3026 3012
f 3027 3012 3010
f 3028 3027 3010
f 3028 3010 3008
f 3022 3028 3008
f 3022 3008 3007
f 3029 3030 3022
f 3029 3022 3021
f 3031 3029 3021
f 3031 3021 3023
f 3032 3031 3023
f 3032 3023 3024
f 3033 3032 3024
f 3033 3024 3025
f 3034 3033 3025
f 3034 3025 3026
f 3035 3034 3026
f 3035 3026 3027
f 3036 3035 3027
f 3036 3027 3028
f 3030 3036 3028
f 3030 3028 3022
f 3037 3038 3039
f 3037 3039 3040
f 3038 3041 3042
f 3038 3042 3039
f 3038 3037 3043
f 3038 3043 3044
f 3041 3038 3044
f 3041 3044 3045
f 2978 2974 2975
f 2978 2975 3046
f 2963 2978 3046
f 2963 3046 2964
f 2986 2985 3047
f 2986 3047 3048
f 2977 2976 2988
f 2977 2988 2987
f 2985 2989 3049
f 2985 3049 3047
f 2976 2979 2990
f 2976 2990 2988
f 3003 2986 3048
f 3003 3048 3050
f 2984 2977 2987
f 2984 2987 3004
f 2989 2991 3051
f 2989 3051 3049
f 2979 2980 2992
f 2979 2992 2990
f 2983 2984 3004
f 2983 3004 3002
f 2999 3003 3050
f 2999 3050 3052
f 2980 2981 3053
f 2980 3053 2992
f 2994 2993 3054
f 2994 3054 3055
f 2982 2983 3002
f 2982 3002 3001
f 3000 2999 3052
f 3000 3052 3056
f 2981 2982 3001
f 2981 3001 3053
f 2993 2997 3057
f 2993 3057 3054
f 2991 2992 3058
f 2991 3058 3059
f 2992 3053 3060
f 2992 3060 3058
f 3053 3001 3061
f 3053 3061 3060
f 3001 3000 3062
f 3001 3062 3061
f 3000 3056 3063
f 3000 3063 3062
f 3056 3064 3065
f 3056 3065 3063
f 3064 3051 3066
f 3064 3066 3065
f 3051 2991 3059
f 3051 3059 3066
f 3059 3058 3067
f 3059 3067 3068
f 3058 3060 3069
f 3058 3069 3067
f 3060 3061 3070
f 3060 3070 3069
f 3061 3062 3071
f 3061 3071 3070
f 3062 3063 3072
f 3062 3072 3071
f 3063 3065 3073
f 3063 3073 3072
f 3065 3066 3074
f 3065 3074 3073
f 3066 3059 3068
f 3066 3068 3074
f 3068 3067 3075
f 3068 3075 3076
f 3067 3069 3077
f 3067 3077 3075
f 3069 3070 3078
f 3069 3078 3077
f 3070 3071 3079
f 3070 3079 3078
f 3071 3072 3080
f 3071 3080 3079
f 3072 3073 3081
f 3072 3081 3080
f 3073 3074 3082
f 3073 3082 3081
f 3074 3068 3076
f 3074 3076 3082
f 3076 3075 3083
f 3076 3083 3084
f 3075 3077 3085
f 3075 3085 3083
f 3077 3078 3086
f 3077 3086 3085
f 3078 3079 3087
f 3078 3087 3086
f 3079 3080 3088
f 3079 3088 3087
f 3080 3081 3089
f 3080 3089 3088
f 3081 3082 3090
f 3081 3090 3089
f 3082 3076 3084
f 3082 3084 3090
f 3084 3083 3091
f 3084 3091 3092
f 3083 3085 3093
f 3083 3093 3091
f 3085 3086 3094
f 3085 3094 3093
f 3086 3087 3095
f 3086 3095 3094
f 3087 3088 3096
f 3087 3096 3095
f 3088 3089 3097
f 3088 3097 3096
f 3089 3090 3098
f 3089 3098 3097
f 3090 3084 3092
f 3090 3092 3098
f 3092 3091 2995
f 3092 2995 2994
f 3091 3093 2996
f 3091 2996 2995
f 3093 3094 2998
f 3093 2998 2996
f 3094 3095 2997
f 3094 2997 2998
f 3095 3096 3057
f 3095 3057 2997
f 3096 3097 3054
f 3096 3054 3057
f 3097 3098 3055
f 3097 3055 3054
f 3098 3092 2994
f 3098 2994 3055
f 2967 2965 3040
f 2967 3040 3039
f 2965 2964 3037
f 2965 3037 3040
f 2964 3046 3043
f 2964 3043 3037
f 3046 2975 3044
f 3046 3044 3043
f 2975 2973 3045
f 2975 3045 3044
f 2973 2971 3041
f 2973 3041 3045
f 2971 2969 3042
f 2971 3042 3041
f 2969 2967 3039
f 2969 3039 3042
f 3064 3056 3011
f 3064 3011 3013
f 3048 3047 3019
f 3048 3019 3006
f 3056 3052 3009
f 3056 3009 3011
f 3047 3049 3017
f 3047 3017 3019
f 3051 3064 3013
f 3051 3013 3015
f 3050 3048 3006
f 3050 3006 3005
f 3052 3050 3005
f 3052 3005 3009
f 3049 3051 3015
f 3049 3015 3017
f 3099 3100 3101
f 3099 3101 3102
f 3103 3099 3102
f 3103 3102 3104
f 3105 3103 3104
f 3105 3104 3106
f 3107 3105 3106
f 3107 3106 3108
f 3109 3107 3108
f 3109 3108 3110
f 3111 3109 3110
f 3111 3110 3112
f 3113 3114 3111
f 3113 3111 3115
f 3116 3113 3115
f 3116 3115 3100
f 3117 3116 3100
f 3117 3100 3099
f 3118 3117 3099
f 3118 3099 3103
f 3119 3118 3103
f 3119 3103 3105
f 3120 3119 3105
f 3120 3105 3107
f 3121 3120 3107
f 3121 3107 3109
f 3114 3121 3109
f 3114 3109 3111
f 3122 3123 3124
f 3122 3124 3125
f 3126 3122 3125
f 3126 3125 3127
f 3128 3126 3127
f 3128 3127 3129
f 3130 3131 3132
f 3130 3132 3133
f 3134 3130 3133
f 3134 3133 3135
f 3136 3137 3138
f 3136 3138 3139
f 3140 3136 3139
f 3140 3139 3141
f 3123 3140 3141
f 3123 3141 3124
f 3142 3143 3144
f 3142 3144 3145
f 3146 3142 3145
f 3146 3145 3147
f 3148 3146 3147
f 3148 3147 3149
f 3150 3148 3149
f 3150 3149 3151
f 3152 3150 3151
f 3152 3151 3153
f 3154 3152 3153
f 3154 3153 3155
f 3156 3154 3155
f 3156 3155 3157
f 3157 3144 3143
f 3157 3143 3156
f 3158 3159 3144
f 3158 3144 3157
f 3160 3158 3157
f 3160 3157 3155
f 3161 3160 3155
f 3161 3155 3153
f 3162 3161 3153
f 3162 3153 3151
f 3163 3162 3151
f 3163 3151 3149
f 3164 3163 3149
f 3164 3149 3147
f 3165 3164 3147
f 3165 3147 3145
f 3159 3165 3145
f 3159 3145 3144
f 3166 3167 3159
f 3166 3159 3158
f 3168 3166 3158
f 3168 3158 3160
f 3169 3168 3160
f 3169 3160 3161
f 3170 3169 3161
f 3170 3161 3162
f 3171 3170 3162
f 3171 3162 3163
f 3172 3171 3163
f 3172 3163 3164
f 3173 3172 3164
f 3173 3164 3165
f 3167 3173 3165
f 3167 3165 3159
f 3174 3175 3176
f 3174 3176 3177
f 3175 3178 3179
f 3175 3179 3176
f 3175 3174 3180
f 3175 3180 3181
f 3178 3175 3181
f 3178 3181 3182
f 3115 3111 3112
f 3115 3112 3183
f 3100 3115 3183
f 3100 3183 3101
f 3123 3122 3184
f 3123 3184 3185
f 3114 3113 3125
f 3114 3125 3124
f 3122 3126 3186
f 3122 3186 3184
f 3113 3116 3127
f 3113 3127 3125
f 3140 3123 3185
f 3140 3185 3187
f 3121 3114 3124
f 3121 3124 3141
f 3126 3128 3188
f 3126 3188 3186
f 3116 3117 3129
f 3116 3129 3127
f 3120 3121 3141
f 3120 3141 3139
f 3136 3140 3187
f 3136 3187 3189
f 3117 3118 3190
f 3117 3190 3129
f 3131 3130 3191
f 3131 3191 3192
f 3119 3120 3139
f 3119 3139 3138
f 3137 3136 3189
f 3137 3189 3193
f 3118 3119 3138
f 3118 3138 3190
f 3130 3134 3194
f 3130 3194 3191
f 3128 3129 3195
f 3128 3195 3196
f 3129 3190 3197
f 3129 3197 3195
f 3190 3138 3198
f 3190 3198 3197
f 3138 3137 3199
f 3138 3199 3198
f 3137 3193 3200
f 3137 3200 3199
f 3193 3201 3202
f 3193 3202 3200
f 3201 3188 3203
f 3201 3203 3202
f 3188 3128 3196
f 3188 3196 3203
f 3196 3195 3204
f 3196 3204 3205
f 3195 3197 3206
f 3195 3206 3204
f 3197 3198 3207
f 3197 3207 3206
f 3198 3199 3208
f 3198 3208 3207
f 3199 3200 3209
f 3199 3209 3208
f 3200 3202 3210
f 3200 3210 3209
f 3202 3203 3211
f 3202 3211 3210
f 3203 3196 3205
f 3203 3205 3211
f 3205 3204 3212
f 3205 3212 3213
f 3204 3206 3214
f 3204 3214 3212
f 3206 3207 3215
f 3206 3215 3214
f 3207 3208 3216
f 3207 3216 3215
f 3208 3209 3217
f 3208 3217 3216
f 3209 3210 3218
f 3209 3218 3217
f 3210 3211 3219
f 3210 3219 3218
f 3211 3205 3213
f 3211 3213 3219
f 3213 3212 3220
f 3213 3220 3221
f 3212 3214 3222
f 3212 3222 3220
f 3214 3215 3223
f 3214 3223 3222
f 3215 3216 3224
f 3215 3224 3223
f 3216 3217 3225
f 3216 3225 3224
f 3217 3218 3226
f 3217 3226 3225
f 3218 3219 3227
f 3218 3227 3226
f 3219 3213 3221
f 3219 3221 3227
f 3221 3220 3228
f 3221 3228 3229
f 3220 3222 3230
f 3220 3230 3228
f 3222 3223 3231
f 3222 3231 3230
f 3223 3224 3232
f 3223 3232 3231
f 3224 3225 3233
f 3224 3233 3232
f 3225 3226 3234
f 3225 3234 3233
f 3226 3227 3235
f 3226 3235 3234
f 3227 3221 3229
f 3227 3229 3235
f 3229 3228 3132
f 3229 3132 3131
f 3228 3230 3133
f 3228 3133 3132
f 3230 3231 3135
f 3230 3135 3133
f 3231 3232 3134
f 3231 3134 3135
f 3232 3233 3194
f 3232 3194 3134
f 3233 3234 3191
f 3233 3191 3194
f 3234 3235 3192
f 3234 3192 3191
f 3235 3229 3131
f 3235 3131 3192
f 3104 3102 3177
f 3104 3177 3176
f 3102 3101 3174
f 3102 3174 3177
f 3101 3183 3180
f 3101 3180 3174
f 3183 3112 3181
f 3183 3181 3180
f 3112 3110 3182
f 3112 3182 3181
f 3110 3108 3178
f 3110 3178 3182
f 3108 3106 3179
f 3108 3179 3178
f 3106 3104 3176
f 3106 3176 3179
f 3201 3193 3148
f 3201 3148 3150
f 3185 3184 3156
f 3185 3156 3143
f 3193 3189 3146
f 3193 3146 3148
f 3184 3186 3154
f 3184 3154 3156
f 3188 3201 3150
f 3188 3150 3152
f 3187 3185 3143
f 3187 3143 3142
f 3189 3187 3142
f 3189 3142 3146
f 3186 3188 3152
f 3186 3152 3154
f 3236 3237 3238
f 3236 3238 3239
f 3240 3236 3239
f 3240 3239 3241
f 3242 3240 3241
f 3242 3241 3243
f 3244 3242 3243
f 3244 3243 3245
f 3246 3244 3245
f 3246 3245 3247
f 3248 3246 3247
f 3248 3247 3249
f 3250 3251 3248
f 3250 3248 3252
f 3253 3250 3252
f 3253 3252 3237
f 3254 3253 3237
f 3254 3237 3236
f 3255 3254 3236
f 3255 3236 3240
f 3256 3255 3240
f 3256 3240 3242
f 3257 3256 3242
f 3257 3242 3244
f 3258 3257 3244
f 3258 3244 3246
f 3251 3258 3246
f 3251 3246 3248
f 3259 3260 3261
f 3259 3261 3262
f 3263 3259 3262
f 3263 3262 3264
f 3265 3263 3264
f 3265 3264 3266
f 3267 3268 3269
f 3267 3269 3270
f 3271 3267 3270
f 3271 3270 3272
f 3273 3274 3275
f 3273 3275 3276
f 3277 3273 3276
f 3277 3276 3278
f 3260 3277 3278
f 3260 3278 3261
f 3279 3280 3281
f 3279 3281 3282
f 3283 3279 3282
f 3283 3282 3284
f 3285 3283 3284
f 3285 3284 3286
f 3287 3285 3286
f 3287 3286 3288
f 3289 3287 3288
f 3289 3288 3290
f 3291 3289 3290
f 3291 3290 3292
f 3293 3291 3292
f 3293 3292 3294
f 3294 3281 3280
f 3294 3280 3293
f 3295 3296 3281
f 3295 3281 3294
f 3297 3295 3294
f 3297 3294 3292
f 3298 3297 3292
f 3298 3292 3290
f 3299 3298 3290
f 3299 3290 3288
f 3300 3299 3288
f 3300 3288 3286
f 3301 3300 3286
f 3301 3286 3284
f 3302 3301 3284
f 3302 3284 3282
f 3296 3302 3282
f 3296 3282 3281
f 3303 3304 3296
f 3303 3296 3295
f 3305 3303 3295
f 3305 3295 3297
f 3306 3305 3297
f 3306 3297 3298
f 3307 3306 3298
f 3307 3298 3299
f 3308 3307 3299
f 3308 3299 3300
f 3309 3308 3300
f 3309 3300 3301
f 3310 3309 3301
f 3310 3301 3302
f 3304 3310 3302
f 3304 3302 3296
f 3311 3312 3313
f 3311 3313 3314
f 3312 3315 3316
f 3312 3316 3313
f 3312 3311 3317
f 3312 3317 3318
f 3315 3312 3318
f 3315 3318 3319
f 3252 3248 3249
f 3252 3249 3320
f 3237 3252 3320
f 3237 3320 3238
f 3260 3259 3321
f 3260 3321 3322
f 3251 3250 3262
f 3251 3262 3261
f 3259 3263 3323
f 3259 3323 3321
f 3250 3253 3264
f 3250 3264 3262
f 3277 3260 3322
f 3277 3322 3324
f 3258 3251 3261
f 3258 3261 3278
f 3263 3265 3325
f 3263 3325 3323
f 3253 3254 3266
f 3253 3266 3264
f 3257 3258 3278
f 3257 3278 3276
f 3273 3277 3324
f 3273 3324 3326
f 3254 3255 3327
f 3254 3327 3266
f 3268 3267 3328
f 3268 3328 3329
f 3256 3257 3276
f 3256 3276 3275
f 3274 3273 3326
f 3274 3326 3330
f 3255 3256 3275
f 3255 3275 3327
f 3267 3271 3331
f 3267 3331 3328
f 3265 3266 3332
f 3265 3332 3333
f 3266 3327 3334
f 3266 3334 3332
f 3327 3275 3335
f 3327 3335 3334
f 3275 3274 3336
f 3275 3336 3335
f 3274 3330 3337
f 3274 3337 3336
f 3330 3338 3339
f 3330 3339 3337
f 3338 3325 3340
f 3338 3340 3339
f 3325 3265 3333
f 3325 3333 3340
f 3333 3332 3341
f 3333 3341 3342
f 3332 3334 3343
f 3332 3343 3341
f 3334 3335 3344
f 3334 3344 3343
f 3335 3336 3345
f 3335 3345 3344
f 3336 3337 3346
f 3336 3346 3345
f 3337 3339 3347
f 3337 3347 3346
f 3339 3340 3348
f 3339 3348 3347
f 3340 3333 3342
f 3340 3342 3348
f 3342 3341 3349
f 3342 3349 3350
f 3341 3343 3351
f 3341 3351 3349
f 3343 3344 3352
f 3343 3352 3351
f 3344 3345 3353
f 3344 3353 3352
f 3345 3346 3354
f 3345 3354 3353
f 3346 3347 3355
f 3346 3355 3354
f 3347 3348 3356
f 3347 3356 3355
f 3348 3342 3350
f 3348 3350 3356
f 3350 3349 3357
f 3350 3357 3358
f 3349 3351 3359
f 3349 3359 3357
f 3351 3352 3360
f 3351 3360 3359
f 3352 3353 3361
f 3352 3361 3360
f 3353 3354 3362
f 3353 3362 3361
f 3354 3355 3363
f 3354 3363 3362
f 3355 3356 3364
f 3355 3364 3363
f 3356 3350 3358
f 3356 3358 3364
f 3358 3357 3365
f 3358 3365 3366
f 3357 3359 3367
f 3357 3367 3365
f 3359 3360 3368
f 3359 3368 3367
f 3360 3361 3369
f 3360 3369 3368
f 3361 3362 3370
f 3361 3370 3369
f 3362 3363 3371
f 3362 3371 3370
f 3363 3364 3372
f 3363 3372 3371
f 3364 3358 3366
f 3364 3366 3372
f 3366 3365 3269
f 3366 3269 3268
f 3365 3367 3270
f 3365 3270 3269
f 3367 3368 3272
f 3367 3272 3270
f 3368 3369 3271
f 3368 3271 3272
f 3369 3370 3331
f 3369 3331 3271
f 3370 3371 3328
f 3370 3328 3331
f 3371 3372 3329
f 3371 3329 3328
f 3372 3366 3268
f 3372 3268 3329
f 3241 3239 3314
f 3241 3314 3313
f 3239 3238 3311
f 3239 3311 3314
f 3238 3320 3317
f 3238 3317 3311
f 3320 3249 3318
f 3320 3318 3317
f 3249 3247 3319
f 3249 3319 3318
f 3247 3245 3315
f 3247 3315 3319
f 3245 3243 3316
f 3245 3316 3315
f 3243 3241 3313
f 3243 3313 3316
f 3338 3330 3285
f 3338 3285 3287
f 3322 3321 3293
f 3322 3293 3280
f 3330 3326 3283
f 3330 3283 3285
f 3321 3323 3291
f 3321 3291 3293
f 3325 3338 3287
f 3325 3287 3289
f 3324 3322 3280
f 3324 3280 3279
f 3326 3324 3279
f 3326 3279 3283
f 3323 3325 3289
f 3323 3289 3291
f 3373 3374 3375
f 3373 3375 3376
f 3377 3373 3376
f 3377 3376 3378
f 3379 3377 3378
f 3379 3378 3380
f 3381 3379 3380
f 3381 3380 3382
f 3374 3383 3384
f 3374 3384 3375
f 3383 3385 3386
f 3383 3386 3384
f 3387 3388 3389
f 3387 3389 3390
f 3391 3392 3390
f 3391 3390 3389
f 3393 3391 3389
f 3393 3389 3394
f 3388 3395 3394
f 3388 3394 3389
f 3396 3381 3382
f 3396 3382 3397
f 3385 3396 3397
f 3385 3397 3386
f 3375 3384 3398
f 3375 3398 3399
f 3384 3386 3400
f 3384 3400 3398
f 3386 3397 3401
f 3386 3401 3400
f 3397 3382 3402
f 3397 3402 3401
f 3382 3380 3403
f 3382 3403 3402
f 3380 3378 3404
f 3380 3404 3403
f 3378 3376 3405
f 3378 3405 3404
f 3376 3375 3399
f 3376 3399 3405
f 3406 3407 3408
f 3406 3408 3409
f 3407 3410 3411
f 3407 3411 3408
f 3410 3412 3413
f 3410 3413 3411
f 3412 3414 3415
f 3412 3415 3413
f 3414 3416 3417
f 3414 3417 3415
f 3416 3418 3419
f 3416 3419 3417
f 3418 3420 3421
f 3418 3421 3419
f 3420 3406 3409
f 3420 3409 3421
f 3422 3423 3421
f 3422 3421 3409
f 3419 3421 3423
f 3419 3423 3424
f 3417 3419 3424
f 3417 3424 3425
f 3415 3417 3425
f 3415 3425 3426
f 3413 3415 3426
f 3413 3426 3427
f 3411 3413 3427
f 3411 3427 3428
f 3408 3411 3428
f 3408 3428 3429
f 3409 3408 3429
f 3409 3429 3422
f 3430 3431 3432
f 3430 3432 3433
f 3434 3432 3431
f 3434 3431 3435
f 3436 3434 3435
f 3436 3435 3437
f 3438 3436 3437
f 3438 3437 3439
f 3440 3438 3439
f 3440 3439 3441
f 3442 3440 3441
f 3442 3441 3443
f 3444 3442 3443
f 3444 3443 3445
f 3433 3444 3445
f 3433 3445 3430
f 3446 3447 3448
f 3446 3448 3449
f 3450 3448 3447
f 3450 3447 3451
f 3452 3450 3451
f 3452 3451 3453
f 3454 3452 3453
f 3454 3453 3455
f 3456 3454 3455
f 3456 3455 3457
f 3458 3456 3457
f 3458 3457 3459
f 3460 3458 3459
f 3460 3459 3461
f 3449 3460 3461
f 3449 3461 3446
f 3462 3463 3464
f 3462 3464 3465
f 3466 3464 3463
f 3466 3463 3467
f 3468 3466 3467
f 3468 3467 3469
f 3470 3468 3469
f 3470 3469 3471
f 3472 3470 3471
f 3472 3471 3473
f 3474 3472 3473
f 3474 3473 3475
f 3476 3474 3475
f 3476 3475 3477
f 3465 3476 3477
f 3465 3477 3462
f 3478 3479 3480
f 3478 3480 3481
f 3482 3480 3479
f 3482 3479 3483
f 3484 3482 3483
f 3484 3483 3485
f 3486 3484 3485
f 3486 3485 3487
f 3488 3486 3487
f 3488 3487 3489
f 3490 3488 3489
f 3490 3489 3491
f 3492 3490 3491
f 3492 3491 3493
f 3481 3492 3493
f 3481 3493 3478
f 3494 3495 3496
f 3494 3496 3497
f 3498 3496 3495
f 3498 3495 3499
f 3500 3498 3499
f 3500 3499 3501
f 3502 3500 3501
f 3502 3501 3503
f 3504 3502 3503
f 3504 3503 3505
f 3506 3504 3505
f 3506 3505 3507
f 3508 3506 3507
f 3508 3507 3509
f 3497 3508 3509
f 3497 3509 3494
f 3510 3511 3512
f 3510 3512 3513
f 3514 3512 3511
f 3514 3511 3515
f 3516 3514 3515
f 3516 3515 3517
f 3518 3516 3517
f 3518 3517 3519
f 3520 3518 3519
f 3520 3519 3521
f 3522 3520 3521
f 3522 3521 3523
f 3524 3522 3523
f 3524 3523 3525
f 3513 3524 3525
f 3513 3525 3510
f 3526 3527 3528
f 3526 3528 3529
f 3530 3528 3527
f 3530 3527 3531
f 3532 3530 3531
f 3532 3531 3533
f 3534 3532 3533
f 3534 3533 3535
f 3536 3534 3535
f 3536 3535 3537
f 3538 3536 3537
f 3538 3537 3539
f 3540 3538 3539
f 3540 3539 3541
f 3529 3540 3541
f 3529 3541 3526
f 3374 3373 3542
f 3374 3542 3543
f 3373 3377 3544
f 3373 3544 3542
f 3383 3374 3543
f 3383 3543 3545
f 3377 3379 3546
f 3377 3546 3544
f 3385 3383 3545
f 3385 3545 3547
f 3379 3381 3548
f 3379 3548 3546
f 3396 3385 3547
f 3396 3547 3549
f 3381 3396 3549
f 3381 3549 3548
f 3543 3542 3550
f 3543 3550 3551
f 3542 3544 3552
f 3542 3552 3550
f 3553 3554 3550
f 3553 3550 3552
f 3555 3556 3557
f 3555 3557 3558
f 3554 3559 3551
f 3554 3551 3550
f 3560 3555 3558
f 3560 3558 3561
f 3549 3547 3561
f 3549 3561 3558
f 3548 3549 3558
f 3548 3558 3557
f 3562 3563 3564
f 3562 3564 3565
f 3566 3562 3565
f 3566 3565 3567
f 3568 3564 3563
f 3568 3563 3569
f 3570 3566 3567
f 3570 3567 3571
f 3572 3568 3569
f 3572 3569 3573
f 3574 3570 3571
f 3574 3571 3575
f 3576 3572 3573
f 3576 3573 3577
f 3575 3576 3577
f 3575 3577 3574
f 3578 3579 3580
f 3578 3580 3581
f 3579 3582 3583
f 3579 3583 3580
f 3584 3578 3581
f 3584 3581 3585
f 3582 3586 3587
f 3582 3587 3583
f 3588 3584 3585
f 3588 3585 3589
f 3586 3590 3591
f 3586 3591 3587
f 3592 3588 3589
f 3592 3589 3593
f 3590 3592 3593
f 3590 3593 3591
f 3594 3595 3596
f 3594 3596 3597
f 3595 3598 3599
f 3595 3599 3596
f 3600 3601 3602
f 3600 3602 3603
f 3604 3605 3606
f 3604 3606 3607
f 3608 3600 3603
f 3608 3603 3609
f 3605 3610 3611
f 3605 3611 3606
f 3612 3608 3609
f 3612 3609 3613
f 3610 3612 3613
f 3610 3613 3611
f 3614 3615 3616
f 3614 3616 3617
f 3615 3618 3619
f 3615 3619 3616
f 3620 3614 3617
f 3620 3617 3621
f 3618 3622 3623
f 3618 3623 3619
f 3624 3620 3621
f 3624 3621 3625
f 3622 3626 3627
f 3622 3627 3623
f 3628 3624 3625
f 3628 3625 3629
f 3626 3628 3629
f 3626 3629 3627
f 3630 3631 3627
f 3630 3627 3629
f 3632 3630 3629
f 3632 3629 3625
f 3623 3627 3631
f 3623 3631 3633
f 3634 3632 3625
f 3634 3625 3621
f 3619 3623 3633
f 3619 3633 3635
f 3636 3634 3621
f 3636 3621 3617
f 3616 3619 3635
f 3616 3635 3637
f 3617 3616 3637
f 3617 3637 3636
f 3638 3639 3640
f 3638 3640 3641
f 3642 3638 3641
f 3642 3641 3643
f 3644 3640 3639
f 3644 3639 3645
f 3646 3642 3643
f 3646 3643 3647
f 3648 3644 3645
f 3648 3645 3649
f 3650 3646 3647
f 3650 3647 3651
f 3652 3648 3649
f 3652 3649 3653
f 3651 3652 3653
f 3651 3653 3650
f 3654 3655 3656
f 3654 3656 3657
f 3658 3654 3657
f 3658 3657 3659
f 3660 3656 3655
f 3660 3655 3661
f 3662 3658 3659
f 3662 3659 3663
f 3664 3660 3661
f 3664 3661 3665
f 3666 3662 3663
f 3666 3663 3667
f 3668 3664 3665
f 3668 3665 3669
f 3667 3668 3669
f 3667 3669 3666
f 3670 3671 3672
f 3670 3672 3673
f 3674 3670 3673
f 3674 3673 3675
f 3676 3672 3671
f 3676 3671 3677
f 3678 3674 3675
f 3678 3675 3679
f 3680 3676 3677
f 3680 3677 3681
f 3682 3678 3679
f 3682 3679 3683
f 3684 3680 3681
f 3684 3681 3685
f 3683 3684 3685
f 3683 3685 3682
f 3686 3687 3688
f 3686 3688 3689
f 3690 3686 3689
f 3690 3689 3691
f 3692 3688 3687
f 3692 3687 3693
f 3694 3690 3691
f 3694 3691 3695
f 3696 3692 3693
f 3696 3693 3697
f 3698 3694 3695
f 3698 3695 3699
f 3700 3696 3697
f 3700 3697 3701
f 3699 3700 3701
f 3699 3701 3698
f 3615 3614 3602
f 3615 3602 3702
f 3703 3601 3581
f 3703 3581 3580
f 3618 3615 3702
f 3618 3702 3607
f 3604 3703 3580
f 3604 3580 3583
f 3614 3620 3603
f 3614 3603 3602
f 3601 3600 3585
f 3601 3585 3581
f 3622 3618 3607
f 3622 3607 3606
f 3605 3604 3583
f 3605 3583 3587
f 3620 3624 3609
f 3620 3609 3603
f 3600 3608 3589
f 3600 3589 3585
f 3626 3622 3606
f 3626 3606 3611
f 3610 3605 3587
f 3610 3587 3591
f 3624 3628 3613
f 3624 3613 3609
f 3608 3612 3593
f 3608 3593 3589
f 3628 3626 3611
f 3628 3611 3613
f 3612 3610 3591
f 3612 3591 3593
f 3601 3703 3704
f 3601 3704 3705
f 3703 3604 3706
f 3703 3706 3704
f 3604 3607 3707
f 3604 3707 3706
f 3607 3702 3708
f 3607 3708 3707
f 3702 3602 3709
f 3702 3709 3708
f 3602 3601 3705
f 3602 3705 3709
f 3705 3704 3710
f 3705 3710 3711
f 3704 3706 3712
f 3704 3712 3710
f 3706 3707 3713
f 3706 3713 3712
f 3707 3708 3714
f 3707 3714 3713
f 3708 3709 3715
f 3708 3715 3714
f 3709 3705 3711
f 3709 3711 3715
f 3716 3717 3718
f 3716 3718 3719
f 3717 3720 3721
f 3717 3721 3718
f 3720 3722 3723
f 3720 3723 3721
f 3722 3724 3725
f 3722 3725 3723
f 3724 3726 3727
f 3724 3727 3725
f 3726 3716 3719
f 3726 3719 3727
f 3728 3729 3730
f 3728 3730 3731
f 3729 3732 3733
f 3729 3733 3730
f 3732 3734 3735
f 3732 3735 3733
f 3734 3736 3737
f 3734 3737 3735
f 3736 3738 3739
f 3736 3739 3737
f 3738 3728 3731
f 3738 3731 3739
f 3731 3730 3740
f 3731 3740 3741
f 3730 3733 3742
f 3730 3742 3740
f 3733 3735 3743
f 3733 3743 3742
f 3735 3737 3744
f 3735 3744 3743
f 3737 3739 3745
f 3737 3745 3744
f 3739 3731 3741
f 3739 3741 3745
f 3746 3747 3748
f 3746 3748 3749
f 3747 3750 3751
f 3747 3751 3748
f 3750 3752 3753
f 3750 3753 3751
f 3752 3754 3755
f 3752 3755 3753
f 3754 3756 3757
f 3754 3757 3755
f 3756 3746 3749
f 3756 3749 3757
f 3747 3746 3741
f 3747 3741 3740
f 3750 3747 3740
f 3750 3740 3742
f 3752 3750 3742
f 3752 3742 3743
f 3754 3752 3743
f 3754 3743 3744
f 3756 3754 3744
f 3756 3744 3745
f 3746 3756 3745
f 3746 3745 3741
f 3595 3594 3749
f 3595 3749 3748
f 3598 3595 3748
f 3598 3748 3751
f 3599 3598 3751
f 3599 3751 3753
f 3596 3599 3753
f 3596 3753 3755
f 3597 3596 3755
f 3597 3755 3757
f 3594 3597 3757
f 3594 3757 3749
f 3729 3728 3719
f 3729 3719 3718
f 3732 3729 3718
f 3732 3718 3721
f 3734 3732 3721
f 3734 3721 3723
f 3736 3734 3723
f 3736 3723 3725
f 3738 3736 3725
f 3738 3725 3727
f 3728 3738 3727
f 3728 3727 3719
f 3717 3716 3711
f 3717 3711 3710
f 3720 3717 3710
f 3720 3710 3712
f 3722 3720 3712
f 3722 3712 3713
f 3724 3722 3713
f 3724 3713 3714
f 3726 3724 3714
f 3726 3714 3715
f 3716 3726 3715
f 3716 3715 3711
f 3631 3630 3641
f 3631 3641 3640
f 3657 3656 3639
f 3657 3639 3638
f 3630 3632 3643
f 3630 3643 3641
f 3659 3657 3638
f 3659 3638 3642
f 3633 3631 3640
f 3633 3640 3644
f 3656 3660 3645
f 3656 3645 3639
f 3632 3634 3647
f 3632 3647 3643
f 3663 3659 3642
f 3663 3642 3646
f 3655 3654 3673
f 3655 3673 3672
f 3689 3688 3671
f 3689 3671 3670
f 3654 3658 3675
f 3654 3675 3673
f 3691 3689 3670
f 3691 3670 3674
f 3661 3655 3672
f 3661 3672 3676
f 3688 3692 3677
f 3688 3677 3671
f 3658 3662 3679
f 3658 3679 3675
f 3695 3691 3674
f 3695 3674 3678
f 3758 3759 3698
f 3758 3698 3701
f 3760 3761 3687
f 3760 3687 3686
f 3762 3758 3701
f 3762 3701 3697
f 3763 3760 3686
f 3763 3686 3690
f 3759 3764 3694
f 3759 3694 3698
f 3761 3765 3693
f 3761 3693 3687
f 3765 3762 3697
f 3765 3697 3693
f 3764 3763 3690
f 3764 3690 3694
f 3700 3699 3682
f 3700 3682 3685
f 3666 3669 3684
f 3666 3684 3683
f 3696 3700 3685
f 3696 3685 3681
f 3669 3665 3680
f 3669 3680 3684
f 3699 3695 3678
f 3699 3678 3682
f 3662 3666 3683
f 3662 3683 3679
f 3692 3696 3681
f 3692 3681 3677
f 3665 3661 3676
f 3665 3676 3680
f 3668 3667 3650
f 3668 3650 3653
f 3636 3637 3652
f 3636 3652 3651
f 3664 3668 3653
f 3664 3653 3649
f 3637 3635 3648
f 3637 3648 3652
f 3667 3663 3646
f 3667 3646 3650
f 3634 3636 3651
f 3634 3651 3647
f 3660 3664 3649
f 3660 3649 3645
f 3635 3633 3644
f 3635 3644 3648
f 3764 3766 3760
f 3764 3760 3763
f 3761 3760 3766
f 3761 3766 3765
f 3762 3765 3766
f 3762 3766 3758
f 3758 3766 3764
f 3758 3764 3759
f 3426 3425 3436
f 3426 3436 3438
f 3439 3437 3452
f 3439 3452 3454
f 3425 3424 3434
f 3425 3434 3436
f 3455 3453 3468
f 3455 3468 3470
f 3437 3435 3450
f 3437 3450 3452
f 3427 3426 3438
f 3427 3438 3440
f 3424 3423 3432
f 3424 3432 3434
f 3471 3469 3484
f 3471 3484 3486
f 3453 3451 3466
f 3453 3466 3468
f 3422 3429 3444
f 3422 3444 3433
f 3441 3439 3454
f 3441 3454 3456
f 3429 3428 3442
f 3429 3442 3444
f 3435 3431 3448
f 3435 3448 3450
f 3423 3422 3433
f 3423 3433 3432
f 3428 3427 3440
f 3428 3440 3442
f 3487 3485 3500
f 3487 3500 3502
f 3469 3467 3482
f 3469 3482 3484
f 3430 3445 3460
f 3430 3460 3449
f 3457 3455 3470
f 3457 3470 3472
f 3445 3443 3458
f 3445 3458 3460
f 3451 3447 3464
f 3451 3464 3466
f 3431 3430 3449
f 3431 3449 3448
f 3443 3441 3456
f 3443 3456 3458
f 3503 3501 3516
f 3503 3516 3518
f 3485 3483 3498
f 3485 3498 3500
f 3446 3461 3476
f 3446 3476 3465
f 3473 3471 3486
f 3473 3486 3488
f 3461 3459 3474
f 3461 3474 3476
f 3467 3463 3480
f 3467 3480 3482
f 3447 3446 3465
f 3447 3465 3464
f 3459 3457 3472
f 3459 3472 3474
f 3519 3517 3532
f 3519 3532 3534
f 3501 3499 3514
f 3501 3514 3516
f 3462 3477 3492
f 3462 3492 3481
f 3489 3487 3502
f 3489 3502 3504
f 3477 3475 3490
f 3477 3490 3492
f 3483 3479 3496
f 3483 3496 3498
f 3463 3462 3481
f 3463 3481 3480
f 3475 3473 3488
f 3475 3488 3490
f 3391 3393 3535
f 3391 3535 3533
f 3517 3515 3530
f 3517 3530 3532
f 3478 3493 3508
f 3478 3508 3497
f 3505 3503 3518
f 3505 3518 3520
f 3493 3491 3506
f 3493 3506 3508
f 3499 3495 3512
f 3499 3512 3514
f 3479 3478 3497
f 3479 3497 3496
f 3491 3489 3504
f 3491 3504 3506
f 3392 3391 3533
f 3392 3533 3531
f 3393 3394 3537
f 3393 3537 3535
f 3494 3509 3524
f 3494 3524 3513
f 3521 3519 3534
f 3521 3534 3536
f 3509 3507 3522
f 3509 3522 3524
f 3515 3511 3528
f 3515 3528 3530
f 3495 3494 3513
f 3495 3513 3512
f 3507 3505 3520
f 3507 3520 3522
f 3390 3392 3531
f 3390 3531 3527
f 3388 3387 3526
f 3388 3526 3541
f 3510 3525 3540
f 3510 3540 3529
f 3395 3388 3541
f 3395 3541 3539
f 3525 3523 3538
f 3525 3538 3540
f 3387 3390 3527
f 3387 3527 3526
f 3511 3510 3529
f 3511 3529 3528
f 3523 3521 3536
f 3523 3536 3538
f 3394 3395 3539
f 3394 3539 3537
f 3407 3406 3399
f 3407 3399 3398
f 3410 3407 3398
f 3410 3398 3400
f 3412 3410 3400
f 3412 3400 3401
f 3414 3412 3401
f 3414 3401 3402
f 3416 3414 3402
f 3416 3402 3403
f 3418 3416 3403
f 3418 3403 3404
f 3420 3418 3404
f 3420 3404 3405
f 3406 3420 3405
f 3406 3405 3399
f 3579 3578 3574
f 3579 3574 3577
f 3592 3590 3563
f 3592 3563 3562
f 3582 3579 3577
f 3582 3577 3573
f 3588 3592 3562
f 3588 3562 3566
f 3578 3584 3570
f 3578 3570 3574
f 3590 3586 3569
f 3590 3569 3563
f 3586 3582 3573
f 3586 3573 3569
f 3584 3588 3566
f 3584 3566 3570
f 3576 3575 3559
f 3576 3559 3554
f 3572 3576 3554
f 3572 3554 3553
f 3575 3571 3767
f 3575 3767 3559
f 3568 3572 3553
f 3568 3553 3768
f 3571 3567 3560
f 3571 3560 3767
f 3564 3568 3768
f 3564 3768 3556
f 3567 3565 3555
f 3567 3555 3560
f 3565 3564 3556
f 3565 3556 3555
f 3769 3770 3771
f 3769 3771 3772
f 3773 3774 3775
f 3773 3775 3776
f 3777 3769 3772
f 3777 3772 3778
f 3774 3779 3780
f 3774 3780 3775
f 3781 3777 3778
f 3781 3778 3782
f 3779 3781 3782
f 3779 3782 3780
f 3783 3784 3771
f 3783 3771 3785
f 3786 3783 3785
f 3786 3785 3776
f 3787 3788 3789
f 3787 3789 3790
f 3791 3792 3793
f 3791 3793 3794
f 3784 3795 3772
f 3784 3772 3771
f 3796 3797 3798
f 3796 3798 3799
f 3800 3786 3776
f 3800 3776 3775
f 3801 3802 3803
f 3801 3803 3804
f 3802 3805 3806
f 3802 3806 3803
f 3807 3808 3809
f 3807 3809 3810
f 3797 3811 3812
f 3797 3812 3798
f 3813 3792 3791
f 3813 3791 3814
f 3795 3815 3778
f 3795 3778 3772
f 3816 3796 3799
f 3816 3799 3817
f 3818 3800 3775
f 3818 3775 3780
f 3819 3801 3804
f 3819 3804 3820
f 3815 3821 3782
f 3815 3782 3778
f 3822 3823 3824
f 3822 3824 3825
f 3821 3818 3780
f 3821 3780 3782
f 3810 3787 3790
f 3810 3790 3807
f 3826 3827 3828
f 3826 3828 3829
f 3830 3813 3814
f 3830 3814 3831
f 3832 3833 3834
f 3832 3834 3835
f 3836 3837 3838
f 3836 3838 3839
f 3833 3840 3841
f 3833 3841 3834
f 3842 3822 3825
f 3842 3825 3843
f 3844 3845 3846
f 3844 3846 3839
f 3808 3830 3831
f 3808 3831 3809
f 3847 3832 3835
f 3847 3835 3848
f 3827 3842 3843
f 3827 3843 3828
f 3849 3850 3838
f 3849 3838 3851
f 3788 3794 3793
f 3788 3793 3789
f 3770 3852 3785
f 3770 3785 3771
f 3852 3773 3776
f 3852 3776 3785
f 3853 3854 3841
f 3853 3841 3855
f 3845 3856 3857
f 3845 3857 3846
f 3858 3859 3860
f 3858 3860 3861
f 3862 3861 3860
f 3862 3860 3863
f 3864 3859 3865
f 3864 3865 3866
f 3867 3866 3865
f 3867 3865 3868
f 3869 3868 3865
f 3869 3865 3870
f 3858 3870 3865
f 3858 3865 3859
f 3871 3872 3873
f 3871 3873 3874
f 3875 3876 3877
f 3875 3877 3878
f 3876 3879 3880
f 3876 3880 3877
f 3872 3881 3882
f 3872 3882 3873
f 3883 3871 3874
f 3883 3874 3884
f 3885 3875 3878
f 3885 3878 3886
f 3887 3888 3889
f 3887 3889 3890
f 3879 3883 3884
f 3879 3884 3880
f 3891 3892 3893
f 3891 3893 3894
f 3895 3896 3897
f 3895 3897 3898
f 3894 3899 3900
f 3894 3900 3891
f 3898 3901 3902
f 3898 3902 3895
f 3896 3903 3904
f 3896 3904 3897
f 3892 3905 3906
f 3892 3906 3893
f 3901 3906 3905
f 3901 3905 3902
f 3899 3904 3903
f 3899 3903 3900
f 3907 3908 3900
f 3907 3900 3903
f 3909 3910 3902
f 3909 3902 3905
f 3911 3909 3905
f 3911 3905 3892
f 3912 3907 3903
f 3912 3903 3896
f 3910 3913 3895
f 3910 3895 3902
f 3908 3914 3891
f 3908 3891 3900
f 3913 3912 3896
f 3913 3896 3895
f 3914 3911 3892
f 3914 3892 3891
f 3915 3916 3917
f 3915 3917 3918
f 3887 3919 3920
f 3887 3920 3921
f 3922 3923 3924
f 3922 3924 3925
f 3926 3915 3918
f 3926 3918 3927
f 3928 3922 3925
f 3928 3925 3929
f 3919 3930 3931
f 3919 3931 3920
f 3923 3932 3933
f 3923 3933 3924
f 3930 3926 3927
f 3930 3927 3931
f 3934 3935 3787
f 3934 3787 3810
f 3936 3934 3810
f 3936 3810 3809
f 3935 3854 3788
f 3935 3788 3787
f 3937 3936 3809
f 3937 3809 3831
f 3854 3853 3794
f 3854 3794 3788
f 3938 3937 3831
f 3938 3831 3814
f 3794 3853 3939
f 3794 3939 3791
f 3791 3939 3938
f 3791 3938 3814
f 3940 3847 3848
f 3940 3848 3941
f 3942 3943 3944
f 3942 3944 3855
f 3805 3816 3817
f 3805 3817 3806
f 3811 3819 3820
f 3811 3820 3812
f 3945 3946 3947
f 3945 3947 3948
f 3949 3950 3951
f 3949 3951 3952
f 3953 3949 3952
f 3953 3952 3954
f 3955 3945 3948
f 3955 3948 3956
f 3946 3957 3958
f 3946 3958 3947
f 3950 3959 3960
f 3950 3960 3951
f 3957 3953 3954
f 3957 3954 3958
f 3959 3955 3956
f 3959 3956 3960
f 3961 3962 3963
f 3961 3963 3964
f 3965 3966 3967
f 3965 3967 3968
f 3969 3965 3968
f 3969 3968 3970
f 3971 3961 3964
f 3971 3964 3972
f 3962 3973 3974
f 3962 3974 3963
f 3966 3975 3976
f 3966 3976 3967
f 3973 3969 3970
f 3973 3970 3974
f 3975 3971 3972
f 3975 3972 3976
f 3544 3546 3961
f 3544 3961 3971
f 3546 3548 3962
f 3546 3962 3961
f 3548 3557 3973
f 3548 3973 3962
f 3557 3556 3969
f 3557 3969 3973
f 3556 3768 3965
f 3556 3965 3969
f 3768 3553 3966
f 3768 3966 3965
f 3553 3552 3975
f 3553 3975 3966
f 3552 3544 3971
f 3552 3971 3975
f 3792 3813 3977
f 3792 3977 3978
f 3978 3979 3793
f 3978 3793 3792
f 3813 3830 3824
f 3813 3824 3977
f 3979 3829 3789
f 3979 3789 3793
f 3830 3808 3825
f 3830 3825 3824
f 3829 3828 3790
f 3829 3790 3789
f 3808 3807 3843
f 3808 3843 3825
f 3828 3843 3807
f 3828 3807 3790
f 3784 3783 3842
f 3784 3842 3827
f 3783 3786 3822
f 3783 3822 3842
f 3795 3784 3827
f 3795 3827 3826
f 3786 3800 3823
f 3786 3823 3822
f 3815 3795 3826
f 3815 3826 3980
f 3800 3818 3981
f 3800 3981 3823
f 3821 3815 3980
f 3821 3980 3982
f 3818 3821 3982
f 3818 3982 3981
f 3983 3984 3985
f 3983 3985 3986
f 3987 3983 3986
f 3987 3986 3988
f 3939 3853 3855
f 3939 3855 3944
f 3984 3989 3857
f 3984 3857 3985
f 3944 3990 3938
f 3944 3938 3939
f 3991 3987 3988
f 3991 3988 3851
f 3849 3851 3988
f 3849 3988 3992
f 3993 3985 3857
f 3993 3857 3856
f 3992 3988 3986
f 3992 3986 3994
f 3994 3986 3985
f 3994 3985 3993
f 3955 3959 3976
f 3955 3976 3972
f 3959 3950 3967
f 3959 3967 3976
f 3950 3949 3968
f 3950 3968 3967
f 3949 3953 3970
f 3949 3970 3968
f 3953 3957 3974
f 3953 3974 3970
f 3957 3946 3963
f 3957 3963 3974
f 3946 3945 3964
f 3946 3964 3963
f 3972 3964 3945
f 3972 3945 3955
f 3811 3797 3960
f 3811 3960 3956
f 3797 3796 3951
f 3797 3951 3960
f 3796 3816 3952
f 3796 3952 3951
f 3816 3805 3954
f 3816 3954 3952
f 3805 3802 3958
f 3805 3958 3954
f 3802 3801 3947
f 3802 3947 3958
f 3801 3819 3948
f 3801 3948 3947
f 3956 3948 3819
f 3956 3819 3811
f 3812 3820 3995
f 3812 3995 3996
f 3997 3995 3820
f 3997 3820 3804
f 3998 3997 3804
f 3998 3804 3803
f 3999 3998 3803
f 3999 3803 3806
f 4000 3999 3806
f 4000 3806 3817
f 4001 4000 3817
f 4001 3817 3799
f 4002 4001 3799
f 4002 3799 3798
f 3996 4002 3798
f 3996 3798 3812
f 4003 4004 4005
f 4003 4005 4006
f 4007 4008 4009
f 4007 4009 4010
f 4004 4011 4012
f 4004 4012 4005
f 4013 4007 4010
f 4013 4010 4014
f 4015 4003 4006
f 4015 4006 4016
f 4008 4017 4018
f 4008 4018 4009
f 4011 4019 4020
f 4011 4020 4012
f 4021 4013 4014
f 4021 4014 4022
f 4023 4024 4025
f 4023 4025 4026
f 4027 4024 4023
f 4027 4023 4028
f 4029 4024 4027
f 4029 4027 4030
f 4025 4024 4029
f 4025 4029 4031
f 4032 4033 4027
f 4032 4027 4028
f 4034 4033 4032
f 4034 4032 4035
f 4036 4033 4034
f 4036 4034 4037
f 4027 4033 4036
f 4027 4036 4030
f 4038 4039 4034
f 4038 4034 4035
f 4040 4039 4038
f 4040 4038 4041
f 4042 4039 4040
f 4042 4040 4043
f 4034 4039 4042
f 4034 4042 4037
f 4044 4045 4040
f 4044 4040 4041
f 4025 4045 4044
f 4025 4044 4026
f 4046 4045 4025
f 4046 4025 4031
f 4040 4045 4046
f 4040 4046 4043
f 4047 4048 4049
f 4047 4049 4050
f 4051 4052 4018
f 4051 4018 4053
f 4029 4054 4055
f 4029 4055 4031
f 4056 4054 4029
f 4056 4029 4030
f 4057 4058 4054
f 4057 4054 4056
f 4059 4060 4061
f 4059 4061 4022
f 4036 4062 4056
f 4036 4056 4030
f 4049 4062 4036
f 4049 4036 4037
f 4048 4063 4062
f 4048 4062 4049
f 4064 4051 4053
f 4064 4053 4065
f 4042 4050 4049
f 4042 4049 4037
f 4066 4050 4042
f 4066 4042 4043
f 4063 4057 4056
f 4063 4056 4062
f 4060 4064 4065
f 4060 4065 4061
f 4046 4067 4066
f 4046 4066 4043
f 4055 4067 4046
f 4055 4046 4031
f 4068 4069 4070
f 4068 4070 4071
f 4072 4069 4068
f 4072 4068 4073
f 4074 4015 4016
f 4074 4016 4075
f 4017 4076 4053
f 4017 4053 4018
f 4077 4078 4072
f 4077 4072 4073
f 4079 4078 4077
f 4079 4077 4080
f 4019 4081 4082
f 4019 4082 4020
f 4083 4021 4022
f 4083 4022 4061
f 4084 4085 4086
f 4084 4086 4087
f 4070 4085 4084
f 4070 4084 4071
f 4088 4074 4075
f 4088 4075 4089
f 4076 4090 4065
f 4076 4065 4053
f 4091 4092 4079
f 4091 4079 4080
f 4086 4092 4091
f 4086 4091 4087
f 4081 4088 4089
f 4081 4089 4082
f 4090 4083 4061
f 4090 4061 4065
f 4093 4094 4095
f 4093 4095 4096
f 4097 4094 4093
f 4097 4093 4098
f 4099 4094 4097
f 4099 4097 4100
f 4095 4094 4099
f 4095 4099 4101
f 4102 4103 4104
f 4102 4104 4105
f 4106 4103 4102
f 4106 4102 4107
f 4077 4103 4106
f 4077 4106 4080
f 4104 4103 4077
f 4104 4077 4073
f 4108 4109 4106
f 4108 4106 4107
f 4110 4109 4108
f 4110 4108 4111
f 4091 4109 4110
f 4091 4110 4087
f 4106 4109 4091
f 4106 4091 4080
f 4112 4113 4114
f 4112 4114 4115
f 4116 4113 4112
f 4116 4112 4117
f 4118 4113 4116
f 4118 4116 4119
f 4114 4113 4118
f 4114 4118 4120
f 4121 4122 4116
f 4121 4116 4117
f 4123 4122 4121
f 4123 4121 4124
f 4125 4122 4123
f 4125 4123 4126
f 4116 4122 4125
f 4116 4125 4119
f 4127 4128 4129
f 4127 4129 4130
f 4114 4128 4127
f 4114 4127 4115
f 4131 4128 4114
f 4131 4114 4120
f 4129 4128 4131
f 4129 4131 4132
f 4133 4134 4123
f 4133 4123 4124
f 4129 4134 4133
f 4129 4133 4130
f 4135 4134 4129
f 4135 4129 4132
f 4123 4134 4135
f 4123 4135 4126
f 4136 4137 4138
f 4136 4138 4139
f 4140 4137 4136
f 4140 4136 4141
f 4112 4137 4140
f 4112 4140 4117
f 4138 4137 4112
f 4138 4112 4115
f 4142 4143 4140
f 4142 4140 4141
f 4144 4143 4142
f 4144 4142 4145
f 4121 4143 4144
f 4121 4144 4124
f 4140 4143 4121
f 4140 4121 4117
f 4146 4147 4148
f 4146 4148 4149
f 4138 4147 4146
f 4138 4146 4139
f 4127 4147 4138
f 4127 4138 4115
f 4148 4147 4127
f 4148 4127 4130
f 4150 4151 4144
f 4150 4144 4145
f 4148 4151 4150
f 4148 4150 4149
f 4133 4151 4148
f 4133 4148 4130
f 4144 4151 4133
f 4144 4133 4124
f 4152 4153 4154
f 4152 4154 4155
f 4156 4153 4152
f 4156 4152 4157
f 4158 4153 4156
f 4158 4156 4159
f 4154 4153 4158
f 4154 4158 4160
f 4161 4162 4156
f 4161 4156 4157
f 4163 4162 4161
f 4163 4161 4164
f 4165 4162 4163
f 4165 4163 4166
f 4156 4162 4165
f 4156 4165 4159
f 4167 4168 4169
f 4167 4169 4170
f 4154 4168 4167
f 4154 4167 4155
f 4171 4168 4154
f 4171 4154 4160
f 4169 4168 4171
f 4169 4171 4172
f 4173 4174 4163
f 4173 4163 4164
f 4169 4174 4173
f 4169 4173 4170
f 4175 4174 4169
f 4175 4169 4172
f 4163 4174 4175
f 4163 4175 4166
f 4176 4177 4178
f 4176 4178 4179
f 4095 4177 4176
f 4095 4176 4096
f 4180 4177 4095
f 4180 4095 4101
f 4178 4177 4180
f 4178 4180 4181
f 4182 4183 4184
f 4182 4184 4185
f 4178 4183 4182
f 4178 4182 4179
f 4186 4183 4178
f 4186 4178 4181
f 4184 4183 4186
f 4184 4186 4187
f 4188 4189 4097
f 4188 4097 4098
f 4184 4189 4188
f 4184 4188 4185
f 4190 4189 4184
f 4190 4184 4187
f 4097 4189 4190
f 4097 4190 4100
f 4191 4192 4193
f 4191 4193 4194
f 4195 4192 4191
f 4195 4191 4196
f 4108 4192 4195
f 4108 4195 4111
f 4193 4192 4108
f 4193 4108 4107
f 4197 4198 4195
f 4197 4195 4196
f 4199 4198 4197
f 4199 4197 4200
f 4201 4198 4199
f 4201 4199 4202
f 4195 4198 4201
f 4195 4201 4111
f 4203 4204 4205
f 4203 4205 4206
f 4193 4204 4203
f 4193 4203 4194
f 4102 4204 4193
f 4102 4193 4107
f 4205 4204 4102
f 4205 4102 4105
f 4207 4208 4199
f 4207 4199 4200
f 4205 4208 4207
f 4205 4207 4206
f 4209 4208 4205
f 4209 4205 4105
f 4199 4208 4209
f 4199 4209 4202
f 4210 4211 4212
f 4210 4212 4213
f 4214 4211 4210
f 4214 4210 4215
f 4216 4211 4214
f 4216 4214 4217
f 4212 4211 4216
f 4212 4216 4218
f 4219 4220 4221
f 4219 4221 4222
f 4212 4220 4219
f 4212 4219 4213
f 4223 4220 4212
f 4223 4212 4218
f 4221 4220 4223
f 4221 4223 4224
f 4225 4226 4227
f 4225 4227 4228
f 4221 4226 4225
f 4221 4225 4222
f 4229 4226 4221
f 4229 4221 4224
f 4227 4226 4229
f 4227 4229 4230
f 4231 4232 4214
f 4231 4214 4215
f 4227 4232 4231
f 4227 4231 4228
f 4233 4232 4227
f 4233 4227 4230
f 4214 4232 4233
f 4214 4233 4217
f 4216 4234 4235
f 4216 4235 4218
f 4236 4234 4216
f 4236 4216 4217
f 4237 4238 4239
f 4237 4239 4240
f 4241 4242 4243
f 4241 4243 4244
f 4223 4245 4246
f 4223 4246 4224
f 4235 4245 4223
f 4235 4223 4218
f 4247 4248 4249
f 4247 4249 4250
f 4251 4252 4253
f 4251 4253 4254
f 4229 4255 4256
f 4229 4256 4230
f 4246 4255 4229
f 4246 4229 4224
f 4257 4237 4240
f 4257 4240 4258
f 4242 4259 4260
f 4242 4260 4243
f 4233 4261 4236
f 4233 4236 4217
f 4256 4261 4233
f 4256 4233 4230
f 4248 4257 4258
f 4248 4258 4249
f 4259 4251 4254
f 4259 4254 4260
f 4257 4248 4251
f 4257 4251 4259
f 4259 4242 4237
f 4259 4237 4257
f 4262 4253 4263
f 4262 4263 4264
f 4254 4253 4262
f 4254 4262 4265
f 4252 4251 4248
f 4252 4248 4247
f 4238 4237 4242
f 4238 4242 4241
f 4266 4260 4254
f 4266 4254 4265
f 4243 4260 4266
f 4243 4266 4267
f 4247 4268 4269
f 4247 4269 4252
f 4241 4270 4271
f 4241 4271 4238
f 4272 4244 4243
f 4272 4243 4267
f 4273 4244 4272
f 4273 4272 4274
f 4268 4275 4276
f 4268 4276 4269
f 4275 4271 4270
f 4275 4270 4276
f 4277 4278 4273
f 4277 4273 4274
f 4263 4278 4277
f 4263 4277 4264
f 4262 4279 4280
f 4262 4280 4265
f 4281 4279 4262
f 4281 4262 4264
f 4282 4279 4281
f 4282 4281 4283
f 4280 4279 4282
f 4280 4282 4284
f 4266 4285 4286
f 4266 4286 4267
f 4280 4285 4266
f 4280 4266 4265
f 4287 4285 4280
f 4287 4280 4284
f 4286 4285 4287
f 4286 4287 4288
f 4272 4289 4290
f 4272 4290 4274
f 4286 4289 4272
f 4286 4272 4267
f 4291 4289 4286
f 4291 4286 4288
f 4290 4289 4291
f 4290 4291 4292
f 4277 4293 4281
f 4277 4281 4264
f 4290 4293 4277
f 4290 4277 4274
f 4294 4293 4290
f 4294 4290 4292
f 4281 4293 4294
f 4281 4294 4283
f 4282 4295 4296
f 4282 4296 4284
f 4297 4295 4282
f 4297 4282 4283
f 4298 4295 4297
f 4298 4297 4071
f 4296 4295 4298
f 4296 4298 4202
f 4287 4299 4300
f 4287 4300 4288
f 4296 4299 4287
f 4296 4287 4284
f 4209 4299 4296
f 4209 4296 4202
f 4300 4299 4209
f 4300 4209 4105
f 4291 4301 4302
f 4291 4302 4292
f 4300 4301 4291
f 4300 4291 4288
f 4104 4301 4300
f 4104 4300 4105
f 4302 4301 4104
f 4302 4104 4073
f 4294 4303 4297
f 4294 4297 4283
f 4302 4303 4294
f 4302 4294 4292
f 4068 4303 4302
f 4068 4302 4073
f 4297 4303 4068
f 4297 4068 4071
f 4201 4304 4110
f 4201 4110 4111
f 4298 4304 4201
f 4298 4201 4202
f 4084 4304 4298
f 4084 4298 4071
f 4110 4304 4084
f 4110 4084 4087
f 4191 4305 4306
f 4191 4306 4196
f 4307 4305 4191
f 4307 4191 4194
f 4135 4305 4307
f 4135 4307 4126
f 4306 4305 4135
f 4306 4135 4132
f 4197 4308 4309
f 4197 4309 4200
f 4306 4308 4197
f 4306 4197 4196
f 4131 4308 4306
f 4131 4306 4132
f 4309 4308 4131
f 4309 4131 4120
f 4203 4310 4307
f 4203 4307 4194
f 4311 4310 4203
f 4311 4203 4206
f 4125 4310 4311
f 4125 4311 4119
f 4307 4310 4125
f 4307 4125 4126
f 4207 4312 4311
f 4207 4311 4206
f 4309 4312 4207
f 4309 4207 4200
f 4118 4312 4309
f 4118 4309 4120
f 4311 4312 4118
f 4311 4118 4119
f 4313 4314 4315
f 4313 4315 4316
f 4317 4314 4313
f 4317 4313 4318
f 4319 4314 4317
f 4319 4317 4320
f 4315 4314 4319
f 4315 4319 4321
f 4322 4323 4317
f 4322 4317 4318
f 4324 4323 4322
f 4324 4322 4325
f 4326 4323 4324
f 4326 4324 4327
f 4317 4323 4326
f 4317 4326 4320
f 4328 4329 4330
f 4328 4330 4331
f 4332 4329 4328
f 4332 4328 4333
f 4334 4329 4332
f 4334 4332 4335
f 4330 4329 4334
f 4330 4334 4325
f 4336 4337 4332
f 4336 4332 4333
f 4338 4337 4336
f 4338 4336 4339
f 4340 4337 4338
f 4340 4338 4316
f 4332 4337 4340
f 4332 4340 4335
f 4341 4342 4338
f 4341 4338 4339
f 4343 4342 4341
f 4343 4341 4344
f 4313 4342 4343
f 4313 4343 4318
f 4338 4342 4313
f 4338 4313 4316
f 4345 4346 4343
f 4345 4343 4344
f 4330 4346 4345
f 4330 4345 4331
f 4322 4346 4330
f 4322 4330 4325
f 4343 4346 4322
f 4343 4322 4318
f 4347 4348 4349
f 4347 4349 4350
f 4351 4348 4347
f 4351 4347 4352
f 4328 4348 4351
f 4328 4351 4333
f 4349 4348 4328
f 4349 4328 4331
f 4353 4354 4351
f 4353 4351 4352
f 4355 4354 4353
f 4355 4353 4356
f 4336 4354 4355
f 4336 4355 4339
f 4351 4354 4336
f 4351 4336 4333
f 4357 4358 4359
f 4357 4359 4360
f 4361 4358 4357
f 4361 4357 4362
f 4363 4358 4361
f 4363 4361 4364
f 4359 4358 4363
f 4359 4363 4365
f 4359 4366 4367
f 4359 4367 4360
f 4368 4366 4359
f 4368 4359 4365
f 4369 4366 4368
f 4369 4368 4370
f 4367 4366 4369
f 4367 4369 4371
f 4372 4373 4363
f 4372 4363 4364
f 4374 4373 4372
f 4374 4372 4375
f 4376 4373 4374
f 4376 4374 4377
f 4363 4373 4376
f 4363 4376 4365
f 4368 4378 4379
f 4368 4379 4370
f 4376 4378 4368
f 4376 4368 4365
f 4380 4378 4376
f 4380 4376 4377
f 4379 4378 4380
f 4379 4380 4381
f 4382 4383 4374
f 4382 4374 4375
f 4384 4383 4382
f 4384 4382 4385
f 4386 4383 4384
f 4386 4384 4387
f 4374 4383 4386
f 4374 4386 4377
f 4388 4389 4390
f 4388 4390 4391
f 4353 4389 4388
f 4353 4388 4356
f 4347 4389 4353
f 4347 4353 4352
f 4390 4389 4347
f 4390 4347 4350
f 4392 4393 4394
f 4392 4394 4395
f 4396 4393 4392
f 4396 4392 4397
f 4398 4393 4396
f 4398 4396 4399
f 4394 4393 4398
f 4394 4398 4400
f 4401 4402 4396
f 4401 4396 4397
f 4403 4402 4401
f 4403 4401 4404
f 4405 4402 4403
f 4405 4403 4406
f 4396 4402 4405
f 4396 4405 4399
f 4407 4408 4403
f 4407 4403 4404
f 4409 4408 4407
f 4409 4407 4410
f 4411 4408 4409
f 4411 4409 4412
f 4403 4408 4411
f 4403 4411 4406
f 4413 4414 4409
f 4413 4409 4410
f 4394 4414 4413
f 4394 4413 4395
f 4415 4414 4394
f 4415 4394 4400
f 4409 4414 4415
f 4409 4415 4412
f 4416 4417 4418
f 4416 4418 4419
f 4420 4417 4416
f 4420 4416 4421
f 4392 4417 4420
f 4392 4420 4397
f 4418 4417 4392
f 4418 4392 4395
f 4422 4423 4420
f 4422 4420 4421
f 4424 4423 4422
f 4424 4422 4425
f 4401 4423 4424
f 4401 4424 4404
f 4420 4423 4401
f 4420 4401 4397
f 4426 4427 4424
f 4426 4424 4425
f 4428 4427 4426
f 4428 4426 4429
f 4407 4427 4428
f 4407 4428 4410
f 4424 4427 4407
f 4424 4407 4404
f 4430 4431 4428
f 4430 4428 4429
f 4418 4431 4430
f 4418 4430 4419
f 4413 4431 4418
f 4413 4418 4395
f 4428 4431 4413
f 4428 4413 4410
f 4432 4433 4434
f 4432 4434 4327
f 4435 4433 4432
f 4435 4432 4436
f 4416 4433 4435
f 4416 4435 4421
f 4434 4433 4416
f 4434 4416 4419
f 4437 4438 4435
f 4437 4435 4436
f 4439 4438 4437
f 4439 4437 4321
f 4422 4438 4439
f 4422 4439 4425
f 4435 4438 4422
f 4435 4422 4421
f 4319 4440 4439
f 4319 4439 4321
f 4441 4440 4319
f 4441 4319 4320
f 4426 4440 4441
f 4426 4441 4429
f 4439 4440 4426
f 4439 4426 4425
f 4326 4442 4441
f 4326 4441 4320
f 4434 4442 4326
f 4434 4326 4327
f 4430 4442 4434
f 4430 4434 4419
f 4441 4442 4430
f 4441 4430 4429
f 4334 4443 4324
f 4334 4324 4325
f 4444 4443 4334
f 4444 4334 4335
f 4432 4443 4444
f 4432 4444 4436
f 4324 4443 4432
f 4324 4432 4327
f 4340 4445 4444
f 4340 4444 4335
f 4315 4445 4340
f 4315 4340 4316
f 4437 4445 4315
f 4437 4315 4321
f 4444 4445 4437
f 4444 4437 4436
f 4388 4446 4355
f 4388 4355 4356
f 4447 4446 4388
f 4447 4388 4391
f 4341 4446 4447
f 4341 4447 4344
f 4355 4446 4341
f 4355 4341 4339
f 4390 4448 4447
f 4390 4447 4391
f 4349 4448 4390
f 4349 4390 4350
f 4345 4448 4349
f 4345 4349 4331
f 4447 4448 4345
f 4447 4345 4344
f 4398 4449 4450
f 4398 4450 4400
f 4451 4449 4398
f 4451 4398 4399
f 4452 4449 4451
f 4452 4451 4453
f 4450 4449 4452
f 4450 4452 4454
f 4455 4456 4457
f 4455 4457 4458
f 4452 4456 4455
f 4452 4455 4454
f 4459 4456 4452
f 4459 4452 4453
f 4457 4456 4459
f 4457 4459 4387
f 4405 4460 4451
f 4405 4451 4399
f 4461 4460 4405
f 4461 4405 4406
f 4462 4460 4461
f 4462 4461 4463
f 4451 4460 4462
f 4451 4462 4453
f 4459 4464 4386
f 4459 4386 4387
f 4462 4464 4459
f 4462 4459 4453
f 4465 4464 4462
f 4465 4462 4463
f 4386 4464 4465
f 4386 4465 4377
f 4461 4466 4467
f 4461 4467 4463
f 4411 4466 4461
f 4411 4461 4406
f 4468 4466 4411
f 4468 4411 4412
f 4467 4466 4468
f 4467 4468 4469
f 4467 4470 4465
f 4467 4465 4463
f 4471 4470 4467
f 4471 4467 4469
f 4380 4470 4471
f 4380 4471 4381
f 4465 4470 4380
f 4465 4380 4377
f 4468 4472 4473
f 4468 4473 4469
f 4415 4472 4468
f 4415 4468 4412
f 4450 4472 4415
f 4450 4415 4400
f 4473 4472 4450
f 4473 4450 4454
f 4473 4474 4471
f 4473 4471 4469
f 4455 4474 4473
f 4455 4473 4454
f 4475 4474 4455
f 4475 4455 4458
f 4471 4474 4475
f 4471 4475 4381
f 4476 4477 4478
f 4476 4478 4479
f 4480 4477 4476
f 4480 4476 4481
f 4482 4477 4480
f 4482 4480 4483
f 4478 4477 4482
f 4478 4482 4484
f 4485 4486 4487
f 4485 4487 4488
f 4489 4486 4485
f 4489 4485 4490
f 4491 4486 4489
f 4491 4489 4492
f 4487 4486 4491
f 4487 4491 4493
f 4480 4494 4495
f 4480 4495 4483
f 4496 4494 4480
f 4496 4480 4481
f 4497 4494 4496
f 4497 4496 4498
f 4495 4494 4497
f 4495 4497 4499
f 4491 4500 4501
f 4491 4501 4493
f 4502 4500 4491
f 4502 4491 4492
f 4503 4500 4502
f 4503 4502 4504
f 4501 4500 4503
f 4501 4503 4505
f 4497 4506 4507
f 4497 4507 4499
f 4508 4506 4497
f 4508 4497 4498
f 4509 4506 4508
f 4509 4508 4510
f 4507 4506 4509
f 4507 4509 4511
f 4512 4513 4503
f 4512 4503 4504
f 4514 4513 4512
f 4514 4512 4515
f 4516 4513 4514
f 4516 4514 4517
f 4503 4513 4516
f 4503 4516 4505
f 4518 4519 4509
f 4518 4509 4510
f 4478 4519 4518
f 4478 4518 4479
f 4520 4519 4478
f 4520 4478 4484
f 4509 4519 4520
f 4509 4520 4511
f 4521 4522 4514
f 4521 4514 4515
f 4485 4522 4521
f 4485 4521 4490
f 4523 4522 4485
f 4523 4485 4488
f 4514 4522 4523
f 4514 4523 4517
f 4518 4524 4476
f 4518 4476 4479
f 4508 4524 4518
f 4508 4518 4510
f 4496 4524 4508
f 4496 4508 4498
f 4476 4524 4496
f 4476 4496 4481
f 4525 4526 4527
f 4525 4527 4528
f 4529 4526 4525
f 4529 4525 4530
f 4531 4526 4529
f 4531 4529 4532
f 4527 4526 4531
f 4527 4531 4533
f 4534 4535 4525
f 4534 4525 4528
f 4536 4535 4534
f 4536 4534 4537
f 4538 4535 4536
f 4538 4536 4539
f 4525 4535 4538
f 4525 4538 4530
f 4540 4541 4529
f 4540 4529 4530
f 4542 4541 4540
f 4542 4540 4543
f 4544 4541 4542
f 4544 4542 4545
f 4529 4541 4544
f 4529 4544 4532
f 4538 4546 4540
f 4538 4540 4530
f 4547 4546 4538
f 4547 4538 4539
f 4548 4546 4547
f 4548 4547 4549
f 4540 4546 4548
f 4540 4548 4543
f 4542 4550 4551
f 4542 4551 4545
f 4552 4550 4542
f 4552 4542 4543
f 4553 4550 4552
f 4553 4552 4554
f 4551 4550 4553
f 4551 4553 4555
f 4556 4557 4548
f 4556 4548 4549
f 4558 4557 4556
f 4558 4556 4559
f 4552 4557 4558
f 4552 4558 4554
f 4548 4557 4552
f 4548 4552 4543
f 4553 4560 4561
f 4553 4561 4555
f 4562 4560 4553
f 4562 4553 4554
f 4527 4560 4562
f 4527 4562 4528
f 4561 4560 4527
f 4561 4527 4533
f 4563 4564 4558
f 4563 4558 4559
f 4534 4564 4563
f 4534 4563 4537
f 4562 4564 4534
f 4562 4534 4528
f 4558 4564 4562
f 4558 4562 4554
f 4565 4566 4567
f 4565 4567 4568
f 4569 4566 4565
f 4569 4565 4570
f 4571 4566 4569
f 4571 4569 4572
f 4567 4566 4571
f 4567 4571 4573
f 4567 4574 4575
f 4567 4575 4568
f 4576 4574 4567
f 4576 4567 4573
f 4577 4574 4576
f 4577 4576 4578
f 4575 4574 4577
f 4575 4577 4579
f 4580 4581 4582
f 4580 4582 4583
f 4584 4581 4580
f 4584 4580 4585
f 4565 4581 4584
f 4565 4584 4570
f 4582 4581 4565
f 4582 4565 4568
f 4586 4587 4588
f 4586 4588 4589
f 4582 4587 4586
f 4582 4586 4583
f 4575 4587 4582
f 4575 4582 4568
f 4588 4587 4575
f 4588 4575 4579
f 4590 4591 4592
f 4590 4592 4593
f 4580 4591 4590
f 4580 4590 4585
f 4594 4591 4580
f 4594 4580 4583
f 4592 4591 4594
f 4592 4594 4595
f 4596 4597 4598
f 4596 4598 4599
f 4594 4597 4596
f 4594 4596 4595
f 4586 4597 4594
f 4586 4594 4583
f 4598 4597 4586
f 4598 4586 4589
f 4600 4601 4571
f 4600 4571 4572
f 4592 4601 4600
f 4592 4600 4593
f 4602 4601 4592
f 4602 4592 4595
f 4571 4601 4602
f 4571 4602 4573
f 4602 4603 4576
f 4602 4576 4573
f 4596 4603 4602
f 4596 4602 4595
f 4604 4603 4596
f 4604 4596 4599
f 4576 4603 4604
f 4576 4604 4578
f 4605 4606 4604
f 4605 4604 4599
f 4475 4606 4605
f 4475 4605 4381
f 4607 4606 4475
f 4607 4475 4458
f 4604 4606 4607
f 4604 4607 4578
f 4608 4609 4598
f 4608 4598 4589
f 4379 4609 4608
f 4379 4608 4370
f 4605 4609 4379
f 4605 4379 4381
f 4598 4609 4605
f 4598 4605 4599
f 4369 4610 4611
f 4369 4611 4371
f 4608 4610 4369
f 4608 4369 4370
f 4588 4610 4608
f 4588 4608 4589
f 4611 4610 4588
f 4611 4588 4579
f 4612 4613 4607
f 4612 4607 4458
f 4611 4613 4612
f 4611 4612 4371
f 4577 4613 4611
f 4577 4611 4579
f 4607 4613 4577
f 4607 4577 4578
f 4614 4615 4531
f 4614 4531 4532
f 4616 4615 4614
f 4616 4614 4617
f 4618 4615 4616
f 4618 4616 4619
f 4531 4615 4618
f 4531 4618 4533
f 4620 4621 4622
f 4620 4622 4623
f 4614 4621 4620
f 4614 4620 4617
f 4544 4621 4614
f 4544 4614 4532
f 4622 4621 4544
f 4622 4544 4545
f 4624 4625 4626
f 4624 4626 4627
f 4622 4625 4624
f 4622 4624 4623
f 4551 4625 4622
f 4551 4622 4545
f 4626 4625 4551
f 4626 4551 4555
f 4618 4628 4561
f 4618 4561 4533
f 4629 4628 4618
f 4629 4618 4619
f 4626 4628 4629
f 4626 4629 4627
f 4561 4628 4626
f 4561 4626 4555
f 4630 4631 4457
f 4630 4457 4387
f 4367 4631 4630
f 4367 4630 4360
f 4612 4631 4367
f 4612 4367 4371
f 4457 4631 4612
f 4457 4612 4458
f 4632 4633 4634
f 4632 4634 4635
f 4636 4633 4632
f 4636 4632 4637
f 4638 4633 4636
f 4638 4636 4639
f 4634 4633 4638
f 4634 4638 4640
f 4641 4642 4643
f 4641 4643 4644
f 4645 4642 4641
f 4645 4641 4646
f 4647 4642 4645
f 4647 4645 4648
f 4643 4642 4647
f 4643 4647 4649
f 4647 4650 4651
f 4647 4651 4649
f 4652 4650 4647
f 4652 4647 4648
f 4653 4650 4652
f 4653 4652 4654
f 4651 4650 4653
f 4651 4653 4655
f 4645 4656 4657
f 4645 4657 4648
f 4658 4656 4645
f 4658 4645 4646
f 4659 4656 4658
f 4659 4658 4660
f 4657 4656 4659
f 4657 4659 4661
f 4657 4662 4652
f 4657 4652 4648
f 4663 4662 4657
f 4663 4657 4661
f 4664 4662 4663
f 4664 4663 4619
f 4652 4662 4664
f 4652 4664 4654
f 4665 4666 4667
f 4665 4667 4668
f 4669 4666 4665
f 4669 4665 4670
f 4671 4666 4669
f 4671 4669 4672
f 4667 4666 4671
f 4667 4671 4673
f 4674 4675 4676
f 4674 4676 4677
f 4678 4675 4674
f 4678 4674 4679
f 4680 4675 4678
f 4680 4678 4681
f 4676 4675 4680
f 4676 4680 4682
f 4669 4683 4684
f 4669 4684 4672
f 4685 4683 4669
f 4685 4669 4670
f 4686 4683 4685
f 4686 4685 4687
f 4684 4683 4686
f 4684 4686 4688
f 4689 4690 4691
f 4689 4691 4692
f 4676 4690 4689
f 4676 4689 4677
f 4693 4690 4676
f 4693 4676 4682
f 4691 4690 4693
f 4691 4693 4694
f 4686 4695 4696
f 4686 4696 4688
f 4697 4695 4686
f 4697 4686 4687
f 4698 4695 4697
f 4698 4697 4699
f 4696 4695 4698
f 4696 4698 4700
f 4701 4702 4703
f 4701 4703 4704
f 4691 4702 4701
f 4691 4701 4692
f 4705 4702 4691
f 4705 4691 4694
f 4703 4702 4705
f 4703 4705 4706
f 4707 4708 4698
f 4707 4698 4699
f 4667 4708 4707
f 4667 4707 4668
f 4709 4708 4667
f 4709 4667 4673
f 4698 4708 4709
f 4698 4709 4700
f 4710 4711 4678
f 4710 4678 4679
f 4703 4711 4710
f 4703 4710 4704
f 4712 4711 4703
f 4712 4703 4706
f 4678 4711 4712
f 4678 4712 4681
f 4713 4714 4556
f 4713 4556 4549
f 4715 4716 4717
f 4715 4717 4718
f 4719 4720 4721
f 4719 4721 4722
f 4556 4714 4723
f 4556 4723 4559
f 4680 4724 4725
f 4680 4725 4682
f 4726 4724 4680
f 4726 4680 4681
f 4658 4724 4726
f 4658 4726 4660
f 4725 4724 4658
f 4725 4658 4646
f 4727 4728 4714
f 4727 4714 4713
f 4729 4721 4720
f 4729 4720 4730
f 4731 4732 4733
f 4731 4733 4734
f 4735 4732 4731
f 4735 4731 4736
f 4693 4737 4738
f 4693 4738 4694
f 4725 4737 4693
f 4725 4693 4682
f 4641 4737 4725
f 4641 4725 4646
f 4738 4737 4641
f 4738 4641 4644
f 4739 4740 4732
f 4739 4732 4735
f 4716 4741 4742
f 4716 4742 4717
f 4536 4718 4717
f 4536 4717 4539
f 4743 4718 4536
f 4743 4536 4537
f 4705 4744 4745
f 4705 4745 4706
f 4738 4744 4705
f 4738 4705 4694
f 4746 4744 4738
f 4746 4738 4644
f 4745 4744 4746
f 4745 4746 4747
f 4730 4720 4748
f 4730 4748 4749
f 4733 4732 4740
f 4733 4740 4750
f 4741 4727 4713
f 4741 4713 4742
f 4748 4720 4719
f 4748 4719 4751
f 4712 4752 4726
f 4712 4726 4681
f 4745 4752 4712
f 4745 4712 4706
f 4753 4752 4745
f 4753 4745 4747
f 4726 4752 4753
f 4726 4753 4660
f 4754 4755 4653
f 4754 4653 4654
f 4756 4755 4754
f 4756 4754 4757
f 4758 4755 4756
f 4758 4756 4759
f 4653 4755 4758
f 4653 4758 4655
f 4760 4761 4762
f 4760 4762 4763
f 4764 4761 4760
f 4764 4760 4765
f 4766 4761 4764
f 4766 4764 4767
f 4762 4761 4766
f 4762 4766 4768
f 4758 4769 4770
f 4758 4770 4655
f 4771 4769 4758
f 4771 4758 4759
f 4772 4769 4771
f 4772 4771 4773
f 4770 4769 4772
f 4770 4772 4774
f 4770 4775 4776
f 4770 4776 4655
f 4777 4775 4770
f 4777 4770 4774
f 4624 4775 4777
f 4624 4777 4623
f 4776 4775 4624
f 4776 4624 4627
f 4384 4778 4630
f 4384 4630 4387
f 4779 4778 4384
f 4779 4384 4385
f 4357 4778 4779
f 4357 4779 4362
f 4630 4778 4357
f 4630 4357 4360
f 4780 4781 4772
f 4780 4772 4773
f 4782 4781 4780
f 4782 4780 4783
f 4784 4781 4782
f 4784 4782 4785
f 4772 4781 4784
f 4772 4784 4774
f 4777 4786 4620
f 4777 4620 4623
f 4784 4786 4777
f 4784 4777 4774
f 4787 4786 4784
f 4787 4784 4785
f 4620 4786 4787
f 4620 4787 4617
f 4788 4789 4782
f 4788 4782 4783
f 4754 4789 4788
f 4754 4788 4757
f 4790 4789 4754
f 4790 4754 4654
f 4782 4789 4790
f 4782 4790 4785
f 4787 4791 4616
f 4787 4616 4617
f 4790 4791 4787
f 4790 4787 4785
f 4664 4791 4790
f 4664 4790 4654
f 4616 4791 4664
f 4616 4664 4619
f 4634 4792 4793
f 4634 4793 4635
f 4794 4792 4634
f 4794 4634 4640
f 4795 4792 4794
f 4795 4794 4796
f 4793 4792 4795
f 4793 4795 4797
f 4798 4799 4756
f 4798 4756 4757
f 4795 4799 4798
f 4795 4798 4797
f 4800 4799 4795
f 4800 4795 4796
f 4756 4799 4800
f 4756 4800 4759
f 4638 4801 4794
f 4638 4794 4640
f 4802 4801 4638
f 4802 4638 4639
f 4803 4801 4802
f 4803 4802 4804
f 4794 4801 4803
f 4794 4803 4796
f 4805 4806 4776
f 4805 4776 4627
f 4807 4806 4805
f 4807 4805 4808
f 4651 4806 4807
f 4651 4807 4649
f 4776 4806 4651
f 4776 4651 4655
f 4746 4809 4810
f 4746 4810 4747
f 4643 4809 4746
f 4643 4746 4644
f 4807 4809 4643
f 4807 4643 4649
f 4810 4809 4807
f 4810 4807 4808
f 4663 4811 4629
f 4663 4629 4619
f 4812 4811 4663
f 4812 4663 4661
f 4805 4811 4812
f 4805 4812 4808
f 4629 4811 4805
f 4629 4805 4627
f 4659 4813 4812
f 4659 4812 4661
f 4753 4813 4659
f 4753 4659 4660
f 4810 4813 4753
f 4810 4753 4747
f 4812 4813 4810
f 4812 4810 4808
f 4762 4814 4815
f 4762 4815 4763
f 4816 4814 4762
f 4816 4762 4768
f 4674 4814 4816
f 4674 4816 4679
f 4815 4814 4674
f 4815 4674 4677
f 4760 4817 4818
f 4760 4818 4765
f 4815 4817 4760
f 4815 4760 4763
f 4689 4817 4815
f 4689 4815 4677
f 4818 4817 4689
f 4818 4689 4692
f 4764 4819 4820
f 4764 4820 4767
f 4818 4819 4764
f 4818 4764 4765
f 4701 4819 4818
f 4701 4818 4692
f 4820 4819 4701
f 4820 4701 4704
f 4766 4821 4816
f 4766 4816 4768
f 4820 4821 4766
f 4820 4766 4767
f 4710 4821 4820
f 4710 4820 4704
f 4816 4821 4710
f 4816 4710 4679
f 4800 4822 4771
f 4800 4771 4759
f 4803 4822 4800
f 4803 4800 4796
f 4823 4822 4803
f 4823 4803 4804
f 4771 4822 4823
f 4771 4823 4773
f 4802 4824 4825
f 4802 4825 4804
f 4636 4824 4802
f 4636 4802 4639
f 4826 4824 4636
f 4826 4636 4637
f 4825 4824 4826
f 4825 4826 4827
f 4825 4828 4823
f 4825 4823 4804
f 4829 4828 4825
f 4829 4825 4827
f 4780 4828 4829
f 4780 4829 4783
f 4823 4828 4780
f 4823 4780 4773
f 4826 4830 4831
f 4826 4831 4827
f 4632 4830 4826
f 4632 4826 4637
f 4793 4830 4632
f 4793 4632 4635
f 4831 4830 4793
f 4831 4793 4797
f 4831 4832 4829
f 4831 4829 4827
f 4798 4832 4831
f 4798 4831 4797
f 4788 4832 4798
f 4788 4798 4757
f 4829 4832 4788
f 4829 4788 4783
f 4833 4834 4835
f 4833 4835 4836
f 4837 4834 4833
f 4837 4833 4838
f 4696 4834 4837
f 4696 4837 4688
f 4835 4834 4696
f 4835 4696 4700
f 4569 4839 4840
f 4569 4840 4572
f 4841 4839 4569
f 4841 4569 4570
f 4842 4839 4841
f 4842 4841 4843
f 4840 4839 4842
f 4840 4842 4844
f 4584 4845 4841
f 4584 4841 4570
f 4846 4845 4584
f 4846 4584 4585
f 4847 4845 4846
f 4847 4846 4848
f 4841 4845 4847
f 4841 4847 4843
f 4590 4849 4846
f 4590 4846 4585
f 4850 4849 4590
f 4850 4590 4593
f 4851 4849 4850
f 4851 4850 4852
f 4846 4849 4851
f 4846 4851 4848
f 4600 4853 4850
f 4600 4850 4593
f 4840 4853 4600
f 4840 4600 4572
f 4854 4853 4840
f 4854 4840 4844
f 4850 4853 4854
f 4850 4854 4852
f 4665 4855 4856
f 4665 4856 4670
f 4857 4855 4665
f 4857 4665 4668
f 4847 4855 4857
f 4847 4857 4843
f 4856 4855 4847
f 4856 4847 4848
f 4685 4858 4859
f 4685 4859 4687
f 4856 4858 4685
f 4856 4685 4670
f 4851 4858 4856
f 4851 4856 4848
f 4859 4858 4851
f 4859 4851 4852
f 4697 4860 4861
f 4697 4861 4699
f 4859 4860 4697
f 4859 4697 4687
f 4854 4860 4859
f 4854 4859 4852
f 4861 4860 4854
f 4861 4854 4844
f 4707 4862 4857
f 4707 4857 4668
f 4861 4862 4707
f 4861 4707 4699
f 4842 4862 4861
f 4842 4861 4844
f 4857 4862 4842
f 4857 4842 4843
f 4863 4864 4865
f 4863 4865 4866
f 4866 4867 4868
f 4866 4868 4863
f 4869 4870 4735
f 4869 4735 4736
f 4719 4870 4869
f 4719 4869 4751
f 4715 4865 4864
f 4715 4864 4871
f 4871 4872 4716
f 4871 4716 4715
f 4547 4742 4713
f 4547 4713 4549
f 4717 4742 4547
f 4717 4547 4539
f 4873 4874 4727
f 4873 4727 4741
f 4872 4873 4741
f 4872 4741 4716
f 4875 4876 4730
f 4875 4730 4749
f 4733 4876 4875
f 4733 4875 4734
f 4728 4727 4874
f 4728 4874 4877
f 4867 4728 4877
f 4867 4877 4868
f 4563 4878 4743
f 4563 4743 4537
f 4723 4878 4563
f 4723 4563 4559
f 4879 4880 4881
f 4879 4881 4882
f 4883 4880 4879
f 4883 4879 4884
f 4671 4880 4883
f 4671 4883 4673
f 4881 4880 4671
f 4881 4671 4672
f 4885 4886 4837
f 4885 4837 4838
f 4881 4886 4885
f 4881 4885 4882
f 4684 4886 4881
f 4684 4881 4672
f 4837 4886 4684
f 4837 4684 4688
f 4887 4888 4883
f 4887 4883 4884
f 4835 4888 4887
f 4835 4887 4836
f 4709 4888 4835
f 4709 4835 4700
f 4883 4888 4709
f 4883 4709 4673
f 4489 4889 4890
f 4489 4890 4492
f 4891 4889 4489
f 4891 4489 4490
f 4482 4889 4891
f 4482 4891 4484
f 4890 4889 4482
f 4890 4482 4483
f 4502 4892 4893
f 4502 4893 4504
f 4890 4892 4502
f 4890 4502 4492
f 4495 4892 4890
f 4495 4890 4483
f 4893 4892 4495
f 4893 4495 4499
f 4512 4894 4895
f 4512 4895 4515
f 4893 4894 4512
f 4893 4512 4504
f 4507 4894 4893
f 4507 4893 4499
f 4895 4894 4507
f 4895 4507 4511
f 4521 4896 4891
f 4521 4891 4490
f 4895 4896 4521
f 4895 4521 4515
f 4520 4896 4895
f 4520 4895 4511
f 4891 4896 4520
f 4891 4520 4484
f 4361 4897 4898
f 4361 4898 4364
f 4899 4897 4361
f 4899 4361 4362
f 4501 4897 4899
f 4501 4899 4493
f 4898 4897 4501
f 4898 4501 4505
f 4372 4900 4901
f 4372 4901 4375
f 4898 4900 4372
f 4898 4372 4364
f 4516 4900 4898
f 4516 4898 4505
f 4901 4900 4516
f 4901 4516 4517
f 4382 4902 4903
f 4382 4903 4385
f 4901 4902 4382
f 4901 4382 4375
f 4523 4902 4901
f 4523 4901 4517
f 4903 4902 4523
f 4903 4523 4488
f 4779 4904 4899
f 4779 4899 4362
f 4903 4904 4779
f 4903 4779 4385
f 4487 4904 4903
f 4487 4903 4488
f 4899 4904 4487
f 4899 4487 4493
f 4093 4905 4906
f 4093 4906 4098
f 4907 4905 4093
f 4907 4093 4096
f 4869 4905 4907
f 4869 4907 4751
f 4906 4905 4869
f 4906 4869 4736
f 4176 4908 4907
f 4176 4907 4096
f 4909 4908 4176
f 4909 4176 4179
f 4748 4908 4909
f 4748 4909 4749
f 4907 4908 4748
f 4907 4748 4751
f 4182 4910 4909
f 4182 4909 4179
f 4911 4910 4182
f 4911 4182 4185
f 4875 4910 4911
f 4875 4911 4734
f 4909 4910 4875
f 4909 4875 4749
f 4188 4912 4911
f 4188 4911 4185
f 4906 4912 4188
f 4906 4188 4098
f 4731 4912 4906
f 4731 4906 4736
f 4911 4912 4731
f 4911 4731 4734
f 4833 4913 4914
f 4833 4914 4838
f 4915 4913 4833
f 4915 4833 4836
f 4173 4913 4915
f 4173 4915 4170
f 4914 4913 4173
f 4914 4173 4164
f 4879 4916 4917
f 4879 4917 4884
f 4918 4916 4879
f 4918 4879 4882
f 4152 4916 4918
f 4152 4918 4157
f 4917 4916 4152
f 4917 4152 4155
f 4885 4919 4918
f 4885 4918 4882
f 4914 4919 4885
f 4914 4885 4838
f 4161 4919 4914
f 4161 4914 4164
f 4918 4919 4161
f 4918 4161 4157
f 4887 4920 4915
f 4887 4915 4836
f 4917 4920 4887
f 4917 4887 4884
f 4167 4920 4917
f 4167 4917 4155
f 4915 4920 4167
f 4915 4167 4170
f 4210 4921 4922
f 4210 4922 4215
f 4923 4921 4210
f 4923 4210 4213
f 4099 4921 4923
f 4099 4923 4101
f 4922 4921 4099
f 4922 4099 4100
f 4219 4924 4923
f 4219 4923 4213
f 4925 4924 4219
f 4925 4219 4222
f 4180 4924 4925
f 4180 4925 4181
f 4923 4924 4180
f 4923 4180 4101
f 4225 4926 4925
f 4225 4925 4222
f 4927 4926 4225
f 4927 4225 4228
f 4186 4926 4927
f 4186 4927 4187
f 4925 4926 4186
f 4925 4186 4181
f 4231 4928 4927
f 4231 4927 4228
f 4922 4928 4231
f 4922 4231 4215
f 4190 4928 4922
f 4190 4922 4100
f 4927 4928 4190
f 4927 4190 4187
f 4136 4929 4930
f 4136 4930 4141
f 4931 4929 4136
f 4931 4136 4139
f 4158 4929 4931
f 4158 4931 4160
f 4930 4929 4158
f 4930 4158 4159
f 4142 4932 4933
f 4142 4933 4145
f 4930 4932 4142
f 4930 4142 4141
f 4165 4932 4930
f 4165 4930 4159
f 4933 4932 4165
f 4933 4165 4166
f 4146 4934 4931
f 4146 4931 4139
f 4935 4934 4146
f 4935 4146 4149
f 4171 4934 4935
f 4171 4935 4172
f 4931 4934 4171
f 4931 4171 4160
f 4150 4936 4935
f 4150 4935 4149
f 4933 4936 4150
f 4933 4150 4145
f 4175 4936 4933
f 4175 4933 4166
f 4935 4936 4175
f 4935 4175 4172
f 3989 4937 3846
f 3989 3846 3857
f 3936 3937 3941
f 3936 3941 3848
f 3837 3991 3851
f 3837 3851 3838
f 3834 3841 3854
f 3834 3854 3935
f 4937 3836 3839
f 4937 3839 3846
f 3934 3936 3848
f 3934 3848 3835
f 3850 3844 3839
f 3850 3839 3838
f 3835 3834 3935
f 3835 3935 3934
f 3980 3826 3829
f 3980 3829 3979
f 3823 3981 3977
f 3823 3977 3824
f 4938 4939 4940
f 4938 4940 4941
f 4939 4942 4943
f 4939 4943 4940
f 4944 4938 4941
f 4944 4941 4945
f 4942 4946 4947
f 4942 4947 4943
f 4236 4261 4948
f 4236 4948 4949
f 4950 4948 4261
f 4950 4261 4256
f 4234 4236 4949
f 4234 4949 4250
f 4239 4950 4256
f 4239 4256 4255
f 4250 4249 4235
f 4250 4235 4234
f 4240 4239 4255
f 4240 4255 4246
f 4249 4258 4245
f 4249 4245 4235
f 4258 4240 4246
f 4258 4246 4245
f 4271 4275 4948
f 4271 4948 4950
f 4276 4270 4273
f 4276 4273 4278
f 4275 4268 4949
f 4275 4949 4948
f 4269 4276 4278
f 4269 4278 4263
f 4238 4271 4950
f 4238 4950 4239
f 4270 4241 4244
f 4270 4244 4273
f 4268 4247 4250
f 4268 4250 4949
f 4252 4269 4263
f 4252 4263 4253
f 4012 4020 4069
f 4012 4069 4072
f 4070 4069 4020
f 4070 4020 4082
f 4006 4005 4078
f 4006 4078 4079
f 4072 4078 4005
f 4072 4005 4012
f 4082 4089 4085
f 4082 4085 4070
f 4086 4085 4089
f 4086 4089 4075
f 4075 4016 4092
f 4075 4092 4086
f 4079 4092 4016
f 4079 4016 4006
f 4735 4870 4951
f 4735 4951 4739
f 4866 4865 4743
f 4866 4743 4878
f 4722 4951 4870
f 4722 4870 4719
f 4867 4866 4878
f 4867 4878 4723
f 4865 4715 4718
f 4865 4718 4743
f 4730 4876 4952
f 4730 4952 4729
f 4728 4867 4723
f 4728 4723 4714
f 4750 4952 4876
f 4750 4876 4733
f 4952 4750 4872
f 4952 4872 4871
f 4951 4722 4868
f 4951 4868 4877
f 4729 4952 4871
f 4729 4871 4864
f 4739 4951 4877
f 4739 4877 4874
f 4750 4740 4873
f 4750 4873 4872
f 4722 4721 4863
f 4722 4863 4868
f 4740 4739 4874
f 4740 4874 4873
f 4721 4729 4864
f 4721 4864 4863
f 4953 4954 4940
f 4953 4940 4943
f 4954 4955 4941
f 4954 4941 4940
f 4956 4957 4947
f 4956 4947 4958
f 4957 4953 4943
f 4957 4943 4947
f 4955 4959 4945
f 4955 4945 4941
f 4959 4960 4961
f 4959 4961 4945
f 4960 4962 4963
f 4960 4963 4961
f 4962 4956 4958
f 4962 4958 4963
f 4964 4965 4954
f 4964 4954 4953
f 4965 4966 4955
f 4965 4955 4954
f 4967 4968 4957
f 4967 4957 4956
f 4968 4964 4953
f 4968 4953 4957
f 4969 4970 4971
f 4969 4971 4972
f 4970 4973 4974
f 4970 4974 4971
f 4975 4976 4962
f 4975 4962 4960
f 4976 4967 4956
f 4976 4956 4962
f 4977 4978 4966
f 4977 4966 4979
f 4978 4980 4955
f 4978 4955 4966
f 4980 4981 4959
f 4980 4959 4955
f 4981 4982 4960
f 4981 4960 4959
f 4982 4983 4975
f 4982 4975 4960
f 4983 4984 4985
f 4983 4985 4975
f 4984 4986 4987
f 4984 4987 4985
f 4986 4977 4979
f 4986 4979 4987
f 4988 4989 4978
f 4988 4978 4977
f 4989 4990 4980
f 4989 4980 4978
f 4990 4991 4981
f 4990 4981 4980
f 4991 4992 4982
f 4991 4982 4981
f 4992 4993 4983
f 4992 4983 4982
f 4993 4994 4984
f 4993 4984 4983
f 4994 4995 4986
f 4994 4986 4984
f 4995 4988 4977
f 4995 4977 4986
f 4996 4997 4989
f 4996 4989 4988
f 4997 4998 4990
f 4997 4990 4989
f 4998 4999 4991
f 4998 4991 4990
f 4999 5000 4992
f 4999 4992 4991
f 5000 5001 4993
f 5000 4993 4992
f 5001 5002 4994
f 5001 4994 4993
f 5002 5003 4995
f 5002 4995 4994
f 5003 4996 4988
f 5003 4988 4995
f 5004 5005 4997
f 5004 4997 4996
f 5005 5006 4998
f 5005 4998 4997
f 5006 5007 4999
f 5006 4999 4998
f 5007 5008 5000
f 5007 5000 4999
f 5008 5009 5001
f 5008 5001 5000
f 5009 5010 5002
f 5009 5002 5001
f 5010 5011 5003
f 5010 5003 5002
f 5011 5004 4996
f 5011 4996 5003
f 5012 5013 5014
f 5012 5014 5015
f 5013 5016 5017
f 5013 5017 5014
f 5018 5019 5020
f 5018 5020 5021
f 5019 5022 5023
f 5019 5023 5020
f 5024 5025 5026
f 5024 5026 5027
f 5025 5028 5029
f 5025 5029 5026
f 5028 5030 5031
f 5028 5031 5029
f 5030 5012 5015
f 5030 5015 5031
f 5032 5033 5034
f 5032 5034 5035
f 5033 5036 5037
f 5033 5037 5034
f 5036 5038 5039
f 5036 5039 5037
f 5038 5040 5041
f 5038 5041 5039
f 5040 5042 5043
f 5040 5043 5041
f 5042 5044 5045
f 5042 5045 5043
f 5044 5046 5047
f 5044 5047 5045
f 5046 5032 5035
f 5046 5035 5047
f 5048 5049 5050
f 5048 5050 5051
f 5049 5052 5053
f 5049 5053 5050
f 5052 5054 5055
f 5052 5055 5053
f 5054 5056 5057
f 5054 5057 5055
f 5056 5058 5059
f 5056 5059 5057
f 5058 5060 5061
f 5058 5061 5059
f 5060 5062 5063
f 5060 5063 5061
f 5062 5048 5051
f 5062 5051 5063
f 5064 5065 5049
f 5064 5049 5048
f 5065 5066 5052
f 5065 5052 5049
f 5066 5067 5054
f 5066 5054 5052
f 5067 5068 5056
f 5067 5056 5054
f 5068 5069 5058
f 5068 5058 5056
f 5069 5070 5060
f 5069 5060 5058
f 5070 5071 5062
f 5070 5062 5060
f 5071 5064 5048
f 5071 5048 5062
f 5072 5073 5065
f 5072 5065 5064
f 5073 5074 5066
f 5073 5066 5065
f 5074 5075 5067
f 5074 5067 5066
f 5075 5076 5068
f 5075 5068 5067
f 5076 5077 5069
f 5076 5069 5068
f 5077 5078 5070
f 5077 5070 5069
f 5078 5079 5071
f 5078 5071 5070
f 5079 5072 5064
f 5079 5064 5071
f 5080 5081 5073
f 5080 5073 5072
f 5081 5082 5074
f 5081 5074 5073
f 5082 5083 5075
f 5082 5075 5074
f 5083 5084 5076
f 5083 5076 5075
f 5084 5085 5077
f 5084 5077 5076
f 5085 5086 5078
f 5085 5078 5077
f 5086 5087 5079
f 5086 5079 5078
f 5087 5080 5072
f 5087 5072 5079
f 5088 5089 5081
f 5088 5081 5080
f 5089 5090 5082
f 5089 5082 5081
f 5090 5091 5083
f 5090 5083 5082
f 5091 5092 5084
f 5091 5084 5083
f 5092 5093 5085
f 5092 5085 5084
f 5093 5094 5086
f 5093 5086 5085
f 5094 5095 5087
f 5094 5087 5086
f 5095 5088 5080
f 5095 5080 5087
f 5096 5097 5089
f 5096 5089 5088
f 5097 5098 5090
f 5097 5090 5089
f 5098 5099 5091
f 5098 5091 5090
f 5099 5100 5092
f 5099 5092 5091
f 5100 5101 5093
f 5100 5093 5092
f 5101 5102 5094
f 5101 5094 5093
f 5102 5103 5095
f 5102 5095 5094
f 5103 5096 5088
f 5103 5088 5095
f 5033 5032 5051
f 5033 5051 5050
f 5036 5033 5050
f 5036 5050 5053
f 5038 5036 5053
f 5038 5053 5055
f 5040 5038 5055
f 5040 5055 5057
f 5042 5040 5057
f 5042 5057 5059
f 5044 5042 5059
f 5044 5059 5061
f 5046 5044 5061
f 5046 5061 5063
f 5032 5046 5063
f 5032 5063 5051
f 5104 5105 5106
f 5104 5106 5107
f 5105 5108 5109
f 5105 5109 5106
f 5108 5110 5111
f 5108 5111 5109
f 5110 5112 5113
f 5110 5113 5111
f 5112 5114 5115
f 5112 5115 5113
f 5114 5116 5117
f 5114 5117 5115
f 5116 5118 5119
f 5116 5119 5117
f 5118 5104 5107
f 5118 5107 5119
f 5105 5104 5120
f 5105 5120 4969
f 5108 5105 4969
f 5108 4969 4972
f 5110 5108 4972
f 5110 4972 4971
f 5112 5110 4971
f 5112 4971 4974
f 5114 5112 4974
f 5114 4974 4973
f 5116 5114 4973
f 5116 4973 5121
f 5118 5116 5121
f 5118 5121 5122
f 5104 5118 5122
f 5104 5122 5120
f 5097 5096 5107
f 5097 5107 5106
f 5098 5097 5106
f 5098 5106 5109
f 5099 5098 5109
f 5099 5109 5111
f 5100 5099 5111
f 5100 5111 5113
f 5101 5100 5113
f 5101 5113 5115
f 5102 5101 5115
f 5102 5115 5117
f 5103 5102 5117
f 5103 5117 5119
f 5096 5103 5119
f 5096 5119 5107
f 5123 5124 4963
f 5123 4963 4958
f 4967 4976 5125
f 4967 5125 5126
f 5125 4976 4975
f 5125 4975 4985
f 4973 4970 5122
f 4973 5122 5121
f 5122 4970 4969
f 5122 4969 5120
f 5127 5128 5129
f 5127 5129 5130
f 5129 5128 5131
f 5129 5131 5132
f 5131 5128 5133
f 5131 5133 4979
f 5133 5128 5127
f 5133 5127 5134
f 5135 5136 5137
f 5135 5137 5138
f 5137 5136 5139
f 5137 5139 5126
f 5139 5136 5129
f 5139 5129 5132
f 5129 5136 5135
f 5129 5135 5130
f 5140 5141 5142
f 5140 5142 5143
f 5141 5144 5145
f 5141 5145 5142
f 4048 4047 4052
f 4048 4052 4051
f 5143 4052 4047
f 5143 4047 5140
f 4057 4063 4064
f 4057 4064 4060
f 4051 4064 4063
f 4051 4063 4048
f 5144 4058 4059
f 5144 4059 5145
f 4060 4059 4058
f 4060 4058 4057
f 5141 5140 4066
f 5141 4066 4067
f 5143 5142 4010
f 5143 4010 4009
f 5144 5141 4067
f 5144 4067 4055
f 5142 5145 4014
f 5142 4014 4010
f 5140 4047 4050
f 5140 4050 4066
f 4052 5143 4009
f 4052 4009 4018
f 4058 5144 4055
f 4058 4055 4054
f 5145 4059 4022
f 5145 4022 4014
f 5146 5147 5148
f 5146 5148 5134
f 5148 5147 5149
f 5148 5149 5150
f 5149 5147 4023
f 5149 4023 4026
f 4023 5147 5146
f 4023 5146 4028
f 5151 5152 5127
f 5151 5127 5130
f 5127 5152 5146
f 5127 5146 5134
f 5146 5152 4032
f 5146 4032 4028
f 4032 5152 5151
f 4032 5151 4035
f 5153 5154 5135
f 5153 5135 5138
f 5135 5154 5151
f 5135 5151 5130
f 5151 5154 4038
f 5151 4038 4035
f 4038 5154 5153
f 4038 5153 4041
f 5149 5155 5156
f 5149 5156 5150
f 5156 5155 5153
f 5156 5153 5138
f 5153 5155 4044
f 5153 4044 4041
f 4044 5155 5149
f 4044 5149 4026
f 4964 4968 5139
f 4964 5139 5132
f 5139 4968 4967
f 5139 4967 5126
f 4966 4965 5131
f 4966 5131 4979
f 5131 4965 4964
f 5131 4964 5132
f 5157 5158 5148
f 5157 5148 5150
f 5148 5158 5133
f 5148 5133 5134
f 5133 5158 4987
f 5133 4987 4979
f 4987 5158 5157
f 4987 5157 4985
f 5137 5159 5156
f 5137 5156 5138
f 5156 5159 5157
f 5156 5157 5150
f 5157 5159 5125
f 5157 5125 4985
f 5125 5159 5137
f 5125 5137 5126
f 5124 5160 4961
f 5124 4961 4963
f 4946 5123 4958
f 4946 4958 4947
f 5160 4944 4945
f 5160 4945 4961
f 4004 4003 4008
f 4004 4008 4007
f 4007 4013 4011
f 4007 4011 4004
f 4015 4074 4076
f 4015 4076 4017
f 4017 4008 4003
f 4017 4003 4015
f 4088 4081 4083
f 4088 4083 4090
f 4090 4076 4074
f 4090 4074 4088
f 4013 4021 4019
f 4013 4019 4011
f 4021 4083 4081
f 4021 4081 4019
f 5012 5030 5047
f 5012 5047 5035
f 5004 5011 5031
f 5004 5031 5015
f 5030 5028 5045
f 5030 5045 5047
f 5011 5010 5029
f 5011 5029 5031
f 5013 5012 5035
f 5013 5035 5034
f 5005 5004 5015
f 5005 5015 5014
f 5010 5009 5026
f 5010 5026 5029
f 5028 5025 5043
f 5028 5043 5045
f 5016 5013 5034
f 5016 5034 5037
f 5006 5005 5014
f 5006 5014 5017
f 5009 5008 5027
f 5009 5027 5026
f 5025 5024 5041
f 5025 5041 5043
f 5161 5162 5021
f 5161 5021 5020
f 5163 5016 5037
f 5163 5037 5039
f 5164 5161 5020
f 5164 5020 5023
f 5024 5163 5039
f 5024 5039 5041
f 5165 5166 5024
f 5165 5024 5027
f 5166 5167 5163
f 5166 5163 5024
f 5167 5168 5016
f 5167 5016 5163
f 5168 5169 5017
f 5168 5017 5016
f 5169 5170 5006
f 5169 5006 5017
f 5170 5171 5007
f 5170 5007 5006
f 5171 5172 5008
f 5171 5008 5007
f 5172 5165 5027
f 5172 5027 5008
f 5173 5174 5166
f 5173 5166 5165
f 5174 5175 5167
f 5174 5167 5166
f 5175 5176 5168
f 5175 5168 5167
f 5176 5177 5169
f 5176 5169 5168
f 5177 5178 5170
f 5177 5170 5169
f 5178 5179 5171
f 5178 5171 5170
f 5179 5180 5172
f 5179 5172 5171
f 5180 5173 5165
f 5180 5165 5172
f 5181 5182 5174
f 5181 5174 5173
f 5182 5183 5175
f 5182 5175 5174
f 5183 5184 5176
f 5183 5176 5175
f 5184 5185 5177
f 5184 5177 5176
f 5185 5186 5178
f 5185 5178 5177
f 5186 5187 5179
f 5186 5179 5178
f 5187 5188 5180
f 5187 5180 5179
f 5188 5181 5173
f 5188 5173 5180
f 5189 5190 5182
f 5189 5182 5181
f 5190 5191 5183
f 5190 5183 5182
f 5191 5192 5184
f 5191 5184 5183
f 5192 5193 5185
f 5192 5185 5184
f 5193 5194 5186
f 5193 5186 5185
f 5194 5195 5187
f 5194 5187 5186
f 5195 5196 5188
f 5195 5188 5187
f 5196 5189 5181
f 5196 5181 5188
f 5197 5198 5190
f 5197 5190 5189
f 5198 5199 5191
f 5198 5191 5190
f 5199 5200 5192
f 5199 5192 5191
f 5200 5201 5193
f 5200 5193 5192
f 5201 5202 5194
f 5201 5194 5193
f 5202 5203 5195
f 5202 5195 5194
f 5203 5204 5196
f 5203 5196 5195
f 5204 5197 5189
f 5204 5189 5196
f 5205 5206 5198
f 5205 5198 5197
f 5206 5207 5199
f 5206 5199 5198
f 5207 5208 5200
f 5207 5200 5199
f 5208 5209 5201
f 5208 5201 5200
f 5209 5210 5202
f 5209 5202 5201
f 5210 5211 5203
f 5210 5203 5202
f 5211 5212 5204
f 5211 5204 5203
f 5212 5205 5197
f 5212 5197 5204
f 5213 5214 5206
f 5213 5206 5205
f 5214 5215 5207
f 5214 5207 5206
f 5215 5216 5208
f 5215 5208 5207
f 5216 5217 5209
f 5216 5209 5208
f 5217 5218 5210
f 5217 5210 5209
f 5218 5219 5211
f 5218 5211 5210
f 5219 5220 5212
f 5219 5212 5211
f 5220 5213 5205
f 5220 5205 5212
f 5221 5222 5214
f 5221 5214 5213
f 5222 5223 5215
f 5222 5215 5214
f 5223 5224 5216
f 5223 5216 5215
f 5224 5225 5217
f 5224 5217 5216
f 5225 5226 5218
f 5225 5218 5217
f 5226 5227 5219
f 5226 5219 5218
f 5227 5228 5220
f 5227 5220 5219
f 5228 5221 5213
f 5228 5213 5220
f 5229 5230 5222
f 5229 5222 5221
f 5230 5231 5223
f 5230 5223 5222
f 5231 5232 5224
f 5231 5224 5223
f 5232 5233 5225
f 5232 5225 5224
f 5233 5234 5226
f 5233 5226 5225
f 5234 5235 5227
f 5234 5227 5226
f 5235 5236 5228
f 5235 5228 5227
f 5236 5229 5221
f 5236 5221 5228
f 5023 5022 5230
f 5023 5230 5229
f 5022 5019 5231
f 5022 5231 5230
f 5019 5018 5232
f 5019 5232 5231
f 5018 5021 5233
f 5018 5233 5232
f 5021 5162 5234
f 5021 5234 5233
f 5162 5161 5235
f 5162 5235 5234
f 5161 5164 5236
f 5161 5236 5235
f 5164 5023 5229
f 5164 5229 5236
f 5237 5238 5239
f 5237 5239 5240
f 5239 5238 5241
f 5239 5241 5242
f 5243 5244 5245
f 5243 5245 5246
f 5241 5244 5243
f 5241 5243 5242
f 5247 5248 5249
f 5247 5249 5250
f 5245 5248 5247
f 5245 5247 5246
f 5249 5251 5252
f 5249 5252 5250
f 5252 5251 5237
f 5252 5237 5240
f 5239 5253 5254
f 5239 5254 5240
f 5255 5253 5239
f 5255 5239 5242
f 5243 5256 5255
f 5243 5255 5242
f 5257 5256 5243
f 5257 5243 5246
f 5247 5258 5257
f 5247 5257 5246
f 5259 5258 5247
f 5259 5247 5250
f 5252 5260 5259
f 5252 5259 5250
f 5254 5260 5252
f 5254 5252 5240
f 5261 5262 5263
f 5261 5263 5264
f 5265 5264 5263
f 5265 5263 5266
f 5267 5266 5263
f 5267 5263 5268
f 5269 5268 5263
f 5269 5263 5262
f 5270 5271 5272
f 5270 5272 5273
f 5274 5273 5272
f 5274 5272 5275
f 5265 5275 5272
f 5265 5272 5264
f 5261 5264 5272
f 5261 5272 5271
f 5276 5277 5278
f 5276 5278 5279
f 5261 5279 5278
f 5261 5278 5262
f 5269 5262 5278
f 5269 5278 5280
f 5281 5280 5278
f 5281 5278 5277
f 5282 5283 5284
f 5282 5284 5285
f 5270 5285 5284
f 5270 5284 5271
f 5261 5271 5284
f 5261 5284 5279
f 5276 5279 5284
f 5276 5284 5283
f 5265 5266 5286
f 5265 5286 5287
f 5288 5287 5286
f 5288 5286 5289
f 5290 5289 5286
f 5290 5286 5291
f 5267 5291 5286
f 5267 5286 5266
f 5274 5275 5292
f 5274 5292 5293
f 5294 5293 5292
f 5294 5292 5295
f 5288 5295 5292
f 5288 5292 5287
f 5265 5287 5292
f 5265 5292 5275
f 5288 5289 5296
f 5288 5296 5297
f 5276 5297 5296
f 5276 5296 5277
f 5281 5277 5296
f 5281 5296 5298
f 5290 5298 5296
f 5290 5296 5289
f 5294 5295 5299
f 5294 5299 5300
f 5282 5300 5299
f 5282 5299 5283
f 5276 5283 5299
f 5276 5299 5297
f 5288 5297 5299
f 5288 5299 5295
f 5301 5302 5303
f 5301 5303 5304
f 3867 5304 5303
f 3867 5303 5305
f 5306 5305 5303
f 5306 5303 5307
f 5308 5307 5303
f 5308 5303 5302
f 5309 5310 5311
f 5309 5311 5312
f 5301 5312 5311
f 5301 5311 5302
f 5308 5302 5311
f 5308 5311 5313
f 5314 5313 5311
f 5314 5311 5310
f 5309 3863 3860
f 5309 3860 5315
f 3864 5315 3860
f 3864 3860 3859
f 5316 5317 5318
f 5316 5318 5319
f 5320 5321 5322
f 5320 5322 5323
f 5324 5316 5319
f 5324 5319 5325
f 5326 5320 5323
f 5326 5323 5327
f 5321 5328 5329
f 5321 5329 5322
f 5317 5330 5331
f 5317 5331 5318
f 5330 5326 5327
f 5330 5327 5331
f 5328 5324 5325
f 5328 5325 5329
f 5332 5333 5334
f 5332 5334 5335
f 5336 5337 5338
f 5336 5338 5339
f 5340 5338 5337
f 5340 5337 5341
f 5342 5340 5341
f 5342 5341 5343
f 5344 5342 5343
f 5344 5343 5345
f 5346 5344 5345
f 5346 5345 5347
f 5348 5346 5347
f 5348 5347 5349
f 5350 5348 5349
f 5350 5349 5351
f 5339 5350 5351
f 5339 5351 5336
f 5352 5353 5354
f 5352 5354 5355
f 5356 5352 5355
f 5356 5355 5357
f 5358 5356 5357
f 5358 5357 5359
f 5360 5358 5359
f 5360 5359 5361
f 5362 5360 5361
f 5362 5361 5363
f 5364 5362 5363
f 5364 5363 5365
f 5366 5364 5365
f 5366 5365 5367
f 5353 5366 5367
f 5353 5367 5354
f 5368 5369 5370
f 5368 5370 5371
f 5372 5368 5371
f 5372 5371 5373
f 5374 5372 5373
f 5374 5373 5375
f 5376 5374 5375
f 5376 5375 5377
f 5378 5376 5377
f 5378 5377 5379
f 5380 5378 5379
f 5380 5379 5381
f 5382 5380 5381
f 5382 5381 5383
f 5369 5382 5383
f 5369 5383 5370
f 5384 5385 5369
f 5384 5369 5368
f 5386 5384 5368
f 5386 5368 5372
f 5387 5386 5372
f 5387 5372 5374
f 5388 5387 5374
f 5388 5374 5376
f 5389 5388 5376
f 5389 5376 5378
f 5390 5389 5378
f 5390 5378 5380
f 5391 5390 5380
f 5391 5380 5382
f 5385 5391 5382
f 5385 5382 5369
f 5332 5392 5393
f 5332 5393 5394
f 5333 5332 5394
f 5333 5394 5395
f 5392 5332 5335
f 5392 5335 5396
f 5397 5398 5399
f 5397 5399 5400
f 5401 5397 5400
f 5401 5400 5402
f 5403 5401 5402
f 5403 5402 5404
f 5405 5403 5404
f 5405 5404 5406
f 5407 5405 5406
f 5407 5406 5408
f 5409 5407 5408
f 5409 5408 5410
f 5411 5409 5410
f 5411 5410 5412
f 5398 5411 5412
f 5398 5412 5399
f 5371 5370 5398
f 5371 5398 5397
f 5373 5371 5397
f 5373 5397 5401
f 5375 5373 5401
f 5375 5401 5403
f 5377 5375 5403
f 5377 5403 5405
f 5379 5377 5405
f 5379 5405 5407
f 5381 5379 5407
f 5381 5407 5409
f 5383 5381 5409
f 5383 5409 5411
f 5370 5383 5411
f 5370 5411 5398
f 5413 5414 5415
f 5413 5415 5416
f 5414 5417 5418
f 5414 5418 5415
f 5417 5419 5420
f 5417 5420 5418
f 5419 5421 5422
f 5419 5422 5420
f 5421 5423 5424
f 5421 5424 5422
f 5423 5425 5426
f 5423 5426 5424
f 5425 5427 5428
f 5425 5428 5426
f 5427 5413 5416
f 5427 5416 5428
f 5429 5430 5329
f 5429 5329 5325
f 5431 5432 5428
f 5431 5428 5416
f 5432 5433 5426
f 5432 5426 5428
f 5433 5434 5424
f 5433 5424 5426
f 5422 5424 5434
f 5422 5434 5435
f 5420 5422 5435
f 5420 5435 5436
f 5418 5420 5436
f 5418 5436 5437
f 5415 5418 5437
f 5415 5437 5438
f 5324 5328 5439
f 5324 5439 5440
f 5328 5321 5441
f 5328 5441 5439
f 5321 5320 5442
f 5321 5442 5441
f 5320 5326 5443
f 5320 5443 5442
f 5326 5330 5444
f 5326 5444 5443
f 5330 5317 5445
f 5330 5445 5444
f 5317 5316 5446
f 5317 5446 5445
f 5316 5324 5440
f 5316 5440 5446
f 5447 5448 5446
f 5447 5446 5440
f 5445 5446 5448
f 5445 5448 5449
f 5444 5445 5449
f 5444 5449 5450
f 5443 5444 5450
f 5443 5450 5451
f 5442 5443 5451
f 5442 5451 5452
f 5441 5442 5452
f 5441 5452 5453
f 5439 5441 5453
f 5439 5453 5454
f 5440 5439 5454
f 5440 5454 5447
f 5455 5456 5457
f 5455 5457 5458
f 5456 5459 5460
f 5456 5460 5457
f 5459 5461 5462
f 5459 5462 5460
f 5461 5463 5464
f 5461 5464 5462
f 5463 5465 5466
f 5463 5466 5464
f 5465 5467 5468
f 5465 5468 5466
f 5467 5469 5470
f 5467 5470 5468
f 5469 5455 5458
f 5469 5458 5470
f 5471 5472 5473
f 5471 5473 5474
f 5472 5475 5476
f 5472 5476 5473
f 5475 5477 5478
f 5475 5478 5476
f 5477 5479 5480
f 5477 5480 5478
f 5479 5481 5482
f 5479 5482 5480
f 5340 5483 5339
f 5340 5339 5338
f 5483 5348 5350
f 5483 5350 5339
f 5484 5471 5474
f 5484 5474 5485
f 5486 5487 5488
f 5486 5488 5489
f 5487 5490 5491
f 5487 5491 5488
f 5490 5492 5493
f 5490 5493 5491
f 5492 5494 5495
f 5492 5495 5493
f 5494 5496 5497
f 5494 5497 5495
f 5496 5498 5499
f 5496 5499 5497
f 5498 5500 5501
f 5498 5501 5499
f 5500 5486 5489
f 5500 5489 5501
f 5502 5503 5504
f 5502 5504 5505
f 5503 5506 5507
f 5503 5507 5504
f 5506 5508 5509
f 5506 5509 5507
f 5508 5510 5511
f 5508 5511 5509
f 5510 5512 5513
f 5510 5513 5511
f 5512 5514 5515
f 5512 5515 5513
f 5514 5516 5517
f 5514 5517 5515
f 5516 5502 5505
f 5516 5505 5517
f 5518 5519 5520
f 5518 5520 5521
f 5399 5412 5522
f 5399 5522 5400
f 5412 5410 5408
f 5412 5408 5522
f 5523 5524 5525
f 5523 5525 5526
f 5524 5527 5528
f 5524 5528 5525
f 5527 5529 5530
f 5527 5530 5528
f 5529 5531 5532
f 5529 5532 5530
f 5531 5518 5521
f 5531 5521 5532
f 5533 5534 5535
f 5533 5535 5536
f 5534 5537 5538
f 5534 5538 5535
f 5537 5539 5540
f 5537 5540 5538
f 5539 5541 5542
f 5539 5542 5540
f 5541 5543 5544
f 5541 5544 5542
f 5543 5545 5546
f 5543 5546 5544
f 5545 5547 5548
f 5545 5548 5546
f 5547 5533 5536
f 5547 5536 5548
f 5549 5550 5551
f 5549 5551 5552
f 5550 5553 5554
f 5550 5554 5551
f 5553 5555 5556
f 5553 5556 5554
f 5555 5557 5558
f 5555 5558 5556
f 5557 5559 5560
f 5557 5560 5558
f 5559 5561 5562
f 5559 5562 5560
f 5561 5563 5564
f 5561 5564 5562
f 5563 5549 5552
f 5563 5552 5564
f 5456 5455 5447
f 5456 5447 5454
f 5465 5463 5451
f 5465 5451 5450
f 5467 5465 5450
f 5467 5450 5449
f 5459 5456 5454
f 5459 5454 5453
f 5463 5461 5452
f 5463 5452 5451
f 5455 5469 5448
f 5455 5448 5447
f 5461 5459 5453
f 5461 5453 5452
f 5469 5467 5449
f 5469 5449 5448
f 5487 5486 5474
f 5487 5474 5473
f 5472 5471 5458
f 5472 5458 5457
f 5475 5472 5457
f 5475 5457 5460
f 5490 5487 5473
f 5490 5473 5476
f 5471 5484 5470
f 5471 5470 5458
f 5486 5500 5485
f 5486 5485 5474
f 5492 5490 5476
f 5492 5476 5478
f 5477 5475 5460
f 5477 5460 5462
f 5348 5483 5344
f 5348 5344 5346
f 5500 5498 5565
f 5500 5565 5485
f 5479 5477 5462
f 5479 5462 5464
f 5494 5492 5478
f 5494 5478 5480
f 5483 5340 5342
f 5483 5342 5344
f 5498 5496 5482
f 5498 5482 5565
f 5496 5494 5480
f 5496 5480 5482
f 5481 5479 5464
f 5481 5464 5466
f 5565 5482 5566
f 5565 5566 5567
f 5482 5481 5568
f 5482 5568 5566
f 5481 5466 5569
f 5481 5569 5568
f 5466 5468 5570
f 5466 5570 5569
f 5468 5470 5571
f 5468 5571 5570
f 5470 5484 5572
f 5470 5572 5571
f 5484 5485 5573
f 5484 5573 5572
f 5485 5565 5567
f 5485 5567 5573
f 5574 5575 5576
f 5574 5576 5577
f 5575 5578 5579
f 5575 5579 5576
f 5578 5580 5581
f 5578 5581 5579
f 5580 5582 5583
f 5580 5583 5581
f 5582 5584 5585
f 5582 5585 5583
f 5584 5586 5587
f 5584 5587 5585
f 5586 5588 5589
f 5586 5589 5587
f 5588 5574 5577
f 5588 5577 5589
f 5577 5576 5590
f 5577 5590 5591
f 5576 5579 5592
f 5576 5592 5590
f 5579 5581 5593
f 5579 5593 5592
f 5581 5583 5594
f 5581 5594 5593
f 5583 5585 5595
f 5583 5595 5594
f 5585 5587 5596
f 5585 5596 5595
f 5587 5589 5597
f 5587 5597 5596
f 5589 5577 5591
f 5589 5591 5597
f 5591 5590 5337
f 5591 5337 5336
f 5590 5592 5341
f 5590 5341 5337
f 5592 5593 5343
f 5592 5343 5341
f 5593 5594 5345
f 5593 5345 5343
f 5594 5595 5347
f 5594 5347 5345
f 5595 5596 5349
f 5595 5349 5347
f 5596 5597 5351
f 5596 5351 5349
f 5597 5591 5336
f 5597 5336 5351
f 5355 5354 5385
f 5355 5385 5384
f 5357 5355 5384
f 5357 5384 5386
f 5359 5357 5386
f 5359 5386 5387
f 5361 5359 5387
f 5361 5387 5388
f 5363 5361 5388
f 5363 5388 5389
f 5365 5363 5389
f 5365 5389 5390
f 5367 5365 5390
f 5367 5390 5391
f 5354 5367 5391
f 5354 5391 5385
f 5598 5599 5505
f 5598 5505 5504
f 5519 5518 5599
f 5519 5599 5598
f 5600 5598 5504
f 5600 5504 5507
f 5601 5519 5598
f 5601 5598 5600
f 5602 5600 5507
f 5602 5507 5509
f 5523 5601 5600
f 5523 5600 5602
f 5603 5602 5509
f 5603 5509 5511
f 5524 5523 5602
f 5524 5602 5603
f 5604 5603 5511
f 5604 5511 5513
f 5527 5524 5603
f 5527 5603 5604
f 5605 5604 5513
f 5605 5513 5515
f 5529 5527 5604
f 5529 5604 5605
f 5606 5605 5515
f 5606 5515 5517
f 5531 5529 5605
f 5531 5605 5606
f 5518 5531 5606
f 5518 5606 5599
f 5599 5606 5517
f 5599 5517 5505
f 5503 5502 5489
f 5503 5489 5488
f 5506 5503 5488
f 5506 5488 5491
f 5508 5506 5491
f 5508 5491 5493
f 5510 5508 5493
f 5510 5493 5495
f 5512 5510 5495
f 5512 5495 5497
f 5514 5512 5497
f 5514 5497 5499
f 5516 5514 5499
f 5516 5499 5501
f 5502 5516 5501
f 5502 5501 5489
f 5534 5533 5607
f 5534 5607 5608
f 5537 5534 5608
f 5537 5608 5609
f 5539 5537 5609
f 5539 5609 5610
f 5541 5539 5610
f 5541 5610 5611
f 5543 5541 5611
f 5543 5611 5612
f 5545 5543 5612
f 5545 5612 5613
f 5547 5545 5613
f 5547 5613 5614
f 5533 5547 5614
f 5533 5614 5607
f 5608 5607 5521
f 5608 5521 5520
f 5404 5402 5400
f 5404 5400 5522
f 5406 5404 5522
f 5406 5522 5408
f 5611 5610 5526
f 5611 5526 5525
f 5612 5611 5525
f 5612 5525 5528
f 5613 5612 5528
f 5613 5528 5530
f 5614 5613 5530
f 5614 5530 5532
f 5607 5614 5532
f 5607 5532 5521
f 5519 5601 5366
f 5519 5366 5353
f 5601 5523 5364
f 5601 5364 5366
f 5523 5526 5362
f 5523 5362 5364
f 5526 5610 5360
f 5526 5360 5362
f 5610 5609 5358
f 5610 5358 5360
f 5609 5608 5356
f 5609 5356 5358
f 5608 5520 5352
f 5608 5352 5356
f 5520 5519 5353
f 5520 5353 5352
f 5615 5616 5617
f 5615 5617 5618
f 5619 5620 5621
f 5619 5621 5622
f 5623 5619 5622
f 5623 5622 5624
f 5625 5615 5618
f 5625 5618 5626
f 5616 5627 5628
f 5616 5628 5617
f 5620 5629 5630
f 5620 5630 5621
f 5629 5625 5626
f 5629 5626 5630
f 5627 5623 5624
f 5627 5624 5628
f 5631 5632 5633
f 5631 5633 5634
f 5635 5636 3922
f 5635 3922 3928
f 3932 5637 5638
f 3932 5638 3933
f 5639 5640 5641
f 5639 5641 5642
f 3917 5631 5634
f 3917 5634 3929
f 5643 5635 3928
f 5643 3928 5644
f 5640 5643 5644
f 5640 5644 5641
f 5637 5642 5645
f 5637 5645 5638
f 5646 5647 5648
f 5646 5648 5649
f 5650 5651 5652
f 5650 5652 5653
f 5654 5650 5653
f 5654 5653 5655
f 5656 5646 5649
f 5656 5649 5657
f 5658 5659 5660
f 5658 5660 5661
f 5651 5662 5663
f 5651 5663 5652
f 5664 5665 5666
f 5664 5666 5667
f 5668 5664 5667
f 5668 5667 5669
f 5670 5668 5669
f 5670 5669 5671
f 5672 5670 5671
f 5672 5671 5673
f 5674 5672 5673
f 5674 5673 5675
f 5676 5674 5675
f 5676 5675 5677
f 5678 5679 5676
f 5678 5676 5680
f 5681 5678 5680
f 5681 5680 5665
f 5682 5681 5665
f 5682 5665 5664
f 5683 5682 5664
f 5683 5664 5668
f 5684 5683 5668
f 5684 5668 5670
f 5685 5684 5670
f 5685 5670 5672
f 5686 5685 5672
f 5686 5672 5674
f 5679 5686 5674
f 5679 5674 5676
f 5687 5688 5689
f 5687 5689 5690
f 5691 5687 5690
f 5691 5690 5692
f 5693 5691 5692
f 5693 5692 5694
f 5695 5696 5697
f 5695 5697 5698
f 5699 5695 5698
f 5699 5698 5700
f 5701 5702 5703
f 5701 5703 5704
f 5705 5701 5704
f 5705 5704 5706
f 5688 5705 5706
f 5688 5706 5689
f 5707 5708 5709
f 5707 5709 5710
f 5711 5707 5710
f 5711 5710 5712
f 5713 5711 5712
f 5713 5712 5714
f 5715 5713 5714
f 5715 5714 5716
f 5717 5715 5716
f 5717 5716 5718
f 5719 5717 5718
f 5719 5718 5720
f 5721 5719 5720
f 5721 5720 5722
f 5722 5709 5708
f 5722 5708 5721
f 5723 5724 5709
f 5723 5709 5722
f 5725 5723 5722
f 5725 5722 5720
f 5726 5725 5720
f 5726 5720 5718
f 5727 5726 5718
f 5727 5718 5716
f 5728 5727 5716
f 5728 5716 5714
f 5729 5728 5714
f 5729 5714 5712
f 5730 5729 5712
f 5730 5712 5710
f 5724 5730 5710
f 5724 5710 5709
f 5731 5732 5724
f 5731 5724 5723
f 5733 5731 5723
f 5733 5723 5725
f 5734 5733 5725
f 5734 5725 5726
f 5735 5734 5726
f 5735 5726 5727
f 5736 5735 5727
f 5736 5727 5728
f 5737 5736 5728
f 5737 5728 5729
f 5738 5737 5729
f 5738 5729 5730
f 5732 5738 5730
f 5732 5730 5724
f 5636 5635 5732
f 5636 5732 5731
f 5739 5636 5731
f 5739 5731 5733
f 5740 5739 5733
f 5740 5733 5734
f 5741 5740 5734
f 5741 5734 5735
f 5742 5741 5735
f 5742 5735 5736
f 5743 5742 5736
f 5743 5736 5737
f 5643 5743 5737
f 5643 5737 5738
f 5635 5643 5738
f 5635 5738 5732
f 5645 5633 5632
f 5645 5632 3921
f 5744 5745 5746
f 5744 5746 5747
f 5748 5639 5642
f 5748 5642 5637
f 5749 5744 5747
f 5749 5747 5750
f 5636 5751 3923
f 5636 3923 3922
f 5745 5739 5740
f 5745 5740 5746
f 5752 5749 5750
f 5752 5750 5753
f 5641 5633 5645
f 5641 5645 5642
f 5754 5748 5637
f 5754 5637 3932
f 5755 5756 5757
f 5755 5757 5758
f 3928 3929 5634
f 3928 5634 5644
f 5759 5752 5753
f 5759 5753 5760
f 5751 5754 3932
f 5751 3932 3923
f 5756 5761 5762
f 5756 5762 5757
f 5743 5759 5760
f 5743 5760 5742
f 5644 5634 5633
f 5644 5633 5641
f 5763 5764 5765
f 5763 5765 5766
f 5767 5765 5764
f 5767 5764 5768
f 5769 5763 5766
f 5769 5766 5770
f 5771 5767 5768
f 5771 5768 5772
f 5773 5769 5770
f 5773 5770 5774
f 5775 5771 5772
f 5775 5772 5776
f 5777 5773 5774
f 5777 5774 5778
f 5624 5622 5771
f 5624 5771 5775
f 5650 5654 5779
f 5650 5779 5780
f 5651 5650 5780
f 5651 5780 5781
f 5662 5651 5781
f 5662 5781 5782
f 5783 5662 5782
f 5783 5782 5784
f 5646 5656 5785
f 5646 5785 5786
f 5647 5646 5786
f 5647 5786 5787
f 5659 5658 5788
f 5659 5788 5789
f 5654 5659 5789
f 5654 5789 5779
f 3918 3917 3929
f 3918 3929 3925
f 5638 5645 3921
f 5638 3921 3920
f 3927 3918 3925
f 3927 3925 3924
f 3933 5638 3920
f 3933 3920 3931
f 3924 3933 3931
f 3924 3931 3927
f 5790 3888 5632
f 5790 5632 5631
f 3916 5790 5631
f 3916 5631 3917
f 3887 3890 5791
f 3887 5791 3919
f 5752 5759 5640
f 5752 5640 5639
f 5749 5752 5639
f 5749 5639 5748
f 5744 5749 5748
f 5744 5748 5754
f 5792 5793 5794
f 5792 5794 5795
f 5793 5796 5797
f 5793 5797 5794
f 5798 5799 5800
f 5798 5800 5801
f 5796 5802 5803
f 5796 5803 5797
f 5745 5744 5754
f 5745 5754 5751
f 5739 5745 5751
f 5739 5751 5636
f 5756 5755 5804
f 5756 5804 5805
f 5761 5756 5805
f 5761 5805 5806
f 5807 5808 5799
f 5807 5799 5798
f 5809 5810 5811
f 5809 5811 5812
f 5813 5809 5812
f 5813 5812 5814
f 5815 5813 5814
f 5815 5814 5816
f 5759 5743 5643
f 5759 5643 5640
f 5817 5818 5819
f 5817 5819 5820
f 5821 5817 5820
f 5821 5820 5822
f 5823 5821 5822
f 5823 5822 5824
f 5825 5815 5816
f 5825 5816 5795
f 5826 5825 5795
f 5826 5795 5794
f 5827 5826 5794
f 5827 5794 5797
f 5828 5829 5802
f 5828 5802 5796
f 5830 5823 5824
f 5830 5824 5831
f 5832 5830 5831
f 5832 5831 5833
f 5834 5832 5833
f 5834 5833 5835
f 5836 5837 5838
f 5836 5838 5839
f 5815 5825 5840
f 5815 5840 5841
f 5841 5840 5842
f 5841 5842 5843
f 5825 5826 5844
f 5825 5844 5840
f 5840 5844 5845
f 5840 5845 5842
f 5819 5846 5847
f 5819 5847 5820
f 5848 5847 5849
f 5848 5849 5850
f 5851 5848 5850
f 5851 5850 5852
f 5853 5851 5852
f 5853 5852 5854
f 5807 5798 5855
f 5807 5855 5856
f 5857 5858 5859
f 5857 5859 5860
f 5808 5807 5856
f 5808 5856 5861
f 5800 5857 5860
f 5800 5860 5862
f 5798 5801 5863
f 5798 5863 5855
f 5858 5864 5865
f 5858 5865 5859
f 5864 5808 5861
f 5864 5861 5865
f 5801 5800 5862
f 5801 5862 5863
f 5866 5867 5868
f 5866 5868 5869
f 5870 5871 5872
f 5870 5872 5873
f 5874 5870 5873
f 5874 5873 5875
f 5876 5866 5869
f 5876 5869 5877
f 5867 5878 5879
f 5867 5879 5868
f 5871 5880 5881
f 5871 5881 5872
f 5878 5874 5875
f 5878 5875 5879
f 5880 5876 5877
f 5880 5877 5881
f 5826 5827 5882
f 5826 5882 5844
f 5844 5882 5883
f 5844 5883 5845
f 5882 5884 5885
f 5882 5885 5883
f 5827 5886 5884
f 5827 5884 5882
f 5828 5887 5888
f 5828 5888 5889
f 5890 5891 5892
f 5890 5892 5893
f 5894 5890 5893
f 5894 5893 5895
f 5829 5828 5889
f 5829 5889 5896
f 5831 5853 5897
f 5831 5897 5833
f 5824 5851 5853
f 5824 5853 5831
f 5833 5897 5898
f 5833 5898 5835
f 5820 5847 5848
f 5820 5848 5822
f 5899 5835 5898
f 5899 5898 5900
f 5822 5848 5851
f 5822 5851 5824
f 5819 5899 5900
f 5819 5900 5846
f 5901 5902 5903
f 5901 5903 5904
f 5897 5853 5854
f 5897 5854 5905
f 5898 5897 5905
f 5898 5905 5906
f 5900 5898 5906
f 5900 5906 5907
f 5907 5908 5846
f 5907 5846 5900
f 5847 5846 5908
f 5847 5908 5849
f 5909 5910 5911
f 5909 5911 5912
f 5912 5911 5913
f 5912 5913 5914
f 5915 5916 5909
f 5915 5909 5912
f 5750 5747 3894
f 5750 3894 3893
f 5741 5742 3898
f 5741 3898 3897
f 5747 5746 3899
f 5747 3899 3894
f 5742 5760 3901
f 5742 3901 3898
f 5740 5741 3897
f 5740 3897 3904
f 5753 5750 3893
f 5753 3893 3906
f 5760 5753 3906
f 5760 3906 3901
f 5746 5740 3904
f 5746 3904 3899
f 5871 5917 5918
f 5871 5918 5880
f 5919 5920 5921
f 5919 5921 5922
f 5923 5924 5925
f 5923 5925 5926
f 5920 5927 5928
f 5920 5928 5921
f 5870 5929 5917
f 5870 5917 5871
f 5930 5931 5932
f 5930 5932 5933
f 5878 5934 5935
f 5878 5935 5874
f 5931 5919 5922
f 5931 5922 5932
f 5915 5912 5914
f 5915 5914 5936
f 5937 5938 5939
f 5937 5939 5940
f 5938 5941 5942
f 5938 5942 5939
f 5943 5944 5945
f 5943 5945 5946
f 5947 5943 5946
f 5947 5946 5948
f 5662 5783 5949
f 5662 5949 5663
f 5659 5654 5655
f 5659 5655 5660
f 5680 5676 5677
f 5680 5677 5950
f 5665 5680 5950
f 5665 5950 5666
f 5951 5952 5953
f 5951 5953 5954
f 5955 5956 5957
f 5955 5957 5958
f 5959 5960 5961
f 5959 5961 5962
f 5963 5923 5926
f 5963 5926 5964
f 5952 5965 5966
f 5952 5966 5953
f 5965 5959 5962
f 5965 5962 5966
f 5956 5963 5964
f 5956 5964 5957
f 5887 5967 5968
f 5887 5968 5888
f 5891 5969 5970
f 5891 5970 5892
f 5967 5894 5895
f 5967 5895 5968
f 5969 5829 5896
f 5969 5896 5970
f 5970 5896 5959
f 5970 5959 5965
f 5965 5952 5892
f 5965 5892 5970
f 5952 5951 5893
f 5952 5893 5892
f 5951 5971 5895
f 5951 5895 5893
f 5971 5972 5968
f 5971 5968 5895
f 5972 5973 5888
f 5972 5888 5968
f 5973 5960 5889
f 5973 5889 5888
f 5896 5889 5960
f 5896 5960 5959
f 5974 5975 5976
f 5974 5976 5977
f 5978 5979 5980
f 5978 5980 5981
f 5979 5982 5983
f 5979 5983 5980
f 5975 5984 5985
f 5975 5985 5976
f 5986 5974 5977
f 5986 5977 5987
f 5988 5978 5981
f 5988 5981 5989
f 5982 5986 5987
f 5982 5987 5983
f 5984 5988 5989
f 5984 5989 5985
f 5990 5991 5992
f 5990 5992 5993
f 5994 5995 5996
f 5994 5996 5997
f 5995 5998 5999
f 5995 5999 5996
f 5991 6000 6001
f 5991 6001 5992
f 6002 6003 6004
f 6002 6004 6005
f 6000 6006 6007
f 6000 6007 6001
f 6003 6008 6009
f 6003 6009 6004
f 6010 6011 6012
f 6010 6012 6013
f 6014 6015 6012
f 6014 6012 6011
f 6006 6016 6017
f 6006 6017 6007
f 6018 6019 6020
f 6018 6020 6021
f 6016 6022 6023
f 6016 6023 6017
f 6019 6024 6025
f 6019 6025 6020
f 6022 6026 6027
f 6022 6027 6023
f 6024 6028 6029
f 6024 6029 6025
f 6014 6030 6031
f 6014 6031 6015
f 6032 6033 6031
f 6032 6031 6030
f 6026 6034 6035
f 6026 6035 6027
f 6028 5994 5997
f 6028 5997 6029
f 6034 5990 5993
f 6034 5993 6035
f 5963 5956 5983
f 5963 5983 5987
f 6036 6037 6038
f 6036 6038 6039
f 5960 5973 6040
f 5960 6040 5961
f 6041 5955 5958
f 6041 5958 6042
f 6032 6039 6038
f 6032 6038 6033
f 5987 5977 5923
f 5987 5923 5963
f 5971 5951 5954
f 5971 5954 6043
f 5977 5976 5924
f 5977 5924 5923
f 5924 6044 6045
f 5924 6045 5925
f 6010 6013 6046
f 6010 6046 6047
f 5976 5985 6044
f 5976 6044 5924
f 5973 5972 6048
f 5973 6048 6040
f 6036 6047 6046
f 6036 6046 6037
f 5985 5989 6049
f 5985 6049 6044
f 6049 6041 6042
f 6049 6042 6050
f 5989 5981 6041
f 5989 6041 6049
f 6044 6049 6050
f 6044 6050 6045
f 5866 6051 6052
f 5866 6052 5867
f 5981 5980 5955
f 5981 5955 6041
f 6032 6030 6053
f 6032 6053 6054
f 6014 6055 6053
f 6014 6053 6030
f 5874 5935 5929
f 5874 5929 5870
f 5972 5971 6043
f 5972 6043 6048
f 6036 6039 6056
f 6036 6056 6057
f 6032 6054 6056
f 6032 6056 6039
f 5867 6052 5934
f 5867 5934 5878
f 6058 6059 6060
f 6058 6060 6061
f 6010 6047 6062
f 6010 6062 6063
f 6036 6057 6062
f 6036 6062 6047
f 6059 6064 6065
f 6059 6065 6060
f 6066 6067 6068
f 6066 6068 6069
f 6014 6011 6070
f 6014 6070 6055
f 6010 6063 6070
f 6010 6070 6011
f 5935 6071 6072
f 5935 6072 5929
f 5934 6073 6071
f 5934 6071 5935
f 5929 6072 6074
f 5929 6074 5917
f 6051 6075 6076
f 6051 6076 6052
f 6052 6076 6073
f 6052 6073 5934
f 6077 6078 6075
f 6077 6075 6051
f 5918 6079 6078
f 5918 6078 6077
f 5917 6074 6079
f 5917 6079 5918
f 6080 6081 6082
f 6080 6082 6083
f 6084 6085 6086
f 6084 6086 6087
f 6088 6089 6086
f 6088 6086 6085
f 6090 6083 6082
f 6090 6082 6091
f 6092 6093 6094
f 6092 6094 6095
f 6096 6097 6098
f 6096 6098 6099
f 6084 6087 6098
f 6084 6098 6097
f 6080 6100 6101
f 6080 6101 6081
f 6102 6103 6104
f 6102 6104 6105
f 6106 6107 6108
f 6106 6108 6109
f 6096 6099 6108
f 6096 6108 6107
f 6092 6110 6111
f 6092 6111 6093
f 6090 6091 6112
f 6090 6112 6113
f 6088 6114 6115
f 6088 6115 6089
f 6106 6109 6115
f 6106 6115 6114
f 6102 6113 6112
f 6102 6112 6103
f 6084 5849 5908
f 6084 5908 6085
f 6088 6085 5908
f 6088 5908 5907
f 6088 5907 5906
f 6088 5906 6114
f 6106 6114 5906
f 6106 5906 5905
f 6096 6107 5854
f 6096 5854 5852
f 6106 5905 5854
f 6106 5854 6107
f 6084 6097 5850
f 6084 5850 5849
f 6096 5852 5850
f 6096 5850 6097
f 3882 3886 6116
f 3882 6116 6117
f 5776 5777 5778
f 5776 5778 5775
f 5784 5782 6118
f 5784 6118 6119
f 6120 6116 3886
f 6120 3886 3878
f 5630 5626 5766
f 5630 5766 5765
f 3873 3882 6117
f 3873 6117 6121
f 6122 6120 3878
f 6122 3878 3877
f 5782 5781 6123
f 5782 6123 6118
f 3874 3873 6121
f 3874 6121 5791
f 5621 5630 5765
f 5621 5765 5767
f 3889 6122 3877
f 3889 3877 3880
f 6124 5784 6119
f 6124 6119 6125
f 5791 3890 3884
f 5791 3884 3874
f 5626 5618 5770
f 5626 5770 5766
f 3880 3884 3890
f 3880 3890 3889
f 5781 5780 6126
f 5781 6126 6123
f 5658 5661 6127
f 5658 6127 6128
f 5661 6129 6130
f 5661 6130 6127
f 6129 5949 6131
f 6129 6131 6130
f 5949 5783 6132
f 5949 6132 6131
f 5783 5784 6133
f 5783 6133 6132
f 5784 6124 6134
f 5784 6134 6133
f 6124 5788 6135
f 6124 6135 6134
f 5788 5658 6128
f 5788 6128 6135
f 6128 6127 6136
f 6128 6136 6137
f 6127 6130 6138
f 6127 6138 6136
f 6130 6131 6139
f 6130 6139 6138
f 6131 6132 6140
f 6131 6140 6139
f 6132 6133 6141
f 6132 6141 6140
f 6133 6134 6142
f 6133 6142 6141
f 6134 6135 6143
f 6134 6143 6142
f 6135 6128 6137
f 6135 6137 6143
f 6137 6136 6144
f 6137 6144 6145
f 6136 6138 6146
f 6136 6146 6144
f 6138 6139 6147
f 6138 6147 6146
f 6139 6140 6148
f 6139 6148 6147
f 6140 6141 6149
f 6140 6149 6148
f 6141 6142 6150
f 6141 6150 6149
f 6142 6143 6151
f 6142 6151 6150
f 6143 6137 6145
f 6143 6145 6151
f 6145 6144 6152
f 6145 6152 6153
f 6144 6146 6154
f 6144 6154 6152
f 6146 6147 6155
f 6146 6155 6154
f 6147 6148 6156
f 6147 6156 6155
f 6148 6149 6157
f 6148 6157 6156
f 6149 6150 6158
f 6149 6158 6157
f 6150 6151 6159
f 6150 6159 6158
f 6151 6145 6153
f 6151 6153 6159
f 6153 6152 6160
f 6153 6160 6161
f 6152 6154 6162
f 6152 6162 6160
f 6154 6155 6163
f 6154 6163 6162
f 6155 6156 6164
f 6155 6164 6163
f 6156 6157 6165
f 6156 6165 6164
f 6157 6158 6166
f 6157 6166 6165
f 6158 6159 6167
f 6158 6167 6166
f 6159 6153 6161
f 6159 6161 6167
f 6161 6160 6168
f 6161 6168 6169
f 6160 6162 6170
f 6160 6170 6168
f 6162 6163 6171
f 6162 6171 6170
f 6163 6164 6172
f 6163 6172 6171
f 6164 6165 6173
f 6164 6173 6172
f 6165 6166 6174
f 6165 6174 6173
f 6166 6167 6175
f 6166 6175 6174
f 6167 6161 6169
f 6167 6169 6175
f 6169 6168 6176
f 6169 6176 6177
f 6168 6170 6178
f 6168 6178 6176
f 6170 6171 6179
f 6170 6179 6178
f 6171 6172 6180
f 6171 6180 6179
f 6172 6173 6181
f 6172 6181 6180
f 6173 6174 6182
f 6173 6182 6181
f 6174 6175 6183
f 6174 6183 6182
f 6175 6169 6177
f 6175 6177 6183
f 6177 6176 5648
f 6177 5648 5647
f 6176 6178 5649
f 6176 5649 5648
f 6178 6179 5657
f 6178 5657 5649
f 6179 6180 5656
f 6179 5656 5657
f 6180 6181 5785
f 6180 5785 5656
f 6181 6182 5786
f 6181 5786 5785
f 6182 6183 5787
f 6182 5787 5786
f 6183 6177 5647
f 6183 5647 5787
f 5688 5687 6184
f 5688 6184 6185
f 5679 5678 5690
f 5679 5690 5689
f 5687 5691 6186
f 5687 6186 6184
f 5678 5681 5692
f 5678 5692 5690
f 5705 5688 6185
f 5705 6185 6187
f 5686 5679 5689
f 5686 5689 5706
f 5691 5693 6188
f 5691 6188 6186
f 5681 5682 5694
f 5681 5694 5692
f 5685 5686 5706
f 5685 5706 5704
f 5701 5705 6187
f 5701 6187 6189
f 5682 5683 6190
f 5682 6190 5694
f 5696 5695 6191
f 5696 6191 6192
f 5684 5685 5704
f 5684 5704 5703
f 5702 5701 6189
f 5702 6189 6193
f 5683 5684 5703
f 5683 5703 6190
f 5695 5699 6194
f 5695 6194 6191
f 5693 5694 6195
f 5693 6195 6196
f 5694 6190 6197
f 5694 6197 6195
f 6190 5703 6198
f 6190 6198 6197
f 5703 5702 6199
f 5703 6199 6198
f 5702 6193 6200
f 5702 6200 6199
f 6193 6201 6202
f 6193 6202 6200
f 6201 6188 6203
f 6201 6203 6202
f 6188 5693 6196
f 6188 6196 6203
f 6196 6195 6204
f 6196 6204 6205
f 6195 6197 6206
f 6195 6206 6204
f 6197 6198 6207
f 6197 6207 6206
f 6198 6199 6208
f 6198 6208 6207
f 6199 6200 6209
f 6199 6209 6208
f 6200 6202 6210
f 6200 6210 6209
f 6202 6203 6211
f 6202 6211 6210
f 6203 6196 6205
f 6203 6205 6211
f 6205 6204 6212
f 6205 6212 6213
f 6204 6206 6214
f 6204 6214 6212
f 6206 6207 6215
f 6206 6215 6214
f 6207 6208 6216
f 6207 6216 6215
f 6208 6209 6217
f 6208 6217 6216
f 6209 6210 6218
f 6209 6218 6217
f 6210 6211 6219
f 6210 6219 6218
f 6211 6205 6213
f 6211 6213 6219
f 6213 6212 6220
f 6213 6220 6221
f 6212 6214 6222
f 6212 6222 6220
f 6214 6215 6223
f 6214 6223 6222
f 6215 6216 6224
f 6215 6224 6223
f 6216 6217 6225
f 6216 6225 6224
f 6217 6218 6226
f 6217 6226 6225
f 6218 6219 6227
f 6218 6227 6226
f 6219 6213 6221
f 6219 6221 6227
f 6221 6220 6228
f 6221 6228 6229
f 6220 6222 6230
f 6220 6230 6228
f 6222 6223 6231
f 6222 6231 6230
f 6223 6224 6232
f 6223 6232 6231
f 6224 6225 6233
f 6224 6233 6232
f 6225 6226 6234
f 6225 6234 6233
f 6226 6227 6235
f 6226 6235 6234
f 6227 6221 6229
f 6227 6229 6235
f 6229 6228 5697
f 6229 5697 5696
f 6228 6230 5698
f 6228 5698 5697
f 6230 6231 5700
f 6230 5700 5698
f 6231 6232 5699
f 6231 5699 5700
f 6232 6233 6194
f 6232 6194 5699
f 6233 6234 6191
f 6233 6191 6194
f 6234 6235 6192
f 6234 6192 6191
f 6235 6229 5696
f 6235 5696 6192
f 5625 5629 6236
f 5625 6236 6237
f 5629 5620 6238
f 5629 6238 6236
f 5620 5619 6239
f 5620 6239 6238
f 5619 5623 6240
f 5619 6240 6239
f 5623 5627 6241
f 5623 6241 6240
f 5627 5616 6242
f 5627 6242 6241
f 5616 5615 6243
f 5616 6243 6242
f 5615 5625 6237
f 5615 6237 6243
f 5669 5667 5758
f 5669 5758 5757
f 5667 5666 5755
f 5667 5755 5758
f 5666 5950 5804
f 5666 5804 5755
f 5950 5677 5805
f 5950 5805 5804
f 5677 5675 5806
f 5677 5806 5805
f 5675 5673 5761
f 5675 5761 5806
f 5673 5671 5762
f 5673 5762 5761
f 5671 5669 5757
f 5671 5757 5762
f 5628 5624 5775
f 5628 5775 5778
f 5779 5789 6244
f 5779 6244 6245
f 5617 5628 5778
f 5617 5778 5774
f 5789 5788 6246
f 5789 6246 6244
f 5622 5621 5767
f 5622 5767 5771
f 5780 5779 6245
f 5780 6245 6126
f 5618 5617 5774
f 5618 5774 5770
f 5788 6124 6125
f 5788 6125 6246
f 6201 6193 5713
f 6201 5713 5715
f 6185 6184 5721
f 6185 5721 5708
f 6193 6189 5711
f 6193 5711 5713
f 6184 6186 5719
f 6184 5719 5721
f 6188 6201 5715
f 6188 5715 5717
f 6187 6185 5708
f 6187 5708 5707
f 6189 6187 5707
f 6189 5707 5711
f 6186 6188 5717
f 6186 5717 5719
f 5764 5763 6119
f 5764 6119 6118
f 5768 5764 6118
f 5768 6118 6123
f 5763 5769 6125
f 5763 6125 6119
f 5772 5768 6123
f 5772 6123 6126
f 5777 5776 6245
f 5777 6245 6244
f 5773 5777 6244
f 5773 6244 6246
f 5776 5772 6126
f 5776 6126 6245
f 5769 5773 6246
f 5769 6246 6125
f 5915 5936 6237
f 5915 6237 6236
f 5916 5915 6236
f 5916 6236 6238
f 5909 5916 6238
f 5909 6238 6239
f 5910 5909 6239
f 5910 6239 6240
f 5911 5910 6240
f 5911 6240 6241
f 5913 5911 6241
f 5913 6241 6242
f 5914 5913 6242
f 5914 6242 6243
f 5936 5914 6243
f 5936 6243 6237
f 5956 5955 5980
f 5956 5980 5983
f 5810 5886 5803
f 5810 5803 5811
f 6247 6248 6249
f 6247 6249 6250
f 6248 6251 6252
f 6248 6252 6249
f 5808 5864 5858
f 5808 5858 5799
f 6251 6253 6254
f 6251 6254 6252
f 5891 5890 6255
f 5891 6255 6256
f 6253 6257 6258
f 6253 6258 6254
f 5890 5894 6259
f 5890 6259 6255
f 6257 6260 6261
f 6257 6261 6258
f 5894 5967 5792
f 5894 5792 6259
f 6260 6262 6263
f 6260 6263 6261
f 5967 5887 5793
f 5967 5793 5792
f 6262 6264 6265
f 6262 6265 6263
f 5887 5828 5796
f 5887 5796 5793
f 6264 6247 6250
f 6264 6250 6265
f 5886 5827 5797
f 5886 5797 5803
f 5957 5964 5966
f 5957 5966 5962
f 5964 5926 5953
f 5964 5953 5966
f 5926 5925 5954
f 5926 5954 5953
f 5925 6045 6043
f 5925 6043 5954
f 6045 6050 6048
f 6045 6048 6043
f 6050 6042 6040
f 6050 6040 6048
f 6042 5958 5961
f 6042 5961 6040
f 5962 5961 5958
f 5962 5958 5957
f 5995 5994 6266
f 5995 6266 6267
f 5998 5995 6267
f 5998 6267 6268
f 6003 6002 6269
f 6003 6269 6270
f 6008 6003 6270
f 6008 6270 6271
f 6019 6018 6272
f 6019 6272 6273
f 6024 6019 6273
f 6024 6273 6274
f 6028 6024 6274
f 6028 6274 6275
f 5994 6028 6275
f 5994 6275 6266
f 6007 6017 6276
f 6007 6276 6277
f 6001 6007 6277
f 6001 6277 6278
f 6017 6023 6279
f 6017 6279 6276
f 5992 6001 6278
f 5992 6278 6280
f 6023 6027 6281
f 6023 6281 6279
f 6280 6282 5993
f 6280 5993 5992
f 6027 6035 6283
f 6027 6283 6281
f 6035 5993 6282
f 6035 6282 6283
f 6284 6285 6286
f 6284 6286 6287
f 6288 6289 6290
f 6288 6290 6291
f 6292 6288 6291
f 6292 6291 6293
f 6294 6284 6287
f 6294 6287 6295
f 6285 6296 6297
f 6285 6297 6286
f 6289 6298 6299
f 6289 6299 6290
f 6298 6294 6295
f 6298 6295 6299
f 6296 6292 6293
f 6296 6293 6297
f 6300 6301 6302
f 6300 6302 6303
f 6304 6305 6306
f 6304 6306 6307
f 6308 6309 6310
f 6308 6310 6311
f 6312 6313 6314
f 6312 6314 6315
f 6316 6300 6303
f 6316 6303 6317
f 6318 6319 6320
f 6318 6320 6321
f 6322 6323 6324
f 6322 6324 6325
f 6309 6316 6317
f 6309 6317 6310
f 6326 6327 6328
f 6326 6328 6329
f 6327 6330 6331
f 6327 6331 6328
f 6330 6332 6333
f 6330 6333 6331
f 6332 6334 6335
f 6332 6335 6333
f 6334 6336 6337
f 6334 6337 6335
f 6336 6338 6339
f 6336 6339 6337
f 6338 6340 6341
f 6338 6341 6339
f 5927 5920 5873
f 5927 5873 5872
f 6342 6343 6344
f 6342 6344 6345
f 6340 6326 6329
f 6340 6329 6341
f 5918 6077 5876
f 5918 5876 5880
f 6064 6346 6347
f 6064 6347 6065
f 6343 6348 6349
f 6343 6349 6344
f 6350 5930 5933
f 6350 5933 6351
f 6077 6051 5866
f 6077 5866 5876
f 6352 6353 6354
f 6352 6354 6355
f 6348 6356 6357
f 6348 6357 6349
f 6346 6358 6359
f 6346 6359 6347
f 6360 6357 6356
f 6360 6356 6361
f 6358 6362 6068
f 6358 6068 6359
f 6363 6364 6365
f 6363 6365 6069
f 6354 6366 5921
f 6354 5921 5928
f 6364 6058 6061
f 6364 6061 6365
f 6367 6368 6369
f 6367 6369 6370
f 6371 6372 6373
f 6371 6373 6374
f 6375 6371 6374
f 6375 6374 6376
f 6368 6377 6378
f 6368 6378 6369
f 6379 6367 6370
f 6379 6370 6380
f 6372 6381 6302
f 6372 6302 6373
f 6382 6375 6376
f 6382 6376 6311
f 6377 6383 6384
f 6377 6384 6378
f 6385 6379 6380
f 6385 6380 6386
f 6387 6388 6310
f 6387 6310 6317
f 6389 6387 6317
f 6389 6317 6303
f 6383 6390 6391
f 6383 6391 6384
f 6392 6385 6386
f 6392 6386 6393
f 6388 6382 6311
f 6388 6311 6310
f 6390 6392 6393
f 6390 6393 6391
f 6381 6389 6303
f 6381 6303 6302
f 6394 6395 6378
f 6394 6378 6384
f 6396 6397 6386
f 6396 6386 6380
f 6398 6394 6384
f 6398 6384 6391
f 6399 6396 6380
f 6399 6380 6370
f 6395 6400 6369
f 6395 6369 6378
f 6397 6401 6393
f 6397 6393 6386
f 6400 6399 6370
f 6400 6370 6369
f 6401 6398 6391
f 6401 6391 6393
f 5885 6402 6265
f 5885 6265 6250
f 6403 6404 6405
f 6403 6405 6406
f 6402 6407 6263
f 6402 6263 6265
f 6408 6409 6410
f 6408 6410 6411
f 6407 6412 6261
f 6407 6261 6263
f 6413 6408 6411
f 6413 6411 6414
f 6404 6415 6416
f 6404 6416 6405
f 6412 5843 6258
f 6412 6258 6261
f 6401 6417 6418
f 6401 6418 6398
f 6397 6419 6417
f 6397 6417 6401
f 6398 6418 6420
f 6398 6420 6394
f 6396 6421 6419
f 6396 6419 6397
f 6394 6420 6422
f 6394 6422 6395
f 6399 6423 6421
f 6399 6421 6396
f 6395 6422 6424
f 6395 6424 6400
f 6400 6424 6423
f 6400 6423 6399
f 6425 6426 6392
f 6425 6392 6390
f 6426 6427 6385
f 6426 6385 6392
f 6427 6428 6379
f 6427 6379 6385
f 6428 6429 6367
f 6428 6367 6379
f 6430 6431 6432
f 6430 6432 6433
f 6434 6435 6436
f 6434 6436 6437
f 6435 6438 6439
f 6435 6439 6436
f 6438 6440 6441
f 6438 6441 6439
f 6440 6442 6443
f 6440 6443 6441
f 6442 6444 6445
f 6442 6445 6443
f 6444 6446 6447
f 6444 6447 6445
f 6448 6430 6433
f 6448 6433 6449
f 6450 6451 6093
f 6450 6093 6111
f 6452 6450 6111
f 6452 6111 6110
f 6453 6452 6110
f 6453 6110 6454
f 6455 6453 6454
f 6455 6454 6456
f 6457 6455 6456
f 6457 6456 6458
f 6459 6457 6458
f 6459 6458 6095
f 6460 6459 6095
f 6460 6095 6094
f 6451 6460 6094
f 6451 6094 6093
f 6461 6462 6451
f 6461 6451 6450
f 6463 6461 6450
f 6463 6450 6452
f 6464 6463 6452
f 6464 6452 6453
f 6465 6464 6453
f 6465 6453 6455
f 6466 6465 6455
f 6466 6455 6457
f 6467 6466 6457
f 6467 6457 6459
f 6468 6467 6459
f 6468 6459 6460
f 6462 6468 6460
f 6462 6460 6451
f 6431 6430 6469
f 6431 6469 6470
f 6435 6434 6471
f 6435 6471 6472
f 6438 6435 6472
f 6438 6472 6473
f 6440 6438 6473
f 6440 6473 6474
f 6442 6440 6474
f 6442 6474 6475
f 6444 6442 6475
f 6444 6475 6476
f 6446 6444 6476
f 6446 6476 6477
f 6430 6448 6478
f 6430 6478 6469
f 6479 6480 6481
f 6479 6481 6482
f 6483 6479 6482
f 6483 6482 6484
f 6485 6483 6484
f 6485 6484 6486
f 6487 6485 6486
f 6487 6486 6488
f 6489 6487 6488
f 6489 6488 6490
f 6491 6489 6490
f 6491 6490 6492
f 6493 6491 6492
f 6493 6492 6494
f 6480 6493 6494
f 6480 6494 6481
f 6495 6496 6480
f 6495 6480 6479
f 6497 6495 6479
f 6497 6479 6483
f 6498 6497 6483
f 6498 6483 6485
f 6499 6498 6485
f 6499 6485 6487
f 6500 6499 6487
f 6500 6487 6489
f 6501 6500 6489
f 6501 6489 6491
f 6502 6501 6491
f 6502 6491 6493
f 6496 6502 6493
f 6496 6493 6480
f 6503 6504 6496
f 6503 6496 6495
f 6505 6503 6495
f 6505 6495 6497
f 6506 6505 6497
f 6506 6497 6498
f 6507 6506 6498
f 6507 6498 6499
f 6508 6507 6499
f 6508 6499 6500
f 6509 6508 6500
f 6509 6500 6501
f 6510 6509 6501
f 6510 6501 6502
f 6504 6510 6502
f 6504 6502 6496
f 6104 6511 6504
f 6104 6504 6503
f 6105 6104 6503
f 6105 6503 6505
f 6073 6105 6505
f 6073 6505 6506
f 6071 6073 6506
f 6071 6506 6507
f 6072 6071 6507
f 6072 6507 6508
f 6100 6072 6508
f 6100 6508 6509
f 6101 6100 6509
f 6101 6509 6510
f 6511 6101 6510
f 6511 6510 6504
f 6102 6105 6073
f 6102 6073 6076
f 6109 6108 6104
f 6109 6104 6103
f 6110 6092 6456
f 6110 6456 6454
f 6108 6099 6511
f 6108 6511 6104
f 6113 6102 6076
f 6113 6076 6075
f 6115 6109 6103
f 6115 6103 6112
f 6092 6095 6458
f 6092 6458 6456
f 6099 6098 6101
f 6099 6101 6511
f 6090 6113 6075
f 6090 6075 6078
f 6089 6115 6112
f 6089 6112 6091
f 6100 6080 6074
f 6100 6074 6072
f 6098 6087 6081
f 6098 6081 6101
f 6083 6090 6078
f 6083 6078 6079
f 6086 6089 6091
f 6086 6091 6082
f 6080 6083 6079
f 6080 6079 6074
f 6087 6086 6082
f 6087 6082 6081
f 6512 6513 6514
f 6512 6514 6515
f 6357 6360 6516
f 6357 6516 6517
f 6518 6512 6515
f 6518 6515 6519
f 6360 6518 6519
f 6360 6519 6516
f 6349 6357 6517
f 6349 6517 6520
f 6513 6345 6521
f 6513 6521 6514
f 6344 6349 6520
f 6344 6520 6522
f 6345 6344 6522
f 6345 6522 6521
f 6523 6524 6525
f 6523 6525 6526
f 6527 6523 6526
f 6527 6526 6528
f 6529 6527 6528
f 6529 6528 6530
f 6531 6529 6530
f 6531 6530 6532
f 6533 6531 6532
f 6533 6532 6534
f 6535 6533 6534
f 6535 6534 6536
f 6537 6535 6536
f 6537 6536 6538
f 6524 6537 6538
f 6524 6538 6525
f 6539 6540 6524
f 6539 6524 6523
f 6541 6539 6523
f 6541 6523 6527
f 6542 6541 6527
f 6542 6527 6529
f 6543 6542 6529
f 6543 6529 6531
f 6544 6543 6531
f 6544 6531 6533
f 6545 6544 6533
f 6545 6533 6535
f 6546 6545 6535
f 6546 6535 6537
f 6540 6546 6537
f 6540 6537 6524
f 6547 6548 6549
f 6547 6549 6550
f 6548 6551 6552
f 6548 6552 6549
f 6551 6553 6554
f 6551 6554 6552
f 6553 6555 6556
f 6553 6556 6554
f 6555 6557 6558
f 6555 6558 6556
f 6557 6559 6560
f 6557 6560 6558
f 6559 6561 6562
f 6559 6562 6560
f 6561 6547 6550
f 6561 6550 6562
f 6563 6564 6565
f 6563 6565 6566
f 6567 6563 6566
f 6567 6566 6568
f 6569 6567 6568
f 6569 6568 6570
f 6571 6569 6570
f 6571 6570 6572
f 6573 6571 6572
f 6573 6572 6574
f 6575 6573 6574
f 6575 6574 6576
f 6577 6575 6576
f 6577 6576 6578
f 6564 6577 6578
f 6564 6578 6565
f 6548 6547 6564
f 6548 6564 6563
f 6551 6548 6563
f 6551 6563 6567
f 6553 6551 6567
f 6553 6567 6569
f 6555 6553 6569
f 6555 6569 6571
f 6429 6579 6368
f 6429 6368 6367
f 6579 6580 6377
f 6579 6377 6368
f 6580 6581 6383
f 6580 6383 6377
f 6390 6383 6581
f 6390 6581 6425
f 6327 6326 6582
f 6327 6582 6583
f 6330 6327 6583
f 6330 6583 6584
f 6332 6330 6584
f 6332 6584 6585
f 6334 6332 6585
f 6334 6585 6586
f 6336 6334 6586
f 6336 6586 6587
f 6338 6336 6587
f 6338 6587 6588
f 6340 6338 6588
f 6340 6588 6589
f 6326 6340 6589
f 6326 6589 6582
f 6590 6591 6329
f 6590 6329 6328
f 6592 6590 6328
f 6592 6328 6331
f 6593 6592 6331
f 6593 6331 6333
f 6594 6593 6333
f 6594 6333 6335
f 6595 6594 6335
f 6595 6335 6337
f 6596 6595 6337
f 6596 6337 6339
f 6597 6596 6339
f 6597 6339 6341
f 6591 6597 6341
f 6591 6341 6329
f 6598 6599 6591
f 6598 6591 6590
f 6600 6598 6590
f 6600 6590 6592
f 6305 6600 6592
f 6305 6592 6593
f 6601 6305 6593
f 6601 6593 6594
f 6318 6601 6594
f 6318 6594 6595
f 6602 6318 6595
f 6602 6595 6596
f 6603 6602 6596
f 6603 6596 6597
f 6599 6603 6597
f 6599 6597 6591
f 6604 6605 6304
f 6604 6304 6409
f 6605 6600 6305
f 6605 6305 6304
f 6422 6606 6423
f 6422 6423 6424
f 6606 6419 6421
f 6606 6421 6423
f 6602 6607 6319
f 6602 6319 6318
f 6607 6608 6413
f 6607 6413 6319
f 6608 6609 6408
f 6608 6408 6413
f 6609 6604 6409
f 6609 6409 6408
f 6610 6611 6605
f 6610 6605 6604
f 6611 6598 6600
f 6611 6600 6605
f 6420 6418 6606
f 6420 6606 6422
f 6418 6417 6419
f 6418 6419 6606
f 6603 6612 6607
f 6603 6607 6602
f 6612 6613 6608
f 6612 6608 6607
f 6613 6614 6609
f 6613 6609 6608
f 6614 6610 6604
f 6614 6604 6609
f 6615 6616 6617
f 6615 6617 6618
f 6544 6545 6515
f 6544 6515 6514
f 6540 6539 6517
f 6540 6517 6516
f 6067 6066 6619
f 6067 6619 6620
f 6621 6615 6618
f 6621 6618 6622
f 6545 6546 6519
f 6545 6519 6515
f 6546 6540 6516
f 6546 6516 6519
f 6066 6621 6622
f 6066 6622 6619
f 6623 6067 6620
f 6623 6620 6624
f 6539 6541 6520
f 6539 6520 6517
f 6543 6544 6514
f 6543 6514 6521
f 6616 6625 6626
f 6616 6626 6617
f 6627 6623 6624
f 6627 6624 6628
f 6541 6542 6522
f 6541 6522 6520
f 6542 6543 6521
f 6542 6521 6522
f 6625 6627 6628
f 6625 6628 6626
f 6409 6304 6307
f 6409 6307 6410
f 5843 5842 6254
f 5843 6254 6258
f 6313 6403 6406
f 6313 6406 6314
f 5842 5845 6252
f 5842 6252 6254
f 6319 6413 6414
f 6319 6414 6320
f 5845 5883 6249
f 5845 6249 6252
f 5883 5885 6250
f 5883 6250 6249
f 6415 6322 6325
f 6415 6325 6416
f 6629 6630 6283
f 6629 6283 6282
f 6630 6631 6281
f 6630 6281 6283
f 6631 6632 6279
f 6631 6279 6281
f 6633 6276 6279
f 6633 6279 6632
f 6557 6555 6571
f 6557 6571 6573
f 6559 6557 6573
f 6559 6573 6575
f 6561 6559 6575
f 6561 6575 6577
f 6547 6561 6577
f 6547 6577 6564
f 6634 6635 6550
f 6634 6550 6549
f 6636 6634 6549
f 6636 6549 6552
f 6637 6636 6552
f 6637 6552 6554
f 6638 6637 6554
f 6638 6554 6556
f 6639 6638 6556
f 6639 6556 6558
f 6640 6639 6558
f 6640 6558 6560
f 6641 6640 6560
f 6641 6560 6562
f 6635 6641 6562
f 6635 6562 6550
f 6642 6643 6635
f 6642 6635 6634
f 6622 6642 6634
f 6622 6634 6636
f 6619 6622 6636
f 6619 6636 6637
f 6620 6619 6637
f 6620 6637 6638
f 6644 6620 6638
f 6644 6638 6639
f 6356 6644 6639
f 6356 6639 6640
f 6361 6356 6640
f 6361 6640 6641
f 6643 6361 6641
f 6643 6641 6635
f 6645 6646 6618
f 6645 6618 6617
f 6647 6574 6572
f 6647 6572 6570
f 6646 6642 6622
f 6646 6622 6618
f 6566 6647 6570
f 6566 6570 6568
f 6644 6648 6624
f 6644 6624 6620
f 6649 6645 6617
f 6649 6617 6626
f 6648 6650 6628
f 6648 6628 6624
f 6650 6649 6626
f 6650 6626 6628
f 6651 6652 6646
f 6651 6646 6645
f 6578 6576 6574
f 6578 6574 6647
f 6652 6643 6642
f 6652 6642 6646
f 6565 6578 6647
f 6565 6647 6566
f 6356 6348 6648
f 6356 6648 6644
f 6342 6651 6645
f 6342 6645 6649
f 6348 6343 6650
f 6348 6650 6648
f 6343 6342 6649
f 6343 6649 6650
f 6425 6581 6653
f 6425 6653 6654
f 6654 6653 6583
f 6654 6583 6582
f 6581 6580 6655
f 6581 6655 6653
f 6653 6655 6584
f 6653 6584 6583
f 6580 6579 6656
f 6580 6656 6655
f 6655 6656 6585
f 6655 6585 6584
f 6579 6429 6657
f 6579 6657 6656
f 6656 6657 6586
f 6656 6586 6585
f 6429 6428 6658
f 6429 6658 6657
f 6657 6658 6587
f 6657 6587 6586
f 6428 6427 6659
f 6428 6659 6658
f 6658 6659 6588
f 6658 6588 6587
f 6427 6426 6660
f 6427 6660 6659
f 6659 6660 6589
f 6659 6589 6588
f 6426 6425 6654
f 6426 6654 6660
f 6660 6654 6582
f 6660 6582 6589
f 6661 5841 5843
f 6661 5843 6412
f 5813 5815 5841
f 5813 5841 6661
f 6662 6661 6412
f 6662 6412 6407
f 5809 5813 6661
f 5809 6661 6662
f 6663 6662 6407
f 6663 6407 6402
f 5810 5809 6662
f 5810 6662 6663
f 5886 5810 6663
f 5886 6663 5884
f 5884 6663 6402
f 5884 6402 5885
f 6664 6665 5865
f 6664 5865 5861
f 6665 6666 5859
f 6665 5859 5865
f 6666 6667 5860
f 6666 5860 5859
f 6667 6668 5862
f 6667 5862 5860
f 6668 6669 5863
f 6668 5863 5862
f 6669 6670 5855
f 6669 5855 5863
f 6670 6671 5856
f 6670 5856 5855
f 5861 5856 6671
f 5861 6671 6664
f 6672 6673 6664
f 6672 6664 6671
f 6674 6672 6671
f 6674 6671 6670
f 6675 6674 6670
f 6675 6670 6669
f 6676 6675 6669
f 6676 6669 6668
f 6677 6676 6668
f 6677 6668 6667
f 6678 6677 6667
f 6678 6667 6666
f 6679 6678 6666
f 6679 6666 6665
f 6673 6679 6665
f 6673 6665 6664
f 6680 6681 6673
f 6680 6673 6672
f 6682 6680 6672
f 6682 6672 6674
f 6683 6682 6674
f 6683 6674 6675
f 6684 6683 6675
f 6684 6675 6676
f 6685 6684 6676
f 6685 6676 6677
f 6686 6685 6677
f 6686 6677 6678
f 6687 6686 6678
f 6687 6678 6679
f 6681 6687 6679
f 6681 6679 6673
f 5829 5969 6681
f 5829 6681 6680
f 5802 5829 6680
f 5802 6680 6682
f 5803 5802 6682
f 5803 6682 6683
f 5811 5803 6683
f 5811 6683 6684
f 5812 5811 6684
f 5812 6684 6685
f 6256 5812 6685
f 6256 6685 6686
f 5891 6256 6686
f 5891 6686 6687
f 5969 5891 6687
f 5969 6687 6681
f 5799 5858 5857
f 5799 5857 5800
f 6256 6255 5814
f 6256 5814 5812
f 6255 6259 5816
f 6255 5816 5814
f 6259 5792 5795
f 6259 5795 5816
f 5655 5653 3883
f 5655 3883 3879
f 5653 5652 3871
f 5653 3871 3883
f 5660 5655 3879
f 5660 3879 3876
f 5652 5663 3872
f 5652 3872 3871
f 5661 5660 3876
f 5661 3876 3875
f 5663 5949 3881
f 5663 3881 3872
f 6129 5661 3875
f 6129 3875 3885
f 5949 6129 3885
f 5949 3885 3881
f 3919 5791 6121
f 3919 6121 3930
f 3930 6121 6117
f 3930 6117 3926
f 3926 6117 6116
f 3926 6116 3915
f 3915 6116 6120
f 3915 6120 3916
f 3916 6120 6122
f 3916 6122 5790
f 5790 6122 3889
f 5790 3889 3888
f 3881 3885 3886
f 3881 3886 3882
f 6033 6038 6688
f 6033 6688 6689
f 6038 6037 6690
f 6038 6690 6688
f 6031 6033 6689
f 6031 6689 6691
f 6037 6046 6692
f 6037 6692 6690
f 6015 6031 6691
f 6015 6691 6693
f 6046 6013 6694
f 6046 6694 6692
f 6012 6015 6693
f 6012 6693 6695
f 3888 3887 3921
f 3888 3921 5632
f 6013 6012 6695
f 6013 6695 6694
f 5832 5834 3911
f 5832 3911 3914
f 5817 5821 3912
f 5817 3912 3913
f 5830 5832 3914
f 5830 3914 3908
f 5818 5817 3913
f 5818 3913 3910
f 5821 5823 3907
f 5821 3907 3912
f 5837 5836 6696
f 5837 6696 6697
f 5836 6698 6699
f 5836 6699 6696
f 5823 5830 3908
f 5823 3908 3907
f 6700 6701 6702
f 6700 6702 6703
f 6704 6705 6706
f 6704 6706 6691
f 6707 6704 6691
f 6707 6691 6689
f 5902 6708 6709
f 5902 6709 5903
f 6701 6710 6711
f 6701 6711 6702
f 6693 6712 6713
f 6693 6713 6695
f 6714 6707 6689
f 6714 6689 6688
f 6698 5836 5839
f 6698 5839 6715
f 5834 5835 6716
f 5834 6716 6717
f 5835 5899 6718
f 5835 6718 6716
f 5899 5819 6719
f 5899 6719 6718
f 5819 5818 6720
f 5819 6720 6719
f 5818 3910 6721
f 5818 6721 6720
f 3910 3909 6722
f 3910 6722 6721
f 3909 3911 6723
f 3909 6723 6722
f 3911 5834 6717
f 3911 6717 6723
f 6717 6716 6724
f 6717 6724 6725
f 6716 6718 6726
f 6716 6726 6724
f 6718 6719 6727
f 6718 6727 6726
f 6719 6720 6728
f 6719 6728 6727
f 6720 6721 6729
f 6720 6729 6728
f 6721 6722 6730
f 6721 6730 6729
f 6722 6723 6731
f 6722 6731 6730
f 6723 6717 6725
f 6723 6725 6731
f 6725 6724 6732
f 6725 6732 6733
f 6724 6726 6734
f 6724 6734 6732
f 6726 6727 6735
f 6726 6735 6734
f 6727 6728 6736
f 6727 6736 6735
f 6728 6729 6737
f 6728 6737 6736
f 6729 6730 6738
f 6729 6738 6737
f 6730 6731 6739
f 6730 6739 6738
f 6731 6725 6733
f 6731 6733 6739
f 6733 6732 6740
f 6733 6740 6741
f 6732 6734 6742
f 6732 6742 6740
f 6734 6735 6743
f 6734 6743 6742
f 6735 6736 6744
f 6735 6744 6743
f 6736 6737 6745
f 6736 6745 6744
f 6737 6738 6746
f 6737 6746 6745
f 6738 6739 6747
f 6738 6747 6746
f 6739 6733 6741
f 6739 6741 6747
f 6741 6740 6748
f 6741 6748 6749
f 6740 6742 6750
f 6740 6750 6748
f 6742 6743 6751
f 6742 6751 6750
f 6743 6744 6752
f 6743 6752 6751
f 6744 6745 6753
f 6744 6753 6752
f 6745 6746 6754
f 6745 6754 6753
f 6746 6747 6755
f 6746 6755 6754
f 6747 6741 6749
f 6747 6749 6755
f 6756 6757 6758
f 6756 6758 6759
f 6757 6760 6761
f 6757 6761 6758
f 6760 6762 6763
f 6760 6763 6761
f 6762 6764 6765
f 6762 6765 6763
f 6764 6766 6767
f 6764 6767 6765
f 6766 6768 6769
f 6766 6769 6767
f 6768 6770 6771
f 6768 6771 6769
f 6770 6756 6759
f 6770 6759 6771
f 6759 6758 5838
f 6759 5838 5837
f 6758 6761 5839
f 6758 5839 5838
f 6761 6763 6715
f 6761 6715 5839
f 6763 6765 6698
f 6763 6698 6715
f 6765 6767 6699
f 6765 6699 6698
f 6767 6769 6696
f 6767 6696 6699
f 6769 6771 6697
f 6769 6697 6696
f 6771 6759 5837
f 6771 5837 6697
f 6772 6277 6276
f 6772 6276 6633
f 6773 6278 6277
f 6773 6277 6772
f 6774 6280 6278
f 6774 6278 6773
f 6282 6280 6774
f 6282 6774 6629
f 6361 6643 6518
f 6361 6518 6360
f 6643 6652 6512
f 6643 6512 6518
f 6652 6651 6513
f 6652 6513 6512
f 6651 6342 6345
f 6651 6345 6513
f 6775 6352 6355
f 6775 6355 6776
f 6352 6775 6054
f 6352 6054 6053
f 5927 6777 6778
f 5927 6778 5928
f 6353 6352 6053
f 6353 6053 6055
f 6779 6775 6776
f 6779 6776 6780
f 6775 6779 6056
f 6775 6056 6054
f 6353 6781 6366
f 6353 6366 6354
f 6781 6353 6055
f 6781 6055 6070
f 6782 6779 6780
f 6782 6780 6783
f 6779 6782 6057
f 6779 6057 6056
f 6781 6784 6785
f 6781 6785 6366
f 6784 6781 6070
f 6784 6070 6063
f 6786 6247 6264
f 6786 6264 6262
f 6247 6786 6251
f 6247 6251 6248
f 6257 6786 6262
f 6257 6262 6260
f 6786 6257 6253
f 6786 6253 6251
f 6782 6783 6787
f 6782 6787 6788
f 6783 6789 6790
f 6783 6790 6787
f 6789 6785 6791
f 6789 6791 6790
f 6785 6784 6792
f 6785 6792 6791
f 6784 6063 6793
f 6784 6793 6792
f 6063 6062 6794
f 6063 6794 6793
f 6062 6057 6795
f 6062 6795 6794
f 6057 6782 6788
f 6057 6788 6795
f 6788 6787 6796
f 6788 6796 6797
f 6787 6790 6798
f 6787 6798 6796
f 6790 6791 6799
f 6790 6799 6798
f 6791 6792 6800
f 6791 6800 6799
f 6792 6793 6801
f 6792 6801 6800
f 6793 6794 6802
f 6793 6802 6801
f 6794 6795 6803
f 6794 6803 6802
f 6795 6788 6797
f 6795 6797 6803
f 6797 6796 6804
f 6797 6804 6805
f 6796 6798 6806
f 6796 6806 6804
f 6798 6799 6807
f 6798 6807 6806
f 6799 6800 6808
f 6799 6808 6807
f 6800 6801 6809
f 6800 6809 6808
f 6801 6802 6810
f 6801 6810 6809
f 6802 6803 6811
f 6802 6811 6810
f 6803 6797 6805
f 6803 6805 6811
f 6812 6813 6814
f 6812 6814 6815
f 6813 6816 6817
f 6813 6817 6814
f 6816 6818 6819
f 6816 6819 6817
f 6818 6820 6821
f 6818 6821 6819
f 6820 6822 6823
f 6820 6823 6821
f 6822 6824 6825
f 6822 6825 6823
f 6824 6826 6827
f 6824 6827 6825
f 6826 6812 6815
f 6826 6815 6827
f 6828 6829 6830
f 6828 6830 6831
f 6829 6832 6833
f 6829 6833 6830
f 6832 6834 6835
f 6832 6835 6833
f 6834 6836 6837
f 6834 6837 6835
f 6836 6838 6839
f 6836 6839 6837
f 6838 6840 6841
f 6838 6841 6839
f 6840 6842 6843
f 6840 6843 6841
f 6842 6828 6831
f 6842 6831 6843
f 6295 6287 6843
f 6295 6843 6831
f 6841 6843 6287
f 6841 6287 6286
f 6839 6841 6286
f 6839 6286 6297
f 6837 6839 6297
f 6837 6297 6293
f 6835 6837 6293
f 6835 6293 6291
f 6833 6835 6291
f 6833 6291 6290
f 6830 6833 6290
f 6830 6290 6299
f 6831 6830 6299
f 6831 6299 6295
f 6294 6298 6844
f 6294 6844 6845
f 6298 6289 6846
f 6298 6846 6844
f 6289 6288 6847
f 6289 6847 6846
f 6288 6292 6848
f 6288 6848 6847
f 6292 6296 6849
f 6292 6849 6848
f 6296 6285 6850
f 6296 6850 6849
f 6285 6284 6851
f 6285 6851 6850
f 6284 6294 6845
f 6284 6845 6851
f 6852 6853 6851
f 6852 6851 6845
f 6850 6851 6853
f 6850 6853 6854
f 6849 6850 6854
f 6849 6854 6855
f 6848 6849 6855
f 6848 6855 6856
f 6847 6848 6856
f 6847 6856 6857
f 6846 6847 6857
f 6846 6857 6858
f 6844 6846 6858
f 6844 6858 6859
f 6845 6844 6859
f 6845 6859 6852
f 6860 6861 6862
f 6860 6862 6863
f 6861 6864 6865
f 6861 6865 6862
f 6864 6866 6867
f 6864 6867 6865
f 6866 6868 6869
f 6866 6869 6867
f 6868 6870 6871
f 6868 6871 6869
f 6870 6872 6873
f 6870 6873 6871
f 6872 6874 6875
f 6872 6875 6873
f 6874 6860 6863
f 6874 6863 6875
f 6876 6877 6316
f 6876 6316 6309
f 6877 6878 6300
f 6877 6300 6316
f 6878 6879 6301
f 6878 6301 6300
f 6879 6880 6881
f 6879 6881 6301
f 6536 6882 6525
f 6536 6525 6538
f 6882 6528 6526
f 6882 6526 6525
f 6883 6884 6308
f 6883 6308 6885
f 6884 6876 6309
f 6884 6309 6308
f 6403 6313 6382
f 6403 6382 6388
f 6375 6382 6313
f 6375 6313 6312
f 6371 6375 6312
f 6371 6312 6886
f 6372 6371 6886
f 6372 6886 6323
f 6381 6372 6323
f 6381 6323 6322
f 6389 6381 6322
f 6389 6322 6415
f 6387 6389 6415
f 6387 6415 6404
f 6388 6387 6404
f 6388 6404 6403
f 6410 6307 6314
f 6410 6314 6406
f 6315 6314 6307
f 6315 6307 6306
f 6887 6315 6306
f 6887 6306 6888
f 6324 6887 6888
f 6324 6888 6321
f 6325 6324 6321
f 6325 6321 6320
f 6416 6325 6320
f 6416 6320 6414
f 6405 6416 6414
f 6405 6414 6411
f 6406 6405 6411
f 6406 6411 6410
f 6610 6614 6889
f 6610 6889 6890
f 6614 6613 6891
f 6614 6891 6889
f 6613 6612 6892
f 6613 6892 6891
f 6612 6603 6893
f 6612 6893 6892
f 6603 6599 6894
f 6603 6894 6893
f 6599 6598 6895
f 6599 6895 6894
f 6598 6611 6896
f 6598 6896 6895
f 6611 6610 6890
f 6611 6890 6896
f 6630 6629 6890
f 6630 6890 6889
f 6631 6630 6889
f 6631 6889 6891
f 6896 6890 6629
f 6896 6629 6774
f 6632 6631 6891
f 6632 6891 6892
f 6774 6773 6895
f 6774 6895 6896
f 6633 6632 6892
f 6633 6892 6893
f 6773 6772 6894
f 6773 6894 6895
f 6772 6633 6893
f 6772 6893 6894
f 6829 6828 6815
f 6829 6815 6814
f 6832 6829 6814
f 6832 6814 6817
f 6834 6832 6817
f 6834 6817 6819
f 6836 6834 6819
f 6836 6819 6821
f 6838 6836 6821
f 6838 6821 6823
f 6840 6838 6823
f 6840 6823 6825
f 6842 6840 6825
f 6842 6825 6827
f 6828 6842 6827
f 6828 6827 6815
f 6813 6812 6805
f 6813 6805 6804
f 6816 6813 6804
f 6816 6804 6806
f 6818 6816 6806
f 6818 6806 6807
f 6820 6818 6807
f 6820 6807 6808
f 6822 6820 6808
f 6822 6808 6809
f 6824 6822 6809
f 6824 6809 6810
f 6826 6824 6810
f 6826 6810 6811
f 6812 6826 6811
f 6812 6811 6805
f 6877 6876 6863
f 6877 6863 6862
f 6601 6318 6321
f 6601 6321 6888
f 6881 6897 6374
f 6881 6374 6373
f 6878 6877 6862
f 6878 6862 6865
f 6897 6885 6376
f 6897 6376 6374
f 6876 6884 6875
f 6876 6875 6863
f 6323 6886 6887
f 6323 6887 6324
f 6879 6878 6865
f 6879 6865 6867
f 6301 6881 6373
f 6301 6373 6302
f 6884 6883 6873
f 6884 6873 6875
f 6886 6312 6315
f 6886 6315 6887
f 6880 6879 6867
f 6880 6867 6869
f 6885 6308 6311
f 6885 6311 6376
f 6528 6882 6532
f 6528 6532 6530
f 6882 6536 6534
f 6882 6534 6532
f 6305 6601 6888
f 6305 6888 6306
f 6897 6881 6898
f 6897 6898 6899
f 6881 6880 6900
f 6881 6900 6898
f 6880 6869 6901
f 6880 6901 6900
f 6869 6871 6902
f 6869 6902 6901
f 6871 6873 6903
f 6871 6903 6902
f 6873 6883 6904
f 6873 6904 6903
f 6883 6885 6905
f 6883 6905 6904
f 6885 6897 6899
f 6885 6899 6905
f 6899 6898 6906
f 6899 6906 6907
f 6898 6900 6908
f 6898 6908 6906
f 6900 6901 6909
f 6900 6909 6908
f 6901 6902 6910
f 6901 6910 6909
f 6902 6903 6911
f 6902 6911 6910
f 6903 6904 6912
f 6903 6912 6911
f 6904 6905 6913
f 6904 6913 6912
f 6905 6899 6907
f 6905 6907 6913
f 6907 6906 6914
f 6907 6914 6915
f 6906 6908 6916
f 6906 6916 6914
f 6908 6909 6917
f 6908 6917 6916
f 6909 6910 6918
f 6909 6918 6917
f 6910 6911 6919
f 6910 6919 6918
f 6911 6912 6920
f 6911 6920 6919
f 6912 6913 6921
f 6912 6921 6920
f 6913 6907 6915
f 6913 6915 6921
f 6915 6914 6922
f 6915 6922 6923
f 6914 6916 6924
f 6914 6924 6922
f 6916 6917 6925
f 6916 6925 6924
f 6917 6918 6926
f 6917 6926 6925
f 6918 6919 6927
f 6918 6927 6926
f 6919 6920 6928
f 6919 6928 6927
f 6920 6921 6929
f 6920 6929 6928
f 6921 6915 6923
f 6921 6923 6929
f 6930 6931 4939
f 6930 4939 4938
f 4942 4939 6931
f 4942 6931 6932
f 6933 6930 4938
f 6933 4938 4944
f 4946 4942 6932
f 4946 6932 6934
f 6935 6933 4944
f 6935 4944 5160
f 5123 4946 6934
f 5123 6934 6936
f 6937 6935 5160
f 6937 5160 5124
f 6938 6939 6940
f 6938 6940 6941
f 6942 6939 6938
f 6942 6938 6943
f 5124 5123 6936
f 5124 6936 6937
f 6944 6945 6946
f 6944 6946 6947
f 6948 6945 6933
f 6948 6933 6935
f 6949 6950 6934
f 6949 6934 6932
f 6950 6951 6936
f 6950 6936 6934
f 6945 6944 6930
f 6945 6930 6933
f 6952 6949 6932
f 6952 6932 6931
f 6953 6948 6935
f 6953 6935 6937
f 6951 6953 6937
f 6951 6937 6936
f 6944 6952 6931
f 6944 6931 6930
f 6940 6939 6953
f 6940 6953 6951
f 6939 6942 6948
f 6939 6948 6953
f 6954 6955 6950
f 6954 6950 6949
f 6951 6950 6955
f 6951 6955 6940
f 6942 6946 6945
f 6942 6945 6948
f 6956 6957 6958
f 6956 6958 6959
f 6940 6955 6960
f 6940 6960 6941
f 6960 6955 6954
f 6960 6954 6961
f 6962 6956 6959
f 6962 6959 6963
f 6949 6952 6964
f 6949 6964 6954
f 6954 6964 6965
f 6954 6965 6961
f 6965 6964 6947
f 6965 6947 6966
f 6967 6962 6963
f 6967 6963 6968
f 6947 6964 6952
f 6947 6952 6944
f 6947 6946 6969
f 6947 6969 6966
f 6969 6946 6942
f 6969 6942 6943
f 6970 6967 6968
f 6970 6968 6971
f 6972 6970 6971
f 6972 6971 6973
f 6974 6972 6973
f 6974 6973 6975
f 6976 6974 6975
f 6976 6975 6977
f 6957 6976 6977
f 6957 6977 6958
f 6978 6979 6980
f 6978 6980 6981
f 6979 6982 6983
f 6979 6983 6980
f 6984 6985 6986
f 6984 6986 6987
f 6985 6978 6981
f 6985 6981 6986
f 6988 6989 6990
f 6988 6990 6991
f 6989 6984 6987
f 6989 6987 6990
f 6982 6992 6993
f 6982 6993 6983
f 6992 6988 6991
f 6992 6991 6993
f 6994 6995 6996
f 6994 6996 6997
f 6998 6999 7000
f 6998 7000 7001
f 7002 7003 7004
f 7002 7004 7005
f 7006 7007 7008
f 7006 7008 7009
f 7010 7011 7012
f 7010 7012 7013
f 7014 7015 7016
f 7014 7016 7017
f 7011 7002 7005
f 7011 7005 7012
f 7007 7014 7017
f 7007 7017 7008
f 7018 7019 7020
f 7018 7020 7021
f 7022 7023 7024
f 7022 7024 7025
f 7026 7022 7025
f 7026 7025 7027
f 7028 7018 7021
f 7028 7021 7029
f 7019 7026 7027
f 7019 7027 7020
f 7023 7028 7029
f 7023 7029 7024
f 7030 7031 7032
f 7030 7032 7033
f 7034 7035 7036
f 7034 7036 7037
f 7038 7039 7040
f 7038 7040 7041
f 7042 7038 7041
f 7042 7041 7043
f 7044 7030 7033
f 7044 7033 7045
f 7031 7042 7043
f 7031 7043 7032
f 7015 7046 7047
f 7015 7047 7016
f 7048 7010 7013
f 7048 7013 7049
f 7050 7006 7009
f 7050 7009 7051
f 7003 7052 7053
f 7003 7053 7004
f 7046 7050 7051
f 7046 7051 7047
f 7052 7048 7049
f 7052 7049 7053
f 7054 7055 6996
f 7054 6996 7056
f 7057 7058 7000
f 7057 7000 7059
f 7060 7057 7059
f 7060 7059 6997
f 7061 7054 7056
f 7061 7056 7001
f 7055 7060 6997
f 7055 6997 6996
f 7058 7061 7001
f 7058 7001 7000
f 7062 7063 6999
f 7062 6999 6998
f 6998 7064 7065
f 6998 7065 7062
f 7063 7066 7067
f 7063 7067 6999
f 7064 6995 7068
f 7064 7068 7065
f 7066 7069 6994
f 7066 6994 7067
f 6995 6994 7069
f 6995 7069 7068
f 7044 7039 7068
f 7044 7068 7069
f 7030 7044 7069
f 7030 7069 7066
f 7039 7038 7065
f 7039 7065 7068
f 7031 7030 7066
f 7031 7066 7063
f 7038 7042 7062
f 7038 7062 7065
f 7042 7031 7063
f 7042 7063 7062
f 7039 7044 7045
f 7039 7045 7040
f 7032 7043 7070
f 7032 7070 7037
f 7043 7041 7071
f 7043 7071 7070
f 7036 7072 7045
f 7036 7045 7033
f 7072 7073 7040
f 7072 7040 7045
f 7037 7036 7033
f 7037 7033 7032
f 7012 7005 7008
f 7012 7008 7017
f 7017 7016 7013
f 7017 7013 7012
f 7005 7004 7009
f 7005 7009 7008
f 7016 7047 7049
f 7016 7049 7013
f 7004 7053 7051
f 7004 7051 7009
f 7047 7051 7053
f 7047 7053 7049
f 7028 7023 7002
f 7028 7002 7011
f 7011 7010 7018
f 7011 7018 7028
f 7023 7022 7003
f 7023 7003 7002
f 7010 7048 7019
f 7010 7019 7018
f 7022 7026 7052
f 7022 7052 7003
f 7048 7052 7026
f 7048 7026 7019
f 7074 7075 7024
f 7074 7024 7029
f 7029 7021 7076
f 7029 7076 7074
f 7075 7077 7025
f 7075 7025 7024
f 7021 7020 7078
f 7021 7078 7076
f 7077 7079 7027
f 7077 7027 7025
f 7020 7027 7079
f 7020 7079 7078
f 7080 7081 7078
f 7080 7078 7079
f 7082 7080 7079
f 7082 7079 7077
f 7081 7083 7076
f 7081 7076 7078
f 7084 7082 7077
f 7084 7077 7075
f 7083 7085 7074
f 7083 7074 7076
f 7085 7084 7075
f 7085 7075 7074
f 7086 7087 5944
f 7086 5944 5943
f 7088 7086 5943
f 7088 5943 5947
f 7087 7089 7090
f 7087 7090 5944
f 7091 7088 5947
f 7091 5947 7092
f 7089 7093 7094
f 7089 7094 7090
f 7093 7091 7092
f 7093 7092 7094
f 7095 7096 7097
f 7095 7097 7098
f 7096 7099 7100
f 7096 7100 7097
f 7101 7095 7098
f 7101 7098 7102
f 7099 7103 7104
f 7099 7104 7100
f 7105 7101 7102
f 7105 7102 7106
f 7103 7105 7106
f 7103 7106 7104
f 7096 7095 7087
f 7096 7087 7086
f 7099 7096 7086
f 7099 7086 7088
f 7095 7101 7089
f 7095 7089 7087
f 7103 7099 7088
f 7103 7088 7091
f 7101 7105 7093
f 7101 7093 7089
f 7105 7103 7091
f 7105 7091 7093
f 7107 7108 7098
f 7107 7098 7097
f 7109 7107 7097
f 7109 7097 7100
f 7108 7110 7102
f 7108 7102 7098
f 7111 7109 7100
f 7111 7100 7104
f 7110 7112 7106
f 7110 7106 7102
f 7112 7111 7104
f 7112 7104 7106
f 7113 7114 7034
f 7113 7034 7115
f 7116 7113 7115
f 7116 7115 7117
f 7035 7118 7072
f 7035 7072 7036
f 7119 7120 7121
f 7119 7121 7122
f 7123 7124 7120
f 7123 7120 7119
f 7125 7126 7127
f 7125 7127 7118
f 7114 7113 7082
f 7114 7082 7084
f 7116 7117 7127
f 7116 7127 7126
f 7117 7071 7073
f 7117 7073 7127
f 7041 7040 7073
f 7041 7073 7071
f 7128 7035 7034
f 7128 7034 7114
f 7128 7125 7118
f 7128 7118 7035
f 7118 7127 7073
f 7118 7073 7072
f 7113 7116 7080
f 7113 7080 7082
f 7115 7034 7037
f 7115 7037 7070
f 7117 7115 7070
f 7117 7070 7071
f 7120 7124 7085
f 7120 7085 7083
f 7121 7120 7083
f 7121 7083 7081
f 7110 7108 7122
f 7110 7122 7126
f 7128 7123 7109
f 7128 7109 7111
f 7121 7081 7080
f 7121 7080 7116
f 7124 7114 7084
f 7124 7084 7085
f 7123 7119 7107
f 7123 7107 7109
f 7119 7122 7108
f 7119 7108 7107
f 7128 7114 7124
f 7128 7124 7123
f 7122 7121 7116
f 7122 7116 7126
f 7126 7125 7112
f 7126 7112 7110
f 7125 7128 7111
f 7125 7111 7112
f 7129 7130 7131
f 7129 7131 7132
f 7133 7129 7132
f 7133 7132 7134
f 7135 7136 7137
f 7135 7137 7138
f 7139 7140 7141
f 7139 7141 7142
f 7143 7139 7142
f 7143 7142 7144
f 7145 7135 7138
f 7145 7138 7146
f 7136 7147 7148
f 7136 7148 7137
f 7140 7149 7150
f 7140 7150 7141
f 7147 7143 7144
f 7147 7144 7148
f 7149 7145 7146
f 7149 7146 7150
f 7151 7152 6004
f 7151 6004 6009
f 7153 7151 6009
f 7153 6009 6008
f 7154 7153 6008
f 7154 6008 6271
f 7155 7154 6271
f 7155 6271 6270
f 7156 7155 6270
f 7156 6270 6269
f 7157 7156 6269
f 7157 6269 6002
f 7158 7157 6002
f 7158 6002 6005
f 7152 7158 6005
f 7152 6005 6004
f 7139 7143 7152
f 7139 7152 7151
f 7140 7139 7151
f 7140 7151 7153
f 7149 7140 7153
f 7149 7153 7154
f 7145 7149 7154
f 7145 7154 7155
f 7135 7145 7155
f 7135 7155 7156
f 7136 7135 7156
f 7136 7156 7157
f 7147 7136 7157
f 7147 7157 7158
f 7143 7147 7158
f 7143 7158 7152
f 7159 7160 7148
f 7159 7148 7144
f 7160 7161 7137
f 7160 7137 7148
f 7161 7162 7138
f 7161 7138 7137
f 7162 7163 7146
f 7162 7146 7138
f 7163 7164 7150
f 7163 7150 7146
f 7164 7165 7141
f 7164 7141 7150
f 7165 7166 7142
f 7165 7142 7141
f 7144 7142 7166
f 7144 7166 7159
f 7167 7168 7159
f 7167 7159 7166
f 7169 7167 7166
f 7169 7166 7165
f 7170 7169 7165
f 7170 7165 7164
f 7171 7170 7164
f 7171 7164 7163
f 7172 7171 7163
f 7172 7163 7162
f 7173 7172 7162
f 7173 7162 7161
f 7174 7173 7161
f 7174 7161 7160
f 7168 7174 7160
f 7168 7160 7159
f 6021 7175 7168
f 6021 7168 7167
f 6018 6021 7167
f 6018 7167 7169
f 6272 6018 7169
f 6272 7169 7170
f 7176 6272 7170
f 7176 7170 7171
f 6268 7176 7171
f 6268 7171 7172
f 5998 6268 7172
f 5998 7172 7173
f 5999 5998 7173
f 5999 7173 7174
f 7175 5999 7174
f 7175 7174 7168
f 5984 5975 6273
f 5984 6273 6272
f 6022 6016 6021
f 6022 6021 6020
f 5975 5974 6274
f 5975 6274 6273
f 6026 6022 6020
f 6026 6020 6025
f 5988 5984 6272
f 5988 6272 7176
f 6016 6006 7175
f 6016 7175 6021
f 5974 5986 6275
f 5974 6275 6274
f 6034 6026 6025
f 6034 6025 6029
f 5978 5988 7176
f 5978 7176 6268
f 6006 6000 5999
f 6006 5999 7175
f 5986 5982 6266
f 5986 6266 6275
f 5990 6034 6029
f 5990 6029 5997
f 5979 5978 6268
f 5979 6268 6267
f 6000 5991 5996
f 6000 5996 5999
f 5982 5979 6267
f 5982 6267 6266
f 5991 5990 5997
f 5991 5997 5996
f 6615 6621 6365
f 6615 6365 6061
f 6621 6066 6069
f 6621 6069 6365
f 6067 6623 6359
f 6067 6359 6068
f 6623 6627 6347
f 6623 6347 6359
f 6627 6625 6065
f 6627 6065 6347
f 6362 6363 6069
f 6362 6069 6068
f 6625 6616 6060
f 6625 6060 6065
f 6616 6615 6061
f 6616 6061 6060
f 6363 6362 6929
f 6363 6929 6923
f 6362 6358 6928
f 6362 6928 6929
f 6358 6346 6927
f 6358 6927 6928
f 6346 6064 6926
f 6346 6926 6927
f 6064 6059 6925
f 6064 6925 6926
f 6059 6058 6924
f 6059 6924 6925
f 6058 6364 6922
f 6058 6922 6924
f 6364 6363 6923
f 6364 6923 6922
f 5333 5395 5564
f 5333 5564 5552
f 5395 5394 5562
f 5395 5562 5564
f 5394 5393 5560
f 5394 5560 5562
f 5393 5392 5558
f 5393 5558 5560
f 7130 7177 7178
f 7130 7178 7131
f 5392 5396 5556
f 5392 5556 5558
f 5396 5335 5554
f 5396 5554 5556
f 5335 5334 5551
f 5335 5551 5554
f 7179 7133 7134
f 7179 7134 7180
f 5334 5333 5552
f 5334 5552 5551
f 5549 5563 5548
f 5549 5548 5536
f 5563 5561 5546
f 5563 5546 5548
f 7177 7181 7182
f 7177 7182 7178
f 5561 5559 5544
f 5561 5544 5546
f 5559 5557 5542
f 5559 5542 5544
f 5557 5555 5540
f 5557 5540 5542
f 7181 7179 7180
f 7181 7180 7182
f 5555 5553 5538
f 5555 5538 5540
f 5553 5550 5535
f 5553 5535 5538
f 5550 5549 5536
f 5550 5536 5535
f 3982 3980 3979
f 3982 3979 3978
f 3981 3982 3978
f 3981 3978 3977
f 7183 3990 3944
f 7183 3944 3943
f 3937 3938 3990
f 3937 3990 3941
f 3940 3941 3990
f 3940 3990 7183
f 3942 3855 3841
f 3942 3841 3840
f 3836 4937 3996
f 3836 3996 3995
f 3837 3836 3995
f 3837 3995 3997
f 3991 3837 3997
f 3991 3997 3998
f 3987 3991 3998
f 3987 3998 3999
f 3983 3987 3999
f 3983 3999 4000
f 3984 3983 4000
f 3984 4000 4001
f 3989 3984 4001
f 3989 4001 4002
f 4937 3989 4002
f 4937 4002 3996
f 7184 7185 6431
f 7184 6431 6470
f 7186 7184 6470
f 7186 6470 6469
f 7187 7186 6469
f 7187 6469 6478
f 7188 7187 6478
f 7188 6478 6448
f 7189 7188 6448
f 7189 6448 6449
f 7190 7189 6449
f 7190 6449 6433
f 7191 7190 6433
f 7191 6433 6432
f 7185 7191 6432
f 7185 6432 6431
f 7192 7193 7194
f 7192 7194 7195
f 7196 7192 7195
f 7196 7195 7197
f 7198 7196 7197
f 7198 7197 7199
f 7200 7198 7199
f 7200 7199 7201
f 7202 7200 7201
f 7202 7201 7203
f 7204 7202 7203
f 7204 7203 7205
f 7206 7204 7205
f 7206 7205 7207
f 7207 7194 7193
f 7207 7193 7206
f 7208 7209 7210
f 7208 7210 7211
f 7212 7208 7211
f 7212 7211 7213
f 7132 7131 7214
f 7132 7214 7215
f 7216 7212 7213
f 7216 7213 7217
f 7218 7216 7217
f 7218 7217 7219
f 7220 7218 7219
f 7220 7219 7221
f 7134 7132 7215
f 7134 7215 7222
f 7223 7220 7221
f 7223 7221 7224
f 7225 7223 7224
f 7225 7224 7226
f 7226 7210 7209
f 7226 7209 7225
f 7131 7178 7227
f 7131 7227 7214
f 7228 7229 7210
f 7228 7210 7226
f 7230 7228 7226
f 7230 7226 7224
f 7231 7230 7224
f 7231 7224 7221
f 7180 7134 7222
f 7180 7222 7232
f 7233 7231 7221
f 7233 7221 7219
f 7234 7233 7219
f 7234 7219 7217
f 7235 7234 7217
f 7235 7217 7213
f 7236 7235 7213
f 7236 7213 7211
f 7229 7236 7211
f 7229 7211 7210
f 7237 7238 7229
f 7237 7229 7228
f 7239 7237 7228
f 7239 7228 7230
f 7240 7239 7230
f 7240 7230 7231
f 7241 7240 7231
f 7241 7231 7233
f 7242 7241 7233
f 7242 7233 7234
f 7243 7242 7234
f 7243 7234 7235
f 7244 7243 7235
f 7244 7235 7236
f 7238 7244 7236
f 7238 7236 7229
f 7245 7246 7238
f 7245 7238 7237
f 7247 7245 7237
f 7247 7237 7239
f 7248 7247 7239
f 7248 7239 7240
f 7249 7248 7240
f 7249 7240 7241
f 7250 7249 7241
f 7250 7241 7242
f 7251 7250 7242
f 7251 7242 7243
f 7252 7251 7243
f 7252 7243 7244
f 7246 7252 7244
f 7246 7244 7238
f 7253 7254 7246
f 7253 7246 7245
f 7255 7253 7245
f 7255 7245 7247
f 7256 7255 7247
f 7256 7247 7248
f 7257 7256 7248
f 7257 7248 7249
f 7258 7257 7249
f 7258 7249 7250
f 7259 7258 7250
f 7259 7250 7251
f 7260 7259 7251
f 7260 7251 7252
f 7254 7260 7252
f 7254 7252 7246
f 6471 6434 7254
f 6471 7254 7253
f 7261 6471 7253
f 7261 7253 7255
f 6477 7261 7255
f 6477 7255 7256
f 6446 6477 7256
f 6446 7256 7257
f 6447 6446 7257
f 6447 7257 7258
f 7262 6447 7258
f 7262 7258 7259
f 6437 7262 7259
f 6437 7259 7260
f 6434 6437 7260
f 6434 7260 7254
f 6465 6466 6475
f 6465 6475 6474
f 6490 6488 6441
f 6490 6441 6443
f 6466 6467 6476
f 6466 6476 6475
f 6492 6490 6443
f 6492 6443 6445
f 6464 6465 6474
f 6464 6474 6473
f 6488 6486 6439
f 6488 6439 6441
f 6467 6468 6477
f 6467 6477 6476
f 6494 6492 6445
f 6494 6445 6447
f 6463 6464 6473
f 6463 6473 6472
f 6486 6484 6436
f 6486 6436 6439
f 6468 6462 7261
f 6468 7261 6477
f 6481 6494 6447
f 6481 6447 7262
f 6461 6463 6472
f 6461 6472 6471
f 6484 6482 6437
f 6484 6437 6436
f 6462 6461 6471
f 6462 6471 7261
f 6482 6481 7262
f 6482 7262 6437
f 6708 7263 7264
f 6708 7264 6709
f 6710 7265 7266
f 6710 7266 6711
f 7263 6690 6692
f 7263 6692 7264
f 7265 6714 6688
f 7265 6688 7266
f 3844 3850 3833
f 3844 3833 3832
f 3845 3844 3832
f 3845 3832 3847
f 3856 3845 3847
f 3856 3847 3940
f 3993 3856 3940
f 3993 3940 7183
f 7267 7268 3781
f 7267 3781 3779
f 7268 7269 3777
f 7268 3777 3781
f 7270 7267 3779
f 7270 3779 3774
f 7269 7271 3769
f 7269 3769 3777
f 7272 7270 3774
f 7272 3774 3773
f 7271 7273 3770
f 7271 3770 3769
f 7274 7272 3773
f 7274 3773 3852
f 7273 7274 3852
f 7273 3852 3770
f 7275 7276 7268
f 7275 7268 7267
f 7276 7277 7269
f 7276 7269 7268
f 7278 7275 7267
f 7278 7267 7270
f 7277 7279 7271
f 7277 7271 7269
f 7280 7278 7270
f 7280 7270 7272
f 7279 7281 7273
f 7279 7273 7271
f 7282 7280 7272
f 7282 7272 7274
f 7281 7282 7274
f 7281 7274 7273
f 6700 6705 7276
f 6700 7276 7275
f 6705 6704 7277
f 6705 7277 7276
f 6701 6700 7275
f 6701 7275 7278
f 6704 6707 7279
f 6704 7279 7277
f 6710 6701 7278
f 6710 7278 7280
f 6707 6714 7281
f 6707 7281 7279
f 7265 6710 7280
f 7265 7280 7282
f 6714 7265 7282
f 6714 7282 7281
f 5901 6712 6706
f 5901 6706 6703
f 6712 6693 6691
f 6712 6691 6706
f 5902 5901 6703
f 5902 6703 6702
f 6705 6700 6703
f 6705 6703 6706
f 6708 5902 6702
f 6708 6702 6711
f 6712 5901 5904
f 6712 5904 6713
f 7263 6708 6711
f 7263 6711 7266
f 6690 7263 7266
f 6690 7266 6688
f 7283 7284 6713
f 7283 6713 5904
f 7284 7285 6695
f 7284 6695 6713
f 7286 7283 5904
f 7286 5904 5903
f 7285 7287 6694
f 7285 6694 6695
f 7288 7286 5903
f 7288 5903 6709
f 7287 7289 6692
f 7287 6692 6694
f 7290 7288 6709
f 7290 6709 7264
f 7289 7290 7264
f 7289 7264 6692
f 7291 7292 7284
f 7291 7284 7283
f 7292 7293 7285
f 7292 7285 7284
f 7294 7291 7283
f 7294 7283 7286
f 7293 7295 7287
f 7293 7287 7285
f 7296 7294 7286
f 7296 7286 7288
f 7295 7297 7289
f 7295 7289 7287
f 7298 7296 7288
f 7298 7288 7290
f 7297 7298 7290
f 7297 7290 7289
f 7299 7300 7292
f 7299 7292 7291
f 7300 7301 7293
f 7300 7293 7292
f 7302 7299 7291
f 7302 7291 7294
f 7301 7303 7295
f 7301 7295 7293
f 7304 7302 7294
f 7304 7294 7296
f 7303 7305 7297
f 7303 7297 7295
f 7306 7304 7296
f 7306 7296 7298
f 7305 7306 7298
f 7305 7298 7297
f 7307 7308 7300
f 7307 7300 7299
f 7308 7309 7301
f 7308 7301 7300
f 7310 7307 7299
f 7310 7299 7302
f 7309 7311 7303
f 7309 7303 7301
f 7312 7310 7302
f 7312 7302 7304
f 7311 7313 7305
f 7311 7305 7303
f 7314 7312 7304
f 7314 7304 7306
f 7313 7314 7306
f 7313 7306 7305
f 6757 6756 6749
f 6757 6749 6748
f 6760 6757 6748
f 6760 6748 6750
f 6762 6760 6750
f 6762 6750 6751
f 6764 6762 6751
f 6764 6751 6752
f 6766 6764 6752
f 6766 6752 6753
f 6768 6766 6753
f 6768 6753 6754
f 6770 6768 6754
f 6770 6754 6755
f 6756 6770 6755
f 6756 6755 6749
f 7178 7182 7315
f 7178 7315 7227
f 7182 7180 7232
f 7182 7232 7315
f 7316 7317 7318
f 7316 7318 7319
f 7320 7321 7322
f 7320 7322 7323
f 7321 7324 7325
f 7321 7325 7322
f 7317 7326 7327
f 7317 7327 7318
f 7324 7316 7319
f 7324 7319 7325
f 7326 7320 7323
f 7326 7323 7327
f 7328 7329 7330
f 7328 7330 7331
f 7332 7333 7334
f 7332 7334 7335
f 7336 7337 7338
f 7336 7338 7339
f 7340 7341 7342
f 7340 7342 7343
f 7337 7328 7331
f 7337 7331 7338
f 7333 7340 7343
f 7333 7343 7334
f 7344 7345 7346
f 7344 7346 7347
f 7348 7349 7350
f 7348 7350 7351
f 5574 5588 5573
f 5574 5573 5567
f 5588 5586 5572
f 5588 5572 5573
f 5586 5584 5571
f 5586 5571 5572
f 5584 5582 5570
f 5584 5570 5571
f 5582 5580 5569
f 5582 5569 5570
f 5580 5578 5568
f 5580 5568 5569
f 5578 5575 5566
f 5578 5566 5568
f 5575 5574 5567
f 5575 5567 5566
f 7352 7353 5433
f 7352 5433 5432
f 7354 7355 5437
f 7354 5437 5436
f 7356 7354 5436
f 7356 5436 5435
f 5429 7352 5432
f 5429 5432 5431
f 7353 7357 5434
f 7353 5434 5433
f 7355 5430 5438
f 7355 5438 5437
f 7357 7356 5435
f 7357 5435 5434
f 5430 5429 5431
f 5430 5431 5438
f 6783 6780 6351
f 6783 6351 5933
f 5930 6350 5869
f 5930 5869 5868
f 6780 6776 7358
f 6780 7358 6351
f 5920 5919 5875
f 5920 5875 5873
f 6789 6783 5933
f 6789 5933 5932
f 5931 5930 5868
f 5931 5868 5879
f 6776 6355 6778
f 6776 6778 7358
f 6366 6785 5922
f 6366 5922 5921
f 6785 6789 5932
f 6785 5932 5922
f 5919 5931 5879
f 5919 5879 5875
f 6355 6354 5928
f 6355 5928 6778
f 6777 5927 5872
f 6777 5872 5881
f 5414 5413 6350
f 5414 6350 6351
f 5417 5414 6351
f 5417 6351 7358
f 5413 5427 5869
f 5413 5869 6350
f 5419 5417 7358
f 5419 7358 6778
f 5427 5425 5877
f 5427 5877 5869
f 5421 5419 6778
f 5421 6778 6777
f 5425 5423 5881
f 5425 5881 5877
f 5423 5421 6777
f 5423 6777 5881
f 7356 7357 5331
f 7356 5331 5327
f 5318 5331 7357
f 5318 7357 7353
f 5416 5415 5438
f 5416 5438 5431
f 5322 5329 5430
f 5322 5430 7355
f 7359 7348 7351
f 7359 7351 7360
f 7361 7344 7347
f 7361 7347 7362
f 7345 7359 7360
f 7345 7360 7346
f 7349 7361 7362
f 7349 7362 7350
f 7363 7364 7365
f 7363 7365 7366
f 7367 7368 7369
f 7367 7369 7370
f 7371 7372 7373
f 7371 7373 7374
f 7375 7371 7374
f 7375 7374 7376
f 7377 7363 7366
f 7377 7366 7378
f 7364 7375 7376
f 7364 7376 7365
f 7341 7379 7380
f 7341 7380 7342
f 7381 7336 7339
f 7381 7339 7382
f 7383 7332 7335
f 7383 7335 7384
f 7329 7385 7386
f 7329 7386 7330
f 7379 7383 7384
f 7379 7384 7380
f 7385 7381 7382
f 7385 7382 7386
f 7317 7316 7387
f 7317 7387 7388
f 7321 7320 7389
f 7321 7389 7390
f 7324 7321 7390
f 7324 7390 7391
f 7326 7317 7388
f 7326 7388 7392
f 7316 7324 7391
f 7316 7391 7387
f 7320 7326 7392
f 7320 7392 7389
f 7327 7323 7393
f 7327 7393 7394
f 7394 7395 7318
f 7394 7318 7327
f 7323 7322 7396
f 7323 7396 7393
f 7395 7397 7319
f 7395 7319 7318
f 7322 7325 7398
f 7322 7398 7396
f 7397 7398 7325
f 7397 7325 7319
f 7398 7397 7373
f 7398 7373 7378
f 7396 7398 7378
f 7396 7378 7366
f 7397 7395 7374
f 7397 7374 7373
f 7393 7396 7366
f 7393 7366 7365
f 7395 7394 7376
f 7395 7376 7374
f 7394 7393 7365
f 7394 7365 7376
f 7372 7377 7378
f 7372 7378 7373
f 7367 7399 7375
f 7367 7375 7364
f 7399 7400 7371
f 7399 7371 7375
f 7363 7377 7401
f 7363 7401 7368
f 7377 7372 7402
f 7377 7402 7401
f 7364 7363 7368
f 7364 7368 7367
f 7340 7333 7328
f 7340 7328 7337
f 7337 7336 7341
f 7337 7341 7340
f 7333 7332 7329
f 7333 7329 7328
f 7336 7381 7379
f 7336 7379 7341
f 7332 7383 7385
f 7332 7385 7329
f 7381 7385 7383
f 7381 7383 7379
f 7338 7331 7350
f 7338 7350 7362
f 7362 7347 7339
f 7362 7339 7338
f 7331 7330 7351
f 7331 7351 7350
f 7347 7346 7382
f 7347 7382 7339
f 7330 7386 7360
f 7330 7360 7351
f 7346 7360 7386
f 7346 7386 7382
f 7361 7349 7403
f 7361 7403 7404
f 7404 7405 7344
f 7404 7344 7361
f 7349 7348 7406
f 7349 7406 7403
f 7405 7407 7345
f 7405 7345 7344
f 7348 7359 7408
f 7348 7408 7406
f 7407 7408 7359
f 7407 7359 7345
f 7408 7407 7409
f 7408 7409 7410
f 7406 7408 7410
f 7406 7410 7411
f 7407 7405 7412
f 7407 7412 7409
f 7403 7406 7411
f 7403 7411 7413
f 7405 7404 7414
f 7405 7414 7412
f 7404 7403 7413
f 7404 7413 7414
f 7215 7214 7415
f 7215 7415 7416
f 7222 7215 7416
f 7222 7416 7417
f 7214 7227 7418
f 7214 7418 7415
f 7232 7222 7417
f 7232 7417 7419
f 7227 7315 7420
f 7227 7420 7418
f 7315 7232 7419
f 7315 7419 7420
f 7421 7422 7423
f 7421 7423 7424
f 7422 7425 7426
f 7422 7426 7423
f 7427 7421 7424
f 7427 7424 7428
f 7425 7429 7430
f 7425 7430 7426
f 7431 7427 7428
f 7431 7428 7432
f 7429 7431 7432
f 7429 7432 7430
f 7416 7415 7424
f 7416 7424 7423
f 7417 7416 7423
f 7417 7423 7426
f 7415 7418 7428
f 7415 7428 7424
f 7419 7417 7426
f 7419 7426 7430
f 7418 7420 7432
f 7418 7432 7428
f 7420 7419 7430
f 7420 7430 7432
f 7422 7421 7433
f 7422 7433 7434
f 7425 7422 7434
f 7425 7434 7435
f 7421 7427 7436
f 7421 7436 7433
f 7429 7425 7435
f 7429 7435 7437
f 7427 7431 7438
f 7427 7438 7436
f 7431 7429 7437
f 7431 7437 7438
f 7439 7370 7440
f 7439 7440 7441
f 7442 7439 7441
f 7442 7441 7443
f 7368 7401 7444
f 7368 7444 7369
f 7445 7446 7447
f 7445 7447 7448
f 7448 7447 7449
f 7448 7449 7450
f 7444 7451 7452
f 7444 7452 7453
f 7413 7411 7441
f 7413 7441 7440
f 7452 7451 7442
f 7452 7442 7443
f 7451 7402 7400
f 7451 7400 7442
f 7400 7402 7372
f 7400 7372 7371
f 7440 7370 7369
f 7440 7369 7454
f 7369 7444 7453
f 7369 7453 7454
f 7401 7402 7451
f 7401 7451 7444
f 7411 7410 7443
f 7411 7443 7441
f 7399 7367 7370
f 7399 7370 7439
f 7400 7399 7439
f 7400 7439 7442
f 7412 7414 7449
f 7412 7449 7447
f 7409 7412 7447
f 7409 7447 7446
f 7452 7445 7433
f 7452 7433 7436
f 7437 7435 7450
f 7437 7450 7454
f 7443 7410 7409
f 7443 7409 7446
f 7414 7413 7440
f 7414 7440 7449
f 7435 7434 7448
f 7435 7448 7450
f 7434 7433 7445
f 7434 7445 7448
f 7450 7449 7440
f 7450 7440 7454
f 7452 7443 7446
f 7452 7446 7445
f 7436 7438 7453
f 7436 7453 7452
f 7438 7437 7454
f 7438 7454 7453
f 7455 7456 7457
f 7455 7457 7458
f 7459 7455 7458
f 7459 7458 7460
f 7461 7459 7460
f 7461 7460 7462
f 7463 7461 7462
f 7463 7462 7464
f 7465 7463 7464
f 7465 7464 7466
f 7467 7465 7466
f 7467 7466 7468
f 7469 7467 7468
f 7469 7468 7470
f 7456 7469 7470
f 7456 7470 7457
f 7467 7469 7471
f 7467 7471 7472
f 7465 7467 7472
f 7465 7472 7473
f 7463 7465 7473
f 7463 7473 7474
f 7461 7463 7474
f 7461 7474 7475
f 7475 7476 7459
f 7475 7459 7461
f 7455 7459 7476
f 7455 7476 7477
f 7456 7455 7477
f 7456 7477 7478
f 7469 7456 7478
f 7469 7478 7471
f 7479 7480 7477
f 7479 7477 7476
f 7481 7479 7476
f 7481 7476 7475
f 7482 7481 7475
f 7482 7475 7474
f 7483 7482 7474
f 7483 7474 7473
f 7484 7483 7473
f 7484 7473 7472
f 7485 7484 7472
f 7485 7472 7471
f 7480 7486 7478
f 7480 7478 7477
f 7486 7485 7471
f 7486 7471 7478
f 7485 7486 7487
f 7485 7487 7488
f 7484 7485 7488
f 7484 7488 7489
f 7483 7484 7489
f 7483 7489 7490
f 7482 7483 7490
f 7482 7490 7491
f 7481 7482 7491
f 7481 7491 7492
f 7492 7493 7479
f 7492 7479 7481
f 7480 7479 7493
f 7480 7493 7494
f 7486 7480 7494
f 7486 7494 7487
f 7495 7496 7497
f 7495 7497 7498
f 7499 7500 7501
f 7499 7501 7502
f 7503 7495 7498
f 7503 7498 7504
f 7500 7503 7504
f 7500 7504 7501
f 7505 7506 7507
f 7505 7507 7508
f 7506 7509 7510
f 7506 7510 7507
f 7511 7505 7508
f 7511 7508 7512
f 7509 7513 7514
f 7509 7514 7510
f 7515 7511 7512
f 7515 7512 7516
f 7513 7517 7518
f 7513 7518 7514
f 7519 7515 7516
f 7519 7516 7520
f 7517 7519 7520
f 7517 7520 7518
f 7521 7522 7506
f 7521 7506 7505
f 7522 7523 7509
f 7522 7509 7506
f 7524 7521 7505
f 7524 7505 7511
f 7523 7525 7513
f 7523 7513 7509
f 7526 7524 7511
f 7526 7511 7515
f 7525 7527 7517
f 7525 7517 7513
f 7528 7526 7515
f 7528 7515 7519
f 7527 7528 7519
f 7527 7519 7517
f 7529 7530 7522
f 7529 7522 7521
f 7530 7531 7523
f 7530 7523 7522
f 7532 7529 7521
f 7532 7521 7524
f 7531 7533 7525
f 7531 7525 7523
f 7534 7532 7524
f 7534 7524 7526
f 7533 7535 7527
f 7533 7527 7525
f 7536 7534 7526
f 7536 7526 7528
f 7535 7536 7528
f 7535 7528 7527
f 7496 7537 7538
f 7496 7538 7497
f 7537 7539 7540
f 7537 7540 7538
f 7539 7541 7542
f 7539 7542 7540
f 7541 7499 7502
f 7541 7502 7542
f 7543 7544 7545
f 7543 7545 7546
f 7544 7547 7548
f 7544 7548 7545
f 7547 7549 7550
f 7547 7550 7548
f 7549 7551 7552
f 7549 7552 7550
f 7551 7553 7554
f 7551 7554 7552
f 7553 7555 7556
f 7553 7556 7554
f 7555 7557 7558
f 7555 7558 7556
f 7557 7543 7546
f 7557 7546 7558
f 7500 7559 7560
f 7500 7560 7503
f 7496 7561 7562
f 7496 7562 7537
f 7562 7561 7563
f 7562 7563 7564
f 7495 7565 7561
f 7495 7561 7496
f 7566 7567 7568
f 7566 7568 7569
f 7567 7570 7571
f 7567 7571 7568
f 7572 7566 7569
f 7572 7569 7573
f 7570 7574 7575
f 7570 7575 7571
f 7576 7577 7578
f 7576 7578 7579
f 7580 7581 7542
f 7580 7542 7502
f 7579 7582 7583
f 7579 7583 7576
f 7584 7581 7558
f 7584 7558 7546
f 7577 7585 7559
f 7577 7559 7578
f 7580 7586 7554
f 7580 7554 7556
f 7582 7562 7564
f 7582 7564 7583
f 7587 7584 7546
f 7587 7546 7545
f 7588 7589 7544
f 7588 7544 7543
f 7589 7590 7547
f 7589 7547 7544
f 7590 7591 7549
f 7590 7549 7547
f 7591 7592 7551
f 7591 7551 7549
f 7592 7593 7553
f 7592 7553 7551
f 7593 7594 7555
f 7593 7555 7553
f 7595 7596 7597
f 7595 7597 7598
f 6979 6978 7599
f 6979 7599 7600
f 7601 7602 7603
f 7601 7603 7604
f 7605 7604 7603
f 7605 7603 7606
f 7594 7607 7557
f 7594 7557 7555
f 7543 7557 7607
f 7543 7607 7588
f 7497 7608 7609
f 7497 7609 7498
f 7498 7609 7610
f 7498 7610 7504
f 7538 7587 7608
f 7538 7608 7497
f 7504 7610 7586
f 7504 7586 7501
f 7586 7610 7552
f 7586 7552 7554
f 7611 7563 7561
f 7611 7561 7565
f 6956 6962 7612
f 6956 7612 7613
f 7614 7615 7616
f 7614 7616 7617
f 7618 7619 7615
f 7618 7615 7620
f 7621 7620 7615
f 7621 7615 7614
f 7622 40 26
f 7622 26 7623
f 7624 7623 26
f 7624 26 25
f 7608 7587 7545
f 7608 7545 7548
f 7565 7560 7625
f 7565 7625 7611
f 7624 25 47
f 7624 47 7626
f 7627 7626 47
f 7627 47 42
f 7610 7609 7550
f 7610 7550 7552
f 7609 7608 7548
f 7609 7548 7550
f 7627 42 41
f 7627 41 7628
f 7629 7628 41
f 7629 41 39
f 7569 7568 7630
f 7569 7630 7631
f 7568 7571 7632
f 7568 7632 7630
f 7633 7634 7635
f 7633 7635 7636
f 7637 7636 7635
f 7637 7635 7638
f 7639 7638 7635
f 7639 7635 7640
f 7641 7640 7635
f 7641 7635 7634
f 7637 7638 7642
f 7637 7642 7643
f 7644 7643 7642
f 7644 7642 7645
f 7646 7645 7642
f 7646 7642 7647
f 7639 7647 7642
f 7639 7642 7638
f 7648 7649 7650
f 7648 7650 7651
f 7652 7651 7650
f 7652 7650 7653
f 7654 7653 7650
f 7654 7650 7655
f 7656 7655 7650
f 7656 7650 7649
f 7648 7657 7658
f 7648 7658 7659
f 7660 7659 7658
f 7660 7658 7661
f 7662 7661 7658
f 7662 7658 7663
f 7664 7663 7658
f 7664 7658 7657
f 7660 7661 7665
f 7660 7665 7666
f 7667 7666 7665
f 7667 7665 7668
f 7669 7668 7665
f 7669 7665 7670
f 7662 7670 7665
f 7662 7665 7661
f 7652 7653 7671
f 7652 7671 7672
f 7667 7672 7671
f 7667 7671 7673
f 7674 7673 7671
f 7674 7671 7675
f 7654 7675 7671
f 7654 7671 7653
f 7676 7677 7678
f 7676 7678 7679
f 7680 7679 7678
f 7680 7678 7681
f 7682 7681 7678
f 7682 7678 7683
f 7684 7683 7678
f 7684 7678 7677
f 7680 7681 7685
f 7680 7685 7686
f 7687 7686 7685
f 7687 7685 7688
f 7689 7688 7685
f 7689 7685 7690
f 7682 7690 7685
f 7682 7685 7681
f 7691 7692 7693
f 7691 7693 7694
f 7695 7694 7693
f 7695 7693 7696
f 7697 7696 7693
f 7697 7693 7698
f 7699 7698 7693
f 7699 7693 7692
f 7700 7701 7702
f 7700 7702 7703
f 7704 7703 7702
f 7704 7702 7705
f 7706 7705 7702
f 7706 7702 7707
f 7708 7707 7702
f 7708 7702 7701
f 7700 7709 7710
f 7700 7710 7711
f 7695 7711 7710
f 7695 7710 7712
f 7713 7712 7710
f 7713 7710 7714
f 7715 7714 7710
f 7715 7710 7709
f 7691 7716 7717
f 7691 7717 7718
f 7704 7718 7717
f 7704 7717 7719
f 7720 7719 7717
f 7720 7717 7721
f 7722 7721 7717
f 7722 7717 7716
f 7573 7569 7631
f 7573 7631 7723
f 7571 7575 7724
f 7571 7724 7632
f 7725 7573 7723
f 7725 7723 7726
f 7575 7727 7728
f 7575 7728 7724
f 7729 7725 7726
f 7729 7726 7730
f 7727 7729 7730
f 7727 7730 7728
f 7731 7732 7733
f 7731 7733 7734
f 7735 7733 7732
f 7735 7732 7736
f 7737 7731 7734
f 7737 7734 7574
f 7572 7735 7736
f 7572 7736 7738
f 7739 7737 7574
f 7739 7574 7570
f 7566 7572 7738
f 7566 7738 7740
f 7741 7739 7570
f 7741 7570 7567
f 7567 7566 7740
f 7567 7740 7741
f 7588 7607 7493
f 7588 7493 7492
f 7592 7591 7489
f 7592 7489 7488
f 7742 7743 7744
f 7742 7744 7745
f 7746 7745 7744
f 7746 7744 7747
f 7748 7747 7744
f 7748 7744 7749
f 7750 7749 7744
f 7750 7744 7743
f 7560 7565 7495
f 7560 7495 7503
f 7562 7582 7539
f 7562 7539 7537
f 7751 7563 7611
f 7751 7611 7752
f 7752 7611 7625
f 7752 7625 7753
f 7751 7754 7564
f 7751 7564 7563
f 7755 7753 7625
f 7755 7625 7585
f 7754 7756 7583
f 7754 7583 7564
f 7757 7755 7585
f 7757 7585 7577
f 7756 7758 7576
f 7756 7576 7583
f 7758 7757 7577
f 7758 7577 7576
f 7584 7587 7538
f 7584 7538 7540
f 7560 7559 7585
f 7560 7585 7625
f 7759 7760 7531
f 7759 7531 7530
f 7761 7759 7530
f 7761 7530 7529
f 7737 7739 7753
f 7737 7753 7755
f 7586 7580 7502
f 7586 7502 7501
f 7734 7733 7729
f 7734 7729 7727
f 7582 7579 7541
f 7582 7541 7539
f 7756 7754 7738
f 7756 7738 7736
f 7581 7584 7540
f 7581 7540 7542
f 7733 7735 7725
f 7733 7725 7729
f 7578 7559 7500
f 7578 7500 7499
f 7581 7580 7556
f 7581 7556 7558
f 7579 7578 7499
f 7579 7499 7541
f 7754 7751 7740
f 7754 7740 7738
f 7574 7734 7727
f 7574 7727 7575
f 7732 7731 7757
f 7732 7757 7758
f 7762 7763 7631
f 7762 7631 7630
f 7735 7572 7573
f 7735 7573 7725
f 7764 7762 7630
f 7764 7630 7632
f 7607 7594 7494
f 7607 7494 7493
f 7763 7765 7723
f 7763 7723 7631
f 7591 7590 7490
f 7591 7490 7489
f 7766 7764 7632
f 7766 7632 7724
f 7751 7752 7741
f 7751 7741 7740
f 7589 7588 7492
f 7589 7492 7491
f 7758 7756 7736
f 7758 7736 7732
f 7593 7592 7488
f 7593 7488 7487
f 7594 7593 7487
f 7594 7487 7494
f 7765 7760 7726
f 7765 7726 7723
f 7590 7589 7491
f 7590 7491 7490
f 7761 7766 7724
f 7761 7724 7728
f 7753 7739 7741
f 7753 7741 7752
f 7731 7737 7755
f 7731 7755 7757
f 7760 7759 7730
f 7760 7730 7726
f 7759 7761 7728
f 7759 7728 7730
f 7763 7762 7536
f 7763 7536 7535
f 7762 7764 7534
f 7762 7534 7536
f 7765 7763 7535
f 7765 7535 7533
f 7764 7766 7532
f 7764 7532 7534
f 7760 7765 7533
f 7760 7533 7531
f 7766 7761 7529
f 7766 7529 7532
f 7064 6998 7001
f 7064 7001 7056
f 7067 6994 6997
f 7067 6997 7059
f 6999 7067 7059
f 6999 7059 7000
f 6995 7064 7056
f 6995 7056 6996
f 7767 7768 7769
f 7767 7769 7770
f 7771 7772 7773
f 7771 7773 7774
f 7770 7775 7776
f 7770 7776 7767
f 7774 7777 7778
f 7774 7778 7771
f 7644 7645 7779
f 7644 7779 7780
f 7781 7780 7779
f 7781 7779 7782
f 7783 7782 7779
f 7783 7779 7784
f 7646 7784 7779
f 7646 7779 7645
f 7633 7785 7786
f 7633 7786 7787
f 7781 7787 7786
f 7781 7786 7788
f 7789 7788 7786
f 7789 7786 7790
f 7791 7790 7786
f 7791 7786 7785
f 7792 7793 7794
f 7792 7794 7795
f 7796 7793 7792
f 7796 7792 7797
f 7798 7793 7796
f 7798 7796 7799
f 7800 7801 7802
f 7800 7802 7803
f 7804 7801 7800
f 7804 7800 7805
f 7806 7801 7804
f 7806 7804 7807
f 7802 7801 7806
f 7802 7806 7808
f 7809 7810 7804
f 7809 7804 7805
f 7811 7810 7809
f 7811 7809 7812
f 7813 7810 7811
f 7813 7811 7814
f 7804 7810 7813
f 7804 7813 7807
f 7815 7816 7817
f 7815 7817 7818
f 7819 7816 7815
f 7819 7815 7820
f 7821 7816 7819
f 7821 7819 7822
f 7817 7816 7821
f 7817 7821 7823
f 7824 7825 7826
f 7824 7826 7827
f 7817 7825 7824
f 7817 7824 7818
f 7828 7825 7817
f 7828 7817 7823
f 7826 7825 7828
f 7826 7828 7829
f 7830 7831 7832
f 7830 7832 7833
f 7834 7831 7830
f 7834 7830 7835
f 7836 7831 7834
f 7836 7834 7837
f 7832 7831 7836
f 7832 7836 7838
f 7839 7840 7841
f 7839 7841 7842
f 7832 7840 7839
f 7832 7839 7833
f 7843 7840 7832
f 7843 7832 7838
f 7841 7840 7843
f 7841 7843 7844
f 7845 7846 7847
f 7845 7847 7848
f 7849 7846 7845
f 7849 7845 7850
f 7851 7846 7849
f 7851 7849 7844
f 7847 7846 7851
f 7847 7851 7852
f 7853 7854 7849
f 7853 7849 7850
f 7855 7854 7853
f 7855 7853 7856
f 7841 7854 7855
f 7841 7855 7842
f 7849 7854 7841
f 7849 7841 7844
f 7857 7858 7855
f 7857 7855 7856
f 7859 7858 7857
f 7859 7857 7860
f 7861 7858 7859
f 7861 7859 7862
f 7855 7858 7861
f 7855 7861 7842
f 7863 7864 7859
f 7863 7859 7860
f 7865 7864 7863
f 7865 7863 7866
f 7867 7864 7865
f 7867 7865 7835
f 7859 7864 7867
f 7859 7867 7862
f 7868 7869 7865
f 7868 7865 7866
f 7870 7869 7868
f 7870 7868 7871
f 7834 7869 7870
f 7834 7870 7837
f 7865 7869 7834
f 7865 7834 7835
f 7872 7873 7870
f 7872 7870 7871
f 7847 7873 7872
f 7847 7872 7848
f 7874 7873 7847
f 7874 7847 7852
f 7870 7873 7874
f 7870 7874 7837
f 7875 7876 7877
f 7875 7877 7878
f 7879 7876 7875
f 7879 7875 7880
f 7845 7876 7879
f 7845 7879 7850
f 7877 7876 7845
f 7877 7845 7848
f 7881 7882 7879
f 7881 7879 7880
f 7883 7882 7881
f 7883 7881 7884
f 7853 7882 7883
f 7853 7883 7856
f 7879 7882 7853
f 7879 7853 7850
f 7885 7886 7883
f 7885 7883 7884
f 7887 7886 7885
f 7887 7885 7888
f 7857 7886 7887
f 7857 7887 7860
f 7883 7886 7857
f 7883 7857 7856
f 7889 7890 7887
f 7889 7887 7888
f 7891 7890 7889
f 7891 7889 7892
f 7863 7890 7891
f 7863 7891 7866
f 7887 7890 7863
f 7887 7863 7860
f 7893 7894 7891
f 7893 7891 7892
f 7895 7894 7893
f 7895 7893 7896
f 7868 7894 7895
f 7868 7895 7871
f 7891 7894 7868
f 7891 7868 7866
f 7897 7898 7895
f 7897 7895 7896
f 7877 7898 7897
f 7877 7897 7878
f 7872 7898 7877
f 7872 7877 7848
f 7895 7898 7872
f 7895 7872 7871
f 7899 7900 7901
f 7899 7901 7902
f 7903 7900 7899
f 7903 7899 7904
f 7905 7900 7903
f 7905 7903 7906
f 7901 7900 7905
f 7901 7905 7907
f 7908 7909 7903
f 7908 7903 7904
f 7910 7911 7912
f 7910 7912 7913
f 7901 7911 7910
f 7901 7910 7902
f 7914 7911 7901
f 7914 7901 7907
f 7912 7911 7914
f 7912 7914 7915
f 7916 7917 7918
f 7916 7918 7919
f 7920 7917 7916
f 7920 7916 7921
f 7899 7917 7920
f 7899 7920 7904
f 7918 7917 7899
f 7918 7899 7902
f 7922 7923 7920
f 7922 7920 7921
f 7924 7923 7922
f 7924 7922 7925
f 7908 7923 7924
f 7908 7924 7926
f 7920 7923 7908
f 7920 7908 7904
f 7927 7928 7924
f 7927 7924 7925
f 7929 7928 7927
f 7929 7927 7930
f 7931 7928 7929
f 7931 7929 7932
f 7924 7928 7931
f 7924 7931 7926
f 7933 7934 7929
f 7933 7929 7930
f 7935 7934 7933
f 7935 7933 7936
f 7937 7934 7935
f 7937 7935 7938
f 7929 7934 7937
f 7929 7937 7932
f 7939 7940 7935
f 7939 7935 7936
f 7941 7940 7939
f 7941 7939 7942
f 7943 7940 7941
f 7943 7941 7913
f 7935 7940 7943
f 7935 7943 7938
f 7944 7945 7941
f 7944 7941 7942
f 7918 7945 7944
f 7918 7944 7919
f 7910 7945 7918
f 7910 7918 7902
f 7941 7945 7910
f 7941 7910 7913
f 7875 7946 7947
f 7875 7947 7880
f 7948 7946 7875
f 7948 7875 7878
f 7905 7946 7948
f 7905 7948 7907
f 7947 7946 7905
f 7947 7905 7906
f 7881 7949 7950
f 7881 7950 7884
f 7947 7949 7881
f 7947 7881 7880
f 7951 7949 7947
f 7951 7947 7906
f 7950 7949 7951
f 7950 7951 7952
f 7885 7953 7954
f 7885 7954 7888
f 7950 7953 7885
f 7950 7885 7884
f 7955 7953 7950
f 7955 7950 7952
f 7954 7953 7955
f 7954 7955 7956
f 7889 7957 7958
f 7889 7958 7892
f 7954 7957 7889
f 7954 7889 7888
f 7959 7957 7954
f 7959 7954 7956
f 7958 7957 7959
f 7958 7959 7960
f 7893 7961 7962
f 7893 7962 7896
f 7958 7961 7893
f 7958 7893 7892
f 7963 7961 7958
f 7963 7958 7960
f 7962 7961 7963
f 7962 7963 7915
f 7897 7964 7948
f 7897 7948 7878
f 7962 7964 7897
f 7962 7897 7896
f 7914 7964 7962
f 7914 7962 7915
f 7948 7964 7914
f 7948 7914 7907
f 7965 7966 7967
f 7965 7967 7968
f 7969 7966 7965
f 7969 7965 7970
f 7971 7966 7969
f 7971 7969 7972
f 7967 7966 7971
f 7967 7971 7973
f 7974 7975 7976
f 7974 7976 7977
f 7967 7975 7974
f 7967 7974 7968
f 7978 7975 7967
f 7978 7967 7973
f 7976 7975 7978
f 7976 7978 7979
f 7980 7981 7982
f 7980 7982 7983
f 7984 7981 7980
f 7984 7980 7970
f 7985 7981 7984
f 7985 7984 7986
f 7982 7981 7985
f 7982 7985 7987
f 7988 7989 7990
f 7988 7990 7991
f 7992 7989 7988
f 7992 7988 7993
f 7994 7989 7992
f 7994 7992 7987
f 7990 7989 7994
f 7990 7994 7995
f 7996 7997 7992
f 7996 7992 7993
f 7998 7997 7996
f 7998 7996 7999
f 7982 7997 7998
f 7982 7998 7983
f 7992 7997 7982
f 7992 7982 7987
f 8000 8001 7998
f 8000 7998 7999
f 8002 8001 8000
f 8002 8000 8003
f 8004 8001 8002
f 8004 8002 7977
f 7998 8001 8004
f 7998 8004 7983
f 8005 8006 8002
f 8005 8002 8003
f 7990 8006 8005
f 7990 8005 7991
f 8007 8006 7990
f 8007 7990 7995
f 8002 8006 8007
f 8002 8007 7977
f 8008 8009 8010
f 8008 8010 8011
f 3849 3992 3942
f 3849 3942 3840
f 3992 3994 3943
f 3992 3943 3942
f 3850 3849 3840
f 3850 3840 3833
f 3994 3993 7183
f 3994 7183 3943
f 5319 5318 7353
f 5319 7353 7352
f 5323 5322 7355
f 5323 7355 7354
f 7352 5429 5325
f 7352 5325 5319
f 7354 7356 5327
f 7354 5327 5323
f 3869 8012 8013
f 3869 8013 3868
f 3867 3868 8013
f 3867 8013 5304
f 5301 5304 8013
f 5301 8013 8014
f 8015 8014 8013
f 8015 8013 8012
f 8016 8017 8018
f 8016 8018 8019
f 3869 8019 8018
f 3869 8018 8012
f 8015 8012 8018
f 8015 8018 8020
f 8021 8020 8018
f 8021 8018 8017
f 5269 8022 8023
f 5269 8023 5268
f 5267 5268 8023
f 5267 8023 8024
f 8025 8024 8023
f 8025 8023 8026
f 8027 8026 8023
f 8027 8023 8022
f 5281 8028 8029
f 5281 8029 5280
f 5269 5280 8029
f 5269 8029 8022
f 8027 8022 8029
f 8027 8029 8030
f 8031 8030 8029
f 8031 8029 8028
f 8032 8033 8034
f 8032 8034 8035
f 5282 8035 8034
f 5282 8034 5300
f 5294 5300 8034
f 5294 8034 8036
f 8037 8036 8034
f 8037 8034 8033
f 8037 8038 8039
f 8037 8039 8036
f 5294 8036 8039
f 5294 8039 5293
f 5274 5293 8039
f 5274 8039 8040
f 8041 8040 8039
f 8041 8039 8038
f 5301 8014 8042
f 5301 8042 5312
f 5309 5312 8042
f 5309 8042 3863
f 3862 3863 8042
f 3862 8042 8043
f 8015 8043 8042
f 8015 8042 8014
f 3862 8043 8044
f 3862 8044 8045
f 8046 8045 8044
f 8046 8044 8047
f 8021 8047 8044
f 8021 8044 8020
f 8015 8020 8044
f 8015 8044 8043
f 3864 8048 8049
f 3864 8049 5315
f 5309 5315 8049
f 5309 8049 5310
f 5314 5310 8049
f 5314 8049 8050
f 8051 8050 8049
f 8051 8049 8048
f 8052 8053 8054
f 8052 8054 8055
f 8046 8055 8054
f 8046 8054 8045
f 3862 8045 8054
f 3862 8054 3861
f 3858 3861 8054
f 3858 8054 8053
f 8056 8057 8058
f 8056 8058 8059
f 8060 8059 8058
f 8060 8058 8061
f 8062 8061 8058
f 8062 8058 8063
f 8064 8063 8058
f 8064 8058 8057
f 8060 8061 8065
f 8060 8065 8066
f 8067 8066 8065
f 8067 8065 8068
f 8069 8068 8065
f 8069 8065 8070
f 8062 8070 8065
f 8062 8065 8061
f 8067 8068 8071
f 8067 8071 8072
f 8073 8072 8071
f 8073 8071 8074
f 8075 8074 8071
f 8075 8071 8076
f 8069 8076 8071
f 8069 8071 8068
f 8073 8074 8077
f 8073 8077 8078
f 8079 8078 8077
f 8079 8077 8080
f 8081 8080 8077
f 8081 8077 8082
f 8075 8082 8077
f 8075 8077 8074
f 5306 8083 8084
f 5306 8084 5305
f 3867 5305 8084
f 3867 8084 3866
f 3864 3866 8084
f 3864 8084 8048
f 8051 8048 8084
f 8051 8084 8083
f 3858 8053 8085
f 3858 8085 3870
f 3869 3870 8085
f 3869 8085 8019
f 8016 8019 8085
f 8016 8085 8086
f 8052 8086 8085
f 8052 8085 8053
f 7742 8087 8088
f 7742 8088 8089
f 8090 8089 8088
f 8090 8088 8091
f 8092 8091 8088
f 8092 8088 8093
f 8094 8093 8088
f 8094 8088 8087
f 8092 8093 8095
f 8092 8095 8096
f 8097 8096 8095
f 8097 8095 8098
f 8099 8098 8095
f 8099 8095 8100
f 8094 8100 8095
f 8094 8095 8093
f 8101 8102 8103
f 8101 8103 8104
f 8105 8104 8103
f 8105 8103 8106
f 8090 8106 8103
f 8090 8103 8107
f 8108 8107 8103
f 8108 8103 8102
f 8092 8096 8109
f 8092 8109 8110
f 8111 8110 8109
f 8111 8109 8112
f 8113 8112 8109
f 8113 8109 8114
f 8097 8114 8109
f 8097 8109 8096
f 7748 8115 8116
f 7748 8116 7747
f 7746 7747 8116
f 7746 8116 8117
f 8105 8117 8116
f 8105 8116 8104
f 8101 8104 8116
f 8101 8116 8115
f 8111 8112 8118
f 8111 8118 8119
f 8120 8119 8118
f 8120 8118 8121
f 8122 8121 8118
f 8122 8118 8123
f 8113 8123 8118
f 8113 8118 8112
f 7746 8124 8125
f 7746 8125 7745
f 7742 7745 8125
f 7742 8125 8087
f 8094 8087 8125
f 8094 8125 8126
f 8120 8126 8125
f 8120 8125 8124
f 8094 8126 8127
f 8094 8127 8100
f 8099 8100 8127
f 8099 8127 8128
f 8122 8128 8127
f 8122 8127 8121
f 8120 8121 8127
f 8120 8127 8126
f 7662 8129 8130
f 7662 8130 7670
f 7669 7670 8130
f 7669 8130 8131
f 7713 8131 8130
f 7713 8130 8132
f 7722 8132 8130
f 7722 8130 8129
f 7706 8133 8134
f 7706 8134 7705
f 7704 7705 8134
f 7704 8134 7718
f 7691 7718 8134
f 7691 8134 7692
f 7699 7692 8134
f 7699 8134 8133
f 8135 8136 8137
f 8135 8137 8138
f 7715 8138 8137
f 7715 8137 7714
f 7713 7714 8137
f 7713 8137 8131
f 7669 8131 8137
f 7669 8137 8136
f 7695 7696 8139
f 7695 8139 7711
f 7700 7711 8139
f 7700 8139 7701
f 7708 7701 8139
f 7708 8139 8140
f 7697 8140 8139
f 7697 8139 7696
f 8141 8142 8143
f 8141 8143 8144
f 7720 8144 8143
f 7720 8143 8145
f 7715 8145 8143
f 7715 8143 8138
f 8135 8138 8143
f 8135 8143 8142
f 7720 8145 8146
f 7720 8146 7719
f 7704 7719 8146
f 7704 8146 7703
f 7700 7703 8146
f 7700 8146 7709
f 7715 7709 8146
f 7715 8146 8145
f 8141 8144 8147
f 8141 8147 8148
f 7662 8148 8147
f 7662 8147 8129
f 7722 8129 8147
f 7722 8147 7721
f 7720 7721 8147
f 7720 8147 8144
f 7713 8132 8149
f 7713 8149 7712
f 7695 7712 8149
f 7695 8149 7694
f 7691 7694 8149
f 7691 8149 7716
f 7722 7716 8149
f 7722 8149 8132
f 8150 8151 8152
f 8150 8152 8153
f 8154 8153 8152
f 8154 8152 8155
f 8156 8155 8152
f 8156 8152 8157
f 8158 8157 8152
f 8158 8152 8151
f 8159 8160 8161
f 8159 8161 8162
f 8163 8162 8161
f 8163 8161 8164
f 8154 8164 8161
f 8154 8161 8153
f 8150 8153 8161
f 8150 8161 8160
f 7629 6958 6977
f 7629 6977 7628
f 7627 7628 6977
f 7627 6977 6975
f 7613 7612 7617
f 7613 7617 7616
f 8165 7613 7616
f 8165 7616 8166
f 7627 6975 6973
f 7627 6973 7626
f 7624 7626 6973
f 7624 6973 6971
f 8167 7617 7612
f 8167 7612 8168
f 8168 8169 8170
f 8168 8170 8167
f 7624 6971 6968
f 7624 6968 7623
f 7622 7623 6968
f 7622 6968 6963
f 8171 8170 8169
f 8171 8169 8172
f 8172 8173 8174
f 8172 8174 8171
f 7622 6963 6959
f 7622 6959 8175
f 7629 8175 6959
f 7629 6959 6958
f 8176 8174 8173
f 8176 8173 8177
f 8177 8165 8166
f 8177 8166 8176
f 8178 8179 8180
f 8178 8180 8181
f 8182 8181 8180
f 8182 8180 8183
f 8163 8183 8180
f 8163 8180 8162
f 8159 8162 8180
f 8159 8180 8179
f 8158 8184 8185
f 8158 8185 8157
f 8156 8157 8185
f 8156 8185 8186
f 8182 8186 8185
f 8182 8185 8181
f 8178 8181 8185
f 8178 8185 8184
f 8187 8188 8189
f 8187 8189 8190
f 8150 8190 8189
f 8150 8189 8151
f 8158 8151 8189
f 8158 8189 8191
f 8192 8191 8189
f 8192 8189 8188
f 8193 8194 8195
f 8193 8195 8196
f 8159 8196 8195
f 8159 8195 8160
f 8150 8160 8195
f 8150 8195 8190
f 8187 8190 8195
f 8187 8195 8194
f 8197 8198 8199
f 8197 8199 8200
f 8178 8200 8199
f 8178 8199 8179
f 8159 8179 8199
f 8159 8199 8196
f 8193 8196 8199
f 8193 8199 8198
f 8192 8201 8202
f 8192 8202 8191
f 8158 8191 8202
f 8158 8202 8184
f 8178 8184 8202
f 8178 8202 8200
f 8197 8200 8202
f 8197 8202 8201
f 7697 7698 8203
f 7697 8203 8204
f 8187 8204 8203
f 8187 8203 8188
f 8192 8188 8203
f 8192 8203 8205
f 7699 8205 8203
f 7699 8203 7698
f 7708 8140 8206
f 7708 8206 8207
f 8193 8207 8206
f 8193 8206 8194
f 8187 8194 8206
f 8187 8206 8204
f 7697 8204 8206
f 7697 8206 8140
f 7706 7707 8208
f 7706 8208 8209
f 8197 8209 8208
f 8197 8208 8198
f 8193 8198 8208
f 8193 8208 8207
f 7708 8207 8208
f 7708 8208 7707
f 7699 8133 8210
f 7699 8210 8205
f 8192 8205 8210
f 8192 8210 8201
f 8197 8201 8210
f 8197 8210 8209
f 7706 8209 8210
f 7706 8210 8133
f 7775 8211 8212
f 7775 8212 7776
f 8213 8214 8215
f 8213 8215 8216
f 7777 8217 8218
f 7777 8218 7778
f 7768 8218 8217
f 7768 8217 7769
f 8219 8220 8221
f 8219 8221 8222
f 8223 8222 8221
f 8223 8221 8224
f 8041 8224 8221
f 8041 8221 8225
f 8226 8225 8221
f 8226 8221 8220
f 8227 8228 8229
f 8227 8229 8230
f 8231 8230 8229
f 8231 8229 8232
f 8233 8232 8229
f 8233 8229 8234
f 8235 8234 8229
f 8235 8229 8228
f 8235 8236 8237
f 8235 8237 8234
f 8233 8234 8237
f 8233 8237 8238
f 8239 8238 8237
f 8239 8237 8240
f 8241 8240 8237
f 8241 8237 8236
f 8242 8243 8244
f 8242 8244 8245
f 8239 8245 8244
f 8239 8244 8246
f 8247 8246 8244
f 8247 8244 8248
f 7656 8248 8244
f 7656 8244 8243
f 8231 8249 8250
f 8231 8250 8251
f 8242 8251 8250
f 8242 8250 8243
f 7656 8243 8250
f 7656 8250 7655
f 7654 7655 8250
f 7654 8250 8249
f 7667 7668 8252
f 7667 8252 7672
f 7652 7672 8252
f 7652 8252 8253
f 8254 8253 8252
f 8254 8252 8255
f 7669 8255 8252
f 7669 8252 7668
f 7674 8256 8257
f 7674 8257 7673
f 7667 7673 8257
f 7667 8257 7666
f 7660 7666 8257
f 7660 8257 8258
f 8247 8258 8257
f 8247 8257 8256
f 8247 8248 8259
f 8247 8259 8258
f 7660 8258 8259
f 7660 8259 7659
f 7648 7659 8259
f 7648 8259 7649
f 7656 7649 8259
f 7656 8259 8248
f 7652 8253 8260
f 7652 8260 7651
f 7648 7651 8260
f 7648 8260 7657
f 7664 7657 8260
f 7664 8260 8261
f 8254 8261 8260
f 8254 8260 8253
f 8262 8263 8264
f 8262 8264 8265
f 8266 8265 8264
f 8266 8264 8267
f 8268 8267 8264
f 8268 8264 8269
f 8270 8269 8264
f 8270 8264 8263
f 8099 8128 8271
f 8099 8271 8272
f 8266 8272 8271
f 8266 8271 8265
f 8262 8265 8271
f 8262 8271 8273
f 8122 8273 8271
f 8122 8271 8128
f 8274 8275 8276
f 8274 8276 8277
f 8262 8277 8276
f 8262 8276 8263
f 8270 8263 8276
f 8270 8276 8278
f 8279 8278 8276
f 8279 8276 8275
f 8113 8280 8281
f 8113 8281 8123
f 8122 8123 8281
f 8122 8281 8273
f 8262 8273 8281
f 8262 8281 8277
f 8274 8277 8281
f 8274 8281 8280
f 8274 8282 8283
f 8274 8283 8275
f 8279 8275 8283
f 8279 8283 8284
f 8285 8284 8283
f 8285 8283 8286
f 8287 8286 8283
f 8287 8283 8282
f 8097 8288 8289
f 8097 8289 8114
f 8113 8114 8289
f 8113 8289 8280
f 8274 8280 8289
f 8274 8289 8282
f 8287 8282 8289
f 8287 8289 8288
f 8287 8290 8291
f 8287 8291 8286
f 8285 8286 8291
f 8285 8291 8292
f 8268 8292 8291
f 8268 8291 8267
f 8266 8267 8291
f 8266 8291 8290
f 8097 8098 8293
f 8097 8293 8288
f 8287 8288 8293
f 8287 8293 8290
f 8266 8290 8293
f 8266 8293 8272
f 8099 8272 8293
f 8099 8293 8098
f 8294 8295 8296
f 8294 8296 8297
f 7676 8297 8296
f 7676 8296 7677
f 7684 7677 8296
f 7684 8296 8298
f 8299 8298 8296
f 8299 8296 8295
f 7687 7688 8300
f 7687 8300 8301
f 8294 8301 8300
f 8294 8300 8295
f 8299 8295 8300
f 8299 8300 8302
f 7689 8302 8300
f 7689 8300 7688
f 8303 8304 8305
f 8303 8305 8306
f 7687 8306 8305
f 7687 8305 7686
f 7680 7686 8305
f 7680 8305 8307
f 8308 8307 8305
f 8308 8305 8304
f 8308 8309 8310
f 8308 8310 8307
f 7680 8307 8310
f 7680 8310 7679
f 7676 7679 8310
f 7676 8310 8311
f 8312 8311 8310
f 8312 8310 8309
f 8313 8314 8315
f 8313 8315 8316
f 8317 8316 8315
f 8317 8315 8318
f 8319 8318 8315
f 8319 8315 8320
f 8321 8320 8315
f 8321 8315 8314
f 8322 8323 8324
f 8322 8324 8325
f 8326 8325 8324
f 8326 8324 8327
f 8317 8327 8324
f 8317 8324 8316
f 8313 8316 8324
f 8313 8324 8323
f 8326 8328 8329
f 8326 8329 8330
f 8331 8330 8329
f 8331 8329 8332
f 8279 8332 8329
f 8279 8329 8278
f 8270 8278 8329
f 8270 8329 8328
f 8331 8332 8333
f 8331 8333 8334
f 8319 8334 8333
f 8319 8333 8335
f 8285 8335 8333
f 8285 8333 8284
f 8279 8284 8333
f 8279 8333 8332
f 8336 8337 8338
f 8336 8338 8339
f 8340 8339 8338
f 8340 8338 8341
f 7684 8341 8338
f 7684 8338 7683
f 7682 7683 8338
f 7682 8338 8337
f 8342 8343 8344
f 8342 8344 8345
f 8299 8345 8344
f 8299 8344 8298
f 7684 8298 8344
f 7684 8344 8341
f 8340 8341 8344
f 8340 8344 8343
f 8346 8347 8348
f 8346 8348 8349
f 7689 8349 8348
f 7689 8348 8302
f 8299 8302 8348
f 8299 8348 8345
f 8342 8345 8348
f 8342 8348 8347
f 8346 8349 8350
f 8346 8350 8351
f 8336 8351 8350
f 8336 8350 8337
f 7682 8337 8350
f 7682 8350 7690
f 7689 7690 8350
f 7689 8350 8349
f 8352 8353 8354
f 8352 8354 8355
f 8356 8355 8354
f 8356 8354 8357
f 8358 8357 8354
f 8358 8354 8359
f 8360 8359 8354
f 8360 8354 8353
f 8052 8055 8361
f 8052 8361 8362
f 7748 8362 8361
f 7748 8361 8115
f 8101 8115 8361
f 8101 8361 8363
f 8046 8363 8361
f 8046 8361 8055
f 8046 8047 8364
f 8046 8364 8363
f 8101 8363 8364
f 8101 8364 8102
f 8108 8102 8364
f 8108 8364 8365
f 8021 8365 8364
f 8021 8364 8047
f 8016 8366 8367
f 8016 8367 8017
f 8021 8017 8367
f 8021 8367 8365
f 8108 8365 8367
f 8108 8367 8368
f 7750 8368 8367
f 7750 8367 8366
f 8369 8370 8371
f 8369 8371 8372
f 8373 8372 8371
f 8373 8371 8374
f 8375 8374 8371
f 8375 8371 8376
f 8135 8376 8371
f 8135 8371 8370
f 8254 8255 8377
f 8254 8377 8378
f 8369 8378 8377
f 8369 8377 8370
f 8135 8370 8377
f 8135 8377 8136
f 7669 8136 8377
f 7669 8377 8255
f 8379 8380 8381
f 8379 8381 8382
f 8375 8382 8381
f 8375 8381 8383
f 8384 8383 8381
f 8384 8381 8385
f 8303 8385 8381
f 8303 8381 8380
f 8156 8186 8386
f 8156 8386 8155
f 8154 8155 8386
f 8154 8386 8164
f 8163 8164 8386
f 8163 8386 8183
f 8182 8183 8386
f 8182 8386 8186
f 8387 8388 8389
f 8387 8389 8390
f 8379 8390 8389
f 8379 8389 8380
f 8303 8380 8389
f 8303 8389 8304
f 8308 8304 8389
f 8308 8389 8388
f 7664 8391 8392
f 7664 8392 7663
f 7662 7663 8392
f 7662 8392 8148
f 8141 8148 8392
f 8141 8392 8393
f 8394 8393 8392
f 8394 8392 8391
f 8394 8395 8396
f 8394 8396 8397
f 8387 8397 8396
f 8387 8396 8398
f 8373 8398 8396
f 8373 8396 8372
f 8369 8372 8396
f 8369 8396 8395
f 7664 8261 8399
f 7664 8399 8391
f 8394 8391 8399
f 8394 8399 8395
f 8369 8395 8399
f 8369 8399 8378
f 8254 8378 8399
f 8254 8399 8261
f 8052 8362 8400
f 8052 8400 8401
f 8402 8401 8400
f 8402 8400 8403
f 8404 8403 8400
f 8404 8400 8405
f 7748 8405 8400
f 7748 8400 8362
f 7748 7749 8406
f 7748 8406 8405
f 8404 8405 8406
f 8404 8406 8407
f 8408 8407 8406
f 8408 8406 8409
f 7750 8409 8406
f 7750 8406 7749
f 7750 8366 8410
f 7750 8410 8409
f 8408 8409 8410
f 8408 8410 8411
f 8412 8411 8410
f 8412 8410 8413
f 8016 8413 8410
f 8016 8410 8366
f 8016 8086 8414
f 8016 8414 8413
f 8412 8413 8414
f 8412 8414 8415
f 8402 8415 8414
f 8402 8414 8401
f 8052 8401 8414
f 8052 8414 8086
f 8402 8403 8416
f 8402 8416 8417
f 8418 8417 8416
f 8418 8416 8419
f 8420 8419 8416
f 8420 8416 8421
f 8404 8421 8416
f 8404 8416 8403
f 8404 8407 8422
f 8404 8422 8421
f 8420 8421 8422
f 8420 8422 8423
f 8424 8423 8422
f 8424 8422 8425
f 8408 8425 8422
f 8408 8422 8407
f 8408 8411 8426
f 8408 8426 8425
f 8424 8425 8426
f 8424 8426 8427
f 8428 8427 8426
f 8428 8426 8429
f 8412 8429 8426
f 8412 8426 8411
f 8412 8415 8430
f 8412 8430 8429
f 8428 8429 8430
f 8428 8430 8431
f 8418 8431 8430
f 8418 8430 8417
f 8402 8417 8430
f 8402 8430 8415
f 8418 8419 8432
f 8418 8432 8433
f 8434 8433 8432
f 8434 8432 8435
f 8436 8435 8432
f 8436 8432 8437
f 8420 8437 8432
f 8420 8432 8419
f 8420 8423 8438
f 8420 8438 8437
f 8436 8437 8438
f 8436 8438 8439
f 8440 8439 8438
f 8440 8438 8441
f 8424 8441 8438
f 8424 8438 8423
f 8424 8427 8442
f 8424 8442 8441
f 8440 8441 8442
f 8440 8442 8443
f 8444 8443 8442
f 8444 8442 8445
f 8428 8445 8442
f 8428 8442 8427
f 8428 8431 8446
f 8428 8446 8445
f 8444 8445 8446
f 8444 8446 8447
f 8434 8447 8446
f 8434 8446 8433
f 8418 8433 8446
f 8418 8446 8431
f 8031 8448 8449
f 8031 8449 8450
f 8451 8452 8453
f 8451 8453 8454
f 8455 8454 8453
f 8455 8453 8456
f 8457 8458 8449
f 8457 8449 8448
f 8027 8030 8459
f 8027 8459 8460
f 8461 8462 8463
f 8461 8463 8464
f 8451 8464 8463
f 8451 8463 8452
f 8031 8450 8459
f 8031 8459 8030
f 8025 8026 8465
f 8025 8465 8466
f 8467 8468 8469
f 8467 8469 8470
f 8461 8470 8469
f 8461 8469 8462
f 8027 8460 8465
f 8027 8465 8026
f 8457 8471 8472
f 8457 8472 8458
f 8455 8456 8473
f 8455 8473 8474
f 8467 8474 8473
f 8467 8473 8468
f 8025 8466 8472
f 8025 8472 8471
f 8475 8476 8477
f 8475 8477 8478
f 8479 8478 8477
f 8479 8477 8480
f 5306 8480 8477
f 5306 8477 8083
f 8051 8083 8477
f 8051 8477 8476
f 8481 8482 8483
f 8481 8483 8484
f 8475 8484 8483
f 8475 8483 8476
f 8051 8476 8483
f 8051 8483 8050
f 5314 8050 8483
f 5314 8483 8482
f 8485 8486 8487
f 8485 8487 8488
f 8481 8488 8487
f 8481 8487 8482
f 5314 8482 8487
f 5314 8487 5313
f 5308 5313 8487
f 5308 8487 8486
f 8479 8480 8489
f 8479 8489 8490
f 8485 8490 8489
f 8485 8489 8486
f 5308 8486 8489
f 5308 8489 5307
f 5306 5307 8489
f 5306 8489 8480
f 8491 8492 7931
f 8491 7931 7932
f 7955 8492 8491
f 7955 8491 7956
f 8493 8492 7955
f 8493 7955 7952
f 7937 8494 8491
f 7937 8491 7932
f 8495 8494 7937
f 8495 7937 7938
f 7959 8494 8495
f 7959 8495 7960
f 8491 8494 7959
f 8491 7959 7956
f 7943 8496 8495
f 7943 8495 7938
f 7912 8496 7943
f 7912 7943 7913
f 7963 8496 7912
f 7963 7912 7915
f 8495 8496 7963
f 8495 7963 7960
f 8497 8498 7314
f 8497 7314 7313
f 8499 7312 7314
f 8499 7314 8498
f 8500 7307 7310
f 8500 7310 8501
f 8499 8501 7310
f 8499 7310 7312
f 8502 7309 7308
f 8502 7308 8503
f 8500 8503 7308
f 8500 7308 7307
f 8502 8504 7311
f 8502 7311 7309
f 8497 7313 7311
f 8497 7311 8504
f 8505 8506 8507
f 8505 8507 8508
f 8497 8508 8507
f 8497 8507 8498
f 8499 8498 8507
f 8499 8507 8509
f 8510 8509 8507
f 8510 8507 8506
f 8511 8512 8513
f 8511 8513 8514
f 8510 8514 8513
f 8510 8513 8509
f 8499 8509 8513
f 8499 8513 8501
f 8500 8501 8513
f 8500 8513 8512
f 8515 8516 8517
f 8515 8517 8518
f 8511 8518 8517
f 8511 8517 8512
f 8500 8512 8517
f 8500 8517 8503
f 8502 8503 8517
f 8502 8517 8516
f 8515 8519 8520
f 8515 8520 8516
f 8502 8516 8520
f 8502 8520 8504
f 8497 8504 8520
f 8497 8520 8508
f 8505 8508 8520
f 8505 8520 8519
f 8511 8521 8522
f 8511 8522 8523
f 8524 8523 8522
f 8524 8522 8525
f 8526 8525 8522
f 8526 8522 8527
f 8528 8527 8522
f 8528 8522 8521
f 8510 8529 8530
f 8510 8530 8514
f 8511 8514 8530
f 8511 8530 8521
f 8528 8521 8530
f 8528 8530 8531
f 8532 8531 8530
f 8532 8530 8529
f 8524 8533 8534
f 8524 8534 8523
f 8511 8523 8534
f 8511 8534 8518
f 8515 8518 8534
f 8515 8534 8535
f 8536 8535 8534
f 8536 8534 8533
f 8493 7909 7908
f 8493 7908 7926
f 7951 7909 8493
f 7951 8493 7952
f 7903 7909 7951
f 7903 7951 7906
f 7931 8492 8493
f 7931 8493 7926
f 8515 8535 8537
f 8515 8537 8538
f 8539 8538 8537
f 8539 8537 8540
f 8541 8540 8537
f 8541 8537 8542
f 8536 8542 8537
f 8536 8537 8535
f 8505 8519 8543
f 8505 8543 8544
f 8545 8544 8543
f 8545 8543 8546
f 8539 8546 8543
f 8539 8543 8538
f 8515 8538 8543
f 8515 8543 8519
f 8528 8547 8548
f 8528 8548 8527
f 8526 8527 8548
f 8526 8548 8549
f 8541 8549 8548
f 8541 8548 8540
f 8539 8540 8548
f 8539 8548 8547
f 8545 8546 8550
f 8545 8550 8551
f 8532 8551 8550
f 8532 8550 8531
f 8528 8531 8550
f 8528 8550 8547
f 8539 8547 8550
f 8539 8550 8546
f 8552 8553 5253
f 8552 5253 5255
f 8554 5254 5253
f 8554 5253 8553
f 8555 5259 5260
f 8555 5260 8556
f 8554 8556 5260
f 8554 5260 5254
f 8557 5257 5258
f 8557 5258 8558
f 8555 8558 5258
f 8555 5258 5259
f 8557 8559 5256
f 8557 5256 5257
f 8552 5255 5256
f 8552 5256 8559
f 8560 8561 8562
f 8560 8562 8563
f 8552 8563 8562
f 8552 8562 8553
f 8554 8553 8562
f 8554 8562 8564
f 8565 8564 8562
f 8565 8562 8561
f 8566 8567 8568
f 8566 8568 8569
f 8565 8569 8568
f 8565 8568 8564
f 8554 8564 8568
f 8554 8568 8556
f 8555 8556 8568
f 8555 8568 8567
f 8570 8571 8572
f 8570 8572 8573
f 8566 8573 8572
f 8566 8572 8567
f 8555 8567 8572
f 8555 8572 8558
f 8557 8558 8572
f 8557 8572 8571
f 8570 8574 8575
f 8570 8575 8571
f 8557 8571 8575
f 8557 8575 8559
f 8552 8559 8575
f 8552 8575 8563
f 8560 8563 8575
f 8560 8575 8574
f 8576 8009 8008
f 8576 8008 8577
f 7988 8009 8576
f 7988 8576 7993
f 8010 8009 7988
f 8010 7988 7991
f 8578 8579 8576
f 8578 8576 8577
f 8565 8561 8580
f 8565 8580 8581
f 8582 8583 8584
f 8582 8584 8585
f 8586 8582 8585
f 8586 8585 8587
f 8560 8588 8580
f 8560 8580 8561
f 8570 8589 8590
f 8570 8590 8574
f 8560 8574 8590
f 8560 8590 8591
f 8592 8591 8590
f 8592 8590 8593
f 8594 8593 8590
f 8594 8590 8589
f 8560 8591 8595
f 8560 8595 8588
f 8596 8597 8598
f 8596 8598 8599
f 8597 8586 8587
f 8597 8587 8598
f 8592 8600 8595
f 8592 8595 8591
f 8594 8601 8602
f 8594 8602 8593
f 8592 8593 8602
f 8592 8602 8603
f 8604 8603 8602
f 8604 8602 8605
f 8606 8605 8602
f 8606 8602 8601
f 8604 8607 8608
f 8604 8608 8603
f 8592 8603 8608
f 8592 8608 8600
f 8609 8610 8611
f 8609 8611 8612
f 8610 8596 8599
f 8610 8599 8611
f 8566 8569 8613
f 8566 8613 8614
f 8606 8614 8613
f 8606 8613 8605
f 8604 8605 8613
f 8604 8613 8615
f 8565 8615 8613
f 8565 8613 8569
f 8565 8581 8616
f 8565 8616 8615
f 8604 8615 8616
f 8604 8616 8607
f 8617 8584 8583
f 8617 8583 8618
f 8618 8609 8612
f 8618 8612 8617
f 8619 8620 8621
f 8619 8621 8622
f 8623 8624 8625
f 8623 8625 8626
f 8627 8626 8625
f 8627 8625 8628
f 8629 8630 8621
f 8629 8621 8620
f 8461 8464 8631
f 8461 8631 8632
f 8619 8632 8631
f 8619 8631 8620
f 8629 8620 8631
f 8629 8631 8633
f 8451 8633 8631
f 8451 8631 8464
f 8623 8634 8635
f 8623 8635 8624
f 8619 8622 8636
f 8619 8636 8637
f 8638 8637 8636
f 8638 8636 8639
f 8640 8641 8635
f 8640 8635 8634
f 8638 8642 8643
f 8638 8643 8637
f 8619 8637 8643
f 8619 8643 8632
f 8461 8632 8643
f 8461 8643 8470
f 8467 8470 8643
f 8467 8643 8642
f 8638 8639 8644
f 8638 8644 8645
f 8646 8645 8644
f 8646 8644 8647
f 8648 8649 8650
f 8648 8650 8651
f 8640 8651 8650
f 8640 8650 8641
f 8467 8642 8652
f 8467 8652 8474
f 8455 8474 8652
f 8455 8652 8653
f 8646 8653 8652
f 8646 8652 8645
f 8638 8645 8652
f 8638 8652 8642
f 8627 8628 8654
f 8627 8654 8655
f 8648 8655 8654
f 8648 8654 8649
f 8646 8647 8656
f 8646 8656 8657
f 8629 8657 8656
f 8629 8656 8630
f 8646 8657 8658
f 8646 8658 8653
f 8455 8653 8658
f 8455 8658 8454
f 8451 8454 8658
f 8451 8658 8633
f 8629 8633 8658
f 8629 8658 8657
f 8532 8529 8659
f 8532 8659 8660
f 8627 8661 8662
f 8627 8662 8626
f 8623 8626 8662
f 8623 8662 8663
f 8510 8664 8659
f 8510 8659 8529
f 8505 8665 8666
f 8505 8666 8506
f 8510 8506 8666
f 8510 8666 8664
f 8623 8663 8667
f 8623 8667 8634
f 8640 8634 8667
f 8640 8667 8668
f 8545 8669 8670
f 8545 8670 8544
f 8505 8544 8670
f 8505 8670 8665
f 8640 8668 8671
f 8640 8671 8651
f 8648 8651 8671
f 8648 8671 8672
f 8545 8551 8673
f 8545 8673 8669
f 8648 8672 8674
f 8648 8674 8655
f 8627 8655 8674
f 8627 8674 8661
f 8532 8660 8673
f 8532 8673 8551
f 8675 8676 8677
f 8675 8677 8678
f 8679 8678 8677
f 8679 8677 8680
f 8681 8682 8598
f 8681 8598 8587
f 8608 8607 8586
f 8608 8586 8597
f 8682 8683 8599
f 8682 8599 8598
f 8600 8608 8597
f 8600 8597 8596
f 8679 8680 8684
f 8679 8684 8685
f 8686 8685 8684
f 8686 8684 8687
f 8688 8681 8587
f 8688 8587 8585
f 8607 8616 8582
f 8607 8582 8586
f 8686 8687 8689
f 8686 8689 8690
f 8691 8690 8689
f 8691 8689 8692
f 8683 8693 8611
f 8683 8611 8599
f 8691 8692 8694
f 8691 8694 8695
f 8675 8695 8694
f 8675 8694 8676
f 8595 8600 8596
f 8595 8596 8610
f 8566 8696 8697
f 8566 8697 8573
f 8570 8573 8697
f 8570 8697 8698
f 8699 8700 8701
f 8699 8701 8702
f 8700 8703 8704
f 8700 8704 8701
f 8594 8589 8705
f 8594 8705 8706
f 8707 8708 8709
f 8707 8709 8710
f 8710 8704 8703
f 8710 8703 8707
f 8570 8698 8705
f 8570 8705 8589
f 8606 8601 8711
f 8606 8711 8712
f 8713 8714 8715
f 8713 8715 8716
f 8716 8709 8708
f 8716 8708 8713
f 8594 8706 8711
f 8594 8711 8601
f 8606 8712 8717
f 8606 8717 8614
f 8566 8614 8717
f 8566 8717 8696
f 8718 8715 8714
f 8718 8714 8719
f 8719 8699 8702
f 8719 8702 8718
f 8526 8720 8721
f 8526 8721 8525
f 8524 8525 8721
f 8524 8721 8722
f 8723 8722 8721
f 8723 8721 8724
f 8725 8724 8721
f 8725 8721 8720
f 8536 8533 8726
f 8536 8726 8727
f 8728 8727 8726
f 8728 8726 8729
f 8723 8729 8726
f 8723 8726 8722
f 8524 8722 8726
f 8524 8726 8533
f 8541 8542 8730
f 8541 8730 8731
f 8732 8731 8730
f 8732 8730 8733
f 8728 8733 8730
f 8728 8730 8727
f 8536 8727 8730
f 8536 8730 8542
f 8541 8731 8734
f 8541 8734 8549
f 8526 8549 8734
f 8526 8734 8720
f 8725 8720 8734
f 8725 8734 8735
f 8732 8735 8734
f 8732 8734 8731
f 8736 8737 8710
f 8736 8710 8709
f 8711 8706 8708
f 8711 8708 8707
f 8737 8741 8704
f 8737 8704 8710
f 8712 8711 8707
f 8712 8707 8703
f 8742 8736 8709
f 8742 8709 8716
f 8706 8705 8713
f 8706 8713 8708
f 8741 8743 8701
f 8741 8701 8704
f 8717 8712 8703
f 8717 8703 8700
f 8744 8745 8746
f 8744 8746 8747
f 8748 8747 8746
f 8748 8746 8749
f 8750 8749 8746
f 8750 8746 8751
f 8752 8751 8746
f 8752 8746 8745
f 8753 8754 8755
f 8753 8755 8756
f 8744 8756 8755
f 8744 8755 8745
f 8752 8745 8755
f 8752 8755 8757
f 8758 8757 8755
f 8758 8755 8754
f 8759 8760 8761
f 8759 8761 8762
f 8753 8762 8761
f 8753 8761 8754
f 8758 8754 8761
f 8758 8761 8763
f 8764 8763 8761
f 8764 8761 8760
f 8748 8749 8765
f 8748 8765 8766
f 8759 8766 8765
f 8759 8765 8760
f 8764 8760 8765
f 8764 8765 8767
f 8750 8767 8765
f 8750 8765 8749
f 7618 8768 8769
f 7618 8769 7619
f 8770 8771 8167
f 8770 8167 8170
f 6967 6970 8169
f 6967 8169 8168
f 8772 8773 8769
f 8772 8769 8768
f 8772 8774 8775
f 8772 8775 8773
f 8771 7614 7617
f 8771 7617 8167
f 6962 6967 8168
f 6962 8168 7612
f 8776 8770 8775
f 8776 8775 8774
f 8776 8777 8771
f 8776 8771 8770
f 8775 8770 8170
f 8775 8170 8171
f 6970 6972 8172
f 6970 8172 8169
f 7621 7614 8771
f 7621 8771 8777
f 7629 39 38
f 7629 38 8175
f 7622 8175 38
f 7622 38 40
f 8434 8435 8778
f 8434 8778 8779
f 8780 8779 8778
f 8780 8778 8781
f 8782 8781 8778
f 8782 8778 8783
f 8436 8783 8778
f 8436 8778 8435
f 8784 8785 8786
f 8784 8786 8787
f 7597 8788 8789
f 7597 8789 7600
f 7598 7597 7600
f 7598 7600 7599
f 8790 7595 8786
f 8790 8786 8785
f 8436 8439 8791
f 8436 8791 8783
f 8782 8783 8791
f 8782 8791 8792
f 8793 8792 8791
f 8793 8791 8794
f 8440 8794 8791
f 8440 8791 8439
f 8790 8795 7596
f 8790 7596 7595
f 8796 7598 7599
f 8796 7599 8797
f 8797 8798 8799
f 8797 8799 8796
f 7605 7606 7596
f 7605 7596 8795
f 8440 8443 8800
f 8440 8800 8794
f 8793 8794 8800
f 8793 8800 8801
f 8802 8801 8800
f 8802 8800 8803
f 8444 8803 8800
f 8444 8800 8443
f 8090 8107 8804
f 8090 8804 8089
f 7742 8089 8804
f 7742 8804 7743
f 7750 7743 8804
f 7750 8804 8368
f 8108 8368 8804
f 8108 8804 8107
f 8444 8447 8805
f 8444 8805 8803
f 8802 8803 8805
f 8802 8805 8806
f 8780 8806 8805
f 8780 8805 8779
f 8434 8779 8805
f 8434 8805 8447
f 7601 8807 8808
f 7601 8808 7602
f 8809 8799 8798
f 8809 8798 8810
f 8810 8811 8812
f 8810 8812 8809
f 8784 8787 8808
f 8784 8808 8807
f 8790 8785 8813
f 8790 8813 8814
f 8815 8814 8813
f 8815 8813 8816
f 8817 8816 8813
f 8817 8813 8818
f 8784 8818 8813
f 8784 8813 8785
f 7605 8795 8819
f 7605 8819 8820
f 8821 8820 8819
f 8821 8819 8822
f 8815 8822 8819
f 8815 8819 8814
f 8790 8814 8819
f 8790 8819 8795
f 8821 8823 8824
f 8821 8824 8820
f 7605 8820 8824
f 7605 8824 7604
f 7601 7604 8824
f 7601 8824 8825
f 7791 8825 8824
f 7791 8824 8823
f 7791 8826 8827
f 7791 8827 8825
f 7601 8825 8827
f 7601 8827 8807
f 8784 8807 8827
f 8784 8827 8818
f 8817 8818 8827
f 8817 8827 8826
f 8828 8829 8830
f 8828 8830 8831
f 7618 8831 8830
f 7618 8830 8768
f 8772 8768 8830
f 8772 8830 8832
f 8833 8832 8830
f 8833 8830 8829
f 8833 8834 8835
f 8833 8835 8832
f 8772 8832 8835
f 8772 8835 8774
f 8776 8774 8835
f 8776 8835 8836
f 8837 8836 8835
f 8837 8835 8834
f 7789 8838 8839
f 7789 8839 8840
f 8837 8840 8839
f 8837 8839 8836
f 8776 8836 8839
f 8776 8839 8777
f 7621 8777 8839
f 7621 8839 8838
f 8828 8831 8841
f 8828 8841 8842
f 7789 8842 8841
f 7789 8841 8838
f 7621 8838 8841
f 7621 8841 7620
f 7618 7620 8841
f 7618 8841 8831
f 8833 8843 8844
f 8833 8844 8834
f 8837 8834 8844
f 8837 8844 8845
f 8817 8845 8844
f 8817 8844 8816
f 8815 8816 8844
f 8815 8844 8843
f 8821 8846 8847
f 8821 8847 8823
f 7791 8823 8847
f 7791 8847 7790
f 7789 7790 8847
f 7789 8847 8842
f 8828 8842 8847
f 8828 8847 8846
f 8821 8822 8848
f 8821 8848 8846
f 8828 8846 8848
f 8828 8848 8829
f 8833 8829 8848
f 8833 8848 8843
f 8815 8843 8848
f 8815 8848 8822
f 8857 8858 8859
f 8857 8859 8860
f 8861 8860 8859
f 8861 8859 8862
f 8863 8862 8859
f 8863 8859 8864
f 8865 8864 8859
f 8865 8859 8858
f 8866 8867 8868
f 8866 8868 8869
f 8870 8869 8868
f 8870 8868 8871
f 8857 8871 8868
f 8857 8868 8858
f 8865 8858 8868
f 8865 8868 8867
f 8857 8860 8872
f 8857 8872 8873
f 8874 8873 8872
f 8874 8872 8875
f 8876 8875 8872
f 8876 8872 8877
f 8861 8877 8872
f 8861 8872 8860
f 8878 8879 8880
f 8878 8880 8881
f 8874 8881 8880
f 8874 8880 8873
f 8857 8873 8880
f 8857 8880 8871
f 8870 8871 8880
f 8870 8880 8879
f 7783 8882 8883
f 7783 8883 7782
f 7781 7782 8883
f 7781 8883 7787
f 7633 7787 8883
f 7633 8883 7634
f 7641 7634 8883
f 7641 8883 8882
f 7781 7788 8884
f 7781 8884 7780
f 7644 7780 8884
f 7644 8884 8885
f 8837 8885 8884
f 8837 8884 8840
f 7789 8840 8884
f 7789 8884 7788
f 8758 8763 8886
f 8758 8886 8887
f 7639 8887 8886
f 7639 8886 7647
f 7646 7647 8886
f 7646 8886 8888
f 8764 8888 8886
f 8764 8886 8763
f 7644 8885 8889
f 7644 8889 7643
f 7637 7643 8889
f 7637 8889 8890
f 8817 8890 8889
f 8817 8889 8845
f 8837 8845 8889
f 8837 8889 8885
f 8758 8891 8892
f 8758 8892 8757
f 8752 8757 8892
f 8752 8892 8893
f 8894 8893 8892
f 8894 8892 8895
f 8896 8895 8892
f 8896 8892 8891
f 7641 8897 8898
f 7641 8898 8899
f 8900 8899 8898
f 8900 8898 8901
f 8894 8901 8898
f 8894 8898 8893
f 8752 8893 8898
f 8752 8898 8897
f 7639 7640 8902
f 7639 8902 8903
f 8904 8903 8902
f 8904 8902 8905
f 8900 8905 8902
f 8900 8902 8899
f 7641 8899 8902
f 7641 8902 7640
f 7639 8903 8906
f 7639 8906 8887
f 8758 8887 8906
f 8758 8906 8891
f 8896 8891 8906
f 8896 8906 8907
f 8904 8907 8906
f 8904 8906 8903
f 8764 8767 8908
f 8764 8908 8909
f 8910 8909 8908
f 8910 8908 8911
f 8912 8911 8908
f 8912 8908 8913
f 8750 8913 8908
f 8750 8908 8767
f 7646 8888 8914
f 7646 8914 8915
f 8916 8915 8914
f 8916 8914 8917
f 8910 8917 8914
f 8910 8914 8909
f 8764 8909 8914
f 8764 8914 8888
f 7783 7784 8918
f 7783 8918 8919
f 8920 8919 8918
f 8920 8918 8921
f 8916 8921 8918
f 8916 8918 8915
f 7646 8915 8918
f 7646 8918 7784
f 7783 8919 8922
f 7783 8922 8923
f 8750 8923 8922
f 8750 8922 8913
f 8912 8913 8922
f 8912 8922 8924
f 8920 8924 8922
f 8920 8922 8919
f 8925 8926 8927
f 8925 8927 8928
f 8929 8928 8927
f 8929 8927 8930
f 8931 8930 8927
f 8931 8927 8932
f 8933 8932 8927
f 8933 8927 8926
f 8933 8934 8935
f 8933 8935 8932
f 8931 8932 8935
f 8931 8935 8936
f 8896 8936 8935
f 8896 8935 8895
f 8894 8895 8935
f 8894 8935 8934
f 8925 8937 8938
f 8925 8938 8926
f 8933 8926 8938
f 8933 8938 8939
f 8940 8939 8938
f 8940 8938 8941
f 8942 8941 8938
f 8942 8938 8937
f 8940 8943 8944
f 8940 8944 8939
f 8933 8939 8944
f 8933 8944 8934
f 8894 8934 8944
f 8894 8944 8901
f 8900 8901 8944
f 8900 8944 8943
f 8945 8946 8947
f 8945 8947 8948
f 8942 8948 8947
f 8942 8947 8941
f 8940 8941 8947
f 8940 8947 8949
f 8950 8949 8947
f 8950 8947 8946
f 8950 8951 8952
f 8950 8952 8949
f 8940 8949 8952
f 8940 8952 8943
f 8900 8943 8952
f 8900 8952 8905
f 8904 8905 8952
f 8904 8952 8951
f 8929 8930 8953
f 8929 8953 8954
f 8945 8954 8953
f 8945 8953 8946
f 8950 8946 8953
f 8950 8953 8955
f 8931 8955 8953
f 8931 8953 8930
f 8931 8936 8956
f 8931 8956 8955
f 8950 8955 8956
f 8950 8956 8951
f 8904 8951 8956
f 8904 8956 8907
f 8896 8907 8956
f 8896 8956 8936
f 8957 8958 8959
f 8957 8959 8960
f 8961 8960 8959
f 8961 8959 8962
f 8912 8962 8959
f 8912 8959 8911
f 8910 8911 8959
f 8910 8959 8958
f 8963 8964 8965
f 8963 8965 8966
f 8957 8966 8965
f 8957 8965 8958
f 8910 8958 8965
f 8910 8965 8917
f 8916 8917 8965
f 8916 8965 8964
f 8967 8968 8969
f 8967 8969 8970
f 8963 8970 8969
f 8963 8969 8964
f 8916 8964 8969
f 8916 8969 8921
f 8920 8921 8969
f 8920 8969 8968
f 8961 8962 8971
f 8961 8971 8972
f 8967 8972 8971
f 8967 8971 8968
f 8920 8968 8971
f 8920 8971 8924
f 8912 8924 8971
f 8912 8971 8962
f 8929 8954 8973
f 8929 8973 8974
f 8975 8974 8973
f 8975 8973 8976
f 8977 8976 8973
f 8977 8973 8978
f 8945 8978 8973
f 8945 8973 8954
f 8945 8948 8979
f 8945 8979 8978
f 8977 8978 8979
f 8977 8979 8980
f 8981 8980 8979
f 8981 8979 8982
f 8942 8982 8979
f 8942 8979 8948
f 8942 8937 8983
f 8942 8983 8982
f 8981 8982 8983
f 8981 8983 8984
f 8985 8984 8983
f 8985 8983 8986
f 8925 8986 8983
f 8925 8983 8937
f 8925 8928 8987
f 8925 8987 8986
f 8985 8986 8987
f 8985 8987 8988
f 8975 8988 8987
f 8975 8987 8974
f 8929 8974 8987
f 8929 8987 8928
f 8874 8875 8989
f 8874 8989 8990
f 8991 8990 8989
f 8991 8989 8992
f 8993 8992 8989
f 8993 8989 8994
f 8876 8994 8989
f 8876 8989 8875
f 8995 8996 8997
f 8995 8997 8998
f 8991 8998 8997
f 8991 8997 8990
f 8874 8990 8997
f 8874 8997 8881
f 8878 8881 8997
f 8878 8997 8996
f 8865 8999 9000
f 8865 9000 8864
f 8863 8864 9000
f 8863 9000 9001
f 8993 9001 9000
f 8993 9000 8992
f 8991 8992 9000
f 8991 9000 8999
f 8995 8998 9002
f 8995 9002 9003
f 8866 9003 9002
f 8866 9002 8867
f 8865 8867 9002
f 8865 9002 8999
f 8991 8999 9002
f 8991 9002 8998
f 9004 9005 9006
f 9004 9006 9007
f 9008 9007 9006
f 9008 9006 9009
f 8961 9009 9006
f 8961 9006 8960
f 8957 8960 9006
f 8957 9006 9005
f 9010 9011 9012
f 9010 9012 9013
f 9008 9013 9012
f 9008 9012 9007
f 9004 9007 9012
f 9004 9012 9014
f 9015 9014 9012
f 9015 9012 9011
f 8963 8966 9016
f 8963 9016 9017
f 9018 9017 9016
f 9018 9016 9019
f 9004 9019 9016
f 9004 9016 9005
f 8957 9005 9016
f 8957 9016 8966
f 9015 9020 9021
f 9015 9021 9014
f 9004 9014 9021
f 9004 9021 9019
f 9018 9019 9021
f 9018 9021 9022
f 9023 9022 9021
f 9023 9021 9020
f 9024 9025 9026
f 9024 9026 9027
f 9018 9027 9026
f 9018 9026 9017
f 8963 9017 9026
f 8963 9026 8970
f 8967 8970 9026
f 8967 9026 9025
f 9023 9028 9029
f 9023 9029 9022
f 9018 9022 9029
f 9018 9029 9027
f 9024 9027 9029
f 9024 9029 9030
f 9031 9030 9029
f 9031 9029 9028
f 8967 9025 9032
f 8967 9032 8972
f 8961 8972 9032
f 8961 9032 9009
f 9008 9009 9032
f 9008 9032 9033
f 9024 9033 9032
f 9024 9032 9025
f 9031 9034 9035
f 9031 9035 9030
f 9024 9030 9035
f 9024 9035 9033
f 9008 9033 9035
f 9008 9035 9013
f 9010 9013 9035
f 9010 9035 9034
f 9036 9037 9038
f 9036 9038 9039
f 9040 9039 9038
f 9040 9038 9041
f 9042 9043 9044
f 9042 9044 9045
f 9046 9045 9044
f 9046 9044 9047
f 9048 9049 9050
f 9048 9050 9051
f 9052 9051 9050
f 9052 9050 9053
f 9054 9055 9056
f 9054 9056 9057
f 9058 9057 9056
f 9058 9056 9059
f 9060 9061 9062
f 9060 9062 9063
f 9064 9063 9062
f 9064 9062 9065
f 9058 9059 9066
f 9058 9066 9067
f 9068 9067 9066
f 9068 9066 9069
f 9060 9070 9071
f 9060 9071 9072
f 9036 9072 9071
f 9036 9071 9037
f 9046 9047 9073
f 9046 9073 9074
f 9075 9074 9073
f 9075 9073 9076
f 9077 9078 9079
f 9077 9079 9080
f 9081 9077 9080
f 9081 9080 9082
f 9083 9081 9082
f 9083 9082 9084
f 9085 9083 9084
f 9085 9084 9086
f 9087 9085 9086
f 9087 9086 9088
f 9089 9087 9088
f 9089 9088 9090
f 9091 9089 9090
f 9091 9090 9092
f 9078 9091 9092
f 9078 9092 9079
f 9093 9094 9078
f 9093 9078 9077
f 9095 9093 9077
f 9095 9077 9081
f 9096 9095 9081
f 9096 9081 9083
f 9097 9096 9083
f 9097 9083 9085
f 9098 9097 9085
f 9098 9085 9087
f 9099 9098 9087
f 9099 9087 9089
f 9100 9099 9089
f 9100 9089 9091
f 9094 9100 9091
f 9094 9091 9078
f 9101 9102 9094
f 9101 9094 9093
f 9103 9101 9093
f 9103 9093 9095
f 9104 9103 9095
f 9104 9095 9096
f 9105 9104 9096
f 9105 9096 9097
f 9106 9105 9097
f 9106 9097 9098
f 9107 9106 9098
f 9107 9098 9099
f 9108 9107 9099
f 9108 9099 9100
f 9102 9108 9100
f 9102 9100 9094
f 9109 9110 9102
f 9109 9102 9101
f 9111 9109 9101
f 9111 9101 9103
f 9112 9111 9103
f 9112 9103 9104
f 9113 9112 9104
f 9113 9104 9105
f 9114 9113 9105
f 9114 9105 9106
f 9115 9114 9106
f 9115 9106 9107
f 9116 9115 9107
f 9116 9107 9108
f 9110 9116 9108
f 9110 9108 9102
f 9117 9118 9110
f 9117 9110 9109
f 9119 9117 9109
f 9119 9109 9111
f 9120 9119 9111
f 9120 9111 9112
f 9121 9120 9112
f 9121 9112 9113
f 9122 9121 9113
f 9122 9113 9114
f 9123 9122 9114
f 9123 9114 9115
f 9124 9123 9115
f 9124 9115 9116
f 9118 9124 9116
f 9118 9116 9110
f 9125 9126 9127
f 9125 9127 9128
f 9129 9130 9131
f 9129 9131 9132
f 9129 9133 9134
f 9129 9134 9128
f 9133 9129 9132
f 9133 9132 9135
f 9136 9130 9127
f 9136 9127 9137
f 9130 9136 9138
f 9130 9138 9131
f 9139 9140 9134
f 9139 9134 9141
f 9142 9133 9135
f 9142 9135 9143
f 9144 9145 9124
f 9144 9124 9137
f 9136 9118 9117
f 9136 9117 9138
f 9146 9139 9141
f 9146 9141 9122
f 9121 9142 9143
f 9121 9143 9120
f 9145 9147 9123
f 9145 9123 9124
f 9079 9148 9082
f 9079 9082 9080
f 9147 9146 9122
f 9147 9122 9123
f 9148 9086 9084
f 9148 9084 9082
f 9149 9150 9151
f 9149 9151 9152
f 9153 9149 9152
f 9153 9152 9154
f 9155 9153 9154
f 9155 9154 9156
f 9157 9155 9156
f 9157 9156 9158
f 9159 9157 9158
f 9159 9158 9160
f 9161 9159 9160
f 9161 9160 9162
f 9163 9161 9162
f 9163 9162 9164
f 9150 9163 9164
f 9150 9164 9151
f 9165 9166 9150
f 9165 9150 9149
f 9167 9165 9149
f 9167 9149 9153
f 9168 9167 9153
f 9168 9153 9155
f 9169 9168 9155
f 9169 9155 9157
f 9170 9169 9157
f 9170 9157 9159
f 9171 9170 9159
f 9171 9159 9161
f 9172 9171 9161
f 9172 9161 9163
f 9166 9172 9163
f 9166 9163 9150
f 9173 9174 9166
f 9173 9166 9165
f 9175 9173 9165
f 9175 9165 9167
f 9176 9175 9167
f 9176 9167 9168
f 9177 9176 9168
f 9177 9168 9169
f 9178 9177 9169
f 9178 9169 9170
f 9179 9178 9170
f 9179 9170 9171
f 9180 9179 9171
f 9180 9171 9172
f 9174 9180 9172
f 9174 9172 9166
f 9181 9182 9174
f 9181 9174 9173
f 9183 9181 9173
f 9183 9173 9175
f 9184 9183 9175
f 9184 9175 9176
f 9185 9184 9176
f 9185 9176 9177
f 9186 9185 9177
f 9186 9177 9178
f 9187 9186 9178
f 9187 9178 9179
f 9188 9187 9179
f 9188 9179 9180
f 9182 9188 9180
f 9182 9180 9174
f 9189 9190 9182
f 9189 9182 9181
f 9191 9189 9181
f 9191 9181 9183
f 9192 9191 9183
f 9192 9183 9184
f 9193 9192 9184
f 9193 9184 9185
f 9194 9193 9185
f 9194 9185 9186
f 9195 9194 9186
f 9195 9186 9187
f 9196 9195 9187
f 9196 9187 9188
f 9190 9196 9188
f 9190 9188 9182
f 9197 9198 9190
f 9197 9190 9189
f 9199 9197 9189
f 9199 9189 9191
f 9200 9199 9191
f 9200 9191 9192
f 9201 9200 9192
f 9201 9192 9193
f 9202 9201 9193
f 9202 9193 9194
f 9203 9202 9194
f 9203 9194 9195
f 9204 9203 9195
f 9204 9195 9196
f 9198 9204 9196
f 9198 9196 9190
f 9205 9206 9207
f 9205 9207 9208
f 9209 9210 9211
f 9209 9211 9212
f 9213 9205 9208
f 9213 9208 9214
f 9210 9215 9216
f 9210 9216 9211
f 9217 9209 9212
f 9217 9212 9218
f 9206 9219 9220
f 9206 9220 9207
f 9215 9221 9222
f 9215 9222 9216
f 9223 9213 9214
f 9223 9214 9224
f 9225 9217 9218
f 9225 9218 9197
f 9219 9226 9204
f 9219 9204 9220
f 9221 9227 9200
f 9221 9200 9222
f 9228 9223 9224
f 9228 9224 9202
f 9229 9225 9197
f 9229 9197 9199
f 9226 9230 9203
f 9226 9203 9204
f 9227 9229 9199
f 9227 9199 9200
f 9230 9228 9202
f 9230 9202 9203
f 9075 9231 9232
f 9075 9232 9074
f 9046 9074 9232
f 9046 9232 9233
f 9126 9144 9137
f 9126 9137 9127
f 9118 9136 9137
f 9118 9137 9124
f 9148 9079 9092
f 9148 9092 9090
f 9086 9148 9090
f 9086 9090 9088
f 9234 9235 9236
f 9234 9236 9237
f 9238 9237 9236
f 9238 9236 9239
f 9240 9241 9242
f 9240 9242 9243
f 9075 9243 9242
f 9075 9242 9231
f 9142 9121 9122
f 9142 9122 9141
f 9133 9142 9141
f 9133 9141 9134
f 9140 9125 9128
f 9140 9128 9134
f 9238 9239 9244
f 9238 9244 9245
f 9246 9245 9244
f 9246 9244 9247
f 9130 9129 9128
f 9130 9128 9127
f 9240 9248 9249
f 9240 9249 9241
f 9241 9249 9119
f 9241 9119 9120
f 9250 9247 9146
f 9250 9146 9147
f 9042 9251 9249
f 9042 9249 9248
f 9249 9251 9117
f 9249 9117 9119
f 9246 9247 9250
f 9246 9250 9252
f 9253 9252 9250
f 9253 9250 9254
f 9254 9250 9147
f 9254 9147 9145
f 9042 9045 9255
f 9042 9255 9251
f 9242 9241 9120
f 9242 9120 9143
f 9247 9244 9139
f 9247 9139 9146
f 9046 9233 9255
f 9046 9255 9045
f 9251 9255 9138
f 9251 9138 9117
f 9256 9254 9145
f 9256 9145 9144
f 9253 9254 9256
f 9253 9256 9257
f 9234 9257 9256
f 9234 9256 9235
f 9258 9259 9048
f 9258 9048 9260
f 9261 9258 9260
f 9261 9260 9262
f 9263 9261 9262
f 9263 9262 9264
f 9265 9263 9264
f 9265 9264 9052
f 9266 9265 9052
f 9266 9052 9053
f 9267 9266 9053
f 9267 9053 9050
f 9268 9267 9050
f 9268 9050 9049
f 9259 9268 9049
f 9259 9049 9048
f 9269 9270 9259
f 9269 9259 9258
f 9271 9269 9258
f 9271 9258 9261
f 9272 9271 9261
f 9272 9261 9263
f 9273 9272 9263
f 9273 9263 9265
f 9274 9273 9265
f 9274 9265 9266
f 9275 9274 9266
f 9275 9266 9267
f 9276 9275 9267
f 9276 9267 9268
f 9270 9276 9268
f 9270 9268 9259
f 9277 9278 9270
f 9277 9270 9269
f 9279 9277 9269
f 9279 9269 9271
f 9280 9279 9271
f 9280 9271 9272
f 9281 9280 9272
f 9281 9272 9273
f 9282 9281 9273
f 9282 9273 9274
f 9283 9282 9274
f 9283 9274 9275
f 9284 9283 9275
f 9284 9275 9276
f 9278 9284 9276
f 9278 9276 9270
f 9201 9285 9222
f 9201 9222 9200
f 9286 9287 9221
f 9286 9221 9215
f 9288 9289 9210
f 9288 9210 9209
f 9290 9211 9216
f 9290 9216 9291
f 9151 9164 9162
f 9151 9162 9292
f 9158 9292 9162
f 9158 9162 9160
f 9293 9228 9230
f 9293 9230 9294
f 9295 9294 9230
f 9295 9230 9226
f 9296 9297 9217
f 9296 9217 9225
f 9298 9299 9218
f 9298 9218 9212
f 9300 9296 9225
f 9300 9225 9229
f 9300 9229 9227
f 9300 9227 9301
f 9198 9299 9220
f 9198 9220 9204
f 9295 9226 9219
f 9295 9219 9302
f 9303 9302 9219
f 9303 9219 9206
f 9298 9207 9220
f 9298 9220 9299
f 9298 9290 9208
f 9298 9208 9207
f 9303 9206 9205
f 9303 9205 9304
f 9305 9304 9205
f 9305 9205 9213
f 9291 9214 9208
f 9291 9208 9290
f 9201 9202 9224
f 9201 9224 9285
f 9291 9285 9224
f 9291 9224 9214
f 9305 9213 9223
f 9305 9223 9306
f 9293 9306 9223
f 9293 9223 9228
f 9307 9308 9309
f 9307 9309 9310
f 9311 9309 9308
f 9311 9308 9312
f 9301 9311 9313
f 9301 9313 9300
f 9296 9300 9313
f 9296 9313 9314
f 9315 9307 9310
f 9315 9310 9316
f 9296 9314 9317
f 9296 9317 9297
f 9288 9297 9317
f 9288 9317 9318
f 9319 9315 9316
f 9319 9316 9318
f 9320 9319 9318
f 9320 9318 9317
f 9288 9318 9316
f 9288 9316 9289
f 9286 9289 9316
f 9286 9316 9310
f 9321 9320 9317
f 9321 9317 9314
f 9313 9311 9312
f 9313 9312 9322
f 9314 9313 9322
f 9314 9322 9321
f 9286 9310 9309
f 9286 9309 9287
f 9301 9287 9309
f 9301 9309 9311
f 9292 9158 9156
f 9292 9156 9154
f 9323 9321 9322
f 9323 9322 9324
f 9068 9324 9322
f 9068 9322 9312
f 9151 9292 9154
f 9151 9154 9152
f 9297 9288 9209
f 9297 9209 9217
f 9299 9198 9197
f 9299 9197 9218
f 9325 9319 9320
f 9325 9320 9326
f 9323 9326 9320
f 9323 9320 9321
f 9325 9327 9315
f 9325 9315 9319
f 9289 9286 9215
f 9289 9215 9210
f 9290 9298 9212
f 9290 9212 9211
f 9328 9307 9315
f 9328 9315 9327
f 9285 9291 9216
f 9285 9216 9222
f 9068 9312 9308
f 9068 9308 9329
f 9328 9329 9308
f 9328 9308 9307
f 9287 9301 9227
f 9287 9227 9221
f 9305 9306 9330
f 9305 9330 9304
f 9303 9304 9330
f 9303 9330 9302
f 9295 9302 9330
f 9295 9330 9294
f 9293 9294 9330
f 9293 9330 9306
f 9323 9324 9331
f 9323 9331 9332
f 9036 9333 9334
f 9036 9334 9072
f 9060 9072 9334
f 9060 9334 9061
f 9068 9069 9331
f 9068 9331 9324
f 9328 9335 9336
f 9328 9336 9329
f 9068 9329 9336
f 9068 9336 9067
f 9058 9067 9336
f 9058 9336 9337
f 9338 9337 9336
f 9338 9336 9335
f 9064 9339 9340
f 9064 9340 9063
f 9060 9063 9340
f 9060 9340 9070
f 9075 9076 9341
f 9075 9341 9243
f 9240 9243 9341
f 9240 9341 9342
f 9338 9343 9344
f 9338 9344 9337
f 9058 9337 9344
f 9058 9344 9057
f 9054 9057 9344
f 9054 9344 9345
f 9346 9345 9344
f 9346 9344 9343
f 9052 9264 9262
f 9052 9262 9051
f 9048 9051 9262
f 9048 9262 9260
f 9240 9342 9347
f 9240 9347 9248
f 9042 9248 9347
f 9042 9347 9043
f 9325 9326 9348
f 9325 9348 9349
f 9346 9349 9348
f 9346 9348 9345
f 9054 9345 9348
f 9054 9348 9350
f 9323 9350 9348
f 9323 9348 9326
f 9054 9350 9351
f 9054 9351 9055
f 9040 9352 9353
f 9040 9353 9039
f 9036 9039 9353
f 9036 9353 9333
f 9323 9332 9351
f 9323 9351 9350
f 9354 9355 9278
f 9354 9278 9277
f 9356 9354 9277
f 9356 9277 9279
f 9357 9356 9279
f 9357 9279 9280
f 9358 9357 9280
f 9358 9280 9281
f 9359 9358 9281
f 9359 9281 9282
f 9360 9359 9282
f 9360 9282 9283
f 9361 9360 9283
f 9361 9283 9284
f 9355 9361 9284
f 9355 9284 9278
f 9362 9363 9355
f 9362 9355 9354
f 9364 9362 9354
f 9364 9354 9356
f 9365 9364 9356
f 9365 9356 9357
f 9366 9365 9357
f 9366 9357 9358
f 9367 9366 9358
f 9367 9358 9359
f 9368 9367 9359
f 9368 9359 9360
f 9369 9368 9360
f 9369 9360 9361
f 9363 9369 9361
f 9363 9361 9355
f 9339 9064 9363
f 9339 9363 9362
f 9370 9339 9362
f 9370 9362 9364
f 9041 9370 9364
f 9041 9364 9365
f 9040 9041 9365
f 9040 9365 9366
f 9352 9040 9366
f 9352 9366 9367
f 9371 9352 9367
f 9371 9367 9368
f 9065 9371 9368
f 9065 9368 9369
f 9064 9065 9369
f 9064 9369 9363
f 9066 9059 9065
f 9066 9065 9062
f 9342 9341 9340
f 9342 9340 9339
f 9069 9066 9062
f 9069 9062 9061
f 9341 9076 9070
f 9341 9070 9340
f 9059 9056 9371
f 9059 9371 9065
f 9347 9342 9339
f 9347 9339 9370
f 9076 9073 9071
f 9076 9071 9070
f 9331 9069 9061
f 9331 9061 9334
f 9056 9055 9352
f 9056 9352 9371
f 9043 9347 9370
f 9043 9370 9041
f 9073 9047 9037
f 9073 9037 9071
f 9332 9331 9334
f 9332 9334 9333
f 9044 9043 9041
f 9044 9041 9038
f 9055 9351 9353
f 9055 9353 9352
f 9047 9044 9038
f 9047 9038 9037
f 9351 9332 9333
f 9351 9333 9353
f 9372 9373 9374
f 9372 9374 9375
f 9376 9372 9375
f 9376 9375 9377
f 9378 9376 9377
f 9378 9377 9379
f 9380 9378 9379
f 9380 9379 9381
f 9382 9380 9381
f 9382 9381 9383
f 9384 9382 9383
f 9384 9383 9385
f 9386 9384 9385
f 9386 9385 9387
f 9373 9386 9387
f 9373 9387 9374
f 9388 9389 9373
f 9388 9373 9372
f 9390 9388 9372
f 9390 9372 9376
f 9391 9390 9376
f 9391 9376 9378
f 9392 9391 9378
f 9392 9378 9380
f 9393 9392 9380
f 9393 9380 9382
f 9394 9393 9382
f 9394 9382 9384
f 9395 9394 9384
f 9395 9384 9386
f 9389 9395 9386
f 9389 9386 9373
f 9396 9397 9389
f 9396 9389 9388
f 9398 9396 9388
f 9398 9388 9390
f 9399 9398 9390
f 9399 9390 9391
f 9400 9399 9391
f 9400 9391 9392
f 9401 9400 9392
f 9401 9392 9393
f 9402 9401 9393
f 9402 9393 9394
f 9403 9402 9394
f 9403 9394 9395
f 9397 9403 9395
f 9397 9395 9389
f 9404 9405 9397
f 9404 9397 9396
f 9406 9404 9396
f 9406 9396 9398
f 9407 9406 9398
f 9407 9398 9399
f 9408 9407 9399
f 9408 9399 9400
f 9409 9408 9400
f 9409 9400 9401
f 9410 9409 9401
f 9410 9401 9402
f 9411 9410 9402
f 9411 9402 9403
f 9405 9411 9403
f 9405 9403 9397
f 9412 9413 9405
f 9412 9405 9404
f 9414 9412 9404
f 9414 9404 9406
f 9415 9414 9406
f 9415 9406 9407
f 9416 9415 9407
f 9416 9407 9408
f 9417 9416 9408
f 9417 9408 9409
f 9418 9417 9409
f 9418 9409 9410
f 9419 9418 9410
f 9419 9410 9411
f 9413 9419 9411
f 9413 9411 9405
f 9420 9421 9413
f 9420 9413 9412
f 9422 9420 9412
f 9422 9412 9414
f 9423 9422 9414
f 9423 9414 9415
f 9424 9423 9415
f 9424 9415 9416
f 9425 9424 9416
f 9425 9416 9417
f 9426 9425 9417
f 9426 9417 9418
f 9427 9426 9418
f 9427 9418 9419
f 9421 9427 9419
f 9421 9419 9413
f 9428 9429 9421
f 9428 9421 9420
f 9430 9428 9420
f 9430 9420 9422
f 9431 9430 9422
f 9431 9422 9423
f 9432 9431 9423
f 9432 9423 9424
f 9433 9432 9424
f 9433 9424 9425
f 9434 9433 9425
f 9434 9425 9426
f 9435 9434 9426
f 9435 9426 9427
f 9429 9435 9427
f 9429 9427 9421
f 9432 9436 9437
f 9432 9437 9431
f 9436 9438 9439
f 9436 9439 9437
f 9438 9440 9441
f 9438 9441 9439
f 9440 9442 9443
f 9440 9443 9441
f 9444 9434 9435
f 9444 9435 9445
f 9442 9444 9445
f 9442 9445 9443
f 9383 9381 9379
f 9383 9379 9446
f 9385 9383 9446
f 9385 9446 9387
f 9447 9448 9449
f 9447 9449 9450
f 9451 9450 9449
f 9451 9449 9452
f 9453 9452 9449
f 9453 9449 9454
f 9455 9454 9449
f 9455 9449 9448
f 9447 9458 9457
f 9447 9457 9448
f 9455 9448 9457
f 9455 9457 9456
f 9459 9460 9461
f 9459 9461 9462
f 9455 9462 9461
f 9455 9461 9454
f 9453 9454 9461
f 9453 9461 9463
f 9464 9463 9461
f 9464 9461 9460
f 9455 9456 9465
f 9455 9465 9462
f 9459 9462 9465
f 9459 9465 9466
f 9459 9466 9467
f 9459 9467 9468
f 9469 9468 9467
f 9469 9467 9470
f 9469 9471 9472
f 9469 9472 9468
f 9459 9468 9472
f 9459 9472 9460
f 9464 9460 9472
f 9464 9472 9473
f 9474 9473 9472
f 9474 9472 9471
f 9469 9475 9476
f 9469 9476 9471
f 9474 9471 9476
f 9474 9476 9477
f 9451 9477 9476
f 9451 9476 9450
f 9447 9450 9476
f 9447 9476 9475
f 9469 9470 9478
f 9469 9478 9475
f 9447 9475 9478
f 9447 9478 9458
f 9479 9480 9481
f 9479 9481 9482
f 9483 9479 9482
f 9483 9482 9484
f 9485 9483 9484
f 9485 9484 9486
f 9487 9485 9486
f 9487 9486 9488
f 9489 9490 9487
f 9489 9487 9491
f 9492 9489 9491
f 9492 9491 9493
f 9494 9492 9493
f 9494 9493 9495
f 9496 9494 9495
f 9496 9495 9480
f 9374 9387 9446
f 9374 9446 9375
f 9377 9375 9446
f 9377 9446 9379
f 9325 9497 9498
f 9325 9498 9327
f 9328 9327 9498
f 9328 9498 9499
f 9500 9443 9445
f 9500 9445 9501
f 9429 9501 9445
f 9429 9445 9435
f 9328 9499 9502
f 9328 9502 9335
f 9338 9335 9502
f 9338 9502 9503
f 9500 9504 9441
f 9500 9441 9443
f 9338 9503 9505
f 9338 9505 9343
f 9346 9343 9505
f 9346 9505 9506
f 9507 9439 9441
f 9507 9441 9504
f 9507 9508 9437
f 9507 9437 9439
f 9346 9506 9509
f 9346 9509 9349
f 9325 9349 9509
f 9325 9509 9497
f 9430 9431 9437
f 9430 9437 9508
f 9510 9511 9512
f 9510 9512 9513
f 9514 9515 9516
f 9514 9516 9517
f 9515 9518 9519
f 9515 9519 9516
f 9520 9512 9511
f 9520 9511 9521
f 9522 9523 9524
f 9522 9524 9525
f 9526 9527 9528
f 9526 9528 9529
f 9530 9529 9528
f 9530 9528 9531
f 9523 9514 9517
f 9523 9517 9524
f 9532 9520 9521
f 9532 9521 9533
f 9533 9534 9535
f 9533 9535 9532
f 9536 9522 9525
f 9536 9525 9537
f 9538 9536 9537
f 9538 9537 9539
f 9540 9538 9539
f 9540 9539 9541
f 9530 9531 9542
f 9530 9542 9543
f 9544 9543 9542
f 9544 9542 9545
f 9541 9519 9518
f 9541 9518 9540
f 9546 9535 9534
f 9546 9534 9547
f 9547 9548 9549
f 9547 9549 9546
f 9550 9545 9525
f 9550 9525 9524
f 9551 9552 9553
f 9551 9553 9554
f 9555 9550 9524
f 9555 9524 9517
f 9556 9557 9558
f 9556 9558 9559
f 9544 9545 9550
f 9544 9550 9560
f 9561 9560 9550
f 9561 9550 9555
f 9562 9549 9548
f 9562 9548 9563
f 9545 9542 9537
f 9545 9537 9525
f 9564 9565 9553
f 9564 9553 9566
f 9513 9562 9563
f 9513 9563 9510
f 9567 9555 9517
f 9567 9517 9516
f 9568 9569 9570
f 9568 9570 9566
f 9561 9555 9567
f 9561 9567 9571
f 9526 9571 9567
f 9526 9567 9527
f 9572 9573 9574
f 9572 9574 9575
f 9576 9575 9574
f 9576 9574 9577
f 9578 9579 9532
f 9578 9532 9535
f 9580 9556 9559
f 9580 9559 9581
f 9582 9578 9583
f 9582 9583 9584
f 9572 9584 9583
f 9572 9583 9573
f 9579 9585 9520
f 9579 9520 9532
f 9586 9551 9554
f 9586 9554 9587
f 9582 9588 9579
f 9582 9579 9578
f 9583 9578 9535
f 9583 9535 9546
f 9589 9590 9591
f 9589 9591 9592
f 9593 9585 9579
f 9593 9579 9588
f 9593 9594 9595
f 9593 9595 9585
f 9585 9595 9512
f 9585 9512 9520
f 9596 9586 9587
f 9596 9587 9592
f 9576 9577 9595
f 9576 9595 9594
f 9430 9597 9598
f 9430 9598 9428
f 9429 9428 9598
f 9429 9598 9599
f 9600 9601 9602
f 9600 9602 9603
f 9604 9603 9602
f 9604 9602 9605
f 9429 9599 9606
f 9429 9606 9501
f 9500 9501 9606
f 9500 9606 9607
f 9608 9609 9610
f 9608 9610 9611
f 9600 9611 9610
f 9600 9610 9601
f 9507 9504 9612
f 9507 9612 9613
f 9614 9615 9616
f 9614 9616 9617
f 9608 9617 9616
f 9608 9616 9609
f 9500 9607 9612
f 9500 9612 9504
f 9430 9508 9618
f 9430 9618 9597
f 9604 9605 9619
f 9604 9619 9620
f 9614 9620 9619
f 9614 9619 9615
f 9507 9613 9618
f 9507 9618 9508
f 9561 9571 9621
f 9561 9621 9560
f 9544 9560 9621
f 9544 9621 9543
f 9530 9543 9621
f 9530 9621 9529
f 9526 9529 9621
f 9526 9621 9571
f 9608 9611 9622
f 9608 9622 9623
f 9576 9623 9622
f 9576 9622 9575
f 9572 9575 9622
f 9572 9622 9624
f 9600 9624 9622
f 9600 9622 9611
f 9253 9257 9625
f 9253 9625 9252
f 9246 9252 9625
f 9246 9625 9245
f 9238 9245 9625
f 9238 9625 9237
f 9234 9237 9625
f 9234 9625 9257
f 9614 9626 9627
f 9614 9627 9620
f 9604 9620 9627
f 9604 9627 9628
f 9582 9628 9627
f 9582 9627 9588
f 9593 9588 9627
f 9593 9627 9626
f 9231 9242 9143
f 9231 9143 9135
f 9244 9239 9140
f 9244 9140 9139
f 9255 9233 9131
f 9255 9131 9138
f 9235 9256 9144
f 9235 9144 9126
f 9232 9231 9135
f 9232 9135 9132
f 9239 9236 9125
f 9239 9125 9140
f 9233 9232 9132
f 9233 9132 9131
f 9236 9235 9126
f 9236 9126 9125
f 9497 9509 9436
f 9497 9436 9432
f 9509 9506 9438
f 9509 9438 9436
f 9506 9505 9440
f 9506 9440 9438
f 9505 9503 9442
f 9505 9442 9440
f 9502 9499 9434
f 9502 9434 9444
f 9503 9502 9444
f 9503 9444 9442
f 9498 9497 9432
f 9498 9432 9433
f 9499 9498 9433
f 9499 9433 9434
f 9593 9630 9629
f 9593 9629 9594
f 9576 9594 9629
f 9576 9629 9631
f 9576 9631 9633
f 9576 9633 9623
f 9608 9623 9633
f 9608 9633 9632
f 9608 9632 9635
f 9608 9635 9617
f 9614 9617 9635
f 9614 9635 9634
f 9614 9634 9636
f 9614 9636 9626
f 9593 9626 9636
f 9593 9636 9630
f 9637 9638 9639
f 9637 9639 9640
f 9641 9637 9640
f 9641 9640 9642
f 9638 9643 9644
f 9638 9644 9639
f 9645 9641 9642
f 9645 9642 9646
f 9643 9647 9648
f 9643 9648 9644
f 9649 9645 9646
f 9649 9646 9650
f 9647 9651 9652
f 9647 9652 9648
f 9651 9649 9650
f 9651 9650 9652
f 9637 9653 9654
f 9637 9654 9638
f 9643 9655 9656
f 9643 9656 9657
f 9658 9659 9660
f 9658 9660 9661
f 9662 9663 9664
f 9662 9664 9665
f 9666 9662 9665
f 9666 9665 9667
f 9647 9643 9657
f 9647 9657 9668
f 9659 9669 9670
f 9659 9670 9660
f 9663 9671 9672
f 9663 9672 9664
f 9673 9658 9661
f 9673 9661 9674
f 9651 9647 9668
f 9651 9668 9675
f 9669 9645 9649
f 9669 9649 9670
f 9671 9651 9675
f 9671 9675 9672
f 8214 8213 7773
f 8214 7773 8211
f 9676 9677 7769
f 9676 7769 8217
f 9678 8214 8211
f 9678 8211 7775
f 9679 9676 8217
f 9679 8217 7777
f 8213 9680 7774
f 8213 7774 7773
f 9677 9681 7770
f 9677 7770 7769
f 9681 9678 7775
f 9681 7775 7770
f 9680 9679 7777
f 9680 7777 7774
f 9682 9683 9684
f 9682 9684 9685
f 9686 9682 9685
f 9686 9685 9687
f 9688 9686 9687
f 9688 9687 9689
f 9690 9688 9689
f 9690 9689 9691
f 9692 9690 9691
f 9692 9691 9693
f 9694 9692 9693
f 9694 9693 9695
f 9696 9694 9695
f 9696 9695 9697
f 9683 9696 9697
f 9683 9697 9684
f 9698 9699 9700
f 9698 9700 9701
f 9702 9699 9698
f 9702 9698 9703
f 9704 9699 9702
f 9704 9702 9705
f 9700 9699 9704
f 9700 9704 9706
f 9707 9708 9709
f 9707 9709 9710
f 9711 9708 9707
f 9711 9707 9712
f 9698 9708 9711
f 9698 9711 9703
f 9709 9708 9698
f 9709 9698 9701
f 9713 9714 9715
f 9713 9715 9716
f 9717 9714 9713
f 9717 9713 9718
f 9707 9714 9717
f 9707 9717 9712
f 9715 9714 9707
f 9715 9707 9710
f 9704 9719 9720
f 9704 9720 9706
f 9721 9719 9704
f 9721 9704 9705
f 9713 9719 9721
f 9713 9721 9718
f 9720 9719 9713
f 9720 9713 9716
f 9722 9723 9724
f 9722 9724 9725
f 9700 9723 9722
f 9700 9722 9701
f 9726 9723 9700
f 9726 9700 9706
f 9724 9723 9726
f 9724 9726 9727
f 9728 9729 9730
f 9728 9730 9731
f 9709 9729 9728
f 9709 9728 9710
f 9722 9729 9709
f 9722 9709 9701
f 9730 9729 9722
f 9730 9722 9725
f 9732 9733 9734
f 9732 9734 9735
f 9715 9733 9732
f 9715 9732 9716
f 9728 9733 9715
f 9728 9715 9710
f 9734 9733 9728
f 9734 9728 9731
f 9726 9736 9737
f 9726 9737 9727
f 9720 9736 9726
f 9720 9726 9706
f 9732 9736 9720
f 9732 9720 9716
f 9737 9736 9732
f 9737 9732 9735
f 9738 9739 9740
f 9738 9740 9741
f 9742 9739 9738
f 9742 9738 9743
f 9744 9739 9742
f 9744 9742 9745
f 9740 9739 9744
f 9740 9744 9746
f 9747 9748 9749
f 9747 9749 9750
f 9751 9748 9747
f 9751 9747 9752
f 9753 9748 9751
f 9753 9751 9754
f 9749 9748 9753
f 9749 9753 9755
f 9756 9757 9758
f 9756 9758 9759
f 9760 9757 9756
f 9760 9756 9761
f 9762 9757 9760
f 9762 9760 9763
f 9758 9757 9762
f 9758 9762 9764
f 9765 9766 9760
f 9765 9760 9761
f 9767 9766 9765
f 9767 9765 9768
f 9769 9766 9767
f 9769 9767 9770
f 9760 9766 9769
f 9760 9769 9763
f 9771 9772 9773
f 9771 9773 9774
f 9775 9772 9771
f 9775 9771 7820
f 9776 9772 9775
f 9776 9775 9777
f 9773 9772 9776
f 9773 9776 9778
f 9779 9780 9781
f 9779 9781 7827
f 9773 9780 9779
f 9773 9779 9774
f 9782 9780 9773
f 9782 9773 9778
f 9781 9780 9782
f 9781 9782 9783
f 9784 9785 9786
f 9784 9786 9787
f 9788 9785 9784
f 9788 9784 9789
f 9790 9785 9788
f 9790 9788 9791
f 9786 9785 9790
f 9786 9790 9792
f 9793 9794 9795
f 9793 9795 9796
f 9786 9794 9793
f 9786 9793 9787
f 9797 9794 9786
f 9797 9786 9792
f 9795 9794 9797
f 9795 9797 9798
f 9799 9800 9801
f 9799 9801 9802
f 9803 9800 9799
f 9803 9799 9804
f 9805 9800 9803
f 9805 9803 9806
f 9801 9800 9805
f 9801 9805 9807
f 9808 9809 9810
f 9808 9810 9811
f 9801 9809 9808
f 9801 9808 9802
f 9812 9809 9801
f 9812 9801 9807
f 9810 9809 9812
f 9810 9812 9813
f 9814 9815 9816
f 9814 9816 9811
f 9817 9815 9814
f 9817 9814 9818
f 7916 9815 9817
f 7916 9817 7921
f 9816 9815 7916
f 9816 7916 7919
f 9819 9820 9817
f 9819 9817 9818
f 9821 9820 9819
f 9821 9819 9822
f 7922 9820 9821
f 7922 9821 7925
f 9817 9820 7922
f 9817 7922 7921
f 9790 9823 9824
f 9790 9824 9792
f 9825 9823 9790
f 9825 9790 9791
f 9826 9823 9825
f 9826 9825 9827
f 9824 9823 9826
f 9824 9826 9813
f 9788 9828 9825
f 9788 9825 9791
f 9829 9828 9788
f 9829 9788 9789
f 9830 9828 9829
f 9830 9829 9831
f 9825 9828 9830
f 9825 9830 9827
f 9784 9832 9829
f 9784 9829 9789
f 9833 9832 9784
f 9833 9784 9787
f 9834 9832 9833
f 9834 9833 9835
f 9829 9832 9834
f 9829 9834 9831
f 9793 9836 9833
f 9793 9833 9787
f 9837 9836 9793
f 9837 9793 9796
f 9838 9836 9837
f 9838 9837 9806
f 9833 9836 9838
f 9833 9838 9835
f 9795 9839 9837
f 9795 9837 9796
f 9840 9839 9795
f 9840 9795 9798
f 9805 9839 9840
f 9805 9840 9807
f 9837 9839 9805
f 9837 9805 9806
f 9797 9841 9840
f 9797 9840 9798
f 9824 9841 9797
f 9824 9797 9792
f 9812 9841 9824
f 9812 9824 9813
f 9840 9841 9812
f 9840 9812 9807
f 9842 9843 9844
f 9842 9844 9845
f 9846 9843 9842
f 9846 9842 9847
f 9848 9843 9846
f 9848 9846 9849
f 9844 9843 9848
f 9844 9848 9850
f 9851 9852 9853
f 9851 9853 9854
f 9855 9852 9851
f 9855 9851 9856
f 9857 9852 9855
f 9857 9855 9858
f 9853 9852 9857
f 9853 9857 9859
f 9860 9861 9855
f 9860 9855 9856
f 9862 9861 9860
f 9862 9860 9863
f 9864 9861 9862
f 9864 9862 9865
f 9855 9861 9864
f 9855 9864 9858
f 9866 9867 9862
f 9866 9862 9863
f 9868 9867 9866
f 9868 9866 9869
f 9870 9867 9868
f 9870 9868 9871
f 9862 9867 9870
f 9862 9870 9865
f 9872 9873 9868
f 9872 9868 9869
f 9853 9873 9872
f 9853 9872 9854
f 9874 9873 9853
f 9874 9853 9859
f 9868 9873 9874
f 9868 9874 9871
f 9848 9875 9876
f 9848 9876 9850
f 9877 9875 9848
f 9877 9848 9849
f 9851 9875 9877
f 9851 9877 9856
f 9876 9875 9851
f 9876 9851 9854
f 9846 9878 9877
f 9846 9877 9849
f 9879 9878 9846
f 9879 9846 9847
f 9860 9878 9879
f 9860 9879 9863
f 9877 9878 9860
f 9877 9860 9856
f 9842 9880 9879
f 9842 9879 9847
f 9881 9880 9842
f 9881 9842 9845
f 9866 9880 9881
f 9866 9881 9869
f 9879 9880 9866
f 9879 9866 9863
f 9844 9882 9881
f 9844 9881 9845
f 9876 9882 9844
f 9876 9844 9850
f 9872 9882 9876
f 9872 9876 9854
f 9881 9882 9872
f 9881 9872 9869
f 9814 9883 9884
f 9814 9884 9818
f 9810 9883 9814
f 9810 9814 9811
f 9826 9883 9810
f 9826 9810 9813
f 9884 9883 9826
f 9884 9826 9827
f 9819 9885 9886
f 9819 9886 9822
f 9884 9885 9819
f 9884 9819 9818
f 9830 9885 9884
f 9830 9884 9827
f 9886 9885 9830
f 9886 9830 9831
f 9887 9888 9889
f 9887 9889 9890
f 9886 9888 9887
f 9886 9887 9822
f 9834 9888 9886
f 9834 9886 9831
f 9889 9888 9834
f 9889 9834 9835
f 9891 9892 9803
f 9891 9803 9804
f 9889 9892 9891
f 9889 9891 9890
f 9838 9892 9889
f 9838 9889 9835
f 9803 9892 9838
f 9803 9838 9806
f 9893 9894 9895
f 9893 9895 9896
f 9897 9894 9893
f 9897 9893 9898
f 9782 9894 9897
f 9782 9897 9783
f 9895 9894 9782
f 9895 9782 9778
f 9899 9900 9897
f 9899 9897 9898
f 9901 9900 9899
f 9901 9899 9902
f 9903 9900 9901
f 9903 9901 9904
f 9897 9900 9903
f 9897 9903 9783
f 9905 9906 9907
f 9905 9907 9908
f 9909 9906 9905
f 9909 9905 9910
f 9751 9906 9909
f 9751 9909 9754
f 9907 9906 9751
f 9907 9751 9752
f 9911 9912 9909
f 9911 9909 9910
f 9913 9912 9911
f 9913 9911 9914
f 9753 9912 9913
f 9753 9913 9755
f 9909 9912 9753
f 9909 9753 9754
f 9915 9916 9917
f 9915 9917 9918
f 9919 9916 9915
f 9919 9915 9914
f 9920 9916 9919
f 9920 9919 9921
f 9917 9916 9920
f 9917 9920 9922
f 9923 9924 9925
f 9923 9925 9908
f 9917 9924 9923
f 9917 9923 9918
f 9926 9924 9917
f 9926 9917 9922
f 9925 9924 9926
f 9925 9926 9927
f 9928 9929 9930
f 9928 9930 9931
f 9930 9929 9724
f 9930 9724 9727
f 9724 9929 9932
f 9724 9932 9725
f 9932 9929 9928
f 9932 9928 9933
f 9934 9935 9932
f 9934 9932 9933
f 9932 9935 9730
f 9932 9730 9725
f 9730 9935 9936
f 9730 9936 9731
f 9936 9935 9934
f 9936 9934 9937
f 9938 9939 9936
f 9938 9936 9937
f 9936 9939 9734
f 9936 9734 9731
f 9734 9939 9940
f 9734 9940 9735
f 9940 9939 9938
f 9940 9938 9941
f 9942 9943 9940
f 9942 9940 9941
f 9940 9943 9737
f 9940 9737 9735
f 9737 9943 9930
f 9737 9930 9727
f 9930 9943 9942
f 9930 9942 9931
f 9944 9945 9946
f 9944 9946 9947
f 9946 9945 9928
f 9946 9928 9931
f 9928 9945 9948
f 9928 9948 9933
f 9948 9945 9944
f 9948 9944 9949
f 9950 9951 9948
f 9950 9948 9949
f 9948 9951 9934
f 9948 9934 9933
f 9934 9951 9952
f 9934 9952 9937
f 9952 9951 9950
f 9952 9950 9953
f 9954 9955 9952
f 9954 9952 9953
f 9952 9955 9938
f 9952 9938 9937
f 9938 9955 9956
f 9938 9956 9941
f 9956 9955 9954
f 9956 9954 9957
f 9958 9959 9956
f 9958 9956 9957
f 9956 9959 9942
f 9956 9942 9941
f 9942 9959 9946
f 9942 9946 9931
f 9946 9959 9958
f 9946 9958 9947
f 9960 9961 9962
f 9960 9962 9963
f 9962 9961 9944
f 9962 9944 9947
f 9944 9961 9964
f 9944 9964 9949
f 9964 9961 9960
f 9964 9960 9965
f 9966 9967 9964
f 9966 9964 9965
f 9964 9967 9950
f 9964 9950 9949
f 9950 9967 9968
f 9950 9968 9953
f 9968 9967 9966
f 9968 9966 9969
f 9970 9971 9968
f 9970 9968 9969
f 9968 9971 9954
f 9968 9954 9953
f 9954 9971 9972
f 9954 9972 9957
f 9972 9971 9970
f 9972 9970 9973
f 9974 9975 9972
f 9974 9972 9973
f 9972 9975 9958
f 9972 9958 9957
f 9958 9975 9962
f 9958 9962 9947
f 9962 9975 9974
f 9962 9974 9963
f 9966 9976 9977
f 9966 9977 9969
f 9977 9978 9970
f 9977 9970 9969
f 9970 9978 9979
f 9970 9979 9973
f 9979 9980 9974
f 9979 9974 9973
f 9775 9981 9982
f 9775 9982 9777
f 9982 9981 9983
f 9982 9983 9904
f 9983 9981 7815
f 9983 7815 7818
f 7815 9981 9775
f 7815 9775 7820
f 9984 9985 9986
f 9984 9986 9987
f 9986 9985 9988
f 9986 9988 9989
f 9988 9985 9990
f 9988 9990 9991
f 9990 9985 9984
f 9990 9984 9992
f 9983 9993 9903
f 9983 9903 9904
f 9903 9993 9781
f 9903 9781 9783
f 9781 9993 7824
f 9781 7824 7827
f 7824 9993 9983
f 7824 9983 7818
f 9721 9994 9717
f 9721 9717 9718
f 9717 9994 9711
f 9717 9711 9712
f 9711 9994 9702
f 9711 9702 9703
f 9702 9994 9721
f 9702 9721 9705
f 9995 9996 9997
f 9995 9997 9998
f 9997 9996 9999
f 9997 9999 10000
f 9999 9996 9742
f 9999 9742 9743
f 9742 9996 9995
f 9742 9995 9745
f 9744 10001 10002
f 9744 10002 9746
f 10002 10001 10003
f 10002 10003 10004
f 10003 10001 9995
f 10003 9995 9998
f 9995 10001 9744
f 9995 9744 9745
f 9740 10005 10006
f 9740 10006 9741
f 10006 10005 10007
f 10006 10007 10008
f 10007 10005 10002
f 10007 10002 10004
f 10002 10005 9740
f 10002 9740 9746
f 9999 10009 10010
f 9999 10010 10000
f 10010 10009 10006
f 10010 10006 10008
f 10006 10009 9738
f 10006 9738 9741
f 9738 10009 9999
f 9738 9999 9743
f 10011 10012 10013
f 10011 10013 10014
f 10013 10012 9925
f 10013 9925 9927
f 9925 10012 9905
f 9925 9905 9908
f 9905 10012 10011
f 9905 10011 9910
f 9919 10015 10016
f 9919 10016 9921
f 10016 10015 10011
f 10016 10011 10014
f 10011 10015 9911
f 10011 9911 9910
f 9911 10015 9919
f 9911 9919 9914
f 9749 10017 10018
f 9749 10018 9750
f 10018 10017 9915
f 10018 9915 9918
f 9915 10017 9913
f 9915 9913 9914
f 9913 10017 9749
f 9913 9749 9755
f 9747 10019 9907
f 9747 9907 9752
f 9907 10019 9923
f 9907 9923 9908
f 9923 10019 10018
f 9923 10018 9918
f 10018 10019 9747
f 10018 9747 9750
f 9776 10020 9895
f 9776 9895 9778
f 9895 10020 10021
f 9895 10021 9896
f 10021 10020 10022
f 10021 10022 10023
f 10022 10020 9776
f 10022 9776 9777
f 9982 10024 10022
f 9982 10022 9777
f 10022 10024 10025
f 10022 10025 10023
f 10025 10024 9901
f 10025 9901 9902
f 9901 10024 9982
f 9901 9982 9904
f 10026 10027 10003
f 10026 10003 9998
f 10003 10027 10028
f 10003 10028 10004
f 10028 10027 9899
f 10028 9899 9898
f 9899 10027 10026
f 9899 10026 9902
f 10028 10029 10007
f 10028 10007 10004
f 10007 10029 10030
f 10007 10030 10008
f 10030 10029 9893
f 10030 9893 9896
f 9893 10029 10028
f 9893 10028 9898
f 10031 10032 10033
f 10031 10033 10034
f 10033 10032 10035
f 10033 10035 10036
f 10035 10032 10037
f 10035 10037 10038
f 10037 10032 10031
f 10037 10031 10039
f 10035 10040 10041
f 10035 10041 10036
f 10041 10040 9926
f 10041 9926 9922
f 9926 10040 10042
f 9926 10042 9927
f 10042 10040 10035
f 10042 10035 10038
f 10037 10043 10044
f 10037 10044 10038
f 10044 10043 10045
f 10044 10045 10046
f 10045 10043 10047
f 10045 10047 10048
f 10047 10043 10037
f 10047 10037 10039
f 10044 10049 10042
f 10044 10042 10038
f 10042 10049 10013
f 10042 10013 9927
f 10013 10049 10050
f 10013 10050 10014
f 10050 10049 10044
f 10050 10044 10046
f 10045 10051 10052
f 10045 10052 10046
f 10052 10051 10053
f 10052 10053 10054
f 10053 10051 10055
f 10053 10055 10056
f 10055 10051 10045
f 10055 10045 10048
f 10050 10057 10016
f 10050 10016 10014
f 10016 10057 10058
f 10016 10058 9921
f 10058 10057 10052
f 10058 10052 10054
f 10052 10057 10050
f 10052 10050 10046
f 10059 10060 10053
f 10059 10053 10056
f 10053 10060 10061
f 10053 10061 10054
f 10061 10060 10033
f 10061 10033 10036
f 10033 10060 10059
f 10033 10059 10034
f 10058 10062 9920
f 10058 9920 9921
f 9920 10062 10041
f 9920 10041 9922
f 10041 10062 10061
f 10041 10061 10036
f 10061 10062 10058
f 10061 10058 10054
f 10063 10064 10065
f 10063 10065 10066
f 10065 10064 10067
f 10065 10067 10068
f 10067 10064 10069
f 10067 10069 10070
f 10069 10064 10063
f 10069 10063 10071
f 10072 10073 10074
f 10072 10074 10075
f 10074 10073 10076
f 10074 10076 10077
f 10076 10073 10065
f 10076 10065 10068
f 10065 10073 10072
f 10065 10072 10066
f 10078 10079 10080
f 10078 10080 10081
f 10080 10079 10082
f 10080 10082 10083
f 10082 10079 10074
f 10082 10074 10077
f 10074 10079 10078
f 10074 10078 10075
f 10084 10085 10069
f 10084 10069 10071
f 10069 10085 10086
f 10069 10086 10070
f 10086 10085 10080
f 10086 10080 10083
f 10080 10085 10084
f 10080 10084 10081
f 10067 10087 10088
f 10067 10088 10068
f 10088 10087 10089
f 10088 10089 10090
f 10089 10087 10091
f 10089 10091 10092
f 10091 10087 10067
f 10091 10067 10070
f 10076 10093 10094
f 10076 10094 10077
f 10094 10093 10095
f 10094 10095 10096
f 10095 10093 10088
f 10095 10088 10090
f 10088 10093 10076
f 10088 10076 10068
f 10082 10097 10098
f 10082 10098 10083
f 10098 10097 10099
f 10098 10099 10100
f 10099 10097 10094
f 10099 10094 10096
f 10094 10097 10082
f 10094 10082 10077
f 10086 10101 10091
f 10086 10091 10070
f 10091 10101 10102
f 10091 10102 10092
f 10102 10101 10098
f 10102 10098 10100
f 10098 10101 10086
f 10098 10086 10083
f 10089 10103 10104
f 10089 10104 10090
f 10104 10103 9984
f 10104 9984 9987
f 9984 10103 10105
f 9984 10105 9992
f 10105 10103 10089
f 10105 10089 10092
f 10095 10106 10107
f 10095 10107 10096
f 10107 10106 9986
f 10107 9986 9989
f 9986 10106 10104
f 9986 10104 9987
f 10104 10106 10095
f 10104 10095 10090
f 10099 10108 10109
f 10099 10109 10100
f 10109 10108 9988
f 10109 9988 9991
f 9988 10108 10107
f 9988 10107 9989
f 10107 10108 10099
f 10107 10099 10096
f 10102 10110 10105
f 10102 10105 10092
f 10105 10110 9990
f 10105 9990 9992
f 9990 10110 10109
f 9990 10109 9991
f 10109 10110 10102
f 10109 10102 10100
f 10111 10112 10078
f 10111 10078 10081
f 10078 10112 10113
f 10078 10113 10075
f 10114 10115 10063
f 10114 10063 10066
f 10116 10117 10118
f 10116 10118 9770
f 10118 10117 10059
f 10118 10059 10056
f 10059 10117 10119
f 10059 10119 10034
f 10119 10117 10116
f 10119 10116 10120
f 9767 10121 10116
f 9767 10116 9770
f 10116 10121 10122
f 10116 10122 10120
f 10122 10121 10123
f 10122 10123 10124
f 10123 10121 9767
f 10123 9767 9768
f 10125 10126 10055
f 10125 10055 10048
f 10055 10126 10118
f 10055 10118 10056
f 10118 10126 9769
f 10118 9769 9770
f 9769 10126 10125
f 9769 10125 9763
f 10127 10128 10047
f 10127 10047 10039
f 10047 10128 10125
f 10047 10125 10048
f 10125 10128 9762
f 10125 9762 9763
f 9762 10128 10127
f 9762 10127 9764
f 10129 10130 10119
f 10129 10119 10120
f 10119 10130 10031
f 10119 10031 10034
f 10031 10130 10127
f 10031 10127 10039
f 10127 10130 10129
f 10127 10129 9764
f 10122 10131 10129
f 10122 10129 10120
f 10129 10131 9758
f 10129 9758 9764
f 9758 10131 10132
f 9758 10132 9759
f 10132 10131 10122
f 10132 10122 10124
f 10133 10134 7944
f 10133 7944 7942
f 7944 10134 9816
f 7944 9816 7919
f 9816 10134 9808
f 9816 9808 9811
f 9808 10134 10133
f 9808 10133 9802
f 10135 10136 7939
f 10135 7939 7936
f 7939 10136 10133
f 7939 10133 7942
f 10133 10136 9799
f 10133 9799 9802
f 9799 10136 10135
f 9799 10135 9804
f 10137 10138 7933
f 10137 7933 7930
f 7933 10138 10135
f 7933 10135 7936
f 10135 10138 9891
f 10135 9891 9804
f 9891 10138 10137
f 9891 10137 9890
f 9821 10139 7927
f 9821 7927 7925
f 7927 10139 10137
f 7927 10137 7930
f 10137 10139 9887
f 10137 9887 9890
f 9887 10139 9821
f 9887 9821 9822
f 10113 10140 10072
f 10113 10072 10075
f 10072 10140 10114
f 10072 10114 10066
f 10141 10142 9997
f 10141 9997 10000
f 9997 10142 10026
f 9997 10026 9998
f 10026 10142 10025
f 10026 10025 9902
f 10025 10142 10141
f 10025 10141 10023
f 10030 10143 10010
f 10030 10010 10008
f 10010 10143 10141
f 10010 10141 10000
f 10141 10143 10021
f 10141 10021 10023
f 10021 10143 10030
f 10021 10030 9896
f 10144 10145 10146
f 10144 10146 10147
f 10145 10148 10149
f 10145 10149 10146
f 10150 10151 10152
f 10150 10152 10153
f 10151 10144 10147
f 10151 10147 10152
f 10154 10155 10156
f 10154 10156 10157
f 10155 10150 10153
f 10155 10153 10156
f 10148 10158 10159
f 10148 10159 10149
f 10158 10154 10157
f 10158 10157 10159
f 10160 10161 10147
f 10160 10147 10146
f 10162 10160 10146
f 10162 10146 10149
f 10163 10164 10153
f 10163 10153 10152
f 10161 10163 10152
f 10161 10152 10147
f 10165 10166 10157
f 10165 10157 10156
f 10164 10165 10156
f 10164 10156 10153
f 10167 10162 10149
f 10167 10149 10159
f 10166 10167 10159
f 10166 10159 10157
f 10168 10169 10170
f 10168 10170 10171
f 10172 10169 10168
f 10172 10168 10173
f 10174 10169 10172
f 10174 10172 10175
f 10170 10169 10174
f 10170 10174 10176
f 10177 10178 10179
f 10177 10179 10180
f 10170 10178 10177
f 10170 10177 10171
f 10181 10178 10170
f 10181 10170 10176
f 10179 10178 10181
f 10179 10181 10182
f 10179 10183 10184
f 10179 10184 10180
f 10185 10183 10179
f 10185 10179 10182
f 10186 10183 10185
f 10186 10185 10187
f 10184 10183 10186
f 10184 10186 10188
f 10189 10190 10191
f 10189 10191 10192
f 10193 10190 10189
f 10193 10189 10194
f 10195 10190 10193
f 10195 10193 10196
f 10191 10190 10195
f 10191 10195 10197
f 10198 10199 10189
f 10198 10189 10192
f 10184 10199 10198
f 10184 10198 10180
f 10200 10199 10184
f 10200 10184 10188
f 10189 10199 10200
f 10189 10200 10194
f 10195 10201 10202
f 10195 10202 10197
f 10203 10201 10195
f 10203 10195 10196
f 10168 10201 10203
f 10168 10203 10173
f 10202 10201 10168
f 10202 10168 10171
f 10204 10205 10198
f 10204 10198 10192
f 10206 10205 10204
f 10206 10204 10207
f 10208 10205 10206
f 10208 10206 10209
f 10198 10205 10208
f 10198 10208 10180
f 10208 10210 10177
f 10208 10177 10180
f 10211 10210 10208
f 10211 10208 10209
f 10212 10210 10211
f 10212 10211 10213
f 10177 10210 10212
f 10177 10212 10171
f 10212 10214 10202
f 10212 10202 10171
f 10215 10214 10212
f 10215 10212 10213
f 10216 10214 10215
f 10216 10215 10217
f 10202 10214 10216
f 10202 10216 10197
f 10216 10218 10191
f 10216 10191 10197
f 10219 10218 10216
f 10219 10216 10217
f 10204 10218 10219
f 10204 10219 10207
f 10191 10218 10204
f 10191 10204 10192
f 10220 10221 10206
f 10220 10206 10207
f 10222 10221 10220
f 10222 10220 10223
f 10224 10221 10222
f 10224 10222 10225
f 10206 10221 10224
f 10206 10224 10209
f 10224 10226 10211
f 10224 10211 10209
f 10227 10226 10224
f 10227 10224 10225
f 10228 10226 10227
f 10228 10227 10229
f 10211 10226 10228
f 10211 10228 10213
f 10228 10230 10215
f 10228 10215 10213
f 10231 10230 10228
f 10231 10228 10229
f 10232 10230 10231
f 10232 10231 10233
f 10215 10230 10232
f 10215 10232 10217
f 10232 10234 10219
f 10232 10219 10217
f 10235 10234 10232
f 10235 10232 10233
f 10220 10234 10235
f 10220 10235 10223
f 10219 10234 10220
f 10219 10220 10207
f 10236 10237 10222
f 10236 10222 10223
f 10238 10237 10236
f 10238 10236 10239
f 10240 10237 10238
f 10240 10238 10241
f 10222 10237 10240
f 10222 10240 10225
f 10240 10242 10227
f 10240 10227 10225
f 10243 10242 10240
f 10243 10240 10241
f 10244 10242 10243
f 10244 10243 10245
f 10227 10242 10244
f 10227 10244 10229
f 10244 10246 10231
f 10244 10231 10229
f 10247 10246 10244
f 10247 10244 10245
f 10248 10246 10247
f 10248 10247 10249
f 10231 10246 10248
f 10231 10248 10233
f 10248 10250 10235
f 10248 10235 10233
f 10251 10250 10248
f 10251 10248 10249
f 10236 10250 10251
f 10236 10251 10239
f 10235 10250 10236
f 10235 10236 10223
f 10252 10253 10238
f 10252 10238 10239
f 10254 10253 10252
f 10254 10252 10255
f 10256 10253 10254
f 10256 10254 10257
f 10238 10253 10256
f 10238 10256 10241
f 10256 10258 10243
f 10256 10243 10241
f 10259 10258 10256
f 10259 10256 10257
f 10260 10258 10259
f 10260 10259 10261
f 10243 10258 10260
f 10243 10260 10245
f 10260 10262 10247
f 10260 10247 10245
f 10263 10262 10260
f 10263 10260 10261
f 10264 10262 10263
f 10264 10263 10265
f 10247 10262 10264
f 10247 10264 10249
f 10264 10266 10251
f 10264 10251 10249
f 10267 10266 10264
f 10267 10264 10265
f 10252 10266 10267
f 10252 10267 10255
f 10251 10266 10252
f 10251 10252 10239
f 10268 10269 10254
f 10268 10254 10255
f 10270 10269 10268
f 10270 10268 10271
f 10272 10269 10270
f 10272 10270 10273
f 10254 10269 10272
f 10254 10272 10257
f 10272 10274 10259
f 10272 10259 10257
f 10275 10274 10272
f 10275 10272 10273
f 10276 10274 10275
f 10276 10275 10277
f 10259 10274 10276
f 10259 10276 10261
f 10276 10278 10263
f 10276 10263 10261
f 10279 10278 10276
f 10279 10276 10277
f 10280 10278 10279
f 10280 10279 10281
f 10263 10278 10280
f 10263 10280 10265
f 10280 10282 10267
f 10280 10267 10265
f 10283 10282 10280
f 10283 10280 10281
f 10268 10282 10283
f 10268 10283 10271
f 10267 10282 10268
f 10267 10268 10255
f 10284 10285 10270
f 10284 10270 10271
f 10286 10285 10284
f 10286 10284 10287
f 10288 10285 10286
f 10288 10286 10289
f 10270 10285 10288
f 10270 10288 10273
f 10288 10290 10275
f 10288 10275 10273
f 10291 10290 10288
f 10291 10288 10289
f 10292 10290 10291
f 10292 10291 10293
f 10275 10290 10292
f 10275 10292 10277
f 10292 10294 10279
f 10292 10279 10277
f 10295 10294 10292
f 10295 10292 10293
f 10296 10294 10295
f 10296 10295 10297
f 10279 10294 10296
f 10279 10296 10281
f 10296 10298 10283
f 10296 10283 10281
f 10299 10298 10296
f 10299 10296 10297
f 10284 10298 10299
f 10284 10299 10287
f 10283 10298 10284
f 10283 10284 10271
f 10300 10301 10286
f 10300 10286 10287
f 10302 10301 10300
f 10302 10300 7972
f 10303 10301 10302
f 10303 10302 10304
f 10286 10301 10303
f 10286 10303 10289
f 10303 10305 10291
f 10303 10291 10289
f 10306 10305 10303
f 10306 10303 10304
f 10307 10305 10306
f 10307 10306 7979
f 10291 10305 10307
f 10291 10307 10293
f 10307 10308 10295
f 10307 10295 10293
f 7978 10308 10307
f 7978 10307 7979
f 10309 10308 7978
f 10309 7978 7973
f 10295 10308 10309
f 10295 10309 10297
f 10309 10310 10299
f 10309 10299 10297
f 7971 10310 10309
f 7971 10309 7973
f 10300 10310 7971
f 10300 7971 7972
f 10299 10310 10300
f 10299 10300 10287
f 10311 10312 10193
f 10311 10193 10194
f 6943 6938 6993
f 6943 6993 6991
f 6941 6983 6993
f 6941 6993 6938
f 10313 8812 8811
f 10313 8811 10314
f 10314 8789 8788
f 10314 8788 10313
f 6966 6969 6990
f 6966 6990 6987
f 6943 6991 6990
f 6943 6990 6969
f 6985 6984 8798
f 6985 8798 8797
f 8787 8786 8796
f 8787 8796 8799
f 6961 6965 6986
f 6961 6986 6981
f 6966 6987 6986
f 6966 6986 6965
f 6978 6985 8797
f 6978 8797 7599
f 8786 7595 7598
f 8786 7598 8796
f 6941 6960 6980
f 6941 6980 6983
f 6961 6981 6980
f 6961 6980 6960
f 6984 6989 8810
f 6984 8810 8798
f 8808 8787 8799
f 8808 8799 8809
f 10315 10312 10311
f 10315 10311 10316
f 10317 10312 10315
f 10317 10315 10318
f 10193 10312 10317
f 10193 10317 10196
f 10317 10319 10203
f 10317 10203 10196
f 10320 10319 10317
f 10320 10317 10318
f 10321 10319 10320
f 10321 10320 10322
f 10203 10319 10321
f 10203 10321 10173
f 10321 10323 10324
f 10321 10324 10173
f 10325 10323 10321
f 10325 10321 10322
f 10326 10323 10325
f 10326 10325 10327
f 10324 10323 10326
f 10324 10326 10188
f 10326 10328 10200
f 10326 10200 10188
f 10329 10328 10326
f 10329 10326 10327
f 10311 10328 10329
f 10311 10329 10316
f 10200 10328 10311
f 10200 10311 10194
f 10330 10331 10315
f 10330 10315 10316
f 10332 10331 10330
f 10332 10330 10333
f 10334 10331 10332
f 10334 10332 10335
f 10315 10331 10334
f 10315 10334 10318
f 10334 10336 10320
f 10334 10320 10318
f 10337 10336 10334
f 10337 10334 10335
f 10338 10336 10337
f 10338 10337 10339
f 10320 10336 10338
f 10320 10338 10322
f 10338 10340 10325
f 10338 10325 10322
f 10341 10340 10338
f 10341 10338 10339
f 10342 10340 10341
f 10342 10341 10343
f 10325 10340 10342
f 10325 10342 10327
f 10342 10344 10329
f 10342 10329 10327
f 10345 10344 10342
f 10345 10342 10343
f 10330 10344 10345
f 10330 10345 10333
f 10329 10344 10330
f 10329 10330 10316
f 10346 10347 10332
f 10346 10332 10333
f 10348 10347 10346
f 10348 10346 10349
f 10350 10347 10348
f 10350 10348 10351
f 10332 10347 10350
f 10332 10350 10335
f 10350 10352 10337
f 10350 10337 10335
f 10353 10352 10350
f 10353 10350 10351
f 10354 10352 10353
f 10354 10353 10355
f 10337 10352 10354
f 10337 10354 10339
f 10354 10356 10341
f 10354 10341 10339
f 10357 10356 10354
f 10357 10354 10355
f 10358 10356 10357
f 10358 10357 10359
f 10341 10356 10358
f 10341 10358 10343
f 10358 10360 10345
f 10358 10345 10343
f 10361 10360 10358
f 10361 10358 10359
f 10346 10360 10361
f 10346 10361 10349
f 10345 10360 10346
f 10345 10346 10333
f 10362 10363 10348
f 10362 10348 10349
f 10364 10363 10362
f 10364 10362 10365
f 10366 10363 10364
f 10366 10364 10367
f 10348 10363 10366
f 10348 10366 10351
f 10366 10368 10353
f 10366 10353 10351
f 10369 10368 10366
f 10369 10366 10367
f 10370 10368 10369
f 10370 10369 10371
f 10353 10368 10370
f 10353 10370 10355
f 10370 10372 10357
f 10370 10357 10355
f 10373 10372 10370
f 10373 10370 10371
f 10374 10372 10373
f 10374 10373 10375
f 10357 10372 10374
f 10357 10374 10359
f 10374 10376 10361
f 10374 10361 10359
f 10377 10376 10374
f 10377 10374 10375
f 10362 10376 10377
f 10362 10377 10365
f 10361 10376 10362
f 10361 10362 10349
f 10378 10379 10364
f 10378 10364 10365
f 10380 10379 10378
f 10380 10378 10381
f 10382 10379 10380
f 10382 10380 10383
f 10364 10379 10382
f 10364 10382 10367
f 10382 10384 10369
f 10382 10369 10367
f 10385 10384 10382
f 10385 10382 10383
f 10386 10384 10385
f 10386 10385 10387
f 10369 10384 10386
f 10369 10386 10371
f 10386 10388 10373
f 10386 10373 10371
f 10389 10388 10386
f 10389 10386 10387
f 10390 10388 10389
f 10390 10389 10391
f 10373 10388 10390
f 10373 10390 10375
f 10390 10392 10377
f 10390 10377 10375
f 10393 10392 10390
f 10393 10390 10391
f 10378 10392 10393
f 10378 10393 10381
f 10377 10392 10378
f 10377 10378 10365
f 10394 10395 10380
f 10394 10380 10381
f 7830 10395 10394
f 7830 10394 7835
f 10396 10395 7830
f 10396 7830 7833
f 10380 10395 10396
f 10380 10396 10383
f 10396 10397 10385
f 10396 10385 10383
f 7839 10397 10396
f 7839 10396 7833
f 10398 10397 7839
f 10398 7839 7842
f 10385 10397 10398
f 10385 10398 10387
f 10398 10399 10389
f 10398 10389 10387
f 7861 10399 10398
f 7861 10398 7842
f 10400 10399 7861
f 10400 7861 7862
f 10389 10399 10400
f 10389 10400 10391
f 10400 10401 10393
f 10400 10393 10391
f 7867 10401 10400
f 7867 10400 7862
f 10394 10401 7867
f 10394 7867 7835
f 10393 10401 10394
f 10393 10394 10381
f 10402 10403 7836
f 10402 7836 7837
f 10404 10403 10402
f 10404 10402 10405
f 10406 10403 10404
f 10406 10404 10407
f 7836 10403 10406
f 7836 10406 7838
f 10406 10408 7843
f 10406 7843 7838
f 10409 10408 10406
f 10409 10406 10407
f 10410 10408 10409
f 10410 10409 10411
f 7843 10408 10410
f 7843 10410 7844
f 10410 10412 7851
f 10410 7851 7844
f 10413 10412 10410
f 10413 10410 10411
f 10414 10412 10413
f 10414 10413 10415
f 7851 10412 10414
f 7851 10414 7852
f 10414 10416 7874
f 10414 7874 7852
f 10417 10416 10414
f 10417 10414 10415
f 10402 10416 10417
f 10402 10417 10405
f 7874 10416 10402
f 7874 10402 7837
f 10418 10419 10420
f 10418 10420 10421
f 10422 10419 10418
f 10422 10418 10423
f 10424 10419 10422
f 10424 10422 10425
f 10420 10419 10424
f 10420 10424 10426
f 10427 10428 10429
f 10427 10429 10430
f 10431 10428 10427
f 10431 10427 10432
f 10418 10428 10431
f 10418 10431 10423
f 10429 10428 10418
f 10429 10418 10421
f 10433 10434 10435
f 10433 10435 10436
f 10420 10434 10433
f 10420 10433 10421
f 10437 10434 10420
f 10437 10420 10426
f 10435 10434 10437
f 10435 10437 10438
f 10439 10440 10441
f 10439 10441 10442
f 10429 10440 10439
f 10429 10439 10430
f 10433 10440 10429
f 10433 10429 10421
f 10441 10440 10433
f 10441 10433 10436
f 10443 10444 10422
f 10443 10422 10423
f 10445 10444 10443
f 10445 10443 10446
f 10447 10444 10445
f 10447 10445 10448
f 10422 10444 10447
f 10422 10447 10425
f 10449 10450 10431
f 10449 10431 10432
f 10451 10450 10449
f 10451 10449 10452
f 10443 10450 10451
f 10443 10451 10446
f 10431 10450 10443
f 10431 10443 10423
f 10453 10454 10445
f 10453 10445 10446
f 10435 10454 10453
f 10435 10453 10436
f 10455 10454 10435
f 10455 10435 10438
f 10445 10454 10455
f 10445 10455 10448
f 10456 10457 10451
f 10456 10451 10452
f 10441 10457 10456
f 10441 10456 10442
f 10453 10457 10441
f 10453 10441 10436
f 10451 10457 10453
f 10451 10453 10446
f 10458 10459 10460
f 10458 10460 10461
f 10462 10458 10461
f 10462 10461 10463
f 10464 10462 10463
f 10464 10463 10465
f 10466 10464 10465
f 10466 10465 10467
f 10468 10466 10467
f 10468 10467 10469
f 10470 10468 10469
f 10470 10469 10471
f 10472 10470 10471
f 10472 10471 10473
f 10459 10472 10473
f 10459 10473 10460
f 10461 10460 10474
f 10461 10474 10475
f 10463 10461 10475
f 10463 10475 10476
f 10465 10463 10476
f 10465 10476 10477
f 10467 10465 10477
f 10467 10477 10478
f 10469 10467 10478
f 10469 10478 10479
f 10471 10469 10479
f 10471 10479 10480
f 10473 10471 10480
f 10473 10480 10481
f 10460 10473 10481
f 10460 10481 10474
f 10475 10474 10482
f 10475 10482 10483
f 10476 10475 10483
f 10476 10483 10484
f 10477 10476 10484
f 10477 10484 10485
f 10478 10477 10485
f 10478 10485 10486
f 10479 10478 10486
f 10479 10486 10487
f 10480 10479 10487
f 10480 10487 10488
f 10481 10480 10488
f 10481 10488 10489
f 10474 10481 10489
f 10474 10489 10482
f 10483 10482 10490
f 10483 10490 10491
f 10484 10483 10491
f 10484 10491 10492
f 10485 10484 10492
f 10485 10492 10493
f 10486 10485 10493
f 10486 10493 10494
f 10487 10486 10494
f 10487 10494 10495
f 10488 10487 10495
f 10488 10495 10496
f 10489 10488 10496
f 10489 10496 10497
f 10482 10489 10497
f 10482 10497 10490
f 10491 10490 10498
f 10491 10498 10499
f 10492 10491 10499
f 10492 10499 10500
f 10493 10492 10500
f 10493 10500 10501
f 10494 10493 10501
f 10494 10501 10502
f 10495 10494 10502
f 10495 10502 10503
f 10496 10495 10503
f 10496 10503 10504
f 10497 10496 10504
f 10497 10504 10505
f 10490 10497 10505
f 10490 10505 10498
f 10506 10507 10508
f 10506 10508 10509
f 10510 10511 10512
f 10510 10512 10513
f 10506 10514 10515
f 10506 10515 10513
f 10516 10510 10513
f 10516 10513 10515
f 10517 10507 10512
f 10517 10512 10518
f 10511 10519 10518
f 10511 10518 10512
f 10520 10514 10521
f 10520 10521 10522
f 10523 10516 10515
f 10523 10515 10524
f 10517 10505 10525
f 10517 10525 10526
f 10519 10499 10498
f 10519 10498 10518
f 10503 10520 10522
f 10503 10522 10527
f 10501 10523 10524
f 10501 10524 10502
f 10505 10504 10528
f 10505 10528 10525
f 10458 10462 10529
f 10458 10529 10459
f 10504 10503 10527
f 10504 10527 10528
f 10462 10464 10466
f 10462 10466 10529
f 10530 10531 10532
f 10530 10532 10533
f 10534 10530 10533
f 10534 10533 10535
f 10536 10534 10535
f 10536 10535 10537
f 10538 10536 10537
f 10538 10537 10539
f 10540 10538 10539
f 10540 10539 10541
f 10542 10540 10541
f 10542 10541 10543
f 10544 10542 10543
f 10544 10543 10545
f 10531 10544 10545
f 10531 10545 10532
f 10533 10532 10546
f 10533 10546 10547
f 10535 10533 10547
f 10535 10547 10548
f 10537 10535 10548
f 10537 10548 10549
f 10539 10537 10549
f 10539 10549 10550
f 10541 10539 10550
f 10541 10550 10551
f 10543 10541 10551
f 10543 10551 10552
f 10545 10543 10552
f 10545 10552 10553
f 10532 10545 10553
f 10532 10553 10546
f 10547 10546 10554
f 10547 10554 10555
f 10548 10547 10555
f 10548 10555 10556
f 10549 10548 10556
f 10549 10556 10557
f 10550 10549 10557
f 10550 10557 10558
f 10551 10550 10558
f 10551 10558 10559
f 10552 10551 10559
f 10552 10559 10560
f 10553 10552 10560
f 10553 10560 10561
f 10546 10553 10561
f 10546 10561 10554
f 10555 10554 10562
f 10555 10562 10563
f 10556 10555 10563
f 10556 10563 10564
f 10557 10556 10564
f 10557 10564 10565
f 10558 10557 10565
f 10558 10565 10566
f 10559 10558 10566
f 10559 10566 10567
f 10560 10559 10567
f 10560 10567 10568
f 10561 10560 10568
f 10561 10568 10569
f 10554 10561 10569
f 10554 10569 10562
f 10563 10562 10570
f 10563 10570 10571
f 10564 10563 10571
f 10564 10571 10572
f 10565 10564 10572
f 10565 10572 10573
f 10566 10565 10573
f 10566 10573 10574
f 10567 10566 10574
f 10567 10574 10575
f 10568 10567 10575
f 10568 10575 10576
f 10569 10568 10576
f 10569 10576 10577
f 10562 10569 10577
f 10562 10577 10570
f 10571 10570 10578
f 10571 10578 10579
f 10572 10571 10579
f 10572 10579 10580
f 10573 10572 10580
f 10573 10580 10581
f 10574 10573 10581
f 10574 10581 10582
f 10575 10574 10582
f 10575 10582 10583
f 10576 10575 10583
f 10576 10583 10584
f 10577 10576 10584
f 10577 10584 10585
f 10570 10577 10585
f 10570 10585 10578
f 10586 10587 10588
f 10586 10588 10589
f 10590 10591 10592
f 10590 10592 10593
f 10594 10586 10589
f 10594 10589 10595
f 10591 10596 10597
f 10591 10597 10592
f 10598 10590 10593
f 10598 10593 10599
f 10587 10600 10601
f 10587 10601 10588
f 10596 10602 10603
f 10596 10603 10597
f 10604 10594 10595
f 10604 10595 10605
f 10579 10598 10599
f 10579 10599 10606
f 10600 10585 10607
f 10600 10607 10601
f 10602 10581 10608
f 10602 10608 10603
f 10583 10604 10605
f 10583 10605 10609
f 10580 10579 10606
f 10580 10606 10610
f 10585 10584 10611
f 10585 10611 10607
f 10581 10580 10610
f 10581 10610 10608
f 10584 10583 10609
f 10584 10609 10611
f 10612 10613 10614
f 10612 10614 10615
f 10616 10612 10615
f 10616 10615 10617
f 10618 10616 10617
f 10618 10617 10619
f 10620 10618 10619
f 10620 10619 10621
f 10622 10620 10621
f 10622 10621 10623
f 10624 10622 10623
f 10624 10623 10625
f 10626 10624 10625
f 10626 10625 10627
f 10613 10626 10627
f 10613 10627 10614
f 10615 10614 10628
f 10615 10628 10629
f 10617 10615 10629
f 10617 10629 10630
f 10619 10617 10630
f 10619 10630 10631
f 10621 10619 10631
f 10621 10631 10632
f 10623 10621 10632
f 10623 10632 10633
f 10625 10623 10633
f 10625 10633 10634
f 10627 10625 10634
f 10627 10634 10635
f 10614 10627 10635
f 10614 10635 10628
f 10629 10628 10636
f 10629 10636 10637
f 10630 10629 10637
f 10630 10637 10638
f 10631 10630 10638
f 10631 10638 10639
f 10632 10631 10639
f 10632 10639 10640
f 10633 10632 10640
f 10633 10640 10641
f 10634 10633 10641
f 10634 10641 10642
f 10635 10634 10642
f 10635 10642 10643
f 10628 10635 10643
f 10628 10643 10636
f 10637 10636 10644
f 10637 10644 10645
f 10638 10637 10645
f 10638 10645 10646
f 10639 10638 10646
f 10639 10646 10647
f 10640 10639 10647
f 10640 10647 10648
f 10641 10640 10648
f 10641 10648 10649
f 10642 10641 10649
f 10642 10649 10650
f 10643 10642 10650
f 10643 10650 10651
f 10636 10643 10651
f 10636 10651 10644
f 10645 10644 10652
f 10645 10652 10653
f 10646 10645 10653
f 10646 10653 10654
f 10647 10646 10654
f 10647 10654 10655
f 10648 10647 10655
f 10648 10655 10656
f 10649 10648 10656
f 10649 10656 10657
f 10650 10649 10657
f 10650 10657 10658
f 10651 10650 10658
f 10651 10658 10659
f 10644 10651 10659
f 10644 10659 10652
f 10653 10652 10660
f 10653 10660 10661
f 10654 10653 10661
f 10654 10661 10662
f 10655 10654 10662
f 10655 10662 10663
f 10656 10655 10663
f 10656 10663 10664
f 10657 10656 10664
f 10657 10664 10665
f 10658 10657 10665
f 10658 10665 10666
f 10659 10658 10666
f 10659 10666 10667
f 10652 10659 10667
f 10652 10667 10660
f 10668 10667 10669
f 10668 10669 10670
f 10661 10671 10672
f 10661 10672 10673
f 10674 10668 10670
f 10674 10670 10675
f 10671 10676 10677
f 10671 10677 10672
f 10667 10666 10678
f 10667 10678 10669
f 10662 10661 10673
f 10662 10673 10679
f 10676 10680 10681
f 10676 10681 10677
f 10682 10674 10675
f 10682 10675 10683
f 10666 10665 10684
f 10666 10684 10678
f 10663 10662 10679
f 10663 10679 10685
f 10680 10686 10687
f 10680 10687 10681
f 10688 10682 10683
f 10688 10683 10689
f 10690 10663 10685
f 10690 10685 10691
f 10665 10692 10693
f 10665 10693 10684
f 10686 10690 10691
f 10686 10691 10687
f 10692 10688 10689
f 10692 10689 10693
f 10694 10695 10696
f 10694 10696 10697
f 10698 10694 10697
f 10698 10697 10699
f 10700 10698 10699
f 10700 10699 10701
f 10702 10700 10701
f 10702 10701 10703
f 10704 10702 10703
f 10704 10703 10705
f 10706 10704 10705
f 10706 10705 10707
f 10708 10706 10707
f 10708 10707 10709
f 10695 10708 10709
f 10695 10709 10696
f 10697 10696 10710
f 10697 10710 10711
f 10699 10697 10711
f 10699 10711 10712
f 10701 10699 10712
f 10701 10712 10713
f 10703 10701 10713
f 10703 10713 10714
f 10705 10703 10714
f 10705 10714 10715
f 10707 10705 10715
f 10707 10715 10716
f 10709 10707 10716
f 10709 10716 10717
f 10696 10709 10717
f 10696 10717 10710
f 10711 10710 10718
f 10711 10718 10719
f 10712 10711 10719
f 10712 10719 10720
f 10713 10712 10720
f 10713 10720 10721
f 10714 10713 10721
f 10714 10721 10722
f 10715 10714 10722
f 10715 10722 10723
f 10716 10715 10723
f 10716 10723 10724
f 10717 10716 10724
f 10717 10724 10725
f 10710 10717 10725
f 10710 10725 10718
f 10719 10718 10726
f 10719 10726 10727
f 10720 10719 10727
f 10720 10727 10728
f 10721 10720 10728
f 10721 10728 10729
f 10722 10721 10729
f 10722 10729 10730
f 10723 10722 10730
f 10723 10730 10731
f 10724 10723 10731
f 10724 10731 10732
f 10725 10724 10732
f 10725 10732 10733
f 10718 10725 10733
f 10718 10733 10726
f 10727 10726 10734
f 10727 10734 10735
f 10728 10727 10735
f 10728 10735 10736
f 10729 10728 10736
f 10729 10736 10737
f 10730 10729 10737
f 10730 10737 10738
f 10731 10730 10738
f 10731 10738 10739
f 10732 10731 10739
f 10732 10739 10740
f 10733 10732 10740
f 10733 10740 10741
f 10726 10733 10741
f 10726 10741 10734
f 10735 10734 10742
f 10735 10742 10743
f 10736 10735 10743
f 10736 10743 10744
f 10737 10736 10744
f 10737 10744 10745
f 10738 10737 10745
f 10738 10745 10746
f 10739 10738 10746
f 10739 10746 10747
f 10740 10739 10747
f 10740 10747 10748
f 10741 10740 10748
f 10741 10748 10749
f 10734 10741 10749
f 10734 10749 10742
f 10743 10742 10750
f 10743 10750 10751
f 10744 10743 10751
f 10744 10751 10752
f 10745 10744 10752
f 10745 10752 10753
f 10746 10745 10753
f 10746 10753 10754
f 10747 10746 10754
f 10747 10754 10755
f 10748 10747 10755
f 10748 10755 10756
f 10749 10748 10756
f 10749 10756 10757
f 10742 10749 10757
f 10742 10757 10750
f 10753 10758 10759
f 10753 10759 10754
f 10758 10760 10761
f 10758 10761 10759
f 10760 10762 10763
f 10760 10763 10761
f 10762 10764 10765
f 10762 10765 10763
f 10766 10757 10756
f 10766 10756 10767
f 10764 10766 10767
f 10764 10767 10765
f 10768 10700 10702
f 10768 10702 10704
f 10708 10768 10704
f 10708 10704 10706
f 10516 10523 10769
f 10516 10769 10770
f 10522 10521 10771
f 10522 10771 10772
f 10519 10511 10773
f 10519 10773 10774
f 10508 10526 10775
f 10508 10775 10776
f 10510 10516 10770
f 10510 10770 10777
f 10521 10509 10778
f 10521 10778 10771
f 10511 10510 10777
f 10511 10777 10773
f 10509 10508 10776
f 10509 10776 10778
f 10754 10759 10779
f 10754 10779 10780
f 10759 10761 10781
f 10759 10781 10779
f 10761 10763 10782
f 10761 10782 10781
f 10763 10765 10783
f 10763 10783 10782
f 10767 10756 10784
f 10767 10784 10785
f 10765 10767 10785
f 10765 10785 10783
f 10755 10754 10780
f 10755 10780 10786
f 10756 10755 10786
f 10756 10786 10784
f 10787 10788 10789
f 10787 10789 10790
f 10791 10787 10790
f 10791 10790 10792
f 10793 10791 10792
f 10793 10792 10794
f 10795 10793 10794
f 10795 10794 10796
f 10797 10795 10796
f 10797 10796 10798
f 10799 10797 10798
f 10799 10798 10800
f 10801 10799 10800
f 10801 10800 10802
f 10788 10801 10802
f 10788 10802 10789
f 10790 10789 10803
f 10790 10803 10804
f 10792 10790 10804
f 10792 10804 10805
f 10794 10792 10805
f 10794 10805 10806
f 10796 10794 10806
f 10796 10806 10807
f 10798 10796 10807
f 10798 10807 10808
f 10800 10798 10808
f 10800 10808 10809
f 10802 10800 10809
f 10802 10809 10810
f 10789 10802 10810
f 10789 10810 10803
f 10804 10803 10811
f 10804 10811 10812
f 10805 10804 10812
f 10805 10812 10813
f 10806 10805 10813
f 10806 10813 10814
f 10807 10806 10814
f 10807 10814 10815
f 10808 10807 10815
f 10808 10815 10816
f 10809 10808 10816
f 10809 10816 10817
f 10810 10809 10817
f 10810 10817 10818
f 10803 10810 10818
f 10803 10818 10811
f 10812 10811 10819
f 10812 10819 10820
f 10813 10812 10820
f 10813 10820 10821
f 10814 10813 10821
f 10814 10821 10822
f 10815 10814 10822
f 10815 10822 10823
f 10816 10815 10823
f 10816 10823 10824
f 10817 10816 10824
f 10817 10824 10825
f 10818 10817 10825
f 10818 10825 10826
f 10811 10818 10826
f 10811 10826 10819
f 10820 10819 10827
f 10820 10827 10828
f 10821 10820 10828
f 10821 10828 10829
f 10822 10821 10829
f 10822 10829 10830
f 10823 10822 10830
f 10823 10830 10831
f 10824 10823 10831
f 10824 10831 10832
f 10825 10824 10832
f 10825 10832 10833
f 10826 10825 10833
f 10826 10833 10834
f 10819 10826 10834
f 10819 10834 10827
f 10828 10827 10835
f 10828 10835 10836
f 10829 10828 10836
f 10829 10836 10837
f 10830 10829 10837
f 10830 10837 10838
f 10831 10830 10838
f 10831 10838 10839
f 10832 10831 10839
f 10832 10839 10840
f 10833 10832 10840
f 10833 10840 10841
f 10834 10833 10841
f 10834 10841 10842
f 10827 10834 10842
f 10827 10842 10835
f 10836 10835 10843
f 10836 10843 10844
f 10837 10836 10844
f 10837 10844 10845
f 10838 10837 10845
f 10838 10845 10846
f 10839 10838 10846
f 10839 10846 10847
f 10840 10839 10847
f 10840 10847 10848
f 10841 10840 10848
f 10841 10848 10849
f 10842 10841 10849
f 10842 10849 10850
f 10835 10842 10850
f 10835 10850 10843
f 10788 10787 10791
f 10788 10791 10851
f 10793 10795 10851
f 10793 10851 10791
f 10795 10797 10799
f 10795 10799 10851
f 10801 10788 10851
f 10801 10851 10799
f 10852 10846 10845
f 10852 10845 10853
f 10844 10854 10853
f 10844 10853 10845
f 10855 10850 10849
f 10855 10849 10856
f 10848 10857 10856
f 10848 10856 10849
f 10858 10852 10853
f 10858 10853 10859
f 10854 10860 10859
f 10854 10859 10853
f 10857 10861 10862
f 10857 10862 10856
f 10863 10855 10856
f 10863 10856 10862
f 10864 10858 10859
f 10864 10859 10865
f 10860 10866 10865
f 10860 10865 10859
f 10861 10864 10865
f 10861 10865 10862
f 10866 10863 10862
f 10866 10862 10865
f 10867 10868 10869
f 10867 10869 10870
f 10871 10867 10870
f 10871 10870 10872
f 10873 10871 10872
f 10873 10872 10874
f 10875 10873 10874
f 10875 10874 10876
f 10877 10875 10876
f 10877 10876 10878
f 10879 10877 10878
f 10879 10878 10880
f 10881 10879 10880
f 10881 10880 10882
f 10868 10881 10882
f 10868 10882 10869
f 10870 10869 10883
f 10870 10883 10884
f 10872 10870 10884
f 10872 10884 10885
f 10874 10872 10885
f 10874 10885 10886
f 10876 10874 10886
f 10876 10886 10887
f 10878 10876 10887
f 10878 10887 10888
f 10880 10878 10888
f 10880 10888 10889
f 10882 10880 10889
f 10882 10889 10890
f 10869 10882 10890
f 10869 10890 10883
f 10884 10883 10891
f 10884 10891 10892
f 10885 10884 10892
f 10885 10892 10893
f 10886 10885 10893
f 10886 10893 10894
f 10887 10886 10894
f 10887 10894 10895
f 10888 10887 10895
f 10888 10895 10896
f 10889 10888 10896
f 10889 10896 10897
f 10890 10889 10897
f 10890 10897 10898
f 10883 10890 10898
f 10883 10898 10891
f 10892 10891 10899
f 10892 10899 10900
f 10893 10892 10900
f 10893 10900 10901
f 10894 10893 10901
f 10894 10901 10902
f 10895 10894 10902
f 10895 10902 10903
f 10896 10895 10903
f 10896 10903 10904
f 10897 10896 10904
f 10897 10904 10905
f 10898 10897 10905
f 10898 10905 10906
f 10891 10898 10906
f 10891 10906 10899
f 10900 10899 10907
f 10900 10907 10908
f 10901 10900 10908
f 10901 10908 10909
f 10902 10901 10909
f 10902 10909 10910
f 10903 10902 10910
f 10903 10910 10911
f 10904 10903 10911
f 10904 10911 10912
f 10905 10904 10912
f 10905 10912 10913
f 10906 10905 10913
f 10906 10913 10914
f 10899 10906 10914
f 10899 10914 10907
f 10908 10907 10915
f 10908 10915 10916
f 10909 10908 10916
f 10909 10916 10917
f 10910 10909 10917
f 10910 10917 10918
f 10911 10910 10918
f 10911 10918 10919
f 10912 10911 10919
f 10912 10919 10920
f 10913 10912 10920
f 10913 10920 10921
f 10914 10913 10921
f 10914 10921 10922
f 10907 10914 10922
f 10907 10922 10915
f 10923 10924 10925
f 10923 10925 10926
f 10917 10924 10927
f 10917 10927 10918
f 10928 10923 10926
f 10928 10926 10929
f 10930 10871 10873
f 10930 10873 10875
f 10921 10931 10932
f 10921 10932 10922
f 10933 10931 10934
f 10933 10934 10935
f 10879 10930 10875
f 10879 10875 10877
f 10933 10928 10929
f 10933 10929 10936
f 10919 10918 10937
f 10919 10937 10938
f 10916 10915 10939
f 10916 10939 10940
f 10941 10942 10943
f 10941 10943 10944
f 10929 10926 10945
f 10929 10945 10946
f 10918 10927 10947
f 10918 10947 10937
f 10925 10916 10940
f 10925 10940 10948
f 10927 10941 10944
f 10927 10944 10947
f 10926 10925 10948
f 10926 10948 10945
f 10949 10950 10951
f 10949 10951 10952
f 10936 10929 10946
f 10936 10946 10953
f 10954 10955 10956
f 10954 10956 10957
f 10942 10935 10958
f 10942 10958 10943
f 10959 10949 10952
f 10959 10952 10960
f 10915 10922 10961
f 10915 10961 10939
f 10955 10959 10960
f 10955 10960 10956
f 10920 10919 10938
f 10920 10938 10962
f 10963 10964 10965
f 10963 10965 10966
f 10932 10936 10953
f 10932 10953 10967
f 10968 10969 10970
f 10968 10970 10971
f 10935 10934 10972
f 10935 10972 10958
f 10964 10973 10974
f 10964 10974 10965
f 10922 10932 10967
f 10922 10967 10961
f 10973 10968 10971
f 10973 10971 10974
f 10934 10920 10962
f 10934 10962 10972
f 10975 10976 10977
f 10975 10977 10978
f 10979 10976 10975
f 10979 10975 10980
f 10981 10976 10979
f 10981 10979 10982
f 10977 10976 10981
f 10977 10981 10983
f 9473 10984 10985
f 9473 10985 9464
f 10985 10984 10986
f 10985 10986 10987
f 10986 10984 10988
f 10986 10988 10989
f 10988 10984 9473
f 10988 9473 9474
f 10988 10990 10991
f 10988 10991 10989
f 10991 10990 10992
f 10991 10992 10993
f 10992 10990 9477
f 10992 9477 9451
f 9477 10990 10988
f 9477 10988 9474
f 10992 10994 10995
f 10992 10995 10993
f 10995 10994 10996
f 10995 10996 10997
f 10996 10994 9452
f 10996 9452 9453
f 9452 10994 10992
f 9452 10992 9451
f 9463 10998 10996
f 9463 10996 9453
f 10996 10998 10999
f 10996 10999 10997
f 10999 10998 10985
f 10999 10985 10987
f 10985 10998 9463
f 10985 9463 9464
f 10986 11000 11001
f 10986 11001 10987
f 11001 11000 10977
f 11001 10977 10983
f 10977 11000 11002
f 10977 11002 10978
f 11002 11000 10986
f 11002 10986 10989
f 11003 11004 11005
f 11003 11005 11006
f 11005 11004 11007
f 11005 11007 11008
f 11007 11004 11009
f 11007 11009 11010
f 11009 11004 11003
f 11009 11003 11011
f 11012 11013 10979
f 11012 10979 10980
f 10979 11013 11014
f 10979 11014 10982
f 11014 11013 10995
f 11014 10995 10997
f 10995 11013 11012
f 10995 11012 10993
f 11015 11016 11017
f 11015 11017 11018
f 11017 11016 11019
f 11017 11019 11020
f 11019 11016 11021
f 11019 11021 11022
f 11021 11016 11015
f 11021 11015 11023
f 11024 10857 10848
f 11024 10848 11025
f 10850 10855 11002
f 10850 11002 10989
f 11002 10855 10863
f 11002 10863 10978
f 10861 10857 11024
f 10861 11024 10752
f 11026 10847 10846
f 11026 10846 11027
f 10844 10843 10991
f 10844 10991 10993
f 10991 10843 10850
f 10991 10850 10989
f 10848 10847 11026
f 10848 11026 11025
f 10860 10854 11012
f 10860 11012 10980
f 11012 10854 10844
f 11012 10844 10993
f 10846 10852 11028
f 10846 11028 11027
f 11028 10852 10858
f 11028 10858 10750
f 10863 10866 10975
f 10863 10975 10978
f 10975 10866 10860
f 10975 10860 10980
f 10858 10864 10751
f 10858 10751 10750
f 10751 10864 10861
f 10751 10861 10752
f 10999 10957 10956
f 10999 10956 10997
f 10924 10923 10941
f 10924 10941 10927
f 11029 10954 10957
f 11029 10957 11030
f 11030 10957 10999
f 11030 10999 10987
f 11001 11031 11030
f 11001 11030 10987
f 10924 10917 10916
f 10924 10916 10925
f 10950 11032 11033
f 10950 11033 10951
f 11033 11031 11001
f 11033 11001 10983
f 10923 10928 10942
f 10923 10942 10941
f 11034 11029 11030
f 11034 11030 11031
f 10952 10951 10981
f 10952 10981 10982
f 10981 10951 11033
f 10981 11033 10983
f 10871 10930 10868
f 10871 10868 10867
f 11032 11034 11031
f 11032 11031 11033
f 10956 10960 11014
f 10956 11014 10997
f 11014 10960 10952
f 11014 10952 10982
f 10971 10970 11015
f 10971 11015 11018
f 11015 10970 11035
f 11015 11035 11023
f 10931 10921 10920
f 10931 10920 10934
f 10969 11036 11035
f 10969 11035 10970
f 10961 10967 10959
f 10961 10959 10955
f 10931 10933 10936
f 10931 10936 10932
f 11037 10963 10966
f 11037 10966 11038
f 10967 10953 10949
f 10967 10949 10959
f 11035 11039 11021
f 11035 11021 11023
f 11021 11039 11038
f 11021 11038 11022
f 10930 10879 10881
f 10930 10881 10868
f 11036 11040 11039
f 11036 11039 11035
f 10928 10933 10935
f 10928 10935 10942
f 11040 11037 11038
f 11040 11038 11039
f 10950 10949 10953
f 10950 10953 10946
f 10946 10945 11032
f 10946 11032 10950
f 10972 10962 10968
f 10972 10968 10973
f 11038 10966 11019
f 11038 11019 11022
f 11019 10966 10965
f 11019 10965 11020
f 10973 10964 10958
f 10973 10958 10972
f 10964 10963 10943
f 10964 10943 10958
f 10963 11037 10944
f 10963 10944 10943
f 11034 11032 10945
f 11034 10945 10948
f 10948 10940 11029
f 10948 11029 11034
f 11040 11036 10937
f 11040 10937 10947
f 10965 10974 11017
f 10965 11017 11020
f 11017 10974 10971
f 11017 10971 11018
f 11037 11040 10947
f 11037 10947 10944
f 10940 10939 10954
f 10940 10954 11029
f 10969 10968 10962
f 10969 10962 10938
f 11036 10969 10938
f 11036 10938 10937
f 10955 10954 10939
f 10955 10939 10961
f 11024 10758 10753
f 11024 10753 10752
f 10780 10779 11041
f 10780 11041 11042
f 11041 10779 10781
f 11041 10781 11043
f 10760 10758 11024
f 10760 11024 11025
f 11026 10762 10760
f 11026 10760 11025
f 10781 10782 11044
f 10781 11044 11043
f 11044 10782 10783
f 11044 10783 11045
f 10764 10762 11026
f 10764 11026 11027
f 10783 10785 11046
f 10783 11046 11045
f 11046 10785 10784
f 11046 10784 11047
f 10757 10766 11028
f 10757 11028 10750
f 11028 10766 10764
f 11028 10764 11027
f 10784 10786 11048
f 10784 11048 11047
f 11048 10786 10780
f 11048 10780 11042
f 10700 10768 10694
f 10700 10694 10698
f 10694 10768 10708
f 10694 10708 10695
f 11049 10693 10689
f 11049 10689 11050
f 10688 10692 11051
f 10688 11051 11052
f 11051 10692 10665
f 11051 10665 10664
f 10684 10693 11049
f 10684 11049 11053
f 11054 11055 11049
f 11054 11049 11050
f 11049 11055 11056
f 11049 11056 11053
f 11056 11055 11041
f 11056 11041 11043
f 11041 11055 11054
f 11041 11054 11042
f 10685 10679 11057
f 10685 11057 11058
f 11057 10679 10673
f 11057 10673 11059
f 10612 10616 11060
f 10612 11060 10613
f 11060 10616 10618
f 11060 10618 10620
f 11044 11061 11056
f 11044 11056 11043
f 11056 11061 11062
f 11056 11062 11053
f 11062 11061 11063
f 11062 11063 11064
f 11063 11061 11044
f 11063 11044 11045
f 10673 10672 11065
f 10673 11065 11059
f 11065 10672 10677
f 11065 10677 11066
f 10676 10671 11067
f 10676 11067 11068
f 11067 10671 10661
f 11067 10661 10660
f 11046 11069 11063
f 11046 11063 11045
f 11063 11069 11070
f 11063 11070 11064
f 11070 11069 11071
f 11070 11071 11072
f 11071 11069 11046
f 11071 11046 11047
f 11073 10683 10675
f 11073 10675 11072
f 10674 10682 11074
f 10674 11074 11068
f 11074 10682 10688
f 11074 10688 11052
f 10689 10683 11073
f 10689 11073 11050
f 11075 11076 11077
f 11075 11077 11078
f 11077 11076 11079
f 11077 11079 11080
f 11079 11076 11081
f 11079 11081 11082
f 11081 11076 11075
f 11081 11075 11083
f 10603 10608 11084
f 10603 11084 11085
f 11086 11087 11071
f 11086 11071 11047
f 11071 11087 11088
f 11071 11088 11072
f 10602 10596 11089
f 10602 11089 11090
f 11048 11091 11086
f 11048 11086 11047
f 10591 10590 11092
f 10591 11092 11093
f 10592 10597 11094
f 10592 11094 11095
f 11096 11091 11048
f 11096 11048 11042
f 11097 11098 11054
f 11097 11054 11050
f 11054 11098 11096
f 11054 11096 11042
f 10598 10579 10578
f 10598 10578 11099
f 10599 10593 11100
f 10599 11100 11101
f 10530 10534 11102
f 10530 11102 10531
f 11088 11103 11073
f 11088 11073 11072
f 11073 11103 11097
f 11073 11097 11050
f 10534 10536 10538
f 10534 10538 11102
f 11104 11105 11085
f 11104 11085 11084
f 11085 11105 11106
f 11085 11106 11094
f 11097 11103 11107
f 11097 11107 11108
f 11103 11088 11104
f 11103 11104 11107
f 11108 11109 11098
f 11108 11098 11097
f 11106 11110 11095
f 11106 11095 11094
f 11095 11110 11111
f 11095 11111 11100
f 11109 11111 11096
f 11109 11096 11098
f 11111 11110 11091
f 11111 11091 11096
f 11111 11109 11101
f 11111 11101 11100
f 11101 11109 11108
f 11101 11108 11112
f 11110 11106 11086
f 11110 11086 11091
f 11108 11107 11113
f 11108 11113 11112
f 11113 11107 11104
f 11113 11104 11084
f 11088 11087 11105
f 11088 11105 11104
f 11106 11105 11087
f 11106 11087 11086
f 10609 10605 11075
f 10609 11075 11078
f 11075 10605 10595
f 11075 10595 11083
f 10594 10604 11090
f 10594 11090 11089
f 11090 10604 10583
f 11090 10583 10582
f 11093 10586 10594
f 11093 10594 11089
f 10595 10589 11081
f 10595 11081 11083
f 11081 10589 10588
f 11081 10588 11082
f 10587 10586 11093
f 10587 11093 11092
f 11099 10600 10587
f 11099 10587 11092
f 10588 10601 11079
f 10588 11079 11082
f 11079 10601 10607
f 11079 10607 11080
f 10585 10600 11099
f 10585 11099 10578
f 11084 10608 10610
f 11084 10610 11113
f 10610 10606 11112
f 10610 11112 11113
f 10590 10598 11099
f 10590 11099 11092
f 10606 10599 11101
f 10606 11101 11112
f 10607 10611 11077
f 10607 11077 11080
f 11077 10611 10609
f 11077 10609 11078
f 10540 10542 11102
f 10540 11102 10538
f 11102 10542 10544
f 11102 10544 10531
f 11089 10596 10591
f 11089 10591 11093
f 10593 10592 11095
f 10593 11095 11100
f 10597 10603 11085
f 10597 11085 11094
f 10581 10602 11090
f 10581 11090 10582
f 10776 10775 11003
f 10776 11003 11006
f 11003 10775 11114
f 11003 11114 11011
f 10526 10525 11114
f 10526 11114 10775
f 10499 10519 10774
f 10499 10774 11115
f 11116 10774 10773
f 11116 10773 11117
f 10527 10522 10772
f 10527 10772 11118
f 10523 10501 11119
f 10523 11119 10769
f 11115 10774 11116
f 11115 11116 11058
f 10525 10528 11120
f 10525 11120 11114
f 11114 11120 11009
f 11114 11009 11011
f 11009 11120 11118
f 11009 11118 11010
f 10500 10499 11115
f 10500 11115 11121
f 11057 11121 11115
f 11057 11115 11058
f 10528 10527 11118
f 10528 11118 11120
f 10501 10500 11121
f 10501 11121 11119
f 11119 11121 11057
f 11119 11057 11059
f 10507 10506 10513
f 10507 10513 10512
f 11118 10772 11007
f 11118 11007 11010
f 11007 10772 10771
f 11007 10771 11008
f 10514 10506 10509
f 10514 10509 10521
f 10514 10520 10524
f 10514 10524 10515
f 10520 10503 10502
f 10520 10502 10524
f 10770 10769 11065
f 10770 11065 11066
f 11065 10769 11119
f 11065 11119 11059
f 10771 10778 11005
f 10771 11005 11008
f 11005 10778 10776
f 11005 10776 11006
f 10468 10470 10529
f 10468 10529 10466
f 10470 10472 10459
f 10470 10459 10529
f 10505 10517 10518
f 10505 10518 10498
f 10507 10517 10526
f 10507 10526 10508
f 10773 10777 11122
f 10773 11122 11117
f 11122 10777 10770
f 11122 10770 11066
f 10677 10681 11122
f 10677 11122 11066
f 11122 10681 10687
f 11122 10687 11117
f 10686 10680 11074
f 10686 11074 11052
f 11074 10680 10676
f 11074 10676 11068
f 10675 10670 11070
f 10675 11070 11072
f 11070 10670 10669
f 11070 10669 11064
f 10667 10668 11067
f 10667 11067 10660
f 11067 10668 10674
f 11067 10674 11068
f 10669 10678 11062
f 10669 11062 11064
f 11062 10678 10684
f 11062 10684 11053
f 10622 10624 11060
f 10622 11060 10620
f 11060 10624 10626
f 11060 10626 10613
f 10687 10691 11116
f 10687 11116 11117
f 11116 10691 10685
f 11116 10685 11058
f 10663 10690 11051
f 10663 11051 10664
f 11051 10690 10686
f 11051 10686 11052
f 11123 9496 9480
f 11123 9480 9479
f 11124 11123 9479
f 11124 9479 9483
f 11125 11124 9483
f 11125 9483 9485
f 9490 11125 9485
f 9490 9485 9487
f 11126 11127 9490
f 11126 9490 9489
f 11128 11126 9489
f 11128 9489 9492
f 11129 11128 9492
f 11129 9492 9494
f 11130 11129 9494
f 11130 9494 9496
f 11131 11130 9496
f 11131 9496 11123
f 11132 11131 11123
f 11132 11123 11124
f 11133 11132 11124
f 11133 11124 11125
f 11127 11133 11125
f 11127 11125 9490
f 11134 11135 11127
f 11134 11127 11126
f 11136 11134 11126
f 11136 11126 11128
f 11137 11136 11128
f 11137 11128 11129
f 11138 11137 11129
f 11138 11129 11130
f 11139 11138 11130
f 11139 11130 11131
f 11140 11139 11131
f 11140 11131 11132
f 11141 11140 11132
f 11141 11132 11133
f 11135 11141 11133
f 11135 11133 11127
f 11142 11143 11135
f 11142 11135 11134
f 11144 11142 11134
f 11144 11134 11136
f 11145 11144 11136
f 11145 11136 11137
f 11146 11145 11137
f 11146 11137 11138
f 11147 11146 11138
f 11147 11138 11139
f 11148 11147 11139
f 11148 11139 11140
f 11149 11148 11140
f 11149 11140 11141
f 11143 11149 11141
f 11143 11141 11135
f 11150 11151 11143
f 11150 11143 11142
f 11152 11150 11142
f 11152 11142 11144
f 11153 11152 11144
f 11153 11144 11145
f 11154 11153 11145
f 11154 11145 11146
f 11155 11154 11146
f 11155 11146 11147
f 11156 11155 11147
f 11156 11147 11148
f 11157 11156 11148
f 11157 11148 11149
f 11151 11157 11149
f 11151 11149 11143
f 9609 9616 11151
f 9609 11151 11150
f 11158 9609 11150
f 11158 11150 11152
f 9607 11158 11152
f 9607 11152 11153
f 9612 9607 11153
f 9612 11153 11154
f 9613 9612 11154
f 9613 11154 11155
f 11159 9613 11155
f 11159 11155 11156
f 9615 11159 11156
f 9615 11156 11157
f 9616 9615 11157
f 9616 11157 11151
f 11160 11161 11162
f 11160 11162 9488
f 11161 11160 9481
f 11161 9481 11163
f 11160 9484 9482
f 11160 9482 9481
f 9484 11160 9488
f 9484 9488 9486
f 11164 11158 9607
f 11164 9607 9606
f 11158 11164 9610
f 11158 9610 9609
f 11165 11159 9615
f 11165 9615 9619
f 11159 11165 9618
f 11159 9618 9613
f 11166 11164 9606
f 11166 9606 9599
f 11164 11166 9601
f 11164 9601 9610
f 11165 11167 9597
f 11165 9597 9618
f 11167 11165 9619
f 11167 9619 9605
f 11168 11166 9599
f 11168 9599 9598
f 11166 11168 9602
f 11166 9602 9601
f 11167 11168 9598
f 11167 9598 9597
f 11168 11167 9605
f 11168 9605 9602
f 11169 11170 9556
f 11169 9556 9580
f 11171 11169 9580
f 11171 9580 9581
f 11172 11171 9581
f 11172 9581 11173
f 11174 11172 11173
f 11174 11173 11175
f 11176 11174 11175
f 11176 11175 11177
f 11178 11176 11177
f 11178 11177 9558
f 11179 11178 9558
f 11179 9558 9557
f 11170 11179 9557
f 11170 9557 9556
f 11180 11181 11170
f 11180 11170 11169
f 11182 11180 11169
f 11182 11169 11171
f 11183 11182 11171
f 11183 11171 11172
f 11184 11183 11172
f 11184 11172 11174
f 11185 11184 11174
f 11185 11174 11176
f 11186 11185 11176
f 11186 11176 11178
f 11187 11186 11178
f 11187 11178 11179
f 11181 11187 11179
f 11181 11179 11170
f 11188 11189 11181
f 11188 11181 11180
f 11190 11188 11180
f 11190 11180 11182
f 11191 11190 11182
f 11191 11182 11183
f 11192 11191 11183
f 11192 11183 11184
f 11193 11192 11184
f 11193 11184 11185
f 11194 11193 11185
f 11194 11185 11186
f 11195 11194 11186
f 11195 11186 11187
f 11189 11195 11187
f 11189 11187 11181
f 11196 11197 11189
f 11196 11189 11188
f 11198 11196 11188
f 11198 11188 11190
f 11199 11198 11190
f 11199 11190 11191
f 11200 11199 11191
f 11200 11191 11192
f 11201 11200 11192
f 11201 11192 11193
f 11202 11201 11193
f 11202 11193 11194
f 11203 11202 11194
f 11203 11194 11195
f 11197 11203 11195
f 11197 11195 11189
f 11204 11205 11197
f 11204 11197 11196
f 11206 11204 11196
f 11206 11196 11198
f 11207 11206 11198
f 11207 11198 11199
f 11208 11207 11199
f 11208 11199 11200
f 11209 11208 11200
f 11209 11200 11201
f 11210 11209 11201
f 11210 11201 11202
f 11211 11210 11202
f 11211 11202 11203
f 11205 11211 11203
f 11205 11203 11197
f 9590 11212 11205
f 9590 11205 11204
f 9591 9590 11204
f 9591 11204 11206
f 11213 9591 11206
f 11213 11206 11207
f 11214 11213 11207
f 11214 11207 11208
f 9569 11214 11208
f 9569 11208 11209
f 9570 9569 11209
f 9570 11209 11210
f 11215 9570 11210
f 11215 11210 11211
f 11212 11215 11211
f 11212 11211 11205
f 11216 9589 9592
f 11216 9592 9587
f 11213 9596 9592
f 11213 9592 9591
f 11217 11216 9587
f 11217 9587 9554
f 11175 11173 9581
f 11175 9581 9559
f 11215 9564 9566
f 11215 9566 9570
f 9552 9568 9566
f 9552 9566 9553
f 11177 11175 9559
f 11177 9559 9558
f 9565 11217 9554
f 9565 9554 9553
f 9515 9514 11213
f 9515 11213 11214
f 9521 9511 11212
f 9521 11212 9590
f 9522 9536 9551
f 9522 9551 9586
f 9547 9534 11216
f 9547 11216 11217
f 9514 9523 9596
f 9514 9596 11213
f 9533 9521 9590
f 9533 9590 9589
f 9523 9522 9586
f 9523 9586 9596
f 9534 9533 9589
f 9534 9589 11216
f 11218 11219 11220
f 11218 11220 11221
f 11222 11223 11224
f 11222 11224 11225
f 11226 11227 11228
f 11226 11228 11229
f 11230 11231 11232
f 11230 11232 11233
f 11234 11218 11221
f 11234 11221 11235
f 11223 11236 11237
f 11223 11237 11224
f 11227 11234 11235
f 11227 11235 11228
f 11236 11230 11233
f 11236 11233 11237
f 11238 11239 11240
f 11238 11240 11241
f 11242 11243 11244
f 11242 11244 11245
f 11246 11247 11248
f 11246 11248 11249
f 11250 11251 11252
f 11250 11252 11253
f 11239 11254 11255
f 11239 11255 11240
f 11256 11242 11245
f 11256 11245 11257
f 11254 11246 11249
f 11254 11249 11255
f 11251 11256 11257
f 11251 11257 11252
f 11258 11259 11260
f 11258 11260 11261
f 11259 11262 11263
f 11259 11263 11260
f 11262 11264 11265
f 11262 11265 11263
f 11264 11266 11267
f 11264 11267 11265
f 11266 11268 11269
f 11266 11269 11267
f 11268 11270 11271
f 11268 11271 11269
f 11270 11272 11273
f 11270 11273 11271
f 11272 11258 11261
f 11272 11261 11273
f 8688 11274 8676
f 8688 8676 8694
f 8681 8688 8694
f 8681 8694 8692
f 8682 8681 8692
f 8682 8692 8689
f 8683 8682 8689
f 8683 8689 8687
f 8693 8683 8687
f 8693 8687 8684
f 11275 8693 8684
f 11275 8684 8680
f 11276 11275 8680
f 11276 8680 8677
f 11274 11276 8677
f 11274 8677 8676
f 11277 11278 7792
f 11277 7792 7795
f 11279 11278 11277
f 11279 11277 7812
f 11280 11278 11279
f 11280 11279 11281
f 7792 11278 11280
f 7792 11280 7797
f 7794 7793 7798
f 7794 7798 7803
f 8773 8775 8171
f 8773 8171 8174
f 6972 6974 8173
f 6972 8173 8172
f 7615 7619 8166
f 7615 8166 7616
f 6957 6956 7613
f 6957 7613 8165
f 8769 8773 8174
f 8769 8174 8176
f 6974 6976 8177
f 6974 8177 8173
f 7619 8769 8176
f 7619 8176 8166
f 6976 6957 8165
f 6976 8165 8177
f 6989 6988 8811
f 6989 8811 8810
f 7602 8808 8809
f 7602 8809 8812
f 6982 6979 7600
f 6982 7600 8789
f 7596 7606 8788
f 7596 8788 7597
f 6988 6992 10314
f 6988 10314 8811
f 7603 7602 8812
f 7603 8812 10313
f 6992 6982 8789
f 6992 8789 10314
f 7606 7603 10313
f 7606 10313 8788
f 11282 11283 8472
f 11282 8472 8466
f 11283 11284 8458
f 11283 8458 8472
f 11285 11286 8465
f 11285 8465 8460
f 11286 11282 8466
f 11286 8466 8465
f 11287 11288 8459
f 11287 8459 8450
f 11288 11285 8460
f 11288 8460 8459
f 11284 11289 8449
f 11284 8449 8458
f 11289 11287 8450
f 11289 8450 8449
f 11283 11282 8468
f 11283 8468 8473
f 11284 11283 8473
f 11284 8473 8456
f 11286 11285 8462
f 11286 8462 8469
f 11282 11286 8469
f 11282 8469 8468
f 11288 11287 8452
f 11288 8452 8463
f 11285 11288 8463
f 11285 8463 8462
f 11289 11284 8456
f 11289 8456 8453
f 11287 11289 8453
f 11287 8453 8452
f 8654 8628 8630
f 8654 8630 8656
f 8649 8654 8656
f 8649 8656 8647
f 8650 8649 8647
f 8650 8647 8644
f 8641 8650 8644
f 8641 8644 8639
f 8635 8641 8639
f 8635 8639 8636
f 8624 8635 8636
f 8624 8636 8622
f 8628 8625 8621
f 8628 8621 8630
f 8625 8624 8622
f 8625 8622 8621
f 8662 8661 8660
f 8662 8660 8659
f 8659 8664 8663
f 8659 8663 8662
f 8664 8666 8667
f 8664 8667 8663
f 8668 8667 8666
f 8668 8666 8665
f 8665 8670 8671
f 8665 8671 8668
f 8672 8671 8670
f 8672 8670 8669
f 8669 8673 8674
f 8669 8674 8672
f 8661 8674 8673
f 8661 8673 8660
f 5946 5945 11290
f 5946 11290 11291
f 5948 5946 11291
f 5948 11291 11292
f 5945 5937 5940
f 5945 5940 11290
f 5941 5948 11292
f 5941 11292 5942
f 9573 9583 9546
f 9573 9546 9549
f 9548 9547 11217
f 9548 11217 9565
f 9595 9577 9513
f 9595 9513 9512
f 9536 9538 9552
f 9536 9552 9551
f 9574 9573 9549
f 9574 9549 9562
f 9511 9510 11215
f 9511 11215 11212
f 9577 9574 9562
f 9577 9562 9513
f 9518 9515 11214
f 9518 11214 9569
f 9542 9531 9539
f 9542 9539 9537
f 9563 9548 9565
f 9563 9565 9564
f 9527 9567 9516
f 9527 9516 9519
f 9538 9540 9568
f 9538 9568 9552
f 9531 9528 9541
f 9531 9541 9539
f 9510 9563 9564
f 9510 9564 11215
f 9528 9527 9519
f 9528 9519 9541
f 9540 9518 9569
f 9540 9569 9568
f 11293 8579 8578
f 11293 8578 11294
f 7996 8579 11293
f 7996 11293 7999
f 8576 8579 7996
f 8576 7996 7993
f 11295 11296 11293
f 11295 11293 11294
f 11297 11296 11295
f 11297 11295 11298
f 8000 11296 11297
f 8000 11297 8003
f 11293 11296 8000
f 11293 8000 7999
f 11299 11300 11297
f 11299 11297 11298
f 8010 11300 11299
f 8010 11299 8011
f 8005 11300 8010
f 8005 8010 7991
f 11297 11300 8005
f 11297 8005 8003
f 9857 11301 11302
f 9857 11302 9859
f 11303 11301 9857
f 11303 9857 9858
f 8008 11301 11303
f 8008 11303 8577
f 11302 11301 8008
f 11302 8008 8011
f 9864 11304 11303
f 9864 11303 9858
f 11305 11304 9864
f 11305 9864 9865
f 8578 11304 11305
f 8578 11305 11294
f 11303 11304 8578
f 11303 8578 8577
f 9870 11306 11305
f 9870 11305 9865
f 11307 11306 9870
f 11307 9870 9871
f 11295 11306 11307
f 11295 11307 11298
f 11305 11306 11295
f 11305 11295 11294
f 9874 11308 11307
f 9874 11307 9871
f 11302 11308 9874
f 11302 9874 9859
f 11299 11308 11302
f 11299 11302 8011
f 11307 11308 11299
f 11307 11299 11298
f 8738 8742 8716
f 8738 8716 8715
f 8705 8698 8714
f 8705 8714 8713
f 8743 8740 8702
f 8743 8702 8701
f 8696 8717 8700
f 8696 8700 8699
f 8739 8738 8715
f 8739 8715 8718
f 8698 8697 8719
f 8698 8719 8714
f 8740 8739 8718
f 8740 8718 8702
f 8697 8696 8699
f 8697 8699 8719
f 11274 8688 8585
f 11274 8585 8584
f 8616 8581 8583
f 8616 8583 8582
f 8693 11275 8612
f 8693 8612 8611
f 8588 8595 8610
f 8588 8610 8609
f 11276 11274 8584
f 11276 8584 8617
f 8581 8580 8618
f 8581 8618 8583
f 11275 11276 8617
f 11275 8617 8612
f 8580 8588 8609
f 8580 8609 8618
f 9604 9628 11309
f 9604 11309 9603
f 9600 9603 11309
f 9600 11309 9624
f 9572 9624 11309
f 9572 11309 9584
f 9582 9584 11309
f 9582 11309 9628
f 9480 9495 11163
f 9480 11163 9481
f 9495 9493 11161
f 9495 11161 11163
f 9493 9491 11162
f 9493 11162 11161
f 9491 9487 9488
f 9491 9488 11162
f 11310 11311 11312
f 11310 11312 11313
f 8356 11313 11312
f 8356 11312 8355
f 8352 8355 11312
f 8352 11312 11314
f 11315 11314 11312
f 11315 11312 11311
f 11316 11317 11318
f 11316 11318 11319
f 8358 11319 11318
f 8358 11318 8357
f 8356 8357 11318
f 8356 11318 11313
f 11310 11313 11318
f 11310 11318 11317
f 11320 11321 11322
f 11320 11322 11323
f 8360 11323 11322
f 8360 11322 8359
f 8358 8359 11322
f 8358 11322 11319
f 11316 11319 11322
f 11316 11322 11321
f 11315 11324 11325
f 11315 11325 11314
f 8352 11314 11325
f 8352 11325 8353
f 8360 8353 11325
f 8360 11325 11323
f 11320 11323 11325
f 11320 11325 11324
f 8802 8806 11326
f 8802 11326 11327
f 11310 11327 11326
f 11310 11326 11311
f 11315 11311 11326
f 11315 11326 11328
f 8780 11328 11326
f 8780 11326 8806
f 8793 8801 11329
f 8793 11329 11330
f 11316 11330 11329
f 11316 11329 11317
f 11310 11317 11329
f 11310 11329 11327
f 8802 11327 11329
f 8802 11329 8801
f 8782 8792 11331
f 8782 11331 11332
f 11320 11332 11331
f 11320 11331 11321
f 11316 11321 11331
f 11316 11331 11330
f 8793 11330 11331
f 8793 11331 8792
f 8780 8781 11333
f 8780 11333 11328
f 11315 11328 11333
f 11315 11333 11324
f 11320 11324 11333
f 11320 11333 11332
f 8782 11332 11333
f 8782 11333 8781
f 11334 11335 11336
f 11334 11336 11337
f 8219 11337 11336
f 8219 11336 8220
f 8226 8220 11336
f 8226 11336 11338
f 8032 11338 11336
f 8032 11336 11335
f 11339 11340 11341
f 11339 11341 11342
f 11334 11342 11341
f 11334 11341 11335
f 8032 11335 11341
f 8032 11341 8033
f 8037 8033 11341
f 8037 11341 11340
f 11339 11343 11344
f 11339 11344 11340
f 8037 11340 11344
f 8037 11344 8038
f 8041 8038 11344
f 8041 11344 8224
f 8223 8224 11344
f 8223 11344 11343
f 11345 11346 11347
f 11345 11347 11348
f 11349 11348 11347
f 11349 11347 11350
f 11351 11350 11347
f 11351 11347 11352
f 11353 11352 11347
f 11353 11347 11346
f 11345 11348 11354
f 11345 11354 11355
f 11339 11355 11354
f 11339 11354 11343
f 8223 11343 11354
f 8223 11354 11356
f 11349 11356 11354
f 11349 11354 11348
f 8340 8343 11357
f 8340 11357 8339
f 8336 8339 11357
f 8336 11357 8351
f 8346 8351 11357
f 8346 11357 8347
f 8342 8347 11357
f 8342 11357 8343
f 11353 11358 11359
f 11353 11359 11352
f 11351 11352 11359
f 11351 11359 11360
f 8219 11360 11359
f 8219 11359 11337
f 11334 11337 11359
f 11334 11359 11358
f 8313 8323 11361
f 8313 11361 8314
f 8321 8314 11361
f 8321 11361 11362
f 11363 11362 11361
f 11363 11361 11364
f 8322 11364 11361
f 8322 11361 8323
f 11345 11355 11365
f 11345 11365 11366
f 11367 11366 11365
f 11367 11365 11368
f 11369 11368 11365
f 11369 11365 11370
f 11339 11370 11365
f 11339 11365 11355
f 11339 11342 11371
f 11339 11371 11370
f 11369 11370 11371
f 11369 11371 11372
f 11373 11372 11371
f 11373 11371 11374
f 11334 11374 11371
f 11334 11371 11342
f 11334 11358 11375
f 11334 11375 11374
f 11373 11374 11375
f 11373 11375 11376
f 11377 11376 11375
f 11377 11375 11378
f 11353 11378 11375
f 11353 11375 11358
f 11353 11346 11379
f 11353 11379 11378
f 11377 11378 11379
f 11377 11379 11380
f 11367 11380 11379
f 11367 11379 11366
f 11345 11366 11379
f 11345 11379 11346
f 11367 11368 11381
f 11367 11381 11382
f 11383 11382 11381
f 11383 11381 11384
f 11385 11384 11381
f 11385 11381 11386
f 11369 11386 11381
f 11369 11381 11368
f 11369 11372 11387
f 11369 11387 11386
f 11385 11386 11387
f 11385 11387 11388
f 11389 11388 11387
f 11389 11387 11390
f 11373 11390 11387
f 11373 11387 11372
f 11373 11376 11391
f 11373 11391 11390
f 11389 11390 11391
f 11389 11391 11392
f 11393 11392 11391
f 11393 11391 11394
f 11377 11394 11391
f 11377 11391 11376
f 11377 11380 11395
f 11377 11395 11394
f 11393 11394 11395
f 11393 11395 11396
f 11383 11396 11395
f 11383 11395 11382
f 11367 11382 11395
f 11367 11395 11380
f 11383 11384 11397
f 11383 11397 11398
f 11399 11398 11397
f 11399 11397 11400
f 11401 11400 11397
f 11401 11397 11402
f 11385 11402 11397
f 11385 11397 11384
f 11385 11388 11403
f 11385 11403 11402
f 11401 11402 11403
f 11401 11403 11404
f 11405 11404 11403
f 11405 11403 11406
f 11389 11406 11403
f 11389 11403 11388
f 11389 11392 11407
f 11389 11407 11406
f 11405 11406 11407
f 11405 11407 11408
f 11409 11408 11407
f 11409 11407 11410
f 11393 11410 11407
f 11393 11407 11392
f 11393 11396 11411
f 11393 11411 11410
f 11409 11410 11411
f 11409 11411 11412
f 11399 11412 11411
f 11399 11411 11398
f 11383 11398 11411
f 11383 11411 11396
f 11399 11400 11413
f 11399 11413 11414
f 11415 11414 11413
f 11415 11413 11416
f 11417 11416 11413
f 11417 11413 11418
f 11401 11418 11413
f 11401 11413 11400
f 11401 11404 11419
f 11401 11419 11418
f 11417 11418 11419
f 11417 11419 11420
f 11421 11420 11419
f 11421 11419 11422
f 11405 11422 11419
f 11405 11419 11404
f 11405 11408 11423
f 11405 11423 11422
f 11421 11422 11423
f 11421 11423 11424
f 11425 11424 11423
f 11425 11423 11426
f 11409 11426 11423
f 11409 11423 11408
f 11409 11412 11427
f 11409 11427 11426
f 11425 11426 11427
f 11425 11427 11428
f 11415 11428 11427
f 11415 11427 11414
f 11399 11414 11427
f 11399 11427 11412
f 11415 11416 11429
f 11415 11429 11430
f 11431 11430 11429
f 11431 11429 11432
f 11433 11432 11429
f 11433 11429 11434
f 11417 11434 11429
f 11417 11429 11416
f 11417 11420 11435
f 11417 11435 11434
f 11433 11434 11435
f 11433 11435 11436
f 11437 11436 11435
f 11437 11435 11438
f 11421 11438 11435
f 11421 11435 11420
f 11421 11424 11439
f 11421 11439 11438
f 11437 11438 11439
f 11437 11439 11440
f 11441 11440 11439
f 11441 11439 11442
f 11425 11442 11439
f 11425 11439 11424
f 11425 11428 11443
f 11425 11443 11442
f 11441 11442 11443
f 11441 11443 11444
f 11431 11444 11443
f 11431 11443 11430
f 11415 11430 11443
f 11415 11443 11428
f 11431 11432 11445
f 11431 11445 11446
f 11447 11446 11445
f 11447 11445 11448
f 11449 11448 11445
f 11449 11445 11450
f 11433 11450 11445
f 11433 11445 11432
f 11433 11436 11451
f 11433 11451 11450
f 11449 11450 11451
f 11449 11451 11452
f 11453 11452 11451
f 11453 11451 11454
f 11437 11454 11451
f 11437 11451 11436
f 11437 11440 11455
f 11437 11455 11454
f 11453 11454 11455
f 11453 11455 11456
f 11457 11456 11455
f 11457 11455 11458
f 11441 11458 11455
f 11441 11455 11440
f 11441 11444 11459
f 11441 11459 11458
f 11457 11458 11459
f 11457 11459 11460
f 11447 11460 11459
f 11447 11459 11446
f 11431 11446 11459
f 11431 11459 11444
f 11447 11448 11461
f 11447 11461 11462
f 8227 11462 11461
f 8227 11461 8228
f 8235 8228 11461
f 8235 11461 11463
f 11449 11463 11461
f 11449 11461 11448
f 11449 11452 11464
f 11449 11464 11463
f 8235 11463 11464
f 8235 11464 8236
f 8241 8236 11464
f 8241 11464 11465
f 11453 11465 11464
f 11453 11464 11452
f 11453 11456 11466
f 11453 11466 11465
f 8241 11465 11466
f 8241 11466 11467
f 11468 11467 11466
f 11468 11466 11469
f 11457 11469 11466
f 11457 11466 11456
f 11457 11460 11470
f 11457 11470 11469
f 11468 11469 11470
f 11468 11470 11471
f 8227 11471 11470
f 8227 11470 11462
f 11447 11462 11470
f 11447 11470 11460
f 11349 11350 11472
f 11349 11472 11473
f 11474 11473 11472
f 11474 11472 11475
f 11476 11475 11472
f 11476 11472 11477
f 11351 11477 11472
f 11351 11472 11350
f 11351 11360 11478
f 11351 11478 11477
f 11476 11477 11478
f 11476 11478 11479
f 11480 11479 11478
f 11480 11478 11481
f 8219 11481 11478
f 8219 11478 11360
f 8219 8222 11482
f 8219 11482 11481
f 11480 11481 11482
f 11480 11482 11483
f 11484 11483 11482
f 11484 11482 11485
f 8223 11485 11482
f 8223 11482 8222
f 8223 11356 11486
f 8223 11486 11485
f 11484 11485 11486
f 11484 11486 11487
f 11474 11487 11486
f 11474 11486 11473
f 11349 11473 11486
f 11349 11486 11356
f 11474 11475 11488
f 11474 11488 11489
f 11490 11489 11488
f 11490 11488 11491
f 11492 11491 11488
f 11492 11488 11493
f 11476 11493 11488
f 11476 11488 11475
f 11476 11479 11494
f 11476 11494 11493
f 11492 11493 11494
f 11492 11494 11495
f 11496 11495 11494
f 11496 11494 11497
f 11480 11497 11494
f 11480 11494 11479
f 11480 11483 11498
f 11480 11498 11497
f 11496 11497 11498
f 11496 11498 11499
f 11500 11499 11498
f 11500 11498 11501
f 11484 11501 11498
f 11484 11498 11483
f 11484 11487 11502
f 11484 11502 11501
f 11500 11501 11502
f 11500 11502 11503
f 11490 11503 11502
f 11490 11502 11489
f 11474 11489 11502
f 11474 11502 11487
f 11490 11491 11504
f 11490 11504 11505
f 11506 11505 11504
f 11506 11504 11507
f 11508 11507 11504
f 11508 11504 11509
f 11492 11509 11504
f 11492 11504 11491
f 11492 11495 11510
f 11492 11510 11509
f 11508 11509 11510
f 11508 11510 11511
f 11512 11511 11510
f 11512 11510 11513
f 11496 11513 11510
f 11496 11510 11495
f 11496 11499 11514
f 11496 11514 11513
f 11512 11513 11514
f 11512 11514 11515
f 11516 11515 11514
f 11516 11514 11517
f 11500 11517 11514
f 11500 11514 11499
f 11500 11503 11518
f 11500 11518 11517
f 11516 11517 11518
f 11516 11518 11519
f 11506 11519 11518
f 11506 11518 11505
f 11490 11505 11518
f 11490 11518 11503
f 11506 11507 11520
f 11506 11520 11521
f 11522 11521 11520
f 11522 11520 11523
f 11524 11523 11520
f 11524 11520 11525
f 11508 11525 11520
f 11508 11520 11507
f 11508 11511 11526
f 11508 11526 11525
f 11524 11525 11526
f 11524 11526 11527
f 11528 11527 11526
f 11528 11526 11529
f 11512 11529 11526
f 11512 11526 11511
f 11512 11515 11530
f 11512 11530 11529
f 11528 11529 11530
f 11528 11530 11531
f 11532 11531 11530
f 11532 11530 11533
f 11516 11533 11530
f 11516 11530 11515
f 11516 11519 11534
f 11516 11534 11533
f 11532 11533 11534
f 11532 11534 11535
f 11522 11535 11534
f 11522 11534 11521
f 11506 11521 11534
f 11506 11534 11519
f 11522 11523 11536
f 11522 11536 11537
f 11538 11537 11536
f 11538 11536 11539
f 11540 11539 11536
f 11540 11536 11541
f 11524 11541 11536
f 11524 11536 11523
f 11524 11527 11542
f 11524 11542 11541
f 11540 11541 11542
f 11540 11542 11543
f 11544 11543 11542
f 11544 11542 11545
f 11528 11545 11542
f 11528 11542 11527
f 11528 11531 11546
f 11528 11546 11545
f 11544 11545 11546
f 11544 11546 11547
f 11548 11547 11546
f 11548 11546 11549
f 11532 11549 11546
f 11532 11546 11531
f 11532 11535 11550
f 11532 11550 11549
f 11548 11549 11550
f 11548 11550 11551
f 11538 11551 11550
f 11538 11550 11537
f 11522 11537 11550
f 11522 11550 11535
f 11538 11539 11552
f 11538 11552 11553
f 11554 11553 11552
f 11554 11552 11555
f 11556 11555 11552
f 11556 11552 11557
f 11540 11557 11552
f 11540 11552 11539
f 11540 11543 11558
f 11540 11558 11557
f 11556 11557 11558
f 11556 11558 11559
f 11560 11559 11558
f 11560 11558 11561
f 11544 11561 11558
f 11544 11558 11543
f 11544 11547 11562
f 11544 11562 11561
f 11560 11561 11562
f 11560 11562 11563
f 11564 11563 11562
f 11564 11562 11565
f 11548 11565 11562
f 11548 11562 11547
f 11548 11551 11566
f 11548 11566 11565
f 11564 11565 11566
f 11564 11566 11567
f 11554 11567 11566
f 11554 11566 11553
f 11538 11553 11566
f 11538 11566 11551
f 11568 11569 11570
f 11568 11570 11571
f 8479 11571 11570
f 8479 11570 8478
f 8475 8478 11570
f 8475 11570 11572
f 11573 11572 11570
f 11573 11570 11569
f 11573 11574 11575
f 11573 11575 11572
f 8475 11572 11575
f 8475 11575 8484
f 8481 8484 11575
f 8481 11575 11576
f 11577 11576 11575
f 11577 11575 11574
f 11577 11578 11579
f 11577 11579 11576
f 8481 11576 11579
f 8481 11579 8488
f 8485 8488 11579
f 8485 11579 11580
f 11581 11580 11579
f 11581 11579 11578
f 11581 11582 11583
f 11581 11583 11580
f 8485 11580 11583
f 8485 11583 8490
f 8479 8490 11583
f 8479 11583 11571
f 11568 11571 11583
f 11568 11583 11582
f 8090 8091 11584
f 8090 11584 8106
f 8105 8106 11584
f 8105 11584 11585
f 8111 11585 11584
f 8111 11584 8110
f 8092 8110 11584
f 8092 11584 8091
f 8105 11585 11586
f 8105 11586 8117
f 7746 8117 11586
f 7746 11586 8124
f 8120 8124 11586
f 8120 11586 8119
f 8111 8119 11586
f 8111 11586 11585
f 8691 11587 11588
f 8691 11588 8690
f 8686 8690 11588
f 8686 11588 11589
f 8691 8695 11590
f 8691 11590 11587
f 8675 11591 11590
f 8675 11590 8695
f 8675 8678 11592
f 8675 11592 11591
f 8679 11593 11592
f 8679 11592 8678
f 8679 8685 11594
f 8679 11594 11593
f 8686 11589 11594
f 8686 11594 8685
f 11595 11596 11597
f 11595 11597 11598
f 11597 11596 11599
f 11597 11599 11600
f 11599 11596 10132
f 11599 10132 10124
f 10132 11596 11595
f 10132 11595 9759
f 11589 11588 11601
f 11589 11601 11602
f 11601 11588 11587
f 11601 11587 11603
f 11587 11590 11604
f 11587 11604 11603
f 11604 11590 11591
f 11604 11591 11605
f 11591 11592 11606
f 11591 11606 11605
f 11606 11592 11593
f 11606 11593 11607
f 11608 11594 11589
f 11608 11589 11602
f 11593 11594 11608
f 11593 11608 11607
f 11609 11610 11280
f 11609 11280 11281
f 11280 11610 11611
f 11280 11611 7797
f 11611 11610 10417
f 11611 10417 10415
f 10417 11610 11609
f 10417 11609 10405
f 11611 11612 7796
f 11611 7796 7797
f 7796 11612 11613
f 7796 11613 7799
f 11613 11612 10413
f 11613 10413 10411
f 10413 11612 11611
f 10413 11611 10415
f 11613 11614 11615
f 11613 11615 7799
f 11615 11614 11616
f 11615 11616 11617
f 11616 11614 10409
f 11616 10409 10407
f 10409 11614 11613
f 10409 11613 10411
f 11616 11618 11619
f 11616 11619 11617
f 11619 11618 11609
f 11619 11609 11281
f 11609 11618 10404
f 11609 10404 10405
f 10404 11618 11616
f 10404 11616 10407
f 11620 10145 10144
f 11620 10144 11621
f 10161 10160 11604
f 10161 11604 11605
f 11604 10160 10162
f 11604 10162 11603
f 10148 10145 11620
f 10148 11620 11622
f 10447 11623 11624
f 10447 11624 10425
f 11625 11623 10447
f 11625 10447 10448
f 11620 11623 11625
f 11620 11625 11622
f 11626 10151 10150
f 11626 10150 11627
f 10164 10163 11606
f 10164 11606 11607
f 11606 10163 10161
f 11606 10161 11605
f 10144 10151 11626
f 10144 11626 11621
f 11628 10155 10154
f 11628 10154 11629
f 10166 10165 11608
f 10166 11608 11602
f 11608 10165 10164
f 11608 10164 11607
f 10150 10155 11628
f 10150 11628 11627
f 11624 11623 11620
f 11624 11620 11621
f 10455 11630 11625
f 10455 11625 10448
f 11631 11630 10455
f 11631 10455 10438
f 11632 11630 11631
f 11632 11631 11629
f 11632 10158 10148
f 11632 10148 11622
f 10162 10167 11601
f 10162 11601 11603
f 11601 10167 10166
f 11601 10166 11602
f 10154 10158 11632
f 10154 11632 11629
f 11633 11634 11635
f 11633 11635 11636
f 11635 11634 9960
f 11635 9960 9963
f 9960 11634 11637
f 9960 11637 9965
f 11637 11634 11633
f 11637 11633 11638
f 11625 11630 11632
f 11625 11632 11622
f 10439 11639 11640
f 10439 11640 10430
f 11641 11639 10439
f 11641 10439 10442
f 10174 11639 11641
f 10174 11641 10176
f 11642 9976 11637
f 11642 11637 11638
f 11637 9976 9966
f 11637 9966 9965
f 9977 9976 11642
f 9977 11642 11600
f 11643 9978 9977
f 11643 9977 11600
f 9979 9978 11643
f 9979 11643 11644
f 11645 9980 9979
f 11645 9979 11644
f 9974 9980 11635
f 9974 11635 9963
f 11635 9980 11645
f 11635 11645 11636
f 11640 11639 10174
f 11640 10174 10175
f 10427 11646 11647
f 10427 11647 10432
f 11640 11646 10427
f 11640 10427 10430
f 11648 11646 11640
f 11648 11640 10175
f 11649 11650 11651
f 11649 11651 11652
f 11651 11650 11653
f 11651 11653 11654
f 11653 11650 11655
f 11653 11655 7822
f 11655 11650 11649
f 11655 11649 11656
f 11653 11657 11658
f 11653 11658 11654
f 11658 11657 9771
f 11658 9771 9774
f 9771 11657 7819
f 9771 7819 7820
f 7819 11657 11653
f 7819 11653 7822
f 11647 11646 11648
f 11647 11648 10187
f 8285 8292 11659
f 8285 11659 8335
f 8268 11660 11659
f 8268 11659 8292
f 8317 8318 11659
f 8317 11659 11660
f 8319 8335 11659
f 8319 11659 8318
f 8268 8269 11661
f 8268 11661 11660
f 8270 8328 11661
f 8270 11661 8269
f 8326 8327 11661
f 8326 11661 8328
f 8317 11660 11661
f 8317 11661 8327
f 11363 11364 11662
f 11363 11662 11663
f 8322 8325 11662
f 8322 11662 11364
f 8326 8330 11662
f 8326 11662 8325
f 8331 11663 11662
f 8331 11662 8330
f 8321 11362 11664
f 8321 11664 8320
f 11363 11663 11664
f 11363 11664 11362
f 8331 8334 11664
f 8331 11664 11663
f 8319 8320 11664
f 8319 11664 8334
f 11665 11666 11667
f 11665 11667 11668
f 11666 11669 11670
f 11666 11670 11667
f 11671 11665 11668
f 11671 11668 11672
f 11669 11673 11674
f 11669 11674 11670
f 11675 11671 11672
f 11675 11672 11676
f 11673 11677 11678
f 11673 11678 11674
f 11679 11675 11676
f 11679 11676 11680
f 11677 11679 11680
f 11677 11680 11678
f 11681 11682 11666
f 11681 11666 11665
f 11682 11683 11669
f 11682 11669 11666
f 11684 11681 11665
f 11684 11665 11671
f 11683 11685 11673
f 11683 11673 11669
f 11686 11684 11671
f 11686 11671 11675
f 11685 11687 11677
f 11685 11677 11673
f 11688 11686 11675
f 11688 11675 11679
f 11687 11688 11679
f 11687 11679 11677
f 11689 11690 11682
f 11689 11682 11681
f 11690 11691 11683
f 11690 11683 11682
f 11692 11689 11681
f 11692 11681 11684
f 11691 11693 11685
f 11691 11685 11683
f 11694 11692 11684
f 11694 11684 11686
f 11693 11695 11687
f 11693 11687 11685
f 11696 11694 11686
f 11696 11686 11688
f 11695 11696 11688
f 11695 11688 11687
f 11697 11698 11699
f 11697 11699 11700
f 11698 11701 11702
f 11698 11702 11699
f 11696 11695 11703
f 11696 11703 11704
f 11701 11705 11706
f 11701 11706 11702
f 11707 11708 7518
f 11707 7518 7520
f 11705 11708 11703
f 11705 11703 11706
f 11707 11709 11710
f 11707 11710 11704
f 11708 11707 11704
f 11708 11704 11703
f 11698 11697 7508
f 11698 7508 7507
f 11690 11689 11700
f 11690 11700 11699
f 11701 11698 7507
f 11701 7507 7510
f 11691 11690 11699
f 11691 11699 11702
f 11711 11712 11713
f 11711 11713 11714
f 11715 11716 11717
f 11715 11717 11718
f 11719 11711 11714
f 11719 11714 11720
f 11716 11721 11722
f 11716 11722 11717
f 11712 11723 11724
f 11712 11724 11713
f 11725 11715 11718
f 11725 11718 11726
f 11727 11719 11720
f 11727 11720 11728
f 11721 11729 11730
f 11721 11730 11722
f 11723 11731 11732
f 11723 11732 11724
f 11733 11725 11726
f 11733 11726 11734
f 11735 11727 11728
f 11735 11728 11736
f 11729 11737 11738
f 11729 11738 11730
f 11731 11739 11740
f 11731 11740 11732
f 11741 11733 11734
f 11741 11734 11742
f 11739 11735 11736
f 11739 11736 11740
f 11737 11741 11742
f 11737 11742 11738
f 11743 11744 11711
f 11743 11711 11745
f 11744 11746 11712
f 11744 11712 11711
f 11746 11747 11723
f 11746 11723 11712
f 11747 11748 11749
f 11747 11749 11723
f 11748 11750 11725
f 11748 11725 11749
f 11750 11751 11715
f 11750 11715 11725
f 11751 11752 11716
f 11751 11716 11715
f 11752 11743 11745
f 11752 11745 11716
f 11753 11754 11744
f 11753 11744 11743
f 11754 11755 11746
f 11754 11746 11744
f 11755 11756 11747
f 11755 11747 11746
f 11756 11757 11748
f 11756 11748 11747
f 11757 11758 11750
f 11757 11750 11748
f 11758 11759 11751
f 11758 11751 11750
f 11759 11760 11752
f 11759 11752 11751
f 11760 11753 11743
f 11760 11743 11752
f 11761 11762 11754
f 11761 11754 11753
f 11762 11763 11755
f 11762 11755 11754
f 11763 11764 11756
f 11763 11756 11755
f 11764 11765 11757
f 11764 11757 11756
f 11765 11766 11758
f 11765 11758 11757
f 11766 11767 11759
f 11766 11759 11758
f 11767 11768 11760
f 11767 11760 11759
f 11768 11761 11753
f 11768 11753 11760
f 11769 11770 11762
f 11769 11762 11761
f 11770 11771 11763
f 11770 11763 11762
f 11771 11772 11764
f 11771 11764 11763
f 11772 11773 11765
f 11772 11765 11764
f 11773 11774 11766
f 11773 11766 11765
f 11774 11775 11767
f 11774 11767 11766
f 11775 11776 11768
f 11775 11768 11767
f 11776 11769 11761
f 11776 11761 11768
f 11777 11778 11770
f 11777 11770 11769
f 11778 11779 11771
f 11778 11771 11770
f 11779 11780 11772
f 11779 11772 11771
f 11780 11781 11773
f 11780 11773 11772
f 11781 11782 11774
f 11781 11774 11773
f 11782 11783 11775
f 11782 11775 11774
f 11783 11784 11776
f 11783 11776 11775
f 11784 11777 11769
f 11784 11769 11776
f 11785 11786 11777
f 11785 11777 11784
f 11784 11783 11787
f 11784 11787 11785
f 11783 11782 11788
f 11783 11788 11787
f 11782 11781 11789
f 11782 11789 11788
f 11781 11780 11790
f 11781 11790 11789
f 11780 11779 11791
f 11780 11791 11790
f 11779 11778 11792
f 11779 11792 11791
f 11778 11777 11786
f 11778 11786 11792
f 11793 11794 11795
f 11793 11795 11796
f 11796 11797 11798
f 11796 11798 11793
f 11797 11799 11800
f 11797 11800 11798
f 11799 11801 11802
f 11799 11802 11800
f 11801 11803 11804
f 11801 11804 11802
f 11803 11805 11806
f 11803 11806 11804
f 11805 11807 11808
f 11805 11808 11806
f 11807 11795 11794
f 11807 11794 11808
f 11809 11810 11811
f 11809 11811 11812
f 11810 11813 11814
f 11810 11814 11811
f 11813 11815 11816
f 11813 11816 11814
f 11815 11817 11818
f 11815 11818 11816
f 11817 11819 11820
f 11817 11820 11818
f 11819 11821 11822
f 11819 11822 11820
f 11821 11823 11824
f 11821 11824 11822
f 11823 11809 11812
f 11823 11812 11824
f 11825 11826 11827
f 11825 11827 11828
f 11829 11825 11828
f 11829 11828 11830
f 11831 11829 11830
f 11831 11830 11832
f 11833 11831 11832
f 11833 11832 11834
f 11835 11833 11834
f 11835 11834 11836
f 11837 11835 11836
f 11837 11836 11838
f 11839 11837 11838
f 11839 11838 11840
f 11826 11839 11840
f 11826 11840 11827
f 11841 11842 11843
f 11841 11843 11844
f 11845 11841 11844
f 11845 11844 11846
f 11847 11845 11846
f 11847 11846 11848
f 11849 11847 11848
f 11849 11848 11850
f 11851 11849 11850
f 11851 11850 11852
f 11853 11851 11852
f 11853 11852 11854
f 11855 11853 11854
f 11855 11854 11856
f 11842 11855 11856
f 11842 11856 11843
f 11857 11858 11859
f 11857 11859 11860
f 11861 11857 11860
f 11861 11860 11862
f 11863 11861 11862
f 11863 11862 11864
f 11865 11863 11864
f 11865 11864 11866
f 11867 11865 11866
f 11867 11866 11868
f 11869 11867 11868
f 11869 11868 11870
f 11871 11869 11870
f 11871 11870 11872
f 11858 11871 11872
f 11858 11872 11859
f 11873 11874 11875
f 11873 11875 11876
f 11877 11873 11876
f 11877 11876 11878
f 11879 11880 11859
f 11879 11859 11872
f 11881 11877 11878
f 11881 11878 11882
f 11883 11881 11882
f 11883 11882 11884
f 11879 11883 11884
f 11879 11884 11885
f 11886 11880 11887
f 11886 11887 11888
f 11874 11886 11888
f 11874 11888 11875
f 11889 11890 11891
f 11889 11891 11892
f 11893 11894 11895
f 11893 11895 11896
f 11897 11889 11892
f 11897 11892 11898
f 11894 11899 11900
f 11894 11900 11895
f 11890 11901 11902
f 11890 11902 11891
f 11903 11893 11896
f 11903 11896 11904
f 11905 11897 11898
f 11905 11898 11906
f 11899 11907 11908
f 11899 11908 11900
f 11901 11909 11910
f 11901 11910 11902
f 11911 11903 11904
f 11911 11904 11912
f 11913 11905 11906
f 11913 11906 11914
f 11907 11915 11916
f 11907 11916 11908
f 11909 11917 11918
f 11909 11918 11910
f 11919 11911 11912
f 11919 11912 11920
f 11917 11913 11914
f 11917 11914 11918
f 11915 11919 11920
f 11915 11920 11916
f 11921 11922 11897
f 11921 11897 11905
f 11922 11923 11924
f 11922 11924 11897
f 11923 11925 11899
f 11923 11899 11924
f 11925 11926 11907
f 11925 11907 11899
f 11926 11927 11915
f 11926 11915 11907
f 11927 11928 11929
f 11927 11929 11915
f 11928 11930 11913
f 11928 11913 11929
f 11930 11921 11905
f 11930 11905 11913
f 11931 11932 11922
f 11931 11922 11921
f 11932 11933 11923
f 11932 11923 11922
f 11933 11934 11925
f 11933 11925 11923
f 11934 11935 11926
f 11934 11926 11925
f 11935 11936 11927
f 11935 11927 11926
f 11936 11937 11928
f 11936 11928 11927
f 11937 11938 11930
f 11937 11930 11928
f 11938 11931 11921
f 11938 11921 11930
f 11931 11938 11939
f 11931 11939 11940
f 11941 11939 11938
f 11941 11938 11937
f 11942 11941 11937
f 11942 11937 11936
f 11943 11942 11936
f 11943 11936 11935
f 11944 11943 11935
f 11944 11935 11934
f 11945 11944 11934
f 11945 11934 11933
f 11946 11945 11933
f 11946 11933 11932
f 11940 11946 11932
f 11940 11932 11931
f 11947 11948 11949
f 11947 11949 11950
f 11948 11951 11952
f 11948 11952 11949
f 11951 11953 11954
f 11951 11954 11952
f 11953 11955 11956
f 11953 11956 11954
f 11955 11957 11958
f 11955 11958 11956
f 11957 11959 11960
f 11957 11960 11958
f 11959 11961 11962
f 11959 11962 11960
f 11961 11947 11950
f 11961 11950 11962
f 11963 11964 11948
f 11963 11948 11947
f 11964 11965 11951
f 11964 11951 11948
f 11965 11966 11953
f 11965 11953 11951
f 11966 11967 11955
f 11966 11955 11953
f 11967 11968 11957
f 11967 11957 11955
f 11968 11969 11959
f 11968 11959 11957
f 11969 11970 11961
f 11969 11961 11959
f 11970 11963 11947
f 11970 11947 11961
f 11942 11943 11956
f 11942 11956 11958
f 11946 11940 11950
f 11946 11950 11949
f 11941 11942 11958
f 11941 11958 11960
f 11945 11946 11949
f 11945 11949 11952
f 11943 11944 11954
f 11943 11954 11956
f 11940 11939 11962
f 11940 11962 11950
f 11939 11941 11960
f 11939 11960 11962
f 11944 11945 11952
f 11944 11952 11954
f 11871 11858 11971
f 11871 11971 11972
f 11869 11871 11972
f 11869 11972 11973
f 11867 11869 11973
f 11867 11973 11974
f 11865 11867 11974
f 11865 11974 11975
f 11863 11865 11975
f 11863 11975 11976
f 11861 11863 11976
f 11861 11976 11977
f 11857 11861 11977
f 11857 11977 11978
f 11858 11857 11978
f 11858 11978 11971
f 11972 11971 11979
f 11972 11979 11980
f 11973 11972 11980
f 11973 11980 11981
f 11974 11973 11981
f 11974 11981 11982
f 11975 11974 11982
f 11975 11982 11983
f 11976 11975 11983
f 11976 11983 11984
f 11977 11976 11984
f 11977 11984 11985
f 11978 11977 11985
f 11978 11985 11986
f 11971 11978 11986
f 11971 11986 11979
f 11980 11979 11987
f 11980 11987 11988
f 11981 11980 11988
f 11981 11988 11989
f 11982 11981 11989
f 11982 11989 11990
f 11983 11982 11990
f 11983 11990 11991
f 11984 11983 11991
f 11984 11991 11992
f 11985 11984 11992
f 11985 11992 11993
f 11986 11985 11993
f 11986 11993 11994
f 11979 11986 11994
f 11979 11994 11987
f 11988 11987 11995
f 11988 11995 11996
f 11989 11988 11996
f 11989 11996 11997
f 11990 11989 11997
f 11990 11997 11998
f 11991 11990 11998
f 11991 11998 11999
f 11992 11991 11999
f 11992 11999 12000
f 11993 11992 12000
f 11993 12000 12001
f 11994 11993 12001
f 11994 12001 12002
f 11987 11994 12002
f 11987 12002 11995
f 12003 12004 12005
f 12003 12005 12006
f 12007 12008 12009
f 12007 12009 12010
f 12011 12007 12010
f 12011 12010 12012
f 12013 12014 12015
f 12013 12015 11996
f 12000 12016 12017
f 12000 12017 12001
f 12018 12019 12020
f 12018 12020 12021
f 12022 11998 11997
f 12022 11997 12023
f 12024 12025 12002
f 12024 12002 12026
f 12016 12027 12028
f 12016 12028 12017
f 12029 12018 12021
f 12029 12021 12030
f 12031 12022 12023
f 12031 12023 12032
f 12033 12013 11996
f 12033 11996 11995
f 12027 12034 12035
f 12027 12035 12028
f 12025 12033 11995
f 12025 11995 12002
f 12004 12036 12037
f 12004 12037 12005
f 12034 12031 12032
f 12034 12032 12035
f 12038 12039 12040
f 12038 12040 12041
f 12039 12042 12043
f 12039 12043 12040
f 12042 12044 12045
f 12042 12045 12043
f 12044 12046 12047
f 12044 12047 12045
f 12046 12048 12049
f 12046 12049 12047
f 12048 12050 12051
f 12048 12051 12049
f 12050 12052 12053
f 12050 12053 12051
f 12052 12038 12041
f 12052 12041 12053
f 12054 12055 12056
f 12054 12056 12057
f 12055 12058 12059
f 12055 12059 12056
f 12058 12060 12061
f 12058 12061 12059
f 12060 12062 12063
f 12060 12063 12061
f 12062 12064 12065
f 12062 12065 12063
f 12064 12066 12067
f 12064 12067 12065
f 12066 12068 12069
f 12066 12069 12067
f 12068 12054 12057
f 12068 12057 12069
f 12070 12071 46
f 12070 46 12072
f 12073 12070 12072
f 12073 12072 12074
f 12071 12075 43
f 12071 43 46
f 12076 12073 12074
f 12076 12074 12077
f 12075 12078 49
f 12075 49 43
f 12077 12079 12080
f 12077 12080 12076
f 12078 12081 12082
f 12078 12082 49
f 12081 12080 12079
f 12081 12079 12082
f 12076 12080 12083
f 12076 12083 12084
f 12073 12076 12084
f 12073 12084 12085
f 12070 12073 12085
f 12070 12085 12086
f 12071 12070 12086
f 12071 12086 12087
f 12075 12071 12087
f 12075 12087 12088
f 12078 12075 12088
f 12078 12088 12089
f 12081 12078 12089
f 12081 12089 12090
f 12080 12081 12090
f 12080 12090 12083
f 12091 12092 12093
f 12091 12093 12094
f 12092 12095 12096
f 12092 12096 12093
f 12095 12097 12098
f 12095 12098 12096
f 12097 12036 12029
f 12097 12029 12098
f 12036 12004 12018
f 12036 12018 12029
f 12004 12003 12019
f 12004 12019 12018
f 12003 12099 12100
f 12003 12100 12019
f 12094 12100 12099
f 12094 12099 12091
f 12101 12102 12103
f 12101 12103 12104
f 12102 12105 12106
f 12102 12106 12103
f 12105 12107 12108
f 12105 12108 12106
f 12107 12030 12109
f 12107 12109 12108
f 12030 12021 12110
f 12030 12110 12109
f 12021 12020 12111
f 12021 12111 12110
f 12020 12112 12113
f 12020 12113 12111
f 12104 12113 12112
f 12104 12112 12101
f 12015 12114 12032
f 12015 12032 12023
f 11996 12015 12023
f 11996 12023 11997
f 12115 12116 12012
f 12115 12012 12010
f 12117 12115 12010
f 12117 12010 12009
f 12026 12002 12001
f 12026 12001 12017
f 12118 12026 12017
f 12118 12017 12028
f 12119 12118 12028
f 12119 12028 12035
f 12114 12119 12035
f 12114 12035 12032
f 12022 12031 12120
f 12022 12120 12121
f 11998 12022 12121
f 11998 12121 12122
f 11999 11998 12122
f 11999 12122 12123
f 12000 11999 12123
f 12000 12123 12124
f 12016 12000 12124
f 12016 12124 12125
f 12027 12016 12125
f 12027 12125 12126
f 12034 12027 12126
f 12034 12126 12127
f 12031 12034 12127
f 12031 12127 12120
f 12121 12120 12128
f 12121 12128 12129
f 12122 12121 12129
f 12122 12129 12130
f 12123 12122 12130
f 12123 12130 12131
f 12124 12123 12131
f 12124 12131 12132
f 12125 12124 12132
f 12125 12132 12133
f 12126 12125 12133
f 12126 12133 12134
f 12127 12126 12134
f 12127 12134 12135
f 12120 12127 12135
f 12120 12135 12128
f 12128 12135 12136
f 12128 12136 12137
f 12138 12136 12135
f 12138 12135 12134
f 12139 12138 12134
f 12139 12134 12133
f 12140 12139 12133
f 12140 12133 12132
f 12141 12140 12132
f 12141 12132 12131
f 12142 12141 12131
f 12142 12131 12130
f 12143 12142 12130
f 12143 12130 12129
f 12137 12143 12129
f 12137 12129 12128
f 12144 12145 12146
f 12144 12146 12147
f 12145 12148 12149
f 12145 12149 12146
f 12148 12150 12151
f 12148 12151 12149
f 12150 12152 12153
f 12150 12153 12151
f 12152 12154 12155
f 12152 12155 12153
f 12154 12156 12157
f 12154 12157 12155
f 12156 12158 12159
f 12156 12159 12157
f 12147 12159 12158
f 12147 12158 12144
f 12159 12147 12057
f 12159 12057 12056
f 12157 12159 12056
f 12157 12056 12059
f 12155 12157 12059
f 12155 12059 12061
f 12153 12155 12061
f 12153 12061 12063
f 12151 12153 12063
f 12151 12063 12065
f 12149 12151 12065
f 12149 12065 12067
f 12146 12149 12067
f 12146 12067 12069
f 12147 12146 12069
f 12147 12069 12057
f 12055 12054 12041
f 12055 12041 12040
f 12058 12055 12040
f 12058 12040 12043
f 12060 12058 12043
f 12060 12043 12045
f 12062 12060 12045
f 12062 12045 12047
f 12064 12062 12047
f 12064 12047 12049
f 12066 12064 12049
f 12066 12049 12051
f 12068 12066 12051
f 12068 12051 12053
f 12054 12068 12053
f 12054 12053 12041
f 12039 12038 12160
f 12039 12160 12161
f 12042 12039 12161
f 12042 12161 12162
f 12044 12042 12162
f 12044 12162 12163
f 12046 12044 12163
f 12046 12163 12164
f 12048 12046 12164
f 12048 12164 12165
f 12050 12048 12165
f 12050 12165 12166
f 12052 12050 12166
f 12052 12166 12167
f 12038 12052 12167
f 12038 12167 12160
f 12161 12160 12168
f 12161 12168 12169
f 12162 12161 12169
f 12162 12169 12170
f 12163 12162 12170
f 12163 12170 12171
f 12164 12163 12171
f 12164 12171 12172
f 12165 12164 12172
f 12165 12172 12173
f 12166 12165 12173
f 12166 12173 12174
f 12167 12166 12174
f 12167 12174 12175
f 12160 12167 12175
f 12160 12175 12168
f 12169 12168 12176
f 12169 12176 12177
f 12170 12169 12177
f 12170 12177 12178
f 12171 12170 12178
f 12171 12178 12179
f 12172 12171 12179
f 12172 12179 12180
f 12173 12172 12180
f 12173 12180 9665
f 12174 12173 9665
f 12174 9665 9664
f 12175 12174 9664
f 12175 9664 9672
f 12168 12175 9672
f 12168 9672 12176
f 12181 12182 12183
f 12181 12183 12184
f 12185 12186 12184
f 12185 12184 12183
f 12187 12181 12184
f 12187 12184 12188
f 12186 12189 12188
f 12186 12188 12184
f 12179 12190 12191
f 12179 12191 12180
f 9667 9665 12180
f 9667 12180 12191
f 12192 12177 12176
f 12192 12176 12193
f 9672 9675 12193
f 9672 12193 12176
f 12190 12194 12195
f 12190 12195 12191
f 9656 9667 12191
f 9656 12191 12195
f 12196 12192 12193
f 12196 12193 12197
f 9675 9668 12197
f 9675 12197 12193
f 12194 12198 12199
f 12194 12199 12195
f 9655 9643 9638
f 9655 9638 9654
f 12198 12196 12197
f 12198 12197 12199
f 9668 9657 12199
f 9668 12199 12197
f 12200 12201 12202
f 12200 12202 12203
f 12204 12200 12203
f 12204 12203 12205
f 12206 12204 12205
f 12206 12205 12207
f 12208 12206 12207
f 12208 12207 12209
f 12079 12077 12210
f 12079 12210 12211
f 12074 12212 12210
f 12074 12210 12077
f 12072 12213 12212
f 12072 12212 12074
f 46 45 12213
f 46 12213 12072
f 12214 12215 12216
f 12214 12216 12217
f 12218 12214 12217
f 12218 12217 12219
f 12220 12218 12219
f 12220 12219 12221
f 12222 12220 12221
f 12222 12221 12223
f 12224 12222 12223
f 12224 12223 12225
f 12226 12224 12225
f 12226 12225 12227
f 12228 12226 12227
f 12228 12227 12229
f 12215 12228 12229
f 12215 12229 12216
f 12217 12216 11261
f 12217 11261 11260
f 12219 12217 11260
f 12219 11260 11263
f 12221 12219 11263
f 12221 11263 11265
f 12223 12221 11265
f 12223 11265 11267
f 12225 12223 11267
f 12225 11267 11269
f 12227 12225 11269
f 12227 11269 11271
f 12229 12227 11271
f 12229 11271 11273
f 12216 12229 11273
f 12216 11273 11261
f 11259 11258 12230
f 11259 12230 12231
f 11262 11259 12231
f 11262 12231 12232
f 11264 11262 12232
f 11264 12232 12233
f 11266 11264 12233
f 11266 12233 12234
f 11268 11266 12234
f 11268 12234 12235
f 11270 11268 12235
f 11270 12235 12236
f 11272 11270 12236
f 11272 12236 12237
f 11258 11272 12237
f 11258 12237 12230
f 12231 12230 12238
f 12231 12238 12239
f 12232 12231 12239
f 12232 12239 12240
f 12233 12232 12240
f 12233 12240 12241
f 12234 12233 12241
f 12234 12241 12242
f 12235 12234 12242
f 12235 12242 12243
f 12236 12235 12243
f 12236 12243 12244
f 12237 12236 12244
f 12237 12244 12245
f 12230 12237 12245
f 12230 12245 12238
f 12239 12238 12246
f 12239 12246 12247
f 12240 12239 12247
f 12240 12247 12248
f 12241 12240 12248
f 12241 12248 12249
f 12242 12241 12249
f 12242 12249 12250
f 12243 12242 12250
f 12243 12250 12251
f 12244 12243 12251
f 12244 12251 12252
f 12245 12244 12252
f 12245 12252 12253
f 12238 12245 12253
f 12238 12253 12246
f 12247 12246 12254
f 12247 12254 12255
f 12248 12247 12255
f 12248 12255 12256
f 12249 12248 12256
f 12249 12256 12257
f 12250 12249 12257
f 12250 12257 12258
f 12251 12250 12258
f 12251 12258 12259
f 12252 12251 12259
f 12252 12259 12260
f 12253 12252 12260
f 12253 12260 12261
f 12246 12253 12261
f 12246 12261 12254
f 12255 12254 12262
f 12255 12262 12263
f 12256 12255 12263
f 12256 12263 12264
f 12257 12256 12264
f 12257 12264 12265
f 12258 12257 12265
f 12258 12265 12266
f 12259 12258 12266
f 12259 12266 12267
f 12260 12259 12267
f 12260 12267 12268
f 12261 12260 12268
f 12261 12268 12269
f 12254 12261 12269
f 12254 12269 12262
f 12224 12226 12270
f 12224 12270 12222
f 11697 12271 7512
f 11697 7512 7508
f 11694 11696 11704
f 11694 11704 11710
f 11705 11701 7510
f 11705 7510 7514
f 11693 11691 11702
f 11693 11702 11706
f 8384 8385 12272
f 8384 12272 12273
f 8303 8306 12272
f 8303 12272 8385
f 7687 8301 12272
f 7687 12272 8306
f 8294 12273 12272
f 8294 12272 8301
f 8312 12274 12275
f 8312 12275 8311
f 8384 12273 12275
f 8384 12275 12274
f 8294 8297 12275
f 8294 12275 12273
f 7676 8311 12275
f 7676 12275 8297
f 9010 12276 12277
f 9010 12277 9011
f 12278 12279 12277
f 12278 12277 12276
f 12280 12281 12277
f 12280 12277 12279
f 9015 9011 12277
f 9015 12277 12281
f 9031 12282 12283
f 9031 12283 9034
f 12284 12285 12283
f 12284 12283 12282
f 12278 12276 12283
f 12278 12283 12285
f 9010 9034 12283
f 9010 12283 12276
f 9023 12286 12287
f 9023 12287 9028
f 12288 12289 12287
f 12288 12287 12286
f 12284 12282 12287
f 12284 12287 12289
f 9031 9028 12287
f 9031 12287 12282
f 9015 12281 12290
f 9015 12290 9020
f 12280 12291 12290
f 12280 12290 12281
f 12288 12286 12290
f 12288 12290 12291
f 9023 9020 12290
f 9023 12290 12286
f 12284 12292 12293
f 12284 12293 12285
f 12294 12295 12293
f 12294 12293 12292
f 12296 12297 12293
f 12296 12293 12295
f 12278 12285 12293
f 12278 12293 12297
f 12298 12299 12300
f 12298 12300 12301
f 12302 12303 12300
f 12302 12300 12299
f 12304 12305 12300
f 12304 12300 12303
f 12306 12301 12300
f 12306 12300 12305
f 12307 12308 12309
f 12307 12309 12310
f 12311 12312 12309
f 12311 12309 12308
f 12313 12314 12309
f 12313 12309 12312
f 12315 12310 12309
f 12315 12309 12314
f 12316 12317 12318
f 12316 12318 12319
f 12320 12321 12318
f 12320 12318 12317
f 12302 12299 12318
f 12302 12318 12321
f 12298 12319 12318
f 12298 12318 12299
f 12322 12323 12324
f 12322 12324 12325
f 12326 12327 12324
f 12326 12324 12323
f 12328 12329 12324
f 12328 12324 12327
f 12330 12325 12324
f 12330 12324 12329
f 12294 12331 12332
f 12294 12332 12295
f 12306 12305 12332
f 12306 12332 12331
f 12304 12333 12332
f 12304 12332 12305
f 12296 12295 12332
f 12296 12332 12333
f 12278 12297 12334
f 12278 12334 12279
f 12296 12335 12334
f 12296 12334 12297
f 12320 12336 12334
f 12320 12334 12335
f 12280 12279 12334
f 12280 12334 12336
f 12280 12336 12337
f 12280 12337 12291
f 12320 12317 12337
f 12320 12337 12336
f 12316 12338 12337
f 12316 12337 12317
f 12288 12291 12337
f 12288 12337 12338
f 12288 12338 12339
f 12288 12339 12289
f 12316 12340 12339
f 12316 12339 12338
f 12294 12292 12339
f 12294 12339 12340
f 12284 12289 12339
f 12284 12339 12292
f 12341 12342 12343
f 12341 12343 12344
f 12345 12346 12343
f 12345 12343 12342
f 12347 12348 12343
f 12347 12343 12346
f 12349 12344 12343
f 12349 12343 12348
f 12320 12350 12351
f 12320 12351 12321
f 12341 12344 12351
f 12341 12351 12350
f 12349 12352 12351
f 12349 12351 12344
f 12302 12321 12351
f 12302 12351 12352
f 12353 12354 12355
f 12353 12355 12356
f 12357 12358 12355
f 12357 12355 12354
f 12345 12342 12355
f 12345 12355 12358
f 12341 12356 12355
f 12341 12355 12342
f 12320 12335 12359
f 12320 12359 12350
f 12296 12360 12359
f 12296 12359 12335
f 12353 12356 12359
f 12353 12359 12360
f 12341 12350 12359
f 12341 12359 12356
f 12353 12361 12362
f 12353 12362 12354
f 12363 12364 12362
f 12363 12362 12361
f 12365 12366 12362
f 12365 12362 12364
f 12357 12354 12362
f 12357 12362 12366
f 12304 12367 12368
f 12304 12368 12333
f 12363 12361 12368
f 12363 12368 12367
f 12353 12360 12368
f 12353 12368 12361
f 12296 12333 12368
f 12296 12368 12360
f 12363 12369 12370
f 12363 12370 12364
f 12349 12348 12370
f 12349 12370 12369
f 12347 12371 12370
f 12347 12370 12348
f 12365 12364 12370
f 12365 12370 12371
f 12302 12352 12372
f 12302 12372 12303
f 12349 12369 12372
f 12349 12372 12352
f 12363 12367 12372
f 12363 12372 12369
f 12304 12303 12372
f 12304 12372 12367
f 12294 12340 12373
f 12294 12373 12374
f 12316 12375 12373
f 12316 12373 12340
f 12376 12377 12373
f 12376 12373 12375
f 12378 12374 12373
f 12378 12373 12377
f 12298 12379 12380
f 12298 12380 12319
f 12381 12382 12380
f 12381 12380 12379
f 12376 12375 12380
f 12376 12380 12382
f 12316 12319 12380
f 12316 12380 12375
f 12306 12383 12384
f 12306 12384 12301
f 12385 12386 12384
f 12385 12384 12383
f 12381 12379 12384
f 12381 12384 12386
f 12298 12301 12384
f 12298 12384 12379
f 12306 12331 12387
f 12306 12387 12383
f 12294 12374 12387
f 12294 12387 12331
f 12378 12388 12387
f 12378 12387 12374
f 12385 12383 12387
f 12385 12387 12388
f 12389 12390 12391
f 12389 12391 12392
f 12322 12325 12391
f 12322 12391 12390
f 12330 12393 12391
f 12330 12391 12325
f 12394 12392 12391
f 12394 12391 12393
f 12395 12396 12397
f 12395 12397 12398
f 12326 12323 12397
f 12326 12397 12396
f 12322 12390 12397
f 12322 12397 12323
f 12389 12398 12397
f 12389 12397 12390
f 12395 12399 12400
f 12395 12400 12396
f 12401 12402 12400
f 12401 12400 12399
f 12328 12327 12400
f 12328 12400 12402
f 12326 12396 12400
f 12326 12400 12327
f 12394 12393 12403
f 12394 12403 12404
f 12330 12329 12403
f 12330 12403 12393
f 12328 12402 12403
f 12328 12403 12329
f 12401 12404 12403
f 12401 12403 12402
f 12405 12406 12407
f 12405 12407 12408
f 12409 12410 12407
f 12409 12407 12406
f 12411 12412 12407
f 12411 12407 12410
f 12413 12408 12407
f 12413 12407 12412
f 12411 12414 12415
f 12411 12415 12412
f 12307 12310 12415
f 12307 12415 12414
f 12315 12416 12415
f 12315 12415 12310
f 12413 12412 12415
f 12413 12415 12416
f 12409 12417 12418
f 12409 12418 12410
f 12419 12420 12418
f 12419 12418 12417
f 12421 12422 12418
f 12421 12418 12420
f 12411 12410 12418
f 12411 12418 12422
f 12411 12422 12423
f 12411 12423 12414
f 12421 12424 12423
f 12421 12423 12422
f 12311 12308 12423
f 12311 12423 12424
f 12307 12414 12423
f 12307 12423 12308
f 12425 12426 12427
f 12425 12427 12428
f 12429 12430 12427
f 12429 12427 12426
f 12421 12420 12427
f 12421 12427 12430
f 12419 12428 12427
f 12419 12427 12420
f 12421 12430 12431
f 12421 12431 12424
f 12429 12432 12431
f 12429 12431 12430
f 12313 12312 12431
f 12313 12431 12432
f 12311 12424 12431
f 12311 12431 12312
f 12405 12408 12433
f 12405 12433 12434
f 12413 12435 12433
f 12413 12433 12408
f 12429 12426 12433
f 12429 12433 12435
f 12425 12434 12433
f 12425 12433 12426
f 12413 12416 12436
f 12413 12436 12435
f 12315 12314 12436
f 12315 12436 12416
f 12313 12432 12436
f 12313 12436 12314
f 12429 12435 12436
f 12429 12436 12432
f 12437 12438 12439
f 12437 12439 12440
f 12389 12392 12439
f 12389 12439 12438
f 12394 12441 12439
f 12394 12439 12392
f 12442 12440 12439
f 12442 12439 12441
f 12345 12443 12444
f 12345 12444 12346
f 12437 12440 12444
f 12437 12444 12443
f 12442 12445 12444
f 12442 12444 12440
f 12347 12346 12444
f 12347 12444 12445
f 12446 12447 12448
f 12446 12448 12449
f 12395 12398 12448
f 12395 12448 12447
f 12389 12438 12448
f 12389 12448 12398
f 12437 12449 12448
f 12437 12448 12438
f 12345 12358 12450
f 12345 12450 12443
f 12357 12451 12450
f 12357 12450 12358
f 12446 12449 12450
f 12446 12450 12451
f 12437 12443 12450
f 12437 12450 12449
f 12446 12452 12453
f 12446 12453 12447
f 12454 12455 12453
f 12454 12453 12452
f 12401 12399 12453
f 12401 12453 12455
f 12395 12447 12453
f 12395 12453 12399
f 12365 12456 12457
f 12365 12457 12366
f 12454 12452 12457
f 12454 12457 12456
f 12446 12451 12457
f 12446 12457 12452
f 12357 12366 12457
f 12357 12457 12451
f 12454 12458 12459
f 12454 12459 12455
f 12442 12441 12459
f 12442 12459 12458
f 12394 12404 12459
f 12394 12459 12441
f 12401 12455 12459
f 12401 12459 12404
f 12460 12461 12462
f 12460 12462 12463
f 12464 12465 12462
f 12464 12462 12461
f 12466 12467 12462
f 12466 12462 12465
f 12468 12463 12462
f 12468 12462 12467
f 12469 12470 12471
f 12469 12471 12472
f 12473 12474 12471
f 12473 12471 12470
f 12365 12371 12471
f 12365 12471 12474
f 12347 12472 12471
f 12347 12471 12371
f 12469 12472 12475
f 12469 12475 12476
f 12347 12445 12475
f 12347 12475 12472
f 12442 12477 12475
f 12442 12475 12445
f 12478 12476 12475
f 12478 12475 12477
f 12479 12480 12481
f 12479 12481 12482
f 12478 12477 12481
f 12478 12481 12480
f 12442 12458 12481
f 12442 12481 12477
f 12454 12482 12481
f 12454 12481 12458
f 12473 12483 12484
f 12473 12484 12474
f 12479 12482 12484
f 12479 12484 12483
f 12454 12456 12484
f 12454 12484 12482
f 12365 12474 12484
f 12365 12484 12456
f 12485 12486 12487
f 12485 12487 12488
f 12489 12490 12487
f 12489 12487 12486
f 12473 12470 12487
f 12473 12487 12490
f 12469 12488 12487
f 12469 12487 12470
f 12485 12488 12491
f 12485 12491 12492
f 12469 12476 12491
f 12469 12491 12488
f 12478 12493 12491
f 12478 12491 12476
f 12494 12492 12491
f 12494 12491 12493
f 12495 12496 12497
f 12495 12497 12498
f 12494 12493 12497
f 12494 12497 12496
f 12478 12480 12497
f 12478 12497 12493
f 12479 12498 12497
f 12479 12497 12480
f 12489 12499 12500
f 12489 12500 12490
f 12495 12498 12500
f 12495 12500 12499
f 12479 12483 12500
f 12479 12500 12498
f 12473 12490 12500
f 12473 12500 12483
f 12485 12501 12502
f 12485 12502 12486
f 12503 12504 12502
f 12503 12502 12501
f 12505 12506 12502
f 12505 12502 12504
f 12489 12486 12502
f 12489 12502 12506
f 12505 12504 12507
f 12505 12507 12508
f 12503 12509 12507
f 12503 12507 12504
f 12460 12463 12507
f 12460 12507 12509
f 12468 12508 12507
f 12468 12507 12463
f 12485 12492 12510
f 12485 12510 12501
f 12494 12511 12510
f 12494 12510 12492
f 12512 12513 12510
f 12512 12510 12511
f 12503 12501 12510
f 12503 12510 12513
f 12503 12513 12514
f 12503 12514 12509
f 12512 12515 12514
f 12512 12514 12513
f 12464 12461 12514
f 12464 12514 12515
f 12460 12509 12514
f 12460 12514 12461
f 12494 12496 12516
f 12494 12516 12511
f 12495 12517 12516
f 12495 12516 12496
f 12518 12519 12516
f 12518 12516 12517
f 12512 12511 12516
f 12512 12516 12519
f 12518 12520 12521
f 12518 12521 12519
f 12466 12465 12521
f 12466 12521 12520
f 12464 12515 12521
f 12464 12521 12465
f 12512 12519 12521
f 12512 12521 12515
f 12489 12506 12522
f 12489 12522 12499
f 12505 12523 12522
f 12505 12522 12506
f 12518 12517 12522
f 12518 12522 12523
f 12495 12499 12522
f 12495 12522 12517
f 12518 12523 12524
f 12518 12524 12520
f 12505 12508 12524
f 12505 12524 12523
f 12468 12467 12524
f 12468 12524 12508
f 12466 12520 12524
f 12466 12524 12467
f 12525 12526 12527
f 12525 12527 12528
f 12409 12406 12527
f 12409 12527 12526
f 12405 12529 12527
f 12405 12527 12406
f 12530 12528 12527
f 12530 12527 12529
f 12378 12377 12531
f 12378 12531 12532
f 12376 12533 12531
f 12376 12531 12377
f 12525 12528 12531
f 12525 12531 12533
f 12530 12532 12531
f 12530 12531 12528
f 12525 12534 12535
f 12525 12535 12526
f 12536 12537 12535
f 12536 12535 12534
f 12419 12417 12535
f 12419 12535 12537
f 12409 12526 12535
f 12409 12535 12417
f 12381 12538 12539
f 12381 12539 12382
f 12536 12534 12539
f 12536 12539 12538
f 12525 12533 12539
f 12525 12539 12534
f 12376 12382 12539
f 12376 12539 12533
f 12536 12540 12541
f 12536 12541 12537
f 12542 12543 12541
f 12542 12541 12540
f 12425 12428 12541
f 12425 12541 12543
f 12419 12537 12541
f 12419 12541 12428
f 12385 12544 12545
f 12385 12545 12386
f 12542 12540 12545
f 12542 12545 12544
f 12536 12538 12545
f 12536 12545 12540
f 12381 12386 12545
f 12381 12545 12538
f 12530 12529 12546
f 12530 12546 12547
f 12405 12434 12546
f 12405 12546 12529
f 12425 12543 12546
f 12425 12546 12434
f 12542 12547 12546
f 12542 12546 12543
f 12385 12388 12548
f 12385 12548 12544
f 12378 12532 12548
f 12378 12548 12388
f 12530 12547 12548
f 12530 12548 12532
f 12542 12544 12548
f 12542 12548 12547
f 8851 8852 12549
f 8851 12549 12550
f 8853 12551 12549
f 8853 12549 8852
f 8744 8747 12549
f 8744 12549 12551
f 8748 12550 12549
f 8748 12549 8747
f 11655 12552 7821
f 11655 7821 7822
f 7821 12552 12553
f 7821 12553 7823
f 12553 12552 12554
f 12553 12554 12555
f 12554 12552 11655
f 12554 11655 11656
f 12271 11709 7516
f 12271 7516 7512
f 11709 11707 7520
f 11709 7520 7516
f 11708 11705 7514
f 11708 7514 7518
f 12556 12557 12558
f 12556 12558 12559
f 12218 12220 12222
f 12218 12222 12270
f 12214 12218 12270
f 12214 12270 12215
f 12560 12556 12559
f 12560 12559 12561
f 12265 12562 12563
f 12265 12563 12266
f 12557 12564 12565
f 12557 12565 12558
f 12562 12560 12561
f 12562 12561 12563
f 12564 12263 12262
f 12564 12262 12565
f 11692 11694 12566
f 11692 12566 12567
f 12568 12569 12570
f 12568 12570 12571
f 11694 11710 12572
f 11694 12572 12566
f 11689 11692 12567
f 11689 12567 12573
f 11710 11709 12574
f 11710 12574 12572
f 11700 11689 12573
f 11700 12573 12575
f 11709 12271 12576
f 11709 12576 12574
f 11697 11700 12575
f 11697 12575 12577
f 12271 11697 12577
f 12271 12577 12576
f 12578 12579 12580
f 12578 12580 12581
f 12571 12582 12583
f 12571 12583 12584
f 12584 12583 12585
f 12584 12585 12586
f 12586 12585 12587
f 12586 12587 12588
f 12588 12587 12589
f 12588 12589 12590
f 12590 12589 12591
f 12590 12591 12592
f 12592 12591 12593
f 12592 12593 12594
f 12581 12580 12595
f 12581 12595 12596
f 12580 12597 12598
f 12580 12598 12595
f 12599 12581 12596
f 12599 12596 12600
f 12597 12601 12602
f 12597 12602 12598
f 12603 12599 12600
f 12603 12600 12604
f 12601 12605 12606
f 12601 12606 12602
f 12607 12603 12604
f 12607 12604 12608
f 12605 12607 12608
f 12605 12608 12606
f 12609 12610 12611
f 12609 12611 12612
f 12613 12609 12612
f 12613 12612 12614
f 12615 12613 12614
f 12615 12614 12616
f 8853 8855 12617
f 8853 12617 12551
f 8854 12618 12617
f 8854 12617 8855
f 8753 8756 12617
f 8753 12617 12618
f 8744 12551 12617
f 8744 12617 8756
f 8854 8856 12619
f 8854 12619 12618
f 8849 12620 12619
f 8849 12619 8856
f 8759 8762 12619
f 8759 12619 12620
f 8753 12618 12619
f 8753 12619 8762
f 8849 8850 12621
f 8849 12621 12620
f 8851 12550 12621
f 8851 12621 8850
f 8748 8766 12621
f 8748 12621 12550
f 8759 12620 12621
f 8759 12621 8766
f 12622 12623 12624
f 12622 12624 12625
f 12624 12623 12626
f 12624 12626 7829
f 12626 12623 11651
f 12626 11651 11654
f 11651 12623 12622
f 11651 12622 11652
f 12627 12628 12629
f 12627 12629 12630
f 12631 12632 12633
f 12631 12633 12634
f 12632 12635 12616
f 12632 12616 12633
f 12635 12636 12615
f 12635 12615 12616
f 12636 12637 12638
f 12636 12638 12615
f 12637 12639 12640
f 12637 12640 12638
f 12639 12641 12642
f 12639 12642 12640
f 12641 12643 12644
f 12641 12644 12642
f 12643 12631 12634
f 12643 12634 12644
f 12645 12646 12632
f 12645 12632 12631
f 12646 12647 12635
f 12646 12635 12632
f 12647 12648 12636
f 12647 12636 12635
f 12648 12649 12637
f 12648 12637 12636
f 12649 12650 12639
f 12649 12639 12637
f 12650 12651 12641
f 12650 12641 12639
f 12651 12652 12643
f 12651 12643 12641
f 12653 12654 12655
f 12653 12655 12656
f 12657 12658 12655
f 12657 12655 12654
f 12659 12660 12655
f 12659 12655 12658
f 12661 12656 12655
f 12661 12655 12660
f 12662 12663 12664
f 12662 12664 12665
f 12666 12667 12664
f 12666 12664 12663
f 12668 12669 12664
f 12668 12664 12667
f 12670 12665 12664
f 12670 12664 12669
f 12661 12660 12671
f 12661 12671 12672
f 12659 12673 12671
f 12659 12671 12660
f 12674 12675 12671
f 12674 12671 12673
f 12676 12672 12671
f 12676 12671 12675
f 12677 12678 12679
f 12677 12679 12680
f 12681 12682 12679
f 12681 12679 12678
f 12683 12684 12679
f 12683 12679 12682
f 12685 12680 12679
f 12685 12679 12684
f 12686 12687 12688
f 12686 12688 12689
f 12657 12654 12688
f 12657 12688 12687
f 12653 12690 12688
f 12653 12688 12654
f 12691 12689 12688
f 12691 12688 12690
f 8975 12692 12693
f 8975 12693 8988
f 12674 12694 12693
f 12674 12693 12692
f 12686 12695 12693
f 12686 12693 12694
f 8985 8988 12693
f 8985 12693 12695
f 8977 12696 12697
f 8977 12697 8976
f 12676 12675 12697
f 12676 12697 12696
f 12674 12692 12697
f 12674 12697 12675
f 8975 8976 12697
f 8975 12697 12692
f 8981 12698 12699
f 8981 12699 8980
f 12691 12700 12699
f 12691 12699 12698
f 12676 12696 12699
f 12676 12699 12700
f 8977 8980 12699
f 8977 12699 12696
f 12701 12702 12703
f 12701 12703 12704
f 12705 12706 12703
f 12705 12703 12702
f 12707 12708 12703
f 12707 12703 12706
f 12709 12704 12703
f 12709 12703 12708
f 12659 12710 12711
f 12659 12711 12673
f 12701 12704 12711
f 12701 12711 12710
f 12709 12712 12711
f 12709 12711 12704
f 12674 12673 12711
f 12674 12711 12712
f 12709 12708 12713
f 12709 12713 12714
f 12707 12715 12713
f 12707 12713 12708
f 12716 12717 12713
f 12716 12713 12715
f 12718 12714 12713
f 12718 12713 12717
f 12709 12714 12719
f 12709 12719 12712
f 12718 12720 12719
f 12718 12719 12714
f 12686 12694 12719
f 12686 12719 12720
f 12674 12712 12719
f 12674 12719 12694
f 12716 12721 12722
f 12716 12722 12717
f 12723 12724 12722
f 12723 12722 12721
f 12725 12726 12722
f 12725 12722 12724
f 12718 12717 12722
f 12718 12722 12726
f 12686 12720 12727
f 12686 12727 12687
f 12718 12726 12727
f 12718 12727 12720
f 12725 12728 12727
f 12725 12727 12726
f 12657 12687 12727
f 12657 12727 12728
f 12723 12729 12730
f 12723 12730 12724
f 12705 12702 12730
f 12705 12730 12729
f 12701 12731 12730
f 12701 12730 12702
f 12725 12724 12730
f 12725 12730 12731
f 12657 12728 12732
f 12657 12732 12658
f 12725 12731 12732
f 12725 12732 12728
f 12701 12710 12732
f 12701 12732 12731
f 12659 12658 12732
f 12659 12732 12710
f 8866 8869 12733
f 8866 12733 12734
f 8870 12735 12733
f 8870 12733 8869
f 12676 12700 12733
f 12676 12733 12735
f 12691 12734 12733
f 12691 12733 12700
f 12736 12737 12738
f 12736 12738 12739
f 12740 12741 12738
f 12740 12738 12737
f 8060 8066 12738
f 8060 12738 12741
f 8067 12739 12738
f 8067 12738 8066
f 12740 12742 12743
f 12740 12743 12741
f 12744 12745 12743
f 12744 12743 12742
f 8056 8059 12743
f 8056 12743 12745
f 8060 12741 12743
f 8060 12743 8059
f 12744 12746 12747
f 12744 12747 12745
f 12748 12749 12747
f 12748 12747 12746
f 12750 12751 12747
f 12750 12747 12749
f 8056 12745 12747
f 8056 12747 12751
f 12748 12752 12753
f 12748 12753 12749
f 12754 12755 12753
f 12754 12753 12752
f 8079 12756 12753
f 8079 12753 12755
f 12750 12749 12753
f 12750 12753 12756
f 12757 12758 12759
f 12757 12759 12760
f 12761 12762 12759
f 12761 12759 12758
f 12763 12764 12759
f 12763 12759 12762
f 12765 12760 12759
f 12765 12759 12764
f 12766 12767 12768
f 12766 12768 12769
f 12757 12760 12768
f 12757 12768 12767
f 12765 12770 12768
f 12765 12768 12760
f 12771 12769 12768
f 12771 12768 12770
f 12772 12773 12774
f 12772 12774 12775
f 12766 12769 12774
f 12766 12774 12773
f 12771 12776 12774
f 12771 12774 12769
f 12777 12775 12774
f 12777 12774 12776
f 12761 12778 12779
f 12761 12779 12762
f 12772 12775 12779
f 12772 12779 12778
f 12777 12780 12779
f 12777 12779 12775
f 12763 12762 12779
f 12763 12779 12780
f 12781 12782 12783
f 12781 12783 12784
f 12785 12786 12783
f 12785 12783 12782
f 12761 12758 12783
f 12761 12783 12786
f 12757 12784 12783
f 12757 12783 12758
f 12787 12788 12789
f 12787 12789 12790
f 12781 12784 12789
f 12781 12789 12788
f 12757 12767 12789
f 12757 12789 12784
f 12766 12790 12789
f 12766 12789 12767
f 12791 12792 12793
f 12791 12793 12794
f 12787 12790 12793
f 12787 12793 12792
f 12766 12773 12793
f 12766 12793 12790
f 12772 12794 12793
f 12772 12793 12773
f 12785 12795 12796
f 12785 12796 12786
f 12791 12794 12796
f 12791 12796 12795
f 12772 12778 12796
f 12772 12796 12794
f 12761 12786 12796
f 12761 12796 12778
f 12797 12798 12799
f 12797 12799 12800
f 12801 12802 12799
f 12801 12799 12798
f 12785 12782 12799
f 12785 12799 12802
f 12781 12800 12799
f 12781 12799 12782
f 12803 12804 12805
f 12803 12805 12806
f 12797 12800 12805
f 12797 12805 12804
f 12781 12788 12805
f 12781 12805 12800
f 12787 12806 12805
f 12787 12805 12788
f 12807 12808 12809
f 12807 12809 12810
f 12803 12806 12809
f 12803 12809 12808
f 12787 12792 12809
f 12787 12809 12806
f 12791 12810 12809
f 12791 12809 12792
f 12801 12811 12812
f 12801 12812 12802
f 12807 12810 12812
f 12807 12812 12811
f 12791 12795 12812
f 12791 12812 12810
f 12785 12802 12812
f 12785 12812 12795
f 12813 12814 12815
f 12813 12815 12816
f 12817 12818 12815
f 12817 12815 12814
f 12801 12798 12815
f 12801 12815 12818
f 12797 12816 12815
f 12797 12815 12798
f 12819 12820 12821
f 12819 12821 12822
f 12813 12816 12821
f 12813 12821 12820
f 12797 12804 12821
f 12797 12821 12816
f 12803 12822 12821
f 12803 12821 12804
f 12823 12824 12825
f 12823 12825 12826
f 12819 12822 12825
f 12819 12825 12824
f 12803 12808 12825
f 12803 12825 12822
f 12807 12826 12825
f 12807 12825 12808
f 12817 12827 12828
f 12817 12828 12818
f 12823 12826 12828
f 12823 12828 12827
f 12807 12811 12828
f 12807 12828 12826
f 12801 12818 12828
f 12801 12828 12811
f 8239 8246 12829
f 8239 12829 12830
f 8247 12831 12829
f 8247 12829 8246
f 12817 12814 12829
f 12817 12829 12831
f 12813 12830 12829
f 12813 12829 12814
f 8233 8238 12832
f 8233 12832 12833
f 8239 12830 12832
f 8239 12832 8238
f 12813 12820 12832
f 12813 12832 12830
f 12819 12833 12832
f 12819 12832 12820
f 7674 12834 12835
f 7674 12835 12836
f 8233 12833 12835
f 8233 12835 12834
f 12819 12824 12835
f 12819 12835 12833
f 12823 12836 12835
f 12823 12835 12824
f 8247 8256 12837
f 8247 12837 12831
f 7674 12836 12837
f 7674 12837 8256
f 12823 12827 12837
f 12823 12837 12836
f 12817 12831 12837
f 12817 12837 12827
f 7674 7675 12838
f 7674 12838 12834
f 7654 8249 12838
f 7654 12838 7675
f 8231 8232 12838
f 8231 12838 8249
f 8233 12834 12838
f 8233 12838 8232
f 12763 12780 12839
f 12763 12839 12764
f 12777 12776 12839
f 12777 12839 12780
f 12771 12770 12839
f 12771 12839 12776
f 12765 12764 12839
f 12765 12839 12770
f 8241 11467 12840
f 8241 12840 8240
f 11468 12841 12840
f 11468 12840 11467
f 8242 8245 12840
f 8242 12840 12841
f 8239 8240 12840
f 8239 12840 8245
f 11468 11471 12842
f 11468 12842 12841
f 8227 8230 12842
f 8227 12842 11471
f 8231 8251 12842
f 8231 12842 8230
f 8242 12841 12842
f 8242 12842 8251
f 12843 12844 12845
f 12843 12845 12846
f 12847 12848 12845
f 12847 12845 12844
f 12849 12850 12845
f 12849 12845 12848
f 12851 12846 12845
f 12851 12845 12850
f 12847 12852 12853
f 12847 12853 12848
f 12854 12855 12853
f 12854 12853 12852
f 12856 12857 12853
f 12856 12853 12855
f 12849 12848 12853
f 12849 12853 12857
f 12854 12858 12859
f 12854 12859 12855
f 12860 12861 12859
f 12860 12859 12858
f 12862 12863 12859
f 12862 12859 12861
f 12856 12855 12859
f 12856 12859 12863
f 12860 12864 12865
f 12860 12865 12861
f 12866 12867 12865
f 12866 12865 12864
f 12868 12869 12865
f 12868 12865 12867
f 12862 12861 12865
f 12862 12865 12869
f 12866 12870 12871
f 12866 12871 12867
f 12872 12873 12871
f 12872 12871 12870
f 12874 12875 12871
f 12874 12871 12873
f 12868 12867 12871
f 12868 12871 12875
f 12872 12876 12877
f 12872 12877 12873
f 12843 12846 12877
f 12843 12877 12876
f 12851 12878 12877
f 12851 12877 12846
f 12874 12873 12877
f 12874 12877 12878
f 12879 12880 12881
f 12879 12881 12882
f 12754 12883 12881
f 12754 12881 12880
f 12884 12885 12881
f 12884 12881 12883
f 12886 12882 12881
f 12886 12881 12885
f 12736 12887 12888
f 12736 12888 12889
f 12879 12882 12888
f 12879 12888 12887
f 12886 12890 12888
f 12886 12888 12882
f 12891 12889 12888
f 12891 12888 12890
f 12740 12737 12892
f 12740 12892 12893
f 12736 12889 12892
f 12736 12892 12737
f 12891 12894 12892
f 12891 12892 12889
f 12895 12893 12892
f 12895 12892 12894
f 12744 12742 12896
f 12744 12896 12897
f 12740 12893 12896
f 12740 12896 12742
f 12895 12898 12896
f 12895 12896 12893
f 12899 12897 12896
f 12899 12896 12898
f 12748 12746 12900
f 12748 12900 12901
f 12744 12897 12900
f 12744 12900 12746
f 12899 12902 12900
f 12899 12900 12897
f 12903 12901 12900
f 12903 12900 12902
f 12754 12752 12904
f 12754 12904 12883
f 12748 12901 12904
f 12748 12904 12752
f 12903 12905 12904
f 12903 12904 12901
f 12884 12883 12904
f 12884 12904 12905
f 12906 12907 12908
f 12906 12908 12909
f 12910 12911 12908
f 12910 12908 12907
f 8081 8082 12908
f 8081 12908 12911
f 8075 12909 12908
f 8075 12908 8082
f 12912 12913 12914
f 12912 12914 12915
f 12906 12909 12914
f 12906 12914 12913
f 8075 8076 12914
f 8075 12914 12909
f 8069 12915 12914
f 8069 12914 8076
f 12916 12917 12918
f 12916 12918 12919
f 12912 12915 12918
f 12912 12918 12917
f 8069 8070 12918
f 8069 12918 12915
f 8062 12919 12918
f 8062 12918 8070
f 12920 12921 12922
f 12920 12922 12923
f 8064 8057 12922
f 8064 12922 12921
f 8056 12751 12922
f 8056 12922 8057
f 12750 12923 12922
f 12750 12922 12751
f 8081 12924 12925
f 8081 12925 8080
f 12920 12923 12925
f 12920 12925 12924
f 12750 12756 12925
f 12750 12925 12923
f 8079 8080 12925
f 8079 12925 12756
f 12754 12880 12926
f 12754 12926 12755
f 12879 12927 12926
f 12879 12926 12880
f 8073 8078 12926
f 8073 12926 12927
f 8079 12755 12926
f 8079 12926 8078
f 12879 12887 12928
f 12879 12928 12927
f 12736 12739 12928
f 12736 12928 12887
f 8067 8072 12928
f 8067 12928 12739
f 8073 12927 12928
f 8073 12928 8072
f 12929 12930 12931
f 12929 12931 12932
f 12916 12919 12931
f 12916 12931 12930
f 8062 8063 12931
f 8062 12931 12919
f 8064 12932 12931
f 8064 12931 8063
f 12933 12934 12935
f 12933 12935 12936
f 12929 12932 12935
f 12929 12935 12934
f 8064 12921 12935
f 8064 12935 12932
f 12920 12936 12935
f 12920 12935 12921
f 12910 12937 12938
f 12910 12938 12911
f 12933 12936 12938
f 12933 12938 12937
f 12920 12924 12938
f 12920 12938 12936
f 8081 12911 12938
f 8081 12938 12924
f 12847 12844 12939
f 12847 12939 12940
f 12843 12941 12939
f 12843 12939 12844
f 12910 12907 12939
f 12910 12939 12941
f 12906 12940 12939
f 12906 12939 12907
f 12652 12645 12631
f 12652 12631 12643
f 12942 12943 12646
f 12942 12646 12645
f 12943 12944 12647
f 12943 12647 12646
f 12944 12945 12648
f 12944 12648 12647
f 12945 12946 12649
f 12945 12649 12648
f 12946 12947 12650
f 12946 12650 12649
f 12947 12948 12651
f 12947 12651 12650
f 12948 12949 12652
f 12948 12652 12651
f 12949 12942 12645
f 12949 12645 12652
f 12942 12949 12950
f 12942 12950 12951
f 12952 12950 12949
f 12952 12949 12948
f 12953 12952 12948
f 12953 12948 12947
f 12954 12953 12947
f 12954 12947 12946
f 12955 12954 12946
f 12955 12946 12945
f 12956 12955 12945
f 12956 12945 12944
f 12957 12956 12944
f 12957 12944 12943
f 12626 12958 7826
f 12626 7826 7829
f 7826 12958 9779
f 7826 9779 7827
f 9779 12958 11658
f 9779 11658 9774
f 11658 12958 12626
f 11658 12626 11654
f 11642 12959 11597
f 11642 11597 11600
f 11597 12959 12960
f 11597 12960 11598
f 12960 12959 12961
f 12960 12961 12962
f 12961 12959 11642
f 12961 11642 11638
f 12963 12964 12960
f 12963 12960 12962
f 12960 12964 12965
f 12960 12965 11598
f 12965 12964 12966
f 12965 12966 12967
f 12966 12964 12963
f 12966 12963 12968
f 12969 12970 12966
f 12969 12966 12968
f 12966 12970 12971
f 12966 12971 12967
f 12971 12970 11645
f 12971 11645 11644
f 11645 12970 12969
f 11645 12969 11636
f 12972 12973 11649
f 12972 11649 11652
f 11649 12973 12974
f 11649 12974 11656
f 12974 12973 12975
f 12974 12975 12976
f 12975 12973 12972
f 12975 12972 12977
f 12978 12979 12980
f 12978 12980 12981
f 12980 12979 12982
f 12980 12982 12976
f 12982 12979 12983
f 12982 12983 12984
f 12983 12979 12978
f 12983 12978 7995
f 7994 12985 12983
f 7994 12983 7995
f 12983 12985 12986
f 12983 12986 12984
f 12986 12985 12987
f 12986 12987 12988
f 12987 12985 7994
f 12987 7994 7987
f 12989 12990 12622
f 12989 12622 12625
f 12622 12990 12972
f 12622 12972 11652
f 12972 12990 12991
f 12972 12991 12977
f 12991 12990 12989
f 12991 12989 12988
f 7984 12992 12993
f 7984 12993 7986
f 12993 12992 12994
f 12993 12994 12981
f 12994 12992 7965
f 12994 7965 7968
f 7965 12992 7984
f 7965 7984 7970
f 12994 12995 12978
f 12994 12978 12981
f 12978 12995 8007
f 12978 8007 7995
f 8007 12995 7974
f 8007 7974 7977
f 7974 12995 12994
f 7974 12994 7968
f 10306 12996 7976
f 10306 7976 7979
f 7976 12996 8004
f 7976 8004 7977
f 8004 12996 12997
f 8004 12997 7983
f 12997 12996 10306
f 12997 10306 10304
f 10302 12998 12997
f 10302 12997 10304
f 12997 12998 7980
f 12997 7980 7983
f 7980 12998 7969
f 7980 7969 7970
f 7969 12998 10302
f 7969 10302 7972
f 10172 12999 11648
f 10172 11648 10175
f 11648 12999 10186
f 11648 10186 10187
f 10186 12999 10324
f 10186 10324 10188
f 10324 12999 10172
f 10324 10172 10173
f 13000 13001 13002
f 13000 13002 13003
f 13002 13001 13004
f 13002 13004 13005
f 13004 13001 13006
f 13004 13006 13007
f 13006 13001 13000
f 13006 13000 13008
f 13009 13010 13011
f 13009 13011 13012
f 13011 13010 13013
f 13011 13013 13003
f 13013 13010 12553
f 13013 12553 12555
f 12553 13010 13009
f 12553 13009 7823
f 13014 13015 13016
f 13014 13016 13017
f 13016 13015 13018
f 13016 13018 13019
f 13018 13015 13020
f 13018 13020 13021
f 13020 13015 13014
f 13020 13014 13012
f 7828 13022 13023
f 7828 13023 7829
f 13023 13022 13014
f 13023 13014 13017
f 13014 13022 13009
f 13014 13009 13012
f 13009 13022 7828
f 13009 7828 7823
f 10113 10112 13024
f 10113 13024 13019
f 13024 10112 10111
f 13024 10111 13007
f 12624 13025 13026
f 12624 13026 12625
f 13026 13025 13027
f 13026 13027 13008
f 13027 13025 13023
f 13027 13023 13017
f 13023 13025 12624
f 13023 12624 7829
f 10063 10115 13028
f 10063 13028 10071
f 13028 10115 13029
f 13028 13029 13005
f 13029 10115 10114
f 13029 10114 13021
f 13013 13030 13000
f 13013 13000 13003
f 13000 13030 13026
f 13000 13026 13008
f 13026 13030 13031
f 13026 13031 12625
f 13031 13030 13013
f 13031 13013 12555
f 12971 13032 13033
f 12971 13033 12967
f 13033 13032 9765
f 13033 9765 9761
f 9765 13032 13034
f 9765 13034 9768
f 13034 13032 12971
f 13034 12971 11644
f 12965 13035 11595
f 12965 11595 11598
f 11595 13035 9756
f 11595 9756 9759
f 9756 13035 13033
f 9756 13033 9761
f 13033 13035 12965
f 13033 12965 12967
f 13036 13037 11633
f 13036 11633 11636
f 11633 13037 13038
f 11633 13038 11638
f 13038 13037 7813
f 13038 7813 7814
f 7813 13037 13036
f 7813 13036 7807
f 11619 13039 13040
f 11619 13040 11617
f 13040 13039 7809
f 13040 7809 7805
f 7809 13039 11279
f 7809 11279 7812
f 12951 12957 12943
f 12951 12943 12942
f 13041 13042 13043
f 13041 13043 13044
f 13044 13043 13045
f 13044 13045 13046
f 13043 13047 13048
f 13043 13048 13045
f 13042 13049 13047
f 13042 13047 13043
f 13047 13050 13051
f 13047 13051 13048
f 13049 13052 13050
f 13049 13050 13047
f 13050 13053 13054
f 13050 13054 13051
f 13052 13055 13053
f 13052 13053 13050
f 13056 13057 13058
f 13056 13058 13059
f 13059 13058 13060
f 13059 13060 13061
f 13062 13056 13059
f 13062 13059 13063
f 13063 13059 13061
f 13063 13061 13064
f 13065 13062 13063
f 13065 13063 13066
f 13066 13063 13064
f 13066 13064 13067
f 13068 13065 13066
f 13068 13066 13069
f 13069 13066 13067
f 13069 13067 13070
f 13071 13068 13069
f 13071 13069 13072
f 13072 13069 13070
f 13072 13070 13073
f 13074 13071 13072
f 13074 13072 13075
f 13075 13072 13073
f 13075 13073 13076
f 13077 13074 13075
f 13077 13075 13078
f 13078 13075 13076
f 13078 13076 13079
f 13057 13077 13078
f 13057 13078 13058
f 13058 13078 13079
f 13058 13079 13060
f 13080 13081 12202
f 13080 12202 13082
f 13083 13080 13082
f 13083 13082 13084
f 13081 13085 12203
f 13081 12203 12202
f 13086 13083 13084
f 13086 13084 13087
f 13088 13089 13090
f 13088 13090 13091
f 13092 13093 12207
f 13092 12207 12205
f 13089 13094 13095
f 13089 13095 13090
f 13085 13092 12205
f 13085 12205 12203
f 13096 13097 13081
f 13096 13081 13080
f 13098 13096 13080
f 13098 13080 13083
f 13097 13099 13085
f 13097 13085 13081
f 13100 13098 13083
f 13100 13083 13086
f 13101 13102 13089
f 13101 13089 13088
f 13103 13104 13093
f 13103 13093 13092
f 13102 13105 13094
f 13102 13094 13089
f 13099 13103 13092
f 13099 13092 13085
f 13106 13107 12209
f 13106 12209 12207
f 13107 13108 13087
f 13107 13087 12209
f 13108 13109 13086
f 13108 13086 13087
f 13109 13110 13100
f 13109 13100 13086
f 13110 13111 13112
f 13110 13112 13100
f 13111 13113 13104
f 13111 13104 13112
f 13113 13114 13093
f 13113 13093 13104
f 11279 13039 11619
f 11279 11619 11281
f 13036 13115 7806
f 13036 7806 7807
f 7806 13115 13116
f 7806 13116 7808
f 13116 13115 12969
f 13116 12969 12968
f 12969 13115 13036
f 12969 13036 11636
f 13040 13117 11615
f 13040 11615 11617
f 11615 13117 7798
f 11615 7798 7799
f 7798 13117 7800
f 7798 7800 7803
f 7800 13117 13040
f 7800 13040 7805
f 13118 13119 13120
f 13118 13120 13121
f 13114 13106 12207
f 13114 12207 13093
f 13120 13119 12963
f 13120 12963 12962
f 12963 13119 13116
f 12963 13116 12968
f 13116 13119 13118
f 13116 13118 7808
f 13122 13123 13118
f 13122 13118 13121
f 13118 13123 7802
f 13118 7802 7808
f 7802 13123 7794
f 7802 7794 7803
f 7794 13123 13122
f 7794 13122 7795
f 10185 13124 11647
f 10185 11647 10187
f 11647 13124 10449
f 11647 10449 10432
f 10449 13124 13125
f 10449 13125 10452
f 13125 13124 10185
f 13125 10185 10182
f 10181 13126 13125
f 10181 13125 10182
f 13125 13126 10456
f 13125 10456 10452
f 10456 13126 11641
f 10456 11641 10442
f 11641 13126 10181
f 11641 10181 10176
f 11631 13127 11628
f 11631 11628 11629
f 11628 13127 13128
f 11628 13128 11627
f 13128 13127 10437
f 13128 10437 10426
f 10437 13127 11631
f 10437 11631 10438
f 13128 13129 11626
f 13128 11626 11627
f 11626 13129 11624
f 11626 11624 11621
f 11624 13129 10424
f 11624 10424 10425
f 10424 13129 13128
f 10424 13128 10426
f 12961 13130 13120
f 12961 13120 12962
f 13120 13130 13131
f 13120 13131 13121
f 13131 13130 13038
f 13131 13038 7814
f 13038 13130 12961
f 13038 12961 11638
f 13131 13132 13122
f 13131 13122 13121
f 13122 13132 11277
f 13122 11277 7795
f 11277 13132 7811
f 11277 7811 7812
f 7811 13132 13131
f 7811 13131 7814
f 11599 13133 11643
f 11599 11643 11600
f 11643 13133 13034
f 11643 13034 11644
f 13034 13133 10123
f 13034 10123 9768
f 10123 13133 11599
f 10123 11599 10124
f 13002 13134 13011
f 13002 13011 13003
f 13011 13134 13020
f 13011 13020 13012
f 13020 13134 13029
f 13020 13029 13021
f 13029 13134 13002
f 13029 13002 13005
f 13016 13135 13027
f 13016 13027 13017
f 13027 13135 13006
f 13027 13006 13008
f 13006 13135 13024
f 13006 13024 13007
f 13024 13135 13016
f 13024 13016 13019
f 10114 10140 13018
f 10114 13018 13021
f 13018 10140 10113
f 13018 10113 13019
f 13028 13136 10084
f 13028 10084 10071
f 10084 13136 10111
f 10084 10111 10081
f 10111 13136 13004
f 10111 13004 13007
f 13004 13136 13028
f 13004 13028 13005
f 13137 13138 7985
f 13137 7985 7986
f 7985 13138 12987
f 7985 12987 7987
f 12987 13138 12991
f 12987 12991 12988
f 12991 13138 13137
f 12991 13137 12977
f 13139 13140 13031
f 13139 13031 12555
f 13031 13140 12989
f 13031 12989 12625
f 12989 13140 12986
f 12989 12986 12988
f 12986 13140 13139
f 12986 13139 12984
f 12974 13141 12554
f 12974 12554 11656
f 12554 13141 13139
f 12554 13139 12555
f 13139 13141 12982
f 13139 12982 12984
f 12982 13141 12974
f 12982 12974 12976
f 12980 13142 12993
f 12980 12993 12981
f 12993 13142 13137
f 12993 13137 7986
f 13137 13142 12975
f 13137 12975 12977
f 12975 13142 12980
f 12975 12980 12976
f 13143 13144 13107
f 13143 13107 13106
f 13144 13145 13108
f 13144 13108 13107
f 13145 13146 13109
f 13145 13109 13108
f 13146 13147 13110
f 13146 13110 13109
f 8041 8225 13148
f 8041 13148 8040
f 8226 13149 13148
f 8226 13148 8225
f 5270 5273 13148
f 5270 13148 13149
f 5274 8040 13148
f 5274 13148 5273
f 8226 11338 13150
f 8226 13150 13149
f 8032 8035 13150
f 8032 13150 11338
f 5282 5285 13150
f 5282 13150 8035
f 5270 13149 13150
f 5270 13150 5285
f 8457 8448 13151
f 8457 13151 13152
f 8031 8028 13151
f 8031 13151 8448
f 5281 5298 13151
f 5281 13151 8028
f 5290 13152 13151
f 5290 13151 5298
f 8025 8471 13153
f 8025 13153 8024
f 8457 13152 13153
f 8457 13153 8471
f 5290 5291 13153
f 5290 13153 13152
f 5267 8024 13153
f 5267 13153 5291
f 13147 13154 13111
f 13147 13111 13110
f 13154 13155 13113
f 13154 13113 13111
f 13155 13156 13114
f 13155 13114 13113
f 13156 13143 13106
f 13156 13106 13114
f 13157 13158 13159
f 13157 13159 13160
f 13158 13161 13162
f 13158 13162 13159
f 13161 13163 13164
f 13161 13164 13162
f 13163 13165 13166
f 13163 13166 13164
f 12676 12735 13167
f 12676 13167 12672
f 8870 8879 13167
f 8870 13167 12735
f 8878 13168 13167
f 8878 13167 8879
f 12661 12672 13167
f 12661 13167 13168
f 12661 13168 13169
f 12661 13169 12656
f 8878 8996 13169
f 8878 13169 13168
f 8995 13170 13169
f 8995 13169 8996
f 12653 12656 13169
f 12653 13169 13170
f 8995 9003 13171
f 8995 13171 13170
f 8866 12734 13171
f 8866 13171 9003
f 12691 12690 13171
f 12691 13171 12734
f 12653 13170 13171
f 12653 13171 12690
f 11233 11232 11229
f 11233 11229 11228
f 12677 12680 11234
f 12677 11234 11227
f 12685 11218 11234
f 12685 11234 12680
f 13172 11229 11232
f 13172 11232 13173
f 13174 13175 13176
f 13174 13176 13177
f 12685 12684 11219
f 12685 11219 11218
f 12683 13178 11219
f 12683 11219 12684
f 13177 13172 13173
f 13177 13173 13174
f 12683 12682 13179
f 12683 13179 13178
f 12681 13180 13179
f 12681 13179 12682
f 11220 13176 13175
f 11220 13175 11225
f 11221 11220 11225
f 11221 11225 11224
f 11235 11221 11224
f 11235 11224 11237
f 12681 12678 11226
f 12681 11226 13180
f 12677 11227 11226
f 12677 11226 12678
f 11228 11235 11237
f 11228 11237 11233
f 13181 13182 13183
f 13181 13183 13184
f 13185 13186 13183
f 13185 13183 13182
f 8861 8862 13183
f 8861 13183 13186
f 8863 13184 13183
f 8863 13183 8862
f 13181 13187 13188
f 13181 13188 13182
f 12662 12665 13188
f 12662 13188 13187
f 12670 13189 13188
f 12670 13188 12665
f 13185 13182 13188
f 13185 13188 13189
f 13185 13190 13191
f 13185 13191 13186
f 13192 13193 13191
f 13192 13191 13190
f 8876 8877 13191
f 8876 13191 13193
f 8861 13186 13191
f 8861 13191 8877
f 12670 12669 13194
f 12670 13194 13189
f 12668 13195 13194
f 12668 13194 12669
f 13192 13190 13194
f 13192 13194 13195
f 13185 13189 13194
f 13185 13194 13190
f 8876 13193 13196
f 8876 13196 8994
f 13192 13197 13196
f 13192 13196 13193
f 13198 13199 13196
f 13198 13196 13197
f 8993 8994 13196
f 8993 13196 13199
f 12668 12667 13200
f 12668 13200 13195
f 12666 13201 13200
f 12666 13200 12667
f 13198 13197 13200
f 13198 13200 13201
f 13192 13195 13200
f 13192 13200 13197
f 8993 13199 13202
f 8993 13202 9001
f 13198 13203 13202
f 13198 13202 13199
f 13181 13184 13202
f 13181 13202 13203
f 8863 9001 13202
f 8863 13202 13184
f 13198 13201 13204
f 13198 13204 13203
f 12666 12663 13204
f 12666 13204 13201
f 12662 13187 13204
f 12662 13204 12663
f 13181 13203 13204
f 13181 13204 13187
f 13205 11230 11236
f 13205 11236 13206
f 13178 13179 13177
f 13178 13177 13176
f 13207 13208 13175
f 13207 13175 13174
f 13209 13206 11236
f 13209 11236 11223
f 12705 13210 13211
f 12705 13211 12706
f 13205 13206 13211
f 13205 13211 13210
f 13209 13212 13211
f 13209 13211 13206
f 12707 12706 13211
f 12707 13211 13212
f 13209 11223 11222
f 13209 11222 13213
f 13179 13180 13172
f 13179 13172 13177
f 13214 13207 13174
f 13214 13174 13173
f 13215 13213 11222
f 13215 11222 13208
f 13209 13213 13216
f 13209 13216 13212
f 13215 13217 13216
f 13215 13216 13213
f 12716 12715 13216
f 12716 13216 13217
f 12707 13212 13216
f 12707 13216 12715
f 11219 13178 13176
f 11219 13176 11220
f 13208 11222 11225
f 13208 11225 13175
f 13218 13219 13207
f 13218 13207 13214
f 13215 13208 13207
f 13215 13207 13219
f 12716 13217 13220
f 12716 13220 12721
f 13215 13219 13220
f 13215 13220 13217
f 13218 13221 13220
f 13218 13220 13219
f 12723 12721 13220
f 12723 13220 13221
f 13180 11226 11229
f 13180 11229 13172
f 11231 13214 13173
f 11231 13173 11232
f 13205 13222 11231
f 13205 11231 11230
f 13218 13214 11231
f 13218 11231 13222
f 13223 13224 13225
f 13223 13225 13226
f 13227 13228 13225
f 13227 13225 13224
f 13229 13230 13225
f 13229 13225 13228
f 13231 13226 13225
f 13231 13225 13230
f 12705 12729 13232
f 12705 13232 13233
f 12723 13234 13232
f 12723 13232 12729
f 13235 13236 13232
f 13235 13232 13234
f 13237 13233 13232
f 13237 13232 13236
f 13238 13239 13240
f 13238 13240 13241
f 13205 13210 13240
f 13205 13240 13239
f 12705 13233 13240
f 12705 13240 13210
f 13237 13241 13240
f 13237 13240 13233
f 13218 13222 13242
f 13218 13242 13243
f 13205 13239 13242
f 13205 13242 13222
f 13238 13244 13242
f 13238 13242 13239
f 13245 13243 13242
f 13245 13242 13244
f 12723 13221 13246
f 12723 13246 13234
f 13218 13243 13246
f 13218 13246 13221
f 13245 13247 13246
f 13245 13246 13243
f 13235 13234 13246
f 13235 13246 13247
f 13237 13236 13248
f 13237 13248 13249
f 13235 13250 13248
f 13235 13248 13236
f 13251 13252 13248
f 13251 13248 13250
f 13253 13249 13248
f 13253 13248 13252
f 13254 13255 13256
f 13254 13256 13257
f 13238 13241 13256
f 13238 13256 13255
f 13237 13249 13256
f 13237 13256 13241
f 13253 13257 13256
f 13253 13256 13249
f 13245 13244 13258
f 13245 13258 13259
f 13238 13255 13258
f 13238 13258 13244
f 13254 13260 13258
f 13254 13258 13255
f 13261 13259 13258
f 13261 13258 13260
f 13235 13247 13262
f 13235 13262 13250
f 13245 13259 13262
f 13245 13262 13247
f 13261 13263 13262
f 13261 13262 13259
f 13251 13250 13262
f 13251 13262 13263
f 13251 11246 11254
f 13251 11254 13252
f 11249 11248 11253
f 11249 11253 11252
f 13264 11253 11248
f 13264 11248 13265
f 13253 13252 11254
f 13253 11254 11239
f 13223 13226 11256
f 13223 11256 11251
f 13231 11242 11256
f 13231 11256 13226
f 13266 13264 13265
f 13266 13265 13267
f 13268 13266 13267
f 13268 13267 13269
f 11244 13268 13269
f 11244 13269 11241
f 11245 11244 11241
f 11245 11241 11240
f 13254 13257 11238
f 13254 11238 13270
f 13253 11239 11238
f 13253 11238 13257
f 13231 13230 11243
f 13231 11243 11242
f 13229 13271 11243
f 13229 11243 13230
f 11257 11245 11240
f 11257 11240 11255
f 11255 11249 11252
f 11255 11252 11257
f 13272 13270 13269
f 13272 13269 13267
f 13271 13273 13266
f 13271 13266 13268
f 13261 13260 13272
f 13261 13272 13274
f 13254 13270 13272
f 13254 13272 13260
f 13274 13272 13267
f 13274 13267 13265
f 13229 13228 13273
f 13229 13273 13271
f 13227 13275 13273
f 13227 13273 13228
f 13273 13275 13264
f 13273 13264 13266
f 13261 13274 11247
f 13261 11247 13263
f 13270 11238 11241
f 13270 11241 13269
f 11243 13271 13268
f 11243 13268 11244
f 13251 13263 11247
f 13251 11247 11246
f 13227 13224 11250
f 13227 11250 13275
f 13223 11251 11250
f 13223 11250 13224
f 11247 13274 13265
f 11247 13265 11248
f 13275 11250 11253
f 13275 11253 13264
f 8985 12695 13276
f 8985 13276 8984
f 12686 12689 13276
f 12686 13276 12695
f 12691 12698 13276
f 12691 13276 12689
f 8981 8984 13276
f 8981 13276 12698
f 7641 8882 13277
f 7641 13277 8897
f 7783 8923 13277
f 7783 13277 8882
f 8750 8751 13277
f 8750 13277 8923
f 8752 8897 13277
f 8752 13277 8751
f 8817 8826 13278
f 8817 13278 8890
f 7791 7785 13278
f 7791 13278 8826
f 7633 7636 13278
f 7633 13278 7785
f 7637 8890 13278
f 7637 13278 7636
f 12854 12852 13279
f 12854 13279 13280
f 12847 12940 13279
f 12847 13279 12852
f 12906 12913 13279
f 12906 13279 12940
f 12912 13280 13279
f 12912 13279 12913
f 12860 12858 13281
f 12860 13281 13282
f 12854 13280 13281
f 12854 13281 12858
f 12912 12917 13281
f 12912 13281 13280
f 12916 13282 13281
f 12916 13281 12917
f 12866 12864 13283
f 12866 13283 13284
f 12860 13282 13283
f 12860 13283 12864
f 12916 12930 13283
f 12916 13283 13282
f 12929 13284 13283
f 12929 13283 12930
f 12872 12870 13285
f 12872 13285 13286
f 12866 13284 13285
f 12866 13285 12870
f 12929 12934 13285
f 12929 13285 13284
f 12933 13286 13285
f 12933 13285 12934
f 12843 12876 13287
f 12843 13287 12941
f 12872 13286 13287
f 12872 13287 12876
f 12933 12937 13287
f 12933 13287 13286
f 12910 12941 13287
f 12910 13287 12937
f 13288 13289 13290
f 13288 13290 13291
f 13292 13293 13290
f 13292 13290 13289
f 12851 12850 13290
f 12851 13290 13293
f 12849 13291 13290
f 12849 13290 12850
f 13294 13295 13296
f 13294 13296 13297
f 13288 13291 13296
f 13288 13296 13295
f 12849 12857 13296
f 12849 13296 13291
f 12856 13297 13296
f 12856 13296 12857
f 13298 13299 13300
f 13298 13300 13301
f 13294 13297 13300
f 13294 13300 13299
f 12856 12863 13300
f 12856 13300 13297
f 12862 13301 13300
f 12862 13300 12863
f 13302 13303 13304
f 13302 13304 13305
f 13298 13301 13304
f 13298 13304 13303
f 12862 12869 13304
f 12862 13304 13301
f 12868 13305 13304
f 12868 13304 12869
f 13306 13307 13308
f 13306 13308 13309
f 13302 13305 13308
f 13302 13308 13307
f 12868 12875 13308
f 12868 13308 13305
f 12874 13309 13308
f 12874 13308 12875
f 13292 13310 13311
f 13292 13311 13293
f 13306 13309 13311
f 13306 13311 13310
f 12874 12878 13311
f 12874 13311 13309
f 12851 13293 13311
f 12851 13311 12878
f 11568 11582 13312
f 11568 13312 13313
f 11581 13314 13312
f 11581 13312 11582
f 13292 13289 13312
f 13292 13312 13314
f 13288 13313 13312
f 13288 13312 13289
f 11554 13315 13316
f 11554 13316 13317
f 11568 13313 13316
f 11568 13316 13315
f 13288 13295 13316
f 13288 13316 13313
f 13294 13317 13316
f 13294 13316 13295
f 11564 11567 13318
f 11564 13318 13319
f 11554 13317 13318
f 11554 13318 11567
f 13294 13299 13318
f 13294 13318 13317
f 13298 13319 13318
f 13298 13318 13299
f 11560 11563 13320
f 11560 13320 13321
f 11564 13319 13320
f 11564 13320 11563
f 13298 13303 13320
f 13298 13320 13319
f 13302 13321 13320
f 13302 13320 13303
f 11577 13322 13323
f 11577 13323 13324
f 11560 13321 13323
f 11560 13323 13322
f 13302 13307 13323
f 13302 13323 13321
f 13306 13324 13323
f 13306 13323 13307
f 11581 11578 13325
f 11581 13325 13314
f 11577 13324 13325
f 11577 13325 11578
f 13306 13310 13325
f 13306 13325 13324
f 13292 13314 13325
f 13292 13325 13310
f 12886 12885 13326
f 12886 13326 12890
f 12884 13327 13326
f 12884 13326 12885
f 12895 12894 13326
f 12895 13326 13327
f 12891 12890 13326
f 12891 13326 12894
f 12884 12905 13328
f 12884 13328 13327
f 12903 12902 13328
f 12903 13328 12905
f 12899 12898 13328
f 12899 13328 12902
f 12895 13327 13328
f 12895 13328 12898
f 11577 11574 13329
f 11577 13329 13322
f 11573 13330 13329
f 11573 13329 11574
f 11556 11559 13329
f 11556 13329 13330
f 11560 13322 13329
f 11560 13329 11559
f 11573 11569 13331
f 11573 13331 13330
f 11568 13315 13331
f 11568 13331 11569
f 11554 11555 13331
f 11554 13331 13315
f 11556 13330 13331
f 11556 13331 11555
f 8384 12274 13332
f 8384 13332 8383
f 8312 13333 13332
f 8312 13332 12274
f 8373 8374 13332
f 8373 13332 13333
f 8375 8383 13332
f 8375 13332 8374
f 8135 8142 13334
f 8135 13334 8376
f 8141 13335 13334
f 8141 13334 8142
f 8379 8382 13334
f 8379 13334 13335
f 8375 8376 13334
f 8375 13334 8382
f 8141 8393 13336
f 8141 13336 13335
f 8394 8397 13336
f 8394 13336 8393
f 8387 8390 13336
f 8387 13336 8397
f 8379 13335 13336
f 8379 13336 8390
f 8312 8309 13337
f 8312 13337 13333
f 8308 8388 13337
f 8308 13337 8309
f 8387 8398 13337
f 8387 13337 8388
f 8373 13333 13337
f 8373 13337 8398
f 7188 7189 7198
f 7188 7198 7200
f 7216 7218 7201
f 7216 7201 7199
f 7189 7190 7196
f 7189 7196 7198
f 7212 7216 7199
f 7212 7199 7197
f 7187 7188 7200
f 7187 7200 7202
f 7218 7220 7203
f 7218 7203 7201
f 7190 7191 7192
f 7190 7192 7196
f 7208 7212 7197
f 7208 7197 7195
f 7185 7184 7206
f 7185 7206 7193
f 7225 7209 7194
f 7225 7194 7207
f 7223 7225 7207
f 7223 7207 7205
f 7184 7186 7204
f 7184 7204 7206
f 7191 7185 7193
f 7191 7193 7192
f 7209 7208 7195
f 7209 7195 7194
f 7220 7223 7205
f 7220 7205 7203
f 7186 7187 7202
f 7186 7202 7204
f 13338 13339 12599
f 13338 12599 12603
f 13340 13341 12601
f 13340 12601 12597
f 13341 13342 12605
f 13341 12605 12601
f 13339 12578 12581
f 13339 12581 12599
f 13343 13338 12603
f 13343 12603 12607
f 12579 13340 12597
f 12579 12597 12580
f 13344 12582 12571
f 13344 12571 12570
f 13342 13343 12607
f 13342 12607 12605
f 13345 13346 13347
f 13345 13347 13348
f 13349 13350 13351
f 13349 13351 13352
f 13348 13353 13354
f 13348 13354 13345
f 13352 13355 13356
f 13352 13356 13349
f 13350 13357 13358
f 13350 13358 13351
f 13346 13359 13360
f 13346 13360 13347
f 13355 13360 13359
f 13355 13359 13356
f 13353 13358 13357
f 13353 13357 13354
f 13358 13353 12557
f 13358 12557 12556
f 13360 13355 12265
f 13360 12265 12264
f 13347 13360 12264
f 13347 12264 12263
f 13351 13358 12556
f 13351 12556 12560
f 13355 13352 12562
f 13355 12562 12265
f 13353 13348 12564
f 13353 12564 12557
f 13352 13351 12560
f 13352 12560 12562
f 13348 13347 12263
f 13348 12263 12564
f 13361 13362 12586
f 13361 12586 12588
f 12569 13363 12594
f 12569 12594 12570
f 13364 13365 13366
f 13364 13366 13367
f 13368 13361 12588
f 13368 12588 12590
f 13369 13364 13367
f 13369 13367 13370
f 13363 13371 12592
f 13363 12592 12594
f 13365 13372 13373
f 13365 13373 13366
f 13371 13368 12590
f 13371 12590 12592
f 7462 7460 3545
f 7462 3545 3543
f 7460 7458 3547
f 7460 3547 3545
f 7458 7457 3561
f 7458 3561 3547
f 7457 7470 3560
f 7457 3560 3561
f 7470 7468 3767
f 7470 3767 3560
f 7468 7466 3559
f 7468 3559 3767
f 7466 7464 3551
f 7466 3551 3559
f 7464 7462 3543
f 7464 3543 3551
f 11668 11667 5238
f 11668 5238 5237
f 11667 11670 5241
f 11667 5241 5238
f 11672 11668 5237
f 11672 5237 5251
f 11670 11674 5244
f 11670 5244 5241
f 11676 11672 5251
f 11676 5251 5249
f 11674 11678 5245
f 11674 5245 5244
f 11680 11676 5249
f 11680 5249 5248
f 11678 11680 5248
f 11678 5248 5245
f 11798 11800 11820
f 11798 11820 11822
f 11799 11797 11787
f 11799 11787 11788
f 11795 11807 11792
f 11795 11792 11786
f 11808 11794 11812
f 11808 11812 11811
f 11793 11798 11822
f 11793 11822 11824
f 11797 11796 11785
f 11797 11785 11787
f 11796 11795 11786
f 11796 11786 11785
f 11794 11793 11824
f 11794 11824 11812
f 11807 11805 11791
f 11807 11791 11792
f 11806 11808 11811
f 11806 11811 11814
f 11801 11799 11788
f 11801 11788 11789
f 11800 11802 11818
f 11800 11818 11820
f 11805 11803 11790
f 11805 11790 11791
f 11804 11806 11814
f 11804 11814 11816
f 11803 11801 11789
f 11803 11789 11790
f 11802 11804 11816
f 11802 11816 11818
f 7771 7778 13374
f 7771 13374 13375
f 7767 7776 13376
f 7767 13376 13377
f 7772 7771 13375
f 7772 13375 13378
f 7768 7767 13377
f 7768 13377 13379
f 7776 8212 13380
f 7776 13380 13376
f 7778 8218 13381
f 7778 13381 13374
f 8218 7768 13379
f 8218 13379 13381
f 8212 7772 13378
f 8212 13378 13380
f 11846 11844 11843
f 11846 11843 13382
f 13383 13384 13385
f 13383 13385 13386
f 13387 13385 13384
f 13387 13384 13388
f 13389 13387 13388
f 13389 13388 13390
f 13391 13389 13390
f 13391 13390 13392
f 13393 13391 13392
f 13393 13392 13394
f 13395 13393 13394
f 13395 13394 13396
f 13397 13395 13396
f 13397 13396 13398
f 13386 13397 13398
f 13386 13398 13383
f 13399 13400 13401
f 13399 13401 13402
f 13403 13399 13402
f 13403 13402 13404
f 13405 13403 13404
f 13405 13404 13406
f 13407 13405 13406
f 13407 13406 13408
f 13409 13407 13408
f 13409 13408 13410
f 13411 13409 13410
f 13411 13410 13412
f 13413 13411 13412
f 13413 13412 13414
f 13400 13413 13414
f 13400 13414 13401
f 13415 13416 13417
f 13415 13417 13418
f 13419 13415 13418
f 13419 13418 13420
f 13421 13419 13420
f 13421 13420 13422
f 13423 13421 13422
f 13423 13422 13424
f 13425 13423 13424
f 13425 13424 13426
f 13427 13425 13426
f 13427 13426 13428
f 13429 13427 13428
f 13429 13428 13430
f 13416 13429 13430
f 13416 13430 13417
f 13418 13417 13431
f 13418 13431 13432
f 13420 13418 13432
f 13420 13432 13433
f 13422 13420 13433
f 13422 13433 13434
f 13424 13422 13434
f 13424 13434 13435
f 13426 13424 13435
f 13426 13435 13436
f 13428 13426 13436
f 13428 13436 13437
f 13430 13428 13437
f 13430 13437 13438
f 13417 13430 13438
f 13417 13438 13431
f 11854 11852 11850
f 11854 11850 13382
f 11856 11854 13382
f 11856 13382 11843
f 11848 11846 13382
f 11848 13382 11850
f 13439 13440 13441
f 13439 13441 13442
f 13443 13439 13442
f 13443 13442 13444
f 13445 13443 13444
f 13445 13444 13446
f 13447 13445 13446
f 13447 13446 13448
f 13449 13447 13448
f 13449 13448 13450
f 13451 13449 13450
f 13451 13450 13452
f 13453 13451 13452
f 13453 13452 13454
f 13440 13453 13454
f 13440 13454 13441
f 13442 13441 13416
f 13442 13416 13415
f 13444 13442 13415
f 13444 13415 13419
f 13446 13444 13419
f 13446 13419 13421
f 13448 13446 13421
f 13448 13421 13423
f 13450 13448 13423
f 13450 13423 13425
f 13452 13450 13425
f 13452 13425 13427
f 13454 13452 13427
f 13454 13427 13429
f 13441 13454 13429
f 13441 13429 13416
f 8216 8215 9652
f 8216 9652 9650
f 8215 13455 9648
f 8215 9648 9652
f 13455 13456 9644
f 13455 9644 9648
f 13456 13457 9639
f 13456 9639 9644
f 13457 13458 9640
f 13457 9640 9639
f 13458 13459 9642
f 13458 9642 9640
f 13459 13460 9646
f 13459 9646 9642
f 13460 8216 9650
f 13460 9650 9646
f 7772 8212 8211
f 7772 8211 7773
f 8216 13460 9680
f 8216 9680 8213
f 13460 13459 9679
f 13460 9679 9680
f 13459 13458 9676
f 13459 9676 9679
f 9677 9676 13458
f 9677 13458 13457
f 9681 9677 13457
f 9681 13457 13456
f 9678 9681 13456
f 9678 13456 13455
f 8214 9678 13455
f 8214 13455 8215
f 13461 13462 13380
f 13461 13380 13378
f 13462 13463 13376
f 13462 13376 13380
f 13463 13464 13377
f 13463 13377 13376
f 13464 13465 13379
f 13464 13379 13377
f 13465 13466 13381
f 13465 13381 13379
f 13466 13467 13374
f 13466 13374 13381
f 13467 13468 13375
f 13467 13375 13374
f 13468 13461 13378
f 13468 13378 13375
f 13461 13468 13469
f 13461 13469 13470
f 13471 13469 13468
f 13471 13468 13467
f 13472 13471 13467
f 13472 13467 13466
f 13473 13472 13466
f 13473 13466 13465
f 13474 13473 13465
f 13474 13465 13464
f 13475 13474 13464
f 13475 13464 13463
f 13476 13475 13463
f 13476 13463 13462
f 13470 13476 13462
f 13470 13462 13461
f 13477 13478 13479
f 13477 13479 13480
f 13478 13481 13482
f 13478 13482 13479
f 13481 13483 13484
f 13481 13484 13482
f 13483 13485 13486
f 13483 13486 13484
f 13485 13487 13488
f 13485 13488 13486
f 13487 13489 13490
f 13487 13490 13488
f 13489 13491 13492
f 13489 13492 13490
f 13491 13477 13480
f 13491 13480 13492
f 13493 13494 13495
f 13493 13495 13496
f 13494 13497 13498
f 13494 13498 13495
f 13497 13499 13500
f 13497 13500 13498
f 13499 13501 13502
f 13499 13502 13500
f 13501 13503 13504
f 13501 13504 13502
f 13384 13383 13505
f 13384 13505 13388
f 13383 13398 13396
f 13383 13396 13505
f 13506 13493 13496
f 13506 13496 13507
f 13508 13509 13510
f 13508 13510 13511
f 13509 13512 13513
f 13509 13513 13510
f 13512 13514 13515
f 13512 13515 13513
f 13514 13516 13517
f 13514 13517 13515
f 13516 13518 13519
f 13516 13519 13517
f 13518 13520 13521
f 13518 13521 13519
f 13520 13522 13523
f 13520 13523 13521
f 13522 13508 13511
f 13522 13511 13523
f 13524 13525 13526
f 13524 13526 13527
f 13525 13528 13529
f 13525 13529 13526
f 13528 13530 13531
f 13528 13531 13529
f 13530 13532 13533
f 13530 13533 13531
f 13532 13534 13535
f 13532 13535 13533
f 13534 13536 13537
f 13534 13537 13535
f 13536 13538 13539
f 13536 13539 13537
f 13538 13524 13527
f 13538 13527 13539
f 13540 13541 13542
f 13540 13542 13543
f 13439 13544 13453
f 13439 13453 13440
f 13544 13449 13451
f 13544 13451 13453
f 13545 13546 13547
f 13545 13547 13548
f 13546 13549 13550
f 13546 13550 13547
f 13549 13551 13552
f 13549 13552 13550
f 13551 13553 13554
f 13551 13554 13552
f 13553 13540 13543
f 13553 13543 13554
f 11826 11825 13555
f 11826 13555 13556
f 11825 11829 13557
f 11825 13557 13555
f 11829 11831 13558
f 11829 13558 13557
f 11831 11833 13559
f 11831 13559 13558
f 11833 11835 13560
f 11833 13560 13559
f 11835 11837 13561
f 11835 13561 13560
f 11837 11839 13562
f 11837 13562 13561
f 11839 11826 13556
f 11839 13556 13562
f 11842 11841 11828
f 11842 11828 11827
f 11841 11845 11830
f 11841 11830 11828
f 11845 11847 11832
f 11845 11832 11830
f 11847 11849 11834
f 11847 11834 11832
f 11849 11851 11836
f 11849 11836 11834
f 11851 11853 11838
f 11851 11838 11836
f 11853 11855 11840
f 11853 11840 11838
f 11855 11842 11827
f 11855 11827 11840
f 13476 13470 13480
f 13476 13480 13479
f 13472 13473 13486
f 13472 13486 13488
f 13471 13472 13488
f 13471 13488 13490
f 13475 13476 13479
f 13475 13479 13482
f 13473 13474 13484
f 13473 13484 13486
f 13470 13469 13492
f 13470 13492 13480
f 13474 13475 13482
f 13474 13482 13484
f 13469 13471 13490
f 13469 13490 13492
f 13494 13493 13511
f 13494 13511 13510
f 13478 13477 13496
f 13478 13496 13495
f 13481 13478 13495
f 13481 13495 13498
f 13497 13494 13510
f 13497 13510 13513
f 13477 13491 13507
f 13477 13507 13496
f 13493 13506 13523
f 13493 13523 13511
f 13499 13497 13513
f 13499 13513 13515
f 13483 13481 13498
f 13483 13498 13500
f 13394 13392 13505
f 13394 13505 13396
f 13506 13563 13521
f 13506 13521 13523
f 13485 13483 13500
f 13485 13500 13502
f 13501 13499 13515
f 13501 13515 13517
f 13392 13390 13388
f 13392 13388 13505
f 13563 13503 13519
f 13563 13519 13521
f 13503 13501 13517
f 13503 13517 13519
f 13487 13485 13502
f 13487 13502 13504
f 9683 9682 13503
f 9683 13503 13563
f 9682 9686 13504
f 9682 13504 13503
f 9686 9688 13487
f 9686 13487 13504
f 9688 9690 13489
f 9688 13489 13487
f 9690 9692 13491
f 9690 13491 13489
f 9692 9694 13507
f 9692 13507 13491
f 9694 9696 13506
f 9694 13506 13507
f 9696 9683 13563
f 9696 13563 13506
f 13564 13565 9685
f 13564 9685 9684
f 13565 13566 9687
f 13565 9687 9685
f 13566 13567 9689
f 13566 9689 9687
f 13567 13568 9691
f 13567 9691 9689
f 13568 13569 9693
f 13568 9693 9691
f 13569 13570 9695
f 13569 9695 9693
f 13570 13571 9697
f 13570 9697 9695
f 13571 13564 9684
f 13571 9684 9697
f 13572 13573 13565
f 13572 13565 13564
f 13573 13574 13566
f 13573 13566 13565
f 13574 13575 13567
f 13574 13567 13566
f 13575 13576 13568
f 13575 13568 13567
f 13576 13577 13569
f 13576 13569 13568
f 13577 13578 13570
f 13577 13570 13569
f 13578 13579 13571
f 13578 13571 13570
f 13579 13572 13564
f 13579 13564 13571
f 13386 13385 13573
f 13386 13573 13572
f 13385 13387 13574
f 13385 13574 13573
f 13387 13389 13575
f 13387 13575 13574
f 13389 13391 13576
f 13389 13576 13575
f 13391 13393 13577
f 13391 13577 13576
f 13393 13395 13578
f 13393 13578 13577
f 13395 13397 13579
f 13395 13579 13578
f 13397 13386 13572
f 13397 13572 13579
f 13432 13431 13400
f 13432 13400 13399
f 13433 13432 13399
f 13433 13399 13403
f 13434 13433 13403
f 13434 13403 13405
f 13435 13434 13405
f 13435 13405 13407
f 13436 13435 13407
f 13436 13407 13409
f 13437 13436 13409
f 13437 13409 13411
f 13438 13437 13411
f 13438 13411 13413
f 13431 13438 13413
f 13431 13413 13400
f 13525 13524 13580
f 13525 13580 13581
f 13581 13580 13543
f 13581 13543 13542
f 13528 13525 13581
f 13528 13581 13582
f 13582 13581 13542
f 13582 13542 13583
f 13530 13528 13582
f 13530 13582 13584
f 13584 13582 13583
f 13584 13583 13548
f 13532 13530 13584
f 13532 13584 13585
f 13585 13584 13548
f 13585 13548 13547
f 13534 13532 13585
f 13534 13585 13586
f 13586 13585 13547
f 13586 13547 13550
f 13536 13534 13586
f 13536 13586 13587
f 13587 13586 13550
f 13587 13550 13552
f 13538 13536 13587
f 13538 13587 13588
f 13588 13587 13552
f 13588 13552 13554
f 13580 13588 13554
f 13580 13554 13543
f 13524 13538 13588
f 13524 13588 13580
f 13509 13508 13527
f 13509 13527 13526
f 13512 13509 13526
f 13512 13526 13529
f 13514 13512 13529
f 13514 13529 13531
f 13516 13514 13531
f 13516 13531 13533
f 13518 13516 13533
f 13518 13533 13535
f 13520 13518 13535
f 13520 13535 13537
f 13522 13520 13537
f 13522 13537 13539
f 13508 13522 13539
f 13508 13539 13527
f 13589 13590 13556
f 13589 13556 13555
f 13591 13589 13555
f 13591 13555 13557
f 13592 13591 13557
f 13592 13557 13558
f 13593 13592 13558
f 13593 13558 13559
f 13594 13593 13559
f 13594 13559 13560
f 13595 13594 13560
f 13595 13560 13561
f 13596 13595 13561
f 13596 13561 13562
f 13590 13596 13562
f 13590 13562 13556
f 13541 13540 13590
f 13541 13590 13589
f 13544 13439 13443
f 13544 13443 13445
f 13449 13544 13445
f 13449 13445 13447
f 13546 13545 13592
f 13546 13592 13593
f 13549 13546 13593
f 13549 13593 13594
f 13551 13549 13594
f 13551 13594 13595
f 13553 13551 13595
f 13553 13595 13596
f 13540 13553 13596
f 13540 13596 13590
f 13401 13414 13583
f 13401 13583 13542
f 13414 13412 13548
f 13414 13548 13583
f 13412 13410 13545
f 13412 13545 13548
f 13410 13408 13592
f 13410 13592 13545
f 13408 13406 13591
f 13408 13591 13592
f 13406 13404 13589
f 13406 13589 13591
f 13404 13402 13541
f 13404 13541 13589
f 13402 13401 13542
f 13402 13542 13541
f 13597 13598 13599
f 13597 13599 13600
f 13601 13602 13603
f 13601 13603 13604
f 13605 13601 13604
f 13605 13604 13606
f 13607 13597 13600
f 13607 13600 13608
f 13598 13609 13610
f 13598 13610 13599
f 13602 13611 13612
f 13602 13612 13603
f 13611 13607 13608
f 13611 13608 13612
f 13609 13605 13606
f 13609 13606 13610
f 13613 13614 12568
f 13613 12568 13615
f 13370 13367 13616
f 13370 13616 13617
f 13372 13618 13619
f 13372 13619 13373
f 13620 13621 13622
f 13620 13622 13623
f 13369 13613 13615
f 13369 13615 13362
f 13624 13370 13617
f 13624 13617 13625
f 13621 13624 13625
f 13621 13625 13622
f 13618 13626 13620
f 13618 13620 13619
f 13627 13628 13629
f 13627 13629 13630
f 12608 12604 13631
f 12608 13631 13632
f 12606 12608 13632
f 12606 13632 13633
f 13634 13627 13630
f 13634 13630 13635
f 12598 12602 13636
f 12598 13636 13637
f 12604 12600 13638
f 12604 13638 13631
f 13639 13640 13641
f 13639 13641 13642
f 13643 13639 13642
f 13643 13642 13644
f 13645 13643 13644
f 13645 13644 13646
f 13647 13645 13646
f 13647 13646 13648
f 13649 13647 13648
f 13649 13648 13650
f 13651 13649 13650
f 13651 13650 13652
f 13653 13652 13654
f 13653 13654 13655
f 13641 13653 13655
f 13641 13655 13656
f 13642 13641 13656
f 13642 13656 13657
f 13644 13642 13657
f 13644 13657 13658
f 13646 13644 13658
f 13646 13658 13659
f 13648 13646 13659
f 13648 13659 13660
f 13650 13648 13660
f 13650 13660 13661
f 13652 13650 13661
f 13652 13661 13654
f 13662 13663 13664
f 13662 13664 13665
f 13666 13662 13665
f 13666 13665 13667
f 13668 13666 13667
f 13668 13667 13669
f 13670 13671 13672
f 13670 13672 13673
f 13674 13670 13673
f 13674 13673 13675
f 13676 13677 13678
f 13676 13678 13679
f 13680 13676 13679
f 13680 13679 13681
f 13663 13680 13681
f 13663 13681 13664
f 13682 13683 13684
f 13682 13684 13685
f 13686 13682 13685
f 13686 13685 13687
f 13688 13686 13687
f 13688 13687 13689
f 13690 13688 13689
f 13690 13689 13691
f 13692 13690 13691
f 13692 13691 13693
f 13694 13692 13693
f 13694 13693 13695
f 13696 13694 13695
f 13696 13695 13697
f 13697 13684 13683
f 13697 13683 13696
f 13696 13683 13698
f 13696 13698 13699
f 13694 13696 13699
f 13694 13699 13700
f 13692 13694 13700
f 13692 13700 13701
f 13690 13692 13701
f 13690 13701 13702
f 13688 13690 13702
f 13688 13702 13703
f 13686 13688 13703
f 13686 13703 13704
f 13682 13686 13704
f 13682 13704 13705
f 13683 13682 13705
f 13683 13705 13698
f 13699 13698 13706
f 13699 13706 13707
f 13700 13699 13707
f 13700 13707 13708
f 13701 13700 13708
f 13701 13708 13709
f 13702 13701 13709
f 13702 13709 13710
f 13703 13702 13710
f 13703 13710 13711
f 13704 13703 13711
f 13704 13711 13712
f 13705 13704 13712
f 13705 13712 13713
f 13698 13705 13713
f 13698 13713 13706
f 13707 13706 13617
f 13707 13617 13616
f 13708 13707 13616
f 13708 13616 13714
f 13709 13708 13714
f 13709 13714 13715
f 13710 13709 13715
f 13710 13715 13716
f 13711 13710 13716
f 13711 13716 13717
f 13712 13711 13717
f 13712 13717 13718
f 13713 13712 13718
f 13713 13718 13625
f 13706 13713 13625
f 13706 13625 13617
f 12569 12568 13614
f 12569 13614 13626
f 13719 13720 13721
f 13719 13721 13722
f 13619 13620 13623
f 13619 13623 13723
f 13724 13719 13722
f 13724 13722 13725
f 13367 13366 13726
f 13367 13726 13616
f 13720 13715 13714
f 13720 13714 13721
f 13727 13724 13725
f 13727 13725 13728
f 13620 13626 13614
f 13620 13614 13621
f 13373 13619 13723
f 13373 13723 13729
f 13730 13731 13732
f 13730 13732 13733
f 13624 13613 13369
f 13624 13369 13370
f 13734 13727 13728
f 13734 13728 13735
f 13366 13373 13729
f 13366 13729 13726
f 13731 13736 13737
f 13731 13737 13732
f 13717 13734 13735
f 13717 13735 13718
f 13621 13614 13613
f 13621 13613 13624
f 13738 13739 13740
f 13738 13740 13741
f 13742 13740 13739
f 13742 13739 13743
f 13744 13738 13741
f 13744 13741 13745
f 13746 13742 13743
f 13746 13743 13747
f 13748 13744 13745
f 13748 13745 13749
f 13750 13746 13747
f 13750 13747 13751
f 13752 13748 13749
f 13752 13749 13753
f 13751 13747 13601
f 13751 13601 13605
f 13754 13755 13633
f 13754 13633 13632
f 13756 13754 13632
f 13756 13632 13631
f 13757 13756 13631
f 13757 13631 13638
f 13758 13757 13638
f 13758 13638 13759
f 13760 13761 13635
f 13760 13635 13630
f 13762 13760 13630
f 13762 13630 13629
f 13763 13764 13637
f 13763 13637 13636
f 13755 13763 13636
f 13755 13636 13633
f 13364 13369 13362
f 13364 13362 13361
f 13363 12569 13626
f 13363 13626 13618
f 13365 13364 13361
f 13365 13361 13368
f 13371 13363 13618
f 13371 13618 13372
f 13368 13371 13372
f 13368 13372 13365
f 13615 12568 12571
f 13615 12571 12584
f 13362 13615 12584
f 13362 12584 12586
f 12594 12593 13344
f 12594 13344 12570
f 13623 13622 13735
f 13623 13735 13728
f 13723 13623 13728
f 13723 13728 13725
f 13729 13723 13725
f 13729 13725 13722
f 12610 13765 13766
f 12610 13766 12611
f 13765 13767 13768
f 13765 13768 13766
f 13769 12627 12630
f 13769 12630 13770
f 13767 12640 12642
f 13767 12642 13768
f 13726 13729 13722
f 13726 13722 13721
f 13616 13726 13721
f 13616 13721 13714
f 13771 13772 13733
f 13771 13733 13732
f 13773 13771 13732
f 13773 13732 13737
f 13770 12630 13774
f 13770 13774 13775
f 12615 12638 13045
f 12615 13045 13048
f 12613 12615 13048
f 12613 13048 13051
f 12609 12613 13051
f 12609 13051 13054
f 13622 13625 13718
f 13622 13718 13735
f 13776 12267 12266
f 13776 12266 12563
f 13777 13776 12563
f 13777 12563 12561
f 13778 13777 12561
f 13778 12561 12559
f 12610 12609 13054
f 12610 13054 13779
f 13765 12610 13779
f 13765 13779 13780
f 13767 13765 13780
f 13767 13780 13781
f 13768 12642 12644
f 13768 12644 13782
f 13783 13778 12559
f 13783 12559 12558
f 13784 13783 12558
f 13784 12558 12565
f 12269 13784 12565
f 12269 12565 12262
f 12226 12228 12215
f 12226 12215 12270
f 13053 13785 13779
f 13053 13779 13054
f 13055 13786 13785
f 13055 13785 13053
f 13785 13787 13780
f 13785 13780 13779
f 13786 13788 13787
f 13786 13787 13785
f 13776 13789 13790
f 13776 13790 12267
f 13791 13792 13789
f 13791 13789 13793
f 13794 13791 13793
f 13794 13793 13795
f 13796 13794 13795
f 13796 13795 13797
f 12950 12952 13770
f 12950 13770 13775
f 12955 12956 12629
f 12955 12629 12628
f 12951 12950 13775
f 12951 13775 13774
f 12954 12955 12628
f 12954 12628 12627
f 12952 12953 13769
f 12952 13769 13770
f 12956 12957 13798
f 12956 13798 12629
f 12957 12951 13774
f 12957 13774 13798
f 12953 12954 12627
f 12953 12627 13769
f 9645 9669 13799
f 9645 13799 13800
f 9673 9653 13801
f 9673 13801 13802
f 9658 9673 13802
f 9658 13802 13803
f 9641 9645 13800
f 9641 13800 13804
f 9669 9659 13805
f 9669 13805 13799
f 9653 9637 13806
f 9653 13806 13801
f 9659 9658 13803
f 9659 13803 13805
f 9637 9641 13804
f 9637 13804 13806
f 13787 13807 13781
f 13787 13781 13780
f 13788 13808 13807
f 13788 13807 13787
f 13808 13041 13044
f 13808 13044 13807
f 13807 13044 13046
f 13807 13046 13781
f 13809 13810 13811
f 13809 13811 13782
f 13812 13813 12633
f 13812 12633 13814
f 13815 13812 13814
f 13815 13814 13816
f 13817 13809 13782
f 13817 13782 12644
f 13784 13818 13797
f 13784 13797 13783
f 13783 13797 13795
f 13783 13795 13778
f 12269 13819 13818
f 12269 13818 13784
f 13777 13793 13789
f 13777 13789 13776
f 13820 13819 12269
f 13820 12269 12268
f 13778 13795 13793
f 13778 13793 13777
f 13790 13820 12268
f 13790 12268 12267
f 11695 11693 11706
f 11695 11706 11703
f 13821 13796 13797
f 13821 13797 13818
f 13822 13821 13818
f 13822 13818 13819
f 13823 13822 13819
f 13823 13819 13820
f 13820 13790 13824
f 13820 13824 13823
f 13792 13824 13790
f 13792 13790 13789
f 13825 13826 13827
f 13825 13827 13828
f 13829 13830 13826
f 13829 13826 13825
f 13825 13828 13831
f 13825 13831 13832
f 13346 13345 13719
f 13346 13719 13724
f 13350 13349 13717
f 13350 13717 13716
f 13345 13354 13720
f 13345 13720 13719
f 13349 13356 13734
f 13349 13734 13717
f 13357 13350 13716
f 13357 13716 13715
f 13359 13346 13724
f 13359 13724 13727
f 13356 13359 13727
f 13356 13727 13734
f 13354 13357 13715
f 13354 13715 13720
f 13806 13833 13834
f 13806 13834 13801
f 9662 9666 9674
f 9662 9674 9661
f 13835 13836 13837
f 13835 13837 13838
f 9666 9655 9654
f 9666 9654 9674
f 13801 13834 13839
f 13801 13839 13802
f 9671 9663 9660
f 9671 9660 9670
f 13803 13840 13841
f 13803 13841 13805
f 9663 9662 9661
f 9663 9661 9660
f 13842 13829 13825
f 13842 13825 13832
f 5944 7090 5937
f 5944 5937 5945
f 7092 5947 5948
f 7092 5948 5941
f 7090 7094 5938
f 7090 5938 5937
f 7094 7092 5941
f 7094 5941 5938
f 12600 12596 13759
f 12600 13759 13638
f 12602 12606 13633
f 12602 13633 13636
f 13843 13651 13652
f 13843 13652 13653
f 13640 13843 13653
f 13640 13653 13641
f 13844 13845 13846
f 13844 13846 13847
f 13848 13849 13850
f 13848 13850 13851
f 13852 13853 13854
f 13852 13854 13855
f 13856 13835 13838
f 13856 13838 13857
f 13845 13858 13859
f 13845 13859 13846
f 13858 13852 13855
f 13858 13855 13859
f 13849 13856 13857
f 13849 13857 13850
f 13810 13860 13861
f 13810 13861 13811
f 13813 13862 12634
f 13813 12634 12633
f 13860 13815 13816
f 13860 13816 13861
f 13862 13817 12644
f 13862 12644 12634
f 13859 13855 13817
f 13859 13817 13862
f 13862 13813 13846
f 13862 13846 13859
f 13813 13812 13847
f 13813 13847 13846
f 13812 13815 13863
f 13812 13863 13847
f 13815 13860 13864
f 13815 13864 13863
f 13860 13810 13865
f 13860 13865 13864
f 13810 13809 13854
f 13810 13854 13865
f 13855 13854 13809
f 13855 13809 13817
f 13866 13867 11920
f 13866 11920 11912
f 13868 13869 11895
f 13868 11895 11900
f 13869 13870 11896
f 13869 11896 11895
f 13867 13871 11916
f 13867 11916 11920
f 13872 13866 11912
f 13872 11912 11904
f 13873 13868 11900
f 13873 11900 11908
f 13870 13872 11904
f 13870 11904 11896
f 13871 13873 11908
f 13871 11908 11916
f 13874 13875 11892
f 13874 11892 11891
f 11890 11889 13876
f 11890 13876 13877
f 11889 11897 11924
f 11889 11924 13876
f 13875 13878 11898
f 13875 11898 11892
f 11964 11963 13879
f 11964 13879 11965
f 13878 13880 11906
f 13878 11906 11898
f 11963 11970 11969
f 11963 11969 13879
f 12567 12566 13881
f 12567 13881 13882
f 13881 12566 12572
f 13881 12572 13883
f 13880 13884 11914
f 13880 11914 11906
f 11913 11917 13885
f 11913 13885 11929
f 13884 13886 11918
f 13884 11918 11914
f 11917 11909 13887
f 11917 13887 13885
f 13886 13888 11910
f 13886 11910 11918
f 11909 11901 13889
f 11909 13889 13887
f 12572 12574 13890
f 12572 13890 13883
f 13890 12574 12576
f 13890 12576 13891
f 13888 13892 11902
f 13888 11902 11910
f 11901 11890 13877
f 11901 13877 13889
f 13892 13874 11891
f 13892 11891 11902
f 13872 13870 13850
f 13872 13850 13857
f 13893 12577 12575
f 13893 12575 13894
f 13853 13895 13865
f 13853 13865 13854
f 13896 13848 13851
f 13896 13851 13897
f 12576 12577 13893
f 12576 13893 13891
f 13857 13838 13866
f 13857 13866 13872
f 13898 13844 13847
f 13898 13847 13863
f 13838 13837 13867
f 13838 13867 13866
f 13836 13899 13900
f 13836 13900 13837
f 13901 12573 12567
f 13901 12567 13882
f 13837 13900 13871
f 13837 13871 13867
f 13895 13902 13864
f 13895 13864 13865
f 12575 12573 13901
f 12575 13901 13894
f 13900 13903 13873
f 13900 13873 13871
f 13904 13896 13897
f 13904 13897 13903
f 13903 13897 13868
f 13903 13868 13873
f 13899 13904 13903
f 13899 13903 13900
f 13799 13905 13906
f 13799 13906 13800
f 13897 13851 13869
f 13897 13869 13868
f 12196 12198 13890
f 12196 13890 13891
f 13890 12198 12194
f 13890 12194 13883
f 13802 13839 13840
f 13802 13840 13803
f 13902 13898 13863
f 13902 13863 13864
f 12177 12192 13893
f 12177 13893 13894
f 13893 12192 12196
f 13893 12196 13891
f 13805 13841 13905
f 13805 13905 13799
f 11874 11873 11864
f 11874 11864 11862
f 12179 12178 13901
f 12179 13901 13882
f 13901 12178 12177
f 13901 12177 13894
f 11873 11877 11866
f 11873 11866 11864
f 11880 11879 11885
f 11880 11885 11887
f 12194 12190 13881
f 12194 13881 13883
f 13881 12190 12179
f 13881 12179 13882
f 13839 13907 13908
f 13839 13908 13840
f 13840 13908 13909
f 13840 13909 13841
f 13834 13910 13907
f 13834 13907 13839
f 13905 13911 13912
f 13905 13912 13906
f 13841 13909 13911
f 13841 13911 13905
f 13906 13912 13913
f 13906 13913 13914
f 13914 13913 13915
f 13914 13915 13833
f 13833 13915 13910
f 13833 13910 13834
f 13916 13917 13918
f 13916 13918 13919
f 13920 13921 13922
f 13920 13922 13923
f 13922 13921 13924
f 13922 13924 13925
f 13926 13917 13916
f 13926 13916 13927
f 13928 13929 13930
f 13928 13930 13931
f 13932 13933 13934
f 13932 13934 13935
f 13934 13933 13920
f 13934 13920 13923
f 13918 13936 13937
f 13918 13937 13919
f 13938 13939 13940
f 13938 13940 13941
f 13942 13943 13944
f 13942 13944 13945
f 13944 13943 13932
f 13944 13932 13935
f 13930 13946 13947
f 13930 13947 13931
f 13948 13949 13926
f 13948 13926 13927
f 13924 13950 13951
f 13924 13951 13925
f 13951 13950 13942
f 13951 13942 13945
f 13940 13949 13948
f 13940 13948 13941
f 13922 13824 13792
f 13922 13792 13923
f 13823 13824 13922
f 13823 13922 13925
f 13951 13822 13823
f 13951 13823 13925
f 13821 13822 13951
f 13821 13951 13945
f 13794 13796 13944
f 13794 13944 13935
f 13944 13796 13821
f 13944 13821 13945
f 13792 13791 13934
f 13792 13934 13923
f 13934 13791 13794
f 13934 13794 13935
f 12589 12587 12579
f 12589 12579 12578
f 13751 13752 13753
f 13751 13753 13750
f 13952 13953 13757
f 13952 13757 13758
f 13340 12579 12587
f 13340 12587 12585
f 13739 13738 13607
f 13739 13607 13611
f 12591 12589 12578
f 12591 12578 13339
f 13341 13340 12585
f 13341 12585 12583
f 13953 13954 13756
f 13953 13756 13757
f 12593 12591 13339
f 12593 13339 13338
f 13743 13739 13611
f 13743 13611 13602
f 13342 13341 12583
f 13342 12583 12582
f 13955 13952 13758
f 13955 13758 13956
f 13338 13343 13344
f 13338 13344 12593
f 13738 13744 13597
f 13738 13597 13607
f 12582 13344 13343
f 12582 13343 13342
f 13954 13957 13754
f 13954 13754 13756
f 13958 13959 12598
f 13958 12598 13637
f 13959 13960 12595
f 13959 12595 12598
f 13960 13961 12596
f 13960 12596 12595
f 13961 13962 13759
f 13961 13759 12596
f 13962 13963 13758
f 13962 13758 13759
f 13963 13964 13956
f 13963 13956 13758
f 13964 13965 13764
f 13964 13764 13956
f 13965 13958 13637
f 13965 13637 13764
f 13966 13967 13959
f 13966 13959 13958
f 13967 13968 13960
f 13967 13960 13959
f 13968 13969 13961
f 13968 13961 13960
f 13969 13970 13962
f 13969 13962 13961
f 13970 13971 13963
f 13970 13963 13962
f 13971 13972 13964
f 13971 13964 13963
f 13972 13973 13965
f 13972 13965 13964
f 13973 13966 13958
f 13973 13958 13965
f 13974 13975 13967
f 13974 13967 13966
f 13975 13976 13968
f 13975 13968 13967
f 13976 13977 13969
f 13976 13969 13968
f 13977 13978 13970
f 13977 13970 13969
f 13978 13979 13971
f 13978 13971 13970
f 13979 13980 13972
f 13979 13972 13971
f 13980 13981 13973
f 13980 13973 13972
f 13981 13974 13966
f 13981 13966 13973
f 13982 13983 13975
f 13982 13975 13974
f 13983 13984 13976
f 13983 13976 13975
f 13984 13985 13977
f 13984 13977 13976
f 13985 13986 13978
f 13985 13978 13977
f 13986 13987 13979
f 13986 13979 13978
f 13987 13988 13980
f 13987 13980 13979
f 13988 13989 13981
f 13988 13981 13980
f 13989 13982 13974
f 13989 13974 13981
f 13990 13991 13983
f 13990 13983 13982
f 13991 13992 13984
f 13991 13984 13983
f 13992 13993 13985
f 13992 13985 13984
f 13993 13994 13986
f 13993 13986 13985
f 13994 13995 13987
f 13994 13987 13986
f 13995 13996 13988
f 13995 13988 13987
f 13996 13997 13989
f 13996 13989 13988
f 13997 13990 13982
f 13997 13982 13989
f 13998 13999 13991
f 13998 13991 13990
f 13999 14000 13992
f 13999 13992 13991
f 14000 14001 13993
f 14000 13993 13992
f 14001 14002 13994
f 14001 13994 13993
f 14002 14003 13995
f 14002 13995 13994
f 14003 14004 13996
f 14003 13996 13995
f 14004 14005 13997
f 14004 13997 13996
f 14005 13998 13990
f 14005 13990 13997
f 14006 14007 13999
f 14006 13999 13998
f 14007 14008 14000
f 14007 14000 13999
f 14008 14009 14001
f 14008 14001 14000
f 14009 14010 14002
f 14009 14002 14001
f 14010 14011 14003
f 14010 14003 14002
f 14011 14012 14004
f 14011 14004 14003
f 14012 14013 14005
f 14012 14005 14004
f 14013 14006 13998
f 14013 13998 14005
f 13629 13628 14007
f 13629 14007 14006
f 13628 13627 14008
f 13628 14008 14007
f 13627 13634 14009
f 13627 14009 14008
f 13634 13635 14010
f 13634 14010 14009
f 13635 13761 14011
f 13635 14011 14010
f 13761 13760 14012
f 13761 14012 14011
f 13760 13762 14013
f 13760 14013 14012
f 13762 13629 14006
f 13762 14006 14013
f 14014 14015 13665
f 14014 13665 13664
f 13663 13662 13655
f 13663 13655 13654
f 14015 14016 13667
f 14015 13667 13665
f 13662 13666 13656
f 13662 13656 13655
f 14017 14014 13664
f 14017 13664 13681
f 13680 13663 13654
f 13680 13654 13661
f 14016 14018 13669
f 14016 13669 13667
f 13666 13668 13657
f 13666 13657 13656
f 13676 13680 13661
f 13676 13661 13660
f 14019 14017 13681
f 14019 13681 13679
f 13668 14020 13658
f 13668 13658 13657
f 14021 14022 13673
f 14021 13673 13672
f 13677 13676 13660
f 13677 13660 13659
f 14023 14019 13679
f 14023 13679 13678
f 14020 13677 13659
f 14020 13659 13658
f 14022 14024 13675
f 14022 13675 13673
f 14025 14026 13668
f 14025 13668 13669
f 14026 14027 14020
f 14026 14020 13668
f 14027 14028 13677
f 14027 13677 14020
f 14028 14029 13678
f 14028 13678 13677
f 14029 14030 14023
f 14029 14023 13678
f 14030 14031 14032
f 14030 14032 14023
f 14031 14033 14018
f 14031 14018 14032
f 14033 14025 13669
f 14033 13669 14018
f 14034 14035 14026
f 14034 14026 14025
f 14035 14036 14027
f 14035 14027 14026
f 14036 14037 14028
f 14036 14028 14027
f 14037 14038 14029
f 14037 14029 14028
f 14038 14039 14030
f 14038 14030 14029
f 14039 14040 14031
f 14039 14031 14030
f 14040 14041 14033
f 14040 14033 14031
f 14041 14034 14025
f 14041 14025 14033
f 14042 14043 14035
f 14042 14035 14034
f 14043 14044 14036
f 14043 14036 14035
f 14044 14045 14037
f 14044 14037 14036
f 14045 14046 14038
f 14045 14038 14037
f 14046 14047 14039
f 14046 14039 14038
f 14047 14048 14040
f 14047 14040 14039
f 14048 14049 14041
f 14048 14041 14040
f 14049 14042 14034
f 14049 14034 14041
f 14050 14051 14043
f 14050 14043 14042
f 14051 14052 14044
f 14051 14044 14043
f 14052 14053 14045
f 14052 14045 14044
f 14053 14054 14046
f 14053 14046 14045
f 14054 14055 14047
f 14054 14047 14046
f 14055 14056 14048
f 14055 14048 14047
f 14056 14057 14049
f 14056 14049 14048
f 14057 14050 14042
f 14057 14042 14049
f 14058 14059 14051
f 14058 14051 14050
f 14059 14060 14052
f 14059 14052 14051
f 14060 14061 14053
f 14060 14053 14052
f 14061 14062 14054
f 14061 14054 14053
f 14062 14063 14055
f 14062 14055 14054
f 14063 14064 14056
f 14063 14056 14055
f 14064 14065 14057
f 14064 14057 14056
f 14065 14058 14050
f 14065 14050 14057
f 13672 13671 14059
f 13672 14059 14058
f 13671 13670 14060
f 13671 14060 14059
f 13670 13674 14061
f 13670 14061 14060
f 13674 13675 14062
f 13674 14062 14061
f 13675 14024 14063
f 13675 14063 14062
f 14024 14022 14064
f 14024 14064 14063
f 14022 14021 14065
f 14022 14065 14064
f 14021 13672 14058
f 14021 14058 14065
f 14066 14067 13612
f 14066 13612 13608
f 14067 14068 13603
f 14067 13603 13612
f 14068 14069 13604
f 14068 13604 13603
f 14069 14070 13606
f 14069 13606 13604
f 14070 14071 13610
f 14070 13610 13606
f 14071 14072 13599
f 14071 13599 13610
f 14072 14073 13600
f 14072 13600 13599
f 14073 14066 13608
f 14073 13608 13600
f 13731 13730 13639
f 13731 13639 13643
f 13730 13733 13640
f 13730 13640 13639
f 13733 13772 13843
f 13733 13843 13640
f 13772 13771 13651
f 13772 13651 13843
f 13771 13773 13649
f 13771 13649 13651
f 13773 13737 13647
f 13773 13647 13649
f 13737 13736 13645
f 13737 13645 13647
f 13736 13731 13643
f 13736 13643 13645
f 13752 13751 13605
f 13752 13605 13609
f 14074 14075 13763
f 14074 13763 13755
f 13748 13752 13609
f 13748 13609 13598
f 14075 14076 13764
f 14075 13764 13763
f 13747 13743 13602
f 13747 13602 13601
f 13957 14074 13755
f 13957 13755 13754
f 13744 13748 13598
f 13744 13598 13597
f 14076 13955 13956
f 14076 13956 13764
f 13691 13689 14023
f 13691 14023 14032
f 13684 13697 14015
f 13684 14015 14014
f 13689 13687 14019
f 13689 14019 14023
f 13697 13695 14016
f 13697 14016 14015
f 13693 13691 14032
f 13693 14032 14018
f 13685 13684 14014
f 13685 14014 14017
f 13687 13685 14017
f 13687 14017 14019
f 13695 13693 14018
f 13695 14018 14016
f 13953 13952 13741
f 13953 13741 13740
f 13954 13953 13740
f 13954 13740 13742
f 13952 13955 13745
f 13952 13745 13741
f 13957 13954 13742
f 13957 13742 13746
f 14075 14074 13750
f 14075 13750 13753
f 14076 14075 13753
f 14076 13753 13749
f 14074 13957 13746
f 14074 13746 13750
f 13955 14076 13749
f 13955 13749 13745
f 14067 14066 13842
f 14067 13842 13832
f 14068 14067 13832
f 14068 13832 13831
f 14069 14068 13831
f 14069 13831 13828
f 14070 14069 13828
f 14070 13828 13827
f 14071 14070 13827
f 14071 13827 13826
f 14072 14071 13826
f 14072 13826 13830
f 14073 14072 13830
f 14073 13830 13829
f 14066 14073 13829
f 14066 13829 13842
f 13870 13869 13851
f 13870 13851 13850
f 12638 12640 13046
f 12638 13046 13045
f 14077 14078 12187
f 14077 12187 12188
f 14078 14079 12181
f 14078 12181 12187
f 12630 12629 13798
f 12630 13798 13774
f 14079 14080 12182
f 14079 12182 12181
f 12616 12614 13814
f 12616 13814 12633
f 14080 14081 12183
f 14080 12183 12182
f 12614 12612 13816
f 12614 13816 13814
f 14081 14082 12185
f 14081 12185 12183
f 12612 12611 13861
f 12612 13861 13816
f 14082 14083 12186
f 14082 12186 12185
f 12611 13766 13811
f 12611 13811 13861
f 14083 14084 12189
f 14083 12189 12186
f 13766 13768 13782
f 13766 13782 13811
f 14084 14077 12188
f 14084 12188 12189
f 12640 13767 13781
f 12640 13781 13046
f 13852 13858 13856
f 13852 13856 13849
f 13858 13845 13835
f 13858 13835 13856
f 13845 13844 13836
f 13845 13836 13835
f 13844 13898 13899
f 13844 13899 13836
f 13898 13902 13904
f 13898 13904 13899
f 13902 13895 13896
f 13902 13896 13904
f 13895 13853 13848
f 13895 13848 13896
f 13849 13848 13853
f 13849 13853 13852
f 11894 11893 13877
f 11894 13877 13876
f 11899 11894 13876
f 11899 13876 11924
f 11967 11966 11965
f 11967 11965 13879
f 11968 11967 13879
f 11968 13879 11969
f 11919 11915 11929
f 11919 11929 13885
f 11911 11919 13885
f 11911 13885 13887
f 11903 11911 13887
f 11903 13887 13889
f 11893 11903 13889
f 11893 13889 13877
f 12213 45 13884
f 12213 13884 13880
f 12212 12213 13880
f 12212 13880 13878
f 45 44 13886
f 45 13886 13884
f 12210 12212 13878
f 12210 13878 13875
f 44 48 13888
f 44 13888 13886
f 13875 13874 12211
f 13875 12211 12210
f 48 14085 13892
f 48 13892 13888
f 14085 12211 13874
f 14085 13874 13892
f 12158 12156 14086
f 12158 14086 14087
f 12150 12148 14088
f 12150 14088 14089
f 12152 12150 14089
f 12152 14089 14090
f 12144 12158 14087
f 12144 14087 14091
f 12156 12154 14092
f 12156 14092 14086
f 12148 12145 14093
f 12148 14093 14088
f 12145 12144 14091
f 12145 14091 14093
f 12154 12152 14090
f 12154 14090 14092
f 14094 12024 12026
f 14094 12026 12118
f 12099 12003 12006
f 12099 12006 14095
f 12014 14096 12114
f 12014 12114 12015
f 12019 12100 12112
f 12019 12112 12020
f 14097 14094 12118
f 14097 12118 12119
f 12036 12097 14098
f 12036 14098 12037
f 12098 12029 12030
f 12098 12030 12107
f 14096 14097 12119
f 14096 12119 12114
f 14099 14100 14101
f 14099 14101 14102
f 14100 14103 14104
f 14100 14104 14101
f 14103 14105 14106
f 14103 14106 14104
f 14105 14107 14108
f 14105 14108 14106
f 14107 14109 14110
f 14107 14110 14108
f 14109 14111 14112
f 14109 14112 14110
f 14111 14113 14114
f 14111 14114 14112
f 9653 9673 9674
f 9653 9674 9654
f 12201 14115 13082
f 12201 13082 12202
f 14113 14099 14102
f 14113 14102 14114
f 13806 13804 13914
f 13806 13914 13833
f 11877 11881 11868
f 11877 11868 11866
f 14115 14116 13084
f 14115 13084 13082
f 9651 9671 9670
f 9651 9670 9649
f 13804 13800 13906
f 13804 13906 13914
f 9657 9656 12195
f 9657 12195 12199
f 14116 14117 13087
f 14116 13087 13084
f 11881 11883 11870
f 11881 11870 11868
f 12209 13087 14117
f 12209 14117 12208
f 11883 11879 11872
f 11883 11872 11870
f 11880 11886 11860
f 11880 11860 11859
f 9655 9666 9667
f 9655 9667 9656
f 11886 11874 11862
f 11886 11862 11860
f 14118 14119 14120
f 14118 14120 14121
f 12033 12025 12109
f 12033 12109 12110
f 12013 12033 12110
f 12013 12110 12111
f 14119 14122 14123
f 14119 14123 14120
f 14124 14118 14121
f 14124 14121 14125
f 12025 12024 12108
f 12025 12108 12109
f 12014 12013 12111
f 12014 12111 12113
f 14122 14126 14127
f 14122 14127 14123
f 14128 14124 14125
f 14128 14125 14129
f 14097 14096 12104
f 14097 12104 12103
f 14094 14097 12103
f 14094 12103 12106
f 14126 14130 14131
f 14126 14131 14127
f 14132 14128 14129
f 14132 14129 14133
f 14096 12014 12113
f 14096 12113 12104
f 14130 14132 14133
f 14130 14133 14131
f 12024 14094 12106
f 12024 12106 12108
f 14126 14122 14134
f 14126 14134 14135
f 14124 14128 14136
f 14124 14136 14137
f 14130 14126 14135
f 14130 14135 14138
f 14118 14124 14137
f 14118 14137 14139
f 14122 14119 14140
f 14122 14140 14134
f 14128 14132 14141
f 14128 14141 14136
f 14119 14118 14139
f 14119 14139 14140
f 14132 14130 14138
f 14132 14138 14141
f 14077 14084 13042
f 14077 13042 13041
f 12094 12093 12102
f 12094 12102 12101
f 14084 14083 13049
f 14084 13049 13042
f 12092 12091 14142
f 12092 14142 14143
f 14083 14082 13052
f 14083 13052 13049
f 12095 12092 14143
f 12095 14143 14144
f 12093 12096 12105
f 12093 12105 12102
f 14082 14081 13055
f 14082 13055 13052
f 14138 14145 14146
f 14138 14146 14141
f 14141 14146 14147
f 14141 14147 14136
f 14135 14148 14145
f 14135 14145 14138
f 14136 14147 14149
f 14136 14149 14137
f 14134 14150 14148
f 14134 14148 14135
f 14137 14149 14151
f 14137 14151 14139
f 14140 14152 14150
f 14140 14150 14134
f 14139 14151 14152
f 14139 14152 14140
f 14131 14133 13061
f 14131 13061 13060
f 14133 14129 13064
f 14133 13064 13061
f 14129 14125 13067
f 14129 13067 13064
f 14125 14121 13070
f 14125 13070 13067
f 11813 11810 11809
f 11813 11809 14153
f 11711 11719 14154
f 11711 14154 11745
f 11719 11727 14155
f 11719 14155 14154
f 11727 11735 14156
f 11727 14156 14155
f 11735 11739 14157
f 11735 14157 14156
f 11739 11731 14158
f 11739 14158 14157
f 11731 11723 11749
f 11731 11749 14158
f 11815 11813 14153
f 11815 14153 11817
f 13946 13930 14159
f 13946 14159 14160
f 13947 13946 14160
f 13947 14160 14161
f 14162 13947 14161
f 14162 14161 14163
f 14164 14162 14163
f 14164 14163 14165
f 14166 14164 14165
f 14166 14165 14167
f 13928 14166 14167
f 13928 14167 14168
f 13929 13928 14168
f 13929 14168 14169
f 13930 13929 14169
f 13930 14169 14159
f 14160 14159 11718
f 14160 11718 11717
f 14161 14160 11717
f 14161 11717 11722
f 14163 14161 11722
f 14163 11722 11730
f 14165 14163 11730
f 14165 11730 11738
f 14167 14165 11738
f 14167 11738 11742
f 14168 14167 11742
f 14168 11742 11734
f 14169 14168 11734
f 14169 11734 11726
f 14159 14169 11726
f 14159 11726 11718
f 11823 11821 14153
f 11823 14153 11809
f 11721 11716 11745
f 11721 11745 14154
f 11729 11721 14154
f 11729 14154 14155
f 11737 11729 14155
f 11737 14155 14156
f 11741 11737 14156
f 11741 14156 14157
f 11733 11741 14157
f 11733 14157 14158
f 11725 11733 14158
f 11725 14158 11749
f 11821 11819 11817
f 11821 11817 14153
f 11714 11713 14170
f 11714 14170 14171
f 11720 11714 14171
f 11720 14171 14172
f 11728 11720 14172
f 11728 14172 14173
f 11736 11728 14173
f 11736 14173 14174
f 11740 11736 14174
f 11740 14174 14175
f 11732 11740 14175
f 11732 14175 14176
f 11724 11732 14176
f 11724 14176 14177
f 11713 11724 14177
f 11713 14177 14170
f 14171 14170 14178
f 14171 14178 14179
f 14172 14171 14179
f 14172 14179 14180
f 14173 14172 14180
f 14173 14180 14181
f 14174 14173 14181
f 14174 14181 14182
f 14175 14174 14182
f 14175 14182 14183
f 14176 14175 14183
f 14176 14183 14184
f 14177 14176 14184
f 14177 14184 14185
f 14170 14177 14185
f 14170 14185 14178
f 14179 14178 14186
f 14179 14186 14187
f 14180 14179 14187
f 14180 14187 14188
f 14181 14180 14188
f 14181 14188 14189
f 14182 14181 14189
f 14182 14189 14190
f 14183 14182 14190
f 14183 14190 14191
f 14184 14183 14191
f 14184 14191 14192
f 14185 14184 14192
f 14185 14192 14193
f 14178 14185 14193
f 14178 14193 14186
f 14187 14186 14194
f 14187 14194 13939
f 14188 14187 13939
f 14188 13939 13938
f 14189 14188 13938
f 14189 13938 13909
f 14190 14189 13909
f 14190 13909 13908
f 14191 14190 13908
f 14191 13908 13907
f 14192 14191 13907
f 14192 13907 13937
f 14193 14192 13937
f 14193 13937 13936
f 14186 14193 13936
f 14186 13936 14194
f 13911 13909 13938
f 13911 13938 13941
f 13940 13939 13943
f 13940 13943 13942
f 14162 14164 13931
f 14162 13931 13947
f 13939 14194 13932
f 13939 13932 13943
f 13912 13911 13941
f 13912 13941 13948
f 13949 13940 13942
f 13949 13942 13950
f 14164 14166 13928
f 14164 13928 13931
f 14194 13936 13933
f 14194 13933 13932
f 13913 13912 13948
f 13913 13948 13927
f 13926 13949 13950
f 13926 13950 13924
f 13907 13910 13919
f 13907 13919 13937
f 13936 13918 13920
f 13936 13920 13933
f 13915 13913 13927
f 13915 13927 13916
f 13917 13926 13924
f 13917 13924 13921
f 13910 13915 13916
f 13910 13916 13919
f 13918 13917 13921
f 13918 13921 13920
f 14195 14196 12200
f 14195 12200 12204
f 14197 14198 12208
f 14197 12208 14117
f 14199 14195 12204
f 14199 12204 12206
f 14198 14199 12206
f 14198 12206 12208
f 14200 14197 14117
f 14200 14117 14116
f 14196 14201 12201
f 14196 12201 12200
f 14202 14200 14116
f 14202 14116 14115
f 14201 14202 14115
f 14201 14115 12201
f 12116 12115 14203
f 12116 14203 14204
f 12012 12116 14204
f 12012 14204 14205
f 12011 12012 14205
f 12011 14205 14206
f 12007 12011 14206
f 12007 14206 14207
f 12008 12007 14207
f 12008 14207 14208
f 12009 12008 14208
f 12009 14208 14209
f 12117 12009 14209
f 12117 14209 14210
f 12115 12117 14210
f 12115 14210 14203
f 14204 14203 14211
f 14204 14211 14212
f 14205 14204 14212
f 14205 14212 14213
f 14206 14205 14213
f 14206 14213 14214
f 14207 14206 14214
f 14207 14214 14215
f 14208 14207 14215
f 14208 14215 14216
f 14209 14208 14216
f 14209 14216 14217
f 14210 14209 14217
f 14210 14217 14218
f 14203 14210 14218
f 14203 14218 14211
f 13143 13156 14219
f 13143 14219 13160
f 13156 13155 14220
f 13156 14220 14219
f 13155 13154 14221
f 13155 14221 14220
f 13154 13147 13166
f 13154 13166 14221
f 13147 13146 13164
f 13147 13164 13166
f 13146 13145 13162
f 13146 13162 13164
f 13145 13144 13159
f 13145 13159 13162
f 13144 13143 13160
f 13144 13160 13159
f 13088 13091 13157
f 13088 13157 14222
f 13101 13088 14222
f 13101 14222 14223
f 13102 13101 14223
f 13102 14223 14224
f 13105 13102 14224
f 13105 14224 13165
f 13094 13105 13165
f 13094 13165 13163
f 13095 13094 13163
f 13095 13163 13161
f 13090 13095 13161
f 13090 13161 13158
f 13091 13090 13158
f 13091 13158 13157
f 14222 13157 13160
f 14222 13160 14219
f 14223 14222 14219
f 14223 14219 14220
f 14224 14223 14220
f 14224 14220 14221
f 13165 14224 14221
f 13165 14221 13166
f 14121 14120 13073
f 14121 13073 13070
f 14120 14123 13076
f 14120 13076 13073
f 14123 14127 13079
f 14123 13079 13076
f 13060 13079 14127
f 13060 14127 14131
f 13077 13057 14102
f 13077 14102 14101
f 13074 13077 14101
f 13074 14101 14104
f 13071 13074 14104
f 13071 14104 14106
f 13068 13071 14106
f 13068 14106 14108
f 13065 13068 14108
f 13065 14108 14110
f 13062 13065 14110
f 13062 14110 14112
f 13056 13062 14112
f 13056 14112 14114
f 13057 13056 14114
f 13057 14114 14102
f 14100 14099 14225
f 14100 14225 14226
f 14103 14100 14226
f 14103 14226 14227
f 14105 14103 14227
f 14105 14227 14228
f 14107 14105 14228
f 14107 14228 14229
f 14109 14107 14229
f 14109 14229 14230
f 14111 14109 14230
f 14111 14230 14231
f 14113 14111 14231
f 14113 14231 14232
f 14099 14113 14232
f 14099 14232 14225
f 14226 14225 12086
f 14226 12086 12085
f 14227 14226 12085
f 14227 12085 14233
f 14228 14227 14233
f 14228 14233 12006
f 14229 14228 12006
f 14229 12006 12005
f 14230 14229 12005
f 14230 12005 12037
f 14231 14230 12037
f 14231 12037 14234
f 14232 14231 14234
f 14232 14234 12087
f 14225 14232 12087
f 14225 12087 12086
f 14142 14095 14235
f 14142 14235 14236
f 14095 12006 14233
f 14095 14233 14235
f 14152 14151 14237
f 14152 14237 14150
f 14151 14149 14147
f 14151 14147 14237
f 12037 14098 14238
f 12037 14238 14234
f 14098 14144 14239
f 14098 14239 14238
f 14144 14143 14240
f 14144 14240 14239
f 14143 14142 14236
f 14143 14236 14240
f 14236 14235 12084
f 14236 12084 12083
f 14235 14233 12085
f 14235 12085 12084
f 14150 14237 14145
f 14150 14145 14148
f 14237 14147 14146
f 14237 14146 14145
f 14234 14238 12088
f 14234 12088 12087
f 14238 14239 12089
f 14238 12089 12088
f 14239 14240 12090
f 14239 12090 12089
f 14240 14236 12083
f 14240 12083 12090
f 13103 13099 11876
f 13103 11876 11875
f 14196 14195 14217
f 14196 14217 14216
f 14198 14197 14212
f 14198 14212 14211
f 13100 13112 11887
f 13100 11887 11885
f 13104 13103 11875
f 13104 11875 11888
f 14195 14199 14218
f 14195 14218 14217
f 14199 14198 14211
f 14199 14211 14218
f 13112 13104 11888
f 13112 11888 11887
f 13098 13100 11885
f 13098 11885 11884
f 14197 14200 14213
f 14197 14213 14212
f 14201 14196 14216
f 14201 14216 14215
f 13099 13097 11878
f 13099 11878 11876
f 13096 13098 11884
f 13096 11884 11882
f 14200 14202 14214
f 14200 14214 14213
f 14202 14201 14215
f 14202 14215 14214
f 13097 13096 11882
f 13097 11882 11878
f 12091 12099 14095
f 12091 14095 14142
f 14081 14080 13786
f 14081 13786 13055
f 12100 12094 12101
f 12100 12101 12112
f 14080 14079 13788
f 14080 13788 13786
f 12097 12095 14144
f 12097 14144 14098
f 14079 14078 13808
f 14079 13808 13788
f 14078 14077 13041
f 14078 13041 13808
f 12096 12098 12107
f 12096 12107 12105
f 12211 14085 12082
f 12211 12082 12079
f 14085 48 49
f 14085 49 12082
f 6861 6860 6852
f 6861 6852 6859
f 6870 6868 6856
f 6870 6856 6855
f 6864 6861 6859
f 6864 6859 6858
f 6872 6870 6855
f 6872 6855 6854
f 6860 6874 6853
f 6860 6853 6852
f 6868 6866 6857
f 6868 6857 6856
f 6866 6864 6858
f 6866 6858 6857
f 6874 6872 6854
f 6874 6854 6853
f 14090 14089 12139
f 14090 12139 12140
f 14091 14087 12143
f 14091 12143 12137
f 14089 14088 12138
f 14089 12138 12139
f 14087 14086 12142
f 14087 12142 12143
f 14092 14090 12140
f 14092 12140 12141
f 14093 14091 12137
f 14093 12137 12136
f 14088 14093 12136
f 14088 12136 12138
f 14086 14092 12141
f 14086 12141 12142
