sample_t_mono_s,status_t_mono_s,force_seq,force_t_s,fx_n,fy_n,fz_n,mx_nm,my_nm,mz_nm,desired_fz_n,stage,contact,vz_cmd_mm_s,valid,stale,wrench_complete,force_source,mode,status_msg
916332.154103316,916332.152450275,21669,1788821998.0999584,0.251932616924178,0.27661052007897513,-0.49181231976106776,0.055045571255219986,-0.006425043411383702,0.019064125165299317,4.0,approach,0,0.0,1,0,1,force_bus_tool_compensated,4,phathom_s_scan:approach t=0.00 contact=0 vz_cmd=+0.0
916332.164139324,916332.161808522,21671,1788821998.1233647,0.08475108616105981,0.3864279540007354,-0.4161637542808762,0.06234704479484794,0.001838474398740522,0.016407091008041986,4.0,approach,0,12.0,1,0,1,force_bus_tool_compensated,4,phathom_s_scan:approach t=0.00 contact=0 vz_cmd=+12.0
916332.174102416,916332.171666137,21673,1788821998.1332228,0.06077036134698033,0.07975645442838442,-0.5226502269269311,0.04162261664904304,0.00563335615666216,0.016193022891826114,4.0,approach,0,12.0,1,0,1,force_bus_tool_compensated,4,phathom_s_scan:approach t=0.00 contact=0 vz_cmd=+12.0
916332.184124467,916332.181553942,21675,1788821998.1431122,0.08297625891867316,0.26239562512343256,-0.4623228090148429,0.05080105756605764,0.0035221452813776165,0.01455149176964209,4.0,approach,0,12.0,1,0,1,force_bus_tool_compensated,4,phathom_s_scan:approach t=0.00 contact=0 vz_cmd=+12.0
916332.194105956,916332.191441437,21677,1788821998.152997,0.06849290986958456,0.46940586884499524,-0.26797123407682555,0.07110098925205338,-0.004759861557130049,0.03142691792913382,4.0,approach,0,12.0,1,0,1,force_bus_tool_compensated,4,phathom_s_scan:approach t=0.00 contact=0 vz_cmd=+12.0
916332.204111053,916332.201456289,21679,1788821998.163014,0.18464718133773864,1.1251708025524243,0.2538338627769233,0.1301934444377611,-0.022491470715524372,0.039204412236129686,4.0,approach,0,12.0,1,0,1,force_bus_tool_compensated,4,phathom_s_scan:approach t=0.00 contact=0 vz_cmd=+12.0
916332.214100438,916332.21125257,21681,1788821998.1728106,0.2897316359739022,0.934278304853457,-0.2037986506472118,0.10070014997115229,-0.0161299267157594,0.027382755434430743,4.0,approach,0,12.0,1,0,1,force_bus_tool_compensated,4,phathom_s_scan:approach t=0.00 contact=0 vz_cmd=+12.0
916332.224137406,916332.221440604,21683,1788821998.182999,0.1355609607616166,0.303146546139118,-0.7584921195479741,0.05446400127300422,0.00627803787800989,0.030778031982499343,4.0,approach,0,12.0,1,0,1,force_bus_tool_compensated,4,phathom_s_scan:approach t=0.00 contact=0 vz_cmd=+12.0
916332.234135031,916332.231664822,21685,1788821998.1932185,0.2106338355623886,-0.006024271676125376,-0.6304503821324807,0.030523949935800654,-0.0034729129560257042,0.006214795206081907,4.0,approach,0,12.0,1,0,1,force_bus_tool_compensated,4,phathom_s_scan:approach t=0.00 contact=0 vz_cmd=+12.0
916332.244130785,916332.241390175,21687,1788821998.202948,0.25634030849858075,0.4554609605837239,-0.25787616712911393,0.0683600524392575,-0.011138798240858259,0.026772282483756786,4.0,approach,0,12.0,1,0,1,force_bus_tool_compensated,4,phathom_s_scan:approach t=0.00 contact=0 vz_cmd=+12.0
916332.254102813,916332.251693876,21689,1788821998.2132514,0.2267397388169491,0.39346164500210973,-0.3821078917701828,0.06001980382960678,-0.011913612729082817,0.00263982840533742,4.0,approach,0,12.0,1,0,1,force_bus_tool_compensated,4,phathom_s_scan:approach t=0.00 contact=0 vz_cmd=+12.0
916332.264122588,916332.261398704,21691,1788821998.2229526,0.23570710415111817,0.011992854284137756,-0.4129531156837353,0.036559552309367645,-0.006149914790398713,0.01627716060652997,4.0,approach,0,12.0,1,0,1,force_bus_tool_compensated,4,phathom_s_scan:approach t=0.00 contact=0 vz_cmd=+12.0
916332.274122565,916332.271305951,21693,1788821998.232858,0.1395592408970055,-0.09749785469570747,-0.5316710589516214,0.02318124564378813,0.0006679689056350408,0.011732088611153792,4.0,approach,0,12.0,1,0,1,force_bus_tool_compensated,4,phathom_s_scan:approach t=0.00 contact=0 vz_cmd=+12.0
916332.284107206,916332.281602499,21695,1788821998.2431598,0.057803472222161756,0.19851573275460294,-0.5854884271039679,0.055482638511142615,0.009581789448653342,0.0161801034122674,4.0,approach,0,12.0,1,0,1,force_bus_tool_compensated,4,phathom_s_scan:approach t=0.00 contact=0 vz_cmd=+12.0
916332.294108603,916332.29208712,21697,1788821998.2536404,0.060176333984030606,0.6390252593229593,-0.24759872532011307,0.07582943712688868,-0.0023114004028056954,0.02296380427969479,4.0,approach,0,12.0,1,0,1,force_bus_tool_compensated,4,phathom_s_scan:approach t=0.00 contact=0 vz_cmd=+12.0
916332.304112327,916332.301422917,21699,1788821998.2629807,0.3432236554052414,0.4162199915622302,-0.22087715065662145,0.07169652843687771,-0.01933187526454281,0.021839286434469123,4.0,approach,0,12.0,1,0,1,force_bus_tool_compensated,4,phathom_s_scan:approach t=0.00 contact=0 vz_cmd=+12.0
916332.314101247,916332.311299295,21701,1788821998.2728574,0.06790826566276847,0.5531586780397153,-0.5867662199189474,0.07119312688843532,0.001166165477038458,0.02949155198064922,4.0,approach,0,12.0,1,0,1,force_bus_tool_compensated,4,phathom_s_scan:approach t=0.00 contact=0 vz_cmd=+12.0
916332.324122117,916332.321424753,21703,1788821998.2829819,0.10122446132919216,0.3984362710723108,-0.4730097741022335,0.05909504177007374,-0.004187344957372961,0.023134608690479164,4.0,approach,0,12.0,1,0,1,force_bus_tool_compensated,4,phathom_s_scan:approach t=0.00 contact=0 vz_cmd=+12.0
916332.334125388,916332.331340448,21705,1788821998.2928977,0.11393803884211003,0.3668017330729887,-0.327659287904449,0.060825726215242445,0.0004168840744217383,0.020507196833753415,4.0,approach,0,12.0,1,0,1,force_bus_tool_compensated,4,phathom_s_scan:approach t=0.00 contact=0 vz_cmd=+12.0
916332.34412325,916332.341432841,21707,1788821998.3029907,0.10551995976434447,0.15750571492168924,-0.6072700714823436,0.04385588357793396,0.002656850460100093,0.009964559201550947,4.0,approach,0,12.0,1,0,1,force_bus_tool_compensated,4,phathom_s_scan:approach t=0.00 contact=0 vz_cmd=+12.0
916332.354119934,916332.351363174,21709,1788821998.3129218,0.11071688337629235,0.0840272901539819,-0.5203305944556238,0.03839751031771501,0.00035607002661878795,0.013208579451333925,4.0,approach,0,12.0,1,0,1,force_bus_tool_compensated,4,phathom_s_scan:approach t=0.00 contact=0 vz_cmd=+12.0
916332.364099829,916332.36129724,21711,1788821998.3228545,0.32261397115900287,0.4156853375915262,-0.5437398952306236,0.06100603501837795,-0.014871261317690935,0.018922303024224835,4.0,approach,0,12.0,1,0,1,force_bus_tool_compensated,4,phathom_s_scan:approach t=0.00 contact=0 vz_cmd=+12.0
916332.374098284,916332.371190734,21713,1788821998.3327477,0.21566753665687322,0.4759557208014123,-0.3452170623992358,0.067398282659441,-0.013358539267366232,0.015681955331755953,4.0,approach,0,12.0,1,0,1,force_bus_tool_compensated,4,phathom_s_scan:approach t=0.00 contact=0 vz_cmd=+12.0
916332.384112804,916332.38144548,21715,1788821998.3429987,0.18620541267875018,0.3339485818398878,-0.3538570982802855,0.06120599974922879,-0.009255186061796955,0.015503839693026666,4.0,approach,0,12.0,1,0,1,force_bus_tool_compensated,4,phathom_s_scan:approach t=0.00 contact=0 vz_cmd=+12.0
916332.394110805,916332.391238091,21717,1788821998.3527951,0.09118449925925365,0.22975676268206108,-0.36170405086813917,0.05096658729677117,0.0014533778011296841,0.016610314092288588,4.0,approach,0,12.0,1,0,1,force_bus_tool_compensated,4,phathom_s_scan:approach t=0.00 contact=0 vz_cmd=+12.0
916332.404126365,916332.401329015,21719,1788821998.362887,0.06514984992240894,0.43266350453011293,-0.476205579337805,0.06566905720733374,0.004372864498642844,0.023271460547025086,4.0,approach,0,12.0,1,0,1,force_bus_tool_compensated,4,phathom_s_scan:approach t=0.00 contact=0 vz_cmd=+12.0
916332.414089384,916332.411313567,21721,1788821998.3728697,0.08904278616111078,0.32747702213447527,-0.46294453298893756,0.05976416785343673,0.004090346903436346,0.018057512766030386,4.0,approach,0,12.0,1,0,1,force_bus_tool_compensated,4,phathom_s_scan:approach t=0.00 contact=0 vz_cmd=+12.0
916332.42411372,916332.421363472,21723,1788821998.3829198,0.19465654881922959,0.04578493586054942,-0.5188915570916035,0.034541794210979686,-0.005286446331609898,0.017438884824273193,4.0,approach,0,12.0,1,0,1,force_bus_tool_compensated,4,phathom_s_scan:approach t=0.00 contact=0 vz_cmd=+12.0
916332.434105371,916332.431557495,21725,1788821998.393113,0.005269598296057554,0.48022143582234,-0.43109597732969474,0.06391858123821499,0.005983697514713391,0.018088036946453542,4.0,approach,0,12.0,1,0,1,force_bus_tool_compensated,4,phathom_s_scan:approach t=0.00 contact=0 vz_cmd=+12.0
916332.444109576,916332.441291502,21727,1788821998.4028502,0.08082112210231546,0.6520329803434493,-0.48063302235417465,0.08364460049877792,0.0033351671245806297,0.031907547438070706,4.0,approach,0,12.0,1,0,1,force_bus_tool_compensated,4,phathom_s_scan:approach t=0.00 contact=0 vz_cmd=+12.0
916332.454108006,916332.451480241,21729,1788821998.4130366,0.26020129350222165,0.57479049851544,-0.44032294049670806,0.0749642550097428,-0.010087533924499126,0.028755953655255653,4.0,approach,0,12.0,1,0,1,force_bus_tool_compensated,4,phathom_s_scan:approach t=0.00 contact=0 vz_cmd=+12.0
916332.464104378,916332.46151618,21731,1788821998.4230695,0.020874654992734942,0.1813619619633236,-0.5005688329064131,0.05053794586286657,0.011711379746519176,0.019440815520024315,4.0,approach,0,12.0,1,0,1,force_bus_tool_compensated,4,phathom_s_scan:approach t=0.00 contact=0 vz_cmd=+12.0
916332.474142513,916332.47130719,21733,1788821998.4328635,0.14531939877593136,0.3551266168282011,-0.443215389142226,0.059384708980151205,0.0028972964815353,0.019024357594669028,4.0,approach,0,12.0,1,0,1,force_bus_tool_compensated,4,phathom_s_scan:approach t=0.00 contact=0 vz_cmd=+12.0
916332.484140588,916332.481379714,21735,1788821998.442938,0.1934953303353375,0.4964328346823223,-0.4269221926484236,0.06709313389464511,-0.00026161352774789514,0.021427731676055998,4.0,approach,0,12.0,1,0,1,force_bus_tool_compensated,4,phathom_s_scan:approach t=0.00 contact=0 vz_cmd=+12.0
916332.49410919,916332.491436835,21737,1788821998.4529893,0.2033660197288126,0.2590661496156058,-0.4765968987323387,0.05280232914598611,-0.00250260038940246,0.019809464884118014,4.0,approach,0,12.0,1,0,1,force_bus_tool_compensated,4,phathom_s_scan:approach t=0.00 contact=0 vz_cmd=+12.0
916332.504147288,916332.501347986,21739,1788821998.4629014,0.2397462065327649,0.06597457803400085,-0.38027163048622925,0.037718296935505644,-0.01109591601831545,0.00892399037221656,4.0,approach,0,12.0,1,0,1,force_bus_tool_compensated,4,phathom_s_scan:approach t=0.00 contact=0 vz_cmd=+12.0
916332.514106235,916332.511312096,21741,1788821998.4728692,0.20328373679972706,0.44834262544429865,-0.5395007054019549,0.06381442194388404,-0.009780865156330639,0.014992878814785178,4.0,approach,0,12.0,1,0,1,force_bus_tool_compensated,4,phathom_s_scan:approach t=0.00 contact=0 vz_cmd=+12.0
916332.524121467,916332.521590151,21743,1788821998.48314,0.11851700308458715,0.6503225476625263,-0.4275538001089515,0.08223019648833099,-0.0018155703093527963,0.031649828605039565,4.0,approach,0,12.0,1,0,1,force_bus_tool_compensated,4,phathom_s_scan:approach t=0.00 contact=0 vz_cmd=+12.0
916332.534118475,916332.531456087,21745,1788821998.4930122,0.07718278102438508,0.12596978338018341,-0.5930166355396244,0.04786613525605737,0.006357229868922492,0.014941115909662336,4.0,approach,0,12.0,1,0,1,force_bus_tool_compensated,4,phathom_s_scan:approach t=0.00 contact=0 vz_cmd=+12.0
916332.54412173,916332.541352398,21747,1788821998.50291,0.2760180012781199,0.4337579102782754,-0.39088199359996595,0.0626737311216835,-0.01702176502295254,0.03059499807979339,4.0,approach,0,12.0,1,0,1,force_bus_tool_compensated,4,phathom_s_scan:approach t=0.00 contact=0 vz_cmd=+12.0
916332.554116953,916332.551389797,21749,1788821998.5129418,0.11110861676548922,0.2511674894430505,-0.43293628478285934,0.05196824325996143,0.0036122443345761234,0.0056685888987752335,4.0,approach,0,12.0,1,0,1,force_bus_tool_compensated,4,phathom_s_scan:approach t=0.00 contact=0 vz_cmd=+12.0
916332.564100591,916332.561213729,21751,1788821998.5227711,0.11037013874934265,0.45793876578328285,-0.5946428404350232,0.0679706303821281,0.0019141869958408482,0.02355208904249349,4.0,approach,0,12.0,1,0,1,force_bus_tool_compensated,4,phathom_s_scan:approach t=0.00 contact=0 vz_cmd=+12.0
916332.574102774,916332.571279233,21753,1788821998.5328348,0.15327550381666527,0.14810229527736946,-0.4331598554926678,0.047615503610790255,0.0033303021605871237,0.017163967979991687,4.0,approach,0,12.0,1,0,1,force_bus_tool_compensated,4,phathom_s_scan:approach t=0.00 contact=0 vz_cmd=+12.0
916332.584109855,916332.581369037,21755,1788821998.5429232,0.16642655536396508,0.3260251007504794,-0.5374540756989583,0.05607872970402873,-0.0018397153619209889,0.02454389908724667,4.0,approach,0,12.0,1,0,1,force_bus_tool_compensated,4,phathom_s_scan:approach t=0.00 contact=0 vz_cmd=+12.0
916332.59410513,916332.591282034,21757,1788821998.5528398,0.12736615478208313,0.3425656073092157,-0.521138731977983,0.05816320598621195,0.002136836530811439,0.022807765845675666,4.0,approach,0,12.0,1,0,1,force_bus_tool_compensated,4,phathom_s_scan:approach t=0.00 contact=0 vz_cmd=+12.0
916332.60410615,916332.601470231,21759,1788821998.5630264,0.11419452439509481,0.44527698463513127,-0.43900170899031543,0.06940377652048876,0.0010123024982888285,0.022537949375002253,4.0,approach,0,12.0,1,0,1,force_bus_tool_compensated,4,phathom_s_scan:approach t=0.00 contact=0 vz_cmd=+12.0
916332.613986745,916332.611189575,21761,1788821998.5727465,0.18827306936321103,0.5910585647078144,-0.4090320534199142,0.07939885029060355,-0.006339742728931734,0.027645411280151664,4.0,approach,0,12.0,1,0,1,force_bus_tool_compensated,4,phathom_s_scan:approach t=0.00 contact=0 vz_cmd=+12.0
916332.623957624,916332.621183012,21763,1788821998.582741,0.0887025195140223,0.45600188235355177,-0.4680031269650191,0.06782454294488043,0.0038721674019914234,0.023498948316908852,4.0,approach,0,12.0,1,0,1,force_bus_tool_compensated,4,phathom_s_scan:approach t=0.00 contact=0 vz_cmd=+12.0
916332.633992185,916332.631414488,21765,1788821998.592971,0.3144674278762302,0.6090837689281523,-0.38868464523645374,0.07771686691085183,-0.012201805081130467,0.026102733603453766,4.0,approach,0,12.0,1,0,1,force_bus_tool_compensated,4,phathom_s_scan:approach t=0.00 contact=0 vz_cmd=+12.0
916332.643979414,916332.64123519,21767,1788821998.6027932,0.035003920294489954,0.25320776258266353,-0.6211609440476331,0.04937684058708987,0.009059976323234402,0.019189166660793754,4.0,approach,0,12.0,1,0,1,force_bus_tool_compensated,4,phathom_s_scan:approach t=0.00 contact=0 vz_cmd=+12.0
916332.653963376,916332.651238628,21769,1788821998.6127968,0.31441849031612695,0.102431581880534,-0.5476557549974556,0.04161915197247778,-0.007194923816208414,0.011992315092285336,4.0,approach,0,12.0,1,0,1,force_bus_tool_compensated,4,phathom_s_scan:approach t=0.00 contact=0 vz_cmd=+12.0
916332.663965783,916332.661268941,21771,1788821998.6228244,0.10873243602570828,0.22739823579984902,-0.42464052933490454,0.05182495495691474,-0.00016523941812282762,0.023163078265240722,4.0,approach,0,12.0,1,0,1,force_bus_tool_compensated,4,phathom_s_scan:approach t=0.00 contact=0 vz_cmd=+12.0
916332.673957937,916332.671270612,21773,1788821998.6328285,0.18573770473186446,0.5373953913215899,-0.42373333175389255,0.07250108343066852,-0.0009438683471953357,0.028651373521477383,4.0,approach,0,12.0,1,0,1,force_bus_tool_compensated,4,phathom_s_scan:approach t=0.00 contact=0 vz_cmd=+12.0
916332.68395751,916332.681253786,21775,1788821998.642812,-0.07420695265209701,0.3655447840234058,-0.4312442906285411,0.06119789780826759,0.014972095316084599,0.023087978571941895,4.0,approach,0,12.0,1,0,1,force_bus_tool_compensated,4,phathom_s_scan:approach t=0.00 contact=0 vz_cmd=+12.0
916332.693969057,916332.691340486,21777,1788821998.652893,0.07571789142474063,0.33768830761855967,-0.29937699872430334,0.061505355445375574,0.0008688877988330653,0.018841357437079726,4.0,approach,0,12.0,1,0,1,force_bus_tool_compensated,4,phathom_s_scan:approach t=0.00 contact=0 vz_cmd=+12.0
916332.703956979,916332.701183284,21779,1788821998.6627407,-0.0634031705966007,0.1772604321156619,-0.4516200330680906,0.052379614948790336,0.017195286232271352,0.023556539143576496,4.0,approach,0,12.0,1,0,1,force_bus_tool_compensated,4,phathom_s_scan:approach t=0.00 contact=0 vz_cmd=+12.0
916332.713984144,916332.711031212,21781,1788821998.6725886,-0.07080146548452446,0.2782896666291547,-0.44914613991649643,0.05180007249899051,0.01931016844248154,0.01354001698450813,4.0,approach,0,12.0,1,0,1,force_bus_tool_compensated,4,phathom_s_scan:approach t=0.00 contact=0 vz_cmd=+12.0
916332.723994816,916332.72128912,21783,1788821998.6828418,0.14927523635004303,0.30891552381660864,-0.5834129420560299,0.05629616289715396,0.0013639245686001447,0.025652778191422757,4.0,approach,0,12.0,1,0,1,force_bus_tool_compensated,4,phathom_s_scan:approach t=0.00 contact=0 vz_cmd=+12.0
916332.733963107,916332.731336731,21785,1788821998.692893,0.032660921946133015,0.33656937226895955,-0.5202385065580671,0.055119664226637693,0.008870184570271049,0.01600338396027459,4.0,approach,0,12.0,1,0,1,force_bus_tool_compensated,4,phathom_s_scan:approach t=0.00 contact=0 vz_cmd=+12.0
916332.74395827,916332.741158991,21787,1788821998.7027166,0.36511417747841557,0.35649947938401955,-0.2786956629877774,0.061839591895697016,-0.020974104643039566,0.020523296240304672,4.0,approach,0,12.0,1,0,1,force_bus_tool_compensated,4,phathom_s_scan:approach t=0.00 contact=0 vz_cmd=+12.0
916332.753994532,916332.751376904,21789,1788821998.71293,0.2143918681359191,0.4464292349803021,-0.3786280456084602,0.06518180827239792,-0.008453929031797163,0.02649744914067797,4.0,approach,0,12.0,1,0,1,force_bus_tool_compensated,4,phathom_s_scan:approach t=0.00 contact=0 vz_cmd=+12.0
916332.763977359,916332.761175992,21791,1788821998.7227335,0.23050402605850928,0.5511687657770353,-0.650549815116169,0.07576064806629182,-0.0019282393587650953,0.025176898732761785,4.0,approach,0,12.0,1,0,1,force_bus_tool_compensated,4,phathom_s_scan:approach t=0.00 contact=0 vz_cmd=+12.0
916332.773984231,916332.771174865,21793,1788821998.732732,0.1846459471811696,0.5117053813025246,-0.5634684811706565,0.07309775069216773,-0.0010844662797765377,0.02705218127825075,4.0,approach,0,12.0,1,0,1,force_bus_tool_compensated,4,phathom_s_scan:approach t=0.00 contact=0 vz_cmd=+12.0
916332.783957443,916332.781252046,21795,1788821998.7428088,0.2694417286882643,0.587783711138094,-0.45278740430623593,0.07392976422011448,-0.008834929657050928,0.026279390679364873,4.0,approach,0,12.0,1,0,1,force_bus_tool_compensated,4,phathom_s_scan:approach t=0.00 contact=0 vz_cmd=+12.0
916332.793979639,916332.791140274,21797,1788821998.752698,-0.040592783755636325,0.2718091221163686,-0.4039629904262464,0.05592509984105079,0.008021869837960091,0.03024632150806242,4.0,approach,0,12.0,1,0,1,force_bus_tool_compensated,4,phathom_s_scan:approach t=0.00 contact=0 vz_cmd=+12.0
916332.803968407,916332.801285094,21799,1788821998.7628415,-0.00844864068762674,0.30010570334806286,-0.7425630757385084,0.05460034236153241,0.023538245873448622,0.020933423175771237,4.0,approach,0,12.0,1,0,1,force_bus_tool_compensated,4,phathom_s_scan:approach t=0.00 contact=0 vz_cmd=+12.0
916332.813965517,916332.811078604,21801,1788821998.772636,0.1101628499727858,0.4772668472427778,-0.30952975599758903,0.06729080856518582,0.003362636514963779,0.028818601637296392,4.0,approach,0,12.0,1,0,1,force_bus_tool_compensated,4,phathom_s_scan:approach t=0.00 contact=0 vz_cmd=+12.0
916332.823962166,916332.821483494,21803,1788821998.7830362,-0.06749203965667122,0.4441705199443657,-0.36886683537664344,0.06886653371405575,0.012304304461733535,0.027902669673816848,4.0,approach,0,12.0,1,0,1,force_bus_tool_compensated,4,phathom_s_scan:approach t=0.00 contact=0 vz_cmd=+12.0
916332.833965124,916332.831211672,21805,1788821998.7927694,0.22839437011831967,0.3847032909645591,-0.361164366503525,0.06313003555796035,-0.008459789837874702,0.022584109975788424,4.0,approach,0,12.0,1,0,1,force_bus_tool_compensated,4,phathom_s_scan:approach t=0.00 contact=0 vz_cmd=+12.0
916332.843983826,916332.841255314,21807,1788821998.802814,0.04286160262728975,0.22867180188805897,-0.5274456456946294,0.04739679587868252,0.006479956989939794,0.020621555822677086,4.0,approach,0,12.0,1,0,1,force_bus_tool_compensated,4,phathom_s_scan:approach t=0.00 contact=0 vz_cmd=+12.0
916332.853963297,916332.851145104,21809,1788821998.8127005,0.05538757402520164,0.3015502045358479,-0.5582932496541897,0.05396588179096138,0.009786047989238085,0.017286645092209032,4.0,approach,0,12.0,1,0,1,force_bus_tool_compensated,4,phathom_s_scan:approach t=0.00 contact=0 vz_cmd=+12.0
916332.863988239,916332.861358619,21811,1788821998.8229153,0.13440297398599643,0.3753944130912721,-0.5519796773610854,0.05595649465048254,-0.0012926723865942155,0.029637835968527707,4.0,approach,0,12.0,1,0,1,force_bus_tool_compensated,4,phathom_s_scan:approach t=0.00 contact=0 vz_cmd=+12.0
916332.873977572,916332.871161665,21813,1788821998.8327186,0.1950837600424256,0.17247074215350794,-0.34816182532701656,0.0457994606835704,-0.005681120454282291,0.01561851101770053,4.0,approach,0,12.0,1,0,1,force_bus_tool_compensated,4,phathom_s_scan:approach t=0.00 contact=0 vz_cmd=+12.0
916332.884074239,916332.881191802,21815,1788821998.8427453,0.38493779998850897,0.17598103628562042,-0.4576021266960897,0.04736389723229582,-0.024482153597733567,0.02607565226299585,4.0,approach,0,12.0,1,0,1,force_bus_tool_compensated,4,phathom_s_scan:approach t=0.00 contact=0 vz_cmd=+12.0
916332.894086915,916332.891407776,21817,1788821998.8529618,0.06961267544194544,0.35738224465127805,-0.5614977371351391,0.05748633460067573,0.004272983914870642,0.018074047360630105,4.0,approach,0,12.0,1,0,1,force_bus_tool_compensated,4,phathom_s_scan:approach t=0.00 contact=0 vz_cmd=+12.0
916332.904126685,916332.901309251,21819,1788821998.8628614,0.4175253815564992,0.5639056283545337,-0.44487814019057087,0.07311081324448307,-0.019394151449877894,0.026586765760786044,4.0,approach,0,12.0,1,0,1,force_bus_tool_compensated,4,phathom_s_scan:approach t=0.00 contact=0 vz_cmd=+12.0
916332.914018342,916332.911074322,21821,1788821998.8726318,0.16325399574064253,0.4078004213222635,-0.46198188593649836,0.06217539667381754,-0.004065352112960439,0.028149880890267143,4.0,approach,0,12.0,1,0,1,force_bus_tool_compensated,4,phathom_s_scan:approach t=0.00 contact=0 vz_cmd=+12.0
916332.924051415,916332.921291846,21823,1788821998.8828459,0.1647342313437689,0.4872604740174955,-0.44023257208610866,0.07004349336280226,-0.0037037643625220332,0.020962880225690712,4.0,approach,0,12.0,1,0,1,force_bus_tool_compensated,4,phathom_s_scan:approach t=0.00 contact=0 vz_cmd=+12.0
916332.934072037,916332.931245186,21825,1788821998.8928027,0.1089157271359602,0.40929941094789984,-0.39138967870108454,0.06410953884745238,-0.00041194833628703975,0.026436441416759618,4.0,approach,0,12.0,1,0,1,force_bus_tool_compensated,4,phathom_s_scan:approach t=0.00 contact=0 vz_cmd=+12.0
916332.944092058,916332.941090585,21827,1788821998.902648,0.12397341570604586,0.47012504053966697,-0.41913108474051375,0.06463572727667379,-0.0006452994380674821,0.018930836643053197,4.0,approach,0,12.0,1,0,1,force_bus_tool_compensated,4,phathom_s_scan:approach t=0.00 contact=0 vz_cmd=+12.0
916332.954099747,916332.951277371,21829,1788821998.9128327,0.12240534850207882,0.3985093607760599,-0.3894092063846176,0.06495339035307025,-0.004835672592319074,0.023254997818191035,4.0,approach,0,12.0,1,0,1,force_bus_tool_compensated,4,phathom_s_scan:approach t=0.00 contact=0 vz_cmd=+12.0
916332.963999572,916332.961254173,21831,1788821998.9228106,0.024800949180169313,0.27257676435250155,-0.3954912020355036,0.052926280922657186,0.0055454248774934305,0.017997391165896486,4.0,approach,0,12.0,1,0,1,force_bus_tool_compensated,4,phathom_s_scan:approach t=0.00 contact=0 vz_cmd=+12.0
916332.974075963,916332.971228819,21833,1788821998.9327862,0.1416885827114713,0.5530152840506222,-0.45980205409608443,0.07240798965019497,-0.0021969872461356597,0.028314176268596204,4.0,approach,0,12.0,1,0,1,force_bus_tool_compensated,4,phathom_s_scan:approach t=0.00 contact=0 vz_cmd=+12.0
916332.984097151,916332.981076892,21835,1788821998.9426355,0.16525453290074896,0.5418688913528928,-0.4414114293277831,0.07293607348384802,-0.0047082218320128825,0.026299754407128267,4.0,approach,0,12.0,1,0,1,force_bus_tool_compensated,4,phathom_s_scan:approach t=0.00 contact=0 vz_cmd=+12.0
916332.993978942,916332.991081724,21837,1788821998.9526327,0.09277675570670008,0.16064124096249305,-0.5231084220787108,0.04833744474234454,0.0019380187709434876,0.020147107214036827,4.0,approach,0,12.0,1,0,1,force_bus_tool_compensated,4,phathom_s_scan:approach t=0.00 contact=0 vz_cmd=+12.0
916333.004003896,916333.001243056,21839,1788821998.9628,0.1455291487449305,0.2417781498664945,-0.4081402612794841,0.050827824992889535,-0.00037060326331701826,0.014242269909746173,4.0,approach,0,12.0,1,0,1,force_bus_tool_compensated,4,phathom_s_scan:approach t=0.00 contact=0 vz_cmd=+12.0
916333.013966335,916333.011071883,21841,1788821998.9726295,0.08502581698283826,0.2049572483101351,-0.4441390606956642,0.04603599292479328,0.003002372105822075,0.010743680085239939,4.0,approach,0,12.0,1,0,1,force_bus_tool_compensated,4,phathom_s_scan:approach t=0.00 contact=0 vz_cmd=+12.0
916333.023997728,916333.021154574,21843,1788821998.9827123,0.10851363864176258,0.41141354012181014,-0.4372751406757911,0.05958377201111758,0.0025283104270691402,0.016864911000924885,4.0,approach,0,12.0,1,0,1,force_bus_tool_compensated,4,phathom_s_scan:approach t=0.00 contact=0 vz_cmd=+12.0
916333.033970606,916333.031216445,21845,1788821998.992773,0.11018696497480691,0.5607292948641427,-0.3243169920955205,0.07221099495828398,-0.001393394536773401,0.020562509933657602,4.0,approach,0,12.0,1,0,1,force_bus_tool_compensated,4,phathom_s_scan:approach t=0.00 contact=0 vz_cmd=+12.0
916333.043966143,916333.041069994,21847,1788821999.0026288,0.32080457716757405,0.4182652872218887,-0.37776283565952634,0.06774039500514743,-0.020694328400789403,0.020692975395528126,4.0,approach,0,12.0,1,0,1,force_bus_tool_compensated,4,phathom_s_scan:approach t=0.00 contact=0 vz_cmd=+12.0
916333.054011443,916333.051252194,21849,1788821999.0128095,0.05153208286668265,0.1700320904678201,-0.4089330910407805,0.045645479302596804,0.0053670174135743995,0.018222750815469785,4.0,approach,0,12.0,1,0,1,force_bus_tool_compensated,4,phathom_s_scan:approach t=0.00 contact=0 vz_cmd=+12.0
916333.064035563,916333.061241689,21851,1788821999.022799,0.20092022149187508,0.3939228334230813,-0.45447416539549684,0.0656846505142795,-0.005506941683717377,0.023579760792686835,4.0,approach,0,12.0,1,0,1,force_bus_tool_compensated,4,phathom_s_scan:approach t=0.00 contact=0 vz_cmd=+12.0
916333.074046003,916333.071496215,21853,1788821999.0330524,0.1187084770158901,0.3847084245252427,-0.43747372314694516,0.06483980639963866,0.004333383334742986,0.022274970048851785,4.0,approach,0,12.0,1,0,1,force_bus_tool_compensated,4,phathom_s_scan:approach t=0.00 contact=0 vz_cmd=+12.0
916333.083964529,916333.081297856,21855,1788821999.0428543,0.23035407705467165,0.12944505480069643,-0.3834988164926627,0.04798265112939873,-0.004609116161640695,0.020131789137465723,4.0,approach,0,12.0,1,0,1,force_bus_tool_compensated,4,phathom_s_scan:approach t=0.00 contact=0 vz_cmd=+12.0
916333.093966143,916333.091388732,21857,1788821999.0529468,0.04016984067074092,0.4799130680963699,-0.5539738854775041,0.06835905414879406,0.010745144380578728,0.020859428684372325,4.0,approach,0,12.0,1,0,1,force_bus_tool_compensated,4,phathom_s_scan:approach t=0.00 contact=0 vz_cmd=+12.0
916333.103965333,916333.101292381,21859,1788821999.0628498,0.1111969209339578,0.6150141639663098,-0.5174972186852682,0.07876236226187616,0.003443718988068817,0.03424935192205514,4.0,approach,0,12.0,1,0,1,force_bus_tool_compensated,4,phathom_s_scan:approach t=0.00 contact=0 vz_cmd=+12.0
916333.113965413,916333.111233141,21861,1788821999.07279,0.21032928653742552,0.6040802786810371,-0.43212255147022144,0.07569108844694694,-0.00462029731807459,0.028705471940523263,4.0,approach,0,12.0,1,0,1,force_bus_tool_compensated,4,phathom_s_scan:approach t=0.00 contact=0 vz_cmd=+12.0
916333.123968152,916333.121466436,21863,1788821999.083022,0.10278879741252397,0.2626380120554734,-0.5496436258804156,0.050309395587934486,0.007687270617838589,0.014180528439944554,4.0,approach,0,12.0,1,0,1,force_bus_tool_compensated,4,phathom_s_scan:approach t=0.00 contact=0 vz_cmd=+12.0
916333.134006301,916333.131605441,21865,1788821999.0931604,-0.013020289897485438,0.10121945367269154,-0.7075494647045019,0.032359310282771045,0.014203826047957096,0.009625001413066584,4.0,approach,0,12.0,1,0,1,force_bus_tool_compensated,4,phathom_s_scan:approach t=0.00 contact=0 vz_cmd=+12.0
916333.143989954,916333.14133754,21867,1788821999.1028907,0.13529791682751274,0.04349623620755337,-0.516870108419388,0.03407070158462544,0.001939824300075772,0.008706991062432242,4.0,approach,0,12.0,1,0,1,force_bus_tool_compensated,4,phathom_s_scan:approach t=0.00 contact=0 vz_cmd=+12.0
916333.154081261,916333.152341723,21869,1788821999.11389,0.24219878633812292,0.5208870725423312,-0.2734135153486439,0.07243060063733107,-0.01537247482434941,0.02869485956620916,4.0,approach,0,12.0,1,0,1,force_bus_tool_compensated,4,phathom_s_scan:approach t=0.00 contact=0 vz_cmd=+12.0
916333.16433626,916333.161258055,21871,1788821999.1228163,0.07132267930459313,0.5341367022350935,-0.518452300481766,0.070125184208673,0.006419337860025019,0.02184760330027669,4.0,approach,0,12.0,1,0,1,force_bus_tool_compensated,4,phathom_s_scan:approach t=0.00 contact=0 vz_cmd=+12.0
916333.174006194,916333.171184559,21873,1788821999.1327398,-0.10207677280361399,0.31690337942524854,-0.4543205169203402,0.058823994851244836,0.019152842715800214,0.028206596136633615,4.0,approach,0,12.0,1,0,1,force_bus_tool_compensated,4,phathom_s_scan:approach t=0.00 contact=0 vz_cmd=+12.0
916333.184086011,916333.181270154,21875,1788821999.1428216,0.2853599718135296,0.33796629763397595,-0.46584508007809644,0.05501173495248728,-0.003687549511128883,0.019345234104519278,4.0,approach,0,12.0,1,0,1,force_bus_tool_compensated,4,phathom_s_scan:approach t=0.00 contact=0 vz_cmd=+12.0
916333.193973513,916333.191203727,21877,1788821999.1527598,0.0035837385961336454,0.3553365498948101,-0.4079730235074718,0.0588620812671342,0.009267614949295497,0.023895409281284245,4.0,approach,0,12.0,1,0,1,force_bus_tool_compensated,4,phathom_s_scan:approach t=0.00 contact=0 vz_cmd=+12.0
916333.204009842,916333.201360056,21879,1788821999.1629174,0.31333492385229145,0.5089431143354566,-0.4842900033034856,0.07169536514857272,-0.011093145065819016,0.02696982937823838,4.0,approach,0,12.0,1,0,1,force_bus_tool_compensated,4,phathom_s_scan:approach t=0.00 contact=0 vz_cmd=+12.0
916333.213983744,916333.211167471,21881,1788821999.1727257,0.24292251224221076,0.3780650234396531,-0.4291130512295405,0.06163486586986215,-0.006454722170039368,0.020365459788425452,4.0,approach,0,12.0,1,0,1,force_bus_tool_compensated,4,phathom_s_scan:approach t=0.00 contact=0 vz_cmd=+12.0
916333.223967662,916333.221271074,21883,1788821999.1828284,0.20451802469926336,0.3450735221823491,-0.4132952625982347,0.06086033821611658,-0.0012485774173571656,0.021447295471924158,4.0,approach,0,12.0,1,0,1,force_bus_tool_compensated,4,phathom_s_scan:approach t=0.00 contact=0 vz_cmd=+12.0
916333.233986235,916333.231356929,21885,1788821999.1929126,0.10895240158853894,0.5598969809419887,-0.47961302416191054,0.07803648810873082,0.0035894113121598074,0.032682108443932004,4.0,approach,0,12.0,1,0,1,force_bus_tool_compensated,4,phathom_s_scan:approach t=0.00 contact=0 vz_cmd=+12.0
916333.244019619,916333.241270677,21887,1788821999.2028277,0.21716922471082115,0.6244879846426963,-0.591605687355236,0.07574638024221042,-0.004080553608243476,0.027722134985655077,4.0,approach,0,12.0,1,0,1,force_bus_tool_compensated,4,phathom_s_scan:approach t=0.00 contact=0 vz_cmd=+12.0
916333.253962172,916333.251210804,21889,1788821999.2127686,0.07653868059720942,0.4022400473214458,-0.6036251434427518,0.06035517594204,0.011376667257335233,0.019544247384601407,4.0,approach,0,12.0,1,0,1,force_bus_tool_compensated,4,phathom_s_scan:approach t=0.00 contact=0 vz_cmd=+12.0
916333.263964183,916333.261309237,21891,1788821999.2228646,0.26892193333989867,0.3341871795962806,-0.4864383564250436,0.057325053001626,-0.00838489619201312,0.02671658066944205,4.0,approach,0,12.0,1,0,1,force_bus_tool_compensated,4,phathom_s_scan:approach t=0.00 contact=0 vz_cmd=+12.0
916333.273959961,916333.271286157,21893,1788821999.2328424,0.08939245496312798,0.24208502637186927,-0.40123925906375846,0.0469109845222692,0.0017693842098089646,0.022280823910661378,4.0,approach,0,12.0,1,0,1,force_bus_tool_compensated,4,phathom_s_scan:approach t=0.00 contact=0 vz_cmd=+12.0
916333.283995138,916333.281229644,21895,1788821999.2427866,0.1946049642931975,0.29094752844646843,-0.461087531451304,0.05853670015304215,0.0023245959597040238,0.017188837787648962,4.0,approach,0,12.0,1,0,1,force_bus_tool_compensated,4,phathom_s_scan:approach t=0.00 contact=0 vz_cmd=+12.0
916333.293960899,916333.291374965,21897,1788821999.2529318,-0.1640028693361516,0.4490567848043075,-0.44306476015345914,0.06145272063099276,0.018894511303287165,0.026528897547900082,4.0,approach,0,12.0,1,0,1,force_bus_tool_compensated,4,phathom_s_scan:approach t=0.00 contact=0 vz_cmd=+12.0
916333.303976759,916333.301555707,21899,1788821999.2631142,0.16656612990872488,0.3403231876747768,-0.43731125029915163,0.05846722664315939,-0.0005057280105641283,0.02176522054082743,4.0,approach,0,12.0,1,0,1,force_bus_tool_compensated,4,phathom_s_scan:approach t=0.00 contact=0 vz_cmd=+12.0
916333.313976467,916333.311178344,21901,1788821999.2727363,-0.029113806452203433,0.5486620308280109,-0.34347457176738194,0.06814661484593455,0.01085941882874097,0.028022539866303355,4.0,approach,0,12.0,1,0,1,force_bus_tool_compensated,4,phathom_s_scan:approach t=0.00 contact=0 vz_cmd=+12.0
916333.323984599,916333.321352197,21903,1788821999.2829082,0.014216945234496348,0.18046718627816546,-0.6746571930140164,0.049302807345515065,0.015164195672239205,0.0187831872268209,4.0,approach,0,12.0,1,0,1,force_bus_tool_compensated,4,phathom_s_scan:approach t=0.00 contact=0 vz_cmd=+12.0
916333.333966563,916333.331495006,21905,1788821999.2930517,0.2811178759817678,0.39897896264535737,-0.35183020231333345,0.06269467119451003,-0.009656206519109221,0.02409388649152177,4.0,approach,0,12.0,1,0,1,force_bus_tool_compensated,4,phathom_s_scan:approach t=0.00 contact=0 vz_cmd=+12.0
916333.343958498,916333.341237662,21907,1788821999.302797,0.02951883922663709,0.35106838996299,-0.4861728558604546,0.059967640999331565,0.00787526876510505,0.02204847492750536,4.0,approach,0,12.0,1,0,1,force_bus_tool_compensated,4,phathom_s_scan:approach t=0.00 contact=0 vz_cmd=+12.0
916333.35397596,916333.351168778,21909,1788821999.3127265,0.33899309406460665,0.558920253307814,-0.4783619541164674,0.07286749188443538,-0.014719595669247965,0.028164457969884624,4.0,approach,0,12.0,1,0,1,force_bus_tool_compensated,4,phathom_s_scan:approach t=0.00 contact=0 vz_cmd=+12.0
916333.363976799,916333.361078346,21911,1788821999.322635,0.22698725166958428,0.3039277643986372,-0.4003054368006468,0.057058160600779645,-0.005189949904534924,0.018749688298586437,4.0,approach,0,12.0,1,0,1,force_bus_tool_compensated,4,phathom_s_scan:approach t=0.00 contact=0 vz_cmd=+12.0
916333.37395759,916333.371267133,21913,1788821999.332824,0.08957824458177333,0.25588387960932596,-0.6254676162084971,0.0519517234694803,0.003240483030218437,0.011501923101700385,4.0,approach,0,12.0,1,0,1,force_bus_tool_compensated,4,phathom_s_scan:approach t=0.00 contact=0 vz_cmd=+12.0
916333.383972825,916333.381214524,21915,1788821999.3427722,0.1950745078201074,0.3175558688002491,-0.5376828515038434,0.0567617853368515,-0.0017754982505067511,0.028909043989441552,4.0,approach,0,12.0,1,0,1,force_bus_tool_compensated,4,phathom_s_scan:approach t=0.00 contact=0 vz_cmd=+12.0
916333.393981274,916333.391174455,21917,1788821999.3527327,0.12148720431114049,0.3971973460232737,-0.4305300741610696,0.06356392155495219,0.00338506704296062,0.027087796584891823,4.0,approach,0,12.0,1,0,1,force_bus_tool_compensated,4,phathom_s_scan:approach t=0.00 contact=0 vz_cmd=+12.0
916333.403971551,916333.40107501,21919,1788821999.3626332,0.2629702506514101,0.6483980063157412,-0.4569302734611601,0.08005429554963103,-0.010496059600017527,0.035309336208161554,4.0,approach,0,12.0,1,0,1,force_bus_tool_compensated,4,phathom_s_scan:approach t=0.00 contact=0 vz_cmd=+12.0
916333.413970983,916333.411073718,21921,1788821999.3726313,0.041094845041363376,0.4358862404437575,-0.37529903971095746,0.06552335677977267,0.010328607302731795,0.027938551993198057,4.0,approach,0,12.0,1,0,1,force_bus_tool_compensated,4,phathom_s_scan:approach t=0.00 contact=0 vz_cmd=+12.0
916333.423978306,916333.421194962,21923,1788821999.3827531,0.18169898174766191,0.49223183865258663,-0.4123044318640994,0.06831842094844152,-0.005372354196644388,0.02692685045886524,4.0,approach,0,12.0,1,0,1,force_bus_tool_compensated,4,phathom_s_scan:approach t=0.00 contact=0 vz_cmd=+12.0
916333.433973021,916333.43129744,21925,1788821999.392853,-0.006363436092952479,0.3442965764561849,-0.5910096965315413,0.05247799593022407,0.012145884354951153,0.02967817556855383,4.0,approach,0,12.0,1,0,1,force_bus_tool_compensated,4,phathom_s_scan:approach t=0.00 contact=0 vz_cmd=+12.0
916333.443962718,916333.441370335,21927,1788821999.4029286,0.1528865950067016,0.24815562983267758,-0.3705813914049115,0.05239057200636144,-0.0031691692669725694,0.01842137477978637,4.0,approach,0,12.0,1,0,1,force_bus_tool_compensated,4,phathom_s_scan:approach t=0.00 contact=0 vz_cmd=+12.0
916333.453978312,916333.451366166,21929,1788821999.4129229,0.18831719793878435,0.45856490159982904,-0.3608665686885296,0.06559216168244944,-0.0038531354307324997,0.03238084623236567,4.0,approach,0,12.0,1,0,1,force_bus_tool_compensated,4,phathom_s_scan:approach t=0.00 contact=0 vz_cmd=+12.0
916333.463972168,916333.461159801,21931,1788821999.4227161,0.005492596730724497,0.41939435290663973,-0.6435707087711078,0.06894781788342454,0.012064907586565315,0.026677009080363773,4.0,approach,0,12.0,1,0,1,force_bus_tool_compensated,4,phathom_s_scan:approach t=0.00 contact=0 vz_cmd=+12.0
916333.473976781,916333.471162615,21933,1788821999.432719,0.19291407104955804,0.5735099746104234,-0.3436872678856084,0.07085972395920426,0.0006057378437956252,0.036535043476604245,4.0,approach,0,12.0,1,0,1,force_bus_tool_compensated,4,phathom_s_scan:approach t=0.00 contact=0 vz_cmd=+12.0
916333.483956019,916333.48135966,21935,1788821999.4429169,0.14654593480821365,0.5978691216207391,-0.393709536392044,0.07787883557151587,0.0011475956093420963,0.030452548684280274,4.0,approach,0,12.0,1,0,1,force_bus_tool_compensated,4,phathom_s_scan:approach t=0.00 contact=0 vz_cmd=+12.0
916333.493957361,916333.491781211,21937,1788821999.4533365,0.0785657537018028,0.34678162775764737,-0.39172705796578283,0.06508995814897225,0.003586663144867754,0.02300414495356945,4.0,approach,0,12.0,1,0,1,force_bus_tool_compensated,4,phathom_s_scan:approach t=0.00 contact=0 vz_cmd=+12.0
916333.503977589,916333.501414129,21939,1788821999.4629722,0.1210995707465054,0.23256881445123564,-0.44791059478489914,0.04859094854419971,0.0026180876158265,0.023901343665626164,4.0,approach,0,12.0,1,0,1,force_bus_tool_compensated,4,phathom_s_scan:approach t=0.00 contact=0 vz_cmd=+12.0
916333.513973369,916333.511200891,21941,1788821999.4727583,0.08308458138458477,0.4157646492945944,-0.48002379692792363,0.062469226254566274,0.0070027052183301445,0.02367635186342279,4.0,approach,0,12.0,1,0,1,force_bus_tool_compensated,4,phathom_s_scan:approach t=0.00 contact=0 vz_cmd=+12.0
916333.523974729,916333.521436197,21943,1788821999.482994,0.15997273031343484,0.5310532244943027,-0.3961062173158203,0.07367096171897525,0.0004508514840404032,0.02388602942364894,4.0,approach,0,12.0,1,0,1,force_bus_tool_compensated,4,phathom_s_scan:approach t=0.00 contact=0 vz_cmd=+12.0
916333.533958539,916333.531393874,21945,1788821999.4929504,0.25365345985338617,0.34794128530303003,-0.5901089686657992,0.04715750084202214,-0.0074194501589723814,0.019468430828352562,4.0,approach,0,12.0,1,0,1,force_bus_tool_compensated,4,phathom_s_scan:approach t=0.00 contact=0 vz_cmd=+12.0
916333.543957785,916333.541320354,21947,1788821999.5028787,-0.11795505771634149,0.181641796450331,-0.4796469232883046,0.04871873831569449,0.015986368885086914,0.03034454855185714,4.0,approach,0,12.0,1,0,1,force_bus_tool_compensated,4,phathom_s_scan:approach t=0.00 contact=0 vz_cmd=+12.0
916333.553971276,916333.55133377,21949,1788821999.5128908,0.25628228531486086,0.34776723922585984,-0.19273120782818698,0.060523953942157704,-0.012512930657169694,0.01842158012205251,4.0,approach,0,12.0,1,0,1,force_bus_tool_compensated,4,phathom_s_scan:approach t=0.00 contact=0 vz_cmd=+12.0
916333.563982874,916333.561282167,21951,1788821999.5228374,0.11367455197791954,0.6177016721346363,-0.3754855505757446,0.07847683348612221,-0.006929571939990791,0.03319661713719661,4.0,approach,0,12.0,1,0,1,force_bus_tool_compensated,4,phathom_s_scan:approach t=0.00 contact=0 vz_cmd=+12.0
916333.573988844,916333.571452412,21953,1788821999.5330079,0.1432295098028875,0.5172106661482766,-0.2964482393127163,0.07100689628971216,-0.0018749909784032798,0.023842694784777133,4.0,approach,0,12.0,1,0,1,force_bus_tool_compensated,4,phathom_s_scan:approach t=0.00 contact=0 vz_cmd=+12.0
916333.583978295,916333.58142445,21955,1788821999.542978,0.1805474570082363,0.5192315716213661,-0.5170645816522321,0.06167727275123448,-0.00939620661663734,0.02803258785121731,4.0,approach,0,12.0,1,0,1,force_bus_tool_compensated,4,phathom_s_scan:approach t=0.00 contact=0 vz_cmd=+12.0
916333.593961722,916333.591340789,21957,1788821999.5528944,-0.25959511548090053,-0.08469074851605511,-0.5153474263799454,0.03098697559908423,0.03049074027027323,0.015232237560826156,4.0,approach,0,12.0,1,0,1,force_bus_tool_compensated,4,phathom_s_scan:approach t=0.00 contact=0 vz_cmd=+12.0
916333.603971386,916333.601450346,21959,1788821999.5630069,0.2862369853475343,0.38183826330940274,-0.3261160599690926,0.06037627507642428,-0.008885738736959282,0.01690788249589179,4.0,approach,0,12.0,1,0,1,force_bus_tool_compensated,4,phathom_s_scan:approach t=0.00 contact=0 vz_cmd=+12.0
916333.613968636,916333.611518254,21961,1788821999.5730727,-0.1048278154066889,0.28430192048461966,-0.494149627620594,0.05658360142144264,0.011089128222819789,0.027662476455633578,4.0,approach,0,12.0,1,0,1,force_bus_tool_compensated,4,phathom_s_scan:approach t=0.00 contact=0 vz_cmd=+12.0
916333.623980715,916333.621492157,21963,1788821999.5830472,0.2293403321124426,0.3641161906750234,-0.49746542624285023,0.05674112955206889,-0.003329717789649885,0.015717613081849404,4.0,approach,0,12.0,1,0,1,force_bus_tool_compensated,4,phathom_s_scan:approach t=0.00 contact=0 vz_cmd=+12.0
916333.633957995,916333.631473407,21965,1788821999.5930293,0.17410984579639854,0.5980821690239972,-0.5184071207520677,0.07294395717647956,-0.002561039041047024,0.03385687276717658,4.0,approach,0,12.0,1,0,1,force_bus_tool_compensated,4,phathom_s_scan:approach t=0.00 contact=0 vz_cmd=+12.0
916333.643988624,916333.641548123,21967,1788821999.603104,0.10669275371326456,0.36728502881514785,-0.4952063927930267,0.056021569598565926,0.0019617934493563085,0.02616530112120597,4.0,approach,0,12.0,1,0,1,force_bus_tool_compensated,4,phathom_s_scan:approach t=0.00 contact=0 vz_cmd=+12.0
916333.653991009,916333.651382279,21969,1788821999.6129398,0.16453930435465863,0.3595411972912073,-0.3684390953527868,0.05822890135337677,-0.0032259495517769467,0.0227251100378819,4.0,approach,0,12.0,1,0,1,force_bus_tool_compensated,4,phathom_s_scan:approach t=0.00 contact=0 vz_cmd=+12.0
916333.66397632,916333.661422876,21971,1788821999.62298,0.08183969628962684,0.41938345938168947,-0.4991850256996593,0.06395852779626889,0.006600514761213472,0.027427945046865115,4.0,approach,0,12.0,1,0,1,force_bus_tool_compensated,4,phathom_s_scan:approach t=0.00 contact=0 vz_cmd=+12.0
916333.673957324,916333.671365143,21973,1788821999.6329195,-0.007395910534690298,0.26837733617859333,-0.4963154828489047,0.05337281791827641,0.016590828862829435,0.028048740243785474,4.0,approach,0,12.0,1,0,1,force_bus_tool_compensated,4,phathom_s_scan:approach t=0.00 contact=0 vz_cmd=+12.0
916333.683976418,916333.681522863,21975,1788821999.6430783,0.27214604751847865,0.27412399600833304,-0.2534063765247123,0.05424226823257293,-0.010596966921229734,0.02468812166177967,4.0,approach,0,12.0,1,0,1,force_bus_tool_compensated,4,phathom_s_scan:approach t=0.00 contact=0 vz_cmd=+12.0
916333.693957204,916333.691261518,21977,1788821999.6528175,0.04620773273916409,0.3985073383216124,-0.4675860529766116,0.06179309290578856,0.005312477854319749,0.0214709296914197,4.0,approach,0,12.0,1,0,1,force_bus_tool_compensated,4,phathom_s_scan:approach t=0.00 contact=0 vz_cmd=+12.0
916333.70397872,916333.701425683,21979,1788821999.6629813,0.05672097033257276,0.3752786437243683,-0.49206824967053653,0.058763308451679444,0.00687171166396429,0.029594033677053218,4.0,approach,0,12.0,1,0,1,force_bus_tool_compensated,4,phathom_s_scan:approach t=0.00 contact=0 vz_cmd=+12.0
916333.713975052,916333.711300537,21981,1788821999.6728573,0.1670621651034441,0.5451746286973342,-0.32213350875602037,0.07157769096200861,-0.0010348159859492993,0.021114393199572156,4.0,approach,0,12.0,1,0,1,force_bus_tool_compensated,4,phathom_s_scan:approach t=0.00 contact=0 vz_cmd=+12.0
916333.723958374,916333.721419946,21983,1788821999.682976,0.12355467997505931,0.6728099590468841,-0.3269891952164171,0.08530124524063931,-0.0023015309484038997,0.04329039214701184,4.0,approach,0,12.0,1,0,1,force_bus_tool_compensated,4,phathom_s_scan:approach t=0.00 contact=0 vz_cmd=+12.0
916333.73397473,916333.731772868,21985,1788821999.6933298,0.06647709232750143,0.44291023122878337,-0.5031254737343971,0.06573758839992705,0.0035803393112658127,0.012365080893419485,4.0,approach,0,12.0,1,0,1,force_bus_tool_compensated,4,phathom_s_scan:approach t=0.00 contact=0 vz_cmd=+12.0
916333.743976667,916333.741439168,21987,1788821999.702996,0.1535030060349788,0.3826289665264048,-0.3363411685655355,0.06228163338528636,0.0008866290934146755,0.03481360250156379,4.0,approach,0,12.0,1,0,1,force_bus_tool_compensated,4,phathom_s_scan:approach t=0.00 contact=0 vz_cmd=+12.0
916333.753954072,916333.751222384,21989,1788821999.7127805,0.14810948141903377,0.2731209778555966,-0.5007308518579001,0.05715712706350545,0.002881627345984797,0.017525439047995223,4.0,approach,0,12.0,1,0,1,force_bus_tool_compensated,4,phathom_s_scan:approach t=0.00 contact=0 vz_cmd=+12.0
916333.76397612,916333.761496244,21991,1788821999.7230496,0.07525555143175741,0.27563361179978413,-0.5693581343401936,0.05392932124693354,0.010872208019830647,0.021819655253375266,4.0,approach,0,12.0,1,0,1,force_bus_tool_compensated,4,phathom_s_scan:approach t=0.00 contact=0 vz_cmd=+12.0
916333.773975011,916333.771366605,21993,1788821999.7329237,0.26085779243957574,0.5927095608614367,-0.5476024531802376,0.07134545000516784,-0.003646932871295994,0.030837523089300406,4.0,approach,0,12.0,1,0,1,force_bus_tool_compensated,4,phathom_s_scan:approach t=0.00 contact=0 vz_cmd=+12.0
916333.783974529,916333.781507663,21995,1788821999.7430625,0.21961224529144252,0.7694455270816581,-0.5229242249260114,0.08661732587176672,-0.006806615002678923,0.04101221502224053,4.0,approach,0,12.0,1,0,1,force_bus_tool_compensated,4,phathom_s_scan:approach t=0.00 contact=0 vz_cmd=+12.0
916333.793978206,916333.791480539,21997,1788821999.7530298,0.06408861663793661,0.5675593408458424,-0.4436964212840496,0.08179188040295196,0.007845722156895645,0.024119005579932653,4.0,approach,0,12.0,1,0,1,force_bus_tool_compensated,4,phathom_s_scan:approach t=0.00 contact=0 vz_cmd=+12.0
916333.803970172,916333.801409006,21999,1788821999.7629669,0.11628027580587377,0.3116771716386134,-0.3581945227049842,0.06170725468184815,0.0007316186656795901,0.0228523457123525,4.0,approach,0,12.0,1,0,1,force_bus_tool_compensated,4,phathom_s_scan:approach t=0.00 contact=0 vz_cmd=+12.0
916333.813954701,916333.811319421,22001,1788821999.772873,0.24926709126234625,0.3521701743358159,-0.36125972666325445,0.05854826024851438,-0.010680305250325869,0.03009606517187734,4.0,approach,0,12.0,1,0,1,force_bus_tool_compensated,4,phathom_s_scan:approach t=0.00 contact=0 vz_cmd=+12.0
916333.823983407,916333.821359891,22003,1788821999.7829127,0.0828080807810393,0.5495784638861637,-0.4604831811890937,0.07151255380202985,0.003206435716426642,0.03487546493846441,4.0,approach,0,12.0,1,0,1,force_bus_tool_compensated,4,phathom_s_scan:approach t=0.00 contact=0 vz_cmd=+12.0
916333.833955781,916333.831291976,22005,1788821999.7928483,0.08024235412713857,0.5097434994460489,-0.46123663679722393,0.07088157648575505,0.004844015152725172,0.029263040146799705,4.0,approach,0,12.0,1,0,1,force_bus_tool_compensated,4,phathom_s_scan:approach t=0.00 contact=0 vz_cmd=+12.0
916333.843976397,916333.841831997,22007,1788821999.803386,0.08849610910269123,0.4213682354906561,-0.5806673787746556,0.06752006631074478,0.003780457773034125,0.024390912048007505,4.0,approach,0,12.0,1,0,1,force_bus_tool_compensated,4,phathom_s_scan:approach t=0.00 contact=0 vz_cmd=+12.0
916333.853968005,916333.851430467,22009,1788821999.8129828,0.042494878060648944,0.3659922891211215,-0.37226369430753525,0.060311878434574556,0.006960256322428959,0.03327667007916137,4.0,approach,0,12.0,1,0,1,force_bus_tool_compensated,4,phathom_s_scan:approach t=0.00 contact=0 vz_cmd=+12.0
916333.863972034,916333.861433486,22011,1788821999.8229907,0.2924702872270777,0.22026046283250697,-0.30826459632372033,0.05384808273782129,-0.009607312351548582,0.02406464201560923,4.0,approach,0,12.0,1,0,1,force_bus_tool_compensated,4,phathom_s_scan:approach t=0.00 contact=0 vz_cmd=+12.0
916333.873956139,916333.871349212,22013,1788821999.8329053,0.043636715190216696,0.3030043148943257,-0.44291683483424427,0.05256022319333788,0.008292887171818978,0.025436235926748985,4.0,approach,0,12.0,1,0,1,force_bus_tool_compensated,4,phathom_s_scan:approach t=0.00 contact=0 vz_cmd=+12.0
916333.883973848,916333.881805434,22015,1788821999.8433619,0.31378442577918303,0.3176838054522036,-0.40551545495198427,0.05183940610102809,-0.012964887085840902,0.027372175260395967,4.0,approach,0,12.0,1,0,1,force_bus_tool_compensated,4,phathom_s_scan:approach t=0.00 contact=0 vz_cmd=+12.0
916333.893970581,916333.891333199,22017,1788821999.8528903,0.1783673144223542,0.3597224068369611,-0.5201716989845117,0.060872180313900126,0.00280075426471786,0.018560920300367333,4.0,approach,0,12.0,1,0,1,force_bus_tool_compensated,4,phathom_s_scan:approach t=0.00 contact=0 vz_cmd=+12.0
916333.903954202,916333.901858239,22019,1788821999.8634152,0.009120549367063635,0.18408495201238623,-0.6333503467785029,0.04840513895091686,0.017752942427243137,0.030692579554600204,4.0,approach,0,12.0,1,0,1,force_bus_tool_compensated,4,phathom_s_scan:approach t=0.00 contact=0 vz_cmd=+12.0
916333.913967804,916333.911377274,22021,1788821999.8729346,0.2678246175206886,0.579859053807443,-0.25101797941126147,0.07996344556317755,-0.013691956087289833,0.029305400885875077,4.0,approach,0,12.0,1,0,1,force_bus_tool_compensated,4,phathom_s_scan:approach t=0.00 contact=0 vz_cmd=+12.0
916333.923955835,916333.921332771,22023,1788821999.8828897,0.1976797214641457,0.8017660867394022,-0.2728364352092581,0.08978934445220335,-0.012939181648010124,0.03712445409220115,4.0,approach,0,12.0,1,0,1,force_bus_tool_compensated,4,phathom_s_scan:approach t=0.00 contact=0 vz_cmd=+12.0
916333.933975334,916333.931934941,22025,1788821999.89349,-0.13554836915993837,0.6893995985154441,-0.3332681801757543,0.09037433492625438,0.023351903961405043,0.0416636531331194,4.0,approach,0,12.0,1,0,1,force_bus_tool_compensated,4,phathom_s_scan:approach t=0.00 contact=0 vz_cmd=+12.0
916333.943969092,916333.941571839,22027,1788821999.9031298,0.043461546003349366,0.42516964962598625,-0.5504534939509478,0.06302702705886323,0.006326799904717547,0.023807537248658583,4.0,approach,0,12.0,1,0,1,force_bus_tool_compensated,4,phathom_s_scan:approach t=0.00 contact=0 vz_cmd=+12.0
916333.953981264,916333.951364841,22029,1788821999.9129193,0.11132649406779016,0.46236375768321625,-0.30341911704624136,0.06354530874101376,0.000391766280173748,0.04141145432536833,4.0,approach,0,12.0,1,0,1,force_bus_tool_compensated,4,phathom_s_scan:approach t=0.00 contact=0 vz_cmd=+12.0
916333.963972449,916333.961620932,22031,1788821999.9231749,0.1619564664256053,0.41893162528378947,-0.3218179352490194,0.061412043917447603,-0.005304770703494887,0.0330239169298886,4.0,approach,0,12.0,1,0,1,force_bus_tool_compensated,4,phathom_s_scan:approach t=0.00 contact=0 vz_cmd=+12.0
916333.973974579,916333.97147493,22033,1788821999.9330277,0.015041771498171125,0.3286139118121254,-0.4988907372211051,0.057149992634611,0.0112745720356788,0.026510918497464113,4.0,approach,0,12.0,1,0,1,force_bus_tool_compensated,4,phathom_s_scan:approach t=0.00 contact=0 vz_cmd=+12.0
916333.983954432,916333.981524864,22035,1788821999.9430826,0.09672748455315883,0.33489021103014477,-0.4546829004417,0.05620405044036973,0.0024335389950028473,0.023887135261253755,4.0,approach,0,12.0,1,0,1,force_bus_tool_compensated,4,phathom_s_scan:approach t=0.00 contact=0 vz_cmd=+12.0
916333.993958507,916333.991524892,22037,1788821999.9530756,0.0814888666159453,0.3761768019727326,-0.28075608789173656,0.06012088609830503,-0.004041441212347589,0.02244003151881093,4.0,approach,0,12.0,1,0,1,force_bus_tool_compensated,4,phathom_s_scan:approach t=0.00 contact=0 vz_cmd=+12.0
916334.003977361,916334.001261157,22039,1788821999.9628186,0.08481330049409777,0.5692894609509862,-0.2802168344961401,0.07643013760929572,-0.00045005355936194664,0.03582809233606038,4.0,approach,0,12.0,1,0,1,force_bus_tool_compensated,4,phathom_s_scan:approach t=0.00 contact=0 vz_cmd=+12.0
916334.01397199,916334.011250563,22041,1788821999.972808,0.3196334644758,0.5504851181347066,-0.2752643881525163,0.07232883700813118,-0.00836563098658407,0.022913678235362143,4.0,approach,0,12.0,1,0,1,force_bus_tool_compensated,4,phathom_s_scan:approach t=0.00 contact=0 vz_cmd=+12.0
916334.023962347,916334.021555241,22043,1788821999.983108,0.152943664953229,0.8385157245829389,-0.5165348297110739,0.09340664080291954,-0.006584538438501401,0.040116220732560506,4.0,approach,0,12.0,1,0,1,force_bus_tool_compensated,4,phathom_s_scan:approach t=0.00 contact=0 vz_cmd=+12.0
916334.033965987,916334.032011996,22045,1788821999.9935644,0.1678281498608356,0.752861495472718,-0.4687416613315549,0.08964798057439273,-0.004775422488067616,0.03254720631549806,4.0,approach,0,12.0,1,0,1,force_bus_tool_compensated,4,phathom_s_scan:approach t=0.00 contact=0 vz_cmd=+12.0
916334.043995009,916334.041444182,22047,1788822000.003001,0.3322561376018428,0.4131583625406407,-0.44199390877179595,0.06119698211631402,-0.018486788602268066,0.023952949771084277,4.0,approach,0,12.0,1,0,1,force_bus_tool_compensated,4,phathom_s_scan:approach t=0.00 contact=0 vz_cmd=+12.0
916334.053962522,916334.051349906,22049,1788822000.0129035,0.009156879697248155,0.36705643111101677,-0.5372695220040867,0.06293279799733237,0.005695834554245347,0.01694055002219411,4.0,approach,0,12.0,1,0,1,force_bus_tool_compensated,4,phathom_s_scan:approach t=0.00 contact=0 vz_cmd=+12.0
916334.063983183,916334.061431344,22051,1788822000.022989,0.35354160383930144,0.340867209363664,-0.2969679663567048,0.0565725475107605,-0.011430444599894033,0.017593319377149294,4.0,approach,0,12.0,1,0,1,force_bus_tool_compensated,4,phathom_s_scan:approach t=0.00 contact=0 vz_cmd=+12.0
916334.073964214,916334.071273076,22053,1788822000.032831,0.13333826504704643,0.4850445162450357,-0.33901376143797124,0.07109176768665253,-0.006789321858599618,0.03411416447558431,4.0,approach,0,12.0,1,0,1,force_bus_tool_compensated,4,phathom_s_scan:approach t=0.00 contact=0 vz_cmd=+12.0
916334.083982184,916334.081599515,22055,1788822000.0431528,0.11644653935357827,0.5352442081027642,-0.35697439667794606,0.07276510689890205,-0.002461318163102011,0.03526932299006881,4.0,approach,0,12.0,1,0,1,force_bus_tool_compensated,4,phathom_s_scan:approach t=0.00 contact=0 vz_cmd=+12.0
916334.093966155,916334.091339409,22057,1788822000.0528975,0.06441779289013574,0.29656944587164286,-0.4612847905985417,0.052426467749502034,0.0036173151863025856,0.02518092255217163,4.0,approach,0,12.0,1,0,1,force_bus_tool_compensated,4,phathom_s_scan:approach t=0.00 contact=0 vz_cmd=+12.0
916334.103992159,916334.101438789,22059,1788822000.0629966,0.036007879105288354,0.21662817032496312,-0.41460239042419555,0.049208146239753364,0.005442749211531442,0.017392258966362636,4.0,approach,0,12.0,1,0,1,force_bus_tool_compensated,4,phathom_s_scan:approach t=0.00 contact=0 vz_cmd=+12.0
916334.114078046,916334.11128843,22061,1788822000.0728455,0.14049244465417776,0.210875820394616,-0.25097406732568694,0.05154835922323176,-0.0025013697593358687,0.010917604505208577,4.0,approach,0,12.0,1,0,1,force_bus_tool_compensated,4,phathom_s_scan:approach t=0.00 contact=0 vz_cmd=+12.0
916334.124057138,916334.121295197,22063,1788822000.0828505,0.028689758551204092,0.363045934114554,-0.4815275911621043,0.05630726361879279,0.007923110567908401,0.029581794238280834,4.0,approach,0,12.0,1,0,1,force_bus_tool_compensated,4,phathom_s_scan:approach t=0.00 contact=0 vz_cmd=+12.0
916334.133976629,916334.131744603,22065,1788822000.0932996,-0.05060916471292773,0.4558332246690419,-0.42841933436972557,0.06396322076410635,0.01918823196258124,0.0253480792059684,4.0,approach,0,12.0,1,0,1,force_bus_tool_compensated,4,phathom_s_scan:approach t=0.00 contact=0 vz_cmd=+12.0
916334.14395862,916334.141580316,22067,1788822000.1031337,0.27988121569803825,0.6698996239576516,-0.42382973435758314,0.0796747029702435,-0.008306326702818879,0.037611850524688205,4.0,approach,0,12.0,1,0,1,force_bus_tool_compensated,4,phathom_s_scan:approach t=0.00 contact=0 vz_cmd=+12.0
916334.153980105,916334.15137974,22069,1788822000.1129367,-0.07359477622702196,0.2998818918739829,-0.494101339860673,0.05133460575629776,0.01109940294971814,0.02425784118556842,4.0,approach,0,12.0,1,0,1,force_bus_tool_compensated,4,phathom_s_scan:approach t=0.00 contact=0 vz_cmd=+12.0
916334.163958134,916334.161512013,22071,1788822000.1230679,0.3317442919104992,0.26034200165669646,-0.20065604207305915,0.054708199286515186,-0.017038667048286618,0.016689165551951154,4.0,approach,0,12.0,1,0,1,force_bus_tool_compensated,4,phathom_s_scan:approach t=0.00 contact=0 vz_cmd=+12.0
916334.173997009,916334.171136551,22073,1788822000.1326942,0.09105545188714521,0.35985654759222746,-0.32356900706826464,0.06269070021759546,-5.577616251634132e-06,0.03046695337556461,4.0,approach,0,12.0,1,0,1,force_bus_tool_compensated,4,phathom_s_scan:approach t=0.00 contact=0 vz_cmd=+12.0
916334.183955122,916334.181376816,22075,1788822000.1429355,0.17278846125277356,0.591153513429567,-0.46442226418443583,0.07215023969690416,0.00038979027945336837,0.02748674204797666,4.0,approach,0,12.0,1,0,1,force_bus_tool_compensated,4,phathom_s_scan:approach t=0.00 contact=0 vz_cmd=+12.0
916334.193975835,916334.191595977,22077,1788822000.1531518,0.36627873834804475,0.45744385232005846,-0.4436235294744859,0.06646524531790234,-0.01591397458653391,0.029188321697824326,4.0,approach,0,12.0,1,0,1,force_bus_tool_compensated,4,phathom_s_scan:approach t=0.00 contact=0 vz_cmd=+12.0
916334.203984038,916334.201264312,22079,1788822000.162821,-0.0833432636803128,0.33511296099121457,-0.5396164915826548,0.05344224913278668,0.019032124583757495,0.029736068730256686,4.0,approach,0,12.0,1,0,1,force_bus_tool_compensated,4,phathom_s_scan:approach t=0.00 contact=0 vz_cmd=+12.0
916334.213984646,916334.211216333,22081,1788822000.1727712,0.22449437358940397,0.27435582179842505,-0.3235387710071924,0.048723883724386026,-0.007946389853658349,0.02109226775213729,4.0,approach,0,12.0,1,0,1,force_bus_tool_compensated,4,phathom_s_scan:approach t=0.00 contact=0 vz_cmd=+12.0
916334.223984073,916334.221299214,22083,1788822000.1828544,0.11045319938557849,0.38882094689538044,-0.4027477190958369,0.05755094615875421,0.0027751565823504994,0.026486454737543897,4.0,approach,0,12.0,1,0,1,force_bus_tool_compensated,4,phathom_s_scan:approach t=0.00 contact=0 vz_cmd=+12.0
916334.233960377,916334.231362413,22085,1788822000.1929214,0.029635882862214025,0.4736519753607728,-0.42060881562495045,0.07046447355524807,0.010604795909770195,0.026688693015409465,4.0,approach,0,12.0,1,0,1,force_bus_tool_compensated,4,phathom_s_scan:approach t=0.00 contact=0 vz_cmd=+12.0
916334.243959468,916334.241297557,22087,1788822000.2028518,0.05276851594048214,0.41516059178652454,-0.23416635770524985,0.06813072034810719,0.0042940404237912615,0.04057940583687819,4.0,approach,0,12.0,1,0,1,force_bus_tool_compensated,4,phathom_s_scan:approach t=0.00 contact=0 vz_cmd=+12.0
916334.253987329,916334.251420841,22089,1788822000.2129745,0.028539396735074385,0.49922018054586903,-0.35371299099548714,0.06964140635684093,0.007409637912540102,0.03549220307104135,4.0,approach,0,12.0,1,0,1,force_bus_tool_compensated,4,phathom_s_scan:approach t=0.00 contact=0 vz_cmd=+12.0
916334.26396472,916334.261292436,22091,1788822000.2228487,-0.11330789660424279,0.39767751534073004,-0.45195874074969833,0.06521265532506479,0.02038314021958871,0.03944898564136883,4.0,approach,0,12.0,1,0,1,force_bus_tool_compensated,4,phathom_s_scan:approach t=0.00 contact=0 vz_cmd=+12.0
916334.273982936,916334.271331066,22093,1788822000.2328875,0.235390476227453,0.2628867490050563,-0.4148579933437291,0.05235633300203457,0.0005759648575021711,0.016788227740210212,4.0,approach,0,12.0,1,0,1,force_bus_tool_compensated,4,phathom_s_scan:approach t=0.00 contact=0 vz_cmd=+12.0
916334.283968384,916334.281368422,22095,1788822000.2429197,-0.013630070581464315,0.5029557141196302,-0.5196088053870112,0.06531133662607184,0.01742262367788503,0.03172213838341004,4.0,approach,0,12.0,1,0,1,force_bus_tool_compensated,4,phathom_s_scan:approach t=0.00 contact=0 vz_cmd=+12.0
916334.293980017,916334.291192735,22097,1788822000.2527504,0.02816400822635534,0.6890701548875556,-0.5029353256579234,0.0846903134379153,0.013868222319285962,0.031214901155971517,4.0,approach,0,12.0,1,0,1,force_bus_tool_compensated,4,phathom_s_scan:approach t=0.00 contact=0 vz_cmd=+12.0
916334.303974698,916334.301254714,22099,1788822000.2628121,0.1553886276759065,0.6050829762642609,-0.40210413218371044,0.07535748757113514,0.00027997819293826254,0.03566709459150927,4.0,approach,0,12.0,1,0,1,force_bus_tool_compensated,4,phathom_s_scan:approach t=0.00 contact=0 vz_cmd=+12.0
916334.313982383,916334.311212767,22101,1788822000.2727706,0.1233753250105872,0.3173983975080553,-0.34730907977277825,0.061190993467070354,-0.0013466467013868153,0.024897334020333936,4.0,approach,0,12.0,1,0,1,force_bus_tool_compensated,4,phathom_s_scan:approach t=0.00 contact=0 vz_cmd=+12.0
916334.323982193,916334.321325896,22103,1788822000.2828796,0.31245918916852977,0.6028930871968651,-0.2516462627966776,0.07803323751917228,-0.011094441028526027,0.034474677089299466,4.0,approach,0,12.0,1,0,1,force_bus_tool_compensated,4,phathom_s_scan:approach t=0.00 contact=0 vz_cmd=+12.0
916334.333981093,916334.33132092,22105,1788822000.2928772,0.051050460460337455,0.6360677142229656,-0.6087883672849738,0.08252259010938987,0.01781900783909422,0.035334126813499435,4.0,approach,0,12.0,1,0,1,force_bus_tool_compensated,4,phathom_s_scan:approach t=0.00 contact=0 vz_cmd=+12.0
916334.343976743,916334.341340943,22107,1788822000.3028991,0.1956349494628849,1.041478666242695,-0.3771159820461344,0.10472738705570518,0.0009078071823641841,0.05503928608820874,4.0,approach,0,12.0,1,0,1,force_bus_tool_compensated,4,phathom_s_scan:approach t=0.00 contact=0 vz_cmd=+12.0
916334.35397527,916334.351246224,22109,1788822000.3128033,-0.02566018964894154,0.42286557876726394,-0.4711500220878304,0.06805204085935385,0.023281787771935077,0.02144185522769545,4.0,approach,0,12.0,1,0,1,force_bus_tool_compensated,4,phathom_s_scan:approach t=0.00 contact=0 vz_cmd=+12.0
916334.363989628,916334.361375024,22111,1788822000.3229306,0.08678911411598725,0.2736954317748434,-0.3549779634438134,0.05256661714052514,0.007246166196084052,0.016026265848219617,4.0,approach,0,12.0,1,0,1,force_bus_tool_compensated,4,phathom_s_scan:approach t=0.00 contact=0 vz_cmd=+12.0
916334.373997607,916334.371258223,22113,1788822000.3328154,0.019725417886469074,0.10517762907668457,-0.1439828781125635,0.04670233018159034,0.006630375721884032,0.033380762350827015,4.0,approach,0,12.0,1,0,1,force_bus_tool_compensated,4,phathom_s_scan:approach t=0.00 contact=0 vz_cmd=+12.0
916334.383961546,916334.381145638,22115,1788822000.3427038,-0.15840321237106358,0.26485779399653026,-0.4780292736003996,0.05482861147329854,0.02465482943597586,0.027016613877420055,4.0,approach,0,12.0,1,0,1,force_bus_tool_compensated,4,phathom_s_scan:approach t=0.00 contact=0 vz_cmd=+12.0
916334.393993878,916334.391256376,22117,1788822000.3528132,0.23477018497992735,0.40304651972287003,-0.25636671300489045,0.06055251044172752,-0.008331813219998183,0.03383750587459863,4.0,approach,0,12.0,1,0,1,force_bus_tool_compensated,4,phathom_s_scan:approach t=0.00 contact=0 vz_cmd=+12.0
916334.403985418,916334.40167315,22119,1788822000.36323,0.1957837005637576,0.29913356214695813,-0.49167464791487003,0.05243720407820165,-0.003044317282305354,0.02624742037187567,4.0,approach,0,12.0,1,0,1,force_bus_tool_compensated,4,phathom_s_scan:approach t=0.00 contact=0 vz_cmd=+12.0
916334.413982535,916334.41133901,22121,1788822000.3728967,0.17659623070860464,0.3865681243674331,-0.34793393758624125,0.05947006071430835,0.003442863762905992,0.03945310391028675,4.0,approach,0,12.0,1,0,1,force_bus_tool_compensated,4,phathom_s_scan:approach t=0.00 contact=0 vz_cmd=+12.0
916334.423998493,916334.421445541,22123,1788822000.383003,0.3474351859780901,0.6743504295755558,-0.41786376501290234,0.07682228350655676,-0.021963957586719138,0.03662328911559422,4.0,approach,0,12.0,1,0,1,force_bus_tool_compensated,4,phathom_s_scan:approach t=0.00 contact=0 vz_cmd=+12.0
916334.433988624,916334.431752842,22125,1788822000.3933096,0.21099676026390762,0.6023246073030087,-0.32486180761480055,0.07664219162672886,-0.014437739772971612,0.02972459385132682,4.0,approach,0,12.0,1,0,1,force_bus_tool_compensated,4,phathom_s_scan:approach t=0.00 contact=0 vz_cmd=+12.0
916334.443988197,916334.441241979,22127,1788822000.4027998,0.2270670042977288,0.8867929595229181,-0.29133668993400064,0.09919120736719864,-0.012100317524622525,0.04951030728917766,4.0,approach,0,12.0,1,0,1,force_bus_tool_compensated,4,phathom_s_scan:approach t=0.00 contact=0 vz_cmd=+12.0
916334.453995546,916334.451556344,22129,1788822000.4131098,-0.020817132951460815,0.5868238311047773,-0.6562777118362101,0.07708146637513447,0.0207712441488501,0.02672547767650412,4.0,approach,0,12.0,1,0,1,force_bus_tool_compensated,4,phathom_s_scan:approach t=0.00 contact=0 vz_cmd=+12.0
916334.463967518,916334.461425459,22131,1788822000.422983,0.4503609863307412,0.26816231984451344,-0.15851678869301167,0.04666937190660907,-0.03482442770312406,0.030130490684584073,4.0,approach,0,12.0,1,0,1,force_bus_tool_compensated,4,phathom_s_scan:approach t=0.00 contact=0 vz_cmd=+12.0
916334.473982888,916334.471389895,22133,1788822000.4329472,0.2835048084641895,0.2665933213080741,-0.4193935365485505,0.05484627442517568,-0.011429139687076244,0.0305992012233273,4.0,approach,0,12.0,1,0,1,force_bus_tool_compensated,4,phathom_s_scan:approach t=0.00 contact=0 vz_cmd=+12.0
916334.483988368,916334.481828847,22135,1788822000.443383,0.1612144075413862,1.0703025878403858,-0.11405968881300492,0.11388269955331082,0.0015221121314102624,0.04831226402046525,4.0,approach,0,12.0,1,0,1,force_bus_tool_compensated,4,phathom_s_scan:approach t=0.00 contact=0 vz_cmd=+12.0
916334.494069142,916334.491323309,22137,1788822000.4528775,-0.10893407250216364,0.08258104303199881,-0.6613384057030567,0.03858306472249736,0.020541633238159898,0.022199289186867616,4.0,approach,0,12.0,1,0,1,force_bus_tool_compensated,4,phathom_s_scan:approach t=0.00 contact=0 vz_cmd=+12.0
916334.503960289,916334.501423682,22139,1788822000.4629784,0.10369326447628567,0.4803051322410716,-0.29642216886427253,0.06228319700100497,0.0023812088360061255,0.0244426687447945,4.0,approach,0,12.0,1,0,1,force_bus_tool_compensated,4,phathom_s_scan:approach t=0.00 contact=0 vz_cmd=+12.0
916334.514084527,916334.511206029,22141,1788822000.4727635,-0.10328925131549638,0.44697141175390204,-0.523658753829186,0.06987154516730361,0.012786946257385533,0.03164131606608864,4.0,approach,0,12.0,1,0,1,force_bus_tool_compensated,4,phathom_s_scan:approach t=0.00 contact=0 vz_cmd=+12.0
916334.524088641,916334.521476399,22143,1788822000.4830303,0.10175041805758828,0.5831310613333743,-0.35625662412609493,0.07727704877977207,0.008623152653473755,0.021667287843079763,4.0,approach,0,12.0,1,0,1,force_bus_tool_compensated,4,phathom_s_scan:approach t=0.00 contact=0 vz_cmd=+12.0
916334.534081347,916334.531336596,22145,1788822000.4928935,0.044186701248078886,0.20260886368526182,-0.5742708843583593,0.04008760766413768,0.0005519545540759826,0.029051622158543886,4.0,approach,0,12.0,1,0,1,force_bus_tool_compensated,4,phathom_s_scan:approach t=0.00 contact=0 vz_cmd=+12.0
916334.544080278,916334.541207221,22147,1788822000.502765,0.5458042981810782,0.6545147449311969,-0.07891918558296104,0.0740915121280237,-0.03684353627937116,0.02996629106103755,4.0,approach,0,12.0,1,0,1,force_bus_tool_compensated,4,phathom_s_scan:approach t=0.00 contact=0 vz_cmd=+12.0
916334.554077693,916334.551188841,22149,1788822000.512747,0.113177808704731,0.7342995629943322,-0.3539006080198739,0.09051142676958275,-0.005181464550805894,0.051971185844274126,4.0,approach,0,12.0,1,0,1,force_bus_tool_compensated,4,phathom_s_scan:approach t=0.00 contact=0 vz_cmd=+12.0
916334.564074754,916334.561240058,22151,1788822000.5227976,0.28673941320563967,0.9006473551983167,-0.5880269510769087,0.09109486030085802,-0.01132348296298841,0.04887954063023604,4.0,approach,0,12.0,1,0,1,force_bus_tool_compensated,4,phathom_s_scan:approach t=0.00 contact=0 vz_cmd=+12.0
916334.574079134,916334.57130886,22153,1788822000.5328643,0.21528678331378065,0.7111153196828582,-0.6254915663813223,0.0810999144902647,-0.0030633547222584287,0.039418418221589036,4.0,approach,0,12.0,1,0,1,force_bus_tool_compensated,4,phathom_s_scan:approach t=0.00 contact=0 vz_cmd=+12.0
916334.583989565,916334.581378628,22155,1788822000.5429358,0.2713051490189832,0.4161704093748287,-0.35147620451794126,0.06965385847192725,-0.010851635747173382,0.026947988604568485,4.0,approach,0,12.0,1,0,1,force_bus_tool_compensated,4,phathom_s_scan:approach t=0.00 contact=0 vz_cmd=+12.0
916334.593981007,916334.591167614,22157,1788822000.552724,0.3453712155739931,0.3326110223550411,-0.2625333475705706,0.05696371497813239,-0.01877262565036178,0.02521745972150045,4.0,approach,0,12.0,1,0,1,force_bus_tool_compensated,4,phathom_s_scan:approach t=0.00 contact=0 vz_cmd=+12.0
916334.603957405,916334.601163128,22159,1788822000.5627203,0.15302364391192153,0.5084876075018935,-0.34272666262577656,0.06644629519172604,-0.002617178312722574,0.0404820370715651,4.0,approach,0,12.0,1,0,1,force_bus_tool_compensated,4,phathom_s_scan:approach t=0.00 contact=0 vz_cmd=+12.0
916334.613975904,916334.611237324,22161,1788822000.5727942,0.08516248638666696,0.5630053347508079,-0.6553339931293874,0.0727304212584164,0.00782311234892446,0.03816624779337802,4.0,approach,0,12.0,1,0,1,force_bus_tool_compensated,4,phathom_s_scan:approach t=0.00 contact=0 vz_cmd=+12.0
916334.623981046,916334.621205363,22163,1788822000.582762,-0.16797202266158964,0.47925468527493015,-0.26408696476790805,0.0694291956772726,0.016018211647632914,0.0442721479918483,4.0,approach,0,12.0,1,0,1,force_bus_tool_compensated,4,phathom_s_scan:approach t=0.00 contact=0 vz_cmd=+12.0
916334.633989598,916334.631300745,22165,1788822000.5928583,0.09064630126122021,0.5063357947539697,-0.07990598774315283,0.07068650958151088,-0.004986216489842802,0.029589311853897824,4.0,approach,0,12.0,1,0,1,force_bus_tool_compensated,4,phathom_s_scan:approach t=0.00 contact=0 vz_cmd=+12.0
916334.643966663,916334.641440097,22167,1788822000.6029856,0.13438159045769266,0.5494329945886474,-0.25040387376310275,0.07510122219258189,0.0059423735641892786,0.02466918707558722,4.0,approach,0,12.0,1,0,1,force_bus_tool_compensated,4,phathom_s_scan:approach t=0.00 contact=0 vz_cmd=+12.0
916334.653998087,916334.651479685,22169,1788822000.6130347,0.16778654802704218,0.586548204834927,-0.5362379063510003,0.07564662180755939,0.007508462084173883,0.029927185427438108,4.0,approach,0,12.0,1,0,1,force_bus_tool_compensated,4,phathom_s_scan:approach t=0.00 contact=0 vz_cmd=+12.0
916334.663978591,916334.661715513,22171,1788822000.6232722,-0.5426718871138402,0.40352807624860465,-0.6964014664102738,0.0638442080192745,0.05640923866551091,0.06162201015010936,4.0,approach,0,12.0,1,0,1,force_bus_tool_compensated,4,phathom_s_scan:approach t=0.00 contact=0 vz_cmd=+12.0
916334.673956427,916334.671555174,22173,1788822000.6331115,0.49952995324677124,0.31482166277280504,-0.10522732017350228,0.0534423706186751,-0.027038976560353353,0.009072409151667297,4.0,approach,0,12.0,1,0,1,force_bus_tool_compensated,4,phathom_s_scan:approach t=0.00 contact=0 vz_cmd=+12.0
916334.68397844,916334.681603044,22175,1788822000.643157,0.026568376959159867,0.4203751373759366,-0.47008227332398234,0.0659305937044892,0.0032814973412764897,0.039847131101809735,4.0,approach,0,12.0,1,0,1,force_bus_tool_compensated,4,phathom_s_scan:approach t=0.00 contact=0 vz_cmd=+12.0
916334.693966182,916334.691226232,22177,1788822000.652783,0.5450937699315135,0.7026786190167056,-0.3568837298869505,0.07675413645694179,-0.03329487149187342,0.03922760474941939,4.0,approach,0,12.0,1,0,1,force_bus_tool_compensated,4,phathom_s_scan:approach t=0.00 contact=0 vz_cmd=+12.0
916334.703958243,916334.701268008,22179,1788822000.6628246,0.00880756581305614,0.6200765568299559,-0.49999666707177126,0.0818063711550578,0.015629086033308228,0.04297593404703012,4.0,approach,0,12.0,1,0,1,force_bus_tool_compensated,4,phathom_s_scan:approach t=0.00 contact=0 vz_cmd=+12.0
916334.713934145,916334.711261675,22181,1788822000.672818,0.4052303853636205,0.6477367163338101,-0.2320225028511874,0.08355942027396926,-0.02419546621726775,0.03641434744134782,4.0,approach,0,12.0,1,0,1,force_bus_tool_compensated,4,phathom_s_scan:approach t=0.00 contact=0 vz_cmd=+12.0
916334.723978252,916334.721194756,22183,1788822000.6827512,0.30751436315142844,0.6616366854416651,-0.28210581361879034,0.08270069910602174,-0.013335024900309082,0.033275046995080465,4.0,approach,0,12.0,1,0,1,force_bus_tool_compensated,4,phathom_s_scan:approach t=0.00 contact=0 vz_cmd=+12.0
916334.733967545,916334.731256074,22185,1788822000.6928132,0.13941016032557493,0.6692003464067806,-0.49907333056785497,0.07473401404723018,0.004103711288791056,0.035469029526867424,4.0,approach,0,12.0,1,0,1,force_bus_tool_compensated,4,phathom_s_scan:approach t=0.00 contact=0 vz_cmd=+12.0
916334.743955174,916334.741419829,22187,1788822000.7029774,-0.007535539370296523,0.5303910009558305,-0.47733568113514535,0.06594669318949199,0.007425550923638907,0.0481746362385852,4.0,approach,0,12.0,1,0,1,force_bus_tool_compensated,4,phathom_s_scan:approach t=0.00 contact=0 vz_cmd=+12.0
916334.753991199,916334.75123605,22189,1788822000.7127938,0.14058205751431221,0.46978023540762465,-0.436311685993822,0.0621606568378504,0.008551221644691048,0.029520149835802582,4.0,approach,0,12.0,1,0,1,force_bus_tool_compensated,4,phathom_s_scan:approach t=0.00 contact=0 vz_cmd=+12.0
916334.76398262,916334.761297046,22191,1788822000.7228541,0.08232199142595953,0.3491098274770107,-0.3608658896007356,0.05533647205054072,0.0028204143572496524,0.03950300688986192,4.0,approach,0,12.0,1,0,1,force_bus_tool_compensated,4,phathom_s_scan:approach t=0.00 contact=0 vz_cmd=+12.0
916334.773972623,916334.771224427,22193,1788822000.7327821,0.04151426917862558,0.5976026559884594,-0.5350760402353127,0.07659884747718498,0.014779390159850601,0.03377861060417889,4.0,approach,0,12.0,1,0,1,force_bus_tool_compensated,4,phathom_s_scan:approach t=0.00 contact=0 vz_cmd=+12.0
916334.783960668,916334.781370315,22195,1788822000.742928,-0.04152027779504598,0.7276442492693329,-0.26960797237162076,0.08693305172436216,0.012181621353768008,0.04131724451849396,4.0,approach,0,12.0,1,0,1,force_bus_tool_compensated,4,phathom_s_scan:approach t=0.00 contact=0 vz_cmd=+12.0
916334.793988799,916334.791312549,22197,1788822000.7528687,0.4784282049956879,0.5176950801614768,-0.22011107997908164,0.06996789926187263,-0.020405861357817304,0.026067213467381833,4.0,approach,0,12.0,1,0,1,force_bus_tool_compensated,4,phathom_s_scan:approach t=0.00 contact=0 vz_cmd=+12.0
916334.80397414,916334.801378475,22199,1788822000.7629366,0.06556298233097832,0.6134723008359103,-0.38933884922244666,0.07868618760536106,0.008750498471268898,0.03991958490726779,4.0,approach,0,12.0,1,0,1,force_bus_tool_compensated,4,phathom_s_scan:approach t=0.00 contact=0 vz_cmd=+12.0
916334.813985985,916334.811325967,22201,1788822000.772882,0.18715751492130656,0.777612916208666,-0.3392632302199863,0.09037760497759545,-0.013207755304162083,0.052425097438944995,4.0,approach,0,12.0,1,0,1,force_bus_tool_compensated,4,phathom_s_scan:approach t=0.00 contact=0 vz_cmd=+12.0
916334.82398165,916334.821374072,22203,1788822000.7829301,0.24781840885173995,0.7012650647030861,-0.32570538461854487,0.0842156358071279,-0.01235231937175522,0.046487818333021035,4.0,approach,0,12.0,1,0,1,force_bus_tool_compensated,4,phathom_s_scan:approach t=0.00 contact=0 vz_cmd=+12.0
916334.833981488,916334.831354007,22205,1788822000.7929106,0.1789100693489419,0.4833733805866031,-0.43212064614646295,0.06494315599861379,-0.00569423267205369,0.0398099301368411,4.0,approach,0,12.0,1,0,1,force_bus_tool_compensated,4,phathom_s_scan:approach t=0.00 contact=0 vz_cmd=+12.0
916334.843956425,916334.841453778,22207,1788822000.8030114,0.24567132917216217,0.4371262611549188,-0.40999627855962584,0.0642142116149222,-0.01081055092671113,0.03783389154986201,4.0,approach,0,12.0,1,0,1,force_bus_tool_compensated,4,phathom_s_scan:approach t=0.00 contact=0 vz_cmd=+12.0
916334.853966576,916334.851699526,22209,1788822000.8132527,0.007615246665326897,0.286985252995811,-0.42280451813522535,0.057828375607145446,0.0062418376308637875,0.042504506055938696,4.0,approach,0,12.0,1,0,1,force_bus_tool_compensated,4,phathom_s_scan:approach t=0.00 contact=0 vz_cmd=+12.0
916334.863979794,916334.861646408,22211,1788822000.8231957,0.26060230193692663,0.6908539001047622,-0.15173554152336938,0.08188024982144552,-0.01515435392708876,0.04366348060231327,4.0,approach,0,12.0,1,0,1,force_bus_tool_compensated,4,phathom_s_scan:approach t=0.00 contact=0 vz_cmd=+12.0
916334.873955193,916334.871282795,22213,1788822000.8328393,0.1304015575000509,0.6052378186257972,-0.28746612002212213,0.07616893905569921,-0.010392052609156995,0.04674746853930939,4.0,approach,0,12.0,1,0,1,force_bus_tool_compensated,4,phathom_s_scan:approach t=0.00 contact=0 vz_cmd=+12.0
916334.883979148,916334.881414005,22215,1788822000.842971,0.03136492073119418,0.7379133794346975,-0.3417645143290715,0.08905919186348395,0.010855250395755632,0.041153849670062345,4.0,approach,0,12.0,1,0,1,force_bus_tool_compensated,4,phathom_s_scan:approach t=0.00 contact=0 vz_cmd=+12.0
916334.893981803,916334.891475717,22217,1788822000.8530266,0.042924596069118276,0.7502150932071573,-0.3373297286814547,0.09090926696269658,0.003279557545021499,0.05134808634999022,4.0,approach,0,12.0,1,0,1,force_bus_tool_compensated,4,phathom_s_scan:approach t=0.00 contact=0 vz_cmd=+12.0
916334.903996236,916334.901485111,22219,1788822000.8630435,0.21606201136342057,0.7999226072649384,-0.2779205686455645,0.0916896514831448,-0.009879709457424956,0.04783924859803822,4.0,approach,0,12.0,1,0,1,force_bus_tool_compensated,4,phathom_s_scan:approach t=0.00 contact=0 vz_cmd=+12.0
916334.91395715,916334.911502903,22221,1788822000.8730567,0.007884569005444875,0.6632564129062235,-0.39596469457903116,0.08411227555650258,0.009041634513080057,0.04380167504897248,4.0,approach,0,12.0,1,0,1,force_bus_tool_compensated,4,phathom_s_scan:approach t=0.00 contact=0 vz_cmd=+12.0
916334.923993072,916334.921403736,22223,1788822000.8829596,-0.0216691415527116,0.3572029672720371,-0.35001505929203025,0.05611889445526216,0.004282013829552035,0.03436125176048311,4.0,approach,0,12.0,1,0,1,force_bus_tool_compensated,4,phathom_s_scan:approach t=0.00 contact=0 vz_cmd=+12.0
916334.93395852,916334.931382441,22225,1788822000.8929386,0.23268025196462927,0.5177347479952877,-0.19200988716682013,0.07259983805434157,-0.007110742525514639,0.04130173909147354,4.0,approach,0,12.0,1,0,1,force_bus_tool_compensated,4,phathom_s_scan:approach t=0.00 contact=0 vz_cmd=+12.0
916334.943939362,916334.94130442,22227,1788822000.9028625,0.055761765482134795,0.7077329562613781,-0.4973265010824892,0.08748939125852268,0.008459671007861994,0.05051607023616582,4.0,approach,0,12.0,1,0,1,force_bus_tool_compensated,4,phathom_s_scan:approach t=0.00 contact=0 vz_cmd=+12.0
916334.95399895,916334.951315094,22229,1788822000.9128711,0.2842744624869941,0.6478836584448909,-0.31289267808996274,0.08240197642284289,-0.01636093599956212,0.04147573816418494,4.0,approach,0,12.0,1,0,1,force_bus_tool_compensated,4,phathom_s_scan:approach t=0.00 contact=0 vz_cmd=+12.0
916334.963982874,916334.961420662,22231,1788822000.9229782,0.13867464193895865,0.5530672216152267,-0.42617871376376815,0.06842506504010269,0.0030913927321292497,0.03568017609053703,4.0,approach,0,12.0,1,0,1,force_bus_tool_compensated,4,phathom_s_scan:approach t=0.00 contact=0 vz_cmd=+12.0
916334.973960009,916334.971311706,22233,1788822000.9328687,0.20039019459936092,0.6189076050257581,-0.34018085499125433,0.07717777843609683,-0.005653068824103533,0.04328819058451489,4.0,approach,0,12.0,1,0,1,force_bus_tool_compensated,4,phathom_s_scan:approach t=0.00 contact=0 vz_cmd=+12.0
916334.983970305,916334.981636046,22235,1788822000.943194,0.20993785570086027,0.5900820089399207,-0.07346332234542081,0.07995144815789738,-0.013651192965974446,0.038338155462029275,4.0,approach,0,12.0,1,0,1,force_bus_tool_compensated,4,phathom_s_scan:approach t=0.00 contact=0 vz_cmd=+12.0
916334.993964457,916334.991469394,22237,1788822000.9530249,0.25955596986687146,0.7342824478037006,-0.2793549721297791,0.07546063725090624,-0.010407944117211406,0.037755873204274995,4.0,approach,0,12.0,1,0,1,force_bus_tool_compensated,4,phathom_s_scan:approach t=0.00 contact=0 vz_cmd=+12.0
916335.003982573,916335.001808217,22239,1788822000.9633646,0.007121338291559004,0.4011471329052943,-0.44271730758885663,0.05966153040126247,0.009021978447324948,0.03734346408788673,4.0,approach,0,12.0,1,0,1,force_bus_tool_compensated,4,phathom_s_scan:approach t=0.00 contact=0 vz_cmd=+12.0
916335.013971743,916335.011306083,22241,1788822000.972863,0.29677950719580826,0.6346407474867509,-0.29808077171750447,0.0731674414225189,-0.015075202613613465,0.04110246416541083,4.0,approach,0,12.0,1,0,1,force_bus_tool_compensated,4,phathom_s_scan:approach t=0.00 contact=0 vz_cmd=+12.0
916335.02395801,916335.021418765,22243,1788822000.9829748,0.25575655509212875,0.7103872687465302,-0.4348837129031021,0.0741680078894273,-0.007372587286662824,0.04521838874767932,4.0,approach,0,12.0,1,0,1,force_bus_tool_compensated,4,phathom_s_scan:approach t=0.00 contact=0 vz_cmd=+12.0
916335.033957951,916335.031507807,22245,1788822000.9930618,0.07528710349384879,0.7278535808396999,-0.5597768089540711,0.07969867888860746,0.007940869405418308,0.04134837997650709,4.0,approach,0,12.0,1,0,1,force_bus_tool_compensated,4,phathom_s_scan:approach t=0.00 contact=0 vz_cmd=+12.0
916335.04396214,916335.041394772,22247,1788822001.0029523,-0.013488422849827097,0.493022272041524,-0.4512387716978672,0.07093918039212241,0.010689263534553604,0.03773344843063339,4.0,approach,0,12.0,1,0,1,force_bus_tool_compensated,4,phathom_s_scan:approach t=0.00 contact=0 vz_cmd=+12.0
916335.053975123,916335.051393599,22249,1788822001.0129483,0.27365691127081937,0.418856192890418,-0.20452445711484,0.06433884860164193,-0.01612115134380655,0.03819824818462423,4.0,approach,0,12.0,1,0,1,force_bus_tool_compensated,4,phathom_s_scan:approach t=0.00 contact=0 vz_cmd=+12.0
916335.063983199,916335.061377117,22251,1788822001.0229347,0.13071691508074793,0.6813760170296792,-0.31615632058074206,0.08235085681088941,0.002587943841453532,0.04253205345465011,4.0,approach,0,12.0,1,0,1,force_bus_tool_compensated,4,phathom_s_scan:approach t=0.00 contact=0 vz_cmd=+12.0
916335.073974289,916335.071181936,22253,1788822001.0327396,0.01052063484754412,0.6345254686975846,-0.5320327061813255,0.07947041839509679,0.01480850751963061,0.04192920780316841,4.0,approach,0,12.0,1,0,1,force_bus_tool_compensated,4,phathom_s_scan:approach t=0.00 contact=0 vz_cmd=+12.0
916335.083978619,916335.081547223,22255,1788822001.0431044,0.02376433157644592,0.5186473473302055,-0.4995091800496538,0.07121679462350512,0.011984294039653164,0.042705380215510055,4.0,approach,0,12.0,1,0,1,force_bus_tool_compensated,4,phathom_s_scan:approach t=0.00 contact=0 vz_cmd=+12.0
916335.093986347,916335.091442386,22257,1788822001.0529954,0.0864460921170889,0.35583591217790206,-0.4064460361098624,0.05879310570147054,0.004722608644399306,0.03959420520400227,4.0,approach,0,12.0,1,0,1,force_bus_tool_compensated,4,phathom_s_scan:approach t=0.00 contact=0 vz_cmd=+12.0
916335.103977477,916335.101412062,22259,1788822001.0629687,0.032698247273716646,0.5291680033165216,-0.43025951540582563,0.07514057035567923,0.011187656761160018,0.04498652156462184,4.0,approach,0,12.0,1,0,1,force_bus_tool_compensated,4,phathom_s_scan:approach t=0.00 contact=0 vz_cmd=+12.0
916335.113975548,916335.11132104,22261,1788822001.0728786,0.13072637537165063,0.9409496344443682,-0.2098757538034227,0.10898808936968658,0.004525563355393022,0.051132742355315494,4.0,approach,0,12.0,1,0,1,force_bus_tool_compensated,4,phathom_s_scan:approach t=0.00 contact=0 vz_cmd=+12.0
916335.123986925,916335.121303216,22263,1788822001.0828562,0.2350641712844704,0.9910652266182971,-0.2414178456279218,0.10766759842526735,-0.007138633700402277,0.06327653761020142,4.0,approach,0,12.0,1,0,1,force_bus_tool_compensated,4,phathom_s_scan:approach t=0.00 contact=0 vz_cmd=+12.0
916335.133994569,916335.131337463,22265,1788822001.0928915,0.1273073958372109,0.7505386614753864,-0.4628503033334465,0.08722735717745203,0.0006815355338858691,0.05359661258150522,4.0,approach,0,12.0,1,0,1,force_bus_tool_compensated,4,phathom_s_scan:approach t=0.00 contact=0 vz_cmd=+12.0
916335.143975743,916335.141187207,22267,1788822001.1027434,0.18363731515466422,0.5798360902297722,-0.26721797749482656,0.0765312555372406,0.0005466988319819698,0.035858576170973294,4.0,approach,0,12.0,1,0,1,force_bus_tool_compensated,4,phathom_s_scan:approach t=0.00 contact=0 vz_cmd=+12.0
916335.153989642,916335.15132731,22269,1788822001.1128821,0.2202745421881272,0.6908699540875515,-0.3219537895750136,0.08262809810942656,-0.007773712994910524,0.048252767801371804,4.0,approach,0,12.0,1,0,1,force_bus_tool_compensated,4,phathom_s_scan:approach t=0.00 contact=0 vz_cmd=+12.0
916335.163980841,916335.161342248,22271,1788822001.1228971,0.24837236427877804,0.42941367065021374,-0.4791460934446491,0.057648441773746575,-0.01238587656807857,0.03874794372769668,4.0,approach,0,12.0,1,0,1,force_bus_tool_compensated,4,phathom_s_scan:approach t=0.00 contact=0 vz_cmd=+12.0
916335.173975149,916335.171230028,22273,1788822001.132787,0.188226947175866,0.23566357509049474,-0.4277612383245921,0.04603669170598189,-0.0031133222568441197,0.03735454828160375,4.0,approach,0,12.0,1,0,1,force_bus_tool_compensated,4,phathom_s_scan:approach t=0.00 contact=0 vz_cmd=+12.0
916335.184008356,916335.181418446,22275,1788822001.142973,0.16038076110922367,0.5873217241064669,-0.2029089601342466,0.07629971216088106,-0.004475131811109326,0.044353857883291756,4.0,approach,0,12.0,1,0,1,force_bus_tool_compensated,4,phathom_s_scan:approach t=0.00 contact=0 vz_cmd=+12.0
916335.193957899,916335.191273883,22277,1788822001.1528316,0.1757897374560657,0.9074724847097456,-0.30397411608859076,0.09832128550702054,-0.0053476681845344804,0.049375771447882334,4.0,approach,0,12.0,1,0,1,force_bus_tool_compensated,4,phathom_s_scan:approach t=0.00 contact=0 vz_cmd=+12.0
916335.203973118,916335.201373388,22279,1788822001.1629307,-0.05701017904622134,0.720101819323686,-0.29676722605176836,0.08875791856397235,0.013591042656570265,0.04959233141379554,4.0,approach,0,12.0,1,0,1,force_bus_tool_compensated,4,phathom_s_scan:approach t=0.00 contact=0 vz_cmd=+12.0
916335.213990736,916335.211397853,22281,1788822001.1729522,0.2005992221209291,0.6645776377143076,-0.22115247279986153,0.08498617511593085,-0.009537198026680224,0.05006500775039306,4.0,approach,0,12.0,1,0,1,force_bus_tool_compensated,4,phathom_s_scan:approach t=0.00 contact=0 vz_cmd=+12.0
916335.223972457,916335.221186303,22283,1788822001.1827433,0.09636356214143385,0.7751025786645082,-0.27854031094469667,0.09189433835658366,0.00010666954550380867,0.04963429889943889,4.0,approach,0,12.0,1,0,1,force_bus_tool_compensated,4,phathom_s_scan:approach t=0.00 contact=0 vz_cmd=+12.0
916335.233977896,916335.231344842,22285,1788822001.1929026,-0.10960931971912596,0.4581970644129398,-0.542570043974637,0.07069420666204056,0.022419534124483633,0.04754383989024736,4.0,approach,0,12.0,1,0,1,force_bus_tool_compensated,4,phathom_s_scan:approach t=0.00 contact=0 vz_cmd=+12.0
916335.243976795,916335.241333597,22287,1788822001.2028916,0.029882802443773726,0.4427740951514579,-0.5825810886403271,0.06349319552389357,0.012888148602729623,0.04316129207150809,4.0,approach,0,12.0,1,0,1,force_bus_tool_compensated,4,phathom_s_scan:approach t=0.00 contact=0 vz_cmd=+12.0
916335.253974007,916335.251165571,22289,1788822001.2127235,0.12019273545702942,0.3826563227016933,-0.28873675679021954,0.05970874141697107,0.001964725765898641,0.052519624419722875,4.0,approach,0,12.0,1,0,1,force_bus_tool_compensated,4,phathom_s_scan:approach t=0.00 contact=0 vz_cmd=+12.0
916335.26398592,916335.261417857,22291,1788822001.222973,0.36650810714858584,0.607624522519915,-0.1620146436869757,0.07824280168387004,-0.023533422172226787,0.04441122695478135,4.0,approach,0,12.0,1,0,1,force_bus_tool_compensated,4,phathom_s_scan:approach t=0.00 contact=0 vz_cmd=+12.0
916335.273977459,916335.271305709,22293,1788822001.2328622,0.20466916309535904,0.8579856510373616,-0.3476789973126355,0.09622219476648795,-0.009772275379562559,0.05227084625723598,4.0,approach,0,12.0,1,0,1,force_bus_tool_compensated,4,phathom_s_scan:approach t=0.00 contact=0 vz_cmd=+12.0
916335.283994164,916335.281359805,22295,1788822001.2429156,0.0776509869721535,0.8860515633069024,-0.4016658344770366,0.10565409159528502,0.0018561666701056054,0.05991673045431546,4.0,approach,0,12.0,1,0,1,force_bus_tool_compensated,4,phathom_s_scan:approach t=0.00 contact=0 vz_cmd=+12.0
916335.293994227,916335.291448093,22297,1788822001.2530022,0.13884934114035813,0.7932290888913673,-0.2847849946779602,0.09595117950253484,-0.003513900895129049,0.05130495545492257,4.0,approach,0,12.0,1,0,1,force_bus_tool_compensated,4,phathom_s_scan:approach t=0.00 contact=0 vz_cmd=+12.0
916335.303972624,916335.301209643,22299,1788822001.2627673,0.03758708697802579,0.6451888459140337,-0.3379847191811761,0.08220774930303852,0.0050737467291425515,0.04657414394510841,4.0,approach,0,12.0,1,0,1,force_bus_tool_compensated,4,phathom_s_scan:approach t=0.00 contact=0 vz_cmd=+12.0
916335.314070683,916335.311141192,22301,1788822001.2726984,0.041137243767165946,0.6787089679874315,-0.26522755293709277,0.0833940691992243,0.0015566588204673874,0.05192466910747921,4.0,approach,0,12.0,1,0,1,force_bus_tool_compensated,4,phathom_s_scan:approach t=0.00 contact=0 vz_cmd=+12.0
916335.324076352,916335.321251078,22303,1788822001.2828052,0.05509405296729483,0.590489243062111,-0.2943921002524982,0.08012631954181054,0.007073941340188297,0.04139826648388435,4.0,approach,0,12.0,1,0,1,force_bus_tool_compensated,4,phathom_s_scan:approach t=0.00 contact=0 vz_cmd=+12.0
916335.334117276,916335.331340119,22305,1788822001.2928965,0.11761646033656777,0.7142523474270992,-0.31324765841161994,0.08444593585679334,-0.0004362251934194751,0.046031983063604495,4.0,approach,0,12.0,1,0,1,force_bus_tool_compensated,4,phathom_s_scan:approach t=0.00 contact=0 vz_cmd=+12.0
916335.34409959,916335.341350942,22307,1788822001.302908,0.04992429418130925,0.571282086629016,-0.44770431168642233,0.07610564165830032,0.00856035441855284,0.04728301021802525,4.0,approach,0,12.0,1,0,1,force_bus_tool_compensated,4,phathom_s_scan:approach t=0.00 contact=0 vz_cmd=+12.0
916335.353995945,916335.351360718,22309,1788822001.3129141,0.09587403945020262,0.6900540151839646,-0.5492256215196456,0.08141717155452875,0.0069635460567356745,0.041034081811848686,4.0,approach,0,12.0,1,0,1,force_bus_tool_compensated,4,phathom_s_scan:approach t=0.00 contact=0 vz_cmd=+12.0
916335.363976599,916335.361602358,22311,1788822001.3231597,0.0010237013098067793,0.47453433116548405,-0.48734990087703445,0.06785789154249829,0.011973730905775177,0.05299341962593654,4.0,approach,0,12.0,1,0,1,force_bus_tool_compensated,4,phathom_s_scan:approach t=0.00 contact=0 vz_cmd=+12.0
916335.37397357,916335.371194766,22313,1788822001.3327522,0.267260038506527,0.4191275660888936,-0.203425575110891,0.06363033075740995,-0.010298504585405339,0.036424308210491585,4.0,approach,0,12.0,1,0,1,force_bus_tool_compensated,4,phathom_s_scan:approach t=0.00 contact=0 vz_cmd=+12.0
916335.383986078,916335.381583159,22315,1788822001.343135,0.08282134298057132,0.38956688069330025,-0.30754328215701426,0.0628150329854451,0.002600750345442981,0.04371573272275794,4.0,approach,0,12.0,1,0,1,force_bus_tool_compensated,4,phathom_s_scan:approach t=0.00 contact=0 vz_cmd=+12.0
916335.393975126,916335.391344943,22317,1788822001.3529003,0.07390259059305014,0.6435159509614877,-0.3065931905491682,0.07958027164743516,0.004466178733117078,0.041532068516521026,4.0,approach,0,12.0,1,0,1,force_bus_tool_compensated,4,phathom_s_scan:approach t=0.00 contact=0 vz_cmd=+12.0
916335.403969467,916335.401423747,22319,1788822001.3629808,0.08494650799220466,0.8910837117517314,-0.3791921127355734,0.10053976036892805,0.0076790308096995955,0.04932275547868038,4.0,approach,0,12.0,1,0,1,force_bus_tool_compensated,4,phathom_s_scan:approach t=0.00 contact=0 vz_cmd=+12.0
916335.413983061,916335.411283495,22321,1788822001.3728378,0.1097235024919918,1.051634320539994,-0.2575927377749414,0.11278702659435305,-0.005664556892394893,0.06136715878345013,4.0,approach,0,12.0,1,0,1,force_bus_tool_compensated,4,phathom_s_scan:approach t=0.00 contact=0 vz_cmd=+12.0
916335.423958748,916335.421189764,22323,1788822001.3827472,-0.08654741516176792,0.5618534531104866,-0.5223236554303322,0.07236508593869052,0.010878668056685869,0.041093188371499806,4.0,approach,0,12.0,1,0,1,force_bus_tool_compensated,4,phathom_s_scan:approach t=0.00 contact=0 vz_cmd=+12.0
916335.433977724,916335.431203854,22325,1788822001.3927624,0.0534860992762034,0.48884047873589587,-0.42094988754987706,0.06803412977396969,0.0045086513178986464,0.043461635866770876,4.0,approach,0,12.0,1,0,1,force_bus_tool_compensated,4,phathom_s_scan:approach t=0.00 contact=0 vz_cmd=+12.0
916335.443994453,916335.441260304,22327,1788822001.4028172,0.19366141622103553,0.587563535931429,-0.23387176289640435,0.07670635816118566,-0.0017105035251565146,0.045224366533109295,4.0,approach,0,12.0,1,0,1,force_bus_tool_compensated,4,phathom_s_scan:approach t=0.00 contact=0 vz_cmd=+12.0
916335.453981563,916335.451072681,22329,1788822001.4126322,0.1641386310514693,0.6021097378200218,-0.49141613970082254,0.07508807792094067,-0.00264319022516914,0.04520265955496944,4.0,approach,0,12.0,1,0,1,force_bus_tool_compensated,4,phathom_s_scan:approach t=0.00 contact=0 vz_cmd=+12.0
916335.463984677,916335.461404782,22331,1788822001.422962,0.07227692678147235,0.44184079117208114,-0.43584055541690747,0.06821937567555134,0.010278922406786923,0.043710188214697056,4.0,approach,0,12.0,1,0,1,force_bus_tool_compensated,4,phathom_s_scan:approach t=0.00 contact=0 vz_cmd=+12.0
916335.473990659,916335.471179304,22333,1788822001.4327374,0.14062991515627854,0.532392824449345,-0.3728901114416512,0.0751435980804777,0.003233282309481251,0.048783131301875685,4.0,approach,0,12.0,1,0,1,force_bus_tool_compensated,4,phathom_s_scan:approach t=0.00 contact=0 vz_cmd=+12.0
916335.483978453,916335.481274672,22335,1788822001.4428325,0.16416850476635536,0.7328372943999185,-0.2450560164325653,0.09479288143083532,0.0025129246363733673,0.0513388453693656,4.0,approach,0,12.0,1,0,1,force_bus_tool_compensated,4,phathom_s_scan:approach t=0.00 contact=0 vz_cmd=+12.0
916335.493993318,916335.491360355,22337,1788822001.4529154,0.09620033886473843,0.9345478598859839,-0.3467008820644789,0.10400889850556073,0.0051744739960793654,0.06019822801104681,4.0,approach,0,12.0,1,0,1,force_bus_tool_compensated,4,phathom_s_scan:approach t=0.00 contact=0 vz_cmd=+12.0
916335.503975291,916335.501435973,22339,1788822001.4629917,0.046329951055263774,0.6813904272409966,-0.4478899428682225,0.08245186269415913,0.010990753856395552,0.046423871659311056,4.0,approach,0,12.0,1,0,1,force_bus_tool_compensated,4,phathom_s_scan:approach t=0.00 contact=0 vz_cmd=+12.0
916335.513972115,916335.511378404,22341,1788822001.4729323,0.08936664234516187,0.5685350541736558,-0.46651107427734717,0.07506984791091334,0.008859061586588191,0.044484819850771934,4.0,approach,0,12.0,1,0,1,force_bus_tool_compensated,4,phathom_s_scan:approach t=0.00 contact=0 vz_cmd=+12.0
916335.52398802,916335.521416946,22343,1788822001.4829705,0.1285234883458526,0.3470279571704022,-0.3382429491703154,0.0587952974823585,0.0012530743495600557,0.03189159714263183,4.0,approach,0,12.0,1,0,1,force_bus_tool_compensated,4,phathom_s_scan:approach t=0.00 contact=0 vz_cmd=+12.0
916335.533989525,916335.531287724,22345,1788822001.4928446,0.11505014875906266,0.5128804798545024,-0.13303003964762003,0.07021559331362451,0.0025101864296175136,0.05264565168572105,4.0,approach,0,12.0,1,0,1,force_bus_tool_compensated,4,phathom_s_scan:approach t=0.00 contact=0 vz_cmd=+12.0
916335.543976481,916335.541295969,22347,1788822001.502854,0.41124775752014436,0.5546706842100901,-0.3532592775530173,0.07352974204618669,-0.022173077661449377,0.042994634165646584,4.0,approach,0,12.0,1,0,1,force_bus_tool_compensated,4,phathom_s_scan:approach t=0.00 contact=0 vz_cmd=+12.0
916335.553994455,916335.551490911,22349,1788822001.5130467,0.2553247594841982,1.1285488163928457,-0.15784482993976517,0.11428737466050184,-0.012914893667964882,0.0645549125764856,4.0,approach,0,12.0,1,0,1,force_bus_tool_compensated,4,phathom_s_scan:approach t=0.00 contact=0 vz_cmd=+12.0
916335.563954573,916335.561165121,22351,1788822001.5227225,0.06570301783368965,0.8649836535273445,-0.3258247456064786,0.10069437573681235,0.003348394333367399,0.0514898257299041,4.0,approach,0,12.0,1,0,1,force_bus_tool_compensated,4,phathom_s_scan:approach t=0.00 contact=0 vz_cmd=+12.0
916335.573993574,916335.571416431,22353,1788822001.5329666,0.05059475507319039,0.7617550394061365,-0.4374497912269296,0.09142122733921405,0.006534431749428503,0.049984424838955946,4.0,approach,0,12.0,1,0,1,force_bus_tool_compensated,4,phathom_s_scan:approach t=0.00 contact=0 vz_cmd=+12.0
916335.583991035,916335.581636967,22355,1788822001.543187,0.039399718010907414,0.47274880129728847,-0.30807268506151875,0.06935117098482313,0.003644669231171298,0.04811714005977072,4.0,approach,0,12.0,1,0,1,force_bus_tool_compensated,4,phathom_s_scan:approach t=0.00 contact=0 vz_cmd=+12.0
916335.593967423,916335.591497314,22357,1788822001.5530503,0.1815191716109947,0.4899985582130814,-0.1901806069450287,0.07061635131207653,-0.005881593574461701,0.04134811237696709,4.0,approach,0,12.0,1,0,1,force_bus_tool_compensated,4,phathom_s_scan:approach t=0.00 contact=0 vz_cmd=+12.0
916335.603956804,916335.601324467,22359,1788822001.5628812,0.3416408940002479,0.821147064112486,-0.25682084016688456,0.08301349102901229,-0.02134036936634349,0.06059752963450453,4.0,approach,0,12.0,1,0,1,force_bus_tool_compensated,4,phathom_s_scan:approach t=0.00 contact=0 vz_cmd=+12.0
916335.613988555,916335.611284809,22361,1788822001.5728364,0.15759943627366435,0.7127094728678373,-0.48808760723207656,0.0830117057497215,-0.0017014636900486895,0.049723834126589025,4.0,approach,0,12.0,1,0,1,force_bus_tool_compensated,4,phathom_s_scan:approach t=0.00 contact=0 vz_cmd=+12.0
916335.623957105,916335.621304012,22363,1788822001.5828629,0.09069729213658322,0.5205777446827613,-0.3367194274619687,0.07113164267636068,0.009006528549959899,0.047859577403853715,4.0,approach,0,12.0,1,0,1,force_bus_tool_compensated,4,phathom_s_scan:approach t=0.00 contact=0 vz_cmd=+12.0
916335.634002083,916335.631259286,22365,1788822001.592816,0.12228693753220757,0.5621145741540263,-0.3032537902638385,0.07773387494567907,-0.00041897703083402664,0.05547232078120475,4.0,approach,0,12.0,1,0,1,force_bus_tool_compensated,4,phathom_s_scan:approach t=0.00 contact=0 vz_cmd=+12.0
916335.643960537,916335.641226867,22367,1788822001.6027849,0.1630467996737393,0.9795179309882135,-0.19618983899433806,0.10459430600674827,-0.003949731652707158,0.05296565510213917,4.0,approach,0,12.0,1,0,1,force_bus_tool_compensated,4,phathom_s_scan:approach t=0.00 contact=0 vz_cmd=+12.0
916335.653979061,916335.651168526,22369,1788822001.6127253,0.20497393254609225,0.9873231150182965,-0.3330961923662219,0.10658529791917082,-0.005674111341246455,0.06316346701268855,4.0,approach,0,12.0,1,0,1,force_bus_tool_compensated,4,phathom_s_scan:approach t=0.00 contact=0 vz_cmd=+12.0
916335.663976359,916335.661303392,22371,1788822001.6228592,0.11549374396722853,0.8538692875024338,-0.33144576882905563,0.09971089812291165,0.006084266163736892,0.05630692863283611,4.0,approach,0,12.0,1,0,1,force_bus_tool_compensated,4,phathom_s_scan:approach t=0.00 contact=0 vz_cmd=+12.0
916335.673977577,916335.671245031,22373,1788822001.6327994,0.17255971803260223,0.6408954799058613,-0.10128318545422385,0.07919176496757323,-0.006679036479370689,0.048559557348805044,4.0,approach,0,12.0,1,0,1,force_bus_tool_compensated,4,phathom_s_scan:approach t=0.00 contact=0 vz_cmd=+12.0
916335.683955553,916335.68140831,22375,1788822001.642966,0.1119138859897588,0.5973040590611489,-0.10711687178586213,0.07090752810353573,-0.0015355255173760793,0.04649951641765417,4.0,approach,0,12.0,1,0,1,force_bus_tool_compensated,4,phathom_s_scan:approach t=0.00 contact=0 vz_cmd=+12.0
916335.693956102,916335.691426843,22377,1788822001.6529837,0.054936676267359985,0.6136210260749548,-0.2563947835582765,0.07250253947803065,0.01785771296557205,0.04898109717142817,4.0,approach,0,12.0,1,0,1,force_bus_tool_compensated,4,phathom_s_scan:approach t=0.00 contact=0 vz_cmd=+12.0
916335.703969492,916335.701302644,22379,1788822001.6628594,0.19333565532573013,0.6556669661621518,-0.1481236272194578,0.07773314258019451,0.0058859314374748745,0.04208553236559548,4.0,approach,0,12.0,1,0,1,force_bus_tool_compensated,4,phathom_s_scan:approach t=0.00 contact=0 vz_cmd=+12.0
916335.713957845,916335.711271148,22381,1788822001.6728292,0.08257944908180742,0.8056209213125497,0.012673812734339353,0.09207257104765429,0.008972986083126962,0.050411124851181696,4.0,approach,0,12.0,1,0,1,force_bus_tool_compensated,4,phathom_s_scan:approach t=0.00 contact=0 vz_cmd=+12.0
916335.723958434,916335.721400842,22383,1788822001.6829581,0.07611397322737233,0.7543901318715267,0.10015653262504601,0.08663157323709905,0.006248617345015636,0.04784001139859641,4.0,approach,0,12.0,1,0,1,force_bus_tool_compensated,4,phathom_s_scan:approach t=0.00 contact=0 vz_cmd=+12.0
916335.733966636,916335.731257805,22385,1788822001.6928155,-0.0355213049863778,0.6004309958587951,-0.014276880281032852,0.07018306440330552,0.02246491862431775,0.04989027596411083,4.0,approach,0,12.0,1,0,1,force_bus_tool_compensated,4,phathom_s_scan:approach t=0.00 contact=0 vz_cmd=+12.0
916335.743956356,916335.74134696,22387,1788822001.702906,0.17331674884684314,0.49992636849249594,0.1119324475088668,0.06733243835155825,0.002844115044633374,0.039979122409184,4.0,approach,0,12.0,1,0,1,force_bus_tool_compensated,4,phathom_s_scan:approach t=0.00 contact=0 vz_cmd=+12.0
916335.753980866,916335.751342348,22389,1788822001.7128997,0.19198041648139338,0.7922061586426002,0.13435460683628098,0.08891459382265259,0.0032648367592004197,0.0519647543819068,4.0,approach,0,12.0,1,0,1,force_bus_tool_compensated,4,phathom_s_scan:approach t=0.00 contact=0 vz_cmd=+12.0
916335.763986855,916335.761298147,22391,1788822001.7228549,0.09223039879377097,0.3200583919981764,0.2505141292551059,0.06110013763319931,0.012263120086988039,0.04512650996393161,4.0,approach,0,12.0,1,0,1,force_bus_tool_compensated,4,phathom_s_scan:approach t=0.00 contact=0 vz_cmd=+12.0
916335.773983847,916335.771229868,22393,1788822001.732788,0.12216758767556557,0.4974639810914261,0.3350836967135565,0.08098962311758325,0.008832470928896972,0.05500294180233707,4.0,approach,0,12.0,1,0,1,force_bus_tool_compensated,4,phathom_s_scan:approach t=0.00 contact=0 vz_cmd=+12.0
916335.78398359,916335.781591443,22395,1788822001.7431462,0.2166970770240908,0.9022606889146069,0.412413795004328,0.10982215101360956,0.006308840424411926,0.07646811926188882,4.0,approach,0,12.0,1,0,1,force_bus_tool_compensated,4,phathom_s_scan:approach t=0.00 contact=0 vz_cmd=+12.0
916335.793980245,916335.791372082,22397,1788822001.7529297,0.15083805574347448,0.6724655443137414,-0.008577281739816506,0.08986715834013911,0.04110014035178281,0.03991862107605303,4.0,approach,0,12.0,1,0,1,force_bus_tool_compensated,4,phathom_s_scan:approach t=0.00 contact=0 vz_cmd=+12.0
916335.803970354,916335.801232417,22399,1788822001.7627904,0.3178195055765765,0.7347873777968332,0.5702326357816787,0.07899431889507327,0.01726607425803732,0.06082973876509841,4.0,approach,0,12.0,1,0,1,force_bus_tool_compensated,4,phathom_s_scan:approach t=0.00 contact=0 vz_cmd=+12.0
916335.813973794,916335.81140415,22401,1788822001.772959,0.37101400715014055,0.6321741945064691,0.6093160253260811,0.0733206049785405,0.004799729312946563,0.057437636445757306,4.0,approach,0,12.0,1,0,1,force_bus_tool_compensated,4,phathom_s_scan:approach t=0.00 contact=0 vz_cmd=+12.0
916335.823988971,916335.821279616,22403,1788822001.7828372,0.42554086045887374,0.7624693800544573,0.7184367590682829,0.08550070393733845,0.008832912754636478,0.05894365174862927,4.0,approach,0,12.0,1,0,1,force_bus_tool_compensated,4,phathom_s_scan:approach t=0.00 contact=0 vz_cmd=+12.0
916335.833957311,916335.831342043,22405,1788822001.7929006,0.48267166414117907,0.8496389848115853,0.6410462915714932,0.08999533940506048,0.0202024118279911,0.05979692564914402,4.0,approach,0,12.0,1,0,1,force_bus_tool_compensated,4,phathom_s_scan:approach t=0.00 contact=0 vz_cmd=+12.0
916335.843956473,916335.841297412,22407,1788822001.8028555,0.18071906336875612,0.8230956168880017,0.5008602693349763,0.08222442268475653,0.04455709880919048,0.04968638763535689,4.0,approach,0,12.0,1,0,1,force_bus_tool_compensated,4,phathom_s_scan:approach t=0.00 contact=0 vz_cmd=+12.0
916335.853965289,916335.851163254,22409,1788822001.81272,0.16362831240455983,0.7080590009033553,0.5037564853798238,0.07676530854387963,0.04351157241778338,0.04693066327865529,4.0,approach,0,12.0,1,0,1,force_bus_tool_compensated,4,phathom_s_scan:approach t=0.00 contact=0 vz_cmd=+12.0
916335.863978686,916335.861327544,22411,1788822001.8228824,0.21413376907895254,0.6381391826198097,0.6335629370861351,0.0724710507480886,0.03818735891129537,0.04821966542455597,4.0,approach,0,12.0,1,0,1,force_bus_tool_compensated,4,phathom_s_scan:approach t=0.00 contact=0 vz_cmd=+12.0
916335.873979579,916335.871352551,22413,1788822001.8329098,0.19569629986296666,0.5005452876885245,0.7874888854784518,0.06734214518173957,0.035984133937410984,0.047265402690893174,4.0,approach,0,12.0,1,0,1,force_bus_tool_compensated,4,phathom_s_scan:approach t=0.00 contact=0 vz_cmd=+12.0
916335.883985625,916335.881440331,22415,1788822001.8429978,0.13182861178612,0.43312723258854247,0.8213387408227839,0.07312541108400454,0.04544549264245988,0.049534761578148935,4.0,approach,0,9.0,1,0,1,force_bus_tool_compensated,4,phathom_s_scan:approach t=0.00 contact=0 vz_cmd=+9.0
916335.893983203,916335.891618829,22417,1788822001.8531754,0.21394280915990038,0.6485661464446518,0.9364763079238665,0.0872388105685417,0.03722269123472223,0.057183474070973794,4.0,approach,0,8.0,1,0,1,force_bus_tool_compensated,4,phathom_s_scan:approach t=0.00 contact=0 vz_cmd=+8.0
916335.903978325,916335.901385555,22419,1788822001.8629417,0.312075270356197,0.4337349047176855,1.1196025774974947,0.0735110197685346,0.028290892787088906,0.04527787089160643,4.0,approach,0,8.0,1,0,1,force_bus_tool_compensated,4,phathom_s_scan:approach t=0.00 contact=0 vz_cmd=+8.0
916335.913975598,916335.91120757,22421,1788822001.8727655,0.3683270061296037,0.4506982201455196,1.1375119062979748,0.0797363123414454,0.026800153080858546,0.0535655783354761,4.0,approach,0,8.0,1,0,1,force_bus_tool_compensated,4,phathom_s_scan:approach t=0.00 contact=0 vz_cmd=+8.0
916335.923978486,916335.921143725,22423,1788822001.882697,0.6272261153686971,0.7068619328667727,1.1450657926198122,0.09667749091377081,0.012094633477556278,0.05786086528416222,4.0,approach,1,7.0,1,0,1,force_bus_tool_compensated,4,phathom_s_scan:approach t=0.00 contact=1 vz_cmd=+7.0
916335.93397393,916335.931616346,22425,1788822001.89317,0.40568412426095724,0.8528639140360327,1.2563959640523388,0.09926509039451428,0.02367394515372357,0.06735643840959815,4.0,tracking,1,5.3,1,0,1,force_bus_tool_compensated,4,phathom_s_scan:tracking t=0.01 contact=1 vz_cmd=+5.3
916335.943956253,916335.941568329,22427,1788822001.9031243,0.41122679562479303,0.5380119911029906,1.2521985891487137,0.0676101444183578,0.029431754916939674,0.04648228594492789,4.0,tracking,1,4.4,1,0,1,force_bus_tool_compensated,4,phathom_s_scan:tracking t=0.01 contact=1 vz_cmd=+4.4
916335.95398222,916335.951694973,22429,1788822001.9132476,0.43734334942150943,0.3907021849417203,1.4171724660843203,0.06250250759488221,0.029673629438369143,0.04484949399536167,4.0,tracking,1,3.3,1,0,1,force_bus_tool_compensated,4,phathom_s_scan:tracking t=0.02 contact=1 vz_cmd=+3.3
916335.963975903,916335.961446198,22431,1788822001.9230032,0.46679790963013423,0.6057176759042611,1.603189533216625,0.08442949117271643,0.01840725903425804,0.06013498522793934,4.0,tracking,1,2.2,1,0,1,force_bus_tool_compensated,4,phathom_s_scan:tracking t=0.03 contact=1 vz_cmd=+2.2
916335.973965016,916335.971347825,22433,1788822001.9329052,0.3665167117775193,0.6374552527654987,1.5218468950947557,0.08408189865830942,0.034354818611944254,0.05664914374156379,4.0,tracking,1,1.5,1,0,1,force_bus_tool_compensated,4,phathom_s_scan:tracking t=0.04 contact=1 vz_cmd=+1.5
916335.983983462,916335.981700216,22435,1788822001.9432578,0.40992448704676687,0.6080015103045816,1.4766523381162373,0.07193390215170758,0.04353190144035948,0.049417309569905456,4.0,tracking,1,1.2,1,0,1,force_bus_tool_compensated,4,phathom_s_scan:tracking t=0.05 contact=1 vz_cmd=+1.2
916335.993959806,916335.991478326,22437,1788822001.953036,0.46861783925201655,0.7468221953181025,1.431265859813386,0.06856159087421976,0.044631027734572656,0.05158825300200283,4.0,tracking,1,1.2,1,0,1,force_bus_tool_compensated,4,phathom_s_scan:tracking t=0.06 contact=1 vz_cmd=+1.2
916336.003983402,916336.001438737,22439,1788822001.9629958,0.5355958936007827,0.9978032799611285,1.4126538053561095,0.08857133115926524,0.04639043824323844,0.0633925123851053,4.0,tracking,1,2.2,1,0,1,force_bus_tool_compensated,4,phathom_s_scan:tracking t=0.07 contact=1 vz_cmd=+2.2
916336.013961282,916336.011352317,22441,1788822001.9729095,0.5705698120153209,0.8722057039533098,1.6401964029511842,0.07055125118976317,0.03400387236811283,0.0528455958899897,4.0,tracking,1,1.5,1,0,1,force_bus_tool_compensated,4,phathom_s_scan:tracking t=0.08 contact=1 vz_cmd=+1.5
916336.023989053,916336.02138279,22443,1788822001.9829402,0.6798545158763285,0.8042840544345127,1.756494112343362,0.06597022795295303,0.0163225670544843,0.031973651779354295,4.0,tracking,1,1.0,1,0,1,force_bus_tool_compensated,4,phathom_s_scan:tracking t=0.09 contact=1 vz_cmd=+1.0
916336.033977624,916336.031493567,22445,1788822001.993051,0.4431183727087443,0.9741419087717614,1.5874247472613592,0.07923790731476459,0.03736490177335483,0.04562469626837932,4.0,tracking,1,0.9,1,0,1,force_bus_tool_compensated,4,phathom_s_scan:tracking t=0.11 contact=1 vz_cmd=+0.9
916336.04397557,916336.041479174,22447,1788822002.0030365,0.6528936590889863,1.2477054043964757,1.7824158426795604,0.10527090463536348,0.022728733549442385,0.05107565342690952,4.0,tracking,1,0.6,1,0,1,force_bus_tool_compensated,4,phathom_s_scan:tracking t=0.11 contact=1 vz_cmd=+0.6
916336.053987718,916336.051380628,22449,1788822002.0129378,0.6185441138429799,1.0572377630172132,1.320303222931123,0.07782780255419286,0.06239503933958031,0.04377739389513777,4.0,tracking,1,2.6,1,0,1,force_bus_tool_compensated,4,phathom_s_scan:tracking t=0.12 contact=1 vz_cmd=+2.6
916336.063958959,916336.061437861,22451,1788822002.0229955,0.8122742924695232,0.6633178115968299,1.6767231149483828,0.05316991784446236,0.03241126658488713,0.0313135583588155,4.0,tracking,1,3.1,1,0,1,force_bus_tool_compensated,4,phathom_s_scan:tracking t=0.14 contact=1 vz_cmd=+3.1
916336.073976836,916336.071411267,22453,1788822002.0329683,0.8519168096234842,1.3146029269447783,1.654203853338356,0.09992525391439455,0.023514914731534293,0.052904331336052324,4.0,tracking,1,2.7,1,0,1,force_bus_tool_compensated,4,phathom_s_scan:tracking t=0.14 contact=1 vz_cmd=+2.7
916336.083955857,916336.081808055,22455,1788822002.0433643,0.8384587886217671,1.1923446484493383,1.6018766336179615,0.080414458967704,0.0290683919546336,0.04457883490456972,4.0,tracking,1,3.5,1,0,1,force_bus_tool_compensated,4,phathom_s_scan:tracking t=0.15 contact=1 vz_cmd=+3.5
916336.093972986,916336.09140819,22457,1788822002.0529644,0.7560945270978889,1.1368068631974884,1.8346313872314224,0.08517232851057893,0.019027648016727468,0.04691501122312505,4.0,tracking,1,3.0,1,0,1,force_bus_tool_compensated,4,phathom_s_scan:tracking t=0.16 contact=1 vz_cmd=+3.0
916336.103979163,916336.101413072,22459,1788822002.0629704,0.5557615075846282,1.1019242902752024,1.7979383596981422,0.08588751051499953,0.02394366675698246,0.046106513047051254,4.0,tracking,1,2.3,1,0,1,force_bus_tool_compensated,4,phathom_s_scan:tracking t=0.17 contact=1 vz_cmd=+2.3
916336.113965208,916336.111391532,22461,1788822002.0729496,0.3926402963434239,1.094962115617405,1.5888067629709086,0.07726254698153368,0.04038134185251426,0.04121776684055697,4.0,tracking,1,4.0,1,0,1,force_bus_tool_compensated,4,phathom_s_scan:tracking t=0.18 contact=1 vz_cmd=+4.0
916336.123959651,916336.121471018,22463,1788822002.0830283,0.5064923380941432,1.1871405143173885,1.6601855483836676,0.08726575443441283,0.021313561676498265,0.04375706920357633,4.0,tracking,1,5.2,1,0,1,force_bus_tool_compensated,4,phathom_s_scan:tracking t=0.19 contact=1 vz_cmd=+5.2
916336.1339928,916336.131387162,22465,1788822002.0929446,0.45470973817768945,1.0314476577298421,1.5130418855780867,0.07507881143912198,0.03186832674495173,0.041931067906468916,4.0,tracking,1,6.2,1,0,1,force_bus_tool_compensated,4,phathom_s_scan:tracking t=0.20 contact=1 vz_cmd=+6.2
916336.143977263,916336.141734714,22467,1788822002.1032846,0.35245561078188214,0.5893646150849047,1.4664763951197077,0.047207716920268095,0.04664182874692872,0.03385651384488776,4.0,tracking,1,9.0,1,0,1,force_bus_tool_compensated,4,phathom_s_scan:tracking t=0.21 contact=1 vz_cmd=+9.0
916336.153960912,916336.151439076,22469,1788822002.11299,0.597167807728073,0.6738209061358654,1.8430102721783979,0.06300731754375448,0.02138934551039593,0.03394098843139914,4.0,tracking,1,8.2,1,0,1,force_bus_tool_compensated,4,phathom_s_scan:tracking t=0.22 contact=1 vz_cmd=+8.2
916336.163982432,916336.161570681,22471,1788822002.123129,0.5298946951149605,0.7666574193443254,1.8847906555639673,0.07630084618789837,0.03425448442422218,0.0489581536967011,4.0,tracking,1,6.7,1,0,1,force_bus_tool_compensated,4,phathom_s_scan:tracking t=0.23 contact=1 vz_cmd=+6.7
916336.173978861,916336.171319293,22473,1788822002.1328769,0.4437062382104654,0.6012040257349812,1.8402289924133153,0.07158039341343214,0.043239814387131655,0.05252489671098583,4.0,tracking,1,6.6,1,0,1,force_bus_tool_compensated,4,phathom_s_scan:tracking t=0.24 contact=1 vz_cmd=+6.6
916336.183980733,916336.181679426,22475,1788822002.1432343,0.6887200455804365,0.6002578039377288,2.046798628770282,0.08274243621101154,0.03523828669176163,0.04954595324858222,4.0,tracking,1,5.8,1,0,1,force_bus_tool_compensated,4,phathom_s_scan:tracking t=0.25 contact=1 vz_cmd=+5.8
916336.193958282,916336.191399666,22477,1788822002.1529567,0.9509978178106442,0.8789292588892572,2.272283020161956,0.1064089065052953,0.00033625994201536664,0.05517483757687022,4.0,tracking,1,3.9,1,0,1,force_bus_tool_compensated,4,phathom_s_scan:tracking t=0.26 contact=1 vz_cmd=+3.9
916336.203978031,916336.201515043,22479,1788822002.1630723,0.7232387130678679,0.6980907789159376,2.0606172355866503,0.08020076217113915,0.03129765318268402,0.050315996612645006,4.0,tracking,1,3.2,1,0,1,force_bus_tool_compensated,4,phathom_s_scan:tracking t=0.27 contact=1 vz_cmd=+3.2
916336.21397681,916336.211601756,22481,1788822002.173159,0.6283881884256257,0.4377645155446281,1.911144636013662,0.05099383051444794,0.053092698720428884,0.047378431306405684,4.0,tracking,1,4.9,1,0,1,force_bus_tool_compensated,4,phathom_s_scan:tracking t=0.28 contact=1 vz_cmd=+4.9
916336.223991714,916336.221740791,22483,1788822002.183291,0.9029761927098819,0.41669193176102054,2.19542578543557,0.06667760969894784,0.03536108829841279,0.04391878019694482,4.0,tracking,1,4.5,1,0,1,force_bus_tool_compensated,4,phathom_s_scan:tracking t=0.29 contact=1 vz_cmd=+4.5
916336.233958727,916336.231767058,22485,1788822002.193325,0.9054144236276155,0.6867653582026229,2.2469555090072992,0.10074775477647054,0.027597328476380297,0.07030018102367448,4.0,tracking,1,3.3,1,0,1,force_bus_tool_compensated,4,phathom_s_scan:tracking t=0.30 contact=1 vz_cmd=+3.3
916336.243956337,916336.241659464,22487,1788822002.2032163,0.6228197693450936,0.7254035653363484,2.5203607357663156,0.10479924106581455,0.047429487755168115,0.069842491903189,4.0,tracking,1,2.2,1,0,1,force_bus_tool_compensated,4,phathom_s_scan:tracking t=0.31 contact=1 vz_cmd=+2.2
916336.253986973,916336.25157279,22489,1788822002.2131238,0.6668220412047028,0.6247966015458614,2.3227375254970846,0.09100684268977692,0.035677865249095816,0.07060133376276281,4.0,tracking,1,1.6,1,0,1,force_bus_tool_compensated,4,phathom_s_scan:tracking t=0.32 contact=1 vz_cmd=+1.6
916336.263958574,916336.261759916,22491,1788822002.2233133,0.9471637717027642,0.6772281737932827,2.317379238211339,0.09077967970844712,0.014863869547130181,0.053132875952253224,4.0,tracking,1,1.8,1,0,1,force_bus_tool_compensated,4,phathom_s_scan:tracking t=0.33 contact=1 vz_cmd=+1.8
916336.273975038,916336.271374451,22493,1788822002.2329323,0.7093262955246242,0.5999509773364513,2.2672093144361396,0.0837909161966508,0.034803852066157846,0.06114385387103326,4.0,tracking,1,2.0,1,0,1,force_bus_tool_compensated,4,phathom_s_scan:tracking t=0.34 contact=1 vz_cmd=+2.0
916336.283996154,916336.281620273,22495,1788822002.2431753,0.7011567478321691,0.47918669542315173,2.1275735059915415,0.07618091390176591,0.03436092891219923,0.05360473851416204,4.0,tracking,1,4.0,1,0,1,force_bus_tool_compensated,4,phathom_s_scan:tracking t=0.35 contact=1 vz_cmd=+4.0
916336.294033999,916336.291668474,22497,1788822002.253224,0.8100917594166789,0.5765973776683679,2.4266706921579138,0.09107111302928315,0.018788209425928962,0.058329531477204155,4.0,tracking,1,4.5,1,0,1,force_bus_tool_compensated,4,phathom_s_scan:tracking t=0.36 contact=1 vz_cmd=+4.5
916336.30397474,916336.301496346,22499,1788822002.2630544,0.7796862010419909,0.5334519375048014,2.570563368636876,0.0875135071990088,0.014589470295045339,0.06284508592587433,4.0,tracking,1,3.0,1,0,1,force_bus_tool_compensated,4,phathom_s_scan:tracking t=0.37 contact=1 vz_cmd=+3.0
916336.313981332,916336.311656639,22501,1788822002.2732124,0.611211794590104,0.33690102429714236,2.422382047993045,0.07254825431658217,0.03130280515828876,0.06039653612167385,4.0,tracking,1,3.2,1,0,1,force_bus_tool_compensated,4,phathom_s_scan:tracking t=0.38 contact=1 vz_cmd=+3.2
916336.323979187,916336.321559035,22503,1788822002.283115,0.7356234119331464,0.49559561698395005,2.5716849688023893,0.09485518877883958,0.021978028039496035,0.06787358974370758,4.0,tracking,1,2.6,1,0,1,force_bus_tool_compensated,4,phathom_s_scan:tracking t=0.39 contact=1 vz_cmd=+2.6
916336.333986032,916336.331509655,22505,1788822002.293068,0.5765643684071248,0.6545712447179507,2.395832419835809,0.0991681109996642,0.032583707865484,0.06722481597316982,4.0,tracking,1,2.6,1,0,1,force_bus_tool_compensated,4,phathom_s_scan:tracking t=0.40 contact=1 vz_cmd=+2.6
916336.343975083,916336.341590328,22507,1788822002.3031473,0.7165329422619006,0.3217391641534455,2.205182147260384,0.05665938355053074,0.037381283793405044,0.04856387581556456,4.0,tracking,1,5.4,1,0,1,force_bus_tool_compensated,4,phathom_s_scan:tracking t=0.41 contact=1 vz_cmd=+5.4
916336.353990884,916336.35225986,22509,1788822002.3138154,0.7264842828908951,0.41902782387136217,2.530141928054378,0.06767350359722611,0.026780285964813647,0.05067549402725829,4.0,tracking,1,6.1,1,0,1,force_bus_tool_compensated,4,phathom_s_scan:tracking t=0.42 contact=1 vz_cmd=+6.1
916336.363978643,916336.361581734,22511,1788822002.3231385,0.6897970606487341,0.4905490433331993,2.5759609546904763,0.07380371694592577,0.020024049782673883,0.04860125338798647,4.0,tracking,1,4.8,1,0,1,force_bus_tool_compensated,4,phathom_s_scan:tracking t=0.43 contact=1 vz_cmd=+4.8
916336.373957583,916336.371497754,22513,1788822002.3330555,0.6940840073884973,0.3904701739573161,2.3826257377264635,0.05396229164485293,0.028459586987446106,0.05502641529246026,4.0,tracking,1,6.1,1,0,1,force_bus_tool_compensated,4,phathom_s_scan:tracking t=0.44 contact=1 vz_cmd=+6.1
916336.383977818,916336.381973033,22515,1788822002.3435283,0.8220970061580793,0.7281801409672322,2.4439385318974134,0.07631576751213813,0.0017617112536434357,0.038326780881728625,4.0,tracking,1,6.9,1,0,1,force_bus_tool_compensated,4,phathom_s_scan:tracking t=0.45 contact=1 vz_cmd=+6.9
916336.393976116,916336.391397792,22517,1788822002.3529558,0.7021014168543505,0.9775859298077122,2.87091597228397,0.10821734022691007,0.028816999500811565,0.05844901664016795,4.0,tracking,1,5.1,1,0,1,force_bus_tool_compensated,4,phathom_s_scan:tracking t=0.46 contact=1 vz_cmd=+5.1
916336.403978436,916336.401563972,22519,1788822002.3631213,0.9228927084899174,0.8959302111011049,2.8729202920605577,0.09269253774114918,0.010683020013849014,0.06653675630804265,4.0,tracking,1,3.7,1,0,1,force_bus_tool_compensated,4,phathom_s_scan:tracking t=0.47 contact=1 vz_cmd=+3.7
916336.413976364,916336.411682461,22521,1788822002.3732355,0.701280150901684,0.49805377927928113,2.700997379079398,0.06501242126940594,0.03206670403605522,0.05216143840545841,4.0,tracking,1,3.6,1,0,1,force_bus_tool_compensated,4,phathom_s_scan:tracking t=0.48 contact=1 vz_cmd=+3.6
916336.423983696,916336.421774152,22523,1788822002.3833253,0.9259464522243366,0.7616479069283871,2.8642617698562303,0.07742625159768785,0.020566075901922817,0.04158983337670403,4.0,tracking,1,3.0,1,0,1,force_bus_tool_compensated,4,phathom_s_scan:tracking t=0.49 contact=1 vz_cmd=+3.0
916336.433977212,916336.431656751,22525,1788822002.3932145,0.7819213949132721,0.5780129412568669,2.78295460726177,0.07014163010085922,0.04191038043303681,0.039349322169095646,4.0,tracking,1,2.9,1,0,1,force_bus_tool_compensated,4,phathom_s_scan:tracking t=0.50 contact=1 vz_cmd=+2.9
916336.44397448,916336.441569186,22527,1788822002.4031234,0.8096043264987974,0.5807647514909008,2.7891268278106898,0.05611733339513347,0.026989539280843564,0.05319707835843319,4.0,tracking,1,3.9,1,0,1,force_bus_tool_compensated,4,phathom_s_scan:tracking t=0.51 contact=1 vz_cmd=+3.9
916336.453977714,916336.45147189,22529,1788822002.4130275,0.8553366516546781,0.738165026495923,3.1358440663867744,0.08404896434506622,0.019483614556251885,0.061132974075150726,4.0,tracking,1,2.8,1,0,1,force_bus_tool_compensated,4,phathom_s_scan:tracking t=0.52 contact=1 vz_cmd=+2.8
916336.46397607,916336.461534644,22531,1788822002.4230924,0.9024886013510856,0.832739219717829,3.1959066055853875,0.10429705893641891,0.02103371988523831,0.06129379255546,4.0,tracking,1,1.7,1,0,1,force_bus_tool_compensated,4,phathom_s_scan:tracking t=0.53 contact=1 vz_cmd=+1.7
916336.473958806,916336.471340254,22533,1788822002.4328935,0.8389014631055213,0.7442279609732578,2.90570746823414,0.0784013711085637,0.024403420228080147,0.04891330365619491,4.0,tracking,1,2.0,1,0,1,force_bus_tool_compensated,4,phathom_s_scan:tracking t=0.54 contact=1 vz_cmd=+2.0
916336.483979459,916336.48175,22535,1788822002.4433036,0.6140807401413471,0.47696507423078116,2.7930748744441702,0.06879349673450118,0.04828422513708153,0.054335978746666916,4.0,tracking,1,3.9,1,0,1,force_bus_tool_compensated,4,phathom_s_scan:tracking t=0.55 contact=1 vz_cmd=+3.9
916336.493975928,916336.491417102,22537,1788822002.4529743,0.8367778275643983,0.49325172795713135,2.7796794843459445,0.08034982592784674,0.025637790891846337,0.053908017511381065,4.0,tracking,1,5.7,1,0,1,force_bus_tool_compensated,4,phathom_s_scan:tracking t=0.56 contact=1 vz_cmd=+5.7
916336.503991282,916336.501481273,22539,1788822002.4630384,0.8302553765369398,0.47031745166288125,2.9276119520754236,0.07689898324341196,0.020084874530134137,0.05162062806022388,4.0,tracking,1,5.8,1,0,1,force_bus_tool_compensated,4,phathom_s_scan:tracking t=0.57 contact=1 vz_cmd=+5.8
916336.513984375,916336.511675492,22541,1788822002.4732308,0.6559048584135705,0.20867398662051082,2.6948265419598574,0.052853950774339756,0.02866272134854361,0.04634522111041798,4.0,tracking,1,7.6,1,0,1,force_bus_tool_compensated,4,phathom_s_scan:tracking t=0.58 contact=1 vz_cmd=+7.6
916336.523973319,916336.521435634,22543,1788822002.4829926,0.8176816654031098,0.42163992880433965,3.0241201259363737,0.08143087417391866,0.006130816023655559,0.05441345862809614,4.0,tracking,1,7.7,1,0,1,force_bus_tool_compensated,4,phathom_s_scan:tracking t=0.60 contact=1 vz_cmd=+7.7
916336.533976689,916336.531484483,22545,1788822002.4930427,0.8861862099286839,0.5992868077129292,3.1279366308564818,0.10371482996016144,0.0023301620403962968,0.06722441345349542,4.0,tracking,1,6.1,1,0,1,force_bus_tool_compensated,4,phathom_s_scan:tracking t=0.60 contact=1 vz_cmd=+6.1
916336.543976369,916336.541476512,22547,1788822002.5030339,1.0370565778894187,0.565982922381297,3.0639276115838903,0.08452597968277362,-0.005407551092350009,0.058518066589747536,4.0,tracking,1,6.0,1,0,1,force_bus_tool_compensated,4,phathom_s_scan:tracking t=0.61 contact=1 vz_cmd=+6.0
916336.553977344,916336.551709552,22549,1788822002.5132663,0.8445515250571348,0.4887287672379066,2.9486743752771507,0.08527519134780631,0.019222667569556175,0.06097764056416587,4.0,tracking,1,6.7,1,0,1,force_bus_tool_compensated,4,phathom_s_scan:tracking t=0.63 contact=1 vz_cmd=+6.7
916336.563989146,916336.56163748,22551,1788822002.5231903,0.7323201900627401,0.5801620859406916,2.9395746562816827,0.10053015463572354,0.033116951019158423,0.07106170417370072,4.0,tracking,1,8.4,1,0,1,force_bus_tool_compensated,4,phathom_s_scan:tracking t=0.63 contact=1 vz_cmd=+8.4
916336.573988633,916336.571470645,22553,1788822002.5330248,0.7871847727207795,0.7229546789553688,3.0462443598392968,0.10339302939851781,0.032657345065772884,0.06805364030437422,4.0,tracking,1,8.4,1,0,1,force_bus_tool_compensated,4,phathom_s_scan:tracking t=0.64 contact=1 vz_cmd=+8.4
916336.583961937,916336.581600939,22555,1788822002.5431588,0.8001708739735527,0.8983149389868783,3.041902746740385,0.09287739961171239,0.016872795561425256,0.05800015587057104,4.0,tracking,1,8.9,1,0,1,force_bus_tool_compensated,4,phathom_s_scan:tracking t=0.65 contact=1 vz_cmd=+8.9
916336.593997241,916336.591993507,22557,1788822002.553548,0.7691724978492176,0.8322566939187375,3.1102102349256358,0.08312629694111529,0.021022497292720613,0.04764452213596526,4.0,tracking,1,8.9,1,0,1,force_bus_tool_compensated,4,phathom_s_scan:tracking t=0.66 contact=1 vz_cmd=+8.9
916336.603979305,916336.601421933,22559,1788822002.5629787,0.7841697087423531,0.6288749923218916,3.3188206873107458,0.0651310058577513,0.02572269531482239,0.048514889395011584,4.0,tracking,1,7.7,1,0,1,force_bus_tool_compensated,4,phathom_s_scan:tracking t=0.67 contact=1 vz_cmd=+7.7
916336.613973061,916336.611398087,22561,1788822002.5729563,0.9106197690353033,0.8564663617914194,3.3620748293130926,0.08810399692021828,0.012928679777002681,0.060379232081642066,4.0,tracking,1,6.4,1,0,1,force_bus_tool_compensated,4,phathom_s_scan:tracking t=0.69 contact=1 vz_cmd=+6.4
916336.623983613,916336.621592333,22563,1788822002.583146,0.9053989536051383,0.8481187860069911,3.3888149972425516,0.0710215528766976,0.0024297252631132215,0.04865956820660302,4.0,tracking,1,6.1,1,0,1,force_bus_tool_compensated,4,phathom_s_scan:tracking t=0.69 contact=1 vz_cmd=+6.1
916336.633992808,916336.631407118,22565,1788822002.592964,0.7495454625851001,0.8295416745494868,3.5719936819466875,0.08536815352490343,0.034017244790608234,0.050221487007818214,4.0,tracking,1,4.4,1,0,1,force_bus_tool_compensated,4,phathom_s_scan:tracking t=0.70 contact=1 vz_cmd=+4.4
916336.643981519,916336.641376995,22567,1788822002.6029353,0.8476959569739067,0.7742853245034029,3.5451145787864737,0.0876457183745754,0.04289346134698682,0.0559233666438189,4.0,tracking,1,3.4,1,0,1,force_bus_tool_compensated,4,phathom_s_scan:tracking t=0.71 contact=1 vz_cmd=+3.4
916336.653990375,916336.651466554,22569,1788822002.6130207,1.03094375500022,0.7397029969919809,3.485460252507348,0.07651744114084012,0.029135126115895176,0.05507834524586437,4.0,tracking,1,3.7,1,0,1,force_bus_tool_compensated,4,phathom_s_scan:tracking t=0.72 contact=1 vz_cmd=+3.7
916336.663958303,916336.66144531,22571,1788822002.6229987,1.1267536956367423,0.7235090968541803,3.6496389060537857,0.07355276540446251,0.018100171847368115,0.056939937847119905,4.0,tracking,1,3.3,1,0,1,force_bus_tool_compensated,4,phathom_s_scan:tracking t=0.73 contact=1 vz_cmd=+3.3
916336.673972367,916336.671362656,22573,1788822002.632919,1.136968932022715,0.8114184577798291,3.958384620331391,0.10357962585630257,0.01960167199885509,0.0656580062966945,4.0,tracking,1,2.2,1,0,1,force_bus_tool_compensated,4,phathom_s_scan:tracking t=0.74 contact=1 vz_cmd=+2.2
916336.683977255,916336.681766512,22575,1788822002.6433196,1.3641213285102058,0.8706361240193268,4.030122392760662,0.11088869115201982,0.006400280493117364,0.06329518857317348,4.0,tracking,1,1.3,1,0,1,force_bus_tool_compensated,4,phathom_s_scan:tracking t=0.76 contact=1 vz_cmd=+1.3
916336.693974284,916336.6914402,22577,1788822002.652992,1.3856878639859624,0.6398673273903354,4.037632916872228,0.06997218356372986,-0.00024413438836532752,0.05707165817351066,4.0,tracking,1,0.8,1,0,1,force_bus_tool_compensated,4,phathom_s_scan:tracking t=0.76 contact=1 vz_cmd=+0.8
916336.70397527,916336.70145701,22579,1788822002.6630118,1.3194324255364416,0.7398583893266054,4.116707460233182,0.06576406521543246,0.0009099906909625745,0.04990942924801431,4.0,tracking,1,0.3,1,0,1,force_bus_tool_compensated,4,phathom_s_scan:tracking t=0.77 contact=1 vz_cmd=+0.3
916336.713992815,916336.711737396,22581,1788822002.673287,1.1872226502183245,0.4741578458503705,3.841649376490729,0.0524102622623875,0.016288215904346193,0.041586048316369306,4.0,tracking,1,0.3,1,0,1,force_bus_tool_compensated,4,phathom_s_scan:tracking t=0.78 contact=1 vz_cmd=+0.3
916336.723974292,916336.72134728,22583,1788822002.682906,1.032481322947434,0.7722468468208152,3.995657224753938,0.08553573625950314,0.024908978128391247,0.05297168050330434,4.0,tracking,1,0.2,1,0,1,force_bus_tool_compensated,4,phathom_s_scan:tracking t=0.79 contact=1 vz_cmd=+0.2
916336.73397887,916336.731376198,22585,1788822002.692934,0.8666578435422305,0.6491766789399765,3.9969186291040195,0.0773727383140629,0.0379974048189659,0.06175150015033171,4.0,tracking,1,0.1,1,0,1,force_bus_tool_compensated,4,phathom_s_scan:tracking t=0.80 contact=1 vz_cmd=+0.1
916336.743959955,916336.741615468,22587,1788822002.7031705,0.9186551062513955,0.6065462260411287,3.863124184548223,0.05394539821095052,0.030151177157910426,0.0476012117891603,4.0,tracking,1,0.2,1,0,1,force_bus_tool_compensated,4,phathom_s_scan:tracking t=0.81 contact=1 vz_cmd=+0.2
916336.753978761,916336.751676604,22589,1788822002.713234,0.8986757448622278,0.5425454516456143,4.000681016644334,0.07006254419878322,0.04150202029495123,0.04786828036031781,4.0,tracking,1,0.1,1,0,1,force_bus_tool_compensated,4,phathom_s_scan:tracking t=0.82 contact=1 vz_cmd=+0.1
916336.763955778,916336.761709026,22591,1788822002.7232642,0.8754588297240662,0.47845898472056925,3.8799353384023045,0.07135331662265935,0.0409620001960767,0.059003626953261085,4.0,tracking,1,0.1,1,0,1,force_bus_tool_compensated,4,phathom_s_scan:tracking t=0.83 contact=1 vz_cmd=+0.1
916336.773974894,916336.771301292,22593,1788822002.732859,0.8312171258141874,0.6084512450281533,3.9634888916616138,0.08409171464092964,0.03321772266854964,0.06279449421859236,4.0,tracking,1,0.1,1,0,1,force_bus_tool_compensated,4,phathom_s_scan:tracking t=0.84 contact=1 vz_cmd=+0.1
916336.783958094,916336.781368251,22595,1788822002.742927,0.7968333846037161,0.7680569632274327,4.023171193789036,0.09928451973559627,0.035971961522467906,0.06275848646706388,4.0,tracking,1,0.0,1,0,1,force_bus_tool_compensated,4,phathom_s_scan:tracking t=0.85 contact=1 vz_cmd=+0.0
916336.793976602,916336.791828321,22597,1788822002.7533808,1.0610929748725753,0.7522392360803207,4.043236913696141,0.08876074549675703,0.022444047810262425,0.0540509744244103,4.0,tracking,1,0.0,1,0,1,force_bus_tool_compensated,4,phathom_s_scan:tracking t=0.86 contact=1 vz_cmd=+0.0
916336.803979283,916336.801345669,22599,1788822002.7629042,1.1923807580462933,0.7215827289518648,3.930938958553159,0.07324149938730456,0.017398951934665143,0.0431612607201234,4.0,tracking,1,0.0,1,0,1,force_bus_tool_compensated,4,phathom_s_scan:tracking t=0.87 contact=1 vz_cmd=+0.0
916336.813979701,916336.811581886,22601,1788822002.7731383,1.3111615254392779,0.8025986797043926,4.016283375257903,0.07215498798160891,0.002500039036746641,0.06661022715032922,4.0,tracking,1,0.0,1,0,1,force_bus_tool_compensated,4,phathom_s_scan:tracking t=0.88 contact=1 vz_cmd=+0.0
916336.823985762,916336.82178093,22603,1788822002.783333,1.2593896351161777,0.7896687349939496,4.053794299232473,0.08630701415633604,0.006892824528801396,0.05925035410917187,4.0,tracking,1,0.0,1,0,1,force_bus_tool_compensated,4,phathom_s_scan:tracking t=0.89 contact=1 vz_cmd=+0.0
916336.833981773,916336.831370133,22605,1788822002.7929268,1.0747174224840597,0.6838438188967753,3.9185563991581587,0.09279524441755255,0.02874292529583164,0.0590749474322434,4.0,tracking,1,0.0,1,0,1,force_bus_tool_compensated,4,phathom_s_scan:tracking t=0.90 contact=1 vz_cmd=+0.0
916336.843963161,916336.841538101,22607,1788822002.8030953,1.1374298532785816,0.7121926854247821,3.8115817535513887,0.07915772958603587,0.01888402775825563,0.06760705342586418,4.0,tracking,1,0.5,1,0,1,force_bus_tool_compensated,4,phathom_s_scan:tracking t=0.91 contact=1 vz_cmd=+0.5
916336.85411093,916336.851790157,22609,1788822002.8133435,1.1373476812028063,0.3916085316341392,3.8849716362317706,0.06813204630770993,0.015288089886882614,0.051304628834743356,4.0,tracking,1,0.4,1,0,1,force_bus_tool_compensated,4,phathom_s_scan:tracking t=0.92 contact=1 vz_cmd=+0.4
916336.863991879,916336.861514866,22611,1788822002.823067,0.8404060126946964,0.7914229302380644,3.9160497451846856,0.10788001583762938,0.028763719030670817,0.07064023172179837,4.0,tracking,1,0.3,1,0,1,force_bus_tool_compensated,4,phathom_s_scan:tracking t=0.93 contact=1 vz_cmd=+0.3
916336.874088859,916336.871296525,22613,1788822002.8328497,0.9951850161602696,0.7318651989639964,3.920192600611151,0.08423937168487676,0.017124147007742237,0.05078112661925208,4.0,tracking,1,0.2,1,0,1,force_bus_tool_compensated,4,phathom_s_scan:tracking t=0.94 contact=1 vz_cmd=+0.2
916336.884087122,916336.881734558,22615,1788822002.843288,0.874081706324886,0.7973861195763275,3.979559617475865,0.08559185248222591,0.03269644100121115,0.05990850387234133,4.0,tracking,1,0.1,1,0,1,force_bus_tool_compensated,4,phathom_s_scan:tracking t=0.95 contact=1 vz_cmd=+0.1
916336.894084759,916336.891373883,22617,1788822002.8529313,0.8674361978194425,0.6413101559264289,3.8326334289908957,0.06999490386659238,0.03433837064777583,0.05589602464555972,4.0,tracking,1,0.3,1,0,1,force_bus_tool_compensated,4,phathom_s_scan:tracking t=0.96 contact=1 vz_cmd=+0.3
916336.90409319,916336.901389259,22619,1788822002.8629477,0.8717077875208861,0.6906876195544623,3.8309013596131085,0.08256320105596476,0.04009320616778775,0.06116477489774902,4.0,tracking,1,0.5,1,0,1,force_bus_tool_compensated,4,phathom_s_scan:tracking t=0.97 contact=1 vz_cmd=+0.5
916336.914077442,916336.911873248,22621,1788822002.8734257,1.10630167293354,0.48948301828018737,4.049054062519387,0.08353467529302726,0.01803712662031246,0.05669214535770184,4.0,tracking,1,0.3,1,0,1,force_bus_tool_compensated,4,phathom_s_scan:tracking t=0.98 contact=1 vz_cmd=+0.3
916336.924085319,916336.921389548,22623,1788822002.8829417,1.2204200013752327,0.48396189171322296,4.1924115907202095,0.07945893960374113,0.009045274858107091,0.06057547977012294,4.0,tracking,1,-0.1,1,0,1,force_bus_tool_compensated,4,phathom_s_scan:tracking t=0.99 contact=1 vz_cmd=-0.1
916336.934063757,916336.931354547,22625,1788822002.8929117,1.1914483346962144,0.5410221074954253,3.933552651079453,0.08588385240186824,0.015391719079245525,0.056762193702417786,4.0,tracking,1,-0.1,1,0,1,force_bus_tool_compensated,4,phathom_s_scan:tracking t=1.00 contact=1 vz_cmd=-0.1
916336.944079387,916336.941714284,22627,1788822002.9032652,1.1429270317767402,0.46953207807620956,4.002299348891953,0.09458916676296589,0.024519653164858643,0.05778175316905792,4.0,tracking,1,-0.0,1,0,1,force_bus_tool_compensated,4,phathom_s_scan:tracking t=1.01 contact=1 vz_cmd=-0.0
916336.954104021,916336.951399135,22629,1788822002.912956,1.3628140463634095,0.6012174054007786,4.2363777897356,0.1039983530479701,0.014490138702272226,0.06701942003317203,4.0,tracking,1,-0.5,1,0,1,force_bus_tool_compensated,4,phathom_s_scan:tracking t=1.02 contact=1 vz_cmd=-0.5
916336.964068633,916336.961436224,22631,1788822002.9229946,1.4520199416106843,0.6530312113453126,3.9989849839036156,0.08747817493173014,-0.01347238759266172,0.060166046205283596,4.0,tracking,1,-0.4,1,0,1,force_bus_tool_compensated,4,phathom_s_scan:tracking t=1.03 contact=1 vz_cmd=-0.4
916336.974066134,916336.971326057,22633,1788822002.9328837,1.2918247116326362,0.7103613370477381,3.9988338597459636,0.08255543997489567,9.243570833115152e-05,0.051924822157273565,4.0,tracking,1,-0.3,1,0,1,force_bus_tool_compensated,4,phathom_s_scan:tracking t=1.04 contact=1 vz_cmd=-0.3
916336.984105873,916336.981705505,22635,1788822002.9432616,0.9390195042390987,0.5158404664254679,3.7597022041420267,0.07621075855935285,0.039927625283963854,0.06025677165982569,4.0,tracking,1,0.3,1,0,1,force_bus_tool_compensated,4,phathom_s_scan:tracking t=1.05 contact=1 vz_cmd=+0.3
916336.994083519,916336.991908584,22637,1788822002.953465,1.095296509418361,0.7510949342474541,3.8346932691185494,0.09104627092296924,0.017833476432998405,0.059413956889775715,4.0,tracking,1,0.7,1,0,1,force_bus_tool_compensated,4,phathom_s_scan:tracking t=1.06 contact=1 vz_cmd=+0.7
916337.004077166,916337.001713155,22639,1788822002.9632702,0.980209752125722,0.5946288664286671,3.9145023549610984,0.07736800315573805,0.026070795873892074,0.05668996805892003,4.0,tracking,1,0.5,1,0,1,force_bus_tool_compensated,4,phathom_s_scan:tracking t=1.07 contact=1 vz_cmd=+0.5
916337.014077394,916337.011408175,22641,1788822002.9729657,0.9054290029947043,0.5498237319111997,3.9037099680817615,0.07677659415093721,0.03533190743995665,0.05759534722676401,4.0,tracking,1,0.4,1,0,1,force_bus_tool_compensated,4,phathom_s_scan:tracking t=1.08 contact=1 vz_cmd=+0.4
916337.02407879,916337.021479996,22643,1788822002.983036,0.9282089318965518,0.6542479987093416,3.8050363332366173,0.09036746675792308,0.03412311627441353,0.06366453909727456,4.0,tracking,1,0.7,1,0,1,force_bus_tool_compensated,4,phathom_s_scan:tracking t=1.09 contact=1 vz_cmd=+0.7
916337.034138786,916337.031709715,22645,1788822002.9932673,0.9358945752512249,0.6678962037749901,3.7646886105151323,0.08832958505028984,0.036996857462572606,0.05650861714155777,4.0,tracking,1,1.3,1,0,1,force_bus_tool_compensated,4,phathom_s_scan:tracking t=1.10 contact=1 vz_cmd=+1.3
916337.043961419,916337.041661171,22647,1788822003.0032184,1.0942076319120375,0.7566038234900853,3.854772930567777,0.09111747864085581,0.02562759408819983,0.06457195096079728,4.0,tracking,1,1.4,1,0,1,force_bus_tool_compensated,4,phathom_s_scan:tracking t=1.11 contact=1 vz_cmd=+1.4
916337.054003414,916337.051750521,22649,1788822003.0133069,1.0373525693377301,0.7341914104429997,3.763285042764558,0.07717243058941568,0.025084148638917128,0.05973451402315712,4.0,tracking,1,1.5,1,0,1,force_bus_tool_compensated,4,phathom_s_scan:tracking t=1.12 contact=1 vz_cmd=+1.5
916337.063973377,916337.061550263,22651,1788822003.0231078,1.0958106548251543,0.8582260575759527,3.8934746433101894,0.10025837880305316,0.02297653947647287,0.06693406211063872,4.0,tracking,1,1.2,1,0,1,force_bus_tool_compensated,4,phathom_s_scan:tracking t=1.13 contact=1 vz_cmd=+1.2
916337.073954439,916337.071357703,22653,1788822003.032915,1.2733384739343039,0.8099833180401377,3.9118232558711927,0.08902782860584688,0.010071201923926328,0.0630439526518383,4.0,tracking,1,0.8,1,0,1,force_bus_tool_compensated,4,phathom_s_scan:tracking t=1.14 contact=1 vz_cmd=+0.8
916337.083961126,916337.081678309,22655,1788822003.043234,1.210278149427773,0.8100657928586618,3.7953868294374775,0.0992356401938098,0.02153328934231657,0.06794463935007256,4.0,tracking,1,0.9,1,0,1,force_bus_tool_compensated,4,phathom_s_scan:tracking t=1.15 contact=1 vz_cmd=+0.9
916337.093956736,916337.091393514,22657,1788822003.052952,1.237380677331686,0.46801982180662954,3.8175343109071163,0.0766857810993956,0.029286674402959328,0.05480535976059846,4.0,tracking,1,1.1,1,0,1,force_bus_tool_compensated,4,phathom_s_scan:tracking t=1.16 contact=1 vz_cmd=+1.1
916337.103955164,916337.101334781,22659,1788822003.062892,1.4404937374964584,0.505873408638775,3.9133316577532185,0.06857462622516781,-0.0019779169355081563,0.05990667512354625,4.0,tracking,1,0.8,1,0,1,force_bus_tool_compensated,4,phathom_s_scan:tracking t=1.17 contact=1 vz_cmd=+0.8
916337.113970522,916337.1115044,22661,1788822003.0730588,1.0201708042908355,0.6782225361639099,3.7687080713197267,0.08729203334299379,0.02154777873864579,0.0591011062984426,4.0,tracking,1,1.1,1,0,1,force_bus_tool_compensated,4,phathom_s_scan:tracking t=1.18 contact=1 vz_cmd=+1.1
916337.123971881,916337.121678789,22663,1788822003.0832307,0.8387706296240247,0.6556918639596285,3.6277873150129496,0.09373907662160054,0.049160774720363024,0.06454396924127279,4.0,tracking,1,2.5,1,0,1,force_bus_tool_compensated,4,phathom_s_scan:tracking t=1.19 contact=1 vz_cmd=+2.5
916337.133974889,916337.131417262,22665,1788822003.0929747,1.1456919216362214,0.7808271332026232,3.8678103206733025,0.10200249979564828,0.01832307528802598,0.07132525445940376,4.0,tracking,1,2.0,1,0,1,force_bus_tool_compensated,4,phathom_s_scan:tracking t=1.20 contact=1 vz_cmd=+2.0
916337.143977314,916337.141742491,22667,1788822003.103295,0.8429966931765636,0.8621522967161867,3.549878764538735,0.09019991613751538,0.033826340519704734,0.06880494257708361,4.0,tracking,1,3.5,1,0,1,force_bus_tool_compensated,4,phathom_s_scan:tracking t=1.21 contact=1 vz_cmd=+3.5
916337.153954901,916337.151354077,22669,1788822003.1129117,1.0872984802898884,0.7358489498713499,3.6137523232007522,0.08302436182068049,0.01365574092470287,0.05740444313465386,4.0,tracking,1,4.8,1,0,1,force_bus_tool_compensated,4,phathom_s_scan:tracking t=1.22 contact=1 vz_cmd=+4.8
916337.163954759,916337.161793019,22671,1788822003.1233504,0.9739302640881369,0.5929957443622842,3.728133165566482,0.07536555911846983,0.0267535461434165,0.05496536876433557,4.0,tracking,1,4.4,1,0,1,force_bus_tool_compensated,4,phathom_s_scan:tracking t=1.24 contact=1 vz_cmd=+4.4
916337.173968629,916337.171270084,22673,1788822003.132827,0.8464872761364584,0.6616609902603419,3.4937954740844486,0.07936972545709205,0.024048126980432724,0.05876439707893977,4.0,tracking,1,5.6,1,0,1,force_bus_tool_compensated,4,phathom_s_scan:tracking t=1.24 contact=1 vz_cmd=+5.6
916337.183971356,916337.181480323,22675,1788822003.1430368,1.2929974472653207,0.39607304707409574,3.795815435163039,0.0796643602772831,0.004877017996666515,0.0671095348357609,4.0,tracking,1,5.0,1,0,1,force_bus_tool_compensated,4,phathom_s_scan:tracking t=1.25 contact=1 vz_cmd=+5.0
916337.193976471,916337.191357257,22677,1788822003.1529138,1.0753651220389175,0.5570403228952016,3.785968831093519,0.09041691526595486,0.020646425566974373,0.07298155475687808,4.0,tracking,1,4.0,1,0,1,force_bus_tool_compensated,4,phathom_s_scan:tracking t=1.26 contact=1 vz_cmd=+4.0
916337.203971113,916337.201610871,22679,1788822003.163167,1.4362865372312332,0.5292046404685066,3.835085153032304,0.0887997500402812,-0.002837619770931112,0.04364782839122015,4.0,tracking,1,3.1,1,0,1,force_bus_tool_compensated,4,phathom_s_scan:tracking t=1.27 contact=1 vz_cmd=+3.1
916337.213972263,916337.211560042,22681,1788822003.173103,1.1884111424618353,0.6361160798128377,3.9199814627677103,0.09167916516266496,0.02091853128034133,0.06789891321605092,4.0,tracking,1,2.1,1,0,1,force_bus_tool_compensated,4,phathom_s_scan:tracking t=1.28 contact=1 vz_cmd=+2.1
916337.223969133,916337.221476393,22683,1788822003.1830316,1.1806361551637452,0.6021857752706794,3.8676131268664404,0.0890658680717326,0.02432644282806103,0.061800951288011136,4.0,tracking,1,1.5,1,0,1,force_bus_tool_compensated,4,phathom_s_scan:tracking t=1.29 contact=1 vz_cmd=+1.5
916337.234101566,916337.231747731,22685,1788822003.1932986,1.1906845671823811,0.5756755587446585,3.775237528183835,0.0795371864607288,0.022725602188501736,0.05935694625078762,4.0,tracking,1,1.8,1,0,1,force_bus_tool_compensated,4,phathom_s_scan:tracking t=1.30 contact=1 vz_cmd=+1.8
916337.243987754,916337.241730797,22687,1788822003.2032852,1.2348078668855045,0.3744592434011466,3.8994232313205694,0.0692643806654917,0.018817550087136127,0.053457999472395414,4.0,tracking,1,1.5,1,0,1,force_bus_tool_compensated,4,phathom_s_scan:tracking t=1.32 contact=1 vz_cmd=+1.5
916337.253977918,916337.252026756,22689,1788822003.2135766,1.2222466312857907,0.13961264616443633,4.100899023669854,0.0613036620061359,0.018055525010104698,0.04265579774443924,4.0,tracking,1,1.0,1,0,1,force_bus_tool_compensated,4,phathom_s_scan:tracking t=1.32 contact=1 vz_cmd=+1.0
916337.263972597,916337.26171371,22691,1788822003.2232685,0.9343326224679693,0.3502726885236347,3.8927432927998566,0.07584525766926123,0.036836915584824534,0.05739921187665249,4.0,tracking,1,0.7,1,0,1,force_bus_tool_compensated,4,phathom_s_scan:tracking t=1.33 contact=1 vz_cmd=+0.7
916337.273975091,916337.27157371,22693,1788822003.2331278,1.1239251999582023,0.4836209798704758,3.9906082385577992,0.09133129183765135,0.02266824012164342,0.0601877468061878,4.0,tracking,1,0.5,1,0,1,force_bus_tool_compensated,4,phathom_s_scan:tracking t=1.34 contact=1 vz_cmd=+0.5
916337.283982248,916337.282361765,22695,1788822003.243912,1.06804519800871,0.5102444733048265,4.016237881712244,0.0875211502455064,0.025756442892109616,0.05568441398689411,4.0,tracking,1,0.3,1,0,1,force_bus_tool_compensated,4,phathom_s_scan:tracking t=1.35 contact=1 vz_cmd=+0.3
916337.293966623,916337.291434597,22697,1788822003.2529914,1.1687813465249,0.8983736416803937,4.043549421543907,0.10871871951773936,0.018113241927139128,0.07143369992335905,4.0,tracking,1,0.2,1,0,1,force_bus_tool_compensated,4,phathom_s_scan:tracking t=1.36 contact=1 vz_cmd=+0.2
916337.303962495,916337.302958147,22699,1788822003.264515,1.1735073220293992,0.7668223481774982,4.0928930148874425,0.0931820396980597,0.02517778587613507,0.06131978993696228,4.0,tracking,1,-0.0,1,0,1,force_bus_tool_compensated,4,phathom_s_scan:tracking t=1.37 contact=1 vz_cmd=-0.0
916337.313971098,916337.312292724,22701,1788822003.2738488,1.280264686760083,0.4879917060012182,3.955419452389156,0.07154437502134235,0.02889314316933867,0.06182231643741331,4.0,tracking,1,-0.0,1,0,1,force_bus_tool_compensated,4,phathom_s_scan:tracking t=1.39 contact=1 vz_cmd=-0.0
916337.32396282,916337.321942311,22703,1788822003.2834978,1.441413070940834,0.5353091185945309,3.927050131097852,0.07274434547417448,0.018052009491424912,0.057184101378482385,4.0,tracking,1,-0.0,1,0,1,force_bus_tool_compensated,4,phathom_s_scan:tracking t=1.39 contact=1 vz_cmd=-0.0
916337.333963987,916337.332054713,22705,1788822003.2936113,1.5449929198529757,0.41905201373032813,3.964150483007961,0.06661890867166678,0.021999517494546456,0.05585655013506438,4.0,tracking,1,-0.0,1,0,1,force_bus_tool_compensated,4,phathom_s_scan:tracking t=1.40 contact=1 vz_cmd=-0.0
916337.343986282,916337.341950097,22707,1788822003.3035064,1.751902007531807,0.4002593664384821,3.782231477650072,0.08129672307812091,0.038200973924564875,0.0608453613036245,4.0,tracking,1,0.4,1,0,1,force_bus_tool_compensated,4,phathom_s_scan:tracking t=1.41 contact=1 vz_cmd=+0.4
916337.35399485,916337.3519465,22709,1788822003.3135026,1.610948743400197,0.12138219920626657,4.074247905818644,0.07213037111080417,0.018715287506946836,0.05326168790857856,4.0,tracking,1,0.3,1,0,1,force_bus_tool_compensated,4,phathom_s_scan:tracking t=1.42 contact=1 vz_cmd=+0.3
916337.363991268,916337.362078694,22711,1788822003.3236341,1.1105219418082553,0.44000004584824604,3.8604913768514133,0.087617605648944,0.01177801474062169,0.06252079259876071,4.0,tracking,1,0.3,1,0,1,force_bus_tool_compensated,4,phathom_s_scan:tracking t=1.43 contact=1 vz_cmd=+0.3
916337.373971503,916337.372035593,22713,1788822003.3335917,1.1401797741834412,0.2707125586051684,3.6569266526532775,0.0870539227931317,0.026545123421400432,0.05998255271637081,4.0,tracking,1,1.8,1,0,1,force_bus_tool_compensated,4,phathom_s_scan:tracking t=1.44 contact=1 vz_cmd=+1.8
916337.38397642,916337.381512298,22715,1788822003.3430688,0.9622959859868785,0.5966267838364961,3.7009859108138183,0.10205509576038348,0.03408353053404298,0.06858930533463192,4.0,tracking,1,2.7,1,0,1,force_bus_tool_compensated,4,phathom_s_scan:tracking t=1.45 contact=1 vz_cmd=+2.7
916337.394016124,916337.391709571,22717,1788822003.3532596,1.0317203673715665,0.5404297597280003,3.803475172860699,0.09566176550374839,0.026992252109513785,0.06066297678528802,4.0,tracking,1,2.7,1,0,1,force_bus_tool_compensated,4,phathom_s_scan:tracking t=1.47 contact=1 vz_cmd=+2.7
916337.403995108,916337.40150343,22719,1788822003.3630576,1.0737448668869294,0.6093170666865263,3.898912380045393,0.0919243031554554,0.01924257209126029,0.062329920591709415,4.0,tracking,1,1.9,1,0,1,force_bus_tool_compensated,4,phathom_s_scan:tracking t=1.47 contact=1 vz_cmd=+1.9
916337.413969444,916337.411667072,22721,1788822003.3732226,1.0440002147486542,0.5936878721351986,3.979258975743496,0.09974393124613527,0.023699857592619264,0.07203746399926471,4.0,tracking,1,1.3,1,0,1,force_bus_tool_compensated,4,phathom_s_scan:tracking t=1.48 contact=1 vz_cmd=+1.3
916337.423968967,916337.421407709,22723,1788822003.3829625,1.0066310219063208,0.42329201163311164,3.8867135911880357,0.08997761538682401,0.03338371122405919,0.07238337375419128,4.0,tracking,1,0.9,1,0,1,force_bus_tool_compensated,4,phathom_s_scan:tracking t=1.49 contact=1 vz_cmd=+0.9
916337.433965697,916337.430783202,22724,1788822003.392338,0.8981535787339929,0.21280164909142849,3.807793359661408,0.06935080066995229,0.047713324019504476,0.05955908641662527,4.0,tracking,1,1.0,1,0,1,force_bus_tool_compensated,4,phathom_s_scan:tracking t=1.50 contact=1 vz_cmd=+1.0
916337.443966519,916337.443793127,22727,1788822003.4053495,1.2501178703479923,0.6109646391639724,3.9577143471073106,0.1012999138183497,0.026556404114179744,0.0666384475829075,4.0,tracking,1,0.5,1,0,1,force_bus_tool_compensated,4,phathom_s_scan:tracking t=1.52 contact=1 vz_cmd=+0.5
916337.453962112,916337.452073289,22729,1788822003.4136295,1.3601168749062538,0.7225356483569988,3.9769978795311407,0.09830647194668832,0.03416114994505826,0.06853799732688975,4.0,tracking,1,0.4,1,0,1,force_bus_tool_compensated,4,phathom_s_scan:tracking t=1.53 contact=1 vz_cmd=+0.4
916337.463962946,916337.461907903,22731,1788822003.4234662,1.4341503446608883,0.6550673265577711,4.012422321660824,0.09137652881218027,0.03571112359951242,0.061136237701731475,4.0,tracking,1,0.3,1,0,1,force_bus_tool_compensated,4,phathom_s_scan:tracking t=1.53 contact=1 vz_cmd=+0.3
916337.473959424,916337.471358787,22733,1788822003.4329157,1.7479541294010823,0.5284436969980535,4.143959177904468,0.07437206564555185,0.011249330391998078,0.05626722580992455,4.0,tracking,1,0.1,1,0,1,force_bus_tool_compensated,4,phathom_s_scan:tracking t=1.54 contact=1 vz_cmd=+0.1
916337.48396785,916337.481602233,22735,1788822003.4431577,1.9340780880955084,0.6906102517852842,4.111098703908215,0.08306656314536125,0.017374208694173485,0.05979708452445841,4.0,tracking,1,-0.3,1,0,1,force_bus_tool_compensated,4,phathom_s_scan:tracking t=1.55 contact=1 vz_cmd=-0.3
916337.493969604,916337.491394086,22737,1788822003.4529483,2.102198167452758,0.4058923790544527,4.074926211802465,0.07198553695767126,0.013720503449079437,0.05556082827113242,4.0,tracking,1,-0.2,1,0,1,force_bus_tool_compensated,4,phathom_s_scan:tracking t=1.56 contact=1 vz_cmd=-0.2
916337.503983447,916337.501446037,22739,1788822003.4630027,1.0944743968036068,0.408957158342642,3.954769766673611,0.08429522411237939,0.03002748289647065,0.0646212058984417,4.0,tracking,1,-0.1,1,0,1,force_bus_tool_compensated,4,phathom_s_scan:tracking t=1.57 contact=1 vz_cmd=-0.1
916337.513969607,916337.511608865,22741,1788822003.473162,1.2604539638638015,0.7138400152426851,3.8116370444004,0.11399437114456529,0.02687037514367567,0.06982733165505192,4.0,tracking,1,0.2,1,0,1,force_bus_tool_compensated,4,phathom_s_scan:tracking t=1.58 contact=1 vz_cmd=+0.2
916337.523957418,916337.521393395,22743,1788822003.4829502,1.0055748715880248,0.7531726826488269,3.8481968859955167,0.09913263232868041,0.03767835841205878,0.0637741968008616,4.0,tracking,1,0.5,1,0,1,force_bus_tool_compensated,4,phathom_s_scan:tracking t=1.59 contact=1 vz_cmd=+0.5
916337.533991706,916337.531367353,22745,1788822003.492924,1.2761558514564602,0.4846813954247798,4.001751759339324,0.07673819811303133,0.01166632325785569,0.05852975969280212,4.0,tracking,1,0.3,1,0,1,force_bus_tool_compensated,4,phathom_s_scan:tracking t=1.60 contact=1 vz_cmd=+0.3
916337.543961376,916337.541539827,22747,1788822003.5030963,1.2234675204972956,0.5876970655830587,4.080304648587047,0.0818396531456571,0.010644892998388661,0.05548666131239049,4.0,tracking,1,0.2,1,0,1,force_bus_tool_compensated,4,phathom_s_scan:tracking t=1.61 contact=1 vz_cmd=+0.2
916337.553984603,916337.55139503,22749,1788822003.5129504,1.1552661675325409,0.6669567232017837,3.9274373218646863,0.08353789162008055,0.020438919261900727,0.05077702780277865,4.0,tracking,1,0.1,1,0,1,force_bus_tool_compensated,4,phathom_s_scan:tracking t=1.62 contact=1 vz_cmd=+0.1
916337.563983775,916337.561682293,22751,1788822003.5232396,1.143178309771024,0.5976152055748417,3.7299460145171386,0.0851707080350129,0.03230655836160298,0.0678668753041205,4.0,tracking,1,0.9,1,0,1,force_bus_tool_compensated,4,phathom_s_scan:tracking t=1.63 contact=1 vz_cmd=+0.9
916337.57396723,916337.571486283,22753,1788822003.5330424,1.033407424048172,0.46902834514180386,3.812226241444761,0.08565542828034252,0.03858432056473476,0.06263667575996265,4.0,tracking,1,1.3,1,0,1,force_bus_tool_compensated,4,phathom_s_scan:tracking t=1.64 contact=1 vz_cmd=+1.3
916337.583996972,916337.581655894,22755,1788822003.5432107,1.497291380439246,0.3357555996267843,4.011940769502383,0.08961771231968499,0.01914454031290584,0.05913834806167456,4.0,tracking,1,0.9,1,0,1,force_bus_tool_compensated,4,phathom_s_scan:tracking t=1.65 contact=1 vz_cmd=+0.9
916337.593966554,916337.591562663,22757,1788822003.5531192,1.5362625492348365,0.261075621244209,3.9409033328650045,0.08295035162394304,0.030830106692502524,0.05916383768904236,4.0,tracking,1,0.6,1,0,1,force_bus_tool_compensated,4,phathom_s_scan:tracking t=1.66 contact=1 vz_cmd=+0.6
916337.603978929,916337.601444254,22759,1788822003.5630002,1.1622304858472177,0.24853744633356628,3.897911349654396,0.09224849185085982,0.02353505231355826,0.05674088819824073,4.0,tracking,1,0.4,1,0,1,force_bus_tool_compensated,4,phathom_s_scan:tracking t=1.67 contact=1 vz_cmd=+0.4
916337.61399423,916337.611570831,22761,1788822003.5731275,1.1606901978047262,0.44890515278249354,3.732443373810863,0.10079629453766012,0.016082465138700194,0.06593811742424649,4.0,tracking,1,1.1,1,0,1,force_bus_tool_compensated,4,phathom_s_scan:tracking t=1.68 contact=1 vz_cmd=+1.1
916337.623959672,916337.621423164,22763,1788822003.58298,1.2067112329033691,0.3176184266024943,3.62866947840506,0.07599236470116204,0.035603184060302516,0.05709357316904401,4.0,tracking,1,2.4,1,0,1,force_bus_tool_compensated,4,phathom_s_scan:tracking t=1.69 contact=1 vz_cmd=+2.4
916337.633983053,916337.631810081,22765,1788822003.593367,1.1130037998429376,0.08066084145023462,3.6141306079224402,0.0552176505300763,0.03342447830589879,0.04989975177079638,4.0,tracking,1,3.9,1,0,1,force_bus_tool_compensated,4,phathom_s_scan:tracking t=1.70 contact=1 vz_cmd=+3.9
916337.643959235,916337.641452525,22767,1788822003.603007,1.2193680990844573,0.09559019158213623,3.8457527952560215,0.07107204707290332,0.015066258842587147,0.042684413305074026,4.0,tracking,1,3.1,1,0,1,force_bus_tool_compensated,4,phathom_s_scan:tracking t=1.71 contact=1 vz_cmd=+3.1
916337.653956854,916337.651533424,22769,1788822003.613086,0.9927708571360032,0.5334604896979765,3.7882550769696453,0.10090742606224781,0.023582220947733865,0.07590308915914488,4.0,tracking,1,2.9,1,0,1,force_bus_tool_compensated,4,phathom_s_scan:tracking t=1.72 contact=1 vz_cmd=+2.9
916337.663955097,916337.661433844,22771,1788822003.6229918,1.1936653930712458,0.47117420086952316,3.826452555907126,0.08949956452023004,0.02149258297574307,0.05592893502501871,4.0,tracking,1,2.2,1,0,1,force_bus_tool_compensated,4,phathom_s_scan:tracking t=1.73 contact=1 vz_cmd=+2.2
916337.673962707,916337.671393006,22773,1788822003.63295,1.0195783489226513,0.5511668668479605,3.67874630293039,0.09871274131475835,0.036919992995033374,0.06665822768016494,4.0,tracking,1,2.9,1,0,1,force_bus_tool_compensated,4,phathom_s_scan:tracking t=1.74 contact=1 vz_cmd=+2.9
916337.683981605,916337.681475669,22775,1788822003.643032,1.1109950493648526,0.7375387471298956,3.8471861855382645,0.1047321578852467,0.03378200102545562,0.060064678501771086,4.0,tracking,1,2.5,1,0,1,force_bus_tool_compensated,4,phathom_s_scan:tracking t=1.75 contact=1 vz_cmd=+2.5
916337.693962754,916337.691369598,22777,1788822003.6529264,0.9346878766832323,0.28164892809926856,3.6987902960210963,0.06112891582429783,0.04564653225307523,0.06159287930494246,4.0,tracking,1,2.8,1,0,1,force_bus_tool_compensated,4,phathom_s_scan:tracking t=1.76 contact=1 vz_cmd=+2.8
916337.703978876,916337.701356718,22779,1788822003.6629143,1.2858557286691608,0.4200852191955577,3.935501631653485,0.08742205428569129,0.01983922576720958,0.06236474779341178,4.0,tracking,1,2.2,1,0,1,force_bus_tool_compensated,4,phathom_s_scan:tracking t=1.77 contact=1 vz_cmd=+2.2
916337.713987649,916337.711781329,22781,1788822003.6733332,1.1660696833013893,0.6005183538577454,3.964927970984945,0.10412466289573846,0.03248351137904165,0.06893268713365873,4.0,tracking,1,1.4,1,0,1,force_bus_tool_compensated,4,phathom_s_scan:tracking t=1.78 contact=1 vz_cmd=+1.4
916337.723981121,916337.721313036,22783,1788822003.6828706,1.294162514155398,0.2926796050707151,3.854988916424753,0.0762666867984571,0.041088683533347214,0.058335957241964366,4.0,tracking,1,1.1,1,0,1,force_bus_tool_compensated,4,phathom_s_scan:tracking t=1.79 contact=1 vz_cmd=+1.1
916337.7339598,916337.731437295,22785,1788822003.692994,1.2619191526042604,-0.04402359036784909,3.886692226006286,0.07275385343320967,0.03640726764565275,0.06307728493512786,4.0,tracking,1,0.8,1,0,1,force_bus_tool_compensated,4,phathom_s_scan:tracking t=1.80 contact=1 vz_cmd=+0.8
916337.743966678,916337.741608627,22787,1788822003.7031653,1.4954356464679293,0.25603007224223207,4.169776458278824,0.12308991028717337,0.01884435789566915,0.07631447132225425,4.0,tracking,1,0.4,1,0,1,force_bus_tool_compensated,4,phathom_s_scan:tracking t=1.81 contact=1 vz_cmd=+0.4
916337.753978729,916337.74639951,22788,1788822003.7079573,1.6531486874948875,0.17825110860304091,4.113540934720914,0.10846690165384677,0.022713149767055907,0.06650345733332769,4.0,tracking,1,0.3,1,0,1,force_bus_tool_compensated,4,phathom_s_scan:tracking t=1.82 contact=1 vz_cmd=+0.3
916337.763983618,916337.763712245,22791,1788822003.7252643,1.1248605423117786,-0.06083357887852073,3.971001994443049,0.08232688877325205,0.016840587179182374,0.05406627862544488,4.0,tracking,1,0.1,1,0,1,force_bus_tool_compensated,4,phathom_s_scan:tracking t=1.84 contact=1 vz_cmd=+0.1
916337.773961976,916337.771653758,22793,1788822003.7332098,1.1898654444907315,0.23396687827911555,4.059426870514278,0.10461559618090735,0.010586774640271461,0.07005937996053958,4.0,tracking,1,0.1,1,0,1,force_bus_tool_compensated,4,phathom_s_scan:tracking t=1.85 contact=1 vz_cmd=+0.1
916337.783991114,916337.781514794,22795,1788822003.7430675,1.0850994036867045,0.267510815453185,4.003318581327104,0.09463812420112146,0.03272499366098095,0.06593058543793441,4.0,tracking,1,0.1,1,0,1,force_bus_tool_compensated,4,phathom_s_scan:tracking t=1.85 contact=1 vz_cmd=+0.1
916337.793981372,916337.79141078,22797,1788822003.752969,1.2548934928781275,0.441334042380626,4.293098799885918,0.11123853243228808,0.021557826862512865,0.07456201624266992,4.0,tracking,1,-0.7,1,0,1,force_bus_tool_compensated,4,phathom_s_scan:tracking t=1.86 contact=1 vz_cmd=-0.7
916337.803979523,916337.801422808,22799,1788822003.7629805,1.0843518332903508,0.3382009382642996,4.208026296197586,0.09223847820085276,0.03435348448734633,0.06578001111250423,4.0,tracking,1,-1.4,1,0,1,force_bus_tool_compensated,4,phathom_s_scan:tracking t=1.87 contact=1 vz_cmd=-1.4
916337.813992938,916337.811416521,22801,1788822003.772973,1.243938094525884,0.22614615332568128,4.333406346386328,0.08890418735272732,0.020222794452926608,0.0683031065896909,4.0,tracking,1,-2.4,1,0,1,force_bus_tool_compensated,4,phathom_s_scan:tracking t=1.88 contact=1 vz_cmd=-2.4
916337.823962668,916337.821401733,22803,1788822003.7829587,1.171585387368639,0.43508568247404267,4.3441676454730995,0.10726433067018044,0.026926595826216964,0.07228478578037897,4.0,tracking,1,-3.3,1,0,1,force_bus_tool_compensated,4,phathom_s_scan:tracking t=1.90 contact=1 vz_cmd=-3.3
916337.83398751,916337.831378411,22805,1788822003.7929354,1.1605535320102442,0.5510448833947621,4.293519334245574,0.11260791341162207,0.03825198042085636,0.0664423397347984,4.0,tracking,1,-3.6,1,0,1,force_bus_tool_compensated,4,phathom_s_scan:tracking t=1.90 contact=1 vz_cmd=-3.6
916337.844003532,916337.841426252,22807,1788822003.8029838,1.555847909677456,0.2772408896522428,4.285107943417783,0.08343985495819765,0.027760717640522715,0.058977191023606115,4.0,tracking,1,-3.7,1,0,1,force_bus_tool_compensated,4,phathom_s_scan:tracking t=1.91 contact=1 vz_cmd=-3.7
916337.853965676,916337.85135854,22809,1788822003.812913,1.7153471640517666,0.2878244383512205,4.4483989803825645,0.0925985208355796,0.019507318196873263,0.06387276648022344,4.0,tracking,1,-4.8,1,0,1,force_bus_tool_compensated,4,phathom_s_scan:tracking t=1.93 contact=1 vz_cmd=-4.8
916337.863976893,916337.861405716,22811,1788822003.8229623,1.927368429975175,0.5887271912190569,4.237657344906701,0.11176816212810206,0.019696774030770407,0.06757365781949282,4.0,tracking,1,-4.6,1,0,1,force_bus_tool_compensated,4,phathom_s_scan:tracking t=1.94 contact=1 vz_cmd=-4.6
916337.873967401,916337.871423166,22813,1788822003.8329802,1.9225355428216822,0.3553560587290628,4.182982453559087,0.08118930260046016,0.02635414286635737,0.05177732516403029,4.0,tracking,1,-3.6,1,0,1,force_bus_tool_compensated,4,phathom_s_scan:tracking t=1.94 contact=1 vz_cmd=-3.6
916337.883958176,916337.881461166,22815,1788822003.8430176,2.1872332932788656,0.3534972034382672,4.111960026483554,0.07605871747331944,0.01989477663430089,0.05769211175987233,4.0,tracking,1,-2.5,1,0,1,force_bus_tool_compensated,4,phathom_s_scan:tracking t=1.95 contact=1 vz_cmd=-2.5
916337.893954976,916337.891430321,22817,1788822003.8529892,1.3965178273627599,0.4560858539856222,3.8097023197951616,0.08349253809380239,0.019904715118470917,0.05498174017047733,4.0,tracking,1,-1.4,1,0,1,force_bus_tool_compensated,4,phathom_s_scan:tracking t=1.96 contact=1 vz_cmd=-1.4
916337.904076189,916337.901469704,22819,1788822003.8630269,1.3093460085700313,0.6011393426642748,3.758108780389544,0.0884952770587131,0.02528520834127934,0.07454124368759067,4.0,tracking,1,0.1,1,0,1,force_bus_tool_compensated,4,phathom_s_scan:tracking t=1.97 contact=1 vz_cmd=+0.1
916337.91407862,916337.911376982,22821,1788822003.8729339,1.2803286316177886,0.6680573889427505,3.9207516644417146,0.10016815823004506,0.01776832561059655,0.06777874418127683,4.0,tracking,1,0.1,1,0,1,force_bus_tool_compensated,4,phathom_s_scan:tracking t=1.98 contact=1 vz_cmd=+0.1
916337.924129447,916337.92195735,22823,1788822003.883511,1.2170178514399812,0.6183517849209937,4.102010142227676,0.09071420793513026,0.014538218315239625,0.0611116203379304,4.0,tracking,1,0.1,1,0,1,force_bus_tool_compensated,4,phathom_s_scan:tracking t=2.00 contact=1 vz_cmd=+0.1
916337.934074732,916337.931377296,22825,1788822003.8929353,1.2173141881388647,0.8444398979235916,4.077886444338631,0.10510264769340218,0.017031405690424755,0.07616364703459454,4.0,tracking,1,0.0,1,0,1,force_bus_tool_compensated,4,phathom_s_scan:tracking t=2.00 contact=1 vz_cmd=+0.0
916337.944075333,916337.941398981,22827,1788822003.9029567,1.1069743489647705,0.6648836597023366,3.946123827867307,0.077577618410758,0.034963182718693225,0.0643744761640896,4.0,tracking,1,0.0,1,0,1,force_bus_tool_compensated,4,phathom_s_scan:tracking t=2.01 contact=1 vz_cmd=+0.0
916337.953966538,916337.951637025,22829,1788822003.913191,1.2818537833465078,0.7513458205581219,4.0119296429560345,0.09609291966509494,0.028688175437563596,0.07162680338596697,4.0,tracking,1,0.0,1,0,1,force_bus_tool_compensated,4,phathom_s_scan:tracking t=2.02 contact=1 vz_cmd=+0.0
916337.963987767,916337.961392329,22831,1788822003.9229505,1.4093373197432937,0.8095153692040291,4.078002113540246,0.09515100329539247,0.02688028969806603,0.06138621168887827,4.0,tracking,1,-0.0,1,0,1,force_bus_tool_compensated,4,phathom_s_scan:tracking t=2.03 contact=1 vz_cmd=-0.0
916337.974054458,916337.971392543,22833,1788822003.93295,1.208804188950118,0.25982305336229616,3.7068702425337263,0.06309598521127859,0.041877652462889735,0.0670364786330357,4.0,tracking,1,1.0,1,0,1,force_bus_tool_compensated,4,phathom_s_scan:tracking t=2.05 contact=1 vz_cmd=+1.0
916337.984079392,916337.981630238,22835,1788822003.9431832,1.2852241783415614,-0.0315765586540299,3.938759318004062,0.08511125579066708,0.01807865664307274,0.06521770009939812,4.0,tracking,1,0.8,1,0,1,force_bus_tool_compensated,4,phathom_s_scan:tracking t=2.05 contact=1 vz_cmd=+0.8
916337.993994365,916337.991288646,22837,1788822003.952841,1.0955414623157733,-0.1537637837353222,4.096749058268292,0.10769230148858909,0.010743304631877872,0.07838487250202594,4.0,tracking,1,0.5,1,0,1,force_bus_tool_compensated,4,phathom_s_scan:tracking t=2.06 contact=1 vz_cmd=+0.5
916338.004075609,916338.001380618,22839,1788822003.9629388,0.8418968365467081,-0.04599263995213855,3.8140356774860917,0.09793028939107842,0.009636284959640938,0.0776158970165519,4.0,tracking,1,0.6,1,0,1,force_bus_tool_compensated,4,phathom_s_scan:tracking t=2.07 contact=1 vz_cmd=+0.6
916338.013969869,916338.011565788,22841,1788822003.973116,0.5798478873285768,-0.15410766374441023,3.9132541286812863,0.1028183903856385,0.03147674685348369,0.07875082280720438,4.0,tracking,1,0.5,1,0,1,force_bus_tool_compensated,4,phathom_s_scan:tracking t=2.08 contact=1 vz_cmd=+0.5
916338.024075118,916338.021582079,22843,1788822003.9831376,0.8778562240405516,0.06597152258825908,3.9553484384944655,0.10840489090094092,0.010747228772297276,0.07656607406449502,4.0,tracking,1,0.3,1,0,1,force_bus_tool_compensated,4,phathom_s_scan:tracking t=2.09 contact=1 vz_cmd=+0.3
916338.0340721,916338.031658238,22845,1788822003.9932163,0.9619813852078434,-0.22389128960255977,3.5564446989438316,0.07234104809618469,0.023583915072080713,0.0627248194976262,4.0,tracking,1,1.4,1,0,1,force_bus_tool_compensated,4,phathom_s_scan:tracking t=2.10 contact=1 vz_cmd=+1.4
916338.044071862,916338.041755681,22847,1788822004.0033088,0.7704987715673532,0.041610735294334185,3.730567175278645,0.09763812739734884,0.026011276003266044,0.08211731535445334,4.0,tracking,1,3.2,1,0,1,force_bus_tool_compensated,4,phathom_s_scan:tracking t=2.11 contact=1 vz_cmd=+3.2
916338.054075072,916338.051735988,22849,1788822004.013294,0.9611471431535394,0.17072385435754248,4.082137827385879,0.10419352035143914,0.004309623064693078,0.07443482677348295,4.0,tracking,1,2.1,1,0,1,force_bus_tool_compensated,4,phathom_s_scan:tracking t=2.13 contact=1 vz_cmd=+2.1
916338.063962227,916338.061436152,22851,1788822004.0229912,1.002902213862006,0.19299393532861275,3.940904699296416,0.11089072749450421,0.01372909097356815,0.07716784907608273,4.0,tracking,1,1.4,1,0,1,force_bus_tool_compensated,4,phathom_s_scan:tracking t=2.13 contact=1 vz_cmd=+1.4
916338.073996191,916338.07140606,22853,1788822004.0329607,0.8055326504013236,0.21107034557843035,3.783778866184954,0.11408485958881648,0.025043448860948656,0.08202081045784795,4.0,tracking,1,1.7,1,0,1,force_bus_tool_compensated,4,phathom_s_scan:tracking t=2.14 contact=1 vz_cmd=+1.7
916338.084067704,916338.081456468,22855,1788822004.0430143,1.126945406011403,0.11438287389543966,4.383406140783347,0.11661619189964907,-0.013379841169055745,0.0775906530567635,4.0,tracking,1,-0.1,1,0,1,force_bus_tool_compensated,4,phathom_s_scan:tracking t=2.15 contact=1 vz_cmd=-0.1
916338.093992252,916338.091400366,22857,1788822004.0529573,1.0846308741113821,0.3116374469202664,4.007183248845348,0.12219557702369158,0.015158473882612974,0.09123879148186442,4.0,tracking,1,-0.6,1,0,1,force_bus_tool_compensated,4,phathom_s_scan:tracking t=2.16 contact=1 vz_cmd=-0.6
916338.104113735,916338.10160672,22859,1788822004.0631647,1.276364666989663,-0.10939803090377584,3.8942742966486947,0.09557573218751064,0.011737365836091147,0.07132767294055187,4.0,tracking,1,-0.3,1,0,1,force_bus_tool_compensated,4,phathom_s_scan:tracking t=2.17 contact=1 vz_cmd=-0.3
916338.11396,916338.11133656,22861,1788822004.0728931,1.3230344008861017,0.10214032185359212,3.6845726893357282,0.11500717253109467,0.01831981370685865,0.0878448868393706,4.0,tracking,1,0.7,1,0,1,force_bus_tool_compensated,4,phathom_s_scan:tracking t=2.18 contact=1 vz_cmd=+0.7
916338.124073499,916338.121671346,22863,1788822004.0832279,1.3147192045883576,0.09370564598005493,4.059558711980353,0.10966630369914752,0.002938566774422802,0.08233578859091731,4.0,tracking,1,0.9,1,0,1,force_bus_tool_compensated,4,phathom_s_scan:tracking t=2.19 contact=1 vz_cmd=+0.9
916338.134008057,916338.131366966,22865,1788822004.092919,1.6580756929672111,0.14898238132749209,3.7082213649292775,0.104806134311483,0.018942949499046232,0.07498629274227911,4.0,tracking,1,1.3,1,0,1,force_bus_tool_compensated,4,phathom_s_scan:tracking t=2.20 contact=1 vz_cmd=+1.3
916338.144049762,916338.141286452,22867,1788822004.1028452,1.0848618556995973,0.20579956109090222,4.023518702393549,0.09131887388857991,0.001884628819471925,0.06998860474235843,4.0,tracking,1,1.4,1,0,1,force_bus_tool_compensated,4,phathom_s_scan:tracking t=2.21 contact=1 vz_cmd=+1.4
916338.15395831,916338.151450619,22869,1788822004.1130052,1.303364133838223,0.3496805296611201,3.9530472725338504,0.10265535470390644,-0.005591749158295673,0.07556334902848219,4.0,tracking,1,0.9,1,0,1,force_bus_tool_compensated,4,phathom_s_scan:tracking t=2.23 contact=1 vz_cmd=+0.9
916338.163955817,916338.161645289,22871,1788822004.1232028,0.9140919495618254,0.5448413527394174,3.585817524470654,0.10047293281211604,0.0345326725285915,0.07478068882343439,4.0,tracking,1,2.4,1,0,1,force_bus_tool_compensated,4,phathom_s_scan:tracking t=2.23 contact=1 vz_cmd=+2.4
916338.173955087,916338.171382417,22873,1788822004.132939,0.980860099588007,0.20179394194458064,3.610440239297694,0.08693645309783704,0.02358758730700008,0.07154174560855833,4.0,tracking,1,3.8,1,0,1,force_bus_tool_compensated,4,phathom_s_scan:tracking t=2.24 contact=1 vz_cmd=+3.8
916338.183959984,916338.181744858,22875,1788822004.1432974,1.1548103940016934,0.4793094699776478,3.7521035629655795,0.1052346417906957,0.008629722930341928,0.08172322274614043,4.0,tracking,1,3.8,1,0,1,force_bus_tool_compensated,4,phathom_s_scan:tracking t=2.25 contact=1 vz_cmd=+3.8
916338.193969248,916338.191223211,22877,1788822004.152782,1.0436734370233105,0.5718496641734451,3.6095405259426214,0.10180377868106509,0.021507525597227503,0.07843610036149443,4.0,tracking,1,4.3,1,0,1,force_bus_tool_compensated,4,phathom_s_scan:tracking t=2.26 contact=1 vz_cmd=+4.3
916338.204069301,916338.20134769,22879,1788822004.1629045,1.4082673183233139,0.3229657748921347,3.7903199717218867,0.08255531840765115,-0.007876104658973579,0.06796202645377503,4.0,tracking,1,4.2,1,0,1,force_bus_tool_compensated,4,phathom_s_scan:tracking t=2.27 contact=1 vz_cmd=+4.2
916338.213967231,916338.21143215,22881,1788822004.1729846,1.0403737245352782,-0.10204225565303982,3.842881344167828,0.06778777441895055,0.016566527896367977,0.06527148319269256,4.0,tracking,1,2.9,1,0,1,force_bus_tool_compensated,4,phathom_s_scan:tracking t=2.29 contact=1 vz_cmd=+2.9
916338.224069023,916338.221565124,22883,1788822004.1831212,1.1777980033254358,0.026948621746958622,3.9502683485977363,0.10042112499171452,-0.007236973223523911,0.07181269661342184,4.0,tracking,1,2.0,1,0,1,force_bus_tool_compensated,4,phathom_s_scan:tracking t=2.29 contact=1 vz_cmd=+2.0
916338.234078625,916338.231378712,22885,1788822004.1929367,1.080915751709623,0.44440685194083573,3.787042845999135,0.1314908734401366,0.009798847872674517,0.09023496180500057,4.0,tracking,1,1.8,1,0,1,force_bus_tool_compensated,4,phathom_s_scan:tracking t=2.30 contact=1 vz_cmd=+1.8
916338.244007159,916338.241412562,22887,1788822004.2029655,1.090574341847383,0.07664386575028853,3.7337768268040348,0.10517644453859387,0.006443177085889082,0.0702874982005253,4.0,tracking,1,2.3,1,0,1,force_bus_tool_compensated,4,phathom_s_scan:tracking t=2.31 contact=1 vz_cmd=+2.3
916338.25406788,916338.251366,22889,1788822004.2129185,0.8689858898831191,-0.20748267148072377,3.840093551198492,0.09713316296010338,0.016278417160658313,0.08192848648505188,4.0,tracking,1,2.3,1,0,1,force_bus_tool_compensated,4,phathom_s_scan:tracking t=2.33 contact=1 vz_cmd=+2.3
916338.263993771,916338.26142422,22891,1788822004.2229817,0.9567685302363842,-0.5648058131157396,4.023052465445014,0.06937377921528404,-0.001880069511691459,0.06264367984516336,4.0,tracking,1,1.6,1,0,1,force_bus_tool_compensated,4,phathom_s_scan:tracking t=2.33 contact=1 vz_cmd=+1.6
916338.273983264,916338.271608486,22893,1788822004.2331586,0.6532435760295361,-0.074385079176912,3.567572947911171,0.09840494006511846,0.021526563535220266,0.08008673502570064,4.0,tracking,1,2.6,1,0,1,force_bus_tool_compensated,4,phathom_s_scan:tracking t=2.34 contact=1 vz_cmd=+2.6
916338.283991721,916338.281589807,22895,1788822004.243145,0.7565986305577732,-0.003346288432181297,3.770743009814809,0.10744482665049247,0.006667092487058042,0.07867749266949513,4.0,tracking,1,3.2,1,0,1,force_bus_tool_compensated,4,phathom_s_scan:tracking t=2.35 contact=1 vz_cmd=+3.2
916338.293961349,916338.291356463,22897,1788822004.252914,0.9308955193422861,0.3439426817909793,3.5667715894585066,0.12447745249625707,0.011863165885126647,0.0871118410144375,4.0,tracking,1,3.7,1,0,1,force_bus_tool_compensated,4,phathom_s_scan:tracking t=2.36 contact=1 vz_cmd=+3.7
916338.303958742,916338.301402314,22899,1788822004.262959,0.8164676218577105,0.16079408264962872,3.608278697513958,0.10865210921259962,0.01608069713299975,0.08128844254800852,4.0,tracking,1,5.3,1,0,1,force_bus_tool_compensated,4,phathom_s_scan:tracking t=2.37 contact=1 vz_cmd=+5.3
916338.313985686,916338.311401631,22901,1788822004.2729583,1.209767444647185,0.46922989109410285,4.191693552088701,0.12551096912234921,-0.022176532978339325,0.0876688705263145,4.0,tracking,1,3.4,1,0,1,force_bus_tool_compensated,4,phathom_s_scan:tracking t=2.38 contact=1 vz_cmd=+3.4
916338.323978588,916338.321493068,22903,1788822004.2830498,1.2055097759466689,0.14393941350193148,3.7516210100852385,0.08985796473779138,0.009825055608068305,0.07176413587377065,4.0,tracking,1,2.8,1,0,1,force_bus_tool_compensated,4,phathom_s_scan:tracking t=2.39 contact=1 vz_cmd=+2.8
916338.333958606,916338.331425788,22905,1788822004.292984,1.3300812626587888,0.47540506620117845,3.7770413400540037,0.11238546514302582,-0.003826981869444164,0.09074130368327137,4.0,tracking,1,2.8,1,0,1,force_bus_tool_compensated,4,phathom_s_scan:tracking t=2.41 contact=1 vz_cmd=+2.8
916338.343959059,916338.34164467,22907,1788822004.3032017,1.5764955936007508,0.38280089595833355,3.650010036950556,0.09740042189179775,-0.012208730543389949,0.07329071291762292,4.0,tracking,1,3.5,1,0,1,force_bus_tool_compensated,4,phathom_s_scan:tracking t=2.41 contact=1 vz_cmd=+3.5
916338.353985097,916338.351850689,22909,1788822004.3134017,1.3733754590543326,0.1072223201176536,3.716387648754613,0.08687894129370807,0.015250754182058136,0.06607268321595697,4.0,tracking,1,3.8,1,0,1,force_bus_tool_compensated,4,phathom_s_scan:tracking t=2.42 contact=1 vz_cmd=+3.8
916338.363960344,916338.361613645,22911,1788822004.3231716,1.2026895660564088,0.33636522610658753,3.9190486857024847,0.11419775645610591,0.006949547762237998,0.08546186421703103,4.0,tracking,1,3.0,1,0,1,force_bus_tool_compensated,4,phathom_s_scan:tracking t=2.43 contact=1 vz_cmd=+3.0
916338.373956429,916338.371348203,22913,1788822004.332905,1.4753306261217307,0.39276247526521446,3.8811398926395277,0.11731386493501941,-0.0053606279288197015,0.08059643291347093,4.0,tracking,1,2.1,1,0,1,force_bus_tool_compensated,4,phathom_s_scan:tracking t=2.44 contact=1 vz_cmd=+2.1
916338.383995461,916338.382221277,22915,1788822004.3437762,1.036443056051747,0.36582326276883903,3.8704395304298362,0.11006517342833873,0.023767261336715625,0.09147865600361546,4.0,tracking,1,2.0,1,0,1,force_bus_tool_compensated,4,phathom_s_scan:tracking t=2.45 contact=1 vz_cmd=+2.0
916338.393988999,916338.391960143,22917,1788822004.353514,1.4442821006636504,0.22222963213544325,3.9169636078041603,0.0994821441179566,-0.003790478723056137,0.07630112470615884,4.0,tracking,1,1.3,1,0,1,force_bus_tool_compensated,4,phathom_s_scan:tracking t=2.46 contact=1 vz_cmd=+1.3
916338.403974538,916338.402045951,22919,1788822004.3636026,1.023979406145351,0.4557622577385296,3.868675302587496,0.11336548784624603,0.01310012240716873,0.0890858460714897,4.0,tracking,1,1.2,1,0,1,force_bus_tool_compensated,4,phathom_s_scan:tracking t=2.47 contact=1 vz_cmd=+1.2
916338.413984043,916338.411608972,22921,1788822004.3731616,1.2840983150940681,0.2766062580325158,3.9578586163686564,0.09998795371994376,0.009377553757756115,0.07497529760559728,4.0,tracking,1,0.8,1,0,1,force_bus_tool_compensated,4,phathom_s_scan:tracking t=2.48 contact=1 vz_cmd=+0.8
916338.423986223,916338.421821761,22923,1788822004.3833785,0.9652262355741827,-0.15621434447014046,3.7608613062410186,0.06062207497736666,0.027796381586739163,0.07248097026462663,4.0,tracking,1,1.5,1,0,1,force_bus_tool_compensated,4,phathom_s_scan:tracking t=2.49 contact=1 vz_cmd=+1.5
916338.43397764,916338.431442471,22925,1788822004.3929994,1.1426113369418216,-0.293355600733302,4.027201154902512,0.07694352289357127,0.007977613928519802,0.076724394459773,4.0,tracking,1,1.0,1,0,1,force_bus_tool_compensated,4,phathom_s_scan:tracking t=2.50 contact=1 vz_cmd=+1.0
916338.443981664,916338.441732558,22927,1788822004.403288,0.8337675696921862,0.06060568241397478,4.007730339294517,0.10897052616420844,0.018736729056393293,0.07735388869789962,4.0,tracking,1,0.7,1,0,1,force_bus_tool_compensated,4,phathom_s_scan:tracking t=2.51 contact=1 vz_cmd=+0.7
916338.453978606,916338.451568243,22929,1788822004.4131255,0.8090908597754911,0.02277819118824774,4.105662155868114,0.11555571699141165,0.004623532645711518,0.0938444978315605,4.0,tracking,1,0.4,1,0,1,force_bus_tool_compensated,4,phathom_s_scan:tracking t=2.52 contact=1 vz_cmd=+0.4
916338.463979784,916338.461643259,22931,1788822004.423197,0.9740105396945737,-0.12637089499820542,4.197450384185638,0.11259324426279149,-0.002900669378816321,0.07594450058743873,4.0,tracking,1,-0.2,1,0,1,force_bus_tool_compensated,4,phathom_s_scan:tracking t=2.53 contact=1 vz_cmd=-0.2
916338.473985573,916338.471462245,22933,1788822004.4330142,0.881883090668367,-0.07849902220652469,4.253139884415873,0.12143072443553066,0.006416550013886543,0.09475409695656009,4.0,tracking,1,-1.1,1,0,1,force_bus_tool_compensated,4,phathom_s_scan:tracking t=2.54 contact=1 vz_cmd=-1.1
916338.483980317,916338.481643334,22935,1788822004.4432,0.7062942205318439,-0.5123651555644138,3.999847129595758,0.09447695158246894,0.014370406615238937,0.07960723551425139,4.0,tracking,1,-0.7,1,0,1,force_bus_tool_compensated,4,phathom_s_scan:tracking t=2.55 contact=1 vz_cmd=-0.7
916338.493964404,916338.491403472,22937,1788822004.4529614,1.0524917707764498,-0.2492257577008629,4.201148829327508,0.11673939813597693,-0.025074986675410072,0.07810204268337231,4.0,tracking,1,-0.9,1,0,1,force_bus_tool_compensated,4,phathom_s_scan:tracking t=2.56 contact=1 vz_cmd=-0.9
916338.503976649,916338.501445204,22939,1788822004.4629989,0.6961038358353755,-0.4167181278964642,4.004579412439761,0.09356938175989292,0.006957664028369082,0.08085011566237246,4.0,tracking,1,-0.6,1,0,1,force_bus_tool_compensated,4,phathom_s_scan:tracking t=2.57 contact=1 vz_cmd=-0.6
916338.513980566,916338.511497834,22941,1788822004.4730468,0.7527496236451721,-0.6820119760549889,3.9287531115503223,0.07673149364584063,-0.0010329097880795335,0.06859045890930798,4.0,tracking,1,-0.4,1,0,1,force_bus_tool_compensated,4,phathom_s_scan:tracking t=2.58 contact=1 vz_cmd=-0.4
916338.524008177,916338.521401599,22943,1788822004.4829583,0.7787773601395909,-0.3138845805669714,4.153208293189056,0.1026861834717766,-0.012614917548365825,0.08204520733370971,4.0,tracking,1,-0.4,1,0,1,force_bus_tool_compensated,4,phathom_s_scan:tracking t=2.59 contact=1 vz_cmd=-0.4
916338.533977693,916338.531955614,22945,1788822004.4935124,0.6053915976981099,0.020640694896090186,3.8038058630956915,0.12015885961164482,0.011414013120922944,0.08271724825240992,4.0,tracking,1,0.0,1,0,1,force_bus_tool_compensated,4,phathom_s_scan:tracking t=2.60 contact=1 vz_cmd=+0.0
916338.543983749,916338.54146848,22947,1788822004.5030227,0.6348027301780876,0.003536609216463,3.8999673931880983,0.11463607519246752,0.005223359436803145,0.08507444539022258,4.0,tracking,1,0.5,1,0,1,force_bus_tool_compensated,4,phathom_s_scan:tracking t=2.61 contact=1 vz_cmd=+0.5
916338.553964669,916338.552219612,22949,1788822004.5137758,0.8790299861420912,0.10040598919461798,3.844526624548547,0.11711521323306474,0.003869124927305118,0.08375712372674388,4.0,tracking,1,0.5,1,0,1,force_bus_tool_compensated,4,phathom_s_scan:tracking t=2.62 contact=1 vz_cmd=+0.5
916338.563972575,916338.561783528,22951,1788822004.5233414,0.8526756368508832,-0.28563524166396065,3.6071379621167052,0.08781385368492364,0.018651798816938212,0.07655123044295956,4.0,tracking,1,2.4,1,0,1,force_bus_tool_compensated,4,phathom_s_scan:tracking t=2.63 contact=1 vz_cmd=+2.4
916338.573992542,916338.571417372,22953,1788822004.5329728,1.2357220442813133,-0.2084360842003529,3.924317154140539,0.09885104505326167,-0.01566584835442919,0.07953129356769342,4.0,tracking,1,1.9,1,0,1,force_bus_tool_compensated,4,phathom_s_scan:tracking t=2.64 contact=1 vz_cmd=+1.9
916338.583980871,916338.581763898,22955,1788822004.5433204,1.140074158148542,-0.135063856242004,3.7108379083338363,0.08903919642455733,0.0036388659681158985,0.07066005010869292,4.0,tracking,1,2.0,1,0,1,force_bus_tool_compensated,4,phathom_s_scan:tracking t=2.65 contact=1 vz_cmd=+2.0
916338.593954344,916338.591424836,22957,1788822004.552982,0.978750567448222,-0.22220488904545732,3.3829563422927307,0.08882630295108149,0.014716684063599635,0.0876751923791654,4.0,tracking,1,5.0,1,0,1,force_bus_tool_compensated,4,phathom_s_scan:tracking t=2.66 contact=1 vz_cmd=+5.0
916338.603969398,916338.601884277,22959,1788822004.5634418,1.1294426031433582,0.047093198016473395,4.068529370135424,0.11210308171351388,-0.02889839229348627,0.07553111082489561,4.0,tracking,1,5.2,1,0,1,force_bus_tool_compensated,4,phathom_s_scan:tracking t=2.67 contact=1 vz_cmd=+5.2
916338.613964877,916338.612353197,22961,1788822004.5739079,1.0726949582818992,0.008641783449685626,3.7922261451256443,0.10893957421963874,-0.01046703571396354,0.09168483875860561,4.0,tracking,1,3.8,1,0,1,force_bus_tool_compensated,4,phathom_s_scan:tracking t=2.68 contact=1 vz_cmd=+3.8
916338.623953656,916338.621439366,22963,1788822004.5829926,0.8009380003164925,0.1534763340332491,3.6860795823173143,0.11755973227302897,0.0024026514012057774,0.08892140872733965,4.0,tracking,1,4.4,1,0,1,force_bus_tool_compensated,4,phathom_s_scan:tracking t=2.69 contact=1 vz_cmd=+4.4
916338.633983617,916338.631278676,22965,1788822004.5928369,1.0186405092448163,0.029886368301223282,3.903015896637,0.11233716494940914,-0.0009743980013630144,0.0827688112979858,4.0,tracking,1,3.0,1,0,1,force_bus_tool_compensated,4,phathom_s_scan:tracking t=2.70 contact=1 vz_cmd=+3.0
916338.643989681,916338.641754895,22967,1788822004.6033103,0.606137037489838,-0.3071679953128352,3.2952066224587995,0.07909472413531969,0.04262912231513249,0.07912837144693038,4.0,tracking,1,4.7,1,0,1,force_bus_tool_compensated,4,phathom_s_scan:tracking t=2.71 contact=1 vz_cmd=+4.7
916338.653956874,916338.651405149,22969,1788822004.6129627,0.5795402990733263,-0.20895595746795487,3.3384759150785674,0.09245493614615764,0.03901951060451947,0.08183012687337154,4.0,tracking,1,7.7,1,0,1,force_bus_tool_compensated,4,phathom_s_scan:tracking t=2.72 contact=1 vz_cmd=+7.7
916338.663956001,916338.661350726,22971,1788822004.6229079,0.32923690762296554,-0.1352308644575064,3.8347266223018126,0.10832213678063257,0.02029405036938739,0.08550801465134758,4.0,tracking,1,7.1,1,0,1,force_bus_tool_compensated,4,phathom_s_scan:tracking t=2.73 contact=1 vz_cmd=+7.1
916338.673940476,916338.671325525,22973,1788822004.6328835,0.6933445299398133,-0.08823809756876218,3.7676189639799462,0.10911637519281278,-0.006694710315611173,0.08801841876740137,4.0,tracking,1,5.5,1,0,1,force_bus_tool_compensated,4,phathom_s_scan:tracking t=2.74 contact=1 vz_cmd=+5.5
916338.683976688,916338.681303279,22975,1788822004.6428607,0.3653606965018166,-0.1400903521390205,3.864308219546105,0.11313734131058027,0.015356322516074609,0.09397138300099689,4.0,tracking,1,4.3,1,0,1,force_bus_tool_compensated,4,phathom_s_scan:tracking t=2.75 contact=1 vz_cmd=+4.3
916338.693959372,916338.691291627,22977,1788822004.6528494,0.7035178728012752,-0.288102455613975,4.152966679574693,0.11410345225802504,-0.019084902413781822,0.0849925753266574,4.0,tracking,1,2.7,1,0,1,force_bus_tool_compensated,4,phathom_s_scan:tracking t=2.77 contact=1 vz_cmd=+2.7
916338.703969167,916338.701819289,22979,1788822004.6633782,0.5991035978856092,-0.7559132424790684,3.7569364672172663,0.10028243616844489,0.007523188972387745,0.08501482186074907,4.0,tracking,1,2.3,1,0,1,force_bus_tool_compensated,4,phathom_s_scan:tracking t=2.77 contact=1 vz_cmd=+2.3
916338.713988359,916338.711401361,22981,1788822004.6729584,0.7860359967575461,-0.7894929260581255,4.098748358140654,0.09705797921964,-0.0274266322707996,0.08296907857361029,4.0,tracking,1,1.5,1,0,1,force_bus_tool_compensated,4,phathom_s_scan:tracking t=2.78 contact=1 vz_cmd=+1.5
916338.723979157,916338.721427431,22983,1788822004.6829836,0.3424543293255957,-0.6172484176847425,4.008392839294863,0.09124811368044868,0.0003897321432518473,0.07904673619053361,4.0,tracking,1,1.0,1,0,1,force_bus_tool_compensated,4,phathom_s_scan:tracking t=2.79 contact=1 vz_cmd=+1.0
916338.733973994,916338.731406993,22985,1788822004.6929638,0.6607328599023949,-0.4916770173370355,3.901147499015857,0.09941736072647543,-0.012726276312502689,0.08008170020118345,4.0,tracking,1,0.7,1,0,1,force_bus_tool_compensated,4,phathom_s_scan:tracking t=2.80 contact=1 vz_cmd=+0.7
916338.743967764,916338.741343812,22987,1788822004.7029016,0.15124601362300671,-0.43450422419522605,3.882073106335708,0.10533538973455506,0.02168391123096808,0.08936072348031782,4.0,tracking,1,0.8,1,0,1,force_bus_tool_compensated,4,phathom_s_scan:tracking t=2.81 contact=1 vz_cmd=+0.8
916338.753976643,916338.751441222,22989,1788822004.7129974,0.6398274917398101,-0.15926038100300663,4.331838369397124,0.12888118979409624,-0.024122203175586467,0.08440272198907119,4.0,tracking,1,-0.5,1,0,1,force_bus_tool_compensated,4,phathom_s_scan:tracking t=2.82 contact=1 vz_cmd=-0.5
916338.763955567,916338.761476288,22991,1788822004.72303,0.27153455880867283,-0.407605893081076,4.164046671999836,0.1040985603176326,0.0016534848719271637,0.08930526080625716,4.0,tracking,1,-1.0,1,0,1,force_bus_tool_compensated,4,phathom_s_scan:tracking t=2.83 contact=1 vz_cmd=-1.0
916338.773962897,916338.771334887,22993,1788822004.7328923,0.2672632626706255,-0.13747692114324067,4.171804768002415,0.12845761405464465,-0.0013530920260262495,0.09424562115893348,4.0,tracking,1,-0.9,1,0,1,force_bus_tool_compensated,4,phathom_s_scan:tracking t=2.84 contact=1 vz_cmd=-0.9
916338.783965687,916338.781753229,22995,1788822004.7433093,0.18656737095418063,-0.3391849641014783,4.14501554176205,0.11457209940270209,0.007024016995059379,0.07987770873077606,4.0,tracking,1,-0.9,1,0,1,force_bus_tool_compensated,4,phathom_s_scan:tracking t=2.85 contact=1 vz_cmd=-0.9
916338.793971462,916338.791436473,22997,1788822004.7529929,0.37178258362930294,-0.7114694849813227,3.9897930348449964,0.09477806270730865,0.0032157290719192185,0.08138283443739233,4.0,tracking,1,-0.6,1,0,1,force_bus_tool_compensated,4,phathom_s_scan:tracking t=2.86 contact=1 vz_cmd=-0.6
916338.803963207,916338.801662958,22999,1788822004.7632167,0.16443729878114755,-0.5568157062840671,3.6006971587292886,0.10636068251649786,0.025491938588728832,0.08639965948143699,4.0,tracking,1,1.1,1,0,1,force_bus_tool_compensated,4,phathom_s_scan:tracking t=2.87 contact=1 vz_cmd=+1.1
916338.81397376,916338.811425444,23001,1788822004.7729814,0.4361047469575152,-0.7033232182051014,3.9807167031671824,0.08220604447793481,-0.01097018429577674,0.0808146903159014,4.0,tracking,1,1.0,1,0,1,force_bus_tool_compensated,4,phathom_s_scan:tracking t=2.88 contact=1 vz_cmd=+1.0
916338.82397546,916338.821939508,23003,1788822004.7834964,0.418251146266295,-0.5705726394093875,4.220334506705302,0.100097626397051,-0.013079005509822333,0.08298883246706831,4.0,tracking,1,0.3,1,0,1,force_bus_tool_compensated,4,phathom_s_scan:tracking t=2.89 contact=1 vz_cmd=+0.3
916338.83398598,916338.831570399,23005,1788822004.793123,0.7114599437619349,-0.22969569257546577,4.422376114771314,0.12707523121265119,-0.03175118591946944,0.08177639674600086,4.0,tracking,1,-2.2,1,0,1,force_bus_tool_compensated,4,phathom_s_scan:tracking t=2.90 contact=1 vz_cmd=-2.2
916338.843992832,916338.841778418,23007,1788822004.8033307,0.6257108354171843,-0.333200348671965,4.010493771267473,0.1064071091170696,-0.012659816828892627,0.08707807183634311,4.0,tracking,1,-1.9,1,0,1,force_bus_tool_compensated,4,phathom_s_scan:tracking t=2.91 contact=1 vz_cmd=-1.9
916338.853968422,916338.851686581,23009,1788822004.8132439,0.7573328332506424,-0.3087418532085318,3.814956929904284,0.11080420951095689,-0.004452149467449839,0.08605274987825665,4.0,tracking,1,-1.0,1,0,1,force_bus_tool_compensated,4,phathom_s_scan:tracking t=2.92 contact=1 vz_cmd=-1.0
916338.863990606,916338.861410309,23011,1788822004.822966,0.5020936678146568,-0.27608793194505005,4.146603273769318,0.11694934856729367,0.00035131005904668987,0.08869303191372337,4.0,tracking,1,-0.7,1,0,1,force_bus_tool_compensated,4,phathom_s_scan:tracking t=2.93 contact=1 vz_cmd=-0.7
916338.873977814,916338.871412586,23013,1788822004.8329666,0.5878699062096386,-0.18620455938056876,3.7634656959063886,0.11922289100485009,0.005205685558262598,0.09114778790034865,4.0,tracking,1,-0.0,1,0,1,force_bus_tool_compensated,4,phathom_s_scan:tracking t=2.94 contact=1 vz_cmd=-0.0
916338.883983713,916338.881575489,23015,1788822004.8431253,0.37451834080595914,-0.5700101299737612,3.68569308065437,0.09483175554684647,0.022183751326242535,0.08156331851312326,4.0,tracking,1,1.8,1,0,1,force_bus_tool_compensated,4,phathom_s_scan:tracking t=2.95 contact=1 vz_cmd=+1.8
916338.893958179,916338.89141285,23017,1788822004.8529708,0.2661660022823462,-0.5405955472754852,3.9972640810208206,0.09818316726985021,0.00545542082766292,0.09118963172475895,4.0,tracking,1,1.3,1,0,1,force_bus_tool_compensated,4,phathom_s_scan:tracking t=2.96 contact=1 vz_cmd=+1.3
916338.903954759,916338.901370235,23019,1788822004.8629277,0.09761094132065762,-0.7984596971708895,3.98999601658575,0.0794335782921894,0.007870116915267525,0.07203307363025817,4.0,tracking,1,0.8,1,0,1,force_bus_tool_compensated,4,phathom_s_scan:tracking t=2.97 contact=1 vz_cmd=+0.8
916338.913964161,916338.911390788,23021,1788822004.872947,0.12427524735883311,-0.595052292114755,4.046712498062308,0.0896934913115199,0.00036715877170143834,0.08309976482710568,4.0,tracking,1,0.6,1,0,1,force_bus_tool_compensated,4,phathom_s_scan:tracking t=2.98 contact=1 vz_cmd=+0.6
916338.923993016,916338.921561837,23023,1788822004.8831196,0.11125340189510613,-0.5352984588430124,3.9190325501774224,0.08863127076968183,-0.002176602485950676,0.07742432150888612,4.0,tracking,1,0.4,1,0,1,force_bus_tool_compensated,4,phathom_s_scan:tracking t=3.00 contact=1 vz_cmd=+0.4
916338.933967451,916338.931406125,23025,1788822004.8929634,0.23379056064672232,-0.11906842953258462,4.138012003736821,0.1235327086352128,-0.01811082765394944,0.08545746725523785,4.0,tracking,1,0.2,1,0,1,force_bus_tool_compensated,4,phathom_s_scan:tracking t=3.00 contact=1 vz_cmd=+0.2
916338.943977066,916338.941415946,23027,1788822004.9029722,0.4416862980339229,-0.06200062201382659,4.063692302564297,0.12574478441236497,-0.0221470618853469,0.09457862296877825,4.0,tracking,1,0.1,1,0,1,force_bus_tool_compensated,4,phathom_s_scan:tracking t=3.01 contact=1 vz_cmd=+0.1
916338.953977228,916338.951420882,23029,1788822004.9129767,0.32957434857119283,-0.16938515840300328,4.0022972794659,0.12512822361965317,-0.007239392471613805,0.09201726490355054,4.0,tracking,1,0.1,1,0,1,force_bus_tool_compensated,4,phathom_s_scan:tracking t=3.02 contact=1 vz_cmd=+0.1
916338.963971978,916338.961288308,23031,1788822004.922845,0.370615456110865,-0.21773906334095078,3.9857253291107373,0.12320898606601388,-0.011704980735838446,0.09179374546509593,4.0,tracking,1,0.0,1,0,1,force_bus_tool_compensated,4,phathom_s_scan:tracking t=3.03 contact=1 vz_cmd=+0.0
916338.973977357,916338.971416081,23033,1788822004.932972,0.3214232007489555,-0.3916407957855502,4.090460645917436,0.10848488729269315,-0.017313098147908892,0.09228186028989278,4.0,tracking,1,0.0,1,0,1,force_bus_tool_compensated,4,phathom_s_scan:tracking t=3.04 contact=1 vz_cmd=+0.0
916338.98396126,916338.981459744,23035,1788822004.9430177,0.36878390091585955,-0.345446927051883,4.317289732896212,0.11243066719101134,-0.02000802794722268,0.08163262028485817,4.0,tracking,1,-1.2,1,0,1,force_bus_tool_compensated,4,phathom_s_scan:tracking t=3.05 contact=1 vz_cmd=-1.2
916338.993969012,916338.991871118,23037,1788822004.9534268,0.11581965091118995,-0.323203910720879,4.229145664642589,0.11483826363817522,-0.005081273243931941,0.09391499735703264,4.0,tracking,1,-1.9,1,0,1,force_bus_tool_compensated,4,phathom_s_scan:tracking t=3.07 contact=1 vz_cmd=-1.9
916339.003964948,916339.001745837,23039,1788822004.9633,0.007213764432873582,-0.32326436124177194,4.139099127204498,0.11597713466878755,0.0013811792200511808,0.08846485920982601,4.0,tracking,1,-1.6,1,0,1,force_bus_tool_compensated,4,phathom_s_scan:tracking t=3.07 contact=1 vz_cmd=-1.6
916339.0139762,916339.011340402,23041,1788822004.972896,-0.033003253633288265,-0.300040664398383,4.051682350758872,0.12184872865813359,-0.00020565143135288624,0.0955003497211886,4.0,tracking,1,-1.1,1,0,1,force_bus_tool_compensated,4,phathom_s_scan:tracking t=3.08 contact=1 vz_cmd=-1.1
916339.023954994,916339.021451126,23043,1788822004.983008,-0.001570281648270555,-0.39005944199523823,4.032521015367746,0.11239776489643544,-0.0008221614455173141,0.08383327228418218,4.0,tracking,1,-0.7,1,0,1,force_bus_tool_compensated,4,phathom_s_scan:tracking t=3.09 contact=1 vz_cmd=-0.7
916339.033976457,916339.031447599,23045,1788822004.9930046,-0.019893667218966904,-0.5829768651271138,3.880920281721944,0.10574091583103974,-0.0014598216966794004,0.09010557649763175,4.0,tracking,1,-0.4,1,0,1,force_bus_tool_compensated,4,phathom_s_scan:tracking t=3.10 contact=1 vz_cmd=-0.4
916339.04395798,916339.041440151,23047,1788822005.002997,0.10844180208327758,-0.8449243472462508,4.216747976485039,0.09464792149289764,-0.015280772668980595,0.07406545630585115,4.0,tracking,1,-0.7,1,0,1,force_bus_tool_compensated,4,phathom_s_scan:tracking t=3.11 contact=1 vz_cmd=-0.7
916339.053978217,916339.05139761,23049,1788822005.0129547,0.26984092753829425,-0.9175511466646445,4.142352803560327,0.10193213800321733,-0.013458263976608273,0.08512442204008885,4.0,tracking,1,-1.0,1,0,1,force_bus_tool_compensated,4,phathom_s_scan:tracking t=3.12 contact=1 vz_cmd=-1.0
916339.063958423,916339.061441424,23051,1788822005.022998,0.30273819689460013,-0.929654965028734,4.1802730330499935,0.09168835481604301,-0.01744808018741947,0.0812855700449068,4.0,tracking,1,-0.9,1,0,1,force_bus_tool_compensated,4,phathom_s_scan:tracking t=3.13 contact=1 vz_cmd=-0.9
916339.073973135,916339.071426495,23053,1788822005.0329819,0.4226766136207425,-0.5512087832729211,4.269359258438298,0.08696684416057354,-0.034829172077001,0.07494273012771546,4.0,tracking,1,-1.7,1,0,1,force_bus_tool_compensated,4,phathom_s_scan:tracking t=3.14 contact=1 vz_cmd=-1.7
916339.084007871,916339.081655068,23055,1788822005.0432053,0.1782634050036136,-0.3626247928117195,4.224638757022202,0.10432278158205277,-0.012706916655214203,0.08451062687366169,4.0,tracking,1,-2.0,1,0,1,force_bus_tool_compensated,4,phathom_s_scan:tracking t=3.15 contact=1 vz_cmd=-2.0
916339.093963498,916339.091429918,23057,1788822005.0529869,-0.01195510665774413,-0.3520247772166639,3.9074703401915825,0.1002886903609178,0.004175655809412991,0.07834948292279272,4.0,tracking,1,-1.4,1,0,1,force_bus_tool_compensated,4,phathom_s_scan:tracking t=3.16 contact=1 vz_cmd=-1.4
916339.103977145,916339.101402376,23059,1788822005.06296,-0.13177101059723517,-0.5485264329116888,3.722741141989511,0.07953897251177024,0.003568711901444785,0.07609220108540077,4.0,tracking,1,0.1,1,0,1,force_bus_tool_compensated,4,phathom_s_scan:tracking t=3.17 contact=1 vz_cmd=+0.1
916339.113980013,916339.111448064,23061,1788822005.0729992,-0.19164141235603616,-0.3579929435605275,3.95038794175126,0.09000301136732217,-0.008711066114033984,0.07734279609512806,4.0,tracking,1,0.3,1,0,1,force_bus_tool_compensated,4,phathom_s_scan:tracking t=3.18 contact=1 vz_cmd=+0.3
916339.12396949,916339.121546548,23063,1788822005.0831015,-0.16506253874206167,-0.24230495877030414,3.8670620570778254,0.10566728988944728,-0.014758271481169675,0.08665658607481362,4.0,tracking,1,0.2,1,0,1,force_bus_tool_compensated,4,phathom_s_scan:tracking t=3.19 contact=1 vz_cmd=+0.2
916339.133964022,916339.131840462,23065,1788822005.0933967,0.027385215430577148,0.4065666457942886,4.228444903581463,0.1488864039623431,-0.038847706293386866,0.10006702930915576,4.0,tracking,1,-0.3,1,0,1,force_bus_tool_compensated,4,phathom_s_scan:tracking t=3.20 contact=1 vz_cmd=-0.3
916339.143989463,916339.141898266,23067,1788822005.1034508,-0.3012962907078105,-0.03510900636473208,4.077056534541352,0.1253286112862369,-0.013512919823685585,0.09472229128576413,4.0,tracking,1,-0.2,1,0,1,force_bus_tool_compensated,4,phathom_s_scan:tracking t=3.21 contact=1 vz_cmd=-0.2
916339.15395635,916339.15192834,23069,1788822005.113485,-0.009839869975625914,0.04158237871686748,3.877907290611483,0.12455585863577728,-0.02456161271888058,0.08506253843222264,4.0,tracking,1,-0.1,1,0,1,force_bus_tool_compensated,4,phathom_s_scan:tracking t=3.22 contact=1 vz_cmd=-0.1
916339.163957536,916339.163134683,23071,1788822005.124692,-0.3526652146921889,-0.36981300364595704,3.681600107399367,0.11354817111491808,0.007263147356451787,0.08911834070593122,4.0,tracking,1,1.5,1,0,1,force_bus_tool_compensated,4,phathom_s_scan:tracking t=3.23 contact=1 vz_cmd=+1.5
916339.173988444,916339.171462751,23073,1788822005.1330175,-0.05707811872220803,-0.3846125416666436,3.8297443563327467,0.1152007448966785,-0.021513929329986112,0.08667607450373649,4.0,tracking,1,1.4,1,0,1,force_bus_tool_compensated,4,phathom_s_scan:tracking t=3.25 contact=1 vz_cmd=+1.4
916339.183973305,916339.181522757,23075,1788822005.1430764,-0.281970438933701,-0.7950315135264627,4.0404330910327895,0.08887607731035792,-0.011556183740331454,0.07411813072613782,4.0,tracking,1,0.9,1,0,1,force_bus_tool_compensated,4,phathom_s_scan:tracking t=3.26 contact=1 vz_cmd=+0.9
916339.193988816,916339.191405773,23077,1788822005.152964,-0.2990103512423077,-0.7747104095782659,4.001115619476167,0.09844524913251798,-0.014947966641090667,0.08626146907560635,4.0,tracking,1,0.6,1,0,1,force_bus_tool_compensated,4,phathom_s_scan:tracking t=3.26 contact=1 vz_cmd=+0.6
916339.203987323,916339.201841407,23079,1788822005.1633976,-0.2216339449818452,-0.5931767466731394,4.026306395682209,0.07862148454261023,-0.015076511042056498,0.07195642527438437,4.0,tracking,1,0.4,1,0,1,force_bus_tool_compensated,4,phathom_s_scan:tracking t=3.27 contact=1 vz_cmd=+0.4
916339.213991465,916339.21144989,23081,1788822005.1730072,-0.21295548866703973,-0.19913150708139737,4.0946866105600686,0.11239316930383472,-0.0121357853213942,0.08780663350242644,4.0,tracking,1,0.3,1,0,1,force_bus_tool_compensated,4,phathom_s_scan:tracking t=3.28 contact=1 vz_cmd=+0.3
916339.223962555,916339.221526984,23083,1788822005.1830838,-0.3848386061834652,-0.1916108704103746,3.643318249508587,0.09901402790463767,0.0041131728471333175,0.07810464768845679,4.0,tracking,1,1.5,1,0,1,force_bus_tool_compensated,4,phathom_s_scan:tracking t=3.29 contact=1 vz_cmd=+1.5
916339.233981675,916339.231435767,23085,1788822005.192994,-0.26403262558890117,-0.14800806633541386,3.924716749599582,0.10096916986985954,-0.01976863465615462,0.08741368657389745,4.0,tracking,1,1.3,1,0,1,force_bus_tool_compensated,4,phathom_s_scan:tracking t=3.30 contact=1 vz_cmd=+1.3
916339.243986743,916339.241429025,23087,1788822005.202987,-0.15122931886350055,-0.41929992406398175,3.989610424946717,0.08632616098375426,-0.029376854575794656,0.07519528052618182,4.0,tracking,1,0.9,1,0,1,force_bus_tool_compensated,4,phathom_s_scan:tracking t=3.31 contact=1 vz_cmd=+0.9
916339.253967678,916339.251744271,23089,1788822005.213299,-0.08093800351411695,-0.05347833498736168,3.76884461314082,0.10806936994184248,-0.028430860472457995,0.08503464725727204,4.0,tracking,1,1.1,1,0,1,force_bus_tool_compensated,4,phathom_s_scan:tracking t=3.32 contact=1 vz_cmd=+1.1
916339.263994035,916339.261607542,23091,1788822005.2231634,-0.1568129565776355,0.002468954570169768,3.7554141269174073,0.1158561895246159,-0.022544604577337722,0.08792977211624708,4.0,tracking,1,1.8,1,0,1,force_bus_tool_compensated,4,phathom_s_scan:tracking t=3.33 contact=1 vz_cmd=+1.8
916339.273990456,916339.272080814,23093,1788822005.2336373,-0.0909114191767677,0.03307077009267543,3.9266876589110193,0.12210187322085114,-0.02939941291356327,0.08825024373806592,4.0,tracking,1,1.2,1,0,1,force_bus_tool_compensated,4,phathom_s_scan:tracking t=3.34 contact=1 vz_cmd=+1.2
916339.283970696,916339.282065076,23095,1788822005.2436166,-0.16195731792382695,-0.019467663513606813,3.9946257001517322,0.12299513100225307,-0.021320763610106958,0.09319618755500246,4.0,tracking,1,0.9,1,0,1,force_bus_tool_compensated,4,phathom_s_scan:tracking t=3.35 contact=1 vz_cmd=+0.9
916339.293987421,916339.291441384,23097,1788822005.2529979,-0.10737890088425894,-0.18312250339495256,4.096744114251175,0.1276935357965429,-0.02383145115612651,0.09000000581150494,4.0,tracking,1,0.6,1,0,1,force_bus_tool_compensated,4,phathom_s_scan:tracking t=3.36 contact=1 vz_cmd=+0.6
916339.303962938,916339.301420024,23099,1788822005.262978,-0.15459945516324902,-0.4201119254684379,4.092792626332068,0.09802529616980146,-0.016586741106793586,0.07986349315986639,4.0,tracking,1,0.4,1,0,1,force_bus_tool_compensated,4,phathom_s_scan:tracking t=3.37 contact=1 vz_cmd=+0.4
916339.313993546,916339.311797242,23101,1788822005.273345,-0.2246417409580579,-0.12322444823596912,4.165851814852709,0.11853120810060498,-0.007887763537021955,0.09510506959222276,4.0,tracking,1,-0.2,1,0,1,force_bus_tool_compensated,4,phathom_s_scan:tracking t=3.38 contact=1 vz_cmd=-0.2
916339.323984927,916339.321539253,23103,1788822005.2830966,-0.3455153071450714,-0.315769944747638,3.795248633133199,0.10079199660324986,0.009250626611276232,0.08133640904510148,4.0,tracking,1,0.2,1,0,1,force_bus_tool_compensated,4,phathom_s_scan:tracking t=3.39 contact=1 vz_cmd=+0.2
916339.333984538,916339.331584478,23105,1788822005.293142,-0.3056524432808334,-0.2822615908576103,4.141666283785743,0.10076790226701238,-0.019721108769672337,0.08629234762895778,4.0,tracking,1,0.1,1,0,1,force_bus_tool_compensated,4,phathom_s_scan:tracking t=3.40 contact=1 vz_cmd=+0.1
916339.34398844,916339.341525243,23107,1788822005.303077,-0.3032445083501156,-0.3097137251335196,4.270815639219917,0.0963017725189279,-0.026204055574620057,0.07785442543371973,4.0,tracking,1,-1.2,1,0,1,force_bus_tool_compensated,4,phathom_s_scan:tracking t=3.41 contact=1 vz_cmd=-1.2
916339.353992107,916339.351418096,23109,1788822005.3129747,-0.06690365039118573,-0.11661086552325005,4.314880814228284,0.11692015407871564,-0.03364416437260186,0.08393972195440737,4.0,tracking,1,-2.2,1,0,1,force_bus_tool_compensated,4,phathom_s_scan:tracking t=3.42 contact=1 vz_cmd=-2.2
916339.363986672,916339.361447881,23111,1788822005.3230052,-0.2641680253453593,-0.2989020612257911,3.9785053525977254,0.09053199970469562,-0.01843147364124319,0.08343567622553492,4.0,tracking,1,-1.6,1,0,1,force_bus_tool_compensated,4,phathom_s_scan:tracking t=3.43 contact=1 vz_cmd=-1.6
916339.373992153,916339.371380375,23113,1788822005.3329341,-0.1675568506071552,-0.07856259148573877,3.9944573148702522,0.10251358854867273,-0.024933670622406322,0.07615476933292414,4.0,tracking,1,-1.0,1,0,1,force_bus_tool_compensated,4,phathom_s_scan:tracking t=3.44 contact=1 vz_cmd=-1.0
916339.383989049,916339.381583656,23115,1788822005.3431413,-0.2653725246948473,-0.045341204177281,3.9807645338732174,0.11432831111099563,-0.024387441782000863,0.09102780649533551,4.0,tracking,1,-0.7,1,0,1,force_bus_tool_compensated,4,phathom_s_scan:tracking t=3.46 contact=1 vz_cmd=-0.7
916339.393991677,916339.391422706,23117,1788822005.3529797,-0.3249376161495612,-0.025675452011943323,4.3165994001742405,0.11805426816152582,-0.0309345170557828,0.07950739923171231,4.0,tracking,1,-1.5,1,0,1,force_bus_tool_compensated,4,phathom_s_scan:tracking t=3.46 contact=1 vz_cmd=-1.5
916339.403990358,916339.401690522,23119,1788822005.363246,-0.41192009300423793,-0.3464205792478273,3.938968239284187,0.09406582249312113,-0.015568464971597024,0.07614589666351645,4.0,tracking,1,-1.2,1,0,1,force_bus_tool_compensated,4,phathom_s_scan:tracking t=3.47 contact=1 vz_cmd=-1.2
916339.413982882,916339.41155996,23121,1788822005.3731177,-0.3084483006866965,-0.42796202977759223,4.078811270751165,0.08822982233214534,-0.01911164799470221,0.07439266016436857,4.0,tracking,1,-0.8,1,0,1,force_bus_tool_compensated,4,phathom_s_scan:tracking t=3.48 contact=1 vz_cmd=-0.8
916339.423982787,916339.421499132,23123,1788822005.3830538,-0.36092374955368167,-0.4656483662240719,4.097637100793615,0.08358448337811235,-0.013927736666181679,0.06934593437867242,4.0,tracking,1,-0.6,1,0,1,force_bus_tool_compensated,4,phathom_s_scan:tracking t=3.49 contact=1 vz_cmd=-0.6
916339.433978694,916339.431670367,23125,1788822005.3932242,-0.2227320313768355,-0.09227207871834286,3.8883681750843646,0.10723444075082522,-0.015584942999957566,0.08195633138206604,4.0,tracking,1,-0.4,1,0,1,force_bus_tool_compensated,4,phathom_s_scan:tracking t=3.50 contact=1 vz_cmd=-0.4
916339.44398071,916339.441452851,23127,1788822005.4030104,-0.3853877789050204,-0.054933999517334166,3.895936944435511,0.10660241341197495,-0.00747424603108524,0.08167675411726702,4.0,tracking,1,0.1,1,0,1,force_bus_tool_compensated,4,phathom_s_scan:tracking t=3.51 contact=1 vz_cmd=+0.1
916339.453992881,916339.451895618,23129,1788822005.4134517,-0.22186129320260628,-0.01503071728477802,3.9439503243698697,0.10640290539109333,-0.031581734162132606,0.08050793223919422,4.0,tracking,1,0.0,1,0,1,force_bus_tool_compensated,4,phathom_s_scan:tracking t=3.52 contact=1 vz_cmd=+0.0
916339.463990789,916339.461507208,23131,1788822005.4230645,-0.38409147057982707,-0.25917186819528687,3.8010227894483304,0.08708485236696237,-0.01613139400856609,0.07531644068853609,4.0,tracking,1,0.6,1,0,1,force_bus_tool_compensated,4,phathom_s_scan:tracking t=3.53 contact=1 vz_cmd=+0.6
916339.473982756,916339.471428144,23133,1788822005.4329848,-0.1620562905463172,-0.05906571306475233,3.871690540039108,0.10030584793453273,-0.025373441579124696,0.07746724038437902,4.0,tracking,1,0.4,1,0,1,force_bus_tool_compensated,4,phathom_s_scan:tracking t=3.54 contact=1 vz_cmd=+0.4
916339.48398745,916339.481839857,23135,1788822005.443395,-0.3355803848726877,-0.04806552960566586,3.689782728066926,0.10053536918716552,-0.010830684921412691,0.08130588637345665,4.0,tracking,1,1.5,1,0,1,force_bus_tool_compensated,4,phathom_s_scan:tracking t=3.55 contact=1 vz_cmd=+1.5
916339.493983646,916339.491437616,23137,1788822005.452995,-0.147221115261023,-0.053489192479652586,3.8041285499204465,0.10962715030109504,-0.024383213254948778,0.08098795776560308,4.0,tracking,1,1.6,1,0,1,force_bus_tool_compensated,4,phathom_s_scan:tracking t=3.56 contact=1 vz_cmd=+1.6
916339.503988038,916339.50142518,23139,1788822005.462983,-0.32509908829556644,0.031048746148913422,3.83129745108498,0.11034315452864858,-0.015402173868583516,0.08316084974839896,4.0,tracking,1,1.7,1,0,1,force_bus_tool_compensated,4,phathom_s_scan:tracking t=3.57 contact=1 vz_cmd=+1.7
916339.513986233,916339.511599477,23141,1788822005.473153,-0.2241190774884616,0.12212280624692158,3.8420563810995434,0.11991935809038429,-0.026911378156978,0.08560996043799288,4.0,tracking,1,1.5,1,0,1,force_bus_tool_compensated,4,phathom_s_scan:tracking t=3.58 contact=1 vz_cmd=+1.5
916339.52396094,916339.521708338,23143,1788822005.4832644,-0.22328940226012794,-0.25537107060640085,4.074691682136554,0.0911501018859332,-0.037893795771865614,0.0704952980084056,4.0,tracking,1,1.0,1,0,1,force_bus_tool_compensated,4,phathom_s_scan:tracking t=3.59 contact=1 vz_cmd=+1.0
916339.533990185,916339.531830116,23145,1788822005.4933875,-0.3174918380063352,-0.2798343978707122,3.7810626652607473,0.08005265457868582,-0.02949716297942164,0.0803885846975166,4.0,tracking,1,1.1,1,0,1,force_bus_tool_compensated,4,phathom_s_scan:tracking t=3.60 contact=1 vz_cmd=+1.1
916339.543999353,916339.541423442,23147,1788822005.5029774,-0.33016464033045256,-0.16710375223193247,3.8837578787647207,0.09541657147623174,-0.010162199036391328,0.08365234063240559,4.0,tracking,1,0.8,1,0,1,force_bus_tool_compensated,4,phathom_s_scan:tracking t=3.61 contact=1 vz_cmd=+0.8
916339.553975487,916339.551552221,23149,1788822005.513109,-0.3097645108175868,-0.14421497442171957,3.923507105565819,0.08919655952296819,-0.0200539639383866,0.07356176976772597,4.0,tracking,1,0.8,1,0,1,force_bus_tool_compensated,4,phathom_s_scan:tracking t=3.62 contact=1 vz_cmd=+0.8
916339.563954191,916339.561866649,23151,1788822005.523424,-0.2686484959908779,-0.17318385347213516,4.039413772863564,0.09233386520570483,-0.026558159811772043,0.0689677516223288,4.0,tracking,1,0.6,1,0,1,force_bus_tool_compensated,4,phathom_s_scan:tracking t=3.63 contact=1 vz_cmd=+0.6
916339.573990678,916339.57197426,23153,1788822005.5335257,-0.5257163036587966,-0.28748640724054114,4.080570737254988,0.0915931763261641,-0.00965176362036524,0.08375836321202207,4.0,tracking,1,0.4,1,0,1,force_bus_tool_compensated,4,phathom_s_scan:tracking t=3.64 contact=1 vz_cmd=+0.4
916339.583974966,916339.581882784,23155,1788822005.5434394,-0.43324003554939505,-0.2663118845146468,4.112011749003655,0.0904604200002608,-0.019719186577301887,0.07599321344822703,4.0,tracking,1,0.2,1,0,1,force_bus_tool_compensated,4,phathom_s_scan:tracking t=3.65 contact=1 vz_cmd=+0.2
916339.593960071,916339.591738664,23157,1788822005.553296,-0.36751242132962747,0.15128197744505284,4.168765594878117,0.12417347829124559,-0.02788794705267953,0.0882135538005627,4.0,tracking,1,-0.2,1,0,1,force_bus_tool_compensated,4,phathom_s_scan:tracking t=3.66 contact=1 vz_cmd=-0.2
916339.603990739,916339.602210938,23159,1788822005.5637643,-0.45611015705595803,0.2524582259052241,4.185862571152425,0.1261557327419816,-0.02110723988898072,0.08873398420622007,4.0,tracking,1,-0.5,1,0,1,force_bus_tool_compensated,4,phathom_s_scan:tracking t=3.67 contact=1 vz_cmd=-0.5
916339.613956604,916339.611879052,23161,1788822005.5734365,-0.4712344221486664,-0.053132715468549134,4.012009764812902,0.10056124783335266,-0.028987013219186935,0.07642558156835932,4.0,tracking,1,-0.4,1,0,1,force_bus_tool_compensated,4,phathom_s_scan:tracking t=3.68 contact=1 vz_cmd=-0.4
916339.623958089,916339.621815881,23163,1788822005.5833733,-0.6513332274588852,-0.34325605062172343,3.9933449333332884,0.08389537380103482,-0.015827312797595618,0.0707749768827348,4.0,tracking,1,-0.3,1,0,1,force_bus_tool_compensated,4,phathom_s_scan:tracking t=3.69 contact=1 vz_cmd=-0.3
916339.633989329,916339.631622365,23165,1788822005.5931792,-0.6435873680236244,-0.19850706006664587,4.058774171687264,0.0884119965272297,-0.014177476683342257,0.08373224536310467,4.0,tracking,1,-0.1,1,0,1,force_bus_tool_compensated,4,phathom_s_scan:tracking t=3.70 contact=1 vz_cmd=-0.1
916339.643981171,916339.641403106,23167,1788822005.6029623,-0.49434085386565196,-0.11947922045125783,4.211129436127719,0.1001220664059628,-0.024321800546890676,0.07371648275307506,4.0,tracking,1,-0.9,1,0,1,force_bus_tool_compensated,4,phathom_s_scan:tracking t=3.71 contact=1 vz_cmd=-0.9
916339.653992101,916339.652011212,23169,1788822005.6135623,-0.5626296312182577,0.057576085105243174,3.9428810729610895,0.11002610834838404,-0.012588203307248903,0.0874797039838119,4.0,tracking,1,-0.6,1,0,1,force_bus_tool_compensated,4,phathom_s_scan:tracking t=3.72 contact=1 vz_cmd=-0.6
916339.663978915,916339.661750995,23171,1788822005.6233077,-0.5951358910319926,-0.031029711333467262,4.072603577970344,0.09887659355617445,-0.014997514588426391,0.07675594139763714,4.0,tracking,1,-0.4,1,0,1,force_bus_tool_compensated,4,phathom_s_scan:tracking t=3.73 contact=1 vz_cmd=-0.4
916339.673975583,916339.671481117,23173,1788822005.6330378,-0.3946673852390099,-0.13797890410222685,4.063851745378297,0.098377727884763,-0.032642551944682574,0.07921903834876029,4.0,tracking,1,-0.3,1,0,1,force_bus_tool_compensated,4,phathom_s_scan:tracking t=3.74 contact=1 vz_cmd=-0.3
916339.683993879,916339.682047335,23175,1788822005.6436036,-0.46837101171442885,0.0755017015008929,3.999192527396377,0.10532095624256502,-0.02169382076889836,0.08710921836279709,4.0,tracking,1,-0.2,1,0,1,force_bus_tool_compensated,4,phathom_s_scan:tracking t=3.75 contact=1 vz_cmd=-0.2
916339.693958734,916339.691553443,23177,1788822005.6531124,-0.47038654698551263,-0.22833935945984835,3.6194064068629777,0.08684854787942436,-0.00989102503297928,0.06950630263171781,4.0,tracking,1,1.1,1,0,1,force_bus_tool_compensated,4,phathom_s_scan:tracking t=3.76 contact=1 vz_cmd=+1.1
916339.703978306,916339.701744095,23179,1788822005.6632981,-0.3339228481815668,-0.10931132613326554,3.8527977066791683,0.09209483199958557,-0.03197883928455378,0.0835522909702959,4.0,tracking,1,1.5,1,0,1,force_bus_tool_compensated,4,phathom_s_scan:tracking t=3.77 contact=1 vz_cmd=+1.5
916339.713998747,916339.7120545,23181,1788822005.6736083,-0.11009059153240375,0.15609937434244428,3.7835254584989704,0.11302154254688578,-0.040039680428529914,0.08675222320595839,4.0,tracking,1,1.5,1,0,1,force_bus_tool_compensated,4,phathom_s_scan:tracking t=3.78 contact=1 vz_cmd=+1.5
916339.723980555,916339.721715679,23183,1788822005.683272,-0.3693807255692023,0.3102194560565431,3.8153732047450846,0.12970618710869333,-0.023581721127278174,0.09221876380292786,4.0,tracking,1,1.8,1,0,1,force_bus_tool_compensated,4,phathom_s_scan:tracking t=3.79 contact=1 vz_cmd=+1.8
916339.733976853,916339.731874604,23185,1788822005.6934326,-0.29020998801970355,0.0955585035938793,4.017043590581321,0.11612536576883707,-0.04299214334244721,0.0889822290518824,4.0,tracking,1,1.2,1,0,1,force_bus_tool_compensated,4,phathom_s_scan:tracking t=3.80 contact=1 vz_cmd=+1.2
916339.743991799,916339.741758153,23187,1788822005.7033134,-0.3292964409760337,0.1142541232306114,4.018618308534739,0.12163772930140315,-0.035113760677818705,0.0885388354071327,4.0,tracking,1,0.8,1,0,1,force_bus_tool_compensated,4,phathom_s_scan:tracking t=3.81 contact=1 vz_cmd=+0.8
916339.753981629,916339.75153624,23189,1788822005.7130952,-0.4545852370784378,-0.22269770992868304,3.818949214896082,0.10499700071131866,-0.018892088921845303,0.08219892343959351,4.0,tracking,1,0.8,1,0,1,force_bus_tool_compensated,4,phathom_s_scan:tracking t=3.82 contact=1 vz_cmd=+0.8
916339.763977385,916339.761452796,23191,1788822005.7230103,-0.6061765031518807,-0.5590426754089505,3.6047573890239066,0.07389485029310662,0.0008933611153435362,0.07539454579706285,4.0,tracking,1,2.5,1,0,1,force_bus_tool_compensated,4,phathom_s_scan:tracking t=3.83 contact=1 vz_cmd=+2.5
916339.773987318,916339.772071127,23193,1788822005.733627,-0.29953992000620855,-0.3975241538171964,4.0362913784294525,0.08101520243478597,-0.02509414354610783,0.07125085189896029,4.0,tracking,1,2.0,1,0,1,force_bus_tool_compensated,4,phathom_s_scan:tracking t=3.84 contact=1 vz_cmd=+2.0
916339.783980324,916339.781436823,23195,1788822005.7429948,-0.45482752542783733,-0.42515150071610847,4.253184553833009,0.08672935186031083,-0.014150098675469486,0.07714418082852936,4.0,tracking,1,0.7,1,0,1,force_bus_tool_compensated,4,phathom_s_scan:tracking t=3.85 contact=1 vz_cmd=+0.7
916339.793975677,916339.791376399,23197,1788822005.7529345,-0.30215522008518936,-0.02369283215423848,4.016149883283967,0.10388942001791618,-0.026679089596492022,0.08198751339643605,4.0,tracking,1,0.3,1,0,1,force_bus_tool_compensated,4,phathom_s_scan:tracking t=3.86 contact=1 vz_cmd=+0.3
916339.803992864,916339.80156154,23199,1788822005.763118,-0.571108395264162,-0.010677254277013506,3.89660649507547,0.10721460419557957,-0.009124381649520287,0.08371690733079039,4.0,tracking,1,0.2,1,0,1,force_bus_tool_compensated,4,phathom_s_scan:tracking t=3.87 contact=1 vz_cmd=+0.2
916339.81396612,916339.811333741,23201,1788822005.7728863,-0.31920734889513325,0.267856491130739,4.441730884932127,0.12402087555633576,-0.049997150681592245,0.09200020243402432,4.0,tracking,1,-0.9,1,0,1,force_bus_tool_compensated,4,phathom_s_scan:tracking t=3.88 contact=1 vz_cmd=-0.9
916339.82398004,916339.821406014,23203,1788822005.7829583,-0.33998315579675054,0.18248220509231772,4.279509484798213,0.11936679225220963,-0.042656451575129005,0.08577373542062386,4.0,tracking,1,-2.2,1,0,1,force_bus_tool_compensated,4,phathom_s_scan:tracking t=3.90 contact=1 vz_cmd=-2.2
916339.833960479,916339.831574262,23205,1788822005.7931316,-0.390341037068489,0.21196633597310824,4.1606199873506835,0.1152737213756238,-0.03638831742504493,0.09080476296248226,4.0,tracking,1,-2.2,1,0,1,force_bus_tool_compensated,4,phathom_s_scan:tracking t=3.90 contact=1 vz_cmd=-2.2
916339.84396555,916339.841481591,23207,1788822005.803039,-0.6327708544273043,-0.18624800623516027,4.061649868410969,0.09903301190934835,-0.02426194822038568,0.07585102269655668,4.0,tracking,1,-1.5,1,0,1,force_bus_tool_compensated,4,phathom_s_scan:tracking t=3.91 contact=1 vz_cmd=-1.5
916339.853964899,916339.851672307,23209,1788822005.813226,-0.7708354241339028,-0.41585029034262605,3.985342641607902,0.08117546847055417,-0.018203282845370098,0.07319007790311115,4.0,tracking,1,-1.0,1,0,1,force_bus_tool_compensated,4,phathom_s_scan:tracking t=3.92 contact=1 vz_cmd=-1.0
916339.86398108,916339.86157035,23211,1788822005.823127,-0.5579930004852607,-0.17089169927299763,4.245904111170187,0.0905165535499919,-0.029913882842420796,0.08085030448495593,4.0,tracking,1,-1.2,1,0,1,force_bus_tool_compensated,4,phathom_s_scan:tracking t=3.93 contact=1 vz_cmd=-1.2
916339.87396298,916339.871768379,23213,1788822005.8333244,-0.6289582440226495,-0.2617649975687326,4.111057637795219,0.08978685241057399,-0.018302914134913247,0.07474059360346849,4.0,tracking,1,-1.3,1,0,1,force_bus_tool_compensated,4,phathom_s_scan:tracking t=3.94 contact=1 vz_cmd=-1.3
916339.883982285,916339.881646542,23215,1788822005.843203,-0.6511685125936142,-0.30989485613344553,4.3959945068945085,0.08503145169979555,-0.02282532948043602,0.0689748365568645,4.0,tracking,1,-2.2,1,0,1,force_bus_tool_compensated,4,phathom_s_scan:tracking t=3.95 contact=1 vz_cmd=-2.2
916339.893961648,916339.891671712,23217,1788822005.85323,-0.4176847093318792,-0.3204173080641629,4.3099024031159265,0.08359445592923372,-0.03170103162752906,0.07655910868789764,4.0,tracking,1,-3.6,1,0,1,force_bus_tool_compensated,4,phathom_s_scan:tracking t=3.96 contact=1 vz_cmd=-3.6
916339.903997089,916339.90169515,23219,1788822005.863249,-0.5455419002784385,-0.1625736497371659,3.948164083875755,0.09392803718314895,-0.009815094691224022,0.07469310021354866,4.0,tracking,1,-2.5,1,0,1,force_bus_tool_compensated,4,phathom_s_scan:tracking t=3.97 contact=1 vz_cmd=-2.5
916339.913980446,916339.91164568,23221,1788822005.8732014,-0.5643466885050561,0.05150714411425798,3.5586370927161646,0.1024937623897765,-0.01569332050686917,0.08220790029966599,4.0,tracking,1,0.5,1,0,1,force_bus_tool_compensated,4,phathom_s_scan:tracking t=3.98 contact=1 vz_cmd=+0.5
916339.923982229,916339.921647395,23223,1788822005.883205,-0.3349451937718477,-0.055900015517881194,4.316709783303828,0.10241766714118244,-0.040814689075200576,0.07485519289655104,4.0,tracking,1,0.7,1,0,1,force_bus_tool_compensated,4,phathom_s_scan:tracking t=3.99 contact=1 vz_cmd=+0.7
916339.934018862,916339.931553637,23225,1788822005.8931115,-0.35294081581782555,0.11615391831088699,3.678255902493148,0.10856363379928202,-0.031078131650081577,0.08678668285497838,4.0,tracking,1,1.3,1,0,1,force_bus_tool_compensated,4,phathom_s_scan:tracking t=4.00 contact=1 vz_cmd=+1.3
916339.943971835,916339.94163661,23227,1788822005.903193,-0.38448437711734296,0.20059974613590148,3.9457074787315003,0.11663215831830294,-0.034485472741920244,0.07691087874111441,4.0,tracking,1,1.5,1,0,1,force_bus_tool_compensated,4,phathom_s_scan:tracking t=4.01 contact=1 vz_cmd=+1.5
916339.953960461,916339.951487662,23229,1788822005.9130452,-0.35649831838174006,0.0836209552748341,4.156115281100188,0.11278274988653125,-0.04946402281007551,0.08464707218399085,4.0,tracking,1,0.7,1,0,1,force_bus_tool_compensated,4,phathom_s_scan:tracking t=4.02 contact=1 vz_cmd=+0.7
916339.963960674,916339.961420036,23231,1788822005.9229777,-0.45461385590184067,-0.08024007864303319,3.932159634989601,0.1007447765404535,-0.026290920802212358,0.07805272844367725,4.0,tracking,1,0.5,1,0,1,force_bus_tool_compensated,4,phathom_s_scan:tracking t=4.03 contact=1 vz_cmd=+0.5
916339.97396619,916339.971594801,23233,1788822005.933151,-0.5287890087796401,-0.10610660651835925,3.65530863649065,0.0918583092813128,-0.02291503170875027,0.08132645932803183,4.0,tracking,1,1.8,1,0,1,force_bus_tool_compensated,4,phathom_s_scan:tracking t=4.04 contact=1 vz_cmd=+1.8
916339.98395953,916339.981408107,23235,1788822005.9429674,-0.525064215735048,0.053791792713957474,3.8013075064125923,0.10965570438170796,-0.022779420538854123,0.08513817651314912,4.0,tracking,1,2.6,1,0,1,force_bus_tool_compensated,4,phathom_s_scan:tracking t=4.05 contact=1 vz_cmd=+2.6
916339.993955921,916339.991350256,23237,1788822005.9529073,-0.4913189509846705,0.0007966076004242359,4.283936174191695,0.1030695788909065,-0.04381387203601212,0.07636327270926817,4.0,tracking,1,1.0,1,0,1,force_bus_tool_compensated,4,phathom_s_scan:tracking t=4.06 contact=1 vz_cmd=+1.0
916340.003957097,916340.001491321,23239,1788822005.9630482,-0.7669374931434254,-0.4602261564368981,3.8331872357806547,0.08177363295586497,-0.013160324034563476,0.07131541612910033,4.0,tracking,1,0.8,1,0,1,force_bus_tool_compensated,4,phathom_s_scan:tracking t=4.07 contact=1 vz_cmd=+0.8
916340.013966974,916340.011398672,23241,1788822005.9729557,-0.8360023933189529,-0.4750956665395126,3.8480815118444456,0.07436573819196379,-0.009668290873700023,0.06960075824764998,4.0,tracking,1,1.0,1,0,1,force_bus_tool_compensated,4,phathom_s_scan:tracking t=4.09 contact=1 vz_cmd=+1.0
916340.023957796,916340.021553393,23243,1788822005.9831076,-0.6175965876593237,-0.3285273614411479,4.293218491643408,0.07622632660290043,-0.028863033978864427,0.07618632785281995,4.0,tracking,1,-0.0,1,0,1,force_bus_tool_compensated,4,phathom_s_scan:tracking t=4.09 contact=1 vz_cmd=-0.0
916340.033955896,916340.03155012,23245,1788822005.9931073,-0.40256493146936356,0.020018242878782042,4.157359855617038,0.10910027360908608,-0.03350228497633842,0.07792497975506392,4.0,tracking,1,-2.5,1,0,1,force_bus_tool_compensated,4,phathom_s_scan:tracking t=4.10 contact=1 vz_cmd=-2.5
916340.043983284,916340.041481866,23247,1788822006.003039,-0.5468731362515893,0.14574754075745922,3.9485304791514353,0.11300814736028846,-0.02363438565607866,0.08062984927062662,4.0,tracking,1,-1.9,1,0,1,force_bus_tool_compensated,4,phathom_s_scan:tracking t=4.11 contact=1 vz_cmd=-1.9
916340.053960334,916340.051628792,23249,1788822006.0131843,-0.543064608610835,0.15164644105845712,4.342968763676534,0.11743697607362999,-0.04024863605039817,0.08606819312004456,4.0,tracking,1,-2.5,1,0,1,force_bus_tool_compensated,4,phathom_s_scan:tracking t=4.13 contact=1 vz_cmd=-2.5
916340.063970045,916340.061556459,23251,1788822006.0231128,-0.6705191284067873,-0.2560911935324522,3.8852173681009985,0.0825216201434748,-0.01737677009297809,0.06801595847933123,4.0,tracking,1,-1.9,1,0,1,force_bus_tool_compensated,4,phathom_s_scan:tracking t=4.13 contact=1 vz_cmd=-1.9
916340.073920226,916340.07177663,23253,1788822006.033333,-0.8379708112634934,-0.0838431249076796,3.601201680510165,0.09024064431423509,-0.0012234775586807192,0.0827974848923893,4.0,tracking,1,0.6,1,0,1,force_bus_tool_compensated,4,phathom_s_scan:tracking t=4.14 contact=1 vz_cmd=+0.6
916340.083974071,916340.081757596,23255,1788822006.0433123,-0.6203909025650656,-0.24690138230142678,4.250187257697077,0.08335747002031775,-0.028365338499833442,0.07152362848619957,4.0,tracking,1,0.6,1,0,1,force_bus_tool_compensated,4,phathom_s_scan:tracking t=4.15 contact=1 vz_cmd=+0.6
916340.093974571,916340.091439744,23257,1788822006.0529969,-0.47041229878852464,-0.0098584737861835,4.154271563066441,0.1045386036762609,-0.03892358072865767,0.07407417560235585,4.0,tracking,1,-1.4,1,0,1,force_bus_tool_compensated,4,phathom_s_scan:tracking t=4.16 contact=1 vz_cmd=-1.4
916340.103974294,916340.101570893,23259,1788822006.0631282,-0.7545174909058243,-0.032477314451272776,3.7440185970424062,0.09746483990931815,-0.0064238085566495915,0.08299442856336779,4.0,tracking,1,-0.2,1,0,1,force_bus_tool_compensated,4,phathom_s_scan:tracking t=4.18 contact=1 vz_cmd=-0.2
916340.114103716,916340.111609424,23261,1788822006.073164,-0.5232768319530405,0.029940554714738558,3.8943752816076342,0.10026538638078797,-0.030520231007376154,0.0774389537007214,4.0,tracking,1,0.3,1,0,1,force_bus_tool_compensated,4,phathom_s_scan:tracking t=4.18 contact=1 vz_cmd=+0.3
916340.124041986,916340.121640149,23263,1788822006.0831976,-0.4195915056283013,0.08646267152138523,3.9251088118608592,0.1053068789393871,-0.03393661658815396,0.07479130506222516,4.0,tracking,1,0.2,1,0,1,force_bus_tool_compensated,4,phathom_s_scan:tracking t=4.19 contact=1 vz_cmd=+0.2
916340.134074513,916340.1316354,23265,1788822006.0931914,-0.4391825478070228,0.3389695687542938,3.540045207145143,0.11977541156439143,-0.029135057625107756,0.08662847096265608,4.0,tracking,1,2.4,1,0,1,force_bus_tool_compensated,4,phathom_s_scan:tracking t=4.20 contact=1 vz_cmd=+2.4
916340.143996968,916340.141728515,23267,1788822006.1032841,-0.44062758916130274,-0.2097621807129675,3.871827709832691,0.08342306611545403,-0.036447848518089146,0.06414636283731939,4.0,tracking,1,2.4,1,0,1,force_bus_tool_compensated,4,phathom_s_scan:tracking t=4.21 contact=1 vz_cmd=+2.4
916340.154072682,916340.151561929,23269,1788822006.1131196,-0.48417498806947346,-0.13242982787375462,3.732297789864028,0.09059656795732662,-0.027508809328189218,0.0852881885030815,4.0,tracking,1,2.4,1,0,1,force_bus_tool_compensated,4,phathom_s_scan:tracking t=4.22 contact=1 vz_cmd=+2.4
916340.164058142,916340.161671633,23271,1788822006.1232297,-0.544973285643092,-0.03003762329247612,3.727076185489623,0.09363029244108995,-0.026459936030282082,0.07126083052701052,4.0,tracking,1,3.2,1,0,1,force_bus_tool_compensated,4,phathom_s_scan:tracking t=4.23 contact=1 vz_cmd=+3.2
916340.173985794,916340.171648848,23273,1788822006.1332057,-0.4245032191288689,0.23534907682246373,3.941612609728905,0.1160959874707401,-0.037817430762916236,0.0813734194016219,4.0,tracking,1,2.1,1,0,1,force_bus_tool_compensated,4,phathom_s_scan:tracking t=4.24 contact=1 vz_cmd=+2.1
916340.183957088,916340.181585188,23275,1788822006.1431434,-0.7740407696574374,-0.09487863073142963,3.6158117062058017,0.0935905545153276,-0.007075334957534922,0.07818213257130997,4.0,tracking,1,3.2,1,0,1,force_bus_tool_compensated,4,phathom_s_scan:tracking t=4.25 contact=1 vz_cmd=+3.2
916340.193973279,916340.191626507,23277,1788822006.1531832,-0.7034650810412437,-0.1013289191178737,3.5837287800115014,0.0887047925591192,-0.015031085512195333,0.07163122501482584,4.0,tracking,1,4.5,1,0,1,force_bus_tool_compensated,4,phathom_s_scan:tracking t=4.26 contact=1 vz_cmd=+4.5
916340.203956525,916340.201986567,23279,1788822006.1635437,-0.5120441832974296,-0.16532955001774807,3.8621815838434226,0.07995461573034521,-0.03731994958894053,0.07150359116758598,4.0,tracking,1,4.1,1,0,1,force_bus_tool_compensated,4,phathom_s_scan:tracking t=4.27 contact=1 vz_cmd=+4.1
916340.213981662,916340.211692988,23281,1788822006.173246,-0.39317379604205627,0.23873479979122475,3.7865221777025164,0.12192251141834412,-0.028623472043653172,0.0811747549007413,4.0,tracking,1,3.1,1,0,1,force_bus_tool_compensated,4,phathom_s_scan:tracking t=4.28 contact=1 vz_cmd=+3.1
916340.223963134,916340.22194468,23283,1788822006.1835015,-0.5396434010109854,-0.0730087784135546,3.6945003687635882,0.0897831801980306,-0.025751972628992682,0.07347007292662179,4.0,tracking,1,4.0,1,0,1,force_bus_tool_compensated,4,phathom_s_scan:tracking t=4.29 contact=1 vz_cmd=+4.0
916340.233956624,916340.231782176,23285,1788822006.1933393,-0.3947083468015431,-0.13325363189806314,3.8624152177939397,0.09217156821001107,-0.03827017743795297,0.07785511917454364,4.0,tracking,1,2.7,1,0,1,force_bus_tool_compensated,4,phathom_s_scan:tracking t=4.30 contact=1 vz_cmd=+2.7
916340.243990241,916340.241699324,23287,1788822006.2032564,-0.4905354756383291,-0.23917542157662394,3.840576026058282,0.09057445748841783,-0.025153687079702183,0.07282227870449187,4.0,tracking,1,2.4,1,0,1,force_bus_tool_compensated,4,phathom_s_scan:tracking t=4.31 contact=1 vz_cmd=+2.4
916340.253958713,916340.251572848,23289,1788822006.2131302,-0.3869538880367973,0.19189244075866727,3.910323397768651,0.11649482611359842,-0.03312909064491267,0.08728449721822637,4.0,tracking,1,1.6,1,0,1,force_bus_tool_compensated,4,phathom_s_scan:tracking t=4.33 contact=1 vz_cmd=+1.6
916340.263978827,916340.261545328,23291,1788822006.223104,-0.4503756294575689,-0.014720691730864412,3.993891105919347,0.10496309624490553,-0.03194861589695114,0.07498386393954956,4.0,tracking,1,1.1,1,0,1,force_bus_tool_compensated,4,phathom_s_scan:tracking t=4.33 contact=1 vz_cmd=+1.1
916340.273992423,916340.271464604,23293,1788822006.2330177,-0.5432623489504698,-0.019737196033837737,3.87133918316916,0.1031579428563177,-0.024644737217321345,0.07690113282361324,4.0,tracking,1,0.8,1,0,1,force_bus_tool_compensated,4,phathom_s_scan:tracking t=4.34 contact=1 vz_cmd=+0.8
916340.283987084,916340.281722191,23295,1788822006.2432778,-0.5295942130003075,-0.1351197646982813,3.9714211072879344,0.09031473104562303,-0.024444261014472075,0.0768075917731765,4.0,tracking,1,0.8,1,0,1,force_bus_tool_compensated,4,phathom_s_scan:tracking t=4.36 contact=1 vz_cmd=+0.8
916340.293965507,916340.29151263,23297,1788822006.2530704,-0.5875247795080485,-0.08411439814408589,3.840264667727822,0.09650103818001773,-0.023200507835777772,0.07882124603002784,4.0,tracking,1,0.7,1,0,1,force_bus_tool_compensated,4,phathom_s_scan:tracking t=4.36 contact=1 vz_cmd=+0.7
916340.303989412,916340.301408621,23299,1788822006.2629669,-0.693188540551757,-0.18719141946509615,4.003146121484427,0.08986418936162983,-0.030113875464043875,0.08467171529168464,4.0,tracking,1,0.5,1,0,1,force_bus_tool_compensated,4,phathom_s_scan:tracking t=4.37 contact=1 vz_cmd=+0.5
916340.313988039,916340.311633978,23301,1788822006.2731864,-0.4102197782424952,-0.04277564912352528,4.151801086559135,0.09571716322303833,-0.040143446681222404,0.06515462425394508,4.0,tracking,1,0.2,1,0,1,force_bus_tool_compensated,4,phathom_s_scan:tracking t=4.38 contact=1 vz_cmd=+0.2
916340.32398031,916340.322079234,23303,1788822006.2836356,-0.674735967498038,-0.345119036040488,3.878461390819005,0.08406028945734444,-0.017395725600977987,0.07277780539017754,4.0,tracking,1,0.2,1,0,1,force_bus_tool_compensated,4,phathom_s_scan:tracking t=4.39 contact=1 vz_cmd=+0.2
916340.333985979,916340.331762125,23305,1788822006.2933197,-0.37669906410484977,0.14598743090720648,4.204585880560749,0.11700274801652381,-0.03841360346694789,0.0847355150732314,4.0,tracking,1,-0.2,1,0,1,force_bus_tool_compensated,4,phathom_s_scan:tracking t=4.40 contact=1 vz_cmd=-0.2
916340.343985933,916340.34165646,23307,1788822006.3032107,-0.6234140817743068,-0.18675255328398294,3.935481522958778,0.09406763875124001,-0.023346636661137676,0.07023770165744747,4.0,tracking,1,-0.2,1,0,1,force_bus_tool_compensated,4,phathom_s_scan:tracking t=4.41 contact=1 vz_cmd=-0.2
916340.353981036,916340.351774339,23309,1788822006.3133292,-0.5769909695730859,-0.16684746004132936,4.18672545785472,0.09934780822527525,-0.028057469715161668,0.07504375835469929,4.0,tracking,1,-0.4,1,0,1,force_bus_tool_compensated,4,phathom_s_scan:tracking t=4.42 contact=1 vz_cmd=-0.4
916340.363982028,916340.361632872,23311,1788822006.3231895,-0.3857207603490147,-0.0744667309299713,4.172400907457693,0.10297793133123138,-0.03721597513839384,0.07318689936076564,4.0,tracking,1,-0.9,1,0,1,force_bus_tool_compensated,4,phathom_s_scan:tracking t=4.43 contact=1 vz_cmd=-0.9
916340.373978751,916340.371625637,23313,1788822006.3331816,-0.5493456865074706,-0.12139162984538707,4.071292353197284,0.10175166867813513,-0.02777114387162506,0.07920941937470005,4.0,tracking,1,-0.6,1,0,1,force_bus_tool_compensated,4,phathom_s_scan:tracking t=4.44 contact=1 vz_cmd=-0.6
916340.383956877,916340.381735069,23315,1788822006.3432934,-0.4225321952294827,-0.2453788953004793,4.229569718474135,0.08864973819493185,-0.039996123923485186,0.06572750011171044,4.0,tracking,1,-0.9,1,0,1,force_bus_tool_compensated,4,phathom_s_scan:tracking t=4.45 contact=1 vz_cmd=-0.9
916340.393961371,916340.391728748,23317,1788822006.3532848,-0.5788252022711415,-0.08326308834044505,3.9865776040029424,0.103674419331274,-0.022267033357004903,0.08066785829966625,4.0,tracking,1,-0.7,1,0,1,force_bus_tool_compensated,4,phathom_s_scan:tracking t=4.46 contact=1 vz_cmd=-0.7
916340.403970797,916340.401693905,23319,1788822006.3632505,-0.622471037531894,-0.2402566083858804,4.242100968644445,0.08669654514284016,-0.030796054968385417,0.0648492398420395,4.0,tracking,1,-1.0,1,0,1,force_bus_tool_compensated,4,phathom_s_scan:tracking t=4.47 contact=1 vz_cmd=-1.0
916340.413985669,916340.411823411,23321,1788822006.3733735,-0.481678438499211,-0.12297613599142629,4.135122715729266,0.10220336406634155,-0.03447205200288113,0.07608565047271972,4.0,tracking,1,-1.4,1,0,1,force_bus_tool_compensated,4,phathom_s_scan:tracking t=4.48 contact=1 vz_cmd=-1.4
916340.42398097,916340.421620459,23323,1788822006.3831768,-0.7059810124519623,0.1402063127955945,3.9705811543806204,0.11156097812767718,-0.015229191008597705,0.08160913199898331,4.0,tracking,1,-1.0,1,0,1,force_bus_tool_compensated,4,phathom_s_scan:tracking t=4.49 contact=1 vz_cmd=-1.0
916340.433979942,916340.431652837,23325,1788822006.3932106,-0.46233672755237154,-0.1373028964591566,4.047630911480874,0.09581600909245254,-0.04318708585752641,0.06936918143059367,4.0,tracking,1,-0.7,1,0,1,force_bus_tool_compensated,4,phathom_s_scan:tracking t=4.50 contact=1 vz_cmd=-0.7
916340.443987515,916340.441694629,23327,1788822006.403248,-0.7017818339300288,-0.2412165862520137,3.9302311104752667,0.08040736356578106,-0.025770175360777445,0.06864724558410097,4.0,tracking,1,-0.5,1,0,1,force_bus_tool_compensated,4,phathom_s_scan:tracking t=4.51 contact=1 vz_cmd=-0.5
916340.453981611,916340.451836856,23329,1788822006.4133933,-0.4616285945085252,-0.13746934023026686,4.190444513226625,0.09562615739179046,-0.04332548493004444,0.07343531498421746,4.0,tracking,1,-0.6,1,0,1,force_bus_tool_compensated,4,phathom_s_scan:tracking t=4.52 contact=1 vz_cmd=-0.6
916340.46398107,916340.461564972,23331,1788822006.423122,-0.4158146896336872,-0.25308586573469705,4.012903478021263,0.08252484842406185,-0.03900727128275361,0.0595199778348392,4.0,tracking,1,-0.4,1,0,1,force_bus_tool_compensated,4,phathom_s_scan:tracking t=4.53 contact=1 vz_cmd=-0.4
916340.473994185,916340.47178137,23333,1788822006.4333339,-0.4976465384123512,-0.037924454538864866,3.9290980379425715,0.11240340615050115,-0.032072428987607114,0.08686312219128876,4.0,tracking,1,-0.3,1,0,1,force_bus_tool_compensated,4,phathom_s_scan:tracking t=4.54 contact=1 vz_cmd=-0.3
916340.483963051,916340.481647087,23335,1788822006.4432049,-0.4121449854328072,0.22221067427015087,4.045406623650976,0.1232320342027653,-0.0389245370060598,0.07996257867808441,4.0,tracking,1,-0.2,1,0,1,force_bus_tool_compensated,4,phathom_s_scan:tracking t=4.55 contact=1 vz_cmd=-0.2
916340.493983472,916340.491575642,23337,1788822006.4531326,-0.5756958917459993,0.06596704824398615,3.92352092764367,0.11654532677163344,-0.03326702578530311,0.08338687984974097,4.0,tracking,1,-0.1,1,0,1,force_bus_tool_compensated,4,phathom_s_scan:tracking t=4.56 contact=1 vz_cmd=-0.1
916340.503966748,916340.501662537,23339,1788822006.463219,-0.5665497585309245,-0.05229757592814093,4.232087530267197,0.10485541370771463,-0.03948103945091006,0.07578281274014351,4.0,tracking,1,-0.5,1,0,1,force_bus_tool_compensated,4,phathom_s_scan:tracking t=4.57 contact=1 vz_cmd=-0.5
916340.513960107,916340.511634982,23341,1788822006.4731867,-0.5896046025346298,-0.18915656581639526,4.110152845705715,0.09698940763521098,-0.0349025686933134,0.0787345326238058,4.0,tracking,1,-0.7,1,0,1,force_bus_tool_compensated,4,phathom_s_scan:tracking t=4.58 contact=1 vz_cmd=-0.7
916340.523972159,916340.521546343,23343,1788822006.483101,-0.688533373043515,0.05719660759195813,4.07164013653013,0.11186955042695712,-0.023906434829506766,0.07656415887267787,4.0,tracking,1,-0.5,1,0,1,force_bus_tool_compensated,4,phathom_s_scan:tracking t=4.59 contact=1 vz_cmd=-0.5
916340.533965263,916340.531678291,23345,1788822006.4932346,-0.7006041720493079,0.023158910891649516,4.100566113796682,0.11497932303627378,-0.024293769516140092,0.08381432171044154,4.0,tracking,1,-0.4,1,0,1,force_bus_tool_compensated,4,phathom_s_scan:tracking t=4.60 contact=1 vz_cmd=-0.4
916340.543965941,916340.541555432,23347,1788822006.5031118,-0.9240562828196268,-0.2693388834153566,4.062656325331616,0.077697995176262,-0.01857516549555469,0.06895314942396738,4.0,tracking,1,-0.2,1,0,1,force_bus_tool_compensated,4,phathom_s_scan:tracking t=4.61 contact=1 vz_cmd=-0.2
916340.55397604,916340.551702326,23349,1788822006.5132575,-0.6398868816947805,-0.2915848703037213,4.429482284467438,0.07687579386064476,-0.04357771271989589,0.07112835009483529,4.0,tracking,1,-2.1,1,0,1,force_bus_tool_compensated,4,phathom_s_scan:tracking t=4.62 contact=1 vz_cmd=-2.1
916340.563957522,916340.561556873,23351,1788822006.5231137,-0.8518573900729283,-0.23695269737451324,4.108861751340806,0.09567499165990379,-0.012753026049602087,0.07754870101017586,4.0,tracking,1,-2.0,1,0,1,force_bus_tool_compensated,4,phathom_s_scan:tracking t=4.63 contact=1 vz_cmd=-2.0
916340.573991589,916340.57150442,23353,1788822006.5330606,-0.5965622224678153,-0.015776517909576654,4.430639003423347,0.11299062926986925,-0.03573828567056111,0.08162282698194517,4.0,tracking,1,-2.8,1,0,1,force_bus_tool_compensated,4,phathom_s_scan:tracking t=4.64 contact=1 vz_cmd=-2.8
916340.583985149,916340.582060449,23355,1788822006.5436156,-0.6051588098947074,-0.12334442617376287,4.314866435916073,0.09888275869893007,-0.03437252814897761,0.07457457414347782,4.0,tracking,1,-4.0,1,0,1,force_bus_tool_compensated,4,phathom_s_scan:tracking t=4.65 contact=1 vz_cmd=-4.0
916340.593959141,916340.591483491,23357,1788822006.5530424,-0.6546538128101445,-0.07659630225098936,4.116872798584248,0.10590766054925388,-0.02537277953137315,0.0782789500458672,4.0,tracking,1,-3.0,1,0,1,force_bus_tool_compensated,4,phathom_s_scan:tracking t=4.66 contact=1 vz_cmd=-3.0
916340.603971796,916340.601529563,23359,1788822006.5630865,-0.6735467824073607,-0.24958253223268081,4.25438877394776,0.09212547051630533,-0.021816795427849707,0.07230934412404508,4.0,tracking,1,-2.6,1,0,1,force_bus_tool_compensated,4,phathom_s_scan:tracking t=4.67 contact=1 vz_cmd=-2.6
916340.613966995,916340.611698572,23361,1788822006.5732508,-0.5399953773879949,0.031515930206694215,4.10799570894336,0.10985125618625143,-0.03365970473751346,0.08417275354577748,4.0,tracking,1,-2.0,1,0,1,force_bus_tool_compensated,4,phathom_s_scan:tracking t=4.68 contact=1 vz_cmd=-2.0
916340.623968642,916340.621591533,23363,1788822006.5831487,-0.5511899660132815,-0.05873517822376088,4.072461030949473,0.10213902187230472,-0.031020163431384893,0.07138838794586436,4.0,tracking,1,-1.4,1,0,1,force_bus_tool_compensated,4,phathom_s_scan:tracking t=4.69 contact=1 vz_cmd=-1.4
916340.633956841,916340.631603798,23365,1788822006.5931609,-0.5190624266457717,-0.10137126102513627,4.092113199121881,0.09891594485159354,-0.033416168094319576,0.07557690601621476,4.0,tracking,1,-0.9,1,0,1,force_bus_tool_compensated,4,phathom_s_scan:tracking t=4.70 contact=1 vz_cmd=-0.9
916340.643988514,916340.641820125,23367,1788822006.6033723,-0.5013707125795563,-0.05759942266335641,4.09553451495959,0.10488187730841478,-0.036289985304242156,0.07788372250350671,4.0,tracking,1,-0.7,1,0,1,force_bus_tool_compensated,4,phathom_s_scan:tracking t=4.71 contact=1 vz_cmd=-0.7
916340.653960671,916340.651582757,23369,1788822006.6131396,-0.5620771083956413,0.24655275424033044,4.089348119285462,0.12674714878297363,-0.03214605440542238,0.08736268470208669,4.0,tracking,1,-0.5,1,0,1,force_bus_tool_compensated,4,phathom_s_scan:tracking t=4.72 contact=1 vz_cmd=-0.5
916340.663956447,916340.661634948,23371,1788822006.623192,-0.479375031296025,-0.0452779235057632,3.9407415876001637,0.10116219296195127,-0.033830078355193464,0.0781059439318991,4.0,tracking,1,-0.3,1,0,1,force_bus_tool_compensated,4,phathom_s_scan:tracking t=4.73 contact=1 vz_cmd=-0.3
916340.673959936,916340.671811746,23373,1788822006.6333642,-0.4801311909295294,-0.026488738174183395,4.06152787523088,0.10167880504231035,-0.038882831621768685,0.07656492280346626,4.0,tracking,1,-0.2,1,0,1,force_bus_tool_compensated,4,phathom_s_scan:tracking t=4.74 contact=1 vz_cmd=-0.2
916340.683961292,916340.681792816,23375,1788822006.6433508,-0.5305903063425246,-0.10147044647842664,3.9457080464315686,0.09793459394296011,-0.03295852181512915,0.06902292748554034,4.0,tracking,1,-0.2,1,0,1,force_bus_tool_compensated,4,phathom_s_scan:tracking t=4.75 contact=1 vz_cmd=-0.2
916340.69397012,916340.691704688,23377,1788822006.653262,-0.8115926859634712,-0.2969903253460816,3.89187335340888,0.09039344793938911,-0.01363200983351981,0.07812029442894261,4.0,tracking,1,0.1,1,0,1,force_bus_tool_compensated,4,phathom_s_scan:tracking t=4.76 contact=1 vz_cmd=+0.1
916340.703963013,916340.701798818,23379,1788822006.6633503,-0.7298698118709908,-0.4260926067568604,4.122512143611413,0.08001208129656144,-0.013183550398882948,0.0657224156912336,4.0,tracking,1,0.0,1,0,1,force_bus_tool_compensated,4,phathom_s_scan:tracking t=4.77 contact=1 vz_cmd=+0.0
916340.713959469,916340.711844917,23381,1788822006.6734023,-0.655687795239384,-0.21022518266633777,3.972484996277128,0.09165909787763585,-0.012855208968038722,0.07924068272621938,4.0,tracking,1,-0.1,1,0,1,force_bus_tool_compensated,4,phathom_s_scan:tracking t=4.78 contact=1 vz_cmd=-0.1
916340.723952089,916340.721824894,23383,1788822006.6833785,-0.7395560371839021,0.011221552957994999,3.909749589647556,0.10513191666735214,-0.011873116894616963,0.079513193963127,4.0,tracking,1,-0.0,1,0,1,force_bus_tool_compensated,4,phathom_s_scan:tracking t=4.79 contact=1 vz_cmd=-0.0
916340.733985014,916340.732271368,23385,1788822006.6938243,-0.6494633337405591,0.1819737254627613,4.29124757335344,0.11279357775313245,-0.03616868790629258,0.08254041930191733,4.0,tracking,1,-0.8,1,0,1,force_bus_tool_compensated,4,phathom_s_scan:tracking t=4.80 contact=1 vz_cmd=-0.8
916340.743961475,916340.741639616,23387,1788822006.7031972,-0.6236293688451982,-0.12965482697485417,4.071963811931815,0.09381818461970504,-0.02931777634633225,0.0750086615196014,4.0,tracking,1,-1.0,1,0,1,force_bus_tool_compensated,4,phathom_s_scan:tracking t=4.81 contact=1 vz_cmd=-1.0
916340.753978551,916340.751923964,23389,1788822006.713481,-0.6935694323766723,0.19541786983121595,3.9370433393304785,0.11677212647362087,-0.01834000638907594,0.08428053459915849,4.0,tracking,1,-0.6,1,0,1,force_bus_tool_compensated,4,phathom_s_scan:tracking t=4.82 contact=1 vz_cmd=-0.6
916340.763973682,916340.761615863,23391,1788822006.7231722,-0.5269058410701186,-0.008662461341356315,4.093494377090293,0.09741875060792743,-0.03358839000945008,0.06745648686239478,4.0,tracking,1,-0.4,1,0,1,force_bus_tool_compensated,4,phathom_s_scan:tracking t=4.83 contact=1 vz_cmd=-0.4
916340.773956201,916340.771615777,23393,1788822006.7331707,-0.5079300574196504,-0.020996541128922845,3.9707445894007964,0.10307214795669928,-0.03145532898084328,0.08071749407927555,4.0,tracking,1,-0.3,1,0,1,force_bus_tool_compensated,4,phathom_s_scan:tracking t=4.84 contact=1 vz_cmd=-0.3
916340.783982895,916340.782053812,23395,1788822006.7436087,-0.6761990022202924,-0.02863358470332187,4.098246032878112,0.09835917932176927,-0.025710465440461624,0.07677267794317465,4.0,tracking,1,-0.2,1,0,1,force_bus_tool_compensated,4,phathom_s_scan:tracking t=4.85 contact=1 vz_cmd=-0.2
916340.793957421,916340.791738697,23397,1788822006.753295,-0.5586585924910605,-0.05574175041230236,4.138975311867993,0.09643442431327963,-0.03380063546971977,0.07275297605211677,4.0,tracking,1,-0.2,1,0,1,force_bus_tool_compensated,4,phathom_s_scan:tracking t=4.86 contact=1 vz_cmd=-0.2
916340.80397367,916340.801617861,23399,1788822006.7631752,-0.7816974799593972,-0.05385245988356054,4.119340227417208,0.10394480821956727,-0.015132202871649613,0.07946340870366911,4.0,tracking,1,-0.3,1,0,1,force_bus_tool_compensated,4,phathom_s_scan:tracking t=4.87 contact=1 vz_cmd=-0.3
916340.813962495,916340.812007674,23401,1788822006.7735603,-0.6779897813384932,-0.1559395246427952,4.4061680583717,0.09585452751979177,-0.035049303016871994,0.0754897174147203,4.0,tracking,1,-1.8,1,0,1,force_bus_tool_compensated,4,phathom_s_scan:tracking t=4.88 contact=1 vz_cmd=-1.8
916340.823974276,916340.821782623,23403,1788822006.78333,-0.7328432674955834,-0.16169518008808495,4.309801284820302,0.10189423521241617,-0.015444784393350218,0.07621532421732995,4.0,tracking,1,-3.1,1,0,1,force_bus_tool_compensated,4,phathom_s_scan:tracking t=4.89 contact=1 vz_cmd=-3.1
916340.8339806,916340.831821378,23405,1788822006.793379,-0.8887014604333308,-0.10376166652893032,4.2690059700619,0.10581173737334482,-0.005724135688719717,0.08440898057616877,4.0,tracking,1,-3.0,1,0,1,force_bus_tool_compensated,4,phathom_s_scan:tracking t=4.90 contact=1 vz_cmd=-3.0
916340.843963467,916340.84208009,23407,1788822006.803633,-0.7797800485808823,-0.3007572566787663,4.453898140641346,0.08802200807778349,-0.018511418556863665,0.0711479579986831,4.0,tracking,1,-4.4,1,0,1,force_bus_tool_compensated,4,phathom_s_scan:tracking t=4.91 contact=1 vz_cmd=-4.4
916340.853991685,916340.851729777,23409,1788822006.8132863,-0.7281432972948125,-0.15402206799146997,4.2861926777027275,0.09879756915049707,-0.01333941352274872,0.08136678141387912,4.0,tracking,1,-4.6,1,0,1,force_bus_tool_compensated,4,phathom_s_scan:tracking t=4.92 contact=1 vz_cmd=-4.6
916340.863946383,916340.861694199,23411,1788822006.8232515,-0.9742946304918405,-0.33689179005609105,4.138211254170126,0.08861751413014865,0.00929967208034553,0.07690639757479076,4.0,tracking,1,-3.4,1,0,1,force_bus_tool_compensated,4,phathom_s_scan:tracking t=4.93 contact=1 vz_cmd=-3.4
916340.873963528,916340.871905555,23413,1788822006.833457,-0.5882714587039746,-0.2292627226121972,4.527705907653602,0.09807320134304887,-0.030862956300329626,0.08373252417577766,4.0,tracking,1,-4.8,1,0,1,force_bus_tool_compensated,4,phathom_s_scan:tracking t=4.94 contact=1 vz_cmd=-4.8
916340.883978463,916340.881974141,23415,1788822006.8435307,-0.7031403235345228,-0.12417658025102776,4.205623610278325,0.10915194219350248,-0.0049540183775084986,0.08301490827773637,4.0,tracking,1,-4.7,1,0,1,force_bus_tool_compensated,4,phathom_s_scan:tracking t=4.95 contact=1 vz_cmd=-4.7
916340.893974813,916340.891824701,23417,1788822006.853381,-0.7802293197326644,0.014397875167515312,4.2745592108150605,0.11252377176664907,-0.011907054921617057,0.08619841716724132,4.0,tracking,1,-3.9,1,0,1,force_bus_tool_compensated,4,phathom_s_scan:tracking t=4.96 contact=1 vz_cmd=-3.9
916340.903964708,916340.901823816,23419,1788822006.8633766,-0.6566054681226159,-0.11997487862177422,4.390822138031492,0.10422485904239401,-0.022532677758179923,0.08061022537396963,4.0,tracking,1,-4.9,1,0,1,force_bus_tool_compensated,4,phathom_s_scan:tracking t=4.97 contact=1 vz_cmd=-4.9
916340.913965946,916340.91187549,23421,1788822006.8734324,-0.6099269512005852,0.24051772788357045,3.9936801297574966,0.12716494758099384,-0.016207110132093673,0.09067631750571752,4.0,tracking,1,-3.6,1,0,1,force_bus_tool_compensated,4,phathom_s_scan:tracking t=4.98 contact=1 vz_cmd=-3.6
916340.923980643,916340.921857409,23423,1788822006.8834133,-1.02277078377377,-0.04649221482385554,3.936429181095498,0.10193643552713703,0.0010477710450853273,0.08499381883187905,4.0,tracking,1,-2.4,1,0,1,force_bus_tool_compensated,4,phathom_s_scan:tracking t=4.99 contact=1 vz_cmd=-2.4
916340.933981858,916340.932055419,23425,1788822006.8936055,-0.47940017336007057,0.10309080536211213,4.181637549810562,0.11073367256507925,-0.035221905484779846,0.079339441903096,4.0,tracking,1,-1.9,1,0,1,force_bus_tool_compensated,4,phathom_s_scan:tracking t=5.00 contact=1 vz_cmd=-1.9
916340.943960949,916340.941742367,23427,1788822006.9032986,-0.8272647979790657,-0.10453309594699178,3.8620083584437435,0.09308056676110855,-0.010589512992569971,0.0772806916329252,4.0,tracking,1,-1.2,1,0,1,force_bus_tool_compensated,4,phathom_s_scan:tracking t=5.01 contact=1 vz_cmd=-1.2
916340.953960196,916340.951706986,23429,1788822006.9132636,-0.634077716837466,-0.0886506872908613,4.069429048860424,0.10189525715623321,-0.025752139233634504,0.08120646921344915,4.0,tracking,1,-0.8,1,0,1,force_bus_tool_compensated,4,phathom_s_scan:tracking t=5.02 contact=1 vz_cmd=-0.8
916340.96396174,916340.961590793,23431,1788822006.9231477,-0.8112239208221714,-0.10263766988856118,4.056807219061014,0.10256856031636949,-0.009908652617873492,0.08194138194070176,4.0,tracking,1,-0.6,1,0,1,force_bus_tool_compensated,4,phathom_s_scan:tracking t=5.03 contact=1 vz_cmd=-0.6
916340.973978738,916340.971478061,23433,1788822006.9330342,-0.8251789657495081,-0.21045499837750473,3.824804368088869,0.09290527488189426,-0.0017525585333022637,0.0837326718546738,4.0,tracking,1,-0.2,1,0,1,force_bus_tool_compensated,4,phathom_s_scan:tracking t=5.04 contact=1 vz_cmd=-0.2
916340.98396571,916340.98204316,23435,1788822006.943599,-0.9741783467275782,0.1088409399801786,4.067076830037907,0.10743652350125918,0.001261343401415454,0.08172900869728152,4.0,tracking,1,-0.1,1,0,1,force_bus_tool_compensated,4,phathom_s_scan:tracking t=5.05 contact=1 vz_cmd=-0.1
916340.993987702,916340.991798028,23437,1788822006.9533556,-0.8374051143068109,-0.29813703498089467,3.81986989883542,0.07777535652368582,-0.006657709987903054,0.0747431570509043,4.0,tracking,1,0.1,1,0,1,force_bus_tool_compensated,4,phathom_s_scan:tracking t=5.06 contact=1 vz_cmd=+0.1
916341.003982078,916341.001532566,23439,1788822006.9630902,-1.0203294473970934,0.2892455700360471,3.8130468185691058,0.11441530745976906,0.005969916232525989,0.08581917103194973,4.0,tracking,1,1.0,1,0,1,force_bus_tool_compensated,4,phathom_s_scan:tracking t=5.07 contact=1 vz_cmd=+1.0
916341.013965632,916341.011651324,23441,1788822006.9732056,-0.64150833090225,0.181062806403825,4.07061374134721,0.10757690006241197,-0.03219111864812237,0.08578226293232716,4.0,tracking,1,0.7,1,0,1,force_bus_tool_compensated,4,phathom_s_scan:tracking t=5.08 contact=1 vz_cmd=+0.7
916341.023986374,916341.021821588,23443,1788822006.983378,-0.8855051494665489,-0.11208667841286238,3.851973466703128,0.09477387122172808,-0.0037038516236313447,0.07768181324425287,4.0,tracking,1,0.5,1,0,1,force_bus_tool_compensated,4,phathom_s_scan:tracking t=5.09 contact=1 vz_cmd=+0.5
916341.033973533,916341.031668304,23445,1788822006.9932263,-0.7976905338536129,-0.058468810212056986,3.809502925008908,0.09501778910527045,-0.013446417301833356,0.08495097836084042,4.0,tracking,1,1.1,1,0,1,force_bus_tool_compensated,4,phathom_s_scan:tracking t=5.10 contact=1 vz_cmd=+1.1
916341.043959572,916341.041938348,23447,1788822007.003493,-0.8161950801006643,0.1321450487414301,4.183911603200822,0.11221690756461514,-0.01632516695520399,0.08211679701583269,4.0,tracking,1,0.5,1,0,1,force_bus_tool_compensated,4,phathom_s_scan:tracking t=5.11 contact=1 vz_cmd=+0.5
916341.053973141,916341.051595989,23449,1788822007.0131533,-0.6030071780652415,-0.019636087889525415,4.232416292745263,0.12123150603622664,-0.020989454731712112,0.08844837979976955,4.0,tracking,1,-0.6,1,0,1,force_bus_tool_compensated,4,phathom_s_scan:tracking t=5.12 contact=1 vz_cmd=-0.6
916341.063956426,916341.061801647,23451,1788822007.023359,-0.9692471876970097,-0.039885532484414746,4.02889577201272,0.11826123969354746,0.004099263976705014,0.08990164980931405,4.0,tracking,1,-0.4,1,0,1,force_bus_tool_compensated,4,phathom_s_scan:tracking t=5.13 contact=1 vz_cmd=-0.4
916341.073966562,916341.071828795,23453,1788822007.0333834,-0.9728550761440511,-0.4891604837994438,4.179742180170669,0.09790549783769832,-0.010475138338028135,0.08526100258446938,4.0,tracking,1,-0.6,1,0,1,force_bus_tool_compensated,4,phathom_s_scan:tracking t=5.14 contact=1 vz_cmd=-0.6
916341.083957982,916341.081655373,23455,1788822007.0432131,-1.3208826031966625,-0.500817061549078,4.217340282077355,0.10926565228218654,0.00926926813731938,0.08948174663013662,4.0,tracking,1,-0.8,1,0,1,force_bus_tool_compensated,4,phathom_s_scan:tracking t=5.15 contact=1 vz_cmd=-0.8
916341.093956093,916341.091643209,23457,1788822007.0532007,-1.2182672377844996,-0.6129576441237929,4.044218503968216,0.06723405166274696,0.019558370414175845,0.07412354142846053,4.0,tracking,1,-0.9,1,0,1,force_bus_tool_compensated,4,phathom_s_scan:tracking t=5.16 contact=1 vz_cmd=-0.9
916341.103978261,916341.101746328,23459,1788822007.0633,-1.1581706847860875,-0.3327434801443055,4.252484586216423,0.0899559040796621,0.013716737153988653,0.07915485560941082,4.0,tracking,1,-1.1,1,0,1,force_bus_tool_compensated,4,phathom_s_scan:tracking t=5.17 contact=1 vz_cmd=-1.1
916341.113977853,916341.111643624,23461,1788822007.0731957,-0.9610562049757811,-0.2560898156372901,4.3956533353559575,0.09248487771340796,-0.00641787768973682,0.08149919290139966,4.0,tracking,1,-2.7,1,0,1,force_bus_tool_compensated,4,phathom_s_scan:tracking t=5.18 contact=1 vz_cmd=-2.7
916341.123956186,916341.121576938,23463,1788822007.0831335,-0.9419228996156996,-0.3626677481646286,4.328658346776715,0.07963210440487878,-0.009597822300563077,0.07914002950583225,4.0,tracking,1,-3.9,1,0,1,force_bus_tool_compensated,4,phathom_s_scan:tracking t=5.19 contact=1 vz_cmd=-3.9
916341.133964913,916341.132097009,23465,1788822007.0936463,-1.0266460352439652,-0.26355990759449605,4.2357266331631855,0.0956215960769215,0.003026671790071537,0.08247784636192558,4.0,tracking,1,-3.3,1,0,1,force_bus_tool_compensated,4,phathom_s_scan:tracking t=5.20 contact=1 vz_cmd=-3.3
916341.143958289,916341.141606153,23467,1788822007.1031635,-1.097128223285892,-0.14007392340316382,4.255124054932537,0.10984733638952972,0.01031747921896028,0.08602891167785923,4.0,tracking,1,-3.5,1,0,1,force_bus_tool_compensated,4,phathom_s_scan:tracking t=5.21 contact=1 vz_cmd=-3.5
916341.154016936,916341.151725964,23469,1788822007.1132836,-0.9246412018807313,-0.16074753860274316,4.412908810834532,0.09940439884110909,-0.01974580030802093,0.08982260773307618,4.0,tracking,1,-4.2,1,0,1,force_bus_tool_compensated,4,phathom_s_scan:tracking t=5.22 contact=1 vz_cmd=-4.2
916341.163991442,916341.161766989,23471,1788822007.1233208,-1.0626308368589383,-0.08734965788155194,4.363417213272809,0.11045150275798522,-0.004993510739090765,0.08678855442681976,4.0,tracking,1,-5.0,1,0,1,force_bus_tool_compensated,4,phathom_s_scan:tracking t=5.23 contact=1 vz_cmd=-5.0
916341.173957174,916341.17150845,23473,1788822007.1330655,-1.2831164949007468,-0.33089176211556026,4.0923848016335285,0.09514892944520509,0.01468010844421485,0.0909912134042989,4.0,tracking,1,-3.6,1,0,1,force_bus_tool_compensated,4,phathom_s_scan:tracking t=5.24 contact=1 vz_cmd=-3.6
916341.183983316,916341.1817746,23475,1788822007.143332,-1.1952600489638097,-0.42817656104796664,4.162759839865143,0.08727162491551528,0.01093297950293161,0.08244519887663031,4.0,tracking,1,-2.6,1,0,1,force_bus_tool_compensated,4,phathom_s_scan:tracking t=5.25 contact=1 vz_cmd=-2.6
916341.193977546,916341.191590088,23477,1788822007.1531434,-0.8822973339525346,-0.12388242731722521,4.501580339524937,0.1167046636562946,-0.010982731267511252,0.09079002080493108,4.0,tracking,1,-4.1,1,0,1,force_bus_tool_compensated,4,phathom_s_scan:tracking t=5.26 contact=1 vz_cmd=-4.1
916341.203957007,916341.201540588,23479,1788822007.1630967,-1.0961649709063648,-0.37287673154117856,4.249137981849827,0.10906765112877223,0.011174126194542092,0.09163476864642212,4.0,tracking,1,-4.6,1,0,1,force_bus_tool_compensated,4,phathom_s_scan:tracking t=5.27 contact=1 vz_cmd=-4.6
916341.213978514,916341.211938551,23481,1788822007.1734946,-1.1570437950102415,-0.048973017619485186,4.048578766199911,0.12351410616434445,0.013113438810245561,0.09982062284428206,4.0,tracking,1,-3.1,1,0,1,force_bus_tool_compensated,4,phathom_s_scan:tracking t=5.28 contact=1 vz_cmd=-3.1
916341.223979511,916341.221572891,23483,1788822007.18313,-1.5592686004832315,-0.8049162943835994,4.220032376985066,0.06299616543807958,0.02931164012922921,0.08363822751139235,4.0,tracking,1,-2.5,1,0,1,force_bus_tool_compensated,4,phathom_s_scan:tracking t=5.29 contact=1 vz_cmd=-2.5
916341.233977818,916341.231702395,23485,1788822007.1932585,-1.129789843335155,-0.3665030116605893,4.233305011490943,0.10055003449058146,0.012479365168299178,0.08527927183948213,4.0,tracking,1,-2.9,1,0,1,force_bus_tool_compensated,4,phathom_s_scan:tracking t=5.30 contact=1 vz_cmd=-2.9
916341.243984755,916341.241799955,23487,1788822007.2033567,-1.396932689738816,-0.324044766637132,4.023923154218287,0.09869669868351885,0.02585061773950068,0.09624256573499258,4.0,tracking,1,-1.9,1,0,1,force_bus_tool_compensated,4,phathom_s_scan:tracking t=5.31 contact=1 vz_cmd=-1.9
916341.253965962,916341.252025365,23489,1788822007.2135744,-1.1690446417737603,-0.2479357222750775,4.012083549592088,0.10640840817686531,0.003656052265495071,0.09490124499206815,4.0,tracking,1,-1.3,1,0,1,force_bus_tool_compensated,4,phathom_s_scan:tracking t=5.32 contact=1 vz_cmd=-1.3
916341.263979313,916341.262055345,23491,1788822007.2236123,-1.1733769788367683,-0.3144159943400232,4.076478089685367,0.09407583895011795,-0.006422383322371186,0.08941478302202473,4.0,tracking,1,-0.9,1,0,1,force_bus_tool_compensated,4,phathom_s_scan:tracking t=5.33 contact=1 vz_cmd=-0.9
916341.273965435,916341.272034799,23493,1788822007.2335927,-1.27355401579115,-0.378890227287376,4.121288866030694,0.09606913390950192,0.004373518055074251,0.08855494216077013,4.0,tracking,1,-0.7,1,0,1,force_bus_tool_compensated,4,phathom_s_scan:tracking t=5.34 contact=1 vz_cmd=-0.7
916341.283976637,916341.281883798,23495,1788822007.2434416,-1.3181777124721685,-0.33897267842238915,4.053036878963008,0.10232821025226563,0.011220896166265686,0.09841706977394966,4.0,tracking,1,-0.5,1,0,1,force_bus_tool_compensated,4,phathom_s_scan:tracking t=5.35 contact=1 vz_cmd=-0.5
916341.293973306,916341.291616496,23497,1788822007.2531726,-1.0173223868650092,0.023567972487967586,4.243038680165719,0.12654514335491673,-0.009585861187535162,0.10118780137150864,4.0,tracking,1,-0.9,1,0,1,force_bus_tool_compensated,4,phathom_s_scan:tracking t=5.36 contact=1 vz_cmd=-0.9
916341.30397784,916341.301819456,23499,1788822007.2633753,-1.3918634280719273,-0.23593957044758307,4.049594532152745,0.11299589253762501,0.00981338840373039,0.09481027567062152,4.0,tracking,1,-0.7,1,0,1,force_bus_tool_compensated,4,phathom_s_scan:tracking t=5.37 contact=1 vz_cmd=-0.7
916341.313980126,916341.311630425,23501,1788822007.273187,-1.5580083544512884,-0.5595875087535285,3.9450278854987153,0.09866955940854608,0.019371297448418322,0.09292059426366617,4.0,tracking,1,-0.5,1,0,1,force_bus_tool_compensated,4,phathom_s_scan:tracking t=5.38 contact=1 vz_cmd=-0.5
916341.323972226,916341.321596279,23503,1788822007.2831528,-1.837053284596932,-0.7654217558274954,4.034149995095386,0.0994160522179869,0.027084747672209312,0.0989287275409679,4.0,tracking,1,-0.3,1,0,1,force_bus_tool_compensated,4,phathom_s_scan:tracking t=5.39 contact=1 vz_cmd=-0.3
916341.333960001,916341.3317852,23505,1788822007.2933424,-1.4769483591063912,-0.4411392754957339,4.246161642563022,0.09314473872503133,0.01643252763217426,0.09726961821858719,4.0,tracking,1,-0.8,1,0,1,force_bus_tool_compensated,4,phathom_s_scan:tracking t=5.40 contact=1 vz_cmd=-0.8
916341.343978458,916341.341555907,23507,1788822007.3031127,-1.606389055551165,-0.5409978541397646,4.287049408436738,0.09422081714972255,0.03528941364511945,0.09088860425249434,4.0,tracking,1,-1.9,1,0,1,force_bus_tool_compensated,4,phathom_s_scan:tracking t=5.41 contact=1 vz_cmd=-1.9
916341.353974686,916341.351663258,23509,1788822007.313219,-1.6153349108245323,-0.1712819115332876,4.345052900719729,0.1260790711745865,0.02135891975609521,0.10640149614903245,4.0,tracking,1,-2.6,1,0,1,force_bus_tool_compensated,4,phathom_s_scan:tracking t=5.42 contact=1 vz_cmd=-2.6
916341.363981587,916341.361814832,23511,1788822007.3233724,-1.6076365464448674,-0.6085703036467593,4.413441603793211,0.10035368237653959,0.015555165952799845,0.09338310443394753,4.0,tracking,1,-4.4,1,0,1,force_bus_tool_compensated,4,phathom_s_scan:tracking t=5.43 contact=1 vz_cmd=-4.4
916341.374078224,916341.371753158,23513,1788822007.3333097,-1.814120776756498,-0.5153266199150119,4.305746436322918,0.1020453533605609,0.030848269529372006,0.10908341883507267,4.0,tracking,1,-4.1,1,0,1,force_bus_tool_compensated,4,phathom_s_scan:tracking t=5.44 contact=1 vz_cmd=-4.1
916341.384092391,916341.38186164,23515,1788822007.3434181,-1.6754679838480235,-0.8009747935486364,4.342031731166745,0.07547944370154594,0.00927245739279636,0.08128108180814733,4.0,tracking,1,-4.8,1,0,1,force_bus_tool_compensated,4,phathom_s_scan:tracking t=5.45 contact=1 vz_cmd=-4.8
916341.394086216,916341.391848997,23517,1788822007.3533986,-1.595072626630734,-0.5062162877114977,4.483617845982824,0.10584486872573451,0.009792448916423066,0.10053302148332355,4.0,tracking,1,-5.9,1,0,1,force_bus_tool_compensated,4,phathom_s_scan:tracking t=5.46 contact=1 vz_cmd=-5.9
916341.404073274,916341.402080131,23519,1788822007.3636365,-1.7888119660628732,-0.4778200948207587,4.233191733150604,0.11497461818153243,0.03953942138702407,0.10516235331352916,4.0,tracking,1,-5.4,1,0,1,force_bus_tool_compensated,4,phathom_s_scan:tracking t=5.47 contact=1 vz_cmd=-5.4
916341.413998419,916341.411693694,23521,1788822007.37325,-1.6935886563528069,-0.2366386676949808,4.031543054994796,0.09895820446523719,0.011719463832504289,0.09948441258356411,4.0,tracking,1,-3.6,1,0,1,force_bus_tool_compensated,4,phathom_s_scan:tracking t=5.48 contact=1 vz_cmd=-3.6
916341.424079242,916341.421817945,23523,1788822007.383371,-1.77323195880807,-0.4868671593728542,4.266062039164472,0.1031337791316644,0.02601948242387821,0.09368687696231728,4.0,tracking,1,-3.4,1,0,1,force_bus_tool_compensated,4,phathom_s_scan:tracking t=5.49 contact=1 vz_cmd=-3.4
916341.43406785,916341.431648196,23525,1788822007.3932064,-1.843169914392129,-0.6064841105651251,4.072396463213694,0.08380129329035185,0.02190172841840966,0.0979219283551987,4.0,tracking,1,-2.3,1,0,1,force_bus_tool_compensated,4,phathom_s_scan:tracking t=5.50 contact=1 vz_cmd=-2.3
916341.444091499,916341.441685422,23527,1788822007.4032402,-1.8331278168966327,-0.42706544766106663,4.065992518345028,0.0945646587895674,0.021004608620016393,0.09845847899361146,4.0,tracking,1,-1.6,1,0,1,force_bus_tool_compensated,4,phathom_s_scan:tracking t=5.51 contact=1 vz_cmd=-1.6
916341.454103098,916341.451447009,23529,1788822007.413004,-1.545260942306749,-0.2450999162743714,4.215517345062656,0.12232662857434237,0.004738910902823358,0.1060337814619727,4.0,tracking,1,-1.5,1,0,1,force_bus_tool_compensated,4,phathom_s_scan:tracking t=5.52 contact=1 vz_cmd=-1.5
916341.464092199,916341.461583604,23531,1788822007.4231389,-1.735976466875563,-0.501400469506448,3.9249954852596205,0.111044198624272,0.03358782505851877,0.10452152723789754,4.0,tracking,1,-1.0,1,0,1,force_bus_tool_compensated,4,phathom_s_scan:tracking t=5.53 contact=1 vz_cmd=-1.0
916341.474081169,916341.47172837,23533,1788822007.4332843,-1.7250201723600562,-0.5118637243669455,4.041048882185407,0.1036165931902073,0.01704272512685,0.10768186235985118,4.0,tracking,1,-0.6,1,0,1,force_bus_tool_compensated,4,phathom_s_scan:tracking t=5.54 contact=1 vz_cmd=-0.6
916341.484103829,916341.481719503,23535,1788822007.443277,-1.7929951179669261,-0.6016766741438807,4.243955267039627,0.09489411840133267,0.014368431938614217,0.09468882042570184,4.0,tracking,1,-1.4,1,0,1,force_bus_tool_compensated,4,phathom_s_scan:tracking t=5.55 contact=1 vz_cmd=-1.4
916341.494039231,916341.491464475,23537,1788822007.4530208,-1.8909583279115647,-0.7593062305170963,3.9662128323063266,0.09531032761819169,0.03813657976321131,0.10235180568377114,4.0,tracking,1,-1.2,1,0,1,force_bus_tool_compensated,4,phathom_s_scan:tracking t=5.56 contact=1 vz_cmd=-1.2
916341.503965694,916341.501877412,23539,1788822007.4634328,-2.035721190119641,-0.6510344601242203,4.10949988361809,0.09917939837139655,0.04152176229933154,0.10464456856711118,4.0,tracking,1,-0.6,1,0,1,force_bus_tool_compensated,4,phathom_s_scan:tracking t=5.57 contact=1 vz_cmd=-0.6
916341.513988541,916341.511626178,23541,1788822007.4731824,-1.9191517188909641,-0.4761616365873801,4.266800361321263,0.11006036248407423,0.023085888332610167,0.10790770056417621,4.0,tracking,1,-1.8,1,0,1,force_bus_tool_compensated,4,phathom_s_scan:tracking t=5.58 contact=1 vz_cmd=-1.8
916341.523957592,916341.52148441,23543,1788822007.4830427,-2.1616619068420357,-0.894539922282195,4.117102441838814,0.08029545385984341,0.04367646544734837,0.09540231468294354,4.0,tracking,1,-1.5,1,0,1,force_bus_tool_compensated,4,phathom_s_scan:tracking t=5.59 contact=1 vz_cmd=-1.5
916341.533982187,916341.531890462,23545,1788822007.4934475,-2.0359481180248933,-0.7047201239733636,4.299293960740642,0.09613233719192303,0.0313450463498223,0.10927018660702968,4.0,tracking,1,-1.8,1,0,1,force_bus_tool_compensated,4,phathom_s_scan:tracking t=5.60 contact=1 vz_cmd=-1.8
916341.543988217,916341.541895959,23547,1788822007.5034492,-2.0213885574712434,-0.5345968791107786,4.498506928696372,0.11343575199370409,0.03009320616457585,0.1034292846612143,4.0,tracking,1,-4.0,1,0,1,force_bus_tool_compensated,4,phathom_s_scan:tracking t=5.61 contact=1 vz_cmd=-4.0
916341.55396144,916341.551687314,23549,1788822007.513244,-1.9403320470476655,-0.36146750460854093,4.465757836938009,0.12655700144590043,0.03077844550492384,0.11720371126440265,4.0,tracking,1,-5.5,1,0,1,force_bus_tool_compensated,4,phathom_s_scan:tracking t=5.62 contact=1 vz_cmd=-5.5
916341.56396036,916341.56164501,23551,1788822007.5232012,-2.111865826029585,-1.0161879227455377,4.1999446687576425,0.07594251224699497,0.03958704729016909,0.09933668961473051,4.0,tracking,1,-4.8,1,0,1,force_bus_tool_compensated,4,phathom_s_scan:tracking t=5.63 contact=1 vz_cmd=-4.8
916341.57397073,916341.571414812,23553,1788822007.5329697,-2.0321894759205805,-0.7307123551501329,4.399141728847011,0.10088247926087686,0.0307307993696101,0.1086856828217668,4.0,tracking,1,-4.9,1,0,1,force_bus_tool_compensated,4,phathom_s_scan:tracking t=5.64 contact=1 vz_cmd=-4.9
916341.583962258,916341.581683894,23555,1788822007.5432417,-1.8622361620827035,-0.5638127368708103,4.508943307039372,0.11542377545107195,0.017392320307563207,0.10940007803994661,4.0,tracking,1,-6.4,1,0,1,force_bus_tool_compensated,4,phathom_s_scan:tracking t=5.66 contact=1 vz_cmd=-6.4
916341.593959139,916341.59143425,23557,1788822007.552992,-1.9323224958265024,-0.4622711850182506,4.225628232592492,0.1196959723269655,0.026443086355753747,0.11497923035377822,4.0,tracking,1,-5.7,1,0,1,force_bus_tool_compensated,4,phathom_s_scan:tracking t=5.66 contact=1 vz_cmd=-5.7
916341.603969611,916341.601433515,23559,1788822007.5629914,-2.2349857972998315,-0.8939315042228072,4.215158980880552,0.08321749707040267,0.04302385461712338,0.09965631785655964,4.0,tracking,1,-4.2,1,0,1,force_bus_tool_compensated,4,phathom_s_scan:tracking t=5.67 contact=1 vz_cmd=-4.2
916341.613967665,916341.611826675,23561,1788822007.573382,-2.0739104537626885,-0.7179508750735979,4.239320358089901,0.09700565104512951,0.034133204290584016,0.10745314150748567,4.0,tracking,1,-4.1,1,0,1,force_bus_tool_compensated,4,phathom_s_scan:tracking t=5.69 contact=1 vz_cmd=-4.1
916341.623958551,916341.621561375,23563,1788822007.583118,-2.246611161848488,-0.676046412509969,4.0137372180561375,0.10657367139592643,0.05191329451608284,0.10842072108366924,4.0,tracking,1,-2.8,1,0,1,force_bus_tool_compensated,4,phathom_s_scan:tracking t=5.69 contact=1 vz_cmd=-2.8
916341.633962775,916341.631527037,23565,1788822007.5930839,-2.335374296584024,-0.6270025091926368,3.9748517863458215,0.10443146032399613,0.05192253914896546,0.11297812245191965,4.0,tracking,1,-1.9,1,0,1,force_bus_tool_compensated,4,phathom_s_scan:tracking t=5.70 contact=1 vz_cmd=-1.9
916341.644075146,916341.641505872,23567,1788822007.603062,-2.322089690008294,-0.6879597228374772,4.0601223282191805,0.09649135342591643,0.044582602748467086,0.10401179516623768,4.0,tracking,1,-1.3,1,0,1,force_bus_tool_compensated,4,phathom_s_scan:tracking t=5.71 contact=1 vz_cmd=-1.3
916341.654105374,916341.651765615,23569,1788822007.6133204,-2.1684950190808348,-0.6100692803463973,3.8782026704427874,0.09683621483464781,0.025997600760696928,0.10891967456554005,4.0,tracking,1,-0.8,1,0,1,force_bus_tool_compensated,4,phathom_s_scan:tracking t=5.72 contact=1 vz_cmd=-0.8
916341.664073434,916341.661621191,23571,1788822007.6231706,-2.1566027206317218,-0.6767255969479528,4.006113215920818,0.0964290212027899,0.027356458292779346,0.10040615598591159,4.0,tracking,1,-0.5,1,0,1,force_bus_tool_compensated,4,phathom_s_scan:tracking t=5.73 contact=1 vz_cmd=-0.5
916341.673966284,916341.671656286,23573,1788822007.633212,-2.133832300776123,-0.5652019271088362,3.9545925239814803,0.11030161586743006,0.028776489046920966,0.11824871861655943,4.0,tracking,1,-0.4,1,0,1,force_bus_tool_compensated,4,phathom_s_scan:tracking t=5.74 contact=1 vz_cmd=-0.4
916341.683957273,916341.681675166,23575,1788822007.643231,-2.025327529611114,-0.624273252272061,3.9836352966641337,0.1040289048105124,0.02427916032739591,0.10415183488124576,4.0,tracking,1,-0.2,1,0,1,force_bus_tool_compensated,4,phathom_s_scan:tracking t=5.75 contact=1 vz_cmd=-0.2
916341.693985184,916341.691588719,23577,1788822007.6531458,-2.179259881600574,-0.7011047140126876,3.868295794575095,0.10211614642457267,0.036581780965537346,0.1118807537980138,4.0,tracking,1,-0.1,1,0,1,force_bus_tool_compensated,4,phathom_s_scan:tracking t=5.76 contact=1 vz_cmd=-0.1
916341.703987347,916341.701704617,23579,1788822007.6632583,-2.1658678125852937,-0.6981637629023604,3.966832870596086,0.10302004672677992,0.032988312201716746,0.10226805147760608,4.0,tracking,1,-0.1,1,0,1,force_bus_tool_compensated,4,phathom_s_scan:tracking t=5.77 contact=1 vz_cmd=-0.1
916341.713979277,916341.711640904,23581,1788822007.673198,-2.311518129038806,-0.7238033607095871,3.962394146925834,0.09891223803887131,0.036178410855293934,0.11237525458124328,4.0,tracking,1,-0.0,1,0,1,force_bus_tool_compensated,4,phathom_s_scan:tracking t=5.78 contact=1 vz_cmd=-0.0
916341.72398118,916341.721635571,23583,1788822007.6831892,-2.4269766610701993,-0.7272778412857539,3.9247352601294128,0.09673325472869741,0.05401561051505105,0.10277662475552328,4.0,tracking,1,-0.0,1,0,1,force_bus_tool_compensated,4,phathom_s_scan:tracking t=5.79 contact=1 vz_cmd=-0.0
916341.733977731,916341.731849725,23585,1788822007.693407,-2.3790408475452103,-0.7034358200863016,3.8428692336181998,0.09538222737338667,0.052360557966228245,0.10871849638139706,4.0,tracking,1,0.1,1,0,1,force_bus_tool_compensated,4,phathom_s_scan:tracking t=5.80 contact=1 vz_cmd=+0.1
916341.743986376,916341.741881039,23587,1788822007.7034345,-2.424404334691294,-0.7537221147380931,3.9049382106833317,0.08966686715780113,0.051691573841708395,0.10132759327257199,4.0,tracking,1,0.2,1,0,1,force_bus_tool_compensated,4,phathom_s_scan:tracking t=5.81 contact=1 vz_cmd=+0.2
916341.753965814,916341.751440447,23589,1788822007.7129974,-2.198128023802095,-0.6401715695517975,4.011669508788592,0.10152880521851841,0.0359292593784236,0.10839961132593418,4.0,tracking,1,0.2,1,0,1,force_bus_tool_compensated,4,phathom_s_scan:tracking t=5.83 contact=1 vz_cmd=+0.2
916341.763977156,916341.761520603,23591,1788822007.7230773,-2.2780615223936227,-0.6018330931027127,4.08685414636952,0.10806125955063019,0.042363936774313965,0.11101800038676006,4.0,tracking,1,0.1,1,0,1,force_bus_tool_compensated,4,phathom_s_scan:tracking t=5.83 contact=1 vz_cmd=+0.1
916341.77396452,916341.771472625,23593,1788822007.7330253,-2.0996436248443024,-0.4729118598208214,4.062162265388091,0.11901035640996953,0.03303384374881827,0.11361879872417356,4.0,tracking,1,0.0,1,0,1,force_bus_tool_compensated,4,phathom_s_scan:tracking t=5.84 contact=1 vz_cmd=+0.0
916341.783976217,916341.781640158,23595,1788822007.7431977,-2.2899093278280844,-0.6166530285639438,4.123074829837412,0.10539880076066398,0.042776730630279945,0.10812331872099923,4.0,tracking,1,-0.0,1,0,1,force_bus_tool_compensated,4,phathom_s_scan:tracking t=5.86 contact=1 vz_cmd=-0.0
916341.793953989,916341.791383359,23597,1788822007.7529414,-2.3617360593091385,-0.6199978136724086,4.139843136113338,0.1010635384360214,0.042457249887199434,0.11700491214478824,4.0,tracking,1,-0.1,1,0,1,force_bus_tool_compensated,4,phathom_s_scan:tracking t=5.86 contact=1 vz_cmd=-0.1
916341.803971865,916341.801454052,23599,1788822007.7630086,-2.2809593296520507,-0.6590552772062912,4.367131358970084,0.09870116114692332,0.03518293973140278,0.09748543502295942,4.0,tracking,1,-1.7,1,0,1,force_bus_tool_compensated,4,phathom_s_scan:tracking t=5.87 contact=1 vz_cmd=-1.7
916341.813956086,916341.811499191,23601,1788822007.7730563,-2.430691587206517,-0.5249524933046612,4.259560857638494,0.11537131572271615,0.047722591872912876,0.12235083876766377,4.0,tracking,1,-2.7,1,0,1,force_bus_tool_compensated,4,phathom_s_scan:tracking t=5.89 contact=1 vz_cmd=-2.7
916341.82396914,916341.821522319,23603,1788822007.7830794,-2.6273099540542124,-0.6957102408480803,4.1885645883671705,0.09420493981909489,0.061249725296244256,0.10712167960086291,4.0,tracking,1,-2.1,1,0,1,force_bus_tool_compensated,4,phathom_s_scan:tracking t=5.89 contact=1 vz_cmd=-2.1
916341.833960252,916341.831715901,23605,1788822007.7932718,-2.436573129187879,-0.5770475943906376,4.27165334859272,0.09773460719960286,0.04062333660635601,0.11111094519046867,4.0,tracking,1,-2.6,1,0,1,force_bus_tool_compensated,4,phathom_s_scan:tracking t=5.90 contact=1 vz_cmd=-2.6
916341.84395607,916341.841479504,23607,1788822007.803037,-2.55854214391114,-0.628482058626302,4.267410843312154,0.09574934626082907,0.05598497100114798,0.11072024496817334,4.0,tracking,1,-2.9,1,0,1,force_bus_tool_compensated,4,phathom_s_scan:tracking t=5.91 contact=1 vz_cmd=-2.9
916341.853977403,916341.85151478,23609,1788822007.8130722,-2.411217997723127,-0.48205769493254635,4.40625377222446,0.11295169271243773,0.04219201028655827,0.11359728550494728,4.0,tracking,1,-3.9,1,0,1,force_bus_tool_compensated,4,phathom_s_scan:tracking t=5.92 contact=1 vz_cmd=-3.9
916341.863973758,916341.861443851,23611,1788822007.823,-2.4380937962807945,-0.5125028070628744,4.555767520375758,0.11098465367770351,0.04415902311171638,0.10973034101872375,4.0,tracking,1,-5.7,1,0,1,force_bus_tool_compensated,4,phathom_s_scan:tracking t=5.93 contact=1 vz_cmd=-5.7
916341.873969842,916341.871587928,23613,1788822007.833143,-2.3609252408559875,-0.46626113951087345,4.5221730134255385,0.11667053992299799,0.0411502433267538,0.1117410335298378,4.0,tracking,1,-7.5,1,0,1,force_bus_tool_compensated,4,phathom_s_scan:tracking t=5.94 contact=1 vz_cmd=-7.5
916341.88397478,916341.881707596,23615,1788822007.8432648,-2.618934476878558,-0.6319435436502124,4.2965682354057675,0.09838848230169925,0.0585386174217429,0.11172391053952352,4.0,tracking,1,-6.6,1,0,1,force_bus_tool_compensated,4,phathom_s_scan:tracking t=5.95 contact=1 vz_cmd=-6.6
916341.893969341,916341.891394685,23617,1788822007.8529527,-2.6169868339734776,-0.54929819928128,4.475039453025365,0.10544313546821282,0.04816389685622448,0.1095102159768277,4.0,tracking,1,-6.9,1,0,1,force_bus_tool_compensated,4,phathom_s_scan:tracking t=5.96 contact=1 vz_cmd=-6.9
916341.903975072,916341.901371593,23619,1788822007.8629253,-2.641386127775505,-0.70907131827608,4.592336629246124,0.10120970434458859,0.05478959089878904,0.10547063089091753,4.0,tracking,1,-8.4,1,0,1,force_bus_tool_compensated,4,phathom_s_scan:tracking t=5.98 contact=1 vz_cmd=-8.4
916341.91395939,916341.912098559,23621,1788822007.8736508,-2.653316820582521,-0.6116891545067865,4.196394161518352,0.101954090339311,0.06099375189458611,0.11906646969792353,4.0,tracking,1,-6.9,1,0,1,force_bus_tool_compensated,4,phathom_s_scan:tracking t=5.98 contact=1 vz_cmd=-6.9
916341.92395539,916341.921381752,23623,1788822007.8829398,-2.6245857028793567,-0.5638080260453178,4.570198920504072,0.1055611830674981,0.055796769551625144,0.10551514762382389,4.0,tracking,1,-7.2,1,0,1,force_bus_tool_compensated,4,phathom_s_scan:tracking t=5.99 contact=1 vz_cmd=-7.2
916341.933934618,916341.93163875,23625,1788822007.8931966,-2.648631883665668,-0.640143759393928,4.554257990283103,0.09983926781030579,0.05239261953545911,0.11661396378636847,4.0,tracking,1,-8.8,1,0,1,force_bus_tool_compensated,4,phathom_s_scan:tracking t=6.00 contact=1 vz_cmd=-8.8
916341.943965747,916341.941619032,23627,1788822007.903171,-2.623188369760137,-0.892914368086854,4.148426653216124,0.0903893813384429,0.06379469712464493,0.1049988476952854,4.0,tracking,1,-6.8,1,0,1,force_bus_tool_compensated,4,phathom_s_scan:tracking t=6.01 contact=1 vz_cmd=-6.8
916341.953963981,916341.951478678,23629,1788822007.9130368,-2.572404801236539,-0.6424938635663897,4.249939198586823,0.10214786460502863,0.05232023161203769,0.1146213503948115,4.0,tracking,1,-5.2,1,0,1,force_bus_tool_compensated,4,phathom_s_scan:tracking t=6.02 contact=1 vz_cmd=-5.2
916341.963956162,916341.961715211,23631,1788822007.9232728,-2.419992078637831,-0.7853715616406942,4.326017275286773,0.09941580133855962,0.04611746363914126,0.10887882661385864,4.0,tracking,1,-5.3,1,0,1,force_bus_tool_compensated,4,phathom_s_scan:tracking t=6.03 contact=1 vz_cmd=-5.3
916341.973985901,916341.971758627,23633,1788822007.933311,-2.3252588771229705,-0.534867915771961,4.060314938366289,0.11741936589130153,0.0496373977108359,0.12182491919521168,4.0,tracking,1,-3.6,1,0,1,force_bus_tool_compensated,4,phathom_s_scan:tracking t=6.04 contact=1 vz_cmd=-3.6
916341.983959197,916341.981654055,23635,1788822007.9432116,-2.4921280482620776,-0.6448657664642284,4.09926062186163,0.10906192279830497,0.048996221106384755,0.11772624093485205,4.0,tracking,1,-2.4,1,0,1,force_bus_tool_compensated,4,phathom_s_scan:tracking t=6.05 contact=1 vz_cmd=-2.4
916341.993974106,916341.991486125,23637,1788822007.9530437,-2.3361664120950882,-0.6049614369844057,4.117646470436618,0.11527761168229765,0.03801955003258928,0.11789722678001507,4.0,tracking,1,-1.9,1,0,1,force_bus_tool_compensated,4,phathom_s_scan:tracking t=6.06 contact=1 vz_cmd=-1.9
916342.003991971,916342.001703891,23639,1788822007.9632583,-2.556976547933608,-0.6921497967950119,3.927954555406983,0.10820893818397243,0.0580688858416156,0.11822457165428667,4.0,tracking,1,-1.2,1,0,1,force_bus_tool_compensated,4,phathom_s_scan:tracking t=6.07 contact=1 vz_cmd=-1.2
916342.013958437,916342.011394474,23641,1788822007.9729533,-2.530456075298885,-0.7706645195616073,3.8454961473791274,0.10513951037990135,0.05634591914818698,0.12187969433971077,4.0,tracking,1,-0.6,1,0,1,force_bus_tool_compensated,4,phathom_s_scan:tracking t=6.08 contact=1 vz_cmd=-0.6
916342.023974904,916342.0215215,23643,1788822007.983077,-2.4500195327354373,-0.8264765229957574,3.953116526260783,0.09263478968917191,0.05035993430343664,0.1156645031273774,4.0,tracking,1,-0.4,1,0,1,force_bus_tool_compensated,4,phathom_s_scan:tracking t=6.09 contact=1 vz_cmd=-0.4
916342.033983511,916342.03184263,23645,1788822007.9933963,-2.477717706495425,-0.7970559565899995,3.7791130715597023,0.10156134782365929,0.059916837828771365,0.120876347025063,4.0,tracking,1,0.2,1,0,1,force_bus_tool_compensated,4,phathom_s_scan:tracking t=6.10 contact=1 vz_cmd=+0.2
916342.043956971,916342.041628924,23647,1788822008.0031843,-2.424300757978272,-0.7783364371379314,3.9088757521550077,0.10621348208718884,0.051224599315773105,0.12247515122861947,4.0,tracking,1,0.3,1,0,1,force_bus_tool_compensated,4,phathom_s_scan:tracking t=6.11 contact=1 vz_cmd=+0.3
916342.053957685,916342.05171142,23649,1788822008.0132687,-2.3761184943948406,-0.7179162364628641,3.949583122253684,0.11165757825245216,0.051781206291438585,0.12234491019769002,4.0,tracking,1,0.2,1,0,1,force_bus_tool_compensated,4,phathom_s_scan:tracking t=6.12 contact=1 vz_cmd=+0.2
916342.063967044,916342.061593589,23651,1788822008.0231507,-2.3863898018697522,-0.6969242719547434,4.137836070005733,0.11105655389039844,0.04785462211421715,0.11985213412018207,4.0,tracking,1,0.1,1,0,1,force_bus_tool_compensated,4,phathom_s_scan:tracking t=6.13 contact=1 vz_cmd=+0.1
916342.073956262,916342.071584837,23653,1788822008.0331416,-2.5467813622591198,-0.6160322037062543,4.101927789676571,0.12116032286099719,0.04937133333434477,0.12744347882275825,4.0,tracking,1,0.0,1,0,1,force_bus_tool_compensated,4,phathom_s_scan:tracking t=6.15 contact=1 vz_cmd=+0.0
916342.083975281,916342.081599875,23655,1788822008.0431578,-2.664679774889983,-0.7203786565541196,4.079734027391174,0.1048915986137391,0.05302918115494088,0.11397040322881137,4.0,tracking,1,-0.1,1,0,1,force_bus_tool_compensated,4,phathom_s_scan:tracking t=6.15 contact=1 vz_cmd=-0.1
916342.094064672,916342.091379501,23657,1788822008.052934,-2.8443626511236464,-0.764479526904597,4.073119161096057,0.09785349498766277,0.0570518942997212,0.12177438231388972,4.0,tracking,1,-0.0,1,0,1,force_bus_tool_compensated,4,phathom_s_scan:tracking t=6.16 contact=1 vz_cmd=-0.0
916342.103986976,916342.101478764,23659,1788822008.0630364,-2.8614438955123807,-0.8601582430104077,4.199087779229021,0.09296880388272415,0.05438462535200968,0.10934708321434602,4.0,tracking,1,-0.4,1,0,1,force_bus_tool_compensated,4,phathom_s_scan:tracking t=6.17 contact=1 vz_cmd=-0.4
916342.113946301,916342.111581814,23661,1788822008.073138,-2.9048055798050116,-0.7689745966694622,4.136547796306422,0.10512771626122416,0.058890354677174114,0.11796590304551365,4.0,tracking,1,-0.5,1,0,1,force_bus_tool_compensated,4,phathom_s_scan:tracking t=6.18 contact=1 vz_cmd=-0.5
916342.123959369,916342.121489744,23663,1788822008.0830462,-2.9784017144178696,-0.7480598425316052,4.128343879673575,0.10278329263639986,0.06317485578437834,0.11762543123115803,4.0,tracking,1,-0.5,1,0,1,force_bus_tool_compensated,4,phathom_s_scan:tracking t=6.20 contact=1 vz_cmd=-0.5
916342.133982572,916342.131593932,23665,1788822008.0931501,-2.9863755490708503,-0.6994429829701589,4.173419329072461,0.10833522404633364,0.05590324536233144,0.12166407758112799,4.0,tracking,1,-0.6,1,0,1,force_bus_tool_compensated,4,phathom_s_scan:tracking t=6.20 contact=1 vz_cmd=-0.6
916342.143966867,916342.141510639,23667,1788822008.1030655,-2.979428614547266,-0.8090863390842143,4.401432711451285,0.09891097861889406,0.047551174718120814,0.11187271343783163,4.0,tracking,1,-2.2,1,0,1,force_bus_tool_compensated,4,phathom_s_scan:tracking t=6.21 contact=1 vz_cmd=-2.2
916342.15396494,916342.151625797,23669,1788822008.1131842,-2.9857373075568527,-0.8493017896443955,4.244279935069806,0.10396735506683742,0.05076191556708024,0.12060088265220296,4.0,tracking,1,-2.7,1,0,1,force_bus_tool_compensated,4,phathom_s_scan:tracking t=6.22 contact=1 vz_cmd=-2.7
916342.163961872,916342.161597189,23671,1788822008.1231534,-2.991831507436292,-0.798449186922692,4.053162585619623,0.10383022185703521,0.05975203427865647,0.11318974068300983,4.0,tracking,1,-2.0,1,0,1,force_bus_tool_compensated,4,phathom_s_scan:tracking t=6.23 contact=1 vz_cmd=-2.0
916342.173967583,916342.171580032,23673,1788822008.133135,-2.901761613189958,-0.8402548023581287,4.209822960582883,0.10364609864931251,0.04614548595126842,0.12546920289247723,4.0,tracking,1,-1.7,1,0,1,force_bus_tool_compensated,4,phathom_s_scan:tracking t=6.24 contact=1 vz_cmd=-1.7
916342.183986833,916342.181738101,23675,1788822008.143289,-2.768906294994733,-1.0356769572154303,4.354606178069978,0.09981091017399202,0.03649104066346981,0.11010472477082198,4.0,tracking,1,-2.8,1,0,1,force_bus_tool_compensated,4,phathom_s_scan:tracking t=6.25 contact=1 vz_cmd=-2.8
916342.193963836,916342.191531973,23677,1788822008.1530893,-3.078578973399589,-0.9915093576994121,3.8849346449758984,0.09955235028059381,0.06176350950384485,0.130036532663282,4.0,tracking,1,-1.9,1,0,1,force_bus_tool_compensated,4,phathom_s_scan:tracking t=6.26 contact=1 vz_cmd=-1.9
916342.20396973,916342.20171502,23679,1788822008.1632679,-2.9311611858448963,-0.9584709777753945,3.979446308394352,0.10917419744674074,0.05510114961913994,0.11785065959328621,4.0,tracking,1,-1.3,1,0,1,force_bus_tool_compensated,4,phathom_s_scan:tracking t=6.27 contact=1 vz_cmd=-1.3
916342.213968773,916342.211559524,23681,1788822008.1731174,-3.0506670134928804,-0.8540309924703501,3.9455915485061666,0.11962445435431661,0.05571453284284271,0.1328594378755406,4.0,tracking,1,-0.9,1,0,1,force_bus_tool_compensated,4,phathom_s_scan:tracking t=6.28 contact=1 vz_cmd=-0.9
916342.223965197,916342.22173414,23683,1788822008.1832874,-2.938423000107679,-0.8768728044301912,3.9237760055657267,0.11119516114322475,0.05323989314717873,0.12214065436689855,4.0,tracking,1,-0.6,1,0,1,force_bus_tool_compensated,4,phathom_s_scan:tracking t=6.29 contact=1 vz_cmd=-0.6
916342.233987783,916342.231968422,23685,1788822008.1935203,-2.9307757826776655,-0.953660844834448,3.8735009824837494,0.10352275654571676,0.04985369615976262,0.12763440322566616,4.0,tracking,1,-0.1,1,0,1,force_bus_tool_compensated,4,phathom_s_scan:tracking t=6.30 contact=1 vz_cmd=-0.1
916342.243982046,916342.242073192,23687,1788822008.20363,-2.7012563311481266,-0.7347109969973075,3.960235420845836,0.11830298300919842,0.032114575059817824,0.12368177827668995,4.0,tracking,1,-0.1,1,0,1,force_bus_tool_compensated,4,phathom_s_scan:tracking t=6.31 contact=1 vz_cmd=-0.1
916342.253974731,916342.251849964,23689,1788822008.2134078,-2.8051705469689026,-0.784127148158053,3.6651173671653745,0.1106268181885503,0.04724833508905689,0.12894293399236095,4.0,tracking,1,1.3,1,0,1,force_bus_tool_compensated,4,phathom_s_scan:tracking t=6.32 contact=1 vz_cmd=+1.3
916342.263996519,916342.262087986,23691,1788822008.223641,-2.813967547483515,-0.9743162694138684,3.6628642076173463,0.09557870421945024,0.05013511012549377,0.11561675063223933,4.0,tracking,1,2.8,1,0,1,force_bus_tool_compensated,4,phathom_s_scan:tracking t=6.33 contact=1 vz_cmd=+2.8
916342.27395856,916342.271541568,23693,1788822008.233099,-2.742975518026901,-1.0070375611948335,3.8463172978926394,0.09682468853393573,0.04175838046722346,0.12606930551400083,4.0,tracking,1,2.5,1,0,1,force_bus_tool_compensated,4,phathom_s_scan:tracking t=6.34 contact=1 vz_cmd=+2.5
916342.283991349,916342.281656387,23695,1788822008.2432122,-2.842027380739451,-0.9572724246479416,3.5208008402069098,0.1048928253806678,0.06292052982867809,0.12106258550504981,4.0,tracking,1,3.4,1,0,1,force_bus_tool_compensated,4,phathom_s_scan:tracking t=6.35 contact=1 vz_cmd=+3.4
916342.293976084,916342.291573746,23697,1788822008.253131,-2.7680087214610802,-0.9010246973063724,3.841925064797037,0.11605643964111391,0.04351912804303571,0.131614696668346,4.0,tracking,1,4.3,1,0,1,force_bus_tool_compensated,4,phathom_s_scan:tracking t=6.36 contact=1 vz_cmd=+4.3
916342.303964336,916342.301764622,23699,1788822008.2633176,-2.724271142315894,-0.88962919340083,4.090213678944931,0.11408490227592338,0.038355866069765474,0.12408874925335171,4.0,tracking,1,2.9,1,0,1,force_bus_tool_compensated,4,phathom_s_scan:tracking t=6.37 contact=1 vz_cmd=+2.9
916342.313975388,916342.312750348,23701,1788822008.2742991,-2.743311298003909,-0.9877528483889846,3.8010010132509593,0.11278027973139843,0.05046282744695814,0.13251115841198702,4.0,tracking,1,2.2,1,0,1,force_bus_tool_compensated,4,phathom_s_scan:tracking t=6.38 contact=1 vz_cmd=+2.2
916342.324010553,916342.321931912,23703,1788822008.283485,-3.056226804791609,-0.8995590616812474,3.7218353643741278,0.1135616194808803,0.062404029217062146,0.13484931141442488,4.0,tracking,1,2.9,1,0,1,force_bus_tool_compensated,4,phathom_s_scan:tracking t=6.40 contact=1 vz_cmd=+2.9
916342.333973751,916342.331855904,23705,1788822008.2934103,-2.676153493839595,-0.8901152463225598,4.233675560352975,0.11742401085659265,0.026131713960061025,0.13071993864170067,4.0,tracking,1,1.5,1,0,1,force_bus_tool_compensated,4,phathom_s_scan:tracking t=6.40 contact=1 vz_cmd=+1.5
916342.343982395,916342.342403638,23707,1788822008.3039446,-2.9815745030362066,-1.090072659155863,3.8756974534686957,0.10290038394859631,0.06513025517635271,0.12259664638481893,4.0,tracking,1,1.0,1,0,1,force_bus_tool_compensated,4,phathom_s_scan:tracking t=6.41 contact=1 vz_cmd=+1.0
916342.35399947,916342.352042031,23709,1788822008.313593,-2.9680900666959507,-0.9554153785395856,3.8910345342815447,0.10801515986308452,0.05891191424348788,0.12935621451520657,4.0,tracking,1,1.1,1,0,1,force_bus_tool_compensated,4,phathom_s_scan:tracking t=6.42 contact=1 vz_cmd=+1.1
916342.363967613,916342.361814086,23711,1788822008.3233702,-2.719048100555776,-0.9431469708909664,4.3598863500600515,0.10670341292313194,0.02642057232380822,0.11705119539457509,4.0,tracking,1,-0.5,1,0,1,force_bus_tool_compensated,4,phathom_s_scan:tracking t=6.43 contact=1 vz_cmd=-0.5
916342.37397442,916342.372093046,23713,1788822008.3336458,-2.7268657685991533,-0.974635593784369,4.279090708658894,0.10710702477049647,0.033488178168821096,0.11900897443533943,4.0,tracking,1,-2.1,1,0,1,force_bus_tool_compensated,4,phathom_s_scan:tracking t=6.44 contact=1 vz_cmd=-2.1
916342.383929781,916342.381980317,23715,1788822008.3435366,-2.8939704822256846,-1.0591044704721615,4.084951532918939,0.10275771966289057,0.057555793937513776,0.12245834882297368,4.0,tracking,1,-1.4,1,0,1,force_bus_tool_compensated,4,phathom_s_scan:tracking t=6.45 contact=1 vz_cmd=-1.4
916342.393996405,916342.391541027,23717,1788822008.3530982,-2.7727748610792022,-1.0100577737004262,4.18647812310938,0.10997681010143714,0.04564627916098412,0.12814803614850967,4.0,tracking,1,-1.2,1,0,1,force_bus_tool_compensated,4,phathom_s_scan:tracking t=6.46 contact=1 vz_cmd=-1.2
916342.403980779,916342.402089656,23719,1788822008.3636405,-2.8053617109287563,-1.0145589822995704,4.077155057847895,0.11060019922284568,0.05735779930224671,0.120763572116947,4.0,tracking,1,-1.1,1,0,1,force_bus_tool_compensated,4,phathom_s_scan:tracking t=6.47 contact=1 vz_cmd=-1.1
916342.414011595,916342.41165922,23721,1788822008.3732162,-2.9587848223565523,-0.9498636964454719,3.947070483451105,0.10337827880598985,0.06120934895281047,0.12983416104772855,4.0,tracking,1,-0.7,1,0,1,force_bus_tool_compensated,4,phathom_s_scan:tracking t=6.48 contact=1 vz_cmd=-0.7
916342.423966649,916342.418440937,23722,1788822008.379998,-2.9393626521131866,-1.0384650030248201,4.027198099696017,0.09525342352375316,0.05236148078445885,0.12058976592359683,4.0,tracking,1,-0.6,1,0,1,force_bus_tool_compensated,4,phathom_s_scan:tracking t=6.49 contact=1 vz_cmd=-0.6
916342.433977855,916342.430925678,23724,1788822008.3924775,-2.918198034370789,-1.1475271319662692,4.245257145000603,0.0925083148424307,0.05507982770339708,0.11643536563238836,4.0,tracking,1,-1.5,1,0,1,force_bus_tool_compensated,4,phathom_s_scan:tracking t=6.50 contact=1 vz_cmd=-1.5
916342.44406305,916342.444036791,23727,1788822008.4055908,-2.8186665695750146,-1.0020736831409638,3.9706272370789257,0.10767121156388781,0.073381941020376,0.12759193555519222,4.0,tracking,1,-0.9,1,0,1,force_bus_tool_compensated,4,phathom_s_scan:tracking t=6.52 contact=1 vz_cmd=-0.9
916342.453951147,916342.452740331,23729,1788822008.4142962,-2.5644823914260053,-0.7540319220518656,4.19524194574098,0.12584807526888528,0.051025428047412766,0.13441310074651058,4.0,tracking,1,-0.9,1,0,1,force_bus_tool_compensated,4,phathom_s_scan:tracking t=6.53 contact=1 vz_cmd=-0.9
916342.463981321,916342.461911845,23731,1788822008.4234617,-2.323018560127812,-0.5249822846442124,4.571946846509939,0.1405505069337199,0.034002536046646804,0.13133940920274198,4.0,tracking,1,-3.4,1,0,1,force_bus_tool_compensated,4,phathom_s_scan:tracking t=6.54 contact=1 vz_cmd=-3.4
916342.473974098,916342.472050273,23733,1788822008.4336061,-2.4578278747676556,-0.7184611419242527,4.012941137393352,0.1177293203817534,0.05267381570192244,0.12910323134095067,4.0,tracking,1,-3.1,1,0,1,force_bus_tool_compensated,4,phathom_s_scan:tracking t=6.54 contact=1 vz_cmd=-3.1
916342.483973081,916342.482157615,23735,1788822008.4437134,-2.6419330110459582,-0.8333555472329937,3.9119123804830283,0.09548525440615349,0.06553562203144496,0.10872818088482694,4.0,tracking,1,-2.1,1,0,1,force_bus_tool_compensated,4,phathom_s_scan:tracking t=6.55 contact=1 vz_cmd=-2.1
916342.493977616,916342.491966448,23737,1788822008.4535222,-2.305496692647421,-0.7674990420534651,4.218933470095838,0.09974518768690108,0.02799064171119618,0.11405450359237143,4.0,tracking,1,-1.8,1,0,1,force_bus_tool_compensated,4,phathom_s_scan:tracking t=6.56 contact=1 vz_cmd=-1.8
916342.503970998,916342.501937006,23739,1788822008.463495,-2.2842812159081047,-0.732799168333576,4.10618940451862,0.10792244237698422,0.0497005916355104,0.11486525768514565,4.0,tracking,1,-1.7,1,0,1,force_bus_tool_compensated,4,phathom_s_scan:tracking t=6.57 contact=1 vz_cmd=-1.7
916342.51402034,916342.512171659,23741,1788822008.473721,-2.330315259463889,-0.5908773751318415,4.032205424720033,0.11892141342195825,0.05566181446863965,0.13267061526218302,4.0,tracking,1,-1.1,1,0,1,force_bus_tool_compensated,4,phathom_s_scan:tracking t=6.58 contact=1 vz_cmd=-1.1
916342.524005092,916342.521426375,23743,1788822008.4829836,-2.2307892142554158,-0.5681123280074557,4.18252318621433,0.10513341726706008,0.04173428708926106,0.11368637134544962,4.0,tracking,1,-1.1,1,0,1,force_bus_tool_compensated,4,phathom_s_scan:tracking t=6.59 contact=1 vz_cmd=-1.1
916342.53397223,916342.532047079,23745,1788822008.4936006,-2.1673804254735813,-0.49815209698908774,4.211342934292318,0.11421745192561017,0.03967080594722035,0.12062583655737284,4.0,tracking,1,-1.3,1,0,1,force_bus_tool_compensated,4,phathom_s_scan:tracking t=6.60 contact=1 vz_cmd=-1.3
916342.544114142,916342.542331625,23747,1788822008.5038652,-2.4569605765360936,-0.6770340934110989,3.9439068392821115,0.09543000803014742,0.058549946316389684,0.11090533242888344,4.0,tracking,1,-0.9,1,0,1,force_bus_tool_compensated,4,phathom_s_scan:tracking t=6.62 contact=1 vz_cmd=-0.9
916342.554116883,916342.552498477,23749,1788822008.5140507,-2.233901202935619,-0.5222037771053722,4.087952494531474,0.10921513629547826,0.047864512063888975,0.1187337971084476,4.0,tracking,1,-0.6,1,0,1,force_bus_tool_compensated,4,phathom_s_scan:tracking t=6.62 contact=1 vz_cmd=-0.6
916342.563993418,916342.5615973,23751,1788822008.523155,-2.2880315447412696,-0.5277318498423761,3.879343509640747,0.10577016874609668,0.05695089786054824,0.11333641885343158,4.0,tracking,1,-0.4,1,0,1,force_bus_tool_compensated,4,phathom_s_scan:tracking t=6.64 contact=1 vz_cmd=-0.4
916342.573969763,916342.572073116,23753,1788822008.5336227,-2.261980132549146,-0.338074482410907,4.051069584394924,0.1225395110207551,0.048371596601395936,0.12065137896113681,4.0,tracking,1,-0.2,1,0,1,force_bus_tool_compensated,4,phathom_s_scan:tracking t=6.64 contact=1 vz_cmd=-0.2
916342.583996437,916342.581912903,23755,1788822008.543469,-2.068404374421095,-0.3032234378681532,4.257476189176592,0.11671882394327975,0.03514489941563247,0.10631070130943376,4.0,tracking,1,-1.1,1,0,1,force_bus_tool_compensated,4,phathom_s_scan:tracking t=6.65 contact=1 vz_cmd=-1.1
916342.593980773,916342.591818229,23757,1788822008.5533755,-2.4075206273870497,-0.4932693007670236,3.7194853762757636,0.10149016055400684,0.06061971854570809,0.11169660118015666,4.0,tracking,1,-0.1,1,0,1,force_bus_tool_compensated,4,phathom_s_scan:tracking t=6.66 contact=1 vz_cmd=-0.1
916342.603994411,916342.601960414,23759,1788822008.5635147,-2.3286403353126133,-0.5301694306100132,4.107026125696003,0.09785000320594679,0.049458490566257965,0.10129510524962189,4.0,tracking,1,0.1,1,0,1,force_bus_tool_compensated,4,phathom_s_scan:tracking t=6.67 contact=1 vz_cmd=+0.1
916342.613988158,916342.612046321,23761,1788822008.5736034,-1.980107410969235,-0.3645867127983625,4.317345006289088,0.11657423218562352,0.022235334129216713,0.11631585664892338,4.0,tracking,1,-1.3,1,0,1,force_bus_tool_compensated,4,phathom_s_scan:tracking t=6.68 contact=1 vz_cmd=-1.3
916342.623983367,916342.621664691,23763,1788822008.5832229,-2.071761284624825,-0.40938870161434016,4.314182422854445,0.12142215750203272,0.03977129133574299,0.11321917268737357,4.0,tracking,1,-2.5,1,0,1,force_bus_tool_compensated,4,phathom_s_scan:tracking t=6.69 contact=1 vz_cmd=-2.5
916342.634002077,916342.632308084,23765,1788822008.5938606,-2.1009062840200134,-0.4421011474039241,4.204508281652889,0.11404036542569435,0.04261128126964443,0.1135735685095466,4.0,tracking,1,-2.5,1,0,1,force_bus_tool_compensated,4,phathom_s_scan:tracking t=6.70 contact=1 vz_cmd=-2.5
916342.643990564,916342.636787111,23766,1788822008.5983422,-2.1463492160118394,-0.491839855228877,4.121855853920315,0.10948420383326252,0.047778742237007205,0.11179904309416118,4.0,tracking,1,-2.1,1,0,1,force_bus_tool_compensated,4,phathom_s_scan:tracking t=6.71 contact=1 vz_cmd=-2.1
916342.653988526,916342.653320001,23769,1788822008.6148767,-2.445156414974897,-0.4238641063246512,4.1171938244104185,0.10398363005088593,0.05244410181426612,0.11494129550764186,4.0,tracking,1,-1.1,1,0,1,force_bus_tool_compensated,4,phathom_s_scan:tracking t=6.73 contact=1 vz_cmd=-1.1
916342.663976156,916342.661610538,23771,1788822008.623168,-2.4072130849248143,-0.49150164239728067,4.329465455789928,0.09499026583389923,0.04495521438620194,0.10173927348684784,4.0,tracking,1,-2.0,1,0,1,force_bus_tool_compensated,4,phathom_s_scan:tracking t=6.74 contact=1 vz_cmd=-2.0
916342.674054844,916342.671723483,23773,1788822008.633279,-2.4363268019527435,-0.5157321416741066,4.183510607955818,0.09942213015516874,0.048806632600453384,0.10592184108759582,4.0,tracking,1,-2.1,1,0,1,force_bus_tool_compensated,4,phathom_s_scan:tracking t=6.74 contact=1 vz_cmd=-2.1
916342.684070147,916342.681846431,23775,1788822008.6434023,-2.5840612164043475,-0.5937134434536879,4.097072838137933,0.09899563299365155,0.06455720343749985,0.10968214592558893,4.0,tracking,1,-1.4,1,0,1,force_bus_tool_compensated,4,phathom_s_scan:tracking t=6.75 contact=1 vz_cmd=-1.4
916342.694082592,916342.691620801,23777,1788822008.6531768,-2.160685295430941,-0.29362230933069955,4.272937465378607,0.12622335127371714,0.02770879449454505,0.12366201402572893,4.0,tracking,1,-1.8,1,0,1,force_bus_tool_compensated,4,phathom_s_scan:tracking t=6.76 contact=1 vz_cmd=-1.8
916342.703961429,916342.701701685,23779,1788822008.6632595,-2.2945249129799663,-0.47575956929892893,4.247379095731551,0.10936175907325064,0.03598206996017218,0.10931866494437283,4.0,tracking,1,-2.1,1,0,1,force_bus_tool_compensated,4,phathom_s_scan:tracking t=6.77 contact=1 vz_cmd=-2.1
916342.713986632,916342.71161074,23781,1788822008.6731634,-2.1216092884254483,-0.38395836823402346,4.369809918442412,0.1181527522200578,0.022648047646175312,0.11212735376492089,4.0,tracking,1,-3.2,1,0,1,force_bus_tool_compensated,4,phathom_s_scan:tracking t=6.78 contact=1 vz_cmd=-3.2
916342.723976536,916342.721873519,23783,1788822008.683432,-2.137081274014288,-0.3072971049965323,4.224604119362267,0.12724196154135428,0.031608529273318635,0.12056650918588976,4.0,tracking,1,-3.7,1,0,1,force_bus_tool_compensated,4,phathom_s_scan:tracking t=6.79 contact=1 vz_cmd=-3.7
916342.734074217,916342.731628955,23785,1788822008.6931865,-2.201024596796838,-0.2647513618477246,4.302476422595121,0.12860934150691666,0.0267201301273113,0.12069686682987954,4.0,tracking,1,-3.3,1,0,1,force_bus_tool_compensated,4,phathom_s_scan:tracking t=6.80 contact=1 vz_cmd=-3.3
916342.744072011,916342.741696958,23787,1788822008.7032528,-2.320176283437556,-0.2737426305034215,4.1620359102348425,0.12520712775612328,0.030855102756315245,0.12395269409895557,4.0,tracking,1,-3.2,1,0,1,force_bus_tool_compensated,4,phathom_s_scan:tracking t=6.81 contact=1 vz_cmd=-3.2
916342.754082912,916342.7517564,23789,1788822008.7133143,-2.5924874819141728,-0.48315936671338466,3.995694860223729,0.10107338435884118,0.04206175658075353,0.11017624132001513,4.0,tracking,1,-2.2,1,0,1,force_bus_tool_compensated,4,phathom_s_scan:tracking t=6.82 contact=1 vz_cmd=-2.2
916342.764064156,916342.761557699,23791,1788822008.7231157,-2.5099948371389518,-0.5203134692341925,4.01022411779864,0.08614728360810125,0.04212114780462244,0.09400635605481833,4.0,tracking,1,-1.4,1,0,1,force_bus_tool_compensated,4,phathom_s_scan:tracking t=6.83 contact=1 vz_cmd=-1.4
916342.774174701,916342.771857441,23793,1788822008.733412,-2.3743271519761384,-0.3265063969151117,4.115021402928445,0.11515846064870958,0.042037483495702514,0.11481598711063416,4.0,tracking,1,-1.0,1,0,1,force_bus_tool_compensated,4,phathom_s_scan:tracking t=6.84 contact=1 vz_cmd=-1.0
916342.784077621,916342.78155758,23795,1788822008.7431154,-2.625885480774773,-0.4199758847342967,3.7833107357965607,0.10678795210755432,0.06260464205499477,0.11223275953857091,4.0,tracking,1,-0.3,1,0,1,force_bus_tool_compensated,4,phathom_s_scan:tracking t=6.85 contact=1 vz_cmd=-0.3
916342.794111894,916342.791583128,23797,1788822008.7531402,-1.9059075793589577,-0.25671377023284253,3.921671062685671,0.12018330438370296,0.010195866971880364,0.11177479347097286,4.0,tracking,1,-0.1,1,0,1,force_bus_tool_compensated,4,phathom_s_scan:tracking t=6.86 contact=1 vz_cmd=-0.1
916342.804076851,916342.802039055,23799,1788822008.7635953,-2.026154994711743,-0.3494304223921996,3.8066636289129105,0.10882676828074692,0.02611130638286119,0.11043615745587361,4.0,tracking,1,0.3,1,0,1,force_bus_tool_compensated,4,phathom_s_scan:tracking t=6.87 contact=1 vz_cmd=+0.3
916342.814072016,916342.811784652,23801,1788822008.7733414,-1.7994082422779099,-0.07834239295173931,3.924306991336989,0.12425061400400551,0.009445758349910911,0.11607258884259213,4.0,tracking,1,0.2,1,0,1,force_bus_tool_compensated,4,phathom_s_scan:tracking t=6.88 contact=1 vz_cmd=+0.2
916342.824069575,916342.821925463,23803,1788822008.7834814,-1.994251577579445,-0.5085741426692864,3.6114033161221144,0.08486572697485881,0.024954859234135856,0.08368601412276695,4.0,tracking,1,1.8,1,0,1,force_bus_tool_compensated,4,phathom_s_scan:tracking t=6.89 contact=1 vz_cmd=+1.8
916342.834078754,916342.832087182,23805,1788822008.793619,-1.5610630246704673,0.045320058141733496,4.307628363337692,0.1377998017894674,-0.01163642106033105,0.1296981950004344,4.0,tracking,1,0.9,1,0,1,force_bus_tool_compensated,4,phathom_s_scan:tracking t=6.90 contact=1 vz_cmd=+0.9
916342.843995123,916342.84207866,23807,1788822008.8036366,-2.0458821457230756,-0.2146821390950418,3.5600537561051535,0.12165431968127394,0.03901504788195864,0.10498748379676182,4.0,tracking,1,1.6,1,0,1,force_bus_tool_compensated,4,phathom_s_scan:tracking t=6.91 contact=1 vz_cmd=+1.6
916342.85407677,916342.851939024,23809,1788822008.8134959,-2.1870529152132243,-0.12075532875223594,3.8187272298382133,0.11710750562246,0.03702182904598638,0.11433683036771766,4.0,tracking,1,3.2,1,0,1,force_bus_tool_compensated,4,phathom_s_scan:tracking t=6.92 contact=1 vz_cmd=+3.2
916342.864132581,916342.86194166,23811,1788822008.8234985,-2.2328134451477526,-0.3281487953962039,3.84464749653794,0.09902035467267953,0.038134131555939255,0.10406482339917915,4.0,tracking,1,2.3,1,0,1,force_bus_tool_compensated,4,phathom_s_scan:tracking t=6.93 contact=1 vz_cmd=+2.3
916342.874346723,916342.871869903,23813,1788822008.8334265,-2.168969320770192,-0.3959130834785629,3.8266233227912236,0.10286155440274429,0.040414834350722455,0.102275230623262,4.0,tracking,1,2.2,1,0,1,force_bus_tool_compensated,4,phathom_s_scan:tracking t=6.94 contact=1 vz_cmd=+2.2
916342.88410038,916342.882046706,23815,1788822008.8436027,-1.984964131157944,-0.07556723810590973,3.957981432908713,0.11714717365907922,0.026986101628224828,0.10699820959532533,4.0,tracking,1,1.5,1,0,1,force_bus_tool_compensated,4,phathom_s_scan:tracking t=6.95 contact=1 vz_cmd=+1.5
916342.894076717,916342.891616533,23817,1788822008.8531735,-2.144379812585483,-0.20884166210293234,3.9436381523522246,0.11415629377012962,0.03690317028135697,0.1107272101474175,4.0,tracking,1,1.0,1,0,1,force_bus_tool_compensated,4,phathom_s_scan:tracking t=6.96 contact=1 vz_cmd=+1.0
916342.903966217,916342.901935832,23819,1788822008.8634863,-1.6092343447667483,-0.24021271073038925,4.1682597940436175,0.10488056382106101,0.0024882626346478753,0.08512303865766643,4.0,tracking,1,0.5,1,0,1,force_bus_tool_compensated,4,phathom_s_scan:tracking t=6.97 contact=1 vz_cmd=+0.5
916342.914088692,916342.911727934,23821,1788822008.8732836,-2.03536160156418,-0.2141439593044465,3.960033239039446,0.1062043263468768,0.03668350695159693,0.11536210025671094,4.0,tracking,1,0.3,1,0,1,force_bus_tool_compensated,4,phathom_s_scan:tracking t=6.98 contact=1 vz_cmd=+0.3
916342.924098897,916342.921995272,23823,1788822008.8835506,-1.9153205365810924,-0.19288809755147399,4.033523891231864,0.11009891492135243,0.02953052000573977,0.10840440812091247,4.0,tracking,1,0.2,1,0,1,force_bus_tool_compensated,4,phathom_s_scan:tracking t=6.99 contact=1 vz_cmd=+0.2
916342.934099805,916342.931772948,23825,1788822008.8933294,-1.9727116675630634,-0.20472916676299174,3.8681073130418815,0.10978467127180716,0.03542043673901429,0.11181756369326964,4.0,tracking,1,0.2,1,0,1,force_bus_tool_compensated,4,phathom_s_scan:tracking t=7.00 contact=1 vz_cmd=+0.2
916342.943962864,916342.941789343,23827,1788822008.9033456,-1.8193591823026465,0.03850402912616239,4.362249437348283,0.1210582449595505,0.016261514833087007,0.1015423378806961,4.0,tracking,1,-0.9,1,0,1,force_bus_tool_compensated,4,phathom_s_scan:tracking t=7.01 contact=1 vz_cmd=-0.9
916342.953963515,916342.952205047,23829,1788822008.913763,-2.0264954859529274,-0.0821753177696068,4.052563275862923,0.11058027646555336,0.02975607347423317,0.10521318383936698,4.0,tracking,1,-1.3,1,0,1,force_bus_tool_compensated,4,phathom_s_scan:tracking t=7.02 contact=1 vz_cmd=-1.3
916342.964078055,916342.961779114,23831,1788822008.9233363,-2.1821050599365748,-0.1455181323065158,4.136772289293412,0.10368942438112641,0.04394176495208669,0.09650476509782796,4.0,tracking,1,-0.9,1,0,1,force_bus_tool_compensated,4,phathom_s_scan:tracking t=7.03 contact=1 vz_cmd=-0.9
916342.974079501,916342.971729379,23833,1788822008.933286,-1.8890759145343783,0.09773117506900747,4.187103305139728,0.11901956888899826,0.02142561969638741,0.09844342767967473,4.0,tracking,1,-1.3,1,0,1,force_bus_tool_compensated,4,phathom_s_scan:tracking t=7.04 contact=1 vz_cmd=-1.3
916342.984071914,916342.982327815,23835,1788822008.9438844,-1.9034037994993591,-0.16082242917214207,4.1805255354386865,0.10223826305093384,0.027433735606917795,0.09846474742637282,4.0,tracking,1,-1.2,1,0,1,force_bus_tool_compensated,4,phathom_s_scan:tracking t=7.05 contact=1 vz_cmd=-1.2
916342.994098645,916342.991680893,23837,1788822008.9532382,-1.6143431700216655,-0.007504539454558347,4.252628472196939,0.11936093277254191,0.015626538337260593,0.10202515012841928,4.0,tracking,1,-2.0,1,0,1,force_bus_tool_compensated,4,phathom_s_scan:tracking t=7.06 contact=1 vz_cmd=-2.0
916343.003972875,916343.001967858,23839,1788822008.9635222,-1.698203504018332,-0.05617171901651407,4.198116150806452,0.11640310882230842,0.018033118307262525,0.09940474920559372,4.0,tracking,1,-1.9,1,0,1,force_bus_tool_compensated,4,phathom_s_scan:tracking t=7.07 contact=1 vz_cmd=-1.9
916343.01395861,916343.011682465,23841,1788822008.9732404,-1.6090551431374296,-0.054379390728864246,4.164301427528528,0.11612280701405647,0.012973030642781021,0.1019534299388063,4.0,tracking,1,-1.5,1,0,1,force_bus_tool_compensated,4,phathom_s_scan:tracking t=7.08 contact=1 vz_cmd=-1.5
916343.023974312,916343.021910122,23843,1788822008.983467,-1.6729727053722354,-0.03135837503294442,4.063811934163773,0.1121611912578634,0.018364302802799076,0.1017145948972848,4.0,tracking,1,-1.3,1,0,1,force_bus_tool_compensated,4,phathom_s_scan:tracking t=7.09 contact=1 vz_cmd=-1.3
916343.033990188,916343.032029964,23845,1788822008.9935858,-1.6813130330324433,0.020483809215134832,4.0069974690353645,0.10867736767421896,0.018161488441698917,0.0903047834378175,4.0,tracking,1,-0.9,1,0,1,force_bus_tool_compensated,4,phathom_s_scan:tracking t=7.10 contact=1 vz_cmd=-0.9
916343.043974741,916343.042086974,23847,1788822009.0036411,-1.5520247508812728,0.032252523234842706,4.172399786384917,0.10817122917274183,0.00046446248588308167,0.09317797608424083,4.0,tracking,1,-1.0,1,0,1,force_bus_tool_compensated,4,phathom_s_scan:tracking t=7.11 contact=1 vz_cmd=-1.0
916343.05397646,916343.051683751,23849,1788822009.0132425,-1.8895755415914408,-0.20374031694130773,3.711412595842262,0.09383579296775821,0.029970230892876187,0.101972652735026,4.0,tracking,1,0.0,1,0,1,force_bus_tool_compensated,4,phathom_s_scan:tracking t=7.12 contact=1 vz_cmd=+0.0
916343.063955779,916343.061924153,23851,1788822009.0234814,-1.320749045628733,0.058397189201070336,4.159697324292095,0.11823054402499339,-0.0013714714257096943,0.09635127991633782,4.0,tracking,1,-0.1,1,0,1,force_bus_tool_compensated,4,phathom_s_scan:tracking t=7.13 contact=1 vz_cmd=-0.1
916343.073980852,916343.072145602,23853,1788822009.0336986,-1.7295938766195917,0.24643902762875636,3.6641277271665116,0.13799328685856552,0.03381470973688786,0.11796973578361801,4.0,tracking,1,1.1,1,0,1,force_bus_tool_compensated,4,phathom_s_scan:tracking t=7.14 contact=1 vz_cmd=+1.1
916343.083981285,916343.081687507,23855,1788822009.0432448,-1.492865823243294,0.14583837810249178,4.079365555041666,0.12311834231785418,0.005773455049343489,0.09288552253041299,4.0,tracking,1,0.8,1,0,1,force_bus_tool_compensated,4,phathom_s_scan:tracking t=7.15 contact=1 vz_cmd=+0.8
916343.093978291,916343.091555591,23857,1788822009.053113,-1.3441258418998046,0.1905461965645613,3.968768874740982,0.11538084864255424,-0.0150286541823532,0.11276752610896668,4.0,tracking,1,0.6,1,0,1,force_bus_tool_compensated,4,phathom_s_scan:tracking t=7.16 contact=1 vz_cmd=+0.6
916343.104085325,916343.101604051,23859,1788822009.063161,-1.5353813230066924,0.04103013139569174,3.9077969884202384,0.11336866444863206,0.008190454481969534,0.1002589208752553,4.0,tracking,1,0.4,1,0,1,force_bus_tool_compensated,4,phathom_s_scan:tracking t=7.17 contact=1 vz_cmd=+0.4
916343.114007138,916343.111734811,23861,1788822009.073292,-1.4320113719628609,0.1871526886550188,4.079032523127866,0.1238802336239164,0.0002375221720295235,0.10534088861128002,4.0,tracking,1,0.3,1,0,1,force_bus_tool_compensated,4,phathom_s_scan:tracking t=7.19 contact=1 vz_cmd=+0.3
916343.123999693,916343.121692897,23863,1788822009.0832493,-1.487398099474124,-0.03111928336720523,3.99218761205268,0.11517595487515724,0.008246106146488272,0.09315405742569516,4.0,tracking,1,0.1,1,0,1,force_bus_tool_compensated,4,phathom_s_scan:tracking t=7.19 contact=1 vz_cmd=+0.1
916343.133973468,916343.132008025,23865,1788822009.0935593,-1.7146158302953014,-0.08026101092145425,3.9189883387791946,0.10354556100758401,0.025477943968181916,0.09282114530570845,4.0,tracking,1,0.3,1,0,1,force_bus_tool_compensated,4,phathom_s_scan:tracking t=7.20 contact=1 vz_cmd=+0.3
916343.143967513,916343.14167984,23867,1788822009.103237,-1.495972183198922,-0.23194926938942645,3.9892878026531826,0.0867262247956573,0.0034637945416774083,0.08541312994116756,4.0,tracking,1,0.2,1,0,1,force_bus_tool_compensated,4,phathom_s_scan:tracking t=7.21 contact=1 vz_cmd=+0.2
916343.154066277,916343.151641601,23869,1788822009.113199,-1.5906957255796428,0.011773080878233859,3.989162502593342,0.11496273287317899,0.010082617076257586,0.1082002490404982,4.0,tracking,1,0.1,1,0,1,force_bus_tool_compensated,4,phathom_s_scan:tracking t=7.22 contact=1 vz_cmd=+0.1
916343.164089185,916343.161615073,23871,1788822009.1231706,-1.4356406317062747,0.13677716760231154,4.0539131646269695,0.12210034508529921,0.003152038217696988,0.10520289096423945,4.0,tracking,1,0.1,1,0,1,force_bus_tool_compensated,4,phathom_s_scan:tracking t=7.23 contact=1 vz_cmd=+0.1
916343.174072977,916343.171694857,23873,1788822009.1332514,-1.369147499122531,-0.00864311171992304,3.9951436021538553,0.11082037173587464,0.0005903211822430887,0.09787851617844232,4.0,tracking,1,0.1,1,0,1,force_bus_tool_compensated,4,phathom_s_scan:tracking t=7.24 contact=1 vz_cmd=+0.1
916343.18406716,916343.182224234,23875,1788822009.1437807,-1.4312816021249002,-0.330831278586477,3.9367380047059015,0.08877791328785603,0.015511300580639821,0.08581893598944411,4.0,tracking,1,0.0,1,0,1,force_bus_tool_compensated,4,phathom_s_scan:tracking t=7.25 contact=1 vz_cmd=+0.0
916343.19396367,916343.191840822,23877,1788822009.1533947,-1.2538651381355006,0.0724964459467055,3.698049373142031,0.12008091053535778,0.01122578971466532,0.10218663506003076,4.0,tracking,1,1.2,1,0,1,force_bus_tool_compensated,4,phathom_s_scan:tracking t=7.26 contact=1 vz_cmd=+1.2
916343.204099777,916343.201713241,23879,1788822009.1632683,-1.2372389479074097,0.14986797244169914,4.079347318684249,0.12437969029286025,0.0016169345856235963,0.09754801542949686,4.0,tracking,1,1.0,1,0,1,force_bus_tool_compensated,4,phathom_s_scan:tracking t=7.27 contact=1 vz_cmd=+1.0
916343.214161397,916343.211602969,23881,1788822009.1731606,-1.2113395552630792,0.1754574321963015,3.8286206486713716,0.13064672175273032,-0.001666579042587255,0.0991344518608434,4.0,tracking,1,0.9,1,0,1,force_bus_tool_compensated,4,phathom_s_scan:tracking t=7.28 contact=1 vz_cmd=+0.9
916343.224147344,916343.221597332,23883,1788822009.1831553,-1.269300506326435,0.024105808467711286,3.6895249803591152,0.11837754480980672,0.012454349461882295,0.09409257871357292,4.0,tracking,1,2.1,1,0,1,force_bus_tool_compensated,4,phathom_s_scan:tracking t=7.29 contact=1 vz_cmd=+2.1
916343.234069214,916343.231515793,23885,1788822009.1930745,-0.9203795823010008,0.14664679838970068,3.975046812577088,0.12433804006338751,-0.01607161705707444,0.10019025773983153,4.0,tracking,1,1.5,1,0,1,force_bus_tool_compensated,4,phathom_s_scan:tracking t=7.30 contact=1 vz_cmd=+1.5
916343.243995299,916343.241917422,23887,1788822009.2034695,-1.085075633402214,-0.008869131300991165,4.006362140949312,0.11507172806076393,-0.007214379536951233,0.09632774264853286,4.0,tracking,1,1.0,1,0,1,force_bus_tool_compensated,4,phathom_s_scan:tracking t=7.31 contact=1 vz_cmd=+1.0
916343.254018014,916343.251678751,23889,1788822009.2132366,-1.1806921772286403,0.06117978950385463,3.3458603659475097,0.1298850601078037,0.023210058987893946,0.10935806995809043,4.0,tracking,1,3.6,1,0,1,force_bus_tool_compensated,4,phathom_s_scan:tracking t=7.32 contact=1 vz_cmd=+3.6
916343.264088252,916343.261636199,23891,1788822009.223193,-1.1244915788776988,0.1568367040744078,3.699335175914006,0.12196905227939138,0.0033985516165843514,0.10259670694229948,4.0,tracking,1,4.6,1,0,1,force_bus_tool_compensated,4,phathom_s_scan:tracking t=7.33 contact=1 vz_cmd=+4.6
916343.274004921,916343.271507403,23893,1788822009.2330608,-0.6475151376598476,0.2947505544460507,4.102091972378501,0.1295575883932357,-0.03465179328368486,0.09122354026993924,4.0,tracking,1,3.1,1,0,1,force_bus_tool_compensated,4,phathom_s_scan:tracking t=7.34 contact=1 vz_cmd=+3.1
916343.284096908,916343.281542678,23895,1788822009.2430992,-1.1215112957729612,0.007641258029442939,3.644254828823496,0.12481001665343039,0.002327331172761296,0.10296833456174992,4.0,tracking,1,3.0,1,0,1,force_bus_tool_compensated,4,phathom_s_scan:tracking t=7.35 contact=1 vz_cmd=+3.0
916343.294096977,916343.291339662,23897,1788822009.2528975,-1.063271763449225,0.09816981147309306,3.6502780800029386,0.11292228988355817,-0.009772288528380043,0.08587694657843287,4.0,tracking,1,3.9,1,0,1,force_bus_tool_compensated,4,phathom_s_scan:tracking t=7.36 contact=1 vz_cmd=+3.9
916343.304083514,916343.301765781,23899,1788822009.2633188,-1.0967585141788714,0.13111894102956512,3.871287788466027,0.11357131996907195,-0.01685296843984,0.09366577525573841,4.0,tracking,1,2.7,1,0,1,force_bus_tool_compensated,4,phathom_s_scan:tracking t=7.37 contact=1 vz_cmd=+2.7
916343.31407287,916343.311449402,23901,1788822009.2730067,-1.4480126001683316,0.5393805397606343,3.6377898551726915,0.13656128512499027,0.006651629426591768,0.11208213714490697,4.0,tracking,1,3.7,1,0,1,force_bus_tool_compensated,4,phathom_s_scan:tracking t=7.38 contact=1 vz_cmd=+3.7
916343.324083932,916343.321675256,23903,1788822009.2832308,-1.4840826045238171,0.48535830806658764,3.7031220024605225,0.12459364285790371,0.00438436136028084,0.10219913763400416,4.0,tracking,1,3.9,1,0,1,force_bus_tool_compensated,4,phathom_s_scan:tracking t=7.39 contact=1 vz_cmd=+3.9
916343.334080474,916343.33194609,23905,1788822009.293499,-1.60859496739601,0.07888567693821998,3.6792996608240114,0.08845351664665688,0.007570158638638497,0.08068039232438849,4.0,tracking,1,4.0,1,0,1,force_bus_tool_compensated,4,phathom_s_scan:tracking t=7.40 contact=1 vz_cmd=+4.0
916343.344074619,916343.341535994,23907,1788822009.3030925,-1.171266286527553,0.1195580690215794,4.185536477744726,0.09115400316199865,-0.020637371064116363,0.07326353367795345,4.0,tracking,1,2.5,1,0,1,force_bus_tool_compensated,4,phathom_s_scan:tracking t=7.41 contact=1 vz_cmd=+2.5
916343.353996256,916343.351757003,23909,1788822009.313314,-1.0496142472566636,0.14277745432291733,4.089038249157111,0.10870430737460965,-0.018246744645594577,0.08451135134914067,4.0,tracking,1,1.4,1,0,1,force_bus_tool_compensated,4,phathom_s_scan:tracking t=7.42 contact=1 vz_cmd=+1.4
916343.36411512,916343.361711451,23911,1788822009.323265,-1.2250901028613335,0.1497136768844557,3.716433565014558,0.11353545017866508,0.0044726135273560445,0.09399241875451791,4.0,tracking,1,1.7,1,0,1,force_bus_tool_compensated,4,phathom_s_scan:tracking t=7.43 contact=1 vz_cmd=+1.7
916343.374080723,916343.371675412,23913,1788822009.333232,-0.9365421261171418,0.15791818866216623,4.2477516550209335,0.11563049867511133,-0.0243752645159604,0.09549496584341047,4.0,tracking,1,0.6,1,0,1,force_bus_tool_compensated,4,phathom_s_scan:tracking t=7.45 contact=1 vz_cmd=+0.6
916343.384076344,916343.381881022,23915,1788822009.3434377,-1.1445255668687662,-0.007292018078007563,3.994935819610631,0.11446510146720704,0.007805218619598967,0.0887145793730746,4.0,tracking,1,-0.6,1,0,1,force_bus_tool_compensated,4,phathom_s_scan:tracking t=7.45 contact=1 vz_cmd=-0.6
916343.394012845,916343.391549467,23917,1788822009.3531065,-1.285975967982953,0.0556857036800278,3.6722703523987485,0.1150304975635659,0.0226320738096544,0.09746227681626461,4.0,tracking,1,1.2,1,0,1,force_bus_tool_compensated,4,phathom_s_scan:tracking t=7.46 contact=1 vz_cmd=+1.2
916343.404073015,916343.401843563,23919,1788822009.3634,-0.9716190047528401,-0.019438241689386085,3.9737114005022365,0.10367537194688875,-0.016133569916796812,0.0795867640396515,4.0,tracking,1,0.8,1,0,1,force_bus_tool_compensated,4,phathom_s_scan:tracking t=7.47 contact=1 vz_cmd=+0.8
916343.414077435,916343.411998214,23921,1788822009.3735542,-0.6899503951206531,0.11739545495410048,4.216357939462016,0.12496201603161236,-0.024974740836408455,0.09177765072926511,4.0,tracking,1,0.1,1,0,1,force_bus_tool_compensated,4,phathom_s_scan:tracking t=7.48 contact=1 vz_cmd=+0.1
916343.424096874,916343.421607616,23923,1788822009.3831642,-1.0378801535105282,0.2817917579031858,3.84042912223677,0.12609084756658653,0.005239197089267675,0.09299672409408591,4.0,tracking,1,0.2,1,0,1,force_bus_tool_compensated,4,phathom_s_scan:tracking t=7.49 contact=1 vz_cmd=+0.2
916343.434078274,916343.431560173,23925,1788822009.393117,-0.9475081732809605,0.34351888709304385,4.13622240114237,0.13222253480153062,-0.00800549827054343,0.0976922871835962,4.0,tracking,1,0.1,1,0,1,force_bus_tool_compensated,4,phathom_s_scan:tracking t=7.50 contact=1 vz_cmd=+0.1
916343.444095954,916343.441685889,23927,1788822009.4032423,-0.7372814527912308,0.2735810372722208,4.272221081063027,0.1330731406197023,-0.02554587498727852,0.0981439167073378,4.0,tracking,1,-1.5,1,0,1,force_bus_tool_compensated,4,phathom_s_scan:tracking t=7.51 contact=1 vz_cmd=-1.5
916343.453962957,916343.451693171,23929,1788822009.4132469,-0.785696766296397,0.18886865716740342,3.9962189487195956,0.12865491029614967,-0.01420683578259019,0.095203637589788,4.0,tracking,1,-1.0,1,0,1,force_bus_tool_compensated,4,phathom_s_scan:tracking t=7.52 contact=1 vz_cmd=-1.0
916343.464075958,916343.461805502,23931,1788822009.4233625,-0.9198539404626291,0.11534493591010887,3.8755592189153476,0.1124567476355593,-0.01189828795544,0.08453564263844077,4.0,tracking,1,-0.6,1,0,1,force_bus_tool_compensated,4,phathom_s_scan:tracking t=7.53 contact=1 vz_cmd=-0.6
916343.474091389,916343.472042953,23933,1788822009.4335968,-0.7743728522391948,0.08147257582532327,4.235259221667757,0.11326993630480495,-0.03270552072608028,0.08213900985275563,4.0,tracking,1,-0.9,1,0,1,force_bus_tool_compensated,4,phathom_s_scan:tracking t=7.54 contact=1 vz_cmd=-0.9
916343.484077396,916343.48141552,23935,1788822009.442973,-0.772910702066943,0.0469923931106843,4.228270365444077,0.10596198060611975,-0.03333057364461986,0.07676405647438445,4.0,tracking,1,-1.3,1,0,1,force_bus_tool_compensated,4,phathom_s_scan:tracking t=7.55 contact=1 vz_cmd=-1.3
916343.49407998,916343.491359462,23937,1788822009.4529166,-0.9357650009878022,0.05236391260829083,4.016370897824417,0.11205341408499449,-0.030204171514159682,0.0811619873174872,4.0,tracking,1,-0.9,1,0,1,force_bus_tool_compensated,4,phathom_s_scan:tracking t=7.56 contact=1 vz_cmd=-0.9
916343.504082601,916343.501584797,23939,1788822009.4631374,-0.7151171943135992,-0.19780094478376856,4.140891632770772,0.08397851924615092,-0.03371118089946925,0.06103797918431718,4.0,tracking,1,-0.7,1,0,1,force_bus_tool_compensated,4,phathom_s_scan:tracking t=7.58 contact=1 vz_cmd=-0.7
916343.514076504,916343.511732221,23941,1788822009.473289,-1.3286226809682482,-0.17336228965237083,3.9092735660228777,0.1103544825623284,0.002312009355552507,0.07529221420638751,4.0,tracking,1,-0.5,1,0,1,force_bus_tool_compensated,4,phathom_s_scan:tracking t=7.58 contact=1 vz_cmd=-0.5
916343.524068409,916343.521486651,23943,1788822009.483044,-0.9774464227931718,-0.08100135637747077,4.024734638146331,0.09691978929719137,-0.02193172459149727,0.08202865359584718,4.0,tracking,1,-0.3,1,0,1,force_bus_tool_compensated,4,phathom_s_scan:tracking t=7.59 contact=1 vz_cmd=-0.3
916343.534089491,916343.531915463,23945,1788822009.4934654,-1.2238534138637323,-0.11445015241704662,3.802799090641482,0.09526258286826202,0.006091421523497021,0.08449833875728321,4.0,tracking,1,0.1,1,0,1,force_bus_tool_compensated,4,phathom_s_scan:tracking t=7.60 contact=1 vz_cmd=+0.1
916343.54399516,916343.541594871,23947,1788822009.5031524,-0.8357866442321151,-0.10320727907513416,4.12394734812322,0.095021411397331,-0.018311148973156405,0.06954656939103558,4.0,tracking,1,0.0,1,0,1,force_bus_tool_compensated,4,phathom_s_scan:tracking t=7.61 contact=1 vz_cmd=+0.0
916343.553957789,916343.551537034,23949,1788822009.5130937,-0.8693907802870988,-0.19518820239930335,3.9928798591532084,0.0911593511566568,-0.01567447370658697,0.08122094558686657,4.0,tracking,1,-0.0,1,0,1,force_bus_tool_compensated,4,phathom_s_scan:tracking t=7.62 contact=1 vz_cmd=-0.0
916343.563962668,916343.561716883,23951,1788822009.523271,-0.8746618223193545,-0.2281781287684831,3.9651149354896225,0.10197306177685608,-0.0018729262363482457,0.07597017411215314,4.0,tracking,1,-0.0,1,0,1,force_bus_tool_compensated,4,phathom_s_scan:tracking t=7.63 contact=1 vz_cmd=-0.0
916343.573995446,916343.571624201,23953,1788822009.5331786,-0.6811051385699736,-0.09445281198782939,3.9097596935707335,0.1057312032587425,-0.019657669984569397,0.07968037791162792,4.0,tracking,1,-0.0,1,0,1,force_bus_tool_compensated,4,phathom_s_scan:tracking t=7.64 contact=1 vz_cmd=-0.0
916343.583976165,916343.5817989,23955,1788822009.543357,-0.6996091044001327,0.04819682830544178,3.787270855002567,0.11347363363470472,-0.008256025730421532,0.079201695621828,4.0,tracking,1,0.5,1,0,1,force_bus_tool_compensated,4,phathom_s_scan:tracking t=7.65 contact=1 vz_cmd=+0.5
916343.593976994,916343.591588264,23957,1788822009.5531435,-0.33282850666015706,0.38391450504602204,4.008454725024945,0.1417629941035813,-0.03620553729022256,0.08987577202809496,4.0,tracking,1,0.3,1,0,1,force_bus_tool_compensated,4,phathom_s_scan:tracking t=7.66 contact=1 vz_cmd=+0.3
916343.603976088,916343.601693336,23959,1788822009.5632515,-0.6195798122439902,0.31246623880761676,3.8298035541009012,0.1374344632192239,-0.015385309321317674,0.08759098124877693,4.0,tracking,1,0.4,1,0,1,force_bus_tool_compensated,4,phathom_s_scan:tracking t=7.67 contact=1 vz_cmd=+0.4
916343.614146457,916343.61150362,23961,1788822009.5730603,-0.8021359819452432,0.25572312415519804,3.8494427559418196,0.13102563918847612,-0.011241183400052663,0.08419178586274831,4.0,tracking,1,0.8,1,0,1,force_bus_tool_compensated,4,phathom_s_scan:tracking t=7.68 contact=1 vz_cmd=+0.8
916343.62407117,916343.621607845,23963,1788822009.5831645,-0.5925307972906411,0.28339424246191297,3.9594332386822124,0.1255736081613436,-0.03640788678507331,0.08148812649356175,4.0,tracking,1,0.5,1,0,1,force_bus_tool_compensated,4,phathom_s_scan:tracking t=7.69 contact=1 vz_cmd=+0.5
916343.634082535,916343.631532868,23965,1788822009.5930905,-0.5596639702009198,0.3721963247536803,3.975467838082835,0.13841144066741412,-0.03221762590660333,0.09253051520358287,4.0,tracking,1,0.3,1,0,1,force_bus_tool_compensated,4,phathom_s_scan:tracking t=7.70 contact=1 vz_cmd=+0.3
916343.644078069,916343.641847362,23967,1788822009.6034026,-0.6186379422995136,0.3401483888713505,4.041714526571634,0.13943152627155042,-0.032748775011878145,0.09051216786098104,4.0,tracking,1,0.2,1,0,1,force_bus_tool_compensated,4,phathom_s_scan:tracking t=7.71 contact=1 vz_cmd=+0.2
916343.653998818,916343.651458088,23969,1788822009.6130168,-0.6124708940449544,0.264972297810312,4.068375040644728,0.12750928746563842,-0.04197468050135639,0.0824835047802768,4.0,tracking,1,0.1,1,0,1,force_bus_tool_compensated,4,phathom_s_scan:tracking t=7.72 contact=1 vz_cmd=+0.1
916343.664083872,916343.661402407,23971,1788822009.62296,-0.9329507631403844,0.06803009412415237,4.008785793422341,0.1124355114433163,-0.031689016227953164,0.07502480497592935,4.0,tracking,1,0.1,1,0,1,force_bus_tool_compensated,4,phathom_s_scan:tracking t=7.73 contact=1 vz_cmd=+0.1
916343.674072532,916343.671606806,23973,1788822009.6331613,-1.0740926936087034,-0.02904406795179266,4.10958222540185,0.10466996044320617,-0.03889885546461614,0.06906444867301638,4.0,tracking,1,0.0,1,0,1,force_bus_tool_compensated,4,phathom_s_scan:tracking t=7.74 contact=1 vz_cmd=+0.0
916343.684077933,916343.681589322,23975,1788822009.643144,-1.2609907987393942,-0.0008918752967261578,4.109875921015718,0.1055445408276053,-0.03326271720266713,0.07599281192597124,4.0,tracking,1,-0.3,1,0,1,force_bus_tool_compensated,4,phathom_s_scan:tracking t=7.75 contact=1 vz_cmd=-0.3
916343.694085359,916343.691610181,23977,1788822009.6531637,-1.3654220231981373,-0.04575177520716808,3.9433008005460968,0.0869623913411709,-0.01678345201091086,0.07073327885946237,4.0,tracking,1,-0.2,1,0,1,force_bus_tool_compensated,4,phathom_s_scan:tracking t=7.76 contact=1 vz_cmd=-0.2
916343.70397078,916343.701766274,23979,1788822009.6633198,-0.9571286634064531,0.06446670450075767,4.068829326958587,0.08788747104588489,-0.025996799769297314,0.06942675086187386,4.0,tracking,1,-0.1,1,0,1,force_bus_tool_compensated,4,phathom_s_scan:tracking t=7.77 contact=1 vz_cmd=-0.1
916343.714078671,916343.711465332,23981,1788822009.6730218,-0.697085777587293,0.05453035420368163,4.2723610933343465,0.10315141123328363,-0.04153587363939807,0.06816000691335034,4.0,tracking,1,-1.2,1,0,1,force_bus_tool_compensated,4,phathom_s_scan:tracking t=7.78 contact=1 vz_cmd=-1.2
916343.724088517,916343.72147221,23983,1788822009.6830294,-0.6403099616791845,0.15726712927617398,4.012953622751553,0.10085139371687721,-0.037416254937786324,0.07152993155822393,4.0,tracking,1,-0.9,1,0,1,force_bus_tool_compensated,4,phathom_s_scan:tracking t=7.79 contact=1 vz_cmd=-0.9
916343.734085218,916343.731571879,23985,1788822009.693125,-0.4114021403542647,0.015354112377683526,4.08845427513746,0.10470205783846631,-0.050093380959189,0.0763706637779796,4.0,tracking,1,-0.6,1,0,1,force_bus_tool_compensated,4,phathom_s_scan:tracking t=7.80 contact=1 vz_cmd=-0.6
916343.744081304,916343.741898096,23987,1788822009.7034547,-0.2976142207324446,0.1811302140167388,4.026446682254734,0.11965614409182225,-0.04737631486681994,0.08075617095777597,4.0,tracking,1,-0.5,1,0,1,force_bus_tool_compensated,4,phathom_s_scan:tracking t=7.81 contact=1 vz_cmd=-0.5
916343.753963524,916343.751539194,23989,1788822009.7130966,-0.2727570075759753,0.49389427183450246,3.825703215047559,0.1463181078634539,-0.04572913894748028,0.08997335575488066,4.0,tracking,1,-0.1,1,0,1,force_bus_tool_compensated,4,phathom_s_scan:tracking t=7.82 contact=1 vz_cmd=-0.1
916343.764039413,916343.761796155,23991,1788822009.7233486,-0.34774276583978536,0.3766387275598071,3.9548492902051455,0.12490643060307673,-0.05009448348180149,0.07774756087440975,4.0,tracking,1,-0.0,1,0,1,force_bus_tool_compensated,4,phathom_s_scan:tracking t=7.83 contact=1 vz_cmd=-0.0
916343.773956485,916343.771328359,23993,1788822009.7328858,-0.1708498923455286,0.4151006750136867,4.0595158472876705,0.13730081311584524,-0.0715346939684504,0.08659798859115056,4.0,tracking,1,-0.0,1,0,1,force_bus_tool_compensated,4,phathom_s_scan:tracking t=7.84 contact=1 vz_cmd=-0.0
916343.783956176,916343.781436976,23995,1788822009.7429936,-0.45847391240734914,0.23516136592525033,4.001164610293776,0.12293203026256844,-0.05218910804641682,0.08670719517227264,4.0,tracking,1,-0.0,1,0,1,force_bus_tool_compensated,4,phathom_s_scan:tracking t=7.85 contact=1 vz_cmd=-0.0
916343.793979426,916343.791505048,23997,1788822009.7530563,-0.5609858057286268,-0.04597372934058873,4.058267593373558,0.12590920702961853,-0.05145765949215029,0.07522763966389166,4.0,tracking,1,-0.0,1,0,1,force_bus_tool_compensated,4,phathom_s_scan:tracking t=7.86 contact=1 vz_cmd=-0.0
916343.803975063,916343.801697421,23999,1788822009.7632506,-0.6284640172820632,-0.22101222301813064,3.9983137071462225,0.11960603832742286,-0.04251759759416752,0.08566696806727168,4.0,tracking,1,-0.0,1,0,1,force_bus_tool_compensated,4,phathom_s_scan:tracking t=7.87 contact=1 vz_cmd=-0.0
916343.813973376,916343.811332924,24001,1788822009.77289,-0.7007337104270255,-0.11454982828572743,3.725323390637696,0.12462355559363272,-0.03245894101881515,0.07476209859769324,4.0,tracking,1,0.7,1,0,1,force_bus_tool_compensated,4,phathom_s_scan:tracking t=7.88 contact=1 vz_cmd=+0.7
916343.823969436,916343.821358676,24003,1788822009.782916,-0.9573874441655923,-0.3212673623067521,3.855747991292395,0.11392623414289002,-0.030764519072033095,0.06932503610820238,4.0,tracking,1,0.9,1,0,1,force_bus_tool_compensated,4,phathom_s_scan:tracking t=7.89 contact=1 vz_cmd=+0.9
916343.83397701,916343.831746378,24005,1788822009.7933006,-1.0287830572556613,-0.4455813751899871,3.82052935825517,0.08659552341688362,-0.026321415699007422,0.062196917317630114,4.0,tracking,1,0.9,1,0,1,force_bus_tool_compensated,4,phathom_s_scan:tracking t=7.90 contact=1 vz_cmd=+0.9
916343.843963681,916343.84158639,24007,1788822009.803142,-0.4941192436477184,-0.09341114906303127,3.8115322375703826,0.07333657391365207,-0.03285566293297447,0.05986803023985297,4.0,tracking,1,1.1,1,0,1,force_bus_tool_compensated,4,phathom_s_scan:tracking t=7.91 contact=1 vz_cmd=+1.1
916343.854057685,916343.851610655,24009,1788822009.8131647,-0.43543684605504174,0.20379562018480274,3.7727836399432007,0.10958138464573398,-0.03864827512929651,0.07304158272593783,4.0,tracking,1,1.7,1,0,1,force_bus_tool_compensated,4,phathom_s_scan:tracking t=7.92 contact=1 vz_cmd=+1.7
916343.864068572,916343.861368862,24011,1788822009.8229268,-0.28455037313883413,0.18241107283080144,3.7402940620244873,0.10751010450148307,-0.05121100720998808,0.057898589161142544,4.0,tracking,1,1.9,1,0,1,force_bus_tool_compensated,4,phathom_s_scan:tracking t=7.93 contact=1 vz_cmd=+1.9
916343.874092557,916343.87165397,24013,1788822009.8332105,-0.1330100784830912,0.16515177011836157,3.842121845504932,0.11518786098360283,-0.0667344236115018,0.07428883521339756,4.0,tracking,1,1.8,1,0,1,force_bus_tool_compensated,4,phathom_s_scan:tracking t=7.94 contact=1 vz_cmd=+1.8
916343.883964051,916343.881574905,24015,1788822009.843132,-0.2112267997714521,0.2825032099773162,3.7037928400135023,0.12446733539416308,-0.05795659789872807,0.07487474371951197,4.0,tracking,1,2.1,1,0,1,force_bus_tool_compensated,4,phathom_s_scan:tracking t=7.95 contact=1 vz_cmd=+2.1
916343.894068013,916343.891371105,24017,1788822009.8529277,-0.19735017428811918,0.34383474002080777,3.6693832778169044,0.12507838255038653,-0.061617772718000306,0.07387590924430695,4.0,tracking,1,3.3,1,0,1,force_bus_tool_compensated,4,phathom_s_scan:tracking t=7.96 contact=1 vz_cmd=+3.3
916343.904122985,916343.901783746,24019,1788822009.8633392,-0.3133051134265361,0.2811567388096946,3.82318294048933,0.12826878586875215,-0.06665465980831081,0.072661704235771,4.0,tracking,1,2.9,1,0,1,force_bus_tool_compensated,4,phathom_s_scan:tracking t=7.97 contact=1 vz_cmd=+2.9
916343.914096778,916343.91144848,24021,1788822009.873005,-0.7611036337438881,-0.0368141075511497,3.8601813418908435,0.1251099608051741,-0.048508610190955044,0.0726066837842492,4.0,tracking,1,2.0,1,0,1,force_bus_tool_compensated,4,phathom_s_scan:tracking t=7.98 contact=1 vz_cmd=+2.0
916343.924077505,916343.921422135,24023,1788822009.8829815,-1.0383733612276838,-0.23901548258796151,3.810479037481208,0.1097097789623411,-0.03684000741628552,0.06362292597594546,4.0,tracking,1,1.9,1,0,1,force_bus_tool_compensated,4,phathom_s_scan:tracking t=7.99 contact=1 vz_cmd=+1.9
916343.934081171,916343.931653281,24025,1788822009.893209,-0.9302566898715079,-0.10766141682672362,3.935840156094784,0.11594828584603045,-0.05410776525773661,0.06934220723806085,4.0,tracking,1,1.4,1,0,1,force_bus_tool_compensated,4,phathom_s_scan:tracking t=8.00 contact=1 vz_cmd=+1.4
916343.943968398,916343.941430517,24027,1788822009.9029877,-0.8976964521719029,-0.0946780909352766,4.100891216536592,0.12138829526089782,-0.060979891135353174,0.07189069620926256,4.0,tracking,1,0.9,1,0,1,force_bus_tool_compensated,4,phathom_s_scan:tracking t=8.01 contact=1 vz_cmd=+0.9
916343.954064201,916343.95140116,24029,1788822009.9129574,-0.9312724249584459,-0.2975366625153666,3.909200525633813,0.10023485833311982,-0.04895134749350378,0.060336624784953864,4.0,tracking,1,0.6,1,0,1,force_bus_tool_compensated,4,phathom_s_scan:tracking t=8.02 contact=1 vz_cmd=+0.6
916343.963997564,916343.961593937,24031,1788822009.923147,-0.7096272739542671,-0.36848358934766057,3.656598064291721,0.07487114756844505,-0.04208830703365427,0.05359576740477242,4.0,tracking,1,2.1,1,0,1,force_bus_tool_compensated,4,phathom_s_scan:tracking t=8.03 contact=1 vz_cmd=+2.1
916343.973990495,916343.972074525,24033,1788822009.9336302,-0.36731810245790397,-0.2730487638670489,3.7686757749068036,0.0757259005303661,-0.05142655937508829,0.05608975131254609,4.0,tracking,1,2.6,1,0,1,force_bus_tool_compensated,4,phathom_s_scan:tracking t=8.04 contact=1 vz_cmd=+2.6
916343.983974997,916343.981305508,24035,1788822009.9428642,-0.14427722558010658,0.056758629757019806,3.8852207609447076,0.11253720026531719,-0.06345454527661241,0.06799334093738321,4.0,tracking,1,2.1,1,0,1,force_bus_tool_compensated,4,phathom_s_scan:tracking t=8.05 contact=1 vz_cmd=+2.1
916343.993960294,916343.991329809,24037,1788822009.952888,-0.11566722481048708,0.13705256244766995,3.81462933477437,0.11165122366242355,-0.07253466229217255,0.0734937177167318,4.0,tracking,1,1.7,1,0,1,force_bus_tool_compensated,4,phathom_s_scan:tracking t=8.07 contact=1 vz_cmd=+1.7
916344.003964828,916344.001511623,24039,1788822009.963069,-0.3484942444282664,0.03834707140365511,4.101499787448086,0.10670601364477403,-0.060820316828672824,0.06390199232305518,4.0,tracking,1,1.1,1,0,1,force_bus_tool_compensated,4,phathom_s_scan:tracking t=8.07 contact=1 vz_cmd=+1.1
916344.014064941,916344.011577089,24041,1788822009.9731336,-0.3397826839401388,0.3215788145651093,4.0838506516595405,0.1325958843235333,-0.06106258334946379,0.0677047696664064,4.0,tracking,1,0.7,1,0,1,force_bus_tool_compensated,4,phathom_s_scan:tracking t=8.08 contact=1 vz_cmd=+0.7
916344.024071307,916344.021825286,24043,1788822009.9833825,-0.5220778679193567,0.1335250999658502,3.9643625257030894,0.11374449158454872,-0.049011029191778924,0.06658251156427808,4.0,tracking,1,0.5,1,0,1,force_bus_tool_compensated,4,phathom_s_scan:tracking t=8.09 contact=1 vz_cmd=+0.5
916344.033964822,916344.031562624,24045,1788822009.99312,-0.68435023315831,0.07790759646636959,3.874338846703898,0.11101676580172368,-0.058998042208915046,0.0736804067453542,4.0,tracking,1,0.4,1,0,1,force_bus_tool_compensated,4,phathom_s_scan:tracking t=8.10 contact=1 vz_cmd=+0.4
916344.044096094,916344.041665637,24047,1788822010.003221,-0.909100646829947,-0.21592522913596351,3.957266333519859,0.10390135409204418,-0.05387261101034072,0.06903608307085674,4.0,tracking,1,0.3,1,0,1,force_bus_tool_compensated,4,phathom_s_scan:tracking t=8.11 contact=1 vz_cmd=+0.3
916344.053968595,916344.051387564,24049,1788822010.0129454,-0.5509097674609167,-0.2201610306313874,3.8708318701649898,0.11158034484531441,-0.07209870115149108,0.07080364877371513,4.0,tracking,1,0.2,1,0,1,force_bus_tool_compensated,4,phathom_s_scan:tracking t=8.12 contact=1 vz_cmd=+0.2
916344.063959422,916344.061361999,24051,1788822010.0229194,-0.6589613609736427,-0.4537615250390147,3.937082786935469,0.10491211929460445,-0.060832578906162615,0.05487879190061978,4.0,tracking,1,0.2,1,0,1,force_bus_tool_compensated,4,phathom_s_scan:tracking t=8.13 contact=1 vz_cmd=+0.2
916344.073999279,916344.071519184,24053,1788822010.0330746,-0.6563077884861461,-0.5250579933032632,3.98282264479535,0.11326084852461887,-0.062259693780618575,0.05896873479011737,4.0,tracking,1,0.1,1,0,1,force_bus_tool_compensated,4,phathom_s_scan:tracking t=8.14 contact=1 vz_cmd=+0.1
916344.083978164,916344.081467207,24055,1788822010.043023,-0.5173096750939972,-0.621155385514522,3.9077071814417925,0.09526926639786629,-0.05317942864455327,0.05769363553481896,4.0,tracking,1,0.1,1,0,1,force_bus_tool_compensated,4,phathom_s_scan:tracking t=8.15 contact=1 vz_cmd=+0.1
916344.094086629,916344.091347999,24057,1788822010.0529056,-0.2273304884442806,-0.5006137396644432,3.8920352601421486,0.0775265755879344,-0.06111095632177259,0.05101264394377297,4.0,tracking,1,0.1,1,0,1,force_bus_tool_compensated,4,phathom_s_scan:tracking t=8.16 contact=1 vz_cmd=+0.1
916344.104075259,916344.101486016,24059,1788822010.0630426,-0.11248407666069449,-0.1941211258060224,3.9864815996968463,0.09522207183273,-0.07792812229637006,0.06049806791968556,4.0,tracking,1,0.1,1,0,1,force_bus_tool_compensated,4,phathom_s_scan:tracking t=8.17 contact=1 vz_cmd=+0.1
916344.113941044,916344.11137315,24061,1788822010.0729296,-0.3059829982620559,-0.08498991446755486,4.120658408392853,0.10461554450862132,-0.0642462203068872,0.06154585382643318,4.0,tracking,1,0.0,1,0,1,force_bus_tool_compensated,4,phathom_s_scan:tracking t=8.18 contact=1 vz_cmd=+0.0
916344.123960295,916344.121890435,24063,1788822010.0834477,-0.3725384449037852,-0.025307129942316757,4.191396035581218,0.10889721373106584,-0.06302795503323978,0.061475550820033975,4.0,tracking,1,-0.5,1,0,1,force_bus_tool_compensated,4,phathom_s_scan:tracking t=8.19 contact=1 vz_cmd=-0.5
916344.133990646,916344.131422388,24065,1788822010.0929782,-0.39582216124816605,0.040269316232777574,4.191878225103055,0.1100665752475001,-0.06319148481776997,0.06841492881003626,4.0,tracking,1,-0.8,1,0,1,force_bus_tool_compensated,4,phathom_s_scan:tracking t=8.20 contact=1 vz_cmd=-0.8
916344.144080258,916344.14145619,24067,1788822010.1030104,-0.4661763524858782,-0.03994410801522866,4.18951836853671,0.10359230535625204,-0.05899291540135932,0.06200679133032523,4.0,tracking,1,-1.0,1,0,1,force_bus_tool_compensated,4,phathom_s_scan:tracking t=8.22 contact=1 vz_cmd=-1.0
916344.15398855,916344.151421967,24069,1788822010.112979,-0.43113906593610163,0.04409580372872329,4.300998421365983,0.11302679788065079,-0.07152505222277182,0.068536315158789,4.0,tracking,1,-1.9,1,0,1,force_bus_tool_compensated,4,phathom_s_scan:tracking t=8.22 contact=1 vz_cmd=-1.9
916344.163989589,916344.161579112,24071,1788822010.1231353,-0.7111710756912326,-0.2130470595364713,4.098049448011814,0.09846764680469183,-0.0449696053322218,0.05244195158859383,4.0,tracking,1,-1.6,1,0,1,force_bus_tool_compensated,4,phathom_s_scan:tracking t=8.23 contact=1 vz_cmd=-1.6
916344.173956347,916344.171562259,24073,1788822010.1331182,-0.5041234768643912,-0.21768738903431306,4.401208099201549,0.1148418810656962,-0.08100443059199106,0.07246756877410235,4.0,tracking,1,-2.7,1,0,1,force_bus_tool_compensated,4,phathom_s_scan:tracking t=8.24 contact=1 vz_cmd=-2.7
916344.183972283,916344.181784898,24075,1788822010.143339,-0.7498689748051566,-0.4752009926603314,4.325330540697584,0.09681486585311322,-0.0590116971192424,0.04955036984038126,4.0,tracking,1,-3.6,1,0,1,force_bus_tool_compensated,4,phathom_s_scan:tracking t=8.25 contact=1 vz_cmd=-3.6
916344.193973954,916344.191378641,24077,1788822010.1529365,-0.4795167448852262,-0.33462139330803775,4.1231161372244465,0.12650512672223424,-0.06702545414331804,0.06644533525218105,4.0,tracking,1,-2.8,1,0,1,force_bus_tool_compensated,4,phathom_s_scan:tracking t=8.26 contact=1 vz_cmd=-2.8
916344.203964683,916344.201866322,24079,1788822010.1634212,-0.6602862390941617,-0.7456470272801152,4.153527224152292,0.09821899485493688,-0.05725732685937945,0.050817716246060546,4.0,tracking,1,-2.1,1,0,1,force_bus_tool_compensated,4,phathom_s_scan:tracking t=8.27 contact=1 vz_cmd=-2.1
916344.213947908,916344.211459812,24081,1788822010.1730168,-0.1578281624581388,-0.5123617122126711,4.197281749994424,0.09621578566976134,-0.08305698622423345,0.050463215284588164,4.0,tracking,1,-1.9,1,0,1,force_bus_tool_compensated,4,phathom_s_scan:tracking t=8.28 contact=1 vz_cmd=-1.9
916344.223989408,916344.22139243,24083,1788822010.1829493,-0.08703284718680071,-0.4345023995071687,4.100358306879197,0.08626347580699781,-0.07576817517539251,0.05622436737705047,4.0,tracking,1,-1.5,1,0,1,force_bus_tool_compensated,4,phathom_s_scan:tracking t=8.29 contact=1 vz_cmd=-1.5
916344.233989744,916344.231400648,24085,1788822010.1929574,-0.11871539481822602,-0.3924415681385493,4.029394473538917,0.08784608345400956,-0.08034137436624265,0.057420082101919845,4.0,tracking,1,-1.0,1,0,1,force_bus_tool_compensated,4,phathom_s_scan:tracking t=8.30 contact=1 vz_cmd=-1.0
916344.244083392,916344.241362405,24087,1788822010.202919,-0.16294867079339403,-0.3226700480462148,4.006618351621075,0.09175770938107346,-0.07716991882820262,0.05763660470249085,4.0,tracking,1,-0.7,1,0,1,force_bus_tool_compensated,4,phathom_s_scan:tracking t=8.31 contact=1 vz_cmd=-0.7
916344.253986274,916344.251315843,24089,1788822010.2128735,-0.3146793394351939,-0.15272949150956666,3.970256257903721,0.10152752016640758,-0.07076089506188835,0.05909992809682933,4.0,tracking,1,-0.4,1,0,1,force_bus_tool_compensated,4,phathom_s_scan:tracking t=8.32 contact=1 vz_cmd=-0.4
916344.263962041,916344.261138608,24091,1788822010.2226968,-0.43035908943799894,0.06313146086288259,3.982259992884817,0.11799967232315753,-0.0663590485877687,0.06953635889022138,4.0,tracking,1,-0.3,1,0,1,force_bus_tool_compensated,4,phathom_s_scan:tracking t=8.33 contact=1 vz_cmd=-0.3
916344.273963758,916344.271531496,24093,1788822010.2330863,-0.387608996923799,-0.11266374224870078,4.027160664670382,0.10208805305982077,-0.06896203173593046,0.06746517196809337,4.0,tracking,1,-0.2,1,0,1,force_bus_tool_compensated,4,phathom_s_scan:tracking t=8.35 contact=1 vz_cmd=-0.2
916344.283961934,916344.281411456,24095,1788822010.2429676,-0.37425845257533386,0.3010665050084492,3.9995773679277526,0.11858087669888101,-0.08258634693835328,0.06040363383375347,4.0,tracking,1,-0.1,1,0,1,force_bus_tool_compensated,4,phathom_s_scan:tracking t=8.35 contact=1 vz_cmd=-0.1
916344.294008945,916344.291437054,24097,1788822010.2529945,-0.49448894487057427,0.061262011071073486,3.9244372323582484,0.10819787022072383,-0.07306801307092474,0.06484460702989582,4.0,tracking,1,-0.1,1,0,1,force_bus_tool_compensated,4,phathom_s_scan:tracking t=8.36 contact=1 vz_cmd=-0.1
916344.303963324,916344.301638132,24099,1788822010.2631938,-0.5510335979056487,-0.2123881944920512,3.944498216074785,0.09865193815052355,-0.07400649499723305,0.05620644905427351,4.0,tracking,1,-0.1,1,0,1,force_bus_tool_compensated,4,phathom_s_scan:tracking t=8.37 contact=1 vz_cmd=-0.1
916344.313974153,916344.311553406,24101,1788822010.2731094,-0.43529872424478966,-0.06078108844045526,3.8071530430274896,0.10756516923250188,-0.08266958110121378,0.06176765106524655,4.0,tracking,1,0.3,1,0,1,force_bus_tool_compensated,4,phathom_s_scan:tracking t=8.38 contact=1 vz_cmd=+0.3
916344.3239639,916344.32170799,24103,1788822010.283265,-0.3243016183921452,-0.3758468009632028,3.9154678668694105,0.09800701830746059,-0.07934370656628657,0.054832151160533985,4.0,tracking,1,0.3,1,0,1,force_bus_tool_compensated,4,phathom_s_scan:tracking t=8.39 contact=1 vz_cmd=+0.3
916344.333974673,916344.331759138,24105,1788822010.2933142,-0.5052723670359764,-0.5415954268369418,3.6262397790014305,0.10313715171793751,-0.05655228001543232,0.0660268701449932,4.0,tracking,1,1.6,1,0,1,force_bus_tool_compensated,4,phathom_s_scan:tracking t=8.40 contact=1 vz_cmd=+1.6
916344.343957402,916344.341308003,24107,1788822010.3028665,-0.38003590679810517,-0.8823964609872629,3.8986037823670125,0.0864894552415876,-0.08567751505207429,0.03414878748045333,4.0,tracking,1,1.5,1,0,1,force_bus_tool_compensated,4,phathom_s_scan:tracking t=8.41 contact=1 vz_cmd=+1.5
916344.354004913,916344.351304531,24109,1788822010.3128626,-0.09852929179320302,-0.3197075932869793,3.8433670798858053,0.0986759507267998,-0.09024460572557556,0.07165992459132889,4.0,tracking,1,1.2,1,0,1,force_bus_tool_compensated,4,phathom_s_scan:tracking t=8.42 contact=1 vz_cmd=+1.2
916344.364012699,916344.36139176,24111,1788822010.3229494,0.04605751479107201,-0.28607479364925475,3.989280608466024,0.10437818859563198,-0.0821866360585822,0.05095661511742605,4.0,tracking,1,0.8,1,0,1,force_bus_tool_compensated,4,phathom_s_scan:tracking t=8.43 contact=1 vz_cmd=+0.8
916344.37396729,916344.371549852,24113,1788822010.3331065,-0.05890206210950599,0.03654071897040477,3.7410628358222286,0.11922438631913163,-0.08402220791236437,0.08370201570941493,4.0,tracking,1,1.2,1,0,1,force_bus_tool_compensated,4,phathom_s_scan:tracking t=8.44 contact=1 vz_cmd=+1.2
916344.383990791,916344.381466728,24115,1788822010.3430252,-0.143968402528722,0.02782357818932538,3.7541309402237086,0.11662594669558005,-0.06697839674410623,0.06131619002663443,4.0,tracking,1,1.6,1,0,1,force_bus_tool_compensated,4,phathom_s_scan:tracking t=8.45 contact=1 vz_cmd=+1.6
916344.393993737,916344.39118813,24117,1788822010.3527458,-0.17809994602422563,0.08367933221581056,3.6941004985015273,0.11730665288874893,-0.06623377218219041,0.0644905671486082,4.0,tracking,1,2.7,1,0,1,force_bus_tool_compensated,4,phathom_s_scan:tracking t=8.46 contact=1 vz_cmd=+2.7
916344.4039731,916344.401433258,24119,1788822010.3629904,-0.307546244262743,0.16377305164893813,3.7411777237404316,0.12211976404600966,-0.062273087130858606,0.06988861142841075,4.0,tracking,1,2.8,1,0,1,force_bus_tool_compensated,4,phathom_s_scan:tracking t=8.47 contact=1 vz_cmd=+2.8
916344.413964567,916344.41149806,24121,1788822010.3730538,-0.26081443817402516,0.33763557413417117,3.9812857260172425,0.12980606219018806,-0.08178249239144822,0.07399799681144421,4.0,tracking,1,2.0,1,0,1,force_bus_tool_compensated,4,phathom_s_scan:tracking t=8.49 contact=1 vz_cmd=+2.0
916344.423966402,916344.421187711,24123,1788822010.3827453,-0.1689435349583044,-0.09835369503595129,4.157202138240858,0.11682997799294448,-0.09767452516096443,0.06888186731582892,4.0,tracking,1,1.2,1,0,1,force_bus_tool_compensated,4,phathom_s_scan:tracking t=8.49 contact=1 vz_cmd=+1.2
916344.434076497,916344.431512281,24125,1788822010.393068,-0.30391294574684724,-0.175684456409698,3.866063847573072,0.12799383017371843,-0.06615547546691385,0.06873157711613011,4.0,tracking,1,0.9,1,0,1,force_bus_tool_compensated,4,phathom_s_scan:tracking t=8.50 contact=1 vz_cmd=+0.9
916344.444067604,916344.441464336,24127,1788822010.403022,-0.30135084251749045,-0.7663367205499975,3.808697176309771,0.09166474976822596,-0.0563334785208063,0.05818659985608393,4.0,tracking,1,1.0,1,0,1,force_bus_tool_compensated,4,phathom_s_scan:tracking t=8.51 contact=1 vz_cmd=+1.0
916344.454072117,916344.451420669,24129,1788822010.4129782,-0.19250861225350557,-0.44961663369035987,3.834380580440394,0.1148604416540369,-0.06792471887341588,0.06898864302241643,4.0,tracking,1,1.0,1,0,1,force_bus_tool_compensated,4,phathom_s_scan:tracking t=8.52 contact=1 vz_cmd=+1.0
916344.464015882,916344.461320852,24131,1788822010.4228761,-0.5262493983813556,-1.0088949454638323,3.893916194147917,0.09183532332212829,-0.05957959665506716,0.047080569105944915,4.0,tracking,1,0.8,1,0,1,force_bus_tool_compensated,4,phathom_s_scan:tracking t=8.53 contact=1 vz_cmd=+0.8
916344.474010317,916344.471519123,24133,1788822010.4330745,-0.01753527251896214,-0.7143096540526591,3.8492388685166135,0.07512253003861222,-0.08058582272644983,0.0648562415586156,4.0,tracking,1,0.7,1,0,1,force_bus_tool_compensated,4,phathom_s_scan:tracking t=8.54 contact=1 vz_cmd=+0.7
916344.484068437,916344.481508636,24135,1788822010.4430654,-0.0513675179687878,-0.19173533502332785,4.02497412516835,0.11291392018492269,-0.05953037514977725,0.06044065386227898,4.0,tracking,1,0.4,1,0,1,force_bus_tool_compensated,4,phathom_s_scan:tracking t=8.55 contact=1 vz_cmd=+0.4
916344.494057278,916344.491305675,24137,1788822010.4528594,0.10632472324005415,0.14716737262214644,3.72740452515092,0.13169465949008205,-0.08096458753959353,0.08396932732518289,4.0,tracking,1,1.0,1,0,1,force_bus_tool_compensated,4,phathom_s_scan:tracking t=8.56 contact=1 vz_cmd=+1.0
916344.503962999,916344.501701793,24139,1788822010.4632573,-0.059059190609348944,0.12305104821653279,3.7882834055233676,0.12331427498494321,-0.0734964564712894,0.07150313634291997,4.0,tracking,1,1.6,1,0,1,force_bus_tool_compensated,4,phathom_s_scan:tracking t=8.58 contact=1 vz_cmd=+1.6
916344.514004622,916344.511247921,24141,1788822010.4728057,-0.20474565507525688,0.022939594146412775,3.8729158758304414,0.11047906345606814,-0.07448206749880124,0.06325667369059086,4.0,tracking,1,1.2,1,0,1,force_bus_tool_compensated,4,phathom_s_scan:tracking t=8.58 contact=1 vz_cmd=+1.2
916344.524032556,916344.521317392,24143,1788822010.4828737,-0.10326765302932772,0.029604630800600187,3.9967135390590203,0.11211584404554079,-0.08476620337582456,0.06312824069603742,4.0,tracking,1,0.8,1,0,1,force_bus_tool_compensated,4,phathom_s_scan:tracking t=8.59 contact=1 vz_cmd=+0.8
916344.534036411,916344.53145706,24145,1788822010.4930115,-0.16098620787197926,0.14766991316683262,3.9497311581182037,0.12304584299450348,-0.07541695498464848,0.06778057207087161,4.0,tracking,1,0.5,1,0,1,force_bus_tool_compensated,4,phathom_s_scan:tracking t=8.60 contact=1 vz_cmd=+0.5
916344.544057399,916344.541286419,24147,1788822010.5028403,-0.37209637252041894,0.00034395511105001983,3.787636419685697,0.11997516788411017,-0.06724315896024098,0.07253895814387074,4.0,tracking,1,1.2,1,0,1,force_bus_tool_compensated,4,phathom_s_scan:tracking t=8.61 contact=1 vz_cmd=+1.2
916344.554070673,916344.551338624,24149,1788822010.5128963,-0.5215218268533108,-0.3033632307498797,3.8710070479404584,0.10680129776484809,-0.06336528547906839,0.06741196017312985,4.0,tracking,1,0.9,1,0,1,force_bus_tool_compensated,4,phathom_s_scan:tracking t=8.62 contact=1 vz_cmd=+0.9
916344.563961647,916344.561371626,24151,1788822010.5229287,-0.3683765416144653,-0.4024344899022094,4.029078777932471,0.10354749710889173,-0.08458171397793468,0.06073912568783786,4.0,tracking,1,0.6,1,0,1,force_bus_tool_compensated,4,phathom_s_scan:tracking t=8.63 contact=1 vz_cmd=+0.6
916344.574017047,916344.571405225,24153,1788822010.532955,-0.55710461671948,-0.5029465026936065,3.813585194409228,0.09900933369972068,-0.062030541583791524,0.060265897930935244,4.0,tracking,1,0.7,1,0,1,force_bus_tool_compensated,4,phathom_s_scan:tracking t=8.64 contact=1 vz_cmd=+0.7
916344.584097432,916344.58154224,24155,1788822010.5430992,-0.3645600467828385,-0.5983621203749048,4.00011860109917,0.11738256589087134,-0.06608845720433372,0.0608222845347438,4.0,tracking,1,0.5,1,0,1,force_bus_tool_compensated,4,phathom_s_scan:tracking t=8.66 contact=1 vz_cmd=+0.5
916344.593976358,916344.591560548,24157,1788822010.5531185,-0.2003899817944379,-0.26248063598355903,3.7542172483784015,0.10243766112958824,-0.05881667233651414,0.06779100117543035,4.0,tracking,1,0.9,1,0,1,force_bus_tool_compensated,4,phathom_s_scan:tracking t=8.66 contact=1 vz_cmd=+0.9
916344.604119305,916344.601680762,24159,1788822010.5632348,-0.148906518509494,-0.2573045378527066,3.811127400692865,0.10099438901719378,-0.07189815013996537,0.059861354660381796,4.0,tracking,1,1.3,1,0,1,force_bus_tool_compensated,4,phathom_s_scan:tracking t=8.67 contact=1 vz_cmd=+1.3
916344.614125432,916344.611353671,24161,1788822010.5729108,-0.07256369409681063,-0.18655737352325968,3.92469008347614,0.10629469742001202,-0.0788718781623471,0.0610258627817849,4.0,tracking,1,0.9,1,0,1,force_bus_tool_compensated,4,phathom_s_scan:tracking t=8.68 contact=1 vz_cmd=+0.9
916344.624096567,916344.621392463,24163,1788822010.5829496,-0.08375112714559596,0.013711337169174555,3.805759971071211,0.11706458963591303,-0.07254878252046662,0.06794447866379555,4.0,tracking,1,0.9,1,0,1,force_bus_tool_compensated,4,phathom_s_scan:tracking t=8.69 contact=1 vz_cmd=+0.9
916344.634080483,916344.631569871,24165,1788822010.5931244,-0.14258041750742456,0.1793401198933851,3.6499978512669724,0.12379996829859538,-0.06942864187929068,0.07103555146480425,4.0,tracking,1,2.5,1,0,1,force_bus_tool_compensated,4,phathom_s_scan:tracking t=8.70 contact=1 vz_cmd=+2.5
916344.644034893,916344.641551621,24167,1788822010.6031082,-0.11398543163677655,0.11916675065622429,3.855707592752476,0.11855663445888248,-0.08300332927121346,0.06533816654262631,4.0,tracking,1,2.4,1,0,1,force_bus_tool_compensated,4,phathom_s_scan:tracking t=8.72 contact=1 vz_cmd=+2.4
916344.654068098,916344.651447846,24169,1788822010.6130052,-0.17854369842363105,0.1683846742360331,3.6906558479973848,0.12107755229160623,-0.07447733865868421,0.07034115450173291,4.0,tracking,1,2.4,1,0,1,force_bus_tool_compensated,4,phathom_s_scan:tracking t=8.72 contact=1 vz_cmd=+2.4
916344.664078002,916344.661275634,24171,1788822010.622834,-0.30875694850589386,0.2478952198048191,3.6704939846343168,0.12308261024376162,-0.06716547464433434,0.06782586604057474,4.0,tracking,1,3.8,1,0,1,force_bus_tool_compensated,4,phathom_s_scan:tracking t=8.74 contact=1 vz_cmd=+3.8
916344.674061792,916344.67142781,24173,1788822010.6329846,-0.4860259573340493,0.3224747200080513,3.88577370310455,0.13018752253058916,-0.07140605634388879,0.0728189810037243,4.0,tracking,1,2.7,1,0,1,force_bus_tool_compensated,4,phathom_s_scan:tracking t=8.75 contact=1 vz_cmd=+2.7
916344.684061818,916344.681401619,24175,1788822010.6429594,-0.639994056136681,0.14764787159303305,3.8788823206926666,0.12254716767291701,-0.0734155409731084,0.07204606550256971,4.0,tracking,1,1.9,1,0,1,force_bus_tool_compensated,4,phathom_s_scan:tracking t=8.75 contact=1 vz_cmd=+1.9
916344.694014637,916344.691312314,24177,1788822010.6528697,-0.7810873255307753,-0.21915688509759437,3.6320142822814843,0.0889940226759592,-0.06441724814061449,0.06123217355366575,4.0,tracking,1,2.9,1,0,1,force_bus_tool_compensated,4,phathom_s_scan:tracking t=8.77 contact=1 vz_cmd=+2.9
916344.703999434,916344.70139584,24179,1788822010.6629531,-0.585524033379897,-0.3630464805583812,3.567762187632484,0.10594087102259948,-0.0675702539541398,0.06227122677986231,4.0,tracking,1,4.3,1,0,1,force_bus_tool_compensated,4,phathom_s_scan:tracking t=8.77 contact=1 vz_cmd=+4.3
916344.71404648,916344.711292868,24181,1788822010.67285,-0.28166653265900266,-0.257539522331374,3.6332263147728208,0.10934552750970992,-0.07677631833544903,0.0656572175828158,4.0,tracking,1,5.0,1,0,1,force_bus_tool_compensated,4,phathom_s_scan:tracking t=8.78 contact=1 vz_cmd=+5.0
916344.723998524,916344.721458811,24183,1788822010.683015,-0.05796145190975488,-0.20384888327050268,3.6870580388668395,0.10307967136489088,-0.0746128008769142,0.06053870922004867,4.0,tracking,1,4.9,1,0,1,force_bus_tool_compensated,4,phathom_s_scan:tracking t=8.79 contact=1 vz_cmd=+4.9
916344.733993555,916344.73145159,24185,1788822010.6930096,-0.08961528727067081,-0.22299205763482388,3.6701715098597747,0.10088368731765891,-0.06399018526709976,0.06101963959273393,4.0,tracking,1,4.9,1,0,1,force_bus_tool_compensated,4,phathom_s_scan:tracking t=8.80 contact=1 vz_cmd=+4.9
916344.744018357,916344.741342244,24187,1788822010.7028992,-0.050318842371272154,-0.09805727661476663,3.6728562820837993,0.1035095812842866,-0.07162619104171088,0.06429999231114424,4.0,tracking,1,5.0,1,0,1,force_bus_tool_compensated,4,phathom_s_scan:tracking t=8.82 contact=1 vz_cmd=+5.0
916344.754019552,916344.752059102,24189,1788822010.7136166,-0.11942216711264964,0.10350384276906419,3.804931522379463,0.11822682479794805,-0.07814356204773754,0.06556648939309398,4.0,tracking,1,4.3,1,0,1,force_bus_tool_compensated,4,phathom_s_scan:tracking t=8.82 contact=1 vz_cmd=+4.3
916344.764105238,916344.761373125,24191,1788822010.7229304,-0.38928664633125365,0.14739945282389563,3.771071120432513,0.11637512135498693,-0.06342686678438376,0.06522511064035508,4.0,tracking,1,3.5,1,0,1,force_bus_tool_compensated,4,phathom_s_scan:tracking t=8.83 contact=1 vz_cmd=+3.5
916344.774068736,916344.771703304,24193,1788822010.7332563,-0.26438364848647056,0.2570429167864293,3.7459165191161556,0.12595217530220754,-0.0773702897744515,0.08095879676486167,4.0,tracking,1,3.2,1,0,1,force_bus_tool_compensated,4,phathom_s_scan:tracking t=8.85 contact=1 vz_cmd=+3.2
916344.784056176,916344.781325671,24195,1788822010.7428842,-0.5509339532405784,0.057158667998008346,3.9178584811106267,0.10302804665479426,-0.06021639563624521,0.06714923092194941,4.0,tracking,1,2.3,1,0,1,force_bus_tool_compensated,4,phathom_s_scan:tracking t=8.85 contact=1 vz_cmd=+2.3
916344.79406362,916344.791373241,24197,1788822010.7529304,-0.2292715452545402,0.2050666635998449,3.8746532168484005,0.12162807222759466,-0.0892304565637591,0.07184547537811103,4.0,tracking,1,1.6,1,0,1,force_bus_tool_compensated,4,phathom_s_scan:tracking t=8.86 contact=1 vz_cmd=+1.6
916344.804067608,916344.801521109,24199,1788822010.763076,-0.412927606661186,0.34924339932808046,4.107429340507114,0.14066877743635428,-0.0789685310788454,0.085980958249051,4.0,tracking,1,1.1,1,0,1,force_bus_tool_compensated,4,phathom_s_scan:tracking t=8.88 contact=1 vz_cmd=+1.1
916344.814056639,916344.811263613,24201,1788822010.7728205,-0.349549230751274,0.09204757800751688,4.204873185286131,0.1317685065259226,-0.07328128767950844,0.06345616623696715,4.0,tracking,1,0.3,1,0,1,force_bus_tool_compensated,4,phathom_s_scan:tracking t=8.88 contact=1 vz_cmd=+0.3
916344.824068402,916344.82128762,24203,1788822010.782845,-0.3479042121863558,-0.2785439414628517,3.748709990363566,0.10040840879587082,-0.05200390802527124,0.06963146154707796,4.0,tracking,1,0.7,1,0,1,force_bus_tool_compensated,4,phathom_s_scan:tracking t=8.89 contact=1 vz_cmd=+0.7
916344.834067194,916344.831527938,24205,1788822010.7930803,-0.38535723024376134,-0.4129474167980452,3.689521818723728,0.10999901205617602,-0.049616163499391255,0.06204539562575985,4.0,tracking,1,1.9,1,0,1,force_bus_tool_compensated,4,phathom_s_scan:tracking t=8.90 contact=1 vz_cmd=+1.9
916344.844067025,916344.841268656,24207,1788822010.8028262,-0.28278626174762067,-0.6077940391838762,4.0816765166122,0.11621683236929325,-0.07570706135771704,0.05573513142008713,4.0,tracking,1,1.3,1,0,1,force_bus_tool_compensated,4,phathom_s_scan:tracking t=8.91 contact=1 vz_cmd=+1.3
916344.85406482,916344.851441999,24209,1788822010.8129995,-0.498195812452499,-0.8606803400637859,3.826612244467858,0.07482226246640067,-0.05722054528142492,0.059189504792915924,4.0,tracking,1,1.1,1,0,1,force_bus_tool_compensated,4,phathom_s_scan:tracking t=8.92 contact=1 vz_cmd=+1.1
916344.864099241,916344.861378265,24211,1788822010.8229318,-0.27894188485244475,-0.6177340328253901,3.395726696840697,0.05948938967387247,-0.06273548225665027,0.0479227664113373,4.0,tracking,1,3.8,1,0,1,force_bus_tool_compensated,4,phathom_s_scan:tracking t=8.93 contact=1 vz_cmd=+3.8
916344.874094512,916344.871571345,24213,1788822010.8331287,0.1306334515037053,0.0208118599212088,4.07928338564767,0.11034562691539482,-0.10165511307404629,0.06170200200279618,4.0,tracking,1,3.1,1,0,1,force_bus_tool_compensated,4,phathom_s_scan:tracking t=8.95 contact=1 vz_cmd=+3.1
916344.884059581,916344.881307,24215,1788822010.8428648,-0.015063835998667896,0.16022151677289873,3.996230304469516,0.1276094801197757,-0.0765096603409054,0.06382455818641788,4.0,tracking,1,2.1,1,0,1,force_bus_tool_compensated,4,phathom_s_scan:tracking t=8.95 contact=1 vz_cmd=+2.1
916344.894009896,916344.891606471,24217,1788822010.8531606,-0.28170226203467363,-0.024078436223904858,3.479972293513895,0.10837649937966135,-0.05855602767690089,0.07088280610615871,4.0,tracking,1,3.9,1,0,1,force_bus_tool_compensated,4,phathom_s_scan:tracking t=8.96 contact=1 vz_cmd=+3.9
916344.904060061,916344.901785461,24219,1788822010.863343,-0.004775566136347109,0.12395586505187807,3.824411454023651,0.121385637488679,-0.08616033197881588,0.07263784154583124,4.0,tracking,1,3.6,1,0,1,force_bus_tool_compensated,4,phathom_s_scan:tracking t=8.98 contact=1 vz_cmd=+3.6
916344.914045825,916344.911316396,24221,1788822010.8728685,0.10498431807502895,0.30421455664422653,3.896693090295351,0.1419038358686666,-0.0911146205713517,0.0793207944056924,4.0,tracking,1,2.4,1,0,1,force_bus_tool_compensated,4,phathom_s_scan:tracking t=8.98 contact=1 vz_cmd=+2.4
916344.924006229,916344.921467931,24223,1788822010.8830225,-0.20070971997190967,0.191324511850518,3.5733469978723424,0.13450865983940635,-0.058967260142615927,0.07264547684326543,4.0,tracking,1,3.5,1,0,1,force_bus_tool_compensated,4,phathom_s_scan:tracking t=8.99 contact=1 vz_cmd=+3.5
916344.934100198,916344.931475183,24225,1788822010.8930326,-0.2557721754863569,-0.03780564053817903,3.8205426383784777,0.13231463616088496,-0.06422487493549744,0.06993901205212127,4.0,tracking,1,4.2,1,0,1,force_bus_tool_compensated,4,phathom_s_scan:tracking t=9.01 contact=1 vz_cmd=+4.2
916344.944107996,916344.941297678,24227,1788822010.9028552,-0.0600662935053764,-0.07424394475922791,4.099412665793487,0.12268693001042834,-0.07425773207373597,0.06387474667595543,4.0,tracking,1,2.7,1,0,1,force_bus_tool_compensated,4,phathom_s_scan:tracking t=9.01 contact=1 vz_cmd=+2.7
916344.954104114,916344.951428404,24229,1788822010.9129875,0.036471090375041815,-0.015978180497432486,3.8300354452969962,0.11870756979844742,-0.05700476410892457,0.06696051873270431,4.0,tracking,1,2.0,1,0,1,force_bus_tool_compensated,4,phathom_s_scan:tracking t=9.02 contact=1 vz_cmd=+2.0
916344.96401384,916344.961230805,24231,1788822010.922788,-0.12891216886205603,-0.1135815317888059,3.7108985665726584,0.11338883310602331,-0.03854554601844704,0.06410416555754073,4.0,tracking,1,3.0,1,0,1,force_bus_tool_compensated,4,phathom_s_scan:tracking t=9.03 contact=1 vz_cmd=+3.0
916344.974113087,916344.971393034,24233,1788822010.9329486,-0.17729881645583645,-0.32679718956095255,3.968541868257926,0.11072438792013631,-0.054308683821505194,0.06262176706950956,4.0,tracking,1,2.2,1,0,1,force_bus_tool_compensated,4,phathom_s_scan:tracking t=9.04 contact=1 vz_cmd=+2.2
916344.984074593,916344.981409385,24235,1788822010.942967,-0.2644884290600482,-0.6646118013856618,4.059914568400013,0.10944648517094221,-0.06139598577466214,0.05679275854288436,4.0,tracking,1,1.4,1,0,1,force_bus_tool_compensated,4,phathom_s_scan:tracking t=9.06 contact=1 vz_cmd=+1.4
916344.99401647,916344.991685868,24237,1788822010.953242,-0.41723029057996963,-0.7717328146003752,3.9191041017205537,0.09491549122850854,-0.048290722256549,0.06347538870243033,4.0,tracking,1,1.0,1,0,1,force_bus_tool_compensated,4,phathom_s_scan:tracking t=9.06 contact=1 vz_cmd=+1.0
916345.00409289,916345.002207227,24239,1788822010.9637582,-0.2508417168081787,-0.2933936439557916,4.005001555573244,0.10559496568408532,-0.05948860427537413,0.06737669750729798,4.0,tracking,1,0.7,1,0,1,force_bus_tool_compensated,4,phathom_s_scan:tracking t=9.07 contact=1 vz_cmd=+0.7
916345.014020698,916345.011408699,24241,1788822010.9729648,-0.0036544182100364253,0.025309757227064147,4.2257621315832585,0.12002034028981698,-0.07801034652321913,0.06946890507758553,4.0,tracking,1,-0.4,1,0,1,force_bus_tool_compensated,4,phathom_s_scan:tracking t=9.08 contact=1 vz_cmd=-0.4
916345.023961899,916345.021424856,24243,1788822010.9829805,-0.4693226828264998,-0.10864653897562421,3.796982753732319,0.11777250417072424,-0.029486084182454353,0.06149232519487748,4.0,tracking,1,0.0,1,0,1,force_bus_tool_compensated,4,phathom_s_scan:tracking t=9.10 contact=1 vz_cmd=+0.0
916345.033974328,916345.031531882,24245,1788822010.9930851,-0.2877162328688332,0.08543573610225068,3.8284782160082296,0.12195221991040259,-0.06346698353116036,0.0740366522037125,4.0,tracking,1,0.5,1,0,1,force_bus_tool_compensated,4,phathom_s_scan:tracking t=9.10 contact=1 vz_cmd=+0.5
916345.043997632,916345.041457007,24247,1788822011.0030136,-0.5025562902530083,-0.10614613330816552,4.285922265451557,0.11232427904485584,-0.06190668969744611,0.0708532074347873,4.0,tracking,1,-0.4,1,0,1,force_bus_tool_compensated,4,phathom_s_scan:tracking t=9.11 contact=1 vz_cmd=-0.4
916345.054008882,916345.051381533,24249,1788822011.012939,-0.0538511630052545,0.007519252937276399,4.254255381106315,0.1290236515663599,-0.08351467108640215,0.06178776192961017,4.0,tracking,1,-1.4,1,0,1,force_bus_tool_compensated,4,phathom_s_scan:tracking t=9.12 contact=1 vz_cmd=-1.4
916345.06397463,916345.061515557,24251,1788822011.02307,-0.4884376187360282,-0.36348914318717396,3.79485893867657,0.10830401243753854,-0.04142423847316771,0.06907774693667121,4.0,tracking,1,-0.6,1,0,1,force_bus_tool_compensated,4,phathom_s_scan:tracking t=9.13 contact=1 vz_cmd=-0.6
916345.074007196,916345.071609363,24253,1788822011.0331602,-0.46394276085722685,-0.5760812165861575,3.948040363814707,0.10363766840762949,-0.049773164166299684,0.06521554876750757,4.0,tracking,1,-0.3,1,0,1,force_bus_tool_compensated,4,phathom_s_scan:tracking t=9.14 contact=1 vz_cmd=-0.3
916345.084068881,916345.081618324,24255,1788822011.0431733,-0.2939558977895005,-0.6335701556279356,4.081737943670401,0.09636721988375666,-0.05242452871592964,0.059401464006917176,4.0,tracking,1,-0.2,1,0,1,force_bus_tool_compensated,4,phathom_s_scan:tracking t=9.15 contact=1 vz_cmd=-0.2
916345.093967173,916345.091719095,24257,1788822011.053271,-0.20944471740233772,-0.5025105325126586,3.902030840751113,0.09201675755072275,-0.050703912471688393,0.05729252914907734,4.0,tracking,1,-0.1,1,0,1,force_bus_tool_compensated,4,phathom_s_scan:tracking t=9.16 contact=1 vz_cmd=-0.1
916345.103972629,916345.101906079,24259,1788822011.0634599,-0.2109675252791403,-0.3623845852040066,3.795748297348479,0.09690529135609648,-0.055587786378741115,0.05918466239615452,4.0,tracking,1,0.9,1,0,1,force_bus_tool_compensated,4,phathom_s_scan:tracking t=9.17 contact=1 vz_cmd=+0.9
916345.113975788,916345.111357028,24261,1788822011.0729134,-0.03444017497454244,-0.23782361787049267,3.967111818804998,0.10271349581055475,-0.06800777253889778,0.06268825205026145,4.0,tracking,1,0.6,1,0,1,force_bus_tool_compensated,4,phathom_s_scan:tracking t=9.18 contact=1 vz_cmd=+0.6
916345.123958677,916345.122012435,24263,1788822011.0835612,-0.06634239493119587,-0.14579188267928744,3.9795755111881492,0.11368790321740306,-0.06308185820417561,0.06800031167795173,4.0,tracking,1,0.4,1,0,1,force_bus_tool_compensated,4,phathom_s_scan:tracking t=9.20 contact=1 vz_cmd=+0.4
916345.133957309,916345.131822086,24265,1788822011.093374,-0.2547620007617546,-0.06356198431769883,3.8738689895370593,0.11432463184837044,-0.05405975733066129,0.06545820487225121,4.0,tracking,1,0.3,1,0,1,force_bus_tool_compensated,4,phathom_s_scan:tracking t=9.20 contact=1 vz_cmd=+0.3
916345.144014923,916345.141406456,24267,1788822011.102964,0.10696823608630623,-0.12561948919217475,4.111080258564177,0.11856561991196976,-0.08424790753655993,0.0655757114985365,4.0,tracking,1,0.2,1,0,1,force_bus_tool_compensated,4,phathom_s_scan:tracking t=9.21 contact=1 vz_cmd=+0.2
916345.153978787,916345.151606034,24269,1788822011.1131628,-0.044536397976477016,0.3366024372117098,3.937646267714073,0.1479319355248278,-0.070714503209553,0.07949455574560323,4.0,tracking,1,0.1,1,0,1,force_bus_tool_compensated,4,phathom_s_scan:tracking t=9.22 contact=1 vz_cmd=+0.1
916345.163954115,916345.161263958,24271,1788822011.1228216,-0.44589949750234403,-0.10587024769902381,3.837571898694965,0.12933072852507338,-0.05173414316710663,0.07316351016121693,4.0,tracking,1,0.3,1,0,1,force_bus_tool_compensated,4,phathom_s_scan:tracking t=9.23 contact=1 vz_cmd=+0.3
916345.173960369,916345.171557914,24273,1788822011.1331146,-0.5735690062968386,-0.5665392900264141,3.9308389855838595,0.10484372333940063,-0.04697081089750601,0.06377490238552255,4.0,tracking,1,0.5,1,0,1,force_bus_tool_compensated,4,phathom_s_scan:tracking t=9.24 contact=1 vz_cmd=+0.5
916345.183957234,916345.181542188,24275,1788822011.1431003,-0.4581342173605987,-0.6260996929873343,3.9548780858157255,0.09516458432185623,-0.04961520610173071,0.05860329042593887,4.0,tracking,1,0.3,1,0,1,force_bus_tool_compensated,4,phathom_s_scan:tracking t=9.25 contact=1 vz_cmd=+0.3
916345.193993667,916345.191429574,24277,1788822011.152986,-0.5491194136091611,-0.6163145313485442,3.9523850426631038,0.11016373628534223,-0.04047017644000611,0.06784660548684877,4.0,tracking,1,0.5,1,0,1,force_bus_tool_compensated,4,phathom_s_scan:tracking t=9.26 contact=1 vz_cmd=+0.5
916345.203964072,916345.202032023,24279,1788822011.1635876,-0.3295040652452321,-0.49770488446354966,4.192165796356733,0.11392412534136262,-0.054299330052258774,0.07251176869128242,4.0,tracking,1,-0.0,1,0,1,force_bus_tool_compensated,4,phathom_s_scan:tracking t=9.27 contact=1 vz_cmd=-0.0
916345.213985798,916345.211185355,24281,1788822011.1727428,-0.35334080020480596,-0.46962238038044063,4.07186018958015,0.10049156899169141,-0.02973287082005443,0.061779669742245524,4.0,tracking,1,-0.1,1,0,1,force_bus_tool_compensated,4,phathom_s_scan:tracking t=9.28 contact=1 vz_cmd=-0.1
916345.223981086,916345.221574138,24283,1788822011.1831303,-0.22687167974778322,-0.02455995945327883,4.046038539583958,0.12416851238264541,-0.045216000953564456,0.0689374188427142,4.0,tracking,1,-0.1,1,0,1,force_bus_tool_compensated,4,phathom_s_scan:tracking t=9.29 contact=1 vz_cmd=-0.1
916345.233988027,916345.231607175,24285,1788822011.1931622,0.037089881284047665,0.2595221417532369,3.9645785816989285,0.13481241111774594,-0.0723505789832726,0.07699148116994245,4.0,tracking,1,-0.0,1,0,1,force_bus_tool_compensated,4,phathom_s_scan:tracking t=9.30 contact=1 vz_cmd=-0.0
916345.243964067,916345.241325973,24287,1788822011.2028844,-0.104624942152024,0.1000383031199979,3.9042517829723806,0.12376472322389356,-0.06555792876757567,0.07737403139442332,4.0,tracking,1,-0.0,1,0,1,force_bus_tool_compensated,4,phathom_s_scan:tracking t=9.31 contact=1 vz_cmd=-0.0
916345.253985931,916345.251734646,24289,1788822011.213292,-0.2874892733851091,0.012174936743003871,3.791389799231312,0.11819433452397834,-0.05041351917989967,0.07131315077609006,4.0,tracking,1,0.5,1,0,1,force_bus_tool_compensated,4,phathom_s_scan:tracking t=9.32 contact=1 vz_cmd=+0.5
916345.263963578,916345.261618931,24291,1788822011.2231734,-0.32164032358063643,0.13029520810830703,3.730285121179283,0.11904305068341892,-0.05033404903876623,0.07170418583612817,4.0,tracking,1,1.4,1,0,1,force_bus_tool_compensated,4,phathom_s_scan:tracking t=9.33 contact=1 vz_cmd=+1.4
916345.27398043,916345.271327338,24293,1788822011.2328827,-0.5637776845590028,0.2411127418692105,3.848058786058947,0.13609935944623106,-0.04562458174806866,0.08065945054503476,4.0,tracking,1,1.7,1,0,1,force_bus_tool_compensated,4,phathom_s_scan:tracking t=9.34 contact=1 vz_cmd=+1.7
916345.28399189,916345.281494207,24295,1788822011.243051,-0.8154906715042431,0.14417391877139196,4.0687898483788905,0.1421459954983832,-0.04485952208438437,0.07911524389459207,4.0,tracking,1,1.1,1,0,1,force_bus_tool_compensated,4,phathom_s_scan:tracking t=9.35 contact=1 vz_cmd=+1.1
916345.293958482,916345.291915607,24297,1788822011.25347,-0.8862950592268442,-0.03867633013958121,3.980830404415774,0.1272648172235831,-0.04018900988100254,0.0769449755941477,4.0,tracking,1,0.7,1,0,1,force_bus_tool_compensated,4,phathom_s_scan:tracking t=9.36 contact=1 vz_cmd=+0.7
916345.303978531,916345.301831713,24299,1788822011.263388,-1.0207677377286375,-0.2052863691880039,3.881202477021229,0.11147271859711137,-0.037038939421632534,0.07248025286549861,4.0,tracking,1,0.6,1,0,1,force_bus_tool_compensated,4,phathom_s_scan:tracking t=9.37 contact=1 vz_cmd=+0.6
916345.313975412,916345.311309619,24301,1788822011.2728662,-0.8362467124417925,-0.2684133402823635,3.9620186352492706,0.11831070515902026,-0.046332282113637414,0.06629777874770858,4.0,tracking,1,0.4,1,0,1,force_bus_tool_compensated,4,phathom_s_scan:tracking t=9.38 contact=1 vz_cmd=+0.4
916345.323974922,916345.321228434,24303,1788822011.2827864,-0.8896207603445234,-0.29330631363153215,3.790584814642739,0.12070101947970369,-0.03183671306278053,0.07515707638279283,4.0,tracking,1,0.7,1,0,1,force_bus_tool_compensated,4,phathom_s_scan:tracking t=9.39 contact=1 vz_cmd=+0.7
916345.333977283,916345.331428827,24305,1788822011.2929862,-0.6738799838781528,-0.6911715758204926,3.801718099069415,0.09293065523047697,-0.053455126726813205,0.05521662763845125,4.0,tracking,1,1.0,1,0,1,force_bus_tool_compensated,4,phathom_s_scan:tracking t=9.40 contact=1 vz_cmd=+1.0
916345.34399059,916345.341581609,24307,1788822011.3031378,-0.7989711807968336,-1.148647093135683,3.759081077218398,0.06169825917152972,-0.017873803695275484,0.04647014519665143,4.0,tracking,1,1.5,1,0,1,force_bus_tool_compensated,4,phathom_s_scan:tracking t=9.41 contact=1 vz_cmd=+1.5
916345.353960571,916345.35170996,24309,1788822011.313266,-0.2988454629491626,-0.4139652825020039,3.6662094447853795,0.07191443901551425,-0.030466393831220673,0.05704860274537031,4.0,tracking,1,2.5,1,0,1,force_bus_tool_compensated,4,phathom_s_scan:tracking t=9.42 contact=1 vz_cmd=+2.5
916345.363985552,916345.361380188,24311,1788822011.3229375,-0.28646054128942455,0.13726009459539118,3.675973824352335,0.11672262307858594,-0.0333381181846126,0.07137059569329797,4.0,tracking,1,3.3,1,0,1,force_bus_tool_compensated,4,phathom_s_scan:tracking t=9.43 contact=1 vz_cmd=+3.3
916345.37398837,916345.371553188,24313,1788822011.3331091,-0.16219506111248916,0.19361907280559829,3.8163429567397684,0.12613810134287456,-0.05734009844104546,0.0686655248398255,4.0,tracking,1,2.9,1,0,1,force_bus_tool_compensated,4,phathom_s_scan:tracking t=9.44 contact=1 vz_cmd=+2.9
916345.383986638,916345.381542903,24315,1788822011.343101,-0.314310700311367,0.21106350191102718,3.902830753535788,0.12537856894170016,-0.05582868159002826,0.07684776260876432,4.0,tracking,1,2.1,1,0,1,force_bus_tool_compensated,4,phathom_s_scan:tracking t=9.45 contact=1 vz_cmd=+2.1
916345.393987368,916345.391720553,24317,1788822011.3532739,-0.21339584507990184,0.09446680899677833,3.7791981639078998,0.1224494284634069,-0.053726404905567175,0.08060159109072479,4.0,tracking,1,1.8,1,0,1,force_bus_tool_compensated,4,phathom_s_scan:tracking t=9.46 contact=1 vz_cmd=+1.8
916345.403984707,916345.401621903,24319,1788822011.3631783,-0.21743698858000515,0.30680347058501567,3.764667480009091,0.14245074974874752,-0.04925632561787235,0.08498923734043183,4.0,tracking,1,2.5,1,0,1,force_bus_tool_compensated,4,phathom_s_scan:tracking t=9.47 contact=1 vz_cmd=+2.5
916345.413959939,916345.411908377,24321,1788822011.373465,-0.353489277642673,0.4039133279901635,3.7193877789157708,0.15240918740277745,-0.04759694033164845,0.08472998578545876,4.0,tracking,1,2.4,1,0,1,force_bus_tool_compensated,4,phathom_s_scan:tracking t=9.48 contact=1 vz_cmd=+2.4
916345.42398446,916345.421492894,24323,1788822011.3830469,-0.4138439431962009,-0.09089375963919384,3.842768681978654,0.10440956764607552,-0.04280775607593606,0.05736673950171474,4.0,tracking,1,2.5,1,0,1,force_bus_tool_compensated,4,phathom_s_scan:tracking t=9.49 contact=1 vz_cmd=+2.5
916345.433979145,916345.431729836,24325,1788822011.3932834,-0.366080496238534,-0.1726605618550998,3.898069681225209,0.10391094200118622,-0.047311933963833396,0.05944099353156304,4.0,tracking,1,1.7,1,0,1,force_bus_tool_compensated,4,phathom_s_scan:tracking t=9.50 contact=1 vz_cmd=+1.7
916345.443956239,916345.441658283,24327,1788822011.4032156,-0.3202642340609354,-0.5110405379665056,3.916957340488137,0.09225997730634233,-0.037327398574638015,0.05463784377191054,4.0,tracking,1,1.1,1,0,1,force_bus_tool_compensated,4,phathom_s_scan:tracking t=9.51 contact=1 vz_cmd=+1.1
916345.453977543,916345.45150936,24329,1788822011.4130669,-0.2143681401009354,-0.6081965722824602,3.8567200657430183,0.09967326897950896,-0.026876749086046252,0.06158384294140679,4.0,tracking,1,0.9,1,0,1,force_bus_tool_compensated,4,phathom_s_scan:tracking t=9.52 contact=1 vz_cmd=+0.9
916345.463964331,916345.461524137,24331,1788822011.42308,-0.10063493668713264,-0.5352151972244352,4.076185601332199,0.11840646475637714,-0.0411311262061364,0.07329297399311357,4.0,tracking,1,0.8,1,0,1,force_bus_tool_compensated,4,phathom_s_scan:tracking t=9.53 contact=1 vz_cmd=+0.8
916345.473967735,916345.471773439,24333,1788822011.433329,-0.32144373594568165,-0.8762995626586004,4.139220793697163,0.11188658802861386,-0.03281520897946147,0.06611612688723155,4.0,tracking,1,-0.4,1,0,1,force_bus_tool_compensated,4,phathom_s_scan:tracking t=9.54 contact=1 vz_cmd=-0.4
916345.483962013,916345.481575649,24335,1788822011.4431324,-0.3795602135977525,-1.082551492506696,3.973471646287458,0.07307012326437315,-0.029759616009010486,0.05012805846370841,4.0,tracking,1,-0.2,1,0,1,force_bus_tool_compensated,4,phathom_s_scan:tracking t=9.55 contact=1 vz_cmd=-0.2
916345.494006483,916345.491638138,24337,1788822011.4531934,-0.30574843980901845,-0.5841007679338831,4.2225863218760455,0.08048008428865139,-0.04073814048888529,0.06310245490428644,4.0,tracking,1,-0.6,1,0,1,force_bus_tool_compensated,4,phathom_s_scan:tracking t=9.56 contact=1 vz_cmd=-0.6
916345.503995824,916345.501652927,24339,1788822011.4632099,-0.463916011461768,-0.8836525959078898,4.165782917731524,0.06679075805714445,-0.024985224959451685,0.05095116878358262,4.0,tracking,1,-0.8,1,0,1,force_bus_tool_compensated,4,phathom_s_scan:tracking t=9.57 contact=1 vz_cmd=-0.8
916345.513957338,916345.511695639,24341,1788822011.4732485,-0.021922426968300268,0.3570207321397326,4.076419525793642,0.14330372873793337,-0.046509336594438754,0.07641463227421497,4.0,tracking,1,-0.7,1,0,1,force_bus_tool_compensated,4,phathom_s_scan:tracking t=9.58 contact=1 vz_cmd=-0.7
916345.523969353,916345.52145894,24343,1788822011.483015,-0.10307609489234526,0.25149894367524434,4.149720529139124,0.14068740385797202,-0.048225081849170646,0.07750896501493332,4.0,tracking,1,-0.6,1,0,1,force_bus_tool_compensated,4,phathom_s_scan:tracking t=9.59 contact=1 vz_cmd=-0.6
916345.533957874,916345.531493597,24345,1788822011.4930506,-0.21833946074788546,-0.19298153635239065,4.303838374304398,0.11716412938706688,-0.04488573598064871,0.07494010526539943,4.0,tracking,1,-2.1,1,0,1,force_bus_tool_compensated,4,phathom_s_scan:tracking t=9.60 contact=1 vz_cmd=-2.1
916345.543970295,916345.541489306,24347,1788822011.5030465,-0.1399412209257016,-0.10651516408152846,4.125778454268618,0.1153253996300776,-0.04707509376372395,0.06694907774040756,4.0,tracking,1,-1.8,1,0,1,force_bus_tool_compensated,4,phathom_s_scan:tracking t=9.61 contact=1 vz_cmd=-1.8
916345.553976122,916345.551558947,24349,1788822011.5131166,-0.04497372681040934,0.010564786968998999,4.167381655028619,0.13643142462624328,-0.045293733837160746,0.07605043237870535,4.0,tracking,1,-1.4,1,0,1,force_bus_tool_compensated,4,phathom_s_scan:tracking t=9.62 contact=1 vz_cmd=-1.4
916345.563958414,916345.561316303,24351,1788822011.5228734,0.11643640660237464,-0.25872665723512955,4.200920648811978,0.13518921473531198,-0.04334985399681833,0.08016562910688282,4.0,tracking,1,-2.0,1,0,1,force_bus_tool_compensated,4,phathom_s_scan:tracking t=9.63 contact=1 vz_cmd=-2.0
916345.573975652,916345.57156058,24353,1788822011.5331175,0.16097427354908955,-0.568710019553414,3.9459424439358854,0.10792216345225734,-0.02930450398024778,0.062024998756702754,4.0,tracking,1,-1.3,1,0,1,force_bus_tool_compensated,4,phathom_s_scan:tracking t=9.64 contact=1 vz_cmd=-1.3
916345.583954197,916345.581581207,24355,1788822011.543138,0.11647570209218361,-0.8715327157480282,3.9283074722603093,0.09033864174124484,-0.02833684518478,0.06334725659295745,4.0,tracking,1,-0.8,1,0,1,force_bus_tool_compensated,4,phathom_s_scan:tracking t=9.65 contact=1 vz_cmd=-0.8
916345.59397759,916345.591616424,24357,1788822011.5531626,-0.06099896812389205,-1.1082066237139219,3.9707720642705198,0.0726425809228003,-0.030496727104495237,0.058446335307779956,4.0,tracking,1,-0.5,1,0,1,force_bus_tool_compensated,4,phathom_s_scan:tracking t=9.66 contact=1 vz_cmd=-0.5
916345.603983384,916345.602287411,24359,1788822011.5638402,-0.06736878997445217,-0.8298441313957575,4.002561095340262,0.06995704886903135,-0.033475790107858776,0.04802167883973396,4.0,tracking,1,-0.3,1,0,1,force_bus_tool_compensated,4,phathom_s_scan:tracking t=9.67 contact=1 vz_cmd=-0.3
916345.613957085,916345.611803775,24361,1788822011.5733614,0.05058422534277596,0.14807475160779038,4.083913330333804,0.13154228413136768,-0.034907259688703465,0.07346893583766528,4.0,tracking,1,-0.3,1,0,1,force_bus_tool_compensated,4,phathom_s_scan:tracking t=9.68 contact=1 vz_cmd=-0.3
916345.623998864,916345.621469416,24363,1788822011.5830262,-0.07382122031784144,0.178737247334567,3.7790985981665637,0.11455987082703112,-0.025958383775115106,0.05902650089908419,4.0,tracking,1,0.2,1,0,1,force_bus_tool_compensated,4,phathom_s_scan:tracking t=9.69 contact=1 vz_cmd=+0.2
916345.633992079,916345.631583018,24365,1788822011.5931396,-0.22647072881311958,-0.0365959681109051,3.6771443114377353,0.11566009883733824,-0.02013756225880295,0.08186556727196743,4.0,tracking,1,1.6,1,0,1,force_bus_tool_compensated,4,phathom_s_scan:tracking t=9.70 contact=1 vz_cmd=+1.6
916345.6439677,916345.641588948,24367,1788822011.6031454,0.22505288204379492,-0.04331477553865565,3.728570766336561,0.10546374470614586,-0.05698265584085891,0.07276042827456683,4.0,tracking,1,2.3,1,0,1,force_bus_tool_compensated,4,phathom_s_scan:tracking t=9.71 contact=1 vz_cmd=+2.3
916345.65399302,916345.651679161,24369,1788822011.613236,-0.20413807412002183,-0.0321567853581943,4.019899006582993,0.11464390491433998,-0.036726330265321065,0.08781805074894651,4.0,tracking,1,1.6,1,0,1,force_bus_tool_compensated,4,phathom_s_scan:tracking t=9.72 contact=1 vz_cmd=+1.6
916345.663970916,916345.661688029,24371,1788822011.6232438,0.10729424004848376,0.07094478181844228,3.8277522409496267,0.13180803417807696,-0.04391696984758183,0.06147301554072842,4.0,tracking,1,1.3,1,0,1,force_bus_tool_compensated,4,phathom_s_scan:tracking t=9.73 contact=1 vz_cmd=+1.3
916345.673997401,916345.671796139,24373,1788822011.6333523,-0.039927847255072146,0.4542917426135818,3.7260023218303213,0.14839994381806124,-0.040072620978768965,0.0880871820140122,4.0,tracking,1,1.9,1,0,1,force_bus_tool_compensated,4,phathom_s_scan:tracking t=9.74 contact=1 vz_cmd=+1.9
916345.683987922,916345.681633737,24375,1788822011.6431892,-0.32383270412468,-0.32351099217464907,3.6060548994478676,0.10125632286454975,-0.016826010381852167,0.07082232310088746,4.0,tracking,1,3.3,1,0,1,force_bus_tool_compensated,4,phathom_s_scan:tracking t=9.75 contact=1 vz_cmd=+3.3
916345.693995157,916345.691828559,24377,1788822011.6533837,-0.22642959875976,-0.5362552526878761,3.890500586948538,0.1117458250561256,-0.03343330747437857,0.06859521960647252,4.0,tracking,1,2.6,1,0,1,force_bus_tool_compensated,4,phathom_s_scan:tracking t=9.76 contact=1 vz_cmd=+2.6
916345.703986003,916345.701574301,24379,1788822011.6631317,-0.8032679785440471,-0.4783040448071635,3.6704649517144836,0.12486063191822906,0.013271647177712592,0.08693724437318462,4.0,tracking,1,2.9,1,0,1,force_bus_tool_compensated,4,phathom_s_scan:tracking t=9.77 contact=1 vz_cmd=+2.9
916345.713961077,916345.711566191,24381,1788822011.673119,-0.058816892733313475,-0.6464862788305352,3.9612061321560077,0.11680963961772528,-0.05313839029270797,0.06781946771412879,4.0,tracking,1,2.2,1,0,1,force_bus_tool_compensated,4,phathom_s_scan:tracking t=9.78 contact=1 vz_cmd=+2.2
916345.723980107,916345.721339728,24383,1788822011.682897,-0.3107279030287373,-0.20388273322547423,3.700952502495468,0.08978352497660616,-0.031818488315699216,0.07792053601779235,4.0,tracking,1,2.4,1,0,1,force_bus_tool_compensated,4,phathom_s_scan:tracking t=9.79 contact=1 vz_cmd=+2.4
916345.733985376,916345.731954392,24385,1788822011.6935108,-0.2840887243153247,-0.28319535814850755,3.4613633591164463,0.10643196405989307,-0.010093842326400175,0.06444513252055743,4.0,tracking,1,4.5,1,0,1,force_bus_tool_compensated,4,phathom_s_scan:tracking t=9.81 contact=1 vz_cmd=+4.5
916345.743961698,916345.741732999,24387,1788822011.7032895,-0.29330990571044935,0.2171384100686899,3.5777886167674673,0.13029900293781643,-0.01561285078275765,0.07061150947184516,4.0,tracking,1,5.7,1,0,1,force_bus_tool_compensated,4,phathom_s_scan:tracking t=9.81 contact=1 vz_cmd=+5.7
916345.753978615,916345.751794743,24389,1788822011.713353,0.18330495229899313,0.4831265311729507,3.8873944918373096,0.14669465184205077,-0.049519080097100716,0.08248180181842144,4.0,tracking,1,4.3,1,0,1,force_bus_tool_compensated,4,phathom_s_scan:tracking t=9.82 contact=1 vz_cmd=+4.3
916345.763993442,916345.761789704,24391,1788822011.7233424,-0.3362022574310677,-0.08321780872061656,3.370032331005792,0.10197885900094436,-0.01987689109082338,0.06031798143652828,4.0,tracking,1,5.5,1,0,1,force_bus_tool_compensated,4,phathom_s_scan:tracking t=9.83 contact=1 vz_cmd=+5.5
916345.773994119,916345.771514056,24393,1788822011.7330709,0.11801647664611004,-0.01312065016988483,3.8367640169962423,0.11495833018101313,-0.06303055171102734,0.08003759309390557,4.0,tracking,1,5.1,1,0,1,force_bus_tool_compensated,4,phathom_s_scan:tracking t=9.84 contact=1 vz_cmd=+5.1
916345.783963431,916345.78145775,24395,1788822011.743012,0.14739439849317315,0.08191287700514739,4.2201934585417,0.13239207584080043,-0.052024859775672616,0.07781515226529545,4.0,tracking,1,3.0,1,0,1,force_bus_tool_compensated,4,phathom_s_scan:tracking t=9.85 contact=1 vz_cmd=+3.0
916345.793968699,916345.791382037,24397,1788822011.7529387,0.3561698791848018,0.4509855944282022,3.5888010918508226,0.1550682057833164,-0.0431751363677793,0.08158013295489472,4.0,tracking,1,2.9,1,0,1,force_bus_tool_compensated,4,phathom_s_scan:tracking t=9.86 contact=1 vz_cmd=+2.9
916345.803994163,916345.801778817,24399,1788822011.7633348,-0.08048390651071169,-0.29534050708029436,3.8183218640030168,0.10976204498822253,-0.0034942777351641466,0.0681175650860664,4.0,tracking,1,2.9,1,0,1,force_bus_tool_compensated,4,phathom_s_scan:tracking t=9.87 contact=1 vz_cmd=+2.9
916345.81396101,916345.811375574,24401,1788822011.7729318,0.07438974368430196,-0.37454065923296814,3.804935612530083,0.09592557650202112,-0.01443599714663039,0.05192030179130988,4.0,tracking,1,2.4,1,0,1,force_bus_tool_compensated,4,phathom_s_scan:tracking t=9.88 contact=1 vz_cmd=+2.4
916345.823992845,916345.82149355,24403,1788822011.7830505,0.06078446489031175,-0.7853462762019786,4.0813992307712335,0.09136934177325971,-0.01941359348533155,0.07114327177925575,4.0,tracking,1,1.6,1,0,1,force_bus_tool_compensated,4,phathom_s_scan:tracking t=9.90 contact=1 vz_cmd=+1.6
916345.833966849,916345.831716833,24405,1788822011.7932715,0.17523731085288707,-0.8476809445801432,4.123798670234102,0.11008187943143379,-0.026224310566259297,0.06449384932626633,4.0,tracking,1,1.0,1,0,1,force_bus_tool_compensated,4,phathom_s_scan:tracking t=9.90 contact=1 vz_cmd=+1.0
916345.843994538,916345.841413805,24407,1788822011.8029711,0.1475644353367711,-0.4316185035363101,4.199715672087372,0.10197819810598578,-0.023448267457713782,0.07046316888525055,4.0,tracking,1,0.3,1,0,1,force_bus_tool_compensated,4,phathom_s_scan:tracking t=9.91 contact=1 vz_cmd=+0.3
916345.853990184,916345.851764654,24409,1788822011.8133218,0.19128380332521644,-0.3468344567165563,4.201927339208267,0.10150629708789714,-0.011931599445190825,0.07039610613582693,4.0,tracking,1,-0.4,1,0,1,force_bus_tool_compensated,4,phathom_s_scan:tracking t=9.92 contact=1 vz_cmd=-0.4
916345.863976322,916345.861950819,24411,1788822011.8235064,0.16177490964236108,0.19977183597456102,4.053390666874707,0.13706997508741386,-0.011505535034670418,0.07160440529479996,4.0,tracking,1,-0.3,1,0,1,force_bus_tool_compensated,4,phathom_s_scan:tracking t=9.93 contact=1 vz_cmd=-0.3
916345.873971255,916345.871576719,24413,1788822011.8331335,0.23530650362497485,-0.231866224270414,4.343470004136577,0.12021926723395887,-0.02991470454866401,0.07883156948392221,4.0,tracking,1,-1.4,1,0,1,force_bus_tool_compensated,4,phathom_s_scan:tracking t=9.94 contact=1 vz_cmd=-1.4
916345.8839545,916345.881810305,24415,1788822011.8433666,0.10754459082349177,-0.3260812355235651,4.266491648638748,0.10820848107374972,-0.026807572268174984,0.06909676079202909,4.0,tracking,1,-2.2,1,0,1,force_bus_tool_compensated,4,phathom_s_scan:tracking t=9.95 contact=1 vz_cmd=-2.2
916345.893969557,916345.891508554,24417,1788822011.8530664,0.2467053124164229,-0.27574803298914496,4.392370130072697,0.1173548550829286,-0.04583810631590249,0.0718181975425175,4.0,tracking,1,-3.4,1,0,1,force_bus_tool_compensated,4,phathom_s_scan:tracking t=9.96 contact=1 vz_cmd=-3.4
916345.903957644,916345.901926161,24419,1788822011.8634803,-0.09489330849980027,-0.3662589137212142,4.336270782387244,0.12393450507790607,-0.008700999476435484,0.07057822182274678,4.0,tracking,1,-4.1,1,0,1,force_bus_tool_compensated,4,phathom_s_scan:tracking t=9.97 contact=1 vz_cmd=-4.1
916345.913973133,916345.911695327,24421,1788822011.8732517,0.08530936128986255,-0.5780931464443706,4.317951926167913,0.1107486535871218,-0.02921987007131413,0.07178460613819906,4.0,tracking,1,-4.3,1,0,1,force_bus_tool_compensated,4,phathom_s_scan:tracking t=9.98 contact=1 vz_cmd=-4.3
916345.923954495,916345.921730675,24423,1788822011.8832822,-0.03759241409728853,-0.8987558904486462,4.436184361909067,0.09683111527385473,-0.021862399726897585,0.0648464975741338,4.0,tracking,1,-5.2,1,0,1,force_bus_tool_compensated,4,phathom_s_scan:tracking t=9.99 contact=1 vz_cmd=-5.2
916345.933989004,916345.931785589,24425,1788822011.8933368,0.0010310066867629253,-0.686096056786974,4.290366619071463,0.13025320015421754,-0.012304235957827264,0.07721040255524249,4.0,tracking,1,-5.1,1,0,1,force_bus_tool_compensated,4,phathom_s_scan:tracking t=10.00 contact=1 vz_cmd=-5.1
916345.943992232,916345.94165149,24427,1788822011.9032097,-0.16447683629937848,-1.0627065310989345,4.02180596850452,0.11627332656459896,0.008243863168009935,0.06832256546001642,4.0,tracking,1,-3.5,1,0,1,force_bus_tool_compensated,4,phathom_s_scan:tracking t=10.01 contact=1 vz_cmd=-3.5
916345.953999232,916345.951596864,24429,1788822011.9131553,-0.1315914700779104,-0.8235891243413187,3.981740217879476,0.10394091763939979,-0.005017548010679073,0.07618968832348598,4.0,tracking,1,-2.4,1,0,1,force_bus_tool_compensated,4,phathom_s_scan:tracking t=10.02 contact=1 vz_cmd=-2.4
916345.96401116,916345.961617522,24431,1788822011.9231715,0.02664825808540794,-0.5351035391705928,3.9593293103082834,0.08622264047304976,-0.021333804661265804,0.0646714712685208,4.0,tracking,1,-1.6,1,0,1,force_bus_tool_compensated,4,phathom_s_scan:tracking t=10.03 contact=1 vz_cmd=-1.6
916345.97399941,916345.971668788,24433,1788822011.9332254,0.039581771600048166,-0.4298563717326524,3.8871386401501704,0.08571164258046089,-0.025802358786678758,0.062120925521438206,4.0,tracking,1,-1.0,1,0,1,force_bus_tool_compensated,4,phathom_s_scan:tracking t=10.04 contact=1 vz_cmd=-1.0
916345.983979438,916345.98166004,24435,1788822011.9432182,0.02285725701194319,-0.24535668259762833,3.8067500688394906,0.09760183910022054,-0.035439529398768634,0.07158601269666119,4.0,tracking,1,-0.1,1,0,1,force_bus_tool_compensated,4,phathom_s_scan:tracking t=10.05 contact=1 vz_cmd=-0.1
916345.99399805,916345.991578278,24437,1788822011.9531357,0.19340447918744896,0.006027425294860774,3.9026170065759427,0.1249012390937777,-0.0420940914524745,0.07386256856126953,4.0,tracking,1,0.1,1,0,1,force_bus_tool_compensated,4,phathom_s_scan:tracking t=10.06 contact=1 vz_cmd=+0.1
916346.003995324,916346.001836102,24439,1788822011.9633925,0.1627550580220709,0.14818508874220696,3.7409055905295094,0.13575121944410332,-0.032953029337410816,0.08781386958423357,4.0,tracking,1,0.6,1,0,1,force_bus_tool_compensated,4,phathom_s_scan:tracking t=10.08 contact=1 vz_cmd=+0.6
916346.013962124,916346.011562078,24441,1788822011.973119,-0.007475681012300672,0.11061155170737003,3.441918804161371,0.13414872265045497,-0.017819705550918656,0.08502368015015226,4.0,tracking,1,3.8,1,0,1,force_bus_tool_compensated,4,phathom_s_scan:tracking t=10.08 contact=1 vz_cmd=+3.8
916346.023984065,916346.02160138,24443,1788822011.983155,0.5190092754406588,0.25199067381798584,3.7357405948340623,0.13890169313423245,-0.06461720774248368,0.07091302163604365,4.0,tracking,1,4.1,1,0,1,force_bus_tool_compensated,4,phathom_s_scan:tracking t=10.09 contact=1 vz_cmd=+4.1
916346.03397628,916346.031942741,24445,1788822011.9935005,0.05971113391779226,-0.4514603748271956,3.5340196312488596,0.10868950215631615,-0.017487216666987798,0.07144269332411504,4.0,tracking,1,5.1,1,0,1,force_bus_tool_compensated,4,phathom_s_scan:tracking t=10.10 contact=1 vz_cmd=+5.1
916346.043984417,916346.041493795,24447,1788822012.0030518,0.3182088718773457,-0.53380886417003,3.46244694002454,0.10421704454256883,-0.024835422062444573,0.06907822804092191,4.0,tracking,1,6.7,1,0,1,force_bus_tool_compensated,4,phathom_s_scan:tracking t=10.11 contact=1 vz_cmd=+6.7
916346.053985158,916346.051790707,24449,1788822012.0133483,0.3069522654268022,-0.35973675436547825,3.8609091623340746,0.12952285425703886,-0.026992203575370657,0.08173999555359554,4.0,tracking,1,5.4,1,0,1,force_bus_tool_compensated,4,phathom_s_scan:tracking t=10.12 contact=1 vz_cmd=+5.4
916346.063960501,916346.061742356,24451,1788822012.0232983,0.42099470069018285,-1.0098093292319643,3.958904288785212,0.10275541531954277,-0.0005275134835171909,0.05086439096009858,4.0,tracking,1,3.6,1,0,1,force_bus_tool_compensated,4,phathom_s_scan:tracking t=10.13 contact=1 vz_cmd=+3.6
916346.07395945,916346.071637003,24453,1788822012.0331938,0.1968903174997474,-0.47409623831354913,3.7440310221916193,0.09250031128786393,-0.006778852168593865,0.07471048933794196,4.0,tracking,1,3.0,1,0,1,force_bus_tool_compensated,4,phathom_s_scan:tracking t=10.14 contact=1 vz_cmd=+3.0
916346.08395887,916346.081904367,24455,1788822012.0434613,0.05876586646308146,-0.2995843934566003,3.7508908651581567,0.11660281726939345,0.019045585302376006,0.07276560263981195,4.0,tracking,1,3.1,1,0,1,force_bus_tool_compensated,4,phathom_s_scan:tracking t=10.15 contact=1 vz_cmd=+3.1
916346.093961078,916346.091824269,24457,1788822012.05338,0.4821912614919657,0.1092400274317258,3.9392258801241296,0.1401561670932284,-0.02422835242849634,0.07414478608062919,4.0,tracking,1,2.2,1,0,1,force_bus_tool_compensated,4,phathom_s_scan:tracking t=10.16 contact=1 vz_cmd=+2.2
916346.103971158,916346.102288237,24459,1788822012.0638397,0.250735985442736,-0.17806385144029935,3.7558301930180185,0.11446906264215145,-0.006115723688641508,0.0717773782257144,4.0,tracking,1,2.0,1,0,1,force_bus_tool_compensated,4,phathom_s_scan:tracking t=10.17 contact=1 vz_cmd=+2.0
916346.113958312,916346.111728576,24461,1788822012.0732849,0.3311803962755875,-0.25546895355709126,3.686483997559825,0.11792549053824619,-0.018166115520523225,0.07160659120402438,4.0,tracking,1,2.8,1,0,1,force_bus_tool_compensated,4,phathom_s_scan:tracking t=10.18 contact=1 vz_cmd=+2.8
916346.123992931,916346.121569836,24463,1788822012.0831254,0.05938028765181702,-0.24968926014128087,4.062515502443063,0.11500198442893234,-0.00630805942549761,0.06754786174666046,4.0,tracking,1,1.9,1,0,1,force_bus_tool_compensated,4,phathom_s_scan:tracking t=10.19 contact=1 vz_cmd=+1.9
916346.133997902,916346.131947803,24465,1788822012.0934994,0.2858241334850795,-0.1342025990732498,4.0924468656178155,0.1292366523990898,-0.021479949186027608,0.07693631034396557,4.0,tracking,1,1.3,1,0,1,force_bus_tool_compensated,4,phathom_s_scan:tracking t=10.20 contact=1 vz_cmd=+1.3
916346.144000093,916346.141775659,24467,1788822012.1033325,0.3336158737431074,-0.2851957375299549,3.9406631641949335,0.12434039678473677,-0.009192658521452375,0.06719611298011305,4.0,tracking,1,0.9,1,0,1,force_bus_tool_compensated,4,phathom_s_scan:tracking t=10.21 contact=1 vz_cmd=+0.9
916346.153994554,916346.151751484,24469,1788822012.1133087,0.3913546709481952,-0.5963616624553045,4.03666435749914,0.11447699714552685,-0.0093777241204459,0.07169502680683093,4.0,tracking,1,0.6,1,0,1,force_bus_tool_compensated,4,phathom_s_scan:tracking t=10.22 contact=1 vz_cmd=+0.6
916346.163993614,916346.161648025,24471,1788822012.1232016,0.4863968091002473,-0.7351042843057487,3.9777100190785495,0.10327429272330182,-0.010729017054060831,0.06277272421307706,4.0,tracking,1,0.4,1,0,1,force_bus_tool_compensated,4,phathom_s_scan:tracking t=10.23 contact=1 vz_cmd=+0.4
916346.173966327,916346.171569313,24473,1788822012.1331253,0.39153645213485855,-0.7568782702752878,4.000569247356063,0.10939443424269138,-0.003379962756331935,0.0664702654270154,4.0,tracking,1,0.3,1,0,1,force_bus_tool_compensated,4,phathom_s_scan:tracking t=10.24 contact=1 vz_cmd=+0.3
916346.183959367,916346.181841631,24475,1788822012.143397,0.391200697423163,-0.867132960366241,4.124410208240557,0.11854476872220804,-0.012023094206536687,0.07053441336958433,4.0,tracking,1,0.1,1,0,1,force_bus_tool_compensated,4,phathom_s_scan:tracking t=10.25 contact=1 vz_cmd=+0.1
916346.19399114,916346.19180227,24477,1788822012.1533558,0.26997200177429304,-1.0152870509347611,4.226285441844574,0.07674313014320445,-0.006863643839968816,0.04714535784700826,4.0,tracking,1,-0.7,1,0,1,force_bus_tool_compensated,4,phathom_s_scan:tracking t=10.26 contact=1 vz_cmd=-0.7
916346.203987324,916346.201774978,24479,1788822012.1633327,0.2902996933687967,-0.6882656273153404,3.9906767385703836,0.0905765411982844,-0.004286536257975331,0.0639579509729741,4.0,tracking,1,-0.5,1,0,1,force_bus_tool_compensated,4,phathom_s_scan:tracking t=10.27 contact=1 vz_cmd=-0.5
916346.213961663,916346.211750013,24481,1788822012.1733065,0.25677823578818004,-0.2101390553890936,3.924336359552028,0.1311002587864439,0.0023499245633198983,0.07705536052272016,4.0,tracking,1,-0.3,1,0,1,force_bus_tool_compensated,4,phathom_s_scan:tracking t=10.28 contact=1 vz_cmd=-0.3
916346.223968107,916346.22199419,24483,1788822012.1835456,0.562872814763596,-0.2871915629838316,3.8167085769407145,0.11228298501258359,-0.02709542619213547,0.06279811248613071,4.0,tracking,1,0.1,1,0,1,force_bus_tool_compensated,4,phathom_s_scan:tracking t=10.29 contact=1 vz_cmd=+0.1
916346.23396753,916346.231769552,24485,1788822012.1933255,0.5251531820953663,-0.39796300140982444,4.123302405475093,0.1046269687614584,-0.03096755731008231,0.0700257347418089,4.0,tracking,1,0.0,1,0,1,force_bus_tool_compensated,4,phathom_s_scan:tracking t=10.30 contact=1 vz_cmd=+0.0
916346.243989474,916346.241641618,24487,1788822012.2031987,0.6365502123669966,-0.3871697425241623,4.013966016125417,0.10214599551532899,-0.034549418418899365,0.06413174306752029,4.0,tracking,1,0.0,1,0,1,force_bus_tool_compensated,4,phathom_s_scan:tracking t=10.31 contact=1 vz_cmd=+0.0
916346.253966195,916346.251791864,24489,1788822012.2133465,0.7157267204932967,-0.21801850819906293,3.913331936318138,0.11790772887364138,-0.027621402683077636,0.07108989186681386,4.0,tracking,1,0.0,1,0,1,force_bus_tool_compensated,4,phathom_s_scan:tracking t=10.32 contact=1 vz_cmd=+0.0
916346.26396523,916346.261809857,24491,1788822012.223364,0.720196658313544,-0.1370725181384189,3.89441133827202,0.12559852861473814,-0.009350188023762815,0.07167889214668369,4.0,tracking,1,0.0,1,0,1,force_bus_tool_compensated,4,phathom_s_scan:tracking t=10.33 contact=1 vz_cmd=+0.0
916346.273985732,916346.271856699,24493,1788822012.2334116,0.9099121059800506,-0.16412423728367015,3.863747555161769,0.12962592461165653,-0.019087883056480945,0.08345610765553985,4.0,tracking,1,0.2,1,0,1,force_bus_tool_compensated,4,phathom_s_scan:tracking t=10.34 contact=1 vz_cmd=+0.2
916346.28396142,916346.282011106,24495,1788822012.2435632,0.8615433201810754,-0.331673162529958,3.8853313315626483,0.11981954241243767,-0.011429932315485896,0.07274304758664339,4.0,tracking,1,0.1,1,0,1,force_bus_tool_compensated,4,phathom_s_scan:tracking t=10.35 contact=1 vz_cmd=+0.1
916346.293962091,916346.291726052,24497,1788822012.253279,0.9982320319341169,-0.5167330405037752,3.8189243082272215,0.11160435934339108,-0.022087254485238066,0.07945700418349284,4.0,tracking,1,0.4,1,0,1,force_bus_tool_compensated,4,phathom_s_scan:tracking t=10.36 contact=1 vz_cmd=+0.4
916346.303967104,916346.302185704,24499,1788822012.2637413,0.9624275939417186,-0.9374999313889721,4.082235357034998,0.10353274630553719,-0.020166478831380927,0.05804864114175157,4.0,tracking,1,0.3,1,0,1,force_bus_tool_compensated,4,phathom_s_scan:tracking t=10.37 contact=1 vz_cmd=+0.3
916346.313992768,916346.311733747,24501,1788822012.2732906,0.7773888344301221,-0.7544647863248559,3.979789167804744,0.07088070406312788,-0.023329696758726967,0.056884831901017015,4.0,tracking,1,0.2,1,0,1,force_bus_tool_compensated,4,phathom_s_scan:tracking t=10.38 contact=1 vz_cmd=+0.2
916346.323985551,916346.321663259,24503,1788822012.2832203,0.6609050607629829,-0.5391836201599292,3.89103949486156,0.08506189871721634,-0.015066794468362614,0.06443350219393829,4.0,tracking,1,0.2,1,0,1,force_bus_tool_compensated,4,phathom_s_scan:tracking t=10.39 contact=1 vz_cmd=+0.2
916346.333989313,916346.332016261,24505,1788822012.2935696,0.6923351891866205,-0.2836826782077661,3.8915630173823255,0.10490511922549048,-0.017411276452234118,0.0751622596648067,4.0,tracking,1,0.2,1,0,1,force_bus_tool_compensated,4,phathom_s_scan:tracking t=10.40 contact=1 vz_cmd=+0.2
916346.343963323,916346.341642925,24507,1788822012.3032002,0.6557397960714735,-0.09139515431570144,3.8432371528008606,0.114717368442911,-0.008871880824841296,0.07410344328765824,4.0,tracking,1,0.3,1,0,1,force_bus_tool_compensated,4,phathom_s_scan:tracking t=10.41 contact=1 vz_cmd=+0.3
916346.353961668,916346.352138863,24509,1788822012.3136954,0.6890213931915594,-0.08106127988794479,3.922227901760164,0.12266558968286377,-0.007192076231655383,0.07641989132110215,4.0,tracking,1,0.2,1,0,1,force_bus_tool_compensated,4,phathom_s_scan:tracking t=10.42 contact=1 vz_cmd=+0.2
916346.363994422,916346.361786312,24511,1788822012.3233402,0.7443372582995051,-0.2113395334650519,3.897157404603841,0.11081450075102973,-0.01670323841714575,0.06266756967292286,4.0,tracking,1,0.2,1,0,1,force_bus_tool_compensated,4,phathom_s_scan:tracking t=10.43 contact=1 vz_cmd=+0.2
916346.373992687,916346.371665701,24513,1788822012.3332214,0.815581595798486,-0.07067372726515506,3.8936745456151636,0.1200614658126496,-0.019087349112707357,0.07343092558781314,4.0,tracking,1,0.2,1,0,1,force_bus_tool_compensated,4,phathom_s_scan:tracking t=10.44 contact=1 vz_cmd=+0.2
916346.383963455,916346.381732267,24515,1788822012.343289,0.889706002332388,-0.09629372034269311,3.8338992486189074,0.12431517651855875,-0.020780049673992933,0.07698979888463747,4.0,tracking,1,0.3,1,0,1,force_bus_tool_compensated,4,phathom_s_scan:tracking t=10.45 contact=1 vz_cmd=+0.3
916346.39396939,916346.391794348,24517,1788822012.353345,0.9919597097933863,-0.3371386230977724,3.81473737355355,0.11754596997481179,-0.01867293339961608,0.07355752962760977,4.0,tracking,1,1.0,1,0,1,force_bus_tool_compensated,4,phathom_s_scan:tracking t=10.46 contact=1 vz_cmd=+1.0
916346.403968446,916346.401713405,24519,1788822012.363271,1.0276920358484507,-0.5522137909447741,3.919000755302901,0.1122412272747086,-0.014249398532053741,0.07392823320976294,4.0,tracking,1,0.6,1,0,1,force_bus_tool_compensated,4,phathom_s_scan:tracking t=10.47 contact=1 vz_cmd=+0.6
916346.413959189,916346.411587047,24521,1788822012.3731444,0.9787814740398659,-0.7506725450278016,3.9950518534821438,0.08879899543596895,-0.016404887227124614,0.0616011102816107,4.0,tracking,1,0.4,1,0,1,force_bus_tool_compensated,4,phathom_s_scan:tracking t=10.48 contact=1 vz_cmd=+0.4
916346.423966065,916346.421746736,24523,1788822012.383297,0.7413452607813962,-0.6820208978404801,3.886405571286972,0.07282250961208271,-0.012356067800153237,0.05853637630089447,4.0,tracking,1,0.3,1,0,1,force_bus_tool_compensated,4,phathom_s_scan:tracking t=10.49 contact=1 vz_cmd=+0.3
916346.433992155,916346.431879648,24525,1788822012.3934364,0.4501557003377459,-0.15393020550216133,3.6071063517009487,0.12399483594117865,0.0006743740937310043,0.09029529338712355,4.0,tracking,1,2.2,1,0,1,force_bus_tool_compensated,4,phathom_s_scan:tracking t=10.50 contact=1 vz_cmd=+2.2
916346.443978904,916346.441712412,24527,1788822012.40327,0.5220850098710832,-0.32700789199153635,3.710149344524292,0.1105531198724353,0.004045711248918649,0.06552874493378404,4.0,tracking,1,3.0,1,0,1,force_bus_tool_compensated,4,phathom_s_scan:tracking t=10.51 contact=1 vz_cmd=+3.0
916346.453992428,916346.451877046,24529,1788822012.413432,0.7759566920067,-0.1444103034865065,3.7519423438408053,0.11393324457687604,-0.02864958179763947,0.07442930832766141,4.0,tracking,1,3.0,1,0,1,force_bus_tool_compensated,4,phathom_s_scan:tracking t=10.52 contact=1 vz_cmd=+3.0
916346.463989547,916346.461844287,24531,1788822012.4233983,0.8773028467235755,-0.16354770946382158,3.6917909444918515,0.10565749527970979,-0.028267648071269504,0.07101422430887182,4.0,tracking,1,3.4,1,0,1,force_bus_tool_compensated,4,phathom_s_scan:tracking t=10.53 contact=1 vz_cmd=+3.4
916346.473959099,916346.471736719,24533,1788822012.4332929,1.0156413014619532,-0.1751923096230765,3.7554650409653814,0.099760905579282,-0.03636615432954561,0.06869568808631,4.0,tracking,1,3.5,1,0,1,force_bus_tool_compensated,4,phathom_s_scan:tracking t=10.54 contact=1 vz_cmd=+3.5
916346.483988588,916346.48176962,24535,1788822012.4433243,1.1504982390162952,0.10830784394555444,3.7484475299704703,0.1224229629977536,-0.04034469105015664,0.0757109906631214,4.0,tracking,1,3.2,1,0,1,force_bus_tool_compensated,4,phathom_s_scan:tracking t=10.55 contact=1 vz_cmd=+3.2
916346.49398429,916346.491571899,24537,1788822012.4531288,1.0696912524010977,0.19193591582235137,3.7350517596658577,0.12249882369405579,-0.020562021206784572,0.07489534281057238,4.0,tracking,1,3.2,1,0,1,force_bus_tool_compensated,4,phathom_s_scan:tracking t=10.56 contact=1 vz_cmd=+3.2
916346.503971261,916346.501860954,24539,1788822012.4634168,1.1686308729290196,0.08679042745197948,3.8426762011669964,0.11551878948278192,-0.016922752429571336,0.07503688986435193,4.0,tracking,1,2.6,1,0,1,force_bus_tool_compensated,4,phathom_s_scan:tracking t=10.57 contact=1 vz_cmd=+2.6
916346.513967555,916346.51157244,24541,1788822012.4731295,1.2524117061054227,-0.12278720214871786,3.758187707661751,0.11499391226713987,-0.0005097318033571035,0.07183893010697129,4.0,tracking,1,2.5,1,0,1,force_bus_tool_compensated,4,phathom_s_scan:tracking t=10.58 contact=1 vz_cmd=+2.5
916346.523977916,916346.521777444,24543,1788822012.4833343,1.0125837321958553,-0.3763134702032748,4.027355071305993,0.09161325869010031,-0.009269448403213362,0.061871750877609155,4.0,tracking,1,1.7,1,0,1,force_bus_tool_compensated,4,phathom_s_scan:tracking t=10.59 contact=1 vz_cmd=+1.7
916346.53396871,916346.531988066,24545,1788822012.4935439,1.0543904217635394,-0.18571572805252612,3.927994777609009,0.11521367956227961,-0.02731391735674219,0.07877590990026205,4.0,tracking,1,1.1,1,0,1,force_bus_tool_compensated,4,phathom_s_scan:tracking t=10.60 contact=1 vz_cmd=+1.1
916346.543973742,916346.541590876,24547,1788822012.5031488,0.7621635575022927,-0.3126550377205709,4.053802534466749,0.11124092759014954,-0.0068922102811309685,0.07048208439778163,4.0,tracking,1,0.8,1,0,1,force_bus_tool_compensated,4,phathom_s_scan:tracking t=10.61 contact=1 vz_cmd=+0.8
916346.553962036,916346.551574693,24549,1788822012.5131326,0.9641878509927067,-0.213206823841684,4.083364708178138,0.12305526571896078,-0.018196048576961943,0.08274440206531454,4.0,tracking,1,0.5,1,0,1,force_bus_tool_compensated,4,phathom_s_scan:tracking t=10.62 contact=1 vz_cmd=+0.5
916346.563988294,916346.561680209,24551,1788822012.523236,0.8964388212611958,-0.3525573286692372,4.045951913890393,0.10825487853210015,-0.006317609154317319,0.0695962164735077,4.0,tracking,1,0.3,1,0,1,force_bus_tool_compensated,4,phathom_s_scan:tracking t=10.63 contact=1 vz_cmd=+0.3
916346.57398747,916346.571643618,24553,1788822012.5331986,0.9362569925836828,-0.41869911946872235,4.10158586074586,0.10297028603715351,-0.005325725914882404,0.0687220710157388,4.0,tracking,1,0.2,1,0,1,force_bus_tool_compensated,4,phathom_s_scan:tracking t=10.64 contact=1 vz_cmd=+0.2
916346.583990247,916346.581655521,24555,1788822012.5432115,1.0469950057887845,-0.3959274286796697,4.1528062278347635,0.10095545300953683,-0.013862739221079449,0.06968759446848781,4.0,tracking,1,-0.1,1,0,1,force_bus_tool_compensated,4,phathom_s_scan:tracking t=10.65 contact=1 vz_cmd=-0.1
916346.59399444,916346.591675176,24557,1788822012.553229,1.057551348394577,-0.33536082694714503,4.121840631784645,0.10240031502336758,-0.012388439685456828,0.07028042550145815,4.0,tracking,1,-0.2,1,0,1,force_bus_tool_compensated,4,phathom_s_scan:tracking t=10.66 contact=1 vz_cmd=-0.2
916346.603966308,916346.601720415,24559,1788822012.563277,1.1005535108806233,-0.18429764216156438,4.106635536273199,0.11603823197431468,-0.016642393467189136,0.07616813192092776,4.0,tracking,1,-0.1,1,0,1,force_bus_tool_compensated,4,phathom_s_scan:tracking t=10.67 contact=1 vz_cmd=-0.1
916346.61396394,916346.611703178,24561,1788822012.5732603,1.1396952782791636,-0.1464719490739887,3.9876635860837513,0.11965713279866373,-0.01690229967208553,0.07453383810975993,4.0,tracking,1,-0.1,1,0,1,force_bus_tool_compensated,4,phathom_s_scan:tracking t=10.68 contact=1 vz_cmd=-0.1
916346.623994774,916346.622012698,24563,1788822012.5835617,0.8388240668374463,-0.1722246743013115,4.032542213038527,0.11262656804464687,-0.0013234165651136195,0.08584208758307336,4.0,tracking,1,-0.1,1,0,1,force_bus_tool_compensated,4,phathom_s_scan:tracking t=10.69 contact=1 vz_cmd=-0.1
916346.633995239,916346.631796641,24565,1788822012.5933537,1.10013687653037,-0.2005490210344713,4.010286185119942,0.11944330776578128,-0.028217735642939983,0.07497649930126687,4.0,tracking,1,-0.0,1,0,1,force_bus_tool_compensated,4,phathom_s_scan:tracking t=10.70 contact=1 vz_cmd=-0.0
916346.643958055,916346.641784848,24567,1788822012.6033423,1.0407627929532781,-0.2649399982969885,4.105834068484014,0.11481963368900619,-0.0268653252322898,0.07161367060594144,4.0,tracking,1,-0.0,1,0,1,force_bus_tool_compensated,4,phathom_s_scan:tracking t=10.71 contact=1 vz_cmd=-0.0
916346.65398418,916346.651781102,24569,1788822012.6133385,1.0705347193934556,-0.3578342426877747,4.045603127200094,0.10478929789791377,-0.023605864309455982,0.07314418292485915,4.0,tracking,1,-0.0,1,0,1,force_bus_tool_compensated,4,phathom_s_scan:tracking t=10.72 contact=1 vz_cmd=-0.0
916346.663971162,916346.661713293,24571,1788822012.6232612,1.0154179894275848,-0.4543334361027298,4.00238251825756,0.09496972110270772,-0.011315700857765254,0.06350638939362208,4.0,tracking,1,-0.0,1,0,1,force_bus_tool_compensated,4,phathom_s_scan:tracking t=10.73 contact=1 vz_cmd=-0.0
916346.674008862,916346.671538924,24573,1788822012.6330943,1.0763905247582275,-0.30854040089430895,4.028548440109665,0.10163376686896862,-0.0181586945023635,0.06712524915666254,4.0,tracking,1,-0.0,1,0,1,force_bus_tool_compensated,4,phathom_s_scan:tracking t=10.74 contact=1 vz_cmd=-0.0
916346.683982827,916346.681794356,24575,1788822012.643346,1.1039045623030437,-0.16564014783725384,4.016331733405398,0.1099312316679825,-0.014699253175295385,0.07366086775665576,4.0,tracking,1,-0.0,1,0,1,force_bus_tool_compensated,4,phathom_s_scan:tracking t=10.75 contact=1 vz_cmd=-0.0
916346.69399957,916346.691392693,24577,1788822012.65295,1.2618103235022409,-0.10488073723813054,3.9649112233973383,0.11311003122274699,-0.025086987895574193,0.08254185344964246,4.0,tracking,1,-0.0,1,0,1,force_bus_tool_compensated,4,phathom_s_scan:tracking t=10.76 contact=1 vz_cmd=-0.0
916346.703969084,916346.701648684,24579,1788822012.6632044,0.8530116421134311,-0.22889419924366916,4.164291826465397,0.10360237207086048,-0.001136372232963249,0.07244274723407657,4.0,tracking,1,-0.2,1,0,1,force_bus_tool_compensated,4,phathom_s_scan:tracking t=10.77 contact=1 vz_cmd=-0.2
916346.713991657,916346.711424245,24581,1788822012.672981,1.091733913367444,-0.029229132242569827,4.146138462286807,0.11964889982790552,-0.017983614721552556,0.08090772784833485,4.0,tracking,1,-0.3,1,0,1,force_bus_tool_compensated,4,phathom_s_scan:tracking t=10.78 contact=1 vz_cmd=-0.3
916346.723985705,916346.721507335,24583,1788822012.6830633,0.911275491829217,-0.05971949303335701,4.20563014209716,0.12007330505432713,-0.00567032981051586,0.08607766945607657,4.0,tracking,1,-0.7,1,0,1,force_bus_tool_compensated,4,phathom_s_scan:tracking t=10.79 contact=1 vz_cmd=-0.7
916346.733998518,916346.731728671,24585,1788822012.6932852,1.474194167778961,0.010293124007768648,4.010126523377595,0.11521084887490193,-0.028288947663732453,0.06259564633172125,4.0,tracking,1,-0.5,1,0,1,force_bus_tool_compensated,4,phathom_s_scan:tracking t=10.80 contact=1 vz_cmd=-0.5
916346.743987288,916346.74144406,24587,1788822012.7030015,1.3987795351145733,-0.04373128200583562,3.8870497279007106,0.10617090882071338,-0.012606647110291124,0.08479868520207481,4.0,tracking,1,-0.3,1,0,1,force_bus_tool_compensated,4,phathom_s_scan:tracking t=10.81 contact=1 vz_cmd=-0.3
916346.753960335,916346.75157099,24589,1788822012.7131274,1.594650470405037,8.14813684141269e-05,3.97472070071407,0.10736006122227278,-0.02984941329324166,0.07190023125458671,4.0,tracking,1,-0.2,1,0,1,force_bus_tool_compensated,4,phathom_s_scan:tracking t=10.82 contact=1 vz_cmd=-0.2
916346.763993665,916346.761508337,24591,1788822012.723065,1.5489240717806907,0.011603340672164758,4.142707736242504,0.10890299883355523,-0.03169345115001981,0.07133940514071158,4.0,tracking,1,-0.2,1,0,1,force_bus_tool_compensated,4,phathom_s_scan:tracking t=10.83 contact=1 vz_cmd=-0.2
916346.773991731,916346.771613971,24593,1788822012.7331705,1.5358653988631452,0.05411932886918228,4.137021242485302,0.10452903912570585,-0.028591511365148953,0.07531808931560324,4.0,tracking,1,-0.3,1,0,1,force_bus_tool_compensated,4,phathom_s_scan:tracking t=10.84 contact=1 vz_cmd=-0.3
916346.783963114,916346.781692793,24595,1788822012.7432497,1.490363793846826,-0.06266025990012754,4.075279162653552,0.0948310513790012,-0.017426836269582538,0.060797088675175526,4.0,tracking,1,-0.2,1,0,1,force_bus_tool_compensated,4,phathom_s_scan:tracking t=10.85 contact=1 vz_cmd=-0.2
916346.793993734,916346.791887246,24597,1788822012.7534423,1.2228743737669916,0.3132855654809827,3.9459182329050178,0.12306824463529138,-0.0007036406512508579,0.08342794972341248,4.0,tracking,1,-0.1,1,0,1,force_bus_tool_compensated,4,phathom_s_scan:tracking t=10.86 contact=1 vz_cmd=-0.1
916346.803968821,916346.801768379,24599,1788822012.7633266,1.4678106211953723,0.31313923585304915,4.0631674896756005,0.11190799925790128,-0.009757175621664059,0.07143475095303976,4.0,tracking,1,-0.1,1,0,1,force_bus_tool_compensated,4,phathom_s_scan:tracking t=10.87 contact=1 vz_cmd=-0.1
916346.81398979,916346.811526657,24601,1788822012.7730834,1.4449304491272785,0.26558392275235876,4.074183406164008,0.10122222753268031,-0.008349842401945732,0.07643393012043034,4.0,tracking,1,-0.1,1,0,1,force_bus_tool_compensated,4,phathom_s_scan:tracking t=10.88 contact=1 vz_cmd=-0.1
916346.823964818,916346.8220508,24603,1788822012.7836046,1.4511390677728189,0.03245362165003868,4.133171171822131,0.0832070820844111,-0.0033600051112834483,0.06174631774931116,4.0,tracking,1,-0.2,1,0,1,force_bus_tool_compensated,4,phathom_s_scan:tracking t=10.89 contact=1 vz_cmd=-0.2
916346.833964897,916346.831681099,24605,1788822012.7932386,1.4147789248957283,0.09252360900487067,4.092110834481059,0.09833428106533534,-0.0060199718883653325,0.07654255962508898,4.0,tracking,1,-0.1,1,0,1,force_bus_tool_compensated,4,phathom_s_scan:tracking t=10.90 contact=1 vz_cmd=-0.1
916346.843991077,916346.841521343,24607,1788822012.8030794,1.4448293031557595,0.16112713600142628,4.3129836081443615,0.11168099667021837,-0.013426134566565037,0.07236906971828413,4.0,tracking,1,-1.2,1,0,1,force_bus_tool_compensated,4,phathom_s_scan:tracking t=10.91 contact=1 vz_cmd=-1.2
916346.853988378,916346.8516372,24609,1788822012.813194,1.4525103028259136,0.21880138618656603,4.175894544407548,0.12172982811247836,-0.011790453818887318,0.08518646433978982,4.0,tracking,1,-1.5,1,0,1,force_bus_tool_compensated,4,phathom_s_scan:tracking t=10.92 contact=1 vz_cmd=-1.5
916346.863967456,916346.861679329,24611,1788822012.823236,1.4072404094468627,0.23479799256676745,4.17390186373295,0.11466207990439314,-0.00112929379151663,0.07034969512354047,4.0,tracking,1,-1.3,1,0,1,force_bus_tool_compensated,4,phathom_s_scan:tracking t=10.93 contact=1 vz_cmd=-1.3
916346.873992492,916346.871557048,24613,1788822012.8331146,1.5851559526867574,0.1451995042219974,4.109596236889192,0.11238879814078884,-0.011341766664795312,0.07388802923474501,4.0,tracking,1,-0.9,1,0,1,force_bus_tool_compensated,4,phathom_s_scan:tracking t=10.95 contact=1 vz_cmd=-0.9
916346.883991074,916346.881696832,24615,1788822012.843255,1.579171003279048,-0.030974689780801812,4.235346856887038,0.10019793094672877,-0.016153253093682898,0.06625831859665476,4.0,tracking,1,-1.3,1,0,1,force_bus_tool_compensated,4,phathom_s_scan:tracking t=10.95 contact=1 vz_cmd=-1.3
916346.893970364,916346.891519466,24617,1788822012.8530772,1.5273628114159346,-0.21381759328347394,4.243863506707799,0.09050893898280493,-0.017423594832581536,0.06469588027072162,4.0,tracking,1,-2.0,1,0,1,force_bus_tool_compensated,4,phathom_s_scan:tracking t=10.96 contact=1 vz_cmd=-2.0
916346.903965825,916346.901688952,24619,1788822012.863245,1.458076091265972,-0.16447391228520467,4.172530138932334,0.09713150068596636,-0.012353382662420991,0.07444648332823883,4.0,tracking,1,-1.8,1,0,1,force_bus_tool_compensated,4,phathom_s_scan:tracking t=10.97 contact=1 vz_cmd=-1.8
916346.913974481,916346.911589049,24621,1788822012.873145,1.417402857021853,0.0818575829538572,4.114826308478068,0.1142401452561,-0.01844696830427949,0.07662001914636296,4.0,tracking,1,-1.3,1,0,1,force_bus_tool_compensated,4,phathom_s_scan:tracking t=10.98 contact=1 vz_cmd=-1.3
916346.923964059,916346.921756337,24623,1788822012.883313,1.2943112959137166,-0.004097747730198043,4.013287860542814,0.11242744589204187,-0.009922072615441145,0.08487825766805736,4.0,tracking,1,-0.8,1,0,1,force_bus_tool_compensated,4,phathom_s_scan:tracking t=10.99 contact=1 vz_cmd=-0.8
916346.933960553,916346.931792908,24625,1788822012.8933473,1.4434149819514965,0.3399919574293191,4.057691282479332,0.12917233400305672,-0.024356191348197477,0.07929043490254205,4.0,tracking,1,-0.6,1,0,1,force_bus_tool_compensated,4,phathom_s_scan:tracking t=11.00 contact=1 vz_cmd=-0.6
916346.943959816,916346.941980621,24627,1788822012.9035378,1.5389725547065123,0.38780029565317525,4.0300921980098625,0.1275680310054661,-0.02210332933101261,0.07746470230797209,4.0,tracking,1,-0.4,1,0,1,force_bus_tool_compensated,4,phathom_s_scan:tracking t=11.01 contact=1 vz_cmd=-0.4
916346.953960728,916346.951735949,24629,1788822012.9132903,1.5474592679404713,0.2315226057157405,3.893593270692123,0.10010681516226957,-0.015020536183928233,0.07305470554022248,4.0,tracking,1,-0.2,1,0,1,force_bus_tool_compensated,4,phathom_s_scan:tracking t=11.02 contact=1 vz_cmd=-0.2
916346.963990405,916346.962074231,24631,1788822012.9236293,1.612423228441816,0.3372294666306816,4.262132336283051,0.10656122112188965,-0.011690387775823631,0.059719223282329405,4.0,tracking,1,-0.8,1,0,1,force_bus_tool_compensated,4,phathom_s_scan:tracking t=11.03 contact=1 vz_cmd=-0.8
916346.973988245,916346.971698913,24633,1788822012.9332561,1.5644490749039344,0.4284361715112329,3.927719825521653,0.10514981656307562,-0.0013295699765984523,0.07916973518021124,4.0,tracking,1,-0.6,1,0,1,force_bus_tool_compensated,4,phathom_s_scan:tracking t=11.04 contact=1 vz_cmd=-0.6
916346.983962615,916346.981913068,24635,1788822012.9434705,1.541099778443459,0.33353044829156253,3.954875787464551,0.09332736659113086,-0.002268579216791372,0.07166947287941543,4.0,tracking,1,-0.3,1,0,1,force_bus_tool_compensated,4,phathom_s_scan:tracking t=11.05 contact=1 vz_cmd=-0.3
916346.993991649,916346.991845418,24637,1788822012.953403,1.680247175770838,0.16661230305159555,4.0635684348470535,0.08680695618594078,-0.015321581077755098,0.06716824215417282,4.0,tracking,1,-0.2,1,0,1,force_bus_tool_compensated,4,phathom_s_scan:tracking t=11.06 contact=1 vz_cmd=-0.2
916347.003988876,916347.001743843,24639,1788822012.9632967,1.6336989238912039,0.14033923183332295,4.265261257477685,0.09517346890353998,-0.017397219285725955,0.06431199185946032,4.0,tracking,1,-0.8,1,0,1,force_bus_tool_compensated,4,phathom_s_scan:tracking t=11.07 contact=1 vz_cmd=-0.8
916347.013991579,916347.011548107,24641,1788822012.9731066,1.5160826178855642,0.4138667536529139,3.999011206204173,0.12423356462388041,-0.006323594743941666,0.09007856050156084,4.0,tracking,1,-0.6,1,0,1,force_bus_tool_compensated,4,phathom_s_scan:tracking t=11.08 contact=1 vz_cmd=-0.6
916347.023966631,916347.021702458,24643,1788822012.9832585,1.4814382487597584,0.4293324018072341,4.1055177229198865,0.12485402342074946,-0.0072114916174278185,0.08588646112327052,4.0,tracking,1,-0.4,1,0,1,force_bus_tool_compensated,4,phathom_s_scan:tracking t=11.09 contact=1 vz_cmd=-0.4
916347.033967072,916347.031685687,24645,1788822012.993241,1.5512893108827484,0.2979497468922159,4.212358588761073,0.10567196066865496,-0.010463462570737785,0.07340695173902759,4.0,tracking,1,-0.8,1,0,1,force_bus_tool_compensated,4,phathom_s_scan:tracking t=11.10 contact=1 vz_cmd=-0.8
916347.043995436,916347.041596283,24647,1788822013.0031545,1.4850155412949497,0.03957799392037649,3.986613283175113,0.08931460632789583,0.0013016562170116916,0.0720464974267487,4.0,tracking,1,-0.5,1,0,1,force_bus_tool_compensated,4,phathom_s_scan:tracking t=11.11 contact=1 vz_cmd=-0.5
916347.053958007,916347.051539679,24649,1788822013.0130973,1.6153826725604288,0.08982782700453802,4.417702141118924,0.10583721312637032,-0.018152566380175365,0.07334573905902872,4.0,tracking,1,-1.9,1,0,1,force_bus_tool_compensated,4,phathom_s_scan:tracking t=11.12 contact=1 vz_cmd=-1.9
916347.063992866,916347.061578445,24651,1788822013.0231347,1.4421919440236937,0.0970360818557669,4.128153397738799,0.10729880297451289,-0.00983867309689166,0.07698738935286546,4.0,tracking,1,-1.9,1,0,1,force_bus_tool_compensated,4,phathom_s_scan:tracking t=11.13 contact=1 vz_cmd=-1.9
916347.073993784,916347.071738856,24653,1788822013.033297,1.4335231941028148,0.05386066354927577,3.9785359533787243,0.10459410152188367,0.003699884635516485,0.07512186729849493,4.0,tracking,1,-1.3,1,0,1,force_bus_tool_compensated,4,phathom_s_scan:tracking t=11.15 contact=1 vz_cmd=-1.3
916347.083989614,916347.081773075,24655,1788822013.0433307,1.4785631072699004,-0.03634840936820184,4.212169634832849,0.10328275359722273,-0.004415794570116231,0.07134522009449505,4.0,tracking,1,-1.1,1,0,1,force_bus_tool_compensated,4,phathom_s_scan:tracking t=11.15 contact=1 vz_cmd=-1.1
916347.093992942,916347.091585988,24657,1788822013.053139,1.6263048651382614,0.12673802303335296,4.569728924889326,0.11991845574608062,-0.02633921011864145,0.07435831033567276,4.0,tracking,1,-3.9,1,0,1,force_bus_tool_compensated,4,phathom_s_scan:tracking t=11.16 contact=1 vz_cmd=-3.9
916347.103994314,916347.101661743,24659,1788822013.0632188,1.5422392940426195,-0.1690566391317982,4.283957889542948,0.09532001014964885,-0.010407338099463249,0.07099632703930911,4.0,tracking,1,-4.4,1,0,1,force_bus_tool_compensated,4,phathom_s_scan:tracking t=11.17 contact=1 vz_cmd=-4.4
916347.113991933,916347.1115694,24661,1788822013.0731263,1.4643002060762982,0.11707199853981791,4.138978127011309,0.11438672449237353,-0.0033917313524338584,0.07862581452617982,4.0,tracking,1,-3.3,1,0,1,force_bus_tool_compensated,4,phathom_s_scan:tracking t=11.18 contact=1 vz_cmd=-3.3
916347.12397404,916347.121673364,24663,1788822013.0832312,1.4798754117022632,0.1700505868282242,4.258629290081578,0.11805121077083264,-0.003647882208577602,0.07526015958409987,4.0,tracking,1,-3.1,1,0,1,force_bus_tool_compensated,4,phathom_s_scan:tracking t=11.19 contact=1 vz_cmd=-3.1
916347.133993673,916347.13193242,24665,1788822013.0934875,1.643450845592653,0.11434093719900987,4.102467380031117,0.11035019588881591,-0.00858874142120232,0.07897890954322309,4.0,tracking,1,-2.3,1,0,1,force_bus_tool_compensated,4,phathom_s_scan:tracking t=11.21 contact=1 vz_cmd=-2.3
916347.143988463,916347.141679361,24667,1788822013.1032372,1.5440490500838349,0.0728163436447857,4.138375425774384,0.09865874634526305,-0.006176152510821502,0.06941450152025161,4.0,tracking,1,-1.6,1,0,1,force_bus_tool_compensated,4,phathom_s_scan:tracking t=11.21 contact=1 vz_cmd=-1.6
916347.153965988,916347.151616456,24669,1788822013.1131697,1.5506460113334772,0.12846873091526945,4.288643394099634,0.10646227769739595,-0.0202468826013503,0.0769450798799906,4.0,tracking,1,-2.1,1,0,1,force_bus_tool_compensated,4,phathom_s_scan:tracking t=11.22 contact=1 vz_cmd=-2.1
916347.163967974,916347.161688696,24671,1788822013.1232438,1.4690518740738414,0.13747136123926834,4.367862047332807,0.1049704625606704,-0.01807437621994456,0.06972206061716096,4.0,tracking,1,-3.3,1,0,1,force_bus_tool_compensated,4,phathom_s_scan:tracking t=11.23 contact=1 vz_cmd=-3.3
916347.173985756,916347.171643721,24673,1788822013.1332018,1.4996677740105027,0.18810896278897654,4.1890808758847795,0.10875977502308981,-0.004836619683333617,0.07337014931103666,4.0,tracking,1,-3.5,1,0,1,force_bus_tool_compensated,4,phathom_s_scan:tracking t=11.24 contact=1 vz_cmd=-3.5
916347.183959612,916347.181858648,24675,1788822013.1434155,1.562034747881645,0.206255097271046,3.8997003495714844,0.1049861433624312,0.006341500313829373,0.07761066929532855,4.0,tracking,1,-2.3,1,0,1,force_bus_tool_compensated,4,phathom_s_scan:tracking t=11.25 contact=1 vz_cmd=-2.3
916347.193988564,916347.191606351,24677,1788822013.1531627,1.6779353098852297,0.49052632900994897,3.983986114998865,0.11852732524968324,-0.0067244141947803105,0.0819725618735403,4.0,tracking,1,-1.6,1,0,1,force_bus_tool_compensated,4,phathom_s_scan:tracking t=11.26 contact=1 vz_cmd=-1.6
916347.203959299,916347.20172425,24679,1788822013.163278,1.6739411553970347,0.38479140642333,4.079120177323282,0.10957852961441368,-0.010018738773798934,0.07917259326237683,4.0,tracking,1,-1.0,1,0,1,force_bus_tool_compensated,4,phathom_s_scan:tracking t=11.27 contact=1 vz_cmd=-1.0
916347.213984743,916347.211548629,24681,1788822013.1731062,1.8644592767880903,0.3908103926323485,4.235087948143563,0.1029421116966013,-0.03029061788028723,0.07414609014220974,4.0,tracking,1,-1.4,1,0,1,force_bus_tool_compensated,4,phathom_s_scan:tracking t=11.28 contact=1 vz_cmd=-1.4
916347.223986185,916347.22166035,24683,1788822013.1832168,1.7953094085369916,0.46044369002085805,4.149663690522111,0.10871287674762295,-0.018515077458526492,0.07667996938578145,4.0,tracking,1,-1.2,1,0,1,force_bus_tool_compensated,4,phathom_s_scan:tracking t=11.29 contact=1 vz_cmd=-1.2
916347.233963082,916347.231898193,24685,1788822013.1934493,1.667450833268152,0.5466152955080246,3.9850065342957954,0.11462602717636716,-0.0029915040699051323,0.08180968283280121,4.0,tracking,1,-0.9,1,0,1,force_bus_tool_compensated,4,phathom_s_scan:tracking t=11.30 contact=1 vz_cmd=-0.9
916347.243964917,916347.241775912,24687,1788822013.2033334,1.7722634657276672,0.5732908139339787,3.9911172786535865,0.11133087946394865,-0.014869288239453124,0.08714098899855166,4.0,tracking,1,-0.6,1,0,1,force_bus_tool_compensated,4,phathom_s_scan:tracking t=11.31 contact=1 vz_cmd=-0.6
916347.253961897,916347.25160319,24689,1788822013.2131555,1.7557187496391886,0.7007062946148532,4.107306132706956,0.11010177879136851,-0.014784663637187076,0.07525061652742801,4.0,tracking,1,-0.4,1,0,1,force_bus_tool_compensated,4,phathom_s_scan:tracking t=11.32 contact=1 vz_cmd=-0.4
916347.263990028,916347.261759932,24691,1788822013.2233145,1.6547389820496639,0.41248664017039194,4.005836376077477,0.1018524285667377,-0.002834374614555503,0.07611351366062233,4.0,tracking,1,-0.3,1,0,1,force_bus_tool_compensated,4,phathom_s_scan:tracking t=11.33 contact=1 vz_cmd=-0.3
916347.273962581,916347.271875675,24693,1788822013.2334323,1.515077697041174,0.798223430048213,3.8190949782603942,0.12670987264640038,-0.0008691524952379448,0.09016566824454601,4.0,tracking,1,0.1,1,0,1,force_bus_tool_compensated,4,phathom_s_scan:tracking t=11.34 contact=1 vz_cmd=+0.1
916347.283961912,916347.281852268,24695,1788822013.2434082,1.6684310793974901,0.4813553088527414,4.025735808704126,0.09945210408880789,-0.01826600146696494,0.07653326769675288,4.0,tracking,1,0.1,1,0,1,force_bus_tool_compensated,4,phathom_s_scan:tracking t=11.35 contact=1 vz_cmd=+0.1
916347.29392934,916347.291620284,24697,1788822013.2531736,1.6878884722939973,0.3437435919294854,4.108146538850422,0.10135720812993078,-0.017410875444251704,0.06888492056491503,4.0,tracking,1,-0.0,1,0,1,force_bus_tool_compensated,4,phathom_s_scan:tracking t=11.36 contact=1 vz_cmd=-0.0
916347.303964213,916347.30180336,24699,1788822013.2633605,1.5891044472119589,0.6284710925547236,3.8802234616469993,0.12268535525463956,-0.0021440448368230895,0.08167211344253625,4.0,tracking,1,0.0,1,0,1,force_bus_tool_compensated,4,phathom_s_scan:tracking t=11.38 contact=1 vz_cmd=+0.0
916347.313963059,916347.311946113,24701,1788822013.273503,1.5837175387237459,0.6016651045034521,3.608157246077754,0.11029441329457898,0.000949362495954539,0.08293703584835362,4.0,tracking,1,1.9,1,0,1,force_bus_tool_compensated,4,phathom_s_scan:tracking t=11.38 contact=1 vz_cmd=+1.9
916347.323995191,916347.321738163,24703,1788822013.2832935,1.6830525857752372,0.37731900936972423,3.9389182552798814,0.0931442916576927,-0.005782100366156318,0.0619849522517632,4.0,tracking,1,1.8,1,0,1,force_bus_tool_compensated,4,phathom_s_scan:tracking t=11.39 contact=1 vz_cmd=+1.8
916347.33399711,916347.331622493,24705,1788822013.293175,1.731257324902614,0.5630794534396961,3.6526794999421024,0.1099099073587495,-0.013479380093512103,0.08441908323036137,4.0,tracking,1,2.4,1,0,1,force_bus_tool_compensated,4,phathom_s_scan:tracking t=11.41 contact=1 vz_cmd=+2.4
916347.343960931,916347.341493587,24707,1788822013.303047,1.536271304712773,0.3494816567367914,3.7665039384894436,0.09565097900658882,-0.010455307615010118,0.06976874016428557,4.0,tracking,1,2.7,1,0,1,force_bus_tool_compensated,4,phathom_s_scan:tracking t=11.41 contact=1 vz_cmd=+2.7
916347.353990825,916347.351444123,24709,1788822013.3130016,1.5889078209339198,0.5296421265347253,3.8947560438266433,0.11911811290613264,-0.012577160168448691,0.07381439182681039,4.0,tracking,1,2.0,1,0,1,force_bus_tool_compensated,4,phathom_s_scan:tracking t=11.42 contact=1 vz_cmd=+2.0
916347.363990578,916347.361443084,24711,1788822013.3230011,1.582777894432968,0.1398014022997871,4.108319319757982,0.09631842240466264,-0.031145674968256473,0.08060268793109555,4.0,tracking,1,1.3,1,0,1,force_bus_tool_compensated,4,phathom_s_scan:tracking t=11.43 contact=1 vz_cmd=+1.3
916347.373958353,916347.371415215,24713,1788822013.3329725,1.2816314332260903,0.22481187464067498,3.463130811654693,0.10345332274359348,-0.0012437852433235669,0.06974324708591133,4.0,tracking,1,2.4,1,0,1,force_bus_tool_compensated,4,phathom_s_scan:tracking t=11.44 contact=1 vz_cmd=+2.4
916347.383966548,916347.381715169,24715,1788822013.3432717,1.337292552108233,0.6187815215554197,3.846789371844522,0.1427010902990226,-0.002022319042903748,0.09577522019186989,4.0,tracking,1,2.7,1,0,1,force_bus_tool_compensated,4,phathom_s_scan:tracking t=11.45 contact=1 vz_cmd=+2.7
916347.39395844,916347.391563928,24717,1788822013.3531194,1.5060354604912856,0.27246335595966253,3.5276348107855338,0.10373024780944697,0.004686013733570813,0.08034483767514888,4.0,tracking,1,3.7,1,0,1,force_bus_tool_compensated,4,phathom_s_scan:tracking t=11.46 contact=1 vz_cmd=+3.7
916347.403992115,916347.40157293,24719,1788822013.3631296,1.5271398654947603,0.1891438187736046,3.541514126896326,0.09674940123656327,0.00011242408113473301,0.07960575249339594,4.0,tracking,1,5.8,1,0,1,force_bus_tool_compensated,4,phathom_s_scan:tracking t=11.47 contact=1 vz_cmd=+5.8
916347.413988638,916347.411524428,24721,1788822013.3730817,1.7026321119292929,0.06721005613468262,3.817918937177897,0.09878525246349926,-0.02834422426291284,0.07369234623554358,4.0,tracking,1,4.6,1,0,1,force_bus_tool_compensated,4,phathom_s_scan:tracking t=11.48 contact=1 vz_cmd=+4.6
916347.42398487,916347.42141949,24723,1788822013.3829746,1.6106356065667022,0.10738491067189936,3.991127369351732,0.10586866952240324,-0.03600333626517529,0.07304884024325084,4.0,tracking,1,3.1,1,0,1,force_bus_tool_compensated,4,phathom_s_scan:tracking t=11.49 contact=1 vz_cmd=+3.1
916347.433991132,916347.431662347,24725,1788822013.3932157,1.4600188537620922,0.36929231435819027,3.8494109262718372,0.12116193150188956,-0.016235497126675935,0.08144882443677436,4.0,tracking,1,2.2,1,0,1,force_bus_tool_compensated,4,phathom_s_scan:tracking t=11.50 contact=1 vz_cmd=+2.2
916347.443964358,916347.441737991,24727,1788822013.4032948,1.7000421919589517,0.6434429197124568,3.8953591224465915,0.13293416345227355,-0.020998492586022266,0.08137435047640752,4.0,tracking,1,2.5,1,0,1,force_bus_tool_compensated,4,phathom_s_scan:tracking t=11.51 contact=1 vz_cmd=+2.5
916347.453984457,916347.451477868,24729,1788822013.413036,1.738572978745935,0.5709097482470343,3.892506150290303,0.11336688283171481,-0.012442141711785547,0.07646120839120263,4.0,tracking,1,1.2,1,0,1,force_bus_tool_compensated,4,phathom_s_scan:tracking t=11.52 contact=1 vz_cmd=+1.2
916347.463989359,916347.461524532,24731,1788822013.4230793,1.5081249952981486,0.5097614476234803,3.5698590179775795,0.0919354878573066,0.01166837884863664,0.07220749534280158,4.0,tracking,1,3.0,1,0,1,force_bus_tool_compensated,4,phathom_s_scan:tracking t=11.53 contact=1 vz_cmd=+3.0
916347.473982618,916347.471572306,24733,1788822013.43313,1.9314041689371506,0.7047682962971764,3.8908992756276684,0.10834112159124436,-0.022468426491675752,0.0749296265583131,4.0,tracking,1,2.6,1,0,1,force_bus_tool_compensated,4,phathom_s_scan:tracking t=11.54 contact=1 vz_cmd=+2.6
916347.483993521,916347.4816194,24735,1788822013.4431763,1.893566129635543,0.6669564439453922,4.143764799733137,0.11080170022942407,-0.023936725518786003,0.07431414350551373,4.0,tracking,1,1.7,1,0,1,force_bus_tool_compensated,4,phathom_s_scan:tracking t=11.55 contact=1 vz_cmd=+1.7
916347.493989367,916347.491506925,24737,1788822013.4530613,1.623090736264968,0.5596147562000162,4.012490686311185,0.10186548381267678,-0.0041870471538698025,0.07381705315441053,4.0,tracking,1,0.8,1,0,1,force_bus_tool_compensated,4,phathom_s_scan:tracking t=11.56 contact=1 vz_cmd=+0.8
916347.503993194,916347.501713547,24739,1788822013.4632707,1.7247962307250506,0.6731418608308536,3.964684699111711,0.10905940701886668,-0.011679516486073772,0.08008968573519795,4.0,tracking,1,0.8,1,0,1,force_bus_tool_compensated,4,phathom_s_scan:tracking t=11.58 contact=1 vz_cmd=+0.8
916347.513962149,916347.511349714,24741,1788822013.4729068,1.962748328551866,0.71086605066552,4.20367159655801,0.10812362011764892,-0.03514274925065753,0.07703445615161214,4.0,tracking,1,0.1,1,0,1,force_bus_tool_compensated,4,phathom_s_scan:tracking t=11.58 contact=1 vz_cmd=+0.1
916347.523991573,916347.521547445,24743,1788822013.4831002,1.9479261750554904,0.7803022883602441,4.152911668010602,0.10684004969688592,-0.031003265444824887,0.08063415965209925,4.0,tracking,1,-0.5,1,0,1,force_bus_tool_compensated,4,phathom_s_scan:tracking t=11.59 contact=1 vz_cmd=-0.5
916347.533991819,916347.531627845,24745,1788822013.4931843,1.852647432250476,0.7056817054117636,3.8560707653601165,0.09934188384624451,-0.0064541982986803855,0.07335602105978571,4.0,tracking,1,-0.2,1,0,1,force_bus_tool_compensated,4,phathom_s_scan:tracking t=11.60 contact=1 vz_cmd=-0.2
916347.543961639,916347.541531052,24747,1788822013.5030892,1.897513411893296,0.5912190731663588,3.8524694584482644,0.09998362797585054,-0.007784100568486578,0.07429767019828813,4.0,tracking,1,0.9,1,0,1,force_bus_tool_compensated,4,phathom_s_scan:tracking t=11.61 contact=1 vz_cmd=+0.9
916347.553991767,916347.551651013,24749,1788822013.5132065,1.7589828962603582,0.6029591182330317,3.9327116228721546,0.10549379818466409,-0.013629525174044838,0.07749504564289303,4.0,tracking,1,0.6,1,0,1,force_bus_tool_compensated,4,phathom_s_scan:tracking t=11.62 contact=1 vz_cmd=+0.6
916347.563997324,916347.561682739,24751,1788822013.5232406,1.6508989127358442,0.6267397072102279,4.007305076675008,0.11018358324260946,-0.01609357513415428,0.07834710713112648,4.0,tracking,1,0.4,1,0,1,force_bus_tool_compensated,4,phathom_s_scan:tracking t=11.63 contact=1 vz_cmd=+0.4
916347.573963867,916347.571643176,24753,1788822013.533199,1.522227160563258,0.2187582935577418,3.937487587044239,0.08604530045885266,-0.014419033605836205,0.07112433161148211,4.0,tracking,1,0.3,1,0,1,force_bus_tool_compensated,4,phathom_s_scan:tracking t=11.64 contact=1 vz_cmd=+0.3
916347.583978191,916347.581537023,24755,1788822013.5430934,1.5504787725625993,0.16084983825683377,4.149652821762121,0.09860486521581024,-0.025434732818489996,0.0771717205332125,4.0,tracking,1,0.1,1,0,1,force_bus_tool_compensated,4,phathom_s_scan:tracking t=11.65 contact=1 vz_cmd=+0.1
916347.594011165,916347.591839444,24757,1788822013.553394,1.483724325660129,0.42385677306286046,4.019337664488236,0.11880700185773271,-0.012869172158397384,0.0858319610112593,4.0,tracking,1,-1.1,1,0,1,force_bus_tool_compensated,4,phathom_s_scan:tracking t=11.67 contact=1 vz_cmd=-1.1
916347.603998452,916347.601835185,24759,1788822013.5633888,1.5288683709547297,0.4403805398334088,3.852590644974032,0.11140458924131233,-0.004618165831081397,0.08138042717957496,4.0,tracking,1,-0.1,1,0,1,force_bus_tool_compensated,4,phathom_s_scan:tracking t=11.67 contact=1 vz_cmd=-0.1
916347.614015518,916347.611973679,24761,1788822013.5735273,1.7010253833618152,0.3940863512833108,3.908519669709057,0.1078149256398412,-0.01700629350471562,0.07501064090358123,4.0,tracking,1,-0.1,1,0,1,force_bus_tool_compensated,4,phathom_s_scan:tracking t=11.68 contact=1 vz_cmd=-0.1
916347.624011677,916347.621800195,24763,1788822013.5833526,1.686857496613913,0.2849269012036561,3.9670451027142537,0.10796605368360601,-0.018529693880039083,0.07876197781043022,4.0,tracking,1,0.9,1,0,1,force_bus_tool_compensated,4,phathom_s_scan:tracking t=11.69 contact=1 vz_cmd=+0.9
916347.634006727,916347.632595826,24765,1788822013.5941467,1.7876296595129402,0.4188088781770579,4.07982405824375,0.12231326368981377,-0.026004672792254484,0.07634726838368515,4.0,tracking,1,-0.0,1,0,1,force_bus_tool_compensated,4,phathom_s_scan:tracking t=11.70 contact=1 vz_cmd=-0.0
916347.644019278,916347.642685846,24767,1788822013.6042385,1.7934422931817835,0.5963775412741001,3.8811531613676964,0.1262061191329742,-0.023161010841740406,0.07564230213589182,4.0,tracking,1,0.2,1,0,1,force_bus_tool_compensated,4,phathom_s_scan:tracking t=11.72 contact=1 vz_cmd=+0.2
916347.654006882,916347.652545864,24769,1788822013.6141026,1.9147758611521297,0.8430221794670074,3.8130853083822522,0.12176527081877324,-0.030530285607112895,0.08375474520269213,4.0,tracking,1,0.4,1,0,1,force_bus_tool_compensated,4,phathom_s_scan:tracking t=11.73 contact=1 vz_cmd=+0.4
916347.663990066,916347.66184368,24771,1788822013.6233947,1.6185458276166074,0.49917692911205497,3.9196204539643356,0.0936020806025962,-0.0078934082661123,0.07274273386788546,4.0,tracking,1,0.4,1,0,1,force_bus_tool_compensated,4,phathom_s_scan:tracking t=11.74 contact=1 vz_cmd=+0.4
916347.674071005,916347.671512518,24773,1788822013.6330702,2.1483012430915576,0.9497495306176288,4.465662444060856,0.12615275883122012,-0.06001887227766671,0.07810127430915226,4.0,tracking,1,-1.2,1,0,1,force_bus_tool_compensated,4,phathom_s_scan:tracking t=11.74 contact=1 vz_cmd=-1.2
916347.684095822,916347.681650403,24775,1788822013.643207,1.492052377076494,0.8869971806226735,3.60463603926266,0.10370200116919782,0.008262449887943842,0.07621235726235533,4.0,tracking,1,-0.9,1,0,1,force_bus_tool_compensated,4,phathom_s_scan:tracking t=11.75 contact=1 vz_cmd=-0.9
916347.693998073,916347.6917003,24777,1788822013.6532505,1.6444011735478754,1.0024395746661798,4.020661170666214,0.11041693495940687,-0.00693262115046419,0.0793036797990258,4.0,tracking,1,-0.4,1,0,1,force_bus_tool_compensated,4,phathom_s_scan:tracking t=11.76 contact=1 vz_cmd=-0.4
916347.704087618,916347.701871552,24779,1788822013.663428,1.631577576053346,0.6340061241857524,3.8860668239466443,0.08083149678592007,-0.0007903783459513879,0.06016494904680832,4.0,tracking,1,-0.2,1,0,1,force_bus_tool_compensated,4,phathom_s_scan:tracking t=11.77 contact=1 vz_cmd=-0.2
916347.714070421,916347.711521743,24781,1788822013.673078,1.9334438041403472,1.0146306537186256,4.163422342524913,0.10710069952861993,-0.02580779538545282,0.07761832886801659,4.0,tracking,1,-0.3,1,0,1,force_bus_tool_compensated,4,phathom_s_scan:tracking t=11.78 contact=1 vz_cmd=-0.3
916347.724018911,916347.721453438,24783,1788822013.683007,1.9234365301223326,0.9955636890776891,4.209930387445045,0.10208594318742227,-0.020496504398035627,0.0734191795580697,4.0,tracking,1,-1.2,1,0,1,force_bus_tool_compensated,4,phathom_s_scan:tracking t=11.79 contact=1 vz_cmd=-1.2
916347.733976981,916347.731521598,24785,1788822013.6930773,1.8254741866826802,1.0178478081940932,4.09761315760392,0.1056887676117699,-0.016955442330276647,0.07765004345296836,4.0,tracking,1,-0.8,1,0,1,force_bus_tool_compensated,4,phathom_s_scan:tracking t=11.81 contact=1 vz_cmd=-0.8
916347.743968026,916347.741702542,24787,1788822013.70326,1.9876872368221585,0.9150298638896696,4.229451948396446,0.10152171486731795,-0.027068926610291737,0.07108713768179661,4.0,tracking,1,-1.0,1,0,1,force_bus_tool_compensated,4,phathom_s_scan:tracking t=11.81 contact=1 vz_cmd=-1.0
916347.753980839,916347.751943955,24789,1788822013.7134938,2.095999406241458,0.8123725424803014,4.252974150810518,0.10089535582861703,-0.0281790868424906,0.06961010683174147,4.0,tracking,1,-2.2,1,0,1,force_bus_tool_compensated,4,phathom_s_scan:tracking t=11.82 contact=1 vz_cmd=-2.2
916347.763975604,916347.762496227,24791,1788822013.7240498,1.6891521056999665,0.9736681742918957,4.026263895393079,0.12314459559422725,0.0051160972825807895,0.08235161714708478,4.0,tracking,1,-1.4,1,0,1,force_bus_tool_compensated,4,phathom_s_scan:tracking t=11.83 contact=1 vz_cmd=-1.4
916347.773964476,916347.772347744,24793,1788822013.7338946,2.029046898413301,0.7762610121673221,4.101102245502192,0.10968095093928616,-0.03164853385374602,0.07916845649913833,4.0,tracking,1,-1.0,1,0,1,force_bus_tool_compensated,4,phathom_s_scan:tracking t=11.85 contact=1 vz_cmd=-1.0
916347.783976079,916347.781703149,24795,1788822013.7432573,1.7931500031656011,0.7450707081267457,4.178013991963169,0.11239498181749133,-0.023131323545920474,0.0750844218761984,4.0,tracking,1,-1.1,1,0,1,force_bus_tool_compensated,4,phathom_s_scan:tracking t=11.86 contact=1 vz_cmd=-1.1
916347.793965923,916347.792594579,24797,1788822013.7541373,1.8028578800485893,0.7205986711395425,4.212960835681896,0.11490643544185869,-0.026939924547467166,0.07730213787251589,4.0,tracking,1,-1.5,1,0,1,force_bus_tool_compensated,4,phathom_s_scan:tracking t=11.86 contact=1 vz_cmd=-1.5
916347.803962012,916347.801430867,24799,1788822013.7629888,1.7498266739198354,0.7347157122240449,3.8873266173707557,0.11254701411883741,-0.018439172136331276,0.07364751855559126,4.0,tracking,1,-0.9,1,0,1,force_bus_tool_compensated,4,phathom_s_scan:tracking t=11.88 contact=1 vz_cmd=-0.9
916347.813960548,916347.811447706,24801,1788822013.7730045,1.6646339618016301,0.5612238187461102,3.8811696828028506,0.09790321720346089,-0.011297258226184468,0.07227013621192599,4.0,tracking,1,-0.5,1,0,1,force_bus_tool_compensated,4,phathom_s_scan:tracking t=11.88 contact=1 vz_cmd=-0.5
916347.823973599,916347.822079991,24803,1788822013.7836237,1.6069215469228777,0.41619348271934237,3.8408358155494633,0.09710774784215295,-0.01026114912116062,0.07306807865224113,4.0,tracking,1,-0.2,1,0,1,force_bus_tool_compensated,4,phathom_s_scan:tracking t=11.90 contact=1 vz_cmd=-0.2
916347.834040219,916347.832150502,24805,1788822013.7936997,1.8790367935506658,0.7488708177170139,3.830075722453344,0.12977213467653814,-0.034455121981161414,0.07895556912504276,4.0,tracking,1,0.3,1,0,1,force_bus_tool_compensated,4,phathom_s_scan:tracking t=11.90 contact=1 vz_cmd=+0.3
916347.843964382,916347.841565387,24807,1788822013.8031232,1.695534703943582,0.4178473005089184,3.5734704244048157,0.09245480312600601,-0.020012959349168538,0.07008457319671721,4.0,tracking,1,2.1,1,0,1,force_bus_tool_compensated,4,phathom_s_scan:tracking t=11.91 contact=1 vz_cmd=+2.1
916347.85400773,916347.851476517,24809,1788822013.8130271,1.8383205610323206,0.6543185199457782,3.905198198213003,0.12327462969258296,-0.040964652063289884,0.08061862222702632,4.0,tracking,1,2.5,1,0,1,force_bus_tool_compensated,4,phathom_s_scan:tracking t=11.92 contact=1 vz_cmd=+2.5
916347.863965695,916347.861833326,24811,1788822013.8233879,1.7440921589089453,0.7203763222274423,3.8404986879294376,0.12114987843859276,-0.03170268283822479,0.08077082620059033,4.0,tracking,1,1.8,1,0,1,force_bus_tool_compensated,4,phathom_s_scan:tracking t=11.93 contact=1 vz_cmd=+1.8
916347.873966074,916347.871643025,24813,1788822013.8332,1.727353830611018,0.5815901925875245,3.5688990129082754,0.10099391926305742,-0.02664907680895191,0.07892411107100206,4.0,tracking,1,3.5,1,0,1,force_bus_tool_compensated,4,phathom_s_scan:tracking t=11.94 contact=1 vz_cmd=+3.5
916347.883980329,916347.881703928,24815,1788822013.8432608,1.7109351910064725,0.7919811582069035,3.8549015424897943,0.12205659770316919,-0.026377487037853132,0.08195567850982804,4.0,tracking,1,3.6,1,0,1,force_bus_tool_compensated,4,phathom_s_scan:tracking t=11.95 contact=1 vz_cmd=+3.6
916347.893987636,916347.892302962,24817,1788822013.8538542,1.7249128732869154,0.9667776419770445,3.960048380962702,0.13600991079503005,-0.02669008253033472,0.08351492980289285,4.0,tracking,1,2.4,1,0,1,force_bus_tool_compensated,4,phathom_s_scan:tracking t=11.96 contact=1 vz_cmd=+2.4
916347.903957572,916347.901635269,24819,1788822013.8631914,1.634130230268941,0.9760515994335975,3.565197073357225,0.12203087577205349,-0.0075236550331301095,0.07778613190955894,4.0,tracking,1,3.7,1,0,1,force_bus_tool_compensated,4,phathom_s_scan:tracking t=11.97 contact=1 vz_cmd=+3.7
916347.913971337,916347.911594049,24821,1788822013.8731499,1.7197877053739958,0.8244934053807654,3.839065518442756,0.11014094466781685,-0.016821473186763535,0.07666852056678174,4.0,tracking,1,3.5,1,0,1,force_bus_tool_compensated,4,phathom_s_scan:tracking t=11.98 contact=1 vz_cmd=+3.5
916347.923990987,916347.92173708,24823,1788822013.8832889,1.9677728907246548,0.6664355910357546,4.011837363582141,0.09329080509348925,-0.04107475680259398,0.07150055066457423,4.0,tracking,1,2.3,1,0,1,force_bus_tool_compensated,4,phathom_s_scan:tracking t=11.99 contact=1 vz_cmd=+2.3
916347.933976255,916347.931599127,24825,1788822013.893156,1.8978623372728491,0.8071431241180774,3.87817415841813,0.10303779111859386,-0.03278626370810699,0.07536750603731374,4.0,tracking,1,1.6,1,0,1,force_bus_tool_compensated,4,phathom_s_scan:tracking t=12.00 contact=1 vz_cmd=+1.6
916347.943984252,916347.941569952,24827,1788822013.903126,1.9043090583807694,0.87685766424285,3.9685479725405184,0.11313143699297266,-0.02961395895737689,0.07985820842686614,4.0,tracking,1,1.4,1,0,1,force_bus_tool_compensated,4,phathom_s_scan:tracking t=12.01 contact=1 vz_cmd=+1.4
916347.953989067,916347.951728723,24829,1788822013.9132798,1.875136793977504,0.8531270006124092,4.0747043630962025,0.11367780070974513,-0.034156679377958854,0.08164978051462819,4.0,tracking,1,0.8,1,0,1,force_bus_tool_compensated,4,phathom_s_scan:tracking t=12.02 contact=1 vz_cmd=+0.8
916347.963968349,916347.961464825,24831,1788822013.923021,1.5727322582194927,1.0513570459183985,3.9327851993003464,0.1299986764341058,-0.012995828948485433,0.09022611248794409,4.0,tracking,1,0.5,1,0,1,force_bus_tool_compensated,4,phathom_s_scan:tracking t=12.03 contact=1 vz_cmd=+0.5
916347.973973964,916347.971436373,24833,1788822013.932994,2.065087594194834,1.1169323583863149,4.077841787028226,0.12747893940580862,-0.04353745196809206,0.08562875249431023,4.0,tracking,1,0.4,1,0,1,force_bus_tool_compensated,4,phathom_s_scan:tracking t=12.05 contact=1 vz_cmd=+0.4
916347.983981444,916347.981695177,24835,1788822013.9432523,2.050022875080756,1.1008603125745775,4.126318634764364,0.12015306044276497,-0.04382225056783376,0.08184200152487253,4.0,tracking,1,0.1,1,0,1,force_bus_tool_compensated,4,phathom_s_scan:tracking t=12.05 contact=1 vz_cmd=+0.1
916347.993986591,916347.991493049,24837,1788822013.953051,1.8738813974842627,1.215383178803724,3.975839503627197,0.12369052765791609,-0.017570891198977884,0.08342848868817083,4.0,tracking,1,0.1,1,0,1,force_bus_tool_compensated,4,phathom_s_scan:tracking t=12.06 contact=1 vz_cmd=+0.1
916348.003987042,916348.00181769,24839,1788822013.9633737,1.7995138354665805,1.2854994482014543,4.003091140744676,0.12063964534599216,-0.011767715092545124,0.0807314868191203,4.0,tracking,1,0.0,1,0,1,force_bus_tool_compensated,4,phathom_s_scan:tracking t=12.07 contact=1 vz_cmd=+0.0
916348.013980081,916348.011422185,24841,1788822013.9729803,2.015582457432787,0.9910922036372618,4.352047584106231,0.10432232838600111,-0.04112312182660252,0.08932242624318411,4.0,tracking,1,-1.3,1,0,1,force_bus_tool_compensated,4,phathom_s_scan:tracking t=12.08 contact=1 vz_cmd=-1.3
916348.024068551,916348.021788315,24843,1788822013.9833431,1.7853562797523812,1.0319308486664862,4.479597952958427,0.12636415544159524,-0.0207872364418933,0.07798694633006063,4.0,tracking,1,-3.5,1,0,1,force_bus_tool_compensated,4,phathom_s_scan:tracking t=12.09 contact=1 vz_cmd=-3.5
916348.034078635,916348.031817495,24845,1788822013.9933724,1.6486224467188237,1.037721323501686,3.9467565356093504,0.11367157632896033,-0.0012461723219431406,0.08368230443000274,4.0,tracking,1,-3.0,1,0,1,force_bus_tool_compensated,4,phathom_s_scan:tracking t=12.10 contact=1 vz_cmd=-3.0
916348.043963728,916348.041442511,24847,1788822014.003,1.7896201038712238,0.8877674855794484,3.995403768129713,0.09747806572847666,-0.015271722130153568,0.07582663808487836,4.0,tracking,1,-1.9,1,0,1,force_bus_tool_compensated,4,phathom_s_scan:tracking t=12.11 contact=1 vz_cmd=-1.9
916348.053963257,916348.051521786,24849,1788822014.013081,1.8898510125056946,0.9098308297197643,4.032655908539599,0.09590445538670965,-0.02460325400833137,0.074922605099254,4.0,tracking,1,-1.4,1,0,1,force_bus_tool_compensated,4,phathom_s_scan:tracking t=12.12 contact=1 vz_cmd=-1.4
916348.064095181,916348.061874059,24851,1788822014.023429,1.9388798351630498,0.9024856254070759,3.9723679315219034,0.10187936213207782,-0.023633767139017364,0.07652689172820638,4.0,tracking,1,-0.9,1,0,1,force_bus_tool_compensated,4,phathom_s_scan:tracking t=12.13 contact=1 vz_cmd=-0.9
916348.07407179,916348.071486707,24853,1788822014.0330398,1.9121031409752756,0.8913235763874432,3.9518698491379425,0.11123119515447702,-0.03125896494343324,0.08200256906034975,4.0,tracking,1,-0.6,1,0,1,force_bus_tool_compensated,4,phathom_s_scan:tracking t=12.14 contact=1 vz_cmd=-0.6
916348.083960396,916348.08148432,24855,1788822014.0430381,2.093276352839925,0.759542359279483,4.007177993806726,0.11093983691697903,-0.05324940647710012,0.0728773753476432,4.0,tracking,1,-0.2,1,0,1,force_bus_tool_compensated,4,phathom_s_scan:tracking t=12.15 contact=1 vz_cmd=-0.2
916348.093989348,916348.091514956,24857,1788822014.05307,2.07268357930172,0.6984552263360733,4.063628719908657,0.11398612420229329,-0.05989500275179734,0.08109548346137274,4.0,tracking,1,-0.5,1,0,1,force_bus_tool_compensated,4,phathom_s_scan:tracking t=12.16 contact=1 vz_cmd=-0.5
916348.103962725,916348.101435658,24859,1788822014.0629928,1.8408414737928271,0.8743912087097399,3.89129807526606,0.1291803388371145,-0.04565409265246639,0.08656865691894802,4.0,tracking,1,-0.3,1,0,1,force_bus_tool_compensated,4,phathom_s_scan:tracking t=12.17 contact=1 vz_cmd=-0.3
916348.114078824,916348.111274853,24861,1788822014.0728328,1.769600366174036,0.8744774002799172,3.7820810926225166,0.13057849539704422,-0.02989675737423674,0.08593219659222728,4.0,tracking,1,0.2,1,0,1,force_bus_tool_compensated,4,phathom_s_scan:tracking t=12.18 contact=1 vz_cmd=+0.2
916348.123964654,916348.121526829,24863,1788822014.0830805,1.690151485081647,1.1072506537041207,3.7951632494497365,0.13658476111589504,-0.027032737167617137,0.10109770934811318,4.0,tracking,1,1.3,1,0,1,force_bus_tool_compensated,4,phathom_s_scan:tracking t=12.19 contact=1 vz_cmd=+1.3
916348.133992733,916348.131488592,24865,1788822014.0930452,1.7497456861705034,1.0045255296458062,3.8016989961555208,0.11156628809354456,-0.033495160619906074,0.07833569050994935,4.0,tracking,1,1.2,1,0,1,force_bus_tool_compensated,4,phathom_s_scan:tracking t=12.20 contact=1 vz_cmd=+1.2
916348.1439893,916348.141344168,24867,1788822014.102897,1.6047246163502065,0.7240841877575396,3.7733647483059105,0.09158277440650293,-0.02609869147654443,0.0734444054920819,4.0,tracking,1,2.3,1,0,1,force_bus_tool_compensated,4,phathom_s_scan:tracking t=12.21 contact=1 vz_cmd=+2.3
916348.153979472,916348.151420584,24869,1788822014.1129756,1.6306998841497617,0.7682680138934131,3.91456616516528,0.10615529738984593,-0.024833950726559213,0.0730741220555646,4.0,tracking,1,1.5,1,0,1,force_bus_tool_compensated,4,phathom_s_scan:tracking t=12.22 contact=1 vz_cmd=+1.5
916348.16404006,916348.161243958,24871,1788822014.1228008,1.7921964645035868,0.943181395692526,3.8169472460405336,0.11485255151022594,-0.03328252829575573,0.0791071264052281,4.0,tracking,1,1.4,1,0,1,force_bus_tool_compensated,4,phathom_s_scan:tracking t=12.23 contact=1 vz_cmd=+1.4
916348.173991512,916348.171468506,24873,1788822014.1330187,1.8921629037649577,1.1985281081019223,3.809966040229042,0.13218631677549703,-0.03847786279766888,0.0868743686817935,4.0,tracking,1,1.4,1,0,1,force_bus_tool_compensated,4,phathom_s_scan:tracking t=12.24 contact=1 vz_cmd=+1.4
916348.183987415,916348.181615236,24875,1788822014.143172,1.790200817917172,0.9366850605046969,3.686873179957762,0.0833633057436084,-0.033758226186100915,0.07306528205693126,4.0,tracking,1,2.2,1,0,1,force_bus_tool_compensated,4,phathom_s_scan:tracking t=12.25 contact=1 vz_cmd=+2.2
916348.193979007,916348.191360439,24877,1788822014.1529188,1.8310581983418803,1.2363026828568557,3.782474135181297,0.12004937972614654,-0.040383275209094904,0.0815673798725141,4.0,tracking,1,2.4,1,0,1,force_bus_tool_compensated,4,phathom_s_scan:tracking t=12.26 contact=1 vz_cmd=+2.4
916348.203957134,916348.201486276,24879,1788822014.1630425,1.6792939712677606,1.0248552572370748,4.010478921662951,0.117387099954051,-0.01977857065662407,0.07729371064753482,4.0,tracking,1,1.6,1,0,1,force_bus_tool_compensated,4,phathom_s_scan:tracking t=12.28 contact=1 vz_cmd=+1.6
916348.21398629,916348.211351923,24881,1788822014.1729088,1.781293743032856,1.085640516223085,3.8787631991715705,0.11567086637067933,-0.030988234267228895,0.08658457643459205,4.0,tracking,1,1.1,1,0,1,force_bus_tool_compensated,4,phathom_s_scan:tracking t=12.28 contact=1 vz_cmd=+1.1
916348.223979937,916348.22138389,24883,1788822014.182941,1.7514816772383295,1.1224182297088918,3.8272542579158233,0.11478586993969718,-0.035934742846287,0.0882314862145705,4.0,tracking,1,1.5,1,0,1,force_bus_tool_compensated,4,phathom_s_scan:tracking t=12.29 contact=1 vz_cmd=+1.5
916348.233980317,916348.231463548,24885,1788822014.1930203,1.7464943842165608,1.1365031468275277,3.9652954379303194,0.12391441615091571,-0.03761142190133053,0.08116868423743707,4.0,tracking,1,1.0,1,0,1,force_bus_tool_compensated,4,phathom_s_scan:tracking t=12.30 contact=1 vz_cmd=+1.0
916348.24395621,916348.241324113,24887,1788822014.202878,1.6931097617358737,1.2313265143418208,3.7207900990528997,0.11655074221189465,-0.0322637261082569,0.07998438758654569,4.0,tracking,1,1.3,1,0,1,force_bus_tool_compensated,4,phathom_s_scan:tracking t=12.31 contact=1 vz_cmd=+1.3
916348.253961875,916348.251368262,24889,1788822014.2129261,1.4909989320888206,1.2221465336849322,3.5034889219259684,0.10366753681048436,-0.009567676599554,0.07768709171397356,4.0,tracking,1,4.0,1,0,1,force_bus_tool_compensated,4,phathom_s_scan:tracking t=12.32 contact=1 vz_cmd=+4.0
916348.263995325,916348.261298241,24891,1788822014.2228544,1.622765952172331,1.1128728936574952,3.761958356441822,0.10580654278553638,-0.017644185040095878,0.07656784791682925,4.0,tracking,1,4.2,1,0,1,force_bus_tool_compensated,4,phathom_s_scan:tracking t=12.33 contact=1 vz_cmd=+4.2
916348.274066479,916348.271608478,24893,1788822014.233165,1.7066455214818865,1.0956950825006404,3.7861498779528606,0.10153354237136734,-0.03400951164540298,0.07831338244012868,4.0,tracking,1,3.2,1,0,1,force_bus_tool_compensated,4,phathom_s_scan:tracking t=12.35 contact=1 vz_cmd=+3.2
916348.284071935,916348.281570865,24895,1788822014.2431266,1.76417195954641,1.0733801427523049,3.7562090643886936,0.10721976082725124,-0.036117893778950624,0.07897828816670793,4.0,tracking,1,3.7,1,0,1,force_bus_tool_compensated,4,phathom_s_scan:tracking t=12.35 contact=1 vz_cmd=+3.7
916348.294093184,916348.291541804,24897,1788822014.2530978,1.9471886688617994,0.9679961356503041,3.981787081935594,0.11324140473736732,-0.03985145199072539,0.07535279753185521,4.0,tracking,1,2.5,1,0,1,force_bus_tool_compensated,4,phathom_s_scan:tracking t=12.36 contact=1 vz_cmd=+2.5
916348.304095534,916348.301549399,24899,1788822014.2631068,1.9946612776267028,0.8959258180568278,3.997508056062403,0.11560964839019251,-0.039721679834850976,0.08127619218453194,4.0,tracking,1,1.7,1,0,1,force_bus_tool_compensated,4,phathom_s_scan:tracking t=12.37 contact=1 vz_cmd=+1.7
916348.313966805,916348.311376425,24901,1788822014.272934,1.858743813151253,0.9290195764805913,3.9339570505086474,0.12245853432323897,-0.029029176241200536,0.08062467506689025,4.0,tracking,1,1.1,1,0,1,force_bus_tool_compensated,4,phathom_s_scan:tracking t=12.38 contact=1 vz_cmd=+1.1
916348.324079016,916348.321805835,24903,1788822014.283359,1.9838751791476548,1.0146315855531212,3.976529081643093,0.11458037702068151,-0.03775427316992094,0.07595224244382949,4.0,tracking,1,0.8,1,0,1,force_bus_tool_compensated,4,phathom_s_scan:tracking t=12.39 contact=1 vz_cmd=+0.8
916348.333993591,916348.332040864,24905,1788822014.2935908,1.87809263248153,0.6629227287691495,3.8410002155755345,0.08566288250714456,-0.024292047280774495,0.0806446966629124,4.0,tracking,1,0.7,1,0,1,force_bus_tool_compensated,4,phathom_s_scan:tracking t=12.40 contact=1 vz_cmd=+0.7
916348.344114689,916348.341501631,24907,1788822014.3030572,1.8942915599321535,0.9156443336793897,4.336029714280257,0.12745590503929724,-0.03806627571517293,0.08231748151835547,4.0,tracking,1,-0.5,1,0,1,force_bus_tool_compensated,4,phathom_s_scan:tracking t=12.41 contact=1 vz_cmd=-0.5
916348.354084722,916348.351542728,24909,1788822014.3131,1.8004837450475046,0.6586296151205971,4.313111636241823,0.09951746315108492,-0.03878533736456343,0.07713531532029502,4.0,tracking,1,-1.9,1,0,1,force_bus_tool_compensated,4,phathom_s_scan:tracking t=12.42 contact=1 vz_cmd=-1.9
916348.364078918,916348.361310878,24911,1788822014.3228679,1.6965382017175352,0.9300383360823432,4.294646216489592,0.12932336551983206,-0.025653642790143583,0.07419527778272206,4.0,tracking,1,-2.7,1,0,1,force_bus_tool_compensated,4,phathom_s_scan:tracking t=12.43 contact=1 vz_cmd=-2.7
916348.374082515,916348.371343529,24913,1788822014.3329008,1.726459412960795,1.0153679554982618,4.307492535904706,0.1308189529081038,-0.02819287909634329,0.09928015761646139,4.0,tracking,1,-3.2,1,0,1,force_bus_tool_compensated,4,phathom_s_scan:tracking t=12.44 contact=1 vz_cmd=-3.2
916348.384074138,916348.381349796,24915,1788822014.342905,1.9105041315886135,0.9115234463157598,4.3015262306811675,0.11529347589099537,-0.04025305057912525,0.07416779467319981,4.0,tracking,1,-3.6,1,0,1,force_bus_tool_compensated,4,phathom_s_scan:tracking t=12.45 contact=1 vz_cmd=-3.6
916348.394084981,916348.39134739,24917,1788822014.3529048,2.0286892768197844,1.048876071548129,4.393738694125693,0.12380563104136248,-0.04353360365089916,0.08558279354148188,4.0,tracking,1,-4.2,1,0,1,force_bus_tool_compensated,4,phathom_s_scan:tracking t=12.46 contact=1 vz_cmd=-4.2
916348.404078861,916348.401347023,24919,1788822014.3629048,2.0570894513561364,0.8978156264438812,4.43502394301173,0.1002140986918979,-0.042721432620089754,0.06980571936088004,4.0,tracking,1,-5.5,1,0,1,force_bus_tool_compensated,4,phathom_s_scan:tracking t=12.48 contact=1 vz_cmd=-5.5
916348.414074958,916348.4112966,24921,1788822014.3728535,2.0315309868099547,1.021137154847231,4.332115782021186,0.11052707597035848,-0.029339333310466807,0.07899828867817217,4.0,tracking,1,-5.5,1,0,1,force_bus_tool_compensated,4,phathom_s_scan:tracking t=12.49 contact=1 vz_cmd=-5.5
916348.423992872,916348.421535995,24923,1788822014.3830907,1.9497733893003533,0.9831608822382,4.402168769671676,0.109372529283285,-0.033887002854741055,0.08222956905412374,4.0,tracking,1,-5.8,1,0,1,force_bus_tool_compensated,4,phathom_s_scan:tracking t=12.49 contact=1 vz_cmd=-5.8
916348.433979877,916348.431634654,24925,1788822014.3931909,1.9599165393782996,1.0204190546217944,4.434658953365411,0.1142011611155016,-0.03794687186679127,0.08823714199570293,4.0,tracking,1,-6.3,1,0,1,force_bus_tool_compensated,4,phathom_s_scan:tracking t=12.50 contact=1 vz_cmd=-6.3
916348.443990102,916348.441344747,24927,1788822014.4029024,1.8775151550409233,1.0096635808127485,4.366067946168188,0.11544851978981771,-0.03203325980192634,0.08246562141649258,4.0,tracking,1,-6.5,1,0,1,force_bus_tool_compensated,4,phathom_s_scan:tracking t=12.51 contact=1 vz_cmd=-6.5
916348.45396276,916348.451401018,24929,1788822014.4129567,1.821107971692398,1.3024595151480332,4.2372881587216185,0.13044804653465042,-0.025326164040590415,0.09249770858740605,4.0,tracking,1,-5.3,1,0,1,force_bus_tool_compensated,4,phathom_s_scan:tracking t=12.52 contact=1 vz_cmd=-5.3
916348.46399897,916348.461459091,24931,1788822014.4230144,1.8137486208692506,0.9869673350041681,4.211652711224593,0.1022878662489503,-0.028293568798305118,0.07268888182167457,4.0,tracking,1,-4.3,1,0,1,force_bus_tool_compensated,4,phathom_s_scan:tracking t=12.53 contact=1 vz_cmd=-4.3
916348.473964485,916348.471483564,24933,1788822014.4330378,1.755233713636639,1.2312387670956118,3.994487145092534,0.11901881607788248,-0.025306317582055822,0.0810561426136611,4.0,tracking,1,-2.9,1,0,1,force_bus_tool_compensated,4,phathom_s_scan:tracking t=12.54 contact=1 vz_cmd=-2.9
916348.483960715,916348.481421851,24935,1788822014.4429805,1.7185538079764489,1.3173325257392294,3.9997018734826066,0.1250868992536822,-0.030674414827588762,0.08535177702950585,4.0,tracking,1,-1.9,1,0,1,force_bus_tool_compensated,4,phathom_s_scan:tracking t=12.55 contact=1 vz_cmd=-1.9
916348.494010372,916348.491351746,24937,1788822014.4529083,1.7050367566276279,1.277621619255093,3.9685490987154393,0.11275587831199872,-0.03855314619259252,0.08412886244706065,4.0,tracking,1,-1.3,1,0,1,force_bus_tool_compensated,4,phathom_s_scan:tracking t=12.56 contact=1 vz_cmd=-1.3
916348.503990021,916348.501488993,24939,1788822014.4630458,1.7711520914719348,1.2584105888584862,3.966245173235916,0.1145137524917697,-0.043564061681496485,0.07665449227993588,4.0,tracking,1,-0.9,1,0,1,force_bus_tool_compensated,4,phathom_s_scan:tracking t=12.57 contact=1 vz_cmd=-0.9
916348.513973933,916348.511311043,24941,1788822014.4728687,1.7377798396458473,0.9845627590049305,3.939224960128893,0.09806718047926932,-0.038172043111582385,0.07509562580392641,4.0,tracking,1,-0.6,1,0,1,force_bus_tool_compensated,4,phathom_s_scan:tracking t=12.58 contact=1 vz_cmd=-0.6
916348.523956472,916348.521495058,24943,1788822014.4830503,1.812858352261001,1.1440567002044069,4.204972739168812,0.12509922266278029,-0.038554019193661096,0.0778033642397433,4.0,tracking,1,-0.7,1,0,1,force_bus_tool_compensated,4,phathom_s_scan:tracking t=12.59 contact=1 vz_cmd=-0.7
916348.533954932,916348.531558306,24945,1788822014.4931152,1.6893244489074095,1.391249783775613,3.937451436516611,0.12636717631336455,-0.027425459529072535,0.09255371088433269,4.0,tracking,1,-0.5,1,0,1,force_bus_tool_compensated,4,phathom_s_scan:tracking t=12.60 contact=1 vz_cmd=-0.5
916348.544079214,916348.541504419,24947,1788822014.5030615,1.476132426986609,1.2078693587042062,3.6317381723282427,0.09936480698585447,-0.005810496548781751,0.0862029094796795,4.0,tracking,1,1.1,1,0,1,force_bus_tool_compensated,4,phathom_s_scan:tracking t=12.61 contact=1 vz_cmd=+1.1
916348.554078304,916348.551380965,24949,1788822014.5129387,1.661662763231372,1.101298985005507,3.8544359478675423,0.09856026332536075,-0.020999302977701136,0.07404874380922209,4.0,tracking,1,1.3,1,0,1,force_bus_tool_compensated,4,phathom_s_scan:tracking t=12.62 contact=1 vz_cmd=+1.3
916348.56408704,916348.561488727,24951,1788822014.52304,1.9080977313370495,1.2498529207120892,3.891669230175462,0.10846456692786857,-0.034717651613341054,0.07737579229861284,4.0,tracking,1,0.9,1,0,1,force_bus_tool_compensated,4,phathom_s_scan:tracking t=12.63 contact=1 vz_cmd=+0.9
916348.574080122,916348.5715111,24953,1788822014.5330572,2.0076707111137213,1.1165184055426562,3.92943762499106,0.10432742162953938,-0.02825362001006532,0.07824229070560007,4.0,tracking,1,0.6,1,0,1,force_bus_tool_compensated,4,phathom_s_scan:tracking t=12.65 contact=1 vz_cmd=+0.6
916348.584075786,916348.581371241,24955,1788822014.5429287,2.3763175020051364,1.0749497474624374,3.937871363000632,0.12035658399664237,-0.05193967483441812,0.0808531059465905,4.0,tracking,1,0.4,1,0,1,force_bus_tool_compensated,4,phathom_s_scan:tracking t=12.66 contact=1 vz_cmd=+0.4
916348.594083239,916348.591381684,24957,1788822014.552937,2.1399167360740217,1.2568049160002548,4.035074606595834,0.13535305334814088,-0.07473773812718831,0.08219355791512441,4.0,tracking,1,0.3,1,0,1,force_bus_tool_compensated,4,phathom_s_scan:tracking t=12.66 contact=1 vz_cmd=+0.3
916348.603963843,916348.601427737,24959,1788822014.5629854,1.7717342090446193,1.0084871314185926,3.6721964919362495,0.10389348901713746,-0.02834062357434276,0.08958152184689652,4.0,tracking,1,1.1,1,0,1,force_bus_tool_compensated,4,phathom_s_scan:tracking t=12.68 contact=1 vz_cmd=+1.1
916348.61409874,916348.611223749,24961,1788822014.5727813,1.9430303514174132,1.0291972652028605,3.833728108514075,0.10295032227159151,-0.04725132925388688,0.06476345442882153,4.0,tracking,1,1.4,1,0,1,force_bus_tool_compensated,4,phathom_s_scan:tracking t=12.68 contact=1 vz_cmd=+1.4
916348.624002591,916348.621346005,24963,1788822014.5829024,1.63096400943268,1.131998763710578,3.823312971708823,0.09860862630273512,-0.026345731011739256,0.0692292465507087,4.0,tracking,1,1.3,1,0,1,force_bus_tool_compensated,4,phathom_s_scan:tracking t=12.69 contact=1 vz_cmd=+1.3
916348.634023991,916348.631295937,24965,1788822014.5928535,1.6098272568726708,1.0886479890177911,3.8560372483764374,0.10672337012971589,-0.025808178320457932,0.08498048191041532,4.0,tracking,1,1.1,1,0,1,force_bus_tool_compensated,4,phathom_s_scan:tracking t=12.71 contact=1 vz_cmd=+1.1
916348.643977041,916348.641214128,24967,1788822014.6027725,1.713654368836687,1.164773988361553,4.114379930561663,0.1120165691381464,-0.036393738494055354,0.06904538601397614,4.0,tracking,1,0.7,1,0,1,force_bus_tool_compensated,4,phathom_s_scan:tracking t=12.71 contact=1 vz_cmd=+0.7
916348.653990651,916348.651693105,24969,1788822014.6132462,1.5317400681583888,1.1926023014271396,4.026094149546444,0.11407726814894156,-0.022367936610609693,0.08160668041924489,4.0,tracking,1,0.5,1,0,1,force_bus_tool_compensated,4,phathom_s_scan:tracking t=12.72 contact=1 vz_cmd=+0.5
916348.663978629,916348.661636436,24971,1788822014.6231918,1.6473762536461334,1.0103736238830165,3.9281576819231856,0.0925397438817897,-0.01736050314781979,0.0666906420161316,4.0,tracking,1,0.3,1,0,1,force_bus_tool_compensated,4,phathom_s_scan:tracking t=12.73 contact=1 vz_cmd=+0.3
916348.673954738,916348.671846002,24973,1788822014.6333995,1.8854228433487856,1.285400481859837,4.088239112821528,0.11271309186310553,-0.03344117241263043,0.07718942433076437,4.0,tracking,1,0.2,1,0,1,force_bus_tool_compensated,4,phathom_s_scan:tracking t=12.74 contact=1 vz_cmd=+0.2
916348.683971739,916348.681604573,24975,1788822014.643161,1.915105149622994,1.4811823111779043,3.990790326525624,0.11924177066704583,-0.028021924957321268,0.07840287153340675,4.0,tracking,1,0.1,1,0,1,force_bus_tool_compensated,4,phathom_s_scan:tracking t=12.75 contact=1 vz_cmd=+0.1
916348.694010228,916348.691615653,24977,1788822014.653172,1.899816455841658,1.3845809278905088,3.8830936951282777,0.10118932411265094,-0.031979032472888275,0.0696821725687634,4.0,tracking,1,0.1,1,0,1,force_bus_tool_compensated,4,phathom_s_scan:tracking t=12.76 contact=1 vz_cmd=+0.1
916348.703957964,916348.701691888,24979,1788822014.66325,1.8234683950817039,1.4493086172029437,4.185124959678206,0.1080069562120407,-0.03252704198229663,0.07773736356894698,4.0,tracking,1,-0.2,1,0,1,force_bus_tool_compensated,4,phathom_s_scan:tracking t=12.77 contact=1 vz_cmd=-0.2
916348.713968505,916348.711436023,24981,1788822014.6729925,1.6862545081338232,1.4143080671255086,3.9363051386698915,0.11047917445608985,-0.030897563582947145,0.08395896870802173,4.0,tracking,1,-0.1,1,0,1,force_bus_tool_compensated,4,phathom_s_scan:tracking t=12.78 contact=1 vz_cmd=-0.1
916348.72398336,916348.721362086,24983,1788822014.6829195,1.7005794826392644,1.3646476144448065,4.079094378982849,0.11108366151369434,-0.02880039645480745,0.07958330217993724,4.0,tracking,1,-0.0,1,0,1,force_bus_tool_compensated,4,phathom_s_scan:tracking t=12.79 contact=1 vz_cmd=-0.0
916348.733956191,916348.731558279,24985,1788822014.6931162,1.7288769548424714,1.4415923230150427,4.085701354580658,0.11192276069998239,-0.026829990715895573,0.07749240093610103,4.0,tracking,1,-0.7,1,0,1,force_bus_tool_compensated,4,phathom_s_scan:tracking t=12.80 contact=1 vz_cmd=-0.7
916348.743974118,916348.741343447,24987,1788822014.7028985,1.7893571349415351,1.4747721850013404,3.88644396113866,0.1059077293920958,-0.03093844781686964,0.07807193335370376,4.0,tracking,1,-0.3,1,0,1,force_bus_tool_compensated,4,phathom_s_scan:tracking t=12.81 contact=1 vz_cmd=-0.3
916348.753954868,916348.751499367,24989,1788822014.7130525,1.7129795451011,1.458654714973988,3.834734660034403,0.10210300977562502,-0.019220317313707175,0.06994880893668191,4.0,tracking,1,-0.0,1,0,1,force_bus_tool_compensated,4,phathom_s_scan:tracking t=12.82 contact=1 vz_cmd=-0.0
916348.763993855,916348.761594475,24991,1788822014.7231488,1.5019600831439484,1.4011971051755343,3.7044995864098436,0.09635478586456186,-0.00828301781069398,0.07779474426085829,4.0,tracking,1,1.5,1,0,1,force_bus_tool_compensated,4,phathom_s_scan:tracking t=12.83 contact=1 vz_cmd=+1.5
916348.774018272,916348.771624895,24993,1788822014.7331805,1.701759553588615,1.2773376178817226,3.7697810389592017,0.09286236591887474,-0.03454465948646011,0.07352655569533999,4.0,tracking,1,1.9,1,0,1,force_bus_tool_compensated,4,phathom_s_scan:tracking t=12.84 contact=1 vz_cmd=+1.9
916348.784082618,916348.781544868,24995,1788822014.7431028,1.5906809512022018,1.549325475708372,3.795330735652014,0.12281476414048605,-0.02635595223592208,0.08100185122855143,4.0,tracking,1,2.0,1,0,1,force_bus_tool_compensated,4,phathom_s_scan:tracking t=12.85 contact=1 vz_cmd=+2.0
916348.794070797,916348.791738011,24997,1788822014.7532895,1.5510612281801657,1.6820409233160507,3.751112680430569,0.12321596162298334,-0.02397627101545926,0.08314546825493176,4.0,tracking,1,2.0,1,0,1,force_bus_tool_compensated,4,phathom_s_scan:tracking t=12.86 contact=1 vz_cmd=+2.0
916348.804084458,916348.801493172,24999,1788822014.7630515,1.6476754989034192,1.5570889820377318,3.8122852193763666,0.11034015327972083,-0.030326665691587287,0.0776496916869336,4.0,tracking,1,2.3,1,0,1,force_bus_tool_compensated,4,phathom_s_scan:tracking t=12.87 contact=1 vz_cmd=+2.3
916348.813989146,916348.811436039,25001,1788822014.7729945,1.6373801609842913,1.607889314220312,3.9737320978634774,0.11359272097473003,-0.03505373508497215,0.08243135818698963,4.0,tracking,1,1.6,1,0,1,force_bus_tool_compensated,4,phathom_s_scan:tracking t=12.88 contact=1 vz_cmd=+1.6
916348.823986302,916348.821474187,25003,1788822014.7830262,1.505992587037468,1.3865637650919784,3.782227311866942,0.09432889384266209,-0.026132120684552756,0.07462283468594495,4.0,tracking,1,1.5,1,0,1,force_bus_tool_compensated,4,phathom_s_scan:tracking t=12.89 contact=1 vz_cmd=+1.5
916348.833983841,916348.83166811,25005,1788822014.7932224,1.56357099241534,1.210235261384123,3.6117031158782558,0.0936424310561783,-0.0069523121427945145,0.0719513044206723,4.0,tracking,1,3.2,1,0,1,force_bus_tool_compensated,4,phathom_s_scan:tracking t=12.91 contact=1 vz_cmd=+3.2
916348.843956901,916348.841282793,25007,1788822014.8028405,2.004015133540536,1.3150311612986685,3.8518750800334383,0.11658614660320052,-0.020892039741899817,0.0845045439331115,4.0,tracking,1,3.0,1,0,1,force_bus_tool_compensated,4,phathom_s_scan:tracking t=12.91 contact=1 vz_cmd=+3.0
916348.853995173,916348.851650005,25009,1788822014.8132036,2.1034432190853107,1.1425679312150085,4.019784082875782,0.11215366278956238,-0.04356179266951911,0.08132659515091267,4.0,tracking,1,2.0,1,0,1,force_bus_tool_compensated,4,phathom_s_scan:tracking t=12.92 contact=1 vz_cmd=+2.0
916348.863993046,916348.861618659,25011,1788822014.8231761,1.8514560480825213,0.9774250188710548,3.9340088435037606,0.10321766158093577,-0.041707810577023385,0.08535030815182969,4.0,tracking,1,1.4,1,0,1,force_bus_tool_compensated,4,phathom_s_scan:tracking t=12.93 contact=1 vz_cmd=+1.4
916348.873969038,916348.871559507,25013,1788822014.8331158,1.8422160436303394,1.1809563747478449,4.0086828325768336,0.11943849121206274,-0.02967977353942308,0.08555615345687866,4.0,tracking,1,0.9,1,0,1,force_bus_tool_compensated,4,phathom_s_scan:tracking t=12.94 contact=1 vz_cmd=+0.9
916348.883968136,916348.88165275,25015,1788822014.8432095,1.9073302396464769,1.459459003583845,4.035997708155412,0.13840957196266726,-0.02666291632971311,0.08736234344264554,4.0,tracking,1,0.6,1,0,1,force_bus_tool_compensated,4,phathom_s_scan:tracking t=12.95 contact=1 vz_cmd=+0.6
916348.893978799,916348.891663734,25017,1788822014.8532195,1.7009095684633302,1.1985077223639111,3.8725524017075754,0.1182055057793435,-0.006597155583774759,0.092674040255639,4.0,tracking,1,0.4,1,0,1,force_bus_tool_compensated,4,phathom_s_scan:tracking t=12.96 contact=1 vz_cmd=+0.4
916348.903980866,916348.90138955,25019,1788822014.8629444,1.7301558238559116,1.2832851650836719,4.21436987233147,0.11924481171479517,-0.023313664575096794,0.08387176492371932,4.0,tracking,1,-0.1,1,0,1,force_bus_tool_compensated,4,phathom_s_scan:tracking t=12.97 contact=1 vz_cmd=-0.1
916348.913984071,916348.911278458,25021,1788822014.872835,1.5139760601218324,1.1510627290486988,3.818324413037385,0.10203019608642008,-0.010535271168358416,0.08237510507676853,4.0,tracking,1,0.2,1,0,1,force_bus_tool_compensated,4,phathom_s_scan:tracking t=12.98 contact=1 vz_cmd=+0.2
916348.923974509,916348.921374022,25023,1788822014.8829305,1.400870691578803,0.963629438740114,3.849601025787349,0.09484448709461747,-0.006838780162590656,0.0700969212315737,4.0,tracking,1,0.4,1,0,1,force_bus_tool_compensated,4,phathom_s_scan:tracking t=13.00 contact=1 vz_cmd=+0.4
916348.933970827,916348.931326697,25025,1788822014.8928835,2.0226442247492202,1.1969599941961002,4.121995320343855,0.11808104116938153,-0.05001560062352145,0.0863776612003109,4.0,tracking,1,0.2,1,0,1,force_bus_tool_compensated,4,phathom_s_scan:tracking t=13.00 contact=1 vz_cmd=+0.2
916348.943969977,916348.941195628,25027,1788822014.9027524,1.7346088437507898,1.0740629669496329,4.30689713867705,0.11612966398625674,-0.014153722545969449,0.08320275583313758,4.0,tracking,1,-1.0,1,0,1,force_bus_tool_compensated,4,phathom_s_scan:tracking t=13.01 contact=1 vz_cmd=-1.0
916348.953970509,916348.95143086,25029,1788822014.9129882,2.0832113756837796,1.2766460441464715,4.1049527578879825,0.11978024122867163,-0.03895416865481885,0.08592679591784047,4.0,tracking,1,-1.0,1,0,1,force_bus_tool_compensated,4,phathom_s_scan:tracking t=13.03 contact=1 vz_cmd=-1.0
916348.963964142,916348.961772604,25031,1788822014.923326,1.9427023505309413,1.529048074361726,4.087444930502162,0.12186128807445003,-0.017454955835496982,0.09411161413701362,4.0,tracking,1,-0.7,1,0,1,force_bus_tool_compensated,4,phathom_s_scan:tracking t=13.04 contact=1 vz_cmd=-0.7
916348.973979155,916348.97158163,25033,1788822014.9331381,1.6845988155532043,1.3989344209774741,4.009394207960853,0.09703861884618847,-0.016049946754182233,0.071314552803411,4.0,tracking,1,-0.4,1,0,1,force_bus_tool_compensated,4,phathom_s_scan:tracking t=13.04 contact=1 vz_cmd=-0.4
916348.983970076,916348.981373343,25035,1788822014.9429314,2.1165416299015347,1.4837143388743594,4.283875775103815,0.11265905339561252,-0.04934511481638682,0.08249942418552365,4.0,tracking,1,-1.1,1,0,1,force_bus_tool_compensated,4,phathom_s_scan:tracking t=13.05 contact=1 vz_cmd=-1.1
916348.993958257,916348.991715752,25037,1788822014.9532669,1.5537940232531526,1.519418391774501,4.107445559432606,0.11865016659742256,0.0007831656490584961,0.09679798340690779,4.0,tracking,1,-1.0,1,0,1,force_bus_tool_compensated,4,phathom_s_scan:tracking t=13.07 contact=1 vz_cmd=-1.0
916349.003974373,916349.00181391,25039,1788822014.9633706,1.4701433180857424,1.3366918514004287,4.047745065837624,0.1118598245692018,0.0008745867471224207,0.08906956839089883,4.0,tracking,1,-0.7,1,0,1,force_bus_tool_compensated,4,phathom_s_scan:tracking t=13.07 contact=1 vz_cmd=-0.7
916349.013983881,916349.011467542,25041,1788822014.97302,1.538850407688231,1.511277167627794,4.1987956006129314,0.12848463400776164,-0.011702969190049517,0.08093352926772127,4.0,tracking,1,-0.8,1,0,1,force_bus_tool_compensated,4,phathom_s_scan:tracking t=13.08 contact=1 vz_cmd=-0.8
916349.023965577,916349.021694886,25043,1788822014.9832456,1.8351385647710206,1.487224152733348,4.369546633826469,0.1256901071907077,-0.028248120203310908,0.09511739368499161,4.0,tracking,1,-2.2,1,0,1,force_bus_tool_compensated,4,phathom_s_scan:tracking t=13.09 contact=1 vz_cmd=-2.2
916349.033958597,916349.031833561,25045,1788822014.993391,1.6242262390482392,1.4280664628745627,3.9344069779507347,0.10675386946808618,-0.007391740916336899,0.08344795152552548,4.0,tracking,1,-1.7,1,0,1,force_bus_tool_compensated,4,phathom_s_scan:tracking t=13.11 contact=1 vz_cmd=-1.7
916349.043957843,916349.041334697,25047,1788822015.0028923,1.733341611006207,1.2210050994647412,3.9331001641927696,0.09593179747908678,-0.01592251718731846,0.06418595924712933,4.0,tracking,1,-1.1,1,0,1,force_bus_tool_compensated,4,phathom_s_scan:tracking t=13.11 contact=1 vz_cmd=-1.1
916349.053987172,916349.051412075,25049,1788822015.0129635,2.0087659553128625,1.4767139451111877,4.218900641836696,0.11722340820489352,-0.04990041105250927,0.09982213554304317,4.0,tracking,1,-1.1,1,0,1,force_bus_tool_compensated,4,phathom_s_scan:tracking t=13.12 contact=1 vz_cmd=-1.1
916349.06399149,916349.061367968,25051,1788822015.022925,1.6739367531607143,1.4132117068538297,4.046276664384574,0.11192685152197449,-0.014496842148316832,0.07444867373661324,4.0,tracking,1,-0.8,1,0,1,force_bus_tool_compensated,4,phathom_s_scan:tracking t=13.14 contact=1 vz_cmd=-0.8
916349.073978074,916349.071509009,25053,1788822015.0330658,1.4937721026784974,1.5755641475067057,3.9123342948431112,0.12253566166902222,-0.01343885653410059,0.09129595467165014,4.0,tracking,1,-0.6,1,0,1,force_bus_tool_compensated,4,phathom_s_scan:tracking t=13.14 contact=1 vz_cmd=-0.6
916349.083988255,916349.081585289,25055,1788822015.0431368,1.8063159173626848,1.6863437555395615,4.242608191267353,0.12725378707888074,-0.03650247050621268,0.08161153973401748,4.0,tracking,1,-0.9,1,0,1,force_bus_tool_compensated,4,phathom_s_scan:tracking t=13.15 contact=1 vz_cmd=-0.9
916349.09397629,916349.091410895,25057,1788822015.0529678,1.4178295777986483,1.5248381841698795,3.934345798353589,0.11015630796580844,-0.013824548584995499,0.08518257342563337,4.0,tracking,1,-0.6,1,0,1,force_bus_tool_compensated,4,phathom_s_scan:tracking t=13.16 contact=1 vz_cmd=-0.6
916349.103987426,916349.101494798,25059,1788822015.0630517,1.300807831997405,1.3944436437695291,3.7495149052626555,0.09465552302239129,-0.004955389233590635,0.07805008498912341,4.0,tracking,1,0.3,1,0,1,force_bus_tool_compensated,4,phathom_s_scan:tracking t=13.18 contact=1 vz_cmd=+0.3
916349.113991285,916349.111605665,25061,1788822015.0731597,1.5325938440647269,1.4855792338167217,3.8564955356422264,0.11268520835904275,-0.015295371222356703,0.08692933914876474,4.0,tracking,1,0.3,1,0,1,force_bus_tool_compensated,4,phathom_s_scan:tracking t=13.18 contact=1 vz_cmd=+0.3
916349.123958598,916349.1216169,25063,1788822015.0831733,1.3818240177233112,1.2740164031768062,3.571262871795974,0.09744629308149284,-0.006254163347905951,0.08196163375076838,4.0,tracking,1,2.1,1,0,1,force_bus_tool_compensated,4,phathom_s_scan:tracking t=13.19 contact=1 vz_cmd=+2.1
916349.133958346,916349.13140342,25065,1788822015.092959,1.4336953951140787,1.1017743405509073,3.518533573601676,0.09681810730064208,-0.00788685124807391,0.07728748742251003,4.0,tracking,1,4.7,1,0,1,force_bus_tool_compensated,4,phathom_s_scan:tracking t=13.20 contact=1 vz_cmd=+4.7
916349.143969673,916349.141693618,25067,1788822015.1032515,1.684552614018881,1.177309238590433,3.7902893547044214,0.11709502362198314,-0.030896527193975898,0.08535739464484834,4.0,tracking,1,4.3,1,0,1,force_bus_tool_compensated,4,phathom_s_scan:tracking t=13.21 contact=1 vz_cmd=+4.3
916349.153939303,916349.151415871,25069,1788822015.112973,1.641951382723867,1.2895871735608215,3.7996927915091825,0.12074639945733949,-0.03155394507233019,0.07995178594329341,4.0,tracking,1,3.2,1,0,1,force_bus_tool_compensated,4,phathom_s_scan:tracking t=13.22 contact=1 vz_cmd=+3.2
916349.163976003,916349.161802905,25071,1788822015.1233563,1.5611385221158656,1.264833211968894,3.6607476300119637,0.1106834035369327,-0.016041879201043562,0.07742398780351514,4.0,tracking,1,3.9,1,0,1,force_bus_tool_compensated,4,phathom_s_scan:tracking t=13.23 contact=1 vz_cmd=+3.9
916349.173964922,916349.171560929,25073,1788822015.1331172,1.622720902846143,1.3552129135926911,3.840971086902181,0.11912030348106722,-0.017925376743605684,0.08156708429341122,4.0,tracking,1,3.4,1,0,1,force_bus_tool_compensated,4,phathom_s_scan:tracking t=13.24 contact=1 vz_cmd=+3.4
916349.18399263,916349.18155018,25075,1788822015.1431065,1.5792552852719286,1.2074542101077166,3.7818299474177977,0.10078463889466727,-0.014123452060904911,0.07997595724474885,4.0,tracking,1,2.7,1,0,1,force_bus_tool_compensated,4,phathom_s_scan:tracking t=13.25 contact=1 vz_cmd=+2.7
916349.193998274,916349.191692069,25077,1788822015.153244,1.4710230458680145,1.1125117757719913,3.552040649541893,0.09446484439078023,-0.0007015512050224625,0.08383596079598334,4.0,tracking,1,4.3,1,0,1,force_bus_tool_compensated,4,phathom_s_scan:tracking t=13.26 contact=1 vz_cmd=+4.3
916349.203995176,916349.201752242,25079,1788822015.1633093,1.56463574915949,1.2738117392856008,3.7916218368042878,0.11708450975919218,-0.00538596779158102,0.0868216901522866,4.0,tracking,1,4.8,1,0,1,force_bus_tool_compensated,4,phathom_s_scan:tracking t=13.27 contact=1 vz_cmd=+4.8
916349.213959918,916349.21127975,25081,1788822015.1728365,1.645578568970713,1.1388859988935953,4.026064048338159,0.11073323636082194,-0.02000092058827478,0.08119425260229285,4.0,tracking,1,3.2,1,0,1,force_bus_tool_compensated,4,phathom_s_scan:tracking t=13.28 contact=1 vz_cmd=+3.2
916349.22397383,916349.221716463,25083,1788822015.1832685,1.412737569122027,0.7794315102548033,3.9964836320263983,0.09266184025740323,-0.0032582981159887856,0.07446921773265132,4.0,tracking,1,2.2,1,0,1,force_bus_tool_compensated,4,phathom_s_scan:tracking t=13.29 contact=1 vz_cmd=+2.2
916349.233964386,916349.231464745,25085,1788822015.1930223,1.7180081695609277,1.0754987053657585,4.170856386865013,0.1107383022486631,-0.02426296191514272,0.07998801186968185,4.0,tracking,1,1.3,1,0,1,force_bus_tool_compensated,4,phathom_s_scan:tracking t=13.30 contact=1 vz_cmd=+1.3
916349.243961608,916349.241377586,25087,1788822015.2029345,1.8351123471458717,1.2302856408855682,4.281508892096014,0.1188649759627755,-0.02319087326615423,0.08531817652478799,4.0,tracking,1,-0.3,1,0,1,force_bus_tool_compensated,4,phathom_s_scan:tracking t=13.31 contact=1 vz_cmd=-0.3
916349.254011724,916349.251772369,25089,1788822015.213324,1.7348238131575462,1.1366874117242096,4.092237546537855,0.10194020963495813,-0.007194349041221689,0.07554837325738609,4.0,tracking,1,-0.8,1,0,1,force_bus_tool_compensated,4,phathom_s_scan:tracking t=13.32 contact=1 vz_cmd=-0.8
916349.263964282,916349.261522898,25091,1788822015.2230787,1.5769900874174443,1.0324265321794646,3.834275073514591,0.09551307134535025,0.006009426394833112,0.08185802754943733,4.0,tracking,1,-0.3,1,0,1,force_bus_tool_compensated,4,phathom_s_scan:tracking t=13.33 contact=1 vz_cmd=-0.3
916349.273958133,916349.271445019,25093,1788822015.233002,1.9499995430632053,1.5346577864712165,4.380544801898905,0.13078568813979838,-0.029056458872257468,0.06933061667895704,4.0,tracking,1,-1.2,1,0,1,force_bus_tool_compensated,4,phathom_s_scan:tracking t=13.34 contact=1 vz_cmd=-1.2
916349.283981645,916349.281601711,25095,1788822015.243149,1.7492607617016693,1.2526290913900566,4.227640273447733,0.10284741125793477,-0.015505229108458139,0.09126987163554105,4.0,tracking,1,-2.0,1,0,1,force_bus_tool_compensated,4,phathom_s_scan:tracking t=13.35 contact=1 vz_cmd=-2.0
916349.293997801,916349.291321235,25097,1788822015.2528787,1.8259161920828568,1.5077009908018124,4.240602861394576,0.12461949434893585,-0.016661634349953373,0.08802920343241107,4.0,tracking,1,-2.2,1,0,1,force_bus_tool_compensated,4,phathom_s_scan:tracking t=13.37 contact=1 vz_cmd=-2.2
916349.303964876,916349.301484906,25099,1788822015.2630417,1.4226524509829777,1.3427909196141867,4.373439222878558,0.11117756785863545,0.0011260856772193919,0.06874647231139164,4.0,tracking,1,-3.2,1,0,1,force_bus_tool_compensated,4,phathom_s_scan:tracking t=13.37 contact=1 vz_cmd=-3.2
916349.31398197,916349.311432182,25101,1788822015.2729907,1.4380760416473621,1.2609798992450971,4.406082908656733,0.09873834660806889,-0.005152318159356683,0.07358946306464564,4.0,tracking,1,-4.4,1,0,1,force_bus_tool_compensated,4,phathom_s_scan:tracking t=13.38 contact=1 vz_cmd=-4.4
916349.323979115,916349.321434072,25103,1788822015.2829916,1.56612277162204,1.4167284853670776,4.205358377038207,0.11901659071993474,-0.003079934759371792,0.07683401073531793,4.0,tracking,1,-3.9,1,0,1,force_bus_tool_compensated,4,phathom_s_scan:tracking t=13.39 contact=1 vz_cmd=-3.9
916349.333968162,916349.331661592,25105,1788822015.2932172,1.2073081370345304,1.3747794951487715,3.941041086765665,0.10549800602239885,0.031914724273501865,0.08731357741850997,4.0,tracking,1,-2.6,1,0,1,force_bus_tool_compensated,4,phathom_s_scan:tracking t=13.40 contact=1 vz_cmd=-2.6
916349.343989201,916349.341349238,25107,1788822015.3029075,1.5980385142203217,1.3385613505348144,4.003484448143153,0.10312493707629576,0.00513931399476711,0.07945775263977674,4.0,tracking,1,-1.8,1,0,1,force_bus_tool_compensated,4,phathom_s_scan:tracking t=13.41 contact=1 vz_cmd=-1.8
916349.353980029,916349.35151238,25109,1788822015.3130693,1.5831812138829133,1.3833745279736211,3.859754977232936,0.09247370590216833,-0.004721037593860248,0.06264357421449226,4.0,tracking,1,-1.1,1,0,1,force_bus_tool_compensated,4,phathom_s_scan:tracking t=13.43 contact=1 vz_cmd=-1.1
916349.36397106,916349.361806719,25111,1788822015.3233628,1.5459458577432472,1.577171327563198,3.8668927492689873,0.1051189975245964,-0.007738390127300138,0.08489154645077455,4.0,tracking,1,-0.6,1,0,1,force_bus_tool_compensated,4,phathom_s_scan:tracking t=13.43 contact=1 vz_cmd=-0.6
916349.373967253,916349.371435283,25113,1788822015.3329928,1.570996757449712,1.406230593739472,3.89999120994286,0.10139620632913712,-0.018906203678085445,0.07489982258384606,4.0,tracking,1,-0.4,1,0,1,force_bus_tool_compensated,4,phathom_s_scan:tracking t=13.44 contact=1 vz_cmd=-0.4
916349.383963022,916349.381399831,25115,1788822015.342957,1.6598993413442218,1.804881931214567,4.0564081059985355,0.13698858084045604,-0.02577891249244787,0.08506838349972132,4.0,tracking,1,-0.3,1,0,1,force_bus_tool_compensated,4,phathom_s_scan:tracking t=13.45 contact=1 vz_cmd=-0.3
916349.393995481,916349.392051098,25117,1788822015.3536046,1.36776765770304,1.5999840826319467,3.801780171642875,0.10444039134390636,-0.01396935061207149,0.07841059986671949,4.0,tracking,1,0.1,1,0,1,force_bus_tool_compensated,4,phathom_s_scan:tracking t=13.46 contact=1 vz_cmd=+0.1
916349.403992671,916349.401549637,25119,1788822015.3631065,1.3144650273996903,1.4803616958233508,3.575033688307381,0.09976542475079789,0.007931827369912284,0.07362755633049736,4.0,tracking,1,2.1,1,0,1,force_bus_tool_compensated,4,phathom_s_scan:tracking t=13.47 contact=1 vz_cmd=+2.1
916349.413990458,916349.411428031,25121,1788822015.3729844,1.407846622602553,1.5829675584148066,3.752879520979275,0.09481964186988535,-0.012163485769288673,0.07447469179049541,4.0,tracking,1,2.7,1,0,1,force_bus_tool_compensated,4,phathom_s_scan:tracking t=13.48 contact=1 vz_cmd=+2.7
916349.423994364,916349.421814899,25123,1788822015.3833668,1.1044210076911394,1.4060837658860843,3.822651035042087,0.09261363757718463,0.006323232671765497,0.07328682794529395,4.0,tracking,1,2.3,1,0,1,force_bus_tool_compensated,4,phathom_s_scan:tracking t=13.49 contact=1 vz_cmd=+2.3
916349.433982667,916349.431660771,25125,1788822015.3932183,1.178752750080193,1.3938159029824468,3.648829320593033,0.0918943310464367,0.0072195145904487635,0.06962483357499208,4.0,tracking,1,3.1,1,0,1,force_bus_tool_compensated,4,phathom_s_scan:tracking t=13.50 contact=1 vz_cmd=+3.1
916349.443980078,916349.441336574,25127,1788822015.402891,1.268674198012253,1.348439271940832,3.871429494083349,0.09212234943241684,0.005216328373510518,0.07976192298889241,4.0,tracking,1,2.5,1,0,1,force_bus_tool_compensated,4,phathom_s_scan:tracking t=13.51 contact=1 vz_cmd=+2.5
916349.453998676,916349.45189766,25129,1788822015.4134474,1.55518136672056,1.4732224256163116,3.987638438055143,0.11332867897308188,-0.007454473551495547,0.0793902709404669,4.0,tracking,1,1.7,1,0,1,force_bus_tool_compensated,4,phathom_s_scan:tracking t=13.52 contact=1 vz_cmd=+1.7
916349.463984869,916349.46127387,25131,1788822015.4228325,1.3993535023945927,1.3927814337079805,3.8128309428290166,0.10392386548302923,0.009805649602950476,0.07629938645460436,4.0,tracking,1,1.4,1,0,1,force_bus_tool_compensated,4,phathom_s_scan:tracking t=13.53 contact=1 vz_cmd=+1.4
916349.473976615,916349.471427626,25133,1788822015.4329844,1.4922272426154033,1.3843447955625667,3.8005786287093652,0.09668729041061806,0.001168588698764441,0.07533223985492853,4.0,tracking,1,1.8,1,0,1,force_bus_tool_compensated,4,phathom_s_scan:tracking t=13.55 contact=1 vz_cmd=+1.8
916349.483970283,916349.481798677,25135,1788822015.443348,1.5635909963929668,1.4616146159801364,3.9076275855141414,0.10485234282176487,-0.006905633211008791,0.08360441520685469,4.0,tracking,1,1.2,1,0,1,force_bus_tool_compensated,4,phathom_s_scan:tracking t=13.55 contact=1 vz_cmd=+1.2
916349.493979118,916349.491650965,25137,1788822015.4532077,1.5446413780265917,1.4449571785288118,4.021012091607382,0.10324516094692317,-0.006520251559978671,0.07972046079283053,4.0,tracking,1,0.8,1,0,1,force_bus_tool_compensated,4,phathom_s_scan:tracking t=13.56 contact=1 vz_cmd=+0.8
916349.503985159,916349.501450551,25139,1788822015.4630067,1.4013853074406795,1.2829147171455957,3.7526737714894174,0.09730243921046174,0.004409483148037635,0.08746084582582084,4.0,tracking,1,1.1,1,0,1,force_bus_tool_compensated,4,phathom_s_scan:tracking t=13.57 contact=1 vz_cmd=+1.1
916349.513983058,916349.511830165,25141,1788822015.4733872,1.5194394309023092,1.3362036843555956,3.9547794613184855,0.11527857356266044,-0.007291136203633649,0.07702275017798965,4.0,tracking,1,0.8,1,0,1,force_bus_tool_compensated,4,phathom_s_scan:tracking t=13.58 contact=1 vz_cmd=+0.8
916349.523976376,916349.521414542,25143,1788822015.4829717,1.4002765539455613,1.3723733452130862,4.1939859759523195,0.12143386756511133,-0.0004105622823598842,0.09098282604329708,4.0,tracking,1,0.3,1,0,1,force_bus_tool_compensated,4,phathom_s_scan:tracking t=13.59 contact=1 vz_cmd=+0.3
916349.533989929,916349.531821944,25145,1788822015.4933774,1.466384014290731,1.3771216438673353,3.9561739643158633,0.11720758669345208,0.002659129150635155,0.09356863151150785,4.0,tracking,1,0.2,1,0,1,force_bus_tool_compensated,4,phathom_s_scan:tracking t=13.60 contact=1 vz_cmd=+0.2
916349.543974985,916349.541730354,25147,1788822015.5032878,1.5258054613805963,1.2882623130897957,3.8401949566547975,0.09968406654144786,0.011359213951435881,0.06314533663438604,4.0,tracking,1,0.3,1,0,1,force_bus_tool_compensated,4,phathom_s_scan:tracking t=13.61 contact=1 vz_cmd=+0.3
916349.553993801,916349.551677558,25149,1788822015.5132346,1.45514836449456,1.3608571855520994,3.87869814944138,0.09951152304928494,0.010979779434610419,0.0845401728433709,4.0,tracking,1,0.3,1,0,1,force_bus_tool_compensated,4,phathom_s_scan:tracking t=13.62 contact=1 vz_cmd=+0.3
916349.563966183,916349.561688763,25151,1788822015.5232441,1.451667791933195,1.160573676932571,3.7898550433147813,0.08618235976782931,0.013652023128905687,0.06698764007627164,4.0,tracking,1,0.7,1,0,1,force_bus_tool_compensated,4,phathom_s_scan:tracking t=13.63 contact=1 vz_cmd=+0.7
916349.573968915,916349.571509019,25153,1788822015.5330634,1.6270830038382396,1.5157447284566208,4.11218357825835,0.11601552620084876,-0.011807652503206574,0.08965364382355581,4.0,tracking,1,0.4,1,0,1,force_bus_tool_compensated,4,phathom_s_scan:tracking t=13.64 contact=1 vz_cmd=+0.4
916349.583993126,916349.581427956,25155,1788822015.5429854,1.6150120461108652,1.8802413300799992,4.208458786261822,0.12982030467564643,-0.02057971234543323,0.08403209086263029,4.0,tracking,1,-0.2,1,0,1,force_bus_tool_compensated,4,phathom_s_scan:tracking t=13.65 contact=1 vz_cmd=-0.2
916349.593991235,916349.591649336,25157,1788822015.5532045,1.277471214363631,1.7070467200369546,3.941577311103602,0.10910103184946898,0.008870820763292837,0.07889578536428749,4.0,tracking,1,-0.1,1,0,1,force_bus_tool_compensated,4,phathom_s_scan:tracking t=13.66 contact=1 vz_cmd=-0.1
916349.603987128,916349.601589879,25159,1788822015.5631466,1.3578768749077794,1.8739471545812876,4.118275904092783,0.11544159561368474,-0.004334205750988511,0.08789811502694005,4.0,tracking,1,-0.1,1,0,1,force_bus_tool_compensated,4,phathom_s_scan:tracking t=13.67 contact=1 vz_cmd=-0.1
916349.613964219,916349.611390768,25161,1788822015.572947,1.2520690167354045,1.8206874889289357,3.947281830459639,0.10580442961469308,0.012199523533596934,0.07315468734316147,4.0,tracking,1,-0.1,1,0,1,force_bus_tool_compensated,4,phathom_s_scan:tracking t=13.68 contact=1 vz_cmd=-0.1
916349.623991353,916349.621631511,25163,1788822015.5831869,1.2860831696001684,1.8408621054157313,3.9141018287861673,0.10779545576450746,0.0038958998014739666,0.08548230840384283,4.0,tracking,1,-0.1,1,0,1,force_bus_tool_compensated,4,phathom_s_scan:tracking t=13.69 contact=1 vz_cmd=-0.1
916349.633963195,916349.631627825,25165,1788822015.5931852,1.4113510439454362,1.6886291466739272,3.937306095066194,0.09293663517414898,-0.006705377810927265,0.07206445291633454,4.0,tracking,1,-0.0,1,0,1,force_bus_tool_compensated,4,phathom_s_scan:tracking t=13.70 contact=1 vz_cmd=-0.0
916349.643970677,916349.641456844,25167,1788822015.603015,1.461687761802996,1.6138272257837545,3.9049096550972946,0.0973048621899928,-0.0076112022935368095,0.07163413865025987,4.0,tracking,1,-0.0,1,0,1,force_bus_tool_compensated,4,phathom_s_scan:tracking t=13.71 contact=1 vz_cmd=-0.0
916349.653970595,916349.651879051,25169,1788822015.6134346,1.3039094615516298,1.40819939326007,3.936201542840286,0.09216478347966181,0.0057449081079225675,0.0713926262861746,4.0,tracking,1,-0.0,1,0,1,force_bus_tool_compensated,4,phathom_s_scan:tracking t=13.72 contact=1 vz_cmd=-0.0
916349.663984596,916349.661497629,25171,1788822015.6230547,1.3733923128667511,1.4397867855602338,3.9054473027326444,0.10579299692672346,0.0015534579344226248,0.07800403959803522,4.0,tracking,1,0.0,1,0,1,force_bus_tool_compensated,4,phathom_s_scan:tracking t=13.73 contact=1 vz_cmd=+0.0
916349.673948719,916349.671404074,25173,1788822015.6329615,1.5200920266531617,1.7169998214697746,3.9296690914472086,0.13193488570370918,-0.007484350452583156,0.09032295503284692,4.0,tracking,1,0.0,1,0,1,force_bus_tool_compensated,4,phathom_s_scan:tracking t=13.74 contact=1 vz_cmd=+0.0
916349.68398746,916349.681725656,25175,1788822015.643282,1.2431751522052081,1.5879044193636098,3.7465859068688374,0.11063174849780281,0.006215573466681302,0.0867083498465579,4.0,tracking,1,0.7,1,0,1,force_bus_tool_compensated,4,phathom_s_scan:tracking t=13.75 contact=1 vz_cmd=+0.7
916349.693956958,916349.691646977,25177,1788822015.6532037,1.2331902645434858,1.5700887329813715,3.672136295991194,0.10634767783713014,0.015041715471330073,0.07380605480426845,4.0,tracking,1,2.0,1,0,1,force_bus_tool_compensated,4,phathom_s_scan:tracking t=13.76 contact=1 vz_cmd=+2.0
916349.703972161,916349.701405596,25179,1788822015.6629632,1.0883264517914832,1.3211308967384479,3.6448240703140793,0.08793088154450954,0.026572289155990837,0.07664786548782324,4.0,tracking,1,3.1,1,0,1,force_bus_tool_compensated,4,phathom_s_scan:tracking t=13.77 contact=1 vz_cmd=+3.1
916349.713954728,916349.711274906,25181,1788822015.6728327,1.095921342694891,1.239361988793137,3.512387261026495,0.07967036571551375,0.014736611754942938,0.07433096505745494,4.0,tracking,1,4.8,1,0,1,force_bus_tool_compensated,4,phathom_s_scan:tracking t=13.78 contact=1 vz_cmd=+4.8
916349.723988722,916349.721386585,25183,1788822015.6829436,1.382805167033209,1.5225224657935905,3.8771620706176715,0.12530267861353545,-0.005219982193029987,0.08515265408094372,4.0,tracking,1,3.9,1,0,1,force_bus_tool_compensated,4,phathom_s_scan:tracking t=13.80 contact=1 vz_cmd=+3.9
916349.733958899,916349.731450956,25185,1788822015.6930068,1.4218758777448042,1.4456073310501458,3.814030400082369,0.11254839677171961,-0.007310461984728028,0.0863224322980983,4.0,tracking,1,2.9,1,0,1,force_bus_tool_compensated,4,phathom_s_scan:tracking t=13.81 contact=1 vz_cmd=+2.9
916349.743986817,916349.741390523,25187,1788822015.7029438,1.4895105619975446,1.2686945774283418,3.6844239976114954,0.09755256187881324,-0.011847771162664366,0.07404465386257848,4.0,tracking,1,3.3,1,0,1,force_bus_tool_compensated,4,phathom_s_scan:tracking t=13.81 contact=1 vz_cmd=+3.3
916349.753964629,916349.75142393,25189,1788822015.7129767,1.68819673070319,1.4072777461592898,3.65168932845373,0.10368826714021658,-0.005024167639928873,0.07760339481831725,4.0,tracking,1,4.0,1,0,1,force_bus_tool_compensated,4,phathom_s_scan:tracking t=13.82 contact=1 vz_cmd=+4.0
916349.76397016,916349.762045299,25191,1788822015.7235997,1.479893153988117,1.5068934165467318,3.6587025866679195,0.10269558983961391,-0.023116520452542238,0.08039865472013058,4.0,tracking,1,4.4,1,0,1,force_bus_tool_compensated,4,phathom_s_scan:tracking t=13.83 contact=1 vz_cmd=+4.4
916349.773965589,916349.771503682,25193,1788822015.733059,1.519109554333629,1.5166181842523834,3.6440590147265177,0.10626358270434953,-0.007904592270616378,0.0799126632382545,4.0,tracking,1,4.8,1,0,1,force_bus_tool_compensated,4,phathom_s_scan:tracking t=13.84 contact=1 vz_cmd=+4.8
916349.783937124,916349.781565505,25195,1788822015.743122,1.0167567243612978,1.4940241969381978,3.73730799840137,0.10313071786720346,0.012144887839586387,0.07929464368329063,4.0,tracking,1,4.5,1,0,1,force_bus_tool_compensated,4,phathom_s_scan:tracking t=13.85 contact=1 vz_cmd=+4.5
916349.793976233,916349.791534901,25197,1788822015.7530892,1.4751747687129235,1.5243095765464854,3.9181393488525913,0.10520587077381024,-0.016191482374498734,0.07563121591804482,4.0,tracking,1,3.3,1,0,1,force_bus_tool_compensated,4,phathom_s_scan:tracking t=13.86 contact=1 vz_cmd=+3.3
916349.803971055,916349.801566111,25199,1788822015.7631228,1.3670919177445138,1.4938780293251501,3.9498765693811744,0.10304772650350666,-0.008792406729397292,0.07755499292978957,4.0,tracking,1,2.2,1,0,1,force_bus_tool_compensated,4,phathom_s_scan:tracking t=13.87 contact=1 vz_cmd=+2.2
916349.813971435,916349.811531392,25201,1788822015.7730863,1.4009577414937817,1.3875393035103032,3.922264280147777,0.09521095140904712,-0.0029511092273787586,0.07366655251569532,4.0,tracking,1,1.6,1,0,1,force_bus_tool_compensated,4,phathom_s_scan:tracking t=13.88 contact=1 vz_cmd=+1.6
916349.823964996,916349.821839116,25203,1788822015.7833934,1.5504445364861028,1.4550077709616178,4.059234361677146,0.10659508400493188,-0.004599082750178851,0.07569671431456307,4.0,tracking,1,1.0,1,0,1,force_bus_tool_compensated,4,phathom_s_scan:tracking t=13.89 contact=1 vz_cmd=+1.0
916349.833989497,916349.831462946,25205,1788822015.7930207,1.4051998935932732,1.519734395253068,3.7497449411042436,0.1058461140369191,0.01390277728140554,0.07966684552843308,4.0,tracking,1,1.2,1,0,1,force_bus_tool_compensated,4,phathom_s_scan:tracking t=13.90 contact=1 vz_cmd=+1.2
916349.843968961,916349.841456692,25207,1788822015.80301,1.7745263091174257,1.4994909110409465,4.059557211623847,0.09613925423954481,-0.007821724371424595,0.07243304949496546,4.0,tracking,1,0.8,1,0,1,force_bus_tool_compensated,4,phathom_s_scan:tracking t=13.92 contact=1 vz_cmd=+0.8
916349.853971845,916349.851783458,25209,1788822015.813336,1.6742203468156047,1.3851284429608928,3.870838783584945,0.09022774517744575,-0.006392378700700813,0.06232858138960187,4.0,tracking,1,0.6,1,0,1,force_bus_tool_compensated,4,phathom_s_scan:tracking t=13.92 contact=1 vz_cmd=+0.6
916349.863996753,916349.861455272,25211,1788822015.8230119,1.278728470636949,1.5727113896908185,4.061638830776963,0.09651905895158591,0.0047390578997236945,0.07992211120722843,4.0,tracking,1,0.4,1,0,1,force_bus_tool_compensated,4,phathom_s_scan:tracking t=13.93 contact=1 vz_cmd=+0.4
916349.873986322,916349.87142894,25213,1788822015.8329866,1.4438448272330693,1.2158296204696968,3.905788729551086,0.07935024258064578,0.001382340421050938,0.06416024797573773,4.0,tracking,1,0.3,1,0,1,force_bus_tool_compensated,4,phathom_s_scan:tracking t=13.94 contact=1 vz_cmd=+0.3
916349.883955881,916349.881397402,25215,1788822015.842955,1.3743688492953483,1.6198058572282736,4.135719721618441,0.11731420649044053,0.0018920787736516286,0.07719987364620612,4.0,tracking,1,0.1,1,0,1,force_bus_tool_compensated,4,phathom_s_scan:tracking t=13.95 contact=1 vz_cmd=+0.1
916349.893964235,916349.891479966,25217,1788822015.8530357,1.3221732647919968,1.447864351750006,4.16402997133012,0.10259559120228244,-0.002804826617902938,0.08361837685319438,4.0,tracking,1,-0.2,1,0,1,force_bus_tool_compensated,4,phathom_s_scan:tracking t=13.96 contact=1 vz_cmd=-0.2
916349.903979381,916349.90155788,25219,1788822015.8631136,1.4555908444491765,1.6768819333625942,3.919044506018019,0.11673247688379476,0.010133642131279971,0.08076517563653512,4.0,tracking,1,-0.1,1,0,1,force_bus_tool_compensated,4,phathom_s_scan:tracking t=13.97 contact=1 vz_cmd=-0.1
916349.913973541,916349.911654196,25221,1788822015.873211,1.2436499601324649,1.33749317196861,3.9321263126742867,0.0843585082742161,0.013054573824299885,0.074947440377077,4.0,tracking,1,-0.1,1,0,1,force_bus_tool_compensated,4,phathom_s_scan:tracking t=13.98 contact=1 vz_cmd=-0.1
916349.923974816,916349.92157146,25223,1788822015.8831255,1.2972058294320419,1.4057686411720964,3.896166919421105,0.08677425436702405,0.011599176479076418,0.07729342101249748,4.0,tracking,1,-0.0,1,0,1,force_bus_tool_compensated,4,phathom_s_scan:tracking t=13.99 contact=1 vz_cmd=-0.0
916349.934059462,916349.931655181,25225,1788822015.8932118,1.6053792570274557,1.4713448328151901,4.203148821279298,0.1005901414613805,-0.0032858158632524054,0.07001716834642574,4.0,tracking,1,-0.4,1,0,1,force_bus_tool_compensated,4,phathom_s_scan:tracking t=14.00 contact=1 vz_cmd=-0.4
916349.9439639,916349.941331794,25227,1788822015.9028883,1.4001009732358447,1.447396003823587,4.015759569394695,0.1001937793852114,0.014226433189711897,0.0822171058216821,4.0,tracking,1,-0.3,1,0,1,force_bus_tool_compensated,4,phathom_s_scan:tracking t=14.01 contact=1 vz_cmd=-0.3
916349.953980061,916349.951683365,25229,1788822015.913239,1.4931796252232732,1.5880198846185325,4.010636825963697,0.10603634639201083,0.01138153045433153,0.08047736367129288,4.0,tracking,1,-0.2,1,0,1,force_bus_tool_compensated,4,phathom_s_scan:tracking t=14.02 contact=1 vz_cmd=-0.2
916349.963969266,916349.961442752,25231,1788822015.9229975,1.2602429814717113,1.6036983858351115,4.070313889309864,0.1020550513059164,0.023878431797409144,0.0675441862598029,4.0,tracking,1,-0.1,1,0,1,force_bus_tool_compensated,4,phathom_s_scan:tracking t=14.03 contact=1 vz_cmd=-0.1
916349.973990556,916349.971622698,25233,1788822015.9331787,1.2849706549792526,1.3853832232657866,4.008901579123666,0.08389427829828194,0.016089189991750182,0.07622320587470746,4.0,tracking,1,-0.1,1,0,1,force_bus_tool_compensated,4,phathom_s_scan:tracking t=14.04 contact=1 vz_cmd=-0.1
916349.984023923,916349.981412648,25235,1788822015.94297,1.3987143968376619,1.3556148307748437,4.218136188096257,0.08427039059635681,0.010070087219099803,0.0725644820364944,4.0,tracking,1,-0.5,1,0,1,force_bus_tool_compensated,4,phathom_s_scan:tracking t=14.05 contact=1 vz_cmd=-0.5
916349.993974499,916349.991730095,25237,1788822015.953285,1.4060763636819804,1.6569879299293184,4.313920303037655,0.11195576587086026,0.013945493209146913,0.08460307545421505,4.0,tracking,1,-1.7,1,0,1,force_bus_tool_compensated,4,phathom_s_scan:tracking t=14.06 contact=1 vz_cmd=-1.7
916350.003992375,916350.001441066,25239,1788822015.9629984,1.302979986713591,1.534941548691661,4.03709790128376,0.09702666563212259,0.021905142697561688,0.0809863675014413,4.0,tracking,1,-1.3,1,0,1,force_bus_tool_compensated,4,phathom_s_scan:tracking t=14.07 contact=1 vz_cmd=-1.3
916350.013964583,916350.011364707,25241,1788822015.9729207,1.5787309187056167,1.5265065619080669,4.118639168504792,0.102939465018996,0.015099449722594919,0.0753263861274289,4.0,tracking,1,-0.9,1,0,1,force_bus_tool_compensated,4,phathom_s_scan:tracking t=14.08 contact=1 vz_cmd=-0.9
916350.023966854,916350.021749722,25243,1788822015.9833045,1.6289982525306572,1.7490590299748703,4.307578817993767,0.12367675360861749,-0.0020457523778479227,0.07803163966615966,4.0,tracking,1,-1.7,1,0,1,force_bus_tool_compensated,4,phathom_s_scan:tracking t=14.10 contact=1 vz_cmd=-1.7
916350.033958156,916350.031440741,25245,1788822015.9929938,1.483941102045748,1.4834720746487888,3.8766793613747383,0.09560301669973734,0.01441886852618644,0.07373717793707035,4.0,tracking,1,-1.1,1,0,1,force_bus_tool_compensated,4,phathom_s_scan:tracking t=14.10 contact=1 vz_cmd=-1.1
916350.043983501,916350.041558701,25247,1788822016.003116,1.4311733170713263,1.6160916691553162,3.797119256726869,0.10445741510758108,0.013899575774147847,0.08667274348617446,4.0,tracking,1,-0.3,1,0,1,force_bus_tool_compensated,4,phathom_s_scan:tracking t=14.11 contact=1 vz_cmd=-0.3
916350.053963742,916350.05170307,25249,1788822016.0132585,1.4388959990537773,1.6993717491497908,4.165812692789219,0.11975549265617016,-0.007407125895823616,0.07669024169459965,4.0,tracking,1,-0.3,1,0,1,force_bus_tool_compensated,4,phathom_s_scan:tracking t=14.12 contact=1 vz_cmd=-0.3
916350.063979913,916350.061339686,25251,1788822016.022897,1.66599096999171,1.5321074972524755,4.185440234946986,0.10388218332498583,-0.02504277594758316,0.08456721193786333,4.0,tracking,1,-0.7,1,0,1,force_bus_tool_compensated,4,phathom_s_scan:tracking t=14.13 contact=1 vz_cmd=-0.7
916350.073973605,916350.071521783,25253,1788822016.0330796,0.8922444190014498,1.5848157907130955,3.555992433852783,0.10118439908108115,0.04150337182808463,0.08761475816822911,4.0,tracking,1,0.6,1,0,1,force_bus_tool_compensated,4,phathom_s_scan:tracking t=14.14 contact=1 vz_cmd=+0.6
916350.083973856,916350.081354023,25255,1788822016.0429113,1.3342869799465062,1.8013334108262102,4.038080623412352,0.11754953714420445,-0.0017150147947711668,0.08950109659791897,4.0,tracking,1,0.9,1,0,1,force_bus_tool_compensated,4,phathom_s_scan:tracking t=14.15 contact=1 vz_cmd=+0.9
916350.093974012,916350.091460823,25257,1788822016.0530112,1.2698503083039598,1.7764070513741206,3.8978638618257997,0.10990549452658234,0.007245804118274707,0.07454602354896177,4.0,tracking,1,0.5,1,0,1,force_bus_tool_compensated,4,phathom_s_scan:tracking t=14.16 contact=1 vz_cmd=+0.5
916350.103991364,916350.1014911,25259,1788822016.0630484,1.1779868363143893,1.5893934650085983,3.6900217780661584,0.08285043552078561,0.010163394330188445,0.0675905702251977,4.0,tracking,1,2.0,1,0,1,force_bus_tool_compensated,4,phathom_s_scan:tracking t=14.17 contact=1 vz_cmd=+2.0
916350.113978609,916350.111336014,25261,1788822016.0728936,1.206922861662,1.4161020409361218,3.847637528952508,0.07299007517186579,0.0020595788928745914,0.0644594285193011,4.0,tracking,1,1.7,1,0,1,force_bus_tool_compensated,4,phathom_s_scan:tracking t=14.18 contact=1 vz_cmd=+1.7
916350.1239775,916350.121613209,25263,1788822016.0831652,1.4222612554742005,1.492286493377392,3.9160636227631285,0.08917458498612568,-0.006974550508537892,0.06897010897827462,4.0,tracking,1,1.2,1,0,1,force_bus_tool_compensated,4,phathom_s_scan:tracking t=14.19 contact=1 vz_cmd=+1.2
916350.133963243,916350.131430404,25265,1788822016.0929883,1.4116692485379674,1.807031285889099,3.886154141682341,0.11563928559986134,-0.001770670573006278,0.07297363906043357,4.0,tracking,1,0.8,1,0,1,force_bus_tool_compensated,4,phathom_s_scan:tracking t=14.21 contact=1 vz_cmd=+0.8
916350.144090037,916350.141376078,25267,1788822016.1029327,1.3807033125463761,1.6208034485638765,4.018068379394768,0.1021957043973517,-0.0034317936440620765,0.07553823223084855,4.0,tracking,1,0.5,1,0,1,force_bus_tool_compensated,4,phathom_s_scan:tracking t=14.22 contact=1 vz_cmd=+0.5
916350.153993395,916350.151582042,25269,1788822016.1131377,1.2173026098901825,1.4664924468064915,3.7807295188995895,0.08016349173691875,0.008382406778959047,0.06751952166627968,4.0,tracking,1,0.8,1,0,1,force_bus_tool_compensated,4,phathom_s_scan:tracking t=14.22 contact=1 vz_cmd=+0.8
916350.163959317,916350.161350538,25271,1788822016.1229064,1.2324870258294047,1.5626811621239298,3.7922969538074103,0.09524672566341034,0.01694515068097209,0.06981674077939234,4.0,tracking,1,1.9,1,0,1,force_bus_tool_compensated,4,phathom_s_scan:tracking t=14.23 contact=1 vz_cmd=+1.9
916350.173957503,916350.17141573,25273,1788822016.1329725,1.3309627636189179,1.5053106799470832,3.896911230536917,0.09140769343063443,0.010900568538009067,0.06137652820909048,4.0,tracking,1,1.3,1,0,1,force_bus_tool_compensated,4,phathom_s_scan:tracking t=14.25 contact=1 vz_cmd=+1.3
916350.183962237,916350.181495164,25275,1788822016.143052,1.2011891296201538,1.5020346871031898,3.6520807333292495,0.09171888262623003,0.013460320698072042,0.08247827797116297,4.0,tracking,1,2.6,1,0,1,force_bus_tool_compensated,4,phathom_s_scan:tracking t=14.25 contact=1 vz_cmd=+2.6
916350.19395842,916350.191266002,25277,1788822016.152823,1.307135718263686,1.5137235265995654,3.790586532059402,0.09979451406523757,0.009939994706073303,0.0778302579372703,4.0,tracking,1,2.2,1,0,1,force_bus_tool_compensated,4,phathom_s_scan:tracking t=14.27 contact=1 vz_cmd=+2.2
916350.203971622,916350.201266985,25279,1788822016.16282,1.2244593631130123,1.466964615707381,3.587367933005804,0.09596565508937029,0.019585108890866922,0.08621434651876039,4.0,tracking,1,3.9,1,0,1,force_bus_tool_compensated,4,phathom_s_scan:tracking t=14.27 contact=1 vz_cmd=+3.9
916350.213966664,916350.211274038,25281,1788822016.17283,1.6175869488515453,1.7066273487848773,3.8499704975674134,0.11702431285387302,-0.019853543993294094,0.08059330854235153,4.0,tracking,1,3.1,1,0,1,force_bus_tool_compensated,4,phathom_s_scan:tracking t=14.28 contact=1 vz_cmd=+3.1
916350.223972159,916350.221476791,25283,1788822016.183033,1.2965756024971544,1.6825968966822138,3.747155735501185,0.11464052053019223,0.006815883473641945,0.08070410396078423,4.0,tracking,1,2.8,1,0,1,force_bus_tool_compensated,4,phathom_s_scan:tracking t=14.30 contact=1 vz_cmd=+2.8
916350.234030482,916350.23129301,25285,1788822016.1928504,1.3223551673022012,1.5847860411926862,3.85172030191913,0.0962531934785849,0.00541500850128246,0.075269362099959,4.0,tracking,1,2.3,1,0,1,force_bus_tool_compensated,4,phathom_s_scan:tracking t=14.30 contact=1 vz_cmd=+2.3
916350.243993025,916350.241270798,25287,1788822016.2028286,1.2313908130642868,1.6121681207875875,3.715968706844686,0.09260540910638017,0.010082957551810701,0.0790538275109814,4.0,tracking,1,2.4,1,0,1,force_bus_tool_compensated,4,phathom_s_scan:tracking t=14.31 contact=1 vz_cmd=+2.4
916350.253963093,916350.251497001,25289,1788822016.2130535,1.1032617000777887,1.6345251472900226,3.8334840938524923,0.09321906885190126,0.02185146204839967,0.07549548008718215,4.0,tracking,1,2.3,1,0,1,force_bus_tool_compensated,4,phathom_s_scan:tracking t=14.32 contact=1 vz_cmd=+2.3
916350.263960455,916350.263058116,25291,1788822016.2246141,1.1402275378075666,1.4152729858074815,3.787390381766498,0.08020814149107712,0.0253234541760035,0.07238019134968361,4.0,tracking,1,2.0,1,0,1,force_bus_tool_compensated,4,phathom_s_scan:tracking t=14.33 contact=1 vz_cmd=+2.0
916350.273956245,916350.271423361,25293,1788822016.2329798,1.2004413833828247,1.686537144676035,3.8150670174517316,0.10111836705759504,0.016242355093212268,0.0853818139667818,4.0,tracking,1,2.3,1,0,1,force_bus_tool_compensated,4,phathom_s_scan:tracking t=14.35 contact=1 vz_cmd=+2.3
916350.283980841,916350.281773201,25295,1788822016.2433293,1.2857571561569117,1.6769607822052377,3.8211004232842543,0.10184557385620777,0.00886506027417295,0.0743656194504982,4.0,tracking,1,1.8,1,0,1,force_bus_tool_compensated,4,phathom_s_scan:tracking t=14.35 contact=1 vz_cmd=+1.8
916350.293980932,916350.291668872,25297,1788822016.253222,1.2600142767573517,1.5195280109500355,3.8261554699236555,0.09267580045395105,0.012226043784588385,0.07544556569220232,4.0,tracking,1,2.1,1,0,1,force_bus_tool_compensated,4,phathom_s_scan:tracking t=14.36 contact=1 vz_cmd=+2.1
916350.30397611,916350.301552113,25299,1788822016.2631078,1.483849915002112,1.8028823095901765,3.824414972593612,0.11075802653987438,-0.007099347816027146,0.08077821553456084,4.0,tracking,1,1.6,1,0,1,force_bus_tool_compensated,4,phathom_s_scan:tracking t=14.37 contact=1 vz_cmd=+1.6
916350.313983275,916350.311390949,25301,1788822016.2729485,1.2914859944642554,1.5831238485941748,3.669156998480979,0.09553592061437338,0.002866637778714772,0.08659090237759798,4.0,tracking,1,3.0,1,0,1,force_bus_tool_compensated,4,phathom_s_scan:tracking t=14.38 contact=1 vz_cmd=+3.0
916350.323957888,916350.321854178,25303,1788822016.2834058,1.381618901956893,1.7641662393190942,3.8711161559351135,0.11060601302398791,-0.006061060487332817,0.07331315673882134,4.0,tracking,1,2.2,1,0,1,force_bus_tool_compensated,4,phathom_s_scan:tracking t=14.40 contact=1 vz_cmd=+2.2
916350.333975513,916350.331387424,25305,1788822016.2929387,1.2463235023612516,1.468637664230227,3.7831090672580427,0.08612037472823358,-0.00746329339661577,0.07414602548244845,4.0,tracking,1,2.4,1,0,1,force_bus_tool_compensated,4,phathom_s_scan:tracking t=14.40 contact=1 vz_cmd=+2.4
916350.343957256,916350.341212811,25307,1788822016.3027706,1.263922620658888,1.5374401608954986,3.8886467527445863,0.09313170135704282,0.006814163197086606,0.0756961162034063,4.0,tracking,1,1.6,1,0,1,force_bus_tool_compensated,4,phathom_s_scan:tracking t=14.41 contact=1 vz_cmd=+1.6
916350.353985404,916350.35171061,25309,1788822016.3132656,1.1317832147475198,1.615634299454161,3.8971454719324843,0.1027664383691372,0.012854634558517472,0.08078893845147189,4.0,tracking,1,1.7,1,0,1,force_bus_tool_compensated,4,phathom_s_scan:tracking t=14.42 contact=1 vz_cmd=+1.7
916350.363959014,916350.361240531,25311,1788822016.3227987,1.2332950070241766,1.635289159201234,3.9440216524725913,0.10194707728348759,0.010986929278381033,0.07632321909482506,4.0,tracking,1,1.2,1,0,1,force_bus_tool_compensated,4,phathom_s_scan:tracking t=14.43 contact=1 vz_cmd=+1.2
916350.373973748,916350.371225242,25313,1788822016.332782,1.2569389416686458,1.688440629763645,3.890160035351073,0.09661809487925696,0.010967209522259713,0.07172407339983752,4.0,tracking,1,1.0,1,0,1,force_bus_tool_compensated,4,phathom_s_scan:tracking t=14.44 contact=1 vz_cmd=+1.0
916350.383956824,916350.381383447,25315,1788822016.3429394,1.4898471545877587,1.8651977275449039,4.157113553623521,0.10373132555357926,-0.007961553958674344,0.0781551766012221,4.0,tracking,1,0.5,1,0,1,force_bus_tool_compensated,4,phathom_s_scan:tracking t=14.45 contact=1 vz_cmd=+0.5
916350.393970257,916350.391318963,25317,1788822016.3528736,1.2252350044426454,1.6297387000999572,3.8191692282056895,0.08576594178354756,0.016359637130418346,0.07355761288046705,4.0,tracking,1,0.6,1,0,1,force_bus_tool_compensated,4,phathom_s_scan:tracking t=14.47 contact=1 vz_cmd=+0.6
916350.403927108,916350.401318181,25319,1788822016.3628757,1.252355682477862,1.8748351880471061,4.053264431497698,0.1070434150231219,0.013070839566835617,0.07339051296779538,4.0,tracking,1,0.5,1,0,1,force_bus_tool_compensated,4,phathom_s_scan:tracking t=14.47 contact=1 vz_cmd=+0.5
916350.413989889,916350.411365229,25321,1788822016.3729174,1.0643964540588025,1.519535246555179,3.78259838564152,0.0782095493660361,0.02522072903459889,0.06984528683285511,4.0,tracking,1,0.8,1,0,1,force_bus_tool_compensated,4,phathom_s_scan:tracking t=14.48 contact=1 vz_cmd=+0.8
916350.423975069,916350.421355587,25323,1788822016.3829124,1.1670645363525387,1.7876996154039104,3.917426895501671,0.10104843604980686,0.018080602965078945,0.07436096742640162,4.0,tracking,1,0.6,1,0,1,force_bus_tool_compensated,4,phathom_s_scan:tracking t=14.50 contact=1 vz_cmd=+0.6
916350.433955902,916350.431445014,25325,1788822016.3930016,1.1642393440908418,1.7227144880967025,3.701609570925927,0.09410589050321456,0.009807857274134404,0.07446043503000147,4.0,tracking,1,1.4,1,0,1,force_bus_tool_compensated,4,phathom_s_scan:tracking t=14.50 contact=1 vz_cmd=+1.4
916350.443966009,916350.441329794,25327,1788822016.4028869,1.0693874598094435,1.8456492045758128,4.033295260370572,0.10682293053826657,0.01006528044719704,0.08129668958925032,4.0,tracking,1,1.1,1,0,1,force_bus_tool_compensated,4,phathom_s_scan:tracking t=14.51 contact=1 vz_cmd=+1.1
916350.453961375,916350.451486181,25329,1788822016.4130433,0.9493737504957735,1.7231551100910403,3.7037242030514346,0.1000448166286293,0.026323744015490844,0.08015534785795973,4.0,tracking,1,1.5,1,0,1,force_bus_tool_compensated,4,phathom_s_scan:tracking t=14.53 contact=1 vz_cmd=+1.5
916350.463933415,916350.461313696,25331,1788822016.4228718,1.1555746976316652,1.648693413332579,3.7813909941263555,0.08387689097517032,0.0018886544375931642,0.07113648211883836,4.0,tracking,1,2.2,1,0,1,force_bus_tool_compensated,4,phathom_s_scan:tracking t=14.53 contact=1 vz_cmd=+2.2
916350.473975404,916350.471511754,25333,1788822016.4330678,0.9149984726472089,2.0042698926187326,3.614241967973724,0.11725688132792053,0.02070003426318802,0.09031448061418476,4.0,tracking,1,3.1,1,0,1,force_bus_tool_compensated,4,phathom_s_scan:tracking t=14.54 contact=1 vz_cmd=+3.1
916350.483979984,916350.481307518,25335,1788822016.4428658,1.1063650585219655,1.634701133832398,3.7120979064474886,0.08346290001128402,0.007397354627902729,0.0638694003575456,4.0,tracking,1,3.4,1,0,1,force_bus_tool_compensated,4,phathom_s_scan:tracking t=14.55 contact=1 vz_cmd=+3.4
916350.493987096,916350.491635587,25337,1788822016.4531915,0.9381211863529306,1.7400431403559093,3.51532141633487,0.09248243720871403,0.014661683469526298,0.08545083933540307,4.0,tracking,1,4.9,1,0,1,force_bus_tool_compensated,4,phathom_s_scan:tracking t=14.57 contact=1 vz_cmd=+4.9
916350.503968063,916350.501565395,25339,1788822016.4631226,0.9911526044757033,1.8530035361113495,3.800511400300313,0.0974755565015502,0.013475199653870435,0.07909305965310057,4.0,tracking,1,4.3,1,0,1,force_bus_tool_compensated,4,phathom_s_scan:tracking t=14.57 contact=1 vz_cmd=+4.3
916350.513958363,916350.511310824,25341,1788822016.4728675,0.8190856935757131,1.6777347665787599,3.5976232117955087,0.08628393521852362,0.02564816872168475,0.07527601247797044,4.0,tracking,1,4.6,1,0,1,force_bus_tool_compensated,4,phathom_s_scan:tracking t=14.58 contact=1 vz_cmd=+4.6
916350.523973558,916350.521370359,25343,1788822016.482926,0.9913220467028505,1.7179322979550704,3.7313022158325384,0.09044031300570625,0.015259625891253858,0.08092825318195346,4.0,tracking,1,5.7,1,0,1,force_bus_tool_compensated,4,phathom_s_scan:tracking t=14.59 contact=1 vz_cmd=+5.7
916350.533995347,916350.531369461,25345,1788822016.492927,0.8893568390666362,1.7563926877152505,3.7605258170931597,0.09447156462236689,0.015448589714995166,0.06705832434368554,4.0,tracking,1,4.4,1,0,1,force_bus_tool_compensated,4,phathom_s_scan:tracking t=14.60 contact=1 vz_cmd=+4.4
916350.544070197,916350.541381564,25347,1788822016.5029361,1.216291807231682,1.6600188129486226,3.9553929319799908,0.08700910500587972,0.0020626956428824706,0.06954657853980241,4.0,tracking,1,3.3,1,0,1,force_bus_tool_compensated,4,phathom_s_scan:tracking t=14.61 contact=1 vz_cmd=+3.3
916350.553969035,916350.551398543,25349,1788822016.5129535,1.3101332287365337,1.9806371097076108,3.5422858483153954,0.09232343697389415,0.019819596466408386,0.08033684559037739,4.0,tracking,1,4.2,1,0,1,force_bus_tool_compensated,4,phathom_s_scan:tracking t=14.62 contact=1 vz_cmd=+4.2
916350.563976078,916350.561407137,25351,1788822016.5229652,2.0118800960566343,1.9353171879857798,4.217758676267185,0.0914050456755916,-0.022588806768493237,0.06512607779582584,4.0,tracking,1,2.9,1,0,1,force_bus_tool_compensated,4,phathom_s_scan:tracking t=14.63 contact=1 vz_cmd=+2.9
916350.573966255,916350.571440457,25353,1788822016.5329967,1.3638131985489632,1.891339587173593,3.846489206880122,0.1005154393289816,0.0038318600590698713,0.08976266103040029,4.0,tracking,1,2.1,1,0,1,force_bus_tool_compensated,4,phathom_s_scan:tracking t=14.64 contact=1 vz_cmd=+2.1
916350.583962037,916350.581458117,25355,1788822016.5430143,1.562054694908121,1.9242569222493706,4.129373054167438,0.11058670408733186,-0.020785613717207062,0.07863845069864198,4.0,tracking,1,1.4,1,0,1,force_bus_tool_compensated,4,phathom_s_scan:tracking t=14.65 contact=1 vz_cmd=+1.4
916350.593975499,916350.591451616,25357,1788822016.5530083,1.0028075095951,1.6562548906483425,3.8117728010361502,0.08855040384778437,0.02281085166027452,0.08530766723688024,4.0,tracking,1,1.2,1,0,1,force_bus_tool_compensated,4,phathom_s_scan:tracking t=14.66 contact=1 vz_cmd=+1.2
916350.60395749,916350.601407438,25359,1788822016.5629654,1.3888691297871154,1.8821427797810437,4.269654621802072,0.10229133551412577,-0.0024552647816000962,0.06541703890919076,4.0,tracking,1,0.2,1,0,1,force_bus_tool_compensated,4,phathom_s_scan:tracking t=14.67 contact=1 vz_cmd=+0.2
916350.613994649,916350.61168485,25361,1788822016.5732372,1.0448605350414315,1.777362582522285,3.8665992148001447,0.08887242631246296,0.022616068354562827,0.07945220491276109,4.0,tracking,1,0.2,1,0,1,force_bus_tool_compensated,4,phathom_s_scan:tracking t=14.68 contact=1 vz_cmd=+0.2
916350.623959212,916350.621453064,25363,1788822016.5830066,1.244925150651941,1.6812722348666747,4.21715916635545,0.08450695199396971,9.529037782044181e-05,0.061990440178101514,4.0,tracking,1,-0.3,1,0,1,force_bus_tool_compensated,4,phathom_s_scan:tracking t=14.69 contact=1 vz_cmd=-0.3
916350.633972382,916350.631423795,25365,1788822016.5929816,1.0676128946250434,1.6346340720626467,3.984043325756649,0.078467955926943,0.029015941751502967,0.0810077377383932,4.0,tracking,1,-0.3,1,0,1,force_bus_tool_compensated,4,phathom_s_scan:tracking t=14.70 contact=1 vz_cmd=-0.3
916350.64397209,916350.641431951,25367,1788822016.60299,1.2805767290384995,1.8800609691036363,4.014875793723891,0.10249058246915357,0.007767899724017845,0.0695787912280187,4.0,tracking,1,-0.2,1,0,1,force_bus_tool_compensated,4,phathom_s_scan:tracking t=14.72 contact=1 vz_cmd=-0.2
916350.653974053,916350.651551881,25369,1788822016.61311,1.1940199995793532,1.8204544038318426,3.9046929259798695,0.0984324448136648,0.005995042315421565,0.061419628204904514,4.0,tracking,1,-0.1,1,0,1,force_bus_tool_compensated,4,phathom_s_scan:tracking t=14.72 contact=1 vz_cmd=-0.1
916350.663968766,916350.661577139,25371,1788822016.6231325,1.084622610094503,1.72992053341198,4.067781204179319,0.09234647823963579,0.014408206485309704,0.08251312988952353,4.0,tracking,1,-0.1,1,0,1,force_bus_tool_compensated,4,phathom_s_scan:tracking t=14.73 contact=1 vz_cmd=-0.1
916350.673976604,916350.671497904,25373,1788822016.6330543,1.0013564128382484,1.7468539793727162,3.762804613916698,0.09018962094164738,0.024406740973578478,0.07983626008525853,4.0,tracking,1,0.4,1,0,1,force_bus_tool_compensated,4,phathom_s_scan:tracking t=14.74 contact=1 vz_cmd=+0.4
916350.683993191,916350.681546973,25375,1788822016.6431036,1.0513168904222854,1.6520134141327154,3.8045598952523,0.07833017237494187,0.015770338075165074,0.06948478044430668,4.0,tracking,1,1.4,1,0,1,force_bus_tool_compensated,4,phathom_s_scan:tracking t=14.75 contact=1 vz_cmd=+1.4
916350.694083667,916350.69164769,25377,1788822016.6532032,1.0715745625221236,1.6700454165957166,3.7777006448905617,0.0804577148494927,-0.00021812060529752622,0.06380272357205696,4.0,tracking,1,1.5,1,0,1,force_bus_tool_compensated,4,phathom_s_scan:tracking t=14.76 contact=1 vz_cmd=+1.5
916350.703962094,916350.701562388,25379,1788822016.663119,1.1022640037460227,1.7285723200178538,4.009019367925884,0.09158787129388346,0.009286224639774285,0.07098879305956839,4.0,tracking,1,1.0,1,0,1,force_bus_tool_compensated,4,phathom_s_scan:tracking t=14.77 contact=1 vz_cmd=+1.0
916350.713956012,916350.711385222,25381,1788822016.6729429,1.0133532662161744,1.682875793841094,3.451589229958971,0.08534866431516532,0.014867489073764341,0.07810706913128541,4.0,tracking,1,2.8,1,0,1,force_bus_tool_compensated,4,phathom_s_scan:tracking t=14.78 contact=1 vz_cmd=+2.8
916350.723988773,916350.721604585,25383,1788822016.6831594,1.2227010011467474,1.9519051978913262,3.932585990006173,0.10707605581994803,-0.004834666530090113,0.08161686101278617,4.0,tracking,1,3.5,1,0,1,force_bus_tool_compensated,4,phathom_s_scan:tracking t=14.79 contact=1 vz_cmd=+3.5
916350.733977377,916350.731570255,25385,1788822016.6931272,0.9115804669860059,1.729685032738693,3.4349143899552943,0.09697247256257346,0.022980259381910555,0.0816674250518125,4.0,tracking,1,3.6,1,0,1,force_bus_tool_compensated,4,phathom_s_scan:tracking t=14.80 contact=1 vz_cmd=+3.6
916350.743957377,916350.741388375,25387,1788822016.7029438,1.0045904389413047,1.468234919235771,3.713296528403906,0.07425075757970498,0.018330473394525024,0.0670342474506813,4.0,tracking,1,5.5,1,0,1,force_bus_tool_compensated,4,phathom_s_scan:tracking t=14.81 contact=1 vz_cmd=+5.5
916350.753990638,916350.751725348,25389,1788822016.7132795,0.9107256928792493,1.6083850632087189,3.4157007717514656,0.08109623805666151,0.017951114604936137,0.07773297245797677,4.0,tracking,1,5.9,1,0,1,force_bus_tool_compensated,4,phathom_s_scan:tracking t=14.82 contact=1 vz_cmd=+5.9
916350.763985112,916350.761508915,25391,1788822016.7230666,0.7630981525888276,1.2734104403957118,3.539802334846364,0.06295132220480652,0.029381154668866767,0.06675514609884586,4.0,tracking,1,7.2,1,0,1,force_bus_tool_compensated,4,phathom_s_scan:tracking t=14.83 contact=1 vz_cmd=+7.2
916350.773974338,916350.771435371,25393,1788822016.7329931,1.5238391876524546,1.5239551831491838,3.528200248255896,0.06867294078657231,-0.018427662821600757,0.066162057513603,4.0,tracking,1,7.6,1,0,1,force_bus_tool_compensated,4,phathom_s_scan:tracking t=14.84 contact=1 vz_cmd=+7.6
916350.783981618,916350.781776533,25395,1788822016.7433305,1.215476703323603,1.6766428059083418,3.458377628378405,0.08535662914972987,0.0069044984292995285,0.07141737417122448,4.0,tracking,1,8.7,1,0,1,force_bus_tool_compensated,4,phathom_s_scan:tracking t=14.85 contact=1 vz_cmd=+8.7
916350.7939891,916350.791429138,25397,1788822016.7529867,1.410537057160708,1.75044814297043,3.566724876737843,0.08440728483642221,-0.008474456794662232,0.06920145623449742,4.0,tracking,1,8.0,1,0,1,force_bus_tool_compensated,4,phathom_s_scan:tracking t=14.86 contact=1 vz_cmd=+8.0
916350.803959028,916350.801657303,25399,1788822016.7632136,1.4322909337782375,1.9742625009449162,3.42178117081706,0.10290984104278125,0.005925145432671951,0.08194279625682202,4.0,tracking,1,9.0,1,0,1,force_bus_tool_compensated,4,phathom_s_scan:tracking t=14.88 contact=1 vz_cmd=+9.0
916350.813995023,916350.811705116,25401,1788822016.7732553,1.76981697793132,1.8911541926464377,3.7006354588218384,0.08151169506533819,-0.011319191524356205,0.06017061162713313,4.0,tracking,1,8.1,1,0,1,force_bus_tool_compensated,4,phathom_s_scan:tracking t=14.88 contact=1 vz_cmd=+8.1
916350.8239642,916350.821489701,25403,1788822016.783044,1.3093193465410462,1.6342489626053003,3.5645991142459215,0.08320529324456873,0.00938548607042108,0.07657974566608435,4.0,tracking,1,7.5,1,0,1,force_bus_tool_compensated,4,phathom_s_scan:tracking t=14.89 contact=1 vz_cmd=+7.5
916350.833958936,916350.831671737,25405,1788822016.7932289,1.3744803190124126,1.8555890112984403,3.7614198385873845,0.10449613097774108,-0.013448216565712167,0.05286239691907314,4.0,tracking,1,6.5,1,0,1,force_bus_tool_compensated,4,phathom_s_scan:tracking t=14.90 contact=1 vz_cmd=+6.5
916350.843956112,916350.84139623,25407,1788822016.8029509,0.9822673480667574,1.4724504096382747,3.7078651479564724,0.06752592786404797,0.02492537859814623,0.07315736185490934,4.0,tracking,1,5.5,1,0,1,force_bus_tool_compensated,4,phathom_s_scan:tracking t=14.91 contact=1 vz_cmd=+5.5
916350.854011484,916350.851491089,25409,1788822016.813041,1.0118283368476804,1.6120133957920848,3.7827246191755943,0.08380856600880057,0.01818293127580938,0.06372827300202051,4.0,tracking,1,4.8,1,0,1,force_bus_tool_compensated,4,phathom_s_scan:tracking t=14.92 contact=1 vz_cmd=+4.8
916350.863991715,916350.861478405,25411,1788822016.8230352,1.1431610648384636,1.7083774258890483,3.9530626616598834,0.08808135463664431,0.004619244706932424,0.0643436993474715,4.0,tracking,1,3.2,1,0,1,force_bus_tool_compensated,4,phathom_s_scan:tracking t=14.93 contact=1 vz_cmd=+3.2
916350.873957351,916350.871570474,25413,1788822016.833127,0.8429850004976729,1.5975679723099083,3.8163180738725977,0.07433564446578772,0.035189594265130346,0.07408665929910575,4.0,tracking,1,2.6,1,0,1,force_bus_tool_compensated,4,phathom_s_scan:tracking t=14.94 contact=1 vz_cmd=+2.6
916350.883979739,916350.88138533,25415,1788822016.8429434,1.1930301196640103,1.773552086227279,4.170556191965606,0.08210869269903709,0.008995057694484557,0.05673055234438386,4.0,tracking,1,1.5,1,0,1,force_bus_tool_compensated,4,phathom_s_scan:tracking t=14.95 contact=1 vz_cmd=+1.5
916350.893976079,916350.891801173,25417,1788822016.853353,0.6111022035424931,1.5685433109944937,3.7075381740287257,0.06254758453651367,0.04370491403448265,0.06879126179820462,4.0,tracking,1,1.9,1,0,1,force_bus_tool_compensated,4,phathom_s_scan:tracking t=14.96 contact=1 vz_cmd=+1.9
916350.903975186,916350.901535635,25419,1788822016.8630927,1.2158611931549155,1.9711702064392533,4.190828887229973,0.0941080968723512,0.01334481633170141,0.06420813528226073,4.0,tracking,1,1.0,1,0,1,force_bus_tool_compensated,4,phathom_s_scan:tracking t=14.97 contact=1 vz_cmd=+1.0
916350.913974351,916350.911466481,25421,1788822016.8730233,0.8398121905788001,1.8537636760513851,3.9917686537728274,0.07867805178479952,0.02995009476474037,0.07839178877420863,4.0,tracking,1,0.7,1,0,1,force_bus_tool_compensated,4,phathom_s_scan:tracking t=14.98 contact=1 vz_cmd=+0.7
916350.923975571,916350.921600837,25423,1788822016.8831573,0.943445317675214,1.7591599548996708,3.921487315476356,0.06541154171328273,0.016552254020848534,0.04730919913830728,4.0,tracking,1,0.5,1,0,1,force_bus_tool_compensated,4,phathom_s_scan:tracking t=14.99 contact=1 vz_cmd=+0.5
916350.933978304,916350.931575234,25425,1788822016.8931315,0.7788380959386856,1.7468002947870187,4.290238289857374,0.07112867958970945,0.013311070012542047,0.05925524846632637,4.0,tracking,1,-0.2,1,0,1,force_bus_tool_compensated,4,phathom_s_scan:tracking t=15.00 contact=1 vz_cmd=-0.2
916350.943956842,916350.941584024,25427,1788822016.9031425,0.8757459955288074,1.8478961696526757,4.222715969072954,0.07567454502601494,0.024389575706367465,0.0573583434776968,4.0,tracking,1,-2.1,1,0,1,force_bus_tool_compensated,4,phathom_s_scan:tracking t=15.01 contact=1 vz_cmd=-2.1
916350.953992672,916350.951881914,25429,1788822016.9134357,0.7178075974617604,1.8823131998012215,3.68427426178737,0.06937870349382085,0.02412356814820134,0.06478209009734641,4.0,tracking,1,-0.1,1,0,1,force_bus_tool_compensated,4,phathom_s_scan:tracking t=15.02 contact=1 vz_cmd=-0.1
916350.96397542,916350.961423482,25431,1788822016.9229803,0.8845908529349629,1.6706781791367602,4.092445073522199,0.054789742552195195,0.009030887822664976,0.05598860764092961,4.0,tracking,1,0.0,1,0,1,force_bus_tool_compensated,4,phathom_s_scan:tracking t=15.03 contact=1 vz_cmd=+0.0
916350.973953768,916350.971701131,25433,1788822016.9332583,0.8601717153670336,1.6051201266395652,4.096689787897066,0.061021214546475626,0.02323944858828738,0.05266763138089597,4.0,tracking,1,-1.0,1,0,1,force_bus_tool_compensated,4,phathom_s_scan:tracking t=15.05 contact=1 vz_cmd=-1.0
916350.983985473,916350.981870874,25435,1788822016.9434252,1.008744096316296,1.9312215994413924,3.747680001748078,0.08331728213760603,0.018670850045554677,0.062188154165847956,4.0,tracking,1,0.1,1,0,1,force_bus_tool_compensated,4,phathom_s_scan:tracking t=15.05 contact=1 vz_cmd=+0.1
916350.993971895,916350.991517636,25437,1788822016.9530709,0.8629003832199629,1.7197870923637035,3.9577222139853077,0.06982664843201754,0.01693601534105801,0.052511598746971075,4.0,tracking,1,0.6,1,0,1,force_bus_tool_compensated,4,phathom_s_scan:tracking t=15.06 contact=1 vz_cmd=+0.6
916351.00397552,916351.001686023,25439,1788822016.963241,1.292082193392975,1.4450575817897808,4.082562576246462,0.05668930735764782,-0.01173237335686969,0.05031735671883425,4.0,tracking,1,0.4,1,0,1,force_bus_tool_compensated,4,phathom_s_scan:tracking t=15.07 contact=1 vz_cmd=+0.4
916351.013982881,916351.011604734,25441,1788822016.973159,1.0601369979656696,1.7491341237075222,3.899654326059273,0.07916779223107467,0.0072630178234654,0.05885021427636582,4.0,tracking,1,0.3,1,0,1,force_bus_tool_compensated,4,phathom_s_scan:tracking t=15.08 contact=1 vz_cmd=+0.3
916351.02397709,916351.021727925,25443,1788822016.983285,1.1864709563891478,1.6705050194828486,4.001525379092486,0.07718436174670419,-0.002923907351612311,0.06148380134372711,4.0,tracking,1,0.2,1,0,1,force_bus_tool_compensated,4,phathom_s_scan:tracking t=15.09 contact=1 vz_cmd=+0.2
916351.033977128,916351.03157464,25445,1788822016.9931316,0.9663267148297179,1.5374112093882535,3.9766793319787137,0.06659928327427556,0.01702240445222178,0.06132697148621563,4.0,tracking,1,0.1,1,0,1,force_bus_tool_compensated,4,phathom_s_scan:tracking t=15.10 contact=1 vz_cmd=+0.1
916351.043974896,916351.041501083,25447,1788822017.003059,0.9679645957344003,1.6053408221238898,3.721205655663035,0.06189331699256991,0.016744345501510285,0.050985509385037465,4.0,tracking,1,0.8,1,0,1,force_bus_tool_compensated,4,phathom_s_scan:tracking t=15.11 contact=1 vz_cmd=+0.8
916351.053991026,916351.051426713,25449,1788822017.0129838,0.8936782537045576,1.6577587426763996,4.020631962930911,0.06435773882263213,0.023724886064315966,0.051809423275679445,4.0,tracking,1,0.7,1,0,1,force_bus_tool_compensated,4,phathom_s_scan:tracking t=15.12 contact=1 vz_cmd=+0.7
916351.063958313,916351.06141766,25451,1788822017.022974,1.0788204951124536,1.4958270724665144,3.9493219627522267,0.04286705771796334,0.003556140673295225,0.04202992465686557,4.0,tracking,1,0.4,1,0,1,force_bus_tool_compensated,4,phathom_s_scan:tracking t=15.13 contact=1 vz_cmd=+0.4
916351.073955859,916351.0714049,25453,1788822017.0329633,1.1528310909153496,2.0583912400178144,3.9100905864942517,0.08119018809224804,0.012363155306919827,0.05950726606132209,4.0,tracking,1,0.3,1,0,1,force_bus_tool_compensated,4,phathom_s_scan:tracking t=15.14 contact=1 vz_cmd=+0.3
916351.08399436,916351.081635445,25455,1788822017.0431929,1.0635297356397713,1.8491156523348695,4.032855701014798,0.07201152878314603,0.006091349571394139,0.04705693435871564,4.0,tracking,1,0.2,1,0,1,force_bus_tool_compensated,4,phathom_s_scan:tracking t=15.15 contact=1 vz_cmd=+0.2
916351.093963009,916351.091413181,25457,1788822017.0529683,1.0563358445761946,1.7757836858086242,3.8930711642107356,0.06567129329850108,0.014865966380986063,0.05266833909829656,4.0,tracking,1,0.2,1,0,1,force_bus_tool_compensated,4,phathom_s_scan:tracking t=15.16 contact=1 vz_cmd=+0.2
916351.103960446,916351.101484371,25459,1788822017.0630407,0.9897757134937388,1.799711413354639,3.9130815836413566,0.06322003031453555,0.0063301528812901315,0.051682861931269586,4.0,tracking,1,0.4,1,0,1,force_bus_tool_compensated,4,phathom_s_scan:tracking t=15.18 contact=1 vz_cmd=+0.4
916351.113986327,916351.111538556,25461,1788822017.0730941,0.8441887897823213,1.6307674690239657,4.1278326128696925,0.05411769203258293,0.01703450040377039,0.04909846664117298,4.0,tracking,1,0.2,1,0,1,force_bus_tool_compensated,4,phathom_s_scan:tracking t=15.18 contact=1 vz_cmd=+0.2
916351.12397673,916351.121377957,25463,1788822017.0829327,0.7691165951098966,1.5070201386934687,3.9842651210338227,0.04249783241311095,0.02641575613551063,0.04556040041700954,4.0,tracking,1,0.1,1,0,1,force_bus_tool_compensated,4,phathom_s_scan:tracking t=15.19 contact=1 vz_cmd=+0.1
916351.133993576,916351.131727986,25465,1788822017.0932848,0.7306486395488268,1.8778905587872294,4.056554522154898,0.07065004435929624,0.03126491586770655,0.05637160835843508,4.0,tracking,1,0.1,1,0,1,force_bus_tool_compensated,4,phathom_s_scan:tracking t=15.20 contact=1 vz_cmd=+0.1
916351.143979055,916351.141586489,25467,1788822017.1031435,1.0340804074165322,2.166041802183976,4.245259087628084,0.09123551871236328,-0.003937891564688375,0.06116648758340936,4.0,tracking,1,-0.7,1,0,1,force_bus_tool_compensated,4,phathom_s_scan:tracking t=15.21 contact=1 vz_cmd=-0.7
916351.153964019,916351.151661984,25469,1788822017.1132183,0.7963058989448504,1.847807930326737,4.0232942904902105,0.055106149075677305,0.009374845737454104,0.0481214873740686,4.0,tracking,1,-0.9,1,0,1,force_bus_tool_compensated,4,phathom_s_scan:tracking t=15.22 contact=1 vz_cmd=-0.9
916351.16395749,916351.16156915,25471,1788822017.1231263,0.8554159187604069,1.9226675484797597,3.88809756904395,0.05659690489289565,0.010743092228364531,0.05219938094685884,4.0,tracking,1,-0.5,1,0,1,force_bus_tool_compensated,4,phathom_s_scan:tracking t=15.23 contact=1 vz_cmd=-0.5
916351.173957831,916351.171833953,25473,1788822017.133391,0.8643099928045519,2.1962293236454857,4.2470100822092975,0.07873728964994936,-0.0011018356541365318,0.05790060463865725,4.0,tracking,1,-0.9,1,0,1,force_bus_tool_compensated,4,phathom_s_scan:tracking t=15.24 contact=1 vz_cmd=-0.9
916351.184181327,916351.181618778,25475,1788822017.1431742,1.1217061106655253,2.074081769304992,4.168793166946138,0.07580509069306401,-0.017065691861856035,0.05224331128634406,4.0,tracking,1,-1.1,1,0,1,force_bus_tool_compensated,4,phathom_s_scan:tracking t=15.25 contact=1 vz_cmd=-1.1
916351.194107576,916351.191566855,25477,1788822017.1531234,0.7566179754080393,2.133270098877526,3.955934709565814,0.07960402667447772,0.014337224431222793,0.05916620198261392,4.0,tracking,1,-0.7,1,0,1,force_bus_tool_compensated,4,phathom_s_scan:tracking t=15.26 contact=1 vz_cmd=-0.7
916351.203972676,916351.201630805,25479,1788822017.163188,0.767793923533636,1.9218810877940022,4.227823014599927,0.06484473318958622,0.002275441142568066,0.0600720810778968,4.0,tracking,1,-0.9,1,0,1,force_bus_tool_compensated,4,phathom_s_scan:tracking t=15.27 contact=1 vz_cmd=-0.9
916351.213970879,916351.211714843,25481,1788822017.1732693,0.7661336890572852,2.0172509631775375,4.271869960798152,0.0720357555598169,0.007516475471239138,0.05436477296249079,4.0,tracking,1,-2.1,1,0,1,force_bus_tool_compensated,4,phathom_s_scan:tracking t=15.28 contact=1 vz_cmd=-2.1
916351.223992417,916351.221566154,25483,1788822017.1831195,0.44197391855684964,1.6907981243546206,3.7177868725161067,0.04159700486708013,0.041221171923131156,0.04290583604435137,4.0,tracking,1,-0.7,1,0,1,force_bus_tool_compensated,4,phathom_s_scan:tracking t=15.29 contact=1 vz_cmd=-0.7
916351.233961252,916351.231885685,25485,1788822017.1934423,0.36773063865308564,1.6631340964943793,3.953258843158737,0.040352745593457716,0.028492572756697844,0.05243356242886719,4.0,tracking,1,0.3,1,0,1,force_bus_tool_compensated,4,phathom_s_scan:tracking t=15.31 contact=1 vz_cmd=+0.3
916351.243974279,916351.241481035,25487,1788822017.203039,0.793228942409336,1.828237191272965,4.349207459175836,0.05332475648237369,-0.009305029323931823,0.03866408333780642,4.0,tracking,1,-1.3,1,0,1,force_bus_tool_compensated,4,phathom_s_scan:tracking t=15.31 contact=1 vz_cmd=-1.3
916351.253992504,916351.251684809,25489,1788822017.2132401,0.7566273646421646,2.2364066456179175,3.979116905404381,0.08103713832669746,0.0006513607659183344,0.0592935025980733,4.0,tracking,1,-1.1,1,0,1,force_bus_tool_compensated,4,phathom_s_scan:tracking t=15.32 contact=1 vz_cmd=-1.1
916351.263960525,916351.261753993,25491,1788822017.2233093,0.6707823844807954,1.9798951385853956,3.86543405001569,0.06090513742155423,0.009025629646605969,0.04995371330847066,4.0,tracking,1,-0.5,1,0,1,force_bus_tool_compensated,4,phathom_s_scan:tracking t=15.33 contact=1 vz_cmd=-0.5
916351.273972012,916351.271691548,25493,1788822017.2332451,0.7905966835516633,1.7505414990780548,3.9906790157777507,0.04684133193931139,-0.005674499670888795,0.038082023378309356,4.0,tracking,1,-0.3,1,0,1,force_bus_tool_compensated,4,phathom_s_scan:tracking t=15.34 contact=1 vz_cmd=-0.3
916351.283998401,916351.281534604,25495,1788822017.2430878,0.8890219334113174,1.8629704094525878,3.985356321470661,0.05478837107275963,-0.0012462081014628363,0.04580891077181588,4.0,tracking,1,-0.2,1,0,1,force_bus_tool_compensated,4,phathom_s_scan:tracking t=15.35 contact=1 vz_cmd=-0.2
916351.29396203,916351.291639097,25497,1788822017.2531958,0.9135083768863073,2.1204148652991286,3.823142537619429,0.07685253409645743,-0.00011309703386335655,0.05840376529420277,4.0,tracking,1,0.2,1,0,1,force_bus_tool_compensated,4,phathom_s_scan:tracking t=15.37 contact=1 vz_cmd=+0.2
916351.303975019,916351.301576251,25499,1788822017.2631335,0.7242763356394462,1.969131014511427,3.8510057903725237,0.06780710878475105,0.014117371915124593,0.0572570857581465,4.0,tracking,1,0.3,1,0,1,force_bus_tool_compensated,4,phathom_s_scan:tracking t=15.37 contact=1 vz_cmd=+0.3
916351.31396944,916351.311449473,25501,1788822017.2730072,0.636627426858078,1.5929555200332506,3.8513072722243926,0.03935906239178716,0.013090255401974085,0.04241098595026132,4.0,tracking,1,0.4,1,0,1,force_bus_tool_compensated,4,phathom_s_scan:tracking t=15.38 contact=1 vz_cmd=+0.4
916351.323973985,916351.321458159,25503,1788822017.2830138,0.7307333209742495,1.6980965095394722,3.9710506059794564,0.053179103051119454,-0.0036370520319379553,0.047864147784478075,4.0,tracking,1,0.3,1,0,1,force_bus_tool_compensated,4,phathom_s_scan:tracking t=15.39 contact=1 vz_cmd=+0.3
916351.33397923,916351.331573305,25505,1788822017.2931294,0.49757879927352944,1.8243414284700445,3.9736322123405907,0.05750938269447825,0.015268315779676281,0.04968097351293647,4.0,tracking,1,0.2,1,0,1,force_bus_tool_compensated,4,phathom_s_scan:tracking t=15.40 contact=1 vz_cmd=+0.2
916351.343965704,916351.341752679,25507,1788822017.3033054,0.6403120902556589,2.046536939270516,3.9988254153517317,0.06523782589774287,0.011891017655577941,0.05201962816743885,4.0,tracking,1,-0.0,1,0,1,force_bus_tool_compensated,4,phathom_s_scan:tracking t=15.41 contact=1 vz_cmd=-0.0
916351.353980828,916351.351640831,25509,1788822017.3131962,0.3109846079580463,1.8540104234146029,3.763272483870976,0.047999154465848085,0.028507647342253552,0.05687986656815711,4.0,tracking,1,1.2,1,0,1,force_bus_tool_compensated,4,phathom_s_scan:tracking t=15.42 contact=1 vz_cmd=+1.2
916351.363989305,916351.361464541,25511,1788822017.3230183,0.613756788394054,2.1177076848245697,4.06248520558295,0.05239188664363228,0.005332029317677425,0.04604310521163525,4.0,tracking,1,0.8,1,0,1,force_bus_tool_compensated,4,phathom_s_scan:tracking t=15.43 contact=1 vz_cmd=+0.8
916351.37396894,916351.371560204,25513,1788822017.333117,0.5401324399708896,2.2829653827672303,4.007976687266343,0.068184359276373,0.004728455747724532,0.06331849001876066,4.0,tracking,1,0.5,1,0,1,force_bus_tool_compensated,4,phathom_s_scan:tracking t=15.44 contact=1 vz_cmd=+0.5
916351.38398933,916351.381607445,25515,1788822017.3431625,0.527907621697528,2.3891294592367243,4.206048672768876,0.08014820513165397,0.001428255425541687,0.05603384695430053,4.0,tracking,1,-0.0,1,0,1,force_bus_tool_compensated,4,phathom_s_scan:tracking t=15.45 contact=1 vz_cmd=-0.0
916351.393977377,916351.391558382,25517,1788822017.3531158,0.6115821196033822,2.406691342927185,4.315111669965071,0.0828456329094334,-0.01407768147234089,0.06388742339942306,4.0,tracking,1,-1.3,1,0,1,force_bus_tool_compensated,4,phathom_s_scan:tracking t=15.46 contact=1 vz_cmd=-1.3
916351.403977519,916351.401590479,25519,1788822017.3631475,0.5574809481848593,2.5383602572565924,4.293089415809305,0.08448344226039795,-0.008321757990347645,0.06150117911853842,4.0,tracking,1,-2.3,1,0,1,force_bus_tool_compensated,4,phathom_s_scan:tracking t=15.47 contact=1 vz_cmd=-2.3
916351.414019611,916351.411593463,25521,1788822017.3731503,0.6289292137490019,2.4337005847319966,4.223530875803263,0.07945211615630102,-0.010404905733802493,0.06253173734146059,4.0,tracking,1,-2.4,1,0,1,force_bus_tool_compensated,4,phathom_s_scan:tracking t=15.48 contact=1 vz_cmd=-2.4
916351.424086509,916351.421836036,25523,1788822017.383387,0.3084823959224978,2.2993005495304217,4.0668517207328705,0.06656591352094589,0.016990611103022264,0.05547261642529118,4.0,tracking,1,-1.7,1,0,1,force_bus_tool_compensated,4,phathom_s_scan:tracking t=15.50 contact=1 vz_cmd=-1.7
916351.434091031,916351.431755843,25525,1788822017.3933094,0.3995985040374592,2.027024338145228,4.237209308760608,0.049049992511489865,-0.0011115976453075513,0.05124496589761164,4.0,tracking,1,-1.8,1,0,1,force_bus_tool_compensated,4,phathom_s_scan:tracking t=15.50 contact=1 vz_cmd=-1.8
916351.444075939,916351.441621879,25527,1788822017.4031806,0.1372123466834516,1.9779842403575756,4.215565540470296,0.04663929258259714,0.014853216973335418,0.048382658504599274,4.0,tracking,1,-1.8,1,0,1,force_bus_tool_compensated,4,phathom_s_scan:tracking t=15.51 contact=1 vz_cmd=-1.8
916351.45408037,916351.451633426,25529,1788822017.413188,0.23828088014943516,1.9101223634820088,4.249346036149524,0.04425434911510643,-0.001998913551516342,0.05629620860171781,4.0,tracking,1,-2.4,1,0,1,force_bus_tool_compensated,4,phathom_s_scan:tracking t=15.52 contact=1 vz_cmd=-2.4
916351.464081367,916351.46151322,25531,1788822017.4230537,0.1633145627574708,1.9944677754561677,4.082914240559422,0.048699189717389464,0.0009436737039051849,0.0594780920507992,4.0,tracking,1,-1.7,1,0,1,force_bus_tool_compensated,4,phathom_s_scan:tracking t=15.53 contact=1 vz_cmd=-1.7
916351.474060348,916351.471584308,25533,1788822017.4331415,0.20561218790664793,2.157841507932801,4.307410474307647,0.058402919665643566,-0.01363583735672249,0.049279016408694726,4.0,tracking,1,-2.0,1,0,1,force_bus_tool_compensated,4,phathom_s_scan:tracking t=15.54 contact=1 vz_cmd=-2.0
916351.484094708,916351.481661675,25535,1788822017.4432156,0.4353053033320524,2.355103830153376,4.09113893465608,0.07294445824024372,-0.020397232327284805,0.06113026810588282,4.0,tracking,1,-1.8,1,0,1,force_bus_tool_compensated,4,phathom_s_scan:tracking t=15.55 contact=1 vz_cmd=-1.8
916351.494086677,916351.49155907,25537,1788822017.4531162,0.33564063190032156,2.1547793414716363,3.921693418527345,0.059076091982177614,-0.006209103277534632,0.053327833624865505,4.0,tracking,1,-1.2,1,0,1,force_bus_tool_compensated,4,phathom_s_scan:tracking t=15.56 contact=1 vz_cmd=-1.2
916351.504089321,916351.50143443,25539,1788822017.4629915,0.6145646461672223,2.0107601307741834,4.017202034296886,0.047992074587842,-0.029954334535401975,0.052210964126539194,4.0,tracking,1,-0.8,1,0,1,force_bus_tool_compensated,4,phathom_s_scan:tracking t=15.57 contact=1 vz_cmd=-0.8
916351.514010627,916351.511423848,25541,1788822017.4729805,0.6940251586590338,2.0549609332423597,3.9697504942954307,0.057166345203404,-0.013196333177718836,0.05109158707185681,4.0,tracking,1,-0.5,1,0,1,force_bus_tool_compensated,4,phathom_s_scan:tracking t=15.58 contact=1 vz_cmd=-0.5
916351.524072936,916351.521380161,25543,1788822017.482937,0.5300909067659481,2.161808668913884,3.9553674476320255,0.07360456208470566,-0.005708491405373165,0.06382601103474722,4.0,tracking,1,-0.3,1,0,1,force_bus_tool_compensated,4,phathom_s_scan:tracking t=15.60 contact=1 vz_cmd=-0.3
916351.534071204,916351.531409326,25545,1788822017.4929671,0.6052573416835452,2.146786761776605,4.0123365022131825,0.07135545653747254,-0.013810493822146025,0.06099850328760619,4.0,tracking,1,-0.2,1,0,1,force_bus_tool_compensated,4,phathom_s_scan:tracking t=15.60 contact=1 vz_cmd=-0.2
916351.543968987,916351.541406559,25547,1788822017.5029626,0.37278981857168714,2.091573979444548,4.074388385342732,0.06754454662647183,-0.003311714181530193,0.05815428154546955,4.0,tracking,1,-0.1,1,0,1,force_bus_tool_compensated,4,phathom_s_scan:tracking t=15.61 contact=1 vz_cmd=-0.1
916351.554095383,916351.55161192,25549,1788822017.513167,0.36763482120366353,2.152328336008133,4.0314121137607755,0.06328492546227721,-0.009407157703870985,0.06498475342769383,4.0,tracking,1,-0.1,1,0,1,force_bus_tool_compensated,4,phathom_s_scan:tracking t=15.62 contact=1 vz_cmd=-0.1
916351.564091891,916351.561524839,25551,1788822017.523078,0.055779825397901606,2.2697909110132923,3.816427521558242,0.07199355669430503,0.02005857716313693,0.05402151300836429,4.0,tracking,1,0.2,1,0,1,force_bus_tool_compensated,4,phathom_s_scan:tracking t=15.63 contact=1 vz_cmd=+0.2
916351.573968166,916351.571361323,25553,1788822017.5329175,0.09446613845113472,2.1908792913339044,3.88741455139836,0.06592701327949316,0.0011356948389609615,0.062035464679620865,4.0,tracking,1,0.7,1,0,1,force_bus_tool_compensated,4,phathom_s_scan:tracking t=15.64 contact=1 vz_cmd=+0.7
916351.583978585,916351.581465916,25555,1788822017.543022,0.16644784820997582,2.1945238961401095,4.311387378891876,0.06997936113827662,-0.021834675001202942,0.05418986298995109,4.0,tracking,1,-0.4,1,0,1,force_bus_tool_compensated,4,phathom_s_scan:tracking t=15.65 contact=1 vz_cmd=-0.4
916351.593955919,916351.591476951,25557,1788822017.5530345,0.1604779516314161,2.2105367635088324,3.9458600810765967,0.06466033841313147,-0.012948558166555444,0.05650293648498343,4.0,tracking,1,-0.5,1,0,1,force_bus_tool_compensated,4,phathom_s_scan:tracking t=15.66 contact=1 vz_cmd=-0.5
916351.603971054,916351.601406634,25559,1788822017.5629647,0.038540852968944606,2.194137313338076,3.976828067332387,0.059018550667170086,-0.006241314028040584,0.058439976445106116,4.0,tracking,1,-0.3,1,0,1,force_bus_tool_compensated,4,phathom_s_scan:tracking t=15.67 contact=1 vz_cmd=-0.3
916351.613973494,916351.611469275,25561,1788822017.5730252,0.19028390784203997,2.068174226425536,4.066468184170127,0.050658224939906404,-0.024206777121726503,0.050593961588492484,4.0,tracking,1,-0.2,1,0,1,force_bus_tool_compensated,4,phathom_s_scan:tracking t=15.68 contact=1 vz_cmd=-0.2
916351.623967264,916351.621762278,25563,1788822017.5833151,0.30086595723146337,2.2949854573927038,4.0421981468158865,0.06381285369929988,-0.030689343620590597,0.06071254089886112,4.0,tracking,1,-0.1,1,0,1,force_bus_tool_compensated,4,phathom_s_scan:tracking t=15.69 contact=1 vz_cmd=-0.1
916351.634060069,916351.631581963,25565,1788822017.5931382,0.1664953461705596,2.072778197181506,3.9905916254982556,0.04894592834974048,-0.01580296428254278,0.04773928681471858,4.0,tracking,1,-0.1,1,0,1,force_bus_tool_compensated,4,phathom_s_scan:tracking t=15.70 contact=1 vz_cmd=-0.1
916351.644092112,916351.641566046,25567,1788822017.6031199,0.19380622643189627,2.1713923084978797,4.057079906871261,0.06209104184933316,-0.025560888212176537,0.055069878341180156,4.0,tracking,1,-0.1,1,0,1,force_bus_tool_compensated,4,phathom_s_scan:tracking t=15.71 contact=1 vz_cmd=-0.1
916351.654078291,916351.651703724,25569,1788822017.6132524,-0.07205986261675723,2.1053403703993725,4.06640977029779,0.05474562734927025,-0.006397254645004833,0.05429602797340772,4.0,tracking,1,-0.0,1,0,1,force_bus_tool_compensated,4,phathom_s_scan:tracking t=15.72 contact=1 vz_cmd=-0.0
916351.664082578,916351.662373866,25571,1788822017.623931,0.03266340507162235,2.246539836784806,4.090670953828774,0.06742645644101938,-0.01984919585538004,0.057975390396836655,4.0,tracking,1,-0.0,1,0,1,force_bus_tool_compensated,4,phathom_s_scan:tracking t=15.73 contact=1 vz_cmd=-0.0
916351.67396757,916351.671550703,25573,1788822017.6331046,-0.02991580436864094,2.2487626159490754,4.15489826930883,0.06602530780174015,-0.016932896704390597,0.049155391379951986,4.0,tracking,1,-0.3,1,0,1,force_bus_tool_compensated,4,phathom_s_scan:tracking t=15.74 contact=1 vz_cmd=-0.3
916351.684092716,916351.681563911,25575,1788822017.643118,-0.03445771416564414,2.076976130505292,4.063491955711531,0.047991154788011824,-0.019729135211744093,0.05255948741272693,4.0,tracking,1,-0.2,1,0,1,force_bus_tool_compensated,4,phathom_s_scan:tracking t=15.75 contact=1 vz_cmd=-0.2
916351.694083221,916351.691476624,25577,1788822017.6530344,-0.0035493750787498612,2.0476388024619214,4.117731923458187,0.04908418716091786,-0.012461121794453363,0.050035473457966426,4.0,tracking,1,-0.3,1,0,1,force_bus_tool_compensated,4,phathom_s_scan:tracking t=15.77 contact=1 vz_cmd=-0.3
916351.703960783,916351.701722162,25579,1788822017.663279,-0.06260727519961118,2.164910207112258,3.9790636720655943,0.057932160282027446,-0.007383499174784533,0.049232279844285826,4.0,tracking,1,-0.2,1,0,1,force_bus_tool_compensated,4,phathom_s_scan:tracking t=15.77 contact=1 vz_cmd=-0.2
916351.714082846,916351.711814661,25581,1788822017.6733658,0.21773888208496128,2.282050319752831,4.182067551128764,0.0656934457265546,-0.031671342916191655,0.05398392316061505,4.0,tracking,1,-0.4,1,0,1,force_bus_tool_compensated,4,phathom_s_scan:tracking t=15.78 contact=1 vz_cmd=-0.4
916351.723966758,916351.721890208,25583,1788822017.6834474,0.24976271364371172,2.071172853697906,4.2728869417838204,0.043519969374172525,-0.028460628359558968,0.049240832131676036,4.0,tracking,1,-1.3,1,0,1,force_bus_tool_compensated,4,phathom_s_scan:tracking t=15.79 contact=1 vz_cmd=-1.3
916351.734072586,916351.731577586,25585,1788822017.6931353,0.11558794800357464,2.2897942467516166,4.00552959499471,0.06018680416511946,-0.007077125631419126,0.05852994553458141,4.0,tracking,1,-1.0,1,0,1,force_bus_tool_compensated,4,phathom_s_scan:tracking t=15.80 contact=1 vz_cmd=-1.0
916351.744085404,916351.741704368,25587,1788822017.7032602,0.1905495978817613,2.3894520822357204,4.097522915431683,0.06434682397713236,-0.0227391064745271,0.06546010809267415,4.0,tracking,1,-0.7,1,0,1,force_bus_tool_compensated,4,phathom_s_scan:tracking t=15.81 contact=1 vz_cmd=-0.7
916351.754078062,916351.751590334,25589,1788822017.7131472,0.17155804748014236,2.4537737251099276,4.215352934634452,0.0684369959501111,-0.023057480701008867,0.0597192689359609,4.0,tracking,1,-1.0,1,0,1,force_bus_tool_compensated,4,phathom_s_scan:tracking t=15.82 contact=1 vz_cmd=-1.0
916351.764083948,916351.761559555,25591,1788822017.7231176,0.22253389624692166,2.4496382198976856,4.180842435736447,0.07034478662972704,-0.025760703746203453,0.06329202205754239,4.0,tracking,1,-1.2,1,0,1,force_bus_tool_compensated,4,phathom_s_scan:tracking t=15.83 contact=1 vz_cmd=-1.2
916351.773967791,916351.771596558,25593,1788822017.7331514,0.07888328416275847,2.2277440919303277,4.111766075669128,0.052185369252091246,-0.009736889087428932,0.05512298432789234,4.0,tracking,1,-1.0,1,0,1,force_bus_tool_compensated,4,phathom_s_scan:tracking t=15.84 contact=1 vz_cmd=-1.0
916351.784094174,916351.781712078,25595,1788822017.7432683,0.1107989478475877,2.3671334759987133,4.114683396169833,0.06140016453554838,-0.0176798999721603,0.05839469225343044,4.0,tracking,1,-0.7,1,0,1,force_bus_tool_compensated,4,phathom_s_scan:tracking t=15.85 contact=1 vz_cmd=-0.7
916351.794098379,916351.791480142,25597,1788822017.7530382,-0.0031369776410250516,2.0734210391444403,4.023784478185706,0.04252499651910837,-0.018174063591941493,0.05065397527715376,4.0,tracking,1,-0.7,1,0,1,force_bus_tool_compensated,4,phathom_s_scan:tracking t=15.86 contact=1 vz_cmd=-0.7
916351.804086134,916351.801724471,25599,1788822017.7632818,0.005252033314036009,2.377651069854613,4.13228198349641,0.07448693326406397,-0.023122922383881882,0.06573637951404719,4.0,tracking,1,-0.5,1,0,1,force_bus_tool_compensated,4,phathom_s_scan:tracking t=15.87 contact=1 vz_cmd=-0.5
916351.814087981,916351.811552201,25601,1788822017.7731094,-0.15886826032413692,2.1490953845185365,4.064518503679173,0.060925665323268145,-0.016266965732220508,0.059329254945647183,4.0,tracking,1,-0.4,1,0,1,force_bus_tool_compensated,4,phathom_s_scan:tracking t=15.88 contact=1 vz_cmd=-0.4
916351.82408021,916351.821808452,25603,1788822017.7833614,-0.06960713163191912,2.3511395858327377,4.169491518070327,0.07135381146177269,-0.027298893118080887,0.06241390572115643,4.0,tracking,1,-0.6,1,0,1,force_bus_tool_compensated,4,phathom_s_scan:tracking t=15.89 contact=1 vz_cmd=-0.6
916351.834075296,916351.831552899,25605,1788822017.7931094,-0.10796512878234221,2.3171810963952817,3.9990700338962455,0.06708920404441858,-0.01782904218287731,0.06358441262528948,4.0,tracking,1,-0.4,1,0,1,force_bus_tool_compensated,4,phathom_s_scan:tracking t=15.90 contact=1 vz_cmd=-0.4
916351.844189937,916351.841506016,25607,1788822017.8030634,-0.009628005038377463,2.274956150503697,4.094521047007595,0.06028462891806351,-0.022688864140306707,0.054540616073660425,4.0,tracking,1,-0.3,1,0,1,force_bus_tool_compensated,4,phathom_s_scan:tracking t=15.91 contact=1 vz_cmd=-0.3
916351.854074417,916351.851790801,25609,1788822017.8133376,-0.12747724751467704,2.136020945266769,3.693825466351014,0.05000879730416961,-0.009218446329973373,0.05770666198772993,4.0,tracking,1,0.6,1,0,1,force_bus_tool_compensated,4,phathom_s_scan:tracking t=15.92 contact=1 vz_cmd=+0.6
916351.864072538,916351.861684636,25611,1788822017.8232372,-0.03371182569595366,2.0359227331583756,4.107372594256235,0.0465305203669924,-0.030167521342707507,0.05174695621821457,4.0,tracking,1,0.5,1,0,1,force_bus_tool_compensated,4,phathom_s_scan:tracking t=15.93 contact=1 vz_cmd=+0.5
916351.873963165,916351.871646056,25613,1788822017.833196,-0.10624296166035108,2.121909105190828,4.021502575183787,0.05828219857487145,-0.03199015757470727,0.055270454835420285,4.0,tracking,1,0.3,1,0,1,force_bus_tool_compensated,4,phathom_s_scan:tracking t=15.94 contact=1 vz_cmd=+0.3
916351.884067548,916351.881899283,25615,1788822017.8434494,-0.15204437854417652,2.4135037879981707,3.9702372179589034,0.08033151440437869,-0.021116969076702206,0.05757281430632745,4.0,tracking,1,0.2,1,0,1,force_bus_tool_compensated,4,phathom_s_scan:tracking t=15.95 contact=1 vz_cmd=+0.2
916351.894073035,916351.891639105,25617,1788822017.8531957,-0.193735713348552,2.436727343328123,4.1122705292605035,0.08447410236468075,-0.02780811405060518,0.06783504727386093,4.0,tracking,1,0.1,1,0,1,force_bus_tool_compensated,4,phathom_s_scan:tracking t=15.96 contact=1 vz_cmd=+0.1
916351.904071606,916351.901560549,25619,1788822017.8631172,0.02577976409614635,2.155094336665452,4.420974341945895,0.06088419218375692,-0.044968965891917956,0.05293080166381711,4.0,tracking,1,-1.8,1,0,1,force_bus_tool_compensated,4,phathom_s_scan:tracking t=15.97 contact=1 vz_cmd=-1.8
916351.913997676,916351.911660815,25621,1788822017.8732128,-0.21524216992956768,2.098060400954944,4.1613993480605505,0.04656688920748623,-0.013166663933118243,0.055191727082548526,4.0,tracking,1,-2.0,1,0,1,force_bus_tool_compensated,4,phathom_s_scan:tracking t=15.98 contact=1 vz_cmd=-2.0
916351.923962707,916351.921383908,25623,1788822017.8829408,-0.1000036647581024,2.2791521796445715,4.054582174685921,0.05862223594684164,-0.016462203363146705,0.0526757646646516,4.0,tracking,1,-1.4,1,0,1,force_bus_tool_compensated,4,phathom_s_scan:tracking t=15.99 contact=1 vz_cmd=-1.4
916351.934135454,916351.931649216,25625,1788822017.8932064,-0.2335135897654308,2.308845603472923,3.9965496601159245,0.055410651841790844,-0.007703095219548298,0.05676464589132383,4.0,tracking,1,-0.9,1,0,1,force_bus_tool_compensated,4,phathom_s_scan:tracking t=16.00 contact=1 vz_cmd=-0.9
916351.944093584,916351.941516207,25627,1788822017.9030676,-0.21989457915229038,2.392772135323523,4.0640493982991295,0.07091455317477045,-0.01539303375361565,0.06344834873037637,4.0,tracking,1,-0.6,1,0,1,force_bus_tool_compensated,4,phathom_s_scan:tracking t=16.01 contact=1 vz_cmd=-0.6
916351.954106332,916351.951519575,25629,1788822017.9130769,-0.2518482826064212,2.2953498879739747,4.271790835688896,0.06264729905682873,-0.015622295469974366,0.05426273997792163,4.0,tracking,1,-1.5,1,0,1,force_bus_tool_compensated,4,phathom_s_scan:tracking t=16.02 contact=1 vz_cmd=-1.5
916351.964094282,916351.961512794,25631,1788822017.923069,-0.13797360647485934,2.157603730043256,4.472415048997723,0.059479065509696255,-0.03280989719068668,0.0636657678985098,4.0,tracking,1,-3.3,1,0,1,force_bus_tool_compensated,4,phathom_s_scan:tracking t=16.03 contact=1 vz_cmd=-3.3
916351.974081083,916351.971458804,25633,1788822017.9330149,-0.31707652244643336,2.197854621346072,4.380587058513511,0.06026080879243676,-0.021773663567693412,0.053137116858454146,4.0,tracking,1,-4.5,1,0,1,force_bus_tool_compensated,4,phathom_s_scan:tracking t=16.04 contact=1 vz_cmd=-4.5
916351.984090013,916351.981402302,25635,1788822017.9429607,-0.2929283482821554,2.3010117308989737,4.402024119170679,0.066461513970861,-0.028745629343851078,0.05948813837552555,4.0,tracking,1,-5.2,1,0,1,force_bus_tool_compensated,4,phathom_s_scan:tracking t=16.05 contact=1 vz_cmd=-5.2
916351.994081561,916351.991796465,25637,1788822017.9533489,-0.260493999176284,2.4793064238471154,4.192864645904504,0.07623466267480156,-0.018579103902167292,0.06698981916205878,4.0,tracking,1,-4.7,1,0,1,force_bus_tool_compensated,4,phathom_s_scan:tracking t=16.06 contact=1 vz_cmd=-4.7
916352.004071966,916352.001764265,25639,1788822017.9633217,-0.32243988055126827,2.348825523296803,4.1291329520855395,0.06472408241621425,-0.013661593985037628,0.05711894727249132,4.0,tracking,1,-3.2,1,0,1,force_bus_tool_compensated,4,phathom_s_scan:tracking t=16.07 contact=1 vz_cmd=-3.2
916352.014122002,916352.011678689,25641,1788822017.973236,-0.3158160956048157,1.8810986013771773,4.008899508610131,0.03674257065618285,-0.01151806189149296,0.054565829437095356,4.0,tracking,1,-2.2,1,0,1,force_bus_tool_compensated,4,phathom_s_scan:tracking t=16.08 contact=1 vz_cmd=-2.2
916352.024096227,916352.021867613,25643,1788822017.9834237,-0.4167567156412333,1.960060876912548,4.21668960086355,0.050166389156189345,-0.02482201538739154,0.052728305290642624,4.0,tracking,1,-1.8,1,0,1,force_bus_tool_compensated,4,phathom_s_scan:tracking t=16.09 contact=1 vz_cmd=-1.8
916352.034079628,916352.031814181,25645,1788822017.9933672,-0.26785661976116293,2.144393202492978,4.237313695414507,0.0696412950315134,-0.03597889407813915,0.06519488767273157,4.0,tracking,1,-2.6,1,0,1,force_bus_tool_compensated,4,phathom_s_scan:tracking t=16.10 contact=1 vz_cmd=-2.6
916352.044081195,916352.041766898,25647,1788822018.0033228,-0.5005764607119627,2.2475503043030334,4.124612854134078,0.08592674767474204,-0.02010356666712987,0.06676658169302527,4.0,tracking,1,-1.8,1,0,1,force_bus_tool_compensated,4,phathom_s_scan:tracking t=16.11 contact=1 vz_cmd=-1.8
916352.054079615,916352.051818298,25649,1788822018.0133705,-0.44251343496088924,2.023142436487258,4.039588714386307,0.05442898653520527,-0.03308009868603938,0.056572871842767825,4.0,tracking,1,-1.2,1,0,1,force_bus_tool_compensated,4,phathom_s_scan:tracking t=16.12 contact=1 vz_cmd=-1.2
916352.064082174,916352.061249072,25651,1788822018.022808,-0.48632759740566534,1.7938437108263126,4.241060604479035,0.05725268859593022,-0.034286216761799417,0.05911668753371677,4.0,tracking,1,-1.4,1,0,1,force_bus_tool_compensated,4,phathom_s_scan:tracking t=16.13 contact=1 vz_cmd=-1.4
916352.073963101,916352.071711223,25653,1788822018.033266,-0.4493872818474607,1.9290097890009188,4.149124274427507,0.05821040179854988,-0.0294530642035355,0.05347575929435246,4.0,tracking,1,-1.5,1,0,1,force_bus_tool_compensated,4,phathom_s_scan:tracking t=16.14 contact=1 vz_cmd=-1.5
916352.084056088,916352.081786213,25655,1788822018.0433385,-0.43446047902895835,2.3469701868940773,3.69645923105272,0.07849929241920463,-0.018028182895807987,0.06582707344378749,4.0,tracking,1,-0.2,1,0,1,force_bus_tool_compensated,4,phathom_s_scan:tracking t=16.15 contact=1 vz_cmd=-0.2
916352.094078155,916352.091624448,25657,1788822018.0531814,-0.4321917914641116,1.7328084172761324,3.9097417086469184,0.03945770398004359,-0.015983036074777662,0.04843594481635236,4.0,tracking,1,0.4,1,0,1,force_bus_tool_compensated,4,phathom_s_scan:tracking t=16.16 contact=1 vz_cmd=+0.4
916352.104080319,916352.101398779,25659,1788822018.062956,-0.4268093753571631,1.7559404833310854,4.223661847619661,0.04829923615099747,-0.03494096810460382,0.05953753203968786,4.0,tracking,1,-0.2,1,0,1,force_bus_tool_compensated,4,phathom_s_scan:tracking t=16.17 contact=1 vz_cmd=-0.2
916352.114103247,916352.111523268,25661,1788822018.0730774,-0.6845810107284274,2.2872028329484593,3.9138214185558624,0.0672363781631777,-0.02075295104166298,0.06219380950816851,4.0,tracking,1,-0.1,1,0,1,force_bus_tool_compensated,4,phathom_s_scan:tracking t=16.18 contact=1 vz_cmd=-0.1
916352.124118447,916352.121262874,25663,1788822018.0828204,-0.6382172847078751,2.5994982582377926,3.955720433684942,0.10545824716224105,-0.025741295158562192,0.0715662514678253,4.0,tracking,1,-0.1,1,0,1,force_bus_tool_compensated,4,phathom_s_scan:tracking t=16.19 contact=1 vz_cmd=-0.1
916352.134073769,916352.131577586,25665,1788822018.0931296,-0.4101140477989942,1.9757859189430778,4.444876230553641,0.07897413449390289,-0.039101473668689365,0.06380798183101678,4.0,tracking,1,-1.5,1,0,1,force_bus_tool_compensated,4,phathom_s_scan:tracking t=16.20 contact=1 vz_cmd=-1.5
916352.144075704,916352.141763511,25667,1788822018.103317,-0.3182201384723349,1.7052100652524522,4.23003436433044,0.04027640861440878,-0.03681532481218241,0.045151065793914084,4.0,tracking,1,-2.5,1,0,1,force_bus_tool_compensated,4,phathom_s_scan:tracking t=16.21 contact=1 vz_cmd=-2.5
916352.15408422,916352.151812937,25669,1788822018.1133661,-0.7085653965285321,2.2277475999325533,3.9566081410484895,0.06648313080150356,-0.010696017638322872,0.0684423629175426,4.0,tracking,1,-1.7,1,0,1,force_bus_tool_compensated,4,phathom_s_scan:tracking t=16.22 contact=1 vz_cmd=-1.7
916352.163996122,916352.161706673,25671,1788822018.123263,-0.5738728278685472,1.833713872341932,4.018967128069789,0.051693654666097315,-0.013190090024158217,0.05167013379832252,4.0,tracking,1,-1.1,1,0,1,force_bus_tool_compensated,4,phathom_s_scan:tracking t=16.23 contact=1 vz_cmd=-1.1
916352.173984975,916352.171440267,25673,1788822018.132997,-0.5180215945975877,2.0468518025271734,4.04064987688849,0.06183026431303617,-0.024178924976013864,0.058315929292358695,4.0,tracking,1,-0.7,1,0,1,force_bus_tool_compensated,4,phathom_s_scan:tracking t=16.24 contact=1 vz_cmd=-0.7
916352.183983566,916352.181403062,25675,1788822018.1429594,-0.6518044497121294,1.7453973273667567,4.10420347554302,0.04256195281161089,-0.016204185892380162,0.05431624323533622,4.0,tracking,1,-0.5,1,0,1,force_bus_tool_compensated,4,phathom_s_scan:tracking t=16.25 contact=1 vz_cmd=-0.5
916352.193984731,916352.191588781,25677,1788822018.1531448,-0.6021373880453111,1.7429985695055803,4.234892669036457,0.04525457277631747,-0.02039104145058294,0.05045979247367643,4.0,tracking,1,-1.3,1,0,1,force_bus_tool_compensated,4,phathom_s_scan:tracking t=16.26 contact=1 vz_cmd=-1.3
916352.203981994,916352.201706184,25679,1788822018.1632626,-0.3657099411973903,1.9872231720319045,4.27816971503556,0.0681790472994481,-0.047126821100520654,0.06022969647157426,4.0,tracking,1,-1.9,1,0,1,force_bus_tool_compensated,4,phathom_s_scan:tracking t=16.27 contact=1 vz_cmd=-1.9
916352.213982947,916352.211385499,25681,1788822018.1729426,-0.47184669085507736,1.9625948174783614,4.203906745955674,0.06194428766898322,-0.03175138803083742,0.0497377046008108,4.0,tracking,1,-1.9,1,0,1,force_bus_tool_compensated,4,phathom_s_scan:tracking t=16.28 contact=1 vz_cmd=-1.9
916352.223986467,916352.221715764,25683,1788822018.1832714,-0.3878884018436144,1.9065275517939282,4.065965327683627,0.05900834591009874,-0.03570503625304565,0.05970571066130434,4.0,tracking,1,-1.4,1,0,1,force_bus_tool_compensated,4,phathom_s_scan:tracking t=16.29 contact=1 vz_cmd=-1.4
916352.23398467,916352.231775266,25685,1788822018.193332,-0.5942261995709375,1.9474777326854575,3.891329686502575,0.05640978124651414,-0.011488514107759534,0.05515316113104993,4.0,tracking,1,-0.9,1,0,1,force_bus_tool_compensated,4,phathom_s_scan:tracking t=16.30 contact=1 vz_cmd=-0.9
916352.243980872,916352.241559021,25687,1788822018.2031162,-0.5445689274040617,1.911239574571048,3.751587384420481,0.05931068341972058,-0.01697145292286231,0.06107474241743913,4.0,tracking,1,0.1,1,0,1,force_bus_tool_compensated,4,phathom_s_scan:tracking t=16.31 contact=1 vz_cmd=+0.1
916352.253993038,916352.251640011,25689,1788822018.213196,-0.6094822509956157,1.7484921076936053,4.0025062280433135,0.05306866439272664,-0.023942871605745347,0.054030674046543554,4.0,tracking,1,0.4,1,0,1,force_bus_tool_compensated,4,phathom_s_scan:tracking t=16.32 contact=1 vz_cmd=+0.4
916352.263958285,916352.261569652,25691,1788822018.2231255,-0.44619624253008006,1.7045292953163047,4.112451070644639,0.04348088296718082,-0.04513559974977074,0.054967453026948686,4.0,tracking,1,0.2,1,0,1,force_bus_tool_compensated,4,phathom_s_scan:tracking t=16.33 contact=1 vz_cmd=+0.2
916352.27396935,916352.271501737,25693,1788822018.2330568,-0.6576535259490872,1.7495925400814893,4.021179486231212,0.05799265896134208,-0.021948541219412976,0.055593131354320625,4.0,tracking,1,0.1,1,0,1,force_bus_tool_compensated,4,phathom_s_scan:tracking t=16.34 contact=1 vz_cmd=+0.1
916352.283996847,916352.281793639,25695,1788822018.2433488,-0.6811530503239351,2.048281717231156,3.8091907219437124,0.0824730779480938,-0.024404043960765023,0.06674891218046608,4.0,tracking,1,0.4,1,0,1,force_bus_tool_compensated,4,phathom_s_scan:tracking t=16.35 contact=1 vz_cmd=+0.4
916352.294083223,916352.292732185,25697,1788822018.2542896,-0.4514533610568805,1.932253102489475,4.170325305383484,0.07462924914511357,-0.04870144482818625,0.059581464401745464,4.0,tracking,1,0.1,1,0,1,force_bus_tool_compensated,4,phathom_s_scan:tracking t=16.36 contact=1 vz_cmd=+0.1
916352.304109804,916352.301634649,25699,1788822018.263191,-0.4392237541372066,1.6709539411075567,4.0499724368675025,0.052832981140717855,-0.033879683644212094,0.05259515420393175,4.0,tracking,1,-0.0,1,0,1,force_bus_tool_compensated,4,phathom_s_scan:tracking t=16.38 contact=1 vz_cmd=-0.0
916352.314102741,916352.311733814,25701,1788822018.2732887,-0.6810262630933879,1.7799166181961004,3.7290851459436904,0.05294784481998392,-0.012159009021654494,0.05563381931368883,4.0,tracking,1,0.7,1,0,1,force_bus_tool_compensated,4,phathom_s_scan:tracking t=16.38 contact=1 vz_cmd=+0.7
916352.323992772,916352.321627201,25703,1788822018.2831795,-0.5725649595619431,1.7528466651296886,3.8492523171550537,0.05348637678889995,-0.024902597284676063,0.05426499769299339,4.0,tracking,1,0.7,1,0,1,force_bus_tool_compensated,4,phathom_s_scan:tracking t=16.39 contact=1 vz_cmd=+0.7
916352.333971108,916352.331888849,25705,1788822018.293442,-0.4507284881971798,1.9046098636020787,4.111421360132243,0.06948012877074397,-0.035922612130565,0.06048413085224802,4.0,tracking,1,0.4,1,0,1,force_bus_tool_compensated,4,phathom_s_scan:tracking t=16.40 contact=1 vz_cmd=+0.4
916352.344101185,916352.342082165,25707,1788822018.3036373,-0.4949522581111754,1.825405241666897,3.8386140986849515,0.05348826854051485,-0.031588600398549715,0.05458363361434176,4.0,tracking,1,0.4,1,0,1,force_bus_tool_compensated,4,phathom_s_scan:tracking t=16.41 contact=1 vz_cmd=+0.4
916352.353995289,916352.351661418,25709,1788822018.313218,-0.5043956538801411,1.7734487256264682,4.205702378777728,0.06235574768002608,-0.042851356872991644,0.06088373222610721,4.0,tracking,1,-0.0,1,0,1,force_bus_tool_compensated,4,phathom_s_scan:tracking t=16.42 contact=1 vz_cmd=-0.0
916352.363971671,916352.361423519,25711,1788822018.3229804,-0.11046856454944987,1.6371449933734143,4.4844352403904875,0.053694381206338404,-0.05963823526585824,0.04661850034207599,4.0,tracking,1,-2.8,1,0,1,force_bus_tool_compensated,4,phathom_s_scan:tracking t=16.43 contact=1 vz_cmd=-2.8
916352.373969618,916352.371740942,25713,1788822018.333296,-0.6521306551467505,2.0516594701477024,3.8522270792207527,0.07277608156539446,-0.02090836934472123,0.07017853161383367,4.0,tracking,1,-2.5,1,0,1,force_bus_tool_compensated,4,phathom_s_scan:tracking t=16.44 contact=1 vz_cmd=-2.5
916352.383968177,916352.381414166,25715,1788822018.3429673,-0.5551104078557734,2.0087716218104004,3.901240312400196,0.07445631026998753,-0.025897630222821058,0.0653721832463669,4.0,tracking,1,-1.6,1,0,1,force_bus_tool_compensated,4,phathom_s_scan:tracking t=16.45 contact=1 vz_cmd=-1.6
916352.393959734,916352.391624268,25717,1788822018.3531804,-0.5303769872351611,1.7539786328860116,4.016759069306507,0.05170736161556999,-0.022598144817446795,0.05023585870109453,4.0,tracking,1,-1.1,1,0,1,force_bus_tool_compensated,4,phathom_s_scan:tracking t=16.46 contact=1 vz_cmd=-1.1
916352.40398232,916352.401373702,25719,1788822018.362931,-0.5200414696168141,1.8923895358481075,3.741325953848407,0.05462844502549927,-0.02167840504249287,0.06143264762549706,4.0,tracking,1,-0.1,1,0,1,force_bus_tool_compensated,4,phathom_s_scan:tracking t=16.47 contact=1 vz_cmd=-0.1
916352.414017552,916352.411416442,25721,1788822018.3729727,-0.6334033150030127,1.6979996358155014,3.883426554478465,0.05256379115150894,-0.02046208302547498,0.04908243993722815,4.0,tracking,1,0.4,1,0,1,force_bus_tool_compensated,4,phathom_s_scan:tracking t=16.48 contact=1 vz_cmd=+0.4
916352.423966744,916352.421484125,25723,1788822018.38304,-0.1737429420489005,1.7397355567372366,4.2863516508271875,0.06457609416709789,-0.06487796516291554,0.0594521082671253,4.0,tracking,1,-0.6,1,0,1,force_bus_tool_compensated,4,phathom_s_scan:tracking t=16.50 contact=1 vz_cmd=-0.6
916352.433962082,916352.431620431,25725,1788822018.3931773,-0.4726155454790284,1.8035417579652586,3.966645705875907,0.061925752848648444,-0.025990922060506075,0.056839228950895916,4.0,tracking,1,-0.5,1,0,1,force_bus_tool_compensated,4,phathom_s_scan:tracking t=16.50 contact=1 vz_cmd=-0.5
916352.443959345,916352.441377162,25727,1788822018.4029357,-0.4598684752078104,1.9559348677674642,3.8548933438915824,0.06870175525595902,-0.029612238225743083,0.05941659154154249,4.0,tracking,1,-0.1,1,0,1,force_bus_tool_compensated,4,phathom_s_scan:tracking t=16.51 contact=1 vz_cmd=-0.1
916352.453970223,916352.45156861,25729,1788822018.4131238,-0.5821024584997803,1.8118684578772548,3.9246384352319748,0.05353937980846582,-0.01920681457179388,0.05800131764897835,4.0,tracking,1,-0.1,1,0,1,force_bus_tool_compensated,4,phathom_s_scan:tracking t=16.52 contact=1 vz_cmd=-0.1
916352.463967198,916352.461516517,25731,1788822018.4230711,-0.7075747578880418,1.6894402724372222,3.6552184296278716,0.04845612115760225,-0.00796174332025081,0.054454050309733874,4.0,tracking,1,1.4,1,0,1,force_bus_tool_compensated,4,phathom_s_scan:tracking t=16.53 contact=1 vz_cmd=+1.4
916352.473991019,916352.471559961,25733,1788822018.433118,-0.558090513756375,1.7695696699795325,4.043858829966098,0.06788489727280643,-0.028079400706794207,0.05625684901351076,4.0,tracking,1,1.1,1,0,1,force_bus_tool_compensated,4,phathom_s_scan:tracking t=16.54 contact=1 vz_cmd=+1.1
916352.483965418,916352.481629531,25735,1788822018.4431853,-0.6011495009923751,1.6361732596200622,3.958391537353705,0.050075114640866815,-0.0323161157206638,0.053078728532072586,4.0,tracking,1,0.7,1,0,1,force_bus_tool_compensated,4,phathom_s_scan:tracking t=16.55 contact=1 vz_cmd=+0.7
916352.493959661,916352.491694843,25737,1788822018.4532528,-0.6027422471711383,1.6934413830873665,3.9534777105895103,0.06003398992792759,-0.03428737492701525,0.05737885338962775,4.0,tracking,1,0.5,1,0,1,force_bus_tool_compensated,4,phathom_s_scan:tracking t=16.56 contact=1 vz_cmd=+0.5
916352.503961762,916352.501725498,25739,1788822018.4632812,-0.5124301629926802,1.834888859585119,4.006964099927603,0.06637906005738986,-0.03626203278441781,0.05181352568128486,4.0,tracking,1,0.3,1,0,1,force_bus_tool_compensated,4,phathom_s_scan:tracking t=16.57 contact=1 vz_cmd=+0.3
916352.51398962,916352.511539463,25741,1788822018.4730961,-0.5972823261731064,1.89630825201763,3.876441333798094,0.07153586153889635,-0.024052943333916665,0.06862082738390776,4.0,tracking,1,0.6,1,0,1,force_bus_tool_compensated,4,phathom_s_scan:tracking t=16.58 contact=1 vz_cmd=+0.6
916352.523979118,916352.521518368,25743,1788822018.483076,-0.5022255409889966,1.9158029338275993,4.064365392029167,0.07593164440933886,-0.03271500424278623,0.0638879016913278,4.0,tracking,1,0.4,1,0,1,force_bus_tool_compensated,4,phathom_s_scan:tracking t=16.59 contact=1 vz_cmd=+0.4
916352.533969122,916352.531563949,25745,1788822018.4931216,-0.5255000444177673,1.896017763389448,3.8678363359607193,0.06596102267475462,-0.028842930745925335,0.05513370071019308,4.0,tracking,1,0.3,1,0,1,force_bus_tool_compensated,4,phathom_s_scan:tracking t=16.60 contact=1 vz_cmd=+0.3
916352.544014925,916352.541427391,25747,1788822018.5029852,-0.5625909678428853,1.994207752344785,3.652545090474626,0.07180872388788452,-0.02356705719162544,0.06385529782257694,4.0,tracking,1,2.0,1,0,1,force_bus_tool_compensated,4,phathom_s_scan:tracking t=16.61 contact=1 vz_cmd=+2.0
916352.553967978,916352.551553523,25749,1788822018.5131094,-0.5813184689214199,1.6258485700500964,3.8645560751322368,0.05308599547592532,-0.020005371770395693,0.053929732816621785,4.0,tracking,1,1.8,1,0,1,force_bus_tool_compensated,4,phathom_s_scan:tracking t=16.62 contact=1 vz_cmd=+1.8
916352.563934647,916352.561546183,25751,1788822018.5231035,-0.48636881347386995,1.5995150056653258,3.7993607953770963,0.0545502556347984,-0.03611475489396315,0.057604993711320725,4.0,tracking,1,1.5,1,0,1,force_bus_tool_compensated,4,phathom_s_scan:tracking t=16.64 contact=1 vz_cmd=+1.5
916352.573986699,916352.571629036,25753,1788822018.5331838,-0.6112837021887343,1.3861988714500062,3.8909807427025003,0.04366102308812598,-0.032610887649396535,0.04830515569656634,4.0,tracking,1,1.4,1,0,1,force_bus_tool_compensated,4,phathom_s_scan:tracking t=16.64 contact=1 vz_cmd=+1.4
916352.58398942,916352.581480346,25755,1788822018.543036,-0.4748761686056646,1.6125808164278703,3.9156308391172603,0.06209321146210872,-0.05120912574199396,0.06035130049399572,4.0,tracking,1,0.9,1,0,1,force_bus_tool_compensated,4,phathom_s_scan:tracking t=16.65 contact=1 vz_cmd=+0.9
916352.593963973,916352.591614778,25757,1788822018.5531716,-0.7162241777574399,1.5956430823582453,3.861367304184837,0.06568404335553107,-0.03332284685265762,0.05933245736485807,4.0,tracking,1,0.9,1,0,1,force_bus_tool_compensated,4,phathom_s_scan:tracking t=16.66 contact=1 vz_cmd=+0.9
916352.60396318,916352.601419864,25759,1788822018.562977,-0.5605378870983238,1.7844361132327728,3.7679806872736377,0.07011925137786103,-0.03538919805899716,0.06060907156601016,4.0,tracking,1,1.1,1,0,1,force_bus_tool_compensated,4,phathom_s_scan:tracking t=16.67 contact=1 vz_cmd=+1.1
916352.613989612,916352.611370315,25761,1788822018.5729263,-0.8124047668029744,1.7729969946576698,3.6909906026925463,0.07111942074356406,-0.011500932259620794,0.06628896689031569,4.0,tracking,1,2.5,1,0,1,force_bus_tool_compensated,4,phathom_s_scan:tracking t=16.68 contact=1 vz_cmd=+2.5
916352.62399187,916352.621479795,25763,1788822018.583036,-0.48198533628076645,1.5665283434604054,3.9762060693080548,0.057224478282889145,-0.0421989826751604,0.053370171766881344,4.0,tracking,1,1.7,1,0,1,force_bus_tool_compensated,4,phathom_s_scan:tracking t=16.69 contact=1 vz_cmd=+1.7
916352.633961877,916352.631482553,25765,1788822018.5930345,-0.6350351190867987,1.7895256403306272,3.7146281193974087,0.06533162154984697,-0.024162420091400502,0.06508554551070825,4.0,tracking,1,1.8,1,0,1,force_bus_tool_compensated,4,phathom_s_scan:tracking t=16.70 contact=1 vz_cmd=+1.8
916352.643964836,916352.641594532,25767,1788822018.6031518,-0.5575602781692448,1.6249054163527163,3.941098158980652,0.061344603108146475,-0.037658721478205044,0.0552443030913953,4.0,tracking,1,1.7,1,0,1,force_bus_tool_compensated,4,phathom_s_scan:tracking t=16.71 contact=1 vz_cmd=+1.7
916352.653966658,916352.651567996,25769,1788822018.6131241,-0.3641868349086952,1.7982478686158807,4.056563515894556,0.07273772218905794,-0.055917204332434904,0.06365663285504472,4.0,tracking,1,1.1,1,0,1,force_bus_tool_compensated,4,phathom_s_scan:tracking t=16.72 contact=1 vz_cmd=+1.1
916352.663963936,916352.661336924,25771,1788822018.6228945,-0.4791996081586327,1.9832641018004005,3.8660108778522018,0.0789215055849922,-0.04174098338722975,0.06872100509057964,4.0,tracking,1,0.8,1,0,1,force_bus_tool_compensated,4,phathom_s_scan:tracking t=16.73 contact=1 vz_cmd=+0.8
916352.673974835,916352.671592222,25773,1788822018.6331449,-0.6278732378372878,1.683177354141204,3.780450343903873,0.057030432274009786,-0.023861056693177812,0.05426197245993208,4.0,tracking,1,1.4,1,0,1,force_bus_tool_compensated,4,phathom_s_scan:tracking t=16.74 contact=1 vz_cmd=+1.4
916352.68399081,916352.681439481,25775,1788822018.642996,-0.2851354595854434,1.500662843606877,4.159359098241135,0.05251118375815156,-0.05431621880907679,0.0580877038668603,4.0,tracking,1,0.8,1,0,1,force_bus_tool_compensated,4,phathom_s_scan:tracking t=16.75 contact=1 vz_cmd=+0.8
916352.69396332,916352.691647789,25777,1788822018.6532047,-0.5947218771829741,1.6294749808069435,3.779411065627041,0.0484136125504179,-0.0275639566232209,0.05076034258562752,4.0,tracking,1,0.9,1,0,1,force_bus_tool_compensated,4,phathom_s_scan:tracking t=16.77 contact=1 vz_cmd=+0.9
916352.703953215,916352.701325798,25779,1788822018.662884,-0.6028072959273321,1.7563622466684092,3.735247753046809,0.06810912594771819,-0.024201873875747616,0.06946384396418823,4.0,tracking,1,1.9,1,0,1,force_bus_tool_compensated,4,phathom_s_scan:tracking t=16.77 contact=1 vz_cmd=+1.9
916352.713979397,916352.711489287,25781,1788822018.6730444,-0.5058427088430868,1.573817987459731,4.043025180230673,0.05903625257912953,-0.03386197549450626,0.053488212445705355,4.0,tracking,1,1.3,1,0,1,force_bus_tool_compensated,4,phathom_s_scan:tracking t=16.78 contact=1 vz_cmd=+1.3
916352.723976218,916352.721477294,25783,1788822018.6830344,-0.506708109467068,1.7570213930620662,3.9780290774003246,0.061554274160459284,-0.04136176051153654,0.05801459084244037,4.0,tracking,1,0.9,1,0,1,force_bus_tool_compensated,4,phathom_s_scan:tracking t=16.79 contact=1 vz_cmd=+0.9
916352.733974278,916352.731382909,25785,1788822018.6929405,-0.5324081264396436,1.4421041170963798,3.998192840571712,0.0475471844163078,-0.03184500137149282,0.05158612249744233,4.0,tracking,1,0.6,1,0,1,force_bus_tool_compensated,4,phathom_s_scan:tracking t=16.80 contact=1 vz_cmd=+0.6
916352.743954661,916352.741553424,25787,1788822018.703112,-0.5908116164558408,1.6187860427376874,3.9920501003990667,0.05608136503394111,-0.03837534394860024,0.05591659515074205,4.0,tracking,1,0.4,1,0,1,force_bus_tool_compensated,4,phathom_s_scan:tracking t=16.81 contact=1 vz_cmd=+0.4
916352.753984777,916352.751451613,25789,1788822018.7130044,-0.7294716852703458,1.7060733770213237,4.011553689528027,0.06410350454694494,-0.03228072573001374,0.05712139917057388,4.0,tracking,1,0.3,1,0,1,force_bus_tool_compensated,4,phathom_s_scan:tracking t=16.82 contact=1 vz_cmd=+0.3
916352.763973935,916352.761339643,25791,1788822018.7228968,-0.730180982234047,1.8098729716462318,3.9213871992573286,0.07618244340515538,-0.02962229007045072,0.06127761297356512,4.0,tracking,1,0.2,1,0,1,force_bus_tool_compensated,4,phathom_s_scan:tracking t=16.84 contact=1 vz_cmd=+0.2
916352.773972995,916352.771470401,25793,1788822018.733027,-0.7647156283965624,1.6598332604074206,3.944140734381934,0.06996869390795996,-0.02067978380536626,0.05862464035822079,4.0,tracking,1,0.1,1,0,1,force_bus_tool_compensated,4,phathom_s_scan:tracking t=16.84 contact=1 vz_cmd=+0.1
916352.783977213,916352.781684353,25795,1788822018.7432399,-0.6168238412759939,1.69779617393666,4.142204266335325,0.06785896191066322,-0.04022206358077589,0.05690410403908485,4.0,tracking,1,0.0,1,0,1,force_bus_tool_compensated,4,phathom_s_scan:tracking t=16.85 contact=1 vz_cmd=+0.0
916352.79397736,916352.791607715,25797,1788822018.753164,-0.8545724150455114,1.3249294804163732,3.7295657472460357,0.043167062137969406,-0.022639027517209444,0.05403512493067615,4.0,tracking,1,0.6,1,0,1,force_bus_tool_compensated,4,phathom_s_scan:tracking t=16.86 contact=1 vz_cmd=+0.6
916352.803957608,916352.801352041,25799,1788822018.7629094,-0.7609459933703782,1.543085133669109,4.029532691917068,0.06903476723373438,-0.036043844692674167,0.06453110452653003,4.0,tracking,1,0.6,1,0,1,force_bus_tool_compensated,4,phathom_s_scan:tracking t=16.87 contact=1 vz_cmd=+0.6
916352.813932924,916352.811441516,25801,1788822018.772996,-0.6409115841277666,1.5374001705408118,4.095262114889863,0.0671536578612848,-0.044899376093112606,0.05035304418757445,4.0,tracking,1,0.2,1,0,1,force_bus_tool_compensated,4,phathom_s_scan:tracking t=16.88 contact=1 vz_cmd=+0.2
916352.823987715,916352.821558447,25803,1788822018.7831151,-0.6213036108194432,1.879232777201275,3.933331411989802,0.08925379709172782,-0.03963264775825763,0.06737981310626119,4.0,tracking,1,0.1,1,0,1,force_bus_tool_compensated,4,phathom_s_scan:tracking t=16.90 contact=1 vz_cmd=+0.1
916352.833978079,916352.831732015,25805,1788822018.7932854,-0.4811120509270199,1.440706947155052,4.180547698271349,0.053421252226473384,-0.04619627145332555,0.04797204816709503,4.0,tracking,1,-0.3,1,0,1,force_bus_tool_compensated,4,phathom_s_scan:tracking t=16.90 contact=1 vz_cmd=-0.3
916352.843987721,916352.841475543,25807,1788822018.8030326,-0.6852057723535063,1.5040616179057409,3.78834532462532,0.05639617324425345,-0.025436295572247008,0.06371950508897942,4.0,tracking,1,0.2,1,0,1,force_bus_tool_compensated,4,phathom_s_scan:tracking t=16.91 contact=1 vz_cmd=+0.2
916352.853961289,916352.851587263,25809,1788822018.8131435,-0.5716896611861564,1.692297387668446,3.8885937660509198,0.06797508625859754,-0.03336486725436103,0.05783794011012185,4.0,tracking,1,0.2,1,0,1,force_bus_tool_compensated,4,phathom_s_scan:tracking t=16.92 contact=1 vz_cmd=+0.2
916352.8640059,916352.861680239,25811,1788822018.8232336,-0.58608457343948,1.829552701380999,3.7019341811880198,0.07733056982822409,-0.029667624440335976,0.06519568486605201,4.0,tracking,1,0.9,1,0,1,force_bus_tool_compensated,4,phathom_s_scan:tracking t=16.93 contact=1 vz_cmd=+0.9
916352.874019752,916352.871723075,25813,1788822018.8332758,-0.44076851514664694,1.1928660967599698,4.22621344573026,0.048071568220957095,-0.04829573465532859,0.04934123888834319,4.0,tracking,1,0.5,1,0,1,force_bus_tool_compensated,4,phathom_s_scan:tracking t=16.94 contact=1 vz_cmd=+0.5
916352.883975602,916352.881973223,25815,1788822018.8435254,-0.5589359143647128,1.3560858449602342,3.7615937704193545,0.042520788520961986,-0.029986597403319878,0.04828177254818295,4.0,tracking,1,0.3,1,0,1,force_bus_tool_compensated,4,phathom_s_scan:tracking t=16.95 contact=1 vz_cmd=+0.3
916352.893970642,916352.891699683,25817,1788822018.8532565,-0.6370227136702789,1.6449304811672194,3.5194694498562162,0.06749407028140994,-0.028067515882332843,0.06515654541422612,4.0,tracking,1,3.0,1,0,1,force_bus_tool_compensated,4,phathom_s_scan:tracking t=16.96 contact=1 vz_cmd=+3.0
916352.903990162,916352.90145882,25819,1788822018.8630161,-0.43736375153790186,1.508914717389285,3.9206635768964855,0.07004206946185536,-0.048473302790511014,0.0544401511659921,4.0,tracking,1,2.7,1,0,1,force_bus_tool_compensated,4,phathom_s_scan:tracking t=16.97 contact=1 vz_cmd=+2.7
916352.913992798,916352.911490451,25821,1788822018.873047,-0.39029144334750554,1.6126851235113135,3.913300056542213,0.06720126679238575,-0.049833274145530515,0.05488511116030327,4.0,tracking,1,1.8,1,0,1,force_bus_tool_compensated,4,phathom_s_scan:tracking t=16.98 contact=1 vz_cmd=+1.8
916352.923964698,916352.921508515,25823,1788822018.883066,-0.6938797974692397,1.2878589640424198,3.612763043410094,0.048482809950403175,-0.024232046406867463,0.05428510300450005,4.0,tracking,1,3.0,1,0,1,force_bus_tool_compensated,4,phathom_s_scan:tracking t=16.99 contact=1 vz_cmd=+3.0
916352.933983822,916352.931435972,25825,1788822018.8929937,-0.5175011116154495,1.253815471280487,3.6151129595569294,0.05105702502274004,-0.04195209876378866,0.05306627485682125,4.0,tracking,1,3.8,1,0,1,force_bus_tool_compensated,4,phathom_s_scan:tracking t=17.00 contact=1 vz_cmd=+3.8
916352.943961647,916352.941494984,25827,1788822018.903053,-0.6287098176321786,1.5404670952837198,3.564685453623259,0.07316941128054011,-0.039643885435944756,0.06370712938513043,4.0,tracking,1,5.0,1,0,1,force_bus_tool_compensated,4,phathom_s_scan:tracking t=17.01 contact=1 vz_cmd=+5.0
916352.953972228,916352.951896521,25829,1788822018.9134493,-0.566681580642024,1.6247990565437194,3.7093276914182636,0.0763778511872764,-0.04225976838421617,0.05619523298694738,4.0,tracking,1,5.3,1,0,1,force_bus_tool_compensated,4,phathom_s_scan:tracking t=17.02 contact=1 vz_cmd=+5.3
916352.963989064,916352.961846725,25831,1788822018.9234035,-0.5654407640667161,1.6120942938316052,3.384241608638537,0.06701816007784756,-0.02981277432389218,0.06129821631725559,4.0,tracking,1,6.2,1,0,1,force_bus_tool_compensated,4,phathom_s_scan:tracking t=17.03 contact=1 vz_cmd=+6.2
916352.973994622,916352.971658642,25833,1788822018.9332166,-0.6513614971779924,1.2045936542558504,3.6199991810434438,0.04447674413712354,-0.029196754186221755,0.04561063856545509,4.0,tracking,1,7.0,1,0,1,force_bus_tool_compensated,4,phathom_s_scan:tracking t=17.04 contact=1 vz_cmd=+7.0
916352.983997139,916352.981700542,25835,1788822018.9432514,-0.3285402711719736,1.33188749812411,3.853854577214693,0.05931355385599982,-0.060660958619122206,0.054117687927786075,4.0,tracking,1,5.3,1,0,1,force_bus_tool_compensated,4,phathom_s_scan:tracking t=17.05 contact=1 vz_cmd=+5.3
916352.99397582,916352.991710852,25837,1788822018.953268,-0.5832846670865768,1.5499330684569304,3.589517928175887,0.06801286691693968,-0.026845143287344303,0.053143487338272406,4.0,tracking,1,5.2,1,0,1,force_bus_tool_compensated,4,phathom_s_scan:tracking t=17.06 contact=1 vz_cmd=+5.2
916353.00396466,916353.00168004,25839,1788822018.963236,-0.4354355877880556,1.516994593009816,3.681901942577269,0.05774320223466382,-0.03712574150646147,0.05346991716739018,4.0,tracking,1,5.5,1,0,1,force_bus_tool_compensated,4,phathom_s_scan:tracking t=17.07 contact=1 vz_cmd=+5.5
916353.01401313,916353.011558036,25841,1788822018.9731097,-0.5153187587871801,1.561975082745195,3.7384611795299887,0.05445214280345916,-0.03370931213326679,0.04991845328145708,4.0,tracking,1,4.5,1,0,1,force_bus_tool_compensated,4,phathom_s_scan:tracking t=17.08 contact=1 vz_cmd=+4.5
916353.023972197,916353.021911954,25843,1788822018.983468,-0.5481948891744828,1.5027644724022367,3.75501180733646,0.0626621018629622,-0.022735580399687514,0.05695058596535802,4.0,tracking,1,4.2,1,0,1,force_bus_tool_compensated,4,phathom_s_scan:tracking t=17.10 contact=1 vz_cmd=+4.2
916353.033996392,916353.031632842,25845,1788822018.9931889,-0.4703144109784385,1.6161915131859879,4.100933423539651,0.06564864732868057,-0.0401823400881554,0.05560596046643525,4.0,tracking,1,2.8,1,0,1,force_bus_tool_compensated,4,phathom_s_scan:tracking t=17.10 contact=1 vz_cmd=+2.8
916353.043977038,916353.041778523,25847,1788822019.00333,-0.40523117150667964,1.4771402550676538,3.983584113398752,0.0438354066109609,-0.037353514475660696,0.049324883069918196,4.0,tracking,1,1.8,1,0,1,force_bus_tool_compensated,4,phathom_s_scan:tracking t=17.11 contact=1 vz_cmd=+1.8
916353.05396174,916353.051610813,25849,1788822019.0131676,-0.7553942386885271,1.4630230509311846,3.7862140687786328,0.03964065006230912,-0.017493076410744317,0.05207761315303322,4.0,tracking,1,1.7,1,0,1,force_bus_tool_compensated,4,phathom_s_scan:tracking t=17.13 contact=1 vz_cmd=+1.7
916353.063982325,916353.061419013,25851,1788822019.0229754,-0.746762361422227,1.4097058718685362,4.178253167134991,0.050919723595243625,-0.03231362435899015,0.04873187027523188,4.0,tracking,1,0.9,1,0,1,force_bus_tool_compensated,4,phathom_s_scan:tracking t=17.13 contact=1 vz_cmd=+0.9
916353.073983413,916353.07172374,25853,1788822019.0332808,-0.986783716654686,1.8647122974446746,4.104441985858344,0.0656709510652742,-0.030433110556192043,0.05943685272097502,4.0,tracking,1,0.5,1,0,1,force_bus_tool_compensated,4,phathom_s_scan:tracking t=17.14 contact=1 vz_cmd=+0.5
916353.083924889,916353.081627651,25855,1788822019.043186,-0.9646373499485972,1.9043974684485416,4.21145336258555,0.09044018902811075,-0.021374128228600384,0.06654288346183238,4.0,tracking,1,-0.1,1,0,1,force_bus_tool_compensated,4,phathom_s_scan:tracking t=17.15 contact=1 vz_cmd=-0.1
916353.093987593,916353.091770891,25857,1788822019.053328,-0.6253679026942205,1.5142004475085369,4.285083972150613,0.06237819464678655,-0.039430584153662955,0.04929480163429928,4.0,tracking,1,-1.3,1,0,1,force_bus_tool_compensated,4,phathom_s_scan:tracking t=17.16 contact=1 vz_cmd=-1.3
916353.103950495,916353.101560258,25859,1788822019.0631175,-0.7965231794762784,1.6924810197289555,4.210299849018899,0.08356423660989988,-0.027218812019414323,0.07309592539895077,4.0,tracking,1,-1.5,1,0,1,force_bus_tool_compensated,4,phathom_s_scan:tracking t=17.17 contact=1 vz_cmd=-1.5
916353.113956948,916353.11161247,25861,1788822019.073168,-0.6098696344929699,1.539369463397314,4.383080578547101,0.05872468408586204,-0.04526318681282158,0.0457815276521428,4.0,tracking,1,-3.0,1,0,1,force_bus_tool_compensated,4,phathom_s_scan:tracking t=17.19 contact=1 vz_cmd=-3.0
916353.123971562,916353.121524017,25863,1788822019.0830822,-0.722816581516273,1.7605650276684883,4.001593340710323,0.06448641371851513,-0.030379814846414502,0.06563993882492164,4.0,tracking,1,-2.4,1,0,1,force_bus_tool_compensated,4,phathom_s_scan:tracking t=17.19 contact=1 vz_cmd=-2.4
916353.133956293,916353.131820786,25865,1788822019.0933719,-0.5704268833220081,1.3092318198586173,4.325948008474267,0.044045413910599414,-0.039701775097070915,0.04739801162791063,4.0,tracking,1,-2.5,1,0,1,force_bus_tool_compensated,4,phathom_s_scan:tracking t=17.20 contact=1 vz_cmd=-2.5
916353.143955836,916353.141446664,25867,1788822019.103004,-0.7299398731996365,1.8583617613195513,4.110074322709263,0.07383027336042394,-0.03377163410150406,0.06110059447221935,4.0,tracking,1,-2.3,1,0,1,force_bus_tool_compensated,4,phathom_s_scan:tracking t=17.21 contact=1 vz_cmd=-2.3
916353.153992102,916353.151747083,25869,1788822019.1133025,-0.7755605549511833,1.6580717381453633,4.0737662887960315,0.06260706908291476,-0.026660291067950533,0.059196348943626124,4.0,tracking,1,-1.5,1,0,1,force_bus_tool_compensated,4,phathom_s_scan:tracking t=17.22 contact=1 vz_cmd=-1.5
916353.164072594,916353.161440322,25871,1788822019.1229985,-0.7587452979792648,1.4688807764375447,4.0305627896010385,0.04996232068288401,-0.027730617941631223,0.053924546808270434,4.0,tracking,1,-1.1,1,0,1,force_bus_tool_compensated,4,phathom_s_scan:tracking t=17.23 contact=1 vz_cmd=-1.1
916353.174067858,916353.171611071,25873,1788822019.1331685,-0.8722829106040517,1.3810950310661296,4.162574161146008,0.06306320326319283,-0.0257146181164303,0.056843507997018435,4.0,tracking,1,-0.9,1,0,1,force_bus_tool_compensated,4,phathom_s_scan:tracking t=17.24 contact=1 vz_cmd=-0.9
916353.184083076,916353.181669381,25875,1788822019.1432233,-0.6246765114397548,1.3894422333712653,4.0760267538802015,0.05712885432677881,-0.04008064657462186,0.05173871549122572,4.0,tracking,1,-1.1,1,0,1,force_bus_tool_compensated,4,phathom_s_scan:tracking t=17.25 contact=1 vz_cmd=-1.1
916353.194096495,916353.191752121,25877,1788822019.1533065,-0.9651129706517885,1.3199111662107654,3.6977279820040216,0.050067135733052534,-0.0139534788416112,0.05875670656877702,4.0,tracking,1,0.3,1,0,1,force_bus_tool_compensated,4,phathom_s_scan:tracking t=17.26 contact=1 vz_cmd=+0.3
916353.204070408,916353.201579927,25879,1788822019.1631374,-0.743729471942445,1.3046349139949287,3.8282365928018125,0.05648948254092312,-0.03236613587057267,0.05810123988457322,4.0,tracking,1,1.1,1,0,1,force_bus_tool_compensated,4,phathom_s_scan:tracking t=17.27 contact=1 vz_cmd=+1.1
916353.213994943,916353.211932898,25881,1788822019.1734855,-0.6966380845767228,1.497320947241596,3.8285779740868753,0.0654135783866629,-0.03611187155231226,0.05436425159479398,4.0,tracking,1,0.9,1,0,1,force_bus_tool_compensated,4,phathom_s_scan:tracking t=17.28 contact=1 vz_cmd=+0.9
916353.223974666,916353.221664661,25883,1788822019.1832223,-0.5456348240689497,1.568785169681742,3.8334058347403026,0.0744849344468657,-0.04197003493707286,0.06578487506184899,4.0,tracking,1,1.3,1,0,1,force_bus_tool_compensated,4,phathom_s_scan:tracking t=17.29 contact=1 vz_cmd=+1.3
916353.233988043,916353.231729041,25885,1788822019.1932817,-0.4087846304237497,1.4172688724611264,3.9605385448883386,0.05956374177721829,-0.04755097186006106,0.050425777851467825,4.0,tracking,1,0.9,1,0,1,force_bus_tool_compensated,4,phathom_s_scan:tracking t=17.30 contact=1 vz_cmd=+0.9
916353.24398946,916353.241742115,25887,1788822019.2032952,-0.5551665965111072,1.6503868342566468,3.9168661434462284,0.07899467806755786,-0.03856276623565017,0.07278328257421277,4.0,tracking,1,0.6,1,0,1,force_bus_tool_compensated,4,phathom_s_scan:tracking t=17.31 contact=1 vz_cmd=+0.6
916353.253975346,916353.251560795,25889,1788822019.213117,-0.5349463114194204,1.5160083575528684,3.909056988149115,0.061977188174858006,-0.03738644803066515,0.05136120010453513,4.0,tracking,1,0.4,1,0,1,force_bus_tool_compensated,4,phathom_s_scan:tracking t=17.32 contact=1 vz_cmd=+0.4
916353.263960619,916353.261426196,25891,1788822019.2229848,-0.5769808031705876,1.8080721260075738,3.7653123657498266,0.07850111330264808,-0.029299484387420197,0.06777440381899709,4.0,tracking,1,1.1,1,0,1,force_bus_tool_compensated,4,phathom_s_scan:tracking t=17.33 contact=1 vz_cmd=+1.1
916353.273992744,916353.271526355,25893,1788822019.2330809,-0.6026228682706909,1.6509478965023203,3.8316510272710973,0.056794285005686326,-0.020525226770844524,0.05350511664499765,4.0,tracking,1,1.0,1,0,1,force_bus_tool_compensated,4,phathom_s_scan:tracking t=17.34 contact=1 vz_cmd=+1.0
916353.283980735,916353.281648842,25895,1788822019.2432048,-0.5761509664094346,1.339730628257888,3.8527192277337736,0.04207849057174951,-0.0241972394544605,0.05112521518591844,4.0,tracking,1,1.1,1,0,1,force_bus_tool_compensated,4,phathom_s_scan:tracking t=17.35 contact=1 vz_cmd=+1.1
916353.294095263,916353.291714372,25897,1788822019.2532723,-0.7593665758853752,1.5988648060071502,3.840324470221087,0.0662491489737033,-0.017644333368918262,0.06041447810573291,4.0,tracking,1,0.9,1,0,1,force_bus_tool_compensated,4,phathom_s_scan:tracking t=17.36 contact=1 vz_cmd=+0.9
916353.303962267,916353.301662782,25899,1788822019.2632203,-0.6101266103838232,1.4424888126133033,3.8405439174840383,0.05547125635203068,-0.030776020649911383,0.05543886716488181,4.0,tracking,1,1.1,1,0,1,force_bus_tool_compensated,4,phathom_s_scan:tracking t=17.37 contact=1 vz_cmd=+1.1
916353.313967659,916353.311587012,25901,1788822019.2731433,-0.5255399131022425,1.481845120601732,4.085156438484084,0.06250930244123867,-0.039263928425677296,0.05849562866421552,4.0,tracking,1,0.7,1,0,1,force_bus_tool_compensated,4,phathom_s_scan:tracking t=17.38 contact=1 vz_cmd=+0.7
916353.323990445,916353.322081292,25903,1788822019.2836366,-0.7151674750394339,1.7905550660424139,3.9190688686445876,0.08442798631642123,-0.012973470971859366,0.060656526437887034,4.0,tracking,1,0.5,1,0,1,force_bus_tool_compensated,4,phathom_s_scan:tracking t=17.39 contact=1 vz_cmd=+0.5
916353.333968675,916353.331898412,25905,1788822019.2934546,-0.45182305397872113,1.380634327776612,3.832933208317934,0.040767582588833964,-0.03243511182432133,0.04719284271040423,4.0,tracking,1,0.6,1,0,1,force_bus_tool_compensated,4,phathom_s_scan:tracking t=17.40 contact=1 vz_cmd=+0.6
916353.34398755,916353.341656462,25907,1788822019.3032124,-0.406137572746857,1.7047432676846594,3.844512960103512,0.05827835391067353,-0.04022929761713194,0.05737569186976668,4.0,tracking,1,0.6,1,0,1,force_bus_tool_compensated,4,phathom_s_scan:tracking t=17.41 contact=1 vz_cmd=+0.6
916353.353962856,916353.351953196,25909,1788822019.3135078,-0.6724821298735768,1.6769583954358616,3.933026678669134,0.061577405652485276,-0.023514707507795517,0.05585395926592686,4.0,tracking,1,0.4,1,0,1,force_bus_tool_compensated,4,phathom_s_scan:tracking t=17.42 contact=1 vz_cmd=+0.4
916353.363993263,916353.361475035,25911,1788822019.3230326,-0.6339902824378056,1.9889030773704348,3.7829168137699725,0.07493226141070038,-0.03719084988213637,0.06632556528039207,4.0,tracking,1,0.8,1,0,1,force_bus_tool_compensated,4,phathom_s_scan:tracking t=17.43 contact=1 vz_cmd=+0.8
916353.373978871,916353.371510528,25913,1788822019.3330653,-0.6491657854523492,1.7175453410941859,3.902194785060246,0.07519408024385696,-0.015379842890455325,0.05712732279841182,4.0,tracking,1,0.6,1,0,1,force_bus_tool_compensated,4,phathom_s_scan:tracking t=17.44 contact=1 vz_cmd=+0.6
916353.383989563,916353.381889806,25915,1788822019.3434432,-0.6751664754392117,1.3734516359809836,4.068906625460043,0.050997079643856955,-0.030668409418538465,0.062179799724007716,4.0,tracking,1,0.4,1,0,1,force_bus_tool_compensated,4,phathom_s_scan:tracking t=17.45 contact=1 vz_cmd=+0.4
916353.393976331,916353.391606769,25917,1788822019.3531642,-0.7497848637879432,1.2121937626061494,3.921518338513308,0.04163784787278479,-0.024968067180307203,0.044936629612507294,4.0,tracking,1,0.1,1,0,1,force_bus_tool_compensated,4,phathom_s_scan:tracking t=17.46 contact=1 vz_cmd=+0.1
916353.40395833,916353.401730119,25919,1788822019.363287,-1.0703910998541193,1.803931853836783,3.713009889386015,0.07844723694583383,-0.014754616272883218,0.07048968173090707,4.0,tracking,1,1.2,1,0,1,force_bus_tool_compensated,4,phathom_s_scan:tracking t=17.47 contact=1 vz_cmd=+1.2
916353.413985401,916353.411702213,25921,1788822019.3732545,-0.6868239435428238,1.3120989373891443,3.9328782233534634,0.06131464121492246,-0.03289231969598965,0.059426364158237995,4.0,tracking,1,0.9,1,0,1,force_bus_tool_compensated,4,phathom_s_scan:tracking t=17.48 contact=1 vz_cmd=+0.9
916353.423962183,916353.42161338,25923,1788822019.3831701,-0.6338160230192742,1.318569569627313,3.8436492132033973,0.057969952639098266,-0.04155522446485345,0.05656654498326971,4.0,tracking,1,1.0,1,0,1,force_bus_tool_compensated,4,phathom_s_scan:tracking t=17.49 contact=1 vz_cmd=+1.0
916353.433959595,916353.431586897,25925,1788822019.3931446,-0.8052495400738877,1.5745845661844848,3.937226343623434,0.07119210892220718,-0.032038636972381795,0.06307864850673833,4.0,tracking,1,0.6,1,0,1,force_bus_tool_compensated,4,phathom_s_scan:tracking t=17.50 contact=1 vz_cmd=+0.6
916353.443993913,916353.441774786,25927,1788822019.403326,-0.48283648517066613,1.1421999779053684,4.176879615076093,0.04567399003857238,-0.05573381559084622,0.047571900217367076,4.0,tracking,1,0.2,1,0,1,force_bus_tool_compensated,4,phathom_s_scan:tracking t=17.51 contact=1 vz_cmd=+0.2
916353.453993259,916353.45161522,25929,1788822019.4131727,-0.844516611541466,1.6425152734136264,4.173056377993868,0.07100490174480695,-0.031288731054246385,0.05987235554415615,4.0,tracking,1,-0.4,1,0,1,force_bus_tool_compensated,4,phathom_s_scan:tracking t=17.52 contact=1 vz_cmd=-0.4
916353.463979656,916353.461704813,25931,1788822019.423262,-1.051393485252694,1.918323934975069,3.863627387850272,0.07929265746115183,-0.015384950115324461,0.0745449542580648,4.0,tracking,1,-0.2,1,0,1,force_bus_tool_compensated,4,phathom_s_scan:tracking t=17.53 contact=1 vz_cmd=-0.2
916353.473996041,916353.47185367,25933,1788822019.4334056,-0.5648843387726801,1.3105168301965848,4.319779165739954,0.0530099376818185,-0.05010666772284876,0.040643536308332465,4.0,tracking,1,-1.0,1,0,1,force_bus_tool_compensated,4,phathom_s_scan:tracking t=17.54 contact=1 vz_cmd=-1.0
916353.483958793,916353.481586332,25935,1788822019.4431393,-0.9977902434385642,1.8593922874184559,4.030427901228922,0.07216742313208756,-0.020682579284422502,0.06840918957690069,4.0,tracking,1,-1.8,1,0,1,force_bus_tool_compensated,4,phathom_s_scan:tracking t=17.55 contact=1 vz_cmd=-1.8
916353.493964107,916353.491605931,25937,1788822019.453163,-0.7575332384234985,1.1949820776234281,3.964898700276488,0.034543756223630345,-0.023623436919242145,0.04683694568465634,4.0,tracking,1,-1.2,1,0,1,force_bus_tool_compensated,4,phathom_s_scan:tracking t=17.56 contact=1 vz_cmd=-1.2
916353.503986038,916353.501732168,25939,1788822019.4632897,-0.678022478465323,1.4496189044437213,4.027320163894069,0.06818649352604789,-0.03859654578060712,0.06803392833668832,4.0,tracking,1,-0.8,1,0,1,force_bus_tool_compensated,4,phathom_s_scan:tracking t=17.57 contact=1 vz_cmd=-0.8
916353.513984399,916353.511598044,25941,1788822019.4731562,-0.9057032975073176,1.6498118143645772,4.071951109057378,0.07214859751979606,-0.023868201372637548,0.05707573451222655,4.0,tracking,1,-0.6,1,0,1,force_bus_tool_compensated,4,phathom_s_scan:tracking t=17.58 contact=1 vz_cmd=-0.6
916353.523985982,916353.521663409,25943,1788822019.4832208,-0.4465486265310741,1.492211752563883,4.069364824225463,0.06164308533951409,-0.048164754581818695,0.05816378392409002,4.0,tracking,1,-0.4,1,0,1,force_bus_tool_compensated,4,phathom_s_scan:tracking t=17.59 contact=1 vz_cmd=-0.4
916353.533964422,916353.531744654,25945,1788822019.493297,-0.9286869532469453,1.6786125151022941,3.8198763875492148,0.06704654573350939,-0.008765327154923433,0.06373761239039673,4.0,tracking,1,-0.0,1,0,1,force_bus_tool_compensated,4,phathom_s_scan:tracking t=17.60 contact=1 vz_cmd=-0.0
916353.543976598,916353.541672921,25947,1788822019.503228,-0.5770423933444668,1.2747676569557589,4.153598571045145,0.054818037627185415,-0.040944193012933096,0.054024197322939185,4.0,tracking,1,-0.1,1,0,1,force_bus_tool_compensated,4,phathom_s_scan:tracking t=17.61 contact=1 vz_cmd=-0.1
916353.553980201,916353.551961547,25949,1788822019.513518,-0.7726745376604423,1.4310683439907792,3.926567643774503,0.05463997893766325,-0.02890905126971423,0.056627255379882446,4.0,tracking,1,-0.1,1,0,1,force_bus_tool_compensated,4,phathom_s_scan:tracking t=17.62 contact=1 vz_cmd=-0.1
916353.563980213,916353.56163848,25951,1788822019.5231965,-1.135808333548676,1.827081331474936,3.8959409254585005,0.06375907925150134,-0.025533556681244855,0.06589234608288112,4.0,tracking,1,0.1,1,0,1,force_bus_tool_compensated,4,phathom_s_scan:tracking t=17.63 contact=1 vz_cmd=+0.1
916353.573988733,916353.571613428,25953,1788822019.5331693,-0.7161276471199001,1.7038863330427405,3.780904783884735,0.08043861974655894,-0.02980072070142893,0.06308439809271255,4.0,tracking,1,0.5,1,0,1,force_bus_tool_compensated,4,phathom_s_scan:tracking t=17.64 contact=1 vz_cmd=+0.5
916353.583985176,916353.581770082,25955,1788822019.5433261,-0.9590686159048454,1.8109783361074867,3.390622216187565,0.07486761876030631,-0.014144160040119367,0.06242602891306882,4.0,tracking,1,3.7,1,0,1,force_bus_tool_compensated,4,phathom_s_scan:tracking t=17.65 contact=1 vz_cmd=+3.7
916353.593974641,916353.591743847,25957,1788822019.5533006,-0.480083526418255,1.2777685896305262,3.8842348735254753,0.05579780025709346,-0.04226255716792438,0.06032905096358847,4.0,tracking,1,3.6,1,0,1,force_bus_tool_compensated,4,phathom_s_scan:tracking t=17.66 contact=1 vz_cmd=+3.6
916353.603975184,916353.601501189,25959,1788822019.5630581,-0.5504713967430954,1.5747374661264049,4.231199422314181,0.07035758991838106,-0.053084710594603686,0.06063315704111093,4.0,tracking,1,2.0,1,0,1,force_bus_tool_compensated,4,phathom_s_scan:tracking t=17.67 contact=1 vz_cmd=+2.0
916353.61398658,916353.611985851,25961,1788822019.5735407,-0.882201424174696,1.3226311921666571,3.8112123899362436,0.0423961008593471,-0.012065585086713012,0.048442762525991896,4.0,tracking,1,1.6,1,0,1,force_bus_tool_compensated,4,phathom_s_scan:tracking t=17.68 contact=1 vz_cmd=+1.6
916353.623984935,916353.621562561,25963,1788822019.5831203,-0.6150365988357496,1.727259990137479,4.031971279315059,0.07965379971302888,-0.04407966533763085,0.0685110470224608,4.0,tracking,1,1.2,1,0,1,force_bus_tool_compensated,4,phathom_s_scan:tracking t=17.69 contact=1 vz_cmd=+1.2
916353.633957782,916353.631681245,25965,1788822019.5932386,-0.949668034562255,1.443233012417829,3.8964081285061587,0.06045115941888375,-0.009211620326888957,0.05298130735870157,4.0,tracking,1,0.7,1,0,1,force_bus_tool_compensated,4,phathom_s_scan:tracking t=17.70 contact=1 vz_cmd=+0.7
916353.644069181,916353.641934076,25967,1788822019.6034884,-0.7920027452736724,1.494769275110601,3.9928580890947223,0.06749139141577964,-0.027516251990946983,0.06421692911320583,4.0,tracking,1,0.7,1,0,1,force_bus_tool_compensated,4,phathom_s_scan:tracking t=17.71 contact=1 vz_cmd=+0.7
916353.65406747,916353.65164356,25969,1788822019.6132007,-1.043600904622023,1.3640911677423708,3.960839478193269,0.057742722690614555,-0.01077192319733793,0.05967645029782276,4.0,tracking,1,0.5,1,0,1,force_bus_tool_compensated,4,phathom_s_scan:tracking t=17.72 contact=1 vz_cmd=+0.5
916353.66406457,916353.661616151,25971,1788822019.6231737,-0.9679404838868753,1.4187330306112533,3.9355737837852907,0.07569639923177113,-0.017475062964114465,0.06464138950638795,4.0,tracking,1,0.4,1,0,1,force_bus_tool_compensated,4,phathom_s_scan:tracking t=17.73 contact=1 vz_cmd=+0.4
916353.674087516,916353.67174142,25973,1788822019.633293,-1.0641036177777548,1.2963976691463763,4.119449066304072,0.05745158594187722,-0.026925572930837634,0.04675838986741467,4.0,tracking,1,0.1,1,0,1,force_bus_tool_compensated,4,phathom_s_scan:tracking t=17.74 contact=1 vz_cmd=+0.1
916353.684092273,916353.681652551,25975,1788822019.6432104,-1.6222517331355832,1.3939603990724012,3.765473947218345,0.04854248527476655,-0.018114921356294535,0.05933391730948658,4.0,tracking,1,0.6,1,0,1,force_bus_tool_compensated,4,phathom_s_scan:tracking t=17.75 contact=1 vz_cmd=+0.6
916353.694083217,916353.691589441,25977,1788822019.653146,-0.8989001630282429,1.3158863043945095,4.340977318639644,0.08036793522840295,-0.03488603909140395,0.058207158582938026,4.0,tracking,1,-0.5,1,0,1,force_bus_tool_compensated,4,phathom_s_scan:tracking t=17.76 contact=1 vz_cmd=-0.5
916353.70410216,916353.701642363,25979,1788822019.6631997,-1.0211674363992156,1.4081847173774686,3.953721643645192,0.07290554957229804,-0.020991560224228985,0.05204560706364861,4.0,tracking,1,-0.7,1,0,1,force_bus_tool_compensated,4,phathom_s_scan:tracking t=17.77 contact=1 vz_cmd=-0.7
916353.713962569,916353.711575803,25981,1788822019.673133,-1.4906576497754989,1.4642241181874012,3.797201145503958,0.056277252460502206,-0.01869705879941863,0.0725378503220513,4.0,tracking,1,0.1,1,0,1,force_bus_tool_compensated,4,phathom_s_scan:tracking t=17.78 contact=1 vz_cmd=+0.1
916353.723992527,916353.721685378,25983,1788822019.6832404,-0.7605218202661364,1.192274774555417,4.260980178308898,0.06998719379226884,-0.02564946438789444,0.04961043695206916,4.0,tracking,1,-0.5,1,0,1,force_bus_tool_compensated,4,phathom_s_scan:tracking t=17.79 contact=1 vz_cmd=-0.5
916353.733977782,916353.731799801,25985,1788822019.6933546,-0.9708856379872395,1.130897336716549,3.8787295224925304,0.04083949998633399,-0.03064945686135171,0.05164066034831653,4.0,tracking,1,-0.4,1,0,1,force_bus_tool_compensated,4,phathom_s_scan:tracking t=17.80 contact=1 vz_cmd=-0.4
916353.743991971,916353.741551929,25987,1788822019.7031102,-0.9433314914410109,1.3995010301650441,3.7853741481130907,0.07231990233281752,-0.03911901345352337,0.061513460209580983,4.0,tracking,1,0.6,1,0,1,force_bus_tool_compensated,4,phathom_s_scan:tracking t=17.81 contact=1 vz_cmd=+0.6
916353.753978988,916353.751702887,25989,1788822019.7132576,-0.9367289257045044,1.3178994964935373,3.8799991351891236,0.06857961036141998,-0.027075466336484395,0.05554435242538307,4.0,tracking,1,0.5,1,0,1,force_bus_tool_compensated,4,phathom_s_scan:tracking t=17.82 contact=1 vz_cmd=+0.5
916353.763985344,916353.761589895,25991,1788822019.7231452,-0.9221465718225461,1.3885930338593653,3.8320362333828553,0.07745619505604262,-0.028405734954497705,0.06932571948627243,4.0,tracking,1,1.0,1,0,1,force_bus_tool_compensated,4,phathom_s_scan:tracking t=17.83 contact=1 vz_cmd=+1.0
916353.774065517,916353.771680668,25993,1788822019.7332344,-0.8369193766284493,1.300400107986554,4.043727737709769,0.060994486618873675,-0.03441534804883683,0.0482178498173908,4.0,tracking,1,0.7,1,0,1,force_bus_tool_compensated,4,phathom_s_scan:tracking t=17.84 contact=1 vz_cmd=+0.7
916353.78397093,916353.781812172,25995,1788822019.7433674,-1.057609428815168,1.3498428783692706,3.5498398309613375,0.05672252478838498,-0.013573195767346183,0.06566912444144465,4.0,tracking,1,2.4,1,0,1,force_bus_tool_compensated,4,phathom_s_scan:tracking t=17.85 contact=1 vz_cmd=+2.4
916353.794106895,916353.791635772,25997,1788822019.7531934,-0.9587254871150603,1.2304264067611288,3.785750803027989,0.06126008207386002,-0.02120071039375569,0.05316077530157472,4.0,tracking,1,2.9,1,0,1,force_bus_tool_compensated,4,phathom_s_scan:tracking t=17.86 contact=1 vz_cmd=+2.9
916353.804068885,916353.801407763,25999,1788822019.7629652,-0.9999762034494477,1.3659621488582254,3.650310769914536,0.06473797186987781,-0.013679910542610684,0.06037072804923075,4.0,tracking,1,3.3,1,0,1,force_bus_tool_compensated,4,phathom_s_scan:tracking t=17.87 contact=1 vz_cmd=+3.3
916353.81405075,916353.811341833,26001,1788822019.772899,-1.0336131059474882,1.2477273232500221,3.6266665206635462,0.05630825459403046,-0.01568635878916969,0.05624116132160198,4.0,tracking,1,4.3,1,0,1,force_bus_tool_compensated,4,phathom_s_scan:tracking t=17.88 contact=1 vz_cmd=+4.3
916353.823982194,916353.821509922,26003,1788822019.7830672,-0.8545947332299335,1.4045032539535307,3.9055033862818007,0.07261642626745912,-0.03150343073103145,0.057663957749763226,4.0,tracking,1,3.3,1,0,1,force_bus_tool_compensated,4,phathom_s_scan:tracking t=17.89 contact=1 vz_cmd=+3.3
916353.833978772,916353.831587147,26005,1788822019.7931435,-0.8480335376994488,1.2501855608002395,3.732298695861176,0.050990653632141954,-0.028266668487046315,0.05445928862659134,4.0,tracking,1,2.9,1,0,1,force_bus_tool_compensated,4,phathom_s_scan:tracking t=17.90 contact=1 vz_cmd=+2.9
916353.843989866,916353.841501859,26007,1788822019.8030586,-0.8705475647854506,1.4004230080005975,3.767381464683094,0.06229895885084746,-0.028769489211144552,0.06009510592222508,4.0,tracking,1,3.2,1,0,1,force_bus_tool_compensated,4,phathom_s_scan:tracking t=17.91 contact=1 vz_cmd=+3.2
916353.853990411,916353.851431215,26009,1788822019.8129857,-0.840655809324317,1.2930421304835333,4.088983969432341,0.0679318434643556,-0.029023154035357462,0.05307891384086341,4.0,tracking,1,2.1,1,0,1,force_bus_tool_compensated,4,phathom_s_scan:tracking t=17.92 contact=1 vz_cmd=+2.1
916353.863960395,916353.861364038,26011,1788822019.8229222,-1.1742114585936116,1.6353594268862843,3.6715067503201735,0.0712784010276812,-0.020651313446571146,0.06706900969050138,4.0,tracking,1,2.4,1,0,1,force_bus_tool_compensated,4,phathom_s_scan:tracking t=17.93 contact=1 vz_cmd=+2.4
916353.873979203,916353.871367917,26013,1788822019.8329248,-1.0375516701856082,1.569505155414889,3.6863971253286794,0.06724302015470551,0.0006361391623732907,0.049995794535598825,4.0,tracking,1,3.1,1,0,1,force_bus_tool_compensated,4,phathom_s_scan:tracking t=17.94 contact=1 vz_cmd=+3.1
916353.883991009,916353.881500204,26015,1788822019.8430572,-0.6875939677151948,1.3159281279897381,4.1497047881958995,0.056633760572781244,-0.04185790249046898,0.05381394534193555,4.0,tracking,1,2.0,1,0,1,force_bus_tool_compensated,4,phathom_s_scan:tracking t=17.95 contact=1 vz_cmd=+2.0
916353.893962501,916353.89158033,26017,1788822019.8531365,-1.0474436068346895,1.2833612323313508,3.8945568368043992,0.05144988834655058,-0.01054446333371888,0.05048102194983794,4.0,tracking,1,1.3,1,0,1,force_bus_tool_compensated,4,phathom_s_scan:tracking t=17.97 contact=1 vz_cmd=+1.3
916353.903989201,916353.901541566,26019,1788822019.8630986,-0.8165550655074765,1.3654326471518436,4.068681629318657,0.068770006275484,-0.0381946867048314,0.06522715950896599,4.0,tracking,1,1.0,1,0,1,force_bus_tool_compensated,4,phathom_s_scan:tracking t=17.97 contact=1 vz_cmd=+1.0
916353.913968496,916353.911501231,26021,1788822019.873056,-1.000907424963128,1.3676765791474474,4.026275542780067,0.06303281694734984,-0.027071453160249816,0.055881406710696455,4.0,tracking,1,0.2,1,0,1,force_bus_tool_compensated,4,phathom_s_scan:tracking t=17.98 contact=1 vz_cmd=+0.2
916353.923989261,916353.921463205,26023,1788822019.8830206,-0.8803895359096414,1.4734048413024945,4.013727405257988,0.0712887194772927,-0.03073268879917374,0.060967180988896474,4.0,tracking,1,0.1,1,0,1,force_bus_tool_compensated,4,phathom_s_scan:tracking t=17.99 contact=1 vz_cmd=+0.1
916353.933979985,916353.931453742,26025,1788822019.8930118,-1.039989752637383,1.365908256444117,4.045007147306776,0.05389507840915546,-0.01911474170359102,0.05902401178772788,4.0,tracking,1,0.1,1,0,1,force_bus_tool_compensated,4,phathom_s_scan:tracking t=18.00 contact=1 vz_cmd=+0.1
916353.94399419,916353.941583145,26027,1788822019.9031386,-1.1188084120345236,1.4980464204724118,3.913183303445414,0.06316133152091838,-0.008015156409867871,0.0640940265538541,4.0,tracking,1,0.1,1,0,1,force_bus_tool_compensated,4,phathom_s_scan:tracking t=18.01 contact=1 vz_cmd=+0.1
916353.953980187,916353.951426784,26029,1788822019.9129822,-0.991095491829229,1.4334122398964417,4.183833061754456,0.060651469831620584,-0.027944499005344348,0.04852223373927839,4.0,tracking,1,-0.2,1,0,1,force_bus_tool_compensated,4,phathom_s_scan:tracking t=18.02 contact=1 vz_cmd=-0.2
916353.963960361,916353.96134874,26031,1788822019.9229062,-0.9867269711070574,1.5573612590313193,4.337766446393633,0.0673169041962222,-0.04169485424098422,0.0748852584020455,4.0,tracking,1,-1.4,1,0,1,force_bus_tool_compensated,4,phathom_s_scan:tracking t=18.03 contact=1 vz_cmd=-1.4
916353.974075229,916353.971395434,26033,1788822019.932952,-1.0964147010460188,1.3902416275574656,4.195788104586942,0.05957897376077507,-0.022014088341537445,0.05553318111936895,4.0,tracking,1,-1.9,1,0,1,force_bus_tool_compensated,4,phathom_s_scan:tracking t=18.05 contact=1 vz_cmd=-1.9
916353.983966216,916353.98161325,26035,1788822019.943169,-1.1082766374918873,1.6533008729000767,4.372364287051847,0.08476994482104394,-0.02106442215090643,0.0736421195660845,4.0,tracking,1,-3.0,1,0,1,force_bus_tool_compensated,4,phathom_s_scan:tracking t=18.05 contact=1 vz_cmd=-3.0
916353.993990905,916353.991565256,26037,1788822019.95312,-1.0834024938133033,1.6126285574056187,4.267378737669502,0.07686513650632183,-0.022588284120329406,0.05617119636120797,4.0,tracking,1,-3.2,1,0,1,force_bus_tool_compensated,4,phathom_s_scan:tracking t=18.06 contact=1 vz_cmd=-3.2
916354.003960065,916354.001426743,26039,1788822019.9629846,-0.8999935137091566,1.8059296399440232,4.013846775677762,0.0773152414760708,-0.019664355934641307,0.06301927126513548,4.0,tracking,1,-2.3,1,0,1,force_bus_tool_compensated,4,phathom_s_scan:tracking t=18.07 contact=1 vz_cmd=-2.3
916354.013960927,916354.011780249,26041,1788822019.973337,-1.0886696936122329,1.4351565291040667,3.84748660701255,0.0468596704666074,-0.008189193742172411,0.058907087396856045,4.0,tracking,1,-1.3,1,0,1,force_bus_tool_compensated,4,phathom_s_scan:tracking t=18.08 contact=1 vz_cmd=-1.3
916354.023961673,916354.021416816,26043,1788822019.98297,-0.7109197685106698,1.4502156812266038,4.219514363749786,0.06472515912755368,-0.03763076441372159,0.05469334734994394,4.0,tracking,1,-1.3,1,0,1,force_bus_tool_compensated,4,phathom_s_scan:tracking t=18.09 contact=1 vz_cmd=-1.3
916354.033986862,916354.031544532,26045,1788822019.993102,-0.9327955983616236,1.7953432562866054,4.233302026722351,0.09979582021220894,-0.013775421569646708,0.07214456824188409,4.0,tracking,1,-1.8,1,0,1,force_bus_tool_compensated,4,phathom_s_scan:tracking t=18.10 contact=1 vz_cmd=-1.8
916354.043964895,916354.041640413,26047,1788822020.003196,-0.8793592440658806,1.789467908313793,4.144269305257849,0.08838419412558125,-0.018309077424731042,0.07834158767956177,4.0,tracking,1,-1.5,1,0,1,force_bus_tool_compensated,4,phathom_s_scan:tracking t=18.11 contact=1 vz_cmd=-1.5
916354.053976512,916354.051795534,26049,1788822020.0133522,-0.6875298802081646,1.4311691774895552,3.7547286109010436,0.034304695192910135,-0.02535124082602746,0.03833278349642606,4.0,tracking,1,-0.5,1,0,1,force_bus_tool_compensated,4,phathom_s_scan:tracking t=18.12 contact=1 vz_cmd=-0.5
916354.063966579,916354.061395726,26051,1788822020.0229528,-0.7075181783017901,1.4860646110970994,3.927356140675414,0.060443014107386825,-0.02142230914191619,0.06301755295352714,4.0,tracking,1,-0.2,1,0,1,force_bus_tool_compensated,4,phathom_s_scan:tracking t=18.13 contact=1 vz_cmd=-0.2
916354.073990086,916354.071446636,26053,1788822020.0330036,-0.7817106840341141,1.442301666100577,3.9477001304129815,0.04665176610337932,-0.01899110507140367,0.05024416000286255,4.0,tracking,1,-0.1,1,0,1,force_bus_tool_compensated,4,phathom_s_scan:tracking t=18.14 contact=1 vz_cmd=-0.1
916354.083992177,916354.081671502,26055,1788822020.0432246,-0.9476035074487217,1.5448258307173541,3.460409765654759,0.05005355388206304,-0.0010383978119129647,0.060362083954475974,4.0,tracking,1,2.5,1,0,1,force_bus_tool_compensated,4,phathom_s_scan:tracking t=18.15 contact=1 vz_cmd=+2.5
916354.093964226,916354.091544875,26057,1788822020.0531027,-1.203599349662852,1.690469775459917,3.7382298517906083,0.07143737166147451,0.003267774157640631,0.06201931809198915,4.0,tracking,1,3.3,1,0,1,force_bus_tool_compensated,4,phathom_s_scan:tracking t=18.16 contact=1 vz_cmd=+3.3
916354.103981677,916354.101579121,26059,1788822020.063135,-0.7843495349877212,1.6190883127504891,3.790844772682008,0.08671786681351643,-0.02806961217208595,0.06706561646024038,4.0,tracking,1,3.1,1,0,1,force_bus_tool_compensated,4,phathom_s_scan:tracking t=18.17 contact=1 vz_cmd=+3.1
916354.114009493,916354.111815946,26061,1788822020.0733688,-1.009794203424553,1.6126733519204588,3.8068978828182054,0.08934048313755044,-0.007351161729160099,0.06881526073843619,4.0,tracking,1,2.4,1,0,1,force_bus_tool_compensated,4,phathom_s_scan:tracking t=18.18 contact=1 vz_cmd=+2.4
916354.123962074,916354.121549336,26063,1788822020.0831053,-0.7191068278786372,1.5421436050955222,4.110619348537096,0.08550343716475194,-0.04831291560103566,0.06439431617430044,4.0,tracking,1,1.6,1,0,1,force_bus_tool_compensated,4,phathom_s_scan:tracking t=18.19 contact=1 vz_cmd=+1.6
916354.13404399,916354.131465553,26065,1788822020.0930214,-1.0122976373078065,1.8128384509842244,3.8915930425903804,0.09096370551333685,-0.019312010112760167,0.06844358444400286,4.0,tracking,1,1.1,1,0,1,force_bus_tool_compensated,4,phathom_s_scan:tracking t=18.20 contact=1 vz_cmd=+1.1
916354.143999098,916354.14146029,26067,1788822020.1030169,-0.9079927364721962,1.6050034458535092,3.6990258953573836,0.07088416282733426,-0.010710710337103573,0.05922806843594596,4.0,tracking,1,2.0,1,0,1,force_bus_tool_compensated,4,phathom_s_scan:tracking t=18.21 contact=1 vz_cmd=+2.0
916354.153987641,916354.151589284,26069,1788822020.113146,-1.0336647154004817,1.4958218992705155,3.926962832271115,0.06570075389609502,-0.00604647418073219,0.06372495965130447,4.0,tracking,1,1.4,1,0,1,force_bus_tool_compensated,4,phathom_s_scan:tracking t=18.23 contact=1 vz_cmd=+1.4
916354.163960829,916354.161599624,26071,1788822020.1231573,-1.3323002069057734,1.5902513153278501,3.7201422972949647,0.0739651674630071,0.012076884125293726,0.06362240189660162,4.0,tracking,1,1.6,1,0,1,force_bus_tool_compensated,4,phathom_s_scan:tracking t=18.23 contact=1 vz_cmd=+1.6
916354.173994257,916354.171756345,26073,1788822020.1333132,-1.359575126449353,1.4295505216451914,3.7591669357341333,0.06106718725370629,0.006247213151238298,0.059938348679121414,4.0,tracking,1,2.9,1,0,1,force_bus_tool_compensated,4,phathom_s_scan:tracking t=18.24 contact=1 vz_cmd=+2.9
916354.183982967,916354.181596497,26075,1788822020.1431496,-0.9808811707968099,1.2724008817851666,4.058791288181698,0.06285584939164895,-0.02384163212661267,0.05964796772890008,4.0,tracking,1,2.0,1,0,1,force_bus_tool_compensated,4,phathom_s_scan:tracking t=18.25 contact=1 vz_cmd=+2.0
916354.193974902,916354.19176333,26077,1788822020.1533198,-1.281171070067418,1.2008110097775775,4.023305955841484,0.060801527148315986,-0.007712885659753957,0.05947383723623841,4.0,tracking,1,1.3,1,0,1,force_bus_tool_compensated,4,phathom_s_scan:tracking t=18.26 contact=1 vz_cmd=+1.3
916354.203967947,916354.201471606,26079,1788822020.163029,-1.2061995725582166,1.4598893724086972,4.137690365632491,0.0853504227803273,-0.024682067557231988,0.06972768728705467,4.0,tracking,1,0.8,1,0,1,force_bus_tool_compensated,4,phathom_s_scan:tracking t=18.27 contact=1 vz_cmd=+0.8
916354.214071482,916354.211930665,26081,1788822020.173484,-1.0292603061503274,1.549338834761262,4.258354611853637,0.07045337495618792,-0.03078186124515998,0.04871989056925047,4.0,tracking,1,-0.8,1,0,1,force_bus_tool_compensated,4,phathom_s_scan:tracking t=18.28 contact=1 vz_cmd=-0.8
916354.223962099,916354.22127127,26083,1788822020.1828291,-1.185848084171186,1.6422917961230075,3.842108037653328,0.06434605300709824,0.0030491652761322004,0.07005452065928304,4.0,tracking,1,-0.4,1,0,1,force_bus_tool_compensated,4,phathom_s_scan:tracking t=18.29 contact=1 vz_cmd=-0.4
916354.23396136,916354.231580451,26085,1788822020.1931374,-0.9998092405718184,1.5121996999053373,4.453742059283595,0.07041103583674867,-0.019859576011901227,0.05152837108112404,4.0,tracking,1,-1.5,1,0,1,force_bus_tool_compensated,4,phathom_s_scan:tracking t=18.30 contact=1 vz_cmd=-1.5
916354.243996586,916354.241652437,26087,1788822020.2032092,-1.0721047779294428,1.7043377902464454,4.197569745658908,0.06588675031123542,-0.01097714508791784,0.06261546351431728,4.0,tracking,1,-2.7,1,0,1,force_bus_tool_compensated,4,phathom_s_scan:tracking t=18.31 contact=1 vz_cmd=-2.7
916354.253957548,916354.251490316,26089,1788822020.2130482,-1.36160278611578,1.5463480627801456,3.9805517079539667,0.054620874208800935,0.007659787900181647,0.05531470032045239,4.0,tracking,1,-1.8,1,0,1,force_bus_tool_compensated,4,phathom_s_scan:tracking t=18.32 contact=1 vz_cmd=-1.8
916354.263970933,916354.261380796,26091,1788822020.2229383,-1.0991137296358882,1.7626387999322748,4.397198214005844,0.08709771202582248,-0.021731788087717464,0.06564720170392696,4.0,tracking,1,-2.7,1,0,1,force_bus_tool_compensated,4,phathom_s_scan:tracking t=18.33 contact=1 vz_cmd=-2.7
916354.273977994,916354.271411654,26093,1788822020.2329679,-1.357838705263477,1.4210030075176598,3.932162885533848,0.05287585173236343,0.008028726678540373,0.05277002467319996,4.0,tracking,1,-2.3,1,0,1,force_bus_tool_compensated,4,phathom_s_scan:tracking t=18.34 contact=1 vz_cmd=-2.3
916354.283993059,916354.281634717,26095,1788822020.2431858,-1.289525300561999,1.482258345062236,4.071339389607782,0.07211054569289194,-0.007814636611034998,0.06562278294703601,4.0,tracking,1,-1.5,1,0,1,force_bus_tool_compensated,4,phathom_s_scan:tracking t=18.35 contact=1 vz_cmd=-1.5
916354.293979627,916354.291536863,26097,1788822020.253095,-0.9863391653708375,1.456832128504198,4.352202159183205,0.07830023524308286,-0.027392477898827754,0.0585910630291861,4.0,tracking,1,-2.5,1,0,1,force_bus_tool_compensated,4,phathom_s_scan:tracking t=18.36 contact=1 vz_cmd=-2.5
916354.303955235,916354.301364031,26099,1788822020.2629213,-1.2217524357675666,1.6781339410959726,3.799650712830921,0.07066525018439321,-0.009713043293995926,0.05823134948195507,4.0,tracking,1,-1.5,1,0,1,force_bus_tool_compensated,4,phathom_s_scan:tracking t=18.38 contact=1 vz_cmd=-1.5
916354.313992648,916354.311462932,26101,1788822020.2730162,-1.1742256129293125,1.4970991610732862,3.867610007498218,0.06193310974611723,0.0012037546902365361,0.05688646817503414,4.0,tracking,1,-0.9,1,0,1,force_bus_tool_compensated,4,phathom_s_scan:tracking t=18.38 contact=1 vz_cmd=-0.9
916354.323957916,916354.321588365,26103,1788822020.2831452,-0.9620114263750674,1.5415148364103857,3.9336454658747324,0.0659381893236048,-0.017755046323187255,0.05578976114569402,4.0,tracking,1,-0.6,1,0,1,force_bus_tool_compensated,4,phathom_s_scan:tracking t=18.39 contact=1 vz_cmd=-0.6
916354.333970432,916354.331555516,26105,1788822020.2931132,-1.0207681092608787,1.461919383687249,3.9196041573395637,0.055772051055778975,-0.01381148893472951,0.049428803172684554,4.0,tracking,1,-0.4,1,0,1,force_bus_tool_compensated,4,phathom_s_scan:tracking t=18.40 contact=1 vz_cmd=-0.4
916354.343992853,916354.341837378,26107,1788822020.3033903,-1.3221393676576794,1.6652662778633058,3.9381126680472596,0.0654839500798037,-0.009958167153774762,0.06249424993554664,4.0,tracking,1,-0.2,1,0,1,force_bus_tool_compensated,4,phathom_s_scan:tracking t=18.41 contact=1 vz_cmd=-0.2
916354.353975819,916354.351561045,26109,1788822020.3131177,-1.0637668519606103,1.5102804675305395,4.23777325248871,0.07330166374831068,-0.019388710685235854,0.05070462242856755,4.0,tracking,1,-0.7,1,0,1,force_bus_tool_compensated,4,phathom_s_scan:tracking t=18.42 contact=1 vz_cmd=-0.7
916354.363961553,916354.361434214,26111,1788822020.3229907,-1.4816048099231014,1.7371535305906916,3.823242611667295,0.0731258401172218,0.0031647697968617125,0.07242262270750158,4.0,tracking,1,-0.3,1,0,1,force_bus_tool_compensated,4,phathom_s_scan:tracking t=18.43 contact=1 vz_cmd=-0.3
916354.374004718,916354.371664092,26113,1788822020.3332198,-1.8169241404687566,1.6590285634439101,3.8920339009598655,0.07085834409230646,0.015558802285912575,0.04854897649666448,4.0,tracking,1,-0.0,1,0,1,force_bus_tool_compensated,4,phathom_s_scan:tracking t=18.44 contact=1 vz_cmd=-0.0
916354.383960356,916354.381364189,26115,1788822020.342922,-1.2754840032097654,1.7452583206574543,4.073387723501078,0.09563727135596657,-0.006706225380006103,0.0718917888984304,4.0,tracking,1,-0.0,1,0,1,force_bus_tool_compensated,4,phathom_s_scan:tracking t=18.45 contact=1 vz_cmd=-0.0
916354.393977578,916354.391481623,26117,1788822020.3530388,-1.3078380418368527,1.6038394615352638,3.931588288630609,0.06497647891143635,0.006483058640655897,0.04957948176092542,4.0,tracking,1,-0.0,1,0,1,force_bus_tool_compensated,4,phathom_s_scan:tracking t=18.46 contact=1 vz_cmd=-0.0
916354.403980144,916354.40137632,26119,1788822020.362933,-1.2159533490501653,1.3661164760214222,4.037585800706022,0.057461460622811655,-0.0009237857561586319,0.04992026106472634,4.0,tracking,1,-0.0,1,0,1,force_bus_tool_compensated,4,phathom_s_scan:tracking t=18.47 contact=1 vz_cmd=-0.0
916354.413957849,916354.411591466,26121,1788822020.373148,-1.2854609092229923,1.3706598633050564,4.273733027968047,0.06881772498075484,-0.004064581961412706,0.05903276322650093,4.0,tracking,1,-0.7,1,0,1,force_bus_tool_compensated,4,phathom_s_scan:tracking t=18.49 contact=1 vz_cmd=-0.7
916354.423956664,916354.421362464,26123,1788822020.3829198,-1.363370484685516,1.2982746272398238,4.010289232372662,0.05913163363636679,-0.005541015919430062,0.05463514281147893,4.0,tracking,1,-0.5,1,0,1,force_bus_tool_compensated,4,phathom_s_scan:tracking t=18.49 contact=1 vz_cmd=-0.5
916354.433978605,916354.431413594,26125,1788822020.3929684,-1.3480585844845407,1.2725193124603105,4.136365503931779,0.06342520169776986,-0.010300848734761317,0.04741297173755369,4.0,tracking,1,-0.4,1,0,1,force_bus_tool_compensated,4,phathom_s_scan:tracking t=18.50 contact=1 vz_cmd=-0.4
916354.44397954,916354.441782026,26127,1788822020.4033375,-1.6495025405932437,1.4423210342156885,4.160192187882193,0.07900817307107821,0.005374385861026111,0.06190267535566883,4.0,tracking,1,-0.5,1,0,1,force_bus_tool_compensated,4,phathom_s_scan:tracking t=18.51 contact=1 vz_cmd=-0.5
916354.453978201,916354.451304487,26129,1788822020.412862,-1.1711792501433682,1.151746228775836,4.013144136698783,0.04610862175582306,-0.019228884131916625,0.03176609939465539,4.0,tracking,1,-0.3,1,0,1,force_bus_tool_compensated,4,phathom_s_scan:tracking t=18.52 contact=1 vz_cmd=-0.3
916354.463975881,916354.461206311,26131,1788822020.4227638,-1.459122438343126,1.3921182637489773,4.261353418984937,0.057000397439259366,-0.009110778373831374,0.058240153553165044,4.0,tracking,1,-0.9,1,0,1,force_bus_tool_compensated,4,phathom_s_scan:tracking t=18.53 contact=1 vz_cmd=-0.9
916354.473977903,916354.471623107,26133,1788822020.4331806,-1.6592356914940947,1.3455940132123465,4.218143230032304,0.06918128111911481,0.012958373059714229,0.0451264598139426,4.0,tracking,1,-1.4,1,0,1,force_bus_tool_compensated,4,phathom_s_scan:tracking t=18.55 contact=1 vz_cmd=-1.4
916354.483965028,916354.481632155,26135,1788822020.443187,-1.718281337676241,1.5376484902804521,4.240361551240113,0.08210168974693871,0.007094685582682703,0.06536008175708907,4.0,tracking,1,-1.7,1,0,1,force_bus_tool_compensated,4,phathom_s_scan:tracking t=18.55 contact=1 vz_cmd=-1.7
916354.494064813,916354.492079992,26137,1788822020.453633,-2.1657107287293798,1.6978606397896572,4.245135080648212,0.07707397811423923,0.02300969767034255,0.05470039125723953,4.0,tracking,1,-2.4,1,0,1,force_bus_tool_compensated,4,phathom_s_scan:tracking t=18.56 contact=1 vz_cmd=-2.4
916354.504080374,916354.501432903,26139,1788822020.4629898,-1.8555474744014024,1.6945907531859183,4.368755076309297,0.08254799982350654,-0.0064042148145368365,0.06752467419614236,4.0,tracking,1,-3.0,1,0,1,force_bus_tool_compensated,4,phathom_s_scan:tracking t=18.57 contact=1 vz_cmd=-3.0
916354.514076782,916354.511927211,26141,1788822020.4734814,-1.6586434929368958,1.5628527175509757,4.4210399230771,0.0794603930214635,0.012810143964196944,0.05395870384974208,4.0,tracking,1,-4.5,1,0,1,force_bus_tool_compensated,4,phathom_s_scan:tracking t=18.58 contact=1 vz_cmd=-4.5
916354.52407567,916354.521357316,26143,1788822020.4829142,-1.536250892282617,1.4920417891016766,4.387623051752632,0.07186443664092931,0.0050540522123943025,0.056798704604750304,4.0,tracking,1,-5.1,1,0,1,force_bus_tool_compensated,4,phathom_s_scan:tracking t=18.59 contact=1 vz_cmd=-5.1
916354.53407234,916354.531455326,26145,1788822020.493013,-1.91159404533712,1.5081055554064633,4.179220100391745,0.0742838499433872,0.034121882197425936,0.049784071073477126,4.0,tracking,1,-4.3,1,0,1,force_bus_tool_compensated,4,phathom_s_scan:tracking t=18.60 contact=1 vz_cmd=-4.3
916354.544079939,916354.541340633,26147,1788822020.5028946,-1.5436101593333018,1.5156053921486705,4.231554504918112,0.0789009115975225,-0.0005561107032759768,0.060374634463951284,4.0,tracking,1,-3.6,1,0,1,force_bus_tool_compensated,4,phathom_s_scan:tracking t=18.61 contact=1 vz_cmd=-3.6
916354.554091848,916354.551462484,26149,1788822020.5130186,-1.672689000426806,1.4006761819837865,4.306045230129199,0.06491603795366761,-0.0018642660632291585,0.05290421803569168,4.0,tracking,1,-3.4,1,0,1,force_bus_tool_compensated,4,phathom_s_scan:tracking t=18.63 contact=1 vz_cmd=-3.4
916354.564104336,916354.561324221,26151,1788822020.5228817,-1.3818995271038172,1.5331023509344277,4.407066945856037,0.0701450413079082,-0.02643122574077253,0.050042224305318524,4.0,tracking,1,-4.9,1,0,1,force_bus_tool_compensated,4,phathom_s_scan:tracking t=18.63 contact=1 vz_cmd=-4.9
916354.574085874,916354.571354509,26153,1788822020.5329049,-1.8055614355471434,1.6413984004931106,4.312847615711821,0.08360291419441171,0.010026451601675618,0.057439959925187634,4.0,tracking,1,-4.8,1,0,1,force_bus_tool_compensated,4,phathom_s_scan:tracking t=18.65 contact=1 vz_cmd=-4.8
916354.584074537,916354.581392397,26155,1788822020.54295,-1.6756675942381862,1.8333453613214468,4.186865764969463,0.08760176816540616,0.006624435648219757,0.06352447139254287,4.0,tracking,1,-4.0,1,0,1,force_bus_tool_compensated,4,phathom_s_scan:tracking t=18.66 contact=1 vz_cmd=-4.0
916354.593992111,916354.591428917,26157,1788822020.5529876,-1.7358831298543682,1.723138872571852,4.2615962096044555,0.0777567843289925,0.015791173561414365,0.05814348631489262,4.0,tracking,1,-3.3,1,0,1,force_bus_tool_compensated,4,phathom_s_scan:tracking t=18.66 contact=1 vz_cmd=-3.3
916354.60396871,916354.601382577,26159,1788822020.5629396,-1.7170404543047768,1.7436887193939057,4.159527345307872,0.07290761394483378,0.018412089922523505,0.05268358670200357,4.0,tracking,1,-3.4,1,0,1,force_bus_tool_compensated,4,phathom_s_scan:tracking t=18.67 contact=1 vz_cmd=-3.4
916354.61403985,916354.611589713,26161,1788822020.573148,-1.8290457597146086,1.733690210602026,3.9880228414557912,0.06471989977536526,0.028793518281329034,0.049721837291528896,4.0,tracking,1,-2.2,1,0,1,force_bus_tool_compensated,4,phathom_s_scan:tracking t=18.69 contact=1 vz_cmd=-2.2
916354.623976496,916354.621694683,26163,1788822020.5832486,-1.5651642255812617,1.8666388283767563,4.033188325549674,0.08167837893811583,7.455045283287699e-05,0.05654081969630079,4.0,tracking,1,-1.5,1,0,1,force_bus_tool_compensated,4,phathom_s_scan:tracking t=18.69 contact=1 vz_cmd=-1.5
916354.633956824,916354.631510826,26165,1788822020.593066,-1.85865587382216,1.5831155099949703,4.198889432040602,0.08130909595770136,0.019014040563440714,0.057231095408123614,4.0,tracking,1,-1.3,1,0,1,force_bus_tool_compensated,4,phathom_s_scan:tracking t=18.70 contact=1 vz_cmd=-1.3
916354.643956987,916354.64126623,26167,1788822020.602824,-1.6879581647988449,1.9761399657770315,3.872392050544205,0.09566123768228146,0.009400052872006615,0.06296537863506314,4.0,tracking,1,-1.0,1,0,1,force_bus_tool_compensated,4,phathom_s_scan:tracking t=18.71 contact=1 vz_cmd=-1.0
916354.653967445,916354.651626977,26169,1788822020.6131806,-1.7608930719239433,1.692246092506187,3.99334212761349,0.07938567342987246,0.019976000982420868,0.052524676395393335,4.0,tracking,1,-0.3,1,0,1,force_bus_tool_compensated,4,phathom_s_scan:tracking t=18.72 contact=1 vz_cmd=-0.3
916354.664071884,916354.66126906,26171,1788822020.6228275,-1.4480902101283477,1.7636537283727658,4.1251628784222225,0.08846567663993977,-0.01050976923081474,0.06472926108201843,4.0,tracking,1,-0.3,1,0,1,force_bus_tool_compensated,4,phathom_s_scan:tracking t=18.73 contact=1 vz_cmd=-0.3
916354.674102714,916354.671344046,26173,1788822020.632902,-1.7426768207525978,1.5808700026280516,3.950966694728953,0.06388037104653818,0.019376944559867524,0.040883656737932504,4.0,tracking,1,-0.2,1,0,1,force_bus_tool_compensated,4,phathom_s_scan:tracking t=18.74 contact=1 vz_cmd=-0.2
916354.684132297,916354.681601919,26175,1788822020.643157,-1.8376548698534954,1.4322993742449768,3.7423117447687178,0.06234559846338039,0.021741650902359588,0.05529738663802163,4.0,tracking,1,0.8,1,0,1,force_bus_tool_compensated,4,phathom_s_scan:tracking t=18.75 contact=1 vz_cmd=+0.8
916354.694069774,916354.691260091,26177,1788822020.6528163,-1.7893395913259063,1.5250401397511304,3.9947498937234123,0.08628851873131446,0.00868920500610921,0.056472712126855965,4.0,tracking,1,0.5,1,0,1,force_bus_tool_compensated,4,phathom_s_scan:tracking t=18.76 contact=1 vz_cmd=+0.5
916354.703973064,916354.701658394,26179,1788822020.6632152,-1.901865571587974,1.5562930772503152,4.042919933230011,0.09182388106781604,0.008426857552020583,0.06543825854956209,4.0,tracking,1,0.4,1,0,1,force_bus_tool_compensated,4,phathom_s_scan:tracking t=18.77 contact=1 vz_cmd=+0.4
916354.713991549,916354.711480525,26181,1788822020.6730356,-1.937200745210954,1.6683696142907702,4.041409921911016,0.09762647648686862,0.011547813233087912,0.06100031525634259,4.0,tracking,1,0.2,1,0,1,force_bus_tool_compensated,4,phathom_s_scan:tracking t=18.78 contact=1 vz_cmd=+0.2
916354.723991644,916354.721240898,26183,1788822020.6827986,-1.9450022101472129,1.7215933592727117,4.027589963577059,0.0939309668807486,0.016473666920716782,0.06132075155332679,4.0,tracking,1,0.2,1,0,1,force_bus_tool_compensated,4,phathom_s_scan:tracking t=18.79 contact=1 vz_cmd=+0.2
916354.733974255,916354.731369339,26185,1788822020.6929266,-1.6591808337445857,1.470081168902619,4.0296807281826155,0.05733584180297999,0.01085231818559543,0.03693083472238887,4.0,tracking,1,0.1,1,0,1,force_bus_tool_compensated,4,phathom_s_scan:tracking t=18.80 contact=1 vz_cmd=+0.1
916354.743995112,916354.741636231,26187,1788822020.7031913,-1.6941572166739407,1.4087248541667374,4.018997585257226,0.055710402271272184,0.003840494108022485,0.056435698005927036,4.0,tracking,1,0.1,1,0,1,force_bus_tool_compensated,4,phathom_s_scan:tracking t=18.81 contact=1 vz_cmd=+0.1
916354.753968824,916354.751375754,26189,1788822020.7129335,-1.91621202334477,1.756538189484252,3.9244460765766727,0.09008095141152232,0.026610968689185718,0.05335555575128734,4.0,tracking,1,0.0,1,0,1,force_bus_tool_compensated,4,phathom_s_scan:tracking t=18.82 contact=1 vz_cmd=+0.0
916354.763956979,916354.761322914,26191,1788822020.722881,-1.9822453512744727,1.6319222693723654,3.917904158492267,0.08415236339796375,0.030468433959366475,0.06040250668120723,4.0,tracking,1,0.0,1,0,1,force_bus_tool_compensated,4,phathom_s_scan:tracking t=18.83 contact=1 vz_cmd=+0.0
916354.773996488,916354.771652834,26193,1788822020.7332036,-2.0578702776750735,1.4156828328185234,3.9723774010568755,0.0812065820757196,0.03126415847174351,0.06127524049974543,4.0,tracking,1,0.0,1,0,1,force_bus_tool_compensated,4,phathom_s_scan:tracking t=18.84 contact=1 vz_cmd=+0.0
916354.783963389,916354.781323971,26195,1788822020.7428815,-1.8407515896177433,1.7433827578795702,3.9413327601029318,0.11229292590058446,0.010228379376624103,0.07386225566277133,4.0,tracking,1,0.0,1,0,1,force_bus_tool_compensated,4,phathom_s_scan:tracking t=18.85 contact=1 vz_cmd=+0.0
916354.793982567,916354.791224784,26197,1788822020.7527823,-1.9254676715971417,1.6583912719141056,3.9114380947741094,0.09229511925456743,0.018841010948492876,0.05698397703365654,4.0,tracking,1,0.0,1,0,1,force_bus_tool_compensated,4,phathom_s_scan:tracking t=18.87 contact=1 vz_cmd=+0.0
916354.803985768,916354.80146952,26199,1788822020.7630215,-1.767159043193222,1.4336936382093828,4.034039747806604,0.07383395161598326,0.01072820216629963,0.06452353780043757,4.0,tracking,1,0.1,1,0,1,force_bus_tool_compensated,4,phathom_s_scan:tracking t=18.87 contact=1 vz_cmd=+0.1
916354.813974972,916354.811417673,26201,1788822020.772974,-1.891484250410007,1.5396995160382492,3.901581014593839,0.08217549304470217,0.030472154330476783,0.05643173673026988,4.0,tracking,1,0.0,1,0,1,force_bus_tool_compensated,4,phathom_s_scan:tracking t=18.89 contact=1 vz_cmd=+0.0
916354.82397055,916354.82173652,26203,1788822020.783293,-1.7646014510683605,1.9799396363064865,3.774530289807601,0.10811864351156582,0.0145287273061636,0.06938312117167561,4.0,tracking,1,0.7,1,0,1,force_bus_tool_compensated,4,phathom_s_scan:tracking t=18.89 contact=1 vz_cmd=+0.7
916354.833979116,916354.831463047,26205,1788822020.7930212,-2.036410569823996,1.5172603144458738,3.8130113234892957,0.07440126751127524,0.03554195924299469,0.06201918461285687,4.0,tracking,1,1.2,1,0,1,force_bus_tool_compensated,4,phathom_s_scan:tracking t=18.90 contact=1 vz_cmd=+1.2
916354.843972639,916354.841446776,26207,1788822020.8030035,-1.7533097216517761,1.6090379334432239,4.034127948001435,0.09227389304916606,0.0067475969933152085,0.05984783872513709,4.0,tracking,1,0.8,1,0,1,force_bus_tool_compensated,4,phathom_s_scan:tracking t=18.91 contact=1 vz_cmd=+0.8
916354.85399548,916354.85216549,26209,1788822020.8137188,-1.9945869823815712,1.6949729589730216,3.8726610348165735,0.09266220290749567,0.025831336014688497,0.06450091495398134,4.0,tracking,1,0.6,1,0,1,force_bus_tool_compensated,4,phathom_s_scan:tracking t=18.92 contact=1 vz_cmd=+0.6
916354.863958197,916354.861371903,26211,1788822020.8229299,-1.958650535127683,1.9821762799117453,3.7929636471234898,0.1074166274586626,0.026914428933586986,0.06766363948337893,4.0,tracking,1,0.8,1,0,1,force_bus_tool_compensated,4,phathom_s_scan:tracking t=18.93 contact=1 vz_cmd=+0.8
916354.873972167,916354.871306201,26213,1788822020.8328567,-1.821947933960853,1.7360256903783997,4.2200132123592216,0.09956029164888472,0.015535403202899064,0.06219608219010725,4.0,tracking,1,0.1,1,0,1,force_bus_tool_compensated,4,phathom_s_scan:tracking t=18.94 contact=1 vz_cmd=+0.1
916354.883969741,916354.881611807,26215,1788822020.8431654,-1.709189922849476,1.854000853342765,4.0576810046141025,0.08703931432835116,0.01053885835865247,0.06739531564032122,4.0,tracking,1,0.0,1,0,1,force_bus_tool_compensated,4,phathom_s_scan:tracking t=18.95 contact=1 vz_cmd=+0.0
916354.893974908,916354.891439498,26217,1788822020.8529968,-1.8599489385022703,1.8694920824295211,3.896120055488928,0.08266874112623535,0.03223862898675079,0.05282972346910654,4.0,tracking,1,0.0,1,0,1,force_bus_tool_compensated,4,phathom_s_scan:tracking t=18.96 contact=1 vz_cmd=+0.0
916354.903955688,916354.901456323,26219,1788822020.8630133,-1.7452919957524606,1.9285766023355737,4.0332268070167405,0.09307166950296561,0.015043204768013308,0.0626421889723956,4.0,tracking,1,0.0,1,0,1,force_bus_tool_compensated,4,phathom_s_scan:tracking t=18.97 contact=1 vz_cmd=+0.0
916354.913985712,916354.911769908,26221,1788822020.8733244,-1.8032644012238428,2.0007085741133843,4.070924842412249,0.08792103840426922,0.02407426338451971,0.050165273314373565,4.0,tracking,1,-0.0,1,0,1,force_bus_tool_compensated,4,phathom_s_scan:tracking t=18.98 contact=1 vz_cmd=-0.0
916354.923973079,916354.921303759,26223,1788822020.8828616,-1.778253354441286,2.0533744460146277,4.005913565546144,0.08981248190735772,0.026055646189366097,0.0622914491253852,4.0,tracking,1,-0.0,1,0,1,force_bus_tool_compensated,4,phathom_s_scan:tracking t=18.99 contact=1 vz_cmd=-0.0
916354.933971432,916354.931447129,26225,1788822020.8930042,-1.8412709129451024,1.9222152640645127,4.121522108195348,0.0815311619326087,0.025181892440019383,0.04852416590604512,4.0,tracking,1,-0.0,1,0,1,force_bus_tool_compensated,4,phathom_s_scan:tracking t=19.00 contact=1 vz_cmd=-0.0
916354.94399229,916354.941431392,26227,1788822020.902986,-1.6703869020441757,2.19134614165205,4.200929543114375,0.10128164936708423,0.011290578878934017,0.06105738461064049,4.0,tracking,1,-0.6,1,0,1,force_bus_tool_compensated,4,phathom_s_scan:tracking t=19.02 contact=1 vz_cmd=-0.6
916354.953960683,916354.951299326,26229,1788822020.9128504,-1.8901931644789922,2.116521342323193,4.175319711138511,0.09032984647886864,0.03201483920259194,0.05531637809171758,4.0,tracking,1,-0.9,1,0,1,force_bus_tool_compensated,4,phathom_s_scan:tracking t=19.02 contact=1 vz_cmd=-0.9
916354.963986362,916354.961147401,26231,1788822020.922704,-1.7558307910175912,2.2222794562439883,3.9874536363262414,0.10067866864147655,0.029816052477718777,0.06453075415612534,4.0,tracking,1,-0.6,1,0,1,force_bus_tool_compensated,4,phathom_s_scan:tracking t=19.03 contact=1 vz_cmd=-0.6
916354.973996939,916354.971321305,26233,1788822020.9328756,-1.8597103316212034,2.0105043535847305,4.128532492060426,0.08912068470241005,0.032133010232192664,0.05599266305401501,4.0,tracking,1,-0.4,1,0,1,force_bus_tool_compensated,4,phathom_s_scan:tracking t=19.04 contact=1 vz_cmd=-0.4
916354.98398441,916354.981408794,26235,1788822020.9429655,-1.638632238677336,2.150196940779506,4.253692724761091,0.10079317114142511,0.0110331691012705,0.06513871950338329,4.0,tracking,1,-1.1,1,0,1,force_bus_tool_compensated,4,phathom_s_scan:tracking t=19.05 contact=1 vz_cmd=-1.1
916354.993988159,916354.991651751,26237,1788822020.9532087,-1.5935716218563811,2.2059305016601702,4.230237640278528,0.08829127414212144,0.016985975410554337,0.043462744486708366,4.0,tracking,1,-1.9,1,0,1,force_bus_tool_compensated,4,phathom_s_scan:tracking t=19.06 contact=1 vz_cmd=-1.9
916355.003995862,916355.002868949,26239,1788822020.9644213,-1.6821914131655267,2.0827688860080102,4.1084080098843,0.08051770404290716,0.026041590531159908,0.05935275709945417,4.0,tracking,1,-1.3,1,0,1,force_bus_tool_compensated,4,phathom_s_scan:tracking t=19.07 contact=1 vz_cmd=-1.3
916355.013964698,916355.011322854,26241,1788822020.97288,-1.913308308095917,2.1245398472812096,4.104554978685055,0.08557852560337928,0.034192299991308066,0.05448412196531067,4.0,tracking,1,-0.9,1,0,1,force_bus_tool_compensated,4,phathom_s_scan:tracking t=19.09 contact=1 vz_cmd=-0.9
916355.023984224,916355.022062196,26243,1788822020.9836183,-1.8901456071914224,2.23443935063932,4.003744561942096,0.10289176180527174,0.02710483699750836,0.06423157939242842,4.0,tracking,1,-0.6,1,0,1,force_bus_tool_compensated,4,phathom_s_scan:tracking t=19.09 contact=1 vz_cmd=-0.6
916355.033955701,916355.03150193,26245,1788822020.9930582,-2.065659671244253,1.9859479810696261,4.108030979151973,0.09759737719508069,0.03170383750006168,0.05745141217687297,4.0,tracking,1,-0.4,1,0,1,force_bus_tool_compensated,4,phathom_s_scan:tracking t=19.10 contact=1 vz_cmd=-0.4
916355.043959842,916355.041732678,26247,1788822021.00329,-1.7940600749661544,2.0386673569612386,4.069981222602021,0.11065551503419702,0.020074657765712735,0.07168018771271326,4.0,tracking,1,-0.3,1,0,1,force_bus_tool_compensated,4,phathom_s_scan:tracking t=19.11 contact=1 vz_cmd=-0.3
916355.053996031,916355.051607481,26249,1788822021.0131621,-2.0371604873614384,1.9306747143521326,3.9654413214518587,0.09530400897490299,0.03345436486147875,0.06604328835477485,4.0,tracking,1,-0.2,1,0,1,force_bus_tool_compensated,4,phathom_s_scan:tracking t=19.12 contact=1 vz_cmd=-0.2
916355.063969716,916355.062061757,26251,1788822021.0236192,-1.821297894168933,1.9345015762014033,3.997933961643623,0.1016184943337454,0.013906658202868268,0.06601918121791676,4.0,tracking,1,-0.1,1,0,1,force_bus_tool_compensated,4,phathom_s_scan:tracking t=19.13 contact=1 vz_cmd=-0.1
916355.073986615,916355.071429914,26253,1788822021.032987,-1.9036868028823128,1.7848520657595193,4.077975925393259,0.08799487206537514,0.027477247783098225,0.0514168518323531,4.0,tracking,1,-0.3,1,0,1,force_bus_tool_compensated,4,phathom_s_scan:tracking t=19.14 contact=1 vz_cmd=-0.3
916355.083992674,916355.081634842,26255,1788822021.0431905,-1.9741720028337286,1.929191766251884,4.045896218203046,0.09934482290714917,0.019822259983387193,0.07811033455363128,4.0,tracking,1,-0.2,1,0,1,force_bus_tool_compensated,4,phathom_s_scan:tracking t=19.15 contact=1 vz_cmd=-0.2
916355.093986162,916355.091478625,26257,1788822021.0530357,-2.049508751884875,1.6486843030597131,4.047835048607927,0.0851417842158242,0.022796519575293116,0.054552017628462415,4.0,tracking,1,-0.2,1,0,1,force_bus_tool_compensated,4,phathom_s_scan:tracking t=19.16 contact=1 vz_cmd=-0.2
916355.103958559,916355.101412597,26259,1788822021.06297,-2.1348095795989694,2.0149658158096835,4.15160837552367,0.12386311184980309,0.022515900818270995,0.08129177024399414,4.0,tracking,1,-0.2,1,0,1,force_bus_tool_compensated,4,phathom_s_scan:tracking t=19.17 contact=1 vz_cmd=-0.2
916355.113965263,916355.111541928,26261,1788822021.0730982,-2.2293973068593207,2.0132549545236706,4.041600678509206,0.11484753213320906,0.029379868011683023,0.06794671042630296,4.0,tracking,1,-0.2,1,0,1,force_bus_tool_compensated,4,phathom_s_scan:tracking t=19.19 contact=1 vz_cmd=-0.2
916355.123979033,916355.121574064,26263,1788822021.0831306,-2.2869733839291753,2.2241900252758127,4.115870083425504,0.12395000868421825,0.028190851196196156,0.088135284436011,4.0,tracking,1,-0.1,1,0,1,force_bus_tool_compensated,4,phathom_s_scan:tracking t=19.19 contact=1 vz_cmd=-0.1
916355.133991515,916355.131485871,26265,1788822021.093042,-2.0381339793463074,1.8910192293549848,4.216291488910504,0.09235231469679536,0.027309307112098113,0.06717454933634157,4.0,tracking,1,-0.6,1,0,1,force_bus_tool_compensated,4,phathom_s_scan:tracking t=19.20 contact=1 vz_cmd=-0.6
916355.143961218,916355.142074967,26267,1788822021.1036325,-2.0199249892938202,1.8679601946869873,4.4187806712327875,0.1025046794269424,0.02320588592021669,0.07224927903829167,4.0,tracking,1,-2.5,1,0,1,force_bus_tool_compensated,4,phathom_s_scan:tracking t=19.21 contact=1 vz_cmd=-2.5
916355.153980033,916355.151877545,26269,1788822021.1134305,-2.3254592206064784,1.7786433720110437,4.312317115522988,0.1008368118726471,0.03499868845027341,0.07130500493105688,4.0,tracking,1,-3.1,1,0,1,force_bus_tool_compensated,4,phathom_s_scan:tracking t=19.22 contact=1 vz_cmd=-3.1
916355.163982153,916355.161277379,26271,1788822021.122835,-1.8413328072971609,1.8831264401768273,4.5448102513794355,0.11472360129117268,-0.0026573190443335594,0.06553011318819613,4.0,tracking,1,-5.2,1,0,1,force_bus_tool_compensated,4,phathom_s_scan:tracking t=19.23 contact=1 vz_cmd=-5.2
916355.173966701,916355.171863223,26273,1788822021.1334178,-2.10082317507822,1.760651269433777,4.410330627738015,0.08998161775947201,0.025253952920989597,0.060122410572841165,4.0,tracking,1,-6.5,1,0,1,force_bus_tool_compensated,4,phathom_s_scan:tracking t=19.24 contact=1 vz_cmd=-6.5
916355.183979393,916355.181535384,26275,1788822021.143092,-2.311309274112507,1.8343606674582165,3.941056266721267,0.09731923452088151,0.049868803140329515,0.07852503333135795,4.0,tracking,1,-4.6,1,0,1,force_bus_tool_compensated,4,phathom_s_scan:tracking t=19.25 contact=1 vz_cmd=-4.6
916355.193956247,916355.191232228,26277,1788822021.1527905,-2.1609236479621163,2.0722080784258052,4.20275425009436,0.1199036182815523,0.029152878751177287,0.06710103300265638,4.0,tracking,1,-3.4,1,0,1,force_bus_tool_compensated,4,phathom_s_scan:tracking t=19.26 contact=1 vz_cmd=-3.4
916355.203977806,916355.201707777,26279,1788822021.1632648,-1.8186858319726067,2.0547622783897252,4.643393855531078,0.12248519011705225,-0.001090240484624804,0.0759473856029768,4.0,tracking,1,-5.6,1,0,1,force_bus_tool_compensated,4,phathom_s_scan:tracking t=19.27 contact=1 vz_cmd=-5.6
916355.213984991,916355.211365796,26281,1788822021.172923,-1.900580964710442,1.9648537883507577,4.401614456622226,0.0953478194883296,0.020092539421515787,0.05670452229584981,4.0,tracking,1,-6.6,1,0,1,force_bus_tool_compensated,4,phathom_s_scan:tracking t=19.28 contact=1 vz_cmd=-6.6
916355.223971651,916355.221430642,26283,1788822021.182988,-1.9167920766322193,2.049109787870537,4.122793130954842,0.09881432891086278,0.018285383198234452,0.07034356517189119,4.0,tracking,1,-4.8,1,0,1,force_bus_tool_compensated,4,phathom_s_scan:tracking t=19.29 contact=1 vz_cmd=-4.8
916355.233978947,916355.231601623,26285,1788822021.193155,-1.8816337669056502,1.7774447877454351,4.240962828374679,0.08259261368136847,0.023941867873037002,0.05431180881533711,4.0,tracking,1,-3.8,1,0,1,force_bus_tool_compensated,4,phathom_s_scan:tracking t=19.30 contact=1 vz_cmd=-3.8
916355.243960699,916355.242149894,26287,1788822021.2037039,-1.8436649556433786,2.02627851971272,4.075303047148251,0.10366851408544386,0.01556945935115367,0.06283562605138268,4.0,tracking,1,-2.9,1,0,1,force_bus_tool_compensated,4,phathom_s_scan:tracking t=19.31 contact=1 vz_cmd=-2.9
916355.253983997,916355.251594533,26289,1788822021.213151,-2.0370546829612337,2.0553552027465694,3.954182755784222,0.1086732729670773,0.03558371443523994,0.0626318161855759,4.0,tracking,1,-1.9,1,0,1,force_bus_tool_compensated,4,phathom_s_scan:tracking t=19.32 contact=1 vz_cmd=-1.9
916355.263961857,916355.261731554,26291,1788822021.2232873,-1.9909187872503367,2.0174789938840045,3.9214315580851657,0.10655325530365643,0.021217994805311835,0.0726720057187464,4.0,tracking,1,-1.1,1,0,1,force_bus_tool_compensated,4,phathom_s_scan:tracking t=19.33 contact=1 vz_cmd=-1.1
916355.273963154,916355.271496717,26293,1788822021.2330534,-1.8518013428806215,1.765380339372869,4.114097886185872,0.09260191272642004,0.02235811607688869,0.05070157455773168,4.0,tracking,1,-0.7,1,0,1,force_bus_tool_compensated,4,phathom_s_scan:tracking t=19.34 contact=1 vz_cmd=-0.7
916355.283995227,916355.28188344,26295,1788822021.243438,-1.9116991580007445,1.9183681905206134,3.885520134518613,0.09932779990628757,0.028836470786075912,0.0628847157383676,4.0,tracking,1,-0.5,1,0,1,force_bus_tool_compensated,4,phathom_s_scan:tracking t=19.35 contact=1 vz_cmd=-0.5
916355.293982707,916355.291560328,26297,1788822021.2531188,-1.80532406539012,1.6821718327826731,4.101035215675004,0.09257437426309628,0.016386349098021526,0.05905986033805004,4.0,tracking,1,-0.3,1,0,1,force_bus_tool_compensated,4,phathom_s_scan:tracking t=19.36 contact=1 vz_cmd=-0.3
916355.303987005,916355.30148182,26299,1788822021.2630346,-2.0266666580786485,2.0969836089610276,3.7366835669768177,0.11623873399513396,0.027985443869690273,0.07706600272670865,4.0,tracking,1,0.5,1,0,1,force_bus_tool_compensated,4,phathom_s_scan:tracking t=19.37 contact=1 vz_cmd=+0.5
916355.313988822,916355.311476812,26301,1788822021.273033,-1.8849001832090242,1.8244038304577477,4.16530847367507,0.10454175621541184,0.014704651316131532,0.06004622026207675,4.0,tracking,1,0.2,1,0,1,force_bus_tool_compensated,4,phathom_s_scan:tracking t=19.38 contact=1 vz_cmd=+0.2
916355.323975959,916355.321358903,26303,1788822021.2829158,-1.843704464605743,1.959900698805534,4.143502851974043,0.11299314768805474,0.008505646274177181,0.07376983788340202,4.0,tracking,1,-0.1,1,0,1,force_bus_tool_compensated,4,phathom_s_scan:tracking t=19.39 contact=1 vz_cmd=-0.1
916355.333972526,916355.33147617,26305,1788822021.2930338,-2.103147570815838,1.9576335163102352,4.083508723211487,0.10828119411063863,0.030533895029530286,0.06676198553026688,4.0,tracking,1,-0.0,1,0,1,force_bus_tool_compensated,4,phathom_s_scan:tracking t=19.40 contact=1 vz_cmd=-0.0
916355.343964131,916355.341572229,26307,1788822021.303128,-1.9417686700181256,2.1869256359717073,3.975676714578467,0.12011576897094645,0.016652973524660417,0.07345370943290512,4.0,tracking,1,-0.0,1,0,1,force_bus_tool_compensated,4,phathom_s_scan:tracking t=19.41 contact=1 vz_cmd=-0.0
916355.353993157,916355.351594186,26309,1788822021.3131516,-2.0899314639137767,2.2462577453244887,4.216000274239406,0.12635595403607167,0.036757036912002675,0.0640139103238718,4.0,tracking,1,-0.4,1,0,1,force_bus_tool_compensated,4,phathom_s_scan:tracking t=19.42 contact=1 vz_cmd=-0.4
916355.363963686,916355.361625879,26311,1788822021.32318,-1.9092688482633677,1.8895877844557523,4.095269269105517,0.08642709391730244,0.029398497120871288,0.058567822158098755,4.0,tracking,1,-0.4,1,0,1,force_bus_tool_compensated,4,phathom_s_scan:tracking t=19.43 contact=1 vz_cmd=-0.4
916355.373966018,916355.371478604,26313,1788822021.3330343,-2.2296514645605923,1.933822212451293,4.195782798720019,0.09115411962432608,0.03635639531281471,0.06156238071156166,4.0,tracking,1,-0.6,1,0,1,force_bus_tool_compensated,4,phathom_s_scan:tracking t=19.44 contact=1 vz_cmd=-0.6
916355.384063582,916355.382034301,26315,1788822021.3435822,-1.9194871118634234,2.064185387275539,4.539660970117287,0.11815997186194552,0.005780205560139975,0.06962198646181145,4.0,tracking,1,-3.1,1,0,1,force_bus_tool_compensated,4,phathom_s_scan:tracking t=19.45 contact=1 vz_cmd=-3.1
916355.394079615,916355.391440188,26317,1788822021.352997,-2.0972934553255147,2.1306074917308138,4.489766594579747,0.11041242145829913,0.019520619321767244,0.06366261238545948,4.0,tracking,1,-5.1,1,0,1,force_bus_tool_compensated,4,phathom_s_scan:tracking t=19.46 contact=1 vz_cmd=-5.1
916355.403961673,916355.401427816,26319,1788822021.362985,-2.2784024635523545,2.3431407615697877,4.214366819322884,0.12246674140979133,0.03413794242116919,0.0754773339291337,4.0,tracking,1,-4.5,1,0,1,force_bus_tool_compensated,4,phathom_s_scan:tracking t=19.47 contact=1 vz_cmd=-4.5
916355.414091744,916355.411828801,26321,1788822021.373376,-2.1141164191016624,2.3123712121768287,4.423564886257715,0.11840317604791345,0.022429100220798366,0.06381833549953987,4.0,tracking,1,-5.3,1,0,1,force_bus_tool_compensated,4,phathom_s_scan:tracking t=19.48 contact=1 vz_cmd=-5.3
916355.424068014,916355.421400887,26323,1788822021.3829582,-1.882411679761582,2.358222899911905,4.365919553029393,0.1044981157707216,0.018772591655640054,0.06516342616158737,4.0,tracking,1,-5.7,1,0,1,force_bus_tool_compensated,4,phathom_s_scan:tracking t=19.49 contact=1 vz_cmd=-5.7
916355.434069469,916355.431512317,26325,1788822021.3930702,-2.1260253887071667,1.8775546497547155,4.161498330413984,0.06514230029465917,0.02822131497831934,0.046453222680254445,4.0,tracking,1,-4.4,1,0,1,force_bus_tool_compensated,4,phathom_s_scan:tracking t=19.50 contact=1 vz_cmd=-4.4
916355.443970269,916355.441393661,26327,1788822021.4029477,-2.0206045650888584,2.009961894373157,4.344657961850064,0.1021417783425448,0.007254195757682166,0.06360837120644772,4.0,tracking,1,-4.1,1,0,1,force_bus_tool_compensated,4,phathom_s_scan:tracking t=19.51 contact=1 vz_cmd=-4.1
916355.454093042,916355.451555006,26329,1788822021.4131122,-2.183992855788766,1.8916755405797907,4.319577838035848,0.10320507450806432,0.008521253694307078,0.05901549533813011,4.0,tracking,1,-4.7,1,0,1,force_bus_tool_compensated,4,phathom_s_scan:tracking t=19.53 contact=1 vz_cmd=-4.7
916355.464071395,916355.461418886,26331,1788822021.4229767,-2.3315373555863026,2.1472177792920735,4.163171294257962,0.12451877353364879,0.009091488991974664,0.07857532778292618,4.0,tracking,1,-3.5,1,0,1,force_bus_tool_compensated,4,phathom_s_scan:tracking t=19.53 contact=1 vz_cmd=-3.5
916355.474017188,916355.47142729,26333,1788822021.432983,-2.3804332837173643,2.012840577919454,4.1600794216497885,0.11864462424706965,0.014698956143634444,0.06582471774815181,4.0,tracking,1,-2.7,1,0,1,force_bus_tool_compensated,4,phathom_s_scan:tracking t=19.54 contact=1 vz_cmd=-2.7
916355.483958403,916355.481483577,26335,1788822021.4430408,-2.316607471128096,2.281404572902278,4.234897732577091,0.1308324227930907,0.010964797932050872,0.07998421547296333,4.0,tracking,1,-2.5,1,0,1,force_bus_tool_compensated,4,phathom_s_scan:tracking t=19.56 contact=1 vz_cmd=-2.5
916355.493964332,916355.49149871,26337,1788822021.4530568,-2.266777708288557,2.155537947059526,3.9492199139911905,0.10481926458634733,0.02664102607596647,0.05837500867481196,4.0,tracking,1,-1.9,1,0,1,force_bus_tool_compensated,4,phathom_s_scan:tracking t=19.56 contact=1 vz_cmd=-1.9
916355.503971106,916355.501419372,26339,1788822021.4629765,-2.3002620413860697,2.217382105944542,4.049002869269044,0.12121970531228307,0.023829103839823285,0.0728101502153829,4.0,tracking,1,-1.3,1,0,1,force_bus_tool_compensated,4,phathom_s_scan:tracking t=19.57 contact=1 vz_cmd=-1.3
916355.513963092,916355.511777311,26341,1788822021.4733334,-2.0666835753981303,1.9468403049396537,4.123508380116775,0.09543551646451875,0.006905540817285313,0.05113789003454408,4.0,tracking,1,-0.9,1,0,1,force_bus_tool_compensated,4,phathom_s_scan:tracking t=19.59 contact=1 vz_cmd=-0.9
916355.523976988,916355.521386547,26343,1788822021.482942,-2.063304743600297,1.8739094309771682,4.3814815684173265,0.10350190646652369,-0.0024195046354409805,0.061334565537859,4.0,tracking,1,-2.4,1,0,1,force_bus_tool_compensated,4,phathom_s_scan:tracking t=19.59 contact=1 vz_cmd=-2.4
916355.533998343,916355.531893342,26345,1788822021.49345,-2.3152087930177228,1.9389316865038126,4.196944115623851,0.10676107345396207,0.015504532452429002,0.06200966588676758,4.0,tracking,1,-2.4,1,0,1,force_bus_tool_compensated,4,phathom_s_scan:tracking t=19.60 contact=1 vz_cmd=-2.4
916355.543996515,916355.541644164,26347,1788822021.5032005,-2.2342692157499644,2.3482843687877875,4.152680937186295,0.1398835613262356,0.010701064528392378,0.079149974006882,4.0,tracking,1,-1.8,1,0,1,force_bus_tool_compensated,4,phathom_s_scan:tracking t=19.61 contact=1 vz_cmd=-1.8
916355.55399339,916355.551587466,26349,1788822021.5131435,-2.1126570061817485,1.9705429871525337,4.206009583922794,0.09775796560164887,0.018076746164000318,0.06081570704091076,4.0,tracking,1,-1.9,1,0,1,force_bus_tool_compensated,4,phathom_s_scan:tracking t=19.62 contact=1 vz_cmd=-1.9
916355.563987095,916355.561739602,26351,1788822021.523297,-2.121274255300027,2.047668603674644,4.073831281580871,0.09771961506669988,0.014615147322914012,0.0644502390547814,4.0,tracking,1,-1.3,1,0,1,force_bus_tool_compensated,4,phathom_s_scan:tracking t=19.63 contact=1 vz_cmd=-1.3
916355.573985674,916355.571559242,26353,1788822021.533114,-2.054292676235418,1.8297096214438446,4.254383493136272,0.08975421776381981,0.011010416719035812,0.054133973835937904,4.0,tracking,1,-1.9,1,0,1,force_bus_tool_compensated,4,phathom_s_scan:tracking t=19.64 contact=1 vz_cmd=-1.9
916355.583990547,916355.581955678,26355,1788822021.543512,-2.142200677822016,1.9195712259416269,3.8973932148976687,0.09775760846006229,0.016771250206533483,0.06501116296206763,4.0,tracking,1,-1.2,1,0,1,force_bus_tool_compensated,4,phathom_s_scan:tracking t=19.65 contact=1 vz_cmd=-1.2
916355.593995499,916355.591656341,26357,1788822021.5532136,-2.048634184167195,1.8305028658912568,4.157923629621629,0.10670903227797486,0.000852402745005936,0.05957459352649885,4.0,tracking,1,-1.0,1,0,1,force_bus_tool_compensated,4,phathom_s_scan:tracking t=19.66 contact=1 vz_cmd=-1.0
916355.60398956,916355.601870214,26359,1788822021.5634277,-1.743569500984205,1.69223095376699,4.0594234879134365,0.10685289063740971,-0.00609209074806932,0.06816333015711379,4.0,tracking,1,-0.7,1,0,1,force_bus_tool_compensated,4,phathom_s_scan:tracking t=19.67 contact=1 vz_cmd=-0.7
916355.613968038,916355.611681405,26361,1788822021.5732334,-1.9685892102605058,1.955220267105029,3.9024240865063633,0.1155524266384905,0.01065356446797778,0.07150767939160955,4.0,tracking,1,-0.4,1,0,1,force_bus_tool_compensated,4,phathom_s_scan:tracking t=19.68 contact=1 vz_cmd=-0.4
916355.623964016,916355.621419637,26363,1788822021.582977,-1.6640276641703562,1.7994312926120024,3.942549685753872,0.10636563298940295,-0.008295600900776662,0.07577796385730913,4.0,tracking,1,-0.3,1,0,1,force_bus_tool_compensated,4,phathom_s_scan:tracking t=19.69 contact=1 vz_cmd=-0.3
916355.633967625,916355.631685187,26365,1788822021.5932417,-1.698813251650185,1.7590910904648822,4.0189142165414875,0.10950052914636847,0.006758842655973503,0.06072741974356237,4.0,tracking,1,-0.2,1,0,1,force_bus_tool_compensated,4,phathom_s_scan:tracking t=19.70 contact=1 vz_cmd=-0.2
916355.643969194,916355.642063174,26367,1788822021.6036174,-2.05567196855035,1.993788582369598,3.3551165427992204,0.11613135720019686,0.022546801002742693,0.08871689750915196,4.0,tracking,1,2.9,1,0,1,force_bus_tool_compensated,4,phathom_s_scan:tracking t=19.71 contact=1 vz_cmd=+2.9
916355.654005778,916355.651620465,26369,1788822021.6131775,-1.602333959641948,1.6407051277992748,3.932933829007512,0.10981795927001092,0.002584114272862025,0.056783472494803325,4.0,tracking,1,3.1,1,0,1,force_bus_tool_compensated,4,phathom_s_scan:tracking t=19.72 contact=1 vz_cmd=+3.1
916355.663988582,916355.661569724,26371,1788822021.6231277,-1.6072933477833575,1.935141616955971,3.821829178260161,0.12413624026849046,-0.009046635439074713,0.07535231998841231,4.0,tracking,1,2.3,1,0,1,force_bus_tool_compensated,4,phathom_s_scan:tracking t=19.73 contact=1 vz_cmd=+2.3
916355.673997501,916355.671645213,26373,1788822021.6331987,-1.525391306435327,1.7373675157383883,3.95747768080698,0.11258628341773799,-0.008648062116637906,0.06780336205880128,4.0,tracking,1,1.7,1,0,1,force_bus_tool_compensated,4,phathom_s_scan:tracking t=19.74 contact=1 vz_cmd=+1.7
916355.683968941,916355.681603397,26375,1788822021.6431606,-1.658031547410311,1.9868314666708518,3.5062121990032056,0.11361671907827689,0.0017212068646345212,0.07891597516867867,4.0,tracking,1,2.3,1,0,1,force_bus_tool_compensated,4,phathom_s_scan:tracking t=19.76 contact=1 vz_cmd=+2.3
916355.693967667,916355.691552976,26377,1788822021.6531103,-1.4892021505700095,1.88859650050304,4.000533530705313,0.11260652550024225,-0.00988552151760444,0.06820964521830725,4.0,tracking,1,2.9,1,0,1,force_bus_tool_compensated,4,phathom_s_scan:tracking t=19.76 contact=1 vz_cmd=+2.9
916355.703972541,916355.701885984,26379,1788822021.663441,-1.8113676849148752,2.027234105500548,3.422475272650284,0.10599318723933358,0.022229778520102012,0.07373678573628786,4.0,tracking,1,3.6,1,0,1,force_bus_tool_compensated,4,phathom_s_scan:tracking t=19.77 contact=1 vz_cmd=+3.6
916355.71396934,916355.711707798,26381,1788822021.6732643,-1.4393366672208432,1.8973809468445866,4.081553028865124,0.1052815900655295,-0.005941765227078957,0.0585657309448705,4.0,tracking,1,3.0,1,0,1,force_bus_tool_compensated,4,phathom_s_scan:tracking t=19.78 contact=1 vz_cmd=+3.0
916355.723995425,916355.722163572,26383,1788822021.683721,-1.7518281290572897,1.9932453033038804,3.568237689233262,0.10303482734140279,0.023767548687885255,0.08164541167429828,4.0,tracking,1,2.9,1,0,1,force_bus_tool_compensated,4,phathom_s_scan:tracking t=19.79 contact=1 vz_cmd=+2.9
916355.733966854,916355.731850644,26385,1788822021.6934073,-1.6931758101841061,1.8301734072596816,3.969951824534224,0.1089044529375228,0.005411593979333099,0.06048389726869118,4.0,tracking,1,3.3,1,0,1,force_bus_tool_compensated,4,phathom_s_scan:tracking t=19.80 contact=1 vz_cmd=+3.3
916355.743972648,916355.741795561,26387,1788822021.7033494,-1.7991421781909707,1.9609364061774122,4.037044312639509,0.116158502746939,0.0009238831418285293,0.0796318759962608,4.0,tracking,1,2.2,1,0,1,force_bus_tool_compensated,4,phathom_s_scan:tracking t=19.81 contact=1 vz_cmd=+2.2
916355.75396113,916355.751978672,26389,1788822021.7135358,-1.7329791551824507,1.8041692935320144,4.1502593107727055,0.10164949577360476,-0.007912131748351542,0.06104346609403422,4.0,tracking,1,1.4,1,0,1,force_bus_tool_compensated,4,phathom_s_scan:tracking t=19.82 contact=1 vz_cmd=+1.4
916355.763992789,916355.761487334,26391,1788822021.723044,-1.7116383606192478,2.251663893060596,3.8993074887827666,0.13276248270569452,-0.006984569837618307,0.08109141219968782,4.0,tracking,1,0.8,1,0,1,force_bus_tool_compensated,4,phathom_s_scan:tracking t=19.83 contact=1 vz_cmd=+0.8
916355.773966153,916355.771571602,26393,1788822021.7331278,-2.1312729954450136,2.103736635652497,3.79115730748747,0.10404968019235311,0.024072669398627452,0.06322844002953547,4.0,tracking,1,1.3,1,0,1,force_bus_tool_compensated,4,phathom_s_scan:tracking t=19.84 contact=1 vz_cmd=+1.3
916355.783956183,916355.781799707,26395,1788822021.7433574,-1.3166707000796352,2.234060388051068,4.166699025165175,0.12108911576104381,-0.028173408407582194,0.071064787495771,4.0,tracking,1,0.7,1,0,1,force_bus_tool_compensated,4,phathom_s_scan:tracking t=19.85 contact=1 vz_cmd=+0.7
916355.793963223,916355.791683727,26397,1788822021.7532332,-1.7426836200014404,2.1717454333707513,4.154315286397236,0.11176197101020724,0.001534693477361336,0.06945436223613428,4.0,tracking,1,0.4,1,0,1,force_bus_tool_compensated,4,phathom_s_scan:tracking t=19.86 contact=1 vz_cmd=+0.4
916355.803960704,916355.801550682,26399,1788822021.7631075,-1.5744549598403499,2.2942979834023136,4.2606423756176515,0.12651961735763584,-0.012245752287763024,0.06630315905599993,4.0,tracking,1,-1.0,1,0,1,force_bus_tool_compensated,4,phathom_s_scan:tracking t=19.87 contact=1 vz_cmd=-1.0
916355.81399163,916355.811721688,26401,1788822021.7732644,-1.6944632358620657,2.1581529047939947,4.028533691141636,0.10040150406125839,0.005122762193975292,0.062436030071964986,4.0,tracking,1,-0.7,1,0,1,force_bus_tool_compensated,4,phathom_s_scan:tracking t=19.88 contact=1 vz_cmd=-0.7
916355.823964071,916355.821571342,26403,1788822021.783128,-1.5312643985961092,2.2549616439730813,4.0632942998093995,0.10865183389246119,-0.0026504171127859875,0.06281020553476002,4.0,tracking,1,-0.6,1,0,1,force_bus_tool_compensated,4,phathom_s_scan:tracking t=19.89 contact=1 vz_cmd=-0.6
916355.833976385,916355.832263333,26405,1788822021.7938178,-1.6605947460500683,2.351946539703877,4.161526697024009,0.11514897903735266,-0.00017230338095456884,0.06589452314943064,4.0,tracking,1,-0.5,1,0,1,force_bus_tool_compensated,4,phathom_s_scan:tracking t=19.90 contact=1 vz_cmd=-0.5
916355.843999044,916355.841717261,26407,1788822021.8032706,-1.3350900727416817,2.252476212691066,4.083125949018393,0.10213763488817273,-0.016305745977577512,0.05453682600971925,4.0,tracking,1,-1.7,1,0,1,force_bus_tool_compensated,4,phathom_s_scan:tracking t=19.91 contact=1 vz_cmd=-1.7
916355.853972133,916355.851792506,26409,1788822021.813344,-1.5122520756850213,1.9726944779805737,3.9752804159163846,0.08583050197717287,0.0007802957665680775,0.05338737243006503,4.0,tracking,1,-0.7,1,0,1,force_bus_tool_compensated,4,phathom_s_scan:tracking t=19.92 contact=1 vz_cmd=-0.7
916355.863960617,916355.862088515,26411,1788822021.8236446,-1.396965341724019,2.3054906578885372,3.710374325783519,0.10663074618393723,-0.00999958248383793,0.060441922422185726,4.0,tracking,1,0.2,1,0,1,force_bus_tool_compensated,4,phathom_s_scan:tracking t=19.93 contact=1 vz_cmd=+0.2
916355.873985239,916355.871785252,26413,1788822021.833337,-1.2116543556322283,2.228455241741253,4.23960140883052,0.11625471947593988,-0.024504830089199146,0.06054961518037551,4.0,tracking,1,-0.3,1,0,1,force_bus_tool_compensated,4,phathom_s_scan:tracking t=19.94 contact=1 vz_cmd=-0.3
916355.883958941,916355.881789266,26415,1788822021.8433433,-1.2972048754716148,2.353014809879707,3.6601417566289527,0.1070325562484862,-0.003488685103101361,0.07255037823268973,4.0,tracking,1,0.7,1,0,1,force_bus_tool_compensated,4,phathom_s_scan:tracking t=19.95 contact=1 vz_cmd=+0.7
916355.893955338,916355.891543882,26417,1788822021.8531008,-0.9370505473049204,2.0812437546291016,4.088280404860744,0.0973278507869797,-0.031741816138339256,0.04333831980486929,4.0,tracking,1,0.6,1,0,1,force_bus_tool_compensated,4,phathom_s_scan:tracking t=19.96 contact=1 vz_cmd=+0.6
916355.903968457,916355.901763796,26419,1788822021.8633184,-1.2329081672986528,2.1384829086897343,3.793637289161495,0.09770520934835991,-0.018223340506597848,0.07606938375525618,4.0,tracking,1,0.8,1,0,1,force_bus_tool_compensated,4,phathom_s_scan:tracking t=19.97 contact=1 vz_cmd=+0.8
916355.913957983,916355.91177692,26421,1788822021.873333,-1.3902069404690156,1.871401774380805,3.9174101878767256,0.09525958391483402,-0.013200890087527811,0.034772094647337076,4.0,tracking,1,0.6,1,0,1,force_bus_tool_compensated,4,phathom_s_scan:tracking t=19.99 contact=1 vz_cmd=+0.6
916355.923960576,916355.921779558,26423,1788822021.8833365,-1.5373108034638898,1.9505108507941393,3.4208812816682963,0.09976521286861487,0.013117345433553218,0.06858357769661079,4.0,tracking,1,3.1,1,0,1,force_bus_tool_compensated,4,phathom_s_scan:tracking t=20.00 contact=1 vz_cmd=+3.1
916355.93399486,916355.932540835,26425,1788822021.8940928,-1.6368025219637545,1.872741251626736,3.7870524269032977,0.11570945357189993,0.002051835693388074,0.07304565007334193,4.0,tracking,1,4.0,1,0,1,force_bus_tool_compensated,4,phathom_s_scan:tracking t=20.00 contact=1 vz_cmd=+4.0
916355.943964297,916355.942027566,26427,1788822021.903581,-1.1680522290341455,1.9838867131805755,3.9436992985338586,0.12643552619633566,-0.03303699962339905,0.0691741978542878,4.0,tracking,1,2.7,1,0,1,force_bus_tool_compensated,4,phathom_s_scan:tracking t=20.02 contact=1 vz_cmd=+2.7
916355.953973863,916355.951679958,26429,1788822021.9132373,-1.7683350115460823,1.7766280852730683,3.756471993057409,0.11058619011197901,0.0024736827732889464,0.07813718982844339,4.0,tracking,1,2.9,1,0,1,force_bus_tool_compensated,4,phathom_s_scan:tracking t=20.02 contact=1 vz_cmd=+2.9
916355.963956746,916355.961850729,26431,1788822021.9234076,-1.3255474352325611,1.9983808810406032,4.1551692937163125,0.1216479958687851,-0.0376612102830015,0.073320532149376,4.0,tracking,1,1.8,1,0,1,force_bus_tool_compensated,4,phathom_s_scan:tracking t=20.03 contact=1 vz_cmd=+1.8
916355.973955759,916355.971609525,26433,1788822021.9331665,-1.4946953620316614,1.8369282479236997,4.166302531297895,0.10840194985862608,-0.02566638749853387,0.06986145050906561,4.0,tracking,1,1.0,1,0,1,force_bus_tool_compensated,4,phathom_s_scan:tracking t=20.04 contact=1 vz_cmd=+1.0
916355.983972033,916355.981967362,26435,1788822021.9435234,-1.595185783591972,1.9321256849111252,3.9404813740204245,0.11539693639408763,-0.014151527105546433,0.07448753344823283,4.0,tracking,1,0.6,1,0,1,force_bus_tool_compensated,4,phathom_s_scan:tracking t=20.05 contact=1 vz_cmd=+0.6
916355.993965067,916355.991699462,26437,1788822021.9532561,-1.3967408007800641,2.1968938961487448,3.968212670060777,0.12515639212479124,-0.02184860308954213,0.07450938064010237,4.0,tracking,1,0.4,1,0,1,force_bus_tool_compensated,4,phathom_s_scan:tracking t=20.06 contact=1 vz_cmd=+0.4
916356.003994639,916356.001836222,26439,1788822021.9633925,-1.429987593514494,2.2078652290567202,4.018309562599184,0.12097914384998446,-0.016810111449092772,0.08077328835591015,4.0,tracking,1,0.3,1,0,1,force_bus_tool_compensated,4,phathom_s_scan:tracking t=20.07 contact=1 vz_cmd=+0.3
916356.013961262,916356.011910214,26441,1788822021.9734643,-1.23392131860805,2.0235648545744462,4.137678351279559,0.0976989638015724,-0.030284743392760754,0.054200744197547904,4.0,tracking,1,-0.1,1,0,1,force_bus_tool_compensated,4,phathom_s_scan:tracking t=20.08 contact=1 vz_cmd=-0.1
916356.023994816,916356.021635541,26443,1788822021.9831922,-1.5062785355999286,2.003278259190674,4.140444269577921,0.11092645978981286,-0.007513797763059664,0.08255718873060086,4.0,tracking,1,-0.2,1,0,1,force_bus_tool_compensated,4,phathom_s_scan:tracking t=20.09 contact=1 vz_cmd=-0.2
916356.033957541,916356.031732804,26445,1788822021.9932892,-0.9540295225398767,2.087686799877393,4.533853783311429,0.12056559097746913,-0.04679629747679743,0.0628152783521623,4.0,tracking,1,-2.8,1,0,1,force_bus_tool_compensated,4,phathom_s_scan:tracking t=20.10 contact=1 vz_cmd=-2.8
916356.043968152,916356.041826963,26447,1788822022.0033815,-1.4056516809269235,2.329551815896464,3.7714657709038386,0.11593406145487437,0.00022291838754214557,0.07897903674661413,4.0,tracking,1,-3.0,1,0,1,force_bus_tool_compensated,4,phathom_s_scan:tracking t=20.11 contact=1 vz_cmd=-3.0
916356.053988418,916356.051767992,26449,1788822022.0133226,-0.9201661495878597,1.8541992012110353,4.290734737932138,0.09584157411861954,-0.03251499108835162,0.05264969280930379,4.0,tracking,1,-2.8,1,0,1,force_bus_tool_compensated,4,phathom_s_scan:tracking t=20.12 contact=1 vz_cmd=-2.8
916356.063982823,916356.061647888,26451,1788822022.023205,-1.0219415311940134,1.9292497027074307,4.056706506056479,0.09772738733457784,-0.02582593209121366,0.06589476094866635,4.0,tracking,1,-2.3,1,0,1,force_bus_tool_compensated,4,phathom_s_scan:tracking t=20.13 contact=1 vz_cmd=-2.3
916356.073998204,916356.071864726,26453,1788822022.0334182,-1.0499682766459466,1.7465159963069172,3.978545791261065,0.08835517878986919,-0.02580359982768684,0.0523717538126197,4.0,tracking,1,-1.5,1,0,1,force_bus_tool_compensated,4,phathom_s_scan:tracking t=20.15 contact=1 vz_cmd=-1.5
916356.083975266,916356.081955698,26455,1788822022.043512,-0.9255716831810914,2.152812513654625,4.039378333425349,0.13629135995636654,-0.027591313327757345,0.09236092021506453,4.0,tracking,1,-1.0,1,0,1,force_bus_tool_compensated,4,phathom_s_scan:tracking t=20.15 contact=1 vz_cmd=-1.0
916356.093992491,916356.091895424,26457,1788822022.0534477,-1.1032381592300056,1.9391540851741125,3.8042032645288826,0.10341205032869885,-0.016619100970286575,0.06380108685042188,4.0,tracking,1,-0.3,1,0,1,force_bus_tool_compensated,4,phathom_s_scan:tracking t=20.16 contact=1 vz_cmd=-0.3
916356.103996112,916356.101882304,26459,1788822022.0634353,-1.0146469832723486,2.1847814938580736,3.953407047537007,0.13374462803907183,-0.029710104311280024,0.07633287139490985,4.0,tracking,1,-0.2,1,0,1,force_bus_tool_compensated,4,phathom_s_scan:tracking t=20.17 contact=1 vz_cmd=-0.2
916356.113979969,916356.11203236,26461,1788822022.0735872,-0.8600265189567409,2.0196226932824506,3.861105496046873,0.11498997577543454,-0.02551801041630291,0.06815120468311153,4.0,tracking,1,-0.1,1,0,1,force_bus_tool_compensated,4,phathom_s_scan:tracking t=20.19 contact=1 vz_cmd=-0.1
916356.123963045,916356.12201393,26463,1788822022.0835671,-1.0107222804909948,2.1189232614044715,3.8195838272915488,0.12363879981492903,-0.021491158228462683,0.07722193305007442,4.0,tracking,1,0.7,1,0,1,force_bus_tool_compensated,4,phathom_s_scan:tracking t=20.19 contact=1 vz_cmd=+0.7
916356.133999951,916356.132163107,26465,1788822022.0937116,-0.8304350059044603,1.917690069895523,3.979031381637969,0.11600092399187338,-0.045965560898690645,0.062073186533128544,4.0,tracking,1,0.4,1,0,1,force_bus_tool_compensated,4,phathom_s_scan:tracking t=20.20 contact=1 vz_cmd=+0.4
916356.143970663,916356.141845957,26467,1788822022.1034043,-0.5736901509061094,2.152522536885443,3.391606561901771,0.11192220927831015,-0.03493882827701598,0.07309589235063838,4.0,tracking,1,3.1,1,0,1,force_bus_tool_compensated,4,phathom_s_scan:tracking t=20.21 contact=1 vz_cmd=+3.1
916356.153993885,916356.151724308,26469,1788822022.1132808,-0.8098354663464156,1.9315045132862325,3.762639617977952,0.10628308307467699,-0.029215350160128092,0.06372376634854837,4.0,tracking,1,4.7,1,0,1,force_bus_tool_compensated,4,phathom_s_scan:tracking t=20.22 contact=1 vz_cmd=+4.7
916356.163975402,916356.161695436,26471,1788822022.1232517,-0.4267161764238381,1.589908303189102,3.682821550045418,0.07882927579352685,-0.04832111148270196,0.05471067330789834,4.0,tracking,1,4.1,1,0,1,force_bus_tool_compensated,4,phathom_s_scan:tracking t=20.23 contact=1 vz_cmd=+4.1
916356.17396505,916356.17162588,26473,1788822022.133184,-1.0861159994320342,1.5354434000529502,3.5738317044707397,0.08979858676389887,-0.01028596719259503,0.060268624869487045,4.0,tracking,1,5.3,1,0,1,force_bus_tool_compensated,4,phathom_s_scan:tracking t=20.25 contact=1 vz_cmd=+5.3
916356.183961704,916356.181898067,26475,1788822022.1434546,-0.7714732227519223,2.0402004841897736,3.611947961749986,0.13534956640083348,-0.04386483007472249,0.08118697472900144,4.0,tracking,1,5.9,1,0,1,force_bus_tool_compensated,4,phathom_s_scan:tracking t=20.25 contact=1 vz_cmd=+5.9
916356.193967599,916356.191808014,26477,1788822022.1533668,-0.8712858963105183,1.781529613915634,3.758739419488709,0.12259383518185624,-0.029987678530311722,0.06697415233655282,4.0,tracking,1,5.1,1,0,1,force_bus_tool_compensated,4,phathom_s_scan:tracking t=20.26 contact=1 vz_cmd=+5.1
916356.203968628,916356.20166743,26479,1788822022.1632254,-0.5220529690850482,1.8533576408072456,3.867507576552774,0.11425925017087339,-0.05106875832925687,0.07687537938804326,4.0,tracking,1,3.5,1,0,1,force_bus_tool_compensated,4,phathom_s_scan:tracking t=20.27 contact=1 vz_cmd=+3.5
916356.213973202,916356.21185504,26481,1788822022.1734104,-0.9418448905578223,2.0682147535069593,3.2222728855449168,0.09956435314049394,-0.012718226603981217,0.06665877357516478,4.0,tracking,1,5.1,1,0,1,force_bus_tool_compensated,4,phathom_s_scan:tracking t=20.28 contact=1 vz_cmd=+5.1
916356.22398494,916356.221692527,26483,1788822022.1832478,-0.6121523543633272,1.8984900765621502,3.65058764679848,0.11607761603645263,-0.03974584293875772,0.07249658605430102,4.0,tracking,1,7.8,1,0,1,force_bus_tool_compensated,4,phathom_s_scan:tracking t=20.30 contact=1 vz_cmd=+7.8
916356.233963149,916356.231871297,26485,1788822022.1934283,-0.5475984983674607,1.7653500709790007,3.7815975370913604,0.09469494363840684,-0.05627467865760663,0.06084771249434047,4.0,tracking,1,6.7,1,0,1,force_bus_tool_compensated,4,phathom_s_scan:tracking t=20.30 contact=1 vz_cmd=+6.7
916356.243995087,916356.2418711,26487,1788822022.2034266,-0.7425594733769265,1.6985360241951852,3.627960510038199,0.10686630923169449,-0.03369042386689202,0.07566997747808123,4.0,tracking,1,6.1,1,0,1,force_bus_tool_compensated,4,phathom_s_scan:tracking t=20.31 contact=1 vz_cmd=+6.1
916356.253981552,916356.251750124,26489,1788822022.213308,-0.8356552727699718,1.866377596320137,3.7086982959374137,0.11981518222185353,-0.04248471153903015,0.07341017957569664,4.0,tracking,1,6.0,1,0,1,force_bus_tool_compensated,4,phathom_s_scan:tracking t=20.32 contact=1 vz_cmd=+6.0
916356.263986859,916356.261686815,26491,1788822022.223243,-0.6771469589867514,1.7866889620074766,4.104998212586821,0.11453898549970873,-0.05570667592796485,0.07946357525868429,4.0,tracking,1,4.0,1,0,1,force_bus_tool_compensated,4,phathom_s_scan:tracking t=20.33 contact=1 vz_cmd=+4.0
916356.273995508,916356.272018771,26493,1788822022.2335696,-0.9710237959550696,1.9029849091495366,3.8904521819331714,0.11841367851526083,-0.02714521064030796,0.07291522161042224,4.0,tracking,1,2.7,1,0,1,force_bus_tool_compensated,4,phathom_s_scan:tracking t=20.34 contact=1 vz_cmd=+2.7
916356.2839993,916356.28193586,26495,1788822022.2434916,-0.8875662675458273,1.9257660509000674,4.0572907680043,0.11303514288206257,-0.03699308984846599,0.07197350556786762,4.0,tracking,1,1.8,1,0,1,force_bus_tool_compensated,4,phathom_s_scan:tracking t=20.35 contact=1 vz_cmd=+1.8
916356.293988688,916356.291715591,26497,1788822022.2532725,-1.1605787814102464,1.9347824875031934,3.961952442202013,0.11434646220844179,-0.01776993114489445,0.07820812446559396,4.0,tracking,1,1.2,1,0,1,force_bus_tool_compensated,4,phathom_s_scan:tracking t=20.36 contact=1 vz_cmd=+1.2
916356.303978434,916356.301776671,26499,1788822022.2633317,-0.6979943281205478,1.9259263644990652,4.165547384045862,0.11755183622017934,-0.05019483696953743,0.07507423030065807,4.0,tracking,1,0.6,1,0,1,force_bus_tool_compensated,4,phathom_s_scan:tracking t=20.37 contact=1 vz_cmd=+0.6
916356.31398906,916356.31143926,26501,1788822022.272997,-0.9513734869669928,1.9843572380928347,4.178663629774382,0.12002960163001414,-0.028904045322694458,0.07179155245859942,4.0,tracking,1,-0.1,1,0,1,force_bus_tool_compensated,4,phathom_s_scan:tracking t=20.38 contact=1 vz_cmd=-0.1
916356.323981523,916356.321523699,26503,1788822022.2830787,-0.6247702580028864,1.9300213375717619,4.275718019001523,0.11471122345818921,-0.055666422068398315,0.08228864188726011,4.0,tracking,1,-0.7,1,0,1,force_bus_tool_compensated,4,phathom_s_scan:tracking t=20.40 contact=1 vz_cmd=-0.7
916356.333991262,916356.331859825,26505,1788822022.2934117,-0.6817771915187067,1.8891995992173978,4.44273057641767,0.11167249848151974,-0.06288220364018021,0.07178081410750743,4.0,tracking,1,-3.1,1,0,1,force_bus_tool_compensated,4,phathom_s_scan:tracking t=20.40 contact=1 vz_cmd=-3.1
916356.343986605,916356.341521992,26507,1788822022.3030787,-0.8977229637039428,1.851429835166205,4.138046882310122,0.10893544073584016,-0.038780901353667636,0.08005500442099281,4.0,tracking,1,-2.9,1,0,1,force_bus_tool_compensated,4,phathom_s_scan:tracking t=20.41 contact=1 vz_cmd=-2.9
916356.353979307,916356.351578595,26509,1788822022.3131347,-0.9282133989948138,2.0840111826906957,4.234249061720585,0.12721612033001156,-0.03544407968494683,0.07321147050259133,4.0,tracking,1,-2.5,1,0,1,force_bus_tool_compensated,4,phathom_s_scan:tracking t=20.42 contact=1 vz_cmd=-2.5
916356.363983144,916356.36161534,26511,1788822022.323172,-0.5995517913771116,2.1408677903129445,4.426339058993314,0.12785482545712923,-0.04699238553591601,0.08477474306159855,4.0,tracking,1,-3.8,1,0,1,force_bus_tool_compensated,4,phathom_s_scan:tracking t=20.43 contact=1 vz_cmd=-3.8
916356.373957444,916356.37156783,26513,1788822022.3331249,-0.7332639790373117,2.3448838473495126,3.9278127290692604,0.11685849296967066,-0.028795470552389228,0.0742829033502767,4.0,tracking,1,-3.0,1,0,1,force_bus_tool_compensated,4,phathom_s_scan:tracking t=20.44 contact=1 vz_cmd=-3.0
916356.383968654,916356.38181059,26515,1788822022.3433647,-0.6423817186735699,2.209708250415984,3.8534784077925277,0.10891629154010549,-0.035934355330182396,0.08153932431357545,4.0,tracking,1,-1.4,1,0,1,force_bus_tool_compensated,4,phathom_s_scan:tracking t=20.45 contact=1 vz_cmd=-1.4
916356.393979291,916356.391622871,26517,1788822022.353179,-0.4356893900970813,1.9680126966106282,4.208099049624757,0.10846672375433494,-0.05477294437343462,0.07214405019060614,4.0,tracking,1,-1.3,1,0,1,force_bus_tool_compensated,4,phathom_s_scan:tracking t=20.46 contact=1 vz_cmd=-1.3
916356.403985075,916356.401493441,26519,1788822022.3630514,-0.4617467012690206,2.1978656492902693,4.083101464240583,0.12222880503937844,-0.0604672771048496,0.073230958542876,4.0,tracking,1,-1.4,1,0,1,force_bus_tool_compensated,4,phathom_s_scan:tracking t=20.47 contact=1 vz_cmd=-1.4
916356.413994249,916356.411625041,26521,1788822022.3731816,-0.6477543905445977,1.9142390918754788,3.833877763603938,0.10573802889161138,-0.03734884036099952,0.07135055311836516,4.0,tracking,1,-0.7,1,0,1,force_bus_tool_compensated,4,phathom_s_scan:tracking t=20.48 contact=1 vz_cmd=-0.7
916356.42398065,916356.421688702,26523,1788822022.3832452,-0.48376531722074656,2.0042253269315498,3.9892262983852746,0.1108225215420144,-0.05607302414059156,0.07259796464253146,4.0,tracking,1,-0.4,1,0,1,force_bus_tool_compensated,4,phathom_s_scan:tracking t=20.50 contact=1 vz_cmd=-0.4
916356.433959135,916356.431781499,26525,1788822022.3933384,-0.4842126454276068,1.9750465406734017,4.08340766390158,0.10859026448259979,-0.052179408728971706,0.06326470002130608,4.0,tracking,1,-0.4,1,0,1,force_bus_tool_compensated,4,phathom_s_scan:tracking t=20.50 contact=1 vz_cmd=-0.4
916356.443993269,916356.441718988,26527,1788822022.403274,-0.605166223914233,1.971234712996227,3.645305643335905,0.09728870511406132,-0.026483540094462105,0.07503769871543596,4.0,tracking,1,0.8,1,0,1,force_bus_tool_compensated,4,phathom_s_scan:tracking t=20.51 contact=1 vz_cmd=+0.8
916356.45399106,916356.45189671,26529,1788822022.4134533,-0.6050956762546604,1.7502496543050523,3.7787938169531223,0.09593955618614664,-0.04339230912460618,0.0642469948127512,4.0,tracking,1,1.9,1,0,1,force_bus_tool_compensated,4,phathom_s_scan:tracking t=20.52 contact=1 vz_cmd=+1.9
916356.463960261,916356.461617677,26531,1788822022.4231749,-0.4959820574222953,1.700846778022214,4.143570051050569,0.114911986540749,-0.06231362355738269,0.07369964679602282,4.0,tracking,1,1.2,1,0,1,force_bus_tool_compensated,4,phathom_s_scan:tracking t=20.53 contact=1 vz_cmd=+1.2
916356.473998675,916356.471749027,26533,1788822022.4333034,-0.7260606243777337,1.8147909342402102,4.085166369999968,0.12960802984660239,-0.055823880089619374,0.07705819034808967,4.0,tracking,1,0.6,1,0,1,force_bus_tool_compensated,4,phathom_s_scan:tracking t=20.54 contact=1 vz_cmd=+0.6
916356.483958528,916356.481898189,26535,1788822022.4434555,-0.8186389190921006,2.0942168214044727,3.7851757604345666,0.12544992521129578,-0.05567182695786941,0.08901896583880536,4.0,tracking,1,0.8,1,0,1,force_bus_tool_compensated,4,phathom_s_scan:tracking t=20.55 contact=1 vz_cmd=+0.8
916356.493991666,916356.491571431,26537,1788822022.4531288,-0.7339600134230313,2.008139718431518,4.118870946644437,0.12578130683688238,-0.04105677032457951,0.07401658716821244,4.0,tracking,1,0.5,1,0,1,force_bus_tool_compensated,4,phathom_s_scan:tracking t=20.56 contact=1 vz_cmd=+0.5
916356.503998216,916356.501831734,26539,1788822022.4633858,-0.5304950829403356,1.6857616799136375,4.183914745498843,0.109051890358214,-0.06367202056837173,0.07971834585701869,4.0,tracking,1,0.1,1,0,1,force_bus_tool_compensated,4,phathom_s_scan:tracking t=20.57 contact=1 vz_cmd=+0.1
916356.513969529,916356.511607435,26541,1788822022.4731636,-0.9744982072237867,1.9057062769562536,3.8398508716680197,0.11452283908753799,-0.035757825627546286,0.07468259468050627,4.0,tracking,1,0.2,1,0,1,force_bus_tool_compensated,4,phathom_s_scan:tracking t=20.58 contact=1 vz_cmd=+0.2
916356.523979893,916356.521845869,26543,1788822022.4834032,-0.5932343522967001,1.95427790597602,4.0676790206930304,0.137671215808512,-0.06307285491655458,0.08509849117876227,4.0,tracking,1,0.1,1,0,1,force_bus_tool_compensated,4,phathom_s_scan:tracking t=20.59 contact=1 vz_cmd=+0.1
916356.533958485,916356.531794636,26545,1788822022.4933505,-0.5923509454435549,1.793395610115671,4.198956062104616,0.11920722674599668,-0.06502103134632602,0.07052206413806462,4.0,tracking,1,-0.3,1,0,1,force_bus_tool_compensated,4,phathom_s_scan:tracking t=20.60 contact=1 vz_cmd=-0.3
916356.543996179,916356.541589304,26547,1788822022.503143,-0.4440449265842019,1.7077824241822475,4.2516176407087105,0.10424678959571326,-0.0709610818217509,0.07182439294073843,4.0,tracking,1,-1.3,1,0,1,force_bus_tool_compensated,4,phathom_s_scan:tracking t=20.61 contact=1 vz_cmd=-1.3
916356.554004767,916356.551814638,26549,1788822022.5133715,-1.0083549126906446,2.1119429726246635,4.046258620813584,0.1332978473544189,-0.03371691638500956,0.08841395696293342,4.0,tracking,1,-0.9,1,0,1,force_bus_tool_compensated,4,phathom_s_scan:tracking t=20.62 contact=1 vz_cmd=-0.9
916356.563980294,916356.561673703,26551,1788822022.5232303,-0.49562112672230496,2.0249269295728154,4.136188831587906,0.12376005411779302,-0.06397182708328684,0.07976934857910403,4.0,tracking,1,-0.7,1,0,1,force_bus_tool_compensated,4,phathom_s_scan:tracking t=20.63 contact=1 vz_cmd=-0.7
916356.57396688,916356.571426297,26553,1788822022.5329826,-0.8250851688167311,2.1351920461837763,4.282552325174889,0.12122493055469996,-0.05027907125018746,0.08228018506442819,4.0,tracking,1,-1.5,1,0,1,force_bus_tool_compensated,4,phathom_s_scan:tracking t=20.64 contact=1 vz_cmd=-1.5
916356.583977537,916356.581701783,26555,1788822022.5432565,-0.5434109647102368,2.1064181657720873,3.9141784889756672,0.11200565667939945,-0.05053007938655842,0.07737567684692445,4.0,tracking,1,-1.2,1,0,1,force_bus_tool_compensated,4,phathom_s_scan:tracking t=20.65 contact=1 vz_cmd=-1.2
916356.59399191,916356.591563384,26557,1788822022.5531209,-0.45623361531387374,1.982271011909266,4.1926002829350875,0.10877616009476081,-0.05727520643479208,0.07582116627749338,4.0,tracking,1,-1.1,1,0,1,force_bus_tool_compensated,4,phathom_s_scan:tracking t=20.66 contact=1 vz_cmd=-1.1
916356.60398294,916356.601671748,26559,1788822022.563228,-0.29185973057055703,2.214286136803875,4.2456407386748705,0.11577642349311364,-0.07322859473861833,0.07795177671218415,4.0,tracking,1,-2.1,1,0,1,force_bus_tool_compensated,4,phathom_s_scan:tracking t=20.67 contact=1 vz_cmd=-2.1
916356.613964609,916356.611628089,26561,1788822022.5731816,-0.5228733438313606,2.126635386643072,4.0533109415037085,0.11135341469093125,-0.04653712666916853,0.07483969572132276,4.0,tracking,1,-1.7,1,0,1,force_bus_tool_compensated,4,phathom_s_scan:tracking t=20.68 contact=1 vz_cmd=-1.7
916356.623982923,916356.622059774,26563,1788822022.5836124,-0.5123940937949913,2.373595568090884,4.074615482038036,0.12946805623192956,-0.04921843779974293,0.08185809336105174,4.0,tracking,1,-1.1,1,0,1,force_bus_tool_compensated,4,phathom_s_scan:tracking t=20.69 contact=1 vz_cmd=-1.1
916356.633961313,916356.631596785,26565,1788822022.593151,-0.3096819132430255,2.0601312115167345,4.203920829435187,0.09803827020140318,-0.06712178098971353,0.06316421438123487,4.0,tracking,1,-1.6,1,0,1,force_bus_tool_compensated,4,phathom_s_scan:tracking t=20.70 contact=1 vz_cmd=-1.6
916356.643968351,916356.641595973,26567,1788822022.6031508,-0.364173454669112,2.0805514379840204,3.850447334233281,0.11029847263592,-0.05214304615822136,0.07641566461557157,4.0,tracking,1,-1.0,1,0,1,force_bus_tool_compensated,4,phathom_s_scan:tracking t=20.71 contact=1 vz_cmd=-1.0
916356.653980319,916356.651663573,26569,1788822022.613221,-0.4603894149184813,2.2390717878961133,3.9124139016890997,0.12308324978651647,-0.045348554440425945,0.07588077631622599,4.0,tracking,1,-0.4,1,0,1,force_bus_tool_compensated,4,phathom_s_scan:tracking t=20.72 contact=1 vz_cmd=-0.4
916356.663989016,916356.661509103,26571,1788822022.6230648,-0.15125381195563525,2.079842701014156,4.151755826379191,0.12183301567131952,-0.07616491907424883,0.08567105278692158,4.0,tracking,1,-0.4,1,0,1,force_bus_tool_compensated,4,phathom_s_scan:tracking t=20.73 contact=1 vz_cmd=-0.4
916356.673965246,916356.671802275,26573,1788822022.6333575,-0.4015660646568169,2.088109077710655,4.121990823912125,0.11223505447973077,-0.06325509545730618,0.07487185086729306,4.0,tracking,1,-0.6,1,0,1,force_bus_tool_compensated,4,phathom_s_scan:tracking t=20.74 contact=1 vz_cmd=-0.6
916356.683962767,916356.681892044,26575,1788822022.6434486,-0.5172517131111269,2.2846879600725667,3.693234541492669,0.12029258880102738,-0.04242928351453,0.08722881111000107,4.0,tracking,1,0.6,1,0,1,force_bus_tool_compensated,4,phathom_s_scan:tracking t=20.75 contact=1 vz_cmd=+0.6
916356.693981019,916356.691639974,26577,1788822022.6531968,-0.44033740950654177,2.039495602229415,3.8301387085124654,0.10422851019663631,-0.05522108308362243,0.07176623897760272,4.0,tracking,1,1.1,1,0,1,force_bus_tool_compensated,4,phathom_s_scan:tracking t=20.76 contact=1 vz_cmd=+1.1
916356.703974883,916356.701913376,26579,1788822022.6634681,-0.44251128632759995,2.1193786565309427,3.9251808745418235,0.11140180099556984,-0.051634232992069026,0.07321286736257171,4.0,tracking,1,0.7,1,0,1,force_bus_tool_compensated,4,phathom_s_scan:tracking t=20.77 contact=1 vz_cmd=+0.7
916356.713963339,916356.711695724,26581,1788822022.6732454,-0.2398434505041409,1.9397055393144904,3.888649787905556,0.09953714599917826,-0.061513170443439034,0.06354112058563045,4.0,tracking,1,0.5,1,0,1,force_bus_tool_compensated,4,phathom_s_scan:tracking t=20.78 contact=1 vz_cmd=+0.5
916356.723980293,916356.721485842,26583,1788822022.6830435,-0.5097710632566304,2.0461627483303286,3.7849909914170254,0.11388458188735104,-0.04397867678628202,0.08024476942772374,4.0,tracking,1,1.1,1,0,1,force_bus_tool_compensated,4,phathom_s_scan:tracking t=20.79 contact=1 vz_cmd=+1.1
916356.733957246,916356.731437604,26585,1788822022.6929905,-0.2467268863550205,1.9090780127584766,3.9868285591037798,0.10994927930415554,-0.06681994865015424,0.06251761749303233,4.0,tracking,1,0.7,1,0,1,force_bus_tool_compensated,4,phathom_s_scan:tracking t=20.80 contact=1 vz_cmd=+0.7
916356.743967911,916356.741534694,26587,1788822022.703091,-0.3395165816788155,2.2110967926728438,3.8875356292240744,0.12647451218166533,-0.06317722600626725,0.07599444285740592,4.0,tracking,1,0.5,1,0,1,force_bus_tool_compensated,4,phathom_s_scan:tracking t=20.81 contact=1 vz_cmd=+0.5
916356.753958806,916356.751649256,26589,1788822022.7132041,-0.29676179815592785,1.9829104386667424,3.646370818298078,0.09643438047658567,-0.0462040164136043,0.0657015641921957,4.0,tracking,1,1.7,1,0,1,force_bus_tool_compensated,4,phathom_s_scan:tracking t=20.82 contact=1 vz_cmd=+1.7
916356.763979053,916356.76141373,26591,1788822022.7229657,-0.2632085667269841,2.000565333334593,3.8188414358462373,0.1157662612916412,-0.056887095050278155,0.07526941318445458,4.0,tracking,1,2.1,1,0,1,force_bus_tool_compensated,4,phathom_s_scan:tracking t=20.83 contact=1 vz_cmd=+2.1
916356.773988463,916356.771602596,26593,1788822022.7331567,-0.23649817312028,1.962036758738754,4.113647970166306,0.11795854745465797,-0.07426354926622686,0.06638418698319298,4.0,tracking,1,1.4,1,0,1,force_bus_tool_compensated,4,phathom_s_scan:tracking t=20.85 contact=1 vz_cmd=+1.4
916356.783959131,916356.781626701,26595,1788822022.7431822,-0.3927191582538556,2.013380794845844,3.7199478461494433,0.11871611488323626,-0.051929205539277906,0.0849101401717815,4.0,tracking,1,1.6,1,0,1,force_bus_tool_compensated,4,phathom_s_scan:tracking t=20.85 contact=1 vz_cmd=+1.6
916356.793959233,916356.791636255,26597,1788822022.753193,-0.5143065704360237,2.0195803767531855,3.57606563181689,0.1131178635430442,-0.04485943287189008,0.0738205843077777,4.0,tracking,1,3.2,1,0,1,force_bus_tool_compensated,4,phathom_s_scan:tracking t=20.86 contact=1 vz_cmd=+3.2
916356.803984011,916356.801446043,26599,1788822022.7630024,-0.09297064669094635,1.8954862638295544,3.8668585771604893,0.11303405577191455,-0.06701157736816087,0.07618676026528565,4.0,tracking,1,2.8,1,0,1,force_bus_tool_compensated,4,phathom_s_scan:tracking t=20.87 contact=1 vz_cmd=+2.8
916356.813981908,916356.811573284,26601,1788822022.773128,-0.47531315206404523,1.6907582409888564,3.8145397952099787,0.10387790659370562,-0.060806308485238394,0.06774533730430315,4.0,tracking,1,2.3,1,0,1,force_bus_tool_compensated,4,phathom_s_scan:tracking t=20.89 contact=1 vz_cmd=+2.3
916356.823956906,916356.821490619,26603,1788822022.7830462,0.002202926742002509,1.8075214245371582,4.00034282723517,0.11624009839947846,-0.09477899355521109,0.0763862921583595,4.0,tracking,1,1.6,1,0,1,force_bus_tool_compensated,4,phathom_s_scan:tracking t=20.89 contact=1 vz_cmd=+1.6
916356.833989981,916356.831409665,26605,1788822022.7929623,-0.1644758394276915,2.032628963967538,4.005596825584882,0.14026288430799252,-0.0793064161211815,0.08227038735216086,4.0,tracking,1,1.0,1,0,1,force_bus_tool_compensated,4,phathom_s_scan:tracking t=20.90 contact=1 vz_cmd=+1.0
916356.843965947,916356.841501414,26607,1788822022.803057,-0.27666788076886717,2.053870774857896,3.9347630255459602,0.13366079630829536,-0.07435456907869686,0.08424216784903696,4.0,tracking,1,0.7,1,0,1,force_bus_tool_compensated,4,phathom_s_scan:tracking t=20.91 contact=1 vz_cmd=+0.7
916356.85399067,916356.851396547,26609,1788822022.8129528,-0.46274252656431925,1.9089158626973393,3.832302941929031,0.10813398892770912,-0.04785857962723966,0.0719112630370094,4.0,tracking,1,0.7,1,0,1,force_bus_tool_compensated,4,phathom_s_scan:tracking t=20.92 contact=1 vz_cmd=+0.7
916356.863989808,916356.861421413,26611,1788822022.8229787,-0.2884677641549662,2.1643014063606008,3.820528828901503,0.12351280279806978,-0.06360234133970717,0.07959504097718967,4.0,tracking,1,1.1,1,0,1,force_bus_tool_compensated,4,phathom_s_scan:tracking t=20.93 contact=1 vz_cmd=+1.1
916356.873972902,916356.871482291,26613,1788822022.8330379,-0.38150085650042054,1.8681563961732688,4.006845848221505,0.10482883560697792,-0.05603324557275732,0.0659241470102901,4.0,tracking,1,0.7,1,0,1,force_bus_tool_compensated,4,phathom_s_scan:tracking t=20.95 contact=1 vz_cmd=+0.7
916356.883984212,916356.881410191,26615,1788822022.842969,-0.3606570512553542,1.984364188374669,4.026822706110727,0.11993968844377251,-0.05630927355852357,0.0820142607865173,4.0,tracking,1,0.5,1,0,1,force_bus_tool_compensated,4,phathom_s_scan:tracking t=20.95 contact=1 vz_cmd=+0.5
916356.893961357,916356.891374758,26617,1788822022.8529317,-0.5904084876860147,1.9479111286057826,3.839145163690317,0.1168951183839676,-0.05170735696963915,0.08100290052247341,4.0,tracking,1,0.7,1,0,1,force_bus_tool_compensated,4,phathom_s_scan:tracking t=20.96 contact=1 vz_cmd=+0.7
916356.903995336,916356.901422168,26619,1788822022.8629777,-0.2823262529307833,2.1472224660401475,4.174371956733149,0.13584982547386756,-0.07461631506978601,0.08086825992826072,4.0,tracking,1,0.3,1,0,1,force_bus_tool_compensated,4,phathom_s_scan:tracking t=20.97 contact=1 vz_cmd=+0.3
916356.913992477,916356.911331055,26621,1788822022.8728888,-0.3912710806561601,2.1477203581121516,4.019291904438207,0.127269301740198,-0.05831891869593047,0.07764211570863104,4.0,tracking,1,0.2,1,0,1,force_bus_tool_compensated,4,phathom_s_scan:tracking t=20.98 contact=1 vz_cmd=+0.2
916356.92398949,916356.921296221,26623,1788822022.8828526,-0.23138129715544853,2.258929844490031,3.7611338522974753,0.13416547739950552,-0.05592310385294306,0.0772699396981094,4.0,tracking,1,0.6,1,0,1,force_bus_tool_compensated,4,phathom_s_scan:tracking t=21.00 contact=1 vz_cmd=+0.6
916356.933986442,916356.931503142,26625,1788822022.8930597,-0.22649998955267492,2.167202709918425,3.9691623412492003,0.11885923650286256,-0.06628324543101954,0.07694494493335156,4.0,tracking,1,0.5,1,0,1,force_bus_tool_compensated,4,phathom_s_scan:tracking t=21.00 contact=1 vz_cmd=+0.5
916356.943990382,916356.941603431,26627,1788822022.903156,-0.03541996146383597,2.121111730431584,3.9804289625862204,0.11268965639200679,-0.06874960256798868,0.06928827130509704,4.0,tracking,1,0.3,1,0,1,force_bus_tool_compensated,4,phathom_s_scan:tracking t=21.01 contact=1 vz_cmd=+0.3
916356.953992328,916356.951580468,26629,1788822022.9131377,-0.18553789309677082,1.91792320748666,3.857824214317155,0.09382511363931144,-0.06519998552113444,0.06170242864906379,4.0,tracking,1,0.3,1,0,1,force_bus_tool_compensated,4,phathom_s_scan:tracking t=21.02 contact=1 vz_cmd=+0.3
916356.963991781,916356.961582655,26631,1788822022.9231405,-0.21059077247117775,2.1444303180440913,3.8044589777359166,0.10873713349162709,-0.06444829044455214,0.07585845874032077,4.0,tracking,1,0.9,1,0,1,force_bus_tool_compensated,4,phathom_s_scan:tracking t=21.03 contact=1 vz_cmd=+0.9
916356.97396931,916356.971872084,26633,1788822022.9334235,-0.2567955251946261,2.2253061062720403,3.9795027366871416,0.1174030437157168,-0.06664222698071769,0.07229396944881758,4.0,tracking,1,0.6,1,0,1,force_bus_tool_compensated,4,phathom_s_scan:tracking t=21.05 contact=1 vz_cmd=+0.6
916356.983962316,916356.981498028,26635,1788822022.9430547,-0.27713103806787953,2.2964461211288087,3.914187237920333,0.12984813590473995,-0.054653495376178134,0.08627992867285979,4.0,tracking,1,0.4,1,0,1,force_bus_tool_compensated,4,phathom_s_scan:tracking t=21.05 contact=1 vz_cmd=+0.4
916356.993976764,916356.991433271,26637,1788822022.9529896,-0.24392809445622876,2.2311517346843543,3.9328899173339487,0.11850863209544274,-0.06457416152945894,0.07524808920099446,4.0,tracking,1,0.4,1,0,1,force_bus_tool_compensated,4,phathom_s_scan:tracking t=21.06 contact=1 vz_cmd=+0.4
916357.003986138,916357.001429743,26639,1788822022.9629853,0.004267346091104907,2.179016484085913,4.00977328045173,0.11036953682796144,-0.0780645477437978,0.07079668122298047,4.0,tracking,1,0.3,1,0,1,force_bus_tool_compensated,4,phathom_s_scan:tracking t=21.07 contact=1 vz_cmd=+0.3
916357.013975739,916357.011425755,26641,1788822022.9729826,-0.33373226001191814,2.112520560736109,3.946066426187829,0.09715748743176446,-0.05466360769749931,0.06701255631344236,4.0,tracking,1,0.2,1,0,1,force_bus_tool_compensated,4,phathom_s_scan:tracking t=21.09 contact=1 vz_cmd=+0.2
916357.023959501,916357.021628334,26643,1788822022.983185,-0.10873168302050629,2.290501609965202,4.049215564170703,0.11981622235149833,-0.0722742118547286,0.07771266105491284,4.0,tracking,1,0.1,1,0,1,force_bus_tool_compensated,4,phathom_s_scan:tracking t=21.10 contact=1 vz_cmd=+0.1
916357.033976209,916357.031402902,26645,1788822022.9929597,-0.3939217075936716,2.165524084951025,3.913987566340734,0.103517433783922,-0.05379994998421401,0.06328588613215577,4.0,tracking,1,0.1,1,0,1,force_bus_tool_compensated,4,phathom_s_scan:tracking t=21.10 contact=1 vz_cmd=+0.1
916357.043959849,916357.041373065,26647,1788822023.00293,-0.2063411183724988,2.12139212189491,3.9008425481961364,0.10850668501488872,-0.06691691218346402,0.07401415726104965,4.0,tracking,1,0.1,1,0,1,force_bus_tool_compensated,4,phathom_s_scan:tracking t=21.12 contact=1 vz_cmd=+0.1
916357.053982261,916357.051275855,26649,1788822023.0128286,-0.4058809343882077,2.262575600051469,4.00506058376588,0.11939116792525653,-0.057240734821981894,0.07149220499403558,4.0,tracking,1,0.1,1,0,1,force_bus_tool_compensated,4,phathom_s_scan:tracking t=21.12 contact=1 vz_cmd=+0.1
916357.063970062,916357.061348814,26651,1788822023.0229053,-0.1548464502604694,2.217657719961412,4.096291833624614,0.12183374658380636,-0.07637578911591501,0.08109892642847838,4.0,tracking,1,0.0,1,0,1,force_bus_tool_compensated,4,phathom_s_scan:tracking t=21.13 contact=1 vz_cmd=+0.0
916357.073979324,916357.071671403,26653,1788822023.0332284,-0.4204671799065116,2.2237064697008053,3.9065163375297045,0.11310440485464943,-0.05509383282488709,0.07069310528946997,4.0,tracking,1,0.0,1,0,1,force_bus_tool_compensated,4,phathom_s_scan:tracking t=21.15 contact=1 vz_cmd=+0.0
916357.083958292,916357.081462058,26655,1788822023.0430188,-0.0434405182168045,2.19724505406945,4.009171847871323,0.12362228179648098,-0.07600301569214658,0.07744616728559159,4.0,tracking,1,0.0,1,0,1,force_bus_tool_compensated,4,phathom_s_scan:tracking t=21.15 contact=1 vz_cmd=+0.0
916357.09397972,916357.091413316,26657,1788822023.0529702,-0.433058230140692,2.245898577219007,3.7252481399790316,0.09509400833393128,-0.05051640561214616,0.07155123520668207,4.0,tracking,1,0.7,1,0,1,force_bus_tool_compensated,4,phathom_s_scan:tracking t=21.16 contact=1 vz_cmd=+0.7
916357.103962776,916357.101376197,26659,1788822023.062932,0.11693942613202912,2.182793065247262,4.077113209127432,0.10932416978586744,-0.09258727177457762,0.07253136752131165,4.0,tracking,1,0.5,1,0,1,force_bus_tool_compensated,4,phathom_s_scan:tracking t=21.17 contact=1 vz_cmd=+0.5
916357.113983038,916357.111571904,26661,1788822023.0731275,-0.16304014021706847,2.082344027198218,3.9097389262717845,0.10165335687568647,-0.0689202772155057,0.06848202056225486,4.0,tracking,1,0.3,1,0,1,force_bus_tool_compensated,4,phathom_s_scan:tracking t=21.18 contact=1 vz_cmd=+0.3
916357.123954916,916357.121362499,26663,1788822023.082917,-0.17037903042862834,2.4826399412034887,3.9498571057083876,0.13046180003079277,-0.073730839281245,0.07792466850957702,4.0,tracking,1,0.2,1,0,1,force_bus_tool_compensated,4,phathom_s_scan:tracking t=21.19 contact=1 vz_cmd=+0.2
916357.133981183,916357.131486551,26665,1788822023.093043,-0.269506080240564,2.2594951048873644,3.951026549663096,0.1132534517574218,-0.05872831849641248,0.0756875287535237,4.0,tracking,1,0.2,1,0,1,force_bus_tool_compensated,4,phathom_s_scan:tracking t=21.20 contact=1 vz_cmd=+0.2
916357.144019684,916357.141599631,26667,1788822023.1031528,-0.1181136883335232,2.405339834309261,3.9785100229337487,0.12137637168941633,-0.0709858417929606,0.07883638464516857,4.0,tracking,1,0.1,1,0,1,force_bus_tool_compensated,4,phathom_s_scan:tracking t=21.21 contact=1 vz_cmd=+0.1
916357.153990355,916357.151484742,26669,1788822023.1130342,-0.16864912906518081,2.311100745868689,3.9064882743056,0.10584346270452721,-0.06255136962732015,0.06651164129705943,4.0,tracking,1,0.1,1,0,1,force_bus_tool_compensated,4,phathom_s_scan:tracking t=21.22 contact=1 vz_cmd=+0.1
916357.163977437,916357.161293994,26671,1788822023.1228518,-0.16281241479729647,2.3764892665493123,3.8855498070065355,0.11334457082472824,-0.0678902618330426,0.08118070660253943,4.0,tracking,1,0.1,1,0,1,force_bus_tool_compensated,4,phathom_s_scan:tracking t=21.23 contact=1 vz_cmd=+0.1
916357.173965181,916357.171817658,26673,1788822023.1333687,-0.20882696953852586,2.2838886184606526,3.9138178353599926,0.113119300180181,-0.060316030238386574,0.06915370684176318,4.0,tracking,1,0.1,1,0,1,force_bus_tool_compensated,4,phathom_s_scan:tracking t=21.25 contact=1 vz_cmd=+0.1
916357.183964137,916357.18145749,26675,1788822023.1430156,-0.15342216813774123,2.4063878437664283,3.9207381525982505,0.11969069867134544,-0.06544329307866252,0.07697154594265739,4.0,tracking,1,0.1,1,0,1,force_bus_tool_compensated,4,phathom_s_scan:tracking t=21.25 contact=1 vz_cmd=+0.1
916357.193992014,916357.191709125,26677,1788822023.1532655,-0.24084277872307336,2.4543590517192078,3.851797043323785,0.11375847091403088,-0.05507339968142663,0.07421612304209986,4.0,tracking,1,0.2,1,0,1,force_bus_tool_compensated,4,phathom_s_scan:tracking t=21.26 contact=1 vz_cmd=+0.2
916357.203972586,916357.201406751,26679,1788822023.162958,-0.14392736390086358,2.309485814485655,3.934651572921683,0.11094622238838177,-0.06249334486982285,0.07425359379568086,4.0,tracking,1,0.2,1,0,1,force_bus_tool_compensated,4,phathom_s_scan:tracking t=21.27 contact=1 vz_cmd=+0.2
916357.21398102,916357.211444283,26681,1788822023.1730013,-0.3276922279703769,2.265682664272562,4.05891403327987,0.10303593077041166,-0.056173390551384594,0.06817671800803071,4.0,tracking,1,0.1,1,0,1,force_bus_tool_compensated,4,phathom_s_scan:tracking t=21.29 contact=1 vz_cmd=+0.1
916357.223958223,916357.22128784,26683,1788822023.182846,-0.3148796682223103,2.3337027215571524,3.992347684307255,0.11615661494842192,-0.06009420543082153,0.08053261841775058,4.0,tracking,1,0.1,1,0,1,force_bus_tool_compensated,4,phathom_s_scan:tracking t=21.30 contact=1 vz_cmd=+0.1
916357.233966869,916357.231580395,26685,1788822023.1931348,-0.4594669413701489,2.0735648715197796,3.9487655460796716,0.09735389131411915,-0.045084536846685036,0.0627008823830064,4.0,tracking,1,0.1,1,0,1,force_bus_tool_compensated,4,phathom_s_scan:tracking t=21.30 contact=1 vz_cmd=+0.1
916357.24395853,916357.241571657,26687,1788822023.2031288,-0.4193398330549647,2.2580501765350043,3.8769118749113938,0.1157002074047214,-0.058090648797739924,0.09221008333949646,4.0,tracking,1,0.1,1,0,1,force_bus_tool_compensated,4,phathom_s_scan:tracking t=21.32 contact=1 vz_cmd=+0.1
916357.253956547,916357.251538723,26689,1788822023.2130954,-0.5576911394786395,2.0021358974554757,4.141414774438098,0.10997290467258963,-0.06269213812670979,0.07356911447450282,4.0,tracking,1,-0.0,1,0,1,force_bus_tool_compensated,4,phathom_s_scan:tracking t=21.32 contact=1 vz_cmd=-0.0
916357.263991752,916357.261336384,26691,1788822023.222893,-0.39223310951403034,2.043588210352193,4.017341532924932,0.11769196722662956,-0.07327988208203003,0.0803498697344551,4.0,tracking,1,-0.2,1,0,1,force_bus_tool_compensated,4,phathom_s_scan:tracking t=21.33 contact=1 vz_cmd=-0.2
916357.273979853,916357.271409285,26693,1788822023.2329667,-0.5357505637287836,1.8801714253748711,4.0516269254455075,0.10782395200575083,-0.0620512913197148,0.07085858137703985,4.0,tracking,1,-0.1,1,0,1,force_bus_tool_compensated,4,phathom_s_scan:tracking t=21.35 contact=1 vz_cmd=-0.1
916357.283960787,916357.281362688,26695,1788822023.2429197,-0.4795302090085525,1.8616512279571993,4.039132648566235,0.11089862474414675,-0.07701077968987702,0.0742126933024934,4.0,tracking,1,-0.1,1,0,1,force_bus_tool_compensated,4,phathom_s_scan:tracking t=21.35 contact=1 vz_cmd=-0.1
916357.293983708,916357.29125828,26697,1788822023.2528162,-0.6443819544083647,2.016204793705755,4.0660709602639535,0.12595543853298624,-0.06510360201180383,0.07564587421631933,4.0,tracking,1,-0.0,1,0,1,force_bus_tool_compensated,4,phathom_s_scan:tracking t=21.36 contact=1 vz_cmd=-0.0
916357.303958735,916357.301292808,26699,1788822023.2628498,-0.5947099816820005,2.1834706991980934,4.016934481454694,0.13525697694099195,-0.06453916135378955,0.08996157031874791,4.0,tracking,1,-0.0,1,0,1,force_bus_tool_compensated,4,phathom_s_scan:tracking t=21.37 contact=1 vz_cmd=-0.0
916357.313992446,916357.311524821,26701,1788822023.2730808,-0.6759567312789492,2.1741144591024497,4.103532401725298,0.12759333085838587,-0.05929859590193086,0.07803515936616222,4.0,tracking,1,-0.0,1,0,1,force_bus_tool_compensated,4,phathom_s_scan:tracking t=21.38 contact=1 vz_cmd=-0.0
916357.323962185,916357.32132249,26703,1788822023.2828798,-0.607369664647142,2.323371699114786,3.975061474041066,0.13140565359902714,-0.05880889166882872,0.08184012794989107,4.0,tracking,1,-0.0,1,0,1,force_bus_tool_compensated,4,phathom_s_scan:tracking t=21.40 contact=1 vz_cmd=-0.0
916357.334014757,916357.331385058,26705,1788822023.2929416,-0.5881951941896137,2.1393175988967585,4.128114822122944,0.11503301617498535,-0.05323646064934446,0.073006539396575,4.0,tracking,1,-0.1,1,0,1,force_bus_tool_compensated,4,phathom_s_scan:tracking t=21.40 contact=1 vz_cmd=-0.1
916357.343998435,916357.341580627,26707,1788822023.3031352,-0.4484114950137714,2.261012360831293,4.005804620004179,0.1196189498618764,-0.06283196926242651,0.0838302561826714,4.0,tracking,1,-0.0,1,0,1,force_bus_tool_compensated,4,phathom_s_scan:tracking t=21.41 contact=1 vz_cmd=-0.0
916357.353972412,916357.351378371,26709,1788822023.3129287,-0.5502358156396645,2.1311951228392934,4.066194323884959,0.10762912353059136,-0.05419628671401325,0.06887913618711593,4.0,tracking,1,-0.0,1,0,1,force_bus_tool_compensated,4,phathom_s_scan:tracking t=21.42 contact=1 vz_cmd=-0.0
916357.363985943,916357.36133418,26711,1788822023.3228917,-0.42771853497725276,2.2750157561186577,4.042003210588537,0.12302009822419122,-0.06555935501302243,0.08780802274949913,4.0,tracking,1,-0.0,1,0,1,force_bus_tool_compensated,4,phathom_s_scan:tracking t=21.43 contact=1 vz_cmd=-0.0
916357.37399857,916357.371421393,26713,1788822023.3329742,-0.4550510024497909,2.149191221477333,4.130665694573797,0.10681218583888709,-0.05807277025753953,0.060532959891522825,4.0,tracking,1,-0.1,1,0,1,force_bus_tool_compensated,4,phathom_s_scan:tracking t=21.45 contact=1 vz_cmd=-0.1
916357.383979497,916357.381417165,26715,1788822023.3429744,-0.32747501260762935,2.275712017816882,4.043696408522188,0.11517436791701004,-0.06555835790634379,0.07956085538620172,4.0,tracking,1,-0.1,1,0,1,force_bus_tool_compensated,4,phathom_s_scan:tracking t=21.45 contact=1 vz_cmd=-0.1
916357.393955302,916357.391350378,26717,1788822023.352909,-0.31697167340208443,2.244179060182779,3.9824475483224813,0.1087464255895346,-0.0585941094687542,0.06967929708196971,4.0,tracking,1,-0.1,1,0,1,force_bus_tool_compensated,4,phathom_s_scan:tracking t=21.46 contact=1 vz_cmd=-0.1
916357.403997527,916357.40155823,26719,1788822023.3631113,-0.25734786371227325,2.4784399032227,4.145282900612013,0.12334598137101159,-0.06670324684027396,0.08165330977789227,4.0,tracking,1,-0.1,1,0,1,force_bus_tool_compensated,4,phathom_s_scan:tracking t=21.47 contact=1 vz_cmd=-0.1
916357.413986474,916357.411712056,26721,1788822023.3732698,-0.2777666627014579,2.3405981896792842,3.8449349047394543,0.10518668101798094,-0.05420269531919574,0.07372582013354646,4.0,tracking,1,0.0,1,0,1,force_bus_tool_compensated,4,phathom_s_scan:tracking t=21.48 contact=1 vz_cmd=+0.0
916357.423969982,916357.42146589,26723,1788822023.3830218,-0.2001242347383987,2.386091584720433,3.91277077338164,0.11058584804564048,-0.05968246337032638,0.0749922558334907,4.0,tracking,1,0.1,1,0,1,force_bus_tool_compensated,4,phathom_s_scan:tracking t=21.50 contact=1 vz_cmd=+0.1
916357.434004336,916357.431927305,26725,1788822023.3934803,-0.3739026943611754,2.383497465099084,3.897977108512446,0.11826364725829079,-0.04944050426256393,0.07427296915356646,4.0,tracking,1,0.1,1,0,1,force_bus_tool_compensated,4,phathom_s_scan:tracking t=21.50 contact=1 vz_cmd=+0.1
916357.444005109,916357.441295983,26727,1788822023.4028492,-0.15236072112332222,2.6446151827241313,3.9074276990667305,0.1358948335259785,-0.06746651965811491,0.08859376690363552,4.0,tracking,1,0.1,1,0,1,force_bus_tool_compensated,4,phathom_s_scan:tracking t=21.51 contact=1 vz_cmd=+0.1
916357.453993064,916357.451560871,26729,1788822023.4131181,-0.37885090174826974,2.449843286921855,3.7836077334953475,0.12086976840063096,-0.0443892562166608,0.07305746387396175,4.0,tracking,1,0.5,1,0,1,force_bus_tool_compensated,4,phathom_s_scan:tracking t=21.52 contact=1 vz_cmd=+0.5
916357.463995364,916357.461551154,26731,1788822023.4231007,-0.1484022972587049,2.21992857969168,3.8117079035113113,0.11093916217912965,-0.059334122563671585,0.07743093982399399,4.0,tracking,1,1.0,1,0,1,force_bus_tool_compensated,4,phathom_s_scan:tracking t=21.53 contact=1 vz_cmd=+1.0
916357.473971513,916357.471284447,26733,1788822023.4328418,-0.17015745993980613,2.178556671314109,3.915887453467741,0.10402825618223084,-0.0668983768055386,0.069401854213782,4.0,tracking,1,0.7,1,0,1,force_bus_tool_compensated,4,phathom_s_scan:tracking t=21.55 contact=1 vz_cmd=+0.7
916357.483980381,916357.481553732,26735,1788822023.4431105,-0.1876205806131397,2.0271948471176864,3.842710969638949,0.0951715721205939,-0.06199768114648869,0.0689524252879622,4.0,tracking,1,0.6,1,0,1,force_bus_tool_compensated,4,phathom_s_scan:tracking t=21.55 contact=1 vz_cmd=+0.6
916357.493993179,916357.491672571,26737,1788822023.453229,-0.4605512618192604,2.0490949483647776,3.7879147442275194,0.09022784600195254,-0.054644494932956644,0.06349904293617625,4.0,tracking,1,1.2,1,0,1,force_bus_tool_compensated,4,phathom_s_scan:tracking t=21.56 contact=1 vz_cmd=+1.2
916357.503964347,916357.501359323,26739,1788822023.4629173,-0.25410012335766896,2.3550218917949577,3.8978614694386486,0.11889314705832463,-0.06958086380084545,0.07477062071092097,4.0,tracking,1,0.9,1,0,1,force_bus_tool_compensated,4,phathom_s_scan:tracking t=21.57 contact=1 vz_cmd=+0.9
916357.513996684,916357.51167885,26741,1788822023.473234,-0.33750538294878507,2.232535220421031,4.010917765458763,0.10737758911985436,-0.05762689671511154,0.0685399949100074,4.0,tracking,1,0.6,1,0,1,force_bus_tool_compensated,4,phathom_s_scan:tracking t=21.58 contact=1 vz_cmd=+0.6
916357.523995929,916357.52129547,26743,1788822023.4828527,-0.24975350893750825,2.6343872088381013,3.861420272642458,0.13516687774568675,-0.06763772554080667,0.08942385176622797,4.0,tracking,1,0.5,1,0,1,force_bus_tool_compensated,4,phathom_s_scan:tracking t=21.59 contact=1 vz_cmd=+0.5
916357.53398034,916357.531515974,26745,1788822023.4930723,-0.23496143200708963,2.3897825240226043,3.8542823243436155,0.1131441301065376,-0.049898937029906276,0.06866385799926383,4.0,tracking,1,0.5,1,0,1,force_bus_tool_compensated,4,phathom_s_scan:tracking t=21.60 contact=1 vz_cmd=+0.5
916357.544003147,916357.541578965,26747,1788822023.5031352,-0.308738012655281,2.430966331772566,3.9549537516824467,0.11734786585650091,-0.05641233394589521,0.08039350384698501,4.0,tracking,1,0.4,1,0,1,force_bus_tool_compensated,4,phathom_s_scan:tracking t=21.61 contact=1 vz_cmd=+0.4
916357.553999758,916357.551657082,26749,1788822023.513214,-0.4095230058308843,2.221346004603415,3.8287452784260836,0.10209920020726898,-0.04575750929264874,0.06806849079493822,4.0,tracking,1,0.5,1,0,1,force_bus_tool_compensated,4,phathom_s_scan:tracking t=21.62 contact=1 vz_cmd=+0.5
916357.563980011,916357.561650609,26751,1788822023.5232053,-0.4573614481553292,2.3633616982473984,3.722500627620744,0.11554922897914466,-0.041823840848639326,0.08165210775688453,4.0,tracking,1,1.2,1,0,1,force_bus_tool_compensated,4,phathom_s_scan:tracking t=21.63 contact=1 vz_cmd=+1.2
916357.573974076,916357.571671257,26753,1788822023.5332236,-0.3851067582288463,2.1786666378149144,3.9250654331849413,0.1130457663412138,-0.05744300770967097,0.07180761419309903,4.0,tracking,1,1.1,1,0,1,force_bus_tool_compensated,4,phathom_s_scan:tracking t=21.64 contact=1 vz_cmd=+1.1
916357.583985794,916357.581470956,26755,1788822023.5430274,-0.3561338004596535,2.2216990306685336,3.9678577965995716,0.11292531150984522,-0.0640469535333482,0.0736330002342748,4.0,tracking,1,0.7,1,0,1,force_bus_tool_compensated,4,phathom_s_scan:tracking t=21.65 contact=1 vz_cmd=+0.7
916357.594006241,916357.59127993,26757,1788822023.552838,-0.4472471322735285,2.178690411900756,3.997246318605371,0.11046190781937631,-0.05671243597544342,0.07292437479012104,4.0,tracking,1,0.5,1,0,1,force_bus_tool_compensated,4,phathom_s_scan:tracking t=21.66 contact=1 vz_cmd=+0.5
916357.603976365,916357.601450868,26759,1788822023.5630045,-0.3580003046143754,2.4102890518001705,3.8923705512942837,0.12604126234677648,-0.05521102168410624,0.07887362305674359,4.0,tracking,1,0.4,1,0,1,force_bus_tool_compensated,4,phathom_s_scan:tracking t=21.67 contact=1 vz_cmd=+0.4
916357.613983027,916357.611374381,26761,1788822023.5729253,-0.3559782495098902,2.2588426454216064,3.8221496557801142,0.10236741931359271,-0.053071108253530896,0.06823813189565874,4.0,tracking,1,0.5,1,0,1,force_bus_tool_compensated,4,phathom_s_scan:tracking t=21.68 contact=1 vz_cmd=+0.5
916357.624020426,916357.621400021,26763,1788822023.5829551,-0.44215249085922337,2.4268476831481687,3.924200871808633,0.11660682304782975,-0.048326472979999986,0.08077987645402242,4.0,tracking,1,0.4,1,0,1,force_bus_tool_compensated,4,phathom_s_scan:tracking t=21.69 contact=1 vz_cmd=+0.4
916357.633969189,916357.631545045,26765,1788822023.5930982,-0.29702792487741303,2.117335299087418,3.9778487679799683,0.09263605856789103,-0.05409944606624202,0.061754205639895074,4.0,tracking,1,0.3,1,0,1,force_bus_tool_compensated,4,phathom_s_scan:tracking t=21.70 contact=1 vz_cmd=+0.3
916357.643979098,916357.641283943,26767,1788822023.6028419,-0.4506433871519675,2.461629455161568,3.803145790099263,0.11285304919605568,-0.050988830762395444,0.08179702114398722,4.0,tracking,1,0.7,1,0,1,force_bus_tool_compensated,4,phathom_s_scan:tracking t=21.71 contact=1 vz_cmd=+0.7
916357.653957515,916357.651445373,26769,1788822023.6130025,-0.3517596838455843,2.356332826345068,4.08599918164849,0.11117714907663818,-0.0578414871977897,0.06701229086663461,4.0,tracking,1,0.5,1,0,1,force_bus_tool_compensated,4,phathom_s_scan:tracking t=21.72 contact=1 vz_cmd=+0.5
916357.66397043,916357.661472603,26771,1788822023.6230254,-0.33614744018952636,2.3334236075147925,3.9279149459880993,0.11374249137049858,-0.05212186431316594,0.07944453048564085,4.0,tracking,1,0.4,1,0,1,force_bus_tool_compensated,4,phathom_s_scan:tracking t=21.73 contact=1 vz_cmd=+0.4
916357.673969287,916357.671321603,26773,1788822023.6328783,-0.42302536218282216,2.346716961687496,3.9010156487457914,0.10609053411362612,-0.045754611729957796,0.06384025062108915,4.0,tracking,1,0.3,1,0,1,force_bus_tool_compensated,4,phathom_s_scan:tracking t=21.74 contact=1 vz_cmd=+0.3
916357.683964559,916357.681364826,26775,1788822023.642923,-0.3583174490305254,2.315320487452318,3.777947538586995,0.11080374315556404,-0.05046071091063662,0.08509090616061243,4.0,tracking,1,0.7,1,0,1,force_bus_tool_compensated,4,phathom_s_scan:tracking t=21.75 contact=1 vz_cmd=+0.7
916357.69398712,916357.691672079,26777,1788822023.6532295,-0.3987749468729518,2.2120384145524046,3.886728755805735,0.10412086741819843,-0.048386655500195164,0.06835225223718137,4.0,tracking,1,0.5,1,0,1,force_bus_tool_compensated,4,phathom_s_scan:tracking t=21.76 contact=1 vz_cmd=+0.5
916357.703965418,916357.701438139,26779,1788822023.6629958,-0.38377863274483937,2.2029416742803107,3.722909202347335,0.1057231234847202,-0.052092282826128496,0.07549688109586417,4.0,tracking,1,1.5,1,0,1,force_bus_tool_compensated,4,phathom_s_scan:tracking t=21.77 contact=1 vz_cmd=+1.5
916357.713992422,916357.711457356,26781,1788822023.6730149,-0.5201058075567195,2.193087935692007,3.7997711559289034,0.10856562198719077,-0.04788635855560081,0.07083366415645814,4.0,tracking,1,1.4,1,0,1,force_bus_tool_compensated,4,phathom_s_scan:tracking t=21.78 contact=1 vz_cmd=+1.4
916357.723963964,916357.72146584,26783,1788822023.683021,-0.4810863404413188,1.944738000906212,3.7059894851909663,0.1019737431416051,-0.0531532073198572,0.0782078351064096,4.0,tracking,1,2.6,1,0,1,force_bus_tool_compensated,4,phathom_s_scan:tracking t=21.80 contact=1 vz_cmd=+2.6
916357.733979595,916357.731356103,26785,1788822023.6929138,-0.6399369573234508,2.090512501188161,3.7629791052064547,0.11249036835267846,-0.05623536224151775,0.07263389790023253,4.0,tracking,1,2.5,1,0,1,force_bus_tool_compensated,4,phathom_s_scan:tracking t=21.80 contact=1 vz_cmd=+2.5
916357.743967632,916357.741484717,26787,1788822023.703042,-0.467110065721807,2.0090235172811894,3.8315445059120403,0.11774931698655736,-0.06218529654308214,0.07593583375663034,4.0,tracking,1,2.0,1,0,1,force_bus_tool_compensated,4,phathom_s_scan:tracking t=21.81 contact=1 vz_cmd=+2.0
916357.753959153,916357.7513091,26789,1788822023.7128663,-0.7032446477269652,2.107437514618793,3.526133310978553,0.1111136467918038,-0.04119654902133767,0.07305877330993027,4.0,tracking,1,3.8,1,0,1,force_bus_tool_compensated,4,phathom_s_scan:tracking t=21.82 contact=1 vz_cmd=+3.8
916357.763955893,916357.761345689,26791,1788822023.722899,-0.4642069803533688,1.9264373280303326,3.599897745783352,0.10387741861247397,-0.058925876817547844,0.07262870541679667,4.0,tracking,1,4.8,1,0,1,force_bus_tool_compensated,4,phathom_s_scan:tracking t=21.83 contact=1 vz_cmd=+4.8
916357.773938997,916357.771402352,26793,1788822023.7329593,-0.722379870780248,1.943727542432778,3.5113721770896165,0.10740701636354963,-0.03671383788206912,0.07333275426692433,4.0,tracking,1,6.1,1,0,1,force_bus_tool_compensated,4,phathom_s_scan:tracking t=21.84 contact=1 vz_cmd=+6.1
916357.783987132,916357.781240442,26795,1788822023.7427983,-0.5000478920355698,1.9564877090714137,3.6019459369898623,0.11572879696862194,-0.058065547559185166,0.08099953389497082,4.0,tracking,1,6.4,1,0,1,force_bus_tool_compensated,4,phathom_s_scan:tracking t=21.85 contact=1 vz_cmd=+6.4
916357.79399709,916357.791427847,26797,1788822023.7529843,-0.6583906493107796,2.1553119341740317,3.762483817081653,0.1254057537380684,-0.055276160207718826,0.07914419655041749,4.0,tracking,1,5.7,1,0,1,force_bus_tool_compensated,4,phathom_s_scan:tracking t=21.86 contact=1 vz_cmd=+5.7
916357.8040301,916357.801489512,26799,1788822023.7630444,-0.447071224867821,2.1149093024138264,3.790680598327319,0.11498816811335237,-0.06143163768603312,0.07543004280028515,4.0,tracking,1,4.2,1,0,1,force_bus_tool_compensated,4,phathom_s_scan:tracking t=21.87 contact=1 vz_cmd=+4.2
916357.813963099,916357.81143347,26801,1788822023.7729886,-0.566622426171322,2.1280366521913705,3.806365280395111,0.10623278371662999,-0.04443073023692746,0.06973877324218604,4.0,tracking,1,3.5,1,0,1,force_bus_tool_compensated,4,phathom_s_scan:tracking t=21.88 contact=1 vz_cmd=+3.5
916357.823967907,916357.821380509,26803,1788822023.7829375,-0.3855376622086113,2.192942955072994,3.7210364577090798,0.10604660550407001,-0.06340099677064472,0.08180256507015193,4.0,tracking,1,3.5,1,0,1,force_bus_tool_compensated,4,phathom_s_scan:tracking t=21.90 contact=1 vz_cmd=+3.5
916357.833997942,916357.831524208,26805,1788822023.793077,-0.560987037966699,1.9846039259653263,3.942718004690729,0.09701762850054833,-0.049549270301753136,0.057357758249497494,4.0,tracking,1,2.5,1,0,1,force_bus_tool_compensated,4,phathom_s_scan:tracking t=21.90 contact=1 vz_cmd=+2.5
916357.843995422,916357.841393821,26807,1788822023.802952,-0.509071179884564,2.072322193504595,4.00277765156609,0.10341224213744132,-0.05879229946440502,0.07402970914951074,4.0,tracking,1,1.7,1,0,1,force_bus_tool_compensated,4,phathom_s_scan:tracking t=21.91 contact=1 vz_cmd=+1.7
916357.853996536,916357.851293766,26809,1788822023.8128507,-0.6253678026643514,2.273200809484759,3.888623859765637,0.11140376472050342,-0.04838143243174663,0.07213110480527032,4.0,tracking,1,1.2,1,0,1,force_bus_tool_compensated,4,phathom_s_scan:tracking t=21.92 contact=1 vz_cmd=+1.2
916357.863995377,916357.861261133,26811,1788822023.8228164,-0.4527964535956719,2.5035665424678135,3.875428487116208,0.12242345551563369,-0.05161571820556101,0.08643461552000088,4.0,tracking,1,0.8,1,0,1,force_bus_tool_compensated,4,phathom_s_scan:tracking t=21.93 contact=1 vz_cmd=+0.8
916357.873979496,916357.871427002,26813,1788822023.8329806,-0.3587357174929231,2.418605518060222,4.071885218608754,0.10911807934680176,-0.04967125050375085,0.06653237782433477,4.0,tracking,1,0.6,1,0,1,force_bus_tool_compensated,4,phathom_s_scan:tracking t=21.94 contact=1 vz_cmd=+0.6
916357.88400908,916357.881734781,26815,1788822023.843289,-0.29762284080426205,2.1174363895604538,4.011348391350472,0.08991719181201857,-0.05065090484934207,0.0715549341434653,4.0,tracking,1,0.4,1,0,1,force_bus_tool_compensated,4,phathom_s_scan:tracking t=21.95 contact=1 vz_cmd=+0.4
916357.894012582,916357.891582487,26817,1788822023.8531356,-0.5658767238185449,2.112773408407235,4.0317726804357825,0.09114422505240743,-0.039666442416889006,0.06635776239769645,4.0,tracking,1,0.2,1,0,1,force_bus_tool_compensated,4,phathom_s_scan:tracking t=21.97 contact=1 vz_cmd=+0.2
916357.903974057,916357.901970188,26819,1788822023.8635232,-0.5307725090879909,2.333028212589911,3.936870484678593,0.11622598406162774,-0.04668067122866225,0.07867970437656628,4.0,tracking,1,0.2,1,0,1,force_bus_tool_compensated,4,phathom_s_scan:tracking t=21.97 contact=1 vz_cmd=+0.2
916357.913978366,916357.912024434,26821,1788822023.8735745,-0.6708804999736178,2.4034404690825935,3.890477125740783,0.12218286072442722,-0.037865139524521696,0.08146379184081824,4.0,tracking,1,0.1,1,0,1,force_bus_tool_compensated,4,phathom_s_scan:tracking t=21.98 contact=1 vz_cmd=+0.1
916357.924009087,916357.916690675,26822,1788822023.8782444,-0.5535326096328046,2.3106239116322853,3.830691769411079,0.11389058833620794,-0.04504597242402722,0.07688351919088914,4.0,tracking,1,0.3,1,0,1,force_bus_tool_compensated,4,phathom_s_scan:tracking t=21.99 contact=1 vz_cmd=+0.3
916357.93399535,916357.930941488,26824,1788822023.8924978,-0.42154559025799676,2.112522203653221,3.9965148622226794,0.1063012168799635,-0.05899278532357718,0.07207014901444235,4.0,tracking,1,0.2,1,0,1,force_bus_tool_compensated,4,phathom_s_scan:tracking t=22.00 contact=1 vz_cmd=+0.2
916357.943975738,916357.940479034,26826,1788822023.902035,-0.37017076516366765,2.2831679908988813,4.022578063037782,0.11523702606511199,-0.06491675895773992,0.08109391856544396,4.0,tracking,1,0.1,1,0,1,force_bus_tool_compensated,4,phathom_s_scan:tracking t=22.01 contact=1 vz_cmd=+0.1
916357.953994363,916357.949951443,26828,1788822023.9115076,-0.566946023786729,2.521091295934107,3.849494345438483,0.12340215451237152,-0.046177400627794005,0.07332967790253284,4.0,tracking,1,0.2,1,0,1,force_bus_tool_compensated,4,phathom_s_scan:tracking t=22.02 contact=1 vz_cmd=+0.2
916357.963967691,916357.959439635,26830,1788822023.920996,-0.45826062201395157,2.661659486714602,3.7019025700019084,0.13136364902411218,-0.04207077262738668,0.0745528565489766,4.0,tracking,1,1.2,1,0,1,force_bus_tool_compensated,4,phathom_s_scan:tracking t=22.03 contact=1 vz_cmd=+1.2
916357.973998146,916357.974007217,26833,1788822023.9355595,-0.44595923552372074,2.276262646298543,3.841777025123938,0.10329291651790279,-0.03813277283882538,0.06164545315772925,4.0,tracking,1,1.0,1,0,1,force_bus_tool_compensated,4,phathom_s_scan:tracking t=22.05 contact=1 vz_cmd=+1.0
916357.983981156,916357.983437739,26835,1788822023.9449914,-0.2391818225830269,2.3483687297727682,3.835236546322327,0.10866740035139529,-0.05253854774313574,0.08084463792459567,4.0,tracking,1,0.8,1,0,1,force_bus_tool_compensated,4,phathom_s_scan:tracking t=22.06 contact=1 vz_cmd=+0.8
916357.993994547,916357.992323765,26837,1788822023.9538798,-0.43735227696007994,2.4110281566038902,3.7508289942704804,0.11238761291295388,-0.03520228975664463,0.07304449776418352,4.0,tracking,1,1.7,1,0,1,force_bus_tool_compensated,4,phathom_s_scan:tracking t=22.07 contact=1 vz_cmd=+1.7
916358.004007366,916358.002626818,26839,1788822023.9641795,-0.16285650738764867,2.1190388748488225,4.14143726190464,0.1023051822975992,-0.06421768863682242,0.07036516559445177,4.0,tracking,1,1.1,1,0,1,force_bus_tool_compensated,4,phathom_s_scan:tracking t=22.07 contact=1 vz_cmd=+1.1
916358.013969276,916358.012072463,26841,1788822023.9736266,-0.37641605069269835,2.0841213759576607,4.055318236157084,0.08900516828038194,-0.04648109997869222,0.06564514666753174,4.0,tracking,1,0.6,1,0,1,force_bus_tool_compensated,4,phathom_s_scan:tracking t=22.09 contact=1 vz_cmd=+0.6
916358.023974696,916358.022142905,26843,1788822023.9836986,-0.5062773736461457,2.196908647066259,3.6949112111546194,0.09377709965081558,-0.03293625985799387,0.07499686330817254,4.0,tracking,1,1.2,1,0,1,force_bus_tool_compensated,4,phathom_s_scan:tracking t=22.09 contact=1 vz_cmd=+1.2
916358.033989541,916358.03198712,26845,1788822023.9935405,-0.6303035865909437,2.476499125979752,3.8882909232435603,0.12471268496418217,-0.03738452052056617,0.08193857534807894,4.0,tracking,1,1.4,1,0,1,force_bus_tool_compensated,4,phathom_s_scan:tracking t=22.10 contact=1 vz_cmd=+1.4
916358.043993674,916358.041617709,26847,1788822024.0031726,-0.27193454477632306,2.2931757228163834,4.107378361693656,0.11383742218318454,-0.06253625180184745,0.07450610390470709,4.0,tracking,1,0.9,1,0,1,force_bus_tool_compensated,4,phathom_s_scan:tracking t=22.11 contact=1 vz_cmd=+0.9
916358.053969448,916358.051510142,26849,1788822024.013067,-0.39609525738071416,2.435169979107952,3.9330969537810825,0.1091710632374154,-0.04287416441249106,0.07078110980344315,4.0,tracking,1,0.6,1,0,1,force_bus_tool_compensated,4,phathom_s_scan:tracking t=22.12 contact=1 vz_cmd=+0.6
916358.063986378,916358.061561916,26851,1788822024.0231183,-0.2922068194537071,2.3257276564667326,3.8969803052487517,0.1052600146613803,-0.048961576766205606,0.07640070282724548,4.0,tracking,1,0.7,1,0,1,force_bus_tool_compensated,4,phathom_s_scan:tracking t=22.13 contact=1 vz_cmd=+0.7
916358.073984179,916358.071542163,26853,1788822024.033097,-0.32358038569311565,2.175507379691164,4.2164421876485685,0.09559322393728309,-0.06115362153278586,0.06528499105171887,4.0,tracking,1,0.0,1,0,1,force_bus_tool_compensated,4,phathom_s_scan:tracking t=22.14 contact=1 vz_cmd=+0.0
916358.08395852,916358.081530535,26855,1788822024.0430868,-0.12362539893155011,2.33336631856992,4.37144404195587,0.11172491772690701,-0.07395636237973788,0.07762050669058605,4.0,tracking,1,-1.8,1,0,1,force_bus_tool_compensated,4,phathom_s_scan:tracking t=22.15 contact=1 vz_cmd=-1.8
916358.093982873,916358.091700328,26857,1788822024.0532572,-0.6936991184464638,2.577096797769165,3.7552013284138264,0.1118244214624976,-0.013705821021938666,0.07382256406940065,4.0,tracking,1,-0.9,1,0,1,force_bus_tool_compensated,4,phathom_s_scan:tracking t=22.16 contact=1 vz_cmd=-0.9
916358.104137387,916358.101516492,26859,1788822024.0630717,-0.3678289510444259,2.7346407950877185,3.8719413383296195,0.12901127015867367,-0.04116458124339391,0.08663169944132856,4.0,tracking,1,-0.4,1,0,1,force_bus_tool_compensated,4,phathom_s_scan:tracking t=22.17 contact=1 vz_cmd=-0.4
916358.113975401,916358.111851849,26861,1788822024.0734057,-0.39189642267407176,2.312458090320857,3.990636016636454,0.10413005750741751,-0.03689751422928434,0.0721227098421322,4.0,tracking,1,-0.2,1,0,1,force_bus_tool_compensated,4,phathom_s_scan:tracking t=22.19 contact=1 vz_cmd=-0.2
916358.124097166,916358.122015112,26863,1788822024.0835662,-0.16208385973313288,2.3108828047726364,3.9876058063989808,0.09921215119815613,-0.05676914403129764,0.06534070339919987,4.0,tracking,1,-0.1,1,0,1,force_bus_tool_compensated,4,phathom_s_scan:tracking t=22.19 contact=1 vz_cmd=-0.1
916358.133998706,916358.13176169,26865,1788822024.0933137,-0.2986993307521162,2.195846713540885,4.008266245281914,0.08990897650158007,-0.048611981440984164,0.06612067004937838,4.0,tracking,1,-0.1,1,0,1,force_bus_tool_compensated,4,phathom_s_scan:tracking t=22.20 contact=1 vz_cmd=-0.1
916358.143975368,916358.141747217,26867,1788822024.1033025,-0.4006445078823533,2.2032776017640305,4.011764636127073,0.1025699019646606,-0.04185715981047069,0.07230895456029286,4.0,tracking,1,-0.0,1,0,1,force_bus_tool_compensated,4,phathom_s_scan:tracking t=22.21 contact=1 vz_cmd=-0.0
916358.153974581,916358.151486161,26869,1788822024.1130435,-0.2902975485133559,2.1082455620093605,4.134508397027469,0.09464207914784074,-0.050216844449294064,0.05997075369298051,4.0,tracking,1,-0.1,1,0,1,force_bus_tool_compensated,4,phathom_s_scan:tracking t=22.22 contact=1 vz_cmd=-0.1
916358.164055148,916358.161832334,26871,1788822024.123388,-0.4033961650332878,2.514820802694999,4.153502228434962,0.11620483095591899,-0.047982263258243486,0.08494488084748694,4.0,tracking,1,-0.4,1,0,1,force_bus_tool_compensated,4,phathom_s_scan:tracking t=22.23 contact=1 vz_cmd=-0.4
916358.174112083,916358.171878456,26873,1788822024.1334324,-0.33705373170333974,2.2864189174160208,3.9851456856679497,0.10487430280211599,-0.03874092953604564,0.07011437805434359,4.0,tracking,1,-0.3,1,0,1,force_bus_tool_compensated,4,phathom_s_scan:tracking t=22.24 contact=1 vz_cmd=-0.3
916358.183993705,916358.181625999,26875,1788822024.143182,-0.32390541634237624,2.3171625598279793,3.931000697850501,0.10221208633353328,-0.04542551509788768,0.07393535640874024,4.0,tracking,1,-0.2,1,0,1,force_bus_tool_compensated,4,phathom_s_scan:tracking t=22.25 contact=1 vz_cmd=-0.2
916358.193991861,916358.191611815,26877,1788822024.1531677,-0.3708783867848311,2.2537535062356953,4.186644918848621,0.10085012015058761,-0.04891750031503109,0.0726107342272385,4.0,tracking,1,-0.4,1,0,1,force_bus_tool_compensated,4,phathom_s_scan:tracking t=22.26 contact=1 vz_cmd=-0.4
916358.203970683,916358.201633332,26879,1788822024.163187,-0.3206045169692133,2.363151764157199,4.031551204421044,0.10835816994913969,-0.04396972172057373,0.07024722368339054,4.0,tracking,1,-0.3,1,0,1,force_bus_tool_compensated,4,phathom_s_scan:tracking t=22.27 contact=1 vz_cmd=-0.3
916358.213996978,916358.211602271,26881,1788822024.173158,-0.451579444925736,2.2650477651111927,4.19112211039669,0.09952443425193733,-0.04664906019340532,0.0693360589333128,4.0,tracking,1,-0.5,1,0,1,force_bus_tool_compensated,4,phathom_s_scan:tracking t=22.28 contact=1 vz_cmd=-0.5
916358.223968659,916358.222057051,26883,1788822024.183614,-0.35422854227179723,2.285004475717282,4.360664751560717,0.11957510093513662,-0.04684533839295296,0.07804403451628063,4.0,tracking,1,-2.0,1,0,1,force_bus_tool_compensated,4,phathom_s_scan:tracking t=22.29 contact=1 vz_cmd=-2.0
916358.234055723,916358.231704686,26885,1788822024.1932602,-0.44028454875189715,2.4665213388352267,4.175369734053972,0.11566937262837301,-0.036505294341522374,0.0654654388324536,4.0,tracking,1,-2.1,1,0,1,force_bus_tool_compensated,4,phathom_s_scan:tracking t=22.30 contact=1 vz_cmd=-2.1
916358.243991049,916358.24158823,26887,1788822024.2031453,-0.4742127434668262,2.7562332609549536,4.179432089821415,0.1352471176122606,-0.044864831352473086,0.09530957862162658,4.0,tracking,1,-1.8,1,0,1,force_bus_tool_compensated,4,phathom_s_scan:tracking t=22.31 contact=1 vz_cmd=-1.8
916358.253982244,916358.25144835,26889,1788822024.213006,-0.4215311627371938,2.3021339175207114,4.108190641892087,0.09859492951077348,-0.037125535892549986,0.06193949248559455,4.0,tracking,1,-1.4,1,0,1,force_bus_tool_compensated,4,phathom_s_scan:tracking t=22.32 contact=1 vz_cmd=-1.4
916358.26396034,916358.261464556,26891,1788822024.2230213,-0.48500848797365026,2.4662062637522135,4.3694058773056295,0.11882365824235032,-0.04180551558809418,0.08453442503863064,4.0,tracking,1,-2.2,1,0,1,force_bus_tool_compensated,4,phathom_s_scan:tracking t=22.33 contact=1 vz_cmd=-2.2
916358.273998977,916358.271637621,26893,1788822024.2331877,-0.3592550486931114,2.323302473541783,4.480365835857503,0.10604945023129861,-0.04716483345110179,0.06745641105624572,4.0,tracking,1,-4.1,1,0,1,force_bus_tool_compensated,4,phathom_s_scan:tracking t=22.34 contact=1 vz_cmd=-4.1
916358.283963324,916358.28135406,26895,1788822024.2429113,-0.43763190650806916,2.30154735303585,4.330819790515345,0.09358831464078164,-0.04174468676727802,0.0690643114823509,4.0,tracking,1,-5.0,1,0,1,force_bus_tool_compensated,4,phathom_s_scan:tracking t=22.36 contact=1 vz_cmd=-5.0
916358.293957979,916358.291349933,26897,1788822024.2529078,-0.543791307219329,2.184287428600086,4.4497620540679055,0.09399326093119173,-0.03309819350685909,0.06751190632962717,4.0,tracking,1,-5.6,1,0,1,force_bus_tool_compensated,4,phathom_s_scan:tracking t=22.36 contact=1 vz_cmd=-5.6
916358.303999104,916358.301370629,26899,1788822024.2629273,-0.6063494409914556,2.646521789253362,4.361824456607573,0.11492738109277646,-0.033509843847087654,0.07671677917340501,4.0,tracking,1,-5.6,1,0,1,force_bus_tool_compensated,4,phathom_s_scan:tracking t=22.37 contact=1 vz_cmd=-5.6
916358.313988883,916358.311339386,26901,1788822024.2728963,-0.38332344750975267,2.384711633965077,4.223720113710934,0.10039310126279083,-0.0400691467003417,0.06628782107263137,4.0,tracking,1,-5.3,1,0,1,force_bus_tool_compensated,4,phathom_s_scan:tracking t=22.39 contact=1 vz_cmd=-5.3
916358.323982869,916358.322222732,26903,1788822024.2837796,-0.6121850798422079,2.3074890560761285,4.152474527460424,0.10259055249326623,-0.02577635473587279,0.07949746992530869,4.0,tracking,1,-3.6,1,0,1,force_bus_tool_compensated,4,phathom_s_scan:tracking t=22.39 contact=1 vz_cmd=-3.6
916358.333994844,916358.331709788,26905,1788822024.2932398,-0.2992278329637281,2.568428667287464,4.172743180599472,0.12391921065383005,-0.04848919479477907,0.07344189752988436,4.0,tracking,1,-3.0,1,0,1,force_bus_tool_compensated,4,phathom_s_scan:tracking t=22.40 contact=1 vz_cmd=-3.0
916358.343988332,916358.341465622,26907,1788822024.3030224,-0.3327663237096059,2.2407162864462125,4.068979159430739,0.10541031037523935,-0.039107585136731376,0.07243433204713294,4.0,tracking,1,-2.0,1,0,1,force_bus_tool_compensated,4,phathom_s_scan:tracking t=22.41 contact=1 vz_cmd=-2.0
916358.353958582,916358.351478177,26909,1788822024.3130355,-0.22606867214623905,2.1597291040381017,4.140244130328747,0.09672886835063901,-0.04786249148595728,0.06331672050802976,4.0,tracking,1,-1.5,1,0,1,force_bus_tool_compensated,4,phathom_s_scan:tracking t=22.42 contact=1 vz_cmd=-1.5
916358.363966372,916358.361501342,26911,1788822024.323059,-0.4456168994873517,2.016597040785083,3.9131602154368808,0.09484263913643759,-0.035204233211737414,0.07276580956311654,4.0,tracking,1,-1.0,1,0,1,force_bus_tool_compensated,4,phathom_s_scan:tracking t=22.43 contact=1 vz_cmd=-1.0
916358.373996524,916358.372779572,26913,1788822024.3343368,-0.4458039046462079,2.2627349027135444,4.087882717904804,0.12012479516899371,-0.03302532298354377,0.06701661287298738,4.0,tracking,1,-0.7,1,0,1,force_bus_tool_compensated,4,phathom_s_scan:tracking t=22.44 contact=1 vz_cmd=-0.7
916358.383983984,916358.3813093,26915,1788822024.3428671,-0.23032110648747395,2.384964272834456,3.790475209196617,0.12611066012982397,-0.0461194836070654,0.0893691486840377,4.0,tracking,1,-0.1,1,0,1,force_bus_tool_compensated,4,phathom_s_scan:tracking t=22.46 contact=1 vz_cmd=-0.1
916358.393993523,916358.391326904,26917,1788822024.3528845,-0.4788296786225068,2.058541483526864,4.008078826677849,0.10469875837948153,-0.039206935595806874,0.06970272342301806,4.0,tracking,1,0.0,1,0,1,force_bus_tool_compensated,4,phathom_s_scan:tracking t=22.46 contact=1 vz_cmd=+0.0
916358.40395863,916358.401348285,26919,1788822024.3629055,-0.36783688806087644,2.022970130487114,3.9387069512822612,0.10012486667605341,-0.03494153665260331,0.06821402167220984,4.0,tracking,1,0.0,1,0,1,force_bus_tool_compensated,4,phathom_s_scan:tracking t=22.47 contact=1 vz_cmd=+0.0
916358.413975751,916358.411372019,26921,1788822024.3729286,-0.5006731091099637,2.1244433896640595,3.8948506965540854,0.09449333923455419,-0.035471683818046225,0.0661719482701963,4.0,tracking,1,0.1,1,0,1,force_bus_tool_compensated,4,phathom_s_scan:tracking t=22.48 contact=1 vz_cmd=+0.1
916358.423976167,916358.421348119,26923,1788822024.382905,-0.48974812100719856,2.219631047383146,3.8031614577839203,0.10141436517621905,-0.03224123396141409,0.07334568195374518,4.0,tracking,1,0.4,1,0,1,force_bus_tool_compensated,4,phathom_s_scan:tracking t=22.49 contact=1 vz_cmd=+0.4
916358.433976248,916358.431733613,26925,1788822024.3932898,-0.5030729175780524,2.312887028953188,3.974599464810467,0.1051861147159205,-0.03465548903670661,0.0659525730511472,4.0,tracking,1,0.6,1,0,1,force_bus_tool_compensated,4,phathom_s_scan:tracking t=22.50 contact=1 vz_cmd=+0.6
916358.443968721,916358.44136249,26927,1788822024.4029198,-0.32562297650715455,2.1245024008672373,3.822925853641925,0.09614236657277367,-0.04138972884719169,0.07078278111214009,4.0,tracking,1,0.6,1,0,1,force_bus_tool_compensated,4,phathom_s_scan:tracking t=22.51 contact=1 vz_cmd=+0.6
916358.453976805,916358.451500899,26929,1788822024.4130566,-0.4949817675158943,2.0419419329904276,3.9441505851271357,0.09630985442333603,-0.026849927915206476,0.06507963966261725,4.0,tracking,1,0.6,1,0,1,force_bus_tool_compensated,4,phathom_s_scan:tracking t=22.52 contact=1 vz_cmd=+0.6
916358.463969807,916358.461294734,26931,1788822024.4228528,-0.3460616403400081,2.3730629433693067,3.907837859017446,0.11898833688050482,-0.039310394278473444,0.07402125968058437,4.0,tracking,1,0.4,1,0,1,force_bus_tool_compensated,4,phathom_s_scan:tracking t=22.53 contact=1 vz_cmd=+0.4
916358.473983158,916358.471556981,26933,1788822024.4331071,-0.5009661996403743,2.367365467220626,3.787790465026819,0.11596841242631858,-0.024319410928606035,0.07739995527246626,4.0,tracking,1,0.7,1,0,1,force_bus_tool_compensated,4,phathom_s_scan:tracking t=22.54 contact=1 vz_cmd=+0.7
916358.483956294,916358.481390917,26935,1788822024.442948,-0.197893393545435,2.2297718342414354,3.840676866663939,0.11255725809547294,-0.046439631152687684,0.07391614371013283,4.0,tracking,1,0.9,1,0,1,force_bus_tool_compensated,4,phathom_s_scan:tracking t=22.55 contact=1 vz_cmd=+0.9
916358.493976256,916358.491277801,26937,1788822024.4528353,-0.5694484158745194,2.0645187337497446,3.9533080153702844,0.10253334758251223,-0.03219163564323258,0.06686651672271868,4.0,tracking,1,0.7,1,0,1,force_bus_tool_compensated,4,phathom_s_scan:tracking t=22.56 contact=1 vz_cmd=+0.7
916358.50398624,916358.501895827,26939,1788822024.463445,-0.28411276769700167,2.0265624879273814,3.9458193807703066,0.099106915879544,-0.055074165055663385,0.06927959460281778,4.0,tracking,1,0.5,1,0,1,force_bus_tool_compensated,4,phathom_s_scan:tracking t=22.58 contact=1 vz_cmd=+0.5
916358.513973441,916358.51189221,26941,1788822024.4734492,-0.6423174139103804,1.9595976136906559,3.769220735304483,0.09567620636489016,-0.016818032965959274,0.06200096339649912,4.0,tracking,1,1.0,1,0,1,force_bus_tool_compensated,4,phathom_s_scan:tracking t=22.58 contact=1 vz_cmd=+1.0
916358.523982809,916358.521249359,26943,1788822024.482807,-0.31686621770425827,2.3921110040613747,3.926756629344518,0.1196680947116221,-0.04806719588445175,0.07466194146213281,4.0,tracking,1,0.7,1,0,1,force_bus_tool_compensated,4,phathom_s_scan:tracking t=22.59 contact=1 vz_cmd=+0.7
916358.533974505,916358.531602165,26945,1788822024.4931517,-0.41317418200655376,2.143320564248577,3.708281535517786,0.0929795059421489,-0.02093515185250061,0.06323883918273271,4.0,tracking,1,1.6,1,0,1,force_bus_tool_compensated,4,phathom_s_scan:tracking t=22.60 contact=1 vz_cmd=+1.6
916358.543970743,916358.541448704,26947,1788822024.503006,-0.2788416529880986,2.1994348975565,3.845413849454457,0.0997036416221173,-0.029308560254710608,0.06796754042808911,4.0,tracking,1,1.3,1,0,1,force_bus_tool_compensated,4,phathom_s_scan:tracking t=22.61 contact=1 vz_cmd=+1.3
916358.553974429,916358.551421806,26949,1788822024.51298,-0.04654263150832527,2.383609241420521,4.129547961338502,0.11034232844567399,-0.052820138923302284,0.06896400946332465,4.0,tracking,1,0.8,1,0,1,force_bus_tool_compensated,4,phathom_s_scan:tracking t=22.62 contact=1 vz_cmd=+0.8
916358.563970502,916358.561384191,26951,1788822024.5229423,-0.25129898468863576,2.737334287025775,3.8330024539635423,0.1315751831329563,-0.019732669203913783,0.08291161194637528,4.0,tracking,1,0.7,1,0,1,force_bus_tool_compensated,4,phathom_s_scan:tracking t=22.63 contact=1 vz_cmd=+0.7
916358.573957679,916358.571393697,26953,1788822024.5329387,-0.12175713533927923,2.2794491329921422,3.6931369571380754,0.0978907186794582,-0.01435199820109098,0.06040802847095378,4.0,tracking,1,1.6,1,0,1,force_bus_tool_compensated,4,phathom_s_scan:tracking t=22.65 contact=1 vz_cmd=+1.6
916358.583957089,916358.581610449,26955,1788822024.5431685,-0.15014857880159593,2.2735731720060683,3.866520521458962,0.10198564734603766,-0.02343662137806197,0.07426696072022639,4.0,tracking,1,1.6,1,0,1,force_bus_tool_compensated,4,phathom_s_scan:tracking t=22.65 contact=1 vz_cmd=+1.6
916358.593981976,916358.591468776,26957,1788822024.5530255,-0.10965213375360805,2.2536303852777313,4.070227771967159,0.10274974054397865,-0.0338779036361676,0.05727653335234914,4.0,tracking,1,1.0,1,0,1,force_bus_tool_compensated,4,phathom_s_scan:tracking t=22.66 contact=1 vz_cmd=+1.0
916358.603988081,916358.601352621,26959,1788822024.5629096,-0.20879466938549807,2.0408596498016625,4.0454782762679296,0.08779763225763776,-0.03766492078952369,0.06236143593231557,4.0,tracking,1,0.7,1,0,1,force_bus_tool_compensated,4,phathom_s_scan:tracking t=22.67 contact=1 vz_cmd=+0.7
916358.613993599,916358.611494238,26961,1788822024.5730503,-0.32612165646663516,2.2776360759100385,3.90004200626783,0.10019949577760101,-0.019029020485343395,0.06694247443295274,4.0,tracking,1,0.5,1,0,1,force_bus_tool_compensated,4,phathom_s_scan:tracking t=22.69 contact=1 vz_cmd=+0.5
916358.623978005,916358.621275415,26963,1788822024.582832,-0.24047838549523082,2.4248679970869644,3.828920847702219,0.11125116645608243,-0.028671033086859785,0.06655355653908145,4.0,tracking,1,0.7,1,0,1,force_bus_tool_compensated,4,phathom_s_scan:tracking t=22.69 contact=1 vz_cmd=+0.7
916358.633989428,916358.631585048,26965,1788822024.5931416,-0.1070757754484335,2.1895146105809165,4.0678050297914154,0.09301433778763167,-0.03788858343844323,0.056209932023873754,4.0,tracking,1,0.5,1,0,1,force_bus_tool_compensated,4,phathom_s_scan:tracking t=22.70 contact=1 vz_cmd=+0.5
916358.643985133,916358.64167971,26967,1788822024.6032333,-0.09572045209344782,2.111341356661358,4.034753727405754,0.08798847517594993,-0.03667399937651354,0.06585914109805954,4.0,tracking,1,0.3,1,0,1,force_bus_tool_compensated,4,phathom_s_scan:tracking t=22.71 contact=1 vz_cmd=+0.3
916358.653960515,916358.651740508,26969,1788822024.613297,-0.16552466245935604,2.318105241871818,3.8591696315434376,0.09787694893065842,-0.022229171372169124,0.057997503386367534,4.0,tracking,1,0.3,1,0,1,force_bus_tool_compensated,4,phathom_s_scan:tracking t=22.72 contact=1 vz_cmd=+0.3
916358.663957058,916358.661396565,26971,1788822024.6229541,-0.1893109822231609,2.4097892436971815,3.7744275759471213,0.10757951886019573,-0.024520111806538673,0.06570926317326337,4.0,tracking,1,0.8,1,0,1,force_bus_tool_compensated,4,phathom_s_scan:tracking t=22.73 contact=1 vz_cmd=+0.8
916358.67398087,916358.672412669,26973,1788822024.633965,-0.14364308255181157,2.1416076664710495,4.136310979906152,0.09622187085884626,-0.041722890255325516,0.05856378119728643,4.0,tracking,1,0.5,1,0,1,force_bus_tool_compensated,4,phathom_s_scan:tracking t=22.74 contact=1 vz_cmd=+0.5
916358.683956217,916358.68137115,26975,1788822024.6429303,0.016937211812772635,2.2485213589849185,4.009467257236702,0.10320575229540849,-0.04723284238530341,0.05852874284220117,4.0,tracking,1,0.2,1,0,1,force_bus_tool_compensated,4,phathom_s_scan:tracking t=22.75 contact=1 vz_cmd=+0.2
916358.693980124,916358.691327375,26977,1788822024.6528838,-0.22586539075597,2.312904886216738,3.836842441725248,0.10248901943994765,-0.014833636689864624,0.06308414468401424,4.0,tracking,1,0.3,1,0,1,force_bus_tool_compensated,4,phathom_s_scan:tracking t=22.76 contact=1 vz_cmd=+0.3
916358.703975578,916358.70172331,26979,1788822024.6632752,-0.035442372963327085,2.3662382737881753,3.6805359126345696,0.10514933123387926,-0.023502935488485935,0.06459964033750516,4.0,tracking,1,1.5,1,0,1,force_bus_tool_compensated,4,phathom_s_scan:tracking t=22.77 contact=1 vz_cmd=+1.5
916358.713985699,916358.711485827,26981,1788822024.6730425,-0.13077231881738594,1.9351628107328087,3.9202540590853125,0.07819953653530212,-0.031610692286840845,0.05034334283471372,4.0,tracking,1,1.5,1,0,1,force_bus_tool_compensated,4,phathom_s_scan:tracking t=22.78 contact=1 vz_cmd=+1.5
916358.723957695,916358.721570617,26983,1788822024.6831284,-0.10138365970822294,2.453345960762536,4.022685005638472,0.11803162281216127,-0.039409743950382325,0.06958314989661403,4.0,tracking,1,1.0,1,0,1,force_bus_tool_compensated,4,phathom_s_scan:tracking t=22.79 contact=1 vz_cmd=+1.0
916358.733961716,916358.732046075,26985,1788822024.6935966,-0.09987694270190084,2.2499787970478065,3.8538767371953258,0.1027785963101342,-0.03135431437700007,0.059794866902532814,4.0,tracking,1,0.8,1,0,1,force_bus_tool_compensated,4,phathom_s_scan:tracking t=22.80 contact=1 vz_cmd=+0.8
916358.743960894,916358.741486907,26987,1788822024.7030447,-0.16119711435900497,2.4997000608510342,3.720431335727824,0.1134357119209124,-0.02808561525311926,0.07126265138951643,4.0,tracking,1,1.8,1,0,1,force_bus_tool_compensated,4,phathom_s_scan:tracking t=22.81 contact=1 vz_cmd=+1.8
916358.753957043,916358.751360703,26989,1788822024.712913,0.10255580911127904,2.2169419142373106,4.073312068493507,0.09993479745048853,-0.04000227123751215,0.054510153012449006,4.0,tracking,1,1.2,1,0,1,force_bus_tool_compensated,4,phathom_s_scan:tracking t=22.82 contact=1 vz_cmd=+1.2
916358.763993615,916358.761898211,26991,1788822024.723451,0.2772826166932645,2.396100825040021,3.8770699908425765,0.10083683568114879,-0.03290521923898548,0.06385672916723521,4.0,tracking,1,0.8,1,0,1,force_bus_tool_compensated,4,phathom_s_scan:tracking t=22.83 contact=1 vz_cmd=+0.8
916358.7739807,916358.771358918,26993,1788822024.7329159,0.10678993501564205,2.2920019179067137,3.5985208592051032,0.08821621145957241,-0.009977686727309093,0.05254044438244788,4.0,tracking,1,2.1,1,0,1,force_bus_tool_compensated,4,phathom_s_scan:tracking t=22.85 contact=1 vz_cmd=+2.1
916358.78398493,916358.781338034,26995,1788822024.7428966,0.13843294712347531,2.3397230876052917,3.799281422890641,0.10095243888909584,-0.022973861776408366,0.0663207342761587,4.0,tracking,1,2.9,1,0,1,force_bus_tool_compensated,4,phathom_s_scan:tracking t=22.85 contact=1 vz_cmd=+2.9
916358.79399511,916358.791274142,26997,1788822024.7528312,0.12758428669146382,2.3190438882995843,3.9527835603218104,0.09924168295722174,-0.02648739508204058,0.055685731217781136,4.0,tracking,1,2.0,1,0,1,force_bus_tool_compensated,4,phathom_s_scan:tracking t=22.86 contact=1 vz_cmd=+2.0
916358.803992184,916358.801505207,26999,1788822024.7630641,-0.07144805949837285,2.3302451410812193,3.709263257196878,0.10351566974175193,-0.007944423473666919,0.06401454756591766,4.0,tracking,1,2.3,1,0,1,force_bus_tool_compensated,4,phathom_s_scan:tracking t=22.88 contact=1 vz_cmd=+2.3
916358.813965956,916358.811258369,27001,1788822024.772812,-0.11327294877170568,2.2774822809768573,3.887608493090149,0.10110499134837689,-0.01641030738515474,0.05594452344179918,4.0,tracking,1,2.1,1,0,1,force_bus_tool_compensated,4,phathom_s_scan:tracking t=22.88 contact=1 vz_cmd=+2.1
916358.823996105,916358.821365861,27003,1788822024.7829247,0.04284918350755307,2.273461197688803,3.907783015785929,0.09638086307555538,-0.03213763272236262,0.061347511293162016,4.0,tracking,1,1.4,1,0,1,force_bus_tool_compensated,4,phathom_s_scan:tracking t=22.89 contact=1 vz_cmd=+1.4
916358.833963348,916358.831332195,27005,1788822024.7928903,0.024319015270471978,2.2919790891979224,3.8480847354317307,0.0980468336715901,-0.02467660278742928,0.05565992135923728,4.0,tracking,1,1.1,1,0,1,force_bus_tool_compensated,4,phathom_s_scan:tracking t=22.91 contact=1 vz_cmd=+1.1
916358.843998217,916358.841696291,27007,1788822024.8032498,0.04570961225882142,2.2855816972809397,3.8009098904593825,0.09440401166292764,-0.02785121267373159,0.060341485636466075,4.0,tracking,1,1.2,1,0,1,force_bus_tool_compensated,4,phathom_s_scan:tracking t=22.91 contact=1 vz_cmd=+1.2
916358.853968253,916358.851635797,27009,1788822024.813192,-0.013684788497997147,2.489537577231732,3.8178445250373594,0.1046858018270569,-0.02193183888621842,0.06333825327187392,4.0,tracking,1,1.3,1,0,1,force_bus_tool_compensated,4,phathom_s_scan:tracking t=22.92 contact=1 vz_cmd=+1.3
916358.86399557,916358.861356624,27011,1788822024.8229105,0.14841526919468429,2.5858663222387284,3.7258990762570825,0.11661331400587899,-0.027869786810072034,0.06234462302538627,4.0,tracking,1,1.9,1,0,1,force_bus_tool_compensated,4,phathom_s_scan:tracking t=22.93 contact=1 vz_cmd=+1.9
916358.873969341,916358.871672389,27013,1788822024.8332238,0.09231634875010464,2.2708848201289014,3.880079268906943,0.09556558918513026,-0.01997203250140784,0.05942779532006133,4.0,tracking,1,1.5,1,0,1,force_bus_tool_compensated,4,phathom_s_scan:tracking t=22.94 contact=1 vz_cmd=+1.5
916358.883968556,916358.881512759,27015,1788822024.8430707,0.2337478750140698,2.2330275441947265,3.941225425147488,0.09093023820213884,-0.03812037297215622,0.05366631756321856,4.0,tracking,1,1.0,1,0,1,force_bus_tool_compensated,4,phathom_s_scan:tracking t=22.95 contact=1 vz_cmd=+1.0
916358.893992601,916358.891940075,27017,1788822024.853497,0.12491810200854836,2.4196217925358083,3.8941573981402806,0.10618193481315147,-0.024887194266368342,0.062482448851305425,4.0,tracking,1,0.7,1,0,1,force_bus_tool_compensated,4,phathom_s_scan:tracking t=22.96 contact=1 vz_cmd=+0.7
916358.903971162,916358.902066846,27019,1788822024.8636186,0.08626857223472939,2.5174541474110557,3.8441411246747745,0.11238609452443282,-0.01688624133462401,0.06725099723982704,4.0,tracking,1,0.7,1,0,1,force_bus_tool_compensated,4,phathom_s_scan:tracking t=22.97 contact=1 vz_cmd=+0.7
916358.913992585,916358.911718366,27021,1788822024.873274,0.09827063186282792,2.4649655231765255,3.794686060226855,0.10674384614003804,-0.01573162226240631,0.05538942170639445,4.0,tracking,1,1.1,1,0,1,force_bus_tool_compensated,4,phathom_s_scan:tracking t=22.98 contact=1 vz_cmd=+1.1
916358.923983679,916358.921265493,27023,1788822024.8828237,0.19570811354154705,2.4540279699045935,3.9542795688876122,0.10938015590083897,-0.030114076752751125,0.06880067185428132,4.0,tracking,1,0.7,1,0,1,force_bus_tool_compensated,4,phathom_s_scan:tracking t=22.99 contact=1 vz_cmd=+0.7
916358.933997226,916358.931749414,27025,1788822024.8933017,0.05486451009822568,2.1522361524692997,4.000516374629786,0.0852719834541279,-0.0205249195776076,0.05388780265708745,4.0,tracking,1,0.5,1,0,1,force_bus_tool_compensated,4,phathom_s_scan:tracking t=23.00 contact=1 vz_cmd=+0.5
916358.943982303,916358.941322235,27027,1788822024.9028788,0.39035427045486126,2.6398850401918357,3.946143972245185,0.11545071858488451,-0.03472514191570523,0.056467524062530194,4.0,tracking,1,0.4,1,0,1,force_bus_tool_compensated,4,phathom_s_scan:tracking t=23.01 contact=1 vz_cmd=+0.4
916358.953960902,916358.951468134,27029,1788822024.9130263,0.2226567569123461,2.4303272242818146,3.8733060307390126,0.09956560463549255,-0.009127878004985594,0.05792541423762225,4.0,tracking,1,0.4,1,0,1,force_bus_tool_compensated,4,phathom_s_scan:tracking t=23.02 contact=1 vz_cmd=+0.4
916358.963989197,916358.961421084,27031,1788822024.922976,0.4982796316061566,2.509536480670961,3.873675511487038,0.09838896741968896,-0.026511381041772995,0.05272304210773023,4.0,tracking,1,0.3,1,0,1,force_bus_tool_compensated,4,phathom_s_scan:tracking t=23.03 contact=1 vz_cmd=+0.3
916358.973982397,916358.971348141,27033,1788822024.932906,0.38395351366733554,2.284532605877851,3.9596285770863426,0.08301588584449969,-0.014873734898366707,0.05113161968567893,4.0,tracking,1,0.2,1,0,1,force_bus_tool_compensated,4,phathom_s_scan:tracking t=23.04 contact=1 vz_cmd=+0.2
916358.98396508,916358.981387496,27035,1788822024.9429457,0.5337953018605641,2.3499004738865494,4.041657591710748,0.09289416463826176,-0.021452058300347483,0.05222724880053489,4.0,tracking,1,0.1,1,0,1,force_bus_tool_compensated,4,phathom_s_scan:tracking t=23.05 contact=1 vz_cmd=+0.1
916358.993993698,916358.991632222,27037,1788822024.953185,0.5117366130917056,2.47295734500952,3.9829770977232437,0.10113257982862943,-0.01900379260393896,0.05734812835380683,4.0,tracking,1,0.1,1,0,1,force_bus_tool_compensated,4,phathom_s_scan:tracking t=23.06 contact=1 vz_cmd=+0.1
916359.003968289,916359.00141192,27039,1788822024.9629693,0.5447505155884675,2.543401743016383,4.013699704964783,0.10593332155472686,-0.020302864720276884,0.060081457662910745,4.0,tracking,1,0.1,1,0,1,force_bus_tool_compensated,4,phathom_s_scan:tracking t=23.07 contact=1 vz_cmd=+0.1
916359.013991429,916359.011437763,27041,1788822024.972995,0.5297725364676957,2.385754032765951,3.896137581184487,0.09552014427635591,-0.012166066194668174,0.04545130360654588,4.0,tracking,1,0.1,1,0,1,force_bus_tool_compensated,4,phathom_s_scan:tracking t=23.08 contact=1 vz_cmd=+0.1
916359.023959514,916359.021341408,27043,1788822024.9828987,0.4327285741446496,2.479779463716248,4.1839645519161355,0.1062318850969472,-0.013142553415948546,0.0677710770478987,4.0,tracking,1,-0.2,1,0,1,force_bus_tool_compensated,4,phathom_s_scan:tracking t=23.09 contact=1 vz_cmd=-0.2
916359.033960178,916359.031434522,27045,1788822024.9929845,0.6204307684419672,2.1976067506036814,4.055556171862814,0.07745000257876872,-0.020999332841501857,0.04390514937313704,4.0,tracking,1,-0.2,1,0,1,force_bus_tool_compensated,4,phathom_s_scan:tracking t=23.10 contact=1 vz_cmd=-0.2
916359.043963263,916359.041622357,27047,1788822025.0031772,0.4293265411712013,2.3775215189455827,4.020478822451166,0.09073165708782842,-0.0034088389507371253,0.05619215829285368,4.0,tracking,1,-0.1,1,0,1,force_bus_tool_compensated,4,phathom_s_scan:tracking t=23.11 contact=1 vz_cmd=-0.1
916359.053993146,916359.051419042,27049,1788822025.01297,0.5260417918690687,2.488723062370664,4.1364232259566585,0.0966750542257629,-0.017491309539269473,0.05422148704980083,4.0,tracking,1,-0.2,1,0,1,force_bus_tool_compensated,4,phathom_s_scan:tracking t=23.12 contact=1 vz_cmd=-0.2
916359.063960396,916359.061324601,27051,1788822025.0228832,0.5285774689215321,2.5995388717841084,4.104263820178628,0.10131025410025107,-0.015092755754652737,0.05776844254430902,4.0,tracking,1,-0.2,1,0,1,force_bus_tool_compensated,4,phathom_s_scan:tracking t=23.13 contact=1 vz_cmd=-0.2
916359.073967491,916359.07187427,27053,1788822025.0334296,0.5094362686153358,2.4935383943821536,4.1385827744103665,0.09176469560089824,-0.011147738698022958,0.049641764699545454,4.0,tracking,1,-0.2,1,0,1,force_bus_tool_compensated,4,phathom_s_scan:tracking t=23.14 contact=1 vz_cmd=-0.2
916359.083987625,916359.081360051,27055,1788822025.0429184,0.5263293938072673,2.7360193376789863,4.157447108606526,0.1068405258552411,-0.01324481054086985,0.0624390331173532,4.0,tracking,1,-0.3,1,0,1,force_bus_tool_compensated,4,phathom_s_scan:tracking t=23.15 contact=1 vz_cmd=-0.3
916359.09395644,916359.091404836,27057,1788822025.0529525,0.6188055409639301,2.6778637589100835,4.179588453112898,0.10557022258785215,-0.018570241744448,0.05594536733012154,4.0,tracking,1,-0.7,1,0,1,force_bus_tool_compensated,4,phathom_s_scan:tracking t=23.16 contact=1 vz_cmd=-0.7
916359.103995915,916359.101627119,27059,1788822025.0631747,0.6119718988251326,2.629823120815603,4.181212876735464,0.1058985222248029,-0.016442421746657523,0.05920190247798934,4.0,tracking,1,-0.8,1,0,1,force_bus_tool_compensated,4,phathom_s_scan:tracking t=23.17 contact=1 vz_cmd=-0.8
916359.113983483,916359.111484081,27061,1788822025.073041,0.6349096144163155,2.555521426910896,4.116768905567777,0.09623195274700133,-0.014291730146708773,0.05014960859727095,4.0,tracking,1,-0.8,1,0,1,force_bus_tool_compensated,4,phathom_s_scan:tracking t=23.18 contact=1 vz_cmd=-0.8
916359.123947625,916359.121398767,27063,1788822025.0829563,0.5917070138077289,2.581486931543347,4.100408527096052,0.10262660122957695,-0.014473533709862338,0.06264062562894498,4.0,tracking,1,-0.5,1,0,1,force_bus_tool_compensated,4,phathom_s_scan:tracking t=23.19 contact=1 vz_cmd=-0.5
916359.133965823,916359.131787956,27065,1788822025.0933378,0.5015552220056885,2.6568359875716516,4.069800403036928,0.10254423568993087,-0.00833216304831921,0.055915979973420925,4.0,tracking,1,-0.4,1,0,1,force_bus_tool_compensated,4,phathom_s_scan:tracking t=23.20 contact=1 vz_cmd=-0.4
916359.144024288,916359.141308551,27067,1788822025.1028662,0.5826800442618039,2.606828056977351,4.021998673581478,0.10193414010247656,-0.020373055252588625,0.05665208047035414,4.0,tracking,1,-0.2,1,0,1,force_bus_tool_compensated,4,phathom_s_scan:tracking t=23.21 contact=1 vz_cmd=-0.2
916359.153976699,916359.151472212,27069,1788822025.11303,0.46021765758217614,2.2749235191573587,3.962626888208338,0.07772285237722273,-0.007636650762078556,0.04113350750719351,4.0,tracking,1,-0.2,1,0,1,force_bus_tool_compensated,4,phathom_s_scan:tracking t=23.22 contact=1 vz_cmd=-0.2
916359.163990708,916359.161590405,27071,1788822025.123144,0.4835263790964994,2.631179630681853,4.045548696254295,0.10927539878636428,-0.01770509906223273,0.06012691410670007,4.0,tracking,1,-0.1,1,0,1,force_bus_tool_compensated,4,phathom_s_scan:tracking t=23.23 contact=1 vz_cmd=-0.1
916359.173960411,916359.171259646,27073,1788822025.1328175,0.517888257592696,2.388755460059555,3.9947222621678584,0.09259572502443883,-0.015304761271701973,0.04844666910664243,4.0,tracking,1,-0.1,1,0,1,force_bus_tool_compensated,4,phathom_s_scan:tracking t=23.24 contact=1 vz_cmd=-0.1
916359.183980114,916359.181366075,27075,1788822025.1429207,0.6140739487807847,2.464194775955175,3.974483186231799,0.09567052232872206,-0.01865779117276708,0.050708441234579765,4.0,tracking,1,-0.0,1,0,1,force_bus_tool_compensated,4,phathom_s_scan:tracking t=23.25 contact=1 vz_cmd=-0.0
916359.19395539,916359.19160456,27077,1788822025.1531615,0.6210027868772721,2.331862006187708,3.893314305529975,0.08929736718223326,-0.010266145691636034,0.04960036780562848,4.0,tracking,1,-0.0,1,0,1,force_bus_tool_compensated,4,phathom_s_scan:tracking t=23.26 contact=1 vz_cmd=-0.0
916359.203980088,916359.201498208,27079,1788822025.1630554,0.7125549721162567,2.4280247026237465,3.752494214198679,0.09532684966905645,-0.009446134700243023,0.05461861035303424,4.0,tracking,1,0.7,1,0,1,force_bus_tool_compensated,4,phathom_s_scan:tracking t=23.27 contact=1 vz_cmd=+0.7
916359.213960117,916359.211652476,27081,1788822025.173205,0.6846020203160934,2.339181651511869,3.9326508500878936,0.09225243204920022,-0.01547178109366828,0.05495417208221036,4.0,tracking,1,0.7,1,0,1,force_bus_tool_compensated,4,phathom_s_scan:tracking t=23.28 contact=1 vz_cmd=+0.7
916359.22396158,916359.221361339,27083,1788822025.18292,0.8957172201525037,2.6227403929720556,3.881728339631075,0.11573399632293255,-0.019568685813204766,0.062352782899316145,4.0,tracking,1,0.5,1,0,1,force_bus_tool_compensated,4,phathom_s_scan:tracking t=23.29 contact=1 vz_cmd=+0.5
916359.233984676,916359.231650909,27085,1788822025.1932087,0.8403087818398927,2.619331947444775,3.914909242970041,0.11137038332963305,-0.012519930564158949,0.0581802177544506,4.0,tracking,1,0.4,1,0,1,force_bus_tool_compensated,4,phathom_s_scan:tracking t=23.31 contact=1 vz_cmd=+0.4
916359.243959044,916359.241922279,27087,1788822025.2034776,0.8679242094483086,2.710075932348412,3.8483742636119684,0.11837498753181577,-0.016481690945852584,0.06771929896583437,4.0,tracking,1,0.4,1,0,1,force_bus_tool_compensated,4,phathom_s_scan:tracking t=23.31 contact=1 vz_cmd=+0.4
916359.253975821,916359.251460474,27089,1788822025.2130177,0.9361175982951446,2.4546047280467995,3.8471153727504337,0.10240627703423194,-0.014747931137257642,0.04859948643644714,4.0,tracking,1,0.4,1,0,1,force_bus_tool_compensated,4,phathom_s_scan:tracking t=23.32 contact=1 vz_cmd=+0.4
916359.263990718,916359.261383164,27091,1788822025.2229414,1.0174526152673367,2.4172962660586146,3.902669085740936,0.09759811687955187,-0.025003888213847535,0.05457437104885124,4.0,tracking,1,0.3,1,0,1,force_bus_tool_compensated,4,phathom_s_scan:tracking t=23.33 contact=1 vz_cmd=+0.3
916359.274111216,916359.271578208,27093,1788822025.2331362,0.8765768002033965,2.0867553003581527,3.8579920512253003,0.07817590686395207,-0.00996233892851378,0.045419710831476647,4.0,tracking,1,0.4,1,0,1,force_bus_tool_compensated,4,phathom_s_scan:tracking t=23.35 contact=1 vz_cmd=+0.4
916359.284100333,916359.281327938,27095,1788822025.2428727,1.0204207639809193,2.172585584750744,3.821531784794817,0.08365355761951107,-0.009351531890669737,0.050846166505624846,4.0,tracking,1,0.6,1,0,1,force_bus_tool_compensated,4,phathom_s_scan:tracking t=23.35 contact=1 vz_cmd=+0.6
916359.294067574,916359.291311338,27097,1788822025.2528694,0.9166507521574294,2.174440400640931,3.8005421832395374,0.08966867161051312,0.0004929380192698517,0.05399815274777747,4.0,tracking,1,1.0,1,0,1,force_bus_tool_compensated,4,phathom_s_scan:tracking t=23.37 contact=1 vz_cmd=+1.0
916359.303970243,916359.301467654,27099,1788822025.2630255,1.0970627866069773,2.1399332088924212,3.8206577771410064,0.08875012923170367,-0.013836447530845416,0.0493640539680798,4.0,tracking,1,1.0,1,0,1,force_bus_tool_compensated,4,phathom_s_scan:tracking t=23.37 contact=1 vz_cmd=+1.0
916359.314039745,916359.311383809,27101,1788822025.2729418,0.8313183457529325,2.268991563742773,3.7351989826537313,0.09584031515809752,0.005015008075804633,0.05703887090607364,4.0,tracking,1,1.7,1,0,1,force_bus_tool_compensated,4,phathom_s_scan:tracking t=23.38 contact=1 vz_cmd=+1.7
916359.323955698,916359.321302035,27103,1788822025.282861,1.049359311610212,2.3751810863147025,3.8433852519456155,0.10504545815195707,-0.01444373719991712,0.057080816123631126,4.0,tracking,1,1.6,1,0,1,force_bus_tool_compensated,4,phathom_s_scan:tracking t=23.39 contact=1 vz_cmd=+1.6
916359.333985784,916359.331864559,27105,1788822025.29342,0.9243249412391326,2.5244737589188393,3.8685386681384113,0.11200519518997851,-0.011394862320579832,0.05687386432432563,4.0,tracking,1,1.2,1,0,1,force_bus_tool_compensated,4,phathom_s_scan:tracking t=23.40 contact=1 vz_cmd=+1.2
916359.343974156,916359.341558433,27107,1788822025.3031156,0.918114676905371,2.5310533044423638,3.7784871968808265,0.10839926970956468,-0.013857295907584197,0.05761104415819875,4.0,tracking,1,1.3,1,0,1,force_bus_tool_compensated,4,phathom_s_scan:tracking t=23.41 contact=1 vz_cmd=+1.3
916359.353969716,916359.351455841,27109,1788822025.313013,0.9158421473218321,2.4968120264534903,3.761589383493259,0.10219914541631817,-0.01133380445642519,0.056049485185393697,4.0,tracking,1,1.9,1,0,1,force_bus_tool_compensated,4,phathom_s_scan:tracking t=23.42 contact=1 vz_cmd=+1.9
916359.363971391,916359.361527482,27111,1788822025.3230832,1.0153031842510167,2.4877778674382567,3.8536936975481852,0.10228697940817266,-0.019162481638314893,0.05957594242771419,4.0,tracking,1,1.6,1,0,1,force_bus_tool_compensated,4,phathom_s_scan:tracking t=23.43 contact=1 vz_cmd=+1.6
916359.373955552,916359.371370912,27113,1788822025.3329282,1.0319887109709114,2.4453359954026075,3.8919838939698446,0.09925343377405121,-0.012623357062132592,0.047450296986652846,4.0,tracking,1,1.1,1,0,1,force_bus_tool_compensated,4,phathom_s_scan:tracking t=23.44 contact=1 vz_cmd=+1.1
916359.383968702,916359.381348738,27115,1788822025.342907,1.2259305612065938,2.3976428899077407,3.802414210276267,0.09208915109855102,-0.023130407272095997,0.05135937917452957,4.0,tracking,1,1.2,1,0,1,force_bus_tool_compensated,4,phathom_s_scan:tracking t=23.45 contact=1 vz_cmd=+1.2
916359.393954929,916359.391392153,27117,1788822025.3529491,1.2260446333465196,2.19353540991844,4.190448282195939,0.0876467493063441,-0.021408465275924226,0.04583602250997042,4.0,tracking,1,0.5,1,0,1,force_bus_tool_compensated,4,phathom_s_scan:tracking t=23.46 contact=1 vz_cmd=+0.5
916359.403977426,916359.40154812,27119,1788822025.363105,1.3408287484995143,2.0707958906163526,3.850880497958047,0.07839843117317,-0.011016418175259626,0.05270756288969662,4.0,tracking,1,0.4,1,0,1,force_bus_tool_compensated,4,phathom_s_scan:tracking t=23.47 contact=1 vz_cmd=+0.4
916359.413978598,916359.411651648,27121,1788822025.373209,1.2189884271213747,2.30578529970981,3.8262179640427627,0.09002407391453295,0.0076314342996967694,0.0485626366107849,4.0,tracking,1,0.7,1,0,1,force_bus_tool_compensated,4,phathom_s_scan:tracking t=23.48 contact=1 vz_cmd=+0.7
916359.423983245,916359.421717018,27123,1788822025.3832757,1.3638113817757138,2.4189164520044617,4.08262637347846,0.11097228661571938,-0.013068783958233935,0.060941107932969335,4.0,tracking,1,0.5,1,0,1,force_bus_tool_compensated,4,phathom_s_scan:tracking t=23.49 contact=1 vz_cmd=+0.5
916359.433971253,916359.431688875,27125,1788822025.393245,1.3255156445982759,2.3540262398329737,4.310877010901271,0.10531606180932886,-0.015189727872246744,0.050583635549464545,4.0,tracking,1,-0.6,1,0,1,force_bus_tool_compensated,4,phathom_s_scan:tracking t=23.50 contact=1 vz_cmd=-0.6
916359.443986905,916359.441458555,27127,1788822025.4030156,1.2664945468023128,2.485361824116052,3.8724778420516084,0.1049065666805731,-0.002898994211464128,0.05847060637041982,4.0,tracking,1,-0.5,1,0,1,force_bus_tool_compensated,4,phathom_s_scan:tracking t=23.51 contact=1 vz_cmd=-0.5
916359.45395836,916359.451760025,27129,1788822025.413317,1.0188014791089908,2.3078013108986077,3.9956482351931157,0.09704493206518405,0.01331649054676425,0.05258265672289613,4.0,tracking,1,-0.3,1,0,1,force_bus_tool_compensated,4,phathom_s_scan:tracking t=23.53 contact=1 vz_cmd=-0.3
916359.463962954,916359.461254669,27131,1788822025.4228125,1.2537193443112808,2.3012880345057614,4.1191131045702996,0.09865297490470132,-0.004943872736509549,0.0491218754541086,4.0,tracking,1,-0.2,1,0,1,force_bus_tool_compensated,4,phathom_s_scan:tracking t=23.53 contact=1 vz_cmd=-0.2
916359.473986957,916359.471461554,27133,1788822025.4330168,1.17618536249592,2.1349600825167068,3.972895188580586,0.0772268581856784,0.003917505808573326,0.04473858600033501,4.0,tracking,1,-0.2,1,0,1,force_bus_tool_compensated,4,phathom_s_scan:tracking t=23.54 contact=1 vz_cmd=-0.2
916359.483984147,916359.481436405,27135,1788822025.442993,1.284785242944582,2.1481498683250146,3.923414273531209,0.08739959651010856,0.0012732420516410952,0.04862914339074616,4.0,tracking,1,-0.1,1,0,1,force_bus_tool_compensated,4,phathom_s_scan:tracking t=23.55 contact=1 vz_cmd=-0.1
916359.493979302,916359.491390373,27137,1788822025.4529362,1.2330177818505965,2.0236538283415193,4.073089620565236,0.07768094584028869,-0.00011625964981045356,0.04522099926781612,4.0,tracking,1,-0.1,1,0,1,force_bus_tool_compensated,4,phathom_s_scan:tracking t=23.56 contact=1 vz_cmd=-0.1
916359.503992614,916359.501788946,27139,1788822025.463345,1.4132669782691885,2.0813554647149375,4.057353350110665,0.09407848839875656,-0.0007193296589656502,0.04863718255502912,4.0,tracking,1,-0.3,1,0,1,force_bus_tool_compensated,4,phathom_s_scan:tracking t=23.57 contact=1 vz_cmd=-0.3
916359.513989703,916359.511321102,27141,1788822025.4728782,1.5614980167637729,2.142819076331169,4.043847352772518,0.09238297080049247,-0.011112557330033922,0.0495644202328024,4.0,tracking,1,-0.2,1,0,1,force_bus_tool_compensated,4,phathom_s_scan:tracking t=23.58 contact=1 vz_cmd=-0.2
916359.523981957,916359.521249763,27143,1788822025.4828088,1.3232946383727824,2.5124331674217495,3.944331810182189,0.1137312814199743,0.006414025649850018,0.06494687991147645,4.0,tracking,1,-0.1,1,0,1,force_bus_tool_compensated,4,phathom_s_scan:tracking t=23.59 contact=1 vz_cmd=-0.1
916359.533973386,916359.531623999,27145,1788822025.4931793,1.4832358914435835,2.2989681186807682,4.270207790520738,0.10443819152667669,-0.009669058090960332,0.043919685000393664,4.0,tracking,1,-0.7,1,0,1,force_bus_tool_compensated,4,phathom_s_scan:tracking t=23.61 contact=1 vz_cmd=-0.7
916359.543983178,916359.541334866,27147,1788822025.5028918,1.211114277437416,2.397577104815684,3.9490099218324466,0.09682749857787294,0.0017403214964330218,0.057838120240169516,4.0,tracking,1,-0.5,1,0,1,force_bus_tool_compensated,4,phathom_s_scan:tracking t=23.61 contact=1 vz_cmd=-0.5
916359.553968981,916359.551441742,27149,1788822025.512999,1.3538381749512984,2.2764435020031946,4.186290701642099,0.08842036920511911,-0.006681842507633085,0.03965735419174494,4.0,tracking,1,-0.7,1,0,1,force_bus_tool_compensated,4,phathom_s_scan:tracking t=23.62 contact=1 vz_cmd=-0.7
916359.563963027,916359.561539935,27151,1788822025.523097,1.28366091715105,2.437802793214337,4.15978932763741,0.10339734409319051,0.0038175239451711993,0.05513186145797092,4.0,tracking,1,-0.6,1,0,1,force_bus_tool_compensated,4,phathom_s_scan:tracking t=23.63 contact=1 vz_cmd=-0.6
916359.573960089,916359.571623713,27153,1788822025.533179,1.2904421486852444,2.301046793586053,3.988483111014189,0.08288212425793273,0.001576265082279291,0.043292703999949195,4.0,tracking,1,-0.5,1,0,1,force_bus_tool_compensated,4,phathom_s_scan:tracking t=23.64 contact=1 vz_cmd=-0.5
916359.583981891,916359.581546904,27155,1788822025.543105,1.42476123742548,2.5099100399251704,4.149199900574634,0.10827284161416559,-0.00893283949261809,0.05501097122788601,4.0,tracking,1,-0.4,1,0,1,force_bus_tool_compensated,4,phathom_s_scan:tracking t=23.65 contact=1 vz_cmd=-0.4
916359.593983544,916359.591324108,27157,1788822025.5528798,1.3582988955468804,2.294369607545662,4.223045447325491,0.09428327817565921,-0.009702769043901745,0.05146227414709133,4.0,tracking,1,-1.1,1,0,1,force_bus_tool_compensated,4,phathom_s_scan:tracking t=23.66 contact=1 vz_cmd=-1.1
916359.60398468,916359.601280134,27159,1788822025.5628357,1.5008097484169134,2.2706105840090354,4.330945646127883,0.09153169717763104,-0.022625733749039922,0.04790403702763939,4.0,tracking,1,-2.0,1,0,1,force_bus_tool_compensated,4,phathom_s_scan:tracking t=23.68 contact=1 vz_cmd=-2.0
916359.613983133,916359.611372608,27161,1788822025.57293,1.2825468995222835,2.0036363039174243,4.023940656441944,0.07601634007565872,0.007144700798982066,0.04170706684345814,4.0,tracking,1,-1.8,1,0,1,force_bus_tool_compensated,4,phathom_s_scan:tracking t=23.69 contact=1 vz_cmd=-1.8
916359.623980792,916359.621600047,27163,1788822025.5831583,1.6233667723655378,2.0791705573621835,4.014191999531865,0.08834325600817479,-0.005999598998014158,0.05348039326961987,4.0,tracking,1,-1.2,1,0,1,force_bus_tool_compensated,4,phathom_s_scan:tracking t=23.69 contact=1 vz_cmd=-1.2
916359.633995477,916359.63151545,27165,1788822025.593073,1.574793826688593,2.044757203649854,3.9384880063275465,0.08123949720874292,-0.004641757548431823,0.04673151556482516,4.0,tracking,1,-0.8,1,0,1,force_bus_tool_compensated,4,phathom_s_scan:tracking t=23.70 contact=1 vz_cmd=-0.8
916359.643986075,916359.641436425,27167,1788822025.6029918,1.60312957692191,2.1769025977335503,4.207761573020547,0.09873948785405863,-0.0035528167179220763,0.04883427922542316,4.0,tracking,1,-0.9,1,0,1,force_bus_tool_compensated,4,phathom_s_scan:tracking t=23.71 contact=1 vz_cmd=-0.9
916359.6539806,916359.651453013,27169,1788822025.61301,1.5109986396813362,2.180709184069778,4.055581538890192,0.09982882739068022,0.00805702722748061,0.05136833126094208,4.0,tracking,1,-0.6,1,0,1,force_bus_tool_compensated,4,phathom_s_scan:tracking t=23.72 contact=1 vz_cmd=-0.6
916359.663986969,916359.661594298,27171,1788822025.6231513,1.6132142126078173,1.9895709501947962,4.1956021016202945,0.08543052295179587,-0.004550227955484886,0.050493657141057934,4.0,tracking,1,-0.7,1,0,1,force_bus_tool_compensated,4,phathom_s_scan:tracking t=23.73 contact=1 vz_cmd=-0.7
916359.673984509,916359.671489633,27173,1788822025.6330464,1.6854636036690809,2.072483610332475,4.000161542211662,0.09505076692594328,0.006116746978458874,0.048800759101375546,4.0,tracking,1,-0.7,1,0,1,force_bus_tool_compensated,4,phathom_s_scan:tracking t=23.74 contact=1 vz_cmd=-0.7
916359.683984242,916359.681293833,27175,1788822025.642851,1.6591256837472041,2.5149978328579627,4.13561697003575,0.13362699580330317,-0.0020425320934967656,0.06811372490929049,4.0,tracking,1,-0.5,1,0,1,force_bus_tool_compensated,4,phathom_s_scan:tracking t=23.75 contact=1 vz_cmd=-0.5
916359.693964816,916359.691296948,27177,1788822025.652852,1.748869862659931,2.2031990589885044,4.19370602646482,0.10535489146531295,-0.016947913355853366,0.04921354343163267,4.0,tracking,1,-0.9,1,0,1,force_bus_tool_compensated,4,phathom_s_scan:tracking t=23.76 contact=1 vz_cmd=-0.9
916359.703995802,916359.701471917,27179,1788822025.6630287,1.6249896736531817,2.036420139047367,4.034743714222124,0.09205136504590791,-0.0045347846361756625,0.05454121452473333,4.0,tracking,1,-0.7,1,0,1,force_bus_tool_compensated,4,phathom_s_scan:tracking t=23.77 contact=1 vz_cmd=-0.7
916359.713963716,916359.711197902,27181,1788822025.6727552,1.4913450535554083,1.8687567694244256,3.990346751599626,0.08439133810603298,0.00965249797861615,0.04774444672764458,4.0,tracking,1,-0.5,1,0,1,force_bus_tool_compensated,4,phathom_s_scan:tracking t=23.78 contact=1 vz_cmd=-0.5
916359.724087091,916359.721357093,27183,1788822025.6829147,1.6996867841380614,2.231926004569099,4.053238952604659,0.10867079623824899,-0.006765551111929652,0.05285941133789552,4.0,tracking,1,-0.3,1,0,1,force_bus_tool_compensated,4,phathom_s_scan:tracking t=23.79 contact=1 vz_cmd=-0.3
916359.734079788,916359.731830202,27185,1788822025.6933815,1.6977919019541985,2.043845856173292,3.9650256786818736,0.08870185082546739,-0.007554464680952905,0.045847168873663274,4.0,tracking,1,-0.2,1,0,1,force_bus_tool_compensated,4,phathom_s_scan:tracking t=23.80 contact=1 vz_cmd=-0.2
916359.744084682,916359.741403321,27187,1788822025.7029574,1.4774213101313198,1.910024524579959,3.75415434135409,0.08617139689044048,0.009276188619227379,0.057997947878561794,4.0,tracking,1,0.6,1,0,1,force_bus_tool_compensated,4,phathom_s_scan:tracking t=23.81 contact=1 vz_cmd=+0.6
916359.754079469,916359.751273811,27189,1788822025.712832,1.6004624243643357,1.8633953772934075,4.099475872560727,0.09452171836301657,-0.0031625185525175235,0.041012169905053686,4.0,tracking,1,0.4,1,0,1,force_bus_tool_compensated,4,phathom_s_scan:tracking t=23.82 contact=1 vz_cmd=+0.4
916359.764099932,916359.761700473,27191,1788822025.7232563,1.6146912931179611,2.307708231785202,3.9305945019741277,0.11462389053174611,-0.010976424213555897,0.06890178737293177,4.0,tracking,1,0.3,1,0,1,force_bus_tool_compensated,4,phathom_s_scan:tracking t=23.83 contact=1 vz_cmd=+0.3
916359.774080529,916359.771403832,27193,1788822025.7329597,1.201524458263296,1.8902234408553287,3.605806288565001,0.08141634351888677,0.022405982693042042,0.041842868132216715,4.0,tracking,1,1.9,1,0,1,force_bus_tool_compensated,4,phathom_s_scan:tracking t=23.84 contact=1 vz_cmd=+1.9
916359.7840789,916359.781430314,27195,1788822025.7429879,1.4784985666565038,1.667648697750355,3.9637705826438094,0.0733442397156555,-0.006796106664584488,0.04124990628360277,4.0,tracking,1,1.7,1,0,1,force_bus_tool_compensated,4,phathom_s_scan:tracking t=23.85 contact=1 vz_cmd=+1.7
916359.794087318,916359.791521697,27197,1788822025.7530794,1.545019021746082,1.8282164499520248,3.9968138573306526,0.08364267847988274,-0.0073542948012060155,0.03978577767254144,4.0,tracking,1,1.1,1,0,1,force_bus_tool_compensated,4,phathom_s_scan:tracking t=23.86 contact=1 vz_cmd=+1.1
916359.80415724,916359.80151872,27199,1788822025.763072,1.5317038168241548,2.0522438497717173,3.6889889074959044,0.10449421685743804,0.0070418366804509734,0.05907854624112835,4.0,tracking,1,1.7,1,0,1,force_bus_tool_compensated,4,phathom_s_scan:tracking t=23.87 contact=1 vz_cmd=+1.7
916359.814071356,916359.811357119,27201,1788822025.7729154,1.4360306670981258,2.1420938298124512,3.6689178012157777,0.09831655146315907,0.01141584361516646,0.0554441997980649,4.0,tracking,1,3.1,1,0,1,force_bus_tool_compensated,4,phathom_s_scan:tracking t=23.89 contact=1 vz_cmd=+3.1
916359.823991568,916359.821398282,27203,1788822025.782955,1.9750238020752897,1.9088921155061853,4.172878058162713,0.09545316906439691,-0.03287474375255514,0.04498856754429005,4.0,tracking,1,1.9,1,0,1,force_bus_tool_compensated,4,phathom_s_scan:tracking t=23.89 contact=1 vz_cmd=+1.9
916359.833995692,916359.831604266,27205,1788822025.7931547,1.5121067107327106,1.7813129866395931,3.690639702971664,0.0971395175170096,0.016311468329790735,0.053933758399205695,4.0,tracking,1,2.1,1,0,1,force_bus_tool_compensated,4,phathom_s_scan:tracking t=23.90 contact=1 vz_cmd=+2.1
916359.844074927,916359.841552073,27207,1788822025.8031063,1.813092542539958,1.8375978068472034,3.645336505579121,0.09012626811054114,-0.00461135774071766,0.05211554440236227,4.0,tracking,1,3.4,1,0,1,force_bus_tool_compensated,4,phathom_s_scan:tracking t=23.91 contact=1 vz_cmd=+3.4
916359.853960862,916359.851440633,27209,1788822025.8129892,1.9808618014917552,1.7399407337872566,4.116529891048337,0.10285505908516948,-0.01628492707684275,0.04872951554731603,4.0,tracking,1,2.3,1,0,1,force_bus_tool_compensated,4,phathom_s_scan:tracking t=23.92 contact=1 vz_cmd=+2.3
916359.863996623,916359.861535849,27211,1788822025.8230941,1.782900161160644,1.9772619919528818,3.7398151753244786,0.12663840739022325,0.005782326490897989,0.06896011751004949,4.0,tracking,1,2.2,1,0,1,force_bus_tool_compensated,4,phathom_s_scan:tracking t=23.93 contact=1 vz_cmd=+2.2
916359.874080118,916359.871453721,27213,1788822025.8330112,1.6705158846773713,1.7378992165229494,3.7392056722635303,0.08866602204315108,0.003436105139727721,0.05015835639934625,4.0,tracking,1,3.0,1,0,1,force_bus_tool_compensated,4,phathom_s_scan:tracking t=23.95 contact=1 vz_cmd=+3.0
916359.88399214,916359.881393147,27215,1788822025.8429499,1.7901052032944398,1.6334933775421918,3.9957200044901975,0.09267620825513624,-0.013347799240253486,0.055325451705256226,4.0,tracking,1,2.0,1,0,1,force_bus_tool_compensated,4,phathom_s_scan:tracking t=23.95 contact=1 vz_cmd=+2.0
916359.893966841,916359.891325324,27217,1788822025.8528821,1.7008368223682624,1.7483629609403046,3.915968627311819,0.10341675538039571,-0.0023982005283647145,0.048402476151146234,4.0,tracking,1,1.4,1,0,1,force_bus_tool_compensated,4,phathom_s_scan:tracking t=23.96 contact=1 vz_cmd=+1.4
916359.904009719,916359.901386208,27219,1788822025.862942,1.6280371043104696,1.6549305265272283,3.8501935598757417,0.0889213160996058,0.0006701936776127501,0.051358225828700275,4.0,tracking,1,1.0,1,0,1,force_bus_tool_compensated,4,phathom_s_scan:tracking t=23.98 contact=1 vz_cmd=+1.0
916359.913965853,916359.911270197,27221,1788822025.872827,1.6522944919207894,1.3558822560967028,3.988557650955926,0.07437673863711709,0.0022674656931393924,0.04515277820667862,4.0,tracking,1,0.8,1,0,1,force_bus_tool_compensated,4,phathom_s_scan:tracking t=23.98 contact=1 vz_cmd=+0.8
916359.924072779,916359.92136708,27223,1788822025.8829231,1.6674375536614243,1.765271107962187,3.8445144673802036,0.10897573821644846,0.0139298893324326,0.06331174801332863,4.0,tracking,1,0.7,1,0,1,force_bus_tool_compensated,4,phathom_s_scan:tracking t=23.99 contact=1 vz_cmd=+0.7
916359.934085027,916359.931467486,27225,1788822025.8930233,1.6974345787137337,1.604643311991125,3.764424213862557,0.08796475640804943,0.010784658946830006,0.051757967403809585,4.0,tracking,1,1.3,1,0,1,force_bus_tool_compensated,4,phathom_s_scan:tracking t=24.00 contact=1 vz_cmd=+1.3
916359.944088631,916359.941591415,27227,1788822025.9031453,1.8253113869502267,1.875660618593008,4.147559062323814,0.10345457689616915,-0.006098553976774683,0.05761885732871823,4.0,tracking,1,0.8,1,0,1,force_bus_tool_compensated,4,phathom_s_scan:tracking t=24.01 contact=1 vz_cmd=+0.8
916359.953960149,916359.951575248,27229,1788822025.9131322,1.8099402173130654,1.8320029291186601,4.038930276635547,0.09992955710914167,-0.0038617236427750546,0.050695730479135025,4.0,tracking,1,-0.1,1,0,1,force_bus_tool_compensated,4,phathom_s_scan:tracking t=24.02 contact=1 vz_cmd=-0.1
916359.964087404,916359.961197565,27231,1788822025.9227562,1.6386900057996288,1.8017214708600904,3.8393325630183406,0.09304512492463696,0.007995629699857686,0.05668408530289118,4.0,tracking,1,0.5,1,0,1,force_bus_tool_compensated,4,phathom_s_scan:tracking t=24.03 contact=1 vz_cmd=+0.5
916359.974081471,916359.971507158,27233,1788822025.9330606,1.8784495254832974,1.6951614191382336,4.0464663763957525,0.08486410454276683,-0.013674229590544549,0.046139646422727235,4.0,tracking,1,0.3,1,0,1,force_bus_tool_compensated,4,phathom_s_scan:tracking t=24.04 contact=1 vz_cmd=+0.3
916359.984091708,916359.98130776,27235,1788822025.9428654,1.8870224887317466,1.8582923906942315,4.073032679211224,0.11345805354509554,-0.005622183240973011,0.060396109418017374,4.0,tracking,1,0.1,1,0,1,force_bus_tool_compensated,4,phathom_s_scan:tracking t=24.05 contact=1 vz_cmd=+0.1
916359.994068391,916359.991568465,27237,1788822025.9531226,1.7214465596625441,1.9134300484295552,3.7149256804247024,0.11049109039065659,0.007691786051848687,0.06081520553248057,4.0,tracking,1,0.9,1,0,1,force_bus_tool_compensated,4,phathom_s_scan:tracking t=24.06 contact=1 vz_cmd=+0.9
916360.003970438,916360.001864185,27239,1788822025.9634175,1.9825881136801748,1.9858723534764255,4.0386111589313645,0.12208425440690157,-0.02231500785642583,0.06430973735492698,4.0,tracking,1,0.6,1,0,1,force_bus_tool_compensated,4,phathom_s_scan:tracking t=24.07 contact=1 vz_cmd=+0.6
916360.013963643,916360.011291843,27241,1788822025.972849,1.6303418229844406,1.7058868581046032,4.013457010741838,0.0962815963408011,-0.006996854870612356,0.054774346145505824,4.0,tracking,1,0.4,1,0,1,force_bus_tool_compensated,4,phathom_s_scan:tracking t=24.08 contact=1 vz_cmd=+0.4
916360.0240695,916360.021317095,27243,1788822025.9828703,1.8124136347491802,1.8349888537437087,3.877363537025695,0.10488497879346696,-0.015111092152263413,0.060836637274565036,4.0,tracking,1,0.3,1,0,1,force_bus_tool_compensated,4,phathom_s_scan:tracking t=24.09 contact=1 vz_cmd=+0.3
916360.034123125,916360.031625205,27245,1788822025.9931755,1.4226175048557728,1.9001190263119245,3.665949547108466,0.10686612070174856,0.010539793218171375,0.06086804394525964,4.0,tracking,1,1.8,1,0,1,force_bus_tool_compensated,4,phathom_s_scan:tracking t=24.10 contact=1 vz_cmd=+1.8
916360.044082305,916360.041328666,27247,1788822026.0028856,1.8311619648896533,1.9146650489059638,4.041008340404398,0.09501623643617399,-0.030653939556734684,0.0514655959896182,4.0,tracking,1,1.3,1,0,1,force_bus_tool_compensated,4,phathom_s_scan:tracking t=24.11 contact=1 vz_cmd=+1.3
916360.054068709,916360.051502291,27249,1788822026.013059,1.3625253861066884,1.4439305245462064,3.7085835171543566,0.06972871039771854,0.016908878541086952,0.04415007444805179,4.0,tracking,1,1.6,1,0,1,force_bus_tool_compensated,4,phathom_s_scan:tracking t=24.12 contact=1 vz_cmd=+1.6
916360.064106891,916360.061288012,27251,1788822026.0228417,1.5978314073690165,1.764735812272985,3.850952250925216,0.09549230118405026,-0.0022985590845522475,0.0640995216533321,4.0,tracking,1,2.4,1,0,1,force_bus_tool_compensated,4,phathom_s_scan:tracking t=24.13 contact=1 vz_cmd=+2.4
916360.074082733,916360.071372279,27253,1788822026.032929,1.6667841429244836,1.777320605016242,3.634630633645403,0.09802892792879664,-0.005573963176313096,0.055467851042203496,4.0,tracking,1,2.6,1,0,1,force_bus_tool_compensated,4,phathom_s_scan:tracking t=24.15 contact=1 vz_cmd=+2.6
916360.084082588,916360.081508148,27255,1788822026.0430667,1.760483218929284,1.9750203804221729,4.177627370327732,0.11584946300952295,-0.025187264484935613,0.06546587560091466,4.0,tracking,1,1.9,1,0,1,force_bus_tool_compensated,4,phathom_s_scan:tracking t=24.16 contact=1 vz_cmd=+1.9
916360.094097432,916360.091599509,27257,1788822026.053156,1.687886183353763,1.6501500780748546,4.001845134315065,0.0859275792024895,-0.015287721345305748,0.04959665798237256,4.0,tracking,1,0.7,1,0,1,force_bus_tool_compensated,4,phathom_s_scan:tracking t=24.16 contact=1 vz_cmd=+0.7
916360.103999127,916360.101300321,27259,1788822026.0628583,1.7731942966557557,1.743725733829833,3.832971936060211,0.09832660261808004,-0.014234056476950642,0.06665583923516233,4.0,tracking,1,0.9,1,0,1,force_bus_tool_compensated,4,phathom_s_scan:tracking t=24.17 contact=1 vz_cmd=+0.9
916360.114071547,916360.111316951,27261,1788822026.0728743,1.7754596349871106,2.036692993817576,4.045592214316221,0.12129454974603127,-0.005884201303004264,0.06422619049484032,4.0,tracking,1,0.6,1,0,1,force_bus_tool_compensated,4,phathom_s_scan:tracking t=24.18 contact=1 vz_cmd=+0.6
916360.123970581,916360.121331637,27263,1788822026.082888,1.8622138724969728,1.6591218720279362,3.9805309835898344,0.09397277275180577,-0.014222393377283203,0.05817618221969982,4.0,tracking,1,0.4,1,0,1,force_bus_tool_compensated,4,phathom_s_scan:tracking t=24.19 contact=1 vz_cmd=+0.4
916360.13407379,916360.131440367,27265,1788822026.092988,1.939191204184941,1.9801707634343588,4.007953621351788,0.11509538740585556,-0.01537551568149376,0.06765447329199897,4.0,tracking,1,0.3,1,0,1,force_bus_tool_compensated,4,phathom_s_scan:tracking t=24.21 contact=1 vz_cmd=+0.3
916360.144141845,916360.141348899,27267,1788822026.1029055,1.6762981294365282,1.9049142046606489,3.894282656897942,0.10604603503438823,0.0003590464538018219,0.06375642111809411,4.0,tracking,1,0.2,1,0,1,force_bus_tool_compensated,4,phathom_s_scan:tracking t=24.21 contact=1 vz_cmd=+0.2
916360.154071078,916360.151349525,27269,1788822026.1129022,1.7558546202566776,1.7491127894614005,4.246102760061093,0.09580426774122744,-0.017884339903933934,0.06010194122915653,4.0,tracking,1,-0.4,1,0,1,force_bus_tool_compensated,4,phathom_s_scan:tracking t=24.22 contact=1 vz_cmd=-0.4
916360.164085563,916360.161253914,27271,1788822026.1228118,1.7822582369899815,1.8272781563990748,4.088207670011161,0.11127266442790577,-0.01925397424212455,0.07156467485242873,4.0,tracking,1,-0.4,1,0,1,force_bus_tool_compensated,4,phathom_s_scan:tracking t=24.23 contact=1 vz_cmd=-0.4
916360.174075002,916360.171700355,27273,1788822026.1332567,1.8380990774229102,1.9668034051423229,4.295075562324053,0.1123371325033206,-0.017351030350464654,0.06560085655975753,4.0,tracking,1,-1.3,1,0,1,force_bus_tool_compensated,4,phathom_s_scan:tracking t=24.24 contact=1 vz_cmd=-1.3
916360.184086921,916360.18203192,27275,1788822026.1435878,1.7317878000413065,1.7186554665162115,3.7744378892063795,0.08734084414629836,-0.00969054574976101,0.06172433982397664,4.0,tracking,1,-0.4,1,0,1,force_bus_tool_compensated,4,phathom_s_scan:tracking t=24.25 contact=1 vz_cmd=-0.4
916360.193965972,916360.191961258,27277,1788822026.1535184,1.9077651960397874,1.9381835493561363,4.297610268045535,0.10856824043549293,-0.027899075251619557,0.06600911685945066,4.0,tracking,1,-1.1,1,0,1,force_bus_tool_compensated,4,phathom_s_scan:tracking t=24.26 contact=1 vz_cmd=-1.1
916360.203999448,916360.201785307,27279,1788822026.16334,1.584922066765584,1.6470559896419559,3.8576440473457883,0.08822377083710975,-0.006776829488789471,0.06956367959510602,4.0,tracking,1,-0.6,1,0,1,force_bus_tool_compensated,4,phathom_s_scan:tracking t=24.27 contact=1 vz_cmd=-0.6
916360.213989691,916360.211672726,27281,1788822026.1732302,1.9718816951905698,1.7568953951289106,4.138174831164819,0.09081763820265876,-0.029305351405908685,0.05192930524589368,4.0,tracking,1,-0.5,1,0,1,force_bus_tool_compensated,4,phathom_s_scan:tracking t=24.28 contact=1 vz_cmd=-0.5
916360.22399123,916360.221292245,27283,1788822026.18285,1.7858260784391504,1.8509255500696926,4.071390581937913,0.10477787596370206,-0.017745148382492408,0.06915182781007903,4.0,tracking,1,-0.8,1,0,1,force_bus_tool_compensated,4,phathom_s_scan:tracking t=24.29 contact=1 vz_cmd=-0.8
916360.233995224,916360.231690836,27285,1788822026.193244,1.9876701465810926,1.8260795708669388,4.083491054253223,0.09856348116070174,-0.031139846422981343,0.05976642543410526,4.0,tracking,1,-0.5,1,0,1,force_bus_tool_compensated,4,phathom_s_scan:tracking t=24.30 contact=1 vz_cmd=-0.5
916360.243966941,916360.241409905,27287,1788822026.2029676,2.0586452263482644,2.0929212347221435,4.032638598659722,0.12408270851081246,-0.03512163405460943,0.07097388343108738,4.0,tracking,1,-0.7,1,0,1,force_bus_tool_compensated,4,phathom_s_scan:tracking t=24.31 contact=1 vz_cmd=-0.7
916360.254003638,916360.251613471,27289,1788822026.2131703,1.889758622521251,1.6095926745901943,4.088614975817231,0.08512626195257128,-0.03025783968234206,0.06074941831563223,4.0,tracking,1,-0.4,1,0,1,force_bus_tool_compensated,4,phathom_s_scan:tracking t=24.32 contact=1 vz_cmd=-0.4
916360.263992654,916360.261452244,27291,1788822026.2230053,2.222946314409183,1.9570800940881246,4.148790279338487,0.11713661627258423,-0.04826684143873621,0.06482629835994322,4.0,tracking,1,-1.0,1,0,1,force_bus_tool_compensated,4,phathom_s_scan:tracking t=24.33 contact=1 vz_cmd=-1.0
916360.274003384,916360.271961299,27293,1788822026.2335174,1.8888247064716632,1.6210937529546672,4.0243536118883645,0.0900036634093751,-0.028843553445467008,0.06209668062415535,4.0,tracking,1,-0.6,1,0,1,force_bus_tool_compensated,4,phathom_s_scan:tracking t=24.34 contact=1 vz_cmd=-0.6
916360.283990247,916360.276798121,27294,1788822026.2383552,2.1405785229410554,1.6178266045301368,4.208175135171105,0.09006349039465736,-0.04073627569786404,0.05814328061921559,4.0,tracking,1,-0.9,1,0,1,force_bus_tool_compensated,4,phathom_s_scan:tracking t=24.35 contact=1 vz_cmd=-0.9
916360.293992981,916360.292777648,27297,1788822026.2543314,1.8582117291165505,1.8074963904476675,3.855275259353177,0.10518005574326683,-0.019440080170076646,0.06573683623396942,4.0,tracking,1,0.2,1,0,1,force_bus_tool_compensated,4,phathom_s_scan:tracking t=24.37 contact=1 vz_cmd=+0.2
916360.303965296,916360.301785425,27299,1788822026.2633424,2.098379906857486,1.832370685905284,4.07947062994433,0.10099894821595386,-0.04435144880670677,0.06400009247924378,4.0,tracking,1,0.1,1,0,1,force_bus_tool_compensated,4,phathom_s_scan:tracking t=24.38 contact=1 vz_cmd=+0.1
916360.313964215,916360.311346988,27301,1788822026.2729046,2.0909973469883147,1.7679865614213015,3.9503131445525135,0.09614548212768372,-0.043025270632359856,0.062042202045675045,4.0,tracking,1,0.1,1,0,1,force_bus_tool_compensated,4,phathom_s_scan:tracking t=24.38 contact=1 vz_cmd=+0.1
916360.323987082,916360.321781326,27303,1788822026.2833362,1.875499997618559,1.6170293730546552,4.105106517153252,0.08761207000017204,-0.033014021674277326,0.06825802742175364,4.0,tracking,1,0.0,1,0,1,force_bus_tool_compensated,4,phathom_s_scan:tracking t=24.39 contact=1 vz_cmd=+0.0
916360.333984289,916360.331528928,27305,1788822026.293087,2.0581048449643733,1.6964866201100353,4.053274751168083,0.09727349730978974,-0.04019417732699402,0.06343443265571637,4.0,tracking,1,0.0,1,0,1,force_bus_tool_compensated,4,phathom_s_scan:tracking t=24.40 contact=1 vz_cmd=+0.0
916360.343979561,916360.341768869,27307,1788822026.3033254,1.7905188560178198,1.4936291288964831,3.8007928809113087,0.0881631386818682,-0.013093830682148163,0.06852227138157892,4.0,tracking,1,0.4,1,0,1,force_bus_tool_compensated,4,phathom_s_scan:tracking t=24.41 contact=1 vz_cmd=+0.4
916360.354014824,916360.35140611,27309,1788822026.3129644,2.104013009883035,1.4413541303053397,4.033044174526902,0.09054244621062887,-0.03278992837530556,0.06672396978864054,4.0,tracking,1,0.2,1,0,1,force_bus_tool_compensated,4,phathom_s_scan:tracking t=24.42 contact=1 vz_cmd=+0.2
916360.363961123,916360.361241003,27311,1788822026.3227994,2.1196191544308256,1.5776941496341041,3.99440997265168,0.10994187230194885,-0.03643435645663839,0.07535299091654801,4.0,tracking,1,0.2,1,0,1,force_bus_tool_compensated,4,phathom_s_scan:tracking t=24.43 contact=1 vz_cmd=+0.2
916360.37399581,916360.371511791,27313,1788822026.333067,2.162870864401799,1.5206113871568043,3.9004292584290754,0.10058992531028857,-0.030859895007454737,0.06659265648340554,4.0,tracking,1,0.1,1,0,1,force_bus_tool_compensated,4,phathom_s_scan:tracking t=24.44 contact=1 vz_cmd=+0.1
916360.383967563,916360.381835551,27315,1788822026.3433936,2.6556263673184017,1.928566556659915,3.891098080939091,0.11934832316607988,-0.036725891827817915,0.08099251214078687,4.0,tracking,1,0.1,1,0,1,force_bus_tool_compensated,4,phathom_s_scan:tracking t=24.45 contact=1 vz_cmd=+0.1
916360.393987147,916360.39133735,27317,1788822026.3528948,2.267364196435672,1.7740160680482961,4.103121072367681,0.11770233864409234,-0.06366672328524678,0.07635761083014443,4.0,tracking,1,0.1,1,0,1,force_bus_tool_compensated,4,phathom_s_scan:tracking t=24.46 contact=1 vz_cmd=+0.1
916360.403991634,916360.401707771,27319,1788822026.363263,2.4157679574166684,1.734536170276843,3.983984663114402,0.1099302173204427,-0.049484148833305285,0.07844734337395508,4.0,tracking,1,-0.0,1,0,1,force_bus_tool_compensated,4,phathom_s_scan:tracking t=24.47 contact=1 vz_cmd=-0.0
916360.413965258,916360.411273357,27321,1788822026.3728309,2.2231529402388706,1.791458483810703,4.019484866632734,0.11271519422659709,-0.04594454207520043,0.08139235288903707,4.0,tracking,1,0.0,1,0,1,force_bus_tool_compensated,4,phathom_s_scan:tracking t=24.48 contact=1 vz_cmd=+0.0
916360.423984464,916360.421240937,27323,1788822026.3827984,2.4101119605064185,1.8225046477478675,3.8922328922893565,0.11380157137595423,-0.06855558514299133,0.07470687490796997,4.0,tracking,1,0.0,1,0,1,force_bus_tool_compensated,4,phathom_s_scan:tracking t=24.49 contact=1 vz_cmd=+0.0
916360.433991966,916360.431662549,27325,1788822026.3932157,2.0265247554269727,1.6195996272648778,3.6970717929938637,0.10147993975128278,-0.0323779511627803,0.07392291844185589,4.0,tracking,1,1.5,1,0,1,force_bus_tool_compensated,4,phathom_s_scan:tracking t=24.50 contact=1 vz_cmd=+1.5
916360.443984956,916360.441309578,27327,1788822026.402868,2.156874897278125,1.8869527609604049,3.992317780131092,0.11496175629324337,-0.05582050386678386,0.08450542060164529,4.0,tracking,1,1.0,1,0,1,force_bus_tool_compensated,4,phathom_s_scan:tracking t=24.51 contact=1 vz_cmd=+1.0
916360.453985919,916360.451499461,27329,1788822026.4130566,1.6502711356213164,1.5185693620450356,3.7486215253212802,0.08787662064672735,-0.02424144404547607,0.07461672372695566,4.0,tracking,1,1.4,1,0,1,force_bus_tool_compensated,4,phathom_s_scan:tracking t=24.52 contact=1 vz_cmd=+1.4
916360.463989313,916360.461856668,27331,1788822026.42341,1.992410130825762,1.5946305157653784,3.9238078572699226,0.092859541492744,-0.05035224136400524,0.07650117139307776,4.0,tracking,1,1.0,1,0,1,force_bus_tool_compensated,4,phathom_s_scan:tracking t=24.53 contact=1 vz_cmd=+1.0
916360.473988357,916360.471409884,27333,1788822026.4329667,1.9526537490557856,1.8603677622894546,3.7386236424227643,0.11733350035760921,-0.04082849220706655,0.08556757064164734,4.0,tracking,1,1.3,1,0,1,force_bus_tool_compensated,4,phathom_s_scan:tracking t=24.54 contact=1 vz_cmd=+1.3
916360.483994718,916360.481540155,27335,1788822026.4430945,2.2118653501869416,1.781020913894764,4.034405660366909,0.1063606395328658,-0.05564680938878323,0.08431261977869284,4.0,tracking,1,1.3,1,0,1,force_bus_tool_compensated,4,phathom_s_scan:tracking t=24.55 contact=1 vz_cmd=+1.3
916360.493991977,916360.491477377,27337,1788822026.4530299,2.509316288624224,1.823690128486167,3.8597548995845865,0.1008519518768035,-0.044041728299687596,0.07916086618927029,4.0,tracking,1,1.0,1,0,1,force_bus_tool_compensated,4,phathom_s_scan:tracking t=24.56 contact=1 vz_cmd=+1.0
916360.50398961,916360.501484757,27339,1788822026.4630408,2.6538625278309596,1.8339779122947693,4.279396235618285,0.11268991655889742,-0.071220072420104,0.0846096122501498,4.0,tracking,1,-0.0,1,0,1,force_bus_tool_compensated,4,phathom_s_scan:tracking t=24.57 contact=1 vz_cmd=-0.0
916360.5139972,916360.511399787,27341,1788822026.4729574,2.8323295177852668,1.799291793597421,4.008826517711605,0.10341081019294851,-0.05772928281983792,0.07706217327110115,4.0,tracking,1,-1.1,1,0,1,force_bus_tool_compensated,4,phathom_s_scan:tracking t=24.58 contact=1 vz_cmd=-1.1
916360.523953564,916360.52138081,27343,1788822026.4829395,3.0031930194300385,2.2234741304113372,4.102778886671444,0.13613341340384127,-0.06008060242295373,0.09596297197700111,4.0,tracking,1,-0.5,1,0,1,force_bus_tool_compensated,4,phathom_s_scan:tracking t=24.59 contact=1 vz_cmd=-0.5
916360.53398239,916360.531373275,27345,1788822026.4929326,3.3150771387818057,2.0336780491452995,4.311090707904034,0.10415545315789376,-0.06896881692808654,0.08026331632290752,4.0,tracking,1,-1.8,1,0,1,force_bus_tool_compensated,4,phathom_s_scan:tracking t=24.60 contact=1 vz_cmd=-1.8
916360.543960708,916360.541354885,27347,1788822026.5029116,2.9754760982323925,1.8775426778956343,4.331069568972959,0.1206419647234128,-0.08713562350928201,0.08520901637393502,4.0,tracking,1,-3.0,1,0,1,force_bus_tool_compensated,4,phathom_s_scan:tracking t=24.61 contact=1 vz_cmd=-3.0
916360.553978685,916360.551244091,27349,1788822026.5128026,2.448566892034384,2.070871254137776,4.326795492604008,0.12543888073688267,-0.03847387664961239,0.08535643687506425,4.0,tracking,1,-3.7,1,0,1,force_bus_tool_compensated,4,phathom_s_scan:tracking t=24.62 contact=1 vz_cmd=-3.7
916360.563965842,916360.561276236,27351,1788822026.522834,2.601218563054795,1.6532201216936293,4.078335565373829,0.09028817306652379,-0.07738826536563241,0.07193084315863715,4.0,tracking,1,-2.7,1,0,1,force_bus_tool_compensated,4,phathom_s_scan:tracking t=24.63 contact=1 vz_cmd=-2.7
916360.573986734,916360.571511777,27353,1788822026.533066,2.1788301820259974,1.8180004039626054,3.988496142427554,0.11335995274703181,-0.04313892721194583,0.07939214843119201,4.0,tracking,1,-1.8,1,0,1,force_bus_tool_compensated,4,phathom_s_scan:tracking t=24.64 contact=1 vz_cmd=-1.8
916360.583966508,916360.581393027,27355,1788822026.5429502,2.3164483577770927,1.5100933147709843,4.085789737119894,0.08580749990117899,-0.0699359678993337,0.08162819356948375,4.0,tracking,1,-1.3,1,0,1,force_bus_tool_compensated,4,phathom_s_scan:tracking t=24.65 contact=1 vz_cmd=-1.3
916360.593964468,916360.591793999,27357,1788822026.5533519,2.0407348687989235,1.496038044326542,3.811785833622845,0.0943474717294128,-0.04587649411834692,0.07616777051925737,4.0,tracking,1,-0.6,1,0,1,force_bus_tool_compensated,4,phathom_s_scan:tracking t=24.66 contact=1 vz_cmd=-0.6
916360.603974515,916360.601403216,27359,1788822026.5629609,2.154238051283686,1.8658259888427502,4.127575024909198,0.12383367202631831,-0.05495009053641231,0.0899951635915488,4.0,tracking,1,-0.4,1,0,1,force_bus_tool_compensated,4,phathom_s_scan:tracking t=24.67 contact=1 vz_cmd=-0.4
916360.613987946,916360.61166142,27361,1788822026.5732183,2.226556568566819,1.799519389199876,3.999258187929322,0.10493726450758191,-0.061928738616854294,0.08437113757001645,4.0,tracking,1,-0.3,1,0,1,force_bus_tool_compensated,4,phathom_s_scan:tracking t=24.68 contact=1 vz_cmd=-0.3
916360.623981829,916360.621288718,27363,1788822026.5828466,2.143275933818795,1.805080683243793,3.71364164296313,0.1021363953581168,-0.047500550934366524,0.0879012500209084,4.0,tracking,1,0.7,1,0,1,force_bus_tool_compensated,4,phathom_s_scan:tracking t=24.69 contact=1 vz_cmd=+0.7
916360.633992419,916360.631663861,27365,1788822026.5932198,2.641982780027268,1.8799647477461854,3.827517784792035,0.10940271975198441,-0.07148951404377207,0.08745377488909685,4.0,tracking,1,1.1,1,0,1,force_bus_tool_compensated,4,phathom_s_scan:tracking t=24.70 contact=1 vz_cmd=+1.1
916360.643985856,916360.641617205,27367,1788822026.6031744,2.989667699087902,2.0168341245156816,4.105287753560594,0.12085032434275614,-0.09649259663793734,0.09061829201746296,4.0,tracking,1,0.7,1,0,1,force_bus_tool_compensated,4,phathom_s_scan:tracking t=24.71 contact=1 vz_cmd=+0.7
916360.653965715,916360.651844333,27369,1788822026.613401,3.1193582273470057,1.7449773902792935,3.8117420912925577,0.09133060458142507,-0.08096172403133528,0.07898795519340063,4.0,tracking,1,0.8,1,0,1,force_bus_tool_compensated,4,phathom_s_scan:tracking t=24.72 contact=1 vz_cmd=+0.8
916360.663972082,916360.661874724,27371,1788822026.623427,3.3032129284506015,1.9261638646644754,3.631064282980378,0.11194338714135277,-0.06910363197276169,0.0929072084375792,4.0,tracking,1,2.7,1,0,1,force_bus_tool_compensated,4,phathom_s_scan:tracking t=24.73 contact=1 vz_cmd=+2.7
916360.67399111,916360.671804882,27373,1788822026.6333618,3.2454202907210554,1.7183893447980783,4.169509117062773,0.11597306903448676,-0.08445278425324398,0.0841975424838563,4.0,tracking,1,1.8,1,0,1,force_bus_tool_compensated,4,phathom_s_scan:tracking t=24.74 contact=1 vz_cmd=+1.8
916360.683965192,916360.681312955,27375,1788822026.6428697,2.8810807462269774,1.353700144171029,4.000062755362641,0.10417153909951292,-0.07764843898135397,0.09167940374704617,4.0,tracking,1,1.0,1,0,1,force_bus_tool_compensated,4,phathom_s_scan:tracking t=24.75 contact=1 vz_cmd=+1.0
916360.693999134,916360.692053291,27377,1788822026.6536071,2.5953350098879837,1.6216963977327306,3.9781703901047636,0.12839060426278148,-0.056739676460037324,0.08685388770317831,4.0,tracking,1,0.7,1,0,1,force_bus_tool_compensated,4,phathom_s_scan:tracking t=24.76 contact=1 vz_cmd=+0.7
916360.703992904,916360.701471695,27379,1788822026.6630292,2.720423921993377,1.63221651586301,4.119533295091351,0.12097696653710527,-0.08149157577346244,0.09115172902124324,4.0,tracking,1,0.4,1,0,1,force_bus_tool_compensated,4,phathom_s_scan:tracking t=24.77 contact=1 vz_cmd=+0.4
916360.713987226,916360.711534993,27381,1788822026.6730888,2.6601960197289722,1.371679141511244,4.376836920226428,0.10423035516085286,-0.07795636927642628,0.08746327834144851,4.0,tracking,1,-1.1,1,0,1,force_bus_tool_compensated,4,phathom_s_scan:tracking t=24.78 contact=1 vz_cmd=-1.1
916360.723988007,916360.721331243,27383,1788822026.6828873,2.5636271543624214,1.5753151040295665,4.237702602293529,0.119575614694859,-0.052602565684903346,0.09462389909197574,4.0,tracking,1,-2.1,1,0,1,force_bus_tool_compensated,4,phathom_s_scan:tracking t=24.79 contact=1 vz_cmd=-2.1
916360.733966045,916360.73152028,27385,1788822026.6930761,2.5468062336911914,1.303243199868795,4.134904144730516,0.0910181748308275,-0.06450514809721752,0.08736693610516644,4.0,tracking,1,-1.6,1,0,1,force_bus_tool_compensated,4,phathom_s_scan:tracking t=24.80 contact=1 vz_cmd=-1.6
916360.743976475,916360.741454151,27387,1788822026.7030115,2.960881012142836,1.195608107488204,4.274359826943015,0.09820757749437627,-0.0541759138454452,0.07812175459359956,4.0,tracking,1,-2.0,1,0,1,force_bus_tool_compensated,4,phathom_s_scan:tracking t=24.81 contact=1 vz_cmd=-2.0
916360.753962925,916360.751542606,27389,1788822026.7130995,3.300916771389785,1.138325780780354,4.372538192415677,0.10583313846361031,-0.09137575544734086,0.09479801835685499,4.0,tracking,1,-3.0,1,0,1,force_bus_tool_compensated,4,phathom_s_scan:tracking t=24.82 contact=1 vz_cmd=-3.0
916360.76396228,916360.761706625,27391,1788822026.7232616,3.2690467745297296,1.0312013951099481,4.251973443095195,0.10373552166433384,-0.0696279380192379,0.08296638449717558,4.0,tracking,1,-3.5,1,0,1,force_bus_tool_compensated,4,phathom_s_scan:tracking t=24.83 contact=1 vz_cmd=-3.5
916360.773969292,916360.771733626,27393,1788822026.7332892,3.578136492550579,0.8849930447663867,4.35701712470695,0.09371827578092742,-0.10604526422425802,0.07164228109676236,4.0,tracking,1,-3.7,1,0,1,force_bus_tool_compensated,4,phathom_s_scan:tracking t=24.84 contact=1 vz_cmd=-3.7
916360.783988153,916360.781482936,27395,1788822026.74304,3.6420186714601464,1.1668542339865802,4.614804360460549,0.12540519886946785,-0.10004120417786792,0.0931791555552649,4.0,tracking,1,-6.3,1,0,1,force_bus_tool_compensated,4,phathom_s_scan:tracking t=24.85 contact=1 vz_cmd=-6.3
916360.793989374,916360.791589221,27397,1788822026.7531426,3.9822611013463307,0.9904182411249597,4.2952170189335135,0.08983078525034219,-0.09107120354946886,0.0739432923783429,4.0,tracking,1,-6.1,1,0,1,force_bus_tool_compensated,4,phathom_s_scan:tracking t=24.86 contact=1 vz_cmd=-6.1
916360.803961067,916360.802219291,27399,1788822026.763771,4.240498101645203,1.4319736215073688,4.103310775887423,0.11351091731582587,-0.09188841374998262,0.08963555669346703,4.0,tracking,1,-4.3,1,0,1,force_bus_tool_compensated,4,phathom_s_scan:tracking t=24.87 contact=1 vz_cmd=-4.3
916360.813989781,916360.811995808,27401,1788822026.7735538,3.2547645321312872,1.4176932311689854,4.614277762758218,0.1252714635425718,-0.08508242263912912,0.0911719950822779,4.0,tracking,1,-5.4,1,0,1,force_bus_tool_compensated,4,phathom_s_scan:tracking t=24.88 contact=1 vz_cmd=-5.4
916360.823965494,916360.822233607,27403,1788822026.7837903,2.932560279803175,1.732573061604791,4.114460341197917,0.13285633051027596,-0.06346347049246491,0.09318664587059731,4.0,tracking,1,-4.5,1,0,1,force_bus_tool_compensated,4,phathom_s_scan:tracking t=24.89 contact=1 vz_cmd=-4.5
916360.833965243,916360.831632086,27405,1788822026.7931886,2.825909245727274,1.3478102409561878,4.110470485636711,0.09487138254529517,-0.06914388221446327,0.08447621904719427,4.0,tracking,1,-3.0,1,0,1,force_bus_tool_compensated,4,phathom_s_scan:tracking t=24.90 contact=1 vz_cmd=-3.0
916360.843987002,916360.841323566,27407,1788822026.80288,2.9463390997425645,1.8831203190187664,4.0630335079050965,0.12393615038000255,-0.09135454339999305,0.09601910265631974,4.0,tracking,1,-2.2,1,0,1,force_bus_tool_compensated,4,phathom_s_scan:tracking t=24.91 contact=1 vz_cmd=-2.2
916360.854004985,916360.851435719,27409,1788822026.8129926,2.5439109838456124,1.5590944151944197,3.8027556285760546,0.10140404812018189,-0.05231557900748897,0.0879259331820733,4.0,tracking,1,-1.2,1,0,1,force_bus_tool_compensated,4,phathom_s_scan:tracking t=24.92 contact=1 vz_cmd=-1.2
916360.863970287,916360.862229779,27411,1788822026.8237827,2.5326580799405343,1.5554025709147992,3.597395033226977,0.09852096464283201,-0.07517031904082262,0.0989571723794844,4.0,tracking,1,1.6,1,0,1,force_bus_tool_compensated,4,phathom_s_scan:tracking t=24.93 contact=1 vz_cmd=+1.6
916360.873980794,916360.871373093,27413,1788822026.8329298,2.8936169103174376,1.5978469788787026,4.035792230045941,0.09099212091629677,-0.11380924878000179,0.0779955522092983,4.0,tracking,1,1.4,1,0,1,force_bus_tool_compensated,4,phathom_s_scan:tracking t=24.94 contact=1 vz_cmd=+1.4
916360.883974542,916360.881396585,27415,1788822026.842954,2.6476098038834657,1.6472882392697439,3.8841556648315185,0.09309724088062532,-0.10147474614883373,0.10180393069858015,4.0,tracking,1,1.0,1,0,1,force_bus_tool_compensated,4,phathom_s_scan:tracking t=24.95 contact=1 vz_cmd=+1.0
916360.893987695,916360.892018884,27417,1788822026.8535695,2.6990985057881387,1.6926332884233688,3.5979645221479033,0.08433765010046172,-0.09058130660327367,0.08358160122180848,4.0,tracking,1,2.4,1,0,1,force_bus_tool_compensated,4,phathom_s_scan:tracking t=24.96 contact=1 vz_cmd=+2.4
916360.903972646,916360.901247183,27419,1788822026.862805,2.8038296881966094,1.589858405583233,3.778150050557655,0.09407943456361628,-0.08587926987987728,0.09416474057616188,4.0,tracking,1,2.7,1,0,1,force_bus_tool_compensated,4,phathom_s_scan:tracking t=24.97 contact=1 vz_cmd=+2.7
916360.913954919,916360.911316315,27421,1788822026.8728738,3.2943951014000845,1.7340501218494033,3.67011028264294,0.11334173321878863,-0.10618061754929058,0.0949076411346856,4.0,tracking,1,3.1,1,0,1,force_bus_tool_compensated,4,phathom_s_scan:tracking t=24.98 contact=1 vz_cmd=+3.1
916360.923970771,916360.921595118,27423,1788822026.8831527,3.3068409865223294,1.8902344298327278,3.625339137440725,0.1333466350390183,-0.08797867413294316,0.10473675156479847,4.0,tracking,1,4.2,1,0,1,force_bus_tool_compensated,4,phathom_s_scan:tracking t=24.99 contact=1 vz_cmd=+4.2
916360.933990262,916360.931780872,27425,1788822026.8933375,3.2926675893331065,1.8615789390948552,3.6404534747191737,0.11950073549677527,-0.08196784193112339,0.10465333730660517,4.0,tracking,1,4.8,1,0,1,force_bus_tool_compensated,4,phathom_s_scan:tracking t=25.00 contact=1 vz_cmd=+4.8
916360.943992202,916360.941449415,27427,1788822026.9030051,3.6013575964946987,1.8657024743323083,3.6836681106948554,0.10995792718771658,-0.08589988752149613,0.10338888969767135,4.0,tracking,1,4.8,1,0,1,force_bus_tool_compensated,4,phathom_s_scan:tracking t=25.01 contact=1 vz_cmd=+4.8
916360.953984392,916360.951388269,27429,1788822026.9129457,3.3564154625278575,1.893728542573891,4.018915670921484,0.12870039872076725,-0.10408734555047225,0.10582220921170941,4.0,tracking,1,3.3,1,0,1,force_bus_tool_compensated,4,phathom_s_scan:tracking t=25.02 contact=1 vz_cmd=+3.3
916360.964052028,916360.961333356,27431,1788822026.92289,2.968481951822739,1.8173548623749924,4.084743975425106,0.12956423421156246,-0.11095592069723155,0.1056423931980573,4.0,tracking,1,2.2,1,0,1,force_bus_tool_compensated,4,phathom_s_scan:tracking t=25.03 contact=1 vz_cmd=+2.2
916360.973967577,916360.971982468,27433,1788822026.933537,2.989526552256846,1.6802119960393775,4.06414525213846,0.11703303658090058,-0.08834939092083283,0.09177800989093157,4.0,tracking,1,1.3,1,0,1,force_bus_tool_compensated,4,phathom_s_scan:tracking t=25.04 contact=1 vz_cmd=+1.3
916360.983988546,916360.981556098,27435,1788822026.9431124,3.0863890015300735,1.6300531569681842,4.069902700762554,0.09982814170951962,-0.09190072482288625,0.09755698055868134,4.0,tracking,1,0.9,1,0,1,force_bus_tool_compensated,4,phathom_s_scan:tracking t=25.05 contact=1 vz_cmd=+0.9
916360.993967673,916360.99156926,27437,1788822026.9531264,3.0377831417392405,1.4583255240898871,4.1446550970103315,0.08972117827313514,-0.0827993470744623,0.08816515925149027,4.0,tracking,1,0.5,1,0,1,force_bus_tool_compensated,4,phathom_s_scan:tracking t=25.06 contact=1 vz_cmd=+0.5
916361.003974483,916361.001549745,27439,1788822026.9631062,3.3162252596769735,1.5736260653038756,4.187414791033321,0.09371145250628903,-0.105946024351883,0.08974779842047942,4.0,tracking,1,-0.3,1,0,1,force_bus_tool_compensated,4,phathom_s_scan:tracking t=25.07 contact=1 vz_cmd=-0.3
916361.013974646,916361.011398153,27441,1788822026.9729557,3.150763282037412,1.654456348732007,4.402346511253017,0.09766720073251135,-0.09608100908878078,0.09799436476067439,4.0,tracking,1,-1.8,1,0,1,force_bus_tool_compensated,4,phathom_s_scan:tracking t=25.08 contact=1 vz_cmd=-1.8
916361.023966473,916361.021424138,27443,1788822026.982979,3.4052657897117924,1.7069551627692143,4.357421078553578,0.10031371826511923,-0.09938606055242859,0.09752336933841341,4.0,tracking,1,-3.3,1,0,1,force_bus_tool_compensated,4,phathom_s_scan:tracking t=25.09 contact=1 vz_cmd=-3.3
916361.033985505,916361.032061553,27445,1788822026.9936168,3.572144733397654,1.7761323386067136,4.3175641512131815,0.10138509235846627,-0.08998851643203251,0.09184440423870817,4.0,tracking,1,-3.8,1,0,1,force_bus_tool_compensated,4,phathom_s_scan:tracking t=25.10 contact=1 vz_cmd=-3.8
916361.043984805,916361.041699991,27447,1788822027.0032575,3.677787009161604,1.7951151602222115,4.258521222350931,0.10545527009740441,-0.08333992015409826,0.09397249573779097,4.0,tracking,1,-3.8,1,0,1,force_bus_tool_compensated,4,phathom_s_scan:tracking t=25.11 contact=1 vz_cmd=-3.8
916361.0539624,916361.051610046,27449,1788822027.0131638,3.9231545642164978,1.7187725141817485,4.26841688400487,0.09424845535712272,-0.09460756547387239,0.09761439820472233,4.0,tracking,1,-3.4,1,0,1,force_bus_tool_compensated,4,phathom_s_scan:tracking t=25.12 contact=1 vz_cmd=-3.4
916361.063994283,916361.061503987,27451,1788822027.0230587,4.044963922660337,1.7055002105140251,4.268820182870023,0.11239025440848437,-0.08570169546281933,0.09031957402069841,4.0,tracking,1,-3.6,1,0,1,force_bus_tool_compensated,4,phathom_s_scan:tracking t=25.13 contact=1 vz_cmd=-3.6
916361.073960418,916361.071253818,27453,1788822027.032811,4.099342554833415,1.9476582679819456,4.234010513136223,0.122954788914865,-0.0890157735663262,0.10493046402236818,4.0,tracking,1,-3.1,1,0,1,force_bus_tool_compensated,4,phathom_s_scan:tracking t=25.14 contact=1 vz_cmd=-3.1
916361.083989253,916361.081445205,27455,1788822027.0430028,3.8339630159570484,1.73168400958448,4.258629506585112,0.10537932767827755,-0.10985352617586475,0.08979445092113711,4.0,tracking,1,-3.2,1,0,1,force_bus_tool_compensated,4,phathom_s_scan:tracking t=25.15 contact=1 vz_cmd=-3.2
916361.093986504,916361.091440898,27457,1788822027.0529985,3.472395537457399,1.674339611635411,4.458896826382604,0.11403273322424849,-0.12032452074902988,0.09252964608372392,4.0,tracking,1,-4.5,1,0,1,force_bus_tool_compensated,4,phathom_s_scan:tracking t=25.16 contact=1 vz_cmd=-4.5
916361.103986681,916361.10160368,27459,1788822027.0631611,3.3016255257224265,1.5738107031099455,4.3747394069700976,0.10474850190232642,-0.09915506183853372,0.09824116980362863,4.0,tracking,1,-5.3,1,0,1,force_bus_tool_compensated,4,phathom_s_scan:tracking t=25.17 contact=1 vz_cmd=-5.3
916361.113958798,916361.11160884,27461,1788822027.073166,3.2210049009443713,1.5170024123703454,4.413822766678728,0.10513077559219895,-0.09320303122875946,0.08906331727232615,4.0,tracking,1,-5.5,1,0,1,force_bus_tool_compensated,4,phathom_s_scan:tracking t=25.18 contact=1 vz_cmd=-5.5
916361.123975788,916361.121324954,27463,1788822027.0828815,3.4214846734566406,1.6365706960452484,4.496096728292897,0.10718538589075809,-0.09758208927802958,0.093085427504092,4.0,tracking,1,-6.9,1,0,1,force_bus_tool_compensated,4,phathom_s_scan:tracking t=25.19 contact=1 vz_cmd=-6.9
916361.134015233,916361.13161114,27465,1788822027.093159,3.105255797412121,1.5976976850915916,4.1015228876754,0.10009237715053108,-0.06355307638754934,0.09218765482120674,4.0,tracking,1,-5.4,1,0,1,force_bus_tool_compensated,4,phathom_s_scan:tracking t=25.20 contact=1 vz_cmd=-5.4
916361.143986202,916361.141357106,27467,1788822027.1029136,3.1109436347542094,1.5540790566459661,4.112951528167301,0.09473200132984874,-0.07528981945885187,0.09581756538915642,4.0,tracking,1,-3.6,1,0,1,force_bus_tool_compensated,4,phathom_s_scan:tracking t=25.22 contact=1 vz_cmd=-3.6
916361.154014004,916361.151501116,27469,1788822027.1130586,3.278583870223428,1.5184385249334054,4.457524345134733,0.09840364568231315,-0.10271925771094086,0.09385702938928012,4.0,tracking,1,-4.4,1,0,1,force_bus_tool_compensated,4,phathom_s_scan:tracking t=25.22 contact=1 vz_cmd=-4.4
916361.163997619,916361.161374238,27471,1788822027.122928,3.3136294346167205,1.8762920821632953,4.296269442589427,0.12841189079037052,-0.0986433993708121,0.10001901845684273,4.0,tracking,1,-5.1,1,0,1,force_bus_tool_compensated,4,phathom_s_scan:tracking t=25.23 contact=1 vz_cmd=-5.1
916361.173960407,916361.171377364,27473,1788822027.1329343,2.9451800399195376,1.5919822956627914,4.0701245863775615,0.0899669445572299,-0.07423135033065613,0.09264029063444497,4.0,tracking,1,-3.4,1,0,1,force_bus_tool_compensated,4,phathom_s_scan:tracking t=25.25 contact=1 vz_cmd=-3.4
916361.183976029,916361.181650555,27475,1788822027.1432083,3.392758674939592,1.590494274211718,4.389557313890703,0.10103988699901845,-0.10941383369023856,0.09346173672062381,4.0,tracking,1,-4.1,1,0,1,force_bus_tool_compensated,4,phathom_s_scan:tracking t=25.25 contact=1 vz_cmd=-4.1
916361.193965502,916361.191435746,27477,1788822027.1529913,3.5734726704596618,1.5477596018281503,4.058739094624492,0.10183344261285292,-0.10763845771032769,0.09119619528244999,4.0,tracking,1,-3.0,1,0,1,force_bus_tool_compensated,4,phathom_s_scan:tracking t=25.26 contact=1 vz_cmd=-3.0
916361.203961867,916361.201588612,27479,1788822027.1631434,3.5095473301927447,1.6850927714806785,3.8706619533650963,0.11262808259066139,-0.07753122211532322,0.0992070313204416,4.0,tracking,1,-2.0,1,0,1,force_bus_tool_compensated,4,phathom_s_scan:tracking t=25.27 contact=1 vz_cmd=-2.0
916361.213959291,916361.211374099,27481,1788822027.1729317,3.9244854471758086,1.8869370570974655,3.816275543366323,0.11606427047601447,-0.08053659465176702,0.09523495160543533,4.0,tracking,1,-1.1,1,0,1,force_bus_tool_compensated,4,phathom_s_scan:tracking t=25.28 contact=1 vz_cmd=-1.1
916361.223986926,916361.2219317,27483,1788822027.183488,3.0515747123322283,1.7266578892365645,4.038458765795605,0.1139739187798754,-0.09717720847543657,0.0989211014020719,4.0,tracking,1,-0.6,1,0,1,force_bus_tool_compensated,4,phathom_s_scan:tracking t=25.29 contact=1 vz_cmd=-0.6
916361.234072262,916361.231606119,27485,1788822027.193163,3.160717582474627,1.516613405212582,4.264947834058592,0.10042117921912544,-0.09408105828196617,0.09162632629038404,4.0,tracking,1,-1.3,1,0,1,force_bus_tool_compensated,4,phathom_s_scan:tracking t=25.30 contact=1 vz_cmd=-1.3
916361.243994201,916361.241396207,27487,1788822027.2029538,3.1259783599007043,1.3757399572015316,3.8063278930186555,0.0943339488956095,-0.08378774778368744,0.08985789773858749,4.0,tracking,1,-0.6,1,0,1,force_bus_tool_compensated,4,phathom_s_scan:tracking t=25.31 contact=1 vz_cmd=-0.6
916361.253969221,916361.251363677,27489,1788822027.2129211,2.9853576211851967,1.4662053377876592,4.050356275380279,0.10596212101292164,-0.07546445357630428,0.09314689973600036,4.0,tracking,1,-0.4,1,0,1,force_bus_tool_compensated,4,phathom_s_scan:tracking t=25.32 contact=1 vz_cmd=-0.4
916361.263966384,916361.261376629,27491,1788822027.2229335,3.043887904615764,1.6217209193797033,3.865377517986171,0.11627227109476312,-0.08668678228171922,0.09778822196084755,4.0,tracking,1,-0.2,1,0,1,force_bus_tool_compensated,4,phathom_s_scan:tracking t=25.33 contact=1 vz_cmd=-0.2
916361.27397488,916361.271394837,27493,1788822027.232952,2.944022137727587,1.5748659241596021,3.9751073263501926,0.10835448989806382,-0.08837642502894943,0.09687486551038293,4.0,tracking,1,-0.1,1,0,1,force_bus_tool_compensated,4,phathom_s_scan:tracking t=25.34 contact=1 vz_cmd=-0.1
916361.283963911,916361.281889119,27495,1788822027.2434433,2.9847969018691223,1.4065155907515288,3.9722082083496955,0.09323433201299333,-0.09516723768807539,0.09855993974156865,4.0,tracking,1,-0.1,1,0,1,force_bus_tool_compensated,4,phathom_s_scan:tracking t=25.35 contact=1 vz_cmd=-0.1
916361.29397417,916361.291627381,27497,1788822027.253179,2.9469291520845675,1.339238348608524,3.8655638332559255,0.08826534625688252,-0.09206280575990307,0.08934027416714171,4.0,tracking,1,0.0,1,0,1,force_bus_tool_compensated,4,phathom_s_scan:tracking t=25.36 contact=1 vz_cmd=+0.0
916361.303982709,916361.301730152,27499,1788822027.2632835,3.1075726539849784,1.497689766304115,3.844868294967927,0.10861655094704312,-0.09570282063515521,0.09565997410465546,4.0,tracking,1,0.2,1,0,1,force_bus_tool_compensated,4,phathom_s_scan:tracking t=25.37 contact=1 vz_cmd=+0.2
916361.313962225,916361.311715647,27501,1788822027.273273,3.1377952915507152,1.318748697341917,3.952824117037534,0.10768863819470986,-0.08007046279571109,0.0951450090967977,4.0,tracking,1,0.1,1,0,1,force_bus_tool_compensated,4,phathom_s_scan:tracking t=25.38 contact=1 vz_cmd=+0.1
916361.324038471,916361.321395236,27503,1788822027.282953,3.560779497450905,1.3970628086278023,3.855845808782947,0.1110435768950828,-0.09885108319610507,0.08916806150347407,4.0,tracking,1,0.2,1,0,1,force_bus_tool_compensated,4,phathom_s_scan:tracking t=25.39 contact=1 vz_cmd=+0.2
916361.334086726,916361.331630543,27505,1788822027.293183,3.476912903084829,1.2558471799316044,3.9971996056102035,0.09133540597293836,-0.09498944645128408,0.0829046731082644,4.0,tracking,1,0.2,1,0,1,force_bus_tool_compensated,4,phathom_s_scan:tracking t=25.40 contact=1 vz_cmd=+0.2
916361.343994487,916361.341434484,27507,1788822027.3029888,3.248959109164651,1.0937501884495295,4.151763107111205,0.07363533282930851,-0.10262044407920462,0.08321616171590135,4.0,tracking,1,-0.0,1,0,1,force_bus_tool_compensated,4,phathom_s_scan:tracking t=25.41 contact=1 vz_cmd=-0.0
916361.354074735,916361.351423651,27509,1788822027.3129818,2.979847048188022,1.3204981933390278,4.181608553195296,0.09945498359911244,-0.07609794413808593,0.09651729754828736,4.0,tracking,1,-0.6,1,0,1,force_bus_tool_compensated,4,phathom_s_scan:tracking t=25.42 contact=1 vz_cmd=-0.6
916361.363965143,916361.361364449,27511,1788822027.3229194,2.926237621677225,1.1107787537209295,4.009138076873115,0.092783786336544,-0.07493258412311331,0.07779623425895227,4.0,tracking,1,-0.4,1,0,1,force_bus_tool_compensated,4,phathom_s_scan:tracking t=25.43 contact=1 vz_cmd=-0.4
916361.373982896,916361.371359306,27513,1788822027.3329165,2.9272902096526283,1.4154614229777778,4.000022097152999,0.10815350580763625,-0.06888259489723321,0.09143843923634559,4.0,tracking,1,-0.3,1,0,1,force_bus_tool_compensated,4,phathom_s_scan:tracking t=25.45 contact=1 vz_cmd=-0.3
916361.383982907,916361.381488051,27515,1788822027.3430462,2.8329235641678334,1.1160182872984217,4.37148296644702,0.09868301676712986,-0.07776529934060628,0.09436005133861906,4.0,tracking,1,-1.2,1,0,1,force_bus_tool_compensated,4,phathom_s_scan:tracking t=25.45 contact=1 vz_cmd=-1.2
916361.393965303,916361.39131135,27517,1788822027.352868,3.1820931987289276,1.4986663961138298,4.395293048236434,0.11132486696952883,-0.10266654196383199,0.07923693918720598,4.0,tracking,1,-3.6,1,0,1,force_bus_tool_compensated,4,phathom_s_scan:tracking t=25.46 contact=1 vz_cmd=-3.6
916361.403959407,916361.401512679,27519,1788822027.3630712,2.6625533802769255,1.3827939468994415,4.338779248009821,0.09408770557444907,-0.06635870607227518,0.10049324934231442,4.0,tracking,1,-3.8,1,0,1,force_bus_tool_compensated,4,phathom_s_scan:tracking t=25.48 contact=1 vz_cmd=-3.8
916361.413961923,916361.411482133,27521,1788822027.3730297,3.112284544733121,1.3081261416973176,4.36843874209629,0.09466080954416473,-0.0922116972750953,0.07737739469012961,4.0,tracking,1,-4.5,1,0,1,force_bus_tool_compensated,4,phathom_s_scan:tracking t=25.48 contact=1 vz_cmd=-4.5
916361.423997124,916361.421531104,27523,1788822027.3830876,2.956275713798612,1.4277662131699795,4.436640004057915,0.09966720347137858,-0.09153406810737118,0.09576078539178787,4.0,tracking,1,-5.4,1,0,1,force_bus_tool_compensated,4,phathom_s_scan:tracking t=25.49 contact=1 vz_cmd=-5.4
916361.433989715,916361.431756546,27525,1788822027.393313,2.8408656199868045,1.1936665769580663,4.237953781036124,0.09480572612692847,-0.06973149952478888,0.08726230285755504,4.0,tracking,1,-5.1,1,0,1,force_bus_tool_compensated,4,phathom_s_scan:tracking t=25.51 contact=1 vz_cmd=-5.1
916361.443982011,916361.441326705,27527,1788822027.4028842,2.9386933465083747,1.401072487280771,4.080007250357757,0.1015238881292758,-0.07855416987740925,0.08900855853551984,4.0,tracking,1,-3.4,1,0,1,force_bus_tool_compensated,4,phathom_s_scan:tracking t=25.51 contact=1 vz_cmd=-3.4
916361.45399448,916361.451531222,27529,1788822027.4130878,2.9413595585315897,1.3237638175754962,4.095116611455985,0.08015577102503581,-0.08211696665692386,0.0872912632151841,4.0,tracking,1,-2.3,1,0,1,force_bus_tool_compensated,4,phathom_s_scan:tracking t=25.52 contact=1 vz_cmd=-2.3
916361.463964237,916361.461494662,27531,1788822027.4230523,3.3353681155671104,1.3052235442441271,4.2151688818237005,0.09134708213413324,-0.09209498538198316,0.08348710645234345,4.0,tracking,1,-2.0,1,0,1,force_bus_tool_compensated,4,phathom_s_scan:tracking t=25.53 contact=1 vz_cmd=-2.0
916361.473982649,916361.471466428,27533,1788822027.4330153,2.5657921591219974,1.1842362990461692,4.185377755661945,0.10556278786462524,-0.07748886214654482,0.07823805247964354,4.0,tracking,1,-2.3,1,0,1,force_bus_tool_compensated,4,phathom_s_scan:tracking t=25.54 contact=1 vz_cmd=-2.3
916361.483962698,916361.481627381,27535,1788822027.443181,2.449004997784894,1.1482265974450558,4.1316967654813705,0.10173795063232868,-0.08835118258448287,0.08168592054537578,4.0,tracking,1,-1.6,1,0,1,force_bus_tool_compensated,4,phathom_s_scan:tracking t=25.55 contact=1 vz_cmd=-1.6
916361.493955475,916361.491367128,27537,1788822027.4529245,2.6089163805278286,1.2422903216416832,4.211156317698222,0.11617243661421707,-0.08625122882894055,0.09699517127735294,4.0,tracking,1,-1.8,1,0,1,force_bus_tool_compensated,4,phathom_s_scan:tracking t=25.56 contact=1 vz_cmd=-1.8
916361.503966962,916361.501705547,27539,1788822027.4632597,2.4338672503632566,1.2640083131155826,4.039248711550065,0.11126854994898173,-0.0675838839233004,0.09661591455996826,4.0,tracking,1,-1.2,1,0,1,force_bus_tool_compensated,4,phathom_s_scan:tracking t=25.57 contact=1 vz_cmd=-1.2
916361.513985901,916361.511380444,27541,1788822027.472938,2.4638912631935614,1.1071707293900674,3.9578805602063496,0.09456200970874179,-0.0578615592282015,0.07935901062315187,4.0,tracking,1,-0.8,1,0,1,force_bus_tool_compensated,4,phathom_s_scan:tracking t=25.58 contact=1 vz_cmd=-0.8
916361.524064334,916361.521331062,27543,1788822027.4828877,2.5191875331602387,0.9943996334404039,3.9043238485829774,0.09091467692903626,-0.05957011660893121,0.08084997103139918,4.0,tracking,1,-0.5,1,0,1,force_bus_tool_compensated,4,phathom_s_scan:tracking t=25.59 contact=1 vz_cmd=-0.5
916361.534111708,916361.531636378,27545,1788822027.4931912,2.4940410013505625,0.9404307516024529,4.047278927156103,0.08185598537320098,-0.06556471404463612,0.08107589166173099,4.0,tracking,1,-0.4,1,0,1,force_bus_tool_compensated,4,phathom_s_scan:tracking t=25.60 contact=1 vz_cmd=-0.4
916361.543962353,916361.541705717,27547,1788822027.5032625,2.4712640846649157,0.798185539578008,3.9995154710467906,0.08424114540367715,-0.07346505029531096,0.07302578606945506,4.0,tracking,1,-0.3,1,0,1,force_bus_tool_compensated,4,phathom_s_scan:tracking t=25.61 contact=1 vz_cmd=-0.3
916361.553993451,916361.551538904,27549,1788822027.5130959,2.651196420922635,0.7735070594530871,4.266648213025996,0.10021304740212753,-0.08931352066812533,0.08000854628079464,4.0,tracking,1,-0.9,1,0,1,force_bus_tool_compensated,4,phathom_s_scan:tracking t=25.62 contact=1 vz_cmd=-0.9
916361.56399334,916361.561667652,27551,1788822027.5232205,2.5617850435066325,0.6670377445609106,4.031690375910611,0.09856568040103468,-0.08128465783378906,0.08336384748026514,4.0,tracking,1,-0.6,1,0,1,force_bus_tool_compensated,4,phathom_s_scan:tracking t=25.63 contact=1 vz_cmd=-0.6
916361.573960664,916361.571627549,27553,1788822027.5331836,2.6129252697426617,0.8680571074172406,4.090010174568379,0.1161969894920332,-0.08540844823198251,0.07095981286984071,4.0,tracking,1,-0.4,1,0,1,force_bus_tool_compensated,4,phathom_s_scan:tracking t=25.64 contact=1 vz_cmd=-0.4
916361.58398126,916361.581521937,27555,1788822027.5430784,2.6613435988566625,0.8785703601953285,3.9571956426031174,0.10944623454451072,-0.07828957726028149,0.08474201575427873,4.0,tracking,1,-0.3,1,0,1,force_bus_tool_compensated,4,phathom_s_scan:tracking t=25.65 contact=1 vz_cmd=-0.3
916361.593963608,916361.591575288,27557,1788822027.5531287,2.489176521971844,0.8876110845327715,3.7749318657515354,0.09584191669429094,-0.057869943395457736,0.07886061025637166,4.0,tracking,1,0.8,1,0,1,force_bus_tool_compensated,4,phathom_s_scan:tracking t=25.66 contact=1 vz_cmd=+0.8
916361.603981471,916361.601367238,27559,1788822027.562926,2.368558390750022,0.9624695963473501,3.8090958809260385,0.0982552427356306,-0.060585504218815894,0.0746834586351238,4.0,tracking,1,0.9,1,0,1,force_bus_tool_compensated,4,phathom_s_scan:tracking t=25.67 contact=1 vz_cmd=+0.9
916361.613958967,916361.611579498,27561,1788822027.5731356,2.706711047791036,0.7364010529730717,4.417123265015726,0.07653391874746558,-0.10201198352463223,0.0779022763903772,4.0,tracking,1,-0.4,1,0,1,force_bus_tool_compensated,4,phathom_s_scan:tracking t=25.68 contact=1 vz_cmd=-0.4
916361.623968776,916361.621346041,27563,1788822027.5829003,2.5995714401944885,0.7684516785739559,4.285077210035831,0.0921856080656657,-0.08106937582578452,0.07072262168702848,4.0,tracking,1,-2.0,1,0,1,force_bus_tool_compensated,4,phathom_s_scan:tracking t=25.69 contact=1 vz_cmd=-2.0
916361.633960799,916361.631592712,27565,1788822027.5931492,2.10970125059492,1.260910473590073,4.07005998564752,0.12844232906680628,-0.04441095241833856,0.10073744295864115,4.0,tracking,1,-1.4,1,0,1,force_bus_tool_compensated,4,phathom_s_scan:tracking t=25.71 contact=1 vz_cmd=-1.4
916361.643959887,916361.641558613,27567,1788822027.603114,2.541482163161776,1.014069223360974,4.122963110578737,0.10241512713816965,-0.0647928717787118,0.07653921751692619,4.0,tracking,1,-1.1,1,0,1,force_bus_tool_compensated,4,phathom_s_scan:tracking t=25.71 contact=1 vz_cmd=-1.1
916361.653994831,916361.651505316,27569,1788822027.6130607,2.328869194086779,1.011732618794226,4.20346807386437,0.09924568289321564,-0.05223440873312976,0.09143700264891197,4.0,tracking,1,-1.1,1,0,1,force_bus_tool_compensated,4,phathom_s_scan:tracking t=25.72 contact=1 vz_cmd=-1.1
916361.66399076,916361.661490352,27571,1788822027.6230478,2.3775619867995035,0.9572896994243668,4.203877727175852,0.08576756095918854,-0.059118878841550156,0.07945127010211404,4.0,tracking,1,-1.5,1,0,1,force_bus_tool_compensated,4,phathom_s_scan:tracking t=25.74 contact=1 vz_cmd=-1.5
916361.673979544,916361.671497312,27573,1788822027.633046,2.526315517313777,0.9468819757647351,4.202597686761667,0.08514370607480744,-0.06346049727951615,0.07542494625189115,4.0,tracking,1,-1.8,1,0,1,force_bus_tool_compensated,4,phathom_s_scan:tracking t=25.74 contact=1 vz_cmd=-1.8
916361.683984433,916361.681461624,27575,1788822027.643019,2.5392905881334857,1.3108239477896197,4.475487923182908,0.10919394440539945,-0.07112105021203262,0.09584222453219522,4.0,tracking,1,-3.2,1,0,1,force_bus_tool_compensated,4,phathom_s_scan:tracking t=25.75 contact=1 vz_cmd=-3.2
916361.693957312,916361.691547231,27577,1788822027.6531038,2.534069739906619,0.9395089683536524,4.344627090647124,0.08772970624965631,-0.056870496274437125,0.07200484390201164,4.0,tracking,1,-4.2,1,0,1,force_bus_tool_compensated,4,phathom_s_scan:tracking t=25.77 contact=1 vz_cmd=-4.2
916361.703966504,916361.701878299,27579,1788822027.6634345,2.536556866392563,1.2979830177262128,4.20491587694487,0.1205840121497623,-0.06439512291148049,0.09738070351340024,4.0,tracking,1,-3.9,1,0,1,force_bus_tool_compensated,4,phathom_s_scan:tracking t=25.77 contact=1 vz_cmd=-3.9
916361.713987501,916361.711495514,27581,1788822027.6730397,1.9403172425585125,1.2047227780049776,3.870948853636511,0.1097396878815311,-0.020316150597509595,0.09637323403804186,4.0,tracking,1,-2.6,1,0,1,force_bus_tool_compensated,4,phathom_s_scan:tracking t=25.78 contact=1 vz_cmd=-2.6
916361.723983566,916361.721393662,27583,1788822027.6829479,2.138639551484971,1.2919536337361384,3.804168404452264,0.10396619114332464,-0.037677067269264904,0.07786161697880312,4.0,tracking,1,-1.4,1,0,1,force_bus_tool_compensated,4,phathom_s_scan:tracking t=25.79 contact=1 vz_cmd=-1.4
916361.734076078,916361.732063284,27585,1788822027.6936176,1.5987182619501379,1.141855174397445,3.862814687752597,0.08046298713425516,-0.034220480935782636,0.08474352140402111,4.0,tracking,1,-0.2,1,0,1,force_bus_tool_compensated,4,phathom_s_scan:tracking t=25.80 contact=1 vz_cmd=-0.2
916361.744071313,916361.741468638,27587,1788822027.7030268,1.8384326750019166,1.3003236555486828,4.1350496025657995,0.09997653444404933,-0.05683319505066737,0.08115027969769782,4.0,tracking,1,-0.2,1,0,1,force_bus_tool_compensated,4,phathom_s_scan:tracking t=25.81 contact=1 vz_cmd=-0.2
916361.753958337,916361.751568661,27589,1788822027.7131257,1.4482300943383426,1.221337078185279,4.055964815834338,0.09262976844136842,-0.03803757827762427,0.09192920076206895,4.0,tracking,1,-0.2,1,0,1,force_bus_tool_compensated,4,phathom_s_scan:tracking t=25.82 contact=1 vz_cmd=-0.2
916361.763987845,916361.761674098,27591,1788822027.7232296,1.7209414734968473,1.1601757225768878,3.9385630018142956,0.09924787810375543,-0.055948660260858256,0.07652944697184326,4.0,tracking,1,-0.1,1,0,1,force_bus_tool_compensated,4,phathom_s_scan:tracking t=25.83 contact=1 vz_cmd=-0.1
916361.773962078,916361.771646575,27593,1788822027.7332034,1.6272335776155398,0.9876371731124541,3.8501118618972767,0.09570805670434925,-0.04652806306680074,0.08455609370027968,4.0,tracking,1,0.1,1,0,1,force_bus_tool_compensated,4,phathom_s_scan:tracking t=25.84 contact=1 vz_cmd=+0.1
916361.783958358,916361.781463357,27595,1788822027.7430227,1.522295968370682,0.5371930283634129,3.7610781977217433,0.0834907397177303,-0.053769642244666814,0.08009279097669476,4.0,tracking,1,0.7,1,0,1,force_bus_tool_compensated,4,phathom_s_scan:tracking t=25.85 contact=1 vz_cmd=+0.7
916361.793999417,916361.791736834,27597,1788822027.7532907,1.6162841782611892,0.6660301516095465,3.7867682545637167,0.11497730463576922,-0.06605229313854331,0.08543606101954954,4.0,tracking,1,1.1,1,0,1,force_bus_tool_compensated,4,phathom_s_scan:tracking t=25.86 contact=1 vz_cmd=+1.1
916361.803984779,916361.801841744,27599,1788822027.763399,1.4811335706707105,0.4742122039545922,4.043746798038831,0.09376650091537772,-0.07983078946379013,0.08275104706536106,4.0,tracking,1,0.8,1,0,1,force_bus_tool_compensated,4,phathom_s_scan:tracking t=25.87 contact=1 vz_cmd=+0.8
916361.813982773,916361.811692299,27601,1788822027.7732458,1.4991333824801616,0.5200947902109767,4.082742234265315,0.10864495591645203,-0.07290389399606688,0.0769327213155898,4.0,tracking,1,0.5,1,0,1,force_bus_tool_compensated,4,phathom_s_scan:tracking t=25.88 contact=1 vz_cmd=+0.5
916361.823967031,916361.821653673,27603,1788822027.7832084,1.6330797108953548,0.8083454422393094,4.1367179068364415,0.1356817292691344,-0.0710505431979589,0.08903959922463431,4.0,tracking,1,0.1,1,0,1,force_bus_tool_compensated,4,phathom_s_scan:tracking t=25.89 contact=1 vz_cmd=+0.1
916361.833959653,916361.831668301,27605,1788822027.793224,1.4269310878790513,0.6931289610281965,4.2589081371359905,0.11387408146604626,-0.060032786567068876,0.08387852995307,4.0,tracking,1,-0.5,1,0,1,force_bus_tool_compensated,4,phathom_s_scan:tracking t=25.90 contact=1 vz_cmd=-0.5
916361.843954589,916361.841473175,27607,1788822027.803028,1.5582481361741713,0.7654428100270665,4.140128085826574,0.1210270471262745,-0.046282592025135454,0.08073159398650501,4.0,tracking,1,-1.2,1,0,1,force_bus_tool_compensated,4,phathom_s_scan:tracking t=25.91 contact=1 vz_cmd=-1.2
916361.853958925,916361.851552659,27609,1788822027.8131087,1.3492208321242432,0.541861775868654,4.0983338346978755,0.09333219553091733,-0.02085504603797277,0.08393094720020863,4.0,tracking,1,-0.8,1,0,1,force_bus_tool_compensated,4,phathom_s_scan:tracking t=25.92 contact=1 vz_cmd=-0.8
916361.863988549,916361.861554746,27611,1788822027.8231099,1.3596749921449127,0.40556915636752794,3.993820516824832,0.08401267572862078,-0.01202438192209218,0.0804861816153568,4.0,tracking,1,-0.5,1,0,1,force_bus_tool_compensated,4,phathom_s_scan:tracking t=25.93 contact=1 vz_cmd=-0.5
916361.87398719,916361.871461876,27613,1788822027.8330176,1.1757364691237275,0.04346402836050225,4.084364599339408,0.06695086846483882,-0.00684234646990476,0.06594364373339101,4.0,tracking,1,-0.4,1,0,1,force_bus_tool_compensated,4,phathom_s_scan:tracking t=25.94 contact=1 vz_cmd=-0.4
916361.883985482,916361.881625449,27615,1788822027.8431828,1.179953899801941,0.1564323658177281,4.107115720575887,0.09317118822248813,-0.013388487535336216,0.08513326261502145,4.0,tracking,1,-0.4,1,0,1,force_bus_tool_compensated,4,phathom_s_scan:tracking t=25.95 contact=1 vz_cmd=-0.4
916361.893962354,916361.891550039,27617,1788822027.8531075,0.9852112119104612,0.3644275220818008,4.180437671152594,0.11775855740474482,-0.01107070221947609,0.0819300099545869,4.0,tracking,1,-0.5,1,0,1,force_bus_tool_compensated,4,phathom_s_scan:tracking t=25.96 contact=1 vz_cmd=-0.5
916361.903989176,916361.90160047,27619,1788822027.863157,1.1904565977581423,0.3990385923202576,4.169375154724709,0.09780638779290982,-0.03638747079250242,0.07714945454676042,4.0,tracking,1,-0.8,1,0,1,force_bus_tool_compensated,4,phathom_s_scan:tracking t=25.97 contact=1 vz_cmd=-0.8
916361.913959233,916361.911547832,27621,1788822027.8731048,1.00233859324073,0.3430336959412799,4.377564802431934,0.0854273211442854,-0.03323529344292308,0.07269495929869613,4.0,tracking,1,-2.0,1,0,1,force_bus_tool_compensated,4,phathom_s_scan:tracking t=25.98 contact=1 vz_cmd=-2.0
916361.923984251,916361.921441441,27623,1788822027.883,1.2159827340342515,0.4250903807768554,4.406502222263648,0.09161497488436289,-0.04478053126148334,0.06757944949437046,4.0,tracking,1,-3.9,1,0,1,force_bus_tool_compensated,4,phathom_s_scan:tracking t=25.99 contact=1 vz_cmd=-3.9
916361.933990997,916361.93173616,27625,1788822027.8932917,1.5477871900187148,0.5892755810559237,4.1238760140978545,0.09958962858729856,-0.05571767258556191,0.0809603512525039,4.0,tracking,1,-3.1,1,0,1,force_bus_tool_compensated,4,phathom_s_scan:tracking t=26.00 contact=1 vz_cmd=-3.1
916361.94396406,916361.941506029,27627,1788822027.9030638,1.4893564787144233,0.7102475421744813,4.117399698361394,0.11810977116837734,-0.035764311674956875,0.0815445269312683,4.0,tracking,1,-2.2,1,0,1,force_bus_tool_compensated,4,phathom_s_scan:tracking t=26.01 contact=1 vz_cmd=-2.2
916361.953986237,916361.951542281,27629,1788822027.9130974,1.5507794183536079,0.6021448461664822,3.8939431714345147,0.11037574737644189,-0.02251554350946437,0.082020457234564,4.0,tracking,1,-1.4,1,0,1,force_bus_tool_compensated,4,phathom_s_scan:tracking t=26.02 contact=1 vz_cmd=-1.4
916361.963966637,916361.961722582,27631,1788822027.9232786,1.493128733507053,0.534523679856258,4.004541403485026,0.10735639925678626,-0.031183944009570575,0.08671611397758922,4.0,tracking,1,-1.0,1,0,1,force_bus_tool_compensated,4,phathom_s_scan:tracking t=26.03 contact=1 vz_cmd=-1.0
916361.973988285,916361.971676218,27633,1788822027.933234,1.382045723818538,0.6177801753392181,3.978642234936379,0.10352283029612462,-0.026742919024760278,0.07806297479920743,4.0,tracking,1,-0.6,1,0,1,force_bus_tool_compensated,4,phathom_s_scan:tracking t=26.04 contact=1 vz_cmd=-0.6
916361.983982291,916361.981562408,27635,1788822027.9431207,1.3711363418985867,0.6514061591371805,3.9186819348060955,0.10137972598456726,-0.02468864531563512,0.07914120349966508,4.0,tracking,1,-0.4,1,0,1,force_bus_tool_compensated,4,phathom_s_scan:tracking t=26.05 contact=1 vz_cmd=-0.4
916361.993964323,916361.991739178,27637,1788822027.9532945,1.2688882084562056,0.98989856455173,3.8880971458676252,0.09994963448522046,-0.015802692391362082,0.07656060126426678,4.0,tracking,1,-0.3,1,0,1,force_bus_tool_compensated,4,phathom_s_scan:tracking t=26.06 contact=1 vz_cmd=-0.3
916362.003989002,916362.001588158,27639,1788822027.963145,1.26620829584455,0.9088294119765064,3.749745315476342,0.07793251224364585,-0.009978939505084307,0.07350182397733201,4.0,tracking,1,0.5,1,0,1,force_bus_tool_compensated,4,phathom_s_scan:tracking t=26.07 contact=1 vz_cmd=+0.5
916362.01395955,916362.011644083,27641,1788822027.973198,1.0990328845029056,0.8603994150263533,3.9543317103550386,0.09612395512982601,0.004097242941517794,0.08013412542797474,4.0,tracking,1,0.4,1,0,1,force_bus_tool_compensated,4,phathom_s_scan:tracking t=26.08 contact=1 vz_cmd=+0.4
916362.023985959,916362.021677487,27643,1788822027.9832315,1.3180318189452638,1.0490545430336586,3.725004413474773,0.10374195996106284,-0.006746553239053084,0.09032264402407472,4.0,tracking,1,1.1,1,0,1,force_bus_tool_compensated,4,phathom_s_scan:tracking t=26.09 contact=1 vz_cmd=+1.1
916362.033985303,916362.031671167,27645,1788822027.993229,1.128029444376926,1.0168073366409334,3.803219090578818,0.09798515373560762,0.006040831712134362,0.08540303591164376,4.0,tracking,1,1.6,1,0,1,force_bus_tool_compensated,4,phathom_s_scan:tracking t=26.10 contact=1 vz_cmd=+1.6
916362.043960961,916362.041609001,27647,1788822028.0031664,1.3647678243002772,0.9305985269230415,3.9187229987649914,0.09985412451165103,-0.012441647578542398,0.08615375952752662,4.0,tracking,1,1.1,1,0,1,force_bus_tool_compensated,4,phathom_s_scan:tracking t=26.11 contact=1 vz_cmd=+1.1
916362.053981505,916362.051975373,27649,1788822028.0135324,1.4950398269961327,0.8633012843266882,3.745298646552062,0.09091918592172757,-0.02338738904192299,0.08570025538016013,4.0,tracking,1,1.4,1,0,1,force_bus_tool_compensated,4,phathom_s_scan:tracking t=26.12 contact=1 vz_cmd=+1.4
916362.063991491,916362.061619129,27651,1788822028.0231764,1.2881797792803038,0.5540261132172626,4.181449462740905,0.10906417674037161,-0.009966740892010726,0.08091029802986323,4.0,tracking,1,0.7,1,0,1,force_bus_tool_compensated,4,phathom_s_scan:tracking t=26.13 contact=1 vz_cmd=+0.7
916362.073984514,916362.071527169,27653,1788822028.0330832,1.633471316865434,0.7679390192632619,3.945710807694062,0.11221058819918199,-0.04418269009326782,0.08526258535258069,4.0,tracking,1,0.4,1,0,1,force_bus_tool_compensated,4,phathom_s_scan:tracking t=26.14 contact=1 vz_cmd=+0.4
916362.084014318,916362.081624746,27655,1788822028.0431824,1.3972143368586056,0.7046210583255649,3.911877552514627,0.11518267282101732,-0.014388070713251317,0.08571189805236841,4.0,tracking,1,0.3,1,0,1,force_bus_tool_compensated,4,phathom_s_scan:tracking t=26.15 contact=1 vz_cmd=+0.3
916362.093957839,916362.091560612,27657,1788822028.0531173,1.4049673734747046,0.7596871176955183,4.004110828070845,0.11577005720181228,-0.029296101774946036,0.08747646881757115,4.0,tracking,1,0.2,1,0,1,force_bus_tool_compensated,4,phathom_s_scan:tracking t=26.16 contact=1 vz_cmd=+0.2
916362.103994222,916362.101674264,27659,1788822028.0632305,1.407159136751166,0.7648799597633228,3.986562840778334,0.10923900181781165,-0.023456700519851957,0.0828476747191478,4.0,tracking,1,0.2,1,0,1,force_bus_tool_compensated,4,phathom_s_scan:tracking t=26.17 contact=1 vz_cmd=+0.2
916362.113960725,916362.111673174,27661,1788822028.0732272,1.3030840288415364,0.8043427338113652,3.832865837070913,0.101333036838198,0.0026099999306638914,0.0854637242333526,4.0,tracking,1,0.3,1,0,1,force_bus_tool_compensated,4,phathom_s_scan:tracking t=26.18 contact=1 vz_cmd=+0.3
916362.12398858,916362.12186273,27663,1788822028.0834193,1.1872033245451852,0.8112359903248514,3.996874413525706,0.09863146804919118,-0.003920646696343478,0.0858810774668437,4.0,tracking,1,0.4,1,0,1,force_bus_tool_compensated,4,phathom_s_scan:tracking t=26.19 contact=1 vz_cmd=+0.4
916362.133964065,916362.131994032,27665,1788822028.093551,1.2496151512916183,0.6744560654125945,4.098897131461107,0.09409938788591657,-0.007726714512366468,0.07822114052810361,4.0,tracking,1,0.2,1,0,1,force_bus_tool_compensated,4,phathom_s_scan:tracking t=26.20 contact=1 vz_cmd=+0.2
916362.143960695,916362.141582994,27667,1788822028.1031365,1.3284420583580845,0.6527278258243242,4.042533904381,0.09542684047996025,-0.0012664575966849225,0.08457570043319261,4.0,tracking,1,0.1,1,0,1,force_bus_tool_compensated,4,phathom_s_scan:tracking t=26.21 contact=1 vz_cmd=+0.1
916362.153958327,916362.151560137,27669,1788822028.1131165,1.3331269322711032,0.5227461383809119,4.000759789734959,0.08558519567225394,0.009397655274840476,0.07264065127584313,4.0,tracking,1,0.1,1,0,1,force_bus_tool_compensated,4,phathom_s_scan:tracking t=26.22 contact=1 vz_cmd=+0.1
916362.163960967,916362.161660186,27671,1788822028.1232162,1.4338961870273237,0.2788988799672994,4.051263791674921,0.0726700578822017,-0.001115503957675871,0.07218208857990417,4.0,tracking,1,0.1,1,0,1,force_bus_tool_compensated,4,phathom_s_scan:tracking t=26.23 contact=1 vz_cmd=+0.1
916362.173977948,916362.171599504,27673,1788822028.1331563,1.498577149800872,0.288304742063985,4.038878783679117,0.08518008369909946,0.008756508735311613,0.07418310888638746,4.0,tracking,1,0.0,1,0,1,force_bus_tool_compensated,4,phathom_s_scan:tracking t=26.24 contact=1 vz_cmd=+0.0
916362.183963856,916362.181640625,27675,1788822028.1431983,1.6090401681633193,0.37379091684126164,3.9837305307748387,0.10319665879555315,0.006841397920442484,0.08686852322105622,4.0,tracking,1,0.0,1,0,1,force_bus_tool_compensated,4,phathom_s_scan:tracking t=26.25 contact=1 vz_cmd=+0.0
916362.193965951,916362.19166725,27677,1788822028.153225,1.507209730252054,0.3032470493946749,4.108056984573932,0.10472675328797104,0.002530920065332793,0.08341667696172636,4.0,tracking,1,-0.0,1,0,1,force_bus_tool_compensated,4,phathom_s_scan:tracking t=26.26 contact=1 vz_cmd=-0.0
916362.203961046,916362.201787734,27679,1788822028.163345,1.6174904441748694,0.3387884844385183,4.103107476386269,0.11445146821185728,-0.008565078013382016,0.08988291288419074,4.0,tracking,1,-0.1,1,0,1,force_bus_tool_compensated,4,phathom_s_scan:tracking t=26.27 contact=1 vz_cmd=-0.1
916362.213958454,916362.211538702,27681,1788822028.1730957,1.7008290233202044,0.084283617105371,4.371187292632843,0.11081809470091192,-0.019966802441445296,0.08912630989477761,4.0,tracking,1,-1.6,1,0,1,force_bus_tool_compensated,4,phathom_s_scan:tracking t=26.28 contact=1 vz_cmd=-1.6
916362.223937887,916362.221608675,27683,1788822028.1831663,1.5878241751104358,0.17203388166815645,4.17811292110277,0.11912410528277896,-0.004406975730239456,0.08751132731378405,4.0,tracking,1,-1.8,1,0,1,force_bus_tool_compensated,4,phathom_s_scan:tracking t=26.29 contact=1 vz_cmd=-1.8
916362.233959134,916362.23174254,27685,1788822028.1932995,1.5802840142505261,0.11502199015651733,3.9598565912713157,0.11781162092234197,0.004200013641063835,0.08677887516887473,4.0,tracking,1,-1.2,1,0,1,force_bus_tool_compensated,4,phathom_s_scan:tracking t=26.30 contact=1 vz_cmd=-1.2
916362.243959772,916362.241654663,27687,1788822028.2032092,1.5148618945467303,-0.132006552685411,4.087924411963664,0.0971352957817645,0.0017542912888746996,0.07998411234844124,4.0,tracking,1,-0.8,1,0,1,force_bus_tool_compensated,4,phathom_s_scan:tracking t=26.31 contact=1 vz_cmd=-0.8
916362.253982266,916362.251641726,27689,1788822028.2131991,1.5075833085955028,-0.22071654080321554,4.036243908514044,0.09643620506623041,0.004395398527209327,0.08016313541632422,4.0,tracking,1,-0.6,1,0,1,force_bus_tool_compensated,4,phathom_s_scan:tracking t=26.32 contact=1 vz_cmd=-0.6
916362.263993109,916362.261520149,27691,1788822028.2230766,1.613929392074525,-0.190214525805849,3.865007452790208,0.0998160531788017,0.01008826834427997,0.07940246262206724,4.0,tracking,1,-0.3,1,0,1,force_bus_tool_compensated,4,phathom_s_scan:tracking t=26.33 contact=1 vz_cmd=-0.3
916362.273990574,916362.271976678,27693,1788822028.233534,1.4363395287293776,-0.02387588279500328,4.059473574761142,0.09988208749196445,0.009681337989964308,0.08507691900469322,4.0,tracking,1,-0.2,1,0,1,force_bus_tool_compensated,4,phathom_s_scan:tracking t=26.35 contact=1 vz_cmd=-0.2
916362.283995336,916362.281697377,27695,1788822028.243254,1.5574782712693165,-0.0544975240073053,4.011166403349844,0.09754304214797557,0.007562220838477906,0.07772664217288111,4.0,tracking,1,-0.1,1,0,1,force_bus_tool_compensated,4,phathom_s_scan:tracking t=26.35 contact=1 vz_cmd=-0.1
916362.293994353,916362.291892482,27697,1788822028.2534494,1.5606592872210288,-0.024687660125717627,3.99682469204171,0.09402435919755106,0.004704351656573348,0.08020980912561075,4.0,tracking,1,-0.1,1,0,1,force_bus_tool_compensated,4,phathom_s_scan:tracking t=26.36 contact=1 vz_cmd=-0.1
916362.303988413,916362.301935285,27699,1788822028.263492,1.4930366698845114,0.1381170076731172,3.9469576887124544,0.1095760484464914,0.01316962408442851,0.09428501245347734,4.0,tracking,1,-0.1,1,0,1,force_bus_tool_compensated,4,phathom_s_scan:tracking t=26.37 contact=1 vz_cmd=-0.1
916362.313984206,916362.311885491,27701,1788822028.2734425,1.4876915143773242,0.04614980323076372,3.9484717260757005,0.09610912013099142,0.015587345831642056,0.07903803397892382,4.0,tracking,1,-0.0,1,0,1,force_bus_tool_compensated,4,phathom_s_scan:tracking t=26.38 contact=1 vz_cmd=-0.0
916362.323986596,916362.321539845,27703,1788822028.2830973,1.5263886746091357,0.01956454060338198,3.9797416502865417,0.09083824418957126,0.010377252350083183,0.0846840920035191,4.0,tracking,1,-0.0,1,0,1,force_bus_tool_compensated,4,phathom_s_scan:tracking t=26.39 contact=1 vz_cmd=-0.0
916362.333977605,916362.331826725,27705,1788822028.293383,1.4456593723909377,-0.017503251267227495,4.073469197317713,0.09737591985756262,0.013167537366388867,0.08327595698544742,4.0,tracking,1,-0.0,1,0,1,force_bus_tool_compensated,4,phathom_s_scan:tracking t=26.40 contact=1 vz_cmd=-0.0
916362.343982582,916362.341472228,27707,1788822028.3030307,1.6437753309852545,0.11289127439749358,4.095087529097982,0.11981485666538817,-0.006393848123334294,0.0956943113241023,4.0,tracking,1,-0.0,1,0,1,force_bus_tool_compensated,4,phathom_s_scan:tracking t=26.41 contact=1 vz_cmd=-0.0
916362.35395882,916362.351846647,27709,1788822028.3134038,1.5424757740426707,0.03924667311072873,4.016941474659143,0.10321035483435534,0.002046651964463074,0.08526878342102416,4.0,tracking,1,-0.0,1,0,1,force_bus_tool_compensated,4,phathom_s_scan:tracking t=26.42 contact=1 vz_cmd=-0.0
916362.363981435,916362.361667066,27711,1788822028.3232229,1.687473890651225,0.1383749795357791,4.062278941168812,0.10438086209009202,-0.0033523368639594912,0.07878837394969594,4.0,tracking,1,-0.0,1,0,1,force_bus_tool_compensated,4,phathom_s_scan:tracking t=26.43 contact=1 vz_cmd=-0.0
916362.373977727,916362.371656041,27713,1788822028.3332124,1.598310435535169,0.08760719800083047,4.11471320517068,0.10398058680091382,0.004360961435702684,0.09091958214799234,4.0,tracking,1,-0.0,1,0,1,force_bus_tool_compensated,4,phathom_s_scan:tracking t=26.44 contact=1 vz_cmd=-0.0
916362.383976537,916362.381668574,27715,1788822028.3432271,1.6088258049714799,0.011665903813019747,4.2408299675657855,0.09607442593388135,0.0019798046545138857,0.07387421241704227,4.0,tracking,1,-0.8,1,0,1,force_bus_tool_compensated,4,phathom_s_scan:tracking t=26.45 contact=1 vz_cmd=-0.8
916362.393980414,916362.391598918,27717,1788822028.3531537,1.6560446011571575,0.10300072980118372,3.922447108594513,0.09693655575034024,0.01607704619202547,0.0827697445319625,4.0,tracking,1,-0.6,1,0,1,force_bus_tool_compensated,4,phathom_s_scan:tracking t=26.46 contact=1 vz_cmd=-0.6
916362.403972223,916362.40164769,27719,1788822028.3632038,1.6500264735986099,0.13679330218755315,4.06630396535291,0.09618673348721815,0.01185044185447403,0.07779270221131412,4.0,tracking,1,-0.4,1,0,1,force_bus_tool_compensated,4,phathom_s_scan:tracking t=26.47 contact=1 vz_cmd=-0.4
916362.413977216,916362.412003669,27721,1788822028.3735583,1.5069787012204958,0.069651541902613,4.171137546818451,0.09924064431510524,0.01827795283476497,0.08496416082917506,4.0,tracking,1,-0.4,1,0,1,force_bus_tool_compensated,4,phathom_s_scan:tracking t=26.48 contact=1 vz_cmd=-0.4
916362.42399603,916362.421800191,27723,1788822028.3833559,1.5362725328008908,0.0013044641590199864,4.084585411874662,0.09345092433086791,0.017557057775113703,0.07665129365168392,4.0,tracking,1,-0.7,1,0,1,force_bus_tool_compensated,4,phathom_s_scan:tracking t=26.49 contact=1 vz_cmd=-0.7
916362.433973648,916362.43182053,27725,1788822028.393378,1.439549154902571,-0.11965921965921993,4.147652351741969,0.09190574975088092,0.022623633872294078,0.07616395985193017,4.0,tracking,1,-0.6,1,0,1,force_bus_tool_compensated,4,phathom_s_scan:tracking t=26.50 contact=1 vz_cmd=-0.6
916362.443974214,916362.441745125,27727,1788822028.4032996,1.517004912321498,-0.029253853631796077,4.103497200051374,0.10072232936013947,0.014832976472586253,0.07994376272797052,4.0,tracking,1,-0.6,1,0,1,force_bus_tool_compensated,4,phathom_s_scan:tracking t=26.51 contact=1 vz_cmd=-0.6
916362.453961625,916362.451678743,27729,1788822028.4132354,1.5329909582375865,-0.09054119182703478,4.148407990430981,0.09981072220304894,0.01523538203733607,0.07656315398061625,4.0,tracking,1,-0.5,1,0,1,force_bus_tool_compensated,4,phathom_s_scan:tracking t=26.52 contact=1 vz_cmd=-0.5
916362.463995851,916362.461897175,27731,1788822028.42345,1.532425044884181,-0.14123245790385555,4.057612690210674,0.09964180802373207,0.012459495143466014,0.08345173875659723,4.0,tracking,1,-0.3,1,0,1,force_bus_tool_compensated,4,phathom_s_scan:tracking t=26.53 contact=1 vz_cmd=-0.3
916362.473971235,916362.471757239,27733,1788822028.4333131,1.585894503926777,-0.3051676847992632,4.234459077722977,0.09262677635503688,0.006231109754460456,0.07201256469555806,4.0,tracking,1,-1.1,1,0,1,force_bus_tool_compensated,4,phathom_s_scan:tracking t=26.54 contact=1 vz_cmd=-1.1
916362.483980769,916362.481627746,27735,1788822028.4431863,1.6034642069711083,-0.24043241786423877,4.165947863259465,0.10697040988056566,0.006097504031640231,0.08731274684848218,4.0,tracking,1,-1.1,1,0,1,force_bus_tool_compensated,4,phathom_s_scan:tracking t=26.55 contact=1 vz_cmd=-1.1
916362.493996511,916362.491605141,27737,1788822028.4531577,1.6172547896328076,-0.2247175663762153,4.100279391596205,0.10928736722926599,0.01016336642678815,0.08134068663271207,4.0,tracking,1,-0.7,1,0,1,force_bus_tool_compensated,4,phathom_s_scan:tracking t=26.56 contact=1 vz_cmd=-0.7
916362.503995067,916362.501601523,27739,1788822028.4631586,1.8013478855698142,-0.24563879683319936,4.076450850338313,0.10276196443484163,0.005266593960707913,0.07844946637235314,4.0,tracking,1,-0.7,1,0,1,force_bus_tool_compensated,4,phathom_s_scan:tracking t=26.58 contact=1 vz_cmd=-0.7
916362.513993757,916362.511531079,27741,1788822028.473088,1.717540101561319,-0.24541775268231966,4.09324425456294,0.1016757719007403,0.009830168654958603,0.08009137572223263,4.0,tracking,1,-0.5,1,0,1,force_bus_tool_compensated,4,phathom_s_scan:tracking t=26.58 contact=1 vz_cmd=-0.5
916362.523994139,916362.521589722,27743,1788822028.4831462,1.6458105714848748,-0.36691801225781817,4.191878650702276,0.09004793700602738,0.010517191821140236,0.07093965199221504,4.0,tracking,1,-1.0,1,0,1,force_bus_tool_compensated,4,phathom_s_scan:tracking t=26.59 contact=1 vz_cmd=-1.0
916362.533977066,916362.531770394,27745,1788822028.493327,1.6250441231657637,-0.3515192423462264,4.093055534290585,0.09564551885576603,0.016591201577201533,0.08284469374916517,4.0,tracking,1,-0.7,1,0,1,force_bus_tool_compensated,4,phathom_s_scan:tracking t=26.60 contact=1 vz_cmd=-0.7
916362.543984221,916362.541621689,27747,1788822028.5031784,1.5978963703229287,-0.254220887759972,4.079555600253412,0.107658533677872,0.022732983245907855,0.0793075917102818,4.0,tracking,1,-0.5,1,0,1,force_bus_tool_compensated,4,phathom_s_scan:tracking t=26.61 contact=1 vz_cmd=-0.5
916362.553966663,916362.551663088,27749,1788822028.5132203,1.585679084782748,-0.0347831337296456,3.942216245069435,0.11673826962222034,0.024636215926020548,0.09405487709525684,4.0,tracking,1,-0.3,1,0,1,force_bus_tool_compensated,4,phathom_s_scan:tracking t=26.62 contact=1 vz_cmd=-0.3
916362.563959162,916362.561698574,27751,1788822028.5232542,1.6301115267843655,-0.10917918463854734,4.052756760760497,0.09719495427012466,0.018108937381702963,0.0771658389777726,4.0,tracking,1,-0.2,1,0,1,force_bus_tool_compensated,4,phathom_s_scan:tracking t=26.63 contact=1 vz_cmd=-0.2
916362.573964316,916362.571482208,27753,1788822028.5330398,1.5098725225084433,-0.1907528427102345,4.1529178157756705,0.09028766594423693,0.024734006466006347,0.07435664845571513,4.0,tracking,1,-0.3,1,0,1,force_bus_tool_compensated,4,phathom_s_scan:tracking t=26.64 contact=1 vz_cmd=-0.3
916362.584071811,916362.581753814,27755,1788822028.543308,1.5901036356886615,-0.08607608753209488,4.209823926362332,0.10149979868911495,0.01643770721218134,0.08245261683036288,4.0,tracking,1,-0.8,1,0,1,force_bus_tool_compensated,4,phathom_s_scan:tracking t=26.65 contact=1 vz_cmd=-0.8
916362.594082522,916362.591585284,27757,1788822028.5531404,1.7229855143359976,-0.046314718238042785,4.168037070295362,0.09881684347353954,0.009616594215059905,0.07632207165401608,4.0,tracking,1,-1.0,1,0,1,force_bus_tool_compensated,4,phathom_s_scan:tracking t=26.66 contact=1 vz_cmd=-1.0
916362.604075953,916362.601552156,27759,1788822028.5631094,1.7256173287048178,0.04406683750595938,4.1675694142159845,0.10626893654389985,0.01866511792164065,0.08564339020945631,4.0,tracking,1,-0.9,1,0,1,force_bus_tool_compensated,4,phathom_s_scan:tracking t=26.67 contact=1 vz_cmd=-0.9
916362.614085386,916362.611971974,27761,1788822028.5735302,1.7635304770040712,-0.1249348476275981,4.247488414427817,0.09577469846803995,0.013975997872264407,0.07284304731507332,4.0,tracking,1,-1.3,1,0,1,force_bus_tool_compensated,4,phathom_s_scan:tracking t=26.68 contact=1 vz_cmd=-1.3
916362.623959689,916362.621570264,27763,1788822028.583127,1.8803677012629771,-0.17641259861264358,4.339644969182712,0.09476583198382828,0.00898717522648241,0.08072763331744823,4.0,tracking,1,-2.5,1,0,1,force_bus_tool_compensated,4,phathom_s_scan:tracking t=26.69 contact=1 vz_cmd=-2.5
916362.633990909,916362.631917412,27765,1788822028.5934677,1.7783374408588088,-0.20787310771701834,4.307535242143197,0.09619669388050041,0.026227280576807267,0.07575738760437337,4.0,tracking,1,-3.3,1,0,1,force_bus_tool_compensated,4,phathom_s_scan:tracking t=26.70 contact=1 vz_cmd=-3.3
916362.643984934,916362.641617978,27767,1788822028.603174,1.8697959040821694,-0.1805047573520764,4.289571313307499,0.09941294812746665,0.014529582167674755,0.0799197264858695,4.0,tracking,1,-3.5,1,0,1,force_bus_tool_compensated,4,phathom_s_scan:tracking t=26.71 contact=1 vz_cmd=-3.5
916362.653973801,916362.651563378,27769,1788822028.6131203,1.7819937473698313,-0.13106486626075312,4.3685080494996225,0.10613461430263689,0.02193915885301853,0.08468892948635477,4.0,tracking,1,-4.1,1,0,1,force_bus_tool_compensated,4,phathom_s_scan:tracking t=26.72 contact=1 vz_cmd=-4.1
916362.663967716,916362.66184615,27771,1788822028.6233985,1.7338557849318956,-0.11532186446119014,4.421164686764681,0.10846830805720925,0.02388053230680098,0.0815318869915935,4.0,tracking,1,-5.2,1,0,1,force_bus_tool_compensated,4,phathom_s_scan:tracking t=26.73 contact=1 vz_cmd=-5.2
916362.673979285,916362.671654651,27773,1788822028.6332078,1.6781665822622132,-0.06516016424117696,4.345270518704405,0.1064703691470227,0.027223324722127386,0.08440345848511249,4.0,tracking,1,-5.3,1,0,1,force_bus_tool_compensated,4,phathom_s_scan:tracking t=26.74 contact=1 vz_cmd=-5.3
916362.683998231,916362.681654768,27775,1788822028.6432116,1.676247477763014,-0.04590446546576594,4.440921023543619,0.10206496482532733,0.02406591747651092,0.0776013156630624,4.0,tracking,1,-6.0,1,0,1,force_bus_tool_compensated,4,phathom_s_scan:tracking t=26.75 contact=1 vz_cmd=-6.0
916362.693995235,916362.691645864,27777,1788822028.6531982,1.7772418141690172,-0.018231816237353586,4.328608807401679,0.09438772726358277,0.022921220725887606,0.08041693966355684,4.0,tracking,1,-6.0,1,0,1,force_bus_tool_compensated,4,phathom_s_scan:tracking t=26.76 contact=1 vz_cmd=-6.0
916362.703996522,916362.701715723,27779,1788822028.6632729,1.6626383207524775,-0.14294179132364015,4.265478300488462,0.08751772875805909,0.032245544548795975,0.07654295621312024,4.0,tracking,1,-5.0,1,0,1,force_bus_tool_compensated,4,phathom_s_scan:tracking t=26.77 contact=1 vz_cmd=-5.0
916362.71398535,916362.711671373,27781,1788822028.6732283,1.7325181342763136,-0.2201136594880106,4.237137793777654,0.0918682750079998,0.02316875083752507,0.07759622144751997,4.0,tracking,1,-4.4,1,0,1,force_bus_tool_compensated,4,phathom_s_scan:tracking t=26.78 contact=1 vz_cmd=-4.4
916362.723990169,916362.721717988,27783,1788822028.6832733,1.7507829200221765,-0.19715384371301278,4.270246138571301,0.10481561952462631,0.01975933092218389,0.08142224008087141,4.0,tracking,1,-4.0,1,0,1,force_bus_tool_compensated,4,phathom_s_scan:tracking t=26.79 contact=1 vz_cmd=-4.0
916362.733958175,916362.731784044,27785,1788822028.693341,1.8352821305772693,-0.13368429861928402,4.17814429076333,0.10909938271336839,0.016852970163968133,0.08180111393997637,4.0,tracking,1,-3.5,1,0,1,force_bus_tool_compensated,4,phathom_s_scan:tracking t=26.80 contact=1 vz_cmd=-3.5
916362.743955775,916362.741572867,27787,1788822028.7031267,1.7935450619251447,-0.08740348718440247,4.224590192341248,0.10997774389583075,0.006562379206653695,0.08548326508183283,4.0,tracking,1,-2.8,1,0,1,force_bus_tool_compensated,4,phathom_s_scan:tracking t=26.81 contact=1 vz_cmd=-2.8
916362.753991722,916362.75156548,27789,1788822028.7131221,1.758059144264749,-0.11829424296334182,4.287093534940382,0.10936749733229244,0.0037078763692914344,0.07984335181887153,4.0,tracking,1,-3.0,1,0,1,force_bus_tool_compensated,4,phathom_s_scan:tracking t=26.82 contact=1 vz_cmd=-3.0
916362.763960844,916362.761763957,27791,1788822028.7233205,2.1240992435161448,-0.39122009255079204,3.873270486193564,0.07863190183669312,0.009694116077568206,0.06882017980619058,4.0,tracking,1,-2.1,1,0,1,force_bus_tool_compensated,4,phathom_s_scan:tracking t=26.83 contact=1 vz_cmd=-2.1
916362.773978057,916362.771689667,27793,1788822028.7332463,1.609173431365725,-0.5587143246645233,3.7113948510085297,0.07207435907282295,0.03967525886124133,0.07573867277363325,4.0,tracking,1,-0.0,1,0,1,force_bus_tool_compensated,4,phathom_s_scan:tracking t=26.84 contact=1 vz_cmd=-0.0
916362.783994733,916362.781663069,27795,1788822028.7432208,1.4605246428347973,-0.29427460877158307,4.004931679358496,0.11753833218792327,0.021520646346311446,0.10539110468212082,4.0,tracking,1,0.0,1,0,1,force_bus_tool_compensated,4,phathom_s_scan:tracking t=26.85 contact=1 vz_cmd=+0.0
916362.793961954,916362.791764439,27797,1788822028.7533185,1.5268218675718492,0.005165399772197085,4.029227560820606,0.1490902740264732,0.022224750134644856,0.10986088751578711,4.0,tracking,1,0.0,1,0,1,force_bus_tool_compensated,4,phathom_s_scan:tracking t=26.86 contact=1 vz_cmd=+0.0
916362.803958151,916362.8015577,27799,1788822028.763115,1.457067091883298,0.12590546613889061,4.1121844064767075,0.15349343765461976,0.02744371641570973,0.1058752933339989,4.0,tracking,1,-0.0,1,0,1,force_bus_tool_compensated,4,phathom_s_scan:tracking t=26.87 contact=1 vz_cmd=-0.0
916362.813995339,916362.811845664,27801,1788822028.7734032,1.8528559560260813,0.017134821970404536,4.15927549891802,0.11387484244316314,0.0003584013764612682,0.0965119374589343,4.0,tracking,1,-0.5,1,0,1,force_bus_tool_compensated,4,phathom_s_scan:tracking t=26.88 contact=1 vz_cmd=-0.5
916362.823977317,916362.821531511,27803,1788822028.7830884,1.569555344488576,-0.1276034853233964,3.921947809002906,0.07637189701213075,0.040472689299451234,0.08853019915105657,4.0,tracking,1,-0.3,1,0,1,force_bus_tool_compensated,4,phathom_s_scan:tracking t=26.89 contact=1 vz_cmd=-0.3
916362.833994983,916362.83194505,27805,1788822028.793498,1.895502197160722,-0.12587183543813085,3.7918406606560366,0.07668752394463411,0.021697557991190317,0.08447049528622694,4.0,tracking,1,0.2,1,0,1,force_bus_tool_compensated,4,phathom_s_scan:tracking t=26.90 contact=1 vz_cmd=+0.2
916362.844079777,916362.841603002,27807,1788822028.803155,1.699890430878015,-0.23733468133667313,3.8209363381565473,0.07464779268433101,0.029525817753532253,0.08349436743833928,4.0,tracking,1,0.7,1,0,1,force_bus_tool_compensated,4,phathom_s_scan:tracking t=26.91 contact=1 vz_cmd=+0.7
916362.854066846,916362.851641163,27809,1788822028.8131998,1.5585552353886287,-0.21075360234650686,3.9395381365926934,0.09287942524432254,0.021071704810967564,0.09688584768881489,4.0,tracking,1,0.6,1,0,1,force_bus_tool_compensated,4,phathom_s_scan:tracking t=26.92 contact=1 vz_cmd=+0.6
916362.864072136,916362.861826355,27811,1788822028.8233783,1.6292131769688587,-0.326723433043756,4.108476050852049,0.10296737523171332,0.0210892549400672,0.09291959529847171,4.0,tracking,1,0.4,1,0,1,force_bus_tool_compensated,4,phathom_s_scan:tracking t=26.93 contact=1 vz_cmd=+0.4
916362.874078055,916362.871733182,27813,1788822028.8332906,1.7639187069887174,-0.1874123003504776,4.1598939098825385,0.1183759036321129,0.014378386508873886,0.10186771236674648,4.0,tracking,1,-0.0,1,0,1,force_bus_tool_compensated,4,phathom_s_scan:tracking t=26.94 contact=1 vz_cmd=-0.0
916362.883987694,916362.881929693,27815,1788822028.8434863,1.8957318701926076,-0.12002699667137194,4.3006650703831655,0.11562990334308426,0.011687520203123431,0.09750992723632772,4.0,tracking,1,-1.2,1,0,1,force_bus_tool_compensated,4,phathom_s_scan:tracking t=26.95 contact=1 vz_cmd=-1.2
916362.894077542,916362.891668115,27817,1788822028.8532212,1.8253912229376603,-0.19760696311569792,4.056337083372924,0.09208370659527938,0.024868392924000615,0.08592740236939174,4.0,tracking,1,-1.0,1,0,1,force_bus_tool_compensated,4,phathom_s_scan:tracking t=26.96 contact=1 vz_cmd=-1.0
916362.904066059,916362.901513874,27819,1788822028.8630707,1.7447717620884355,-0.1499038638303713,4.0014386395058485,0.0958796304627325,0.023084097477690666,0.09459172068709837,4.0,tracking,1,-0.7,1,0,1,force_bus_tool_compensated,4,phathom_s_scan:tracking t=26.97 contact=1 vz_cmd=-0.7
916362.91396238,916362.911597405,27821,1788822028.8731549,1.5941894113008734,-0.20315917357206392,3.9081487462606135,0.09365448530954687,0.03411186606239085,0.0926386863147075,4.0,tracking,1,-0.4,1,0,1,force_bus_tool_compensated,4,phathom_s_scan:tracking t=26.98 contact=1 vz_cmd=-0.4
916362.923997742,916362.921712718,27823,1788822028.8832657,1.5402862718561194,-0.2085684508780962,3.8301623711231656,0.10595303308429596,0.03367561433997666,0.09761377662087538,4.0,tracking,1,-0.1,1,0,1,force_bus_tool_compensated,4,phathom_s_scan:tracking t=26.99 contact=1 vz_cmd=-0.1
916362.933988764,916362.931799636,27825,1788822028.8933563,1.5075763618934508,-0.2864869363932467,4.107614943066229,0.11066094191113181,0.017895478178499707,0.09773472182661927,4.0,tracking,1,-0.1,1,0,1,force_bus_tool_compensated,4,phathom_s_scan:tracking t=27.00 contact=1 vz_cmd=-0.1
916362.943985433,916362.941595527,27827,1788822028.9031515,1.6370123968180867,-0.158261291214818,4.156247631469799,0.123728144431048,0.012089316865237487,0.10204095525054695,4.0,tracking,1,-0.3,1,0,1,force_bus_tool_compensated,4,phathom_s_scan:tracking t=27.01 contact=1 vz_cmd=-0.3
916362.953966236,916362.951864489,27829,1788822028.9134188,1.695743589856676,-0.13644017662914712,4.0955781868738175,0.1194903774848174,0.010077285976531297,0.10449675747916143,4.0,tracking,1,-0.3,1,0,1,force_bus_tool_compensated,4,phathom_s_scan:tracking t=27.02 contact=1 vz_cmd=-0.3
916362.963983038,916362.961509021,27831,1788822028.9230661,1.637200950991699,-0.33375524514777777,3.935472577861119,0.087647153782551,0.023738286388138553,0.08355643013057354,4.0,tracking,1,-0.2,1,0,1,force_bus_tool_compensated,4,phathom_s_scan:tracking t=27.03 contact=1 vz_cmd=-0.2
916362.973972828,916362.971532566,27833,1788822028.9330812,1.642799671882765,-0.0962621707182014,3.8699214881883535,0.10156394400174089,0.01779126498680444,0.09765102534125422,4.0,tracking,1,0.1,1,0,1,force_bus_tool_compensated,4,phathom_s_scan:tracking t=27.04 contact=1 vz_cmd=+0.1
916362.98396555,916362.981809362,27835,1788822028.9433615,1.6474680875876677,-0.07471253395984456,3.847119951300301,0.08752680952504625,0.021826984476171735,0.08839305799802484,4.0,tracking,1,0.2,1,0,1,force_bus_tool_compensated,4,phathom_s_scan:tracking t=27.05 contact=1 vz_cmd=+0.2
916362.994060933,916362.991652794,27837,1788822028.95321,1.702244097474526,-0.007118607242221242,3.896693924999441,0.09095977603514716,0.01723529997454428,0.0895333179758223,4.0,tracking,1,0.2,1,0,1,force_bus_tool_compensated,4,phathom_s_scan:tracking t=27.06 contact=1 vz_cmd=+0.2
916363.00397894,916363.001484179,27839,1788822028.9630415,1.594899053496606,-0.007413812475001126,3.9558730862609233,0.09802537812170425,0.022023707968061457,0.09695342586439926,4.0,tracking,1,0.2,1,0,1,force_bus_tool_compensated,4,phathom_s_scan:tracking t=27.07 contact=1 vz_cmd=+0.2
916363.013958436,916363.011374495,27841,1788822028.972933,1.5806954902569061,0.07551885267272947,4.085409822933812,0.1201462434770517,0.020404616874152216,0.10065694751843539,4.0,tracking,1,0.1,1,0,1,force_bus_tool_compensated,4,phathom_s_scan:tracking t=27.08 contact=1 vz_cmd=+0.1
916363.02408072,916363.021390581,27843,1788822028.9829473,1.725671603622145,0.16132539335352616,4.072582889444282,0.12336132126813396,0.014813562897188413,0.09894585418077474,4.0,tracking,1,0.1,1,0,1,force_bus_tool_compensated,4,phathom_s_scan:tracking t=27.09 contact=1 vz_cmd=+0.1
916363.034074625,916363.031821245,27845,1788822028.9933758,1.6105781657777265,0.12684337710602403,3.9243089478089117,0.10388677799231161,0.0278683168096442,0.0914975586307226,4.0,tracking,1,0.0,1,0,1,force_bus_tool_compensated,4,phathom_s_scan:tracking t=27.10 contact=1 vz_cmd=+0.0
916363.044067759,916363.041548083,27847,1788822029.003105,1.5271009218885996,0.09608368717527131,3.8489381104717793,0.08967503574667822,0.022282974057001765,0.0968900305014193,4.0,tracking,1,0.3,1,0,1,force_bus_tool_compensated,4,phathom_s_scan:tracking t=27.11 contact=1 vz_cmd=+0.3
916363.054068954,916363.051492289,27849,1788822029.0130494,1.5426374487182029,0.09133534851068113,3.9549095355098975,0.09048751327760737,0.017858112479689197,0.08651424682701589,4.0,tracking,1,0.2,1,0,1,force_bus_tool_compensated,4,phathom_s_scan:tracking t=27.12 contact=1 vz_cmd=+0.2
916363.064082425,916363.061698202,27851,1788822029.0232534,1.6400839692946048,0.16670475660410225,3.853388339966022,0.102106832420413,0.01515140414066706,0.09757487847681248,4.0,tracking,1,0.3,1,0,1,force_bus_tool_compensated,4,phathom_s_scan:tracking t=27.13 contact=1 vz_cmd=+0.3
916363.07396543,916363.071743275,27853,1788822029.0332997,1.6321531535954175,0.17031504590652682,3.8585906551176863,0.10541735446704391,0.016179457663010856,0.09966502979545966,4.0,tracking,1,0.3,1,0,1,force_bus_tool_compensated,4,phathom_s_scan:tracking t=27.14 contact=1 vz_cmd=+0.3
916363.083971785,916363.081574179,27855,1788822029.0431314,1.471332473105849,0.08117735582313593,3.842968627475248,0.1041105346064069,0.030273461957067618,0.09575457338189898,4.0,tracking,1,0.4,1,0,1,force_bus_tool_compensated,4,phathom_s_scan:tracking t=27.15 contact=1 vz_cmd=+0.4
916363.093991128,916363.091684368,27857,1788822029.0532393,1.679171663053312,0.21424287133937658,3.796418397801906,0.11573128632174158,0.013156591673065175,0.09782058257357089,4.0,tracking,1,0.9,1,0,1,force_bus_tool_compensated,4,phathom_s_scan:tracking t=27.16 contact=1 vz_cmd=+0.9
916363.103978456,916363.101566424,27859,1788822029.0631237,1.4439331972359966,0.26332447454754887,4.028220968492452,0.11397364073841554,0.0232615858393614,0.09467374542522754,4.0,tracking,1,0.6,1,0,1,force_bus_tool_compensated,4,phathom_s_scan:tracking t=27.17 contact=1 vz_cmd=+0.6
916363.113975467,916363.111694088,27861,1788822029.073251,1.7015295892286755,0.44497570613412973,3.927058026366741,0.1077135546524866,0.0020999370780557134,0.10103145632371735,4.0,tracking,1,0.4,1,0,1,force_bus_tool_compensated,4,phathom_s_scan:tracking t=27.18 contact=1 vz_cmd=+0.4
916363.12399756,916363.121684502,27863,1788822029.0832386,1.5198667060344786,0.43170548205191306,3.861805563672908,0.09554890452202047,0.023578361933994405,0.08852821777533064,4.0,tracking,1,0.3,1,0,1,force_bus_tool_compensated,4,phathom_s_scan:tracking t=27.19 contact=1 vz_cmd=+0.3
916363.134077381,916363.131630827,27865,1788822029.093179,1.6194158802379683,0.6053745654483922,3.7173454369462164,0.10614052714890818,0.021408237717950935,0.09992759156409403,4.0,tracking,1,1.3,1,0,1,force_bus_tool_compensated,4,phathom_s_scan:tracking t=27.20 contact=1 vz_cmd=+1.3
916363.144133247,916363.141509688,27867,1788822029.1030667,1.5592077731272869,0.49247529447457256,3.777379079581837,0.09443594077292357,0.022416097497496127,0.08836753936260233,4.0,tracking,1,1.9,1,0,1,force_bus_tool_compensated,4,phathom_s_scan:tracking t=27.21 contact=1 vz_cmd=+1.9
916363.154181632,916363.152415018,27869,1788822029.1139622,1.5267915767170077,0.3476480076591686,3.953605207280855,0.09574763432217383,0.0184484034077236,0.09010080668440787,4.0,tracking,1,1.3,1,0,1,force_bus_tool_compensated,4,phathom_s_scan:tracking t=27.22 contact=1 vz_cmd=+1.3
916363.16408162,916363.161656475,27871,1788822029.1232076,1.5309876793086803,0.27207420830431334,3.9593411113354686,0.10031036763773532,0.019348037844617604,0.09280195611857851,4.0,tracking,1,0.9,1,0,1,force_bus_tool_compensated,4,phathom_s_scan:tracking t=27.23 contact=1 vz_cmd=+0.9
916363.17399596,916363.171723367,27873,1788822029.1332767,1.608456856439281,0.37962615970022234,3.826631897176995,0.10689624533825372,0.018173350375095727,0.0943509524156819,4.0,tracking,1,0.8,1,0,1,force_bus_tool_compensated,4,phathom_s_scan:tracking t=27.24 contact=1 vz_cmd=+0.8
916363.184021427,916363.183449403,27875,1788822029.1450007,1.521393561711225,0.32057492506325097,3.8671172359195345,0.09802749993037808,0.01649988742791399,0.09408832555376763,4.0,tracking,1,1.0,1,0,1,force_bus_tool_compensated,4,phathom_s_scan:tracking t=27.25 contact=1 vz_cmd=+1.0
916363.19399565,916363.19261252,27877,1788822029.1541622,1.4883178906235992,0.4295146184065618,3.9040259840304143,0.10323376396723902,0.021343618388425727,0.09395907415715313,4.0,tracking,1,0.6,1,0,1,force_bus_tool_compensated,4,phathom_s_scan:tracking t=27.27 contact=1 vz_cmd=+0.6
916363.203999852,916363.202444113,27879,1788822029.163997,1.634040200323673,0.3721718862093741,3.898071123486905,0.09620005459497186,0.011130421154051745,0.09179908010408189,4.0,tracking,1,0.5,1,0,1,force_bus_tool_compensated,4,phathom_s_scan:tracking t=27.28 contact=1 vz_cmd=+0.5
916363.213990842,916363.211784887,27881,1788822029.1733406,1.3926200580871293,0.5043926352390894,3.7225889174593356,0.10876601910124052,0.034170982921396836,0.10134686251000058,4.0,tracking,1,1.3,1,0,1,force_bus_tool_compensated,4,phathom_s_scan:tracking t=27.28 contact=1 vz_cmd=+1.3
916363.223988434,916363.221531635,27883,1788822029.1830895,1.6810817136185046,0.5799450638445371,3.9137742958656903,0.11793110224352277,0.008004708336324691,0.09898555833050304,4.0,tracking,1,1.0,1,0,1,force_bus_tool_compensated,4,phathom_s_scan:tracking t=27.29 contact=1 vz_cmd=+1.0
916363.23396976,916363.231955784,27885,1788822029.1935108,1.568757333078194,0.5296933612656172,3.896720193679924,0.10826826376383095,0.02071750724062375,0.09519090202775042,4.0,tracking,1,0.7,1,0,1,force_bus_tool_compensated,4,phathom_s_scan:tracking t=27.30 contact=1 vz_cmd=+0.7
916363.243992635,916363.241679199,27887,1788822029.2032359,1.6242101370955222,0.6025611438917113,3.848505600254387,0.11312439198065753,0.016969394974559272,0.10307189610169731,4.0,tracking,1,0.7,1,0,1,force_bus_tool_compensated,4,phathom_s_scan:tracking t=27.31 contact=1 vz_cmd=+0.7
916363.253988528,916363.251777353,27889,1788822029.2133315,1.635917899025004,0.7442292050420849,3.892364955072588,0.12654939544444074,0.013716680977496707,0.10908039682326987,4.0,tracking,1,0.5,1,0,1,force_bus_tool_compensated,4,phathom_s_scan:tracking t=27.32 contact=1 vz_cmd=+0.5
916363.263995163,916363.261967958,27891,1788822029.2235198,1.6267804307749536,0.6303746514193211,3.96056777493245,0.10396167886160641,0.013281584018103774,0.08871879831408984,4.0,tracking,1,0.4,1,0,1,force_bus_tool_compensated,4,phathom_s_scan:tracking t=27.33 contact=1 vz_cmd=+0.4
916363.273969013,916363.272079474,27893,1788822029.2336361,1.7843630836041422,0.7573588092206526,3.8243171547349673,0.09823464314360113,0.013299635792573889,0.09420240199449717,4.0,tracking,1,0.5,1,0,1,force_bus_tool_compensated,4,phathom_s_scan:tracking t=27.34 contact=1 vz_cmd=+0.5
916363.28402467,916363.281732235,27895,1788822029.243287,1.4895457598911457,0.691451402173684,3.594077422714978,0.08297981521629433,0.03818945321852385,0.08567911995632421,4.0,tracking,1,2.2,1,0,1,force_bus_tool_compensated,4,phathom_s_scan:tracking t=27.35 contact=1 vz_cmd=+2.2
916363.293992123,916363.292046968,27897,1788822029.2535982,1.5912794992256845,0.8129995199247169,3.756529301619708,0.10284409695045334,0.011941105811493727,0.09263268089886237,4.0,tracking,1,3.0,1,0,1,force_bus_tool_compensated,4,phathom_s_scan:tracking t=27.36 contact=1 vz_cmd=+3.0
916363.303966572,916363.301778683,27899,1788822029.2633336,1.4723025287201894,0.783214676836066,3.8275015651069575,0.09835999711633778,0.0192753905435145,0.09324183202109153,4.0,tracking,1,2.2,1,0,1,force_bus_tool_compensated,4,phathom_s_scan:tracking t=27.37 contact=1 vz_cmd=+2.2
916363.313989767,916363.311750358,27901,1788822029.2733045,1.568418940627232,0.7962496720493929,3.7125506018841463,0.1032245314935975,0.01847825970940204,0.09407788899888345,4.0,tracking,1,2.5,1,0,1,force_bus_tool_compensated,4,phathom_s_scan:tracking t=27.38 contact=1 vz_cmd=+2.5
916363.323983148,916363.32192456,27903,1788822029.283476,1.3204343488277692,0.8201091312472755,3.6696006675378747,0.10546640741595026,0.020573880508611513,0.09439335702300367,4.0,tracking,1,3.6,1,0,1,force_bus_tool_compensated,4,phathom_s_scan:tracking t=27.39 contact=1 vz_cmd=+3.6
916363.334008736,916363.33169643,27905,1788822029.2932525,1.61739508060443,0.7123579566544068,3.981932599364932,0.1105413151243716,0.0021521816910950874,0.08745650443481603,4.0,tracking,1,2.4,1,0,1,force_bus_tool_compensated,4,phathom_s_scan:tracking t=27.40 contact=1 vz_cmd=+2.4
916363.343974365,916363.341583694,27907,1788822029.3031409,1.6103105095192238,0.9206860682994515,3.6979794646862487,0.11090021143555268,0.017846203413168043,0.09696231985729818,4.0,tracking,1,2.7,1,0,1,force_bus_tool_compensated,4,phathom_s_scan:tracking t=27.41 contact=1 vz_cmd=+2.7
916363.354020623,916363.352219412,27909,1788822029.3137686,1.581004300903067,0.7196281257152838,3.8082117989535265,0.09657527265346992,0.019631248270767773,0.08444446616059273,4.0,tracking,1,2.3,1,0,1,force_bus_tool_compensated,4,phathom_s_scan:tracking t=27.42 contact=1 vz_cmd=+2.3
916363.363984863,916363.361459083,27911,1788822029.3230162,1.6226105296748825,0.818438534145466,3.912021131642245,0.11382190320302535,0.008253134477359939,0.09872011711254215,4.0,tracking,1,1.7,1,0,1,force_bus_tool_compensated,4,phathom_s_scan:tracking t=27.43 contact=1 vz_cmd=+1.7
916363.373956587,916363.3715942,27913,1788822029.3331509,1.6245779829004405,0.6845540703835826,3.8901567755457505,0.10210101343987935,0.023167934502262004,0.08690908584438096,4.0,tracking,1,1.2,1,0,1,force_bus_tool_compensated,4,phathom_s_scan:tracking t=27.44 contact=1 vz_cmd=+1.2
916363.384063678,916363.381448784,27915,1788822029.343008,1.6538150625425379,0.6630580780570828,4.055064819535386,0.10390606736172775,0.014751276049454459,0.08969654396267372,4.0,tracking,1,0.8,1,0,1,force_bus_tool_compensated,4,phathom_s_scan:tracking t=27.45 contact=1 vz_cmd=+0.8
916363.393964347,916363.391578294,27917,1788822029.3531332,1.6881320777417255,0.5245497003022624,4.004220002491158,0.09478647733880265,0.006717977812480767,0.08731273748730098,4.0,tracking,1,0.5,1,0,1,force_bus_tool_compensated,4,phathom_s_scan:tracking t=27.46 contact=1 vz_cmd=+0.5
916363.403981844,916363.401416231,27919,1788822029.3629725,1.6146746517447965,0.5563384329606261,4.055583691655629,0.11053407363380928,0.018048337304266138,0.09027014494715904,4.0,tracking,1,0.4,1,0,1,force_bus_tool_compensated,4,phathom_s_scan:tracking t=27.47 contact=1 vz_cmd=+0.4
916363.413988188,916363.411893988,27921,1788822029.3734508,1.6515812538952306,0.5148841548295601,4.0780545173823946,0.10107798579545692,0.014917904496487338,0.08375848922148203,4.0,tracking,1,0.2,1,0,1,force_bus_tool_compensated,4,phathom_s_scan:tracking t=27.48 contact=1 vz_cmd=+0.2
916363.423983824,916363.421381232,27923,1788822029.3829396,1.6514668720898333,0.5503428602624999,4.0149484477746,0.09575832337302655,0.020491775619990844,0.08186392143822835,4.0,tracking,1,0.2,1,0,1,force_bus_tool_compensated,4,phathom_s_scan:tracking t=27.49 contact=1 vz_cmd=+0.2
916363.433984437,916363.431606435,27925,1788822029.3931623,1.681083670822991,0.6879390337556103,3.903043721762799,0.10342920220073715,0.020477707198089664,0.09175538045268694,4.0,tracking,1,0.1,1,0,1,force_bus_tool_compensated,4,phathom_s_scan:tracking t=27.50 contact=1 vz_cmd=+0.1
916363.443957134,916363.441459195,27927,1788822029.4030159,1.5254907868686718,0.5720999175149204,4.049535049338204,0.0958416301583197,0.03142301476620489,0.08343754186263005,4.0,tracking,1,0.1,1,0,1,force_bus_tool_compensated,4,phathom_s_scan:tracking t=27.51 contact=1 vz_cmd=+0.1
916363.45395833,916363.451542282,27929,1788822029.4130917,1.7167648766368646,0.7642292704586068,4.125710662885668,0.10742303974892752,0.013909970591898878,0.09216531866834551,4.0,tracking,1,0.0,1,0,1,force_bus_tool_compensated,4,phathom_s_scan:tracking t=27.52 contact=1 vz_cmd=+0.0
