t_mono_s,stage,t_ref_s,fz_n,contact,vz_cmd_mm_s,vz_pose_diff_mm_s,surface_gap_mm,slack,x_m,y_m,z_m,roll_rad,pitch_rad,yaw_rad,rail_m,q1_rad,q2_rad,q3_rad,q4_rad,q5_rad,q6_rad,q7_rad
937572.162142515,approach,0.0,-0.7247168205210313,0,0.0,nan,40.57717536116657,1.1384242639798648e-08,0.3241093825887649,0.2353231232659862,0.20833393804054479,3.1218714586154555,-0.08399805668460747,-3.1093020324501692,0.5699473571777344,-1.6114625303242975,-1.000510007021555,0.8418071776576619,2.129423926527117,1.3471848048147204,1.3128366846554234,0.5994333529027412
937572.212837031,approach,0.0,-0.003631365456095409,0,12.0,0.7345678184971955,40.53997856631061,1.6724647774456553e-08,0.3241338263035619,0.23530149797068386,0.2082941111547148,3.1219797661784394,-0.0837344485412137,-3.1092054345245943,0.5687078094482422,-1.6099265521655943,-1.0058332665664598,0.8412138253667922,2.1284464132490033,1.3488427557513492,1.3153150223658512,0.604424982312904
937572.263481209,approach,0.0,-0.3665366459054892,0,12.0,7.6020724750841655,40.155274558866374,4.105965146619407e-09,0.3240046469636549,0.23586097557949356,0.20792869866518793,3.1217966773144714,-0.08368929862868568,-3.1089137706200884,0.5680661010742187,-1.608233580660631,-1.0112263009319247,0.8409519700526102,2.128987567582507,1.3510244173163422,1.317514127635984,0.6082123302781329
937572.314121995,approach,0.0,-0.505572134919702,0,12.0,11.376663379355664,39.578635991428385,1.6415326560858555e-08,0.3237845413213755,0.2362296235576378,0.20737519319003983,3.121523932245652,-0.08366702076296484,-3.1086437289092617,0.5675371551513672,-1.6072912211089065,-1.0162528843313947,0.8406378502020354,2.130854976138871,1.3536424378259446,1.319765564021537,0.6099227454882363
937572.364712502,approach,0.0,-0.7630857381206784,0,12.0,10.843972652946107,39.02994947860499,6.49376406352563e-09,0.32365386334581625,0.23588285316807103,0.20682972324697435,3.121281463346738,-0.0836907251835668,-3.108537560364137,0.5665179443359375,-1.6072736442457118,-1.020738379976388,0.8406378502020354,2.132582968212169,1.356365120566387,1.32196466929167,0.6109001256082954
937572.415109204,approach,0.0,-0.48869018343058535,0,12.0,11.685502089191878,38.440854213533605,1.9343648282398106e-08,0.3235776366020049,0.23576866974466454,0.20624297356040167,3.121460350375998,-0.08365109523093062,-3.1095583809048732,0.5657965850830078,-1.606942080689997,-1.026131414341853,0.8408123538324628,2.1341362569179574,1.3588784788451493,1.3234308726298132,0.6134832587076178
937572.465782259,approach,0.0,-0.372299434077463,0,12.0,10.987523482514785,37.88395724165256,9.933432670615594e-09,0.3235312555227936,0.23567304820073495,0.20568628450231768,3.121191616513037,-0.08364601667282123,-3.1099133933145153,0.5646466064453125,-1.6058774820442379,-1.03183863513692,0.8413010438924924,2.1350961933328763,1.3616709364061519,1.3251412878399165,0.6172706066728467
937572.516377672,approach,0.0,-0.4396131707179758,0,12.0,12.006603566869781,37.27439613472831,6.568348109579303e-09,0.3234355628987741,0.23582193757005251,0.2050851925062852,3.1211434320638447,-0.08397468009688547,-3.1098107279665483,0.5639500427246094,-1.6052142217747536,-1.0364637470020606,0.8419817478671165,2.1361956793889156,1.3640446118857394,1.326677132840565,0.619556997047707
937572.567018241,approach,0.0,-0.3582378201450676,0,12.0,14.34065743999452,36.54860356211807,9.395046447521713e-10,0.3233245699837723,0.23575594351237664,0.20436504995008603,3.120838555414258,-0.08453073582638759,-3.109680425259555,0.5629836273193359,-1.6047255317147242,-1.041245985371516,0.8429940153974558,2.137469868812464,1.366697519805622,1.3283701043455285,0.6218782748328473
937572.617789107,approach,0.0,-0.5645458926317508,0,12.0,13.327903471534041,35.872162838724215,5.070613009866216e-09,0.3232831931143497,0.2360297578633997,0.2036942668410722,3.1207364972985343,-0.08496790922394304,-3.1093782839785598,0.5623532104492187,-1.6043415038855346,-1.0459583823413838,0.8441459657269695,2.138464692637663,1.3694550899563445,1.3299582804615973,0.6240773801029802
937572.668555332,approach,0.0,-0.4520209619869474,0,12.0,12.643656901990818,35.2310619964882,1.283851981385205e-08,0.3233314558791317,0.2361852569330334,0.20304917491202903,3.1210920364219144,-0.08498787760231274,-3.1093700489637,0.561611328125,-1.6041496231289945,-1.051683046841591,0.8451233458470285,2.1394595164628623,1.372753814440571,1.3316862725348952,0.6265208304031279
937572.719291452,approach,0.0,-0.41754411260923496,0,12.0,11.92856150666436,34.62521909206502,2.626226001175107e-09,0.32327989995085615,0.23596042748301171,0.20244157794363482,3.121288588820209,-0.08506344926175058,-3.1095711982639167,0.5605180358886719,-1.6034165880389502,-1.0570935914912232,0.8457167647169255,2.1405415588137613,1.3754416097707336,1.3332221175355439,0.6293482419534377
937572.770027865,approach,0.0,-0.4311098756055511,0,12.0,13.544161826360913,33.939505253344436,2.6081625872904413e-09,0.32319212918691265,0.23589147444922984,0.20175961023407002,3.121285091311759,-0.08532439369780853,-3.1094327655828944,0.5594180297851563,-1.602491539034311,-1.0626786397712829,0.8465021309223898,2.141641178027855,1.3783039753103508,1.3349848638610673,0.6323502237132024
937572.820646138,approach,0.0,-0.48667429766300524,0,12.0,13.646854480552879,33.246573171324556,9.484214578379039e-09,0.32312927167869987,0.2361046677884246,0.20107308833254817,3.1211722056693136,-0.08564197587368705,-3.10914526313895,0.5586693572998047,-1.6021075112051217,-1.0680018993161877,0.8473573385274416,2.1427406640838944,1.3813583547645627,1.3370444194900801,0.6347413428979299
937572.871473145,approach,0.0,-0.5198640266296887,0,12.0,10.178638691178044,32.72996705613318,1.3179761747806031e-08,0.32311101892142513,0.23583186445520238,0.2005513697798679,3.1208687365833905,-0.08556783193307482,-3.109108050464963,0.5575511169433593,-1.601514158914252,-1.072574613486881,0.8479682011024785,2.143753064772288,1.3841159249152852,1.3385279333753088,0.6371499057877976
937572.92201379,approach,0.0,-0.36885685253544476,0,12.0,11.901201972278322,32.12899649952133,0.00017162827062036903,0.3230893052442239,0.23615748071636802,0.19995553884699852,3.12056568661978,-0.08537227008318671,-3.1090690353209145,0.5567578887939453,-1.599664060904974,-1.077636084296631,0.8490503100324049,2.144800219712907,1.3869434030446224,1.3390689545507584,0.6408674789324665
937572.972723743,approach,0.0,-0.4948719622396099,0,12.0,13.575666618363536,31.44088566268686,0.0006612142333421674,0.32294850528978714,0.2364435239636554,0.19928184996335468,3.1200184733841896,-0.08573749885625848,-3.108455941787338,0.5559251403808594,-1.5973777371091409,-1.08137110114644,0.8505862216120809,2.145917282632141,1.3890551566310008,1.3390689545507584,0.6439741229230712
937573.02344507,approach,0.0,-0.4205542601467904,0,12.0,11.375268788392075,30.863569887300997,2.0305280928457505e-08,0.32299598277361896,0.23608023458882735,0.198691946414839,3.120345724850849,-0.08568441147735428,-3.108501133079483,0.5546936798095703,-1.5959988854547524,-1.0858391530862932,0.8520522917921695,2.146650317722185,1.3914986069311484,1.3390340671404783,0.6470109920931159
937573.07401477,approach,0.0,-0.32918897789887624,0,12.0,9.178634424571227,30.399601332716383,2.0716451328781327e-08,0.3230598024330701,0.2358797191433979,0.19821721269538908,3.1212110732164464,-0.08519659027594528,-3.1088184797430007,0.5537482452392578,-1.5948469351252388,-1.0909878424217434,0.8527154854826264,2.1474182402225095,1.3939945215047707,1.339452982379948,0.649873357632733
937573.124754125,approach,0.0,-0.48117290199938684,0,12.0,13.577748548340738,29.710951242872973,7.126291961489528e-09,0.3229051376248726,0.23612398494245554,0.19754346401519024,3.1216591776685245,-0.08535735962193103,-3.1088869408981585,0.5528953552246094,-1.5928572874748406,-1.0969743622361325,0.8533263480576634,2.148325712363954,1.3962982890057436,1.340587355846267,0.653974892027564
937573.175371391,approach,0.0,-0.5730362241218624,0,12.0,12.514660805640847,29.078005945583197,2.0438192699670783e-08,0.3227758394715242,0.2360498017911103,0.19691797166824138,3.121535891022293,-0.0855087100982157,-3.1087530639505863,0.551689682006836,-1.5912340907904372,-1.1025244565268848,0.8539372106327003,2.1491286554326128,1.398846534694786,1.3421233340049703,0.6578495250975203
937573.226031591,approach,0.0,-0.40932981117514294,0,12.0,12.171314323504085,28.46096913030292,1.4665389864608541e-08,0.3227601713515709,0.23615083225939468,0.19630163111781612,3.1214612984080845,-0.08556630066476001,-3.108754655738893,0.5508988952636719,-1.5906756259098476,-1.1076906561465023,0.854757530827472,2.1499837964586375,1.4017786750549632,1.343728953826179,0.6606769366478301
937573.276514671,approach,0.0,-0.41065355840352175,0,12.0,11.36098328217841,27.886400652870748,6.341150053245041e-09,0.32270424478566007,0.2361785096297216,0.19573014573031045,3.1213051300562467,-0.08572723643795999,-3.108883515948803,0.550006332397461,-1.5899077034095233,-1.1128219017768126,0.8553509496973689,2.1505772819075615,1.404326787585951,1.3454568127414224,0.6640628796577569
937573.327291867,approach,0.0,-0.5361759782266549,0,12.0,14.163725301963826,27.167638246786176,6.2240315132314265e-09,0.32264150933131064,0.23609256667245584,0.19501254392053322,3.1218569177361957,-0.0857535337197679,-3.1089352928889182,0.5488020324707031,-1.5885462954602747,-1.1195065026919386,0.8561014284925532,2.151345204407886,1.407363723335023,1.3470974531309658,0.6681294600632807
937573.378035545,approach,0.0,-0.3871445077797931,0,12.0,10.30965048374505,26.64375731340832,4.23441310006159e-09,0.3226573644514356,0.23601612460275134,0.1944839454162115,3.1222753098592126,-0.08551167988559571,-3.1092354070411807,0.54787353515625,-1.5876562670239702,-1.1250392198565782,0.85662507254189,2.1519211129936155,1.4100340749600453,1.3483890862596541,0.6715329133573746
937573.428672678,approach,0.0,-0.4384157385391905,0,12.0,12.281404210381899,26.022088623140426,9.356275579605104e-09,0.32254988484692604,0.2361580163715472,0.19387159815013927,3.122021952951342,-0.0857065357210618,-3.109491141785556,0.5471395111083984,-1.5867835491347513,-1.1301355780766085,0.8571312063070596,2.1527589434725547,1.412494968965333,1.350064480901423,0.6749013460831341
937573.479397971,approach,0.0,-0.4837743120516811,0,12.0,14.067167934977054,25.30826846104585,1.887368725585269e-08,0.32246807736373917,0.2361062348018383,0.1931611942390864,3.121910524128728,-0.08586831256951477,-3.109538325983333,0.5459492492675782,-1.5862425279593018,-1.1370122594853564,0.8574628364418018,2.1534570911523185,1.41593324309068,1.3530316418299349,0.6789155953732379
937573.530027908,approach,0.0,-0.3653240542185597,0,12.0,10.909125451314402,24.756651332062116,1.9374028403179723e-08,0.3224972080485899,0.23637066554768593,0.1926094594102008,3.1214476954268457,-0.08566148802807616,-3.109229474544354,0.5451277923583985,-1.5862250842541616,-1.1431034415305859,0.8577071814718165,2.1540155560329084,1.419738101340076,1.3561207755363722,0.6820571933531498
937573.58076557,approach,0.0,-0.3881698127226835,0,12.0,13.430719094576943,24.074531129278423,4.063633743569129e-08,0.3224228193091339,0.23618580419973725,0.1919279506507083,3.1214481831369874,-0.0858192909767701,-3.1089281336406023,0.5438970947265626,-1.5862948590747217,-1.1498228632769647,0.8577595125872366,2.1547485911229525,1.4233509456748776,1.3596987324608938,0.6850766188180544
937573.631551557,approach,0.0,-0.6076562558387552,0,12.0,13.821115321720917,23.373784383383665,9.601174466006485e-09,0.322358634324751,0.23621210078291957,0.1912304879255785,3.1223234211733173,-0.08595740808364027,-3.1090260401549488,0.5430364990234375,-1.5863123027798618,-1.1569962208311477,0.8577071814718165,2.1553593871189625,1.4265623184753495,1.3629101052613657,0.6882531042082464
937573.682281953,approach,0.0,-0.21795789057318482,0,12.0,11.576186806550233,22.786821346227768,1.0032615405620179e-08,0.3223539422798384,0.23600239193794292,0.190638050376245,3.12222132530393,-0.08578479996045796,-3.109190665766489,0.5418187713623047,-1.5862774153695818,-1.1637506631458612,0.8576373400722291,2.1559005414524663,1.4301577191050112,1.3661390549250323,0.6919532336477753
937573.732929409,approach,0.0,-0.4291311657900626,0,12.0,12.61167764024316,22.148693041280318,0.0005961602157194664,0.32224222177958295,0.236325920442365,0.19001266672760364,3.121588227301645,-0.08583705725086688,-3.1089382141036666,0.5409568023681641,-1.5859108312455323,-1.1703654226614,0.8574453261576345,2.156546224858756,1.4337356760295326,1.369821674080394,0.6957929793074514
937573.783285588,approach,0.0,-0.2656614595792233,0,12.0,9.507733545497342,21.668887751046917,0.0002628556295587915,0.322229468694553,0.23631796622900547,0.18953196589775473,3.1217324233645383,-0.08556884462683123,-3.1091039553623356,0.5400727844238281,-1.5853872537752227,-1.1761075974457742,0.8573755513370743,2.1569302526879457,1.4365455772956752,1.3720905541710868,0.6992661408430784
937573.834015331,approach,0.0,-0.40723678965092724,0,12.0,12.816056770598125,21.019040273810155,1.1468972822834737e-08,0.3221323576783504,0.23608948272825991,0.18888407108145572,3.1218648746854485,-0.08551652534670318,-3.109552556210311,0.5388489532470703,-1.5844447610654437,-1.182757244371593,0.8574104387473545,2.1575410486839552,1.4394428302455724,1.3744467859455345,0.7036818616675115
937573.884747123,approach,0.0,-0.35420276816691654,0,12.0,11.767699778534933,20.421881895524777,6.4370414053052246e-09,0.3220315867138346,0.23639349631281437,0.18829853403386945,3.121398572140232,-0.08567543709331904,-3.109473768614791,0.5379867553710938,-1.5836593948599793,-1.1889183343954368,0.8574453261576345,2.15769817518827,1.4424098580160296,1.3774138137159917,0.7081673573125047
937573.93543801,approach,0.0,-0.4587363551793482,0,12.0,11.630232003800394,19.832249349558456,0.0006138997804187032,0.3219928220378562,0.23598254191282542,0.18770290656384708,3.1217706533913834,-0.0858587516064524,-3.10990509003424,0.536853256225586,-1.5836419511548392,-1.1946952634320367,0.8575326112623618,2.1580122950388447,1.444975547410212,1.3798747077212796,0.711500902627984
937573.986017348,approach,0.0,-0.5743198160980811,0,12.0,11.467537522201171,19.252482474081763,1.2863768605576233e-09,0.32197896887887656,0.2362850977535829,0.18712728555589253,3.121131765763962,-0.08578544394656884,-3.1097033189769046,0.5359967041015625,-1.5833278313042645,-1.2009261282764407,0.8576373400722291,2.1582391963637195,1.4485709480398734,1.3830511931114715,0.7155849933176751
937574.036767884,approach,0.0,-0.5893436009117591,0,12.0,13.285220450195705,18.57809512440334,7.340513146793604e-09,0.321906376261229,0.2362872509996471,0.18645659698079933,3.121628557527084,-0.08602189836310781,-3.109829826336014,0.5351348876953125,-1.5831009299793897,-1.2072790990568247,0.8577246251769565,2.158570893077489,1.4513982930111562,1.3858088964202486,0.7191105525477492
937574.087550812,approach,0.0,-0.47270298949617795,0,12.0,12.616002713695933,17.937832991021168,5.994374685883654e-08,0.3218723398031432,0.2359962277146873,0.18581179474846754,3.121559460729955,-0.08608494142553536,-3.109906627312937,0.5339086151123047,-1.5831009299793897,-1.2136322029952633,0.8577595125872366,2.158989675158904,1.4547319049056628,1.3888981632847406,0.7226885094722707
937574.138016453,approach,0.0,-0.5582038983756005,0,12.0,13.05347662916262,17.279131621810787,6.443639234765785e-05,0.3217995709847697,0.23614605465867292,0.18515940511618803,3.1214944472688204,-0.08637817878563836,-3.1096613762300427,0.5330314636230469,-1.5830834862742498,-1.2200026174807872,0.8577246251769565,2.1591468016632187,1.4579608545693294,1.3923887685255074,0.7263362412173523
937574.188731152,approach,0.0,-0.21994262308501533,0,12.0,12.167921365749653,16.66158680350582,1.8604178933677105e-08,0.32177700863833414,0.2363605951972457,0.18454510086528852,3.1212847722355757,-0.08634781446560202,-3.109459811175467,0.5322046661376953,-1.5831009299793897,-1.226512714765486,0.8576024526619491,2.159426034103513,1.4615561220409363,1.3958444863559942,0.7300014166675738
937574.239560769,approach,0.0,-0.2536485053552676,0,12.0,11.357083625027137,16.08391667134042,1.738283387679912e-08,0.3217364249891692,0.23622277506113518,0.18396633166814236,3.1206099264671097,-0.08629907898663025,-3.109407725810002,0.5310037231445313,-1.5830834862742498,-1.23281335443045,0.8573406639267943,2.159722710248948,1.4651166352603178,1.3994049995753757,0.7339807785473974
937574.290362508,approach,0.0,-0.3629595369526661,0,12.0,11.234904592264213,15.513401060747087,6.509462622313984e-09,0.32169961906358047,0.236381872077141,0.18339951867065157,3.120746080565298,-0.08615254919035542,-3.1092762467477693,0.5301815795898438,-1.5826994584450602,-1.239113994095414,0.8571312063070596,2.159932167868683,1.4682756769453698,1.4023196962304127,0.7377157953972063
937574.341019757,approach,0.0,-0.49164677755861214,0,12.0,10.734231293714675,14.967376089503073,0.00046685809216973436,0.32164501616566343,0.23605165533473943,0.18285042489330106,3.121269187321966,-0.08605061200806752,-3.1093354206584296,0.5290486145019532,-1.5821584372696107,-1.2448910562900684,0.8569915900869122,2.1601939566038375,1.470841366339552,1.4045711326159658,0.7411017384071331
937574.392006767,approach,0.0,-0.4133755834781755,0,12.0,11.750553657491261,14.37115056500589,0.0005441210446157431,0.32157957289865824,0.23628986409322622,0.18226163822348065,3.121455317927253,-0.0859199708319589,-3.1092648761748376,0.5281882476806641,-1.5812682756752516,-1.2515058158056072,0.8568170198774575,2.1601939566038375,1.4738607252254294,1.4072939485144629,0.7456744525778264
937574.442685976,approach,0.0,-0.18212886618048385,0,12.0,11.170648369919867,13.804747354873804,2.5312814074025415e-08,0.3215060497284709,0.23631004503280573,0.18169974302009467,3.1213247786825966,-0.08585935588463434,-3.109282525738298,0.5271771240234375,-1.5803257829654727,-1.2573700965259615,0.8568170198774575,2.1602464208773124,1.476618295376152,1.409615159720576,0.7500901734022595
937574.493439633,approach,0.0,-0.48360176163396634,0,12.0,10.342900031283458,13.280116492789636,9.804338880996166e-09,0.32146728113569445,0.23613278128449175,0.18117338433673102,3.121282861359937,-0.08582719330654776,-3.1092005085259755,0.5260785675048828,-1.5798895571789175,-1.2629377011008813,0.8567298013517574,2.1602464208773124,1.479393442390069,1.4121634054096182,0.7538426339572084
937574.544018595,approach,0.0,-0.4991431687327781,0,12.0,10.599663831977866,12.74377116914536,1.3065504582674135e-08,0.32138181148100925,0.23628580023487633,0.18064497896102544,3.1208792823569023,-0.08599581409657575,-3.109292427632744,0.5253306579589844,-1.579418310824028,-1.2681212778466115,0.85664251624703,2.1602464208773124,1.4818892238056367,1.414711517940606,0.7578044855528648
937574.594566303,approach,0.0,-0.33794413172778276,0,12.0,14.355897180829103,12.0176773144351,1.2336334204448307e-08,0.32128509128035326,0.23602173341674895,0.17991989679956977,3.1212079385196514,-0.08619976712654043,-3.1095164151301686,0.5240323638916016,-1.5787027194391239,-1.2750502903707797,0.85664251624703,2.160211533467032,1.4848213641658141,1.4175041086596631,0.7626914527321874
937574.64534826,approach,0.0,-0.23378018798734373,0,12.0,8.865460543839697,11.567793016992342,2.3640109394682397e-08,0.3213552594367458,0.23637658491367086,0.17946829339440049,3.1212807183183355,-0.08540383881785174,-3.1098354459151936,0.5232893371582031,-1.5773587551950154,-1.2813858174460235,0.85664251624703,2.159932167868683,1.4879106310303059,1.4190748410705918,0.7680670433925124
937574.696095834,approach,0.0,-0.40124192837913125,0,12.0,8.36009989265874,11.14328915332963,3.204000238065133e-08,0.3213142983897155,0.2360729390806047,0.1790404688184547,3.121505327599605,-0.08526884950982128,-3.1099051939022333,0.5221830749511719,-1.5760846989295214,-1.2857316968708694,0.8569391923924649,2.159722710248948,1.4897082647661095,1.4199998900752309,0.7718893453470486
937574.746878722,approach,0.0,-0.29742336555389215,0,12.0,11.985188502674,10.53458929347001,4.6078938842655225e-09,0.32123130962587915,0.23634561641682864,0.17844126912047198,3.121780829734844,-0.08534759722573182,-3.1097319266198267,0.5213990783691407,-1.574670959864853,-1.291316745150929,0.8573406639267943,2.1594085903983733,1.492081940245697,1.421605643054494,0.7765144572121893
937574.797526821,approach,0.0,-0.07195158490088552,0,12.0,10.19679147061286,10.0181913729246,1.2946333788277252e-08,0.3212144316497084,0.23641461602502023,0.17792551240721444,3.121920786066341,-0.08530683713083831,-3.109647331680889,0.5206145477294922,-1.5737633545653538,-1.2960640961101044,0.8577769562923766,2.1592340201889186,1.4944032846098647,1.422966917845688,0.7802319637778309
937574.848310644,approach,0.0,-0.37977176806855095,0,12.0,13.895156961466588,9.31276884285964,6.94481046659241e-09,0.32113790675982956,0.23635750256492438,0.1772229902061998,3.122003625812304,-0.08543712830927364,-3.109222078951326,0.5193357849121094,-1.5721052704706706,-1.301910933125319,0.8586321638974282,2.158919900338344,1.4972307627392019,1.4244329880257767,0.7851887057777136
937574.899139432,approach,0.0,-0.26778783724704014,0,12.0,10.386740960140838,8.78487878214735,6.283293380875752e-09,0.3210876460148734,0.23657205352030683,0.17670108457170391,3.1214509469685363,-0.08544691201864252,-3.1091589257270607,0.5185191345214843,-1.570621756585442,-1.3063265873707246,0.8593826426926126,2.158640667898049,1.4995345302401748,1.4254103681458359,0.7897789302325742
937574.94988007,approach,0.0,-0.31070095347407845,0,12.0,12.368221398020133,8.158393041547889,1.5211672681858547e-08,0.3210947361370655,0.23647525818504547,0.17606989156475222,3.1218820983468327,-0.08517784479778334,-3.109094854753774,0.5173526000976563,-1.5690335804693731,-1.312173424385939,0.8601680754771042,2.1583265480474743,1.5023095440960375,1.426335417150475,0.7946658308328696
937575.000499492,approach,0.0,-0.2726660199037008,0,12.0,10.112117487463118,7.647049026551781,4.360912083717945e-09,0.3210405933559739,0.23624385313078072,0.17555727099300394,3.121667086089682,-0.0851233995679066,-3.109209517673999,0.5161843872070313,-1.5678641864347194,-1.3170428812810946,0.860482195327679,2.1580473156071793,1.504578557344785,1.4277491562151434,0.79916883676203
937575.051059589,approach,0.0,-0.36167702076327213,0,12.0,12.690082854962403,7.002471341275904,1.120708458815522e-08,0.320924316160225,0.23652410360579584,0.1749250636026507,3.121717763334158,-0.08524617599015016,-3.1088941628834768,0.515277099609375,-1.5657871871005666,-1.3222789223002993,0.8613199592275907,2.1575410486839552,1.5068125500251979,1.4286742052197825,0.8043699237919275
937575.101958707,approach,0.0,-0.1428542101002806,0,12.0,11.58548333753308,6.415337316405402,6.424775134648513e-09,0.3208679569298497,0.23667261285549102,0.17434307706885588,3.1211418384193967,-0.0853176586892106,-3.108885823943507,0.5143609619140626,-1.5640767718904631,-1.3266945765457052,0.8623846244523772,2.1571920414231003,1.5091164506842254,1.429285001215792,0.8092917118025029
937575.152563221,approach,0.0,-0.5457356971216216,0,12.0,12.615760084828965,5.776854562849249,0.0010158506104641,0.320807215396576,0.23684139737833007,0.17371026988766858,3.120691577823983,-0.08550792331719537,-3.1088160024609346,0.5134218597412109,-1.5623838003854997,-1.331372019526266,0.8635365747818909,2.156703351363071,1.5114899930057586,1.4300180363058363,0.8143880700225331
937575.20301813,approach,0.0,-0.18359479043381627,0,12.0,12.634968609940412,5.138236614177045,8.95833634562623e-09,0.32073001051011274,0.23655009128580326,0.1730708471937282,3.121282127017934,-0.08570521542327225,-3.1085923164871607,0.512159423828125,-1.5606210540599763,-1.3362065890111412,0.8645662860173701,2.156144886482481,1.5134098658355966,1.430524170071006,0.8188561219623863
937575.253862529,approach,0.0,-0.2354883860089407,0,12.0,12.363391654008744,4.509691410636111,6.765817535716012e-09,0.3206884282392706,0.2365650275725437,0.17244371603557745,3.121445967546132,-0.08577922595851817,-3.1083441157336718,0.5109156799316407,-1.5582473785803888,-1.3412506161157514,0.8659451376717586,2.1550627109735276,1.5155566399903095,1.4306638528701807,0.824737912966908
937575.304609638,approach,0.0,-0.30444289214264253,0,12.0,14.63460149692423,3.7665674917476264,2.9283510418042734e-08,0.3206113229700981,0.23665409916728022,0.17170590761531185,3.1217258257479545,-0.0860977997211303,-3.108459371597847,0.5100088500976563,-1.5562926183402706,-1.3460851856006266,0.8674635389672672,2.154539133503218,1.5175462876407078,1.4307161839856006,0.8298342711869382
937575.355378869,approach,0.0,-0.3863117835066205,0,12.0,11.429699429980257,3.1868137236951624,1.5881788313396127e-08,0.3206382644103074,0.23657612096742026,0.1711202341576139,3.121924305018367,-0.08581723755036696,-3.108901357880579,0.5090287017822266,-1.554721885929342,-1.3511117690000967,0.8684409190873263,2.1540678871483285,1.5198327445945952,1.4309256416053355,0.8349131857018283
937575.406056113,approach,0.0,-0.37219869432805636,0,12.0,13.149666193462592,2.519416674404817,0.00023546942673549607,0.32052337425422806,0.23690377603150578,0.1704658132291046,3.1220216434749606,-0.08596698201261255,-3.1088416462992905,0.5080890655517578,-1.5520689780094594,-1.3562255709252669,0.8697150419318476,2.1530032885025694,1.5217001531509589,1.4310303038361756,0.8412312690719322
937575.456857845,approach,0.0,-0.2311804458159829,0,12.0,12.939498784389546,1.8626295241930078,4.0421794021535584e-08,0.32044578465498974,0.2367270257739397,0.16981015202665495,3.1219660837537546,-0.086103174197252,-3.108998116898106,0.5068582916259766,-1.5499919786753067,-1.3609030139058276,0.8710239856076215,2.152340028233085,1.5236724902542715,1.43111765551993,0.8466941448369846
937575.507687415,approach,0.0,-0.21407567773512776,0,12.0,11.049115095028904,1.300303407107464,9.394813691086265e-09,0.32041624585227524,0.2366811052572781,0.1692474097920261,3.121792303910696,-0.08632102639481931,-3.109061141861792,0.5059805297851563,-1.548543352200358,-1.364446083420069,0.8723679498517299,2.1517990070576354,1.525435236579795,1.43111765551993,0.8508480103472357
937575.558605372,approach,0.0,-0.3188017390892319,0,12.0,14.380415707871094,0.5686481680511339,1.3329106076071118e-08,0.32035883442744656,0.23648562324206152,0.16851452287288188,3.121886187104831,-0.08645180167164068,-3.108870714473391,0.5045864105224609,-1.5462046972891048,-1.3694027588409245,0.8740958087669733,2.1509611765786967,1.527739004080768,1.4309605290156155,0.8565029000268827
937575.609399254,approach,0.0,0.09424034922094515,0,12.0,13.367685600178504,-0.11043167555123908,5.359216749128034e-09,0.320300701686706,0.23675583660976704,0.16784247783232692,3.122056272852273,-0.08653364752136428,-3.108849003735366,0.5037779235839844,-1.5439705714506375,-1.3740278707060651,0.8756491640517893,2.150158366668092,1.5297287848892207,1.4306987402804607,0.8618959343923476
937575.660070793,approach,0.0,0.40014358894611674,0,12.0,12.481123319566114,-0.7422000080867523,0.0005341352152879612,0.32028175358546657,0.23665915687613168,0.16720823588230446,3.1223847557209425,-0.0863999691234929,-3.1091220517141127,0.5027517700195313,-1.5419983675053792,-1.3787054468446802,0.8769930617168705,2.149529993808888,1.5317009888344788,1.4303846204298858,0.8670271800226578
937575.710861187,approach,0.0,0.6893665314133255,0,12.0,9.794855339700613,-1.2396902417904123,9.18939299334553e-09,0.3202509890403608,0.23642885129833296,0.1667075196527691,3.1220349092814708,-0.08615294377620097,-3.1092140070358694,0.5014947509765625,-1.539991276149841,-1.3828244249446513,0.8780576603626298,2.1488144024239837,1.533690636484877,1.4303147124512712,0.8722282670525553
937575.7617103,approach,0.0,0.7692930587458935,0,8.9,9.150628130191848,-1.7053104283153468,1.3157242851542962e-08,0.3202487921427466,0.2367778795037338,0.16624627843459777,3.1221742384848357,-0.08587479820337607,-3.1089442792519026,0.5007408905029297,-1.5378968331105483,-1.3870480652754624,0.8791048818822761,2.1476102541371045,1.5355756219044352,1.4302274939255712,0.8774293540824528
937575.812451371,approach,0.0,1.5606214388408666,0,8.0,8.008554071603498,-2.11152925151684,2.792522786438014e-08,0.32023939185765893,0.23675953252702112,0.16583898110341544,3.122281153345105,-0.08552399742311256,-3.109175451164807,0.49985862731933595,-1.5361864179004447,-1.3910448042813988,0.8797506318675931,2.1467549799530254,1.537163798020504,1.4302623813358513,0.8822290361570481
937575.863019003,tracking,0.03,1.6210909972702363,1,1.5,5.10750061335163,nan,2.410704055646593e-08,0.32016360814968625,0.23643913812550485,0.16558094296194778,3.1220922305001,-0.08534757776164592,-3.109059537900081,0.49850494384765626,-1.534004756335452,-1.3942214228296455,0.8802393219276227,2.1452714660677965,1.538088847025143,1.4302798250409912,0.8874650105972256
937575.913761527,tracking,0.08,1.9254817451261494,1,-0.6,0.8554181509232425,nan,1.9511003374351078e-08,0.32016518046169795,0.2368152133572779,0.16554341699525038,3.1224700968333714,-0.08519837777461503,-3.108627620543923,0.4977136993408203,-1.531788207360179,-1.3969964366855079,0.8804662232524973,2.1423218820024794,1.5382808609397376,1.4303147124512712,0.8933118476124401
937575.96604187,tracking,0.14,1.7693341221115562,1,0.7,-0.20296126774064346,nan,1.4178435743631572e-08,0.3201490723612417,0.2368046341296203,0.1655552812832266,3.1225685739262006,-0.08506644532990526,-3.1084919283296615,0.4968324279785156,-1.5300952358552156,-1.398986084335906,0.8804662232524973,2.140070312458872,1.5382634172345977,1.430402064135026,0.897971913466888
937576.016823996,tracking,0.19,1.7401834689918712,1,2.1,1.2439476624141121,nan,2.2505408621908848e-08,0.31993914277135693,0.2365958300768557,0.1655063568956801,3.1220178667273046,-0.08501876382115325,-3.1084765612114635,0.49543098449707035,-1.5275471233242277,-1.4018833372858033,0.8799775331924679,2.137836319778459,1.5382459735294576,1.4311699866353502,0.9043947256468593
937576.067572145,tracking,0.23,1.6873510902771778,1,7.2,1.3468646531422956,nan,2.1251132146496e-09,0.31948242328698995,0.23672182098816788,0.16547920264510302,3.1216280795461113,-0.0853124677161825,-3.1084685290957514,0.494591064453125,-1.5247894200154508,-1.404257012765391,0.8787209206321139,2.1363702495983703,1.5372161291359239,1.432444042900844,0.9097877600123243
937576.118385884,tracking,0.29,1.8303154667757369,1,9.5,2.6521291397626863,nan,1.3079316814528917e-08,0.31878786941137904,0.23632177539864552,0.16539750977822082,3.1217504364869075,-0.08585727643503427,-3.108797236264473,0.49318740844726566,-1.5211940193857894,-1.407416054450443,0.8767836040971358,2.134869292008002,1.5351915940752456,1.4341195707006675,0.916280413591883
937576.169023463,tracking,0.34,2.1419035579745715,1,8.3,4.886974232019507,nan,7.915243462733863e-08,0.3180341603150858,0.23637903380986347,0.16521617481600437,3.121398088246497,-0.08711037442157932,-3.1087701986136778,0.49232948303222657,-1.5178255200810025,-1.4092136881862465,0.8756316537676221,2.133665010563068,1.5329924888051127,1.4355507534704761,0.9215862294316478
937576.219754041,tracking,0.39,2.3973462954589624,1,6.5,8.245378651126494,nan,4.827841035527059e-08,0.3167911005476259,0.23658529805002154,0.16491276079526446,3.1217769901108037,-0.09034285988635005,-3.109124381047639,0.4915618896484375,-1.513846224780206,-1.4110114550801045,0.8735896750018038,2.1310818774637457,1.5280007928159227,1.438674907745248,0.9287246329965235
937576.270571742,tracking,0.44,2.564159052157287,1,4.5,5.170905167141903,nan,1.0259853897655875e-07,0.3158203113753848,0.23649828541245288,0.16473909880275497,3.1219130641038033,-0.09373392851922224,-3.1097120051509117,0.49077980041503905,-1.5114202181851983,-1.4114303703195739,0.8720537634221278,2.1279577231889735,1.523218687604522,1.4416419355157053,0.9346936425267454
937576.32134005,tracking,0.49,2.758089776925807,1,2.9,5.605434343227648,nan,1.0852196639457996e-07,0.314654536682801,0.23654939835113312,0.16457056488917043,3.122812968563852,-0.09895902256835498,-3.1095144876987213,0.4897826385498047,-1.509098873821031,-1.4112732438152593,0.8704306333167519,2.1221283298788993,1.5167434777301034,1.4461972725602859,0.9419542186066284
937576.372052806,tracking,0.55,2.779923479725254,1,5.2,0.3679922997974881,nan,2.0992502909756615e-08,0.31372894873407053,0.23647005280400646,0.16464731358356155,3.1225512532857973,-0.1036437791853102,-3.1094189720572887,0.4887058258056641,-1.5072489089698073,-1.4094756100794557,0.8693834117971054,2.1162640491585445,1.5108268658943287,1.4497752294848072,0.9486911506371746
937576.422805956,tracking,0.6,3.193326035934671,1,3.1,6.175251545683171,nan,1.026215511460416e-07,0.3127178056433792,0.2362527977355302,0.1644407287637754,3.1223182130501135,-0.10917346778211989,-3.109789232547045,0.4877618408203125,-1.5060271838197334,-1.4076603994804577,0.8688772780319358,2.1110281412973944,1.5048752334902198,1.4536498625547636,0.9547300015669837
937576.473421439,tracking,0.65,3.2707546566112184,1,5.3,2.322327206621739,nan,3.4879312327380674e-08,0.3117838276695297,0.2364482387640694,0.16443408478119864,3.1212120392125593,-0.11496583462511945,-3.1098303035234185,0.48689109802246094,-1.5048752334902198,-1.4048329213511206,0.8686503767070611,2.104326030098101,1.4988887136758307,1.45769893267612,0.9619382465314468
937576.524030038,tracking,0.7,3.251372805692899,1,6.8,4.175641544429795,nan,3.1510377071677146e-08,0.3107369484564763,0.23676412744399356,0.1643551491822967,3.1208175790160206,-0.12165215537879792,-3.109209923514663,0.4861346435546875,-1.5039152970753007,-1.4015692174352286,0.8686503767070611,2.096995679197658,1.4923088415705719,1.4623066008361207,0.9684133898268381
937576.574640912,tracking,0.74,3.6393334115041727,1,4.5,0.7576624805926873,nan,1.725234215908053e-07,0.3100007141471574,0.23666697899810585,0.1644091911988766,3.1207976573806877,-0.12687307472619969,-3.1084719081060554,0.4851775360107422,-1.503374275899851,-1.398567302254491,0.8687725492220685,2.0905728004386592,1.487020469435947,1.465797339234942,0.9733177341322735
937576.625351316,tracking,0.8,3.9002187505657417,1,1.6,7.801736573004697,nan,2.6313798082994983e-08,0.30889298254623004,0.2365529639484642,0.16415840243689517,3.1213131642127725,-0.13389376388819674,-3.1082074140795446,0.48413284301757814,-1.502449226895212,-1.3959667254500288,0.8690692253675033,2.083225005833076,1.4802136960058134,1.4704050073949426,0.9798452751221123
937576.675936803,tracking,0.85,4.017654749925903,1,-0.3,2.5006685603153023,nan,5.469275192125752e-08,0.3081518344434948,0.23620247703446115,0.16412877836899503,3.1214390337626097,-0.13878529935356565,-3.108719028045488,0.4831159210205078,-1.5016813043948878,-1.393750176474756,0.869226351871818,2.0773083939973014,1.4748381053454884,1.4733720351653998,0.9857445098317741
937576.726735896,tracking,0.9,4.140521863743244,1,-0.7,1.3745179384644401,nan,3.071818277591341e-07,0.3070753695900552,0.23604785986316948,0.16421465968649224,3.1214747351236576,-0.14587648999276648,-3.1086063394473995,0.4816650390625,-1.5004421355396738,-1.3903991208751092,0.8693485243868253,2.067848579489231,1.4673680716458708,1.4782240483554152,0.9945933286067531
937576.77744949,tracking,0.95,3.809389665611757,1,0.3,-0.5244158456929923,nan,1.985152423916407e-08,0.3062282384223656,0.23615008501451365,0.16437270730243486,3.121634061087891,-0.15122802453186912,-3.108424058865554,0.4808391571044922,-1.4991156150007054,-1.3870655089806025,0.8696452005322601,2.0606230239776826,1.4611373399595213,1.481295871514767,1.0010161407867244
937576.828014012,tracking,1.0,3.737080613298959,1,1.9,0.5857482296472905,nan,0.00034762333127559206,0.30547856697556636,0.23594622331114,0.16445775228568846,3.1222008294626966,-0.1555146540553929,-3.108394543559028,0.47995948791503906,-1.4976669885257567,-1.3845348401547546,0.869924432972555,2.055037975697623,1.4557791930043364,1.48347753307976,1.0061299427118946
937576.878704879,tracking,1.05,3.85960057404017,1,0.6,1.8359864671059913,nan,0.0001671954666905233,0.30452555704049455,0.23607538190433283,0.16452006744851078,3.122664523576847,-0.1606241475910304,-3.1077770761913532,0.47899658203125,-1.4957122282856385,-1.382091389854607,0.8701687780025698,2.0481961816991547,1.450037018219962,1.4866889058802322,1.0126051525863133
937576.929491277,tracking,1.1,4.200745629159454,1,-0.1,3.190540120754187,nan,3.031305997120256e-08,0.3035253565699785,0.23562822277507434,0.1645183778375081,3.1235774717645195,-0.16611563174112742,-3.108184762696062,0.4776920318603516,-1.4945778548193194,-1.3805205242856238,0.8697150419318476,2.0411625069441466,1.443998167290153,1.491087116420498,1.0195689859417343
937576.980016297,tracking,1.15,4.184572009657511,1,-2.9,1.0711530380919485,nan,1.9005279467241896e-08,0.30254044389667645,0.23533066667195982,0.1646304063081747,3.124357619581092,-0.17087587889235056,-3.1085046831986203,0.47652122497558597,-1.4934607919000855,-1.3795605878707047,0.8684409190873263,2.0346525428175024,1.438605132924688,1.4959391296105133,1.0262186994465803
937577.030779328,tracking,1.2,4.1130009095688695,1,-0.9,1.068694028018626,nan,8.935429085963369e-08,0.3014765120716296,0.23525923727763534,0.16476376954355343,3.1247512079578916,-0.17567885992198118,-3.1084924685575412,0.4756146240234375,-1.4926579819894812,-1.3785657640455056,0.8666432187724956,2.0287357978236735,1.433613436935498,1.5016115295743275,1.0319259202416473
937577.081535714,tracking,1.26,3.941078564404993,1,-0.0,-2.5845473787472,nan,6.978376362481023e-08,0.3007447137254207,0.23527581053714378,0.1650294297879104,3.1253940955133386,-0.1787064571276935,-3.108256912476633,0.47474327087402346,-1.4915234753651074,-1.3781817362163162,0.8650899300667069,2.0233602071633485,1.4299308177801364,1.505660599695684,1.0372666234916923
937577.134016849,tracking,1.31,3.555055155107318,1,4.6,0.608891507478382,nan,8.584862653171906e-09,0.299632300568607,0.2350062924527453,0.16520030184041878,3.1259971642625133,-0.18267778457529338,-3.1077459543404538,0.4732965087890625,-1.4895861588301293,-1.3781817362163162,0.8630653284270015,2.017461039032714,1.4255674946501506,1.5110537672192035,1.043776720776391
937577.18481026,tracking,1.36,3.6228910290225222,1,5.8,4.7633479904096365,nan,1.1085733487061403e-08,0.29869675283599445,0.2348649723381093,0.16512920100349887,3.125822124667814,-0.185804160743261,-3.1078522834776248,0.4723603057861328,-1.487928074735446,-1.378426081246331,0.8618261595717875,2.014162314548487,1.4225830231745533,1.5149108234259654,1.0487334627762737
937577.235410283,tracking,1.41,3.914448341348451,1,2.1,2.327044182731332,nan,3.379410547811603e-05,0.297988046128405,0.23481353148501374,0.1651435496746287,3.126876750728435,-0.18746036627762797,-3.107383653082194,0.4714389801025391,-1.485659194644753,-1.3796129189861248,0.8606567655371338,2.010985829158295,1.4202965662206657,1.5174416254098677,1.0531840044319596
937577.286037524,tracking,1.46,3.979903445418418,1,0.8,2.301628725582761,nan,7.663229726791148e-09,0.29700981284210737,0.23431173583547946,0.16520895590808427,3.1276935585745713,-0.18934102457575186,-3.10756040626074,0.4699311065673828,-1.4820986814253716,-1.3806950944950784,0.8591732516519051,2.0074952239175285,1.4167885172747587,1.5199199631202953,1.059571929201651
937577.336635128,tracking,1.51,3.723121538521279,1,1.4,1.6726168788013063,nan,1.185159034139093e-08,0.2960434725125934,0.23428497882901245,0.16530951664596372,3.1285839917228935,-0.19078740857898957,-3.107747365655302,0.4689811706542969,-1.4786778510051648,-1.3822134957905872,0.8571486500121996,2.0045455066941567,1.4136294755897068,1.522660089565878,1.0654187662168653
937577.387032041,tracking,1.56,3.7439700683061545,1,1.1,2.5279121830111433,nan,1.0501518942087551e-08,0.29507815311680724,0.2341040340629295,0.16536646581350303,3.129601898531346,-0.1917606073107958,-3.1073482675342396,0.46774307250976566,-1.4748381053454884,-1.3842730514195998,0.8551414920776341,2.002032281573449,1.4111161173109446,1.5251734478446402,1.070899152266085
937577.43761245,tracking,1.61,3.8905887032430733,1,1.8,-0.8582971291514876,nan,2.9218554220903805e-09,0.29439727256323944,0.2339249771236287,0.1655421708962175,3.1307719936517375,-0.1916088422572626,-3.1077229214260442,0.4668010711669922,-1.4714347186304217,-1.3864896003948728,0.8530471156173686,2.0001124087436106,1.4089693431562318,1.5266220743195889,1.075978000201948
937577.48811486,tracking,1.66,3.701066028904326,1,2.8,2.225581275845363,nan,6.915116388997518e-09,0.2934905573460479,0.23326715902083597,0.16560114703122378,3.131307804453571,-0.19154189223658413,-3.108029901621249,0.46526512145996096,-1.467106282910716,-1.3888981632847406,0.850917851746823,1.9990826975081315,1.4068227021595734,1.5280532570893974,1.0814409425460274
937577.538691476,tracking,1.71,3.907128157978028,1,2.5,3.6882463350736105,nan,6.574312572004193e-09,0.2926179064704235,0.23290719259366607,0.16557896005285866,3.1324881285593205,-0.19081235473183145,-3.107495070826554,0.4638645935058594,-1.46256852272933,-1.3926156698503822,0.8485267325620953,1.9984368809437874,1.4057230829454797,1.5296414332054662,1.0862580017467354
937577.589017436,tracking,1.76,3.8310143230525084,1,0.8,2.9596633194568627,nan,2.8623087433755905e-09,0.29173522739418134,0.2327666767588175,0.1655968010527802,3.1331815400959404,-0.1899066651597474,-3.107627798417791,0.4628177642822266,-1.4580480730950294,-1.3962110704800437,0.845891268347353,1.9982448670291926,1.4044490266799856,1.5311249470906947,1.0913893139560729
937577.63942947,tracking,1.81,3.8880680991982453,1,0.4,0.637460342954131,nan,1.038162774600301e-08,0.2909346134961053,0.23270513613251573,0.16571639816337808,3.1338825801710457,-0.18794814479054955,-3.1078619138831223,0.46173858642578125,-1.4528469194861047,-1.4003649359902948,0.8430638567970431,1.9982448670291926,1.4034890902650665,1.531823094770459,1.0972187072661472
937577.690032502,tracking,1.86,3.668175002757456,1,3.0,-0.08189329493435252,nan,2.02008177092216e-08,0.2900460783759381,0.2327643264495622,0.16588728559460114,3.1347558201422467,-0.18526316753628125,-3.1074525784968605,0.4606170654296875,-1.4466510752100354,-1.4050249352657154,0.8398698611226838,1.9987510007943623,1.4027211677647422,1.5321896788945084,1.1029259280612143
937577.740743156,tracking,1.91,3.8325454238843455,1,3.4,3.7584210489873304,nan,1.3577414620563658e-08,0.289119311864971,0.23190952166712572,0.16586475182303556,3.1348776907734544,-0.1830275117327087,-3.1071029544249025,0.45875953674316405,-1.4406645553956463,-1.4091439133656865,0.837356636001976,2.0004265285941853,1.4021974571363782,1.5321896788945084,1.1077080998516424
937577.79134518,tracking,1.97,3.7130334850236366,1,1.0,7.029846998568694,nan,0.0004546777721593564,0.288016142661657,0.23169863336405414,0.1657045106176645,3.13505950777964,-0.1800467528411005,-3.1066828899605654,0.4574028015136719,-1.4334738872943777,-1.4148337570346408,0.8343546542422114,2.0032540067235227,1.402145126020958,1.5320848835056138,1.1130662468068273
937577.841880862,tracking,2.02,4.2685842507204255,1,-4.1,2.6084794065577985,nan,1.9115429326281707e-08,0.28713187996381434,0.2315616013162085,0.16572847718406347,3.1349834554452296,-0.1766863978708657,-3.106407667520641,0.4561164855957031,-1.4268066635053644,-1.419982446370091,0.8315097324077343,2.0053833371730954,1.4022499214098527,1.5315787497404443,1.1186862490761942
937577.892442729,tracking,2.07,4.214125290268344,1,-2.5,-2.8254816242402216,nan,1.0809911015427786e-08,0.286650462402101,0.2305587877124695,0.16595689389594048,3.135092994716633,-0.17248082106224283,-3.106753944945652,0.4542449188232422,-1.42109937613127,-1.4246075582352316,0.8289441095925791,2.0072508788875134,1.4025117101450075,1.529938109350901,1.1238523821167845
937577.94299466,tracking,2.12,3.6681779720212297,1,1.2,-1.9197392417170183,nan,8.17627406659207e-09,0.2861065226082908,0.23004906026052793,0.1661473728706797,3.135293546425346,-0.168016539194489,-3.1074747552941333,0.453006591796875,-1.4152176517057755,-1.4297562475706818,0.8259945255272619,2.0098164351236414,1.4026512597861276,1.5283324895296921,1.1289487403368146
937577.993566211,tracking,2.17,3.5916931024779943,1,2.4,2.190122242774449,nan,1.0958755960155697e-08,0.2852461662024318,0.22933554158001218,0.16617598581616772,3.136482039418764,-0.16191916202874213,-3.1078422840095548,0.45115028381347655,-1.4063340120995438,-1.4377673024457491,0.8225387411177478,2.013429279458443,1.4029130485212824,1.5257319127252298,1.1359998587969629
937578.044034399,tracking,2.22,4.0121391318812885,1,1.7,0.3406064914493292,nan,1.0120566173470755e-08,0.2846390467494807,0.22935200060448682,0.16625372370194363,3.1368231206420796,-0.1553937848251048,-3.1079461409237843,0.4500420379638672,-1.3980435916261271,-1.4451675613248067,0.8197637272618853,2.0174085747592394,1.4041347736713563,1.5222936385998829,1.1423529627354014
937578.094638084,tracking,2.27,3.716175039091139,1,3.2,-0.05246149898870974,nan,0.001037934094762661,0.28413212730645176,0.22815595292021879,0.16633282511054853,3.136791523505386,-0.14926258215776245,-3.1085260914545194,0.4481465148925781,-1.3909052546402787,-1.4516951023146454,0.8170584216475556,2.0220861508978545,1.40521694918031,1.5189600267053762,1.1472398633356968
937578.145145876,tracking,2.32,3.6207051901547933,1,4.5,2.811367961709311,nan,0.00029757271929432285,0.28345458543635704,0.22786691461060804,0.1662876590430232,3.1367437466395662,-0.14355733171474783,-3.108118831568695,0.4468217468261719,-1.3829465308806315,-1.4582575307147643,0.8149640451872899,2.026397009754366,1.4064037869201038,1.5156089711057297,1.152493214901987
937578.19567945,tracking,2.37,3.788917064962422,1,4.0,1.9914586495901432,nan,0.0006660705975565299,0.2827284536207403,0.22767706179038932,0.16628527111117156,3.136344595439775,-0.13581430499448977,-3.1079100217995856,0.4454595947265625,-1.3729109409448859,-1.4663383604103917,0.8126253236970097,2.0323486421584747,1.408044427309647,1.5104602817702795,1.1589858684815457
937578.246009447,tracking,2.42,3.923128252145629,1,1.6,4.245796518839265,nan,0.0017237874528887476,0.28218546293254626,0.22723736063554964,0.1661401320821339,3.1360233107305757,-0.12978479165814094,-3.1075967516480953,0.44410018920898436,-1.365371132424708,-1.4733022603448398,0.8109846833074663,2.037340338147665,1.4099991875497653,1.506655423520883,1.163802994261281
937578.296620664,tracking,2.47,3.9915465074833945,1,0.7,-0.6311882509487919,nan,0.00016107703979885562,0.28174730256089525,0.22595507729482117,0.16622337074586013,3.1351074245668245,-0.12273873424986004,-3.1083634266221893,0.44191986083984375,-1.3574647397804807,-1.4804580410358281,0.8089775919519281,2.0421923513376803,1.4116572716444487,1.5021002196343571,1.17033053525112
937578.347147895,tracking,2.52,3.7201695839277615,1,2.4,0.31572292182751244,nan,1.6626709971594477e-10,0.28111359575458494,0.22584900434704547,0.16628077522312879,3.1343543522728092,-0.11576782069137415,-3.107733845580917,0.44048606872558593,-1.3484414173750743,-1.4877709482311312,0.8072671101627975,2.0465556744676663,1.4134374616751122,1.4975448825897766,1.1771373086812533
937578.397766023,tracking,2.57,3.7767835241596948,1,4.3,3.8261114930620286,nan,1.3644781379245622e-08,0.2806097181097193,0.22511251716453784,0.16613810991580727,3.1339279923434664,-0.109053843010531,-3.107679813669779,0.43816986083984377,-1.3401161094913776,-1.4948396435544742,0.8063421277371857,2.0520708147691114,1.4151827642954955,1.4922216230448717,1.1824256808158782
937578.448573672,tracking,2.62,3.5531736530305995,1,4.5,2.250822840799756,nan,1.4955174899162794e-09,0.2803919431706635,0.22372999285638656,0.16603873088675652,3.133125593633886,-0.10264657690264922,-3.1075062439780683,0.4365242004394531,-1.3328555334114944,-1.5011926143348582,0.8064119025577458,2.056189792869082,1.4176262145956433,1.486636574764812,1.188132835031918
937578.499021168,tracking,2.67,3.935500502777301,1,3.2,2.0076423059967876,nan,1.5465302324341911e-10,0.2798957736236698,0.22341134716401037,0.16598216950815897,3.132021769029522,-0.09506276662056501,-3.107577553243491,0.43486427307128905,-1.3223835845311394,-1.5080691625855518,0.80712749394265,2.0606230239776826,1.4189876225448919,1.4787301821205847,1.1967548190610495
937578.549841421,tracking,2.72,3.640631009661163,1,4.3,4.373551481351871,nan,0.002330625440642862,0.27932980107150135,0.2230783576843713,0.16580758390475192,3.1308837896672843,-0.08896361818878429,-3.106542413723341,0.43320877075195313,-1.3117545091464697,-1.5125023936941522,0.8096233419372451,2.0647943331930736,1.4197206576349362,1.4698988736297731,1.2036662547220232
937578.600523805,tracking,2.77,3.889757529901014,1,0.6,2.2342987832244297,nan,0.00024127834211430226,0.2792377649961687,0.22148078553895792,0.16568685636186095,3.1294055767494697,-0.08365292471476482,-3.1064126944960595,0.4307427978515625,-1.3031152145702527,-1.5145094850496903,0.8137248763320761,2.0683897338227353,1.4203314536309457,1.459793375715413,1.2092514361601374
937578.65104027,tracking,2.83,4.073091064046499,1,0.6,-2.9831492651009945,nan,4.200692221207258e-07,0.27936620416209507,0.22067039423362395,0.16581978290498492,3.1281062293817725,-0.07728607293100609,-3.106926741664633,0.42894912719726563,-1.2942837729213863,-1.5166911466146833,0.8179834706521946,2.070798296712603,1.420645706639575,1.4485709480398734,1.2165992307657205
937578.701816661,tracking,2.88,3.5487361274524707,1,1.7,2.035501308818168,nan,0.002200132289521124,0.27904116489159486,0.22033356987583622,0.1657360574931528,3.126722014425535,-0.07234127489890763,-3.106272301901782,0.4271813201904297,-1.2844401969002355,-1.5186982379702214,0.8225387411177478,2.072421360238952,1.4204885801352605,1.4385352249460734,1.224680060461348
937578.752510058,tracking,2.93,3.9620333194448225,1,1.6,3.067454685206252,nan,0.002026484971503394,0.27870923067718734,0.21909448277886043,0.16558565332921268,3.125089877728989,-0.06801424598564898,-3.1054326455256147,0.4246560668945313,-1.2753818539264945,-1.5202340829708703,0.8270242367627411,2.0744634721628246,1.4206282629344351,1.429180338984952,1.2314868338914815
937578.803017839,tracking,2.98,3.9707396628121803,1,1.3,2.010522437307723,nan,7.261187934644746e-08,0.2789336129871347,0.21798498886541054,0.1654523646352296,3.1239853920767486,-0.06340377995365509,-3.1059406762162154,0.42277008056640625,-1.267196362000027,-1.5206006670949197,0.8336390628573072,2.0764007886978026,1.4204362490198403,1.4161601444155547,1.238171501385635
937578.853738215,tracking,3.03,3.719425085634538,1,1.2,1.2912629996971605,nan,0.001646434017307937,0.279063627397352,0.21723815571941085,0.1653668115370914,3.12325216930462,-0.05922611048673865,-3.106389882713523,0.42101287841796875,-1.2601801309501588,-1.5212639273644037,0.838962322402212,2.0765054509286425,1.420052221190651,1.4069796955058336,1.2451003807517484
937578.904446477,tracking,3.08,4.159528267527627,1,0.4,1.6913151995574451,nan,0.001891931697884775,0.2789730902316095,0.21689994125184375,0.16528006000909545,3.1220656116031944,-0.0554072776819583,-3.10642330213946,0.41922027587890626,-1.251558146921027,-1.5215780472149787,0.8452105643727287,2.0756851973128985,1.4189527351346116,1.3962982890057436,1.2543856250503642
937578.955038304,tracking,3.13,3.7395012950776074,1,0.8,0.633587873386064,nan,0.0020382762324196173,0.2790073001343913,0.21554356689372747,0.16522131256150946,3.1214872196871375,-0.051963171971070254,-3.106581454079294,0.4167926788330078,-1.2437391059605545,-1.5208101247146544,0.8517032179522873,2.0751091555691143,1.4172946510399285,1.3853027626550791,1.261925433570542
937579.005521007,tracking,3.18,4.097011542907991,1,-1.0,0.6675392776785226,nan,1.9793986034313488e-07,0.27916848179427173,0.2145110278872082,0.1651595494423099,3.1206170986781694,-0.04983837180051354,-3.1070795521004615,0.41503799438476563,-1.2382238325010548,-1.5189251392950962,0.8576024526619491,2.0744111410474044,1.4158111371546998,1.3761223137453578,1.2675802566711618
937579.056032736,tracking,3.23,4.207365127015748,1,-1.5,0.47138333566663665,nan,2.0330161916432075e-05,0.27955083242470224,0.21371247120802098,0.1651011877680098,3.120082954650605,-0.0479444835440721,-3.1076149893085967,0.4132053375244141,-1.23281335443045,-1.516132548576039,0.8652295462868543,2.071566219212927,1.4138912643248616,1.3655455694761083,1.274893163866465
937579.106756086,tracking,3.28,3.860861669869486,1,0.5,0.7390970016280267,nan,4.589876841746891e-09,0.2796790311044874,0.21257650606871684,0.1650342771709024,3.119450123056648,-0.04664512634625151,-3.1073861235608193,0.4107628631591797,-1.225954116726842,-1.511943795655508,0.8737816223373712,2.0681977199081403,1.4108019974603696,1.3540439093602739,1.2827995565106922
937579.15712819,tracking,3.33,3.7271243477550775,1,1.3,0.5141449909373701,nan,0.0017858819337857382,0.2798396696888929,0.21177671362026879,0.16498467059787034,3.1197307054215107,-0.04554814746859681,-3.107059877179801,0.40912666320800783,-1.2195837022413178,-1.5070045639397927,0.8821068636420407,2.065754269607993,1.407067047189588,1.342437453855545,1.2883671610856118
937579.207825422,tracking,3.38,3.766663816871917,1,0.8,-0.19547990190498,nan,8.170489943364708e-05,0.2801624246132933,0.21062096191677346,0.16495507956049782,3.118649474334938,-0.044942376908754245,-3.107442113444593,0.4069712829589844,-1.2131784003455137,-1.5000406640053443,0.8921948512722336,2.062385770303206,1.4028607174058625,1.3290508083201529,1.2956102934603548
937579.258395461,tracking,3.43,3.893075035984192,1,1.9,-5.94820584253317,nan,0.0026846670007847225,0.2807894481891886,0.20973149446159906,0.16520863545291098,3.117790454719768,-0.04362892276148189,-3.1085828606289923,0.40531700134277343,-1.208815077215528,-1.4939494819601151,0.9005375362820431,2.0585460246435296,1.3991083234299408,1.3172523389008293,1.3024170668904884
937579.309037838,tracking,3.48,4.0460084310186435,1,1.7,7.928256859297699,nan,3.5331824490432535e-09,0.28090064568523315,0.20983092824447241,0.1648033862294378,3.1169025903094445,-0.04545222829026674,-3.1071598720199907,0.4036456298828125,-1.2024096421616692,-1.4851181734693033,0.9130166430969636,2.0524548425983005,1.3943784161759056,1.3041100383954518,1.3106550230904306
937579.359684399,tracking,3.53,3.907840618981873,1,-1.2,-0.35957962108683716,nan,9.351301817808322e-08,0.2812967954950242,0.20908266410915793,0.16478569497976367,3.116608956718135,-0.04565419139642124,-3.107012120626404,0.40198272705078125,-1.1986746918908877,-1.4788175338043394,0.9213593281067731,2.0482835333829095,1.390730684430824,1.294091892164846,1.3161178322764555
937579.410497322,tracking,3.59,3.8739812865149177,1,-0.9,-1.8891541307374526,nan,5.430828358937904e-07,0.2815106096266172,0.20775809413502966,0.16483997233593933,3.116182939966753,-0.047097145623689496,-3.105961071800435,0.3995233917236328,-1.1959171217401652,-1.472063091489626,0.9285326190819287,2.0430126049534247,1.3870480652754624,1.2867090769909286,1.3209175143510508
937579.461027384,tracking,3.64,4.119036430369457,1,1.0,-3.0248879777827864,nan,3.6876362348717347e-09,0.2819613785846614,0.20707464251213384,0.16495461507152093,3.115915020629545,-0.048554710172751925,-3.106028823604088,0.39776618957519533,-1.1942415939403417,-1.4653086491749125,0.9359153676768192,2.036397845437886,1.3828068480814568,1.2793961697956255,1.3271658229005947
937579.511741103,tracking,3.69,3.929419328741256,1,0.9,5.673358682632348,nan,2.246225745832958e-10,0.28235332625698006,0.2065611577176624,0.16463475842219305,3.1160092378228526,-0.05160978221886414,-3.1059187330825346,0.3960979461669922,-1.194032136320607,-1.4593395730656633,0.9436122361222845,2.029084938242583,1.37935113025097,1.2741601287764206,1.3331872301252639
937579.562035006,tracking,3.74,3.429297773029347,1,1.8,-0.6706565186267681,nan,7.422232706484604e-09,0.28264382603980154,0.20527999839798014,0.16462299911142841,3.1164810943953856,-0.05366018220816171,-3.105639530701913,0.3937721252441406,-1.194032136320607,-1.4549936936408177,0.9486562632268946,2.0223130522227293,1.3761397574504979,1.2709836433862287,1.338440581691554
937579.612491763,tracking,3.79,4.014235349395222,1,0.5,2.000410106519952,nan,3.65718430688996e-10,0.28308757424557596,0.20425476013190633,0.16447342174244983,3.117174116399431,-0.05661409283486618,-3.105449994912597,0.3917047882080078,-1.1950095164406662,-1.4497228983693873,0.9548172866717111,2.0145463423776766,1.372718927030291,1.267632587786582,1.343641735300479
937579.663046337,tracking,3.84,4.087747375094344,1,-0.1,-0.45823341913451887,nan,2.40894658262158e-10,0.28358504289855746,0.20356610487863383,0.16445200605144908,3.1181580978483545,-0.059326198900225835,-3.105749754784118,0.3902028656005859,-1.1964755866207548,-1.4446963149699172,0.9601405462166159,2.0068668510583243,1.3689315124860348,1.2648750176358594,1.3485809670161943
937579.713434217,tracking,3.89,3.9858780355075565,1,-0.3,-1.4726733902599292,nan,0.0013714099002803723,0.2841326986267837,0.20285721130129078,0.1644767107394595,3.118727605619048,-0.06294865211462786,-3.1062736980331183,0.38851730346679686,-1.1986049170703277,-1.4384131190100933,0.9660397143472506,1.997599183622903,1.3644111960097889,1.2624141236305717,1.3545849305357236
937579.763942775,tracking,3.94,3.642227933892382,1,0.1,-1.0456428443499115,nan,6.739056347981807e-08,0.28469587653239986,0.2014628700615352,0.16446348858901014,3.119290522169739,-0.06708091095647783,-3.1072821199848137,0.3862812042236328,-1.201606832251065,-1.432304493259724,0.9715025901123028,1.9880870379994124,1.3598384152600684,1.2610876030916032,1.3605888940552526
937579.814592691,tracking,3.99,3.9777964622214697,1,2.3,-1.5109202886195032,nan,0.00021039872148701676,0.2851776718628128,0.201254379908807,0.16450150230406063,3.120100511867206,-0.07134232917256211,-3.1072071688894485,0.38480911254882816,-1.2045564163163822,-1.4263877482658949,0.976878247351655,1.9773358566787624,1.3554402047198024,1.2605116945058736,1.3669069774253566
937579.865141646,tracking,4.04,4.2287133468399976,1,0.7,4.534298610220236,nan,0.00012005529716132051,0.28548755836347106,0.20081018420182553,0.16423981617569408,3.120768692609466,-0.07598720264989112,-3.106756870791942,0.38288909912109376,-1.2071918805311246,-1.4207503688704153,0.98223639430684,1.9691502315942404,1.3519843537312612,1.259970673330424,1.370816497905593
937579.91570719,tracking,4.09,4.075269600709683,1,-2.5,0.3968913209517171,nan,0.00020758071063263625,0.28601588356324015,0.19974008397906123,0.16415740057222616,3.120971020556499,-0.08084503102328511,-3.1067110248344423,0.3819147491455078,-1.2102637036904764,-1.4126695391747879,0.9883101326469291,1.9617326621680973,1.3476909385798899,1.2578587865859912,1.3731727296800407
937579.966298807,tracking,4.14,4.47327335924472,1,-3.5,-3.012931256624205,nan,0.0001582413629371643,0.28651296340378013,0.19913230264731985,0.16425686035553919,3.1215137808289293,-0.08592924917937861,-3.106680109867686,0.3810805511474609,-1.2136322029952633,-1.4039254492096762,0.993650835896974,1.9543324032890397,1.34257713665472,1.2563927164059026,1.3746562435652692
937580.016884642,tracking,4.19,3.407568589580599,1,0.6,-5.936081891008648,nan,1.99283052153319e-07,0.2870036071171335,0.1980433475226577,0.1644949002137852,3.1214326199673184,-0.0906594548907429,-3.10653466327418,0.3797509002685547,-1.217419484381465,-1.3959318380397487,0.9976825288922178,1.947386080217786,1.3384581585547488,1.2561832587861679,1.3756161799801883
937580.067472563,tracking,4.24,3.805711120606972,1,2.8,-2.636833740873156,nan,4.967854070137364e-10,0.28760976866087423,0.19723951864957345,0.16455836504573518,3.1231623303983596,-0.09535510259697699,-3.1065850242817814,0.37884284973144533,-1.2219224903106254,-1.3892297268404554,1.0019236795071962,1.9396368140778735,1.3340598148564284,1.2564101601110425,1.3765935601002475
937580.118035559,tracking,4.29,3.6142499438529168,1,6.9,1.3623985357595174,nan,7.568929097229768e-10,0.28807320976715284,0.19665624663231068,0.16443436302121822,3.124899512400624,-0.10060894329205339,-3.1064912768851936,0.37805267333984377,-1.2264428067868713,-1.383068769974666,1.006252115226902,1.9317827525490663,1.3299233930513172,1.2574224276413817,1.3778676163657413
937580.16861765,tracking,4.34,4.115033223715045,1,0.9,6.63800836216095,nan,6.175546131881077e-07,0.2884046601087047,0.19584385715142202,0.16405087063574325,3.125897032912198,-0.10701395126973567,-3.106240361861333,0.37702651977539064,-1.2313996153657814,-1.3767156660362276,1.01091218108135,1.924417514238343,1.3265200063362506,1.2592725256506596,1.3786006514557856
937580.219048441,tracking,4.39,4.4319640368677735,1,-3.9,-1.4989334788394664,nan,1.249291680206322e-06,0.2889798089740532,0.1950501533800489,0.16405296581972692,3.126591632878498,-0.1124219718953241,-3.1066662778821947,0.3763250732421875,-1.236984663645841,-1.3702231456147234,1.0143853426169767,1.9174187268936147,1.3231166196211839,1.2611400673650777,1.3787577779601004
937580.269783237,tracking,4.44,4.220901815908446,1,-3.8,-0.5485987030271569,nan,0.000642626148920231,0.28936866287700963,0.19401171924449223,0.16402360956359346,3.1274170182123644,-0.1195251759449607,-3.1067477635443455,0.3752233123779297,-1.2435994231613798,-1.3632941330905552,1.0174746094814686,1.908674636928503,1.3192594302563676,1.2655033904950637,1.3791766931995697
937580.320358924,tracking,4.49,4.204321217145252,1,-3.6,-2.1776316754444647,nan,2.3791489285064548e-05,0.28988834073183234,0.19365555516190075,0.1640650749648621,3.128369762343587,-0.12683539582623604,-3.10627555889647,0.3746092987060547,-1.2512265833653122,-1.3564699159552815,1.0204940349463731,1.8986739344030377,1.3159782826353355,1.270756742061354,1.37936857395611
937580.371035931,tracking,4.55,4.229136958076765,1,-2.7,-2.3764203752888964,nan,1.6539842941227978e-10,0.2903431882339224,0.19268928887642095,0.16411851198240127,3.1290631213044455,-0.13274501882030942,-3.106382613360163,0.3736175537109375,-1.257736680650011,-1.3511117690000967,1.0226232988169188,1.8908547602845105,1.3133428184205929,1.2753120791059345,1.3794210382295846
937580.421819629,tracking,4.6,4.136840293163154,1,-0.8,-4.601581585764932,nan,0.0001128626464619844,0.29110599015779515,0.19223408122694075,0.16424345236925975,3.129558642674081,-0.13862025315237214,-3.1063128921043703,0.37300346374511717,-1.2655208342002036,-1.345509277014897,1.0252238756213812,1.881866325289384,1.3114055018856148,1.279867416150515,1.37940346136639
937580.472377497,tracking,4.65,3.9638010147437877,1,-0.3,-0.4846466405194338,nan,8.424816260378313e-07,0.29163186101834443,0.19160457508032372,0.16418713927345718,3.1300080570803357,-0.14495173931909422,-3.106688473777615,0.37240837097167967,-1.2730955301306615,-1.3407793697608619,1.0271786358614994,1.8738901578245968,1.3096601992652315,1.2854873518408547,1.3792639117252699
937580.523082587,tracking,4.7,4.317509687984556,1,-2.2,1.8449179012488466,nan,0.0005210558588973862,0.29199548582345153,0.19062261008675957,0.1640311605304994,3.13046569493883,-0.1509496832395938,-3.1069993417360076,0.3714745330810547,-1.280006965791635,-1.3371490817209202,1.0285923083471407,1.866943834753343,1.3084733615254376,1.2913690762663492,1.378967235579835
937580.573791647,tracking,4.75,4.23659957246802,1,-1.5,-4.965622401512102,nan,3.5868327737777736e-10,0.2926429584981216,0.1903423315692482,0.1641819163696198,3.132081760523444,-0.1573080208612505,-3.1059908047574303,0.3708872985839844,-1.2886987246413266,-1.3329428850952492,1.029971160001529,1.856593991808968,1.3071642846916092,1.2986296523462322,1.3782516441949306
937580.624200251,tracking,4.8,4.215972078212686,1,-2.9,1.554163862278659,nan,0.00013227942105376654,0.2930825795035825,0.18942179525999417,0.16402726188516287,3.1332345743468597,-0.1640141052136077,-3.1057741772814023,0.36999473571777347,-1.2972159132815637,-1.3299233930513172,1.0307565262069935,1.848338591903886,1.3067106151999142,1.3066058198110195,1.376995031634577
937580.674772595,tracking,4.85,4.136162521679059,1,-4.6,-3.1442064259461695,nan,3.06750011568597e-08,0.29375788438147704,0.18857160641679807,0.1640718138098471,3.134365010557807,-0.16926954708744124,-3.10609064696869,0.3693190002441406,-1.3054364257763658,-1.3272007103108747,1.0313325013717505,1.8406765442896735,1.3063265873707246,1.3132031356214182,1.3758954124204832
937580.725363917,tracking,4.9,4.575456860796098,1,-7.2,-4.518131884693639,nan,7.969413372110198e-10,0.29441321259458797,0.18801760294594622,0.164188090056345,3.135738392023528,-0.17546645559697183,-3.105899259739947,0.36867820739746093,-1.3148961071263816,-1.3246175772115525,1.0314023427713377,1.8308852993839426,1.30620434827669,1.3220171335651445,1.3751274899201589
937580.776045584,tracking,4.95,4.5833830410772824,1,-8.9,-0.1001585060676565,nan,4.1550450155157323e-10,0.2948401018004641,0.18731955878406936,0.16411612471035852,3.137201599536623,-0.1820908785026143,-3.105724220925625,0.367945556640625,-1.323867098416368,-1.3225407110354541,1.0313848990661978,1.8217920689999216,1.30615201716127,1.3312499135902858,1.37428965944122
937580.826765395,tracking,5.0,4.2756351661599865,1,-3.5,-6.1447989684869,nan,1.2760281688803178e-07,0.2955065194076743,0.18655127859779924,0.1643101229523643,3.1384968338588437,-0.18774461103229778,-3.1060880471440195,0.3674610137939453,-1.3331872301252639,-1.320289274649901,1.0306867513864335,1.8133796757485794,1.30620434827669,1.3399242287348374,1.372718927030291
937580.877511145,tracking,5.05,4.050891926559699,1,-0.8,-4.930357063637657,nan,4.368311222014014e-09,0.29612089705752426,0.18591757263051867,0.1644485617071612,3.1400894962233328,-0.19197425631497111,-3.105964602507409,0.3668943786621094,-1.3407095949403016,-1.3189453104057927,1.0303725649568314,1.8059619731643817,1.3064837138750394,1.3466785378914963,1.3716018641110574
937580.928116665,tracking,5.1,4.121720402964931,1,-0.2,-1.2033174552832362,nan,7.553850908361707e-09,0.2966839334248336,0.18499629441547674,0.16440487661607095,3.1414321933416787,-0.1966352527616282,-3.1064779677598215,0.3661565399169922,-1.3484588610802144,-1.3179853739908736,1.0301631073370967,1.7989457421145134,1.3069898476402089,1.353747233214839,1.3708339416107331
937580.978793482,tracking,5.15,4.137894415449469,1,-0.4,-2.2710533999711475,nan,1.9066392658521258e-08,0.29742213209003315,0.18444419996887423,0.16437654026347556,-3.140442882483391,-0.20104864464621053,-3.1064668734841905,0.3656678009033203,-1.3567317046904364,-1.3171476766699892,1.0301631073370967,1.7915456163935102,1.3082813476108428,1.3606412251706728,1.369594772755519
937581.029348521,tracking,5.2,4.4338773393163,1,-2.3,-1.3017312984891907,nan,1.504971249308192e-07,0.2980668818194066,0.18381899467246313,0.16431615554795928,-3.1393256715595896,-0.20446898041062567,-3.106611896174445,0.3651998901367188,-1.36350359071029,-1.3166589866099596,1.0301631073370967,1.7859605681134505,1.3095030727609167,1.3659993721258576,1.3683032727848852
937581.080106363,tracking,5.25,3.9460764976877067,1,-4.7,-2.1791270303721233,nan,1.3024266315165367e-08,0.29859228090541423,0.18338253308003558,0.16432307026412654,-3.1384240350814823,-0.20831404889057392,-3.105338218058124,0.36449920654296875,-1.3702405893198635,-1.3159085078147752,1.0300933325165367,1.779345675439857,1.3112309316761601,1.3722127932651216,1.366784738331322
937581.130686493,tracking,5.31,4.239308407496555,1,-3.3,-3.328699688555964,nan,1.1236471268522545e-08,0.299075901837209,0.18293626071781166,0.16439698951235948,-3.1375011314583583,-0.21156989759611666,-3.104522691774691,0.3640149688720703,-1.376244419681338,-1.3151578958615364,1.0297093712663743,1.773865422548692,1.312504987941654,1.3776930461562866,1.3651092105314986
937581.181036802,tracking,5.36,4.078889151316927,1,-1.4,-2.4970625756060714,nan,4.260880340878405e-09,0.2997314826896731,0.1822071034840193,0.1643930604806694,-3.136587301346339,-0.21466646866311567,-3.1045426846050197,0.3634464263916016,-1.3829988619960514,-1.3150183462204164,1.0292032375012048,1.7685944941192073,1.314250423720092,1.3832432070260663,1.36355592182571
937581.231801631,tracking,5.41,4.032859264610385,1,-0.4,-7.091653334470804,nan,1.093058219665345e-08,0.3006770217547005,0.18142030005131204,0.1645626973304073,-3.136448642590061,-0.2171574302804602,-3.104571641024082,0.36257568359375003,-1.3907830155462442,-1.3153499097761312,1.0281909033918384,1.7622938544542432,1.3173395574265294,1.3892820579558753,1.362665760231351
937581.282391859,tracking,5.46,4.0626189009346305,1,-0.7,0.31996256053001804,nan,1.2772716794397342e-08,0.3011266872331942,0.18091387832170677,0.16445337881044245,-3.1357446851755335,-0.219074347247876,-3.104529489500203,0.3620494079589844,-1.395722380420014,-1.3167287614305196,1.027091350756772,1.7586461227091619,1.319765564021537,1.3940468526201908,1.3617582880899064
937581.332998876,tracking,5.51,4.293449101143462,1,-1.7,-3.5812912350979187,nan,1.0023350083540246e-08,0.3018548479722437,0.18034499110778393,0.164485084706906,-3.134073835251252,-0.22095274902371553,-3.1044745806245073,0.36156631469726563,-1.402406914756113,-1.3187532964911979,1.0250842594012337,1.7535497644891316,1.322767612360329,1.4002601406014001,1.3601525351106432
937581.383591477,tracking,5.56,4.232695206599326,1,-2.8,-0.11070307034245708,nan,0.0001064229619450239,0.3024158649025226,0.17961884820775786,0.1643774215901549,-3.132324428907773,-0.22217870046359933,-3.104101893599865,0.3607756805419922,-1.4068750332749933,-1.3203590494704611,1.0244558865420297,1.7495879128934753,1.3247921474210071,1.4038555412310616,1.3592100424008642
937581.434126997,tracking,5.61,4.2131498494989374,1,-4.1,-3.9617186996635776,nan,5.155131267606787e-09,0.3030820779071431,0.17902118689088742,0.16444334270305522,-3.1309279049992966,-0.22346041387503246,-3.104030196125942,0.3602391052246094,-1.4121982928198982,-1.3217379011248498,1.0231119888769484,1.7453292519943295,1.3270611606697547,1.408288772339662,1.3580232046610703
937581.484698997,tracking,5.66,4.152016494937973,1,-1.6,-3.9357768196057186,nan,1.2318107937001616e-08,0.30380554140484173,0.17812098901292403,0.1645027080764776,-3.128607156316673,-0.2242384034207494,-3.1037054380737876,0.35940261840820314,-1.4174167569759086,-1.3238496547112282,1.0214888587715723,1.7409659288643438,1.3294521466964278,1.4125996311961733,1.3564699159552815
937581.535154566,tracking,5.71,4.144539772383661,1,-1.1,-1.063534396330749,nan,3.65062310934909e-08,0.30443937785664593,0.17752136342445196,0.16442737042850739,-3.1274053470285725,-0.22444359429604477,-3.103891778971059,0.3588573455810547,-1.4213262774561448,-1.325978985160801,1.020424193546786,1.7384002394701614,1.33196550497519,1.4152874265263358,1.3556495291814827
937581.585723653,tracking,5.76,4.4591951499998945,1,-5.8,-1.4655109497981906,nan,3.960196654370344e-09,0.305101612127772,0.17690773939391258,0.16436785408148424,-3.1262007977682083,-0.2241820517128923,-3.103924190465699,0.3581733703613281,-1.4252708185047156,-1.3290159209098729,1.0186788909264024,1.7358346832340334,1.3352991168696968,1.4184115808011075,1.354934070954633
937581.636306788,tracking,5.81,4.187266042329309,1,-2.2,-6.049956482086356,nan,7.405301408030385e-09,0.30581361465322887,0.17639244818402974,0.16453376698370345,-3.1248153470241604,-0.22344966104867003,-3.1040432131908595,0.3577203369140625,-1.4293024449209322,-1.33196550497519,1.0160957578270802,1.7333389018184657,1.3384581585547488,1.4217975238110343,1.3537995643302592
937581.686882639,tracking,5.86,4.028473091758206,1,-0.3,-3.612351154191849,nan,0.0008765012769603353,0.30657693194780805,0.17571521467959958,0.1645681364304169,-3.122934670799409,-0.22199679160191232,-3.104482206195236,0.3572651672363281,-1.4330375283497683,-1.336084483075161,1.0131810611720429,1.7319949375743573,1.3421058902998302,1.4246773330557916,1.352246142466416
937581.73749564,tracking,5.91,4.143330278509989,1,-0.5,-1.3238247011253659,nan,6.018718627301991e-09,0.3073392901475756,0.17500541569999956,0.16448795467121224,-3.121046527792039,-0.21992937636640963,-3.1041436299006344,0.35660400390625,-1.436406027654555,-1.3413378346414515,1.0098998469719835,1.7314888038091878,1.3470625657206858,1.4274350363645687,1.349994706080863
937581.78811912,tracking,5.96,4.46470212593399,1,-2.8,-0.6012627957290723,nan,6.706748865486122e-09,0.30793213080739235,0.1745740877323116,0.1644019810920118,-3.119196100713424,-0.2179964204395748,-3.1039494234915423,0.35623161315917967,-1.4389541401855428,-1.3461549604211867,1.006880421507079,1.731296789894593,1.3511815438206567,1.4297736912758217,1.3481970723450596
937581.83884343,tracking,6.01,4.114222594301598,1,-4.9,-1.2545249458820225,nan,8.836214591165825e-09,0.30853992337378994,0.17372704297386132,0.16436216624908884,-3.1176229322929805,-0.21592351478844063,-3.1041707655024657,0.3555084991455078,-1.4413627030754106,-1.3507102974657672,1.0039308374417617,1.731296789894593,1.355003845775193,1.4317633389262199,1.346800776985531
937581.889509298,tracking,6.06,4.224219418135611,1,-3.0,-5.166582200754998,nan,1.266515836020131e-08,0.30929979055471046,0.17310532495076464,0.16448772618586183,-3.115855006942985,-0.21288725468080583,-3.104133337962652,0.3549561309814453,-1.4438933719012583,-1.3559114510746921,1.0001783768868127,1.731296789894593,1.359506718546299,1.4337531197346727,1.3451078054805676
937581.940033663,tracking,6.11,3.6219692901628644,1,1.7,-4.25820976748342,nan,1.0134478531322905e-08,0.30996083991438167,0.17261427338143526,0.1645857553125475,-3.113992619582183,-0.20965115270061174,-3.1037840037856728,0.3544513702392578,-1.4453944626496815,-1.3607109999912328,0.9970891766013481,1.7316808177237824,1.3633813516162552,1.434625704465837,1.3435719604799188
937581.990632568,tracking,6.17,3.8704375356498817,1,1.8,2.0210418121290195,nan,1.4197552653607396e-09,0.3105942555386134,0.1719000344917084,0.16437741557198932,-3.11165307888907,-0.20579049035644892,-3.1033366877855553,0.353720703125,-1.446319378496266,-1.3672734283913517,0.9938951809269888,1.733461007754446,1.3682858290797453,1.4350097322950264,1.3416520876500808
937582.041120429,tracking,6.22,4.245784733464693,1,-3.4,3.7604579346542737,nan,6.439907604483097e-09,0.3110818311419101,0.17135059404208502,0.16410549448199846,-3.1101865021587294,-0.2023490831178898,-3.103053107907227,0.35320938110351563,-1.4467557374408755,-1.373102821701426,0.9912073855968263,1.7361139156743284,1.3728760535346058,1.4350097322950264,1.3398019896408027
937582.091832556,tracking,6.27,4.4785221482989614,1,-10.4,-0.6041680718904793,nan,0.0005129955687396828,0.3117007747771442,0.17049623868244607,0.16404892632457618,-3.1081416207841843,-0.19817397136332482,-3.1034904408997153,0.3525862121582031,-1.447226983795765,-1.378949791874695,0.9880657876169143,1.738487591153916,1.3767156660362276,1.4346431481709772,1.338370806870994
937582.142515482,tracking,6.32,4.232114317041912,1,-3.2,-8.815970738039725,nan,5.266727229399761e-09,0.3125600204290152,0.1698515179894844,0.16436613172138984,-3.1059610583364,-0.1928498485582819,-3.1037955002423225,0.3521250152587891,-1.4477156738557946,-1.38434282624016,0.9846100697864275,1.7402154500691593,1.380293622960749,1.4334738872943777,1.3370793069003601
937582.193013132,tracking,6.37,3.7566136215370904,1,0.4,-0.43533142313911405,nan,4.9785596420423965e-09,0.31303588559431234,0.16912385041001646,0.1643308274853951,-3.104579555189634,-0.18916301585009276,-3.1039044933891624,0.35155906677246096,-1.4475236599411998,-1.388828255306126,0.9824108979372673,1.7427810063052873,1.383348002414961,1.432374268080284,1.3357353426562517
937582.243524471,tracking,6.42,3.65058502111555,1,1.2,-0.5114341763953888,nan,0.00011413388844751029,0.3138374426506157,0.16860970541830003,0.16423379062206142,-3.1029091018420867,-0.1831880788529079,-3.1036697384297445,0.3511759948730469,-1.44680820171435,-1.3953557962959646,0.9799151165216996,1.747126885730133,1.3882697904255363,1.4294421277201068,1.333588568501539
937582.29401021,tracking,6.47,3.846888255074255,1,1.6,-1.9756093969204371,nan,0.00033799667200187957,0.31478424129039656,0.16796798260443263,0.16419979996416512,-3.1006638958487582,-0.1755432830884447,-3.1037113790322732,0.3507708740234375,-1.4456736950899762,-1.4035414213804867,0.9765117298066328,1.7525898280742125,1.3939420572312962,1.4258292833853052,1.331267357295426
937582.344696051,tracking,6.52,4.008355337136495,1,0.3,2.3097515089985423,nan,8.001531330729264e-09,0.31532598553969465,0.16721469819650386,0.16402644114958398,-3.098751088930982,-0.16985120267022213,-3.1032513396158943,0.3501141357421875,-1.4442076249098876,-1.4102958636952,0.9739461069914778,1.7573371790333878,1.3984799505707366,1.4231938191705629,1.329190357961273
937582.395477592,tracking,6.57,3.9351210078221337,1,-0.2,-0.9713987883494889,nan,4.500036025405922e-09,0.31601132553914035,0.1665156767738957,0.16400140295322285,-3.096644521022659,-0.16269729401982658,-3.102979492954253,0.3495573425292969,-1.4422179772594894,-1.4177833410999579,0.9709790126419933,1.7628174319245529,1.4032796326453318,1.4194937563100614,1.3272007103108747
937582.446017992,tracking,6.62,4.041380532056046,1,0.2,-2.269879747116964,nan,1.4554210497291546e-08,0.31671958197482064,0.1660564923331968,0.16403207986738083,-3.095344554671948,-0.15587364431672035,-3.1023211241699937,0.34915435791015625,-1.4404027666604915,-1.4243108820897967,0.9685530060469856,1.7682104662900178,1.4082363080661873,1.415584235829825,1.3249667176304618
937582.496705238,tracking,6.67,3.585791538655659,1,2.3,-0.38379275164806353,nan,1.02033918525329e-08,0.3174188222090279,0.16544395152734503,0.1639813961100438,-3.0944139387274876,-0.1485227139583314,-3.102225108110805,0.3486239624023438,-1.4381164428646585,-1.431501550191065,0.9662142845567052,1.7744064437241418,1.413454905380252,1.4110812299006645,1.323448316334953
937582.547343227,tracking,6.72,4.080627687695502,1,-0.5,0.8784667684229459,nan,5.842131859748731e-09,0.3180629026711239,0.1648933015973331,0.1638759550845455,-3.093228176990147,-0.14165626594425174,-3.1019032549610976,0.3481957244873047,-1.4357950985004908,-1.4382036613903586,0.9644165842418745,1.780462738359091,1.4182371437497074,1.406456118035524,1.321580774620535
937582.597899348,tracking,6.77,4.204207083510151,1,-1.5,-1.0219193518752003,nan,9.20131098049716e-09,0.31868312493199535,0.16414157213509314,0.16388744616026849,-3.0917314658602337,-0.1348476521404418,-3.101399222084853,0.3475782775878906,-1.4334738872943777,-1.4445391884656025,0.9625141551171763,1.7861175614597107,1.4225655794694132,1.401970688969558,1.3195562395598568
937582.64870994,tracking,6.82,4.008105530775164,1,-0.5,-2.297704067883632,nan,1.6944553870262882e-08,0.31939688911196057,0.16358505356424233,0.1639473279084033,-3.0907484822396434,-0.12662280852790642,-3.1004733541620864,0.34706123352050783,-1.430471838955586,-1.4517648771352054,0.9604372223620508,1.7932385878984736,1.428168071454613,1.3963680638263039,1.3170777686913746
937582.699479265,tracking,6.87,3.7701271822639626,1,0.7,-3.7072733798345547,nan,9.836331246536545e-09,0.3200876692028164,0.16319025252486874,0.16407802429405804,-3.0903666236841953,-0.11925364135508443,-3.0996937523272843,0.3466130828857422,-1.4279062827194582,-1.4577862843598746,0.9588489796669548,1.7992249745548081,1.4332119654011686,1.3911495996702934,1.3153150223658512
937582.75001544,tracking,6.92,3.8236065264381103,1,0.3,1.9452173171808078,nan,9.48746393994719e-09,0.3206877050492254,0.16251939625024656,0.16395109222015722,-3.0892479060870355,-0.1124576080826083,-3.0992578155659287,0.3460874176025391,-1.4254977198295904,-1.4644708186959736,0.9574527508864535,1.805490726809492,1.4380815554543784,1.3863499175956981,1.313360262125733
937582.800707694,tracking,6.97,4.004043521345202,1,-0.8,2.159094905671457,nan,6.693539151373121e-09,0.3213906007664622,0.16157564849368553,0.16382415490968463,-3.087744544246876,-0.10455757817213551,-3.0986468815815247,0.34525413513183595,-1.4226702417002532,-1.472202641130746,0.956004124411505,1.8123498313550457,1.4435792520506834,1.3806776507899383,1.3113357270650547
937582.851420776,tracking,7.02,4.032062298040726,1,-0.7,0.2601636058325432,nan,4.866695437849823e-09,0.32209295731739973,0.16074795862643398,0.16379303599145167,-3.0869949924663325,-0.09710114864942354,-3.0988462969264385,0.34468544006347657,-1.420104552306071,-1.4788698649197594,0.9548696177871312,1.818999611438919,1.4483614904201387,1.374970363415844,1.3099394317055262
937582.902012075,tracking,7.07,3.968991165793452,1,0.3,-2.9705297724899524,nan,5.347308649371959e-09,0.3227023051949898,0.1603540570867894,0.163913526187664,-3.0868923823223,-0.09052978000162337,-3.098342490286549,0.34419654846191405,-1.4175389960699432,-1.483878871456035,0.9542761989172343,1.824078525953809,1.45253279963553,1.3695773290503792,1.3091016012265873
937582.952684438,tracking,7.13,3.8862071412626733,1,2.3,2.9856975435528397,nan,2.4328822737701467e-08,0.32341422142549336,0.15952444870557292,0.16375325894577134,-3.086321752302229,-0.08248631750474056,-3.0983253695222035,0.34356491088867186,-1.4145543914362912,-1.4914711442496873,0.9534559453014898,1.831635778179127,1.4582749744199042,1.3632243582699952,1.3076180873413585
937583.00341837,tracking,7.18,3.9641443823096685,1,0.3,3.2106448600017377,nan,0.0013261771244475193,0.32419747130615906,0.15875627708670365,0.16357830763600512,-3.086105339860402,-0.07476278102790657,-3.0983114901402864,0.34301864624023437,-1.4122331802301782,-1.4988887136758307,0.9527229102114455,1.8390184601949902,1.464505839264308,1.357272725865886,1.3058902284261151
937583.054014916,tracking,7.23,4.270427072738411,1,-0.8,-1.1410711915132516,nan,1.763371632492031e-08,0.3248216352079273,0.1584555673344364,0.16361295807224546,-3.086286452334662,-0.06789452875362323,-3.0973211223980104,0.3426131439208984,-1.4097373988146105,-1.5045960010499249,0.9521818224569687,1.8450573111247992,1.4700035358606132,1.351862247795281,1.3041623695108717
937583.104741027,tracking,7.28,4.1185011791889075,1,0.1,-0.094369186468708,nan,1.4145235707033863e-08,0.32537540692306105,0.15806577231124508,0.16360791403988573,-3.0869336502109683,-0.06072403713661467,-3.096384020918196,0.3422132110595703,-1.4067702378860987,-1.5105126128856994,0.9517105761020792,1.8523703514781569,1.4759377245595822,1.3460677418954867,1.301980707945879
937583.155313582,tracking,7.33,3.9028063677895464,1,1.1,-1.4630751257589516,nan,7.353561408251575e-09,0.32612230868602743,0.15704390897278822,0.1637017334108533,-3.087780009158433,-0.05331338666145213,-3.096414879874224,0.34152008056640626,-1.4045711326159658,-1.5162199002597938,0.9511869986317696,1.8599450474086148,1.4818368926902168,1.3400637783759575,1.2996769404449058
937583.206062608,tracking,7.38,3.6229693734083357,1,3.6,0.739122001522646,nan,3.5108066721875733e-06,0.32678825119769594,0.15633819580320518,0.16367386484111457,-3.0879114860331223,-0.04707336586666133,-3.0963888408839475,0.3409796142578125,-1.4027037240596023,-1.5215082723944187,0.9511521112214896,1.8655998705092345,1.4867237932905122,1.3347754062413326,1.2983853073162175
937583.256577758,tracking,7.43,3.5828188982772695,1,4.1,-1.7811463064115138,nan,1.8016473110091892e-08,0.32755551201724387,0.15593261804471126,0.16375781805222028,-3.088560975652592,-0.03957315044760401,-3.0957152892775035,0.3404776763916016,-1.4002951611697345,-1.5274248842301932,0.9511346009373223,1.8718307353536383,1.4928674396092159,1.3285096539866488,1.2970414762301634
937583.307013101,tracking,7.48,3.7876952705844857,1,2.6,1.0563993945978225,nan,6.990260802801497e-09,0.3282321214490943,0.1551871464432155,0.16372410190816927,-3.0893961921434423,-0.03261065365199145,-3.094913470512811,0.33976531982421876,-1.397956373100427,-1.5331147278991475,0.9513440585570571,1.8787771915829465,1.49927274150502,1.3225407110354541,1.294789906686556
937583.357522974,tracking,7.53,3.951132416202512,1,0.6,2.642610570638178,nan,1.2954189495788126e-08,0.3289622623456111,0.15449533204748103,0.163608818364831,-3.090880849304356,-0.02630732562162419,-3.0947969786438314,0.33926101684570314,-1.3962110704800437,-1.538141178140563,0.9520945373522414,1.8856537398336402,1.505625712285404,1.3166589866099596,1.2927304842155978
937583.408011986,tracking,7.58,3.871001650215465,1,-0.2,3.5344672139557636,nan,1.0074307754255602e-08,0.329508718291059,0.15389753321294636,0.16344994819320596,-3.0924993324567707,-0.02086344880519242,-3.0948102342426793,0.3387364196777344,-1.3941864022613109,-1.5425045012705487,0.9531068714616077,1.8917100344685893,1.511036190356009,1.3112309316761601,1.291578533886084
937583.458765249,tracking,7.63,4.2469135533524,1,-0.4,-0.6892651683222065,nan,6.1665882192060305e-09,0.330137689309269,0.15332732454589243,0.1635039864787613,-3.094250715910788,-0.015582921856674536,-3.0943488955309455,0.3380834197998047,-1.3924236559357874,-1.5456460992504608,0.9543460403168216,1.8967191741629195,1.5161151048708992,1.3056284396909605,1.2902347028000298
937583.509407383,tracking,7.68,3.992121152999275,1,0.6,-0.8157573707055821,nan,8.401444750247126e-09,0.3308189454564121,0.15263063009225433,0.16357233808488758,-3.0956139559354527,-0.010047497644697145,-3.0941808276421163,0.3376222229003906,-1.3908180361145785,-1.5489099363244074,0.9555154343514753,1.9025834548832739,1.5212290399541237,1.299781602675746,1.2879133584358624
937583.560074829,tracking,7.73,3.8301320643945385,1,0.3,3.5790493945721074,nan,4.663943710424984e-09,0.33140449971589164,0.15165998610815368,0.16343177930189465,-3.097147035041182,-0.006251634649591997,-3.0945433323662748,0.3369389343261719,-1.3898929871099397,-1.5511788164151004,0.9572607369718588,1.9073132289792547,1.525435236579795,1.2949295894857307,1.286237830636039
937583.610689847,tracking,7.78,3.9957806977957446,1,0.6,1.4058999212017353,nan,1.4141119688676854e-08,0.3321280451705171,0.1512622284974446,0.1633776783240417,-3.0995551736711655,-0.0013362296482428704,-3.0942347888594726,0.33648071289062503,-1.388444360634991,-1.553674597830668,0.9595471273467191,1.9123921434941447,1.5310551722701347,1.2887336120516069,1.2846496545199702
937583.66143405,tracking,7.83,4.0312539181997415,1,0.1,2.1224389253067617,nan,1.975133774992289e-09,0.33273349903558214,0.15087015117024383,0.16328841273803235,-3.101897760858797,0.002832332609435939,-3.0935007555294702,0.33602081298828124,-1.3868734950660078,-1.5552629071047914,0.9622000352666015,1.9173663957781948,1.5362737695841995,1.2827297816901322,1.2823457538609426
937583.712013538,tracking,7.88,4.073904056874073,1,0.2,-2.7223435655821926,nan,1.14899113747957e-08,0.33345232918575096,0.15033617546450212,0.16345227432881274,-3.1043434775101013,0.007009727023802315,-3.0924914520473634,0.3354804992675781,-1.3858786712408087,-1.555786484575101,0.9646085981564692,1.9220438387587555,1.5414747900350696,1.276847924106583,1.278994698261296
937583.762672322,tracking,7.94,3.748632586290113,1,1.1,1.9284482105561596,nan,9.233171060669912e-09,0.33416435080630935,0.14925939091184554,0.16339931714691763,-3.1071808264779426,0.010149532121477067,-3.092461707349652,0.3345589447021484,-1.385424868591059,-1.5558737031008012,0.9676280236213738,1.9263373870681813,1.5462046972891048,1.2712977632368034,1.276429142025168
937583.81337603,tracking,7.99,3.7772048085509846,1,0.5,2.151782942215006,nan,7.619258777743104e-09,0.33476857970030666,0.14864208386130193,0.16331823411197532,-3.1096558476575127,0.012740273405946523,-3.0926082144137,0.33397842407226563,-1.3848838474156095,-1.5558737031008012,0.970542720276411,1.9294964287532332,1.5499570912650265,1.2662887567005279,1.2750154029604996
937583.864009195,tracking,8.04,4.001263291789058,1,0.7,-0.4902040034151072,nan,9.410139734919125e-10,0.335396469946045,0.14828283629515326,0.16336409786627282,-3.111955335771925,0.015548837926073533,-3.092025329057468,0.3334288024902344,-1.3842205871461253,-1.5556119143656464,0.973422462942141,1.932061984989361,1.5538142806298427,1.2611400673650777,1.2733922062760963
937583.914540178,tracking,8.09,4.0926929364438145,1,0.0,2.6805002402940117,nan,2.914905365440115e-09,0.3360357335680918,0.1474091396605425,0.1632628161296369,-3.115191087928845,0.017616829674061307,-3.0919952897878904,0.3326763153076172,-1.384028706389585,-1.5544250766258525,0.9769655324563823,1.9357271604395825,1.5580903852341286,1.255956357461293,1.2707044109459338
937583.965126091,tracking,8.14,4.14289749502944,1,-0.1,-1.380529499954477,nan,1.8060211981376154e-09,0.3366054550415609,0.14697625361083305,0.1633540273258918,-3.1181988554174973,0.01932935445739914,-3.0916752804975847,0.33202972412109377,-1.3840111295263906,-1.5524528726805944,0.9802117926671344,1.9385197511586396,1.561999905714365,1.2512091396601723,1.2681212778466115
937584.015810379,tracking,8.19,4.005187550669677,1,-0.5,0.6146201875089423,nan,5.439182095460273e-09,0.3371793759767295,0.14642522579098713,0.1633451778000493,-3.122036282351191,0.020280543052560773,-3.091379129406505,0.33155059814453125,-1.3844649321761402,-1.5502537674104613,0.9830916019118916,1.9404570676936177,1.5654207361345716,1.2478057529451054,1.266026967965373
937584.066571184,tracking,8.24,3.9359407518542797,1,-1.0,0.6822983222484391,nan,1.0628578596248336e-08,0.3378792390005842,0.1457023066932011,0.1633365973611584,-3.1256297277357694,0.020872826724109173,-3.0913519477994598,0.33097610473632816,-1.3859484460613687,-1.547618303195719,0.9861459147870762,1.9426561729637506,1.5694174751405081,1.244559359576299,1.2627980183017067
937584.117018659,tracking,8.29,4.2102891772924655,1,-0.3,-0.16498250387954363,nan,7.482373649412334e-09,0.3385229951517315,0.14479296028624955,0.16336919633302482,-3.1292712578750774,0.021210873566145816,-3.0913901346982002,0.3300665283203125,-1.3873796288311773,-1.5448258456347164,0.9890257240318334,1.9440175809129991,1.5728557492658548,1.2416795503315416,1.2604942508007335
937584.167630803,tracking,8.34,4.058733148878805,1,0.4,1.5126233991448694,nan,3.317203884537185e-10,0.33915926040185784,0.14400392571901105,0.1633124710712811,-3.132833287941295,0.02110427603142706,-3.0920609184025865,0.3294567108154297,-1.3892820579558753,-1.542225268830254,0.9916960756568559,1.9452916371784932,1.575997347245767,1.2394455576511287,1.2585220468554754
937584.218039284,tracking,8.39,4.090562026924303,1,0.4,-0.05466841513794745,nan,8.312750651462644e-09,0.33979833619549005,0.1436220689499943,0.16333024086683512,-3.136639634672905,0.0209312837388409,-3.091598813128037,0.32890342712402343,-1.3910972685548735,-1.539048783440062,0.9946107723118931,1.9460072285633974,1.579662655854043,1.2371766775604358,1.256008688576713
937584.2687404,tracking,8.44,4.109682580796992,1,0.0,1.9547188716286519,nan,1.1172688783662619e-08,0.340350950764009,0.14287531782198812,0.16324229652572375,-3.140522933076591,0.019915181338578725,-3.0914871356471956,0.32816612243652343,-1.3932614864147264,-1.5354533828104004,0.9975080252617903,1.9468274821791418,1.582891472359655,1.2356406994017326,1.2532685621311306
937584.319106662,tracking,8.49,4.169084199397286,1,-0.8,0.4390703593682559,nan,5.421181598015804e-09,0.34092508286617496,0.14228967481195334,0.16322854762678532,3.138597989567056,0.018766870745330122,-3.0916982532486084,0.32767913818359373,-1.3957747115354342,-1.5315961934455842,1.0001085354872254,1.947508186153766,1.5858933875403922,1.2344888822302733,1.250615654211248
937584.369733451,tracking,8.54,3.778292781301768,1,0.5,-1.3970233721212548,nan,5.163336567159632e-09,0.341563449886631,0.14163338560713307,0.16330501961957844,3.134584904130287,0.01748414246222385,-3.091729530444194,0.32714500427246096,-1.3987591830110313,-1.527302778294213,1.0025520523664004,1.947857193414621,1.5888779921740441,1.2336510517513344,1.2474740562313362
937584.420298379,tracking,8.59,4.099761438933317,1,1.5,-1.056951800696372,nan,1.1929619503913498e-08,0.34216037470820737,0.14078122448911484,0.16335745139511468,3.130408227329834,0.015936873020029996,-3.0919492229285312,0.32636680603027346,-1.4019356684012234,-1.523236131309662,1.004681316236946,1.947857193414621,1.5917576682607468,1.2334764815418797,1.2449608311106284
937584.471010235,tracking,8.64,3.644305887014235,1,5.5,-0.5295156451273931,nan,1.2630705784739773e-08,0.34279980326366866,0.14011827908035007,0.16338244150479211,3.1263141908401013,0.014225745633434483,-3.092231327813486,0.3257970428466797,-1.4054264068000448,-1.5191694843251111,1.006862977801939,1.9475779609743262,1.594620033800364,1.2334764815418797,1.2424999371053407
937584.521771425,tracking,8.69,3.706278272590974,1,4.0,3.663300209735184,nan,3.766658753731781e-08,0.3434315315365321,0.13930517014556185,0.16318875098941527,3.122937792614792,0.012154892527898475,-3.091992163140846,0.3249745178222656,-1.4090043637245662,-1.5156089711057297,1.0094984420166813,1.946879813294562,1.5976569695494358,1.2335812769307744,1.2398819165957382
937584.572132756,tracking,8.75,3.879830654719609,1,1.0,2.4876444105842968,nan,8.681871814866805e-09,0.343969375890611,0.13867403272220388,0.16305343020143828,3.119174060220917,0.009598369414147268,-3.091835698534282,0.3244024658203125,-1.412809088815908,-1.511542457279233,1.0116975472868142,1.9462690172985522,1.6004145397001583,1.2345412133456934,1.237054438466401
937584.622833858,tracking,8.8,4.053967664378719,1,0.1,1.2434557148426413,nan,8.831966174480949e-09,0.34434106028254896,0.13824227983667595,0.16298104228589785,3.1156372817186275,0.006682105766235846,-3.091306512162257,0.3238691711425781,-1.4163347146250094,-1.5073884586109274,1.0133556313814975,1.9450472921484783,1.602456651624031,1.2363039596712169,1.2346982066919536
937584.673391045,tracking,8.85,3.8363065294697662,1,0.5,-1.0207934168662303,nan,3.2107160498796955e-09,0.3450561200847818,0.13713137720455215,0.16300030081206246,3.1115245475398865,0.0031012328377733045,-3.09160836270577,0.3230393218994141,-1.4217975238110343,-1.5017336355103077,1.015432564136623,1.9432320815494804,1.6044637429795694,1.238293607321615,1.2315567418700961
937584.724131264,tracking,8.9,3.934084046203007,1,1.2,1.237601426364559,nan,2.6229276944435005e-09,0.3455095315527071,0.13681240771076145,0.16292538492961883,3.107168943123912,-0.0008884056364861781,-3.09117216761294,0.3225018310546875,-1.4264576562445095,-1.4966023898799976,1.0173174829771539,1.9406665253133526,1.6063487283991273,1.241033866925252,1.229793862386518
937584.774769307,tracking,8.94,3.8961467349179375,1,0.6,1.3624859222955468,nan,3.1942766576641014e-08,0.3459188144671557,0.13641152316181482,0.16283826572937926,3.103047294356357,-0.004592756787561658,-3.091053149806302,0.3220445251464844,-1.4309779727207554,-1.4920993839508372,1.0188010634414097,1.9387292087783743,1.608233580660631,1.2439311198751493,1.2279962286507147
937584.825203192,tracking,9.0,4.091391208587465,1,-0.9,0.6438763895111687,nan,0.00021903062292149937,0.3464358172870685,0.13583448877456827,0.16277634541325983,3.099500148080797,-0.008250604212864943,-3.090501959216622,0.3211603546142578,-1.4366153521162353,-1.4868983634999668,1.0205289223566532,1.9364253081193468,1.610380354815344,1.2472122674961814,1.2248720743759427
937584.875831147,tracking,9.05,3.962530081613604,1,-0.5,-0.3330094423732389,nan,4.354366076923658e-09,0.3469667362208713,0.13470914507368228,0.16273346428589727,3.0951910181316924,-0.013316846750671019,-3.0902401770155308,0.32046669006347656,-1.4426018719306244,-1.4820812377202315,1.0213142885621176,1.9335280551694496,1.6121606780040618,1.2519770621604966,1.2225332863066352
937584.926395003,tracking,9.1,4.184713485158192,1,-0.5,-0.5783533888554543,nan,9.737910822274343e-09,0.3474568204615053,0.13416192570695504,0.16272624528093138,3.091723648229214,-0.017256141658728685,-3.0899510827482675,0.3198339080810547,-1.4482392513261042,-1.47834628744945,1.021750647506727,1.9302992386638376,1.6139583117398653,1.2565672866153572,1.221189455220581
937584.976963084,tracking,9.15,3.9327144689111835,1,-0.4,0.10964119316711753,nan,1.0142782486257172e-08,0.34793267713022874,0.13324651643581006,0.16266071001727336,3.087796244184627,-0.022003777084963705,-3.0894730970428936,0.31883888244628905,-1.4548016797262229,-1.474436633811159,1.0219077074320144,1.9268086334230707,1.6161923044202782,1.2625711169768319,1.2194790400104778
937585.027521365,tracking,9.2,3.954555246842716,1,-0.1,2.205670644607562,nan,6.463544731365746e-09,0.3483475439998059,0.1325761479090058,0.16249873906041742,3.083968471553978,-0.02741088445195472,-3.088962701818621,0.31815734863281253,-1.461748135955531,-1.4704398948052226,1.0220473236521619,1.923143457972849,1.618216972639011,1.2693081155864052,1.2176289420011996
937585.078088416,tracking,9.25,4.269893704218314,1,-1.8,1.248560412127664,nan,1.0146165316873434e-08,0.3488126225802236,0.13186893675727018,0.1623769539335524,3.0805119419551024,-0.03216111242525033,-3.0883142954045932,0.3173526763916016,-1.4686072405010846,-1.4674554233296253,1.021750647506727,1.919390930838873,1.6206953103494388,1.2760800016062588,1.216127984410831
937585.128774939,tracking,9.3,4.174327810016633,1,-1.0,-1.3959426490727442,nan,0.00017157480850395494,0.3493368128109901,0.13126373359934065,0.16238811677863596,3.0763039480791226,-0.03743230779500739,-3.0876880305669565,0.31668350219726565,-1.476513633145312,-1.4638251352896838,1.0210001687115429,1.9151498468029218,1.6233831056796013,1.284073612776186,1.2144699003161477
937585.179330279,tracking,9.35,3.8823931415954913,1,-0.4,-1.360487133786276,nan,1.4228553365430742e-08,0.34968431495598895,0.13054519700527756,0.16239383365437277,3.0731810956611407,-0.0415528248759498,-3.0873692364339864,0.3159397888183594,-1.4822558079296861,-1.460840530656032,1.0206162074613805,1.911833678613555,1.62488406326997,1.2898855623811205,1.2135448513115086
937585.229894156,tracking,9.4,3.960450291533909,1,0.9,-3.307698845519307,nan,2.9845864048467875e-09,0.35028279098986037,0.129712538808193,0.16247487171838904,3.070504016923822,-0.04563834150326551,-3.087300273236619,0.31516738891601564,-1.488957785970925,-1.4577339532444546,1.0203369084420586,1.9074005806630092,1.6262105838089385,1.295627737165495,1.2128467036317443
937585.2804823,tracking,9.45,3.8636821558912997,1,1.1,1.005360643864065,nan,2.266163187127631e-07,0.3505701502592405,0.1287430206214981,0.16233933245996685,3.067936526875474,-0.05028941047549518,-3.0868875561914613,0.31414939880371096,-1.4949268620801741,-1.4552380386708323,1.0199006160764763,1.9034909270247184,1.6274323089590121,1.302085370176719,1.2123405698665748
937585.331013253,tracking,9.5,3.8346706681155753,1,1.0,-0.2870477456303782,nan,2.7247271317738555e-09,0.3509766921299059,0.12804805954286094,0.16227828687046625,3.0648231062149383,-0.05563635796502542,-3.086096870005734,0.31329185485839844,-1.5022223255703373,-1.452218679784955,1.0192723097962995,1.8983945688046884,1.6291078367588356,1.309852213179826,1.2117821049859852
937585.381783905,tracking,9.55,3.7930805837941235,1,1.0,-0.8948912629123551,nan,5.45569334639085e-09,0.3514407379760313,0.1273871203750912,0.16224344698822568,3.062245650032958,-0.06040837449482361,-3.0855185982941693,0.31261253356933594,-1.5090290990004709,-1.4491468566256032,1.0190802958817047,1.8936647947087075,1.6303818930243295,1.3163621773064702,1.2109967387805207
937585.432435279,tracking,9.6,3.8095677492369764,1,3.1,0.03729748697132482,nan,6.121193650765767e-10,0.3518244611178878,0.12639917340089296,0.16213759239291498,3.0600230279494833,-0.06521895763891372,-3.0849922335298605,0.31161941528320314,-1.5153820697808549,-1.4462321599705659,1.0190802958817047,1.8890222391384268,1.631237034050354,1.3225407110354541,1.2104381407418767
937585.483017751,tracking,9.66,3.437946919902484,1,4.7,2.281968099434373,nan,0.00015808867628455957,0.35211010082007554,0.125759322705541,0.16194900886426672,3.057843529489986,-0.06963879608704326,-3.084677141852323,0.31100379943847656,-1.5209671180609146,-1.4438933719012583,1.019150137281292,1.8852522682993107,1.632179526760133,1.3281606467257938,1.2100542460707417
937585.533570379,tracking,9.71,4.031374415316351,1,1.4,2.8868097973327513,nan,8.061955134108331e-09,0.3524030672625613,0.12491746008095297,0.16170979020838383,3.055590443310938,-0.07463083522699487,-3.084509590351677,0.31025367736816406,-1.5271630954950384,-1.4414324778959706,1.019185024691572,1.8810809590839197,1.6330173572390718,1.334461286390758,1.209775013630447
937585.584009766,tracking,9.76,4.123487950518592,1,-0.3,3.923570107536854,nan,7.888358159150332e-09,0.3525330464999351,0.12394227535525926,0.16141770217735385,3.053519741268202,-0.07958939585888469,-3.083765595222573,0.3091517639160156,-1.5326084609759234,-1.4393381680147324,1.019185024691572,1.8769794246890885,1.6338724982650963,1.3407619260557218,1.2096702182415524
937585.634549516,tracking,9.81,4.260635828025691,1,-1.6,-1.3150980001595365,nan,2.108958451146781e-08,0.3529473553277829,0.12299284404959139,0.16136594642530738,3.0511723739450294,-0.08428789390988967,-3.0841036425631834,0.30846084594726564,-1.5391185582606222,-1.436406027654555,1.0191151832919847,1.8725812141488227,1.6343088572097058,1.3467484458701109,1.2095655560107121
937585.685012223,tracking,9.86,4.134685070803867,1,-0.6,-2.9891165967361233,nan,2.3805470960259773e-08,0.3533584253567842,0.12213931118310878,0.16140469951933675,3.049766954403285,-0.08938956357702388,-3.083047700061122,0.30748451232910157,-1.5461173456053503,-1.433665768050918,1.0184868770118078,1.8661933559581587,1.6346928850388953,1.353991578244854,1.2095306686004321
937585.735552968,tracking,9.91,3.786610406766333,1,1.2,-1.3127395669980466,nan,1.1254297728279174e-08,0.35345303725651234,0.12139463520423212,0.1613965169501874,3.048284667371874,-0.09309271007402398,-3.0827987999929327,0.3068054962158203,-1.5512137038253804,-1.431362000549945,1.0178062396162106,1.8622662586147278,1.6347103287440352,1.359489274841159,1.2095306686004321
937585.786011645,tracking,9.96,3.90315821633761,1,2.1,-0.2225939366162971,nan,8.134467214864118e-09,0.35371120575031834,0.12068620225731207,0.1613179603347965,3.0471171272657935,-0.0974490598855684,-3.082538839759227,0.30621932983398437,-1.5560657170153958,-1.4295992542244216,1.0174571657763285,1.8583392944293515,1.6347626598594553,1.3650219920057987,1.2095306686004321
937585.836571287,tracking,10.01,3.9127677885238135,1,0.9,1.91615011653323,nan,2.1535126390762386e-08,0.3538363100702587,0.11979995414443476,0.1611265284119616,3.0458013754364024,-0.1026030155903892,-3.0817101144845425,0.30528465270996097,-1.5617730043894902,-1.427365128385954,1.0172128207463138,1.8533477315982159,1.6348498783851555,1.3716367515213375,1.2095655560107121
937585.887010296,tracking,10.06,4.012674545587519,1,0.4,1.3942410734868345,nan,0.00024982359245058277,0.3539143681799475,0.11874794037991257,0.160950869581856,3.044730024171597,-0.10682890582808424,-3.081131472436368,0.3042046356201172,-1.5664678910751908,-1.4258292833853052,1.0168113492119843,1.849333415729085,1.6350244485946102,1.3772917077800118,1.209757569925307
937585.937545512,tracking,10.11,4.0547391693297055,1,0.2,-0.7574377522880589,nan,6.545606753849936e-09,0.3539783995589837,0.11799732295709035,0.1609130738295802,3.043599411354331,-0.11078898648107471,-3.080618790042965,0.30342735290527345,-1.5710755592351915,-1.4242934383846566,1.0159212541966527,1.845319099859954,1.63511166712031,1.383138544795226,1.2101065771861619
937585.988015564,tracking,10.16,3.955453540311786,1,0.3,-1.2574067169991714,nan,3.462887322037684e-09,0.35397715435038857,0.1171893293638532,0.16090262086009172,3.0427304824190387,-0.11473849042325002,-3.080140358726733,0.3026319122314453,-1.575683227395192,-1.423141488055143,1.014437740311424,1.8413746919694378,1.6351465545305903,1.3895612903961703,1.2104906050153512
937586.038597467,tracking,10.21,3.9064245923104632,1,1.3,-3.2613137117286546,nan,5.798536743285847e-09,0.35408793298776076,0.11598504881733102,0.160943292803496,3.041845892448041,-0.1180112410702372,-3.080061294868754,0.3015080261230469,-1.5799244445891978,-1.421937206610209,1.0133381876763576,1.8377792913397764,1.6351465545305903,1.394762444005095,1.2110141824856608
937586.089012564,tracking,10.26,3.9134723812227787,1,0.7,4.068781038425276,nan,2.7621229992787817e-09,0.35391939623060203,0.11524831736591606,0.16068813759068007,3.040931693683139,-0.12247925489329226,-3.0793971611719417,0.30062530517578123,-1.583903739889994,-1.42095982649015,1.012570198597006,1.83392210197496,1.63507677971003,1.4008710697554643,1.2118344361014053
937586.139556273,tracking,10.31,4.017460204921289,1,0.2,-0.38409636544933135,nan,3.5003538484740435e-09,0.3538625781809447,0.11442970123835262,0.16063849013883671,3.0407155683394023,-0.12594788128510048,-3.0789120714154747,0.2997818756103516,-1.5875514716350756,-1.420121996011211,1.0113834274362394,1.8302220391144584,1.6347103287440352,1.4061943293003691,1.2124104778451894
937586.19014868,tracking,10.36,3.693192035473638,1,1.9,-0.1172565827168884,nan,1.4237040025791405e-08,0.3534758306809976,0.11344778813060692,0.1606048639488148,3.0402211247302353,-0.12953081521299814,-3.078261788445127,0.2986488342285156,-1.5902741543755181,-1.419668326519516,1.0093588257965338,1.827272455049141,1.6342041949788657,1.4123552861661584,1.2133179499866338
937586.240794117,tracking,10.41,3.797196289857533,1,0.7,2.1034591381501886,nan,2.3960942777333102e-09,0.353169975712265,0.11291415488159379,0.16048956305409495,3.040315414218871,-0.13311237471740012,-3.077914655817111,0.29806976318359374,-1.59327620271431,-1.4196507496563215,1.0073691115671084,1.8240610822486691,1.6336281532350816,1.4184115808011075,1.2143477943801675
937586.291245996,tracking,10.46,3.97071148305632,1,0.3,-2.2701215134623105,nan,2.4707311935107335e-09,0.35298036330935445,0.11160767808129672,0.16051078073605604,3.040524123881631,-0.13602175147372053,-3.077578159823378,0.29674903869628905,-1.5962432304847671,-1.4196507496563215,1.0052224039914228,1.820954371679037,1.6332442585639466,1.4239791853760273,1.2151506042907718
937586.341874768,tracking,10.51,3.9418544329530363,1,0.7,-1.6867408781784026,nan,1.930654811229068e-08,0.3528519017815992,0.11087885433858599,0.16054862164407283,3.0410944432428204,-0.13851261961116745,-3.0773910702714646,0.295997314453125,-1.5990008006354899,-1.419982446370091,1.0030407424264298,1.817760442583705,1.6328427870296172,1.4290580998909175,1.2162152029365312
937586.392486253,tracking,10.57,3.825042195960049,1,1.1,0.07390520600384637,nan,2.09924033352534e-09,0.35237853243995415,0.11008386479793172,0.16054187355953653,3.041922513004133,-0.1406958706569872,-3.077511009264489,0.29513992309570314,-1.6003622085847382,-1.4213961854347594,0.9998118593417906,1.8157707949333068,1.632127195644713,1.434521042234997,1.2179081744414944
937586.443035276,tracking,10.62,3.9456326219842115,1,1.7,1.397094832568562,nan,2.3605763775235397e-09,0.3517302816751675,0.10910005843674443,0.16047813587591228,3.0426526878939,-0.14303010288236795,-3.077436522459259,0.2940185546875,-1.6013047012945174,-1.4231240443500028,0.9962688564065765,1.8142348167746036,1.6315162664906486,1.4404550977759114,1.2196011459464577
937586.493663989,tracking,10.67,3.827774763422664,1,1.3,0.24530688214039142,nan,3.7033002338962794e-09,0.3513185097180035,0.10835332417558363,0.16046116526649135,3.044054463440515,-0.1444868640001682,-3.077737964664426,0.2933404541015625,-1.602456651624031,-1.4252708185047156,0.9927258534713622,1.8129433168039697,1.6311149281143738,1.4454816811753814,1.2208403148016718
937586.544120183,tracking,10.72,3.8575241142956744,1,0.4,1.2571200413221935,nan,1.689428888067537e-08,0.3508458456857251,0.10774785932511295,0.16041564799416336,3.045349643509223,-0.1458049781166959,-3.0778331757237933,0.29272224426269533,-1.602875433705446,-1.4270335648302392,0.989811156816325,1.8120008240941907,1.6304516678448895,1.4495832155702126,1.2219573777209054
937586.594701332,tracking,10.77,3.8951210256721422,1,0.9,-0.8196829187582945,nan,8.785241807756588e-10,0.3502539326665687,0.10670213386354853,0.16045882300433129,3.047312879678025,-0.14694337480681297,-3.0780532698535894,0.29174888610839844,-1.6029627853892006,-1.429162895279812,0.9860062985669288,1.8112154578887263,1.6292648301050958,1.4541734400250732,1.2230568637769446
937586.645031467,tracking,10.82,3.767403410778233,1,1.7,-0.669188446538018,nan,3.243784836893417e-09,0.3496554388376208,0.1060180014552102,0.1605278827436336,3.049429265381393,-0.147442845376637,-3.0786203194124586,0.2912012481689453,-1.6024740953291712,-1.4316761204005197,0.9820269366871052,1.8111281062049718,1.6280256612498818,1.4581352916207295,1.2242437015167384
937586.695638903,tracking,10.87,3.830336077015547,1,0.3,2.8832333443638136,nan,5.6938690109478686e-09,0.34886226400005405,0.10564496464689088,0.16047191357187993,3.0516372088615054,-0.14790873771387014,-3.0786197090141565,0.290718994140625,-1.6011126873799226,-1.4348002746752917,0.9779952436918615,1.8114249155084612,1.6270482811298228,1.4621321637847204,1.225570222055707
937586.746012966,tracking,10.92,3.9962618174669196,1,0.1,1.7081688992443516,nan,1.2765012617620406e-08,0.3481326374906229,0.10537841118036681,0.16047574113603,3.053032075718695,-0.1477953431493344,-3.078104008369054,0.2903070068359375,-1.599332497349259,-1.4372088375651595,0.9747663606072221,1.812768746594515,1.6266293658903532,1.464959508756003,1.2258145670857217
937586.796626759,tracking,10.97,4.094445934682255,1,-0.8,1.4851909247965764,nan,6.626848860651049e-09,0.3474035429461954,0.10431589485842248,0.16042794770217014,3.0545802922628478,-0.14735126205246218,-3.0786651609990936,0.2895079803466797,-1.5976046384340157,-1.4402107527458967,0.9710662977467206,1.8154390982195376,1.6260883447149037,1.4677695431802003,1.2257796796754417
937586.847007581,tracking,11.02,4.380427415199919,1,-3.8,1.4592726502695523,nan,5.070579489019617e-09,0.3465282967349932,0.10401189163581534,0.16046393826802652,3.057118909745846,-0.14650259770097995,-3.0779864143887603,0.2889698028564453,-1.5944979278643838,-1.4433523507258086,0.9673661683071917,1.8170448511988009,1.6249888586588646,1.4699337610400531,1.2262683697354713
937586.89754869,tracking,11.07,4.084945218799096,1,-0.9,-1.178842057187393,nan,1.2596733788522786e-08,0.3456711948272563,0.10361061810590805,0.1606238790336846,3.0591632267874536,-0.14466043520694227,-3.077511369730634,0.28834884643554687,-1.5909548583501423,-1.4470000824708902,0.9630901302819332,1.8197675339392434,1.624517612303975,1.4718013027544712,1.2267221723852206
937586.948013256,tracking,11.12,3.9025308730584456,1,-0.5,-0.8296270035828976,nan,2.9166931395004083e-09,0.3450513274652625,0.10291958446882427,0.16070824562656946,3.060784233044859,-0.14259491503217103,-3.0782359089160147,0.2878965759277344,-1.5881099365156652,-1.450438356596237,0.9594772859471318,1.823467596799745,1.6241684718850655,1.4727786828745302,1.2267221723852206
937586.998712289,tracking,11.17,3.816855630831479,1,0.3,0.607459103685886,nan,9.24926452584909e-09,0.34430809215653685,0.10245319652697868,0.1607527185612041,3.063377557201277,-0.14007647713503757,-3.078220170170881,0.28741897583007814,-1.5843749862448837,-1.4548367002945575,0.955445592951888,1.8270281100191264,1.6238543520344908,1.4736687113108347,1.2268442783212008
937587.049016139,tracking,11.22,4.010458223199228,1,0.8,-0.37383476073310246,nan,1.2229236451113342e-08,0.34359344648060547,0.1021472477358774,0.16085272212945959,3.065349104449235,-0.137056700182407,-3.078386169130153,0.28700813293457034,-1.5802036770294925,-1.4592174671296831,0.9516058472922118,1.8309376304993628,1.6237671335087906,1.4738781689305696,1.227490094885545
937587.099583537,tracking,11.27,4.12941209169939,1,0.4,4.0964007116165195,nan,5.942439130972199e-09,0.3425639195976945,0.10166368235755872,0.16075410190050543,3.068123863649162,-0.13350058467641923,-3.0786645329117093,0.28647666931152344,-1.5744963896553983,-1.4651515226705978,0.9471553056365258,1.8365750098948423,1.6234703242053012,1.4739130563408496,1.2280660034712747
937587.150035359,tracking,11.32,4.009210253975591,1,-3.2,4.260365834473367,nan,1.687200043871332e-08,0.3417055982689231,0.10149003506227677,0.16064223110204154,3.0700856168447817,-0.13079047049834225,-3.0783463217526816,0.28613380432128904,-1.5694174751405081,-1.4701432186597878,0.9435599050068644,1.8415667058840324,1.6234703242053012,1.4737386192894493,1.2282580173858695
937587.200621736,tracking,11.37,4.282960577410827,1,-3.6,-2.4577762342102667,nan,2.4190474346229803e-09,0.34096400631807494,0.10097131067234265,0.16083279449562285,3.0724534849620535,-0.12597296709648687,-3.0789093153956943,0.28575035095214846,-1.564321116920478,-1.4751522251960634,0.9395805431270408,1.8472389726897922,1.6234703242053012,1.4727087748959156,1.2282754610910094
937587.251026974,tracking,11.42,3.6333894447773023,1,0.9,-1.4242816287832716,nan,5.738205085450312e-09,0.3400799898396898,0.10039525360764248,0.16098202844910728,3.0749650788694582,-0.1207950554826609,-3.0789370945960206,0.28511207580566406,-1.5577935759306392,-1.4809816185061377,0.9353568362172023,1.8538014010899109,1.6234528805001613,1.4709983596858123,1.2283801233218494
937587.301752288,tracking,11.47,3.67057160230819,1,1.2,0.8707827737682483,nan,8.758583598521574e-09,0.3394528624662752,0.10000074163933216,0.16099031422372423,3.0772942864060457,-0.11588607935560358,-3.07952262402298,0.2847450256347656,-1.5519990700308448,-1.4865143356707775,0.9323374107522977,1.85968325867346,1.6235402321839159,1.4683979160394043,1.2289561650656338
937587.352303215,tracking,11.52,3.845177771707009,1,2.6,1.3986055672251287,nan,0.00039962273123536477,0.3388247524154817,0.09961333810458643,0.1609690830206878,3.0799906877857057,-0.10965420445371565,-3.08040194548841,0.2844694519042969,-1.5451399654852913,-1.4932513342803508,0.9291783690672457,1.8670136095739032,1.6239241268550508,1.4645756140848682,1.2295320736513633
937587.402813796,tracking,11.57,3.8490915580338703,1,0.9,5.7596403776222225,nan,5.738695883975787e-09,0.3377883572571552,0.09955110275212452,0.16078328735618574,3.0828739588303065,-0.10359696555577358,-3.0799845108378414,0.2841342926025391,-1.5366576642553345,-1.500529354065374,0.926106612486921,1.8749200022181303,1.6242907109791003,1.4608755512243665,1.230020763711393
937587.453596003,tracking,11.63,3.8894829521746783,1,0.9,-1.4118083753944255,nan,0.0001558123695271422,0.3370181326992948,0.09940303529202904,0.16092515464896617,3.0847345855102604,-0.09681511556026412,-3.080144092556251,0.28395034790039064,-1.5288211795897217,-1.5067427752046378,0.9231220744322965,1.8831754021232125,1.6248317321545498,1.4564772075260461,1.2301081153951474
937587.504148735,tracking,11.67,3.5540924862354895,1,2.5,-1.9000955156031574,nan,0.0008941695316153731,0.33635051621286066,0.09886347048277812,0.16105728944309722,3.086238985644665,-0.09036154419487863,-3.080854243922754,0.2835816192626953,-1.521438364415804,-1.5122055843906628,0.9208182403522963,1.89136089404968,1.6250237460691446,1.4516426380411709,1.2301255591002875
937587.554722709,tracking,11.73,3.7205061042924736,1,4.6,0.4584559106271101,nan,4.864189556119438e-09,0.3356782599539181,0.0985091456635785,0.16107588994693312,3.0873461780677016,-0.0849525203600987,-3.0813991103746345,0.2833308410644531,-1.5146315909856705,-1.516935491644698,0.9192125539520603,1.8987088218133177,1.6251284082999846,1.447226983795765,1.2302825524465477
937587.605283803,tracking,11.78,4.064393276306411,1,2.2,5.12744383544077,nan,1.356257608052756e-08,0.3346000857534922,0.09854670033150705,0.16090467315213486,3.0895929422844586,-0.07785973028495419,-3.0813237139616843,0.2831587219238281,-1.5044737619558903,-1.5239866101048463,0.9175370261522369,1.9079241581333188,1.6250760771845647,1.440943787835941,1.2312250451563267
937587.655837859,tracking,11.82,3.9430950026935623,1,1.2,0.7166800103084104,nan,0.0005583398904113989,0.3337783639128013,0.09845161821893061,0.16092562413966377,3.0914447492401367,-0.07208009462270537,-3.0812123531107742,0.28299697875976565,-1.4969688408459925,-1.5296414332054662,0.9154252059868313,1.915167290508062,1.6251458520051247,1.43675503491541,1.2315916292803761
937587.706470361,tracking,11.88,4.172786764592452,1,-0.2,2.943165735071595,nan,5.9905134978025915e-09,0.3328426060518039,0.09808579688926103,0.16082383589021348,3.0931306769637996,-0.06546123174278695,-3.0817474482329623,0.2828374481201172,-1.4884167647954756,-1.5362563258790594,0.9134006043471258,1.9246095281529378,1.6253901970351394,1.4316237892850998,1.2317137352163563
937587.757022454,tracking,11.93,3.6550789314852885,1,2.3,-2.575826516201616,nan,1.2351813052088164e-08,0.33217029144091786,0.0978086977797493,0.160984307526148,3.0943736055437676,-0.0596596880027187,-3.0821253180097323,0.28256744384765625,-1.4815576602499219,-1.5414050152145096,0.9113760027074204,1.9313289498993167,1.6254425281505596,1.427400015796234,1.2325864531055752
937587.80760745,tracking,11.98,3.958983028812944,1,3.1,1.3678317447546324,nan,6.668265814164808e-09,0.331231284975953,0.09783174343155694,0.16096946190037997,3.0956423713535854,-0.054343608793390175,-3.0822194587274265,0.282447509765625,-1.4741922887811443,-1.5473041833451442,0.909019837512,1.938205631308065,1.625477548718894,1.424083980764922,1.2340001921702437
937587.858109986,tracking,12.03,4.003583290742437,1,3.5,2.8048147575612417,nan,5.298371397935261e-09,0.3302191433083503,0.09773935924765983,0.1608748347207745,3.096774032852723,-0.04796891103693257,-3.082516332777703,0.2823642730712891,-1.4655878816152073,-1.5539888508392976,0.9070476335667418,1.9470718272091565,1.625861443390029,1.4193715172160266,1.235012459700583
937587.90869057,tracking,12.08,3.882454164250184,1,0.2,2.1984947638588124,nan,1.2514655259706787e-08,0.3295959409684341,0.09734511466072365,0.1607753414503231,3.097780483826658,-0.04273557430810038,-3.0831866547566493,0.28219940185546877,-1.4591650028562086,-1.5591375401747476,0.9060527431625154,1.9542626284684794,1.6262280275140784,1.4149035318552008,1.2354662623503323
937587.959136996,tracking,12.13,4.0059764274428815,1,0.0,-3.9998299695207,nan,1.0531978432198756e-08,0.3288266059491278,0.09732601994467116,0.16100616486155062,3.098778719483753,-0.036002543552537736,-3.0834383668924374,0.2820664978027344,-1.4506652579211117,-1.564338560625618,0.9048310180124416,1.9615232045483626,1.625896330800309,1.4088123498099716,1.237054438466401
937588.00978293,tracking,12.18,3.815431438887263,1,1.8,-0.1389173975563297,nan,6.5445474548957525e-09,0.32780211619510075,0.09753156373351965,0.16105626716437688,3.099444197631199,-0.031514950273588305,-3.082853917764474,0.2819920349121094,-1.4426716467511844,-1.5679862923706995,0.9041154266275373,1.967631830298732,1.6249015069751098,1.404344231291091,1.238171501385635
937588.060334265,tracking,12.23,4.000449892122907,1,2.3,0.4400714552237391,nan,3.843190088632168e-09,0.32670834595895154,0.09743070702544544,0.16106123939704128,3.1000042066093556,-0.026193260771768312,-3.0825171822493926,0.2818829345703125,-1.433665768050918,-1.5719831645346904,0.9037664193666824,1.975782567972974,1.6240638096542255,1.3986370770750514,1.2383984027105097
937588.110944934,tracking,12.28,3.7198805251510327,1,1.9,0.07781700046804808,nan,2.0784172823191082e-08,0.32606976892191114,0.09715004015066214,0.1610619524720761,3.1001260788043847,-0.022505929495956423,-3.0826622267885124,0.2816930389404297,-1.4274524800697086,-1.574740734685413,0.9038361941872425,1.981803975197643,1.623522788478776,1.3939770777996305,1.2387474099713645
937588.16153861,tracking,12.33,3.9435235340079693,1,3.2,-0.7243962003058414,nan,9.705551277088638e-09,0.3252709978823244,0.09682235203348433,0.16110222583321196,3.1007859408699336,-0.018431858282436986,-3.0831516238321206,0.2813957977294922,-1.4203140099258058,-1.576974727365826,0.9043947256468593,1.9867606506184985,1.6216726904694978,1.3886363745495858,1.2401262616257531
937588.212148145,tracking,12.38,4.045652711244426,1,1.0,6.0383048903660725,nan,0.000497422704214871,0.32419339858383167,0.09680161508322609,0.16081443716663785,3.1015649518620982,-0.0157613683215585,-3.0834781315123214,0.28132049560546873,-1.4120411663155836,-1.578789937964824,0.9060527431625154,1.9918221214282485,1.6187231064041805,1.3828068480814568,1.2420635781607312
937588.262836796,tracking,12.43,4.4319982502807305,1,-2.9,1.4280826450244621,nan,4.4339465312441976e-08,0.32322873932488955,0.09686166629539418,0.1607589374200616,3.1025167896234582,-0.012952795570164932,-3.0833225921523106,0.28128532409667967,-1.4040824425559362,-1.579662655854043,0.9076584961417787,1.9962028882633744,1.6155640647191285,1.376785574014842,1.2433550781313651
937588.313548809,tracking,12.49,4.100513876588221,1,-1.6,-0.8752947687105814,nan,1.5868139979519943e-08,0.32228015347429056,0.09664480777587932,0.16080706156662883,3.1032596205235685,-0.01034994475765516,-3.083967527849125,0.2812693786621094,-1.3962459578903237,-1.5795927478754284,0.9093165136574348,2.000775669013095,1.6114799740294377,1.3704849343498782,1.244559359576299
937588.364052766,tracking,12.54,4.212968447630381,1,-2.6,0.6983820686156096,nan,2.358928535270685e-08,0.3216073113008521,0.09638736188171836,0.1607694365106812,3.1037859587442838,-0.0087518063102634,-3.084660876216581,0.28124389648437503,-1.3908529235248586,-1.5795404167600082,0.9106080802070959,2.004091704044407,1.6085129462589802,1.3661216112198924,1.2454320774655179
937588.414883695,tracking,12.59,4.280108826025096,1,-1.7,-1.2678721019256518,nan,0.00038516479360063113,0.3207084865299424,0.09655972014402739,0.16084882491164534,3.103724318230762,-0.007341268888160446,-3.0843227221718412,0.2812311553955078,-1.38443004476586,-1.5786502551656492,0.9119694215773172,2.007041421267779,1.6053188840055939,1.361705823816432,1.2465490072266971
937588.465584183,tracking,12.64,4.298465817544795,1,-1.3,1.8181303479633864,nan,6.616259785975728e-09,0.3194852617526452,0.09656032247195619,0.16076719927976346,3.1037991377827026,-0.006487403638546052,-3.084097441473976,0.2812310028076172,-1.376157201155638,-1.5765210578741309,0.9146048857920597,2.0111079350942753,1.6005018913839129,1.3557194371600974,1.2472645986116013
937588.516278508,tracking,12.69,4.2434040039259955,1,-1.6,-1.9291041629303816,nan,0.00010760770786125895,0.3187862133330439,0.09636114433070493,0.16086308866129673,3.1037276811804984,-0.005702682774217038,-3.0844122042803392,0.2811697387695313,-1.369856561490674,-1.5731700022744841,0.917833768876699,2.0136736244884577,1.5960337728650325,1.3492267835805387,1.247718401261351
937588.566961104,tracking,12.74,4.137399856578638,1,-1.9,0.9994295055692725,nan,1.4422679127487236e-08,0.3178612652517797,0.09641400973540928,0.16082191577178306,3.102849075823737,-0.005931442696312184,-3.0843125316464532,0.2809808349609375,-1.36355592182571,-1.5699236089056776,0.9207659092368762,2.015506278792596,1.5918101325342213,1.3442176438862086,1.2493241542406142
937588.617682069,tracking,12.79,3.9864614092728106,1,-0.4,-1.8073923296436738,nan,1.3459005329030643e-08,0.31716302605828944,0.09626673532584877,0.1609133884929278,3.1024645257186885,-0.005690274899972536,-3.0850871068536856,0.2807384490966797,-1.3576393099899355,-1.5666250175795056,0.9237678909966408,2.0164836589126547,1.5868882113655913,1.3384231379864142,1.251854823066462
937588.668261017,tracking,12.84,3.776007844510908,1,0.4,-2.1587632810826127,nan,0.00021623838953031032,0.3160725964298142,0.09643334273694272,0.1610378821244574,3.101641636687273,-0.005644013755501609,-3.084781992712687,0.28027915954589844,-1.3497329173457082,-1.5627154970992692,0.9270839926069802,2.0171293423189445,1.5812159445598317,1.3321399420265903,1.2554327799909835
937588.718936788,tracking,12.89,3.9837937495953804,1,1.6,1.627235488579729,nan,0.0005625603074002421,0.31498436593373524,0.09672400071752332,0.16097657817838684,3.1006264741085072,-0.006306494303455423,-3.0840689007314896,0.27986892700195315,-1.34280390482154,-1.5593121103842025,0.9301557491873048,2.017652919789254,1.576590832694691,1.3273229494049095,1.2585743779708953
937588.769515569,tracking,12.94,4.033169544217918,1,2.4,-1.05661306487069,nan,4.5406527086737275e-09,0.31425507074633563,0.09663169730672247,0.16103259977342294,3.099767665184716,-0.0063133272207245295,-3.084486287319163,0.2793277740478516,-1.3381787929563995,-1.5578634839092538,0.9313774743373787,2.0177228277678685,1.5731525585693442,1.3245129149807122,1.262291884536537
937588.820011092,tracking,12.99,3.939478292675944,1,0.7,2.9617919866452773,nan,0.0008814788080138284,0.31338187520236754,0.09676906566643403,0.16089737357552014,3.0983159027638125,-0.007268364486766599,-3.0843273978009025,0.2786168670654297,-1.3334839062706987,-1.5563100620454107,0.933053002137202,2.01693732840435,1.5700632917048523,1.3224010282362795,1.2668995526965376
937588.870668952,tracking,13.04,4.225183523200105,1,-2.7,1.913776572629393,nan,3.490969369468048e-09,0.3124283493078155,0.09662830144146498,0.16080459827253868,3.098340527454213,-0.008563741846936646,-3.0845487041519517,0.2778052520751953,-1.328858794405558,-1.554913766685882,0.9340827799517084,2.015157138373686,1.565246165925117,1.3209175143510508,1.2720483751900422
937588.921357329,tracking,13.09,4.108185506177812,1,-0.6,-3.5852462727804273,nan,0.00012112958441909444,0.3115293257163796,0.0969280619881972,0.1610101373494512,3.0972441459628666,-0.009579672941879114,-3.0848617762575374,0.27725738525390625,-1.3242685699506975,-1.552557668069489,0.9348332587468927,2.0128882582829934,1.5603941527351015,1.3192943176666476,1.277825304226642
937588.972041877,tracking,13.14,3.7833370163826423,1,0.4,0.8251222265002848,nan,3.2529142482628167e-09,0.3104855932535993,0.09723538926885594,0.16099599275370058,3.0968837697608755,-0.011082573876296298,-3.0843046806500567,0.27670997619628906,-1.3191024369101074,-1.5500094223804466,0.9363691703265687,2.0110381602737153,1.5554549210193862,1.3173221137213893,1.282450416091783
937589.022744664,tracking,13.19,4.027282773448844,1,0.4,2.112174965475423,nan,0.001556403616757083,0.30961782133707927,0.0973890113198415,0.16090885528932475,3.0960829493052087,-0.012578840778973754,-3.0840106376656724,0.27620132446289064,-1.3147740011904014,-1.5474613098494587,0.9381668040623722,2.0098862099442014,1.5515103799708152,1.315332466070991,1.2861680558154789
937589.07330076,tracking,13.24,4.099680828256696,1,0.1,0.8218081280669515,nan,1.2065961414344992e-09,0.3086185596074431,0.09742232125496574,0.16088557632836326,3.095395792457695,-0.014087064650441405,-3.0833726791609752,0.27550201416015624,-1.3100440939363662,-1.5448607330449964,0.9395805431270408,2.0087343927727423,1.547251852229724,1.3136569382711678,1.2898506749708405
937589.123903737,tracking,13.3,3.9963467994853663,1,0.0,1.6537651668003122,nan,7.445793442494685e-08,0.3077821348281571,0.09755492097618601,0.1608231261054064,3.0943290019677407,-0.015501233766188172,-3.083119699668911,0.27510528564453124,-1.3059425595415353,-1.5421729377148339,0.9412560709268641,2.0082282590075726,1.5436738953052027,1.3117370654413296,1.2928525901515777
937589.174474297,tracking,13.35,4.159340139880221,1,-0.2,-0.6516282365035342,nan,3.585719476854101e-09,0.3070600025055773,0.09752322995150838,0.16086857348070982,3.093421209475625,-0.01657687826281573,-3.0831872763010453,0.2747723388671875,-1.3024345105956283,-1.5396771562992662,0.9423207361516506,2.008088576208398,1.540253064884996,1.3101488893252609,1.2952262656311655
937589.225144426,tracking,13.4,3.9334966731569763,1,0.3,0.5004586643600014,nan,2.425738031163197e-07,0.3061363132339693,0.09744679951681241,0.16085881709113597,3.0928481523128206,-0.018074533356353895,-3.0835111227929066,0.2744830322265625,-1.2981758496964826,-1.536849678169929,0.943490063607277,2.008001357682698,1.5356105093147152,1.3084384741151576,1.2980711874656425
937589.275499117,tracking,13.45,3.6951660176425163,1,0.9,2.0524304983833037,nan,6.328495130619529e-07,0.30511469051272244,0.0976286022361798,0.16078709919144857,3.092397009336739,-0.019757001156483378,-3.0834225522627805,0.27440696716308594,-1.293585625241622,-1.5339524252200318,0.9447990738620783,2.008123463618678,1.5309679537444345,1.3067455026101942,1.3005669688812103
937589.326042593,tracking,13.5,4.243141881461206,1,-0.7,0.6147921106417975,nan,4.1070621880025356e-08,0.30417809376060123,0.09787200551225853,0.16079012727841294,3.091459012600881,-0.020884223468101926,-3.0830981415050283,0.27439857482910157,-1.2893270975005309,-1.5315089749198842,0.9456193940568499,2.008996181507897,1.5274946590507532,1.3053143198403856,1.3022948277964537
937589.37667532,tracking,13.55,3.964644968811262,1,-0.1,0.012811399634461007,nan,9.79986557048049e-08,0.30320086544057845,0.0979042835318358,0.16081541700476734,3.0906529628182735,-0.021948801972642817,-3.0829354121068056,0.2743949890136719,-1.2847717604559503,-1.5287163842008271,0.9464397142516215,2.0106018013291056,1.523620025980797,1.3035165529465276,1.3033770033054075
937589.42729134,tracking,13.6,3.770075985904084,1,1.3,-0.6540561637689982,nan,0.0002299796549903069,0.3023257914542665,0.09801925215222661,0.16087665701941217,3.089856252828697,-0.022461416150380664,-3.0829489792769937,0.27434616088867186,-1.2804084373259645,-1.5268140882341834,0.9469807354270712,2.0117537516586195,1.5201991955605902,1.3017886940312842,1.3053666509558057
937589.477874168,tracking,13.65,3.8668925472597735,1,2.5,0.3820095269541175,nan,3.96943664758909e-07,0.30152634506533327,0.09821192529577949,0.1608880037658574,3.0890191062801375,-0.02300864430984939,-3.08290892067444,0.27424858093261717,-1.2766210227817083,-1.525539898810635,0.9473472529720933,2.0123821245178237,1.5174067379995875,1.300671764270105,1.3077577701405332
937589.528443308,tracking,13.7,3.902143568390094,1,1.2,2.2493975675114886,nan,1.6622617537499736e-07,0.3006185075042628,0.09832968971484886,0.16080411730774205,3.0884413350244344,-0.023458374445614716,-3.0828915538951653,0.2740039825439453,-1.2720658188951823,-1.5246324266691906,0.9480454006518576,2.0130278079241135,1.5142476963145355,1.2990660112908416,1.3108819244153052
937589.57910582,tracking,13.75,4.072620762808182,1,0.3,1.2595673429454233,nan,0.00017547573930767,0.29985605276336247,0.09841278660219867,0.16076493765601793,3.087738518850761,-0.02348622077543072,-3.0832261658827353,0.27375503540039064,-1.2679642845003514,-1.5241960677245812,0.9485515344170272,2.0136038496678976,1.511542457279233,1.2974602583115784,1.314285311130372
937589.629660472,tracking,13.8,3.942026322246586,1,0.1,0.3638284651357204,nan,4.329909720969174e-08,0.29900506070523813,0.09852015080401466,0.1607747536995628,3.087359581286854,-0.023410999007830613,-3.0835453946863374,0.2734410858154297,-1.2634612785711907,-1.5240040538099864,0.9487784357419019,2.013708511898738,1.5082611765001463,1.2959941881314898,1.3184391766406232
937589.680009151,tracking,13.85,3.971305373252923,1,0.6,1.5005868541350054,nan,0.00017776085715919245,0.29791491301338313,0.09888153533791719,0.16074763805773074,3.0863289761069486,-0.023560786643500142,-3.0836194137588273,0.27308685302734376,-1.2582428144151805,-1.5241261597459665,0.9487435483316219,2.0136561807833178,1.5050149162893944,1.2951041596951853,1.323744992480388
937589.730611223,tracking,13.9,3.945182582352238,1,0.1,-0.09454891807103268,nan,3.681240808057937e-07,0.29700194928015433,0.09914406121297235,0.16079070198368384,3.0855278790140597,-0.022959327187900724,-3.083393163950735,0.27248916625976566,-1.2534954634560054,-1.5251560041395,0.9484293619020198,2.013202378133568,1.5026935719252268,1.2942837729213863,1.329085695730433
937589.781009676,tracking,13.95,3.8830330676636926,1,0.9,0.7431776484926745,nan,2.9973446518490935e-07,0.29608889190499604,0.0995953227434333,0.1608008355878311,3.085380356823747,-0.021774960731751447,-3.0830920479044672,0.27207733154296876,-1.24860856285571,-1.527407440525053,0.9477137705171155,2.012853370872713,1.500616572591074,1.2936380895150967,1.3346009691899325
937589.831570028,tracking,14.0,3.865219117139455,1,2.2,0.8587550994562115,nan,4.253938607710837e-09,0.2952650780126329,0.10006693089167192,0.16080280958102705,3.084961026687524,-0.020210447437001955,-3.083033449096636,0.2717160797119141,-1.2440532258111294,-1.5303046934749502,0.9467712778073365,2.0128183503043786,1.49923785409474,1.2931319557499272,1.3401860174699922
937589.882031698,tracking,14.05,3.6697366043619577,1,2.6,1.3119295590098263,nan,2.9406954560792447e-07,0.29444305599107573,0.10030176245442883,0.16076740619920812,3.084552171418826,-0.018341518989997585,-3.082898511067544,0.2713199615478516,-1.2393234517151486,-1.5333590729291622,0.9458288516765847,2.0140051880441727,1.4982779176798209,1.2922941252709883,1.3446365591256781
937589.932635048,tracking,14.1,3.987686860800581,1,1.1,1.4830165827676403,nan,0.00022477768719934838,0.2937285195691566,0.10042354091744857,0.16071332906809993,3.0839918162890787,-0.016499479175852816,-3.083302942856681,0.27100257873535155,-1.2350647908160028,-1.5363435444047595,0.9449561337873656,2.0154712582242613,1.497405199790602,1.2913865199714891,1.3489126637299638
937589.983010677,tracking,14.15,3.90194836121661,1,2.5,0.19497948939514387,nan,1.7320757865387884e-07,0.29266950480477283,0.10065884052554172,0.16073540366553243,3.0837469940207396,-0.01409352640927497,-3.0828772546623164,0.270421142578125,-1.228833925971599,-1.5397818185301062,0.9439264225518865,2.0166929833743352,1.4957122282856385,1.2899903577700151,1.3544278040314088
937590.033549666,tracking,14.2,3.6153347536150497,1,2.9,1.5538050357381585,nan,1.0608813188684202e-07,0.29180078468011045,0.10090039397347389,0.16068340660442432,3.0835560319022064,-0.01139330136551897,-3.083117721749971,0.2699846649169922,-1.2230744406401393,-1.5436564516000626,0.9432981162717096,2.0179497290927433,1.49429848922097,1.288087928645317,1.3602922179098178
937590.084026762,tracking,14.26,3.8675925629247763,1,2.0,1.5055320820040883,nan,3.489554914461533e-07,0.2909828996471461,0.10119448746971116,0.16063413920343986,3.082901029442141,-0.008608979596292032,-3.0835369503765975,0.2695095825195313,-1.217454371791745,-1.547618303195719,0.9428094262116801,2.0189794403282226,1.4931815594597908,1.2860982809949189,1.366749850921042
937590.13463794,tracking,14.31,4.074523816156308,1,1.9,2.1013194556302905,nan,1.8868121963314023e-07,0.2902353750379765,0.10138554930331958,0.160545557846822,3.08261541498824,-0.005583304589782845,-3.0836449766935985,0.26877990722656253,-1.2122010202254547,-1.5524005415651743,0.9422160073417831,2.019433242977972,1.4926055177160067,1.2844576406053756,1.3734519621203354
937590.185009822,tracking,14.36,3.9210520664403514,1,0.3,3.0443315648746316,nan,1.4553157682493648e-07,0.28940999954536745,0.10192781864323386,0.1604285725401142,3.082688826636288,-0.0022829792761882572,-3.0839778575710057,0.26836563110351563,-1.206615971945395,-1.558037920960654,0.9413258457474242,2.019625256892567,1.491663158164282,1.283043901540707,1.381148897144828
937590.235568654,tracking,14.41,4.095798527123842,1,-0.0,-0.0877142484326459,nan,8.599507051546194e-08,0.2885806289396252,0.10233859772735324,0.16045876195664002,3.0824114629549366,0.0017117567627886743,-3.0841669287892954,0.26781898498535156,-1.200699226951566,-1.5638673142707284,0.9400169020716502,2.020410623098031,1.491017341599938,1.2813858174460235,1.3886013539812512
937590.28600919,tracking,14.46,3.787993847161136,1,2.7,-1.2598273834898759,nan,1.3139363288512096e-07,0.2876900327638959,0.10291854316017182,0.16055473077547203,3.081971611301156,0.0061049810865287935,-3.0841560365822382,0.26737518310546876,-1.1941542422565872,-1.5696618201705228,0.9387951769215764,2.0214228906283704,1.4902494190996136,1.2791867121758906,1.3962285141851836
937590.336529847,tracking,14.51,3.629676468597332,1,4.4,1.5950496001823873,nan,0.0002472074150526221,0.28680077740925725,0.10310837388409498,0.16047944640028128,3.0814424723442877,0.010279196231639087,-3.0842487748492684,0.2665776824951172,-1.1876615886770285,-1.575700671100332,0.938062141831532,2.022696946893864,1.489795616449864,1.2768653678117232,1.4038904286413416
937590.387008857,tracking,14.56,3.618413849028979,1,3.1,1.4544075310629154,nan,2.0354895705670562e-07,0.28611428910173436,0.1035973671998557,0.16042862707475766,3.0803869570870965,0.014572205103962954,-3.0848314680596935,0.26603919982910157,-1.181640314610414,-1.5813556273590064,0.9379923004319447,2.0234474256890485,1.4895338277147092,1.2737936778104257,1.4122331802301782
937590.437673665,tracking,14.61,3.574548331175456,1,2.9,3.7625584905268132,nan,0.00012732333396004456,0.2854417865575126,0.1039762921875811,0.1602506247203847,3.0805485384326476,0.018935627326502447,-3.0849968891754487,0.26548065185546876,-1.1758458087106194,-1.5878307040753705,0.9378701279169374,2.0241455733688127,1.4893243700949745,1.2710709950699832,1.4198602072760562
937590.488210318,tracking,14.66,3.883269975678745,1,1.5,2.397405525460194,nan,2.326671826771388e-07,0.28479694160461755,0.104114089136861,0.1601244268795909,3.080372339575802,0.02393137589542893,-3.085821082031999,0.2647147369384766,-1.1696847186867756,-1.5947771603046785,0.93776539910707,2.0249659601426115,1.488870567445225,1.2677722705857566,1.4286567615146424
937590.538964882,tracking,14.71,3.78361256881733,1,1.0,0.5083353663422876,nan,3.983600961772731e-07,0.2840291671050611,0.10462946893237143,0.16011191618524004,3.08010595532094,0.028462026831469922,-3.08590382194599,0.2642583465576172,-1.1635237618209864,-1.6008508986447678,0.9372767090470404,2.025681551527516,1.4882247508808808,1.2651019189607342,1.436493246180255
937590.589562153,tracking,14.76,3.6498261716588107,1,3.5,-0.10932160137417973,nan,3.619317086358441e-07,0.2831781217913859,0.10532320095206253,0.16013593643196666,3.0796481662696387,0.03382156257552982,-3.0859517796369067,0.2638658905029297,-1.1562631857411032,-1.6074307707500266,0.937084761711473,2.026693819057855,1.4874044972651363,1.2614018561002325,1.445289667260787
937590.640135263,tracking,14.81,3.534456667924273,1,9.1,-1.881192075156699,nan,1.4164055584734856e-05,0.28262132032672327,0.1055738594133459,0.16022767316234499,3.078774166161421,0.039282509744779315,-3.0870819802777665,0.2632859039306641,-1.1500672083069794,-1.6136441918892905,0.937084761711473,2.0276188680624943,1.4866191310596721,1.2573526528208216,1.4542257711404931
937590.690761127,tracking,14.86,3.7505770245737553,1,7.9,5.5625464705607355,nan,1.4802498287075452e-07,0.28205945850104064,0.10596914776291518,0.15994785373048537,3.079064798366963,0.044290071156548816,-3.087465218769488,0.26293235778808594,-1.1440633779455047,-1.6205905149605442,0.9378701279169374,2.028927811738268,1.4864968919656374,1.2534256886354451,1.4618529313444257
937590.74139978,tracking,14.91,4.167159354333368,1,2.2,6.195163324123249,nan,3.4966484556697704e-07,0.28136563927052255,0.10672120801418065,0.15965098831442529,3.078061215188646,0.04974281270600556,-3.088137876826836,0.26264022827148437,-1.1372041402418966,-1.6282002314593365,0.9388126206267164,2.030236755414042,1.486706349585372,1.2491321403260194,1.4715569577244563
937590.792057934,tracking,14.96,4.006273765954406,1,-1.1,1.7906345513823203,nan,0.000248024201418649,0.2804875105914843,0.10763843163031267,0.1595777098208257,3.0761006573769247,0.054864642976761635,-3.087876900433704,0.26228485107421873,-1.1296468880165789,-1.634134287000251,0.9397725570416354,2.0316504944787104,1.4867586807007922,1.244576803281439,1.4805279490144427
937590.842742424,tracking,15.01,4.162824152990612,1,-1.8,2.591415496073276,nan,9.810411717299834e-08,0.279714247366911,0.10843896234153244,0.15945963396729973,3.0741989501650786,0.05899458112227651,-3.0876808746355144,0.2619881439208984,-1.1230844596164602,-1.6388990816645663,0.9409942821917093,2.0328722196287843,1.4867586807007922,1.240457825181468,1.4882946588594954
937590.893142865,tracking,15.07,4.2928358265813635,1,-0.8,0.9069385399475046,nan,3.5964600362648186e-08,0.2791086247195936,0.10929173810680876,0.15943967553622618,3.0720003074181204,0.06396399074720338,-3.088002982179794,0.26166519165039065,-1.1165569186266213,-1.6440652147051567,0.942512683487218,2.0336226984239687,1.486776124405932,1.2354137980768578,1.4973179812649018
937590.94376469,tracking,15.11,3.9708853502573342,1,1.1,-0.9324124984538052,nan,1.5414718156202582e-07,0.2788065971785586,0.10943502088046644,0.15947870483037418,3.0697415517018896,0.06749958775348675,-3.089163818702319,0.26112586975097657,-1.1124728945159577,-1.647608284219398,0.943455176196997,2.034268514988313,1.4868111449742667,1.2318708617206708,1.5042294169258754
937590.994192951,tracking,15.17,3.8121873874635757,1,3.1,2.303032880038506,nan,0.0009081453180450181,0.2781351878011526,0.11024330294993472,0.15937911586964695,3.067758950138421,0.07197937707391522,-3.089358005189049,0.2607592010498047,-1.106346758481421,-1.6530013185848629,0.9446420139367908,2.0347048739329225,1.4868111449742667,1.22782165844126,1.5131655208055819
937591.044739558,tracking,15.22,3.5858870686791713,1,2.1,4.604847965100307,nan,4.0016202717451287e-07,0.2775183430241446,0.11117155706270532,0.1591744667449927,3.066133565057892,0.07634316503472371,-3.0891611473815344,0.26044410705566406,-1.1001508476263244,-1.6580627893946132,0.9467712778073365,2.0348618672791825,1.4868809197948267,1.2229870889563845,1.5218223922449934
937591.095267381,tracking,15.27,3.9396712510781855,1,0.4,-2.327402705258465,nan,9.065553714559638e-08,0.2773669533004759,0.11186654688190131,0.15933882828992468,3.063524402006139,0.08061729056599187,-3.0898935409417416,0.26017974853515624,-1.0959794718319062,-1.6613964012891198,0.9484468056071598,2.034896887847517,1.4873521661497164,1.2181001883560891,1.5291352994402965
937591.146109958,tracking,15.32,3.9819021713757685,1,1.8,1.9707405584123852,nan,1.1707617596136483e-07,0.2767905710770163,0.1128792184492613,0.15927820175753088,3.061096921440278,0.08429419023606011,-3.0891243391267356,0.2598506164550781,-1.0900454162909916,-1.664363429059577,0.9511346009373223,2.034966662668077,1.487613954884871,1.2127245976957641,1.5364656503407397
937591.196722106,tracking,15.37,3.699759313547702,1,1.6,1.7142318783368653,nan,5.73355662427581e-08,0.2765022441523097,0.11366366781720473,0.15923615032926092,3.057913228222684,0.0882691845790613,-3.089846995549333,0.2596221160888672,-1.0846697590516394,-1.6670686680948796,0.9544158151373816,2.035560014958947,1.4878757436200258,1.2062842752316256,1.5443197118695469
937591.247312363,tracking,15.42,4.409922711806778,1,-3.2,2.289966870378105,nan,8.153018966966845e-06,0.2761626783085709,0.11422609280292181,0.15914136719266186,3.055555042464851,0.09096314450475385,-3.0898783305903406,0.25926971435546875,-1.0801319322912262,-1.6687267521895628,0.9573480220765861,2.0358043599889615,1.487928074735446,1.2011879170115956,1.5502537674104613
937591.297989228,tracking,15.47,4.17103590570149,1,-1.7,-0.12753055387494422,nan,0.0008351083960091764,0.27606206719821835,0.1151099713857701,0.15922306773387326,3.051662412641292,0.09354926383536077,-3.091046787050514,0.2590863037109375,-1.0764842005461446,-1.669390012459047,0.9605593948770582,2.034914331552657,1.487945518440586,1.1956028687315359,1.5578634839092538
937591.34859606,tracking,15.52,3.9784588796156575,1,-1.2,-0.8885551780167327,nan,3.915496643289082e-07,0.2757229141200145,0.11642392052261269,0.15936733327914743,3.048195541523994,0.09584686008714582,-3.090732716893451,0.2590107727050781,-1.0723128247517262,-1.669634357489062,0.9634740915320954,2.0335529236034087,1.487928074735446,1.1905239542166457,1.5646702573393874
937591.39901378,tracking,15.57,3.928505457118705,1,-0.2,-0.6329496353523649,nan,6.748453934692506e-07,0.2755948611266765,0.11717090335423036,0.15946337193680937,3.045840034281934,0.09795681034709758,-3.090656977806419,0.2589267730712891,-1.069014166846527,-1.6696169137839219,0.9663364570717126,2.033256247457974,1.487928074735446,1.1855498350906502,1.5690684678796532
937591.449662677,tracking,15.62,3.9309150897847087,1,0.6,-0.6903192807615379,nan,8.839011790402171e-07,0.27543184472126386,0.11804821093848016,0.15957514637218567,3.0424706763370297,0.10055133076783163,-3.0907955818985746,0.2587557220458984,-1.0647904599366884,-1.6694423435744672,0.9701238050369415,2.032977015017679,1.487945518440586,1.1790746252162316,1.5749153048948676
937591.500013555,tracking,15.67,4.402395885596881,1,0.5,-2.0008681229006,nan,0.00023278657291586792,0.2756153985776136,0.1189973387307229,0.15979747418220772,3.0396652087267197,0.10295474688313111,-3.0907498711637027,0.25859832763671875,-1.062085220901386,-1.6682729495398134,0.9742427831369126,2.031371262038416,1.4881200886500408,1.1723550703117982,1.5798545366105832
937591.550646654,tracking,15.72,3.9835197839434358,1,-0.8,3.4340255537712623,nan,6.396068419452777e-09,0.27560149996141325,0.11990140807923491,0.15972065377488354,3.036931105727712,0.1034899752663252,-3.0902763790809136,0.25845870971679685,-1.059537041791371,-1.6659167177653658,0.9788330075917732,2.0299924103840272,1.4882946588594954,1.1666130286854783,1.5835372889239991
937591.601036503,tracking,15.77,4.2499757275784065,1,-4.1,0.012508313283411156,nan,5.098262675590432e-08,0.2757425971176584,0.121013662160141,0.1598618275383306,3.032855112578314,0.10421849947950657,-3.090510505471762,0.2583606719970703,-1.0572332077113706,-1.662513331050299,0.9838071932967959,2.027915544207929,1.4882946588594954,1.1598760300759048,1.5884765206397147
937591.651886758,tracking,15.82,3.994120090831198,1,-3.4,-3.277629610423524,nan,2.1210618335161508e-07,0.2757588268674043,0.12196623880482377,0.16014395978604984,3.0295514602851084,0.10433189576550572,-3.0900524089279378,0.2581798553466797,-1.0555227925012671,-1.6587609370743774,0.98729786511659,2.0256639746643215,1.487980405850866,1.1550763480013095,1.5918101325342213
937591.702312032,tracking,15.87,4.003359936187356,1,-0.5,-2.9863506825093498,nan,1.489842265262735e-07,0.2758656895749135,0.12277364313495419,0.16040482781564244,3.026774277992628,0.10455126033311979,-3.089842869450361,0.25801734924316405,-1.054266113361886,-1.654886304004421,0.9910328819663989,2.0230809747230536,1.487788525094326,1.1499799897812795,1.5953705125955482
937591.75288197,tracking,15.92,3.9416797440546487,1,0.2,2.381656278406464,nan,1.819870819842929e-09,0.2762078536629282,0.12356357699255736,0.16041499137157056,3.0230899639651985,0.10364351535835725,-3.0904603936437245,0.2578070831298828,-1.0541264971417386,-1.6510988894601648,0.9951169060770626,2.0205851933074856,1.4877535045259913,1.1456689977667136,1.5984946668703202
937591.80326515,tracking,15.97,3.9667956846496355,1,-0.1,0.013895825463710949,nan,6.508512939710379e-10,0.2764996464722416,0.12456285028549777,0.16057028440382226,3.020281738689166,0.10328785898052706,-3.0902052198212684,0.2575340270996094,-1.0540741660263186,-1.6474686014202233,0.9989043206213188,2.016640652258915,1.4877186171157113,1.1413930263204823,1.6022646377094363
937591.853790906,tracking,16.03,3.8980198443999567,1,-0.1,-2.137896591025145,nan,3.393697974892019e-05,0.2768039613572201,0.1253982828870783,0.16081810009150274,3.0177216086865153,0.10316207190424875,-3.0901145816977227,0.25735679626464847,-1.0541439408468787,-1.6441001021154367,1.0019411897913635,2.013481610573863,1.4876488422951513,1.137605611776226,1.6051618906593337
937591.904317404,tracking,16.08,3.9028618312151195,1,-0.1,-0.25884371053579136,nan,8.702476739248732e-10,0.27707358632879564,0.12621413037981735,0.16096533596937093,3.0155861375498807,0.10240645171495588,-3.0899373616745214,0.25715423583984376,-1.0545279020970408,-1.640487257780635,1.005030390076828,2.0097989914185015,1.4872299270556817,1.1343942389757542,1.6080068124938107
937591.954949995,tracking,16.13,4.08220572063094,1,0.4,-0.44693578511637383,nan,1.048923124936787e-09,0.27733538330891105,0.1272268017849339,0.16114935914071765,3.01354705175466,0.10132011710167399,-3.0891160430993745,0.2569045257568359,-1.055208606071665,-1.636315948565244,1.0082068754670201,2.005243654373921,1.4868809197948267,1.1313747469318223,1.6106246998453586
937592.005524063,tracking,16.18,3.826216250050261,1,-0.1,0.6057326463466713,nan,0.00056322545702762,0.2778134588289901,0.12785429092022962,0.16124854678641787,3.0112405120290373,0.09957256234305456,-3.0893639043966084,0.25665496826171874,-1.0569539086920485,-1.6316385055846834,1.0114880896670795,2.00115956368423,1.486636574764812,1.1286695078965199,1.6126668117692313
937592.056045865,tracking,16.23,4.018573981288254,1,0.4,0.10897496531058756,nan,1.6835094203041473e-09,0.27828483267434145,0.12872425693179906,0.16140628803794604,3.0095812703926477,0.0978998470448873,-3.0893402718220973,0.25662956237792967,-1.058995954036894,-1.6272751824546976,1.0141759515762692,1.9965869160925638,1.4861304409996425,1.1266798602461217,1.614534220325595
937592.106640662,tracking,16.28,4.344906591369851,1,-1.7,0.9721488606172548,nan,0.0005665025241546591,0.2786130617353219,0.1293681427438823,0.16147552295514647,3.00829055356504,0.09598070319025664,-3.0892318587400154,0.25663291931152343,-1.0607936543517247,-1.6234005493847412,1.0162528843313947,1.9931136213988825,1.485728969465313,1.1255976847371678,1.6154243819199539
937592.157121108,tracking,16.33,3.8283509485348812,1,-0.4,-0.5088597054334476,nan,1.304777145311243e-08,0.2790815647997542,0.12985641334425965,0.16161105725153133,3.0065159709478495,0.09357575973825627,-3.08958532290134,0.256697998046875,-1.0631673298313125,-1.6183914096904113,1.0184868770118078,1.990041931397585,1.4853625184993182,1.1243759595870941,1.615441825625094
937592.207682019,tracking,16.38,4.161615748042332,1,-0.8,0.2497923545260024,nan,7.950062286418849e-09,0.279600900080296,0.13063059453316725,0.16175235156941775,3.004908309199749,0.0910900695370842,-3.0899893121543993,0.25704933166503907,-1.0659249665610622,-1.6134521779746958,1.0205638097669332,1.9866209678193238,1.4849610469649888,1.1234859311507897,1.615494156740514
937592.258121445,tracking,16.43,4.11220248510287,1,0.1,-1.6019655893389848,nan,3.679810878004404e-09,0.2801239620827456,0.1315396497065906,0.16200790175669466,3.0032263314751764,0.08851065594441665,-3.0900435463873905,0.2574896240234375,-1.0688396632160995,-1.6080068124938107,1.0224139077762113,1.983095475168277,1.484629483409274,1.1227703397658853,1.6149356918599245
937592.308783781,tracking,16.48,4.099772670794517,1,0.5,0.8392564882348038,nan,2.0990887537885406e-09,0.28051814505712835,0.13245588353930082,0.16212895116742904,3.001984916732377,0.08580519911025686,-3.089987350418436,0.2581962585449219,-1.0711609410012397,-1.602805658884886,1.0243162703218822,1.9807915745092493,1.4842454555800844,1.122107079496401,1.6134521779746958
937592.359319603,tracking,16.53,3.9800533080020837,1,0.5,-0.28259859212854577,nan,8.84872537991071e-09,0.28087653782409094,0.13315344913097446,0.1622724575285709,3.0012948413287575,0.08337302255533019,-3.0894038699943094,0.2586566925048828,-1.0732553174615054,-1.5977965191905559,1.0261488580469929,1.9785226944185563,1.483826540340615,1.1213740444063567,1.6114625303242975
937592.409919604,tracking,16.58,4.062351503294689,1,0.1,0.26250579029367493,nan,3.32984921909223e-09,0.28146757896010843,0.13396142001223516,0.16241983875271276,3.0013323885666288,0.080369242534156,-3.0885958766725,0.25939346313476563,-1.0764842005461446,-1.5916878934401868,1.0283305196119858,1.975852342793534,1.4833727376908654,1.1206933404317325,1.607797354874076
937592.460423352,tracking,16.63,3.602093795445688,1,2.8,-2.043253377522061,nan,4.400371640123552e-09,0.28204849579030516,0.13459129688782434,0.16265601367699917,3.0018479811805414,0.07694430646583217,-3.0874475846675957,0.2598565673828125,-1.0800620908916387,-1.584828788894633,1.0303900086619715,1.9721173925227522,1.4821510125407915,1.1204664391068577,1.6040797151503798
937592.511088245,tracking,16.68,3.704390419161725,1,1.5,1.701986664240804,nan,7.97695129139378e-09,0.28252826514320983,0.13521847549525795,0.16269042753507965,3.002792988137047,0.0739592072119235,-3.0864603206106587,0.2603234100341797,-1.0831688014612708,-1.579662655854043,1.0323447689020895,1.968644097829071,1.4810689701898925,1.1204838828119978,1.6013395887047974
937592.561967432,tracking,16.73,3.705281060424265,1,1.2,-1.8100394949944334,nan,2.0813666839326333e-08,0.2832074692485927,0.13601447578141215,0.1629402884657594,3.0036001689928837,0.07124160482443109,-3.0858389812096614,0.26104583740234377,-1.0869561494264997,-1.5740425870056487,1.0339679655864928,1.9648217958745346,1.4798123576295386,1.1204489954017176,1.5984423357549002
937592.612567885,tracking,16.78,3.850473317703749,1,4.0,-0.5878786056069355,nan,7.2143241534739e-09,0.28368344204044843,0.13653361642046735,0.16307288273263482,3.0043582203784154,0.06816592310727265,-3.085472154448873,0.2615486145019531,-1.0900454162909916,-1.5685100029990635,1.0356958245017363,1.9612788595183477,1.4778924847997004,1.1205886782008925,1.5962955616001873
937592.663013554,tracking,16.83,3.7442606247752352,1,3.4,2.8931523601185862,nan,1.5743029927015354e-09,0.2842124698968459,0.1374291352200264,0.1630812047490637,3.0053441991135235,0.06432510317295526,-3.0848476727712293,0.26237442016601564,-1.093989824181508,-1.5627852719198292,1.037510968521707,1.9571075503029567,1.4763216192307171,1.1215486146158113,1.5936775410905848
937592.713761509,tracking,16.89,3.94833497921328,1,1.0,1.020499788814878,nan,1.477352848136238e-08,0.2848265204651831,0.13810475915392112,0.16315540991229743,3.006079040321822,0.05998742653086153,-3.0846182955579,0.2630918884277344,-1.0986149360466486,-1.5564148574343053,1.039116654921943,1.9526568754892162,1.4745239854949137,1.12303212850104,1.5909199709398623
937592.764119257,tracking,16.93,4.0402991463927425,1,0.2,2.035546700046715,nan,1.6334996942875202e-10,0.28532170901311765,0.13855703346595719,0.16313770151715656,3.0076541327925472,0.05541763778815123,-3.084007346146338,0.26357452392578123,-1.1032051605015092,-1.5505680204190908,1.0404082214716042,1.947857193414621,1.4723946550453408,1.1253533397071531,1.5881099365156652
937592.814804346,tracking,16.99,3.961625471023644,1,0.1,-1.1420407178746415,nan,6.41449327977979e-08,0.2858301590059108,0.13914334932247266,0.16329817935510244,3.009156765813573,0.05155307599548742,-3.082985280138996,0.26392822265625,-1.1076208813259423,-1.5450178595493111,1.0414728866963907,1.9423769405234559,1.470317655711188,1.127412895336166,1.5858933875403922
937592.865361129,tracking,17.04,3.8912780443765502,1,2.6,-0.5120321232476975,nan,7.646649126194074e-08,0.2863993828839547,0.1397367685279122,0.16342577796043156,3.0116399363516733,0.04700104307063224,-3.082111875894788,0.2640584564208984,-1.1130837570909946,-1.5394153675641113,1.0425025979318698,1.9341738717337937,1.4669142689961212,1.130606824431498,1.5854046974803628
937592.916013058,tracking,17.09,3.9886392105404718,1,1.9,5.351113025902101,nan,9.64543095172889e-09,0.286849262399304,0.14101658849648757,0.16333675527432764,3.0123725794146674,0.04160452054413355,-3.0813224178297665,0.26482810974121096,-1.118319664952145,-1.5334288477497222,1.044178125731693,1.9272274155044857,1.464942065050863,1.13373097870627,1.5846193312748984
937592.966691746,tracking,17.14,3.9618404362069404,1,-1.8,0.12875059890870158,nan,8.638627437414986e-09,0.28748518681888485,0.14128019388967467,0.16338271642041707,3.0143757075180533,0.036554441858562825,-3.0809767480090775,0.26540359497070315,-1.1237302761808043,-1.5268315319393235,1.0455045796916345,1.92216607785279,1.4622193823104206,1.1364536614467124,1.5810413743503768
937593.017018509,tracking,17.19,4.173220061198801,1,-2.1,-2.5906598375714824,nan,0.0004841322686790934,0.28802337442510506,0.14159660887046865,0.16356826552925607,3.015207998357957,0.0322919610924306,-3.081139164618104,0.26588958740234375,-1.1285299582553996,-1.5212464836592638,1.0460805548563912,1.9174710580090348,1.4599330585145875,1.1392811395760496,1.5790342829948387
937593.067618166,tracking,17.24,3.8144899482814414,1,0.4,0.7641555062058566,nan,2.041815106058111e-08,0.2886733850502951,0.14250500829300825,0.16365557190404506,3.018072622435488,0.02648402953565321,-3.0800633606057852,0.266685791015625,-1.1353541753906733,-1.5149108234259654,1.0467263048417081,1.9094600031339675,1.4568961227655157,1.1441505964712049,1.5763464876646762
937593.118015573,tracking,17.29,4.206427961035133,1,-1.1,1.7026508410348278,nan,1.65531010214786e-08,0.28930877078137296,0.1430806456976763,0.16364815661770435,3.0209312853162333,0.02108341053447349,-3.079416656122969,0.26731407165527343,-1.141951491201072,-1.509692359269955,1.0471102660918703,1.9023042224429791,1.4542955459610534,1.1491072718920603,1.5738332625439684
937593.168655602,tracking,17.34,4.053677948322584,1,-0.2,-1.0116569116542597,nan,0.0001365439658611429,0.2898677126058297,0.14393045917623712,0.1638059574275004,3.0233153127788817,0.015791862816210367,-3.0784122282907584,0.26812622070312503,-1.1480077858360211,-1.5036535083401459,1.0476513538463472,1.8952705476879708,1.4514507572846307,1.1535230592955208,1.571162910918946
937593.219114089,tracking,17.39,3.551719751843703,1,2.5,-0.007330889756340755,nan,3.068144808725833e-08,0.29041727276048884,0.14450465986097974,0.16387521796344778,3.025616841196568,0.010658407450604201,-3.077360458661051,0.26871490478515625,-1.1537674043255355,-1.4978590024403515,1.048558892566819,1.8888651126341123,1.4489548427110084,1.157450023480897,1.5682306374007142
937593.269785602,tracking,17.44,3.8133596714791302,1,1.4,-0.7562805454788737,nan,1.770653803235686e-07,0.2910615400531742,0.14514105612039768,0.1639848481476575,3.0282252044012337,0.005134768318877381,-3.0766526608856344,0.26947013854980467,-1.1601378188110596,-1.4915409190702476,1.049553716392018,1.8817093319431237,1.4457609136156764,1.1616736638117082,1.5654905109551318
937593.3203396,tracking,17.49,3.882854674330657,1,1.8,1.1179822385351252,nan,5.614097611573777e-10,0.2917068834866369,0.14550037455588577,0.16396276963990197,3.0309626110058865,-0.0005007295096253195,-3.076194005024364,0.2699237060546875,-1.1668223531471584,-1.4860781098842224,1.050426434281237,1.874221854538366,1.442846216960639,1.1664907895914436,1.563396067915839
937593.37110904,tracking,17.54,4.229233083418643,1,0.5,2.5467974152593005,nan,0.0006443962244759232,0.29228780310902924,0.14590677321623524,0.1638683788851698,3.033397504485175,-0.0058775803579931285,-3.075941677283279,0.27042823791503906,-1.1731580133804569,-1.4813830900404672,1.0511769130764215,1.8672753983090578,1.4403678792502115,1.171307915371179,1.56172067327407
937593.422050487,tracking,17.6,4.0739745764283235,1,0.1,2.632400522266591,nan,0.0004232065254704461,0.29287128631309695,0.1466774247582779,0.16380297364669666,3.0375727290916426,-0.011807572930189414,-3.0748434698439078,0.27120094299316405,-1.1803137940714454,-1.476548520555592,1.0516307157261708,1.8584090692499116,1.4370168236505647,1.1773990974164081,1.5595738991193573
937593.472666229,tracking,17.64,4.122259477730904,1,-0.2,-0.36390223500760943,nan,2.0130387896348115e-08,0.29356490911858624,0.14727747036519434,0.163863460469011,3.0410104890234417,-0.018779394045471243,-3.0741079467288297,0.27178077697753905,-1.1887088767757021,-1.4704573385103628,1.0520321206814731,1.8483211481987458,1.4334738872943777,1.1844851032868364,1.557706357404939
937593.523130121,tracking,17.69,4.119944342560415,1,-1.3,2.571775117546606,nan,0.0004115344107588595,0.29419131439351326,0.14775303974547102,0.16375914558741245,3.0440070168003075,-0.024536383297445452,-3.073937007500734,0.2724462890625,-1.1960741150864254,-1.4664954869147062,1.051997233271193,1.8406067694691133,1.431292225729385,1.1909603131612552,1.5558737031008012
937593.573796261,tracking,17.74,4.597532228800423,1,-3.9,-2.030683395136856,nan,0.0014407313763790052,0.2950182568950005,0.14802676423631808,0.16385616474418369,3.048631110504814,-0.03129790051206505,-3.0737001857400306,0.2726622772216797,-1.2055337964364412,-1.461748135955531,1.0516132054420035,1.828494180199215,1.427330240975674,1.1994251706860721,1.5554549210193862
937593.624345372,tracking,17.8,3.4075135060801567,1,1.4,-1.4656204725321034,nan,2.9886810293602765e-07,0.2954624341715914,0.1494150696205383,0.1640331409403683,3.0515421949759594,-0.0367982433692553,-3.0724590485362757,0.2735368347167969,-1.2125500274863095,-1.4577339532444546,1.0511943567815614,1.8182665763488748,1.424764684739546,1.2064937328513603,1.5554549210193862
937593.674990986,tracking,17.85,3.6135517260027727,1,4.6,-3.7500537689438573,nan,0.0007632361366232302,0.2960635451191791,0.14962726491129616,0.1642130107147747,3.0539740876220054,-0.042125782953344126,-3.072999125560172,0.2741271209716797,-1.2191473432967084,-1.4527422572552646,1.0513688604119888,1.810883761174957,1.4213612980244794,1.2119392314903,1.5543378581001523
937593.725637213,tracking,17.9,3.6552447138561153,1,9.3,3.50063751030715,nan,1.9551967223400038e-08,0.29681512253318953,0.15009427321513805,0.16403156882252734,3.0580152349949214,-0.04843172730000256,-3.072000114422874,0.27461013793945316,-1.2272283061503904,-1.4480473705695638,1.05269531437193,1.801249642773541,1.418708390104597,1.218012969830389,1.552278435629194
937593.776011708,tracking,17.95,3.9263182153864165,1,1.0,8.817824860564556,nan,2.8894593299384332e-08,0.297363549508078,0.15063608781343152,0.16359337154707748,3.061876581886198,-0.05492540066500684,-3.0714375520900696,0.27520606994628904,-1.2346982066919536,-1.4443996388244824,1.0540217683318713,1.7923484263041145,1.4163172709198693,1.2243659406107732,1.5510216899107858
937593.826678471,tracking,18.0,4.433353510819793,1,-7.1,-1.0277850075782928,nan,3.243580325076062e-08,0.2980698626749741,0.15146485575873447,0.16365918132206492,3.065090079871382,-0.060492170663347666,-3.0712848465715927,0.2763134002685547,-1.2419938033401712,-1.439617400455027,1.0547722471270555,1.7840058078733323,1.4133152225810774,1.2299335451856928,1.5493112747006823
937593.877104708,tracking,18.05,4.355691274393703,1,-1.4,-5.632326383977344,nan,5.701261406474931e-08,0.2986319164524881,0.15206040390482037,0.16394507645647327,3.0690052677940485,-0.06598897314298391,-3.070354007882743,0.2771812438964844,-1.2499523939417638,-1.4329676203711537,1.0554180636914,1.7737257397495174,1.408428321980782,1.236932332530421,1.546309359519945
937593.927756415,tracking,18.1,3.5143102863340534,1,3.5,-2.769593775025101,nan,0.0002987517232216226,0.2993572924281238,0.1523579773467207,0.1640485599781567,3.0735771007984023,-0.07257182963435382,-3.0696612343822953,0.27806648254394534,-1.256776744235092,-1.4280981634759984,1.0562907150015914,1.7664128325542143,1.4052867240008702,1.2418890079512765,1.5433423317494877
937593.978114672,tracking,18.15,3.986317912804628,1,1.5,3.160110751838403,nan,1.886629644361219e-08,0.2999686938971133,0.15311589393943723,0.1638822937639165,3.0773927551357954,-0.07839334864688752,-3.0696972049451237,0.27950340270996094,-1.2638278626952402,-1.4239791853760273,1.0571459226066433,1.7595188405983808,1.4024593790295874,1.2475962953253708,1.5404625225047306
937594.028805188,tracking,18.2,4.029466205665714,1,0.2,3.1673055422144185,nan,4.7181709798398534e-08,0.30045168156112134,0.15345380735110709,0.16369618276227627,3.081525440927543,-0.08456480421059687,-3.0691558406062263,0.2805375671386719,-1.2709138685656685,-1.420052221190651,1.0575298838568055,1.7527992856939474,1.3999634644559653,1.2541936111357697,1.5366576642553345
937594.079384487,tracking,18.25,4.378702686869627,1,-5.8,3.0844226434641286,nan,0.0004221599491316822,0.3010049667057656,0.1543768403786422,0.16353207819748805,3.0860097529465844,-0.0907419805457772,-3.0685535657787804,0.2822673797607422,-1.2784536770858463,-1.4163347146250094,1.0576171689615328,1.746044843379234,1.3976945843652722,1.2611923984804978,1.5322245663047884
937594.129982976,tracking,18.3,4.702610367334941,1,-10.7,-2.5547669813796428,nan,0.0004246524946536096,0.3016804647360908,0.15492173708474086,0.16361893940285382,3.0897774342574285,-0.0963523742687955,-3.067832214247813,0.2834790802001953,-1.286290161751459,-1.4125473000807531,1.0571983203010906,1.7389762812139455,1.3960365002705888,1.268208629530366,1.5279310179953627
937594.180620873,tracking,18.35,3.9689172397678725,1,-3.2,-7.0601673573162556,nan,4.095306427960113e-08,0.3023444213581896,0.1551624350852494,0.1639175974255468,3.093839343361644,-0.10251122165699322,-3.0671494045262673,0.28461097717285155,-1.2950516954217108,-1.4085156736645368,1.0554703948068198,1.7314888038091878,1.3943260850604855,1.2771447334100725,1.5227299975444926
937594.231012118,tracking,18.4,3.424473105067398,1,2.0,-4.501876361939234,nan,1.4599943575869155e-08,0.30314934177101177,0.15520211830780925,0.16405880761830888,3.09800745520437,-0.10764405694528456,-3.0672387047290117,0.28577606201171873,-1.3033944470105474,-1.4057230829454797,1.0539519935113113,1.7254325091742386,1.3931043599104116,1.2847892041610904,1.5176336393244623
937594.28172422,tracking,18.45,4.035133192274284,1,3.3,-1.90413416123409,nan,7.765084374473316e-05,0.3040403713697343,0.15602856086043349,0.1640786552519779,3.1024824111994884,-0.11209592916631927,-3.0673870478213776,0.28762054443359375,-1.3115451846847894,-1.403942892914816,1.0527128246560973,1.7193238834238693,1.3923015499998073,1.2916833292749785,1.5131131896901617
937594.33229667,tracking,18.5,4.179637487393829,1,0.4,1.6525438496183074,nan,8.735997591387578e-09,0.30457822959663117,0.1566671698784932,0.16394810720753966,3.105793670375643,-0.1158472197805438,-3.06736470280883,0.2889813232421875,-1.317426909110284,-1.4027386114698823,1.052014676976333,1.7149082291784634,1.3917954162346378,1.2970240325250235,1.509779577795655
937594.382820704,tracking,18.55,4.286611421338677,1,-5.1,0.2873256658575963,nan,1.5193323477130717e-08,0.3051872835690992,0.15676975637458335,0.16386027774415698,3.11038552178721,-0.1213365494506966,-3.06712686088955,0.29028564453125,-1.3251062672715819,-1.40020780948598,1.051054740561414,1.7095849696335585,1.3904688956956692,1.3043543834254665,1.5041596421053154
937594.433382959,tracking,18.6,4.129571516834244,1,-1.1,-8.526000459949472,nan,3.178790674471643e-08,0.3061257823494621,0.157516706821921,0.1641881086333315,3.1149757884727007,-0.1253522726755225,-3.0669385457456233,0.29221641540527343,-1.3330475473260892,-1.3975200141558175,1.0496410014967454,1.703773020028624,1.3891250646096152,1.3107247979109906,1.4985745938252557
937594.483975655,tracking,18.65,3.8802356579999344,1,0.8,0.2732241153645019,nan,2.0473749929092594e-08,0.3066635487698941,0.15835609168843262,0.16411398395581167,3.1194760208839707,-0.12931508121055502,-3.066388666356307,0.29392784118652343,-1.3393307432859132,-1.3963506201211637,1.048558892566819,1.6989210068386087,1.3883395652460964,1.3167462051356598,1.4940192567806752
937594.53457845,tracking,18.71,4.0639392241627394,1,0.5,0.02511914445701491,nan,2.739337240789505e-07,0.3072041555446448,0.15881692105610304,0.16404452212735776,3.122922807795709,-0.13180428679077338,-3.0661870169471253,0.2951663970947266,-1.344008186266474,-1.3956001413259793,1.0480353150965094,1.6958317399741167,1.3878334314809269,1.3203939368807414,1.4903017502150335
937594.585126793,tracking,18.75,4.216657892570534,1,-1.3,-0.05595219583524566,nan,2.5623967736694972e-08,0.3080179315407743,0.15886787671928584,0.16393627143953107,3.1276721799131364,-0.1352636371493765,-3.066175661730516,0.2965400695800781,-1.3506579663503473,-1.39444832415452,1.0473197237116052,1.6923235578701554,1.387187748074637,1.3252633937758966,1.4844025820843991
937594.635716571,tracking,18.81,4.203230356796642,1,-3.0,-3.293148756776413,nan,2.6296878097509504e-08,0.30861529237409496,0.1600416619317633,0.1640213058101583,3.1313772827765463,-0.13753042866868959,-3.0659094078699556,0.2985758972167969,-1.3556320854763426,-1.393750176474756,1.0461678399611185,1.6890947413645434,1.3867339454248877,1.3293300407604476,1.4802136960058134
937594.686083939,tracking,18.86,5.088090494014414,1,-10.1,-3.8144260716427425,nan,3.2878845039729643e-08,0.309355749949808,0.16020106208816143,0.1641107014366954,3.135189925104973,-0.13951039777227936,-3.0659329202245904,0.2997500610351563,-1.3610950278204224,-1.393540718855021,1.0446319283814427,1.686180044709506,1.3867862765403076,1.3335187936809787,1.475606027845813
937594.736663191,tracking,18.91,3.6642787147311493,1,-4.5,-3.1413302002169337,nan,2.40305303956688e-08,0.30990004516579256,0.16101598932267172,0.1641867858410192,3.1391528914189757,-0.1417999508472394,-3.0660592721498277,0.30171539306640627,-1.3661390549250323,-1.3933661486455664,1.0426771681413245,1.6838412566401986,1.3864896003948728,1.338266144640154,1.4707365709506575
937594.787048844,tracking,18.96,3.7338032963493912,1,3.2,-6.881201288113459,nan,0.0003316092916711624,0.31069289047884197,0.1610781913229073,0.16442258483515132,-3.1399708992265194,-0.14305646134789396,-3.0667773045142748,0.30307167053222656,-1.3712005257347823,-1.3932264658463918,1.0407747390166264,1.6816944824854856,1.3859135586510887,1.3418441015646754,1.4661114590855169
937594.837588305,tracking,19.01,3.9162691098409526,1,3.6,1.7353066238587567,nan,2.1308009625663746e-08,0.3113653230799738,0.16160085316089312,0.1642289103607967,-3.1361571079129926,-0.14344767357641053,-3.0667682366731355,0.3044945526123047,-1.3745514481763745,-1.3944307472913255,1.0401987638518695,1.6809440036903014,1.3863324738905582,1.3431879326507294,1.4619924809855458
937594.888102159,tracking,19.06,4.320246581876796,1,-4.1,2.0359125225614005,nan,1.3117032877361297e-08,0.31224416096543617,0.16254802715097036,0.16397967049814596,-3.1314859717260473,-0.1429994924611726,-3.066789538055781,0.3067186737060547,-1.377989855459776,-1.3964379718049182,1.039413397646405,1.6817120593486803,1.3872400791900572,1.343711510121039,1.4560933128549114
937594.938669459,tracking,19.11,4.393369275260296,1,-2.4,-3.5171825356214383,nan,7.928736406594779e-05,0.3129311606922892,0.16304067125893168,0.1640500499194874,-3.1278053087095885,-0.14203888526302721,-3.066514084486878,0.3082225036621094,-1.3805205242856238,-1.3980435916261271,1.0378251549513091,1.6825323129644245,1.3880952202160817,1.3444271015059432,1.4509446235194612
937594.989016633,tracking,19.16,4.203854867527796,1,-2.7,-0.37563628468930665,nan,0.000329284177137539,0.31356517857204125,0.1634798544172949,0.16396806941659292,-3.124787142617478,-0.14106923911184,-3.066538008580586,0.3096392822265625,-1.3827021858506165,-1.3999634644559653,1.036551032106788,1.6840856016702133,1.38936940963963,1.3447412213565182,1.4462670473808459
937595.039608832,tracking,19.21,3.9642306986690174,1,-1.2,-0.39403277690707644,nan,0.0010816286321621207,0.314270010959635,0.16359015916696684,0.1638871200418489,-3.1212427269928935,-0.1395718625570932,-3.0667708768997346,0.3110803985595703,-1.3848489600053295,-1.4024768227347275,1.0347358880868172,1.6870353188935852,1.3909052546402787,1.3448634604505527,1.4402632170193712
937595.090008453,tracking,19.26,3.8382410157332205,1,-1.8,-1.0084662133561288,nan,1.7202651739684005e-08,0.3150286534123964,0.16480081528166107,0.1637939982647235,-3.1180201261651623,-0.13718975574735182,-3.066023736279524,0.3132425689697266,-1.3870480652754624,-1.406560780266364,1.0319782513570674,1.6901767837154427,1.3945878737956403,1.3453870379208623,1.4339450004912129
937595.140560351,tracking,19.31,4.2522533605367725,1,-2.3,-3.283450462217487,nan,2.503796156341502e-08,0.3158041410426367,0.16509697015022884,0.16384804964458344,-3.115358333311872,-0.13413377542665628,-3.0661466960814234,0.31466438293457033,-1.388863142716406,-1.4107322226398096,1.0287494348514554,1.6942085432897136,1.3980784790364071,1.345526720720037,1.428168071454613
937595.191037385,tracking,19.36,4.006097056105029,1,-0.5,1.0001472827822022,nan,2.16508436902714e-08,0.31636269461594024,0.16604366344268431,0.1636874495245872,-3.1125424317242096,-0.13137214903865768,-3.066295861289885,0.3167589569091797,-1.389823079131325,-1.4151129894749355,1.0260266855319855,1.6989907816591687,1.401185189606039,1.3453172631003023,1.4225480026062187
937595.241929494,tracking,19.41,4.193557184543017,1,-2.9,0.33870795880925725,nan,2.288397863317569e-08,0.31701839012856947,0.16633778153881013,0.16357530107743307,-3.110498075765995,-0.12827289298356503,-3.066312452624083,0.3181885528564453,-1.3906434659051239,-1.4189701788397517,1.0238450239669927,1.7044361471400538,1.4046410405945804,1.3441129816553685,1.416579059655024
937595.292493528,tracking,19.47,4.017406130861907,1,-1.6,-3.86987851044194,nan,1.2285799702506877e-08,0.3179182458303908,0.16659923481180997,0.1636526392733058,-3.1076584620869325,-0.12351199708814176,-3.0654606842735697,0.31953498840332034,-1.391673177140603,-1.4243457695000767,1.0204067498416458,1.7103877795441629,1.4096326034257158,1.34275157370612,1.4091962444811064
937595.343109449,tracking,19.51,3.981182549723508,1,-0.2,-3.615024543953601,nan,0.000612468440360437,0.3186244340666456,0.16793502108314626,0.16369317932696814,-3.105023489115629,-0.11882543778469556,-3.06475968891563,0.32178291320800784,-1.3918477473500577,-1.4296166979295615,1.0173349932613212,1.7161299543285373,1.4139610391454216,1.3410934896114366,1.4030876187307373
937595.393744351,tracking,19.57,4.083255348227395,1,2.2,-1.9817687765885244,nan,2.1447119959097376e-08,0.3195884351955588,0.16801203830876277,0.163684868918113,-3.1027385279070065,-0.11251083690786756,-3.0645593427507993,0.32323020935058594,-1.3916557334354631,-1.4359173375945256,1.0142631701019693,1.725048481345049,1.4196158622460415,1.3375505532552496,1.3952685777702645
937595.444191687,tracking,19.62,4.114271728114044,1,0.3,1.075598357983572,nan,6.92398318274944e-09,0.3203579783919375,0.16879929876827662,0.16351152773816394,-3.100610541772719,-0.10685326004534024,-3.064701085343391,0.3251640319824219,-1.3908354798197187,-1.44181650572516,1.0122560787464312,1.7330072051046965,1.424223530406042,1.3336759201852935,1.38936940963963
937595.494878928,tracking,19.67,4.175918226155492,1,-0.3,-4.201932223192232,nan,8.522964834690636e-09,0.3212316405630987,0.16913339686985226,0.16362396041981772,-3.0993548310815147,-0.1005527075134296,-3.064383596257956,0.326451416015625,-1.3899976493407797,-1.4470699904495048,1.0101441920019982,1.740843689770309,1.4293198886260723,1.3293300407604476,1.383382889825241
937595.545446237,tracking,19.72,4.286667749898827,1,0.2,-0.5587281420432882,nan,0.00014758860915411944,0.3217595793967846,0.1694077514182277,0.16359049159140093,-3.0972793401425633,-0.0937972719637552,-3.0645776650157526,0.3279607391357422,-1.387641417566332,-1.4536847499650436,1.0073866218512757,1.7505827367186744,1.4338577819655127,1.324984161335602,1.3773789263057117
937595.595984043,tracking,19.77,4.202798395836497,1,-1.0,-0.08952213383046616,nan,0.0005965392096848572,0.32232976089423304,0.16992612238724025,0.16351989559845637,-3.095240268999919,-0.08707266498963384,-3.0637001047354926,0.3294287872314453,-1.385459756001339,-1.4603169531857225,1.0050129463716881,1.7598678478592356,1.4392682600361177,1.320551063385056,1.3708339416107331
937595.646525878,tracking,19.82,4.0164327214607,1,-0.5,-0.7165046596170036,nan,1.9174645184196652e-08,0.32309723659553946,0.170670843933405,0.1634571797798377,-3.092766397815182,-0.0795677493158311,-3.0632835058751704,0.33161933898925783,-1.3835749037398357,-1.4675251981501853,1.002464767261673,1.7708982616201803,1.4452373361453668,1.3154372614598857,1.362665760231351
937595.697011183,tracking,19.87,4.282794371973222,1,-2.3,0.055121528467926145,nan,4.7563723040571736e-05,0.323648572504095,0.17131771638248108,0.16337999028960756,-3.0912926682593143,-0.07317958648597012,-3.0622404665813403,0.33305953979492187,-1.3816026997945774,-1.4737909504048694,1.000510007021555,1.7797122595639066,1.450962067224601,1.3111611568556,1.3565048033655618
937595.747609651,tracking,19.92,3.986920501173042,1,-0.3,-3.3088064360158485,nan,0.0007096260999866972,0.3244178943895678,0.17211255102342898,0.1634560443095598,-3.090187504287792,-0.0652271213542519,-3.061957230130429,0.3350414276123047,-1.3796828269647392,-1.4810515264847524,0.9978222116913924,1.790620567388871,1.4578037280650147,1.30609968604585,1.3494536849054133
937595.798009828,tracking,19.97,3.6600870830596315,1,3.0,-1.0898663921723732,nan,8.229963978088294e-05,0.32534130171829423,0.17252458025816778,0.1634395805905827,-3.089448906338686,-0.05651590279696461,-3.0607358136505134,0.33646926879882816,-1.3785134329300854,-1.4901271800055789,0.9943315398715983,1.8024364805133346,1.4676124166758855,1.3017712503261443,1.3410760459062967
937595.848630893,tracking,20.02,3.6626368910118554,1,2.7,0.6489405092758487,nan,2.2269961040615406e-08,0.3259712349618908,0.17376225675099252,0.163307842655731,-3.0885515600561253,-0.04929071407323882,-3.06014550069631,0.33849273681640624,-1.3770822501602769,-1.498400023615801,0.9914691743319811,1.8120008240941907,1.4753442391106582,1.2983329762007974,1.3354212228056768
937595.899114156,tracking,20.07,4.1952338260157465,1,-0.2,3.6509282291117215,nan,0.0007688153273439223,0.32682665205326256,0.1736442690487438,0.16309941147058507,-3.0871131726238437,-0.04014824040139531,-3.0597574065980915,0.3398841094970703,-1.3755113845912936,-1.508680091739616,0.9881181853113616,1.825684145775018,1.4852053919950035,1.2936206458099566,1.3265200063362506
937595.94981048,tracking,20.12,3.855217096902627,1,-1.2,-0.2065544860135041,nan,2.0830406268956635e-09,0.32741567756333767,0.17383663940504931,0.1630824115776999,-3.0864405258271557,-0.0324492574366817,-3.0596703822910385,0.3411510467529297,-1.3732250607954606,-1.516097661165759,0.9861110273767962,1.8364529039588622,1.492116827655977,1.2886638372310466,1.320585950795336
937596.000329251,tracking,20.17,4.200748628548579,1,0.7,-2.9207825204043454,nan,2.1500644104734632e-09,0.3282366088746791,0.17509894913638926,0.16314163368650791,-3.0859333796965687,-0.02406275962333604,-3.0583265431039,0.34315368652343753,-1.370886272726153,-1.5229743425745073,0.9853081508871645,1.8468725217237973,1.5000755514156243,1.2820490777155078,1.3138140647754826
937596.05099649,tracking,20.22,3.9640227202778213,1,0.6,2.1673587844739597,nan,0.0008221594674367364,0.32886569623713763,0.17536808834001533,0.1630076132981907,-3.0858546197577086,-0.017546762927880044,-3.058440756263538,0.34456321716308597,-1.3691933012211897,-1.5288386232948616,0.984732242301435,1.8570652381638575,1.5066904440892177,1.276847924106583,1.3077403264353933
937596.101925323,tracking,20.27,3.954148647116549,1,0.1,0.2304203559155077,nan,7.215631116727508e-09,0.32971279798145414,0.17593962672258212,0.1629602194078214,-3.085133375644195,-0.008433449760664846,-3.0577006906542876,0.34635093688964846,-1.366365956249907,-1.5362912132893394,0.9845402283868402,1.8696665174937854,1.51515516845598,1.2689939957358305,1.299816490086026
937596.152500668,tracking,20.32,3.685443904707695,1,2.4,-4.919749871716405,nan,0.0009186225749054616,0.3305834263200452,0.1762274585866032,0.16319742574982515,-3.0841362956793343,0.00028194659172209313,-3.057202030450246,0.34778747558593753,-1.3637653794454447,-1.542225268830254,0.9845227846817002,1.8803828114041554,1.5219444981809735,1.2611226236599378,1.2928525901515777
937596.203030966,tracking,20.37,3.679691749954843,1,5.2,-0.33028905726636865,nan,1.0775120924684504e-07,0.3313601070254746,0.17715394733644715,0.16317264415259142,-3.084420118253455,0.008922133560951506,-3.057465468755652,0.3499870300292969,-1.3607458874015128,-1.548543352200358,0.9852558197717445,1.8926350834732284,1.5296763206157462,1.252779872071101,1.286255274341179
937596.253621306,tracking,20.43,3.8975642514014197,1,3.8,6.217727741731515,nan,0.001191570967182652,0.3320122786507155,0.17718583385978132,0.16287028565575185,-3.084851113282462,0.017149699963957987,-3.057574875249303,0.3513601684570313,-1.357185507340186,-1.554826548160182,0.9870884074968552,1.905847158799166,1.5378619457002682,1.2438437681913945,1.279047029376716
937596.304027559,tracking,20.47,4.001176200951631,1,-0.7,8.300702390392173,nan,0.00012468793972102306,0.33248097387964826,0.17772906191209098,0.16243410442606782,-3.0846898409118215,0.02327978169702516,-3.056848397239589,0.35283477783203127,-1.354113684180834,-1.5597483361707574,0.9894620829764429,1.916179558038401,1.5447036065406818,1.236373734491777,1.272659171186052
937596.354631435,tracking,20.53,4.513330532804753,1,-6.7,-3.95762777518263,nan,4.638676872972775e-09,0.33320603173468033,0.17917483112355403,0.16258248912067977,-3.084954315905978,0.030646045413482037,-3.055346229363036,0.3550492858886719,-1.3514084451455315,-1.5635183070098735,0.9913295581118338,1.9260930420381663,1.5521910839454396,1.2282231299755895,1.265119362665874
937596.405130985,tracking,20.58,4.09735768046145,1,-2.4,-1.336283981875283,nan,2.703207686285059e-09,0.3339271019937823,0.17910105197666096,0.16268502747007044,-3.085237440895049,0.0382636814122177,-3.055111797236336,0.3565321350097656,-1.3485460796059143,-1.567043932818975,0.9935112196768267,1.9385546385689196,1.5596436739399173,1.219269582390743,1.255921470051013
937596.45566621,tracking,20.63,4.071144039525934,1,0.3,-2.9860061834607063,nan,2.815577913303794e-10,0.3347213103423801,0.1795528879065587,0.1628522413958197,-3.0850646855063513,0.04513494460396661,-3.05462220014385,0.35793113708496094,-1.346835664395811,-1.5709534532992113,0.9949772898569152,1.9472289537134713,1.5664678910751908,1.21214855595198,1.2494462601765943
937596.506033221,tracking,20.68,3.9118336221686403,1,1.2,0.3441651714690838,nan,3.5048871702844607e-10,0.3353770244037452,0.18089844710151978,0.1628027308337079,-3.085780594591897,0.05146826550011219,-3.0542849075131753,0.3601899719238281,-1.344688890241098,-1.5745312770656783,0.9972985676420556,1.9565315085591726,1.5737110234499339,1.204783317641257,1.2430932893962103
937596.556673438,tracking,20.73,4.157626089548385,1,0.3,0.06845152592231755,nan,0.00016707873310090054,0.3362067313059899,0.18131333919369994,0.1628318254480967,-3.0874254418821305,0.05906598060729795,-3.0532263955704817,0.36167755126953127,-1.34268179888556,-1.5784059101356345,0.9998641904572106,1.968417196504196,1.5840608663943088,1.196562805146455,1.2336684954564743
937596.607063237,tracking,20.78,3.959940621345516,1,-0.0,2.6183106104441403,nan,0.00010059142918851029,0.33682634618713936,0.1819999574875504,0.16270953887710152,-3.0883436820041847,0.06445474252642014,-3.053628582793986,0.36364891052246096,-1.3414775174406262,-1.5815300644104064,1.0019236795071962,1.9780165606533868,1.5913563298844717,1.1905065105115056,1.226582489586046
937596.657747058,tracking,20.83,3.963557078015627,1,-0.1,-1.326258864796305,nan,0.00028061345910115854,0.3376428687031516,0.18228242189675672,0.16282551985409316,-3.089025782407961,0.07090223297202125,-3.0534617638642354,0.3650780487060547,-1.3407793697608619,-1.5853349226598026,1.0033548622770048,1.9873540029093681,1.5998560748195687,1.1845199906971164,1.2189378856769737
937596.708366155,tracking,20.88,3.6931048886759257,1,1.1,0.7755172380344262,nan,4.5672858703305287e-10,0.3384631406551613,0.18266740904964726,0.1628353452364178,-3.0898572484817137,0.07669505394649723,-3.0532521778445147,0.36643959045410157,-1.3400288909656775,-1.5882321756096998,1.0058507102715997,1.9956793107930648,1.6078845733997762,1.1779925828653324,1.2119042109219653
937596.75883848,tracking,20.93,3.771902186261459,1,1.6,-0.9684660743720488,nan,4.3040349930174405e-09,0.33924391555680333,0.183324041021717,0.16292366712802003,-3.090764253786199,0.0824274022097351,-3.052531334096082,0.3677782440185547,-1.3388769406361638,-1.5904836119952528,1.008747963221497,2.0031319007875426,1.6156163958345486,1.1710461266360241,1.2052894514064265
937596.809402374,tracking,20.98,4.096649951974349,1,1.6,1.7708222881103048,nan,1.9591798410818157e-09,0.3399959318582463,0.18434483977578003,0.16286063673285073,-3.0924715989668674,0.087669883999963,-3.0519339480705576,0.3695475769042969,-1.3375679969603897,-1.5917402245556067,1.0127970999218807,2.01123017418831,1.6238543520344908,1.1634189664320918,1.1979591005059833
937596.859988836,tracking,21.03,4.421987541273299,1,-1.3,2.908104906571691,nan,0.0010524059911512834,0.34050916810812515,0.1848215213320805,0.16274268096867356,-3.093624048940632,0.09097699003717863,-3.0515555196446,0.3704948425292969,-1.3365208420197705,-1.5921242523847963,1.0162528843313947,2.01643119463918,1.6292299426948158,1.157676924805772,1.193124531021108
937596.910655622,tracking,21.08,4.3816302795609525,1,-5.7,3.7649663806797458,nan,0.00044334177581564505,0.3412764317936706,0.18507517905974685,0.16261696682299914,-3.0944242084104014,0.09482970333654994,-3.051570902946644,0.37137413024902344,-1.335490997626237,-1.5919496821753414,1.02113978493169,2.0215449965643506,1.6346578644705607,1.1498054195718246,1.1880107290959379
937596.961368586,tracking,21.13,4.103335329525037,1,-2.1,-3.2414814568543453,nan,8.257482123574037e-05,0.34193908227408726,0.18595449635869682,0.16281731266679153,-3.095655230019632,0.09820186628449079,-3.0515425048326574,0.37255378723144533,-1.334461286390758,-1.590535943110673,1.0251017031063738,2.024826277343437,1.6384278353096768,1.1428240759322363,1.1843978847611365
937597.011939585,tracking,21.18,3.7279544273737235,1,0.7,0.6295277026731598,nan,2.2564185184100476e-09,0.3426107357775029,0.18647270257327886,0.16283745478789624,-3.0971732598719273,0.10107451944143087,-3.0517128543366674,0.37328758239746096,-1.3338853778050281,-1.589558562990614,1.0291508398067575,2.027653755472774,1.642546813409648,1.1365059925621324,1.181465744400959
937597.06250828,tracking,21.23,4.019334064610352,1,1.9,-0.7978864007275261,nan,1.5376986434832335e-09,0.34338800311144546,0.18699158906259677,0.16294444491862736,-3.0986569086674915,0.10405501237400894,-3.051648552863366,0.3738694763183594,-1.3339028215101683,-1.5888429716057095,1.032763684141559,2.0296957342385924,1.647014798770474,1.1307465072306726,1.1787430616605166
937597.113130132,tracking,21.28,4.005322583909348,1,1.0,3.1247670021985097,nan,5.2596249958682585e-09,0.3440368675980718,0.18796231836178479,0.16282596116636738,-3.1005441726244767,0.10637454392386081,-3.051295025774162,0.3746502685546875,-1.3336410327750134,-1.5881972881994197,1.03686521853639,2.031388705743556,1.651657487498809,1.125283564886593,1.176648618621224
937597.163716882,tracking,21.34,4.08719115879857,1,-0.4,1.66808742760017,nan,2.305949901412592e-10,0.344716030901058,0.188762380648883,0.16279367077176732,-3.1025873230149332,0.10833898810666431,-3.050751541271144,0.3750382232666016,-1.3339028215101683,-1.5873594577204808,1.0404605525870243,2.031877395803585,1.6560033669236547,1.1206933404317325,1.1752348795565553
937597.214350978,tracking,21.39,4.024170253471672,1,-0.4,0.952862584567855,nan,1.0803362128758306e-09,0.34525310225735584,0.18938326301808614,0.1627890912858283,-3.10470360033842,0.10969257609207728,-3.0504366819536757,0.3752632141113281,-1.334216941360743,-1.5862948590747217,1.0433578055369215,2.03201707860276,1.6594067536387216,1.1171678477806857,1.174397182235671
937597.264978386,tracking,21.44,3.815222175367144,1,0.4,-2.411277782882412,nan,4.6260160312750453e-10,0.34594648854993065,0.18993218713759896,0.16297785649032762,-3.1070466767885225,0.11114889222642121,-3.0504514049887614,0.3753581237792969,-1.3353165605748367,-1.5850556902195079,1.0456616396169218,2.031126917008401,1.662530774755439,1.1141134683264737,1.1742923868467763
937597.315518943,tracking,21.49,3.778637644624316,1,1.5,-0.5723796854455735,nan,1.5832196725292098e-09,0.3467688525372281,0.19071451817861323,0.16308362904445964,-3.1081052182182614,0.11218556755922382,-3.049551918870751,0.37535858154296875,-1.3367301664814508,-1.5836768385651194,1.0486112902612663,2.0281947766482236,1.6649393376453068,1.110692637906267,1.1746066398554056
937597.366010478,tracking,21.54,3.830606000367043,1,2.1,0.9950285172305512,nan,0.0005189494867770044,0.34734188942155075,0.19139628310989718,0.16308407019428312,-3.109008094531442,0.11246585081691074,-3.0489595994233043,0.3753609466552734,-1.3379518916315247,-1.5826820147399203,1.0507231104266719,2.0254196296343068,1.6663705204151154,1.1086854799717014,1.1755665762703247
937597.416629974,tracking,21.59,3.7728070706913663,1,3.0,-0.0926404596477948,nan,2.3013658177335796e-09,0.3481545629544602,0.1921599730234697,0.16316753744902823,-3.111100874460799,0.11292061134721965,-3.048921499732621,0.3753612518310547,-1.3399242287348374,-1.581093705465797,1.053288733241827,2.0220861508978545,1.668464963454408,1.1061896985561337,1.1770849775658334
937597.467159883,tracking,21.64,3.9596255769336386,1,1.2,3.127216036401551,nan,3.1361587718721306e-10,0.34878608691565405,0.19292782801256525,0.16306728392463393,-3.1130961946153133,0.11263515633051924,-3.0490341323934005,0.3754253387451172,-1.3417044187655007,-1.579697543264323,1.0557147398368347,2.0189096655076626,1.6700008084550568,1.104461773061863,1.1789525192802515
937597.517817815,tracking,21.69,3.8449387872177807,1,0.3,0.08157480866155967,nan,0.0002569143745540409,0.3492924703827374,0.19361669960520678,0.16310996214742515,-3.1151137550608934,0.11199431416804306,-3.048975394361601,0.37554580688476563,-1.343589404185059,-1.5777078956139248,1.0572680951216507,2.0161694059040256,1.6711353150794306,1.1037811356662661,1.179877435126836
937597.568427177,tracking,21.74,3.843716135601559,1,0.2,0.9160792598966351,nan,3.8298151374327177e-10,0.35003029322050727,0.1942275724933704,0.16313821436138493,-3.117688346048894,0.11066070741962353,-3.049582056695345,0.37574623107910154,-1.346870551806091,-1.5747930658008331,1.0590832391416214,2.0126962443683984,1.6722698217038043,1.103484392941804,1.1807327093109148
937597.618997826,tracking,21.79,3.8778028415215307,1,0.3,-0.14060701072801912,nan,2.1905655419024048e-10,0.35059645438822884,0.19495938376528546,0.16319970582008891,-3.1195879841850602,0.10945911419451138,-3.049946365772166,0.37619384765625,-1.3495583471362536,-1.5722449532698453,1.0603398517019753,2.009938674217676,1.672967836225514,1.1035019032259712,1.1810642728666296
937597.669599425,tracking,21.84,3.6702925209651123,1,3.6,-3.3224784646256333,nan,7.62118286989934e-11,0.3512454803944817,0.19555564784680146,0.16343441927143043,-3.121675318530183,0.10857545655147605,-3.0505541378901255,0.3766294860839844,-1.3526127265904653,-1.5695222705294027,1.061125284486467,2.0073555411183537,1.6737882229993128,1.1036938505615388,1.1810642728666296
937597.720042013,tracking,21.89,3.8261393018612955,1,3.8,4.069276679204652,nan,0.0007112494279866296,0.35187211246428446,0.19636518104413514,0.16328917548398839,-3.124194545473909,0.10627320261297069,-3.0510281973636832,0.37731208801269533,-1.3564699159552815,-1.5664678910751908,1.0626087983716954,2.0047898517241713,1.6752891805896817,1.1048632445961926,1.1803486814817254
937597.770442817,tracking,21.94,4.044888954101102,1,0.9,4.127866898865108,nan,3.743846399837735e-10,0.3523486220434961,0.19688745819574052,0.16312699893475252,-3.126428200063302,0.10390001630020018,-3.0515085914855145,0.3778104400634766,-1.3599605211960486,-1.5637626520398884,1.0636211324810618,2.0027653166634933,1.6764585746243355,1.1065212621118485,1.179528427865981
937597.821012617,tracking,21.99,4.425734704805235,1,-2.3,1.2648598947876055,nan,6.038870716195112e-10,0.3527243526981114,0.1976946828691399,0.16309762372983844,-3.128318804641486,0.10110475189673984,-3.0511178542165505,0.3783582305908203,-1.36355592182571,-1.560743293154011,1.0638305235217693,1.999868063713596,1.677069370620345,1.1093312965360456,1.178585935156202
937597.871745751,tracking,22.04,4.108585387447384,1,-0.8,-1.746156413450672,nan,4.082825899427896e-10,0.35334225299640365,0.19855026114111313,0.16324528068018115,-3.1307291167889906,0.09736310581306618,-3.0510663709115375,0.3791712951660156,-1.3688966250757548,-1.555769040869961,1.0639526960367767,1.9960283180539198,1.6772613845349398,1.1129615845759873,1.1766660623263638
937597.922284843,tracking,22.09,3.8663120817237613,1,-0.7,1.3143072424980453,nan,1.6637297680884324e-10,0.35377346365933204,0.19907374868726493,0.1632190314815962,-3.1323802599467285,0.09398243304555631,-3.05100176673351,0.3796617889404297,-1.3732425045006007,-1.552278435629194,1.0639701397419168,1.9928169452534477,1.67727882824008,1.116417302406474,1.17544433717629
937597.972849782,tracking,22.14,3.9006528804452874,1,-0.1,0.29656859038453515,nan,1.5695301049201402e-07,0.35437438119820547,0.1997818938269606,0.16325922413765898,-3.1346512411081484,0.08999588088915611,-3.0509463098359078,0.3801493835449219,-1.3787577779601004,-1.5481420138240831,1.0638829212162166,1.9880870379994124,1.67727882824008,1.1206933404317325,1.1748684285905604
937598.023446872,tracking,22.19,4.079188925657878,1,-0.6,-0.6073166297772787,nan,1.5451521894821755e-10,0.35485261472352286,0.2007780404552718,0.16333438135779177,-3.1360794640873815,0.08724679228282706,-3.050906172170384,0.3810173034667969,-1.3829639745857714,-1.545384310515306,1.0635512910814746,1.9845266579380856,1.6772962719452198,1.1239920649159592,1.1744495133510908
937598.074042453,tracking,22.25,4.2555758568078605,1,-0.7,0.5130917110915407,nan,1.791256911684707e-09,0.3553082345425693,0.20149279743759638,0.16334883440986814,-3.1374532589377857,0.08329478136117396,-3.050563805554538,0.3817166900634766,-1.3883221215409565,-1.542120606599414,1.0626262420768355,1.980599693752709,1.6772613845349398,1.1292105290719694,1.1730532179915623
937598.124767249,tracking,22.3,3.9635744630555894,1,-0.1,-2.28587265833192,nan,0.00025910729255874135,0.3558625406955811,0.20209634747762842,0.16351185249534173,-3.1389031952885857,0.07939859274055339,-3.0504724584133007,0.3824655151367188,-1.3943260850604855,-1.5385949807903125,1.0612125695911943,1.9766028215887181,1.6772090534195196,1.1349003727409237,1.171307915371179
937598.1753526,tracking,22.35,3.990133383891656,1,0.1,2.6962998955922965,nan,1.4902331485779008e-10,0.3561954099397671,0.2026890258413364,0.16340306487888415,-3.1397919790816355,0.07518563098142739,-3.050115128913378,0.38325355529785154,-1.3996144571951104,-1.53583741063959,1.0600257318514004,1.9734088924933861,1.6771567223040997,1.140729766050998,1.1693182677207807
937598.225943288,tracking,22.4,3.9805416916639467,1,0.1,-0.19105884735329998,nan,1.0511647871118114e-09,0.3565364394356671,0.20377774553489494,0.16344382830826126,-3.141466437566292,0.07093993080506444,-3.0500178448411734,0.38459411621093753,-1.40514717435975,-1.5324165802193832,1.0585771053764519,1.9703894004494544,1.6771567223040997,1.1468558355065075,1.167206380976348
937598.276518663,tracking,22.45,3.8638967083620366,1,0.7,-2.062615369383802,nan,2.2012713444777875e-10,0.3570135504559807,0.2043563681231034,0.16358433157316218,3.1406454348679156,0.06705413137614924,-3.0499016886173416,0.38565261840820314,-1.4110114550801045,-1.5287514047691617,1.0572157640062305,1.9675794991833118,1.6771567223040997,1.1525106586071272,1.164047339291296
937598.327239045,tracking,22.5,3.9319258297690602,1,0.6,-0.16370240764703034,nan,0.0005804139439923915,0.3574671031071368,0.20539694001236122,0.1636292635656484,3.1395875118756966,0.06322268639954709,-3.0500867362717785,0.38742271423339847,-1.416579059655024,-1.5248243074257308,1.0565001726213263,1.9657642885843138,1.6772090534195196,1.157380248660337,1.1601378188110596
937598.377923135,tracking,22.55,3.94592386633191,1,0.3,0.7984343343900274,nan,3.0528042799471855e-07,0.35798944329397386,0.20584769052153637,0.16362304635263944,3.138425194132143,0.058769797699484094,-3.050186415030332,0.3887250518798828,-1.423141488055143,-1.5206006670949197,1.0556624087214146,1.9637746409339156,1.6775755043855147,1.1632270856755516,1.1554603758304989
937598.428466976,tracking,22.6,4.111614846753511,1,0.1,0.4536632891445299,nan,1.0748523299072319e-10,0.35826543604313915,0.20643182110941952,0.1636206048355392,3.137227004087314,0.05509144743791228,-3.0503779764820793,0.38999649047851564,-1.428185515159753,-1.5175288439355676,1.0544406835713407,1.9625354720787016,1.6777849620052494,1.1686201200410165,1.152039545410292
937598.479015114,tracking,22.65,4.024165323953926,1,0.3,-1.4851925552748262,nan,0.0003809689725087789,0.3585245213539612,0.20788357153102213,0.16372424458391843,3.135816814371161,0.05174299653049541,-3.0505358401384006,0.39206748962402344,-1.4329152892557337,-1.5143174711350957,1.0531665607268195,1.9613311906337678,1.677924644804424,1.1736990345559066,1.1488280394517656
937598.529656256,tracking,22.7,3.97091320376615,1,0.2,1.4018028994372345,nan,0.0004019400084122533,0.3587777113894526,0.20838499052320508,0.16367068471244922,3.1347036589796806,0.047750432348055094,-3.0504001912506604,0.39339920043945314,-1.4382385488006386,-1.5108443095994688,1.0521368494913403,1.9605807118385836,1.6783784474541736,1.1793538576565263,1.144133152766065
937598.580011467,tracking,22.75,4.1852518806380505,1,-0.2,1.4072603453718047,nan,8.794608444300925e-11,0.35908610877236563,0.2089328066264248,0.16361972074101838,3.1333005663668594,0.0437197876476505,-3.0505913577691635,0.3945975494384766,-1.4438235970806983,-1.5078248175555369,1.0509151243412667,1.9588354092182,1.6786751235996085,1.1853054900606355,1.141026442196433
937598.630545829,tracking,22.8,4.002398419818832,1,-0.1,0.010952025503047044,nan,1.3071990204730356e-10,0.3592928721465346,0.2103911263246217,0.1636463741195237,3.1321750938431054,0.040376676839252834,-3.050154594156598,0.3963194274902344,-1.4483091593047186,-1.5054511420759493,1.0495886703813253,1.9567060787686272,1.6788845812193431,1.1906461933106802,1.1388796680417201
937598.681034057,tracking,22.85,3.8155451435885226,1,0.3,-2.3935548847356944,nan,5.579181184691058e-11,0.3594927031264906,0.21102463519156642,0.16378379653620792,3.1307526675192126,0.03701257126535906,-3.0502708890641346,0.39739326477050785,-1.453178616199874,-1.5030950434595562,1.0475291813313399,1.9547687622336491,1.678902024924483,1.1967373753559096,1.136942351506742
937598.731751627,tracking,22.9,3.9774315769303854,1,0.9,-0.2396507371929185,nan,1.6942323198928214e-10,0.3595579737570783,0.21193861769117836,0.16381188468468955,3.1295281769329044,0.033979517951503224,-3.0500103421901237,0.3984333801269531,-1.4569135664706556,-1.5014718467751529,1.0458362098263765,1.952744227172971,1.678902024924483,1.2020780786059544,1.1359998587969629
937598.782288658,tracking,22.95,3.8193810668347146,1,0.6,0.43197616203534045,nan,4.975880262814968e-08,0.35969275213012386,0.21308411235581678,0.16381255250821974,3.1283087022170775,0.0315127166450746,-3.0502864685829905,0.3997776031494141,-1.4602471783651623,-1.5001278825310445,1.0446493720865826,1.9510512556680075,1.678936912334763,1.2062319441162055,1.1355460561472135
937598.832857137,tracking,23.0,3.959687120937155,1,0.2,2.667036502921918,nan,1.2751042852578983e-06,0.35974842552496833,0.21391222492540676,0.16369303794740597,3.1273000577262935,0.028115376243759815,-3.0499128397966655,0.40060882568359374,-1.4640345929094185,-1.4988189388552706,1.0432705870112213,1.9484157914532652,1.678832250103923,1.2116424221868105,1.1352144925914984
937598.883425983,tracking,23.05,3.9313508046286865,1,0.0,-1.3581965572750054,nan,4.0629114850118026e-11,0.35963394629705686,0.21468093529698418,0.163772237667675,3.1266503404064494,0.026204300399133906,-3.049656176169316,0.4013698577880859,-1.4660940153803768,-1.498382579910661,1.041280872781796,1.9470892709142966,1.6785530176636283,1.2159185267910964,1.1352319362966385
937598.933770403,tracking,23.11,3.927048172898415,1,0.0,1.8502535849377328,nan,8.909330363128694e-11,0.35938746200354477,0.2160955584045047,0.16369844970222908,3.1261821961981826,0.023942061796504488,-3.048950005030622,0.4026425170898438,-1.4676997683596402,-1.4980684600600862,1.03962285526614,1.9457977709436627,1.6782213209498589,1.220194631395382,1.1352144925914984
937598.984298568,tracking,23.16,3.9438157883419427,1,0.0,-2.0953263760962697,nan,3.0020886603405595e-10,0.3593642963592081,0.2166407730276961,0.16381381291015792,3.125605255832974,0.022289475422472727,-3.0493107763475042,0.40341148376464847,-1.4700908875443677,-1.4978241150300715,1.0374586374062869,1.9447680597081836,1.677959532214704,1.2243659406107732,1.1352144925914984
937599.034927223,tracking,23.21,3.9782180939804137,1,0.0,0.9529611382866638,nan,3.192222969640512e-11,0.35921283986174346,0.21740323932575462,0.1637762577027755,3.1256435434350642,0.0206810829838755,-3.048713519436423,0.40407661437988285,-1.4714347186304217,-1.4978590024403515,1.0360100109313384,1.9435637782632498,1.6776628560692692,1.2276995525052798,1.1352144925914984
937599.085317309,tracking,23.26,3.7845973347096216,1,1.2,-2.213518366250722,nan,2.8831121801333713e-10,0.3591296348570135,0.21863476617595337,0.1639082470372985,3.1255528531934704,0.019847657348368575,-3.048370157607354,0.4052245330810547,-1.4724469861607608,-1.4978764461454914,1.0344740993516623,1.9425863981431906,1.6774010673341144,1.2302651087414076,1.1354239502112333
937599.135971764,tracking,23.31,3.8297432283455057,1,1.4,-2.021361930030322,nan,2.787319669851255e-10,0.3587874779463779,0.21932902831968598,0.16401667575547338,3.125872912183726,0.01943066684153072,-3.048223686614266,0.40597076416015626,-1.4726215563702156,-1.4992204103895999,1.0317863040214998,1.9429877365194657,1.6771392785989596,1.2335463895204943,1.135668295241248
937599.186535393,tracking,23.36,3.888375889951228,1,2.8,-0.2442055632924459,nan,4.1316844714384756e-10,0.35833478641873784,0.2198278555781811,0.16402960841490538,3.1261035700508697,0.019222556720096984,-3.048431142650354,0.4066071319580078,-1.4723423239299207,-1.5012972765656982,1.0288890510716027,1.944296813353294,1.6771043911886796,1.2368624245518065,1.1361220978909976
937599.237106215,tracking,23.41,3.906183304452189,1,0.2,5.717954229966161,nan,3.78242081207665e-10,0.3580322671491841,0.22061892971103644,0.16374772713750824,3.1273046597465153,0.01922470372482077,-3.049317026454275,0.4077071380615234,-1.472115422605046,-1.5045611136396448,1.026777230906197,1.945553425913648,1.6771043911886796,1.2390965503902738,1.1372041402418966
937599.28766915,tracking,23.46,4.008411644088408,1,-0.5,-1.5138402078799624,nan,8.210870629015787e-09,0.3576496108766659,0.22151446357325671,0.1638314210370338,3.12749046283144,0.020067052427814813,-3.049764149972764,0.4084942626953125,-1.4709634722755323,-1.5073186837903674,1.0241592103965949,1.9465831371491271,1.6771567223040997,1.2409814026517774,1.139141456776875
937599.338081453,tracking,23.51,4.0550959055436895,1,-1.4,1.6341022405840728,nan,2.5221173622227663e-10,0.35677584527360895,0.2226458216416332,0.16375041400573093,3.1273742673719083,0.02064846666944109,-3.0497800084199316,0.40968765258789064,-1.4682582332402296,-1.5099890354153898,1.0214539713612922,1.950300776872823,1.6772613845349398,1.2431456205116305,1.1394032455120298
937599.388630994,tracking,23.56,4.090646008122694,1,-1.3,-1.5451847274975299,nan,2.2221298745039095e-10,0.356267393661585,0.22311467816954553,0.1638253269331119,3.1278260636584174,0.022162923135687018,-3.050013491460993,0.41034095764160156,-1.466146346495797,-1.5126419433352722,1.019150137281292,1.9535121496732952,1.6776628560692692,1.2440183384008494,1.1393509143966096
937599.439040411,tracking,23.61,4.126889310749414,1,-0.3,-2.7449992900348263,nan,4.1026121656095395e-10,0.3557661972796396,0.22364889883756592,0.16396027716991965,3.1289262368325117,0.024303322904628555,-3.049975217262027,0.41095245361328125,-1.4635807902596691,-1.515992998934919,1.0165844478871096,1.9565838396745927,1.6780467507404042,1.2445070284608788,1.1395778157214844
937599.489756104,tracking,23.66,3.779656219235112,1,1.8,-0.04193261787229978,nan,0.00048444044285744466,0.35519035666594684,0.22436966909209743,0.16395803669672548,3.1297217484460726,0.02662824092924221,-3.0499402680063645,0.4115770721435547,-1.4604566359848972,-1.52007708962461,1.0142631701019693,1.9599174515690994,1.6788845812193431,1.2447164860806137,1.1405726395466835
937599.540368452,tracking,23.71,4.102685758169656,1,1.9,2.040575734713149,nan,6.869531663555566e-10,0.35464062315913497,0.2252760185006548,0.16385133368149485,3.13090465644666,0.02926236905668933,-3.050103149988046,0.4126163482666016,-1.4574022565306852,-1.5248942154043454,1.011924448611689,1.964176112468245,1.680228412305397,1.2448211483114537,1.1408867593972583
937599.5909154,tracking,23.76,3.9630618915040814,1,0.6,2.6604797777180877,nan,4.2636317148527297e-10,0.35391525061228607,0.22554688597003184,0.16369764226313432,3.1315248646816656,0.03212627924828504,-3.0505449045918613,0.41313392639160157,-1.4536847499650436,-1.5300254610346555,1.009428600617094,1.9698832666842847,1.6818864964000804,1.2449433874054883,1.1409915547861529
937599.641503347,tracking,23.81,4.2561115161937675,1,-2.6,3.4851852708565874,nan,0.0004494602438309517,0.3530814497924004,0.22645061195569524,0.1635042190423947,3.1321873531090363,0.0351232828984156,-3.0501116935775316,0.4138068389892578,-1.449094525510183,-1.5355231576309607,1.007212051641821,1.9748924063786149,1.683631799020464,1.2447164860806137,1.141986378611352
937599.692009295,tracking,23.86,4.053246137745497,1,-1.0,-4.167012652596658,nan,2.260585139710355e-10,0.35245901479919073,0.22701291336858467,0.16369739931346317,3.132865226559493,0.039954542977008956,-3.0503875822883963,0.41434890747070313,-1.445010434820492,-1.5425744092491633,1.0032152460568573,1.9806171374578492,1.6863371712138209,1.2448910562900684,1.143260434876846
937599.742548502,tracking,23.91,3.9105673952720332,1,1.7,-2.034448212626716,nan,0.00026364704258600096,0.35184030428257923,0.22770039039832388,0.1637825487609608,3.1333213536685482,0.04373231117238596,-3.0504105747171257,0.4150568389892578,-1.4414150341908305,-1.5482990071703433,1.0000562043718053,1.9859053764344194,1.688658382419934,1.245170288730363,1.1437840123471554
937599.793104244,tracking,23.96,3.8389645128642225,1,3.8,2.429751248511522,nan,9.063702057854257e-10,0.35090796660817525,0.22819209510935937,0.1636214056858788,3.1344097940802538,0.04796925228365234,-3.0497617548480136,0.4154243469238281,-1.4362140137399604,-1.5556643786391209,0.9969146063918934,1.9925551565182928,1.691416085728711,1.245170288730363,1.144272702407185
937599.843787056,tracking,24.02,3.791265857639418,1,1.3,3.6859182212837753,nan,0.0003885119756841595,0.35023601330221615,0.22880138572691358,0.1634063329462207,3.1355890271087254,0.052252249020583674,-3.048787887309116,0.41573745727539063,-1.4319204654305346,-1.563326293095279,0.994244254766871,1.9981053173880725,1.695011353200318,1.2450654933414684,1.1449708500869493
937599.894460686,tracking,24.07,4.292440752453041,1,-1.5,2.2407093465264825,nan,1.1035730762075068e-09,0.34962653820675826,0.22910567219494868,0.16326179478310043,3.1367037526550234,0.056243728844483476,-3.048934638785685,0.41616241455078123,-1.4278887058562637,-1.5698712777902575,0.9919229769817306,2.0037775841938323,1.6973675849747656,1.2443673456617041,1.1456515540615735
937599.945021597,tracking,24.12,4.283435983211346,1,-1.6,-0.8230137164532324,nan,0.000645732703834839,0.3488055651395455,0.22947169704751738,0.1632577985203573,3.137419883184624,0.060603740681498985,-3.049334683061891,0.41642662048339846,-1.4226004668796932,-1.5765210578741309,0.9892177379464281,2.009275413948192,1.6987289929240141,1.243302747015945,1.1480950043617213
937599.995741565,tracking,24.17,4.044966882637791,1,-1.3,-0.006280097923198425,nan,3.553959682346326e-09,0.3480393964483493,0.22998880643048336,0.16321388438937345,3.137845874733743,0.06481799205151617,-3.0494284186592915,0.4167497253417969,-1.416893179505599,-1.581931535944736,0.987978502512187,2.014581229787957,1.6999856054843678,1.2407370576217627,1.1500846520121195
937600.046382764,tracking,24.22,3.725728088918525,1,0.5,-3.699964892557438,nan,1.1908568397887005e-06,0.3474118133364884,0.230228665622024,0.16336065644958375,3.138620853561469,0.06949470086555731,-3.0498741098775186,0.4170556640625,-1.4110463424903845,-1.5862425279593018,0.98733275252687,2.0200091515637015,1.7005091829546775,1.2366879875004062,1.1513413977305278
937600.097016661,tracking,24.27,3.7632787864559045,1,1.3,1.3512461382317027,nan,0.0004951040906490723,0.3464411139223055,0.2307740551517767,0.1632254578854697,3.1400562781128127,0.07368097923348804,-3.0491695696578094,0.417369384765625,-1.4039254492096762,-1.5913039987690518,0.9869662349818479,2.0256639746643215,1.700893210783867,1.23290057295615,1.1526154539960218
937600.147670728,tracking,24.32,3.5648451229044236,1,4.9,-2.152938155187304,nan,0.001209795314735419,0.34587870322310593,0.23090872996468453,0.16329176610640994,3.141238500298043,0.0787301973366783,-3.0495801752325264,0.41747383117675785,-1.3978166903012523,-1.5963478927156074,0.9867917313514204,2.0306905580637915,1.7015388941901566,1.2281183345866948,1.15462254535156
937600.198027121,tracking,24.37,3.653021922660235,1,3.6,0.5887498542000654,nan,0.00012036537053902877,0.3451318041809396,0.2312882215246808,0.16320258651323125,-3.141129851129126,0.08334167040576346,-3.049881748802339,0.4175029754638672,-1.3908354798197187,-1.601514158914252,0.9871058512019953,2.035106212309197,1.7016611332841913,1.2231267717555592,1.1582179459812214
937600.248598629,tracking,24.42,3.9446034762796005,1,1.7,0.8010925629342037,nan,8.131258554630343e-07,0.34436832179904303,0.2317461395118377,0.16309840976749002,-3.1404443131261286,0.08730278070985542,-3.049669453213841,0.4175038146972656,-1.3841682560307054,-1.605894925749378,0.9876294952513321,2.038980845379154,1.7016960206944713,1.2185714347109786,1.1613421002559934
937600.299029767,tracking,24.47,4.049936413554845,1,1.9,0.808550136992049,nan,1.304435375305035e-06,0.34336700572768136,0.2326456520307988,0.16297310495939293,-3.140471738755391,0.09091760969929785,-3.048809524982765,0.4174969482421875,-1.376192088565918,-1.6094553058107048,0.9888512204014059,2.0423667883890806,1.7012073306344417,1.2133878579652484,1.1653913035354044
937600.349683312,tracking,24.52,3.9874568009588467,1,-0.3,1.3772717597495976,nan,4.1811010273012765e-10,0.3425466411302969,0.23299531462624562,0.1628283268819407,-3.1400482555198743,0.09415011796441486,-3.048756953328128,0.41733718872070313,-1.3691584138109096,-1.6124747978546368,0.9903172905814946,2.0454909426638523,1.700090267715208,1.2080994858306235,1.169056478985626
937600.40013509,tracking,24.57,4.061158593272786,1,-0.3,-0.977185277968868,nan,9.9420533250553e-07,0.3418839515538408,0.23286615989415219,0.1628125720383542,-3.140541259299529,0.09698255745651596,-3.049839871317201,0.4167247009277344,-1.3627879993253855,-1.6143423395690548,0.9919928183813179,2.0473584843782704,1.6980134015391097,1.202566768665984,1.1742749431416362
937600.45069145,tracking,24.62,4.106492790056283,1,-3.2,1.0706559623405711,nan,0.0007857350783197373,0.3410002821103497,0.23325385259188627,0.16267326844409258,-3.1396812061741164,0.0991293342382753,-3.049427625948632,0.4162591552734375,-1.3555971980660626,-1.6160876421894381,0.9939126246321288,2.048091519468315,1.6949241346746178,1.197191178005659,1.1794236324770864
937600.501109162,tracking,24.67,4.352013643953123,1,-3.7,-1.9611361772581517,nan,6.94458114648745e-05,0.3398459466419941,0.23316129777780217,0.16265612854254924,-3.13876808564748,0.10064754384336916,-3.049975863195426,0.41542816162109375,-1.34781304451587,-1.617309367339512,0.9948725610470479,2.048213625404295,1.689234424163718,1.1925486224353785,1.1864573072320947
937600.552010379,tracking,24.73,4.239997977755762,1,-1.8,-1.770172073805101,nan,0.0005653963356848478,0.33888642169138034,0.2335346242329286,0.1626505596847348,-3.138725149345631,0.10216406033280645,-3.0502633858653407,0.4148284149169922,-1.3409713836754564,-1.6184787613741658,0.9960070676714217,2.0476900479339855,1.6848536573285922,1.1882725178310927,1.1935783336708576
937600.602677797,tracking,24.77,4.156692498802909,1,-2.5,-1.0250525063286626,nan,1.07844923500904e-06,0.33821150159061625,0.233745286545401,0.162634206725639,-3.1384247021623826,0.10327065850963324,-3.0505546179049863,0.4142386627197266,-1.3358052506348663,-1.6192815712847701,0.9971589514219081,2.046590561877946,1.681083686489476,1.1846596734962913,1.1995822971903867
937600.653294868,tracking,24.82,4.148971170984009,1,-1.5,-2.9995943963141456,nan,0.0011863805504161184,0.3373789046295364,0.2338944801832538,0.16270083057603033,-3.13807817468364,0.10435609423945014,-3.0506797438439053,0.41340858459472657,-1.3298361745256173,-1.6197528176396596,0.9982236166466946,2.045019696308963,1.6763014481200207,1.180819927836615,1.2064588454410803
937600.703972233,tracking,24.88,4.202377307122531,1,-1.7,-0.27256597454882137,nan,1.814588038344004e-07,0.3365126044053559,0.2341733408341128,0.16262550590682717,-3.137872362141233,0.10456478516158962,-3.0506896005939197,0.41281173706054686,-1.324984161335602,-1.6205905149605442,0.9985028490869894,2.0436059572442944,1.6721475826097696,1.1790571815110915,1.2126198023068695
937600.754657397,tracking,24.93,4.307501451025721,1,-2.0,-1.3952398070763037,nan,3.7675488503972767e-07,0.3357109061605122,0.23444971272416706,0.16261372381376474,-3.137557211845518,0.10480687811291323,-3.0505619024754926,0.41223236083984377,-1.3200972607353065,-1.6206429792340187,0.999288281871481,2.0420352248333655,1.6677842594797838,1.1765788438006637,1.2182747585655438
937600.805138318,tracking,24.98,4.24732385064554,1,-2.7,0.24920913409716314,nan,0.0009482305157600074,0.33467215154353624,0.23481210178944345,0.1624944692231634,-3.1368759948356497,0.10394583431854199,-3.049899335135644,0.4114134979248047,-1.3140235223952172,-1.6190546699598956,1.0012779295218792,2.0390333096526283,1.6613615138788398,1.173175457085597,1.2249244054913626
937600.855697245,tracking,25.03,4.080807331582709,1,-2.5,-3.807449347381983,nan,1.6510935085554342e-08,0.333749727182255,0.235235636098019,0.16259505012823114,-3.1372825483047184,0.1028617858646681,-3.049563637497869,0.41080551147460936,-1.3091016012265873,-1.616471536860573,1.0025520523664004,2.0362756063438514,1.6554971000004308,1.1708017816060095,1.230649136570597
937600.906040432,tracking,25.08,3.860776028098603,1,0.1,-5.334926037181998,nan,5.435142427627715e-07,0.33292037439659583,0.23535540222728263,0.16278200603223453,-3.1387346893474692,0.10124734802069968,-3.04961044492243,0.41003311157226563,-1.3045463973400613,-1.6118464249954325,1.0046464288266659,2.0336926064025835,1.6495281570492362,1.1677648458569376,1.2355185934657524
937600.956675019,tracking,25.13,3.836479429151157,1,1.6,-1.1835846486128698,nan,9.561750665788149e-08,0.33210985182630026,0.2354367131300712,0.16276253695243886,-3.139436455525769,0.09881307403415684,-3.049643090658125,0.4091595458984375,-1.3005146377657903,-1.6074656581603066,1.0069502629066662,2.029887748153187,1.6429133975336974,1.1653213955567898,1.2411559728612322
937601.007112994,tracking,25.18,3.8532125779411914,1,0.1,2.360683138382554,nan,1.270692500750343e-07,0.3311629055555856,0.23547743425527476,0.16255311433078304,-3.1400412913983464,0.09503810277871749,-3.0494541281043483,0.4079885864257813,-1.2960640961101044,-1.6016537085553721,1.0104758221367405,2.0245819323134224,1.6347626598594553,1.1624415863120325,1.2478580840605256
937601.057827178,tracking,25.23,4.2257632649246215,1,-2.5,-0.8965121227989035,nan,2.928900281078997e-05,0.33019755893137626,0.23542473626242666,0.16251080236070475,-3.140155543351832,0.09074396642798344,-3.049918176910939,0.4070579528808594,-1.2919102305998533,-1.594620033800364,1.0136174201166523,2.0189445529179424,1.6247968447442698,1.1598411426656248,1.2544553998709245
937601.108408967,tracking,25.28,4.2429939821405815,1,-1.8,-1.441298721364654,nan,1.3613022877475532e-09,0.3292085550912136,0.2357566586226275,0.16250211091594452,3.141430295001662,0.08559590320194732,-3.0504435917572774,0.406334228515625,-1.288436935906172,-1.5865566478098765,1.0166368455815569,2.012853370872713,1.6152323680053593,1.1582877208017814,1.2613319481216179
937601.158987792,tracking,25.33,4.287358177814366,1,-2.6,-1.3046201319138533,nan,0.000992057416503025,0.32829854676152326,0.2361271223411211,0.16249884053112387,3.1403771014160755,0.08008534595458316,-3.0501232244600933,0.4057063293457031,-1.2860982809949189,-1.5786502551656492,1.0190104544821172,2.006779632532624,1.6066279608394223,1.1581656148658015,1.2663585315210881
937601.209542352,tracking,25.38,4.172907445281944,1,-1.3,-2.6878738224967678,nan,0.0008089153125165287,0.3275310549364248,0.2360547669575077,0.16257731318282517,3.1389732604060816,0.07477534933470564,-3.049945728140605,0.4048601531982422,-1.2845274154259356,-1.570639200290582,1.0211223412265502,2.0014738166928594,1.5989833569303498,1.1583400519172016,1.2701285023602042
937601.260029163,tracking,25.43,3.5922126858219268,1,1.5,-4.82521534469084,nan,7.45826504897607e-05,0.3266469558860108,0.23611725291122462,0.16276220632503777,3.137783587899319,0.0684105282502574,-3.0502293653691046,0.40436981201171873,-1.2832708028655817,-1.5613192017397406,1.0227454713319262,1.9955745154041702,1.5895236755803337,1.1594745585415753,1.2740380228404404
937601.310633665,tracking,25.48,3.95595794912403,1,1.6,-0.2235835754139965,nan,0.001207874363305272,0.32567905005114395,0.2363410425073075,0.16271733211434947,3.1364422683614275,0.06119920070415863,-3.0504049874693027,0.40400405883789064,-1.2825726551858174,-1.552557668069489,1.0241940978068749,1.9895706850426955,1.580622592268962,1.1620053605254776,1.2780173181412369
937601.361032319,tracking,25.53,4.070497910326276,1,-0.2,3.616799201482934,nan,3.3568411307333507e-09,0.32461312482893456,0.23653804017148983,0.1624798380065206,3.135586159631676,0.053559277759186674,-3.049479096459228,0.40374031066894533,-1.2826424300063775,-1.5450527469595912,1.0246653441617644,1.9848582214938004,1.5736586923345137,1.1666828035060384,1.2794310572059056
937601.411815708,tracking,25.58,4.629772626730242,1,-5.1,-0.476748495883003,nan,1.895772656638236e-09,0.3234727110713027,0.23643111567955458,0.16245370980898802,3.133395933002105,0.043827865500744245,-3.049546371928022,0.4033827209472656,-1.2837420492204712,-1.5342316576603268,1.0250318617067864,1.9789241659528858,1.5645305745402127,1.172599415341813,1.2812462678049035
937601.462288416,tracking,25.63,4.08185636416763,1,-4.8,-4.632296008069375,nan,1.5184891704760547e-09,0.3225456224665054,0.2365853878147869,0.16265836750793242,3.1328019133340637,0.03475364442408635,-3.048808213370761,0.40311119079589847,-1.2854175770202947,-1.5238294836005317,1.0250842594012337,1.9712272309283934,1.5550011183696366,1.1784462523570274,1.283061345245847
937601.512864032,tracking,25.68,4.265503552842871,1,-1.7,-2.958093251245982,nan,5.4848135463902435e-09,0.32162556689461325,0.2365768169587367,0.16278566010332984,3.131455154140027,0.025238949221084273,-3.04866515302846,0.4027591705322266,-1.2877912524998822,-1.513776449959646,1.0248573580763591,1.9636000707244607,1.5460301270796502,1.1853229337657754,1.28534766904168
937601.563511729,tracking,25.74,4.123655647764342,1,-0.5,3.0502523002754756,nan,1.5400535391433578e-09,0.3207491603170234,0.23645223128321313,0.16261583030740995,3.130726603146521,0.016776611342915748,-3.048726018945487,0.4025827789306641,-1.2899204497914005,-1.5062366414394681,1.0246653441617644,1.9580500430127357,1.5389091006408873,1.1918155873453342,1.2867439644012086
937601.614037184,tracking,25.79,4.13138108019613,1,-0.4,-4.916761432310586,nan,1.0621320988832484e-08,0.31982034190949943,0.2366311924677055,0.16286253133183468,3.1283376346439447,0.005916346467025324,-3.048706200376995,0.40239959716796875,-1.293376300779942,-1.4944556157252846,1.024543171646757,1.9493058198895696,1.529536770974626,1.1998789733358215,1.289135083585936
937601.664661691,tracking,25.84,4.165283170304491,1,0.5,0.20545722010865583,nan,3.914658929589217e-05,0.3198782129804464,0.2362748739033483,0.16284678815381576,3.126949728877195,-0.0032360702306228895,-3.049353558713366,0.40217735290527346,-1.2989439053548615,-1.4836869906994947,1.027039019641352,1.9412424338990821,1.5228695471856126,1.204434310380402,1.289414316026231
937601.715015407,tracking,25.89,4.0483643387534425,1,-0.9,-0.18170963176026134,nan,1.8651633357619114e-09,0.32027968453666483,0.23638697413286885,0.16285227431353244,3.126374342055518,-0.011713663432810328,-3.048939894548161,0.4020223999023438,-1.3053317635455257,-1.4735466053748545,1.0303202338414112,1.9314337452882113,1.5171972803798528,1.2082739228820238,1.2897285690348603
937601.765592717,tracking,25.94,4.126975262645944,1,-0.3,-1.995444255613439,nan,2.7000548334438353e-05,0.32032339190295456,0.23655733728236922,0.16295481646495713,3.125079788754536,-0.01912393835791515,-3.0486591857005685,0.4019095611572266,-1.309887100590106,-1.4646279452002882,1.0325716702269643,1.923597127464544,1.511856577129808,1.21209622483656,1.290636041176305
937601.816014845,tracking,25.99,3.9554695931603,1,-0.2,2.075431826896611,nan,1.9175002723814735e-09,0.3201637640858731,0.23658115074954375,0.16285477877233262,3.124227066135829,-0.025741350390661166,-3.048565559281537,0.40184814453125,-1.313395149536013,-1.4577862843598746,1.0342471980267876,1.9178027547228043,1.5073186837903674,1.2159534142013764,1.291264414035509
937601.866751603,tracking,26.04,4.016624540674428,1,-0.0,-1.7114702255569831,nan,9.314901208676425e-10,0.3204032637975399,0.23635248636959152,0.16292995583435177,3.122490953102345,-0.031949611526410626,-3.049375226219761,0.4018464660644531,-1.3179155991703135,-1.4496529903907727,1.0367080920320755,1.9122874812633046,1.5030601560492762,1.218449195616944,1.291316745150929
937601.917366493,tracking,26.09,3.931374921907249,1,0.2,-0.292185370121517,nan,7.903914487602928e-07,0.3202473081160094,0.23647833501090404,0.1629527511162649,3.122168734185532,-0.036798361788402234,-3.0487222065314716,0.4018476104736328,-1.3203416057653212,-1.4442599560253078,1.0379473274663165,1.9077844753341442,1.4994647554196148,1.2212592300411411,1.291316745150929
937601.967961835,tracking,26.14,4.032826429255119,1,0.4,-0.17369753422946302,nan,2.266715238294767e-09,0.32019695649729085,0.23635206937480338,0.16296158077327266,3.1205939918706576,-0.04164082488230347,-3.0492158021324314,0.4019157409667969,-1.3233784083563385,-1.4387970136812283,1.039029436396243,1.9044508634396375,1.4966023898799976,1.2242088141064584,1.291212082920089
937602.018640826,tracking,26.19,4.2594715585882135,1,-0.7,1.0104489636254628,nan,1.0661558241412346e-09,0.320206006525145,0.2360522266838273,0.16290467166821143,3.119916828429115,-0.04619343173333612,-3.049765757752137,0.4020909118652344,-1.3267643513662652,-1.4342941409101222,1.0396053449819727,1.9018329760880897,1.49414149587471,1.227542426000965,1.2900252451802952
937602.069017793,tracking,26.24,4.092859625431815,1,-1.9,-0.15305890452340926,nan,1.654165837552558e-09,0.32010693707163385,0.2361359239141477,0.16291902963470867,3.119373900093273,-0.05026315422156569,-3.0493744205602935,0.4024250030517578,-1.3295394983801825,-1.4302449376307111,1.0397973588965672,1.8994593006085019,1.4922216230448717,1.2309632564211719,1.2883497173804719
937602.119690731,tracking,26.29,4.232771657464534,1,-1.3,2.199397963085511,nan,1.135412642081506e-09,0.31999129694006834,0.23641658484914674,0.1628186701374147,3.11946271029875,-0.054040542129976776,-3.0488960229362805,0.40320381164550784,-1.3321749625949248,-1.426928902599399,1.0398148026017073,1.898289906573848,1.4907555528647831,1.2342968683156785,1.2854350207254346
937602.170118475,tracking,26.34,4.284001244282975,1,-3.6,0.044454256243953744,nan,1.0208986916375703e-09,0.32004436354809573,0.23616959877939622,0.16280906696305736,3.1191836232321797,-0.05746346576727657,-3.049017254925413,0.4037876892089844,-1.3357353426562517,-1.4240140727863073,1.0389944824069357,1.8980281178386933,1.490179511120999,1.238276163616475,1.2815603876554784
937602.220773987,tracking,26.39,4.069615549073298,1,-2.2,-3.0082962557312496,nan,2.7167894457442487e-09,0.3200412156124896,0.23609254685786782,0.16296066058840009,3.119292141433655,-0.060066617935423894,-3.0486466068021243,0.40438613891601566,-1.338684926721569,-1.4217800801058944,1.0374586374062869,1.8977837728086786,1.489725841629304,1.2422730357804659,1.277755529406082
937602.271345948,tracking,26.44,3.998676646331201,1,-0.3,-2.8487856680468373,nan,5.431284851711533e-10,0.3199968295138794,0.2361879020185759,0.16310931480995144,3.119897969359583,-0.06294309018473032,-3.048118890723463,0.40536041259765626,-1.3423152147615105,-1.4201919039898256,1.0348231731915445,1.8978884350395187,1.4896559336506894,1.2478580840605256,1.2728162976903667
937602.321954521,tracking,26.49,3.8681348257642423,1,0.4,-0.8958529946650556,nan,5.507695944336101e-05,0.3200451373201619,0.23591235515336165,0.1631473720626509,3.1203132821195245,-0.06496805080803081,-3.048443107701263,0.4060393524169922,-1.3456837140662972,-1.4198602072760562,1.0322575503763896,1.8987785966338777,1.4902494190996136,1.252675209840261,1.2687322070006757
937602.372576139,tracking,26.54,3.9545128283941215,1,0.1,-1.0106396004924023,nan,1.2898645164625348e-09,0.32004244397012066,0.23604792005479647,0.16320084137744634,3.120926442446472,-0.06686004692139802,-3.0489523064876503,0.4072101593017578,-1.3488253120462093,-1.419738101340076,1.0294300722470524,1.8999305469633914,1.4905809826553285,1.2575272230302763,1.2647178911315446
937602.4231049,tracking,26.59,3.939523090721275,1,0.0,0.6839750657431195,nan,1.8386087790354192e-09,0.32001984281353435,0.23594781248579377,0.16316635674091357,3.1207167585330327,-0.06884416956224682,-3.0492805519002495,0.4080912017822266,-1.351792472974721,-1.4191970801646265,1.0272135232717794,1.901763068109475,1.4915234753651074,1.261855658749982,1.2603022368861387
937602.473686962,tracking,26.65,4.012080284519115,1,0.0,0.44003804097573035,nan,0.00020118797911569246,0.3199290446735913,0.23599195051639635,0.16315123793888442,3.1206635965431886,-0.07054542299227262,-3.048661870757579,0.4088761901855469,-1.354410360326269,-1.4190399536603118,1.0248049603819118,1.903595722413613,1.4930418766606162,1.266341087815948,1.2554153362858433
937602.524031801,tracking,26.7,3.9511058969153874,1,0.0,0.7067111997545096,nan,9.739569267397223e-07,0.31992068755077185,0.23626503875930224,0.1631202686555534,3.1197863384428364,-0.07217944062324078,-3.0485562638101142,0.41014114379882816,-1.3576916411053555,-1.4190050662500318,1.022029879947022,1.9065627501840703,1.4955027706659039,1.2712628758265234,1.249725492616889
937602.57467402,tracking,26.75,3.747903985290361,1,1.2,-5.516371346481349,nan,8.046285381342607e-07,0.31996613967968773,0.2359992377185647,0.16339244037218043,3.117888005821922,-0.07327572808903282,-3.048599745309058,0.4107928466796875,-1.3616011615855919,-1.4193540735108867,1.0177015108063434,1.9095297779545275,1.4988538262655506,1.2775984029017675,1.244245239725724
937602.625128856,tracking,26.8,3.752399589375675,1,1.9,-0.037485597444526,nan,2.7127373092110354e-07,0.32001323641055796,0.23620147839642985,0.16339417137166534,3.117724470813334,-0.07409607854628097,-3.048192025010305,0.4119197082519531,-1.3653361118563734,-1.421343721161285,1.0135475787170651,1.9125318262933193,1.502449226895212,1.2837943803358913,1.2383635153002295
937602.675709369,tracking,26.85,3.834574293654371,1,2.5,0.6890716320828078,nan,2.9909116271319136e-08,0.32008173443611626,0.23629140515854075,0.16335551312433194,3.1174801316355314,-0.07452539509082934,-3.0477249665934574,0.41268333435058596,-1.3684428224260055,-1.4234556079057177,1.0101267482968583,1.9151148262345872,1.5059748527043135,1.2888907385559214,1.2335812769307744
937602.726117991,tracking,26.9,3.7262551384929306,1,2.0,-2.2915569781201706,nan,0.0024073799543884154,0.32017449265051734,0.23646827350167215,0.1634673950836465,3.117018278174739,-0.07457570996620144,-3.0479470681997958,0.41384788513183596,-1.371776434320512,-1.4256198257655706,1.0058332665664598,1.9185706772231286,1.5094131268296602,1.294353680900001,1.2283977001850441
937602.776761995,tracking,26.95,3.898103122028349,1,0.5,2.3439019087260977,nan,2.2751658715624888e-07,0.3200401319983974,0.23626983374880065,0.1633552619657528,3.116990235745763,-0.07557550717906314,-3.0473547751069328,0.41458335876464847,-1.3750226945312642,-1.4278189310357035,1.0016793344771815,1.9221485009895956,1.5127816261344469,1.300706651680385,1.222376292960375
937602.827329365,tracking,27.0,4.1528801404396845,1,-0.3,-0.8717735630222467,nan,0.00011278202849707032,0.32007545084523553,0.23626602848529726,0.1633966371575498,3.116702822174602,-0.07609003599351549,-3.0480201017731408,0.4155561828613281,-1.378111961395756,-1.429494458835527,0.9980141590269599,1.9249236480035126,1.51506794993028,1.3057156582166605,1.2183096459758238
937602.877862639,tracking,27.05,4.029785726505944,1,-1.1,1.963907282159241,nan,5.6456359020968105e-09,0.31990086181797717,0.23629932815050309,0.1633114904821411,3.116741224661231,-0.07738060286426429,-3.047128406345781,0.41619659423828126,-1.3808172004310586,-1.4308384230796354,0.9947853425213478,1.9270704221582255,1.5173892942944476,1.3112309316761601,1.2136322029952633
937602.928519231,tracking,27.1,4.112059642041574,1,-1.4,-0.6901679347737127,nan,2.3836709513731286e-08,0.31989201953105295,0.23605935138768921,0.1633430102615419,3.116381415811821,-0.07819847148117343,-3.0474621593053994,0.416748046875,-1.3840111295263906,-1.432444042900844,0.9911550544814063,1.9291821757446037,1.5196232869748605,1.3166589866099596,1.2099668943869872
937602.979118427,tracking,27.15,4.193858625700656,1,-1.3,-0.7102152211486071,nan,1.4754147218741563e-08,0.31990375721702663,0.23632834893959478,0.16338277602521206,3.1168586594406347,-0.07883504014404097,-3.047274365765459,0.41747581481933593,-1.3864896003948728,-1.4339101130809329,0.9883625303413764,1.929880323424368,1.5210719134498092,1.3209349580561909,1.2073838944457194
937603.02982743,tracking,27.2,4.0974126985993475,1,-0.2,-1.5523525200800121,nan,3.4324635933378744e-09,0.31997596739138773,0.23618073270627538,0.1634533077856835,3.116631287653234,-0.07934876345530872,-3.047718999745587,0.417891845703125,-1.3892995016610155,-1.4353936269661614,0.9853779922867519,1.9309624989333218,1.5228346597753326,1.3253331685964567,1.2050974374918317
937603.080427057,tracking,27.25,3.9983520759539903,1,-0.1,0.28688921092289754,nan,9.97821621832085e-07,0.31998957249507776,0.23605055451916918,0.16343538934764273,3.116863823448658,-0.07988176351273513,-3.0479309538413437,0.4181767272949219,-1.391673177140603,-1.4372437249754395,0.9826727532514494,1.9316606466130861,1.5243880816391757,1.3294695904015679,1.2033346911663083
937603.131032993,tracking,27.3,4.06403983212846,1,-0.0,-0.0006180982077428925,nan,4.553574975737206e-09,0.31996249203606125,0.23627147345179117,0.16344141204267784,3.1169931654489513,-0.08023717600458302,-3.0475319359567985,0.41849349975585937,-1.393750176474756,-1.4394253865404323,0.9798976728165596,1.9318525273696263,1.526342841879294,1.3337456950058535,1.2020606349008145
937603.181696712,tracking,27.35,4.0517703853168765,1,-0.0,0.3434021058369359,nan,1.4722587338279114e-08,0.3199191469461082,0.2363189468935296,0.16342837053349726,3.116865699052478,-0.08084335954441424,-3.047319133460321,0.4187390899658203,-1.3962110704800437,-1.4416070481054253,0.976843359941375,1.9323063300193757,1.5284545954656723,1.338615151901009,1.2005422336053058
937603.232277017,tracking,27.41,3.861136165433859,1,0.1,-1.2318267039688546,nan,1.93935321362116e-07,0.3200203228420636,0.23627188332798818,0.1634816570482357,3.1169330961246553,-0.08083141190406362,-3.0474211859073996,0.41898040771484374,-1.398567302254491,-1.443753822260138,0.9740682795064851,1.9328998154683,1.530496707389545,1.3424723412658253,1.1990585865620227
937603.282801287,tracking,27.45,4.046419270610005,1,0.0,0.7665784393312461,nan,6.280857531688667e-09,0.3199597363896096,0.23632063462313216,0.1634486694476568,3.1169181754433297,-0.08125516112177533,-3.047422423596443,0.41913734436035155,-1.4002777174645946,-1.4456911387951163,0.9716946040268976,1.9330918293828947,1.5319627775696336,1.3461724041263268,1.198465234271153
937603.333366724,tracking,27.51,4.07475057803423,1,-0.1,-0.22612061112981938,nan,7.520611727727872e-09,0.31998121715457495,0.23629037818172866,0.16345782993767194,3.1166754509574255,-0.08153036582182449,-3.047825194012479,0.4193199920654297,-1.402023020084978,-1.447192096385485,0.969635114976912,1.9334233929386095,1.5332368338351277,1.3492442272856786,1.1979416568008434
