t_wall_s,phase,controller_mode,t_ref_s,q_cmd_0,q_cmd_1,q_cmd_2,q_cmd_3,q_cmd_4,q_cmd_5,q_cmd_6,q_cmd_7,q_meas_0,q_meas_1,q_meas_2,q_meas_3,q_meas_4,q_meas_5,q_meas_6,q_meas_7,pose_x,pose_y,pose_z,pose_rx,pose_ry,pose_rz,twist_vx,twist_vy,twist_vz,twist_wx,twist_wy,twist_wz,twist_requested_vx,twist_requested_vy,twist_requested_vz,twist_requested_wx,twist_requested_wy,twist_requested_wz,twist_achieved_vx,twist_achieved_vy,twist_achieved_vz,twist_achieved_wx,twist_achieved_wy,twist_achieved_wz,track_err_mm,follow_err_deg,slack_norm,n_cbf,vel_clamped,acc_clamped,pos_clamped,fx,fy,fz,instability_idx,damping_z_eff,damping_ke_z,damping_dimeas_z,damping_passivity_z,v_force_z,ke_est,f_des_z_eff,v_r_z,takeover,dt_actual_s,sensor_age_s,fx_raw_comp,fy_raw_comp,fz_raw_comp,fz_dot,fz_predicted,fz_error_predicted,vz_surface,vz_surface_raw,vz_surface_observed,vz_integral,vz_feedback,vz_unclamped,vz_achieved_tool,surface_confidence,passivity_scale,passivity_energy_j,contact_present,active_reference_reset,sensor_stale,safety_stop,governor_scale,governor_scale_raw,sigma_min,qdot_norm,qdot_max_frac_vmax,qdot_ff_norm,arm_singularity_smooth,limit_activation,tcp_jump_mm,rail_ext_err_m,rail_ext_w,rail_target_sent_m,rail_meas_m,rail_vel_pin,plan_drives_rail,rail_qdot_ff
0.0014,move->d,none,0.0000,0.463581,-0.016720,-0.592487,-0.000838,1.690316,0.019094,1.022937,1.562227,0.463581,-0.016720,-0.592487,-0.000838,1.690316,0.019094,1.022937,1.562227,0.190781,0.063916,0.364741,3.129684,-0.549799,-3.139611,0.00000,-0.00000,0.00000,0.00000,-0.00000,0.00000,0.00000,-0.00000,0.00000,0.00000,-0.00000,0.00000,0.00000,0.00000,0.00000,0.00000,0.00000,0.00000,0.000,0.0000,0.00000,0,0,0,0,0.107,0.952,0.353,nan,nan,nan,nan,nan,nan,nan,nan,nan,0,0.005000,0.002494,0.107,0.952,0.353,nan,nan,nan,nan,nan,nan,nan,nan,nan,0.000000,nan,nan,nan,0,0,0,0,0.0004,1.0000,0.13483,0.00000,0.0000,0.00000,0.0000,0.0000,0.000,-0.05967,4.0000,0.463581,0.463581,-0.000000,1,-0.000000
0.0106,move->d,none,0.0002,0.463581,-0.016720,-0.592487,-0.000838,1.690317,0.019094,1.022937,1.562227,0.463581,-0.016720,-0.592522,-0.000803,1.690299,0.019076,1.022972,1.562227,0.190772,0.063920,0.364748,3.129726,-0.549783,-3.139611,0.00002,-0.00001,-0.00001,0.00007,0.00003,-0.00004,0.00002,-0.00001,-0.00001,0.00007,0.00003,-0.00004,-0.00095,0.00042,0.00074,-0.00365,-0.00173,0.00222,0.012,0.0020,0.00000,0,0,0,0,0.098,0.944,0.351,nan,nan,nan,nan,nan,nan,nan,nan,nan,0,0.009106,0.001858,0.052,0.906,0.340,nan,nan,nan,nan,nan,nan,nan,nan,nan,-0.000134,nan,nan,nan,0,0,0,0,0.0307,1.0000,0.13483,0.00013,0.0000,0.00000,0.0000,0.0000,0.000,-0.05967,4.0000,0.463581,0.463581,-0.000000,1,-0.000000
0.0168,move->d,none,0.0004,0.463581,-0.016720,-0.592486,-0.000838,1.690317,0.019094,1.022937,1.562227,0.463581,-0.016720,-0.592539,-0.000838,1.690299,0.019094,1.022972,1.562227,0.190770,0.063916,0.364752,3.129685,-0.549765,-3.139611,0.00002,-0.00000,-0.00002,0.00000,0.00007,-0.00000,0.00002,-0.00000,-0.00002,0.00000,0.00007,-0.00000,-0.00031,-0.00056,0.00049,0.00497,-0.00258,-0.00300,0.016,0.0030,0.00000,0,0,0,0,0.094,0.953,0.357,nan,nan,nan,nan,nan,nan,nan,nan,nan,0,0.006228,0.001083,0.084,1.071,0.426,nan,nan,nan,nan,nan,nan,nan,nan,nan,-0.000266,nan,nan,nan,0,0,0,0,0.0515,1.0000,0.13483,0.00013,0.0001,0.00000,0.0000,0.0000,0.000,-0.05967,4.0000,0.463581,0.463581,-0.000000,1,-0.000000
0.0228,move->d,none,0.0008,0.463581,-0.016720,-0.592486,-0.000838,1.690317,0.019094,1.022937,1.562227,0.463581,-0.016720,-0.592522,-0.000838,1.690316,0.019076,1.022937,1.562227,0.190777,0.063912,0.364748,3.129703,-0.549765,-3.139629,0.00001,0.00001,-0.00001,0.00003,0.00007,0.00002,0.00001,0.00001,-0.00001,0.00003,0.00007,0.00002,0.00119,-0.00071,-0.00069,-0.00258,0.00005,-0.00145,0.009,0.0021,0.00000,0,0,0,0,0.096,0.967,0.362,nan,nan,nan,nan,nan,nan,nan,nan,nan,0,0.006014,0.001198,0.141,1.061,0.377,nan,nan,nan,nan,nan,nan,nan,nan,nan,-0.000037,nan,nan,nan,0,0,0,0,0.0715,1.0000,0.13483,0.00008,0.0000,0.00000,0.0000,0.0000,0.000,-0.05967,4.0000,0.463581,0.463581,-0.000000,1,-0.000000
0.0287,move->d,none,0.0012,0.463581,-0.016720,-0.592485,-0.000838,1.690317,0.019094,1.022937,1.562227,0.463581,-0.016720,-0.592539,-0.000803,1.690316,0.019094,1.022937,1.562227,0.190775,0.063924,0.364751,3.129708,-0.549747,-3.139595,0.00001,-0.00002,-0.00002,0.00004,0.00010,-0.00006,0.00001,-0.00002,-0.00002,0.00004,0.00010,-0.00006,-0.00035,0.00199,0.00055,-0.00070,-0.00288,0.00612,0.014,0.0031,0.00000,0,0,0,0,0.098,0.973,0.366,nan,nan,nan,nan,nan,nan,nan,nan,nan,0,0.005934,0.001114,0.102,0.956,0.384,nan,nan,nan,nan,nan,nan,nan,nan,nan,-0.000266,nan,nan,nan,0,0,0,0,0.0913,1.0000,0.13483,0.00013,0.0001,0.00000,0.0000,0.0000,0.000,-0.05967,4.0000,0.463581,0.463581,-0.000000,1,-0.000000
0.0346,move->d,none,0.0018,0.463581,-0.016720,-0.592485,-0.000838,1.690317,0.019095,1.022937,1.562227,0.463581,-0.016755,-0.592539,-0.000855,1.690316,0.019042,1.022937,1.562209,0.190775,0.063892,0.364751,3.129746,-0.549748,-3.139708,0.00001,0.00005,-0.00002,0.00011,0.00010,0.00013,0.00001,0.00005,-0.00002,0.00011,0.00010,0.00013,-0.00003,-0.00538,-0.00002,-0.00542,0.00005,-0.01564,0.027,0.0031,0.00000,0,0,0,0,0.096,0.973,0.368,nan,nan,nan,nan,nan,nan,nan,nan,nan,0,0.005901,0.001048,0.064,0.945,0.363,nan,nan,nan,nan,nan,nan,nan,nan,nan,-0.000031,nan,nan,nan,0,0,0,0,0.1110,1.0000,0.13483,0.00018,0.0001,0.00000,0.0000,0.0000,0.000,-0.05967,4.0000,0.463581,0.463581,-0.000000,1,-0.000000
0.0401,move->d,none,0.0024,0.463581,-0.016720,-0.592485,-0.000838,1.690317,0.019095,1.022937,1.562227,0.463581,-0.016703,-0.592487,-0.000855,1.690264,0.019042,1.022937,1.562227,0.190786,0.063903,0.364758,3.129729,-0.549748,-3.139655,-0.00001,0.00003,-0.00003,0.00008,0.00010,0.00004,-0.00001,0.00003,-0.00003,0.00008,0.00010,0.00004,0.00187,0.00188,0.00126,0.00250,0.00002,0.00728,0.022,0.0031,0.00000,0,0,0,0,0.098,0.981,0.374,nan,nan,nan,nan,nan,nan,nan,nan,nan,0,0.005502,0.000630,0.138,1.075,0.433,nan,nan,nan,nan,nan,nan,nan,nan,nan,-0.002031,nan,nan,nan,0,0,0,0,0.1293,1.0000,0.13483,0.00013,0.0001,0.00000,0.0000,0.0000,0.000,-0.05967,4.0000,0.463581,0.463581,-0.000000,1,-0.000000
0.0460,move->d,none,0.0032,0.463581,-0.016720,-0.592484,-0.000838,1.690318,0.019095,1.022937,1.562227,0.463581,-0.016703,-0.592522,-0.000838,1.690299,0.019076,1.022937,1.562227,0.190778,0.063915,0.364753,3.129704,-0.549747,-3.139612,0.00001,0.00000,-0.00002,0.00003,0.00010,-0.00002,0.00001,0.00000,-0.00002,0.00003,0.00010,-0.00002,-0.00137,0.00227,-0.00091,0.00398,-0.00008,0.00567,0.013,0.0021,0.00000,0,0,0,0,0.107,0.992,0.383,nan,nan,nan,nan,nan,nan,nan,nan,nan,0,0.005835,0.001097,0.195,1.055,0.440,nan,nan,nan,nan,nan,nan,nan,nan,nan,0.001517,nan,nan,nan,0,0,0,0,0.1488,1.0000,0.13483,0.00008,0.0000,0.00000,0.0000,0.0000,0.000,-0.05967,4.0000,0.463581,0.463581,-0.000000,1,-0.000000
0.0529,move->d,none,0.0040,0.463581,-0.016720,-0.592484,-0.000838,1.690318,0.019095,1.022936,1.562227,0.463581,-0.016668,-0.592522,-0.000838,1.690316,0.019076,1.022972,1.562227,0.190771,0.063922,0.364742,3.129703,-0.549800,-3.139576,0.00002,-0.00001,-0.00000,0.00003,-0.00000,-0.00009,0.00002,-0.00001,-0.00000,0.00003,-0.00000,-0.00009,-0.00119,0.00102,-0.00163,0.00009,0.00781,0.00530,0.013,0.0030,0.00000,0,0,0,0,0.107,0.991,0.386,nan,nan,nan,nan,nan,nan,nan,nan,nan,0,0.006955,0.001363,0.057,0.936,0.367,nan,nan,nan,nan,nan,nan,nan,nan,nan,0.002025,nan,nan,nan,0,0,0,0,0.1720,1.0000,0.13483,0.00013,0.0000,0.00000,0.0000,0.0000,0.000,-0.05967,4.0000,0.463581,0.463581,-0.000000,1,-0.000000
0.0590,move->d,none,0.0050,0.463581,-0.016720,-0.592483,-0.000838,1.690317,0.019095,1.022936,1.562228,0.463581,-0.016668,-0.592539,-0.000855,1.690369,0.019094,1.022937,1.562227,0.190770,0.063922,0.364734,3.129673,-0.549799,-3.139567,0.00002,-0.00001,0.00002,-0.00002,0.00000,-0.00008,0.00002,-0.00001,0.00002,-0.00002,0.00000,-0.00008,-0.00006,0.00000,-0.00148,0.00423,-0.00007,-0.00118,0.015,0.0032,0.00000,0,0,0,0,0.109,1.000,0.360,nan,nan,nan,nan,nan,nan,nan,nan,nan,0,0.006031,0.001358,0.134,1.092,0.086,nan,nan,nan,nan,nan,nan,nan,nan,nan,0.001288,nan,nan,nan,0,0,0,0,0.1921,1.0000,0.13483,0.00018,0.0001,0.00000,0.0000,0.0000,0.000,-0.05967,4.0000,0.463581,0.463609,-0.000000,1,-0.000000
0.0648,move->d,none,0.0061,0.463581,-0.016720,-0.592483,-0.000839,1.690316,0.019095,1.022936,1.562226,0.463609,-0.016720,-0.592522,-0.000855,1.690369,0.019076,1.022990,1.562227,0.190763,0.063937,0.364722,3.129690,-0.549869,-3.139636,0.00004,-0.00004,0.00004,0.00001,-0.00014,0.00004,0.00004,-0.00004,0.00004,0.00001,-0.00014,0.00004,-0.00121,0.00236,-0.00179,-0.00239,0.01131,-0.00959,0.034,0.0031,0.00000,0,0,0,0,0.112,1.012,0.325,nan,nan,nan,nan,nan,nan,nan,nan,nan,0,0.005851,0.000987,0.134,1.093,0.086,nan,nan,nan,nan,nan,nan,nan,nan,nan,0.002180,nan,nan,nan,0,0,0,0,0.2116,1.0000,0.13483,0.00044,0.0002,0.00000,0.0000,0.0000,0.000,-0.05967,4.0000,0.463581,0.463609,-0.000001,1,-0.000001
0.0705,move->d,none,0.0072,0.463581,-0.016720,-0.592482,-0.000841,1.690316,0.019096,1.022935,1.562225,0.463609,-0.016703,-0.592592,-0.000785,1.690369,0.019094,1.022990,1.562262,0.190754,0.063963,0.364736,3.129684,-0.549800,-3.139567,0.00005,-0.00009,0.00001,-0.00000,-0.00000,-0.00009,0.00005,-0.00009,0.00001,-0.00000,-0.00000,-0.00009,-0.00154,0.00471,0.00238,0.00092,-0.01246,0.01170,0.055,0.0062,0.00000,0,0,0,0,0.124,1.018,0.281,nan,nan,nan,nan,nan,nan,nan,nan,nan,0,0.005715,0.001152,0.241,1.010,-0.002,nan,nan,nan,nan,nan,nan,nan,nan,nan,-0.001177,nan,nan,nan,0,0,0,0,0.2306,1.0000,0.13483,0.00059,0.0002,0.00000,0.0000,0.0000,0.001,-0.05967,4.0000,0.463581,0.463609,-0.000001,1,-0.000001
0.0764,move->d,none,0.0085,0.463581,-0.016720,-0.592481,-0.000842,1.690315,0.019097,1.022935,1.562223,0.463609,-0.016720,-0.592539,-0.000855,1.690369,0.019076,1.022972,1.562227,0.190764,0.063937,0.364728,3.129691,-0.549834,-3.139636,0.00004,-0.00004,0.00003,0.00001,-0.00007,0.00004,0.00004,-0.00004,0.00003,0.00001,-0.00007,0.00004,0.00153,-0.00417,-0.00117,-0.00089,0.00548,-0.01041,0.030,0.0033,0.00000,0,0,0,0,0.131,1.014,0.273,nan,nan,nan,nan,nan,nan,nan,nan,nan,0,0.005856,0.000720,0.133,0.939,0.460,nan,nan,nan,nan,nan,nan,nan,nan,nan,0.000157,nan,nan,nan,0,0,0,0,0.2501,1.0000,0.13483,0.00045,0.0002,0.00000,0.0000,0.0000,0.000,-0.05967,4.0000,0.463581,0.463609,-0.000001,1,-0.000001
0.0821,move->d,none,0.0098,0.463581,-0.016720,-0.592481,-0.000844,1.690315,0.019098,1.022935,1.562221,0.463609,-0.016773,-0.592539,-0.000873,1.690369,0.019076,1.022972,1.562262,0.190764,0.063925,0.364728,3.129644,-0.549834,-3.139697,0.00004,-0.00002,0.00003,-0.00007,-0.00007,0.00021,0.00004,-0.00002,0.00003,-0.00007,-0.00007,0.00021,0.00000,-0.00205,0.00001,0.00724,-0.00002,-0.01560,0.024,0.0033,0.00000,0,0,0,0,0.130,1.010,0.288,nan,nan,nan,nan,nan,nan,nan,nan,nan,0,0.005763,0.001038,0.075,0.987,0.506,nan,nan,nan,nan,nan,nan,nan,nan,nan,-0.000033,nan,nan,nan,0,0,0,0,0.2693,1.0000,0.13483,0.00051,0.0002,0.00000,0.0000,0.0000,0.000,-0.05967,4.0000,0.463581,0.463609,-0.000002,1,-0.000002
0.0880,move->d,none,0.0112,0.463581,-0.016719,-0.592480,-0.000845,1.690314,0.019098,1.022934,1.562219,0.463609,-0.016773,-0.592539,-0.000873,1.690369,0.019076,1.022972,1.562262,0.190764,0.063925,0.364728,3.129644,-0.549834,-3.139697,0.00004,-0.00002,0.00003,-0.00007,-0.00007,0.00021,0.00004,-0.00002,0.00003,-0.00007,-0.00007,0.00021,0.00000,0.00000,0.00000,0.00000,0.00000,0.00000,0.024,0.0034,0.00000,0,0,0,0,0.140,1.015,0.308,nan,nan,nan,nan,nan,nan,nan,nan,nan,0,0.005895,0.001328,0.255,1.093,0.429,nan,nan,nan,nan,nan,nan,nan,nan,nan,0.000000,nan,nan,nan,0,0,0,0,0.2890,1.0000,0.13483,0.00051,0.0002,0.00000,0.0000,0.0000,0.000,-0.05967,4.0000,0.463581,0.464079,-0.000003,1,-0.000003
0.0946,move->d,none,0.0128,0.463581,-0.016717,-0.592479,-0.000869,1.690313,0.019109,1.022934,1.562192,0.464079,-0.016720,-0.592592,-0.000803,1.690369,0.019076,1.022972,1.562262,0.190757,0.064422,0.364738,3.129691,-0.549783,-3.139611,0.00005,-0.00102,0.00001,0.00001,0.00003,-0.00001,0.00005,-0.00102,0.00001,0.00001,0.00003,-0.00001,-0.00094,0.07215,0.00143,-0.00579,-0.00751,0.01603,0.507,0.0286,0.00000,0,0,0,0,0.141,1.009,0.318,nan,nan,nan,nan,nan,nan,nan,nan,nan,0,0.006613,0.001028,0.095,0.929,0.301,nan,nan,nan,nan,nan,nan,nan,nan,nan,0.000055,nan,nan,nan,0,0,0,0,0.3110,1.0000,0.13483,0.00757,0.0034,0.00001,0.0000,0.0000,0.005,-0.05967,4.0000,0.463581,0.464079,-0.000004,1,-0.000004
0.1003,move->d,none,0.0145,0.463581,-0.016715,-0.592478,-0.000893,1.690313,0.019118,1.022934,1.562166,0.464079,-0.016703,-0.592539,-0.000838,1.690369,0.019094,1.022972,1.562262,0.190764,0.064421,0.364728,3.129649,-0.549834,-3.139593,0.00004,-0.00102,0.00003,-0.00006,-0.00007,0.00000,0.00004,-0.00102,0.00003,-0.00006,-0.00007,0.00000,0.00114,-0.00012,-0.00173,0.00630,0.00907,-0.00062,0.506,0.0286,0.00000,0,0,0,0,0.146,1.010,0.328,nan,nan,nan,nan,nan,nan,nan,nan,nan,0,0.005666,0.000984,0.200,1.050,0.387,nan,nan,nan,nan,nan,nan,nan,nan,nan,0.000876,nan,nan,nan,0,0,0,0,0.3299,1.0000,0.13483,0.00749,0.0034,0.00002,0.0000,0.0000,0.005,-0.05967,4.0000,0.463581,0.464079,-0.000006,1,-0.000006
0.1064,move->d,none,0.0162,0.463580,-0.016714,-0.592477,-0.000918,1.690312,0.019128,1.022934,1.562139,0.464079,-0.016720,-0.592539,-0.000855,1.690334,0.019094,1.022972,1.562262,0.190767,0.064414,0.364740,3.129638,-0.549799,-3.139619,0.00003,-0.00100,0.00001,-0.00008,0.00000,0.00006,0.00003,-0.00100,0.00001,-0.00008,0.00000,0.00006,0.00050,-0.00120,0.00191,0.00149,-0.00573,-0.00522,0.498,0.0286,0.00000,0,0,0,0,0.152,1.011,0.345,nan,nan,nan,nan,nan,nan,nan,nan,nan,0,0.006117,0.000997,0.179,1.018,0.459,nan,nan,nan,nan,nan,nan,nan,nan,nan,-0.001903,nan,nan,nan,0,0,0,0,0.3503,1.0000,0.13483,0.00748,0.0034,0.00003,0.0000,0.0000,0.005,-0.05967,4.0000,0.463580,0.464079,-0.000008,1,-0.000008
0.1126,move->d,none,0.0181,0.463580,-0.016712,-0.592476,-0.000942,1.690311,0.019138,1.022934,1.562113,0.464079,-0.016668,-0.592539,-0.000855,1.690369,0.019076,1.022972,1.562227,0.190764,0.064417,0.364728,3.129691,-0.549834,-3.139584,0.00004,-0.00101,0.00003,0.00001,-0.00007,-0.00006,0.00004,-0.00101,0.00003,0.00001,-0.00007,-0.00006,-0.00051,0.00053,-0.00191,-0.00729,0.00573,0.01023,0.502,0.0286,0.00000,0,0,0,0,0.150,1.014,0.355,nan,nan,nan,nan,nan,nan,nan,nan,nan,0,0.006215,0.001082,0.101,1.044,0.362,nan,nan,nan,nan,nan,nan,nan,nan,nan,0.001906,nan,nan,nan,0,0,0,0,0.3710,1.0000,0.13483,0.00739,0.0033,0.00004,0.0000,0.0000,0.005,-0.05967,4.0000,0.463580,0.464079,-0.000010,1,-0.000010
0.1184,move->d,none,0.0200,0.463580,-0.016710,-0.592475,-0.000966,1.690310,0.019148,1.022934,1.562087,0.464079,-0.016668,-0.592539,-0.000855,1.690369,0.019094,1.022990,1.562227,0.190761,0.064421,0.364726,3.129672,-0.549852,-3.139566,0.00005,-0.00102,0.00004,-0.00002,-0.00010,-0.00008,0.00005,-0.00102,0.00004,-0.00002,-0.00010,-0.00008,-0.00055,0.00071,-0.00043,0.00270,0.00296,0.00142,0.506,0.0286,0.00000,0,0,0,0,0.151,1.028,0.373,nan,nan,nan,nan,nan,nan,nan,nan,nan,0,0.005710,0.000983,0.178,1.164,0.525,nan,nan,nan,nan,nan,nan,nan,nan,nan,0.000659,nan,nan,nan,0,0,0,0,0.3901,1.0000,0.13483,0.00739,0.0033,0.00006,0.0000,0.0000,0.005,-0.05967,4.0000,0.463580,0.464320,-0.000014,1,-0.000014
0.1246,move->d,none,0.0221,0.463580,-0.016708,-0.592474,-0.001002,1.690309,0.019163,1.022934,1.562048,0.464320,-0.016703,-0.592522,-0.000838,1.690334,0.019094,1.022972,1.562209,0.190769,0.064657,0.364737,3.129702,-0.549817,-3.139593,0.00003,-0.00150,0.00002,0.00003,-0.00003,-0.00005,0.00003,-0.00150,0.00002,0.00003,-0.00003,-0.00005,0.00143,0.03978,0.00182,-0.00423,-0.00585,-0.00196,0.742,0.0424,0.00000,0,0,0,0,0.150,1.029,0.385,nan,nan,nan,nan,nan,nan,nan,nan,nan,0,0.006225,0.001283,0.129,0.960,0.399,nan,nan,nan,nan,nan,nan,nan,nan,nan,-0.001869,nan,nan,nan,0,0,0,0,0.4108,1.0000,0.13483,0.01102,0.0050,0.00008,0.0000,0.0000,0.008,-0.05967,4.0000,0.463580,0.464320,-0.000018,1,-0.000018
0.1312,move->d,none,0.0242,0.463580,-0.016705,-0.592473,-0.001038,1.690309,0.019178,1.022934,1.562009,0.464320,-0.016755,-0.592469,-0.000838,1.690334,0.019094,1.022972,1.562227,0.190776,0.064648,0.364727,3.129683,-0.549869,-3.139645,0.00002,-0.00149,0.00005,-0.00000,-0.00014,0.00007,0.00002,-0.00149,0.00005,-0.00000,-0.00014,0.00007,0.00099,-0.00132,-0.00151,0.00239,0.00794,-0.00931,0.733,0.0424,0.00000,0,0,0,0,0.140,1.018,0.379,nan,nan,nan,nan,nan,nan,nan,nan,nan,0,0.006615,0.001293,0.060,0.912,0.265,nan,nan,nan,nan,nan,nan,nan,nan,nan,0.000757,nan,nan,nan,0,0,0,0,0.4329,1.0000,0.13483,0.01108,0.0050,0.00011,0.0000,0.0000,0.007,-0.05967,4.0000,0.463580,0.464320,-0.000023,1,-0.000023
0.1369,move->d,none,0.0265,0.463580,-0.016702,-0.592472,-0.001074,1.690307,0.019193,1.022935,1.561970,0.464320,-0.016703,-0.592522,-0.000855,1.690334,0.019094,1.022937,1.562262,0.190775,0.064657,0.364742,3.129638,-0.549782,-3.139602,0.00003,-0.00151,0.00002,-0.00008,0.00004,0.00003,0.00003,-0.00151,0.00002,-0.00008,0.00004,0.00003,-0.00002,0.00146,0.00252,0.00636,-0.01451,0.00316,0.742,0.0424,0.00000,0,0,0,0,0.139,1.008,0.374,nan,nan,nan,nan,nan,nan,nan,nan,nan,0,0.005684,0.000952,0.176,0.962,0.347,nan,nan,nan,nan,nan,nan,nan,nan,nan,-0.002123,nan,nan,nan,0,0,0,0,0.4518,1.0000,0.13483,0.01105,0.0050,0.00014,0.0000,0.0000,0.008,-0.05967,4.0000,0.463580,0.464320,-0.000029,1,-0.000029
0.1429,move->d,none,0.0288,0.463580,-0.016700,-0.592470,-0.001110,1.690306,0.019207,1.022935,1.561930,0.464320,-0.016703,-0.592522,-0.000838,1.690334,0.019094,1.022972,1.562227,0.190769,0.064659,0.364737,3.129684,-0.549817,-3.139593,0.00004,-0.00152,0.00004,0.00000,-0.00003,-0.00004,0.00004,-0.00152,0.00004,0.00000,-0.00003,-0.00004,-0.00109,0.00023,-0.00089,-0.00669,0.00598,0.00569,0.744,0.0424,0.00000,0,0,0,0,0.137,1.001,0.379,nan,nan,nan,nan,nan,nan,nan,nan,nan,0,0.006035,0.001155,0.133,0.985,0.466,nan,nan,nan,nan,nan,nan,nan,nan,nan,0.001329,nan,nan,nan,0,0,0,0,0.4719,1.0000,0.13483,0.01105,0.0050,0.00017,0.0000,0.0000,0.008,-0.05967,4.0000,0.463580,0.464320,-0.000036,1,-0.000036
0.1491,move->d,none,0.0313,0.463580,-0.016697,-0.592469,-0.001146,1.690304,0.019222,1.022936,1.561891,0.464320,-0.016720,-0.592522,-0.000838,1.690386,0.019094,1.022990,1.562227,0.190761,0.064655,0.364717,3.129683,-0.549887,-3.139609,0.00006,-0.00152,0.00009,-0.00000,-0.00017,-0.00000,0.00006,-0.00152,0.00009,-0.00000,-0.00017,-0.00000,-0.00129,-0.00052,-0.00330,0.00018,0.01149,-0.00282,0.741,0.0424,0.00000,0,0,0,0,0.128,0.994,0.382,nan,nan,nan,nan,nan,nan,nan,nan,nan,0,0.006226,0.001290,0.043,0.967,0.377,nan,nan,nan,nan,nan,nan,nan,nan,nan,0.003479,nan,nan,nan,0,0,0,0,0.4927,1.0000,0.13483,0.01107,0.0050,0.00020,0.0000,0.0000,0.008,-0.05967,4.0000,0.463580,0.464320,-0.000044,1,-0.000044
0.1550,move->d,none,0.0339,0.463579,-0.016694,-0.592467,-0.001182,1.690302,0.019237,1.022936,1.561852,0.464320,-0.016703,-0.592539,-0.000873,1.690334,0.019076,1.022990,1.562227,0.190764,0.064647,0.364737,3.129680,-0.549817,-3.139627,0.00006,-0.00152,0.00006,-0.00001,-0.00003,0.00004,0.00006,-0.00152,0.00006,-0.00001,-0.00003,0.00004,0.00041,-0.00151,0.00361,0.00048,-0.01210,-0.00338,0.732,0.0424,0.00000,0,0,0,0,0.123,1.002,0.384,nan,nan,nan,nan,nan,nan,nan,nan,nan,0,0.005894,0.001436,0.119,1.125,0.390,nan,nan,nan,nan,nan,nan,nan,nan,nan,-0.003305,nan,nan,nan,0,0,0,0,0.5123,1.0000,0.13483,0.01101,0.0050,0.00024,0.0000,0.0000,0.008,-0.05967,4.0000,0.463579,0.464096,-0.000054,1,-0.000054
0.1617,move->d,none,0.0365,0.463579,-0.016693,-0.592464,-0.001207,1.690300,0.019248,1.022936,1.561825,0.464096,-0.016720,-0.592609,-0.000855,1.690386,0.019076,1.022990,1.562209,0.190750,0.064422,0.364733,3.129709,-0.549800,-3.139636,0.00010,-0.00108,0.00007,0.00004,-0.00000,0.00003,0.00010,-0.00108,0.00007,0.00004,-0.00000,0.00003,-0.00194,-0.03288,-0.00062,-0.00365,-0.00254,0.00090,0.509,0.0296,0.00000,0,0,0,0,0.131,1.014,0.388,nan,nan,nan,nan,nan,nan,nan,nan,nan,0,0.006617,0.001216,0.228,1.077,0.414,nan,nan,nan,nan,nan,nan,nan,nan,nan,0.001185,nan,nan,nan,0,0,0,0,0.5344,1.0000,0.13483,0.00771,0.0034,0.00028,0.0000,0.0000,0.005,-0.05967,4.0000,0.463579,0.464096,-0.000066,1,-0.000066
0.1680,move->d,none,0.0393,0.463579,-0.016691,-0.592463,-0.001232,1.690297,0.019258,1.022937,1.561798,0.464096,-0.016720,-0.592469,-0.000838,1.690386,0.019111,1.022972,1.562209,0.190771,0.064434,0.364709,3.129681,-0.549921,-3.139592,0.00006,-0.00112,0.00014,-0.00000,-0.00024,-0.00003,0.00006,-0.00112,0.00014,-0.00000,-0.00024,-0.00003,0.00326,0.00184,-0.00379,0.00372,0.01925,0.00475,0.521,0.0296,0.00000,0,0,0,0,0.132,1.018,0.393,nan,nan,nan,nan,nan,nan,nan,nan,nan,0,0.006330,0.001221,0.102,0.996,0.422,nan,nan,nan,nan,nan,nan,nan,nan,nan,0.001547,nan,nan,nan,0,0,0,0,0.5555,1.0000,0.13483,0.00773,0.0035,0.00031,0.0000,0.0000,0.006,-0.05967,4.0000,0.463579,0.464096,-0.000080,1,-0.000080
0.1738,move->d,none,0.0422,0.463578,-0.016689,-0.592460,-0.001257,1.690294,0.019268,1.022938,1.561771,0.464096,-0.016703,-0.592522,-0.000855,1.690334,0.019111,1.022990,1.562209,0.190766,0.064434,0.364734,3.129672,-0.549834,-3.139584,0.00008,-0.00113,0.00010,-0.00002,-0.00007,-0.00004,0.00008,-0.00113,0.00010,-0.00002,-0.00007,-0.00004,-0.00086,-0.00009,0.00420,0.00137,-0.01472,0.00055,0.520,0.0297,0.00000,0,0,0,0,0.140,1.025,0.396,nan,nan,nan,nan,nan,nan,nan,nan,nan,0,0.005780,0.001050,0.226,1.085,0.404,nan,nan,nan,nan,nan,nan,nan,nan,nan,-0.003128,nan,nan,nan,0,0,0,0,0.5747,1.0000,0.13483,0.00770,0.0035,0.00035,0.0000,0.0000,0.006,-0.05967,4.0000,0.463578,0.464096,-0.000095,1,-0.000095
0.1797,move->d,none,0.0452,0.463578,-0.016687,-0.592458,-0.001282,1.690290,0.019278,1.022939,1.561744,0.464096,-0.016703,-0.592522,-0.000873,1.690386,0.019111,1.022990,1.562174,0.190761,0.064427,0.364717,3.129694,-0.549886,-3.139591,0.00010,-0.00114,0.00015,0.00002,-0.00017,-0.00005,0.00010,-0.00114,0.00015,0.00002,-0.00017,-0.00005,-0.00073,-0.00105,-0.00273,-0.00300,0.00815,0.00060,0.515,0.0297,0.00000,0,0,0,0,0.150,1.027,0.398,nan,nan,nan,nan,nan,nan,nan,nan,nan,0,0.005978,0.000635,0.203,0.998,0.395,nan,nan,nan,nan,nan,nan,nan,nan,nan,0.002696,nan,nan,nan,0,0,0,0,0.5947,1.0000,0.13483,0.00766,0.0034,0.00039,0.0000,0.0000,0.006,-0.05967,4.0000,0.463578,0.464096,-0.000114,1,-0.000114
0.1857,move->d,none,0.0482,0.463577,-0.016686,-0.592455,-0.001306,1.690286,0.019289,1.022940,1.561718,0.464096,-0.016703,-0.592539,-0.000873,1.690334,0.019094,1.022990,1.562139,0.190764,0.064420,0.364737,3.129749,-0.549816,-3.139610,0.00010,-0.00115,0.00013,0.00011,-0.00003,-0.00007,0.00010,-0.00115,0.00013,0.00011,-0.00003,-0.00007,0.00043,-0.00123,0.00371,-0.00833,-0.01246,0.00184,0.508,0.0297,0.00000,0,0,0,0,0.150,1.018,0.396,nan,nan,nan,nan,nan,nan,nan,nan,nan,0,0.005972,0.001015,0.095,0.920,0.364,nan,nan,nan,nan,nan,nan,nan,nan,nan,-0.003398,nan,nan,nan,0,0,0,0,0.6146,1.0000,0.13483,0.00764,0.0034,0.00043,0.0000,0.0000,0.006,-0.05966,4.0000,0.463577,0.463591,-0.000134,1,-0.000134
0.1920,move->d,none,0.0514,0.463576,-0.016686,-0.592452,-0.001307,1.690281,0.019288,1.022941,1.561718,0.463591,-0.016703,-0.592522,-0.000873,1.690334,0.019146,1.022990,1.562139,0.190766,0.063927,0.364734,3.129694,-0.549833,-3.139557,0.00011,-0.00019,0.00016,0.00002,-0.00007,-0.00011,0.00011,-0.00019,0.00016,0.00002,-0.00007,-0.00011,0.00038,-0.08164,-0.00052,0.00776,0.00275,0.00395,0.025,0.0249,0.00000,0,0,0,0,0.139,1.003,0.400,nan,nan,nan,nan,nan,nan,nan,nan,nan,0,0.006279,0.001268,0.033,0.903,0.452,nan,nan,nan,nan,nan,nan,nan,nan,nan,-0.000638,nan,nan,nan,0,0,0,0,0.6355,1.0000,0.13483,0.00116,0.0016,0.00047,0.0000,0.0000,0.001,-0.05966,4.0000,0.463576,0.463591,-0.000158,1,-0.000158
0.1977,move->d,none,0.0547,0.463575,-0.016686,-0.592448,-0.001307,1.690275,0.019289,1.022943,1.561718,0.463591,-0.016703,-0.592539,-0.000855,1.690334,0.019111,1.022937,1.562139,0.190773,0.063922,0.364745,3.129743,-0.549764,-3.139585,0.00011,-0.00021,0.00016,0.00010,0.00007,-0.00011,0.00011,-0.00021,0.00016,0.00010,0.00007,-0.00011,0.00115,-0.00066,0.00168,-0.00645,-0.01072,-0.00036,0.016,0.0259,0.00000,0,0,0,0,0.134,0.997,0.402,nan,nan,nan,nan,nan,nan,nan,nan,nan,0,0.005731,0.000539,0.139,1.025,0.399,nan,nan,nan,nan,nan,nan,nan,nan,nan,-0.002042,nan,nan,nan,0,0,0,0,0.6546,1.0000,0.13483,0.00140,0.0019,0.00049,0.0000,0.0000,0.001,-0.05966,4.0000,0.463575,0.463591,-0.000185,1,-0.000185
0.2034,move->d,none,0.0581,0.463574,-0.016686,-0.592444,-0.001308,1.690269,0.019289,1.022946,1.561719,0.463591,-0.016668,-0.592487,-0.000855,1.690334,0.019111,1.022937,1.562105,0.190780,0.063926,0.364735,3.129776,-0.549816,-3.139550,0.00011,-0.00025,0.00021,0.00016,-0.00003,-0.00022,0.00011,-0.00025,0.00021,0.00016,-0.00003,-0.00022,0.00115,0.00067,-0.00178,-0.00512,0.00928,0.00942,0.020,0.0259,0.00000,0,0,0,0,0.139,1.003,0.404,nan,nan,nan,nan,nan,nan,nan,nan,nan,0,0.005700,0.000600,0.225,1.107,0.418,nan,nan,nan,nan,nan,nan,nan,nan,nan,0.000921,nan,nan,nan,0,0,0,0,0.6736,1.0000,0.13483,0.00156,0.0022,0.00052,0.0000,0.0000,0.002,-0.05966,4.0000,0.463574,0.463591,-0.000215,1,-0.000215
0.2097,move->d,none,0.0615,0.463573,-0.016686,-0.592440,-0.001308,1.690262,0.019289,1.022948,1.561719,0.463591,-0.016703,-0.592487,-0.000925,1.690369,0.019094,1.022972,1.562105,0.190770,0.063900,0.364718,3.129748,-0.549886,-3.139635,0.00015,-0.00023,0.00027,0.00011,-0.00017,-0.00001,0.00015,-0.00023,0.00027,0.00011,-0.00017,-0.00001,-0.00185,-0.00508,-0.00322,0.00469,0.01337,-0.01930,0.033,0.0221,0.00000,0,0,0,0,0.136,1.009,0.402,nan,nan,nan,nan,nan,nan,nan,nan,nan,0,0.006232,0.001654,0.083,1.027,0.370,nan,nan,nan,nan,nan,nan,nan,nan,nan,0.003651,nan,nan,nan,0,0,0,0,0.6944,1.0000,0.13483,0.00183,0.0025,0.00055,0.0000,0.0000,0.002,-0.05966,4.0000,0.463573,0.463591,-0.000249,1,-0.000249
0.2158,move->d,none,0.0651,0.463571,-0.016687,-0.592434,-0.001308,1.690253,0.019288,1.022951,1.561720,0.463591,-0.016668,-0.592539,-0.000925,1.690334,0.019146,1.022972,1.562070,0.190767,0.063916,0.364740,3.129730,-0.549798,-3.139548,0.00018,-0.00030,0.00026,0.00008,0.00000,-0.00017,0.00018,-0.00030,0.00026,0.00008,0.00000,-0.00017,-0.00053,0.00256,0.00348,0.00246,-0.01410,0.01231,0.022,0.0219,0.00000,0,0,0,0,0.130,1.013,0.398,nan,nan,nan,nan,nan,nan,nan,nan,nan,0,0.006122,0.001508,0.083,1.027,0.370,nan,nan,nan,nan,nan,nan,nan,nan,nan,-0.002664,nan,nan,nan,0,0,0,0,0.7148,1.0000,0.13483,0.00211,0.0029,0.00058,0.0000,0.0000,0.002,-0.05966,4.0000,0.463571,0.463591,-0.000287,1,-0.000287
0.2214,move->d,none,0.0688,0.463570,-0.016687,-0.592428,-0.001307,1.690243,0.019288,1.022954,1.561721,0.463591,-0.016668,-0.592522,-0.000942,1.690386,0.019146,1.022990,1.562087,0.190761,0.063913,0.364717,3.129699,-0.549885,-3.139556,0.00021,-0.00034,0.00035,0.00003,-0.00017,-0.00012,0.00021,-0.00034,0.00035,0.00003,-0.00017,-0.00012,-0.00090,-0.00039,-0.00372,0.00414,0.01389,-0.00371,0.042,0.0210,0.00000,0,0,0,0,0.127,1.020,0.399,nan,nan,nan,nan,nan,nan,nan,nan,nan,0,0.005577,0.000830,0.127,1.071,0.436,nan,nan,nan,nan,nan,nan,nan,nan,nan,0.003638,nan,nan,nan,0,0,0,0,0.7334,1.0000,0.13483,0.00247,0.0033,0.00061,0.0000,0.0000,0.003,-0.05966,4.0000,0.463570,0.463404,-0.000330,1,-0.000330
0.2276,move->d,none,0.0725,0.463568,-0.016688,-0.592422,-0.001299,1.690232,0.019284,1.022958,1.561731,0.463404,-0.016703,-0.592522,-0.000873,1.690369,0.019146,1.022972,1.562087,0.190766,0.063736,0.364725,3.129745,-0.549850,-3.139557,0.00023,-0.00004,0.00038,0.00011,-0.00010,-0.00016,0.00023,-0.00004,0.00038,0.00011,-0.00010,-0.00016,0.00083,-0.03049,0.00142,-0.00679,-0.00589,0.00390,0.171,0.0249,0.00000,0,0,0,0,0.130,1.021,0.402,nan,nan,nan,nan,nan,nan,nan,nan,nan,0,0.006237,0.001252,0.177,1.000,0.419,nan,nan,nan,nan,nan,nan,nan,nan,nan,-0.001971,nan,nan,nan,0,0,0,0,0.7542,1.0000,0.13483,0.00391,0.0038,0.00065,0.0000,0.0000,0.002,-0.05966,4.0000,0.463568,0.463404,-0.000377,1,-0.000377
0.2338,move->d,none,0.0764,0.463566,-0.016689,-0.592414,-0.001290,1.690219,0.019280,1.022963,1.561741,0.463404,-0.016668,-0.592487,-0.000925,1.690369,0.019146,1.022990,1.562070,0.190767,0.063729,0.364716,3.129728,-0.549902,-3.139547,0.00025,-0.00008,0.00045,0.00008,-0.00021,-0.00017,0.00025,-0.00008,0.00045,0.00008,-0.00021,-0.00017,0.00016,-0.00098,-0.00135,0.00223,0.00767,0.00013,0.178,0.0214,0.00000,0,0,0,0,0.136,1.020,0.405,nan,nan,nan,nan,nan,nan,nan,nan,nan,0,0.006177,0.000662,0.177,1.000,0.419,nan,nan,nan,nan,nan,nan,nan,nan,nan,0.001058,nan,nan,nan,0,0,0,0,0.7748,1.0000,0.13483,0.00422,0.0043,0.00069,0.0000,0.0000,0.003,-0.05966,4.0000,0.463566,0.463404,-0.000430,1,-0.000430
0.2395,move->d,none,0.0804,0.463563,-0.016690,-0.592406,-0.001281,1.690205,0.019277,1.022968,1.561752,0.463404,-0.016703,-0.592469,-0.000908,1.690369,0.019164,1.022920,1.562070,0.190782,0.063730,0.364723,3.129721,-0.549850,-3.139557,0.00025,-0.00014,0.00049,0.00007,-0.00010,-0.00014,0.00025,-0.00014,0.00049,0.00007,-0.00010,-0.00014,0.00286,0.00019,0.00132,0.00104,-0.00997,-0.00261,0.172,0.0219,0.00000,0,0,0,0,0.135,1.011,0.402,nan,nan,nan,nan,nan,nan,nan,nan,nan,0,0.005725,0.001130,0.096,0.921,0.351,nan,nan,nan,nan,nan,nan,nan,nan,nan,-0.002619,nan,nan,nan,0,0,0,0,0.7939,1.0000,0.13483,0.00452,0.0049,0.00073,0.0000,0.0000,0.003,-0.05965,4.0000,0.463563,0.463404,-0.000488,1,-0.000488
0.2457,move->d,none,0.0845,0.463561,-0.016690,-0.592397,-0.001273,1.690189,0.019273,1.022974,1.561762,0.463404,-0.016720,-0.592469,-0.000908,1.690334,0.019164,1.022990,1.562070,0.190772,0.063727,0.364724,3.129721,-0.549885,-3.139574,0.00031,-0.00021,0.00054,0.00007,-0.00017,-0.00010,0.00031,-0.00021,0.00054,0.00007,-0.00017,-0.00010,-0.00167,-0.00053,0.00024,0.00000,0.00597,-0.00278,0.174,0.0214,0.00000,0,0,0,0,0.134,1.007,0.401,nan,nan,nan,nan,nan,nan,nan,nan,nan,0,0.006216,0.001496,0.130,1.013,0.418,nan,nan,nan,nan,nan,nan,nan,nan,nan,0.000661,nan,nan,nan,0,0,0,0,0.8146,1.0000,0.13483,0.00478,0.0055,0.00078,0.0000,0.0000,0.003,-0.05965,4.0000,0.463561,0.463413,-0.000552,1,-0.000552
0.2518,move->d,none,0.0886,0.463557,-0.016691,-0.592386,-0.001264,1.690170,0.019269,1.022980,1.561771,0.463413,-0.016720,-0.592487,-0.000942,1.690334,0.019199,1.022990,1.562035,0.190770,0.063733,0.364728,3.129697,-0.549866,-3.139556,0.00035,-0.00029,0.00060,0.00003,-0.00013,-0.00011,0.00035,-0.00029,0.00060,0.00003,-0.00013,-0.00011,-0.00033,0.00089,0.00053,0.00314,-0.00281,0.00079,0.165,0.0189,0.00000,0,0,0,0,0.135,1.006,0.399,nan,nan,nan,nan,nan,nan,nan,nan,nan,0,0.006126,0.001079,0.149,1.019,0.377,nan,nan,nan,nan,nan,nan,nan,nan,nan,-0.000275,nan,nan,nan,0,0,0,0,0.8350,1.0000,0.13483,0.00520,0.0062,0.00083,0.0000,0.0000,0.004,-0.05965,4.0000,0.463557,0.463413,-0.000623,1,-0.000623
0.2576,move->d,none,0.0929,0.463554,-0.016692,-0.592374,-0.001256,1.690150,0.019265,1.022988,1.561781,0.463413,-0.016720,-0.592487,-0.000942,1.690334,0.019199,1.022990,1.562035,0.190770,0.063733,0.364728,3.129697,-0.549866,-3.139556,0.00039,-0.00038,0.00067,0.00003,-0.00013,-0.00011,0.00039,-0.00038,0.00067,0.00003,-0.00013,-0.00011,-0.00033,0.00089,0.00053,0.00314,-0.00281,0.00079,0.163,0.0184,0.00000,0,0,0,0,0.137,1.006,0.396,nan,nan,nan,nan,nan,nan,nan,nan,nan,0,0.005757,0.006782,0.149,1.019,0.377,nan,nan,nan,nan,nan,nan,nan,nan,nan,-0.000275,nan,nan,nan,0,0,0,0,0.8542,1.0000,0.13483,0.00567,0.0070,0.00090,0.0000,0.0000,0.004,-0.05964,4.0000,0.463554,0.463413,-0.000701,1,-0.000701
0.2636,move->d,none,0.0973,0.463550,-0.016693,-0.592360,-0.001248,1.690127,0.019262,1.022996,1.561791,0.463413,-0.016720,-0.592487,-0.000942,1.690334,0.019199,1.022990,1.562035,0.190770,0.063733,0.364728,3.129697,-0.549866,-3.139556,0.00043,-0.00047,0.00075,0.00003,-0.00013,-0.00011,0.00043,-0.00047,0.00075,0.00003,-0.00013,-0.00011,-0.00033,0.00089,0.00053,0.00314,-0.00281,0.00079,0.161,0.0180,0.00000,0,0,0,0,0.139,1.008,0.393,nan,nan,nan,nan,nan,nan,nan,nan,nan,0,0.005972,0.012763,0.149,1.019,0.377,nan,nan,nan,nan,nan,nan,nan,nan,nan,-0.000275,nan,nan,nan,0,0,0,0,0.8741,1.0000,0.13482,0.00620,0.0078,0.00097,0.0000,0.0000,0.005,-0.05964,4.0000,0.463550,0.463413,-0.000785,1,-0.000785
0.2698,move->d,none,0.1017,0.463546,-0.016694,-0.592345,-0.001240,1.690102,0.019257,1.023006,1.561800,0.463413,-0.016650,-0.592469,-0.000977,1.690334,0.019234,1.022972,1.562017,0.190776,0.063745,0.364727,3.129655,-0.549865,-3.139468,0.00047,-0.00059,0.00084,-0.00004,-0.00013,-0.00024,0.00047,-0.00059,0.00084,-0.00004,-0.00013,-0.00024,0.00030,0.00065,-0.00003,0.00196,-0.00005,0.00359,0.146,0.0155,0.00000,0,0,0,0,0.134,0.998,0.387,nan,nan,nan,nan,nan,nan,nan,nan,nan,0,0.006226,0.000805,0.078,0.899,0.346,nan,nan,nan,nan,nan,nan,nan,nan,nan,-0.000120,nan,nan,nan,0,0,0,0,0.8948,1.0000,0.13482,0.00686,0.0088,0.00105,0.0000,0.0000,0.006,-0.05964,4.0000,0.463546,0.463496,-0.000877,1,-0.000877
0.2756,move->d,none,0.1063,0.463541,-0.016695,-0.592328,-0.001236,1.690073,0.019256,1.023017,1.561805,0.463496,-0.016668,-0.592469,-0.000925,1.690386,0.019164,1.022972,1.562017,0.190771,0.063821,0.364709,3.129761,-0.549919,-3.139529,0.00053,-0.00085,0.00097,0.00014,-0.00024,-0.00023,0.00053,-0.00085,0.00097,0.00014,-0.00024,-0.00023,-0.00085,0.01370,-0.00322,-0.01634,0.00974,-0.00105,0.091,0.0180,0.00000,0,0,0,0,0.126,0.992,0.380,nan,nan,nan,nan,nan,nan,nan,nan,nan,0,0.005856,0.001124,0.066,0.971,0.336,nan,nan,nan,nan,nan,nan,nan,nan,nan,0.003335,nan,nan,nan,0,0,0,0,0.9144,1.0000,0.13482,0.00725,0.0098,0.00115,0.0000,0.0000,0.007,-0.05963,4.0000,0.463541,0.463496,-0.000979,1,-0.000979
0.2820,move->d,none,0.1110,0.463535,-0.016695,-0.592309,-0.001233,1.690041,0.019254,1.023029,1.561810,0.463496,-0.016703,-0.592469,-0.000942,1.690334,0.019216,1.022990,1.562035,0.190772,0.063824,0.364725,3.129679,-0.549883,-3.139521,0.00059,-0.00098,0.00105,0.00000,-0.00017,-0.00015,0.00059,-0.00098,0.00105,0.00000,-0.00017,-0.00015,0.00024,0.00045,0.00242,0.01128,-0.00574,-0.00550,0.079,0.0168,0.00000,0,0,0,0,0.131,1.003,0.388,nan,nan,nan,nan,nan,nan,nan,nan,nan,0,0.006363,0.001242,0.221,1.151,0.500,nan,nan,nan,nan,nan,nan,nan,nan,nan,-0.002188,nan,nan,nan,0,0,0,0,0.9356,1.0000,0.13482,0.00794,0.0109,0.00125,0.0000,0.0000,0.008,-0.05963,4.0000,0.463535,0.463496,-0.001088,1,-0.001088
0.2885,move->d,none,0.1158,0.463529,-0.016696,-0.592288,-0.001229,1.690005,0.019252,1.023042,1.561814,0.463496,-0.016720,-0.592539,-0.000977,1.690386,0.019199,1.022972,1.562035,0.190762,0.063809,0.364723,3.129675,-0.549848,-3.139573,0.00067,-0.00108,0.00116,-0.00000,-0.00010,-0.00004,0.00067,-0.00108,0.00116,-0.00000,-0.00010,-0.00004,-0.00147,-0.00219,-0.00023,0.00051,-0.00506,-0.00790,0.094,0.0198,0.00000,0,0,0,0,0.134,1.018,0.398,nan,nan,nan,nan,nan,nan,nan,nan,nan,0,0.006462,0.000780,0.136,1.088,0.455,nan,nan,nan,nan,nan,nan,nan,nan,nan,0.000936,nan,nan,nan,0,0,0,0,0.9571,1.0000,0.13482,0.00897,0.0121,0.00137,0.0000,0.0000,0.009,-0.05962,4.0000,0.463529,0.463496,-0.001209,1,-0.001209
0.2948,move->d,none,0.1207,0.463523,-0.016696,-0.592265,-0.001226,1.689965,0.019250,1.023057,1.561819,0.463496,-0.016703,-0.592452,-0.000977,1.690386,0.019216,1.022990,1.562017,0.190770,0.063814,0.364704,3.129672,-0.549953,-3.139537,0.00073,-0.00123,0.00133,-0.00001,-0.00031,-0.00011,0.00073,-0.00123,0.00133,-0.00001,-0.00031,-0.00011,0.00126,0.00096,-0.00316,0.00037,0.01720,0.00574,0.104,0.0218,0.00000,0,0,0,0,0.125,1.021,0.397,nan,nan,nan,nan,nan,nan,nan,nan,nan,0,0.006344,0.001057,0.023,0.979,0.337,nan,nan,nan,nan,nan,nan,nan,nan,nan,0.002042,nan,nan,nan,0,0,0,0,0.9783,1.0000,0.13482,0.00983,0.0134,0.00150,0.0000,0.0000,0.010,-0.05962,4.0000,0.463523,0.463535,-0.001341,1,-0.001341
0.3006,move->d,none,0.1257,0.463515,-0.016697,-0.592239,-0.001225,1.689922,0.019249,1.023074,1.561820,0.463535,-0.016720,-0.592400,-0.000942,1.690334,0.019234,1.022972,1.562017,0.190784,0.063862,0.364714,3.129677,-0.549935,-3.139520,0.00078,-0.00148,0.00144,0.00000,-0.00027,-0.00015,0.00078,-0.00148,0.00144,0.00000,-0.00027,-0.00015,0.00250,0.00821,0.00174,-0.00072,-0.00302,0.00332,0.086,0.0211,0.00000,0,0,0,0,0.117,1.022,0.398,nan,nan,nan,nan,nan,nan,nan,nan,nan,0,0.005789,0.001076,0.088,1.021,0.409,nan,nan,nan,nan,nan,nan,nan,nan,nan,-0.002699,nan,nan,nan,0,0,0,0,0.9976,1.0000,0.13481,0.01070,0.0148,0.00164,0.0000,0.0000,0.011,-0.05961,4.0000,0.463515,0.463535,-0.001482,1,-0.001482
0.3067,move->d,none,0.1307,0.463507,-0.016697,-0.592211,-0.001224,1.689874,0.019248,1.023092,1.561822,0.463535,-0.016703,-0.592417,-0.000995,1.690369,0.019234,1.022972,1.562035,0.190779,0.063855,0.364706,3.129624,-0.549952,-3.139528,0.00087,-0.00163,0.00160,-0.00008,-0.00031,-0.00007,0.00087,-0.00163,0.00160,-0.00008,-0.00031,-0.00007,-0.00082,-0.00109,-0.00126,0.00685,0.00262,-0.00541,0.103,0.0256,0.00000,0,0,0,0,0.122,1.029,0.405,nan,nan,nan,nan,nan,nan,nan,nan,nan,0,0.006058,0.000660,0.213,1.089,0.475,nan,nan,nan,nan,nan,nan,nan,nan,nan,0.001493,nan,nan,nan,0,0,0,0,1.0000,1.0000,0.13481,0.01188,0.0163,0.00180,0.0000,0.0000,0.012,-0.05960,4.0000,0.463507,0.463535,-0.001633,1,-0.001633
0.3128,move->d,none,0.1357,0.463498,-0.016697,-0.592181,-0.001223,1.689822,0.019247,1.023113,1.561823,0.463535,-0.016720,-0.592417,-0.000995,1.690334,0.019234,1.022972,1.562017,0.190782,0.063850,0.364717,3.129643,-0.549917,-3.139546,0.00093,-0.00177,0.00170,-0.00005,-0.00024,-0.00005,0.00093,-0.00177,0.00170,-0.00005,-0.00024,-0.00005,0.00054,-0.00084,0.00204,-0.00272,-0.00612,-0.00147,0.100,0.0264,0.00000,0,0,0,0,0.121,1.022,0.405,nan,nan,nan,nan,nan,nan,nan,nan,nan,0,0.006105,0.001071,0.082,0.915,0.372,nan,nan,nan,nan,nan,nan,nan,nan,nan,-0.002030,nan,nan,nan,0,0,0,0,1.0000,1.0000,0.13481,0.01280,0.0176,0.00193,0.0000,0.0000,0.013,-0.05959,4.0000,0.463498,0.463535,-0.001762,1,-0.001762
0.3189,move->d,none,0.1407,0.463489,-0.016698,-0.592148,-0.001223,1.689766,0.019247,1.023134,1.561824,0.463535,-0.016703,-0.592365,-0.000925,1.690334,0.019234,1.022972,1.561982,0.190789,0.063866,0.364707,3.129722,-0.549971,-3.139494,0.00099,-0.00195,0.00185,0.00009,-0.00034,-0.00024,0.00099,-0.00195,0.00185,0.00009,-0.00034,-0.00024,0.00110,0.00274,-0.00170,-0.01138,0.00888,0.01570,0.121,0.0293,0.00000,0,0,0,0,0.116,1.010,0.404,nan,nan,nan,nan,nan,nan,nan,nan,nan,0,0.006173,0.001332,0.071,0.933,0.391,nan,nan,nan,nan,nan,nan,nan,nan,nan,0.000908,nan,nan,nan,0,0,0,0,1.0000,1.0000,0.13481,0.01374,0.0189,0.00207,0.0000,0.0000,0.014,-0.05959,4.0000,0.463489,0.463530,-0.001891,1,-0.001891
0.3252,move->d,none,0.1457,0.463479,-0.016698,-0.592113,-0.001223,1.689706,0.019247,1.023157,1.561825,0.463530,-0.016703,-0.592400,-0.000995,1.690369,0.019216,1.022990,1.561982,0.190778,0.063842,0.364700,3.129694,-0.549988,-3.139545,0.00109,-0.00205,0.00200,0.00004,-0.00038,-0.00010,0.00109,-0.00205,0.00200,0.00004,-0.00038,-0.00010,-0.00166,-0.00378,-0.00115,0.00366,0.00263,-0.01014,0.137,0.0345,0.00000,0,0,0,0,0.119,1.016,0.407,nan,nan,nan,nan,nan,nan,nan,nan,nan,0,0.006272,0.001085,0.183,1.135,0.441,nan,nan,nan,nan,nan,nan,nan,nan,nan,0.001811,nan,nan,nan,0,0,0,0,1.0000,1.0000,0.13480,0.01484,0.0202,0.00221,0.0000,0.0000,0.015,-0.05958,4.0000,0.463479,0.463530,-0.002024,1,-0.002024
0.3317,move->d,none,0.1507,0.463468,-0.016698,-0.592076,-0.001224,1.689641,0.019246,1.023182,1.561825,0.463530,-0.016720,-0.592365,-0.000977,1.690369,0.019234,1.022972,1.562017,0.190786,0.063849,0.364696,3.129652,-0.550005,-3.139536,0.00115,-0.00222,0.00214,-0.00003,-0.00041,-0.00007,0.00115,-0.00222,0.00214,-0.00003,-0.00041,-0.00007,0.00118,0.00114,-0.00063,0.00559,0.00271,-0.00211,0.152,0.0380,0.00000,0,0,0,0,0.122,1.032,0.413,nan,nan,nan,nan,nan,nan,nan,nan,nan,0,0.006510,0.001166,0.126,1.143,0.455,nan,nan,nan,nan,nan,nan,nan,nan,nan,-0.000070,nan,nan,nan,0,0,0,0,1.0000,1.0000,0.13480,0.01588,0.0216,0.00236,0.0000,0.0000,0.016,-0.05957,4.0000,0.463468,0.463530,-0.002162,1,-0.002162
0.3381,move->d,none,0.1557,0.463456,-0.016698,-0.592036,-0.001225,1.689573,0.019246,1.023209,1.561825,0.463530,-0.016720,-0.592330,-0.000977,1.690369,0.019234,1.022972,1.561982,0.190790,0.063846,0.364689,3.129686,-0.550040,-3.139536,0.00122,-0.00238,0.00230,0.00003,-0.00048,-0.00011,0.00122,-0.00238,0.00230,0.00003,-0.00048,-0.00011,0.00069,-0.00046,-0.00106,-0.00464,0.00554,0.00290,0.170,0.0417,0.00000,0,0,0,0,0.123,1.031,0.407,nan,nan,nan,nan,nan,nan,nan,nan,nan,0,0.006373,0.001277,0.121,0.944,0.321,nan,nan,nan,nan,nan,nan,nan,nan,nan,0.000542,nan,nan,nan,0,0,0,0,1.0000,1.0000,0.13480,0.01694,0.0230,0.00251,0.0000,0.0000,0.018,-0.05955,4.0000,0.463456,0.463530,-0.002303,1,-0.002303
0.3444,move->d,none,0.1607,0.463444,-0.016699,-0.591994,-0.001226,1.689499,0.019246,1.023238,1.561825,0.463530,-0.016668,-0.592278,-0.001047,1.690334,0.019268,1.022972,1.561982,0.190800,0.063848,0.364691,3.129604,-0.550056,-3.139483,0.00128,-0.00255,0.00244,-0.00011,-0.00051,-0.00012,0.00128,-0.00255,0.00244,-0.00011,-0.00051,-0.00012,0.00151,0.00031,0.00030,0.01105,0.00255,0.00162,0.181,0.0436,0.00000,0,0,0,0,0.129,1.034,0.411,nan,nan,nan,nan,nan,nan,nan,nan,nan,0,0.006343,0.001233,0.179,1.069,0.475,nan,nan,nan,nan,nan,nan,nan,nan,nan,-0.001040,nan,nan,nan,0,0,0,0,1.0000,1.0000,0.13479,0.01797,0.0245,0.00268,0.0000,0.0000,0.019,-0.05954,4.0000,0.463444,0.463530,-0.002448,1,-0.002448
0.3507,move->d,none,0.1657,0.463431,-0.016699,-0.591949,-0.001227,1.689422,0.019246,1.023268,1.561824,0.463530,-0.016650,-0.592330,-0.001047,1.690316,0.019268,1.022972,1.562017,0.190795,0.063854,0.364707,3.129570,-0.549986,-3.139466,0.00138,-0.00273,0.00256,-0.00016,-0.00037,-0.00012,0.00138,-0.00273,0.00256,-0.00016,-0.00037,-0.00012,-0.00292,0.00365,0.00932,0.01682,-0.04105,-0.00047,0.187,0.0468,0.00000,0,0,0,0,0.136,1.039,0.419,nan,nan,nan,nan,nan,nan,nan,nan,nan,0,0.006310,0.005842,0.179,1.069,0.475,nan,nan,nan,nan,nan,nan,nan,nan,nan,-0.006383,nan,nan,nan,0,0,0,0,1.0000,1.0000,0.13479,0.01915,0.0260,0.00284,0.0000,0.0000,0.020,-0.05953,4.0000,0.463431,0.463523,-0.002596,1,-0.002596
0.3570,move->d,none,0.1707,0.463417,-0.016699,-0.591902,-0.001229,1.689340,0.019246,1.023301,1.561822,0.463523,-0.016703,-0.592208,-0.001030,1.690264,0.019234,1.022937,1.562017,0.190821,0.063833,0.364706,3.129617,-0.550022,-3.139545,0.00141,-0.00286,0.00271,-0.00008,-0.00045,-0.00001,0.00141,-0.00286,0.00271,-0.00008,-0.00045,-0.00001,0.00244,-0.00199,-0.00008,-0.00372,0.00332,-0.00507,0.189,0.0483,0.00000,0,0,0,0,0.145,1.037,0.419,nan,nan,nan,nan,nan,nan,nan,nan,nan,0,0.006251,0.001367,0.194,0.998,0.384,nan,nan,nan,nan,nan,nan,nan,nan,nan,-0.001225,nan,nan,nan,0,0,0,0,1.0000,1.0000,0.13479,0.02018,0.0275,0.00302,0.0000,0.0000,0.021,-0.05952,4.0000,0.463417,0.463523,-0.002748,1,-0.002748
0.3630,move->d,none,0.1757,0.463403,-0.016699,-0.591851,-0.001231,1.689253,0.019246,1.023335,1.561820,0.463523,-0.016650,-0.592278,-0.001030,1.690264,0.019234,1.023007,1.562017,0.190799,0.063843,0.364709,3.129618,-0.550022,-3.139492,0.00155,-0.00307,0.00287,-0.00008,-0.00045,-0.00011,0.00155,-0.00307,0.00287,-0.00008,-0.00045,-0.00011,-0.00343,0.00166,0.00049,-0.00009,-0.00001,0.00854,0.215,0.0530,0.00000,0,0,0,0,0.146,1.032,0.413,nan,nan,nan,nan,nan,nan,nan,nan,nan,0,0.005963,0.001050,0.110,0.980,0.352,nan,nan,nan,nan,nan,nan,nan,nan,nan,0.001391,nan,nan,nan,0,0,0,0,1.0000,1.0000,0.13478,0.02144,0.0290,0.00319,0.0000,0.0000,0.022,-0.05950,4.0000,0.463403,0.463523,-0.002904,1,-0.002904
0.3687,move->d,none,0.1807,0.463387,-0.016699,-0.591798,-0.001234,1.689161,0.019247,1.023371,1.561818,0.463523,-0.016703,-0.592208,-0.001047,1.690247,0.019268,1.022990,1.561982,0.190813,0.063834,0.364704,3.129604,-0.550056,-3.139517,0.00161,-0.00324,0.00304,-0.00010,-0.00051,-0.00004,0.00161,-0.00324,0.00304,-0.00010,-0.00051,-0.00004,0.00231,-0.00153,-0.00082,0.00202,0.00585,-0.00565,0.231,0.0569,0.00000,0,0,0,0,0.155,1.036,0.413,nan,nan,nan,nan,nan,nan,nan,nan,nan,0,0.005736,0.000926,0.243,1.116,0.442,nan,nan,nan,nan,nan,nan,nan,nan,nan,-0.000521,nan,nan,nan,0,0,0,0,1.0000,1.0000,0.13478,0.02263,0.0306,0.00338,0.0000,0.0000,0.024,-0.05949,4.0000,0.463387,0.463523,-0.003064,1,-0.003064
0.3747,move->d,none,0.1857,0.463371,-0.016699,-0.591742,-0.001238,1.689064,0.019247,1.023409,1.561814,0.463523,-0.016650,-0.592173,-0.001030,1.690247,0.019268,1.022990,1.561982,0.190817,0.063848,0.364697,3.129615,-0.550091,-3.139456,0.00170,-0.00346,0.00322,-0.00008,-0.00058,-0.00017,0.00170,-0.00346,0.00322,-0.00008,-0.00058,-0.00017,0.00081,0.00260,-0.00125,-0.00172,0.00656,0.01252,0.263,0.0622,0.00000,0,0,0,0,0.159,1.046,0.417,nan,nan,nan,nan,nan,nan,nan,nan,nan,0,0.006018,0.001635,0.155,1.128,0.462,nan,nan,nan,nan,nan,nan,nan,nan,nan,0.000672,nan,nan,nan,0,0,0,0,1.0000,1.0000,0.13477,0.02391,0.0323,0.00357,0.0000,0.0000,0.025,-0.05947,4.0000,0.463371,0.463470,-0.003227,1,-0.003227
0.3806,move->d,none,0.1907,0.463354,-0.016699,-0.591683,-0.001240,1.688963,0.019247,1.023449,1.561813,0.463470,-0.016703,-0.592138,-0.001065,1.690177,0.019286,1.022972,1.561982,0.190831,0.063781,0.364717,3.129575,-0.550038,-3.139509,0.00177,-0.00352,0.00336,-0.00014,-0.00048,-0.00002,0.00177,-0.00352,0.00336,-0.00014,-0.00048,-0.00002,0.00210,-0.01034,0.00296,0.00524,-0.00812,-0.01129,0.235,0.0637,0.00000,0,0,0,0,0.153,1.042,0.409,nan,nan,nan,nan,nan,nan,nan,nan,nan,0,0.005902,0.000993,0.064,0.940,0.300,nan,nan,nan,nan,nan,nan,nan,nan,nan,-0.003739,nan,nan,nan,0,0,0,0,1.0000,1.0000,0.13477,0.02508,0.0339,0.00377,0.0000,0.0000,0.026,-0.05946,4.0000,0.463354,0.463470,-0.003393,1,-0.003393
0.3861,move->d,none,0.1957,0.463337,-0.016699,-0.591621,-0.001242,1.688856,0.019248,1.023492,1.561811,0.463470,-0.016668,-0.592138,-0.001100,1.690159,0.019234,1.022990,1.561982,0.190829,0.063768,0.364720,3.129607,-0.550039,-3.139543,0.00187,-0.00370,0.00353,-0.00009,-0.00048,0.00002,0.00187,-0.00370,0.00353,-0.00009,-0.00048,0.00002,-0.00032,-0.00234,0.00055,-0.00479,0.00009,-0.00309,0.250,0.0686,0.00000,0,0,0,0,0.148,1.037,0.403,nan,nan,nan,nan,nan,nan,nan,nan,nan,0,0.005489,0.000799,0.119,0.999,0.385,nan,nan,nan,nan,nan,nan,nan,nan,nan,-0.000329,nan,nan,nan,0,0,0,0,1.0000,1.0000,0.13476,0.02642,0.0356,0.00397,0.0000,0.0000,0.027,-0.05944,4.0000,0.463337,0.463470,-0.003563,1,-0.003563
0.3917,move->d,none,0.2007,0.463318,-0.016699,-0.591555,-0.001245,1.688743,0.019249,1.023537,1.561808,0.463470,-0.016720,-0.592138,-0.001100,1.690107,0.019234,1.022990,1.561982,0.190834,0.063757,0.364737,3.129608,-0.549986,-3.139596,0.00196,-0.00388,0.00367,-0.00008,-0.00037,0.00013,0.00196,-0.00388,0.00367,-0.00008,-0.00037,0.00013,0.00081,-0.00177,0.00307,-0.00016,-0.00919,-0.00921,0.252,0.0717,0.00000,0,0,0,0,0.152,1.042,0.407,nan,nan,nan,nan,nan,nan,nan,nan,nan,0,0.005587,0.000690,0.239,1.143,0.490,nan,nan,nan,nan,nan,nan,nan,nan,nan,-0.003060,nan,nan,nan,0,0,0,0,1.0000,1.0000,0.13476,0.02775,0.0374,0.00418,0.0000,0.0000,0.028,-0.05942,4.0000,0.463318,0.463470,-0.003736,1,-0.003736
0.3985,move->d,none,0.2057,0.463298,-0.016699,-0.591487,-0.001249,1.688626,0.019249,1.023584,1.561805,0.463470,-0.016668,-0.592016,-0.001100,1.690055,0.019286,1.022972,1.561965,0.190857,0.063778,0.364734,3.129569,-0.550038,-3.139491,0.00202,-0.00414,0.00386,-0.00015,-0.00048,-0.00004,0.00202,-0.00414,0.00386,-0.00015,-0.00048,-0.00004,0.00332,0.00291,-0.00045,0.00470,0.00741,0.01222,0.282,0.0751,0.00000,0,0,0,0,0.144,1.032,0.405,nan,nan,nan,nan,nan,nan,nan,nan,nan,0,0.006849,0.000589,0.063,0.920,0.366,nan,nan,nan,nan,nan,nan,nan,nan,nan,-0.001321,nan,nan,nan,0,0,0,0,1.0000,1.0000,0.13475,0.02900,0.0391,0.00440,0.0000,0.0000,0.030,-0.05940,4.0000,0.463298,0.463368,-0.003912,1,-0.003912
0.4042,move->d,none,0.2107,0.463278,-0.016699,-0.591417,-0.001248,1.688503,0.019249,1.023633,1.561806,0.463368,-0.016703,-0.591963,-0.001117,1.690002,0.019286,1.023007,1.561965,0.190861,0.063665,0.364737,3.129558,-0.550072,-3.139534,0.00212,-0.00413,0.00405,-0.00016,-0.00055,0.00006,0.00212,-0.00413,0.00405,-0.00016,-0.00055,0.00006,0.00092,-0.02198,0.00047,0.00195,0.00677,-0.00951,0.268,0.0789,0.00000,0,0,0,0,0.138,1.024,0.404,nan,nan,nan,nan,nan,nan,nan,nan,nan,0,0.005677,0.001142,0.095,0.975,0.406,nan,nan,nan,nan,nan,nan,nan,nan,nan,-0.001117,nan,nan,nan,0,0,0,0,1.0000,1.0000,0.13474,0.03029,0.0409,0.00462,0.0000,0.0000,0.031,-0.05939,4.0000,0.463278,0.463368,-0.004091,1,-0.004091
0.4099,move->d,none,0.2157,0.463256,-0.016699,-0.591342,-0.001249,1.688374,0.019248,1.023685,1.561806,0.463368,-0.016703,-0.591963,-0.001117,1.690002,0.019286,1.023007,1.561965,0.190861,0.063665,0.364737,3.129558,-0.550072,-3.139534,0.00223,-0.00435,0.00424,-0.00016,-0.00055,0.00006,0.00223,-0.00435,0.00424,-0.00016,-0.00055,0.00006,0.00000,0.00000,0.00000,0.00000,0.00000,0.00000,0.291,0.0859,0.00000,0,0,0,0,0.142,1.031,0.404,nan,nan,nan,nan,nan,nan,nan,nan,nan,0,0.005641,0.001282,0.244,1.169,0.417,nan,nan,nan,nan,nan,nan,nan,nan,nan,0.000000,nan,nan,nan,0,0,0,0,1.0000,1.0000,0.13474,0.03179,0.0427,0.00485,0.0000,0.0000,0.032,-0.05936,4.0000,0.463256,0.463368,-0.004274,1,-0.004274
0.4159,move->d,none,0.2207,0.463234,-0.016699,-0.591264,-0.001250,1.688241,0.019248,1.023739,1.561805,0.463368,-0.016720,-0.591911,-0.001134,1.689880,0.019268,1.023007,1.561947,0.190879,0.063652,0.364767,3.129584,-0.550003,-3.139578,0.00230,-0.00455,0.00438,-0.00012,-0.00041,0.00013,0.00230,-0.00455,0.00438,-0.00012,-0.00041,0.00013,0.00275,-0.00209,0.00492,-0.00353,-0.01117,-0.00492,0.280,0.0863,0.00000,0,0,0,0,0.144,1.041,0.411,nan,nan,nan,nan,nan,nan,nan,nan,nan,0,0.006023,0.001054,0.133,1.104,0.473,nan,nan,nan,nan,nan,nan,nan,nan,nan,-0.005658,nan,nan,nan,0,0,0,0,1.0000,1.0000,0.13473,0.03309,0.0446,0.00509,0.0000,0.0000,0.034,-0.05934,4.0000,0.463234,0.463368,-0.004460,1,-0.004460
0.4220,move->d,none,0.2257,0.463211,-0.016698,-0.591183,-0.001252,1.688100,0.019249,1.023795,1.561803,0.463368,-0.016720,-0.591911,-0.001169,1.689880,0.019234,1.023007,1.561965,0.190878,0.063637,0.364767,3.129580,-0.550003,-3.139630,0.00242,-0.00475,0.00458,-0.00012,-0.00041,0.00024,0.00242,-0.00475,0.00458,-0.00012,-0.00041,0.00024,-0.00002,-0.00251,-0.00001,0.00058,0.00005,-0.00929,0.304,0.0939,0.00000,0,0,0,0,0.136,1.036,0.415,nan,nan,nan,nan,nan,nan,nan,nan,nan,0,0.006118,0.001377,0.047,0.928,0.421,nan,nan,nan,nan,nan,nan,nan,nan,nan,-0.000012,nan,nan,nan,0,0,0,0,1.0000,1.0000,0.13472,0.03466,0.0465,0.00533,0.0000,0.0000,0.035,-0.05932,4.0000,0.463211,0.463368,-0.004648,1,-0.004648
0.4289,move->d,none,0.2307,0.463187,-0.016698,-0.591098,-0.001255,1.687955,0.019250,1.023854,1.561800,0.463368,-0.016720,-0.591841,-0.001187,1.689810,0.019268,1.023042,1.561947,0.190887,0.063640,0.364772,3.129549,-0.550037,-3.139603,0.00252,-0.00499,0.00478,-0.00017,-0.00048,0.00022,0.00252,-0.00499,0.00478,-0.00017,-0.00048,0.00022,0.00130,0.00039,0.00076,0.00399,0.00524,0.00171,0.326,0.0980,0.00000,0,0,0,0,0.134,1.036,0.412,nan,nan,nan,nan,nan,nan,nan,nan,nan,0,0.006880,0.001705,0.150,1.059,0.370,nan,nan,nan,nan,nan,nan,nan,nan,nan,-0.001321,nan,nan,nan,0,0,0,0,1.0000,1.0000,0.13471,0.03607,0.0484,0.00558,0.0000,0.0000,0.037,-0.05930,4.0000,0.463187,0.463273,-0.004840,1,-0.004840
0.4348,move->d,none,0.2357,0.463162,-0.016698,-0.591010,-0.001254,1.687802,0.019250,1.023915,1.561801,0.463273,-0.016720,-0.591806,-0.001222,1.689775,0.019286,1.023112,1.561913,0.190882,0.063538,0.364767,3.129542,-0.550106,-3.139601,0.00265,-0.00503,0.00500,-0.00018,-0.00061,0.00023,0.00265,-0.00503,0.00500,-0.00018,-0.00061,0.00023,-0.00080,-0.01506,-0.00077,0.00087,0.01025,-0.00023,0.341,0.1043,0.00001,0,0,0,0,0.137,1.035,0.399,nan,nan,nan,nan,nan,nan,nan,nan,nan,0,0.005917,0.000878,0.183,1.025,0.282,nan,nan,nan,nan,nan,nan,nan,nan,nan,0.000907,nan,nan,nan,0,0,0,0,1.0000,1.0000,0.13471,0.03755,0.0503,0.00584,0.0000,0.0000,0.038,-0.05927,4.0000,0.463162,0.463273,-0.005035,1,-0.005035
0.4406,move->d,none,0.2407,0.463135,-0.016697,-0.590918,-0.001254,1.687645,0.019250,1.023978,1.561800,0.463273,-0.016720,-0.591771,-0.001187,1.689671,0.019268,1.023129,1.561913,0.190892,0.063542,0.364793,3.129584,-0.550054,-3.139602,0.00275,-0.00529,0.00516,-0.00010,-0.00051,0.00019,0.00275,-0.00529,0.00516,-0.00010,-0.00051,0.00019,0.00186,0.00067,0.00460,-0.00648,-0.00929,0.00382,0.342,0.1070,0.00001,0,0,0,0,0.133,1.022,0.386,nan,nan,nan,nan,nan,nan,nan,nan,nan,0,0.005824,0.001126,0.070,0.889,0.308,nan,nan,nan,nan,nan,nan,nan,nan,nan,-0.004883,nan,nan,nan,0,0,0,0,1.0000,1.0000,0.13470,0.03901,0.0523,0.00610,0.0000,0.0000,0.039,-0.05925,4.0000,0.463135,0.463273,-0.005232,1,-0.005232
0.4469,move->d,none,0.2457,0.463108,-0.016697,-0.590822,-0.001256,1.687481,0.019250,1.024044,1.561799,0.463273,-0.016703,-0.591702,-0.001169,1.689549,0.019268,1.023164,1.561947,0.190905,0.063552,0.364815,3.129562,-0.550037,-3.139576,0.00285,-0.00556,0.00534,-0.00014,-0.00048,0.00017,0.00285,-0.00556,0.00534,-0.00014,-0.00048,0.00017,0.00215,0.00163,0.00368,0.00319,-0.00283,0.00235,0.350,0.1091,0.00001,0,0,0,0,0.128,1.020,0.386,nan,nan,nan,nan,nan,nan,nan,nan,nan,0,0.006242,0.001327,0.105,1.069,0.468,nan,nan,nan,nan,nan,nan,nan,nan,nan,-0.004248,nan,nan,nan,0,0,0,0,1.0000,1.0000,0.13469,0.04043,0.0543,0.00637,0.0000,0.0000,0.041,-0.05922,4.0000,0.463108,0.463273,-0.005432,1,-0.005432
0.4528,move->d,none,0.2507,0.463080,-0.016697,-0.590723,-0.001259,1.687311,0.019251,1.024112,1.561796,0.463273,-0.016703,-0.591649,-0.001169,1.689496,0.019234,1.023182,1.561895,0.190913,0.063540,0.364820,3.129650,-0.550055,-3.139610,0.00296,-0.00579,0.00555,0.00001,-0.00051,0.00015,0.00296,-0.00579,0.00555,0.00001,-0.00051,0.00015,0.00126,-0.00199,0.00076,-0.01217,0.00289,0.00189,0.373,0.1154,0.00001,0,0,0,0,0.130,1.021,0.393,nan,nan,nan,nan,nan,nan,nan,nan,nan,0,0.005912,0.001013,0.176,1.043,0.466,nan,nan,nan,nan,nan,nan,nan,nan,nan,-0.001330,nan,nan,nan,0,0,0,0,1.0000,1.0000,0.13468,0.04202,0.0564,0.00665,0.0000,0.0000,0.043,-0.05920,4.0000,0.463080,0.463208,-0.005635,1,-0.005635
0.4596,move->d,none,0.2557,0.463051,-0.016697,-0.590620,-0.001260,1.687135,0.019251,1.024183,1.561796,0.463208,-0.016668,-0.591579,-0.001222,1.689409,0.019286,1.023199,1.561895,0.190926,0.063481,0.364833,3.129562,-0.550054,-3.139548,0.00306,-0.00593,0.00575,-0.00013,-0.00051,0.00012,0.00306,-0.00593,0.00575,-0.00013,-0.00051,0.00012,0.00204,-0.00911,0.00209,0.01166,-0.00023,0.00240,0.376,0.1202,0.00001,0,0,0,0,0.135,1.016,0.394,nan,nan,nan,nan,nan,nan,nan,nan,nan,0,0.006774,0.001324,0.165,0.973,0.370,nan,nan,nan,nan,nan,nan,nan,nan,nan,-0.002948,nan,nan,nan,0,0,0,0,1.0000,1.0000,0.13467,0.04355,0.0584,0.00693,0.0000,0.0000,0.044,-0.05917,4.0000,0.463051,0.463208,-0.005841,1,-0.005841
0.4655,move->d,none,0.2607,0.463021,-0.016697,-0.590514,-0.001262,1.686953,0.019252,1.024256,1.561794,0.463208,-0.016650,-0.591510,-0.001222,1.689269,0.019286,1.023269,1.561913,0.190934,0.063485,0.364856,3.129545,-0.550054,-3.139530,0.00317,-0.00620,0.00594,-0.00016,-0.00051,0.00011,0.00317,-0.00620,0.00594,-0.00016,-0.00051,0.00011,0.00132,0.00075,0.00372,0.00229,0.00003,0.00153,0.389,0.1223,0.00001,0,0,0,0,0.136,1.013,0.390,nan,nan,nan,nan,nan,nan,nan,nan,nan,0,0.005919,0.001065,0.132,0.999,0.338,nan,nan,nan,nan,nan,nan,nan,nan,nan,-0.003850,nan,nan,nan,0,0,0,0,1.0000,1.0000,0.13466,0.04502,0.0605,0.00722,0.0000,0.0000,0.046,-0.05914,4.0000,0.463021,0.463208,-0.006049,1,-0.006049
0.4714,move->d,none,0.2657,0.462989,-0.016696,-0.590403,-0.001266,1.686766,0.019253,1.024331,1.561791,0.463208,-0.016755,-0.591492,-0.001187,1.689112,0.019286,1.023304,1.561913,0.190944,0.063473,0.364900,3.129571,-0.549949,-3.139619,0.00328,-0.00645,0.00608,-0.00011,-0.00030,0.00027,0.00328,-0.00645,0.00608,-0.00011,-0.00030,0.00027,0.00152,-0.00192,0.00690,-0.00340,-0.01642,-0.01182,0.380,0.1237,0.00001,0,0,0,0,0.137,1.010,0.377,nan,nan,nan,nan,nan,nan,nan,nan,nan,0,0.005926,0.000612,0.134,1.003,0.266,nan,nan,nan,nan,nan,nan,nan,nan,nan,-0.006698,nan,nan,nan,0,0,0,0,1.0000,1.0000,0.13465,0.04656,0.0626,0.00752,0.0000,0.0000,0.047,-0.05911,4.0000,0.462989,0.463208,-0.006260,1,-0.006260
0.4780,move->d,none,0.2707,0.462957,-0.016696,-0.590289,-0.001271,1.686571,0.019255,1.024409,1.561786,0.463208,-0.016668,-0.591440,-0.001187,1.689025,0.019268,1.023356,1.561895,0.190948,0.063484,0.364912,3.129607,-0.549967,-3.139548,0.00341,-0.00675,0.00630,-0.00005,-0.00034,0.00009,0.00341,-0.00675,0.00630,-0.00005,-0.00034,0.00009,0.00070,0.00174,0.00177,-0.00476,0.00275,0.01388,0.414,0.1294,0.00001,0,0,0,0,0.149,1.023,0.370,nan,nan,nan,nan,nan,nan,nan,nan,nan,0,0.006590,0.000778,0.252,1.142,0.374,nan,nan,nan,nan,nan,nan,nan,nan,nan,-0.001852,nan,nan,nan,0,0,0,0,1.0000,1.0000,0.13464,0.04821,0.0647,0.00782,0.0000,0.0000,0.049,-0.05908,4.0000,0.462957,0.463208,-0.006474,1,-0.006474
0.4846,move->d,none,0.2757,0.462924,-0.016695,-0.590170,-0.001278,1.686371,0.019257,1.024490,1.561780,0.463208,-0.016650,-0.591370,-0.001222,1.688903,0.019286,1.023374,1.561895,0.190965,0.063483,0.364937,3.129567,-0.549932,-3.139531,0.00352,-0.00702,0.00649,-0.00011,-0.00027,0.00010,0.00352,-0.00702,0.00649,-0.00011,-0.00027,0.00010,0.00265,-0.00014,0.00408,0.00557,-0.00580,-0.00055,0.431,0.1336,0.00001,0,0,0,0,0.151,1.028,0.374,nan,nan,nan,nan,nan,nan,nan,nan,nan,0,0.006614,0.001239,0.109,1.020,0.440,nan,nan,nan,nan,nan,nan,nan,nan,nan,-0.004868,nan,nan,nan,0,0,0,0,1.0000,1.0000,0.13463,0.04984,0.0669,0.00814,0.0000,0.0000,0.051,-0.05904,4.0000,0.462924,0.463208,-0.006690,1,-0.006690
0.4909,move->d,none,0.2807,0.462889,-0.016695,-0.590047,-0.001286,1.686164,0.019260,1.024574,1.561772,0.463208,-0.016668,-0.591318,-0.001222,1.688711,0.019268,1.023391,1.561895,0.190985,0.063476,0.364988,3.129588,-0.549810,-3.139567,0.00361,-0.00729,0.00664,-0.00008,-0.00002,0.00016,0.00361,-0.00729,0.00664,-0.00008,-0.00002,0.00016,0.00311,-0.00119,0.00794,-0.00276,-0.01881,-0.00389,0.425,0.1341,0.00001,0,0,0,0,0.140,1.024,0.373,nan,nan,nan,nan,nan,nan,nan,nan,nan,0,0.006328,0.001109,0.033,0.962,0.340,nan,nan,nan,nan,nan,nan,nan,nan,nan,-0.008409,nan,nan,nan,0,0,0,0,1.0000,1.0000,0.13462,0.05141,0.0691,0.00846,0.0000,0.0000,0.052,-0.05901,4.0000,0.462889,0.463208,-0.006908,1,-0.006908
0.4970,move->d,none,0.2857,0.462853,-0.016694,-0.589921,-0.001295,1.685950,0.019264,1.024660,1.561762,0.463208,-0.016668,-0.591195,-0.001239,1.688641,0.019268,1.023426,1.561895,0.191000,0.063471,0.364983,3.129575,-0.549897,-3.139574,0.00373,-0.00757,0.00690,-0.00009,-0.00020,0.00019,0.00373,-0.00757,0.00690,-0.00009,-0.00020,0.00019,0.00240,-0.00068,-0.00083,0.00174,0.01399,-0.00224,0.470,0.1419,0.00001,0,0,0,0,0.132,1.020,0.372,nan,nan,nan,nan,nan,nan,nan,nan,nan,0,0.006071,0.000957,0.110,1.002,0.376,nan,nan,nan,nan,nan,nan,nan,nan,nan,-0.000557,nan,nan,nan,0,0,0,0,1.0000,1.0000,0.13461,0.05314,0.0713,0.00878,0.0000,0.0000,0.054,-0.05898,4.0000,0.462853,0.463208,-0.007129,1,-0.007129
0.5027,move->d,none,0.2907,0.462817,-0.016693,-0.589790,-0.001307,1.685730,0.019268,1.024750,1.561751,0.463208,-0.016650,-0.591178,-0.001222,1.688501,0.019286,1.023496,1.561895,0.191001,0.063483,0.365016,3.129570,-0.549844,-3.139531,0.00387,-0.00789,0.00709,-0.00010,-0.00009,0.00011,0.00387,-0.00789,0.00709,-0.00010,-0.00009,0.00011,0.00030,0.00203,0.00592,0.00076,-0.00940,0.00736,0.500,0.1462,0.00001,0,0,0,0,0.133,1.022,0.385,nan,nan,nan,nan,nan,nan,nan,nan,nan,0,0.005698,0.001048,0.181,1.068,0.528,nan,nan,nan,nan,nan,nan,nan,nan,nan,-0.005179,nan,nan,nan,0,0,0,0,1.0000,1.0000,0.13460,0.05486,0.0735,0.00912,0.0000,0.0000,0.056,-0.05894,4.0000,0.462817,0.462916,-0.007352,1,-0.007352
0.5086,move->d,none,0.2957,0.462779,-0.016693,-0.589655,-0.001306,1.685503,0.019267,1.024841,1.561753,0.462916,-0.016703,-0.591073,-0.001169,1.688362,0.019268,1.023548,1.561878,0.191017,0.063188,0.365035,3.129640,-0.549863,-3.139574,0.00398,-0.00759,0.00731,0.00002,-0.00013,0.00013,0.00398,-0.00759,0.00731,0.00002,-0.00013,0.00013,0.00256,-0.04801,0.00305,-0.00974,0.00296,-0.00112,0.413,0.1508,0.00001,0,0,0,0,0.128,1.019,0.388,nan,nan,nan,nan,nan,nan,nan,nan,nan,0,0.005937,0.000861,0.081,0.976,0.345,nan,nan,nan,nan,nan,nan,nan,nan,nan,-0.004461,nan,nan,nan,0,0,0,0,1.0000,1.0000,0.13459,0.05639,0.0758,0.00946,0.0000,0.0000,0.056,-0.05890,4.0000,0.462779,0.462916,-0.007577,1,-0.007577
0.5148,move->d,none,0.3007,0.462740,-0.016693,-0.589517,-0.001307,1.685270,0.019268,1.024936,1.561754,0.462916,-0.016668,-0.590951,-0.001239,1.688187,0.019234,1.023583,1.561843,0.191041,0.063167,0.365064,3.129667,-0.549845,-3.139608,0.00408,-0.00785,0.00751,0.00007,-0.00009,0.00018,0.00408,-0.00785,0.00751,0.00007,-0.00009,0.00018,0.00422,-0.00361,0.00523,-0.00398,-0.00310,-0.00356,0.416,0.1538,0.00001,0,0,0,0,0.132,1.016,0.387,nan,nan,nan,nan,nan,nan,nan,nan,nan,0,0.006162,0.001330,0.190,1.000,0.364,nan,nan,nan,nan,nan,nan,nan,nan,nan,-0.006707,nan,nan,nan,0,0,0,0,1.0000,1.0000,0.13458,0.05801,0.0780,0.00981,0.0000,0.0000,0.058,-0.05887,4.0000,0.462740,0.462916,-0.007804,1,-0.007804
0.5203,move->d,none,0.3057,0.462699,-0.016692,-0.589375,-0.001309,1.685028,0.019269,1.025033,1.561753,0.462916,-0.016703,-0.590864,-0.001239,1.688135,0.019286,1.023636,1.561878,0.191047,0.063176,0.365058,3.129576,-0.549932,-3.139589,0.00422,-0.00818,0.00779,-0.00008,-0.00027,0.00024,0.00422,-0.00818,0.00779,-0.00008,-0.00027,0.00024,0.00097,0.00132,-0.00109,0.01258,0.01408,-0.00461,0.468,0.1642,0.00001,0,0,0,0,0.135,1.019,0.384,nan,nan,nan,nan,nan,nan,nan,nan,nan,0,0.005455,0.000644,0.156,1.074,0.347,nan,nan,nan,nan,nan,nan,nan,nan,nan,0.000433,nan,nan,nan,0,0,0,0,1.0000,1.0000,0.13456,0.05989,0.0803,0.01016,0.0000,0.0000,0.060,-0.05883,4.0000,0.462699,0.462916,-0.008034,1,-0.008034
0.5270,move->d,none,0.3107,0.462658,-0.016692,-0.589228,-0.001313,1.684780,0.019270,1.025134,1.561750,0.462916,-0.016668,-0.590794,-0.001239,1.687943,0.019268,1.023653,1.561843,0.191069,0.063175,0.365106,3.129632,-0.549827,-3.139573,0.00433,-0.00848,0.00797,0.00002,-0.00006,0.00016,0.00433,-0.00848,0.00797,0.00002,-0.00006,0.00016,0.00343,-0.00009,0.00739,-0.00728,-0.01607,0.00698,0.467,0.1670,0.00001,0,0,0,0,0.146,1.026,0.380,nan,nan,nan,nan,nan,nan,nan,nan,nan,0,0.006774,0.000926,0.220,1.063,0.370,nan,nan,nan,nan,nan,nan,nan,nan,nan,-0.008099,nan,nan,nan,0,0,0,0,1.0000,1.0000,0.13455,0.06162,0.0827,0.01053,0.0000,0.0000,0.062,-0.05879,4.0000,0.462658,0.462916,-0.008265,1,-0.008265
0.5331,move->d,none,0.3157,0.462616,-0.016692,-0.589076,-0.001319,1.684526,0.019272,1.025237,1.561745,0.462916,-0.016668,-0.590724,-0.001239,1.687751,0.019303,1.023740,1.561825,0.191079,0.063181,0.365144,3.129615,-0.549791,-3.139538,0.00446,-0.00881,0.00816,-0.00001,0.00001,0.00011,0.00446,-0.00881,0.00816,-0.00001,0.00001,0.00011,0.00169,0.00115,0.00668,0.00258,-0.00625,0.00465,0.486,0.1702,0.00001,0,0,0,0,0.139,1.018,0.378,nan,nan,nan,nan,nan,nan,nan,nan,nan,0,0.006101,0.001318,0.016,0.909,0.367,nan,nan,nan,nan,nan,nan,nan,nan,nan,-0.006563,nan,nan,nan,0,0,0,0,1.0000,1.0000,0.13454,0.06333,0.0850,0.01090,0.0000,0.0000,0.064,-0.05875,4.0000,0.462616,0.462916,-0.008499,1,-0.008499
0.5393,move->d,none,0.3207,0.462572,-0.016691,-0.588920,-0.001328,1.684265,0.019276,1.025344,1.561737,0.462916,-0.016720,-0.590619,-0.001187,1.687489,0.019268,1.023758,1.561825,0.191112,0.063175,0.365208,3.129689,-0.549653,-3.139601,0.00455,-0.00912,0.00831,0.00012,0.00029,0.00016,0.00455,-0.00912,0.00831,0.00012,0.00029,0.00016,0.00570,-0.00117,0.01120,-0.01092,-0.02403,-0.00428,0.476,0.1698,0.00001,0,0,0,0,0.137,1.012,0.380,nan,nan,nan,nan,nan,nan,nan,nan,nan,0,0.006140,0.001700,0.146,0.992,0.421,nan,nan,nan,nan,nan,nan,nan,nan,nan,-0.012538,nan,nan,nan,0,0,0,0,1.0000,1.0000,0.13452,0.06499,0.0873,0.01128,0.0000,0.0000,0.066,-0.05870,4.0000,0.462572,0.462916,-0.008735,1,-0.008735
0.5453,move->d,none,0.3257,0.462527,-0.016690,-0.588761,-0.001338,1.683997,0.019280,1.025453,1.561728,0.462916,-0.016650,-0.590497,-0.001222,1.687349,0.019286,1.023845,1.561825,0.191123,0.063184,0.365219,3.129647,-0.549722,-3.139529,0.00469,-0.00946,0.00857,0.00005,0.00015,0.00007,0.00469,-0.00946,0.00857,0.00005,0.00015,0.00007,0.00169,0.00137,0.00156,0.00522,0.01023,0.00743,0.529,0.1767,0.00001,0,0,0,0,0.135,1.016,0.381,nan,nan,nan,nan,nan,nan,nan,nan,nan,0,0.005991,0.000925,0.137,1.099,0.369,nan,nan,nan,nan,nan,nan,nan,nan,nan,-0.002198,nan,nan,nan,0,0,0,0,1.0000,1.0000,0.13451,0.06680,0.0897,0.01167,0.0000,0.0000,0.068,-0.05866,4.0000,0.462527,0.462629,-0.008972,1,-0.008972
0.5513,move->d,none,0.3307,0.462481,-0.016690,-0.588596,-0.001336,1.683722,0.019279,1.025565,1.561733,0.462629,-0.016668,-0.590497,-0.001239,1.687175,0.019234,1.023897,1.561790,0.191129,0.062874,0.365269,3.129729,-0.549601,-3.139608,0.00484,-0.00917,0.00876,0.00020,0.00040,0.00015,0.00484,-0.00917,0.00876,0.00020,0.00040,0.00015,0.00094,-0.05259,0.00855,-0.01176,-0.02064,-0.00625,0.440,0.1821,0.00001,0,0,0,0,0.135,1.026,0.380,nan,nan,nan,nan,nan,nan,nan,nan,nan,0,0.006054,0.001076,0.138,1.100,0.369,nan,nan,nan,nan,nan,nan,nan,nan,nan,-0.008357,nan,nan,nan,0,0,0,0,1.0000,1.0000,0.13450,0.06863,0.0921,0.01206,0.0000,0.0000,0.068,-0.05861,4.0000,0.462481,0.462629,-0.009212,1,-0.009212
0.5567,move->d,none,0.3357,0.462434,-0.016690,-0.588426,-0.001336,1.683439,0.019279,1.025681,1.561734,0.462629,-0.016650,-0.590410,-0.001257,1.687053,0.019268,1.023932,1.561825,0.191144,0.062884,0.365288,3.129646,-0.549600,-3.139564,0.00497,-0.00952,0.00901,0.00006,0.00040,0.00015,0.00497,-0.00952,0.00901,0.00006,0.00040,0.00015,0.00265,0.00173,0.00332,0.01218,-0.00010,0.00021,0.468,0.1908,0.00001,0,0,0,0,0.130,1.022,0.381,nan,nan,nan,nan,nan,nan,nan,nan,nan,0,0.005415,0.000736,0.078,0.912,0.397,nan,nan,nan,nan,nan,nan,nan,nan,nan,-0.004199,nan,nan,nan,0,0,0,0,1.0000,1.0000,0.13448,0.07057,0.0945,0.01247,0.0000,0.0000,0.070,-0.05857,4.0000,0.462434,0.462629,-0.009453,1,-0.009453
0.5627,move->d,none,0.3407,0.462385,-0.016690,-0.588252,-0.001339,1.683149,0.019280,1.025799,1.561733,0.462629,-0.016703,-0.590270,-0.001257,1.686843,0.019286,1.023967,1.561825,0.191174,0.062878,0.365327,3.129630,-0.549565,-3.139599,0.00508,-0.00984,0.00923,0.00003,0.00047,0.00025,0.00508,-0.00984,0.00923,0.00003,0.00047,0.00025,0.00532,-0.00117,0.00688,0.00261,-0.00636,-0.00792,0.478,0.1951,0.00001,0,0,0,0,0.123,1.010,0.383,nan,nan,nan,nan,nan,nan,nan,nan,nan,0,0.006000,0.001210,0.078,0.912,0.398,nan,nan,nan,nan,nan,nan,nan,nan,nan,-0.008658,nan,nan,nan,0,0,0,0,1.0000,1.0000,0.13447,0.07236,0.0970,0.01288,0.0000,0.0000,0.072,-0.05852,4.0000,0.462385,0.462629,-0.009696,1,-0.009696
0.5685,move->d,none,0.3457,0.462336,-0.016690,-0.588073,-0.001344,1.682850,0.019282,1.025921,1.561730,0.462629,-0.016668,-0.590218,-0.001239,1.686721,0.019268,1.024037,1.561825,0.191178,0.062884,0.365347,3.129660,-0.549565,-3.139573,0.00524,-0.01019,0.00948,0.00009,0.00047,0.00017,0.00524,-0.01019,0.00948,0.00009,0.00047,0.00017,0.00074,0.00111,0.00344,-0.00436,0.00006,0.00717,0.521,0.2047,0.00001,0,0,0,0,0.115,1.006,0.384,nan,nan,nan,nan,nan,nan,nan,nan,nan,0,0.005808,0.001049,0.063,1.020,0.387,nan,nan,nan,nan,nan,nan,nan,nan,nan,-0.003306,nan,nan,nan,0,0,0,0,1.0000,1.0000,0.13445,0.07439,0.0994,0.01330,0.0000,0.0000,0.074,-0.05847,4.0000,0.462336,0.462629,-0.009941,1,-0.009941
0.5745,move->d,none,0.3507,0.462285,-0.016689,-0.587890,-0.001351,1.682543,0.019285,1.026046,1.561724,0.462629,-0.016668,-0.590026,-0.001239,1.686634,0.019268,1.024124,1.561825,0.191194,0.062884,0.365327,3.129657,-0.549757,-3.139569,0.00538,-0.01054,0.00982,0.00009,0.00008,0.00017,0.00538,-0.01054,0.00982,0.00009,0.00008,0.00017,0.00290,-0.00003,-0.00380,0.00045,0.03571,0.00028,0.597,0.2168,0.00001,0,0,0,0,0.117,1.012,0.394,nan,nan,nan,nan,nan,nan,nan,nan,nan,0,0.005983,0.001673,0.190,1.107,0.495,nan,nan,nan,nan,nan,nan,nan,nan,nan,0.001722,nan,nan,nan,0,0,0,0,1.0000,1.0000,0.13443,0.07637,0.1019,0.01373,0.0000,0.0000,0.077,-0.05842,4.0000,0.462285,0.462629,-0.010188,1,-0.010188
0.5813,move->d,none,0.3557,0.462232,-0.016688,-0.587703,-0.001360,1.682229,0.019289,1.026174,1.561717,0.462629,-0.016633,-0.589886,-0.001257,1.686372,0.019268,1.024159,1.561790,0.191228,0.062884,0.365382,3.129683,-0.549670,-3.139544,0.00548,-0.01088,0.01001,0.00014,0.00026,0.00010,0.00548,-0.01088,0.01001,0.00014,0.00026,0.00010,0.00489,-0.00010,0.00800,-0.00317,-0.01260,0.00563,0.606,0.2194,0.00001,0,0,0,0,0.121,1.021,0.400,nan,nan,nan,nan,nan,nan,nan,nan,nan,0,0.006800,0.001532,0.142,1.068,0.396,nan,nan,nan,nan,nan,nan,nan,nan,nan,-0.009376,nan,nan,nan,0,0,0,0,1.0000,1.0000,0.13442,0.07818,0.1044,0.01417,0.0000,0.0000,0.079,-0.05837,4.0000,0.462232,0.462340,-0.010436,1,-0.010436
0.5869,move->d,none,0.3607,0.462179,-0.016689,-0.587511,-0.001358,1.681908,0.019288,1.026305,1.561721,0.462340,-0.016720,-0.589817,-0.001222,1.686180,0.019286,1.024229,1.561790,0.191240,0.062590,0.365423,3.129689,-0.549618,-3.139597,0.00563,-0.01065,0.01024,0.00015,0.00036,0.00020,0.00563,-0.01065,0.01024,0.00015,0.00036,0.00020,0.00211,-0.04825,0.00665,-0.00090,-0.00860,-0.00808,0.549,0.2264,0.00001,0,0,0,0,0.114,1.018,0.404,nan,nan,nan,nan,nan,nan,nan,nan,nan,0,0.005576,0.001031,0.010,0.932,0.418,nan,nan,nan,nan,nan,nan,nan,nan,nan,-0.007294,nan,nan,nan,0,0,0,0,1.0000,1.0000,0.13440,0.08008,0.1069,0.01461,0.0000,0.0000,0.079,-0.05832,4.0000,0.462179,0.462340,-0.010686,1,-0.010686
0.5929,move->d,none,0.3657,0.462124,-0.016688,-0.587315,-0.001358,1.681578,0.019288,1.026440,1.561723,0.462340,-0.016703,-0.589659,-0.001292,1.686023,0.019268,1.024281,1.561773,0.191264,0.062571,0.365437,3.129679,-0.549669,-3.139630,0.00575,-0.01096,0.01052,0.00014,0.00026,0.00029,0.00575,-0.01096,0.01052,0.00014,0.00026,0.00029,0.00405,-0.00315,0.00253,0.00149,0.00889,-0.00661,0.583,0.2358,0.00001,0,0,0,0,0.106,1.016,0.411,nan,nan,nan,nan,nan,nan,nan,nan,nan,0,0.005983,0.001175,0.071,1.014,0.457,nan,nan,nan,nan,nan,nan,nan,nan,nan,-0.004306,nan,nan,nan,0,0,0,0,1.0000,1.0000,0.13438,0.08207,0.1094,0.01507,0.0000,0.0000,0.081,-0.05827,4.0000,0.462124,0.462340,-0.010937,1,-0.010937
0.5988,move->d,none,0.3707,0.462068,-0.016688,-0.587113,-0.001361,1.681239,0.019290,1.026579,1.561723,0.462340,-0.016703,-0.589659,-0.001292,1.686023,0.019268,1.024281,1.561773,0.191264,0.062571,0.365437,3.129679,-0.549669,-3.139630,0.00593,-0.01132,0.01084,0.00014,0.00026,0.00029,0.00593,-0.01132,0.01084,0.00014,0.00026,0.00029,0.00000,0.00000,0.00000,0.00000,0.00000,0.00000,0.646,0.2547,0.00001,0,0,0,0,0.108,1.023,0.413,nan,nan,nan,nan,nan,nan,nan,nan,nan,0,0.005905,0.001096,0.170,1.105,0.406,nan,nan,nan,nan,nan,nan,nan,nan,nan,0.000000,nan,nan,nan,0,0,0,0,1.0000,1.0000,0.13437,0.08452,0.1119,0.01553,0.0000,0.0000,0.084,-0.05821,4.0000,0.462068,0.462340,-0.011190,1,-0.011190
0.6048,move->d,none,0.3757,0.462011,-0.016687,-0.586907,-0.001366,1.680893,0.019292,1.026719,1.561720,0.462340,-0.016668,-0.589398,-0.001257,1.685639,0.019268,1.024473,1.561756,0.191295,0.062584,0.365487,3.129720,-0.549740,-3.139575,0.00605,-0.01171,0.01105,0.00022,0.00012,0.00015,0.00605,-0.01171,0.01105,0.00022,0.00012,0.00015,0.00539,0.00222,0.00860,-0.00606,0.01214,0.01318,0.660,0.2521,0.00001,0,0,0,0,0.110,1.030,0.413,nan,nan,nan,nan,nan,nan,nan,nan,nan,0,0.006004,0.001323,0.124,1.064,0.395,nan,nan,nan,nan,nan,nan,nan,nan,nan,-0.010127,nan,nan,nan,0,0,0,0,1.0000,1.0000,0.13435,0.08601,0.1144,0.01600,0.0000,0.0000,0.086,-0.05816,4.0000,0.462011,0.462340,-0.011444,1,-0.011444
0.6110,move->d,none,0.3807,0.461953,-0.016687,-0.586696,-0.001375,1.680537,0.019295,1.026864,1.561714,0.462340,-0.016668,-0.589398,-0.001257,1.685639,0.019268,1.024473,1.561756,0.191295,0.062584,0.365487,3.129720,-0.549740,-3.139575,0.00623,-0.01208,0.01137,0.00022,0.00012,0.00015,0.00623,-0.01208,0.01137,0.00022,0.00012,0.00015,0.00000,0.00000,0.00000,0.00000,0.00000,0.00000,0.732,0.2719,0.00001,0,0,0,0,0.106,1.027,0.415,nan,nan,nan,nan,nan,nan,nan,nan,nan,0,0.006182,0.001127,0.052,0.959,0.428,nan,nan,nan,nan,nan,nan,nan,nan,nan,0.000000,nan,nan,nan,0,0,0,0,1.0000,1.0000,0.13433,0.08854,0.1170,0.01648,0.0000,0.0000,0.089,-0.05810,4.0000,0.461953,0.462340,-0.011700,1,-0.011700
0.6167,move->d,none,0.3857,0.461893,-0.016686,-0.586478,-0.001385,1.680173,0.019300,1.027012,1.561705,0.462340,-0.016703,-0.589380,-0.001292,1.685482,0.019303,1.024543,1.561773,0.191298,0.062579,0.365526,3.129646,-0.549669,-3.139592,0.00640,-0.01244,0.01162,0.00010,0.00026,0.00027,0.00640,-0.01244,0.01162,0.00010,0.00026,0.00027,0.00052,-0.00084,0.00628,0.01021,-0.01138,-0.00900,0.772,0.2833,0.00001,0,0,0,0,0.106,1.024,0.413,nan,nan,nan,nan,nan,nan,nan,nan,nan,0,0.005762,0.000653,0.127,1.014,0.390,nan,nan,nan,nan,nan,nan,nan,nan,nan,-0.005634,nan,nan,nan,0,0,0,0,1.0000,1.0000,0.13431,0.09078,0.1196,0.01698,0.0000,0.0000,0.091,-0.05804,4.0000,0.461893,0.462091,-0.011957,1,-0.011957
0.6234,move->d,none,0.3907,0.461832,-0.016686,-0.586256,-0.001387,1.679800,0.019300,1.027164,1.561706,0.462091,-0.016650,-0.589136,-0.001292,1.685290,0.019268,1.024613,1.561773,0.191333,0.062332,0.365533,3.129680,-0.549792,-3.139573,0.00652,-0.01232,0.01193,0.00016,0.00001,0.00020,0.00652,-0.01232,0.01193,0.00016,0.00001,0.00020,0.00558,-0.04008,0.00112,-0.00482,0.01988,0.00608,0.758,0.2932,0.00001,0,0,0,0,0.123,1.039,0.417,nan,nan,nan,nan,nan,nan,nan,nan,nan,0,0.006692,0.001196,0.275,1.172,0.456,nan,nan,nan,nan,nan,nan,nan,nan,nan,-0.004310,nan,nan,nan,0,0,0,0,1.0000,1.0000,0.13429,0.09268,0.1222,0.01748,0.0000,0.0000,0.092,-0.05798,4.0000,0.461832,0.462091,-0.012215,1,-0.012215
0.6300,move->d,none,0.3957,0.461769,-0.016685,-0.586031,-0.001391,1.679419,0.019302,1.027319,1.561704,0.462091,-0.016703,-0.588961,-0.001292,1.685046,0.019286,1.024665,1.561756,0.191367,0.062324,0.365574,3.129681,-0.549774,-3.139607,0.00664,-0.01269,0.01218,0.00017,0.00005,0.00028,0.00664,-0.01269,0.01218,0.00017,0.00005,0.00028,0.00523,-0.00124,0.00628,-0.00005,-0.00276,-0.00536,0.778,0.3006,0.00001,0,0,0,0,0.141,1.047,0.412,nan,nan,nan,nan,nan,nan,nan,nan,nan,0,0.006628,0.001402,0.216,1.059,0.350,nan,nan,nan,nan,nan,nan,nan,nan,nan,-0.008104,nan,nan,nan,0,0,0,0,1.0000,1.0000,0.13427,0.09468,0.1247,0.01799,0.0000,0.0000,0.094,-0.05792,4.0000,0.461769,0.462091,-0.012475,1,-0.012475
0.6365,move->d,none,0.4007,0.461706,-0.016685,-0.585798,-0.001398,1.679028,0.019306,1.027478,1.561699,0.462091,-0.016668,-0.588944,-0.001239,1.684993,0.019286,1.024770,1.561756,0.191354,0.062343,0.365572,3.129714,-0.549844,-3.139545,0.00685,-0.01311,0.01252,0.00023,-0.00009,0.00013,0.00685,-0.01311,0.01252,0.00023,-0.00009,0.00013,-0.00183,0.00280,-0.00020,-0.00425,0.01038,0.01185,0.865,0.3194,0.00001,0,0,0,0,0.150,1.036,0.390,nan,nan,nan,nan,nan,nan,nan,nan,nan,0,0.006473,0.001055,0.153,0.899,0.213,nan,nan,nan,nan,nan,nan,nan,nan,nan,0.001159,nan,nan,nan,0,0,0,0,1.0000,1.0000,0.13425,0.09714,0.1274,0.01851,0.0000,0.0000,0.097,-0.05786,4.0000,0.461706,0.462091,-0.012735,1,-0.012735
0.6424,move->d,none,0.4057,0.461641,-0.016684,-0.585563,-0.001408,1.678631,0.019310,1.027640,1.561691,0.462091,-0.016650,-0.588665,-0.001309,1.684574,0.019303,1.024857,1.561773,0.191410,0.062334,0.365646,3.129636,-0.549791,-3.139544,0.00693,-0.01348,0.01271,0.00010,0.00001,0.00021,0.00693,-0.01348,0.01271,0.00010,0.00001,0.00021,0.01011,-0.00148,0.01339,0.01220,-0.00968,-0.00736,0.858,0.3178,0.00001,0,0,0,0,0.155,1.029,0.367,nan,nan,nan,nan,nan,nan,nan,nan,nan,0,0.005842,0.001428,0.161,1.012,0.241,nan,nan,nan,nan,nan,nan,nan,nan,nan,-0.016710,nan,nan,nan,0,0,0,0,1.0000,1.0000,0.13423,0.09880,0.1300,0.01904,0.0000,0.0000,0.099,-0.05779,4.0000,0.461641,0.461842,-0.012997,1,-0.012997
0.6498,move->d,none,0.4107,0.461575,-0.016684,-0.585321,-0.001409,1.678223,0.019310,1.027806,1.561693,0.461842,-0.016633,-0.588665,-0.001309,1.684487,0.019286,1.024875,1.561773,0.191414,0.062084,0.365672,3.129656,-0.549721,-3.139545,0.00711,-0.01337,0.01300,0.00014,0.00015,0.00020,0.00711,-0.01337,0.01300,0.00014,0.00015,0.00020,0.00058,-0.03324,0.00351,-0.00224,-0.00922,0.00129,0.849,0.3355,0.00001,0,0,0,0,0.182,1.048,0.362,nan,nan,nan,nan,nan,nan,nan,nan,nan,0,0.007445,0.001309,0.345,1.210,0.426,nan,nan,nan,nan,nan,nan,nan,nan,nan,-0.003661,nan,nan,nan,0,0,0,0,1.0000,1.0000,0.13421,0.10125,0.1326,0.01957,0.0000,0.0000,0.100,-0.05773,4.0000,0.461575,0.461842,-0.013260,1,-0.013260
0.6558,move->d,none,0.4157,0.461507,-0.016683,-0.585074,-0.001413,1.677810,0.019312,1.027974,1.561692,0.461842,-0.016720,-0.588438,-0.001326,1.684016,0.019286,1.025049,1.561721,0.191452,0.062059,0.365760,3.129700,-0.549651,-3.139640,0.00723,-0.01371,0.01317,0.00022,0.00029,0.00035,0.00723,-0.01371,0.01317,0.00022,0.00029,0.00035,0.00614,-0.00416,0.01438,-0.00620,-0.01143,-0.01169,0.826,0.3319,0.00001,0,0,0,0,0.188,1.049,0.354,nan,nan,nan,nan,nan,nan,nan,nan,nan,0,0.005962,0.001154,0.133,0.973,0.288,nan,nan,nan,nan,nan,nan,nan,nan,nan,-0.015511,nan,nan,nan,0,0,0,0,1.0000,1.0000,0.13418,0.10286,0.1352,0.02012,0.0000,0.0000,0.102,-0.05766,4.0000,0.461507,0.461842,-0.013524,1,-0.013524
0.6618,move->d,none,0.4207,0.461438,-0.016683,-0.584823,-0.001421,1.677387,0.019315,1.028147,1.561687,0.461842,-0.016668,-0.588316,-0.001257,1.683876,0.019268,1.025067,1.561756,0.191476,0.062083,0.365781,3.129729,-0.549652,-3.139571,0.00738,-0.01416,0.01347,0.00027,0.00029,0.00019,0.00738,-0.01416,0.01347,0.00027,0.00029,0.00019,0.00402,0.00401,0.00337,-0.00409,0.00015,0.01392,0.886,0.3476,0.00001,0,0,0,0,0.176,1.036,0.357,nan,nan,nan,nan,nan,nan,nan,nan,nan,0,0.006042,0.001124,0.018,0.904,0.436,nan,nan,nan,nan,nan,nan,nan,nan,nan,-0.004933,nan,nan,nan,0,0,0,0,1.0000,1.0000,0.13416,0.10524,0.1379,0.02068,0.0000,0.0000,0.104,-0.05759,4.0000,0.461438,0.461842,-0.013789,1,-0.013789
0.6678,move->d,none,0.4257,0.461368,-0.016682,-0.584566,-0.001431,1.676956,0.019320,1.028323,1.561679,0.461842,-0.016633,-0.588124,-0.001309,1.683562,0.019286,1.025154,1.561721,0.191512,0.062078,0.365836,3.129714,-0.549617,-3.139544,0.00751,-0.01455,0.01371,0.00025,0.00036,0.00016,0.00751,-0.01455,0.01371,0.00025,0.00036,0.00016,0.00599,-0.00079,0.00932,0.00223,-0.00601,0.00318,0.910,0.3538,0.00001,0,0,0,0,0.163,1.028,0.379,nan,nan,nan,nan,nan,nan,nan,nan,nan,0,0.005988,0.001179,0.105,1.018,0.596,nan,nan,nan,nan,nan,nan,nan,nan,nan,-0.011086,nan,nan,nan,0,0,0,0,1.0000,1.0000,0.13414,0.10726,0.1406,0.02124,0.0000,0.0000,0.107,-0.05753,4.0000,0.461368,0.461842,-0.014055,1,-0.014055
0.6738,move->d,none,0.4307,0.461296,-0.016681,-0.584304,-0.001445,1.676517,0.019326,1.028503,1.561668,0.461842,-0.016650,-0.588019,-0.001309,1.683300,0.019286,1.025241,1.561721,0.191532,0.062075,0.365891,3.129716,-0.549547,-3.139561,0.00767,-0.01494,0.01396,0.00026,0.00050,0.00020,0.00767,-0.01494,0.01396,0.00026,0.00050,0.00020,0.00311,-0.00057,0.00846,-0.00033,-0.01085,-0.00250,0.946,0.3635,0.00002,0,0,0,0,0.153,1.032,0.389,nan,nan,nan,nan,nan,nan,nan,nan,nan,0,0.006031,0.000783,0.111,1.118,0.364,nan,nan,nan,nan,nan,nan,nan,nan,nan,-0.008848,nan,nan,nan,0,0,0,0,1.0000,1.0000,0.13412,0.10948,0.1432,0.02182,0.0000,0.0000,0.109,-0.05745,4.0000,0.461296,0.461463,-0.014322,1,-0.014322
0.6800,move->d,none,0.4357,0.461223,-0.016681,-0.584037,-0.001443,1.676067,0.019325,1.028687,1.561673,0.461463,-0.016650,-0.587914,-0.001361,1.683230,0.019268,1.025311,1.561756,0.191538,0.061682,0.365884,3.129664,-0.549651,-3.139602,0.00785,-0.01457,0.01433,0.00017,0.00029,0.00034,0.00785,-0.01457,0.01433,0.00017,0.00029,0.00034,0.00112,-0.06944,-0.00123,0.00786,0.01851,-0.01214,0.942,0.3847,0.00002,0,0,0,0,0.151,1.035,0.398,nan,nan,nan,nan,nan,nan,nan,nan,nan,0,0.006194,0.001342,0.189,1.044,0.427,nan,nan,nan,nan,nan,nan,nan,nan,nan,-0.000291,nan,nan,nan,0,0,0,0,1.0000,1.0000,0.13409,0.11192,0.1459,0.02240,0.0000,0.0000,0.109,-0.05738,4.0000,0.461223,0.461463,-0.014590,1,-0.014590
0.6856,move->d,none,0.4407,0.461149,-0.016681,-0.583764,-0.001445,1.675609,0.019326,1.028874,1.561674,0.461463,-0.016703,-0.587740,-0.001292,1.682881,0.019303,1.025416,1.561721,0.191572,0.061693,0.365951,3.129711,-0.549582,-3.139585,0.00799,-0.01500,0.01455,0.00026,0.00043,0.00027,0.00799,-0.01500,0.01455,0.00026,0.00043,0.00027,0.00560,0.00179,0.01134,-0.00668,-0.01172,0.00698,0.949,0.3904,0.00002,0,0,0,0,0.139,1.024,0.391,nan,nan,nan,nan,nan,nan,nan,nan,nan,0,0.005591,0.000949,0.014,0.876,0.265,nan,nan,nan,nan,nan,nan,nan,nan,nan,-0.012579,nan,nan,nan,0,0,0,0,1.0000,1.0000,0.13407,0.11394,0.1486,0.02300,0.0000,0.0000,0.112,-0.05731,4.0000,0.461149,0.461463,-0.014858,1,-0.014858
0.6913,move->d,none,0.4457,0.461073,-0.016680,-0.583486,-0.001451,1.675144,0.019328,1.029066,1.561672,0.461463,-0.016668,-0.587548,-0.001326,1.682497,0.019303,1.025486,1.561721,0.191616,0.061691,0.366032,3.129692,-0.549459,-3.139569,0.00810,-0.01541,0.01475,0.00023,0.00068,0.00026,0.00810,-0.01541,0.01475,0.00023,0.00068,0.00026,0.00813,-0.00038,0.01471,0.00297,-0.02222,0.00124,0.945,0.3947,0.00002,0,0,0,0,0.131,1.020,0.393,nan,nan,nan,nan,nan,nan,nan,nan,nan,0,0.005645,0.001108,0.110,1.046,0.460,nan,nan,nan,nan,nan,nan,nan,nan,nan,-0.016799,nan,nan,nan,0,0,0,0,1.0000,1.0000,0.13404,0.11594,0.1513,0.02361,0.0000,0.0000,0.114,-0.05724,4.0000,0.461073,0.461463,-0.015128,1,-0.015128
0.6972,move->d,none,0.4507,0.460996,-0.016680,-0.583204,-0.001460,1.674669,0.019333,1.029261,1.561666,0.461463,-0.016650,-0.587338,-0.001326,1.682271,0.019268,1.025573,1.561721,0.191646,0.061686,0.366055,3.129728,-0.549530,-3.139584,0.00825,-0.01582,0.01507,0.00029,0.00054,0.00026,0.00825,-0.01582,0.01507,0.00029,0.00054,0.00026,0.00509,-0.00088,0.00383,-0.00521,0.01192,0.00048,1.004,0.4083,0.00002,0,0,0,0,0.126,1.019,0.399,nan,nan,nan,nan,nan,nan,nan,nan,nan,0,0.005956,0.001153,0.122,1.027,0.448,nan,nan,nan,nan,nan,nan,nan,nan,nan,-0.005930,nan,nan,nan,0,0,0,0,1.0000,1.0000,0.13402,0.11821,0.1540,0.02422,0.0000,0.0000,0.117,-0.05716,4.0000,0.460996,0.461463,-0.015398,1,-0.015398
0.7029,move->d,none,0.4557,0.460918,-0.016679,-0.582916,-0.001472,1.674184,0.019338,1.029459,1.561656,0.461463,-0.016668,-0.587146,-0.001379,1.682096,0.019268,1.025747,1.561703,0.191654,0.061669,0.366051,3.129709,-0.549721,-3.139623,0.00844,-0.01621,0.01545,0.00027,0.00015,0.00037,0.00844,-0.01621,0.01545,0.00027,0.00015,0.00037,0.00116,-0.00266,-0.00065,0.00249,0.03043,-0.00777,1.096,0.4255,0.00002,0,0,0,0,0.128,1.021,0.407,nan,nan,nan,nan,nan,nan,nan,nan,nan,0,0.005689,0.000555,0.192,1.062,0.466,nan,nan,nan,nan,nan,nan,nan,nan,nan,-0.000075,nan,nan,nan,0,0,0,0,1.0000,1.0000,0.13399,0.12055,0.1567,0.02484,0.0000,0.0000,0.120,-0.05708,4.0000,0.460918,0.461463,-0.015669,1,-0.015669
0.7088,move->d,none,0.4607,0.460838,-0.016677,-0.582622,-0.001488,1.673688,0.019346,1.029662,1.561642,0.461463,-0.016668,-0.587146,-0.001379,1.682096,0.019268,1.025747,1.561703,0.191654,0.061669,0.366051,3.129709,-0.549721,-3.139623,0.00865,-0.01663,0.01582,0.00027,0.00015,0.00038,0.00865,-0.01663,0.01582,0.00027,0.00015,0.00038,0.00116,-0.00266,-0.00065,0.00249,0.03043,-0.00777,1.196,0.4533,0.00002,0,0,0,0,0.135,1.026,0.417,nan,nan,nan,nan,nan,nan,nan,nan,nan,0,0.005895,0.006393,0.192,1.062,0.466,nan,nan,nan,nan,nan,nan,nan,nan,nan,-0.000075,nan,nan,nan,0,0,0,0,1.0000,1.0000,0.13397,0.12350,0.1594,0.02548,0.0000,0.0000,0.123,-0.05700,4.0000,0.460838,0.461223,-0.015940,1,-0.015940
0.7146,move->d,none,0.4657,0.460757,-0.016677,-0.582321,-0.001496,1.673183,0.019349,1.029868,1.561637,0.461223,-0.016668,-0.587024,-0.001326,1.681782,0.019286,1.025870,1.561721,0.191674,0.061446,0.366114,3.129711,-0.549651,-3.139580,0.00882,-0.01662,0.01606,0.00028,0.00029,0.00029,0.00882,-0.01662,0.01606,0.00028,0.00029,0.00029,0.00178,-0.01933,0.00550,-0.00008,-0.00603,0.00385,1.165,0.4638,0.00002,0,0,0,0,0.136,1.022,0.411,nan,nan,nan,nan,nan,nan,nan,nan,nan,0,0.005757,0.000669,0.106,0.948,0.295,nan,nan,nan,nan,nan,nan,nan,nan,nan,-0.005827,nan,nan,nan,0,0,0,0,1.0000,1.0000,0.13394,0.12565,0.1621,0.02613,0.0000,0.0000,0.124,-0.05693,4.0000,0.460757,0.461223,-0.016212,1,-0.016212
0.7200,move->d,none,0.4707,0.460675,-0.016676,-0.582016,-0.001508,1.672668,0.019355,1.030079,1.561628,0.461223,-0.016668,-0.586815,-0.001361,1.681520,0.019286,1.025939,1.561721,0.191711,0.061438,0.366151,3.129688,-0.549669,-3.139596,0.00896,-0.01703,0.01637,0.00024,0.00026,0.00036,0.00896,-0.01703,0.01637,0.00024,0.00026,0.00036,0.00665,-0.00158,0.00676,0.00344,0.00313,-0.00512,1.216,0.4777,0.00002,0,0,0,0,0.137,1.024,0.398,nan,nan,nan,nan,nan,nan,nan,nan,nan,0,0.005405,0.000601,0.135,1.073,0.273,nan,nan,nan,nan,nan,nan,nan,nan,nan,-0.009254,nan,nan,nan,0,0,0,0,1.0000,1.0000,0.13391,0.12798,0.1648,0.02679,0.0000,0.0000,0.126,-0.05684,4.0000,0.460675,0.461223,-0.016485,1,-0.016485
0.7257,move->d,none,0.4757,0.460591,-0.016674,-0.581705,-0.001524,1.672142,0.019362,1.030293,1.561614,0.461223,-0.016668,-0.586623,-0.001379,1.681450,0.019303,1.026062,1.561703,0.191718,0.061436,0.366120,3.129672,-0.549912,-3.139583,0.00916,-0.01746,0.01681,0.00022,-0.00023,0.00036,0.00916,-0.01746,0.01681,0.00022,-0.00023,0.00036,0.00146,-0.00026,-0.00588,0.00248,0.04573,0.00090,1.343,0.5032,0.00002,0,0,0,0,0.141,1.034,0.394,nan,nan,nan,nan,nan,nan,nan,nan,nan,0,0.005779,0.001063,0.188,1.133,0.427,nan,nan,nan,nan,nan,nan,nan,nan,nan,0.004246,nan,nan,nan,0,0,0,0,1.0000,1.0000,0.13388,0.13062,0.1676,0.02746,0.0000,0.0000,0.129,-0.05676,4.0000,0.460591,0.461223,-0.016758,1,-0.016758
0.7318,move->d,none,0.4807,0.460506,-0.016673,-0.581387,-0.001544,1.671604,0.019371,1.030512,1.561597,0.461223,-0.016668,-0.586623,-0.001379,1.681450,0.019303,1.026062,1.561703,0.191718,0.061436,0.366120,3.129672,-0.549912,-3.139583,0.00938,-0.01790,0.01719,0.00023,-0.00023,0.00036,0.00938,-0.01790,0.01719,0.00023,-0.00023,0.00036,0.00146,-0.00026,-0.00588,0.00248,0.04573,0.00090,1.450,0.5333,0.00002,0,0,0,0,0.148,1.048,0.394,nan,nan,nan,nan,nan,nan,nan,nan,nan,0,0.006071,0.007073,0.188,1.133,0.427,nan,nan,nan,nan,nan,nan,nan,nan,nan,0.004246,nan,nan,nan,0,0,0,0,1.0000,1.0000,0.13385,0.13368,0.1703,0.02814,0.0000,0.0000,0.133,-0.05668,4.0000,0.460506,0.461223,-0.017032,1,-0.017032
0.7373,move->d,none,0.4857,0.460419,-0.016671,-0.581063,-0.001568,1.671059,0.019382,1.030735,1.561575,0.461223,-0.016703,-0.586448,-0.001326,1.680874,0.019286,1.026184,1.561703,0.191768,0.061437,0.366260,3.129733,-0.549634,-3.139612,0.00949,-0.01834,0.01730,0.00033,0.00033,0.00037,0.00949,-0.01834,0.01730,0.00033,0.00033,0.00037,0.00434,0.00004,0.01222,-0.00441,-0.02422,0.00021,1.425,0.5311,0.00002,0,0,0,0,0.153,1.047,0.403,nan,nan,nan,nan,nan,nan,nan,nan,nan,0,0.005470,0.001106,0.173,0.954,0.510,nan,nan,nan,nan,nan,nan,nan,nan,nan,-0.012685,nan,nan,nan,0,0,0,0,1.0000,1.0000,0.13382,0.13561,0.1731,0.02883,0.0000,0.0000,0.135,-0.05659,4.0000,0.460419,0.460680,-0.017306,1,-0.017306
0.7434,move->d,none,0.4907,0.460331,-0.016670,-0.580734,-0.001569,1.670505,0.019383,1.030961,1.561577,0.460680,-0.016720,-0.586326,-0.001361,1.680682,0.019286,1.026376,1.561756,0.191765,0.060887,0.366273,3.129657,-0.549756,-3.139643,0.00972,-0.01769,0.01766,0.00021,0.00008,0.00052,0.00972,-0.01769,0.01766,0.00021,0.00008,0.00052,-0.00055,-0.09685,0.00221,0.01134,0.02146,-0.01244,1.373,0.5513,0.00002,0,0,0,0,0.148,1.038,0.401,nan,nan,nan,nan,nan,nan,nan,nan,nan,0,0.006151,0.001588,0.067,0.945,0.326,nan,nan,nan,nan,nan,nan,nan,nan,nan,-0.002650,nan,nan,nan,0,0,0,0,1.0000,1.0000,0.13380,0.13788,0.1758,0.02953,0.0000,0.0000,0.134,-0.05651,4.0000,0.460331,0.460680,-0.017580,1,-0.017580
0.7495,move->d,none,0.4957,0.460242,-0.016670,-0.580399,-0.001575,1.669940,0.019386,1.031190,1.561575,0.460680,-0.016668,-0.586099,-0.001379,1.680368,0.019286,1.026498,1.561686,0.191799,0.060887,0.366316,3.129716,-0.549790,-3.139598,0.00987,-0.01814,0.01796,0.00032,0.00001,0.00037,0.00987,-0.01814,0.01796,0.00032,0.00001,0.00037,0.00500,-0.00001,0.00645,-0.00756,0.00517,0.01139,1.418,0.5651,0.00002,0,0,0,0,0.147,1.036,0.389,nan,nan,nan,nan,nan,nan,nan,nan,nan,0,0.006078,0.000939,0.169,1.069,0.281,nan,nan,nan,nan,nan,nan,nan,nan,nan,-0.008116,nan,nan,nan,0,0,0,0,1.0000,1.0000,0.13377,0.14016,0.1785,0.03025,0.0000,0.0000,0.137,-0.05642,4.0000,0.460242,0.460680,-0.017855,1,-0.017855
0.7549,move->d,none,0.5007,0.460151,-0.016669,-0.580058,-0.001584,1.669367,0.019390,1.031423,1.561568,0.460680,-0.016703,-0.585924,-0.001379,1.680019,0.019286,1.026673,1.561721,0.191819,0.060882,0.366373,3.129683,-0.549791,-3.139631,0.01005,-0.01858,0.01824,0.00027,0.00001,0.00048,0.01005,-0.01858,0.01824,0.00027,0.00001,0.00048,0.00380,-0.00077,0.01065,0.00523,0.00003,-0.00937,1.463,0.5775,0.00002,0,0,0,0,0.147,1.035,0.393,nan,nan,nan,nan,nan,nan,nan,nan,nan,0,0.005377,0.000964,0.154,1.041,0.506,nan,nan,nan,nan,nan,nan,nan,nan,nan,-0.011075,nan,nan,nan,0,0,0,0,1.0000,1.0000,0.13373,0.14244,0.1813,0.03097,0.0000,0.0000,0.139,-0.05633,4.0000,0.460151,0.460680,-0.018130,1,-0.018130
0.7613,move->d,none,0.5057,0.460059,-0.016667,-0.579715,-0.001598,1.668788,0.019397,1.031658,1.561557,0.460680,-0.016703,-0.585471,-0.001379,1.679321,0.019303,1.026987,1.561686,0.191879,0.060883,0.366473,3.129702,-0.549860,-3.139610,0.01015,-0.01903,0.01844,0.00030,-0.00013,0.00043,0.01015,-0.01903,0.01844,0.00030,-0.00013,0.00043,0.01005,0.00006,0.01654,-0.00273,0.01153,0.00522,1.460,0.5703,0.00002,0,0,0,0,0.138,1.031,0.385,nan,nan,nan,nan,nan,nan,nan,nan,nan,0,0.006372,0.001325,0.050,0.992,0.295,nan,nan,nan,nan,nan,nan,nan,nan,nan,-0.019352,nan,nan,nan,0,0,0,0,1.0000,1.0000,0.13370,0.14383,0.1841,0.03170,0.0000,0.0000,0.142,-0.05624,4.0000,0.460059,0.460680,-0.018405,1,-0.018405
0.7675,move->d,none,0.5107,0.459966,-0.016666,-0.579367,-0.001616,1.668199,0.019405,1.031897,1.561542,0.460680,-0.016650,-0.585174,-0.001431,1.679024,0.019303,1.027109,1.561686,0.191920,0.060880,0.366497,3.129667,-0.549981,-3.139581,0.01030,-0.01948,0.01879,0.00025,-0.00037,0.00041,0.01030,-0.01948,0.01879,0.00025,-0.00037,0.00041,0.00628,-0.00040,0.00372,0.00456,0.01870,0.00164,1.537,0.5865,0.00002,0,0,0,0,0.136,1.042,0.388,nan,nan,nan,nan,nan,nan,nan,nan,nan,0,0.006270,0.001068,0.160,1.165,0.455,nan,nan,nan,nan,nan,nan,nan,nan,nan,-0.006456,nan,nan,nan,0,0,0,0,1.0000,1.0000,0.13367,0.14618,0.1868,0.03245,0.0000,0.0000,0.145,-0.05615,4.0000,0.459966,0.460179,-0.018681,1,-0.018681
0.7732,move->d,none,0.5157,0.459871,-0.016665,-0.579013,-0.001614,1.667602,0.019405,1.032140,1.561548,0.460179,-0.016703,-0.584999,-0.001414,1.678640,0.019303,1.027248,1.561686,0.191950,0.060373,0.366571,3.129682,-0.549912,-3.139624,0.01046,-0.01893,0.01904,0.00028,-0.00023,0.00049,0.01046,-0.01893,0.01904,0.00028,-0.00023,0.00049,0.00531,-0.09000,0.01312,-0.00219,-0.01235,-0.00632,1.471,0.5982,0.00002,0,0,0,0,0.136,1.049,0.402,nan,nan,nan,nan,nan,nan,nan,nan,nan,0,0.005664,0.001114,0.146,1.080,0.552,nan,nan,nan,nan,nan,nan,nan,nan,nan,-0.014938,nan,nan,nan,0,0,0,0,1.0000,1.0000,0.13364,0.14833,0.1896,0.03320,0.0000,0.0000,0.144,-0.05605,4.0000,0.459871,0.460179,-0.018957,1,-0.018957
0.7794,move->d,none,0.5207,0.459775,-0.016665,-0.578655,-0.001617,1.666997,0.019406,1.032383,1.561549,0.460179,-0.016668,-0.584650,-0.001449,1.678134,0.019303,1.027667,1.561721,0.191961,0.060375,0.366611,3.129623,-0.550173,-3.139598,0.01067,-0.01939,0.01936,0.00018,-0.00075,0.00051,0.01067,-0.01939,0.01936,0.00018,-0.00075,0.00051,0.00169,0.00024,0.00608,0.00749,0.03944,-0.00081,1.532,0.6034,0.00002,0,0,0,0,0.130,1.042,0.406,nan,nan,nan,nan,nan,nan,nan,nan,nan,0,0.006193,0.000681,0.079,0.919,0.352,nan,nan,nan,nan,nan,nan,nan,nan,nan,-0.006060,nan,nan,nan,0,0,0,0,1.0000,1.0000,0.13361,0.15010,0.1923,0.03396,0.0000,0.0000,0.147,-0.05596,4.0000,0.459775,0.460179,-0.019232,1,-0.019232
0.7861,move->d,none,0.5257,0.459677,-0.016664,-0.578293,-0.001623,1.666384,0.019410,1.032629,1.561546,0.460179,-0.016650,-0.584266,-0.001449,1.677541,0.019303,1.028016,1.561686,0.191997,0.060375,0.366684,3.129659,-0.550313,-3.139576,0.01083,-0.01986,0.01962,0.00025,-0.00103,0.00044,0.01083,-0.01986,0.01962,0.00025,-0.00103,0.00044,0.00526,0.00002,0.01061,-0.00451,0.02033,0.00606,1.560,0.6041,0.00002,0,0,0,0,0.132,1.041,0.404,nan,nan,nan,nan,nan,nan,nan,nan,nan,0,0.006732,0.000548,0.173,1.069,0.372,nan,nan,nan,nan,nan,nan,nan,nan,nan,-0.011794,nan,nan,nan,0,0,0,0,1.0000,1.0000,0.13357,0.15177,0.1951,0.03473,0.0000,0.0000,0.150,-0.05586,4.0000,0.459677,0.460179,-0.019508,1,-0.019508
0.7927,move->d,none,0.5307,0.459579,-0.016663,-0.577927,-0.001634,1.665763,0.019415,1.032878,1.561538,0.460179,-0.016703,-0.583848,-0.001484,1.677069,0.019286,1.028191,1.561686,0.192059,0.060352,0.366735,3.129654,-0.550435,-3.139660,0.01093,-0.02028,0.01993,0.00025,-0.00128,0.00062,0.01093,-0.02028,0.01993,0.00025,-0.00128,0.00062,0.01146,-0.00428,0.00944,0.00072,0.02262,-0.01607,1.599,0.6122,0.00002,0,0,0,0,0.137,1.035,0.409,nan,nan,nan,nan,nan,nan,nan,nan,nan,0,0.006548,0.001705,0.171,0.984,0.468,nan,nan,nan,nan,nan,nan,nan,nan,nan,-0.014085,nan,nan,nan,0,0,0,0,1.0000,1.0000,0.13354,0.15375,0.1978,0.03551,0.0000,0.0000,0.152,-0.05576,4.0000,0.459579,0.459736,-0.019785,1,-0.019785
0.7988,move->d,none,0.5357,0.459478,-0.016662,-0.577555,-0.001628,1.665133,0.019413,1.033131,1.561549,0.459736,-0.016703,-0.583760,-0.001501,1.676685,0.019338,1.028296,1.561651,0.192085,0.059913,0.366831,3.129629,-0.550242,-3.139617,0.01111,-0.01987,0.02015,0.00021,-0.00089,0.00057,0.01111,-0.01987,0.02015,0.00021,-0.00089,0.00057,0.00361,-0.06248,0.01367,0.00312,-0.02749,0.00418,1.562,0.6258,0.00002,0,0,0,0,0.141,1.023,0.395,nan,nan,nan,nan,nan,nan,nan,nan,nan,0,0.006153,0.000837,0.154,0.939,0.229,nan,nan,nan,nan,nan,nan,nan,nan,nan,-0.014227,nan,nan,nan,0,0,0,0,1.0000,1.0000,0.13351,0.15617,0.2006,0.03629,0.0000,0.0000,0.152,-0.05567,4.0000,0.459478,0.459736,-0.020061,1,-0.020061
0.8045,move->d,none,0.5407,0.459377,-0.016662,-0.577175,-0.001627,1.664490,0.019413,1.033389,1.561554,0.459736,-0.016703,-0.583760,-0.001501,1.676685,0.019338,1.028296,1.561651,0.192085,0.059913,0.366831,3.129629,-0.550242,-3.139617,0.01135,-0.02035,0.02056,0.00021,-0.00089,0.00058,0.01135,-0.02035,0.02056,0.00021,-0.00089,0.00058,0.00361,-0.06248,0.01367,0.00312,-0.02749,0.00418,1.665,0.6619,0.00002,0,0,0,0,0.143,1.011,0.375,nan,nan,nan,nan,nan,nan,nan,nan,nan,0,0.005702,0.006474,0.154,0.939,0.229,nan,nan,nan,nan,nan,nan,nan,nan,nan,-0.014227,nan,nan,nan,0,0,0,0,1.0000,1.0000,0.13347,0.15943,0.2034,0.03709,0.0000,0.0000,0.155,-0.05557,4.0000,0.459377,0.459736,-0.020337,1,-0.020337
0.8111,move->d,none,0.5457,0.459273,-0.016661,-0.576792,-0.001631,1.663842,0.019416,1.033650,1.561554,0.459736,-0.016668,-0.583307,-0.001449,1.675865,0.019286,1.028645,1.561686,0.192149,0.059922,0.366966,3.129687,-0.550226,-3.139606,0.01145,-0.02084,0.02071,0.00032,-0.00086,0.00050,0.01145,-0.02084,0.02071,0.00032,-0.00086,0.00050,0.00554,0.00073,0.01153,-0.00424,-0.00139,0.00358,1.628,0.6517,0.00002,0,0,0,0,0.150,1.021,0.376,nan,nan,nan,nan,nan,nan,nan,nan,nan,0,0.006561,0.001434,0.197,1.175,0.492,nan,nan,nan,nan,nan,nan,nan,nan,nan,-0.012711,nan,nan,nan,0,0,0,0,1.0000,1.0000,0.13344,0.16074,0.2061,0.03790,0.0000,0.0000,0.158,-0.05546,4.0000,0.459273,0.459736,-0.020613,1,-0.020613
0.8169,move->d,none,0.5507,0.459169,-0.016660,-0.576403,-0.001640,1.663183,0.019420,1.033915,1.561549,0.459736,-0.016668,-0.583010,-0.001484,1.675551,0.019338,1.028784,1.561686,0.192189,0.059925,0.366993,3.129609,-0.550347,-3.139568,0.01161,-0.02133,0.02107,0.00019,-0.00110,0.00052,0.01161,-0.02133,0.02107,0.00019,-0.00110,0.00052,0.00640,0.00056,0.00446,0.01078,0.01970,-0.00045,1.705,0.6709,0.00002,0,0,0,0,0.148,1.032,0.395,nan,nan,nan,nan,nan,nan,nan,nan,nan,0,0.005818,0.001094,0.085,1.101,0.590,nan,nan,nan,nan,nan,nan,nan,nan,nan,-0.007139,nan,nan,nan,0,0,0,0,1.0000,1.0000,0.13340,0.16319,0.2089,0.03872,0.0000,0.0000,0.161,-0.05536,4.0000,0.459169,0.459161,-0.020889,1,-0.020889
0.8228,move->d,none,0.5557,0.459063,-0.016660,-0.576007,-0.001626,1.662511,0.019414,1.034184,1.561569,0.459161,-0.016668,-0.583010,-0.001484,1.675551,0.019338,1.028784,1.561686,0.192189,0.059350,0.366993,3.129609,-0.550347,-3.139568,0.01184,-0.02066,0.02149,0.00020,-0.00110,0.00052,0.01184,-0.02066,0.02149,0.00020,-0.00110,0.00052,0.00000,-0.09718,0.00000,0.00000,0.00000,0.00000,1.784,0.7086,0.00002,0,0,0,0,0.132,1.022,0.406,nan,nan,nan,nan,nan,nan,nan,nan,nan,0,0.005933,0.001106,-0.028,0.853,0.412,nan,nan,nan,nan,nan,nan,nan,nan,nan,-0.001062,nan,nan,nan,0,0,0,0,1.0000,1.0000,0.13336,0.16653,0.2116,0.03955,0.0000,0.0000,0.160,-0.05526,4.0000,0.459063,0.459161,-0.021164,1,-0.021164
0.8297,move->d,none,0.5607,0.458956,-0.016660,-0.575608,-0.001616,1.661837,0.019411,1.034456,1.561584,0.459161,-0.016703,-0.582451,-0.001501,1.674469,0.019303,1.029151,1.561651,0.192286,0.059327,0.367192,3.129677,-0.550190,-3.139645,0.01189,-0.02109,0.02151,0.00032,-0.00079,0.00062,0.01189,-0.02109,0.02151,0.00032,-0.00079,0.00062,0.01327,-0.00315,0.02711,-0.00788,-0.02133,-0.00567,1.663,0.6851,0.00002,0,0,0,0,0.120,1.031,0.419,nan,nan,nan,nan,nan,nan,nan,nan,nan,0,0.006863,0.000618,0.105,1.150,0.476,nan,nan,nan,nan,nan,nan,nan,nan,nan,-0.030083,nan,nan,nan,0,0,0,0,1.0000,1.0000,0.13333,0.16732,0.2144,0.04040,0.0000,0.0000,0.162,-0.05515,4.0000,0.458956,0.459161,-0.021440,1,-0.021440
0.8357,move->d,none,0.5657,0.458847,-0.016660,-0.575204,-0.001612,1.661152,0.019409,1.034732,1.561593,0.459161,-0.016668,-0.582137,-0.001501,1.674085,0.019303,1.029343,1.561703,0.192324,0.059338,0.367232,3.129624,-0.550312,-3.139607,0.01205,-0.02160,0.02186,0.00023,-0.00103,0.00060,0.01205,-0.02160,0.02186,0.00023,-0.00103,0.00060,0.00670,0.00183,0.00695,0.00789,0.02157,0.00188,1.718,0.7018,0.00002,0,0,0,0,0.116,1.039,0.419,nan,nan,nan,nan,nan,nan,nan,nan,nan,0,0.006003,0.000945,0.130,1.079,0.348,nan,nan,nan,nan,nan,nan,nan,nan,nan,-0.009403,nan,nan,nan,0,0,0,0,1.0000,1.0000,0.13329,0.16963,0.2172,0.04125,0.0000,0.0000,0.165,-0.05504,4.0000,0.458847,0.459161,-0.021715,1,-0.021715
0.8415,move->d,none,0.5707,0.458737,-0.016659,-0.574794,-0.001613,1.660456,0.019410,1.035010,1.561597,0.459161,-0.016633,-0.581998,-0.001484,1.673823,0.019338,1.029587,1.561686,0.192320,0.059355,0.367256,3.129617,-0.550434,-3.139524,0.01230,-0.02213,0.02224,0.00023,-0.00128,0.00045,0.01230,-0.02213,0.02224,0.00023,-0.00128,0.00045,-0.00073,0.00297,0.00413,0.00107,0.02044,0.01325,1.814,0.7260,0.00002,0,0,0,0,0.101,1.032,0.414,nan,nan,nan,nan,nan,nan,nan,nan,nan,0,0.005777,0.000777,-0.045,0.901,0.372,nan,nan,nan,nan,nan,nan,nan,nan,nan,-0.003103,nan,nan,nan,0,0,0,0,1.0000,1.0000,0.13325,0.17230,0.2199,0.04211,0.0000,0.0000,0.168,-0.05493,4.0000,0.458737,0.459161,-0.021990,1,-0.021990
0.8484,move->d,none,0.5757,0.458626,-0.016659,-0.574378,-0.001619,1.659752,0.019413,1.035293,1.561595,0.459161,-0.016633,-0.581736,-0.001501,1.673317,0.019338,1.029744,1.561651,0.192368,0.059348,0.367351,3.129644,-0.550347,-3.139532,0.01244,-0.02260,0.02248,0.00028,-0.00110,0.00045,0.01244,-0.02260,0.02248,0.00028,-0.00110,0.00045,0.00785,-0.00124,0.01546,-0.00381,-0.01421,0.00099,1.829,0.7369,0.00002,0,0,0,0,0.101,1.023,0.418,nan,nan,nan,nan,nan,nan,nan,nan,nan,0,0.006949,0.001591,0.180,0.989,0.462,nan,nan,nan,nan,nan,nan,nan,nan,nan,-0.017295,nan,nan,nan,0,0,0,0,1.0000,1.0000,0.13321,0.17455,0.2227,0.04298,0.0000,0.0000,0.171,-0.05482,4.0000,0.458626,0.459161,-0.022265,1,-0.022265
0.8548,move->d,none,0.5807,0.458513,-0.016658,-0.573956,-0.001630,1.659039,0.019419,1.035580,1.561588,0.459161,-0.016668,-0.581404,-0.001501,1.672828,0.019303,1.029919,1.561651,0.192421,0.059332,0.367425,3.129683,-0.550365,-3.139601,0.01258,-0.02306,0.02276,0.00035,-0.00114,0.00056,0.01258,-0.02306,0.02276,0.00035,-0.00114,0.00056,0.00716,-0.00213,0.00999,-0.00445,0.00246,-0.00659,1.868,0.7492,0.00003,0,0,0,0,0.125,1.038,0.393,nan,nan,nan,nan,nan,nan,nan,nan,nan,0,0.006349,0.000610,0.346,1.221,0.148,nan,nan,nan,nan,nan,nan,nan,nan,nan,-0.012284,nan,nan,nan,0,0,0,0,1.0000,1.0000,0.13317,0.17679,0.2254,0.04386,0.0000,0.0000,0.174,-0.05471,4.0000,0.458513,0.458644,-0.022540,1,-0.022540
0.8622,move->d,none,0.5857,0.458399,-0.016657,-0.573532,-0.001622,1.658321,0.019415,1.035868,1.561603,0.458644,-0.016650,-0.580915,-0.001518,1.671903,0.019338,1.030355,1.561651,0.192483,0.058821,0.367575,3.129640,-0.550364,-3.139553,0.01270,-0.02254,0.02289,0.00028,-0.00113,0.00051,0.01270,-0.02254,0.02289,0.00028,-0.00113,0.00051,0.00980,-0.08037,0.02361,0.00567,-0.00012,0.00410,1.780,0.7371,0.00003,0,0,0,0,0.139,1.030,0.372,nan,nan,nan,nan,nan,nan,nan,nan,nan,0,0.007382,0.001655,0.142,0.911,0.325,nan,nan,nan,nan,nan,nan,nan,nan,nan,-0.026124,nan,nan,nan,0,0,0,0,1.0000,1.0000,0.13314,0.17794,0.2281,0.04476,0.0000,0.0000,0.173,-0.05460,4.0000,0.458399,0.458644,-0.022814,1,-0.022814
0.8680,move->d,none,0.5907,0.458284,-0.016657,-0.573103,-0.001618,1.657594,0.019414,1.036160,1.561611,0.458644,-0.016650,-0.580584,-0.001553,1.671432,0.019338,1.030512,1.561651,0.192537,0.058812,0.367645,3.129620,-0.550381,-3.139568,0.01284,-0.02302,0.02319,0.00025,-0.00117,0.00058,0.01284,-0.02302,0.02319,0.00025,-0.00117,0.00058,0.00796,-0.00131,0.01030,0.00259,0.00252,-0.00393,1.808,0.7512,0.00003,0,0,0,0,0.151,1.026,0.356,nan,nan,nan,nan,nan,nan,nan,nan,nan,0,0.005821,0.000640,0.223,1.018,0.279,nan,nan,nan,nan,nan,nan,nan,nan,nan,-0.012955,nan,nan,nan,0,0,0,0,1.0000,1.0000,0.13310,0.18020,0.2309,0.04565,0.0000,0.0000,0.175,-0.05449,4.0000,0.458284,0.458644,-0.023087,1,-0.023087
0.8736,move->d,none,0.5957,0.458167,-0.016656,-0.572668,-0.001620,1.656858,0.019416,1.036456,1.561614,0.458644,-0.016668,-0.580322,-0.001553,1.670839,0.019303,1.030704,1.561633,0.192587,0.058798,0.367764,3.129679,-0.550242,-3.139621,0.01299,-0.02349,0.02339,0.00036,-0.00089,0.00063,0.01299,-0.02349,0.02339,0.00036,-0.00089,0.00063,0.00953,-0.00263,0.02292,-0.00972,-0.02681,-0.00415,1.802,0.7589,0.00003,0,0,0,0,0.160,1.027,0.368,nan,nan,nan,nan,nan,nan,nan,nan,nan,0,0.005630,0.001069,0.189,1.063,0.601,nan,nan,nan,nan,nan,nan,nan,nan,nan,-0.024547,nan,nan,nan,0,0,0,0,1.0000,1.0000,0.13306,0.18235,0.2336,0.04656,0.0000,0.0000,0.178,-0.05437,4.0000,0.458167,0.458644,-0.023361,1,-0.023361
0.8800,move->d,none,0.6007,0.458049,-0.016655,-0.572228,-0.001627,1.656111,0.019420,1.036755,1.561611,0.458644,-0.016650,-0.580008,-0.001571,1.670612,0.019303,1.031001,1.561686,0.192592,0.058802,0.367735,3.129610,-0.550626,-3.139604,0.01322,-0.02400,0.02388,0.00025,-0.00166,0.00068,0.01322,-0.02400,0.02388,0.00025,-0.00166,0.00068,0.00082,0.00060,-0.00456,0.00932,0.06166,-0.00311,1.956,0.7880,0.00003,0,0,0,0,0.156,1.023,0.385,nan,nan,nan,nan,nan,nan,nan,nan,nan,0,0.006406,0.001290,0.067,0.982,0.477,nan,nan,nan,nan,nan,nan,nan,nan,nan,0.003463,nan,nan,nan,0,0,0,0,1.0000,1.0000,0.13301,0.18501,0.2363,0.04748,0.0000,0.0000,0.182,-0.05425,4.0000,0.458049,0.458644,-0.023634,1,-0.023634
0.8858,move->d,none,0.6057,0.457929,-0.016654,-0.571779,-0.001640,1.655349,0.019427,1.037060,1.561602,0.458644,-0.016650,-0.580008,-0.001571,1.670612,0.019303,1.031001,1.561686,0.192592,0.058802,0.367735,3.129610,-0.550626,-3.139604,0.01347,-0.02451,0.02432,0.00025,-0.00166,0.00068,0.01347,-0.02451,0.02432,0.00025,-0.00166,0.00068,0.00082,0.00060,-0.00456,0.00932,0.06166,-0.00311,2.093,0.8308,0.00003,0,0,0,0,0.147,1.018,0.400,nan,nan,nan,nan,nan,nan,nan,nan,nan,0,0.005741,0.006937,0.067,0.982,0.477,nan,nan,nan,nan,nan,nan,nan,nan,nan,0.003463,nan,nan,nan,0,0,0,0,1.0000,1.0000,0.13297,0.18856,0.2391,0.04841,0.0000,0.0000,0.185,-0.05414,4.0000,0.457929,0.458644,-0.023906,1,-0.023906
0.8921,move->d,none,0.6107,0.457809,-0.016653,-0.571325,-0.001659,1.654580,0.019436,1.037368,1.561587,0.458644,-0.016650,-0.579711,-0.001518,1.669966,0.019338,1.031210,1.561633,0.192647,0.058817,0.367862,3.129666,-0.550486,-3.139543,0.01361,-0.02504,0.02451,0.00035,-0.00138,0.00051,0.01361,-0.02504,0.02451,0.00035,-0.00138,0.00051,0.00463,0.00126,0.01061,-0.00393,-0.01168,0.00756,2.105,0.8375,0.00003,0,0,0,0,0.126,1.011,0.416,nan,nan,nan,nan,nan,nan,nan,nan,nan,0,0.006324,0.001383,-0.018,0.967,0.480,nan,nan,nan,nan,nan,nan,nan,nan,nan,-0.011455,nan,nan,nan,0,0,0,0,1.0000,1.0000,0.13293,0.19068,0.2418,0.04936,0.0000,0.0000,0.188,-0.05402,4.0000,0.457809,0.457986,-0.024178,1,-0.024178
0.8989,move->d,none,0.6157,0.457686,-0.016652,-0.570865,-0.001651,1.653800,0.019433,1.037679,1.561600,0.457986,-0.016668,-0.579519,-0.001571,1.669582,0.019356,1.031594,1.561633,0.192634,0.058149,0.367897,3.129614,-0.550677,-3.139562,0.01389,-0.02422,0.02489,0.00027,-0.00176,0.00061,0.01389,-0.02422,0.02489,0.00027,-0.00176,0.00061,-0.00180,-0.09345,0.00484,0.00614,0.02675,-0.00652,2.126,0.8596,0.00003,0,0,0,0,0.104,1.013,0.418,nan,nan,nan,nan,nan,nan,nan,nan,nan,0,0.006842,0.001053,0.011,1.064,0.369,nan,nan,nan,nan,nan,nan,nan,nan,nan,-0.004208,nan,nan,nan,0,0,0,0,1.0000,1.0000,0.13289,0.19307,0.2445,0.05032,0.0000,0.0000,0.187,-0.05390,4.0000,0.457686,0.457986,-0.024449,1,-0.024449
0.9053,move->d,none,0.6207,0.457563,-0.016652,-0.570402,-0.001650,1.653017,0.019432,1.037991,1.561608,0.457986,-0.016668,-0.578908,-0.001553,1.668465,0.019391,1.032048,1.561633,0.192726,0.058160,0.368085,3.129596,-0.550624,-3.139515,0.01396,-0.02475,0.02496,0.00025,-0.00166,0.00055,0.01396,-0.02475,0.02496,0.00025,-0.00166,0.00055,0.01353,0.00158,0.02775,0.00231,-0.00781,0.00562,2.044,0.8403,0.00003,0,0,0,0,0.090,1.012,0.395,nan,nan,nan,nan,nan,nan,nan,nan,nan,0,0.006362,0.000658,0.062,0.993,0.168,nan,nan,nan,nan,nan,nan,nan,nan,nan,-0.030706,nan,nan,nan,0,0,0,0,1.0000,1.0000,0.13285,0.19393,0.2472,0.05129,0.0000,0.0000,0.189,-0.05377,4.0000,0.457563,0.457986,-0.024719,1,-0.024719
0.9114,move->d,none,0.6257,0.457438,-0.016651,-0.569934,-0.001654,1.652225,0.019435,1.038307,1.561609,0.457986,-0.016650,-0.578489,-0.001571,1.667837,0.019356,1.032188,1.561651,0.192808,0.058151,0.368193,3.129607,-0.550555,-3.139541,0.01404,-0.02524,0.02519,0.00027,-0.00152,0.00060,0.01404,-0.02524,0.02519,0.00027,-0.00152,0.00060,0.01457,-0.00156,0.01912,-0.00170,-0.01232,-0.00363,2.045,0.8491,0.00003,0,0,0,0,0.082,1.011,0.381,nan,nan,nan,nan,nan,nan,nan,nan,nan,0,0.006080,0.001088,0.076,1.006,0.360,nan,nan,nan,nan,nan,nan,nan,nan,nan,-0.023939,nan,nan,nan,0,0,0,0,1.0000,1.0000,0.13280,0.19602,0.2499,0.05226,0.0000,0.0000,0.192,-0.05365,4.0000,0.457438,0.457986,-0.024989,1,-0.024989
0.9174,move->d,none,0.6307,0.457311,-0.016650,-0.569462,-0.001663,1.651424,0.019440,1.038628,1.561603,0.457986,-0.016650,-0.578140,-0.001571,1.667313,0.019356,1.032380,1.561633,0.192862,0.058149,0.368271,3.129627,-0.550573,-3.139539,0.01419,-0.02576,0.02548,0.00031,-0.00155,0.00058,0.01419,-0.02576,0.02548,0.00031,-0.00155,0.00058,0.03574,-0.00149,0.05151,-0.01095,0.01143,0.00794,2.093,0.8645,0.00003,0,0,0,0,0.090,1.026,0.395,nan,nan,nan,nan,nan,nan,nan,nan,nan,0,0.006072,0.005629,0.215,1.185,0.612,nan,nan,nan,nan,nan,nan,nan,nan,nan,-0.062609,nan,nan,nan,0,0,0,0,1.0000,1.0000,0.13276,0.19834,0.2526,0.05324,0.0000,0.0000,0.194,-0.05352,4.0000,0.457311,0.457986,-0.025258,1,-0.025258
0.9230,move->d,none,0.6357,0.457184,-0.016649,-0.568982,-0.001679,1.650613,0.019447,1.038951,1.561592,0.457986,-0.016633,-0.577948,-0.001606,1.666877,0.019356,1.032694,1.561633,0.192867,0.058144,0.368333,3.129606,-0.550642,-3.139535,0.01443,-0.02626,0.02581,0.00028,-0.00169,0.00061,0.01443,-0.02626,0.02581,0.00028,-0.00169,0.00061,0.00045,-0.00045,0.00618,0.00171,0.00690,-0.00065,2.185,0.8853,0.00003,0,0,0,0,0.106,1.035,0.402,nan,nan,nan,nan,nan,nan,nan,nan,nan,0,0.005567,0.001124,0.240,1.049,0.403,nan,nan,nan,nan,nan,nan,nan,nan,nan,-0.005502,nan,nan,nan,0,0,0,0,1.0000,1.0000,0.13271,0.20090,0.2553,0.05424,0.0000,0.0000,0.198,-0.05340,4.0000,0.457184,0.457986,-0.025527,1,-0.025527
0.9299,move->d,none,0.6407,0.457055,-0.016647,-0.568499,-0.001700,1.649794,0.019458,1.039280,1.561573,0.457986,-0.016650,-0.577512,-0.001606,1.666231,0.019356,1.032833,1.561633,0.192953,0.058139,0.368444,3.129610,-0.550572,-3.139553,0.01452,-0.02677,0.02604,0.00029,-0.00155,0.00065,0.01452,-0.02677,0.02604,0.00029,-0.00155,0.00065,0.01178,-0.00067,0.01509,-0.00042,-0.00956,-0.00212,2.206,0.8948,0.00003,0,0,0,0,0.113,1.027,0.400,nan,nan,nan,nan,nan,nan,nan,nan,nan,0,0.006932,0.000799,0.093,0.918,0.349,nan,nan,nan,nan,nan,nan,nan,nan,nan,-0.019031,nan,nan,nan,0,0,0,0,1.0000,1.0000,0.13267,0.20304,0.2579,0.05524,0.0000,0.0000,0.200,-0.05327,4.0000,0.457055,0.457386,-0.025794,1,-0.025794
0.9366,move->d,none,0.6457,0.456925,-0.016647,-0.568010,-0.001699,1.648964,0.019458,1.039610,1.561581,0.457386,-0.016650,-0.577198,-0.001571,1.665795,0.019391,1.033217,1.561598,0.192960,0.057553,0.368472,3.129629,-0.550834,-3.139493,0.01476,-0.02612,0.02644,0.00033,-0.00208,0.00051,0.01476,-0.02612,0.02644,0.00033,-0.00208,0.00051,0.00118,-0.09331,0.00450,-0.00271,0.04161,0.01118,2.223,0.9168,0.00003,0,0,0,0,0.114,1.012,0.394,nan,nan,nan,nan,nan,nan,nan,nan,nan,0,0.006625,0.001100,0.092,0.918,0.348,nan,nan,nan,nan,nan,nan,nan,nan,nan,-0.005466,nan,nan,nan,0,0,0,0,1.0000,1.0000,0.13262,0.20528,0.2606,0.05626,0.0000,0.0000,0.200,-0.05314,4.0000,0.456925,0.457386,-0.026061,1,-0.026061
0.9424,move->d,none,0.6507,0.456793,-0.016646,-0.567516,-0.001704,1.648123,0.019461,1.039945,1.561581,0.457386,-0.016633,-0.576866,-0.001606,1.665463,0.019356,1.033375,1.561598,0.193002,0.057539,0.368495,3.129642,-0.550991,-3.139525,0.01493,-0.02662,0.02685,0.00036,-0.00239,0.00057,0.01493,-0.02662,0.02685,0.00036,-0.00239,0.00057,0.00724,-0.00231,0.00399,-0.00188,0.02705,-0.00437,2.323,0.9453,0.00003,0,0,0,0,0.119,1.010,0.388,nan,nan,nan,nan,nan,nan,nan,nan,nan,0,0.005851,0.001146,0.169,1.061,0.354,nan,nan,nan,nan,nan,nan,nan,nan,nan,-0.007213,nan,nan,nan,0,0,0,0,1.0000,1.0000,0.13258,0.20800,0.2633,0.05728,0.0000,0.0000,0.203,-0.05301,4.0000,0.456793,0.457386,-0.026327,1,-0.026327
0.9484,move->d,none,0.6557,0.456660,-0.016645,-0.567015,-0.001715,1.647273,0.019467,1.040284,1.561575,0.457386,-0.016720,-0.576622,-0.001606,1.664887,0.019356,1.033584,1.561598,0.193045,0.057522,0.368609,3.129647,-0.550869,-3.139611,0.01510,-0.02711,0.02708,0.00037,-0.00215,0.00075,0.01510,-0.02711,0.02708,0.00037,-0.00215,0.00075,0.00655,-0.00269,0.01747,-0.00068,-0.01878,-0.01291,2.350,0.9605,0.00003,0,0,0,0,0.126,1.014,0.382,nan,nan,nan,nan,nan,nan,nan,nan,nan,0,0.006005,0.000644,0.169,1.061,0.354,nan,nan,nan,nan,nan,nan,nan,nan,nan,-0.018344,nan,nan,nan,0,0,0,0,1.0000,1.0000,0.13253,0.21041,0.2659,0.05832,0.0000,0.0000,0.206,-0.05288,4.0000,0.456660,0.457386,-0.026593,1,-0.026593
0.9544,move->d,none,0.6607,0.456526,-0.016644,-0.566508,-0.001732,1.646411,0.019476,1.040627,1.561562,0.457386,-0.016668,-0.576378,-0.001623,1.664521,0.019356,1.033776,1.561581,0.193073,0.057526,0.368655,3.129654,-0.550939,-3.139565,0.01531,-0.02764,0.02744,0.00039,-0.00229,0.00066,0.01531,-0.02764,0.02744,0.00039,-0.00229,0.00066,0.00503,0.00078,0.00847,-0.00112,0.01266,0.00909,2.453,0.9882,0.00003,0,0,0,0,0.127,1.011,0.358,nan,nan,nan,nan,nan,nan,nan,nan,nan,0,0.005951,0.001100,0.097,0.965,0.135,nan,nan,nan,nan,nan,nan,nan,nan,nan,-0.009836,nan,nan,nan,0,0,0,0,1.0000,1.0000,0.13248,0.21320,0.2686,0.05937,0.0000,0.0000,0.209,-0.05275,4.0000,0.456526,0.457386,-0.026857,1,-0.026857
0.9606,move->d,none,0.6657,0.456390,-0.016642,-0.565996,-0.001755,1.645544,0.019487,1.040975,1.561542,0.457386,-0.016703,-0.575906,-0.001623,1.663526,0.019391,1.033968,1.561598,0.193184,0.057527,0.368867,3.129611,-0.550606,-3.139568,0.01535,-0.02817,0.02748,0.00032,-0.00162,0.00072,0.01535,-0.02817,0.02748,0.00032,-0.00162,0.00072,0.01929,0.00012,0.03676,0.00649,-0.05764,-0.00438,2.384,0.9806,0.00003,0,0,0,0,0.125,1.005,0.324,nan,nan,nan,nan,nan,nan,nan,nan,nan,0,0.006256,0.001578,0.098,0.965,0.136,nan,nan,nan,nan,nan,nan,nan,nan,nan,-0.041419,nan,nan,nan,0,0,0,0,1.0000,1.0000,0.13243,0.21478,0.2712,0.06044,0.0000,0.0000,0.211,-0.05261,4.0000,0.456390,0.456341,-0.027120,1,-0.027120
0.9663,move->d,none,0.6707,0.456253,-0.016642,-0.565481,-0.001735,1.644669,0.019478,1.041326,1.561572,0.456341,-0.016650,-0.575453,-0.001571,1.662880,0.019391,1.034230,1.561564,0.193250,0.056500,0.368956,3.129681,-0.550677,-3.139486,0.01547,-0.02665,0.02777,0.00045,-0.00176,0.00049,0.01547,-0.02665,0.02777,0.00045,-0.00176,0.00049,0.01001,-0.15592,0.01345,-0.00910,0.01066,0.01803,2.328,0.9933,0.00003,0,0,0,0,0.121,1.006,0.311,nan,nan,nan,nan,nan,nan,nan,nan,nan,0,0.005706,0.000708,0.086,1.039,0.344,nan,nan,nan,nan,nan,nan,nan,nan,nan,-0.018388,nan,nan,nan,0,0,0,0,1.0000,1.0000,0.13238,0.21676,0.2738,0.06151,0.0000,0.0000,0.207,-0.05248,4.0000,0.456253,0.456341,-0.027383,1,-0.027383
0.9717,move->d,none,0.6757,0.456115,-0.016642,-0.564958,-0.001721,1.643783,0.019473,1.041682,1.561594,0.456341,-0.016668,-0.575330,-0.001606,1.662444,0.019356,1.034352,1.561581,0.193281,0.056481,0.369059,3.129684,-0.550485,-3.139557,0.01567,-0.02714,0.02802,0.00046,-0.00138,0.00064,0.01567,-0.02714,0.02802,0.00046,-0.00138,0.00064,0.00617,-0.00375,0.02078,-0.00035,-0.03848,-0.01411,2.349,1.0184,0.00003,0,0,0,0,0.122,1.015,0.301,nan,nan,nan,nan,nan,nan,nan,nan,nan,0,0.005350,0.001055,0.171,1.135,0.278,nan,nan,nan,nan,nan,nan,nan,nan,nan,-0.020978,nan,nan,nan,0,0,0,0,1.0000,1.0000,0.13234,0.21955,0.2764,0.06258,0.0000,0.0000,0.210,-0.05234,4.0000,0.456115,0.456341,-0.027644,1,-0.027644
0.9777,move->d,none,0.6807,0.455975,-0.016642,-0.564431,-0.001714,1.642888,0.019470,1.042041,1.561609,0.456341,-0.016633,-0.574929,-0.001606,1.661745,0.019408,1.034684,1.561581,0.193332,0.056500,0.369166,3.129633,-0.550519,-3.139466,0.01584,-0.02771,0.02828,0.00038,-0.00145,0.00052,0.01584,-0.02771,0.02828,0.00038,-0.00145,0.00052,0.00860,0.00306,0.01792,0.00733,0.00575,0.01092,2.367,1.0292,0.00003,0,0,0,0,0.121,1.027,0.314,nan,nan,nan,nan,nan,nan,nan,nan,nan,0,0.006027,0.001178,0.097,1.090,0.500,nan,nan,nan,nan,nan,nan,nan,nan,nan,-0.019736,nan,nan,nan,0,0,0,0,1.0000,1.0000,0.13229,0.22154,0.2790,0.06368,0.0000,0.0000,0.213,-0.05220,4.0000,0.455975,0.456341,-0.027905,1,-0.027905
0.9833,move->d,none,0.6857,0.455835,-0.016642,-0.563894,-0.001713,1.641979,0.019470,1.042407,1.561617,0.456341,-0.016633,-0.574929,-0.001606,1.661745,0.019408,1.034684,1.561581,0.193332,0.056500,0.369166,3.129633,-0.550519,-3.139466,0.01610,-0.02825,0.02874,0.00038,-0.00145,0.00053,0.01610,-0.02825,0.02874,0.00038,-0.00145,0.00053,0.00000,0.00000,0.00000,0.00000,0.00000,0.00000,2.512,1.0804,0.00003,0,0,0,0,0.113,1.022,0.336,nan,nan,nan,nan,nan,nan,nan,nan,nan,0,0.005555,0.000567,0.021,0.894,0.523,nan,nan,nan,nan,nan,nan,nan,nan,nan,0.000000,nan,nan,nan,0,0,0,0,1.0000,1.0000,0.13224,0.22531,0.2816,0.06478,0.0000,0.0000,0.217,-0.05206,4.0000,0.455835,0.456341,-0.028164,1,-0.028164
0.9890,move->d,none,0.6907,0.455692,-0.016642,-0.563355,-0.001719,1.641067,0.019473,1.042775,1.561617,0.456341,-0.016633,-0.574231,-0.001571,1.660436,0.019391,1.035050,1.561564,0.193467,0.056500,0.369412,3.129701,-0.550275,-3.139466,0.01609,-0.02878,0.02872,0.00050,-0.00096,0.00047,0.01609,-0.02878,0.02872,0.00050,-0.00096,0.00047,0.02572,0.00007,0.04685,-0.01101,-0.04636,0.00681,2.387,1.0575,0.00003,0,0,0,0,0.111,1.016,0.359,nan,nan,nan,nan,nan,nan,nan,nan,nan,0,0.005696,0.001012,0.147,0.968,0.482,nan,nan,nan,nan,nan,nan,nan,nan,nan,-0.053384,nan,nan,nan,0,0,0,0,1.0000,1.0000,0.13218,0.22607,0.2842,0.06590,0.0000,0.0000,0.218,-0.05192,4.0000,0.455692,0.455609,-0.028422,1,-0.028422
0.9952,move->d,none,0.6957,0.455549,-0.016642,-0.562808,-0.001697,1.640140,0.019463,1.043149,1.561650,0.455609,-0.016633,-0.574231,-0.001571,1.660436,0.019391,1.035050,1.561564,0.193467,0.055767,0.369412,3.129701,-0.550275,-3.139466,0.01636,-0.02785,0.02919,0.00051,-0.00096,0.00048,0.01636,-0.02785,0.02919,0.00051,-0.00096,0.00048,0.00000,-0.12466,0.00000,0.00000,0.00000,0.00000,2.521,1.1098,0.00003,0,0,0,0,0.139,1.029,0.378,nan,nan,nan,nan,nan,nan,nan,nan,nan,0,0.006230,0.001380,0.415,1.195,0.429,nan,nan,nan,nan,nan,nan,nan,nan,nan,-0.001344,nan,nan,nan,0,0,0,0,1.0000,1.0000,0.13213,0.22993,0.2868,0.06702,0.0000,0.0000,0.218,-0.05178,4.0000,0.455549,0.455609,-0.028680,1,-0.028680
1.0012,move->d,none,0.7007,0.455404,-0.016642,-0.562254,-0.001680,1.639202,0.019456,1.043528,1.561675,0.455609,-0.016650,-0.573969,-0.001623,1.659983,0.019426,1.035242,1.561581,0.193504,0.055761,0.369484,3.129617,-0.550274,-3.139473,0.01655,-0.02838,0.02951,0.00037,-0.00096,0.00059,0.01655,-0.02838,0.02951,0.00037,-0.00096,0.00059,0.00550,-0.00098,0.01059,0.01056,-0.00016,-0.00750,2.571,1.1369,0.00003,0,0,0,0,0.158,1.034,0.372,nan,nan,nan,nan,nan,nan,nan,nan,nan,0,0.006049,0.000581,0.210,1.022,0.203,nan,nan,nan,nan,nan,nan,nan,nan,nan,-0.011913,nan,nan,nan,0,0,0,0,1.0000,1.0000,0.13208,0.23258,0.2894,0.06816,0.0000,0.0000,0.221,-0.05164,4.0000,0.455404,0.455609,-0.028936,1,-0.028936
1.0067,move->d,none,0.7057,0.455258,-0.016643,-0.561696,-0.001672,1.638257,0.019452,1.043910,1.561693,0.455609,-0.016598,-0.573463,-0.001571,1.659058,0.019408,1.035626,1.561564,0.193578,0.055776,0.369637,3.129691,-0.550240,-3.139409,0.01666,-0.02895,0.02968,0.00050,-0.00089,0.00040,0.01666,-0.02895,0.02968,0.00050,-0.00089,0.00040,0.01456,0.00309,0.03003,-0.01246,-0.00669,0.02030,2.542,1.1377,0.00003,0,0,0,0,0.165,1.021,0.358,nan,nan,nan,nan,nan,nan,nan,nan,nan,0,0.005473,0.000958,0.134,0.823,0.223,nan,nan,nan,nan,nan,nan,nan,nan,nan,-0.033176,nan,nan,nan,0,0,0,0,1.0000,1.0000,0.13203,0.23413,0.2919,0.06931,0.0000,0.0000,0.223,-0.05149,4.0000,0.455258,0.455609,-0.029190,1,-0.029190
1.0126,move->d,none,0.7107,0.455111,-0.016643,-0.561131,-0.001669,1.637302,0.019451,1.044296,1.561703,0.455609,-0.016650,-0.573218,-0.001606,1.658604,0.019391,1.035818,1.561564,0.193614,0.055754,0.369713,3.129690,-0.550223,-3.139495,0.01686,-0.02945,0.03000,0.00051,-0.00085,0.00058,0.01686,-0.02945,0.03000,0.00051,-0.00085,0.00058,0.00572,-0.00371,0.01226,0.00018,-0.00285,-0.01410,2.609,1.1658,0.00003,0,0,0,0,0.165,1.016,0.371,nan,nan,nan,nan,nan,nan,nan,nan,nan,0,0.005900,0.000710,0.115,1.048,0.610,nan,nan,nan,nan,nan,nan,nan,nan,nan,-0.013476,nan,nan,nan,0,0,0,0,1.0000,1.0000,0.13197,0.23686,0.2944,0.07047,0.0000,0.0000,0.226,-0.05135,4.0000,0.455111,0.455609,-0.029444,1,-0.029444
1.0181,move->d,none,0.7157,0.454963,-0.016642,-0.560561,-0.001674,1.636338,0.019454,1.044687,1.561705,0.455609,-0.016633,-0.572869,-0.001571,1.657941,0.019391,1.036010,1.561564,0.193680,0.055764,0.369837,3.129718,-0.550101,-3.139460,0.01699,-0.03001,0.03022,0.00056,-0.00061,0.00049,0.01699,-0.03001,0.03022,0.00056,-0.00061,0.00049,0.01281,0.00199,0.02392,-0.00447,-0.02339,0.00953,2.628,1.1825,0.00003,0,0,0,0,0.159,1.023,0.386,nan,nan,nan,nan,nan,nan,nan,nan,nan,0,0.005518,0.001019,0.084,1.141,0.480,nan,nan,nan,nan,nan,nan,nan,nan,nan,-0.027067,nan,nan,nan,0,0,0,0,1.0000,1.0000,0.13192,0.23918,0.2970,0.07164,0.0000,0.0000,0.229,-0.05120,4.0000,0.454963,0.455609,-0.029697,1,-0.029697
1.0235,move->d,none,0.7207,0.454813,-0.016642,-0.559981,-0.001686,1.635358,0.019460,1.045085,1.561700,0.455609,-0.016633,-0.572869,-0.001571,1.657941,0.019391,1.036010,1.561564,0.193680,0.055764,0.369837,3.129718,-0.550101,-3.139460,0.01726,-0.03055,0.03070,0.00057,-0.00061,0.00050,0.01726,-0.03055,0.03070,0.00057,-0.00061,0.00050,0.01281,0.00199,0.02392,-0.00447,-0.02339,0.00953,2.795,1.2378,0.00004,0,0,0,0,0.150,1.035,0.401,nan,nan,nan,nan,nan,nan,nan,nan,nan,0,0.005406,0.006352,0.084,1.141,0.480,nan,nan,nan,nan,nan,nan,nan,nan,nan,-0.027067,nan,nan,nan,0,0,0,0,1.0000,1.0000,0.13187,0.24308,0.2995,0.07283,0.0000,0.0000,0.233,-0.05105,4.0000,0.454813,0.455132,-0.029948,1,-0.029948
1.0299,move->d,none,0.7257,0.454662,-0.016641,-0.559396,-0.001681,1.634368,0.019459,1.045487,1.561713,0.455132,-0.016650,-0.572503,-0.001623,1.657312,0.019408,1.036150,1.561581,0.193756,0.055276,0.369955,3.129654,-0.549978,-3.139487,0.01738,-0.03012,0.03094,0.00046,-0.00037,0.00063,0.01738,-0.03012,0.03094,0.00046,-0.00037,0.00063,0.00633,-0.04088,0.00984,0.00458,-0.01028,-0.00506,2.770,1.2579,0.00004,0,0,0,0,0.127,1.050,0.448,nan,nan,nan,nan,nan,nan,nan,nan,nan,0,0.006345,0.000861,-0.038,1.116,0.802,nan,nan,nan,nan,nan,nan,nan,nan,nan,-0.012142,nan,nan,nan,0,0,0,0,1.0000,1.0000,0.13181,0.24544,0.3020,0.07403,0.0000,0.0000,0.233,-0.05090,4.0000,0.454662,0.455132,-0.030197,1,-0.030197
1.0358,move->d,none,0.7307,0.454510,-0.016641,-0.558807,-0.001684,1.633370,0.019461,1.045892,1.561717,0.455132,-0.016650,-0.572067,-0.001623,1.656579,0.019408,1.036621,1.561581,0.193789,0.055276,0.370045,3.129655,-0.550152,-3.139480,0.01758,-0.03067,0.03124,0.00047,-0.00071,0.00062,0.01758,-0.03067,0.03124,0.00047,-0.00071,0.00062,0.00597,-0.00005,0.01641,-0.00032,0.03184,0.00143,2.835,1.2726,0.00004,0,0,0,0,0.111,1.048,0.454,nan,nan,nan,nan,nan,nan,nan,nan,nan,0,0.005969,0.001302,0.066,0.944,0.270,nan,nan,nan,nan,nan,nan,nan,nan,nan,-0.017110,nan,nan,nan,0,0,0,0,1.0000,1.0000,0.13175,0.24741,0.3045,0.07524,0.0000,0.0000,0.236,-0.05075,4.0000,0.454510,0.455132,-0.030446,1,-0.030446
1.0415,move->d,none,0.7357,0.454356,-0.016640,-0.558211,-0.001694,1.632363,0.019466,1.046302,1.561714,0.455132,-0.016598,-0.571683,-0.001623,1.655968,0.019391,1.036778,1.561564,0.193862,0.055279,0.370150,3.129695,-0.550083,-3.139445,0.01770,-0.03122,0.03150,0.00054,-0.00058,0.00052,0.01770,-0.03122,0.03150,0.00054,-0.00058,0.00052,0.01288,0.00061,0.01857,-0.00590,-0.01226,0.00979,2.878,1.2948,0.00004,0,0,0,0,0.098,1.054,0.410,nan,nan,nan,nan,nan,nan,nan,nan,nan,0,0.005635,0.001262,0.040,1.134,-0.142,nan,nan,nan,nan,nan,nan,nan,nan,nan,-0.022551,nan,nan,nan,0,0,0,0,1.0000,1.0000,0.13170,0.24987,0.3069,0.07647,0.0000,0.0000,0.239,-0.05060,4.0000,0.454356,0.455132,-0.030693,1,-0.030693
1.0478,move->d,none,0.7407,0.454202,-0.016640,-0.557615,-0.001711,1.631353,0.019475,1.046713,1.561703,0.455132,-0.016650,-0.570845,-0.001623,1.654625,0.019408,1.037249,1.561564,0.193999,0.055271,0.370365,3.129684,-0.550048,-3.139476,0.01770,-0.03176,0.03155,0.00053,-0.00051,0.00061,0.01770,-0.03176,0.03155,0.00053,-0.00051,0.00061,0.01993,-0.00122,0.03124,0.00136,-0.00510,-0.00536,2.802,1.2755,0.00004,0,0,0,0,0.092,1.056,0.371,nan,nan,nan,nan,nan,nan,nan,nan,nan,0,0.006278,0.000645,0.115,1.052,0.255,nan,nan,nan,nan,nan,nan,nan,nan,nan,-0.037059,nan,nan,nan,0,0,0,0,1.0000,1.0000,0.13164,0.25052,0.3094,0.07770,0.0000,0.0000,0.241,-0.05044,4.0000,0.454202,0.455132,-0.030939,1,-0.030939
1.0534,move->d,none,0.7457,0.454046,-0.016638,-0.557013,-0.001735,1.630332,0.019487,1.047130,1.561684,0.455132,-0.016633,-0.570531,-0.001641,1.654101,0.019408,1.037354,1.561564,0.194065,0.055269,0.370463,3.129677,-0.549943,-3.139468,0.01784,-0.03230,0.03184,0.00053,-0.00030,0.00061,0.01784,-0.03230,0.03184,0.00053,-0.00030,0.00061,0.01260,-0.00036,0.01856,0.00117,-0.01991,0.00080,2.872,1.3034,0.00004,0,0,0,0,0.093,1.042,0.360,nan,nan,nan,nan,nan,nan,nan,nan,nan,0,0.005673,0.001057,0.143,0.853,0.451,nan,nan,nan,nan,nan,nan,nan,nan,nan,-0.022407,nan,nan,nan,0,0,0,0,1.0000,1.0000,0.13158,0.25328,0.3118,0.07894,0.0000,0.0000,0.244,-0.05029,4.0000,0.454046,0.454372,-0.031183,1,-0.031183
1.0591,move->d,none,0.7507,0.453889,-0.016638,-0.556404,-0.001730,1.629300,0.019486,1.047550,1.561698,0.454372,-0.016650,-0.570304,-0.001641,1.653717,0.019408,1.037738,1.561529,0.194057,0.054503,0.370490,3.129711,-0.550170,-3.139478,0.01813,-0.03132,0.03226,0.00059,-0.00075,0.00060,0.01813,-0.03132,0.03226,0.00059,-0.00075,0.00060,-0.00144,-0.13372,0.00475,-0.00514,0.03958,0.00129,2.919,1.3398,0.00004,0,0,0,0,0.101,1.033,0.385,nan,nan,nan,nan,nan,nan,nan,nan,nan,0,0.005698,0.001045,0.179,1.034,0.738,nan,nan,nan,nan,nan,nan,nan,nan,nan,-0.004734,nan,nan,nan,0,0,0,0,1.0000,1.0000,0.13153,0.25597,0.3143,0.08019,0.0000,0.0000,0.242,-0.05013,4.0000,0.453889,0.454372,-0.031426,1,-0.031426
1.0650,move->d,none,0.7557,0.453730,-0.016638,-0.555793,-0.001732,1.628263,0.019487,1.047974,1.561703,0.454372,-0.016650,-0.569606,-0.001676,1.652600,0.019426,1.038017,1.561581,0.194192,0.054500,0.370685,3.129626,-0.550029,-3.139478,0.01813,-0.03187,0.03235,0.00045,-0.00047,0.00070,0.01813,-0.03187,0.03235,0.00045,-0.00047,0.00070,0.02343,-0.00040,0.03381,0.01264,-0.02434,-0.00773,2.850,1.3350,0.00004,0,0,0,0,0.107,1.022,0.383,nan,nan,nan,nan,nan,nan,nan,nan,nan,0,0.005873,0.001166,0.125,0.953,0.210,nan,nan,nan,nan,nan,nan,nan,nan,nan,-0.041070,nan,nan,nan,0,0,0,0,1.0000,1.0000,0.13147,0.25724,0.3167,0.08145,0.0000,0.0000,0.244,-0.04998,4.0000,0.453730,0.454372,-0.031668,1,-0.031668
1.0718,move->d,none,0.7607,0.453571,-0.016637,-0.555176,-0.001742,1.627215,0.019493,1.048403,1.561701,0.454372,-0.016633,-0.569291,-0.001641,1.652059,0.019391,1.038157,1.561529,0.194253,0.054499,0.370783,3.129741,-0.549943,-3.139478,0.01828,-0.03241,0.03264,0.00065,-0.00030,0.00059,0.01828,-0.03241,0.03264,0.00065,-0.00030,0.00059,0.00925,-0.00027,0.01477,-0.01470,-0.01302,0.00902,2.910,1.3634,0.00004,0,0,0,0,0.118,1.021,0.381,nan,nan,nan,nan,nan,nan,nan,nan,nan,0,0.006795,0.001313,0.177,1.071,0.378,nan,nan,nan,nan,nan,nan,nan,nan,nan,-0.017428,nan,nan,nan,0,0,0,0,1.0000,1.0000,0.13141,0.25994,0.3191,0.08272,0.0000,0.0000,0.247,-0.04982,4.0000,0.453571,0.454372,-0.031908,1,-0.031908
1.0781,move->d,none,0.7657,0.453410,-0.016636,-0.554551,-0.001760,1.626155,0.019502,1.048835,1.561690,0.454372,-0.016598,-0.569047,-0.001623,1.651605,0.019408,1.038523,1.561564,0.194257,0.054516,0.370833,3.129699,-0.550100,-3.139411,0.01854,-0.03300,0.03302,0.00059,-0.00061,0.00051,0.01854,-0.03300,0.03302,0.00059,-0.00061,0.00051,0.00051,0.00283,0.00783,0.00552,0.02481,0.00723,3.051,1.3975,0.00004,0,0,0,0,0.126,1.012,0.360,nan,nan,nan,nan,nan,nan,nan,nan,nan,0,0.006271,0.001274,0.159,0.925,0.165,nan,nan,nan,nan,nan,nan,nan,nan,nan,-0.006917,nan,nan,nan,0,0,0,0,1.0000,1.0000,0.13135,0.26274,0.3215,0.08401,0.0000,0.0000,0.251,-0.04966,4.0000,0.453410,0.454372,-0.032146,1,-0.032146
1.0840,move->d,none,0.7707,0.453248,-0.016635,-0.553923,-0.001784,1.625090,0.019515,1.049272,1.561671,0.454372,-0.016633,-0.568524,-0.001676,1.650558,0.019408,1.038733,1.561564,0.194376,0.054495,0.371048,3.129677,-0.549785,-3.139475,0.01858,-0.03352,0.03308,0.00055,0.00002,0.00067,0.01858,-0.03352,0.03308,0.00055,0.00002,0.00067,0.01955,-0.00348,0.03540,0.00327,-0.05169,-0.01252,2.997,1.3982,0.00004,0,0,0,0,0.143,1.021,0.374,nan,nan,nan,nan,nan,nan,nan,nan,nan,0,0.005956,0.001122,0.276,1.168,0.638,nan,nan,nan,nan,nan,nan,nan,nan,nan,-0.040439,nan,nan,nan,0,0,0,0,1.0000,1.0000,0.13129,0.26443,0.3238,0.08530,0.0000,0.0000,0.253,-0.04950,4.0000,0.453248,0.453319,-0.032383,1,-0.032383
1.0910,move->d,none,0.7757,0.453085,-0.016635,-0.553292,-0.001766,1.624021,0.019506,1.049710,1.561700,0.453319,-0.016633,-0.567808,-0.001676,1.649336,0.019460,1.039361,1.561564,0.194458,0.053454,0.371223,3.129627,-0.549907,-3.139415,0.01869,-0.03199,0.03321,0.00048,-0.00022,0.00061,0.01869,-0.03199,0.03321,0.00048,-0.00022,0.00061,0.01210,-0.15338,0.02571,0.00613,0.01786,0.00513,2.880,1.3892,0.00004,0,0,0,0,0.147,1.014,0.407,nan,nan,nan,nan,nan,nan,nan,nan,nan,0,0.006976,0.001328,0.095,0.918,0.603,nan,nan,nan,nan,nan,nan,nan,nan,nan,-0.029900,nan,nan,nan,0,0,0,0,1.0000,1.0000,0.13123,0.26521,0.3262,0.08661,0.0000,0.0000,0.249,-0.04934,4.0000,0.453085,0.453319,-0.032618,1,-0.032618
1.0973,move->d,none,0.7807,0.452921,-0.016636,-0.552657,-0.001755,1.622942,0.019501,1.050150,1.561721,0.453319,-0.016598,-0.567389,-0.001676,1.648690,0.019460,1.039728,1.561564,0.194500,0.053460,0.371302,3.129629,-0.550046,-3.139375,0.01887,-0.03256,0.03354,0.00049,-0.00050,0.00054,0.01887,-0.03256,0.03354,0.00049,-0.00050,0.00054,0.00674,0.00100,0.01261,-0.00023,0.02222,0.00652,2.949,1.4134,0.00004,0,0,0,0,0.144,1.003,0.440,nan,nan,nan,nan,nan,nan,nan,nan,nan,0,0.006254,0.001296,0.095,0.918,0.603,nan,nan,nan,nan,nan,nan,nan,nan,nan,-0.014259,nan,nan,nan,0,0,0,0,1.0000,1.0000,0.13116,0.26746,0.3285,0.08791,0.0000,0.0000,0.252,-0.04917,4.0000,0.452921,0.453319,-0.032852,1,-0.032852
1.1030,move->d,none,0.7857,0.452755,-0.016636,-0.552017,-0.001753,1.621856,0.019500,1.050593,1.561733,0.453319,-0.016598,-0.566935,-0.001641,1.647888,0.019426,1.040112,1.561529,0.194557,0.053456,0.371424,3.129726,-0.550082,-3.139388,0.01903,-0.03310,0.03378,0.00066,-0.00057,0.00047,0.01903,-0.03310,0.03378,0.00066,-0.00057,0.00047,0.00974,-0.00060,0.02081,-0.01415,0.00611,0.00641,2.983,1.4292,0.00004,0,0,0,0,0.149,1.004,0.430,nan,nan,nan,nan,nan,nan,nan,nan,nan,0,0.005750,0.001174,0.230,1.088,0.135,nan,nan,nan,nan,nan,nan,nan,nan,nan,-0.022836,nan,nan,nan,0,0,0,0,1.0000,1.0000,0.13110,0.26946,0.3308,0.08923,0.0000,0.0000,0.255,-0.04901,4.0000,0.452755,0.453319,-0.033084,1,-0.033084
1.1088,move->d,none,0.7907,0.452589,-0.016635,-0.551372,-0.001757,1.620758,0.019504,1.051041,1.561736,0.453319,-0.016633,-0.566447,-0.001693,1.647399,0.019426,1.040373,1.561529,0.194614,0.053437,0.371453,3.129690,-0.550343,-3.139444,0.01919,-0.03362,0.03421,0.00060,-0.00110,0.00063,0.01919,-0.03362,0.03421,0.00060,-0.00110,0.00063,0.00986,-0.00342,0.00496,0.00511,0.04493,-0.01286,3.106,1.4635,0.00004,0,0,0,0,0.159,1.012,0.400,nan,nan,nan,nan,nan,nan,nan,nan,nan,0,0.005837,0.001217,0.230,1.088,0.134,nan,nan,nan,nan,nan,nan,nan,nan,nan,-0.009421,nan,nan,nan,0,0,0,0,1.0000,1.0000,0.13104,0.27204,0.3331,0.09056,0.0000,0.0000,0.258,-0.04884,4.0000,0.452589,0.453319,-0.033314,1,-0.033314
1.1150,move->d,none,0.7957,0.452421,-0.016635,-0.550717,-0.001770,1.619643,0.019511,1.051496,1.561731,0.453319,-0.016633,-0.566447,-0.001693,1.647399,0.019426,1.040373,1.561529,0.194614,0.053437,0.371453,3.129690,-0.550343,-3.139444,0.01947,-0.03418,0.03469,0.00061,-0.00110,0.00064,0.01947,-0.03418,0.03469,0.00061,-0.00110,0.00064,0.00986,-0.00342,0.00496,0.00511,0.04493,-0.01286,3.292,1.5264,0.00004,0,0,0,0,0.170,1.023,0.360,nan,nan,nan,nan,nan,nan,nan,nan,nan,0,0.006140,0.007291,0.230,1.088,0.134,nan,nan,nan,nan,nan,nan,nan,nan,nan,-0.009421,nan,nan,nan,0,0,0,0,1.0000,1.0000,0.13098,0.27609,0.3354,0.09190,0.0000,0.0000,0.262,-0.04868,4.0000,0.452421,0.452516,-0.033543,1,-0.033543
1.1206,move->d,none,0.8007,0.452252,-0.016635,-0.550057,-0.001752,1.618520,0.019502,1.051954,1.561761,0.452516,-0.016633,-0.566150,-0.001710,1.646596,0.019478,1.040635,1.561511,0.194673,0.052639,0.371623,3.129652,-0.550098,-3.139401,0.01962,-0.03314,0.03484,0.00055,-0.00061,0.00061,0.01962,-0.03314,0.03484,0.00055,-0.00061,0.00061,0.00504,-0.06806,0.01456,0.00285,-0.02094,0.00197,3.248,1.5443,0.00004,0,0,0,0,0.168,1.029,0.314,nan,nan,nan,nan,nan,nan,nan,nan,nan,0,0.005609,0.001233,0.073,1.033,0.009,nan,nan,nan,nan,nan,nan,nan,nan,nan,-0.015777,nan,nan,nan,0,0,0,0,1.0000,1.0000,0.13091,0.27834,0.3377,0.09326,0.0000,0.0000,0.259,-0.04851,4.0000,0.452252,0.452516,-0.033770,1,-0.033770
1.1271,move->d,none,0.8057,0.452082,-0.016635,-0.549391,-0.001741,1.617390,0.019498,1.052418,1.561781,0.452516,-0.016633,-0.565679,-0.001710,1.645688,0.019408,1.040792,1.561529,0.194783,0.052622,0.371809,3.129716,-0.549820,-3.139474,0.01968,-0.03367,0.03495,0.00066,-0.00005,0.00070,0.01968,-0.03367,0.03495,0.00066,-0.00005,0.00070,0.01738,-0.00265,0.02947,-0.00852,-0.04400,-0.00633,3.197,1.5566,0.00004,0,0,0,0,0.146,1.018,0.278,nan,nan,nan,nan,nan,nan,nan,nan,nan,0,0.006495,0.001436,-0.035,0.885,0.204,nan,nan,nan,nan,nan,nan,nan,nan,nan,-0.034232,nan,nan,nan,0,0,0,0,1.0000,1.0000,0.13085,0.28030,0.3400,0.09462,0.0000,0.0000,0.262,-0.04834,4.0000,0.452082,0.452516,-0.033995,1,-0.033995
1.1335,move->d,none,0.8107,0.451911,-0.016634,-0.548722,-0.001739,1.616253,0.019498,1.052886,1.561793,0.452516,-0.016633,-0.565138,-0.001710,1.644851,0.019426,1.041106,1.561529,0.194868,0.052625,0.371936,3.129701,-0.549837,-3.139454,0.01979,-0.03423,0.03519,0.00065,-0.00009,0.00068,0.01979,-0.03423,0.03519,0.00065,-0.00009,0.00068,0.01358,0.00043,0.02038,0.00194,0.00275,0.00211,3.219,1.5733,0.00004,0,0,0,0,0.123,1.016,0.294,nan,nan,nan,nan,nan,nan,nan,nan,nan,0,0.006363,0.001566,0.012,1.052,0.618,nan,nan,nan,nan,nan,nan,nan,nan,nan,-0.024471,nan,nan,nan,0,0,0,0,1.0000,1.0000,0.13078,0.28224,0.3422,0.09600,0.0000,0.0000,0.264,-0.04817,4.0000,0.451911,0.452516,-0.034219,1,-0.034219
1.1402,move->d,none,0.8157,0.451739,-0.016634,-0.548043,-0.001745,1.615098,0.019502,1.053361,1.561796,0.452516,-0.016633,-0.565138,-0.001710,1.644851,0.019426,1.041106,1.561529,0.194868,0.052625,0.371936,3.129701,-0.549837,-3.139454,0.02006,-0.03479,0.03568,0.00065,-0.00009,0.00069,0.02006,-0.03479,0.03568,0.00065,-0.00009,0.00069,0.00000,0.00000,0.00000,0.00000,0.00000,0.00000,3.402,1.6385,0.00004,0,0,0,0,0.116,1.028,0.317,nan,nan,nan,nan,nan,nan,nan,nan,nan,0,0.006762,0.001607,0.156,1.137,0.441,nan,nan,nan,nan,nan,nan,nan,nan,nan,0.000000,nan,nan,nan,0,0,0,0,1.0000,1.0000,0.13072,0.28631,0.3444,0.09739,0.0000,0.0000,0.268,-0.04800,4.0000,0.451739,0.451878,-0.034440,1,-0.034440
1.1474,move->d,none,0.8207,0.451566,-0.016634,-0.547355,-0.001728,1.613927,0.019494,1.053843,1.561824,0.451878,-0.016633,-0.565138,-0.001710,1.644851,0.019426,1.041106,1.561529,0.194868,0.051987,0.371936,3.129701,-0.549837,-3.139454,0.02034,-0.03408,0.03617,0.00066,-0.00009,0.00070,0.02034,-0.03408,0.03617,0.00066,-0.00009,0.00070,0.00000,0.00000,0.00000,0.00000,0.00000,0.00000,3.558,1.7047,0.00004,0,0,0,0,0.117,1.046,0.342,nan,nan,nan,nan,nan,nan,nan,nan,nan,0,0.007139,0.008650,0.156,1.137,0.441,nan,nan,nan,nan,nan,nan,nan,nan,nan,0.000000,nan,nan,nan,0,0,0,0,1.0000,1.0000,0.13065,0.29039,0.3466,0.09880,0.0000,0.0000,0.268,-0.04783,4.0000,0.451566,0.451878,-0.034660,1,-0.034660
1.1535,move->d,none,0.8257,0.451391,-0.016634,-0.546662,-0.001719,1.612747,0.019491,1.054330,1.561843,0.451878,-0.016668,-0.564666,-0.001763,1.644065,0.019460,1.041333,1.561529,0.194954,0.051974,0.372072,3.129638,-0.549749,-3.139480,0.02044,-0.03461,0.03638,0.00055,0.00009,0.00083,0.02044,-0.03461,0.03638,0.00055,0.00009,0.00083,0.00634,-0.04755,0.00992,0.00398,-0.00645,-0.00433,3.568,1.7268,0.00004,0,0,0,0,0.119,1.059,0.361,nan,nan,nan,nan,nan,nan,nan,nan,nan,0,0.006115,0.001130,0.134,1.112,0.432,nan,nan,nan,nan,nan,nan,nan,nan,nan,-0.012284,nan,nan,nan,0,0,0,0,1.0000,1.0000,0.13058,0.29255,0.3488,0.10022,0.0000,0.0000,0.271,-0.04765,4.0000,0.451391,0.451878,-0.034878,1,-0.034878
1.1602,move->d,none,0.8307,0.451216,-0.016633,-0.545961,-0.001718,1.611554,0.019491,1.054820,1.561854,0.451878,-0.016598,-0.564405,-0.001780,1.643769,0.019426,1.041682,1.561529,0.194950,0.051976,0.372068,3.129660,-0.550063,-3.139447,0.02072,-0.03517,0.03688,0.00060,-0.00054,0.00075,0.02072,-0.03517,0.03688,0.00060,-0.00054,0.00075,-0.00073,0.00028,-0.00060,-0.00301,0.04891,0.00694,3.753,1.7774,0.00004,0,0,0,0,0.107,1.053,0.352,nan,nan,nan,nan,nan,nan,nan,nan,nan,0,0.006730,0.001446,0.001,0.933,0.188,nan,nan,nan,nan,nan,nan,nan,nan,nan,0.000898,nan,nan,nan,0,0,0,0,1.0000,1.0000,0.13052,0.29565,0.3509,0.10166,0.0000,0.0000,0.275,-0.04748,4.0000,0.451216,0.451878,-0.035094,1,-0.035094
1.1667,move->d,none,0.8357,0.451039,-0.016633,-0.545257,-0.001725,1.610355,0.019496,1.055314,1.561855,0.451878,-0.016598,-0.563898,-0.001763,1.642739,0.019426,1.042014,1.561529,0.195043,0.051979,0.372262,3.129680,-0.549872,-3.139437,0.02081,-0.03574,0.03698,0.00064,-0.00015,0.00072,0.02081,-0.03574,0.03698,0.00064,-0.00015,0.00072,0.01330,0.00036,0.02784,-0.00238,-0.02746,0.00283,3.727,1.7867,0.00004,0,0,0,0,0.104,1.045,0.328,nan,nan,nan,nan,nan,nan,nan,nan,nan,0,0.006544,0.000994,0.127,0.999,0.157,nan,nan,nan,nan,nan,nan,nan,nan,nan,-0.030679,nan,nan,nan,0,0,0,0,1.0000,1.0000,0.13045,0.29737,0.3531,0.10311,0.0000,0.0000,0.277,-0.04730,4.0000,0.451039,0.451878,-0.035309,1,-0.035309
1.1725,move->d,none,0.8407,0.450862,-0.016632,-0.544546,-0.001741,1.609145,0.019505,1.055813,1.561846,0.451878,-0.016633,-0.563532,-0.001780,1.642093,0.019478,1.042293,1.561529,0.195094,0.051979,0.372364,3.129618,-0.549870,-3.139426,0.02099,-0.03630,0.03727,0.00054,-0.00015,0.00077,0.02099,-0.03630,0.03727,0.00054,-0.00015,0.00077,0.00903,0.00007,0.01782,0.00914,-0.00018,-0.00358,3.810,1.8185,0.00004,0,0,0,0,0.121,1.046,0.348,nan,nan,nan,nan,nan,nan,nan,nan,nan,0,0.005724,0.000976,0.331,1.101,0.706,nan,nan,nan,nan,nan,nan,nan,nan,nan,-0.019909,nan,nan,nan,0,0,0,0,1.0000,1.0000,0.13038,0.29991,0.3552,0.10457,0.0000,0.0000,0.280,-0.04713,4.0000,0.450862,0.451210,-0.035521,1,-0.035521
1.1793,move->d,none,0.8457,0.450683,-0.016632,-0.543834,-0.001733,1.607929,0.019501,1.056317,1.561864,0.451210,-0.016668,-0.562816,-0.001763,1.641116,0.019460,1.042398,1.561564,0.195252,0.051304,0.372534,3.129618,-0.549714,-3.139471,0.02095,-0.03552,0.03742,0.00055,0.00016,0.00087,0.02095,-0.03552,0.03742,0.00055,0.00016,0.00087,0.02460,-0.10518,0.02638,0.00003,-0.02443,-0.00712,3.720,1.8318,0.00004,0,0,0,0,0.130,1.035,0.372,nan,nan,nan,nan,nan,nan,nan,nan,nan,0,0.006849,0.001443,0.112,0.945,0.463,nan,nan,nan,nan,nan,nan,nan,nan,nan,-0.036492,nan,nan,nan,0,0,0,0,1.0000,1.0000,0.13031,0.30158,0.3573,0.10605,0.0000,0.0000,0.278,-0.04695,4.0000,0.450683,0.451210,-0.035732,1,-0.035732
1.1853,move->d,none,0.8507,0.450503,-0.016631,-0.543115,-0.001733,1.606703,0.019502,1.056825,1.561874,0.451210,-0.016598,-0.562415,-0.001780,1.640417,0.019460,1.042747,1.561529,0.195300,0.051311,0.372636,3.129646,-0.549766,-3.139407,0.02113,-0.03609,0.03770,0.00060,0.00006,0.00073,0.02113,-0.03609,0.03770,0.00060,0.00006,0.00073,0.00705,0.00089,0.01505,-0.00344,0.00770,0.01164,3.793,1.8615,0.00004,0,0,0,0,0.125,1.020,0.380,nan,nan,nan,nan,nan,nan,nan,nan,nan,0,0.005959,0.000602,0.029,0.916,0.346,nan,nan,nan,nan,nan,nan,nan,nan,nan,-0.016502,nan,nan,nan,0,0,0,0,1.0000,1.0000,0.13024,0.30392,0.3594,0.10753,0.0000,0.0000,0.281,-0.04677,4.0000,0.450503,0.451210,-0.035940,1,-0.035940
1.1908,move->d,none,0.8557,0.450323,-0.016631,-0.542392,-0.001742,1.605467,0.019508,1.057337,1.561873,0.451210,-0.016633,-0.561979,-0.001780,1.639702,0.019460,1.043096,1.561529,0.195354,0.051303,0.372737,3.129648,-0.549836,-3.139437,0.02130,-0.03664,0.03799,0.00061,-0.00008,0.00079,0.02130,-0.03664,0.03799,0.00061,-0.00008,0.00079,0.01056,-0.00149,0.01977,-0.00051,0.01367,-0.00573,3.872,1.8907,0.00005,0,0,0,0,0.130,1.013,0.391,nan,nan,nan,nan,nan,nan,nan,nan,nan,0,0.005504,0.000991,0.226,1.014,0.480,nan,nan,nan,nan,nan,nan,nan,nan,nan,-0.022392,nan,nan,nan,0,0,0,0,1.0000,1.0000,0.13017,0.30623,0.3615,0.10902,0.0000,0.0000,0.284,-0.04659,4.0000,0.450323,0.451210,-0.036147,1,-0.036147
1.1966,move->d,none,0.8607,0.450141,-0.016630,-0.541663,-0.001759,1.604224,0.019518,1.057852,1.561863,0.451210,-0.016633,-0.561507,-0.001763,1.638864,0.019478,1.043428,1.561529,0.195426,0.051310,0.372874,3.129647,-0.549801,-3.139408,0.02143,-0.03721,0.03821,0.00061,-0.00001,0.00075,0.02143,-0.03721,0.03821,0.00061,-0.00001,0.00075,0.01265,0.00123,0.02407,0.00030,-0.00613,0.00496,3.922,1.9135,0.00005,0,0,0,0,0.138,1.015,0.363,nan,nan,nan,nan,nan,nan,nan,nan,nan,0,0.005843,0.001164,0.187,1.084,-0.017,nan,nan,nan,nan,nan,nan,nan,nan,nan,-0.027119,nan,nan,nan,0,0,0,0,1.0000,1.0000,0.13009,0.30835,0.3635,0.11052,0.0000,0.0000,0.287,-0.04641,4.0000,0.450141,0.451210,-0.036351,1,-0.036351
1.2028,move->d,none,0.8657,0.449958,-0.016630,-0.540928,-0.001785,1.602969,0.019532,1.058371,1.561844,0.451210,-0.016598,-0.561193,-0.001745,1.638218,0.019478,1.043812,1.561529,0.195451,0.051321,0.372970,3.129661,-0.549853,-3.139360,0.02165,-0.03779,0.03851,0.00064,-0.00012,0.00065,0.02165,-0.03779,0.03851,0.00064,-0.00012,0.00065,0.00413,0.00174,0.01564,-0.00200,0.00851,0.00909,4.038,1.9478,0.00005,0,0,0,0,0.160,1.021,0.369,nan,nan,nan,nan,nan,nan,nan,nan,nan,0,0.006174,0.001143,0.333,1.069,0.587,nan,nan,nan,nan,nan,nan,nan,nan,nan,-0.015474,nan,nan,nan,0,0,0,0,1.0000,1.0000,0.13002,0.31093,0.3655,0.11203,0.0000,0.0000,0.290,-0.04623,4.0000,0.449958,0.450076,-0.036554,1,-0.036554
1.2089,move->d,none,0.8707,0.449774,-0.016630,-0.540190,-0.001765,1.601707,0.019522,1.058894,1.561877,0.450076,-0.016581,-0.560617,-0.001763,1.637381,0.019478,1.044126,1.561564,0.195541,0.050187,0.373089,3.129618,-0.549906,-3.139348,0.02175,-0.03609,0.03876,0.00058,-0.00022,0.00068,0.02175,-0.03609,0.03876,0.00058,-0.00022,0.00068,0.01470,-0.18688,0.01965,0.00597,0.00864,-0.00176,3.995,1.9716,0.00005,0,0,0,0,0.151,1.014,0.356,nan,nan,nan,nan,nan,nan,nan,nan,nan,0,0.006111,0.001230,-0.054,0.912,0.197,nan,nan,nan,nan,nan,nan,nan,nan,nan,-0.026452,nan,nan,nan,0,0,0,0,1.0000,1.0000,0.12995,0.31281,0.3675,0.11356,0.0000,0.0000,0.286,-0.04605,4.0000,0.449774,0.450076,-0.036755,1,-0.036755
1.2149,move->d,none,0.8757,0.449589,-0.016630,-0.539448,-0.001754,1.600438,0.019517,1.059419,1.561899,0.450076,-0.016581,-0.560094,-0.001763,1.636368,0.019460,1.044562,1.561564,0.195615,0.050182,0.373259,3.129643,-0.549854,-3.139362,0.02188,-0.03664,0.03891,0.00063,-0.00012,0.00069,0.02188,-0.03664,0.03891,0.00063,-0.00012,0.00069,0.01255,-0.00087,0.02852,-0.00356,-0.00879,-0.00023,3.991,1.9859,0.00005,0,0,0,0,0.144,1.012,0.370,nan,nan,nan,nan,nan,nan,nan,nan,nan,0,0.005953,0.001225,0.116,1.026,0.584,nan,nan,nan,nan,nan,nan,nan,nan,nan,-0.030882,nan,nan,nan,0,0,0,0,1.0000,1.0000,0.12987,0.31445,0.3695,0.11509,0.0000,0.0000,0.289,-0.04586,4.0000,0.449589,0.450076,-0.036953,1,-0.036953
1.2202,move->d,none,0.8807,0.449404,-0.016630,-0.538702,-0.001752,1.599163,0.019516,1.059949,1.561912,0.450076,-0.016598,-0.559483,-0.001780,1.635408,0.019460,1.044841,1.561581,0.195725,0.050174,0.373416,3.129621,-0.549784,-3.139388,0.02194,-0.03719,0.03908,0.00059,0.00002,0.00077,0.02194,-0.03719,0.03908,0.00059,0.00002,0.00077,0.01973,-0.00144,0.02817,0.00346,-0.01248,-0.00665,3.989,2.0036,0.00005,0,0,0,0,0.136,1.014,0.368,nan,nan,nan,nan,nan,nan,nan,nan,nan,0,0.005303,0.000923,0.081,1.057,0.251,nan,nan,nan,nan,nan,nan,nan,nan,nan,-0.034343,nan,nan,nan,0,0,0,0,1.0000,1.0000,0.12980,0.31623,0.3715,0.11663,0.0000,0.0000,0.291,-0.04568,4.0000,0.449404,0.450076,-0.037149,1,-0.037149
1.2260,move->d,none,0.8857,0.449217,-0.016630,-0.537951,-0.001758,1.597877,0.019521,1.060483,1.561915,0.450076,-0.016633,-0.559011,-0.001763,1.634693,0.019478,1.045068,1.561564,0.195807,0.050173,0.373528,3.129635,-0.549766,-3.139394,0.02205,-0.03774,0.03935,0.00062,0.00006,0.00078,0.02205,-0.03774,0.03935,0.00062,0.00006,0.00078,0.01483,-0.00026,0.02041,-0.00217,-0.00323,0.00013,4.049,2.0357,0.00005,0,0,0,0,0.129,1.007,0.387,nan,nan,nan,nan,nan,nan,nan,nan,nan,0,0.005829,0.001295,0.102,0.913,0.612,nan,nan,nan,nan,nan,nan,nan,nan,nan,-0.025154,nan,nan,nan,0,0,0,0,1.0000,1.0000,0.12973,0.31860,0.3734,0.11818,0.0000,0.0000,0.294,-0.04549,4.0000,0.449217,0.450076,-0.037344,1,-0.037344
1.2327,move->d,none,0.8907,0.449029,-0.016629,-0.537194,-0.001773,1.596583,0.019529,1.061021,1.561908,0.450076,-0.016598,-0.558558,-0.001745,1.633890,0.019478,1.045539,1.561529,0.195848,0.050181,0.373636,3.129683,-0.549888,-3.139344,0.02224,-0.03832,0.03962,0.00071,-0.00019,0.00064,0.02224,-0.03832,0.03962,0.00071,-0.00019,0.00064,0.00651,0.00122,0.01709,-0.00661,0.01932,0.01197,4.143,2.0634,0.00005,0,0,0,0,0.111,0.993,0.370,nan,nan,nan,nan,nan,nan,nan,nan,nan,0,0.006666,0.001616,-0.005,0.907,0.124,nan,nan,nan,nan,nan,nan,nan,nan,nan,-0.017961,nan,nan,nan,0,0,0,0,1.0000,1.0000,0.12965,0.32072,0.3754,0.11975,0.0000,0.0000,0.297,-0.04530,4.0000,0.449029,0.448975,-0.037536,1,-0.037536
1.2382,move->d,none,0.8957,0.448841,-0.016629,-0.536436,-0.001745,1.595282,0.019515,1.061563,1.561952,0.448975,-0.016581,-0.557912,-0.001780,1.632860,0.019478,1.045766,1.561529,0.195978,0.049072,0.373818,3.129669,-0.549731,-3.139346,0.02226,-0.03667,0.03975,0.00069,0.00013,0.00067,0.02226,-0.03667,0.03975,0.00069,0.00013,0.00067,0.02194,-0.18609,0.03048,0.00211,-0.02642,-0.00152,4.081,2.0786,0.00005,0,0,0,0,0.113,0.998,0.363,nan,nan,nan,nan,nan,nan,nan,nan,nan,0,0.005586,0.001279,0.238,1.143,0.372,nan,nan,nan,nan,nan,nan,nan,nan,nan,-0.039456,nan,nan,nan,0,0,0,0,1.0000,1.0000,0.12957,0.32244,0.3773,0.12132,0.0000,0.0000,0.292,-0.04512,4.0000,0.448841,0.448975,-0.037726,1,-0.037726
1.2440,move->d,none,0.9007,0.448651,-0.016629,-0.535674,-0.001725,1.593975,0.019505,1.062108,1.561985,0.448975,-0.016598,-0.557231,-0.001780,1.631813,0.019478,1.046098,1.561529,0.196096,0.049067,0.373983,3.129675,-0.549696,-3.139361,0.02230,-0.03722,0.03991,0.00071,0.00019,0.00071,0.02230,-0.03722,0.03991,0.00071,0.00019,0.00071,0.01967,-0.00091,0.02758,-0.00079,-0.00583,-0.00208,4.057,2.0931,0.00005,0,0,0,0,0.123,1.008,0.371,nan,nan,nan,nan,nan,nan,nan,nan,nan,0,0.005769,0.001044,0.215,1.077,0.502,nan,nan,nan,nan,nan,nan,nan,nan,nan,-0.033796,nan,nan,nan,0,0,0,0,1.0000,1.0000,0.12950,0.32394,0.3791,0.12290,0.0000,0.0000,0.295,-0.04493,4.0000,0.448651,0.448975,-0.037914,1,-0.037914
1.2500,move->d,none,0.9057,0.448461,-0.016630,-0.534908,-0.001714,1.592657,0.019500,1.062657,1.562009,0.448975,-0.016581,-0.556655,-0.001763,1.631220,0.019478,1.046534,1.561529,0.196142,0.049074,0.374003,3.129681,-0.550115,-3.139325,0.02248,-0.03779,0.04036,0.00073,-0.00064,0.00064,0.02248,-0.03779,0.04036,0.00073,-0.00064,0.00064,0.00807,0.00123,0.00341,-0.00114,0.07276,0.00688,4.203,2.1339,0.00005,0,0,0,0,0.127,1.014,0.355,nan,nan,nan,nan,nan,nan,nan,nan,nan,0,0.005971,0.001266,0.110,1.025,0.146,nan,nan,nan,nan,nan,nan,nan,nan,nan,-0.007114,nan,nan,nan,0,0,0,0,1.0000,1.0000,0.12942,0.32624,0.3810,0.12448,0.0000,0.0000,0.298,-0.04474,4.0000,0.448461,0.448975,-0.038100,1,-0.038100
1.2571,move->d,none,0.9107,0.448269,-0.016629,-0.534137,-0.001711,1.591333,0.019500,1.063211,1.562022,0.448975,-0.016650,-0.556236,-0.001815,1.630207,0.019478,1.046691,1.561529,0.196254,0.049046,0.374233,3.129662,-0.549678,-3.139427,0.02253,-0.03829,0.04039,0.00070,0.00023,0.00087,0.02253,-0.03829,0.04039,0.00070,0.00023,0.00087,0.01680,-0.00424,0.03461,0.00264,-0.06563,-0.01689,4.141,2.1515,0.00005,0,0,0,0,0.115,1.025,0.380,nan,nan,nan,nan,nan,nan,nan,nan,nan,0,0.007096,0.001725,0.007,1.075,0.640,nan,nan,nan,nan,nan,nan,nan,nan,nan,-0.038329,nan,nan,nan,0,0,0,0,1.0000,1.0000,0.12934,0.32821,0.3828,0.12608,0.0000,0.0000,0.300,-0.04455,4.0000,0.448269,0.448288,-0.038283,1,-0.038283
1.2631,move->d,none,0.9157,0.448077,-0.016629,-0.533363,-0.001685,1.590002,0.019487,1.063769,1.562062,0.448288,-0.016633,-0.555608,-0.001780,1.629178,0.019495,1.047075,1.561529,0.196354,0.048372,0.374394,3.129671,-0.549661,-3.139371,0.02261,-0.03751,0.04055,0.00072,0.00027,0.00076,0.02261,-0.03751,0.04055,0.00072,0.00027,0.00076,0.01592,-0.10750,0.02577,-0.00126,-0.00277,0.00980,4.147,2.1683,0.00005,0,0,0,0,0.115,1.041,0.413,nan,nan,nan,nan,nan,nan,nan,nan,nan,0,0.005988,0.001427,0.171,1.165,0.643,nan,nan,nan,nan,nan,nan,nan,nan,nan,-0.031447,nan,nan,nan,0,0,0,0,1.0000,1.0000,0.12927,0.32989,0.3846,0.12769,0.0000,0.0000,0.298,-0.04436,4.0000,0.448077,0.448288,-0.038464,1,-0.038464
1.2687,move->d,none,0.9207,0.447884,-0.016629,-0.532586,-0.001668,1.588664,0.019480,1.064328,1.562093,0.448288,-0.016633,-0.555015,-0.001763,1.628235,0.019478,1.047634,1.561529,0.196410,0.048372,0.374508,3.129702,-0.549871,-3.139371,0.02277,-0.03806,0.04081,0.00078,-0.00015,0.00074,0.02277,-0.03806,0.04081,0.00078,-0.00015,0.00074,0.00861,-0.00009,0.01761,-0.00415,0.03252,0.00243,4.203,2.1906,0.00005,0,0,0,0,0.119,1.059,0.447,nan,nan,nan,nan,nan,nan,nan,nan,nan,0,0.005595,0.000546,0.170,1.166,0.643,nan,nan,nan,nan,nan,nan,nan,nan,nan,-0.019513,nan,nan,nan,0,0,0,0,1.0000,1.0000,0.12919,0.33151,0.3864,0.12931,0.0000,0.0000,0.301,-0.04416,4.0000,0.447884,0.448288,-0.038643,1,-0.038643
1.2741,move->d,none,0.9257,0.447690,-0.016629,-0.531803,-0.001660,1.587316,0.019476,1.064893,1.562113,0.448288,-0.016598,-0.554578,-0.001780,1.627450,0.019495,1.047896,1.561529,0.196486,0.048377,0.374644,3.129679,-0.549783,-3.139327,0.02290,-0.03863,0.04103,0.00075,0.00002,0.00068,0.02290,-0.03863,0.04103,0.00075,0.00002,0.00068,0.01500,0.00108,0.02687,0.00392,-0.01731,0.00640,4.239,2.2223,0.00005,0,0,0,0,0.134,1.058,0.449,nan,nan,nan,nan,nan,nan,nan,nan,nan,0,0.005426,0.000946,0.287,0.923,0.248,nan,nan,nan,nan,nan,nan,nan,nan,nan,-0.030733,nan,nan,nan,0,0,0,0,1.0000,1.0000,0.12911,0.33376,0.3882,0.13093,0.0000,0.0000,0.304,-0.04397,4.0000,0.447690,0.448288,-0.038820,1,-0.038820
1.2800,move->d,none,0.9307,0.447495,-0.016629,-0.531017,-0.001662,1.585962,0.019478,1.065460,1.562123,0.448288,-0.016598,-0.553898,-0.001763,1.626420,0.019495,1.048332,1.561529,0.196583,0.048380,0.374788,3.129694,-0.549870,-3.139313,0.02298,-0.03920,0.04123,0.00078,-0.00015,0.00065,0.02298,-0.03920,0.04123,0.00078,-0.00015,0.00065,0.01730,0.00047,0.02551,-0.00226,0.01554,0.00388,4.269,2.2405,0.00005,0,0,0,0,0.155,1.046,0.434,nan,nan,nan,nan,nan,nan,nan,nan,nan,0,0.005867,0.001187,0.287,0.924,0.248,nan,nan,nan,nan,nan,nan,nan,nan,nan,-0.030788,nan,nan,nan,0,0,0,0,1.0000,1.0000,0.12903,0.33528,0.3899,0.13256,0.0000,0.0000,0.307,-0.04378,4.0000,0.447495,0.447764,-0.038995,1,-0.038995
1.2861,move->d,none,0.9357,0.447299,-0.016629,-0.530227,-0.001647,1.584597,0.019471,1.066030,1.562151,0.447764,-0.016598,-0.553322,-0.001815,1.625896,0.019460,1.048664,1.561529,0.196643,0.047835,0.374799,3.129693,-0.550254,-3.139368,0.02313,-0.03867,0.04169,0.00078,-0.00092,0.00077,0.02313,-0.03867,0.04169,0.00078,-0.00092,0.00077,0.00982,-0.08927,0.00188,-0.00002,0.06290,-0.00913,4.415,2.2880,0.00005,0,0,0,0,0.172,1.022,0.398,nan,nan,nan,nan,nan,nan,nan,nan,nan,0,0.006178,0.001244,0.218,0.851,0.134,nan,nan,nan,nan,nan,nan,nan,nan,nan,-0.007691,nan,nan,nan,0,0,0,0,1.0000,1.0000,0.12895,0.33783,0.3917,0.13421,0.0000,0.0000,0.307,-0.04358,4.0000,0.447299,0.447764,-0.039167,1,-0.039167
1.2918,move->d,none,0.9407,0.447102,-0.016630,-0.529432,-0.001641,1.583226,0.019469,1.066605,1.562169,0.447764,-0.016598,-0.552938,-0.001763,1.624814,0.019495,1.049013,1.561529,0.196720,0.047854,0.375031,3.129702,-0.549905,-3.139306,0.02325,-0.03926,0.04172,0.00080,-0.00022,0.00065,0.02325,-0.03926,0.04172,0.00080,-0.00022,0.00065,0.01308,0.00323,0.03895,-0.00118,-0.05871,0.01119,4.371,2.3043,0.00005,0,0,0,0,0.184,1.021,0.377,nan,nan,nan,nan,nan,nan,nan,nan,nan,0,0.005674,0.000974,0.232,1.151,0.341,nan,nan,nan,nan,nan,nan,nan,nan,nan,-0.040006,nan,nan,nan,0,0,0,0,1.0000,1.0000,0.12887,0.33959,0.3934,0.13586,0.0000,0.0000,0.309,-0.04339,4.0000,0.447102,0.447764,-0.039337,1,-0.039337
1.2974,move->d,none,0.9457,0.446905,-0.016630,-0.528633,-0.001645,1.581849,0.019472,1.067185,1.562176,0.447764,-0.016598,-0.552327,-0.001780,1.623610,0.019478,1.049240,1.561529,0.196861,0.047843,0.375276,3.129721,-0.549539,-3.139337,0.02324,-0.03980,0.04171,0.00084,0.00051,0.00070,0.02324,-0.03980,0.04171,0.00084,0.00051,0.00070,0.02535,-0.00194,0.04417,-0.00285,-0.06599,-0.00365,4.294,2.3139,0.00005,0,0,0,0,0.191,1.020,0.367,nan,nan,nan,nan,nan,nan,nan,nan,nan,0,0.005628,0.001041,0.190,1.019,0.388,nan,nan,nan,nan,nan,nan,nan,nan,nan,-0.050927,nan,nan,nan,0,0,0,0,1.0000,1.0000,0.12879,0.34105,0.3950,0.13752,0.0000,0.0000,0.311,-0.04319,4.0000,0.446905,0.447764,-0.039504,1,-0.039504
1.3030,move->d,none,0.9507,0.446706,-0.016630,-0.527824,-0.001658,1.580456,0.019480,1.067773,1.562173,0.447764,-0.016598,-0.552327,-0.001780,1.623610,0.019478,1.049240,1.561529,0.196861,0.047843,0.375276,3.129721,-0.549539,-3.139337,0.02352,-0.04035,0.04220,0.00085,0.00051,0.00071,0.02352,-0.04035,0.04220,0.00085,0.00051,0.00071,0.00000,0.00000,0.00000,0.00000,0.00000,0.00000,4.509,2.3927,0.00005,0,0,0,0,0.177,1.011,0.347,nan,nan,nan,nan,nan,nan,nan,nan,nan,0,0.005545,0.001102,-0.041,0.907,0.182,nan,nan,nan,nan,nan,nan,nan,nan,nan,0.000000,nan,nan,nan,0,0,0,0,1.0000,1.0000,0.12871,0.34526,0.3967,0.13919,0.0000,0.0000,0.314,-0.04299,4.0000,0.446706,0.447764,-0.039670,1,-0.039670
1.3087,move->d,none,0.9557,0.446507,-0.016630,-0.527015,-0.001680,1.579060,0.019493,1.068359,1.562159,0.447764,-0.016581,-0.551454,-0.001815,1.622126,0.019495,1.050077,1.561529,0.196948,0.047841,0.375472,3.129687,-0.549765,-3.139309,0.02362,-0.04090,0.04229,0.00080,0.00006,0.00070,0.02362,-0.04090,0.04229,0.00080,0.00006,0.00070,0.01401,-0.00031,0.03162,0.00459,0.03642,0.00158,4.519,2.3876,0.00005,0,0,0,0,0.168,1.010,0.363,nan,nan,nan,nan,nan,nan,nan,nan,nan,0,0.005766,0.000664,0.165,1.053,0.664,nan,nan,nan,nan,nan,nan,nan,nan,nan,-0.034279,nan,nan,nan,0,0,0,0,1.0000,1.0000,0.12862,0.34564,0.3983,0.14088,0.0000,0.0000,0.317,-0.04279,4.0000,0.446507,0.447221,-0.039833,1,-0.039833
1.3142,move->d,none,0.9607,0.446307,-0.016630,-0.526202,-0.001686,1.577659,0.019497,1.068949,1.562165,0.447221,-0.016581,-0.550843,-0.001815,1.621044,0.019530,1.050409,1.561529,0.197060,0.047305,0.375662,3.129660,-0.549625,-3.139273,0.02366,-0.04038,0.04239,0.00075,0.00034,0.00066,0.02366,-0.04038,0.04239,0.00075,0.00034,0.00066,0.02222,-0.10692,0.03773,0.00479,-0.02796,0.00433,4.455,2.4055,0.00005,0,0,0,0,0.151,1.029,0.368,nan,nan,nan,nan,nan,nan,nan,nan,nan,0,0.005492,0.001145,0.002,1.268,0.323,nan,nan,nan,nan,nan,nan,nan,nan,nan,-0.044925,nan,nan,nan,0,0,0,0,1.0000,1.0000,0.12854,0.34712,0.3999,0.14258,0.0000,0.0000,0.316,-0.04259,4.0000,0.446307,0.447221,-0.039993,1,-0.039993
1.3199,move->d,none,0.9657,0.446106,-0.016631,-0.525385,-0.001700,1.576251,0.019506,1.069542,1.562160,0.447221,-0.016633,-0.550267,-0.001833,1.620015,0.019530,1.050898,1.561529,0.197133,0.047289,0.375817,3.129654,-0.549660,-3.139329,0.02379,-0.04091,0.04256,0.00075,0.00027,0.00079,0.02379,-0.04091,0.04256,0.00075,0.00027,0.00079,0.01296,-0.00275,0.02745,0.00075,0.00615,-0.01048,4.502,2.4268,0.00005,0,0,0,0,0.141,1.039,0.393,nan,nan,nan,nan,nan,nan,nan,nan,nan,0,0.005686,0.001146,0.133,1.027,0.651,nan,nan,nan,nan,nan,nan,nan,nan,nan,-0.030203,nan,nan,nan,0,0,0,0,1.0000,1.0000,0.12846,0.34875,0.4015,0.14428,0.0000,0.0000,0.318,-0.04239,4.0000,0.446106,0.447221,-0.040151,1,-0.040151
1.3262,move->d,none,0.9707,0.445905,-0.016631,-0.524559,-0.001724,1.574826,0.019520,1.070142,1.562144,0.447221,-0.016633,-0.550267,-0.001833,1.620015,0.019530,1.050898,1.561529,0.197133,0.047289,0.375817,3.129654,-0.549660,-3.139329,0.02406,-0.04146,0.04305,0.00076,0.00027,0.00080,0.02406,-0.04146,0.04305,0.00076,0.00027,0.00080,0.00000,0.00000,0.00000,0.00000,0.00000,0.00000,4.728,2.5074,0.00005,0,0,0,0,0.120,1.016,0.404,nan,nan,nan,nan,nan,nan,nan,nan,nan,0,0.006244,0.000838,-0.025,0.741,0.367,nan,nan,nan,nan,nan,nan,nan,nan,nan,0.000000,nan,nan,nan,0,0,0,0,1.0000,1.0000,0.12837,0.35300,0.4031,0.14598,0.0000,0.0000,0.322,-0.04219,4.0000,0.445905,0.447221,-0.040307,1,-0.040307
1.3327,move->d,none,0.9757,0.445702,-0.016631,-0.523731,-0.001758,1.573396,0.019540,1.070748,1.562117,0.447221,-0.016581,-0.549534,-0.001780,1.618898,0.019548,1.051107,1.561529,0.197287,0.047313,0.376012,3.129676,-0.549485,-3.139233,0.02403,-0.04206,0.04314,0.00080,0.00061,0.00060,0.02403,-0.04206,0.04314,0.00080,0.00061,0.00060,0.02689,0.00423,0.03406,-0.00320,-0.03057,0.01896,4.727,2.5251,0.00005,0,0,0,0,0.105,0.990,0.391,nan,nan,nan,nan,nan,nan,nan,nan,nan,0,0.006506,0.001619,0.077,0.865,0.218,nan,nan,nan,nan,nan,nan,nan,nan,nan,-0.043043,nan,nan,nan,0,0,0,0,1.0000,1.0000,0.12829,0.35457,0.4046,0.14771,0.0000,0.0000,0.324,-0.04199,4.0000,0.445702,0.447221,-0.040460,1,-0.040460
1.3387,move->d,none,0.9807,0.445499,-0.016632,-0.522892,-0.001801,1.571948,0.019564,1.071361,1.562080,0.447221,-0.016581,-0.549534,-0.001780,1.618898,0.019548,1.051107,1.561529,0.197287,0.047313,0.376012,3.129676,-0.549485,-3.139233,0.02430,-0.04261,0.04362,0.00081,0.00061,0.00061,0.02430,-0.04261,0.04362,0.00081,0.00061,0.00061,0.02689,0.00423,0.03406,-0.00320,-0.03057,0.01896,4.969,2.6071,0.00005,0,0,0,0,0.096,0.967,0.370,nan,nan,nan,nan,nan,nan,nan,nan,nan,0,0.006030,0.007585,0.077,0.865,0.218,nan,nan,nan,nan,nan,nan,nan,nan,nan,-0.043043,nan,nan,nan,0,0,0,0,1.0000,1.0000,0.12820,0.35887,0.4061,0.14945,0.0000,0.0000,0.328,-0.04179,4.0000,0.445499,0.446121,-0.040611,1,-0.040611
1.3452,move->d,none,0.9857,0.445296,-0.016632,-0.522049,-0.001802,1.570491,0.019565,1.071977,1.562092,0.446121,-0.016598,-0.549185,-0.001763,1.618200,0.019530,1.051543,1.561511,0.197311,0.046208,0.376110,3.129726,-0.549573,-3.139253,0.02452,-0.04095,0.04390,0.00090,0.00044,0.00060,0.02452,-0.04095,0.04390,0.00090,0.00044,0.00060,0.00198,-0.08807,0.00780,-0.00337,0.00700,0.00043,4.934,2.6500,0.00005,0,0,0,0,0.108,0.974,0.356,nan,nan,nan,nan,nan,nan,nan,nan,nan,0,0.006454,0.001559,0.263,1.151,0.345,nan,nan,nan,nan,nan,nan,nan,nan,nan,-0.008627,nan,nan,nan,0,0,0,0,1.0000,1.0000,0.12811,0.36093,0.4076,0.15120,0.0000,0.0000,0.324,-0.04159,4.0000,0.445296,0.446121,-0.040759,1,-0.040759
1.3514,move->d,none,0.9907,0.445091,-0.016633,-0.521200,-0.001811,1.569025,0.019572,1.072596,1.562093,0.446121,-0.016633,-0.548697,-0.001868,1.617379,0.019530,1.051962,1.561529,0.197368,0.046177,0.376223,3.129648,-0.549659,-3.139339,0.02468,-0.04144,0.04416,0.00077,0.00027,0.00087,0.02468,-0.04144,0.04416,0.00077,0.00027,0.00087,0.00891,-0.00490,0.01775,0.01036,0.01347,-0.01976,5.023,2.6865,0.00006,0,0,0,0,0.120,0.985,0.351,nan,nan,nan,nan,nan,nan,nan,nan,nan,0,0.006250,0.001422,0.182,1.057,0.366,nan,nan,nan,nan,nan,nan,nan,nan,nan,-0.019845,nan,nan,nan,0,0,0,0,1.0000,1.0000,0.12803,0.36303,0.4091,0.15297,0.0000,0.0000,0.327,-0.04138,4.0000,0.445091,0.446121,-0.040905,1,-0.040905
1.3575,move->d,none,0.9957,0.444886,-0.016633,-0.520352,-0.001830,1.567557,0.019584,1.073220,1.562083,0.446121,-0.016633,-0.547772,-0.001815,1.615878,0.019548,1.052259,1.561511,0.197564,0.046188,0.376494,3.129691,-0.549381,-3.139295,0.02455,-0.04201,0.04409,0.00085,0.00082,0.00075,0.02455,-0.04201,0.04409,0.00085,0.00082,0.00075,0.03108,0.00185,0.04302,-0.00575,-0.04441,0.01053,4.921,2.6845,0.00006,0,0,0,0,0.115,0.988,0.351,nan,nan,nan,nan,nan,nan,nan,nan,nan,0,0.006078,0.001193,-0.007,0.960,0.372,nan,nan,nan,nan,nan,nan,nan,nan,nan,-0.052892,nan,nan,nan,0,0,0,0,1.0000,1.0000,0.12794,0.36368,0.4105,0.15474,0.0000,0.0000,0.328,-0.04118,4.0000,0.444886,0.446121,-0.041049,1,-0.041049
1.3634,move->d,none,1.0007,0.444680,-0.016633,-0.519493,-0.001859,1.566072,0.019601,1.073851,1.562063,0.446121,-0.016633,-0.547772,-0.001815,1.615878,0.019548,1.052259,1.561511,0.197564,0.046188,0.376494,3.129691,-0.549381,-3.139295,0.02482,-0.04255,0.04457,0.00085,0.00082,0.00075,0.02482,-0.04255,0.04457,0.00085,0.00082,0.00075,0.03108,0.00185,0.04302,-0.00575,-0.04441,0.01053,5.154,2.7686,0.00006,0,0,0,0,0.102,0.987,0.352,nan,nan,nan,nan,nan,nan,nan,nan,nan,0,0.005948,0.007085,-0.007,0.960,0.372,nan,nan,nan,nan,nan,nan,nan,nan,nan,-0.052892,nan,nan,nan,0,0,0,0,1.0000,1.0000,0.12785,0.36793,0.4119,0.15652,0.0000,0.0000,0.332,-0.04097,4.0000,0.444680,0.446121,-0.041190,1,-0.041190
1.3694,move->d,none,1.0057,0.444473,-0.016634,-0.518629,-0.001898,1.564576,0.019623,1.074485,1.562032,0.446121,-0.016563,-0.547388,-0.001833,1.615250,0.019548,1.052713,1.561529,0.197584,0.046199,0.376559,3.129663,-0.549590,-3.139228,0.02505,-0.04312,0.04492,0.00081,0.00041,0.00066,0.02505,-0.04312,0.04492,0.00081,0.00041,0.00066,0.00173,0.00091,0.00547,0.00191,0.01748,0.00446,5.329,2.8177,0.00006,0,0,0,0,0.098,0.992,0.365,nan,nan,nan,nan,nan,nan,nan,nan,nan,0,0.005958,0.001123,0.133,1.053,0.491,nan,nan,nan,nan,nan,nan,nan,nan,nan,-0.005553,nan,nan,nan,0,0,0,0,1.0000,1.0000,0.12776,0.37049,0.4133,0.15832,0.0000,0.0000,0.335,-0.04077,4.0000,0.444473,0.446121,-0.041328,1,-0.041328
1.3757,move->d,none,1.0107,0.444266,-0.016635,-0.517761,-0.001946,1.563074,0.019651,1.075122,1.561989,0.446121,-0.016633,-0.546864,-0.001815,1.614203,0.019548,1.053184,1.561564,0.197655,0.046191,0.376733,3.129647,-0.549538,-3.139284,0.02518,-0.04365,0.04504,0.00079,0.00051,0.00080,0.02518,-0.04365,0.04504,0.00079,0.00051,0.00080,0.01177,-0.00131,0.02875,0.00240,-0.00863,-0.01086,5.391,2.8434,0.00006,0,0,0,0,0.112,1.020,0.392,nan,nan,nan,nan,nan,nan,nan,nan,nan,0,0.006305,0.001386,0.270,1.263,0.577,nan,nan,nan,nan,nan,nan,nan,nan,nan,-0.030678,nan,nan,nan,0,0,0,0,1.0000,1.0000,0.12767,0.37224,0.4146,0.16014,0.0000,0.0000,0.338,-0.04056,4.0000,0.444266,0.446121,-0.041464,1,-0.041464
1.3813,move->d,none,1.0157,0.444058,-0.016636,-0.516889,-0.002004,1.561566,0.019685,1.075762,1.561935,0.446121,-0.016581,-0.546218,-0.001815,1.613086,0.019530,1.053638,1.561529,0.197752,0.046193,0.376908,3.129706,-0.549520,-3.139246,0.02525,-0.04420,0.04517,0.00090,0.00054,0.00067,0.02525,-0.04420,0.04517,0.00090,0.00054,0.00067,0.01535,0.00031,0.02781,-0.00805,-0.00274,0.01101,5.451,2.8655,0.00006,0,0,0,0,0.117,1.037,0.399,nan,nan,nan,nan,nan,nan,nan,nan,nan,0,0.005571,0.000674,0.085,1.065,0.331,nan,nan,nan,nan,nan,nan,nan,nan,nan,-0.031728,nan,nan,nan,0,0,0,0,1.0000,1.0000,0.12758,0.37378,0.4160,0.16196,0.0000,0.0000,0.340,-0.04035,4.0000,0.444058,0.443848,-0.041597,1,-0.041597
1.3868,move->d,none,1.0207,0.443849,-0.016635,-0.516011,-0.001964,1.560046,0.019663,1.076405,1.561995,0.443848,-0.016598,-0.546026,-0.001815,1.612737,0.019548,1.053952,1.561529,0.197749,0.043921,0.376939,3.129688,-0.549677,-3.139241,0.02552,-0.04020,0.04558,0.00088,0.00023,0.00069,0.02552,-0.04020,0.04558,0.00088,0.00023,0.00069,-0.00050,-0.40959,0.00566,0.00268,0.02827,-0.00066,5.449,2.9318,0.00006,0,0,0,0,0.108,1.034,0.392,nan,nan,nan,nan,nan,nan,nan,nan,nan,0,0.005533,0.000634,-0.022,0.885,0.256,nan,nan,nan,nan,nan,nan,nan,nan,nan,-0.008936,nan,nan,nan,0,0,0,0,1.0000,1.0000,0.12749,0.37660,0.4173,0.16378,0.0000,0.0000,0.329,-0.04015,4.0000,0.443849,0.443848,-0.041728,1,-0.041728
1.3925,move->d,none,1.0257,0.443640,-0.016635,-0.515134,-0.001934,1.558524,0.019647,1.077051,1.562044,0.443848,-0.016598,-0.545066,-0.001763,1.611183,0.019548,1.054406,1.561511,0.197925,0.043929,0.377196,3.129748,-0.549538,-3.139211,0.02544,-0.04075,0.04554,0.00098,0.00051,0.00058,0.02544,-0.04075,0.04554,0.00098,0.00051,0.00058,0.03386,0.00157,0.04955,-0.00970,-0.02684,0.01170,5.329,2.9300,0.00006,0,0,0,0,0.109,1.021,0.373,nan,nan,nan,nan,nan,nan,nan,nan,nan,0,0.005726,0.001187,0.171,0.903,0.201,nan,nan,nan,nan,nan,nan,nan,nan,nan,-0.059918,nan,nan,nan,0,0,0,0,1.0000,1.0000,0.12740,0.37687,0.4186,0.16562,0.0000,0.0000,0.331,-0.03994,4.0000,0.443640,0.443848,-0.041856,1,-0.041856
1.3986,move->d,none,1.0307,0.443430,-0.016635,-0.514253,-0.001913,1.556992,0.019636,1.077699,1.562081,0.443848,-0.016598,-0.544368,-0.001780,1.610450,0.019530,1.054912,1.561529,0.197987,0.043921,0.377226,3.129733,-0.550009,-3.139227,0.02558,-0.04128,0.04595,0.00096,-0.00043,0.00063,0.02558,-0.04128,0.04595,0.00096,-0.00043,0.00063,0.00975,-0.00118,0.00464,0.00176,0.07336,-0.00374,5.472,2.9752,0.00006,0,0,0,0,0.117,1.024,0.364,nan,nan,nan,nan,nan,nan,nan,nan,nan,0,0.006068,0.000833,0.194,1.124,0.389,nan,nan,nan,nan,nan,nan,nan,nan,nan,-0.009062,nan,nan,nan,0,0,0,0,1.0000,1.0000,0.12731,0.37874,0.4198,0.16747,0.0000,0.0000,0.334,-0.03973,3.9993,0.443430,0.443848,-0.041982,1,-0.041982
1.4049,move->d,none,1.0357,0.443220,-0.016635,-0.513368,-0.001903,1.555457,0.019631,1.078350,1.562108,0.443848,-0.016598,-0.543949,-0.001780,1.609159,0.019548,1.055470,1.561511,0.198048,0.043923,0.377488,3.129747,-0.549695,-3.139208,0.02572,-0.04182,0.04589,0.00099,0.00019,0.00059,0.02572,-0.04182,0.04589,0.00099,0.00019,0.00059,0.01012,0.00029,0.04365,-0.00187,-0.05240,0.00440,5.419,2.9889,0.00006,0,0,0,0,0.117,1.022,0.373,nan,nan,nan,nan,nan,nan,nan,nan,nan,0,0.006299,0.001158,0.081,0.990,0.507,nan,nan,nan,nan,nan,nan,nan,nan,nan,-0.042499,nan,nan,nan,0,0,0,0,1.0000,1.0000,0.12721,0.37994,0.4210,0.16932,0.0000,0.0000,0.336,-0.03952,3.9977,0.443220,0.443848,-0.042105,1,-0.042105
1.4108,move->d,none,1.0407,0.443008,-0.016635,-0.512480,-0.001902,1.553916,0.019632,1.079004,1.562123,0.443848,-0.016581,-0.543286,-0.001815,1.608129,0.019530,1.055785,1.561529,0.198166,0.043914,0.377651,3.129732,-0.549643,-3.139226,0.02575,-0.04234,0.04604,0.00097,0.00030,0.00065,0.02575,-0.04234,0.04604,0.00097,0.00030,0.00065,0.02023,-0.00165,0.02801,0.00219,-0.00899,-0.00435,5.435,3.0179,0.00006,0,0,0,0,0.109,1.024,0.366,nan,nan,nan,nan,nan,nan,nan,nan,nan,0,0.005876,0.001206,0.012,1.057,0.244,nan,nan,nan,nan,nan,nan,nan,nan,nan,-0.034465,nan,nan,nan,0,0,0,0,1.0000,1.0000,0.12712,0.38153,0.4223,0.17118,0.0000,0.0000,0.338,-0.03931,3.9954,0.443008,0.442487,-0.042225,1,-0.042225
1.4169,move->d,none,1.0457,0.442797,-0.016634,-0.511589,-0.001846,1.552370,0.019601,1.079660,1.562201,0.442487,-0.016633,-0.542623,-0.001780,1.606855,0.019548,1.056308,1.561494,0.198265,0.042550,0.377864,3.129779,-0.549555,-3.139238,0.02582,-0.04015,0.04608,0.00106,0.00047,0.00063,0.02582,-0.04015,0.04608,0.00106,0.00047,0.00063,0.01633,-0.22425,0.03497,-0.00659,-0.01436,0.00205,5.477,3.0332,0.00006,0,0,0,0,0.111,1.036,0.354,nan,nan,nan,nan,nan,nan,nan,nan,nan,0,0.006162,0.001290,0.184,1.144,0.267,nan,nan,nan,nan,nan,nan,nan,nan,nan,-0.040722,nan,nan,nan,0,0,0,0,1.0000,1.0000,0.12703,0.38292,0.4234,0.17304,0.0000,0.0000,0.331,-0.03910,3.9921,0.442797,0.442487,-0.042343,1,-0.042343
1.4230,move->d,none,1.0507,0.442584,-0.016633,-0.510692,-0.001801,1.550815,0.019575,1.080319,1.562268,0.442487,-0.016598,-0.542326,-0.001763,1.606209,0.019548,1.056762,1.561581,0.198275,0.042568,0.377952,3.129706,-0.549660,-3.139188,0.02606,-0.04072,0.04637,0.00094,0.00026,0.00062,0.02606,-0.04072,0.04637,0.00094,0.00026,0.00062,0.00168,0.00298,0.01443,0.01026,0.01723,0.00195,5.572,3.0847,0.00006,0,0,0,0,0.125,1.057,0.354,nan,nan,nan,nan,nan,nan,nan,nan,nan,0,0.006040,0.001231,0.253,1.212,0.420,nan,nan,nan,nan,nan,nan,nan,nan,nan,-0.013155,nan,nan,nan,0,0,0,0,1.0000,1.0000,0.12693,0.38527,0.4246,0.17491,0.0000,0.0000,0.335,-0.03888,3.9881,0.442584,0.442487,-0.042458,1,-0.042458
1.4292,move->d,none,1.0557,0.442372,-0.016632,-0.509793,-0.001765,1.549252,0.019556,1.080982,1.562323,0.442487,-0.016633,-0.541680,-0.001833,1.605284,0.019530,1.057128,1.561529,0.198372,0.042535,0.378076,3.129737,-0.549747,-3.139274,0.02613,-0.04118,0.04659,0.00100,0.00009,0.00077,0.02613,-0.04118,0.04659,0.00100,0.00009,0.00077,0.01433,-0.00496,0.01828,-0.00396,0.01283,-0.01036,5.609,3.1209,0.00006,0,0,0,0,0.124,1.069,0.377,nan,nan,nan,nan,nan,nan,nan,nan,nan,0,0.006202,0.000668,0.042,1.068,0.610,nan,nan,nan,nan,nan,nan,nan,nan,nan,-0.023124,nan,nan,nan,0,0,0,0,1.0000,1.0000,0.12684,0.38690,0.4257,0.17680,0.0000,0.0000,0.337,-0.03867,3.9831,0.442372,0.442487,-0.042571,1,-0.042571
1.4351,move->d,none,1.0607,0.442158,-0.016632,-0.508883,-0.001739,1.547672,0.019542,1.081653,1.562367,0.442487,-0.016633,-0.541680,-0.001833,1.605284,0.019530,1.057128,1.561529,0.198372,0.042535,0.378076,3.129737,-0.549747,-3.139274,0.02639,-0.04171,0.04705,0.00101,0.00009,0.00078,0.02639,-0.04171,0.04705,0.00101,0.00009,0.00078,0.01433,-0.00496,0.01828,-0.00396,0.01283,-0.01036,5.806,3.2104,0.00006,0,0,0,0,0.117,1.074,0.409,nan,nan,nan,nan,nan,nan,nan,nan,nan,0,0.005898,0.006493,0.042,1.068,0.610,nan,nan,nan,nan,nan,nan,nan,nan,nan,-0.023124,nan,nan,nan,0,0,0,0,1.0000,1.0000,0.12674,0.39097,0.4268,0.17869,0.0000,0.0000,0.341,-0.03846,3.9774,0.442158,0.442487,-0.042681,1,-0.042681
1.4407,move->d,none,1.0657,0.441944,-0.016632,-0.507973,-0.001723,1.546089,0.019534,1.082327,1.562400,0.442487,-0.016633,-0.540843,-0.001780,1.603870,0.019583,1.057530,1.561564,0.198530,0.042560,0.378318,3.129690,-0.549572,-3.139192,0.02633,-0.04229,0.04703,0.00093,0.00044,0.00067,0.02633,-0.04229,0.04703,0.00093,0.00044,0.00067,0.01367,0.00216,0.02102,0.00350,-0.01520,0.00505,5.724,3.2199,0.00006,0,0,0,0,0.108,1.065,0.415,nan,nan,nan,nan,nan,nan,nan,nan,nan,0,0.005674,0.000727,0.054,0.926,0.293,nan,nan,nan,nan,nan,nan,nan,nan,nan,-0.025045,nan,nan,nan,0,0,0,0,1.0000,1.0000,0.12665,0.39163,0.4279,0.18060,0.0000,0.0000,0.342,-0.03825,3.9708,0.441944,0.442487,-0.042788,1,-0.042788
1.4466,move->d,none,1.0707,0.441730,-0.016632,-0.507059,-0.001717,1.544500,0.019532,1.083003,1.562421,0.442487,-0.016598,-0.540284,-0.001815,1.602910,0.019548,1.058036,1.561529,0.198592,0.042547,0.378449,3.129744,-0.549677,-3.139205,0.02647,-0.04280,0.04723,0.00103,0.00023,0.00065,0.02647,-0.04280,0.04723,0.00103,0.00023,0.00065,0.01135,-0.00241,0.02404,-0.00841,0.01914,0.00263,5.793,3.2556,0.00006,0,0,0,0,0.101,1.053,0.419,nan,nan,nan,nan,nan,nan,nan,nan,nan,0,0.005835,0.001080,0.080,0.982,0.428,nan,nan,nan,nan,nan,nan,nan,nan,nan,-0.026449,nan,nan,nan,0,0,0,0,1.0000,1.0000,0.12655,0.39326,0.4289,0.18252,0.0000,0.0000,0.345,-0.03803,3.9635,0.441730,0.441503,-0.042893,1,-0.042893
1.4525,move->d,none,1.0757,0.441515,-0.016631,-0.506143,-0.001675,1.542900,0.019507,1.083681,1.562485,0.441503,-0.016598,-0.539638,-0.001815,1.602282,0.019583,1.058629,1.561529,0.198623,0.041571,0.378442,3.129701,-0.550287,-3.139156,0.02667,-0.04137,0.04770,0.00096,-0.00099,0.00061,0.02667,-0.04137,0.04770,0.00096,-0.00099,0.00061,0.00564,-0.17554,-0.00140,0.00628,0.10982,0.00488,6.026,3.3107,0.00006,0,0,0,0,0.105,1.048,0.425,nan,nan,nan,nan,nan,nan,nan,nan,nan,0,0.005907,0.001418,0.189,1.063,0.464,nan,nan,nan,nan,nan,nan,nan,nan,nan,-0.003625,nan,nan,nan,0,0,0,0,1.0000,1.0000,0.12645,0.39550,0.4299,0.18444,0.0000,0.0000,0.342,-0.03782,3.9553,0.441515,0.441503,-0.042994,1,-0.042994
1.4587,move->d,none,1.0807,0.441299,-0.016631,-0.505221,-0.001642,1.541296,0.019489,1.084360,1.562537,0.441503,-0.016581,-0.539254,-0.001833,1.601060,0.019548,1.059153,1.561529,0.198679,0.041561,0.378692,3.129741,-0.549974,-3.139183,0.02681,-0.04188,0.04766,0.00104,-0.00036,0.00063,0.02681,-0.04188,0.04766,0.00104,-0.00036,0.00063,0.00864,-0.00149,0.03842,-0.00504,-0.04819,-0.00096,5.976,3.3324,0.00006,0,0,0,0,0.115,1.047,0.432,nan,nan,nan,nan,nan,nan,nan,nan,nan,0,0.006255,0.001183,0.190,1.063,0.465,nan,nan,nan,nan,nan,nan,nan,nan,nan,-0.037287,nan,nan,nan,0,0,0,0,1.0000,1.0000,0.12636,0.39677,0.4309,0.18637,0.0000,0.0000,0.344,-0.03760,3.9462,0.441299,0.441503,-0.043094,1,-0.043094
1.4646,move->d,none,1.0857,0.441083,-0.016631,-0.504297,-0.001620,1.539687,0.019478,1.085044,1.562578,0.441503,-0.016598,-0.538539,-0.001780,1.599839,0.019548,1.059502,1.561529,0.198814,0.041568,0.378901,3.129781,-0.549817,-3.139171,0.02680,-0.04241,0.04769,0.00111,-0.00005,0.00057,0.02680,-0.04241,0.04769,0.00111,-0.00005,0.00057,0.02200,0.00112,0.03435,-0.00559,-0.02565,0.00535,5.931,3.3543,0.00006,0,0,0,0,0.123,1.036,0.425,nan,nan,nan,nan,nan,nan,nan,nan,nan,0,0.005850,0.000917,0.154,0.921,0.313,nan,nan,nan,nan,nan,nan,nan,nan,nan,-0.040767,nan,nan,nan,0,0,0,0,1.0000,1.0000,0.12626,0.39785,0.4319,0.18831,0.0000,0.0000,0.346,-0.03739,3.9364,0.441083,0.441503,-0.043190,1,-0.043190
1.4708,move->d,none,1.0907,0.440867,-0.016631,-0.503370,-0.001607,1.538073,0.019472,1.085732,1.562607,0.441503,-0.016598,-0.537893,-0.001833,1.598739,0.019530,1.059851,1.561529,0.198928,0.041550,0.379085,3.129775,-0.549712,-3.139216,0.02683,-0.04290,0.04778,0.00110,0.00016,0.00068,0.02683,-0.04290,0.04778,0.00110,0.00016,0.00068,0.01908,-0.00311,0.03052,0.00089,-0.01748,-0.00803,5.927,3.3834,0.00006,0,0,0,0,0.130,1.019,0.411,nan,nan,nan,nan,nan,nan,nan,nan,nan,0,0.006189,0.001106,0.155,0.921,0.313,nan,nan,nan,nan,nan,nan,nan,nan,nan,-0.036020,nan,nan,nan,0,0,0,0,1.0000,1.0000,0.12616,0.39922,0.4328,0.19026,0.0000,0.0000,0.348,-0.03717,3.9258,0.440867,0.441503,-0.043284,1,-0.043284
1.4769,move->d,none,1.0957,0.440650,-0.016631,-0.502436,-0.001605,1.536447,0.019472,1.086421,1.562624,0.441503,-0.016650,-0.537684,-0.001780,1.598303,0.019583,1.060410,1.561564,0.198890,0.041568,0.379105,3.129717,-0.550043,-3.139176,0.02716,-0.04345,0.04820,0.00101,-0.00050,0.00067,0.02716,-0.04345,0.04820,0.00101,-0.00050,0.00067,-0.00647,0.00311,0.00349,0.00834,0.05640,0.00163,6.147,3.4509,0.00006,0,0,0,0,0.122,1.013,0.395,nan,nan,nan,nan,nan,nan,nan,nan,nan,0,0.006116,0.001351,-0.001,1.036,0.306,nan,nan,nan,nan,nan,nan,nan,nan,nan,0.000437,nan,nan,nan,0,0,0,0,1.0000,1.0000,0.12606,0.40201,0.4337,0.19221,0.0000,0.0000,0.351,-0.03695,3.9144,0.440650,0.440808,-0.043375,1,-0.043375
1.4829,move->d,none,1.1007,0.440433,-0.016631,-0.501503,-0.001580,1.534821,0.019458,1.087114,1.562668,0.440808,-0.016598,-0.536671,-0.001815,1.596627,0.019548,1.060811,1.561529,0.199093,0.040860,0.379398,3.129779,-0.549782,-3.139180,0.02701,-0.04256,0.04806,0.00112,0.00002,0.00062,0.02701,-0.04256,0.04806,0.00112,0.00002,0.00062,0.03329,-0.11629,0.04803,-0.00863,-0.04297,0.00480,6.009,3.4481,0.00006,0,0,0,0,0.107,1.012,0.379,nan,nan,nan,nan,nan,nan,nan,nan,nan,0,0.005981,0.001251,-0.001,1.036,0.306,nan,nan,nan,nan,nan,nan,nan,nan,nan,-0.059573,nan,nan,nan,0,0,0,0,1.0000,1.0000,0.12596,0.40210,0.4346,0.19418,0.0000,0.0000,0.348,-0.03674,3.9022,0.440433,0.440808,-0.043463,1,-0.043463
1.4883,move->d,none,1.1057,0.440215,-0.016631,-0.500565,-0.001565,1.533187,0.019451,1.087807,1.562700,0.440808,-0.016633,-0.536287,-0.001833,1.595859,0.019548,1.061509,1.561564,0.199080,0.040853,0.379472,3.129735,-0.550096,-3.139213,0.02729,-0.04306,0.04836,0.00105,-0.00061,0.00074,0.02729,-0.04306,0.04836,0.00105,-0.00061,0.00074,-0.00212,-0.00128,0.01245,0.00620,0.05245,-0.00941,6.161,3.4972,0.00006,0,0,0,0,0.100,1.007,0.364,nan,nan,nan,nan,nan,nan,nan,nan,nan,0,0.005434,0.000688,0.105,0.952,0.267,nan,nan,nan,nan,nan,nan,nan,nan,nan,-0.009518,nan,nan,nan,0,0,0,0,1.0000,1.0000,0.12586,0.40401,0.4355,0.19614,0.0000,0.0000,0.351,-0.03652,3.8892,0.440215,0.440808,-0.043549,1,-0.043549
1.4939,move->d,none,1.1107,0.439997,-0.016632,-0.499625,-0.001560,1.531549,0.019449,1.088504,1.562720,0.440808,-0.016598,-0.535572,-0.001780,1.594585,0.019548,1.061771,1.561529,0.199235,0.040867,0.379712,3.129812,-0.549800,-3.139152,0.02723,-0.04360,0.04833,0.00119,-0.00002,0.00055,0.02723,-0.04360,0.04833,0.00119,-0.00002,0.00055,0.02780,0.00253,0.04300,-0.01177,-0.05327,0.01829,6.096,3.5179,0.00006,0,0,0,0,0.113,1.017,0.375,nan,nan,nan,nan,nan,nan,nan,nan,nan,0,0.005552,0.000707,0.326,1.169,0.620,nan,nan,nan,nan,nan,nan,nan,nan,nan,-0.051163,nan,nan,nan,0,0,0,0,1.0000,1.0000,0.12576,0.40508,0.4363,0.19812,0.0000,0.0000,0.352,-0.03630,3.8755,0.439997,0.440808,-0.043632,1,-0.043632
1.4998,move->d,none,1.1157,0.439778,-0.016633,-0.498683,-0.001566,1.529905,0.019454,1.089205,1.562729,0.440808,-0.016598,-0.534874,-0.001780,1.593468,0.019548,1.062225,1.561529,0.199339,0.040865,0.379874,3.129818,-0.549835,-3.139147,0.02728,-0.04411,0.04845,0.00121,-0.00009,0.00054,0.02728,-0.04411,0.04845,0.00121,-0.00009,0.00054,0.01893,-0.00030,0.02954,-0.00087,0.00636,0.00130,6.130,3.5477,0.00006,0,0,0,0,0.139,1.035,0.402,nan,nan,nan,nan,nan,nan,nan,nan,nan,0,0.005967,0.001137,0.326,1.169,0.620,nan,nan,nan,nan,nan,nan,nan,nan,nan,-0.035081,nan,nan,nan,0,0,0,0,1.0000,1.0000,0.12566,0.40631,0.4371,0.20010,0.0000,0.0000,0.355,-0.03608,3.8610,0.439778,0.440022,-0.043712,1,-0.043712
1.5060,move->d,none,1.1207,0.439559,-0.016633,-0.497740,-0.001545,1.528259,0.019443,1.089905,1.562770,0.440022,-0.016598,-0.534088,-0.001780,1.592124,0.019530,1.062940,1.561529,0.199426,0.040073,0.380056,3.129841,-0.549992,-3.139157,0.02735,-0.04303,0.04854,0.00125,-0.00040,0.00055,0.02735,-0.04303,0.04854,0.00125,-0.00040,0.00055,0.01422,-0.13006,0.02981,-0.00335,0.02583,0.00050,6.135,3.5649,0.00006,0,0,0,0,0.152,1.056,0.422,nan,nan,nan,nan,nan,nan,nan,nan,nan,0,0.006190,0.001248,0.131,1.162,0.461,nan,nan,nan,nan,nan,nan,nan,nan,nan,-0.034205,nan,nan,nan,0,0,0,0,1.0000,1.0000,0.12556,0.40690,0.4379,0.20209,0.0000,0.0000,0.352,-0.03587,3.8457,0.439559,0.440022,-0.043789,1,-0.043789
1.5119,move->d,none,1.1257,0.439340,-0.016634,-0.496792,-0.001534,1.526604,0.019437,1.090607,1.562798,0.440022,-0.016581,-0.533704,-0.001763,1.591374,0.019548,1.063569,1.561564,0.199424,0.040088,0.380134,3.129801,-0.550254,-3.139102,0.02761,-0.04357,0.04882,0.00119,-0.00092,0.00049,0.02761,-0.04357,0.04882,0.00119,-0.00092,0.00049,-0.00021,0.00255,0.01340,0.00582,0.04454,0.00568,6.283,3.6162,0.00006,0,0,0,0,0.152,1.049,0.425,nan,nan,nan,nan,nan,nan,nan,nan,nan,0,0.005839,0.001200,0.093,0.855,0.357,nan,nan,nan,nan,nan,nan,nan,nan,nan,-0.011283,nan,nan,nan,0,0,0,0,1.0000,1.0000,0.12545,0.40886,0.4386,0.20408,0.0000,0.0000,0.355,-0.03565,3.8297,0.439340,0.440022,-0.043864,1,-0.043864
1.5177,move->d,none,1.1307,0.439120,-0.016635,-0.495846,-0.001533,1.524958,0.019438,1.091301,1.562814,0.440022,-0.016633,-0.533128,-0.001780,1.590362,0.019583,1.064145,1.561529,0.199481,0.040078,0.380269,3.129793,-0.550393,-3.139121,0.02774,-0.04406,0.04900,0.00118,-0.00120,0.00054,0.02774,-0.04406,0.04900,0.00118,-0.00120,0.00054,0.00936,-0.00167,0.02232,0.00094,0.02307,-0.00375,6.361,3.6530,0.00052,0,0,0,0,0.146,1.035,0.416,nan,nan,nan,nan,nan,nan,nan,nan,nan,0,0.005851,0.001036,0.069,0.926,0.286,nan,nan,nan,nan,nan,nan,nan,nan,nan,-0.023935,nan,nan,nan,0,0,0,0,1.0000,1.0000,0.12535,0.40675,0.4394,0.20608,0.0000,0.0000,0.356,-0.03543,3.8130,0.439120,0.440022,-0.043935,1,-0.043935
1.5235,move->d,none,1.1357,0.438900,-0.016637,-0.494930,-0.001542,1.523383,0.019446,1.091948,1.562818,0.440022,-0.016633,-0.533128,-0.001780,1.590362,0.019583,1.064145,1.561529,0.199481,0.040078,0.380269,3.129793,-0.550393,-3.139121,0.02799,-0.04456,0.04944,0.00119,-0.00120,0.00055,0.02799,-0.04456,0.04944,0.00119,-0.00120,0.00055,0.00000,0.00000,0.00000,0.00000,0.00000,0.00000,6.592,3.7474,0.00333,0,0,0,0,0.144,1.033,0.397,nan,nan,nan,nan,nan,nan,nan,nan,nan,0,0.005754,0.000622,0.170,1.087,0.244,nan,nan,nan,nan,nan,nan,nan,nan,nan,0.000000,nan,nan,nan,0,0,0,0,1.0000,1.0000,0.12525,0.38910,0.4400,0.20807,0.0000,0.0000,0.349,-0.03521,3.7955,0.438900,0.440022,-0.044004,1,-0.044004
1.5298,move->d,none,1.1407,0.438680,-0.016639,-0.494023,-0.001561,1.521827,0.019460,1.092588,1.562809,0.440022,-0.016581,-0.531592,-0.001780,1.587848,0.019583,1.064930,1.561529,0.199754,0.040084,0.380675,3.129810,-0.550201,-3.139065,0.02769,-0.04507,0.04906,0.00122,-0.00082,0.00043,0.02769,-0.04507,0.04906,0.00122,-0.00082,0.00043,0.04702,0.00099,0.06992,-0.00231,-0.03306,0.01105,6.344,3.6936,0.00360,0,0,0,0,0.154,1.029,0.386,nan,nan,nan,nan,nan,nan,nan,nan,nan,0,0.006301,0.001116,0.255,1.008,0.392,nan,nan,nan,nan,nan,nan,nan,nan,nan,-0.084169,nan,nan,nan,0,0,0,0,1.0000,1.0000,0.12515,0.38486,0.4407,0.20998,0.0000,0.0000,0.348,-0.03499,3.7774,0.438680,0.438795,-0.044070,1,-0.044070
1.5357,move->d,none,1.1457,0.438459,-0.016640,-0.493147,-0.001533,1.520344,0.019446,1.093180,1.562855,0.438795,-0.016581,-0.531592,-0.001780,1.587848,0.019583,1.064930,1.561529,0.199754,0.038857,0.380675,3.129810,-0.550201,-3.139065,0.02794,-0.04312,0.04950,0.00123,-0.00082,0.00044,0.02794,-0.04312,0.04950,0.00123,-0.00082,0.00044,0.00000,-0.20453,0.00000,0.00000,0.00000,0.00000,6.529,3.7827,0.00643,0,0,0,0,0.144,1.014,0.369,nan,nan,nan,nan,nan,nan,nan,nan,nan,0,0.005959,0.001061,-0.018,0.875,0.251,nan,nan,nan,nan,nan,nan,nan,nan,nan,-0.002140,nan,nan,nan,0,0,0,0,1.0000,1.0000,0.12505,0.36704,0.4413,0.21186,0.0000,0.0000,0.334,-0.03477,3.7585,0.438459,0.438795,-0.044134,1,-0.044134
1.5413,move->d,none,1.1507,0.438238,-0.016641,-0.492285,-0.001515,1.518891,0.019439,1.093752,1.562888,0.438795,-0.016633,-0.530371,-0.001763,1.585701,0.019583,1.066065,1.561529,0.199889,0.038849,0.380972,3.129830,-0.550410,-3.139095,0.02791,-0.04360,0.04934,0.00127,-0.00124,0.00049,0.02791,-0.04360,0.04934,0.00127,-0.00124,0.00049,0.02239,-0.00133,0.04898,-0.00295,0.03462,-0.00312,6.417,3.7447,0.00718,0,0,0,0,0.140,1.009,0.371,nan,nan,nan,nan,nan,nan,nan,nan,nan,0,0.005622,0.000655,0.158,1.041,0.492,nan,nan,nan,nan,nan,nan,nan,nan,nan,-0.053463,nan,nan,nan,0,0,0,0,1.0000,1.0000,0.12496,0.35960,0.4419,0.21365,0.0000,0.0000,0.333,-0.03455,3.7389,0.438238,0.438795,-0.044194,1,-0.044194
1.5470,move->d,none,1.1557,0.438017,-0.016643,-0.491453,-0.001507,1.517513,0.019439,1.094275,1.562908,0.438795,-0.016633,-0.530371,-0.001763,1.585701,0.019583,1.066065,1.561529,0.199889,0.038849,0.380972,3.129830,-0.550410,-3.139095,0.02816,-0.04410,0.04977,0.00127,-0.00124,0.00050,0.02816,-0.04410,0.04977,0.00127,-0.00124,0.00050,0.00000,0.00000,0.00000,0.00000,0.00000,0.00000,6.638,3.8280,0.01006,0,0,0,0,0.148,1.019,0.378,nan,nan,nan,nan,nan,nan,nan,nan,nan,0,0.005675,0.001090,0.269,1.171,0.441,nan,nan,nan,nan,nan,nan,nan,nan,nan,0.000000,nan,nan,nan,0,0,0,0,1.0000,1.0000,0.12487,0.34137,0.4425,0.21541,0.0000,0.0000,0.327,-0.03433,3.7187,0.438017,0.438795,-0.044252,1,-0.044252
1.5529,move->d,none,1.1607,0.437796,-0.016646,-0.490625,-0.001509,1.516144,0.019444,1.094798,1.562917,0.438795,-0.016563,-0.529027,-0.001763,1.583014,0.019583,1.066902,1.561529,0.200140,0.038859,0.381466,3.129854,-0.549904,-3.139025,0.02790,-0.04461,0.04921,0.00132,-0.00023,0.00034,0.02790,-0.04461,0.04921,0.00132,-0.00023,0.00034,0.04276,0.00165,0.08418,-0.00329,-0.08637,0.01407,6.314,3.7529,0.00997,0,0,0,0,0.158,1.018,0.384,nan,nan,nan,nan,nan,nan,nan,nan,nan,0,0.005850,0.001080,0.211,0.943,0.410,nan,nan,nan,nan,nan,nan,nan,nan,nan,-0.094097,nan,nan,nan,0,0,0,0,1.0000,1.0000,0.12479,0.33958,0.4431,0.21708,0.0000,0.0000,0.327,-0.03410,3.6977,0.437796,0.437961,-0.044307,1,-0.044307
1.5589,move->d,none,1.1657,0.437574,-0.016647,-0.489813,-0.001483,1.514812,0.019432,1.095292,1.562959,0.437961,-0.016581,-0.528660,-0.001745,1.582507,0.019583,1.067635,1.561529,0.200097,0.038027,0.381451,3.129859,-0.550498,-3.139017,0.02822,-0.04344,0.04967,0.00133,-0.00141,0.00033,0.02822,-0.04344,0.04967,0.00133,-0.00141,0.00033,-0.00749,-0.14631,-0.00250,-0.00101,0.10440,0.00181,6.561,3.8023,0.01145,0,0,0,0,0.161,1.015,0.389,nan,nan,nan,nan,nan,nan,nan,nan,nan,0,0.005989,0.001364,0.140,0.990,0.404,nan,nan,nan,nan,nan,nan,nan,nan,nan,0.004533,nan,nan,nan,0,0,0,0,1.0000,1.0000,0.12470,0.33051,0.4436,0.21873,0.0000,0.0000,0.320,-0.03388,3.6761,0.437574,0.437961,-0.044359,1,-0.044359
1.5648,move->d,none,1.1707,0.437352,-0.016648,-0.489003,-0.001467,1.513485,0.019427,1.095784,1.562989,0.437961,-0.016563,-0.527613,-0.001815,1.580570,0.019583,1.068333,1.561529,0.200272,0.038011,0.381777,3.129832,-0.550305,-3.139035,0.02812,-0.04389,0.04945,0.00129,-0.00103,0.00040,0.02812,-0.04389,0.04945,0.00129,-0.00103,0.00040,0.02826,-0.00267,0.05280,0.00377,-0.03122,-0.00521,6.408,3.7677,0.01150,0,0,0,0,0.170,1.024,0.382,nan,nan,nan,nan,nan,nan,nan,nan,nan,0,0.005973,0.001171,0.239,1.133,0.282,nan,nan,nan,nan,nan,nan,nan,nan,nan,-0.059811,nan,nan,nan,0,0,0,0,1.0000,1.0000,0.12462,0.32909,0.4441,0.22035,0.0000,0.0000,0.321,-0.03366,3.6539,0.437352,0.437961,-0.044409,1,-0.044409
1.5707,move->d,none,1.1757,0.437129,-0.016651,-0.488205,-0.001461,1.512189,0.019428,1.096255,1.563006,0.437961,-0.016598,-0.527299,-0.001763,1.579994,0.019600,1.068700,1.561564,0.200295,0.038023,0.381850,3.129813,-0.550410,-3.139018,0.02831,-0.04441,0.04972,0.00126,-0.00124,0.00040,0.02831,-0.04441,0.04972,0.00126,-0.00124,0.00040,0.00392,0.00211,0.01234,0.00278,0.01778,0.00115,6.556,3.8107,0.01275,0,0,0,0,0.172,1.031,0.379,nan,nan,nan,nan,nan,nan,nan,nan,nan,0,0.005914,0.001181,0.151,1.058,0.393,nan,nan,nan,nan,nan,nan,nan,nan,nan,-0.012543,nan,nan,nan,0,0,0,0,1.0000,1.0000,0.12453,0.32179,0.4446,0.22195,0.0000,0.0000,0.320,-0.03344,3.6310,0.437129,0.437961,-0.044455,1,-0.044455
1.5779,move->d,none,1.1807,0.436907,-0.016654,-0.487389,-0.001465,1.510844,0.019435,1.096764,1.563012,0.437961,-0.016528,-0.525414,-0.001763,1.576591,0.019583,1.069677,1.561529,0.200653,0.038024,0.382449,3.129893,-0.549869,-3.138966,0.02783,-0.04489,0.04895,0.00140,-0.00016,0.00022,0.02783,-0.04489,0.04895,0.00140,-0.00016,0.00022,0.04666,0.00012,0.07786,-0.00873,-0.07040,0.01222,6.090,3.6900,0.01062,0,0,0,0,0.168,1.025,0.405,nan,nan,nan,nan,nan,nan,nan,nan,nan,0,0.007201,0.000707,0.126,0.945,0.611,nan,nan,nan,nan,nan,nan,nan,nan,nan,-0.090766,nan,nan,nan,0,0,0,0,1.0000,1.0000,0.12445,0.33372,0.4450,0.22352,0.0000,0.0000,0.325,-0.03322,3.6075,0.436907,0.437961,-0.044499,1,-0.044499
1.5836,move->d,none,1.1857,0.436684,-0.016657,-0.486563,-0.001480,1.509480,0.019449,1.097282,1.563007,0.437961,-0.016650,-0.524873,-0.001780,1.575753,0.019583,1.070323,1.561511,0.200678,0.037994,0.382521,3.129900,-0.550218,-3.139087,0.02802,-0.04531,0.04923,0.00142,-0.00085,0.00046,0.02802,-0.04531,0.04923,0.00142,-0.00085,0.00046,0.00468,-0.00573,0.01370,-0.00131,0.06608,-0.02223,6.251,3.7190,0.01021,0,0,0,0,0.161,1.027,0.414,nan,nan,nan,nan,nan,nan,nan,nan,nan,0,0.005694,0.001109,0.106,1.081,0.388,nan,nan,nan,nan,nan,nan,nan,nan,nan,-0.014181,nan,nan,nan,0,0,0,0,1.0000,1.0000,0.12437,0.33831,0.4454,0.22515,0.0000,0.0000,0.329,-0.03299,3.5833,0.436684,0.436810,-0.044539,1,-0.044539
1.5896,move->d,none,1.1907,0.436461,-0.016657,-0.485732,-0.001450,1.508101,0.019435,1.097811,1.563053,0.436810,-0.016633,-0.524105,-0.001815,1.574409,0.019583,1.070655,1.561529,0.200833,0.036836,0.382760,3.129873,-0.549974,-3.139090,0.02794,-0.04348,0.04916,0.00138,-0.00036,0.00050,0.02794,-0.04348,0.04916,0.00138,-0.00036,0.00050,0.02810,-0.21013,0.04340,0.00426,-0.04435,-0.00311,6.168,3.7202,0.00980,0,0,0,0,0.150,1.027,0.407,nan,nan,nan,nan,nan,nan,nan,nan,nan,0,0.005963,0.001562,0.072,1.012,0.277,nan,nan,nan,nan,nan,nan,nan,nan,nan,-0.053869,nan,nan,nan,0,0,0,0,1.0000,1.0000,0.12428,0.34201,0.4458,0.22680,0.0000,0.0000,0.323,-0.03277,3.5586,0.436461,0.436810,-0.044577,1,-0.044577
1.5955,move->d,none,1.1957,0.436238,-0.016659,-0.484896,-0.001431,1.506709,0.019427,1.098348,1.563087,0.436810,-0.016598,-0.523267,-0.001780,1.572961,0.019583,1.071335,1.561529,0.200942,0.036849,0.382968,3.129901,-0.550044,-3.139029,0.02796,-0.04398,0.04916,0.00143,-0.00051,0.00036,0.02796,-0.04398,0.04916,0.00143,-0.00051,0.00036,0.01632,0.00208,0.03114,-0.00361,0.01048,0.01138,6.146,3.7162,0.00940,0,0,0,0,0.146,1.032,0.416,nan,nan,nan,nan,nan,nan,nan,nan,nan,0,0.005919,0.000813,0.169,1.084,0.554,nan,nan,nan,nan,nan,nan,nan,nan,nan,-0.035061,nan,nan,nan,0,0,0,0,1.0000,1.0000,0.12419,0.34510,0.4461,0.22847,0.0000,0.0000,0.326,-0.03255,3.5333,0.436238,0.436810,-0.044613,1,-0.044613
1.6017,move->d,none,1.2007,0.436015,-0.016661,-0.484064,-0.001423,1.505327,0.019427,1.098875,1.563109,0.436810,-0.016581,-0.522726,-0.001763,1.572158,0.019548,1.071929,1.561529,0.200973,0.036849,0.383036,3.129947,-0.550376,-3.139028,0.02813,-0.04445,0.04944,0.00152,-0.00117,0.00032,0.02813,-0.04445,0.04944,0.00152,-0.00117,0.00032,0.00534,-0.00009,0.01150,-0.00669,0.05620,0.00424,6.293,3.7499,0.00995,0,0,0,0,0.141,1.035,0.392,nan,nan,nan,nan,nan,nan,nan,nan,nan,0,0.006176,0.001047,0.117,1.041,0.108,nan,nan,nan,nan,nan,nan,nan,nan,nan,-0.012597,nan,nan,nan,0,0,0,0,1.0000,1.0000,0.12411,0.34230,0.4464,0.23015,0.0000,0.0000,0.327,-0.03233,3.5074,0.436015,0.436810,-0.044645,1,-0.044645
1.6073,move->d,none,1.2057,0.435792,-0.016663,-0.483234,-0.001424,1.503951,0.019432,1.099402,1.563120,0.436810,-0.016581,-0.521836,-0.001833,1.570692,0.019600,1.072348,1.561529,0.201139,0.036841,0.383278,3.129863,-0.550218,-3.139012,0.02803,-0.04491,0.04937,0.00138,-0.00085,0.00038,0.02803,-0.04491,0.04937,0.00138,-0.00085,0.00038,0.03126,-0.00148,0.04550,0.01352,-0.02981,-0.00532,6.230,3.7451,0.01011,0,0,0,0,0.149,1.043,0.383,nan,nan,nan,nan,nan,nan,nan,nan,nan,0,0.005618,0.001367,0.269,1.117,0.416,nan,nan,nan,nan,nan,nan,nan,nan,nan,-0.055144,nan,nan,nan,0,0,0,0,1.0000,1.0000,0.12402,0.34118,0.4467,0.23182,0.0000,0.0000,0.328,-0.03210,3.4809,0.435792,0.435831,-0.044674,1,-0.044674
1.6136,move->d,none,1.2107,0.435568,-0.016663,-0.482395,-0.001391,1.502545,0.019415,1.099948,1.563172,0.435831,-0.016633,-0.520440,-0.001780,1.568388,0.019583,1.073255,1.561529,0.201354,0.035857,0.383621,3.129924,-0.550218,-3.139046,0.02783,-0.04341,0.04909,0.00149,-0.00085,0.00040,0.02783,-0.04341,0.04909,0.00149,-0.00085,0.00040,0.03075,-0.14073,0.04903,-0.00747,0.00009,-0.00021,6.054,3.6920,0.00894,0,0,0,0,0.159,1.039,0.376,nan,nan,nan,nan,nan,nan,nan,nan,nan,0,0.006240,0.000604,0.205,0.951,0.360,nan,nan,nan,nan,nan,nan,nan,nan,nan,-0.059320,nan,nan,nan,0,0,0,0,1.0000,1.0000,0.12393,0.34823,0.4470,0.23348,0.0000,0.0000,0.326,-0.03188,3.4539,0.435568,0.435831,-0.044701,1,-0.044701
1.6189,move->d,none,1.2157,0.435345,-0.016664,-0.481555,-0.001367,1.501136,0.019404,1.100493,1.563212,0.435831,-0.016563,-0.519846,-0.001815,1.567498,0.019583,1.073953,1.561564,0.201381,0.035866,0.383692,3.129868,-0.550619,-3.138983,0.02801,-0.04389,0.04936,0.00140,-0.00166,0.00034,0.02801,-0.04389,0.04936,0.00140,-0.00166,0.00034,0.00491,0.00150,0.01292,0.00851,0.07331,0.00602,6.189,3.7215,0.00901,0,0,0,0,0.162,1.036,0.363,nan,nan,nan,nan,nan,nan,nan,nan,nan,0,0.005387,0.000547,0.143,1.034,0.246,nan,nan,nan,nan,nan,nan,nan,nan,nan,-0.013557,nan,nan,nan,0,0,0,0,1.0000,1.0000,0.12384,0.34878,0.4472,0.23518,0.0000,0.0000,0.328,-0.03166,3.4263,0.435345,0.435831,-0.044724,1,-0.044724
1.6249,move->d,none,1.2207,0.435121,-0.016665,-0.480709,-0.001354,1.499715,0.019400,1.101048,1.563241,0.435831,-0.016633,-0.518974,-0.001815,1.565822,0.019548,1.074494,1.561564,0.201539,0.035841,0.383987,3.129918,-0.550358,-3.139089,0.02792,-0.04431,0.04917,0.00149,-0.00113,0.00050,0.02792,-0.04431,0.04917,0.00149,-0.00113,0.00050,0.02976,-0.00470,0.05570,-0.00786,-0.04931,-0.01494,6.073,3.7062,0.00856,0,0,0,0,0.166,1.035,0.372,nan,nan,nan,nan,nan,nan,nan,nan,nan,0,0.005957,0.001188,0.194,1.035,0.552,nan,nan,nan,nan,nan,nan,nan,nan,nan,-0.063082,nan,nan,nan,0,0,0,0,1.0000,1.0000,0.12375,0.35187,0.4475,0.23688,0.0000,0.0000,0.330,-0.03143,3.3982,0.435121,0.435831,-0.044745,1,-0.044745
1.6315,move->d,none,1.2257,0.434897,-0.016668,-0.479869,-0.001351,1.498310,0.019402,1.101590,1.563256,0.435831,-0.016598,-0.518555,-0.001815,1.565124,0.019583,1.074931,1.561564,0.201574,0.035855,0.384068,3.129885,-0.550515,-3.139011,0.02808,-0.04480,0.04941,0.00144,-0.00145,0.00039,0.02808,-0.04480,0.04941,0.00144,-0.00145,0.00039,0.00496,0.00210,0.01150,0.00400,0.02225,0.00846,6.211,3.7477,0.00932,0,0,0,0,0.159,1.021,0.375,nan,nan,nan,nan,nan,nan,nan,nan,nan,0,0.006559,0.000710,0.067,0.900,0.352,nan,nan,nan,nan,nan,nan,nan,nan,nan,-0.012376,nan,nan,nan,0,0,0,0,1.0000,1.0000,0.12366,0.34777,0.4476,0.23860,0.0000,0.0000,0.330,-0.03121,3.3696,0.434897,0.435831,-0.044763,1,-0.044763
1.6375,move->d,none,1.2307,0.434673,-0.016671,-0.479027,-0.001358,1.496898,0.019412,1.102144,1.563260,0.435831,-0.016581,-0.517473,-0.001833,1.563169,0.019548,1.075245,1.561529,0.201825,0.035839,0.384446,3.129964,-0.549957,-3.139046,0.02780,-0.04523,0.04906,0.00158,-0.00033,0.00039,0.02780,-0.04523,0.04906,0.00158,-0.00033,0.00039,0.04418,-0.00287,0.06633,-0.01164,-0.09807,0.00120,5.992,3.7162,0.00894,0,0,0,0,0.153,1.015,0.365,nan,nan,nan,nan,nan,nan,nan,nan,nan,0,0.006073,0.001075,0.140,1.035,0.247,nan,nan,nan,nan,nan,nan,nan,nan,nan,-0.079662,nan,nan,nan,0,0,0,0,1.0000,1.0000,0.12357,0.34985,0.4478,0.24030,0.0000,0.0000,0.331,-0.03098,3.3405,0.434673,0.435014,-0.044778,1,-0.044778
1.6438,move->d,none,1.2357,0.434449,-0.016672,-0.478184,-0.001338,1.495480,0.019402,1.102699,1.563298,0.435014,-0.016563,-0.516565,-0.001833,1.561756,0.019583,1.075961,1.561529,0.201935,0.035033,0.384622,3.129933,-0.550166,-3.138984,0.02780,-0.04407,0.04911,0.00153,-0.00075,0.00030,0.02780,-0.04407,0.04911,0.00153,-0.00075,0.00030,0.01770,-0.12947,0.02827,0.00410,0.03352,0.00746,5.993,3.7161,0.00878,0,0,0,0,0.155,1.014,0.373,nan,nan,nan,nan,nan,nan,nan,nan,nan,0,0.006308,0.001160,0.196,1.030,0.506,nan,nan,nan,nan,nan,nan,nan,nan,nan,-0.034681,nan,nan,nan,0,0,0,0,1.0000,1.0000,0.12349,0.35102,0.4479,0.24200,0.0000,0.0000,0.328,-0.03076,3.3109,0.434449,0.435014,-0.044791,1,-0.044791
1.6496,move->d,none,1.2407,0.434225,-0.016673,-0.477345,-0.001327,1.494075,0.019400,1.103245,1.563323,0.435014,-0.016633,-0.516076,-0.001868,1.560796,0.019600,1.076589,1.561529,0.201966,0.035014,0.384746,3.129900,-0.550322,-3.139047,0.02797,-0.04448,0.04925,0.00148,-0.00106,0.00047,0.02797,-0.04448,0.04925,0.00148,-0.00106,0.00047,0.00489,-0.00305,0.02011,0.00456,0.02530,-0.01311,6.091,3.7423,0.00931,0,0,0,0,0.159,1.015,0.388,nan,nan,nan,nan,nan,nan,nan,nan,nan,0,0.005711,0.000707,0.196,1.030,0.505,nan,nan,nan,nan,nan,nan,nan,nan,nan,-0.019727,nan,nan,nan,0,0,0,0,1.0000,1.0000,0.12340,0.34797,0.4480,0.24371,0.0000,0.0000,0.329,-0.03054,3.2808,0.434225,0.435014,-0.044800,1,-0.044800
1.6560,move->d,none,1.2457,0.434001,-0.016676,-0.476515,-0.001326,1.492690,0.019405,1.103778,1.563335,0.435014,-0.016598,-0.515378,-0.001885,1.559696,0.019600,1.077043,1.561529,0.202069,0.035015,0.384900,3.129895,-0.550374,-3.139018,0.02798,-0.04494,0.04934,0.00148,-0.00117,0.00043,0.02798,-0.04494,0.04934,0.00148,-0.00117,0.00043,0.01776,0.00018,0.02632,0.00068,0.00896,0.00460,6.134,3.7598,0.01004,0,0,0,0,0.164,1.021,0.385,nan,nan,nan,nan,nan,nan,nan,nan,nan,0,0.006438,0.001340,0.186,1.070,0.281,nan,nan,nan,nan,nan,nan,nan,nan,nan,-0.031717,nan,nan,nan,0,0,0,0,1.0000,1.0000,0.12331,0.34308,0.4481,0.24541,0.0000,0.0000,0.328,-0.03031,3.2503,0.434001,0.435014,-0.044806,1,-0.044806
1.6617,move->d,none,1.2507,0.433777,-0.016680,-0.475690,-0.001337,1.491314,0.019417,1.104305,1.563335,0.435014,-0.016633,-0.514541,-0.001833,1.558178,0.019600,1.077654,1.561529,0.202197,0.035019,0.385139,3.129936,-0.550305,-3.139019,0.02795,-0.04539,0.04925,0.00155,-0.00103,0.00040,0.02795,-0.04539,0.04925,0.00155,-0.00103,0.00040,0.02172,0.00065,0.04071,-0.00585,-0.01180,0.00344,6.100,3.7522,0.01033,0,0,0,0,0.168,1.028,0.375,nan,nan,nan,nan,nan,nan,nan,nan,nan,0,0.005756,0.001181,0.186,1.070,0.281,nan,nan,nan,nan,nan,nan,nan,nan,nan,-0.046047,nan,nan,nan,0,0,0,0,1.0000,1.0000,0.12322,0.34068,0.4481,0.24708,0.0000,0.0000,0.329,-0.03009,3.2193,0.433777,0.435014,-0.044810,1,-0.044810
1.6680,move->d,none,1.2557,0.433553,-0.016684,-0.474847,-0.001358,1.489892,0.019435,1.104869,1.563323,0.435014,-0.016598,-0.512743,-0.001815,1.555228,0.019600,1.078613,1.561564,0.202511,0.035027,0.385602,3.129930,-0.550113,-3.138970,0.02754,-0.04585,0.04871,0.00154,-0.00064,0.00031,0.02754,-0.04585,0.04871,0.00154,-0.00064,0.00031,0.05045,0.00141,0.07428,0.00086,-0.03076,0.00744,5.790,3.6620,0.00836,0,0,0,0,0.168,1.039,0.365,nan,nan,nan,nan,nan,nan,nan,nan,nan,0,0.006252,0.001203,0.149,1.109,0.320,nan,nan,nan,nan,nan,nan,nan,nan,nan,-0.089678,nan,nan,nan,0,0,0,0,1.0000,1.0000,0.12313,0.35221,0.4481,0.24874,0.0000,0.0000,0.334,-0.02986,3.1879,0.433553,0.434027,-0.044811,1,-0.044811
1.6742,move->d,none,1.2607,0.433329,-0.016685,-0.473999,-0.001343,1.488449,0.019429,1.105444,1.563355,0.434027,-0.016633,-0.511905,-0.001815,1.554251,0.019548,1.078997,1.561511,0.202638,0.034014,0.385697,3.130035,-0.550359,-3.139053,0.02750,-0.04427,0.04891,0.00173,-0.00113,0.00037,0.02750,-0.04427,0.04891,0.00173,-0.00113,0.00037,0.02120,-0.16896,0.01573,-0.01509,0.04087,-0.00467,5.822,3.6875,0.00785,0,0,0,0,0.162,1.041,0.399,nan,nan,nan,nan,nan,nan,nan,nan,nan,0,0.006163,0.001442,0.099,1.006,0.787,nan,nan,nan,nan,nan,nan,nan,nan,nan,-0.026217,nan,nan,nan,0,0,0,0,1.0000,1.0000,0.12304,0.35697,0.4481,0.25046,0.0000,0.0000,0.331,-0.02964,3.1561,0.433329,0.434027,-0.044809,1,-0.044809
1.6808,move->d,none,1.2657,0.433105,-0.016687,-0.473147,-0.001338,1.487004,0.019431,1.106016,1.563375,0.434027,-0.016581,-0.511556,-0.001815,1.553221,0.019583,1.079835,1.561564,0.202615,0.034038,0.385841,3.129954,-0.550515,-3.138954,0.02776,-0.04476,0.04900,0.00160,-0.00145,0.00027,0.02776,-0.04476,0.04900,0.00160,-0.00145,0.00027,-0.00329,0.00339,0.02058,0.00981,0.02233,0.00807,5.932,3.7112,0.00794,0,0,0,0,0.125,1.020,0.399,nan,nan,nan,nan,nan,nan,nan,nan,nan,0,0.006663,0.001027,-0.161,0.831,0.234,nan,nan,nan,nan,nan,nan,nan,nan,nan,-0.015788,nan,nan,nan,0,0,0,0,1.0000,1.0000,0.12295,0.35719,0.4480,0.25220,0.0000,0.0000,0.333,-0.02942,3.1239,0.433105,0.434027,-0.044804,1,-0.044804
1.6867,move->d,none,1.2707,0.432881,-0.016690,-0.472288,-0.001344,1.485546,0.019438,1.106601,1.563382,0.434027,-0.016598,-0.510648,-0.001833,1.551406,0.019600,1.080306,1.561564,0.202802,0.034031,0.386183,3.129944,-0.550078,-3.138966,0.02760,-0.04518,0.04870,0.00158,-0.00057,0.00031,0.02760,-0.04518,0.04870,0.00158,-0.00057,0.00031,0.03013,-0.00115,0.05525,0.00154,-0.07052,-0.00276,5.776,3.6899,0.00737,0,0,0,0,0.118,1.003,0.410,nan,nan,nan,nan,nan,nan,nan,nan,nan,0,0.005877,0.000714,0.225,0.924,0.532,nan,nan,nan,nan,nan,nan,nan,nan,nan,-0.062859,nan,nan,nan,0,0,0,0,1.0000,1.0000,0.12286,0.36095,0.4480,0.25395,0.0000,0.0000,0.335,-0.02919,3.0913,0.432881,0.434027,-0.044796,1,-0.044796
1.6929,move->d,none,1.2757,0.432657,-0.016694,-0.471431,-0.001360,1.484087,0.019453,1.107189,1.563377,0.434027,-0.016633,-0.509880,-0.001780,1.550254,0.019600,1.080516,1.561529,0.202965,0.034031,0.386374,3.130017,-0.549904,-3.138972,0.02749,-0.04561,0.04870,0.00171,-0.00023,0.00026,0.02749,-0.04561,0.04870,0.00171,-0.00023,0.00026,0.02685,0.00003,0.03149,-0.01018,-0.02871,0.00523,5.771,3.7075,0.00745,0,0,0,0,0.117,1.006,0.363,nan,nan,nan,nan,nan,nan,nan,nan,nan,0,0.006208,0.000870,0.154,1.122,-0.152,nan,nan,nan,nan,nan,nan,nan,nan,nan,-0.040877,nan,nan,nan,0,0,0,0,1.0000,1.0000,0.12276,0.36103,0.4479,0.25571,0.0000,0.0000,0.336,-0.02897,3.0583,0.432657,0.434027,-0.044785,1,-0.044785
1.6990,move->d,none,1.2807,0.432433,-0.016699,-0.470574,-0.001386,1.482629,0.019475,1.107777,1.563360,0.434027,-0.016581,-0.508990,-0.001815,1.548788,0.019600,1.081162,1.561511,0.203089,0.034030,0.386579,3.130022,-0.549974,-3.138933,0.02745,-0.04604,0.04866,0.00172,-0.00037,0.00018,0.02745,-0.04604,0.04866,0.00172,-0.00037,0.00018,0.02055,-0.00023,0.03377,-0.00073,0.01144,0.00678,5.782,3.7071,0.00742,0,0,0,0,0.133,1.015,0.354,nan,nan,nan,nan,nan,nan,nan,nan,nan,0,0.006055,0.000829,0.294,1.099,0.510,nan,nan,nan,nan,nan,nan,nan,nan,nan,-0.039528,nan,nan,nan,0,0,0,0,1.0000,1.0000,0.12267,0.36106,0.4477,0.25747,0.0000,0.0000,0.337,-0.02874,3.0250,0.432433,0.434027,-0.044772,1,-0.044772
1.7048,move->d,none,1.2857,0.432209,-0.016706,-0.469739,-0.001423,1.481223,0.019504,1.108331,1.563330,0.434027,-0.016581,-0.508990,-0.001815,1.548788,0.019600,1.081162,1.561511,0.203089,0.034030,0.386579,3.130022,-0.549974,-3.138933,0.02766,-0.04647,0.04903,0.00173,-0.00037,0.00019,0.02766,-0.04647,0.04903,0.00173,-0.00037,0.00019,0.00000,0.00000,0.00000,0.00000,0.00000,0.00000,6.037,3.7906,0.00951,0,0,0,0,0.138,1.015,0.338,nan,nan,nan,nan,nan,nan,nan,nan,nan,0,0.005797,0.001339,0.102,0.955,0.213,nan,nan,nan,nan,nan,nan,nan,nan,nan,0.000000,nan,nan,nan,0,0,0,0,1.0000,1.0000,0.12258,0.34831,0.4476,0.25923,0.0000,0.0000,0.334,-0.02852,2.9913,0.432209,0.432791,-0.044755,1,-0.044755
1.7110,move->d,none,1.2907,0.431986,-0.016707,-0.468915,-0.001412,1.479846,0.019502,1.108868,1.563357,0.432791,-0.016581,-0.508275,-0.001833,1.547077,0.019617,1.081807,1.561529,0.203208,0.032793,0.386900,3.129995,-0.549624,-3.138925,0.02764,-0.04442,0.04876,0.00168,0.00033,0.00021,0.02764,-0.04442,0.04876,0.00168,0.00033,0.00021,0.01725,-0.18048,0.04678,0.00357,-0.05099,-0.00081,5.827,3.7732,0.01026,0,0,0,0,0.151,1.013,0.357,nan,nan,nan,nan,nan,nan,nan,nan,nan,0,0.006259,0.000766,0.255,1.003,0.625,nan,nan,nan,nan,nan,nan,nan,nan,nan,-0.050740,nan,nan,nan,0,0,0,0,1.0000,1.0000,0.12249,0.34154,0.4474,0.26093,0.0000,0.0000,0.323,-0.02830,2.9574,0.431986,0.432791,-0.044736,1,-0.044736
1.7173,move->d,none,1.2957,0.431762,-0.016711,-0.468113,-0.001411,1.478520,0.019507,1.109368,1.563369,0.432791,-0.016581,-0.507838,-0.001833,1.546571,0.019617,1.082436,1.561564,0.203195,0.032796,0.386885,3.129954,-0.550183,-3.138911,0.02787,-0.04485,0.04916,0.00162,-0.00078,0.00023,0.02787,-0.04485,0.04916,0.00162,-0.00078,0.00023,-0.00220,0.00061,-0.00263,0.00579,0.09814,-0.00132,6.074,3.8231,0.01213,0,0,0,0,0.160,1.030,0.367,nan,nan,nan,nan,nan,nan,nan,nan,nan,0,0.006235,0.001286,0.178,1.194,0.376,nan,nan,nan,nan,nan,nan,nan,nan,nan,0.003395,nan,nan,nan,0,0,0,0,1.0000,1.0000,0.12240,0.32871,0.4471,0.26259,0.0000,0.0000,0.321,-0.02807,2.9231,0.431762,0.432791,-0.044714,1,-0.044714
1.7232,move->d,none,1.3007,0.431539,-0.016715,-0.467318,-0.001420,1.477209,0.019519,1.109863,1.563370,0.432791,-0.016581,-0.506879,-0.001868,1.544599,0.019583,1.083099,1.561529,0.203366,0.032774,0.387239,3.130023,-0.549834,-3.138967,0.02773,-0.04522,0.04882,0.00174,-0.00009,0.00028,0.02773,-0.04522,0.04882,0.00174,-0.00009,0.00028,0.02848,-0.00376,0.05895,-0.00957,-0.05817,-0.00334,5.917,3.7861,0.01240,0,0,0,0,0.176,1.042,0.381,nan,nan,nan,nan,nan,nan,nan,nan,nan,0,0.005973,0.001254,0.291,1.084,0.466,nan,nan,nan,nan,nan,nan,nan,nan,nan,-0.065182,nan,nan,nan,0,0,0,0,1.0000,1.0000,0.12231,0.32527,0.4469,0.26419,0.0000,0.0000,0.320,-0.02785,2.8885,0.431539,0.432791,-0.044689,1,-0.044689
1.7290,move->d,none,1.3057,0.431315,-0.016720,-0.466523,-0.001440,1.475899,0.019538,1.110361,1.563358,0.432791,-0.016598,-0.505971,-0.001815,1.542958,0.019600,1.083483,1.561581,0.203555,0.032788,0.387535,3.129997,-0.549485,-3.138938,0.02756,-0.04566,0.04859,0.00170,0.00061,0.00025,0.02756,-0.04566,0.04859,0.00170,0.00061,0.00025,0.11944,0.00906,0.18719,0.01431,-0.22028,0.00964,5.812,3.7672,0.01231,0,0,0,0,0.174,1.037,0.365,nan,nan,nan,nan,nan,nan,nan,nan,nan,0,0.005774,0.005450,0.059,0.907,0.106,nan,nan,nan,nan,nan,nan,nan,nan,nan,-0.221912,nan,nan,nan,0,0,0,0,1.0000,1.0000,0.12223,0.32545,0.4466,0.26577,0.0000,0.0000,0.321,-0.02763,2.8536,0.431315,0.432791,-0.044661,1,-0.044661
1.7346,move->d,none,1.3107,0.431092,-0.016726,-0.465725,-0.001471,1.474581,0.019564,1.110867,1.563334,0.432791,-0.016598,-0.505081,-0.001833,1.541422,0.019617,1.083919,1.561581,0.203724,0.032785,0.387793,3.129982,-0.549276,-3.138930,0.02742,-0.04607,0.04843,0.00168,0.00103,0.00026,0.02742,-0.04607,0.04843,0.00168,0.00103,0.00026,0.01728,-0.00033,0.02639,0.00142,-0.02147,0.00000,5.758,3.7542,0.01202,0,0,0,0,0.174,1.038,0.355,nan,nan,nan,nan,nan,nan,nan,nan,nan,0,0.005553,0.001215,0.182,1.074,0.342,nan,nan,nan,nan,nan,nan,nan,nan,nan,-0.031528,nan,nan,nan,0,0,0,0,1.0000,1.0000,0.12214,0.32742,0.4463,0.26735,0.0000,0.0000,0.322,-0.02740,2.8185,0.431092,0.432791,-0.044630,1,-0.044630
1.7407,move->d,none,1.3157,0.430869,-0.016732,-0.464889,-0.001511,1.473170,0.019596,1.111434,1.563300,0.432791,-0.016581,-0.503074,-0.001815,1.537513,0.019600,1.085717,1.561598,0.203989,0.032786,0.388400,3.130019,-0.549171,-3.138906,0.02710,-0.04648,0.04758,0.00175,0.00124,0.00018,0.02710,-0.04648,0.04758,0.00175,0.00124,0.00018,0.04283,0.00019,0.09795,-0.00511,-0.01683,0.00697,5.370,3.6057,0.00832,0,0,0,0,0.160,1.034,0.357,nan,nan,nan,nan,nan,nan,nan,nan,nan,0,0.006127,0.001157,0.023,0.997,0.427,nan,nan,nan,nan,nan,nan,nan,nan,nan,-0.105895,nan,nan,nan,0,0,0,0,1.0000,1.0000,0.12206,0.35017,0.4460,0.26895,0.0000,0.0000,0.332,-0.02718,2.7831,0.430869,0.430936,-0.044596,1,-0.044596
1.7468,move->d,none,1.3207,0.430647,-0.016731,-0.464042,-0.001476,1.471735,0.019575,1.112014,1.563357,0.430936,-0.016581,-0.503074,-0.001815,1.537513,0.019600,1.085717,1.561598,0.203989,0.030931,0.388400,3.130019,-0.549171,-3.138906,0.02730,-0.04318,0.04793,0.00175,0.00124,0.00019,0.02730,-0.04318,0.04793,0.00175,0.00124,0.00019,0.00000,-0.30760,0.00000,0.00000,0.00000,0.00000,5.488,3.6866,0.00798,0,0,0,0,0.133,1.023,0.381,nan,nan,nan,nan,nan,nan,nan,nan,nan,0,0.006130,0.001264,-0.054,0.926,0.621,nan,nan,nan,nan,nan,nan,nan,nan,nan,-0.003129,nan,nan,nan,0,0,0,0,1.0000,1.0000,0.12197,0.35593,0.4456,0.27065,0.0000,0.0000,0.323,-0.02696,2.7474,0.430647,0.430936,-0.044560,1,-0.044560
1.7532,move->d,none,1.3257,0.430424,-0.016731,-0.463190,-0.001451,1.470290,0.019563,1.112599,1.563402,0.430936,-0.016633,-0.502323,-0.001780,1.536291,0.019600,1.086310,1.561598,0.204084,0.030928,0.388560,3.130044,-0.549294,-3.138932,0.02730,-0.04357,0.04796,0.00180,0.00099,0.00022,0.02730,-0.04357,0.04796,0.00180,0.00099,0.00022,0.01539,-0.00055,0.02576,-0.00350,0.01977,-0.00199,5.508,3.6988,0.00768,0,0,0,0,0.120,1.012,0.422,nan,nan,nan,nan,nan,nan,nan,nan,nan,0,0.006384,0.001456,0.125,0.970,0.677,nan,nan,nan,nan,nan,nan,nan,nan,nan,-0.030007,nan,nan,nan,0,0,0,0,1.0000,1.0000,0.12188,0.35837,0.4452,0.27239,0.0000,0.0000,0.326,-0.02673,2.7116,0.430424,0.430936,-0.044520,1,-0.044520
1.7597,move->d,none,1.3307,0.430202,-0.016733,-0.462356,-0.001437,1.468888,0.019558,1.113156,1.563434,0.430936,-0.016633,-0.502323,-0.001780,1.536291,0.019600,1.086310,1.561598,0.204084,0.030928,0.388560,3.130044,-0.549294,-3.138932,0.02750,-0.04397,0.04831,0.00180,0.00099,0.00023,0.02750,-0.04397,0.04831,0.00180,0.00099,0.00023,0.01539,-0.00055,0.02576,-0.00350,0.01977,-0.00199,5.723,3.7816,0.00945,0,0,0,0,0.113,1.003,0.467,nan,nan,nan,nan,nan,nan,nan,nan,nan,0,0.006490,0.007880,0.125,0.970,0.677,nan,nan,nan,nan,nan,nan,nan,nan,nan,-0.030007,nan,nan,nan,0,0,0,0,1.0000,1.0000,0.12178,0.34763,0.4448,0.27413,0.0000,0.0000,0.323,-0.02651,2.6756,0.430202,0.430936,-0.044478,1,-0.044478
1.7655,move->d,none,1.3357,0.429979,-0.016735,-0.461534,-0.001432,1.467512,0.019559,1.113697,1.563453,0.430936,-0.016598,-0.501416,-0.001780,1.534720,0.019600,1.087008,1.561633,0.204210,0.030935,0.388786,3.130018,-0.549329,-3.138891,0.02744,-0.04438,0.04820,0.00176,0.00092,0.00018,0.02744,-0.04438,0.04820,0.00176,0.00092,0.00018,0.00993,0.00063,0.01784,0.00173,0.00275,0.00218,5.687,3.7719,0.01018,0,0,0,0,0.103,1.000,0.469,nan,nan,nan,nan,nan,nan,nan,nan,nan,0,0.005823,0.001062,0.022,1.021,0.251,nan,nan,nan,nan,nan,nan,nan,nan,nan,-0.020391,nan,nan,nan,0,0,0,0,1.0000,1.0000,0.12169,0.34113,0.4443,0.27583,0.0000,0.0000,0.321,-0.02629,2.6393,0.429979,0.430936,-0.044433,1,-0.044433
1.7713,move->d,none,1.3407,0.429757,-0.016739,-0.460711,-0.001438,1.466134,0.019568,1.114247,1.563460,0.430936,-0.016598,-0.500334,-0.001833,1.532678,0.019600,1.087375,1.561651,0.204459,0.030919,0.389180,3.129992,-0.548735,-3.138927,0.02714,-0.04474,0.04776,0.00172,0.00211,0.00029,0.02714,-0.04474,0.04776,0.00172,0.00211,0.00029,0.04059,-0.00266,0.06422,0.00388,-0.09695,-0.00822,5.453,3.7337,0.00983,0,0,0,0,0.096,1.010,0.455,nan,nan,nan,nan,nan,nan,nan,nan,nan,0,0.005757,0.000722,0.078,1.140,0.285,nan,nan,nan,nan,nan,nan,nan,nan,nan,-0.075989,nan,nan,nan,0,0,0,0,1.0000,1.0000,0.12160,0.34236,0.4439,0.27749,0.0000,0.0000,0.322,-0.02607,2.6029,0.429757,0.429469,-0.044386,1,-0.044386
1.7774,move->d,none,1.3457,0.429536,-0.016735,-0.459898,-0.001385,1.464773,0.019537,1.114781,1.563537,0.429469,-0.016633,-0.499810,-0.001833,1.531910,0.019583,1.088091,1.561633,0.204464,0.029440,0.389219,3.130025,-0.549207,-3.138967,0.02732,-0.04217,0.04802,0.00178,0.00117,0.00034,0.02732,-0.04217,0.04802,0.00178,0.00117,0.00034,0.00085,-0.26828,0.00707,-0.00531,0.08549,-0.00413,5.691,3.7687,0.01055,0,0,0,0,0.091,1.013,0.427,nan,nan,nan,nan,nan,nan,nan,nan,nan,0,0.006091,0.001292,0.079,0.985,0.227,nan,nan,nan,nan,nan,nan,nan,nan,nan,-0.009209,nan,nan,nan,0,0,0,0,1.0000,1.0000,0.12151,0.33797,0.4433,0.27916,0.0000,0.0000,0.312,-0.02584,2.5664,0.429536,0.429469,-0.044335,1,-0.044335
1.7834,move->d,none,1.3507,0.429314,-0.016734,-0.459104,-0.001343,1.463449,0.019513,1.115291,1.563600,0.429469,-0.016581,-0.498867,-0.001815,1.531195,0.019583,1.088440,1.561651,0.204594,0.029454,0.389209,3.130009,-0.549783,-3.138895,0.02725,-0.04259,0.04838,0.00176,0.00002,0.00022,0.02725,-0.04259,0.04838,0.00176,0.00002,0.00022,0.02148,0.00237,-0.00165,0.00197,0.09483,0.01056,5.822,3.8057,0.01183,0,0,0,0,0.081,1.018,0.391,nan,nan,nan,nan,nan,nan,nan,nan,nan,0,0.006020,0.001226,0.015,1.045,0.175,nan,nan,nan,nan,nan,nan,nan,nan,nan,-0.009791,nan,nan,nan,0,0,0,0,1.0000,1.0000,0.12143,0.32852,0.4428,0.28080,0.0000,0.0000,0.310,-0.02562,2.5297,0.429314,0.429469,-0.044281,1,-0.044281
1.7895,move->d,none,1.3557,0.429093,-0.016733,-0.458299,-0.001311,1.462108,0.019496,1.115820,1.563653,0.429469,-0.016598,-0.498082,-0.001815,1.528577,0.019600,1.089068,1.561651,0.204794,0.029451,0.389812,3.130030,-0.548578,-3.138905,0.02704,-0.04297,0.04751,0.00180,0.00242,0.00023,0.02704,-0.04297,0.04751,0.00180,0.00242,0.00023,0.03003,-0.00048,0.09065,-0.00218,-0.18102,0.00005,5.401,3.7315,0.01086,0,0,0,0,0.090,1.022,0.380,nan,nan,nan,nan,nan,nan,nan,nan,nan,0,0.006072,0.000651,0.231,1.037,0.458,nan,nan,nan,nan,nan,nan,nan,nan,nan,-0.093008,nan,nan,nan,0,0,0,0,1.0000,1.0000,0.12134,0.33354,0.4423,0.28239,0.0000,0.0000,0.311,-0.02540,2.4928,0.429093,0.429469,-0.044225,1,-0.044225
1.7955,move->d,none,1.3607,0.428872,-0.016734,-0.457493,-0.001289,1.460766,0.019486,1.116347,1.563692,0.429469,-0.016633,-0.497506,-0.001815,1.527617,0.019617,1.089714,1.561686,0.204834,0.029450,0.389913,3.129980,-0.548840,-3.138913,0.02715,-0.04334,0.04763,0.00172,0.00190,0.00030,0.02715,-0.04334,0.04763,0.00172,0.00190,0.00030,0.00670,-0.00011,0.01692,0.00704,0.04379,-0.00561,5.500,3.7534,0.01095,0,0,0,0,0.089,1.031,0.362,nan,nan,nan,nan,nan,nan,nan,nan,nan,0,0.006051,0.000736,0.029,1.102,0.251,nan,nan,nan,nan,nan,nan,nan,nan,nan,-0.017930,nan,nan,nan,0,0,0,0,1.0000,1.0000,0.12125,0.33328,0.4417,0.28402,0.0000,0.0000,0.313,-0.02518,2.4559,0.428872,0.429469,-0.044166,1,-0.044166
1.8013,move->d,none,1.3657,0.428652,-0.016736,-0.456684,-0.001278,1.459415,0.019483,1.116882,1.563719,0.429469,-0.016581,-0.496599,-0.001763,1.525994,0.019583,1.090290,1.561686,0.204987,0.029463,0.390173,3.130056,-0.548701,-3.138863,0.02703,-0.04375,0.04744,0.00185,0.00218,0.00013,0.02703,-0.04375,0.04744,0.00185,0.00218,0.00013,0.02796,0.00242,0.04765,-0.01185,-0.02543,0.01636,5.414,3.7373,0.01053,0,0,0,0,0.083,1.030,0.386,nan,nan,nan,nan,nan,nan,nan,nan,nan,0,0.005798,0.001069,0.027,0.972,0.747,nan,nan,nan,nan,nan,nan,nan,nan,nan,-0.055207,nan,nan,nan,0,0,0,0,1.0000,1.0000,0.12117,0.33563,0.4410,0.28564,0.0000,0.0000,0.315,-0.02496,2.4189,0.428652,0.428295,-0.044104,1,-0.044104
1.8079,move->d,none,1.3707,0.428432,-0.016733,-0.455874,-0.001223,1.458059,0.019448,1.117422,1.563800,0.428295,-0.016598,-0.495761,-0.001745,1.524702,0.019617,1.090621,1.561721,0.205149,0.028299,0.390375,3.130004,-0.548579,-3.138834,0.02688,-0.04179,0.04737,0.00176,0.00242,0.00013,0.02688,-0.04179,0.04737,0.00176,0.00242,0.00013,0.02662,-0.19131,0.03314,0.00733,-0.02013,0.00040,5.454,3.7407,0.01034,0,0,0,0,0.079,1.038,0.405,nan,nan,nan,nan,nan,nan,nan,nan,nan,0,0.006580,0.001590,0.067,1.111,0.448,nan,nan,nan,nan,nan,nan,nan,nan,nan,-0.044102,nan,nan,nan,0,0,0,0,1.0000,1.0000,0.12108,0.33744,0.4404,0.28727,0.0000,0.0000,0.308,-0.02474,2.3817,0.428432,0.428295,-0.044039,1,-0.044039
1.8148,move->d,none,1.3757,0.428212,-0.016730,-0.455046,-0.001177,1.456651,0.019420,1.117997,1.563870,0.428295,-0.016581,-0.494050,-0.001815,1.521980,0.019600,1.091808,1.561721,0.205392,0.028277,0.390739,3.129996,-0.548753,-3.138864,0.02658,-0.04212,0.04696,0.00175,0.00207,0.00021,0.02658,-0.04212,0.04696,0.00175,0.00207,0.00021,0.03360,-0.00304,0.05024,0.00091,0.02406,-0.00475,5.208,3.6624,0.00830,0,0,0,0,0.064,1.021,0.410,nan,nan,nan,nan,nan,nan,nan,nan,nan,0,0.006881,0.001212,-0.036,0.847,0.365,nan,nan,nan,nan,nan,nan,nan,nan,nan,-0.060418,nan,nan,nan,0,0,0,0,1.0000,1.0000,0.12099,0.34948,0.4397,0.28891,0.0000,0.0000,0.314,-0.02452,2.3445,0.428212,0.428295,-0.043972,1,-0.043972
1.8205,move->d,none,1.3807,0.427992,-0.016729,-0.454215,-0.001142,1.455235,0.019400,1.118573,1.563927,0.428295,-0.016633,-0.493649,-0.001763,1.521438,0.019583,1.092384,1.561756,0.205387,0.028279,0.390749,3.130004,-0.549190,-3.138892,0.02677,-0.04249,0.04726,0.00178,0.00120,0.00026,0.02677,-0.04249,0.04726,0.00178,0.00120,0.00026,-0.00081,0.00027,0.00164,-0.00145,0.07427,-0.00405,5.393,3.7120,0.00823,0,0,0,0,0.057,1.010,0.403,nan,nan,nan,nan,nan,nan,nan,nan,nan,0,0.005770,0.001089,0.056,0.967,0.301,nan,nan,nan,nan,nan,nan,nan,nan,nan,-0.000968,nan,nan,nan,0,0,0,0,1.0000,1.0000,0.12090,0.35120,0.4390,0.29061,0.0000,0.0000,0.317,-0.02430,2.3073,0.427992,0.428295,-0.043902,1,-0.043902
1.8270,move->d,none,1.3857,0.427773,-0.016729,-0.453365,-0.001116,1.453768,0.019385,1.119184,1.563973,0.428295,-0.016598,-0.491921,-0.001780,1.518803,0.019600,1.093431,1.561773,0.205653,0.028282,0.391101,3.129972,-0.549329,-3.138839,0.02642,-0.04286,0.04687,0.00172,0.00092,0.00019,0.02642,-0.04286,0.04687,0.00172,0.00092,0.00019,0.04200,0.00061,0.05560,0.00431,0.02204,0.00564,5.158,3.6422,0.00624,0,0,0,0,0.070,1.000,0.437,nan,nan,nan,nan,nan,nan,nan,nan,nan,0,0.006465,0.001265,0.224,0.975,0.791,nan,nan,nan,nan,nan,nan,nan,nan,nan,-0.069338,nan,nan,nan,0,0,0,0,1.0000,1.0000,0.12081,0.36319,0.4383,0.29232,0.0000,0.0000,0.323,-0.02408,2.2700,0.427773,0.428295,-0.043829,1,-0.043829
1.8329,move->d,none,1.3907,0.427554,-0.016729,-0.452499,-0.001101,1.452257,0.019378,1.119829,1.564007,0.428295,-0.016598,-0.490891,-0.001745,1.517215,0.019600,1.093606,1.561825,0.205895,0.028291,0.391382,3.129952,-0.548946,-3.138824,0.02611,-0.04323,0.04662,0.00169,0.00169,0.00019,0.02611,-0.04323,0.04662,0.00169,0.00169,0.00019,0.04031,0.00142,0.04676,0.00297,-0.06382,0.00087,5.004,3.6352,0.00478,0,0,0,0,0.074,0.986,0.442,nan,nan,nan,nan,nan,nan,nan,nan,nan,0,0.005921,0.001135,0.047,0.891,0.314,nan,nan,nan,nan,nan,nan,nan,nan,nan,-0.060908,nan,nan,nan,0,0,0,0,1.0000,1.0000,0.12071,0.37410,0.4375,0.29409,0.0000,0.0000,0.327,-0.02386,2.2327,0.427554,0.427434,-0.043753,1,-0.043753
1.8387,move->d,none,1.3957,0.427336,-0.016726,-0.451607,-0.001057,1.450678,0.019349,1.120517,1.564078,0.427434,-0.016633,-0.489338,-0.001676,1.514824,0.019600,1.094723,1.561878,0.206103,0.027441,0.391678,3.129948,-0.549225,-3.138804,0.02587,-0.04189,0.04634,0.00169,0.00113,0.00016,0.02587,-0.04189,0.04634,0.00169,0.00113,0.00016,0.03582,-0.14608,0.05090,0.00055,0.04809,0.00294,4.910,3.5848,0.00233,0,0,0,0,0.098,1.002,0.456,nan,nan,nan,nan,nan,nan,nan,nan,nan,0,0.005788,0.001117,0.344,1.255,0.582,nan,nan,nan,nan,nan,nan,nan,nan,nan,-0.063605,nan,nan,nan,0,0,0,0,1.0000,1.0000,0.12061,0.39070,0.4367,0.29592,0.0000,0.0000,0.330,-0.02364,2.1954,0.427336,0.427434,-0.043674,1,-0.043674
1.8451,move->d,none,1.4007,0.427118,-0.016725,-0.450710,-0.001023,1.449078,0.019326,1.121215,1.564137,0.427434,-0.016581,-0.488500,-0.001710,1.514108,0.019600,1.095229,1.561878,0.206191,0.027442,0.391665,3.129921,-0.549853,-3.138760,0.02587,-0.04224,0.04667,0.00165,-0.00013,0.00011,0.02587,-0.04224,0.04667,0.00165,-0.00013,0.00011,0.01423,0.00012,-0.00219,0.00348,0.10251,0.00487,5.071,3.6343,0.00184,0,0,0,0,0.135,1.035,0.476,nan,nan,nan,nan,nan,nan,nan,nan,nan,0,0.006417,0.001413,0.342,1.255,0.581,nan,nan,nan,nan,nan,nan,nan,nan,nan,-0.005562,nan,nan,nan,0,0,0,0,1.0000,1.0000,0.12051,0.39519,0.4359,0.29782,0.0000,0.0000,0.334,-0.02342,2.1581,0.427118,0.427434,-0.043593,1,-0.043593
1.8511,move->d,none,1.4057,0.426901,-0.016724,-0.449812,-0.000998,1.447484,0.019311,1.121910,1.564184,0.427434,-0.016581,-0.488256,-0.001745,1.513078,0.019600,1.095596,1.561913,0.206237,0.027435,0.391897,3.129882,-0.549434,-3.138784,0.02594,-0.04258,0.04651,0.00159,0.00071,0.00020,0.02594,-0.04258,0.04651,0.00159,0.00071,0.00020,0.00734,-0.00108,0.03661,0.00544,-0.06615,-0.00686,5.045,3.6669,0.00207,0,0,0,0,0.146,1.032,0.457,nan,nan,nan,nan,nan,nan,nan,nan,nan,0,0.005962,0.001027,0.064,0.832,0.152,nan,nan,nan,nan,nan,nan,nan,nan,nan,-0.035067,nan,nan,nan,0,0,0,0,1.0000,1.0000,0.12041,0.39405,0.4351,0.29975,0.0000,0.0000,0.334,-0.02321,2.1208,0.426901,0.427434,-0.043509,1,-0.043509
1.8575,move->d,none,1.4107,0.426683,-0.016725,-0.448919,-0.000984,1.445898,0.019303,1.122605,1.564218,0.427434,-0.016598,-0.487313,-0.001710,1.511577,0.019583,1.095910,1.561895,0.206434,0.027431,0.392146,3.129947,-0.549191,-3.138800,0.02572,-0.04291,0.04632,0.00170,0.00120,0.00017,0.02572,-0.04291,0.04632,0.00170,0.00120,0.00017,0.03446,-0.00066,0.04352,-0.00965,-0.04261,0.00310,4.942,3.6723,0.00221,0,0,0,0,0.143,1.011,0.417,nan,nan,nan,nan,nan,nan,nan,nan,nan,0,0.006431,0.001750,0.065,0.832,0.152,nan,nan,nan,nan,nan,nan,nan,nan,nan,-0.055110,nan,nan,nan,0,0,0,0,1.0000,1.0000,0.12030,0.39215,0.4342,0.30168,0.0000,0.0000,0.333,-0.02299,2.0836,0.426683,0.427434,-0.043422,1,-0.043422
1.8639,move->d,none,1.4157,0.426467,-0.016727,-0.448042,-0.000979,1.444347,0.019302,1.123275,1.564240,0.427434,-0.016563,-0.486720,-0.001693,1.510740,0.019600,1.096555,1.561913,0.206468,0.027448,0.392202,3.129921,-0.549592,-3.138725,0.02582,-0.04329,0.04650,0.00166,0.00040,0.00006,0.02582,-0.04329,0.04650,0.00166,0.00040,0.00006,0.00500,0.00249,0.00826,0.00316,0.05916,0.00899,5.094,3.7151,0.00339,0,0,0,0,0.151,1.010,0.375,nan,nan,nan,nan,nan,nan,nan,nan,nan,0,0.006398,0.001381,0.236,1.097,0.179,nan,nan,nan,nan,nan,nan,nan,nan,nan,-0.009629,nan,nan,nan,0,0,0,0,1.0000,1.0000,0.12020,0.38313,0.4333,0.30359,0.0000,0.0000,0.331,-0.02277,2.0464,0.426467,0.427017,-0.043332,1,-0.043332
1.8697,move->d,none,1.4207,0.426251,-0.016728,-0.447180,-0.000965,1.442831,0.019295,1.123926,1.564273,0.427017,-0.016633,-0.486004,-0.001710,1.509378,0.019583,1.097044,1.561895,0.206588,0.027004,0.392426,3.129957,-0.549435,-3.138822,0.02575,-0.04274,0.04635,0.00173,0.00071,0.00022,0.02575,-0.04274,0.04635,0.00173,0.00071,0.00022,0.01981,-0.07314,0.03700,-0.00504,-0.02587,-0.01282,5.052,3.7260,0.00436,0,0,0,0,0.162,1.016,0.340,nan,nan,nan,nan,nan,nan,nan,nan,nan,0,0.005780,0.001074,0.236,1.097,0.180,nan,nan,nan,nan,nan,nan,nan,nan,nan,-0.042644,nan,nan,nan,0,0,0,0,1.0000,1.0000,0.12010,0.37491,0.4324,0.30546,0.0000,0.0000,0.325,-0.02255,2.0092,0.426251,0.427017,-0.043240,1,-0.043240
1.8758,move->d,none,1.4257,0.426035,-0.016731,-0.446333,-0.000962,1.441347,0.019296,1.124560,1.564293,0.427017,-0.016563,-0.485236,-0.001623,1.508034,0.019600,1.097341,1.561965,0.206751,0.027048,0.392662,3.129929,-0.549156,-3.138684,0.02559,-0.04316,0.04617,0.00168,0.00127,-0.00002,0.02559,-0.04316,0.04617,0.00168,0.00127,-0.00002,0.02735,0.00731,0.03975,0.00416,-0.04694,0.02085,4.986,3.7359,0.00528,0,0,0,0,0.173,1.027,0.321,nan,nan,nan,nan,nan,nan,nan,nan,nan,0,0.006089,0.001241,0.232,1.094,0.325,nan,nan,nan,nan,nan,nan,nan,nan,nan,-0.048102,nan,nan,nan,0,0,0,0,1.0000,1.0000,0.12000,0.36713,0.4314,0.30729,0.0000,0.0000,0.323,-0.02234,1.9722,0.426035,0.427017,-0.043145,1,-0.043145
1.8830,move->d,none,1.4307,0.425820,-0.016735,-0.445507,-0.000968,1.439909,0.019304,1.125165,1.564300,0.427017,-0.016633,-0.484713,-0.001676,1.507144,0.019583,1.097864,1.561982,0.206800,0.027017,0.392768,3.129904,-0.549313,-3.138796,0.02565,-0.04343,0.04625,0.00164,0.00095,0.00023,0.02565,-0.04343,0.04625,0.00164,0.00095,0.00023,0.00718,-0.00450,0.01524,0.00306,0.02274,-0.01825,5.094,3.7699,0.00676,0,0,0,0,0.170,1.006,0.293,nan,nan,nan,nan,nan,nan,nan,nan,nan,0,0.007178,0.001519,0.094,0.804,0.175,nan,nan,nan,nan,nan,nan,nan,nan,nan,-0.016787,nan,nan,nan,0,0,0,0,1.0000,1.0000,0.11990,0.35568,0.4305,0.30908,0.0000,0.0000,0.319,-0.02212,1.9352,0.425820,0.427017,-0.043047,1,-0.043047
1.8890,move->d,none,1.4357,0.425605,-0.016740,-0.444697,-0.000984,1.438508,0.019320,1.125749,1.564294,0.427017,-0.016633,-0.483875,-0.001676,1.505765,0.019583,1.098388,1.562017,0.206934,0.027017,0.392967,3.129877,-0.549296,-3.138792,0.02554,-0.04376,0.04613,0.00160,0.00099,0.00026,0.02554,-0.04376,0.04613,0.00160,0.00099,0.00026,0.02134,0.00009,0.03179,0.00365,-0.00276,-0.00162,5.089,3.7733,0.00779,0,0,0,0,0.156,1.001,0.276,nan,nan,nan,nan,nan,nan,nan,nan,nan,0,0.006082,0.001355,0.026,1.046,0.221,nan,nan,nan,nan,nan,nan,nan,nan,nan,-0.038256,nan,nan,nan,0,0,0,0,1.0000,1.0000,0.11981,0.34677,0.4295,0.31082,0.0000,0.0000,0.317,-0.02191,1.8983,0.425605,0.427017,-0.042946,1,-0.042946
1.8955,move->d,none,1.4407,0.425391,-0.016748,-0.443919,-0.001009,1.437183,0.019344,1.126284,1.564275,0.427017,-0.016633,-0.483875,-0.001676,1.505765,0.019583,1.098388,1.562017,0.206934,0.027017,0.392967,3.129877,-0.549296,-3.138792,0.02570,-0.04408,0.04641,0.00160,0.00099,0.00027,0.02570,-0.04408,0.04641,0.00160,0.00099,0.00027,0.02134,0.00009,0.03179,0.00365,-0.00276,-0.00162,5.329,3.8536,0.01045,0,0,0,0,0.136,1.003,0.261,nan,nan,nan,nan,nan,nan,nan,nan,nan,0,0.006422,0.007689,0.026,1.046,0.221,nan,nan,nan,nan,nan,nan,nan,nan,nan,-0.038256,nan,nan,nan,0,0,0,0,1.0000,1.0000,0.11971,0.32816,0.4284,0.31251,0.0000,0.0000,0.311,-0.02169,1.8616,0.425391,0.427017,-0.042843,1,-0.042843
1.9019,move->d,none,1.4457,0.425177,-0.016756,-0.443184,-0.001044,1.435959,0.019376,1.126756,1.564243,0.427017,-0.016633,-0.483875,-0.001676,1.505765,0.019583,1.098388,1.562017,0.206934,0.027017,0.392967,3.129877,-0.549296,-3.138792,0.02586,-0.04440,0.04669,0.00161,0.00099,0.00027,0.02586,-0.04440,0.04669,0.00161,0.00099,0.00027,0.00000,0.00000,0.00000,0.00000,0.00000,0.00000,5.574,3.9295,0.01380,0,0,0,0,0.137,1.010,0.280,nan,nan,nan,nan,nan,nan,nan,nan,nan,0,0.006475,0.000710,0.243,1.063,0.513,nan,nan,nan,nan,nan,nan,nan,nan,nan,0.000000,nan,nan,nan,0,0,0,0,1.0000,1.0000,0.11963,0.30412,0.4274,0.31410,0.0000,0.0000,0.303,-0.02148,1.8250,0.425177,0.426109,-0.042738,1,-0.042738
1.9080,move->d,none,1.4507,0.424964,-0.016760,-0.442462,-0.001047,1.434755,0.019383,1.127221,1.564250,0.426109,-0.016598,-0.482287,-0.001676,1.503060,0.019583,1.099226,1.562035,0.207223,0.026113,0.393397,3.129879,-0.549017,-3.138755,0.02544,-0.04291,0.04611,0.00161,0.00155,0.00020,0.02544,-0.04291,0.04611,0.00161,0.00155,0.00020,0.05166,-0.16165,0.07683,-0.00020,-0.04992,0.00686,5.187,3.8446,0.01392,0,0,0,0,0.138,1.016,0.286,nan,nan,nan,nan,nan,nan,nan,nan,nan,0,0.006042,0.001176,0.135,1.038,0.261,nan,nan,nan,nan,nan,nan,nan,nan,nan,-0.094148,nan,nan,nan,0,0,0,0,1.0000,1.0000,0.11955,0.29877,0.4263,0.31558,0.0000,0.0000,0.294,-0.02126,1.7885,0.424964,0.426109,-0.042629,1,-0.042629
1.9146,move->d,none,1.4557,0.424751,-0.016766,-0.441761,-0.001060,1.433606,0.019399,1.127651,1.564244,0.426109,-0.016598,-0.482287,-0.001676,1.503060,0.019583,1.099226,1.562035,0.207223,0.026113,0.393397,3.129879,-0.549017,-3.138755,0.02559,-0.04322,0.04638,0.00162,0.00155,0.00021,0.02559,-0.04322,0.04638,0.00162,0.00155,0.00021,0.00000,0.00000,0.00000,0.00000,0.00000,0.00000,5.415,3.9136,0.01586,0,0,0,0,0.137,1.006,0.302,nan,nan,nan,nan,nan,nan,nan,nan,nan,0,0.006628,0.001570,0.133,0.895,0.405,nan,nan,nan,nan,nan,nan,nan,nan,nan,0.000000,nan,nan,nan,0,0,0,0,1.0000,1.0000,0.11947,0.28591,0.4252,0.31703,0.0000,0.0000,0.291,-0.02105,1.7522,0.424751,0.426109,-0.042518,1,-0.042518
1.9201,move->d,none,1.4607,0.424539,-0.016774,-0.441073,-0.001083,1.432482,0.019422,1.128067,1.564225,0.426109,-0.016598,-0.481449,-0.001641,1.501542,0.019600,1.099924,1.562087,0.207335,0.026129,0.393616,3.129838,-0.549034,-3.138710,0.02552,-0.04356,0.04621,0.00155,0.00151,0.00017,0.02552,-0.04356,0.04621,0.00155,0.00151,0.00017,0.01914,0.00263,0.03732,0.00602,0.00299,0.00406,5.407,3.8924,0.01649,0,0,0,0,0.134,1.009,0.309,nan,nan,nan,nan,nan,nan,nan,nan,nan,0,0.005450,0.001169,0.100,1.098,0.298,nan,nan,nan,nan,nan,nan,nan,nan,nan,-0.041796,nan,nan,nan,0,0,0,0,1.0000,1.0000,0.11939,0.27973,0.4240,0.31841,0.0000,0.0000,0.290,-0.02084,1.7160,0.424539,0.426109,-0.042404,1,-0.042404
1.9258,move->d,none,1.4657,0.424328,-0.016783,-0.440393,-0.001115,1.431376,0.019453,1.128471,1.564195,0.426109,-0.016563,-0.480768,-0.001623,1.500425,0.019583,1.100448,1.562087,0.207425,0.026135,0.393761,3.129870,-0.549122,-3.138677,0.02549,-0.04388,0.04619,0.00161,0.00134,0.00007,0.02549,-0.04388,0.04619,0.00161,0.00134,0.00007,0.01571,0.00108,0.02530,-0.00481,0.01523,0.00860,5.481,3.8928,0.01700,0,0,0,0,0.129,1.021,0.319,nan,nan,nan,nan,nan,nan,nan,nan,nan,0,0.005780,0.001180,0.092,1.132,0.393,nan,nan,nan,nan,nan,nan,nan,nan,nan,-0.029769,nan,nan,nan,0,0,0,0,1.0000,1.0000,0.11932,0.27535,0.4229,0.31976,0.0000,0.0000,0.289,-0.02063,1.6800,0.424328,0.426109,-0.042288,1,-0.042288
1.9327,move->d,none,1.4707,0.424117,-0.016793,-0.439721,-0.001157,1.430289,0.019490,1.128864,1.564153,0.426109,-0.016581,-0.480280,-0.001623,1.499500,0.019600,1.100919,1.562105,0.207482,0.026136,0.393892,3.129841,-0.549156,-3.138672,0.02552,-0.04418,0.04619,0.00156,0.00127,0.00010,0.02552,-0.04418,0.04619,0.00156,0.00127,0.00010,0.00784,0.00014,0.01814,0.00344,0.00481,-0.00137,5.588,3.9032,0.01758,0,0,0,0,0.125,1.030,0.360,nan,nan,nan,nan,nan,nan,nan,nan,nan,0,0.006851,0.000805,0.118,1.051,0.644,nan,nan,nan,nan,nan,nan,nan,nan,nan,-0.019567,nan,nan,nan,0,0,0,0,1.0000,1.0000,0.11924,0.27110,0.4217,0.32110,0.0000,0.0000,0.289,-0.02041,1.6442,0.424117,0.426109,-0.042169,1,-0.042169
1.9391,move->d,none,1.4757,0.423907,-0.016805,-0.439050,-0.001209,1.429203,0.019535,1.129260,1.564098,0.426109,-0.016581,-0.479459,-0.001623,1.498016,0.019583,1.101320,1.562139,0.207643,0.026132,0.394146,3.129836,-0.548895,-3.138691,0.02535,-0.04447,0.04594,0.00155,0.00179,0.00015,0.02535,-0.04447,0.04594,0.00155,0.00179,0.00015,0.02614,-0.00066,0.04114,0.00079,-0.04236,-0.00348,5.548,3.8805,0.01746,0,0,0,0,0.118,1.024,0.393,nan,nan,nan,nan,nan,nan,nan,nan,nan,0,0.006364,0.001012,0.069,0.919,0.517,nan,nan,nan,nan,nan,nan,nan,nan,nan,-0.048741,nan,nan,nan,0,0,0,0,1.0000,1.0000,0.11917,0.27113,0.4205,0.32240,0.0000,0.0000,0.290,-0.02020,1.6087,0.423907,0.423507,-0.042047,1,-0.042047
1.9456,move->d,none,1.4807,0.423697,-0.016800,-0.438385,-0.001151,1.428127,0.019498,1.129646,1.564179,0.423507,-0.016598,-0.478953,-0.001606,1.497231,0.019583,1.101914,1.562157,0.207669,0.023531,0.394210,3.129828,-0.549209,-3.138688,0.02544,-0.03956,0.04607,0.00155,0.00116,0.00015,0.02544,-0.03956,0.04607,0.00155,0.00116,0.00015,0.00414,-0.40602,0.00991,0.00089,0.04907,-0.00021,5.596,3.8977,0.01778,0,0,0,0,0.117,1.011,0.400,nan,nan,nan,nan,nan,nan,nan,nan,nan,0,0.006590,0.001204,0.142,0.933,0.299,nan,nan,nan,nan,nan,nan,nan,nan,nan,-0.014773,nan,nan,nan,0,0,0,0,1.0000,1.0000,0.11910,0.26868,0.4192,0.32371,0.0000,0.0000,0.271,-0.01999,1.5733,0.423697,0.423507,-0.041923,1,-0.041923
1.9510,move->d,none,1.4857,0.423488,-0.016797,-0.437722,-0.001103,1.427052,0.019469,1.130032,1.564247,0.423507,-0.016633,-0.478203,-0.001606,1.495957,0.019600,1.102490,1.562157,0.207773,0.023526,0.394384,3.129818,-0.549261,-3.138699,0.02537,-0.03984,0.04597,0.00153,0.00106,0.00019,0.02537,-0.03984,0.04597,0.00153,0.00106,0.00019,0.01701,-0.00079,0.02874,0.00145,0.00857,-0.00274,5.569,3.8864,0.01771,0,0,0,0,0.117,1.008,0.410,nan,nan,nan,nan,nan,nan,nan,nan,nan,0,0.005390,0.000533,0.121,1.038,0.503,nan,nan,nan,nan,nan,nan,nan,nan,nan,-0.033399,nan,nan,nan,0,0,0,0,1.0000,1.0000,0.11903,0.26812,0.4180,0.32501,0.0000,0.0000,0.272,-0.01978,1.5382,0.423488,0.423507,-0.041796,1,-0.041796
1.9577,move->d,none,1.4907,0.423280,-0.016795,-0.437052,-0.001064,1.425959,0.019445,1.130435,1.564305,0.423507,-0.016581,-0.477208,-0.001606,1.494264,0.019583,1.102804,1.562174,0.207992,0.023531,0.394682,3.129833,-0.548878,-3.138669,0.02507,-0.04013,0.04563,0.00156,0.00182,0.00012,0.02507,-0.04013,0.04563,0.00156,0.00182,0.00012,0.03615,0.00070,0.04907,-0.00190,-0.06315,0.00631,5.386,3.8510,0.01696,0,0,0,0,0.114,1.003,0.421,nan,nan,nan,nan,nan,nan,nan,nan,nan,0,0.006645,0.001105,0.086,0.976,0.462,nan,nan,nan,nan,nan,nan,nan,nan,nan,-0.060716,nan,nan,nan,0,0,0,0,1.0000,1.0000,0.11896,0.27222,0.4167,0.32630,0.0000,0.0000,0.273,-0.01958,1.5033,0.423280,0.423507,-0.041666,1,-0.041666
1.9640,move->d,none,1.4957,0.423072,-0.016795,-0.436365,-0.001035,1.424821,0.019429,1.130867,1.564351,0.423507,-0.016598,-0.475847,-0.001571,1.492030,0.019583,1.103903,1.562227,0.208164,0.023538,0.394964,3.129809,-0.549105,-3.138653,0.02487,-0.04043,0.04531,0.00152,0.00137,0.00012,0.02487,-0.04043,0.04531,0.00152,0.00137,0.00012,0.02824,0.00114,0.04641,0.00323,0.03740,0.00061,5.244,3.7856,0.01517,0,0,0,0,0.115,1.004,0.421,nan,nan,nan,nan,nan,nan,nan,nan,nan,0,0.006282,0.001290,0.145,1.040,0.364,nan,nan,nan,nan,nan,nan,nan,nan,nan,-0.054311,nan,nan,nan,0,0,0,0,1.0000,1.0000,0.11888,0.28293,0.4153,0.32761,0.0000,0.0000,0.278,-0.01937,1.4686,0.423072,0.422036,-0.041534,1,-0.041534
1.9702,move->d,none,1.5007,0.422865,-0.016785,-0.435665,-0.000948,1.423645,0.019368,1.131323,1.564469,0.422036,-0.016581,-0.474991,-0.001606,1.490773,0.019600,1.104409,1.562279,0.208295,0.022068,0.395121,3.129725,-0.549209,-3.138633,0.02475,-0.03777,0.04524,0.00138,0.00116,0.00017,0.02475,-0.03777,0.04524,0.00138,0.00116,0.00017,0.02148,-0.24105,0.02567,0.01162,0.01710,-0.00391,5.486,3.7788,0.01393,0,0,0,0,0.124,1.010,0.435,nan,nan,nan,nan,nan,nan,nan,nan,nan,0,0.006196,0.001425,0.206,1.061,0.577,nan,nan,nan,nan,nan,nan,nan,nan,nan,-0.035593,nan,nan,nan,0,0,0,0,1.0000,1.0000,0.11881,0.29326,0.4140,0.32898,0.0000,0.0000,0.272,-0.01916,1.4343,0.422865,0.422036,-0.041400,1,-0.041400
1.9763,move->d,none,1.5057,0.422659,-0.016777,-0.434948,-0.000870,1.422433,0.019314,1.131802,1.564576,0.422036,-0.016633,-0.474276,-0.001571,1.489342,0.019583,1.105003,1.562262,0.208401,0.022058,0.395350,3.129790,-0.549088,-3.138679,0.02467,-0.03802,0.04502,0.00150,0.00140,0.00020,0.02467,-0.03802,0.04502,0.00150,0.00140,0.00020,0.01653,-0.00143,0.03570,-0.00857,-0.01895,-0.00189,5.385,3.7642,0.01270,0,0,0,0,0.133,1.009,0.445,nan,nan,nan,nan,nan,nan,nan,nan,nan,0,0.006157,0.001149,0.172,0.969,0.463,nan,nan,nan,nan,nan,nan,nan,nan,nan,-0.039091,nan,nan,nan,0,0,0,0,1.0000,1.0000,0.11873,0.30162,0.4126,0.33040,0.0000,0.0000,0.276,-0.01895,1.4001,0.422659,0.422036,-0.041263,1,-0.041263
1.9827,move->d,none,1.5107,0.422453,-0.016770,-0.434210,-0.000802,1.421167,0.019267,1.132317,1.564672,0.422036,-0.016633,-0.473159,-0.001571,1.487282,0.019583,1.105945,1.562279,0.208551,0.022057,0.395649,3.129786,-0.549088,-3.138671,0.02450,-0.03829,0.04466,0.00149,0.00140,0.00019,0.02450,-0.03829,0.04466,0.00149,0.00140,0.00019,0.02282,-0.00014,0.04542,0.00054,-0.00000,0.00088,5.209,3.7156,0.01074,0,0,0,0,0.153,1.014,0.454,nan,nan,nan,nan,nan,nan,nan,nan,nan,0,0.006392,0.000939,0.296,1.066,0.487,nan,nan,nan,nan,nan,nan,nan,nan,nan,-0.050650,nan,nan,nan,0,0,0,0,1.0000,1.0000,0.11865,0.31429,0.4112,0.33186,0.0000,0.0000,0.282,-0.01875,1.3663,0.422453,0.422036,-0.041123,1,-0.041123
1.9887,move->d,none,1.5157,0.422248,-0.016764,-0.433454,-0.000743,1.419858,0.019226,1.132860,1.564757,0.422036,-0.016633,-0.472286,-0.001553,1.485921,0.019600,1.106451,1.562331,0.208692,0.022068,0.395835,3.129733,-0.549105,-3.138638,0.02435,-0.03858,0.04452,0.00140,0.00137,0.00019,0.02435,-0.03858,0.04452,0.00140,0.00137,0.00019,0.02427,0.00178,0.03194,0.00778,0.00301,0.00090,5.137,3.7101,0.00929,0,0,0,0,0.171,1.019,0.465,nan,nan,nan,nan,nan,nan,nan,nan,nan,0,0.005975,0.001102,0.245,1.043,0.537,nan,nan,nan,nan,nan,nan,nan,nan,nan,-0.039893,nan,nan,nan,0,0,0,0,1.0000,1.0000,0.11856,0.32466,0.4098,0.33338,0.0000,0.0000,0.287,-0.01854,1.3328,0.422248,0.422036,-0.040981,1,-0.040981
1.9950,move->d,none,1.5207,0.422044,-0.016760,-0.432690,-0.000694,1.418529,0.019193,1.133413,1.564830,0.422036,-0.016581,-0.471693,-0.001484,1.485013,0.019600,1.107150,1.562297,0.208722,0.022094,0.395904,3.129805,-0.549490,-3.138531,0.02442,-0.03889,0.04461,0.00153,0.00060,-0.00010,0.02442,-0.03889,0.04461,0.00153,0.00060,-0.00010,0.00481,0.00416,0.01102,-0.01008,0.06185,0.02321,5.223,3.7331,0.00869,0,0,0,0,0.166,1.006,0.437,nan,nan,nan,nan,nan,nan,nan,nan,nan,0,0.006278,0.001175,0.024,0.859,0.110,nan,nan,nan,nan,nan,nan,nan,nan,nan,-0.011872,nan,nan,nan,0,0,0,0,1.0000,1.0000,0.11848,0.32902,0.4084,0.33496,0.0000,0.0000,0.290,-0.01834,1.2995,0.422044,0.420863,-0.040836,1,-0.040836
2.0008,move->d,none,1.5257,0.421841,-0.016749,-0.431917,-0.000601,1.417173,0.019124,1.133985,1.564959,0.420863,-0.016633,-0.470750,-0.001518,1.483355,0.019600,1.107638,1.562331,0.208899,0.020901,0.396174,3.129764,-0.549262,-3.138605,0.02419,-0.03677,0.04429,0.00146,0.00105,0.00010,0.02419,-0.03677,0.04429,0.00146,0.00105,0.00010,0.02997,-0.20185,0.04575,0.00595,-0.03844,-0.01597,5.349,3.7143,0.00767,0,0,0,0,0.162,0.997,0.435,nan,nan,nan,nan,nan,nan,nan,nan,nan,0,0.005796,0.001043,0.154,0.968,0.562,nan,nan,nan,nan,nan,nan,nan,nan,nan,-0.056741,nan,nan,nan,0,0,0,0,1.0000,1.0000,0.11839,0.33671,0.4069,0.33656,0.0000,0.0000,0.285,-0.01813,1.2666,0.421841,0.420863,-0.040689,1,-0.040689
2.0068,move->d,none,1.5307,0.421638,-0.016739,-0.431143,-0.000517,1.415816,0.019064,1.134557,1.565077,0.420863,-0.016633,-0.470296,-0.001501,1.482518,0.019583,1.108197,1.562331,0.208928,0.020901,0.396269,3.129794,-0.549437,-3.138605,0.02426,-0.03702,0.04432,0.00152,0.00070,0.00007,0.02426,-0.03702,0.04432,0.00152,0.00070,0.00007,0.00477,0.00002,0.01582,-0.00431,0.02906,0.00256,5.384,3.7439,0.00762,0,0,0,0,0.162,1.009,0.422,nan,nan,nan,nan,nan,nan,nan,nan,nan,0,0.006046,0.001066,0.182,1.185,0.307,nan,nan,nan,nan,nan,nan,nan,nan,nan,-0.015986,nan,nan,nan,0,0,0,0,1.0000,1.0000,0.11830,0.33680,0.4054,0.33819,0.0000,0.0000,0.286,-0.01793,1.2340,0.421638,0.420863,-0.040540,1,-0.040540
2.0127,move->d,none,1.5357,0.421436,-0.016730,-0.430368,-0.000442,1.414453,0.019009,1.135137,1.565183,0.420863,-0.016633,-0.469371,-0.001553,1.481052,0.019600,1.108528,1.562331,0.209117,0.020889,0.396504,3.129760,-0.549227,-3.138619,0.02400,-0.03725,0.04407,0.00146,0.00112,0.00014,0.02400,-0.03725,0.04407,0.00146,0.00112,0.00014,0.03200,-0.00215,0.03961,0.00507,-0.03550,-0.00553,5.242,3.7377,0.00727,0,0,0,0,0.164,1.030,0.406,nan,nan,nan,nan,nan,nan,nan,nan,nan,0,0.005908,0.001083,0.183,1.185,0.307,nan,nan,nan,nan,nan,nan,nan,nan,nan,-0.050507,nan,nan,nan,0,0,0,0,1.0000,1.0000,0.11821,0.33796,0.4039,0.33982,0.0000,0.0000,0.287,-0.01773,1.2018,0.421436,0.420863,-0.040388,1,-0.040388
2.0187,move->d,none,1.5407,0.421235,-0.016723,-0.429594,-0.000376,1.413088,0.018962,1.135720,1.565278,0.420863,-0.016668,-0.468569,-0.001518,1.479760,0.019583,1.108947,1.562349,0.209259,0.020885,0.396694,3.129786,-0.549158,-3.138649,0.02384,-0.03749,0.04391,0.00151,0.00126,0.00018,0.02384,-0.03749,0.04391,0.00151,0.00126,0.00018,0.02426,-0.00058,0.03252,-0.00383,-0.01187,-0.00270,5.162,3.7418,0.00710,0,0,0,0,0.148,1.038,0.409,nan,nan,nan,nan,nan,nan,nan,nan,nan,0,0.006007,0.001228,-0.024,0.998,0.532,nan,nan,nan,nan,nan,nan,nan,nan,nan,-0.040399,nan,nan,nan,0,0,0,0,1.0000,1.0000,0.11812,0.33808,0.4023,0.34147,0.0000,0.0000,0.287,-0.01752,1.1698,0.421235,0.420863,-0.040233,1,-0.040233
2.0249,move->d,none,1.5457,0.421034,-0.016718,-0.428836,-0.000319,1.411751,0.018923,1.136282,1.565360,0.420863,-0.016668,-0.467801,-0.001501,1.479236,0.019583,1.109558,1.562349,0.209305,0.020889,0.396614,3.129783,-0.550013,-3.138622,0.02387,-0.03774,0.04428,0.00151,-0.00045,0.00013,0.02387,-0.03774,0.04428,0.00151,-0.00045,0.00013,0.00738,0.00066,-0.01303,0.00003,0.13871,0.00418,5.367,3.7900,0.00803,0,0,0,0,0.124,1.038,0.422,nan,nan,nan,nan,nan,nan,nan,nan,nan,0,0.006203,0.001258,-0.026,0.998,0.531,nan,nan,nan,nan,nan,nan,nan,nan,nan,0.007262,nan,nan,nan,0,0,0,0,1.0000,1.0000,0.11803,0.33036,0.4008,0.34311,0.0000,0.0000,0.286,-0.01732,1.1382,0.421034,0.419931,-0.040076,1,-0.040076
2.0316,move->d,none,1.5507,0.420835,-0.016706,-0.428081,-0.000229,1.410426,0.018857,1.136843,1.565485,0.419931,-0.016650,-0.467260,-0.001501,1.477631,0.019583,1.109785,1.562349,0.209463,0.019957,0.396988,3.129807,-0.549176,-3.138614,0.02367,-0.03611,0.04374,0.00155,0.00123,0.00009,0.02367,-0.03611,0.04374,0.00155,0.00123,0.00009,0.02485,-0.14597,0.05870,-0.00284,-0.13118,0.00318,5.351,3.7746,0.00813,0,0,0,0,0.119,1.050,0.474,nan,nan,nan,nan,nan,nan,nan,nan,nan,0,0.006707,0.001609,0.183,1.153,0.856,nan,nan,nan,nan,nan,nan,nan,nan,nan,-0.064530,nan,nan,nan,0,0,0,0,1.0000,1.0000,0.11794,0.32918,0.3992,0.34472,0.0000,0.0000,0.279,-0.01712,1.1070,0.420835,0.419931,-0.039917,1,-0.039917
2.0375,move->d,none,1.5557,0.420636,-0.016697,-0.427335,-0.000147,1.409120,0.018798,1.137390,1.565598,0.419931,-0.016668,-0.466701,-0.001518,1.476618,0.019583,1.110640,1.562366,0.209467,0.019951,0.397075,3.129782,-0.549577,-3.138629,0.02378,-0.03634,0.04377,0.00151,0.00042,0.00015,0.02378,-0.03634,0.04377,0.00151,0.00042,0.00015,0.00050,-0.00100,0.01346,0.00317,0.06268,-0.00439,5.405,3.7925,0.00864,0,0,0,0,0.121,1.064,0.529,nan,nan,nan,nan,nan,nan,nan,nan,nan,0,0.005862,0.001069,0.182,1.153,0.856,nan,nan,nan,nan,nan,nan,nan,nan,nan,-0.011753,nan,nan,nan,0,0,0,0,1.0000,1.0000,0.11785,0.32397,0.3976,0.34631,0.0000,0.0000,0.278,-0.01692,1.0762,0.420636,0.419931,-0.039756,1,-0.039756
2.0438,move->d,none,1.5607,0.420438,-0.016689,-0.426599,-0.000075,1.407832,0.018746,1.137925,1.565700,0.419931,-0.016650,-0.465916,-0.001553,1.475449,0.019600,1.111129,1.562366,0.209584,0.019948,0.397218,3.129751,-0.549681,-3.138610,0.02366,-0.03656,0.04369,0.00146,0.00022,0.00015,0.02366,-0.03656,0.04369,0.00146,0.00022,0.00015,0.01889,-0.00051,0.02304,0.00421,0.01677,0.00051,5.370,3.8004,0.00908,0,0,0,0,0.122,1.067,0.546,nan,nan,nan,nan,nan,nan,nan,nan,nan,0,0.006303,0.001142,0.112,1.024,0.410,nan,nan,nan,nan,nan,nan,nan,nan,nan,-0.029519,nan,nan,nan,0,0,0,0,1.0000,1.0000,0.11776,0.31906,0.3959,0.34789,0.0000,0.0000,0.277,-0.01672,1.0457,0.420438,0.419931,-0.039592,1,-0.039592
2.0498,move->d,none,1.5657,0.420241,-0.016682,-0.425864,-0.000011,1.406541,0.018701,1.138464,1.565790,0.419931,-0.016703,-0.464834,-0.001518,1.473651,0.019583,1.112002,1.562401,0.209723,0.019942,0.397446,3.129761,-0.549839,-3.138649,0.02349,-0.03678,0.04343,0.00148,-0.00010,0.00022,0.02349,-0.03678,0.04343,0.00148,-0.00010,0.00022,0.02258,-0.00088,0.03717,-0.00137,0.02568,-0.00568,5.257,3.7712,0.00868,0,0,0,0,0.140,1.059,0.536,nan,nan,nan,nan,nan,nan,nan,nan,nan,0,0.006020,0.001016,0.320,0.959,0.344,nan,nan,nan,nan,nan,nan,nan,nan,nan,-0.043498,nan,nan,nan,0,0,0,0,1.0000,1.0000,0.11768,0.31945,0.3943,0.34944,0.0000,0.0000,0.278,-0.01653,1.0156,0.420241,0.419515,-0.039425,1,-0.039425
2.0561,move->d,none,1.5707,0.420045,-0.016673,-0.425125,0.000062,1.405236,0.018647,1.139018,1.565894,0.419515,-0.016668,-0.463804,-0.001553,1.472011,0.019600,1.112281,1.562366,0.209951,0.019522,0.397722,3.129773,-0.549507,-3.138621,0.02315,-0.03616,0.04307,0.00150,0.00056,0.00016,0.02315,-0.03616,0.04307,0.00150,0.00056,0.00016,0.03864,-0.07121,0.04659,-0.00164,-0.05624,0.00591,5.166,3.7511,0.00799,0,0,0,0,0.159,1.060,0.482,nan,nan,nan,nan,nan,nan,nan,nan,nan,0,0.006268,0.001386,0.250,1.107,0.016,nan,nan,nan,nan,nan,nan,nan,nan,nan,-0.060642,nan,nan,nan,0,0,0,0,1.0000,1.0000,0.11759,0.32331,0.3926,0.35099,0.0000,0.0000,0.276,-0.01633,0.9858,0.420045,0.419515,-0.039256,1,-0.039256
2.0621,move->d,none,1.5757,0.419849,-0.016665,-0.424381,0.000127,1.403917,0.018601,1.139582,1.565986,0.419515,-0.016703,-0.462914,-0.001553,1.470597,0.019600,1.112822,1.562401,0.210093,0.019515,0.397914,3.129746,-0.549524,-3.138651,0.02297,-0.03636,0.04288,0.00146,0.00053,0.00025,0.02297,-0.03636,0.04288,0.00146,0.00053,0.00025,0.02237,-0.00109,0.03028,0.00365,0.00277,-0.00705,5.081,3.7449,0.00738,0,0,0,0,0.173,1.060,0.440,nan,nan,nan,nan,nan,nan,nan,nan,nan,0,0.006016,0.001060,0.217,1.058,0.298,nan,nan,nan,nan,nan,nan,nan,nan,nan,-0.037516,nan,nan,nan,0,0,0,0,1.0000,1.0000,0.11750,0.32646,0.3909,0.35256,0.0000,0.0000,0.278,-0.01613,0.9565,0.419849,0.419515,-0.039085,1,-0.039085
2.0678,move->d,none,1.5807,0.419655,-0.016659,-0.423622,0.000183,1.402558,0.018560,1.140174,1.566068,0.419515,-0.016668,-0.461657,-0.001553,1.468415,0.019583,1.113799,1.562419,0.210267,0.019517,0.398214,3.129758,-0.549577,-3.138626,0.02273,-0.03658,0.04247,0.00148,0.00042,0.00019,0.02273,-0.03658,0.04247,0.00148,0.00042,0.00019,0.02807,0.00030,0.04822,-0.00176,0.00849,0.00512,4.890,3.6955,0.00576,0,0,0,0,0.174,1.056,0.415,nan,nan,nan,nan,nan,nan,nan,nan,nan,0,0.005721,0.000583,0.097,1.018,0.379,nan,nan,nan,nan,nan,nan,nan,nan,nan,-0.055778,nan,nan,nan,0,0,0,0,1.0000,1.0000,0.11741,0.33594,0.3891,0.35415,0.0000,0.0000,0.282,-0.01594,0.9276,0.419655,0.419515,-0.038912,1,-0.038912
2.0741,move->d,none,1.5857,0.419461,-0.016655,-0.422870,0.000230,1.401215,0.018527,1.140754,1.566139,0.419515,-0.016668,-0.461657,-0.001553,1.468415,0.019583,1.113799,1.562419,0.210267,0.019517,0.398214,3.129758,-0.549577,-3.138626,0.02283,-0.03679,0.04265,0.00149,0.00042,0.00020,0.02283,-0.03679,0.04265,0.00149,0.00042,0.00020,0.00000,0.00000,0.00000,0.00000,0.00000,0.00000,5.044,3.7733,0.00648,0,0,0,0,0.174,1.070,0.429,nan,nan,nan,nan,nan,nan,nan,nan,nan,0,0.006270,0.001508,0.166,1.218,0.705,nan,nan,nan,nan,nan,nan,nan,nan,nan,0.000000,nan,nan,nan,0,0,0,0,1.0000,1.0000,0.11732,0.33174,0.3874,0.35578,0.0000,0.0000,0.281,-0.01574,0.8991,0.419461,0.419352,-0.038737,1,-0.038737
2.0810,move->d,none,1.5907,0.419268,-0.016650,-0.422104,0.000276,1.399832,0.018494,1.141367,1.566209,0.419352,-0.016633,-0.459964,-0.001518,1.465536,0.019617,1.114689,1.562489,0.210577,0.019379,0.398661,3.129693,-0.549280,-3.138530,0.02231,-0.03673,0.04194,0.00138,0.00102,0.00008,0.02231,-0.03673,0.04194,0.00138,0.00102,0.00008,0.04030,-0.01794,0.05816,0.00737,-0.03865,0.00805,4.699,3.6853,0.00463,0,0,0,0,0.165,1.062,0.407,nan,nan,nan,nan,nan,nan,nan,nan,nan,0,0.006889,0.000733,0.098,0.940,0.169,nan,nan,nan,nan,nan,nan,nan,nan,nan,-0.070829,nan,nan,nan,0,0,0,0,1.0000,1.0000,0.11723,0.34183,0.3856,0.35740,0.0000,0.0000,0.284,-0.01555,0.8709,0.419268,0.419352,-0.038559,1,-0.038559
2.0865,move->d,none,1.5957,0.419076,-0.016647,-0.421329,0.000313,1.398431,0.018468,1.141994,1.566267,0.419352,-0.016703,-0.459423,-0.001553,1.464506,0.019583,1.115004,1.562541,0.210678,0.019350,0.398834,3.129666,-0.549106,-3.138659,0.02221,-0.03687,0.04177,0.00133,0.00137,0.00036,0.02221,-0.03687,0.04177,0.00133,0.00137,0.00036,0.01903,-0.00555,0.03270,0.00441,-0.03278,-0.02682,4.666,3.7055,0.00399,0,0,0,0,0.169,1.058,0.397,nan,nan,nan,nan,nan,nan,nan,nan,nan,0,0.005541,0.000922,0.267,1.052,0.392,nan,nan,nan,nan,nan,nan,nan,nan,nan,-0.037882,nan,nan,nan,0,0,0,0,1.0000,1.0000,0.11714,0.34641,0.3838,0.35906,0.0000,0.0000,0.286,-0.01536,0.8433,0.419076,0.419352,-0.038379,1,-0.038379
2.0926,move->d,none,1.6007,0.418885,-0.016646,-0.420557,0.000341,1.397033,0.018449,1.142616,1.566314,0.419352,-0.016668,-0.458917,-0.001501,1.463651,0.019548,1.115580,1.562593,0.210713,0.019366,0.398920,3.129678,-0.549334,-3.138620,0.02224,-0.03710,0.04177,0.00135,0.00091,0.00028,0.02224,-0.03710,0.04177,0.00135,0.00091,0.00028,0.00593,0.00280,0.01447,-0.00180,0.03842,0.00761,4.741,3.7368,0.00409,0,0,0,0,0.178,1.069,0.397,nan,nan,nan,nan,nan,nan,nan,nan,nan,0,0.006073,0.001097,0.243,1.199,0.454,nan,nan,nan,nan,nan,nan,nan,nan,nan,-0.015403,nan,nan,nan,0,0,0,0,1.0000,1.0000,0.11705,0.34493,0.3820,0.36075,0.0000,0.0000,0.286,-0.01516,0.8160,0.418885,0.419352,-0.038196,1,-0.038196
2.0988,move->d,none,1.6057,0.418695,-0.016646,-0.419791,0.000360,1.395645,0.018437,1.143235,1.566350,0.419352,-0.016720,-0.458097,-0.001518,1.462394,0.019583,1.116051,1.562646,0.210846,0.019361,0.399086,3.129588,-0.549368,-3.138642,0.02207,-0.03729,0.04161,0.00120,0.00084,0.00042,0.02207,-0.03729,0.04161,0.00120,0.00084,0.00042,0.02198,-0.00090,0.02735,0.01264,0.00570,-0.01148,4.714,3.7449,0.00418,0,0,0,0,0.180,1.075,0.420,nan,nan,nan,nan,nan,nan,nan,nan,nan,0,0.006207,0.001240,0.143,1.082,0.641,nan,nan,nan,nan,nan,nan,nan,nan,nan,-0.034809,nan,nan,nan,0,0,0,0,1.0000,1.0000,0.11695,0.34268,0.3801,0.36244,0.0000,0.0000,0.286,-0.01497,0.7892,0.418695,0.419352,-0.038012,1,-0.038012
2.1050,move->d,none,1.6107,0.418506,-0.016647,-0.419026,0.000371,1.394257,0.018431,1.143859,1.566375,0.419352,-0.016720,-0.457241,-0.001484,1.460841,0.019600,1.116330,1.562646,0.211040,0.019370,0.399368,3.129604,-0.548949,-3.138606,0.02178,-0.03750,0.04122,0.00123,0.00168,0.00033,0.02178,-0.03750,0.04122,0.00123,0.00168,0.00033,0.03090,0.00153,0.04475,-0.00196,-0.06651,0.00706,4.563,3.7354,0.00395,0,0,0,0,0.179,1.060,0.439,nan,nan,nan,nan,nan,nan,nan,nan,nan,0,0.006230,0.001192,0.171,0.874,0.509,nan,nan,nan,nan,nan,nan,nan,nan,nan,-0.054282,nan,nan,nan,0,0,0,0,1.0000,1.0000,0.11686,0.34276,0.3782,0.36411,0.0000,0.0000,0.285,-0.01478,0.7628,0.418506,0.418945,-0.037825,1,-0.037825
2.1114,move->d,none,1.6157,0.418318,-0.016646,-0.418254,0.000391,1.392844,0.018417,1.144501,1.566413,0.418945,-0.016720,-0.455880,-0.001501,1.458711,0.019583,1.117377,1.562663,0.211215,0.018954,0.399616,3.129603,-0.549229,-3.138623,0.02152,-0.03685,0.04088,0.00123,0.00112,0.00037,0.02152,-0.03685,0.04088,0.00123,0.00112,0.00037,0.02746,-0.06545,0.03902,0.00000,0.04394,-0.00277,4.459,3.6929,0.00276,0,0,0,0,0.178,1.044,0.457,nan,nan,nan,nan,nan,nan,nan,nan,nan,0,0.006338,0.001157,0.172,0.980,0.531,nan,nan,nan,nan,nan,nan,nan,nan,nan,-0.048300,nan,nan,nan,0,0,0,0,1.0000,1.0000,0.11677,0.34881,0.3764,0.36578,0.0000,0.0000,0.286,-0.01459,0.7368,0.418318,0.418945,-0.037636,1,-0.037636
2.1172,move->d,none,1.6207,0.418131,-0.016648,-0.417476,0.000403,1.391417,0.018410,1.145152,1.566440,0.418945,-0.016703,-0.455147,-0.001449,1.457437,0.019617,1.117953,1.562733,0.211316,0.018983,0.399789,3.129533,-0.549263,-3.138531,0.02141,-0.03709,0.04069,0.00112,0.00105,0.00026,0.02141,-0.03709,0.04069,0.00112,0.00105,0.00026,0.01694,0.00493,0.02902,0.00999,0.00583,0.00936,4.440,3.7009,0.00215,0,0,0,0,0.162,1.029,0.451,nan,nan,nan,nan,nan,nan,nan,nan,nan,0,0.005851,0.001041,-0.017,0.943,0.289,nan,nan,nan,nan,nan,nan,nan,nan,nan,-0.033540,nan,nan,nan,0,0,0,0,1.0000,1.0000,0.11667,0.35231,0.3744,0.36749,0.0000,0.0000,0.288,-0.01441,0.7113,0.418131,0.418945,-0.037445,1,-0.037445
2.1229,move->d,none,1.6257,0.417945,-0.016651,-0.416696,0.000406,1.389981,0.018409,1.145813,1.566456,0.418945,-0.016668,-0.454379,-0.001379,1.456093,0.019583,1.118267,1.562803,0.211476,0.019004,0.400016,3.129545,-0.549003,-3.138490,0.02118,-0.03731,0.04040,0.00114,0.00157,0.00017,0.02118,-0.03731,0.04040,0.00114,0.00157,0.00017,0.02606,0.00329,0.03698,-0.00155,-0.04254,0.00767,4.359,3.7057,0.00170,0,0,0,0,0.153,1.029,0.447,nan,nan,nan,nan,nan,nan,nan,nan,nan,0,0.005647,0.000560,0.162,1.125,0.440,nan,nan,nan,nan,nan,nan,nan,nan,nan,-0.045107,nan,nan,nan,0,0,0,0,1.0000,1.0000,0.11657,0.35450,0.3725,0.36921,0.0000,0.0000,0.289,-0.01422,0.6862,0.417945,0.418945,-0.037252,1,-0.037252
2.1290,move->d,none,1.6307,0.417759,-0.016655,-0.415917,0.000400,1.388543,0.018415,1.146476,1.566461,0.418945,-0.016668,-0.453594,-0.001361,1.454784,0.019600,1.118773,1.562838,0.211600,0.019013,0.400199,3.129510,-0.548985,-3.138457,0.02101,-0.03751,0.04018,0.00108,0.00161,0.00015,0.02101,-0.03751,0.04018,0.00108,0.00161,0.00015,0.02203,0.00166,0.03240,0.00533,-0.00311,0.00261,4.339,3.7130,0.00146,0,0,0,0,0.147,1.042,0.426,nan,nan,nan,nan,nan,nan,nan,nan,nan,0,0.006159,0.001076,0.138,1.175,0.235,nan,nan,nan,nan,nan,nan,nan,nan,nan,-0.039120,nan,nan,nan,0,0,0,0,1.0000,1.0000,0.11648,0.35494,0.3706,0.37094,0.0000,0.0000,0.289,-0.01403,0.6616,0.417759,0.418945,-0.037056,1,-0.037056
2.1351,move->d,none,1.6357,0.417575,-0.016662,-0.415142,0.000385,1.387114,0.018428,1.147136,1.566455,0.418945,-0.016703,-0.452878,-0.001326,1.453615,0.019617,1.119297,1.562872,0.211701,0.019020,0.400350,3.129482,-0.549055,-3.138446,0.02090,-0.03769,0.04003,0.00103,0.00147,0.00016,0.02090,-0.03769,0.04003,0.00103,0.00147,0.00016,0.01754,0.00122,0.02620,0.00419,0.01221,-0.00070,4.366,3.7283,0.00154,0,0,0,0,0.151,1.047,0.402,nan,nan,nan,nan,nan,nan,nan,nan,nan,0,0.006086,0.001417,0.221,1.023,0.271,nan,nan,nan,nan,nan,nan,nan,nan,nan,-0.031488,nan,nan,nan,0,0,0,0,1.0000,1.0000,0.11638,0.35286,0.3686,0.37267,0.0000,0.0000,0.289,-0.01385,0.6374,0.417575,0.418085,-0.036859,1,-0.036859
2.1409,move->d,none,1.6407,0.417392,-0.016662,-0.414374,0.000401,1.385694,0.018416,1.147792,1.566488,0.418085,-0.016703,-0.452110,-0.001309,1.452271,0.019600,1.119838,1.562925,0.211819,0.018162,0.400542,3.129464,-0.549021,-3.138450,0.02074,-0.03614,0.03979,0.00100,0.00153,0.00019,0.02074,-0.03614,0.03979,0.00100,0.00153,0.00019,0.01914,-0.13934,0.03130,0.00247,-0.00557,-0.00205,4.287,3.7332,0.00160,0,0,0,0,0.149,1.039,0.407,nan,nan,nan,nan,nan,nan,nan,nan,nan,0,0.005781,0.001060,0.106,0.928,0.611,nan,nan,nan,nan,nan,nan,nan,nan,nan,-0.038148,nan,nan,nan,0,0,0,0,1.0000,1.0000,0.11628,0.35058,0.3666,0.37440,0.0000,0.0000,0.282,-0.01366,0.6137,0.417392,0.418085,-0.036660,1,-0.036660
2.1468,move->d,none,1.6457,0.417209,-0.016664,-0.413615,0.000409,1.384298,0.018411,1.148431,1.566509,0.418085,-0.016703,-0.451656,-0.001292,1.451346,0.019600,1.120484,1.562995,0.211838,0.018172,0.400651,3.129407,-0.549195,-3.138430,0.02078,-0.03633,0.03972,0.00091,0.00118,0.00021,0.02078,-0.03633,0.03972,0.00091,0.00118,0.00021,0.00301,0.00159,0.01715,0.00754,0.02765,-0.00162,4.358,3.7616,0.00223,0,0,0,0,0.144,1.026,0.391,nan,nan,nan,nan,nan,nan,nan,nan,nan,0,0.005874,0.000590,0.092,0.924,0.186,nan,nan,nan,nan,nan,nan,nan,nan,nan,-0.016184,nan,nan,nan,0,0,0,0,1.0000,1.0000,0.11619,0.34432,0.3646,0.37611,0.0000,0.0000,0.281,-0.01348,0.5905,0.417209,0.418085,-0.036458,1,-0.036458
2.1523,move->d,none,1.6507,0.417028,-0.016668,-0.412865,0.000408,1.382914,0.018414,1.149065,1.566519,0.418085,-0.016720,-0.450644,-0.001239,1.449740,0.019583,1.121217,1.563030,0.211978,0.018178,0.400848,3.129424,-0.549336,-3.138425,0.02058,-0.03650,0.03946,0.00094,0.00090,0.00019,0.02058,-0.03650,0.03946,0.00094,0.00090,0.00019,0.02695,0.00124,0.03787,-0.00272,0.02699,0.00262,4.311,3.7495,0.00226,0,0,0,0,0.155,1.034,0.386,nan,nan,nan,nan,nan,nan,nan,nan,nan,0,0.005514,0.000900,0.327,1.225,0.424,nan,nan,nan,nan,nan,nan,nan,nan,nan,-0.046349,nan,nan,nan,0,0,0,0,1.0000,1.0000,0.11609,0.34147,0.3625,0.37779,0.0000,0.0000,0.280,-0.01330,0.5677,0.417028,0.418085,-0.036254,1,-0.036254
2.1593,move->d,none,1.6557,0.416848,-0.016673,-0.412121,0.000398,1.381546,0.018422,1.149691,1.566519,0.418085,-0.016703,-0.450051,-0.001187,1.448571,0.019600,1.121741,1.563047,0.212059,0.018200,0.401023,3.129424,-0.549284,-3.138352,0.02050,-0.03670,0.03925,0.00094,0.00101,0.00004,0.02050,-0.03670,0.03925,0.00094,0.00101,0.00004,0.01313,0.00350,0.02846,-0.00006,-0.00845,0.01188,4.313,3.7619,0.00255,0,0,0,0,0.156,1.038,0.370,nan,nan,nan,nan,nan,nan,nan,nan,nan,0,0.007031,0.001786,0.109,1.022,0.273,nan,nan,nan,nan,nan,nan,nan,nan,nan,-0.031093,nan,nan,nan,0,0,0,0,1.0000,1.0000,0.11600,0.33763,0.3605,0.37946,0.0000,0.0000,0.279,-0.01312,0.5454,0.416848,0.417068,-0.036049,1,-0.036049
2.1657,move->d,none,1.6607,0.416669,-0.016671,-0.411385,0.000426,1.380191,0.018400,1.150308,1.566566,0.417068,-0.016720,-0.449230,-0.001222,1.447262,0.019583,1.122369,1.563099,0.212167,0.017169,0.401181,3.129377,-0.549423,-3.138403,0.02036,-0.03479,0.03907,0.00086,0.00073,0.00020,0.02036,-0.03479,0.03907,0.00086,0.00073,0.00020,0.01623,-0.15527,0.02364,0.00603,0.02101,-0.01140,4.294,3.7653,0.00273,0,0,0,0,0.138,1.020,0.383,nan,nan,nan,nan,nan,nan,nan,nan,nan,0,0.006384,0.001513,-0.031,0.838,0.568,nan,nan,nan,nan,nan,nan,nan,nan,nan,-0.030271,nan,nan,nan,0,0,0,0,1.0000,1.0000,0.11591,0.33423,0.3584,0.38111,0.0000,0.0000,0.271,-0.01293,0.5236,0.416669,0.417068,-0.035841,1,-0.035841
2.1711,move->d,none,1.6657,0.416491,-0.016671,-0.410652,0.000446,1.378840,0.018385,1.150930,1.566603,0.417068,-0.016668,-0.448410,-0.001169,1.445691,0.019583,1.122631,1.563099,0.212360,0.017190,0.401476,3.129420,-0.548935,-3.138322,0.02004,-0.03497,0.03860,0.00094,0.00171,-0.00001,0.02004,-0.03497,0.03860,0.00094,0.00171,-0.00001,0.03239,0.00358,0.04940,-0.00586,-0.08171,0.01727,4.113,3.7529,0.00251,0,0,0,0,0.118,0.998,0.402,nan,nan,nan,nan,nan,nan,nan,nan,nan,0,0.005443,0.000997,-0.029,0.838,0.569,nan,nan,nan,nan,nan,nan,nan,nan,nan,-0.059000,nan,nan,nan,0,0,0,0,1.0000,1.0000,0.11582,0.33376,0.3563,0.38274,0.0000,0.0000,0.270,-0.01276,0.5022,0.416491,0.417068,-0.035632,1,-0.035632
2.1771,move->d,none,1.6707,0.416313,-0.016672,-0.409921,0.000458,1.377490,0.018376,1.151553,1.566629,0.417068,-0.016703,-0.447555,-0.001187,1.444312,0.019600,1.123276,1.563134,0.212475,0.017183,0.401645,3.129365,-0.549057,-3.138343,0.01988,-0.03510,0.03839,0.00084,0.00146,0.00009,0.01988,-0.03510,0.03839,0.00084,0.00146,0.00009,0.02028,-0.00121,0.02979,0.00816,0.02145,-0.00864,4.086,3.7513,0.00230,0,0,0,0,0.117,1.005,0.412,nan,nan,nan,nan,nan,nan,nan,nan,nan,0,0.005957,0.001277,0.236,1.212,0.395,nan,nan,nan,nan,nan,nan,nan,nan,nan,-0.036001,nan,nan,nan,0,0,0,0,1.0000,1.0000,0.11572,0.33326,0.3542,0.38437,0.0000,0.0000,0.270,-0.01258,0.4813,0.416313,0.417068,-0.035420,1,-0.035420
2.1832,move->d,none,1.6757,0.416137,-0.016675,-0.409200,0.000463,1.376152,0.018374,1.152167,1.566645,0.417068,-0.016755,-0.446647,-0.001169,1.443317,0.019583,1.123852,1.563169,0.212585,0.017174,0.401689,3.129352,-0.549546,-3.138391,0.01973,-0.03522,0.03842,0.00083,0.00048,0.00021,0.01973,-0.03522,0.03842,0.00083,0.00048,0.00021,0.01634,-0.00142,0.00654,0.00138,0.07279,-0.00821,4.185,3.7717,0.00255,0,0,0,0,0.127,1.027,0.416,nan,nan,nan,nan,nan,nan,nan,nan,nan,0,0.006120,0.000673,0.235,1.212,0.395,nan,nan,nan,nan,nan,nan,nan,nan,nan,-0.014125,nan,nan,nan,0,0,0,0,1.0000,1.0000,0.11563,0.32961,0.3521,0.38600,0.0000,0.0000,0.270,-0.01240,0.4609,0.416137,0.417068,-0.035207,1,-0.035207
2.1897,move->d,none,1.6807,0.415962,-0.016679,-0.408481,0.000459,1.374822,0.018378,1.152779,1.566651,0.417068,-0.016703,-0.446159,-0.001187,1.441886,0.019600,1.124446,1.563222,0.212655,0.017187,0.401961,3.129290,-0.549197,-3.138331,0.01966,-0.03539,0.03800,0.00072,0.00118,0.00015,0.01966,-0.03539,0.03800,0.00072,0.00118,0.00015,0.01121,0.00223,0.04391,0.00870,-0.05649,0.00455,4.088,3.7663,0.00247,0,0,0,0,0.139,1.040,0.421,nan,nan,nan,nan,nan,nan,nan,nan,nan,0,0.006497,0.000967,0.192,1.046,0.446,nan,nan,nan,nan,nan,nan,nan,nan,nan,-0.043282,nan,nan,nan,0,0,0,0,1.0000,1.0000,0.11554,0.32829,0.3499,0.38761,0.0000,0.0000,0.269,-0.01222,0.4409,0.415962,0.417068,-0.034992,1,-0.034992
2.1959,move->d,none,1.6857,0.415789,-0.016685,-0.407765,0.000447,1.373500,0.018388,1.153389,1.566647,0.417068,-0.016703,-0.445513,-0.001134,1.440665,0.019617,1.124935,1.563187,0.212754,0.017201,0.402146,3.129344,-0.549109,-3.138276,0.01952,-0.03554,0.03774,0.00081,0.00136,-0.00001,0.01952,-0.03554,0.03774,0.00081,0.00136,-0.00001,0.01667,0.00225,0.03110,-0.00756,-0.01463,0.01386,4.071,3.7725,0.00250,0,0,0,0,0.147,1.033,0.433,nan,nan,nan,nan,nan,nan,nan,nan,nan,0,0.006193,0.001203,0.166,0.902,0.530,nan,nan,nan,nan,nan,nan,nan,nan,nan,-0.035206,nan,nan,nan,0,0,0,0,1.0000,1.0000,0.11545,0.32629,0.3477,0.38921,0.0000,0.0000,0.268,-0.01205,0.4214,0.415789,0.415729,-0.034775,1,-0.034775
2.2018,move->d,none,1.6907,0.415616,-0.016680,-0.407051,0.000488,1.372178,0.018355,1.154002,1.566710,0.415729,-0.016720,-0.444640,-0.001169,1.439146,0.019583,1.125301,1.563222,0.212933,0.015841,0.402397,3.129338,-0.548831,-3.138354,0.01923,-0.03295,0.03735,0.00080,0.00191,0.00015,0.01923,-0.03295,0.03735,0.00080,0.00191,0.00015,0.02926,-0.22230,0.04101,0.00093,-0.04560,-0.01320,3.965,3.7613,0.00218,0,0,0,0,0.152,1.013,0.448,nan,nan,nan,nan,nan,nan,nan,nan,nan,0,0.005864,0.000942,0.159,0.834,0.538,nan,nan,nan,nan,nan,nan,nan,nan,nan,-0.052595,nan,nan,nan,0,0,0,0,1.0000,1.0000,0.11536,0.32686,0.3456,0.39080,0.0000,0.0000,0.259,-0.01188,0.4024,0.415616,0.415729,-0.034556,1,-0.034556
2.2075,move->d,none,1.6957,0.415444,-0.016677,-0.406357,0.000521,1.370900,0.018329,1.154588,1.566762,0.415729,-0.016720,-0.444640,-0.001169,1.439146,0.019583,1.125301,1.563222,0.212933,0.015841,0.402397,3.129338,-0.548831,-3.138354,0.01929,-0.03308,0.03746,0.00080,0.00191,0.00016,0.01929,-0.03308,0.03746,0.00080,0.00191,0.00016,0.00000,0.00000,0.00000,0.00000,0.00000,0.00000,4.106,3.8370,0.00362,0,0,0,0,0.165,1.010,0.457,nan,nan,nan,nan,nan,nan,nan,nan,nan,0,0.005693,0.000991,0.285,1.099,0.473,nan,nan,nan,nan,nan,nan,nan,nan,nan,0.000000,nan,nan,nan,0,0,0,0,1.0000,1.0000,0.11527,0.31576,0.3434,0.39240,0.0000,0.0000,0.255,-0.01170,0.3839,0.415444,0.415729,-0.034335,1,-0.034335
2.2138,move->d,none,1.7007,0.415274,-0.016676,-0.405682,0.000546,1.369661,0.018310,1.155148,1.566803,0.415729,-0.016755,-0.443907,-0.001117,1.438082,0.019583,1.126174,1.563239,0.212965,0.015849,0.402456,3.129345,-0.549372,-3.138340,0.01928,-0.03321,0.03744,0.00082,0.00083,0.00012,0.01928,-0.03321,0.03744,0.00082,0.00083,0.00012,0.00534,0.00125,0.00988,-0.00134,0.08999,0.00291,4.189,3.8492,0.00458,0,0,0,0,0.172,1.010,0.449,nan,nan,nan,nan,nan,nan,nan,nan,nan,0,0.006372,0.001363,0.172,1.032,0.324,nan,nan,nan,nan,nan,nan,nan,nan,nan,-0.011196,nan,nan,nan,0,0,0,0,1.0000,1.0000,0.11518,0.30562,0.3411,0.39394,0.0000,0.0000,0.252,-0.01153,0.3659,0.415274,0.415729,-0.034112,1,-0.034112
2.2203,move->d,none,1.7057,0.415104,-0.016676,-0.405007,0.000563,1.368418,0.018297,1.155715,1.566836,0.415729,-0.016703,-0.442685,-0.001117,1.435847,0.019583,1.126924,1.563257,0.213180,0.015858,0.402807,3.129345,-0.549110,-3.138285,0.01891,-0.03334,0.03684,0.00082,0.00135,0.00002,0.01891,-0.03334,0.03684,0.00082,0.00135,0.00002,0.03236,0.00136,0.05286,0.00015,-0.03948,0.00827,3.946,3.7922,0.00393,0,0,0,0,0.169,1.011,0.461,nan,nan,nan,nan,nan,nan,nan,nan,nan,0,0.006460,0.001171,0.104,1.011,0.603,nan,nan,nan,nan,nan,nan,nan,nan,nan,-0.061961,nan,nan,nan,0,0,0,0,1.0000,1.0000,0.11510,0.30673,0.3389,0.39543,0.0000,0.0000,0.252,-0.01136,0.3483,0.415104,0.414812,-0.033888,1,-0.033888
2.2272,move->d,none,1.7107,0.414936,-0.016669,-0.404331,0.000614,1.367172,0.018255,1.156287,1.566911,0.414812,-0.016755,-0.441987,-0.001100,1.434573,0.019600,1.127343,1.563239,0.213304,0.014935,0.403008,3.129364,-0.548953,-3.138307,0.01872,-0.03161,0.03654,0.00085,0.00167,0.00004,0.01872,-0.03161,0.03654,0.00085,0.00167,0.00004,0.01879,-0.13951,0.03034,-0.00237,-0.02375,-0.00173,3.978,3.7904,0.00356,0,0,0,0,0.152,1.014,0.454,nan,nan,nan,nan,nan,nan,nan,nan,nan,0,0.006877,0.001471,0.028,1.043,0.349,nan,nan,nan,nan,nan,nan,nan,nan,nan,-0.037153,nan,nan,nan,0,0,0,0,1.0000,1.0000,0.11502,0.30831,0.3366,0.39693,0.0000,0.0000,0.246,-0.01119,0.3312,0.414936,0.414812,-0.033662,1,-0.033662
2.2334,move->d,none,1.7157,0.414769,-0.016663,-0.403658,0.000658,1.365929,0.018220,1.156862,1.566976,0.414812,-0.016668,-0.441376,-0.001117,1.433526,0.019600,1.127465,1.563239,0.213453,0.014946,0.403198,3.129365,-0.548639,-3.138234,0.01847,-0.03174,0.03625,0.00085,0.00230,-0.00010,0.01847,-0.03174,0.03625,0.00085,0.00230,-0.00010,0.02290,0.00176,0.02917,-0.00000,-0.04833,0.01123,3.882,3.8018,0.00348,0,0,0,0,0.154,1.014,0.492,nan,nan,nan,nan,nan,nan,nan,nan,nan,0,0.006266,0.001181,0.247,0.995,0.889,nan,nan,nan,nan,nan,nan,nan,nan,nan,-0.036815,nan,nan,nan,0,0,0,0,1.0000,1.0000,0.11493,0.30750,0.3343,0.39843,0.0000,0.0000,0.246,-0.01102,0.3146,0.414769,0.414812,-0.033434,1,-0.033434
2.2390,move->d,none,1.7207,0.414603,-0.016660,-0.403002,0.000694,1.364714,0.018191,1.157417,1.567032,0.414812,-0.016703,-0.440696,-0.001117,1.433072,0.019548,1.128041,1.563239,0.213489,0.014926,0.403114,3.129405,-0.549443,-3.138309,0.01845,-0.03180,0.03651,0.00093,0.00069,0.00001,0.01845,-0.03180,0.03651,0.00093,0.00069,0.00001,0.00625,-0.00347,-0.01452,-0.00633,0.13950,-0.00938,4.087,3.8471,0.00428,0,0,0,0,0.139,1.007,0.485,nan,nan,nan,nan,nan,nan,nan,nan,nan,0,0.005548,0.000985,-0.046,0.922,0.176,nan,nan,nan,nan,nan,nan,nan,nan,nan,0.009080,nan,nan,nan,0,0,0,0,1.0000,1.0000,0.11485,0.29979,0.3320,0.39993,0.0000,0.0000,0.244,-0.01086,0.2984,0.414603,0.414812,-0.033205,1,-0.033205
2.2458,move->d,none,1.7257,0.414438,-0.016657,-0.402350,0.000723,1.363511,0.018168,1.157969,1.567079,0.414812,-0.016720,-0.440172,-0.001100,1.431624,0.019600,1.128303,1.563257,0.213626,0.014938,0.403432,3.129365,-0.548779,-3.138267,0.01823,-0.03193,0.03596,0.00086,0.00202,-0.00004,0.01823,-0.03193,0.03596,0.00086,0.00202,-0.00004,0.02057,0.00182,0.04771,0.00544,-0.09980,0.00325,3.885,3.8337,0.00433,0,0,0,0,0.141,1.011,0.468,nan,nan,nan,nan,nan,nan,nan,nan,nan,0,0.006820,0.001176,0.230,1.081,0.363,nan,nan,nan,nan,nan,nan,nan,nan,nan,-0.051411,nan,nan,nan,0,0,0,0,1.0000,1.0000,0.11476,0.29709,0.3297,0.40140,0.0000,0.0000,0.242,-0.01069,0.2828,0.414438,0.414812,-0.032973,1,-0.032973
2.2517,move->d,none,1.7307,0.414274,-0.016656,-0.401693,0.000744,1.362292,0.018152,1.158536,1.567116,0.414812,-0.016773,-0.439020,-0.001134,1.429582,0.019583,1.129054,1.563257,0.213816,0.014911,0.403734,3.129379,-0.548639,-3.138356,0.01789,-0.03197,0.03544,0.00088,0.00230,0.00013,0.01789,-0.03197,0.03544,0.00088,0.00230,0.00013,0.03143,-0.00456,0.05000,-0.00190,-0.02311,-0.01354,3.690,3.7856,0.00334,0,0,0,0,0.144,1.009,0.447,nan,nan,nan,nan,nan,nan,nan,nan,nan,0,0.005858,0.000957,0.173,0.970,0.305,nan,nan,nan,nan,nan,nan,nan,nan,nan,-0.059096,nan,nan,nan,0,0,0,0,1.0000,1.0000,0.11468,0.30135,0.3274,0.40285,0.0000,0.0000,0.243,-0.01052,0.2675,0.414274,0.413932,-0.032741,1,-0.032741
2.2578,move->d,none,1.7357,0.414111,-0.016648,-0.401039,0.000798,1.361079,0.018108,1.159099,1.567194,0.413932,-0.016790,-0.438706,-0.001134,1.428988,0.019583,1.129368,1.563257,0.213850,0.014026,0.403812,3.129383,-0.548674,-3.138370,0.01787,-0.03029,0.03536,0.00089,0.00223,0.00016,0.01787,-0.03029,0.03536,0.00089,0.00223,0.00016,0.00577,-0.14909,0.01316,-0.00052,0.00589,-0.00210,3.878,3.8214,0.00348,0,0,0,0,0.138,1.017,0.445,nan,nan,nan,nan,nan,nan,nan,nan,nan,0,0.006122,0.001172,0.060,1.109,0.547,nan,nan,nan,nan,nan,nan,nan,nan,nan,-0.015805,nan,nan,nan,0,0,0,0,1.0000,1.0000,0.11460,0.30008,0.3251,0.40432,0.0000,0.0000,0.237,-0.01036,0.2528,0.414111,0.413932,-0.032506,1,-0.032506
2.2647,move->d,none,1.7407,0.413950,-0.016642,-0.400380,0.000845,1.359848,0.018070,1.159678,1.567263,0.413932,-0.016773,-0.437449,-0.001100,1.426999,0.019600,1.130101,1.563257,0.214057,0.014040,0.404077,3.129394,-0.548674,-3.138306,0.01750,-0.03040,0.03491,0.00091,0.00223,0.00002,0.01750,-0.03040,0.03491,0.00091,0.00223,0.00002,0.02754,0.00181,0.03527,-0.00124,0.00000,0.00933,3.688,3.7769,0.00243,0,0,0,0,0.138,1.025,0.446,nan,nan,nan,nan,nan,nan,nan,nan,nan,0,0.006880,0.000527,0.163,1.051,0.459,nan,nan,nan,nan,nan,nan,nan,nan,nan,-0.044433,nan,nan,nan,0,0,0,0,1.0000,1.0000,0.11451,0.30468,0.3227,0.40578,0.0000,0.0000,0.239,-0.01020,0.2385,0.413950,0.413932,-0.032270,1,-0.032270
2.2702,move->d,none,1.7457,0.413790,-0.016637,-0.399718,0.000884,1.358608,0.018038,1.160265,1.567323,0.413932,-0.016790,-0.436943,-0.001100,1.425969,0.019600,1.130328,1.563291,0.214168,0.014037,0.404268,3.129370,-0.548378,-3.138326,0.01732,-0.03048,0.03460,0.00087,0.00282,0.00008,0.01732,-0.03048,0.03460,0.00087,0.00282,0.00008,0.02147,-0.00056,0.03668,0.00415,-0.05715,-0.00622,3.601,3.7885,0.00200,0,0,0,0,0.134,1.024,0.422,nan,nan,nan,nan,nan,nan,nan,nan,nan,0,0.005509,0.000851,0.093,0.974,0.134,nan,nan,nan,nan,nan,nan,nan,nan,nan,-0.042501,nan,nan,nan,0,0,0,0,1.0000,1.0000,0.11443,0.30672,0.3203,0.40727,0.0000,0.0000,0.239,-0.01004,0.2247,0.413790,0.413932,-0.032032,1,-0.032032
2.2763,move->d,none,1.7507,0.413631,-0.016633,-0.399058,0.000915,1.357371,0.018013,1.160853,1.567374,0.413932,-0.016790,-0.436367,-0.001065,1.424992,0.019583,1.130659,1.563326,0.214268,0.014043,0.404411,3.129376,-0.548308,-3.138320,0.01716,-0.03057,0.03439,0.00088,0.00296,0.00007,0.01716,-0.03057,0.03439,0.00088,0.00296,0.00007,0.01784,0.00111,0.02547,-0.00088,-0.01234,0.00160,3.565,3.8035,0.00189,0,0,0,0,0.138,1.022,0.431,nan,nan,nan,nan,nan,nan,nan,nan,nan,0,0.006169,0.001438,0.199,1.006,0.659,nan,nan,nan,nan,nan,nan,nan,nan,nan,-0.031024,nan,nan,nan,0,0,0,0,1.0000,1.0000,0.11435,0.30599,0.3179,0.40877,0.0000,0.0000,0.239,-0.00988,0.2114,0.413631,0.413932,-0.031793,1,-0.031793
2.2831,move->d,none,1.7557,0.413473,-0.016632,-0.398409,0.000940,1.356155,0.017993,1.161428,1.567415,0.413932,-0.016773,-0.435913,-0.001100,1.424346,0.019617,1.131130,1.563361,0.214300,0.014048,0.404452,3.129289,-0.548587,-3.138280,0.01713,-0.03066,0.03437,0.00073,0.00240,0.00008,0.01713,-0.03066,0.03437,0.00073,0.00240,0.00008,0.00461,0.00074,0.00605,0.01056,0.04025,-0.00080,3.650,3.8374,0.00240,0,0,0,0,0.137,1.021,0.407,nan,nan,nan,nan,nan,nan,nan,nan,nan,0,0.006761,0.001264,0.103,1.024,0.168,nan,nan,nan,nan,nan,nan,nan,nan,nan,-0.007560,nan,nan,nan,0,0,0,0,1.0000,1.0000,0.11426,0.30052,0.3155,0.41026,0.0000,0.0000,0.237,-0.00972,0.1985,0.413473,0.413932,-0.031553,1,-0.031553
2.2891,move->d,none,1.7607,0.413317,-0.016631,-0.397768,0.000958,1.354951,0.017979,1.161999,1.567447,0.413932,-0.016790,-0.435076,-0.001134,1.423054,0.019548,1.131392,1.563396,0.214477,0.014019,0.404651,3.129314,-0.548396,-3.138395,0.01681,-0.03067,0.03403,0.00077,0.00278,0.00029,0.01681,-0.03067,0.03403,0.00077,0.00278,0.00029,0.03012,-0.00503,0.03367,-0.00355,-0.03248,-0.01734,3.558,3.8331,0.00247,0,0,0,0,0.148,1.034,0.404,nan,nan,nan,nan,nan,nan,nan,nan,nan,0,0.005956,0.001334,0.278,1.172,0.482,nan,nan,nan,nan,nan,nan,nan,nan,nan,-0.044487,nan,nan,nan,0,0,0,0,1.0000,1.0000,0.11418,0.29747,0.3131,0.41173,0.0000,0.0000,0.235,-0.00956,0.1860,0.413317,0.413143,-0.031310,1,-0.031310
2.2962,move->d,none,1.7657,0.413161,-0.016624,-0.397135,0.001004,1.353765,0.017941,1.162562,1.567514,0.413143,-0.016773,-0.434500,-0.001047,1.422094,0.019583,1.131759,1.563483,0.214570,0.013270,0.404783,3.129241,-0.548378,-3.138281,0.01666,-0.02924,0.03383,0.00065,0.00282,0.00013,0.01666,-0.02924,0.03383,0.00065,0.00282,0.00013,0.01233,-0.09962,0.01756,0.00827,-0.00227,0.01011,3.638,3.8470,0.00275,0,0,0,0,0.146,1.033,0.416,nan,nan,nan,nan,nan,nan,nan,nan,nan,0,0.007132,0.000951,0.074,0.966,0.525,nan,nan,nan,nan,nan,nan,nan,nan,nan,-0.022467,nan,nan,nan,0,0,0,0,1.0000,1.0000,0.11409,0.29372,0.3107,0.41318,0.0000,0.0000,0.229,-0.00940,0.1740,0.413161,0.413143,-0.031067,1,-0.031067
2.3022,move->d,none,1.7707,0.413007,-0.016619,-0.396516,0.001043,1.352608,0.017909,1.163105,1.567571,0.413143,-0.016755,-0.434151,-0.001047,1.421466,0.019600,1.132265,1.563553,0.214577,0.013283,0.404836,3.129156,-0.548605,-3.138238,0.01668,-0.02933,0.03378,0.00051,0.00236,0.00014,0.01668,-0.02933,0.03378,0.00051,0.00236,0.00014,0.00114,0.00216,0.00852,0.01155,0.03622,-0.00017,3.698,3.8790,0.00350,0,0,0,0,0.138,1.035,0.416,nan,nan,nan,nan,nan,nan,nan,nan,nan,0,0.006009,0.000699,0.064,1.061,0.367,nan,nan,nan,nan,nan,nan,nan,nan,nan,-0.007839,nan,nan,nan,0,0,0,0,1.0000,1.0000,0.11401,0.28612,0.3082,0.41462,0.0000,0.0000,0.226,-0.00925,0.1625,0.413007,0.413143,-0.030822,1,-0.030822
2.3085,move->d,none,1.7757,0.412854,-0.016616,-0.395907,0.001074,1.351469,0.017884,1.163640,1.567618,0.413143,-0.016773,-0.433435,-0.000942,1.420227,0.019548,1.132736,1.563623,0.214692,0.013299,0.405012,3.129197,-0.548554,-3.138239,0.01648,-0.02943,0.03348,0.00058,0.00246,0.00010,0.01648,-0.02943,0.03348,0.00058,0.00246,0.00010,0.01977,0.00263,0.03021,-0.00596,-0.00868,0.00338,3.623,3.8743,0.00374,0,0,0,0,0.154,1.053,0.450,nan,nan,nan,nan,nan,nan,nan,nan,nan,0,0.006339,0.001201,0.348,1.213,0.766,nan,nan,nan,nan,nan,nan,nan,nan,nan,-0.036058,nan,nan,nan,0,0,0,0,1.0000,1.0000,0.11393,0.28151,0.3058,0.41601,0.0000,0.0000,0.224,-0.00909,0.1514,0.412854,0.413143,-0.030575,1,-0.030575
2.3159,move->d,none,1.7807,0.412703,-0.016614,-0.395304,0.001097,1.350343,0.017864,1.164167,1.567656,0.413143,-0.016790,-0.432772,-0.000908,1.419075,0.019583,1.133347,1.563693,0.214768,0.013317,0.405151,3.129115,-0.548676,-3.138190,0.01635,-0.02952,0.03325,0.00044,0.00222,0.00009,0.01635,-0.02952,0.03325,0.00044,0.00222,0.00009,0.01015,0.00245,0.01876,0.00933,0.01647,0.00092,3.598,3.8735,0.00384,0,0,0,0,0.163,1.050,0.419,nan,nan,nan,nan,nan,nan,nan,nan,nan,0,0.007366,0.001160,0.163,0.953,0.055,nan,nan,nan,nan,nan,nan,nan,nan,nan,-0.021278,nan,nan,nan,0,0,0,0,1.0000,1.0000,0.11386,0.27821,0.3033,0.41739,0.0000,0.0000,0.223,-0.00894,0.1408,0.412703,0.413143,-0.030328,1,-0.030328
2.3219,move->d,none,1.7857,0.412552,-0.016614,-0.394696,0.001113,1.349196,0.017850,1.164712,1.567684,0.413143,-0.016790,-0.431515,-0.000803,1.416963,0.019600,1.134132,1.563832,0.214974,0.013356,0.405446,3.129023,-0.548607,-3.138098,0.01597,-0.02965,0.03271,0.00028,0.00236,-0.00000,0.01597,-0.02965,0.03271,0.00028,0.00236,-0.00000,0.03313,0.00637,0.04739,0.01274,-0.01108,0.00714,3.401,3.8171,0.00269,0,0,0,0,0.157,1.052,0.416,nan,nan,nan,nan,nan,nan,nan,nan,nan,0,0.006036,0.001003,0.052,1.091,0.528,nan,nan,nan,nan,nan,nan,nan,nan,nan,-0.057645,nan,nan,nan,0,0,0,0,1.0000,1.0000,0.11378,0.28328,0.3008,0.41875,0.0000,0.0000,0.225,-0.00879,0.1305,0.412552,0.413143,-0.030078,1,-0.030078
2.3284,move->d,none,1.7907,0.412403,-0.016616,-0.394088,0.001122,1.348039,0.017841,1.165263,1.567703,0.413143,-0.016773,-0.430538,-0.000750,1.415968,0.019583,1.134708,1.563902,0.215096,0.013374,0.405471,3.128990,-0.549166,-3.138052,0.01575,-0.02974,0.03270,0.00023,0.00124,-0.00006,0.01575,-0.02974,0.03270,0.00023,0.00124,-0.00006,0.01966,0.00276,0.00406,0.00418,0.08954,0.00451,3.494,3.8258,0.00216,0,0,0,0,0.151,1.067,0.437,nan,nan,nan,nan,nan,nan,nan,nan,nan,0,0.006440,0.001188,0.129,1.186,0.637,nan,nan,nan,nan,nan,nan,nan,nan,nan,-0.013693,nan,nan,nan,0,0,0,0,1.0000,1.0000,0.11370,0.28533,0.2983,0.42013,0.0000,0.0000,0.227,-0.00864,0.1208,0.412403,0.412294,-0.029828,1,-0.029828
2.3346,move->d,none,1.7957,0.412255,-0.016610,-0.393473,0.001162,1.346872,0.017806,1.165823,1.567762,0.412294,-0.016773,-0.430206,-0.000733,1.414746,0.019583,1.135180,1.563972,0.215147,0.012534,0.405724,3.128945,-0.548748,-3.138042,0.01567,-0.02810,0.03223,0.00015,0.00208,-0.00003,0.01567,-0.02810,0.03223,0.00015,0.00208,-0.00003,0.00798,-0.13221,0.03981,0.00624,-0.06593,-0.00206,3.431,3.8221,0.00159,0,0,0,0,0.145,1.071,0.434,nan,nan,nan,nan,nan,nan,nan,nan,nan,0,0.006261,0.001091,0.120,1.037,0.299,nan,nan,nan,nan,nan,nan,nan,nan,nan,-0.039555,nan,nan,nan,0,0,0,0,1.0000,1.0000,0.11362,0.28839,0.2958,0.42152,0.0000,0.0000,0.222,-0.00849,0.1114,0.412255,0.412294,-0.029576,1,-0.029576
2.3406,move->d,none,1.8007,0.412109,-0.016607,-0.392857,0.001195,1.345694,0.017776,1.166392,1.567812,0.412294,-0.016790,-0.429299,-0.000646,1.413437,0.019600,1.135668,1.564077,0.215296,0.012564,0.405878,3.128871,-0.548835,-3.137978,0.01539,-0.02820,0.03196,0.00003,0.00190,-0.00008,0.01539,-0.02820,0.03196,0.00003,0.00190,-0.00008,0.02318,0.00459,0.02402,0.00985,0.01372,0.00385,3.365,3.8139,0.00094,0,0,0,0,0.136,1.058,0.436,nan,nan,nan,nan,nan,nan,nan,nan,nan,0,0.005929,0.000596,0.071,0.905,0.482,nan,nan,nan,nan,nan,nan,nan,nan,nan,-0.032538,nan,nan,nan,0,0,0,0,1.0000,1.0000,0.11354,0.29101,0.2932,0.42293,0.0000,0.0000,0.223,-0.00834,0.1025,0.412109,0.412294,-0.029323,1,-0.029323
2.3466,move->d,none,1.8057,0.411963,-0.016604,-0.392253,0.001221,1.344545,0.017752,1.166944,1.567852,0.412294,-0.016790,-0.429299,-0.000646,1.413437,0.019600,1.135668,1.564077,0.215296,0.012564,0.405878,3.128871,-0.548835,-3.137978,0.01541,-0.02824,0.03200,0.00003,0.00190,-0.00008,0.01541,-0.02824,0.03200,0.00003,0.00190,-0.00008,0.02318,0.00459,0.02402,0.00985,0.01372,0.00385,3.485,3.8814,0.00181,0,0,0,0,0.126,1.038,0.441,nan,nan,nan,nan,nan,nan,nan,nan,nan,0,0.006059,0.006610,0.071,0.905,0.482,nan,nan,nan,nan,nan,nan,nan,nan,nan,-0.032538,nan,nan,nan,0,0,0,0,1.0000,1.0000,0.11346,0.28390,0.2907,0.42436,0.0000,0.0000,0.220,-0.00820,0.0940,0.411963,0.412294,-0.029069,1,-0.029069
2.3526,move->d,none,1.8107,0.411819,-0.016604,-0.391660,0.001240,1.343415,0.017734,1.167487,1.567884,0.412294,-0.016790,-0.428566,-0.000593,1.412286,0.019600,1.135982,1.564094,0.215437,0.012577,0.406045,3.128886,-0.548731,-3.137943,0.01514,-0.02830,0.03169,0.00005,0.00211,-0.00016,0.01514,-0.02830,0.03169,0.00005,0.00211,-0.00016,0.01231,0.00113,0.01452,-0.00109,-0.00910,0.00379,3.422,3.8813,0.00209,0,0,0,0,0.116,1.017,0.448,nan,nan,nan,nan,nan,nan,nan,nan,nan,0,0.006008,0.001197,0.071,0.905,0.482,nan,nan,nan,nan,nan,nan,nan,nan,nan,-0.018793,nan,nan,nan,0,0,0,0,1.0000,1.0000,0.11338,0.27898,0.2881,0.42574,0.0000,0.0000,0.218,-0.00805,0.0859,0.411819,0.412294,-0.028813,1,-0.028813
2.3600,move->d,none,1.8157,0.411677,-0.016605,-0.391066,0.001252,1.342271,0.017721,1.168039,1.567907,0.412294,-0.016773,-0.427187,-0.000541,1.410226,0.019583,1.137152,1.564269,0.215589,0.012602,0.406238,3.128758,-0.549220,-3.137893,0.01485,-0.02838,0.03133,-0.00016,0.00113,-0.00013,0.01485,-0.02838,0.03133,-0.00016,0.00113,-0.00013,0.02099,0.00350,0.02667,0.01486,0.06755,-0.00232,3.339,3.8280,0.00113,0,0,0,0,0.136,1.025,0.443,nan,nan,nan,nan,nan,nan,nan,nan,nan,0,0.007327,0.001313,0.325,1.180,0.386,nan,nan,nan,nan,nan,nan,nan,nan,nan,-0.033660,nan,nan,nan,0,0,0,0,1.0000,1.0000,0.11330,0.28202,0.2856,0.42711,0.0000,0.0000,0.220,-0.00791,0.0782,0.411677,0.411457,-0.028557,1,-0.028557
2.3664,move->d,none,1.8207,0.411535,-0.016599,-0.390467,0.001295,1.341115,0.017681,1.168601,1.567968,0.411457,-0.016773,-0.426541,-0.000454,1.409004,0.019548,1.137745,1.564356,0.215669,0.011785,0.406405,3.128754,-0.549239,-3.137867,0.01471,-0.02678,0.03102,-0.00017,0.00109,-0.00018,0.01471,-0.02678,0.03102,-0.00017,0.00109,-0.00018,0.01256,-0.12789,0.02604,0.00045,0.00296,0.00377,3.357,3.8235,0.00046,0,0,0,0,0.147,1.037,0.435,nan,nan,nan,nan,nan,nan,nan,nan,nan,0,0.006482,0.001360,0.160,1.111,0.380,nan,nan,nan,nan,nan,nan,nan,nan,nan,-0.030157,nan,nan,nan,0,0,0,0,1.0000,1.0000,0.11322,0.28550,0.2830,0.42849,0.0000,0.0000,0.216,-0.00776,0.0709,0.411535,0.411457,-0.028299,1,-0.028299
2.3723,move->d,none,1.8257,0.411395,-0.016594,-0.389871,0.001331,1.339961,0.017647,1.169160,1.568021,0.411457,-0.016755,-0.426052,-0.000401,1.408236,0.019583,1.138199,1.564443,0.215719,0.011818,0.406480,3.128660,-0.549414,-3.137772,0.01462,-0.02686,0.03089,-0.00033,0.00074,-0.00027,0.01462,-0.02686,0.03089,-0.00033,0.00074,-0.00027,0.00842,0.00547,0.01277,0.01358,0.02970,0.00787,3.377,3.8458,0.00036,0,0,0,0,0.150,1.042,0.453,nan,nan,nan,nan,nan,nan,nan,nan,nan,0,0.005833,0.001340,0.132,1.029,0.686,nan,nan,nan,nan,nan,nan,nan,nan,nan,-0.015226,nan,nan,nan,0,0,0,0,1.0000,1.0000,0.11314,0.28450,0.2804,0.42988,0.0000,0.0000,0.216,-0.00762,0.0640,0.411395,0.411457,-0.028040,1,-0.028040
2.3790,move->d,none,1.8307,0.411256,-0.016591,-0.389279,0.001360,1.338811,0.017619,1.169720,1.568065,0.411457,-0.016790,-0.425057,-0.000279,1.406770,0.019583,1.138775,1.564513,0.215876,0.011846,0.406652,3.128655,-0.549519,-3.137719,0.01431,-0.02694,0.03057,-0.00034,0.00053,-0.00037,0.01431,-0.02694,0.03057,-0.00034,0.00053,-0.00037,0.02170,0.00385,0.02362,0.00060,0.01455,0.00677,3.296,3.8279,0.00006,0,0,0,0,0.147,1.042,0.455,nan,nan,nan,nan,nan,nan,nan,nan,nan,0,0.006677,0.000743,0.106,1.022,0.384,nan,nan,nan,nan,nan,nan,nan,nan,nan,-0.031432,nan,nan,nan,0,0,0,0,1.0000,1.0000,0.11306,0.28353,0.2778,0.43127,0.0000,0.0000,0.216,-0.00748,0.0575,0.411256,0.411457,-0.027780,1,-0.027780
2.3848,move->d,none,1.8357,0.411118,-0.016590,-0.388699,0.001382,1.337688,0.017596,1.170265,1.568100,0.411457,-0.016790,-0.425057,-0.000279,1.406770,0.019583,1.138775,1.564513,0.215876,0.011846,0.406652,3.128655,-0.549519,-3.137719,0.01432,-0.02696,0.03058,-0.00034,0.00053,-0.00037,0.01432,-0.02696,0.03058,-0.00034,0.00053,-0.00037,0.00000,0.00000,0.00000,0.00000,0.00000,0.00000,3.413,3.8938,0.00086,0,0,0,0,0.164,1.049,0.458,nan,nan,nan,nan,nan,nan,nan,nan,nan,0,0.005816,0.001053,0.360,1.123,0.480,nan,nan,nan,nan,nan,nan,nan,nan,nan,0.000000,nan,nan,nan,0,0,0,0,1.0000,1.0000,0.11298,0.27682,0.2752,0.43266,0.0000,0.0000,0.213,-0.00734,0.0514,0.411118,0.411457,-0.027519,1,-0.027519
2.3910,move->d,none,1.8407,0.410982,-0.016591,-0.388133,0.001397,1.336592,0.017578,1.170793,1.568126,0.411457,-0.016703,-0.424551,-0.000227,1.405933,0.019600,1.139211,1.564653,0.215937,0.011893,0.406748,3.128526,-0.549624,-3.137574,0.01421,-0.02706,0.03040,-0.00055,0.00032,-0.00052,0.01421,-0.02706,0.03040,-0.00055,0.00032,-0.00052,0.00995,0.00780,0.01587,0.01802,0.01742,0.01303,3.432,3.9101,0.00142,0,0,0,0,0.182,1.042,0.444,nan,nan,nan,nan,nan,nan,nan,nan,nan,0,0.006245,0.001291,0.266,0.936,0.294,nan,nan,nan,nan,nan,nan,nan,nan,nan,-0.018638,nan,nan,nan,0,0,0,0,1.0000,1.0000,0.11290,0.26991,0.2726,0.43401,0.0000,0.0000,0.210,-0.00721,0.0456,0.410982,0.411457,-0.027257,1,-0.027257
2.3975,move->d,none,1.8457,0.410847,-0.016593,-0.387579,0.001406,1.335524,0.017566,1.171304,1.568143,0.411457,-0.016720,-0.424167,-0.000175,1.405147,0.019548,1.139665,1.564723,0.215970,0.011896,0.406850,3.128537,-0.549678,-3.137607,0.01415,-0.02708,0.03020,-0.00054,0.00021,-0.00047,0.01415,-0.02708,0.03020,-0.00054,0.00021,-0.00047,0.00498,0.00046,0.01547,-0.00146,0.00809,-0.00422,3.454,3.9279,0.00202,0,0,0,0,0.191,1.023,0.407,nan,nan,nan,nan,nan,nan,nan,nan,nan,0,0.006509,0.001131,0.186,0.890,0.140,nan,nan,nan,nan,nan,nan,nan,nan,nan,-0.015792,nan,nan,nan,0,0,0,0,1.0000,1.0000,0.11283,0.26286,0.2699,0.43533,0.0000,0.0000,0.208,-0.00707,0.0403,0.410847,0.410654,-0.026994,1,-0.026994
2.4035,move->d,none,1.8507,0.410713,-0.016588,-0.387018,0.001444,1.334431,0.017528,1.171835,1.568198,0.410654,-0.016720,-0.422701,-0.000035,1.402547,0.019548,1.140800,1.564862,0.216179,0.011138,0.407202,3.128480,-0.549679,-3.137505,0.01373,-0.02557,0.02950,-0.00063,0.00021,-0.00061,0.01373,-0.02557,0.02950,-0.00063,0.00021,-0.00061,0.03282,-0.11862,0.05507,0.00774,0.00022,0.01139,3.234,3.8401,0.00056,0,0,0,0,0.202,1.010,0.386,nan,nan,nan,nan,nan,nan,nan,nan,nan,0,0.005987,0.000737,0.270,0.967,0.360,nan,nan,nan,nan,nan,nan,nan,nan,nan,-0.065403,nan,nan,nan,0,0,0,0,1.0000,1.0000,0.11275,0.26942,0.2673,0.43662,0.0000,0.0000,0.205,-0.00693,0.0353,0.410713,0.410654,-0.026730,1,-0.026730
2.4097,move->d,none,1.8557,0.410581,-0.016585,-0.386455,0.001476,1.333334,0.017495,1.172373,1.568244,0.410654,-0.016703,-0.421986,-0.000017,1.401168,0.019583,1.141201,1.564984,0.216317,0.011162,0.407432,3.128343,-0.549417,-3.137438,0.01346,-0.02562,0.02905,-0.00087,0.00073,-0.00060,0.01346,-0.02562,0.02905,-0.00087,0.00073,-0.00060,0.02407,0.00424,0.04010,0.02050,-0.04577,-0.00077,3.095,3.8237,0.00005,0,0,0,0,0.204,1.006,0.365,nan,nan,nan,nan,nan,nan,nan,nan,nan,0,0.006178,0.001220,0.157,1.044,0.267,nan,nan,nan,nan,nan,nan,nan,nan,nan,-0.046720,nan,nan,nan,0,0,0,0,1.0000,1.0000,0.11268,0.27063,0.2647,0.43793,0.0000,0.0000,0.205,-0.00680,0.0307,0.410581,0.410654,-0.026466,1,-0.026466
2.4163,move->d,none,1.8607,0.410450,-0.016584,-0.385895,0.001501,1.332240,0.017467,1.172906,1.568281,0.410654,-0.016720,-0.421759,0.000017,1.400731,0.019583,1.141759,1.565107,0.216281,0.011179,0.407441,3.128237,-0.549766,-3.137422,0.01353,-0.02565,0.02903,-0.00105,0.00004,-0.00052,0.01353,-0.02565,0.02903,-0.00105,0.00004,-0.00052,-0.00525,0.00237,0.00134,0.01320,0.05147,-0.00595,3.198,3.8616,0.00005,0,0,0,0,0.197,0.993,0.356,nan,nan,nan,nan,nan,nan,nan,nan,nan,0,0.006629,0.001044,0.133,0.896,0.389,nan,nan,nan,nan,nan,nan,nan,nan,nan,0.001624,nan,nan,nan,0,0,0,0,1.0000,1.0000,0.11260,0.26931,0.2620,0.43926,0.0000,0.0000,0.205,-0.00667,0.0264,0.410450,0.410654,-0.026200,1,-0.026200
2.4226,move->d,none,1.8657,0.410320,-0.016583,-0.385344,0.001520,1.331164,0.017444,1.173433,1.568311,0.410654,-0.016668,-0.420834,0.000035,1.399004,0.019548,1.142283,1.565176,0.216455,0.011189,0.407718,3.128223,-0.549488,-3.137394,0.01318,-0.02566,0.02847,-0.00107,0.00059,-0.00056,0.01318,-0.02566,0.02847,-0.00107,0.00059,-0.00056,0.03025,0.00187,0.04847,0.00229,-0.04862,0.00364,3.018,3.8252,0.00005,0,0,0,0,0.186,1.001,0.360,nan,nan,nan,nan,nan,nan,nan,nan,nan,0,0.006311,0.001626,0.114,1.135,0.433,nan,nan,nan,nan,nan,nan,nan,nan,nan,-0.057108,nan,nan,nan,0,0,0,0,1.0000,1.0000,0.11253,0.26520,0.2593,0.44058,0.0000,0.0000,0.202,-0.00654,0.0225,0.410320,0.410230,-0.025933,1,-0.025933
2.4298,move->d,none,1.8707,0.410192,-0.016580,-0.384797,0.001552,1.330097,0.017409,1.173955,1.568356,0.410230,-0.016650,-0.420415,0.000017,1.398166,0.019600,1.142807,1.565246,0.216484,0.010782,0.407820,3.128098,-0.549592,-3.137326,0.01311,-0.02484,0.02826,-0.00129,0.00038,-0.00057,0.01311,-0.02484,0.02826,-0.00129,0.00038,-0.00057,0.00405,-0.05580,0.01393,0.01454,0.01428,0.00039,3.047,3.8389,0.00005,0,0,0,0,0.173,1.002,0.346,nan,nan,nan,nan,nan,nan,nan,nan,nan,0,0.007166,0.001500,0.119,0.980,0.228,nan,nan,nan,nan,nan,nan,nan,nan,nan,-0.014621,nan,nan,nan,0,0,0,0,1.0000,1.0000,0.11245,0.26324,0.2567,0.44187,0.0000,0.0000,0.199,-0.00641,0.0189,0.410192,0.410230,-0.025666,1,-0.025666
2.4358,move->d,none,1.8757,0.410065,-0.016578,-0.384259,0.001578,1.329043,0.017380,1.174474,1.568393,0.410230,-0.016668,-0.419612,0.000105,1.396735,0.019548,1.143138,1.565298,0.216652,0.010791,0.408056,3.128150,-0.549297,-3.137342,0.01277,-0.02485,0.02777,-0.00120,0.00097,-0.00059,0.01277,-0.02485,0.02777,-0.00120,0.00097,-0.00059,0.02625,0.00135,0.03685,-0.00667,-0.04601,0.00172,2.902,3.8181,0.00005,0,0,0,0,0.166,0.993,0.344,nan,nan,nan,nan,nan,nan,nan,nan,nan,0,0.005994,0.001061,0.157,0.893,0.381,nan,nan,nan,nan,nan,nan,nan,nan,nan,-0.045116,nan,nan,nan,0,0,0,0,1.0000,1.0000,0.11238,0.25980,0.2540,0.44316,0.0000,0.0000,0.197,-0.00628,0.0156,0.410065,0.410230,-0.025398,1,-0.025398
2.4420,move->d,none,1.8807,0.409939,-0.016578,-0.383727,0.001598,1.328005,0.017355,1.174986,1.568423,0.410230,-0.016598,-0.418931,0.000140,1.395338,0.019583,1.143784,1.565368,0.216740,0.010828,0.408262,3.128072,-0.549226,-3.137207,0.01259,-0.02491,0.02735,-0.00133,0.00111,-0.00078,0.01259,-0.02491,0.02735,-0.00133,0.00111,-0.00078,0.01461,0.00615,0.03419,0.01100,-0.01162,0.01583,2.799,3.7984,0.00005,0,0,0,0,0.161,0.970,0.323,nan,nan,nan,nan,nan,nan,nan,nan,nan,0,0.006256,0.001333,0.147,0.797,0.134,nan,nan,nan,nan,nan,nan,nan,nan,nan,-0.036718,nan,nan,nan,0,0,0,0,1.0000,1.0000,0.11231,0.25627,0.2513,0.44443,0.0000,0.0000,0.195,-0.00615,0.0127,0.409939,0.410230,-0.025129,1,-0.025129
2.4483,move->d,none,1.8857,0.409815,-0.016579,-0.383203,0.001612,1.326980,0.017336,1.175493,1.568444,0.410230,-0.016650,-0.418216,0.000192,1.393995,0.019583,1.144290,1.565473,0.216856,0.010837,0.408464,3.128002,-0.549105,-3.137221,0.01235,-0.02491,0.02693,-0.00145,0.00136,-0.00068,0.01235,-0.02491,0.02693,-0.00145,0.00136,-0.00068,0.01795,0.00143,0.03121,0.00938,-0.01877,-0.00788,2.706,3.7809,0.00005,0,0,0,0,0.154,0.969,0.309,nan,nan,nan,nan,nan,nan,nan,nan,nan,0,0.006270,0.001127,0.111,1.078,0.285,nan,nan,nan,nan,nan,nan,nan,nan,nan,-0.035971,nan,nan,nan,0,0,0,0,1.0000,1.0000,0.11223,0.25289,0.2486,0.44568,0.0000,0.0000,0.193,-0.00603,0.0101,0.409815,0.410230,-0.024859,1,-0.024859
2.4538,move->d,none,1.8907,0.409692,-0.016581,-0.382678,0.001620,1.325955,0.017321,1.176000,1.568458,0.410230,-0.016650,-0.418216,0.000192,1.393995,0.019583,1.144290,1.565473,0.216856,0.010837,0.408464,3.128002,-0.549105,-3.137221,0.01234,-0.02488,0.02691,-0.00145,0.00136,-0.00068,0.01234,-0.02488,0.02691,-0.00145,0.00136,-0.00068,0.01795,0.00143,0.03121,0.00938,-0.01877,-0.00788,2.823,3.8397,0.00005,0,0,0,0,0.147,0.977,0.301,nan,nan,nan,nan,nan,nan,nan,nan,nan,0,0.005525,0.006585,0.111,1.078,0.285,nan,nan,nan,nan,nan,nan,nan,nan,nan,-0.035971,nan,nan,nan,0,0,0,0,1.0000,1.0000,0.11216,0.25282,0.2459,0.44692,0.0000,0.0000,0.193,-0.00590,0.0078,0.409692,0.410230,-0.024589,1,-0.024589
2.4605,move->d,none,1.8957,0.409571,-0.016585,-0.382159,0.001624,1.324938,0.017311,1.176504,1.568465,0.410230,-0.016650,-0.417779,0.000140,1.393209,0.019583,1.144587,1.565473,0.216927,0.010822,0.408578,3.127982,-0.549052,-3.137253,0.01218,-0.02483,0.02666,-0.00149,0.00146,-0.00060,0.01218,-0.02483,0.02666,-0.00149,0.00146,-0.00060,0.00584,-0.00124,0.00942,0.00142,-0.00438,-0.00356,2.826,3.8534,0.00005,0,0,0,0,0.143,0.987,0.347,nan,nan,nan,nan,nan,nan,nan,nan,nan,0,0.006612,0.001189,0.143,1.029,0.787,nan,nan,nan,nan,nan,nan,nan,nan,nan,-0.011101,nan,nan,nan,0,0,0,0,1.0000,1.0000,0.11209,0.25079,0.2432,0.44816,0.0000,0.0000,0.192,-0.00578,0.0059,0.409571,0.409448,-0.024318,1,-0.024318
2.4669,move->d,none,1.9007,0.409450,-0.016582,-0.381646,0.001656,1.323933,0.017275,1.176998,1.568510,0.409448,-0.016650,-0.417169,0.000209,1.392179,0.019583,1.145547,1.565491,0.216921,0.010060,0.408634,3.127997,-0.549594,-3.137191,0.01218,-0.02328,0.02652,-0.00146,0.00038,-0.00074,0.01218,-0.02328,0.02652,-0.00146,0.00038,-0.00074,-0.00095,-0.12422,0.00923,-0.00244,0.08829,0.01146,2.872,3.8526,0.00005,0,0,0,0,0.125,0.987,0.384,nan,nan,nan,nan,nan,nan,nan,nan,nan,0,0.006442,0.001479,-0.019,0.944,0.509,nan,nan,nan,nan,nan,nan,nan,nan,nan,-0.008781,nan,nan,nan,0,0,0,0,1.0000,1.0000,0.11202,0.24789,0.2405,0.44939,0.0000,0.0000,0.186,-0.00566,0.0042,0.409450,0.409448,-0.024047,1,-0.024047
2.4726,move->d,none,1.9057,0.409332,-0.016579,-0.381142,0.001683,1.322944,0.017244,1.177487,1.568548,0.409448,-0.016650,-0.416366,0.000192,1.390643,0.019583,1.145948,1.565491,0.217083,0.010053,0.408894,3.128002,-0.549262,-3.137203,0.01184,-0.02323,0.02597,-0.00145,0.00104,-0.00072,0.01184,-0.02323,0.02597,-0.00145,0.00104,-0.00072,0.02492,-0.00110,0.03977,-0.00041,-0.05091,-0.00144,2.701,3.8222,0.00005,0,0,0,0,0.122,0.983,0.403,nan,nan,nan,nan,nan,nan,nan,nan,nan,0,0.005718,0.000701,0.182,0.935,0.416,nan,nan,nan,nan,nan,nan,nan,nan,nan,-0.046942,nan,nan,nan,0,0,0,0,1.0000,1.0000,0.11195,0.24405,0.2377,0.45060,0.0000,0.0000,0.184,-0.00554,0.0028,0.409332,0.409448,-0.023775,1,-0.023775
2.4790,move->d,none,1.9107,0.409214,-0.016578,-0.380644,0.001704,1.321967,0.017218,1.177969,1.568578,0.409448,-0.016668,-0.415772,0.000192,1.389474,0.019530,1.146594,1.565560,0.217142,0.010042,0.409045,3.127989,-0.549333,-3.137269,0.01170,-0.02317,0.02564,-0.00148,0.00090,-0.00057,0.01170,-0.02317,0.02564,-0.00148,0.00090,-0.00057,0.00993,-0.00192,0.02582,0.00177,0.01210,-0.01246,2.647,3.8119,0.00005,0,0,0,0,0.131,1.002,0.393,nan,nan,nan,nan,nan,nan,nan,nan,nan,0,0.006363,0.001213,0.241,1.207,0.197,nan,nan,nan,nan,nan,nan,nan,nan,nan,-0.027224,nan,nan,nan,0,0,0,0,1.0000,1.0000,0.11188,0.24079,0.2350,0.45179,0.0000,0.0000,0.182,-0.00542,0.0017,0.409214,0.409448,-0.023502,1,-0.023502
2.4848,move->d,none,1.9157,0.409098,-0.016579,-0.380155,0.001721,1.321005,0.017196,1.178445,1.568601,0.409448,-0.016633,-0.415004,0.000209,1.388165,0.019530,1.147187,1.565578,0.217248,0.010054,0.409210,3.127986,-0.549385,-3.137216,0.01147,-0.02316,0.02528,-0.00148,0.00080,-0.00068,0.01147,-0.02316,0.02528,-0.00148,0.00080,-0.00068,0.01769,0.00201,0.02754,0.00039,0.00874,0.00855,2.581,3.7928,0.00005,0,0,0,0,0.150,1.013,0.376,nan,nan,nan,nan,nan,nan,nan,nan,nan,0,0.005825,0.001016,0.299,1.029,0.239,nan,nan,nan,nan,nan,nan,nan,nan,nan,-0.032697,nan,nan,nan,0,0,0,0,1.0000,1.0000,0.11181,0.23717,0.2323,0.45297,0.0000,0.0000,0.181,-0.00530,0.0009,0.409098,0.409448,-0.023229,1,-0.023229
2.4909,move->d,none,1.9207,0.408983,-0.016580,-0.379673,0.001731,1.320055,0.017179,1.178914,1.568618,0.409448,-0.016650,-0.414236,0.000227,1.387118,0.019530,1.147886,1.565613,0.217318,0.010057,0.409277,3.127958,-0.549804,-3.137210,0.01131,-0.02312,0.02511,-0.00153,-0.00004,-0.00066,0.01131,-0.02312,0.02511,-0.00153,-0.00004,-0.00066,0.01161,0.00046,0.01097,0.00368,0.06950,-0.00141,2.619,3.7880,0.00005,0,0,0,0,0.154,1.015,0.322,nan,nan,nan,nan,nan,nan,nan,nan,nan,0,0.006079,0.001088,0.087,0.971,-0.122,nan,nan,nan,nan,nan,nan,nan,nan,nan,-0.015413,nan,nan,nan,0,0,0,0,1.0000,1.0000,0.11175,0.23390,0.2296,0.45413,0.0000,0.0000,0.180,-0.00518,0.0003,0.408983,0.408978,-0.022955,1,-0.022955
2.4971,move->d,none,1.9257,0.408870,-0.016578,-0.379198,0.001758,1.319124,0.017148,1.179378,1.568654,0.408978,-0.016650,-0.413730,0.000279,1.385407,0.019530,1.148217,1.565630,0.217454,0.009600,0.409666,3.127991,-0.548932,-3.137183,0.01102,-0.02216,0.02429,-0.00148,0.00170,-0.00075,0.01102,-0.02216,0.02429,-0.00148,0.00170,-0.00075,0.02210,-0.07410,0.06308,-0.00389,-0.14140,0.00719,2.330,3.7444,0.00005,0,0,0,0,0.159,1.013,0.320,nan,nan,nan,nan,nan,nan,nan,nan,nan,0,0.006189,0.001125,0.194,0.977,0.589,nan,nan,nan,nan,nan,nan,nan,nan,nan,-0.066180,nan,nan,nan,0,0,0,0,1.0000,1.0000,0.11168,0.23019,0.2268,0.45528,0.0000,0.0000,0.173,-0.00507,0.0000,0.408870,0.408978,-0.022681,1,-0.022681
2.5036,move->d,none,1.9307,0.408758,-0.016577,-0.378732,0.001779,1.318208,0.017122,1.179834,1.568684,0.408978,-0.016650,-0.412962,0.000297,1.383959,0.019530,1.148915,1.565665,0.217550,0.009606,0.409860,3.127972,-0.548950,-3.137164,0.01080,-0.02213,0.02386,-0.00151,0.00167,-0.00077,0.01080,-0.02213,0.02386,-0.00151,0.00167,-0.00077,0.01457,0.00093,0.02945,0.00236,0.00268,0.00138,2.228,3.7148,0.00005,0,0,0,0,0.154,1.031,0.349,nan,nan,nan,nan,nan,nan,nan,nan,nan,0,0.006514,0.001007,0.080,1.209,0.616,nan,nan,nan,nan,nan,nan,nan,nan,nan,-0.032716,nan,nan,nan,0,0,0,0,1.0000,1.0000,0.11161,0.22615,0.2241,0.45640,0.0000,0.0000,0.171,-0.00496,0.0000,0.408758,0.408978,-0.022407,1,-0.022407
2.5099,move->d,none,1.9357,0.408647,-0.016577,-0.378279,0.001795,1.317317,0.017100,1.180279,1.568707,0.408978,-0.016650,-0.411723,0.000227,1.381742,0.019530,1.149997,1.565700,0.217706,0.009588,0.410141,3.127916,-0.549054,-3.137199,0.01047,-0.02204,0.02325,-0.00161,0.00146,-0.00064,0.01047,-0.02204,0.02325,-0.00161,0.00146,-0.00064,0.02458,-0.00286,0.04445,0.00755,0.01650,-0.01023,2.049,3.6402,0.00005,0,0,0,0,0.129,1.018,0.363,nan,nan,nan,nan,nan,nan,nan,nan,nan,0,0.006346,0.001057,-0.080,0.803,0.358,nan,nan,nan,nan,nan,nan,nan,nan,nan,-0.050774,nan,nan,nan,0,0,0,0,1.0000,1.0000,0.11155,0.22008,0.2213,0.45751,0.0000,0.0000,0.168,-0.00484,0.0000,0.408647,0.408978,-0.022132,1,-0.022132
2.5172,move->d,none,1.9407,0.408538,-0.016579,-0.377838,0.001806,1.316450,0.017082,1.180712,1.568723,0.408978,-0.016650,-0.410589,0.000297,1.379595,0.019530,1.151132,1.565735,0.217829,0.009608,0.410415,3.127925,-0.549177,-3.137140,0.01019,-0.02203,0.02266,-0.00159,0.00121,-0.00077,0.01019,-0.02203,0.02266,-0.00159,0.00121,-0.00077,0.01767,0.00284,0.03908,-0.00119,0.01757,0.00918,1.886,3.5683,0.00005,0,0,0,0,0.121,1.005,0.358,nan,nan,nan,nan,nan,nan,nan,nan,nan,0,0.007251,0.001318,0.162,0.974,0.258,nan,nan,nan,nan,nan,nan,nan,nan,nan,-0.042518,nan,nan,nan,0,0,0,0,1.0000,1.0000,0.11149,0.21415,0.2186,0.45859,0.0000,0.0000,0.166,-0.00473,0.0000,0.408538,0.408978,-0.021857,1,-0.021857
2.5236,move->d,none,1.9457,0.408430,-0.016581,-0.377404,0.001812,1.315596,0.017070,1.181139,1.568733,0.408978,-0.016668,-0.409978,0.000332,1.378409,0.019460,1.151586,1.565770,0.217927,0.009598,0.410594,3.127982,-0.549056,-3.137205,0.00997,-0.02195,0.02225,-0.00149,0.00145,-0.00070,0.00997,-0.02195,0.02225,-0.00149,0.00145,-0.00070,0.01511,-0.00147,0.02791,-0.00753,-0.01878,-0.00557,1.820,3.5500,0.00005,0,0,0,0,0.138,1.008,0.348,nan,nan,nan,nan,nan,nan,nan,nan,nan,0,0.006441,0.001299,0.335,1.084,0.286,nan,nan,nan,nan,nan,nan,nan,nan,nan,-0.031710,nan,nan,nan,0,0,0,0,1.0000,1.0000,0.11143,0.21084,0.2158,0.45963,0.0000,0.0000,0.164,-0.00462,0.0000,0.408430,0.408446,-0.021582,1,-0.021582
2.5300,move->d,none,1.9507,0.408323,-0.016579,-0.376979,0.001836,1.314758,0.017040,1.181561,1.568766,0.408446,-0.016650,-0.409297,0.000384,1.377047,0.019478,1.151917,1.565770,0.218070,0.009086,0.410833,3.128003,-0.548707,-3.137135,0.00966,-0.02087,0.02172,-0.00146,0.00215,-0.00086,0.00966,-0.02087,0.02172,-0.00146,0.00215,-0.00086,0.02203,-0.07903,0.03675,-0.00240,-0.05379,0.01247,1.681,3.5209,0.00005,0,0,0,0,0.148,1.010,0.351,nan,nan,nan,nan,nan,nan,nan,nan,nan,0,0.006413,0.001247,0.153,1.017,0.421,nan,nan,nan,nan,nan,nan,nan,nan,nan,-0.043732,nan,nan,nan,0,0,0,0,1.0000,1.0000,0.11137,0.20745,0.2131,0.46066,0.0000,0.0000,0.158,-0.00452,0.0000,0.408323,0.408446,-0.021306,1,-0.021306
2.5358,move->d,none,1.9557,0.408218,-0.016579,-0.376554,0.001856,1.313922,0.017015,1.181983,1.568794,0.408446,-0.016650,-0.409297,0.000384,1.377047,0.019478,1.151917,1.565770,0.218070,0.009086,0.410833,3.128003,-0.548707,-3.137135,0.00962,-0.02080,0.02167,-0.00146,0.00215,-0.00087,0.00962,-0.02080,0.02167,-0.00146,0.00215,-0.00087,0.00000,0.00000,0.00000,0.00000,0.00000,0.00000,1.754,3.5689,0.00005,0,0,0,0,0.156,1.005,0.379,nan,nan,nan,nan,nan,nan,nan,nan,nan,0,0.005813,0.000961,0.194,0.939,0.673,nan,nan,nan,nan,nan,nan,nan,nan,nan,0.000000,nan,nan,nan,0,0,0,0,1.0000,1.0000,0.11131,0.20695,0.2103,0.46168,0.0000,0.0000,0.158,-0.00441,0.0000,0.408218,0.408446,-0.021031,1,-0.021031
2.5427,move->d,none,1.9607,0.408114,-0.016579,-0.376146,0.001871,1.313118,0.016994,1.182388,1.568814,0.408446,-0.016668,-0.407744,0.000384,1.374098,0.019460,1.153523,1.565875,0.218229,0.009084,0.411201,3.127930,-0.548917,-3.137153,0.00927,-0.02073,0.02087,-0.00159,0.00173,-0.00075,0.00927,-0.02073,0.02087,-0.00159,0.00173,-0.00075,0.02558,-0.00026,0.05890,0.00980,0.03361,-0.00898,1.511,3.4478,0.00004,0,0,0,0,0.166,1.017,0.374,nan,nan,nan,nan,nan,nan,nan,nan,nan,0,0.006832,0.001566,0.208,1.138,0.192,nan,nan,nan,nan,nan,nan,nan,nan,nan,-0.063592,nan,nan,nan,0,0,0,0,1.0000,1.0000,0.11125,0.19879,0.2075,0.46269,0.0000,0.0000,0.154,-0.00431,0.0000,0.408114,0.408446,-0.020755,1,-0.020755
2.5490,move->d,none,1.9657,0.408012,-0.016581,-0.375747,0.001881,1.312329,0.016977,1.182787,1.568829,0.408446,-0.016650,-0.406993,0.000401,1.372789,0.019478,1.153924,1.565875,0.218368,0.009094,0.411397,3.127930,-0.548760,-3.137103,0.00896,-0.02069,0.02042,-0.00159,0.00205,-0.00086,0.00896,-0.02069,0.02042,-0.00159,0.00205,-0.00086,0.02112,0.00160,0.02982,0.00011,-0.02398,0.00762,1.448,3.4189,0.00004,0,0,0,0,0.183,1.031,0.391,nan,nan,nan,nan,nan,nan,nan,nan,nan,0,0.006332,0.001319,0.292,1.112,0.577,nan,nan,nan,nan,nan,nan,nan,nan,nan,-0.036435,nan,nan,nan,0,0,0,0,1.0000,1.0000,0.11120,0.19508,0.2048,0.46366,0.0000,0.0000,0.152,-0.00420,0.0000,0.408012,0.408446,-0.020479,1,-0.020479
2.5547,move->d,none,1.9707,0.407911,-0.016584,-0.375349,0.001886,1.311543,0.016965,1.183185,1.568838,0.408446,-0.016650,-0.406993,0.000401,1.372789,0.019478,1.153924,1.565875,0.218368,0.009094,0.411397,3.127930,-0.548760,-3.137103,0.00893,-0.02061,0.02036,-0.00159,0.00205,-0.00086,0.00893,-0.02061,0.02036,-0.00159,0.00205,-0.00086,0.02112,0.00160,0.02982,0.00011,-0.02398,0.00762,1.529,3.4641,0.00004,0,0,0,0,0.199,1.044,0.414,nan,nan,nan,nan,nan,nan,nan,nan,nan,0,0.005651,0.006912,0.292,1.112,0.577,nan,nan,nan,nan,nan,nan,nan,nan,nan,-0.036435,nan,nan,nan,0,0,0,0,1.0000,1.0000,0.11114,0.19454,0.2020,0.46461,0.0000,0.0000,0.151,-0.00410,0.0000,0.407911,0.408446,-0.020203,1,-0.020203
2.5610,move->d,none,1.9757,0.407811,-0.016588,-0.374953,0.001887,1.310758,0.016956,1.183583,1.568841,0.408446,-0.016650,-0.406993,0.000401,1.372789,0.019478,1.153924,1.565875,0.218368,0.009094,0.411397,3.127930,-0.548760,-3.137103,0.00889,-0.02054,0.02029,-0.00159,0.00205,-0.00086,0.00889,-0.02054,0.02029,-0.00159,0.00205,-0.00086,0.00000,0.00000,0.00000,0.00000,0.00000,0.00000,1.617,3.5091,0.00004,0,0,0,0,0.193,1.037,0.395,nan,nan,nan,nan,nan,nan,nan,nan,nan,0,0.006308,0.000722,0.047,0.902,0.092,nan,nan,nan,nan,nan,nan,nan,nan,nan,0.000000,nan,nan,nan,0,0,0,0,1.0000,1.0000,0.11108,0.19399,0.1993,0.46556,0.0000,0.0000,0.151,-0.00400,0.0000,0.407811,0.407589,-0.019926,1,-0.019926
2.5675,move->d,none,1.9807,0.407713,-0.016583,-0.374567,0.001921,1.309998,0.016917,1.183968,1.568886,0.407589,-0.016633,-0.406068,0.000454,1.370729,0.019460,1.155059,1.565944,0.218450,0.008257,0.411686,3.127915,-0.548761,-3.137058,0.00869,-0.01879,0.01965,-0.00162,0.00204,-0.00093,0.00869,-0.01879,0.01965,-0.00162,0.00204,-0.00093,0.01346,-0.13788,0.04759,0.00203,0.00015,0.00617,1.434,3.4361,0.00004,0,0,0,0,0.195,1.029,0.396,nan,nan,nan,nan,nan,nan,nan,nan,nan,0,0.006526,0.001163,0.236,0.984,0.492,nan,nan,nan,nan,nan,nan,nan,nan,nan,-0.049178,nan,nan,nan,0,0,0,0,1.0000,1.0000,0.11103,0.18863,0.1965,0.46651,0.0000,0.0000,0.143,-0.00390,0.0000,0.407713,0.407589,-0.019650,1,-0.019650
2.5733,move->d,none,1.9857,0.407616,-0.016579,-0.374183,0.001951,1.309239,0.016882,1.184351,1.568926,0.407589,-0.016633,-0.406068,0.000454,1.370729,0.019460,1.155059,1.565944,0.218450,0.008257,0.411686,3.127915,-0.548761,-3.137058,0.00865,-0.01871,0.01958,-0.00162,0.00204,-0.00094,0.00865,-0.01871,0.01958,-0.00162,0.00204,-0.00094,0.00000,0.00000,0.00000,0.00000,0.00000,0.00000,1.478,3.4797,0.00004,0,0,0,0,0.194,1.023,0.401,nan,nan,nan,nan,nan,nan,nan,nan,nan,0,0.005782,0.000694,0.173,1.010,0.454,nan,nan,nan,nan,nan,nan,nan,nan,nan,0.000000,nan,nan,nan,0,0,0,0,1.0000,1.0000,0.11098,0.18793,0.1937,0.46743,0.0000,0.0000,0.142,-0.00380,0.0000,0.407616,0.407589,-0.019374,1,-0.019374
2.5807,move->d,none,1.9907,0.407521,-0.016577,-0.373807,0.001976,1.308497,0.016851,1.184730,1.568960,0.407589,-0.016650,-0.405353,0.000471,1.369385,0.019460,1.155390,1.565944,0.218597,0.008255,0.411911,3.127935,-0.548464,-3.137064,0.00831,-0.01862,0.01906,-0.00159,0.00264,-0.00095,0.00831,-0.01862,0.01906,-0.00159,0.00264,-0.00095,0.02084,-0.00020,0.03167,-0.00213,-0.04190,0.00058,1.364,3.4461,0.00004,0,0,0,0,0.165,1.014,0.441,nan,nan,nan,nan,nan,nan,nan,nan,nan,0,0.007412,0.001019,-0.032,0.972,0.697,nan,nan,nan,nan,nan,nan,nan,nan,nan,-0.037891,nan,nan,nan,0,0,0,0,1.0000,1.0000,0.11092,0.18408,0.1910,0.46835,0.0000,0.0000,0.139,-0.00370,0.0000,0.407521,0.407589,-0.019098,1,-0.019098
2.5868,move->d,none,1.9957,0.407427,-0.016576,-0.373439,0.001997,1.307769,0.016825,1.185102,1.568988,0.407589,-0.016650,-0.404777,0.000524,1.368286,0.019426,1.155967,1.565997,0.218661,0.008264,0.412051,3.127946,-0.548517,-3.137060,0.00815,-0.01856,0.01870,-0.00157,0.00253,-0.00097,0.00815,-0.01856,0.01870,-0.00157,0.00253,-0.00097,0.01008,0.00147,0.02244,-0.00158,0.00855,0.00163,1.308,3.4256,0.00004,0,0,0,0,0.136,0.999,0.453,nan,nan,nan,nan,nan,nan,nan,nan,nan,0,0.006152,0.000884,-0.028,0.888,0.406,nan,nan,nan,nan,nan,nan,nan,nan,nan,-0.024383,nan,nan,nan,0,0,0,0,1.0000,1.0000,0.11087,0.18053,0.1882,0.46925,0.0000,0.0000,0.138,-0.00361,0.0000,0.407427,0.407589,-0.018822,1,-0.018822
2.5930,move->d,none,2.0007,0.407334,-0.016576,-0.373078,0.002014,1.307054,0.016801,1.185470,1.569011,0.407589,-0.016650,-0.404218,0.000489,1.367326,0.019478,1.156211,1.566014,0.218773,0.008267,0.412200,3.127869,-0.548359,-3.137027,0.00788,-0.01847,0.01833,-0.00170,0.00285,-0.00095,0.00788,-0.01847,0.01833,-0.00170,0.00285,-0.00095,0.01942,0.00045,0.02575,0.01153,-0.02734,-0.00125,1.275,3.4123,0.00004,0,0,0,0,0.094,0.980,0.412,nan,nan,nan,nan,nan,nan,nan,nan,nan,0,0.006144,0.001276,-0.176,0.874,-0.066,nan,nan,nan,nan,nan,nan,nan,nan,nan,-0.032095,nan,nan,nan,0,0,0,0,1.0000,1.0000,0.11082,0.17751,0.1855,0.47013,0.0000,0.0000,0.136,-0.00351,0.0000,0.407334,0.407589,-0.018546,1,-0.018546
2.5994,move->d,none,2.0057,0.407242,-0.016576,-0.372722,0.002026,1.306349,0.016782,1.185829,1.569028,0.407589,-0.016668,-0.403887,0.000524,1.366575,0.019391,1.156979,1.566066,0.218736,0.008257,0.412254,3.127918,-0.548710,-3.137103,0.00791,-0.01836,0.01814,-0.00162,0.00215,-0.00086,0.00791,-0.01836,0.01814,-0.00162,0.00215,-0.00086,-0.00517,-0.00141,0.00766,-0.00616,0.04978,-0.00714,1.267,3.4103,0.00004,0,0,0,0,0.082,0.976,0.409,nan,nan,nan,nan,nan,nan,nan,nan,nan,0,0.006438,0.000659,0.192,1.034,0.596,nan,nan,nan,nan,nan,nan,nan,nan,nan,-0.003856,nan,nan,nan,0,0,0,0,1.0000,1.0000,0.11077,0.17458,0.1827,0.47100,0.0000,0.0000,0.135,-0.00342,0.0000,0.407242,0.406930,-0.018271,1,-0.018271
2.6059,move->d,none,2.0107,0.407153,-0.016570,-0.372375,0.002063,1.305660,0.016741,1.186181,1.569076,0.406930,-0.016633,-0.403119,0.000524,1.365284,0.019338,1.157555,1.566136,0.218845,0.007598,0.412414,3.127904,-0.548763,-3.137118,0.00764,-0.01695,0.01774,-0.00164,0.00204,-0.00081,0.00764,-0.01695,0.01774,-0.00164,0.00204,-0.00081,0.01831,-0.11151,0.02698,0.00195,0.00899,-0.00376,1.301,3.3767,0.00004,0,0,0,0,0.074,0.982,0.370,nan,nan,nan,nan,nan,nan,nan,nan,nan,0,0.006439,0.001192,0.054,1.056,0.025,nan,nan,nan,nan,nan,nan,nan,nan,nan,-0.033832,nan,nan,nan,0,0,0,0,1.0000,1.0000,0.11072,0.17105,0.1800,0.47185,0.0000,0.0000,0.128,-0.00333,0.0000,0.407153,0.406930,-0.017995,1,-0.017995
2.6126,move->d,none,2.0157,0.407064,-0.016566,-0.372037,0.002096,1.304986,0.016704,1.186528,1.569119,0.406930,-0.016650,-0.402490,0.000576,1.364149,0.019286,1.157764,1.566136,0.218986,0.007593,0.412607,3.127988,-0.548468,-3.137157,0.00731,-0.01685,0.01727,-0.00150,0.00263,-0.00082,0.00731,-0.01685,0.01727,-0.00150,0.00263,-0.00082,0.02033,-0.00061,0.02778,-0.01008,-0.04244,0.00062,1.229,3.3512,0.00004,0,0,0,0,0.068,1.003,0.358,nan,nan,nan,nan,nan,nan,nan,nan,nan,0,0.006745,0.000971,0.053,1.151,0.432,nan,nan,nan,nan,nan,nan,nan,nan,nan,-0.034312,nan,nan,nan,0,0,0,0,1.0000,1.0000,0.11067,0.16757,0.1772,0.47269,0.0000,0.0000,0.126,-0.00324,0.0000,0.407064,0.406930,-0.017720,1,-0.017720
2.6186,scan,force_tracking_v2,0.0050,0.406983,-0.016411,-0.371954,0.002439,1.304762,0.016337,1.186678,1.569613,0.406930,-0.016650,-0.401827,0.000611,1.363312,0.019268,1.158218,1.566189,0.219070,0.007602,0.412663,3.127967,-0.548748,-3.137144,-0.00171,0.00004,-0.00279,0.00000,0.00000,0.00000,-0.00171,0.00004,-0.00279,0.00000,0.00000,0.00000,0.00000,0.00000,0.00000,0.00000,0.00000,0.00000,0.000,3.3418,0.00935,0,0,0,0,0.065,1.026,0.354,0.0000,25.00,25.00,0.00,0.00,0.00327,80.0,1.200,0.00000,0,0.005000,0.001064,0.068,1.168,0.375,0.0000,0.3542,0.8458,0.000000,0.000000,0.000000,0.000000,0.003271,0.003271,0.000000,0.0000,1.0000,0.000014,0,0,0,0,1.0000,1.0000,0.11063,0.15564,0.1623,0.00000,0.9929,0.0000,0.029,0.00000,0.0000,0.406983,0.406930,,0,
2.6253,scan,force_tracking_v2,0.0117,0.406888,-0.016150,-0.372138,0.002815,1.305088,0.015851,1.186528,1.570228,0.406930,-0.016633,-0.400675,0.000716,1.361165,0.019268,1.159160,1.566258,0.219232,0.007637,0.412957,3.127958,-0.548696,-3.137047,-0.00375,0.00016,-0.00613,-0.00001,0.00008,-0.00014,-0.00375,0.00016,-0.00613,-0.00001,0.00008,-0.00014,0.02432,0.00532,0.04426,0.00124,-0.00775,0.01397,0.042,3.2316,0.00002,0,0,1,0,0.070,1.007,0.337,0.0000,25.00,25.00,0.00,0.00,0.00719,80.0,1.200,0.00000,0,0.006703,0.001239,0.122,0.731,0.214,-0.2963,0.3330,0.8670,0.000000,0.000000,0.000000,0.000000,0.004425,0.007191,-0.050388,0.0000,1.0000,0.000056,0,0,0,0,1.0000,1.0000,0.11061,0.14882,0.1421,0.00000,0.9929,0.0000,0.048,0.00008,0.0000,0.406888,0.406647,,0,
2.6326,scan,force_tracking_v2,0.0191,0.406801,-0.015918,-0.372452,0.003169,1.305646,0.015409,1.186273,1.570793,0.406647,-0.016650,-0.399593,0.000785,1.359297,0.019216,1.160277,1.566346,0.219331,0.007362,0.413151,3.127958,-0.549029,-3.137058,-0.00582,0.00031,-0.00951,-0.00001,-0.00042,-0.00012,-0.00582,0.00031,-0.00951,-0.00001,-0.00042,-0.00012,0.01322,-0.03652,0.02574,-0.00024,0.04422,-0.00146,0.237,3.1060,0.00002,0,0,0,0,0.084,0.995,0.295,0.0000,25.00,25.00,0.00,0.00,0.01116,80.0,1.200,0.00000,0,0.007363,0.001049,0.164,0.980,0.059,-0.9978,0.2804,0.9196,0.000000,0.000000,0.000000,0.000000,0.005175,0.011157,-0.029270,0.0000,1.0000,0.000131,0,0,0,0,1.0000,1.0000,0.11063,0.14732,0.1191,0.00000,0.9929,0.0000,0.082,0.00018,0.0000,0.406801,0.406647,,0,
2.6395,scan,force_tracking_v2,0.0259,0.406727,-0.015701,-0.372822,0.003432,1.306305,0.015039,1.185977,1.571252,0.406647,-0.016633,-0.398476,0.000873,1.357151,0.019164,1.160976,1.566450,0.219531,0.007382,0.413487,3.127959,-0.548699,-3.137034,-0.00748,0.00046,-0.01223,-0.00001,0.00007,-0.00016,-0.00748,0.00046,-0.01223,-0.00001,0.00007,-0.00016,0.02769,0.00284,0.04654,0.00008,-0.04564,0.00341,0.215,2.9510,0.00002,0,0,1,0,0.089,0.975,0.281,0.0000,25.00,25.00,0.00,0.00,0.01434,80.0,1.200,0.00000,0,0.006832,0.000652,0.080,0.860,0.320,-1.1347,0.2638,0.9362,0.000000,0.000000,0.000000,0.000000,0.004938,0.014343,-0.054117,0.0000,1.0000,0.000223,0,0,0,0,1.0000,1.0000,0.11067,0.15536,0.0988,0.00000,0.9929,0.0000,0.098,0.00027,0.0000,0.406727,0.406647,,0,
2.6470,scan,force_tracking_v2,0.0335,0.406662,-0.015481,-0.373317,0.003683,1.307191,0.014676,1.185580,1.571699,0.406647,-0.016633,-0.397481,0.000873,1.355196,0.019076,1.162075,1.566538,0.219625,0.007368,0.413730,3.127966,-0.548840,-3.137115,-0.00906,0.00060,-0.01481,-0.00000,-0.00014,-0.00004,-0.00906,0.00060,-0.01481,-0.00000,-0.00014,-0.00004,0.01247,-0.00196,0.03252,-0.00081,0.01890,-0.01049,0.241,2.8012,0.00003,0,0,0,0,0.094,0.980,0.271,0.0000,25.00,25.00,0.00,0.00,0.01736,80.0,1.200,0.00000,0,0.007571,0.000838,0.110,1.083,0.258,-1.1554,0.2537,0.9463,0.000000,0.000000,0.000000,0.000000,0.005492,0.017362,-0.034267,0.0000,1.0000,0.000347,0,0,0,0,1.0000,1.0000,0.11072,0.16896,0.0851,0.00000,0.9929,0.0000,0.131,0.00034,0.0000,0.406662,0.406530,,0,
2.6545,scan,force_tracking_v2,0.0409,0.406615,-0.015279,-0.373866,0.003860,1.308174,0.014379,1.185143,1.572052,0.406530,-0.016633,-0.396172,0.000960,1.352822,0.019042,1.162913,1.566625,0.219846,0.007270,0.414076,3.127966,-0.548615,-3.137087,-0.01022,0.00075,-0.01672,-0.00000,0.00020,-0.00008,-0.01022,0.00075,-0.01672,-0.00000,0.00020,-0.00008,0.03049,-0.01346,0.04742,0.00010,-0.03099,0.00391,0.331,2.6145,0.00003,0,0,1,0,0.101,0.986,0.295,0.0000,25.00,25.00,0.00,0.00,0.01961,80.0,1.200,0.00000,0,0.007472,0.000957,0.130,1.017,0.494,-0.5813,0.2864,0.9136,0.000000,0.000000,0.000000,0.000000,0.005205,0.019609,-0.056506,0.0000,1.0000,0.000481,0,0,0,0,1.0000,1.0000,0.11078,0.17681,0.0838,0.00000,0.9929,0.0000,0.146,0.00041,0.0000,0.406615,0.406530,,0,
2.6617,scan,force_tracking_v2,0.0481,0.406583,-0.016012,-0.374447,0.003952,1.309217,0.015017,1.184687,1.571471,0.406530,-0.016650,-0.395352,0.000995,1.351182,0.019007,1.163820,1.566712,0.219925,0.007273,0.414284,3.127937,-0.548703,-3.137108,-0.01116,0.00089,-0.01825,-0.00004,0.00007,-0.00003,-0.01116,0.00089,-0.01825,-0.00004,0.00007,-0.00003,0.01138,0.00049,0.03030,0.00358,0.01281,-0.00530,0.342,2.4642,0.01117,0,0,1,0,0.115,1.006,0.296,0.0000,25.00,25.00,0.00,0.00,0.02140,80.0,1.200,0.00000,0,0.007205,0.001283,0.194,1.128,0.217,-0.4967,0.2882,0.9118,0.000000,0.000000,0.000000,0.000000,0.005023,0.021399,-0.031777,0.0000,1.0000,0.000622,0,0,0,0,1.0000,1.0000,0.11085,0.23893,0.0922,0.00000,0.9929,0.0000,0.169,0.00046,0.0000,0.406583,0.406530,,0,
2.6686,scan,force_tracking_v2,0.0550,0.406565,-0.015897,-0.375029,0.004005,1.310260,0.014848,1.184224,1.571650,0.406530,-0.016633,-0.394601,0.001065,1.349576,0.019024,1.164711,1.566782,0.219992,0.007305,0.414500,3.127892,-0.548738,-3.137015,-0.01181,0.00101,-0.01931,-0.00010,0.00001,-0.00013,-0.01181,0.00101,-0.01931,-0.00010,0.00001,-0.00013,0.00928,0.00436,0.02971,0.00530,0.00489,0.00962,0.339,2.3124,0.00003,0,0,1,0,0.110,0.986,0.317,0.0000,25.00,25.00,0.00,0.00,0.02265,80.0,1.200,0.00000,0,0.006865,0.000878,0.018,0.749,0.491,-0.0535,0.3165,0.8835,0.000000,0.000000,0.000000,0.000000,0.004627,0.022651,-0.030140,0.0000,1.0000,0.000759,0,0,0,0,1.0000,1.0000,0.11092,0.19150,0.0968,0.00000,0.9929,0.0000,0.155,0.00043,0.0000,0.406565,0.406530,,0,
2.6750,scan,force_tracking_v2,0.0614,0.406559,-0.016519,-0.375594,0.004022,1.311276,0.015416,1.183781,1.571092,0.406530,-0.016598,-0.393153,0.001169,1.346923,0.018902,1.165740,1.566887,0.220220,0.007317,0.414874,3.127966,-0.548566,-3.137031,-0.01228,0.00113,-0.02009,-0.00000,0.00027,-0.00017,-0.01228,0.00113,-0.02009,-0.00000,0.00027,-0.00017,0.03339,0.00182,0.05468,-0.00918,-0.02518,0.00335,0.329,2.1006,0.01012,0,0,1,0,0.111,0.994,0.328,0.0000,25.00,25.00,0.00,0.00,0.02356,80.0,1.200,0.00000,0,0.006401,0.000489,0.146,1.156,0.328,0.1384,0.3299,0.8701,0.000000,0.000000,0.000000,0.000000,0.004260,0.023561,-0.064045,0.0000,1.0000,0.000890,0,0,0,0,1.0000,1.0000,0.11100,0.25218,0.1011,0.00000,0.9929,0.0000,0.159,0.00044,0.0000,0.406559,0.406265,,0,
2.6825,scan,force_tracking_v2,0.0689,0.406569,-0.016241,-0.376271,0.003945,1.312492,0.015214,1.183244,1.571246,0.406265,-0.016598,-0.392123,0.001222,1.345003,0.018954,1.166386,1.566887,0.220400,0.007076,0.415163,3.127953,-0.548322,-3.136935,-0.01274,0.00226,-0.02085,-0.00002,0.00064,-0.00030,-0.01274,0.00226,-0.02085,-0.00002,0.00064,-0.00030,0.02598,-0.03482,0.04168,0.00187,-0.03525,0.01288,0.550,1.9324,0.00003,0,0,0,0,0.099,0.984,0.328,0.0000,25.00,25.00,0.00,0.00,0.02446,80.0,1.200,0.00000,0,0.007465,0.000988,0.008,0.887,0.286,0.1196,0.3296,0.8704,0.000000,0.000000,0.000000,0.000000,0.004906,0.024456,-0.049500,0.0000,1.0000,0.001049,0,0,0,0,1.0000,1.0000,0.11107,0.20638,0.1038,0.00000,0.9929,0.0000,0.183,0.00040,0.0000,0.406569,0.406265,,0,
2.6889,scan,force_tracking_v2,0.0753,0.406590,-0.016187,-0.376865,0.003889,1.313561,0.015204,1.182775,1.571229,0.406265,-0.016633,-0.391128,0.001239,1.343066,0.018850,1.167329,1.566974,0.220521,0.007053,0.415421,3.127984,-0.548324,-3.137061,-0.01293,0.00240,-0.02115,0.00002,0.00064,-0.00014,-0.01293,0.00240,-0.02115,0.00002,0.00064,-0.00014,0.01730,-0.00319,0.03704,-0.00383,0.00025,-0.01580,0.586,1.7517,0.00003,0,0,0,0,0.116,0.999,0.367,0.0000,25.00,25.00,0.00,0.00,0.02481,80.0,1.200,0.00000,0,0.006467,0.000497,0.322,1.171,0.724,0.8041,0.3792,0.8208,0.000000,0.000000,0.000000,0.000000,0.004006,0.024811,-0.040658,0.0000,1.0000,0.001181,0,0,0,0,1.0000,1.0000,0.11115,0.20288,0.1052,0.00000,0.9929,0.0000,0.161,0.00040,0.0000,0.406590,0.406265,,0,
2.6958,scan,force_tracking_v2,0.0822,0.406626,-0.016055,-0.377500,0.003735,1.314701,0.015187,1.182274,1.571177,0.406265,-0.016650,-0.390029,0.001309,1.341163,0.018780,1.168219,1.567044,0.220667,0.007056,0.415653,3.128020,-0.548413,-3.137095,-0.01301,0.00250,-0.02127,0.00007,0.00050,-0.00011,-0.01301,0.00250,-0.02127,0.00007,0.00050,-0.00011,0.02305,0.00035,0.03642,-0.00484,0.01397,-0.00248,0.586,1.5815,0.00003,0,0,1,0,0.135,0.992,0.389,0.0000,25.00,25.00,0.00,0.00,0.02496,80.0,1.200,0.00000,0,0.006864,0.001018,0.212,0.872,0.397,1.0998,0.4059,0.7941,0.000000,0.000000,0.000000,0.000000,0.004063,0.024961,-0.043090,0.0000,1.0000,0.001317,0,0,0,0,1.0000,1.0000,0.11123,0.20609,0.1059,0.00000,0.9929,0.0000,0.172,0.00040,0.0000,0.406626,0.406265,,0,
2.7023,scan,force_tracking_v2,0.0887,0.406672,-0.015995,-0.378101,0.003530,1.315781,0.015269,1.181800,1.571009,0.406265,-0.016633,-0.389208,0.001414,1.339488,0.018780,1.169213,1.567149,0.220732,0.007095,0.415858,3.127970,-0.548553,-3.136994,-0.01304,0.00157,-0.02133,0.00000,0.00029,-0.00023,-0.01304,0.00157,-0.02133,0.00000,0.00029,-0.00023,0.00966,0.00600,0.03087,0.00631,0.02116,0.01133,0.575,1.4202,0.00003,0,0,0,0,0.149,1.004,0.393,0.1852,25.02,25.00,0.37,0.00,0.02502,80.0,1.200,0.00000,0,0.006472,0.000835,0.191,1.138,0.325,1.0324,0.4082,0.7918,0.000000,0.000000,0.000000,0.000000,0.002278,0.025022,-0.031307,0.0000,1.0000,0.001445,0,0,0,0,1.0000,1.0000,0.11131,0.20924,0.1062,0.00000,0.9929,0.0000,0.162,0.00038,0.0000,0.406672,0.406034,,0,
2.7088,scan,force_tracking_v2,0.0953,0.406731,-0.015917,-0.378712,0.003301,1.316879,0.015349,1.181319,1.570831,0.406034,-0.016598,-0.388109,0.001484,1.337376,0.018727,1.170086,1.567236,0.220894,0.006884,0.416158,3.127976,-0.548415,-3.136960,-0.01307,0.00310,-0.02137,0.00001,0.00050,-0.00028,-0.01307,0.00310,-0.02137,0.00001,0.00050,-0.00028,0.02292,-0.02987,0.04233,-0.00066,-0.01952,0.00530,0.782,1.2373,0.00003,0,0,1,0,0.148,1.016,0.389,0.3561,25.07,25.00,0.71,0.00,0.02508,80.0,1.200,0.00000,0,0.006591,0.000348,0.073,1.070,0.338,0.8409,0.4013,0.7987,0.000000,0.000000,0.000000,0.000000,0.001705,0.025079,-0.048401,0.0000,1.0000,0.001577,0,0,0,0,1.0000,1.0000,0.11138,0.20977,0.1061,0.00000,0.9929,0.0000,0.166,0.00034,0.0000,0.406731,0.406034,,0,
2.7161,scan,force_tracking_v2,0.1025,0.406805,-0.015862,-0.379380,0.002992,1.318080,0.015502,1.180793,1.570549,0.406034,-0.016598,-0.387219,0.001518,1.335578,0.018710,1.171064,1.567306,0.220981,0.006894,0.416388,3.127948,-0.548485,-3.136944,-0.01306,0.00315,-0.02135,-0.00003,0.00039,-0.00029,-0.01306,0.00315,-0.02135,-0.00003,0.00039,-0.00029,0.01299,0.00148,0.03442,0.00357,0.01053,0.00015,0.796,1.0714,0.00003,0,0,1,0,0.156,1.018,0.408,0.3313,25.11,25.00,0.66,0.00,0.02507,80.0,1.200,0.00000,0,0.007208,0.000865,0.223,0.985,0.569,1.0780,0.4244,0.7756,0.000000,0.000000,0.000000,0.000000,0.001793,0.025067,-0.036124,0.0000,1.0000,0.001717,0,0,0,0,1.0000,1.0000,0.11146,0.21365,0.1111,0.00000,0.9929,0.0000,0.181,0.00030,0.0000,0.406805,0.406034,,0,
2.7228,scan,force_tracking_v2,0.1092,0.406888,-0.015816,-0.380005,0.002667,1.319201,0.015673,1.180301,1.570243,0.406034,-0.016598,-0.386311,0.001606,1.333833,0.018640,1.172093,1.567410,0.221058,0.006908,0.416590,3.127955,-0.548679,-3.136946,-0.01308,0.00325,-0.02137,-0.00002,0.00010,-0.00029,-0.01308,0.00325,-0.02137,-0.00002,0.00010,-0.00029,0.01159,0.00221,0.03031,-0.00108,0.02906,0.00023,0.807,0.9026,0.00003,0,0,0,0,0.137,1.016,0.399,0.3098,25.14,25.00,0.62,0.00,0.02509,80.0,1.200,0.00000,0,0.006721,0.000902,-0.055,0.995,0.240,0.7787,0.4102,0.7898,0.000000,0.000000,0.000000,0.000000,0.001715,0.025093,-0.031877,0.0000,1.0000,0.001851,0,0,0,0,1.0000,1.0000,0.11155,0.21702,0.1236,0.00000,0.9928,0.0000,0.170,0.00025,0.0000,0.406888,0.406034,,0,
2.7298,scan,force_tracking_v2,0.1162,0.406986,-0.015789,-0.380659,0.002268,1.320375,0.015910,1.179786,1.569841,0.406034,-0.016563,-0.385543,0.001606,1.332332,0.018623,1.172966,1.567463,0.221125,0.006915,0.416769,3.127926,-0.548819,-3.136920,-0.01310,0.00336,-0.02140,-0.00005,-0.00011,-0.00030,-0.01310,0.00336,-0.02140,-0.00005,-0.00011,-0.00030,0.00976,0.00098,0.02617,0.00356,0.02056,0.00161,0.826,0.7523,0.00003,0,0,1,0,0.142,1.013,0.397,0.2888,25.17,25.00,0.58,0.00,0.02513,80.0,1.200,0.00000,0,0.007019,0.001114,0.252,0.989,0.423,0.6517,0.4066,0.7934,0.000000,0.000000,0.000000,0.000000,0.001799,0.025126,-0.027402,0.0000,1.0000,0.001991,0,0,0,0,1.0000,1.0000,0.11162,0.22335,0.1447,0.00000,0.9928,0.0000,0.177,0.00018,0.0000,0.406986,0.406034,,0,
2.7359,scan,force_tracking_v2,0.1223,0.407082,-0.015775,-0.381226,0.001891,1.321393,0.016143,1.179340,1.569452,0.406034,-0.016598,-0.384618,0.001623,1.330430,0.018535,1.173996,1.567533,0.221215,0.006896,0.417016,3.127957,-0.548873,-3.137026,-0.01313,0.00352,-0.02145,-0.00001,-0.00019,-0.00017,-0.01313,0.00352,-0.02145,-0.00001,-0.00019,-0.00017,0.01394,-0.00295,0.03843,-0.00414,0.00834,-0.01402,0.877,0.5761,0.00003,0,0,0,0,0.143,1.026,0.386,0.2718,25.19,25.00,0.54,0.00,0.02519,80.0,1.200,0.00000,0,0.006077,0.000748,0.140,1.178,0.280,0.3814,0.3913,0.8087,0.000000,0.000000,0.000000,0.000000,0.001604,0.025188,-0.040088,0.0000,1.0000,0.002114,0,0,0,0,1.0000,1.0000,0.11171,0.22772,0.1577,0.00000,0.9928,0.0000,0.154,0.00011,0.0000,0.407082,0.406034,,0,
2.7422,scan,force_tracking_v2,0.1286,0.407190,-0.015775,-0.381816,0.001447,1.322455,0.016434,1.178876,1.568980,0.406034,-0.016581,-0.383711,0.001693,1.328580,0.018466,1.174711,1.567602,0.221356,0.006906,0.417297,3.127997,-0.548648,-3.137031,-0.01317,0.00361,-0.02152,0.00004,0.00015,-0.00019,-0.01317,0.00361,-0.02152,0.00004,0.00015,-0.00019,0.02305,0.00165,0.04582,-0.00537,-0.03681,0.00267,0.888,0.4117,0.00003,0,0,1,0,0.157,1.031,0.380,0.2551,25.21,25.00,0.51,0.00,0.02527,80.0,1.200,0.00000,0,0.006340,0.000986,0.282,1.016,0.384,0.2360,0.3834,0.8166,0.000000,0.000000,0.000000,0.000000,0.001693,0.025268,-0.051094,0.0000,1.0000,0.002245,0,0,0,0,1.0000,1.0000,0.11178,0.23441,0.1767,0.00000,0.9928,0.0000,0.161,0.00003,0.0000,0.407190,0.406034,,0,
2.7492,scan,force_tracking_v2,0.1356,0.407312,-0.015787,-0.382461,0.000918,1.323652,0.016790,1.178332,1.568406,0.406034,-0.016598,-0.383030,0.001745,1.327131,0.018466,1.175724,1.567690,0.221378,0.006923,0.417457,3.127939,-0.548892,-3.136999,-0.01237,0.00370,-0.02225,-0.00004,-0.00022,-0.00019,-0.01237,0.00370,-0.02225,-0.00004,-0.00022,-0.00019,0.00334,0.00259,0.02408,0.00733,0.03691,0.00016,0.918,0.2679,0.00003,0,0,1,0,0.139,1.018,0.346,0.2379,25.23,25.00,0.48,0.00,0.02547,80.0,1.200,0.00000,0,0.006970,0.001306,-0.072,0.885,0.105,-0.3896,0.3402,0.8598,0.000000,0.000000,0.000000,0.000000,0.001977,0.025470,-0.022257,0.0000,1.0000,0.002398,0,0,0,0,1.0000,1.0000,0.11185,0.24426,0.1911,0.00000,0.9928,0.0000,0.178,-0.00006,0.0000,0.407312,0.406323,,0,
2.7559,scan,force_tracking_v2,0.1423,0.407443,-0.015815,-0.383081,0.000360,1.324804,0.017179,1.177807,1.567788,0.406323,-0.016563,-0.382105,0.001798,1.325298,0.018396,1.176596,1.567759,0.221492,0.007222,0.417704,3.127968,-0.548859,-3.136995,-0.01242,0.00242,-0.02241,0.00000,-0.00017,-0.00022,-0.01242,0.00242,-0.02241,0.00000,-0.00017,-0.00022,0.01576,0.04127,0.03418,-0.00344,-0.00463,0.00272,0.729,0.0994,0.00003,0,0,0,0,0.133,1.012,0.345,0.4517,25.27,25.00,0.90,0.00,0.02562,80.0,1.200,0.00000,0,0.006678,0.000751,0.164,1.021,0.479,-0.3571,0.3399,0.8601,0.000000,0.000000,0.000000,0.000000,0.001640,0.025623,-0.036911,0.0000,1.0000,0.002545,0,0,0,0,1.0000,1.0000,0.11194,0.25283,0.1957,0.00000,0.9928,0.0000,0.172,-0.00016,0.0000,0.407443,0.406323,,0,
2.7631,scan,force_tracking_v2,0.1495,0.407583,-0.015846,-0.383757,-0.000231,1.326059,0.017591,1.177237,1.567132,0.406323,-0.016581,-0.381599,0.001798,1.324443,0.018448,1.176963,1.567794,0.221566,0.007232,0.417810,3.127887,-0.548876,-3.136952,-0.01260,0.00253,-0.02266,-0.00010,-0.00019,-0.00023,-0.01260,0.00253,-0.02266,-0.00010,-0.00019,-0.00023,0.01070,0.00147,0.01519,0.01002,0.00245,0.00012,0.724,0.0849,0.00003,0,0,0,0,0.097,0.986,0.295,0.4204,25.31,25.00,0.84,0.00,0.02593,80.0,1.200,0.00000,0,0.007191,0.001032,-0.152,0.816,-0.077,-1.1987,0.2770,0.9230,0.000000,0.000000,0.000000,0.000000,0.001918,0.025932,-0.018526,0.0000,1.0000,0.002717,0,0,0,0,1.0000,1.0000,0.11202,0.25354,0.1941,0.00000,0.9929,0.0000,0.187,-0.00028,0.0000,0.407583,0.406323,,0,
2.7695,scan,force_tracking_v2,0.1560,0.407710,-0.015876,-0.384376,-0.000762,1.327208,0.017965,1.176713,1.566537,0.406323,-0.016581,-0.380726,0.001798,1.322960,0.018378,1.177905,1.567847,0.221637,0.007219,0.417948,3.127903,-0.549208,-3.137014,-0.01278,0.00264,-0.02299,-0.00008,-0.00069,-0.00014,-0.01278,0.00264,-0.02299,-0.00008,-0.00069,-0.00014,0.01064,-0.00197,0.02067,-0.00234,0.04987,-0.00810,0.752,0.1776,0.00003,0,0,1,0,0.081,0.978,0.251,0.3940,25.34,25.00,0.79,0.00,0.02631,80.0,1.200,0.00000,0,0.006476,0.000806,0.087,1.013,0.059,-1.8462,0.2230,0.9770,0.000000,0.000000,0.000000,0.000000,0.001855,0.026312,-0.023206,0.0000,1.0000,0.002884,0,0,0,0,1.0000,1.0000,0.11210,0.25716,0.1956,0.00000,0.9929,0.0000,0.171,-0.00040,0.0000,0.407710,0.406323,,0,
2.7768,scan,force_tracking_v2,0.1632,0.407851,-0.015911,-0.385078,-0.001351,1.328511,0.018379,1.176117,1.565876,0.406323,-0.016563,-0.379888,0.001833,1.321249,0.018326,1.178778,1.567934,0.221728,0.007226,0.418175,3.127890,-0.549209,-3.137020,-0.01294,0.00275,-0.02340,-0.00010,-0.00069,-0.00013,-0.01294,0.00275,-0.02340,-0.00010,-0.00069,-0.00013,0.01297,0.00098,0.03236,0.00158,0.00017,-0.00185,0.787,0.3414,0.00003,0,0,0,0,0.055,0.965,0.237,0.3666,25.37,25.00,0.73,0.00,0.02675,80.0,1.200,0.00000,0,0.007224,0.001024,-0.069,0.898,0.316,-1.8561,0.2090,0.9910,0.000000,0.000000,0.000000,0.000000,0.002099,0.026745,-0.034360,0.0000,1.0000,0.003075,0,0,0,0,1.0000,1.0000,0.11218,0.25978,0.1956,0.00000,0.9929,0.0000,0.194,-0.00051,0.0000,0.407851,0.406908,,0,
2.7836,scan,force_tracking_v2,0.1700,0.407985,-0.015947,-0.385751,-0.001906,1.329762,0.018772,1.175546,1.565251,0.406908,-0.016528,-0.378998,0.001955,1.319574,0.018309,1.179528,1.567986,0.221849,0.007851,0.418398,3.127916,-0.549176,-3.136911,-0.01316,0.00287,-0.02379,-0.00006,-0.00064,-0.00031,-0.01316,0.00287,-0.02379,-0.00006,-0.00064,-0.00031,0.01775,0.09175,0.03267,-0.00318,-0.00496,0.01800,0.633,0.5121,0.00003,0,0,0,0,0.059,0.965,0.213,0.3423,25.39,25.00,0.68,0.00,0.02719,80.0,1.200,0.00000,0,0.006832,0.001041,0.186,1.015,0.073,-2.0499,0.1824,1.0176,0.000000,0.000000,0.000000,0.000000,0.002053,0.027191,-0.036096,0.0000,1.0000,0.003264,0,0,0,0,1.0000,1.0000,0.11227,0.26251,0.1967,0.00000,0.9929,0.0000,0.187,-0.00063,0.0000,0.407985,0.406908,,0,
2.7901,scan,force_tracking_v2,0.1765,0.408113,-0.015983,-0.386400,-0.002428,1.330967,0.019144,1.174994,1.564659,0.406908,-0.016563,-0.378352,0.001902,1.318352,0.018239,1.180279,1.568039,0.221899,0.007816,0.418531,3.127911,-0.549351,-3.137049,-0.01334,0.00298,-0.02419,-0.00007,-0.00091,-0.00010,-0.01334,0.00298,-0.02419,-0.00007,-0.00091,-0.00010,0.00755,-0.00524,0.02002,0.00051,0.02636,-0.02118,0.654,0.6538,0.00003,0,0,0,0,0.050,0.946,0.195,0.3209,25.41,25.00,0.64,0.00,0.02763,80.0,1.200,0.00000,0,0.006465,0.000865,-0.043,0.779,0.134,-2.1387,0.1628,1.0372,0.000000,0.000000,0.000000,0.000000,0.001992,0.027632,-0.021070,0.0000,1.0000,0.003449,0,0,0,0,1.0000,1.0000,0.11236,0.26583,0.1969,0.00000,0.9929,0.0000,0.180,-0.00075,0.0000,0.408113,0.406908,,0,
2.7976,scan,force_tracking_v2,0.1840,0.408257,-0.016027,-0.387163,-0.003033,1.332389,0.019577,1.174342,1.563969,0.406908,-0.016528,-0.377689,0.001937,1.316799,0.018204,1.181064,1.568056,0.221966,0.007826,0.418760,3.127953,-0.549247,-3.137021,-0.01343,0.00308,-0.02458,-0.00001,-0.00075,-0.00017,-0.01343,0.00308,-0.02458,-0.00001,-0.00075,-0.00017,0.00924,0.00134,0.03172,-0.00485,-0.01445,0.00690,0.715,0.8118,0.00003,0,0,1,0,0.067,0.974,0.223,0.2976,25.42,25.00,0.60,0.00,0.02801,80.0,1.200,0.00000,0,0.007536,0.001198,0.214,1.242,0.488,-1.3595,0.2028,0.9972,0.000000,0.000000,0.000000,0.000000,0.002211,0.028010,-0.031860,0.0000,1.0000,0.003660,0,0,0,0,1.0000,1.0000,0.11245,0.26813,0.1974,0.00000,0.9929,0.0000,0.212,-0.00085,0.0000,0.408257,0.407599,,0,
2.8044,scan,force_tracking_v2,0.1908,0.408387,-0.016070,-0.387854,-0.003577,1.333680,0.019968,1.173748,1.563347,0.407599,-0.016563,-0.376869,0.001955,1.315140,0.018151,1.181989,1.568109,0.222041,0.008505,0.418966,3.127965,-0.549335,-3.137091,-0.01347,0.00168,-0.02479,0.00000,-0.00088,-0.00008,-0.01347,0.00168,-0.02479,0.00000,-0.00088,-0.00008,0.01042,0.09408,0.02857,-0.00155,0.01221,-0.00871,1.042,0.9883,0.00003,0,0,1,0,0.080,0.984,0.267,0.2781,25.43,25.00,0.56,0.00,0.02819,80.0,1.200,0.00000,0,0.006792,0.000751,0.132,0.958,0.523,-0.4263,0.2603,0.9397,0.000000,0.000000,0.000000,0.000000,0.001867,0.028193,-0.028744,0.0000,1.0000,0.003840,0,0,0,0,1.0000,1.0000,0.11254,0.26961,0.1830,0.00000,0.9929,0.0000,0.192,-0.00098,0.0000,0.408387,0.407599,,0,
2.8109,scan,force_tracking_v2,0.1974,0.408508,-0.016113,-0.388521,-0.004099,1.334929,0.020345,1.173173,1.562747,0.407599,-0.016563,-0.376258,0.002025,1.313622,0.018134,1.182600,1.568143,0.222128,0.008522,0.419221,3.127990,-0.549039,-3.137058,-0.01341,0.00183,-0.02493,0.00003,-0.00044,-0.00015,-0.01341,0.00183,-0.02493,0.00003,-0.00044,-0.00015,0.01349,0.00257,0.03941,-0.00305,-0.04581,0.00712,1.083,1.1493,0.00003,0,0,0,0,0.098,1.001,0.293,0.2604,25.44,25.00,0.52,0.00,0.02828,80.0,1.200,0.00000,0,0.006564,0.000893,0.195,1.107,0.331,0.0832,0.2939,0.9061,0.000000,0.000000,0.000000,0.000000,0.001732,0.028283,-0.040623,0.0000,1.0000,0.004008,0,0,0,0,1.0000,1.0000,0.11263,0.26927,0.1838,0.00000,0.9929,0.0000,0.186,-0.00109,0.0000,0.408508,0.407599,,0,
2.8181,scan,force_tracking_v2,0.2046,0.408641,-0.016162,-0.389251,-0.004669,1.336301,0.020759,1.172540,1.562089,0.407599,-0.016563,-0.375717,0.002059,1.312435,0.018047,1.183333,1.568178,0.222161,0.008513,0.419368,3.128059,-0.549128,-3.137120,-0.01334,0.00198,-0.02499,0.00012,-0.00057,-0.00011,-0.01334,0.00198,-0.02499,0.00012,-0.00057,-0.00011,0.00448,-0.00118,0.02031,-0.00814,0.01224,-0.00365,1.104,1.2888,0.00003,0,0,0,0,0.109,1.000,0.318,0.2423,25.44,25.00,0.48,0.00,0.02830,80.0,1.200,0.00000,0,0.007203,0.000839,0.115,0.931,0.398,0.5134,0.3253,0.8747,0.000000,0.000000,0.000000,0.000000,0.001820,0.028296,-0.019674,0.0000,1.0000,0.004186,0,0,0,0,1.0000,1.0000,0.11272,0.26949,0.1846,0.00000,0.9929,0.0000,0.204,-0.00120,0.0000,0.408641,0.407599,,0,
2.8248,scan,force_tracking_v2,0.2112,0.408764,-0.016209,-0.389924,-0.005191,1.337565,0.021140,1.171955,1.561483,0.407599,-0.016563,-0.374809,0.002059,1.310830,0.018012,1.184171,1.568231,0.222264,0.008508,0.419550,3.128045,-0.549268,-3.137148,-0.01330,0.00214,-0.02495,0.00010,-0.00078,-0.00006,-0.01330,0.00214,-0.02495,0.00010,-0.00078,-0.00006,0.01593,-0.00083,0.02808,0.00175,0.02157,-0.00543,1.094,1.4594,0.00003,0,0,0,0,0.104,1.009,0.340,0.2267,25.44,25.00,0.45,0.00,0.02824,80.0,1.200,0.00000,0,0.006642,0.000989,0.024,1.080,0.429,0.8423,0.3522,0.8478,0.000000,0.000000,0.000000,0.000000,0.001623,0.028244,-0.032275,0.0000,1.0000,0.004345,0,0,0,0,1.0000,1.0000,0.11282,0.26908,0.1854,0.00000,0.9929,0.0000,0.188,-0.00132,0.0000,0.408764,0.408473,,0,
2.8322,scan,force_tracking_v2,0.2187,0.408890,-0.016264,-0.390674,-0.005775,1.338977,0.021569,1.171303,1.560802,0.408473,-0.016598,-0.374111,0.002077,1.309416,0.017959,1.184782,1.568248,0.222361,0.009366,0.419752,3.128092,-0.549165,-3.137222,-0.01323,0.00056,-0.02492,0.00016,-0.00062,0.00002,-0.01323,0.00056,-0.02492,0.00016,-0.00062,0.00002,0.01312,0.11696,0.02744,-0.00549,-0.01415,-0.00673,1.747,1.6128,0.00003,0,0,0,0,0.094,1.013,0.349,0.2105,25.44,25.00,0.42,0.00,0.02817,80.0,1.200,0.00000,0,0.007447,0.001082,0.042,1.015,0.327,0.8904,0.3619,0.8381,0.000000,0.000000,0.000000,0.000000,0.001792,0.028165,-0.028939,0.0000,1.0000,0.004521,0,0,0,0,1.0000,1.0000,0.11290,0.26820,0.1692,0.00000,0.9929,0.0000,0.210,-0.00143,0.0000,0.408890,0.408473,,0,
2.8386,scan,force_tracking_v2,0.2250,0.409004,-0.016313,-0.391311,-0.006268,1.340175,0.021933,1.170747,1.560225,0.408473,-0.016581,-0.373500,0.002129,1.308264,0.017942,1.185498,1.568318,0.222407,0.009385,0.419875,3.128065,-0.549340,-3.137178,-0.01313,0.00073,-0.02484,0.00013,-0.00089,-0.00003,-0.01313,0.00073,-0.02484,0.00013,-0.00089,-0.00003,0.00698,0.00289,0.01863,0.00343,0.02659,0.00455,1.757,1.7597,0.00003,0,0,1,0,0.101,1.021,0.367,0.1975,25.44,25.00,0.40,0.00,0.02805,80.0,1.200,0.00000,0,0.006337,0.000809,0.204,1.076,0.507,1.1232,0.3842,0.8158,0.000000,0.000000,0.000000,0.000000,0.001487,0.028052,-0.019500,0.0000,1.0000,0.004666,0,0,0,0,1.0000,1.0000,0.11300,0.26743,0.1702,0.00000,0.9929,0.0000,0.178,-0.00155,0.0000,0.409004,0.408473,,0,
2.8450,scan,force_tracking_v2,0.2315,0.409115,-0.016365,-0.391957,-0.006770,1.341392,0.022304,1.170181,1.559635,0.408473,-0.016563,-0.372959,0.002129,1.307304,0.017855,1.186091,1.568388,0.222451,0.009374,0.419970,3.128080,-0.549515,-3.137248,-0.01302,0.00089,-0.02469,0.00015,-0.00115,0.00007,-0.01302,0.00089,-0.02469,0.00015,-0.00115,0.00007,0.00652,-0.00170,0.01396,-0.00195,0.02571,-0.00908,1.737,1.8834,0.00003,0,0,0,0,0.114,1.023,0.396,0.1852,25.43,25.00,0.37,0.00,0.02787,80.0,1.200,0.00000,0,0.006473,0.000470,0.199,1.004,0.563,1.4989,0.4183,0.7817,0.000000,0.000000,0.000000,0.000000,0.001443,0.027866,-0.015327,0.0000,1.0000,0.004807,0,0,0,0,1.0000,1.0000,0.11309,0.26633,0.1711,0.00000,0.9929,0.0000,0.181,-0.00165,0.0000,0.409115,0.408473,,0,
2.8515,scan,force_tracking_v2,0.2380,0.409227,-0.016418,-0.392603,-0.007271,1.342609,0.022677,1.169614,1.559043,0.408473,-0.016511,-0.372191,0.002182,1.305908,0.017820,1.186772,1.568492,0.222546,0.009398,0.420140,3.128036,-0.549569,-3.137189,-0.01294,0.00097,-0.02459,0.00009,-0.00123,0.00001,-0.01294,0.00097,-0.02459,0.00009,-0.00123,0.00001,0.01453,0.00380,0.02598,0.00570,0.00817,0.00551,1.745,2.0331,0.00003,0,0,0,0,0.125,1.013,0.386,0.5536,25.59,25.00,1.11,0.00,0.02774,80.0,1.200,0.00000,0,0.006505,0.000428,0.163,0.914,0.160,1.1438,0.4027,0.7973,0.000000,0.000000,0.000000,0.000000,0.001277,0.027736,-0.029702,0.0000,1.0000,0.004951,0,0,0,0,1.0000,1.0000,0.11317,0.26517,0.1715,0.00000,0.9929,0.0000,0.181,-0.00176,0.0000,0.409227,0.409072,,0,
2.8586,scan,force_tracking_v2,0.2450,0.409340,-0.016478,-0.393299,-0.007812,1.343921,0.023081,1.169006,1.558401,0.409072,-0.016528,-0.371511,0.002182,1.304599,0.017750,1.187086,1.568510,0.222688,0.009977,0.420355,3.128093,-0.549256,-3.137282,-0.01294,-0.00005,-0.02456,0.00017,-0.00076,0.00011,-0.01294,-0.00005,-0.02456,0.00017,-0.00076,0.00011,0.02002,0.08188,0.03046,-0.00674,-0.04434,-0.00891,2.230,2.1778,0.00003,0,0,0,0,0.130,0.987,0.351,0.9538,25.91,25.00,1.91,0.00,0.02770,80.0,1.200,0.00000,0,0.007048,0.000442,0.126,0.827,0.123,0.3840,0.3563,0.8437,0.000000,0.000000,0.000000,0.000000,0.000996,0.027700,-0.035509,0.0000,1.0000,0.005116,0,0,0,0,1.0000,1.0000,0.11325,0.26389,0.1608,0.00000,0.9929,0.0000,0.196,-0.00186,0.0000,0.409340,0.409072,,0,
2.8664,scan,force_tracking_v2,0.2528,0.409465,-0.016547,-0.394063,-0.008403,1.345362,0.023526,1.168337,1.557696,0.409072,-0.016581,-0.370882,0.002251,1.303464,0.017698,1.187697,1.568597,0.222755,0.009978,0.420484,3.128089,-0.549362,-3.137334,-0.01289,0.00014,-0.02452,0.00016,-0.00092,0.00019,-0.01289,0.00014,-0.02452,0.00016,-0.00092,0.00019,0.00945,0.00016,0.01798,0.00048,0.01488,-0.00771,2.213,2.3180,0.00003,0,0,0,0,0.131,0.994,0.357,0.8826,26.14,25.00,1.77,0.00,0.02764,80.0,1.200,0.00000,0,0.007759,0.001057,0.115,1.125,0.515,0.4377,0.3631,0.8369,0.000000,0.000000,0.000000,0.000000,0.001084,0.027642,-0.020263,0.0000,1.0000,0.005295,0,0,0,0,1.0000,1.0000,0.11335,0.26334,0.1617,0.00000,0.9930,0.0000,0.215,-0.00198,0.0000,0.409465,0.409072,,0,
2.8730,scan,force_tracking_v2,0.2594,0.409578,-0.016607,-0.394716,-0.008907,1.346597,0.023907,1.167762,1.557091,0.409072,-0.016581,-0.370778,0.002217,1.303063,0.017680,1.188063,1.568650,0.222730,0.009969,0.420533,3.128041,-0.549432,-3.137374,-0.01277,0.00033,-0.02449,0.00010,-0.00103,0.00029,-0.01277,0.00033,-0.02449,0.00010,-0.00103,0.00029,-0.01284,-0.00463,0.02545,0.02088,0.03598,-0.03342,2.199,2.4236,0.00003,0,0,1,0,0.133,0.996,0.376,0.8257,26.26,25.00,1.65,0.00,0.02756,80.0,1.200,0.00000,0,0.006659,0.005861,0.146,0.988,0.519,0.7264,0.3867,0.8133,0.000000,0.000000,0.000000,0.000000,0.000902,0.027557,-0.015049,0.0000,1.0000,0.005444,0,0,0,0,1.0000,1.0000,0.11345,0.26276,0.1629,0.00000,0.9930,0.0000,0.184,-0.00210,0.0000,0.409578,0.409580,,0,
2.8816,scan,force_tracking_v2,0.2680,0.409709,-0.016687,-0.395552,-0.009554,1.348178,0.024398,1.167024,1.556313,0.409580,-0.016528,-0.370499,0.002269,1.302504,0.017610,1.188412,1.568702,0.222749,0.010490,0.420596,3.128079,-0.549503,-3.137357,-0.01267,-0.00056,-0.02440,0.00015,-0.00113,0.00023,-0.01267,-0.00056,-0.02440,0.00015,-0.00113,0.00023,0.00139,0.03877,0.00465,-0.00241,0.00529,0.00278,2.657,2.5263,0.00003,0,0,0,0,0.115,1.010,0.391,0.7579,26.33,25.00,1.52,0.00,0.02742,80.0,1.200,0.00000,0,0.008569,0.000899,0.017,1.082,0.411,0.8799,0.4040,0.7960,0.000000,0.000000,0.000000,0.000000,0.001126,0.027418,-0.004254,0.0000,1.0000,0.005631,0,0,0,0,1.0000,1.0000,0.11353,0.26177,0.1536,0.00000,0.9930,0.0000,0.235,-0.00221,0.0000,0.409709,0.409580,,0,
2.8887,scan,force_tracking_v2,0.2751,0.409826,-0.016756,-0.396242,-0.010087,1.349482,0.024808,1.166415,1.555666,0.409580,-0.016249,-0.370306,0.003037,1.302173,0.016458,1.188587,1.569924,0.222770,0.010588,0.420628,3.128268,-0.549559,-3.137783,-0.01255,-0.00053,-0.02419,0.00039,-0.00122,0.00072,-0.01255,-0.00053,-0.02419,0.00039,-0.00122,0.00072,0.00276,0.01292,0.00430,-0.02118,0.00722,-0.04297,2.716,2.6359,0.00003,0,0,1,0,0.113,1.087,0.464,0.7057,26.35,25.00,1.41,0.00,0.02717,80.0,1.200,0.00000,0,0.007134,0.000429,0.145,1.630,0.971,2.0553,0.4946,0.7054,0.000000,0.000000,0.000000,0.000000,0.000810,0.027174,-0.004965,0.0000,1.0000,0.005768,0,0,0,0,1.0000,1.0000,0.11364,0.25977,0.1516,0.00000,0.9930,0.0000,0.194,-0.00234,0.0000,0.409826,0.409580,,0,
2.8956,scan,force_tracking_v2,0.2821,0.409930,-0.016823,-0.396901,-0.010602,1.350731,0.025205,1.165832,1.555040,0.409580,-0.016057,-0.370446,0.003316,1.302435,0.016127,1.188517,1.570395,0.222742,0.010668,0.420586,3.128226,-0.549618,-3.137753,-0.01234,-0.00053,-0.02386,0.00034,-0.00130,0.00071,-0.01234,-0.00053,-0.02386,0.00034,-0.00130,0.00071,-0.00444,0.01254,-0.00669,0.00563,0.00932,0.00116,2.762,2.6956,0.00003,0,0,0,0,0.138,1.134,0.557,0.6585,26.34,25.00,1.32,0.00,0.02678,80.0,1.200,0.00000,0,0.006929,0.001047,0.351,1.210,1.020,3.4507,0.6087,0.5913,0.000000,0.000000,0.000000,0.000000,0.000627,0.026784,0.008169,0.0000,1.0000,0.005878,0,0,0,0,1.0000,1.0000,0.11373,0.25679,0.1511,0.00000,0.9930,0.0000,0.186,-0.00246,0.0000,0.409930,0.410047,,0,
2.9035,scan,force_tracking_v2,0.2900,0.410041,-0.016904,-0.397637,-0.011185,1.352128,0.025656,1.165174,1.554328,0.410047,-0.015708,-0.371022,0.003805,1.303307,0.015691,1.188395,1.570953,0.222609,0.011289,0.420455,3.128283,-0.549801,-3.137533,-0.01199,-0.00161,-0.02345,0.00041,-0.00158,0.00034,-0.01199,-0.00161,-0.02345,0.00041,-0.00158,0.00034,-0.01680,0.07855,-0.01650,-0.00632,0.02314,0.03159,3.331,2.7172,0.00003,0,0,0,0,0.184,1.127,0.623,0.6085,26.31,25.00,1.22,0.00,0.02623,80.0,1.200,0.00000,0,0.007891,0.001008,0.386,0.924,0.723,4.1326,0.6851,0.5149,0.000000,0.000000,0.000000,0.000000,0.000590,0.026235,0.023726,0.0000,1.0000,0.005984,0,0,0,0,1.0000,1.0000,0.11382,0.25329,0.1405,0.00000,0.9930,0.0000,0.208,-0.00256,0.0000,0.410041,0.410047,,0,
2.9102,scan,force_tracking_v2,0.2966,0.410139,-0.016973,-0.398244,-0.011673,1.353282,0.026036,1.164630,1.553731,0.410047,-0.015359,-0.371616,0.004136,1.304407,0.014992,1.187993,1.571634,0.222510,0.011349,0.420298,3.128398,-0.549917,-3.137713,-0.01172,-0.00151,-0.02300,0.00056,-0.00175,0.00052,-0.01172,-0.00151,-0.02300,0.00056,-0.00175,0.00052,-0.01463,0.00886,-0.02348,-0.01466,0.01708,-0.01777,3.353,2.7342,0.00003,0,0,1,0,0.205,1.128,0.672,0.5694,26.27,25.00,1.14,0.00,0.02572,80.0,1.200,0.00000,0,0.006644,0.000967,0.222,1.164,0.860,4.5179,0.7401,0.4599,0.000000,0.000000,0.000000,0.000000,0.000424,0.025716,0.027764,0.0000,1.0000,0.006063,0,0,0,0,1.0000,1.0000,0.11391,0.24955,0.1400,0.00000,0.9930,0.0000,0.171,-0.00269,0.0000,0.410139,0.410047,,0,
2.9171,scan,force_tracking_v2,0.3035,0.410235,-0.017047,-0.398864,-0.012176,1.354463,0.026428,1.164066,1.553116,0.410047,-0.015307,-0.372925,0.004503,1.306798,0.014923,1.187557,1.571826,0.222215,0.011462,0.419898,3.128418,-0.550566,-3.137480,-0.01138,-0.00157,-0.02260,0.00059,-0.00272,0.00015,-0.01138,-0.00157,-0.02260,0.00059,-0.00272,0.00015,-0.04236,0.01625,-0.05730,-0.00293,0.09294,0.03483,3.441,2.6634,0.00003,0,0,0,0,0.206,1.032,0.678,0.9346,26.41,25.00,1.87,0.00,0.02519,80.0,1.200,0.00000,0,0.006880,0.000851,0.125,0.244,0.520,4.0770,0.7396,0.4604,0.000000,0.000000,0.000000,0.000000,0.000440,0.025194,0.071167,0.0000,1.0000,0.006143,0,0,0,0,1.0000,1.0000,0.11399,0.24735,0.1394,0.00000,0.9930,0.0000,0.174,-0.00279,0.0000,0.410235,0.410047,,0,
2.9233,scan,force_tracking_v2,0.3097,0.410323,-0.017115,-0.399422,-0.012630,1.355526,0.026786,1.163555,1.552556,0.410047,-0.015307,-0.373954,0.004520,1.308473,0.014678,1.187155,1.571966,0.222005,0.011423,0.419656,3.128513,-0.550813,-3.137738,-0.01111,-0.00132,-0.02235,0.00071,-0.00310,0.00046,-0.01111,-0.00132,-0.02235,0.00071,-0.00310,0.00046,-0.03220,-0.00602,-0.03709,-0.01258,0.03788,-0.03205,3.388,2.6350,0.00003,0,0,0,0,0.204,1.026,0.626,1.3434,26.70,25.00,2.69,0.00,0.02484,80.0,1.200,0.00000,0,0.006263,0.000606,0.183,1.415,0.092,2.6872,0.6661,0.5339,0.000000,0.000000,0.000000,0.000000,0.000473,0.024838,0.048385,0.0000,1.0000,0.006226,0,0,0,0,1.0000,1.0000,0.11407,0.24546,0.1405,0.00000,0.9930,0.0000,0.156,-0.00290,0.0000,0.410323,0.410501,,0,
2.9318,scan,force_tracking_v2,0.3182,0.410432,-0.017208,-0.400161,-0.013243,1.356936,0.027272,1.162875,1.551797,0.410501,-0.015219,-0.375071,0.004451,1.310638,0.014451,1.186231,1.572088,0.221847,0.011836,0.419357,3.128569,-0.550937,-3.137957,-0.01083,-0.00199,-0.02179,0.00078,-0.00328,0.00075,-0.01083,-0.00199,-0.02179,0.00078,-0.00328,0.00075,-0.01824,0.04755,-0.03458,-0.00557,0.01431,-0.02179,3.740,2.5719,0.00003,0,0,1,0,0.181,1.086,0.703,1.2338,26.92,25.00,2.47,0.00,0.02421,80.0,1.200,0.00000,0,0.008505,0.000421,0.057,1.432,1.309,3.6280,0.7571,0.4429,0.000000,0.000000,0.000000,0.000000,0.000487,0.024213,0.039542,0.0000,1.0000,0.006317,0,0,0,0,1.0000,1.0000,0.11415,0.24111,0.1324,0.00000,0.9930,0.0000,0.208,-0.00299,0.0000,0.410432,0.410501,,0,
2.9382,scan,force_tracking_v2,0.3246,0.410530,-0.017280,-0.400705,-0.013698,1.357974,0.027633,1.162373,1.551232,0.410501,-0.015045,-0.376066,0.004468,1.312575,0.014416,1.185567,1.572105,0.221676,0.011874,0.419063,3.128585,-0.551217,-3.137814,-0.01062,-0.00183,-0.02143,0.00081,-0.00370,0.00052,-0.01062,-0.00183,-0.02143,0.00081,-0.00370,0.00052,-0.02944,0.00659,-0.05056,-0.00260,0.04809,0.02599,3.731,2.5417,0.00003,0,0,1,0,0.176,1.117,0.685,1.1578,27.01,25.00,2.32,0.00,0.02380,80.0,1.200,0.00000,0,0.006359,0.000979,0.210,1.205,0.256,2.9035,0.7285,0.4715,0.000000,0.000000,0.000000,0.000000,0.000402,0.023798,0.058557,0.0000,1.0000,0.006388,0,0,0,0,1.0000,1.0000,0.11425,0.23836,0.1333,0.00000,0.9931,0.0000,0.152,-0.00312,0.0000,0.410530,0.410501,,0,
2.9448,scan,force_tracking_v2,0.3313,0.410619,-0.017356,-0.401269,-0.014168,1.359049,0.028008,1.161851,1.550647,0.410501,-0.014923,-0.377096,0.004381,1.314373,0.014416,1.184869,1.572088,0.221513,0.011878,0.418826,3.128562,-0.551286,-3.137762,-0.01047,-0.00168,-0.02123,0.00078,-0.00380,0.00046,-0.01047,-0.00168,-0.02123,0.00078,-0.00380,0.00046,-0.02411,0.00054,-0.03516,0.00293,0.01027,0.00597,3.706,2.4982,0.00003,0,0,0,0,0.179,1.099,0.584,1.0834,27.04,25.00,2.17,0.00,0.02355,80.0,1.200,0.00000,0,0.006644,0.000872,0.225,0.790,-0.202,0.7758,0.5958,0.6042,0.000000,0.000000,0.000000,0.000000,0.000593,0.023550,0.042585,0.0000,1.0000,0.006483,0,0,0,0,1.0000,1.0000,0.11432,0.23614,0.1335,0.00000,0.9931,0.0000,0.158,-0.00322,0.0000,0.410619,0.410501,,0,
2.9515,scan,force_tracking_v2,0.3379,0.410708,-0.017434,-0.401831,-0.014636,1.360124,0.028383,1.161329,1.550061,0.410501,-0.014835,-0.377672,0.004259,1.315332,0.014416,1.184520,1.572088,0.221417,0.011865,0.418702,3.128508,-0.551320,-3.137765,-0.01039,-0.00149,-0.02116,0.00071,-0.00386,0.00051,-0.01039,-0.00149,-0.02116,0.00071,-0.00386,0.00051,-0.01485,-0.00199,-0.01926,0.00715,0.00530,-0.00485,3.665,2.5048,0.00003,0,0,0,0,0.185,1.062,0.503,1.0135,27.04,25.00,2.03,0.00,0.02345,80.0,1.200,0.00000,0,0.006671,0.001078,0.224,0.831,0.253,-0.7499,0.4920,0.7080,0.000000,0.000000,0.000000,0.000000,0.000731,0.023447,0.024165,0.0000,1.0000,0.006594,0,0,0,0,1.0000,1.0000,0.11439,0.23522,0.1346,0.00000,0.9931,0.0000,0.157,-0.00332,0.0006,0.410708,0.410691,,0,
2.9587,scan,force_tracking_v2,0.3451,0.410801,-0.017517,-0.402433,-0.015126,1.361273,0.028776,1.160772,1.549446,0.410691,-0.014713,-0.378719,0.003997,1.317200,0.014486,1.183490,1.571931,0.221308,0.012016,0.418495,3.128483,-0.551108,-3.137763,-0.01041,-0.00162,-0.02114,0.00067,-0.00354,0.00052,-0.01041,-0.00162,-0.02114,0.00067,-0.00354,0.00052,-0.01509,0.02095,-0.02869,0.00305,-0.02937,-0.00151,3.768,2.4594,0.00003,0,0,0,0,0.173,1.033,0.448,0.9434,27.00,25.00,1.89,0.00,0.02344,80.0,1.200,0.00000,0,0.007162,0.001054,0.062,0.963,0.358,-1.6288,0.4236,0.7764,0.000000,0.000000,0.000000,0.000000,0.000880,0.023438,0.032577,0.0000,1.0000,0.006724,0,0,0,0,1.0000,1.0000,0.11447,0.23290,0.1297,0.00000,0.9931,0.0000,0.169,-0.00342,0.0016,0.410801,0.410691,,0,
2.9663,scan,force_tracking_v2,0.3528,0.410900,-0.017604,-0.403080,-0.015635,1.362510,0.029186,1.160173,1.548801,0.410691,-0.014643,-0.379993,0.003491,1.319382,0.014713,1.182548,1.571669,0.221124,0.011928,0.418227,3.128306,-0.551067,-3.137812,-0.01042,-0.00125,-0.02122,0.00045,-0.00348,0.00074,-0.01042,-0.00125,-0.02122,0.00045,-0.00348,0.00074,-0.02360,-0.01123,-0.03447,0.01944,-0.00518,-0.01823,3.652,2.4002,0.00003,0,0,0,0,0.152,0.956,0.397,0.8736,26.93,25.00,1.75,0.00,0.02352,80.0,1.200,0.00000,0,0.007686,0.000951,0.051,0.547,0.250,-2.2954,0.3631,0.8369,0.000000,0.000000,0.000000,0.000000,0.001035,0.023522,0.041594,0.0000,1.0000,0.006875,0,0,0,0,1.0000,1.0000,0.11454,0.23152,0.1288,0.00000,0.9931,0.0000,0.182,-0.00352,0.0033,0.410900,0.410691,,0,
2.9733,scan,force_tracking_v2,0.3597,0.410989,-0.017681,-0.403669,-0.016074,1.363633,0.029545,1.159631,1.548242,0.410691,-0.014661,-0.381215,0.002653,1.321668,0.014923,1.181379,1.570866,0.220985,0.011684,0.417946,3.128539,-0.550955,-3.138201,-0.01054,-0.00056,-0.02130,0.00075,-0.00331,0.00114,-0.01054,-0.00056,-0.02130,0.00075,-0.00331,0.00114,-0.01847,-0.03241,-0.03718,-0.02615,-0.01504,-0.03532,3.368,2.3401,0.00003,0,0,0,0,0.128,0.942,0.359,0.8149,26.86,25.00,1.63,0.00,0.02366,80.0,1.200,0.00000,0,0.006964,0.000356,0.013,1.097,0.234,-2.6864,0.3191,0.8809,0.000000,0.000000,0.000000,0.000000,0.001001,0.023657,0.040976,0.0000,1.0000,0.007020,0,0,0,0,1.0000,1.0000,0.11463,0.22925,0.1277,0.00000,0.9931,0.0000,0.165,-0.00363,0.0058,0.410989,0.410691,,0,
2.9802,scan,force_tracking_v2,0.3667,0.411077,-0.017752,-0.404257,-0.016488,1.364753,0.029888,1.159091,1.547709,0.410691,-0.014713,-0.382314,0.001606,1.323762,0.015167,1.180419,1.570046,0.220841,0.011382,0.417669,3.128662,-0.550980,-3.138729,-0.01061,0.00021,-0.02134,0.00090,-0.00334,0.00183,-0.01061,0.00021,-0.02134,0.00090,-0.00334,0.00183,-0.02375,-0.04947,-0.04550,-0.01694,0.00404,-0.07592,3.039,2.2844,0.00003,0,0,0,0,0.093,0.935,0.378,1.5089,27.14,25.00,3.02,0.00,0.02374,80.0,1.200,0.00000,0,0.006932,0.001288,-0.091,0.939,0.677,-2.0295,0.3475,0.8525,0.000000,0.000000,0.000000,0.000000,0.000956,0.023740,0.050630,0.0000,1.0000,0.007161,0,0,0,0,1.0000,1.0000,0.11471,0.22716,0.1271,0.00000,0.9931,0.0000,0.165,-0.00372,0.0086,0.411077,0.410996,,0,
2.9909,scan,force_tracking_v2,0.3773,0.411199,-0.017856,-0.405165,-0.017090,1.366479,0.030395,1.158262,1.546924,0.410996,-0.014783,-0.383344,0.000541,1.325595,0.015446,1.179528,1.569295,0.220711,0.011389,0.417449,3.128674,-0.550882,-3.139247,-0.01067,0.00037,-0.02141,0.00092,-0.00320,0.00260,-0.01067,0.00037,-0.02141,0.00092,-0.00320,0.00260,-0.01201,0.00073,-0.02042,-0.00084,-0.00907,-0.04735,3.006,2.2436,0.00003,0,0,1,0,0.090,0.923,0.380,1.3564,27.34,25.00,2.71,0.00,0.02383,80.0,1.200,0.00000,0,0.010659,0.001198,0.159,0.893,0.346,-1.6195,0.3560,0.8440,0.000000,0.000000,0.000000,0.000000,0.001437,0.023833,0.023695,0.0000,1.0000,0.007375,0,0,0,0,1.0000,1.0000,0.11478,0.22507,0.1204,0.00000,0.9931,0.0000,0.255,-0.00381,0.0119,0.411199,0.410996,,0,
3.0012,scan,force_tracking_v2,0.3877,0.411318,-0.017944,-0.406057,-0.017602,1.368155,0.030838,1.157457,1.546243,0.410996,-0.014853,-0.384775,-0.000977,1.328876,0.015865,1.178097,1.568074,0.220521,0.010966,0.416938,3.128806,-0.551285,-3.139926,-0.01086,0.00151,-0.02131,0.00109,-0.00380,0.00351,-0.01086,0.00151,-0.02131,0.00109,-0.00380,0.00351,-0.01838,-0.04087,-0.04945,-0.01067,0.03898,-0.05891,2.514,2.1545,0.00003,0,0,0,0,0.142,0.949,0.399,1.2232,27.38,25.00,2.45,0.00,0.02386,80.0,1.200,0.00000,0,0.010337,0.001034,0.345,1.066,0.468,-1.0129,0.3838,0.8162,0.000000,0.000000,0.000000,0.000000,0.001339,0.023860,0.051262,0.0000,1.0000,0.007576,0,0,0,0,1.0000,1.0000,0.11490,0.22048,0.1148,0.00000,0.9931,0.0000,0.248,-0.00394,0.0181,0.411318,0.410996,,0,
3.0074,scan,force_tracking_v2,0.3938,0.411426,-0.017990,-0.406580,-0.017873,1.369158,0.031077,1.156987,1.545881,0.410996,-0.014835,-0.385334,-0.001379,1.329766,0.015900,1.177294,1.567428,0.220516,0.010818,0.416897,3.129242,-0.550811,-3.140160,-0.01086,0.00204,-0.02127,0.00164,-0.00309,0.00352,-0.01086,0.00204,-0.02127,0.00164,-0.00309,0.00352,-0.00088,-0.02310,-0.00639,-0.05769,-0.07389,-0.00099,2.313,2.1995,0.00003,0,0,1,0,0.164,0.960,0.431,1.1505,27.36,25.00,2.30,0.00,0.02383,80.0,1.200,0.00000,0,0.006121,0.000714,0.238,1.003,0.700,-0.3313,0.4261,0.7739,0.000000,0.000000,0.000000,0.000000,0.000751,0.023826,0.005640,0.0000,1.0000,0.007689,0,0,0,0,1.0000,1.0000,0.11502,0.21506,0.1079,0.00000,0.9931,0.0000,0.161,-0.00404,0.0252,0.411426,0.410996,,0,
3.0137,scan,force_tracking_v2,0.4002,0.411525,-0.018067,-0.407121,-0.018282,1.370180,0.031435,1.156504,1.545341,0.410996,-0.014923,-0.385892,-0.001937,1.330796,0.016074,1.176753,1.566834,0.220453,0.010642,0.416774,3.129418,-0.550735,-3.140451,-0.01089,0.00255,-0.02128,0.00186,-0.00298,0.00382,-0.01089,0.00255,-0.02128,0.00186,-0.00298,0.00382,-0.01006,-0.02839,-0.01987,-0.02406,-0.01229,-0.03206,2.115,2.1979,0.00003,0,0,0,0,0.175,1.009,0.391,1.0795,27.31,25.00,2.16,0.00,0.02385,80.0,1.200,0.00000,0,0.006375,0.000929,0.171,1.406,-0.144,-1.0030,0.3761,0.8239,0.000000,0.000000,0.000000,0.000000,0.000844,0.023855,0.021863,0.0000,1.0000,0.007815,0,0,0,0,1.0000,1.0000,0.11509,0.23129,0.1564,0.00000,0.9932,0.0000,0.153,-0.00409,0.0299,0.411525,0.411518,,0,
3.0206,scan,force_tracking_v2,0.4070,0.411619,-0.018139,-0.407704,-0.018674,1.371279,0.031780,1.155983,1.544818,0.411518,-0.014975,-0.387184,-0.002985,1.333117,0.016633,1.175671,1.566014,0.220283,0.010938,0.416483,3.129229,-0.550668,-3.140631,-0.01087,0.00213,-0.02123,0.00162,-0.00288,0.00424,-0.01087,0.00213,-0.02123,0.00162,-0.00288,0.00424,-0.02315,0.04020,-0.03936,0.02200,-0.00912,-0.03785,2.342,2.1235,0.00003,0,0,0,0,0.187,1.051,0.437,1.0078,27.24,25.00,2.02,0.00,0.02381,80.0,1.200,0.00000,0,0.006875,0.000411,0.235,1.173,0.986,-0.0717,0.4358,0.7642,0.000000,0.000000,0.000000,0.000000,0.000829,0.023806,0.046134,0.0000,1.0000,0.007940,0,0,0,0,1.0000,1.0000,0.11516,0.22433,0.1357,0.00000,0.9932,0.0000,0.165,-0.00418,0.0353,0.411619,0.411518,,0,
3.0268,scan,force_tracking_v2,0.4132,0.411700,-0.018192,-0.408230,-0.018958,1.372267,0.032038,1.155515,1.544431,0.411518,-0.015027,-0.388214,-0.003735,1.335125,0.017122,1.174711,1.565089,0.220155,0.010767,0.416216,3.129341,-0.550673,-3.140679,-0.01091,0.00267,-0.02118,0.00176,-0.00288,0.00423,-0.01091,0.00267,-0.02118,0.00176,-0.00288,0.00423,-0.02082,-0.02790,-0.04353,-0.01534,0.00075,0.00174,2.131,2.0715,0.00003,0,0,1,0,0.194,1.063,0.424,0.9473,27.17,25.00,1.89,0.00,0.02379,80.0,1.200,0.00000,0,0.006190,0.000450,0.208,0.989,0.087,-0.2926,0.4197,0.7803,0.000000,0.000000,0.000000,0.000000,0.000768,0.023786,0.047657,0.0000,1.0000,0.008055,0,0,0,0,1.0000,1.0000,0.11523,0.21546,0.1172,0.00000,0.9932,0.0000,0.150,-0.00425,0.0415,0.411700,0.411518,,0,
3.0328,scan,force_tracking_v2,0.4192,0.411771,-0.018240,-0.408737,-0.019215,1.373219,0.032272,1.155067,1.544078,0.411518,-0.015045,-0.388912,-0.004276,1.336329,0.017488,1.173943,1.564531,0.220099,0.010659,0.416102,3.129304,-0.550402,-3.140682,-0.01092,0.00305,-0.02115,0.00172,-0.00248,0.00426,-0.01092,0.00305,-0.02115,0.00172,-0.00248,0.00426,-0.00922,-0.01790,-0.01900,0.00536,-0.04506,-0.00369,1.992,2.0591,0.00003,0,0,1,0,0.191,1.067,0.419,0.8922,27.08,25.00,1.78,0.00,0.02378,80.0,1.200,0.00000,0,0.005986,0.000416,0.118,1.037,0.441,-0.3441,0.4143,0.7857,0.000000,0.000000,0.000000,0.000000,0.000749,0.023776,0.020807,0.0000,1.0000,0.008166,0,0,0,0,1.0000,1.0000,0.11530,0.21240,0.1142,0.00000,0.9932,0.0000,0.144,-0.00431,0.0474,0.411771,0.411518,,0,
3.0393,scan,force_tracking_v2,0.4258,0.411836,-0.018284,-0.409286,-0.019442,1.374253,0.032485,1.154580,1.543760,0.411518,-0.015149,-0.389435,-0.004573,1.336975,0.017872,1.173420,1.563955,0.220064,0.010600,0.416090,3.129382,-0.549992,-3.140584,-0.01083,0.00332,-0.02111,0.00182,-0.00186,0.00405,-0.01083,0.00332,-0.02111,0.00182,-0.00186,0.00405,-0.00647,-0.01079,-0.00215,-0.01227,-0.07539,0.02547,1.917,2.0767,0.00003,0,0,0,0,0.194,1.050,0.466,0.8357,26.99,25.00,1.67,0.00,0.02369,80.0,1.200,0.00000,0,0.006546,0.001558,0.235,0.887,0.905,0.5264,0.4742,0.7258,0.000000,0.000000,0.000000,0.000000,0.000742,0.023692,0.005089,0.0000,1.0000,0.008279,0,0,0,0,1.0000,1.0000,0.11536,0.20553,0.1006,0.00000,0.9932,0.0000,0.157,-0.00436,0.0535,0.411836,0.411881,,0,
3.0460,scan,force_tracking_v2,0.4324,0.411889,-0.018318,-0.409846,-0.019616,1.375295,0.032655,1.154091,1.543505,0.411881,-0.015115,-0.390413,-0.005603,1.339366,0.018640,1.172285,1.562977,0.219954,0.010797,0.415716,3.129143,-0.550250,-3.140432,-0.01091,0.00311,-0.02084,0.00151,-0.00225,0.00401,-0.01091,0.00311,-0.02084,0.00151,-0.00225,0.00401,-0.01502,0.02685,-0.05105,0.02805,0.03523,0.00362,2.005,1.9989,0.00003,0,0,0,0,0.196,1.035,0.531,0.7819,26.89,25.00,1.56,0.00,0.02351,80.0,1.200,0.00000,0,0.006652,0.000832,0.204,0.973,0.873,1.6034,0.5546,0.6454,0.000000,0.000000,0.000000,0.000000,0.000649,0.023506,0.051684,0.0000,1.0000,0.008380,0,0,0,0,1.0000,1.0000,0.11543,0.19993,0.0998,0.00000,0.9932,0.0000,0.158,-0.00440,0.0606,0.411889,0.411881,,0,
3.0527,scan,force_tracking_v2,0.4391,0.411938,-0.018346,-0.410406,-0.019755,1.376340,0.032799,1.153598,1.543291,0.411881,-0.015254,-0.391617,-0.006440,1.341355,0.019111,1.171517,1.562105,0.219761,0.010585,0.415463,3.129173,-0.550254,-3.140640,-0.01078,0.00373,-0.02077,0.00155,-0.00225,0.00430,-0.01078,0.00373,-0.02077,0.00155,-0.00225,0.00430,-0.02941,-0.03226,-0.03845,-0.00380,0.00044,-0.02927,1.788,1.9446,0.00003,0,0,0,0,0.198,1.038,0.499,0.7313,26.79,25.00,1.46,0.00,0.02339,80.0,1.200,0.00000,0,0.006692,0.000939,0.200,1.136,-0.051,0.8546,0.5118,0.6882,0.000000,0.000000,0.000000,0.000000,0.000710,0.023385,0.047767,0.0000,1.0000,0.008488,0,0,0,0,1.0000,1.0000,0.11551,0.19693,0.0994,0.00000,0.9932,0.0000,0.158,-0.00444,0.0681,0.411938,0.411881,,0,
3.0590,scan,force_tracking_v2,0.4454,0.411982,-0.018368,-0.410929,-0.019865,1.377314,0.032917,1.153142,1.543116,0.411881,-0.015411,-0.392455,-0.007156,1.342856,0.019809,1.170488,1.561249,0.219711,0.010454,0.415324,3.129032,-0.549869,-3.140547,-0.01080,0.00417,-0.02068,0.00137,-0.00168,0.00427,-0.01080,0.00417,-0.02068,0.00137,-0.00168,0.00427,-0.00772,-0.02025,-0.02146,0.01878,-0.05938,0.00296,1.618,1.9185,0.00003,0,0,0,0,0.189,1.062,0.473,0.6867,26.70,25.00,1.37,0.00,0.02332,80.0,1.200,0.00000,0,0.006292,0.000769,0.098,1.270,0.368,0.2885,0.4769,0.7231,0.000000,0.000000,0.000000,0.000000,0.000713,0.023321,0.022083,0.0000,1.0000,0.008594,0,0,0,0,1.0000,1.0000,0.11558,0.19391,0.0986,0.00000,0.9932,0.0000,0.149,-0.00446,0.0761,0.411982,0.411881,,0,
3.0662,scan,force_tracking_v2,0.4526,0.412031,-0.018390,-0.411527,-0.019964,1.378429,0.033030,1.152618,1.542947,0.411881,-0.015376,-0.393799,-0.008046,1.345265,0.020455,1.169493,1.560342,0.219510,0.010305,0.415003,3.128896,-0.549919,-3.140426,-0.01074,0.00464,-0.02059,0.00119,-0.00175,0.00419,-0.01074,0.00464,-0.02059,0.00119,-0.00175,0.00419,-0.03040,-0.02248,-0.04861,0.01763,0.00760,0.00754,1.456,1.8363,0.00003,0,0,0,0,0.150,1.071,0.490,0.6388,26.59,25.00,1.28,0.00,0.02322,80.0,1.200,0.00000,0,0.007230,0.001405,-0.100,1.042,0.732,0.5599,0.4984,0.7016,0.000000,0.000000,0.000000,0.000000,0.000788,0.023223,0.057056,0.0000,1.0000,0.008712,0,0,0,0,1.0000,1.0000,0.11564,0.19214,0.0982,0.00000,0.9932,0.0000,0.171,-0.00448,0.0840,0.412031,0.411881,,0,
3.0735,scan,force_tracking_v2,0.4599,0.412079,-0.018408,-0.412139,-0.020031,1.379557,0.033116,1.152089,1.542817,0.411881,-0.015359,-0.395527,-0.009390,1.348982,0.021590,1.167957,1.558666,0.219260,0.010085,0.414430,3.128830,-0.550339,-3.140100,-0.01089,0.00529,-0.02051,0.00111,-0.00238,0.00376,-0.01089,0.00529,-0.02051,0.00111,-0.00238,0.00376,-0.03037,-0.02663,-0.06961,0.00721,0.05080,0.03533,1.184,1.6871,0.00003,0,0,0,0,0.159,1.049,0.433,0.5938,26.49,25.00,1.19,0.00,0.02324,80.0,1.200,0.00000,0,0.007301,0.000475,0.361,0.851,-0.046,-0.5221,0.4248,0.7752,0.000000,0.000000,0.000000,0.000000,0.000904,0.023238,0.074886,0.0000,1.0000,0.008843,0,0,0,0,1.0000,1.0000,0.11572,0.19178,0.0985,0.00000,0.9932,0.0000,0.174,-0.00449,0.0934,0.412079,0.412302,,0,
3.0800,scan,force_tracking_v2,0.4664,0.412118,-0.018424,-0.412683,-0.020084,1.380559,0.033186,1.151620,1.542711,0.412302,-0.015429,-0.396958,-0.010315,1.351600,0.022497,1.166700,1.557479,0.219079,0.010364,0.414099,3.128698,-0.550241,-3.139826,-0.01088,0.00493,-0.02043,0.00094,-0.00224,0.00345,-0.01088,0.00493,-0.02043,0.00094,-0.00224,0.00345,-0.03020,0.04649,-0.05525,0.01910,-0.01632,0.03411,1.352,1.6018,0.00003,0,0,0,0,0.169,1.026,0.488,0.5564,26.40,25.00,1.11,0.00,0.02316,80.0,1.200,0.00000,0,0.006513,0.000955,0.221,0.916,1.216,0.5238,0.4961,0.7039,0.000000,0.000000,0.000000,0.000000,0.000718,0.023161,0.063441,0.0000,1.0000,0.008949,0,0,0,0,1.0000,1.0000,0.11580,0.19051,0.0979,0.00000,0.9932,0.0000,0.154,-0.00450,0.1034,0.412118,0.412302,,0,
3.0872,scan,force_tracking_v2,0.4736,0.412159,-0.018438,-0.413279,-0.020117,1.381656,0.033241,1.151109,1.542628,0.412302,-0.015429,-0.397900,-0.010996,1.353276,0.023335,1.165618,1.556310,0.219010,0.010285,0.413934,3.128740,-0.549867,-3.139398,-0.01088,0.00528,-0.02034,0.00099,-0.00168,0.00278,-0.01088,0.00528,-0.02034,0.00099,-0.00168,0.00278,-0.00938,-0.01072,-0.02246,-0.00467,-0.05109,0.06121,1.231,1.5632,0.00003,0,0,0,0,0.190,1.066,0.487,0.5178,26.31,25.00,1.04,0.00,0.02308,80.0,1.200,0.00000,0,0.007195,0.000827,0.310,1.456,0.249,0.4343,0.4934,0.7066,0.000000,0.000000,0.000000,0.000000,0.000798,0.023085,0.023923,0.0000,1.0000,0.009067,0,0,0,0,1.0000,1.0000,0.11586,0.18810,0.0971,0.00000,0.9932,0.0000,0.170,-0.00451,0.1127,0.412159,0.412302,,0,
3.0939,scan,force_tracking_v2,0.4803,0.412195,-0.018448,-0.413834,-0.020123,1.382676,0.033272,1.150630,1.542578,0.412302,-0.015446,-0.399070,-0.011886,1.355388,0.023911,1.165025,1.555525,0.218783,0.010120,0.413607,3.128533,-0.550195,-3.139390,-0.01077,0.00582,-0.02023,0.00073,-0.00217,0.00292,-0.01077,0.00582,-0.02023,0.00073,-0.00217,0.00292,-0.03576,-0.02594,-0.05153,0.02791,0.05169,-0.01570,1.073,1.5051,0.00003,0,0,0,0,0.214,1.077,0.530,0.4842,26.29,25.00,0.97,0.00,0.02295,80.0,1.200,0.00000,0,0.006706,0.001193,0.335,1.014,0.898,1.1418,0.5469,0.6531,0.000000,0.000000,0.000000,0.000000,0.000675,0.022946,0.062311,0.0000,1.0000,0.009167,0,0,0,0,1.0000,1.0000,0.11594,0.18765,0.0969,0.00000,0.9932,0.0000,0.158,-0.00451,0.1233,0.412195,0.412302,,0,
3.1006,scan,force_tracking_v2,0.4871,0.412230,-0.018453,-0.414385,-0.020106,1.383690,0.033284,1.150155,1.542558,0.412302,-0.015499,-0.400187,-0.012811,1.357343,0.024627,1.164117,1.554495,0.218633,0.009950,0.413365,3.128428,-0.550099,-3.139302,-0.01066,0.00635,-0.02005,0.00060,-0.00203,0.00288,-0.01066,0.00635,-0.02005,0.00060,-0.00203,0.00288,-0.02160,-0.02457,-0.03488,0.01318,-0.01380,0.00476,0.924,1.4515,0.00003,0,0,0,0,0.227,1.100,0.574,0.4527,26.26,25.00,0.91,0.00,0.02274,80.0,1.200,0.00000,0,0.006726,0.000944,0.225,1.239,0.765,1.7931,0.6011,0.5989,0.000000,0.000000,0.000000,0.000000,0.000605,0.022738,0.040735,0.0000,1.0000,0.009259,0,0,0,0,1.0000,1.0000,0.11601,0.18557,0.0959,0.00000,0.9932,0.0000,0.158,-0.00451,0.1335,0.412230,0.412645,,0,
3.1077,scan,force_tracking_v2,0.4941,0.412264,-0.018460,-0.414955,-0.020091,1.384739,0.033299,1.149663,1.542532,0.412645,-0.015499,-0.400187,-0.012811,1.357343,0.024627,1.164117,1.554495,0.218633,0.010292,0.413365,3.128428,-0.550099,-3.139302,-0.01055,0.00584,-0.01988,0.00060,-0.00203,0.00288,-0.01055,0.00584,-0.01988,0.00060,-0.00203,0.00288,0.00000,0.05286,0.00000,0.00000,0.00000,0.00000,1.126,1.5096,0.00003,0,0,0,0,0.207,1.075,0.576,0.4220,26.24,25.00,0.84,0.00,0.02253,80.0,1.200,0.00000,0,0.007031,0.001506,0.004,0.796,0.407,1.5967,0.5997,0.6003,0.000000,0.000000,0.000000,0.000000,0.000636,0.022532,0.000633,0.0000,1.0000,0.009354,0,0,0,0,1.0000,1.0000,0.11607,0.18386,0.0951,0.00000,0.9932,0.0000,0.163,-0.00450,0.1441,0.412264,0.412645,,0,
3.1146,scan,force_tracking_v2,0.5010,0.412296,-0.018462,-0.415506,-0.020050,1.385751,0.033292,1.149191,1.542541,0.412645,-0.015568,-0.401321,-0.013631,1.359437,0.025447,1.162826,1.553378,0.218543,0.010162,0.413139,3.128357,-0.549739,-3.139056,-0.01047,0.00633,-0.01960,0.00050,-0.00149,0.00256,-0.01047,0.00633,-0.01960,0.00050,-0.00149,0.00256,-0.01188,-0.01710,-0.02970,0.00821,-0.04731,0.02727,0.962,1.4497,0.00003,0,0,0,0,0.164,1.083,0.626,0.3938,26.21,25.00,0.79,0.00,0.02225,80.0,1.200,0.00000,0,0.006909,0.000814,-0.100,1.244,1.026,2.2950,0.6607,0.5393,0.000000,0.000000,0.000000,0.000000,0.000543,0.022251,0.031326,0.0000,1.0000,0.009437,0,0,0,0,1.0000,1.0000,0.11615,0.18047,0.0934,0.00000,0.9932,0.0000,0.159,-0.00450,0.1555,0.412296,0.412645,,0,
3.1212,scan,force_tracking_v2,0.5076,0.412325,-0.018463,-0.416033,-0.019994,1.386714,0.033270,1.148744,1.542574,0.412645,-0.015603,-0.401827,-0.014155,1.360711,0.026075,1.162145,1.552401,0.218500,0.010085,0.412946,3.128469,-0.549804,-3.138771,-0.01049,0.00667,-0.01938,0.00065,-0.00158,0.00205,-0.01049,0.00667,-0.01938,0.00065,-0.00158,0.00205,-0.00687,-0.01260,-0.03138,-0.01549,0.01053,0.05588,0.825,1.4347,0.00003,0,0,0,0,0.138,1.114,0.575,0.3685,26.18,25.00,0.74,0.00,0.02208,80.0,1.200,0.00000,0,0.006623,0.001287,0.085,1.343,-0.083,1.1179,0.5918,0.6082,0.000000,0.000000,0.000000,0.000000,0.000615,0.022085,0.030197,0.0000,1.0000,0.009526,0,0,0,0,1.0000,1.0000,0.11621,0.17918,0.0925,0.00000,0.9932,0.0000,0.152,-0.00448,0.1670,0.412325,0.412731,,0,
3.1280,scan,force_tracking_v2,0.5144,0.412353,-0.018461,-0.416572,-0.019923,1.387695,0.033238,1.148287,1.542622,0.412731,-0.015691,-0.402298,-0.014591,1.361636,0.026389,1.161918,1.551807,0.218402,0.010064,0.412789,3.128541,-0.550019,-3.138808,-0.01047,0.00690,-0.01935,0.00074,-0.00190,0.00205,-0.01047,0.00690,-0.01935,0.00074,-0.00190,0.00205,-0.05113,-0.01085,-0.08157,-0.03191,0.11101,0.00042,0.780,1.4368,0.00003,0,0,0,0,0.125,1.101,0.506,0.3445,26.14,25.00,0.69,0.00,0.02204,80.0,1.200,0.00000,0,0.006755,0.006129,0.132,0.860,0.153,-0.2347,0.5027,0.6973,0.000000,0.000000,0.000000,0.000000,0.000751,0.022043,0.096133,0.0000,1.0000,0.009629,0,0,0,0,1.0000,1.0000,0.11628,0.17963,0.0926,0.00000,0.9932,0.0000,0.156,-0.00447,0.1784,0.412353,0.412731,,0,
3.1349,scan,force_tracking_v2,0.5213,0.412382,-0.018452,-0.417126,-0.019811,1.388706,0.033173,1.147816,1.542722,0.412731,-0.015795,-0.403398,-0.015429,1.363556,0.027053,1.160993,1.550934,0.218260,0.009906,0.412556,3.128361,-0.549888,-3.138767,-0.01048,0.00812,-0.01937,0.00051,-0.00171,0.00213,-0.01048,0.00812,-0.01937,0.00051,-0.00171,0.00213,-0.01156,-0.01288,-0.01905,0.01263,-0.01070,-0.00436,0.674,1.3831,0.00003,0,0,0,0,0.115,1.126,0.459,0.3213,26.11,25.00,0.64,0.00,0.02209,80.0,1.200,0.00000,0,0.006953,0.000813,0.096,1.383,0.369,-1.0353,0.4437,0.7563,0.000000,0.000000,0.000000,0.000000,0.000859,0.022087,0.022133,0.0000,1.0000,0.009746,0,0,0,0,1.0000,1.0000,0.11634,0.18065,0.0926,0.00000,0.9932,0.0000,0.163,-0.00445,0.1902,0.412382,0.412731,,0,
3.1414,scan,force_tracking_v2,0.5278,0.412409,-0.018443,-0.417635,-0.019698,1.389640,0.033104,1.147383,1.542824,0.412731,-0.015952,-0.404550,-0.016249,1.364987,0.027873,1.159998,1.549957,0.218154,0.009768,0.412501,3.128163,-0.549141,-3.138614,-0.01042,0.00823,-0.01954,0.00025,-0.00059,0.00205,-0.01042,0.00823,-0.01954,0.00025,-0.00059,0.00205,-0.01710,-0.02223,-0.00889,0.02768,-0.12024,0.00792,0.691,1.3590,0.00003,0,0,0,0,0.091,1.117,0.415,0.3013,26.08,25.00,0.60,0.00,0.02220,80.0,1.200,0.00000,0,0.006452,0.001052,-0.091,0.925,0.219,-1.6962,0.3899,0.8101,0.000000,0.000000,0.000000,0.000000,0.000872,0.022198,0.016243,0.0000,1.0000,0.009862,0,0,0,0,1.0000,1.0000,0.11641,0.18004,0.0923,0.00000,0.9932,0.0000,0.152,-0.00442,0.2028,0.412409,0.412731,,0,
3.1480,scan,force_tracking_v2,0.5344,0.412434,-0.018432,-0.418164,-0.019573,1.390604,0.033026,1.146939,1.542942,0.412731,-0.016092,-0.405423,-0.016720,1.366942,0.028449,1.159091,1.548945,0.218047,0.009669,0.412203,3.128365,-0.549293,-3.138448,-0.01063,0.00831,-0.01962,0.00051,-0.00082,0.00164,-0.01063,0.00831,-0.01962,0.00051,-0.00082,0.00164,-0.01465,-0.01349,-0.04068,-0.02348,0.02071,0.03706,0.633,1.3005,0.00003,0,0,0,0,0.117,1.131,0.374,0.2820,26.05,25.00,0.56,0.00,0.02238,80.0,1.200,0.00000,0,0.006604,0.000360,0.452,1.294,0.219,-2.2251,0.3409,0.8591,0.000000,0.000000,0.000000,0.000000,0.000962,0.022376,0.042189,0.0000,1.0000,0.009989,0,0,0,0,1.0000,1.0000,0.11648,0.18182,0.0930,0.00000,0.9932,0.0000,0.157,-0.00440,0.2146,0.412434,0.412682,,0,
3.1543,scan,force_tracking_v2,0.5407,0.412458,-0.018421,-0.418675,-0.019447,1.391532,0.032946,1.146510,1.543061,0.412682,-0.016214,-0.406330,-0.017471,1.368897,0.028920,1.158358,1.548264,0.217900,0.009454,0.411887,3.128201,-0.549585,-3.138558,-0.01077,0.00841,-0.01970,0.00030,-0.00126,0.00194,-0.01077,0.00841,-0.01970,0.00030,-0.00126,0.00194,-0.02331,-0.03412,-0.05019,0.02213,0.04647,-0.03107,0.693,1.2438,0.00003,0,0,0,0,0.114,1.113,0.373,1.1286,26.32,25.00,2.26,0.00,0.02252,80.0,1.200,0.00000,0,0.006309,0.000342,-0.036,0.876,0.556,-1.9963,0.3432,0.8568,0.000000,0.000000,0.000000,0.000000,0.000877,0.022522,0.054563,0.0000,1.0000,0.010110,0,0,0,0,1.0000,1.0000,0.11654,0.18376,0.0937,0.00000,0.9931,0.0000,0.151,-0.00437,0.2270,0.412458,0.412682,,0,
3.1605,scan,force_tracking_v2,0.5469,0.412480,-0.018408,-0.419173,-0.019312,1.392440,0.032857,1.146096,1.543193,0.412682,-0.016336,-0.407761,-0.018256,1.371253,0.029897,1.156804,1.547182,0.217791,0.009362,0.411680,3.127947,-0.548918,-3.138178,-0.01074,0.00851,-0.01963,-0.00002,-0.00026,0.00157,-0.01074,0.00851,-0.01963,-0.00002,-0.00026,0.00157,-0.01894,-0.01588,-0.03598,0.03815,-0.11568,0.04277,0.771,1.1619,0.00003,0,0,0,0,0.127,1.068,0.495,1.9266,26.88,25.00,3.85,0.00,0.02245,80.0,1.200,0.00000,0,0.006240,0.000815,0.268,0.725,1.679,0.3916,0.5008,0.6992,0.000000,0.000000,0.000000,0.000000,0.000674,0.022453,0.040388,0.0000,1.0000,0.010208,0,0,0,0,1.0000,1.0000,0.11660,0.18182,0.0926,0.00000,0.9931,0.0000,0.149,-0.00434,0.2391,0.412480,0.412682,,0,
3.1677,scan,force_tracking_v2,0.5541,0.412506,-0.018386,-0.419764,-0.019115,1.393505,0.032726,1.145603,1.543395,0.412682,-0.016563,-0.408686,-0.018902,1.373452,0.030089,1.156525,1.546240,0.217541,0.009120,0.411220,3.128337,-0.549900,-3.138592,-0.01092,0.00998,-0.01976,0.00048,-0.00173,0.00188,-0.01092,0.00998,-0.01976,0.00048,-0.00173,0.00188,-0.03595,-0.03471,-0.06594,-0.04802,0.14075,-0.03014,0.982,1.0879,0.00003,0,0,0,0,0.121,1.073,0.327,1.7930,27.30,25.00,3.59,0.00,0.02266,80.0,1.200,0.00000,0,0.007185,0.001030,0.027,1.306,-1.452,-2.6109,0.2883,0.9117,0.000000,0.000000,0.000000,0.000000,0.001073,0.022663,0.074592,0.0000,1.0000,0.010357,0,0,0,0,1.0000,1.0000,0.11666,0.18803,0.0944,0.00000,0.9931,0.0000,0.177,-0.00431,0.2513,0.412506,0.412668,,0,
3.1740,scan,force_tracking_v2,0.5604,0.412529,-0.018364,-0.420285,-0.018930,1.394446,0.032599,1.145170,1.543591,0.412668,-0.016650,-0.409524,-0.019408,1.374656,0.030735,1.155635,1.545349,0.217484,0.009033,0.411152,3.128357,-0.549350,-3.138341,-0.01107,0.01033,-0.02009,0.00050,-0.00090,0.00149,-0.01107,0.01033,-0.02009,0.00050,-0.00090,0.00149,-0.00894,-0.01379,-0.01092,-0.00234,-0.08761,0.04149,1.114,1.0799,0.00003,0,0,0,0,0.101,1.061,0.198,1.6837,27.54,25.00,3.37,0.00,0.02303,80.0,1.200,0.00000,0,0.006293,0.001069,-0.067,0.925,-0.313,-4.6144,0.1291,1.0709,0.000000,0.000000,0.000000,0.000000,0.001139,0.023030,0.013825,0.0000,1.0000,0.010512,0,0,0,0,1.0000,1.0000,0.11673,0.19029,0.0953,0.00000,0.9931,0.0000,0.158,-0.00426,0.2656,0.412529,0.412668,,0,
3.1805,scan,force_tracking_v2,0.5669,0.412552,-0.018340,-0.420823,-0.018726,1.395423,0.032457,1.144725,1.543808,0.412668,-0.016755,-0.410432,-0.019932,1.375773,0.031206,1.154762,1.544739,0.217418,0.008933,0.411123,3.128262,-0.548666,-3.138310,-0.01118,0.01073,-0.02046,0.00038,0.00012,0.00152,-0.01118,0.01073,-0.02046,0.00038,0.00012,0.00152,-0.00990,-0.01489,-0.00431,0.01244,-0.10158,-0.00275,1.270,1.0699,0.00003,0,0,0,0,0.047,1.053,0.180,1.5781,27.68,25.00,3.16,0.00,0.02341,80.0,1.200,0.00000,0,0.006475,0.000766,-0.346,1.039,0.642,-4.4104,0.1137,1.0863,0.000000,0.000000,0.000000,0.000000,0.001191,0.023410,0.008671,0.0000,1.0000,0.010677,0,0,0,0,1.0000,1.0000,0.11680,0.19242,0.0961,0.00000,0.9931,0.0000,0.166,-0.00422,0.2783,0.412552,0.412668,,0,
3.1875,scan,force_tracking_v2,0.5739,0.412576,-0.018312,-0.421436,-0.018491,1.396489,0.032293,1.144259,1.544061,0.412668,-0.016860,-0.411165,-0.020385,1.377885,0.031556,1.154029,1.544197,0.217291,0.008834,0.410717,3.128194,-0.549294,-3.138322,-0.01237,0.01113,-0.02013,0.00029,-0.00082,0.00159,-0.01237,0.01113,-0.02013,0.00029,-0.00082,0.00159,-0.01809,-0.01412,-0.05794,0.00808,0.08964,-0.00680,1.372,1.0049,0.00003,0,0,0,0,0.001,1.060,0.204,1.4708,27.74,25.00,2.94,0.00,0.02375,80.0,1.200,0.00000,0,0.007041,0.000786,-0.130,1.142,0.470,-3.4349,0.1526,1.0474,0.000000,0.000000,0.000000,0.000000,0.001239,0.023752,0.058696,0.0000,1.0000,0.010852,0,0,0,0,1.0000,1.0000,0.11686,0.19456,0.0964,0.00000,0.9931,0.0000,0.184,-0.00417,0.2916,0.412576,0.412668,,0,
3.1940,scan,force_tracking_v2,0.5805,0.412599,-0.018283,-0.422012,-0.018261,1.397489,0.032132,1.143821,1.544310,0.412668,-0.016982,-0.411793,-0.020630,1.379299,0.031748,1.153348,1.543744,0.217217,0.008754,0.410502,3.128315,-0.549389,-3.138397,-0.01253,0.01151,-0.02038,0.00045,-0.00096,0.00161,-0.01253,0.01151,-0.02038,0.00045,-0.00096,0.00161,-0.01130,-0.01225,-0.03290,-0.01584,0.01454,-0.00183,1.491,0.9849,0.00003,0,0,0,0,-0.002,1.061,0.198,1.3780,27.75,25.00,2.76,0.00,0.02406,80.0,1.200,0.00000,0,0.006520,0.000825,0.171,1.048,0.046,-3.1384,0.1513,1.0487,0.000000,0.000000,0.000000,0.000000,0.001151,0.024059,0.033816,0.0000,1.0000,0.011016,0,0,0,0,1.0000,1.0000,0.11693,0.19793,0.0977,0.00000,0.9931,0.0000,0.173,-0.00412,0.3062,0.412599,0.412686,,0,
3.2012,scan,force_tracking_v2,0.5876,0.412623,-0.018250,-0.422651,-0.018001,1.398599,0.031949,1.143335,1.544596,0.412686,-0.017017,-0.412613,-0.020752,1.380835,0.031887,1.152633,1.543342,0.217110,0.008736,0.410295,3.128491,-0.549383,-3.138359,-0.01268,0.01174,-0.02063,0.00067,-0.00095,0.00141,-0.01268,0.01174,-0.02063,0.00067,-0.00095,0.00141,-0.01559,-0.00254,-0.03017,-0.02179,-0.00105,0.01889,1.559,0.9542,0.00003,0,0,0,0,0.033,1.100,0.214,1.2828,27.70,25.00,2.57,0.00,0.02435,80.0,1.200,0.00000,0,0.007159,0.001079,0.310,1.389,0.356,-2.4652,0.1772,1.0228,0.000000,0.000000,0.000000,0.000000,0.001225,0.024349,0.033836,0.0000,1.0000,0.011195,0,0,0,0,1.0000,1.0000,0.11700,0.20064,0.0988,0.00000,0.9931,0.0000,0.192,-0.00407,0.3200,0.412623,0.412686,,0,
3.2074,scan,force_tracking_v2,0.5938,0.412644,-0.018221,-0.423207,-0.017768,1.399563,0.031783,1.142914,1.544854,0.412686,-0.017052,-0.413085,-0.020804,1.381742,0.032009,1.152040,1.543220,0.217081,0.008735,0.410194,3.128455,-0.549221,-3.138303,-0.01277,0.01197,-0.02078,0.00063,-0.00071,0.00136,-0.01277,0.01197,-0.02078,0.00063,-0.00071,0.00136,-0.00471,-0.00028,-0.01603,0.00503,-0.02590,0.00594,1.616,0.9658,0.00003,0,0,0,0,0.049,1.114,0.252,1.2058,27.64,25.00,2.41,0.00,0.02453,80.0,1.200,0.00000,0,0.006187,0.001042,0.048,1.075,0.557,-1.5163,0.2295,0.9705,0.000000,0.000000,0.000000,0.000000,0.000998,0.024528,0.016125,0.0000,1.0000,0.011342,0,0,0,0,1.0000,1.0000,0.11708,0.20218,0.0993,0.00000,0.9931,0.0000,0.168,-0.00401,0.3354,0.412644,0.412686,,0,
3.2141,scan,force_tracking_v2,0.6005,0.412667,-0.018188,-0.423814,-0.017508,1.400617,0.031599,1.142452,1.545142,0.412686,-0.017157,-0.414097,-0.020804,1.383697,0.032132,1.151411,1.543063,0.216898,0.008735,0.409882,3.128443,-0.549529,-3.138256,-0.01284,0.01217,-0.02087,0.00061,-0.00117,0.00130,-0.01284,0.01217,-0.02087,0.00061,-0.00117,0.00130,-0.02621,0.00012,-0.04489,0.00127,0.04429,0.00586,1.671,0.9091,0.00003,0,0,0,0,0.083,1.125,0.296,1.1276,27.55,25.00,2.26,0.00,0.02464,80.0,1.200,0.00000,0,0.006708,0.000769,0.294,1.156,0.487,-0.5595,0.2877,0.9123,0.000000,0.000000,0.000000,0.000000,0.001004,0.024642,0.051966,0.0000,1.0000,0.011493,0,0,0,0,1.0000,1.0000,0.11714,0.20430,0.1000,0.00000,0.9930,0.0000,0.183,-0.00395,0.3488,0.412667,0.412728,,0,
3.2215,scan,force_tracking_v2,0.6079,0.412691,-0.018151,-0.424482,-0.017217,1.401774,0.031391,1.141946,1.545467,0.412728,-0.017174,-0.415319,-0.020822,1.385844,0.032254,1.150294,1.542871,0.216757,0.008786,0.409624,3.128467,-0.549332,-3.138154,-0.01285,0.01228,-0.02091,0.00064,-0.00087,0.00112,-0.01285,0.01228,-0.02091,0.00064,-0.00087,0.00112,-0.01931,0.00699,-0.03538,-0.00265,-0.02711,0.01576,1.680,0.8464,0.00003,0,0,0,0,0.104,1.119,0.340,1.0474,27.43,25.00,2.09,0.00,0.02469,80.0,1.200,0.00000,0,0.007380,0.000870,0.122,1.031,0.481,0.2791,0.3438,0.8562,0.000000,0.000000,0.000000,0.000000,0.001022,0.024686,0.040334,0.0000,1.0000,0.011649,0,0,0,0,1.0000,1.0000,0.11721,0.20443,0.0999,0.00000,0.9930,0.0000,0.202,-0.00389,0.3635,0.412691,0.412728,,0,
3.2282,scan,force_tracking_v2,0.6146,0.412714,-0.018116,-0.425088,-0.016946,1.402823,0.031197,1.141485,1.545772,0.412728,-0.017226,-0.416174,-0.020804,1.387624,0.032306,1.149683,1.542784,0.216609,0.008791,0.409330,3.128465,-0.549644,-3.138120,-0.01282,0.01251,-0.02084,0.00064,-0.00134,0.00107,-0.01282,0.01251,-0.02084,0.00064,-0.00134,0.00107,-0.02297,0.00076,-0.04568,0.00007,0.04831,0.00501,1.739,0.8107,0.00003,0,0,0,0,0.103,1.114,0.410,0.9796,27.32,25.00,1.96,0.00,0.02461,80.0,1.200,0.00000,0,0.006692,0.001100,0.016,1.100,0.842,1.4946,0.4325,0.7675,0.000000,0.000000,0.000000,0.000000,0.000812,0.024611,0.050954,0.0000,1.0000,0.011775,0,0,0,0,1.0000,1.0000,0.11729,0.20525,0.0999,0.00000,0.9930,0.0000,0.184,-0.00383,0.3799,0.412714,0.412728,,0,
3.2347,scan,force_tracking_v2,0.6211,0.412735,-0.018080,-0.425678,-0.016674,1.403844,0.031002,1.141036,1.546078,0.412728,-0.017244,-0.416994,-0.020839,1.389369,0.032341,1.148793,1.542766,0.216520,0.008789,0.409079,3.128393,-0.549677,-3.138120,-0.01276,0.01273,-0.02073,0.00055,-0.00139,0.00113,-0.01276,0.01273,-0.02073,0.00055,-0.00139,0.00113,-0.01328,-0.00039,-0.03738,0.00913,0.00493,-0.00555,1.796,0.7709,0.00003,0,0,0,0,0.098,1.099,0.448,0.9175,27.21,25.00,1.83,0.00,0.02449,80.0,1.200,0.00000,0,0.006547,0.000960,0.063,0.986,0.470,1.9949,0.4780,0.7220,0.000000,0.000000,0.000000,0.000000,0.000736,0.024486,0.038799,0.0000,1.0000,0.011891,0,0,0,0,1.0000,1.0000,0.11736,0.20489,0.0993,0.00000,0.9930,0.0000,0.180,-0.00377,0.3950,0.412735,0.412728,,0,
3.2410,scan,force_tracking_v2,0.6275,0.412756,-0.018044,-0.426251,-0.016405,1.404832,0.030809,1.140599,1.546381,0.412728,-0.017296,-0.417762,-0.020839,1.390975,0.032341,1.148322,1.542766,0.216372,0.008784,0.408801,3.128349,-0.550042,-3.138152,-0.01272,0.01295,-0.02066,0.00050,-0.00194,0.00121,-0.01272,0.01295,-0.02066,0.00050,-0.00194,0.00121,-0.02317,-0.00077,-0.04361,0.00571,0.05720,-0.00866,1.861,0.7374,0.00003,0,0,0,0,0.104,1.093,0.421,1.8418,27.54,25.00,3.68,0.00,0.02441,80.0,1.200,0.00000,0,0.006336,0.000920,0.182,1.108,-0.015,1.2878,0.4403,0.7597,0.000000,0.000000,0.000000,0.000000,0.000759,0.024405,0.049276,0.0000,1.0000,0.012008,0,0,0,0,1.0000,1.0000,0.11743,0.20566,0.0993,0.00000,0.9930,0.0000,0.174,-0.00371,0.4099,0.412756,0.412762,,0,
3.2480,scan,force_tracking_v2,0.6344,0.412780,-0.018004,-0.426874,-0.016107,1.405908,0.030594,1.140126,1.546717,0.412762,-0.017314,-0.418443,-0.020839,1.392302,0.032376,1.147432,1.542784,0.216334,0.008825,0.408654,3.128275,-0.549796,-3.138141,-0.01266,0.01308,-0.02057,0.00040,-0.00157,0.00125,-0.01266,0.01308,-0.02057,0.00040,-0.00157,0.00125,-0.00543,0.00587,-0.02102,0.00916,-0.03516,-0.00388,1.876,0.7180,0.00003,0,0,0,0,0.119,1.097,0.427,1.7182,27.76,25.00,3.44,0.00,0.02431,80.0,1.200,0.00000,0,0.006948,0.000848,0.208,1.159,0.592,1.2301,0.4451,0.7549,0.000000,0.000000,0.000000,0.000000,0.000825,0.024306,0.020826,0.0000,1.0000,0.012136,0,0,0,0,1.0000,1.0000,0.11749,0.20449,0.0986,0.00000,0.9929,0.0000,0.191,-0.00365,0.4244,0.412780,0.412762,,0,
3.2555,scan,force_tracking_v2,0.6419,0.412806,-0.017959,-0.427547,-0.015778,1.407068,0.030358,1.139614,1.547089,0.412762,-0.017349,-0.419158,-0.020822,1.393785,0.032341,1.146856,1.542766,0.216222,0.008817,0.408418,3.128297,-0.549989,-3.138189,-0.01263,0.01332,-0.02051,0.00043,-0.00186,0.00131,-0.01263,0.01332,-0.02051,0.00043,-0.00186,0.00131,-0.01415,-0.00097,-0.02980,-0.00249,0.02431,-0.00469,1.949,0.6946,0.00003,0,0,0,0,0.152,1.095,0.409,1.5939,27.87,25.00,3.19,0.00,0.02424,80.0,1.200,0.00000,0,0.007509,0.000424,0.328,1.066,0.267,0.7574,0.4203,0.7797,0.000000,0.000000,0.000000,0.000000,0.000926,0.024236,0.032788,0.0000,1.0000,0.012278,0,0,0,0,1.0000,1.0000,0.11756,0.20487,0.0984,0.00000,0.9929,0.0000,0.206,-0.00358,0.4405,0.412806,0.412762,,0,
3.2618,scan,force_tracking_v2,0.6482,0.412827,-0.017921,-0.428102,-0.015499,1.408027,0.030157,1.139194,1.547406,0.412762,-0.017401,-0.420048,-0.020752,1.394937,0.032376,1.146088,1.542749,0.216138,0.008833,0.408354,3.128301,-0.549482,-3.138169,-0.01259,0.01353,-0.02046,0.00043,-0.00110,0.00128,-0.01259,0.01353,-0.02046,0.00043,-0.00110,0.00128,-0.01332,0.00254,-0.01016,-0.00033,-0.08057,0.00362,2.010,0.6951,0.00003,0,0,0,0,0.176,1.096,0.409,1.4971,27.90,25.00,2.99,0.00,0.02418,80.0,1.200,0.00000,0,0.006261,0.000401,0.275,1.108,0.483,0.6757,0.4193,0.7807,0.000000,0.000000,0.000000,0.000000,0.000776,0.024180,0.015650,0.0000,1.0000,0.012396,0,0,0,0,1.0000,1.0000,0.11764,0.20364,0.0976,0.00000,0.9929,0.0000,0.172,-0.00350,0.4580,0.412827,0.412830,,0,
3.2685,scan,force_tracking_v2,0.6549,0.412851,-0.017879,-0.428698,-0.015200,1.409057,0.029941,1.138744,1.547747,0.412830,-0.017401,-0.420642,-0.020647,1.396386,0.032323,1.145198,1.542766,0.216107,0.008920,0.408148,3.128354,-0.549450,-3.138159,-0.01258,0.01356,-0.02045,0.00050,-0.00105,0.00122,-0.01258,0.01356,-0.02045,0.00050,-0.00105,0.00122,-0.00498,0.01387,-0.03277,-0.00719,-0.00518,0.00605,1.978,0.6670,0.00003,0,0,0,0,0.164,1.101,0.387,1.3997,27.87,25.00,2.80,0.00,0.02416,80.0,1.200,0.00000,0,0.006732,0.000838,-0.056,1.144,0.205,0.2121,0.3907,0.8093,0.000000,0.000000,0.000000,0.000000,0.000871,0.024161,0.030702,0.0000,1.0000,0.012527,0,0,0,0,1.0000,1.0000,0.11770,0.20325,0.0974,0.00000,0.9929,0.0000,0.185,-0.00344,0.4727,0.412851,0.412830,,0,
3.2747,scan,force_tracking_v2,0.6612,0.412873,-0.017841,-0.429252,-0.014920,1.410015,0.029738,1.138325,1.548069,0.412830,-0.017366,-0.421654,-0.020385,1.397991,0.032323,1.144535,1.542784,0.215955,0.009004,0.407949,3.128429,-0.549382,-3.137943,-0.01261,0.01361,-0.02050,0.00060,-0.00095,0.00084,-0.01261,0.01361,-0.02050,0.00060,-0.00095,0.00084,-0.02397,0.01320,-0.03129,-0.01006,-0.01075,0.04007,1.964,0.6340,0.00003,0,0,0,0,0.142,1.090,0.342,1.3147,27.82,25.00,2.63,0.00,0.02422,80.0,1.200,0.00000,0,0.006261,0.000736,-0.006,0.961,0.009,-0.6154,0.3330,0.8670,0.000000,0.000000,0.000000,0.000000,0.000882,0.024216,0.039345,0.0000,1.0000,0.012659,0,0,0,0,1.0000,1.0000,0.11777,0.20365,0.0975,0.00000,0.9929,0.0000,0.173,-0.00337,0.4887,0.412873,0.412830,,0,
3.2812,scan,force_tracking_v2,0.6676,0.412896,-0.017802,-0.429826,-0.014631,1.411006,0.029527,1.137893,1.548403,0.412830,-0.017401,-0.422631,-0.020001,1.399580,0.032306,1.143819,1.542906,0.215819,0.009109,0.407756,3.128477,-0.549281,-3.137738,-0.01264,0.01361,-0.02056,0.00066,-0.00080,0.00049,-0.01264,0.01361,-0.02056,0.00066,-0.00080,0.00049,-0.02164,0.01674,-0.03090,-0.00649,-0.01617,0.03668,1.924,0.5979,0.00003,0,0,0,0,0.127,1.083,0.333,1.2324,27.74,25.00,2.46,0.00,0.02429,80.0,1.200,0.00000,0,0.006469,0.000970,0.097,1.069,0.466,-0.7175,0.3218,0.8782,0.000000,0.000000,0.000000,0.000000,0.000925,0.024288,0.037835,0.0000,1.0000,0.012797,0,0,0,0,1.0000,1.0000,0.11784,0.20385,0.0976,0.00000,0.9928,0.0000,0.179,-0.00331,0.5036,0.412896,0.412830,,0,
3.2876,scan,force_tracking_v2,0.6741,0.412920,-0.017763,-0.430396,-0.014340,1.411992,0.029315,1.137464,1.548739,0.412830,-0.017401,-0.422631,-0.020001,1.399580,0.032306,1.143819,1.542906,0.215819,0.009109,0.407756,3.128477,-0.549281,-3.137738,-0.01267,0.01383,-0.02061,0.00066,-0.00080,0.00049,-0.01267,0.01383,-0.02061,0.00066,-0.00080,0.00049,-0.02164,0.01674,-0.03090,-0.00649,-0.01617,0.03668,1.988,0.6547,0.00003,0,0,0,0,0.117,1.078,0.341,1.1557,27.64,25.00,2.31,0.00,0.02434,80.0,1.200,0.00000,0,0.006422,0.007311,0.097,1.069,0.466,-0.4835,0.3339,0.8661,0.000000,0.000000,0.000000,0.000000,0.000904,0.024344,0.037835,0.0000,1.0000,0.012932,0,0,0,0,1.0000,1.0000,0.11790,0.20458,0.0977,0.00000,0.9928,0.0000,0.179,-0.00325,0.5191,0.412920,0.412934,,0,
3.2950,scan,force_tracking_v2,0.6814,0.412947,-0.017719,-0.431052,-0.014013,1.413124,0.029075,1.136969,1.549119,0.412934,-0.017436,-0.423417,-0.019757,1.401098,0.032341,1.143191,1.543063,0.215704,0.009295,0.407531,3.128369,-0.549386,-3.137566,-0.01266,0.01367,-0.02057,0.00052,-0.00095,0.00032,-0.01266,0.01367,-0.02057,0.00052,-0.00095,0.00032,-0.00827,0.01336,-0.01616,0.00658,0.00756,0.00830,1.868,0.6242,0.00003,0,0,0,0,0.138,1.066,0.399,1.0734,27.52,25.00,2.15,0.00,0.02430,80.0,1.200,0.00000,0,0.007388,0.000838,0.322,0.999,0.772,0.5897,0.4074,0.7926,0.000000,0.000000,0.000000,0.000000,0.000930,0.024305,0.018245,0.0000,1.0000,0.013075,0,0,0,0,1.0000,1.0000,0.11797,0.20390,0.0976,0.00000,0.9928,0.0000,0.205,-0.00318,0.5346,0.412947,0.412934,,0,
3.3013,scan,force_tracking_v2,0.6878,0.412971,-0.017681,-0.431609,-0.013732,1.414086,0.028868,1.136551,1.549447,0.412934,-0.017349,-0.424255,-0.019373,1.402529,0.032201,1.142440,1.543290,0.215608,0.009404,0.407362,3.128436,-0.549237,-3.137375,-0.01260,0.01370,-0.02049,0.00060,-0.00073,-0.00002,-0.01260,0.01370,-0.02049,0.00060,-0.00073,-0.00002,-0.01500,0.01715,-0.02655,-0.00901,-0.02338,0.03548,1.834,0.6070,0.00003,0,0,0,0,0.181,1.069,0.446,1.0077,27.40,25.00,2.02,0.00,0.02420,80.0,1.200,0.00000,0,0.006317,0.000756,0.509,1.146,0.656,1.3638,0.4663,0.7337,0.000000,0.000000,0.000000,0.000000,0.000725,0.024203,0.030659,0.0000,1.0000,0.013187,0,0,0,0,1.0000,1.0000,0.11804,0.20282,0.0970,0.00000,0.9928,0.0000,0.175,-0.00311,0.5525,0.412971,0.412934,,0,
3.3080,scan,force_tracking_v2,0.6945,0.412997,-0.017642,-0.432193,-0.013436,1.415095,0.028649,1.136113,1.549794,0.412934,-0.017366,-0.425407,-0.019007,1.404187,0.032079,1.141777,1.543517,0.215429,0.009493,0.407174,3.128475,-0.549087,-3.137275,-0.01251,0.01374,-0.02035,0.00065,-0.00051,-0.00020,-0.01251,0.01374,-0.02035,0.00065,-0.00051,-0.00020,-0.02841,0.01407,-0.02968,-0.00519,-0.02375,0.01901,1.819,0.5671,0.00003,0,0,0,0,0.198,1.092,0.487,0.9425,27.28,25.00,1.88,0.00,0.02404,80.0,1.200,0.00000,0,0.006689,0.001175,0.141,1.276,0.620,1.9368,0.5163,0.6837,0.000000,0.000000,0.000000,0.000000,0.000701,0.024036,0.040291,0.0000,1.0000,0.013297,0,0,0,0,1.0000,1.0000,0.11811,0.20110,0.0961,0.00000,0.9928,0.0000,0.184,-0.00304,0.5679,0.412997,0.412934,,0,
3.3147,scan,force_tracking_v2,0.7011,0.413024,-0.017603,-0.432761,-0.013145,1.416078,0.028432,1.135689,1.550136,0.412934,-0.017401,-0.426436,-0.018535,1.405688,0.031940,1.140957,1.543918,0.215310,0.009614,0.407034,3.128416,-0.548747,-3.137153,-0.01237,0.01373,-0.02014,0.00057,0.00000,-0.00034,-0.01237,0.01373,-0.02014,0.00057,0.00000,-0.00034,-0.01740,0.01752,-0.02046,0.00755,-0.04950,0.01316,1.774,0.5390,0.00003,0,0,0,0,0.213,1.118,0.549,0.8821,27.16,25.00,1.76,0.00,0.02378,80.0,1.200,0.00000,0,0.006617,0.000887,0.267,1.247,0.902,2.8024,0.5910,0.6090,0.000000,0.000000,0.000000,0.000000,0.000597,0.023784,0.026720,0.0000,1.0000,0.013393,0,0,0,0,1.0000,1.0000,0.11817,0.19819,0.0946,0.00000,0.9927,0.0000,0.181,-0.00298,0.5843,0.413024,0.413009,,0,
3.3225,scan,force_tracking_v2,0.7089,0.413056,-0.017560,-0.433429,-0.012809,1.417235,0.028181,1.135192,1.550533,0.413009,-0.017314,-0.427396,-0.018082,1.407207,0.031870,1.140154,1.544232,0.215198,0.009840,0.406871,3.128365,-0.548509,-3.136845,-0.01232,0.01350,-0.02007,0.00051,0.00036,-0.00076,-0.01232,0.01350,-0.02007,0.00051,0.00036,-0.00076,-0.01527,0.03103,-0.02240,0.00600,-0.03259,0.03858,1.621,0.5083,0.00003,0,0,0,0,0.198,1.113,0.442,2.0439,27.68,25.00,4.09,0.00,0.02369,80.0,1.200,0.00000,0,0.007843,0.001571,0.050,0.986,-0.465,0.5384,0.4498,0.7502,0.000000,0.000000,0.000000,0.000000,0.000921,0.023695,0.027408,0.0000,1.0000,0.013532,0,0,0,0,1.0000,1.0000,0.11824,0.19617,0.0940,0.00000,0.9927,0.0000,0.213,-0.00291,0.6006,0.413056,0.413009,,0,
3.3315,scan,force_tracking_v2,0.7180,0.413094,-0.017510,-0.434196,-0.012424,1.418567,0.027891,1.134624,1.550989,0.413009,-0.017314,-0.428147,-0.017663,1.408393,0.031782,1.139386,1.544582,0.215137,0.009960,0.406763,3.128289,-0.548184,-3.136672,-0.01235,0.01354,-0.02012,0.00041,0.00085,-0.00096,-0.01235,0.01354,-0.02012,0.00041,0.00085,-0.00096,-0.00642,0.01252,-0.01121,0.00691,-0.03385,0.01391,1.585,0.5066,0.00003,0,0,0,0,0.187,1.113,0.351,3.2801,28.86,25.00,6.56,0.00,0.02375,80.0,1.200,0.00000,0,0.009047,0.000905,0.169,1.121,0.167,-1.1237,0.3338,0.8662,0.000000,0.000000,0.000000,0.000000,0.001263,0.023752,0.013050,0.0000,1.0000,0.013718,0,0,0,0,1.0000,1.0000,0.11831,0.19551,0.0937,0.00000,0.9927,0.0000,0.246,-0.00284,0.6199,0.413094,0.413009,,0,
3.3384,scan,force_tracking_v2,0.7248,0.413124,-0.017474,-0.434780,-0.012133,1.419579,0.027669,1.134191,1.551337,0.413009,-0.017279,-0.429002,-0.017174,1.409650,0.031730,1.139002,1.544774,0.214983,0.010105,0.406600,3.128361,-0.548208,-3.136364,-0.01237,0.01355,-0.02015,0.00050,0.00081,-0.00148,-0.01237,0.01355,-0.02015,0.00050,0.00081,-0.00148,-0.02120,0.02003,-0.02264,-0.00858,0.00320,0.04781,1.546,0.5109,0.00003,0,0,0,0,0.170,1.102,0.346,3.0621,29.40,25.00,6.12,0.00,0.02378,80.0,1.200,0.00000,0,0.006877,0.000565,0.066,1.018,0.571,-1.0697,0.3300,0.8700,0.000000,0.000000,0.000000,0.000000,0.000971,0.023781,0.030578,0.0000,1.0000,0.013860,0,0,0,0,1.0000,1.0000,0.11840,0.19575,0.0938,0.00000,0.9927,0.0000,0.187,-0.00276,0.6423,0.413124,0.413094,,0,
3.3457,scan,force_tracking_v2,0.7321,0.413156,-0.017437,-0.435396,-0.011834,1.420648,0.027441,1.133737,1.551695,0.413094,-0.017226,-0.429910,-0.016650,1.411064,0.031503,1.138304,1.545245,0.214867,0.010328,0.406442,3.128344,-0.548028,-3.136211,-0.01241,0.01335,-0.02023,0.00048,0.00108,-0.00169,-0.01241,0.01335,-0.02023,0.00048,0.00108,-0.00169,-0.01709,0.03287,-0.02335,0.00226,-0.02648,0.02117,1.406,0.4879,0.00003,0,0,0,0,0.147,1.065,0.303,2.8480,29.73,25.00,5.70,0.00,0.02387,80.0,1.200,0.00000,0,0.007248,0.001034,0.044,0.837,0.001,-1.6978,0.2771,0.9229,0.000000,0.000000,0.000000,0.000000,0.001096,0.023875,0.029173,0.0000,1.0000,0.014020,0,0,0,0,1.0000,1.0000,0.11847,0.19504,0.0939,0.00000,0.9926,0.0000,0.197,-0.00269,0.6594,0.413156,0.413094,,0,
3.3523,scan,force_tracking_v2,0.7388,0.413187,-0.017404,-0.435964,-0.011563,1.421634,0.027233,1.133319,1.552022,0.413094,-0.017209,-0.430817,-0.016127,1.412478,0.031241,1.137658,1.545646,0.214742,0.010445,0.406275,3.128430,-0.547903,-3.136129,-0.01248,0.01337,-0.02035,0.00059,0.00127,-0.00188,-0.01248,0.01337,-0.02035,0.00059,0.00127,-0.00188,-0.01824,0.01697,-0.02415,-0.01068,-0.01835,0.01847,1.375,0.4681,0.00003,0,0,0,0,0.143,1.048,0.267,2.6645,29.87,25.00,5.33,0.00,0.02401,80.0,1.200,0.00000,0,0.006663,0.000780,0.199,1.040,0.129,-2.1359,0.2345,0.9655,0.000000,0.000000,0.000000,0.000000,0.001065,0.024008,0.030294,0.0000,1.0000,0.014175,0,0,0,0,1.0000,1.0000,0.11854,0.19540,0.0942,0.00000,0.9926,0.0000,0.182,-0.00263,0.6775,0.413187,0.413094,,0,
3.3588,scan,force_tracking_v2,0.7452,0.413217,-0.017372,-0.436509,-0.011302,1.422582,0.027033,1.132920,1.552336,0.413094,-0.017157,-0.431742,-0.015760,1.413891,0.030980,1.136820,1.546100,0.214648,0.010530,0.406141,3.128393,-0.547566,-3.136124,-0.01247,0.01344,-0.02036,0.00054,0.00178,-0.00186,-0.01247,0.01344,-0.02036,0.00054,0.00178,-0.00186,-0.01422,0.01297,-0.02039,0.00503,-0.05106,-0.00214,1.368,0.4436,0.00003,0,0,0,0,0.150,1.054,0.339,2.4983,29.90,25.00,5.00,0.00,0.02401,80.0,1.200,0.00000,0,0.006438,0.000650,0.229,1.192,1.163,-0.6103,0.3296,0.8704,0.000000,0.000000,0.000000,0.000000,0.000910,0.024012,0.024944,0.0000,1.0000,0.014309,0,0,0,0,1.0000,1.0000,0.11861,0.19431,0.0938,0.00000,0.9926,0.0000,0.176,-0.00257,0.6941,0.413217,0.413094,,0,
3.3649,scan,force_tracking_v2,0.7514,0.413246,-0.017342,-0.437029,-0.011055,1.423486,0.026844,1.132538,1.552635,0.413094,-0.017122,-0.432772,-0.015219,1.415829,0.030700,1.135982,1.546606,0.214502,0.010661,0.405861,3.128388,-0.547650,-3.136028,-0.01240,0.01340,-0.02024,0.00053,0.00165,-0.00200,-0.01240,0.01340,-0.02024,0.00053,0.00165,-0.00200,-0.02413,0.02160,-0.04655,0.00060,0.01391,0.01547,1.307,0.3869,0.00003,0,0,0,0,0.148,1.052,0.432,2.3488,29.85,25.00,4.70,0.00,0.02387,80.0,1.200,0.00000,0,0.006173,0.000776,0.093,1.005,0.994,1.1225,0.4492,0.7508,0.000000,0.000000,0.000000,0.000000,0.000728,0.023871,0.052527,0.0000,1.0000,0.014420,0,0,0,0,1.0000,1.0000,0.11867,0.19308,0.0933,0.00000,0.9926,0.0000,0.168,-0.00251,0.7102,0.413246,0.413177,,0,
3.3715,scan,force_tracking_v2,0.7580,0.413279,-0.017310,-0.437586,-0.010797,1.424454,0.026646,1.132130,1.552945,0.413177,-0.017122,-0.433348,-0.014905,1.416963,0.030404,1.135494,1.547077,0.214421,0.010797,0.405689,3.128338,-0.547732,-3.136135,-0.01240,0.01336,-0.02023,0.00047,0.00153,-0.00180,-0.01240,0.01336,-0.02023,0.00047,0.00153,-0.00180,-0.01255,0.02099,-0.02629,0.00640,0.01268,-0.02041,1.239,0.3737,0.00003,0,0,0,0,0.148,1.061,0.353,2.1986,29.75,25.00,4.40,0.00,0.02386,80.0,1.200,0.00000,0,0.006608,0.000899,0.162,1.143,-0.797,-0.4240,0.3462,0.8538,0.000000,0.000000,0.000000,0.000000,0.000912,0.023863,0.029193,0.0000,1.0000,0.014554,0,0,0,0,1.0000,1.0000,0.11873,0.19248,0.0933,0.00000,0.9926,0.0000,0.180,-0.00246,0.7256,0.413279,0.413177,,0,
3.3784,scan,force_tracking_v2,0.7649,0.413314,-0.017278,-0.438165,-0.010531,1.425461,0.026443,1.131707,1.553265,0.413177,-0.017104,-0.434343,-0.014416,1.418394,0.030124,1.134708,1.547636,0.214305,0.010912,0.405556,3.128276,-0.547397,-3.136103,-0.01244,0.01337,-0.02031,0.00039,0.00203,-0.00180,-0.01244,0.01337,-0.02031,0.00039,0.00203,-0.00180,-0.01569,0.01559,-0.01810,0.00738,-0.04544,-0.00004,1.210,0.3472,0.00003,0,0,0,0,0.140,1.070,0.293,2.0523,29.59,25.00,4.10,0.00,0.02396,80.0,1.200,0.00000,0,0.006886,0.000400,0.072,1.110,0.150,-1.4287,0.2713,0.9287,0.000000,0.000000,0.000000,0.000000,0.001051,0.023961,0.023786,0.0000,1.0000,0.014708,0,0,0,0,1.0000,1.0000,0.11879,0.19190,0.0932,0.00000,0.9925,0.0000,0.188,-0.00241,0.7422,0.413314,0.413177,,0,
3.3844,scan,force_tracking_v2,0.7708,0.413345,-0.017251,-0.438669,-0.010305,1.426339,0.026268,1.131340,1.553539,0.413177,-0.017087,-0.435425,-0.013701,1.420244,0.029828,1.133801,1.548159,0.214170,0.011081,0.405324,3.128366,-0.547274,-3.135937,-0.01248,0.01327,-0.02039,0.00050,0.00221,-0.00212,-0.01248,0.01327,-0.02039,0.00050,0.00221,-0.00212,-0.02443,0.03049,-0.04197,-0.01398,-0.02238,0.03841,1.122,0.2989,0.00003,0,0,0,0,0.113,1.058,0.296,1.9330,29.44,25.00,3.87,0.00,0.02404,80.0,1.200,0.00000,0,0.005989,0.000853,-0.127,0.893,0.620,-1.2115,0.2782,0.9218,0.000000,0.000000,0.000000,0.000000,0.000908,0.024039,0.048859,0.0000,1.0000,0.014840,0,0,0,0,1.0000,1.0000,0.11886,0.19163,0.0933,0.00000,0.9925,0.0000,0.164,-0.00235,0.7594,0.413345,0.413177,,0,
3.3912,scan,force_tracking_v2,0.7777,0.413381,-0.017221,-0.439243,-0.010049,1.427337,0.026071,1.130922,1.553850,0.413177,-0.017052,-0.435983,-0.013439,1.421099,0.029688,1.133574,1.548421,0.214062,0.011149,0.405201,3.128355,-0.547350,-3.135874,-0.01248,0.01335,-0.02037,0.00049,0.00210,-0.00221,-0.01248,0.01335,-0.02037,0.00049,0.00210,-0.00221,-0.06875,0.04345,-0.07876,0.00592,0.04893,0.03627,1.132,0.3002,0.00003,0,0,0,0,0.084,1.059,0.358,1.8056,29.24,25.00,3.61,0.00,0.02402,80.0,1.200,0.00000,0,0.006815,0.006125,-0.029,1.120,0.844,0.0182,0.3579,0.8421,0.000000,0.000000,0.000000,0.000000,0.000925,0.024024,0.103474,0.0000,1.0000,0.014978,0,0,0,0,1.0000,1.0000,0.11892,0.19150,0.0933,0.00000,0.9925,0.0000,0.186,-0.00230,0.7744,0.413381,0.413177,,0,
3.3976,scan,force_tracking_v2,0.7840,0.413416,-0.017193,-0.439785,-0.009814,1.428279,0.025889,1.130527,1.554134,0.413177,-0.017052,-0.436891,-0.012881,1.422897,0.029409,1.132911,1.549172,0.213914,0.011296,0.404912,3.128119,-0.547591,-3.135800,-0.01256,0.01332,-0.02050,0.00019,0.00174,-0.00213,-0.01256,0.01332,-0.02050,0.00019,0.00174,-0.00213,-0.01259,0.01244,-0.02452,0.01694,0.02055,-0.00415,1.063,0.2680,0.00003,0,0,0,0,0.095,1.058,0.256,1.6941,29.05,25.00,3.39,0.00,0.02418,80.0,1.200,0.00000,0,0.006375,0.000668,0.337,1.047,-0.963,-1.7860,0.2294,0.9706,0.000000,0.000000,0.000000,0.000000,0.001027,0.024178,0.027616,0.0000,1.0000,0.015128,0,0,0,0,1.0000,1.0000,0.11898,0.19267,0.0941,0.00000,0.9925,0.0000,0.175,-0.00225,0.7914,0.413416,0.413352,,0,
3.4037,scan,force_tracking_v2,0.7901,0.413449,-0.017168,-0.440308,-0.009602,1.429188,0.025724,1.130145,1.554389,0.413352,-0.017017,-0.437851,-0.012339,1.424416,0.029217,1.132335,1.549695,0.213760,0.011622,0.404712,3.128028,-0.547585,-3.135615,-0.01273,0.01290,-0.02079,0.00007,0.00175,-0.00234,-0.01273,0.01290,-0.02079,0.00007,0.00175,-0.00234,-0.02577,0.05474,-0.03360,0.01293,-0.00103,0.02303,0.842,0.2543,0.00003,0,0,0,0,0.098,1.039,0.131,1.5943,28.86,25.00,3.19,0.00,0.02451,80.0,1.200,0.00000,0,0.006071,0.000805,0.067,0.852,-0.618,-3.8246,0.0735,1.1265,0.000000,0.000000,0.000000,0.000000,0.001165,0.024510,0.042677,0.0000,1.0000,0.015295,0,0,0,0,1.0000,1.0000,0.11904,0.19372,0.0953,0.00000,0.9925,0.0000,0.167,-0.00220,0.8073,0.413449,0.413352,,0,
3.4102,scan,force_tracking_v2,0.7966,0.413486,-0.017143,-0.440868,-0.009379,1.430166,0.025549,1.129740,1.554658,0.413352,-0.017017,-0.438776,-0.011886,1.425428,0.029025,1.131497,1.550219,0.213694,0.011740,0.404706,3.127919,-0.546845,-3.135546,-0.01288,0.01290,-0.02106,-0.00008,0.00285,-0.00236,-0.01288,0.01290,-0.02106,-0.00008,0.00285,-0.00236,-0.01024,0.01815,-0.00098,0.01502,-0.11458,0.00206,0.832,0.2389,0.00003,0,0,0,0,0.092,1.024,0.149,1.4938,28.66,25.00,2.99,0.00,0.02482,80.0,1.200,0.00000,0,0.006512,0.000869,0.022,0.988,0.940,-3.0665,0.1027,1.0973,0.000000,0.000000,0.000000,0.000000,0.001211,0.024823,0.006351,0.0000,1.0000,0.015473,0,0,0,0,1.0000,1.0000,0.11910,0.19373,0.0957,0.00000,0.9924,0.0000,0.181,-0.00215,0.8225,0.413486,0.413352,,0,
3.4170,scan,force_tracking_v2,0.8034,0.413526,-0.017116,-0.441460,-0.009145,1.431195,0.025367,1.129311,1.554939,0.413352,-0.016982,-0.439055,-0.011764,1.426353,0.028868,1.131200,1.550550,0.213640,0.011771,0.404510,3.127779,-0.547199,-3.135590,-0.01297,0.01309,-0.02119,-0.00025,0.00232,-0.00218,-0.01297,0.01309,-0.02119,-0.00025,0.00232,-0.00218,-0.03425,0.01989,-0.12371,0.07434,0.22491,-0.07436,0.845,0.2354,0.00003,0,0,0,0,0.081,1.014,0.242,1.3958,28.46,25.00,2.79,0.00,0.02498,80.0,1.200,0.00000,0,0.006785,0.006094,0.021,0.988,0.940,-1.0436,0.2266,0.9734,0.000000,0.000000,0.000000,0.000000,0.001096,0.024979,0.123672,0.0000,1.0000,0.015638,0,0,0,0,1.0000,1.0000,0.11917,0.19564,0.0966,0.00000,0.9924,0.0000,0.190,-0.00210,0.8387,0.413526,0.413352,,0,
3.4237,scan,force_tracking_v2,0.8101,0.413566,-0.017090,-0.442052,-0.008915,1.432225,0.025187,1.128879,1.555214,0.413352,-0.016982,-0.439980,-0.011380,1.428028,0.028641,1.130781,1.550987,0.213452,0.011859,0.404228,3.127723,-0.547541,-3.135570,-0.01303,0.01316,-0.02127,-0.00032,0.00181,-0.00217,-0.01303,0.01316,-0.02127,-0.00032,0.00181,-0.00217,-0.01517,0.00713,-0.02277,0.00362,0.02759,-0.00069,0.845,0.2264,0.00003,0,0,0,0,0.088,1.014,0.273,1.3049,28.26,25.00,2.61,0.00,0.02508,80.0,1.200,0.00000,0,0.006739,0.000401,0.191,1.067,0.137,-0.3719,0.2676,0.9324,0.000000,0.000000,0.000000,0.000000,0.001035,0.025080,0.027414,0.0000,1.0000,0.015795,0,0,0,0,1.0000,1.0000,0.11924,0.19692,0.0973,0.00000,0.9924,0.0000,0.190,-0.00206,0.8556,0.413566,0.413509,,0,
3.4307,scan,force_tracking_v2,0.8172,0.413609,-0.017068,-0.442672,-0.008714,1.433303,0.025031,1.128428,1.555452,0.413509,-0.017017,-0.440190,-0.011240,1.428727,0.028379,1.130345,1.551301,0.213450,0.012009,0.404110,3.127722,-0.547603,-3.135795,-0.01309,0.01213,-0.02137,-0.00032,0.00172,-0.00183,-0.01309,0.01213,-0.02137,-0.00032,0.00172,-0.00183,-0.00032,0.02132,-0.01669,0.00009,0.00874,-0.03201,0.757,0.2242,0.00003,0,0,0,0,0.103,1.021,0.272,1.2164,28.05,25.00,2.43,0.00,0.02519,80.0,1.200,0.00000,0,0.007020,0.000391,0.190,1.067,0.137,-0.3475,0.2667,0.9333,0.000000,0.000000,0.000000,0.000000,0.001078,0.025190,0.014649,0.0000,1.0000,0.015960,0,0,0,0,1.0000,1.0000,0.11930,0.19495,0.0978,0.00000,0.9924,0.0000,0.195,-0.00201,0.8724,0.413609,0.413509,,0,
3.4367,scan,force_tracking_v2,0.8232,0.413647,-0.017045,-0.443206,-0.008516,1.434230,0.024878,1.128039,1.555688,0.413509,-0.016965,-0.441080,-0.010821,1.430245,0.028013,1.129629,1.551702,0.213332,0.012080,0.403914,3.127868,-0.547530,-3.135863,-0.01319,0.01326,-0.02153,-0.00014,0.00183,-0.00184,-0.01319,0.01326,-0.02153,-0.00014,0.00183,-0.00184,-0.02056,0.01233,-0.03436,-0.02183,-0.01281,0.00137,0.770,0.2148,0.00003,0,0,0,0,0.097,1.014,0.201,1.1455,27.89,25.00,2.29,0.00,0.02539,80.0,1.200,0.00000,0,0.006005,0.000644,-0.035,0.917,-0.528,-1.5729,0.1775,1.0225,0.000000,0.000000,0.000000,0.000000,0.001030,0.025391,0.040173,0.0000,1.0000,0.016116,0,0,0,0,1.0000,1.0000,0.11937,0.19820,0.0984,0.00000,0.9924,0.0000,0.171,-0.00197,0.8898,0.413647,0.413509,,0,
3.4434,scan,force_tracking_v2,0.8298,0.413689,-0.017020,-0.443804,-0.008298,1.435268,0.024711,1.127605,1.555947,0.413509,-0.016965,-0.441446,-0.010664,1.430926,0.027908,1.129333,1.551999,0.213281,0.012122,0.403816,3.127742,-0.547552,-3.135873,-0.01331,0.01337,-0.02173,-0.00030,0.00179,-0.00173,-0.01331,0.01337,-0.02173,-0.00030,0.00179,-0.00173,-0.00817,0.00661,-0.01550,0.01693,0.00357,-0.01186,0.796,0.2114,0.00003,0,0,0,0,0.088,1.021,0.189,1.0717,27.72,25.00,2.14,0.00,0.02563,80.0,1.200,0.00000,0,0.006659,0.001008,0.044,1.108,0.442,-1.5934,0.1656,1.0344,0.000000,0.000000,0.000000,0.000000,0.001156,0.025627,0.017560,0.0000,1.0000,0.016293,0,0,0,0,1.0000,1.0000,0.11944,0.19967,0.0993,0.00000,0.9923,0.0000,0.191,-0.00192,0.9046,0.413689,0.413509,,0,
3.4507,scan,force_tracking_v2,0.8371,0.413738,-0.016993,-0.444467,-0.008063,1.436419,0.024531,1.127122,1.556227,0.413509,-0.016912,-0.442214,-0.010210,1.432392,0.027559,1.128809,1.552383,0.213151,0.012205,0.403581,3.127903,-0.547741,-3.135893,-0.01345,0.01344,-0.02194,-0.00009,0.00151,-0.00183,-0.01345,0.01344,-0.02194,-0.00009,0.00151,-0.00183,-0.01780,0.01142,-0.03227,-0.01908,0.02589,0.00869,0.790,0.2042,0.00003,0,0,0,0,0.093,1.000,0.189,0.9963,27.53,25.00,1.99,0.00,0.02588,80.0,1.200,0.00000,0,0.007300,0.001030,0.159,0.822,0.234,-1.3919,0.1684,1.0316,0.000000,0.000000,0.000000,0.000000,0.001262,0.025879,0.036936,0.0000,1.0000,0.016488,0,0,0,0,1.0000,1.0000,0.11950,0.20163,0.1004,0.00000,0.9923,0.0000,0.212,-0.00188,0.9210,0.413738,0.413670,,0,
3.4576,scan,force_tracking_v2,0.8440,0.413784,-0.016973,-0.445095,-0.007879,1.437510,0.024391,1.126666,1.556446,0.413670,-0.016947,-0.442999,-0.009826,1.433736,0.027140,1.128076,1.552785,0.213065,0.012395,0.403421,3.128089,-0.547582,-3.136131,-0.01355,0.01247,-0.02213,0.00015,0.00175,-0.00162,-0.01355,0.01247,-0.02213,0.00015,0.00175,-0.00162,-0.01216,0.02698,-0.02277,-0.02247,-0.02264,-0.01992,0.694,0.1972,0.00003,0,0,0,0,0.104,1.004,0.203,0.9300,27.37,25.00,1.86,0.00,0.02609,80.0,1.200,0.00000,0,0.006885,0.000857,0.176,1.117,0.319,-0.9716,0.1889,1.0111,0.000000,0.000000,0.000000,0.000000,0.001164,0.026085,0.026056,0.0000,1.0000,0.016669,0,0,0,0,1.0000,1.0000,0.11958,0.20014,0.1010,0.00000,0.9923,0.0000,0.198,-0.00183,0.9390,0.413784,0.413670,,0,
3.4643,scan,force_tracking_v2,0.8508,0.413830,-0.016954,-0.445719,-0.007699,1.438592,0.024255,1.126211,1.556661,0.413670,-0.016982,-0.444099,-0.009338,1.435708,0.026878,1.127587,1.553081,0.212841,0.012485,0.403089,3.128261,-0.547978,-3.136117,-0.01365,0.01255,-0.02227,0.00037,0.00116,-0.00177,-0.01365,0.01255,-0.02227,0.00037,0.00116,-0.00177,-0.03266,0.01301,-0.04845,-0.02180,0.05756,0.01509,0.697,0.1928,0.00003,0,0,0,0,0.087,0.996,0.225,0.8692,27.22,25.00,1.74,0.00,0.02625,80.0,1.200,0.00000,0,0.006757,0.000740,-0.097,0.909,0.346,-0.4742,0.2179,0.9821,0.000000,0.000000,0.000000,0.000000,0.001105,0.026247,0.058502,0.0000,1.0000,0.016843,0,0,0,0,1.0000,1.0000,0.11965,0.20214,0.1020,0.00000,0.9923,0.0000,0.196,-0.00179,0.9558,0.413830,0.413670,,0,
3.4704,scan,force_tracking_v2,0.8568,0.413872,-0.016937,-0.446278,-0.007541,1.439560,0.024135,1.125806,1.556850,0.413670,-0.016947,-0.444535,-0.009198,1.436319,0.026721,1.127203,1.553308,0.212799,0.012511,0.403040,3.128255,-0.547774,-3.136164,-0.01367,0.01264,-0.02232,0.00036,0.00146,-0.00169,-0.01367,0.01264,-0.02232,0.00036,0.00146,-0.00169,-0.00709,0.00438,-0.00812,0.00103,-0.03405,-0.00849,0.755,0.1921,0.00003,0,0,0,0,0.083,0.989,0.281,0.8182,27.10,25.00,1.64,0.00,0.02631,80.0,1.200,0.00000,0,0.006053,0.000810,0.121,0.963,0.750,0.5750,0.2897,0.9103,0.000000,0.000000,0.000000,0.000000,0.000907,0.026306,0.010669,0.0000,1.0000,0.016988,0,0,0,0,1.0000,1.0000,0.11972,0.20177,0.1019,0.00000,0.9922,0.0000,0.176,-0.00175,0.9723,0.413872,0.413790,,0,
3.4775,scan,force_tracking_v2,0.8639,0.413923,-0.016918,-0.446936,-0.007358,1.440702,0.023998,1.125327,1.557067,0.413790,-0.016965,-0.444972,-0.008971,1.437139,0.026546,1.126994,1.553570,0.212710,0.012669,0.402898,3.128265,-0.547956,-3.136216,-0.01374,0.01271,-0.02242,0.00038,0.00119,-0.00162,-0.01374,0.01271,-0.02242,0.00038,0.00119,-0.00162,-0.01471,0.02613,-0.02355,-0.00154,0.03005,-0.00775,0.683,0.1879,0.00003,0,0,0,0,0.100,0.987,0.239,1.8930,27.51,25.00,3.79,0.00,0.02643,80.0,1.200,0.00000,0,0.007090,0.001879,0.246,0.998,-0.343,-0.2469,0.2348,0.9652,0.000000,0.000000,0.000000,0.000000,0.001134,0.026433,0.028037,0.0000,1.0000,0.017169,0,0,0,0,1.0000,1.0000,0.11979,0.20284,0.1025,0.00000,0.9922,0.0000,0.207,-0.00171,0.9870,0.413923,0.413790,,0,
3.4839,scan,force_tracking_v2,0.8704,0.413970,-0.016900,-0.447536,-0.007194,1.441742,0.023876,1.124892,1.557260,0.413790,-0.016912,-0.445670,-0.008709,1.438378,0.026197,1.126174,1.554111,0.212662,0.012711,0.402766,3.128187,-0.547688,-3.136376,-0.01380,0.01280,-0.02253,0.00027,0.00159,-0.00132,-0.01380,0.01280,-0.02253,0.00027,0.00159,-0.00132,-0.00647,0.00564,-0.01777,0.00899,-0.03576,-0.02684,0.716,0.1694,0.00003,0,0,0,0,0.070,0.968,0.228,1.7746,27.75,25.00,3.55,0.00,0.02655,80.0,1.200,0.00000,0,0.006455,0.000866,-0.272,0.805,0.317,-0.3973,0.2225,0.9775,0.000000,0.000000,0.000000,0.000000,0.001049,0.026552,0.018598,0.0000,1.0000,0.017337,0,0,0,0,1.0000,1.0000,0.11986,0.20266,0.1026,0.00000,0.9922,0.0000,0.189,-0.00168,1.0041,0.413970,0.413790,,0,
3.4900,scan,force_tracking_v2,0.8764,0.414014,-0.016880,-0.448095,-0.007016,1.442710,0.023745,1.124488,1.557471,0.413790,-0.016982,-0.446211,-0.008500,1.439321,0.026023,1.125772,1.554320,0.212583,0.012729,0.402634,3.128243,-0.547695,-3.136497,-0.01378,0.01394,-0.02248,0.00035,0.00158,-0.00119,-0.01378,0.01394,-0.02248,0.00035,0.00158,-0.00119,-0.01292,0.00291,-0.02145,-0.00782,0.00103,-0.01504,0.775,0.1684,0.00003,0,0,0,0,0.053,0.969,0.323,1.6709,27.88,25.00,3.34,0.00,0.02651,80.0,1.200,0.00000,0,0.006024,0.000770,0.029,1.079,1.348,1.3267,0.3427,0.8573,0.000000,0.000000,0.000000,0.000000,0.000838,0.026513,0.025071,0.0000,1.0000,0.017474,0,0,0,0,1.0000,1.0000,0.11993,0.20397,0.1024,0.00000,0.9922,0.0000,0.179,-0.00164,1.0197,0.414014,0.413790,,0,
3.4960,scan,force_tracking_v2,0.8824,0.414060,-0.016860,-0.448654,-0.006836,1.443679,0.023613,1.124082,1.557682,0.413790,-0.016912,-0.446647,-0.008430,1.440298,0.025901,1.125476,1.554582,0.212499,0.012757,0.402455,3.128119,-0.547943,-3.136507,-0.01370,0.01408,-0.02234,0.00019,0.00121,-0.00107,-0.01370,0.01408,-0.02234,0.00019,0.00121,-0.00107,-0.01379,0.00458,-0.02963,0.01721,0.04098,-0.01223,0.815,0.1655,0.00003,0,0,0,0,0.053,0.974,0.400,1.5728,27.93,25.00,3.15,0.00,0.02636,80.0,1.200,0.00000,0,0.006050,0.000749,0.153,1.015,0.667,2.5618,0.4386,0.7614,0.000000,0.000000,0.000000,0.000000,0.000727,0.026360,0.032525,0.0000,1.0000,0.017595,0,0,0,0,1.0000,1.0000,0.11999,0.20330,0.1020,0.00000,0.9921,0.0000,0.180,-0.00160,1.0341,0.414060,0.413934,,0,
3.5020,scan,force_tracking_v2,0.8884,0.414107,-0.016845,-0.449206,-0.006691,1.444632,0.023507,1.123681,1.557851,0.413934,-0.016947,-0.446926,-0.008378,1.440926,0.025831,1.125301,1.554704,0.212443,0.012903,0.402336,3.128081,-0.548120,-3.136579,-0.01362,0.01303,-0.02221,0.00014,0.00094,-0.00094,-0.01362,0.01303,-0.02221,0.00014,0.00094,-0.00094,-0.00894,0.02309,-0.01868,0.00506,0.02793,-0.01447,0.747,0.1706,0.00003,0,0,0,0,0.066,0.974,0.419,1.4814,27.94,25.00,2.96,0.00,0.02619,80.0,1.200,0.00000,0,0.005985,0.000440,0.195,0.949,0.178,2.6173,0.4579,0.7421,0.000000,0.000000,0.000000,0.000000,0.000697,0.026190,0.020853,0.0000,1.0000,0.017711,0,0,0,0,1.0000,1.0000,0.12006,0.20020,0.1014,0.00000,0.9921,0.0000,0.174,-0.00156,1.0485,0.414107,0.413934,,0,
3.5081,scan,force_tracking_v2,0.8945,0.414154,-0.016825,-0.449768,-0.006515,1.445602,0.023379,1.123272,1.558058,0.413934,-0.016912,-0.447415,-0.008221,1.441939,0.025691,1.125022,1.554914,0.212345,0.012938,0.402153,3.128071,-0.548369,-3.136585,-0.01360,0.01421,-0.02216,0.00013,0.00057,-0.00092,-0.01360,0.01421,-0.02216,0.00013,0.00057,-0.00092,-0.07613,0.02740,-0.14244,0.00554,0.19424,-0.00941,0.783,0.1683,0.00003,0,0,0,0,0.089,0.975,0.337,1.3939,27.91,25.00,2.79,0.00,0.02615,80.0,1.200,0.00000,0,0.006091,0.005223,0.248,0.986,-0.591,0.8780,0.3501,0.8499,0.000000,0.000000,0.000000,0.000000,0.000838,0.026153,0.161529,0.0000,1.0000,0.017847,0,0,0,0,1.0000,1.0000,0.12012,0.20230,0.1015,0.00000,0.9921,0.0000,0.180,-0.00153,1.0627,0.414154,0.413934,,0,
3.5148,scan,force_tracking_v2,0.9012,0.414208,-0.016803,-0.450384,-0.006323,1.446665,0.023240,1.122825,1.558283,0.413934,-0.016912,-0.448445,-0.007994,1.443544,0.025447,1.124324,1.555228,0.212195,0.012969,0.401955,3.128096,-0.548255,-3.136703,-0.01357,0.01435,-0.02211,0.00016,0.00074,-0.00076,-0.01357,0.01435,-0.02211,0.00016,0.00074,-0.00076,-0.01374,0.00282,-0.01829,-0.00192,-0.01047,-0.00957,0.839,0.1622,0.00003,0,0,0,0,0.126,1.002,0.350,1.3035,27.84,25.00,2.61,0.00,0.02610,80.0,1.200,0.00000,0,0.006701,0.001026,0.334,1.229,0.855,1.0001,0.3647,0.8353,0.000000,0.000000,0.000000,0.000000,0.000902,0.026096,0.022800,0.0000,1.0000,0.017993,0,0,0,0,1.0000,1.0000,0.12018,0.20130,0.1011,0.00000,0.9921,0.0000,0.198,-0.00149,1.0771,0.414208,0.413934,,0,
3.5205,scan,force_tracking_v2,0.9069,0.414255,-0.016785,-0.450908,-0.006157,1.447571,0.023121,1.122444,1.558476,0.413934,-0.016965,-0.448724,-0.007854,1.444155,0.025429,1.124044,1.555402,0.212160,0.013005,0.401857,3.128001,-0.548310,-3.136685,-0.01354,0.01453,-0.02206,0.00004,0.00066,-0.00072,-0.01354,0.01453,-0.02206,0.00004,0.00066,-0.00072,-0.00597,0.00600,-0.01616,0.01342,0.00907,-0.00528,0.883,0.1650,0.00003,0,0,0,0,0.132,1.010,0.354,1.2311,27.76,25.00,2.46,0.00,0.02605,80.0,1.200,0.00000,0,0.005720,0.000730,-0.001,0.957,0.337,0.9757,0.3687,0.8313,0.000000,0.000000,0.000000,0.000000,0.000767,0.026048,0.016962,0.0000,1.0000,0.018117,0,0,0,0,1.0000,1.0000,0.12025,0.20105,0.1008,0.00000,0.9920,0.0000,0.170,-0.00145,1.0928,0.414255,0.414196,,0,
3.5265,scan,force_tracking_v2,0.9129,0.414304,-0.016770,-0.451455,-0.006020,1.448514,0.023023,1.122048,1.558633,0.414196,-0.016947,-0.449143,-0.007714,1.444976,0.025255,1.123608,1.555612,0.212115,0.013283,0.401745,3.128024,-0.548280,-3.136766,-0.01349,0.01332,-0.02199,0.00007,0.00070,-0.00061,-0.01349,0.01332,-0.02199,0.00007,0.00070,-0.00061,-0.00706,0.04415,-0.01791,-0.00321,-0.00465,-0.01091,0.684,0.1641,0.00003,0,0,0,0,0.148,1.013,0.396,1.1595,27.67,25.00,2.32,0.00,0.02594,80.0,1.200,0.00000,0,0.005987,0.000420,0.291,0.994,0.808,1.6198,0.4203,0.7797,0.000000,0.000000,0.000000,0.000000,0.000742,0.025941,0.019446,0.0000,1.0000,0.018238,0,0,0,0,1.0000,1.0000,0.12031,0.19770,0.1004,0.00000,0.9920,0.0000,0.174,-0.00141,1.1061,0.414304,0.414196,,0,
3.5326,scan,force_tracking_v2,0.9190,0.414356,-0.016752,-0.452012,-0.005855,1.449475,0.022904,1.121643,1.558826,0.414196,-0.016947,-0.449457,-0.007610,1.445604,0.025203,1.123433,1.555752,0.212053,0.013311,0.401634,3.127979,-0.548422,-3.136752,-0.01344,0.01439,-0.02190,0.00001,0.00049,-0.00060,-0.01344,0.01439,-0.02190,0.00001,0.00049,-0.00060,-0.01008,0.00452,-0.01803,0.00611,0.02305,-0.00149,0.731,0.1668,0.00003,0,0,0,0,0.150,1.009,0.389,1.0908,27.56,25.00,2.18,0.00,0.02585,80.0,1.200,0.00000,0,0.006114,0.000375,0.067,0.955,0.082,1.3119,0.4083,0.7917,0.000000,0.000000,0.000000,0.000000,0.000772,0.025853,0.020689,0.0000,1.0000,0.018363,0,0,0,0,1.0000,1.0000,0.12037,0.19889,0.1001,0.00000,0.9920,0.0000,0.180,-0.00138,1.1200,0.414356,0.414196,,0,
3.5385,scan,force_tracking_v2,0.9249,0.414406,-0.016735,-0.452545,-0.005697,1.450393,0.022791,1.121257,1.559008,0.414196,-0.016895,-0.450435,-0.007400,1.447210,0.024993,1.122788,1.556101,0.211902,0.013359,0.401416,3.127926,-0.548412,-3.136789,-0.01342,0.01451,-0.02186,-0.00006,0.00050,-0.00050,-0.01342,0.01451,-0.02186,-0.00006,0.00050,-0.00050,-0.02574,0.00823,-0.03730,0.00782,-0.00172,-0.01116,0.770,0.1561,0.00003,0,0,0,0,0.133,0.996,0.366,1.0287,27.46,25.00,2.06,0.00,0.02581,80.0,1.200,0.00000,0,0.005859,0.000372,-0.049,0.877,0.168,0.7800,0.3782,0.8218,0.000000,0.000000,0.000000,0.000000,0.000775,0.025809,0.045341,0.0000,1.0000,0.018487,0,0,0,0,1.0000,1.0000,0.12043,0.19831,0.0998,0.00000,0.9920,0.0000,0.173,-0.00135,1.1341,0.414406,0.414196,,0,
3.5445,scan,force_tracking_v2,0.9310,0.414459,-0.016716,-0.453093,-0.005531,1.451339,0.022674,1.120861,1.559198,0.414196,-0.016947,-0.450627,-0.007330,1.447489,0.024819,1.122334,1.556328,0.211935,0.013343,0.401432,3.127909,-0.548051,-3.136993,-0.01341,0.01476,-0.02186,-0.00008,0.00105,-0.00018,-0.01341,0.01476,-0.02186,-0.00008,0.00105,-0.00018,0.00596,-0.00306,0.00301,0.00283,-0.06607,-0.03887,0.858,0.1664,0.00003,0,0,0,0,0.122,0.993,0.342,0.9681,27.34,25.00,1.94,0.00,0.02581,80.0,1.200,0.00000,0,0.006066,0.000974,0.104,1.041,0.222,0.2640,0.3462,0.8538,0.000000,0.000000,0.000000,0.000000,0.000840,0.025807,-0.005706,0.0000,1.0000,0.018621,0,0,0,0,1.0000,1.0000,0.12049,0.19730,0.0993,0.00000,0.9919,0.0000,0.179,-0.00131,1.1475,0.414459,0.414196,,0,
3.5505,scan,force_tracking_v2,0.9369,0.414512,-0.016698,-0.453631,-0.005367,1.452268,0.022558,1.120473,1.559387,0.414196,-0.016947,-0.450627,-0.007330,1.447489,0.024819,1.122334,1.556328,0.211935,0.013343,0.401432,3.127909,-0.548051,-3.136993,-0.01343,0.01499,-0.02188,-0.00008,0.00105,-0.00018,-0.01343,0.01499,-0.02188,-0.00008,0.00105,-0.00018,0.00596,-0.00306,0.00301,0.00283,-0.06607,-0.03887,0.936,0.2206,0.00003,0,0,0,0,0.115,0.996,0.320,0.9122,27.23,25.00,1.82,0.00,0.02584,80.0,1.200,0.00000,0,0.005947,0.006857,0.104,1.041,0.222,-0.1598,0.3177,0.8823,0.000000,0.000000,0.000000,0.000000,0.000858,0.025841,-0.005706,0.0000,1.0000,0.018757,0,0,0,0,1.0000,1.0000,0.12056,0.19759,0.0994,0.00000,0.9919,0.0000,0.177,-0.00127,1.1613,0.414512,0.414441,,0,
3.5569,scan,force_tracking_v2,0.9433,0.414569,-0.016683,-0.454206,-0.005233,1.453261,0.022466,1.120059,1.559538,0.414441,-0.016947,-0.451674,-0.006999,1.449077,0.024539,1.121618,1.556677,0.211787,0.013640,0.401244,3.127991,-0.547886,-3.137083,-0.01343,0.01367,-0.02191,0.00002,0.00129,-0.00011,-0.01343,0.01367,-0.02191,0.00002,0.00129,-0.00011,-0.01180,0.02377,-0.01505,-0.00553,-0.01318,-0.00376,0.737,0.1828,0.00003,0,0,0,0,0.112,1.006,0.341,0.8559,27.12,25.00,1.71,0.00,0.02585,80.0,1.200,0.00000,0,0.006379,0.000813,0.112,1.078,0.648,0.2221,0.3439,0.8561,0.000000,0.000000,0.000000,0.000000,0.000887,0.025848,0.019259,0.0000,1.0000,0.018898,0,0,0,0,1.0000,1.0000,0.12062,0.19467,0.0992,0.00000,0.9919,0.0000,0.186,-0.00124,1.1748,0.414569,0.414441,,0,
3.5630,scan,force_tracking_v2,0.9494,0.414624,-0.016666,-0.454756,-0.005077,1.454211,0.022357,1.119663,1.559716,0.414441,-0.016947,-0.452093,-0.006824,1.449845,0.024504,1.121409,1.556886,0.211705,0.013696,0.401115,3.127894,-0.548028,-3.137006,-0.01344,0.01480,-0.02192,-0.00010,0.00108,-0.00015,-0.01344,0.01480,-0.02192,-0.00010,0.00108,-0.00015,-0.01341,0.00917,-0.02110,0.01337,0.02326,0.00430,0.768,0.1957,0.00003,0,0,0,0,0.101,1.001,0.327,0.8053,27.01,25.00,1.61,0.00,0.02588,80.0,1.200,0.00000,0,0.006086,0.000801,0.018,0.908,0.089,-0.0356,0.3269,0.8731,0.000000,0.000000,0.000000,0.000000,0.000868,0.025878,0.025100,0.0000,1.0000,0.019035,0,0,0,0,1.0000,1.0000,0.12068,0.19674,0.0994,0.00000,0.9919,0.0000,0.180,-0.00121,1.1891,0.414624,0.414441,,0,
3.5695,scan,force_tracking_v2,0.9559,0.414685,-0.016649,-0.455350,-0.004913,1.455236,0.022243,1.119235,1.559904,0.414441,-0.016895,-0.453000,-0.006458,1.451468,0.024295,1.120798,1.557165,0.211559,0.013779,0.400871,3.127990,-0.548141,-3.136942,-0.01348,0.01483,-0.02197,0.00002,0.00091,-0.00032,-0.01348,0.01483,-0.02197,0.00002,0.00091,-0.00032,-0.02336,0.01327,-0.03899,-0.01314,0.01799,0.01807,0.766,0.1572,0.00003,0,0,0,0,0.088,0.980,0.308,0.7543,26.89,25.00,1.51,0.00,0.02595,80.0,1.200,0.00000,0,0.006542,0.001050,0.020,0.818,0.198,-0.3820,0.3019,0.8981,0.000000,0.000000,0.000000,0.000000,0.000965,0.025945,0.045597,0.0000,1.0000,0.019188,0,0,0,0,1.0000,1.0000,0.12074,0.19722,0.0997,0.00000,0.9918,0.0000,0.194,-0.00117,1.2026,0.414685,0.414639,,0,
3.5760,scan,force_tracking_v2,0.9624,0.414746,-0.016636,-0.455940,-0.004783,1.456254,0.022155,1.118810,1.560048,0.414639,-0.016947,-0.453192,-0.006423,1.451887,0.024120,1.120484,1.557392,0.211556,0.013952,0.400821,3.127949,-0.548059,-3.137161,-0.01351,0.01389,-0.02204,-0.00003,0.00103,0.00004,-0.01351,0.01389,-0.02204,-0.00003,0.00103,0.00004,-0.00043,0.02669,-0.00760,0.00538,-0.01275,-0.03695,0.682,0.1919,0.00003,0,0,0,0,0.094,0.993,0.312,0.7069,26.78,25.00,1.41,0.00,0.02601,80.0,1.200,0.00000,0,0.006496,0.001068,0.213,1.198,0.439,-0.2670,0.3077,0.8923,0.000000,0.000000,0.000000,0.000000,0.000953,0.026006,0.007011,0.0000,1.0000,0.019338,0,0,0,0,1.0000,1.0000,0.12081,0.19557,0.0998,0.00000,0.9918,0.0000,0.190,-0.00114,1.2171,0.414746,0.414639,,0,
3.5827,scan,force_tracking_v2,0.9691,0.414809,-0.016619,-0.456547,-0.004621,1.457300,0.022043,1.118374,1.560233,0.414639,-0.016947,-0.453192,-0.006423,1.451887,0.024120,1.120484,1.557392,0.211556,0.013952,0.400821,3.127949,-0.548059,-3.137161,-0.01354,0.01502,-0.02207,-0.00003,0.00103,0.00004,-0.01354,0.01502,-0.02207,-0.00003,0.00103,0.00004,0.00000,0.00000,0.00000,0.00000,0.00000,0.00000,0.766,0.2502,0.00003,0,0,0,0,0.098,1.003,0.319,0.6613,26.68,25.00,1.32,0.00,0.02606,80.0,1.200,0.00000,0,0.006669,0.001036,0.102,1.037,0.365,-0.1030,0.3176,0.8824,0.000000,0.000000,0.000000,0.000000,0.000966,0.026057,0.000000,0.0000,1.0000,0.019492,0,0,0,0,1.0000,1.0000,0.12088,0.19727,0.0999,0.00000,0.9918,0.0000,0.199,-0.00111,1.2313,0.414809,0.414639,,0,
3.5889,scan,force_tracking_v2,0.9753,0.414869,-0.016608,-0.457115,-0.004500,1.458279,0.021961,1.117966,1.560368,0.414639,-0.016895,-0.454676,-0.005864,1.454365,0.023841,1.119559,1.557829,0.211315,0.014084,0.400467,3.128049,-0.548140,-3.137052,-0.01355,0.01403,-0.02209,0.00010,0.00091,-0.00020,-0.01355,0.01403,-0.02209,0.00010,0.00091,-0.00020,-0.03729,0.02032,-0.05489,-0.01338,0.01259,0.02497,0.736,0.1681,0.00003,0,0,0,0,0.101,1.010,0.343,0.6213,26.58,25.00,1.24,0.00,0.02607,80.0,1.200,0.00000,0,0.006236,0.000810,0.112,1.029,0.534,0.3251,0.3474,0.8526,0.000000,0.000000,0.000000,0.000000,0.000869,0.026070,0.066501,0.0000,1.0000,0.019630,0,0,0,0,1.0000,1.0000,0.12094,0.19587,0.1000,0.00000,0.9918,0.0000,0.184,-0.00107,1.2458,0.414869,0.414639,,0,
3.5954,scan,force_tracking_v2,0.9818,0.414933,-0.016592,-0.457705,-0.004342,1.459295,0.021854,1.117542,1.560547,0.414639,-0.016895,-0.454676,-0.005864,1.454365,0.023841,1.119559,1.557829,0.211315,0.014084,0.400467,3.128049,-0.548140,-3.137052,-0.01355,0.01525,-0.02207,0.00010,0.00091,-0.00020,-0.01355,0.01525,-0.02207,0.00010,0.00091,-0.00020,0.00000,0.00000,0.00000,0.00000,0.00000,0.00000,0.818,0.2242,0.00003,0,0,0,0,0.092,1.019,0.354,0.5824,26.48,25.00,1.16,0.00,0.02607,80.0,1.200,0.00000,0,0.006472,0.000777,-0.002,1.070,0.340,0.4867,0.3611,0.8389,0.000000,0.000000,0.000000,0.000000,0.000886,0.026068,0.000000,0.0000,1.0000,0.019772,0,0,0,0,1.0000,1.0000,0.12101,0.19729,0.0999,0.00000,0.9917,0.0000,0.194,-0.00104,1.2593,0.414933,0.414848,,0,
3.6014,scan,force_tracking_v2,0.9879,0.414993,-0.016582,-0.458253,-0.004228,1.460241,0.021778,1.117150,1.560674,0.414848,-0.016842,-0.455252,-0.005794,1.454872,0.023719,1.119350,1.558020,0.211226,0.014311,0.400455,3.128015,-0.547865,-3.137088,-0.01351,0.01417,-0.02204,0.00006,0.00132,-0.00012,-0.01351,0.01417,-0.02204,0.00006,0.00132,-0.00012,-0.01475,0.03759,-0.00196,0.00494,-0.04556,-0.00899,0.717,0.2534,0.00003,0,0,0,0,0.109,1.014,0.391,0.5481,26.40,25.00,1.10,0.00,0.02601,80.0,1.200,0.00000,0,0.006064,0.000780,0.329,0.916,0.711,1.0943,0.4073,0.7927,0.000000,0.000000,0.000000,0.000000,0.000777,0.026013,0.009781,0.0000,1.0000,0.019897,0,0,0,0,1.0000,1.0000,0.12107,0.19429,0.0994,0.00000,0.9917,0.0000,0.179,-0.00101,1.2731,0.414993,0.414848,,0,
3.6074,scan,force_tracking_v2,0.9938,0.415054,-0.016568,-0.458796,-0.004091,1.461175,0.021686,1.116762,1.560829,0.414848,-0.016895,-0.455496,-0.005603,1.455674,0.023544,1.118983,1.558247,0.211198,0.014328,0.400300,3.128046,-0.548062,-3.137203,-0.01349,0.01525,-0.02198,0.00010,0.00103,0.00003,-0.01349,0.01525,-0.02198,0.00010,0.00103,0.00003,-0.00473,0.00284,-0.02608,-0.00462,0.03320,-0.01657,0.759,0.2616,0.00003,0,0,0,0,0.112,1.001,0.384,1.4972,26.74,25.00,2.99,0.00,0.02596,80.0,1.200,0.00000,0,0.005991,0.000838,0.044,0.886,0.108,0.8587,0.3971,0.8029,0.000000,0.000000,0.000000,0.000000,0.000770,0.025962,0.024759,0.0000,1.0000,0.020022,0,0,0,0,1.0000,1.0000,0.12113,0.19556,0.1008,0.00000,0.9917,0.0000,0.179,-0.00098,1.2859,0.415054,0.414848,,0,
3.6143,scan,force_tracking_v2,1.0008,0.415125,-0.016554,-0.459420,-0.003935,1.462250,0.021582,1.116315,1.561004,0.414848,-0.016860,-0.456735,-0.005288,1.457821,0.023265,1.118040,1.558631,0.211022,0.014386,0.400004,3.128080,-0.548037,-3.137270,-0.01344,0.01535,-0.02191,0.00014,0.00107,0.00010,-0.01344,0.01535,-0.02191,0.00014,0.00107,0.00010,-0.02579,0.00852,-0.04355,-0.00424,-0.00379,-0.00727,0.785,0.1921,0.00003,0,0,0,0,0.133,1.002,0.395,1.3970,27.00,25.00,2.79,0.00,0.02588,80.0,1.200,0.00000,0,0.006924,0.000968,0.289,1.080,0.517,0.9524,0.4097,0.7903,0.000000,0.000000,0.000000,0.000000,0.000870,0.025880,0.050706,0.0000,1.0000,0.020163,0,0,0,0,1.0000,1.0000,0.12119,0.19462,0.1024,0.00000,0.9916,0.0000,0.207,-0.00095,1.2985,0.415125,0.414848,,0,
3.6209,scan,force_tracking_v2,1.0073,0.415193,-0.016539,-0.460009,-0.003783,1.463264,0.021482,1.115893,1.561175,0.414848,-0.016860,-0.456735,-0.005288,1.457821,0.023265,1.118040,1.558631,0.211022,0.014386,0.400004,3.128080,-0.548037,-3.137270,-0.01341,0.01561,-0.02185,0.00014,0.00107,0.00010,-0.01341,0.01561,-0.02185,0.00014,0.00107,0.00010,0.00000,0.00000,0.00000,0.00000,0.00000,0.00000,0.878,0.2537,0.00003,0,0,0,0,0.137,0.996,0.390,1.3083,27.14,25.00,2.62,0.00,0.02581,80.0,1.200,0.00000,0,0.006559,0.001230,0.081,0.934,0.290,0.7382,0.4007,0.7993,0.000000,0.000000,0.000000,0.000000,0.000837,0.025812,0.000000,0.0000,1.0000,0.020299,0,0,0,0,1.0000,1.0000,0.12126,0.19417,0.1039,0.00000,0.9916,0.0000,0.197,-0.00092,1.3129,0.415193,0.415015,,0,
3.6279,scan,force_tracking_v2,1.0143,0.415266,-0.016525,-0.460636,-0.003632,1.464342,0.021383,1.115445,1.561345,0.415015,-0.016895,-0.457311,-0.005114,1.458816,0.023178,1.117744,1.558736,0.210915,0.014581,0.399846,3.128140,-0.548163,-3.137286,-0.01337,0.01547,-0.02179,0.00022,0.00088,0.00008,-0.01337,0.01547,-0.02179,0.00022,0.00088,0.00008,-0.01373,0.02503,-0.02020,-0.00669,0.01608,0.00204,0.783,0.2549,0.00003,0,0,0,0,0.139,0.984,0.390,1.2201,27.21,25.00,2.44,0.00,0.02574,80.0,1.200,0.00000,0,0.006981,0.000398,0.140,0.913,0.420,0.6584,0.4001,0.7999,0.000000,0.000000,0.000000,0.000000,0.000890,0.025740,0.024672,0.0000,1.0000,0.020442,0,0,0,0,1.0000,1.0000,0.12133,0.19340,0.1054,0.00000,0.9916,0.0000,0.208,-0.00088,1.3263,0.415266,0.415015,,0,
3.6346,scan,force_tracking_v2,1.0210,0.415338,-0.016512,-0.461233,-0.003484,1.465369,0.021287,1.115018,1.561510,0.415015,-0.016895,-0.458131,-0.004957,1.460107,0.022951,1.117203,1.559015,0.210793,0.014594,0.399679,3.128156,-0.548099,-3.137430,-0.01333,0.01573,-0.02173,0.00024,0.00097,0.00028,-0.01333,0.01573,-0.02173,0.00024,0.00097,0.00028,-0.02005,0.00205,-0.02732,-0.00219,-0.01037,-0.02220,0.874,0.2426,0.00003,0,0,0,0,0.152,0.991,0.395,1.1413,27.23,25.00,2.28,0.00,0.02567,80.0,1.200,0.00000,0,0.006679,0.000937,0.256,1.109,0.430,0.6592,0.4046,0.7954,0.000000,0.000000,0.000000,0.000000,0.000847,0.025667,0.033784,0.0000,1.0000,0.020579,0,0,0,0,1.0000,1.0000,0.12140,0.19265,0.1068,0.00000,0.9916,0.0000,0.200,-0.00085,1.3405,0.415338,0.415015,,0,
3.6413,scan,force_tracking_v2,1.0277,0.415411,-0.016498,-0.461835,-0.003333,1.466404,0.021190,1.114588,1.561679,0.415015,-0.016895,-0.458638,-0.004835,1.460910,0.022881,1.116941,1.559138,0.210704,0.014621,0.399564,3.128158,-0.548137,-3.137427,-0.01331,0.01593,-0.02168,0.00024,0.00092,0.00027,-0.01331,0.01593,-0.02168,0.00024,0.00092,0.00027,-0.01301,0.00395,-0.01686,-0.00035,0.00549,0.00064,0.946,0.2555,0.00003,0,0,0,0,0.162,0.992,0.384,1.0668,27.21,25.00,2.13,0.00,0.02562,80.0,1.200,0.00000,0,0.006749,0.000871,0.188,0.960,0.275,0.3906,0.3898,0.8102,0.000000,0.000000,0.000000,0.000000,0.000875,0.025616,0.021213,0.0000,1.0000,0.020719,0,0,0,0,1.0000,1.0000,0.12147,0.19234,0.1083,0.00000,0.9915,0.0000,0.202,-0.00082,1.3540,0.415411,0.415015,,0,
3.6478,scan,force_tracking_v2,1.0342,0.415482,-0.016485,-0.462413,-0.003186,1.467397,0.021095,1.114175,1.561843,0.415015,-0.016912,-0.459196,-0.004730,1.461835,0.022829,1.116679,1.559242,0.210598,0.014643,0.399420,3.128150,-0.548244,-3.137432,-0.01329,0.01615,-0.02164,0.00023,0.00076,0.00029,-0.01329,0.01615,-0.02164,0.00023,0.00076,0.00029,-0.04318,0.00891,-0.05868,0.00269,0.04357,-0.00406,1.023,0.2618,0.00003,0,0,0,0,0.161,0.981,0.383,0.9998,27.16,25.00,2.00,0.00,0.02557,80.0,1.200,0.00000,0,0.006483,0.004880,0.104,0.884,0.423,0.3295,0.3880,0.8120,0.000000,0.000000,0.000000,0.000000,0.000843,0.025574,0.072678,0.0000,1.0000,0.020854,0,0,0,0,1.0000,1.0000,0.12153,0.19228,0.1097,0.00000,0.9915,0.0000,0.195,-0.00078,1.3674,0.415482,0.415381,,0,
3.6538,scan,force_tracking_v2,1.0402,0.415548,-0.016478,-0.462946,-0.003091,1.468313,0.021038,1.113796,1.561945,0.415381,-0.016842,-0.460156,-0.004573,1.463354,0.022619,1.115841,1.559504,0.210492,0.015038,0.399253,3.128168,-0.547970,-3.137495,-0.01322,0.01473,-0.02156,0.00025,0.00117,0.00037,-0.01322,0.01473,-0.02156,0.00025,0.00117,0.00037,-0.01015,0.03781,-0.01606,-0.00139,-0.02615,-0.00507,0.745,0.2317,0.00003,0,0,0,0,0.173,0.994,0.428,1.9135,27.52,25.00,3.83,0.00,0.02546,80.0,1.200,0.00000,0,0.006029,0.000472,0.310,1.179,0.895,1.0947,0.4444,0.7556,0.000000,0.000000,0.000000,0.000000,0.000718,0.025457,0.019420,0.0000,1.0000,0.020970,0,0,0,0,1.0000,1.0000,0.12160,0.18863,0.1106,0.00000,0.9915,0.0000,0.176,-0.00075,1.3802,0.415548,0.415381,,0,
3.6603,scan,force_tracking_v2,1.0467,0.415621,-0.016467,-0.463516,-0.002960,1.469294,0.020955,1.113391,1.562089,0.415381,-0.016825,-0.460575,-0.004451,1.464052,0.022567,1.115492,1.559661,0.210440,0.015075,0.399166,3.128122,-0.547903,-3.137460,-0.01315,0.01582,-0.02143,0.00019,0.00127,0.00035,-0.01315,0.01582,-0.02143,0.00019,0.00127,0.00035,-0.00788,0.00559,-0.01330,0.00613,-0.01029,0.00167,0.793,0.2442,0.00003,0,0,0,0,0.169,0.993,0.434,1.7931,27.76,25.00,3.59,0.00,0.02532,80.0,1.200,0.00000,0,0.006500,0.000429,0.068,0.922,0.254,1.0668,0.4495,0.7505,0.000000,0.000000,0.000000,0.000000,0.000767,0.025322,0.015520,0.0000,1.0000,0.021093,0,0,0,0,1.0000,1.0000,0.12166,0.18850,0.1121,0.00000,0.9914,0.0000,0.193,-0.00073,1.3919,0.415621,0.415381,,0,
3.6663,scan,force_tracking_v2,1.0528,0.415690,-0.016457,-0.464040,-0.002838,1.470196,0.020879,1.113019,1.562223,0.415381,-0.016860,-0.461378,-0.004328,1.465047,0.022515,1.115265,1.559818,0.210284,0.015102,0.399045,3.128074,-0.547870,-3.137473,-0.01308,0.01600,-0.02132,0.00013,0.00132,0.00041,-0.01308,0.01600,-0.02132,0.00013,0.00132,0.00041,-0.02589,0.00461,-0.02003,0.00676,-0.00539,-0.00636,0.885,0.2434,0.00003,0,0,0,0,0.165,0.994,0.436,1.6885,27.89,25.00,3.38,0.00,0.02519,80.0,1.200,0.00000,0,0.006012,0.000406,0.146,1.004,0.435,0.9999,0.4512,0.7488,0.000000,0.000000,0.000000,0.000000,0.000708,0.025195,0.030636,0.0000,1.0000,0.021206,0,0,0,0,1.0000,1.0000,0.12172,0.18740,0.1135,0.00000,0.9914,0.0000,0.178,-0.00070,1.4044,0.415690,0.415381,,0,
3.6729,scan,force_tracking_v2,1.0593,0.415765,-0.016446,-0.464609,-0.002704,1.471173,0.020795,1.112614,1.562370,0.415381,-0.016842,-0.461692,-0.004241,1.465989,0.022445,1.114951,1.559923,0.210225,0.015122,0.398851,3.128069,-0.548187,-3.137471,-0.01303,0.01619,-0.02122,0.00013,0.00084,0.00041,-0.01303,0.01619,-0.02122,0.00013,0.00084,0.00041,-0.01049,0.00350,-0.03451,0.00054,0.05638,-0.00021,0.929,0.2410,0.00003,0,0,0,0,0.160,0.991,0.422,1.5818,27.96,25.00,3.16,0.00,0.02508,80.0,1.200,0.00000,0,0.006527,0.001316,0.138,0.967,0.282,0.6321,0.4314,0.7686,0.000000,0.000000,0.000000,0.000000,0.000793,0.025085,0.034958,0.0000,1.0000,0.021332,0,0,0,0,1.0000,1.0000,0.12178,0.18738,0.1149,0.00000,0.9914,0.0000,0.194,-0.00067,1.4159,0.415765,0.415743,,0,
3.6797,scan,force_tracking_v2,1.0662,0.415844,-0.016439,-0.465207,-0.002604,1.472199,0.020736,1.112190,1.562474,0.415743,-0.016825,-0.462704,-0.003997,1.467717,0.022253,1.114183,1.560220,0.210084,0.015532,0.398616,3.128076,-0.548141,-3.137509,-0.01299,0.01499,-0.02117,0.00014,0.00091,0.00046,-0.01299,0.01499,-0.02117,0.00014,0.00091,0.00046,-0.01842,0.05329,-0.03063,-0.00080,-0.00598,-0.00443,0.645,0.1980,0.00003,0,0,0,0,0.151,0.977,0.401,1.4766,27.95,25.00,2.95,0.00,0.02501,80.0,1.200,0.00000,0,0.006883,0.000533,0.094,0.871,0.295,0.1883,0.4040,0.7960,0.000000,0.000000,0.000000,0.000000,0.000872,0.025010,0.036347,0.0000,1.0000,0.021469,0,0,0,0,1.0000,1.0000,0.12184,0.18503,0.1160,0.00000,0.9913,0.0000,0.200,-0.00064,1.4282,0.415844,0.415743,,0,
3.6859,scan,force_tracking_v2,1.0723,0.415917,-0.016434,-0.465743,-0.002516,1.473120,0.020684,1.111808,1.562567,0.415743,-0.016790,-0.463018,-0.003892,1.468415,0.022235,1.113974,1.560307,0.210023,0.015571,0.398486,3.128051,-0.548317,-3.137426,-0.01298,0.01506,-0.02115,0.00011,0.00065,0.00036,-0.01298,0.01506,-0.02115,0.00011,0.00065,0.00036,-0.00968,0.00616,-0.02072,0.00322,0.02807,0.01127,0.693,0.2168,0.00003,0,0,0,0,0.144,0.974,0.377,1.3882,27.92,25.00,2.78,0.00,0.02498,80.0,1.200,0.00000,0,0.006170,0.000426,0.123,1.015,0.236,-0.2606,0.3732,0.8268,0.000000,0.000000,0.000000,0.000000,0.000821,0.024984,0.022794,0.0000,1.0000,0.021597,0,0,0,0,1.0000,1.0000,0.12191,0.18517,0.1171,0.00000,0.9913,0.0000,0.179,-0.00061,1.4409,0.415917,0.415743,,0,
3.6923,scan,force_tracking_v2,1.0787,0.415992,-0.016429,-0.466296,-0.002426,1.474068,0.020631,1.111414,1.562660,0.415743,-0.016842,-0.463525,-0.003805,1.469236,0.022253,1.113764,1.560377,0.209923,0.015594,0.398357,3.128002,-0.548422,-3.137404,-0.01300,0.01512,-0.02118,0.00004,0.00049,0.00036,-0.01300,0.01512,-0.02118,0.00004,0.00049,0.00036,-0.01700,0.00397,-0.02202,0.00710,0.01796,-0.00072,0.764,0.2226,0.00003,0,0,0,0,0.134,0.968,0.338,1.3030,27.85,25.00,2.61,0.00,0.02502,80.0,1.200,0.00000,0,0.006339,0.000911,0.070,0.924,0.096,-0.9212,0.3245,0.8755,0.000000,0.000000,0.000000,0.000000,0.000904,0.025021,0.027703,0.0000,1.0000,0.021736,0,0,0,0,1.0000,1.0000,0.12197,0.18555,0.1184,0.00000,0.9913,0.0000,0.184,-0.00059,1.4523,0.415992,0.415743,,0,
3.6996,scan,force_tracking_v2,1.0861,0.416080,-0.016420,-0.466940,-0.002289,1.475171,0.020549,1.110957,1.562807,0.415743,-0.016842,-0.464310,-0.003578,1.470632,0.022061,1.113031,1.560604,0.209835,0.015627,0.398176,3.128074,-0.548306,-3.137473,-0.01301,0.01625,-0.02118,0.00013,0.00066,0.00041,-0.01301,0.01625,-0.02118,0.00013,0.00066,0.00041,-0.01218,0.00458,-0.02487,-0.00842,-0.01594,-0.00421,0.815,0.1968,0.00003,0,0,0,0,0.114,0.967,0.340,2.4197,28.36,25.00,4.84,0.00,0.02504,80.0,1.200,0.00000,0,0.007392,0.001134,0.012,0.987,0.515,-0.7646,0.3289,0.8711,0.000000,0.000000,0.000000,0.000000,0.001044,0.025038,0.027622,0.0000,1.0000,0.021897,0,0,0,0,1.0000,1.0000,0.12203,0.18627,0.1201,0.00000,0.9912,0.0000,0.219,-0.00057,1.4638,0.416080,0.415743,,0,
3.7077,scan,force_tracking_v2,1.0941,0.416178,-0.016411,-0.467634,-0.002140,1.476361,0.020459,1.110465,1.562968,0.415743,-0.016825,-0.464764,-0.003473,1.471382,0.022026,1.112630,1.560726,0.209783,0.015660,0.398086,3.128037,-0.548203,-3.137432,-0.01297,0.01645,-0.02111,0.00009,0.00082,0.00038,-0.01297,0.01645,-0.02111,0.00009,0.00082,0.00038,-0.00627,0.00406,-0.01096,0.00390,-0.01259,0.00267,0.888,0.2171,0.00003,0,0,0,0,0.091,0.970,0.366,3.5421,29.38,25.00,7.08,0.00,0.02496,80.0,1.200,0.00000,0,0.008015,0.000855,0.013,0.987,0.515,-0.2133,0.3626,0.8374,0.000000,0.000000,0.000000,0.000000,0.001076,0.024962,0.012666,0.0000,1.0000,0.022064,0,0,0,0,1.0000,1.0000,0.12210,0.18538,0.1219,0.00000,0.9912,0.0000,0.238,-0.00054,1.4770,0.416178,0.416074,,0,
3.7142,scan,force_tracking_v2,1.1007,0.416263,-0.016408,-0.468202,-0.002053,1.477334,0.020410,1.110063,1.563056,0.416074,-0.016773,-0.465654,-0.003281,1.472848,0.021921,1.112089,1.560988,0.209638,0.016052,0.397876,3.127968,-0.548241,-3.137373,-0.01290,0.01534,-0.02101,-0.00000,0.00076,0.00034,-0.01290,0.01534,-0.02101,-0.00000,0.00076,0.00034,-0.02232,0.06010,-0.03228,0.00898,0.00600,0.00350,0.648,0.2013,0.00003,0,0,1,0,0.104,0.993,0.392,4.3878,30.40,25.00,8.78,0.00,0.02483,80.0,1.200,0.00000,0,0.006585,0.000930,0.306,1.192,0.536,0.2837,0.3967,0.8033,0.000000,0.000000,0.000000,0.000000,0.000843,0.024826,0.039871,0.0000,1.0000,0.022196,0,0,0,0,1.0000,1.0000,0.12217,0.18308,0.1229,0.00000,0.9912,0.0000,0.193,-0.00051,1.4911,0.416263,0.416074,,0,
3.7200,scan,force_tracking_v2,1.1064,0.416337,-0.016406,-0.468695,-0.001977,1.478179,0.020367,1.109714,1.563132,0.416074,-0.016790,-0.466038,-0.003176,1.473529,0.021921,1.111722,1.561127,0.209596,0.016087,0.397790,3.127880,-0.548173,-3.137330,-0.01282,0.01540,-0.02089,-0.00012,0.00086,0.00035,-0.01282,0.01540,-0.02089,-0.00012,0.00086,0.00035,-0.00695,0.00588,-0.01448,0.01271,-0.01144,-0.00050,0.703,0.2180,0.00003,0,0,1,0,0.112,1.005,0.397,4.1419,30.99,25.00,8.28,0.00,0.02469,80.0,1.200,0.00000,0,0.005766,0.000723,0.129,1.011,0.307,0.3355,0.4020,0.7980,0.000000,0.000000,0.000000,0.000000,0.000734,0.024689,0.016041,0.0000,1.0000,0.022309,0,0,0,0,1.0000,1.0000,0.12224,0.18177,0.1239,0.00000,0.9911,0.0000,0.169,-0.00049,1.5025,0.416337,0.416074,,0,
3.7263,scan,force_tracking_v2,1.1127,0.416416,-0.016404,-0.469230,-0.001896,1.479097,0.020322,1.109336,1.563213,0.416074,-0.016773,-0.466439,-0.003107,1.474123,0.021852,1.111408,1.561197,0.209549,0.016099,0.397727,3.127914,-0.548053,-3.137347,-0.01274,0.01546,-0.02075,-0.00007,0.00104,0.00035,-0.01274,0.01546,-0.02075,-0.00007,0.00104,0.00035,-0.00817,0.00200,-0.01069,-0.00486,-0.02051,0.00013,0.777,0.2324,0.00003,0,0,0,0,0.121,0.993,0.403,3.8885,31.39,25.00,7.78,0.00,0.02452,80.0,1.200,0.00000,0,0.006314,0.001167,0.156,0.811,0.436,0.4072,0.4092,0.7908,0.000000,0.000000,0.000000,0.000000,0.000793,0.024523,0.013400,0.0000,1.0000,0.022432,0,0,0,0,1.0000,1.0000,0.12229,0.18008,0.1251,0.00000,0.9911,0.0000,0.182,-0.00047,1.5124,0.416416,0.416356,,0,
3.7327,scan,force_tracking_v2,1.1191,0.416496,-0.016402,-0.469766,-0.001816,1.480014,0.020278,1.108957,1.563293,0.416356,-0.016720,-0.466963,-0.002985,1.475082,0.021852,1.111321,1.561267,0.209414,0.016431,0.397538,3.127895,-0.548403,-3.137212,-0.01265,0.01551,-0.02059,-0.00009,0.00052,0.00016,-0.01265,0.01551,-0.02059,-0.00009,0.00052,0.00016,-0.02047,0.05045,-0.02876,0.00210,0.05321,0.01893,0.575,0.2300,0.00003,0,0,0,0,0.127,0.989,0.417,3.6499,31.59,25.00,7.30,0.00,0.02434,80.0,1.200,0.00000,0,0.006333,0.000890,0.140,1.011,0.512,0.6002,0.4256,0.7744,0.000000,0.000000,0.000000,0.000000,0.000775,0.024336,0.035788,0.0000,1.0000,0.022551,0,0,0,0,1.0000,1.0000,0.12235,0.17951,0.1263,0.00000,0.9911,0.0000,0.182,-0.00045,1.5231,0.416496,0.416356,,0,
3.7397,scan,force_tracking_v2,1.1261,0.416586,-0.016401,-0.470348,-0.001730,1.481011,0.020231,1.108546,1.563378,0.416356,-0.016703,-0.467399,-0.002897,1.475868,0.021747,1.110693,1.561441,0.209404,0.016446,0.397466,3.127869,-0.548126,-3.137261,-0.01250,0.01557,-0.02037,-0.00013,0.00093,0.00025,-0.01250,0.01557,-0.02037,-0.00013,0.00093,0.00025,-0.00137,0.00224,-0.01035,0.00347,-0.03989,-0.00906,0.634,0.2376,0.00003,0,0,0,0,0.137,0.996,0.452,3.4034,31.65,25.00,6.81,0.00,0.02408,80.0,1.200,0.00000,0,0.006993,0.000968,0.194,1.075,0.673,1.1555,0.4695,0.7305,0.000000,0.000000,0.000000,0.000000,0.000794,0.024077,0.009570,0.0000,1.0000,0.022674,0,0,0,0,1.0000,1.0000,0.12241,0.17671,0.1276,0.00000,0.9910,0.0000,0.199,-0.00043,1.5336,0.416586,0.416356,,0,
3.7458,scan,force_tracking_v2,1.1322,0.416664,-0.016401,-0.470853,-0.001656,1.481876,0.020190,1.108189,1.563452,0.416356,-0.016703,-0.468289,-0.002653,1.477508,0.021660,1.110204,1.561651,0.209237,0.016509,0.397191,3.127858,-0.548392,-3.137201,-0.01237,0.01564,-0.02014,-0.00014,0.00053,0.00017,-0.01237,0.01564,-0.02014,-0.00014,0.00053,0.00017,-0.02554,0.00952,-0.04202,0.00112,0.04058,0.00836,0.674,0.2007,0.00003,0,0,0,0,0.133,0.992,0.484,3.2015,31.59,25.00,6.40,0.00,0.02381,80.0,1.200,0.00000,0,0.006115,0.000560,0.038,0.908,0.644,1.6038,0.5085,0.6915,0.000000,0.000000,0.000000,0.000000,0.000650,0.023814,0.049277,0.0000,1.0000,0.022775,0,0,0,0,1.0000,1.0000,0.12247,0.17535,0.1288,0.00000,0.9910,0.0000,0.173,-0.00041,1.5451,0.416664,0.416356,,0,
3.7517,scan,force_tracking_v2,1.1382,0.416742,-0.016402,-0.471340,-0.001584,1.482709,0.020152,1.107845,1.563521,0.416356,-0.016703,-0.468289,-0.002653,1.477508,0.021660,1.110204,1.561651,0.209237,0.016509,0.397191,3.127858,-0.548392,-3.137201,-0.01222,0.01569,-0.01989,-0.00014,0.00053,0.00017,-0.01222,0.01569,-0.01989,-0.00014,0.00053,0.00017,0.00000,0.00000,0.00000,0.00000,0.00000,0.00000,0.760,0.2502,0.00003,0,0,0,0,0.147,0.992,0.517,3.0160,31.47,25.00,6.03,0.00,0.02352,80.0,1.200,0.00000,0,0.005969,0.000536,0.319,1.020,0.676,2.0088,0.5469,0.6531,0.000000,0.000000,0.000000,0.000000,0.000590,0.023525,0.000000,0.0000,1.0000,0.022866,0,0,0,0,1.0000,1.0000,0.12253,0.17309,0.1299,0.00000,0.9910,0.0000,0.168,-0.00040,1.5550,0.416742,0.416356,,0,
3.7577,scan,force_tracking_v2,1.1441,0.416820,-0.016399,-0.471820,-0.001485,1.483529,0.020094,1.107506,1.563624,0.416356,-0.016703,-0.468673,-0.002583,1.478224,0.021642,1.109942,1.561773,0.209174,0.016533,0.397077,3.127784,-0.548463,-3.137177,-0.01208,0.01683,-0.01966,-0.00024,0.00043,0.00019,-0.01208,0.01683,-0.01966,-0.00024,0.00043,0.00019,-0.04686,0.01834,-0.08406,0.04676,0.05255,-0.01109,0.823,0.2570,0.00003,0,0,0,0,0.175,0.990,0.503,3.7874,31.71,25.00,7.57,0.00,0.02327,80.0,1.200,0.00000,0,0.005941,0.005147,0.396,0.966,0.172,1.5510,0.5263,0.6737,0.000000,0.000000,0.000000,0.000000,0.000611,0.023266,0.096366,0.0000,1.0000,0.022960,0,0,0,0,1.0000,1.0000,0.12258,0.17228,0.1313,0.00000,0.9909,0.0000,0.170,-0.00038,1.5645,0.416820,0.416658,,0,
3.7637,scan,force_tracking_v2,1.1501,0.416899,-0.016401,-0.472299,-0.001416,1.484348,0.020058,1.107168,1.563691,0.416658,-0.016703,-0.469651,-0.002356,1.479655,0.021537,1.109331,1.561913,0.209030,0.016883,0.396906,3.127862,-0.548310,-3.137154,-0.01198,0.01580,-0.01950,-0.00014,0.00066,0.00010,-0.01198,0.01580,-0.01950,-0.00014,0.00066,0.00010,-0.01346,0.03283,-0.01608,-0.00620,-0.01435,0.00597,0.606,0.2220,0.00003,0,0,0,0,0.184,0.980,0.462,4.5362,32.21,25.00,9.07,0.00,0.02306,80.0,1.200,0.00000,0,0.005999,0.000456,0.109,0.887,0.112,0.6502,0.4715,0.7285,0.000000,0.000000,0.000000,0.000000,0.000681,0.023065,0.021113,0.0000,1.0000,0.023060,0,0,0,0,1.0000,1.0000,0.12263,0.16926,0.1322,0.00000,0.9909,0.0000,0.167,-0.00036,1.5739,0.416899,0.416658,,0,
3.7697,scan,force_tracking_v2,1.1561,0.416979,-0.016402,-0.472774,-0.001348,1.485160,0.020022,1.106834,1.563757,0.416658,-0.016668,-0.470157,-0.002269,1.480406,0.021537,1.109052,1.562035,0.208948,0.016924,0.396809,3.127782,-0.548276,-3.137068,-0.01188,0.01585,-0.01934,-0.00024,0.00071,0.00003,-0.01188,0.01585,-0.01934,-0.00024,0.00071,0.00003,-0.01447,0.00725,-0.01719,0.01211,-0.00599,0.00786,0.663,0.2259,0.00003,0,0,0,0,0.169,0.979,0.450,4.2720,32.50,25.00,8.54,0.00,0.02288,80.0,1.200,0.00000,0,0.006000,0.000806,-0.031,1.024,0.562,0.3731,0.4557,0.7443,0.000000,0.000000,0.000000,0.000000,0.000699,0.022882,0.022299,0.0000,1.0000,0.023163,0,0,0,0,1.0000,1.0000,0.12269,0.16775,0.1332,0.00000,0.9909,0.0000,0.166,-0.00034,1.5832,0.416979,0.416658,,0,
3.7759,scan,force_tracking_v2,1.1623,0.417063,-0.016405,-0.473262,-0.001278,1.485995,0.019985,1.106492,1.563824,0.416658,-0.016650,-0.470663,-0.002199,1.481244,0.021485,1.108598,1.562139,0.208892,0.016943,0.396709,3.127762,-0.548156,-3.137069,-0.01176,0.01591,-0.01914,-0.00027,0.00089,0.00005,-0.01176,0.01591,-0.01914,-0.00027,0.00089,0.00005,-0.00921,0.00305,-0.01643,0.00283,-0.01975,-0.00173,0.729,0.2244,0.00003,0,0,0,0,0.152,0.987,0.481,4.0133,32.61,25.00,8.03,0.00,0.02265,80.0,1.200,0.00000,0,0.006248,0.000987,0.064,1.076,0.842,0.8815,0.4942,0.7058,0.000000,0.000000,0.000000,0.000000,0.000681,0.022649,0.018856,0.0000,1.0000,0.023262,0,0,0,0,1.0000,1.0000,0.12274,0.16560,0.1343,0.00000,0.9909,0.0000,0.172,-0.00033,1.5923,0.417063,0.416658,,0,
3.7816,scan,force_tracking_v2,1.1680,0.417140,-0.016405,-0.473702,-0.001189,1.486746,0.019935,1.106183,1.563915,0.416658,-0.016650,-0.470663,-0.002199,1.481244,0.021485,1.108598,1.562139,0.208892,0.016943,0.396709,3.127762,-0.548156,-3.137069,-0.01162,0.01698,-0.01891,-0.00027,0.00089,0.00005,-0.01162,0.01698,-0.01891,-0.00027,0.00089,0.00005,-0.00921,0.00305,-0.01643,0.00283,-0.01975,-0.00173,0.817,0.2723,0.00003,0,0,0,0,0.137,0.998,0.524,3.7911,32.61,25.00,7.58,0.00,0.02238,80.0,1.200,0.00000,0,0.005694,0.006606,0.064,1.076,0.842,1.5647,0.5477,0.6523,0.000000,0.000000,0.000000,0.000000,0.000561,0.022385,0.018856,0.0000,1.0000,0.023346,0,0,0,0,1.0000,1.0000,0.12279,0.16449,0.1355,0.00000,0.9908,0.0000,0.159,-0.00031,1.6018,0.417140,0.417070,,0,
3.7878,scan,force_tracking_v2,1.1742,0.417224,-0.016408,-0.474172,-0.001123,1.487550,0.019902,1.105854,1.563976,0.417070,-0.016650,-0.471326,-0.002059,1.482448,0.021398,1.108005,1.562331,0.208811,0.017387,0.396543,3.127723,-0.548106,-3.137080,-0.01149,0.01601,-0.01871,-0.00032,0.00096,0.00009,-0.01149,0.01601,-0.01871,-0.00032,0.00096,0.00009,-0.00659,0.03599,-0.01345,0.00272,-0.00398,-0.00261,0.506,0.2463,0.00003,0,0,0,0,0.114,0.985,0.510,3.5644,32.50,25.00,7.13,0.00,0.02214,80.0,1.200,0.00000,0,0.006166,0.000510,-0.021,0.788,0.120,1.1424,0.5273,0.6727,0.000000,0.000000,0.000000,0.000000,0.000632,0.022137,0.015330,0.0000,1.0000,0.023437,0,0,0,0,1.0000,1.0000,0.12284,0.16148,0.1365,0.00000,0.9908,0.0000,0.167,-0.00029,1.6102,0.417224,0.417070,,0,
3.7944,scan,force_tracking_v2,1.1808,0.417315,-0.016412,-0.474671,-0.001054,1.488404,0.019868,1.105504,1.564040,0.417070,-0.016598,-0.472094,-0.001937,1.483757,0.021293,1.107673,1.562419,0.208658,0.017415,0.396326,3.127793,-0.548319,-3.137062,-0.01142,0.01606,-0.01857,-0.00022,0.00064,0.00001,-0.01142,0.01606,-0.01857,-0.00022,0.00064,0.00001,-0.02332,0.00419,-0.03301,-0.00927,0.03228,0.00837,0.571,0.2173,0.00003,0,0,0,0,0.117,0.992,0.454,3.3375,32.31,25.00,6.67,0.00,0.02198,80.0,1.200,0.00000,0,0.006578,0.000514,0.254,1.116,0.033,0.0185,0.4546,0.7454,0.000000,0.000000,0.000000,0.000000,0.000767,0.021983,0.040370,0.0000,1.0000,0.023545,0,0,0,0,1.0000,1.0000,0.12289,0.16081,0.1375,0.00000,0.9908,0.0000,0.178,-0.00028,1.6192,0.417315,0.417070,,0,
3.8003,scan,force_tracking_v2,1.1867,0.417397,-0.016416,-0.475120,-0.000993,1.489171,0.019839,1.105189,1.564096,0.417070,-0.016598,-0.472443,-0.001885,1.484403,0.021206,1.107254,1.562471,0.208633,0.017412,0.396250,3.127853,-0.548199,-3.137127,-0.01138,0.01612,-0.01851,-0.00015,0.00082,0.00006,-0.01138,0.01612,-0.01851,-0.00015,0.00082,0.00006,-0.00405,-0.00042,-0.01268,-0.00834,-0.02006,-0.00573,0.653,0.2292,0.00003,0,0,0,0,0.122,1.000,0.416,3.1449,32.09,25.00,6.29,0.00,0.02191,80.0,1.200,0.00000,0,0.005945,0.000458,0.160,1.059,0.302,-0.6586,0.4066,0.7934,0.000000,0.000000,0.000000,0.000000,0.000751,0.021910,0.012925,0.0000,1.0000,0.023649,0,0,0,0,1.0000,1.0000,0.12294,0.15984,0.1385,0.00000,0.9907,0.0000,0.161,-0.00026,1.6287,0.417397,0.417070,,0,
3.8063,scan,force_tracking_v2,1.1928,0.417481,-0.016420,-0.475574,-0.000933,1.489946,0.019810,1.104872,1.564152,0.417070,-0.016633,-0.472932,-0.001780,1.485031,0.021223,1.107045,1.562541,0.208551,0.017443,0.396179,3.127819,-0.548130,-3.137082,-0.01136,0.01617,-0.01848,-0.00019,0.00093,0.00002,-0.01136,0.01617,-0.01848,-0.00019,0.00093,0.00002,-0.01409,0.00521,-0.01218,0.00485,-0.01175,0.00472,0.727,0.2372,0.00003,0,0,0,0,0.117,1.003,0.397,2.9608,31.84,25.00,5.92,0.00,0.02187,80.0,1.200,0.00000,0,0.006031,0.000637,0.032,0.974,0.412,-0.9335,0.3830,0.8170,0.000000,0.000000,0.000000,0.000000,0.000789,0.021874,0.017791,0.0000,1.0000,0.023756,0,0,0,0,1.0000,1.0000,0.12299,0.15930,0.1395,0.00000,0.9907,0.0000,0.163,-0.00025,1.6371,0.417481,0.417537,,0,
3.8136,scan,force_tracking_v2,1.2000,0.417581,-0.016426,-0.476111,-0.000862,1.490866,0.019776,1.104499,1.564216,0.417537,-0.016581,-0.473298,-0.001763,1.485363,0.021223,1.106696,1.562611,0.208534,0.017931,0.396199,3.127764,-0.547746,-3.137028,-0.01128,0.01623,-0.01838,-0.00027,0.00150,-0.00002,-0.01128,0.01623,-0.01838,-0.00027,0.00150,-0.00002,-0.00245,0.07059,0.00289,0.00711,-0.05547,0.00365,0.454,0.2626,0.00003,0,0,1,0,0.108,1.002,0.438,3.9085,32.09,25.00,7.82,0.00,0.02175,80.0,1.200,0.00000,0,0.007233,0.000959,0.064,0.988,0.824,-0.1003,0.4361,0.7639,0.000000,0.000000,0.000000,0.000000,0.000868,0.021750,-0.000380,0.0000,1.0000,0.023877,0,0,0,0,1.0000,1.0000,0.12304,0.15730,0.1407,0.00000,0.9907,0.0000,0.194,-0.00024,1.6455,0.417581,0.417537,,0,
3.8201,scan,force_tracking_v2,1.2065,0.417673,-0.016432,-0.476594,-0.000799,1.491691,0.019747,1.104162,1.564272,0.417537,-0.016563,-0.473997,-0.001641,1.486881,0.021136,1.106312,1.562733,0.208386,0.017958,0.395906,3.127776,-0.548185,-3.137024,-0.01125,0.01629,-0.01831,-0.00025,0.00084,-0.00003,-0.01125,0.01629,-0.01831,-0.00025,0.00084,-0.00003,-0.02186,0.00398,-0.04319,-0.00181,0.06486,0.00151,0.484,0.2283,0.00003,0,0,0,0,0.101,0.991,0.416,3.6634,32.14,25.00,7.33,0.00,0.02168,80.0,1.200,0.00000,0,0.006476,0.000624,0.081,0.899,0.051,-0.4783,0.4084,0.7916,0.000000,0.000000,0.000000,0.000000,0.000814,0.021677,0.048293,0.0000,1.0000,0.023988,0,0,0,0,1.0000,1.0000,0.12310,0.15778,0.1418,0.00000,0.9906,0.0000,0.175,-0.00022,1.6554,0.417673,0.417537,,0,
3.8261,scan,force_tracking_v2,1.2125,0.417759,-0.016438,-0.477040,-0.000742,1.492454,0.019721,1.103852,1.564322,0.417537,-0.016563,-0.474311,-0.001571,1.487457,0.021084,1.105753,1.562838,0.208398,0.017971,0.395866,3.127760,-0.547890,-3.137046,-0.01124,0.01634,-0.01829,-0.00027,0.00128,0.00001,-0.01124,0.01634,-0.01829,-0.00027,0.00128,0.00001,0.00193,0.00218,-0.00643,0.00232,-0.04752,-0.00485,0.536,0.2426,0.00003,0,0,0,0,0.105,0.977,0.388,3.4493,32.09,25.00,6.90,0.00,0.02165,80.0,1.200,0.00000,0,0.006021,0.000498,0.182,0.881,0.213,-0.9225,0.3740,0.8260,0.000000,0.000000,0.000000,0.000000,0.000799,0.021653,0.004510,0.0000,1.0000,0.024095,0,0,0,0,1.0000,1.0000,0.12315,0.15674,0.1428,0.00000,0.9906,0.0000,0.162,-0.00021,1.6641,0.417759,0.417537,,0,
3.8326,scan,force_tracking_v2,1.2190,0.417853,-0.016445,-0.477524,-0.000683,1.493280,0.019696,1.103515,1.564373,0.417537,-0.016581,-0.474695,-0.001518,1.488138,0.021014,1.105614,1.562855,0.208314,0.017968,0.395745,3.127834,-0.548049,-3.137103,-0.01124,0.01640,-0.01829,-0.00017,0.00105,0.00004,-0.01124,0.01640,-0.01829,-0.00017,0.00105,0.00004,-0.01353,-0.00059,-0.01968,-0.01029,0.02574,-0.00309,0.623,0.2473,0.00003,0,0,0,0,0.116,0.982,0.376,3.2320,31.95,25.00,6.46,0.00,0.02165,80.0,1.200,0.00000,0,0.006507,0.000787,0.191,1.102,0.407,-1.0342,0.3600,0.8400,0.000000,0.000000,0.000000,0.000000,0.000880,0.021651,0.023835,0.0000,1.0000,0.024214,0,0,0,0,1.0000,1.0000,0.12320,0.15702,0.1438,0.00000,0.9906,0.0000,0.176,-0.00020,1.6721,0.417853,0.417876,,0,
3.8390,scan,force_tracking_v2,1.2254,0.417945,-0.016451,-0.477994,-0.000626,1.494085,0.019672,1.103189,1.564420,0.417876,-0.016563,-0.475340,-0.001553,1.489132,0.020961,1.104968,1.562977,0.208261,0.018299,0.395651,3.127743,-0.547753,-3.137172,-0.01124,0.01645,-0.01830,-0.00029,0.00149,0.00022,-0.01124,0.01645,-0.01830,-0.00029,0.00149,0.00022,-0.00810,0.04984,-0.01417,0.01182,-0.04446,-0.01747,0.450,0.2376,0.00003,0,0,0,0,0.117,0.980,0.369,3.0324,31.75,25.00,6.06,0.00,0.02166,80.0,1.200,0.00000,0,0.006373,0.000553,0.071,0.934,0.366,-1.0353,0.3533,0.8467,0.000000,0.000000,0.000000,0.000000,0.000870,0.021663,0.016891,0.0000,1.0000,0.024331,0,0,0,0,1.0000,1.0000,0.12326,0.15621,0.1448,0.00000,0.9905,0.0000,0.172,-0.00018,1.6805,0.417945,0.417876,,0,
3.8455,scan,force_tracking_v2,1.2319,0.418040,-0.016459,-0.478476,-0.000568,1.494909,0.019648,1.102855,1.564469,0.417876,-0.016528,-0.475794,-0.001449,1.489796,0.020996,1.104846,1.562995,0.208165,0.018344,0.395548,3.127743,-0.547841,-3.137036,-0.01125,0.01651,-0.01831,-0.00029,0.00136,0.00001,-0.01125,0.01651,-0.01831,-0.00029,0.00136,0.00001,-0.01456,0.00688,-0.01571,0.00001,0.01331,0.02059,0.509,0.2458,0.00003,0,0,0,0,0.101,0.974,0.368,2.8413,31.50,25.00,5.68,0.00,0.02168,80.0,1.200,0.00000,0,0.006509,0.000450,-0.047,0.930,0.394,-0.9267,0.3543,0.8457,0.000000,0.000000,0.000000,0.000000,0.000887,0.021680,0.021075,0.0000,1.0000,0.024450,0,0,0,0,1.0000,1.0000,0.12331,0.15650,0.1459,0.00000,0.9905,0.0000,0.176,-0.00017,1.6887,0.418040,0.417876,,0,
3.8513,scan,force_tracking_v2,1.2377,0.418125,-0.016466,-0.478904,-0.000519,1.495640,0.019629,1.102559,1.564510,0.417876,-0.016528,-0.476178,-0.001414,1.490546,0.020909,1.104427,1.563030,0.208127,0.018336,0.395445,3.127809,-0.547790,-3.137111,-0.01123,0.01656,-0.01829,-0.00021,0.00143,0.00007,-0.01123,0.01656,-0.01829,-0.00021,0.00143,0.00007,-0.00636,-0.00140,-0.01761,-0.00959,-0.00866,-0.00691,0.585,0.2500,0.00003,0,0,0,0,0.101,0.976,0.391,3.6195,31.66,25.00,7.24,0.00,0.02166,80.0,1.200,0.00000,0,0.005790,0.000388,0.196,1.039,0.644,-0.4291,0.3843,0.8157,0.000000,0.000000,0.000000,0.000000,0.000757,0.021656,0.018329,0.0000,1.0000,0.024552,0,0,0,0,1.0000,1.0000,0.12336,0.15609,0.1468,0.00000,0.9905,0.0000,0.157,-0.00016,1.6968,0.418125,0.417876,,0,
3.8570,scan,force_tracking_v2,1.2434,0.418210,-0.016474,-0.479329,-0.000470,1.496366,0.019610,1.102265,1.564549,0.417876,-0.016476,-0.476510,-0.001309,1.491279,0.020822,1.104078,1.563099,0.208087,0.018360,0.395326,3.127876,-0.547845,-3.137089,-0.01119,0.01661,-0.01823,-0.00012,0.00135,-0.00001,-0.01119,0.01661,-0.01823,-0.00012,0.00135,-0.00001,-0.00757,0.00437,-0.02212,-0.01070,0.01020,0.01063,0.631,0.2499,0.00002,0,0,0,0,0.109,0.983,0.423,4.3462,32.08,25.00,8.69,0.00,0.02158,80.0,1.200,0.00000,0,0.005769,0.000802,0.196,1.039,0.643,0.1897,0.4258,0.7742,0.000000,0.000000,0.000000,0.000000,0.000707,0.021576,0.022870,0.0000,1.0000,0.024649,0,0,0,0,1.0000,1.0000,0.12340,0.15558,0.1476,0.00000,0.9905,0.0000,0.156,-0.00015,1.7039,0.418210,0.417876,,0,
3.8643,scan,force_tracking_v2,1.2507,0.418311,-0.016484,-0.479863,-0.000412,1.497278,0.019589,1.101896,1.564596,0.417876,-0.016511,-0.476702,-0.001361,1.491715,0.020822,1.103833,1.563117,0.208070,0.018341,0.395260,3.127827,-0.547845,-3.137158,-0.01114,0.01665,-0.01813,-0.00019,0.00135,0.00013,-0.01114,0.01665,-0.01813,-0.00019,0.00135,0.00013,-0.00668,-0.00767,-0.02655,0.01682,-0.00012,-0.03809,0.726,0.2664,0.00002,0,0,1,0,0.128,0.992,0.424,4.0406,32.33,25.00,8.08,0.00,0.02147,80.0,1.200,0.00000,0,0.007291,0.005600,0.226,1.029,0.279,0.1796,0.4264,0.7736,0.000000,0.000000,0.000000,0.000000,0.000888,0.021471,0.026056,0.0000,1.0000,0.024770,0,0,0,0,1.0000,1.0000,0.12345,0.15469,0.1487,0.00000,0.9904,0.0000,0.192,-0.00014,1.7109,0.418311,0.418141,,0,
3.8702,scan,force_tracking_v2,1.2566,0.418402,-0.016493,-0.480293,-0.000365,1.498013,0.019574,1.101599,1.564632,0.418141,-0.016511,-0.477557,-0.001239,1.493129,0.020752,1.103188,1.563187,0.207954,0.018628,0.395072,3.127885,-0.547760,-3.137164,-0.01111,0.01671,-0.01809,-0.00011,0.00148,0.00009,-0.01111,0.01671,-0.01809,-0.00011,0.00148,0.00009,-0.01047,0.02580,-0.01686,-0.00443,-0.00762,0.00219,0.578,0.2377,0.00002,0,0,1,0,0.125,0.999,0.405,3.8091,32.39,25.00,7.62,0.00,0.02142,80.0,1.200,0.00000,0,0.005899,0.000355,0.011,1.029,0.201,-0.1735,0.4024,0.7976,0.000000,0.000000,0.000000,0.000000,0.000750,0.021416,0.020138,0.0000,1.0000,0.024870,0,0,0,0,1.0000,1.0000,0.12351,0.15398,0.1496,0.00000,0.9904,0.0000,0.161,-0.00012,1.7196,0.418402,0.418141,,0,
3.8764,scan,force_tracking_v2,1.2628,0.418495,-0.016502,-0.480741,-0.000317,1.498780,0.019558,1.101290,1.564668,0.418141,-0.016476,-0.477801,-0.001222,1.493583,0.020717,1.102996,1.563239,0.207918,0.018636,0.395003,3.127873,-0.547778,-3.137157,-0.01106,0.01676,-0.01801,-0.00013,0.00145,0.00009,-0.01106,0.01676,-0.01801,-0.00013,0.00145,0.00009,-0.00641,0.00149,-0.01237,0.00174,0.00327,0.00027,0.656,0.2538,0.00002,0,0,0,0,0.134,1.017,0.427,3.5809,32.34,25.00,7.16,0.00,0.02133,80.0,1.200,0.00000,0,0.006178,0.000976,0.232,1.158,0.750,0.2400,0.4308,0.7692,0.000000,0.000000,0.000000,0.000000,0.000750,0.021327,0.013914,0.0000,1.0000,0.024972,0,0,0,0,1.0000,1.0000,0.12356,0.15329,0.1505,0.00000,0.9904,0.0000,0.167,-0.00011,1.7264,0.418495,0.418141,,0,
3.8828,scan,force_tracking_v2,1.2692,0.418592,-0.016512,-0.481205,-0.000269,1.499571,0.019543,1.100969,1.564704,0.418141,-0.016511,-0.478255,-0.001169,1.494403,0.020700,1.102856,1.563257,0.207814,0.018642,0.394851,3.127893,-0.548006,-3.137176,-0.01099,0.01681,-0.01788,-0.00010,0.00111,0.00010,-0.01099,0.01681,-0.01788,-0.00010,0.00111,0.00010,-0.01638,0.00083,-0.02397,-0.00284,0.03580,-0.00138,0.748,0.2507,0.00002,0,0,0,0,0.131,1.035,0.470,3.3587,32.20,25.00,6.72,0.00,0.02117,80.0,1.200,0.00000,0,0.006407,0.001011,0.064,1.105,0.753,0.9735,0.4846,0.7154,0.000000,0.000000,0.000000,0.000000,0.000710,0.021175,0.029001,0.0000,1.0000,0.025069,0,0,0,0,1.0000,1.0000,0.12360,0.15268,0.1515,0.00000,0.9903,0.0000,0.172,-0.00010,1.7335,0.418592,0.418503,,0,
3.8904,scan,force_tracking_v2,1.2768,0.418706,-0.016525,-0.481750,-0.000215,1.500500,0.019528,1.100593,1.564744,0.418503,-0.016511,-0.478901,-0.001047,1.495433,0.020612,1.102350,1.563361,0.207732,0.019024,0.394724,3.127937,-0.547887,-3.137199,-0.01092,0.01686,-0.01777,-0.00004,0.00129,0.00011,-0.01092,0.01686,-0.01777,-0.00004,0.00129,0.00011,-0.01069,0.04987,-0.01661,-0.00485,-0.01560,-0.00008,0.508,0.2371,0.00002,0,0,1,0,0.136,1.036,0.450,3.1133,31.94,25.00,6.23,0.00,0.02105,80.0,1.200,0.00000,0,0.007586,0.000941,0.182,0.976,0.148,0.4968,0.4577,0.7423,0.000000,0.000000,0.000000,0.000000,0.000877,0.021050,0.020308,0.0000,1.0000,0.025187,0,0,0,0,1.0000,1.0000,0.12365,0.15137,0.1525,0.00000,0.9903,0.0000,0.202,-0.00009,1.7406,0.418706,0.418503,,0,
3.8964,scan,force_tracking_v2,1.2829,0.418809,-0.016536,-0.482182,-0.000171,1.501238,0.019516,1.100296,1.564775,0.418503,-0.016511,-0.479285,-0.001030,1.496079,0.020630,1.101914,1.563379,0.207706,0.019034,0.394657,3.127910,-0.547712,-3.137177,-0.01090,0.01692,-0.01775,-0.00008,0.00155,0.00009,-0.01090,0.01692,-0.01775,-0.00008,0.00155,0.00009,-0.00428,0.00166,-0.01084,0.00388,-0.02851,0.00131,0.604,0.2533,0.00002,0,0,1,0,0.144,1.046,0.407,2.9303,31.71,25.00,5.86,0.00,0.02103,80.0,1.200,0.00000,0,0.006057,0.000863,0.201,1.147,0.044,-0.3348,0.4016,0.7984,0.000000,0.000000,0.000000,0.000000,0.000771,0.021027,0.011498,0.0000,1.0000,0.025289,0,0,0,0,1.0000,1.0000,0.12371,0.15067,0.1534,0.00000,0.9903,0.0000,0.169,-0.00008,1.7489,0.418809,0.418503,,0,
3.9021,scan,force_tracking_v2,1.2886,0.418903,-0.016546,-0.482589,-0.000130,1.501933,0.019505,1.100017,1.564805,0.418503,-0.016528,-0.479651,-0.000942,1.496602,0.020577,1.101722,1.563431,0.207646,0.019045,0.394591,3.127955,-0.547679,-3.137199,-0.01091,0.01696,-0.01776,-0.00002,0.00160,0.00009,-0.01091,0.01696,-0.01776,-0.00002,0.00160,0.00009,-0.00965,0.00188,-0.01079,-0.00620,-0.00539,0.00031,0.692,0.2656,0.00002,0,0,1,0,0.136,1.051,0.388,2.7680,31.47,25.00,5.54,0.00,0.02104,80.0,1.200,0.00000,0,0.005697,0.000421,0.000,1.039,0.431,-0.6385,0.3781,0.8219,0.000000,0.000000,0.000000,0.000000,0.000752,0.021039,0.014259,0.0000,1.0000,0.025388,0,0,0,0,1.0000,1.0000,0.12376,0.15062,0.1534,0.00000,0.9902,0.0000,0.157,-0.00007,1.7554,0.418903,0.418503,,0,
3.9088,scan,force_tracking_v2,1.2952,0.419007,-0.016558,-0.483064,-0.000085,1.502744,0.019495,1.099691,1.564835,0.418503,-0.016528,-0.479651,-0.000942,1.496602,0.020577,1.101722,1.563431,0.207646,0.019045,0.394591,3.127955,-0.547679,-3.137199,-0.01086,0.01701,-0.01769,-0.00002,0.00160,0.00009,-0.01086,0.01701,-0.01769,-0.00002,0.00160,0.00009,0.00000,0.00000,0.00000,0.00000,0.00000,0.00000,0.779,0.3054,0.00002,0,0,0,0,0.123,1.035,0.453,2.5890,31.17,25.00,5.18,0.00,0.02095,80.0,1.200,0.00000,0,0.006687,0.005787,0.049,0.873,1.114,0.6027,0.4625,0.7375,0.000000,0.000000,0.000000,0.000000,0.000770,0.020949,0.000000,0.0000,1.0000,0.025491,0,0,0,0,1.0000,1.0000,0.12380,0.14987,0.1551,0.00000,0.9902,0.0000,0.179,-0.00006,1.7614,0.419007,0.418848,,0,
3.9157,scan,force_tracking_v2,1.3021,0.419115,-0.016572,-0.483553,-0.000039,1.503578,0.019485,1.099354,1.564865,0.418848,-0.016511,-0.480419,-0.000855,1.498086,0.020525,1.101303,1.563501,0.207496,0.019413,0.394328,3.127971,-0.547977,-3.137183,-0.01079,0.01705,-0.01755,0.00000,0.00116,0.00005,-0.01079,0.01705,-0.01755,0.00000,0.00116,0.00005,-0.01272,0.03119,-0.02229,-0.00128,0.02532,0.00204,0.546,0.2669,0.00002,0,0,0,0,0.139,1.020,0.500,2.4163,30.85,25.00,4.83,0.00,0.02079,80.0,1.200,0.00000,0,0.006904,0.000903,0.331,0.970,0.601,1.3564,0.5206,0.6794,0.000000,0.000000,0.000000,0.000000,0.000716,0.020791,0.026005,0.0000,1.0000,0.025588,0,0,0,0,1.0000,1.0000,0.12385,0.14941,0.1561,0.00000,0.9902,0.0000,0.185,-0.00005,1.7683,0.419115,0.418848,,0,
3.9217,scan,force_tracking_v2,1.3081,0.419212,-0.016584,-0.483974,-0.000001,1.504295,0.019478,1.099065,1.564890,0.418848,-0.016476,-0.480559,-0.000873,1.498348,0.020525,1.101006,1.563571,0.207510,0.019421,0.394316,3.127893,-0.547803,-3.137164,-0.01072,0.01711,-0.01744,-0.00010,0.00142,0.00009,-0.01072,0.01711,-0.01744,-0.00010,0.00142,0.00009,0.00231,0.00133,-0.00211,0.01139,-0.02923,-0.00371,0.636,0.2997,0.00002,0,0,1,0,0.145,1.002,0.503,2.2759,30.57,25.00,4.55,0.00,0.02066,80.0,1.200,0.00000,0,0.005986,0.000930,0.119,0.887,0.307,1.2597,0.5219,0.6781,0.000000,0.000000,0.000000,0.000000,0.000621,0.020665,0.000611,0.0000,1.0000,0.025672,0,0,0,0,1.0000,1.0000,0.12391,0.14796,0.1569,0.00000,0.9901,0.0000,0.162,-0.00004,1.7753,0.419212,0.418848,,0,
3.9286,scan,force_tracking_v2,1.3150,0.419320,-0.016599,-0.484455,0.000042,1.505116,0.019470,1.098735,1.564916,0.418848,-0.016476,-0.481065,-0.000803,1.499168,0.020455,1.100640,1.563623,0.207440,0.019428,0.394207,3.127944,-0.547752,-3.137199,-0.01066,0.01715,-0.01735,-0.00004,0.00149,0.00010,-0.01066,0.01715,-0.01735,-0.00004,0.00149,0.00010,-0.01028,0.00098,-0.01583,-0.00635,-0.00735,-0.00120,0.725,0.2938,0.00002,0,0,0,0,0.131,0.982,0.493,2.1240,30.25,25.00,4.25,0.00,0.02055,80.0,1.200,0.00000,0,0.006906,0.000943,-0.004,0.910,0.397,0.9229,0.5065,0.6935,0.000000,0.000000,0.000000,0.000000,0.000735,0.020555,0.018876,0.0000,1.0000,0.025771,0,0,0,0,1.0000,1.0000,0.12395,0.14695,0.1578,0.00000,0.9901,0.0000,0.184,-0.00003,1.7812,0.419320,0.419263,,0,
3.9349,scan,force_tracking_v2,1.3213,0.419420,-0.016612,-0.484893,0.000081,1.505862,0.019465,1.098434,1.564938,0.419263,-0.016511,-0.481955,-0.000733,1.500809,0.020455,1.100168,1.563675,0.207269,0.019860,0.393926,3.127916,-0.548032,-3.137192,-0.01065,0.01720,-0.01732,-0.00007,0.00107,0.00011,-0.01065,0.01720,-0.01732,-0.00007,0.00107,0.00011,-0.02537,0.06436,-0.04182,0.00340,0.04166,-0.00122,0.447,0.2468,0.00002,0,0,0,0,0.122,0.974,0.456,1.9952,29.97,25.00,3.99,0.00,0.02052,80.0,1.200,0.00000,0,0.006258,0.000497,0.096,0.979,0.150,0.1681,0.4585,0.7415,0.000000,0.000000,0.000000,0.000000,0.000727,0.020524,0.049643,0.0000,1.0000,0.025866,0,0,0,0,1.0000,1.0000,0.12400,0.14737,0.1586,0.00000,0.9901,0.0000,0.167,-0.00002,1.7878,0.419420,0.419263,,0,
3.9411,scan,force_tracking_v2,1.3275,0.419518,-0.016626,-0.485325,0.000117,1.506597,0.019460,1.098138,1.564959,0.419263,-0.016511,-0.482147,-0.000681,1.501158,0.020420,1.099959,1.563693,0.207252,0.019867,0.393883,3.127960,-0.547981,-3.137200,-0.01064,0.01725,-0.01731,-0.00001,0.00115,0.00009,-0.01064,0.01725,-0.01731,-0.00001,0.00115,0.00009,-0.00296,0.00120,-0.00772,-0.00670,-0.00913,0.00274,0.527,0.2695,0.00002,0,0,0,0,0.137,0.964,0.450,1.8757,29.70,25.00,3.75,0.00,0.02051,80.0,1.200,0.00000,0,0.006176,0.001068,0.334,0.914,0.576,0.0352,0.4500,0.7500,0.000000,0.000000,0.000000,0.000000,0.000728,0.020513,0.008147,0.0000,1.0000,0.025961,0,0,0,0,1.0000,1.0000,0.12405,0.14709,0.1594,0.00000,0.9900,0.0000,0.164,-0.00002,1.7937,0.419518,0.419263,,0,
3.9472,scan,force_tracking_v2,1.3336,0.419616,-0.016640,-0.485753,0.000152,1.507326,0.019458,1.097843,1.564977,0.419263,-0.016511,-0.482479,-0.000663,1.501908,0.020316,1.099592,1.563763,0.207214,0.019853,0.393760,3.127998,-0.548036,-3.137302,-0.01067,0.01729,-0.01736,0.00004,0.00107,0.00021,-0.01067,0.01729,-0.01736,0.00004,0.00107,0.00021,-0.00577,-0.00207,-0.01815,-0.00486,0.00805,-0.01216,0.623,0.2686,0.00002,0,0,0,0,0.128,0.936,0.407,1.7645,29.45,25.00,3.53,0.00,0.02057,80.0,1.200,0.00000,0,0.006109,0.000401,-0.040,0.710,0.018,-0.7191,0.3966,0.8034,0.000000,0.000000,0.000000,0.000000,0.000784,0.020572,0.018471,0.0000,1.0000,0.026062,0,0,0,0,1.0000,1.0000,0.12410,0.14757,0.1602,0.00000,0.9900,0.0000,0.163,-0.00001,1.7994,0.419616,0.419263,,0,
3.9528,scan,force_tracking_v2,1.3392,0.419707,-0.016653,-0.486148,0.000183,1.507998,0.019457,1.097572,1.564992,0.419263,-0.016528,-0.482950,-0.000663,1.502571,0.020316,1.099418,1.563763,0.207125,0.019851,0.393668,3.127995,-0.548053,-3.137321,-0.01069,0.01734,-0.01738,0.00003,0.00104,0.00024,-0.01069,0.01734,-0.01738,0.00003,0.00104,0.00024,-0.06545,-0.00161,-0.06842,0.00179,0.01289,-0.01496,0.734,0.2724,0.00002,0,0,0,0,0.127,0.932,0.426,1.6680,29.23,25.00,3.34,0.00,0.02060,80.0,1.200,0.00000,0,0.005625,0.004667,0.161,1.047,0.900,-0.3061,0.4218,0.7782,0.000000,0.000000,0.000000,0.000000,0.000695,0.020602,0.092475,0.0000,1.0000,0.026152,0,0,0,0,1.0000,1.0000,0.12414,0.14776,0.1609,0.00000,0.9900,0.0000,0.151,-0.00000,1.8049,0.419707,0.419649,,0,
3.9590,scan,force_tracking_v2,1.3454,0.419807,-0.016668,-0.486584,0.000217,1.508738,0.019456,1.097273,1.565007,0.419649,-0.016528,-0.483718,-0.000593,1.503968,0.020316,1.098877,1.563815,0.207004,0.020260,0.393451,3.127971,-0.548141,-3.137283,-0.01069,0.01738,-0.01738,0.00000,0.00091,0.00020,-0.01069,0.01738,-0.01738,0.00000,0.00091,0.00020,-0.01159,0.03920,-0.02077,0.00190,0.00842,0.00243,0.448,0.2309,0.00002,0,0,0,0,0.133,0.924,0.451,1.5678,28.99,25.00,3.14,0.00,0.02060,80.0,1.200,0.00000,0,0.006192,0.000475,0.197,0.876,0.579,0.1625,0.4533,0.7467,0.000000,0.000000,0.000000,0.000000,0.000726,0.020601,0.024213,0.0000,1.0000,0.026247,0,0,0,0,1.0000,1.0000,0.12419,0.14792,0.1617,0.00000,0.9899,0.0000,0.166,0.00001,1.8099,0.419807,0.419649,,0,
3.9653,scan,force_tracking_v2,1.3518,0.419910,-0.016683,-0.487027,0.000249,1.509492,0.019458,1.096970,1.565021,0.419649,-0.016563,-0.483875,-0.000559,1.504229,0.020246,1.098423,1.563867,0.207044,0.020248,0.393465,3.128011,-0.547793,-3.137379,-0.01066,0.01742,-0.01734,0.00005,0.00143,0.00032,-0.01066,0.01742,-0.01734,0.00005,0.00143,0.00032,0.00625,-0.00179,0.00214,-0.00504,-0.05450,-0.01187,0.544,0.2583,0.00002,0,0,0,0,0.141,0.910,0.488,1.4712,28.75,25.00,2.94,0.00,0.02055,80.0,1.200,0.00000,0,0.006361,0.000421,0.189,0.818,0.708,0.7980,0.4996,0.7004,0.000000,0.000000,0.000000,0.000000,0.000687,0.020549,-0.005104,0.0000,1.0000,0.026339,0,0,0,0,1.0000,1.0000,0.12423,0.14658,0.1624,0.00000,0.9899,0.0000,0.170,0.00001,1.8152,0.419910,0.419649,,0,
3.9713,scan,force_tracking_v2,1.3577,0.420007,-0.016698,-0.487441,0.000279,1.510196,0.019459,1.096686,1.565033,0.419649,-0.016528,-0.484416,-0.000524,1.505137,0.020228,1.098301,1.563867,0.206916,0.020262,0.393298,3.128039,-0.548038,-3.137339,-0.01062,0.01746,-0.01728,0.00009,0.00106,0.00024,-0.01062,0.01746,-0.01728,0.00009,0.00106,0.00024,-0.02304,0.00256,-0.03010,-0.00461,0.04435,0.00992,0.639,0.2495,0.00002,0,0,0,0,0.149,0.910,0.507,1.3865,28.55,25.00,2.77,0.00,0.02048,80.0,1.200,0.00000,0,0.005933,0.000839,0.195,0.981,0.513,1.0542,0.5226,0.6774,0.000000,0.000000,0.000000,0.000000,0.000615,0.020480,0.037721,0.0000,1.0000,0.026421,0,0,0,0,1.0000,1.0000,0.12428,0.14665,0.1632,0.00000,0.9899,0.0000,0.159,0.00002,1.8206,0.420007,0.419649,,0,
3.9776,scan,force_tracking_v2,1.3640,0.420111,-0.016714,-0.487881,0.000309,1.510943,0.019464,1.096385,1.565042,0.419649,-0.016598,-0.484783,-0.000524,1.505888,0.020176,1.097987,1.563885,0.206863,0.020238,0.393176,3.128068,-0.548109,-3.137466,-0.01057,0.01750,-0.01718,0.00013,0.00096,0.00040,-0.01057,0.01750,-0.01718,0.00013,0.00096,0.00040,-0.00858,-0.00392,-0.01963,-0.00401,0.01128,-0.01782,0.755,0.2468,0.00002,0,0,0,0,0.156,0.916,0.535,1.3013,28.33,25.00,2.60,0.00,0.02037,80.0,1.200,0.00000,0,0.006336,0.000908,0.174,0.977,0.700,1.4402,0.5568,0.6432,0.000000,0.000000,0.000000,0.000000,0.000614,0.020371,0.021183,0.0000,1.0000,0.026504,0,0,0,0,1.0000,1.0000,0.12432,0.14597,0.1639,0.00000,0.9898,0.0000,0.169,0.00003,1.8255,0.420111,0.419649,,0,
3.9838,scan,force_tracking_v2,1.3703,0.420213,-0.016729,-0.488310,0.000369,1.511672,0.019448,1.096092,1.565088,0.419649,-0.016511,-0.485481,-0.000419,1.506917,0.020124,1.097480,1.563955,0.206773,0.020277,0.393058,3.128106,-0.547937,-3.137378,-0.01051,0.01861,-0.01708,0.00017,0.00122,0.00024,-0.01051,0.01861,-0.01708,0.00017,0.00122,0.00024,-0.01321,0.00578,-0.01729,-0.00460,-0.02543,0.01584,0.827,0.2307,0.00002,0,0,0,0,0.160,0.911,0.535,2.2106,28.57,25.00,4.42,0.00,0.02027,80.0,1.200,0.00000,0,0.006233,0.000353,0.159,0.830,0.385,1.2698,0.5536,0.6464,0.000000,0.000000,0.000000,0.000000,0.000608,0.020266,0.021705,0.0000,1.0000,0.026586,0,0,0,0,1.0000,1.0000,0.12437,0.14513,0.1649,0.00000,0.9898,0.0000,0.170,0.00004,1.8306,0.420213,0.420079,,0,
3.9899,scan,force_tracking_v2,1.3763,0.420313,-0.016745,-0.488725,0.000396,1.512377,0.019453,1.095807,1.565096,0.420079,-0.016528,-0.485882,-0.000401,1.507703,0.020124,1.097341,1.563955,0.206679,0.020710,0.392905,3.128107,-0.548181,-3.137383,-0.01048,0.01758,-0.01704,0.00018,0.00085,0.00025,-0.01048,0.01758,-0.01704,0.00018,0.00085,0.00025,-0.01677,0.07747,-0.02737,-0.00043,0.04381,-0.00077,0.523,0.2274,0.00002,0,0,0,0,0.162,0.914,0.502,3.0530,29.12,25.00,6.11,0.00,0.02021,80.0,1.200,0.00000,0,0.006023,0.000801,0.166,0.973,0.175,0.5618,0.5109,0.6891,0.000000,0.000000,0.000000,0.000000,0.000638,0.020206,0.032968,0.0000,1.0000,0.026670,0,0,0,0,1.0000,1.0000,0.12442,0.14485,0.1655,0.00000,0.9898,0.0000,0.160,0.00005,1.8355,0.420313,0.420079,,0,
3.9964,scan,force_tracking_v2,1.3828,0.420422,-0.016763,-0.489173,0.000424,1.513138,0.019461,1.095502,1.565102,0.420079,-0.016563,-0.486406,-0.000367,1.508296,0.020071,1.097044,1.563937,0.206610,0.020699,0.392863,3.128198,-0.547955,-3.137458,-0.01048,0.01762,-0.01704,0.00029,0.00119,0.00029,-0.01048,0.01762,-0.01704,0.00029,0.00119,0.00029,-0.01072,-0.00170,-0.00651,-0.01184,-0.03500,-0.00423,0.645,0.2338,0.00002,0,0,0,0,0.163,0.922,0.453,3.9197,29.97,25.00,7.84,0.00,0.02020,80.0,1.200,0.00000,0,0.006525,0.000855,0.166,0.973,0.175,-0.3805,0.4473,0.7527,0.000000,0.000000,0.000000,0.000000,0.000771,0.020202,0.011123,0.0000,1.0000,0.026769,0,0,0,0,1.0000,1.0000,0.12446,0.14419,0.1661,0.00000,0.9897,0.0000,0.174,0.00005,1.8402,0.420422,0.420079,,0,
4.0024,scan,force_tracking_v2,1.3888,0.420521,-0.016780,-0.489582,0.000449,1.513833,0.019468,1.095223,1.565108,0.420079,-0.016528,-0.486720,-0.000332,1.508872,0.020054,1.096747,1.563972,0.206574,0.020714,0.392784,3.128197,-0.547921,-3.137423,-0.01046,0.01767,-0.01702,0.00029,0.00124,0.00024,-0.01046,0.01767,-0.01702,0.00029,0.00124,0.00024,-0.00600,0.00254,-0.01325,0.00020,-0.00569,0.00557,0.733,0.2444,0.00002,0,0,0,0,0.155,0.920,0.460,3.6922,30.48,25.00,7.38,0.00,0.02018,80.0,1.200,0.00000,0,0.005979,0.000826,0.058,0.860,0.785,-0.2171,0.4567,0.7433,0.000000,0.000000,0.000000,0.000000,0.000697,0.020176,0.014464,0.0000,1.0000,0.026859,0,0,0,0,1.0000,1.0000,0.12451,0.14386,0.1668,0.00000,0.9897,0.0000,0.159,0.00006,1.8451,0.420521,0.420079,,0,
4.0097,scan,force_tracking_v2,1.3961,0.420637,-0.016799,-0.490083,0.000514,1.514684,0.019456,1.094881,1.565154,0.420079,-0.016563,-0.487488,-0.000279,1.510164,0.020001,1.096241,1.564024,0.206454,0.020714,0.392595,3.128219,-0.547940,-3.137487,-0.01041,0.01876,-0.01693,0.00032,0.00121,0.00032,-0.01041,0.01876,-0.01693,0.00032,0.00121,0.00032,-0.01690,-0.00003,-0.02667,-0.00265,0.00265,-0.00731,0.835,0.2103,0.00002,0,0,1,0,0.144,0.916,0.488,3.4303,30.84,25.00,6.86,0.00,0.02008,80.0,1.200,0.00000,0,0.007358,0.001126,0.101,0.896,0.656,0.3005,0.4922,0.7078,0.000000,0.000000,0.000000,0.000000,0.000802,0.020083,0.031571,0.0000,1.0000,0.026963,0,0,0,0,1.0000,1.0000,0.12455,0.14349,0.1679,0.00000,0.9897,0.0000,0.196,0.00007,1.8495,0.420637,0.420617,,0,
4.0162,scan,force_tracking_v2,1.4027,0.420747,-0.016818,-0.490524,0.000538,1.515433,0.019467,1.094582,1.565156,0.420617,-0.016563,-0.487662,-0.000262,1.510530,0.020001,1.095997,1.564024,0.206446,0.021256,0.392548,3.128226,-0.547888,-3.137479,-0.01034,0.01775,-0.01682,0.00033,0.00129,0.00030,-0.01034,0.01775,-0.01682,0.00033,0.00129,0.00030,-0.00133,0.08160,-0.00717,-0.00097,-0.00786,0.00169,0.452,0.2380,0.00002,0,0,0,0,0.153,0.925,0.526,3.2138,30.97,25.00,6.43,0.00,0.01994,80.0,1.200,0.00000,0,0.006520,0.000985,0.277,1.018,0.752,0.9371,0.5396,0.6604,0.000000,0.000000,0.000000,0.000000,0.000652,0.019940,0.007727,0.0000,1.0000,0.027049,0,0,0,0,1.0000,1.0000,0.12461,0.14195,0.1685,0.00000,0.9896,0.0000,0.173,0.00008,1.8547,0.420747,0.420617,,0,
4.0225,scan,force_tracking_v2,1.4089,0.420853,-0.016837,-0.490944,0.000562,1.516146,0.019478,1.094296,1.565157,0.420617,-0.016563,-0.488151,-0.000227,1.511298,0.019984,1.095805,1.564094,0.206350,0.021268,0.392426,3.128189,-0.547976,-3.137477,-0.01026,0.01779,-0.01667,0.00028,0.00116,0.00033,-0.01026,0.01779,-0.01667,0.00028,0.00116,0.00033,-0.03945,0.00488,-0.05002,0.01309,0.03622,-0.00733,0.551,0.2369,0.00002,0,0,0,0,0.159,0.929,0.549,3.0187,30.99,25.00,6.04,0.00,0.01977,80.0,1.200,0.00000,0,0.006263,0.004824,0.178,0.933,0.588,1.2456,0.5675,0.6325,0.000000,0.000000,0.000000,0.000000,0.000593,0.019774,0.063296,0.0000,1.0000,0.027127,0,0,0,0,1.0000,1.0000,0.12465,0.14092,0.1691,0.00000,0.9896,0.0000,0.166,0.00009,1.8592,0.420853,0.420617,,0,
4.0289,scan,force_tracking_v2,1.4154,0.420962,-0.016857,-0.491370,0.000584,1.516870,0.019492,1.094007,1.565155,0.420617,-0.016598,-0.488919,-0.000140,1.512467,0.019879,1.095229,1.564094,0.206252,0.021260,0.392287,3.128338,-0.547804,-3.137578,-0.01018,0.01783,-0.01656,0.00047,0.00142,0.00036,-0.01018,0.01783,-0.01656,0.00047,0.00142,0.00036,-0.00907,-0.00076,-0.01291,-0.01180,-0.01600,-0.00205,0.663,0.2108,0.00002,0,0,0,0,0.159,0.941,0.529,3.8534,31.38,25.00,7.71,0.00,0.01963,80.0,1.200,0.00000,0,0.006426,0.000482,0.122,1.027,0.235,0.7566,0.5406,0.6594,0.000000,0.000000,0.000000,0.000000,0.000642,0.019634,0.015729,0.0000,1.0000,0.027211,0,0,0,0,1.0000,1.0000,0.12470,0.13943,0.1697,0.00000,0.9895,0.0000,0.169,0.00009,1.8635,0.420962,0.420963,,0,
4.0353,scan,force_tracking_v2,1.4218,0.421071,-0.016877,-0.491791,0.000605,1.517586,0.019506,1.093722,1.565153,0.420963,-0.016598,-0.488919,-0.000140,1.512467,0.019879,1.095229,1.564094,0.206252,0.021606,0.392287,3.128338,-0.547804,-3.137578,-0.01010,0.01786,-0.01642,0.00047,0.00142,0.00036,-0.01010,0.01786,-0.01642,0.00047,0.00142,0.00036,0.00000,0.05898,0.00000,0.00000,0.00000,0.00000,0.462,0.2523,0.00002,0,0,0,0,0.161,0.972,0.545,3.6142,31.57,25.00,7.23,0.00,0.01947,80.0,1.200,0.00000,0,0.006408,0.001000,0.183,1.200,0.779,0.9424,0.5587,0.6413,0.000000,0.000000,0.000000,0.000000,0.000617,0.019473,0.000658,0.0000,1.0000,0.027291,0,0,0,0,1.0000,1.0000,0.12474,0.13822,0.1704,0.00000,0.9895,0.0000,0.168,0.00010,1.8677,0.421071,0.420963,,0,
4.0419,scan,force_tracking_v2,1.4283,0.421183,-0.016898,-0.492215,0.000625,1.518307,0.019522,1.093436,1.565148,0.420963,-0.016598,-0.489303,-0.000157,1.512886,0.019879,1.095020,1.564147,0.206201,0.021606,0.392260,3.128278,-0.547629,-3.137592,-0.00997,0.01790,-0.01622,0.00039,0.00168,0.00043,-0.00997,0.01790,-0.01622,0.00039,0.00168,0.00043,-0.00788,0.00008,-0.00413,0.00809,-0.02697,-0.00716,0.575,0.2693,0.00002,0,0,0,0,0.159,1.004,0.589,3.3850,31.62,25.00,6.77,0.00,0.01924,80.0,1.200,0.00000,0,0.006552,0.001109,0.137,1.144,0.915,1.6292,0.6139,0.5861,0.000000,0.000000,0.000000,0.000000,0.000560,0.019242,0.007630,0.0000,1.0000,0.027365,0,0,0,0,1.0000,1.0000,0.12479,0.13606,0.1711,0.00000,0.9895,0.0000,0.171,0.00010,1.8718,0.421183,0.420963,,0,
4.0479,scan,force_tracking_v2,1.4343,0.421287,-0.016918,-0.492602,0.000644,1.518963,0.019537,1.093175,1.565143,0.420963,-0.016598,-0.489600,-0.000105,1.513602,0.019844,1.094758,1.564147,0.206151,0.021612,0.392126,3.128335,-0.547787,-3.137598,-0.00985,0.01794,-0.01602,0.00046,0.00144,0.00039,-0.00985,0.01794,-0.01602,0.00046,0.00144,0.00039,-0.00798,0.00092,-0.02135,-0.00781,0.02513,0.00376,0.657,0.2696,0.00002,0,0,0,0,0.149,1.014,0.615,3.1869,31.56,25.00,6.37,0.00,0.01900,80.0,1.200,0.00000,0,0.006030,0.000845,0.045,0.951,0.650,1.9064,0.6435,0.5565,0.000000,0.000000,0.000000,0.000000,0.000481,0.019005,0.022392,0.0000,1.0000,0.027428,0,0,0,0,1.0000,1.0000,0.12483,0.13471,0.1717,0.00000,0.9894,0.0000,0.157,0.00011,1.8759,0.421287,0.420963,,0,
4.0544,scan,force_tracking_v2,1.4408,0.421398,-0.016939,-0.493008,0.000662,1.519654,0.019555,1.092900,1.565136,0.420963,-0.016598,-0.490438,-0.000087,1.514911,0.019792,1.094269,1.564199,0.206016,0.021610,0.391943,3.128339,-0.547771,-3.137648,-0.00974,0.01797,-0.01584,0.00047,0.00147,0.00046,-0.00974,0.01797,-0.01584,0.00047,0.00147,0.00046,-0.01992,-0.00024,-0.02710,-0.00051,-0.00243,-0.00700,0.767,0.2322,0.00002,0,0,0,0,0.169,1.034,0.600,2.9885,31.43,25.00,5.98,0.00,0.01879,80.0,1.200,0.00000,0,0.006428,0.000524,0.409,1.168,0.330,1.4192,0.6210,0.5790,0.000000,0.000000,0.000000,0.000000,0.000541,0.018793,0.033504,0.0000,1.0000,0.027498,0,0,0,0,1.0000,1.0000,0.12487,0.13311,0.1724,0.00000,0.9894,0.0000,0.166,0.00011,1.8796,0.421398,0.421291,,0,
4.0608,scan,force_tracking_v2,1.4472,0.421509,-0.016961,-0.493413,0.000679,1.520342,0.019574,1.092627,1.565128,0.421291,-0.016633,-0.490909,-0.000035,1.515557,0.019757,1.094129,1.564216,0.205922,0.021939,0.391849,3.128383,-0.547807,-3.137689,-0.00966,0.01801,-0.01570,0.00053,0.00141,0.00049,-0.00966,0.01801,-0.01570,0.00053,0.00141,0.00049,-0.01560,0.05473,-0.01556,-0.00625,0.00598,-0.00304,0.592,0.2348,0.00002,0,0,0,0,0.193,1.055,0.579,2.8019,31.24,25.00,5.60,0.00,0.01863,80.0,1.200,0.00000,0,0.006448,0.000951,0.319,1.150,0.463,0.8905,0.5924,0.6076,0.000000,0.000000,0.000000,0.000000,0.000578,0.018629,0.022021,0.0000,1.0000,0.027571,0,0,0,0,1.0000,1.0000,0.12492,0.13198,0.1731,0.00000,0.9894,0.0000,0.166,0.00012,1.8834,0.421509,0.421291,,0,
4.0674,scan,force_tracking_v2,1.4538,0.421624,-0.016983,-0.493823,0.000696,1.521039,0.019594,1.092351,1.565116,0.421291,-0.016668,-0.491153,-0.000017,1.515923,0.019740,1.093815,1.564286,0.205916,0.021938,0.391826,3.128341,-0.547616,-3.137737,-0.00958,0.01804,-0.01558,0.00047,0.00170,0.00060,-0.00958,0.01804,-0.01558,0.00047,0.00170,0.00060,-0.00096,-0.00020,-0.00339,0.00533,-0.02794,-0.01026,0.693,0.2531,0.00002,0,0,0,0,0.191,1.066,0.567,2.6226,31.01,25.00,5.25,0.00,0.01849,80.0,1.200,0.00000,0,0.006615,0.000745,0.064,1.069,0.559,0.5754,0.5758,0.6242,0.000000,0.000000,0.000000,0.000000,0.000615,0.018495,0.003397,0.0000,1.0000,0.027648,0,0,0,0,1.0000,1.0000,0.12496,0.13049,0.1737,0.00000,0.9893,0.0000,0.170,0.00012,1.8871,0.421624,0.421291,,0,
4.0736,scan,force_tracking_v2,1.4600,0.421732,-0.017004,-0.494204,0.000711,1.521685,0.019614,1.092096,1.565105,0.421291,-0.016668,-0.492043,0.000017,1.517250,0.019757,1.093379,1.564321,0.205763,0.021956,0.391640,3.128303,-0.547616,-3.137703,-0.00949,0.01808,-0.01542,0.00042,0.00170,0.00058,-0.00949,0.01808,-0.01542,0.00042,0.00170,0.00058,-0.02499,0.00293,-0.03034,0.00533,0.00001,0.00233,0.800,0.2171,0.00002,0,0,0,0,0.192,1.089,0.614,2.4650,30.77,25.00,4.93,0.00,0.01831,80.0,1.200,0.00000,0,0.006196,0.000791,0.202,1.261,1.131,1.3464,0.6342,0.5658,0.000000,0.000000,0.000000,0.000000,0.000506,0.018308,0.038944,0.0000,1.0000,0.027712,0,0,0,0,1.0000,1.0000,0.12500,0.12911,0.1743,0.00000,0.9893,0.0000,0.158,0.00013,1.8908,0.421732,0.421291,,0,
4.0811,scan,force_tracking_v2,1.4676,0.421857,-0.017028,-0.494659,0.000767,1.522457,0.019615,1.091791,1.565136,0.421291,-0.016668,-0.492375,0.000017,1.517773,0.019722,1.093222,1.564321,0.205702,0.021949,0.391561,3.128335,-0.547651,-3.137741,-0.00933,0.01924,-0.01517,0.00046,0.00165,0.00061,-0.00933,0.01924,-0.01517,0.00046,0.00165,0.00061,-0.00898,-0.00108,-0.01187,-0.00411,0.00526,-0.00309,0.911,0.2241,0.00002,0,0,1,0,0.181,1.107,0.657,2.2861,30.46,25.00,4.57,0.00,0.01802,80.0,1.200,0.00000,0,0.007533,0.001604,0.108,1.136,0.761,1.9286,0.6863,0.5137,0.000000,0.000000,0.000000,0.000000,0.000536,0.018023,0.014798,0.0000,1.0000,0.027782,0,0,0,0,1.0000,1.0000,0.12504,0.12728,0.1753,0.00000,0.9893,0.0000,0.192,0.00013,1.8942,0.421857,0.421291,,0,
4.0868,scan,force_tracking_v2,1.4732,0.421973,-0.017046,-0.494993,0.000814,1.523025,0.019613,1.091567,1.565165,0.421291,-0.016633,-0.492689,0.000017,1.518297,0.019722,1.092960,1.564321,0.205664,0.021956,0.391493,3.128333,-0.547599,-3.137709,-0.00922,0.01950,-0.01498,0.00046,0.00173,0.00056,-0.00922,0.01950,-0.01498,0.00046,0.00173,0.00056,-0.00590,0.00117,-0.01042,0.00028,-0.00803,0.00467,1.029,0.2384,0.00002,0,0,1,0,0.175,1.111,0.672,2.1613,30.23,25.00,4.32,0.00,0.01781,80.0,1.200,0.00000,0,0.005613,0.000673,0.149,1.065,0.646,2.0003,0.7022,0.4978,0.000000,0.000000,0.000000,0.000000,0.000384,0.017805,0.011975,0.0000,1.0000,0.027831,0,0,0,0,1.0000,1.0000,0.12509,0.12564,0.1760,0.00000,0.9892,0.0000,0.160,0.00014,1.8981,0.421973,0.421568,,0,
4.0932,scan,force_tracking_v2,1.4797,0.422094,-0.017072,-0.495374,0.000797,1.523673,0.019655,1.091312,1.565113,0.421568,-0.016668,-0.492968,0.000087,1.518820,0.019722,1.092698,1.564339,0.205631,0.022246,0.391417,3.128351,-0.547582,-3.137706,-0.00912,0.01818,-0.01482,0.00049,0.00175,0.00054,-0.00912,0.01818,-0.01482,0.00049,0.00175,0.00054,-0.00494,0.04320,-0.01123,-0.00235,-0.00251,0.00195,0.851,0.2409,0.00002,0,0,0,0,0.181,1.132,0.656,2.0256,29.96,25.00,4.05,0.00,0.01760,80.0,1.200,0.00000,0,0.006486,0.000492,0.273,1.311,0.427,1.4815,0.6781,0.5219,0.000000,0.000000,0.000000,0.000000,0.000473,0.017600,0.012643,0.0000,1.0000,0.027891,0,0,0,0,1.0000,1.0000,0.12513,0.12432,0.1865,0.00000,0.9892,0.0000,0.163,0.00015,1.9010,0.422094,0.421568,,0,
4.0994,scan,force_tracking_v2,1.4858,0.422203,-0.017092,-0.495732,0.000845,1.524280,0.019656,1.091074,1.565140,0.421568,-0.016703,-0.493771,0.000070,1.519885,0.019722,1.092349,1.564339,0.205494,0.022236,0.391286,3.128340,-0.547495,-3.137756,-0.00900,0.01947,-0.01463,0.00047,0.00188,0.00063,-0.00900,0.01947,-0.01463,0.00047,0.00188,0.00063,-0.02325,-0.00162,-0.02241,0.00176,-0.01489,-0.00957,0.989,0.2170,0.00002,0,0,1,0,0.177,1.149,0.672,1.9046,29.71,25.00,3.81,0.00,0.01740,80.0,1.200,0.00000,0,0.006161,0.000769,0.101,1.211,0.909,1.6002,0.6957,0.5043,0.000000,0.000000,0.000000,0.000000,0.000429,0.017396,0.031219,0.0000,1.0000,0.027945,0,0,0,0,1.0000,1.0000,0.12517,0.12232,0.1769,0.00000,0.9892,0.0000,0.160,0.00015,1.9042,0.422203,0.421568,,0,
4.1050,scan,force_tracking_v2,1.4914,0.422304,-0.017111,-0.496050,0.000892,1.524821,0.019654,1.090862,1.565169,0.421568,-0.016703,-0.493963,0.000087,1.520304,0.019722,1.092018,1.564339,0.205495,0.022240,0.391237,3.128348,-0.547390,-3.137750,-0.00888,0.01968,-0.01443,0.00048,0.00204,0.00061,-0.00888,0.01968,-0.01443,0.00048,0.00204,0.00061,0.00011,0.00070,-0.00811,-0.00111,-0.01742,0.00163,1.079,0.2278,0.00002,0,0,1,0,0.167,1.160,0.718,1.8011,29.49,25.00,3.60,0.00,0.01716,80.0,1.200,0.00000,0,0.005587,0.000359,0.073,1.183,1.172,2.2687,0.7520,0.4480,0.000000,0.000000,0.000000,0.000000,0.000328,0.017159,0.006881,0.0000,1.0000,0.027988,0,0,0,0,1.0000,1.0000,0.12520,0.12041,0.1777,0.00000,0.9891,0.0000,0.146,0.00016,1.9072,0.422304,0.421568,,0,
4.1115,scan,force_tracking_v2,1.4979,0.422416,-0.017133,-0.496412,0.000952,1.525436,0.019650,1.090623,1.565208,0.421568,-0.016720,-0.494347,0.000087,1.520723,0.019740,1.091826,1.564339,0.205441,0.022242,0.391208,3.128332,-0.547233,-3.137754,-0.00868,0.01990,-0.01411,0.00046,0.00227,0.00063,-0.00868,0.01990,-0.01411,0.00046,0.00227,0.00063,-0.00858,0.00020,-0.00473,0.00227,-0.02508,-0.00186,1.186,0.2348,0.00002,0,0,1,0,0.169,1.172,0.788,1.6876,29.23,25.00,3.38,0.00,0.01679,80.0,1.200,0.00000,0,0.006511,0.000595,0.250,1.220,1.160,3.2552,0.8372,0.3628,0.000000,0.000000,0.000000,0.000000,0.000272,0.016790,0.008505,0.0000,1.0000,0.028028,0,0,0,0,1.0000,1.0000,0.12524,0.11745,0.1783,0.00000,0.9891,0.0000,0.166,0.00017,1.9098,0.422416,0.422294,,0,
4.1176,scan,force_tracking_v2,1.5040,0.422525,-0.017156,-0.496731,0.000961,1.525979,0.019675,1.090412,1.565189,0.422294,-0.016720,-0.494626,0.000157,1.521526,0.019670,1.091442,1.564356,0.205409,0.022971,0.391059,3.128415,-0.547374,-3.137787,-0.00818,0.01829,-0.01329,0.00057,0.00206,0.00061,-0.00818,0.01829,-0.01329,0.00057,0.00206,0.00061,-0.00516,0.11858,-0.02423,-0.01168,0.02298,0.00159,0.616,0.2240,0.00002,0,0,0,0,0.178,1.183,0.816,1.5876,61.11,173.21,3.18,0.00,0.01580,1500.0,1.205,0.00000,0,0.006105,0.000546,0.250,1.239,0.737,3.3866,0.8664,0.3385,-0.000000,-0.030000,-0.000354,0.000000,0.000222,0.015805,0.024700,0.0000,1.0000,0.028060,1,0,0,0,1.0000,1.0000,0.12528,0.11045,0.1786,0.00000,0.9891,0.0000,0.147,0.00019,1.9128,0.422525,0.422294,,0,
4.1235,scan,force_tracking_v2,1.5100,0.422632,-0.017179,-0.497016,0.000970,1.526463,0.019699,1.090224,1.565171,0.422294,-0.016668,-0.495115,0.000192,1.522398,0.019687,1.091197,1.564391,0.205315,0.022999,0.390910,3.128376,-0.547514,-3.137697,-0.00752,0.01830,-0.01220,0.00052,0.00185,0.00051,-0.00752,0.01830,-0.01220,0.00052,0.00185,0.00051,-0.01538,0.00455,-0.02439,0.00540,0.02287,0.01141,0.686,0.2051,0.00002,0,0,0,0,0.182,1.184,0.793,1.4962,85.42,173.21,2.99,0.00,0.01454,1500.0,1.210,0.00000,0,0.005930,0.000364,0.176,1.123,0.402,2.6276,0.8326,0.3771,-0.000000,0.030000,-0.000290,0.000000,0.000256,0.014538,0.028881,0.0000,1.0000,0.028093,1,0,0,0,1.0000,1.0000,0.12531,0.10178,0.1790,0.00000,0.9890,0.0000,0.138,0.00019,1.9155,0.422632,0.422294,,0,
4.1295,scan,force_tracking_v2,1.5159,0.422739,-0.017203,-0.497271,0.000979,1.526898,0.019724,1.090058,1.565153,0.422294,-0.016720,-0.495429,0.000262,1.522800,0.019687,1.090918,1.564443,0.205289,0.023010,0.390884,3.128364,-0.547323,-3.137714,-0.00675,0.01832,-0.01094,0.00050,0.00214,0.00054,-0.00675,0.01832,-0.01094,0.00050,0.00214,0.00054,-0.00481,0.00209,-0.00478,0.00206,-0.03543,-0.00424,0.777,0.2099,0.00002,0,0,0,0,0.202,1.184,0.821,1.4094,104.68,173.21,2.82,0.00,0.01305,1500.0,1.214,0.00000,0,0.005977,0.000930,0.387,1.187,1.244,2.8487,0.8640,0.3504,-0.000000,-0.030000,-0.000575,0.000000,0.000225,0.013053,0.006606,0.0000,1.0000,0.028120,1,0,0,0,1.0000,1.0000,0.12534,0.09080,0.1795,0.00000,0.9890,0.0000,0.134,0.00019,1.9180,0.422739,0.422294,,0,
4.1353,scan,force_tracking_v2,1.5217,0.422844,-0.017225,-0.497488,0.001013,1.527268,0.019731,1.089917,1.565167,0.422294,-0.016755,-0.495796,0.000332,1.523306,0.019652,1.090848,1.564408,0.205209,0.023011,0.390804,3.128470,-0.547394,-3.137744,-0.00595,0.01936,-0.00962,0.00064,0.00203,0.00051,-0.00595,0.01936,-0.00962,0.00064,0.00203,0.00051,-0.01334,0.00013,-0.01336,-0.01516,0.01176,0.00422,0.883,0.2058,0.00002,0,0,0,0,0.227,1.184,0.870,1.3299,119.44,173.21,2.66,0.00,0.01152,1500.0,1.219,0.00000,0,0.005807,0.000728,0.387,1.187,1.244,3.4267,0.9216,0.2975,-0.000000,-0.030000,-0.001114,0.000000,0.000160,0.011523,0.018352,0.0000,1.0000,0.028140,1,0,0,0,1.0000,1.0000,0.12537,0.08028,0.1802,0.00000,0.9890,0.0000,0.130,0.00019,1.9205,0.422844,0.422904,,0,
4.1415,scan,force_tracking_v2,1.5279,0.422955,-0.017250,-0.497684,0.001020,1.527603,0.019759,1.089792,1.565146,0.422904,-0.016755,-0.496162,0.000349,1.523812,0.019652,1.090586,1.564461,0.205164,0.023630,0.390752,3.128428,-0.547272,-3.137738,-0.00510,0.01834,-0.00823,0.00058,0.00222,0.00053,-0.00510,0.01834,-0.00823,0.00058,0.00222,0.00053,-0.00731,0.10075,-0.00842,0.00601,-0.01983,-0.00266,0.496,0.1980,0.00001,0,0,0,0,0.244,1.167,0.928,1.2500,131.78,173.21,2.50,0.00,0.00988,1500.0,1.224,0.00000,0,0.006193,0.000790,0.270,0.997,1.218,4.0773,0.9891,0.2349,-0.000000,-0.030000,-0.001921,0.000000,0.000097,0.009884,0.012120,0.0000,1.0000,0.028154,1,0,0,0,1.0000,1.0000,0.12539,0.06855,0.1806,0.00000,0.9890,0.0000,0.128,0.00020,1.9228,0.422955,0.422904,,0,
4.1476,scan,force_tracking_v2,1.5341,0.423066,-0.017275,-0.497845,0.001027,1.527878,0.019785,1.089692,1.565127,0.422904,-0.016720,-0.496424,0.000401,1.524161,0.019670,1.090360,1.564513,0.205141,0.023659,0.390725,3.128388,-0.547132,-3.137658,-0.00432,0.01835,-0.00696,0.00053,0.00243,0.00044,-0.00432,0.01835,-0.00696,0.00053,0.00243,0.00044,-0.00393,0.00476,-0.00447,0.00572,-0.02299,0.00973,0.555,0.1972,0.00001,0,0,0,0,0.255,1.144,0.982,1.1759,141.29,173.21,2.35,0.00,0.00839,1500.0,1.229,0.00000,0,0.006118,0.000836,0.271,0.997,1.219,4.5979,1.0511,0.1778,-0.000000,-0.030000,-0.002887,0.000000,0.000076,0.008392,0.005915,0.0000,1.0000,0.028163,1,0,0,0,1.0000,1.0000,0.12541,0.05797,0.1811,0.00000,0.9890,0.0000,0.123,0.00020,1.9253,0.423066,0.422904,,0,
4.1536,scan,force_tracking_v2,1.5400,0.423174,-0.017300,-0.497973,0.001034,1.528100,0.019811,1.089614,1.565107,0.422904,-0.016720,-0.497000,0.000419,1.525051,0.019652,1.090098,1.564513,0.205035,0.023661,0.390590,3.128411,-0.547185,-3.137668,-0.00361,0.01836,-0.00579,0.00056,0.00235,0.00044,-0.00361,0.01836,-0.00579,0.00056,0.00235,0.00044,-0.01760,0.00031,-0.02252,-0.00334,0.00882,0.00030,0.645,0.1620,0.00001,0,0,0,0,0.262,1.133,1.046,1.1079,148.52,173.21,2.22,0.00,0.00703,1500.0,1.234,0.00000,0,0.005953,0.000817,0.275,1.155,1.415,5.2438,1.1244,0.1093,-0.000000,-0.030000,-0.003942,0.000000,0.000000,0.007032,0.028391,0.0000,1.0000,0.028168,1,0,0,0,1.0000,1.0000,0.12543,0.04901,0.1815,0.00000,0.9889,0.0000,0.117,0.00020,1.9276,0.423174,0.422904,,0,
4.1597,scan,force_tracking_v2,1.5461,0.423286,-0.017327,-0.498081,0.001040,1.528285,0.019837,1.089550,1.565087,0.422904,-0.016703,-0.497262,0.000471,1.525488,0.019687,1.089976,1.564513,0.204986,0.023686,0.390519,3.128403,-0.547237,-3.137585,-0.00298,0.01838,-0.00476,0.00055,0.00227,0.00032,-0.00298,0.01838,-0.00476,0.00055,0.00227,0.00032,-0.00818,0.00423,-0.01174,0.00114,0.00865,0.01312,0.710,0.1497,0.00001,0,0,0,0,0.258,1.112,1.081,1.5533,154.57,173.21,3.11,0.00,0.00582,1500.0,1.239,0.00000,0,0.006136,0.000937,0.186,0.957,1.081,5.3009,1.1606,0.0779,-0.000000,-0.030000,-0.005117,0.000000,0.000000,0.005817,0.014331,0.0000,1.0000,0.028171,1,0,0,0,1.0000,1.0000,0.12544,0.04126,0.1820,0.00000,0.9889,0.0000,0.118,0.00020,1.9298,0.423286,0.423342,,0,
4.1662,scan,force_tracking_v2,1.5527,0.423405,-0.017355,-0.498169,0.001046,1.528438,0.019865,1.089501,1.565066,0.423342,-0.016668,-0.497454,0.000471,1.525662,0.019670,1.089853,1.564478,0.204966,0.024124,0.390519,3.128457,-0.547098,-3.137571,-0.00241,0.01839,-0.00382,0.00062,0.00248,0.00026,-0.00241,0.01839,-0.00382,0.00062,0.00248,0.00026,-0.00296,0.06631,0.00002,-0.00694,-0.02110,0.00635,0.516,0.1503,0.00001,0,0,0,0,0.237,1.086,1.070,2.0204,159.77,173.21,4.04,0.00,0.00472,1500.0,1.244,0.00000,0,0.006516,0.000827,0.063,0.961,0.795,4.4911,1.1374,0.1064,-0.000000,0.023569,-0.005714,0.000000,0.000000,0.004724,0.002251,0.0000,1.0000,0.028174,1,0,0,0,1.0000,1.0000,0.12545,0.03429,0.1826,0.00000,0.9889,0.0000,0.123,0.00021,1.9320,0.423405,0.423342,,0,
4.1721,scan,force_tracking_v2,1.5585,0.423514,-0.017380,-0.498232,0.001051,1.528549,0.019891,1.089469,1.565047,0.423342,-0.016668,-0.497454,0.000471,1.525662,0.019670,1.089853,1.564478,0.204966,0.024124,0.390519,3.128457,-0.547098,-3.137571,-0.00200,0.01841,-0.00315,0.00062,0.00248,0.00026,-0.00200,0.01841,-0.00315,0.00062,0.00248,0.00026,0.00000,0.00000,0.00000,0.00000,0.00000,0.00000,0.579,0.1591,0.00001,0,0,1,0,0.213,1.069,1.045,2.4212,163.57,173.21,4.84,0.00,0.00393,1500.0,1.248,0.00000,0,0.005828,0.000791,0.069,1.014,0.825,3.5699,1.0981,0.1503,-0.000000,0.030000,-0.005753,0.000000,0.000027,0.003931,0.000000,0.0000,1.0000,0.028178,1,0,0,0,1.0000,1.0000,0.12546,0.02983,0.1830,0.00000,0.9889,0.0000,0.111,0.00021,1.9342,0.423514,0.423342,,0,
4.1788,scan,force_tracking_v2,1.5652,0.423636,-0.017410,-0.498285,0.001055,1.528644,0.019921,1.089445,1.565023,0.423342,-0.016720,-0.497890,0.000541,1.526186,0.019670,1.089644,1.564531,0.204900,0.024136,0.390468,3.128444,-0.546977,-3.137586,-0.00160,0.01843,-0.00249,0.00060,0.00266,0.00029,-0.00160,0.01843,-0.00249,0.00060,0.00266,0.00029,-0.01012,0.00183,-0.00782,0.00173,-0.01857,-0.00334,0.665,0.1354,0.00001,0,0,1,0,0.177,1.053,1.062,2.2645,166.90,173.21,4.53,0.00,0.00316,1500.0,1.254,0.00000,0,0.006692,0.000927,-0.011,1.013,1.342,3.4580,1.1140,0.1398,-0.000000,-0.020860,-0.006000,0.000000,0.000017,0.003160,0.011963,0.0000,1.0000,0.028181,1,0,0,0,1.0000,1.0000,0.12547,0.02580,0.1835,0.00000,0.9889,0.0000,0.124,0.00021,1.9362,0.423636,0.423342,,0,
4.1847,scan,force_tracking_v2,1.5711,0.423747,-0.017436,-0.498320,0.001059,1.528708,0.019948,1.089432,1.565002,0.423342,-0.016703,-0.498030,0.000576,1.526395,0.019652,1.089522,1.564531,0.204886,0.024145,0.390446,3.128481,-0.546925,-3.137568,-0.00130,0.01845,-0.00200,0.00065,0.00274,0.00023,-0.00130,0.01845,-0.00200,0.00065,0.00274,0.00023,-0.00223,0.00132,-0.00345,-0.00490,-0.00810,0.00579,0.747,0.1288,0.00001,0,0,1,0,0.135,1.025,1.087,2.1333,169.14,173.21,4.27,0.00,0.00258,1500.0,1.259,0.00000,0,0.005970,0.000487,-0.127,0.809,1.261,3.5345,1.1401,0.1185,-0.000000,-0.030000,-0.006447,0.000000,0.000002,0.002584,0.004121,0.0000,1.0000,0.028182,1,0,0,0,1.0000,1.0000,0.12548,0.02335,0.1840,0.00000,0.9889,0.0000,0.113,0.00021,1.9383,0.423747,0.423342,,0,
4.1912,scan,force_tracking_v2,1.5777,0.423867,-0.017465,-0.498347,0.001063,1.528759,0.019977,1.089426,1.564979,0.423342,-0.016720,-0.498082,0.000593,1.526587,0.019687,1.089487,1.564531,0.204870,0.024154,0.390399,3.128453,-0.547029,-3.137538,-0.00103,0.01847,-0.00156,0.00061,0.00258,0.00021,-0.00103,0.01847,-0.00156,0.00061,0.00258,0.00021,-0.00243,0.00141,-0.00722,0.00363,0.01608,0.00235,0.818,0.1215,0.00001,0,0,0,0,0.096,1.004,1.127,1.9989,170.99,173.21,4.00,0.00,0.00207,1500.0,1.264,0.00000,0,0.006506,0.000573,-0.040,0.952,1.354,3.8304,1.1842,0.0796,-0.000000,-0.030000,-0.007143,0.000000,0.000000,0.002069,0.007441,0.0000,1.0000,0.028183,1,0,0,0,1.0000,1.0000,0.12548,0.02179,0.1845,0.00000,0.9889,0.0000,0.121,0.00021,1.9402,0.423867,0.423742,,0,
4.1980,scan,force_tracking_v2,1.5844,0.423993,-0.017495,-0.498366,0.001066,1.528796,0.020007,1.089426,1.564955,0.423742,-0.016668,-0.498169,0.000646,1.526762,0.019670,1.089382,1.564548,0.204863,0.024575,0.390375,3.128482,-0.547013,-3.137475,-0.00081,0.01849,-0.00119,0.00065,0.00261,0.00009,-0.00081,0.01849,-0.00119,0.00065,0.00261,0.00009,-0.00109,0.06540,-0.00371,-0.00378,-0.00261,0.01219,0.595,0.1145,0.00001,0,0,0,0,0.066,1.013,1.179,1.8676,172.41,173.21,3.74,0.00,0.00164,1500.0,1.269,0.00000,0,0.006794,0.000879,-0.002,1.190,1.433,4.2875,1.2429,0.0263,-0.000000,-0.030000,-0.008039,0.000000,0.000000,0.001637,0.004454,0.0000,1.0000,0.028184,1,0,0,0,1.0000,1.0000,0.12548,0.02075,0.1849,0.00000,0.9889,0.0000,0.126,0.00021,1.9421,0.423993,0.423742,,0,
4.2042,scan,force_tracking_v2,1.5906,0.424107,-0.017523,-0.498377,0.001068,1.528818,0.020036,1.089430,1.564933,0.423742,-0.016703,-0.498222,0.000611,1.527023,0.019670,1.089295,1.564531,0.204852,0.024558,0.390313,3.128476,-0.547134,-3.137530,-0.00064,0.01852,-0.00092,0.00064,0.00242,0.00018,-0.00064,0.01852,-0.00092,0.00064,0.00242,0.00018,-0.00182,-0.00273,-0.00983,0.00073,0.01931,-0.00920,0.674,0.1015,0.00001,0,0,1,0,0.036,0.999,1.208,1.7565,173.34,173.21,3.51,0.00,0.00132,1500.0,1.274,0.00000,0,0.006132,0.000684,-0.123,0.809,1.251,4.3341,1.2725,0.0016,-0.000000,-0.030000,-0.008937,0.000000,0.000000,0.001323,0.009314,0.0000,1.0000,0.028184,1,0,0,0,1.0000,1.0000,0.12549,0.02040,0.1854,0.00000,0.9889,0.0000,0.114,0.00021,1.9441,0.424107,0.423742,,0,
4.2102,scan,force_tracking_v2,1.5966,0.424219,-0.017550,-0.498383,0.001070,1.528833,0.020064,1.089435,1.564910,0.423742,-0.016720,-0.498274,0.000646,1.527163,0.019670,1.089330,1.564531,0.204827,0.024564,0.390273,3.128493,-0.547257,-3.137525,-0.00051,0.01854,-0.00071,0.00066,0.00224,0.00016,-0.00051,0.01854,-0.00071,0.00066,0.00224,0.00016,-0.00439,0.00100,-0.00714,-0.00268,0.02177,0.00244,0.756,0.0948,0.00001,0,0,0,0,0.015,0.985,1.224,2.0161,174.18,173.21,4.03,0.00,0.00107,1500.0,1.279,0.00000,0,0.006026,0.001084,-0.040,0.922,1.232,4.1571,1.2861,-0.0071,-0.000000,-0.025174,-0.009827,0.000000,0.000000,0.001073,0.008394,0.0000,1.0000,0.028184,1,0,0,0,1.0000,1.0000,0.12549,0.02024,0.1858,0.00000,0.9889,0.0000,0.112,0.00021,1.9458,0.424219,0.424183,,0,
4.2166,scan,force_tracking_v2,1.6030,0.424339,-0.017578,-0.498385,0.001071,1.528841,0.020095,1.089445,1.564884,0.424183,-0.016755,-0.498274,0.000646,1.527215,0.019652,1.089260,1.564531,0.204836,0.024993,0.390266,3.128510,-0.547240,-3.137579,-0.00040,0.01856,-0.00052,0.00069,0.00226,0.00023,-0.00040,0.01856,-0.00052,0.00069,0.00226,0.00023,0.00135,0.06508,-0.00105,-0.00220,-0.00262,-0.00683,0.525,0.0927,0.00001,0,0,0,0,0.010,0.986,1.243,2.2555,174.98,173.21,4.51,0.00,0.00086,1500.0,1.284,0.00000,0,0.006432,0.000921,0.072,1.063,1.335,4.0241,1.3033,-0.0192,-0.000000,-0.030000,-0.010839,0.000000,0.000000,0.000857,0.000908,0.0000,1.0000,0.028184,1,0,0,0,1.0000,1.0000,0.12549,0.02024,0.1862,0.00000,0.9889,0.0000,0.119,0.00021,1.9475,0.424339,0.424183,,0,
4.2228,scan,force_tracking_v2,1.6092,0.424454,-0.017606,-0.498384,0.001071,1.528842,0.020125,1.089456,1.564859,0.424183,-0.016790,-0.498326,0.000681,1.527303,0.019670,1.089260,1.564531,0.204822,0.024999,0.390249,3.128511,-0.547275,-3.137575,-0.00031,0.01858,-0.00038,0.00069,0.00221,0.00022,-0.00031,0.01858,-0.00038,0.00069,0.00221,0.00022,-0.00233,0.00096,-0.00290,-0.00019,0.00570,0.00077,0.597,0.0881,0.00001,0,0,0,0,0.006,0.991,1.268,2.1207,175.52,173.21,4.24,0.00,0.00069,1500.0,1.289,0.00000,0,0.006162,0.000936,-0.015,1.035,1.423,4.0357,1.3289,-0.0399,-0.000000,-0.030000,-0.011835,0.000000,0.000000,0.000690,0.003703,0.0000,1.0000,0.028183,1,0,0,0,1.0000,1.0000,0.12549,0.02029,0.1866,0.00000,0.9889,0.0000,0.114,0.00021,1.9491,0.424454,0.424183,,0,
4.2295,scan,force_tracking_v2,1.6159,0.424580,-0.017636,-0.498379,0.001071,1.528838,0.020157,1.089471,1.564832,0.424183,-0.016755,-0.498344,0.000681,1.527355,0.019670,1.089243,1.564548,0.204818,0.025007,0.390238,3.128493,-0.547292,-3.137540,-0.00024,0.01860,-0.00025,0.00066,0.00219,0.00018,-0.00024,0.01860,-0.00025,0.00066,0.00219,0.00018,-0.00050,0.00128,-0.00163,0.00229,0.00261,0.00380,0.671,0.0852,0.00001,0,0,0,0,-0.007,0.995,1.310,1.9830,175.91,173.21,3.97,0.00,0.00054,1500.0,1.294,0.00000,0,0.006712,0.000934,-0.094,1.011,1.541,4.2943,1.3745,-0.0801,-0.000000,-0.030000,-0.012939,0.000000,0.000000,0.000545,0.001669,0.0000,1.0000,0.028183,1,0,0,0,1.0000,1.0000,0.12549,0.02039,0.1870,0.00000,0.9889,0.0000,0.125,0.00021,1.9507,0.424580,0.424183,,0,
4.2354,scan,force_tracking_v2,1.6218,0.424695,-0.017663,-0.498373,0.001071,1.528831,0.020187,1.089485,1.564807,0.424183,-0.016790,-0.498361,0.000733,1.527425,0.019652,1.089190,1.564531,0.204820,0.025008,0.390226,3.128557,-0.547293,-3.137563,-0.00018,0.01862,-0.00017,0.00075,0.00219,0.00017,-0.00018,0.01862,-0.00017,0.00075,0.00219,0.00017,0.00029,0.00008,-0.00189,-0.00875,0.00008,0.00165,0.764,0.0810,0.00001,0,0,1,0,-0.009,1.013,1.347,1.8688,176.13,173.21,3.74,0.00,0.00044,1500.0,1.299,0.00000,0,0.005934,0.000638,0.035,1.178,1.524,4.4894,1.4139,-0.1147,-0.000000,-0.030000,-0.013905,0.000000,-0.000001,0.000441,0.001462,0.0000,1.0000,0.028183,1,0,0,0,1.0000,1.0000,0.12549,0.02053,0.1874,0.00000,0.9889,0.0000,0.114,0.00021,1.9523,0.424695,0.424183,,0,
4.2418,scan,force_tracking_v2,1.6282,0.424815,-0.017691,-0.498365,0.001070,1.528821,0.020218,1.089501,1.564780,0.424183,-0.016755,-0.498361,0.000716,1.527477,0.019670,1.089208,1.564548,0.204813,0.025016,0.390206,3.128510,-0.547362,-3.137519,-0.00013,0.01864,-0.00007,0.00069,0.00208,0.00014,-0.00013,0.01864,-0.00007,0.00069,0.00208,0.00014,-0.00119,0.00139,-0.00327,0.00654,0.01162,0.00330,0.849,0.0776,0.00001,0,0,0,0,-0.010,1.021,1.377,1.7530,176.26,173.21,3.51,0.00,0.00033,1500.0,1.304,0.00000,0,0.006394,0.001076,-0.004,0.999,1.469,4.5267,1.4452,-0.1410,-0.000000,-0.030000,-0.014933,0.000000,-0.000017,0.000335,0.003432,0.0000,1.0000,0.028183,1,0,0,0,1.0000,1.0000,0.12549,0.02063,0.1878,0.00000,0.9889,0.0000,0.119,0.00020,1.9537,0.424815,0.424638,,0,
4.2480,scan,force_tracking_v2,1.6345,0.424932,-0.017720,-0.498354,0.001069,1.528806,0.020249,1.089518,1.564754,0.424638,-0.016773,-0.498326,0.000785,1.527477,0.019670,1.089190,1.564548,0.204821,0.025486,0.390202,3.128549,-0.547380,-3.137495,-0.00007,0.01866,0.00001,0.00074,0.00205,0.00007,-0.00007,0.01866,0.00001,0.00074,0.00205,0.00007,0.00130,0.07175,-0.00072,-0.00502,0.00275,0.00666,0.562,0.0770,0.00001,0,0,0,0,-0.016,1.024,1.400,1.6473,176.31,173.21,3.29,0.00,0.00023,1500.0,1.309,0.00000,0,0.006220,0.000745,-0.080,1.017,1.468,4.4324,1.4667,-0.1574,-0.000000,-0.030000,-0.015908,0.000000,-0.000039,0.000230,0.000723,0.0000,1.0000,0.028182,1,0,0,0,1.0000,1.0000,0.12549,0.02078,0.1882,0.00000,0.9889,0.0000,0.116,0.00020,1.9551,0.424932,0.424638,,0,
4.2539,scan,force_tracking_v2,1.6403,0.425041,-0.017746,-0.498342,0.001067,1.528788,0.020278,1.089536,1.564729,0.424638,-0.016790,-0.498414,0.000838,1.527547,0.019652,1.089190,1.564531,0.204803,0.025490,0.390196,3.128614,-0.547364,-3.137500,-0.00000,0.01868,0.00013,0.00082,0.00208,0.00003,-0.00000,0.01868,0.00013,0.00082,0.00208,0.00003,-0.00313,0.00076,-0.00089,-0.00945,-0.00287,0.00489,0.651,0.0722,0.00001,0,0,0,0,-0.021,1.043,1.436,1.5543,176.31,173.21,3.11,0.00,0.00009,1500.0,1.314,0.00000,0,0.005814,0.000714,-0.028,1.226,1.698,4.6063,1.5048,-0.1909,-0.000000,-0.030000,-0.016788,0.000000,-0.000093,0.000094,0.002397,0.0000,1.0000,0.028182,1,0,0,0,1.0000,1.0000,0.12549,0.02104,0.1885,0.00000,0.9889,0.0000,0.109,0.00020,1.9564,0.425041,0.424638,,0,
4.2601,scan,force_tracking_v2,1.6465,0.425158,-0.017774,-0.498327,0.001065,1.528766,0.020309,1.089557,1.564702,0.424638,-0.016825,-0.498396,0.000803,1.527547,0.019687,1.089190,1.564531,0.204806,0.025482,0.390193,3.128559,-0.547380,-3.137519,0.00005,0.01870,0.00021,0.00075,0.00205,0.00010,0.00005,0.01870,0.00021,0.00075,0.00205,0.00010,0.00045,-0.00130,-0.00056,0.00780,0.00278,-0.00792,0.743,0.0711,0.00001,0,0,0,0,-0.032,1.064,1.467,1.4608,176.27,173.21,2.92,0.00,-0.00000,1500.0,1.319,0.00000,0,0.006200,0.000932,-0.118,1.167,1.571,4.6516,1.5366,-0.2177,-0.000000,-0.030000,-0.017695,0.000000,-0.000075,-0.000000,0.000234,0.0000,1.0000,0.028182,1,0,0,0,1.0000,1.0000,0.12549,0.02126,0.1888,0.00000,0.9889,0.0000,0.116,0.00020,1.9577,0.425158,0.424957,,0,
4.2663,scan,force_tracking_v2,1.6527,0.425277,-0.017803,-0.498310,0.001062,1.528740,0.020340,1.089579,1.564675,0.424957,-0.016790,-0.498344,0.000855,1.527530,0.019670,1.089190,1.564531,0.204815,0.025817,0.390188,3.128605,-0.547416,-3.137471,0.00010,0.01872,0.00030,0.00081,0.00200,-0.00001,0.00010,0.01872,0.00030,0.00081,0.00200,-0.00001,0.00145,0.05322,-0.00082,-0.00626,0.00566,0.01144,0.565,0.0708,0.00001,0,0,0,0,-0.045,1.085,1.495,1.3724,176.20,173.21,2.74,0.00,-0.00010,1500.0,1.324,0.00000,0,0.006245,0.000851,-0.119,1.177,1.601,4.6277,1.5639,-0.2401,-0.000000,-0.030000,-0.018569,0.000000,-0.000101,-0.000101,0.000527,0.0000,1.0000,0.028182,1,0,0,0,1.0000,1.0000,0.12548,0.02144,0.1892,0.00000,0.9889,0.0000,0.117,0.00020,1.9589,0.425277,0.424957,,0,
4.2718,scan,force_tracking_v2,1.6583,0.425385,-0.017828,-0.498293,0.001059,1.528714,0.020369,1.089599,1.564650,0.424957,-0.016825,-0.498361,0.000838,1.527565,0.019652,1.089173,1.564531,0.204813,0.025801,0.390182,3.128612,-0.547416,-3.137535,0.00014,0.01874,0.00037,0.00082,0.00200,0.00008,0.00014,0.01874,0.00037,0.00082,0.00200,0.00008,-0.00036,-0.00271,-0.00092,-0.00112,0.00001,-0.01037,0.664,0.0674,0.00001,0,0,1,0,-0.057,1.101,1.515,1.2983,176.12,173.21,2.60,0.00,-0.00019,1500.0,1.328,0.00000,0,0.005550,0.000680,-0.119,1.177,1.601,4.5402,1.5834,-0.2551,-0.000000,-0.030000,-0.019308,0.000000,-0.000106,-0.000189,0.000942,0.0000,1.0000,0.028183,1,0,0,0,1.0000,1.0000,0.12548,0.02172,0.1895,0.00000,0.9889,0.0000,0.108,0.00020,1.9601,0.425385,0.424957,,0,
4.2783,scan,force_tracking_v2,1.6647,0.425507,-0.017857,-0.498271,0.001055,1.528681,0.020402,1.089624,1.564620,0.424957,-0.016842,-0.498361,0.000855,1.527617,0.019652,1.089190,1.564548,0.204806,0.025804,0.390163,3.128603,-0.547486,-3.137541,0.00020,0.01875,0.00047,0.00081,0.00190,0.00010,0.00020,0.01875,0.00047,0.00081,0.00190,0.00010,-0.00107,0.00035,-0.00298,0.00113,0.01057,-0.00165,0.745,0.0629,0.00001,0,0,1,0,-0.062,1.130,1.546,1.2177,176.01,173.21,2.44,0.00,-0.00030,1500.0,1.333,0.00000,0,0.006405,0.000476,-0.038,1.301,1.712,4.5724,1.6148,-0.2814,-0.000000,-0.030000,-0.020121,0.000000,-0.000151,-0.000302,0.003104,0.0000,1.0000,0.028183,1,0,0,0,1.0000,1.0000,0.12548,0.02197,0.1898,0.00000,0.9889,0.0000,0.120,0.00020,1.9611,0.425507,0.424957,,0,
4.2846,scan,force_tracking_v2,1.6710,0.425628,-0.017885,-0.498246,0.001051,1.528642,0.020436,1.089651,1.564590,0.424957,-0.016895,-0.498414,0.000838,1.527565,0.019687,1.089190,1.564548,0.204802,0.025797,0.390191,3.128561,-0.547381,-3.137569,0.00026,0.01877,0.00057,0.00075,0.00205,0.00017,0.00026,0.01877,0.00057,0.00075,0.00205,0.00017,-0.00063,-0.00115,0.00467,0.00609,-0.01755,-0.00828,0.866,0.0640,0.00001,0,0,0,0,-0.063,1.152,1.575,1.1427,175.90,173.21,2.29,0.00,-0.00042,1500.0,1.338,0.00000,0,0.006361,0.000811,-0.050,1.210,1.697,4.5736,1.6440,-0.3055,-0.000000,-0.030000,-0.020883,0.000000,-0.000177,-0.000418,-0.003667,0.0000,1.0000,0.028184,1,0,0,0,1.0000,1.0000,0.12548,0.02244,0.1901,0.00000,0.9889,0.0000,0.119,0.00020,1.9622,0.425628,0.425492,,0,
4.2913,scan,force_tracking_v2,1.6778,0.425756,-0.017916,-0.498217,0.001046,1.528596,0.020472,1.089682,1.564557,0.425492,-0.016895,-0.498396,0.000925,1.527565,0.019652,1.089173,1.564548,0.204808,0.026346,0.390189,3.128644,-0.547382,-3.137554,0.00034,0.01879,0.00069,0.00086,0.00205,0.00009,0.00034,0.01879,0.00069,0.00086,0.00205,0.00009,0.00092,0.08722,-0.00021,-0.01134,0.00019,0.00927,0.524,0.0618,0.00001,0,0,0,0,-0.051,1.193,1.613,1.0683,175.76,173.21,2.14,0.00,-0.00056,1500.0,1.344,0.00000,0,0.006732,0.001262,0.060,1.440,1.795,4.6931,1.6833,-0.3394,-0.000000,-0.030000,-0.021639,0.000000,-0.000227,-0.000557,0.000644,0.0000,1.0000,0.028185,1,0,0,0,1.0000,1.0000,0.12548,0.02287,0.1905,0.00000,0.9889,0.0000,0.127,0.00020,1.9633,0.425756,0.425492,,0,
4.2978,scan,force_tracking_v2,1.6843,0.425880,-0.017945,-0.498186,0.001040,1.528548,0.020506,1.089713,1.564526,0.425492,-0.016860,-0.498344,0.000838,1.527652,0.019670,1.089173,1.564548,0.204809,0.026335,0.390150,3.128575,-0.547521,-3.137550,0.00041,0.01881,0.00081,0.00077,0.00184,0.00013,0.00041,0.01881,0.00081,0.00077,0.00184,0.00013,0.00047,-0.00412,-0.01494,0.02258,0.05310,-0.01256,0.604,0.0605,0.00001,0,0,0,0,-0.034,1.236,1.648,1.0012,175.64,173.21,2.00,0.00,-0.00070,1500.0,1.349,0.00000,0,0.006484,0.005115,0.060,1.439,1.795,4.7736,1.7195,-0.3704,-0.000000,-0.030000,-0.022320,0.000000,-0.000256,-0.000699,0.012467,0.0000,1.0000,0.028187,1,0,0,0,1.0000,1.0000,0.12547,0.02318,0.1908,0.00000,0.9889,0.0000,0.122,0.00019,1.9644,0.425880,0.425492,,0,
4.3038,scan,force_tracking_v2,1.6902,0.425994,-0.017972,-0.498155,0.001035,1.528498,0.020538,1.089744,1.564497,0.425492,-0.016842,-0.498361,0.000908,1.527617,0.019670,1.089138,1.564531,0.204815,0.026355,0.390170,3.128633,-0.547434,-3.137493,0.00048,0.01882,0.00092,0.00084,0.00197,0.00000,0.00048,0.01882,0.00092,0.00084,0.00197,0.00000,0.00062,0.00188,0.00191,-0.00473,-0.00832,0.00837,0.688,0.0632,0.00001,0,0,0,0,-0.024,1.261,1.674,0.9431,175.52,173.18,1.89,0.00,-0.00083,1500.0,1.354,-0.00000,0,0.005982,0.000690,-0.002,1.307,1.762,4.7235,1.7445,-0.3906,-0.000000,-0.030000,-0.022906,-0.000000,-0.000260,-0.000827,-0.001935,0.0000,1.0000,0.028189,1,0,0,0,1.0000,1.0000,0.12547,0.02369,0.1911,0.00000,0.9889,0.0000,0.113,0.00019,1.9654,0.425994,0.425492,,0,
4.3099,scan,force_tracking_v2,1.6964,0.426111,-0.018000,-0.498120,0.001029,1.528441,0.020572,1.089778,1.564466,0.425492,-0.016965,-0.498396,0.000925,1.527565,0.019670,1.089173,1.564548,0.204808,0.026336,0.390190,3.128627,-0.547382,-3.137606,0.00054,0.01884,0.00103,0.00084,0.00205,0.00018,0.00054,0.01884,0.00103,0.00084,0.00205,0.00018,-0.00126,-0.00317,0.00317,0.00088,-0.00866,-0.01916,0.810,0.0577,0.00001,0,0,0,0,-0.023,1.297,1.699,0.8870,175.38,173.13,1.77,0.00,-0.00095,1500.0,1.359,-0.00000,0,0.006135,0.000813,-0.068,1.514,1.809,4.6578,1.7688,-0.4100,-0.000000,-0.030000,-0.023468,-0.000001,-0.000287,-0.000954,-0.002090,0.0000,1.0000,0.028191,1,0,0,0,1.0000,1.0000,0.12547,0.02434,0.1913,0.00000,0.9889,0.0000,0.116,0.00019,1.9663,0.426111,0.426142,,0,
4.3163,scan,force_tracking_v2,1.7028,0.426233,-0.018029,-0.498080,0.001022,1.528378,0.020607,1.089816,1.564434,0.426142,-0.016965,-0.498396,0.000925,1.527565,0.019670,1.089173,1.564548,0.204808,0.026986,0.390190,3.128627,-0.547382,-3.137606,0.00061,0.01885,0.00114,0.00084,0.00205,0.00018,0.00061,0.01885,0.00114,0.00084,0.00205,0.00018,0.00000,0.10240,0.00000,0.00000,0.00000,0.00000,0.441,0.0593,0.00001,0,0,0,0,-0.012,1.352,1.726,0.8321,175.24,173.06,1.66,0.00,-0.00108,1500.0,1.364,-0.00000,0,0.006380,0.000816,0.085,1.676,1.848,4.6109,1.7951,-0.4313,-0.000000,-0.030000,-0.024012,-0.000002,-0.000322,-0.001084,0.001115,0.0000,1.0000,0.028194,1,0,0,0,1.0000,1.0000,0.12546,0.02486,0.1916,0.00000,0.9889,0.0000,0.120,0.00019,1.9672,0.426233,0.426142,,0,
4.3221,scan,force_tracking_v2,1.7086,0.426346,-0.018055,-0.498042,0.001016,1.528316,0.020639,1.089851,1.564403,0.426142,-0.016982,-0.498396,0.000925,1.527599,0.019652,1.089173,1.564548,0.204805,0.026978,0.390178,3.128644,-0.547417,-3.137641,0.00067,0.01886,0.00123,0.00086,0.00200,0.00022,0.00067,0.01886,0.00123,0.00086,0.00200,0.00022,-0.00042,-0.00121,-0.00183,-0.00230,0.00560,-0.00422,0.499,0.0600,0.00001,0,0,1,0,0.001,1.393,1.748,0.7851,175.09,172.97,1.57,0.00,-0.00120,1500.0,1.369,-0.00000,0,0.005816,0.000396,0.075,1.548,1.837,4.5166,1.8153,-0.4467,-0.000000,-0.030000,-0.024473,-0.000003,-0.000313,-0.001197,0.001768,0.0000,1.0000,0.028197,1,0,0,0,1.0000,1.0000,0.12546,0.02531,0.1919,0.00000,0.9890,0.0000,0.110,0.00019,1.9680,0.426346,0.426142,,0,
4.3284,scan,force_tracking_v2,1.7148,0.426465,-0.018083,-0.497998,0.001008,1.528246,0.020674,1.089891,1.564370,0.426142,-0.016982,-0.498361,0.000908,1.527599,0.019670,1.089138,1.564548,0.204817,0.026978,0.390176,3.128616,-0.547417,-3.137633,0.00072,0.01888,0.00133,0.00082,0.00200,0.00023,0.00072,0.01888,0.00133,0.00082,0.00200,0.00023,0.00200,-0.00009,-0.00033,0.00407,-0.00007,-0.00119,0.563,0.0615,0.00001,0,0,0,0,0.003,1.428,1.762,0.8552,174.99,172.91,1.71,0.00,-0.00130,1500.0,1.374,-0.00000,0,0.006237,0.000796,-0.040,1.541,1.784,4.2771,1.8264,-0.4529,-0.000000,-0.030000,-0.024933,-0.000005,-0.000340,-0.001302,-0.000761,0.0000,1.0000,0.028201,1,0,0,0,1.0000,1.0000,0.12546,0.02576,0.1921,0.00000,0.9890,0.0000,0.118,0.00018,1.9688,0.426465,0.426142,,0,
4.3342,scan,force_tracking_v2,1.7206,0.426577,-0.018109,-0.497957,0.001001,1.528179,0.020707,1.089929,1.564339,0.426142,-0.017017,-0.498361,0.000925,1.527565,0.019670,1.089173,1.564531,0.204813,0.026974,0.390182,3.128643,-0.547417,-3.137658,0.00077,0.01889,0.00139,0.00086,0.00200,0.00024,0.00077,0.01889,0.00139,0.00086,0.00200,0.00024,-0.00064,-0.00070,0.00106,-0.00403,0.00001,-0.00169,0.659,0.0611,0.00001,0,0,0,0,0.013,1.462,1.772,0.9123,174.93,172.88,1.82,0.00,-0.00138,1500.0,1.378,-0.00000,0,0.005777,0.000706,0.112,1.637,1.799,4.0121,1.8323,-0.4541,-0.000000,-0.021939,-0.025243,-0.000008,-0.000319,-0.001382,-0.000583,0.0000,1.0000,0.028205,1,0,0,0,1.0000,1.0000,0.12545,0.02614,0.1923,0.00000,0.9890,0.0000,0.109,0.00018,1.9695,0.426577,0.426480,,0,
4.3404,scan,force_tracking_v2,1.7268,0.426697,-0.018136,-0.497911,0.000992,1.528105,0.020743,1.089970,1.564305,0.426480,-0.017052,-0.498361,0.000960,1.527599,0.019670,1.089190,1.564583,0.204807,0.027317,0.390168,3.128610,-0.547469,-3.137671,0.00080,0.01890,0.00144,0.00081,0.00192,0.00029,0.00080,0.01890,0.00144,0.00081,0.00192,0.00029,-0.00088,0.05226,-0.00213,0.00437,0.00804,-0.00475,0.491,0.0605,0.00001,0,0,0,0,0.021,1.487,1.774,0.9693,174.90,172.87,1.94,0.00,-0.00144,1500.0,1.383,-0.00000,0,0.006259,0.000410,0.035,1.539,1.734,3.5947,1.8276,-0.4445,-0.000000,-0.000414,-0.025202,-0.000010,-0.000332,-0.001442,0.002850,0.0000,1.0000,0.028209,1,0,0,0,1.0000,1.0000,0.12545,0.02636,0.1926,0.00000,0.9890,0.0000,0.119,0.00018,1.9702,0.426697,0.426480,,0,
4.3467,scan,force_tracking_v2,1.7331,0.426818,-0.018164,-0.497863,0.000983,1.528028,0.020779,1.090013,1.564270,0.426480,-0.017087,-0.498396,0.000960,1.527565,0.019670,1.089173,1.564531,0.204808,0.027305,0.390189,3.128664,-0.547382,-3.137707,0.00082,0.01891,0.00148,0.00088,0.00205,0.00030,0.00082,0.01891,0.00148,0.00088,0.00205,0.00030,0.00010,-0.00192,0.00357,-0.00778,-0.01479,-0.00134,0.586,0.0615,0.00001,0,0,0,0,0.016,1.495,1.775,1.0199,174.98,173.21,2.04,0.00,-0.00148,1500.0,1.388,-0.00000,0,0.006271,0.000777,-0.071,1.444,1.779,3.2172,1.8233,-0.4351,-0.000000,-0.005728,-0.024927,-0.000010,-0.000321,-0.001479,-0.003122,0.0000,1.0000,0.028213,1,0,0,0,1.0000,1.0000,0.12544,0.02672,0.1928,0.00000,0.9890,0.0000,0.119,0.00018,1.9709,0.426818,0.426480,,0,
4.3529,scan,force_tracking_v2,1.7393,0.426938,-0.018192,-0.497816,0.000974,1.527951,0.020815,1.090056,1.564235,0.426480,-0.017104,-0.498414,0.000995,1.527599,0.019670,1.089173,1.564531,0.204803,0.027311,0.390182,3.128683,-0.547400,-3.137704,0.00083,0.01893,0.00149,0.00091,0.00203,0.00028,0.00083,0.01893,0.00149,0.00091,0.00203,0.00028,-0.00086,0.00087,-0.00130,-0.00271,0.00292,0.00217,0.671,0.0636,0.00001,0,0,0,0,0.013,1.510,1.776,1.0644,175.06,173.21,2.13,0.00,-0.00150,1500.0,1.393,-0.00000,0,0.006214,0.000921,0.010,1.614,1.780,2.8813,1.8193,-0.4262,-0.000000,-0.000657,-0.024415,-0.000010,-0.000309,-0.001498,0.001570,0.0000,1.0000,0.028217,1,0,0,0,1.0000,1.0000,0.12544,0.02681,0.1930,0.00000,0.9890,0.0000,0.118,0.00017,1.9716,0.426938,0.426480,,0,
4.3604,scan,force_tracking_v2,1.7468,0.427075,-0.018225,-0.497759,0.000962,1.527859,0.020860,1.090107,1.564191,0.426480,-0.017157,-0.498396,0.000995,1.527617,0.019670,1.089173,1.564531,0.204804,0.027300,0.390172,3.128682,-0.547435,-3.137756,0.00083,0.01894,0.00150,0.00091,0.00197,0.00036,0.00083,0.01894,0.00150,0.00091,0.00197,0.00036,0.00018,-0.00147,-0.00127,0.00008,0.00478,-0.00717,0.774,0.0656,0.00001,0,0,1,0,0.006,1.517,1.779,1.1113,175.15,173.21,2.22,0.00,-0.00151,1500.0,1.399,-0.00000,0,0.007454,0.001137,-0.026,1.510,1.791,2.5468,1.8168,-0.4177,-0.000000,-0.003145,-0.023581,-0.000010,-0.000351,-0.001505,0.000973,0.0000,1.0000,0.028221,1,0,0,0,1.0000,1.0000,0.12543,0.02688,0.1933,0.00000,0.9890,0.0000,0.134,0.00017,1.9722,0.427075,0.426979,,0,
4.3671,scan,force_tracking_v2,1.7535,0.427205,-0.018255,-0.497708,0.000950,1.527776,0.020901,1.090153,1.564150,0.426979,-0.017174,-0.498344,0.000925,1.527617,0.019652,1.089138,1.564531,0.204818,0.027774,0.390167,3.128660,-0.547452,-3.137833,0.00083,0.01895,0.00150,0.00088,0.00195,0.00049,0.00083,0.01895,0.00150,0.00088,0.00195,0.00049,0.00214,0.07151,-0.00083,0.00288,0.00258,-0.01332,0.507,0.0692,0.00001,0,0,0,0,-0.010,1.512,1.780,1.1481,175.24,173.21,2.30,0.00,-0.00150,1500.0,1.404,-0.00000,0,0.006758,0.001197,-0.119,1.434,1.784,2.2701,1.8142,-0.4097,-0.000000,-0.002538,-0.022697,-0.000010,-0.000313,-0.001500,0.000380,0.0000,1.0000,0.028225,1,0,0,0,1.0000,1.0000,0.12543,0.02693,0.1935,0.00000,0.9890,0.0000,0.129,0.00017,1.9729,0.427205,0.426979,,0,
4.3729,scan,force_tracking_v2,1.7594,0.427326,-0.018280,-0.497664,0.000939,1.527704,0.020937,1.090192,1.564115,0.426979,-0.017226,-0.498344,0.000977,1.527599,0.019652,1.089138,1.564531,0.204820,0.027777,0.390172,3.128689,-0.547435,-3.137854,0.00082,0.01896,0.00149,0.00092,0.00197,0.00050,0.00082,0.01896,0.00149,0.00092,0.00197,0.00050,0.00022,0.00039,0.00089,-0.00404,-0.00271,-0.00101,0.598,0.0715,0.00001,0,0,1,0,-0.022,1.516,1.783,1.1752,175.30,173.21,2.35,0.00,-0.00149,1500.0,1.409,-0.00000,0,0.005818,0.000749,-0.075,1.594,1.805,2.0834,1.8142,-0.4050,-0.000000,-0.006783,-0.021920,-0.000010,-0.000268,-0.001492,-0.000873,0.0000,1.0000,0.028229,1,0,0,0,1.0000,1.0000,0.12542,0.02697,0.1937,0.00000,0.9890,0.0000,0.119,0.00017,1.9735,0.427326,0.426979,,0,
4.3795,scan,force_tracking_v2,1.7659,0.427453,-0.018309,-0.497615,0.000927,1.527625,0.020977,1.090236,1.564075,0.426979,-0.017244,-0.498291,0.000977,1.527547,0.019687,1.089190,1.564531,0.204822,0.027781,0.390171,3.128654,-0.547487,-3.137834,0.00081,0.01897,0.00147,0.00087,0.00189,0.00050,0.00081,0.01897,0.00147,0.00087,0.00189,0.00050,0.00036,0.00072,-0.00019,0.00479,0.00820,0.00022,0.680,0.0716,0.00001,0,0,0,0,-0.031,1.533,1.780,1.2040,175.37,173.21,2.41,0.00,-0.00147,1500.0,1.414,-0.00000,0,0.006572,0.000999,-0.048,1.665,1.741,1.7910,1.8070,-0.3926,-0.000000,0.005310,-0.020860,-0.000010,-0.000285,-0.001469,-0.000016,0.0000,1.0000,0.028233,1,0,0,0,1.0000,1.0000,0.12542,0.02681,0.1939,0.00000,0.9890,0.0000,0.125,0.00016,1.9740,0.427453,0.426979,,0,
4.3853,scan,force_tracking_v2,1.7717,0.427571,-0.018334,-0.497572,0.000915,1.527555,0.021013,1.090275,1.564038,0.426979,-0.017314,-0.498274,0.000977,1.527495,0.019687,1.089138,1.564531,0.204838,0.027767,0.390192,3.128655,-0.547399,-3.137906,0.00080,0.01898,0.00145,0.00087,0.00203,0.00060,0.00080,0.01898,0.00145,0.00087,0.00203,0.00060,0.00271,-0.00244,0.00356,-0.00015,-0.01461,-0.01181,0.800,0.0739,0.00001,0,0,1,0,-0.040,1.550,1.781,1.2254,175.43,173.21,2.45,0.00,-0.00145,1500.0,1.419,-0.00000,0,0.005778,0.000822,-0.093,1.645,1.810,1.6287,1.8058,-0.3868,-0.000000,-0.007204,-0.019971,-0.000010,-0.000248,-0.001448,-0.004478,0.0000,1.0000,0.028236,1,0,0,0,1.0000,1.0000,0.12541,0.02696,0.1941,0.00000,0.9890,0.0000,0.115,0.00016,1.9745,0.427571,0.427420,,0,
4.3914,scan,force_tracking_v2,1.7779,0.427691,-0.018360,-0.497527,0.000903,1.527482,0.021052,1.090316,1.563998,0.427420,-0.017314,-0.498204,0.000977,1.527460,0.019670,1.089173,1.564531,0.204845,0.028203,0.390184,3.128671,-0.547470,-3.137923,0.00079,0.01899,0.00144,0.00089,0.00192,0.00062,0.00079,0.01899,0.00144,0.00089,0.00192,0.00062,0.00101,0.06620,-0.00123,-0.00214,0.01063,-0.00128,0.527,0.0770,0.00001,0,0,0,0,-0.048,1.567,1.787,1.2444,175.49,173.21,2.49,0.00,-0.00143,1500.0,1.424,-0.00000,0,0.006163,0.000360,-0.072,1.638,1.840,1.5578,1.8108,-0.3868,-0.000000,-0.011023,-0.019109,-0.000010,-0.000263,-0.001428,0.001251,0.0000,1.0000,0.028239,1,0,0,0,1.0000,1.0000,0.12541,0.02681,0.1943,0.00000,0.9890,0.0000,0.117,0.00016,1.9750,0.427691,0.427420,,0,
4.3978,scan,force_tracking_v2,1.7843,0.427815,-0.018388,-0.497480,0.000890,1.527406,0.021092,1.090359,1.563957,0.427420,-0.017349,-0.498204,0.000977,1.527407,0.019740,1.089138,1.564531,0.204855,0.028212,0.390207,3.128603,-0.547381,-3.137887,0.00078,0.01900,0.00142,0.00081,0.00205,0.00062,0.00078,0.01900,0.00142,0.00081,0.00205,0.00062,0.00176,0.00150,0.00378,0.00987,-0.01481,0.00009,0.613,0.0752,0.00001,0,0,0,0,-0.044,1.588,1.789,1.2623,175.54,173.21,2.52,0.00,-0.00141,1500.0,1.429,-0.00000,0,0.006400,0.000846,0.035,1.694,1.768,1.4005,1.8095,-0.3805,-0.000000,-0.006304,-0.018239,-0.000010,-0.000264,-0.001405,-0.004126,0.0000,1.0000,0.028243,1,0,0,0,1.0000,1.0000,0.12541,0.02685,0.1944,0.00000,0.9890,0.0000,0.122,0.00016,1.9754,0.427815,0.427420,,0,
4.4044,scan,force_tracking_v2,1.7908,0.427943,-0.018416,-0.497432,0.000876,1.527329,0.021134,1.090402,1.563914,0.427420,-0.017418,-0.498169,0.000995,1.527373,0.019722,1.089173,1.564531,0.204857,0.028198,0.390206,3.128630,-0.547417,-3.137963,0.00077,0.01901,0.00140,0.00084,0.00200,0.00071,0.00077,0.01901,0.00140,0.00084,0.00200,0.00071,0.00023,-0.00214,-0.00015,-0.00352,0.00540,-0.00961,0.724,0.0785,0.00001,0,0,0,0,-0.047,1.588,1.796,1.2766,175.59,173.21,2.55,0.00,-0.00139,1500.0,1.434,-0.00000,0,0.006554,0.000821,-0.095,1.487,1.859,1.3745,1.8169,-0.3826,-0.000000,-0.014722,-0.017494,-0.000010,-0.000272,-0.001389,-0.000015,0.0000,1.0000,0.028246,1,0,0,0,1.0000,1.0000,0.12540,0.02684,0.1946,0.00000,0.9890,0.0000,0.125,0.00015,1.9758,0.427943,0.427420,,0,
4.4112,scan,force_tracking_v2,1.7977,0.428076,-0.018445,-0.497383,0.000861,1.527249,0.021178,1.090447,1.563869,0.427420,-0.017418,-0.498100,0.000995,1.527285,0.019740,1.089173,1.564531,0.204874,0.028202,0.390220,3.128613,-0.547399,-3.137945,0.00076,0.01902,0.00139,0.00082,0.00203,0.00070,0.00076,0.01902,0.00139,0.00082,0.00203,0.00070,0.00855,0.00190,0.00718,0.00740,-0.00886,0.00454,0.827,0.0799,0.00001,0,0,0,0,-0.057,1.586,1.803,1.2886,175.64,173.21,2.58,0.00,-0.00137,1500.0,1.440,-0.00000,0,0.006833,0.005725,-0.128,1.573,1.821,1.3208,1.8224,-0.3826,-0.000000,-0.022189,-0.016961,-0.000010,-0.000283,-0.001375,-0.010559,0.0000,1.0000,0.028250,1,0,0,0,1.0000,1.0000,0.12540,0.02682,0.1948,0.00000,0.9890,0.0000,0.130,0.00015,1.9762,0.428076,0.427925,,0,
4.4183,scan,force_tracking_v2,1.8048,0.428214,-0.018476,-0.497331,0.000846,1.527166,0.021223,1.090494,1.563822,0.427925,-0.017436,-0.498065,0.000995,1.527268,0.019809,1.089190,1.564531,0.204877,0.028720,0.390216,3.128542,-0.547432,-3.137890,0.00076,0.01903,0.00139,0.00073,0.00198,0.00067,0.00076,0.01903,0.00139,0.00073,0.00198,0.00067,0.00030,0.04407,-0.00032,0.00512,0.00287,0.00160,0.504,0.0784,0.00001,0,0,0,0,-0.059,1.572,1.815,1.2970,175.68,173.21,2.59,0.00,-0.00137,1500.0,1.445,-0.00000,0,0.007116,0.001016,-0.032,1.469,1.888,1.3815,1.8362,-0.3907,-0.000000,-0.021948,-0.016614,-0.000010,-0.000303,-0.001374,0.000607,0.0000,1.0000,0.028254,1,0,0,0,1.0000,1.0000,0.12539,0.02675,0.1950,0.00000,0.9890,0.0000,0.136,0.00015,1.9766,0.428214,0.427925,,0,
4.4242,scan,force_tracking_v2,1.8107,0.428343,-0.018500,-0.497288,0.000833,1.527097,0.021261,1.090534,1.563781,0.427925,-0.017558,-0.498030,0.000977,1.527163,0.019844,1.089138,1.564513,0.204900,0.028697,0.390251,3.128517,-0.547310,-3.137988,0.00077,0.01903,0.00140,0.00070,0.00216,0.00084,0.00077,0.01903,0.00140,0.00070,0.00216,0.00084,0.00377,-0.00381,0.00577,0.00361,-0.02028,-0.01838,0.628,0.0790,0.00001,0,0,1,0,-0.069,1.561,1.825,1.3011,175.71,173.21,2.60,0.00,-0.00138,1500.0,1.450,-0.00000,0,0.005888,0.000846,-0.173,1.518,1.872,1.4143,1.8466,-0.3964,-0.000000,-0.028103,-0.016513,-0.000010,-0.000262,-0.001379,-0.006932,0.0000,1.0000,0.028257,1,0,0,0,1.0000,1.0000,0.12539,0.02709,0.1951,0.00000,0.9890,0.0000,0.126,0.00014,1.9769,0.428343,0.427925,,0,
4.4301,scan,force_tracking_v2,1.8166,0.428461,-0.018526,-0.497244,0.000806,1.527026,0.021308,1.090574,1.563724,0.427925,-0.017593,-0.497977,0.001030,1.527076,0.019844,1.089173,1.564513,0.204908,0.028703,0.390264,3.128546,-0.547310,-3.137992,0.00077,0.01904,0.00140,0.00073,0.00216,0.00082,0.00077,0.01904,0.00140,0.00073,0.00216,0.00082,0.00137,0.00101,0.00214,-0.00432,0.00008,0.00200,0.717,0.0812,0.00001,0,0,0,0,-0.077,1.560,1.830,1.3042,175.73,173.21,2.61,0.00,-0.00138,1500.0,1.455,-0.00000,0,0.005901,0.000888,-0.101,1.606,1.816,1.3409,1.8498,-0.3949,-0.000000,-0.011500,-0.016377,-0.000010,-0.000261,-0.001382,-0.002532,0.0000,1.0000,0.028260,1,0,0,0,1.0000,1.0000,0.12538,0.02901,0.2002,0.00000,0.9890,0.0000,0.113,0.00014,1.9772,0.428461,0.427925,,0,
4.4361,scan,force_tracking_v2,1.8225,0.428577,-0.018551,-0.497200,0.000792,1.526956,0.021346,1.090614,1.563682,0.427925,-0.017593,-0.497960,0.000995,1.527076,0.019844,1.089173,1.564513,0.204911,0.028694,0.390260,3.128526,-0.547327,-3.138012,0.00077,0.01905,0.00140,0.00071,0.00213,0.00086,0.00077,0.01905,0.00140,0.00071,0.00213,0.00086,0.00041,-0.00139,-0.00055,0.00268,0.00270,-0.00484,0.824,0.0838,0.00001,0,0,0,0,-0.083,1.563,1.831,1.3064,175.75,173.21,2.61,0.00,-0.00138,1500.0,1.460,-0.00000,0,0.005965,0.000534,-0.101,1.606,1.816,1.2157,1.8489,-0.3892,-0.000000,-0.001795,-0.016102,-0.000010,-0.000257,-0.001378,0.000243,0.0000,1.0000,0.028263,1,0,0,0,1.0000,1.0000,0.12538,0.02711,0.1953,0.00000,0.9890,0.0000,0.114,0.00014,1.9774,0.428577,0.427925,,0,
4.4425,scan,force_tracking_v2,1.8289,0.428703,-0.018576,-0.497153,0.000811,1.526880,0.021367,1.090658,1.563678,0.427925,-0.017628,-0.497890,0.000977,1.526971,0.019879,1.089190,1.564478,0.204926,0.028687,0.390278,3.128517,-0.547309,-3.138021,0.00076,0.02021,0.00140,0.00070,0.00216,0.00089,0.00076,0.02021,0.00140,0.00070,0.00216,0.00089,0.00255,-0.00108,0.00294,0.00135,-0.00307,-0.00231,0.932,0.0841,0.00001,0,0,0,0,-0.104,1.538,1.831,1.3077,175.76,173.21,2.62,0.00,-0.00137,1500.0,1.465,-0.00000,0,0.006416,0.000978,-0.265,1.290,1.825,1.0769,1.8468,-0.3820,-0.000000,-0.003820,-0.015709,-0.000010,-0.000266,-0.001366,-0.003853,0.0000,1.0000,0.028267,1,0,0,0,1.0000,1.0000,0.12537,0.02564,0.1957,0.00000,0.9891,0.0000,0.130,0.00013,1.9777,0.428703,0.428676,,0,
4.4499,scan,force_tracking_v2,1.8364,0.428845,-0.018607,-0.497099,0.000792,1.526792,0.021416,1.090708,1.563624,0.428676,-0.017698,-0.497820,0.000977,1.526849,0.019932,1.089173,1.564443,0.204949,0.029433,0.390306,3.128501,-0.547238,-3.138037,0.00075,0.01905,0.00137,0.00067,0.00227,0.00092,0.00075,0.01905,0.00137,0.00067,0.00227,0.00092,0.00318,0.10321,0.00392,0.00196,-0.00977,-0.00345,0.420,0.0851,0.00001,0,0,1,0,-0.131,1.511,1.832,1.3077,175.78,173.21,2.62,0.00,-0.00135,1500.0,1.471,-0.00000,0,0.007423,0.001269,-0.232,1.417,1.843,0.9643,1.8467,-0.3759,-0.000000,-0.006524,-0.015206,-0.000010,-0.000295,-0.001348,-0.003845,0.0000,1.0000,0.028271,1,0,0,0,1.0000,1.0000,0.12537,0.02726,0.1957,0.00000,0.9891,0.0000,0.139,0.00014,1.9779,0.428845,0.428676,,0,
4.4591,scan,force_tracking_v2,1.8455,0.429012,-0.018645,-0.497031,0.000770,1.526684,0.021476,1.090771,1.563559,0.428676,-0.017750,-0.497768,0.000977,1.526814,0.019984,1.089190,1.564408,0.204956,0.029432,0.390305,3.128483,-0.547272,-3.138035,0.00076,0.01906,0.00139,0.00065,0.00222,0.00093,0.00076,0.01906,0.00139,0.00065,0.00222,0.00093,0.00083,-0.00016,-0.00020,0.00175,0.00384,-0.00078,0.511,0.0870,0.00001,0,0,1,0,-0.147,1.494,1.858,1.1938,175.72,173.21,2.39,0.00,-0.00137,1500.0,1.478,-0.00000,0,0.009115,0.001459,-0.161,1.485,1.981,1.2666,1.8774,-0.3994,-0.000000,-0.030000,-0.015129,-0.000010,-0.000389,-0.001367,-0.000268,0.0000,1.0000,0.028275,1,0,0,0,1.0000,1.0000,0.12536,0.02728,0.1957,0.00000,0.9891,0.0000,0.163,0.00013,1.9781,0.429012,0.428676,,0,
4.4665,scan,force_tracking_v2,1.8529,0.429162,-0.018676,-0.496975,0.000751,1.526593,0.021527,1.090822,1.563504,0.428676,-0.017750,-0.497785,0.000977,1.526779,0.019932,1.089260,1.564408,0.204943,0.029420,0.390309,3.128536,-0.547291,-3.138088,0.00079,0.01906,0.00143,0.00072,0.00219,0.00097,0.00079,0.01906,0.00143,0.00072,0.00219,0.00097,-0.00506,-0.00469,0.00179,-0.01777,0.00711,-0.01013,0.668,0.0885,0.00001,0,0,1,0,-0.157,1.481,1.887,1.1080,175.64,173.21,2.22,0.00,-0.00142,1500.0,1.484,-0.00000,0,0.007455,0.006382,-0.181,1.432,2.016,1.5978,1.9107,-0.4267,-0.000000,-0.030000,-0.015338,-0.000010,-0.000363,-0.001415,0.001048,0.0000,1.0000,0.028280,1,0,0,0,1.0000,1.0000,0.12536,0.02753,0.1959,0.00000,0.9891,0.0000,0.147,0.00013,1.9783,0.429162,0.429087,,0,
4.4733,scan,force_tracking_v2,1.8598,0.429299,-0.018705,-0.496924,0.000732,1.526510,0.021573,1.090869,1.563454,0.429087,-0.017855,-0.497646,0.000995,1.526692,0.020001,1.089312,1.564321,0.204961,0.029822,0.390302,3.128561,-0.547394,-3.138108,0.00081,0.01907,0.00146,0.00075,0.00203,0.00098,0.00081,0.01907,0.00146,0.00075,0.00203,0.00098,0.00147,0.03266,-0.00062,-0.00176,0.00841,-0.00057,0.449,0.0874,0.00001,0,0,1,0,-0.175,1.461,1.897,1.0350,175.56,173.21,2.07,0.00,-0.00146,1500.0,1.489,-0.00000,0,0.006820,0.000833,-0.286,1.350,1.876,1.5866,1.9208,-0.4313,-0.000000,-0.018681,-0.015534,-0.000010,-0.000341,-0.001455,0.000134,0.0000,1.0000,0.028284,1,0,0,0,1.0000,1.0000,0.12535,0.02758,0.1960,0.00000,0.9891,0.0000,0.133,0.00012,1.9785,0.429299,0.429087,,0,
4.4803,scan,force_tracking_v2,1.8667,0.429435,-0.018733,-0.496870,0.000713,1.526424,0.021621,1.090918,1.563401,0.429087,-0.017942,-0.497628,0.000995,1.526587,0.020036,1.089330,1.564286,0.204969,0.029810,0.390330,3.128562,-0.547324,-3.138160,0.00082,0.01907,0.00149,0.00075,0.00214,0.00106,0.00082,0.01907,0.00149,0.00075,0.00214,0.00106,0.00109,-0.00186,0.00415,-0.00018,-0.01036,-0.00748,0.563,0.0882,0.00001,0,0,0,0,-0.183,1.457,1.902,0.9655,175.45,173.19,1.93,0.00,-0.00148,1500.0,1.495,-0.00000,0,0.006946,0.001005,-0.178,1.498,1.898,1.4768,1.9239,-0.4289,-0.000000,-0.012773,-0.015645,-0.000010,-0.000344,-0.001484,-0.004132,0.0000,1.0000,0.028289,1,0,0,0,1.0000,1.0000,0.12535,0.02789,0.1960,0.00000,0.9891,0.0000,0.133,0.00012,1.9786,0.429435,0.429087,,0,
4.4865,scan,force_tracking_v2,1.8729,0.429559,-0.018759,-0.496822,0.000696,1.526346,0.021663,1.090961,1.563355,0.429087,-0.017942,-0.497628,0.000995,1.526587,0.020036,1.089330,1.564286,0.204969,0.029810,0.390330,3.128562,-0.547324,-3.138160,0.00083,0.01907,0.00150,0.00075,0.00214,0.00106,0.00083,0.01907,0.00150,0.00075,0.00214,0.00106,0.00000,0.00000,0.00000,0.00000,0.00000,0.00000,0.674,0.0910,0.00001,0,0,1,0,-0.198,1.437,1.902,0.9076,175.34,173.15,1.82,0.00,-0.00150,1500.0,1.500,-0.00000,0,0.006186,0.001013,-0.306,1.268,1.881,1.3166,1.9217,-0.4217,-0.000000,-0.000268,-0.015537,-0.000010,-0.000302,-0.001497,0.000000,0.0000,1.0000,0.028293,1,0,0,0,1.0000,1.0000,0.12534,0.02796,0.1961,0.00000,0.9891,0.0000,0.122,0.00012,1.9787,0.429559,0.429087,,0,
4.4928,scan,force_tracking_v2,1.8792,0.429684,-0.018785,-0.496772,0.000678,1.526266,0.021707,1.091006,1.563306,0.429087,-0.017942,-0.497593,0.000977,1.526500,0.020054,1.089400,1.564286,0.204968,0.029809,0.390341,3.128535,-0.547341,-3.138151,0.00084,0.01907,0.00151,0.00072,0.00211,0.00107,0.00084,0.01907,0.00151,0.00072,0.00211,0.00107,-0.00016,-0.00004,0.00177,0.00361,0.00267,-0.00081,0.782,0.0922,0.00001,0,0,0,0,-0.208,1.418,1.912,0.8516,175.22,173.08,1.70,0.00,-0.00151,1500.0,1.505,-0.00000,0,0.006363,0.001069,-0.227,1.331,2.010,1.3553,1.9328,-0.4277,-0.000000,-0.022172,-0.015535,-0.000011,-0.000317,-0.001515,-0.001434,0.0000,1.0000,0.028297,1,0,0,0,1.0000,1.0000,0.12534,0.02802,0.1962,0.00000,0.9891,0.0000,0.122,0.00011,1.9787,0.429684,0.429716,,0,
4.4997,scan,force_tracking_v2,1.8861,0.429818,-0.018813,-0.496716,0.000659,1.526176,0.021754,1.091057,1.563255,0.429716,-0.017994,-0.497558,0.001030,1.526273,0.020124,1.089452,1.564164,0.204981,0.030447,0.390400,3.128621,-0.547201,-3.138101,0.00087,0.01907,0.00156,0.00083,0.00232,0.00092,0.00087,0.01907,0.00156,0.00083,0.00232,0.00092,0.00184,0.09167,0.00854,-0.01040,-0.02020,0.01354,0.407,0.0907,0.00001,0,0,0,0,-0.214,1.392,1.946,0.8698,175.11,173.02,1.74,0.00,-0.00157,1500.0,1.511,-0.00000,0,0.006834,0.000933,-0.216,1.274,2.173,1.7834,1.9727,-0.4622,-0.000000,-0.030000,-0.015744,-0.000013,-0.000380,-0.001572,-0.007225,0.0000,1.0000,0.028302,1,0,0,0,1.0000,1.0000,0.12533,0.02845,0.1963,0.00000,0.9891,0.0000,0.131,0.00011,1.9787,0.429818,0.429716,,0,
4.5071,scan,force_tracking_v2,1.8935,0.429964,-0.018844,-0.496653,0.000638,1.526074,0.021805,1.091113,1.563199,0.429716,-0.018047,-0.497436,0.000995,1.526203,0.020141,1.089504,1.564147,0.204995,0.030430,0.390391,3.128599,-0.547305,-3.138154,0.00093,0.01907,0.00167,0.00080,0.00217,0.00102,0.00093,0.01907,0.00167,0.00080,0.00217,0.00102,0.00199,-0.00242,-0.00139,0.00256,0.01477,-0.00909,0.478,0.0924,0.00001,0,0,0,0,-0.225,1.355,1.998,0.8880,175.02,172.97,1.78,0.00,-0.00169,1500.0,1.516,-0.00000,0,0.007408,0.001292,-0.284,1.183,2.239,2.4636,2.0348,-0.5183,-0.000000,-0.030000,-0.016158,-0.000015,-0.000482,-0.001694,0.000127,0.0000,1.0000,0.028308,1,0,0,0,1.0000,1.0000,0.12533,0.02889,0.1963,0.00000,0.9891,0.0000,0.142,0.00011,1.9787,0.429964,0.429716,,0,
4.5160,scan,force_tracking_v2,1.9024,0.430133,-0.018881,-0.496570,0.000612,1.525939,0.021867,1.091186,1.563132,0.429716,-0.018047,-0.497384,0.000960,1.526116,0.020193,1.089557,1.564059,0.204999,0.030426,0.390401,3.128615,-0.547321,-3.138119,0.00106,0.01907,0.00187,0.00082,0.00214,0.00096,0.00106,0.01907,0.00187,0.00082,0.00214,0.00096,0.00051,-0.00038,0.00107,-0.00139,0.00168,0.00445,0.588,0.0923,0.00001,0,0,1,0,-0.213,1.349,2.074,0.9081,174.93,172.91,1.82,0.00,-0.00193,1500.0,1.524,-0.00000,0,0.008915,0.000646,-0.119,1.421,2.320,3.4083,2.1254,-0.6018,-0.000000,-0.030000,-0.016851,-0.000018,-0.000694,-0.001933,-0.001181,0.0000,1.0000,0.028319,1,0,0,0,1.0000,1.0000,0.12532,0.02993,0.1964,0.00000,0.9891,0.0000,0.165,0.00010,1.9787,0.430133,0.430144,,0,
4.5240,scan,force_tracking_v2,1.9104,0.430291,-0.018914,-0.496488,0.000587,1.525806,0.021924,1.091256,1.563070,0.430144,-0.018169,-0.497314,0.001030,1.525959,0.020176,1.089644,1.564007,0.205006,0.030839,0.390425,3.128724,-0.547322,-3.138218,0.00119,0.01906,0.00209,0.00096,0.00214,0.00102,0.00119,0.01906,0.00209,0.00096,0.00214,0.00102,0.00079,0.05120,0.00298,-0.01163,0.00008,-0.00509,0.420,0.0969,0.00001,0,0,0,0,-0.215,1.335,2.141,0.9224,174.87,172.87,1.84,0.00,-0.00219,1500.0,1.530,-0.00000,0,0.008024,0.000583,-0.258,1.263,2.364,4.1004,2.2026,-0.6726,-0.000000,-0.030000,-0.017567,-0.000021,-0.000734,-0.002192,-0.002381,0.0000,1.0000,0.028330,1,0,0,0,1.0000,1.0000,0.12531,0.03129,0.1964,0.00000,0.9891,0.0000,0.154,0.00010,1.9786,0.430291,0.430144,,0,
4.5302,scan,force_tracking_v2,1.9166,0.430437,-0.018939,-0.496423,0.000567,1.525698,0.021969,1.091311,1.563021,0.430144,-0.018239,-0.497192,0.000977,1.525924,0.020176,1.089714,1.563937,0.205014,0.030806,0.390401,3.128762,-0.547478,-3.138315,0.00129,0.01906,0.00226,0.00101,0.00191,0.00114,0.00129,0.01906,0.00226,0.00101,0.00191,0.00114,0.00138,-0.00566,-0.00407,-0.00554,0.02668,-0.01335,0.531,0.1001,0.00001,0,0,1,0,-0.210,1.338,2.184,0.9299,174.84,172.84,1.86,0.00,-0.00239,1500.0,1.535,-0.00000,0,0.006151,0.000859,-0.158,1.418,2.349,4.4090,2.2498,-0.7149,-0.000000,-0.030000,-0.018143,-0.000023,-0.000628,-0.002394,0.002691,0.0000,1.0000,0.028341,1,0,0,0,1.0000,1.0000,0.12530,0.03211,0.1965,0.00000,0.9891,0.0000,0.143,0.00009,1.9784,0.430437,0.430144,,0,
4.5364,scan,force_tracking_v2,1.9228,0.430573,-0.018968,-0.496350,0.000481,1.525580,0.022055,1.091371,1.562894,0.430144,-0.018256,-0.497227,0.000977,1.525854,0.020228,1.089696,1.563902,0.205017,0.030812,0.390434,3.128747,-0.547355,-3.138280,0.00140,0.01905,0.00243,0.00099,0.00209,0.00109,0.00140,0.01905,0.00243,0.00099,0.00209,0.00109,0.00054,0.00095,0.00535,0.00214,-0.02011,0.00449,0.632,0.0997,0.00001,0,0,0,0,-0.199,1.357,2.219,0.9345,174.80,172.82,1.87,0.00,-0.00259,1500.0,1.540,-0.00000,0,0.006208,0.000957,-0.111,1.537,2.340,4.5509,2.2873,-0.7474,-0.000000,-0.030000,-0.018749,-0.000026,-0.000669,-0.002594,-0.004835,0.0000,1.0000,0.028353,1,0,0,0,1.0000,1.0000,0.12530,0.04355,0.2192,0.00000,0.9891,0.0000,0.119,0.00009,1.9783,0.430573,0.430144,,0,
4.5430,scan,force_tracking_v2,1.9295,0.430706,-0.018996,-0.496268,0.000450,1.525447,0.022109,1.091439,1.562832,0.430144,-0.018256,-0.497227,0.000977,1.525854,0.020228,1.089696,1.563902,0.205017,0.030812,0.390434,3.128747,-0.547355,-3.138280,0.00150,0.01904,0.00261,0.00099,0.00209,0.00109,0.00150,0.01904,0.00261,0.00099,0.00209,0.00109,0.00054,0.00095,0.00535,0.00214,-0.02011,0.00449,0.734,0.1047,0.00001,0,0,0,0,-0.184,1.386,2.249,0.9364,174.77,172.79,1.87,0.00,-0.00280,1500.0,1.545,-0.00000,0,0.006661,0.007579,-0.111,1.537,2.340,4.5503,2.3176,-0.7724,-0.000000,-0.030000,-0.019413,-0.000029,-0.000743,-0.002796,-0.004835,0.0000,1.0000,0.028367,1,0,0,0,1.0000,1.0000,0.12529,0.03526,0.1992,0.00000,0.9891,0.0000,0.128,0.00007,1.9782,0.430706,0.430618,,0,
4.5505,scan,force_tracking_v2,1.9369,0.430852,-0.019026,-0.496171,0.000426,1.525287,0.022163,1.091519,1.562773,0.430618,-0.018309,-0.497105,0.000995,1.525627,0.020246,1.089784,1.563867,0.205037,0.031280,0.390470,3.128776,-0.547338,-3.138303,0.00162,0.01904,0.00279,0.00103,0.00212,0.00111,0.00162,0.01904,0.00279,0.00103,0.00212,0.00111,0.00137,0.03302,0.00256,-0.00172,-0.00125,-0.00058,0.462,0.1067,0.00001,0,0,0,0,-0.191,1.412,2.287,0.9354,174.73,172.76,1.87,0.00,-0.00302,1500.0,1.551,-0.00000,0,0.007466,0.000902,-0.293,1.485,2.430,4.6074,2.3557,-0.8045,-0.000000,-0.030000,-0.020161,-0.000033,-0.000864,-0.003015,-0.002535,0.0000,1.0000,0.028385,1,0,0,0,1.0000,1.0000,0.12528,0.03566,0.1964,0.00000,0.9892,0.0000,0.144,0.00006,1.9780,0.430852,0.430618,,0,
4.5568,scan,force_tracking_v2,1.9432,0.430987,-0.019052,-0.496086,0.000405,1.525145,0.022210,1.091588,1.562723,0.430618,-0.018396,-0.497035,0.001030,1.525470,0.020298,1.089906,1.563780,0.205037,0.031276,0.390489,3.128831,-0.547372,-3.138314,0.00171,0.01903,0.00294,0.00110,0.00207,0.00108,0.00171,0.01903,0.00294,0.00110,0.00207,0.00108,0.00000,-0.00059,0.00297,-0.00727,0.00529,0.00279,0.574,0.1069,0.00001,0,0,1,0,-0.198,1.439,2.313,0.9319,174.70,172.73,1.86,0.00,-0.00318,1500.0,1.556,-0.00000,0,0.006319,0.000796,-0.245,1.584,2.416,4.5683,2.3820,-0.8257,-0.000000,-0.030000,-0.020779,-0.000037,-0.000770,-0.003185,-0.002540,0.0000,1.0000,0.028402,1,0,0,0,1.0000,1.0000,0.12527,0.03654,0.1965,0.00000,0.9892,0.0000,0.132,0.00006,1.9777,0.430987,0.430618,,0,
4.5629,scan,force_tracking_v2,1.9493,0.431111,-0.019077,-0.496000,0.000384,1.525004,0.022255,1.091658,1.562674,0.430618,-0.018448,-0.496983,0.000977,1.525400,0.020316,1.089958,1.563745,0.205040,0.031253,0.390494,3.128818,-0.547406,-3.138378,0.00179,0.01902,0.00308,0.00108,0.00202,0.00119,0.00179,0.01902,0.00308,0.00108,0.00202,0.00119,0.00057,-0.00371,0.00074,0.00167,0.00559,-0.01151,0.692,0.1085,0.00001,0,0,1,0,-0.213,1.462,2.347,0.9271,174.67,172.71,1.85,0.00,-0.00335,1500.0,1.561,-0.00000,0,0.006089,0.000758,-0.326,1.553,2.549,4.6754,2.4174,-0.8563,-0.000000,-0.030000,-0.021360,-0.000040,-0.000779,-0.003350,-0.000970,0.0000,1.0000,0.028420,1,0,0,0,1.0000,1.0000,0.12526,0.03747,0.1964,0.00000,0.9892,0.0000,0.122,0.00006,1.9775,0.431111,0.430618,,0,
4.5688,scan,force_tracking_v2,1.9553,0.431227,-0.019101,-0.495913,0.000363,1.524860,0.022299,1.091727,1.562627,0.430618,-0.018518,-0.496878,0.000960,1.525173,0.020420,1.090080,1.563623,0.205051,0.031249,0.390529,3.128827,-0.547404,-3.138348,0.00188,0.01902,0.00322,0.00109,0.00202,0.00113,0.00188,0.01902,0.00322,0.00109,0.00202,0.00113,0.00181,-0.00072,0.00603,-0.00131,-0.00035,0.00598,0.802,0.1051,0.00001,0,0,0,0,-0.220,1.497,2.380,0.9207,174.64,172.68,1.84,0.00,-0.00351,1500.0,1.566,-0.00000,0,0.005935,0.000878,-0.199,1.744,2.540,4.7692,2.4518,-0.8860,-0.000000,-0.030000,-0.021908,-0.000044,-0.000793,-0.003513,-0.006101,0.0000,1.0000,0.028438,1,0,0,0,1.0000,1.0000,0.12525,0.03837,0.1964,0.00000,0.9892,0.0000,0.115,0.00005,1.9773,0.431227,0.431177,,0,
4.5751,scan,force_tracking_v2,1.9615,0.431349,-0.019126,-0.495819,0.000342,1.524704,0.022346,1.091802,1.562577,0.431177,-0.018500,-0.496808,0.000925,1.525121,0.020420,1.090133,1.563571,0.205055,0.031799,0.390524,3.128859,-0.547474,-3.138349,0.00196,0.01901,0.00335,0.00113,0.00192,0.00111,0.00196,0.01901,0.00335,0.00113,0.00192,0.00111,0.00075,0.08704,-0.00077,-0.00432,0.01097,0.00236,0.448,0.1077,0.00001,0,0,0,0,-0.225,1.524,2.406,0.9124,174.60,172.64,1.82,0.00,-0.00367,1500.0,1.571,-0.00000,0,0.006221,0.000786,-0.249,1.597,2.473,4.6949,2.4762,-0.9054,-0.000000,-0.030000,-0.022463,-0.000048,-0.000850,-0.003673,0.001229,0.0000,1.0000,0.028459,1,0,0,0,1.0000,1.0000,0.12524,0.03915,0.1964,0.00000,0.9892,0.0000,0.121,0.00005,1.9770,0.431349,0.431177,,0,
4.5812,scan,force_tracking_v2,1.9676,0.431470,-0.019151,-0.495723,0.000321,1.524546,0.022390,1.091877,1.562529,0.431177,-0.018518,-0.496738,0.000925,1.525051,0.020508,1.090150,1.563518,0.205068,0.031812,0.390530,3.128824,-0.547489,-3.138276,0.00203,0.01900,0.00347,0.00109,0.00189,0.00103,0.00203,0.01900,0.00347,0.00109,0.00189,0.00103,0.00197,0.00192,0.00097,0.00469,0.00247,0.00856,0.515,0.1053,0.00001,0,0,0,0,-0.230,1.544,2.424,0.9030,174.56,172.60,1.81,0.00,-0.00381,1500.0,1.576,-0.00000,0,0.006120,0.000476,-0.249,1.597,2.473,4.5094,2.4918,-0.9160,-0.000000,-0.030000,-0.022986,-0.000052,-0.000850,-0.003811,-0.001831,0.0000,1.0000,0.028480,1,0,0,0,1.0000,1.0000,0.12523,0.03986,0.1964,0.00000,0.9892,0.0000,0.119,0.00004,1.9767,0.431470,0.431177,,0,
4.5869,scan,force_tracking_v2,1.9733,0.431582,-0.019175,-0.495633,0.000302,1.524396,0.022432,1.091949,1.562485,0.431177,-0.018553,-0.496721,0.000960,1.524964,0.020560,1.090220,1.563449,0.205064,0.031820,0.390545,3.128861,-0.547489,-3.138235,0.00208,0.01899,0.00356,0.00114,0.00189,0.00094,0.00208,0.01899,0.00356,0.00114,0.00189,0.00094,-0.00064,0.00152,0.00268,-0.00585,-0.00010,0.01100,0.604,0.1049,0.00001,0,0,0,0,-0.237,1.550,2.429,0.8946,174.52,172.57,1.79,0.00,-0.00391,1500.0,1.580,-0.00000,0,0.005705,0.000675,-0.279,1.498,2.381,4.1419,2.4914,-0.9111,-0.000000,-0.013250,-0.023276,-0.000056,-0.000793,-0.003911,-0.001937,0.0000,1.0000,0.028500,1,0,0,0,1.0000,1.0000,0.12522,0.04042,0.1963,0.00000,0.9892,0.0000,0.111,0.00004,1.9764,0.431582,0.431177,,0,
4.5931,scan,force_tracking_v2,1.9795,0.431704,-0.019200,-0.495532,0.000280,1.524228,0.022478,1.092029,1.562436,0.431177,-0.018623,-0.496564,0.000925,1.524737,0.020560,1.090237,1.563396,0.205102,0.031792,0.390584,3.128895,-0.547436,-3.138326,0.00212,0.01899,0.00362,0.00118,0.00197,0.00105,0.00212,0.01899,0.00362,0.00118,0.00197,0.00105,0.00669,-0.00500,0.00707,-0.00522,-0.00946,-0.01304,0.714,0.1072,0.00001,0,0,0,0,-0.238,1.551,2.430,0.8855,174.47,172.52,1.77,0.00,-0.00399,1500.0,1.585,-0.00000,0,0.006218,0.001319,-0.218,1.532,2.412,3.7045,2.4860,-0.9007,-0.000000,-0.011911,-0.023389,-0.000061,-0.000845,-0.003988,-0.009571,0.0000,1.0000,0.028523,1,0,0,0,1.0000,1.0000,0.12521,0.04107,0.1963,0.00000,0.9892,0.0000,0.121,0.00004,1.9760,0.431704,0.431177,,0,
4.5993,scan,force_tracking_v2,1.9858,0.431826,-0.019226,-0.495429,0.000258,1.524058,0.022524,1.092109,1.562387,0.431177,-0.018623,-0.496424,0.000908,1.524545,0.020612,1.090394,1.563326,0.205108,0.031794,0.390595,3.128902,-0.547540,-3.138278,0.00217,0.01898,0.00370,0.00119,0.00182,0.00097,0.00217,0.01898,0.00370,0.00119,0.00182,0.00097,0.00093,0.00031,0.00158,-0.00086,0.01459,0.00716,0.816,0.1069,0.00001,0,0,0,0,-0.237,1.573,2.458,0.8319,174.39,172.45,1.66,0.00,-0.00408,1500.0,1.590,-0.00000,0,0.006241,0.000439,-0.217,1.773,2.723,3.7911,2.5153,-0.9250,-0.000000,-0.030000,-0.023559,-0.000066,-0.000876,-0.004078,-0.001829,0.0000,1.0000,0.028546,1,0,0,0,1.0000,1.0000,0.12520,0.04134,0.1962,0.00000,0.9892,0.0000,0.121,0.00003,1.9757,0.431826,0.431750,,0,
4.6053,scan,force_tracking_v2,1.9918,0.431944,-0.019250,-0.495328,0.000237,1.523890,0.022568,1.092188,1.562341,0.431750,-0.018623,-0.496424,0.000908,1.524545,0.020612,1.090394,1.563326,0.205108,0.032367,0.390595,3.128902,-0.547540,-3.138278,0.00222,0.01897,0.00378,0.00119,0.00182,0.00097,0.00222,0.01897,0.00378,0.00119,0.00182,0.00097,0.00000,0.10165,0.00000,0.00000,0.00000,0.00000,0.444,0.1095,0.00001,0,0,0,0,-0.239,1.579,2.490,0.7835,174.29,172.37,1.57,0.00,-0.00418,1500.0,1.595,-0.00000,0,0.005995,0.000795,-0.261,1.526,2.672,3.9554,2.5497,-0.9546,-0.000000,-0.030000,-0.023763,-0.000072,-0.000878,-0.004181,0.001115,0.0000,1.0000,0.028570,1,0,0,0,1.0000,1.0000,0.12519,0.04196,0.1962,0.00000,0.9892,0.0000,0.117,0.00003,1.9753,0.431944,0.431750,,0,
4.6113,scan,force_tracking_v2,1.9977,0.432060,-0.019274,-0.495225,0.000216,1.523720,0.022612,1.092269,1.562294,0.431750,-0.018710,-0.496337,0.000925,1.524248,0.020630,1.090429,1.563257,0.205137,0.032352,0.390669,3.128969,-0.547365,-3.138339,0.00228,0.01896,0.00388,0.00127,0.00208,0.00101,0.00228,0.01896,0.00388,0.00127,0.00208,0.00101,0.00487,-0.00260,0.01241,-0.00946,-0.02932,-0.00434,0.547,0.1110,0.00001,0,0,0,0,-0.234,1.603,2.524,0.7385,174.18,172.26,1.48,0.00,-0.00430,1500.0,1.600,-0.00000,0,0.005914,0.000768,-0.172,1.826,2.703,4.1442,2.5865,-0.9867,-0.000000,-0.030000,-0.023993,-0.000078,-0.000903,-0.004298,-0.013156,0.0000,1.0000,0.028595,1,0,0,0,1.0000,1.0000,0.12518,0.04310,0.1961,0.00000,0.9892,0.0000,0.115,0.00002,1.9748,0.432060,0.431750,,0,
4.6174,scan,force_tracking_v2,2.0038,0.432179,-0.019299,-0.495116,0.000194,1.523539,0.022657,1.092355,1.562246,0.431750,-0.018710,-0.496337,0.000925,1.524248,0.020630,1.090429,1.563257,0.205137,0.032352,0.390669,3.128969,-0.547365,-3.138339,0.00235,0.01895,0.00400,0.00127,0.00208,0.00101,0.00235,0.01895,0.00400,0.00127,0.00208,0.00101,0.00000,0.00000,0.00000,0.00000,0.00000,0.00000,0.637,0.1136,0.00001,0,0,0,0,-0.218,1.648,2.555,0.6948,174.04,172.14,1.39,0.00,-0.00443,1500.0,1.605,-0.00000,0,0.006106,0.000802,-0.091,1.964,2.677,4.2470,2.6191,-1.0145,-0.000000,-0.030000,-0.024254,-0.000086,-0.000962,-0.004428,0.000000,0.0000,1.0000,0.028623,1,0,0,0,1.0000,1.0000,0.12517,0.04389,0.1960,0.00000,0.9893,0.0000,0.119,0.00002,1.9744,0.432179,0.432243,,0,
4.6235,scan,force_tracking_v2,2.0100,0.432301,-0.019323,-0.495003,0.000171,1.523350,0.022704,1.092443,1.562198,0.432243,-0.018780,-0.496180,0.000908,1.524021,0.020682,1.090534,1.563117,0.205159,0.032827,0.390696,3.129047,-0.547399,-3.138363,0.00243,0.01894,0.00413,0.00137,0.00203,0.00098,0.00243,0.01894,0.00413,0.00137,0.00203,0.00098,0.00365,0.08064,0.00453,-0.01130,0.00570,0.00280,0.388,0.1132,0.00001,0,0,0,0,-0.214,1.680,2.597,0.6531,173.88,172.00,1.31,0.00,-0.00458,1500.0,1.610,-0.00000,0,0.006184,0.001113,-0.256,1.757,2.844,4.5263,2.6653,-1.0557,-0.000000,-0.030000,-0.024532,-0.000094,-0.001021,-0.004581,-0.004889,0.0000,1.0000,0.028653,1,0,0,0,1.0000,1.0000,0.12516,0.04477,0.1960,0.00000,0.9893,0.0000,0.121,0.00002,1.9739,0.432301,0.432243,,0,
4.6299,scan,force_tracking_v2,2.0163,0.432425,-0.019349,-0.494882,0.000149,1.523150,0.022750,1.092537,1.562149,0.432243,-0.018710,-0.496092,0.000908,1.523864,0.020752,1.090604,1.563134,0.205171,0.032858,0.390719,3.128960,-0.547398,-3.138220,0.00252,0.01893,0.00427,0.00126,0.00203,0.00084,0.00252,0.01893,0.00427,0.00126,0.00203,0.00084,0.00186,0.00485,0.00358,0.01128,-0.00016,0.01496,0.433,0.1118,0.00001,0,0,0,0,-0.213,1.710,2.633,0.6128,173.69,171.83,1.23,0.00,-0.00475,1500.0,1.615,-0.00000,0,0.006367,0.000923,-0.224,1.826,2.757,4.6556,2.7033,-1.0886,-0.000000,-0.030000,-0.024828,-0.000104,-0.001088,-0.004747,-0.003969,0.0000,1.0000,0.028686,1,0,0,0,1.0000,1.0000,0.12515,0.04569,0.1959,0.00000,0.9893,0.0000,0.125,0.00001,1.9734,0.432425,0.432243,,0,
4.6360,scan,force_tracking_v2,2.0224,0.432544,-0.019374,-0.494764,0.000127,1.522953,0.022794,1.092629,1.562103,0.432243,-0.018780,-0.495988,0.000908,1.523690,0.020769,1.090674,1.563099,0.205187,0.032845,0.390745,3.128978,-0.547397,-3.138270,0.00262,0.01891,0.00443,0.00129,0.00203,0.00090,0.00262,0.01891,0.00443,0.00129,0.00203,0.00090,0.00261,-0.00216,0.00411,-0.00252,-0.00004,-0.00671,0.522,0.1135,0.00001,0,0,0,0,-0.203,1.743,2.688,0.5768,173.50,171.66,1.15,0.00,-0.00494,1500.0,1.620,-0.00000,0,0.006053,0.000812,-0.100,1.925,3.054,5.1193,2.7645,-1.1449,-0.000000,-0.030000,-0.025111,-0.000115,-0.001104,-0.004938,-0.004888,0.0000,1.0000,0.028720,1,0,0,0,1.0000,1.0000,0.12514,0.04693,0.1958,0.00000,0.9893,0.0000,0.119,0.00001,1.9729,0.432544,0.432243,,0,
4.6420,scan,force_tracking_v2,2.0284,0.432662,-0.019398,-0.494641,0.000106,1.522749,0.022838,1.092723,1.562057,0.432243,-0.018780,-0.495918,0.000855,1.523603,0.020839,1.090743,1.563065,0.205192,0.032845,0.390749,3.128913,-0.547448,-3.138227,0.00272,0.01890,0.00461,0.00120,0.00195,0.00089,0.00272,0.01890,0.00461,0.00120,0.00195,0.00089,0.00068,0.00004,0.00068,0.00871,0.00800,0.00149,0.611,0.1120,0.00001,0,0,0,0,-0.192,1.765,2.734,0.5430,173.30,171.48,1.09,0.00,-0.00514,1500.0,1.624,-0.00000,0,0.006042,0.000530,-0.143,1.808,2.914,5.4015,2.8155,-1.1911,-0.000000,-0.030000,-0.025393,-0.000127,-0.001156,-0.005144,-0.000935,0.0000,1.0000,0.028757,1,0,0,0,1.0000,1.0000,0.12513,0.04808,0.1957,0.00000,0.9893,0.0000,0.119,0.00000,1.9724,0.432662,0.432670,,0,
4.6483,scan,force_tracking_v2,2.0347,0.432785,-0.019424,-0.494509,0.000084,1.522528,0.022883,1.092825,1.562010,0.432670,-0.018780,-0.495848,0.000873,1.523428,0.020874,1.090813,1.563047,0.205202,0.033283,0.390782,3.128907,-0.547413,-3.138180,0.00283,0.01889,0.00478,0.00120,0.00201,0.00082,0.00283,0.01889,0.00478,0.00120,0.00201,0.00082,0.00823,0.33312,0.02472,0.00407,-0.02678,0.03328,0.397,0.1125,0.00001,0,0,0,0,-0.198,1.772,2.766,0.5453,173.10,171.29,1.09,0.00,-0.00535,1500.0,1.629,-0.00000,0,0.006305,0.005518,-0.313,1.721,2.814,5.3492,2.8458,-1.2164,-0.000000,-0.030000,-0.025683,-0.000141,-0.001232,-0.005348,-0.021753,0.0000,1.0000,0.028798,1,0,0,0,1.0000,1.0000,0.12511,0.04943,0.1956,0.00000,0.9893,0.0000,0.124,-0.00000,1.9719,0.432785,0.432670,,0,
4.6545,scan,force_tracking_v2,2.0409,0.432907,-0.019448,-0.494373,0.000062,1.522303,0.022928,1.092930,1.561961,0.432670,-0.018884,-0.495656,0.000803,1.523044,0.020909,1.090936,1.562995,0.205238,0.033248,0.390850,3.128889,-0.547341,-3.138289,0.00294,0.01888,0.00495,0.00117,0.00211,0.00100,0.00294,0.01888,0.00495,0.00117,0.00211,0.00100,0.00321,-0.00325,0.00623,0.00145,-0.00648,-0.01079,0.493,0.1131,0.00001,0,0,0,0,-0.200,1.794,2.803,0.5124,172.88,171.09,1.02,0.00,-0.00555,1500.0,1.634,-0.00000,0,0.006214,0.000805,-0.179,1.972,3.010,5.4258,2.8845,-1.2501,-0.000000,-0.030000,-0.025962,-0.000156,-0.001258,-0.005550,-0.007021,0.0000,1.0000,0.028841,1,0,0,0,1.0000,1.0000,0.12510,0.05096,0.1955,0.00000,0.9893,0.0000,0.123,-0.00000,1.9714,0.432907,0.432670,,0,
4.6609,scan,force_tracking_v2,2.0473,0.433031,-0.019473,-0.494231,0.000039,1.522065,0.022974,1.093039,1.561913,0.432670,-0.018919,-0.495464,0.000785,1.522870,0.020961,1.091005,1.562942,0.205267,0.033244,0.390858,3.128878,-0.547427,-3.138278,0.00304,0.01887,0.00513,0.00116,0.00198,0.00099,0.00304,0.01887,0.00513,0.00116,0.00198,0.00099,0.00468,-0.00065,0.00121,0.00150,0.01378,0.00085,0.568,0.1127,0.00001,0,0,0,0,-0.204,1.816,2.842,0.4808,172.82,170.87,0.96,0.00,-0.00576,1500.0,1.640,-0.00001,0,0.006366,0.000863,-0.241,1.912,3.020,5.5114,2.9252,-1.2856,-0.000000,-0.030000,-0.026239,-0.000172,-0.001330,-0.005758,-0.003479,0.0000,1.0000,0.028888,1,0,0,0,1.0000,1.0000,0.12509,0.05209,0.1954,0.00000,0.9893,0.0000,0.126,-0.00001,1.9709,0.433031,0.432670,,0,
4.6675,scan,force_tracking_v2,2.0540,0.433161,-0.019500,-0.494078,0.000015,1.521810,0.023022,1.093155,1.561861,0.432670,-0.018919,-0.495324,0.000733,1.522730,0.020996,1.091093,1.562907,0.205282,0.033236,0.390862,3.128847,-0.547514,-3.138271,0.00315,0.01885,0.00530,0.00112,0.00186,0.00100,0.00315,0.01885,0.00530,0.00112,0.00186,0.00100,0.00243,-0.00127,0.00068,0.00403,0.01358,-0.00129,0.669,0.1133,0.00001,0,0,0,0,-0.218,1.825,2.872,0.4499,172.74,170.63,0.90,0.00,-0.00596,1500.0,1.645,-0.00001,0,0.006651,0.001147,-0.313,1.797,2.947,5.3920,2.9533,-1.3085,-0.000000,-0.030000,-0.026517,-0.000192,-0.001414,-0.005959,-0.001861,0.0000,1.0000,0.028940,1,0,0,0,1.0000,1.0000,0.12507,0.05319,0.1953,0.00000,0.9894,0.0000,0.132,-0.00001,1.9703,0.433161,0.432670,,0,
4.6737,scan,force_tracking_v2,2.0601,0.433282,-0.019524,-0.493934,-0.000007,1.521568,0.023066,1.093264,1.561814,0.432670,-0.019007,-0.495115,0.000716,1.522416,0.021084,1.091250,1.562855,0.205309,0.033229,0.390899,3.128803,-0.547564,-3.138275,0.00323,0.01884,0.00543,0.00106,0.00178,0.00104,0.00323,0.01884,0.00543,0.00106,0.00178,0.00104,0.00382,-0.00095,0.00535,0.00546,0.00732,-0.00396,0.786,0.1110,0.00001,0,0,0,0,-0.216,1.843,2.883,0.4230,172.65,170.40,0.85,0.00,-0.00611,1500.0,1.650,-0.00001,0,0.006162,0.000413,-0.130,1.982,2.839,4.9821,2.9573,-1.3076,-0.000000,-0.027240,-0.026729,-0.000212,-0.001323,-0.006108,-0.006567,0.0000,1.0000,0.028989,1,0,0,0,1.0000,1.0000,0.12505,0.05404,0.1952,0.00000,0.9894,0.0000,0.122,-0.00002,1.9697,0.433282,0.433135,,0,
4.6807,scan,force_tracking_v2,2.0671,0.433416,-0.019551,-0.493767,-0.000031,1.521289,0.023115,1.093390,1.561762,0.433135,-0.018972,-0.495010,0.000716,1.522276,0.021101,1.091302,1.562838,0.205325,0.033703,0.390915,3.128803,-0.547581,-3.138221,0.00330,0.01883,0.00554,0.00106,0.00175,0.00096,0.00330,0.01883,0.00554,0.00106,0.00175,0.00096,0.00261,0.07468,0.00259,-0.00002,0.00272,0.00850,0.477,0.1126,0.00001,0,0,1,0,-0.209,1.868,2.892,0.3945,172.53,170.12,0.79,0.00,-0.00624,1500.0,1.655,-0.00001,0,0.006976,0.001052,-0.162,1.979,2.916,4.5268,2.9595,-1.3041,-0.000000,-0.018829,-0.026794,-0.000236,-0.001477,-0.006239,-0.002749,0.0000,1.0000,0.029046,1,0,0,0,1.0000,1.0000,0.12504,0.05481,0.1951,0.00000,0.9894,0.0000,0.138,-0.00002,1.9692,0.433416,0.433135,,0,
4.6868,scan,force_tracking_v2,2.0732,0.433540,-0.019574,-0.493621,-0.000052,1.521045,0.023158,1.093499,1.561714,0.433135,-0.019076,-0.494801,0.000611,1.522084,0.021188,1.091389,1.562750,0.205355,0.033668,0.390923,3.128743,-0.547683,-3.138294,0.00333,0.01882,0.00560,0.00099,0.00160,0.00112,0.00333,0.01882,0.00560,0.00099,0.00160,0.00112,0.00491,-0.00574,0.00121,0.00836,0.01673,-0.01716,0.602,0.1146,0.00001,0,0,1,0,-0.207,1.876,2.886,0.3712,172.42,169.87,0.74,0.00,-0.00631,1500.0,1.660,-0.00001,0,0.006085,0.001035,-0.223,1.845,2.793,3.9444,2.9456,-1.2854,-0.000000,0.006933,-0.026444,-0.000259,-0.001291,-0.006309,-0.003654,0.0000,1.0000,0.029095,1,0,0,0,1.0000,1.0000,0.12502,0.05509,0.1950,0.00000,0.9894,0.0000,0.126,-0.00003,1.9686,0.433540,0.433135,,0,
4.6934,scan,force_tracking_v2,2.0798,0.433670,-0.019600,-0.493461,-0.000075,1.520775,0.023205,1.093619,1.561664,0.433135,-0.019042,-0.494679,0.000646,1.521910,0.021188,1.091494,1.562715,0.205367,0.033681,0.390939,3.128797,-0.547736,-3.138237,0.00336,0.01881,0.00564,0.00106,0.00152,0.00099,0.00336,0.01881,0.00564,0.00106,0.00152,0.00099,0.00170,0.00181,0.00229,-0.00645,0.00729,0.01191,0.690,0.1149,0.00001,0,0,0,0,-0.201,1.891,2.888,0.3473,172.28,169.59,0.69,0.00,-0.00636,1500.0,1.666,-0.00001,0,0.006660,0.000487,-0.156,1.976,2.926,3.5049,2.9404,-1.2749,-0.000000,-0.005561,-0.025853,-0.000286,-0.001390,-0.006359,-0.002819,0.0000,1.0000,0.029149,1,0,0,0,1.0000,1.0000,0.12501,0.05523,0.1948,0.00000,0.9894,0.0000,0.133,-0.00003,1.9680,0.433670,0.433135,,0,
