<?xml version="1.0" encoding="utf-8"?>
<COLLADA xmlns="http://www.collada.org/2005/11/COLLADASchema" version="1.4.1" xmlns:xsi="http://www.w3.org/2001/XMLSchema-instance">
  <asset>
    <contributor>
      <author>Blender User</author>
      <authoring_tool>Blender 4.4.0 commit date:2025-03-17, commit time:17:00, hash:05377985c527</authoring_tool>
    </contributor>
    <created>2026-05-12T17:22:14</created>
    <modified>2026-05-12T17:22:14</modified>
    <unit name="meter" meter="1"/>
    <up_axis>Z_UP</up_axis>
  </asset>
  <library_effects>
    <effect id="mat_0-effect">
      <profile_COMMON>
        <technique sid="common">
          <lambert>
            <emission>
              <color sid="emission">0 0 0 1</color>
            </emission>
            <diffuse>
              <color sid="diffuse">1 1 1 1</color>
            </diffuse>
            <reflectivity>
              <float sid="specular">1</float>
            </reflectivity>
            <index_of_refraction>
              <float sid="ior">1.5</float>
            </index_of_refraction>
          </lambert>
        </technique>
      </profile_COMMON>
    </effect>
    <effect id="mat_1-effect">
      <profile_COMMON>
        <technique sid="common">
          <lambert>
            <emission>
              <color sid="emission">0 0 0 1</color>
            </emission>
            <diffuse>
              <color sid="diffuse">1 0.5647115 0.02028856 1</color>
            </diffuse>
            <reflectivity>
              <float sid="specular">1</float>
            </reflectivity>
            <index_of_refraction>
              <float sid="ior">1.5</float>
            </index_of_refraction>
          </lambert>
        </technique>
      </profile_COMMON>
    </effect>
    <effect id="mat_2-effect">
      <profile_COMMON>
        <technique sid="common">
          <lambert>
            <emission>
              <color sid="emission">0 0 0 1</color>
            </emission>
            <diffuse>
              <color sid="diffuse">0.05126946 0.05126946 0.05126946 1</color>
            </diffuse>
            <reflectivity>
              <float sid="specular">1</float>
            </reflectivity>
            <index_of_refraction>
              <float sid="ior">1.5</float>
            </index_of_refraction>
          </lambert>
        </technique>
      </profile_COMMON>
    </effect>
    <effect id="mat_3-effect">
      <profile_COMMON>
        <technique sid="common">
          <lambert>
            <emission>
              <color sid="emission">0 0 0 1</color>
            </emission>
            <diffuse>
              <color sid="diffuse">0.002124689 0.0451862 1 1</color>
            </diffuse>
            <reflectivity>
              <float sid="specular">1</float>
            </reflectivity>
            <index_of_refraction>
              <float sid="ior">1.5</float>
            </index_of_refraction>
          </lambert>
        </technique>
      </profile_COMMON>
    </effect>
    <effect id="mat_4-effect">
      <profile_COMMON>
        <technique sid="common">
          <lambert>
            <emission>
              <color sid="emission">0 0 0 1</color>
            </emission>
            <diffuse>
              <color sid="diffuse">0.9734453 0.5028865 0.2307401 1</color>
            </diffuse>
            <reflectivity>
              <float sid="specular">1</float>
            </reflectivity>
            <index_of_refraction>
              <float sid="ior">1.5</float>
            </index_of_refraction>
          </lambert>
        </technique>
      </profile_COMMON>
    </effect>
  </library_effects>
  <library_images/>
  <library_materials>
    <material id="mat_0-material" name="mat_0">
      <instance_effect url="#mat_0-effect"/>
    </material>
    <material id="mat_1-material" name="mat_1">
      <instance_effect url="#mat_1-effect"/>
    </material>
    <material id="mat_2-material" name="mat_2">
      <instance_effect url="#mat_2-effect"/>
    </material>
    <material id="mat_3-material" name="mat_3">
      <instance_effect url="#mat_3-effect"/>
    </material>
    <material id="mat_4-material" name="mat_4">
      <instance_effect url="#mat_4-effect"/>
    </material>
  </library_materials>
  <library_geometries>
    <geometry id="base_link-mesh" name="base_link">
      <mesh>
        <source id="base_link-mesh-positions">
          <float_array id="base_link-mesh-positions-array" count="27813">0.04229998 -0.02549999 0.0478 0.04229998 -0.02536767 0.04933774 0.04229998 -0.02497428 0.05083072 0.04229998 -0.02433222 0.05223369 0.04229998 -0.02345883 0.05350697 0.04229998 -0.02238208 0.05461192 0.04229998 -0.02113026 0.05551749 0.04229998 -0.01974505 0.0561946 0.04229998 -0.01826041 0.05662614 0.04229998 -0.01672917 0.05679708 0.04229998 -0.01518583 0.0567035 0.04229998 -0.01368647 0.05634897 0.04229998 -0.01226395 0.05574077 0.04229998 -0.01097226 0.05490255 0.04229998 -0.009837627 0.05385088 0.04229998 -0.008903682 0.0526266 0.04229998 -0.008188962 0.05125355 0.04229998 -0.007722079 0.0497871 0.04229998 -0.0075562 0.04880326 0.04229998 -0.007499992 0.0478 0.04360282 -0.02549713 0.0478 0.04360282 -0.02536499 0.04933667 0.04360264 -0.02497214 0.05082875 0.04360246 -0.02433091 0.05223095 0.04360216 -0.02345865 0.05350369 0.04360187 -0.02238321 0.05460846 0.04360145 -0.02113282 0.05551421 0.04360103 -0.01974904 0.05619192 0.04360055 -0.01826572 0.05662447 0.04360026 -0.01738774 0.0567559 0.04359996 -0.01649999 0.05679994 0.04359948 -0.01496261 0.05666822 0.043599 -0.01346987 0.05627554 0.04359859 -0.01206701 0.05563426 0.04359817 -0.01079362 0.0547617 0.04359781 -0.009688436 0.05368584 0.04359751 -0.008782386 0.05243486 0.04359734 -0.008104622 0.05105048 0.04359722 -0.00767219 0.04956644 0.04359716 -0.007540941 0.04868805 0.04359716 -0.007497131 0.0478 0.032 0 0.1285 0.032 0 0.1385 -0.03199994 0 0.1385 -0.03151381 -0.005556702 0.1385 -0.03007012 -0.0109446 0.1385 -0.02771276 -0.01599997 0.1385 -0.02451336 -0.0205692 0.1385 -0.02056914 -0.02451342 0.1385 -0.01599997 -0.02771276 0.1385 -0.0109446 -0.03007012 0.1385 -0.005556702 -0.03151381 0.1385 0 -0.032 0.1385 0.005556702 -0.03151381 0.1385 0.0109446 -0.03007012 0.1385 0.01599997 -0.02771276 0.1385 0.0205692 -0.02451342 0.1385 0.02451342 -0.0205692 0.1385 0.02771282 -0.01599997 0.1385 0.03007012 -0.0109446 0.1385 0.03151381 -0.005556702 0.1385 -0.03199994 0 0.1285 -0.03151381 -0.005556702 0.1285 -0.03007012 -0.0109446 0.1285 -0.02771276 -0.01599997 0.1285 -0.02451336 -0.0205692 0.1285 -0.02056914 -0.02451342 0.1285 -0.01599997 -0.02771276 0.1285 -0.0109446 -0.03007012 0.1285 -0.005556702 -0.03151381 0.1285 0 -0.032 0.1285 0.005556702 -0.03151381 0.1285 0.0109446 -0.03007012 0.1285 0.01599997 -0.02771276 0.1285 0.0205692 -0.02451342 0.1285 0.02451342 -0.0205692 0.1285 0.02771282 -0.01599997 0.1285 0.03007012 -0.0109446 0.1285 0.03151381 -0.005556702 0.1285 -0.0391488 -0.02600705 0.0331853 -0.0391488 -0.02600705 0.00999999 -0.03601545 -0.02496099 0.05015575 -0.0331133 -0.02582854 0.07547312 -0.03259569 -0.02621769 0.07999306 -0.03238427 -0.02640837 0.08137881 -0.03219169 -0.02660155 0.08224266 -0.03211671 -0.02668237 0.08244979 -0.03206038 -0.02674543 0.08254891 -0.03196656 -0.02685523 0.08259832 -0.03189957 -0.02693754 0.08253824 -0.03184902 -0.02700191 0.08243668 -0.03180712 -0.02705687 0.08231323 -0.03171855 -0.02717834 0.08193105 -0.03094053 -0.02882361 0.06911659 -0.03075402 -0.03021097 0.05703252 -0.03075402 -0.03021097 0.00999999 -0.03082996 -0.02932155 0.00999999 -0.03105539 -0.02845788 0.00999999 -0.03142392 -0.02764487 0.00999999 -0.0319249 -0.02690601 0.00999999 -0.03254377 -0.0262627 0.00999999 -0.03326267 -0.02573359 0.00999999 -0.03406083 -0.02533388 0.00999999 -0.0349152 -0.02507513 0.00999999 -0.03580099 -0.02496492 0.00999999 -0.03669267 -0.02500635 0.00999999 -0.03756445 -0.02519828 0.00999999 -0.03839117 -0.02553504 0.00999999 -0.03075402 0.03021097 0.00999999 -0.03075402 0.03021097 0.0570324 -0.03082394 0.0310648 0.00999999 -0.03103178 0.03189587 0.00999999 -0.03137201 0.03268212 0.00999999 -0.03183555 0.0334025 0.00999999 -0.03241008 0.03403794 0.00999999 -0.03241008 0.03403794 0.03318524 -0.03112924 0.03215992 0.0435611 -0.04069995 0 0.1285 -0.04008162 0.007067441 0.1285 -0.03824543 0.01392018 0.1285 -0.0352472 0.02034997 0.1285 -0.03117799 0.02616143 0.1285 -0.02616143 0.03117799 0.1285 -0.02034997 0.0352472 0.1285 -0.01392018 0.03824543 0.1285 -0.007067441 0.04008162 0.1285 0 0.04069995 0.1285 0.007067441 0.04008162 0.1285 0.01392018 0.03824543 0.1285 0.02034997 0.0352472 0.1285 0.02616143 0.03117799 0.1285 0.03117799 0.02616143 0.1285 0.0352472 0.02034997 0.1285 0.03824549 0.01392018 0.1285 0.04008167 0.007067441 0.1285 0.04069995 0 0.1285 -0.04069995 0 0.1355 -0.04008162 0.007067441 0.1355 -0.03824543 0.01392018 0.1355 -0.0352472 0.02034997 0.1355 -0.03117799 0.02616143 0.1355 -0.02616143 0.03117799 0.1355 -0.02034997 0.0352472 0.1355 -0.01392018 0.03824543 0.1355 -0.007067441 0.04008162 0.1355 0 0.04069995 0.1355 0.007067441 0.04008162 0.1355 0.01392018 0.03824543 0.1355 0.02034997 0.0352472 0.1355 0.02616143 0.03117799 0.1355 0.03117799 0.02616143 0.1355 0.0352472 0.02034997 0.1355 0.03824549 0.01392018 0.1355 0.04008167 0.007067441 0.1355 0.04069995 0 0.1355 0.04230123 0.01374995 0.03299605 0.04230123 0.01510745 0.03283679 0.04230123 0.01641803 0.03244876 0.04230123 0.01764345 0.0318433 0.04230123 0.01874792 0.0310381 0.04230123 0.01969915 0.03005665 0.04230123 0.02046948 0.02892756 0.04230123 0.02103632 0.02768385 0.04230123 0.02138322 0.02636182 0.04230123 0.02149999 0.02499997 0.03999996 0.02149999 0.02499997 0.03999996 0.005499958 0.02499997 0.03999996 0.005621492 0.02638918 0.03999996 0.005982458 0.02773612 0.03999996 0.006571769 0.02899998 0.03999996 0.007371604 0.0301423 0.03999996 0.008357644 0.03112834 0.03999996 0.009499967 0.03192818 0.03999996 0.01076382 0.03251749 0.03999996 0.01211076 0.03287845 0.03999996 0.01349997 0.03299999 0.03999996 0.01488918 0.03287845 0.03999996 0.01623612 0.03251749 0.03999996 0.01749998 0.03192818 0.03999996 0.01864224 0.03112834 0.03999996 0.01962834 0.0301423 0.03999996 0.02042818 0.02899998 0.03999996 0.02101749 0.02773612 0.03999996 0.02137845 0.02638918 0.04029995 0.005499958 0.02499997 0.04029995 0.005602419 0.02627617 0.04029995 0.005907118 0.02751964 0.04029995 0.006406307 0.02869856 0.04029995 0.007087111 0.02978283 0.04029995 0.007932186 0.03074455 0.04029995 0.008919894 0.03155916 0.04029995 0.01002484 0.03220576 0.04029995 0.01121884 0.03266787 0.04029995 0.01247125 0.03293353 0.04029995 0.01374995 0.03299605 0.04098778 -0.000999987 0.1385 0.04020237 -0.008047759 0.1385 0.03821432 -0.01485478 0.1385 0.03508299 -0.02121746 0.1385 0.0309022 -0.02694535 0.1385 0.02579689 -0.0318672 0.1385 0.01991987 -0.03583568 0.1385 0.01344698 -0.03873211 0.1385 0.006571769 -0.04046988 0.1385 -5.00031e-4 -0.0409969 0.1385 -0.007556855 -0.04029756 0.1385 -0.0143876 -0.0383926 0.1385 -0.02078801 -0.03533917 0.1385 -0.02656644 -0.03122848 0.1385 -0.03155016 -0.02618366 0.1385 -0.03559005 -0.02035546 0.1385 -0.03856521 -0.01391834 0.1385 -0.04038667 -0.007064819 0.1385 -0.04099994 0 0.1385 -0.04099994 0 0.1355 0.04098778 -0.000999987 0.1355 0.04020237 -0.008047759 0.1355 0.03821432 -0.01485478 0.1355 0.03508299 -0.02121746 0.1355 0.0309022 -0.02694535 0.1355 0.02579689 -0.0318672 0.1355 0.01991987 -0.03583568 0.1355 0.01344698 -0.03873211 0.1355 0.006571769 -0.04046988 0.1355 -5.00031e-4 -0.0409969 0.1355 -0.007556855 -0.04029756 0.1355 -0.0143876 -0.0383926 0.1355 -0.02078801 -0.03533917 0.1355 -0.02656644 -0.03122848 0.1355 -0.03155016 -0.02618366 0.1355 -0.03559005 -0.02035546 0.1355 -0.03856521 -0.01391834 0.1355 -0.04038667 -0.007064819 0.1355 0.04029995 0.01374995 0.03299605 0.04230123 0.01374995 0.03299605 0.04230123 0.02199995 0.02499997 0.04230123 0.02189755 0.02627617 0.04230123 0.02159279 0.02751964 0.04230123 0.02109366 0.02869856 0.04230123 0.0204128 0.02978283 0.04230123 0.01956772 0.03074455 0.04230123 0.01858007 0.03155916 0.04230123 0.01747506 0.03220576 0.04230123 0.01628112 0.03266787 0.04230123 0.01502871 0.03293353 0.04029995 0.02199995 0.02499997 0.04029995 0.02189755 0.02627617 0.04029995 0.02159279 0.02751964 0.04029995 0.02109366 0.02869856 0.04029995 0.0204128 0.02978283 0.04029995 0.01956772 0.03074455 0.04029995 0.01858007 0.03155916 0.04029995 0.01747506 0.03220576 0.04029995 0.01628112 0.03266787 0.04029995 0.01502871 0.03293353 0.04029995 -0.01339995 0.0643 0.04229998 -0.01339995 0.0643 0.04229998 -0.01959997 0.0643 0.04229998 -0.01955288 0.06376165 0.04229998 -0.01941305 0.06323969 0.04229998 -0.01918464 0.06274998 0.04229998 -0.0188747 0.06230735 0.04229998 -0.01849263 0.06192523 0.04229998 -0.01804995 0.06161528 0.04229998 -0.01756024 0.06138694 0.04229998 -0.01703828 0.06124705 0.04229998 -0.01649999 0.06119996 0.04229998 -0.01596164 0.06124705 0.04229998 -0.01543968 0.06138694 0.04229998 -0.01494997 0.06161528 0.04229998 -0.01450735 0.06192523 0.04229998 -0.01412522 0.06230735 0.04229998 -0.01381528 0.06274998 0.04229998 -0.01358693 0.06323969 0.04229998 -0.01344704 0.06376165 0.04029995 -0.01959997 0.0643 0.04029995 -0.01955288 0.06376165 0.04029995 -0.01941305 0.06323969 0.04029995 -0.01918464 0.06274998 0.04029995 -0.0188747 0.06230735 0.04029995 -0.01849263 0.06192523 0.04029995 -0.01804995 0.06161528 0.04029995 -0.01756024 0.06138694 0.04029995 -0.01703828 0.06124705 0.04029995 -0.01649999 0.06119996 0.04029995 -0.01596164 0.06124705 0.04029995 -0.01543968 0.06138694 0.04029995 -0.01494997 0.06161528 0.04029995 -0.01450735 0.06192523 0.04029995 -0.01412522 0.06230735 0.04029995 -0.01381528 0.06274998 0.04029995 -0.01358693 0.06323969 0.04029995 -0.01344704 0.06376165 0.04229998 -0.01481181 0.06689995 0.04029995 -0.01481181 0.06689995 0.04229998 -0.01339995 0.0643 0.04229998 -0.01344251 0.06481164 0.04229998 -0.01356887 0.06530928 0.04229998 -0.0137757 0.06577926 0.04229998 -0.01405721 0.06620866 0.04229998 -0.01440578 0.06658565 0.04029995 -0.01339995 0.0643 0.04029995 -0.01344251 0.06481164 0.04029995 -0.01356887 0.06530928 0.04029995 -0.0137757 0.06577926 0.04029995 -0.01405721 0.06620866 0.04029995 -0.01440578 0.06658565 0.04104995 -0.02954995 0.06799995 0.04229998 -0.02829998 0.06799995 0.04229998 -0.02833986 0.06753748 0.04229998 -0.02845841 0.06708866 0.04229998 -0.02865207 0.06666678 0.04229998 -0.02891516 0.06628429 0.04229998 -0.02923983 0.06595253 0.04229998 -0.02961659 0.06568133 0.04229998 -0.03003418 0.06547862 0.04229998 -0.03048038 0.06535047 0.04229998 -0.0309419 0.06530058 0.04229998 -0.03140515 0.06533056 0.04229998 -0.03185641 0.0654394 0.04229998 -0.03228235 0.06562393 0.04229998 -0.03267037 0.06587874 0.04229998 -0.03300905 0.0661962 0.04229998 -0.03328835 0.066567 0.04229998 -0.03349995 0.06698018 0.04219299 -0.03349995 0.0673123 0.04212427 -0.03349995 0.0676521 0.04209995 -0.03349995 0.06799995 0.04104995 -0.03244996 0.06799995 0.04104995 -0.02956974 0.0677613 0.04104995 -0.02962851 0.06752914 0.04104995 -0.02972471 0.06730985 0.04104995 -0.02985572 0.06710934 0.04104995 -0.03001791 0.06693315 0.04104995 -0.03020691 0.06678611 0.04104995 -0.0304175 0.06667208 0.04104995 -0.03064399 0.06659436 0.04104995 -0.03088021 0.0665549 0.04104995 -0.0311197 0.0665549 0.04104995 -0.03135591 0.06659436 0.04104995 -0.03158241 0.06667208 0.04104995 -0.03179305 0.06678611 0.04104995 -0.03198206 0.06693315 0.04104995 -0.03214424 0.06710934 0.04104995 -0.03227519 0.06730985 0.04104995 -0.0323714 0.06752914 0.04104995 -0.03243023 0.0677613 0.04167497 -0.0329734 0.06735879 0.04167497 -0.03267866 0.06678032 0.04167497 -0.03221964 0.06632125 0.04167497 -0.03164118 0.06602656 0.04167497 -0.03099995 0.065925 0.04167497 -0.03035879 0.06602656 0.04167497 -0.02978032 0.06632125 0.04167497 -0.02932125 0.06678032 0.04167497 -0.0290265 0.06735879 0.04104995 -0.02954995 0.007999956 0.04229998 -0.02829998 0.007999956 0.04229998 -0.02833986 0.007537484 0.04229998 -0.02845841 0.007088661 0.04229998 -0.02865207 0.006666779 0.04229998 -0.02891516 0.006284296 0.04229998 -0.02923983 0.005952537 0.04229998 -0.02961659 0.005681335 0.04229998 -0.03003418 0.00547862 0.04229998 -0.03048038 0.00535047 0.04229998 -0.0309419 0.005300581 0.04229998 -0.03140515 0.005330562 0.04229998 -0.03185641 0.0054394 0.04229998 -0.03228235 0.005623936 0.04229998 -0.03267037 0.005878746 0.04229998 -0.03300905 0.0061962 0.04229998 -0.03328835 0.006567001 0.04229998 -0.03349995 0.00698018 0.04219299 -0.03349995 0.007312297 0.04212427 -0.03349995 0.007652103 0.04209995 -0.03349995 0.007999956 0.04104995 -0.03244996 0.007999956 0.04104995 -0.02956974 0.007761299 0.04104995 -0.02962851 0.007529139 0.04104995 -0.02972471 0.007309854 0.04104995 -0.02985572 0.007109344 0.04104995 -0.03001791 0.006933152 0.04104995 -0.03020691 0.006786108 0.04104995 -0.0304175 0.006672084 0.04104995 -0.03064399 0.006594359 0.04104995 -0.03088021 0.006554901 0.04104995 -0.0311197 0.006554901 0.04104995 -0.03135591 0.006594359 0.04104995 -0.03158241 0.006672084 0.04104995 -0.03179305 0.006786108 0.04104995 -0.03198206 0.006933152 0.04104995 -0.03214424 0.007109344 0.04104995 -0.03227519 0.007309854 0.04104995 -0.0323714 0.007529139 0.04104995 -0.03243023 0.007761299 0.04167497 -0.0329734 0.007358789 0.04167497 -0.03267866 0.006780326 0.04167497 -0.03221964 0.006321251 0.04167497 -0.03164118 0.006026506 0.04167497 -0.03099995 0.005924999 0.04167497 -0.03035879 0.006026506 0.04167497 -0.02978032 0.006321251 0.04167497 -0.02932125 0.006780326 0.04167497 -0.0290265 0.007358789 0.04104995 0.03244996 0.007999956 0.04209995 0.03349995 0.007999956 0.04212421 0.03349995 0.007651925 0.04219293 0.03349995 0.007312357 0.04229998 0.03349995 0.00698018 0.04229998 0.03328835 0.006567001 0.04229998 0.03300905 0.0061962 0.04229998 0.03267037 0.005878746 0.04229998 0.03228235 0.005623936 0.04229998 0.03185641 0.0054394 0.04229998 0.03140515 0.005330562 0.04229998 0.0309419 0.005300581 0.04229998 0.03048038 0.00535047 0.04229998 0.03003418 0.00547862 0.04229998 0.02961659 0.005681335 0.04229998 0.02923983 0.005952537 0.04229998 0.02891516 0.006284296 0.04229998 0.02865207 0.006666779 0.04229998 0.02845841 0.007088661 0.04229998 0.02833986 0.007537484 0.04229998 0.02829998 0.007999956 0.04104995 0.02954995 0.007999956 0.04104995 0.03243017 0.007761299 0.04104995 0.0323714 0.007529139 0.04104995 0.03227519 0.007309854 0.04104995 0.03214424 0.007109344 0.04104995 0.031982 0.006933152 0.04104995 0.03179305 0.006786108 0.04104995 0.03158241 0.006672084 0.04104995 0.03135591 0.006594359 0.04104995 0.0311197 0.006554901 0.04104995 0.03088021 0.006554901 0.04104995 0.03064399 0.006594359 0.04104995 0.0304175 0.006672084 0.04104995 0.03020691 0.006786108 0.04104995 0.03001791 0.006933152 0.04104995 0.02985572 0.007109344 0.04104995 0.02972471 0.007309854 0.04104995 0.02962851 0.007529139 0.04104995 0.02956974 0.007761299 0.04167497 0.0290265 0.007358789 0.04167497 0.02932125 0.006780326 0.04167497 0.02978032 0.006321251 0.04167497 0.03035879 0.006026506 0.04167497 0.03099995 0.005924999 0.04167497 0.03164118 0.006026506 0.04167497 0.03221964 0.006321251 0.04167497 0.03267866 0.006780326 0.04167497 0.0329734 0.007358789 0.04104995 0.03244996 0.06799995 0.04209995 0.03349995 0.06799995 0.04212421 0.03349995 0.06765192 0.04219293 0.03349995 0.06731235 0.04229998 0.03349995 0.06698018 0.04229998 0.03328835 0.066567 0.04229998 0.03300905 0.0661962 0.04229998 0.03267037 0.06587874 0.04229998 0.03228235 0.06562393 0.04229998 0.03185641 0.0654394 0.04229998 0.03140515 0.06533056 0.04229998 0.0309419 0.06530058 0.04229998 0.03048038 0.06535047 0.04229998 0.03003418 0.06547862 0.04229998 0.02961659 0.06568133 0.04229998 0.02923983 0.06595253 0.04229998 0.02891516 0.06628429 0.04229998 0.02865207 0.06666678 0.04229998 0.02845841 0.06708866 0.04229998 0.02833986 0.06753748 0.04229998 0.02829998 0.06799995 0.04104995 0.02954995 0.06799995 0.04104995 0.03243017 0.0677613 0.04104995 0.0323714 0.06752914 0.04104995 0.03227519 0.06730985 0.04104995 0.03214424 0.06710934 0.04104995 0.031982 0.06693315 0.04104995 0.03179305 0.06678611 0.04104995 0.03158241 0.06667208 0.04104995 0.03135591 0.06659436 0.04104995 0.0311197 0.0665549 0.04104995 0.03088021 0.0665549 0.04104995 0.03064399 0.06659436 0.04104995 0.0304175 0.06667208 0.04104995 0.03020691 0.06678611 0.04104995 0.03001791 0.06693315 0.04104995 0.02985572 0.06710934 0.04104995 0.02972471 0.06730985 0.04104995 0.02962851 0.06752914 0.04104995 0.02956974 0.0677613 0.04167497 0.0290265 0.06735879 0.04167497 0.02932125 0.06678032 0.04167497 0.02978032 0.06632125 0.04167497 0.03035879 0.06602656 0.04167497 0.03099995 0.065925 0.04167497 0.03164118 0.06602656 0.04167497 0.03221964 0.06632125 0.04167497 0.03267866 0.06678032 0.04167497 0.0329734 0.06735879 0.04359996 -0.01649999 0.03399997 0.04359996 -0.01493716 0.03386324 0.04359996 -0.01342177 0.03345721 0.04359996 -0.01199996 0.03279417 0.04359996 -0.01071488 0.03189438 0.04359996 -0.009605586 0.03078508 0.04359996 -0.008705735 0.02949994 0.04359996 -0.008042752 0.02807813 0.04359996 -0.007636725 0.0265628 0.04359996 -0.007499992 0.02499997 0.04229998 -0.007499992 0.02499997 0.04229998 -0.02549999 0.02499997 0.04229998 -0.02536326 0.0265628 0.04229998 -0.02495723 0.02807813 0.04229998 -0.02429419 0.02949994 0.04229998 -0.0233944 0.03078508 0.04229998 -0.02228504 0.03189438 0.04229998 -0.02099996 0.03279417 0.04229998 -0.01957815 0.03345721 0.04229998 -0.01806282 0.03386324 0.04229998 -0.01649999 0.03399997 0.04229998 -0.01493716 0.03386324 0.04229998 -0.01342177 0.03345721 0.04229998 -0.01199996 0.03279417 0.04229998 -0.01071488 0.03189438 0.04229998 -0.009605586 0.03078508 0.04229998 -0.008705735 0.02949994 0.04229998 -0.008042752 0.02807813 0.04229998 -0.007636725 0.0265628 0.04359996 -0.02549999 0.02499997 0.04359996 -0.02538919 0.02640789 0.04359996 -0.02505946 0.02778112 0.04359996 -0.02451902 0.02908587 0.04359996 -0.02378112 0.03029006 0.04359996 -0.02286392 0.03136396 0.04359996 -0.02179002 0.0322811 0.04359996 -0.02058589 0.033019 0.04359996 -0.01928114 0.0335595 0.04359996 -0.01790791 0.03388917 0.05129998 -0.01358044 0.06720954 0.05129998 -0.01326072 0.06664669 0.05129998 -0.01293408 0.06611227 0.05129998 -0.01269489 0.06553345 0.05129998 -0.01254898 0.06492435 0.05129998 -0.01249998 0.0643 0.04229998 -0.01249998 0.0643 0.04229998 -0.0205 0.0643 0.04229998 -0.0204392 0.06499457 0.04229998 -0.02025872 0.06566804 0.04229998 -0.01996409 0.06629997 0.04229998 -0.01956415 0.0668711 0.04229998 -0.0190711 0.06736415 0.04229998 -0.01849997 0.0677641 0.04229998 -0.01786804 0.06805872 0.04229998 -0.01719456 0.06823921 0.04229998 -0.01649999 0.0683 0.04229998 -0.01580536 0.06823921 0.04229998 -0.01513189 0.06805872 0.04229998 -0.01449996 0.0677641 0.04229998 -0.01392883 0.06736415 0.04229998 -0.01343578 0.0668711 0.04229998 -0.01303589 0.06629997 0.04229998 -0.0127412 0.06566804 0.04229998 -0.01256072 0.06499457 0.05129998 -0.0205 0.0643 0.05129998 -0.02044975 0.0649318 0.05129998 -0.02030038 0.06554782 0.05129998 -0.02005553 0.06613242 0.05129998 -0.01972144 0.06667107 0.05129998 -0.01939213 0.06723719 0.05129998 -0.01892721 0.06747937 0.05129998 -0.01850974 0.06775844 0.05129998 -0.01806062 0.06798297 0.05091834 -0.01649999 0.0683 0.05094772 -0.01694571 0.06827515 0.05099451 -0.017214 0.06823575 0.05106252 -0.01747685 0.06817883 0.05116873 -0.01777708 0.06809061 0.05129998 -0.0149393 0.06798297 0.05111169 -0.01537263 0.06813788 0.05103254 -0.01562845 0.06820386 0.05097287 -0.01589506 0.06825393 0.05093431 -0.01617121 0.06828641 0.05092233 -0.01633489 0.06829655 0.05129998 -0.01447933 0.06775206 0.05129998 -0.01405274 0.06746399 0.04330122 0.01349997 0.03399997 0.04330122 0.0150628 0.03386324 0.04330122 0.01657813 0.03345721 0.04330122 0.01799994 0.03279417 0.04330122 0.01928508 0.03189438 0.04330122 0.02039438 0.03078508 0.04330122 0.02129417 0.02949994 0.04330122 0.02195721 0.02807813 0.04330122 0.02236324 0.0265628 0.04330122 0.02249997 0.02499997 0.04229998 0.02249997 0.02499997 0.04229998 0.004499971 0.02499997 0.04229998 0.004636704 0.0265628 0.04229998 0.005042731 0.02807813 0.04229998 0.005705714 0.02949994 0.04229998 0.006605565 0.03078508 0.04229998 0.007714867 0.03189438 0.04229998 0.008999943 0.03279417 0.04229998 0.01042181 0.03345721 0.04229998 0.01193714 0.03386324 0.04229998 0.01349997 0.03399997 0.04229998 0.0150628 0.03386324 0.04229998 0.01657813 0.03345721 0.04229998 0.01799994 0.03279417 0.04229998 0.01928508 0.03189438 0.04229998 0.02039438 0.03078508 0.04229998 0.02129417 0.02949994 0.04229998 0.02195721 0.02807813 0.04229998 0.02236324 0.0265628 0.04330122 0.004499971 0.02499997 0.04330122 0.004610776 0.02640789 0.04330122 0.00494045 0.02778112 0.04330122 0.005480885 0.02908587 0.04330122 0.006218791 0.03029006 0.04330122 0.007135987 0.03136396 0.04330122 0.008209884 0.0322811 0.04330122 0.009414076 0.033019 0.04330122 0.01071882 0.0335595 0.04330122 0.01209205 0.03388917 0.04409998 -0.01649999 0.03349995 0.04409998 -0.0151506 0.03339219 0.04409998 -0.01376575 0.03304821 0.04409998 -0.01253968 0.032521 0.04409998 -0.011496 0.03187096 0.04409998 -0.01054698 0.03106725 0.04409998 -0.009724855 0.030133 0.04409998 -0.009053945 0.02909958 0.04409998 -0.0085482 0.02800327 0.04409998 -0.008210778 0.02688133 0.04409998 -0.008034765 0.02576833 0.04409998 -0.008005678 0.02468878 0.04409998 -0.008117973 0.02358859 0.04409998 -0.008386313 0.02246642 0.04409998 -0.008821189 0.02135491 0.04409998 -0.009423851 0.02029055 0.04409998 -0.01018494 0.01931047 0.04409998 -0.01108425 0.01844865 0.04409998 -0.01209247 0.01773196 0.04409998 -0.01317441 0.01717752 0.04409998 -0.01429265 0.01679158 0.04409998 -0.01541149 0.01656997 0.04409998 -0.01649999 0.01649999 0.04359996 -0.01649999 0.01599997 0.04359996 -0.007499992 0.02499997 0.04359996 -0.007636725 0.02343714 0.04359996 -0.008042752 0.02192181 0.04359996 -0.008705735 0.0205 0.04359996 -0.009605586 0.01921486 0.04359996 -0.01071488 0.01810556 0.04359996 -0.01199996 0.01720577 0.04359996 -0.01342177 0.01654273 0.04359996 -0.01493716 0.0161367 0.04359996 -0.01649999 0.03399997 0.04359996 -0.01493716 0.03386324 0.04359996 -0.01342177 0.03345721 0.04359996 -0.01199996 0.03279417 0.04359996 -0.01071488 0.03189438 0.04359996 -0.009605586 0.03078508 0.04359996 -0.008705735 0.02949994 0.04359996 -0.008042752 0.02807813 0.04359996 -0.007636725 0.0265628 0.04430121 0.01349997 0.03299999 0.04430121 0.01476997 0.03289854 0.04430121 0.01607334 0.03257477 0.04430121 0.01722729 0.03207862 0.04430121 0.01820957 0.03146678 0.04430121 0.01910281 0.03071033 0.04430121 0.01987653 0.02983105 0.04430121 0.02050799 0.02885842 0.04430121 0.02098399 0.0278266 0.04430121 0.02130156 0.02677065 0.04430121 0.0214672 0.02572315 0.04430121 0.02149462 0.02470707 0.04430121 0.02138888 0.02367162 0.04430121 0.02113634 0.02261549 0.04430121 0.02072703 0.02156937 0.04430121 0.02015984 0.02056759 0.04430121 0.01944351 0.01964515 0.04430121 0.01859712 0.01883405 0.04430121 0.01764822 0.0181595 0.04430121 0.01662987 0.01763767 0.04430121 0.01557743 0.01727443 0.04430121 0.01452445 0.01706582 0.04430121 0.01349997 0.01699995 0.04330122 0.01349997 0.01599997 0.04330122 0.02249997 0.02499997 0.04330122 0.02238917 0.02359205 0.04330122 0.0220595 0.02221882 0.04330122 0.021519 0.02091407 0.04330122 0.02078109 0.01970988 0.04330122 0.01986396 0.01863598 0.04330122 0.01879006 0.01771885 0.04330122 0.01758587 0.01698094 0.04330122 0.01628112 0.01644045 0.04330122 0.01490789 0.01611077 0.04330122 0.01349997 0.03399997 0.04330122 0.0150628 0.03386324 0.04330122 0.01657813 0.03345721 0.04330122 0.01799994 0.03279417 0.04330122 0.01928508 0.03189438 0.04330122 0.02039438 0.03078508 0.04330122 0.02129417 0.02949994 0.04330122 0.02195721 0.02807813 0.04330122 0.02236324 0.0265628 0.04409998 -0.01649999 0.05629998 0.04409998 -0.0151506 0.05619215 0.04409998 -0.01376575 0.05584818 0.04409998 -0.01253968 0.05532103 0.04409998 -0.011496 0.05467092 0.04409998 -0.01054698 0.05386728 0.04409998 -0.009724855 0.05293297 0.04409998 -0.009053945 0.05189955 0.04409998 -0.0085482 0.05080324 0.04409998 -0.008210778 0.0496813 0.04409998 -0.008034765 0.0485683 0.04409998 -0.008005678 0.04748874 0.04409998 -0.008117973 0.04638856 0.04409998 -0.008386313 0.04526644 0.04409998 -0.008821189 0.04415494 0.04409998 -0.009423851 0.04309052 0.04409998 -0.01018494 0.0421105 0.04409998 -0.01108425 0.04124867 0.04409998 -0.01209247 0.04053193 0.04409998 -0.01317441 0.03997755 0.04409998 -0.01429265 0.03959155 0.04409998 -0.01541149 0.03936994 0.04409998 -0.01649999 0.03929996 0.04359996 -0.01649999 0.0388 0.04359716 -0.007497131 0.0478 0.04359716 -0.007629394 0.04626262 0.04359728 -0.008022546 0.04477 0.04359751 -0.00866425 0.04336738 0.04359775 -0.00953722 0.04209429 0.04359811 -0.01061338 0.04098945 0.04359853 -0.01186466 0.04008376 0.04359894 -0.01324927 0.03940641 0.04359942 -0.01473343 0.03897446 0.04359972 -0.01561188 0.03884351 0.04359996 -0.01649999 0.05679994 0.04359948 -0.01496261 0.05666822 0.043599 -0.01346987 0.05627554 0.04359859 -0.01206701 0.05563426 0.04359817 -0.01079362 0.0547617 0.04359781 -0.009688436 0.05368584 0.04359751 -0.008782386 0.05243486 0.04359734 -0.008104622 0.05105048 0.04359722 -0.00767219 0.04956644 0.04359716 -0.007540941 0.04868805 0.0428 -0.009451627 0.02499997 0.04409998 -0.009451627 0.02499997 0.04409998 -0.009558737 0.02377605 0.04409998 -0.009876728 0.02258932 0.04409998 -0.01039594 0.02147579 0.04409998 -0.01110064 0.02046942 0.04409998 -0.01196938 0.01960062 0.04409998 -0.01297581 0.01889592 0.04409998 -0.01408928 0.0183767 0.04409998 -0.01527607 0.01805871 0.04409998 -0.01649999 0.01795166 0.04409998 -0.01772391 0.01805871 0.04409998 -0.01891064 0.0183767 0.04409998 -0.02002412 0.01889592 0.04409998 -0.02103054 0.01960062 0.04409998 -0.02189928 0.02046942 0.04409998 -0.02260398 0.02147579 0.04409998 -0.02312326 0.02258932 0.04409998 -0.02344125 0.02377605 0.04409998 -0.0235483 0.02499997 0.0428 -0.0235483 0.02499997 0.0428 -0.009558737 0.02377605 0.0428 -0.009876728 0.02258932 0.0428 -0.01039594 0.02147579 0.0428 -0.01110064 0.02046942 0.0428 -0.01196938 0.01960062 0.0428 -0.01297581 0.01889592 0.0428 -0.01408928 0.0183767 0.0428 -0.01527607 0.01805871 0.0428 -0.01649999 0.01795166 0.0428 -0.01772391 0.01805871 0.0428 -0.01891064 0.0183767 0.0428 -0.02002412 0.01889592 0.0428 -0.02103054 0.01960062 0.0428 -0.02189928 0.02046942 0.0428 -0.02260398 0.02147579 0.0428 -0.02312326 0.02258932 0.0428 -0.02344125 0.02377605 0.04410123 0.01999998 0.02499997 0.04430121 0.01999998 0.02499997 0.04430121 0.01990121 0.02387124 0.04430121 0.01960796 0.02277684 0.04430121 0.01912915 0.02174997 0.04430121 0.01847928 0.02082186 0.04430121 0.01767808 0.02002066 0.04430121 0.01674997 0.01937079 0.04430121 0.0157231 0.01889199 0.04430121 0.0146287 0.01859873 0.04430121 0.01349997 0.01849997 0.04430121 0.01237124 0.01859873 0.04430121 0.01127684 0.01889199 0.04430121 0.01024997 0.01937079 0.04430121 0.009321868 0.02002066 0.04430121 0.008520662 0.02082186 0.04430121 0.007870793 0.02174997 0.04430121 0.007391989 0.02277684 0.04430121 0.007098734 0.02387124 0.04430121 0.006999969 0.02499997 0.04410123 0.006999969 0.02499997 0.04410123 0.01990121 0.02387124 0.04410123 0.01960796 0.02277684 0.04410123 0.01912915 0.02174997 0.04410123 0.01847928 0.02082186 0.04410123 0.01767808 0.02002066 0.04410123 0.01674997 0.01937079 0.04410123 0.0157231 0.01889199 0.04410123 0.0146287 0.01859873 0.04410123 0.01349997 0.01849997 0.04410123 0.01237124 0.01859873 0.04410123 0.01127684 0.01889199 0.04410123 0.01024997 0.01937079 0.04410123 0.009321868 0.02002066 0.04410123 0.008520662 0.02082186 0.04410123 0.007870793 0.02174997 0.04410123 0.007391989 0.02277684 0.04410123 0.007098734 0.02387124 0.04229998 -0.01835441 0.04099994 0.04029995 -0.01835441 0.04099994 0.04229998 -0.01464557 0.04099994 0.04229998 -0.0155645 0.04081398 0.04229998 -0.01649999 0.04075163 0.04229998 -0.01743549 0.04081398 0.04029995 -0.01464557 0.04099994 0.04029995 -0.009451627 0.0478 0.04029995 -0.009545147 0.04665571 0.04029995 -0.009823203 0.04554176 0.04029995 -0.0102784 0.04448777 0.04029995 -0.01089864 0.04352164 0.04029995 -0.01166754 0.04266905 0.04029995 -0.01256465 0.04195255 0.04029995 -0.01356619 0.04139125 0.04409998 -0.009451627 0.0478 0.04409998 -0.009558737 0.04657602 0.04409998 -0.009876728 0.04538929 0.04409998 -0.01039594 0.04427582 0.04409998 -0.01110064 0.04326939 0.04409998 -0.01196938 0.04240065 0.04409998 -0.01297581 0.04169595 0.04409998 -0.01408928 0.04117673 0.04409998 -0.01527607 0.04085874 0.04409998 -0.01649999 0.04075163 0.04409998 -0.01772391 0.04085874 0.04409998 -0.01891064 0.04117673 0.04409998 -0.02002412 0.04169595 0.04409998 -0.02103054 0.04240065 0.04409998 -0.02189928 0.04326939 0.04409998 -0.02260398 0.04427582 0.04409998 -0.02312326 0.04538929 0.04409998 -0.02344125 0.04657602 0.04409998 -0.0235483 0.0478 0.04029995 -0.0235483 0.0478 0.04029995 -0.01943379 0.04139125 0.04029995 -0.02043527 0.04195255 0.04029995 -0.02133238 0.04266905 0.04029995 -0.02210128 0.04352164 0.04029995 -0.02272158 0.04448777 0.04029995 -0.02317678 0.04554176 0.04029995 -0.02345478 0.04665571 0.0428 -0.02269077 0.02499997 0.0428 -0.02259671 0.026075 0.0428 -0.0223174 0.02711737 0.0428 -0.02186131 0.02809536 0.0428 -0.02124238 0.0289793 0.0428 -0.02047932 0.02974236 0.0428 -0.01959538 0.03036135 0.0428 -0.01861733 0.03081738 0.0428 -0.01757496 0.03109669 0.0428 -0.01649999 0.03119075 0.0428 -0.01542496 0.03109669 0.0428 -0.0143826 0.03081738 0.0428 -0.0134046 0.03036135 0.0428 -0.01252061 0.02974236 0.0428 -0.01175755 0.0289793 0.0428 -0.01113861 0.02809536 0.0428 -0.01068258 0.02711737 0.0428 -0.01040327 0.026075 0.0428 -0.01030921 0.02499997 0.04409998 -0.02269077 0.02499997 0.04409998 -0.02259671 0.026075 0.04409998 -0.0223174 0.02711737 0.04409998 -0.02186131 0.02809536 0.04409998 -0.02124238 0.0289793 0.04409998 -0.02047932 0.02974236 0.04409998 -0.01959538 0.03036135 0.04409998 -0.01861733 0.03081738 0.04409998 -0.01757496 0.03109669 0.04409998 -0.01649999 0.03119075 0.04409998 -0.01542496 0.03109669 0.04409998 -0.0143826 0.03081738 0.04409998 -0.0134046 0.03036135 0.04409998 -0.01252061 0.02974236 0.04409998 -0.01175755 0.0289793 0.04409998 -0.01113861 0.02809536 0.04409998 -0.01068258 0.02711737 0.04409998 -0.01040327 0.026075 0.04409998 -0.01030921 0.02499997 0.04410123 0.007799983 0.02499997 0.04410123 0.007886588 0.02598977 0.04410123 0.008143723 0.02694946 0.04410123 0.008563637 0.02784997 0.04410123 0.009133517 0.02866387 0.04410123 0.009836077 0.02936643 0.04410123 0.01064997 0.02993631 0.04410123 0.01155048 0.03035622 0.04410123 0.01251018 0.03061336 0.04410123 0.01349997 0.03069996 0.04410123 0.01448976 0.03061336 0.04410123 0.01544946 0.03035622 0.04410123 0.01634997 0.02993631 0.04410123 0.01716387 0.02936643 0.04410123 0.01786643 0.02866387 0.04410123 0.01843631 0.02784997 0.04410123 0.01885622 0.02694946 0.04410123 0.01911336 0.02598977 0.04410123 0.01919996 0.02499997 0.04430121 0.007799983 0.02499997 0.04430121 0.007886588 0.02598977 0.04430121 0.008143723 0.02694946 0.04430121 0.008563637 0.02784997 0.04430121 0.009133517 0.02866387 0.04430121 0.009836077 0.02936643 0.04430121 0.01064997 0.02993631 0.04430121 0.01155048 0.03035622 0.04430121 0.01251018 0.03061336 0.04430121 0.01349997 0.03069996 0.04430121 0.01448976 0.03061336 0.04430121 0.01544946 0.03035622 0.04430121 0.01634997 0.02993631 0.04430121 0.01716387 0.02936643 0.04430121 0.01786643 0.02866387 0.04430121 0.01843631 0.02784997 0.04430121 0.01885622 0.02694946 0.04430121 0.01911336 0.02598977 0.04430121 0.01919996 0.02499997 0.04029995 -0.02269077 0.0478 0.04029995 -0.02259671 0.04887497 0.04029995 -0.0223174 0.04991734 0.04029995 -0.02186131 0.05089533 0.04029995 -0.02124238 0.05177932 0.04029995 -0.02047932 0.05254238 0.04029995 -0.01959538 0.05316132 0.04029995 -0.01861733 0.05361741 0.04029995 -0.01757496 0.05389666 0.04029995 -0.01649999 0.05399072 0.04029995 -0.01542496 0.05389666 0.04029995 -0.0143826 0.05361741 0.04029995 -0.0134046 0.05316132 0.04029995 -0.01252061 0.05254238 0.04029995 -0.01175755 0.05177932 0.04029995 -0.01113861 0.05089533 0.04029995 -0.01068258 0.04991734 0.04029995 -0.01040327 0.04887497 0.04029995 -0.01030921 0.0478 0.04409998 -0.02269077 0.0478 0.04409998 -0.02259671 0.04887497 0.04409998 -0.0223174 0.04991734 0.04409998 -0.02186131 0.05089533 0.04409998 -0.02124238 0.05177932 0.04409998 -0.02047932 0.05254238 0.04409998 -0.01959538 0.05316132 0.04409998 -0.01861733 0.05361741 0.04409998 -0.01757496 0.05389666 0.04409998 -0.01649999 0.05399072 0.04409998 -0.01542496 0.05389666 0.04409998 -0.0143826 0.05361741 0.04409998 -0.0134046 0.05316132 0.04409998 -0.01252061 0.05254238 0.04409998 -0.01175755 0.05177932 0.04409998 -0.01113861 0.05089533 0.04409998 -0.01068258 0.04991734 0.04409998 -0.01040327 0.04887497 0.04409998 -0.01030921 0.0478 0.0428 -0.01174724 0.02610993 0.04409998 -0.01174724 0.02610993 0.04409998 -0.01176309 0.02592885 0.04409998 -0.01181012 0.02575331 0.04409998 -0.01188695 0.02558857 0.04409998 -0.0119912 0.02543967 0.04409998 -0.01211977 0.02531111 0.04409998 -0.01226866 0.02520686 0.04409998 -0.0124334 0.02513003 0.04409998 -0.012609 0.025083 0.04409998 -0.01279008 0.02506715 0.04409998 -0.01297116 0.025083 0.04409998 -0.01314669 0.02513003 0.04409998 -0.01331144 0.02520686 0.04409998 -0.01346033 0.02531111 0.04409998 -0.0135889 0.02543967 0.04409998 -0.01369315 0.02558857 0.04409998 -0.01376998 0.02575331 0.04409998 -0.01381701 0.02592885 0.04409998 -0.01383286 0.02610993 0.0428 -0.01383286 0.02610993 0.0428 -0.01176309 0.02592885 0.0428 -0.01181012 0.02575331 0.0428 -0.01188695 0.02558857 0.0428 -0.0119912 0.02543967 0.0428 -0.01211977 0.02531111 0.0428 -0.01226866 0.02520686 0.0428 -0.0124334 0.02513003 0.0428 -0.012609 0.025083 0.0428 -0.01279008 0.02506715 0.0428 -0.01297116 0.025083 0.0428 -0.01314669 0.02513003 0.0428 -0.01331144 0.02520686 0.0428 -0.01346033 0.02531111 0.0428 -0.0135889 0.02543967 0.0428 -0.01369315 0.02558857 0.0428 -0.01376998 0.02575331 0.0428 -0.01381701 0.02592885 0.0428 -0.01434719 0.02129006 0.04409998 -0.01434719 0.02129006 0.04409998 -0.01436305 0.02110898 0.04409998 -0.01441007 0.02093338 0.04409998 -0.0144869 0.02076864 0.04409998 -0.01459115 0.02061975 0.04409998 -0.01471972 0.02049124 0.04409998 -0.01486861 0.02038699 0.04409998 -0.01503336 0.02031016 0.04409998 -0.01520889 0.02026307 0.04409998 -0.01539003 0.02024728 0.04409998 -0.01557111 0.02026307 0.04409998 -0.01574665 0.02031016 0.04409998 -0.0159114 0.02038699 0.04409998 -0.01606029 0.02049124 0.04409998 -0.01618885 0.02061975 0.04409998 -0.0162931 0.02076864 0.04409998 -0.01636993 0.02093338 0.04409998 -0.01641696 0.02110898 0.04409998 -0.01643282 0.02129006 0.0428 -0.01643282 0.02129006 0.0428 -0.01436305 0.02110898 0.0428 -0.01441007 0.02093338 0.0428 -0.0144869 0.02076864 0.0428 -0.01459115 0.02061975 0.0428 -0.01471972 0.02049124 0.0428 -0.01486861 0.02038699 0.0428 -0.01503336 0.02031016 0.0428 -0.01520889 0.02026307 0.0428 -0.01539003 0.02024728 0.0428 -0.01557111 0.02026307 0.0428 -0.01574665 0.02031016 0.0428 -0.0159114 0.02038699 0.0428 -0.01606029 0.02049124 0.0428 -0.01618885 0.02061975 0.0428 -0.0162931 0.02076864 0.0428 -0.01636993 0.02093338 0.0428 -0.01641696 0.02110898 0.0428 -0.01916712 0.02389001 0.04409998 -0.01916712 0.02389001 0.04409998 -0.01918292 0.02370893 0.04409998 -0.01923 0.02353334 0.04409998 -0.01930683 0.02336859 0.04409998 -0.01941108 0.0232197 0.04409998 -0.01953959 0.02309119 0.04409998 -0.01968848 0.02298694 0.04409998 -0.01985323 0.02291011 0.04409998 -0.02002882 0.02286303 0.04409998 -0.0202099 0.02284723 0.04409998 -0.02039098 0.02286303 0.04409998 -0.02056658 0.02291011 0.04409998 -0.02073127 0.02298694 0.04409998 -0.02088022 0.02309119 0.04409998 -0.02100872 0.0232197 0.04409998 -0.02111297 0.02336859 0.04409998 -0.0211898 0.02353334 0.04409998 -0.02123683 0.02370893 0.04409998 -0.02125269 0.02389001 0.0428 -0.02125269 0.02389001 0.0428 -0.01918292 0.02370893 0.0428 -0.01923 0.02353334 0.0428 -0.01930683 0.02336859 0.0428 -0.01941108 0.0232197 0.0428 -0.01953959 0.02309119 0.0428 -0.01968848 0.02298694 0.0428 -0.01985323 0.02291011 0.0428 -0.02002882 0.02286303 0.0428 -0.0202099 0.02284723 0.0428 -0.02039098 0.02286303 0.0428 -0.02056658 0.02291011 0.0428 -0.02073127 0.02298694 0.0428 -0.02088022 0.02309119 0.0428 -0.02100872 0.0232197 0.0428 -0.02111297 0.02336859 0.0428 -0.0211898 0.02353334 0.0428 -0.02123683 0.02370893 0.0428 -0.01656717 0.02870988 0.04409998 -0.01656717 0.02870988 0.04409998 -0.01658296 0.0285288 0.04409998 -0.01663005 0.02835321 0.04409998 -0.01670688 0.02818852 0.04409998 -0.01681113 0.02803957 0.04409998 -0.01693964 0.02791106 0.04409998 -0.01708853 0.02780681 0.04409998 -0.01725327 0.02772998 0.04409998 -0.01742887 0.02768296 0.04409998 -0.01760995 0.0276671 0.04409998 -0.01779103 0.02768296 0.04409998 -0.01796662 0.02772998 0.04409998 -0.01813137 0.02780681 0.04409998 -0.01828026 0.02791106 0.04409998 -0.01840877 0.02803957 0.04409998 -0.01851302 0.02818852 0.04409998 -0.01858985 0.02835321 0.04409998 -0.01863688 0.0285288 0.04409998 -0.01865273 0.02870988 0.0428 -0.01865273 0.02870988 0.0428 -0.01658296 0.0285288 0.0428 -0.01663005 0.02835321 0.0428 -0.01670688 0.02818852 0.0428 -0.01681113 0.02803957 0.0428 -0.01693964 0.02791106 0.0428 -0.01708853 0.02780681 0.0428 -0.01725327 0.02772998 0.0428 -0.01742887 0.02768296 0.0428 -0.01760995 0.0276671 0.0428 -0.01779103 0.02768296 0.0428 -0.01796662 0.02772998 0.0428 -0.01813137 0.02780681 0.0428 -0.01828026 0.02791106 0.0428 -0.01840877 0.02803957 0.0428 -0.01851302 0.02818852 0.0428 -0.01858985 0.02835321 0.0428 -0.01863688 0.0285288 0.04029995 -0.01174724 0.04890996 0.04409998 -0.01174724 0.04890996 0.04409998 -0.01176309 0.04872888 0.04409998 -0.01181012 0.04855328 0.04409998 -0.01188695 0.04838854 0.04409998 -0.0119912 0.04823964 0.04409998 -0.01211977 0.04811114 0.04409998 -0.01226866 0.04800683 0.04409998 -0.0124334 0.04793006 0.04409998 -0.012609 0.04788297 0.04409998 -0.01279008 0.04786717 0.04409998 -0.01297116 0.04788297 0.04409998 -0.01314669 0.04793006 0.04409998 -0.01331144 0.04800683 0.04409998 -0.01346033 0.04811114 0.04409998 -0.0135889 0.04823964 0.04409998 -0.01369315 0.04838854 0.04409998 -0.01376998 0.04855328 0.04409998 -0.01381701 0.04872888 0.04409998 -0.01383286 0.04890996 0.04029995 -0.01383286 0.04890996 0.04029995 -0.01176309 0.04872888 0.04029995 -0.01181012 0.04855328 0.04029995 -0.01188695 0.04838854 0.04029995 -0.0119912 0.04823964 0.04029995 -0.01211977 0.04811114 0.04029995 -0.01226866 0.04800683 0.04029995 -0.0124334 0.04793006 0.04029995 -0.012609 0.04788297 0.04029995 -0.01279008 0.04786717 0.04029995 -0.01297116 0.04788297 0.04029995 -0.01314669 0.04793006 0.04029995 -0.01331144 0.04800683 0.04029995 -0.01346033 0.04811114 0.04029995 -0.0135889 0.04823964 0.04029995 -0.01369315 0.04838854 0.04029995 -0.01376998 0.04855328 0.04029995 -0.01381701 0.04872888 0.04029995 -0.01434719 0.04409003 0.04409998 -0.01434719 0.04409003 0.04409998 -0.01436305 0.04390895 0.04409998 -0.01441007 0.04373341 0.04409998 -0.0144869 0.04356867 0.04409998 -0.01459115 0.04341977 0.04409998 -0.01471972 0.04329121 0.04409998 -0.01486861 0.04318696 0.04409998 -0.01503336 0.04311013 0.04409998 -0.01520889 0.0430631 0.04409998 -0.01539003 0.04304724 0.04409998 -0.01557111 0.0430631 0.04409998 -0.01574665 0.04311013 0.04409998 -0.0159114 0.04318696 0.04409998 -0.01606029 0.04329121 0.04409998 -0.01618885 0.04341977 0.04409998 -0.0162931 0.04356867 0.04409998 -0.01636993 0.04373341 0.04409998 -0.01641696 0.04390895 0.04409998 -0.01643282 0.04409003 0.04029995 -0.01643282 0.04409003 0.04029995 -0.01436305 0.04390895 0.04029995 -0.01441007 0.04373341 0.04029995 -0.0144869 0.04356867 0.04029995 -0.01459115 0.04341977 0.04029995 -0.01471972 0.04329121 0.04029995 -0.01486861 0.04318696 0.04029995 -0.01503336 0.04311013 0.04029995 -0.01520889 0.0430631 0.04029995 -0.01539003 0.04304724 0.04029995 -0.01557111 0.0430631 0.04029995 -0.01574665 0.04311013 0.04029995 -0.0159114 0.04318696 0.04029995 -0.01606029 0.04329121 0.04029995 -0.01618885 0.04341977 0.04029995 -0.0162931 0.04356867 0.04029995 -0.01636993 0.04373341 0.04029995 -0.01641696 0.04390895 0.04029995 -0.01916712 0.04668998 0.04409998 -0.01916712 0.04668998 0.04409998 -0.01918292 0.0465089 0.04409998 -0.01923 0.04633337 0.04409998 -0.01930683 0.04616862 0.04409998 -0.01941108 0.04601973 0.04409998 -0.01953959 0.04589116 0.04409998 -0.01968848 0.04578691 0.04409998 -0.01985323 0.04571008 0.04409998 -0.02002882 0.04566305 0.04409998 -0.0202099 0.0456472 0.04409998 -0.02039098 0.04566305 0.04409998 -0.02056658 0.04571008 0.04409998 -0.02073127 0.04578691 0.04409998 -0.02088022 0.04589116 0.04409998 -0.02100872 0.04601973 0.04409998 -0.02111297 0.04616862 0.04409998 -0.0211898 0.04633337 0.04409998 -0.02123683 0.0465089 0.04409998 -0.02125269 0.04668998 0.04029995 -0.02125269 0.04668998 0.04029995 -0.01918292 0.0465089 0.04029995 -0.01923 0.04633337 0.04029995 -0.01930683 0.04616862 0.04029995 -0.01941108 0.04601973 0.04029995 -0.01953959 0.04589116 0.04029995 -0.01968848 0.04578691 0.04029995 -0.01985323 0.04571008 0.04029995 -0.02002882 0.04566305 0.04029995 -0.0202099 0.0456472 0.04029995 -0.02039098 0.04566305 0.04029995 -0.02056658 0.04571008 0.04029995 -0.02073127 0.04578691 0.04029995 -0.02088022 0.04589116 0.04029995 -0.02100872 0.04601973 0.04029995 -0.02111297 0.04616862 0.04029995 -0.0211898 0.04633337 0.04029995 -0.02123683 0.0465089 0.04029995 -0.01656717 0.05150991 0.04409998 -0.01656717 0.05150991 0.04409998 -0.01658296 0.05132883 0.04409998 -0.01663005 0.05115324 0.04409998 -0.01670688 0.05098849 0.04409998 -0.01681113 0.0508396 0.04409998 -0.01693964 0.05071109 0.04409998 -0.01708853 0.05060678 0.04409998 -0.01725327 0.05053001 0.04409998 -0.01742887 0.05048292 0.04409998 -0.01760995 0.05046707 0.04409998 -0.01779103 0.05048292 0.04409998 -0.01796662 0.05053001 0.04409998 -0.01813137 0.05060678 0.04409998 -0.01828026 0.05071109 0.04409998 -0.01840877 0.0508396 0.04409998 -0.01851302 0.05098849 0.04409998 -0.01858985 0.05115324 0.04409998 -0.01863688 0.05132883 0.04409998 -0.01865273 0.05150991 0.04029995 -0.01865273 0.05150991 0.04029995 -0.01658296 0.05132883 0.04029995 -0.01663005 0.05115324 0.04029995 -0.01670688 0.05098849 0.04029995 -0.01681113 0.0508396 0.04029995 -0.01693964 0.05071109 0.04029995 -0.01708853 0.05060678 0.04029995 -0.01725327 0.05053001 0.04029995 -0.01742887 0.05048292 0.04029995 -0.01760995 0.05046707 0.04029995 -0.01779103 0.05048292 0.04029995 -0.01796662 0.05053001 0.04029995 -0.01813137 0.05060678 0.04029995 -0.01828026 0.05071109 0.04029995 -0.01840877 0.0508396 0.04029995 -0.01851302 0.05098849 0.04029995 -0.01858985 0.05115324 0.04029995 -0.01863688 0.05132883 0.05670779 -0.01649981 0.1103698 0.05667817 -0.01687645 0.1103698 0.05659002 -0.01724386 0.1103698 0.05644547 -0.01759296 0.1103698 0.05624806 -0.01791512 0.1103698 0.05600267 -0.01820242 0.1103698 0.05571538 -0.01844787 0.1103698 0.05539327 -0.01864528 0.1103698 0.05504417 -0.01878988 0.1103698 0.05467683 -0.01887816 0.1103698 0.05430012 -0.01890778 0.1103698 0.0543003 -0.02149999 0.0733 0.05509406 -0.02143651 0.0733 0.05590867 -0.02123409 0.0733 0.05662989 -0.02092397 0.0733 0.05724376 -0.02054148 0.0733 0.05780202 -0.0200687 0.0733 0.05828553 -0.01951915 0.0733 0.05868017 -0.01891118 0.0733 0.0589776 -0.01826632 0.0733 0.05917602 -0.01760631 0.0733 0.05927956 -0.01695162 0.0733 0.0592966 -0.01631659 0.0733 0.0592305 -0.0156694 0.0733 0.05907261 -0.01500934 0.0733 0.05881679 -0.01435554 0.0733 0.0584622 -0.01372945 0.0733 0.05801445 -0.01315295 0.0733 0.05748546 -0.01264601 0.0733 0.05689233 -0.01222449 0.0733 0.05625587 -0.01189839 0.0733 0.05559808 -0.01167142 0.0733 0.05493992 -0.01154112 0.0733 0.05429965 -0.0115 0.0733 0.05429983 -0.01409214 0.1103698 0.05471795 -0.01412868 0.1103698 0.05512332 -0.01423728 0.1103698 0.05550372 -0.01441466 0.1103698 0.05584758 -0.01465535 0.1103698 0.05614435 -0.01495212 0.1103698 0.05638515 -0.01529592 0.1103698 0.05656254 -0.01567631 0.1103698 0.0566712 -0.01608169 0.1103698 0.05524909 -0.01410204 0.1079231 0.05524945 -0.01889777 0.1079231 0.05572611 -0.01289695 0.08938819 0.05572658 -0.02010279 0.08938819 0.05618393 -0.01461577 0.1066997 0.05624437 -0.01455527 0.1054764 0.05597525 -0.01834672 0.1091464 0.05618417 -0.01838392 0.1066997 0.05624467 -0.01844441 0.1054764 0.05535262 -0.01384055 0.103901 0.05664211 -0.01415753 0.09743231 0.05681705 -0.01550328 0.1060881 0.05685681 -0.01548755 0.1054764 0.05681723 -0.01749634 0.1060881 0.05685698 -0.01751208 0.1054764 0.05704998 -0.01649975 0.1054764 0.05535298 -0.01915925 0.103901 0.05664241 -0.0188421 0.09743231 0.05761247 -0.01649975 0.09743231 0.05707263 -0.01831239 0.09743231 0.05817496 -0.01649969 0.08938819 0.05754321 -0.01437932 0.08938819 0.0570724 -0.01468718 0.09743231 0.05732804 -0.01325619 0.08134406 0.0575577 -0.01348686 0.08134406 0.05776947 -0.01373338 0.08134406 0.05796194 -0.01399368 0.08134406 0.05754351 -0.01862019 0.08938819 0.05746382 -0.01961147 0.08134406 0.05768328 -0.01937133 0.08134406 0.05806457 -0.01884925 0.08134406 0.05788397 -0.01911652 0.08134406 0.05596435 -0.01208448 0.077322 0.05873674 -0.01641869 0.08134406 0.05605465 -0.0208804 0.077322 0.05628335 -0.01451635 0.1046887 0.05700719 -0.01649981 0.1060881 0.05628359 -0.01848334 0.1046887 0.05808329 -0.01392203 0.07933306 0.05758535 -0.01291948 0.075311 0.05783897 -0.01316994 0.075311 0.05807328 -0.01343798 0.075311 0.0582866 -0.0137214 0.075311 0.05816322 -0.01895654 0.07933306 0.05823063 -0.0193572 0.075311 0.05801141 -0.01963663 0.075311 0.05777162 -0.01990014 0.075311 0.05688244 -0.01547741 0.1050826 0.05688256 -0.01752221 0.1050826 0.05714392 -0.01537382 0.1010605 0.0571441 -0.01762568 0.1010605 0.05887764 -0.01643705 0.07933306 0.05901795 -0.01641356 0.077322 0.05915915 -0.01654148 0.075311 0.05639249 -0.01440715 0.1024808 0.0573588 -0.01649975 0.1010605 0.05639278 -0.01859247 0.1024808 0.05768162 -0.01649999 0.0733 0.05763024 -0.01591277 0.0733 0.05747771 -0.01534336 0.0733 0.05722856 -0.01480913 0.0733 0.05689048 -0.01432627 0.0733 0.05647367 -0.01390945 0.0733 0.05599081 -0.01357138 0.0733 0.05545657 -0.01332223 0.0733 0.05488717 -0.0131697 0.0733 0.05430001 -0.01311832 0.0733 0.05371278 -0.0131697 0.0733 0.05314338 -0.01332223 0.0733 0.05260914 -0.01357138 0.0733 0.05212628 -0.01390945 0.0733 0.05170947 -0.01432627 0.0733 0.05137139 -0.01480913 0.0733 0.05112224 -0.01534336 0.0733 0.05096971 -0.01591277 0.0733 0.05091834 -0.01649999 0.0733 0.05768162 -0.01649999 0.06729996 0.05729997 -0.0149393 0.06729996 0.05751019 -0.01543688 0.06729996 0.05763852 -0.01596158 0.06729996 0.05702739 -0.01450073 0.06729996 0.05669116 -0.01410877 0.06729996 0.0562992 -0.0137726 0.06729996 0.05586063 -0.01349997 0.06729996 0.05536305 -0.01328974 0.06729996 0.05483841 -0.01316148 0.06729996 0.05430001 -0.01311832 0.06729996 0.05376154 -0.01316148 0.06729996 0.0532369 -0.01328974 0.06729996 0.05273932 -0.01349997 0.06729996 0.05230075 -0.0137726 0.06729996 0.05190879 -0.01410877 0.06729996 0.05157256 -0.01450073 0.06729996 0.05129998 -0.0149393 0.06729996 0.05129998 -0.0149393 0.06798297 0.05111169 -0.01537263 0.06813788 0.05103254 -0.01562845 0.06820386 0.05097287 -0.01589506 0.06825393 0.05093431 -0.01617121 0.06828641 0.05092233 -0.01633489 0.06829655 0.05091834 -0.01649999 0.0683 0.002499997 0.04699999 0 0.002499997 0.04699999 0.0398668 5.49108e-6 0.04449999 0.05161696 1.85527e-4 0.04450684 0.05157214 2.90707e-4 0.04451692 0.05150681 4.23208e-4 0.04453599 0.05138349 5.89535e-4 0.04457044 0.05116271 7.45945e-4 0.04461359 0.05088984 8.91909e-4 0.04466438 0.05057334 0.001553654 0.04504126 0.04837328 0.002248466 0.04590666 0.04412233 0 0.04449999 0.05161702 -1.80297e-4 0.04450649 0.05157464 -2.85909e-4 0.04451638 0.05151039 -4.18104e-4 0.04453516 0.05138909 -5.84051e-4 0.04456913 0.05117118 -8.60319e-4 0.04465252 0.05064702 -0.001203775 0.04480892 0.04969984 -0.001531839 0.04502421 0.04846757 -0.00224328 0.04589605 0.04416882 -0.002499938 0.04699999 0.0398668 -0.002499938 0.04699999 0 0.002462029 0.04656583 0 0.002349197 0.0461449 0 0.002165019 0.04574996 0 0.001915097 0.04539299 0 0.001606941 0.04508483 0 0.001249969 0.04483491 0 8.55058e-4 0.04465073 0 4.3413e-4 0.04453796 0 0 0.04449999 0 -4.34115e-4 0.04453796 0 -8.55043e-4 0.04465073 0 -0.001249969 0.04483491 0 -0.001606941 0.04508483 0 -0.001915097 0.04539299 0 -0.002165019 0.04574996 0 -0.002349197 0.0461449 0 -0.002461969 0.04656583 0 -0.03275406 -0.03021097 0 -0.03275406 -0.03021097 0.00999999 -0.03280341 -0.03077536 0.00999999 -0.03295004 -0.03132253 0.00999999 -0.03318947 -0.03183597 0.00999999 -0.03351444 -0.03230005 0.00999999 -0.03391498 -0.03270065 0.00999999 -0.03437906 -0.03302556 0.00999999 -0.03489249 -0.03326499 0.00999999 -0.03543967 -0.03341162 0.00999999 -0.03600406 -0.03346097 0.00999999 -0.0365684 -0.03341162 0.00999999 -0.03711563 -0.03326499 0.00999999 -0.03762906 -0.03302556 0.00999999 -0.03809309 -0.03270065 0.00999999 -0.03849369 -0.03230005 0.00999999 -0.03881865 -0.03183597 0.00999999 -0.03905802 -0.03132253 0.00999999 -0.03920465 -0.03077536 0.00999999 -0.03925406 -0.03021097 0.00999999 -0.03925406 -0.03021097 0 -0.03280341 -0.03077536 0 -0.03295004 -0.03132253 0 -0.03318947 -0.03183597 0 -0.03351444 -0.03230005 0 -0.03391498 -0.03270065 0 -0.03437906 -0.03302556 0 -0.03489249 -0.03326499 0 -0.03543967 -0.03341162 0 -0.03600406 -0.03346097 0 -0.0365684 -0.03341162 0 -0.03711563 -0.03326499 0 -0.03762906 -0.03302556 0 -0.03809309 -0.03270065 0 -0.03849369 -0.03230005 0 -0.03881865 -0.03183597 0 -0.03905802 -0.03132253 0 -0.03920465 -0.03077536 0 -0.03275406 0.03021097 0 -0.03275406 0.03021097 0.00999999 -0.03280341 0.02964663 0.00999999 -0.03295004 0.0290994 0.00999999 -0.03318947 0.02858597 0.00999999 -0.03351444 0.02812194 0.00999999 -0.03391498 0.02772134 0.00999999 -0.03437906 0.02739638 0.00999999 -0.03489249 0.027157 0.00999999 -0.03543967 0.02701038 0.00999999 -0.03600406 0.02696096 0.00999999 -0.0365684 0.02701038 0.00999999 -0.03711563 0.027157 0.00999999 -0.03762906 0.02739638 0.00999999 -0.03809309 0.02772134 0.00999999 -0.03849369 0.02812194 0.00999999 -0.03881865 0.02858597 0.00999999 -0.03905802 0.0290994 0.00999999 -0.03920465 0.02964663 0.00999999 -0.03925406 0.03021097 0.00999999 -0.03925406 0.03021097 0 -0.03280341 0.02964663 0 -0.03295004 0.0290994 0 -0.03318947 0.02858597 0 -0.03351444 0.02812194 0 -0.03391498 0.02772134 0 -0.03437906 0.02739638 0 -0.03489249 0.027157 0 -0.03543967 0.02701038 0 -0.03600406 0.02696096 0 -0.0365684 0.02701038 0 -0.03711563 0.027157 0 -0.03762906 0.02739638 0 -0.03809309 0.02772134 0 -0.03849369 0.02812194 0 -0.03881865 0.02858597 0 -0.03905802 0.0290994 0 -0.03920465 0.02964663 0 0.02674996 -0.04070317 0 0.02674996 -0.04070317 0.00999999 0.02670061 -0.04126751 0.00999999 0.02655398 -0.04181474 0.00999999 0.02631455 -0.04232817 0.00999999 0.02598965 -0.04279226 0.00999999 0.02558904 -0.0431928 0.00999999 0.02512496 -0.04351776 0.00999999 0.02461153 -0.0437572 0.00999999 0.02406436 -0.04390382 0.00999999 0.02349996 -0.04395318 0.00999999 0.02293562 -0.04390382 0.00999999 0.02238839 -0.0437572 0.00999999 0.02187496 -0.04351776 0.00999999 0.02141094 -0.0431928 0.00999999 0.02101033 -0.04279226 0.00999999 0.02068537 -0.04232817 0.00999999 0.020446 -0.04181474 0.00999999 0.02029937 -0.04126751 0.00999999 0.02024996 -0.04070317 0.00999999 0.02024996 -0.04070317 0 0.02670061 -0.04126751 0 0.02655398 -0.04181474 0 0.02631455 -0.04232817 0 0.02598965 -0.04279226 0 0.02558904 -0.0431928 0 0.02512496 -0.04351776 0 0.02461153 -0.0437572 0 0.02406436 -0.04390382 0 0.02349996 -0.04395318 0 0.02293562 -0.04390382 0 0.02238839 -0.0437572 0 0.02187496 -0.04351776 0 0.02141094 -0.0431928 0 0.02101033 -0.04279226 0 0.02068537 -0.04232817 0 0.020446 -0.04181474 0 0.02029937 -0.04126751 0 0.02674996 0.04070317 0 0.02674996 0.04070317 0.00999999 0.02670061 0.04013884 0.00999999 0.02655398 0.03959161 0.00999999 0.02631455 0.03907817 0.00999999 0.02598965 0.03861409 0.00999999 0.02558904 0.03821355 0.00999999 0.02512496 0.03788858 0.00999999 0.02461153 0.03764915 0.00999999 0.02406436 0.03750252 0.00999999 0.02349996 0.03745317 0.00999999 0.02293562 0.03750252 0.00999999 0.02238839 0.03764915 0.00999999 0.02187496 0.03788858 0.00999999 0.02141094 0.03821355 0.00999999 0.02101033 0.03861409 0.00999999 0.02068537 0.03907817 0.00999999 0.020446 0.03959161 0.00999999 0.02029937 0.04013884 0.00999999 0.02024996 0.04070317 0.00999999 0.02024996 0.04070317 0 0.02670061 0.04013884 0 0.02655398 0.03959161 0 0.02631455 0.03907817 0 0.02598965 0.03861409 0 0.02558904 0.03821355 0 0.02512496 0.03788858 0 0.02461153 0.03764915 0 0.02406436 0.03750252 0 0.02349996 0.03745317 0 0.02293562 0.03750252 0 0.02238839 0.03764915 0 0.02187496 0.03788858 0 0.02141094 0.03821355 0 0.02101033 0.03861409 0 0.02068537 0.03907817 0 0.020446 0.03959161 0 0.02029937 0.04013884 0 0.04142892 0.03541672 0 0.04140335 0.03509777 0 0.04132723 0.03478699 0 0.04120248 0.03449231 0 0.04103237 0.03422135 0 0.04082125 0.0339809 0 0.04057443 0.03377723 0 0.04029834 0.03361558 0 0.03999996 0.03349995 0 0.04142892 0.03541672 2e-4 0.03999996 0.03349995 2e-4 0.04028999 0.03361207 2.00085e-4 0.04055923 0.03376775 2.0016e-4 0.04080146 0.03396278 2.00219e-4 0.04101067 0.0341928 2.00257e-4 0.04118096 0.03445297 2.0026e-4 0.04130882 0.03473645 2.00231e-4 0.04139178 0.03503614 2.00156e-4 0.04141956 0.03522551 2.00085e-4 0.04091686 -0.03675323 1.99817e-4 0.04091686 -0.03675323 0 0.04142892 -0.03541672 0 0.04140758 -0.03570842 0 0.04134386 -0.03599387 0 0.0412392 -0.03626698 0 0.04109585 -0.03652191 0 0.04142892 -0.03541672 2e-4 0.04111075 -0.03649896 1.99955e-4 0.04126179 -0.03621709 2.00037e-4 0.04134553 -0.03598815 2.00063e-4 0.04140013 -0.0357545 2.00059e-4 0.04142171 -0.03558623 2.00037e-4 0.03999996 0.03349995 0.02308863 0.03999996 0.03349995 2e-4 0.03999996 0.03349995 0.02409815 0.03999996 0.03349995 0.02752566 0.03999996 0.03349995 0.07199996 0.03999996 -0.03349995 0.07199996 0.03999996 -0.03349995 0.02752566 0.03999996 -0.03349995 0.02409809 0.03999996 -0.03349995 0.02308863 0.03999996 -0.03349995 2e-4 0.03999996 -0.03349995 0 0.03999996 0.03349995 0 0.03999996 -0.01628714 0.0602979 0.03999996 -0.005569756 0.05386447 0.03999996 -0.005782604 0.04136633 0.03999996 -0.01671278 0.0353015 0.03999996 -0.02743011 0.04173493 0.03999996 -0.02721726 0.05423313 0.03999996 0.008999943 0.0583235 0.03999996 -0.004199981 0.0583235 0.03999996 -0.004199981 0.06432348 0.03999996 0.008999943 0.06432348 0.03999996 0.02529996 0.0583235 0.03999996 0.01209998 0.0583235 0.03999996 0.01209998 0.06432348 0.03999996 0.02529996 0.06432348 0.03999996 -0.005202412 0.05262291 0.03999996 0.02619749 0.05262291 0.03999996 0.02619749 0.03912293 0.03999996 -0.005202412 0.03912293 0.03999996 0.005499958 0.02499997 0.03999996 0.005621492 0.02638918 0.03999996 0.005982458 0.02773612 0.03999996 0.006571769 0.02899998 0.03999996 0.007371604 0.0301423 0.03999996 0.008357644 0.03112834 0.03999996 0.009499967 0.03192818 0.03999996 0.01076382 0.03251749 0.03999996 0.01211076 0.03287845 0.03999996 0.01349997 0.03299999 0.03999996 0.01488918 0.03287845 0.03999996 0.01623612 0.03251749 0.03999996 0.01749998 0.03192818 0.03999996 0.01864224 0.03112834 0.03999996 0.01962834 0.0301423 0.03999996 0.02042818 0.02899998 0.03999996 0.02101749 0.02773612 0.03999996 0.02137845 0.02638918 0.03999996 0.02149999 0.02499997 0.03999996 0.02137845 0.02361077 0.03999996 0.02101749 0.02226382 0.03999996 0.02042818 0.02099996 0.03999996 0.01962834 0.0198577 0.03999996 0.01864224 0.0188716 0.03999996 0.01749998 0.01807177 0.03999996 0.01623612 0.01748245 0.03999996 0.01488918 0.01712149 0.03999996 0.01349997 0.01699995 0.03999996 0.01211076 0.01712149 0.03999996 0.01076382 0.01748245 0.03999996 0.009499967 0.01807177 0.03999996 0.008357644 0.0188716 0.03999996 0.007371604 0.0198577 0.03999996 0.006571769 0.02099996 0.03999996 0.005982458 0.02226382 0.03999996 0.005621492 0.02361077 0.04142892 -0.03541672 0 0.04142892 -0.03541672 2e-4 0.03999996 -0.03349995 0 0.04029834 -0.03361558 0 0.04057443 -0.03377729 0 0.04082125 -0.0339809 0 0.04103237 -0.03422135 0 0.04120248 -0.03449231 0 0.04132723 -0.03478699 0 0.04140335 -0.03509777 0 0.03999996 -0.03349995 2e-4 0.0414043 -0.03510677 2.0013e-4 0.041332 -0.03480434 2.00216e-4 0.04121428 -0.03451645 2.00257e-4 0.04105359 -0.03425031 2.0026e-4 0.04085284 -0.03401285 2.00231e-4 0.04061764 -0.03380936 2.00178e-4 0.04035413 -0.03364425 2.00104e-4 0.04018056 -0.03356355 2.00052e-4 0.04142892 0.03541672 0 0.04142892 0.03541672 2e-4 0.04091686 0.03675323 0 0.04109585 0.03652191 0 0.0412392 0.03626698 0 0.04134386 0.03599387 0 0.04140758 0.03570842 0 0.04091686 0.03675323 2e-4 0.04140329 0.03573542 2.00097e-4 0.04132735 0.03604602 2.00137e-4 0.04123663 0.03627234 2.00134e-4 0.04112112 0.03648263 2.001e-4 0.04102474 0.03662228 2.00056e-4 0.02024996 0.04070317 0.00999999 0.02029937 0.04126751 0.00999999 0.020446 0.04181474 0.00999999 0.02068537 0.04232817 0.00999999 0.02101033 0.04279226 0.00999999 0.02141094 0.0431928 0.00999999 0.02187496 0.04351776 0.00999999 0.02238839 0.0437572 0.00999999 0.02293562 0.04390382 0.00999999 0.02349996 0.04395318 0.00999999 0.02406436 0.04390382 0.00999999 0.02461153 0.0437572 0.00999999 0.02512496 0.04351776 0.00999999 0.02558904 0.0431928 0.00999999 0.02598965 0.04279226 0.00999999 0.02631455 0.04232817 0.00999999 0.02655398 0.04181474 0.00999999 0.02670061 0.04126751 0.00999999 0.02674996 0.04070317 0.00999999 0.02674996 0.04070317 0 0.02024996 0.04070317 0 0.02029937 0.04126751 0 0.020446 0.04181474 0 0.02068537 0.04232817 0 0.02101033 0.04279226 0 0.02141094 0.0431928 0 0.02187496 0.04351776 0 0.02238839 0.0437572 0 0.02293562 0.04390382 0 0.02349996 0.04395318 0 0.02406436 0.04390382 0 0.02461153 0.0437572 0 0.02512496 0.04351776 0 0.02558904 0.0431928 0 0.02598965 0.04279226 0 0.02631455 0.04232817 0 0.02655398 0.04181474 0 0.02670061 0.04126751 0 0.02024996 -0.04070317 0.00999999 0.02029937 -0.04013884 0.00999999 0.020446 -0.03959161 0.00999999 0.02068537 -0.03907817 0.00999999 0.02101033 -0.03861409 0.00999999 0.02141094 -0.03821355 0.00999999 0.02187496 -0.03788858 0.00999999 0.02238839 -0.03764915 0.00999999 0.02293562 -0.03750252 0.00999999 0.02349996 -0.03745317 0.00999999 0.02406436 -0.03750252 0.00999999 0.02461153 -0.03764915 0.00999999 0.02512496 -0.03788858 0.00999999 0.02558904 -0.03821355 0.00999999 0.02598965 -0.03861409 0.00999999 0.02631455 -0.03907817 0.00999999 0.02655398 -0.03959161 0.00999999 0.02670061 -0.04013884 0.00999999 0.02674996 -0.04070317 0.00999999 0.02674996 -0.04070317 0 0.02024996 -0.04070317 0 0.02029937 -0.04013884 0 0.020446 -0.03959161 0 0.02068537 -0.03907817 0 0.02101033 -0.03861409 0 0.02141094 -0.03821355 0 0.02187496 -0.03788858 0 0.02238839 -0.03764915 0 0.02293562 -0.03750252 0 0.02349996 -0.03745317 0 0.02406436 -0.03750252 0 0.02461153 -0.03764915 0 0.02512496 -0.03788858 0 0.02558904 -0.03821355 0 0.02598965 -0.03861409 0 0.02631455 -0.03907817 0 0.02655398 -0.03959161 0 0.02670061 -0.04013884 0 0.002499997 -0.046 0 0.002499997 -0.046 0.0436719 0.002499997 -0.04799997 0 0.002499997 -0.04799997 0.03664529 -0.03925406 0.03021097 0.00999999 -0.03920465 0.03077536 0.00999999 -0.03905802 0.03132253 0.00999999 -0.03881865 0.03183597 0.00999999 -0.03849369 0.03230005 0.00999999 -0.03809309 0.03270065 0.00999999 -0.03762906 0.03302556 0.00999999 -0.03711563 0.03326499 0.00999999 -0.0365684 0.03341162 0.00999999 -0.03600406 0.03346097 0.00999999 -0.03543967 0.03341162 0.00999999 -0.03489249 0.03326499 0.00999999 -0.03437906 0.03302556 0.00999999 -0.03391498 0.03270065 0.00999999 -0.03351444 0.03230005 0.00999999 -0.03318947 0.03183597 0.00999999 -0.03295004 0.03132253 0.00999999 -0.03280341 0.03077536 0.00999999 -0.03275406 0.03021097 0.00999999 -0.03275406 0.03021097 0 -0.03925406 0.03021097 0 -0.03920465 0.03077536 0 -0.03905802 0.03132253 0 -0.03881865 0.03183597 0 -0.03849369 0.03230005 0 -0.03809309 0.03270065 0 -0.03762906 0.03302556 0 -0.03711563 0.03326499 0 -0.0365684 0.03341162 0 -0.03600406 0.03346097 0 -0.03543967 0.03341162 0 -0.03489249 0.03326499 0 -0.03437906 0.03302556 0 -0.03391498 0.03270065 0 -0.03351444 0.03230005 0 -0.03318947 0.03183597 0 -0.03295004 0.03132253 0 -0.03280341 0.03077536 0 -0.03925406 -0.03021097 0.00999999 -0.03920465 -0.02964663 0.00999999 -0.03905802 -0.0290994 0.00999999 -0.03881865 -0.02858597 0.00999999 -0.03849369 -0.02812194 0.00999999 -0.03809309 -0.02772134 0.00999999 -0.03762906 -0.02739644 0.00999999 -0.03711563 -0.027157 0.00999999 -0.0365684 -0.02701038 0.00999999 -0.03600406 -0.02696096 0.00999999 -0.03543967 -0.02701038 0.00999999 -0.03489249 -0.027157 0.00999999 -0.03437906 -0.02739644 0.00999999 -0.03391498 -0.02772134 0.00999999 -0.03351444 -0.02812194 0.00999999 -0.03318947 -0.02858597 0.00999999 -0.03295004 -0.0290994 0.00999999 -0.03280341 -0.02964663 0.00999999 -0.03275406 -0.03021097 0.00999999 -0.03275406 -0.03021097 0 -0.03925406 -0.03021097 0 -0.03920465 -0.02964663 0 -0.03905802 -0.0290994 0 -0.03881865 -0.02858597 0 -0.03849369 -0.02812194 0 -0.03809309 -0.02772134 0 -0.03762906 -0.02739644 0 -0.03711563 -0.027157 0 -0.0365684 -0.02701038 0 -0.03600406 -0.02696096 0 -0.03543967 -0.02701038 0 -0.03489249 -0.027157 0 -0.03437906 -0.02739644 0 -0.03391498 -0.02772134 0 -0.03351444 -0.02812194 0 -0.03318947 -0.02858597 0 -0.03295004 -0.0290994 0 -0.03280341 -0.02964663 0 0.04091686 0.03675323 0 0.04091686 0.03675323 2e-4 0.04091686 -0.03675323 0 0.03401726 -0.04321819 0 0.02611231 -0.04840594 0 0.01743566 -0.05216306 0 0.008243739 -0.05437856 0 -0.001191794 -0.05498695 0 -0.01059216 -0.05397027 0 -0.01967948 -0.05135858 0 -0.02818518 -0.04722905 0 -0.03585791 -0.04170364 0 -0.04247087 -0.03494578 0 -0.04782867 -0.02715516 0 -0.05177295 -0.01856195 0 -0.05418711 -0.009420156 0 -0.05499988 0 0 -0.05418711 0.009420156 0 -0.05177295 0.01856195 0 -0.04782867 0.0271551 0 -0.04247087 0.03494578 0 -0.03585791 0.04170364 0 -0.02818518 0.04722899 0 -0.01967948 0.05135858 0 -0.01059216 0.05397027 0 -0.001191794 0.05498695 0 0.008243739 0.05437856 0 0.01743566 0.05216306 0 0.02611231 0.04840588 0 0.03401726 0.04321819 0 0.04091686 -0.03675323 1.99817e-4 0 -0.05499988 2e-4 0.008853554 -0.0542826 1.99955e-4 0.01777392 -0.0520488 1.99918e-4 0.02632462 -0.04829078 1.9988e-4 0.03408503 -0.04316478 1.99847e-4 0.03757447 -0.04016393 1.99832e-4 0 0.05499988 2e-4 -0.009550571 0.05416429 2e-4 -0.01881104 0.05168294 2e-4 -0.02749991 0.04763126 2e-4 -0.03535324 0.04213231 2e-4 -0.04213231 0.03535324 2e-4 -0.04763126 0.02749991 2e-4 -0.05168294 0.01881104 2e-4 -0.05416429 0.009550631 2e-4 -0.05499988 0 2e-4 -0.05416429 -0.009550631 2e-4 -0.05168294 -0.01881104 2e-4 -0.04763126 -0.02749991 2e-4 -0.04213231 -0.03535324 2e-4 -0.03535324 -0.04213237 2e-4 -0.02749991 -0.04763126 2e-4 -0.01881104 -0.051683 2e-4 -0.009550571 -0.05416429 2e-4 0.03420424 0.04307037 2e-4 0.02653092 0.04817771 2e-4 0.01811242 0.05193191 2e-4 0.009185194 0.05422747 2e-4 0.002499997 -0.04799997 0.03664529 0.002339303 -0.04888248 0.03413146 0.001894295 -0.04963147 0.03215312 0.001532256 -0.04997539 0.03126972 0.001157224 -0.05021601 0.03065544 8.6347e-4 -0.05034613 0.0303235 6.25029e-4 -0.05042064 0.03013336 4.23126e-4 -0.05046391 0.03002274 2.39961e-4 -0.05048841 0.02996003 1.21459e-4 -0.05049699 0.02993816 0 -0.05049997 0.02993053 -1.82658e-4 -0.05049329 0.02994757 -3.72246e-4 -0.05047208 0.03000181 -5.5068e-4 -0.05043858 0.03008747 -7.6738e-4 -0.05037927 0.03023886 -0.001044273 -0.05027168 0.03051352 -0.001240432 -0.05017095 0.03077042 -0.001652002 -0.04987657 0.03152275 -0.001956045 -0.04955691 0.03234601 -0.002231001 -0.04912847 0.03347027 -0.002438247 -0.04855209 0.03504312 -0.002499938 -0.04799997 0.03664523 -0.002499938 -0.04799997 0 0.002499997 -0.04799997 0 0.002465903 -0.04841148 0 0.002364516 -0.04881173 0 0.002198636 -0.04918986 0 0.001972854 -0.04953551 0 0.001693189 -0.04983931 0 0.00136733 -0.05009287 0 0.001004219 -0.05028939 0 6.13719e-4 -0.0504235 0 2.06456e-4 -0.05049145 0 -2.06441e-4 -0.05049145 0 -6.13704e-4 -0.0504235 0 -0.001004219 -0.05028939 0 -0.00136733 -0.05009287 0 -0.001693189 -0.04983931 0 -0.001972794 -0.04953551 0 -0.002198636 -0.04918986 0 -0.002364516 -0.04881173 0 -0.002465844 -0.04841148 0 -0.002499938 -0.04799997 0.03664523 -0.002499938 -0.04799997 0 -0.002499938 -0.046 0 -0.002499938 -0.046 0.0436719 -0.002499938 -0.046 0.0436719 -0.002257168 -0.04492473 0.04883676 -0.00131309 -0.04387235 0.05573707 -6.98097e-4 -0.04359936 0.05798572 -5.69947e-4 -0.04356575 0.05827951 -4.43645e-4 -0.04353964 0.05851095 -3.68521e-4 -0.0435273 0.0586211 -3.02978e-4 -0.04351836 0.05870091 -1.70358e-4 -0.04350578 0.0588141 -5.47618e-6 -0.0435 0.05886679 0 -0.0435 0.05886685 1.51336e-4 -0.04350459 0.05882519 2.38322e-4 -0.04351139 0.05876404 3.63722e-4 -0.04352658 0.05862754 5.27315e-4 -0.04355609 0.05836468 8.84615e-4 -0.04366159 0.05745154 0.00208795 -0.04462486 0.0505709 0.002499997 -0.046 0.0436719 0.002499997 -0.046 0 -0.002499938 -0.046 0 -0.002461969 -0.04556584 0 -0.002349197 -0.04514491 0 -0.002165019 -0.04474997 0 -0.001915097 -0.044393 0 -0.001606941 -0.04408484 0 -0.001249969 -0.04383492 0 -8.55043e-4 -0.04365074 0 -4.34115e-4 -0.04353797 0 0 -0.0435 0 4.3413e-4 -0.04353797 0 8.55058e-4 -0.04365074 0 0.001249969 -0.04383492 0 0.001606941 -0.04408484 0 0.001915097 -0.044393 0 0.002165019 -0.04474997 0 0.002349197 -0.04514491 0 0.002462029 -0.04556584 0 -0.002499938 0.04699999 0.0398668 -0.002355217 0.04783904 0.0371567 -0.00193417 0.04858392 0.03501719 -0.001580715 0.04893684 0.03406506 -0.001206517 0.04918956 0.03340142 -9.06952e-4 0.04932963 0.03303885 -6.878e-4 0.04940348 0.03284901 -4.81427e-4 0.04945313 0.03272181 -3.16255e-4 0.04947972 0.03265398 -1.63585e-4 0.0494945 0.03261625 -5.47618e-6 0.04949998 0.03260231 0 0.04949998 0.03260231 0.002499997 0.04699999 0.0398668 0.002355039 0.04783964 0.03715497 0.001933336 0.04858499 0.03501415 0.001579105 0.04893815 0.03406161 0.001204073 0.04919093 0.03339791 9.03644e-4 0.04933094 0.03303551 6.83859e-4 0.04940462 0.03284609 4.76889e-4 0.04945403 0.03271955 3.11285e-4 0.04948031 0.03265237 1.5831e-4 0.0494948 0.03261542 0.002499997 0.04699999 0 -0.002499938 0.04699999 0 -0.002461969 0.04743409 0 -0.002349197 0.04785501 0 -0.002165019 0.04824995 0 -0.001915097 0.04860693 0 -0.001606941 0.04891508 0 -0.001249969 0.04916501 0 -8.55043e-4 0.04934918 0 -4.34115e-4 0.04946202 0 0 0.04949998 0 4.3413e-4 0.04946202 0 8.55058e-4 0.04934918 0 0.001249969 0.04916501 0 0.001606941 0.04891508 0 0.001915097 0.04860693 0 0.002165019 0.04824995 0 0.002349197 0.04785501 0 0.002462029 0.04743409 0 0 0.04449999 0.05161702 -1.80297e-4 0.04450649 0.05157464 -2.85909e-4 0.04451638 0.05151039 -4.18104e-4 0.04453516 0.05138909 -5.84051e-4 0.04456913 0.05117118 -8.60319e-4 0.04465252 0.05064702 -0.001203775 0.04480892 0.04969984 -0.001531839 0.04502421 0.04846757 -0.00224328 0.04589605 0.04416882 -0.002499938 0.04699999 0.0398668 -0.002355217 0.04783904 0.0371567 -0.00193417 0.04858392 0.03501719 -0.001580715 0.04893684 0.03406506 -0.001206517 0.04918956 0.03340142 -9.06952e-4 0.04932963 0.03303885 -6.878e-4 0.04940348 0.03284901 -4.81427e-4 0.04945313 0.03272181 -3.16255e-4 0.04947972 0.03265398 -1.63585e-4 0.0494945 0.03261625 -5.47618e-6 0.04949998 0.03260231 0 0.04949998 0.03260231 0 0.05306261 0.02174675 0 0.05448663 0.0127114 0 0.05499988 2e-4 -0.009550571 0.05416429 2e-4 -0.01881104 0.05168294 2e-4 -0.02749991 0.04763126 2e-4 -0.03535324 0.04213231 2e-4 -0.04213231 0.03535324 2e-4 -0.04763126 0.02749991 2e-4 -0.05168294 0.01881104 2e-4 -0.05416429 0.009550631 2e-4 -0.05499988 0 2e-4 -0.05416429 -0.009550631 2e-4 -0.05168294 -0.01881104 2e-4 -0.04763126 -0.02749991 2e-4 -0.04213231 -0.03535324 2e-4 -0.03535324 -0.04213237 2e-4 -0.02749991 -0.04763126 2e-4 -0.01881104 -0.051683 2e-4 -0.009550571 -0.05416429 2e-4 0 -0.05499988 2e-4 0 -0.05442053 0.01338636 0 -0.0528239 0.02272087 0 -0.05049997 0.02993053 -1.82658e-4 -0.05049329 0.02994757 -3.72246e-4 -0.05047208 0.03000181 -5.5068e-4 -0.05043858 0.03008747 -7.6738e-4 -0.05037927 0.03023886 -0.001044273 -0.05027168 0.03051352 -0.001240432 -0.05017095 0.03077042 -0.001652002 -0.04987657 0.03152275 -0.001956045 -0.04955691 0.03234601 -0.002231001 -0.04912847 0.03347027 -0.002438247 -0.04855209 0.03504312 -0.002499938 -0.04799997 0.03664523 -0.002499938 -0.046 0.0436719 -0.002257168 -0.04492473 0.04883676 -0.00131309 -0.04387235 0.05573707 -6.98097e-4 -0.04359936 0.05798572 -5.69947e-4 -0.04356575 0.05827951 -4.43645e-4 -0.04353964 0.05851095 -3.68521e-4 -0.0435273 0.0586211 -3.02978e-4 -0.04351836 0.05870091 -1.70358e-4 -0.04350578 0.0588141 -5.47618e-6 -0.0435 0.05886679 0 -0.0435 0.05886685 0 -0.04100471 0.1285 -0.006438374 -0.04049611 0.1285 -0.01291429 -0.03891801 0.1285 -0.01912724 -0.03627032 0.1285 -0.02478998 -0.03266263 0.1285 -0.02967554 -0.02829754 0.1285 -0.03405487 -0.02283972 0.1285 -0.03728985 -0.01705443 0.1285 -0.03942811 -0.01126104 0.1285 -0.04068881 -0.005080282 0.1285 -0.04098469 0.001281559 0.1285 -0.04029476 0.007597327 0.1285 -0.03866773 0.01364529 0.1285 -0.03621381 0.019234 0.1285 -0.03308683 0.02422082 0.1285 -0.02946227 0.02851951 0.1285 -0.02551579 0.03209882 0.1285 -0.02140724 0.03497308 0.1285 -0.01727086 0.03719013 0.1285 -0.01321107 0.03881824 0.1285 -0.00930351 0.03993535 0.1285 -0.004443943 0.04076319 0.1285 0 0.04100471 0.1285 -0.04650974 -0.02879709 0.00999999 -0.04557037 -0.02809309 0.0195412 -0.04400116 -0.02691847 0.02689754 -0.04195511 -0.0253784 0.03386867 -0.03922981 -0.02415275 0.04366791 -0.03653609 -0.02414184 0.05649703 -0.03336238 -0.02553498 0.07718318 -0.0326575 -0.02612173 0.08107459 -0.03238987 -0.02638351 0.08205205 -0.03227937 -0.02649903 0.08233779 -0.03218996 -0.02659583 0.08251065 -0.03208255 -0.02671647 0.08264315 -0.03196293 -0.02685672 0.08268445 -0.03185677 -0.02698689 0.08261895 -0.03179901 -0.02706003 0.08254098 -0.03172397 -0.02715778 0.08239316 -0.03161233 -0.02730906 0.0820716 -0.03145742 -0.02753204 0.08141016 -0.03130656 -0.02776563 0.08051234 -0.03013849 -0.03239285 0.05325078 -0.03072249 -0.03473752 0.04242646 -0.03227829 -0.03691083 0.03386861 -0.03492414 -0.03938424 0.02342748 -0.03587442 -0.04027646 0.0172109 -0.0364359 -0.04080259 0.00999999 -0.04120367 -0.03598171 0.00999999 -0.04396778 -0.03254628 0.00999999 -0.03227829 0.03691077 0.03386861 -0.0305987 0.03444153 0.0436604 -0.03011947 0.03179031 0.05648905 -0.03095334 0.02839547 0.0773319 -0.03141087 0.02760225 0.08116042 -0.03163295 0.02728062 0.08213955 -0.03171241 0.02717322 0.08236461 -0.03179299 0.02706784 0.08253049 -0.03185421 0.02699011 0.08261585 -0.03197216 0.02684569 0.08268541 -0.03206491 0.02673673 0.08265656 -0.03212296 0.02667045 0.08260345 -0.03218632 0.02659982 0.08251661 -0.03228127 0.026497 0.08233362 -0.03239184 0.02638155 0.08204638 -0.03259783 0.026178 0.08132421 -0.0328623 0.02593696 0.0801022 -0.03716295 0.02405279 0.0531013 -0.03956049 0.02422761 0.04236519 -0.04195511 0.0253784 0.03386861 -0.04485011 0.02755427 0.02342903 -0.04589396 0.02833539 0.01721173 -0.04650974 0.02879709 0.00999999 -0.04343122 0.03325891 0.00999999 -0.04004645 0.03726541 0.00999999 -0.0364359 0.04080259 0.00999999 -0.03557908 0.0399993 0.01954436 -0.03414863 0.03865683 0.02690422 -0.01529353 0.04027318 0.06278192 -0.01539903 0.04024809 0.06263893 -0.01464444 0.04167449 0.05373841 -0.01482665 0.04165422 0.05345636 -0.0150597 0.04165309 0.05294096 -0.01528984 0.04168158 0.05225908 -0.04137825 6.60677e-4 0.09346246 -0.04193574 3.48818e-4 0.07862997 -0.04205036 0.009711563 0.06200438 -0.04263919 0.001985788 0.06715303 -0.04164302 -0.008190393 0.07033592 -0.01625049 0.04977399 0.02442401 -0.044025 -2.27306e-4 0.05476313 -0.04467302 0.008843898 0.0460177 -0.01661223 0.05065017 0.02066797 -0.04512941 5.51615e-4 0.04803365 -0.04384481 -0.008506059 0.05063807 -0.04622858 -5.89862e-5 0.04300862 -0.04729998 0.008967757 0.03641271 -0.04769772 1.41244e-4 0.03777682 -0.04632985 -0.008730351 0.03959453 -0.04903358 0 0.03386861 -0.05027824 0.009465575 0.02811396 -0.05034619 -1.36189e-4 0.03034263 -0.015477 -0.03967249 0.06841528 -0.01556026 -0.03965479 0.06823766 -0.0490427 -0.009289562 0.03149384 -0.0521273 5.31189e-5 0.02520358 -0.05246436 0.009987354 0.02018219 -0.01449042 -0.04145777 0.05555015 -0.01491641 -0.04146492 0.05447441 -0.05310773 -4.39696e-5 0.02155333 -0.05171167 -0.009824395 0.02343457 -0.05374234 1.9595e-5 0.01840138 -0.05442416 1.32285e-5 0.0133506 -0.01640343 -0.0501157 0.02307629 -0.01666229 -0.05075722 0.02010548 -0.01690351 -0.05149197 0.01536136 -0.03912025 -0.01402831 0.08760613 -0.0391488 -0.02600705 0.0331853 -0.03601545 -0.02496099 0.05015575 -0.0331133 -0.02582854 0.07547312 -0.03259569 -0.02621769 0.07999306 -0.03238427 -0.02640837 0.08137881 -0.03219169 -0.02660155 0.08224266 -0.03211671 -0.02668237 0.08244979 -0.03206038 -0.02674543 0.08254891 -0.03196656 -0.02685523 0.08259832 -0.03189957 -0.02693754 0.08253824 -0.03184902 -0.02700191 0.08243668 -0.03180712 -0.02705687 0.08231323 -0.03171855 -0.02717834 0.08193105 -0.03094053 -0.02882361 0.06911659 -0.03075402 -0.03021097 0.05703252 -0.03112924 -0.03215998 0.04356116 -0.03241008 -0.034038 0.0331853 -0.03258615 -0.03422963 0.03328007 -0.03273254 -0.03444552 0.03337305 -0.03284651 -0.03468161 0.03346246 -0.0329259 -0.03493332 0.0335465 -0.03296905 -0.03519576 0.03362363 -0.03297531 -0.03546398 0.03369235 -0.03294444 -0.0357328 0.03375136 -0.03287708 -0.03599709 0.03379952 -0.0327745 -0.03625178 0.03383594 -0.03263866 -0.03649199 0.03385978 -0.03247219 -0.03671306 0.03387075 -0.03227829 -0.03691083 0.03386861 -0.04195511 -0.0253784 0.03386867 -0.03922981 -0.02415275 0.04366791 -0.03653609 -0.02414184 0.05649703 -0.03336238 -0.02553498 0.07718318 -0.0326575 -0.02612173 0.08107459 -0.03238987 -0.02638351 0.08205205 -0.03227937 -0.02649903 0.08233779 -0.03218996 -0.02659583 0.08251065 -0.03208255 -0.02671647 0.08264315 -0.03196293 -0.02685672 0.08268445 -0.03185677 -0.02698689 0.08261895 -0.03179901 -0.02706003 0.08254098 -0.03172397 -0.02715778 0.08239316 -0.03161233 -0.02730906 0.0820716 -0.03145742 -0.02753204 0.08141016 -0.03130656 -0.02776563 0.08051234 -0.03013849 -0.03239285 0.05325078 -0.03072249 -0.03473752 0.04242646 -0.04179406 -0.02560371 0.03387081 -0.04160523 -0.025806 0.03385984 -0.04139226 -0.02598148 0.03383594 -0.04115927 -0.02612674 0.03379958 -0.04091066 -0.02623897 0.03375142 -0.04065132 -0.02631604 0.03369241 -0.04038608 -0.02635651 0.03362369 -0.04012006 -0.02635955 0.03354656 -0.03985846 -0.0263251 0.03346252 -0.03960615 -0.02625387 0.03337311 -0.03936809 -0.02614718 0.03328013 -0.03415662 -0.02520447 0.06939083 -0.03296756 -0.02590119 0.07855898 -0.03257 -0.02622818 0.08097231 -0.03227776 -0.0265088 0.08217591 -0.0320366 -0.0267719 0.08262598 -0.03176933 -0.02710467 0.08236044 -0.03115534 -0.02812612 0.07756274 -0.03058123 -0.03067266 0.05929249 -0.03103023 -0.0329563 0.0457862 -0.0401597 -0.02514421 0.03836613 -0.03880059 -0.02556562 0.03824716 -0.0382297 -0.02493417 0.04394036 -0.03764051 -0.02479511 0.04679775 -0.03645449 -0.02469867 0.05330127 -0.03517282 -0.02497786 0.05936568 -0.03061473 -0.03131598 0.05511844 -0.03128778 -0.03350198 0.04303365 -0.03183776 -0.03531229 0.03782629 -0.03936797 -0.02592533 0.03567844 -0.0395137 -0.02547699 0.03833138 -0.03986281 -0.0253461 0.03830814 -0.03975689 -0.02540087 0.03828525 -0.03964823 -0.02544903 0.03826069 -0.04006457 -0.02521753 0.03834867 -0.03996545 -0.02528488 0.0383293 -0.03953713 -0.0254904 0.03823465 -0.03920882 -0.02503198 0.0409342 -0.03145736 -0.03479212 0.04001623 -0.03206843 -0.03462636 0.03769266 -0.03204792 -0.03474497 0.03771936 -0.03189367 -0.03520375 0.03780877 -0.03194278 -0.03509229 0.03778916 -0.03198498 -0.03497844 0.0377677 -0.03202009 -0.03486251 0.0377444 -0.03241866 -0.03431683 0.03542256 -0.04081702 -0.02591925 0.03486621 -0.04069781 -0.0259763 0.03484237 -0.03949183 -0.02593642 0.03571653 -0.0405755 -0.02602529 0.03481602 -0.03988713 -0.02565038 0.0370531 -0.03147298 -0.03343623 0.04174208 -0.03226774 -0.03491163 0.03666061 -0.03245234 -0.03443741 0.03546124 -0.03264433 -0.0357232 0.03474384 -0.03267961 -0.03559535 0.03471994 -0.03270637 -0.03546589 0.03469353 -0.03996562 -0.0262469 0.03407549 -0.03983598 -0.02623468 0.03403484 -0.03124207 -0.03415882 0.04211729 -0.03280252 -0.03481215 0.0340147 -0.03276759 -0.03468644 0.03397393 -0.04360789 -0.02934265 0.00999999 -0.04270237 -0.0286653 0.01915198 -0.04114699 -0.02750182 0.02640473 -0.0391488 -0.02600705 0.0331853 -0.04195511 -0.0253784 0.03386867 -0.04179406 -0.02560371 0.03387081 -0.04160523 -0.025806 0.03385984 -0.04139226 -0.02598148 0.03383594 -0.04115927 -0.02612674 0.03379958 -0.04091066 -0.02623897 0.03375142 -0.04065132 -0.02631604 0.03369241 -0.04038608 -0.02635651 0.03362369 -0.04012006 -0.02635955 0.03354656 -0.03985846 -0.0263251 0.03346252 -0.03960615 -0.02625387 0.03337311 -0.03936809 -0.02614718 0.03328013 -0.04650974 -0.02879709 0.00999999 -0.04557037 -0.02809309 0.0195412 -0.04400116 -0.02691847 0.02689754 -0.04634815 -0.02902168 0.00999999 -0.04615765 -0.02922111 0.00999999 -0.04594022 -0.02939331 0.00999999 -0.04570281 -0.02953284 0.00999999 -0.04544717 -0.02963882 0.00999999 -0.04517942 -0.0297085 0.00999999 -0.04490548 -0.02974033 0.00999999 -0.04462897 -0.02973437 0.00999999 -0.04435628 -0.02969074 0.00999999 -0.04409116 -0.02960944 0.00999999 -0.04384052 -0.02949291 0.00999999 -0.04567646 -0.02902913 0.01504004 -0.0439397 -0.02789419 0.02490854 -0.04471701 -0.02847594 0.0212289 -0.0436517 -0.02856433 0.02274894 -0.04237461 -0.02820837 0.02467024 -0.04315578 -0.02879267 0.02098381 -0.04088944 -0.02709704 0.03001546 -0.04494726 -0.02959638 0.01258039 -0.04556494 -0.02911114 0.01504039 -0.04544836 -0.02918493 0.01504051 -0.04480946 -0.02961248 0.0125795 -0.04467135 -0.02961897 0.0125783 -0.04453283 -0.02961593 0.01257681 -0.04407382 -0.02927243 0.01722365 -0.04500401 -0.02869063 0.01951992 -0.04343706 -0.02900314 0.01930773 -0.04425024 -0.02901214 0.01943761 -0.04396551 -0.02879905 0.02113395 -0.04318434 -0.02821463 0.02482599 -0.04267472 -0.02783322 0.02680629 -0.0434274 -0.02751064 0.02690368 -0.04186964 -0.02783054 0.02662789 -0.04264473 -0.02731955 0.02859467 -0.04101884 -0.02711874 0.03005927 -0.04161453 -0.02654635 0.03204679 -0.04149043 -0.02660244 0.03202205 -0.04136335 -0.02664989 0.03199446 -0.04123389 -0.02668851 0.03196418 -0.04583507 -0.02935379 0.01132428 -0.04571717 -0.02942621 0.01132005 -0.04491889 -0.02927803 0.0161702 -0.04495549 -0.02893406 0.01843464 -0.04186457 -0.0276885 0.02754175 -0.04028129 -0.02654588 0.03263324 -0.04015111 -0.02652645 0.03259015 -0.04421156 -0.02909147 0.01889532 -0.04267245 -0.02771693 0.02725821 -0.03646928 -0.03785008 0.00999999 -0.03241008 -0.03403794 0.00999999 -0.03183555 -0.03340256 0.00999999 -0.03137201 -0.03268212 0.00999999 -0.03103178 -0.03189587 0.00999999 -0.03082394 -0.0310648 0.00999999 -0.03075402 -0.03021097 0.00999999 -0.03082996 -0.02932155 0.00999999 -0.03105539 -0.02845788 0.00999999 -0.03142392 -0.02764487 0.00999999 -0.0319249 -0.02690601 0.00999999 -0.03254377 -0.0262627 0.00999999 -0.03326267 -0.02573359 0.00999999 -0.03406083 -0.02533388 0.00999999 -0.0349152 -0.02507513 0.00999999 -0.03580099 -0.02496492 0.00999999 -0.03669267 -0.02500635 0.00999999 -0.03756445 -0.02519828 0.00999999 -0.03839117 -0.02553504 0.00999999 -0.0391488 -0.02600705 0.00999999 -0.04360789 -0.02934265 0.00999999 -0.04650974 -0.02879709 0.00999999 -0.04634815 -0.02902168 0.00999999 -0.04615765 -0.02922111 0.00999999 -0.04594022 -0.02939331 0.00999999 -0.04570281 -0.02953284 0.00999999 -0.04544717 -0.02963882 0.00999999 -0.04517942 -0.0297085 0.00999999 -0.04490548 -0.02974033 0.00999999 -0.04462897 -0.02973437 0.00999999 -0.04435628 -0.02969074 0.00999999 -0.04409116 -0.02960944 0.00999999 -0.04384052 -0.02949291 0.00999999 -0.0364359 -0.04080259 0.00999999 -0.04120367 -0.03598171 0.00999999 -0.04396778 -0.03254628 0.00999999 -0.03662902 -0.04060447 0.00999999 -0.03679233 -0.0403822 0.00999999 -0.03692418 -0.04013818 0.00999999 -0.03702038 -0.03988015 0.00999999 -0.03708034 -0.03961002 0.00999999 -0.03710246 -0.03933423 0.00999999 -0.03708624 -0.03905892 0.00999999 -0.03703236 -0.03878766 0.00999999 -0.03694206 -0.03852665 0.00999999 -0.03681594 -0.03827971 0.00999999 -0.03665763 -0.03805309 0.00999999 -0.03275406 -0.03021097 0.00999999 -0.03280341 -0.03077536 0.00999999 -0.03295004 -0.03132253 0.00999999 -0.03318947 -0.03183597 0.00999999 -0.03351444 -0.03230005 0.00999999 -0.03391498 -0.03270065 0.00999999 -0.03437906 -0.03302556 0.00999999 -0.03489249 -0.03326499 0.00999999 -0.03543967 -0.03341162 0.00999999 -0.03600406 -0.03346097 0.00999999 -0.0365684 -0.03341162 0.00999999 -0.03711563 -0.03326499 0.00999999 -0.03762906 -0.03302556 0.00999999 -0.03809309 -0.03270065 0.00999999 -0.03849369 -0.03230005 0.00999999 -0.03881865 -0.03183597 0.00999999 -0.03905802 -0.03132253 0.00999999 -0.03920465 -0.03077536 0.00999999 -0.03925406 -0.03021097 0.00999999 -0.03920465 -0.02964663 0.00999999 -0.03905802 -0.0290994 0.00999999 -0.03881865 -0.02858597 0.00999999 -0.03849369 -0.02812194 0.00999999 -0.03809309 -0.02772134 0.00999999 -0.03762906 -0.02739644 0.00999999 -0.03711563 -0.027157 0.00999999 -0.0365684 -0.02701038 0.00999999 -0.03600406 -0.02696096 0.00999999 -0.03543967 -0.02701038 0.00999999 -0.03489249 -0.027157 0.00999999 -0.03437906 -0.02739644 0.00999999 -0.03391498 -0.02772134 0.00999999 -0.03351444 -0.02812194 0.00999999 -0.03318947 -0.02858597 0.00999999 -0.03295004 -0.0290994 0.00999999 -0.03280341 -0.02964663 0.00999999 -0.03241008 -0.034038 0.0331853 -0.03500288 -0.03647291 0.02295345 -0.03592211 -0.03733623 0.01696562 -0.03646928 -0.03785008 0.00999999 -0.0364359 -0.04080259 0.00999999 -0.03662902 -0.04060447 0.00999999 -0.03679233 -0.0403822 0.00999999 -0.03692418 -0.04013818 0.00999999 -0.03702038 -0.03988015 0.00999999 -0.03708034 -0.03961002 0.00999999 -0.03710246 -0.03933423 0.00999999 -0.03708624 -0.03905892 0.00999999 -0.03703236 -0.03878766 0.00999999 -0.03694206 -0.03852665 0.00999999 -0.03681594 -0.03827971 0.00999999 -0.03665763 -0.03805309 0.00999999 -0.03227829 -0.03691083 0.03386861 -0.03492414 -0.03938424 0.02342748 -0.03587442 -0.04027646 0.0172109 -0.03258615 -0.03422963 0.03328007 -0.03273254 -0.03444552 0.03337305 -0.03284651 -0.03468161 0.03346246 -0.0329259 -0.03493332 0.0335465 -0.03296905 -0.03519576 0.03362363 -0.03297531 -0.03546398 0.03369235 -0.03294444 -0.0357328 0.03375136 -0.03287708 -0.03599709 0.03379952 -0.0327745 -0.03625178 0.03383594 -0.03263866 -0.03649199 0.03385978 -0.03247219 -0.03671306 0.03387075 -0.03658771 -0.03885215 0.01676219 -0.03643363 -0.03804916 0.01666384 -0.03506261 -0.03676164 0.0250076 -0.03297531 -0.03546398 0.03369235 -0.03284651 -0.03468161 0.03346246 -0.03241008 -0.034038 0.03318524 -0.03638422 -0.03963351 0.01701033 -0.03641027 -0.03802722 0.01687717 -0.03596013 -0.03923541 0.02026861 -0.03526234 -0.03694921 0.02409684 -0.03520005 -0.03754907 0.02520585 -0.03393518 -0.03733563 0.02958506 -0.03521519 -0.03853583 0.02437782 -0.03636664 -0.03864467 0.01861751 -0.03631919 -0.03822314 0.01866489 -0.03585189 -0.03778427 0.02172625 -0.0354126 -0.03872126 0.02341401 -0.03560066 -0.0379253 0.02331638 -0.03545606 -0.03713113 0.023153 -0.03540468 -0.03774124 0.02427238 -0.03468471 -0.03706544 0.02734875 -0.03356254 -0.03587788 0.03150075 -0.03356087 -0.03601199 0.03153491 -0.03355497 -0.03574454 0.03146427 -0.0335381 -0.03561276 0.03142565 -0.03627526 -0.03953123 0.0179513 -0.03563559 -0.03866642 0.02263814 -0.03306788 -0.03652536 0.03274881 -0.0391488 0.02600705 0.0331853 -0.04199665 0.02813738 0.022955 -0.04300683 0.02889305 0.01696562 -0.04360789 0.02934265 0.00999999 -0.04384028 0.02949279 0.00999999 -0.04409039 0.02960914 0.00999999 -0.04435551 0.02969056 0.00999999 -0.04462736 0.02973449 0.00999999 -0.04490393 0.02974057 0.00999999 -0.04517877 0.02970862 0.00999999 -0.04544568 0.02963906 0.00999999 -0.04570126 0.02953338 0.00999999 -0.0459395 0.02939379 0.00999999 -0.04615688 0.02922177 0.00999999 -0.04634797 0.02902191 0.00999999 -0.04650974 0.02879709 0.00999999 -0.04195511 0.0253784 0.03386861 -0.04485011 0.02755427 0.02342903 -0.04589396 0.02833539 0.01721173 -0.04179406 0.02560371 0.03387081 -0.04160523 0.02580606 0.03385984 -0.04139226 0.02598154 0.03383594 -0.04115927 0.02612674 0.03379958 -0.04091072 0.02623903 0.03375142 -0.04065132 0.0263161 0.03369241 -0.04038608 0.02635651 0.03362363 -0.04012006 0.02635955 0.0335465 -0.03985846 0.0263251 0.03346246 -0.03960615 0.02625387 0.03337305 -0.03936809 0.02614718 0.03328007 -0.04138571 0.02746844 0.028342 -0.0428003 0.02852678 0.02279651 -0.04287809 0.02858501 0.02242267 -0.04368478 0.02858906 0.02258861 -0.04353082 0.02847391 0.02331787 -0.04436022 0.02820903 0.02304977 -0.04334872 0.02893704 0.01986289 -0.04491925 0.02862721 0.02005296 -0.04568272 0.02919977 0.01375442 -0.04155576 0.02686321 0.03112584 -0.04142546 0.02689725 0.03109419 -0.04168403 0.02682018 0.03115487 -0.04180967 0.02676838 0.03118115 -0.04327672 0.02786827 0.02607369 -0.04272353 0.02846938 0.02315455 -0.04428195 0.02815049 0.02341556 -0.04416352 0.02894723 0.01998305 -0.04456669 0.02924889 0.01716244 -0.04374784 0.02923566 0.0170747 -0.0453248 0.02893072 0.01721167 -0.04427713 0.02942484 0.01544457 -0.04556572 0.0292738 0.0137555 -0.04458057 0.02965193 0.01190984 -0.04471892 0.02965497 0.01191037 -0.04485678 0.02964854 0.01191067 -0.04499459 0.0296325 0.01191073 -0.04024893 0.02661746 0.03214317 -0.0426138 0.02827084 0.0245521 -0.04573816 0.02944254 0.01097619 -0.04585617 0.02937006 0.01098024 -0.04084563 0.02646201 0.03303062 -0.04347687 0.02833586 0.02402347 -0.04424732 0.02806299 0.0237677 -0.04195511 0.0253784 0.03386861 -0.04179406 0.02560371 0.03387081 -0.04160523 0.02580606 0.03385984 -0.04139226 0.02598154 0.03383594 -0.04115927 0.02612674 0.03379958 -0.04091072 0.02623903 0.03375142 -0.04065132 0.0263161 0.03369241 -0.04038608 0.02635651 0.03362363 -0.04012006 0.02635955 0.0335465 -0.03985846 0.0263251 0.03346246 -0.03960615 0.02625387 0.03337305 -0.03936809 0.02614718 0.03328007 -0.0391488 0.02600705 0.0331853 -0.03227829 0.03691077 0.03386861 -0.0305987 0.03444153 0.0436604 -0.03011947 0.03179031 0.05648905 -0.03095334 0.02839547 0.0773319 -0.03141087 0.02760225 0.08116042 -0.03163295 0.02728062 0.08213955 -0.03171241 0.02717322 0.08236461 -0.03179299 0.02706784 0.08253049 -0.03185421 0.02699011 0.08261585 -0.03197216 0.02684569 0.08268541 -0.03206491 0.02673673 0.08265656 -0.03212296 0.02667045 0.08260345 -0.03218632 0.02659982 0.08251661 -0.03228127 0.026497 0.08233362 -0.03239184 0.02638155 0.08204638 -0.03259783 0.026178 0.08132421 -0.0328623 0.02593696 0.0801022 -0.03716295 0.02405279 0.0531013 -0.03956049 0.02422761 0.04236519 -0.03247219 0.03671306 0.03387075 -0.03263866 0.03649199 0.03385984 -0.0327745 0.03625178 0.03383594 -0.03287708 0.03599709 0.03379952 -0.03294444 0.0357328 0.03375142 -0.03297531 0.03546398 0.03369241 -0.03296905 0.03519576 0.03362363 -0.03292584 0.03493326 0.0335465 -0.03284651 0.03468161 0.03346246 -0.03273254 0.03444552 0.03337305 -0.03258609 0.03422963 0.03328007 -0.03241008 0.03403794 0.03318524 -0.03112924 0.03215992 0.0435611 -0.03075402 0.03021097 0.0570324 -0.0311852 0.02812731 0.07545542 -0.03170704 0.02719467 0.08186817 -0.03179597 0.02707183 0.08227407 -0.03185498 0.02699416 0.08245122 -0.03190755 0.02692753 0.08254981 -0.032 0.02681535 0.08259767 -0.03207302 0.02673107 0.08253121 -0.03211551 0.02668368 0.08245247 -0.03219568 0.02659732 0.08222931 -0.03232455 0.02646619 0.08169263 -0.03245711 0.02634036 0.080944 -0.03557085 0.02497887 0.05331933 -0.03733277 0.02513188 0.04214143 -0.0382297 0.02493417 0.04394036 -0.03415662 0.02520447 0.06939083 -0.03296756 0.02590119 0.07855898 -0.03257 0.02622818 0.08097231 -0.03227776 0.0265088 0.08217591 -0.0320366 0.0267719 0.08262598 -0.03176933 0.02710467 0.08236044 -0.03115534 0.02812612 0.07756274 -0.03058123 0.03067266 0.05929249 -0.03103023 0.0329563 0.0457862 -0.03989976 0.02548378 0.03771793 -0.03978878 0.02553158 0.03769284 -0.04000794 0.02542912 0.03774124 -0.04011291 0.02536779 0.03776276 -0.04021418 0.02530002 0.03778231 -0.04031151 0.02522611 0.03779989 -0.03858536 0.02504968 0.04231333 -0.03646713 0.02469843 0.05322563 -0.03059279 0.03105592 0.05676937 -0.0312218 0.03337514 0.04366105 -0.03173655 0.03518426 0.0383625 -0.03948992 0.02597641 0.03542941 -0.03961509 0.02598446 0.0354675 -0.03974086 0.0259841 0.03550428 -0.03132998 0.03459024 0.0408793 -0.03194791 0.03462749 0.03825706 -0.03196936 0.03451091 0.03823095 -0.03191936 0.03474295 0.03828155 -0.03188383 0.03485673 0.03830444 -0.03184139 0.03496849 0.0383256 -0.03179222 0.03507781 0.03834497 -0.03236794 0.03426831 0.03567665 -0.04070049 0.02601641 0.03470736 -0.04082113 0.02596139 0.03473192 -0.04093831 0.02589845 0.03475385 -0.03141993 0.03334665 0.04219865 -0.03218758 0.03482758 0.03705036 -0.03240042 0.03438836 0.0357148 -0.03267592 0.03543996 0.03481531 -0.03264892 0.03556895 0.03484165 -0.03261345 0.03569626 0.03486549 -0.03989875 0.02625292 0.03398627 -0.0400291 0.0262621 0.03402644 -0.04016029 0.02626204 0.03406494 -0.0311433 0.03397315 0.042957 -0.03275358 0.03467524 0.03403455 -0.03278821 0.03480082 0.03407514 -0.03646928 0.03785008 0.00999999 -0.03564488 0.03707587 0.0191524 -0.03422921 0.03574639 0.02640306 -0.03241008 0.03403794 0.03318524 -0.03227829 0.03691077 0.03386861 -0.03247219 0.03671306 0.03387075 -0.03263866 0.03649199 0.03385984 -0.0327745 0.03625178 0.03383594 -0.03287708 0.03599709 0.03379952 -0.03294444 0.0357328 0.03375142 -0.03297531 0.03546398 0.03369241 -0.03296905 0.03519576 0.03362363 -0.03292584 0.03493326 0.0335465 -0.03284651 0.03468161 0.03346246 -0.03273254 0.03444552 0.03337305 -0.03258609 0.03422963 0.03328007 -0.0364359 0.04080259 0.00999999 -0.03557908 0.0399993 0.01954436 -0.03414863 0.03865683 0.02690422 -0.03662902 0.04060447 0.00999999 -0.03679233 0.0403822 0.00999999 -0.03692418 0.04013818 0.00999999 -0.03702038 0.03988015 0.00999999 -0.03708034 0.03961002 0.00999999 -0.03710246 0.03933423 0.00999999 -0.03708624 0.03905892 0.00999999 -0.03703236 0.03878766 0.00999999 -0.03694206 0.03852665 0.00999999 -0.03681594 0.03827971 0.00999999 -0.03665763 0.03805309 0.00999999 -0.03642904 0.03804481 0.01670652 -0.03378599 0.03556305 0.03001409 -0.03565841 0.03732115 0.02208602 -0.03490972 0.03661799 0.02566993 -0.03527903 0.03762328 0.02485233 -0.03561329 0.03890973 0.02235507 -0.03486764 0.03820979 0.02593272 -0.03627473 0.03789991 0.0180307 -0.036583 0.03884774 0.01680529 -0.03670358 0.03993302 0.01355898 -0.03624212 0.03950011 0.0182209 -0.03344345 0.03597319 0.0319634 -0.03382986 0.03568673 0.0300579 -0.03342789 0.03610736 0.03199368 -0.03340327 0.03624075 0.03202122 -0.03336954 0.03637272 0.03204596 -0.03430902 0.03725212 0.02859717 -0.03467804 0.03640043 0.02662831 -0.03482007 0.03719246 0.02680879 -0.03463262 0.03798925 0.02690827 -0.03505384 0.03741186 0.02584004 -0.03580272 0.03811508 0.02225071 -0.03625506 0.03853988 0.01943933 -0.03610515 0.03774064 0.0193088 -0.03606927 0.03933787 0.01952236 -0.03642666 0.03870093 0.01814687 -0.03674435 0.03899914 0.01519352 -0.03696376 0.03882825 0.01181089 -0.03698611 0.03896498 0.01181107 -0.03699892 0.03910261 0.01181089 -0.03700226 0.03924131 0.0118106 -0.03309571 0.03493487 0.03258967 -0.03313744 0.03505975 0.03263276 -0.03453731 0.03642016 0.02754217 -0.03470516 0.0372104 0.02726072 -0.04360789 0.02934265 0.00999999 -0.0391488 0.02600705 0.00999999 -0.03839117 0.02553504 0.00999999 -0.03756445 0.02519822 0.00999999 -0.03669267 0.02500635 0.00999999 -0.03580099 0.02496492 0.00999999 -0.0349152 0.02507513 0.00999999 -0.03406083 0.02533388 0.00999999 -0.03326267 0.02573359 0.00999999 -0.03254377 0.0262627 0.00999999 -0.0319249 0.02690601 0.00999999 -0.03142392 0.02764481 0.00999999 -0.03105539 0.02845788 0.00999999 -0.03082996 0.02932155 0.00999999 -0.03075402 0.03021097 0.00999999 -0.03082394 0.0310648 0.00999999 -0.03103178 0.03189587 0.00999999 -0.03137201 0.03268212 0.00999999 -0.03183555 0.0334025 0.00999999 -0.03241008 0.03403794 0.00999999 -0.03646928 0.03785008 0.00999999 -0.0364359 0.04080259 0.00999999 -0.03662902 0.04060447 0.00999999 -0.03679233 0.0403822 0.00999999 -0.03692418 0.04013818 0.00999999 -0.03702038 0.03988015 0.00999999 -0.03708034 0.03961002 0.00999999 -0.03710246 0.03933423 0.00999999 -0.03708624 0.03905892 0.00999999 -0.03703236 0.03878766 0.00999999 -0.03694206 0.03852665 0.00999999 -0.03681594 0.03827971 0.00999999 -0.03665763 0.03805309 0.00999999 -0.04650974 0.02879709 0.00999999 -0.04343122 0.03325891 0.00999999 -0.04004645 0.03726541 0.00999999 -0.04384028 0.02949279 0.00999999 -0.04409039 0.02960914 0.00999999 -0.04435551 0.02969056 0.00999999 -0.04462736 0.02973449 0.00999999 -0.04490393 0.02974057 0.00999999 -0.04517877 0.02970862 0.00999999 -0.04544568 0.02963906 0.00999999 -0.04570126 0.02953338 0.00999999 -0.0459395 0.02939379 0.00999999 -0.04615688 0.02922177 0.00999999 -0.04634797 0.02902191 0.00999999 -0.03275406 0.03021097 0.00999999 -0.03280341 0.02964663 0.00999999 -0.03295004 0.0290994 0.00999999 -0.03318947 0.02858597 0.00999999 -0.03351444 0.02812194 0.00999999 -0.03391498 0.02772134 0.00999999 -0.03437906 0.02739638 0.00999999 -0.03489249 0.027157 0.00999999 -0.03543967 0.02701038 0.00999999 -0.03600406 0.02696096 0.00999999 -0.0365684 0.02701038 0.00999999 -0.03711563 0.027157 0.00999999 -0.03762906 0.02739638 0.00999999 -0.03809309 0.02772134 0.00999999 -0.03849369 0.02812194 0.00999999 -0.03881865 0.02858597 0.00999999 -0.03905802 0.0290994 0.00999999 -0.03920465 0.02964663 0.00999999 -0.03925406 0.03021097 0.00999999 -0.03920465 0.03077536 0.00999999 -0.03905802 0.03132253 0.00999999 -0.03881865 0.03183597 0.00999999 -0.03849369 0.03230005 0.00999999 -0.03809309 0.03270065 0.00999999 -0.03762906 0.03302556 0.00999999 -0.03711563 0.03326499 0.00999999 -0.0365684 0.03341162 0.00999999 -0.03600406 0.03346097 0.00999999 -0.03543967 0.03341162 0.00999999 -0.03489249 0.03326499 0.00999999 -0.03437906 0.03302556 0.00999999 -0.03391498 0.03270065 0.00999999 -0.03351444 0.03230005 0.00999999 -0.03318947 0.03183597 0.00999999 -0.03295004 0.03132253 0.00999999 -0.03280341 0.03077536 0.00999999 0.029401 0.03007209 0.07638853 0.02859801 0.03084301 0.0763061 0.02777707 0.03160339 0.07605195 0.02699291 0.0323072 0.07562947 0.02636027 0.03286385 0.07511484 0.02591609 0.03325432 0.07459735 0.02563381 0.03350776 0.07413518 0.02543771 0.03369337 0.07366502 0.02532815 0.03381019 0.07322913 0.02528411 0.03387719 0.07280486 0.02528458 0.03389447 0.07258737 0.02530038 0.03390061 0.0723682 0.02865183 0.03398978 0.05189746 0.03104162 0.03406232 0.04360008 0.03406196 0.03415864 0.0361256 0.03951644 0.0342437 0.02466404 0.03946411 0.03450953 0.02419883 0.03944706 0.03477573 0.02361631 0.03956377 0.03546226 0.02145397 0.03998637 0.03617173 0.01732265 0.0404849 0.03657114 0.01192551 0.04091686 0.03675323 2e-4 0.03420424 0.04307037 2e-4 0.02653092 0.04817771 2e-4 0.01811242 0.05193191 2e-4 0.009185194 0.05422747 2e-4 0 0.05499988 2e-4 0 0.04949998 0.03260231 0 0.05306261 0.02174675 0 0.05448663 0.0127114 0.002499997 0.04699999 0.0398668 0.002355039 0.04783964 0.03715497 0.001933336 0.04858499 0.03501415 0.001579105 0.04893815 0.03406161 0.001204073 0.04919093 0.03339791 9.03644e-4 0.04933094 0.03303551 6.83859e-4 0.04940462 0.03284609 4.76889e-4 0.04945403 0.03271955 3.11285e-4 0.04948031 0.03265237 1.5831e-4 0.0494948 0.03261542 5.49108e-6 0.04449999 0.05161696 1.85527e-4 0.04450684 0.05157214 2.90707e-4 0.04451692 0.05150681 4.23208e-4 0.04453599 0.05138349 5.89535e-4 0.04457044 0.05116271 7.45945e-4 0.04461359 0.05088984 8.91909e-4 0.04466438 0.05057334 0.001553654 0.04504126 0.04837328 0.002248466 0.04590666 0.04412233 0 0.04449999 0.05161702 0 0.04100471 0.1285 0.006438374 0.04049611 0.1285 0.01291429 0.03891795 0.1285 0.01912724 0.03627032 0.1285 0.02478998 0.03266257 0.1285 0.02967554 0.02829754 0.1285 0.03405487 0.02283972 0.1285 0.03728991 0.01705437 0.1285 0.03942811 0.01126104 0.1285 0.04068881 0.005080282 0.1285 0.04098469 -0.001281559 0.1285 0.04029476 -0.007597327 0.1285 0.03866773 -0.01364529 0.1285 0.03621381 -0.019234 0.1285 0.03308689 -0.02422082 0.1285 0.02946227 -0.02851951 0.1285 0.02551579 -0.03209882 0.1285 0.0214073 -0.03497308 0.1285 0.01727086 -0.03719013 0.1285 0.01321107 -0.03881824 0.1285 0.00930351 -0.03993535 0.1285 0.004443943 -0.04076319 0.1285 0 -0.04100471 0.1285 0 -0.0435 0.05886685 1.51336e-4 -0.04350459 0.05882519 2.38322e-4 -0.04351139 0.05876404 3.63722e-4 -0.04352658 0.05862754 5.27315e-4 -0.04355609 0.05836468 8.84615e-4 -0.04366159 0.05745154 0.00208795 -0.04462486 0.0505709 0.002499997 -0.046 0.0436719 0.002499997 -0.04799997 0.03664529 0.002339303 -0.04888248 0.03413146 0.001894295 -0.04963147 0.03215312 0.001532256 -0.04997539 0.03126972 0.001157224 -0.05021601 0.03065544 8.6347e-4 -0.05034613 0.0303235 6.25029e-4 -0.05042064 0.03013336 4.23126e-4 -0.05046391 0.03002274 2.39961e-4 -0.05048841 0.02996003 1.21459e-4 -0.05049699 0.02993816 0 -0.05049997 0.02993053 0 -0.05499988 2e-4 0 -0.05442053 0.01338636 0 -0.0528239 0.02272087 0.008853554 -0.0542826 1.99955e-4 0.01777392 -0.0520488 1.99918e-4 0.02632462 -0.04829078 1.9988e-4 0.03408503 -0.04316478 1.99847e-4 0.03757447 -0.04016393 1.99832e-4 0.04091686 -0.03675323 1.99817e-4 0.04044699 -0.03654909 0.01241266 0.03960061 -0.03555935 0.0210449 0.03948676 -0.03518068 0.02247697 0.03944706 -0.03477573 0.02361631 0.03946417 -0.03450953 0.02419877 0.03951644 -0.0342437 0.02466398 0.03120297 -0.03406751 0.0431348 0.02772647 -0.03396397 0.05609643 0.02530038 -0.03390061 0.0723682 0.02528369 -0.03387874 0.07278871 0.02532392 -0.03381538 0.07320332 0.02542084 -0.03371024 0.07361179 0.02553564 -0.03359889 0.07392507 0.02568328 -0.03346264 0.0742287 0.02586364 -0.03330081 0.07452255 0.0260865 -0.033104 0.07481783 0.02637511 -0.03285086 0.07512933 0.02675473 -0.03251755 0.07545816 0.02719753 -0.03212535 0.07575923 0.02779352 -0.03158849 0.07605856 0.02848911 -0.03094547 0.07628214 0.0289455 -0.03051286 0.07636189 0.029401 -0.03007215 0.07638853 0.03379988 -0.02502632 0.07638853 0.03734254 -0.01934653 0.07638853 0.0399391 -0.01317656 0.07638853 0.04152381 -0.006672799 0.07638853 0.04205656 0 0.07638853 0.04152381 0.006672799 0.07638853 0.0399391 0.01317656 0.07638853 0.03734254 0.01934653 0.07638853 0.03379988 0.02502632 0.07638853 0.02028322 -0.05080372 0.00999999 0.01975274 -0.04975563 0.01954567 0.01886743 -0.04800438 0.02690643 0.0177074 -0.04572463 0.03386861 0.01697373 -0.0428304 0.04365819 0.01742994 -0.04017508 0.05648654 0.0193901 -0.03725534 0.07743769 0.02007484 -0.03668165 0.08115619 0.02029275 -0.03652441 0.08187991 0.02046936 -0.03640484 0.08229666 0.02058637 -0.0363292 0.08248949 0.02072048 -0.03624594 0.08262968 0.02087652 -0.03615355 0.08268576 0.02102166 -0.03607183 0.08263587 0.02110153 -0.0360285 0.08256816 0.02121949 -0.03596663 0.08241832 0.02135574 -0.0358982 0.08217501 0.02153801 -0.03581148 0.08173936 0.02173757 -0.03572285 0.08112984 0.02244108 -0.03545993 0.07810026 0.02687275 -0.03536069 0.05216044 0.02895307 -0.03634148 0.04207217 0.03074496 -0.03819739 0.03386861 0.0327214 -0.04123258 0.02342748 0.03343504 -0.04232335 0.0172109 0.03385567 -0.04296767 0.00999999 0.02934402 -0.04616659 0.00999999 0.02479219 -0.04876244 0.00999999 0.0177074 0.04572463 0.03386861 0.01934754 0.04895347 0.02342903 0.01993548 0.05011713 0.01721173 0.02028322 0.05080372 0.00999999 0.02630841 0.04796141 0.00999999 0.03010129 0.04567646 0.00999999 0.03385567 0.04296767 0.00999999 0.03321385 0.04198509 0.01953989 0.03214138 0.04034507 0.0268951 0.03074496 0.03819739 0.03386861 0.02860283 0.03611332 0.04366976 0.02607542 0.03518193 0.05649864 0.02259272 0.03541284 0.07731223 0.02173769 0.03572279 0.08112961 0.02148634 0.0358355 0.08187597 0.02134209 0.03590488 0.08220344 0.02120041 0.03597646 0.08244693 0.02112877 0.03601396 0.08253902 0.0210399 0.03606182 0.082623 0.02087956 0.03615182 0.0826857 0.02077376 0.03621381 0.08266276 0.02063137 0.03630071 0.08254879 0.02051687 0.03637367 0.082385 0.02033478 0.03649526 0.08199417 0.02006131 0.03669184 0.08110332 0.01979517 0.03690052 0.07989311 0.01722663 0.04080194 0.05295717 0.01699095 0.0431801 0.04231435 0 0.04100471 0.1285 0.006438374 0.04049611 0.1285 0.01291429 0.03891795 0.1285 0.01912724 0.03627032 0.1285 0.02478998 0.03266257 0.1285 0.02967554 0.02829754 0.1285 0.03405487 0.02283972 0.1285 0.03728991 0.01705437 0.1285 0.03942811 0.01126104 0.1285 0.04068881 0.005080282 0.1285 0.04098469 -0.001281559 0.1285 0.04029476 -0.007597327 0.1285 0.03866773 -0.01364529 0.1285 0.03621381 -0.019234 0.1285 0.03308689 -0.02422082 0.1285 0.02946227 -0.02851951 0.1285 0.02551579 -0.03209882 0.1285 0.0214073 -0.03497308 0.1285 0.01727086 -0.03719013 0.1285 0.01321107 -0.03881824 0.1285 0.00930351 -0.03993535 0.1285 0.004443943 -0.04076319 0.1285 0 -0.04100471 0.1285 -0.006438374 -0.04049611 0.1285 -0.01291429 -0.03891801 0.1285 -0.01912724 -0.03627032 0.1285 -0.02478998 -0.03266263 0.1285 -0.02967554 -0.02829754 0.1285 -0.03405487 -0.02283972 0.1285 -0.03728985 -0.01705443 0.1285 -0.03942811 -0.01126104 0.1285 -0.04068881 -0.005080282 0.1285 -0.04098469 0.001281559 0.1285 -0.04029476 0.007597327 0.1285 -0.03866773 0.01364529 0.1285 -0.03621381 0.019234 0.1285 -0.03308683 0.02422082 0.1285 -0.02946227 0.02851951 0.1285 -0.02551579 0.03209882 0.1285 -0.02140724 0.03497308 0.1285 -0.01727086 0.03719013 0.1285 -0.01321107 0.03881824 0.1285 -0.00930351 0.03993535 0.1285 -0.004443943 0.04076319 0.1285 0.04069995 0 0.1285 0.04008167 -0.007067441 0.1285 0.03824549 -0.01392018 0.1285 0.0352472 -0.02034997 0.1285 0.03117799 -0.02616143 0.1285 0.02616143 -0.03117799 0.1285 0.02034997 -0.0352472 0.1285 0.01392018 -0.03824543 0.1285 0.007067441 -0.04008167 0.1285 0 -0.04069995 0.1285 -0.007067441 -0.04008167 0.1285 -0.01392018 -0.03824543 0.1285 -0.02034997 -0.0352472 0.1285 -0.02616143 -0.03117799 0.1285 -0.03117799 -0.02616143 0.1285 -0.0352472 -0.02034997 0.1285 -0.03824543 -0.01392018 0.1285 -0.04008162 -0.007067441 0.1285 -0.04069995 0 0.1285 -0.04008162 0.007067441 0.1285 -0.03824543 0.01392018 0.1285 -0.0352472 0.02034997 0.1285 -0.03117799 0.02616143 0.1285 -0.02616143 0.03117799 0.1285 -0.02034997 0.0352472 0.1285 -0.01392018 0.03824543 0.1285 -0.007067441 0.04008162 0.1285 0 0.04069995 0.1285 0.007067441 0.04008162 0.1285 0.01392018 0.03824543 0.1285 0.02034997 0.0352472 0.1285 0.02616143 0.03117799 0.1285 0.03117799 0.02616143 0.1285 0.0352472 0.02034997 0.1285 0.03824549 0.01392018 0.1285 0.04008167 0.007067441 0.1285 -0.03241008 -0.03403794 0.00999999 -0.03241008 -0.034038 0.0331853 -0.03183555 -0.03340256 0.00999999 -0.03137201 -0.03268212 0.00999999 -0.03103178 -0.03189587 0.00999999 -0.03082394 -0.0310648 0.00999999 -0.03075402 -0.03021097 0.00999999 -0.03075402 -0.03021097 0.05703252 -0.03112924 -0.03215998 0.04356116 -0.0391488 -0.02600705 0.0331853 -0.0391488 -0.02600705 0.00999999 -0.04360789 -0.02934265 0.00999999 -0.04270237 -0.0286653 0.01915198 -0.04114699 -0.02750182 0.02640473 -0.03241008 -0.03403794 0.00999999 -0.03241008 -0.034038 0.0331853 -0.03646928 -0.03785008 0.00999999 -0.03500288 -0.03647291 0.02295345 -0.03592211 -0.03733623 0.01696562 -0.04360789 0.02934265 0.00999999 -0.0391488 0.02600705 0.00999999 -0.0391488 0.02600705 0.0331853 -0.04199665 0.02813738 0.022955 -0.04300683 0.02889305 0.01696562 -0.0391488 0.02600705 0.00999999 -0.03839117 0.02553504 0.00999999 -0.03756445 0.02519822 0.00999999 -0.03669267 0.02500635 0.00999999 -0.03580099 0.02496492 0.00999999 -0.0349152 0.02507513 0.00999999 -0.03406083 0.02533388 0.00999999 -0.03326267 0.02573359 0.00999999 -0.03254377 0.0262627 0.00999999 -0.0319249 0.02690601 0.00999999 -0.03142392 0.02764481 0.00999999 -0.03105539 0.02845788 0.00999999 -0.03082996 0.02932155 0.00999999 -0.03075402 0.03021097 0.00999999 -0.03075402 0.03021097 0.0570324 -0.0311852 0.02812731 0.07545542 -0.03170704 0.02719467 0.08186817 -0.03179597 0.02707183 0.08227407 -0.03185498 0.02699416 0.08245122 -0.03190755 0.02692753 0.08254981 -0.032 0.02681535 0.08259767 -0.03207302 0.02673107 0.08253121 -0.03211551 0.02668368 0.08245247 -0.03219568 0.02659732 0.08222931 -0.03232455 0.02646619 0.08169263 -0.03245711 0.02634036 0.080944 -0.03557085 0.02497887 0.05331933 -0.03733277 0.02513188 0.04214143 -0.0391488 0.02600705 0.0331853 -0.03241008 0.03403794 0.03318524 -0.03241008 0.03403794 0.00999999 -0.03646928 0.03785008 0.00999999 -0.03564488 0.03707587 0.0191524 -0.03422921 0.03574639 0.02640306 0.0177074 -0.04572463 0.03386861 0.01697373 -0.0428304 0.04365819 0.01742994 -0.04017508 0.05648654 0.0193901 -0.03725534 0.07743769 0.02007484 -0.03668165 0.08115619 0.02029275 -0.03652441 0.08187991 0.02046936 -0.03640484 0.08229666 0.02058637 -0.0363292 0.08248949 0.02072048 -0.03624594 0.08262968 0.02087652 -0.03615355 0.08268576 0.02102166 -0.03607183 0.08263587 0.02110153 -0.0360285 0.08256816 0.02121949 -0.03596663 0.08241832 0.02135574 -0.0358982 0.08217501 0.02153801 -0.03581148 0.08173936 0.02173757 -0.03572285 0.08112984 0.02244108 -0.03545993 0.07810026 0.02687275 -0.03536069 0.05216044 0.02895307 -0.03634148 0.04207217 0.03074496 -0.03819739 0.03386861 0.01795727 -0.04560512 0.03387081 0.01818931 -0.04545432 0.03385984 0.01839911 -0.04527509 0.03383594 0.01858258 -0.04507082 0.03379958 0.0187363 -0.04484552 0.03375142 0.01885724 -0.04460346 0.03369241 0.01894313 -0.04434931 0.03362369 0.0189923 -0.04408788 0.03354656 0.0190038 -0.04382425 0.03346252 0.01897746 -0.04356342 0.03337311 0.01891374 -0.04331046 0.03328013 0.01881384 -0.04307013 0.0331853 0.01834613 -0.03970265 0.05085837 0.02020257 -0.03661787 0.08029764 0.02052628 -0.03637653 0.08198922 0.02065986 -0.03628772 0.08237063 0.02076232 -0.03622341 0.08253884 0.02089035 -0.03614771 0.0825994 0.02098411 -0.03609526 0.08254349 0.0210461 -0.03606194 0.08246213 0.02110022 -0.03603374 0.08236205 0.02122825 -0.03597009 0.08202791 0.02253198 -0.03554314 0.07336634 0.02348816 -0.0354532 0.06488418 0.02579319 -0.03598046 0.04672032 0.02789288 -0.03782832 0.03318524 0.02805107 -0.03803497 0.03328007 0.02823829 -0.03821671 0.03337305 0.02845096 -0.03836989 0.03346246 0.02868503 -0.03849178 0.0335465 0.02893602 -0.03857988 0.03362363 0.02919912 -0.03863263 0.03369235 0.02946919 -0.0386489 0.03375136 0.02974116 -0.03862845 0.03379952 0.0300098 -0.03857165 0.03383594 0.03026992 -0.03847956 0.03385978 0.03051656 -0.03835403 0.03387075 0.01889032 -0.03801441 0.06939083 0.0197829 -0.03696441 0.07855898 0.02017402 -0.03662967 0.08097231 0.02050113 -0.03639066 0.08217591 0.02080208 -0.03619879 0.08262598 0.02117621 -0.03599339 0.08236044 0.02228873 -0.03556609 0.07756274 0.02489626 -0.03544288 0.05929249 0.02706724 -0.03628164 0.0457862 0.01778894 -0.04391705 0.03836196 0.01843959 -0.04265058 0.03824716 0.01791685 -0.04197865 0.04394036 0.01788204 -0.04131025 0.04711723 0.01800483 -0.04013109 0.05365878 0.02542036 -0.03573697 0.05276829 0.02643984 -0.03593486 0.04943221 0.02732384 -0.0364536 0.04434382 0.02927857 -0.03752243 0.03767085 0.02855944 -0.03762912 0.03753656 0.01869553 -0.04327231 0.03567641 0.01822865 -0.043338 0.0383293 0.018238 -0.04336392 0.03823047 0.01803928 -0.04365962 0.03830397 0.01811164 -0.04356485 0.03828108 0.01817792 -0.04346621 0.03825652 0.01787763 -0.04383605 0.0383445 0.0179612 -0.04375016 0.03832513 0.01784342 -0.04296112 0.04092967 0.02617394 -0.03566873 0.05247455 0.02885198 -0.03706961 0.03976738 0.02916139 -0.03755855 0.03765326 0.02904248 -0.03758746 0.03763365 0.02892237 -0.03760904 0.03761208 0.02880156 -0.03762316 0.03758865 0.02868038 -0.0376299 0.03756344 0.02817738 -0.03790241 0.03534847 0.0184378 -0.04469805 0.03486531 0.01851475 -0.04459053 0.03484141 0.01868492 -0.04339617 0.03571456 0.01858419 -0.04447859 0.03481507 0.01833474 -0.04373615 0.03705006 0.02879792 -0.0378676 0.0365473 0.02829033 -0.03795689 0.03538727 0.02951806 -0.03836196 0.03470826 0.02938586 -0.03837448 0.03468436 0.02925354 -0.03837823 0.03465789 0.02912181 -0.03837317 0.03462904 0.01890826 -0.04391634 0.03407502 0.01891875 -0.04378652 0.03403437 0.02853029 -0.03832679 0.03397679 0.02841478 -0.03826647 0.0339353 0.02132445 -0.04804068 0.00999999 0.02081459 -0.04703128 0.01915198 0.01993888 -0.04529756 0.02640473 0.01881384 -0.04307013 0.0331853 0.0177074 -0.04572463 0.03386861 0.01795727 -0.04560512 0.03387081 0.01818931 -0.04545432 0.03385984 0.01839911 -0.04527509 0.03383594 0.01858258 -0.04507082 0.03379958 0.0187363 -0.04484552 0.03375142 0.01885724 -0.04460346 0.03369241 0.01894313 -0.04434931 0.03362369 0.0189923 -0.04408788 0.03354656 0.0190038 -0.04382425 0.03346252 0.01897746 -0.04356342 0.03337311 0.01891374 -0.04331046 0.03328013 0.02028322 -0.05080372 0.00999999 0.01975274 -0.04975563 0.01954567 0.01886743 -0.04800438 0.02690643 0.02053248 -0.05068361 0.00999999 0.02076196 -0.05053061 0.00999999 0.02096933 -0.05034643 0.00999999 0.02114796 -0.0501368 0.00999999 0.02129667 -0.04990345 0.00999999 0.02141183 -0.04965192 0.00999999 0.02149075 -0.04938763 0.00999999 0.02153289 -0.04911428 0.00999999 0.0215373 -0.04883813 0.00999999 0.02150321 -0.04856294 0.00999999 0.02143198 -0.04829591 0.00999999 0.02065634 -0.05002313 0.0150426 0.01983976 -0.04811471 0.02491319 0.02027803 -0.04898208 0.02123105 0.02055031 -0.04794865 0.02274894 0.02042156 -0.04662919 0.02467024 0.02086138 -0.04749995 0.02098381 0.01958501 -0.04497361 0.03001546 0.02134168 -0.04940366 0.0125817 0.02075648 -0.04992753 0.0150429 0.0208494 -0.04982554 0.01504302 0.02138143 -0.04927074 0.01258081 0.02141183 -0.04913586 0.01257961 0.02143293 -0.04899895 0.01257812 0.02117431 -0.04848724 0.01722478 0.02043956 -0.0493018 0.01952326 0.02101963 -0.04781335 0.01930886 0.02088719 -0.04861551 0.01943981 0.02072691 -0.04829829 0.02113497 0.02028679 -0.04742711 0.02482831 0.01999926 -0.04685825 0.02681064 0.01955056 -0.04754281 0.0269103 0.02013677 -0.04606562 0.02663004 0.01949864 -0.04673945 0.02859902 0.01958388 -0.0451048 0.03005927 0.01891672 -0.04559206 0.03204679 0.01899355 -0.04547959 0.03202205 0.01906239 -0.04536265 0.03199446 0.01912283 -0.04524189 0.03196418 0.02094864 -0.05023592 0.011325 0.02104043 -0.05013245 0.01132076 0.02103304 -0.04932034 0.01617199 0.02068781 -0.04929643 0.0184375 0.01999777 -0.04603594 0.0275439 0.01914781 -0.04427897 0.03263324 0.01915127 -0.04414737 0.03259015 0.02097207 -0.04859125 0.01889729 0.01988518 -0.04683583 0.02726262 0.0309422 -0.04248785 0.00999999 0.02789288 -0.03782832 0.00999999 0.02734917 -0.03713303 0.00999999 0.02669668 -0.0365386 0.00999999 0.02595382 -0.03606194 0.00999999 0.02514159 -0.03571641 0.00999999 0.02428293 -0.03551191 0.00999999 0.02340221 -0.03545409 0.00999999 0.02252417 -0.03554463 0.00999999 0.02167379 -0.03578102 0.00999999 0.02087497 -0.03615653 0.00999999 0.02015036 -0.03666055 0.00999999 0.01952046 -0.03727883 0.00999999 0.01900303 -0.03799396 0.00999999 0.01861268 -0.03878563 0.00999999 0.01836055 -0.03963148 0.00999999 0.01825362 -0.04050761 0.00999999 0.01829499 -0.04138934 0.00999999 0.01848351 -0.04225164 0.00999999 0.01881384 -0.04307013 0.00999999 0.02132445 -0.04804068 0.00999999 0.02028322 -0.05080372 0.00999999 0.02053248 -0.05068361 0.00999999 0.02076196 -0.05053061 0.00999999 0.02096933 -0.05034643 0.00999999 0.02114796 -0.0501368 0.00999999 0.02129667 -0.04990345 0.00999999 0.02141183 -0.04965192 0.00999999 0.02149075 -0.04938763 0.00999999 0.02153289 -0.04911428 0.00999999 0.0215373 -0.04883813 0.00999999 0.02150321 -0.04856294 0.00999999 0.02143198 -0.04829591 0.00999999 0.03385567 -0.04296767 0.00999999 0.02934402 -0.04616659 0.00999999 0.02479219 -0.04876244 0.00999999 0.03362703 -0.04312348 0.00999999 0.03337979 -0.04324567 0.00999999 0.03311657 -0.04333317 0.00999999 0.03284579 -0.04338312 0.00999999 0.03256934 -0.04339522 0.00999999 0.03229391 -0.04336917 0.00999999 0.03202557 -0.04330533 0.00999999 0.03176778 -0.0432052 0.00999999 0.03152644 -0.04307091 0.00999999 0.03130513 -0.04290384 0.00999999 0.03110945 -0.04270863 0.00999999 0.02674996 -0.04070317 0.00999999 0.02670061 -0.04126751 0.00999999 0.02655398 -0.04181474 0.00999999 0.02631455 -0.04232817 0.00999999 0.02598965 -0.04279226 0.00999999 0.02558904 -0.0431928 0.00999999 0.02512496 -0.04351776 0.00999999 0.02461153 -0.0437572 0.00999999 0.02406436 -0.04390382 0.00999999 0.02349996 -0.04395318 0.00999999 0.02293562 -0.04390382 0.00999999 0.02238839 -0.0437572 0.00999999 0.02187496 -0.04351776 0.00999999 0.02141094 -0.0431928 0.00999999 0.02101033 -0.04279226 0.00999999 0.02068537 -0.04232817 0.00999999 0.020446 -0.04181474 0.00999999 0.02029937 -0.04126751 0.00999999 0.02024996 -0.04070317 0.00999999 0.02029937 -0.04013884 0.00999999 0.020446 -0.03959161 0.00999999 0.02068537 -0.03907817 0.00999999 0.02101033 -0.03861409 0.00999999 0.02141094 -0.03821355 0.00999999 0.02187496 -0.03788858 0.00999999 0.02238839 -0.03764915 0.00999999 0.02293562 -0.03750252 0.00999999 0.02349996 -0.03745317 0.00999999 0.02406436 -0.03750252 0.00999999 0.02461153 -0.03764915 0.00999999 0.02512496 -0.03788858 0.00999999 0.02558904 -0.03821355 0.00999999 0.02598965 -0.03861409 0.00999999 0.02631455 -0.03907817 0.00999999 0.02655398 -0.03959161 0.00999999 0.02670061 -0.04013884 0.00999999 0.02789288 -0.03782832 0.03318524 0.02984064 -0.04080456 0.02295345 0.03053116 -0.04185974 0.01696562 0.0309422 -0.04248785 0.00999999 0.03385567 -0.04296767 0.00999999 0.03362703 -0.04312348 0.00999999 0.03337979 -0.04324567 0.00999999 0.03311657 -0.04333317 0.00999999 0.03284579 -0.04338312 0.00999999 0.03256934 -0.04339522 0.00999999 0.03229391 -0.04336917 0.00999999 0.03202557 -0.04330533 0.00999999 0.03176778 -0.0432052 0.00999999 0.03152644 -0.04307091 0.00999999 0.03130513 -0.04290384 0.00999999 0.03110945 -0.04270863 0.00999999 0.03074496 -0.03819739 0.03386861 0.0327214 -0.04123258 0.02342748 0.03343504 -0.04232335 0.0172109 0.02805107 -0.03803497 0.03328007 0.02823829 -0.03821671 0.03337305 0.02845096 -0.03836989 0.03346246 0.02868503 -0.03849178 0.0335465 0.02893602 -0.03857988 0.03362363 0.02919912 -0.03863263 0.03369235 0.02946919 -0.0386489 0.03375136 0.02974116 -0.03862845 0.03379952 0.0300098 -0.03857165 0.03383594 0.03026992 -0.03847956 0.03385978 0.03051656 -0.03835403 0.03387075 0.03190851 -0.04277843 0.01676219 0.03114449 -0.04248732 0.01666384 0.03011459 -0.04091358 0.0250076 0.03271335 -0.04271382 0.01701033 0.03112691 -0.0424605 0.01687717 0.03239494 -0.04222697 0.02026861 0.03026461 -0.04114282 0.02409684 0.0308662 -0.04118561 0.02520585 0.03087562 -0.03990292 0.02958506 0.03183531 -0.04137188 0.02437776 0.03174251 -0.04252475 0.01861751 0.03133565 -0.04240483 0.01866489 0.03098464 -0.04186838 0.02172625 0.03198361 -0.04159849 0.02341401 0.03116714 -0.04164546 0.02331638 0.03041011 -0.04136514 0.023153 0.03101992 -0.04142051 0.02427238 0.03047937 -0.04059416 0.02734875 0.02950471 -0.03928279 0.03150075 0.02963709 -0.03930443 0.03153491 0.02937477 -0.03925216 0.03146427 0.02924787 -0.0392127 0.03142565 0.03263157 -0.04258871 0.0179513 0.03189092 -0.04180854 0.02263814 0.03022825 -0.03890806 0.03274881 0.02132445 0.04804068 0.00999999 0.01881384 0.04307013 0.00999999 0.01848351 0.04225158 0.00999999 0.01829499 0.04138934 0.00999999 0.01825362 0.04050761 0.00999999 0.01836055 0.03963148 0.00999999 0.01861268 0.03878557 0.00999999 0.01900303 0.03799396 0.00999999 0.01952046 0.03727883 0.00999999 0.02015036 0.03666055 0.00999999 0.02087497 0.03615653 0.00999999 0.02167379 0.03578102 0.00999999 0.02252417 0.03554463 0.00999999 0.02340221 0.03545409 0.00999999 0.02428299 0.03551191 0.00999999 0.02514159 0.03571641 0.00999999 0.02595382 0.03606194 0.00999999 0.02669668 0.0365386 0.00999999 0.02734917 0.03713303 0.00999999 0.02789288 0.03782832 0.00999999 0.0309422 0.04248785 0.00999999 0.03110927 0.04270839 0.00999999 0.03130447 0.04290324 0.00999999 0.03152573 0.04307049 0.00999999 0.03176617 0.04320472 0.00999999 0.03202402 0.04330503 0.00999999 0.0322932 0.04336905 0.00999999 0.03256779 0.04339498 0.00999999 0.03284412 0.04338306 0.00999999 0.03311574 0.04333341 0.00999999 0.03337889 0.04324609 0.00999999 0.03362679 0.0431236 0.00999999 0.03385567 0.04296767 0.00999999 0.02028322 0.05080372 0.00999999 0.02630841 0.04796141 0.00999999 0.03010129 0.04567646 0.00999999 0.02053248 0.05068361 0.00999999 0.02076196 0.05053061 0.00999999 0.02096933 0.05034637 0.00999999 0.02114796 0.0501368 0.00999999 0.02129667 0.04990345 0.00999999 0.02141183 0.04965192 0.00999999 0.02149075 0.04938763 0.00999999 0.02153289 0.04911434 0.00999999 0.0215373 0.04883813 0.00999999 0.02150326 0.04856294 0.00999999 0.02143198 0.04829591 0.00999999 0.02674996 0.04070317 0.00999999 0.02670061 0.04013884 0.00999999 0.02655398 0.03959161 0.00999999 0.02631455 0.03907817 0.00999999 0.02598965 0.03861409 0.00999999 0.02558904 0.03821355 0.00999999 0.02512496 0.03788858 0.00999999 0.02461153 0.03764915 0.00999999 0.02406436 0.03750252 0.00999999 0.02349996 0.03745317 0.00999999 0.02293562 0.03750252 0.00999999 0.02238839 0.03764915 0.00999999 0.02187496 0.03788858 0.00999999 0.02141094 0.03821355 0.00999999 0.02101033 0.03861409 0.00999999 0.02068537 0.03907817 0.00999999 0.020446 0.03959161 0.00999999 0.02029937 0.04013884 0.00999999 0.02024996 0.04070317 0.00999999 0.02029937 0.04126751 0.00999999 0.020446 0.04181474 0.00999999 0.02068537 0.04232817 0.00999999 0.02101033 0.04279226 0.00999999 0.02141094 0.0431928 0.00999999 0.02187496 0.04351776 0.00999999 0.02238839 0.0437572 0.00999999 0.02293562 0.04390382 0.00999999 0.02349996 0.04395318 0.00999999 0.02406436 0.04390382 0.00999999 0.02461153 0.0437572 0.00999999 0.02512496 0.04351776 0.00999999 0.02558904 0.0431928 0.00999999 0.02598965 0.04279226 0.00999999 0.02631455 0.04232817 0.00999999 0.02655398 0.04181474 0.00999999 0.02670061 0.04126751 0.00999999 0.01881384 0.04307013 0.0331853 0.02041727 0.04624462 0.022955 0.02098602 0.04737067 0.01696562 0.02132445 0.04804068 0.00999999 0.02028322 0.05080372 0.00999999 0.02053248 0.05068361 0.00999999 0.02076196 0.05053061 0.00999999 0.02096933 0.05034637 0.00999999 0.02114796 0.0501368 0.00999999 0.02129667 0.04990345 0.00999999 0.02141183 0.04965192 0.00999999 0.02149075 0.04938763 0.00999999 0.02153289 0.04911434 0.00999999 0.0215373 0.04883813 0.00999999 0.02150326 0.04856294 0.00999999 0.02143198 0.04829591 0.00999999 0.0177074 0.04572463 0.03386861 0.01934754 0.04895347 0.02342903 0.01993548 0.05011713 0.01721173 0.01795727 0.04560512 0.03387081 0.01818931 0.04545432 0.03385984 0.01839911 0.04527509 0.03383594 0.01858258 0.04507082 0.03379958 0.0187363 0.04484552 0.03375142 0.01885724 0.04460346 0.03369241 0.01894313 0.04434931 0.03362363 0.0189923 0.04408788 0.0335465 0.0190038 0.04382425 0.03346246 0.01897746 0.04356342 0.03337305 0.01891374 0.0433104 0.03328007 0.01986461 0.0455268 0.028342 0.02066123 0.0471037 0.02279645 0.02070504 0.04719042 0.02242261 0.02056896 0.04798555 0.02258861 0.0204823 0.04781395 0.02331793 0.0200774 0.04858475 0.02304977 0.02096998 0.04771506 0.01986289 0.02039217 0.04920792 0.02005296 0.02082318 0.05005943 0.01375436 0.019239 0.0455892 0.03112584 0.01929515 0.04546678 0.03109419 0.01917439 0.04570806 0.03115487 0.01910156 0.04582279 0.03118115 0.01993 0.04745852 0.02607369 0.02061802 0.04701817 0.02315455 0.02003335 0.04849755 0.02341556 0.02083849 0.04851919 0.01998305 0.02106559 0.04896861 0.01716244 0.02119475 0.04815995 0.0170747 0.02062064 0.04966002 0.01721167 0.02128911 0.04871445 0.01544457 0.02091616 0.04995745 0.01375544 0.02146005 0.04905265 0.01190984 0.02143901 0.04918962 0.01191037 0.02140861 0.04932451 0.01191067 0.02136886 0.04945743 0.01191073 0.01922398 0.04425954 0.03214317 0.02044153 0.04687559 0.0245521 0.02105253 0.05015635 0.01097619 0.02096074 0.05025988 0.01098024 0.01896727 0.04482018 0.03303062 0.0203557 0.04773682 0.02402347 0.01995319 0.04844826 0.0237677 0.02789288 0.03782832 0.03318524 0.02548593 0.03584325 0.04886341 0.02195358 0.03568607 0.07804191 0.02123892 0.03596502 0.08199161 0.02113312 0.03601694 0.08228874 0.02104449 0.03606277 0.08246433 0.02097147 0.03610217 0.08255577 0.02084732 0.03617262 0.08259665 0.02075153 0.03623008 0.08252638 0.02069723 0.03626388 0.0824449 0.02060103 0.03632611 0.08222526 0.02044725 0.0364319 0.0816763 0.02029794 0.03654271 0.08090788 0.01842206 0.03937005 0.05330371 0.01826745 0.0411309 0.04213535 0.01881384 0.04307013 0.0331853 0.0177074 0.04572463 0.03386861 0.01795727 0.04560512 0.03387081 0.01818931 0.04545432 0.03385984 0.01839911 0.04527509 0.03383594 0.01858258 0.04507082 0.03379958 0.0187363 0.04484552 0.03375142 0.01885724 0.04460346 0.03369241 0.01894313 0.04434931 0.03362363 0.0189923 0.04408788 0.0335465 0.0190038 0.04382425 0.03346246 0.01897746 0.04356342 0.03337305 0.01891374 0.0433104 0.03328007 0.03074496 0.03819739 0.03386861 0.02860283 0.03611332 0.04366976 0.02607542 0.03518193 0.05649864 0.02259272 0.03541284 0.07731223 0.02173769 0.03572279 0.08112961 0.02148634 0.0358355 0.08187597 0.02134209 0.03590488 0.08220344 0.02120041 0.03597646 0.08244693 0.02112877 0.03601396 0.08253902 0.0210399 0.03606182 0.082623 0.02087956 0.03615182 0.0826857 0.02077376 0.03621381 0.08266276 0.02063137 0.03630071 0.08254879 0.02051687 0.03637367 0.082385 0.02033478 0.03649526 0.08199417 0.02006131 0.03669184 0.08110332 0.01979517 0.03690052 0.07989311 0.01722663 0.04080194 0.05295717 0.01699095 0.0431801 0.04231435 0.03051656 0.03835403 0.03387075 0.03026992 0.03847956 0.03385984 0.0300098 0.03857165 0.03383594 0.02974116 0.03862845 0.03379952 0.02946919 0.0386489 0.03375142 0.02919912 0.03863263 0.03369241 0.02893602 0.03857988 0.03362363 0.02868503 0.03849178 0.0335465 0.02845096 0.03836989 0.03346246 0.02823829 0.03821665 0.03337305 0.02805107 0.03803497 0.03328007 0.01791685 0.04197865 0.04394036 0.01889032 0.03801441 0.06939083 0.0197829 0.03696441 0.07855898 0.02017402 0.03662967 0.08097231 0.02050113 0.0363906 0.08217591 0.02080208 0.03619879 0.08262598 0.02117621 0.03599339 0.08236044 0.02228873 0.03556609 0.07756274 0.02489626 0.03544288 0.05929249 0.01809781 0.0438221 0.03771895 0.01817047 0.04372495 0.03769558 0.01801919 0.04391491 0.0377404 0.01793485 0.044003 0.03776001 0.01784515 0.04408603 0.03777754 0.01797002 0.04235565 0.04228466 0.01798826 0.04021519 0.05314522 0.02591556 0.03571516 0.05262929 0.02706724 0.03628164 0.0457862 0.02758663 0.03715085 0.03903847 0.0291379 0.03736323 0.03836649 0.01871991 0.04346579 0.035438 0.01870197 0.04359012 0.03547549 0.01867556 0.04371339 0.03551155 0.02820187 0.03686022 0.04135251 0.02834689 0.03737396 0.03871983 0.028553 0.03747469 0.03826105 0.02843445 0.03747558 0.038235 0.02867162 0.03746664 0.03828561 0.02878987 0.03745132 0.0383085 0.02890723 0.03742897 0.03832966 0.0290234 0.03739953 0.03834903 0.02812683 0.03782641 0.03567856 0.01853632 0.04462909 0.03470867 0.01845943 0.04473721 0.03473258 0.01837527 0.04484045 0.03475385 0.02870869 0.03774565 0.03705328 0.02823936 0.03787922 0.03571671 0.02922731 0.03833335 0.0348162 0.02935898 0.03832918 0.03484255 0.02949053 0.0383163 0.03486645 0.01892495 0.0438683 0.03398883 0.01891016 0.04399818 0.03402882 0.01888626 0.04412722 0.03406709 0.02846074 0.0382772 0.03403496 0.02857846 0.03833305 0.03407561 0.0309422 0.04248785 0.00999999 0.0303229 0.04154157 0.0191524 0.02925944 0.03991651 0.02640306 0.02789288 0.03782832 0.03318524 0.03074496 0.03819739 0.03386861 0.03051656 0.03835403 0.03387075 0.03026992 0.03847956 0.03385984 0.0300098 0.03857165 0.03383594 0.02974116 0.03862845 0.03379952 0.02946919 0.0386489 0.03375142 0.02919912 0.03863263 0.03369241 0.02893602 0.03857988 0.03362363 0.02868503 0.03849178 0.0335465 0.02845096 0.03836989 0.03346246 0.02823829 0.03821665 0.03337305 0.02805107 0.03803497 0.03328007 0.03385567 0.04296767 0.00999999 0.03321385 0.04198509 0.01953989 0.03214138 0.04034507 0.0268951 0.03110927 0.04270839 0.00999999 0.03130447 0.04290324 0.00999999 0.03152573 0.04307049 0.00999999 0.03176617 0.04320472 0.00999999 0.03202402 0.04330503 0.00999999 0.0322932 0.04336905 0.00999999 0.03256779 0.04339498 0.00999999 0.03284412 0.04338306 0.00999999 0.03311574 0.04333341 0.00999999 0.03337889 0.04324609 0.00999999 0.03362679 0.0431236 0.00999999 0.03114098 0.04248201 0.01670652 0.02915591 0.0394482 0.03001409 0.03056216 0.04159742 0.02208602 0.02999967 0.04073804 0.02566993 0.03092557 0.04127633 0.02485233 0.03213471 0.04182928 0.02235305 0.03157538 0.04097419 0.02592813 0.03102511 0.04230487 0.0180307 0.03190499 0.04277306 0.01680529 0.03295284 0.04308027 0.01355898 0.03260689 0.04255098 0.01821863 0.02961927 0.03918206 0.0319634 0.02927005 0.03951287 0.0300579 0.0297541 0.03919005 0.03199368 0.02988976 0.03918892 0.03202122 0.0300256 0.03917866 0.03204596 0.03072935 0.04025793 0.0285927 0.0298261 0.04047274 0.02662611 0.03058183 0.04075074 0.02680426 0.03139954 0.04070514 0.02690142 0.03075689 0.04101842 0.02583771 0.03131908 0.04187762 0.02224969 0.03165894 0.04239702 0.01943713 0.03089785 0.04211038 0.01930773 0.03247725 0.04235279 0.01951909 0.03178769 0.04259377 0.01814574 0.03202611 0.04295825 0.01519352 0.03181964 0.04314464 0.01181089 0.03195029 0.04319036 0.01181107 0.03208339 0.04322683 0.01181089 0.0322194 0.04325425 0.0118106 0.02865713 0.03865927 0.03258967 0.02877283 0.03872209 0.03263276 0.02986997 0.04033756 0.02753996 0.03061944 0.04064077 0.02725625 0.03944706 0.03477573 0.02361631 0.03956377 0.03546226 0.02145397 0.03998637 0.03617173 0.01732265 0.0404849 0.03657114 0.01192551 0.04091686 0.03675323 2e-4 0.03965598 0.03453624 0.02351725 0.03981906 0.03426808 0.02340632 0.03990966 0.03404903 0.02331572 0.03996884 0.0338248 0.02322298 0.03999215 0.03366303 0.02315604 0.03999996 0.03349995 0.02308863 0.03999996 0.03349995 2e-4 0.04028999 0.03361207 2.00085e-4 0.04055923 0.03376775 2.0016e-4 0.04080146 0.03396278 2.00219e-4 0.04101067 0.0341928 2.00257e-4 0.04118096 0.03445297 2.0026e-4 0.04130882 0.03473645 2.00231e-4 0.04139178 0.03503614 2.00156e-4 0.04141956 0.03522551 2.00085e-4 0.04142892 0.03541672 2e-4 0.04140329 0.03573542 2.00097e-4 0.04132735 0.03604602 2.00137e-4 0.04123663 0.03627234 2.00134e-4 0.04112112 0.03648263 2.001e-4 0.04102474 0.03662228 2.00056e-4 0.04008847 0.03400129 0.02133321 0.04003864 0.03451037 0.02146005 0.04027026 0.03409451 0.01878684 0.0403282 0.03474748 0.0188952 0.04043823 0.03412145 0.01616382 0.04068106 0.03408795 0.01095396 0.04042953 0.03558623 0.01680588 0.04080188 0.03532201 0.01415663 0.04060858 0.03486466 0.01625323 0.04071348 0.03573024 0.01417559 0.04102951 0.0353657 0.01147162 0.04103404 0.03491657 0.01100903 0.04095286 0.03580874 0.01148372 0.04127615 0.03586375 0.005820989 0.0405842 0.03485745 0.01649808 0.04088312 0.0347011 0.01258188 0.04115325 0.0348286 0.008463203 0.04130905 0.03570145 0.005820155 0.04129427 0.03578293 0.005820631 0.04091674 0.0356841 0.01227778 0.04105532 0.03579241 0.01023179 0.04133522 0.03500396 0.004444062 0.04109823 0.0343461 0.003044903 0.04117524 0.03448015 0.003046751 0.04124176 0.0346198 0.003048479 0.04129725 0.03476417 0.003050029 0.04134136 0.03491234 0.003051459 0.04063045 0.03382098 0.001628935 0.04139852 0.03572022 0.001639425 0.0413838 0.03580367 0.001639485 0.04136562 0.0358864 0.001639544 0.04105502 0.03489673 0.01060819 0.04127615 0.03466475 0.001636207 0.03944706 0.03477573 0.02361631 0.03965598 0.03453624 0.02351725 0.03981906 0.03426808 0.02340632 0.03990966 0.03404903 0.02331572 0.03996884 0.0338248 0.02322298 0.03999215 0.03366303 0.02315604 0.03999996 0.03349995 0.02308863 0.03951644 0.0342437 0.02466404 0.03946411 0.03450953 0.02419883 0.03999996 0.03349995 0.02409815 0.03989666 0.03377079 0.02429169 0.03975385 0.03399747 0.02446335 0.0396437 0.03412538 0.02456533 0.02530038 0.03390061 0.0723682 0.02865183 0.03398978 0.05189746 0.03104162 0.03406232 0.04360008 0.03406196 0.03415864 0.0361256 0.03951644 0.0342437 0.02466404 0.0255934 0.03371697 0.07240056 0.02591365 0.03358709 0.07243591 0.02620059 0.03352189 0.07246762 0.02649402 0.03349995 0.07249999 0.0297091 0.03349995 0.05309808 0.03190386 0.03349995 0.04536396 0.03462475 0.03349995 0.03842878 0.03999996 0.03349995 0.02752566 0.03976982 0.03355628 0.02688324 0.03960365 0.0336976 0.02627164 0.0395109 0.03389245 0.02565884 0.03949171 0.03406542 0.02516746 0.03700792 0.03368806 0.0317012 0.03428244 0.03366881 0.03724771 0.03275066 0.03365546 0.04083746 0.03142201 0.03364396 0.04446613 0.03018534 0.03363376 0.04846304 0.02913832 0.0336256 0.05248892 0.029401 0.03007209 0.07638853 0.02943295 0.03010481 0.07606077 0.02950227 0.03017568 0.07574498 0.02960705 0.03028285 0.07544994 0.02974438 0.03042334 0.07518357 0.02991056 0.03059333 0.07495331 0.03010106 0.03078812 0.07476538 0.03031057 0.0310024 0.07462495 0.03053337 0.03123033 0.07453584 0.03066462 0.03136456 0.07450896 0.030797 0.03149998 0.07449996 0.0292806 0.03221708 0.07436698 0.02806007 0.03276354 0.07405024 0.02751684 0.03300106 0.0738216 0.02713215 0.03316938 0.0736013 0.02682036 0.03330862 0.0733537 0.02665668 0.03338527 0.07316774 0.02656257 0.03343278 0.07301443 0.02650052 0.03346908 0.07285022 0.02647626 0.03349214 0.07267653 0.02649402 0.03349995 0.07249999 0.02530038 0.03390061 0.0723682 0.0255934 0.03371697 0.07240056 0.02591365 0.03358709 0.07243591 0.02620059 0.03352189 0.07246762 0.02859801 0.03084301 0.0763061 0.02777707 0.03160339 0.07605195 0.02699291 0.0323072 0.07562947 0.02636027 0.03286385 0.07511484 0.02591609 0.03325432 0.07459735 0.02563381 0.03350776 0.07413518 0.02543771 0.03369337 0.07366502 0.02532815 0.03381019 0.07322913 0.02528411 0.03387719 0.07280486 0.02528458 0.03389447 0.07258737 0.02620077 0.03327631 0.07372677 0.02801036 0.0319181 0.07490968 0.02686959 0.03277122 0.07437539 0.02712202 0.03258311 0.07453542 0.02877312 0.03133857 0.07506 0.02917468 0.03056454 0.07561165 0.04229998 0.01230508 0.07449996 0.03977054 0.01894748 0.07449996 0.03634929 0.02488839 0.07449996 0.03368532 0.02839022 0.07449996 0.030797 0.03149998 0.07449996 0.029401 0.03007209 0.07638853 0.02943295 0.03010481 0.07606077 0.02950227 0.03017568 0.07574498 0.02960705 0.03028285 0.07544994 0.02974438 0.03042334 0.07518357 0.02991056 0.03059333 0.07495331 0.03010106 0.03078812 0.07476538 0.03031057 0.0310024 0.07462495 0.03053337 0.03123033 0.07453584 0.03066462 0.03136456 0.07450896 0.029401 -0.03007215 0.07638853 0.03379988 -0.02502632 0.07638853 0.03734254 -0.01934653 0.07638853 0.0399391 -0.01317656 0.07638853 0.04152381 -0.006672799 0.07638853 0.04205656 0 0.07638853 0.04152381 0.006672799 0.07638853 0.0399391 0.01317656 0.07638853 0.03734254 0.01934653 0.07638853 0.03379988 0.02502632 0.07638853 0.02943503 -0.0301069 0.07604789 0.02950447 -0.03017795 0.07573741 0.02960002 -0.0302757 0.07546633 0.02972608 -0.03040462 0.0752142 0.02987927 -0.03056132 0.0749911 0.03005433 -0.03074038 0.07480543 0.03024441 -0.03093481 0.0746628 0.03044199 -0.03113687 0.07456552 0.03062176 -0.03132075 0.07451575 0.030797 -0.03149998 0.07449996 0.03549444 -0.02609306 0.07449996 0.03943353 -0.01963919 0.07449996 0.04101902 -0.0160669 0.07449996 0.04229998 -0.01230514 0.07449996 0.04229998 -0.004102528 0.07524245 0.04229998 -5.84498e-6 0.07553797 0.04229998 0.006142675 0.07498854 0.02530038 -0.03390061 0.0723682 0.0255934 -0.03371697 0.07240056 0.02578848 -0.03363019 0.07242208 0.02599167 -0.03356486 0.07244455 0.02624076 -0.03351628 0.07247203 0.02649402 -0.03349995 0.07249999 0.02647614 -0.03349292 0.07266783 0.02649664 -0.03347176 0.07283473 0.0265578 -0.0334354 0.0730043 0.02665001 -0.03338855 0.07315832 0.02680444 -0.03331589 0.07333809 0.02698457 -0.03323471 0.07349538 0.0274195 -0.03304356 0.07377177 0.02826195 -0.03267467 0.07411867 0.02950102 -0.03211575 0.07440274 0.03015094 -0.03181129 0.07447558 0.030797 -0.03149998 0.07449996 0.029401 -0.03007215 0.07638853 0.02943503 -0.0301069 0.07604789 0.02950447 -0.03017795 0.07573741 0.02960002 -0.0302757 0.07546633 0.02972608 -0.03040462 0.0752142 0.02987927 -0.03056132 0.0749911 0.03005433 -0.03074038 0.07480543 0.03024441 -0.03093481 0.0746628 0.03044199 -0.03113687 0.07456552 0.03062176 -0.03132075 0.07451575 0.02528369 -0.03387874 0.07278871 0.02532392 -0.03381538 0.07320332 0.02542084 -0.03371024 0.07361179 0.02553564 -0.03359889 0.07392507 0.02568328 -0.03346264 0.0742287 0.02586364 -0.03330081 0.07452255 0.0260865 -0.033104 0.07481783 0.02637511 -0.03285086 0.07512933 0.02675473 -0.03251755 0.07545816 0.02719753 -0.03212535 0.07575923 0.02779352 -0.03158849 0.07605856 0.02848911 -0.03094547 0.07628214 0.0289455 -0.03051286 0.07636189 0.02737164 -0.03239703 0.07466679 0.02611792 -0.0333414 0.07360094 0.02589434 -0.03353154 0.07306706 0.0291171 -0.0310744 0.07508373 0.02911406 -0.03060322 0.07563602 0.02882158 -0.03130149 0.07506483 0.02848798 -0.03155618 0.07501983 0.02839022 -0.03212291 0.07452702 0.02960228 -0.03138589 0.0746721 0.02944922 -0.03147947 0.07466804 0.02771192 -0.03196758 0.07509088 0.03999996 -0.03349995 0.02752566 0.03199934 -0.03349995 0.04508072 0.02878588 -0.03349995 0.05730837 0.02649402 -0.03349995 0.07249999 0.02530038 -0.03390061 0.0723682 0.0255934 -0.03371697 0.07240056 0.02578848 -0.03363019 0.07242208 0.02599167 -0.03356486 0.07244455 0.02624076 -0.03351628 0.07247203 0.03951644 -0.0342437 0.02466398 0.03120297 -0.03406751 0.0431348 0.02772647 -0.03396397 0.05609643 0.03950726 -0.0339086 0.02561175 0.03962337 -0.03367292 0.02636086 0.03978115 -0.03355056 0.02691698 0.03154981 -0.03364509 0.04409068 0.03554308 -0.03367888 0.03460371 0.03944706 -0.03477573 0.02361631 0.03965598 -0.03453624 0.02351725 0.03981906 -0.03426808 0.02340632 0.03993171 -0.0339787 0.02328664 0.03998285 -0.03374141 0.02318847 0.03999996 -0.03349995 0.02308863 0.03999996 -0.03349995 0.02409809 0.03990745 -0.03374856 0.02427536 0.03976827 -0.03397786 0.02444815 0.03965133 -0.03411722 0.02455866 0.03951644 -0.0342437 0.02466398 0.03946417 -0.03450953 0.02419877 0.03999996 -0.03349995 2e-4 0.03999996 -0.03349995 0.02308863 0.03944706 -0.03477573 0.02361631 0.03965598 -0.03453624 0.02351725 0.03981906 -0.03426808 0.02340632 0.03993171 -0.0339787 0.02328664 0.03998285 -0.03374141 0.02318847 0.04091686 -0.03675323 1.99817e-4 0.04044699 -0.03654909 0.01241266 0.03960061 -0.03555935 0.0210449 0.03948676 -0.03518068 0.02247697 0.04111075 -0.03649896 1.99955e-4 0.04126179 -0.03621709 2.00037e-4 0.04134553 -0.03598815 2.00063e-4 0.04140013 -0.0357545 2.00059e-4 0.04142171 -0.03558623 2.00037e-4 0.04142892 -0.03541672 2e-4 0.0414043 -0.03510677 2.0013e-4 0.041332 -0.03480434 2.00216e-4 0.04121428 -0.03451645 2.00257e-4 0.04105359 -0.03425031 2.0026e-4 0.04085284 -0.03401285 2.00231e-4 0.04061764 -0.03380936 2.00178e-4 0.04035413 -0.03364425 2.00104e-4 0.04018056 -0.03356355 2.00052e-4 0.0403282 -0.03474748 0.0188952 0.04008847 -0.03400129 0.02133321 0.04003864 -0.03451037 0.02146005 0.04027026 -0.03409451 0.01878684 0.04116535 -0.03611403 0.006574153 0.04038488 -0.03374975 0.01028835 0.04078406 -0.03404879 0.007227301 0.04082089 -0.03576982 0.01304316 0.04084569 -0.03490972 0.01362401 0.04083913 -0.03402107 0.003427803 0.04116439 -0.0346657 0.006904959 0.0412482 -0.03489559 0.006560802 0.04118949 -0.03473645 0.006907105 0.0412119 -0.03480809 0.006909072 0.04123163 -0.03488051 0.006910979 0.04124867 -0.03495371 0.006912767 0.04126834 -0.03498613 0.006562829 0.04130113 -0.03522729 0.006567418 0.04128426 -0.03507751 0.006564676 0.04130661 -0.03537797 0.006569683 0.04130071 -0.0355286 0.006571471 0.04128354 -0.03567832 0.006572842 0.04125511 -0.03582644 0.006573796 0.04121565 -0.03597193 0.006574213 0.0411235 -0.0347315 0.008489549 0.04114454 -0.03480195 0.008492112 0.04011201 -0.03364044 0.01728367 0.04075795 -0.0342881 0.0119816 0.04133301 -0.03483003 0.001835346 0.04090332 -0.03409111 0.003429353 0.04096406 -0.03416407 0.003430902 0.04135602 -0.03491151 0.001835823 0.04138261 -0.03502827 0.001836419 0.04140245 -0.03514832 0.001836955 0.04141736 -0.03530728 0.001837611 0.0414195 -0.0354669 0.001838088 0.04127287 -0.03481334 0.005015909 0.04129368 -0.03488689 0.005017161 0.04131168 -0.03496122 0.005018353 0.04132682 -0.03503614 0.005019485 0.04133903 -0.0351116 0.005020499 0.04086339 -0.03437757 0.01084786 0.04094052 -0.03469878 0.01169258 0.04103499 -0.03514093 0.01139342 0.04104006 -0.03577566 0.01049768 0.0409438 -0.0350247 0.01252353 0.0408836 -0.03590548 0.01191687 0.04083555 -0.0339967 0.001018226 0.04090178 -0.03406572 0.001018583 0.04096472 -0.03413784 0.001018941 0.04128473 -0.0361551 0.001022934 0.0410757 -0.03505998 0.01068204 0.04086011 -0.03433722 0.01049077 -0.04069995 0 0.1285 -0.04069995 0 0.1355 0.04069995 0 0.1285 0.04008167 -0.007067441 0.1285 0.03824549 -0.01392018 0.1285 0.0352472 -0.02034997 0.1285 0.03117799 -0.02616143 0.1285 0.02616143 -0.03117799 0.1285 0.02034997 -0.0352472 0.1285 0.01392018 -0.03824543 0.1285 0.007067441 -0.04008167 0.1285 0 -0.04069995 0.1285 -0.007067441 -0.04008167 0.1285 -0.01392018 -0.03824543 0.1285 -0.02034997 -0.0352472 0.1285 -0.02616143 -0.03117799 0.1285 -0.03117799 -0.02616143 0.1285 -0.0352472 -0.02034997 0.1285 -0.03824543 -0.01392018 0.1285 -0.04008162 -0.007067441 0.1285 0.04069995 0 0.1355 0.04008167 -0.007067441 0.1355 0.03824549 -0.01392018 0.1355 0.0352472 -0.02034997 0.1355 0.03117799 -0.02616143 0.1355 0.02616143 -0.03117799 0.1355 0.02034997 -0.0352472 0.1355 0.01392018 -0.03824543 0.1355 0.007067441 -0.04008167 0.1355 0 -0.04069995 0.1355 -0.007067441 -0.04008167 0.1355 -0.01392018 -0.03824543 0.1355 -0.02034997 -0.0352472 0.1355 -0.02616143 -0.03117799 0.1355 -0.03117799 -0.02616143 0.1355 -0.0352472 -0.02034997 0.1355 -0.03824543 -0.01392018 0.1355 -0.04008162 -0.007067441 0.1355 0.01881384 -0.04307013 0.0331853 0.01834613 -0.03970265 0.05085837 0.02020257 -0.03661787 0.08029764 0.02052628 -0.03637653 0.08198922 0.02065986 -0.03628772 0.08237063 0.02076232 -0.03622341 0.08253884 0.02089035 -0.03614771 0.0825994 0.02098411 -0.03609526 0.08254349 0.0210461 -0.03606194 0.08246213 0.02110022 -0.03603374 0.08236205 0.02122825 -0.03597009 0.08202791 0.02253198 -0.03554314 0.07336634 0.02348816 -0.0354532 0.06488418 0.02579319 -0.03598046 0.04672032 0.02789288 -0.03782832 0.03318524 0.02789288 -0.03782832 0.00999999 0.02734917 -0.03713303 0.00999999 0.02669668 -0.0365386 0.00999999 0.02595382 -0.03606194 0.00999999 0.02514159 -0.03571641 0.00999999 0.02428293 -0.03551191 0.00999999 0.02340221 -0.03545409 0.00999999 0.02252417 -0.03554463 0.00999999 0.02167379 -0.03578102 0.00999999 0.02087497 -0.03615653 0.00999999 0.02015036 -0.03666055 0.00999999 0.01952046 -0.03727883 0.00999999 0.01900303 -0.03799396 0.00999999 0.01861268 -0.03878563 0.00999999 0.01836055 -0.03963148 0.00999999 0.01825362 -0.04050761 0.00999999 0.01829499 -0.04138934 0.00999999 0.01848351 -0.04225164 0.00999999 0.01881384 -0.04307013 0.00999999 0.01881384 -0.04307013 0.0331853 0.01881384 -0.04307013 0.00999999 0.02132445 -0.04804068 0.00999999 0.02081459 -0.04703128 0.01915198 0.01993888 -0.04529756 0.02640473 0.02789288 -0.03782832 0.00999999 0.02789288 -0.03782832 0.03318524 0.0309422 -0.04248785 0.00999999 0.02984064 -0.04080456 0.02295345 0.03053116 -0.04185974 0.01696562 0.01881384 0.04307013 0.00999999 0.01881384 0.04307013 0.0331853 0.01848351 0.04225158 0.00999999 0.01829499 0.04138934 0.00999999 0.01825362 0.04050761 0.00999999 0.01836055 0.03963148 0.00999999 0.01861268 0.03878557 0.00999999 0.01900303 0.03799396 0.00999999 0.01952046 0.03727883 0.00999999 0.02015036 0.03666055 0.00999999 0.02087497 0.03615653 0.00999999 0.02167379 0.03578102 0.00999999 0.02252417 0.03554463 0.00999999 0.02340221 0.03545409 0.00999999 0.02428299 0.03551191 0.00999999 0.02514159 0.03571641 0.00999999 0.02595382 0.03606194 0.00999999 0.02669668 0.0365386 0.00999999 0.02734917 0.03713303 0.00999999 0.02789288 0.03782832 0.00999999 0.02789288 0.03782832 0.03318524 0.02548593 0.03584325 0.04886341 0.02195358 0.03568607 0.07804191 0.02123892 0.03596502 0.08199161 0.02113312 0.03601694 0.08228874 0.02104449 0.03606277 0.08246433 0.02097147 0.03610217 0.08255577 0.02084732 0.03617262 0.08259665 0.02075153 0.03623008 0.08252638 0.02069723 0.03626388 0.0824449 0.02060103 0.03632611 0.08222526 0.02044725 0.0364319 0.0816763 0.02029794 0.03654271 0.08090788 0.01842206 0.03937005 0.05330371 0.01826745 0.0411309 0.04213535 0.01881384 0.04307013 0.00999999 0.01881384 0.04307013 0.0331853 0.02132445 0.04804068 0.00999999 0.02041727 0.04624462 0.022955 0.02098602 0.04737067 0.01696562 0.02789288 0.03782832 0.03318524 0.02789288 0.03782832 0.00999999 0.0309422 0.04248785 0.00999999 0.0303229 0.04154157 0.0191524 0.02925944 0.03991651 0.02640306 0.03999996 0.03349995 0.02752566 0.03976982 0.03355628 0.02688324 0.03960365 0.0336976 0.02627164 0.0395109 0.03389245 0.02565884 0.03949171 0.03406542 0.02516746 0.03951644 0.0342437 0.02466404 0.03999996 0.03349995 0.02409815 0.03989666 0.03377079 0.02429169 0.03975385 0.03399747 0.02446335 0.0396437 0.03412538 0.02456533 0.03967493 0.03374624 0.02581185 0.03989654 0.03365904 0.02496391 0.03994357 0.03355979 0.02549666 0.02649402 0.03349995 0.07249999 0.0297091 0.03349995 0.05309808 0.03190386 0.03349995 0.04536396 0.03462475 0.03349995 0.03842878 0.03999996 0.03349995 0.02752566 0.04229998 0.03349995 0.07249999 0.04229998 0.03349995 0.07199996 0.03999996 0.03349995 0.07199996 0.02649402 0.03349995 0.07249999 0.04229998 0.03349995 0.07249999 0.030797 0.03149998 0.07449996 0.0292806 0.03221708 0.07436698 0.02806007 0.03276354 0.07405024 0.02751684 0.03300106 0.0738216 0.02713215 0.03316938 0.0736013 0.02682036 0.03330862 0.0733537 0.02665668 0.03338527 0.07316774 0.02656257 0.03343278 0.07301443 0.02650052 0.03346908 0.07285022 0.02647626 0.03349214 0.07267653 0.04229998 0.03149998 0.07449996 0.04229998 0.03184729 0.07446956 0.04229998 0.032184 0.07437938 0.04229998 0.03249996 0.07423204 0.04229998 0.03278553 0.07403206 0.04229998 0.03303205 0.07378554 0.04229998 0.03323203 0.07349997 0.04229998 0.03337937 0.07318401 0.04229998 0.03346961 0.07284724 0.030797 0.03149998 0.07449996 0.04229998 0.03149998 0.07449996 0.04229998 0.01230508 0.07449996 0.03977054 0.01894748 0.07449996 0.03634929 0.02488839 0.07449996 0.03368532 0.02839022 0.07449996 0.04229998 -0.03149998 0.07449996 0.04229998 -0.03184729 0.07446956 0.04229998 -0.032184 0.07437938 0.04229998 -0.03249996 0.07423204 0.04229998 -0.03278553 0.07403206 0.04229998 -0.03303205 0.07378554 0.04229998 -0.03323203 0.07349997 0.04229998 -0.03337937 0.07318401 0.04229998 -0.03346961 0.07284724 0.04229998 -0.03349995 0.07249999 0.04229998 -0.03349995 0.07199996 0.04229998 -0.00146538 0.07199996 0.04229998 -9.96754e-4 0.07220423 0.04229998 -5.03931e-4 0.07233607 0.04229998 -4.91776e-5 0.07238107 0.04229998 3.61972e-4 0.07235801 0.04229998 7.63863e-4 0.07227724 0.04229998 0.001120924 0.07215738 0.04229998 0.00146526 0.07199996 0.04229998 0.03349995 0.07199996 0.04229998 0.03349995 0.07249999 0.04229998 0.03149998 0.07449996 0.04229998 0.03184729 0.07446956 0.04229998 0.032184 0.07437938 0.04229998 0.03249996 0.07423204 0.04229998 0.03278553 0.07403206 0.04229998 0.03303205 0.07378554 0.04229998 0.03323203 0.07349997 0.04229998 0.03337937 0.07318401 0.04229998 0.03346961 0.07284724 0.04229998 0.01230508 0.07449996 0.04229998 -0.01230514 0.07449996 0.04229998 -0.004102528 0.07524245 0.04229998 -5.84498e-6 0.07553797 0.04229998 0.006142675 0.07498854 0.04229998 -0.01230514 0.07449996 0.04229998 -0.03149998 0.07449996 0.030797 -0.03149998 0.07449996 0.03549444 -0.02609306 0.07449996 0.03943353 -0.01963919 0.07449996 0.04101902 -0.0160669 0.07449996 0.030797 -0.03149998 0.07449996 0.04229998 -0.03149998 0.07449996 0.02649402 -0.03349995 0.07249999 0.02647614 -0.03349292 0.07266783 0.02649664 -0.03347176 0.07283473 0.0265578 -0.0334354 0.0730043 0.02665001 -0.03338855 0.07315832 0.02680444 -0.03331589 0.07333809 0.02698457 -0.03323471 0.07349538 0.0274195 -0.03304356 0.07377177 0.02826195 -0.03267467 0.07411867 0.02950102 -0.03211575 0.07440274 0.03015094 -0.03181129 0.07447558 0.04229998 -0.03349995 0.07249999 0.04229998 -0.03184729 0.07446956 0.04229998 -0.032184 0.07437938 0.04229998 -0.03249996 0.07423204 0.04229998 -0.03278553 0.07403206 0.04229998 -0.03303205 0.07378554 0.04229998 -0.03323203 0.07349997 0.04229998 -0.03337937 0.07318401 0.04229998 -0.03346961 0.07284724 0.03999996 -0.03349995 0.07199996 0.03999996 -0.03349995 0.02752566 0.04229998 -0.03349995 0.07199996 0.04229998 -0.03349995 0.07249999 0.02649402 -0.03349995 0.07249999 0.03199934 -0.03349995 0.04508072 0.02878588 -0.03349995 0.05730837 0.03999996 -0.03349995 0.02752566 0.03999996 -0.03349995 0.02409809 0.03999996 -0.03349995 0.02752566 0.03951644 -0.0342437 0.02466398 0.03950726 -0.0339086 0.02561175 0.03962337 -0.03367292 0.02636086 0.03978115 -0.03355056 0.02691698 0.03990745 -0.03374856 0.02427536 0.03976827 -0.03397786 0.02444815 0.03965133 -0.03411722 0.02455866 0.03979641 -0.03364974 0.02587938 0.03979027 -0.03382045 0.02488064 0.03990089 -0.03364646 0.02499026 0.04069995 9.99998e-4 0.1355 0.04069995 0 0.1355 0.04069995 -0.000999987 0.1355 0.04098778 -0.000999987 0.1355 0.04020237 -0.008047759 0.1355 0.03821432 -0.01485478 0.1355 0.03508299 -0.02121746 0.1355 0.0309022 -0.02694535 0.1355 0.02579689 -0.0318672 0.1355 0.01991987 -0.03583568 0.1355 0.01344698 -0.03873211 0.1355 0.006571769 -0.04046988 0.1355 -5.00031e-4 -0.0409969 0.1355 -0.007556855 -0.04029756 0.1355 -0.0143876 -0.0383926 0.1355 -0.02078801 -0.03533917 0.1355 -0.02656644 -0.03122848 0.1355 -0.03155016 -0.02618366 0.1355 -0.03559005 -0.02035546 0.1355 -0.03856521 -0.01391834 0.1355 -0.04038667 -0.007064819 0.1355 -0.04099994 0 0.1355 -0.04038667 0.007064819 0.1355 -0.03856521 0.01391834 0.1355 -0.03559005 0.02035546 0.1355 -0.03155016 0.0261836 0.1355 -0.02656644 0.03122848 0.1355 -0.02078801 0.03533917 0.1355 -0.0143876 0.0383926 0.1355 -0.007556855 0.0402975 0.1355 -5.00031e-4 0.0409969 0.1355 0.006571769 0.04046988 0.1355 0.01344698 0.03873211 0.1355 0.01991987 0.03583568 0.1355 0.02579689 0.0318672 0.1355 0.0309022 0.02694535 0.1355 0.03508299 0.02121746 0.1355 0.03821432 0.01485478 0.1355 0.04020237 0.008047759 0.1355 0.04098778 9.99998e-4 0.1355 -0.04069995 0 0.1355 -0.04008162 0.007067441 0.1355 -0.03824543 0.01392018 0.1355 -0.0352472 0.02034997 0.1355 -0.03117799 0.02616143 0.1355 -0.02616143 0.03117799 0.1355 -0.02034997 0.0352472 0.1355 -0.01392018 0.03824543 0.1355 -0.007067441 0.04008162 0.1355 0 0.04069995 0.1355 0.007067441 0.04008162 0.1355 0.01392018 0.03824543 0.1355 0.02034997 0.0352472 0.1355 0.02616143 0.03117799 0.1355 0.03117799 0.02616143 0.1355 0.0352472 0.02034997 0.1355 0.03824549 0.01392018 0.1355 0.04008167 0.007067441 0.1355 0.04008167 -0.007067441 0.1355 0.03824549 -0.01392018 0.1355 0.0352472 -0.02034997 0.1355 0.03117799 -0.02616143 0.1355 0.02616143 -0.03117799 0.1355 0.02034997 -0.0352472 0.1355 0.01392018 -0.03824543 0.1355 0.007067441 -0.04008167 0.1355 0 -0.04069995 0.1355 -0.007067441 -0.04008167 0.1355 -0.01392018 -0.03824543 0.1355 -0.02034997 -0.0352472 0.1355 -0.02616143 -0.03117799 0.1355 -0.03117799 -0.02616143 0.1355 -0.0352472 -0.02034997 0.1355 -0.03824543 -0.01392018 0.1355 -0.04008162 -0.007067441 0.1355 0.03999996 -0.005569756 0.05386447 0.03999996 -0.005782604 0.04136633 0.04029995 -0.005569756 0.05386435 0.04029995 -0.005782604 0.04136615 0.03999996 -0.01628714 0.0602979 0.03999996 -0.005569756 0.05386447 0.04029995 -0.01628708 0.06029772 0.04029995 -0.005569756 0.05386435 0.03999996 -0.02721726 0.05423313 0.03999996 -0.01628714 0.0602979 0.04029995 -0.02721726 0.05423295 0.04029995 -0.01628708 0.06029772 0.03999996 -0.02743011 0.04173493 0.03999996 -0.02721726 0.05423313 0.04029995 -0.02743005 0.04173475 0.04029995 -0.02721726 0.05423295 0.03999996 -0.01671278 0.0353015 0.03999996 -0.02743011 0.04173493 0.04029995 -0.01671272 0.03530138 0.04029995 -0.02743005 0.04173475 0.03999996 -0.005782604 0.04136633 0.03999996 -0.01671278 0.0353015 0.04029995 -0.005782604 0.04136615 0.04029995 -0.01671272 0.03530138 0.03999996 -0.004199981 0.0583235 0.03999996 -0.004199981 0.06432348 0.04179996 -0.004199981 0.0583235 0.04179996 -0.004199981 0.06432348 0.03999996 0.008999943 0.0583235 0.03999996 -0.004199981 0.0583235 0.04179996 0.008999943 0.0583235 0.04179996 -0.004199981 0.0583235 0.03999996 0.008999943 0.06432348 0.03999996 0.008999943 0.0583235 0.04179996 0.008999943 0.06432348 0.04179996 0.008999943 0.0583235 0.03999996 -0.004199981 0.06432348 0.03999996 0.008999943 0.06432348 0.04179996 -0.004199981 0.06432348 0.04179996 0.008999943 0.06432348 0.03999996 0.01209998 0.0583235 0.03999996 0.01209998 0.06432348 0.04179996 0.01209998 0.0583235 0.04179996 0.01209998 0.06432348 0.03999996 0.02529996 0.0583235 0.03999996 0.01209998 0.0583235 0.04179996 0.02529996 0.0583235 0.04179996 0.01209998 0.0583235 0.03999996 0.02529996 0.06432348 0.03999996 0.02529996 0.0583235 0.04179996 0.02529996 0.06432348 0.04179996 0.02529996 0.0583235 0.03999996 0.01209998 0.06432348 0.03999996 0.02529996 0.06432348 0.04179996 0.01209998 0.06432348 0.04179996 0.02529996 0.06432348 0.03999996 0.02619749 0.05262291 0.03999996 0.02619749 0.03912293 0.04259562 0.02619749 0.05262291 0.04259562 0.02619749 0.03912293 0.03999996 -0.005202412 0.05262291 0.03999996 0.02619749 0.05262291 0.04259562 -0.005202412 0.05262291 0.04259562 0.02619749 0.05262291 0.03999996 -0.005202412 0.03912293 0.03999996 -0.005202412 0.05262291 0.04259562 -0.005202412 0.03912293 0.04259562 -0.005202412 0.05262291 0.03999996 0.02619749 0.03912293 0.03999996 -0.005202412 0.03912293 0.04259562 0.02619749 0.03912293 0.04259562 -0.005202412 0.03912293 0.04230123 0.02149999 0.02499997 0.03999996 0.02149999 0.02499997 0.04230123 0.02138322 0.02363818 0.04230123 0.02103632 0.02231609 0.04230123 0.02046948 0.02107238 0.04230123 0.01969915 0.01994329 0.04230123 0.01874792 0.01896184 0.04230123 0.01764345 0.01815658 0.04230123 0.01641803 0.01755118 0.04230123 0.01510745 0.01716315 0.04230123 0.01374995 0.01700389 0.04029995 0.01374995 0.01700389 0.04029995 0.01247125 0.01706641 0.04029995 0.01121884 0.01733207 0.04029995 0.01002484 0.01779419 0.04029995 0.008919894 0.01844078 0.04029995 0.007932186 0.01925539 0.04029995 0.007087111 0.02021712 0.04029995 0.006406307 0.02130138 0.04029995 0.005907118 0.0224803 0.04029995 0.005602419 0.02372384 0.04029995 0.005499958 0.02499997 0.03999996 0.005499958 0.02499997 0.03999996 0.02137845 0.02361077 0.03999996 0.02101749 0.02226382 0.03999996 0.02042818 0.02099996 0.03999996 0.01962834 0.0198577 0.03999996 0.01864224 0.0188716 0.03999996 0.01749998 0.01807177 0.03999996 0.01623612 0.01748245 0.03999996 0.01488918 0.01712149 0.03999996 0.01349997 0.01699995 0.03999996 0.01211076 0.01712149 0.03999996 0.01076382 0.01748245 0.03999996 0.009499967 0.01807177 0.03999996 0.008357644 0.0188716 0.03999996 0.007371604 0.0198577 0.03999996 0.006571769 0.02099996 0.03999996 0.005982458 0.02226382 0.03999996 0.005621492 0.02361077 0.04229998 0.00146526 0.07199996 0.04229998 -0.00146538 0.07199996 0.04229998 -0.03349995 0.07199996 0.03999996 -0.03349995 0.07199996 0.03999996 0.03349995 0.07199996 0.04229998 0.03349995 0.07199996 0.04229998 0.00146526 0.07199996 0.04229998 -0.00146538 0.07199996 0.04229998 -9.96754e-4 0.07220423 0.04229998 -5.03931e-4 0.07233607 0.04229998 -4.91776e-5 0.07238107 0.04229998 3.61972e-4 0.07235801 0.04229998 7.63863e-4 0.07227724 0.04229998 0.001120924 0.07215738 -0.04099994 0 0.1385 -0.04099994 0 0.1355 -0.04038667 0.007064819 0.1385 -0.03856521 0.01391834 0.1385 -0.03559005 0.02035546 0.1385 -0.03155016 0.0261836 0.1385 -0.02656644 0.03122848 0.1385 -0.02078801 0.03533917 0.1385 -0.0143876 0.0383926 0.1385 -0.007556855 0.0402975 0.1385 -5.00031e-4 0.0409969 0.1385 0.006571769 0.04046988 0.1385 0.01344698 0.03873211 0.1385 0.01991987 0.03583568 0.1385 0.02579689 0.0318672 0.1385 0.0309022 0.02694535 0.1385 0.03508299 0.02121746 0.1385 0.03821432 0.01485478 0.1385 0.04020237 0.008047759 0.1385 0.04098778 9.99998e-4 0.1385 0.04098778 9.99998e-4 0.1355 -0.04038667 0.007064819 0.1355 -0.03856521 0.01391834 0.1355 -0.03559005 0.02035546 0.1355 -0.03155016 0.0261836 0.1355 -0.02656644 0.03122848 0.1355 -0.02078801 0.03533917 0.1355 -0.0143876 0.0383926 0.1355 -0.007556855 0.0402975 0.1355 -5.00031e-4 0.0409969 0.1355 0.006571769 0.04046988 0.1355 0.01344698 0.03873211 0.1355 0.01991987 0.03583568 0.1355 0.02579689 0.0318672 0.1355 0.0309022 0.02694535 0.1355 0.03508299 0.02121746 0.1355 0.03821432 0.01485478 0.1355 0.04020237 0.008047759 0.1355 0.04029995 -0.03249996 0.0715 0.04029995 0.03249996 0.0715 0.04029995 0.03349995 0.07049995 0.04029995 0.03348767 0.07065641 0.04029995 0.03345102 0.070809 0.04029995 0.03339099 0.07095396 0.04029995 0.03330898 0.07108777 0.04029995 0.03320705 0.0712071 0.04029995 0.03308773 0.07130897 0.04029995 0.03295397 0.07139098 0.04029995 0.03280901 0.071451 0.04029995 0.03265643 0.07148766 0.04029995 0.03349995 9.99998e-4 0.04029995 0.03309994 2e-4 0.04029995 0.03321599 3.01898e-4 0.04029995 0.03331488 4.20432e-4 0.04029995 0.03339439 5.52785e-4 0.04029995 0.03345257 6.95799e-4 0.04029995 0.03348803 8.46066e-4 0.04029995 -0.03309994 2e-4 0.04029995 -0.03349995 9.99998e-4 0.04029995 -0.03348803 8.46066e-4 0.04029995 -0.03345257 6.95799e-4 0.04029995 -0.03339439 5.52785e-4 0.04029995 -0.03331488 4.20432e-4 0.04029995 -0.03321599 3.01898e-4 0.04029995 -0.03349995 0.07049995 0.04029995 -0.03265643 0.07148766 0.04029995 -0.03280901 0.071451 0.04029995 -0.03295397 0.07139098 0.04029995 -0.03308779 0.07130897 0.04029995 -0.03320705 0.0712071 0.04029995 -0.03330898 0.07108777 0.04029995 -0.03339099 0.07095396 0.04029995 -0.03345102 0.070809 0.04029995 -0.03348767 0.07065641 0.04029995 -0.01481181 0.06689995 0.04029995 -0.01818817 0.06689995 0.04029995 -0.01859414 0.06658565 0.04029995 -0.01894271 0.06620866 0.04029995 -0.01922428 0.06577926 0.04029995 -0.01943105 0.06530928 0.04029995 -0.01955747 0.06481164 0.04029995 -0.01959997 0.0643 0.04029995 -0.01955288 0.06376165 0.04029995 -0.01941305 0.06323969 0.04029995 -0.01918464 0.06274998 0.04029995 -0.0188747 0.06230735 0.04029995 -0.01849263 0.06192523 0.04029995 -0.01804995 0.06161528 0.04029995 -0.01756024 0.06138694 0.04029995 -0.01703828 0.06124705 0.04029995 -0.01649999 0.06119996 0.04029995 -0.01596164 0.06124705 0.04029995 -0.01543968 0.06138694 0.04029995 -0.01494997 0.06161528 0.04029995 -0.01450735 0.06192523 0.04029995 -0.01412522 0.06230735 0.04029995 -0.01381528 0.06274998 0.04029995 -0.01358693 0.06323969 0.04029995 -0.01344704 0.06376165 0.04029995 -0.01339995 0.0643 0.04029995 -0.01344251 0.06481164 0.04029995 -0.01356887 0.06530928 0.04029995 -0.0137757 0.06577926 0.04029995 -0.01405721 0.06620866 0.04029995 -0.01440578 0.06658565 0.04029995 -0.01989406 0.01819998 0.04029995 -0.01310586 0.01819998 0.04029995 -0.01202785 0.01885509 0.04029995 -0.01107299 0.01967948 0.04029995 -0.01026767 0.02065044 0.04029995 -0.009634077 0.02174127 0.04029995 -0.009189605 0.02292186 0.04029995 -0.008946537 0.02415972 0.04029995 -0.008911609 0.02542066 0.04029995 -0.009085774 0.02667009 0.04029995 -0.009464144 0.02787351 0.04029995 -0.0100364 0.02899771 0.04029995 -0.01078671 0.03001177 0.04029995 -0.01169443 0.03088778 0.04029995 -0.01237481 0.03138297 0.04029995 -0.01310586 0.03179997 0.04029995 -0.01989406 0.03179997 0.04029995 -0.02097213 0.03114485 0.04029995 -0.02192693 0.03032046 0.04029995 -0.02273225 0.0293495 0.04029995 -0.02336591 0.02825868 0.04029995 -0.02381032 0.02707809 0.04029995 -0.02405339 0.02584022 0.04029995 -0.02408832 0.02457928 0.04029995 -0.02391421 0.02332985 0.04029995 -0.02353578 0.02212643 0.04029995 -0.02296358 0.02100223 0.04029995 -0.02221328 0.01998817 0.04029995 -0.02130556 0.01911216 0.04029995 -0.02062511 0.01861697 0.04029995 0.02609997 0.05759996 0.04029995 0.02609997 0.06499999 0.04029995 0.01119995 0.06499999 0.04029995 0.01119995 0.05759996 0.04029995 0.009799957 0.05759996 0.04029995 0.009799957 0.06499999 0.04029995 -0.005099952 0.06499999 0.04029995 -0.005099952 0.05759996 0.04029995 -0.005499958 0.05289995 0.04029995 -0.005499958 0.0388 0.04029995 0.02649998 0.0388 0.04029995 0.02649998 0.05289995 0.04029995 0.01374995 0.01700389 0.04029995 0.01502871 0.01706641 0.04029995 0.01628112 0.01733207 0.04029995 0.01747506 0.01779419 0.04029995 0.01858007 0.01844078 0.04029995 0.01956772 0.01925539 0.04029995 0.0204128 0.02021712 0.04029995 0.02109366 0.02130138 0.04029995 0.02159279 0.0224803 0.04029995 0.02189755 0.02372384 0.04029995 0.02199995 0.02499997 0.04029995 0.02189755 0.02627617 0.04029995 0.02159279 0.02751964 0.04029995 0.02109366 0.02869856 0.04029995 0.0204128 0.02978283 0.04029995 0.01956772 0.03074455 0.04029995 0.01858007 0.03155916 0.04029995 0.01747506 0.03220576 0.04029995 0.01628112 0.03266787 0.04029995 0.01502871 0.03293353 0.04029995 0.01374995 0.03299605 0.04029995 0.005499958 0.02499997 0.04029995 0.005602419 0.02627617 0.04029995 0.005907118 0.02751964 0.04029995 0.006406307 0.02869856 0.04029995 0.007087111 0.02978283 0.04029995 0.007932186 0.03074455 0.04029995 0.008919894 0.03155916 0.04029995 0.01002484 0.03220576 0.04029995 0.01121884 0.03266787 0.04029995 0.01247125 0.03293353 0.04029995 0.01247125 0.01706641 0.04029995 0.01121884 0.01733207 0.04029995 0.01002484 0.01779419 0.04029995 0.008919894 0.01844078 0.04029995 0.007932186 0.01925539 0.04029995 0.007087111 0.02021712 0.04029995 0.006406307 0.02130138 0.04029995 0.005907118 0.0224803 0.04029995 0.005602419 0.02372384 0.04029995 -0.02743005 0.04173475 0.04029995 -0.02721726 0.05423295 0.04029995 -0.01671272 0.03530138 0.04029995 -0.005782604 0.04136615 0.04029995 -0.005569756 0.05386435 0.04029995 -0.01628708 0.06029772 0.04179996 0.009624958 0.06483352 0.04179996 0.009624958 0.05781346 0.04179996 -0.004824995 0.05781346 0.04179996 -0.004824995 0.06483352 0.04179996 -0.004199981 0.0583235 0.04179996 -0.004199981 0.06432348 0.04179996 0.008999943 0.0583235 0.04179996 0.008999943 0.06432348 0.04179996 0.02592498 0.06483352 0.04179996 0.02592498 0.05781346 0.04179996 0.01147496 0.05781346 0.04179996 0.01147496 0.06483352 0.04179996 0.01209998 0.0583235 0.04179996 0.01209998 0.06432348 0.04179996 0.02529996 0.0583235 0.04179996 0.02529996 0.06432348 0.04259562 0.02619749 0.05262291 0.04259562 0.02619749 0.03912293 0.04259562 -0.005202412 0.05262291 0.04259562 -0.005202412 0.03912293 0.04259562 0.005997538 0.0486229 0.04259562 0.007997512 0.0486229 0.04259562 0.007997512 0.04112291 0.04259562 -0.002702414 0.04112291 0.04259562 -0.002702414 0.0486229 0.04259562 -7.02456e-4 0.0486229 0.04259562 -7.02456e-4 0.05062294 0.04259562 0.005997538 0.05062294 0.04259562 0.02169752 0.05062294 0.04259562 0.02169752 0.0486229 0.04259562 0.02369749 0.0486229 0.04259562 0.02369749 0.04112291 0.04259562 0.0129975 0.04112291 0.04259562 0.0129975 0.0486229 0.04259562 0.01499754 0.0486229 0.04259562 0.01499754 0.05062294 0.04230123 0.01374995 0.01700389 0.04230123 0.01502871 0.01706641 0.04230123 0.01628112 0.01733207 0.04230123 0.01747506 0.01779419 0.04230123 0.01858007 0.01844078 0.04230123 0.01956772 0.01925539 0.04230123 0.0204128 0.02021712 0.04230123 0.02109366 0.02130138 0.04230123 0.02159279 0.0224803 0.04230123 0.02189755 0.02372384 0.04230123 0.02199995 0.02499997 0.04029995 0.01374995 0.01700389 0.04029995 0.01502871 0.01706641 0.04029995 0.01628112 0.01733207 0.04029995 0.01747506 0.01779419 0.04029995 0.01858007 0.01844078 0.04029995 0.01956772 0.01925539 0.04029995 0.0204128 0.02021712 0.04029995 0.02109366 0.02130138 0.04029995 0.02159279 0.0224803 0.04029995 0.02189755 0.02372384 0.04029995 0.02199995 0.02499997 0.04230123 0.01374995 0.03299605 0.04230123 0.01510745 0.03283679 0.04230123 0.01641803 0.03244876 0.04230123 0.01764345 0.0318433 0.04230123 0.01874792 0.0310381 0.04230123 0.01969915 0.03005665 0.04230123 0.02046948 0.02892756 0.04230123 0.02103632 0.02768385 0.04230123 0.02138322 0.02636182 0.04230123 0.02149999 0.02499997 0.04230123 0.02199995 0.02499997 0.04230123 0.02189755 0.02627617 0.04230123 0.02159279 0.02751964 0.04230123 0.02109366 0.02869856 0.04230123 0.0204128 0.02978283 0.04230123 0.01956772 0.03074455 0.04230123 0.01858007 0.03155916 0.04230123 0.01747506 0.03220576 0.04230123 0.01628112 0.03266787 0.04230123 0.01502871 0.03293353 0.04230123 0.01374995 0.01700389 0.04230123 0.01502871 0.01706641 0.04230123 0.01628112 0.01733207 0.04230123 0.01747506 0.01779419 0.04230123 0.01858007 0.01844078 0.04230123 0.01956772 0.01925539 0.04230123 0.0204128 0.02021712 0.04230123 0.02109366 0.02130138 0.04230123 0.02159279 0.0224803 0.04230123 0.02189755 0.02372384 0.04230123 0.02138322 0.02363818 0.04230123 0.02103632 0.02231609 0.04230123 0.02046948 0.02107238 0.04230123 0.01969915 0.01994329 0.04230123 0.01874792 0.01896184 0.04230123 0.01764345 0.01815658 0.04230123 0.01641803 0.01755118 0.04230123 0.01510745 0.01716315 0.04098778 9.99998e-4 0.1385 0.04069995 9.99998e-4 0.1385 -0.04099994 0 0.1385 -0.04038667 0.007064819 0.1385 -0.03856521 0.01391834 0.1385 -0.03559005 0.02035546 0.1385 -0.03155016 0.0261836 0.1385 -0.02656644 0.03122848 0.1385 -0.02078801 0.03533917 0.1385 -0.0143876 0.0383926 0.1385 -0.007556855 0.0402975 0.1385 -5.00031e-4 0.0409969 0.1385 0.006571769 0.04046988 0.1385 0.01344698 0.03873211 0.1385 0.01991987 0.03583568 0.1385 0.02579689 0.0318672 0.1385 0.0309022 0.02694535 0.1385 0.03508299 0.02121746 0.1385 0.03821432 0.01485478 0.1385 0.04020237 0.008047759 0.1385 0.04098778 -0.000999987 0.1385 0.04020237 -0.008047759 0.1385 0.03821432 -0.01485478 0.1385 0.03508299 -0.02121746 0.1385 0.0309022 -0.02694535 0.1385 0.02579689 -0.0318672 0.1385 0.01991987 -0.03583568 0.1385 0.01344698 -0.03873211 0.1385 0.006571769 -0.04046988 0.1385 -5.00031e-4 -0.0409969 0.1385 -0.007556855 -0.04029756 0.1385 -0.0143876 -0.0383926 0.1385 -0.02078801 -0.03533917 0.1385 -0.02656644 -0.03122848 0.1385 -0.03155016 -0.02618366 0.1385 -0.03559005 -0.02035546 0.1385 -0.03856521 -0.01391834 0.1385 -0.04038667 -0.007064819 0.1385 0.04069995 -0.000999987 0.1385 0.032 0 0.1385 0.03151381 0.005556702 0.1385 0.03007012 0.0109446 0.1385 0.02771282 0.01599997 0.1385 0.02451342 0.0205692 0.1385 0.0205692 0.02451342 0.1385 0.01599997 0.02771276 0.1385 0.0109446 0.03007012 0.1385 0.005556702 0.03151381 0.1385 0 0.03199994 0.1385 -0.005556702 0.03151381 0.1385 -0.0109446 0.03007012 0.1385 -0.01599997 0.02771276 0.1385 -0.02056914 0.02451342 0.1385 -0.02451336 0.0205692 0.1385 -0.02771276 0.01599997 0.1385 -0.03007012 0.0109446 0.1385 -0.03151381 0.005556702 0.1385 -0.03199994 0 0.1385 -0.03151381 -0.005556702 0.1385 -0.03007012 -0.0109446 0.1385 -0.02771276 -0.01599997 0.1385 -0.02451336 -0.0205692 0.1385 -0.02056914 -0.02451342 0.1385 -0.01599997 -0.02771276 0.1385 -0.0109446 -0.03007012 0.1385 -0.005556702 -0.03151381 0.1385 0 -0.032 0.1385 0.005556702 -0.03151381 0.1385 0.0109446 -0.03007012 0.1385 0.01599997 -0.02771276 0.1385 0.0205692 -0.02451342 0.1385 0.02451342 -0.0205692 0.1385 0.02771282 -0.01599997 0.1385 0.03007012 -0.0109446 0.1385 0.03151381 -0.005556702 0.1385 0.04229998 -0.01818817 0.06689995 0.04229998 -0.01859414 0.06658565 0.04229998 -0.01894271 0.06620866 0.04229998 -0.01922428 0.06577926 0.04229998 -0.01943105 0.06530928 0.04229998 -0.01955747 0.06481164 0.04229998 -0.01959997 0.0643 0.04029995 -0.01818817 0.06689995 0.04029995 -0.01859414 0.06658565 0.04029995 -0.01894271 0.06620866 0.04029995 -0.01922428 0.06577926 0.04029995 -0.01943105 0.06530928 0.04029995 -0.01955747 0.06481164 0.04029995 -0.01959997 0.0643 0.04029995 -0.01481181 0.06689995 0.04029995 -0.01818817 0.06689995 0.04229998 -0.01481181 0.06689995 0.04229998 -0.01818817 0.06689995 0.04029995 -0.01310586 0.01819998 0.04229998 -0.01310586 0.01819998 0.04229998 -0.01202809 0.01885443 0.04229998 -0.01107436 0.01967823 0.04229998 -0.01026868 0.02064895 0.04229998 -0.009635388 0.02173852 0.04229998 -0.00919044 0.02291893 0.04229998 -0.008947193 0.02415442 0.04229998 -0.008911371 0.02541643 0.04229998 -0.009084463 0.02666419 0.04229998 -0.00946176 0.02786856 0.04229998 -0.01003193 0.0289905 0.04229998 -0.0107823 0.03000676 0.04229998 -0.01168698 0.0308817 0.04229998 -0.01237082 0.03138041 0.04229998 -0.01310586 0.03179997 0.04029995 -0.01310586 0.03179997 0.04029995 -0.01202785 0.01885509 0.04029995 -0.01107299 0.01967948 0.04029995 -0.01026767 0.02065044 0.04029995 -0.009634077 0.02174127 0.04029995 -0.009189605 0.02292186 0.04029995 -0.008946537 0.02415972 0.04029995 -0.008911609 0.02542066 0.04029995 -0.009085774 0.02667009 0.04029995 -0.009464144 0.02787351 0.04029995 -0.0100364 0.02899771 0.04029995 -0.01078671 0.03001177 0.04029995 -0.01169443 0.03088778 0.04029995 -0.01237481 0.03138297 0.04229998 -0.01989406 0.01819998 0.04229998 -0.01310586 0.01819998 0.04029995 -0.01310586 0.01819998 0.04029995 -0.01989406 0.01819998 0.04029995 -0.01989406 0.03179997 0.04229998 -0.01989406 0.03179997 0.04229998 -0.02097213 0.03114485 0.04229998 -0.02192693 0.03032046 0.04229998 -0.02273225 0.0293495 0.04229998 -0.02336591 0.02825868 0.04229998 -0.02381032 0.02707809 0.04229998 -0.02405339 0.02584022 0.04229998 -0.02408832 0.02457928 0.04229998 -0.02391421 0.02332985 0.04229998 -0.02353578 0.02212643 0.04229998 -0.02296358 0.02100223 0.04229998 -0.02221328 0.01998817 0.04229998 -0.02130556 0.01911216 0.04229998 -0.02062511 0.01861697 0.04229998 -0.01989406 0.01819998 0.04029995 -0.01989406 0.01819998 0.04029995 -0.02097213 0.03114485 0.04029995 -0.02192693 0.03032046 0.04029995 -0.02273225 0.0293495 0.04029995 -0.02336591 0.02825868 0.04029995 -0.02381032 0.02707809 0.04029995 -0.02405339 0.02584022 0.04029995 -0.02408832 0.02457928 0.04029995 -0.02391421 0.02332985 0.04029995 -0.02353578 0.02212643 0.04029995 -0.02296358 0.02100223 0.04029995 -0.02221328 0.01998817 0.04029995 -0.02130556 0.01911216 0.04029995 -0.02062511 0.01861697 0.04229998 -0.01310586 0.03179997 0.04229998 -0.01989406 0.03179997 0.04029995 -0.01989406 0.03179997 0.04029995 -0.01310586 0.03179997 0.04029995 0.02609997 0.06499999 0.04229998 0.02609997 0.06499999 0.04229998 0.01119995 0.06499999 0.04029995 0.01119995 0.06499999 0.04029995 0.02609997 0.05759996 0.04229998 0.02609997 0.05759996 0.04229998 0.02609997 0.06499999 0.04029995 0.02609997 0.06499999 0.04029995 0.01119995 0.05759996 0.04229998 0.01119995 0.05759996 0.04229998 0.02609997 0.05759996 0.04029995 0.02609997 0.05759996 0.04029995 0.01119995 0.06499999 0.04029995 0.01119995 0.05759996 0.04229998 0.01119995 0.06499999 0.04229998 0.01119995 0.05759996 0.04029995 0.009799957 0.06499999 0.04229998 0.009799957 0.06499999 0.04229998 -0.005099952 0.06499999 0.04029995 -0.005099952 0.06499999 0.04029995 0.009799957 0.05759996 0.04229998 0.009799957 0.05759996 0.04229998 0.009799957 0.06499999 0.04029995 0.009799957 0.06499999 0.04029995 -0.005099952 0.05759996 0.04229998 -0.005099952 0.05759996 0.04229998 0.009799957 0.05759996 0.04029995 0.009799957 0.05759996 0.04029995 -0.005099952 0.06499999 0.04029995 -0.005099952 0.05759996 0.04229998 -0.005099952 0.06499999 0.04229998 -0.005099952 0.05759996 0.04229998 -0.005499958 0.0388 0.04229998 0.02649998 0.0388 0.04029995 0.02649998 0.0388 0.04029995 -0.005499958 0.0388 0.04229998 -0.005499958 0.05289995 0.04229998 -0.005499958 0.0388 0.04029995 -0.005499958 0.0388 0.04029995 -0.005499958 0.05289995 0.04229998 0.02649998 0.05289995 0.04229998 -0.005499958 0.05289995 0.04029995 -0.005499958 0.05289995 0.04029995 0.02649998 0.05289995 0.04229998 0.02649998 0.0388 0.04229998 0.02649998 0.05289995 0.04029995 0.02649998 0.05289995 0.04029995 0.02649998 0.0388 0.04029995 -0.03249996 0.0715 0.04029995 0.03249996 0.0715 0.04229998 -0.03249996 0.0715 0.04229998 0.03249996 0.0715 0.04229998 -0.03349995 0.06698018 0.04219299 -0.03349995 0.0673123 0.04212427 -0.03349995 0.0676521 0.04209995 -0.03349995 0.06799995 0.04212421 -0.03349995 0.06834805 0.04219293 -0.03349995 0.06868761 0.04229998 -0.03349995 0.06901979 0.04229998 -0.03349995 0.07049995 0.04029995 -0.03349995 0.07049995 0.04029995 -0.03349995 9.99998e-4 0.04229998 -0.03349995 9.99998e-4 0.04229998 -0.03349995 0.00698018 0.04219299 -0.03349995 0.007312297 0.04212427 -0.03349995 0.007652103 0.04209995 -0.03349995 0.007999956 0.04212421 -0.03349995 0.008348047 0.04219293 -0.03349995 0.008687615 0.04229998 -0.03349995 0.009019792 0.04029995 0.03309994 2e-4 0.04229998 0.03309994 2e-4 0.04229998 -0.03309994 2e-4 0.04029995 -0.03309994 2e-4 0.04029995 0.03349995 0.07049995 0.04029995 0.03349995 9.99998e-4 0.04229998 0.03349995 0.07049995 0.04229998 0.03349995 0.06901979 0.04219299 0.03349995 0.06868767 0.04212427 0.03349995 0.06834787 0.04209995 0.03349995 0.06799995 0.04212421 0.03349995 0.06765192 0.04219293 0.03349995 0.06731235 0.04229998 0.03349995 0.06698018 0.04229998 0.03349995 0.009019792 0.04219299 0.03349995 0.008687674 0.04212427 0.03349995 0.008347868 0.04209995 0.03349995 0.007999956 0.04212421 0.03349995 0.007651925 0.04219293 0.03349995 0.007312357 0.04229998 0.03349995 0.00698018 0.04229998 0.03349995 9.99998e-4 0.04229998 -0.004824995 0.06483352 0.04179996 -0.004824995 0.06483352 0.04179996 -0.004824995 0.05781346 0.04229998 -0.004824995 0.05781346 0.04179996 0.009624958 0.05781346 0.04179996 -0.004824995 0.05781346 0.04229998 0.009624958 0.05781346 0.04229998 -0.004824995 0.05781346 0.04179996 0.009624958 0.06483352 0.04229998 0.009624958 0.06483352 0.04229998 0.009624958 0.05781346 0.04179996 0.009624958 0.05781346 0.04179996 -0.004824995 0.06483352 0.04179996 0.009624958 0.06483352 0.04229998 -0.004824995 0.06483352 0.04229998 0.009624958 0.06483352 0.04229998 0.01147496 0.06483352 0.04179996 0.01147496 0.06483352 0.04179996 0.01147496 0.05781346 0.04229998 0.01147496 0.05781346 0.04179996 0.02592498 0.05781346 0.04179996 0.01147496 0.05781346 0.04229998 0.02592498 0.05781346 0.04229998 0.01147496 0.05781346 0.04179996 0.02592498 0.06483352 0.04229998 0.02592498 0.06483352 0.04229998 0.02592498 0.05781346 0.04179996 0.02592498 0.05781346 0.04179996 0.01147496 0.06483352 0.04179996 0.02592498 0.06483352 0.04229998 0.01147496 0.06483352 0.04229998 0.02592498 0.06483352 0.03999996 0.007997512 0.0486229 0.03999996 0.007997512 0.04112291 0.04259562 0.007997512 0.04112291 0.04259562 0.007997512 0.0486229 0.03999996 0.005997538 0.0486229 0.03999996 0.007997512 0.0486229 0.04259562 0.007997512 0.0486229 0.04259562 0.005997538 0.0486229 0.03999996 0.005997538 0.05062294 0.03999996 0.005997538 0.0486229 0.04259562 0.005997538 0.0486229 0.04259562 0.005997538 0.05062294 0.03999996 -7.02456e-4 0.05062294 0.03999996 0.005997538 0.05062294 0.04259562 0.005997538 0.05062294 0.04259562 -7.02456e-4 0.05062294 0.03999996 -7.02456e-4 0.0486229 0.03999996 -7.02456e-4 0.05062294 0.04259562 -7.02456e-4 0.05062294 0.04259562 -7.02456e-4 0.0486229 0.03999996 -0.002702414 0.0486229 0.03999996 -7.02456e-4 0.0486229 0.04259562 -7.02456e-4 0.0486229 0.04259562 -0.002702414 0.0486229 0.03999996 -0.002702414 0.04112291 0.03999996 -0.002702414 0.0486229 0.04259562 -0.002702414 0.0486229 0.04259562 -0.002702414 0.04112291 0.03999996 0.007997512 0.04112291 0.03999996 -0.002702414 0.04112291 0.04259562 -0.002702414 0.04112291 0.04259562 0.007997512 0.04112291 0.03999996 0.02169752 0.0486229 0.03999996 0.02369749 0.0486229 0.04259562 0.02369749 0.0486229 0.04259562 0.02169752 0.0486229 0.03999996 0.02169752 0.05062294 0.03999996 0.02169752 0.0486229 0.04259562 0.02169752 0.0486229 0.04259562 0.02169752 0.05062294 0.03999996 0.01499754 0.05062294 0.03999996 0.02169752 0.05062294 0.04259562 0.02169752 0.05062294 0.04259562 0.01499754 0.05062294 0.03999996 0.01499754 0.0486229 0.03999996 0.01499754 0.05062294 0.04259562 0.01499754 0.05062294 0.04259562 0.01499754 0.0486229 0.03999996 0.0129975 0.0486229 0.03999996 0.01499754 0.0486229 0.04259562 0.01499754 0.0486229 0.04259562 0.0129975 0.0486229 0.03999996 0.0129975 0.04112291 0.03999996 0.0129975 0.0486229 0.04259562 0.0129975 0.0486229 0.04259562 0.0129975 0.04112291 0.03999996 0.02369749 0.04112291 0.03999996 0.0129975 0.04112291 0.04259562 0.0129975 0.04112291 0.04259562 0.02369749 0.04112291 0.03999996 0.02369749 0.0486229 0.03999996 0.02369749 0.04112291 0.04259562 0.02369749 0.04112291 0.04259562 0.02369749 0.0486229 0.04229998 -0.01818817 0.06689995 0.04229998 -0.01859414 0.06658565 0.04229998 -0.01894271 0.06620866 0.04229998 -0.01922428 0.06577926 0.04229998 -0.01943105 0.06530928 0.04229998 -0.01955747 0.06481164 0.04229998 -0.01959997 0.0643 0.04229998 -0.01481181 0.06689995 0.04229998 -0.01339995 0.0643 0.04229998 -0.01344251 0.06481164 0.04229998 -0.01356887 0.06530928 0.04229998 -0.0137757 0.06577926 0.04229998 -0.01405721 0.06620866 0.04229998 -0.01440578 0.06658565 0.04229998 -0.01955288 0.06376165 0.04229998 -0.01941305 0.06323969 0.04229998 -0.01918464 0.06274998 0.04229998 -0.0188747 0.06230735 0.04229998 -0.01849263 0.06192523 0.04229998 -0.01804995 0.06161528 0.04229998 -0.01756024 0.06138694 0.04229998 -0.01703828 0.06124705 0.04229998 -0.01649999 0.06119996 0.04229998 -0.01596164 0.06124705 0.04229998 -0.01543968 0.06138694 0.04229998 -0.01494997 0.06161528 0.04229998 -0.01450735 0.06192523 0.04229998 -0.01412522 0.06230735 0.04229998 -0.01381528 0.06274998 0.04229998 -0.01358693 0.06323969 0.04229998 -0.01344704 0.06376165 0.04229998 -0.01989406 0.01819998 0.04229998 -0.01310586 0.01819998 0.04229998 -0.01989406 0.03179997 0.04229998 -0.02097213 0.03114485 0.04229998 -0.02192693 0.03032046 0.04229998 -0.02273225 0.0293495 0.04229998 -0.02336591 0.02825868 0.04229998 -0.02381032 0.02707809 0.04229998 -0.02405339 0.02584022 0.04229998 -0.02408832 0.02457928 0.04229998 -0.02391421 0.02332985 0.04229998 -0.02353578 0.02212643 0.04229998 -0.02296358 0.02100223 0.04229998 -0.02221328 0.01998817 0.04229998 -0.02130556 0.01911216 0.04229998 -0.02062511 0.01861697 0.04229998 -0.01310586 0.03179997 0.04229998 -0.01202809 0.01885443 0.04229998 -0.01107436 0.01967823 0.04229998 -0.01026868 0.02064895 0.04229998 -0.009635388 0.02173852 0.04229998 -0.00919044 0.02291893 0.04229998 -0.008947193 0.02415442 0.04229998 -0.008911371 0.02541643 0.04229998 -0.009084463 0.02666419 0.04229998 -0.00946176 0.02786856 0.04229998 -0.01003193 0.0289905 0.04229998 -0.0107823 0.03000676 0.04229998 -0.01168698 0.0308817 0.04229998 -0.01237082 0.03138041 0.04229998 -0.03349995 0.009019792 0.04229998 -0.03349995 0.06698018 0.04229998 -0.03328835 0.009432911 0.04229998 -0.03300905 0.009803712 0.04229998 -0.03267037 0.01012122 0.04229998 -0.03228235 0.01037597 0.04229998 -0.03185641 0.01056057 0.04229998 -0.03140515 0.01066941 0.04229998 -0.0309419 0.01069933 0.04229998 -0.03048038 0.0106495 0.04229998 -0.03003418 0.01052135 0.04229998 -0.02961659 0.01031863 0.04229998 -0.02923983 0.01004737 0.04229998 -0.02891516 0.009715616 0.04229998 -0.02865207 0.009333193 0.04229998 -0.02845841 0.008911311 0.04229998 -0.02833986 0.008462488 0.04229998 -0.02829998 0.007999956 0.04229998 -0.02833986 0.007537484 0.04229998 -0.02845841 0.007088661 0.04229998 -0.02865207 0.006666779 0.04229998 -0.02891516 0.006284296 0.04229998 -0.02923983 0.005952537 0.04229998 -0.02961659 0.005681335 0.04229998 -0.03003418 0.00547862 0.04229998 -0.03048038 0.00535047 0.04229998 -0.0309419 0.005300581 0.04229998 -0.03140515 0.005330562 0.04229998 -0.03185641 0.0054394 0.04229998 -0.03228235 0.005623936 0.04229998 -0.03267037 0.005878746 0.04229998 -0.03300905 0.0061962 0.04229998 -0.03328835 0.006567001 0.04229998 -0.03349995 0.00698018 0.04229998 -0.03349995 9.99998e-4 0.04229998 -0.03348803 8.46066e-4 0.04229998 -0.03345257 6.95799e-4 0.04229998 -0.03339439 5.52785e-4 0.04229998 -0.03331488 4.20432e-4 0.04229998 -0.03321599 3.01898e-4 0.04229998 -0.03309994 2e-4 0.04229998 0.03309994 2e-4 0.04229998 0.03321599 3.01898e-4 0.04229998 0.03331488 4.20432e-4 0.04229998 0.03339439 5.52785e-4 0.04229998 0.03345257 6.95799e-4 0.04229998 0.03348803 8.46066e-4 0.04229998 0.03349995 9.99998e-4 0.04229998 0.03349995 0.00698018 0.04229998 0.03328835 0.006567001 0.04229998 0.03300905 0.0061962 0.04229998 0.03267037 0.005878746 0.04229998 0.03228235 0.005623936 0.04229998 0.03185641 0.0054394 0.04229998 0.03140515 0.005330562 0.04229998 0.0309419 0.005300581 0.04229998 0.03048038 0.00535047 0.04229998 0.03003418 0.00547862 0.04229998 0.02961659 0.005681335 0.04229998 0.02923983 0.005952537 0.04229998 0.02891516 0.006284296 0.04229998 0.02865207 0.006666779 0.04229998 0.02845841 0.007088661 0.04229998 0.02833986 0.007537484 0.04229998 0.02829998 0.007999956 0.04229998 0.02833986 0.008462488 0.04229998 0.02845841 0.008911311 0.04229998 0.02865207 0.009333193 0.04229998 0.02891516 0.009715616 0.04229998 0.02923983 0.01004737 0.04229998 0.02961659 0.01031863 0.04229998 0.03003418 0.01052135 0.04229998 0.03048038 0.0106495 0.04229998 0.0309419 0.01069933 0.04229998 0.03140515 0.01066941 0.04229998 0.03185641 0.01056057 0.04229998 0.03228235 0.01037597 0.04229998 0.03267037 0.01012122 0.04229998 0.03300905 0.009803712 0.04229998 0.03328835 0.009432911 0.04229998 0.03349995 0.009019792 0.04229998 0.03349995 0.06698018 0.04229998 0.03328835 0.066567 0.04229998 0.03300905 0.0661962 0.04229998 0.03267037 0.06587874 0.04229998 0.03228235 0.06562393 0.04229998 0.03185641 0.0654394 0.04229998 0.03140515 0.06533056 0.04229998 0.0309419 0.06530058 0.04229998 0.03048038 0.06535047 0.04229998 0.03003418 0.06547862 0.04229998 0.02961659 0.06568133 0.04229998 0.02923983 0.06595253 0.04229998 0.02891516 0.06628429 0.04229998 0.02865207 0.06666678 0.04229998 0.02845841 0.06708866 0.04229998 0.02833986 0.06753748 0.04229998 0.02829998 0.06799995 0.04229998 0.02833986 0.06846249 0.04229998 0.02845841 0.06891131 0.04229998 0.02865207 0.06933319 0.04229998 0.02891516 0.06971567 0.04229998 0.02923983 0.07004737 0.04229998 0.02961659 0.07031863 0.04229998 0.03003418 0.07052135 0.04229998 0.03048038 0.0706495 0.04229998 0.0309419 0.07069933 0.04229998 0.03140515 0.07066941 0.04229998 0.03185641 0.07056057 0.04229998 0.03228235 0.07037603 0.04229998 0.03267037 0.07012122 0.04229998 0.03300905 0.06980377 0.04229998 0.03328835 0.06943297 0.04229998 0.03349995 0.06901979 0.04229998 0.03349995 0.07049995 0.04229998 0.03348767 0.07065641 0.04229998 0.03345102 0.070809 0.04229998 0.03339099 0.07095396 0.04229998 0.03330898 0.07108777 0.04229998 0.03320705 0.0712071 0.04229998 0.03308773 0.07130897 0.04229998 0.03295397 0.07139098 0.04229998 0.03280901 0.071451 0.04229998 0.03265643 0.07148766 0.04229998 0.03249996 0.0715 0.04229998 -0.03249996 0.0715 0.04229998 -0.03265643 0.07148766 0.04229998 -0.03280901 0.071451 0.04229998 -0.03295397 0.07139098 0.04229998 -0.03308779 0.07130897 0.04229998 -0.03320705 0.0712071 0.04229998 -0.03330898 0.07108777 0.04229998 -0.03339099 0.07095396 0.04229998 -0.03345102 0.070809 0.04229998 -0.03348767 0.07065641 0.04229998 -0.03349995 0.07049995 0.04229998 -0.03349995 0.06901979 0.04229998 -0.03328835 0.06943297 0.04229998 -0.03300905 0.06980377 0.04229998 -0.03267037 0.07012122 0.04229998 -0.03228235 0.07037603 0.04229998 -0.03185641 0.07056057 0.04229998 -0.03140515 0.07066941 0.04229998 -0.0309419 0.07069933 0.04229998 -0.03048038 0.0706495 0.04229998 -0.03003418 0.07052135 0.04229998 -0.02961659 0.07031863 0.04229998 -0.02923983 0.07004737 0.04229998 -0.02891516 0.06971567 0.04229998 -0.02865207 0.06933319 0.04229998 -0.02845841 0.06891131 0.04229998 -0.02833986 0.06846249 0.04229998 -0.02829998 0.06799995 0.04229998 -0.02833986 0.06753748 0.04229998 -0.02845841 0.06708866 0.04229998 -0.02865207 0.06666678 0.04229998 -0.02891516 0.06628429 0.04229998 -0.02923983 0.06595253 0.04229998 -0.02961659 0.06568133 0.04229998 -0.03003418 0.06547862 0.04229998 -0.03048038 0.06535047 0.04229998 -0.0309419 0.06530058 0.04229998 -0.03140515 0.06533056 0.04229998 -0.03185641 0.0654394 0.04229998 -0.03228235 0.06562393 0.04229998 -0.03267037 0.06587874 0.04229998 -0.03300905 0.0661962 0.04229998 -0.03328835 0.066567 0.04229998 -0.02549999 0.02499997 0.04229998 -0.02536326 0.0265628 0.04229998 -0.02495723 0.02807813 0.04229998 -0.02429419 0.02949994 0.04229998 -0.0233944 0.03078508 0.04229998 -0.02228504 0.03189438 0.04229998 -0.02099996 0.03279417 0.04229998 -0.01957815 0.03345721 0.04229998 -0.01806282 0.03386324 0.04229998 -0.01649999 0.03399997 0.04229998 -0.01493716 0.03386324 0.04229998 -0.01342177 0.03345721 0.04229998 -0.01199996 0.03279417 0.04229998 -0.01071488 0.03189438 0.04229998 -0.009605586 0.03078508 0.04229998 -0.008705735 0.02949994 0.04229998 -0.008042752 0.02807813 0.04229998 -0.007636725 0.0265628 0.04229998 -0.007499992 0.02499997 0.04229998 -0.007636725 0.02343714 0.04229998 -0.008042752 0.02192181 0.04229998 -0.008705735 0.0205 0.04229998 -0.009605586 0.01921486 0.04229998 -0.01071488 0.01810556 0.04229998 -0.01199996 0.01720577 0.04229998 -0.01342177 0.01654273 0.04229998 -0.01493716 0.0161367 0.04229998 -0.01649999 0.01599997 0.04229998 -0.01806282 0.0161367 0.04229998 -0.01957815 0.01654273 0.04229998 -0.02099996 0.01720577 0.04229998 -0.02228504 0.01810556 0.04229998 -0.0233944 0.01921486 0.04229998 -0.02429419 0.0205 0.04229998 -0.02495723 0.02192181 0.04229998 -0.02536326 0.02343714 0.04229998 -0.0205 0.0643 0.04229998 -0.0204392 0.06499457 0.04229998 -0.02025872 0.06566804 0.04229998 -0.01996409 0.06629997 0.04229998 -0.01956415 0.0668711 0.04229998 -0.0190711 0.06736415 0.04229998 -0.01849997 0.0677641 0.04229998 -0.01786804 0.06805872 0.04229998 -0.01719456 0.06823921 0.04229998 -0.01649999 0.0683 0.04229998 -0.01580536 0.06823921 0.04229998 -0.01513189 0.06805872 0.04229998 -0.01449996 0.0677641 0.04229998 -0.01392883 0.06736415 0.04229998 -0.01343578 0.0668711 0.04229998 -0.01303589 0.06629997 0.04229998 -0.0127412 0.06566804 0.04229998 -0.01256072 0.06499457 0.04229998 -0.01249998 0.0643 0.04229998 -0.01256072 0.06360536 0.04229998 -0.0127412 0.06293189 0.04229998 -0.01303589 0.06229996 0.04229998 -0.01343578 0.06172883 0.04229998 -0.01392883 0.06123578 0.04229998 -0.01449996 0.06083589 0.04229998 -0.01513189 0.06054121 0.04229998 -0.01580536 0.06036072 0.04229998 -0.01649999 0.06029999 0.04229998 -0.01719456 0.06036072 0.04229998 -0.01786804 0.06054121 0.04229998 -0.01849997 0.06083589 0.04229998 -0.0190711 0.06123578 0.04229998 -0.01956415 0.06172883 0.04229998 -0.01996409 0.06229996 0.04229998 -0.02025872 0.06293189 0.04229998 -0.0204392 0.06360536 0.04229998 0.02609997 0.06499999 0.04229998 0.01119995 0.06499999 0.04229998 0.02609997 0.05759996 0.04229998 0.01119995 0.05759996 0.04229998 0.009799957 0.06499999 0.04229998 -0.005099952 0.06499999 0.04229998 0.009799957 0.05759996 0.04229998 -0.005099952 0.05759996 0.04229998 0.02649998 0.05289995 0.04229998 -0.005499958 0.05289995 0.04229998 0.02649998 0.0388 0.04229998 -0.005499958 0.0388 0.04229998 0.004499971 0.02499997 0.04229998 0.004636704 0.0265628 0.04229998 0.005042731 0.02807813 0.04229998 0.005705714 0.02949994 0.04229998 0.006605565 0.03078508 0.04229998 0.007714867 0.03189438 0.04229998 0.008999943 0.03279417 0.04229998 0.01042181 0.03345721 0.04229998 0.01193714 0.03386324 0.04229998 0.01349997 0.03399997 0.04229998 0.0150628 0.03386324 0.04229998 0.01657813 0.03345721 0.04229998 0.01799994 0.03279417 0.04229998 0.01928508 0.03189438 0.04229998 0.02039438 0.03078508 0.04229998 0.02129417 0.02949994 0.04229998 0.02195721 0.02807813 0.04229998 0.02236324 0.0265628 0.04229998 0.02249997 0.02499997 0.04229998 0.02236324 0.02343714 0.04229998 0.02195721 0.02192181 0.04229998 0.02129417 0.0205 0.04229998 0.02039438 0.01921486 0.04229998 0.01928508 0.01810556 0.04229998 0.01799994 0.01720577 0.04229998 0.01657813 0.01654273 0.04229998 0.0150628 0.0161367 0.04229998 0.01349997 0.01599997 0.04229998 0.01193714 0.0161367 0.04229998 0.01042181 0.01654273 0.04229998 0.008999943 0.01720577 0.04229998 0.007714867 0.01810556 0.04229998 0.006605565 0.01921486 0.04229998 0.005705714 0.0205 0.04229998 0.005042731 0.02192181 0.04229998 0.004636704 0.02343714 0.04229998 -0.007499992 0.0478 0.04229998 -0.007632315 0.0462622 0.04229998 -0.008025646 0.04476922 0.04229998 -0.008667767 0.04336625 0.04229998 -0.009541094 0.04209297 0.04229998 -0.01061785 0.04098802 0.04229998 -0.01186972 0.04008245 0.04229998 -0.01325488 0.03940534 0.04229998 -0.01473951 0.0389738 0.04229998 -0.01627081 0.03880286 0.04229998 -0.01781415 0.03889644 0.04229998 -0.01931351 0.03925096 0.04229998 -0.02073603 0.03985917 0.04229998 -0.02202767 0.04069745 0.04229998 -0.02316236 0.04174906 0.04229998 -0.02409631 0.04297333 0.04229998 -0.02481096 0.04434639 0.04229998 -0.02527791 0.0458129 0.04229998 -0.02544373 0.04679667 0.04229998 -0.02549999 0.0478 0.04229998 -0.02536767 0.04933774 0.04229998 -0.02497428 0.05083072 0.04229998 -0.02433222 0.05223369 0.04229998 -0.02345883 0.05350697 0.04229998 -0.02238208 0.05461192 0.04229998 -0.02113026 0.05551749 0.04229998 -0.01974505 0.0561946 0.04229998 -0.01826041 0.05662614 0.04229998 -0.01672917 0.05679708 0.04229998 -0.01518583 0.0567035 0.04229998 -0.01368647 0.05634897 0.04229998 -0.01226395 0.05574077 0.04229998 -0.01097226 0.05490255 0.04229998 -0.009837627 0.05385088 0.04229998 -0.008903682 0.0526266 0.04229998 -0.008188962 0.05125355 0.04229998 -0.007722079 0.0497871 0.04229998 -0.0075562 0.04880326 0.04229998 -0.03249996 0.0715 0.04229998 -0.03265643 0.07148766 0.04229998 -0.03280901 0.071451 0.04229998 -0.03295397 0.07139098 0.04229998 -0.03308779 0.07130897 0.04229998 -0.03320705 0.0712071 0.04229998 -0.03330898 0.07108777 0.04229998 -0.03339099 0.07095396 0.04229998 -0.03345102 0.070809 0.04229998 -0.03348767 0.07065641 0.04229998 -0.03349995 0.07049995 0.04029995 -0.03249996 0.0715 0.04029995 -0.03265643 0.07148766 0.04029995 -0.03280901 0.071451 0.04029995 -0.03295397 0.07139098 0.04029995 -0.03308779 0.07130897 0.04029995 -0.03320705 0.0712071 0.04029995 -0.03330898 0.07108777 0.04029995 -0.03339099 0.07095396 0.04029995 -0.03345102 0.070809 0.04029995 -0.03348767 0.07065641 0.04029995 -0.03349995 0.07049995 0.04229998 0.03349995 0.07049995 0.04229998 0.03348767 0.07065641 0.04229998 0.03345102 0.070809 0.04229998 0.03339099 0.07095396 0.04229998 0.03330898 0.07108777 0.04229998 0.03320705 0.0712071 0.04229998 0.03308773 0.07130897 0.04229998 0.03295397 0.07139098 0.04229998 0.03280901 0.071451 0.04229998 0.03265643 0.07148766 0.04229998 0.03249996 0.0715 0.04029995 0.03349995 0.07049995 0.04029995 0.03348767 0.07065641 0.04029995 0.03345102 0.070809 0.04029995 0.03339099 0.07095396 0.04029995 0.03330898 0.07108777 0.04029995 0.03320705 0.0712071 0.04029995 0.03308773 0.07130897 0.04029995 0.03295397 0.07139098 0.04029995 0.03280901 0.071451 0.04029995 0.03265643 0.07148766 0.04029995 0.03249996 0.0715 0.04209995 -0.03349995 0.06799995 0.04212421 -0.03349995 0.06834805 0.04219293 -0.03349995 0.06868761 0.04229998 -0.03349995 0.06901979 0.04229998 -0.03328835 0.06943297 0.04229998 -0.03300905 0.06980377 0.04229998 -0.03267037 0.07012122 0.04229998 -0.03228235 0.07037603 0.04229998 -0.03185641 0.07056057 0.04229998 -0.03140515 0.07066941 0.04229998 -0.0309419 0.07069933 0.04229998 -0.03048038 0.0706495 0.04229998 -0.03003418 0.07052135 0.04229998 -0.02961659 0.07031863 0.04229998 -0.02923983 0.07004737 0.04229998 -0.02891516 0.06971567 0.04229998 -0.02865207 0.06933319 0.04229998 -0.02845841 0.06891131 0.04229998 -0.02833986 0.06846249 0.04229998 -0.02829998 0.06799995 0.04104995 -0.02954995 0.06799995 0.04104995 -0.03244996 0.06799995 0.04104995 -0.03242796 0.06825178 0.04104995 -0.03236252 0.06849592 0.04104995 -0.0322557 0.06872498 0.04104995 -0.03211075 0.06893199 0.04104995 -0.03193199 0.06911075 0.04104995 -0.03172498 0.0692557 0.04104995 -0.03149592 0.06936252 0.04104995 -0.03125178 0.06942796 0.04104995 -0.03099995 0.06944996 0.04104995 -0.03074818 0.06942796 0.04104995 -0.03050404 0.06936252 0.04104995 -0.03027498 0.0692557 0.04104995 -0.03006792 0.06911075 0.04104995 -0.02988922 0.06893199 0.04104995 -0.02974426 0.06872498 0.04104995 -0.02963739 0.06849592 0.04104995 -0.02957201 0.06825178 0.04167497 -0.0290265 0.06864118 0.04167497 -0.02932125 0.06921964 0.04167497 -0.02978032 0.06967866 0.04167497 -0.03035879 0.0699734 0.04167497 -0.03099995 0.07007497 0.04167497 -0.03164118 0.0699734 0.04167497 -0.03221964 0.06967866 0.04167497 -0.03267866 0.06921964 0.04167497 -0.0329734 0.06864118 0.04209995 -0.03349995 0.007999956 0.04212421 -0.03349995 0.008348047 0.04219293 -0.03349995 0.008687615 0.04229998 -0.03349995 0.009019792 0.04229998 -0.03328835 0.009432911 0.04229998 -0.03300905 0.009803712 0.04229998 -0.03267037 0.01012122 0.04229998 -0.03228235 0.01037597 0.04229998 -0.03185641 0.01056057 0.04229998 -0.03140515 0.01066941 0.04229998 -0.0309419 0.01069933 0.04229998 -0.03048038 0.0106495 0.04229998 -0.03003418 0.01052135 0.04229998 -0.02961659 0.01031863 0.04229998 -0.02923983 0.01004737 0.04229998 -0.02891516 0.009715616 0.04229998 -0.02865207 0.009333193 0.04229998 -0.02845841 0.008911311 0.04229998 -0.02833986 0.008462488 0.04229998 -0.02829998 0.007999956 0.04104995 -0.02954995 0.007999956 0.04104995 -0.03244996 0.007999956 0.04104995 -0.03242796 0.008251786 0.04104995 -0.03236252 0.008495926 0.04104995 -0.0322557 0.008724987 0.04104995 -0.03211075 0.008931994 0.04104995 -0.03193199 0.009110748 0.04104995 -0.03172498 0.009255707 0.04104995 -0.03149592 0.009362518 0.04104995 -0.03125178 0.009427964 0.04104995 -0.03099995 0.009449958 0.04104995 -0.03074818 0.009427964 0.04104995 -0.03050404 0.009362518 0.04104995 -0.03027498 0.009255707 0.04104995 -0.03006792 0.009110748 0.04104995 -0.02988922 0.008931994 0.04104995 -0.02974426 0.008724987 0.04104995 -0.02963739 0.008495926 0.04104995 -0.02957201 0.008251786 0.04167497 -0.0290265 0.008641183 0.04167497 -0.02932125 0.009219646 0.04167497 -0.02978032 0.009678661 0.04167497 -0.03035879 0.009973406 0.04167497 -0.03099995 0.01007497 0.04167497 -0.03164118 0.009973406 0.04167497 -0.03221964 0.009678661 0.04167497 -0.03267866 0.009219646 0.04167497 -0.0329734 0.008641183 0.04229998 -0.03349995 9.99998e-4 0.04229998 -0.03348803 8.46066e-4 0.04229998 -0.03345257 6.95799e-4 0.04229998 -0.03339439 5.52785e-4 0.04229998 -0.03331488 4.20432e-4 0.04229998 -0.03321599 3.01898e-4 0.04229998 -0.03309994 2e-4 0.04029995 -0.03349995 9.99998e-4 0.04029995 -0.03348803 8.46066e-4 0.04029995 -0.03345257 6.95799e-4 0.04029995 -0.03339439 5.52785e-4 0.04029995 -0.03331488 4.20432e-4 0.04029995 -0.03321599 3.01898e-4 0.04029995 -0.03309994 2e-4 0.04029995 0.03309994 2e-4 0.04029995 0.03321599 3.01898e-4 0.04029995 0.03331488 4.20432e-4 0.04029995 0.03339439 5.52785e-4 0.04029995 0.03345257 6.95799e-4 0.04029995 0.03348803 8.46066e-4 0.04029995 0.03349995 9.99998e-4 0.04229998 0.03349995 9.99998e-4 0.04229998 0.03309994 2e-4 0.04229998 0.03321599 3.01898e-4 0.04229998 0.03331488 4.20432e-4 0.04229998 0.03339439 5.52785e-4 0.04229998 0.03345257 6.95799e-4 0.04229998 0.03348803 8.46066e-4 0.04229998 0.02829998 0.007999956 0.04229998 0.02833986 0.008462488 0.04229998 0.02845841 0.008911311 0.04229998 0.02865207 0.009333193 0.04229998 0.02891516 0.009715616 0.04229998 0.02923983 0.01004737 0.04229998 0.02961659 0.01031863 0.04229998 0.03003418 0.01052135 0.04229998 0.03048038 0.0106495 0.04229998 0.0309419 0.01069933 0.04229998 0.03140515 0.01066941 0.04229998 0.03185641 0.01056057 0.04229998 0.03228235 0.01037597 0.04229998 0.03267037 0.01012122 0.04229998 0.03300905 0.009803712 0.04229998 0.03328835 0.009432911 0.04229998 0.03349995 0.009019792 0.04219299 0.03349995 0.008687674 0.04212427 0.03349995 0.008347868 0.04209995 0.03349995 0.007999956 0.04104995 0.03244996 0.007999956 0.04104995 0.02954995 0.007999956 0.04104995 0.02957201 0.008251786 0.04104995 0.02963739 0.008495926 0.04104995 0.02974426 0.008724987 0.04104995 0.02988922 0.008931994 0.04104995 0.03006792 0.009110748 0.04104995 0.03027498 0.009255707 0.04104995 0.03050404 0.009362518 0.04104995 0.03074818 0.009427964 0.04104995 0.03099995 0.009449958 0.04104995 0.03125178 0.009427964 0.04104995 0.03149592 0.009362518 0.04104995 0.03172498 0.009255707 0.04104995 0.03193199 0.009110748 0.04104995 0.03211075 0.008931994 0.04104995 0.0322557 0.008724987 0.04104995 0.03236252 0.008495926 0.04104995 0.03242796 0.008251786 0.04167497 0.03294986 0.008709669 0.04167497 0.03258949 0.009333729 0.04167497 0.03203749 0.009796977 0.04167497 0.03136026 0.01004344 0.04167497 0.03063964 0.01004344 0.04167497 0.02996248 0.009796977 0.04167497 0.02941042 0.009333729 0.04167497 0.02905011 0.008709669 0.04229998 0.02829998 0.06799995 0.04229998 0.02833986 0.06846249 0.04229998 0.02845841 0.06891131 0.04229998 0.02865207 0.06933319 0.04229998 0.02891516 0.06971567 0.04229998 0.02923983 0.07004737 0.04229998 0.02961659 0.07031863 0.04229998 0.03003418 0.07052135 0.04229998 0.03048038 0.0706495 0.04229998 0.0309419 0.07069933 0.04229998 0.03140515 0.07066941 0.04229998 0.03185641 0.07056057 0.04229998 0.03228235 0.07037603 0.04229998 0.03267037 0.07012122 0.04229998 0.03300905 0.06980377 0.04229998 0.03328835 0.06943297 0.04229998 0.03349995 0.06901979 0.04219299 0.03349995 0.06868767 0.04212427 0.03349995 0.06834787 0.04209995 0.03349995 0.06799995 0.04104995 0.03244996 0.06799995 0.04104995 0.02954995 0.06799995 0.04104995 0.02957201 0.06825178 0.04104995 0.02963739 0.06849592 0.04104995 0.02974426 0.06872498 0.04104995 0.02988922 0.06893199 0.04104995 0.03006792 0.06911075 0.04104995 0.03027498 0.0692557 0.04104995 0.03050404 0.06936252 0.04104995 0.03074818 0.06942796 0.04104995 0.03099995 0.06944996 0.04104995 0.03125178 0.06942796 0.04104995 0.03149592 0.06936252 0.04104995 0.03172498 0.0692557 0.04104995 0.03193199 0.06911075 0.04104995 0.03211075 0.06893199 0.04104995 0.0322557 0.06872498 0.04104995 0.03236252 0.06849592 0.04104995 0.03242796 0.06825178 0.04167497 0.0329734 0.06864118 0.04167497 0.03267866 0.06921964 0.04167497 0.03221964 0.06967866 0.04167497 0.03164118 0.0699734 0.04167497 0.03099995 0.07007497 0.04167497 0.03035879 0.0699734 0.04167497 0.02978032 0.06967866 0.04167497 0.02932125 0.06921964 0.04167497 0.0290265 0.06864118 0.04229998 -0.004824995 0.05781346 0.04229998 -0.004824995 0.06483352 0.04229998 0.009624958 0.05781346 0.04229998 0.009624958 0.06483352 0.04229998 -0.003849983 0.06388348 0.04229998 0.008649945 0.06388348 0.04229998 0.008649945 0.0587635 0.04229998 -0.003849983 0.0587635 0.04229998 0.01147496 0.05781346 0.04229998 0.01147496 0.06483352 0.04229998 0.02592498 0.05781346 0.04229998 0.02592498 0.06483352 0.04229998 0.01244997 0.06388348 0.04229998 0.02494996 0.06388348 0.04229998 0.02494996 0.0587635 0.04229998 0.01244997 0.0587635 0.03999996 0.007997512 0.0486229 0.03999996 0.007997512 0.04112291 0.03999996 0.005997538 0.0486229 0.03999996 0.005997538 0.05062294 0.03999996 -7.02456e-4 0.05062294 0.03999996 -7.02456e-4 0.0486229 0.03999996 -0.002702414 0.0486229 0.03999996 -0.002702414 0.04112291 0.03999996 0.0129975 0.04112291 0.03999996 0.0129975 0.0486229 0.03999996 0.02369749 0.04112291 0.03999996 0.02369749 0.0486229 0.03999996 0.02169752 0.0486229 0.03999996 0.02169752 0.05062294 0.03999996 0.01499754 0.05062294 0.03999996 0.01499754 0.0486229 0.04359996 -0.007499992 0.02499997 0.04229998 -0.007499992 0.02499997 0.04359996 -0.007636725 0.02343714 0.04359996 -0.008042752 0.02192181 0.04359996 -0.008705735 0.0205 0.04359996 -0.009605586 0.01921486 0.04359996 -0.01071488 0.01810556 0.04359996 -0.01199996 0.01720577 0.04359996 -0.01342177 0.01654273 0.04359996 -0.01493716 0.0161367 0.04359996 -0.01649999 0.01599997 0.04359996 -0.01790791 0.01611077 0.04359996 -0.01928114 0.01644045 0.04359996 -0.02058589 0.01698094 0.04359996 -0.02179002 0.01771885 0.04359996 -0.02286392 0.01863598 0.04359996 -0.02378112 0.01970988 0.04359996 -0.02451902 0.02091407 0.04359996 -0.02505946 0.02221882 0.04359996 -0.02538919 0.02359205 0.04359996 -0.02549999 0.02499997 0.04229998 -0.02549999 0.02499997 0.04229998 -0.007636725 0.02343714 0.04229998 -0.008042752 0.02192181 0.04229998 -0.008705735 0.0205 0.04229998 -0.009605586 0.01921486 0.04229998 -0.01071488 0.01810556 0.04229998 -0.01199996 0.01720577 0.04229998 -0.01342177 0.01654273 0.04229998 -0.01493716 0.0161367 0.04229998 -0.01649999 0.01599997 0.04229998 -0.01806282 0.0161367 0.04229998 -0.01957815 0.01654273 0.04229998 -0.02099996 0.01720577 0.04229998 -0.02228504 0.01810556 0.04229998 -0.0233944 0.01921486 0.04229998 -0.02429419 0.0205 0.04229998 -0.02495723 0.02192181 0.04229998 -0.02536326 0.02343714 0.05129998 -0.01249998 0.0643 0.04229998 -0.01249998 0.0643 0.05129998 -0.01254856 0.06367862 0.05129998 -0.01269304 0.06307232 0.05129998 -0.01292997 0.06249582 0.05129998 -0.01325356 0.06196314 0.05129998 -0.01357018 0.06140238 0.05129998 -0.01413357 0.06107503 0.05129998 -0.01467007 0.06074309 0.05129998 -0.01525205 0.0604996 0.05129998 -0.01586508 0.06035065 0.05129998 -0.01649391 0.06029999 0.05129998 -0.01712292 0.06034874 0.05129998 -0.01773637 0.06049585 0.05129998 -0.01831912 0.06073755 0.05129998 -0.01885658 0.06106787 0.05129998 -0.01942008 0.06139439 0.05129998 -0.0197407 0.06195527 0.05129998 -0.02006673 0.06248933 0.05129998 -0.02030545 0.06306767 0.05129998 -0.02045106 0.06367623 0.05129998 -0.0205 0.0643 0.04229998 -0.0205 0.0643 0.04229998 -0.01256072 0.06360536 0.04229998 -0.0127412 0.06293189 0.04229998 -0.01303589 0.06229996 0.04229998 -0.01343578 0.06172883 0.04229998 -0.01392883 0.06123578 0.04229998 -0.01449996 0.06083589 0.04229998 -0.01513189 0.06054121 0.04229998 -0.01580536 0.06036072 0.04229998 -0.01649999 0.06029999 0.04229998 -0.01719456 0.06036072 0.04229998 -0.01786804 0.06054121 0.04229998 -0.01849997 0.06083589 0.04229998 -0.0190711 0.06123578 0.04229998 -0.01956415 0.06172883 0.04229998 -0.01996409 0.06229996 0.04229998 -0.02025872 0.06293189 0.04229998 -0.0204392 0.06360536 0.04330122 0.02249997 0.02499997 0.04229998 0.02249997 0.02499997 0.04330122 0.02238917 0.02359205 0.04330122 0.0220595 0.02221882 0.04330122 0.021519 0.02091407 0.04330122 0.02078109 0.01970988 0.04330122 0.01986396 0.01863598 0.04330122 0.01879006 0.01771885 0.04330122 0.01758587 0.01698094 0.04330122 0.01628112 0.01644045 0.04330122 0.01490789 0.01611077 0.04330122 0.01349997 0.01599997 0.04330122 0.01193714 0.0161367 0.04330122 0.01042181 0.01654273 0.04330122 0.008999943 0.01720577 0.04330122 0.007714867 0.01810556 0.04330122 0.006605565 0.01921486 0.04330122 0.005705714 0.0205 0.04330122 0.005042731 0.02192181 0.04330122 0.004636704 0.02343714 0.04330122 0.004499971 0.02499997 0.04229998 0.004499971 0.02499997 0.04229998 0.02236324 0.02343714 0.04229998 0.02195721 0.02192181 0.04229998 0.02129417 0.0205 0.04229998 0.02039438 0.01921486 0.04229998 0.01928508 0.01810556 0.04229998 0.01799994 0.01720577 0.04229998 0.01657813 0.01654273 0.04229998 0.0150628 0.0161367 0.04229998 0.01349997 0.01599997 0.04229998 0.01193714 0.0161367 0.04229998 0.01042181 0.01654273 0.04229998 0.008999943 0.01720577 0.04229998 0.007714867 0.01810556 0.04229998 0.006605565 0.01921486 0.04229998 0.005705714 0.0205 0.04229998 0.005042731 0.02192181 0.04229998 0.004636704 0.02343714 0.04229998 -0.02549999 0.0478 0.04360282 -0.02549713 0.0478 0.04229998 -0.007499992 0.0478 0.04229998 -0.007632315 0.0462622 0.04229998 -0.008025646 0.04476922 0.04229998 -0.008667767 0.04336625 0.04229998 -0.009541094 0.04209297 0.04229998 -0.01061785 0.04098802 0.04229998 -0.01186972 0.04008245 0.04229998 -0.01325488 0.03940534 0.04229998 -0.01473951 0.0389738 0.04229998 -0.01627081 0.03880286 0.04229998 -0.01781415 0.03889644 0.04229998 -0.01931351 0.03925096 0.04229998 -0.02073603 0.03985917 0.04229998 -0.02202767 0.04069745 0.04229998 -0.02316236 0.04174906 0.04229998 -0.02409631 0.04297333 0.04229998 -0.02481096 0.04434639 0.04229998 -0.02527791 0.0458129 0.04229998 -0.02544373 0.04679667 0.04359716 -0.007497131 0.0478 0.04359716 -0.007629394 0.04626262 0.04359728 -0.008022546 0.04477 0.04359751 -0.00866425 0.04336738 0.04359775 -0.00953722 0.04209429 0.04359811 -0.01061338 0.04098945 0.04359853 -0.01186466 0.04008376 0.04359894 -0.01324927 0.03940641 0.04359942 -0.01473343 0.03897446 0.04359972 -0.01561188 0.03884351 0.04359996 -0.01649999 0.0388 0.04360044 -0.01803666 0.03893262 0.04360091 -0.01952856 0.03932589 0.04360139 -0.02093058 0.03996759 0.04360181 -0.02220308 0.04084026 0.04360216 -0.0233075 0.04191607 0.0436024 -0.02421283 0.04316669 0.04360264 -0.02489012 0.04455071 0.04360276 -0.02532219 0.04603415 0.04360282 -0.02545332 0.04691219 0.04104995 -0.02954995 0.06799995 0.04104995 -0.02956974 0.0677613 0.04104995 -0.02962851 0.06752914 0.04104995 -0.02972471 0.06730985 0.04104995 -0.02985572 0.06710934 0.04104995 -0.03001791 0.06693315 0.04104995 -0.03020691 0.06678611 0.04104995 -0.0304175 0.06667208 0.04104995 -0.03064399 0.06659436 0.04104995 -0.03088021 0.0665549 0.04104995 -0.0311197 0.0665549 0.04104995 -0.03135591 0.06659436 0.04104995 -0.03158241 0.06667208 0.04104995 -0.03179305 0.06678611 0.04104995 -0.03198206 0.06693315 0.04104995 -0.03214424 0.06710934 0.04104995 -0.03227519 0.06730985 0.04104995 -0.0323714 0.06752914 0.04104995 -0.03243023 0.0677613 0.04104995 -0.03244996 0.06799995 0.04104995 -0.03242796 0.06825178 0.04104995 -0.03236252 0.06849592 0.04104995 -0.0322557 0.06872498 0.04104995 -0.03211075 0.06893199 0.04104995 -0.03193199 0.06911075 0.04104995 -0.03172498 0.0692557 0.04104995 -0.03149592 0.06936252 0.04104995 -0.03125178 0.06942796 0.04104995 -0.03099995 0.06944996 0.04104995 -0.03074818 0.06942796 0.04104995 -0.03050404 0.06936252 0.04104995 -0.03027498 0.0692557 0.04104995 -0.03006792 0.06911075 0.04104995 -0.02988922 0.06893199 0.04104995 -0.02974426 0.06872498 0.04104995 -0.02963739 0.06849592 0.04104995 -0.02957201 0.06825178 0.04104995 -0.02954995 0.007999956 0.04104995 -0.02956974 0.007761299 0.04104995 -0.02962851 0.007529139 0.04104995 -0.02972471 0.007309854 0.04104995 -0.02985572 0.007109344 0.04104995 -0.03001791 0.006933152 0.04104995 -0.03020691 0.006786108 0.04104995 -0.0304175 0.006672084 0.04104995 -0.03064399 0.006594359 0.04104995 -0.03088021 0.006554901 0.04104995 -0.0311197 0.006554901 0.04104995 -0.03135591 0.006594359 0.04104995 -0.03158241 0.006672084 0.04104995 -0.03179305 0.006786108 0.04104995 -0.03198206 0.006933152 0.04104995 -0.03214424 0.007109344 0.04104995 -0.03227519 0.007309854 0.04104995 -0.0323714 0.007529139 0.04104995 -0.03243023 0.007761299 0.04104995 -0.03244996 0.007999956 0.04104995 -0.03242796 0.008251786 0.04104995 -0.03236252 0.008495926 0.04104995 -0.0322557 0.008724987 0.04104995 -0.03211075 0.008931994 0.04104995 -0.03193199 0.009110748 0.04104995 -0.03172498 0.009255707 0.04104995 -0.03149592 0.009362518 0.04104995 -0.03125178 0.009427964 0.04104995 -0.03099995 0.009449958 0.04104995 -0.03074818 0.009427964 0.04104995 -0.03050404 0.009362518 0.04104995 -0.03027498 0.009255707 0.04104995 -0.03006792 0.009110748 0.04104995 -0.02988922 0.008931994 0.04104995 -0.02974426 0.008724987 0.04104995 -0.02963739 0.008495926 0.04104995 -0.02957201 0.008251786 0.04104995 0.03244996 0.007999956 0.04104995 0.03243017 0.007761299 0.04104995 0.0323714 0.007529139 0.04104995 0.03227519 0.007309854 0.04104995 0.03214424 0.007109344 0.04104995 0.031982 0.006933152 0.04104995 0.03179305 0.006786108 0.04104995 0.03158241 0.006672084 0.04104995 0.03135591 0.006594359 0.04104995 0.0311197 0.006554901 0.04104995 0.03088021 0.006554901 0.04104995 0.03064399 0.006594359 0.04104995 0.0304175 0.006672084 0.04104995 0.03020691 0.006786108 0.04104995 0.03001791 0.006933152 0.04104995 0.02985572 0.007109344 0.04104995 0.02972471 0.007309854 0.04104995 0.02962851 0.007529139 0.04104995 0.02956974 0.007761299 0.04104995 0.02954995 0.007999956 0.04104995 0.02957201 0.008251786 0.04104995 0.02963739 0.008495926 0.04104995 0.02974426 0.008724987 0.04104995 0.02988922 0.008931994 0.04104995 0.03006792 0.009110748 0.04104995 0.03027498 0.009255707 0.04104995 0.03050404 0.009362518 0.04104995 0.03074818 0.009427964 0.04104995 0.03099995 0.009449958 0.04104995 0.03125178 0.009427964 0.04104995 0.03149592 0.009362518 0.04104995 0.03172498 0.009255707 0.04104995 0.03193199 0.009110748 0.04104995 0.03211075 0.008931994 0.04104995 0.0322557 0.008724987 0.04104995 0.03236252 0.008495926 0.04104995 0.03242796 0.008251786 0.04104995 0.03244996 0.06799995 0.04104995 0.03243017 0.0677613 0.04104995 0.0323714 0.06752914 0.04104995 0.03227519 0.06730985 0.04104995 0.03214424 0.06710934 0.04104995 0.031982 0.06693315 0.04104995 0.03179305 0.06678611 0.04104995 0.03158241 0.06667208 0.04104995 0.03135591 0.06659436 0.04104995 0.0311197 0.0665549 0.04104995 0.03088021 0.0665549 0.04104995 0.03064399 0.06659436 0.04104995 0.0304175 0.06667208 0.04104995 0.03020691 0.06678611 0.04104995 0.03001791 0.06693315 0.04104995 0.02985572 0.06710934 0.04104995 0.02972471 0.06730985 0.04104995 0.02962851 0.06752914 0.04104995 0.02956974 0.0677613 0.04104995 0.02954995 0.06799995 0.04104995 0.02957201 0.06825178 0.04104995 0.02963739 0.06849592 0.04104995 0.02974426 0.06872498 0.04104995 0.02988922 0.06893199 0.04104995 0.03006792 0.06911075 0.04104995 0.03027498 0.0692557 0.04104995 0.03050404 0.06936252 0.04104995 0.03074818 0.06942796 0.04104995 0.03099995 0.06944996 0.04104995 0.03125178 0.06942796 0.04104995 0.03149592 0.06936252 0.04104995 0.03172498 0.0692557 0.04104995 0.03193199 0.06911075 0.04104995 0.03211075 0.06893199 0.04104995 0.0322557 0.06872498 0.04104995 0.03236252 0.06849592 0.04104995 0.03242796 0.06825178 0.04229998 0.008649945 0.06388348 0.03999996 0.008649945 0.06388348 0.03999996 0.008649945 0.0587635 0.04229998 0.008649945 0.0587635 0.03999996 -0.003849983 0.06388348 0.03999996 0.008649945 0.06388348 0.04229998 0.008649945 0.06388348 0.04229998 -0.003849983 0.06388348 0.04229998 -0.003849983 0.0587635 0.03999996 -0.003849983 0.0587635 0.03999996 -0.003849983 0.06388348 0.04229998 -0.003849983 0.06388348 0.03999996 0.008649945 0.0587635 0.03999996 -0.003849983 0.0587635 0.04229998 -0.003849983 0.0587635 0.04229998 0.008649945 0.0587635 0.04229998 0.02494996 0.06388348 0.03999996 0.02494996 0.06388348 0.03999996 0.02494996 0.0587635 0.04229998 0.02494996 0.0587635 0.03999996 0.01244997 0.06388348 0.03999996 0.02494996 0.06388348 0.04229998 0.02494996 0.06388348 0.04229998 0.01244997 0.06388348 0.04229998 0.01244997 0.0587635 0.03999996 0.01244997 0.0587635 0.03999996 0.01244997 0.06388348 0.04229998 0.01244997 0.06388348 0.03999996 0.02494996 0.0587635 0.03999996 0.01244997 0.0587635 0.04229998 0.01244997 0.0587635 0.04229998 0.02494996 0.0587635 0.04409998 -0.01649999 0.01649999 0.04359996 -0.01649999 0.01599997 0.04409998 -0.01784932 0.01660776 0.04409998 -0.01923424 0.01695173 0.04409998 -0.0204603 0.01747894 0.04409998 -0.02150398 0.01812899 0.04409998 -0.02245295 0.0189327 0.04409998 -0.02327507 0.01986694 0.04409998 -0.02394598 0.02090036 0.04409998 -0.02445173 0.02199667 0.04409998 -0.02478915 0.02311861 0.04409998 -0.02496516 0.02423161 0.04409998 -0.02499425 0.02531117 0.04409998 -0.02488195 0.02641135 0.04409998 -0.02461361 0.02753353 0.04409998 -0.02417874 0.02864503 0.04409998 -0.02357608 0.02970939 0.04409998 -0.02281498 0.03068947 0.04409998 -0.02191573 0.0315513 0.04409998 -0.02090746 0.03226798 0.04409998 -0.01982551 0.03282243 0.04409998 -0.01870727 0.03320837 0.04409998 -0.01758849 0.03342998 0.04409998 -0.01649999 0.03349995 0.04359996 -0.01649999 0.03399997 0.04359996 -0.02549999 0.02499997 0.04359996 -0.02538919 0.02640789 0.04359996 -0.02505946 0.02778112 0.04359996 -0.02451902 0.02908587 0.04359996 -0.02378112 0.03029006 0.04359996 -0.02286392 0.03136396 0.04359996 -0.02179002 0.0322811 0.04359996 -0.02058589 0.033019 0.04359996 -0.01928114 0.0335595 0.04359996 -0.01790791 0.03388917 0.04359996 -0.01790791 0.01611077 0.04359996 -0.01928114 0.01644045 0.04359996 -0.02058589 0.01698094 0.04359996 -0.02179002 0.01771885 0.04359996 -0.02286392 0.01863598 0.04359996 -0.02378112 0.01970988 0.04359996 -0.02451902 0.02091407 0.04359996 -0.02505946 0.02221882 0.04359996 -0.02538919 0.02359205 0.04430121 0.01349997 0.01699995 0.04330122 0.01349997 0.01599997 0.04430121 0.01222997 0.0171014 0.04430121 0.0109266 0.01742517 0.04430121 0.009772658 0.01792132 0.04430121 0.008790314 0.01853317 0.04430121 0.007897138 0.01928961 0.04430121 0.00712341 0.0201689 0.04430121 0.006491959 0.02114152 0.04430121 0.006015956 0.02217334 0.04430121 0.005698382 0.0232293 0.04430121 0.005532741 0.02427679 0.04430121 0.005505323 0.02529287 0.04430121 0.005611002 0.02632838 0.04430121 0.005863606 0.02738445 0.04430121 0.006272912 0.02843058 0.04430121 0.006840109 0.02943235 0.04430121 0.007556378 0.03035479 0.04430121 0.008402824 0.03116589 0.04430121 0.00935173 0.03184044 0.04430121 0.01037007 0.03236228 0.04430121 0.01142251 0.03272551 0.04430121 0.01247549 0.03293412 0.04430121 0.01349997 0.03299999 0.04330122 0.01349997 0.03399997 0.04330122 0.004499971 0.02499997 0.04330122 0.004610776 0.02640789 0.04330122 0.00494045 0.02778112 0.04330122 0.005480885 0.02908587 0.04330122 0.006218791 0.03029006 0.04330122 0.007135987 0.03136396 0.04330122 0.008209884 0.0322811 0.04330122 0.009414076 0.033019 0.04330122 0.01071882 0.0335595 0.04330122 0.01209205 0.03388917 0.04330122 0.01193714 0.0161367 0.04330122 0.01042181 0.01654273 0.04330122 0.008999943 0.01720577 0.04330122 0.007714867 0.01810556 0.04330122 0.006605565 0.01921486 0.04330122 0.005705714 0.0205 0.04330122 0.005042731 0.02192181 0.04330122 0.004636704 0.02343714 0.04409998 -0.01649999 0.03929996 0.04359996 -0.01649999 0.0388 0.04409998 -0.01784932 0.03940778 0.04409998 -0.01923424 0.03975176 0.04409998 -0.0204603 0.04027891 0.04409998 -0.02150398 0.04092901 0.04409998 -0.02245295 0.04173272 0.04409998 -0.02327507 0.04266697 0.04409998 -0.02394598 0.04370039 0.04409998 -0.02445173 0.0447967 0.04409998 -0.02478915 0.04591864 0.04409998 -0.02496516 0.04703164 0.04409998 -0.02499425 0.0481112 0.04409998 -0.02488195 0.04921138 0.04409998 -0.02461361 0.05033349 0.04409998 -0.02417874 0.051445 0.04409998 -0.02357608 0.05250942 0.04409998 -0.02281498 0.05348944 0.04409998 -0.02191573 0.05435127 0.04409998 -0.02090746 0.05506801 0.04409998 -0.01982551 0.05562239 0.04409998 -0.01870727 0.05600839 0.04409998 -0.01758849 0.05623 0.04409998 -0.01649999 0.05629998 0.04359996 -0.01649999 0.05679994 0.04360282 -0.02549713 0.0478 0.04360282 -0.02536499 0.04933667 0.04360264 -0.02497214 0.05082875 0.04360246 -0.02433091 0.05223095 0.04360216 -0.02345865 0.05350369 0.04360187 -0.02238321 0.05460846 0.04360145 -0.02113282 0.05551421 0.04360103 -0.01974904 0.05619192 0.04360055 -0.01826572 0.05662447 0.04360026 -0.01738774 0.0567559 0.04360044 -0.01803666 0.03893262 0.04360091 -0.01952856 0.03932589 0.04360139 -0.02093058 0.03996759 0.04360181 -0.02220308 0.04084026 0.04360216 -0.0233075 0.04191607 0.0436024 -0.02421283 0.04316669 0.04360264 -0.02489012 0.04455071 0.04360276 -0.02532219 0.04603415 0.04360282 -0.02545332 0.04691219 0.03999996 -0.003849983 0.06388348 0.03999996 0.008649945 0.06388348 0.03999996 -0.003849983 0.0587635 0.03999996 0.008649945 0.0587635 0.03999996 0.01244997 0.06388348 0.03999996 0.02494996 0.06388348 0.03999996 0.01244997 0.0587635 0.03999996 0.02494996 0.0587635 0.04409998 -0.01649999 0.03349995 0.04409998 -0.0151506 0.03339219 0.04409998 -0.01376575 0.03304821 0.04409998 -0.01253968 0.032521 0.04409998 -0.011496 0.03187096 0.04409998 -0.01054698 0.03106725 0.04409998 -0.009724855 0.030133 0.04409998 -0.009053945 0.02909958 0.04409998 -0.0085482 0.02800327 0.04409998 -0.008210778 0.02688133 0.04409998 -0.008034765 0.02576833 0.04409998 -0.008005678 0.02468878 0.04409998 -0.008117973 0.02358859 0.04409998 -0.008386313 0.02246642 0.04409998 -0.008821189 0.02135491 0.04409998 -0.009423851 0.02029055 0.04409998 -0.01018494 0.01931047 0.04409998 -0.01108425 0.01844865 0.04409998 -0.01209247 0.01773196 0.04409998 -0.01317441 0.01717752 0.04409998 -0.01429265 0.01679158 0.04409998 -0.01541149 0.01656997 0.04409998 -0.01649999 0.01649999 0.04409998 -0.01784932 0.01660776 0.04409998 -0.01923424 0.01695173 0.04409998 -0.0204603 0.01747894 0.04409998 -0.02150398 0.01812899 0.04409998 -0.02245295 0.0189327 0.04409998 -0.02327507 0.01986694 0.04409998 -0.02394598 0.02090036 0.04409998 -0.02445173 0.02199667 0.04409998 -0.02478915 0.02311861 0.04409998 -0.02496516 0.02423161 0.04409998 -0.02499425 0.02531117 0.04409998 -0.02488195 0.02641135 0.04409998 -0.02461361 0.02753353 0.04409998 -0.02417874 0.02864503 0.04409998 -0.02357608 0.02970939 0.04409998 -0.02281498 0.03068947 0.04409998 -0.02191573 0.0315513 0.04409998 -0.02090746 0.03226798 0.04409998 -0.01982551 0.03282243 0.04409998 -0.01870727 0.03320837 0.04409998 -0.01758849 0.03342998 0.04409998 -0.009451627 0.02499997 0.04409998 -0.009558737 0.02377605 0.04409998 -0.009876728 0.02258932 0.04409998 -0.01039594 0.02147579 0.04409998 -0.01110064 0.02046942 0.04409998 -0.01196938 0.01960062 0.04409998 -0.01297581 0.01889592 0.04409998 -0.01408928 0.0183767 0.04409998 -0.01527607 0.01805871 0.04409998 -0.01649999 0.01795166 0.04409998 -0.01772391 0.01805871 0.04409998 -0.01891064 0.0183767 0.04409998 -0.02002412 0.01889592 0.04409998 -0.02103054 0.01960062 0.04409998 -0.02189928 0.02046942 0.04409998 -0.02260398 0.02147579 0.04409998 -0.02312326 0.02258932 0.04409998 -0.02344125 0.02377605 0.04409998 -0.0235483 0.02499997 0.04409998 -0.02344125 0.02622389 0.04409998 -0.02312326 0.02741062 0.04409998 -0.02260398 0.02852416 0.04409998 -0.02189928 0.02953052 0.04409998 -0.02103054 0.03039932 0.04409998 -0.02002412 0.03110402 0.04409998 -0.01891064 0.03162324 0.04409998 -0.01772391 0.03194123 0.04409998 -0.01649999 0.03204828 0.04409998 -0.01527607 0.03194123 0.04409998 -0.01408928 0.03162324 0.04409998 -0.01297581 0.03110402 0.04409998 -0.01196938 0.03039932 0.04409998 -0.01110064 0.02953052 0.04409998 -0.01039594 0.02852416 0.04409998 -0.009876728 0.02741062 0.04409998 -0.009558737 0.02622389 0.04430121 0.01349997 0.03299999 0.04430121 0.01476997 0.03289854 0.04430121 0.01607334 0.03257477 0.04430121 0.01722729 0.03207862 0.04430121 0.01820957 0.03146678 0.04430121 0.01910281 0.03071033 0.04430121 0.01987653 0.02983105 0.04430121 0.02050799 0.02885842 0.04430121 0.02098399 0.0278266 0.04430121 0.02130156 0.02677065 0.04430121 0.0214672 0.02572315 0.04430121 0.02149462 0.02470707 0.04430121 0.02138888 0.02367162 0.04430121 0.02113634 0.02261549 0.04430121 0.02072703 0.02156937 0.04430121 0.02015984 0.02056759 0.04430121 0.01944351 0.01964515 0.04430121 0.01859712 0.01883405 0.04430121 0.01764822 0.0181595 0.04430121 0.01662987 0.01763767 0.04430121 0.01557743 0.01727443 0.04430121 0.01452445 0.01706582 0.04430121 0.01349997 0.01699995 0.04430121 0.01222997 0.0171014 0.04430121 0.0109266 0.01742517 0.04430121 0.009772658 0.01792132 0.04430121 0.008790314 0.01853317 0.04430121 0.007897138 0.01928961 0.04430121 0.00712341 0.0201689 0.04430121 0.006491959 0.02114152 0.04430121 0.006015956 0.02217334 0.04430121 0.005698382 0.0232293 0.04430121 0.005532741 0.02427679 0.04430121 0.005505323 0.02529287 0.04430121 0.005611002 0.02632838 0.04430121 0.005863606 0.02738445 0.04430121 0.006272912 0.02843058 0.04430121 0.006840109 0.02943235 0.04430121 0.007556378 0.03035479 0.04430121 0.008402824 0.03116589 0.04430121 0.00935173 0.03184044 0.04430121 0.01037007 0.03236228 0.04430121 0.01142251 0.03272551 0.04430121 0.01247549 0.03293412 0.04430121 0.01999998 0.02499997 0.04430121 0.01990121 0.02387124 0.04430121 0.01960796 0.02277684 0.04430121 0.01912915 0.02174997 0.04430121 0.01847928 0.02082186 0.04430121 0.01767808 0.02002066 0.04430121 0.01674997 0.01937079 0.04430121 0.0157231 0.01889199 0.04430121 0.0146287 0.01859873 0.04430121 0.01349997 0.01849997 0.04430121 0.01237124 0.01859873 0.04430121 0.01127684 0.01889199 0.04430121 0.01024997 0.01937079 0.04430121 0.009321868 0.02002066 0.04430121 0.008520662 0.02082186 0.04430121 0.007870793 0.02174997 0.04430121 0.007391989 0.02277684 0.04430121 0.007098734 0.02387124 0.04430121 0.006999969 0.02499997 0.04430121 0.007098734 0.0261287 0.04430121 0.007391989 0.02722311 0.04430121 0.007870793 0.02824997 0.04430121 0.008520662 0.02917808 0.04430121 0.009321868 0.02997928 0.04430121 0.01024997 0.03062915 0.04430121 0.01127684 0.03110796 0.04430121 0.01237124 0.03140121 0.04430121 0.01349997 0.03149998 0.04430121 0.0146287 0.03140121 0.04430121 0.0157231 0.03110796 0.04430121 0.01674997 0.03062915 0.04430121 0.01767808 0.02997928 0.04430121 0.01847928 0.02917808 0.04430121 0.01912915 0.02824997 0.04430121 0.01960796 0.02722311 0.04430121 0.01990121 0.0261287 0.04409998 -0.01649999 0.05629998 0.04409998 -0.0151506 0.05619215 0.04409998 -0.01376575 0.05584818 0.04409998 -0.01253968 0.05532103 0.04409998 -0.011496 0.05467092 0.04409998 -0.01054698 0.05386728 0.04409998 -0.009724855 0.05293297 0.04409998 -0.009053945 0.05189955 0.04409998 -0.0085482 0.05080324 0.04409998 -0.008210778 0.0496813 0.04409998 -0.008034765 0.0485683 0.04409998 -0.008005678 0.04748874 0.04409998 -0.008117973 0.04638856 0.04409998 -0.008386313 0.04526644 0.04409998 -0.008821189 0.04415494 0.04409998 -0.009423851 0.04309052 0.04409998 -0.01018494 0.0421105 0.04409998 -0.01108425 0.04124867 0.04409998 -0.01209247 0.04053193 0.04409998 -0.01317441 0.03997755 0.04409998 -0.01429265 0.03959155 0.04409998 -0.01541149 0.03936994 0.04409998 -0.01649999 0.03929996 0.04409998 -0.01784932 0.03940778 0.04409998 -0.01923424 0.03975176 0.04409998 -0.0204603 0.04027891 0.04409998 -0.02150398 0.04092901 0.04409998 -0.02245295 0.04173272 0.04409998 -0.02327507 0.04266697 0.04409998 -0.02394598 0.04370039 0.04409998 -0.02445173 0.0447967 0.04409998 -0.02478915 0.04591864 0.04409998 -0.02496516 0.04703164 0.04409998 -0.02499425 0.0481112 0.04409998 -0.02488195 0.04921138 0.04409998 -0.02461361 0.05033349 0.04409998 -0.02417874 0.051445 0.04409998 -0.02357608 0.05250942 0.04409998 -0.02281498 0.05348944 0.04409998 -0.02191573 0.05435127 0.04409998 -0.02090746 0.05506801 0.04409998 -0.01982551 0.05562239 0.04409998 -0.01870727 0.05600839 0.04409998 -0.01758849 0.05623 0.04409998 -0.009451627 0.0478 0.04409998 -0.009558737 0.04657602 0.04409998 -0.009876728 0.04538929 0.04409998 -0.01039594 0.04427582 0.04409998 -0.01110064 0.04326939 0.04409998 -0.01196938 0.04240065 0.04409998 -0.01297581 0.04169595 0.04409998 -0.01408928 0.04117673 0.04409998 -0.01527607 0.04085874 0.04409998 -0.01649999 0.04075163 0.04409998 -0.01772391 0.04085874 0.04409998 -0.01891064 0.04117673 0.04409998 -0.02002412 0.04169595 0.04409998 -0.02103054 0.04240065 0.04409998 -0.02189928 0.04326939 0.04409998 -0.02260398 0.04427582 0.04409998 -0.02312326 0.04538929 0.04409998 -0.02344125 0.04657602 0.04409998 -0.0235483 0.0478 0.04409998 -0.02344125 0.04902392 0.04409998 -0.02312326 0.05021065 0.04409998 -0.02260398 0.05132412 0.04409998 -0.02189928 0.05233055 0.04409998 -0.02103054 0.05319929 0.04409998 -0.02002412 0.05390399 0.04409998 -0.01891064 0.05442321 0.04409998 -0.01772391 0.0547412 0.04409998 -0.01649999 0.05484831 0.04409998 -0.01527607 0.0547412 0.04409998 -0.01408928 0.05442321 0.04409998 -0.01297581 0.05390399 0.04409998 -0.01196938 0.05319929 0.04409998 -0.01110064 0.05233055 0.04409998 -0.01039594 0.05132412 0.04409998 -0.009876728 0.05021065 0.04409998 -0.009558737 0.04902392 0.04409998 -0.0235483 0.02499997 0.04409998 -0.02344125 0.02622389 0.04409998 -0.02312326 0.02741062 0.04409998 -0.02260398 0.02852416 0.04409998 -0.02189928 0.02953052 0.04409998 -0.02103054 0.03039932 0.04409998 -0.02002412 0.03110402 0.04409998 -0.01891064 0.03162324 0.04409998 -0.01772391 0.03194123 0.04409998 -0.01649999 0.03204828 0.04409998 -0.01527607 0.03194123 0.04409998 -0.01408928 0.03162324 0.04409998 -0.01297581 0.03110402 0.04409998 -0.01196938 0.03039932 0.04409998 -0.01110064 0.02953052 0.04409998 -0.01039594 0.02852416 0.04409998 -0.009876728 0.02741062 0.04409998 -0.009558737 0.02622389 0.04409998 -0.009451627 0.02499997 0.0428 -0.009451627 0.02499997 0.0428 -0.0235483 0.02499997 0.0428 -0.02344125 0.02622389 0.0428 -0.02312326 0.02741062 0.0428 -0.02260398 0.02852416 0.0428 -0.02189928 0.02953052 0.0428 -0.02103054 0.03039932 0.0428 -0.02002412 0.03110402 0.0428 -0.01891064 0.03162324 0.0428 -0.01772391 0.03194123 0.0428 -0.01649999 0.03204828 0.0428 -0.01527607 0.03194123 0.0428 -0.01408928 0.03162324 0.0428 -0.01297581 0.03110402 0.0428 -0.01196938 0.03039932 0.0428 -0.01110064 0.02953052 0.0428 -0.01039594 0.02852416 0.0428 -0.009876728 0.02741062 0.0428 -0.009558737 0.02622389 0.04430121 0.006999969 0.02499997 0.04430121 0.007098734 0.0261287 0.04430121 0.007391989 0.02722311 0.04430121 0.007870793 0.02824997 0.04430121 0.008520662 0.02917808 0.04430121 0.009321868 0.02997928 0.04430121 0.01024997 0.03062915 0.04430121 0.01127684 0.03110796 0.04430121 0.01237124 0.03140121 0.04430121 0.01349997 0.03149998 0.04430121 0.0146287 0.03140121 0.04430121 0.0157231 0.03110796 0.04430121 0.01674997 0.03062915 0.04430121 0.01767808 0.02997928 0.04430121 0.01847928 0.02917808 0.04430121 0.01912915 0.02824997 0.04430121 0.01960796 0.02722311 0.04430121 0.01990121 0.0261287 0.04430121 0.01999998 0.02499997 0.04410123 0.01999998 0.02499997 0.04410123 0.006999969 0.02499997 0.04410123 0.007098734 0.0261287 0.04410123 0.007391989 0.02722311 0.04410123 0.007870793 0.02824997 0.04410123 0.008520662 0.02917808 0.04410123 0.009321868 0.02997928 0.04410123 0.01024997 0.03062915 0.04410123 0.01127684 0.03110796 0.04410123 0.01237124 0.03140121 0.04410123 0.01349997 0.03149998 0.04410123 0.0146287 0.03140121 0.04410123 0.0157231 0.03110796 0.04410123 0.01674997 0.03062915 0.04410123 0.01767808 0.02997928 0.04410123 0.01847928 0.02917808 0.04410123 0.01912915 0.02824997 0.04410123 0.01960796 0.02722311 0.04410123 0.01990121 0.0261287 0.04029995 -0.0235483 0.0478 0.04029995 -0.02345484 0.04894405 0.04029995 -0.0231769 0.05005776 0.04029995 -0.02272188 0.05111157 0.04029995 -0.02210181 0.05207759 0.04029995 -0.02133321 0.05293017 0.04029995 -0.0204364 0.05364662 0.04029995 -0.01943516 0.05420804 0.04030078 -0.0183562 0.05459976 0.04409998 -0.0235483 0.0478 0.04409998 -0.02344125 0.04902392 0.04409998 -0.02312326 0.05021065 0.04409998 -0.02260398 0.05132412 0.04409998 -0.02189928 0.05233055 0.04409998 -0.02103054 0.05319929 0.04409998 -0.02002412 0.05390399 0.04409998 -0.01891064 0.05442321 0.04409998 -0.01772391 0.0547412 0.04409998 -0.01649999 0.05484831 0.04409998 -0.01527607 0.0547412 0.04409998 -0.01408928 0.05442321 0.04409998 -0.01297581 0.05390399 0.04409998 -0.01196938 0.05319929 0.04409998 -0.01110064 0.05233055 0.04409998 -0.01039594 0.05132412 0.04409998 -0.009876728 0.05021065 0.04409998 -0.009558737 0.04902392 0.04409998 -0.009451627 0.0478 0.04029995 -0.009451627 0.0478 0.04030072 -0.01464372 0.05459976 0.04029995 -0.0135647 0.05420804 0.04029995 -0.01256352 0.05364662 0.04029995 -0.01166671 0.05293011 0.04029995 -0.01089811 0.05207759 0.04029995 -0.01027804 0.05111157 0.04029995 -0.009823024 0.05005776 0.04029995 -0.009545087 0.04894405 0.04229998 -0.01464557 0.0546 0.04229998 -0.01835441 0.0546 0.04229998 -0.01743549 0.05478596 0.04229998 -0.01649999 0.05484831 0.04229998 -0.0155645 0.05478596 0.0428 -0.009451627 0.02499997 0.0428 -0.009558737 0.02377605 0.0428 -0.009876728 0.02258932 0.0428 -0.01039594 0.02147579 0.0428 -0.01110064 0.02046942 0.0428 -0.01196938 0.01960062 0.0428 -0.01297581 0.01889592 0.0428 -0.01408928 0.0183767 0.0428 -0.01527607 0.01805871 0.0428 -0.01649999 0.01795166 0.0428 -0.01772391 0.01805871 0.0428 -0.01891064 0.0183767 0.0428 -0.02002412 0.01889592 0.0428 -0.02103054 0.01960062 0.0428 -0.02189928 0.02046942 0.0428 -0.02260398 0.02147579 0.0428 -0.02312326 0.02258932 0.0428 -0.02344125 0.02377605 0.0428 -0.0235483 0.02499997 0.0428 -0.02344125 0.02622389 0.0428 -0.02312326 0.02741062 0.0428 -0.02260398 0.02852416 0.0428 -0.02189928 0.02953052 0.0428 -0.02103054 0.03039932 0.0428 -0.02002412 0.03110402 0.0428 -0.01891064 0.03162324 0.0428 -0.01772391 0.03194123 0.0428 -0.01649999 0.03204828 0.0428 -0.01527607 0.03194123 0.0428 -0.01408928 0.03162324 0.0428 -0.01297581 0.03110402 0.0428 -0.01196938 0.03039932 0.0428 -0.01110064 0.02953052 0.0428 -0.01039594 0.02852416 0.0428 -0.009876728 0.02741062 0.0428 -0.009558737 0.02622389 0.0428 -0.01030921 0.02499997 0.0428 -0.01040327 0.02392494 0.0428 -0.01068258 0.02288258 0.0428 -0.01113861 0.02190458 0.0428 -0.01175755 0.02102065 0.0428 -0.01252061 0.02025759 0.0428 -0.0134046 0.01963859 0.0428 -0.0143826 0.01918256 0.0428 -0.01542496 0.01890325 0.0428 -0.01649999 0.01880919 0.0428 -0.01757496 0.01890325 0.0428 -0.01861733 0.01918256 0.0428 -0.01959538 0.01963859 0.0428 -0.02047932 0.02025759 0.0428 -0.02124238 0.02102065 0.0428 -0.02186131 0.02190458 0.0428 -0.0223174 0.02288258 0.0428 -0.02259671 0.02392494 0.0428 -0.02269077 0.02499997 0.0428 -0.02259671 0.026075 0.0428 -0.0223174 0.02711737 0.0428 -0.02186131 0.02809536 0.0428 -0.02124238 0.0289793 0.0428 -0.02047932 0.02974236 0.0428 -0.01959538 0.03036135 0.0428 -0.01861733 0.03081738 0.0428 -0.01757496 0.03109669 0.0428 -0.01649999 0.03119075 0.0428 -0.01542496 0.03109669 0.0428 -0.0143826 0.03081738 0.0428 -0.0134046 0.03036135 0.0428 -0.01252061 0.02974236 0.0428 -0.01175755 0.0289793 0.0428 -0.01113861 0.02809536 0.0428 -0.01068258 0.02711737 0.0428 -0.01040327 0.026075 0.04410123 0.01999998 0.02499997 0.04410123 0.01990121 0.02387124 0.04410123 0.01960796 0.02277684 0.04410123 0.01912915 0.02174997 0.04410123 0.01847928 0.02082186 0.04410123 0.01767808 0.02002066 0.04410123 0.01674997 0.01937079 0.04410123 0.0157231 0.01889199 0.04410123 0.0146287 0.01859873 0.04410123 0.01349997 0.01849997 0.04410123 0.01237124 0.01859873 0.04410123 0.01127684 0.01889199 0.04410123 0.01024997 0.01937079 0.04410123 0.009321868 0.02002066 0.04410123 0.008520662 0.02082186 0.04410123 0.007870793 0.02174997 0.04410123 0.007391989 0.02277684 0.04410123 0.007098734 0.02387124 0.04410123 0.006999969 0.02499997 0.04410123 0.007098734 0.0261287 0.04410123 0.007391989 0.02722311 0.04410123 0.007870793 0.02824997 0.04410123 0.008520662 0.02917808 0.04410123 0.009321868 0.02997928 0.04410123 0.01024997 0.03062915 0.04410123 0.01127684 0.03110796 0.04410123 0.01237124 0.03140121 0.04410123 0.01349997 0.03149998 0.04410123 0.0146287 0.03140121 0.04410123 0.0157231 0.03110796 0.04410123 0.01674997 0.03062915 0.04410123 0.01767808 0.02997928 0.04410123 0.01847928 0.02917808 0.04410123 0.01912915 0.02824997 0.04410123 0.01960796 0.02722311 0.04410123 0.01990121 0.0261287 0.04410123 0.01919996 0.02499997 0.04410123 0.01911336 0.02401018 0.04410123 0.01885622 0.02305048 0.04410123 0.01843631 0.02214998 0.04410123 0.01786643 0.02133607 0.04410123 0.01716387 0.02063351 0.04410123 0.01634997 0.02006363 0.04410123 0.01544946 0.01964372 0.04410123 0.01448976 0.01938658 0.04410123 0.01349997 0.01929998 0.04410123 0.01251018 0.01938658 0.04410123 0.01155048 0.01964372 0.04410123 0.01064997 0.02006363 0.04410123 0.009836077 0.02063351 0.04410123 0.009133517 0.02133607 0.04410123 0.008563637 0.02214998 0.04410123 0.008143723 0.02305048 0.04410123 0.007886588 0.02401018 0.04410123 0.007799983 0.02499997 0.04410123 0.007886588 0.02598977 0.04410123 0.008143723 0.02694946 0.04410123 0.008563637 0.02784997 0.04410123 0.009133517 0.02866387 0.04410123 0.009836077 0.02936643 0.04410123 0.01064997 0.02993631 0.04410123 0.01155048 0.03035622 0.04410123 0.01251018 0.03061336 0.04410123 0.01349997 0.03069996 0.04410123 0.01448976 0.03061336 0.04410123 0.01544946 0.03035622 0.04410123 0.01634997 0.02993631 0.04410123 0.01716387 0.02936643 0.04410123 0.01786643 0.02866387 0.04410123 0.01843631 0.02784997 0.04410123 0.01885622 0.02694946 0.04410123 0.01911336 0.02598977 0.04229998 -0.01835441 0.0546 0.04229998 -0.01743549 0.05478596 0.04229998 -0.01649999 0.05484831 0.04229998 -0.0155645 0.05478596 0.04229998 -0.01464557 0.0546 0.04229998 -0.01464557 0.0546 0.04030072 -0.01464372 0.05459976 0.04229998 -0.01835441 0.0546 0.04030078 -0.0183562 0.05459976 0.04030078 -0.0183562 0.05459976 0.04030072 -0.01464372 0.05459976 0.04029995 -0.0235483 0.0478 0.04029995 -0.02345484 0.04894405 0.04029995 -0.0231769 0.05005776 0.04029995 -0.02272188 0.05111157 0.04029995 -0.02210181 0.05207759 0.04029995 -0.02133321 0.05293017 0.04029995 -0.0204364 0.05364662 0.04029995 -0.01943516 0.05420804 0.04029995 -0.01835441 0.04099994 0.04029995 -0.01943379 0.04139125 0.04029995 -0.02043527 0.04195255 0.04029995 -0.02133238 0.04266905 0.04029995 -0.02210128 0.04352164 0.04029995 -0.02272158 0.04448777 0.04029995 -0.02317678 0.04554176 0.04029995 -0.02345478 0.04665571 0.04029995 -0.01464557 0.04099994 0.04029995 -0.009451627 0.0478 0.04029995 -0.009545147 0.04665571 0.04029995 -0.009823203 0.04554176 0.04029995 -0.0102784 0.04448777 0.04029995 -0.01089864 0.04352164 0.04029995 -0.01166754 0.04266905 0.04029995 -0.01256465 0.04195255 0.04029995 -0.01356619 0.04139125 0.04029995 -0.0135647 0.05420804 0.04029995 -0.01256352 0.05364662 0.04029995 -0.01166671 0.05293011 0.04029995 -0.01089811 0.05207759 0.04029995 -0.01027804 0.05111157 0.04029995 -0.009823024 0.05005776 0.04029995 -0.009545087 0.04894405 0.04029995 -0.01030921 0.0478 0.04029995 -0.01040327 0.04672497 0.04029995 -0.01068258 0.0456826 0.04029995 -0.01113861 0.04470461 0.04029995 -0.01175755 0.04382061 0.04029995 -0.01252061 0.04305756 0.04029995 -0.0134046 0.04243862 0.04029995 -0.0143826 0.04198253 0.04029995 -0.01542496 0.04170328 0.04029995 -0.01649999 0.04160922 0.04029995 -0.01757496 0.04170328 0.04029995 -0.01861733 0.04198253 0.04029995 -0.01959538 0.04243862 0.04029995 -0.02047932 0.04305756 0.04029995 -0.02124238 0.04382061 0.04029995 -0.02186131 0.04470461 0.04029995 -0.0223174 0.0456826 0.04029995 -0.02259671 0.04672497 0.04029995 -0.02269077 0.0478 0.04029995 -0.02259671 0.04887497 0.04029995 -0.0223174 0.04991734 0.04029995 -0.02186131 0.05089533 0.04029995 -0.02124238 0.05177932 0.04029995 -0.02047932 0.05254238 0.04029995 -0.01959538 0.05316132 0.04029995 -0.01861733 0.05361741 0.04029995 -0.01757496 0.05389666 0.04029995 -0.01649999 0.05399072 0.04029995 -0.01542496 0.05389666 0.04029995 -0.0143826 0.05361741 0.04029995 -0.0134046 0.05316132 0.04029995 -0.01252061 0.05254238 0.04029995 -0.01175755 0.05177932 0.04029995 -0.01113861 0.05089533 0.04029995 -0.01068258 0.04991734 0.04029995 -0.01040327 0.04887497 0.04229998 -0.01835441 0.04099994 0.04029995 -0.01835441 0.04099994 0.04229998 -0.01464557 0.04099994 0.04029995 -0.01464557 0.04099994 0.04229998 -0.01464557 0.04099994 0.04229998 -0.0155645 0.04081398 0.04229998 -0.01649999 0.04075163 0.04229998 -0.01743549 0.04081398 0.04229998 -0.01835441 0.04099994 0.0428 -0.02269077 0.02499997 0.04409998 -0.02269077 0.02499997 0.0428 -0.01030921 0.02499997 0.0428 -0.01040327 0.02392494 0.0428 -0.01068258 0.02288258 0.0428 -0.01113861 0.02190458 0.0428 -0.01175755 0.02102065 0.0428 -0.01252061 0.02025759 0.0428 -0.0134046 0.01963859 0.0428 -0.0143826 0.01918256 0.0428 -0.01542496 0.01890325 0.0428 -0.01649999 0.01880919 0.0428 -0.01757496 0.01890325 0.0428 -0.01861733 0.01918256 0.0428 -0.01959538 0.01963859 0.0428 -0.02047932 0.02025759 0.0428 -0.02124238 0.02102065 0.0428 -0.02186131 0.02190458 0.0428 -0.0223174 0.02288258 0.0428 -0.02259671 0.02392494 0.04409998 -0.01030921 0.02499997 0.04409998 -0.01040327 0.02392494 0.04409998 -0.01068258 0.02288258 0.04409998 -0.01113861 0.02190458 0.04409998 -0.01175755 0.02102065 0.04409998 -0.01252061 0.02025759 0.04409998 -0.0134046 0.01963859 0.04409998 -0.0143826 0.01918256 0.04409998 -0.01542496 0.01890325 0.04409998 -0.01649999 0.01880919 0.04409998 -0.01757496 0.01890325 0.04409998 -0.01861733 0.01918256 0.04409998 -0.01959538 0.01963859 0.04409998 -0.02047932 0.02025759 0.04409998 -0.02124238 0.02102065 0.04409998 -0.02186131 0.02190458 0.04409998 -0.0223174 0.02288258 0.04409998 -0.02259671 0.02392494 0.04410123 0.007799983 0.02499997 0.04430121 0.007799983 0.02499997 0.04410123 0.01919996 0.02499997 0.04410123 0.01911336 0.02401018 0.04410123 0.01885622 0.02305048 0.04410123 0.01843631 0.02214998 0.04410123 0.01786643 0.02133607 0.04410123 0.01716387 0.02063351 0.04410123 0.01634997 0.02006363 0.04410123 0.01544946 0.01964372 0.04410123 0.01448976 0.01938658 0.04410123 0.01349997 0.01929998 0.04410123 0.01251018 0.01938658 0.04410123 0.01155048 0.01964372 0.04410123 0.01064997 0.02006363 0.04410123 0.009836077 0.02063351 0.04410123 0.009133517 0.02133607 0.04410123 0.008563637 0.02214998 0.04410123 0.008143723 0.02305048 0.04410123 0.007886588 0.02401018 0.04430121 0.01919996 0.02499997 0.04430121 0.01911336 0.02401018 0.04430121 0.01885622 0.02305048 0.04430121 0.01843631 0.02214998 0.04430121 0.01786643 0.02133607 0.04430121 0.01716387 0.02063351 0.04430121 0.01634997 0.02006363 0.04430121 0.01544946 0.01964372 0.04430121 0.01448976 0.01938658 0.04430121 0.01349997 0.01929998 0.04430121 0.01251018 0.01938658 0.04430121 0.01155048 0.01964372 0.04430121 0.01064997 0.02006363 0.04430121 0.009836077 0.02063351 0.04430121 0.009133517 0.02133607 0.04430121 0.008563637 0.02214998 0.04430121 0.008143723 0.02305048 0.04430121 0.007886588 0.02401018 0.04029995 -0.02269077 0.0478 0.04409998 -0.02269077 0.0478 0.04029995 -0.01030921 0.0478 0.04029995 -0.01040327 0.04672497 0.04029995 -0.01068258 0.0456826 0.04029995 -0.01113861 0.04470461 0.04029995 -0.01175755 0.04382061 0.04029995 -0.01252061 0.04305756 0.04029995 -0.0134046 0.04243862 0.04029995 -0.0143826 0.04198253 0.04029995 -0.01542496 0.04170328 0.04029995 -0.01649999 0.04160922 0.04029995 -0.01757496 0.04170328 0.04029995 -0.01861733 0.04198253 0.04029995 -0.01959538 0.04243862 0.04029995 -0.02047932 0.04305756 0.04029995 -0.02124238 0.04382061 0.04029995 -0.02186131 0.04470461 0.04029995 -0.0223174 0.0456826 0.04029995 -0.02259671 0.04672497 0.04409998 -0.01030921 0.0478 0.04409998 -0.01040327 0.04672497 0.04409998 -0.01068258 0.0456826 0.04409998 -0.01113861 0.04470461 0.04409998 -0.01175755 0.04382061 0.04409998 -0.01252061 0.04305756 0.04409998 -0.0134046 0.04243862 0.04409998 -0.0143826 0.04198253 0.04409998 -0.01542496 0.04170328 0.04409998 -0.01649999 0.04160922 0.04409998 -0.01757496 0.04170328 0.04409998 -0.01861733 0.04198253 0.04409998 -0.01959538 0.04243862 0.04409998 -0.02047932 0.04305756 0.04409998 -0.02124238 0.04382061 0.04409998 -0.02186131 0.04470461 0.04409998 -0.0223174 0.0456826 0.04409998 -0.02259671 0.04672497 0.04409998 -0.01030921 0.02499997 0.04409998 -0.01040327 0.02392494 0.04409998 -0.01068258 0.02288258 0.04409998 -0.01113861 0.02190458 0.04409998 -0.01175755 0.02102065 0.04409998 -0.01252061 0.02025759 0.04409998 -0.0134046 0.01963859 0.04409998 -0.0143826 0.01918256 0.04409998 -0.01542496 0.01890325 0.04409998 -0.01649999 0.01880919 0.04409998 -0.01757496 0.01890325 0.04409998 -0.01861733 0.01918256 0.04409998 -0.01959538 0.01963859 0.04409998 -0.02047932 0.02025759 0.04409998 -0.02124238 0.02102065 0.04409998 -0.02186131 0.02190458 0.04409998 -0.0223174 0.02288258 0.04409998 -0.02259671 0.02392494 0.04409998 -0.02269077 0.02499997 0.04409998 -0.02259671 0.026075 0.04409998 -0.0223174 0.02711737 0.04409998 -0.02186131 0.02809536 0.04409998 -0.02124238 0.0289793 0.04409998 -0.02047932 0.02974236 0.04409998 -0.01959538 0.03036135 0.04409998 -0.01861733 0.03081738 0.04409998 -0.01757496 0.03109669 0.04409998 -0.01649999 0.03119075 0.04409998 -0.01542496 0.03109669 0.04409998 -0.0143826 0.03081738 0.04409998 -0.0134046 0.03036135 0.04409998 -0.01252061 0.02974236 0.04409998 -0.01175755 0.0289793 0.04409998 -0.01113861 0.02809536 0.04409998 -0.01068258 0.02711737 0.04409998 -0.01040327 0.026075 0.04409998 -0.01174724 0.02610993 0.04409998 -0.01176309 0.02592885 0.04409998 -0.01181012 0.02575331 0.04409998 -0.01188695 0.02558857 0.04409998 -0.0119912 0.02543967 0.04409998 -0.01211977 0.02531111 0.04409998 -0.01226866 0.02520686 0.04409998 -0.0124334 0.02513003 0.04409998 -0.012609 0.025083 0.04409998 -0.01279008 0.02506715 0.04409998 -0.01297116 0.025083 0.04409998 -0.01314669 0.02513003 0.04409998 -0.01331144 0.02520686 0.04409998 -0.01346033 0.02531111 0.04409998 -0.0135889 0.02543967 0.04409998 -0.01369315 0.02558857 0.04409998 -0.01376998 0.02575331 0.04409998 -0.01381701 0.02592885 0.04409998 -0.01383286 0.02610993 0.04409998 -0.01381701 0.02629101 0.04409998 -0.01376998 0.0264666 0.04409998 -0.01369315 0.02663135 0.04409998 -0.0135889 0.02678024 0.04409998 -0.01346033 0.02690875 0.04409998 -0.01331144 0.02701306 0.04409998 -0.01314669 0.02708983 0.04409998 -0.01297116 0.02713692 0.04409998 -0.01279008 0.02715271 0.04409998 -0.012609 0.02713692 0.04409998 -0.0124334 0.02708983 0.04409998 -0.01226866 0.02701306 0.04409998 -0.01211977 0.02690875 0.04409998 -0.0119912 0.02678024 0.04409998 -0.01188695 0.02663135 0.04409998 -0.01181012 0.0264666 0.04409998 -0.01176309 0.02629101 0.04409998 -0.01434719 0.02129006 0.04409998 -0.01436305 0.02110898 0.04409998 -0.01441007 0.02093338 0.04409998 -0.0144869 0.02076864 0.04409998 -0.01459115 0.02061975 0.04409998 -0.01471972 0.02049124 0.04409998 -0.01486861 0.02038699 0.04409998 -0.01503336 0.02031016 0.04409998 -0.01520889 0.02026307 0.04409998 -0.01539003 0.02024728 0.04409998 -0.01557111 0.02026307 0.04409998 -0.01574665 0.02031016 0.04409998 -0.0159114 0.02038699 0.04409998 -0.01606029 0.02049124 0.04409998 -0.01618885 0.02061975 0.04409998 -0.0162931 0.02076864 0.04409998 -0.01636993 0.02093338 0.04409998 -0.01641696 0.02110898 0.04409998 -0.01643282 0.02129006 0.04409998 -0.01641696 0.02147114 0.04409998 -0.01636993 0.02164673 0.04409998 -0.0162931 0.02181142 0.04409998 -0.01618885 0.02196037 0.04409998 -0.01606029 0.02208888 0.04409998 -0.0159114 0.02219313 0.04409998 -0.01574665 0.02226996 0.04409998 -0.01557111 0.02231699 0.04409998 -0.01539003 0.02233284 0.04409998 -0.01520889 0.02231699 0.04409998 -0.01503336 0.02226996 0.04409998 -0.01486861 0.02219313 0.04409998 -0.01471972 0.02208888 0.04409998 -0.01459115 0.02196037 0.04409998 -0.0144869 0.02181142 0.04409998 -0.01441007 0.02164673 0.04409998 -0.01436305 0.02147114 0.04409998 -0.01916712 0.02389001 0.04409998 -0.01918292 0.02370893 0.04409998 -0.01923 0.02353334 0.04409998 -0.01930683 0.02336859 0.04409998 -0.01941108 0.0232197 0.04409998 -0.01953959 0.02309119 0.04409998 -0.01968848 0.02298694 0.04409998 -0.01985323 0.02291011 0.04409998 -0.02002882 0.02286303 0.04409998 -0.0202099 0.02284723 0.04409998 -0.02039098 0.02286303 0.04409998 -0.02056658 0.02291011 0.04409998 -0.02073127 0.02298694 0.04409998 -0.02088022 0.02309119 0.04409998 -0.02100872 0.0232197 0.04409998 -0.02111297 0.02336859 0.04409998 -0.0211898 0.02353334 0.04409998 -0.02123683 0.02370893 0.04409998 -0.02125269 0.02389001 0.04409998 -0.02123683 0.02407109 0.04409998 -0.0211898 0.02424669 0.04409998 -0.02111297 0.02441138 0.04409998 -0.02100872 0.02456033 0.04409998 -0.02088022 0.02468883 0.04409998 -0.02073127 0.02479308 0.04409998 -0.02056658 0.02486991 0.04409998 -0.02039098 0.02491694 0.04409998 -0.0202099 0.0249328 0.04409998 -0.02002882 0.02491694 0.04409998 -0.01985323 0.02486991 0.04409998 -0.01968848 0.02479308 0.04409998 -0.01953959 0.02468883 0.04409998 -0.01941108 0.02456033 0.04409998 -0.01930683 0.02441138 0.04409998 -0.01923 0.02424669 0.04409998 -0.01918292 0.02407109 0.04409998 -0.01656717 0.02870988 0.04409998 -0.01658296 0.0285288 0.04409998 -0.01663005 0.02835321 0.04409998 -0.01670688 0.02818852 0.04409998 -0.01681113 0.02803957 0.04409998 -0.01693964 0.02791106 0.04409998 -0.01708853 0.02780681 0.04409998 -0.01725327 0.02772998 0.04409998 -0.01742887 0.02768296 0.04409998 -0.01760995 0.0276671 0.04409998 -0.01779103 0.02768296 0.04409998 -0.01796662 0.02772998 0.04409998 -0.01813137 0.02780681 0.04409998 -0.01828026 0.02791106 0.04409998 -0.01840877 0.02803957 0.04409998 -0.01851302 0.02818852 0.04409998 -0.01858985 0.02835321 0.04409998 -0.01863688 0.0285288 0.04409998 -0.01865273 0.02870988 0.04409998 -0.01863688 0.02889096 0.04409998 -0.01858985 0.02906656 0.04409998 -0.01851302 0.0292313 0.04409998 -0.01840877 0.0293802 0.04409998 -0.01828026 0.0295087 0.04409998 -0.01813137 0.02961295 0.04409998 -0.01796662 0.02968978 0.04409998 -0.01779103 0.02973687 0.04409998 -0.01760995 0.02975267 0.04409998 -0.01742887 0.02973687 0.04409998 -0.01725327 0.02968978 0.04409998 -0.01708853 0.02961295 0.04409998 -0.01693964 0.0295087 0.04409998 -0.01681113 0.0293802 0.04409998 -0.01670688 0.0292313 0.04409998 -0.01663005 0.02906656 0.04409998 -0.01658296 0.02889096 0.04430121 0.01919996 0.02499997 0.04430121 0.01911336 0.02401018 0.04430121 0.01885622 0.02305048 0.04430121 0.01843631 0.02214998 0.04430121 0.01786643 0.02133607 0.04430121 0.01716387 0.02063351 0.04430121 0.01634997 0.02006363 0.04430121 0.01544946 0.01964372 0.04430121 0.01448976 0.01938658 0.04430121 0.01349997 0.01929998 0.04430121 0.01251018 0.01938658 0.04430121 0.01155048 0.01964372 0.04430121 0.01064997 0.02006363 0.04430121 0.009836077 0.02063351 0.04430121 0.009133517 0.02133607 0.04430121 0.008563637 0.02214998 0.04430121 0.008143723 0.02305048 0.04430121 0.007886588 0.02401018 0.04430121 0.007799983 0.02499997 0.04430121 0.007886588 0.02598977 0.04430121 0.008143723 0.02694946 0.04430121 0.008563637 0.02784997 0.04430121 0.009133517 0.02866387 0.04430121 0.009836077 0.02936643 0.04430121 0.01064997 0.02993631 0.04430121 0.01155048 0.03035622 0.04430121 0.01251018 0.03061336 0.04430121 0.01349997 0.03069996 0.04430121 0.01448976 0.03061336 0.04430121 0.01544946 0.03035622 0.04430121 0.01634997 0.02993631 0.04430121 0.01716387 0.02936643 0.04430121 0.01786643 0.02866387 0.04430121 0.01843631 0.02784997 0.04430121 0.01885622 0.02694946 0.04430121 0.01911336 0.02598977 0.04409998 -0.01030921 0.0478 0.04409998 -0.01040327 0.04672497 0.04409998 -0.01068258 0.0456826 0.04409998 -0.01113861 0.04470461 0.04409998 -0.01175755 0.04382061 0.04409998 -0.01252061 0.04305756 0.04409998 -0.0134046 0.04243862 0.04409998 -0.0143826 0.04198253 0.04409998 -0.01542496 0.04170328 0.04409998 -0.01649999 0.04160922 0.04409998 -0.01757496 0.04170328 0.04409998 -0.01861733 0.04198253 0.04409998 -0.01959538 0.04243862 0.04409998 -0.02047932 0.04305756 0.04409998 -0.02124238 0.04382061 0.04409998 -0.02186131 0.04470461 0.04409998 -0.0223174 0.0456826 0.04409998 -0.02259671 0.04672497 0.04409998 -0.02269077 0.0478 0.04409998 -0.02259671 0.04887497 0.04409998 -0.0223174 0.04991734 0.04409998 -0.02186131 0.05089533 0.04409998 -0.02124238 0.05177932 0.04409998 -0.02047932 0.05254238 0.04409998 -0.01959538 0.05316132 0.04409998 -0.01861733 0.05361741 0.04409998 -0.01757496 0.05389666 0.04409998 -0.01649999 0.05399072 0.04409998 -0.01542496 0.05389666 0.04409998 -0.0143826 0.05361741 0.04409998 -0.0134046 0.05316132 0.04409998 -0.01252061 0.05254238 0.04409998 -0.01175755 0.05177932 0.04409998 -0.01113861 0.05089533 0.04409998 -0.01068258 0.04991734 0.04409998 -0.01040327 0.04887497 0.04409998 -0.01174724 0.04890996 0.04409998 -0.01176309 0.04872888 0.04409998 -0.01181012 0.04855328 0.04409998 -0.01188695 0.04838854 0.04409998 -0.0119912 0.04823964 0.04409998 -0.01211977 0.04811114 0.04409998 -0.01226866 0.04800683 0.04409998 -0.0124334 0.04793006 0.04409998 -0.012609 0.04788297 0.04409998 -0.01279008 0.04786717 0.04409998 -0.01297116 0.04788297 0.04409998 -0.01314669 0.04793006 0.04409998 -0.01331144 0.04800683 0.04409998 -0.01346033 0.04811114 0.04409998 -0.0135889 0.04823964 0.04409998 -0.01369315 0.04838854 0.04409998 -0.01376998 0.04855328 0.04409998 -0.01381701 0.04872888 0.04409998 -0.01383286 0.04890996 0.04409998 -0.01381701 0.04909104 0.04409998 -0.01376998 0.04926657 0.04409998 -0.01369315 0.04943132 0.04409998 -0.0135889 0.04958021 0.04409998 -0.01346033 0.04970878 0.04409998 -0.01331144 0.04981303 0.04409998 -0.01314669 0.04988986 0.04409998 -0.01297116 0.04993689 0.04409998 -0.01279008 0.04995274 0.04409998 -0.012609 0.04993689 0.04409998 -0.0124334 0.04988986 0.04409998 -0.01226866 0.04981303 0.04409998 -0.01211977 0.04970878 0.04409998 -0.0119912 0.04958021 0.04409998 -0.01188695 0.04943132 0.04409998 -0.01181012 0.04926657 0.04409998 -0.01176309 0.04909104 0.04409998 -0.01434719 0.04409003 0.04409998 -0.01436305 0.04390895 0.04409998 -0.01441007 0.04373341 0.04409998 -0.0144869 0.04356867 0.04409998 -0.01459115 0.04341977 0.04409998 -0.01471972 0.04329121 0.04409998 -0.01486861 0.04318696 0.04409998 -0.01503336 0.04311013 0.04409998 -0.01520889 0.0430631 0.04409998 -0.01539003 0.04304724 0.04409998 -0.01557111 0.0430631 0.04409998 -0.01574665 0.04311013 0.04409998 -0.0159114 0.04318696 0.04409998 -0.01606029 0.04329121 0.04409998 -0.01618885 0.04341977 0.04409998 -0.0162931 0.04356867 0.04409998 -0.01636993 0.04373341 0.04409998 -0.01641696 0.04390895 0.04409998 -0.01643282 0.04409003 0.04409998 -0.01641696 0.04427111 0.04409998 -0.01636993 0.0444467 0.04409998 -0.0162931 0.04461145 0.04409998 -0.01618885 0.04476034 0.04409998 -0.01606029 0.04488885 0.04409998 -0.0159114 0.04499316 0.04409998 -0.01574665 0.04506993 0.04409998 -0.01557111 0.04511702 0.04409998 -0.01539003 0.04513287 0.04409998 -0.01520889 0.04511702 0.04409998 -0.01503336 0.04506993 0.04409998 -0.01486861 0.04499316 0.04409998 -0.01471972 0.04488885 0.04409998 -0.01459115 0.04476034 0.04409998 -0.0144869 0.04461145 0.04409998 -0.01441007 0.0444467 0.04409998 -0.01436305 0.04427111 0.04409998 -0.01916712 0.04668998 0.04409998 -0.01918292 0.0465089 0.04409998 -0.01923 0.04633337 0.04409998 -0.01930683 0.04616862 0.04409998 -0.01941108 0.04601973 0.04409998 -0.01953959 0.04589116 0.04409998 -0.01968848 0.04578691 0.04409998 -0.01985323 0.04571008 0.04409998 -0.02002882 0.04566305 0.04409998 -0.0202099 0.0456472 0.04409998 -0.02039098 0.04566305 0.04409998 -0.02056658 0.04571008 0.04409998 -0.02073127 0.04578691 0.04409998 -0.02088022 0.04589116 0.04409998 -0.02100872 0.04601973 0.04409998 -0.02111297 0.04616862 0.04409998 -0.0211898 0.04633337 0.04409998 -0.02123683 0.0465089 0.04409998 -0.02125269 0.04668998 0.04409998 -0.02123683 0.04687106 0.04409998 -0.0211898 0.04704666 0.04409998 -0.02111297 0.0472114 0.04409998 -0.02100872 0.0473603 0.04409998 -0.02088022 0.0474888 0.04409998 -0.02073127 0.04759311 0.04409998 -0.02056658 0.04766988 0.04409998 -0.02039098 0.04771697 0.04409998 -0.0202099 0.04773283 0.04409998 -0.02002882 0.04771697 0.04409998 -0.01985323 0.04766988 0.04409998 -0.01968848 0.04759311 0.04409998 -0.01953959 0.0474888 0.04409998 -0.01941108 0.0473603 0.04409998 -0.01930683 0.0472114 0.04409998 -0.01923 0.04704666 0.04409998 -0.01918292 0.04687106 0.04409998 -0.01656717 0.05150991 0.04409998 -0.01658296 0.05132883 0.04409998 -0.01663005 0.05115324 0.04409998 -0.01670688 0.05098849 0.04409998 -0.01681113 0.0508396 0.04409998 -0.01693964 0.05071109 0.04409998 -0.01708853 0.05060678 0.04409998 -0.01725327 0.05053001 0.04409998 -0.01742887 0.05048292 0.04409998 -0.01760995 0.05046707 0.04409998 -0.01779103 0.05048292 0.04409998 -0.01796662 0.05053001 0.04409998 -0.01813137 0.05060678 0.04409998 -0.01828026 0.05071109 0.04409998 -0.01840877 0.0508396 0.04409998 -0.01851302 0.05098849 0.04409998 -0.01858985 0.05115324 0.04409998 -0.01863688 0.05132883 0.04409998 -0.01865273 0.05150991 0.04409998 -0.01863688 0.05169099 0.04409998 -0.01858985 0.05186653 0.04409998 -0.01851302 0.05203127 0.04409998 -0.01840877 0.05218017 0.04409998 -0.01828026 0.05230873 0.04409998 -0.01813137 0.05241298 0.04409998 -0.01796662 0.05248981 0.04409998 -0.01779103 0.05253684 0.04409998 -0.01760995 0.0525527 0.04409998 -0.01742887 0.05253684 0.04409998 -0.01725327 0.05248981 0.04409998 -0.01708853 0.05241298 0.04409998 -0.01693964 0.05230873 0.04409998 -0.01681113 0.05218017 0.04409998 -0.01670688 0.05203127 0.04409998 -0.01663005 0.05186653 0.04409998 -0.01658296 0.05169099 0.04409998 -0.01383286 0.02610993 0.04409998 -0.01381701 0.02629101 0.04409998 -0.01376998 0.0264666 0.04409998 -0.01369315 0.02663135 0.04409998 -0.0135889 0.02678024 0.04409998 -0.01346033 0.02690875 0.04409998 -0.01331144 0.02701306 0.04409998 -0.01314669 0.02708983 0.04409998 -0.01297116 0.02713692 0.04409998 -0.01279008 0.02715271 0.04409998 -0.012609 0.02713692 0.04409998 -0.0124334 0.02708983 0.04409998 -0.01226866 0.02701306 0.04409998 -0.01211977 0.02690875 0.04409998 -0.0119912 0.02678024 0.04409998 -0.01188695 0.02663135 0.04409998 -0.01181012 0.0264666 0.04409998 -0.01176309 0.02629101 0.04409998 -0.01174724 0.02610993 0.0428 -0.01174724 0.02610993 0.0428 -0.01383286 0.02610993 0.0428 -0.01381701 0.02629101 0.0428 -0.01376998 0.0264666 0.0428 -0.01369315 0.02663135 0.0428 -0.0135889 0.02678024 0.0428 -0.01346033 0.02690875 0.0428 -0.01331144 0.02701306 0.0428 -0.01314669 0.02708983 0.0428 -0.01297116 0.02713692 0.0428 -0.01279008 0.02715271 0.0428 -0.012609 0.02713692 0.0428 -0.0124334 0.02708983 0.0428 -0.01226866 0.02701306 0.0428 -0.01211977 0.02690875 0.0428 -0.0119912 0.02678024 0.0428 -0.01188695 0.02663135 0.0428 -0.01181012 0.0264666 0.0428 -0.01176309 0.02629101 0.04409998 -0.01643282 0.02129006 0.04409998 -0.01641696 0.02147114 0.04409998 -0.01636993 0.02164673 0.04409998 -0.0162931 0.02181142 0.04409998 -0.01618885 0.02196037 0.04409998 -0.01606029 0.02208888 0.04409998 -0.0159114 0.02219313 0.04409998 -0.01574665 0.02226996 0.04409998 -0.01557111 0.02231699 0.04409998 -0.01539003 0.02233284 0.04409998 -0.01520889 0.02231699 0.04409998 -0.01503336 0.02226996 0.04409998 -0.01486861 0.02219313 0.04409998 -0.01471972 0.02208888 0.04409998 -0.01459115 0.02196037 0.04409998 -0.0144869 0.02181142 0.04409998 -0.01441007 0.02164673 0.04409998 -0.01436305 0.02147114 0.04409998 -0.01434719 0.02129006 0.0428 -0.01434719 0.02129006 0.0428 -0.01643282 0.02129006 0.0428 -0.01641696 0.02147114 0.0428 -0.01636993 0.02164673 0.0428 -0.0162931 0.02181142 0.0428 -0.01618885 0.02196037 0.0428 -0.01606029 0.02208888 0.0428 -0.0159114 0.02219313 0.0428 -0.01574665 0.02226996 0.0428 -0.01557111 0.02231699 0.0428 -0.01539003 0.02233284 0.0428 -0.01520889 0.02231699 0.0428 -0.01503336 0.02226996 0.0428 -0.01486861 0.02219313 0.0428 -0.01471972 0.02208888 0.0428 -0.01459115 0.02196037 0.0428 -0.0144869 0.02181142 0.0428 -0.01441007 0.02164673 0.0428 -0.01436305 0.02147114 0.04409998 -0.02125269 0.02389001 0.04409998 -0.02123683 0.02407109 0.04409998 -0.0211898 0.02424669 0.04409998 -0.02111297 0.02441138 0.04409998 -0.02100872 0.02456033 0.04409998 -0.02088022 0.02468883 0.04409998 -0.02073127 0.02479308 0.04409998 -0.02056658 0.02486991 0.04409998 -0.02039098 0.02491694 0.04409998 -0.0202099 0.0249328 0.04409998 -0.02002882 0.02491694 0.04409998 -0.01985323 0.02486991 0.04409998 -0.01968848 0.02479308 0.04409998 -0.01953959 0.02468883 0.04409998 -0.01941108 0.02456033 0.04409998 -0.01930683 0.02441138 0.04409998 -0.01923 0.02424669 0.04409998 -0.01918292 0.02407109 0.04409998 -0.01916712 0.02389001 0.0428 -0.01916712 0.02389001 0.0428 -0.02125269 0.02389001 0.0428 -0.02123683 0.02407109 0.0428 -0.0211898 0.02424669 0.0428 -0.02111297 0.02441138 0.0428 -0.02100872 0.02456033 0.0428 -0.02088022 0.02468883 0.0428 -0.02073127 0.02479308 0.0428 -0.02056658 0.02486991 0.0428 -0.02039098 0.02491694 0.0428 -0.0202099 0.0249328 0.0428 -0.02002882 0.02491694 0.0428 -0.01985323 0.02486991 0.0428 -0.01968848 0.02479308 0.0428 -0.01953959 0.02468883 0.0428 -0.01941108 0.02456033 0.0428 -0.01930683 0.02441138 0.0428 -0.01923 0.02424669 0.0428 -0.01918292 0.02407109 0.04409998 -0.01865273 0.02870988 0.04409998 -0.01863688 0.02889096 0.04409998 -0.01858985 0.02906656 0.04409998 -0.01851302 0.0292313 0.04409998 -0.01840877 0.0293802 0.04409998 -0.01828026 0.0295087 0.04409998 -0.01813137 0.02961295 0.04409998 -0.01796662 0.02968978 0.04409998 -0.01779103 0.02973687 0.04409998 -0.01760995 0.02975267 0.04409998 -0.01742887 0.02973687 0.04409998 -0.01725327 0.02968978 0.04409998 -0.01708853 0.02961295 0.04409998 -0.01693964 0.0295087 0.04409998 -0.01681113 0.0293802 0.04409998 -0.01670688 0.0292313 0.04409998 -0.01663005 0.02906656 0.04409998 -0.01658296 0.02889096 0.04409998 -0.01656717 0.02870988 0.0428 -0.01656717 0.02870988 0.0428 -0.01865273 0.02870988 0.0428 -0.01863688 0.02889096 0.0428 -0.01858985 0.02906656 0.0428 -0.01851302 0.0292313 0.0428 -0.01840877 0.0293802 0.0428 -0.01828026 0.0295087 0.0428 -0.01813137 0.02961295 0.0428 -0.01796662 0.02968978 0.0428 -0.01779103 0.02973687 0.0428 -0.01760995 0.02975267 0.0428 -0.01742887 0.02973687 0.0428 -0.01725327 0.02968978 0.0428 -0.01708853 0.02961295 0.0428 -0.01693964 0.0295087 0.0428 -0.01681113 0.0293802 0.0428 -0.01670688 0.0292313 0.0428 -0.01663005 0.02906656 0.0428 -0.01658296 0.02889096 0.04409998 -0.01383286 0.04890996 0.04409998 -0.01381701 0.04909104 0.04409998 -0.01376998 0.04926657 0.04409998 -0.01369315 0.04943132 0.04409998 -0.0135889 0.04958021 0.04409998 -0.01346033 0.04970878 0.04409998 -0.01331144 0.04981303 0.04409998 -0.01314669 0.04988986 0.04409998 -0.01297116 0.04993689 0.04409998 -0.01279008 0.04995274 0.04409998 -0.012609 0.04993689 0.04409998 -0.0124334 0.04988986 0.04409998 -0.01226866 0.04981303 0.04409998 -0.01211977 0.04970878 0.04409998 -0.0119912 0.04958021 0.04409998 -0.01188695 0.04943132 0.04409998 -0.01181012 0.04926657 0.04409998 -0.01176309 0.04909104 0.04409998 -0.01174724 0.04890996 0.04029995 -0.01174724 0.04890996 0.04029995 -0.01383286 0.04890996 0.04029995 -0.01381701 0.04909104 0.04029995 -0.01376998 0.04926657 0.04029995 -0.01369315 0.04943132 0.04029995 -0.0135889 0.04958021 0.04029995 -0.01346033 0.04970878 0.04029995 -0.01331144 0.04981303 0.04029995 -0.01314669 0.04988986 0.04029995 -0.01297116 0.04993689 0.04029995 -0.01279008 0.04995274 0.04029995 -0.012609 0.04993689 0.04029995 -0.0124334 0.04988986 0.04029995 -0.01226866 0.04981303 0.04029995 -0.01211977 0.04970878 0.04029995 -0.0119912 0.04958021 0.04029995 -0.01188695 0.04943132 0.04029995 -0.01181012 0.04926657 0.04029995 -0.01176309 0.04909104 0.04409998 -0.01643282 0.04409003 0.04409998 -0.01641696 0.04427111 0.04409998 -0.01636993 0.0444467 0.04409998 -0.0162931 0.04461145 0.04409998 -0.01618885 0.04476034 0.04409998 -0.01606029 0.04488885 0.04409998 -0.0159114 0.04499316 0.04409998 -0.01574665 0.04506993 0.04409998 -0.01557111 0.04511702 0.04409998 -0.01539003 0.04513287 0.04409998 -0.01520889 0.04511702 0.04409998 -0.01503336 0.04506993 0.04409998 -0.01486861 0.04499316 0.04409998 -0.01471972 0.04488885 0.04409998 -0.01459115 0.04476034 0.04409998 -0.0144869 0.04461145 0.04409998 -0.01441007 0.0444467 0.04409998 -0.01436305 0.04427111 0.04409998 -0.01434719 0.04409003 0.04029995 -0.01434719 0.04409003 0.04029995 -0.01643282 0.04409003 0.04029995 -0.01641696 0.04427111 0.04029995 -0.01636993 0.0444467 0.04029995 -0.0162931 0.04461145 0.04029995 -0.01618885 0.04476034 0.04029995 -0.01606029 0.04488885 0.04029995 -0.0159114 0.04499316 0.04029995 -0.01574665 0.04506993 0.04029995 -0.01557111 0.04511702 0.04029995 -0.01539003 0.04513287 0.04029995 -0.01520889 0.04511702 0.04029995 -0.01503336 0.04506993 0.04029995 -0.01486861 0.04499316 0.04029995 -0.01471972 0.04488885 0.04029995 -0.01459115 0.04476034 0.04029995 -0.0144869 0.04461145 0.04029995 -0.01441007 0.0444467 0.04029995 -0.01436305 0.04427111 0.04409998 -0.02125269 0.04668998 0.04409998 -0.02123683 0.04687106 0.04409998 -0.0211898 0.04704666 0.04409998 -0.02111297 0.0472114 0.04409998 -0.02100872 0.0473603 0.04409998 -0.02088022 0.0474888 0.04409998 -0.02073127 0.04759311 0.04409998 -0.02056658 0.04766988 0.04409998 -0.02039098 0.04771697 0.04409998 -0.0202099 0.04773283 0.04409998 -0.02002882 0.04771697 0.04409998 -0.01985323 0.04766988 0.04409998 -0.01968848 0.04759311 0.04409998 -0.01953959 0.0474888 0.04409998 -0.01941108 0.0473603 0.04409998 -0.01930683 0.0472114 0.04409998 -0.01923 0.04704666 0.04409998 -0.01918292 0.04687106 0.04409998 -0.01916712 0.04668998 0.04029995 -0.01916712 0.04668998 0.04029995 -0.02125269 0.04668998 0.04029995 -0.02123683 0.04687106 0.04029995 -0.0211898 0.04704666 0.04029995 -0.02111297 0.0472114 0.04029995 -0.02100872 0.0473603 0.04029995 -0.02088022 0.0474888 0.04029995 -0.02073127 0.04759311 0.04029995 -0.02056658 0.04766988 0.04029995 -0.02039098 0.04771697 0.04029995 -0.0202099 0.04773283 0.04029995 -0.02002882 0.04771697 0.04029995 -0.01985323 0.04766988 0.04029995 -0.01968848 0.04759311 0.04029995 -0.01953959 0.0474888 0.04029995 -0.01941108 0.0473603 0.04029995 -0.01930683 0.0472114 0.04029995 -0.01923 0.04704666 0.04029995 -0.01918292 0.04687106 0.04409998 -0.01865273 0.05150991 0.04409998 -0.01863688 0.05169099 0.04409998 -0.01858985 0.05186653 0.04409998 -0.01851302 0.05203127 0.04409998 -0.01840877 0.05218017 0.04409998 -0.01828026 0.05230873 0.04409998 -0.01813137 0.05241298 0.04409998 -0.01796662 0.05248981 0.04409998 -0.01779103 0.05253684 0.04409998 -0.01760995 0.0525527 0.04409998 -0.01742887 0.05253684 0.04409998 -0.01725327 0.05248981 0.04409998 -0.01708853 0.05241298 0.04409998 -0.01693964 0.05230873 0.04409998 -0.01681113 0.05218017 0.04409998 -0.01670688 0.05203127 0.04409998 -0.01663005 0.05186653 0.04409998 -0.01658296 0.05169099 0.04409998 -0.01656717 0.05150991 0.04029995 -0.01656717 0.05150991 0.04029995 -0.01865273 0.05150991 0.04029995 -0.01863688 0.05169099 0.04029995 -0.01858985 0.05186653 0.04029995 -0.01851302 0.05203127 0.04029995 -0.01840877 0.05218017 0.04029995 -0.01828026 0.05230873 0.04029995 -0.01813137 0.05241298 0.04029995 -0.01796662 0.05248981 0.04029995 -0.01779103 0.05253684 0.04029995 -0.01760995 0.0525527 0.04029995 -0.01742887 0.05253684 0.04029995 -0.01725327 0.05248981 0.04029995 -0.01708853 0.05241298 0.04029995 -0.01693964 0.05230873 0.04029995 -0.01681113 0.05218017 0.04029995 -0.01670688 0.05203127 0.04029995 -0.01663005 0.05186653 0.04029995 -0.01658296 0.05169099 0.0428 -0.01174724 0.02610993 0.0428 -0.01176309 0.02592885 0.0428 -0.01181012 0.02575331 0.0428 -0.01188695 0.02558857 0.0428 -0.0119912 0.02543967 0.0428 -0.01211977 0.02531111 0.0428 -0.01226866 0.02520686 0.0428 -0.0124334 0.02513003 0.0428 -0.012609 0.025083 0.0428 -0.01279008 0.02506715 0.0428 -0.01297116 0.025083 0.0428 -0.01314669 0.02513003 0.0428 -0.01331144 0.02520686 0.0428 -0.01346033 0.02531111 0.0428 -0.0135889 0.02543967 0.0428 -0.01369315 0.02558857 0.0428 -0.01376998 0.02575331 0.0428 -0.01381701 0.02592885 0.0428 -0.01383286 0.02610993 0.0428 -0.01381701 0.02629101 0.0428 -0.01376998 0.0264666 0.0428 -0.01369315 0.02663135 0.0428 -0.0135889 0.02678024 0.0428 -0.01346033 0.02690875 0.0428 -0.01331144 0.02701306 0.0428 -0.01314669 0.02708983 0.0428 -0.01297116 0.02713692 0.0428 -0.01279008 0.02715271 0.0428 -0.012609 0.02713692 0.0428 -0.0124334 0.02708983 0.0428 -0.01226866 0.02701306 0.0428 -0.01211977 0.02690875 0.0428 -0.0119912 0.02678024 0.0428 -0.01188695 0.02663135 0.0428 -0.01181012 0.0264666 0.0428 -0.01176309 0.02629101 0.0428 -0.01434719 0.02129006 0.0428 -0.01436305 0.02110898 0.0428 -0.01441007 0.02093338 0.0428 -0.0144869 0.02076864 0.0428 -0.01459115 0.02061975 0.0428 -0.01471972 0.02049124 0.0428 -0.01486861 0.02038699 0.0428 -0.01503336 0.02031016 0.0428 -0.01520889 0.02026307 0.0428 -0.01539003 0.02024728 0.0428 -0.01557111 0.02026307 0.0428 -0.01574665 0.02031016 0.0428 -0.0159114 0.02038699 0.0428 -0.01606029 0.02049124 0.0428 -0.01618885 0.02061975 0.0428 -0.0162931 0.02076864 0.0428 -0.01636993 0.02093338 0.0428 -0.01641696 0.02110898 0.0428 -0.01643282 0.02129006 0.0428 -0.01641696 0.02147114 0.0428 -0.01636993 0.02164673 0.0428 -0.0162931 0.02181142 0.0428 -0.01618885 0.02196037 0.0428 -0.01606029 0.02208888 0.0428 -0.0159114 0.02219313 0.0428 -0.01574665 0.02226996 0.0428 -0.01557111 0.02231699 0.0428 -0.01539003 0.02233284 0.0428 -0.01520889 0.02231699 0.0428 -0.01503336 0.02226996 0.0428 -0.01486861 0.02219313 0.0428 -0.01471972 0.02208888 0.0428 -0.01459115 0.02196037 0.0428 -0.0144869 0.02181142 0.0428 -0.01441007 0.02164673 0.0428 -0.01436305 0.02147114 0.0428 -0.01916712 0.02389001 0.0428 -0.01918292 0.02370893 0.0428 -0.01923 0.02353334 0.0428 -0.01930683 0.02336859 0.0428 -0.01941108 0.0232197 0.0428 -0.01953959 0.02309119 0.0428 -0.01968848 0.02298694 0.0428 -0.01985323 0.02291011 0.0428 -0.02002882 0.02286303 0.0428 -0.0202099 0.02284723 0.0428 -0.02039098 0.02286303 0.0428 -0.02056658 0.02291011 0.0428 -0.02073127 0.02298694 0.0428 -0.02088022 0.02309119 0.0428 -0.02100872 0.0232197 0.0428 -0.02111297 0.02336859 0.0428 -0.0211898 0.02353334 0.0428 -0.02123683 0.02370893 0.0428 -0.02125269 0.02389001 0.0428 -0.02123683 0.02407109 0.0428 -0.0211898 0.02424669 0.0428 -0.02111297 0.02441138 0.0428 -0.02100872 0.02456033 0.0428 -0.02088022 0.02468883 0.0428 -0.02073127 0.02479308 0.0428 -0.02056658 0.02486991 0.0428 -0.02039098 0.02491694 0.0428 -0.0202099 0.0249328 0.0428 -0.02002882 0.02491694 0.0428 -0.01985323 0.02486991 0.0428 -0.01968848 0.02479308 0.0428 -0.01953959 0.02468883 0.0428 -0.01941108 0.02456033 0.0428 -0.01930683 0.02441138 0.0428 -0.01923 0.02424669 0.0428 -0.01918292 0.02407109 0.0428 -0.01656717 0.02870988 0.0428 -0.01658296 0.0285288 0.0428 -0.01663005 0.02835321 0.0428 -0.01670688 0.02818852 0.0428 -0.01681113 0.02803957 0.0428 -0.01693964 0.02791106 0.0428 -0.01708853 0.02780681 0.0428 -0.01725327 0.02772998 0.0428 -0.01742887 0.02768296 0.0428 -0.01760995 0.0276671 0.0428 -0.01779103 0.02768296 0.0428 -0.01796662 0.02772998 0.0428 -0.01813137 0.02780681 0.0428 -0.01828026 0.02791106 0.0428 -0.01840877 0.02803957 0.0428 -0.01851302 0.02818852 0.0428 -0.01858985 0.02835321 0.0428 -0.01863688 0.0285288 0.0428 -0.01865273 0.02870988 0.0428 -0.01863688 0.02889096 0.0428 -0.01858985 0.02906656 0.0428 -0.01851302 0.0292313 0.0428 -0.01840877 0.0293802 0.0428 -0.01828026 0.0295087 0.0428 -0.01813137 0.02961295 0.0428 -0.01796662 0.02968978 0.0428 -0.01779103 0.02973687 0.0428 -0.01760995 0.02975267 0.0428 -0.01742887 0.02973687 0.0428 -0.01725327 0.02968978 0.0428 -0.01708853 0.02961295 0.0428 -0.01693964 0.0295087 0.0428 -0.01681113 0.0293802 0.0428 -0.01670688 0.0292313 0.0428 -0.01663005 0.02906656 0.0428 -0.01658296 0.02889096 0.04029995 -0.01174724 0.04890996 0.04029995 -0.01176309 0.04872888 0.04029995 -0.01181012 0.04855328 0.04029995 -0.01188695 0.04838854 0.04029995 -0.0119912 0.04823964 0.04029995 -0.01211977 0.04811114 0.04029995 -0.01226866 0.04800683 0.04029995 -0.0124334 0.04793006 0.04029995 -0.012609 0.04788297 0.04029995 -0.01279008 0.04786717 0.04029995 -0.01297116 0.04788297 0.04029995 -0.01314669 0.04793006 0.04029995 -0.01331144 0.04800683 0.04029995 -0.01346033 0.04811114 0.04029995 -0.0135889 0.04823964 0.04029995 -0.01369315 0.04838854 0.04029995 -0.01376998 0.04855328 0.04029995 -0.01381701 0.04872888 0.04029995 -0.01383286 0.04890996 0.04029995 -0.01381701 0.04909104 0.04029995 -0.01376998 0.04926657 0.04029995 -0.01369315 0.04943132 0.04029995 -0.0135889 0.04958021 0.04029995 -0.01346033 0.04970878 0.04029995 -0.01331144 0.04981303 0.04029995 -0.01314669 0.04988986 0.04029995 -0.01297116 0.04993689 0.04029995 -0.01279008 0.04995274 0.04029995 -0.012609 0.04993689 0.04029995 -0.0124334 0.04988986 0.04029995 -0.01226866 0.04981303 0.04029995 -0.01211977 0.04970878 0.04029995 -0.0119912 0.04958021 0.04029995 -0.01188695 0.04943132 0.04029995 -0.01181012 0.04926657 0.04029995 -0.01176309 0.04909104 0.04029995 -0.01434719 0.04409003 0.04029995 -0.01436305 0.04390895 0.04029995 -0.01441007 0.04373341 0.04029995 -0.0144869 0.04356867 0.04029995 -0.01459115 0.04341977 0.04029995 -0.01471972 0.04329121 0.04029995 -0.01486861 0.04318696 0.04029995 -0.01503336 0.04311013 0.04029995 -0.01520889 0.0430631 0.04029995 -0.01539003 0.04304724 0.04029995 -0.01557111 0.0430631 0.04029995 -0.01574665 0.04311013 0.04029995 -0.0159114 0.04318696 0.04029995 -0.01606029 0.04329121 0.04029995 -0.01618885 0.04341977 0.04029995 -0.0162931 0.04356867 0.04029995 -0.01636993 0.04373341 0.04029995 -0.01641696 0.04390895 0.04029995 -0.01643282 0.04409003 0.04029995 -0.01641696 0.04427111 0.04029995 -0.01636993 0.0444467 0.04029995 -0.0162931 0.04461145 0.04029995 -0.01618885 0.04476034 0.04029995 -0.01606029 0.04488885 0.04029995 -0.0159114 0.04499316 0.04029995 -0.01574665 0.04506993 0.04029995 -0.01557111 0.04511702 0.04029995 -0.01539003 0.04513287 0.04029995 -0.01520889 0.04511702 0.04029995 -0.01503336 0.04506993 0.04029995 -0.01486861 0.04499316 0.04029995 -0.01471972 0.04488885 0.04029995 -0.01459115 0.04476034 0.04029995 -0.0144869 0.04461145 0.04029995 -0.01441007 0.0444467 0.04029995 -0.01436305 0.04427111 0.04029995 -0.01916712 0.04668998 0.04029995 -0.01918292 0.0465089 0.04029995 -0.01923 0.04633337 0.04029995 -0.01930683 0.04616862 0.04029995 -0.01941108 0.04601973 0.04029995 -0.01953959 0.04589116 0.04029995 -0.01968848 0.04578691 0.04029995 -0.01985323 0.04571008 0.04029995 -0.02002882 0.04566305 0.04029995 -0.0202099 0.0456472 0.04029995 -0.02039098 0.04566305 0.04029995 -0.02056658 0.04571008 0.04029995 -0.02073127 0.04578691 0.04029995 -0.02088022 0.04589116 0.04029995 -0.02100872 0.04601973 0.04029995 -0.02111297 0.04616862 0.04029995 -0.0211898 0.04633337 0.04029995 -0.02123683 0.0465089 0.04029995 -0.02125269 0.04668998 0.04029995 -0.02123683 0.04687106 0.04029995 -0.0211898 0.04704666 0.04029995 -0.02111297 0.0472114 0.04029995 -0.02100872 0.0473603 0.04029995 -0.02088022 0.0474888 0.04029995 -0.02073127 0.04759311 0.04029995 -0.02056658 0.04766988 0.04029995 -0.02039098 0.04771697 0.04029995 -0.0202099 0.04773283 0.04029995 -0.02002882 0.04771697 0.04029995 -0.01985323 0.04766988 0.04029995 -0.01968848 0.04759311 0.04029995 -0.01953959 0.0474888 0.04029995 -0.01941108 0.0473603 0.04029995 -0.01930683 0.0472114 0.04029995 -0.01923 0.04704666 0.04029995 -0.01918292 0.04687106 0.04029995 -0.01656717 0.05150991 0.04029995 -0.01658296 0.05132883 0.04029995 -0.01663005 0.05115324 0.04029995 -0.01670688 0.05098849 0.04029995 -0.01681113 0.0508396 0.04029995 -0.01693964 0.05071109 0.04029995 -0.01708853 0.05060678 0.04029995 -0.01725327 0.05053001 0.04029995 -0.01742887 0.05048292 0.04029995 -0.01760995 0.05046707 0.04029995 -0.01779103 0.05048292 0.04029995 -0.01796662 0.05053001 0.04029995 -0.01813137 0.05060678 0.04029995 -0.01828026 0.05071109 0.04029995 -0.01840877 0.0508396 0.04029995 -0.01851302 0.05098849 0.04029995 -0.01858985 0.05115324 0.04029995 -0.01863688 0.05132883 0.04029995 -0.01865273 0.05150991 0.04029995 -0.01863688 0.05169099 0.04029995 -0.01858985 0.05186653 0.04029995 -0.01851302 0.05203127 0.04029995 -0.01840877 0.05218017 0.04029995 -0.01828026 0.05230873 0.04029995 -0.01813137 0.05241298 0.04029995 -0.01796662 0.05248981 0.04029995 -0.01779103 0.05253684 0.04029995 -0.01760995 0.0525527 0.04029995 -0.01742887 0.05253684 0.04029995 -0.01725327 0.05248981 0.04029995 -0.01708853 0.05241298 0.04029995 -0.01693964 0.05230873 0.04029995 -0.01681113 0.05218017 0.04029995 -0.01670688 0.05203127 0.04029995 -0.01663005 0.05186653 0.04029995 -0.01658296 0.05169099 0.05129998 -0.01358044 0.06720954 0.05129998 -0.01357018 0.06140238 0.05129998 -0.01249998 0.0643 0.05129998 -0.01254856 0.06367862 0.05129998 -0.01269304 0.06307232 0.05129998 -0.01292997 0.06249582 0.05129998 -0.01325356 0.06196314 0.05129998 -0.01326072 0.06664669 0.05129998 -0.01293408 0.06611227 0.05129998 -0.01269489 0.06553345 0.05129998 -0.01254898 0.06492435 0.05129998 -0.0149393 0.06798297 0.05129998 -0.01447933 0.06775206 0.05129998 -0.01405274 0.06746399 0.05129998 -0.01358044 0.06720954 0.05129998 -0.0149393 0.06729996 0.05129998 -0.01357018 0.06140238 0.05129998 -0.01942008 0.06139439 0.05129998 -0.01413357 0.06107503 0.05129998 -0.01467007 0.06074309 0.05129998 -0.01525205 0.0604996 0.05129998 -0.01586508 0.06035065 0.05129998 -0.01649391 0.06029999 0.05129998 -0.01712292 0.06034874 0.05129998 -0.01773637 0.06049585 0.05129998 -0.01831912 0.06073755 0.05129998 -0.01885658 0.06106787 0.05129998 -0.01939213 0.06723719 0.05129998 -0.01806062 0.06729996 0.05129998 -0.01806062 0.06798297 0.05129998 -0.01892721 0.06747937 0.05129998 -0.01850974 0.06775844 0.05129998 -0.0205 0.0643 0.05129998 -0.02044975 0.0649318 0.05129998 -0.02030038 0.06554782 0.05129998 -0.02005553 0.06613242 0.05129998 -0.01972144 0.06667107 0.05129998 -0.01939213 0.06723719 0.05129998 -0.01942008 0.06139439 0.05129998 -0.0197407 0.06195527 0.05129998 -0.02006673 0.06248933 0.05129998 -0.02030545 0.06306767 0.05129998 -0.02045106 0.06367623 0.05430012 -0.01890778 0.1103698 0.0543003 -0.02149999 0.0733 0.053882 -0.01887124 0.1103698 0.05347663 -0.01876264 0.1103698 0.05309623 -0.01858532 0.1103698 0.05275237 -0.01834458 0.1103698 0.0524556 -0.0180478 0.1103698 0.0522148 -0.01770401 0.1103698 0.05203741 -0.01732367 0.1103698 0.05192875 -0.01691824 0.1103698 0.05189216 -0.01650017 0.1103698 0.05192178 -0.01612347 0.1103698 0.05200994 -0.01575607 0.1103698 0.05215454 -0.01540702 0.1103698 0.05235189 -0.0150848 0.1103698 0.05259728 -0.0147975 0.1103698 0.05288457 -0.01455211 0.1103698 0.05320668 -0.01435464 0.1103698 0.05355578 -0.01421004 0.1103698 0.05392313 -0.01412183 0.1103698 0.05429983 -0.01409214 0.1103698 0.05429965 -0.0115 0.0733 0.05350589 -0.01156342 0.0733 0.05269128 -0.01176583 0.0733 0.05197006 -0.01207602 0.0733 0.05135619 -0.01245844 0.0733 0.05079799 -0.01293122 0.0733 0.05031442 -0.01348084 0.0733 0.04991978 -0.01408874 0.0733 0.04962235 -0.01473367 0.0733 0.04942393 -0.01539361 0.0733 0.04932039 -0.01604837 0.0733 0.04930335 -0.01668339 0.0733 0.04936945 -0.01733058 0.0733 0.04952734 -0.01799064 0.0733 0.04978322 -0.01864445 0.0733 0.05013775 -0.01927053 0.0733 0.0505855 -0.01984697 0.0733 0.05111449 -0.02035391 0.0733 0.05170762 -0.02077543 0.0733 0.05234408 -0.02110153 0.0733 0.05300188 -0.0213285 0.0733 0.05366003 -0.02145886 0.0733 0.05335086 -0.01889789 0.1079231 0.0533505 -0.01410222 0.1079231 0.05287384 -0.02010303 0.08938819 0.05287337 -0.01289713 0.08938819 0.05241602 -0.01838415 0.1066997 0.05235558 -0.01844465 0.1054764 0.0526247 -0.01465326 0.1091464 0.05241578 -0.01461607 0.1066997 0.05235528 -0.01455557 0.1054764 0.05324733 -0.01915937 0.103901 0.05195784 -0.01884245 0.09743231 0.0517829 -0.01749664 0.1060881 0.05174314 -0.01751244 0.1054764 0.05154997 -0.01650017 0.1054764 0.05178278 -0.01550364 0.1060881 0.05174297 -0.0154879 0.1054764 0.05324697 -0.01384067 0.103901 0.05195754 -0.01415783 0.09743231 0.05098748 -0.01650023 0.09743231 0.05042499 -0.01650023 0.08938819 0.05152755 -0.01831281 0.09743231 0.05105674 -0.01862066 0.08938819 0.05127191 -0.0197438 0.08134406 0.05104225 -0.01951307 0.08134406 0.05083048 -0.01926654 0.08134406 0.05063802 -0.01900625 0.08134406 0.0510565 -0.01437973 0.08938819 0.05152732 -0.01468753 0.09743231 0.05071598 -0.01388347 0.08134406 0.05053538 -0.01415067 0.08134406 0.05091667 -0.01362866 0.08134406 0.05113613 -0.01338845 0.08134406 0.05263561 -0.02091544 0.077322 0.04986321 -0.01658123 0.08134406 0.05254536 -0.01211959 0.077322 0.0523166 -0.01848363 0.1046887 0.05159276 -0.01650017 0.1060881 0.05231636 -0.01451665 0.1046887 0.05051666 -0.01907795 0.07933306 0.0510146 -0.02008044 0.075311 0.05076098 -0.01982998 0.075311 0.05052667 -0.01956194 0.075311 0.05031335 -0.01927858 0.075311 0.05043673 -0.01404339 0.07933306 0.05036938 -0.01364278 0.075311 0.05058854 -0.0133633 0.075311 0.05082833 -0.01309984 0.075311 0.05171751 -0.01752257 0.1050826 0.0517174 -0.01547777 0.1050826 0.05145603 -0.0176261 0.1010605 0.05145585 -0.01537424 0.1010605 0.04972231 -0.01656287 0.07933306 0.049582 -0.01658636 0.077322 0.0494408 -0.01645845 0.075311 0.05220746 -0.01859277 0.1024808 0.05124115 -0.01650017 0.1010605 0.05220717 -0.01440745 0.1024808 0.05429965 -0.0115 0.0733 0.05350589 -0.01156342 0.0733 0.05269128 -0.01176583 0.0733 0.05197006 -0.01207602 0.0733 0.05135619 -0.01245844 0.0733 0.05079799 -0.01293122 0.0733 0.05031442 -0.01348084 0.0733 0.04991978 -0.01408874 0.0733 0.04962235 -0.01473367 0.0733 0.04942393 -0.01539361 0.0733 0.04932039 -0.01604837 0.0733 0.04930335 -0.01668339 0.0733 0.04936945 -0.01733058 0.0733 0.04952734 -0.01799064 0.0733 0.04978322 -0.01864445 0.0733 0.05013775 -0.01927053 0.0733 0.0505855 -0.01984697 0.0733 0.05111449 -0.02035391 0.0733 0.05170762 -0.02077543 0.0733 0.05234408 -0.02110153 0.0733 0.05300188 -0.0213285 0.0733 0.05366003 -0.02145886 0.0733 0.0543003 -0.02149999 0.0733 0.05509406 -0.02143651 0.0733 0.05590867 -0.02123409 0.0733 0.05662989 -0.02092397 0.0733 0.05724376 -0.02054148 0.0733 0.05780202 -0.0200687 0.0733 0.05828553 -0.01951915 0.0733 0.05868017 -0.01891118 0.0733 0.0589776 -0.01826632 0.0733 0.05917602 -0.01760631 0.0733 0.05927956 -0.01695162 0.0733 0.0592966 -0.01631659 0.0733 0.0592305 -0.0156694 0.0733 0.05907261 -0.01500934 0.0733 0.05881679 -0.01435554 0.0733 0.0584622 -0.01372945 0.0733 0.05801445 -0.01315295 0.0733 0.05748546 -0.01264601 0.0733 0.05689233 -0.01222449 0.0733 0.05625587 -0.01189839 0.0733 0.05559808 -0.01167142 0.0733 0.05493992 -0.01154112 0.0733 0.05091834 -0.01649999 0.0733 0.05096971 -0.01708722 0.0733 0.05112224 -0.01765656 0.0733 0.05137139 -0.0181908 0.0733 0.05170947 -0.01867365 0.0733 0.05212628 -0.01909047 0.0733 0.05260914 -0.01942855 0.0733 0.05314338 -0.01967769 0.0733 0.05371278 -0.01983028 0.0733 0.05430001 -0.01988166 0.0733 0.05488717 -0.01983028 0.0733 0.05545657 -0.01967769 0.0733 0.05599081 -0.01942855 0.0733 0.05647367 -0.01909047 0.0733 0.05689048 -0.01867365 0.0733 0.05722856 -0.0181908 0.0733 0.05747771 -0.01765656 0.0733 0.05763024 -0.01708722 0.0733 0.05768162 -0.01649999 0.0733 0.05763024 -0.01591277 0.0733 0.05747771 -0.01534336 0.0733 0.05722856 -0.01480913 0.0733 0.05689048 -0.01432627 0.0733 0.05647367 -0.01390945 0.0733 0.05599081 -0.01357138 0.0733 0.05545657 -0.01332223 0.0733 0.05488717 -0.0131697 0.0733 0.05430001 -0.01311832 0.0733 0.05371278 -0.0131697 0.0733 0.05314338 -0.01332223 0.0733 0.05260914 -0.01357138 0.0733 0.05212628 -0.01390945 0.0733 0.05170947 -0.01432627 0.0733 0.05137139 -0.01480913 0.0733 0.05112224 -0.01534336 0.0733 0.05096971 -0.01591277 0.0733 0.05189216 -0.01650017 0.1103698 0.05192351 -0.01650011 0.1105574 0.05196619 -0.01650011 0.1106835 0.05205976 -0.01650011 0.1108576 0.05217599 -0.01650011 0.1110004 0.05231869 -0.01650005 0.1111207 0.05248451 -0.01650005 0.1112142 0.05266797 -0.01650005 0.111275 0.05278015 -0.01650005 0.1112939 0.0528897 -0.01650005 0.1113 0.05290812 -0.01627284 0.1113 0.05296552 -0.0160439 0.1113 0.05306202 -0.01582443 0.1113 0.05319368 -0.01562529 0.1113 0.05335289 -0.015455 0.1113 0.05352985 -0.01531857 0.1113 0.05371433 -0.01521706 0.1113 0.05391871 -0.0151422 0.1113 0.05413693 -0.01509916 0.1113 0.05436116 -0.01509106 0.1113 0.05458313 -0.01511842 0.1113 0.05479466 -0.01517933 0.1113 0.05498886 -0.01526939 0.1113 0.0551607 -0.01538282 0.1113 0.05533367 -0.01554059 0.1113 0.05547863 -0.01572561 0.1113 0.05558967 -0.01592946 0.1113 0.05566412 -0.0161423 0.1113 0.05569994 -0.01632976 0.1113 0.05571025 -0.01649993 0.1113 0.05589967 -0.01649993 0.1112818 0.05602842 -0.01649987 0.111248 0.05620855 -0.01649987 0.1111668 0.05635917 -0.01649987 0.1110608 0.05648916 -0.01649987 0.1109269 0.05659395 -0.01649981 0.110768 0.05666744 -0.01649981 0.1105892 0.05669409 -0.01649981 0.1104786 0.05670779 -0.01649981 0.1103698 0.05429983 -0.01409214 0.1103698 0.05471795 -0.01412868 0.1103698 0.05512332 -0.01423728 0.1103698 0.05550372 -0.01441466 0.1103698 0.05584758 -0.01465535 0.1103698 0.05614435 -0.01495212 0.1103698 0.05638515 -0.01529592 0.1103698 0.05656254 -0.01567631 0.1103698 0.0566712 -0.01608169 0.1103698 0.05192178 -0.01612347 0.1103698 0.05200994 -0.01575607 0.1103698 0.05215454 -0.01540702 0.1103698 0.05235189 -0.0150848 0.1103698 0.05259728 -0.0147975 0.1103698 0.05288457 -0.01455211 0.1103698 0.05320668 -0.01435464 0.1103698 0.05355578 -0.01421004 0.1103698 0.05392313 -0.01412183 0.1103698 0.05603122 -0.01628947 0.1112427 0.05657935 -0.01612806 0.1107374 0.05253696 -0.01622796 0.1112275 0.0519793 -0.01632416 0.1106986 0.05199754 -0.01616036 0.1106986 0.05599576 -0.01601415 0.1112353 0.05635523 -0.01620787 0.1110463 0.05629754 -0.01587766 0.1110313 0.05595207 -0.01588171 0.1112353 0.05624109 -0.01571917 0.1110313 0.05592519 -0.01581406 0.1112353 0.05589395 -0.01574444 0.1112353 0.05616611 -0.01555389 0.1110313 0.05582702 -0.01561689 0.1112353 0.05608123 -0.01540237 0.1110313 0.05578821 -0.01555299 0.1112353 0.05574601 -0.01548963 0.1112353 0.0559796 -0.01525241 0.1110313 0.05649697 -0.01575881 0.1107181 0.05565732 -0.01537334 0.1112353 0.0558688 -0.01511561 0.1110313 0.05646532 -0.01567083 0.1107181 0.05560791 -0.01531636 0.1112353 0.05555564 -0.01526105 0.1112353 0.05574309 -0.01498508 0.1110313 0.05642831 -0.01557999 0.1107181 0.05544888 -0.01516145 0.1112353 0.05561125 -0.01486963 0.1110313 0.05633896 -0.01539605 0.1107181 0.05539113 -0.01511394 0.1112353 0.05629122 -0.01531207 0.1107181 0.05533033 -0.01506817 0.1112353 0.05546522 -0.01476222 0.1110313 0.05623894 -0.01522856 0.1107181 0.0552231 -0.01499682 0.1112353 0.05533403 -0.0146811 0.1110313 0.05516672 -0.01496356 0.1112353 0.05611979 -0.01506316 0.1107181 0.05509972 -0.01492768 0.1112353 0.05517292 -0.01459848 0.1110313 0.05605751 -0.01498758 0.1107181 0.05497795 -0.01487147 0.1112353 0.05502468 -0.01453721 0.1110313 0.05599135 -0.01491397 0.1107181 0.05491483 -0.01484662 0.1112353 0.05485033 -0.01482403 0.1112353 0.05487 -0.01448684 0.1110313 0.05584585 -0.01477187 0.1107181 0.05471777 -0.01478618 0.1112353 0.05469167 -0.0144447 0.1110313 0.05577182 -0.01470839 0.1107181 0.0546422 -0.01476949 0.1112353 0.05569368 -0.01464694 0.1107181 0.05457347 -0.01475733 0.1112353 0.05452769 -0.01442015 0.1110313 0.05552625 -0.01453214 0.1107181 0.05443435 -0.01474112 0.1112353 0.0543453 -0.01440823 0.1110313 0.05545252 -0.01448804 0.1107181 0.05435734 -0.01473689 0.1112353 0.05536496 -0.01444035 0.1107181 0.05428707 -0.01473605 0.1112353 0.05417865 -0.01441121 0.1110313 0.05414676 -0.01474267 0.1112353 0.05401521 -0.01442718 0.1110313 0.0551812 -0.0143553 0.1107181 0.05407792 -0.01475 0.1112353 0.05509799 -0.01432293 0.1107181 0.05400872 -0.01476019 0.1112353 0.05385231 -0.01445615 0.1110313 0.055013 -0.01429367 0.1107181 0.05387258 -0.01478856 0.1112353 0.05369365 -0.01449751 0.1110313 0.05481809 -0.01423996 0.1107181 0.05380588 -0.01480656 0.1112353 0.05471825 -0.01421934 0.1107181 0.05374032 -0.01482713 0.1112353 0.0535404 -0.01455044 0.1110313 0.05462765 -0.01420456 0.1107181 0.05361312 -0.01487517 0.1112353 0.05339026 -0.01461583 0.1110313 0.05442637 -0.01418477 0.1107181 0.05355018 -0.01490324 0.1112353 0.05432504 -0.01418143 0.1107181 0.05349034 -0.01493275 0.1112353 0.0532515 -0.01468938 0.1110313 0.05423259 -0.01418226 0.1107181 0.05337584 -0.01499742 0.1112353 0.05311316 -0.01477688 0.1110313 0.05405086 -0.01419472 0.1107181 0.0533179 -0.01503461 0.1112353 0.05396074 -0.01420629 0.1107181 0.05325967 -0.01507538 0.1112353 0.0529797 -0.01487684 0.1110313 0.0538702 -0.01422148 0.1107181 0.05315053 -0.01516193 0.1112353 0.05285704 -0.0149849 0.1110313 0.05369251 -0.01426231 0.1107181 0.05309927 -0.0152077 0.1112353 0.05360561 -0.01428771 0.1107181 0.05352026 -0.01431632 0.1107181 0.05304574 -0.01525962 0.1112353 0.05273586 -0.01511031 0.1110313 0.05335092 -0.01438444 0.1107181 0.05294799 -0.01536691 0.1112353 0.05263251 -0.01523619 0.1110313 0.05326944 -0.01442295 0.1107181 0.05290508 -0.01542019 0.1112353 0.05319201 -0.01446312 0.1107181 0.05285936 -0.015482 0.1112353 0.05253034 -0.01538372 0.1110313 0.05303508 -0.01455676 0.1107181 0.05296069 -0.01460725 0.1107181 0.05277872 -0.01560693 0.1112353 0.05244928 -0.01552402 0.1110313 0.05288618 -0.0146622 0.1107181 0.05274552 -0.01566606 0.1112353 0.05274569 -0.01477938 0.1107181 0.05271023 -0.01573544 0.1112353 0.05237174 -0.01568794 0.1110313 0.05268043 -0.01484066 0.1107181 0.05261242 -0.01490986 0.1107181 0.05265128 -0.01587271 0.1112353 0.05231505 -0.01583844 0.1110313 0.05262863 -0.01593589 0.1112353 0.05249232 -0.0150479 0.1107181 0.0524379 -0.01511836 0.1107181 0.05238008 -0.01519995 0.1107181 0.05228358 -0.01535522 0.1107181 0.05224144 -0.01543295 0.1107181 0.05219674 -0.01552402 0.1107181 0.05212646 -0.01569247 0.1107181 0.05209749 -0.01577526 0.1107181 0.05221527 -0.0161854 0.111016 0.05670779 -0.01649981 0.1103698 0.05667817 -0.01687645 0.1103698 0.05659002 -0.01724386 0.1103698 0.05644547 -0.01759296 0.1103698 0.05624806 -0.01791512 0.1103698 0.05600267 -0.01820242 0.1103698 0.05571538 -0.01844787 0.1103698 0.05539327 -0.01864528 0.1103698 0.05504417 -0.01878988 0.1103698 0.05467683 -0.01887816 0.1103698 0.05430012 -0.01890778 0.1103698 0.05571025 -0.01649993 0.1113 0.05589967 -0.01649993 0.1112818 0.05602842 -0.01649987 0.111248 0.05620855 -0.01649987 0.1111668 0.05635917 -0.01649987 0.1110608 0.05648916 -0.01649987 0.1109269 0.05659395 -0.01649981 0.110768 0.05666744 -0.01649981 0.1105892 0.05669409 -0.01649981 0.1104786 0.05569183 -0.01672714 0.1113 0.05563443 -0.01695609 0.1113 0.05553793 -0.01717549 0.1113 0.05540627 -0.01737463 0.1113 0.05524706 -0.01754492 0.1113 0.05507016 -0.01768136 0.1113 0.05488562 -0.01778292 0.1113 0.05468124 -0.01785773 0.1113 0.05446308 -0.01790076 0.1113 0.05423879 -0.01790893 0.1113 0.05401682 -0.01788151 0.1113 0.05380529 -0.01782065 0.1113 0.05361109 -0.01773053 0.1113 0.05343925 -0.0176171 0.1113 0.05326628 -0.01745933 0.1113 0.05312132 -0.01727432 0.1113 0.05301028 -0.01707053 0.1113 0.05293583 -0.01685768 0.1113 0.05290001 -0.01667016 0.1113 0.0528897 -0.01650005 0.1113 0.05189216 -0.01650017 0.1103698 0.05192351 -0.01650011 0.1105574 0.05196619 -0.01650011 0.1106835 0.05205976 -0.01650011 0.1108576 0.05217599 -0.01650011 0.1110004 0.05231869 -0.01650005 0.1111207 0.05248451 -0.01650005 0.1112142 0.05266797 -0.01650005 0.111275 0.05278015 -0.01650005 0.1112939 0.053882 -0.01887124 0.1103698 0.05347663 -0.01876264 0.1103698 0.05309623 -0.01858532 0.1103698 0.05275237 -0.01834458 0.1103698 0.0524556 -0.0180478 0.1103698 0.0522148 -0.01770401 0.1103698 0.05203741 -0.01732367 0.1103698 0.05192875 -0.01691824 0.1103698 0.05252909 -0.01671528 0.1112275 0.05198079 -0.01669484 0.1106986 0.05200302 -0.01687479 0.1106986 0.05603873 -0.01663559 0.1112427 0.05602359 -0.01676595 0.1112427 0.05658477 -0.016837 0.1107374 0.05260419 -0.01698583 0.1112353 0.05221265 -0.01679664 0.111016 0.05230242 -0.01712226 0.1110313 0.05264788 -0.01711827 0.1112353 0.05235886 -0.01728075 0.1110313 0.05267477 -0.01718586 0.1112353 0.052706 -0.01725554 0.1112353 0.05243384 -0.01744604 0.1110313 0.05277293 -0.01738309 0.1112353 0.05251872 -0.01759755 0.1110313 0.05281174 -0.01744699 0.1112353 0.05285394 -0.01751029 0.1112353 0.05262035 -0.01774758 0.1110313 0.05210298 -0.01724112 0.1107181 0.05294263 -0.01762664 0.1112353 0.05273115 -0.01788431 0.1110313 0.05213463 -0.01732909 0.1107181 0.05299204 -0.01768362 0.1112353 0.05304431 -0.01773893 0.1112353 0.05285686 -0.0180149 0.1110313 0.05217164 -0.01741993 0.1107181 0.05315107 -0.01783847 0.1112353 0.0529887 -0.01813036 0.1110313 0.05226099 -0.01760387 0.1107181 0.05320882 -0.01788598 0.1112353 0.05230873 -0.01768791 0.1107181 0.05326962 -0.01793181 0.1112353 0.05313473 -0.0182377 0.1110313 0.05236101 -0.01777136 0.1107181 0.05337685 -0.01800316 0.1112353 0.05326592 -0.01831889 0.1110313 0.05343323 -0.01803636 0.1112353 0.05248016 -0.01793676 0.1107181 0.05350023 -0.01807224 0.1112353 0.0534271 -0.01840144 0.1110313 0.05254244 -0.01801234 0.1107181 0.053622 -0.01812845 0.1112353 0.05357527 -0.01846271 0.1110313 0.0526086 -0.01808595 0.1107181 0.05368512 -0.01815336 0.1112353 0.05374962 -0.01817589 0.1112353 0.05372995 -0.01851308 0.1110313 0.0527541 -0.01822811 0.1107181 0.05388218 -0.0182138 0.1112353 0.05390828 -0.01855528 0.1110313 0.05282813 -0.01829159 0.1107181 0.05395776 -0.01823043 0.1112353 0.05290627 -0.01835304 0.1107181 0.05402648 -0.01824265 0.1112353 0.05407226 -0.01857984 0.1110313 0.0530737 -0.01846784 0.1107181 0.0541656 -0.01825886 0.1112353 0.05425465 -0.01859176 0.1110313 0.05314743 -0.01851189 0.1107181 0.05424261 -0.01826304 0.1112353 0.05323499 -0.01855957 0.1107181 0.05431288 -0.01826393 0.1112353 0.0544213 -0.01858872 0.1110313 0.05445325 -0.01825731 0.1112353 0.05458474 -0.01857274 0.1110313 0.05341875 -0.01864469 0.1107181 0.05452203 -0.01824992 0.1112353 0.05350196 -0.01867699 0.1107181 0.05459123 -0.01823979 0.1112353 0.05474764 -0.01854377 0.1110313 0.05358695 -0.01870626 0.1107181 0.05472737 -0.01821142 0.1112353 0.0549063 -0.01850247 0.1110313 0.05378186 -0.01876002 0.1107181 0.05479407 -0.01819336 0.1112353 0.0538817 -0.01878058 0.1107181 0.05485963 -0.01817286 0.1112353 0.05505955 -0.01844948 0.1110313 0.0539723 -0.01879537 0.1107181 0.05498683 -0.01812475 0.1112353 0.05520969 -0.01838409 0.1110313 0.05417358 -0.01881521 0.1107181 0.05504977 -0.01809668 0.1112353 0.05427491 -0.01881849 0.1107181 0.05510962 -0.01806718 0.1112353 0.05534845 -0.0183106 0.1110313 0.05436736 -0.01881766 0.1107181 0.05522412 -0.01800256 0.1112353 0.05548679 -0.01822304 0.1110313 0.05454909 -0.0188052 0.1107181 0.05528205 -0.01796531 0.1112353 0.05463922 -0.0187937 0.1107181 0.05534029 -0.01792454 0.1112353 0.05562025 -0.01812309 0.1110313 0.05472975 -0.01877844 0.1107181 0.05544942 -0.01783806 0.1112353 0.05574291 -0.01801508 0.1110313 0.05490744 -0.01873767 0.1107181 0.05550068 -0.01779222 0.1112353 0.05499434 -0.01871222 0.1107181 0.05507969 -0.01868361 0.1107181 0.05555421 -0.01774036 0.1112353 0.05586409 -0.01788961 0.1110313 0.05524903 -0.01861554 0.1107181 0.05565196 -0.01763302 0.1112353 0.05596745 -0.01776373 0.1110313 0.05533057 -0.01857703 0.1107181 0.05569487 -0.01757973 0.1112353 0.05540794 -0.0185368 0.1107181 0.05574059 -0.01751792 0.1112353 0.05606961 -0.01761621 0.1110313 0.05556488 -0.01844322 0.1107181 0.05563926 -0.01839274 0.1107181 0.05582123 -0.01739305 0.1112353 0.05615067 -0.01747596 0.1110313 0.05571377 -0.01833772 0.1107181 0.05585443 -0.01733386 0.1112353 0.05585426 -0.01822054 0.1107181 0.05588972 -0.01726448 0.1112353 0.05622822 -0.01731199 0.1110313 0.05591952 -0.01815927 0.1107181 0.05598753 -0.01809006 0.1107181 0.05594867 -0.01712721 0.1112353 0.0562849 -0.01716148 0.1110313 0.05597132 -0.01706409 0.1112353 0.05610764 -0.01795208 0.1107181 0.05616205 -0.01788163 0.1107181 0.05621987 -0.01780003 0.1107181 0.05631637 -0.0176447 0.1107181 0.05635851 -0.01756703 0.1107181 0.05640321 -0.01747596 0.1107181 0.05647349 -0.01730746 0.1107181 0.05650246 -0.01722466 0.1107181 0.05635261 -0.0168097 0.1110463 0.05273932 -0.01949995 0.06729996 0.0532369 -0.01971018 0.06729996 0.05376154 -0.01983851 0.06729996 0.05430001 -0.01988166 0.06729996 0.05483841 -0.01983851 0.06729996 0.05536305 -0.01971018 0.06729996 0.05586063 -0.01949995 0.06729996 0.0562992 -0.01922738 0.06729996 0.05669116 -0.01889115 0.06729996 0.05702739 -0.01849919 0.06729996 0.05729997 -0.01806062 0.06729996 0.05768162 -0.01649999 0.06729996 0.05763852 -0.0170384 0.06729996 0.05751019 -0.01756304 0.06729996 0.05768162 -0.01649999 0.0733 0.05091834 -0.01649999 0.0733 0.05096971 -0.01708722 0.0733 0.05112224 -0.01765656 0.0733 0.05137139 -0.0181908 0.0733 0.05170947 -0.01867365 0.0733 0.05212628 -0.01909047 0.0733 0.05260914 -0.01942855 0.0733 0.05314338 -0.01967769 0.0733 0.05371278 -0.01983028 0.0733 0.05430001 -0.01988166 0.0733 0.05488717 -0.01983028 0.0733 0.05545657 -0.01967769 0.0733 0.05599081 -0.01942855 0.0733 0.05647367 -0.01909047 0.0733 0.05689048 -0.01867365 0.0733 0.05722856 -0.0181908 0.0733 0.05747771 -0.01765656 0.0733 0.05763024 -0.01708722 0.0733 0.05091834 -0.01649999 0.0683 0.05094772 -0.01694571 0.06827515 0.05099451 -0.017214 0.06823575 0.05106252 -0.01747685 0.06817883 0.05116873 -0.01777708 0.06809061 0.05129998 -0.01806062 0.06798297 0.05129998 -0.01806062 0.06729996 0.05157256 -0.01849919 0.06729996 0.05190879 -0.01889115 0.06729996 0.05230075 -0.01922738 0.06729996 0.0528897 -0.01650005 0.1113 0.05290812 -0.01627284 0.1113 0.05296552 -0.0160439 0.1113 0.05306202 -0.01582443 0.1113 0.05319368 -0.01562529 0.1113 0.05335289 -0.015455 0.1113 0.05352985 -0.01531857 0.1113 0.05371433 -0.01521706 0.1113 0.05391871 -0.0151422 0.1113 0.05413693 -0.01509916 0.1113 0.05436116 -0.01509106 0.1113 0.05458313 -0.01511842 0.1113 0.05479466 -0.01517933 0.1113 0.05498886 -0.01526939 0.1113 0.0551607 -0.01538282 0.1113 0.05533367 -0.01554059 0.1113 0.05547863 -0.01572561 0.1113 0.05558967 -0.01592946 0.1113 0.05566412 -0.0161423 0.1113 0.05569994 -0.01632976 0.1113 0.05571025 -0.01649993 0.1113 0.05569183 -0.01672714 0.1113 0.05563443 -0.01695609 0.1113 0.05553793 -0.01717549 0.1113 0.05540627 -0.01737463 0.1113 0.05524706 -0.01754492 0.1113 0.05507016 -0.01768136 0.1113 0.05488562 -0.01778292 0.1113 0.05468124 -0.01785773 0.1113 0.05446308 -0.01790076 0.1113 0.05423879 -0.01790893 0.1113 0.05401682 -0.01788151 0.1113 0.05380529 -0.01782065 0.1113 0.05361109 -0.01773053 0.1113 0.05343925 -0.0176171 0.1113 0.05326628 -0.01745933 0.1113 0.05312132 -0.01727432 0.1113 0.05301028 -0.01707053 0.1113 0.05293583 -0.01685768 0.1113 0.05290001 -0.01667016 0.1113 0.05129998 -0.0149393 0.06729996 0.05129998 -0.01358044 0.06720954 0.05273932 -0.01349997 0.06729996 0.05230075 -0.0137726 0.06729996 0.05190879 -0.01410877 0.06729996 0.05157256 -0.01450073 0.06729996 0.05586063 -0.01349997 0.06729996 0.05273932 -0.01349997 0.06729996 0.05536305 -0.01328974 0.06729996 0.05483841 -0.01316148 0.06729996 0.05430001 -0.01311832 0.06729996 0.05376154 -0.01316148 0.06729996 0.0532369 -0.01328974 0.06729996 0.05729997 -0.01349997 0.06729996 0.05586063 -0.01349997 0.06729996 0.05729997 -0.0149393 0.06729996 0.05702739 -0.01450073 0.06729996 0.05669116 -0.01410877 0.06729996 0.0562992 -0.0137726 0.06729996 0.05729997 -0.01806062 0.06729996 0.05729997 -0.01949995 0.06729996 0.05586063 -0.01949995 0.06729996 0.0562992 -0.01922738 0.06729996 0.05669116 -0.01889115 0.06729996 0.05702739 -0.01849919 0.06729996 0.05273932 -0.01949995 0.06729996 0.05586063 -0.01949995 0.06729996 0.0532369 -0.01971018 0.06729996 0.05376154 -0.01983851 0.06729996 0.05430001 -0.01988166 0.06729996 0.05483841 -0.01983851 0.06729996 0.05536305 -0.01971018 0.06729996 0.05129998 -0.01939213 0.06723719 0.05273932 -0.01949995 0.06729996 0.05129998 -0.01806062 0.06729996 0.05157256 -0.01849919 0.06729996 0.05190879 -0.01889115 0.06729996 0.05230075 -0.01922738 0.06729996 0.05129998 -0.01358044 0.06720954 0.05129998 -0.01357018 0.06140238 0.05273932 -0.01349997 0.06729996 0.05586063 -0.01349997 0.06729996 0.05729997 -0.01349997 0.06729996 0.05729997 -0.01349997 0.06129997 0.05129998 -0.01942008 0.06139439 0.05729997 -0.01949995 0.06129997 0.05729997 -0.01949995 0.06729996 0.05586063 -0.01949995 0.06729996 0.05273932 -0.01949995 0.06729996 0.05129998 -0.01939213 0.06723719 0.05729997 -0.01806062 0.06729996 0.05729997 -0.01949995 0.06729996 0.05729997 -0.01949995 0.06129997 0.05729997 -0.01349997 0.06129997 0.05729997 -0.01349997 0.06729996 0.05729997 -0.0149393 0.06729996 0.05729997 -0.0149393 0.06729996 0.05729997 -0.01806062 0.06729996 0.05751019 -0.01543688 0.06729996 0.05763852 -0.01596158 0.06729996 0.05768162 -0.01649999 0.06729996 0.05763852 -0.0170384 0.06729996 0.05751019 -0.01756304 0.06729996 0.05129998 -0.01357018 0.06140238 0.05129998 -0.01942008 0.06139439 0.05729997 -0.01349997 0.06129997 0.05729997 -0.01949995 0.06129997 0.032 0 0.1385 0.03151381 0.005556702 0.1385 0.03007012 0.0109446 0.1385 0.02771282 0.01599997 0.1385 0.02451342 0.0205692 0.1385 0.0205692 0.02451342 0.1385 0.01599997 0.02771276 0.1385 0.0109446 0.03007012 0.1385 0.005556702 0.03151381 0.1385 0 0.03199994 0.1385 -0.005556702 0.03151381 0.1385 -0.0109446 0.03007012 0.1385 -0.01599997 0.02771276 0.1385 -0.02056914 0.02451342 0.1385 -0.02451336 0.0205692 0.1385 -0.02771276 0.01599997 0.1385 -0.03007012 0.0109446 0.1385 -0.03151381 0.005556702 0.1385 -0.03199994 0 0.1385 0.032 0 0.1285 0.03151381 0.005556702 0.1285 0.03007012 0.0109446 0.1285 0.02771282 0.01599997 0.1285 0.02451342 0.0205692 0.1285 0.0205692 0.02451342 0.1285 0.01599997 0.02771276 0.1285 0.0109446 0.03007012 0.1285 0.005556702 0.03151381 0.1285 0 0.03199994 0.1285 -0.005556702 0.03151381 0.1285 -0.0109446 0.03007012 0.1285 -0.01599997 0.02771276 0.1285 -0.02056914 0.02451342 0.1285 -0.02451336 0.0205692 0.1285 -0.02771276 0.01599997 0.1285 -0.03007012 0.0109446 0.1285 -0.03151381 0.005556702 0.1285 -0.03199994 0 0.1285 0.032 0 0.1285 0.03151381 0.005556702 0.1285 0.03007012 0.0109446 0.1285 0.02771282 0.01599997 0.1285 0.02451342 0.0205692 0.1285 0.0205692 0.02451342 0.1285 0.01599997 0.02771276 0.1285 0.0109446 0.03007012 0.1285 0.005556702 0.03151381 0.1285 0 0.03199994 0.1285 -0.005556702 0.03151381 0.1285 -0.0109446 0.03007012 0.1285 -0.01599997 0.02771276 0.1285 -0.02056914 0.02451342 0.1285 -0.02451336 0.0205692 0.1285 -0.02771276 0.01599997 0.1285 -0.03007012 0.0109446 0.1285 -0.03151381 0.005556702 0.1285 -0.03199994 0 0.1285 -0.03151381 -0.005556702 0.1285 -0.03007012 -0.0109446 0.1285 -0.02771276 -0.01599997 0.1285 -0.02451336 -0.0205692 0.1285 -0.02056914 -0.02451342 0.1285 -0.01599997 -0.02771276 0.1285 -0.0109446 -0.03007012 0.1285 -0.005556702 -0.03151381 0.1285 0 -0.032 0.1285 0.005556702 -0.03151381 0.1285 0.0109446 -0.03007012 0.1285 0.01599997 -0.02771276 0.1285 0.0205692 -0.02451342 0.1285 0.02451342 -0.0205692 0.1285 0.02771282 -0.01599997 0.1285 0.03007012 -0.0109446 0.1285 0.03151381 -0.005556702 0.1285 0.04098778 9.99998e-4 0.1355 0.04069995 9.99998e-4 0.1355 0.04069995 9.99998e-4 0.1385 0.04098778 9.99998e-4 0.1385 0.04069995 9.99998e-4 0.1355 0.04069995 0 0.1355 0.04069995 -0.000999987 0.1355 0.04069995 -0.000999987 0.1385 0.04069995 9.99998e-4 0.1385 0.04069995 -0.000999987 0.1385 0.04098778 -0.000999987 0.1385 0.04069995 -0.000999987 0.1355 0.04098778 -0.000999987 0.1355 0.04091686 0.03675323 0 0.04109585 0.03652191 0 0.0412392 0.03626698 0 0.04134386 0.03599387 0 0.04140758 0.03570842 0 0.04142892 0.03541672 0 0.04140335 0.03509777 0 0.04132723 0.03478699 0 0.04120248 0.03449231 0 0.04103237 0.03422135 0 0.04082125 0.0339809 0 0.04057443 0.03377723 0 0.04029834 0.03361558 0 0.03999996 0.03349995 0 0.03999996 -0.03349995 0 0.04029834 -0.03361558 0 0.04057443 -0.03377729 0 0.04082125 -0.0339809 0 0.04103237 -0.03422135 0 0.04120248 -0.03449231 0 0.04132723 -0.03478699 0 0.04140335 -0.03509777 0 0.04142892 -0.03541672 0 0.04140758 -0.03570842 0 0.04134386 -0.03599387 0 0.0412392 -0.03626698 0 0.04109585 -0.03652191 0 0.04091686 -0.03675323 0 0.03401726 -0.04321819 0 0.02611231 -0.04840594 0 0.01743566 -0.05216306 0 0.008243739 -0.05437856 0 -0.001191794 -0.05498695 0 -0.01059216 -0.05397027 0 -0.01967948 -0.05135858 0 -0.02818518 -0.04722905 0 -0.03585791 -0.04170364 0 -0.04247087 -0.03494578 0 -0.04782867 -0.02715516 0 -0.05177295 -0.01856195 0 -0.05418711 -0.009420156 0 -0.05499988 0 0 -0.05418711 0.009420156 0 -0.05177295 0.01856195 0 -0.04782867 0.0271551 0 -0.04247087 0.03494578 0 -0.03585791 0.04170364 0 -0.02818518 0.04722899 0 -0.01967948 0.05135858 0 -0.01059216 0.05397027 0 -0.001191794 0.05498695 0 0.008243739 0.05437856 0 0.01743566 0.05216306 0 0.02611231 0.04840588 0 0.03401726 0.04321819 0 -0.03275406 0.03021097 0 -0.03280341 0.02964663 0 -0.03295004 0.0290994 0 -0.03318947 0.02858597 0 -0.03351444 0.02812194 0 -0.03391498 0.02772134 0 -0.03437906 0.02739638 0 -0.03489249 0.027157 0 -0.03543967 0.02701038 0 -0.03600406 0.02696096 0 -0.0365684 0.02701038 0 -0.03711563 0.027157 0 -0.03762906 0.02739638 0 -0.03809309 0.02772134 0 -0.03849369 0.02812194 0 -0.03881865 0.02858597 0 -0.03905802 0.0290994 0 -0.03920465 0.02964663 0 -0.03925406 0.03021097 0 -0.03920465 0.03077536 0 -0.03905802 0.03132253 0 -0.03881865 0.03183597 0 -0.03849369 0.03230005 0 -0.03809309 0.03270065 0 -0.03762906 0.03302556 0 -0.03711563 0.03326499 0 -0.0365684 0.03341162 0 -0.03600406 0.03346097 0 -0.03543967 0.03341162 0 -0.03489249 0.03326499 0 -0.03437906 0.03302556 0 -0.03391498 0.03270065 0 -0.03351444 0.03230005 0 -0.03318947 0.03183597 0 -0.03295004 0.03132253 0 -0.03280341 0.03077536 0 0.02674996 -0.04070317 0 0.02670061 -0.04126751 0 0.02655398 -0.04181474 0 0.02631455 -0.04232817 0 0.02598965 -0.04279226 0 0.02558904 -0.0431928 0 0.02512496 -0.04351776 0 0.02461153 -0.0437572 0 0.02406436 -0.04390382 0 0.02349996 -0.04395318 0 0.02293562 -0.04390382 0 0.02238839 -0.0437572 0 0.02187496 -0.04351776 0 0.02141094 -0.0431928 0 0.02101033 -0.04279226 0 0.02068537 -0.04232817 0 0.020446 -0.04181474 0 0.02029937 -0.04126751 0 0.02024996 -0.04070317 0 0.02029937 -0.04013884 0 0.020446 -0.03959161 0 0.02068537 -0.03907817 0 0.02101033 -0.03861409 0 0.02141094 -0.03821355 0 0.02187496 -0.03788858 0 0.02238839 -0.03764915 0 0.02293562 -0.03750252 0 0.02349996 -0.03745317 0 0.02406436 -0.03750252 0 0.02461153 -0.03764915 0 0.02512496 -0.03788858 0 0.02558904 -0.03821355 0 0.02598965 -0.03861409 0 0.02631455 -0.03907817 0 0.02655398 -0.03959161 0 0.02670061 -0.04013884 0 0.02674996 0.04070317 0 0.02670061 0.04013884 0 0.02655398 0.03959161 0 0.02631455 0.03907817 0 0.02598965 0.03861409 0 0.02558904 0.03821355 0 0.02512496 0.03788858 0 0.02461153 0.03764915 0 0.02406436 0.03750252 0 0.02349996 0.03745317 0 0.02293562 0.03750252 0 0.02238839 0.03764915 0 0.02187496 0.03788858 0 0.02141094 0.03821355 0 0.02101033 0.03861409 0 0.02068537 0.03907817 0 0.020446 0.03959161 0 0.02029937 0.04013884 0 0.02024996 0.04070317 0 0.02029937 0.04126751 0 0.020446 0.04181474 0 0.02068537 0.04232817 0 0.02101033 0.04279226 0 0.02141094 0.0431928 0 0.02187496 0.04351776 0 0.02238839 0.0437572 0 0.02293562 0.04390382 0 0.02349996 0.04395318 0 0.02406436 0.04390382 0 0.02461153 0.0437572 0 0.02512496 0.04351776 0 0.02558904 0.0431928 0 0.02598965 0.04279226 0 0.02631455 0.04232817 0 0.02655398 0.04181474 0 0.02670061 0.04126751 0 -0.002499938 -0.04799997 0 -0.002499938 -0.046 0 0.002499997 -0.04799997 0 0.002465903 -0.04841148 0 0.002364516 -0.04881173 0 0.002198636 -0.04918986 0 0.001972854 -0.04953551 0 0.001693189 -0.04983931 0 0.00136733 -0.05009287 0 0.001004219 -0.05028939 0 6.13719e-4 -0.0504235 0 2.06456e-4 -0.05049145 0 -2.06441e-4 -0.05049145 0 -6.13704e-4 -0.0504235 0 -0.001004219 -0.05028939 0 -0.00136733 -0.05009287 0 -0.001693189 -0.04983931 0 -0.001972794 -0.04953551 0 -0.002198636 -0.04918986 0 -0.002364516 -0.04881173 0 -0.002465844 -0.04841148 0 0.002499997 -0.046 0 -0.002461969 -0.04556584 0 -0.002349197 -0.04514491 0 -0.002165019 -0.04474997 0 -0.001915097 -0.044393 0 -0.001606941 -0.04408484 0 -0.001249969 -0.04383492 0 -8.55043e-4 -0.04365074 0 -4.34115e-4 -0.04353797 0 0 -0.0435 0 4.3413e-4 -0.04353797 0 8.55058e-4 -0.04365074 0 0.001249969 -0.04383492 0 0.001606941 -0.04408484 0 0.001915097 -0.044393 0 0.002165019 -0.04474997 0 0.002349197 -0.04514491 0 0.002462029 -0.04556584 0 -0.03275406 -0.03021097 0 -0.03280341 -0.03077536 0 -0.03295004 -0.03132253 0 -0.03318947 -0.03183597 0 -0.03351444 -0.03230005 0 -0.03391498 -0.03270065 0 -0.03437906 -0.03302556 0 -0.03489249 -0.03326499 0 -0.03543967 -0.03341162 0 -0.03600406 -0.03346097 0 -0.0365684 -0.03341162 0 -0.03711563 -0.03326499 0 -0.03762906 -0.03302556 0 -0.03809309 -0.03270065 0 -0.03849369 -0.03230005 0 -0.03881865 -0.03183597 0 -0.03905802 -0.03132253 0 -0.03920465 -0.03077536 0 -0.03925406 -0.03021097 0 -0.03920465 -0.02964663 0 -0.03905802 -0.0290994 0 -0.03881865 -0.02858597 0 -0.03849369 -0.02812194 0 -0.03809309 -0.02772134 0 -0.03762906 -0.02739644 0 -0.03711563 -0.027157 0 -0.0365684 -0.02701038 0 -0.03600406 -0.02696096 0 -0.03543967 -0.02701038 0 -0.03489249 -0.027157 0 -0.03437906 -0.02739644 0 -0.03391498 -0.02772134 0 -0.03351444 -0.02812194 0 -0.03318947 -0.02858597 0 -0.03295004 -0.0290994 0 -0.03280341 -0.02964663 0 0.002499997 0.04699999 0 0.002462029 0.04656583 0 0.002349197 0.0461449 0 0.002165019 0.04574996 0 0.001915097 0.04539299 0 0.001606941 0.04508483 0 0.001249969 0.04483491 0 8.55058e-4 0.04465073 0 4.3413e-4 0.04453796 0 0 0.04449999 0 -4.34115e-4 0.04453796 0 -8.55043e-4 0.04465073 0 -0.001249969 0.04483491 0 -0.001606941 0.04508483 0 -0.001915097 0.04539299 0 -0.002165019 0.04574996 0 -0.002349197 0.0461449 0 -0.002461969 0.04656583 0 -0.002499938 0.04699999 0 -0.002461969 0.04743409 0 -0.002349197 0.04785501 0 -0.002165019 0.04824995 0 -0.001915097 0.04860693 0 -0.001606941 0.04891508 0 -0.001249969 0.04916501 0 -8.55043e-4 0.04934918 0 -4.34115e-4 0.04946202 0 0 0.04949998 0 4.3413e-4 0.04946202 0 8.55058e-4 0.04934918 0 0.001249969 0.04916501 0 0.001606941 0.04891508 0 0.001915097 0.04860693 0 0.002165019 0.04824995 0 0.002349197 0.04785501 0 0.002462029 0.04743409 0</float_array>
          <technique_common>
            <accessor source="#base_link-mesh-positions-array" count="9271" stride="3">
              <param name="X" type="float"/>
              <param name="Y" type="float"/>
              <param name="Z" type="float"/>
            </accessor>
          </technique_common>
        </source>
        <source id="base_link-mesh-normals">
          <float_array id="base_link-mesh-normals-array" count="21123">0.00217992 -0.9853104 0.1707587 0.002117037 -0.9852926 0.1708628 0.002188742 -0.9999976 4.43235e-5 0.002187252 -0.9999977 2.18442e-5 0.00211364 -0.9416899 0.3364756 0.001988649 -0.941619 0.3366744 0.00198704 -0.8703604 0.4924113 0.002099633 -0.8702939 0.4925285 0.001805245 -0.7735431 0.6337411 0.001862704 -0.7731689 0.6341975 0.001573681 -0.6540096 0.7564846 0.001265645 -0.6536039 0.7568359 0.001297056 -0.5151326 0.8571097 9.29853e-4 -0.5145669 0.8574497 9.94182e-4 -0.3612264 0.9324777 5.63149e-4 -0.3605044 0.9327574 5.77394e-4 -0.1965149 0.9805008 4.34454e-4 -0.1956 0.9806837 2.08729e-4 -0.09895592 0.9950918 4.05973e-5 -0.02544724 0.9996762 -3.89526e-6 -3.27353e-4 1 -3.41385e-4 0.1460121 0.9892828 -3.68194e-4 0.1705046 0.9853568 -7.18594e-4 0.3126004 0.9498845 -7.21818e-4 0.3363695 0.9417298 -0.001055002 0.4706637 0.8823122 -0.001073658 0.4922319 0.8704635 -0.001379966 0.6141731 0.7891702 -0.00136286 0.6337435 0.7735421 -0.001628994 0.7402606 0.6723182 -0.001655757 0.7565116 0.6539782 -0.00184369 0.8440346 0.5362855 -0.001854121 0.857197 0.5149854 -0.002036988 0.9234398 0.3837381 -0.002046108 0.9324974 0.3611711 -0.002139687 0.9753208 0.2207823 -0.002138614 0.9805413 0.1963016 -0.002184212 0.9937635 0.111487 -0.00216633 0.9951205 0.09864443 -0.002194106 0.9999976 3.37636e-5 -0.002194821 0.9999976 1.60784e-5 1 1.83508e-5 0 0.9848077 0.1736484 0 1 1.80975e-5 0 0.9848079 0.1736477 0 0.9396926 0.3420204 0 0.9396927 0.3420199 0 0.8660256 0.4999999 0 0.8660253 0.5000002 0 0.7660439 0.6427884 0 0.7660449 0.6427871 0 0.642787 0.766045 0 0.6427884 0.7660439 0 0.4999992 0.866026 0 0.5000013 0.8660247 0 0.3420195 0.9396929 0 0.3420216 0.9396922 0 0.1736472 0.984808 0 0.173649 0.9848077 0 0 1 0 -0.1736481 0.9848078 0 -0.1736477 0.9848079 0 -0.3420208 0.9396925 0 -0.3420202 0.9396926 0 -0.500001 0.866025 0 -0.5000004 0.8660252 0 -0.6427881 0.7660441 0 -0.6427871 0.7660449 0 -0.7660443 0.6427879 0 -0.7660446 0.6427875 0 -0.8660253 0.5000002 0 -0.8660253 0.5000002 0 -0.9396929 0.3420196 0 -0.9396923 0.3420212 0 -0.9848079 0.1736474 0 -0.9848078 0.1736484 0 -1 1.83433e-5 0 -1 1.80975e-5 0 -1 -4.93601e-5 -1.06236e-5 -0.9855622 -0.1693142 1.5145e-4 -1 -2.83644e-5 0 -0.9644355 -0.2643184 -8.65385e-6 -0.9424816 -0.3342583 -2.36644e-4 -0.872335 -0.4889087 1.14521e-4 -0.8163992 -0.5774881 5.87665e-7 -0.7769811 -0.629524 -7.60648e-5 -0.7987167 -0.6017072 7.44942e-7 -0.7906872 -0.6122206 1.32015e-7 -0.7814849 -0.6239243 -1.82772e-7 -0.7700139 -0.6380272 -4.95813e-7 -0.7534523 -0.6575026 0 -0.7420697 -0.6703228 -1.60071e-7 -0.7256949 -0.6880167 5.45988e-7 -0.6590852 -0.7520684 2.22488e-4 -0.6897826 -0.7240166 0 -0.6492174 -0.7606031 0 -0.5506651 -0.8347263 -2.75346e-6 -0.5220416 -0.85292 -4.60314e-5 -0.3701351 -0.9289779 4.01237e-6 -0.207404 -0.9782555 -4.9714e-6 0.002135694 -0.9999977 -5.465e-6 -0.03866255 -0.9992524 4.81989e-6 0.1311709 -0.9913598 -1.45566e-6 0.2972326 -0.9548051 -2.20332e-5 0.5989719 -0.8007701 -2.86754e-6 0.4546757 -0.8906571 -1.23773e-5 0.5989779 -0.8007656 0 -1 -5.87553e-5 1.3018e-5 -0.9866907 -0.1626091 3.93706e-5 -1 6.99609e-6 0 -0.9285464 -0.3712167 1.26101e-6 -0.947098 -0.3209449 8.46555e-6 -0.8822831 -0.4707193 -4.52927e-5 -0.7940232 -0.6078875 -4.32179e-5 -0.6846119 -0.7289078 -5.3416e-6 -0.6845943 -0.7289243 0 0.9848083 0.1736454 0 1 1.90586e-5 4.16264e-6 0.9848075 0.1736503 0 1 1.95429e-5 -4.18238e-6 0.9396935 0.3420177 0 0.9396917 0.3420226 0 0.8660269 0.4999976 0 0.8660243 0.5000021 0 0.7660463 0.6427856 0 0.7660429 0.6427895 0 0.6427898 0.7660428 0 0.6427856 0.7660461 0 0.5000019 0.8660244 0 0.4999973 0.8660269 0 0.3420228 0.9396917 0 0.3420181 0.9396934 0 0.1736505 0.9848074 0 0.1736454 0.9848083 0 -0.1736454 0.9848083 0 -0.1736505 0.9848074 0 -0.34202 0.9396927 0 -0.3420201 0.9396927 0 -0.4999982 0.8660265 0 -0.5000023 0.8660241 0 -0.6427854 0.7660463 0 -0.642789 0.7660433 0 -0.7660432 0.6427893 0 -0.7660461 0.6427856 0 -0.8660256 0.4999999 0 -0.8660255 0.5000001 0 -0.939692 0.3420221 0 -0.9396935 0.3420177 0 -0.9848077 0.1736484 0 -0.9848077 0.1736486 0 -1 1.96323e-5 -4.16264e-6 -1 1.97291e-5 4.18238e-6 -7.26897e-7 -0.9871949 0.1595188 -4.13554e-6 -1 2.83644e-5 -3.82262e-6 -1 -3.61353e-6 -2.52726e-6 -0.9848043 0.1736678 1.96137e-6 -0.9491052 0.3149594 -1.83564e-6 -0.9396933 0.3420183 -1.51172e-5 -0.886716 0.4623147 -1.20029e-5 -0.8660281 0.4999952 -1.25505e-5 -0.8016086 0.5978493 3.41982e-6 -0.7660443 0.6427878 6.70552e-6 -0.6959708 0.7180702 3.5163e-5 -0.6427832 0.7660483 -3.40678e-5 -0.5725072 0.8198998 3.41684e-5 -0.4999983 0.8660264 1.2219e-6 -0.4343884 0.9007257 -7.59587e-6 -0.3420235 0.9396915 -4.91254e-5 -0.2851406 0.9584858 2.15527e-5 -0.1736527 0.984807 2.66321e-5 -0.1285995 0.9916967 1.15223e-5 0.0312407 0.9995119 -4.08051e-6 0.03125733 0.9995114 -2.14297e-6 0.2009392 0.9796038 9.20426e-6 2.35843e-6 1 -8.89413e-7 0.1736478 0.9848078 -3.48953e-5 0.3420182 0.9396934 1.03693e-5 0.3647624 0.9311006 8.95886e-6 0.4999997 0.8660256 2.16751e-5 0.5179385 0.8554179 -1.86777e-5 0.6427872 0.7660449 5.28409e-6 0.655992 0.7547678 -1.63063e-5 0.7660458 0.642786 5.80484e-5 0.7749083 0.6320738 1.55452e-5 0.8660251 0.5000007 8.54626e-5 0.8711986 0.4909309 -2.43863e-5 0.9396934 0.3420181 -1.52877e-6 0.942045 0.3354867 -4.39509e-5 0.9848098 0.1736369 -7.86147e-5 0.9853901 0.1703129 -3.72936e-7 1 2.82628e-5 -4.09986e-6 1 7.38353e-6 0.9805459 -0.1962905 0 0.9997022 -0.02440273 -4.1307e-6 0.9805468 -0.1962857 0 0.9997023 -0.02440303 4.15029e-6 0.9320558 -0.3623149 0 0.9320576 -0.3623102 0 0.8556816 -0.5175027 0 0.8556842 -0.5174984 0 0.7537102 -0.657207 0 0.7537136 -0.6572031 0 0.6291939 -0.7772485 0 0.6291947 -0.7772478 0 0.4858503 -0.874042 0 0.4858496 -0.8740425 0 0.3279752 -0.9446864 0 0.3279759 -0.9446861 0 0.1602862 -0.9870706 0 0.1602856 -0.9870707 0 -0.01219582 -0.9999257 0 -0.01219582 -0.9999257 0 -0.1843175 -0.9828668 0 -0.1843127 -0.9828677 0 -0.3509172 -0.9364066 0 -0.3509159 -0.936407 0 -0.5070261 -0.8619309 0 -0.5070276 -0.8619298 0 -0.647962 -0.7616727 0 -0.6479608 -0.7616738 0 -0.7695179 -0.6386253 0 -0.7695185 -0.6386247 0 -0.8680507 -0.4964755 0 -0.8680503 -0.4964764 0 -0.940617 -0.33947 0 -0.9406158 -0.339473 0 -0.9850425 -0.1723119 0 -0.9850419 -0.1723153 0 -1 -1.11386e-5 4.1307e-6 -1 -1.04383e-5 -4.15029e-6 0 -1 1.36346e-6 0 -0.9871944 -0.159522 0 -1 -4.84884e-5 0 -0.9871946 -0.1595209 0 -0.9491058 -0.3149574 0 -0.9491062 -0.3149562 0 -0.8867112 -0.462324 0 -0.8867112 -0.4623239 0 -0.8016052 -0.5978538 0 -0.8016053 -0.5978537 0 -0.6959716 -0.7180694 0 -0.6959712 -0.7180698 0 -0.5725126 -0.819896 0 -0.5725104 -0.8198975 0 -0.4343892 -0.9007254 0 -0.4343879 -0.900726 0 -0.2851419 -0.9584853 0 -0.2851415 -0.9584855 0 -0.1285923 -0.9916976 0 -0.1285918 -0.9916977 0 0.0312516 -0.9995115 0 0.0312038 -0.999513 0 1 1.50874e-5 0 0.984808 0.173647 0 1 2.02805e-5 0 0.9848085 0.1736443 0 0.9396938 0.3420173 0 0.9396941 0.3420161 0 0.866024 0.5000024 0 0.8660247 0.5000013 0 0.7660409 0.6427919 0 0.7660434 0.642789 0 0.6427884 0.7660439 0 0.6427897 0.7660428 0 0.4999982 0.8660265 0 0.5000002 0.8660253 0 0.342018 0.9396934 0 0.3420221 0.939692 0 0.1736475 0.9848079 0 0.173651 0.9848073 0 -2.56164e-6 1 0 1.02608e-6 1 0 -0.1736482 0.9848077 0 -0.1736482 0.9848078 0 -0.3420208 0.9396924 0 -0.3420215 0.9396921 0 -0.4999999 0.8660255 0 -0.4999956 0.8660281 0 -0.6427868 0.7660452 0 -0.6427842 0.7660474 0 -0.7660458 0.6427861 0 -0.7660464 0.6427854 0 -0.8660272 0.4999969 0 -0.8660272 0.4999969 0 -0.9396922 0.3420213 0 -0.939691 0.3420249 0 -0.9848074 0.1736505 0 -0.9848068 0.1736541 0 -1 1.72555e-5 0 -1 6.49542e-5 0 -0.9862828 -0.1650645 0 -1 -2.34097e-5 0 -1 -2.36481e-5 0 -0.9862834 -0.1650614 0 -0.9455086 -0.3255971 0 -0.9455101 -0.3255929 0 -0.8787995 -0.4771912 0 -0.8788018 -0.4771871 0 -0.7879818 -0.6156988 0 -0.7879835 -0.6156964 0 -0.6755441 -0.7373197 0 -0.6755469 -0.737317 0 -0.5445966 -0.8386982 0 -0.5445981 -0.8386971 0.7070986 0.6725046 0.2185159 0.7070987 0.6817978 0.187519 0.707118 0.6547121 0.2670883 0.7071195 0.7003473 0.09744626 0.7071226 0.707091 1.93024e-5 0.7071081 0.7071055 3.13669e-6 0.7070717 0.6219154 0.3365576 0.7070915 0.6688057 0.2296099 0.7070945 0.6974802 0.1163566 0.7071022 0.5720649 0.4156299 0.7071126 0.5992983 0.3752778 0.7071177 0.5261415 0.4723979 0.7070987 0.4789214 0.5202363 0.7070932 0.5579993 0.4343454 0.7071101 0.4156247 0.572059 0.7071111 0.4374737 0.5555274 0.7071232 0.3358321 0.6222488 0.7070943 0.2840419 0.647563 0.7070856 0.3867431 0.5919964 0.7070941 0.2185138 0.67251 0.7071165 0.2243233 0.6705709 0.707094 0.1061043 0.6991137 0.7071112 0.05841457 0.7046855 0.7071129 0.1735848 0.6854631 0.7071424 -1.77149e-6 0.7070713 0.7071052 -0.01524925 0.706944 0.7071133 -0.1360728 0.693884 0.707112 -0.05841618 0.7046844 0.7071158 -0.218508 0.6724891 0.7071099 -0.2529221 0.6603228 0.7070941 -0.3623252 0.6072383 0.7071074 -0.2840491 0.6475456 0.7071164 -0.1735788 0.6854611 0.7071234 -0.4156137 0.5720506 0.7071124 -0.4609618 0.5361962 0.7071108 -0.4789246 0.5202169 0.7070978 -0.3867414 0.591983 0.7070956 -0.5720731 0.4156298 0.7071077 -0.5459901 0.4493257 0.7071052 -0.6148899 0.3491599 0.7070651 -0.6219171 0.3365682 0.7071089 -0.5580115 0.4343042 0.7071065 -0.6724992 0.218507 0.7071104 -0.7071033 2.86028e-5 0.7071055 -0.7071081 -2.84938e-6 0.7071151 -0.6966516 0.1210982 0.7071149 -0.6655899 0.238702 0.7070949 -0.6974799 0.1163559 0.707102 -0.6688076 0.2295719 0.7070975 0.6725054 0.2185168 0.7071115 0.6817731 0.1875603 0.7071104 0.6547186 0.2670927 0.7071178 0.7003487 0.0974484 0.7071145 0.7070991 2.02429e-5 0.7071034 0.7071101 4.61191e-6 0.7071148 0.621867 0.3365564 0.707111 0.668787 0.2296041 0.7070903 0.6974845 0.1163564 0.7071 0.5720676 0.4156299 0.7071081 0.5993022 0.3752799 0.7071167 0.5261438 0.472397 0.707094 0.4789286 0.520236 0.7070975 0.5579927 0.4343469 0.7071101 0.4156263 0.5720579 0.7071118 0.4374725 0.5555275 0.7071528 0.3358009 0.6222321 0.7071004 0.2840332 0.6475602 0.7070913 0.3867467 0.5919873 0.7070933 0.2185136 0.6725109 0.7071317 0.2245416 0.6704819 0.7070951 0.1061089 0.6991119 0.7071055 0.05840891 0.7046917 0.7071019 0.1735713 0.6854779 0.707115 -9.85106e-7 0.7070986 0.7071076 -0.01525038 0.7069416 0.7071134 -0.1360746 0.6938835 0.707106 -0.05841112 0.7046909 0.707117 -0.218508 0.6724879 0.707107 -0.2529209 0.6603263 0.7071167 -0.3622874 0.6072347 0.707113 -0.2840414 0.6475428 0.7071051 -0.1735666 0.6854759 0.7071241 -0.4156152 0.5720486 0.7071108 -0.4609647 0.5361958 0.7071052 -0.4789322 0.5202175 0.7071018 -0.3867451 0.5919757 0.7071254 -0.5720433 0.4156203 0.7071084 -0.5459871 0.4493283 0.7071076 -0.6148875 0.3491593 0.7071108 -0.6218658 0.3365669 0.7071149 -0.5580033 0.4343051 0.7071058 -0.6724991 0.2185097 0.7071158 -0.7070978 2.79322e-5 0.7071032 -0.7071104 -1.45868e-6 0.7071194 -0.6966475 0.1210971 0.7071135 -0.665591 0.2387034 0.7071185 -0.6974528 0.1163748 0.7071042 -0.6687759 0.2296577 0.7071057 0.6724982 0.2185122 0.7071148 0.6655913 0.2386984 0.7071065 0.6148905 0.3491563 0.7071226 0.6966429 0.1211045 0.7071183 0.7070953 2.93206e-5 0.7071042 0.7071093 1.24797e-5 0.7070879 0.6219058 0.3365409 0.7071151 0.6687982 0.2295589 0.7070876 0.6974849 0.1163702 0.7070922 0.5720759 0.4156319 0.7071114 0.5459892 0.4493212 0.7071098 0.4609658 0.5361963 0.7070917 0.478926 0.5202417 0.7070915 0.557973 0.4343821 0.70709 0.4156351 0.5720763 0.707117 0.3622868 0.6072346 0.7071095 0.2840375 0.6475485 0.7070993 0.3867433 0.59198 0.7071169 0.2185065 0.6724885 0.7071068 0.2529227 0.6603258 0.7071151 0.136074 0.693882 0.7071039 0.05840492 0.7046936 0.707103 0.1735696 0.6854771 0.7071146 -2.05298e-7 0.707099 0.7071149 0.01524859 0.7069343 0.7071257 -0.1061102 0.6990808 0.707103 -0.05840468 0.7046945 0.7070924 -0.2185113 0.6725127 0.7071317 -0.2245408 0.6704822 0.7071213 -0.3358291 0.6222527 0.7071095 -0.2840393 0.6475476 0.7071045 -0.1735685 0.685476 0.7071109 -0.4156249 0.5720579 0.7071111 -0.4374734 0.5555276 0.7071184 -0.5261445 0.4723936 0.707097 -0.4789284 0.5202322 0.707119 -0.3867692 0.5919395 0.7071335 -0.572044 0.4156055 0.7071078 -0.5993039 0.3752778 0.7071097 -0.6547167 0.267099 0.7070873 -0.6219064 0.3365412 0.7071135 -0.558005 0.4343051 0.7071059 -0.6724987 0.2185108 0.7071154 -0.7070982 3.33339e-5 0.7071011 -0.7071126 6.01751e-7 0.7071275 -0.700331 0.09750443 0.707125 -0.6817577 0.1875656 0.7070833 -0.6974877 0.1163796 0.7071135 -0.6687971 0.2295669 0.7071073 0.6724974 0.21851 0.7071256 0.6655666 0.2387355 0.7071056 0.6148917 0.349156 0.7071183 0.6966471 0.1211056 0.7071131 0.7071005 2.9936e-5 0.7071079 0.7071057 1.22935e-5 0.7070767 0.6219157 0.3365463 0.7070984 0.6687989 0.2296084 0.7070935 0.6974794 0.116367 0.7071286 0.5720399 0.4156194 0.7071122 0.5459907 0.449318 0.7071126 0.4609597 0.5361976 0.7070975 0.4789179 0.520241 0.7070981 0.5579984 0.4343388 0.7071239 0.4156123 0.5720508 0.7071161 0.3622846 0.607237 0.7071024 0.2840466 0.6475521 0.7070962 0.386738 0.5919873 0.7071158 0.2185064 0.6724896 0.7071095 0.2529234 0.6603226 0.7070891 0.1361047 0.6939024 0.7071071 0.05841118 0.7046899 0.7071152 0.1735804 0.6854618 0.7071419 3.44863e-6 0.7070717 0.7071143 0.01524806 0.7069349 0.7071266 -0.1061053 0.6990805 0.707104 -0.05840903 0.7046931 0.7070921 -0.218511 0.672513 0.7071205 -0.2244098 0.6705378 0.7071471 -0.3357944 0.622242 0.7071028 -0.2840462 0.6475518 0.7071121 -0.1735845 0.685464 0.7071105 -0.4156242 0.5720589 0.707107 -0.4374774 0.5555298 0.7070977 -0.5261805 0.4723843 0.7070999 -0.4789227 0.5202334 0.7070985 -0.3867406 0.5919827 0.7071352 -0.5720422 0.4156051 0.7071137 -0.599298 0.3752762 0.7071143 -0.654712 0.2670986 0.7070767 -0.6219158 0.3365463 0.707108 -0.558013 0.4343038 0.7071062 -0.6724985 0.2185103 0.7071155 -0.7070981 3.21493e-5 0.7071086 -0.7071051 2.99769e-7 0.7071281 -0.7003308 0.0975027 0.7071222 -0.6817715 0.1875262 0.7071169 -0.6974508 0.1163958 0.7070909 -0.6688036 0.2296178 -3.77745e-6 -1 3.73796e-5 -3.74728e-6 -1 1.47671e-5 4.27407e-6 -0.9876899 0.1564245 -1.05798e-6 -0.9848075 0.17365 1.58232e-6 -0.951058 0.3090125 -8.89413e-7 -0.9396934 0.3420181 6.86152e-6 -0.8910099 0.453984 2.01957e-5 -0.8660258 0.4999994 2.21916e-5 -0.8090202 0.587781 -2.99625e-5 -0.766045 0.642787 -3.94043e-6 -0.707106 0.7071076 -2.80393e-5 -0.6427882 0.766044 -2.31518e-5 -0.5877906 0.8090133 2.02507e-5 -0.4999977 0.8660268 1.0062e-5 -0.4539865 0.8910086 -5.79283e-7 -0.3420196 0.9396929 5.99259e-6 -0.3090147 0.9510573 0 -0.173649 0.9848076 4.65312e-6 -0.1564239 0.9876901 1.23954e-5 -1.20345e-5 1 -2.13365e-6 -6.44522e-6 1 0 0.1736463 0.9848082 0 0.1736505 0.9848074 0 0.3420169 0.9396938 0 0.3420212 0.9396923 0 0.4999986 0.8660262 0 0.5000022 0.8660242 0 0.6427856 0.7660461 0 0.6427886 0.7660437 0 0.7660436 0.6427887 0 0.7660459 0.642786 0 0.8660245 0.5000016 0 0.866026 0.4999991 0 0.9396914 0.3420234 0 0.9396926 0.3420205 0 0.9848079 0.1736481 4.16264e-6 1 1.56388e-5 -4.18238e-6 1 1.57654e-5 -4.66732e-6 -1 2.62931e-5 -3.78381e-6 -1 1.99378e-5 2.38051e-4 -0.9874703 0.1578045 -1.72506e-4 -0.9848136 0.1736155 8.29333e-5 -0.9501019 0.3119398 -1.00137e-4 -0.9396954 0.3420127 -4.69392e-5 -0.88889 0.4581208 7.66606e-5 -0.8660207 0.5000081 -2.63902e-6 -0.8053906 0.5927445 -9.67551e-6 -0.7660416 0.642791 -7.411e-6 -0.7016117 0.7125595 -8.95001e-7 -0.6427867 0.7660453 1.49244e-6 -0.606787 0.7948646 -4.34279e-5 -0.5000047 0.8660227 -1.67693e-6 -0.5024884 0.864584 0 -0.3901474 0.9207524 -5.10249e-5 -0.3420205 0.9396925 1.79512e-7 -0.3193023 0.947653 -9.91393e-7 -0.2442412 0.9697145 -6.18224e-5 -0.1736466 0.9848081 -8.11182e-7 -0.1785367 0.9839333 -4.52856e-7 -0.1114296 0.9937723 4.32553e-6 -2.96616e-7 1 6.76431e-7 0 1 -6.699e-5 0.04142624 0.9991416 -1.72388e-6 0.08219528 0.9966163 -3.77215e-5 0.1736449 0.9848083 -3.79421e-6 0.2179065 0.9759697 -1.55577e-6 0.281865 0.9594542 -1.33441e-6 0.1512339 0.988498 -9.61965e-5 0.342019 0.939693 -5.74946e-7 0.3901578 0.9207481 1.62678e-5 0.500001 0.866025 -8.9438e-6 0.5052579 0.8629685 -6.13695e-6 0.6117956 0.7910159 1.67377e-5 0.6428 0.7660341 -9.37283e-6 0.7082912 0.7059204 1.09989e-5 0.7660509 0.64278 -2.29699e-6 0.8098255 0.5866708 4.9012e-5 0.8660269 0.4999976 -4.46446e-5 0.8914717 0.4530767 -4.20896e-5 0.9396918 0.3420224 1.31104e-4 0.9512759 0.3083412 -1.46901e-4 0.9848127 0.1736203 -1.42587e-4 0.9877247 0.1562047 6.48433e-7 1 -1.48942e-6 -3.75587e-6 1 3.57181e-5 -2.23704e-6 -1 5.1707e-6 -3.74728e-6 -1 1.66148e-5 2.40741e-6 -0.9876905 0.1564212 -1.93161e-5 -0.9848081 0.1736468 7.93021e-7 -0.9510561 0.3090185 -4.0289e-6 -0.9396919 0.3420223 3.65858e-6 -0.8910108 0.4539821 3.1692e-5 -0.8660275 0.4999965 1.34854e-5 -0.8090315 0.5877654 -9.08785e-6 -0.7660446 0.6427876 4.38257e-5 -0.7071063 0.7071074 -5.74067e-6 -0.6427881 0.7660441 1.47853e-5 -0.5877662 0.8090308 -1.9623e-5 -0.5000019 0.8660243 1.26113e-6 -0.4539818 0.8910111 -4.80935e-6 -0.3420197 0.9396928 1.29993e-5 -0.3089718 0.9510713 -2.18716e-5 -0.1736485 0.9848078 -1.79932e-6 -0.1564227 0.9876902 -4.16581e-6 4.60811e-6 1 2.93703e-6 -1.23102e-5 1 0 0.1736476 0.9848079 0 0.1736487 0.9848077 0 0.3420187 0.9396932 0 0.3420198 0.9396927 0 0.4999993 0.8660258 0 0.5000005 0.8660252 0 0.6427864 0.7660455 0 0.6427885 0.7660438 0 0.7660435 0.6427889 0 0.7660452 0.6427867 0 0.8660247 0.5000014 0 0.8660258 0.4999995 0 0.9396929 0.3420196 0 0.9396932 0.3420188 0 0.9848079 0.1736476 0 0.9848079 0.1736477 4.16264e-6 1 1.81496e-5 -4.18238e-6 1 1.87159e-5 0.7071076 0.1122386 0.6981415 0.7071043 2.28025e-5 0.7071093 0.7071105 -4.92786e-7 0.7071031 0.7070876 0.122808 0.6963802 0.7071066 0.2274531 0.6695263 0.7071012 0.2418434 0.6644695 0.7071037 0.3294396 0.6256788 0.7071128 0.3535534 0.6123655 0.7071006 0.4162778 0.5715957 0.7070966 0.4545249 0.541684 0.7071168 0.4952127 0.504728 0.7071036 0.5416764 0.4545232 0.7071012 0.5636251 0.4270066 0.7071038 0.612375 0.3535551 0.7070986 0.6194502 0.3410179 0.7071063 0.6644629 0.2418467 0.7071073 0.6615007 0.2498324 0.707118 0.6895612 0.1564914 0.7070907 0.6963805 0.122789 0.7071059 0.7042129 0.06391799 0.7071126 0.707101 -2.92301e-6 0.7070961 0.7066424 -0.02591639 0.707082 0.696389 -0.1227912 0.7071052 0.6972898 -0.1174279 0.7070994 0.6749775 -0.2107509 0.7070977 0.6644719 -0.2418472 0.7071194 0.6387788 -0.3032227 0.7070871 0.6123898 -0.3535629 0.7071159 0.5886515 -0.3917608 0.7070887 0.541692 -0.4545278 0.7071006 0.5253372 -0.4733177 0.707093 0.4545283 -0.5416859 0.7071036 0.4505378 -0.5449957 0.7071079 0.3666524 -0.6046193 0.7070882 0.3535641 -0.6123877 0.7071067 0.2766464 -0.6507435 0.707111 0.2418437 -0.6644589 0.7071008 0.1836262 -0.6828543 0.7070955 0.1227884 -0.6963757 0.7071101 0.09055441 -0.7012812 0.7070998 3.76413e-5 -0.7071138 0.707099 3.63588e-5 -0.7071147 0.7071511 0.1122094 0.698102 0.7071063 2.69935e-5 0.7071074 0.7071101 5.58744e-6 0.7071035 0.707098 0.1227893 0.6963729 0.7071105 0.2274505 0.669523 0.707109 0.2418437 0.664461 0.7071138 0.3294398 0.6256672 0.7070962 0.3535584 0.6123818 0.7071057 0.4162801 0.5715876 0.7071065 0.4545199 0.5416752 0.7070806 0.495235 0.5047569 0.7071128 0.5416702 0.4545163 0.7071195 0.5636184 0.4269852 0.7071081 0.612372 0.3535516 0.7071019 0.6194523 0.341007 0.7070742 0.66449 0.2418661 0.7071036 0.6614935 0.2498622 0.707104 0.6895766 0.1564866 0.707082 0.6963884 0.122794 0.7071918 0.7040924 0.06429398 0.7071138 0.7070999 -3.64496e-7 0.7071231 0.7066146 -0.02594119 0.7071053 0.6984023 -0.1106178 0.7071091 0.6972946 -0.1173753 0.7071065 0.6749675 -0.2107588 0.7070932 0.6725126 -0.218509 0.7071127 0.6387877 -0.3032195 0.7071168 0.6300269 -0.321017 0.7071418 0.5886359 -0.3917377 0.7071104 0.5720575 -0.4156264 0.7071025 0.5253452 -0.4733058 0.7070898 0.5000103 -0.5000138 0.7071056 0.4505315 -0.5449982 0.7070941 0.415634 -0.572072 0.7071003 0.3666572 -0.6046252 0.7070909 0.3210276 -0.6300507 0.7070978 0.2766525 -0.6507505 0.707103 0.2185083 -0.6725025 0.7071112 0.1836203 -0.6828449 0.7071196 0.1106147 -0.6983884 0.7071141 0.09053176 -0.7012801 0.7071082 9.37976e-6 -0.7071054 0.7071066 3.65898e-5 -0.707107 0.707109 0.1122195 0.698143 0.7071032 3.81954e-5 0.7071104 0.7070972 3.02243e-7 0.7071163 0.7071139 0.120773 0.6967094 0.7071074 0.2274317 0.6695327 0.7071169 0.2380403 0.6658248 0.7071074 0.3294314 0.625679 0.7071214 0.3482207 0.6154037 0.7070931 0.4162731 0.5716083 0.7071125 0.4482458 0.5468708 0.7070888 0.4952363 0.5047441 0.7070744 0.5350545 0.4623447 0.7071223 0.5635945 0.4270121 0.7071112 0.6061832 0.3640544 0.7071073 0.6194237 0.3410478 0.7071117 0.6594015 0.255309 0.7071041 0.6615024 0.2498371 0.7071011 0.6895714 0.1565227 0.7071044 0.6933601 0.1387634 0.7071263 0.7041919 0.06392443 0.707107 0.7036579 0.06975305 0.7071046 0.707109 -1.56718e-6 0.7070972 0.7066417 -0.02590471 0.7070897 0.6967381 -0.1207489 0.7070947 0.6973174 -0.117327 0.7071092 0.6749597 -0.210775 0.7070989 0.6658621 -0.2379896 0.7070955 0.6388023 -0.3032289 0.7071105 0.6154524 -0.3481569 0.7070949 0.5886618 -0.3917835 0.7070851 0.5469475 -0.4481953 0.7070936 0.5253311 -0.4733349 0.707092 0.4624047 -0.5349793 0.7071078 0.4505336 -0.5449936 0.7070983 0.3641303 -0.6061528 0.7071 0.3666765 -0.6046139 0.7071107 0.2766331 -0.6507447 0.7071029 0.2553743 -0.6593857 0.7070921 0.1836428 -0.6828589 0.7071061 0.1387819 -0.6933547 0.7070991 0.09055173 -0.7012926 0.707111 0.06975227 -0.7036538 0.7071124 1.90549e-5 -0.7071013 0.7071098 2.62202e-5 -0.7071038 0 0.984808 0.1736475 0 1 1.94684e-5 0 1 1.8537e-5 0 0.984807 0.1736528 0 0.939693 0.3420193 0 0.9396911 0.3420243 0 0.8660264 0.4999983 0 0.8660238 0.5000029 0 0.7660467 0.642785 0 0.7660437 0.6427887 0 0.6427877 0.7660444 0 0.5000001 0.8660254 0 0.6427879 0.7660442 0 0.4999995 0.8660256 0 0.3420218 0.939692 0 0.3420176 0.9396936 0 0.1736482 0.9848077 0 2.52342e-6 1 0 0.173648 0.9848079 0 -2.24727e-6 1 0 -0.173649 0.9848076 0 -0.1736492 0.9848077 0 -0.3420164 0.939694 0 -0.3420214 0.9396923 0 -0.4999991 0.866026 0 -0.6427877 0.7660444 0 -0.4999992 0.8660259 0 -0.6427879 0.7660442 0 -0.7660431 0.6427892 0 -0.7660465 0.6427851 0 -0.8660244 0.5000019 0 -0.8660268 0.4999976 0 -0.9396931 0.3420189 0 -0.984808 0.1736466 0 -0.9396929 0.3420194 0 -0.984808 0.1736468 0 -1 1.83582e-5 0 -1 1.81422e-5 0 0.9848083 0.1736458 0 1 1.8701e-5 0 1 1.88947e-5 0 0.9848084 0.1736449 0 0.9396924 0.3420206 0 0.9396927 0.34202 0 0.8660235 0.5000034 0 0.7660473 0.6427842 0 0.7660488 0.6427825 0 0.6427851 0.7660465 0 0.6427866 0.7660453 0 0.5000026 0.866024 0 0.5000042 0.866023 0 0.3420194 0.9396929 0 0.3420205 0.9396925 0 0.1736465 0.9848082 0 0.1736477 0.9848079 0 -4.50244e-7 1 0 7.95144e-7 1 0 -0.1736481 0.9848079 0 -0.1736468 0.9848081 0 -0.3420202 0.9396927 0 -0.342019 0.939693 0 -0.4999983 0.8660264 0 -0.4999979 0.8660267 0 -0.6427907 0.7660419 0 -0.6427902 0.7660423 0 -0.7660428 0.6427897 0 -0.7660425 0.6427901 0 -0.8660283 0.4999949 0 -0.8660282 0.4999954 0 -0.939694 0.3420165 0 -0.9396935 0.342018 0 -0.9848077 0.1736487 0 -0.9848074 0.17365 0 -1 1.74642e-5 0 -1 1.71512e-5 -2.77522e-6 1 1.23086e-5 2.14808e-5 0.9867357 0.1623354 0 1 -6.70552e-7 -4.16401e-5 0.9848101 0.1736353 4.13198e-5 0.9472886 0.3203817 1.37554e-5 0.9396917 0.3420228 9.7272e-6 0.8827073 0.4699232 -1.98884e-5 0.8660252 0.5000005 3.62941e-5 0.794704 0.6069974 -4.17749e-5 0.7660467 0.6427851 1.69217e-5 0.6856117 0.7279674 -5.17629e-6 0.642789 0.7660434 -3.95533e-6 0.5583342 0.8296161 4.17465e-6 0.4999937 0.866029 -1.62632e-6 0.4162356 0.9092569 -5.61099e-6 0.2631099 0.9647659 0 0.2631405 0.9647575 8.96677e-6 0.3420265 0.9396904 5.18374e-6 0.1736487 0.9848077 1.02618e-5 0.1327034 0.9911558 1.51573e-6 4.68438e-7 1 2.91859e-5 -0.1326618 0.9911614 0 0 1 1.73133e-6 -0.2631099 0.964766 -2.17853e-5 -0.4161959 0.9092751 0 -0.2631379 0.9647583 6.26221e-6 -0.1736485 0.9848078 5.70528e-6 -0.3420271 0.9396901 3.59165e-6 -0.499993 0.8660295 -3.85195e-6 -0.5583319 0.8296177 -5.1572e-6 -0.6427899 0.7660427 1.81021e-5 -0.6856172 0.7279623 5.50551e-6 -0.7660431 0.6427893 3.84578e-5 -0.7947046 0.6069965 -1.78218e-5 -0.8660253 0.5000003 1.13363e-5 -0.8827054 0.4699268 -7.68867e-5 -0.9396955 0.3420122 3.88284e-5 -0.9472907 0.3203752 1.59675e-6 -0.9848071 0.1736515 1.79418e-5 -0.9867363 0.1623317 -4.16511e-6 -1 1.17272e-5 0 -1 3.7387e-5 -4.18238e-6 1 2.25082e-5 4.16264e-6 1 2.22474e-5 0 0.9848079 0.1736478 0 0.984808 0.1736475 0 0.9396942 0.342016 0 0.9396925 0.3420207 0 0.8660256 0.5 0 0.8660227 0.5000047 0 0.7660456 0.6427863 0 0.7660421 0.6427904 0 0.6427901 0.7660424 0 0.6427862 0.7660456 0 0.5000005 0.8660252 0 0.4999994 0.8660258 0 0.3420217 0.9396921 0 0.3420219 0.939692 0 0.1736499 0.9848076 0 0.1736465 0.9848082 0 0 1 0 0 1 0 -0.1736482 0.9848079 0 -0.1736477 0.9848079 0 -0.3420187 0.9396932 0 -0.3420222 0.9396919 0 -0.4999997 0.8660257 0 -0.5000021 0.8660242 0 -0.6427873 0.7660447 0 -0.6427892 0.7660431 0 -0.7660435 0.6427888 0 -0.7660449 0.6427872 0 -0.8660248 0.5000013 0 -0.866026 0.499999 0 -0.9396921 0.3420217 0 -0.9396922 0.3420217 0 -0.9848078 0.1736479 0 -0.9848078 0.173648 -4.16264e-6 -1 1.5907e-5 4.18238e-6 -1 1.71289e-5 -4.18239e-6 1 1.25095e-5 4.16265e-6 1 1.19731e-5 0 0.9848078 0.1736479 0 0.9848077 0.1736482 0 0.9396926 0.3420205 0 0.9396933 0.3420187 0 0.8660275 0.4999963 0 0.8660278 0.4999958 0 0.7660449 0.6427871 0 0.7660443 0.6427879 0 0.6427799 0.766051 0 0.6427808 0.7660502 0 0.5000018 0.8660245 0 0.5000044 0.866023 0 0.3420195 0.9396929 0 0.3420215 0.9396921 0 0.1736463 0.9848081 0 0.1736487 0.9848077 0 8.66568e-7 1 0 2.94252e-6 1 0 -0.1736503 0.9848075 0 -0.1736485 0.9848078 0 -0.3420195 0.9396929 0 -0.4999978 0.8660267 0 -0.499997 0.8660272 0 -0.6427953 0.7660381 0 -0.6427933 0.7660397 0 -0.7660446 0.6427875 0 -0.7660414 0.6427913 0 -0.8660241 0.5000022 0 -0.8660225 0.5000051 0 -0.9396939 0.342017 0 -0.9396932 0.3420189 0 -0.984808 0.1736473 0 -0.984808 0.1736472 4.18238e-6 -1 1.99154e-5 -4.16264e-6 -1 2.00644e-5 0 0.9848074 0.1736505 -3.34196e-5 1 2.21878e-5 0 0.9848082 0.173646 -4.18238e-6 1 2.36779e-5 0 0.9396929 0.3420196 0 0.939694 0.3420166 0 0.8660232 0.5000039 0 0.8660253 0.5000004 0 0.7660423 0.6427903 0 0.7660448 0.6427872 0 0.6427873 0.7660449 0 0.6427898 0.7660427 0 0.4999976 0.8660269 0 0.5000009 0.8660249 0 0.3420184 0.9396933 0 0.3420223 0.9396919 0 0.1736461 0.9848082 0 0.1736503 0.9848075 0 -2.10455e-6 1 0 2.0236e-6 1 0 -0.1736479 0.9848079 0 -0.3420192 0.939693 0 -0.342019 0.9396931 0 -0.5000011 0.8660249 0 -0.4999981 0.8660266 0 -0.6427879 0.7660443 0 -0.6427888 0.7660435 0 -0.766044 0.6427882 0 -0.7660436 0.6427886 0 -0.8660242 0.5000023 0 -0.9396935 0.3420176 0 -0.9396913 0.3420242 0 -0.9848082 0.1736461 0 -0.9848075 0.1736502 3.34195e-5 -1 1.77845e-5 4.18238e-6 -1 1.47894e-5 0 1 4.73037e-5 0 0.984807 0.1736525 0 1 -6.25849e-7 0 0.9848071 0.1736525 0 0.9396938 0.3420169 0 0.9396938 0.3420169 0 0.8660256 0.4999996 0 0.8660263 0.4999987 0 0.7660517 0.6427791 0 0.7660523 0.6427782 0 0.6427888 0.7660436 0 0.6427889 0.7660434 0 0.4999997 0.8660256 0 0.5000017 0.8660245 0 0.3420186 0.9396933 0 0.3420199 0.9396928 0 0.1736426 0.9848088 0 0.1736418 0.9848089 0 -0.1736428 0.9848087 0 -0.1736419 0.9848089 0 -0.3420184 0.9396933 0 -0.3420195 0.9396929 0 -0.5 0.8660255 0 -0.5000018 0.8660245 0 -0.6427889 0.7660434 0 -0.6427888 0.7660436 0 -0.7660517 0.6427791 0 -0.7660522 0.6427784 0 -0.8660258 0.4999994 0 -0.8660262 0.4999986 0 -0.9396916 0.3420233 0 -0.984807 0.1736532 0 -0.9396939 0.3420169 0 -0.9848058 0.1736599 0 -1 4.73037e-5 0 -1 -4.85778e-5 0 1 2.06381e-6 0 0.9848087 0.1736431 0 1 1.56611e-5 0 0.9848111 0.1736295 0 0.9396936 0.3420176 0 0.9396914 0.3420239 0 0.8660194 0.5000105 0 0.8660171 0.5000146 0 0.7660432 0.6427891 0 0.7660403 0.6427927 0 0.499998 0.8660266 0 0.4999963 0.8660277 0 0.3420262 0.9396905 0 0.3420226 0.9396917 0 0.173653 0.9848069 0 0.1736513 0.9848073 0 1.93785e-6 1 0 -0.17365 0.9848074 0 1.33793e-6 1 0 -0.1736512 0.9848073 0 -0.3420264 0.9396904 0 -0.3420253 0.9396908 0 -0.4999981 0.8660265 0 -0.6427889 0.7660435 0 -0.4999988 0.8660262 0 -0.7660394 0.6427935 0 -0.7660401 0.6427929 0 -0.8660267 0.4999977 0 -0.9396933 0.3420182 0 -0.9396934 0.3420183 0 -0.9848071 0.1736522 0 -0.9848059 0.173659 0 -1 1.44243e-5 0 -1 7.59959e-7 0 1 2.71946e-6 0 0.9848062 0.1736573 0 1 1.6354e-5 0 0.9848073 0.1736509 0 0.9396929 0.3420196 0 0.9396908 0.3420251 0 0.8660283 0.499995 0 0.8660228 0.5000047 0 0.5000026 0.866024 0 0.4999993 0.8660259 0 0.3420267 0.9396904 0 0.3420207 0.9396924 0 0.1736519 0.9848071 0 0.1736488 0.9848077 0 -1.40697e-6 1 0 -0.1736509 0.9848073 0 -2.01403e-6 1 0 -0.1736536 0.9848068 0 -0.3420268 0.9396902 0 -0.3420235 0.9396915 0 -0.5000026 0.866024 0 -0.8660151 0.5000179 0 -0.8660156 0.5000172 0 -0.9396933 0.3420183 0 -0.9396935 0.342018 0 -0.9848099 0.1736363 0 -0.9848111 0.1736291 0 -1 1.51023e-5 0 -1 1.43796e-6 0 1 -1.2964e-6 0 0.984807 0.1736522 0 1 4.66332e-5 0 0.9848071 0.1736522 0 0.7660411 0.6427916 0 0.7660419 0.6427907 0 0.6427865 0.7660455 0 0.6427866 0.7660455 0 0.5000067 0.8660216 0 0.50001 0.8660197 0 0.3420181 0.9396934 0 0.3420218 0.9396921 0 0.1736473 0.9848079 0 0.1736474 0.984808 0 -0.1736473 0.9848079 0 -0.1736473 0.984808 0 -0.3420179 0.9396935 0 -0.4999956 0.866028 0 -0.4999987 0.8660262 0 -0.7660439 0.6427885 0 -0.8660236 0.5000032 0 -0.86603 0.499992 0 -0.9396912 0.3420242 0 -0.9848072 0.1736515 0 -0.984806 0.1736584 0 -1 -4.58658e-5 0 -1 1.56611e-5 0 1 4.03076e-5 0 0.9848063 0.1736565 0 1 2.52575e-6 0 0.9848072 0.1736512 0 0.9396927 0.3420201 0 0.9396937 0.3420173 0 0.8660258 0.4999994 0 0.866025 0.5000005 0 0.7660551 0.642775 0 0.7660513 0.6427796 0 0.6427915 0.7660412 0 0.6427908 0.7660418 0 0.4999979 0.8660266 0 0.4999954 0.8660282 0 0.3420214 0.9396922 0 0.3420184 0.9396933 0 0 1 0 0.173642 0.9848089 0 -4.57085e-7 1 0 -0.1736416 0.984809 0 -0.1736415 0.984809 0 -0.34202 0.9396927 0 -0.3420206 0.9396925 0 -0.4999972 0.8660271 0 -0.6427908 0.7660418 0 -0.6427915 0.7660412 0 -0.766052 0.6427787 0 -0.8660252 0.5000004 0 -0.8660258 0.4999995 0 -0.9396939 0.342017 0 -0.9396942 0.3420158 0 -0.9848073 0.1736513 0 -1 5.01797e-5 0 -0.9848062 0.1736567 0 -1 -7.89762e-6 0 0.9848119 0.1736251 0 1 -2.97204e-5 0 1 4.60297e-5 0 0.9848081 0.1736466 0 0.9396945 0.3420153 0 0.9396905 0.3420259 0 0.866018 0.5000131 0 0.8660173 0.5000141 0 0.7660441 0.6427881 0 0.6427881 0.7660441 0 0.6427842 0.7660474 0 0.4999988 0.8660261 0 0.4999956 0.866028 0 0.3420259 0.9396905 0 0.3420225 0.9396918 0 0.1736483 0.9848078 0 0.1736468 0.984808 0 2.59489e-6 1 0 6.47532e-7 1 0 -0.1736438 0.9848086 0 -0.1736469 0.9848081 0 -0.3420234 0.9396914 0 -0.342024 0.9396913 0 -0.4999974 0.8660269 0 -0.4999994 0.8660258 0 -0.6427843 0.7660474 0 -0.6427848 0.7660467 0 -0.7660468 0.642785 0 -0.7660427 0.6427899 0 -0.8660288 0.4999942 0 -0.8660276 0.4999963 0 -0.9848062 0.1736568 0 -0.9396922 0.3420216 0 -0.9848065 0.173655 0 -1 8.53091e-6 0 -1 -3.96371e-5 0 0.9848068 0.1736541 0 1 4.49792e-5 0 1 6.48126e-5 0 0.9848065 0.1736554 0 0.9396941 0.3420165 0 0.9396901 0.342027 0 0.8660272 0.4999971 0 0.7660374 0.642796 0 0.8660272 0.4999969 0 0.7660421 0.6427904 0 0.6427885 0.7660439 0 0.6427822 0.766049 0 0.4999972 0.8660271 0 0.3420264 0.9396905 0 0.4999979 0.8660267 0 0.3420259 0.9396906 0 0.1736562 0.9848064 0 0.1736549 0.9848067 0 -1.85688e-6 1 0 -0.1736574 0.9848062 0 -1.8331e-6 1 0 -0.1736573 0.9848062 0 -0.3420218 0.939692 0 -0.499998 0.8660267 0 -0.3420263 0.9396904 0 -0.4999985 0.8660264 0 -0.6427863 0.7660456 0 -0.6427833 0.7660482 0 -0.7660423 0.6427902 0 -0.7660379 0.6427955 0 -0.8660214 0.5000071 0 -0.8660181 0.5000128 0 -0.9396905 0.342026 0 -0.9396944 0.3420152 0 -0.9848082 0.1736455 0 -0.984812 0.1736245 0 -1 6.4306e-5 0 -1 4.44129e-5 0 0.9848065 0.1736555 0 1 -7.12275e-6 0 1 6.04466e-5 0 0.9848063 0.173657 0 0.8660265 0.4999981 0 0.866026 0.4999991 0 0.7660389 0.6427943 0 0.6427862 0.7660457 0 0.7660437 0.6427887 0 0.6427802 0.7660506 0 0.5000156 0.8660164 0 0.3420202 0.9396926 0 0.5000161 0.8660162 0 0.3420202 0.9396926 0 0.1736429 0.9848087 0 0.1736414 0.9848089 0 7.57041e-7 1 0 -7.61803e-7 1 0 -0.1736422 0.9848088 0 -0.3420202 0.9396926 0 -0.1736422 0.9848088 0 -0.3420202 0.9396926 0 -0.5000045 0.8660229 0 -0.5000063 0.8660219 0 -0.6427818 0.7660493 0 -0.6427888 0.7660434 0 -0.7660369 0.6427966 0 -0.7660425 0.64279 0 -0.8660267 0.4999977 0 -0.9396901 0.3420271 0 -0.939694 0.3420164 0 -0.9848065 0.1736556 0 -1 6.61537e-5 0 -0.9848064 0.1736562 0 -1 4.60222e-5 0.367154 0.9275408 0.06975656 -2.88639e-5 0.9975644 0.0697503 0.173147 0.9824245 0.06973081 0.3410701 0.9374476 0.06973773 0.4987279 0.8639476 0.06975114 0.6411634 0.7642264 0.06976675 0.7641278 0.6412811 0.06976574 0.3673032 -0.9274849 0.06971502 0.308348 -0.9487144 0.06973147 0.1561134 -0.9852741 0.06974005 1.14843e-4 -0.9975639 0.0697593 0.3671466 0.9275434 0.06976252 -3.47793e-5 0.9975638 0.06975972 0.3672757 -0.9274928 0.06975489 1.0855e-4 -0.9975636 0.06976503 0.7053385 0.7054301 0.06975722 0.7053306 0.705438 0.06975704 0.8638774 0.4988478 0.06976395 0.9373749 0.3412685 0.06974333 0.670253 -0.7388473 0.06975424 0.9487507 -0.308236 0.06973409 0.8888752 -0.452813 0.0697239 0.8070834 -0.5863035 0.06974673 0.7054452 -0.7053253 0.06973838 0.5864112 -0.8070051 0.06974834 0.4529493 -0.888803 0.06975984 0.7054385 -0.7053295 0.06976228 0.7054319 -0.7053368 0.06975609 0.3671379 0.9275472 0.06975769 0.7053337 0.7054348 0.06975799 0.927494 0.3672734 0.06975126 0.9275005 0.3672557 0.06975889 0.9823969 0.1733171 0.06969648 0.9275473 -0.3671374 0.06975823 0.9852916 -0.155983 0.06978487 0.9275392 -0.367139 0.06985831 0.997564 6.85706e-5 0.06975764 0.3672704 -0.9274947 0.06975781 0.7054301 -0.705339 0.06975209 0.9975636 7.2709e-5 0.06976336 0.8350083 -0.5457982 0.0697546 0.9975582 7.22695e-5 0.06984096 0.8349052 0.545953 0.06977635 0.8349282 0.5459198 0.06976115 0.680724 0.7292105 0.06976294 0.7323399 0.6773574 0.06975251 0.7799553 0.6219354 0.06975787 0.8232446 0.5633797 0.06979852 0.8349825 -0.5458354 0.06977099 0.7112365 -0.6994829 0.0697596 0.7605751 -0.6454934 0.06974047 0.8463118 -0.5280999 0.06976407 0.8056934 -0.5882121 0.06974709 0.3518385 0.9334578 0.06975877 0.1277027 0.9893536 0.06979614 0.9973972 0.01832598 0.06973522 0.3709532 -0.9260278 0.06975805 0.1584447 -0.9848991 0.06978052 0.7053313 0.7054375 0.06975603 0.9975671 3.67967e-5 0.06971293 0.9975624 6.6434e-5 0.06978029 0.7054346 -0.7053341 0.06975561 0.8243739 0.5617311 0.06975793 0.6744202 0.735044 0.06976968 0.7410907 0.6677728 0.06974405 0.6355456 0.7689063 0.0697478 0.517198 0.8530151 0.06979596 0.3902216 0.9180728 0.06978255 0.2589671 0.9633597 0.06981515 0.7264983 0.6836164 0.06977784 0.7746044 0.6285852 0.06977659 0.8304211 0.5527521 0.06975638 0.8184012 0.5703972 0.06976032 0.9521975 0.2974064 0.06978237 0.9011561 0.4278394 0.0697928 0.8417915 -0.5352768 0.06975638 0.8069093 -0.5865414 0.06976044 0.7951698 -0.6023601 0.06976759 0.8739033 -0.4810705 0.0697453 0.9332477 -0.3523893 0.06978982 0.7619051 -0.643917 0.06979632 0.6986818 -0.7120243 0.06975001 0.7126719 -0.6980203 0.06975924 0.3209497 -0.9445227 0.06977248 0.4648413 -0.8826409 0.0697683 0.5873312 -0.8063343 0.06976348 0.9274927 0.3672752 0.06975883 0.9275449 -0.3671445 0.06975275 0.9274839 0.3672995 0.06974887 0.9275547 -0.3671188 0.06975895 0.9974787 0.01371502 0.06962913 0.9973987 0.01824355 0.0697357 0.997528 -0.008519887 0.06975233 0.9728351 -0.2207342 0.06977355 0.9934844 -0.09011435 0.06977236 0.9968937 0.03658264 0.06974744 0.9837008 0.165718 0.06978821 0.7053361 0.7054325 0.0697565 0.9975641 6.98358e-5 0.0697565 0.7054339 -0.7053347 0.0697568 -0.9988062 0.04884898 -9.72144e-6 -1 -9.05246e-6 9.38375e-7 -1 1.25884e-5 -1.55182e-6 -0.9952533 0.09731853 3.56732e-6 -0.9848082 0.1736461 -3.05963e-6 -0.9838616 0.1789314 4.63391e-7 -0.9662071 0.2577672 3.43006e-6 -0.939692 0.3420219 -1.80311e-5 -0.9427999 0.3333591 0 -0.8871316 0.4615166 8.05594e-7 -0.8660256 0.4999997 5.23671e-5 -0.8065444 0.5911737 -5.65539e-5 -0.766049 0.6427822 6.15705e-5 -0.8871456 0.4614896 3.66414e-6 -0.7071033 0.7071104 -2.41994e-5 -0.6427924 0.7660405 1.20478e-5 -0.59119 0.8065323 -5.0728e-5 -0.500006 0.866022 -3.9485e-5 -0.4614617 0.8871602 -2.79895e-5 -0.3420163 0.9396941 6.01218e-5 -0.3143771 0.9492983 4.01113e-5 -0.1736292 0.9848111 1.0709e-4 -0.1593003 0.9872302 1.25947e-4 -4.64588e-7 1 3.48052e-5 7.23274e-7 1 0 0.159301 0.9872301 1.25777e-4 0.1736303 0.9848109 1.06916e-4 0.3143775 0.9492981 4.00338e-5 0.3420152 0.9396945 5.98781e-5 0.4615029 0.8871387 -1.76195e-6 0.5000005 0.8660252 -3.96684e-5 0.5911894 0.8065328 -9.97753e-5 0.6427906 0.7660421 1.19582e-5 0.7071025 0.7071111 -2.41989e-5 0.7660495 0.6427817 1.22187e-5 0.8065264 0.591198 -9.96048e-5 0.8660251 0.5000007 -3.96227e-5 0.8871397 0.4615009 -1.64378e-6 0.9396949 0.342014 5.97199e-5 0.9493026 0.3143637 -9.42097e-6 0.9848144 0.1736108 2.02793e-4 0.9872295 0.1593053 1.26937e-4 1 2.03848e-5 3.26964e-6 1 4.39808e-5 3.81348e-6 1 4.76986e-5 -7.7486e-7 0.9847918 0.173739 -1.63127e-4 1 7.43568e-6 0 0.8972228 0.4415783 1.95205e-6 0.7660948 0.6427276 -3.37701e-4 0.8659195 0.5001834 -1.20641e-4 0.9396817 0.3420506 2.00295e-5 0.6127163 0.7903031 0 0.4999827 0.8660354 1.09178e-4 0.6428726 0.7659732 -3.72208e-5 0.4815345 0.8764272 3.82774e-6 0.3420461 0.9396831 1.25738e-4 0.3441169 0.9389268 1.1716e-6 0.23368 0.9723136 -7.96281e-7 0.1736493 0.9848076 1.74663e-4 0.1671532 0.9859309 -4.02797e-7 0.1143331 0.9934425 -1.73226e-7 0.07251942 0.9973671 2.45171e-7 6.18983e-7 1 1.80045e-4 1.59648e-4 1 6.99169e-7 -0.001996755 0.999998 -1.32876e-6 -0.07457441 0.9972155 3.50643e-7 -0.1736477 0.9848079 1.76709e-4 -0.1162284 0.9932225 -1.00164e-6 -0.1692146 0.9855793 -1.29454e-7 -0.2358723 0.9717841 0 -0.3420519 0.9396811 1.18102e-4 -0.2983261 0.954464 1.21072e-6 -0.3567325 0.9342066 4.77303e-7 -0.4999862 0.8660334 8.17811e-5 -0.621425 0.7834737 -5.83008e-7 -0.7661175 0.6427007 -3.23818e-4 -0.6428486 0.7659932 -1.80425e-5 -0.8992931 0.4373465 1.08555e-5 -0.9847629 0.1739026 -4.13722e-4 -0.9397227 0.3419376 -7.72305e-5 -0.8661319 0.4998157 1.2794e-4 -1 4.48376e-5 -2.38197e-6 -1 7.43568e-6 0 1 6.12587e-5 0 0.9848072 0.1736513 0 1 2.29478e-5 0 0.9848073 0.1736512 0 0.9396906 0.3420259 0 0.9396932 0.3420186 0 0.8660231 0.5000041 0 0.8660266 0.4999979 0 0.7660433 0.642789 0 0.7660471 0.6427845 0 0.6427875 0.7660447 0 0.6427912 0.7660415 0 0.5000013 0.8660247 0 0.5000042 0.8660231 0 0.3420205 0.9396925 0 0.3420223 0.9396919 0 0.1736447 0.9848084 0 0.173645 0.9848084 0 3.33288e-7 1 0 -7.61802e-7 1 0 -0.1736437 0.9848086 0 -0.1736464 0.9848081 0 -0.3420191 0.939693 0 -0.3420237 0.9396914 0 -0.4999999 0.8660255 0 -0.5000031 0.8660237 0 -0.642789 0.7660433 0 -0.6427901 0.7660424 0 -0.7660446 0.6427876 0 -0.766048 0.6427834 0 -0.8660228 0.5000048 0 -0.9396917 0.3420228 0 -0.8660248 0.5000013 0 -0.9396922 0.3420214 0 -0.9848071 0.1736521 0 -0.9848082 0.1736457 0 -1 7.05644e-5 0 -1 1.29864e-5 0 1 6.15492e-5 0 0.9848073 0.173651 0 1 2.32384e-5 0 0.9848073 0.1736509 0 0.9396905 0.3420261 0 0.9396932 0.3420189 0 0.8660227 0.5000047 0 0.8660263 0.4999986 0 0.4999986 0.8660262 0 0.5000017 0.8660244 0 0.3420207 0.9396925 0 0.3420225 0.9396918 0 0.1736479 0.9848079 0 0.1736481 0.9848078 0 -0.1736488 0.9848077 0 -0.3420219 0.939692 0 -0.1736475 0.984808 0 -0.3420212 0.9396923 0 -0.4999974 0.8660269 0 -0.5000005 0.8660252 0 -0.8660221 0.500006 0 -0.8660247 0.5000012 0 -0.9396916 0.342023 0 -0.9396922 0.3420217 0 -0.9848081 0.1736462 0 -1 7.08476e-5 0 -0.9848073 0.173651 0 -1 1.32844e-5 0 1 1.93045e-5 0 0.9848071 0.1736517 0 1 2.40952e-5 0 0.984808 0.1736469 0 0.9396938 0.3420169 0 0.9396926 0.3420206 0 0.8660262 0.4999986 0 0.8660255 0.4999998 0 0.7660465 0.6427851 0 0.6427869 0.7660451 0 0.7660455 0.6427866 0 0.6427882 0.766044 0 0.5000031 0.8660237 0 0.5000008 0.8660249 0 0.3420218 0.9396921 0 0.173644 0.9848085 0 0.3420202 0.9396927 0 0.1736446 0.9848084 0 7.37996e-7 1 0 -7.37996e-7 1 0 -0.173644 0.9848085 0 -0.3420205 0.9396926 0 -0.173644 0.9848086 0 -0.3420219 0.9396921 0 -0.5000024 0.866024 0 -0.5000024 0.8660241 0 -0.6427868 0.7660452 0 -0.7660454 0.6427865 0 -0.7660455 0.6427866 0 -0.8660266 0.4999978 0 -0.8660252 0.5000005 0 -0.9396951 0.3420133 0 -0.9848071 0.1736517 0 -0.984808 0.173647 0 -1 2.41324e-5 0 -1 2.40952e-5 0 1 1.81571e-5 0 0.9848073 0.1736511 0 0.9848082 0.1736463 0 0.7660459 0.6427859 0 0.766046 0.6427858 0 0.6427875 0.7660446 0 0.6427877 0.7660445 0 0.499998 0.8660267 0 0.4999957 0.866028 0 0.3420222 0.939692 0 0.3420204 0.9396926 0 0.1736503 0.9848075 0 0.1736509 0.9848073 0 -0.1736502 0.9848075 0 -0.1736502 0.9848075 0 -0.3420208 0.9396924 0 -0.3420222 0.939692 0 -0.4999973 0.8660271 0 -0.4999973 0.8660271 0 -0.8660248 0.5000011 0 -0.8660271 0.4999972 0 -0.9848071 0.1736518 0 -0.9848083 0.1736457 0 -1 2.2985e-5 0 -1 2.29478e-5 0 0.4306249 -0.9025311 -1.28378e-5 0.2855178 -0.9583734 3.07238e-6 0.4347034 -0.9005737 -4.84218e-6 0.2855429 -0.9583659 3.24497e-7 0.5653688 -0.8248383 4.89596e-6 0.5727767 -0.8197116 2.35559e-5 0.68645 -0.7271771 2.76952e-5 0.6961624 -0.7178844 -1.03423e-5 0.7908684 -0.6119863 4.68595e-6 0.8017225 -0.5976965 -2.91679e-5 0.8761733 -0.4819965 1.73533e-5 0.8867887 -0.4621751 -3.09455e-5 0.940324 -0.3402805 -1.72155e-6 0.9491368 -0.3148643 3.84031e-6 0.9817233 -0.1903141 4.00469e-7 0.9872026 -0.1594716 2.12155e-6 0.9954203 -0.09559524 7.59214e-6 1 -9.84967e-6 -3.3509e-6 1 3.53206e-5 -2.63641e-6 0.7439557 -0.6682289 1.12139e-5 0.743943 -0.6682432 2.10158e-5 0.8334351 -0.5526174 -4.89951e-6 0.8409302 -0.5411436 1.61533e-5 0.9051125 -0.4251722 2.91714e-6 0.9164146 -0.4002305 1.86837e-5 0.9574601 -0.2885662 -1.51554e-5 0.9583356 -0.2856451 4.88597e-6 0.9856303 -0.1689171 -2.97814e-6 0.9893037 -0.1458708 -1.29258e-5 0.9964008 -0.08476728 -1.07819e-5 1 2.30782e-5 1.93342e-6 1 -2.41589e-5 -1.13136e-5 1 0 0 1 4.16634e-7 0 1 -5.05807e-7 0 1 3.00547e-6 0 1 -1.18308e-6 0 1 1.97247e-6 0 1 3.03552e-6 0 1 -2.86091e-7 0 1 -2.25049e-6 0 1 -1.47246e-7 0 1 1.8101e-7 0 1 7.28024e-7 0 1 1.86531e-6 0 1 -3.47654e-6 0 1 3.58453e-7 0 1 1.18088e-6 0 1 2.97289e-7 0 1 4.7587e-7 0 1 5.48661e-7 0 1 -2.20072e-7 0 1 1.81805e-6 0 1 3.08199e-7 0 1 -2.74994e-7 0 1 0 0 1 0 0 1 -5.92795e-7 0 1 -1.19879e-5 0 1 7.43167e-6 0 0.9879135 0.1550065 4.22285e-6 1 4.44055e-6 -3.46184e-6 1 3.52118e-5 5.08671e-6 0.9871959 0.159513 9.13139e-5 0.9519267 0.3063261 1.89636e-5 0.9491299 0.3148848 3.63351e-5 0.8929175 0.4502204 2.03522e-5 0.886767 0.4622169 -6.37596e-5 0.8123137 0.5832208 -3.58452e-5 0.8017041 0.5977212 -4.80979e-5 0.712089 0.7020893 3.51993e-6 0.6961382 0.7179079 -4.58397e-6 0.5945925 0.8040273 -6.14272e-5 0.5727117 0.8197569 -5.51799e-5 0.4627369 0.8864958 -1.72937e-5 0.434702 0.9005743 -1.55913e-5 0.3758322 0.9266878 -3.256e-5 0.2855259 0.9583711 -3.30182e-5 0.2855368 0.9583678 -1.38493e-5 1 4.29079e-5 6.57281e-6 1 1.78963e-5 3.49154e-6 0.9893058 0.1458569 1.79466e-6 0.9872159 0.1593884 2.01305e-6 0.9574637 0.288554 -1.75483e-5 0.9492055 0.314657 -4.83915e-6 0.9051305 0.4251338 -2.11787e-5 0.9038524 0.4278445 -1.09537e-6 0.8461221 0.5329892 2.27941e-7 0.8334437 0.5526044 3.0159e-5 0.7978936 0.6027985 -1.0509e-5 0.7439536 0.6682313 1.26306e-5 0.7439161 0.668273 -1.28761e-5 -0.9848072 -0.1736514 0 -1 -2.35662e-5 0 -1 -2.35289e-5 0 -0.9396939 -0.3420168 0 -0.984808 -0.1736467 0 -0.9396932 -0.3420186 0 -0.8660252 -0.5000005 0 -0.8660266 -0.4999978 0 -0.7660444 -0.6427878 0 -0.7660434 -0.6427889 0 -0.6427871 -0.7660449 0 -0.6427871 -0.766045 0 -0.5000022 -0.8660242 0 -0.3420221 -0.939692 0 -0.5000022 -0.8660243 0 -0.3420206 -0.9396924 0 -0.1736439 -0.9848085 0 -0.1736438 -0.9848086 0 -7.42757e-7 -1 0 7.42757e-7 -1 0 0.1736439 -0.9848085 0 0.3420219 -0.939692 0 0.1736445 -0.9848084 0 0.3420203 -0.9396926 0 0.5000007 -0.8660252 0 0.5000028 -0.8660238 0 0.6427879 -0.7660442 0 0.6427878 -0.7660444 0 0.7660446 -0.6427876 0 0.7660444 -0.6427878 0 0.8660255 -0.4999998 0 0.8660262 -0.4999986 0 0.9396926 -0.3420206 0 0.9396938 -0.3420169 0 0.9848076 -0.1736497 0 0.9848078 -0.1736483 0 1 -1.87159e-5 0 1 -2.35289e-5 0 -0.9848073 -0.1736511 0 -1 -2.2985e-5 0 -1 -2.29478e-5 0 -0.9848081 -0.1736465 0 -0.7660458 -0.642786 0 -0.7660449 -0.6427871 0 -0.6427873 -0.7660447 0 -0.6427863 -0.7660456 0 -0.5000031 -0.8660237 0 -0.5000018 -0.8660245 0 -0.3420212 -0.9396923 0 -0.3420212 -0.9396923 0 -0.1736447 -0.9848084 0 -0.1736432 -0.9848086 0 0 -1 0 0.173644 -0.9848085 0 0.1736446 -0.9848084 0 0.34202 -0.9396927 0 0.3420218 -0.9396921 0 0.5000015 -0.8660246 0 0.6427869 -0.7660451 0 0.5000024 -0.8660241 0 0.6427882 -0.766044 0 0.7660465 -0.6427852 0 0.8660259 -0.4999992 0 0.7660455 -0.6427866 0 0.866026 -0.4999992 0 0.9848076 -0.1736494 0 0.9848078 -0.173648 0 1 -1.81571e-5 0 1 -2.29478e-5 0 -1 0 0 -1 1.66605e-7 0 -0.9848081 -0.1736463 0 -1 -7.1153e-5 0 -1 -1.35824e-5 0 -0.9396923 -0.3420209 0 -0.9848073 -0.1736512 0 -0.9396919 -0.3420224 0 -0.8660252 -0.5000006 0 -0.8660224 -0.5000054 0 -0.7660466 -0.6427851 0 -0.7660431 -0.6427893 0 -0.6427904 -0.7660421 0 -0.6427893 -0.766043 0 -0.5000028 -0.8660238 0 -0.4999997 -0.8660256 0 -0.3420189 -0.939693 0 -0.3420182 -0.9396934 0 -0.1736464 -0.9848081 0 -0.1736437 -0.9848086 0 -7.61802e-7 -1 0 3.33288e-7 -1 0 0.173645 -0.9848084 0 0.1736447 -0.9848084 0 0.3420195 -0.9396929 0 0.3420177 -0.9396935 0 0.5000041 -0.8660231 0 0.500001 -0.8660249 0 0.6427915 -0.7660412 0 0.6427878 -0.7660444 0 0.7660456 -0.6427862 0 0.7660418 -0.6427909 0 0.8660266 -0.4999979 0 0.8660231 -0.5000041 0 0.9396935 -0.3420181 0 0.9396907 -0.3420255 0 0.984808 -0.1736471 0 0.9848065 -0.1736552 0 1 -6.18324e-5 0 -0.984808 -0.173647 0 -1 -7.17118e-5 0 -1 -1.41487e-5 0 -0.9396922 -0.3420214 0 -0.9848071 -0.1736519 0 -0.9396917 -0.3420228 0 -0.7660481 -0.6427833 0 -0.7660445 -0.6427875 0 -0.6427896 -0.7660428 0 -0.6427896 -0.7660428 0 -0.5000005 -0.8660251 0 -0.3420237 -0.9396914 0 -0.5000024 -0.8660241 0 -0.3420191 -0.939693 0 -0.1736456 -0.9848082 0 -0.1736444 -0.9848085 0 -4.2851e-7 -1 0 0.1736444 -0.9848085 0 0.1736453 -0.9848083 0 0.3420211 -0.9396923 0 0.5000024 -0.866024 0 0.3420218 -0.939692 0 0.5000031 -0.8660237 0 0.6427912 -0.7660415 0 0.6427875 -0.7660447 0 0.7660471 -0.6427845 0 0.7660433 -0.642789 0 0.9396932 -0.3420186 0 0.9396906 -0.3420259 0 0.9848079 -0.1736477 0 0.9848065 -0.1736558 0 1 -6.23986e-5 0 1 -2.40952e-5 0 0.6219152 0.7830846 2.13794e-5 0.74391 0.6682798 -4.01961e-6 0.7439242 0.6682641 4.10213e-6 0.6184871 0.7857951 3.59453e-5 0.4823855 0.8759592 -7.44313e-5 0.4747593 0.8801158 2.25157e-5 0.3293243 0.9442169 -4.84288e-5 0.317012 0.9484215 2.22176e-5 0.1670178 0.9859539 -4.75347e-5 0.149861 0.9887071 3.67463e-5 1.10557e-5 1 -6.634e-5 -0.02167928 0.999765 2.48849e-5 -0.1736431 0.9848087 -6.85453e-7 -0.1925988 0.9812777 6.60718e-5 -0.3420151 0.9396945 -4.70579e-5 -0.3578189 0.9337911 7.59959e-5 -0.5 0.8660254 -2.26945e-5 -0.5124563 0.8587134 6.13928e-5 -0.6427915 0.7660412 -1.95354e-5 -0.6519667 0.7582476 4.26918e-5 -0.7660461 0.6427856 -6.86645e-5 -0.7721996 0.6353802 1.55717e-5 -0.866029 0.4999938 7.58469e-6 -0.8696137 0.4937329 4.77582e-5 -0.939695 0.3420138 -5.3905e-6 -0.9413322 0.3374817 1.46031e-5 -0.9848047 0.173666 -1.93734e-5 -0.9852212 0.1712868 -1.1323e-5 -1 1.2536e-6 1.78251e-5 -1 0 0 -0.9852276 -0.1712501 2.22865e-5 -0.984804 -0.1736701 -1.30814e-5 -0.94133 -0.3374876 1.90511e-5 -0.9396929 -0.3420194 -7.97212e-7 -0.8696188 -0.4937238 3.73721e-5 -0.8660185 -0.500012 -5.07459e-5 -0.7721984 -0.6353815 3.44366e-5 -0.7660573 -0.6427724 6.09457e-6 -0.6519759 -0.7582398 7.66963e-5 -0.6427883 -0.7660439 6.12438e-6 -0.5124742 -0.8587027 8.32081e-5 -0.5000018 -0.8660244 4.26173e-6 -0.3578067 -0.9337957 3.85046e-5 -0.34201 -0.9396963 -9.49204e-5 -0.1925855 -0.9812803 4.3273e-5 -0.1736396 -0.9848093 -4.81904e-5 -0.02170181 -0.9997646 -2.42889e-5 1.04718e-5 -1 -1.74224e-4 0.1498824 -0.9887039 1.4089e-4 0.1609733 -0.9869588 -9.58145e-6 0.3169839 -0.948431 1.42753e-5 0.3231706 -0.9463408 -7.274e-5 0.4747493 -0.8801211 5.51939e-5 0.4786362 -0.8780134 2.48402e-5 0.6184933 -0.7857902 1.50381e-5 0.6197221 -0.7848213 8.06688e-6 0.6831675 -0.7302617 3.37958e-5 0.7439462 -0.6682395 -5.12282e-5 0.7439413 -0.668245 -5.94754e-5 1 3.95775e-5 2.43261e-6 0.9863742 0.1645178 1.09276e-4 1 2.22549e-5 0 0.9753152 0.2208173 8.54954e-7 0.9458085 0.3247249 1.82036e-4 0.8923457 0.4513525 1.32993e-6 0.8794389 0.4760121 3.79971e-5 0.7824191 0.6227523 5.4948e-6 0.6772935 0.735713 9.80032e-5 0.7891717 0.6141727 -2.90791e-6 0.6607988 0.7505631 5.90458e-7 0.5469826 0.837144 1.97491e-4 0.4961466 0.8682389 -1.13621e-6 0.4016855 0.9157778 -6.06713e-5 0.4176934 0.9085881 -1.91946e-6 0.3069536 0.9517245 -1.05146e-6 0.2454879 0.9693997 2.70538e-4 0.2202906 0.9754344 5.23403e-7 0.1488928 0.9888534 9.64385e-7 0.08258759 0.9965838 2.79184e-4 0.07310032 0.9973247 3.04397e-7 8.90977e-6 1 0 -0.0825842 0.9965841 2.84281e-4 -0.04867672 0.9988147 -1.41488e-6 -0.0958895 0.9953921 7.81613e-7 -0.1692997 0.9855647 5.08502e-7 -0.2454932 0.9693984 2.72295e-4 -0.2499918 0.968248 -1.16602e-6 -0.3454146 0.9384503 -1.32434e-6 -0.4016923 0.9157748 -6.14095e-5 -0.4629185 0.8864009 -1.1418e-6 -0.5469446 0.8371689 2.70384e-4 -0.6128963 0.7901635 4.33438e-6 -0.6772621 0.7357419 -2.18351e-4 -0.7577342 0.6525633 7.14511e-6 -0.8793863 0.4761089 -1.36801e-4 -0.7890876 0.6142808 3.65307e-5 -0.9356481 0.3529346 1.61305e-6 -0.9863516 0.1646528 -1.1267e-4 -0.9458537 0.3245934 -2.67712e-5 -1 6.82026e-5 -7.28318e-6 -1 2.22325e-5 0 1 0 0 -1 -5.8502e-5 5.27129e-6 -0.9848018 -0.1736823 -5.60334e-5 -1 -6.67572e-6 0 -0.9396995 -0.3420015 -6.18087e-5 -0.8351281 -0.5500556 -8.31857e-6 -0.642783 -0.7660484 -4.35833e-5 -0.7658425 -0.6430281 -3.30287e-4 -0.8661091 -0.4998551 -8.34899e-5 -0.3537988 -0.9353216 8.86619e-7 -0.3420435 -0.9396842 7.95442e-5 -0.4999946 -0.8660286 2.94572e-6 -0.2108592 -0.9775165 6.71484e-7 -0.1736646 -0.9848049 1.36925e-4 -0.1458055 -0.9893133 -6.29108e-7 -0.09499418 -0.9954779 2.0978e-7 2.49501e-6 -1 1.57371e-4 -0.06060332 -0.9981619 2.28407e-7 2.77299e-6 -1 -1.46611e-7 0.00218445 -0.9999976 5.49946e-7 0.06800937 -0.9976847 -5.88596e-7 0.1736494 -0.9848076 1.5508e-4 0.1211319 -0.9926364 -1.34855e-6 0.1476968 -0.9890328 -6.64033e-7 0.1777708 -0.984072 3.47849e-7 0.2279253 -0.9736786 5.81145e-7 0.2792318 -0.9602237 1.21072e-7 0.3421096 -0.9396601 1.17604e-5 0.5251717 -0.8509964 -2.57045e-7 0.7660129 -0.6428252 -1.8808e-4 0.6427351 -0.7660886 7.51303e-5 0.4999313 -0.866065 -1.6034e-5 0.9027761 -0.4301108 -5.3905e-6 0.9847728 -0.1738467 -3.34916e-4 0.9397021 -0.3419944 -1.38465e-5 0.8659127 -0.5001953 -1.56454e-4 1 -4.7937e-5 6.18852e-6 1 -6.67572e-6 0 -1 -5.98282e-5 -1.02669e-5 -0.9848099 -0.1736363 1.53065e-5 -1 -6.69062e-6 0 -0.9419277 -0.335816 5.60656e-6 -0.8660445 -0.499967 9.09386e-6 -0.9396829 -0.3420469 5.51482e-6 -0.7733384 -0.6339936 -1.54227e-6 -0.7660119 -0.6428264 -1.60687e-5 -0.6316733 -0.7752347 -2.99513e-6 -0.5000076 -0.866021 1.02891e-4 -0.6428309 -0.7660083 -6.58257e-6 -0.4816425 -0.8763678 -7.48783e-7 -0.361487 -0.9323771 -1.78069e-6 -0.3420715 -0.9396739 2.01035e-4 -0.273532 -0.9618629 8.01869e-7 -0.1736484 -0.9848078 -5.58574e-5 -0.1907055 -0.9816473 5.06639e-7 -0.1245573 -0.9922125 3.21772e-7 -0.06330704 -0.9979941 -4.95696e-7 -1.14474e-6 -1 -6.13805e-5 1.51528e-4 -1 -1.64928e-7 0.002358317 -0.9999973 -4.96162e-7 0.0654841 -0.9978536 1.12905e-6 0.1736471 -0.984808 2.74417e-4 0.1265344 -0.9919623 3.86033e-7 0.1925011 -0.9812968 0 0.2751438 -0.9614031 -1.94646e-7 0.3420686 -0.939675 2.03547e-4 0.3628038 -0.9318656 -2.21468e-6 0.4999635 -0.8660465 -3.61332e-4 0.482613 -0.8758338 -5.17815e-7 0.63231 -0.7747156 8.75443e-7 0.7660126 -0.6428256 -1.15427e-5 0.6428283 -0.7660104 -5.8369e-6 0.7736948 -0.6335586 2.16067e-7 0.8660415 -0.4999722 9.81715e-6 0.9420149 -0.3355712 1.72108e-6 0.9848114 -0.1736277 1.5853e-5 0.9396829 -0.3420472 5.26029e-6 1 -3.5584e-5 1.16918e-5 1 -6.69062e-6 0 -0.7565399 0.6524896 0.04364532 -0.6222673 0.7828038 0.001350998 -0.522069 0.8529022 0.001348972 -0.7586821 0.6500268 0.04320704 -0.7607538 0.6476199 0.04292237 -0.7622396 0.6458826 0.04273676 -0.718507 0.6955185 0.001354992 -0.7651399 0.6424514 0.04262912 -0.8069043 0.5906807 0.001354575 -0.7503725 0.6594465 0.04551422 -0.4212096 0.9069624 0.001351952 -0.7673461 0.6398136 0.04264813 -0.7687342 0.6381364 0.04277718 -0.8831544 0.4690805 0.001356244 -0.7700796 0.6365024 0.04292285 -0.7722457 0.6338486 0.04327398 -0.9430071 0.3327703 0.001340746 -1.60187e-5 0.9734372 0.2289542 -0.009129822 0.9373291 0.3483262 -0.006000816 0.9372519 0.3486015 -0.003103494 0.9372005 0.3487775 -2.21431e-4 0.9371885 0.3488234 -2.51918e-4 0.9372016 0.348788 -0.6186391 0.7075027 0.3416513 -0.05110722 0.9596791 0.276413 -0.04679334 0.9498255 0.3092606 -0.03757482 0.9425022 0.3320811 -0.7649638 -0.6426609 0.04263186 -0.7237091 -0.690104 0.001330673 -0.8305079 -0.5570054 0.00134027 -0.7677848 -0.6392841 0.04268956 -0.7623501 -0.6457541 0.04270875 -0.604574 -0.7965479 0.001356303 -0.7609094 -0.64744 0.04287725 -0.7589449 -0.6497237 0.04314994 -0.756044 -0.6530566 0.04375505 -0.4664505 -0.8845463 0.00134176 -0.7517038 -0.6579616 0.04503446 -0.1736713 0.9848033 9.87597e-4 -1.61678e-5 0.9956073 0.09362721 -2.20971e-6 0.9999997 9.59635e-4 -0.6427784 0.7660516 9.95271e-4 -0.664577 0.7442615 0.06642442 -0.4999918 0.8660297 0.001010358 -0.7304525 0.6797293 0.06638729 -0.7660444 0.6427869 9.77615e-4 -0.7921934 0.6066444 0.06642431 -0.8660237 0.5000022 9.56681e-4 -0.8483575 0.5252413 0.06641823 -0.9396973 0.342006 0.001009583 -0.003892481 -0.9932015 0.1163431 -6.18208e-6 -0.9999992 0.001354515 -0.1570152 -0.9875953 0.001343071 -5.93396e-5 -0.9932481 0.11601 0.001062929 -0.9932488 0.1159989 -0.04939371 -0.9477694 0.3151088 -0.6421135 -0.7261026 0.2458972 -0.6186295 -0.7075001 0.3416743 -0.04735463 -0.9421485 0.3318343 -0.04261308 -0.9378713 0.3443568 -0.8660277 -0.4999952 9.82151e-4 -0.8019837 -0.5936431 0.06640893 -0.8483678 -0.5252228 0.06643068 -0.939692 -0.3420204 9.80392e-4 -0.7660418 -0.64279 9.80806e-4 -0.6645677 -0.7442702 0.06642138 -0.7515638 -0.6563073 0.06642681 -0.6427842 -0.7660467 9.76272e-4 -0.4999972 -0.8660265 0.00100106 -1.0848e-5 -0.9689874 0.2471104 -3.56836e-6 -0.9373725 0.3483287 -0.003389596 -0.9373358 0.348411 -0.00692749 -0.9372366 0.3486254 -0.01023375 -0.9370549 0.349032 -0.01429069 -0.9367827 0.3496198 -3.73125e-5 -0.9999996 9.72583e-4 -2.81632e-5 -0.9948621 0.1012402 -0.173659 -0.9848054 9.78339e-4 -0.3533042 0.9303383 0.0982185 -4.36138e-5 0.9871268 0.1599399 -0.004040539 0.9870591 0.1603059 -0.006358563 0.9869742 0.1607528 -0.009272754 0.9868107 0.1616129 -0.01296073 0.9865044 0.1632213 -0.7358044 0.6750721 0.05356866 -0.322187 0.9466751 0.001374602 -0.2268863 0.9739204 0.001362979 -0.1083724 0.9941095 0.001361727 -2.16067e-7 0.9999992 0.001348555 -0.3556397 0.9293841 0.09882134 -0.6820091 0.7199397 0.1286488 -0.3279792 0.9334422 0.145312 -0.01903688 0.9857358 0.1672203 -0.02649027 0.9842667 0.1746923 -0.0334258 0.9821746 0.1849753 -0.331681 0.9318426 0.1471637 -0.3361377 0.9296888 0.1506326 -0.3402286 0.9274235 0.1553393 -0.04759925 0.9728361 0.2265485 -0.6460073 0.7272012 0.2320626 -0.9995334 0.01598584 0.02603304 -0.7746706 0.6308429 0.04385221 -0.7789837 0.62541 0.04524064 -0.7841037 0.6187987 0.04764205 -0.9615541 -0.2746124 0.00135219 -0.9922919 -0.1239152 0.001340448 -0.9995105 0.03125846 0.001383662 -0.9826874 0.1852664 0.001365184 -0.9986788 0.008340358 0.0507068 -0.9693245 0.2238563 0.1014811 -0.8300794 0.5372217 0.1495367 -0.9955703 0.046364 0.08179348 -0.9786779 -0.1924918 0.07166934 -0.8274185 -0.5466598 0.1286151 -0.7929618 -0.6068836 0.0538876 -0.2980899 0.9129604 0.2786499 -0.03039538 0.9398667 0.3401866 -0.02305698 0.9384123 0.3447474 -0.01728469 0.937784 0.3467888 -0.01308429 0.9374982 0.3477443 -0.6525472 0.7336702 0.1895002 -0.6273896 0.7102911 0.3191694 -0.990304 -0.005099833 0.1388244 -0.9595971 0.1899895 0.2075508 -0.826465 0.5061004 0.2466132 -0.3047585 0.9291655 0.2092219 -0.3420214 0.9396917 9.59456e-4 -0.9819492 0.01201933 0.1887627 -0.9678593 -0.1878013 0.1672702 -0.8283327 -0.5099621 0.2319563 -0.9709543 -0.001247584 0.2392621 -0.9315887 0.1766248 0.3177204 -0.8041711 0.4864042 0.3416431 -0.9533217 0.002817451 0.3019433 -0.943456 -0.1778216 0.2797683 -0.8041591 -0.4864135 0.3416577 -0.9398341 1.06704e-5 0.3416313 -0.9262233 0.1744076 0.3342042 -0.8226732 0.5053969 0.260352 -0.936766 -0.002539515 0.3499472 -0.362357 -0.928803 0.077605 -0.7472897 -0.6628463 0.04682761 -0.01591694 -0.9925806 0.1205427 -0.01300799 -0.9928056 0.119029 -0.01017969 -0.9929863 0.1177906 -0.008463323 -0.993067 0.1172451 -0.00692749 -0.9931231 0.1168701 -0.3149439 -0.9491094 0.001376092 -0.3642177 -0.9280262 0.07818543 -0.673576 -0.7240378 0.1485417 -0.9198505 -0.1742494 0.3514429 -0.8084514 -0.4945622 0.3190841 -0.9563014 9.28512e-4 0.2923817 -0.962395 0.1832015 0.2005825 -0.8410203 0.5192329 0.1519281 -0.3269314 -0.9354892 0.1340747 -0.04937404 -0.9820942 0.181806 -0.02966904 -0.9906747 0.1329795 -0.3351483 -0.931612 0.1406222 -0.05280417 -0.9713004 0.2319211 -0.9742674 -8.2257e-4 0.2253942 -0.9485272 -0.1802394 0.2604033 -0.8358472 -0.5152447 0.1894265 -0.9853633 3.59997e-4 0.1704676 -0.9949045 2.56094e-4 0.1008223 -0.9848074 0.1736477 9.83119e-4 -0.9999996 -1.66794e-7 9.97283e-4 -0.9848069 -0.1736505 9.97067e-4 -0.3008881 -0.9192765 0.2537663 -0.6405789 -0.7224189 0.260326 -0.01946347 -0.9363756 0.3504596 -0.02317124 -0.9360849 0.3510102 -0.03101682 -0.9357027 0.3514236 -0.03696227 -0.9361075 0.3497667 -0.3056693 -0.9310609 0.1992289 -0.6573568 -0.7381086 0.151914 -0.3094441 -0.9425663 0.125751 -0.3420243 -0.9396907 0.001000642 -0.9407566 -0.3373475 0.03425914 -0.7702363 -0.6363108 0.04294872 -0.909408 -0.415903 0.001335263 -0.7801075 -0.6239753 0.04568547 -0.7746051 -0.6309272 0.0437954 -0.7722076 -0.6338936 0.04329448 -0.64078 -0.766765 0.03837317 -0.7929164 -0.6069456 0.05385911 -0.8273671 -0.5467365 0.1286189 -0.5506831 -0.8347145 4.74229e-6 -0.7071665 -0.7065852 0.02555531 -0.649497 -0.7603643 6.96452e-5 -0.7800768 -0.6240155 0.04565989 -0.7301321 -0.68292 0.02297097 -0.6895219 -0.724265 -8.13138e-6 -0.7744578 -0.631112 0.04373598 -0.7475262 -0.6638737 0.02182275 -0.7262501 -0.6874306 1.13003e-4 -0.7406417 -0.6719002 4.18428e-4 -0.7719383 -0.634244 0.04296267 -0.7698659 -0.6367956 0.04240268 -0.7624498 -0.6466943 0.02137535 -0.7514562 -0.6597831 -3.43551e-5 -0.7688926 -0.639378 -3.68644e-4 -0.7816883 -0.6236694 3.54201e-5 -0.7676001 -0.6395354 0.04224437 -0.7649384 -0.6426901 0.04264885 -0.7623851 -0.6457223 0.042566 -0.7796673 -0.625822 0.02158516 -0.7915018 -0.6111668 -2.9383e-5 -0.7993757 -0.6008315 5.99204e-5 -0.8161873 -0.5777875 -1.05828e-4 -0.7473345 -0.662798 0.04679793 -0.7611322 -0.6471984 0.04256838 -0.7590514 -0.6496081 0.04301667 -0.7559892 -0.6531155 0.04382663 -0.7517045 -0.6579604 0.04504197 -0.8250355 -0.5644503 0.0266934 -0.9644137 -0.2643981 2.92435e-6 -0.9090662 -0.4121559 0.06104314 -1 -3.20375e-5 1.82576e-5 -0.6736342 -0.7239844 0.1485387 -0.9600608 -0.2505248 0.1245825 -0.9285579 0.3711877 2.42256e-5 -0.642149 -0.7260579 0.2459364 -0.5828037 -0.7689635 0.2627452 -0.8282969 -0.5100122 0.2319739 -0.8041254 -0.4864489 0.341687 0.06876766 -0.9921857 0.1041091 0.5989396 -0.8007943 2.15322e-6 0.002031028 -0.999998 3.30713e-5 -0.3843826 -0.912646 0.1390227 -0.4282173 -0.8960014 0.1175222 -0.507266 -0.8578471 0.08233857 -0.4025619 -0.9148724 0.0308665 -0.9257857 -0.3705333 0.07500547 -0.9679085 -0.2039375 0.1468427 -0.8595286 -0.4337298 0.2703501 -0.6186938 -0.7074428 0.3416765 0.1595249 -0.979596 0.1222444 -0.2737479 -0.9416515 0.1958433 -0.4343779 -0.8698877 0.2336907 -0.3813967 -0.8972815 0.2223123 -0.3270733 -0.9213551 0.2100664 -0.5352495 -0.8055713 0.2540924 -0.4856888 -0.83928 0.2443675 -0.2715048 -0.9420535 0.1970292 -0.4762552 -0.85615 0.2004697 -0.8551346 -0.4593955 0.2402095 -0.9748565 -0.09073567 0.2035236 -0.9646003 -0.1500377 0.2168757 -0.8874573 -0.3795 0.2615328 -0.9120179 -0.3237726 0.2517831 -0.9331122 -0.2668173 0.2410609 -0.9506624 -0.2088486 0.2293973 -0.9335578 0.3362383 0.1241525 -0.6846243 0.7288962 5.10737e-5 -0.3974628 -0.8714759 0.2873207 -0.7236196 -0.5990552 0.3427937 -0.6291957 -0.7002599 0.3372667 -0.5227474 -0.787977 0.3253114 -0.4062145 -0.8606096 0.3071498 -0.3378598 -0.9000328 0.2753032 0.09757775 -0.9851472 0.1412927 -0.2766505 -0.9244878 0.2622726 -0.271724 -0.9372246 0.2185779 -0.9922044 -0.02276456 0.1225249 -0.9700206 -0.0952323 0.2235864 -0.9504157 0.2759137 0.1434633 -0.9273619 -0.2376092 0.2890363 -0.9180687 -0.2506209 0.3071471 -0.8667726 -0.3779686 0.3253387 -0.7988617 -0.4980395 0.337308 -0.715601 -0.608613 0.3427907 -0.9450219 -0.1736636 0.2770822 -0.9584064 -0.1088649 0.2638289 0.1101222 -0.9791505 0.170697 -0.2819639 -0.9166884 0.2831586 -0.1522521 -0.9552444 0.2536284 -0.019643 -0.9754903 0.2191645 0.1133515 -0.9770008 0.1806127 0.1749731 -0.9730265 0.1503459 0.2441689 -0.959779 0.1385855 0.3703011 -0.9241527 0.09390968 0.4893289 -0.8708109 0.04738801 -0.8894591 -0.4104048 0.2010736 -0.9444139 0.2806448 0.1712339 -0.9424769 0.2812771 0.1806116 -0.9640746 0.1500653 0.219182 -0.9671685 0.01595062 0.2536355 -0.9517428 -0.118497 0.2830977 -0.9269465 0.3435273 0.1508624 -0.7726117 0.6331019 0.04746836 -0.8457848 0.5251943 0.09391117 -0.9028003 0.4071145 0.1385986 -0.6158342 -0.7789797 0.1180636 -0.835812 -0.5153023 0.1894257 -0.8483385 -0.525272 0.0664184 -0.5340456 -0.7999643 0.2735917 -0.8085174 -0.4944514 0.3190882 -0.5475956 -0.8102187 0.2090091 -0.1672336 -0.9683717 0.1851733 0.2394254 -0.963846 0.1169456 0.5989614 -0.800778 -3.41982e-6 0.5989878 -0.8007582 2.1562e-5 0.2334915 -0.9682877 0.08888638 0.2458655 -0.9588735 0.1418163 0.5989731 -0.8007692 -1.95652e-5 -0.1494795 -0.9865306 0.06643277 -0.5602899 -0.8201768 0.1156957 -0.5022729 -0.8573234 0.1127769 -0.08075475 -0.9948133 0.06184852 -0.01216095 -0.9983017 0.05697351 0.05682891 -0.9970409 0.05176872 0.09035152 -0.9952829 0.03533595 0.2262837 -0.973683 0.02715134 0.3583793 -0.9333938 0.01844805 0.4831632 -0.8754805 0.009334266 0.5989322 -0.8007998 -1.61305e-6 0.06007099 -0.9945005 0.08579319 -0.5524437 -0.8138682 0.1800681 0.2314235 -0.9698345 0.07657837 -0.1753998 -0.9744635 0.1401988 -0.1715947 -0.9716346 0.1627316 -0.160969 -0.9635813 0.2135422 -0.1549713 -0.9590456 0.2370985 -0.5263954 -0.7940594 0.3039369 0.242653 -0.9613963 0.1297562 -0.3743734 -0.8775717 0.299521 -0.8041315 -0.4864688 0.3416442 0.1811073 -0.9697346 0.1637527 -0.372661 -0.8749468 0.3091797 -0.7236295 -0.5990762 0.3427361 -0.6292148 -0.7002465 0.337259 -0.5227167 -0.7879835 0.325345 -0.4062358 -0.8606106 0.3071188 -0.2819506 -0.916725 0.2830535 -0.3105726 -0.9030321 0.296779 -0.2470275 -0.926766 0.282988 -0.1823184 -0.9460365 0.2679084 -0.5493054 -0.8322681 0.07478863 -0.7675392 -0.6375328 0.06660002 -0.67234 -0.7373378 0.06551176 -0.5637649 -0.8235116 0.0632286 -0.4903373 -0.868489 0.0727759 -0.4452486 -0.8934156 0.05968463 -0.3176718 -0.9466004 0.05506598 -0.1841045 -0.9816634 0.04942321 -0.04746645 -0.9979552 0.04280632 -0.2969475 -0.9482651 0.1123186 -0.4518603 -0.8784779 0.1552384 0.1294865 -0.9769178 0.1698969 0.1638076 -0.9721208 0.1677746 -0.1522793 -0.9552692 0.2535187 -0.01964557 -0.9754877 0.2191751 0.1133465 -0.9769993 0.180624 0.2442283 -0.9597572 0.1386314 0.2289219 -0.9624039 0.1461967 0.3703081 -0.9241478 0.09392976 0.4893279 -0.8708131 0.04735755 -0.117206 -0.9850942 0.1259053 -0.2111654 -0.9438054 0.2542454 6.20232e-6 0 1 -4.61328e-6 0 1 -4.84753e-6 0 1 1.05258e-5 0 1 3.23228e-7 0 1 -1.77462e-7 0 1 -6.34653e-7 0 1 -7.53439e-7 0 1 -1.99645e-7 0 1 -4.09829e-7 0 1 1.37631e-6 0 1 1.59763e-6 0 1 0 0 1 8.19655e-7 0 1 3.99553e-7 0 1 -1.0277e-6 0 1 8.02186e-7 0 1 0 0 1 2.05367e-6 0 1 0 0 1 0 0 1 -8.05018e-7 0 1 -2.55791e-7 0 1 -4.00598e-7 0 1 -5.11865e-7 0 1 -4.00867e-7 0 1 8.02307e-7 0 1 7.62889e-4 0 0.9999997 7.62812e-4 0 0.9999997 7.6285e-4 0 0.9999997 -0.9940862 -0.0071823 0.1083567 -0.9571672 -0.2833071 0.05973452 -0.9089049 -0.4121874 0.06319421 -0.9873833 -0.1484683 0.05505812 -0.9987205 -0.01087796 0.04938906 -0.9910399 0.1265308 0.04277724 -0.9644536 0.2618838 0.03530007 -0.917071 0.394307 0.05918568 -0.6845881 0.7289302 4.10527e-6 -0.6845427 0.7289728 5.26197e-6 -0.9196001 0.3919162 0.02715682 -0.8570041 0.5149806 0.01841491 -0.7782551 0.6278786 0.009356439 -0.907074 0.4036946 0.1193631 -0.1463669 0.9810748 0.1267639 -0.684578 0.7289397 -3.72529e-6 -0.9851326 -0.08396476 0.1498795 -0.9820327 -0.1848167 0.03813952 -0.9640868 0.1500671 0.2191268 -0.9517869 -0.1184858 0.282954 -0.9324287 0.3543449 -0.0708267 -0.9277819 0.2579432 -0.2696037 -0.8458048 0.5251678 0.09387862 -0.942471 0.281272 0.1806501 -0.2204008 0.9745689 0.04048454 -0.7726064 0.6331153 0.04737532 -0.9022764 -0.4071779 0.1417875 -0.7611308 -0.6451689 0.06661224 -0.6645827 -0.7442559 0.0664311 -0.8428704 -0.5341109 0.06553685 -0.6574257 -0.7380464 0.1519178 -0.9169157 0.3944641 0.06052941 -0.8956092 -0.4010272 0.1925138 -0.6406272 -0.7223809 0.2603127 -0.9084649 0.4024499 0.1128089 -0.9757925 0.009931862 0.2184729 -0.8665444 -0.3746481 0.3297572 -0.6186999 -0.7074401 0.3416709 -0.8825274 -0.3887493 0.2646116 -0.9915118 -0.004795134 0.1299287 -0.974334 0.1998264 0.1036468 -0.9694158 0.204417 0.135819 -0.885989 -0.3919812 0.2477388 -0.9811657 0.004904448 0.1931058 -0.9100008 0.4009437 0.1055588 -0.9784769 0.007384061 0.2062244 -0.970055 0.0152139 0.2424085 -0.966144 0.08571863 0.2433478 -0.9653241 0.01864355 0.2603881 -0.9623598 0.1523027 0.2250948 -0.9539455 0.2182968 0.2057536 -0.9006629 -0.4057332 0.1555213 -0.9274511 -0.2988408 0.2247858 -0.8654856 -0.3757249 0.3313087 -0.9180697 -0.250624 0.3071411 -0.866785 -0.3779689 0.325305 -0.7988625 -0.4980566 0.337281 -0.7156363 -0.6085779 0.3427793 0.2448226 0.9597309 0.1377628 0.5989751 0.8007678 7.58842e-6 0.5989813 0.800763 1.75722e-5 0.2362281 0.9662427 0.1028181 0.2356257 0.9666936 0.09992045 -0.1676849 0.9687187 0.182937 -0.1655271 0.9671127 0.1931161 -0.5412568 0.8055033 0.2412581 0.2320542 0.9693613 0.08055955 0.5989614 0.8007779 7.32206e-6 -0.551055 0.8128091 0.1888912 -0.8409754 0.5193062 0.1519259 -0.8226335 0.5054681 0.2603393 -0.5615044 0.8213518 0.1004694 -0.8483384 0.5252681 0.06645011 -0.2141985 0.9368547 0.2764459 -0.1490198 0.9538833 0.260576 -0.2783465 0.9153553 0.290943 -0.3412041 0.8894542 0.3040576 -0.8041349 0.4864601 0.3416486 -0.7236092 0.5991057 0.3427276 -0.3507098 0.8978412 0.2662404 0.2368202 0.9658001 0.1055763 -0.539857 0.8044703 0.2477537 -0.1742901 0.9736172 0.1472839 -0.1791702 0.9773282 0.1128165 0.2293784 0.971378 0.06172841 -0.5573317 0.8175861 0.1446871 0.05866956 0.9957194 0.07142013 0.5989642 0.8007759 2.72542e-5 -0.5032305 0.858582 0.09795933 0.05670583 0.997249 0.0477392 0.4833023 0.8754034 0.009374618 0.3587411 0.9332558 0.01839882 0.2266645 0.9735947 0.02713936 0.09119015 0.9952086 0.03527557 -0.01218146 0.9985449 0.05253356 -0.04672068 0.9979926 0.04275321 -0.08081811 0.9950965 0.0570228 -0.149469 0.986866 0.06127446 -0.1837695 0.9817295 0.04935789 0.2453123 0.959068 0.1414586 0.2441446 0.9597879 0.1385664 0.3703017 0.9241557 0.0938763 0.4893391 0.8708061 0.04737287 0.1402156 0.9798458 0.142274 -0.4902788 0.868779 0.0696417 -0.3169689 0.9468374 0.05504333 -0.4445 0.893788 0.05968952 -0.5633916 0.8237701 0.06319004 -0.5493633 0.8325121 0.07157868 -0.6719775 0.7376683 0.06551194 -0.7674403 0.637651 0.06660789 -0.1510489 0.954638 0.2566135 -0.6292177 0.7002305 0.3372868 -0.5227687 0.7879782 0.3252742 -0.4062476 0.8606002 0.3071321 -0.2819533 0.9167235 0.2830555 -0.1522275 0.9552529 0.2536118 -0.01963788 0.9754832 0.2191958 0.1133663 0.9770156 0.180523 -0.213025 0.9537956 0.2118824 -0.5594516 0.7883266 0.2560374 -0.3843759 0.9126481 0.1390273 -0.8264242 0.5061595 0.2466287 -0.8300412 0.537282 0.1495315 -0.08257728 0.9965847 1.15819e-5 0.2530319 0.967458 2.96608e-5 -0.6407666 0.7667772 0.03835242 -0.7840523 0.6188663 0.04761052 -0.6756239 0.7372465 1.06683e-5 -0.7071632 0.7065872 0.02559036 -0.7301572 0.6828918 0.02300745 -0.778995 0.6253986 0.04520332 -0.7008299 0.7133285 1.67491e-5 -0.7475354 0.6638647 0.02178865 -0.7719982 0.6341689 0.04299676 -0.7698208 0.636852 0.04237443 -0.7744424 0.6311287 0.04376673 -0.7405071 0.6720484 3.76158e-4 -0.7254135 0.6883134 5.6833e-5 -0.7624345 0.6467138 0.02132821 -0.7651093 0.642485 0.04267418 -0.7623468 0.645773 0.04248392 -0.7672669 0.6399254 0.04239356 -0.7683527 0.638635 0.04218691 -0.7800976 0.6256579 -5.1178e-5 -0.762459 0.6470364 -3.00134e-4 -0.7492477 0.66229 1.26163e-4 -0.7796617 0.6258293 0.02157634 -0.7564902 0.6525484 0.04362696 -0.7504391 0.6593719 0.0454998 -0.758881 0.6498104 0.04296612 -0.7609158 0.6474587 0.04248058 -0.8184648 0.5745568 -7.9086e-5 -0.8015007 0.597994 9.57744e-5 -0.7902109 0.6128352 2.09891e-4 -0.8250178 0.5644745 0.0267266 -0.7358676 0.6750054 0.05354118 -0.9178211 0.3969944 1.2394e-5 -0.9090639 0.41216 0.06104934 -0.6820678 0.7198817 0.1286622 -1 4.67598e-5 1.90288e-5 -0.9600616 0.2505224 0.1245805 -0.6460509 0.7271617 0.2320649 -0.9285573 -0.3711891 2.01017e-5 -0.3702145 0.9000849 0.2297574 -0.3146947 0.9240018 0.2172282 -0.4242914 0.8727484 0.2414268 -0.4767707 0.8420795 0.2521744 -0.5274428 0.8081947 0.261965 -0.5760714 0.7712562 0.2707505 -0.8041045 0.4864885 0.3416798 -0.3560484 0.9217926 0.1533879 -0.5064926 0.8582792 0.08259671 -0.9192162 0.3876457 0.06908357 -0.9662889 0.2151729 0.1413741 -0.8584821 0.4404043 0.2627791 -0.6187252 0.7074119 0.3416835 0.138424 0.9812705 0.1339668 0.5989773 0.8007661 4.12911e-5 0.07585167 0.9853122 0.1529918 0.01291978 0.9851124 0.1714253 -0.8533049 0.4684213 0.2290247 -0.9641721 0.1619866 0.2100771 -0.9748936 0.1037302 0.1970342 -0.9498875 0.2197058 0.2223584 -0.9320964 0.2766608 0.2337846 -0.9108927 0.3325311 0.2443309 -0.8863109 0.3872018 0.254023 -0.9369834 -0.3272796 0.1222712 -0.68458 -0.7289378 2.37413e-5 -0.3197392 0.9070436 0.2739323 -0.3801254 0.879535 0.2862217 -0.4387 0.848064 0.2972033 -0.7236015 0.5990847 0.3427805 -0.6291942 0.700257 0.3372756 -0.5226964 0.7880068 0.3253212 -0.992315 0.03374499 0.1190478 -0.9701731 0.1048068 0.2185859 -0.9531961 -0.267292 0.1413232 -0.9584975 0.111887 0.2622288 -0.9449933 0.1763931 0.2754513 -0.9272395 0.2400974 0.2873676 -0.7156196 0.6085911 0.3427907 -0.7988473 0.4980643 0.3373054 -0.8667756 0.377953 0.3253484 -0.9180662 0.250626 0.3071503 0.1531814 0.9753863 0.1586095 0.2441813 0.959775 0.1385909 0.1133621 0.9769989 0.1806163 0.3702949 0.9241576 0.0938853 0.4893802 0.870779 0.0474435 0.08797532 0.9799618 0.1787046 0.02234303 0.979965 0.197913 -0.4062764 0.8605932 0.3071138 -0.2819489 0.9167061 0.2831163 -0.1522492 0.9552549 0.2535908 -0.01962059 0.9754849 0.2191902 -0.8871076 0.4199178 0.1915968 -0.9278364 -0.3413348 0.1503669 -0.9424679 -0.2813023 0.1806192 -0.902787 -0.4071474 0.138588 -0.8457955 -0.5251724 0.0939362 -0.7725722 -0.6331534 0.04742395 -0.9451421 -0.2785162 0.1706902 -0.9517386 0.118498 0.2831113 -0.9671792 -0.01596206 0.2535934 -0.9640675 -0.1500529 0.2192215 -0.9170357 -0.3943467 0.05946677 -0.6846024 -0.7289167 3.04896e-5 -0.6845949 -0.7289238 -1.61678e-6 -0.9015839 -0.4087174 0.1417624 -0.6845914 -0.7289271 1.05798e-5 -0.6845996 -0.7289194 -1.19135e-5 -0.9115526 -0.3994981 0.09733074 -0.9060294 -0.4046902 0.1238408 -0.9768133 -0.008978366 0.2139049 -0.8895606 0.3953343 0.2288946 -0.6273302 0.7103362 0.3191855 -0.6526113 0.7336149 0.1894933 -0.8768129 0.383514 0.2900277 -0.9160397 -0.3953158 0.0678007 -0.994032 0.007129728 0.108856 -0.9063894 0.4108529 0.09827786 -0.6646049 0.7442356 0.06643563 -0.7611379 0.6451603 0.06661331 -0.9001727 0.405245 0.1595801 -0.9633333 0.01521962 0.2678756 -0.9235244 -0.3468579 0.1636839 -0.9555692 0.08228677 0.2830486 -0.9432464 0.1490401 0.2967717 -0.9263786 0.215052 0.309153 -0.7156295 0.6086202 0.3427185 -0.6187087 0.7074501 0.3416343 -0.7988819 0.4980446 0.3372525 -0.8667772 0.3779852 0.325307 -0.9180786 0.2506163 0.3071208 -0.9517682 0.1184506 0.2830317 -0.9292471 0.2162688 0.2995456 -0.9046195 -0.4060024 0.1297137 -0.9713848 -0.01397866 0.2370995 -0.8734064 0.3804554 0.3039985 -0.9739999 -0.01149696 0.2262567 -0.9839913 -0.002210855 0.1782029 -0.9901103 0.003479242 0.1402479 -0.9149118 -0.3963159 0.07661771 -0.8974364 0.4027059 0.1801003 -0.992239 0.005452156 0.1242259 -0.9957131 0.008647739 0.0920912 -0.9795451 -0.1950291 0.04954761 -0.9910274 -0.126625 0.04278886 -0.9644582 -0.2618666 0.0353055 -0.9196062 -0.3919004 0.02717709 -0.8569834 -0.5150138 0.01845175 -0.7782641 -0.6278671 0.009383201 -0.9903367 -0.1276796 0.05413955 -0.9965841 -0.0583198 0.05847281 -0.9987219 0.0108186 0.04937273 -0.9979845 0.01078343 0.06253606 -0.8428806 0.534094 0.0655449 -0.9089007 0.4121921 0.06322425 -0.9571649 0.283322 0.05969959 -0.9873787 0.1484875 0.05508911 -0.90804 -0.39254 0.146204 -0.8458003 -0.5251729 0.09388989 -0.9027891 -0.4071462 0.1385782 -0.772612 -0.6331089 0.04736989 -0.928914 -0.3301207 0.1677469 -0.9671968 -0.0159018 0.2535303 -0.9640809 -0.1500459 0.2191675 -0.9424695 -0.2813 0.180615 -0.9395692 -0.2972423 0.1698731 -0.9661394 0.0439735 0.2542463 -3.27863e-6 0 1 5.77413e-7 0 1 3.19525e-6 0 1 5.82518e-6 0 1 -5.51579e-6 0 1 6.56769e-6 0 1 -5.343e-6 0 1 -2.74932e-7 0 1 5.25201e-6 0 1 -6.60559e-6 0 1 2.23527e-6 0 1 -7.96668e-7 0 1 -3.33804e-6 0 1 2.60862e-5 0 1 1.02744e-6 0 1 -1.85304e-7 0 1 -2.56787e-7 0 1 1.21936e-6 0 1 1.819e-7 0 1 -6.41548e-7 0 1 5.13047e-7 0 1 -3.20281e-6 0 1 -1.35898e-6 0 1 1.34296e-6 0 1 -5.12619e-7 0 1 2.04953e-6 0 1 -8.03581e-7 0 1 0 0 1 -1.74164e-6 0 1 2.31254e-6 0 1 -1.81526e-6 0 1 -1.02257e-6 0 1 -5.11308e-7 0 1 8.03856e-7 0 1 0 0 1 0 0 1 2.03796e-6 0 1 1.069e-6 0 1 -1.59932e-6 0 1 5.77416e-7 0 1 -8.19649e-7 0 1 7.98816e-7 0 1 -5.50588e-6 0 1 4.02864e-4 0 1 4.02891e-4 0 1 4.02877e-4 0 1 -2.25428e-4 0 1 3.39628e-5 0 1 -1.41934e-6 -0.9932484 0.1160079 0.1083702 -0.9941098 0.001344025 3.10317e-5 -0.9999991 0.00136739 0.003453373 -0.9932098 0.1162853 0.005476534 -0.9931674 0.1165706 0.4851891 -0.8732949 0.04413259 0.4896463 -0.8708437 0.04333525 0.3221498 -0.9466878 0.001349806 0.2268904 -0.9739194 0.001353561 0.4925627 -0.8692159 0.04296368 0.4211923 -0.9069704 0.001341879 0.4958733 -0.8673448 0.0426954 0.479481 -0.8763688 0.04556018 0.4995824 -0.8652182 0.04260146 0.5220667 -0.8529037 0.001340508 0.5030231 -0.8632175 0.04269999 0.6222748 -0.7827976 0.001365184 0.50489 -0.8621213 0.04281574 0.5076516 -0.8604838 0.04310053 0.510816 -0.8585854 0.04357093 0.7185066 -0.6955189 0.001355528 0.4609789 -0.8858081 0.05331748 0.008355319 -0.9930679 0.1172456 0.01206248 -0.9928721 0.118573 0.6077111 -0.791814 0.06097435 0.5340723 -0.843847 0.05185645 0.603934 -0.7946392 0.06174325 0.6008989 -0.7968736 0.062554 0.6122663 -0.7883527 0.06024903 0.598222 -0.7988007 0.06362289 0.6178508 -0.784043 0.05947273 0.6249745 -0.7784315 0.05874794 0.5968485 -0.7997393 0.06472355 0.5968021 -0.7996801 0.06587249 0.6342965 -0.7709172 0.05791932 0.5193455 -0.8533478 0.0455842 0.6450786 -0.7619705 0.05722582 0.6595102 -0.7495687 0.05650734 0.5148851 -0.8561084 0.04440683 0.3946703 -0.9097696 0.128665 0.02013444 -0.9921556 0.123377 0.04609084 -0.9847423 0.1678045 0.6762461 -0.7345439 0.05600535 0.6871528 -0.7243686 0.05577754 0.6979995 -0.7139278 0.05571138 0.8024303 -0.5941385 0.05572366 0.8831615 -0.4690672 0.001356065 0.8069033 -0.5906823 0.001339852 0.3583376 -0.9042896 0.232066 0.05281537 -0.9712973 0.2319315 0.04938614 -0.9477693 0.3151102 0.8865317 -0.4592999 0.05572533 0.9430064 -0.332772 0.001345574 0.9481775 -0.3128212 0.05569911 0.982685 -0.185279 0.001360356 0.9858008 -0.1584154 0.05568963 0.9995105 -0.03125494 0.001370429 2.16216e-5 -0.9689877 0.2471091 0.01164889 -0.9369879 0.3491677 0.00786972 -0.9371843 0.3487459 0.004454076 -0.9373096 0.3484696 0.002260863 -0.937354 0.3483711 7.27968e-6 -0.9373742 0.3483241 0.3393683 -0.8764159 0.3416495 0.04498451 -0.9394606 0.3396915 0.03574955 -0.9359388 0.3503434 0.6560304 -0.7162701 0.2378684 0.5976743 -0.7864002 0.1560769 0.6033361 -0.7572848 0.2500109 0.626941 -0.7679915 0.1308977 0.998448 -1.50872e-6 0.0556944 0.9922945 0.1238949 0.001360714 0.9858007 0.1584159 0.05569195 0.9615499 0.2746272 0.001339554 0.3466177 -0.8820252 0.3191988 0.02873069 -0.93574 0.3515184 0.02160531 -0.9361967 0.3508122 0.0161063 -0.9366723 0.3498367 0.5893 -0.732124 0.341643 0.9481778 0.3128219 0.05569052 0.9094043 0.415911 0.001337766 0.8865349 0.4592983 0.05568492 0.8305082 0.5570048 0.001363813 0.8024314 0.5941393 0.05570083 0.7237107 0.6901022 0.001340687 0.3622382 -0.9126144 0.1895218 5.12451e-5 -0.9948605 0.1012556 0.6979764 0.71395 0.05571669 0.1609816 -0.986957 9.64008e-4 2.71492e-5 -0.9999996 9.71157e-4 0.5105089 0.8587707 0.04351425 0.6788467 0.732147 0.05592739 0.5137754 0.8567881 0.0441488 0.6591218 0.7499105 0.05650478 0.5072321 0.8607334 0.04305458 0.6045719 0.7965493 0.001373171 0.5055667 0.8617212 0.04288434 0.5034586 0.8629631 0.04270994 0.519389 0.8533199 0.04560935 0.6401005 0.7661345 0.05752688 0.6246081 0.7787238 0.05877101 0.4997382 0.8651275 0.04262006 0.4664651 0.8845386 0.001338422 0.4971969 0.8665891 0.04264545 0.7248214 -0.6281527 0.2829455 0.6002202 -0.7562848 0.2603253 0.4937143 0.8685675 0.04285591 0.3149449 0.9491091 0.001348555 0.3699569 -0.926671 0.06643056 0.4907962 0.8702034 0.04318916 0.7238512 -0.6329739 0.2745609 0.4862291 0.8727269 0.04392361 0.5370931 0.8418184 0.05360144 0.6135864 0.7873407 0.0600534 0.6064441 0.792765 0.06123119 0.6013491 0.7965437 0.06242877 0.5983435 0.7987145 0.06356275 0.596893 0.7997081 0.06469744 0.5966269 0.7998613 0.0652548 0.5968092 0.7996731 0.06589287 0.7235397 -0.637874 0.2638316 0.479202 0.8765177 0.04563194 0.1570159 0.9875952 0.001343369 0.4721388 0.8802145 0.048038 0.7243513 -0.6453565 0.2425497 0.7264504 -0.6523746 0.2160493 0.6127066 -0.7755709 0.1519232 1.21089e-5 0.9999992 0.001344442 0.323157 -0.9463449 9.83156e-4 0.4786297 -0.8780164 9.50612e-4 0.5352437 -0.8420836 0.0664044 0.4522117 -0.8894343 0.0664193 0.7388897 -0.6677402 0.09036123 0.6175526 -0.7837207 0.0664128 0.6197277 -0.7848164 9.62039e-4 0.6039472 0.7625294 0.2319415 0.6364356 0.7549901 0.1579229 0.655057 0.7188525 0.2327046 0.6831798 -0.7302496 9.99499e-4 0.7439305 -0.6682564 9.90335e-4 0.6687681 0.6706659 0.3208686 0.5892915 0.7321245 0.3416568 0.7248259 0.6281498 0.2829408 0.009405255 0.986798 0.1616833 0.3844687 0.9107846 0.1505173 0.01309722 0.9864875 0.1633125 0.01653057 0.9860942 0.1653631 0.006444752 0.9869739 0.1607516 0.01970314 0.9856299 0.1677666 0.004169583 0.9870635 0.1602758 3.52768e-4 0.9871395 0.1598615 -2.74019e-4 0.987143 0.1598395 0.03390443 0.982007 0.1857766 0.3547706 0.9016798 0.2472077 0.5905632 0.7412443 0.3190485 0.7238368 0.632992 0.2745568 0.723547 0.6378695 0.2638225 0.04769688 0.97272 0.2270261 0.05108201 0.9596753 0.2764311 0.04680633 0.9498264 0.3092558 0.3393416 0.8764256 0.3416513 0.6092075 0.7700564 0.1894187 0.7258039 0.650565 0.2235485 0.732792 0.6628891 0.1536031 0.03753352 0.9424962 0.3321029 0.03036969 0.9398647 0.3401941 0.02301365 0.9384075 0.3447635 0.01720619 0.9377723 0.3468246 0.354825 0.897952 0.2603488 0.0129975 0.9375023 0.3477366 0.009052634 0.9373286 0.3483291 0.6175504 0.7837221 0.06641727 0.7393433 0.6679188 0.08518195 0.7439308 0.6682561 9.79528e-4 0.6219019 0.7830945 9.86054e-4 0.5490537 0.8331464 0.06638658 0.4823819 0.8759606 9.59875e-4 0.3699343 0.9266803 0.06642544 0.4798718 0.8748203 0.06642782 2.79397e-5 0.9734351 0.2289634 0.005889117 0.9372377 0.3486414 0.002995848 0.9372002 0.3487791 1.81673e-5 0.9371959 0.3488035 0.3652688 0.9184201 0.1519327 0.3293142 0.9442199 9.74789e-4 3.54052e-5 0.9956078 0.09362256 0.167011 0.9859546 9.65633e-4 1.64062e-5 0.9999995 9.74047e-4 0.5904969 0.7967275 0.1286033 -5.04118e-5 0 1 1.81774e-5 0 1 -2.86547e-5 0 1 5.03376e-5 0 1 1.78936e-5 0 1 9.99295e-6 0 1 9.33168e-5 0 1 1.90074e-5 0 1 2.86421e-6 0 1 -1.70807e-6 0 1 1.17228e-6 0 1 2.01272e-5 0 1 1.24287e-5 0 1 -4.05744e-5 0 1 4.37411e-5 0 1 1.14117e-5 0 1 2.19978e-5 0 1 -1.60262e-5 0 1 -3.64187e-5 0 1 -6.01225e-6 0 1 1.7852e-5 0 1 -1.01435e-5 0 1 -2.48577e-5 0 1 -1.00637e-5 0 1 -1.03615e-5 0 1 3.19053e-6 0 1 -1.70033e-5 0 1 1.34302e-6 0 1 2.03206e-5 0 1 -9.33164e-5 0 1 3.61336e-5 0 1 4.99345e-5 0 1 2.29762e-5 0 1 -0.6846113 0.7289084 3.93018e-6 -0.7940031 0.6079138 -6.58759e-6 -0.6845891 0.7289292 1.78982e-7 -0.9285474 0.3712141 -1.09263e-5 -0.8822813 0.4707224 -4.14445e-5 -0.9470442 0.3211033 9.49644e-5 -0.9866909 0.1626072 3.60858e-5 -1 5.5477e-5 6.46117e-6 -1 -7.14511e-6 0 0.5989997 -0.8007494 0 0.5989993 -0.8007497 0 0.5990021 -0.8007475 0 -0.6845692 0.7289479 7.50308e-7 -0.6845698 0.7289474 0 -0.6845694 0.7289478 3.52911e-7 0.599 0.800749 7.50306e-7 0.5989989 0.8007498 -3.86565e-7 0.599 0.800749 1.76476e-7 0.4546453 0.8906726 -6.57297e-5 0.5989795 0.8007644 1.74339e-7 0.5989813 0.8007631 -5.48735e-6 0.2530536 0.9674523 -5.00306e-6 0.2973254 0.9547763 -4.77042e-5 0.1311575 0.9913616 -2.82889e-6 -0.08255738 0.9965863 -1.11759e-5 -0.03838837 0.999263 -1.1819e-4 -0.2073954 0.9782573 1.03239e-5 -0.3701356 0.9289777 -5.07298e-5 -0.6757237 0.737155 -2.49362e-7 -0.5221484 0.8528547 -4.48361e-5 -0.6590096 0.7521347 3.9039e-5 -0.7002978 0.7138509 0 -0.7769836 0.6295209 -8.637e-5 -0.7266118 0.6870483 1.16718e-6 -0.7426672 0.6696608 -1.20726e-5 -0.750267 0.661135 0 -0.7621734 0.647373 -2.09315e-7 -0.777325 0.6290994 0 -0.7871447 0.6167683 8.7332e-6 -0.8005846 0.5992198 0 -0.8193289 0.5733239 2.60072e-7 -0.8723966 0.4887987 2.64546e-4 -0.9178683 0.3968853 -5.42868e-6 -0.9426043 0.3339122 -1.54056e-5 -0.9855386 0.1694516 -6.25959e-5 -1 5.40167e-5 1.98605e-7 -1 3.39001e-5 0 -0.684569 -0.7289482 5.71041e-7 -0.6845676 -0.7289494 2.91324e-7 -0.6845697 -0.7289475 0 0.002471566 -0.999997 3.08221e-5 0.5339939 -0.8438979 0.05183488 0.1846264 -0.9828088 5.66579e-5 0.643837 -0.7641999 0.03837454 0.4610277 -0.8857833 0.05330514 0.3947108 -0.9097531 0.1286581 0.9816155 -0.1908692 5.03417e-5 0.6279628 -0.7782434 3.55132e-5 0.5730152 -0.8191456 0.02557969 0.4795275 -0.8763451 0.04552829 0.5457824 -0.8376119 0.02297562 0.4853463 -0.8732107 0.04406899 0.5663891 -0.8241381 -4.90891e-5 0.5240063 -0.851435 0.02182126 0.4899794 -0.8706715 0.04302811 0.4929882 -0.8690013 0.04241943 0.5411677 -0.8409148 2.54661e-5 0.5045317 -0.8631284 0.02138286 0.4963308 -0.867114 0.04206138 0.4995874 -0.8652123 0.04266381 0.5029351 -0.8632673 0.04273122 0.504679 -0.8622588 0.04253172 0.5211614 -0.8534581 2.91393e-4 0.4972741 -0.8675935 -1.37314e-4 0.4792866 -0.8776586 8.9813e-5 0.4810638 -0.8764207 0.02155256 0.4328755 -0.9014538 -3.62028e-6 0.5192959 -0.8533785 0.04557311 0.507357 -0.8606755 0.04274094 0.5106221 -0.8587067 0.04345136 0.5146378 -0.856267 0.04421502 0.4675052 -0.8839904 -3.01655e-5 0.4572188 -0.8893542 1.6999e-5 0.4126382 -0.9105028 0.02673047 0.2480325 -0.9668254 0.06106185 0.5976378 -0.7864396 0.156019 0.0800265 -0.9889737 0.1246067 0.6032941 -0.757304 0.2500537 0.6561136 -0.707424 0.2628049 0.358407 -0.9042592 0.2320773 0.3394231 -0.8763834 0.3416786 0.9890545 -0.1045489 0.1041197 0.8320255 -0.5370297 0.1390422 0.8926264 0.4507973 1.08369e-5 0.8053722 -0.5814293 0.1153932 0.7539971 -0.6518842 0.08084207 -0.05204522 -0.9977044 0.04332715 -0.4366015 -0.8996551 4.37908e-5 0.1341134 -0.985773 0.1013182 0.05614262 -0.9891551 0.1357213 0.2759051 -0.9217304 0.2725609 0.5892374 -0.7321605 0.341673 -0.08384513 -0.9750784 0.2054075 0.9924118 -0.01295435 0.1222751 0.8798118 -0.4330874 0.195874 0.8806385 -0.4308657 0.1970548 0.7812592 -0.5787488 0.2338463 0.8174389 -0.5313238 0.2224609 0.8506093 -0.481999 0.2100976 0.7004208 -0.6669248 0.2542086 0.7422997 -0.6239422 0.24431 0.7604687 -0.6176394 0.2005217 0.2865369 -0.9522577 0.1053656 0.3011612 -0.9219652 0.2434794 0.2172991 -0.9397984 0.2637425 0.1578663 -0.9542533 0.2539272 0.09780877 -0.96504 0.2431694 0.03738689 -0.9721317 0.2314352 -0.02318346 -0.9754812 0.218859 -0.4956421 -0.85953 0.1246883 -0.8367346 -0.5476086 2.97427e-5 0.789204 -0.5427579 0.287352 0.4643194 -0.8166442 0.3427827 0.5803382 -0.7412392 0.337301 0.6852254 -0.651629 0.3253394 0.7769854 -0.5495094 0.307137 0.8276833 -0.4889687 0.2754089 0.9871266 -0.07489478 0.1413219 0.8624205 -0.4329639 0.2622464 0.8758282 -0.4302706 0.2186141 -0.07742053 -0.9712682 0.2250427 -0.4391465 -0.8867763 0.1441472 0.07224494 -0.954443 0.2895157 -0.04860472 -0.9578663 0.2830723 0.08740222 -0.9476425 0.3071396 0.2217004 -0.9192441 0.3253297 0.3517554 -0.8732076 0.337308 0.4750795 -0.8104279 0.3427917 0.006113052 -0.9606906 0.2775539 -0.06002306 -0.9625787 0.2642722 -0.1258818 -0.9600412 0.2499496 0.9834005 -0.06155973 0.170687 0.8538141 -0.4368604 0.2831162 0.9143088 -0.3158145 0.2535758 0.9572407 -0.1887612 0.2192251 0.9818418 -0.05801767 0.1806123 0.9886272 0.003399074 0.1503489 0.9875957 0.07380849 0.1385895 0.974418 0.204186 0.09390217 0.9425492 0.330682 0.04744011 -0.47067 -0.8674408 0.1612963 -0.5577175 -0.8183784 0.1385933 -0.4406597 -0.8793046 0.1806725 -0.3151926 -0.9233772 0.2191538 -0.1836575 -0.9497195 0.25358 -0.5283951 -0.8372889 0.1405212 -0.7577032 -0.6508722 0.04744845 -0.6640436 -0.7417757 0.09388828 0.660238 -0.7417091 0.1181246 0.3623636 -0.912571 0.1894915 0.3700022 -0.926651 0.0664559 0.6950638 -0.6648254 0.2736669 0.346532 -0.8820526 0.3192164 0.7028192 -0.6799589 0.209048 0.9246118 -0.3328676 0.1851814 0.9907788 0.0684179 0.1169468 0.8926135 0.450823 2.55182e-6 0.8926198 0.4508105 1.80453e-5 0.9941226 0.06180375 0.08888602 0.987002 0.07559072 0.1418215 0.8926148 0.4508203 1.17943e-5 0.9455784 -0.3185369 0.06645101 0.7104117 -0.6942052 0.1157347 0.7570722 -0.6435123 0.1128438 0.9656817 -0.2522512 0.06187301 0.9810281 -0.1853054 0.05697292 0.991763 -0.1171613 0.05176466 0.9958539 -0.08383083 0.0353226 0.998184 0.05377554 0.02714604 0.9814521 0.190819 0.01843565 0.9460733 0.323818 0.009337723 0.8926123 0.450825 1.85128e-5 0.9898232 -0.1135272 0.08580011 0.7055774 -0.6853559 0.1801332 0.9952865 0.05948704 0.07659006 0.9291973 -0.3419488 0.1402263 0.9270939 -0.337658 0.1627391 0.9209973 -0.3257975 0.2135882 0.9175667 -0.3191241 0.2371313 0.6905995 -0.6562401 0.3040089 0.9889299 0.07200396 0.1297431 0.799213 -0.5210692 0.2995755 0.3394157 -0.8763996 0.3416442 0.9864565 0.009961485 0.1637203 0.7969322 -0.5189428 0.3091887 0.4643178 -0.8166649 0.3427352 0.5803523 -0.7412444 0.3372656 0.6852403 -0.6516134 0.3253397 0.7769729 -0.5495101 0.3071677 0.8538362 -0.4368523 0.2830615 0.8353752 -0.4626687 0.2967928 0.8697821 -0.4041857 0.2830426 0.9000118 -0.3438178 0.2678961 0.7242196 -0.685501 0.07479655 0.4945755 -0.866578 0.06661593 0.6093942 -0.7901574 0.06549888 0.7130956 -0.69821 0.06322622 0.770129 -0.6337253 0.07275664 0.802537 -0.5936051 0.05972713 0.8770585 -0.4772137 0.05509549 0.934783 -0.3517639 0.04942643 0.9745519 -0.2200363 0.04280942 0.8822918 -0.4570998 0.1123432 0.786642 -0.5975669 0.1552683 0.9845597 -0.04211568 0.169908 0.9858009 -0.007470071 0.1677523 0.9143152 -0.3158435 0.2535164 0.9572585 -0.1887311 0.2191734 0.98184 -0.05802434 0.18062 0.9875956 0.07383209 0.1385775 0.9875348 0.05832898 0.1461941 0.9744148 0.2042109 0.09388148 0.9425508 0.3306874 0.04737043 0.9497637 -0.2865115 0.1259371 0.892802 -0.3718166 0.2542774 -5.39086e-6 0 1 3.02633e-6 0 1 -3.51008e-6 0 1 -7.03962e-7 0 1 6.0798e-7 0 1 -5.5242e-7 0 1 5.19127e-7 0 1 -5.06227e-7 0 1 5.63236e-7 0 1 7.98804e-7 0 1 1.03866e-6 0 1 -7.99243e-7 0 1 -2.91041e-6 0 1 1.73296e-7 0 1 -4.00195e-7 0 1 -1.74895e-7 0 1 3.1622e-7 0 1 -1.60729e-6 0 1 -1.03407e-6 0 1 4.02335e-7 0 1 0 0 1 3.70618e-7 0 1 -3.99282e-7 0 1 -6.99467e-6 0 1 3.6159e-6 0 1 -2.07283e-6 0 1 3.10719e-6 0 1 -3.87489e-6 0 1 -4.00192e-7 0 1 2.88706e-7 0 1 -9.17563e-7 0 1 1.19967e-6 0 1 7.99248e-7 0 1 9.522e-5 0 1 4.79384e-4 0 0.9999999 4.79384e-4 0 0.9999999 4.79384e-4 0 0.9999999 -0.1655446 -0.9802315 0.1083577 0.1128242 -0.9918181 0.05972987 0.2480974 -0.9666718 0.0631923 -0.02524334 -0.9981641 0.05505859 -0.162742 -0.9854316 0.04939377 -0.2967016 -0.9540117 0.04277831 -0.4253401 -0.9043453 0.03529107 -0.5475731 -0.8346585 0.05923682 -0.8367314 -0.5476136 6.35348e-6 -0.8367329 -0.5476114 7.51764e-6 -0.5456597 -0.8375667 0.02715986 -0.655995 -0.7545406 0.0184158 -0.7534666 -0.6574197 0.00935471 -0.5550434 -0.8232143 0.1193533 -0.8367319 -0.5476129 8.028e-6 -0.8367151 -0.5476385 1.93715e-6 0.2443136 -0.9592748 0.1417841 0.5031885 -0.8616057 0.06661212 0.617506 -0.7837556 0.0664342 0.3796143 -0.9228206 0.06553804 0.612673 -0.7756022 0.1518985 -0.5476871 -0.8344904 0.06053805 0.2394096 -0.9516419 0.1925117 0.6001654 -0.7563326 0.2603121 -0.5541951 -0.8246994 0.1128668 -0.1792248 -0.9592432 0.2184745 0.2184834 -0.9184346 0.329762 0.5892641 -0.7321436 0.341663 0.2295889 -0.9366252 0.2646171 -0.1674486 -0.9772824 0.1299239 -0.3659785 -0.9248329 0.1036535 -0.3696503 -0.9191907 0.1358205 0.2321751 -0.9405971 0.2477335 -0.1752085 -0.9654077 0.1931064 -0.552874 -0.8265519 0.1055579 -0.1771863 -0.9623308 0.206215 -0.1834315 -0.9526763 0.2424061 -0.2521772 -0.936593 0.2433112 -0.1859892 -0.9474237 0.2603777 -0.3171585 -0.9212689 0.2251091 -0.3806263 -0.9015421 0.2057808 -0.7576777 -0.6509089 0.04735124 -0.664057 -0.7417657 0.09387224 -0.5577176 -0.8183821 0.1385717 -0.4406543 -0.8793248 0.1805876 0.2431635 -0.9574359 0.155525 0.1332492 -0.9652549 0.2247834 0.2197298 -0.917582 0.3313039 -0.3151983 -0.9233716 0.2191686 -0.1836561 -0.9497378 0.2535126 -0.04859572 -0.9578766 0.2830392 0.08739829 -0.9476436 0.3071371 0.2217082 -0.9192483 0.3253124 0.351753 -0.873221 0.3372761 0.4750855 -0.8104445 0.3427441 -1.03406e-6 0 1 7.75545e-7 0 1 2.58728e-7 0 1 0 0 1 -3.23654e-7 0 1 -4.5343e-7 0 1 1.03867e-6 0 1 1.03707e-6 0 1 -1.03905e-6 0 1 1.44353e-7 0 1 -3.99286e-7 0 1 9.26529e-7 0 1 -6.36648e-7 0 1 7.53449e-7 0 1 -3.99282e-7 0 1 2.88706e-7 0 1 3.70614e-7 0 1 -2.6252e-6 0 1 -5.16361e-7 0 1 4.38462e-7 0 1 -3.91801e-7 0 1 1.08566e-6 0 1 -1.03843e-6 0 1 3.42902e-7 0 1 3.55141e-7 0 1 -7.57687e-7 0 1 6.24311e-7 0 1 -8.86496e-7 0 1 3.71728e-7 0 1 -5.69855e-6 0 1 4.10354e-6 0 1 -2.23239e-6 0 1 -1.66808e-6 0 1 2.82692e-6 0 1 -2.98621e-6 0 1 -3.68772e-7 0 1 3.24534e-7 0 1 1.27861e-6 0 1 0 0 1 -1.02982e-5 0 1 1.80871e-5 0 1 3.90822e-4 0 1 3.90871e-4 0 1 3.90846e-4 0 1 2.63339e-6 0 1 2.32574e-6 0 1 0.9876648 -0.07444536 0.1377544 0.8926156 -0.4508187 -8.41171e-6 0.8926104 -0.4508289 1.79894e-5 0.9925752 -0.06495273 0.1028386 0.9929237 -0.06418246 0.09991598 0.9248797 0.3333866 0.1828958 0.9236768 0.3309504 0.1931141 0.6992773 0.6729099 0.2412543 0.9949302 -0.06020021 0.0805602 0.8926099 -0.4508299 3.44217e-6 0.7047718 0.6838252 0.1888912 0.3653756 0.9183769 0.1519365 0.3549375 0.8979099 0.2603406 0.7112565 0.6957157 0.1004688 0.3700079 0.9266487 0.06645613 0.8854341 0.3736152 0.2764386 0.9135138 0.3124035 0.2605701 0.8531302 0.4330691 0.2908952 0.8166843 0.4904844 0.304059 0.3394373 0.8763886 0.3416509 0.4643403 0.8166585 0.3427201 0.8233008 0.5012902 0.2662407 0.9922504 -0.06551396 0.1055796 0.6984984 0.671354 0.2477578 0.9285785 0.3406646 0.1472738 0.9313743 0.3461352 0.1128379 0.996452 -0.05723249 0.06170797 0.7084037 0.6908238 0.1446608 0.9907565 0.1153184 0.07143694 0.8926031 -0.4508435 8.40426e-6 0.7578725 0.6450084 0.09794592 0.991921 0.1175241 0.04775995 0.9981833 -0.05376833 0.02718943 0.9958527 0.08383846 0.03533565 0.9814495 -0.190833 0.01843076 0.9460672 -0.3238355 0.009351968 0.9812062 0.1856703 0.05254435 0.9745475 0.2200669 0.04275286 0.9658427 0.25277 0.05705547 0.9458066 0.3188956 0.0612837 0.9347723 0.3517971 0.04939353 0.987096 -0.07504564 0.1414559 0.9876013 -0.07376718 0.1385717 0.974415 -0.2042097 0.09388285 0.9425479 -0.3306947 0.04737633 0.989308 0.03206187 0.1422739 0.770256 0.6339209 0.06964445 0.8025299 0.5936172 0.05970227 0.7131276 0.6981806 0.06318986 0.877056 0.4772211 0.05507218 0.7243404 0.685719 0.07155811 0.4945689 0.86658 0.06664031 0.6093884 0.7901613 0.06550639 0.9139055 0.3145247 0.2566144 0.5803565 0.7412405 0.3372669 0.6852422 0.6516442 0.3252737 0.7769708 0.5495398 0.3071194 0.8538416 0.436854 0.2830428 0.9143115 0.3158142 0.2535666 0.9572514 0.1887381 0.2191981 0.9818469 0.05801486 0.180585 0.9023138 0.3754143 0.2118822 0.6791971 0.6878481 0.25604 0.2945737 0.9556288 -3.70946e-6 0.4306679 0.9025105 -7.7812e-5 0.5193403 0.8533508 0.04558438 0.8320417 0.5370121 0.1390135 0.9672082 0.2539851 9.36538e-6 0.9966805 -0.08141249 2.78577e-5 0.3548138 0.9016659 0.247196 0.3845527 0.9107504 0.1505094 0.6438524 0.7641865 0.03838557 0.6098904 0.7924858 5.43334e-6 0.4721476 0.8802086 0.04805994 0.5730476 0.8191229 0.02557945 0.5456869 0.8376736 0.02299958 0.5814346 0.8135932 0 0.4791878 0.8765257 0.04562795 0.4862668 0.8727053 0.04393428 0.524082 0.8513888 0.02180677 0.5335164 0.8457899 2.96548e-4 0.5523013 0.8336446 2.84994e-5 0.4908226 0.8701847 0.04326629 0.4937178 0.868568 0.04280638 0.5044684 0.8631658 0.0213654 0.4815706 0.8764074 -9.66936e-5 0.5049451 0.8631516 1.37745e-4 0.5234864 0.8520342 1.74338e-4 0.4997684 0.8651106 0.04260557 0.5033663 0.8630219 0.04261082 0.4972743 0.8665403 0.04273575 0.4809999 0.8764558 0.0215494 0.4507835 0.8926334 4.91673e-5 0.4676412 0.8839185 1.03919e-4 0.5136229 0.8568851 0.04403853 0.5103535 0.8588632 0.04351234 0.5069798 0.8608932 0.04283016 0.5054615 0.8617929 0.04268079 0.412655 0.9104952 0.02673137 0.5370454 0.8418489 0.05359804 0.2480944 0.9668092 0.06106746 0.5904883 0.7967364 0.1285874 -0.378221 0.9257154 1.66167e-5 0.78598 0.5690345 0.241734 0.8223042 0.5204662 0.230067 0.7466574 0.6154389 0.2524632 0.7044726 0.6595049 0.2622438 0.6596201 0.7010168 0.2710661 0.3394435 0.8763824 0.341661 0.8462048 0.510216 0.1536782 0.7579209 0.6470465 0.08298647 0.175157 0.9808408 0.08527272 0.6039217 0.7625434 0.2319617 0.08003097 0.9889724 0.1246141 -0.3801716 0.9196064 0.09896278 -0.8367304 0.5476152 2.20165e-5 0.2846555 0.921927 0.2627203 0.5892643 0.7321365 0.3416779 0.9874959 0.06488388 0.143673 0.8926147 -0.4508204 4.39957e-5 0.9785119 0.1270433 0.1624023 0.9653174 0.1886659 0.1804652 0.1611421 0.9673525 0.1956077 -0.05581468 0.9799503 0.1912651 -0.007777452 0.9776646 0.2100274 -0.06705093 0.9781118 0.1969811 0.05154329 0.9736171 0.2222904 0.1106683 0.9659843 0.2337244 0.1693528 0.9547886 0.2443327 0.2274355 0.9400815 0.2540075 -0.4849455 0.8659591 0.1222406 0.8287417 0.4861454 0.2772179 0.7902604 0.5402612 0.2891476 0.7482074 0.5918598 0.2998127 0.4643092 0.8166481 0.3427871 0.5803527 0.7412398 0.3372749 0.6852629 0.6515967 0.3253255 -0.06517577 0.9736466 0.2185512 -0.4286483 0.8923527 0.1413059 -0.05621236 0.9633665 0.2622313 0.009636521 0.9612674 0.2754491 0.07543134 0.9548427 0.287377 0.4750998 0.8104311 0.342756 0.3517515 0.8732121 0.3373004 0.2217008 0.919247 0.325321 0.08737331 0.9476411 0.3071519 0.9865677 0.02659076 0.1611745 0.987601 -0.07376825 0.1385736 0.9818392 0.0580306 0.1806219 0.9744043 -0.2042365 0.09393501 0.9425407 -0.3307052 0.04744619 0.9791793 0.09152019 0.181196 0.9672214 0.1560866 0.2002992 0.7769713 0.5495205 0.3071527 0.8538197 0.4368366 0.2831354 0.9143077 0.3158003 0.2535977 0.95725 0.1887531 0.2191913 -0.4972628 0.8544697 0.1503704 -0.4406821 0.8793052 0.1806154 -0.5577129 0.8183836 0.138581 -0.6640459 0.7417717 0.09390372 -0.7577024 0.650875 0.04742383 -0.4384036 0.8824192 0.1707003 -0.04858165 0.9578701 0.2830631 -0.1836528 0.94971 0.2536194 -0.3151832 0.9233704 0.2191957 -0.5475971 0.8346263 0.05946964 -0.8367313 0.5476136 4.46662e-6 -0.8367271 0.5476202 1.42306e-6 -0.5590192 0.8169435 0.1417778 -0.8367211 0.5476294 3.05474e-5 -0.8367324 0.5476121 -1.42381e-5 -0.5517171 0.8283326 0.09733211 -0.555895 0.8219833 0.123791 -0.1784748 0.9604105 0.2139122 0.2348583 0.9447058 0.2288502 0.5906522 0.7411723 0.3190512 0.6091369 0.7701132 0.1894146 0.225488 0.9301002 0.2899463 -0.5483396 0.8335011 0.0678218 -0.1655835 0.9801695 0.1088564 0.2472026 0.9639666 0.09828186 0.6175199 0.7837442 0.06644034 0.5030444 0.8616888 0.06662517 0.242793 0.9568699 0.1595354 -0.1523327 0.9513314 0.2678868 -0.5019391 0.8492777 0.16366 -0.0848751 0.9553446 0.2830424 -0.0170297 0.9547928 0.296784 0.05089378 0.9496473 0.30916 0.4750958 0.8104507 0.3427154 0.5892655 0.7321494 0.3416482 0.3517666 0.873223 0.3372566 0.2217282 0.9192466 0.3253033 0.08740818 0.9476364 0.3071569 -0.04859435 0.9578697 0.2830625 0.05161786 0.9527009 0.2994941 -0.5569027 0.8203908 0.1296851 -0.1824556 0.9542118 0.2370441 0.2230333 0.9262278 0.3039053 -0.1805058 0.9572007 0.2262403 -0.1730926 0.9686523 0.1781904 -0.1684888 0.9756776 0.1402315 -0.5491853 0.8321855 0.07657027 0.2407542 0.9537371 0.1800636 -0.1667358 0.9781424 0.1242445 -0.1643583 0.9820921 0.09209614 -0.3622198 0.9307737 0.04956954 -0.753553 0.6573209 0.009346485 -0.6563114 0.7542659 0.01840114 -0.5460012 0.8373444 0.02715152 -0.4260779 0.9039991 0.03526049 -0.2974372 0.9537841 0.0427438 -0.2970669 0.9533194 0.05416107 -0.2307274 0.9712601 0.05847054 -0.1630843 0.9853767 0.04936075 -0.1629045 0.9846597 0.06250971 -0.02599185 0.9981451 0.0550549 0.1120061 0.9919125 0.05970197 0.247689 0.9667742 0.06322813 0.3791491 0.9230113 0.06554502 -0.5442883 0.8260654 0.1461718 -0.6640483 0.7417718 0.09388649 -0.5577208 0.8183763 0.1385921 -0.7576777 0.6509079 0.0473656 -0.4864012 0.8574842 0.1677349 -0.1836401 0.9497428 0.2535053 -0.31518 0.9233746 0.2191824 -0.4407161 0.8792879 0.1806166 -0.4558792 0.8736823 0.1698635 -0.1244319 0.9591136 0.2542004 0.7257481 0.6506265 0.2235504 0.723563 0.6378524 0.2638201 0.8280199 0.5181335 0.2142917 0.9961133 -0.05581134 0.06814378 0.9548408 0.2745679 0.1135408 0.9844332 0.1624145 0.06717842 0.9961005 0.08151501 0.03375232 1 -1.35507e-7 5.33089e-6 0.9711992 0.19867 0.1315388 0.9095356 0.3840725 0.1588501 0.962482 -0.2644233 0.06090027 0.9914208 0.06200909 0.1150641 0.7328372 0.6628348 0.1536222 0.9092636 -0.4129054 0.05243122 0.8057887 -0.5911931 0.03457313 0.2855369 -0.9583678 2.09883e-5 0.9296008 0.3438358 0.1327375 0.9900072 0.102875 0.09644991 0.9944114 -0.04138129 0.09712594 0.9457839 0.307044 0.1059105 0.7394608 0.6677874 0.08519321 0.9956192 0.05606466 0.07482773 0.9822664 -0.1768947 0.06213837 0.9572916 0.2775794 0.08088606 0.9704136 0.2387593 0.03593742 0.7439666 0.6682161 9.86962e-4 0.9945604 -0.03297668 0.09880417 0.9657659 -0.2510161 0.06547766 0.9653726 -0.2570383 0.04457819 0.9868587 0.157634 0.03551924 0.9795244 0.1981337 0.03570652 0.9688004 0.2321804 0.08670765 0.9663489 0.2475751 0.06983155 0.9799353 -0.1979662 0.02315706 0.846931 -0.5315795 0.01145887 0.8854584 -0.4645512 0.01248097 0.9187147 -0.3946954 0.01338249 0.9464651 -0.3224927 0.01422578 0.968543 -0.248395 0.01498359 0.604285 -0.7967622 0.00312674 0.4306147 -0.9025359 1.70946e-4 0.5653883 -0.8248249 3.34866e-4 0.6864561 -0.7271711 4.60294e-4 0.7908672 -0.6119877 6.14461e-4 0.9882121 0.1528269 0.009001076 0.9954178 -0.09561622 9.91084e-4 0.9999995 9.28131e-6 0.001027822 0.9872158 0.1593862 0.001050174 0.9808634 0.194486 0.009076654 0.971744 0.2358623 0.009091079 0.9492103 0.3146407 0.00108242 0.9038711 0.4278039 0.00103861 0.8461261 0.5329818 0.00107038 0.7978879 0.602805 0.001045644 0.9792633 -0.1937789 0.05910426 0.9270475 -0.3748756 0.00717312 0.8761788 -0.4819858 7.47426e-4 0.9403275 -0.3402696 8.65167e-4 0.9817099 -0.1903806 9.56941e-4 0.9961007 0.0815292 0.03371298 0.9149802 0.3917231 0.09676885 0.9665945 0.2563107 2.0694e-5 1 -5.99678e-6 1.15298e-6 0.9844362 0.1623969 0.06717824 0.9548486 0.2745373 0.1135495 0.8435629 0.5050314 0.1826066 0.7237811 0.6330474 0.2745761 0.7884765 0.5689933 0.2335624 0.724854 0.6281339 0.2829037 0.9095453 0.3840538 0.1588403 0.8280344 0.5180943 0.2143305 0.7235631 0.6378527 0.2638188 0.1466987 0.9890487 0.01619976 8.20309e-6 1 4.89224e-6 5.78612e-5 1 2.92063e-6 0.290184 0.9564347 0.03203374 0.4502864 0.8915005 0.04969131 0.5967828 0.7996926 0.0658949 0.376263 0.9059972 0.1938956 0.72481 0.6281701 0.2829362 0.6687582 0.6706812 0.3208571 4.03076e-5 1 1.72406e-5 1.05202e-5 1 1.03787e-5 0.215906 0.9718033 0.09477853 0.3985691 0.9011839 0.1703248 0.5496794 0.8037421 0.2277091 0.6463291 0.7172676 0.2603573 0.3643583 0.915596 0.1700795 0.3582983 0.922267 0.1450719 0.6551188 0.7187925 0.2327162 3.4526e-5 1 6.53416e-6 0.3522414 0.9279833 0.1215445 0.3454291 0.9331095 0.09992736 0.6362952 0.75512 0.157868 0.3389242 0.9371878 0.08251971 0.1466735 0.9890516 0.01624524 9.41753e-6 0.9846078 0.1747788 1.27945e-5 0.996105 0.08817499 1.53161e-5 1 8.02577e-5 8.09138e-5 0.9663788 0.2571228 0.5967232 0.7997908 0.06523901 0.4502847 0.8915011 0.04969453 0.5967729 0.7997034 0.06585502 0.597046 0.7995953 0.0646795 0.5984632 0.7986261 0.06354814 0.06619554 0.06773072 0.9955053 -1.58474e-5 5.01424e-6 1 3.17246e-5 0.3586079 0.9334883 0.1318472 0.1348351 0.982057 0.3253265 0.9063577 0.2695894 7.5005e-5 0.8347085 0.5506921 1.25766e-5 0.9043362 0.4268208 1.76892e-4 0.9425374 0.3341009 0.2901886 0.9564322 0.03206652 0.6065068 0.7927212 0.06117802 0.6135423 0.7873788 0.06000435 0.6013124 0.7965738 0.06239897 0.3888769 0.7313739 0.5602384 1.05873e-5 0.6318162 0.7751182 0.6400762 0.7661523 0.05756032 0.6591481 0.7498987 0.05635422 0.3467488 0.8452933 0.4065029 1.84029e-6 0.7506381 0.6607137 0.6246156 0.778714 0.05882215 0.3554186 0.821565 0.4457675 0.4225792 0.6421822 0.6395537 0.3479752 0.3559306 0.86731 0.2432491 0.2487413 0.9375274 0.6788801 0.7321219 0.05585187 0.6013672 0.6709356 0.4338235 0.6980044 0.7139221 0.05572289 0.6820318 0.6975702 0.2196102 0.6473599 0.6621502 0.3774684 0.594976 0.6085625 0.5250289 0.5263431 0.5382434 0.6582227 0.4432161 0.4533215 0.7733429 -1.17719e-5 -5.03659e-5 1 0.6473476 0.6621668 0.3774604 0.6819916 0.6976186 0.2195812 0.5949666 0.6085788 0.5250207 0.5262963 0.538327 0.6581918 0.4431943 0.4533507 0.7733382 0.3479901 0.355928 0.8673052 0.2432183 0.2487821 0.9375246 0.1316675 0.1349434 0.9820662 0.06620615 0.06771624 0.9955056 5.53904e-6 4.60818e-6 1 -2.28882e-5 -5.40018e-5 1 0.8024299 0.5941425 0.0556876 0.886544 0.4592826 0.05567324 -2.37823e-5 -4.94122e-5 1 0.9481796 0.3128159 0.05569338 -1.94907e-5 -5.66542e-5 1 0.9858018 0.1584029 0.0557096 0.6480907 0.09408879 0.7557287 0.9984451 5.09759e-6 0.05574464 0.876739 -1.1651e-4 0.4809668 0.7739385 -0.07505649 0.6287971 0.985802 -0.1584007 0.05570989 -6.18696e-5 1.06096e-5 1 0.9481638 -0.312872 0.0556482 -3.05176e-5 -3.65078e-6 1 0.8865363 -0.4593001 0.05565053 -8.34465e-5 -9.83477e-6 1 -5.16772e-5 1.67489e-5 1 0.802418 -0.5941616 0.05565488 0.6809868 -0.6965337 0.2260479 0.6979995 -0.7139293 0.0556938 0.6462916 -0.6610139 0.3812713 0.5984913 -0.612136 0.516815 0.5354661 -0.5476961 0.6428881 0.4588453 -0.4693436 0.7544386 0.3713383 -0.3798014 0.8472655 0.2763153 -0.2825825 0.9185843 0.1775087 -0.1815499 0.9672282 0.087637 -0.08963769 0.9921114 7.41296e-5 -3.00854e-5 1 0.6979796 0.7139436 0.05575835 -4.76837e-5 -0.1557688 0.9877936 0.08761912 -0.08964544 0.9921123 0.1775159 -0.1815477 0.9672273 1.67601e-5 -4.75645e-5 1 0.6871542 -0.7243649 0.05580967 0.6809729 -0.6965495 0.2260412 0.6980096 -0.7139161 0.05573546 0.1266155 -0.9918534 0.01397895 1.9826e-5 -1 -4.55976e-6 0 -0.9964714 0.08393383 1.14366e-5 -0.9859062 0.1672992 0.5968381 -0.7997441 0.0647602 0.4503029 -0.8914896 0.04973548 0.5982078 -0.7988106 0.06363278 0.5967768 -0.7996973 0.06589239 0.3642757 -0.7974266 0.4810554 9.04501e-6 -0.7717934 0.6358736 4.12464e-5 -0.5873808 0.8093108 0.6249607 -0.7784416 0.05876159 0.617817 -0.7840652 0.05953258 0.6342908 -0.770919 0.05795794 0.3228092 -0.9140849 0.2454445 9.88245e-5 -0.9442609 0.3291984 2.75522e-5 -0.9079669 0.4190419 4.05088e-5 -0.8673807 0.4976453 0.6038932 -0.7946666 0.06179088 0.6008644 -0.7968985 0.06256955 0.6077108 -0.7918123 0.06100052 0.6122747 -0.788344 0.06027829 0.3159534 -0.9372797 0.1472422 0.3527668 -0.9349 0.03895658 0.2511668 -0.9675464 0.02773737 6.89477e-5 -0.96768 0.2521811 0.4395701 -0.5973644 0.6707711 0.3712933 -0.3798127 0.8472802 0.4588401 -0.469331 0.7544496 0.6032782 -0.6788217 0.4186366 0.6462691 -0.6610293 0.381283 0.5984808 -0.6121575 0.5168018 0.5354703 -0.5476639 0.6429121 0.6762605 -0.7345311 0.0559982 0.4248043 -0.6361103 0.6441314 0.4093785 -0.677044 0.6115724 0.6594852 -0.7495883 0.05653995 0.2030844 -0.625267 0.7535237 -6.60717e-5 -0.3079369 0.9514068 0.2356128 -0.4050873 0.8833975 0.2762942 -0.2825955 0.9185866 0.2309799 -0.4349049 0.8703482 0.4649443 -0.7721905 0.433069 0.645074 -0.7619729 0.05724579 4.23491e-5 -1 3.26857e-5 0.450291 -0.8914967 0.0497182 0.5967835 -0.7996928 0.06588757 0.3527572 -0.9349036 0.03895854 0.2511709 -0.9675451 0.02774345 0.1266212 -0.9918528 0.01396769 3.47203e-5 -1 1.23871e-5 0.626916 -0.7680103 0.1309063 5.28097e-5 -1 2.19978e-5 0.3528859 -0.9274376 0.1238193 0.6560843 -0.7162166 0.2378804 0.3692575 -0.9105669 0.1857874 5.06714e-5 -1 2.61925e-5 0.7248215 -0.6281674 0.2829128 0.5597738 -0.7957099 0.2312989 0.3738508 -0.9135098 0.1604228 0.2047464 -0.9746688 0.08999961 0.9666046 -0.2562723 4.14848e-5 0.9914302 -0.1207166 0.0499379 1 -1.25095e-5 -1.84285e-6 0.9204832 -0.3805956 0.08864504 0.9658659 -0.2393831 0.09899008 0.8509112 -0.4953039 0.1749985 0.9095388 -0.3840656 0.1588491 0.7237769 -0.6330562 0.2745665 0.7235676 -0.637848 0.2638178 0.8280281 -0.5181022 0.2143355 0.792374 -0.5649194 0.2302381 0.7248932 -0.6280929 0.2828946 0.828012 -0.518136 0.2143159 0.7242437 -0.6454784 0.2425464 0.9095311 -0.3840892 0.1588352 0.7235798 -0.6378335 0.2638195 0.9914204 -0.06201529 0.1150649 0.7264531 -0.6523689 0.2160573 0.7389869 -0.6676331 0.09035831 0.9961113 0.05585575 0.06813484 0.9914293 -0.120725 0.04993641 0.9658709 -0.2393534 0.09901124 1 1.52905e-5 -3.40119e-6 0.9711988 -0.1986728 0.1315374 0.9624751 0.2644564 0.06086617 0.9285869 -0.3687781 0.04158085 0.7439515 -0.668233 9.68788e-4 0.636421 0.7711625 0.01663661 0.7523082 0.6584506 0.02179831 0.2855329 0.9583689 3.85722e-5 0.9511508 -0.2937164 0.09509462 0.9897252 0.1189332 0.07936626 0.7208938 0.6929787 0.009626448 0.9351105 0.3527967 0.033212 0.9700496 0.2404546 0.03442716 0.9476712 0.3174018 0.03428536 0.9588845 0.2815933 0.035295 0.968751 0.245363 0.03631478 0.9772517 0.2087932 0.03721082 0.9801246 0.1951857 0.0354734 0.9964951 0.07458281 0.03788155 0.9880872 0.1495195 0.03643673 0.9992364 -7.2841e-4 0.03906458 0.9962999 -0.0760585 0.04002082 0.9877006 -0.1509488 0.04076975 0.9734917 -0.2249665 0.04127961 0.9537587 -0.29769 0.04153424 0.9512824 0.3053125 0.04296886 0.9618374 0.2700128 0.04429548 0.8082834 0.5886171 0.01441973 0.8810048 0.4707947 0.04672372 0.9563457 0.2921141 0.008504748 0.7529945 0.6579442 0.01043438 0.7833508 0.621478 0.01125448 0.9678604 0.2513364 0.008748292 0.9878942 0.1551256 0.00102061 0.9519278 0.3063215 8.84984e-4 0.9811695 0.1929365 0.009058296 0.9910809 0.1329336 0.009346902 0.998527 0.05339378 0.009648919 0.9999995 -2.23755e-5 0.001021027 0.9996017 -0.02643674 0.009886682 0.956488 0.2907124 0.02484208 0.9668915 0.2539138 0.02547228 0.9760289 0.2160621 0.02617126 0.9834212 0.1793575 0.02671319 0.9895482 0.141604 0.02725559 0.8925115 0.4487314 0.04542523 0.9603375 0.2722505 0.06026309 0.995887 0.05767548 0.06987541 0.967247 -0.2434305 0.07193744 0.9929973 0.09114497 0.07515943 0.9383994 -0.3347582 0.08569473 0.7045742 0.7096255 0.002635955 0.7120883 0.7020898 4.93165e-4 0.5946151 0.8040105 3.88632e-4 0.4627187 0.8865051 1.77152e-4 0.3758172 0.9266939 1.86324e-4 0.7377241 0.6750962 0.002908468 0.7691358 0.6390779 0.003100872 0.8928925 0.4502694 7.73646e-4 0.8122887 0.5832554 6.39485e-4 0.9291923 -0.3695551 0.00556153 0.8409358 -0.541134 0.001029431 0.9164394 -0.4001721 0.001052916 0.958316 -0.2857083 0.001080036 0.9856312 -0.1689083 0.001063525 0.9964001 -0.08476817 0.001095533 0.9918094 0.1110352 0.06313002 0.8789711 0.474974 0.04253697 -0.9848081 -0.1736462 0 -1 -1.97291e-5 -4.18238e-6 -1 -1.96323e-5 4.16264e-6 -0.9848073 -0.1736508 0 -0.9396934 -0.3420181 0 -0.9396919 -0.3420221 0 -0.8660255 -0.4999998 0 -0.8660259 -0.4999991 0 -0.7660461 -0.6427856 0 -0.7660427 -0.6427897 0 -0.6427875 -0.7660447 0 -0.6427878 -0.7660443 0 -0.5000019 -0.8660244 0 -0.4999973 -0.8660269 0 -0.3420227 -0.9396917 0 -0.3420181 -0.9396935 0 -0.1736507 -0.9848073 0 -0.1736456 -0.9848082 0 0.1736482 -0.9848078 0 0.1736483 -0.9848077 0 0.3420204 -0.9396926 0 0.4999999 -0.8660256 0 0.5000001 -0.8660254 0 0.6427875 -0.7660447 0 0.6427872 -0.7660449 0 0.7660446 -0.6427874 0 0.7660445 -0.6427876 0 0.8660256 -0.5 0 0.8660259 -0.4999993 0 0.9396917 -0.3420226 0 0.9396934 -0.3420181 0 0.9848078 -0.1736481 0 0.984808 -0.1736475 0 1 -1.90586e-5 -4.16264e-6 1 -1.95429e-5 4.18238e-6 -0.733177 -0.680038 -1.83599e-5 -0.8367314 -0.5476137 0 -0.8367261 -0.5476217 -5.05894e-6 -0.4367465 -0.8995846 1.75461e-6 -0.6089029 -0.7932448 -1.45964e-5 -0.4673585 -0.8840679 1.42098e-5 -0.3126663 -0.949863 -2.82221e-5 -0.1491448 -0.9888154 -8.09994e-6 0.002274513 -0.9999974 -3.94788e-6 0.0187115 -0.999825 -1.28674e-5 0.1858213 -0.9825837 -7.6339e-5 0.184411 -0.9828492 -2.95602e-6 0.3477682 -0.9375806 1.19307e-4 0.431423 -0.9021498 4.74043e-7 0.500001 -0.8660248 2.56777e-4 0.456848 -0.8895449 -1.41165e-6 0.4681763 -0.8836351 -2.19094e-7 0.4804689 -0.8770118 1.37021e-7 0.4973944 -0.8675245 0 0.5203635 -0.8539449 -1.20606e-7 0.5411071 -0.8409538 2.93367e-7 0.5675763 -0.8233209 0 0.6381039 -0.7699503 8.4906e-5 0.6281626 -0.778082 -1.19861e-6 0.7580163 -0.6522357 -3.41053e-5 0.8565633 -0.5160419 -9.32906e-6 0.9816613 -0.1906333 -7.38725e-6 0.9309123 -0.3652428 5.95814e-6 0.9789241 -0.2042245 -1.1432e-5 0.9993067 -0.0372309 -2.26945e-5 0.9914229 0.1306936 -1.16136e-6 0.8926141 0.4508216 -7.31837e-6 0.9555184 0.2949318 -1.23112e-5 0.8926136 0.4508226 0 0.8925994 0.450851 -2.85533e-7 0.8925987 0.450852 0 0.892599 0.4508516 0 -0.8367486 -0.5475872 7.50307e-7 -0.8367483 -0.5475878 3.86677e-7 -0.8367476 -0.5475888 0 0.9555324 -0.2948863 -1.04602e-4 0.8926134 -0.4508232 0 0.8926167 -0.4508166 -3.90038e-6 0.9966798 -0.08142131 -7.58842e-6 0.9914045 -0.130833 -6.54831e-5 0.9993041 0.03730374 -2.14625e-5 0.9672146 0.2539604 -3.1814e-6 0.9789517 0.2040922 -1.86321e-5 0.9309152 0.3652354 1.66053e-5 0.856562 0.5160443 -9.84152e-6 0.6103935 0.7920983 6.05127e-7 0.7580003 0.6522544 7.7273e-6 0.6381471 0.7699145 -9.73694e-6 0.5822812 0.8129875 -1.86265e-7 0.5000002 0.8660254 2.55174e-4 0.5476087 0.8367347 3.95114e-7 0.5280159 0.8492345 2.546e-7 0.5185957 0.8550196 0 0.5040351 0.8636832 -1.42696e-7 0.4861606 0.8738695 0 0.4740107 0.8805192 -2.83879e-7 0.4564703 0.8897387 -3.2039e-7 0.4325471 0.9016113 4.96919e-7 0.3478429 0.9375528 2.49189e-4 0.2945962 0.9556218 -2.6552e-6 0.1858165 0.9825845 -5.12356e-5 0.0186181 0.9998267 -1.69729e-5 -0.3782221 0.925715 1.16229e-6 -0.1491333 0.9888171 -1.94754e-5 -0.312685 0.9498569 -2.39501e-6 -0.467397 0.8840476 4.75033e-7 -0.6088971 0.7932493 3.6899e-6 -0.8367322 0.5476124 -1.6326e-5 -0.7331964 0.680017 2.45573e-5 -0.8367314 0.5476137 0 0.892599 -0.4508516 0 0.8925994 -0.4508507 -3.86566e-7 0.8925988 -0.4508519 0 -0.8367484 0.5475876 0 -0.8367483 0.5475878 0 -0.8367484 0.5475876 0 0.6400691 0.7222406 0.2620686 0.7879154 0.5710769 0.2303484 0.724931 0.6280378 0.2829197 0.5511448 0.8196529 0.1562323 0.5394182 0.8098166 0.2307054 0.3900479 0.9043867 0.1730535 0.8215031 0.5662444 0.06708425 0.9665974 0.2562997 -8.52533e-6 0.9141114 0.394945 0.09175306 0.8426507 0.5084165 0.1773489 0.7192308 0.6940793 0.03100144 0.2140074 0.9721574 0.09545069 -2.00599e-4 1 6.04838e-5 0 1 0 0 1 1.20189e-7 -3.80751e-6 1 3.5964e-5 1.83051e-6 1 3.08838e-5 0 0.9960987 0.08824723 1.39563e-4 0.9848093 0.1736395 4.28408e-7 0.9845479 0.1751154 3.75323e-7 0.9663525 0.2572218 1.44492e-4 0.9396902 0.342027 -5.25266e-7 0.9426085 0.3339 -4.27477e-7 0.9043342 0.4268252 -2.56588e-5 0.8660167 0.5000153 1.02259e-6 0.8347398 0.5506446 3.43182e-4 0.7660012 0.6428392 -8.71718e-7 0.7505797 0.6607799 1.98576e-4 0.6427642 0.7660641 -5.25266e-7 0.6317754 0.7751516 -1.86711e-4 0.4999849 0.8660341 6.20633e-6 0.3585959 0.9334929 -2.40981e-5 0.3418751 0.9397454 -1.80267e-4 0.1737363 0.9847923 4.18304e-6 5.66095e-5 1 -4.16264e-6 3.64855e-5 1 1 1.68606e-5 0 1 -2.29973e-5 0 1 9.09678e-6 0 1 3.0865e-5 0 1 -1.80483e-5 0 1 -4.42067e-5 0 1 -1.45514e-5 0 1 2.54806e-7 0 1 1.08885e-6 0 1 -1.92446e-5 0 1 -8.62069e-5 0 1 7.36746e-6 0 1 8.6192e-5 0 1 8.14837e-6 0 1 -1.68606e-5 0 1 1.45514e-5 0 4.00823e-6 0 1 -2.36729e-6 0 1 1.89923e-4 -0.1735325 0.9848281 -4.18238e-6 -3.5204e-5 1 1.27405e-6 0 1 7.94418e-6 -0.1556763 0.9878082 -8.04663e-7 -0.3079633 0.9513983 -1.10508e-4 -0.3423124 0.9395862 2.3206e-5 -0.5001119 0.8659608 -1.30013e-6 -0.587355 0.8093296 1.95348e-4 -0.6429372 0.765919 -2.66545e-6 -0.7717615 0.6359121 -5.74322e-6 -0.7660015 0.642839 -2.50184e-5 -0.8660286 0.4999946 -1.53668e-7 -0.8673985 0.4976143 -1.91294e-6 -0.9079728 0.4190292 -5.58895e-6 -0.9396964 0.3420099 2.28174e-7 -0.9442502 0.3292289 1.0659e-6 -0.96768 0.2521814 1.36528e-4 -0.9848096 0.1736373 2.89932e-7 -0.9858937 0.1673731 2.22582e-5 -0.996491 0.08370035 -3.70824e-6 -1 5.63388e-5 -2.2665e-6 -1 1.38395e-5 0 -1 3.15773e-7 -0.008014082 -0.9999605 -0.003869771 0.2061499 -0.9742015 0.09183675 0.05081552 -0.2098955 0.9764024 0.5680564 -0.8173959 0.09579026 0.373483 -0.9138324 0.1594389 0.5603513 -0.7952683 0.231419 0.8019983 -0.5815732 0.1362771 0.7238179 -0.6319165 0.2770727 0.9198722 -0.3828719 0.085114 0.9666143 -0.2562357 8.24034e-6 0.8499585 -0.4987977 0.1696217 0.7913255 -0.5687083 0.2244433 0.8150665 -0.5757045 0.06504708 0 0 -1 2.5715e-5 0 -1 -2.30811e-5 0 -1 -1.74115e-5 0 -1 4.47449e-5 0 -1 5.83428e-6 0 -1 1.76828e-5 0 -1 -5.90115e-6 0 -1 1.79563e-5 0 -1 2.98542e-6 0 -1 -3.02172e-6 0 -1 -1.41206e-4 0 -1 1.22386e-5 0 -1 -1.10773e-5 0 -1 -3.07069e-5 0 -1 7.07311e-5 0 -1 -7.74799e-6 0 -1 1.11861e-5 0 -1 -6.96461e-5 0 -1 3.21903e-5 0 -1 -1.69493e-5 0 -1 -5.94884e-5 0 -1 3.38267e-5 0 -1 -1.71265e-5 0 -1 6.25598e-6 0 -1 5.77028e-6 0 -1 -4.27943e-5 0 -1 3.27123e-5 0 -1 -1.82907e-5 0 -1 -1.18026e-5 0 -1 -2.3351e-5 0 -1 2.98535e-6 0 -1 3.96197e-6 0 -1 -6.04345e-6 0 -1 5.40372e-5 0 -1 1.22386e-5 0 -1 -3.1693e-5 0 -1 3.81014e-5 0 -1 -1.57028e-6 0 -1 2.81354e-5 0 -1 -7.08988e-6 0 -1 -8.48877e-5 0.9998551 -0.01702564 -8.36161e-5 0.9998552 -0.01702517 4.65666e-4 0.5146697 0.8573885 4.55856e-4 0.514665 0.8573913 5.32546e-4 -0.4851826 0.8744128 5.27751e-4 -0.4851899 0.8744088 8.43205e-5 -0.9998551 0.01702642 8.34325e-5 -0.9998551 0.017026 -4.4933e-4 -0.5146725 -0.8573868 -4.50144e-4 -0.5146694 -0.8573887 -5.43275e-4 0.4851837 -0.874412 -5.26022e-4 0.4851849 -0.8744114 -4.01866e-7 1 -2.82153e-5 -4.08051e-6 1 -7.38353e-6 -7.87191e-5 0.98539 -0.170313 -4.40529e-5 0.9848098 -0.173637 -1.43255e-6 0.942045 -0.3354866 -2.40604e-5 0.9396933 -0.3420184 3.84914e-5 0.8711922 -0.4909421 1.6263e-5 0.866025 -0.5000008 5.85597e-5 0.7749083 -0.6320739 -1.56704e-5 0.7660458 -0.6427861 5.42428e-5 0.6559993 -0.7547615 -1.87526e-5 0.6427881 -0.7660441 2.089e-5 0.517938 -0.8554182 7.47899e-6 0.4999996 -0.8660258 5.7562e-5 0.3647687 -0.9310982 1.41668e-5 0.3420192 -0.939693 -1.96393e-6 0.2009395 -0.9796037 -4.38853e-5 0.1736721 -0.9848036 -1.12066e-5 0.03123652 -0.9995121 -4.09985e-6 0.03125733 -0.9995114 -1.47307e-5 -3.87746e-6 -1 -1.46404e-6 -0.1285974 -0.9916969 -7.63684e-7 -0.1736537 -0.9848068 6.84336e-6 -0.2851465 -0.9584839 -9.71183e-6 -0.3420206 -0.9396924 -1.28374e-5 -0.4343884 -0.9007257 -2.11597e-5 -0.5000008 -0.866025 -3.18736e-5 -0.5725144 -0.8198947 -1.71214e-5 -0.6427933 -0.7660398 7.23451e-6 -0.6959722 -0.7180687 9.235e-6 -0.7660437 -0.6427886 -8.10996e-6 -0.8016048 -0.5978544 -1.03805e-5 -0.8660256 -0.4999998 -1.64397e-5 -0.8867144 -0.4623177 0 -0.9396917 -0.3420226 3.84264e-6 -0.9491046 -0.3149613 -5.80703e-6 -0.9848045 -0.1736671 -1.91992e-6 -0.9871949 -0.1595189 -4.01726e-6 -1 -2.83319e-5 -3.84074e-6 -1 3.61353e-6 3.02181e-6 0 -1 0.9971655 -0.03452438 0.06685084 0.9971655 0.03452622 0.06685054 0.9974398 0.02643227 0.06644654 0.9976513 0.01800435 0.06608963 0.9977903 0.00853008 0.0658915 0.9978315 -0.001170158 0.0658093 0.9977521 -0.011864 0.06595426 0.9975249 -0.02348864 0.06627625 -0.9850417 0.172316 0 -1 1.13994e-5 4.15029e-6 -1 1.1757e-5 -4.1307e-6 -0.9850424 0.172312 0 -0.9406152 0.3394749 0 -0.9406167 0.3394704 0 -0.8680501 0.4964766 0 -0.8680526 0.4964723 0 -0.7695156 0.638628 0 -0.7695189 0.6386243 0 -0.6479603 0.7616742 0 -0.6479647 0.7616704 0 -0.5070238 0.8619322 0 -0.5070285 0.8619293 0 -0.3509173 0.9364066 0 -0.3509213 0.936405 0 -0.1843121 0.9828678 0 -0.1843162 0.982867 0 -0.01219582 0.9999257 0 -0.01219582 0.9999257 0 0.1602898 0.9870701 0 0.1602851 0.9870707 0 0.3279736 0.944687 0 0.3279729 0.9446873 0 0.4858518 0.8740412 0 0.4858527 0.8740408 0 0.6291922 0.7772498 0 0.6291914 0.7772505 0 0.7537121 0.6572048 0 0.7537104 0.6572067 0 0.8556844 0.5174981 0 0.855683 0.5175004 0 0.932057 0.3623119 0 0.9320557 0.362315 0 0.9805465 0.1962873 0 0.9805465 0.1962867 0 0.9997022 0.02440273 -4.15029e-6 0.9997023 0.02440303 4.1307e-6 -1 2.47866e-4 0 -1 2.56939e-5 0 -1 -1.68558e-4 0 -1 6.99108e-5 0 -1 -8.19143e-7 0 -1 2.32504e-7 0 -1 -1.88551e-6 0 -1 5.00564e-7 0 -1 -3.36545e-6 0 -1 -4.84543e-7 0 -1 8.76812e-6 0 -1 -2.71393e-6 0 -1 -1.51161e-6 0 -1 2.03016e-7 0 -1 2.1843e-7 0 -1 -2.56747e-7 0 -1 -1.96419e-7 0 -1 -1.25374e-7 0 -1 1.96411e-7 0 -1 -4.00053e-7 0 -1 1.97343e-7 0 -1 -5.60991e-7 0 -1 1.35886e-6 0 -1 -3.04303e-6 0 -1 8.60974e-7 0 -1 1.75562e-6 0 -1 0 0 -1 0 0 -1 -5.23285e-6 0 -1 -3.96208e-7 0 -1 4.49047e-6 0 -1 -2.479e-4 0 -1 -2.56951e-5 0 -1 1.68562e-4 0 -1 -6.99123e-5 0 -1 -3.05084e-6 0 -1 7.44817e-7 0 -1 -9.77867e-7 0 -1 1.10383e-6 0 -1 1.41996e-6 0 -1 2.36128e-4 0 -1 -1.58711e-4 0 -1 2.36239e-4 0 -1 3.42654e-5 0 -1 9.52817e-6 0 -1 -2.24874e-5 0 -1 1.86345e-5 0 -1 -6.3083e-7 0 -1 -1.11193e-6 0 -1 -1.61688e-5 0 -1 2.14069e-5 0 -1 6.79417e-6 0 -1 3.98102e-6 0 -1 -3.3893e-6 0 -1 2.07994e-6 0 -1 -1.33408e-6 0 -1 6.68213e-7 0 -1 7.9315e-7 0 -1 -8.20262e-7 0 -1 8.50659e-7 0 -1 -8.71279e-7 0 -1 -9.28957e-7 0 -1 -6.15379e-7 0 -1 3.18962e-6 0 -1 -4.63411e-7 0 -1 8.13352e-6 0 -1 -7.62747e-6 0 -1 3.18672e-6 0 -1 -1.1423e-6 0 -1 1.07996e-6 0 -1 -5.3487e-7 0 -1 1.38619e-6 0 -1 -4.22897e-6 0 -1 3.14978e-6 0 -1 -4.36503e-7 0 -1 4.82402e-7 0 -1 7.28689e-7 0 -1 0 0 -1 2.25609e-6 0 -1 5.04847e-5 0 -1 1.58673e-4 0 -1 -2.36295e-4 0 -1 -2.64285e-5 0 -1 -2.44061e-5 0 -1 7.93651e-5 0 -1 -9.57166e-7 0 -1 1.17949e-6 0 -1 -3.65188e-6 0 -1 7.90862e-7 0 -1 -2.70104e-6 0 -1 3.38483e-6 0 -1 -6.75278e-6 0 -1 -1.32667e-5 0 -1 7.76102e-6 0 -1 -7.76102e-6 0 1 -8.62337e-7 0 1 8.62335e-7 0 0 -0.1285914 0.9916977 0 0.03120666 0.999513 0 0.0312066 0.999513 0 -0.1285923 0.9916976 0 -0.2851427 0.9584851 0 -0.2851435 0.9584849 0 -0.4343879 0.900726 0 -0.4343892 0.9007254 0 -0.5725104 0.8198975 0 -0.572512 0.8198963 0 -0.6959709 0.71807 0 -0.6959708 0.7180702 0 -0.8016054 0.5978536 0 -0.8016052 0.5978539 0 -0.8867114 0.4623234 0 -0.8867114 0.4623235 0 -0.9491065 0.3149557 0 -0.949106 0.3149569 0 -0.9871946 0.1595209 0 -0.9871944 0.159522 0 -1 -1.36346e-6 0 -1 4.84884e-5 -1 -3.8279e-6 0 -1 3.88724e-6 0 -1 -1.06313e-5 0 -1 -4.13121e-6 0 -1 1.92545e-5 0 -1 -3.46234e-6 0 -1 -7.99701e-6 0 -1 1.39696e-5 0 -1 -5.62722e-6 0 -1 1.26738e-5 0 -1 5.35988e-6 0 -1 -1.18608e-5 0 -1 5.92801e-6 0 -1 -7.65697e-6 0 -1 1.05387e-5 0 -1 9.07326e-6 0 -1 1.07198e-5 0 -1 -6.67169e-6 0 -1 -1.12545e-5 0 -1 6.33693e-6 0 -1 -3.4924e-6 0 1.83459e-6 0 1 -2.32178e-6 0 1 -1.83529e-6 0 1 2.32295e-6 0 1 -1.83598e-6 0 1 -1.83241e-6 0 1 -1.14791e-6 0 1 1.16267e-6 0 1 -1.83166e-6 0 1 2.756e-6 0 1 1.74492e-6 0 1 4.57915e-7 0 1 -9.16204e-7 0 1 2.3142e-6 0 1 1.83315e-6 0 1 2.3132e-6 0 1 -2.32178e-6 0 1 1.8405e-6 0 1 -2.31126e-6 0 1 1.16032e-6 0 1 2.31032e-6 0 1 -2.31951e-6 0 1 -1.84168e-6 0 1 1.73881e-6 0 1 1.67263e-6 0 1 -1.73642e-6 0 1 4.60274e-7 0 1 -2.31126e-6 0 1 -1.1566e-6 0 1 9.2025e-7 0 1 0 0.5446036 -0.8386936 0 0.6755485 -0.7373156 0 0.5446037 -0.8386937 0 0.6755487 -0.7373154 0 0.7879794 -0.6157016 0 0.7879797 -0.6157014 0 0.8787974 -0.4771951 0 0.8787971 -0.4771957 0 0.945511 -0.3255904 0 0.9455118 -0.325588 0 0.9862843 -0.1650558 0 0.9862842 -0.1650559 0 1 -2.34023e-5 0 1 -2.36481e-5 4.97126e-5 -0.5427476 -0.839896 -1.57102e-4 -0.543301 -0.839538 -1.97309e-7 -0.4466113 -0.8947281 0 -0.4466176 -0.894725 4.60466e-7 -0.6323142 -0.7747122 -1.50139e-6 -0.6333124 -0.7738963 2.11269e-4 -0.7517515 -0.6594465 -1.98486e-4 -0.7524136 -0.6586911 2.01796e-4 -0.8504497 -0.5260564 -1.34242e-4 -0.8509655 -0.5252216 2.92945e-4 -0.925758 -0.3781167 -5.36235e-5 -0.9260748 -0.3773401 1.85933e-4 -0.9755619 -0.219725 -1.51247e-4 -0.9757493 -0.2188913 1.34829e-4 -0.9984664 -0.05536192 -1.2523e-4 -0.9985015 -0.05472618 1.20175e-4 -0.9938712 0.1105443 1.80392e-4 -0.9937842 0.1113241 1.0759e-4 -0.9618856 0.2734521 -8.04244e-5 -0.9617601 0.2738935 7.91729e-5 -0.9034147 0.428768 -6.37243e-5 -0.9032486 0.4291176 7.00031e-5 -0.8200373 0.57231 -5.52162e-5 -0.8198684 0.5725521 2.64937e-5 -0.7140705 0.7000739 -6.51744e-6 -0.7139658 0.7001807 1.31512e-4 -0.5884787 0.8085128 1.02498e-4 -0.5884171 0.8085576 7.71448e-7 -0.4466025 0.8947325 0 -0.446601 0.8947333 0 0.446618 0.8947247 0 0.5427849 0.8398719 0 0.4466193 0.8947242 0 0.5427821 0.8398736 0 0.6323031 0.7747212 0 0.6323186 0.7747086 0 0.7517481 0.6594504 0 0.7517475 0.6594511 0 0.8504715 0.5260211 0 0.8504719 0.5260205 0 0.9257674 0.3780936 0 0.9257677 0.3780929 0 0.9755554 0.2197539 0 0.9755555 0.2197534 0 0.9984664 0.05536085 0 0.9984665 0.05536037 0 0.993869 -0.1105648 0 0.9938689 -0.110565 0 0.9618899 -0.2734371 0 0.9618901 -0.2734365 0 0.90341 -0.4287777 0 0.9034106 -0.4287765 0 0.8200383 -0.5723087 0 0.8200389 -0.5723078 0 0.7140766 -0.7000675 0 0.7140774 -0.7000669 0 0.5884445 -0.8085376 0 0.5884441 -0.808538 0 0.4466063 -0.8947306 0 0.4466047 -0.8947314 0 -1 5.5795e-6 0 -1 -3.79992e-6 0 -1 1.71343e-6 0 -1 1.21937e-5 0 -1 -2.77716e-5 0 1 1.11542e-5 0 1 -1.35194e-5 0 1 1.82762e-5 0 1 -2.31704e-6 0 1 1.6272e-5 0 1 -2.57538e-5 0 1 2.53072e-5 0 1 -1.13029e-6 0 1 -1.76897e-5 7.45063e-6 1 -5.18234e-7 -1 -2.61433e-5 0 -1 1.18917e-5 0 -1 1.26403e-5 0 -1 -1.26693e-5 0 -1 -4.21221e-6 0 -1 5.41056e-6 0 -1 6.3369e-6 0 -1 -2.84599e-6 0 -1 -7.4984e-6 0 -1 2.73863e-6 0 -1 -2.60035e-6 0 -1 6.41279e-6 0 -1 2.18656e-6 0 -1 -4.3531e-6 0 -1 -3.29996e-6 0 -1 9.42081e-6 0 -1 -9.98901e-6 0 -1 -6.21999e-6 0 -1 6.93731e-6 0 -1 -4.64576e-5 0 -1 1.85976e-5 0 -1 2.76419e-5 0 -1 -1.85978e-5 0 -1 2.76411e-5 0 -1 -2.7897e-5 0 -1 -2.76072e-5 0 -1 7.1815e-7 0 -1 -7.93112e-7 0 -1 6.00004e-7 0 -1 2.77125e-5 0 -1 -4.88876e-6 0 -1 -5.71429e-7 0 -1 4.56454e-5 0 -1 9.05395e-7 0 1 1.65682e-5 0 1 5.88751e-6 0 1 -1.35307e-5 0 1 9.28885e-6 0 1 3.18432e-6 0 1 -9.92231e-6 0 1 -1.94064e-5 0 1 2.85883e-5 0 1 -4.70309e-6 0 1 -1.39889e-5 0 1 1.74252e-5 0 1 -6.03427e-5 0 1 9.7009e-7 0 1 9.93792e-7 0 1 -2.88153e-6 0 1 -2.93613e-6 0 1 1.28935e-6 0 1 1.04832e-6 0 1 -1.90862e-6 0 1 2.52276e-6 0 1 -3.15824e-6 0 1 7.78957e-7 0 1 4.41053e-6 0 1 9.45543e-7 0 1 -2.88065e-6 0 1 9.72542e-7 0 1 -1.48214e-6 0 1 3.56276e-6 0 1 -3.47737e-7 0 1 8.63113e-6 0 1 3.58465e-6 0 1 2.88794e-6 0 1 -8.97118e-6 0 1 6.88062e-6 0 1 -7.82926e-6 0 1 4.30718e-6 0 1 1.03683e-5 0 1 -2.3107e-6 0 1 -6.45551e-6 0 1 -7.93802e-6 0 1 -6.97844e-6 0 1 2.01546e-6 0 1 -2.80964e-6 0 1 4.58084e-6 0 1 -2.19485e-5 0 1 6.95831e-6 0 1 -6.95522e-6 0 1 6.87595e-6 0 1 -5.25674e-6 0 1 8.67577e-6 0 1 -1.37151e-5 0 1 1.79115e-5 0 1 4.17737e-6 0 1 -2.11928e-6 0 1 7.11141e-6 0 1 -3.33675e-6 0 1 1.1414e-6 0 1 1.52442e-6 0 1 2.51934e-6 0 1 2.36611e-6 0 1 -4.74919e-6 0 1 5.15285e-6 0 1 5.147e-7 0 1 7.87759e-7 0 1 -5.68455e-7 0 1 -1.40143e-6 0 1 1.64523e-6 0 1 -3.08817e-6 0 1 1.26908e-5 0 1 -7.09209e-7 0 1 6.22245e-6 0 1 -1.21233e-5 0 1 4.40921e-6 0 1 -1.10054e-5 0 1 -2.16476e-6 0 1 3.71598e-6 0 1 -6.11713e-7 0 1 -1.63413e-6 0 1 -2.07672e-6 0 1 3.71956e-6 0 1 3.63536e-7 0 1 2.37812e-6 0 1 2.95928e-6 0 1 -1.81654e-6 0 1 9.86723e-7 0 1 -9.04069e-6 0 1 4.21421e-5 0 1 -2.59744e-7 0 1 1.74499e-5 0 1 7.7047e-7 0 1 2.30996e-6 0 1 -3.79611e-5 0 1 -9.65766e-7 0 1 -1.33017e-5 0 1 -1.82473e-6 0 1 1.15965e-5 0 1 8.6549e-7 0 1 6.69703e-6 0 1 -9.27205e-7 0 1 -1.62127e-5 0 1 -1.16965e-5 0 1 2.60304e-6 0 1 -1.18259e-5 0 1 3.77097e-5 0 1 -3.11627e-6 0 1 -1.25244e-5 0 1 6.39822e-6 0 1 -4.05221e-6 0 1 -6.11546e-6 0 1 1.18217e-5 0 1 -2.85894e-5 0 1 1.94064e-5 0 1 9.92191e-6 0 1 -3.18439e-6 0 1 -1.16469e-5 0 1 6.76498e-6 0 1 -1.65687e-5 0 1 1.22465e-5 0 1 2.70607e-5 0 1 -3.47754e-6 0 1 7.43925e-6 0 1 3.64751e-6 0 1 1.20895e-6 0 1 -5.83468e-6 0 1 1.07766e-5 0 1 -6.05017e-6 0 1 2.84863e-6 0 1 6.68244e-6 0 1 5.75256e-6 0 1 -1.6499e-6 0 1 2.47886e-4 0 1 1.6656e-4 0 1 -4.95619e-5 0 1 1.62393e-6 0 1 -7.72651e-6 0 1 -1.14905e-6 0 1 -9.26998e-7 0 1 4.85818e-6 0 1 4.34299e-5 0 1 -5.06346e-6 0 1 -2.4992e-7 0 1 -1.03853e-5 0 1 -4.06149e-6 0 1 1.62778e-5 0 1 -1.05438e-5 0 1 -6.78825e-7 0 1 9.20529e-7 0 1 -9.24543e-6 0 1 1.13383e-6 0 1 2.16506e-5 0 1 -4.72575e-6 0 1 1.20018e-6 0 1 -1.53992e-6 0 1 -4.73495e-7 0 1 -2.08372e-6 0 1 -5.17986e-6 0 1 1.43048e-5 0 1 -2.1839e-6 0 1 2.19857e-6 0 1 -3.693e-7 0 1 9.88181e-6 0 1 -9.67123e-6 0 1 1.4855e-6 0 1 -1.13175e-6 0 1 -2.40242e-6 0 1 1.01017e-5 0 1 -2.36979e-6 0 1 -1.75358e-6 0 1 6.26365e-7 0 1 -6.01652e-7 0 1 -7.99431e-7 0 1 -6.68237e-6 0 1 -2.84863e-6 0 1 6.05028e-6 0 1 -1.07765e-5 0 1 5.83464e-6 0 1 -1.20895e-6 0 1 7.72658e-6 0 1 -3.49562e-5 0 1 -4.85819e-6 0 1 9.27007e-7 0 1 1.14906e-6 0 1 -1.62393e-6 0 1 4.95619e-5 0 1 -4.67702e-6 0 1 -2.479e-4 0 1 6.30856e-5 0 1 -1.0278e-4 0 1 2.07603e-5 0 1 2.88171e-6 0 1 -2.05832e-6 0 1 -1.93601e-6 0 0 -0.1564553 0.9876852 -3.76505e-6 -4.38243e-5 1 2.63207e-5 -4.41894e-5 1 0 -0.1564605 0.9876842 0 -0.3090126 0.951058 0 -0.3090083 0.9510594 0 -0.4539811 0.8910114 0 -0.4539821 0.8910108 0 -0.5877935 0.809011 0 -0.5877835 0.8090183 0 -0.7071144 0.7070993 0 -0.7071046 0.7071091 0 -0.8090116 0.5877926 0 -0.8090009 0.5878075 0 -0.8910104 0.4539829 0 -0.8910023 0.4539989 0 -0.9510632 0.3089966 0 -0.9510636 0.3089953 0 -0.9876843 0.1564601 0 -0.9876846 0.1564583 3.76503e-6 -1 5.94929e-5 -3.75183e-6 -1 -3.62769e-5 0 0.987688 0.1564366 -3.76503e-6 1 5.95897e-5 3.74727e-6 1 5.94929e-5 0 0.987688 0.1564373 0 0.951064 0.3089943 0 0.9510636 0.3089953 0 0.8910017 0.454 0 0.8910009 0.4540016 0 0.8090021 0.5878058 0 0.8090108 0.587794 0 0.7070932 0.7071204 0 0.7071137 0.7070999 0 0.5877829 0.8090187 0 0.5878033 0.8090039 0 0.4539828 0.8910105 0 0.4539919 0.8910058 0 0.3090088 0.9510592 0 0.3090071 0.9510598 0 0.1564558 0.987685 0 0.1564544 0.9876852 3.76505e-6 4.41819e-5 1 -3.74728e-6 4.38243e-5 1 0.7071105 -0.6724987 -0.2184954 0.7071155 -0.6655896 -0.2387012 0.7071103 -0.6148859 -0.3491569 0.7071263 -0.6966403 -0.1210986 0.7071226 -0.7070909 -2.74215e-5 0.7071173 -0.7070964 -9.31323e-7 0.7071058 -0.6123853 -0.3535332 0.7071106 -0.664475 -0.2418007 0.7071142 -0.6963576 -0.1227825 0.7070916 -0.5720753 -0.4156338 0.7071111 -0.5459834 -0.4493286 0.7071092 -0.460964 -0.5361984 0.7071065 -0.5416682 -0.4545283 0.7071106 -0.4156225 -0.5720601 0.7071157 -0.3622872 -0.607236 0.7070981 -0.3535401 -0.6123903 0.7070949 -0.4545346 -0.5416783 0.7071322 -0.2185074 -0.672472 0.7071055 -0.2529221 -0.6603274 0.7071117 -0.1360759 -0.6938851 0.7070706 -0.1227703 -0.6964042 0.7071098 -0.2418352 -0.6644634 0.7071343 -1.62917e-6 -0.7070792 0.7071071 -0.01525145 -0.706942 0.7070972 0.106108 -0.6991099 0.7070742 0.1227688 -0.6964008 0.707115 -7.47659e-7 -0.7070986 0.707106 0.2185063 -0.6724999 0.7071164 0.2243234 -0.670571 0.7071545 0.3357973 -0.6222321 0.7071163 0.3535581 -0.6123588 0.7071075 0.241843 -0.6644629 0.7071186 0.4156185 -0.5720529 0.7071095 0.4374756 -0.555528 0.7071165 0.5261422 -0.4723989 0.7070948 0.4545317 -0.5416807 0.7071028 0.5720622 -0.4156327 0.7071101 0.5993006 -0.3752788 0.7071107 0.6547157 -0.2670989 0.7071043 0.6123896 -0.3535287 0.7071237 0.5416812 -0.4544862 0.7071035 0.6725002 -0.2185137 0.7071302 0.7003294 -0.09749746 0.7071112 0.7071023 -3.75584e-5 0.7071152 0.6817777 -0.1875298 0.707112 0.7071016 -1.21691e-5 0.7071246 0.6963478 -0.1227781 0.7071003 0.6644695 -0.241846 0.7071128 -0.6724964 -0.2184952 0.7071119 -0.665593 -0.2387024 0.7071068 -0.6148889 -0.3491588 0.7071194 -0.6966472 -0.1210995 0.7071176 -0.707096 -2.71128e-5 0.7071064 -0.7071073 -9.0152e-7 0.7071039 -0.6123892 -0.3535303 0.707117 -0.6644681 -0.2418007 0.7071026 -0.6963687 -0.1227871 0.7070937 -0.5720739 -0.4156321 0.7071085 -0.5459865 -0.4493287 0.7071082 -0.4609688 -0.5361957 0.7071037 -0.5416716 -0.4545288 0.7071121 -0.4156224 -0.5720582 0.7071149 -0.3622865 -0.6072372 0.7071198 -0.3535625 -0.6123522 0.707098 -0.4545304 -0.5416776 0.7070984 -0.2185094 -0.6725068 0.7071059 -0.2529221 -0.6603271 0.707114 -0.1360734 -0.6938831 0.7070944 -0.1227848 -0.6963775 0.7071051 -0.2418496 -0.6644632 0.7071331 -2.69106e-6 -0.7070804 0.707093 -0.01516044 -0.7069582 0.7071278 0.1061079 -0.699079 0.7070978 0.1227834 -0.6963741 0.7071063 -4.29849e-7 -0.7071073 0.7071055 0.218508 -0.6725 0.7071313 0.2245407 -0.6704826 0.7071236 0.3358337 -0.6222475 0.7070973 0.3535411 -0.6123906 0.7071079 0.2418553 -0.664458 0.7071173 0.4156224 -0.5720517 0.7070976 0.4374477 -0.555565 0.707115 0.5261443 -0.4723989 0.7071001 0.4545261 -0.5416784 0.7071025 0.5720635 -0.4156314 0.7071099 0.5993003 -0.3752794 0.7071133 0.6547138 -0.267097 0.7071008 0.6123952 -0.3535261 0.7071205 0.541682 -0.4544902 0.707106 0.6724978 -0.2185126 0.7071241 0.7003359 -0.09749513 0.7071132 0.7071004 -3.76478e-5 0.707113 0.6817801 -0.187529 0.7070984 0.7071152 -1.08313e-5 0.7071108 0.6963607 -0.122785 0.7071065 0.6644629 -0.241846 3.70541e-6 -0.5999927 -0.8000056 -3.68561e-6 -0.6000552 -0.7999586 0 -0.7160081 -0.698092 0 -0.7159858 -0.6981148 0 -0.8149148 -0.5795809 0 -0.8149144 -0.5795815 0 -0.894427 -0.4472141 0 -0.8944192 -0.4472298 0 -0.9526063 -0.304206 0 -0.9526135 -0.3041833 0 -0.9880796 -0.1539448 0 -0.9880797 -0.153944 3.68793e-6 -1 5.53578e-6 -3.70767e-6 -1 7.58469e-6 3.70542e-6 1 5.53578e-6 -3.68561e-6 1 -8.82894e-5 0 0.9880762 -0.1539661 0 0.988083 -0.1539227 0 0.9526134 -0.3041841 0 0.9526065 -0.3042052 0 0.894419 -0.4472303 0 0.8944271 -0.4472137 0 0.8149144 -0.5795815 0 0.8149247 -0.5795668 0 0.7159989 -0.6981015 0 0.7160187 -0.6980811 3.68566e-6 0.6000321 -0.799976 -3.70536e-6 0.6000421 -0.7999684 0.7070985 -0.6644673 -0.2418573 0.7071133 -0.6547148 -0.2670943 0.7071027 -0.5993031 -0.3752886 0.7071061 -0.6817837 -0.1875421 0.7070973 -0.7003665 -0.09746879 0.707113 -0.7071006 -1.04159e-5 0.7071066 -0.7071071 -3.56287e-5 0.7070861 -0.6123872 -0.3535693 0.7071072 -0.6644617 -0.2418475 0.7071132 -0.6963592 -0.1227803 0.707135 -0.5416532 -0.4545019 0.7070968 -0.5261984 -0.4723659 0.7071024 -0.4374688 -0.5555424 0.7071233 -0.4545171 -0.5416558 0.707105 -0.5416795 -0.4545172 0.7070859 -0.3535645 -0.6123903 0.7071127 -0.3358122 -0.6222714 0.7071204 -0.2242912 -0.6705776 0.7070886 -0.2418398 -0.6644842 0.7071092 -0.3535547 -0.6123688 0.7071277 -0.1227849 -0.6963436 0.7071043 -0.1061206 -0.6991009 0.707129 0.01520431 -0.7069212 0.7070889 2.97092e-7 -0.7071247 0.7071072 -0.1227789 -0.6963654 0.7071287 0.1227846 -0.6963426 0.7071104 0.1360825 -0.6938852 0.7071232 0.2529158 -0.6603109 0.7070868 0.2418387 -0.6644865 0.7071071 0.1227793 -0.6963654 0.707089 0.3535604 -0.612389 0.7071045 0.3622518 -0.6072701 0.7071105 0.4609618 -0.5361985 0.7070876 0.454535 -0.5416873 0.7071031 0.3535509 -0.6123781 0.7071068 0.5416738 -0.4545212 0.7071059 0.5459926 -0.4493255 0.7071238 0.6148762 -0.3491467 0.7070893 0.6123848 -0.3535671 0.7071068 0.5416778 -0.4545164 0.7071007 0.6644657 -0.2418551 0.7071217 0.6966432 -0.1211084 0.7071068 0.7071068 -2.06679e-5 0.7071041 0.6655977 -0.2387123 0.7070997 0.7071139 -3.34359e-5 0.7071148 0.6963578 -0.1227785 0.7071062 0.6644626 -0.2418481 0.7070971 -0.672506 -0.2185161 0.7071244 -0.6817612 -0.1875553 0.707114 -0.6547157 -0.2670904 0.7071225 -0.7003428 -0.09745669 0.7071059 -0.7071077 -1.85928e-5 0.7071126 -0.707101 -6.04093e-5 0.7070942 -0.6123925 -0.353544 0.7071083 -0.6644792 -0.241796 0.707114 -0.6963554 -0.1227968 0.7071048 -0.5720632 -0.4156279 0.7071106 -0.5993 -0.375279 0.707117 -0.5261448 -0.4723954 0.7071057 -0.5416666 -0.4545314 0.7071132 -0.415625 -0.5720549 0.707095 -0.4374516 -0.5555654 0.7071208 -0.3358271 -0.6222543 0.7071166 -0.3535583 -0.6123583 0.7070971 -0.4545304 -0.5416787 0.7071062 -0.2185074 -0.6724993 0.7071157 -0.2243234 -0.6705717 0.7070971 -0.1061075 -0.6991101 0.7071026 -0.1227861 -0.6963689 0.7071043 -0.2418425 -0.6644665 0.7071338 1.25414e-6 -0.7070798 0.7071115 0.01525044 -0.7069376 0.70711 0.1360763 -0.6938866 0.7070973 0.1227852 -0.6963743 0.7071191 -1.07919e-6 -0.7070946 0.7070991 0.2185082 -0.6725065 0.7070999 0.252926 -0.6603319 0.7071096 0.3622907 -0.6072409 0.707116 0.35356 -0.612358 0.707102 0.241841 -0.6644695 0.7071143 0.4156202 -0.572057 0.7071061 0.4609665 -0.5362006 0.7070937 0.454537 -0.5416775 0.7071222 0.5720439 -0.4156249 0.7071184 0.5459823 -0.4493183 0.7071109 0.6148872 -0.3491532 0.7071002 0.6123874 -0.3535407 0.7071023 0.5416707 -0.454532 0.7070891 0.6725077 -0.2185369 0.707129 0.6966364 -0.1211049 0.7071199 0.7070938 -3.08752e-5 0.7071159 0.6655907 -0.2386969 0.7071134 0.7071002 -1.10471e-5 0.707119 0.6963524 -0.122785 0.7070942 0.6644747 -0.2418495 1 1.06304e-6 0 1 5.8301e-6 0 1 -1.06304e-6 0 1 1.06304e-6 0 4.18238e-6 1 -1.56388e-5 -4.16264e-6 1 -1.57654e-5 0 0.9848085 -0.1736443 0 0.9848079 -0.1736481 0 0.9396926 -0.3420205 0 0.9396914 -0.3420234 0 0.8660259 -0.4999991 0 0.8660245 -0.5000016 0 0.7660459 -0.642786 0 0.7660436 -0.6427887 0 0.6427887 -0.7660437 0 0.6427857 -0.7660461 0 0.5000022 -0.8660242 0 0.4999986 -0.8660263 0 0.3420212 -0.9396923 0 0.3420169 -0.9396938 0 0.1736505 -0.9848074 0 0.1736463 -0.9848082 0 -6.44801e-6 -1 1.24932e-5 -1.15742e-5 -1 4.57652e-6 -0.1564245 -0.98769 -1.47894e-6 -0.1736477 -0.9848079 5.11319e-6 -0.3090139 -0.9510576 4.06057e-7 -0.3420206 -0.9396926 1.07558e-5 -0.453987 -0.8910084 2.10283e-5 -0.4999972 -0.866027 2.29934e-5 -0.587777 -0.809023 -2.80393e-5 -0.6427884 -0.7660439 -4.28222e-6 -0.707106 -0.7071076 -2.88719e-5 -0.7660443 -0.6427878 2.3305e-5 -0.8090202 -0.5877808 -2.93599e-5 -0.8660247 -0.5000014 7.01146e-6 -0.8910099 -0.4539839 -1.50595e-6 -0.9396936 -0.3420178 2.04076e-6 -0.9510579 -0.3090131 -1.27777e-6 -0.9848075 -0.1736502 4.38536e-6 -0.9876899 -0.1564245 -3.74112e-6 -1 -3.74085e-5 -3.76505e-6 -1 -1.47596e-5 3.39496e-6 1 -3.14862e-5 -3.72217e-6 1 6.33299e-7 -1.3712e-5 0.9878569 -0.1553673 -2.73596e-5 0.9848105 -0.1736324 1.53954e-4 0.9517397 -0.3069066 -2.44263e-5 0.9396976 -0.3420066 7.03211e-5 0.8925065 -0.4510346 2.27761e-5 0.8660243 -0.500002 3.78175e-6 0.8116198 -0.584186 1.44308e-5 0.7660359 -0.642798 2.01412e-5 0.7109957 -0.7031964 -2.20612e-5 0.6427791 -0.7660516 -2.73413e-6 0.5915687 -0.8062546 6.29607e-5 0.5000032 -0.8660236 4.9987e-5 0.4574725 -0.8892239 -5.74016e-5 0.342017 -0.9396938 1.67276e-4 0.3119485 -0.950099 -1.61082e-4 0.173615 -0.9848137 -6.24558e-5 0.1587739 -0.9873149 2.91619e-5 -1.80997e-6 -1 -1.30857e-6 0.001547276 -0.9999988 2.90962e-4 -0.1555694 -0.9878249 -4.52618e-5 -0.17364 -0.9848092 3.85649e-5 -0.309092 -0.9510322 -1.15141e-4 -0.3420102 -0.9396963 -2.85462e-6 -0.4547806 -0.8906035 7.5645e-5 -0.5000022 -0.8660242 -3.23437e-6 -0.5891454 -0.8080271 -9.32906e-6 -0.6427815 -0.7660497 -2.31713e-5 -0.7088721 -0.7053371 1.01533e-5 -0.7660395 -0.6427936 -4.73741e-6 -0.8101956 -0.5861598 -5.59387e-6 -0.8660313 -0.4999898 5.79839e-5 -0.89168 -0.4526665 -4.74141e-5 -0.9396964 -0.3420099 3.96972e-5 -0.9513646 -0.3080672 -7.91124e-6 -0.9848078 -0.1736485 2.60222e-4 -0.9877943 -0.1557637 -3.46714e-6 -1 -3.66726e-5 -3.75358e-6 -1 -3.76254e-6 -2.2375e-6 1 -5.1111e-6 -3.74728e-6 1 -1.72853e-5 2.49781e-6 0.9876906 -0.1564205 -2.02758e-5 0.984808 -0.1736476 1.04692e-6 0.951057 -0.3090156 -4.89503e-6 0.9396928 -0.3420199 3.36044e-6 0.8910108 -0.4539822 -1.72323e-5 0.8660234 -0.5000033 1.37468e-5 0.8090317 -0.5877649 -6.72787e-6 0.7660446 -0.6427875 4.38213e-5 0.7071065 -0.7071071 -7.1032e-6 0.6427872 -0.7660448 1.16561e-5 0.5877662 -0.809031 -1.86516e-5 0.5000018 -0.8660244 4.57896e-6 0.4539821 -0.8910109 -4.85871e-6 0.3420202 -0.9396927 1.54357e-5 0.3089723 -0.9510711 -2.23559e-5 0.1736474 -0.984808 2.13209e-6 0.156423 -0.9876902 -3.9665e-6 -4.77847e-6 -1 -1.67754e-6 1.23773e-5 -1 0 -0.1736477 -0.9848079 0 -0.1736487 -0.9848077 0 -0.3420189 -0.9396931 0 -0.3420201 -0.9396927 0 -0.4999992 -0.8660259 0 -0.5000006 -0.8660251 0 -0.6427866 -0.7660453 0 -0.6427886 -0.7660436 0 -0.7660442 -0.6427881 0 -0.7660456 -0.6427862 0 -0.8660247 -0.5000014 0 -0.8660256 -0.4999997 0 -0.9396923 -0.342021 0 -0.9396927 -0.3420199 0 -0.9848076 -0.1736493 0 -0.9848077 -0.1736487 4.16264e-6 -1 -1.78367e-5 -4.18238e-6 -1 -1.75387e-5 -0.002157092 0.9853019 -0.1708091 -0.002182841 0.9852848 -0.170907 -0.002197682 0.9999977 -1.34781e-5 -0.002181053 0.9999976 -3.0546e-6 -0.002049565 0.9416592 -0.3365617 -0.002099752 0.9415938 -0.3367442 -0.001880407 0.8702929 -0.492531 -0.001953542 0.8701533 -0.4927774 -0.00165081 0.7734274 -0.6338828 -0.001749396 0.7731919 -0.6341698 -0.001375973 0.6538303 -0.75664 -0.0015015 0.6534832 -0.7569395 -0.001059234 0.5148804 -0.8572614 -0.001209139 0.51442 -0.8575375 -7.09843e-4 0.3608975 -0.9326052 -8.81306e-4 0.3603319 -0.9328238 -4.17797e-4 0.1959661 -0.9806107 -4.44041e-4 0.1956198 -0.9806797 -2.09907e-4 0.09835922 -0.995151 -6.74296e-5 0.02544653 -0.9996762 7.82963e-6 -3.28635e-4 -1 3.12147e-4 -0.1460168 -0.9892821 3.61807e-4 -0.1710528 -0.9852619 6.60641e-4 -0.3126041 -0.9498833 7.67383e-4 -0.3368399 -0.9415616 9.90421e-4 -0.4706587 -0.8823149 0.001051008 -0.492594 -0.8702587 0.001333832 -0.6141802 -0.7891647 0.00141865 -0.6340204 -0.773315 0.001612901 -0.7402591 -0.6723199 0.001670897 -0.7567006 -0.6537595 0.00184822 -0.8440325 -0.536289 0.001903533 -0.857308 -0.5148004 0.002008795 -0.9234395 -0.3837391 0.002036809 -0.9325502 -0.3610346 0.002138912 -0.975321 -0.2207818 0.002153038 -0.9805594 -0.1962113 0.002174317 -0.9937651 -0.1114734 0.002171754 -0.9951187 -0.09866142 0.002188861 -0.9999977 -3.57854e-5 0.002191901 -0.9999977 -4.66593e-5 1 4.0997e-5 0 1 6.03218e-5 0 1 7.964e-6 0 1 -3.07478e-5 0 1 1.9266e-4 0 1 4.82067e-5 0 1 -1.33259e-5 0 1 -1.23938e-4 0 1 -2.41034e-5 0 1 8.22653e-6 0 1 -3.70512e-6 0 1 -1.92697e-4 0 1 6.48256e-5 0 1 6.57735e-6 0 1 -1.69945e-5 0 1 -8.19891e-5 0 1 -1.63987e-4 0 1 2.76075e-5 0 1 1.1859e-4 0 1 -2.76083e-5 0 1 1.92734e-4 0 1 -6.48185e-5 0 1 3.28606e-5 0 1 -2.86356e-5 0 1 8.19991e-5 0 1 1.45672e-5 0 1 -5.6066e-5 0 1 -2.79089e-6 0 1 5.32676e-6 0 1 -6.48187e-5 0 1 6.57192e-5 0 1 -7.06666e-6 0 1 8.19857e-5 0 1 1.92699e-4 0 1 -6.48217e-5 0 1 -2.52636e-5 0 1 2.82779e-5 0 1 -1.99101e-5 0 1 2.56697e-5 0 1 7.00845e-6 0 1 -1.38038e-5 0 1 -8.19874e-5 0 1 -8.19739e-5 0 1 -1.31863e-6 0 1 -8.50306e-6 0 1 4.81719e-5 0 1 2.6164e-6 0 1 -8.21652e-7 0 1 6.48261e-5 0 1 -1.92676e-4 0 1 -1.63961e-4 0 1 6.34614e-6 0 1 4.53993e-5 0 1 4.09836e-5 0 1 1.92697e-4 0 1 -1.29651e-4 0 1 -9.19309e-6 0 1 1.24797e-5 0 1 4.6066e-6 0 1 -1.70804e-5 0 1 5.46654e-6 0 1 -6.03255e-5 0 1 1.29634e-4 0 1 -1.66114e-6 0 1 -6.21566e-6 0 1 1.36107e-5 0 0.7071043 -0.1106078 -0.6984049 0.7071035 -3.26373e-5 -0.7071101 0.7071029 2.44235e-6 -0.7071107 0.7071378 -0.1122642 -0.6981067 0.7071048 -0.2184915 -0.672506 0.7071363 -0.2274595 -0.6694926 0.70711 -0.321022 -0.630032 0.7071057 -0.3294575 -0.6256671 0.7071188 -0.4156184 -0.5720528 0.7071052 -0.416252 -0.5716089 0.7071081 -0.4952118 -0.5047411 0.7071167 -0.4999918 -0.4999942 0.7071102 -0.5635935 -0.4270336 0.7070954 -0.5720738 -0.4156293 0.7071076 -0.6194282 -0.3410391 0.7071057 -0.630037 -0.3210219 0.7070977 -0.6614929 -0.24988 0.7071174 -0.6724874 -0.2185081 0.7070962 -0.6895779 -0.1565166 0.7070953 -0.6984128 -0.1106159 0.7070702 -0.7042499 -0.06390488 0.7070841 -0.7071295 -1.76518e-6 0.7070932 -0.7066451 0.02592223 0.7070985 -0.6984091 0.1106189 0.7071108 -0.6972925 0.1173781 0.7071118 -0.6749522 0.2107901 0.707112 -0.6724928 0.2185089 0.7071089 -0.6387792 0.3032462 0.7070788 -0.6300566 0.3210427 0.7071036 -0.5886762 0.3917462 0.7070978 -0.5720661 0.4156359 0.7071051 -0.5253498 0.4732971 0.707108 -0.4999979 0.5000003 0.707109 -0.4505272 0.5449973 0.7070873 -0.4156339 0.5720805 0.7070857 -0.3666715 0.6046336 0.7070981 -0.3210222 0.6300452 0.7071073 -0.2766488 0.6507417 0.7071054 -0.2185091 0.6724997 0.7070962 -0.1836144 0.6828622 0.707109 -0.1106149 0.698399 0.7071014 -0.0905283 0.7012933 0.7071081 4.81744e-6 0.7071055 0.7071116 1.23307e-5 0.707102 0.7071215 -0.1122385 -0.6981273 0.7071063 -2.69935e-5 -0.7071074 0.7071107 -5.62076e-6 -0.707103 0.7070978 -0.1227881 -0.6963734 0.70711 -0.2274503 -0.6695237 0.7071086 -0.2418453 -0.664461 0.7071127 -0.3294394 -0.6256688 0.7070959 -0.3535586 -0.6123821 0.707107 -0.4162781 -0.5715876 0.7071074 -0.4545195 -0.5416746 0.707115 -0.4952207 -0.5047225 0.7071132 -0.5416692 -0.4545167 0.7070984 -0.5636113 -0.4270297 0.7071078 -0.6123701 -0.3535556 0.7071077 -0.6194236 -0.3410471 0.7071077 -0.664462 -0.241845 0.7071055 -0.6614908 -0.2498638 0.7071056 -0.6895747 -0.1564879 0.707117 -0.6963542 -0.1227861 0.7071185 -0.704195 -0.06397539 0.7071139 -0.7070997 1.50423e-6 0.7071077 -0.7066316 0.0258969 0.7071051 -0.6984028 0.1106169 0.707103 -0.6972926 0.1174249 0.7071063 -0.6749676 0.2107595 0.7070921 -0.6725137 0.2185088 0.707111 -0.6387895 0.3032195 0.7071148 -0.6300296 0.3210163 0.7071083 -0.5886547 0.3917697 0.7071101 -0.5720583 0.4156258 0.7071366 -0.525327 0.4732751 0.7070894 -0.5000118 0.5000129 0.7071059 -0.4505313 0.544998 0.707094 -0.4156336 0.5720725 0.7071004 -0.3666579 0.6046248 0.7070909 -0.3210271 0.6300509 0.7070991 -0.2766519 0.6507494 0.707104 -0.2185074 0.6725017 0.7071132 -0.183619 0.6828433 0.7071204 -0.110615 0.6983875 0.7071002 -0.09057754 0.7012882 0.7071034 -9.47135e-6 0.7071102 0.7071065 -3.84599e-5 0.7071071 0.7071057 -0.1122329 -0.6981443 0.707101 -3.1393e-5 -0.7071126 0.7071011 0 -0.7071126 0.7070989 -0.1207471 -0.6967291 0.7071116 -0.2274287 -0.6695293 0.7070994 -0.2379794 -0.665865 0.7071088 -0.3294418 -0.6256719 0.7071 -0.3481531 -0.6154666 0.7071083 -0.4162742 -0.5715888 0.7071247 -0.4481658 -0.5469206 0.7071235 -0.4952175 -0.5047138 0.7070932 -0.5349844 -0.462397 0.7071164 -0.5636012 -0.427013 0.7071032 -0.6061502 -0.364125 0.7071141 -0.6194165 -0.3410468 0.707101 -0.6593906 -0.2553669 0.7071001 -0.6615134 -0.2498192 0.7071096 -0.6895699 -0.1564912 0.7071056 -0.693356 -0.1387772 0.707136 -0.7041819 -0.06392598 0.7071132 -0.7036467 -0.06980288 0.7070972 -0.7071164 1.65065e-5 0.7071081 -0.7066316 0.02588349 0.7071099 -0.6967133 0.1207729 0.7070999 -0.69731 0.1173389 0.7071045 -0.6749712 0.210754 0.7070963 -0.665847 0.2380392 0.7070893 -0.6388103 0.3032263 0.7071014 -0.6154254 0.3482229 0.7071086 -0.5886542 0.3917699 0.7070843 -0.5468951 0.4482606 0.7070941 -0.5253425 0.4733214 0.707102 -0.4623236 0.5350363 0.7071073 -0.4505349 0.5449932 0.7071326 -0.3640372 0.6061686 0.7071042 -0.3666902 0.6046007 0.7071061 -0.2766386 0.6507474 0.7071081 -0.2553004 0.6594087 0.7071141 -0.1836116 0.6828445 0.7070983 -0.1387589 0.6933673 0.7071006 -0.09055382 0.7012908 0.7071177 -0.06970661 0.7036516 0.7071064 -9.84967e-6 0.7071073 0.7071025 -1.15315e-5 0.7071111 1 4.05144e-6 0 1 1.00924e-6 0 1 -4.15979e-6 0 1 3.00898e-6 0 1 2.14747e-6 0 1 1.00151e-6 0 1 -2.22425e-6 0 1 5.03103e-7 0 1 4.53006e-6 0 1 4.89235e-6 0 1 -4.03527e-6 0 1 -7.08971e-6 0 1 -4.1432e-6 0 1 2.05196e-6 0 1 4.00949e-6 0 1 -4.08624e-6 0 1 4.00657e-6 0 1 -8.17247e-6 0 1 2.04718e-6 0 1 -2.02889e-6 0 1 8.28638e-6 0 1 3.79414e-6 0 1 2.15209e-6 0 1 4.03525e-6 0 1 4.68819e-6 0 1 -9.20916e-6 0 1 2.01255e-6 0 1 -4.53003e-6 0 1 -2.00277e-6 0 1 -1.09116e-6 0 1 4.01914e-6 0 1 -1.59559e-6 0 1 4.00606e-6 0 1 4.05588e-6 0 1 1.04002e-6 0 1 -4.01196e-6 0 1 3.06663e-6 0 1 -4.03697e-6 0 1 2.08359e-6 0 1 -4.20011e-6 0 1 4.27447e-6 0 1 -1.05447e-6 0 1 4.27192e-6 0 1 -6.61653e-6 0 1 -2.1061e-6 0 1 8.42339e-6 0 1 1.14232e-6 0 1 -5.28778e-7 0 1 4.48685e-6 0 1 1.90972e-6 0 1 -5.91839e-6 0 1 -4.62481e-6 0 1 2.13117e-6 0 1 -8.52359e-6 0 1 -4.1964e-6 0 1 4.21269e-6 0 1 8.42538e-6 0 1 -4.20417e-6 0 1 8.43104e-6 0 1 -2.1309e-6 0 1 8.52477e-6 0 1 -2.21205e-6 0 1 1.60125e-6 0 1 -2.31243e-6 0 1 4.24022e-6 0 1 4.81654e-6 0 1 -1.58642e-6 0 1 -3.36515e-6 0 1 2.18508e-6 0 1 -2.12998e-6 0 1 -4.21789e-6 0 1 1.06798e-6 0 1 -1.05003e-6 0 1 -1.00923e-6 0 1 4.15979e-6 0 1 -8.11174e-6 0 1 -4.16011e-6 0 1 -2.14747e-6 0 1 -1.50228e-6 0 1 3.33633e-6 0 1 2.51552e-6 0 1 4.02899e-6 0 1 -4.03525e-6 0 1 4.50254e-6 0 1 -2.07159e-6 0 1 2.04313e-6 0 1 4.09435e-6 0 1 -4.02178e-6 0 1 8.20775e-6 0 1 -3.79412e-6 0 1 -2.15209e-6 0 1 3.54482e-6 0 1 -2.25124e-6 0 1 4.03525e-6 0 1 1.00628e-6 0 1 -1.00138e-6 0 1 -2.12744e-6 0 1 3.12006e-6 0 1 -4.01199e-6 0 1 -1.02222e-6 0 0 -0.9848084 -0.1736449 0 -1 -1.83433e-5 0 -1 -1.8537e-5 0 -0.9848076 -0.1736493 0 -0.9396939 -0.3420165 0 -0.9396923 -0.3420212 0 -0.8660262 -0.4999987 0 -0.866024 -0.5000026 0 -0.7660466 -0.6427852 0 -0.766044 -0.6427883 0 -0.6427898 -0.7660427 0 -0.6427859 -0.7660461 0 -0.4999986 -0.8660262 0 -0.3420215 -0.9396921 0 -0.4999983 -0.8660264 0 -0.3420211 -0.9396923 0 -0.1736527 -0.984807 0 -0.1736484 -0.9848077 0 -2.37583e-6 -1 0 2.37583e-6 -1 0 0.173647 -0.984808 0 0.1736521 -0.9848071 0 0.3420219 -0.9396921 0 0.4999996 -0.8660256 0 0.342022 -0.939692 0 0.4999995 -0.8660256 0 0.6427859 -0.7660461 0 0.6427898 -0.7660427 0 0.7660428 -0.6427896 0 0.7660467 -0.642785 0 0.8660243 -0.500002 0 0.8660271 -0.4999973 0 0.939691 -0.3420249 0 0.9396925 -0.3420204 0 0.9848068 -0.1736533 0 0.9848079 -0.1736475 0 1 -1.94907e-5 0 1 -1.81422e-5 0 -0.9848077 -0.173649 0 -1 -1.95578e-5 0 -1 -1.98707e-5 0 -0.9848079 -0.1736474 0 -0.9396935 -0.3420179 0 -0.939694 -0.3420165 0 -0.8660236 -0.5000033 0 -0.8660247 -0.5000013 0 -0.766047 -0.6427846 0 -0.7660486 -0.6427827 0 -0.6427902 -0.7660423 0 -0.6427913 -0.7660414 0 -0.5000029 -0.8660238 0 -0.5000041 -0.8660231 0 -0.3420191 -0.939693 0 -0.3420206 -0.9396925 0 -0.1736502 -0.9848075 0 -0.1736518 -0.9848071 0 7.95144e-7 -1 0 -4.50244e-7 -1 0 0.1736477 -0.9848079 0 0.1736469 -0.984808 0 0.3420237 -0.9396913 0 0.342023 -0.9396916 0 0.5000043 -0.866023 0 0.5000032 -0.8660236 0 0.6427912 -0.7660416 0 0.6427902 -0.7660424 0 0.766043 -0.6427896 0 0.7660427 -0.6427897 0 0.8660278 -0.4999957 0 0.9396927 -0.3420202 0 0.8660285 -0.4999949 0 0.9396925 -0.3420205 0 0.9848082 -0.1736463 0 0.984808 -0.1736469 0 1 -1.66148e-5 0 1 -1.61752e-5 4.33275e-6 -1 -8.12351e-6 9.39759e-5 -0.9867509 -0.1622432 0 -1 -2.16663e-5 -4.82274e-5 -0.9848098 -0.1736365 4.49479e-7 -0.9473051 -0.3203328 7.11554e-6 -0.9396919 -0.3420222 -3.12808e-5 -0.8827498 -0.4698435 -2.73911e-5 -0.8660239 -0.5000027 -6.19749e-6 -0.7947847 -0.6068917 -3.43891e-6 -0.7660419 -0.6427907 2.07545e-5 -0.685737 -0.7278494 -1.19209e-5 -0.6427899 -0.7660427 4.57163e-5 -0.5584965 -0.8295069 6.45593e-6 -0.4999902 -0.8660311 -6.76874e-6 -0.4164339 -0.909166 -5.92033e-6 -0.2631186 -0.9647635 -2.7227e-4 -0.2631033 -0.9647677 8.40984e-6 -0.3420281 -0.9396898 8.38004e-6 -0.1736488 -0.9848077 1.06712e-5 -0.132704 -0.9911558 4.10061e-6 2.97453e-7 -1 1.08606e-5 0.1327034 -0.9911559 0 0 -1 3.68571e-7 0.2631174 -0.9647639 -5.14835e-6 0.4164273 -0.909169 5.38793e-6 0.2631331 -0.9647595 8.26735e-6 0.1736491 -0.9848076 1.02781e-5 0.3420271 -0.9396901 3.69642e-6 0.4999902 -0.8660311 0 0.5584863 -0.8295137 -1.17742e-5 0.6427891 -0.7660433 2.27899e-5 0.6857262 -0.7278597 -3.13763e-6 0.7660466 -0.6427852 -5.05452e-6 0.7947752 -0.606904 1.94637e-5 0.8660309 -0.4999906 1.42003e-5 0.8827478 -0.4698473 -3.8197e-5 0.9396978 -0.342006 4.59036e-5 0.9473072 -0.3203268 -9.19688e-5 0.984812 -0.1736246 -1.03819e-5 0.9867355 -0.1623361 -6.5139e-6 1 -9.31323e-6 0 1 -2.93925e-5 1 -3.46608e-6 0 1 3.94619e-6 0 1 3.46613e-6 0 1 -6.93217e-6 0 1 3.94624e-6 0 1 3.46608e-6 0 1 -7.89238e-6 0 1 6.93218e-6 0 1 -7.89244e-6 0 1 1.97312e-6 0 1 -7.89241e-6 0 1 9.86555e-7 0 1 6.93217e-6 0 1 -3.94624e-6 0 1 -7.89246e-6 0 1 5.19914e-6 0 1 -3.94621e-6 0 1 -6.93219e-6 0 1 2.71302e-6 0 1 3.4661e-6 0 1 -3.4661e-6 0 1 7.89241e-6 0 1 3.46607e-6 0 1 -3.46607e-6 0 1 6.93222e-6 0 1 3.94617e-6 0 1 5.19918e-6 0 1 -3.94622e-6 0 1 -8.66521e-7 0 1 6.93214e-6 0 1 3.94622e-6 0 1 7.89249e-6 0 1 1.73305e-6 0 1 -2.29718e-6 0 1 -4.0289e-6 0 1 4.59439e-6 0 1 -4.59436e-6 0 1 -4.02894e-6 0 1 -4.02888e-6 0 1 9.18871e-6 0 1 -1.00722e-6 0 1 9.18869e-6 0 1 -1.00723e-6 0 1 -9.18873e-6 0 1 1.00722e-6 0 1 -4.02891e-6 0 1 1.1486e-6 0 1 4.02891e-6 0 1 -8.05782e-6 0 1 4.59436e-6 0 1 -2.01446e-6 0 1 -1.25903e-6 0 1 8.05779e-6 0 1 4.59434e-6 0 1 1.00722e-6 0 1 4.0289e-6 0 1.03327e-4 0 -1 1.05873e-4 -1.0028e-6 -1 1 3.7913e-6 0 1 -3.83969e-6 0 1 7.53699e-6 0 1 -1.3487e-6 -4.2413e-6 1 0 -1.24174e-6 1 1.91728e-5 3.1309e-5 1 3.86916e-6 0 1 2.86692e-6 -1.68959e-5 1 2.6312e-7 -2.78023e-6 1 9.79002e-7 0 1 -3.54274e-6 1.92715e-5 1 -7.41531e-6 -3.68521e-5 1 9.32697e-7 0 1 -6.00365e-6 1.76028e-5 1 -3.95694e-5 5.2084e-5 1 -9.37734e-7 0 1 3.82684e-6 0 1 7.73871e-6 0 1 -5.65151e-6 0 1 7.70505e-6 0 1 1.89043e-6 0 1 3.83972e-6 0 1 7.67975e-6 0 1 -3.79046e-6 0 1 1.92619e-6 0 1 3.79645e-6 0 1 -1.9346e-6 0 1 -3.79873e-6 0 1 -9.72589e-7 0 1 7.65282e-6 0 1 7.46319e-6 0 1 2.93698e-6 0 1 -3.8264e-6 0 1 1.09666e-6 0 1 -9.32697e-7 0 1 7.59738e-6 0 1 -7.73877e-6 0 1 9.37749e-7 0 1 -7.59291e-6 0 1 5.65155e-6 0 1 -7.70502e-6 0 1 7.58092e-6 0 1 -1.89045e-6 0 1 -7.67978e-6 0 0 -0.984808 -0.1736465 -4.18238e-6 -1 -1.71289e-5 4.16264e-6 -1 -1.56537e-5 0 -0.9848076 -0.1736494 0 -0.9396929 -0.3420196 0 -0.9396914 -0.3420236 0 -0.8660269 -0.4999976 0 -0.8660241 -0.5000023 0 -0.766045 -0.642787 0 -0.7660425 -0.64279 0 -0.64279 -0.7660426 0 -0.6427872 -0.7660448 0 -0.5000012 -0.8660247 0 -0.4999977 -0.8660267 0 -0.3420199 -0.9396927 0 -0.3420168 -0.9396939 0 -0.1736481 -0.9848079 0 -0.1736483 -0.9848077 0 0 -1 0 0.1736462 -0.9848082 0 0.1736503 -0.9848075 0 0.3420172 -0.9396938 0 0.3420217 -0.9396922 0 0.4999994 -0.8660259 0 0.4999994 -0.8660258 0 0.6427881 -0.7660441 0 0.6427882 -0.766044 0 0.7660431 -0.6427893 0 0.7660455 -0.6427865 0 0.8660234 -0.5000035 0 0.8660247 -0.5000013 0 0.9396933 -0.3420186 0 0.9396928 -0.3420199 0 0.9848078 -0.173648 0 0.984808 -0.1736473 -4.16264e-6 1 -2.22549e-5 4.18238e-6 1 -2.22549e-5 0 -0.9848077 -0.1736484 -4.18238e-6 -1 -2.00644e-5 4.16264e-6 -1 -1.99154e-5 0 -0.9848082 -0.1736462 0 -0.9396932 -0.3420189 0 -0.9396939 -0.342017 0 -0.8660225 -0.5000051 0 -0.8660241 -0.5000022 0 -0.7660413 -0.6427913 0 -0.7660447 -0.6427875 0 -0.6427875 -0.7660445 0 -0.642791 -0.7660416 0 -0.5000018 -0.8660245 0 -0.5000044 -0.866023 0 -0.3420195 -0.9396929 0 -0.3420215 -0.9396921 0 -0.1736463 -0.9848082 0 -0.1736483 -0.9848077 0 9.57034e-7 -1 0 -1.12368e-6 -1 0 0.1736484 -0.9848077 0 0.1736464 -0.9848082 0 0.3420215 -0.9396921 0 0.3420195 -0.9396929 0 0.4999978 -0.8660267 0 0.499997 -0.8660272 0 0.642785 -0.7660466 0 0.6427856 -0.7660462 0 0.7660443 -0.6427879 0 0.7660449 -0.6427871 0 0.8660278 -0.4999958 0 0.8660275 -0.4999963 0 0.9396933 -0.3420187 0 0.9396926 -0.3420205 0 0.9848079 -0.1736472 0 0.9848076 -0.173649 -4.16265e-6 1 -1.25095e-5 4.18238e-6 1 -1.19731e-5 0 -0.9848075 -0.1736498 -4.18238e-6 -1 -1.432e-5 4.16264e-6 -1 -1.74418e-5 0 -0.9848082 -0.1736461 0 -0.939691 -0.3420248 0 -0.9396932 -0.3420185 0 -0.8660245 -0.5000017 0 -0.8660269 -0.4999974 0 -0.7660445 -0.6427877 0 -0.7660435 -0.6427888 0 -0.6427869 -0.766045 0 -0.6427885 -0.7660437 0 -0.5 -0.8660254 0 -0.5000022 -0.8660241 0 -0.3420194 -0.939693 0 -0.3420191 -0.939693 0 -0.1736461 -0.9848082 0 -0.1736501 -0.9848075 0 0 -1 0 0.1736503 -0.9848074 0 0.1736462 -0.9848081 0 0.3420227 -0.9396917 0 0.3420185 -0.9396933 0 0.500001 -0.8660249 0 0.5000005 -0.8660252 0 0.6427877 -0.7660444 0 0.6427879 -0.7660441 0 0.7660453 -0.6427866 0 0.7660421 -0.6427904 0 0.8660256 -0.4999998 0 0.9396938 -0.3420171 0 0.9396925 -0.3420205 0 0.9848078 -0.1736483 0 0.9848079 -0.1736479 4.18238e-6 1 -2.18675e-5 -4.16264e-6 1 -2.3216e-5 1 3.16351e-5 0 1 2.05896e-6 0 1 -1.0007e-5 0 1 -3.13772e-5 0 1 8.25378e-6 0 1 -4.91129e-5 0 1 9.20715e-7 0 1 3.77615e-5 0 1 2.96651e-6 0 1 -2.05255e-5 0 1 7.84486e-6 0 1 -3.05097e-5 0 1 -7.62709e-6 0 1 -4.75951e-6 0 1 3.39219e-5 0 1 1.22885e-5 0 1 -2.38712e-5 0 1 5.36142e-6 0 1 -2.80916e-6 0 1 -4.42356e-6 0 1 5.16671e-6 0 1 -1.86994e-5 0 1 -1.73096e-6 0 1 -2.53759e-6 0 1 1.8185e-6 0 1 2.60811e-5 0 1 -3.4198e-5 0 1 -2.9651e-5 0 1 2.68559e-5 0 1 -2.00144e-5 0 1 1.66781e-5 0 1 6.15444e-6 0 1 -1.19675e-5 0 1 -2.95241e-6 0 1 2.35921e-5 0 1 -1.33149e-6 0 1 -1.17956e-5 0 1 2.3936e-5 0 1 -6.24044e-6 0 1 4.60828e-6 0 1 -5.67735e-6 0 1 4.00268e-5 0 1 1.54378e-5 0 1 -2.44158e-5 0 1 -2.60804e-5 0 1 -5.9838e-6 0 1 2.35916e-5 0 1 -1.03334e-5 0 1 6.46568e-6 0 1 1.40305e-5 0 1 -1.1796e-5 0 1 2.91971e-5 0 1 5.07516e-6 0 1 7.71563e-6 0 1 -5.17264e-5 0 1 1.22886e-5 0 1 4.60797e-6 0 1 3.3923e-5 0 1 2.38719e-5 0 1 -4.42341e-6 0 1 4.72389e-5 0 1 -2.50953e-5 0 1 1.19676e-5 0 1 -1.73097e-6 0 1 -4.77441e-5 0 1 -7.4913e-6 0 1 1.88805e-5 0 1 5.1314e-6 0 1 4.91521e-5 0 1 1.04323e-5 0 1 -9.20874e-6 0 1 -5.96112e-6 0 1 2.35822e-6 0 1 4.21364e-6 0 1 -4.19468e-6 0 1 -1.76505e-5 0 1 3.68285e-6 0 1 -1.18006e-5 0 1 2.56573e-6 0 1 1.18626e-5 0 1 -1.35027e-5 0 1 1.79044e-5 0 1 -5.36143e-6 0 1 1.52543e-5 0 1 -3.1538e-5 0 1 -2.96653e-6 0 1 -1.62772e-6 0 1 4.75951e-6 0 1 -2.70909e-6 0 1 -6.86127e-6 0 1 -8.33868e-6 0 1 6.65744e-7 0 1 1.56011e-6 0 1 -1.04805e-5 0 1 1.00072e-5 0 1 7.14633e-6 0 1 7.07709e-7 0 1 -7.54267e-7 0 1 8.1842e-7 0 1 -1.42929e-5 0 1 2.12211e-5 0 1 7.96282e-7 0 1 -4.2443e-5 0 1 4.44409e-6 0 1 -4.44411e-6 0 1 -5.30549e-6 0 1 -3.57322e-6 0 1 1.42929e-5 0 1 7.25663e-6 0 1 -1.13063e-5 0 1 -2.53757e-6 0 1 2.61151e-5 0 1 -2.60811e-5 0 1 2.74439e-5 0 1 -3.18289e-5 0 1 2.68072e-6 0 1 5.89553e-6 0 1 3.25538e-6 0 1 -4.60359e-6 0 1 3.77601e-5 0 1 -3.68285e-6 0 1 -6.67022e-6 0 1 1.19229e-5 0 1 1.52549e-5 0 1 -1.69615e-5 0 1 -2.37975e-6 0 1 1.69318e-6 0 1 3.39213e-5 0 1 -1.99689e-5 0 1 7.45985e-6 0 1 5.36145e-6 0 1 1.87272e-6 0 1 -4.42368e-6 0 1 -8.11914e-6 0 1 -4.48783e-6 0 1 1.57706e-5 0 1 2.53759e-6 0 1 -9.79294e-6 0 1 -1.65684e-5 0 1 5.26115e-6 0 1 -2.74446e-5 0 1 1.66336e-5 0 1 -1.50655e-5 0 1 8.75622e-6 0 1 -7.29665e-6 0 1 6.24039e-6 0 1 1.19682e-5 0 1 -1.0334e-5 0 1 2.66297e-6 0 1 -4.42328e-6 0 1 -7.46003e-6 0 1 4.6083e-6 0 1 8.92087e-6 0 1 -2.80615e-5 0 1 1.54374e-5 0 1 -5.69702e-6 0 1 1.19681e-5 0 1 1.23091e-5 0 1 -2.3872e-5 0 1 -1.03331e-5 0 1 -1.40302e-5 0 1 9.07176e-7 0 1 -4.42332e-6 0 1 -7.46029e-6 0 1 -4.86625e-6 0 1 -5.07514e-6 0 1 3.8577e-6 0 1 7.95725e-6 0 1 -6.14447e-6 0 1 -2.37972e-6 0 1 4.60823e-6 0 1 -7.46006e-6 0 1 -4.42349e-6 0 1 5.16663e-6 0 1 -1.86988e-5 0 1 -1.92328e-5 0 1 4.77452e-5 0 1 -5.36141e-6 0 1 -3.06806e-5 0 1 1.79601e-5 0 1 -2.98063e-6 0 1 3.33516e-6 0 1 2.3582e-6 0 1 3.1297e-5 0 1 -3.06955e-5 0 1 3.66865e-5 0 1 -1.18012e-5 0 1 -8.97988e-6 0 1 1.8414e-6 0 1 -8.42722e-6 0 1 8.38932e-6 0 1 -1.17669e-5 0 1 7.9083e-6 0 1 -9.6448e-6 0 1 1.19363e-5 0 1 2.3834e-5 0 1 -7.42088e-6 0 1 -1.62766e-6 0 1 -2.40149e-5 0 1 1.63002e-5 0 1 -9.79253e-6 0 1 -4.16942e-6 0 1 -6.65744e-7 0 1 1.5601e-6 0 0 -0.9848058 -0.1736596 0 -1 -4.66406e-5 0 -1 4.92483e-5 0 -0.984807 -0.1736528 0 -0.9396915 -0.3420233 0 -0.9396938 -0.3420169 0 -0.8660256 -0.4999996 0 -0.8660263 -0.4999987 0 -0.7660517 -0.6427791 0 -0.7660523 -0.6427782 0 -0.6427888 -0.7660436 0 -0.6427889 -0.7660434 0 -0.499998 -0.8660266 0 -0.4999963 -0.8660277 0 -0.3420206 -0.9396924 0 -0.3420187 -0.9396932 0 -0.1736473 -0.9848079 0 -0.1736474 -0.984808 0 0 -1 0 0 -1 0 0.1736474 -0.984808 0 0.1736473 -0.9848079 0 0.3420209 -0.9396924 0 0.3420188 -0.9396932 0 0.4999979 -0.8660266 0 0.499996 -0.8660278 0 0.6427889 -0.7660434 0 0.6427888 -0.7660436 0 0.7660517 -0.6427791 0 0.7660522 -0.6427784 0 0.8660258 -0.4999994 0 0.8660262 -0.4999986 0 0.9396938 -0.3420169 0 0.9396938 -0.3420169 0 0.9848071 -0.1736521 0 0.9848071 -0.1736522 0 1 -4.66406e-5 0 1 1.30385e-6 0 -0.9848071 -0.1736516 0 -1 -1.51023e-5 0 -1 -1.43796e-6 0 -0.9848061 -0.1736579 0 -0.9396929 -0.3420196 0 -0.939693 -0.3420191 0 -0.8660255 -0.5 0 -0.866026 -0.4999991 0 -0.7660394 -0.6427935 0 -0.7660403 -0.6427927 0 -0.5000026 -0.866024 0 -0.5000019 -0.8660243 0 -0.3420251 -0.9396908 0 -0.3420253 -0.9396908 0 -0.1736497 -0.9848075 0 -0.1736513 -0.9848072 0 1.99499e-6 -1 0 1.30936e-6 -1 0 0.1736516 -0.9848072 0 0.1736525 -0.984807 0 0.3420222 -0.9396919 0 0.3420252 -0.9396908 0 0.5 -0.8660255 0 0.5000018 -0.8660245 0 0.7660394 -0.6427935 0 0.7660439 -0.6427885 0 0.8660154 -0.5000174 0 0.8660187 -0.5000117 0 0.9396908 -0.3420252 0 0.9396933 -0.3420186 0 0.9848089 -0.1736424 0 1 -2.71946e-6 0 0.9848113 -0.1736284 0 1 -1.6354e-5 0 -0.9848109 -0.1736302 0 -1 -1.44243e-5 0 -1 -7.59959e-7 0 -0.9848098 -0.173637 0 -0.9396938 -0.3420169 0 -0.8660163 -0.5000158 0 -0.7660401 -0.6427928 0 -0.8660169 -0.500015 0 -0.7660394 -0.6427936 0 -0.4999988 -0.8660262 0 -0.3420246 -0.9396911 0 -0.3420272 -0.9396901 0 -0.1736513 -0.9848073 0 -0.1736533 -0.9848068 0 -1.38554e-6 -1 0 0.1736493 -0.9848076 0 -2.00927e-6 -1 0 0.3420253 -0.9396908 0 0.3420235 -0.9396915 0 0.4999955 -0.866028 0 0.6427889 -0.7660435 0 0.4999988 -0.8660262 0 0.8660236 -0.5000032 0 0.86603 -0.499992 0 0.9396913 -0.3420242 0 0.984806 -0.1736584 0 0.9396933 -0.3420182 0 0.9848071 -0.1736515 0 1 -2.06381e-6 0 1 -1.56611e-5 0 -0.9848061 -0.1736578 0 -1 4.52101e-5 0 -1 -1.6354e-5 0 -0.9848074 -0.1736503 0 -0.9396908 -0.3420251 0 -0.8660283 -0.499995 0 -0.8660228 -0.5000047 0 -0.7660432 -0.6427891 0 -0.4999999 -0.8660255 0 -0.3420196 -0.9396928 0 -0.5000018 -0.8660244 0 -0.3420184 -0.9396933 0 -0.1736475 -0.9848079 0 -0.1736468 -0.984808 0 0.1736468 -0.984808 0 0.1736475 -0.9848079 0 0.3420171 -0.9396938 0 0.3420215 -0.9396923 0 0.5000138 -0.8660175 0 0.5000104 -0.8660194 0 0.6427866 -0.7660455 0 0.6427865 -0.7660455 0 0.7660413 -0.6427915 0 0.7660417 -0.6427909 0 0.8660245 -0.5000016 0 0.866025 -0.5000008 0 0.9396933 -0.3420183 0 0.9396935 -0.342018 0 0.9848072 -0.1736515 0 0.9848073 -0.1736511 0 1 6.25849e-7 0 1 -4.73037e-5 0 -0.9848078 -0.1736479 0 -1 -5.01797e-5 0 -1 7.89762e-6 0 -0.9848066 -0.1736547 0 -0.9396934 -0.342018 0 -0.8660233 -0.5000037 0 -0.9396935 -0.3420178 0 -0.8660234 -0.5000036 0 -0.7660524 -0.6427782 0 -0.7660513 -0.6427796 0 -0.499998 -0.8660267 0 -0.6427913 -0.7660414 0 -0.4999971 -0.8660271 0 -0.3420202 -0.9396926 0 -0.3420204 -0.9396925 0 -0.1736514 -0.9848073 0 -0.1736517 -0.9848071 0 -7.71325e-7 -1 0 3.04721e-7 -1 0 0.1736519 -0.9848071 0 0.3420211 -0.9396923 0 0.3420186 -0.9396933 0 0.4999948 -0.8660286 0 0.4999985 -0.8660263 0 0.642791 -0.7660416 0 0.7660545 -0.6427758 0 0.6427913 -0.7660414 0 0.766052 -0.6427787 0 0.8660231 -0.5000042 0 0.8660236 -0.5000034 0 0.9396932 -0.3420188 0 0.9396921 -0.3420217 0 0.9848069 -0.1736536 0 1 -4.05088e-5 0 0.9848077 -0.1736488 0 1 -2.30968e-6 0 -1 -8.3223e-6 0 -0.984807 -0.1736526 0 -1 3.94061e-5 0 -0.9848068 -0.1736538 0 -0.9396933 -0.3420184 0 -0.9396929 -0.3420197 0 -0.8660276 -0.4999963 0 -0.8660288 -0.4999942 0 -0.7660378 -0.6427955 0 -0.7660419 -0.6427907 0 -0.6427857 -0.7660461 0 -0.6427847 -0.766047 0 -0.5000004 -0.8660252 0 -0.4999952 -0.8660282 0 -0.3420226 -0.9396917 0 -0.1736556 -0.9848065 0 -0.3420263 -0.9396904 0 -0.1736546 -0.9848067 0 1.41408e-6 -1 0 0.1736567 -0.9848064 0 1.8331e-6 -1 0 0.173658 -0.984806 0 0.3420236 -0.9396914 0 0.3420265 -0.9396904 0 0.499996 -0.8660277 0 0.4999971 -0.8660271 0 0.6427847 -0.766047 0 0.6427889 -0.7660434 0 0.7660399 -0.6427932 0 0.8660177 -0.5000134 0 0.8660175 -0.5000137 0 0.9396951 -0.3420135 0 0.9848104 -0.1736332 0 0.9396917 -0.3420226 0 0.9848104 -0.1736332 0 1 2.99364e-5 0 1 -4.62458e-5 0 -0.9848119 -0.1736251 0 -1 -6.61537e-5 0 -1 -4.60297e-5 0 -0.9848081 -0.1736466 0 -0.9396945 -0.3420153 0 -0.9396905 -0.3420259 0 -0.866018 -0.5000131 0 -0.8660215 -0.5000068 0 -0.7660379 -0.6427955 0 -0.7660423 -0.6427902 0 -0.6427829 -0.7660484 0 -0.6427868 -0.7660452 0 -0.5000022 -0.8660243 0 -0.5000101 -0.8660197 0 -0.342022 -0.939692 0 -0.3420246 -0.939691 0 -0.1736483 -0.9848078 0 -0.1736468 -0.984808 0 -1.85688e-6 -1 0 0.1736457 -0.9848082 0 -1.8331e-6 -1 0 0.1736458 -0.9848083 0 0.3420253 -0.9396908 0 0.5000056 -0.8660222 0 0.3420253 -0.9396908 0 0.5000051 -0.8660225 0 0.6427818 -0.7660493 0 0.6427888 -0.7660434 0 0.7660369 -0.6427966 0 0.7660425 -0.64279 0 0.8660267 -0.4999977 0 0.8660276 -0.4999963 0 0.9396901 -0.3420271 0 0.939694 -0.3420164 0 0.9848064 -0.1736561 0 0.9848065 -0.1736552 0 1 -4.65885e-5 0 1 -6.66678e-5 0 -0.9848085 -0.1736444 0 -1 -6.4306e-5 0 -1 -4.44129e-5 0 -0.9848047 -0.1736658 0 -0.9396941 -0.3420165 0 -0.9396901 -0.342027 0 -0.8660275 -0.4999964 0 -0.8660268 -0.4999975 0 -0.7660425 -0.64279 0 -0.7660369 -0.6427966 0 -0.6427885 -0.7660439 0 -0.6427822 -0.766049 0 -0.4999972 -0.8660271 0 -0.3420212 -0.9396923 0 -0.4999979 -0.8660267 0 -0.3420208 -0.9396925 0 -0.1736519 -0.9848071 0 -0.1736521 -0.9848071 0 0.1736512 -0.9848073 0 0.1736528 -0.984807 0 0.3420208 -0.9396924 0 0.5000084 -0.8660206 0 0.3420212 -0.9396923 0 0.5000076 -0.8660211 0 0.6427797 -0.7660511 0 0.6427867 -0.7660452 0 0.7660385 -0.6427948 0 0.7660441 -0.6427881 0 0.8660262 -0.4999987 0 0.9396942 -0.3420159 0 0.8660263 -0.4999985 0 0.9848048 -0.1736652 0 1 8.94815e-6 0 0.9848082 -0.1736456 0 1 -5.88223e-5 1 -1.35516e-5 0 1 1.06766e-4 0 1 -5.42005e-5 0 1 -4.9795e-5 0 1 2.27075e-5 0 1 8.36519e-6 0 1 7.92519e-5 0 1 -1.58504e-4 0 1 1.06772e-4 0 1 -5.41994e-5 0 1 -1.58491e-4 0 1 -1.65967e-5 0 1 5.42042e-5 0 1 -5.33846e-5 0 1 -2.60234e-6 0 1 9.93473e-6 0 1 -3.17111e-4 0 1 -1.98192e-5 0 1 1.58541e-4 0 1 -1.06763e-4 0 1 7.04116e-6 0 1 -2.02749e-5 0 1 2.49712e-5 0 1 5.33789e-5 0 1 -1.58541e-4 0 1 1.06751e-4 0 1 -1.58479e-4 0 1 -7.92644e-5 0 1 -2.51098e-5 0 1 -1.26105e-6 0 1 5.95679e-6 0 1 4.05499e-5 0 1 -1.64732e-5 0 1 -5.33746e-5 0 1 7.92644e-5 0 1 4.52572e-7 0 1 1.95634e-5 0 1 1.987e-5 0 1 1.58479e-4 0 1 -5.20549e-5 0 1 -2.48509e-5 0 1 9.78158e-6 0 1 -1.35509e-5 0 1 -5.42079e-5 0 1 -4.97905e-5 0 1 8.36523e-6 0 1 -1.58554e-4 0 1 -5.33753e-5 0 1 2.71043e-5 0 1 -1.65979e-5 0 1 -5.33775e-5 0 1 9.93512e-6 0 1 1.06775e-4 0 1 7.9277e-5 0 1 3.52068e-6 0 1 -1.01366e-5 0 1 5.33874e-5 0 1 5.33824e-5 0 1 -2.71003e-5 0 1 1.58529e-4 0 1 7.49327e-6 0 1 -4.05499e-5 0 1 -1.67312e-5 0 1 3.40586e-5 0 1 -1.5374e-6 0 1 2.497e-5 0 1 -5.33789e-5 0 1 -1.06769e-4 0 1 -1.69377e-5 0 1 3.33582e-5 0 1 -3.96197e-5 0 1 2.71036e-5 0 1 -9.78167e-6 0 1 1.11231e-5 0 1 5.33832e-5 0 1 -1.06775e-4 0 1 5.01907e-5 0 1 8.03249e-7 0 1 -2.49715e-5 0 1 -3.31961e-5 0 1 1.01371e-5 0 1 -1.58529e-4 0 1 -5.41991e-5 0 1 -5.33832e-5 0 1 -3.96448e-5 0 0.9999999 -4.94079e-4 0 0.9999999 -4.94113e-4 0 0.9999999 -4.941e-4 0 1 5.33718e-5 0 1 -1.58453e-4 0 1 1.58554e-4 0 1 4.05482e-5 0 1 7.92393e-5 0 1 -6.79417e-6 0 1 7.35465e-6 0 1 5.3376e-5 0 1 1.58504e-4 0 1 -2.71043e-5 0 1 -1.50166e-5 0 1 8.45636e-6 0 1 9.27174e-6 0 1 -1.04094e-5 0 1 7.92896e-5 0 1 -1.58488e-4 0 1 2.70988e-5 0 1 -7.92896e-5 0 1 -4.15773e-6 0 1 1.05556e-5 0 1 -2.64324e-6 0 1 2.81686e-6 0 1 -1.62194e-6 0 1 1.58513e-4 0 1 -8.36367e-7 0 1 -5.93796e-6 0 1 1.58604e-4 0 1 -5.33817e-5 0 1 5.42005e-5 0 1 -4.97958e-5 0 1 -3.96322e-5 0 1 2.71017e-5 0 1 -1.58482e-4 0 1 1.06763e-4 0 1 1.98161e-5 0 1 -2.39175e-6 0 1 -3.52043e-6 0 1 4.8319e-6 0 1 1.94043e-4 0 1 -2.73545e-5 0 1 -3.30628e-5 0 1 2.44132e-4 2.26973e-5 1 3.23124e-4 -2.35636e-5 1 1.59368e-4 7.31644e-5 1 6.00154e-6 0 1 -2.90698e-5 0 1 -2.90664e-5 0 1 -8.95646e-7 0 1 1.90438e-6 0 1 -6.20255e-6 0 1 -5.92972e-6 0 1 9.53156e-6 0 1 -1.91095e-5 0 1 3.30707e-5 0 1 -3.85401e-5 0 1 5.73263e-5 0 -0.3671553 -0.9275401 0.06975954 2.42167e-5 -0.9975664 0.06972384 -0.1731517 -0.9824234 0.06973356 -0.3411197 -0.9374281 0.06975668 -0.4987256 -0.863949 0.06975072 -0.6411558 -0.7642327 0.06976878 -0.7641305 -0.641278 0.0697655 -0.3672676 0.9274963 0.0697515 -0.3083534 0.9487127 0.06973195 -0.1561127 0.9852747 0.06973338 -9.79751e-5 0.9975643 0.06975477 -0.3671485 -0.9275426 0.06976294 2.52351e-5 -0.997564 0.0697574 -0.3672745 0.9274933 0.06975543 -1.00641e-4 0.9975633 0.06976824 -0.705342 -0.7054269 0.0697537 -0.86387 -0.4988602 0.06976455 -0.9373732 -0.3412733 0.06974273 -0.7053323 -0.7054365 0.06975603 -0.6702526 0.7388475 0.06975531 -0.9487549 0.308223 0.06973421 -0.8888821 0.4528002 0.06972014 -0.8070842 0.5863023 0.06974881 -0.7054516 0.7053188 0.0697388 -0.5863977 0.8070149 0.06974929 -0.4529529 0.8888037 0.06972676 -0.7054323 0.7053358 0.06976222 -0.7054304 0.7053383 0.06975585 -0.3671416 -0.9275457 0.0697574 -0.705331 -0.7054374 0.06975829 -0.9274994 -0.3672583 0.0697596 -0.9823952 -0.173309 0.06974035 -0.9274924 -0.367276 0.06975847 -0.997564 -6.72054e-5 0.06975829 -0.9275422 0.3671516 0.06975215 -0.9275515 0.3671268 0.06975829 -0.985293 0.1559942 0.0697391 -0.3672701 0.9274949 0.06975567 -0.7054299 0.7053391 0.06975221 -0.9975636 -6.96392e-5 0.06976372 -0.9975582 -7.15971e-5 0.06984072 -0.8349305 -0.5459172 0.06975376 -0.8349081 -0.5459492 0.06977105 -0.6807244 -0.7292116 0.06974875 -0.7323356 -0.6773619 0.06975322 -0.7799554 -0.6219356 0.06975603 -0.8232433 -0.5633817 0.06979781 -0.8349788 0.5458406 0.06977504 -0.8350011 0.5458081 0.06976133 -0.8056923 0.5882136 0.06974828 -0.8463146 0.528098 0.06974422 -0.7605749 0.6454936 0.0697422 -0.7112404 0.6994799 0.06975048 -0.3518406 -0.9334576 0.06975054 -0.1276817 -0.9893594 0.06975263 -0.9973973 -0.01832574 0.0697351 -0.3709516 0.926029 0.06975287 -0.158439 0.9848999 0.06978124 -0.7053291 -0.7054396 0.06975525 -0.9975671 -6.64522e-5 0.06971329 -0.9975625 -8.42754e-5 0.06978029 -0.7054325 0.7053363 0.06975567 -0.8243738 -0.561731 0.06975787 -0.6744239 -0.7350406 0.06976944 -0.7410891 -0.6677745 0.06974357 -0.6355461 -0.7689063 0.06974577 -0.5171988 -0.8530155 0.0697869 -0.3902192 -0.9180734 0.06978595 -0.2589648 -0.9633602 0.06981682 -0.7265087 -0.6836047 0.06978374 -0.7746038 -0.6285867 0.06977111 -0.8304178 -0.5527577 0.06975299 -0.8183975 -0.5704032 0.06975609 -0.9521979 -0.2974051 0.06978148 -0.9011582 -0.4278357 0.0697894 -0.8417891 0.535281 0.06975346 -0.8069114 0.5865387 0.06976073 -0.7951679 0.6023626 0.06976622 -0.8739011 0.4810743 0.0697453 -0.9332446 0.3523973 0.06979054 -0.7619072 0.6439145 0.06979697 -0.6986813 0.7120244 0.06975507 -0.7126792 0.6980121 0.06976908 -0.320946 0.9445208 0.06981509 -0.4648382 0.8826424 0.0697714 -0.5873311 0.8063346 0.06976264 -0.9274927 -0.367276 0.06975454 -0.9275433 0.3671471 0.06976014 -0.9275012 -0.3672539 0.06975865 -0.9275529 0.3671232 0.06975889 -0.9974787 -0.01371538 0.06962853 -0.9973986 -0.01824384 0.06973648 -0.997528 0.008524656 0.06975233 -0.972836 0.2207305 0.06977349 -0.9934846 0.09011334 0.0697723 -0.9968906 -0.03662014 0.06977277 -0.9837014 -0.165714 0.06978976 -0.7053374 -0.7054312 0.06975626 -0.9975641 -7.34475e-5 0.06975609 -0.705436 0.7053326 0.06975668 -1.51422e-5 0 -1 7.61928e-6 0 -1 -6.33437e-6 0 -1 -2.88108e-6 0 -1 1.51885e-5 0 -1 -2.37011e-6 0 -1 1.5235e-5 0 -1 -8.08229e-6 0 -1 5.67535e-6 0 -1 -7.11621e-6 0 -1 2.63313e-6 0 -1 -7.78823e-6 0 -1 1.52559e-5 0 -1 1.89921e-6 0 -1 -6.74515e-6 0 -1 6.50779e-6 0 -1 1.51351e-5 0 -1 -6.29857e-6 0 -1 -3.16012e-6 0 -1 -6.18766e-6 0 -1 1.5235e-5 0 -1 -7.59855e-6 0 -1 -6.15932e-6 0 -1 -7.5734e-6 0 -1 1.24028e-5 0 -1 -7.61757e-6 0 -1 -7.56767e-6 0 -1 1.25973e-5 0 -1 -7.58075e-6 0 -1 1.26406e-5 0 -1 -5.67529e-6 0 -1 -3.31914e-6 0 -1 1.34904e-5 0 -1 1.13283e-5 0 -1 -1.19188e-5 0 -1 1.07764e-5 0 -1 -9.52186e-6 0 -1 -2.04676e-6 0 -1 1.15244e-5 0 -1 -7.59429e-6 0 -1 6.33437e-6 0 -1 -7.61921e-6 0 -1 7.57103e-6 0 -1 -6.23614e-6 0 -1 -5.1409e-6 4.07919e-7 1 -1.61688e-5 -5.20889e-6 1 0.1894662 3.16389e-5 0.9818874 0.9823936 0.1732993 0.06978762 0.9572549 1.13696e-4 0.2892458 0.9839178 1.14396e-4 0.1786221 0.997563 8.24331e-5 0.06977224 -0.1095634 3.91118e-5 0.9939798 -6.73719e-5 -5.74067e-6 1 -6.15418e-5 2.48589e-5 1 -0.2217521 2.11596e-6 0.9751031 -0.9975616 -4.71398e-5 0.06979185 -0.9662855 -2.69115e-5 0.2574732 -0.9852911 0.155982 0.06979328 0.3313055 0.04026454 0.942664 2.49892e-5 8.69855e-6 1 0.3182168 3.52971e-6 0.948018 0.4983967 3.11583e-5 0.8669492 0.8875116 0.1448115 0.4374391 0.7790451 4.30197e-5 0.626968 0.8837195 1.00084e-4 0.4680171 -0.3692719 0.05698138 0.9275729 -0.5711093 8.87364e-6 0.820874 -0.4051872 1.65813e-5 0.9142338 -0.914471 0.06929099 0.398675 -0.9235317 -5.11259e-5 0.3835224 -0.8300527 -2.43932e-5 0.5576851 -0.9072787 0.1338024 0.398676 0.3400495 0.09742099 0.9353478 0.6590096 0.09367328 0.7462785 0.6511436 0.2028425 0.7313461 0.6489311 4.58173e-5 0.7608472 0.3312888 0.1239837 0.935348 3.64929e-5 2.53841e-5 1 0.6327408 0.2545052 0.7313455 0.3258693 0.1375444 0.935356 0.3196154 0.1515084 0.9353562 0.6082912 0.3083764 0.731359 0.306233 0.1771049 0.935337 0.5806394 0.3577739 0.7313384 1.87904e-5 1.98185e-6 1 0.2984384 0.1899172 0.9353428 0.2899913 0.2025981 0.935339 0.5475158 0.4066821 0.7313249 0.860742 0.2903497 0.4181152 0.9373814 0.341246 0.06976717 0.2722102 0.2259262 0.935339 -8.06153e-6 1.05128e-5 1 0.5114191 0.4512197 0.7313353 0.8483217 0.3248345 0.4181303 0.2623338 0.2373988 0.9353197 0.2518023 0.2484935 0.9353324 0.4704135 0.4937912 0.7313559 0.8338242 0.3604362 0.4181185 0.8638756 0.4988448 0.06980705 0.2303906 0.2684156 0.9353466 0.4274457 0.531433 0.7313476 1.62572e-5 1.7941e-5 1 0.7988443 0.4324915 0.4180898 0.218857 0.2779033 0.9353456 0.7801133 0.4654183 0.4181017 0.2066129 0.2871234 0.9353456 0.3798103 0.566444 0.7313585 0.7596451 0.4980764 0.4181618 0.7641364 0.6412689 0.06978356 0.1850637 0.3014489 0.9353502 -1.50651e-5 1.05798e-5 1 0.3370345 0.5929176 0.7313389 0.1739078 0.308114 0.9353191 0.7129585 0.5629042 0.4181256 0.1604903 0.3152976 0.9353237 2.42218e-5 4.9293e-5 1 0.2845532 0.6198317 0.7313264 0.6885547 0.592506 0.4181257 0.1359874 0.3265623 0.9353419 0.2362008 0.6397904 0.7313532 0.6626403 0.6213623 0.418111 0.6411603 0.7642278 0.06978255 0.1233046 0.331559 0.935342 0.1103923 0.3360964 0.9353357 -4.94718e-6 4.95016e-5 1 0.1857886 0.6562164 0.731343 0.6056544 0.6770294 0.4181076 0.08376044 0.343676 0.9353454 0.1276776 0.6699415 0.7313528 0.5766091 0.7019013 0.4181585 0.06855475 0.3470182 0.9353495 0.545978 0.7260005 0.4181284 0.498708 0.8639573 0.06977248 0.05485409 0.3494555 0.935346 4.88199e-6 3.43174e-5 1 0.07423317 0.6779453 0.7313548 0.4803947 0.7709714 0.4181196 0.02690857 0.3527134 0.9353445 0.01475304 0.681832 0.7313601 0.4515315 0.7882187 0.4181275 0.01154834 0.3535422 0.9353473 0.4172356 0.8068885 0.4181452 0.3411186 0.9374235 0.06982284 -0.002508342 0.3537557 0.9353345 -1.67573e-5 2.94298e-5 1 -0.03956866 0.6808639 0.7313405 -0.03075999 0.352423 0.9353352 -0.09282672 0.6756683 0.7313383 0.3452422 0.8402257 0.4181251 -0.04457259 0.3509389 0.935337 0.3126458 0.8528986 0.4181109 -0.05838996 0.3488738 0.9353491 9.59262e-6 9.52184e-6 1 -0.1459175 0.6662217 0.731339 0.2793496 0.8643649 0.4181354 -0.08567661 0.3432161 0.9353407 -0.1976407 0.6527416 0.7313458 0.2029669 0.8854312 0.4181102 0.1731544 0.9824196 0.06978142 -0.09903723 0.3395844 0.9353471 0.1638846 0.8934901 0.4181116 -0.1122621 0.3354434 0.9353474 -0.2475894 0.6354807 0.7313438 -2.10702e-5 1.98334e-5 1 0.1284099 0.899271 0.4181178 -0.1377788 0.3257923 0.9353483 -0.2965472 0.6141647 0.7313424 0.04949992 0.9070414 0.4181216 -7.01579e-5 0.9975598 0.06981712 -0.1503215 0.320186 0.9353526 0.009812057 0.9083284 0.4181427 -0.1623544 0.3142969 0.9353388 -3.03164e-5 2.42293e-5 1 -0.3417676 0.5901749 0.7313609 -0.02637773 0.9080095 0.4181183 -0.1853224 0.3013297 0.9353375 -0.3868345 0.5616477 0.7313762 -0.09757888 0.9031317 0.4181287 -0.1561241 0.9852687 0.06979304 -0.1969249 0.2938496 0.9353465 -0.1329131 0.8986056 0.4181414 -0.2086613 0.2856958 0.9353281 -3.88995e-5 1.86861e-5 1 -0.4303493 0.5290743 0.7313548 -0.1683781 0.892659 0.4181015 -0.230525 0.2683219 0.9353405 -0.470328 0.4938629 0.7313625 -0.2379908 0.8766623 0.4181189 -0.3083277 0.9487155 0.06980699 -0.2407667 0.2591587 0.9353439 -0.2720169 0.8666878 0.4181615 -0.3054618 0.8554877 0.4181315 -0.2515244 0.2487473 0.9353397 -4.24832e-5 2.09957e-5 1 -0.5098407 0.4529789 0.7313499 -0.3718068 0.8288139 0.4181237 -0.4529402 0.8888058 0.06978154 -0.2711598 0.2272366 0.9353267 -0.5435561 0.4119133 0.731351 -0.4037519 0.8137373 0.4181101 -0.2797732 0.216574 0.9353196 -0.4340473 0.7979872 0.418114 -0.2889155 0.2041574 0.9353329 -0.5768637 0.3638651 0.731321 -5.47767e-5 2.01836e-5 1 -0.4955825 0.7612999 0.4181152 -0.5864024 0.8070073 0.06979835 -0.5247099 0.7415232 0.4181183 -0.3050563 0.1791018 0.9353412 -0.6032469 0.3181416 0.7313542 -0.5538838 0.7199917 0.4181205 -0.3116541 0.1671983 0.9353697 -0.6089355 0.674066 0.4181299 -0.7054262 0.7053388 0.06979334 -0.3187209 0.1532984 0.9353698 -4.06951e-5 2.19047e-6 1 -0.6285532 0.2646788 0.7313454 -0.6344914 0.6500766 0.4181163 -0.6611134 0.6229791 0.4181222 -0.3305273 0.1257898 0.9353763 -0.6470303 0.2156152 0.7313426 -0.3351249 0.1131042 0.9353603 -0.7081912 0.5689024 0.4181092 -0.8070895 0.5862873 0.06981229 -0.7295003 0.5412939 0.4181272 -0.7521731 0.509317 0.4181289 -0.7899475 0.4485073 0.4181198 -0.888862 0.4528239 0.06982165 -0.8064931 0.4180522 0.4180924 -0.8240089 0.3823451 0.4181166 -0.8515285 0.3163617 0.4181083 -0.9487636 0.3081817 0.06979793 -0.8628857 0.2839329 0.4181033 -0.6902154 0.104158 0.7160683 -0.7137033 -2.91392e-5 0.7004482 -4.20511e-5 -1.92504e-6 1 -0.1095479 -6.51367e-5 0.9939815 -0.2217278 -4.61116e-5 0.9751086 -8.85826e-5 -2.62191e-6 1 0.9839209 5.69522e-5 0.1786049 0.9572593 3.78564e-5 0.2892311 0.9852871 -0.1560059 0.06979507 0.9975602 4.65885e-5 0.06981176 -0.3709037 -0.0451169 0.9275748 -1.70022e-5 -1.43759e-5 1 -0.4052009 -1.32844e-5 0.9142278 -0.5711311 -2.98172e-5 0.8208589 -0.9138574 -0.07681542 0.3987031 -0.966283 -6.54608e-5 0.2574824 -0.9975621 -1.15603e-4 0.06978523 -0.9235132 -9.23462e-5 0.3835666 -0.8300614 -6.70403e-5 0.5576721 -0.9823897 -0.1733199 0.06979167 -0.905115 -0.1476911 0.3986908 0.3327313 -0.0259357 0.942665 0.1894737 -5.83827e-5 0.9818859 4.30942e-5 -1.22702e-5 1 0.3181742 4.01763e-5 0.9480323 0.498399 3.58596e-5 0.8669479 3.56585e-5 7.6443e-6 1 0.3298493 -0.05091518 0.9426597 0.8896228 -0.1312196 0.4374389 0.8837169 1.64509e-5 0.4680221 0.7790496 1.73524e-5 0.6269625 -0.3400682 -0.09740954 0.9353422 -0.69109 -0.09822607 0.716063 -0.7137606 -6.50287e-5 0.7003898 -0.6511319 -0.2028301 0.7313599 -0.3313034 -0.1239886 0.9353421 -3.8296e-5 -2.47285e-5 1 -0.6327316 -0.2545154 0.7313499 -0.3259268 -0.1375645 0.935333 -0.3196711 -0.1515291 0.9353339 -0.6082745 -0.3083953 0.7313649 -0.3062499 -0.1770846 0.9353353 -4.66704e-5 -3.07932e-5 1 -0.5806227 -0.3577812 0.7313479 -0.2984057 -0.1898921 0.9353582 -0.2899671 -0.2025964 0.9353469 -0.5474792 -0.406656 0.7313668 -0.8607373 -0.2903634 0.4181151 -0.9373784 -0.3412445 0.0698142 -0.2722041 -0.2259407 0.9353373 1.89841e-5 -1.25095e-5 1 -0.5113712 -0.4512686 0.7313386 -0.8483308 -0.3248099 0.4181309 -0.2623029 -0.2373895 0.9353307 -0.2518066 -0.2484625 0.9353395 -0.470404 -0.4938063 0.7313519 -0.8338318 -0.3604232 0.4181144 -0.8638727 -0.4988505 0.06980031 -0.2304127 -0.2684054 0.9353442 -2.87592e-5 -1.95503e-5 1 -0.4274726 -0.5314603 0.7313119 -0.798848 -0.432462 0.4181129 -0.2188543 -0.2779566 0.9353304 -0.780128 -0.4653954 0.4181 -0.2066321 -0.2871296 0.9353395 -0.37981 -0.5664383 0.7313632 -0.7596309 -0.4981394 0.4181125 -0.7641301 -0.6412777 0.06977283 -0.1851134 -0.3014776 0.9353312 -4.9822e-5 -4.28706e-5 1 -0.3370202 -0.5928812 0.7313749 -0.1738144 -0.3081212 0.9353342 -0.712961 -0.5629236 0.4180954 -0.160416 -0.3153015 0.9353351 -4.79221e-5 -4.64767e-5 1 -0.2845154 -0.6198073 0.7313618 -0.6885495 -0.5925154 0.418121 -0.1359601 -0.3265869 0.9353374 -0.2362147 -0.6397838 0.7313544 -0.6626531 -0.6213423 0.4181205 -0.6411683 -0.7642225 0.06976538 -0.1232332 -0.3315723 0.9353467 -0.1103661 -0.3361151 0.935332 -5.12227e-6 -4.69237e-5 1 -0.1858142 -0.6562097 0.7313427 -0.6056425 -0.677017 0.4181449 -0.08381778 -0.3436862 0.9353365 -0.1276659 -0.6699415 0.7313548 -0.5766165 -0.7018961 0.4181571 -0.06858235 -0.3469959 0.9353557 -0.5460199 -0.725977 0.4181146 -0.4987243 -0.8639451 0.06980764 -0.05482548 -0.3494693 0.9353425 -0.07422906 -0.6779429 0.7313573 2.74498e-5 -3.46601e-5 1 -0.4804222 -0.7709546 0.4181193 -0.02695828 -0.3527233 0.9353393 -0.01477664 -0.6818612 0.7313324 -0.4515472 -0.7882163 0.4181153 -0.01151627 -0.35354 0.9353486 -0.4172315 -0.8069051 0.4181176 -0.341117 -0.9374248 0.06981384 0.002575278 -0.3537279 0.9353449 2.69837e-5 -2.69413e-5 1 0.03958064 -0.6808655 0.7313384 0.0306726 -0.3524252 0.9353373 0.09284096 -0.675634 0.7313682 -0.3452166 -0.840246 0.4181054 0.04450005 -0.3509663 0.9353302 -0.312605 -0.8529076 0.4181231 0.05838584 -0.3488834 0.9353457 0.1459093 -0.6662124 0.7313491 -9.83477e-6 -5.54323e-6 1 -0.2793489 -0.8643748 0.4181153 0.08575391 -0.3432114 0.9353353 0.1976363 -0.6526948 0.7313888 -0.2029782 -0.8854209 0.4181267 -0.1731519 -0.9824171 0.06982219 0.09906929 -0.339585 0.9353435 -0.1638714 -0.8934937 0.4181092 0.1122224 -0.3354815 0.9353386 4.92893e-5 -1.25319e-5 1 0.2476052 -0.6354648 0.7313523 -0.1283819 -0.8992755 0.418117 0.137758 -0.325833 0.9353372 0.296544 -0.6141298 0.7313729 -0.04953914 -0.9070453 0.4181087 6.7475e-5 -0.997563 0.06977343 0.1503068 -0.3202223 0.9353426 -0.009816706 -0.9083464 0.4181033 0.162327 -0.3142672 0.9353535 5.91204e-5 -2.67476e-5 1 0.3417735 -0.5901851 0.7313497 0.02637618 -0.9080139 0.4181091 0.1853192 -0.3013326 0.9353371 0.3868364 -0.5616424 0.7313793 0.09764271 -0.9031322 0.4181127 0.1561335 -0.985268 0.06978207 0.1969038 -0.2938657 0.9353459 0.132949 -0.8986032 0.4181352 0.2086056 -0.285665 0.9353499 3.54052e-5 -2.25455e-5 1 0.4303655 -0.5290657 0.7313517 0.1683606 -0.8926545 0.418118 0.2305024 -0.2683124 0.9353488 0.4703403 -0.4938505 0.7313629 0.2379702 -0.8766727 0.4181093 0.3083233 -0.9487218 0.06974101 0.2407795 -0.2591597 0.9353403 0.2720309 -0.8667182 0.4180897 0.305481 -0.8554983 0.4180957 0.2515395 -0.248749 0.9353352 2.53767e-5 -1.75983e-5 1 0.5098321 -0.4529855 0.7313518 0.3718223 -0.8288112 0.4181152 0.4529395 -0.8888055 0.06979036 0.2711446 -0.2271751 0.935346 0.5435496 -0.4119349 0.7313436 0.4037493 -0.8137358 0.4181154 0.2797386 -0.2164936 0.9353486 0.4340842 -0.7979718 0.4181051 0.288923 -0.2041301 0.9353365 0.5768616 -0.36387 0.7313203 4.86076e-5 -1.76653e-5 1 0.4956198 -0.7612813 0.4181053 0.5864015 -0.8070066 0.06981289 0.5247277 -0.7415148 0.418111 0.3050261 -0.1790772 0.9353559 0.6032485 -0.3181291 0.7313585 0.5538988 -0.7199724 0.418134 0.3116573 -0.1672144 0.9353658 0.6089508 -0.6740517 0.4181308 0.7054278 -0.7053368 0.06979709 0.3187671 -0.1532962 0.9353544 0.628542 -0.2647021 0.7313467 4.42117e-5 -2.95788e-6 1 0.6344928 -0.6500458 0.4181621 0.6611375 -0.6229469 0.4181321 0.3305703 -0.1257879 0.9353613 0.6470298 -0.2156258 0.7313398 0.3351243 -0.1130841 0.9353629 0.7081958 -0.568905 0.4180981 0.8070859 -0.5862922 0.06981348 0.7294909 -0.5413094 0.4181235 0.7521763 -0.5093105 0.4181312 0.7899655 -0.448475 0.4181206 0.8888676 -0.4528202 0.06977283 0.8064963 -0.418044 0.4180945 0.8240051 -0.3823693 0.418102 0.8515352 -0.3163236 0.4181235 0.9487533 -0.3082104 0.06981045 0.8628853 -0.2838863 0.4181358 0.6581791 -0.09929388 0.7462848 0.6489453 1.22562e-5 0.7608351 0.9872294 -0.1593051 1.26882e-4 1 -4.2893e-5 3.83156e-6 1 -2.03212e-5 3.32593e-6 0.9848144 -0.1736103 2.03063e-4 0.9493027 -0.3143636 -8.84081e-6 0.9396933 -0.3420184 1.05838e-5 0.8871583 -0.4614653 -2.61962e-5 0.8660249 -0.5000011 -3.97217e-5 0.8065266 -0.591198 -1.0027e-4 0.7660496 -0.6427814 1.19265e-5 0.7071021 -0.7071114 -2.42665e-5 0.6427907 -0.7660419 1.2211e-5 0.5911884 -0.8065335 -1.00025e-4 0.5000005 -0.8660252 -3.94294e-5 0.461503 -0.8871387 -2.64007e-6 0.3420152 -0.9396944 5.97288e-5 0.3143776 -0.9492981 3.98813e-5 0.173631 -0.9848108 1.05622e-4 0.1593011 -0.9872301 1.30559e-4 -4.44804e-7 -1 -6.34009e-5 7.18516e-7 -1 0 -0.1592187 -0.9872434 8.35332e-6 -0.1736299 -0.984811 1.05932e-4 -0.3143768 -0.9492983 4.02352e-5 -0.3420163 -0.9396941 5.99991e-5 -0.4614622 -0.88716 -2.86084e-5 -0.5000069 -0.8660215 -3.94131e-5 -0.5911871 -0.8065345 -1.0005e-4 -0.642791 -0.7660416 1.10799e-4 -0.707103 -0.7071105 -7.34983e-5 -0.7660483 -0.6427829 1.19682e-5 -0.806533 -0.5911891 -1.36516e-5 -0.8660264 -0.4999983 8.85804e-7 -0.8871389 -0.4615026 -5.61878e-7 -0.8871456 -0.4614896 3.64685e-6 -0.9259361 -0.3776803 1.60956e-6 -0.9396931 -0.342019 -2.3921e-5 -0.9573789 -0.2888351 5.54835e-7 -0.9848061 -0.1736575 3.53272e-5 -0.9774569 -0.2111352 1.0567e-6 -0.9912815 -0.1317616 -5.75325e-7 -1 -3.96073e-5 3.65532e-6 -1 1.31667e-5 -1.26846e-6 -2.35712e-5 0 1 -1.43976e-5 0 1 4.08579e-4 0 1 -3.82551e-4 0 1 -1.03355e-5 0 1 -2.66303e-4 0 1 8.25363e-6 0 1 3.73916e-5 0 1 1.66343e-4 0 1 -8.18181e-6 0 1 -1.45147e-4 0 1 1.15527e-4 0 1 -9.5727e-5 0 1 3.35569e-4 0 1 3.35569e-4 0 1 3.35569e-4 0 1 1.20308e-5 0 1 2.86754e-6 0 1 -7.96884e-5 0 1 3.35569e-4 0 1 3.35569e-4 0 1 3.35569e-4 0 1 2.14753e-4 0 1 1.4221e-5 0 1 -1.66595e-5 2.88239e-5 1 -3.62769e-5 1.32844e-5 1 -1.16378e-5 1.16304e-5 1 -5.68256e-5 2.10777e-5 1 -1.85445e-5 3.39299e-5 1 -1.32099e-5 3.07783e-5 1 -3.91596e-5 0 -1 -9.87323e-6 0 -1 3.91596e-5 0 -1 -3.70867e-5 0 1 8.20634e-6 0 1 -8.20641e-6 0 1 3.28252e-5 0 1 -3.91604e-5 0 -1 -9.38028e-6 -1.67266e-5 1 -2.6945e-5 -2.01911e-5 1 -2.37222e-5 -4.42937e-6 1 -3.18512e-5 -1.31503e-5 1 -2.76491e-5 -3.06219e-5 1 -4.45396e-5 -2.07157e-5 1 -2.92938e-5 1 -6.88853e-6 9.79472e-6 1 3.05713e-6 -3.44101e-5 1 1.86637e-6 -4.70784e-7 1 -3.39467e-7 -6.07854e-6 1 -3.70457e-6 -1.81549e-5 -1 -4.47547e-6 -2.45031e-6 -1 -5.21541e-7 8.35329e-6 -1 4.48572e-6 -3.7007e-5 -1 6.12635e-6 1.013e-5 -1 1.43144e-6 3.25589e-5 0 -1 -5.33406e-5 0 -1 -1.14404e-5 5.67001e-7 -1 -1.29988e-5 -1.16954e-6 -1 -2.27243e-5 2.44188e-6 -1 -1.98331e-5 2.10095e-6 -1 -0.9848077 -0.1736488 0 -1 -1.83359e-5 0 -1 -1.84476e-5 0 -0.984808 -0.1736472 0 -0.9396921 -0.3420217 0 -0.939693 -0.3420193 0 -0.8660258 -0.4999994 0 -0.7660444 -0.6427877 0 -0.7660441 -0.6427879 0 -0.6427869 -0.7660452 0 -0.6427882 -0.766044 0 -0.4999995 -0.8660257 0 -0.5000014 -0.8660247 0 -0.3420196 -0.9396929 0 -0.3420213 -0.9396922 0 -0.1736471 -0.984808 0 -0.1736488 -0.9848077 0 6.23736e-7 -1 0 -7.90383e-7 -1 0 0.1736485 -0.9848078 0 0.1736475 -0.9848079 0 0.3420206 -0.9396924 0 0.3420197 -0.9396929 0 0.4999999 -0.8660255 0 0.5000005 -0.8660252 0 0.6427876 -0.7660445 0 0.7660446 -0.6427875 0 0.7660441 -0.6427882 0 0.8660254 -0.5000001 0 0.9396927 -0.34202 0 0.9396927 -0.34202 0 0.9848079 -0.1736477 0 0.9848077 -0.1736485 0 1 -1.83955e-5 0 1 -1.82763e-5 0 5.51173e-6 0 1 -8.6783e-7 0 1 4.42247e-7 0 1 -3.62793e-6 0 1 -1.07735e-5 0 1 2.75586e-6 0 1 1.24239e-6 0 1</float_array>
          <technique_common>
            <accessor source="#base_link-mesh-normals-array" count="7041" stride="3">
              <param name="X" type="float"/>
              <param name="Y" type="float"/>
              <param name="Z" type="float"/>
            </accessor>
          </technique_common>
        </source>
        <vertices id="base_link-mesh-vertices">
          <input semantic="POSITION" source="#base_link-mesh-positions"/>
        </vertices>
        <triangles material="mat_0-material" count="7960">
          <input semantic="VERTEX" source="#base_link-mesh-vertices" offset="0"/>
          <input semantic="NORMAL" source="#base_link-mesh-normals" offset="1"/>
          <p>21 0 1 1 0 2 21 0 0 2 20 3 22 4 2 5 1 1 22 4 1 1 21 0 23 6 3 7 2 5 23 6 2 5 22 4 24 8 4 9 3 7 24 8 3 7 23 6 25 10 5 11 4 9 25 10 4 9 24 8 26 12 6 13 5 11 26 12 5 11 25 10 27 14 7 15 6 13 27 14 6 13 26 12 28 16 8 17 7 15 28 16 7 15 27 14 29 18 9 19 8 17 29 18 8 17 28 16 30 20 9 19 29 18 10 21 9 19 30 20 31 22 10 21 30 20 11 23 10 21 31 22 32 24 12 25 11 23 32 24 11 23 31 22 33 26 13 27 12 25 33 26 12 25 32 24 34 28 14 29 13 27 34 28 13 27 33 26 35 30 14 29 34 28 35 30 15 31 14 29 36 32 15 31 35 30 36 32 16 33 15 31 37 34 16 33 36 32 17 35 16 33 37 34 38 36 17 35 37 34 38 36 18 37 17 35 39 38 18 37 38 36 39 38 19 39 18 37 40 40 19 39 39 38 43 41 62 42 61 43 44 44 63 45 62 42 44 44 62 42 43 41 45 46 64 47 63 45 45 46 63 45 44 44 46 48 64 47 45 46 47 49 65 50 64 47 47 49 64 47 46 48 48 51 66 52 65 50 48 51 65 50 47 49 49 53 67 54 66 52 49 53 66 52 48 51 50 55 68 56 67 54 50 55 67 54 49 53 51 57 69 58 68 56 51 57 68 56 50 55 52 59 70 59 69 58 52 59 71 60 70 59 52 59 69 58 51 57 53 61 71 60 52 59 54 62 72 63 71 60 54 62 71 60 53 61 55 64 73 65 72 63 55 64 72 63 54 62 56 66 74 67 73 65 56 66 73 65 55 64 57 68 75 69 74 67 57 68 76 70 75 69 57 68 74 67 56 66 58 71 76 70 57 68 59 72 76 70 58 71 59 72 77 73 76 70 60 74 77 73 59 72 60 74 78 75 77 73 42 76 78 75 60 74 42 76 41 77 78 75 94 78 96 79 95 80 93 81 97 82 96 79 93 81 98 83 97 82 93 81 96 79 94 78 92 84 99 85 98 83 92 84 98 83 93 81 91 86 99 85 92 84 90 87 99 85 91 86 89 88 99 85 90 87 88 89 99 85 89 88 87 90 99 85 88 89 86 91 99 85 87 90 85 92 100 93 99 85 85 92 99 85 86 91 84 94 100 93 85 92 83 95 100 93 84 94 82 96 101 97 100 93 82 96 102 98 101 97 82 96 100 93 83 95 103 99 102 98 82 96 81 100 104 101 103 99 81 100 105 102 104 101 81 100 103 99 82 96 106 103 105 102 81 100 79 104 107 105 106 103 79 104 80 106 107 105 79 104 106 103 81 100 109 107 110 108 108 109 116 110 111 111 110 108 116 110 112 112 111 111 116 110 110 108 109 107 113 113 112 112 116 110 115 114 114 115 113 113 115 114 113 113 116 110 153 116 135 117 134 118 153 116 154 119 135 117 152 120 134 118 133 121 152 120 153 116 134 118 151 122 133 121 132 123 151 122 152 120 133 121 150 124 132 123 131 125 150 124 151 122 132 123 149 126 131 125 130 127 149 126 150 124 131 125 148 128 130 127 129 129 148 128 149 126 130 127 147 130 129 129 128 131 147 130 148 128 129 129 146 132 128 131 127 133 146 132 147 130 128 131 145 59 126 59 125 134 145 59 127 133 126 59 145 59 146 132 127 133 144 135 125 134 124 136 144 135 145 59 125 134 143 137 144 135 124 136 142 138 124 136 123 139 142 138 143 137 124 136 141 140 123 139 122 141 141 140 142 138 123 139 140 142 122 141 121 143 140 142 141 140 122 141 139 144 120 145 119 146 139 144 121 143 120 145 139 144 140 142 121 143 138 147 119 146 118 148 138 147 139 144 119 146 137 149 138 147 118 148 136 150 118 148 117 151 136 150 137 149 118 148 185 152 166 153 184 154 167 155 166 153 185 152 186 156 167 155 185 152 168 157 167 155 186 156 187 158 168 157 186 156 169 159 168 157 187 158 188 160 169 159 187 158 170 161 169 159 188 160 189 162 170 161 188 160 171 163 170 161 189 162 190 164 171 163 189 162 172 165 171 163 190 164 191 166 172 165 190 164 173 167 172 165 191 166 192 168 173 167 191 166 174 169 173 167 192 168 193 170 174 169 192 168 194 171 155 172 156 173 175 174 193 170 194 171 175 174 174 169 193 170 176 175 194 171 156 173 176 175 175 174 194 171 177 176 156 173 157 177 177 176 176 175 156 173 178 178 157 177 158 179 178 178 177 176 157 177 179 180 158 179 159 181 179 180 178 178 158 179 180 182 159 181 160 183 180 182 179 180 159 181 181 184 180 182 160 183 181 184 160 183 161 185 182 186 161 185 162 187 182 186 181 184 161 185 183 188 162 187 163 189 183 188 182 186 162 187 165 190 163 189 164 191 165 190 183 188 163 189 216 192 195 193 196 194 216 192 215 195 195 193 217 196 196 194 197 197 217 196 216 192 196 194 218 198 197 197 198 199 218 198 217 196 197 197 219 200 198 199 199 201 219 200 218 198 198 199 220 202 199 201 200 203 220 202 200 203 201 204 220 202 219 200 199 201 221 205 220 202 201 204 222 206 201 204 202 207 222 206 202 207 203 208 222 206 221 205 201 204 223 209 222 206 203 208 224 210 203 208 204 211 224 210 204 211 205 212 224 210 223 209 203 208 225 213 205 212 206 214 225 213 224 210 205 212 226 215 225 213 206 214 227 216 206 214 207 217 227 216 207 217 208 218 227 216 226 215 206 214 228 219 227 216 208 218 229 220 208 218 209 221 229 220 209 221 210 222 229 220 228 219 208 218 230 223 229 220 210 222 231 224 230 223 210 222 231 224 210 222 211 225 232 226 231 224 211 225 232 226 211 225 212 227 214 228 232 226 212 227 214 228 212 227 213 229 235 230 246 231 245 232 236 233 247 234 246 231 236 233 246 231 235 230 237 235 248 236 247 234 237 235 247 234 236 233 238 237 249 238 248 236 238 237 248 236 237 235 239 239 250 240 249 238 239 239 249 238 238 237 240 241 251 242 250 240 240 241 250 240 239 239 241 243 252 244 251 242 241 243 251 242 240 241 242 245 253 246 252 244 242 245 252 244 241 243 243 247 254 248 253 246 243 247 253 246 242 245 244 249 233 250 254 248 244 249 254 248 243 247 234 251 233 250 244 249 257 252 276 253 275 254 258 255 276 253 257 252 259 256 277 257 276 253 259 256 276 253 258 255 260 258 278 259 277 257 260 258 277 257 259 256 261 260 279 261 278 259 261 260 278 259 260 258 262 262 280 263 279 261 262 262 279 261 261 260 263 264 281 265 280 263 263 264 280 263 262 262 264 266 282 267 281 265 264 266 281 265 263 264 265 268 283 269 282 267 265 268 282 267 264 266 266 270 284 271 283 269 266 270 283 269 265 268 267 272 285 273 284 271 267 272 286 274 285 273 267 272 284 271 266 270 268 275 286 274 267 272 269 276 287 277 286 274 269 276 286 274 268 275 270 278 288 279 287 277 270 278 287 277 269 276 271 280 289 281 288 279 271 280 290 282 289 281 271 280 288 279 270 278 272 283 290 282 271 280 273 284 290 282 272 283 273 284 291 285 290 282 274 286 291 285 273 284 274 286 292 287 291 285 256 288 292 287 274 286 256 288 255 289 292 287 296 290 301 291 295 292 296 290 302 293 301 291 297 294 303 295 302 293 297 294 302 293 296 290 298 296 304 297 303 295 298 296 303 295 297 294 299 298 305 299 304 297 299 298 304 297 298 296 300 300 306 301 305 299 300 300 305 299 299 298 293 302 294 303 306 301 293 302 306 301 300 300 347 304 325 305 324 306 347 304 326 307 325 305 347 304 327 308 326 307 347 304 328 309 327 308 347 304 344 310 345 311 347 304 345 311 346 312 347 304 346 312 328 309 348 313 323 314 322 315 348 313 324 306 323 314 348 313 342 316 343 317 348 313 343 317 344 310 348 313 344 310 347 304 348 313 347 304 324 306 349 318 342 316 348 313 349 318 321 319 320 320 349 318 322 315 321 319 349 318 340 321 341 322 349 318 341 322 342 316 349 318 348 313 322 315 350 323 319 324 318 325 350 323 320 320 319 324 350 323 338 326 339 327 350 323 339 327 340 321 350 323 340 321 349 318 350 323 349 318 320 320 351 328 317 329 316 330 351 328 318 325 317 329 351 328 337 331 338 326 351 328 338 326 350 323 351 328 350 323 318 325 352 332 315 333 314 334 352 332 316 330 315 333 352 332 335 335 336 336 352 332 336 336 337 331 352 332 337 331 351 328 352 332 351 328 316 330 353 337 314 334 313 338 353 337 335 335 352 332 353 337 333 339 334 340 353 337 334 340 335 335 353 337 352 332 314 334 354 341 312 342 311 343 354 341 313 338 312 342 354 341 331 344 332 345 354 341 332 345 333 339 354 341 333 339 353 337 354 341 353 337 313 338 355 346 308 347 307 348 355 346 309 349 308 347 355 346 310 350 309 349 355 346 311 343 310 350 355 346 307 348 329 351 355 346 329 351 330 352 355 346 330 352 331 344 355 346 331 344 354 341 355 346 354 341 311 343 396 353 374 354 373 355 396 353 375 356 374 354 396 353 376 357 375 356 396 353 377 358 376 357 396 353 393 359 394 360 396 353 394 360 395 361 396 353 395 361 377 358 397 362 372 363 371 364 397 362 373 355 372 363 397 362 391 365 392 366 397 362 392 366 393 359 397 362 393 359 396 353 397 362 396 353 373 355 398 367 391 365 397 362 398 367 370 368 369 369 398 367 371 364 370 368 398 367 389 370 390 371 398 367 390 371 391 365 398 367 397 362 371 364 399 372 368 373 367 374 399 372 369 369 368 373 399 372 387 375 388 376 399 372 388 376 389 370 399 372 389 370 398 367 399 372 398 367 369 369 400 377 366 378 365 379 400 377 367 374 366 378 400 377 386 380 387 375 400 377 387 375 399 372 400 377 399 372 367 374 401 381 364 382 363 383 401 381 365 379 364 382 401 381 384 384 385 385 401 381 385 385 386 380 401 381 386 380 400 377 401 381 400 377 365 379 402 386 363 383 362 387 402 386 384 384 401 381 402 386 382 388 383 389 402 386 383 389 384 384 402 386 401 381 363 383 403 390 361 391 360 392 403 390 362 387 361 391 403 390 380 393 381 394 403 390 381 394 382 388 403 390 382 388 402 386 403 390 402 386 362 387 404 395 357 396 356 397 404 395 358 398 357 396 404 395 359 399 358 398 404 395 360 392 359 399 404 395 356 397 378 400 404 395 378 400 379 401 404 395 379 401 380 393 404 395 380 393 403 390 404 395 403 390 360 392 445 402 423 403 422 404 445 402 424 405 423 403 445 402 425 406 424 405 445 402 426 407 425 406 445 402 442 408 443 409 445 402 443 409 444 410 445 402 444 410 426 407 446 411 421 412 420 413 446 411 422 404 421 412 446 411 440 414 441 415 446 411 441 415 442 408 446 411 442 408 445 402 446 411 445 402 422 404 447 416 420 413 419 417 447 416 438 418 439 419 447 416 439 419 440 414 447 416 440 414 446 411 447 416 446 411 420 413 448 420 418 421 417 422 448 420 419 417 418 421 448 420 436 423 437 424 448 420 437 424 438 418 448 420 438 418 447 416 448 420 447 416 419 417 449 425 416 426 415 427 449 425 417 422 416 426 449 425 435 428 436 423 449 425 436 423 448 420 449 425 448 420 417 422 450 429 414 430 413 431 450 429 415 427 414 430 450 429 433 432 434 433 450 429 434 433 435 428 450 429 449 425 415 427 450 429 435 428 449 425 451 434 412 435 411 436 451 434 413 431 412 435 451 434 431 437 432 438 451 434 432 438 433 432 451 434 450 429 413 431 451 434 433 432 450 429 452 439 410 440 409 441 452 439 411 436 410 440 452 439 451 434 411 436 452 439 429 442 430 443 452 439 430 443 431 437 452 439 431 437 451 434 453 444 406 445 405 446 453 444 407 447 406 445 453 444 408 448 407 447 453 444 409 441 408 448 453 444 405 446 427 449 453 444 427 449 428 450 453 444 428 450 429 442 453 444 452 439 409 441 453 444 429 442 452 439 494 451 472 452 471 453 494 451 473 454 472 452 494 451 474 455 473 454 494 451 475 456 474 455 494 451 491 457 492 458 494 451 492 458 493 459 494 451 493 459 475 456 495 460 470 461 469 462 495 460 471 453 470 461 495 460 489 463 490 464 495 460 490 464 491 457 495 460 491 457 494 451 495 460 494 451 471 453 496 465 469 462 468 466 496 465 487 467 488 468 496 465 488 468 489 463 496 465 489 463 495 460 496 465 495 460 469 462 497 469 467 470 466 471 497 469 468 466 467 470 497 469 485 472 486 473 497 469 486 473 487 467 497 469 487 467 496 465 497 469 496 465 468 466 498 474 465 475 464 476 498 474 466 471 465 475 498 474 484 477 485 472 498 474 485 472 497 469 498 474 497 469 466 471 499 478 463 479 462 480 499 478 464 476 463 479 499 478 482 481 483 482 499 478 483 482 484 477 499 478 498 474 464 476 499 478 484 477 498 474 500 483 461 484 460 485 500 483 462 480 461 484 500 483 480 486 481 487 500 483 481 487 482 481 500 483 499 478 462 480 500 483 482 481 499 478 501 488 459 489 458 490 501 488 460 485 459 489 501 488 500 483 460 485 501 488 478 491 479 492 501 488 479 492 480 486 501 488 480 486 500 483 502 493 455 494 454 495 502 493 456 496 455 494 502 493 457 497 456 496 502 493 458 490 457 497 502 493 454 495 476 498 502 493 476 498 477 499 502 493 477 499 478 491 502 493 501 488 458 490 502 493 478 491 501 488 514 500 532 501 533 502 515 503 533 502 534 504 515 503 514 500 533 502 516 505 534 504 535 506 516 505 515 503 534 504 517 507 535 506 536 508 517 507 516 505 535 506 518 509 536 508 537 510 518 509 517 507 536 508 519 511 537 510 538 512 519 511 518 509 537 510 520 513 538 512 539 514 520 513 519 511 538 512 521 515 539 514 540 516 521 515 520 513 539 514 522 517 540 516 541 518 522 517 521 515 540 516 523 519 541 518 503 520 523 519 522 517 541 518 524 521 503 520 504 522 524 521 523 519 503 520 525 523 504 522 505 524 525 523 524 521 504 522 526 525 505 524 506 526 526 525 525 523 505 524 527 527 506 526 507 528 527 527 526 525 506 526 528 529 507 528 508 530 528 529 527 527 507 528 529 531 508 530 509 532 529 531 528 529 508 530 530 533 529 531 509 532 530 533 509 532 510 534 531 535 510 534 511 255 531 535 530 533 510 534 513 536 511 255 512 537 513 536 531 535 511 255 600 585 618 586 619 587 601 588 619 587 620 589 601 588 600 585 619 587 602 590 620 589 621 591 602 590 601 588 620 589 603 592 621 591 622 593 603 592 602 590 621 591 604 594 622 593 623 595 604 594 603 592 622 593 605 596 623 595 624 597 605 596 604 594 623 595 606 598 624 597 625 599 606 598 605 596 624 597 607 600 625 599 626 601 607 600 606 598 625 599 608 602 626 601 627 603 608 602 607 600 626 601 609 604 627 603 589 605 609 604 608 602 627 603 610 606 589 605 590 607 610 606 609 604 589 605 611 608 590 607 591 609 611 608 610 606 590 607 612 610 591 609 592 611 612 610 611 608 591 609 613 612 592 611 593 613 613 612 612 610 592 611 614 614 593 613 594 615 614 614 613 612 593 613 615 616 594 615 595 617 615 616 614 614 594 615 616 618 615 616 595 617 616 618 595 617 596 619 617 620 596 619 597 621 617 620 616 618 596 619 599 622 597 621 598 623 599 622 617 620 597 621 629 624 661 625 628 626 662 627 661 625 629 624 630 628 662 627 629 624 663 629 662 627 630 628 631 630 663 629 630 628 664 631 663 629 631 630 632 632 664 631 631 630 665 633 632 632 633 634 665 633 664 631 632 632 666 635 633 634 634 636 666 635 665 633 633 634 667 637 634 636 635 638 667 637 666 635 634 636 668 639 635 638 636 640 668 639 667 637 635 638 637 641 668 639 636 640 669 642 668 639 637 641 638 643 669 642 637 641 652 644 638 643 639 645 652 644 669 642 638 643 653 646 639 645 640 647 653 646 652 644 639 645 641 648 653 646 640 647 654 649 653 646 641 648 642 650 654 649 641 648 655 651 642 650 643 652 655 651 654 649 642 650 656 653 655 651 643 652 656 653 643 652 644 654 657 655 656 653 644 654 657 655 644 654 645 656 646 657 657 655 645 656 658 658 657 655 646 657 647 659 658 658 646 657 659 660 658 658 647 659 648 661 659 660 647 659 660 662 648 661 649 663 660 662 659 660 648 661 651 664 649 663 650 665 651 664 660 662 649 663 671 666 704 667 670 668 705 669 671 666 672 670 705 669 704 667 671 666 706 671 672 670 673 672 706 671 705 669 672 670 707 673 673 672 674 674 707 673 706 671 673 672 708 675 674 674 675 676 708 675 707 673 674 674 709 677 675 676 676 678 709 677 708 675 675 676 710 679 676 678 677 680 710 679 709 677 676 678 711 681 677 680 678 682 711 681 678 682 679 683 711 681 710 679 677 680 712 684 679 683 680 685 712 684 711 681 679 683 694 686 680 685 681 687 694 686 712 684 680 685 695 688 681 687 682 689 695 688 682 689 683 690 695 688 694 686 681 687 696 691 683 690 684 692 696 691 695 688 683 690 697 693 684 692 685 694 697 693 696 691 684 692 698 695 685 694 686 696 698 695 697 693 685 694 699 697 698 695 686 696 699 697 686 696 687 698 700 699 699 697 687 698 700 699 687 698 688 700 701 701 700 699 688 700 701 701 688 700 689 702 702 703 701 701 689 702 702 703 689 702 690 704 703 705 690 704 691 706 703 705 702 703 690 704 693 707 691 706 692 708 693 707 703 705 691 706 714 709 747 710 713 711 748 712 747 710 714 709 715 713 748 712 714 709 749 714 748 712 715 713 716 715 749 714 715 713 750 716 749 714 716 715 717 717 750 716 716 715 751 718 750 716 717 717 718 719 751 718 717 717 752 720 718 719 719 721 752 720 751 718 718 719 753 722 719 721 720 723 753 722 752 720 719 721 754 724 720 723 721 725 754 724 753 722 720 723 722 726 754 724 721 725 755 727 754 724 722 726 723 728 755 727 722 726 756 729 755 727 723 728 737 730 723 728 724 731 737 730 756 729 723 728 738 732 724 731 725 733 738 732 737 730 724 731 726 734 738 732 725 733 739 735 738 732 726 734 727 736 739 735 726 734 740 737 739 735 727 736 740 737 727 736 728 738 741 739 740 737 728 738 741 739 728 738 729 740 742 741 741 739 729 740 742 741 729 740 730 742 743 743 742 741 730 742 743 743 730 742 731 744 732 745 743 743 731 744 744 746 743 743 732 745 733 747 744 746 732 745 745 748 733 747 734 749 745 748 744 746 733 747 746 750 745 748 734 749 735 751 746 750 734 749 736 752 746 750 735 751 775 753 777 754 776 755 775 753 794 756 777 754 774 757 793 758 794 756 774 757 794 756 775 753 773 759 792 760 793 758 773 759 793 758 774 757 772 761 791 762 792 760 772 761 792 760 773 759 771 763 789 764 790 765 771 763 790 765 791 762 771 763 791 762 772 761 770 766 789 764 771 763 769 767 788 768 789 764 769 767 789 764 770 766 768 769 786 770 787 771 768 769 787 771 788 768 768 769 788 768 769 767 767 772 785 773 786 770 767 772 786 770 768 769 766 774 785 773 767 772 765 775 784 776 785 773 765 775 785 773 766 774 764 777 782 778 783 779 764 777 783 779 784 776 764 777 784 776 765 775 763 780 782 778 764 777 762 781 782 778 763 780 762 781 781 782 782 778 761 783 780 784 781 782 761 783 781 782 762 781 760 785 780 784 761 783 760 785 778 786 779 787 760 785 779 787 780 784 759 788 778 786 760 785 758 789 778 786 759 788 758 789 757 790 778 786 813 791 815 792 814 793 813 791 832 794 815 792 812 795 831 796 832 794 812 795 832 794 813 791 811 797 830 616 831 796 811 797 831 796 812 795 810 798 829 799 830 616 810 798 830 616 811 797 809 800 828 801 829 799 809 800 829 799 810 798 808 802 827 803 828 801 808 802 828 801 809 800 807 804 826 805 827 803 807 804 827 803 808 802 806 806 825 807 826 805 806 806 826 805 807 804 805 808 824 809 825 807 805 808 825 807 806 806 804 810 823 811 824 809 804 810 824 809 805 808 803 812 822 813 823 811 803 812 823 811 804 810 802 814 821 815 822 813 802 814 822 813 803 812 801 816 820 817 821 815 801 816 821 815 802 814 800 818 819 819 820 817 800 818 820 817 801 816 799 820 818 821 819 819 799 820 819 819 800 818 798 822 817 823 818 821 798 822 818 821 799 820 797 824 817 823 798 822 797 824 816 825 817 823 796 826 816 825 797 824 796 826 795 827 816 825 866 828 874 829 867 830 865 831 873 832 874 829 865 831 874 829 866 828 864 833 872 834 873 832 864 833 873 832 865 831 863 835 871 836 872 834 863 835 872 834 864 833 862 837 870 838 871 836 862 837 871 836 863 835 861 839 869 840 870 838 861 839 870 838 862 837 860 841 868 842 869 840 860 841 869 840 861 839 833 843 834 844 868 842 833 843 868 842 860 841 859 845 833 843 860 841 858 846 838 847 833 843 858 846 833 843 859 845 857 848 836 849 837 850 857 848 837 850 838 847 857 848 838 847 858 846 835 851 847 852 839 853 856 854 835 851 836 849 856 854 836 849 857 848 855 855 835 851 856 854 854 856 835 851 855 855 854 856 846 857 847 852 854 856 847 852 835 851 853 858 846 857 854 856 853 858 845 859 846 857 852 860 844 861 845 859 852 860 845 859 853 858 851 862 843 863 844 861 851 862 844 861 852 860 850 864 842 865 843 863 850 864 843 863 851 862 849 866 841 867 842 865 849 866 842 865 850 864 848 868 840 869 841 867 848 868 841 867 849 866 912 870 893 871 892 872 911 873 912 870 892 872 910 874 892 872 891 875 910 874 911 873 892 872 909 876 891 875 890 877 909 876 910 874 891 875 908 878 890 877 889 879 908 878 909 876 890 877 907 880 889 879 888 881 907 880 908 878 889 879 906 882 887 883 886 884 906 882 888 881 887 883 906 882 907 880 888 881 905 885 906 882 886 884 904 886 886 884 885 887 904 886 905 885 886 884 903 888 884 889 883 890 903 888 885 887 884 889 903 888 904 886 885 887 902 891 903 888 883 890 901 892 883 890 882 893 901 892 902 891 883 890 900 894 882 893 881 895 900 894 901 892 882 893 899 896 881 895 880 897 899 896 900 894 881 895 898 898 880 897 879 899 898 898 899 896 880 897 897 900 898 898 879 899 897 900 879 899 878 901 896 902 877 903 876 904 896 902 878 901 877 903 896 902 897 900 878 901 895 905 896 902 876 904 894 906 876 904 875 907 894 906 895 905 876 904 950 908 931 909 930 910 949 911 950 908 930 910 948 912 930 910 929 913 948 912 949 911 930 910 947 914 929 913 928 915 947 914 948 912 929 913 946 916 928 915 927 917 946 916 947 914 928 915 945 918 927 917 926 919 945 918 946 916 927 917 944 920 926 919 925 921 944 920 945 918 926 919 943 922 925 921 924 923 943 922 944 920 925 921 942 924 924 923 923 925 942 924 943 922 924 923 941 926 923 925 922 927 941 926 942 924 923 925 940 928 922 927 921 929 940 928 941 926 922 927 939 275 921 929 920 930 939 275 940 928 921 929 938 931 920 930 919 932 938 931 939 275 920 930 937 933 919 932 918 934 937 933 938 931 919 932 936 935 918 934 917 936 936 935 937 933 918 934 935 937 936 935 917 936 935 937 917 936 916 938 934 939 916 938 915 940 934 939 935 937 916 938 933 941 914 942 913 943 933 941 915 940 914 942 933 941 934 939 915 940 932 944 933 941 913 943 987 945 969 946 968 947 987 945 988 948 969 946 986 949 968 947 967 950 986 949 987 945 968 947 985 951 967 950 966 952 985 951 986 949 967 950 984 953 966 952 965 954 984 953 985 951 966 952 983 955 965 954 964 956 983 955 984 953 965 954 982 957 964 956 963 958 982 957 983 955 964 956 981 959 963 958 962 960 981 959 982 957 963 958 980 961 962 960 961 962 980 961 981 959 962 960 979 963 961 962 960 964 979 963 980 961 961 962 978 965 959 810 958 966 978 965 960 964 959 810 978 965 979 963 960 964 977 967 978 965 958 966 976 968 958 966 957 969 976 968 977 967 958 966 975 970 956 971 955 972 975 970 957 969 956 971 975 970 976 968 957 969 974 973 975 970 955 972 973 784 974 973 955 972 973 784 955 972 954 974 972 975 954 974 953 976 972 975 973 784 954 974 971 977 953 976 952 978 971 977 972 975 953 976 970 979 952 978 951 980 970 979 971 977 952 978 1008 981 1026 982 1009 983 1007 984 1026 982 1008 981 1006 985 1025 986 1026 982 1006 985 1026 982 1007 984 1005 987 1024 988 1025 986 1005 987 1025 986 1006 985 1004 989 1023 990 1024 988 1004 989 1024 988 1005 987 1003 991 1022 992 1023 990 1003 991 1023 990 1004 989 1002 993 1021 994 1022 992 1002 993 1022 992 1003 991 1001 995 1020 996 1021 994 1001 995 1021 994 1002 993 1000 997 1018 889 1019 998 1000 997 1019 998 1020 996 1000 997 1020 996 1001 995 999 889 1018 889 1000 997 998 999 1017 1000 1018 889 998 999 1018 889 999 889 997 1001 1016 1002 1017 1000 997 1001 1017 1000 998 999 996 1003 1015 1004 1016 1002 996 1003 1016 1002 997 1001 995 1005 1014 1006 1015 1004 995 1005 1015 1004 996 1003 994 1007 1013 1008 1014 1006 994 1007 1014 1006 995 1005 993 1009 1012 1010 1013 1008 993 1009 1013 1008 994 1007 992 1011 1010 1012 1011 1013 992 1011 1011 1013 1012 1010 992 1011 1012 1010 993 1009 991 1014 1010 1012 992 1011 990 1015 1010 1012 991 1014 990 1015 989 1016 1010 1012 1046 1017 1064 1018 1047 1019 1045 1020 1064 1018 1046 1017 1044 1021 1063 1022 1064 1018 1044 1021 1064 1018 1045 1020 1043 1023 1062 1024 1063 1022 1043 1023 1063 1022 1044 1021 1042 1025 1061 1026 1062 1024 1042 1025 1062 1024 1043 1023 1041 991 1060 992 1061 1026 1041 991 1061 1026 1042 1025 1040 1027 1059 1028 1060 992 1040 1027 1060 992 1041 991 1039 1029 1058 1030 1059 1028 1039 1029 1059 1028 1040 1027 1038 1031 1057 1032 1058 1030 1038 1031 1058 1030 1039 1029 1037 1033 1055 1034 1056 1035 1037 1033 1056 1035 1057 1032 1037 1033 1057 1032 1038 1031 1036 1036 1055 1034 1037 1033 1035 1037 1054 1038 1055 1034 1035 1037 1055 1034 1036 1036 1034 1039 1052 1040 1053 1041 1034 1039 1053 1041 1054 1038 1034 1039 1054 1038 1035 1037 1033 1040 1052 1040 1034 1039 1032 1042 1052 1040 1033 1040 1032 1042 1051 1043 1052 1040 1031 1044 1049 1045 1050 282 1031 1044 1050 282 1051 1043 1031 1044 1051 1043 1032 1042 1030 1046 1049 1045 1031 1044 1030 1046 1048 1047 1049 1045 1029 1048 1048 1047 1030 1046 1028 1049 1048 1047 1029 1048 1028 1049 1027 1050 1048 1047 1084 1051 1102 1052 1085 1053 1083 1054 1102 1052 1084 1051 1082 1055 1101 1056 1102 1052 1082 1055 1102 1052 1083 1054 1081 1057 1100 1058 1101 1056 1081 1057 1101 1056 1082 1055 1080 1025 1099 1026 1100 1058 1080 1025 1100 1058 1081 1057 1079 991 1098 992 1099 1026 1079 991 1099 1026 1080 1025 1078 1059 1097 1060 1098 992 1078 1059 1098 992 1079 991 1077 1061 1096 1062 1097 1060 1077 1061 1097 1060 1078 1059 1076 1063 1095 1064 1096 1062 1076 1063 1096 1062 1077 1061 1075 1065 1093 1066 1094 1067 1075 1065 1094 1067 1095 1064 1075 1065 1095 1064 1076 1063 1074 1068 1093 1066 1075 1065 1073 1069 1092 1070 1093 1066 1073 1069 1093 1066 1074 1068 1072 1071 1091 1004 1092 1070 1072 1071 1092 1070 1073 1069 1071 1005 1090 1006 1091 1004 1071 1005 1091 1004 1072 1071 1070 1042 1089 1043 1090 1006 1070 1042 1090 1006 1071 1005 1069 1072 1088 1073 1089 1043 1069 1072 1089 1043 1070 1042 1068 1074 1087 1075 1088 1073 1068 1074 1088 1073 1069 1072 1067 1076 1087 1075 1068 1074 1067 1076 1086 1077 1087 1075 1066 1078 1086 1077 1067 1076 1066 1078 1065 1079 1086 1077 1122 1080 1140 1081 1123 1082 1121 1083 1140 1081 1122 1080 1120 985 1139 986 1140 1081 1120 985 1140 1081 1121 1083 1119 987 1138 988 1139 986 1119 987 1139 986 1120 985 1118 1084 1137 1085 1138 988 1118 1084 1138 988 1119 987 1117 1086 1136 1087 1137 1085 1117 1086 1137 1085 1118 1084 1116 1088 1135 1089 1136 1087 1116 1088 1136 1087 1117 1086 1115 1090 1134 1091 1135 1089 1115 1090 1135 1089 1116 1088 1114 1092 1133 1093 1134 1091 1114 1092 1134 1091 1115 1090 1113 889 1131 1094 1132 889 1113 889 1132 889 1133 1093 1113 889 1133 1093 1114 1092 1112 1095 1131 1094 1113 889 1111 1096 1130 776 1131 1094 1111 1096 1131 1094 1112 1095 1110 1097 1129 1098 1130 776 1110 1097 1130 776 1111 1096 1109 1005 1128 1006 1129 1098 1109 1005 1129 1098 1110 1097 1108 1042 1127 1099 1128 1006 1108 1042 1128 1006 1109 1005 1107 1100 1126 1101 1127 1099 1107 1100 1127 1099 1108 1042 1106 1102 1125 1046 1126 1101 1106 1102 1126 1101 1107 1100 1105 1103 1125 1046 1106 1102 1105 1103 1124 1104 1125 1046 1104 1105 1124 1104 1105 1103 1104 1105 1103 1106 1124 1104 1160 1107 1178 1108 1161 1109 1159 1110 1178 1108 1160 1107 1158 1111 1177 1112 1178 1108 1158 1111 1178 1108 1159 1110 1157 1113 1176 1114 1177 1112 1157 1113 1177 1112 1158 1111 1156 1115 1175 1116 1176 1114 1156 1115 1176 1114 1157 1113 1155 1117 1174 1118 1175 1116 1155 1117 1175 1116 1156 1115 1154 1119 1173 1120 1174 1118 1154 1119 1174 1118 1155 1117 1153 1121 1172 1122 1173 1120 1153 1121 1173 1120 1154 1119 1152 998 1170 1123 1171 1124 1152 998 1171 1124 1172 1122 1152 998 1172 1122 1153 1121 1151 1125 1170 1123 1152 998 1150 1126 1169 1127 1170 1123 1150 1126 1170 1123 1151 1125 1149 1128 1168 1129 1169 1127 1149 1128 1169 1127 1150 1126 1148 1130 1166 1131 1167 815 1148 1130 1167 815 1168 1129 1148 1130 1168 1129 1149 1128 1147 1132 1165 1007 1166 1131 1147 1132 1166 1131 1148 1130 1146 1133 1165 1007 1147 1132 1145 1134 1164 1135 1165 1007 1145 1134 1165 1007 1146 1133 1144 1136 1164 1135 1145 1134 1144 1136 1163 1137 1164 1135 1143 1138 1163 1137 1144 1136 1143 1138 1141 1139 1162 1140 1143 1138 1162 1140 1163 1137 1142 1141 1141 1139 1143 1138 1197 1142 1199 1143 1198 1144 1197 1142 1216 1145 1199 1143 1196 1146 1215 1147 1216 1145 1196 1146 1216 1145 1197 1142 1195 1148 1214 1149 1215 1147 1195 1148 1215 1147 1196 1146 1194 798 1213 1150 1214 1149 1194 798 1214 1149 1195 1148 1193 1151 1212 1152 1213 1150 1193 1151 1213 1150 1194 798 1192 1153 1211 1154 1212 1152 1192 1153 1212 1152 1193 1151 1191 1155 1210 1156 1211 1154 1191 1155 1211 1154 1192 1153 1190 1157 1209 1158 1210 1156 1190 1157 1210 1156 1191 1155 1189 1159 1208 1160 1209 1158 1189 1159 1209 1158 1190 1157 1188 1161 1207 1162 1208 1160 1188 1161 1208 1160 1189 1159 1187 1163 1206 1164 1207 1162 1187 1163 1207 1162 1188 1161 1186 1165 1205 1166 1206 1164 1186 1165 1206 1164 1187 1163 1185 1167 1204 1168 1205 1166 1185 1167 1205 1166 1186 1165 1184 1169 1203 1170 1204 1168 1184 1169 1204 1168 1185 1167 1183 1171 1202 1172 1203 1170 1183 1171 1203 1170 1184 1169 1182 902 1200 1173 1201 1174 1182 902 1201 1174 1202 1172 1182 902 1202 1172 1183 1171 1181 1175 1200 1173 1182 902 1181 1175 1179 1176 1200 1173 1180 1177 1179 1176 1181 1175 1235 1178 1237 1179 1236 1180 1235 1178 1254 1181 1237 1179 1234 1182 1253 1183 1254 1181 1234 1182 1254 1181 1235 1178 1233 1184 1251 1185 1252 1186 1233 1184 1252 1186 1253 1183 1233 1184 1253 1183 1234 1182 1232 1187 1251 1185 1233 1184 1231 1188 1250 1189 1251 1185 1231 1188 1251 1185 1232 1187 1230 1190 1248 1191 1249 1192 1230 1190 1249 1192 1250 1189 1230 1190 1250 1189 1231 1188 1229 1193 1248 1191 1230 1190 1228 1194 1247 1195 1248 1191 1228 1194 1248 1191 1229 1193 1227 1196 1245 1197 1246 1198 1227 1196 1246 1198 1247 1195 1227 1196 1247 1195 1228 1194 1226 1199 1245 1197 1227 1196 1225 1200 1243 1201 1244 1202 1225 1200 1244 1202 1245 1197 1225 1200 1245 1197 1226 1199 1224 1203 1243 1201 1225 1200 1223 1204 1242 1205 1243 1201 1223 1204 1243 1201 1224 1203 1222 1206 1241 1207 1242 1205 1222 1206 1242 1205 1223 1204 1221 1208 1240 1209 1241 1207 1221 1208 1241 1207 1222 1206 1220 1210 1239 1211 1240 1209 1220 1210 1240 1209 1221 1208 1219 1212 1239 1211 1220 1210 1219 1212 1238 1213 1239 1211 1218 1214 1238 1213 1219 1212 1218 1214 1217 1215 1238 1213 1273 1216 1275 1217 1274 1218 1273 1216 1292 1219 1275 1217 1272 1146 1291 1147 1292 1219 1272 1146 1292 1219 1273 1216 1271 1220 1290 1221 1291 1147 1271 1220 1291 1147 1272 1146 1270 1222 1288 1223 1289 1224 1270 1222 1289 1224 1290 1221 1270 1222 1290 1221 1271 1220 1269 1225 1288 1223 1270 1222 1268 1226 1286 1227 1287 1228 1268 1226 1287 1228 1288 1223 1268 1226 1288 1223 1269 1225 1267 1229 1286 1227 1268 1226 1266 1230 1285 1231 1286 1227 1266 1230 1286 1227 1267 1229 1265 1232 1284 1233 1285 1231 1265 1232 1285 1231 1266 1230 1264 1234 1282 1235 1283 1236 1264 1234 1283 1236 1284 1233 1264 1234 1284 1233 1265 1232 1263 1237 1282 1235 1264 1234 1262 1238 1281 1239 1282 1235 1262 1238 1282 1235 1263 1237 1261 1240 1280 1241 1281 1239 1261 1240 1281 1239 1262 1238 1260 1242 1279 1243 1280 1241 1260 1242 1280 1241 1261 1240 1259 1244 1278 1172 1279 1243 1259 1244 1279 1243 1260 1242 1258 1245 1277 1246 1278 1172 1258 1245 1278 1172 1259 1244 1257 1247 1277 1246 1258 1245 1257 1247 1255 1248 1276 1249 1257 1247 1276 1249 1277 1246 1256 1250 1255 1248 1257 1247 1457 1395 1475 1396 1458 1397 1456 1398 1472 1399 1473 1400 1456 1398 1473 1400 1474 1401 1456 1398 1474 1401 1475 1396 1456 1398 1475 1396 1457 1395 1455 1402 1470 1403 1471 1404 1455 1402 1471 1404 1472 1399 1455 1402 1472 1399 1456 1398 1454 1405 1469 1406 1470 1403 1454 1405 1470 1403 1455 1402 1453 1407 1469 1406 1454 1405 1452 1408 1468 1409 1469 1406 1452 1408 1469 1406 1453 1407 1451 1410 1468 1409 1452 1408 1450 1411 1468 1409 1451 1410 1449 1412 1467 1413 1468 1409 1449 1412 1468 1409 1450 1411 1448 1414 1467 1413 1449 1412 1439 1415 1467 1413 1448 1414 1440 1416 1466 1417 1467 1413 1440 1416 1467 1413 1439 1415 1441 1418 1466 1417 1440 1416 1442 1419 1466 1417 1441 1418 1443 1420 1465 1421 1466 1417 1443 1420 1466 1417 1442 1419 1444 1422 1465 1421 1443 1420 1445 1423 1464 1424 1465 1421 1445 1423 1465 1421 1444 1422 1446 1425 1462 1426 1463 1427 1446 1425 1463 1427 1464 1424 1446 1425 1464 1424 1445 1423 1447 1428 1462 1426 1446 1425 1447 1428 1459 1429 1460 1430 1447 1428 1460 1430 1461 1431 1447 1428 1461 1431 1462 1426 1438 1432 1459 1429 1447 1428 1438 1432 1437 1433 1459 1429 1495 1434 1513 1435 1496 1436 1494 1437 1513 1435 1495 1434 1493 1438 1512 1439 1513 1435 1493 1438 1513 1435 1494 1437 1492 1440 1511 1441 1512 1439 1492 1440 1512 1439 1493 1438 1491 1442 1510 1443 1511 1441 1491 1442 1511 1441 1492 1440 1490 1444 1509 1445 1510 1443 1490 1444 1510 1443 1491 1442 1489 1446 1508 1447 1509 1445 1489 1446 1509 1445 1490 1444 1488 1448 1507 1449 1508 1447 1488 1448 1508 1447 1489 1446 1487 1450 1506 1451 1507 1449 1487 1450 1507 1449 1488 1448 1486 1452 1505 1453 1506 1451 1486 1452 1506 1451 1487 1450 1485 1454 1504 1455 1505 1453 1485 1454 1505 1453 1486 1452 1484 1456 1503 1457 1504 1455 1484 1456 1504 1455 1485 1454 1483 1458 1502 1459 1503 1457 1483 1458 1503 1457 1484 1456 1482 1460 1501 1461 1502 1459 1482 1460 1502 1459 1483 1458 1481 1462 1500 1463 1501 1461 1481 1462 1501 1461 1482 1460 1480 1464 1500 1463 1481 1462 1480 1464 1498 1465 1499 1466 1480 1464 1499 1466 1500 1463 1479 1467 1498 1465 1480 1464 1479 1467 1497 1468 1498 1465 1478 1469 1497 1468 1479 1467 1478 1469 1476 1470 1497 1468 1477 1471 1476 1470 1478 1469 1533 1472 1551 1473 1534 1474 1532 1475 1551 1473 1533 1472 1531 1476 1550 1477 1551 1473 1531 1476 1551 1473 1532 1475 1530 1478 1549 1479 1550 1477 1530 1478 1550 1477 1531 1476 1529 1442 1548 1443 1549 1479 1529 1442 1549 1479 1530 1478 1528 1444 1547 1445 1548 1443 1528 1444 1548 1443 1529 1442 1527 1480 1546 1481 1547 1445 1527 1480 1547 1445 1528 1444 1526 1482 1545 1483 1546 1481 1526 1482 1546 1481 1527 1480 1525 1484 1544 1485 1545 1483 1525 1484 1545 1483 1526 1482 1524 1452 1543 1453 1544 1485 1524 1452 1544 1485 1525 1484 1523 1486 1541 1487 1542 1488 1523 1486 1542 1488 1543 1453 1523 1486 1543 1453 1524 1452 1522 1489 1541 1487 1523 1486 1521 1490 1540 1491 1541 1487 1521 1490 1541 1487 1522 1489 1520 1460 1539 1461 1540 1491 1520 1460 1540 1491 1521 1490 1519 1462 1538 1463 1539 1461 1519 1462 1539 1461 1520 1460 1518 1492 1538 1463 1519 1462 1518 1492 1537 1493 1538 1463 1517 1494 1537 1493 1518 1492 1517 1494 1536 1495 1537 1493 1516 1496 1536 1495 1517 1494 1516 1496 1514 1497 1535 1498 1516 1496 1535 1498 1536 1495 1515 1499 1514 1497 1516 1496 1571 1500 1589 1501 1572 1502 1570 1503 1589 1501 1571 1500 1569 1504 1588 1505 1589 1501 1569 1504 1589 1501 1570 1503 1568 1506 1587 1507 1588 1505 1568 1506 1588 1505 1569 1504 1567 1508 1585 1509 1586 1510 1567 1508 1586 1510 1587 1507 1567 1508 1587 1507 1568 1506 1566 1511 1585 1509 1567 1508 1565 1512 1584 1513 1585 1509 1565 1512 1585 1509 1566 1511 1564 1514 1582 1515 1583 1516 1564 1514 1583 1516 1584 1513 1564 1514 1584 1513 1565 1512 1563 1517 1582 1515 1564 1514 1562 1518 1581 1519 1582 1515 1562 1518 1582 1515 1563 1517 1561 1520 1579 1521 1580 1522 1561 1520 1580 1522 1581 1519 1561 1520 1581 1519 1562 1518 1560 1523 1578 1524 1579 1521 1560 1523 1579 1521 1561 1520 1559 1525 1578 1524 1560 1523 1558 1526 1576 1527 1577 1526 1558 1526 1577 1526 1578 1524 1558 1526 1578 1524 1559 1525 1557 1528 1576 1527 1558 1526 1556 1529 1576 1527 1557 1528 1556 1529 1575 1530 1576 1527 1555 1531 1575 1530 1556 1529 1555 1531 1573 1532 1574 146 1555 1531 1574 146 1575 1530 1554 1533 1573 1532 1555 1531 1553 1534 1573 1532 1554 1533 1553 1534 1552 1535 1573 1532 1609 1536 1627 1537 1610 1436 1608 1538 1627 1537 1609 1536 1607 1504 1626 1505 1627 1537 1607 1504 1627 1537 1608 1538 1606 1506 1625 1507 1626 1505 1606 1506 1626 1505 1607 1504 1605 1539 1624 1540 1625 1507 1605 1539 1625 1507 1606 1506 1604 1541 1623 1542 1624 1540 1604 1541 1624 1540 1605 1539 1603 1543 1622 1544 1623 1542 1603 1543 1623 1542 1604 1541 1602 1545 1621 1546 1622 1544 1602 1545 1622 1544 1603 1543 1601 1547 1619 1518 1620 1548 1601 1547 1620 1548 1621 1546 1601 1547 1621 1546 1602 1545 1600 1519 1618 1549 1619 1518 1600 1519 1619 1518 1601 1547 1599 1550 1618 1549 1600 1519 1598 1551 1617 1552 1618 1549 1598 1551 1618 1549 1599 1550 1597 1553 1615 1526 1616 1554 1597 1553 1616 1554 1617 1552 1597 1553 1617 1552 1598 1551 1596 1526 1615 1526 1597 1553 1595 1528 1613 1555 1614 1528 1595 1528 1614 1528 1615 1526 1595 1528 1615 1526 1596 1526 1594 1556 1613 1555 1595 1528 1593 1531 1613 1555 1594 1556 1593 1531 1611 1557 1612 146 1593 1531 1612 146 1613 1555 1592 1558 1611 1557 1593 1531 1592 1558 1590 1559 1611 1557 1591 1560 1590 1559 1592 1558 1639 1561 1636 1562 1635 1563 1639 1561 1638 1564 1636 1562 1640 1565 1635 1563 1634 1566 1640 1565 1639 1561 1635 1563 1641 1567 1634 1566 1633 1568 1641 1567 1640 1565 1634 1566 1642 1569 1633 1568 1632 1570 1642 1569 1641 1567 1633 1568 1643 1571 1632 1570 1631 1572 1643 1571 1642 1569 1632 1570 1644 1573 1631 1572 1630 1574 1644 1573 1643 1571 1631 1572 1645 1575 1630 1574 1629 1576 1645 1575 1644 1573 1630 1574 1646 1577 1629 1576 1628 1578 1646 1577 1645 1575 1629 1576 1637 1579 1646 1577 1628 1578 1647 1580 1648 1581 1653 1582 1655 1583 1653 1582 1652 1584 1655 1583 1647 1580 1653 1582 1656 1585 1652 1584 1651 1586 1656 1585 1655 1583 1652 1584 1657 1587 1656 1585 1651 1586 1658 1588 1651 1586 1650 1589 1658 1588 1657 1587 1651 1586 1659 1590 1650 1589 1649 1591 1659 1590 1658 1588 1650 1589 1654 1592 1659 1590 1649 1591 1672 1593 1665 1593 1677 1593 1680 1593 1665 1593 1672 1593 1679 1593 1680 1593 1672 1593 1666 1593 1676 1593 1677 1593 1666 1594 1677 1594 1665 1594 1673 1593 1679 1593 1672 1593 1686 1593 1679 1593 1673 1593 1675 1595 1666 1595 1667 1595 1675 1596 1667 1596 1668 1596 1675 1593 1676 1593 1666 1593 1678 1593 1679 1593 1686 1593 1678 1593 1684 1593 1681 1593 1683 1593 1684 1593 1678 1593 1689 1593 1674 1593 1675 1593 1664 1593 1680 1593 1681 1593 1664 1593 1684 1593 1685 1593 1664 1593 1665 1593 1680 1593 1664 1593 1681 1593 1684 1593 1682 1597 1664 1597 1685 1597 1687 1598 1664 1598 1682 1598 1687 1593 1682 1593 1683 1593 1694 1593 1695 1593 1689 1593 1696 1593 1689 1593 1695 1593 1693 1593 1694 1593 1689 1593 1692 1593 1693 1593 1689 1593 1697 1593 1689 1593 1696 1593 1691 1599 1692 1599 1689 1599 1690 1600 1689 1600 1675 1600 1690 1593 1691 1593 1689 1593 1725 1593 1690 1593 1675 1593 1724 1601 1725 1601 1675 1601 1724 1593 1675 1593 1668 1593 1723 1593 1668 1593 1669 1593 1723 1602 1724 1602 1668 1602 1688 1603 1699 1603 1700 1603 1688 1604 1700 1604 1701 1604 1688 1593 1701 1593 1702 1593 1703 1593 1688 1593 1702 1593 1722 1605 1723 1605 1669 1605 1704 1593 1688 1593 1703 1593 1721 1606 1669 1606 1670 1606 1721 1593 1722 1593 1669 1593 1705 1593 1688 1593 1704 1593 1720 1593 1721 1593 1670 1593 1719 1593 1720 1593 1670 1593 1663 1607 1664 1607 1687 1607 1663 1608 1687 1608 1688 1608 1663 1593 1705 1593 1706 1593 1663 1593 1706 1593 1707 1593 1663 1593 1707 1593 1708 1593 1663 1593 1688 1593 1705 1593 1662 1593 1708 1593 1709 1593 1662 1593 1663 1593 1708 1593 1660 1609 1662 1609 1709 1609 1660 1593 1709 1593 1710 1593 1660 1610 1710 1610 1711 1610 1660 1611 1711 1611 1712 1611 1661 1612 1712 1612 1713 1612 1661 1593 1713 1593 1714 1593 1661 1613 1714 1613 1715 1613 1661 1614 1715 1614 1716 1614 1661 1615 1660 1615 1712 1615 1671 1616 1716 1616 1717 1616 1671 1617 1717 1617 1718 1617 1671 1618 1718 1618 1719 1618 1671 1593 1719 1593 1670 1593 1671 1593 1661 1593 1716 1593 1673 1619 1674 1619 1686 1619 1686 1593 1687 1593 1683 1593 1686 1593 1683 1593 1678 1593 1688 1593 1689 1593 1699 1593 1699 1593 1689 1593 1698 1593 1698 1593 1689 1593 1697 1593 1689 1620 1686 1620 1674 1620 1737 1621 1727 1622 1726 1623 1737 1621 1726 1623 1735 1624 1738 1625 1735 1624 1734 1626 1738 1625 1737 1621 1735 1624 1739 1627 1734 1626 1733 1628 1739 1627 1738 1625 1734 1626 1740 1629 1733 1628 1732 1630 1740 1629 1739 1627 1733 1628 1741 1631 1732 1630 1731 1632 1741 1631 1740 1629 1732 1630 1742 1633 1731 1632 1730 1634 1742 1633 1741 1631 1731 1632 1743 1635 1730 1634 1729 1636 1743 1635 1742 1633 1730 1634 1744 1637 1729 1636 1728 1638 1744 1637 1743 1635 1729 1636 1736 1639 1744 1637 1728 1638 1746 1640 1745 1641 1751 1642 1753 1643 1751 1642 1750 1644 1753 1643 1746 1640 1751 1642 1754 1645 1750 1644 1749 1646 1754 1645 1753 1643 1750 1644 1755 1647 1754 1645 1749 1646 1756 1648 1749 1646 1748 1649 1756 1648 1755 1647 1749 1646 1757 1650 1748 1649 1747 1651 1757 1650 1756 1648 1748 1649 1752 1652 1757 1650 1747 1651 1775 1653 1777 1654 1776 1655 1775 1653 1794 1656 1795 1657 1775 1653 1795 1657 1777 1654 1774 1658 1793 1659 1794 1656 1774 1658 1794 1656 1775 1653 1773 1660 1792 1661 1793 1659 1773 1660 1793 1659 1774 1658 1772 1662 1791 1663 1792 1661 1772 1662 1792 1661 1773 1660 1771 1664 1791 1663 1772 1662 1770 1665 1789 1666 1790 1667 1770 1665 1790 1667 1791 1663 1770 1665 1791 1663 1771 1664 1769 1668 1788 1669 1789 1666 1769 1668 1789 1666 1770 1665 1768 1670 1788 1669 1769 1668 1767 1671 1787 1672 1788 1669 1767 1671 1788 1669 1768 1670 1766 1673 1785 1674 1786 1675 1766 1673 1786 1675 1787 1672 1766 1673 1787 1672 1767 1671 1765 1676 1785 1674 1766 1673 1764 1677 1784 1678 1785 1674 1764 1677 1785 1674 1765 1676 1763 1679 1783 1680 1784 1678 1763 1679 1784 1678 1764 1677 1762 1681 1782 1682 1783 1680 1762 1681 1783 1680 1763 1679 1761 1683 1782 1682 1762 1681 1761 1683 1781 1684 1782 1682 1760 1685 1781 1684 1761 1683 1760 1685 1780 1686 1781 1684 1759 1687 1780 1686 1760 1685 1759 1687 1779 1688 1780 1686 1758 1689 1779 1688 1759 1687 1758 1689 1778 1690 1779 1688 1813 1691 1815 1692 1814 1693 1813 1691 1832 1656 1833 1694 1813 1691 1833 1694 1815 1692 1812 1658 1831 1659 1832 1656 1812 1658 1832 1656 1813 1691 1811 1660 1830 1695 1831 1659 1811 1660 1831 1659 1812 1658 1810 1696 1829 1697 1830 1695 1810 1696 1830 1695 1811 1660 1809 1698 1828 1699 1829 1697 1809 1698 1829 1697 1810 1696 1808 1700 1827 1701 1828 1699 1808 1700 1828 1699 1809 1698 1807 1702 1827 1701 1808 1700 1806 1703 1826 1704 1827 1701 1806 1703 1827 1701 1807 1702 1805 1705 1824 1706 1825 1705 1805 1705 1825 1705 1826 1704 1805 1705 1826 1704 1806 1703 1804 1707 1824 1706 1805 1705 1803 1708 1823 1709 1824 1706 1803 1708 1824 1706 1804 1707 1802 1710 1821 1711 1822 1712 1802 1710 1822 1712 1823 1709 1802 1710 1823 1709 1803 1708 1801 1713 1821 1711 1802 1710 1800 1714 1819 1715 1820 1716 1800 1714 1820 1716 1821 1711 1800 1714 1821 1711 1801 1713 1799 1717 1819 1715 1800 1714 1798 1685 1819 1715 1799 1717 1798 1685 1818 1686 1819 1715 1797 1718 1818 1686 1798 1685 1797 1718 1817 1719 1818 1686 1796 1720 1817 1719 1797 1718 1796 1720 1816 1721 1817 1719 1837 1722 1834 1722 1836 1722 1835 1723 1834 1723 1837 1723 1855 1724 1857 1725 1856 1726 1855 1724 1874 1727 1875 1728 1855 1724 1875 1728 1857 1725 1854 1729 1873 1730 1874 1727 1854 1729 1874 1727 1855 1724 1853 1731 1872 1732 1873 1730 1853 1731 1873 1730 1854 1729 1852 1733 1871 1734 1872 1732 1852 1733 1872 1732 1853 1731 1851 1735 1870 1736 1871 1734 1851 1735 1871 1734 1852 1733 1850 1737 1869 1738 1870 1736 1850 1737 1870 1736 1851 1735 1849 1739 1869 1738 1850 1737 1848 1740 1868 1741 1869 1738 1848 1740 1869 1738 1849 1739 1847 1742 1867 1743 1868 1741 1847 1742 1868 1741 1848 1740 1846 1744 1866 1745 1867 1743 1846 1744 1867 1743 1847 1742 1845 1746 1865 1747 1866 1745 1845 1746 1866 1745 1846 1744 1844 1748 1864 1749 1865 1747 1844 1748 1865 1747 1845 1746 1843 1750 1863 1751 1864 1749 1843 1750 1864 1749 1844 1748 1842 1752 1862 1753 1863 1751 1842 1752 1863 1751 1843 1750 1841 1754 1862 1753 1842 1752 1841 1754 1861 1755 1862 1753 1840 1756 1861 1755 1841 1754 1840 1756 1860 1757 1861 1755 1839 1758 1860 1757 1840 1756 1839 1758 1859 1759 1860 1757 1838 1760 1859 1759 1839 1758 1838 1760 1858 1690 1859 1759 1893 1761 1895 1762 1894 1763 1893 1761 1912 1764 1913 1765 1893 1761 1913 1765 1895 1762 1892 1766 1911 1730 1912 1764 1892 1766 1912 1764 1893 1761 1891 1731 1910 1767 1911 1730 1891 1731 1911 1730 1892 1766 1890 1768 1909 1769 1910 1767 1890 1768 1910 1767 1891 1731 1889 1770 1909 1769 1890 1768 1888 1771 1907 1772 1908 1773 1888 1771 1908 1773 1909 1769 1888 1771 1909 1769 1889 1770 1887 1774 1906 1775 1907 1772 1887 1774 1907 1772 1888 1771 1886 1776 1906 1775 1887 1774 1885 1777 1904 1778 1905 1705 1885 1777 1905 1705 1906 1775 1885 1777 1906 1775 1886 1776 1884 1779 1904 1778 1885 1777 1883 1780 1902 1781 1903 1782 1883 1780 1903 1782 1904 1778 1883 1780 1904 1778 1884 1779 1882 1783 1902 1781 1883 1780 1881 1784 1901 1785 1902 1781 1881 1784 1902 1781 1882 1783 1880 1786 1900 1787 1901 1785 1880 1786 1901 1785 1881 1784 1879 1754 1900 1787 1880 1786 1879 1754 1899 1755 1900 1787 1878 1788 1899 1755 1879 1754 1878 1788 1898 1789 1899 1755 1877 1790 1898 1789 1878 1788 1877 1790 1897 1791 1898 1789 1876 1792 1897 1791 1877 1790 1876 1792 1896 1793 1897 1791 1969 1794 1915 1795 1914 1796 1969 1794 1914 1796 1943 1797 1970 1798 1943 1797 1942 1799 1970 1798 1969 1794 1943 1797 1971 1800 1942 1799 1941 1801 1971 1800 1970 1798 1942 1799 1972 1802 1941 1801 1940 1803 1972 1802 1971 1800 1941 1801 1951 1804 1940 1803 1939 1805 1951 1804 1972 1802 1940 1803 1952 1806 1939 1805 1938 1807 1952 1806 1951 1804 1939 1805 1953 1808 1938 1807 1937 1809 1953 1808 1952 1806 1938 1807 1954 1810 1937 1809 1936 1811 1954 1810 1953 1808 1937 1809 1955 1812 1936 1811 1935 1813 1955 1812 1954 1810 1936 1811 1956 1814 1935 1813 1934 1815 1956 1814 1955 1812 1935 1813 1957 1816 1956 1814 1934 1815 1957 1816 1934 1815 1933 1817 1958 1818 1957 1816 1933 1817 1958 1818 1933 1817 1932 1819 1959 1820 1932 1819 1931 1821 1959 1820 1958 1818 1932 1819 1960 1822 1930 1823 1929 1824 1960 1822 1931 1821 1930 1823 1960 1822 1959 1820 1931 1821 1961 1825 1929 1824 1928 1826 1961 1825 1960 1822 1929 1824 1962 1827 1928 1826 1927 1828 1962 1827 1961 1825 1928 1826 1963 1829 1927 1828 1926 1830 1963 1829 1962 1827 1927 1828 1964 1831 1926 1830 1925 1832 1964 1831 1963 1829 1926 1830 1965 1833 1925 1832 1924 1834 1965 1833 1964 1831 1925 1832 1966 1835 1924 1834 1923 1836 1966 1835 1965 1833 1924 1834 1967 1837 1923 1836 1922 1838 1967 1837 1966 1835 1923 1836 1968 1839 1922 1838 1921 1840 1968 1839 1967 1837 1922 1838 1945 1841 1921 1840 1920 1842 1945 1841 1968 1839 1921 1840 1946 1843 1920 1842 1919 1844 1946 1843 1945 1841 1920 1842 1947 1845 1919 1844 1918 1846 1947 1845 1946 1843 1919 1844 1948 1847 1918 1846 1917 1848 1948 1847 1947 1845 1918 1846 1949 1849 1948 1847 1917 1848 1950 1850 1917 1848 1916 1851 1950 1850 1949 1849 1917 1848 1944 1852 1950 1850 1916 1851 1994 1853 2014 1854 1995 1855 1993 1856 2013 1857 2014 1854 1993 1856 2014 1854 1994 1853 1992 1858 2012 1859 2013 1857 1992 1858 2013 1857 1993 1856 1991 1860 2010 1861 2011 1862 1991 1860 2011 1862 2012 1859 1991 1860 2012 1859 1992 1858 1990 1863 2009 1864 2010 1861 1990 1863 2010 1861 1991 1860 1989 1865 2008 1866 2009 1864 1989 1865 2009 1864 1990 1863 1988 1867 2008 1866 1989 1865 1987 1868 2007 1869 2008 1866 1987 1868 2008 1866 1988 1867 1986 1870 2007 1869 1987 1868 1985 1871 2006 1872 2007 1869 1985 1871 2007 1869 1986 1870 1984 1873 2006 1872 1985 1871 1983 1874 2005 1875 2006 1872 1983 1874 2006 1872 1984 1873 1982 1876 2005 1875 1983 1874 1981 1877 2005 1875 1982 1876 1980 1878 2004 1879 2005 1875 1980 1878 2005 1875 1981 1877 1979 1880 2004 1879 1980 1878 1978 1881 2003 1882 2004 1879 1978 1881 2004 1879 1979 1880 1977 1883 2003 1882 1978 1881 1977 1883 2002 1884 2003 1882 1976 1885 2002 1884 1977 1883 1976 1885 2001 1886 2002 1884 1975 1887 2001 1886 1976 1885 1975 1887 1999 1888 2000 1889 1975 1887 2000 1889 2001 1886 1974 1890 1999 1888 1975 1887 1974 1890 1997 1891 1998 1892 1974 1890 1998 1892 1999 1888 1973 1893 1997 1891 1974 1890 1973 1893 1996 1894 1997 1891 2017 1593 2015 1593 2016 1593 2017 1895 2018 1895 2015 1895 2036 1896 2055 1897 2037 1898 2054 1899 2055 1897 2036 1896 2035 1900 2051 1901 2052 1902 2035 1900 2052 1902 2053 1903 2035 1900 2053 1903 2054 1899 2035 1900 2054 1899 2036 1896 2034 1904 2049 1905 2050 1906 2034 1904 2050 1906 2051 1901 2034 1904 2051 1901 2035 1900 2033 1907 2048 1908 2049 1905 2033 1907 2049 1905 2034 1904 2032 1909 2048 1908 2033 1907 2031 1910 2047 1911 2048 1908 2031 1910 2048 1908 2032 1909 2030 1912 2047 1911 2031 1910 2029 1913 2047 1911 2030 1912 2028 1914 2047 1911 2029 1913 2027 1915 2046 1916 2047 1911 2027 1915 2047 1911 2028 1914 2026 1917 2046 1916 2027 1915 2025 1918 2046 1916 2026 1917 2024 1919 2046 1916 2025 1918 2023 1920 2046 1916 2024 1919 2022 1921 2045 1922 2046 1916 2022 1921 2046 1916 2023 1920 2021 1923 2042 1924 2043 1925 2021 1923 2043 1925 2044 1926 2021 1923 2044 1926 2045 1922 2021 1923 2045 1922 2022 1921 2020 1927 2039 1928 2040 1929 2020 1927 2040 1929 2041 1930 2020 1927 2041 1930 2042 1924 2020 1927 2042 1924 2021 1923 2019 1931 2039 1928 2020 1927 2019 1931 2038 1932 2039 1928 2068 1933 2096 1934 2078 1935 2069 1936 2094 1937 2095 1938 2069 1936 2095 1938 2096 1934 2069 1936 2096 1934 2068 1933 2070 1939 2093 1940 2094 1937 2070 1939 2094 1937 2069 1936 2071 1941 2091 1942 2092 1943 2071 1941 2092 1943 2093 1940 2071 1941 2093 1940 2070 1939 2072 1944 2091 1942 2071 1941 2073 1945 2090 1946 2091 1942 2073 1945 2091 1942 2072 1944 2074 1947 2089 1948 2090 1946 2074 1947 2090 1946 2073 1945 2075 1949 2089 1948 2074 1947 2076 1950 2089 1948 2075 1949 2077 1951 2088 1952 2089 1948 2077 1951 2089 1948 2076 1950 2067 1953 2088 1952 2077 1951 2066 1954 2088 1952 2067 1953 2065 1955 2087 1956 2088 1952 2065 1955 2088 1952 2066 1954 2064 1957 2087 1956 2065 1955 2063 1958 2087 1956 2064 1957 2062 1959 2086 1960 2087 1956 2062 1959 2087 1956 2063 1958 2061 1961 2086 1960 2062 1959 2061 1961 2085 1962 2086 1960 2060 1963 2085 1962 2061 1961 2059 1964 2085 1962 2060 1963 2059 1964 2083 1965 2084 1966 2059 1964 2084 1966 2085 1962 2058 1967 2083 1965 2059 1964 2058 1967 2082 1968 2083 1965 2057 1969 2082 1968 2058 1967 2057 1969 2080 1970 2081 1971 2057 1969 2081 1971 2082 1968 2056 1972 2080 1970 2057 1969 2056 1972 2079 1973 2080 1970 2219 1974 2180 1975 2181 1976 2219 1974 2220 1977 2180 1975 2221 1978 2180 1975 2220 1977 2222 1979 2179 1980 2180 1975 2222 1979 2180 1975 2221 1978 2223 1981 2178 1982 2179 1980 2223 1981 2179 1980 2222 1979 2218 1983 2181 1976 2182 1984 2218 1983 2219 1974 2181 1976 2224 1985 2178 1982 2223 1981 2225 1986 2177 1987 2178 1982 2225 1986 2178 1982 2224 1985 2226 1988 2177 1987 2225 1986 2227 1989 2177 1987 2226 1988 2227 1989 2176 1990 2177 1987 2118 1991 2113 1992 2114 1993 2118 1991 2114 1993 2115 1994 2118 1991 2115 1994 2116 1995 2118 1991 2116 1995 2117 1996 2214 1997 2106 1998 2107 1999 2214 1997 2107 1999 2108 2000 2199 2001 2169 2002 2170 2003 2199 2001 2170 2003 2198 2004 2200 2005 2168 2006 2169 2002 2200 2005 2169 2002 2199 2001 2201 2007 2168 2006 2200 2005 2202 2008 2168 2006 2201 2007 2203 2009 2168 2006 2202 2008 2203 2009 2167 2010 2168 2006 2204 2011 2167 2010 2203 2009 2121 2012 2119 2013 2120 2014 2124 2015 2239 2016 2123 2017 2124 2015 2238 2018 2239 2016 2125 2019 2238 2018 2124 2015 2125 2019 2237 2020 2238 2018 2126 2021 2236 2022 2237 2020 2126 2021 2237 2020 2125 2019 2127 2023 2236 2022 2126 2021 2161 2024 2164 2025 2165 2026 2162 2027 2164 2025 2161 2024 2163 2028 2164 2025 2162 2027 2152 2029 2207 2030 2208 2031 2151 2032 2152 2029 2208 2031 2150 2033 2151 2032 2208 2031 2132 2034 2213 2035 2187 2036 2132 2034 2187 2036 2131 2037 2133 2038 2211 2039 2212 2040 2133 2038 2212 2040 2213 2035 2133 2038 2213 2035 2132 2034 2134 2041 2211 2039 2133 2038 2135 2042 2211 2039 2134 2041 2140 2043 2141 2044 2142 2045 2140 2043 2142 2045 2143 2046 2140 2043 2143 2046 2144 2047 2140 2043 2144 2047 2145 2048 2138 2049 2139 2050 2137 2051 2242 2052 2097 2053 2098 2054 2242 2052 2098 2054 2099 2055 2242 2052 2099 2055 2100 2056 2242 2052 2218 1983 2182 1984 2242 2052 2100 2056 2101 2057 2242 2052 2217 2058 2218 1983 2242 2052 2182 1984 2183 2059 2242 2052 2183 2059 2184 2060 2242 2052 2184 2060 2185 2061 2242 2052 2185 2061 2186 2062 2242 2052 2186 2062 2097 2053 2243 2063 2216 2064 2217 2058 2243 2063 2217 2058 2242 2052 2244 2065 2101 2057 2102 2066 2244 2065 2102 2066 2103 2067 2244 2065 2103 2067 2104 2068 2244 2065 2243 2063 2242 2052 2244 2065 2242 2052 2101 2057 2245 2069 2243 2063 2244 2065 2246 2070 2245 2069 2244 2065 2246 2070 2243 2063 2245 2069 2246 2070 2216 2064 2243 2063 2247 2071 2104 2068 2105 2072 2247 2071 2105 2072 2106 1998 2247 2071 2214 1997 2215 2073 2247 2071 2215 2073 2216 2064 2247 2071 2246 2070 2244 2065 2247 2071 2106 1998 2214 1997 2247 2071 2216 2064 2246 2070 2247 2071 2244 2065 2104 2068 2248 2074 2176 1990 2227 1989 2248 2074 2227 1989 2228 2075 2248 2074 2228 2075 2229 2076 2248 2074 2229 2076 2230 2077 2248 2074 2172 2078 2173 2079 2248 2074 2173 2079 2174 2080 2248 2074 2174 2080 2175 2081 2248 2074 2175 2081 2176 1990 2249 2082 2248 2074 2230 2077 2250 2083 2230 2077 2231 2084 2250 2083 2249 2082 2230 2077 2251 2085 2249 2082 2250 2083 2252 2086 2249 2082 2251 2085 2252 2086 2192 2087 2193 2088 2253 2089 2108 2000 2109 2090 2253 2089 2109 2090 2110 2091 2253 2089 2110 2091 2111 2092 2253 2089 2111 2092 2112 2093 2253 2089 2112 2093 2113 1992 2253 2089 2113 1992 2118 1991 2253 2089 2214 1997 2108 2000 2253 2089 2240 2094 2241 2095 2253 2089 2241 2095 2214 1997 2254 2096 2252 2086 2251 2085 2254 2096 2251 2085 2250 2083 2255 2097 2231 2084 2232 2098 2255 2097 2250 2083 2231 2084 2255 2097 2254 2096 2250 2083 2256 2099 2119 2013 2121 2012 2256 2099 2118 1991 2119 2013 2256 2099 2121 2012 2122 2100 2256 2099 2122 2100 2123 2017 2256 2099 2123 2017 2239 2016 2256 2099 2239 2016 2240 2094 2256 2099 2253 2089 2118 1991 2256 2099 2240 2094 2253 2089 2257 2101 2254 2096 2255 2097 2258 2102 2252 2086 2254 2096 2258 2102 2192 2087 2252 2086 2258 2102 2254 2096 2257 2101 2258 2102 2191 2103 2192 2087 2259 2104 2257 2101 2255 2097 2259 2104 2258 2102 2257 2101 2260 2105 2255 2097 2232 2098 2260 2105 2232 2098 2233 2106 2260 2105 2259 2104 2255 2097 2261 2107 2259 2104 2260 2105 2262 2108 2258 2102 2259 2104 2262 2108 2259 2104 2261 2107 2262 2108 2191 2103 2258 2102 2262 2108 2190 2109 2191 2103 2263 2110 2262 2108 2261 2107 2263 2110 2261 2107 2260 2105 2264 2111 2233 2106 2234 2112 2264 2111 2260 2105 2233 2106 2264 2111 2263 2110 2260 2105 2265 2113 2263 2110 2264 2111 2266 2114 2204 2011 2205 2115 2266 2114 2156 2116 2157 2117 2266 2114 2157 2117 2158 2118 2266 2114 2161 2024 2165 2026 2266 2114 2158 2118 2159 2119 2266 2114 2159 2119 2160 2120 2266 2114 2160 2120 2161 2024 2266 2114 2167 2010 2204 2011 2266 2114 2165 2026 2166 2121 2266 2114 2166 2121 2167 2010 2267 2122 2205 2115 2206 2123 2267 2122 2266 2114 2205 2115 2268 2124 2263 2110 2265 2113 2268 2124 2190 2109 2262 2108 2268 2124 2262 2108 2263 2110 2268 2124 2189 2125 2190 2109 2269 2126 2268 2124 2265 2113 2269 2126 2265 2113 2264 2111 2270 2127 2264 2111 2234 2112 2270 2127 2234 2112 2235 2128 2270 2127 2235 2128 2236 2022 2270 2127 2269 2126 2264 2111 2271 2129 2266 2114 2267 2122 2271 2129 2156 2116 2266 2114 2271 2129 2154 2130 2155 2131 2271 2129 2155 2131 2156 2116 2272 2132 2206 2123 2207 2030 2272 2132 2271 2129 2267 2122 2272 2132 2152 2029 2153 2133 2272 2132 2153 2133 2154 2130 2272 2132 2154 2130 2271 2129 2272 2132 2207 2030 2152 2029 2272 2132 2267 2122 2206 2123 2273 2134 2269 2126 2270 2127 2274 2135 2189 2125 2268 2124 2274 2135 2268 2124 2269 2126 2274 2135 2269 2126 2273 2134 2274 2135 2188 2136 2189 2125 2275 2137 2273 2134 2270 2127 2275 2137 2274 2135 2273 2134 2275 2137 2188 2136 2274 2135 2276 2138 2270 2127 2236 2022 2276 2138 2275 2137 2270 2127 2276 2138 2127 2023 2128 2139 2276 2138 2128 2139 2129 2140 2276 2138 2129 2140 2130 2141 2276 2138 2130 2141 2131 2037 2276 2138 2236 2022 2127 2023 2276 2138 2188 2136 2275 2137 2276 2138 2131 2037 2187 2036 2276 2138 2187 2036 2188 2136 2277 2142 2208 2031 2209 2143 2277 2142 2140 2043 2145 2048 2277 2142 2145 2048 2146 2144 2277 2142 2146 2144 2147 2145 2277 2142 2147 2145 2148 2146 2277 2142 2148 2146 2149 2147 2277 2142 2149 2147 2150 2033 2277 2142 2150 2033 2208 2031 2278 2148 2209 2143 2210 2149 2278 2148 2139 2050 2140 2043 2278 2148 2277 2142 2209 2143 2278 2148 2140 2043 2277 2142 2279 2150 2210 2149 2211 2039 2279 2150 2211 2039 2135 2042 2279 2150 2137 2051 2139 2050 2279 2150 2135 2042 2136 2151 2279 2150 2136 2151 2137 2051 2279 2150 2139 2050 2278 2148 2279 2150 2278 2148 2210 2149 2280 2152 2197 2153 2198 2004 2280 2152 2249 2082 2252 2086 2280 2152 2248 2074 2249 2082 2280 2152 2172 2078 2248 2074 2280 2152 2170 2003 2171 2154 2280 2152 2171 2154 2172 2078 2280 2152 2198 2004 2170 2003 2280 2152 2252 2086 2193 2088 2280 2152 2193 2088 2194 2155 2280 2152 2194 2155 2195 2156 2280 2152 2195 2156 2196 2157 2280 2152 2196 2157 2197 2153 2339 2158 2313 2159 2312 2160 2339 2158 2283 2161 2313 2159 2340 2162 2283 2161 2284 2163 2340 2162 2314 2164 2313 2159 2340 2162 2313 2159 2283 2161 2341 2165 2284 2163 2285 2166 2341 2165 2315 2167 2314 2164 2341 2165 2314 2164 2340 2162 2341 2165 2340 2162 2284 2163 2342 2168 2341 2165 2285 2166 2342 2168 2285 2166 2286 2169 2342 2168 2286 2169 2287 2170 2342 2168 2315 2167 2341 2165 2342 2168 2316 2171 2315 2167 2342 2168 2317 2172 2316 2171 2343 2173 2287 2170 2288 2174 2343 2173 2288 2174 2289 2175 2343 2173 2289 2175 2290 2176 2343 2173 2318 2177 2317 2172 2343 2173 2319 2178 2318 2177 2343 2173 2320 2179 2319 2178 2343 2173 2342 2168 2287 2170 2343 2173 2317 2172 2342 2168 2344 2180 2343 2173 2290 2176 2344 2180 2290 2176 2291 2181 2344 2180 2291 2181 2292 2182 2344 2180 2292 2182 2293 2183 2344 2180 2320 2179 2343 2173 2344 2180 2293 2183 2325 2184 2344 2180 2321 2185 2320 2179 2344 2180 2322 2186 2321 2185 2344 2180 2323 2187 2322 2186 2344 2180 2324 2188 2323 2187 2344 2180 2325 2184 2324 2188 2345 2189 2293 2183 2294 2190 2345 2189 2294 2190 2325 2184 2345 2189 2325 2184 2293 2183 2346 2191 2294 2190 2295 2192 2346 2191 2325 2184 2294 2190 2346 2191 2326 2193 2325 2184 2347 2194 2295 2192 2296 2195 2347 2194 2327 2196 2326 2193 2348 2197 2311 2198 2310 2199 2349 2200 2281 2201 2282 2202 2349 2200 2282 2202 2350 2203 2351 2204 2350 2203 2282 2202 2351 2204 2311 2198 2350 2203 2351 2204 2312 2160 2311 2198 2352 2205 2312 2160 2351 2204 2352 2205 2351 2204 2282 2202 2353 2206 2282 2202 2283 2161 2353 2206 2283 2161 2339 2158 2353 2206 2339 2158 2312 2160 2353 2206 2312 2160 2352 2205 2353 2206 2352 2205 2282 2202 2354 2207 2347 2194 2326 2193 2354 2207 2346 2191 2295 2192 2354 2207 2295 2192 2347 2194 2354 2207 2326 2193 2346 2191 2355 2208 2347 2194 2296 2195 2355 2208 2327 2196 2347 2194 2356 2209 2309 2210 2327 2196 2357 2211 2281 2201 2349 2200 2358 2212 2359 2213 2360 2214 2358 2212 2360 2214 2361 2215 2358 2212 2362 2216 2363 2217 2358 2212 2363 2217 2359 2213 2358 2212 2361 2215 2364 2218 2358 2212 2364 2218 2349 2200 2358 2212 2348 2197 2362 2216 2365 2219 2358 2212 2349 2200 2365 2219 2311 2198 2348 2197 2365 2219 2350 2203 2311 2198 2365 2219 2349 2200 2350 2203 2365 2219 2348 2197 2358 2212 2366 2220 2367 2221 2368 2222 2366 2220 2356 2209 2327 2196 2366 2220 2369 2223 2356 2209 2366 2220 2370 2224 2369 2223 2366 2220 2371 2225 2370 2224 2366 2220 2372 2226 2371 2225 2366 2220 2368 2222 2372 2226 2373 2227 2296 2195 2297 2228 2373 2227 2367 2221 2296 2195 2374 2229 2348 2197 2310 2199 2374 2229 2310 2199 2328 2230 2374 2229 2328 2230 2329 2231 2374 2229 2329 2231 2330 2232 2374 2229 2330 2232 2331 2233 2375 2234 2376 2235 2374 2229 2377 2236 2357 2211 2376 2235 2377 2236 2376 2235 2375 2234 2378 2237 2376 2235 2357 2211 2378 2237 2360 2214 2359 2213 2378 2237 2357 2211 2349 2200 2378 2237 2361 2215 2360 2214 2378 2237 2363 2217 2362 2216 2378 2237 2359 2213 2363 2217 2378 2237 2374 2229 2376 2235 2378 2237 2364 2218 2361 2215 2378 2237 2349 2200 2364 2218 2378 2237 2348 2197 2374 2229 2378 2237 2362 2216 2348 2197 2379 2238 2367 2221 2366 2220 2379 2238 2355 2208 2296 2195 2379 2238 2296 2195 2367 2221 2380 2239 2368 2222 2367 2221 2380 2239 2367 2221 2373 2227 2380 2239 2373 2227 2381 2240 2380 2239 2356 2209 2369 2223 2380 2239 2369 2223 2370 2224 2380 2239 2370 2224 2371 2225 2380 2239 2371 2225 2372 2226 2380 2239 2372 2226 2368 2222 2382 2241 2380 2239 2381 2240 2382 2241 2305 2242 2306 2243 2382 2241 2306 2243 2307 2244 2382 2241 2307 2244 2308 2245 2382 2241 2308 2245 2309 2210 2382 2241 2309 2210 2356 2209 2382 2241 2356 2209 2380 2239 2383 2246 2382 2241 2381 2240 2384 2247 2381 2240 2373 2227 2384 2247 2383 2246 2381 2240 2385 2248 2374 2229 2331 2233 2385 2248 2375 2234 2374 2229 2385 2248 2377 2236 2375 2234 2385 2248 2331 2233 2332 2249 2385 2248 2332 2249 2333 2250 2385 2248 2333 2250 2334 2251 2385 2248 2334 2251 2335 2252 2386 2253 2281 2201 2357 2211 2386 2253 2357 2211 2377 2236 2386 2253 2377 2236 2385 2248 2386 2253 2335 2252 2336 2254 2386 2253 2336 2254 2337 2255 2386 2253 2337 2255 2338 2256 2386 2253 2338 2256 2281 2201 2386 2253 2385 2248 2335 2252 2387 2257 2355 2208 2379 2238 2387 2257 2327 2196 2355 2208 2387 2257 2366 2220 2327 2196 2387 2257 2379 2238 2366 2220 2388 2258 2305 2242 2382 2241 2388 2258 2301 2259 2302 2260 2388 2258 2302 2260 2303 2261 2388 2258 2303 2261 2304 2262 2388 2258 2304 2262 2305 2242 2388 2258 2382 2241 2383 2246 2388 2258 2383 2246 2384 2247 2389 2263 2297 2228 2298 2264 2389 2263 2298 2264 2299 2265 2389 2263 2299 2265 2300 2266 2389 2263 2300 2266 2301 2259 2389 2263 2384 2247 2373 2227 2389 2263 2301 2259 2388 2258 2389 2263 2388 2258 2384 2247 2389 2263 2373 2227 2297 2228 2420 2267 2407 2268 2406 2269 2421 2270 2408 2271 2407 2268 2421 2270 2422 2272 2423 2273 2421 2270 2407 2268 2422 2272 2424 2274 2391 2275 2392 2276 2424 2274 2425 2277 2391 2275 2424 2274 2423 2273 2425 2277 2426 2278 2392 2276 2393 2279 2427 2280 2428 2281 2420 2267 2427 2280 2429 2282 2428 2281 2430 2283 2429 2282 2427 2280 2431 2284 2429 2282 2430 2283 2432 2285 2429 2282 2431 2284 2432 2285 2416 2286 2417 2287 2432 2285 2417 2287 2418 2288 2432 2285 2418 2288 2419 2289 2432 2285 2419 2289 2390 2290 2432 2285 2431 2284 2416 2286 2433 2291 2390 2290 2391 2275 2433 2291 2432 2285 2390 2290 2434 2292 2422 2272 2407 2268 2435 2293 2391 2275 2425 2277 2435 2293 2433 2291 2391 2275 2435 2293 2425 2277 2436 2294 2437 2295 2434 2292 2436 2294 2437 2295 2422 2272 2434 2292 2437 2295 2423 2273 2422 2272 2437 2295 2425 2277 2423 2273 2437 2295 2436 2294 2425 2277 2438 2296 2421 2270 2423 2273 2438 2296 2424 2274 2439 2297 2438 2296 2423 2273 2424 2274 2440 2298 2421 2270 2438 2296 2440 2298 2438 2296 2439 2297 2440 2298 2408 2271 2421 2270 2441 2299 2439 2297 2424 2274 2441 2299 2424 2274 2392 2276 2442 2300 2394 2301 2408 2271 2442 2300 2408 2271 2440 2298 2442 2300 2426 2278 2443 2302 2444 2303 2395 2304 2394 2301 2444 2303 2396 2305 2395 2304 2444 2303 2397 2306 2396 2305 2444 2303 2398 2307 2397 2306 2444 2303 2399 2308 2398 2307 2444 2303 2394 2301 2442 2300 2444 2303 2442 2300 2443 2302 2445 2309 2444 2303 2443 2302 2445 2309 2399 2308 2444 2303 2446 2310 2445 2309 2443 2302 2447 2311 2446 2310 2443 2302 2447 2311 2443 2302 2426 2278 2448 2312 2406 2269 2409 2313 2448 2312 2409 2313 2410 2314 2448 2312 2410 2314 2411 2315 2448 2312 2420 2267 2406 2269 2448 2312 2427 2280 2420 2267 2449 2316 2431 2284 2430 2283 2449 2316 2411 2315 2412 2317 2449 2316 2412 2317 2413 2318 2449 2316 2413 2318 2414 2319 2449 2316 2414 2319 2415 2320 2449 2316 2415 2320 2416 2286 2449 2316 2427 2280 2448 2312 2449 2316 2416 2286 2431 2284 2449 2316 2448 2312 2411 2315 2449 2316 2430 2283 2427 2280 2450 2321 2432 2285 2433 2291 2450 2321 2420 2267 2428 2281 2450 2321 2428 2281 2429 2282 2450 2321 2429 2282 2432 2285 2451 2322 2420 2267 2450 2321 2451 2322 2450 2321 2433 2291 2451 2322 2434 2292 2407 2268 2451 2322 2407 2268 2420 2267 2452 2323 2441 2299 2392 2276 2452 2323 2426 2278 2442 2300 2452 2323 2392 2276 2426 2278 2453 2324 2400 2325 2399 2308 2453 2324 2401 2326 2400 2325 2453 2324 2402 2327 2401 2326 2453 2324 2403 2328 2402 2327 2453 2324 2445 2309 2446 2310 2453 2324 2446 2310 2447 2311 2453 2324 2399 2308 2445 2309 2454 2329 2404 2330 2403 2328 2454 2329 2405 2331 2404 2330 2454 2329 2393 2279 2405 2331 2454 2329 2447 2311 2426 2278 2454 2329 2453 2324 2447 2311 2454 2329 2426 2278 2393 2279 2454 2329 2403 2328 2453 2324 2455 2332 2436 2294 2434 2292 2455 2332 2435 2293 2436 2294 2455 2332 2433 2291 2435 2293 2455 2332 2434 2292 2451 2322 2455 2332 2451 2322 2433 2291 2456 2333 2440 2298 2439 2297 2456 2333 2452 2323 2442 2300 2456 2333 2442 2300 2440 2298 2456 2333 2441 2299 2452 2323 2456 2333 2439 2297 2441 2299 2494 889 2491 889 2493 889 2495 889 2491 889 2494 889 2496 889 2491 889 2495 889 2497 889 2491 889 2496 889 2498 889 2491 889 2497 889 2499 889 2491 889 2498 889 2500 889 2491 889 2499 889 2501 889 2491 889 2500 889 2479 889 2492 889 2480 889 2481 889 2480 889 2492 889 2482 889 2481 889 2492 889 2502 889 2491 889 2501 889 2483 2334 2482 2334 2492 2334 2484 889 2483 889 2492 889 2503 889 2491 889 2502 889 2485 889 2484 889 2492 889 2486 889 2485 889 2492 889 2457 889 2491 889 2503 889 2487 889 2486 889 2492 889 2488 2335 2487 2335 2492 2335 2489 2336 2488 2336 2492 2336 2477 2337 2489 2337 2492 2337 2517 889 2518 889 2491 889 2516 889 2517 889 2491 889 2519 889 2492 889 2491 889 2519 889 2491 889 2518 889 2520 2338 2492 2338 2519 2338 2515 2339 2491 2339 2457 2339 2515 889 2516 889 2491 889 2521 2340 2492 2340 2520 2340 2521 889 2477 889 2492 889 2514 889 2515 889 2457 889 2522 2341 2477 2341 2521 2341 2513 889 2514 889 2457 889 2523 889 2477 889 2522 889 2512 889 2513 889 2457 889 2524 889 2477 889 2523 889 2511 889 2512 889 2457 889 2525 2342 2477 2342 2524 2342 2458 2343 2509 2343 2510 2343 2458 2344 2510 2344 2511 2344 2458 889 2511 889 2457 889 2508 2345 2509 2345 2458 2345 2459 889 2508 889 2458 889 2476 2346 2477 2346 2525 2346 2476 889 2525 889 2526 889 2476 2347 2526 2347 2527 2347 2528 889 2476 889 2527 889 2507 889 2508 889 2459 889 2460 889 2506 889 2507 889 2460 889 2507 889 2459 889 2475 2348 2528 2348 2529 2348 2475 2349 2476 2349 2528 2349 2461 2350 2505 2350 2506 2350 2461 889 2506 889 2460 889 2474 889 2475 889 2529 889 2474 889 2529 889 2530 889 2462 889 2504 889 2505 889 2462 889 2505 889 2461 889 2473 889 2474 889 2530 889 2473 2351 2530 2351 2531 2351 2463 889 2504 889 2462 889 2472 2352 2473 2352 2531 2352 2472 2353 2531 2353 2532 2353 2464 2354 2504 2354 2463 2354 2464 2355 2539 2355 2504 2355 2471 889 2472 889 2532 889 2471 889 2532 889 2533 889 2465 2356 2539 2356 2464 2356 2465 889 2538 889 2539 889 2470 889 2471 889 2533 889 2470 2357 2533 2357 2534 2357 2466 2358 2538 2358 2465 2358 2466 889 2537 889 2538 889 2469 889 2470 889 2534 889 2469 2359 2534 2359 2535 2359 2467 889 2537 889 2466 889 2467 889 2536 889 2537 889 2468 889 2469 889 2535 889 2468 889 2536 889 2467 889 2468 2360 2535 2360 2536 2360 2491 2361 2490 2362 2493 2363 2478 889 2492 889 2479 889 2570 2364 2548 2365 2547 2366 2570 2364 2549 2367 2548 2365 2570 2364 2550 2368 2549 2367 2570 2364 2551 2369 2550 2368 2570 2364 2552 2370 2551 2369 2571 2371 2542 2372 2543 2373 2571 2371 2553 2374 2552 2370 2571 2371 2554 2375 2553 2374 2571 2371 2555 2376 2554 2375 2571 2371 2543 2373 2555 2376 2571 2371 2552 2370 2570 2364 2572 2377 2540 2378 2541 2379 2573 2380 2564 2381 2563 2382 2573 2380 2565 2383 2564 2381 2574 2384 2561 2385 2560 2386 2574 2384 2562 2387 2561 2385 2575 2388 2559 2389 2540 2378 2575 2388 2540 2378 2572 2377 2576 2390 2545 2391 2544 2392 2576 2390 2546 2393 2545 2391 2576 2390 2547 2366 2546 2393 2576 2390 2544 2392 2558 2394 2576 2390 2570 2364 2547 2366 2577 2395 2571 2371 2570 2364 2577 2395 2542 2372 2571 2371 2578 2396 2558 2394 2557 2397 2579 2398 2580 2399 2572 2377 2579 2398 2572 2377 2541 2379 2581 2400 2557 2397 2556 2401 2581 2400 2582 2402 2557 2397 2583 2403 2577 2395 2570 2364 2584 2404 2542 2372 2577 2395 2584 2404 2577 2395 2583 2403 2584 2404 2583 2403 2578 2396 2585 2405 2541 2379 2542 2372 2585 2405 2584 2404 2578 2396 2585 2405 2542 2372 2584 2404 2586 2406 2582 2402 2587 2407 2586 2406 2557 2397 2582 2402 2588 2408 2585 2405 2587 2407 2588 2408 2579 2398 2541 2379 2588 2408 2541 2379 2585 2405 2589 2409 2588 2408 2587 2407 2589 2409 2579 2398 2588 2408 2589 2409 2587 2407 2582 2402 2589 2409 2582 2402 2580 2399 2589 2409 2580 2399 2579 2398 2590 2410 2572 2377 2580 2399 2590 2410 2580 2399 2582 2402 2590 2410 2582 2402 2581 2400 2591 2411 2581 2400 2592 2412 2593 2413 2581 2400 2591 2411 2594 2414 2590 2410 2581 2400 2594 2414 2560 2386 2559 2389 2594 2414 2581 2400 2593 2413 2594 2414 2562 2387 2574 2384 2594 2414 2574 2384 2560 2386 2594 2414 2572 2377 2590 2410 2594 2414 2559 2389 2575 2388 2594 2414 2575 2388 2572 2377 2595 2415 2583 2403 2570 2364 2595 2415 2558 2394 2578 2396 2595 2415 2570 2364 2576 2390 2595 2415 2576 2390 2558 2394 2595 2415 2578 2396 2583 2403 2596 2416 2585 2405 2578 2396 2596 2416 2587 2407 2585 2405 2596 2416 2557 2397 2586 2406 2596 2416 2578 2396 2557 2397 2596 2416 2586 2406 2587 2407 2597 2417 2562 2387 2594 2414 2597 2417 2563 2382 2562 2387 2597 2417 2594 2414 2593 2413 2597 2417 2566 2418 2565 2383 2597 2417 2593 2413 2591 2411 2597 2417 2567 2419 2566 2418 2597 2417 2568 2420 2567 2419 2597 2417 2569 2421 2568 2420 2597 2417 2556 2401 2569 2421 2597 2417 2565 2383 2573 2380 2597 2417 2573 2380 2563 2382 2597 2417 2591 2411 2592 2412 2597 2417 2581 2400 2556 2401 2597 2417 2592 2412 2581 2400 2628 2422 2598 2423 2599 2424 2629 2425 2599 2424 2630 2426 2629 2425 2630 2426 2631 2427 2632 2428 2629 2425 2631 2427 2633 2429 2632 2428 2631 2427 2634 2430 2599 2424 2600 2431 2634 2430 2630 2426 2599 2424 2634 2430 2631 2427 2630 2426 2635 2432 2616 2433 2615 2434 2635 2432 2633 2429 2631 2427 2635 2432 2615 2434 2633 2429 2636 2435 2613 2436 2616 2433 2637 2437 2638 2438 2628 2422 2639 2439 2637 2437 2628 2422 2640 2440 2614 2441 2617 2442 2640 2440 2639 2439 2628 2422 2641 2443 2640 2440 2628 2422 2641 2443 2615 2434 2614 2441 2641 2443 2614 2441 2640 2440 2642 2444 2629 2425 2632 2428 2642 2444 2599 2424 2629 2425 2643 2445 2633 2429 2615 2434 2643 2445 2632 2428 2633 2429 2644 2446 2631 2427 2634 2430 2644 2446 2645 2447 2635 2432 2644 2446 2635 2432 2631 2427 2646 2448 2644 2446 2634 2430 2646 2448 2645 2447 2644 2446 2646 2448 2634 2430 2600 2431 2647 2449 2616 2433 2635 2432 2647 2449 2635 2432 2645 2447 2647 2449 2636 2435 2616 2433 2648 2450 2600 2431 2601 2451 2648 2450 2645 2447 2646 2448 2648 2450 2646 2448 2600 2431 2648 2450 2647 2449 2645 2447 2648 2450 2649 2452 2636 2435 2648 2450 2636 2435 2647 2449 2650 2453 2601 2451 2602 2454 2650 2453 2602 2454 2603 2455 2650 2453 2603 2455 2604 2456 2650 2453 2604 2456 2605 2457 2650 2453 2648 2450 2601 2451 2650 2453 2649 2452 2648 2450 2651 2458 2605 2457 2606 2459 2651 2458 2649 2452 2650 2453 2651 2458 2650 2453 2605 2457 2652 2460 2649 2452 2651 2458 2652 2460 2651 2458 2606 2459 2653 2461 2606 2459 2607 2462 2653 2461 2652 2460 2606 2459 2653 2461 2649 2452 2652 2460 2653 2461 2636 2435 2649 2452 2654 2463 2625 2464 2626 2465 2654 2463 2626 2465 2627 2466 2654 2463 2627 2466 2598 2423 2654 2463 2598 2423 2628 2422 2654 2463 2628 2422 2638 2438 2654 2463 2638 2438 2637 2437 2654 2463 2637 2437 2639 2439 2655 2467 2599 2424 2642 2444 2655 2467 2641 2443 2628 2422 2655 2467 2628 2422 2599 2424 2656 2468 2607 2462 2608 2469 2656 2468 2608 2469 2609 2470 2656 2468 2609 2470 2610 2471 2656 2468 2653 2461 2607 2462 2657 2472 2610 2471 2611 2473 2657 2472 2611 2473 2612 2474 2657 2472 2612 2474 2613 2436 2657 2472 2636 2435 2653 2461 2657 2472 2653 2461 2656 2468 2657 2472 2613 2436 2636 2435 2657 2472 2656 2468 2610 2471 2658 2475 2639 2439 2640 2440 2658 2475 2617 2442 2618 2476 2658 2475 2618 2476 2619 2477 2658 2475 2619 2477 2620 2478 2658 2475 2620 2478 2621 2479 2658 2475 2621 2479 2622 2480 2658 2475 2622 2480 2623 2481 2658 2475 2623 2481 2624 2482 2658 2475 2624 2482 2625 2464 2658 2475 2625 2464 2654 2463 2658 2475 2654 2463 2639 2439 2658 2475 2640 2440 2617 2442 2659 2483 2655 2467 2642 2444 2659 2483 2642 2444 2632 2428 2659 2483 2641 2443 2655 2467 2660 2484 2632 2428 2643 2445 2660 2484 2643 2445 2615 2434 2660 2484 2659 2483 2632 2428 2660 2484 2641 2443 2659 2483 2660 2484 2615 2434 2641 2443 2720 2485 2692 2486 2691 2487 2720 2485 2718 2488 2719 2489 2721 2490 2691 2487 2690 2491 2721 2490 2717 2492 2718 2488 2722 2493 2717 2492 2721 2490 2722 2493 2721 2490 2690 2491 2723 2494 2690 2491 2689 2495 2723 2494 2722 2493 2690 2491 2723 2494 2716 2496 2717 2492 2723 2494 2717 2492 2722 2493 2724 2497 2716 2496 2723 2494 2724 2497 2687 2498 2686 2499 2724 2497 2688 2500 2687 2498 2724 2497 2689 2495 2688 2500 2724 2497 2723 2494 2689 2495 2724 2497 2714 2501 2715 2502 2724 2497 2715 2502 2716 2496 2725 2503 2683 2504 2682 2505 2725 2503 2684 2506 2683 2504 2725 2503 2685 2507 2684 2506 2725 2503 2686 2499 2685 2507 2725 2503 2714 2501 2724 2497 2725 2503 2711 2508 2712 2509 2725 2503 2712 2509 2713 2510 2725 2503 2713 2510 2714 2501 2725 2503 2724 2497 2686 2499 2726 2511 2711 2508 2725 2503 2726 2511 2725 2503 2682 2505 2726 2511 2679 2512 2678 2513 2726 2511 2680 2514 2679 2512 2726 2511 2681 2515 2680 2514 2726 2511 2682 2505 2681 2515 2726 2511 2678 2513 2708 2516 2726 2511 2708 2516 2709 2517 2726 2511 2709 2517 2710 2518 2726 2511 2710 2518 2711 2508 2727 2519 2678 2513 2677 2520 2727 2519 2708 2516 2678 2513 2727 2519 2677 2520 2707 2521 2727 2519 2707 2521 2708 2516 2728 2522 2677 2520 2676 2523 2728 2522 2707 2521 2677 2520 2728 2522 2706 2524 2707 2521 2729 2525 2676 2523 2675 2526 2729 2525 2705 2527 2706 2524 2730 2528 2692 2486 2731 2529 2732 2530 2692 2486 2730 2528 2733 2531 2692 2486 2732 2530 2734 2532 2692 2486 2733 2531 2735 2533 2661 2534 2692 2486 2735 2533 2692 2486 2734 2532 2736 2535 2719 2489 2731 2529 2736 2535 2731 2529 2692 2486 2736 2535 2720 2485 2719 2489 2736 2535 2692 2486 2720 2485 2737 2536 2721 2490 2718 2488 2737 2536 2691 2487 2721 2490 2737 2536 2718 2488 2720 2485 2737 2536 2720 2485 2691 2487 2738 2537 2729 2525 2706 2524 2738 2537 2728 2522 2676 2523 2738 2537 2706 2524 2728 2522 2738 2537 2676 2523 2729 2525 2739 2538 2705 2527 2729 2525 2739 2538 2729 2525 2675 2526 2740 2539 2675 2526 2674 2540 2741 2541 2719 2489 2673 2542 2741 2541 2731 2529 2719 2489 2742 2543 2731 2529 2741 2541 2743 2544 2732 2530 2730 2528 2743 2544 2735 2533 2734 2532 2743 2544 2734 2532 2733 2531 2743 2544 2730 2528 2731 2529 2743 2544 2733 2531 2732 2530 2743 2544 2731 2529 2742 2543 2744 2545 2675 2526 2740 2539 2744 2545 2745 2546 2746 2547 2744 2545 2747 2548 2745 2546 2744 2545 2748 2549 2747 2548 2744 2545 2749 2550 2748 2549 2744 2545 2750 2551 2749 2550 2744 2545 2740 2539 2750 2551 2751 2552 2704 2553 2705 2527 2751 2552 2705 2527 2746 2547 2752 2554 2742 2543 2741 2541 2752 2554 2743 2544 2742 2543 2753 2555 2743 2544 2752 2554 2754 2556 2662 2557 2661 2534 2754 2556 2663 2558 2662 2557 2754 2556 2664 2559 2663 2558 2754 2556 2743 2544 2753 2555 2754 2556 2735 2533 2743 2544 2754 2556 2661 2534 2735 2533 2755 2560 2744 2545 2746 2547 2755 2560 2746 2547 2705 2527 2755 2560 2705 2527 2739 2538 2756 2561 2757 2562 2751 2552 2756 2561 2746 2547 2745 2546 2756 2561 2745 2546 2747 2548 2756 2561 2747 2548 2748 2549 2756 2561 2748 2549 2749 2550 2756 2561 2751 2552 2746 2547 2756 2561 2749 2550 2750 2551 2756 2561 2750 2551 2740 2539 2758 2563 2751 2552 2757 2562 2759 2564 2758 2563 2757 2562 2760 2565 2759 2564 2757 2562 2760 2565 2674 2540 2693 2566 2760 2565 2693 2566 2694 2567 2760 2565 2694 2567 2695 2568 2760 2565 2695 2568 2696 2569 2760 2565 2756 2561 2740 2539 2760 2565 2757 2562 2756 2561 2760 2565 2740 2539 2674 2540 2761 2570 2670 2571 2669 2572 2761 2570 2671 2573 2670 2571 2761 2570 2672 2574 2671 2573 2761 2570 2673 2542 2672 2574 2761 2570 2752 2554 2741 2541 2761 2570 2741 2541 2673 2542 2762 2575 2761 2570 2669 2572 2762 2575 2752 2554 2761 2570 2763 2576 2665 2577 2664 2559 2763 2576 2666 2578 2665 2577 2763 2576 2667 2579 2666 2578 2763 2576 2668 2580 2667 2579 2763 2576 2669 2572 2668 2580 2763 2576 2753 2555 2752 2554 2763 2576 2754 2556 2753 2555 2763 2576 2664 2559 2754 2556 2763 2576 2752 2554 2762 2575 2763 2576 2762 2575 2669 2572 2764 2581 2755 2560 2739 2538 2764 2581 2744 2545 2755 2560 2764 2581 2675 2526 2744 2545 2764 2581 2739 2538 2675 2526 2765 2582 2751 2552 2758 2563 2765 2582 2700 2583 2701 2584 2765 2582 2701 2584 2702 2585 2765 2582 2702 2585 2703 2586 2765 2582 2703 2586 2704 2553 2765 2582 2704 2553 2751 2552 2766 2587 2758 2563 2759 2564 2766 2587 2700 2583 2765 2582 2766 2587 2759 2564 2760 2565 2766 2587 2696 2569 2697 2588 2766 2587 2697 2588 2698 2589 2766 2587 2698 2589 2699 2590 2766 2587 2699 2590 2700 2583 2766 2587 2765 2582 2758 2563 2766 2587 2760 2565 2696 2569 2797 2591 2767 2592 2768 2593 2798 2594 2769 2595 2770 2596 2799 2597 2768 2593 2769 2595 2799 2597 2800 2598 2801 2599 2799 2597 2769 2595 2800 2598 2802 2600 2785 2601 2784 2602 2802 2600 2803 2603 2785 2601 2802 2600 2801 2599 2803 2603 2804 2604 2805 2605 2797 2591 2804 2604 2797 2591 2768 2593 2806 2606 2784 2602 2783 2607 2806 2606 2783 2607 2786 2608 2806 2606 2807 2609 2784 2602 2808 2610 2809 2611 2798 2594 2810 2612 2809 2611 2808 2610 2811 2613 2809 2611 2810 2612 2812 2614 2772 2615 2771 2616 2812 2614 2773 2617 2772 2615 2812 2614 2774 2618 2773 2617 2812 2614 2775 2619 2774 2618 2812 2614 2809 2611 2811 2613 2812 2614 2776 2620 2775 2619 2812 2614 2811 2613 2776 2620 2813 2621 2809 2611 2812 2614 2813 2621 2771 2616 2785 2601 2813 2621 2812 2614 2771 2616 2813 2621 2798 2594 2809 2611 2814 2622 2815 2623 2800 2598 2814 2622 2800 2598 2769 2595 2816 2624 2785 2601 2803 2603 2816 2624 2813 2621 2785 2601 2817 2625 2816 2624 2803 2603 2817 2625 2801 2599 2800 2598 2817 2625 2800 2598 2815 2623 2817 2625 2815 2623 2816 2624 2817 2625 2803 2603 2801 2599 2818 2626 2819 2627 2799 2597 2818 2626 2801 2599 2802 2600 2818 2626 2799 2597 2801 2599 2820 2628 2804 2604 2768 2593 2820 2628 2799 2597 2819 2627 2820 2628 2768 2593 2799 2597 2821 2629 2819 2627 2818 2626 2821 2629 2784 2602 2807 2609 2821 2629 2818 2626 2802 2600 2821 2629 2802 2600 2784 2602 2821 2629 2807 2609 2819 2627 2822 2630 2820 2628 2819 2627 2822 2630 2804 2604 2820 2628 2822 2630 2805 2605 2804 2604 2822 2630 2819 2627 2807 2609 2822 2630 2807 2609 2805 2605 2823 2631 2797 2591 2805 2605 2823 2631 2805 2605 2807 2609 2823 2631 2807 2609 2806 2606 2824 2632 2792 2633 2793 2634 2824 2632 2793 2634 2794 2635 2824 2632 2794 2635 2795 2636 2824 2632 2795 2636 2796 2637 2824 2632 2796 2637 2767 2592 2824 2632 2823 2631 2806 2606 2824 2632 2767 2592 2797 2591 2824 2632 2797 2591 2823 2631 2825 2638 2792 2633 2824 2632 2825 2638 2824 2632 2806 2606 2826 2639 2791 2640 2792 2633 2826 2639 2792 2633 2825 2638 2826 2639 2825 2638 2806 2606 2827 2641 2786 2608 2787 2642 2827 2641 2787 2642 2788 2643 2827 2641 2788 2643 2789 2644 2827 2641 2789 2644 2790 2645 2827 2641 2790 2645 2791 2640 2827 2641 2826 2639 2806 2606 2827 2641 2791 2640 2826 2639 2827 2641 2806 2606 2786 2608 2828 2646 2808 2610 2798 2594 2828 2646 2781 2647 2780 2648 2828 2646 2782 2649 2781 2647 2828 2646 2770 2596 2782 2649 2828 2646 2798 2594 2770 2596 2829 2650 2828 2646 2780 2648 2829 2650 2811 2613 2810 2612 2829 2650 2777 2651 2776 2620 2829 2650 2778 2652 2777 2651 2829 2650 2779 2653 2778 2652 2829 2650 2780 2648 2779 2653 2829 2650 2776 2620 2811 2613 2829 2650 2810 2612 2808 2610 2829 2650 2808 2610 2828 2646 2830 2654 2798 2594 2813 2621 2830 2654 2769 2595 2798 2594 2830 2654 2814 2622 2769 2595 2831 2655 2830 2654 2813 2621 2831 2655 2815 2623 2814 2622 2831 2655 2813 2621 2816 2624 2831 2655 2816 2624 2815 2623 2831 2655 2814 2622 2830 2654 2892 2656 2893 2656 2833 2656 2894 2657 2832 2657 2833 2657 2894 889 2833 889 2893 889 2891 889 2833 889 2834 889 2891 2658 2892 2658 2833 2658 2866 2659 2868 2659 2832 2659 2866 2660 2869 2660 2868 2660 2866 2661 2870 2661 2869 2661 2866 2662 2871 2662 2870 2662 2866 2663 2872 2663 2871 2663 2866 2664 2873 2664 2872 2664 2866 2665 2874 2665 2873 2665 2866 2666 2875 2666 2874 2666 2866 2667 2876 2667 2875 2667 2866 2668 2877 2668 2876 2668 2866 2669 2878 2669 2877 2669 2890 2670 2834 2670 2835 2670 2890 889 2891 889 2834 889 2895 889 2832 889 2894 889 2896 2671 2832 2671 2895 2671 2889 2672 2835 2672 2836 2672 2889 889 2890 889 2835 889 2888 2673 2836 2673 2837 2673 2888 889 2889 889 2836 889 2897 2674 2832 2674 2896 2674 2887 2675 2837 2675 2838 2675 2887 889 2888 889 2837 889 2898 889 2866 889 2832 889 2898 2341 2832 2341 2897 2341 2886 2676 2838 2676 2839 2676 2886 2677 2887 2677 2838 2677 2899 2678 2866 2678 2898 2678 2900 2679 2866 2679 2899 2679 2885 889 2839 889 2840 889 2885 889 2886 889 2839 889 2901 889 2866 889 2900 889 2884 2680 2840 2680 2841 2680 2884 889 2885 889 2840 889 2883 889 2884 889 2841 889 2842 2681 2883 2681 2841 2681 2882 889 2883 889 2842 889 2843 2682 2881 2682 2882 2682 2843 889 2882 889 2842 889 2867 2683 2866 2683 2901 2683 2867 2684 2901 2684 2902 2684 2867 2685 2902 2685 2903 2685 2867 2686 2903 2686 2904 2686 2844 889 2880 889 2881 889 2844 889 2881 889 2843 889 2845 889 2879 889 2880 889 2845 889 2880 889 2844 889 2846 2687 2879 2687 2845 2687 2847 2688 2879 2688 2846 2688 2847 2689 2914 2689 2879 2689 2848 889 2914 889 2847 889 2848 889 2913 889 2914 889 2849 889 2913 889 2848 889 2849 889 2912 889 2913 889 2852 889 2904 889 2905 889 2852 2690 2905 2690 2906 2690 2852 2691 2906 2691 2907 2691 2852 889 2907 889 2908 889 2852 889 2867 889 2904 889 2864 889 2867 889 2852 889 2863 2692 2867 2692 2864 2692 2850 2693 2912 2693 2849 2693 2850 2694 2911 2694 2912 2694 2862 889 2867 889 2863 889 2851 2695 2852 2695 2908 2695 2851 889 2911 889 2850 889 2851 2344 2908 2344 2909 2344 2851 2696 2909 2696 2910 2696 2851 2697 2910 2697 2911 2697 2861 889 2867 889 2862 889 2860 889 2867 889 2861 889 2859 889 2867 889 2860 889 2858 889 2867 889 2859 889 2857 2698 2867 2698 2858 2698 2856 889 2867 889 2857 889 2855 889 2867 889 2856 889 2866 2699 2865 2700 2878 2701 2853 2702 2867 2702 2854 2702 2854 2703 2867 2703 2855 2703 2988 2704 2986 2705 2987 2706 2989 2707 2986 2705 2988 2704 2990 2708 2986 2705 2989 2707 3056 2709 3057 2710 2984 2711 3056 2709 2984 2711 2985 2712 3058 2713 2984 2711 3057 2710 3058 2713 2983 2714 2984 2711 3059 2715 2983 2714 3058 2713 3055 2716 3056 2709 2985 2712 3060 2717 2983 2714 3059 2715 3060 2717 2982 2718 2983 2714 3061 2719 2982 2718 3060 2717 3061 2719 2981 2720 2982 2718 3062 2721 2981 2720 3061 2719 3063 2722 2981 2720 3062 2721 3064 2723 2981 2720 3063 2722 3064 2723 2980 2724 2981 2720 3054 2725 3055 2716 2985 2712 3054 2725 2986 2705 2990 2708 3054 2725 2985 2712 2986 2705 3054 2725 2990 2708 2991 2726 3054 2725 2991 2726 2992 2727 3029 2728 3067 2729 3028 2730 3027 2731 3028 2730 3067 2729 3030 2732 3067 2729 3029 2728 3026 2733 3027 2731 3067 2729 3031 2734 3067 2729 3030 2732 3032 2735 3067 2729 3031 2734 3025 2736 3026 2733 3067 2729 3024 2737 3025 2736 3067 2729 3033 2738 3067 2729 3032 2735 3033 2738 3066 2739 3067 2729 3034 2740 3066 2739 3033 2738 3035 2741 3066 2739 3034 2740 3035 2741 3065 2742 3066 2739 3053 2743 3054 2725 2992 2727 3053 2743 2992 2727 2993 2744 3053 2743 2993 2744 2994 2745 3036 2746 3064 2723 3065 2742 3036 2746 3065 2742 3035 2741 3037 2747 2980 2724 3064 2723 3037 2747 3064 2723 3036 2746 3038 2748 2980 2724 3037 2747 3039 2749 2978 2750 2979 2751 3039 2749 2979 2751 2980 2724 3039 2749 2980 2724 3038 2748 3052 2752 2994 2745 2995 2753 3052 2752 2995 2753 2996 2754 3052 2752 3053 2743 2994 2745 3040 2755 2977 2756 2978 2750 3040 2755 2978 2750 3039 2749 3041 2757 2976 2758 2977 2756 3041 2757 2977 2756 3040 2755 3042 2759 2976 2758 3041 2757 3042 2759 2975 2760 2976 2758 3009 2761 3002 2762 3003 2763 3009 2761 3003 2763 3004 2764 3009 2761 3004 2764 3005 2765 3009 2761 3005 2765 3006 2766 3051 2767 3052 2752 2996 2754 3051 2767 2996 2754 2997 2768 3051 2767 2997 2768 2998 2769 3022 2770 3068 2771 3069 2772 3022 2770 3023 2773 3068 2771 3043 2774 2975 2760 3042 2759 3043 2774 2974 2775 2975 2760 3044 2776 2974 2775 3043 2774 3044 2776 2973 2777 2974 2775 3050 2778 3051 2767 2998 2769 3050 2778 2998 2769 2999 2779 3050 2778 2999 2779 3000 2780 3050 2778 3000 2780 3001 2781 3050 2778 3001 2781 3002 2762 3050 2778 3002 2762 3009 2761 3070 2782 3022 2770 3069 2772 3045 2783 2973 2777 3044 2776 3045 2783 2972 2784 2973 2777 3046 2785 2971 2786 2972 2784 3046 2785 2972 2784 3045 2783 3047 2787 2970 2788 2971 2786 3047 2787 2971 2786 3046 2785 3049 2789 3050 2778 3009 2761 3049 2789 3009 2761 3008 2790 2915 2791 2970 2788 3047 2787 3010 2792 3008 2790 3007 2793 3091 2794 2915 2791 2916 2795 3091 2794 2970 2788 2915 2791 3090 2796 2916 2795 2917 2797 3090 2796 3091 2794 2916 2795 3092 2798 2969 2799 2970 2788 3092 2798 2970 2788 3091 2794 3093 2800 2969 2799 3092 2798 3094 2801 2969 2799 3093 2800 3089 2802 2917 2797 2918 2803 3089 2802 2918 2803 2919 2804 3089 2802 3090 2796 2917 2797 3095 2805 2969 2799 3094 2801 3095 2805 2968 2806 2969 2799 3096 2807 2968 2806 3095 2805 3021 2808 3070 2782 3071 2809 3097 2810 2968 2806 3096 2807 3097 2810 2967 2811 2968 2806 3048 2812 3049 2789 3008 2790 3048 2812 3008 2790 3010 2792 3098 2813 2967 2811 3097 2810 3020 2814 3021 2808 3071 2809 3099 2815 2967 2811 3098 2813 3088 2816 2919 2804 2920 2817 3088 2816 2920 2817 2921 2818 3088 2816 2921 2818 2922 2819 3088 2816 2922 2819 2923 2820 3088 2816 2923 2820 2924 2821 3088 2816 2924 2821 2925 2822 3088 2816 2925 2822 2926 2823 3088 2816 3089 2802 2919 2804 3019 2824 3020 2814 3071 2809 3100 2825 2966 2826 2967 2811 3100 2825 2967 2811 3099 2815 3101 2827 2966 2826 3100 2825 3018 2828 3019 2824 3071 2809 3017 2829 3018 2828 3071 2809 3017 2829 3071 2809 3072 2830 2965 2831 2966 2826 3101 2827 3011 2832 3048 2812 3010 2792 3012 2833 3048 2812 3011 2832 3012 2833 3074 2834 3075 2835 3012 2833 3075 2835 3048 2812 3016 2836 3017 2829 3072 2830 3016 2836 3072 2830 3073 2837 3013 2838 3074 2834 3012 2833 3013 2838 3073 2837 3074 2834 3086 2839 2927 2840 2928 2841 3014 2842 3073 2837 3013 2838 3015 2843 3016 2836 3073 2837 3015 2843 3073 2837 3014 2842 2929 2844 3086 2839 2928 2841 3085 2845 3086 2839 2929 2844 2930 2846 3085 2845 2929 2844 2958 2847 3101 2827 3102 2848 2958 2847 3102 2848 2959 2849 2960 2850 2959 2849 3102 2848 2957 2851 3101 2827 2958 2847 2961 2852 2960 2850 3102 2848 2956 2853 2965 2831 3101 2827 2956 2853 3101 2827 2957 2851 2955 2854 2965 2831 2956 2853 2964 2855 2965 2831 2955 2854 2962 2856 3102 2848 3103 2857 2962 2856 2961 2852 3102 2848 3084 2858 2930 2846 2931 2859 3084 2858 2931 2859 2932 2860 3084 2858 3085 2845 2930 2846 2963 2861 2962 2856 3103 2857 2945 2862 2963 2861 3103 2857 2946 2863 2945 2862 3103 2857 2946 2863 3103 2857 3076 2864 3083 2865 3084 2858 2932 2860 3083 2865 2932 2860 2933 2866 3083 2865 2933 2866 2934 2867 2947 2868 2946 2863 3076 2864 2948 2869 2947 2868 3076 2864 2949 2870 2948 2869 3076 2864 2950 2871 2949 2870 3076 2864 2950 2871 3076 2864 3077 2872 2951 2873 2950 2871 3077 2872 2952 2874 2951 2873 3077 2872 3082 2875 3083 2865 2934 2867 3082 2875 2934 2867 2935 2876 2936 2877 3082 2875 2935 2876 2937 2878 3082 2875 2936 2877 2937 2878 3081 2879 3082 2875 2938 2880 3081 2879 2937 2878 2938 2880 3079 2881 3080 2882 2938 2880 3080 2882 3081 2879 2943 2883 2952 2874 3077 2872 2943 2883 2953 2884 2952 2874 2943 2883 2954 2885 2953 2884 2943 2883 2942 2886 2954 2885 2943 2883 3077 2872 3078 2887 2939 2888 3079 2881 2938 2880 2944 2889 3078 2887 3079 2881 2944 2889 2943 2883 3078 2887 2940 2890 3079 2881 2939 2888 2940 2890 2944 2889 3079 2881 2941 2891 2944 2889 2940 2890 2926 2823 2927 2840 3087 2892 3021 2808 3022 2770 3070 2782 3067 2729 3068 2771 3023 2773 3067 2729 3023 2773 3024 2737 3086 2839 3087 2892 2927 2840 3087 2892 3088 2816 2926 2823 3161 889 3131 889 3130 889 3161 889 3162 889 3131 889 3132 2893 3131 2893 3162 2893 3163 2894 3132 2894 3162 2894 3160 2895 3161 2895 3130 2895 3129 889 3160 889 3130 889 3133 2896 3132 2896 3163 2896 3164 2897 3133 2897 3163 2897 3159 2898 3160 2898 3129 2898 3128 889 3159 889 3129 889 3134 889 3133 889 3164 889 3165 889 3134 889 3164 889 3158 889 3159 889 3128 889 3127 889 3158 889 3128 889 3135 2899 3134 2899 3165 2899 3166 2900 3135 2900 3165 2900 3157 2901 3158 2901 3127 2901 3157 889 3127 889 3126 889 3136 889 3135 889 3166 889 3125 889 3157 889 3126 889 3167 889 3136 889 3166 889 3156 2902 3157 2902 3125 2902 3137 889 3136 889 3167 889 3124 889 3156 889 3125 889 3168 889 3137 889 3167 889 3168 889 3138 889 3137 889 3155 2903 3156 2903 3124 2903 3155 2904 3124 2904 3123 2904 3122 2905 3155 2905 3123 2905 3139 889 3138 889 3168 889 3169 2906 3139 2906 3168 2906 3154 889 3155 889 3122 889 3121 889 3154 889 3122 889 3140 2907 3139 2907 3169 2907 3120 2908 3154 2908 3121 2908 3170 889 3140 889 3169 889 3153 889 3154 889 3120 889 3141 889 3140 889 3170 889 3119 2909 3153 2909 3120 2909 3171 889 3141 889 3170 889 3152 889 3153 889 3119 889 3142 889 3141 889 3171 889 3118 889 3152 889 3119 889 3172 889 3143 889 3142 889 3172 2910 3142 2910 3171 2910 3151 2911 3152 2911 3118 2911 3117 889 3151 889 3118 889 3144 2912 3143 2912 3172 2912 3173 2913 3144 2913 3172 2913 3150 2914 3151 2914 3117 2914 3116 889 3150 889 3117 889 3145 2915 3144 2915 3173 2915 3146 2916 3145 2916 3173 2916 3115 2917 3150 2917 3116 2917 3174 889 3146 889 3173 889 3149 889 3150 889 3115 889 3147 2918 3146 2918 3174 2918 3114 2919 3149 2919 3115 2919 3175 889 3147 889 3174 889 3148 889 3149 889 3114 889 3104 2920 3147 2920 3175 2920 3113 2921 3148 2921 3114 2921 3105 889 3104 889 3175 889 3176 889 3105 889 3175 889 3183 889 3148 889 3113 889 3112 2922 3183 2922 3113 2922 3106 889 3105 889 3176 889 3177 889 3106 889 3176 889 3182 2923 3183 2923 3112 2923 3111 2924 3182 2924 3112 2924 3107 889 3106 889 3177 889 3178 889 3107 889 3177 889 3181 889 3182 889 3111 889 3110 889 3181 889 3111 889 3180 889 3181 889 3110 889 3108 889 3107 889 3178 889 3108 889 3178 889 3179 889 3109 889 3180 889 3110 889 3109 2925 3108 2925 3179 2925 3109 889 3179 889 3180 889 3185 2926 3186 2927 3184 2928 3192 2929 3187 2930 3186 2927 3192 2929 3188 2931 3187 2930 3192 2929 3189 2932 3188 2931 3192 2929 3186 2927 3185 2926 3191 2933 3190 2934 3189 2932 3191 2933 3189 2932 3192 2929 3196 2935 3195 2935 3194 2935 3197 2936 3196 2936 3194 2936 3194 2937 3193 2937 3197 2937 3202 2938 3198 2938 3200 2938 3201 2939 3198 2939 3202 2939 3199 2940 3198 2940 3201 2940 3207 2941 3204 2941 3203 2941 3206 2942 3204 2942 3207 2942 3205 2943 3204 2943 3206 2943 3209 2944 3208 2945 3236 2946 3235 2947 3210 2948 3209 2944 3235 2947 3211 2949 3210 2948 3235 2947 3209 2944 3236 2946 3234 2950 3212 2951 3211 2949 3234 2950 3213 2952 3212 2951 3234 2950 3211 2949 3235 2947 3214 2953 3213 2952 3234 2950 3233 2954 3215 2955 3214 2953 3233 2954 3216 2956 3215 2955 3233 2954 3214 2953 3234 2950 3232 2957 3217 2958 3216 2956 3232 2957 3216 2956 3233 2954 3231 2959 3217 2958 3232 2957 3230 2960 3217 2958 3231 2959 3229 2961 3217 2958 3230 2960 3228 2962 3217 2958 3229 2961 3227 2963 3217 2958 3228 2962 3226 2964 3217 2958 3227 2963 3225 2965 3217 2958 3226 2964 3224 2966 3218 2967 3217 2958 3224 2966 3217 2958 3225 2965 3223 2968 3219 2969 3218 2967 3223 2968 3220 2970 3219 2969 3223 2968 3218 2967 3224 2966 3222 2971 3221 2972 3220 2970 3222 2971 3220 2970 3223 2968 3240 2973 3239 2973 3238 2973 3241 2974 3240 2974 3238 2974 3238 2975 3237 2975 3241 2975 3285 2976 3258 2977 3284 2978 3299 2979 3245 2980 3244 2981 3299 2979 3274 2982 3275 2983 3300 2984 3246 2985 3245 2980 3300 2984 3245 2980 3299 2979 3300 2984 3299 2979 3275 2983 3301 2986 3247 2987 3246 2985 3301 2986 3275 2983 3276 2988 3301 2986 3246 2985 3300 2984 3301 2986 3300 2984 3275 2983 3302 2989 3248 2990 3247 2987 3302 2989 3249 2991 3248 2990 3302 2989 3247 2987 3301 2986 3302 2989 3276 2988 3277 2992 3302 2989 3301 2986 3276 2988 3303 2993 3250 2994 3249 2991 3303 2993 3251 2995 3250 2994 3303 2993 3252 2996 3251 2995 3303 2993 3253 2997 3252 2996 3303 2993 3277 2992 3278 2998 3303 2993 3278 2998 3279 2999 3303 2993 3279 2999 3280 3000 3303 2993 3249 2991 3302 2989 3303 2993 3302 2989 3277 2992 3304 3001 3283 3002 3257 3003 3304 3001 3254 3004 3253 2997 3304 3001 3255 3005 3254 3004 3304 3001 3256 3006 3255 3005 3304 3001 3257 3003 3256 3006 3304 3001 3303 2993 3280 3000 3304 3001 3253 2997 3303 2993 3304 3001 3280 3000 3281 3007 3304 3001 3281 3007 3282 3008 3304 3001 3282 3008 3283 3002 3305 3009 3257 3003 3283 3002 3305 3009 3258 2977 3257 3003 3305 3009 3284 2978 3258 2977 3305 3009 3283 3002 3284 2978 3306 3010 3259 3011 3258 2977 3306 3010 3258 2977 3285 2976 3307 3012 3260 3013 3259 3011 3308 3014 3243 3015 3242 3016 3309 3017 3274 2982 3310 3018 3309 3017 3273 3019 3274 2982 3311 3020 3310 3018 3274 2982 3311 3020 3244 2981 3243 3015 3311 3020 3243 3015 3310 3018 3312 3021 3244 2981 3311 3020 3312 3021 3311 3020 3274 2982 3312 3021 3299 2979 3244 2981 3312 3021 3274 2982 3299 2979 3313 3022 3306 3010 3285 2976 3313 3022 3285 2976 3286 3023 3314 3024 3286 3023 3307 3012 3314 3024 3313 3022 3286 3023 3314 3024 3307 3012 3259 3011 3315 3025 3307 3012 3286 3023 3315 3025 3260 3013 3307 3012 3316 3026 3261 3027 3260 3013 3317 3028 3315 3025 3286 3023 3318 3029 3273 3019 3309 3017 3319 3030 3320 3031 3309 3017 3319 3030 3321 3032 3322 3033 3319 3030 3322 3033 3323 3034 3319 3030 3323 3034 3320 3031 3319 3030 3308 3014 3324 3035 3319 3030 3324 3035 3325 3036 3319 3030 3325 3036 3321 3032 3326 3037 3319 3030 3309 3017 3326 3037 3309 3017 3310 3018 3326 3037 3243 3015 3308 3014 3326 3037 3308 3014 3319 3030 3326 3037 3310 3018 3243 3015 3327 3038 3259 3011 3306 3010 3327 3038 3313 3022 3314 3024 3327 3038 3314 3024 3259 3011 3327 3038 3306 3010 3313 3022 3328 3039 3329 3040 3316 3026 3328 3039 3316 3026 3260 3013 3328 3039 3260 3013 3315 3025 3328 3039 3330 3041 3329 3040 3328 3039 3331 3042 3330 3041 3328 3039 3332 3043 3331 3042 3328 3039 3333 3044 3332 3043 3328 3039 3315 3025 3317 3028 3328 3039 3317 3028 3333 3044 3334 3045 3286 3023 3287 3046 3334 3045 3317 3028 3286 3023 3335 3047 3242 3016 3262 3048 3335 3047 3262 3048 3263 3049 3335 3047 3263 3049 3264 3050 3335 3047 3264 3050 3265 3051 3335 3047 3308 3014 3242 3016 3336 3052 3337 3053 3335 3047 3338 3054 3318 3029 3337 3053 3338 3054 3337 3053 3336 3052 3339 3055 3337 3053 3318 3029 3339 3055 3309 3017 3320 3031 3339 3055 3322 3033 3321 3032 3339 3055 3318 3029 3309 3017 3339 3055 3323 3034 3322 3033 3339 3055 3320 3031 3323 3034 3339 3055 3324 3035 3308 3014 3339 3055 3335 3047 3337 3053 3339 3055 3325 3036 3324 3035 3339 3055 3308 3014 3335 3047 3339 3055 3321 3032 3325 3036 3340 3056 3317 3028 3334 3045 3340 3056 3334 3045 3341 3057 3340 3056 3316 3026 3329 3040 3340 3056 3329 3040 3330 3041 3340 3056 3330 3041 3331 3042 3340 3056 3331 3042 3332 3043 3340 3056 3332 3043 3333 3044 3340 3056 3333 3044 3317 3028 3342 3058 3316 3026 3340 3056 3342 3058 3294 3059 3295 3060 3342 3058 3295 3060 3296 3061 3342 3058 3296 3061 3297 3062 3342 3058 3297 3062 3298 3063 3342 3058 3298 3063 3261 3027 3342 3058 3261 3027 3316 3026 3342 3058 3340 3056 3341 3057 3343 3064 3294 3059 3342 3058 3343 3064 3342 3058 3341 3057 3344 3065 3343 3064 3341 3057 3345 3066 3341 3057 3334 3045 3345 3066 3344 3065 3341 3057 3346 3067 3335 3047 3265 3051 3346 3067 3336 3052 3335 3047 3346 3067 3265 3051 3266 3068 3346 3067 3266 3068 3267 3069 3346 3067 3267 3069 3268 3070 3346 3067 3268 3070 3269 3071 3346 3067 3338 3054 3336 3052 3347 3072 3346 3067 3269 3071 3347 3072 3273 3019 3318 3029 3347 3072 3318 3029 3338 3054 3347 3072 3269 3071 3270 3073 3347 3072 3270 3073 3271 3074 3347 3072 3271 3074 3272 3075 3347 3072 3272 3075 3273 3019 3347 3072 3338 3054 3346 3067 3348 3076 3344 3065 3345 3066 3348 3076 3343 3064 3344 3065 3348 3076 3290 3077 3291 3078 3348 3076 3291 3078 3292 3079 3348 3076 3292 3079 3293 3080 3348 3076 3293 3080 3294 3059 3348 3076 3294 3059 3343 3064 3349 3081 3290 3077 3348 3076 3349 3081 3287 3046 3288 3082 3349 3081 3288 3082 3289 3083 3349 3081 3289 3083 3290 3077 3349 3081 3348 3076 3345 3066 3349 3081 3345 3066 3334 3045 3349 3081 3334 3045 3287 3046 3380 3084 3367 3085 3366 3086 3381 3087 3368 3088 3367 3085 3381 3087 3382 3089 3383 3090 3381 3087 3367 3085 3382 3089 3384 3091 3351 3092 3352 3093 3384 3091 3385 3094 3351 3092 3384 3091 3383 3090 3385 3094 3386 3095 3352 3093 3353 3096 3387 3097 3388 3098 3380 3084 3387 3097 3389 3099 3388 3098 3390 3100 3389 3099 3387 3097 3391 3101 3389 3099 3390 3100 3392 3102 3389 3099 3391 3101 3392 3102 3376 3103 3377 3104 3392 3102 3377 3104 3378 3105 3392 3102 3378 3105 3379 3106 3392 3102 3379 3106 3350 3107 3392 3102 3391 3101 3376 3103 3393 3108 3350 3107 3351 3092 3393 3108 3392 3102 3350 3107 3394 3109 3382 3089 3367 3085 3395 3110 3351 3092 3385 3094 3395 3110 3393 3108 3351 3092 3395 3110 3385 3094 3396 3111 3397 3112 3394 3109 3396 3111 3397 3112 3382 3089 3394 3109 3397 3112 3383 3090 3382 3089 3397 3112 3385 3094 3383 3090 3397 3112 3396 3111 3385 3094 3398 3113 3381 3087 3383 3090 3398 3113 3384 3091 3399 3114 3398 3113 3383 3090 3384 3091 3400 3115 3381 3087 3398 3113 3400 3115 3398 3113 3399 3114 3400 3115 3368 3088 3381 3087 3401 3116 3399 3114 3384 3091 3401 3116 3384 3091 3352 3093 3402 3117 3354 3118 3368 3088 3402 3117 3368 3088 3400 3115 3402 3117 3386 3095 3403 3119 3404 3120 3355 3121 3354 3118 3404 3120 3356 3122 3355 3121 3404 3120 3357 3123 3356 3122 3404 3120 3358 3124 3357 3123 3404 3120 3359 3125 3358 3124 3404 3120 3354 3118 3402 3117 3404 3120 3402 3117 3403 3119 3405 3126 3404 3120 3403 3119 3405 3126 3359 3125 3404 3120 3406 3127 3405 3126 3403 3119 3407 3128 3406 3127 3403 3119 3407 3128 3403 3119 3386 3095 3408 3129 3366 3086 3369 3130 3408 3129 3369 3130 3370 3131 3408 3129 3370 3131 3371 3132 3408 3129 3380 3084 3366 3086 3408 3129 3387 3097 3380 3084 3409 3133 3391 3101 3390 3100 3409 3133 3371 3132 3372 3134 3409 3133 3372 3134 3373 3135 3409 3133 3373 3135 3374 3136 3409 3133 3374 3136 3375 3137 3409 3133 3375 3137 3376 3103 3409 3133 3387 3097 3408 3129 3409 3133 3376 3103 3391 3101 3409 3133 3408 3129 3371 3132 3409 3133 3390 3100 3387 3097 3410 3138 3392 3102 3393 3108 3410 3138 3380 3084 3388 3098 3410 3138 3388 3098 3389 3099 3410 3138 3389 3099 3392 3102 3411 3139 3380 3084 3410 3138 3411 3139 3410 3138 3393 3108 3411 3139 3394 3109 3367 3085 3411 3139 3367 3085 3380 3084 3412 3140 3401 3116 3352 3093 3412 3140 3386 3095 3402 3117 3412 3140 3352 3093 3386 3095 3413 3141 3360 3142 3359 3125 3413 3141 3361 3143 3360 3142 3413 3141 3362 3144 3361 3143 3413 3141 3363 3145 3362 3144 3413 3141 3405 3126 3406 3127 3413 3141 3406 3127 3407 3128 3413 3141 3359 3125 3405 3126 3414 3146 3364 3147 3363 3145 3414 3146 3365 3148 3364 3147 3414 3146 3353 3096 3365 3148 3414 3146 3407 3128 3386 3095 3414 3146 3413 3141 3407 3128 3414 3146 3386 3095 3353 3096 3414 3146 3363 3145 3413 3141 3415 3149 3396 3111 3394 3109 3415 3149 3395 3110 3396 3111 3415 3149 3393 3108 3395 3110 3415 3149 3394 3109 3411 3139 3415 3149 3411 3139 3393 3108 3416 3150 3400 3115 3399 3114 3416 3150 3401 3116 3412 3140 3416 3150 3402 3117 3400 3115 3416 3150 3412 3140 3402 3117 3416 3150 3399 3114 3401 3116 3452 3151 3440 3151 3439 3151 3452 3152 3441 3152 3440 3152 3452 3153 3442 3153 3441 3153 3452 3154 3443 3154 3442 3154 3452 3155 3444 3155 3443 3155 3452 3156 3445 3156 3444 3156 3452 3157 3446 3157 3445 3157 3452 889 3447 889 3446 889 3452 3158 3448 3158 3447 3158 3452 889 3449 889 3448 889 3452 3159 3437 3159 3449 3159 3477 889 3436 889 3437 889 3477 889 3478 889 3436 889 3479 889 3436 889 3478 889 3476 889 3477 889 3437 889 3480 889 3435 889 3436 889 3480 3160 3436 3160 3479 3160 3475 889 3476 889 3437 889 3481 3161 3434 3161 3435 3161 3481 3162 3435 3162 3480 3162 3474 3163 3475 3163 3437 3163 3482 889 3433 889 3434 889 3482 889 3434 889 3481 889 3473 3164 3437 3164 3452 3164 3473 889 3474 889 3437 889 3483 889 3432 889 3433 889 3483 3165 3433 3165 3482 3165 3472 889 3473 889 3452 889 3484 889 3431 889 3432 889 3484 889 3432 889 3483 889 3471 889 3472 889 3452 889 3485 889 3430 889 3431 889 3485 889 3431 889 3484 889 3470 889 3471 889 3452 889 3486 889 3429 889 3430 889 3486 889 3430 889 3485 889 3451 3166 3469 3166 3470 3166 3451 3167 3470 3167 3452 3167 3487 3168 3429 3168 3486 3168 3468 889 3469 889 3451 889 3428 889 3429 889 3487 889 3488 889 3428 889 3487 889 3467 889 3468 889 3451 889 3427 3169 3428 3169 3488 3169 3426 3170 3488 3170 3489 3170 3426 889 3427 889 3488 889 3425 889 3489 889 3490 889 3425 889 3426 889 3489 889 3424 3171 3490 3171 3491 3171 3424 889 3425 889 3490 889 3462 889 3463 889 3451 889 3417 3172 3464 3172 3465 3172 3417 889 3465 889 3466 889 3417 889 3466 889 3467 889 3417 889 3451 889 3463 889 3417 889 3467 889 3451 889 3417 3173 3499 3173 3464 3173 3461 889 3462 889 3451 889 3460 3174 3461 3174 3451 3174 3459 3175 3460 3175 3451 3175 3423 3176 3424 3176 3491 3176 3423 3177 3491 3177 3492 3177 3458 3178 3459 3178 3451 3178 3457 889 3458 889 3451 889 3422 889 3423 889 3492 889 3422 889 3492 889 3493 889 3456 889 3457 889 3451 889 3455 889 3456 889 3451 889 3421 889 3422 889 3493 889 3421 3179 3493 3179 3494 3179 3418 3180 3499 3180 3417 3180 3418 889 3496 889 3497 889 3418 889 3497 889 3498 889 3418 3181 3498 3181 3499 3181 3454 889 3455 889 3451 889 3420 3182 3494 3182 3495 3182 3420 889 3421 889 3494 889 3419 889 3496 889 3418 889 3419 889 3420 889 3495 889 3419 3183 3495 3183 3496 3183 3453 889 3454 889 3451 889 3451 3184 3450 3184 3453 3184 3438 3185 3452 3186 3439 3187 3530 3188 3508 3189 3507 3190 3530 3188 3509 3191 3508 3189 3530 3188 3510 3192 3509 3191 3530 3188 3511 3193 3510 3192 3530 3188 3512 3194 3511 3193 3531 3195 3502 3196 3503 3197 3531 3195 3513 3198 3512 3194 3531 3195 3514 3199 3513 3198 3531 3195 3515 3200 3514 3199 3531 3195 3503 3197 3515 3200 3531 3195 3512 3194 3530 3188 3532 3201 3500 3202 3501 3203 3533 3204 3505 3205 3504 3206 3533 3204 3506 3207 3505 3205 3533 3204 3507 3190 3506 3207 3533 3204 3504 3206 3518 3208 3533 3204 3530 3188 3507 3190 3534 3209 3531 3195 3530 3188 3534 3209 3502 3196 3531 3195 3535 3210 3518 3208 3517 3211 3536 3212 3537 3213 3532 3201 3536 3212 3532 3201 3501 3203 3538 3214 3517 3211 3516 3215 3538 3214 3539 3216 3517 3211 3540 3217 3534 3209 3530 3188 3541 3218 3540 3217 3535 3210 3541 3218 3534 3209 3540 3217 3541 3218 3502 3196 3534 3209 3542 3219 3501 3203 3502 3196 3542 3219 3502 3196 3541 3218 3542 3219 3541 3218 3535 3210 3543 3220 3517 3211 3539 3216 3543 3220 3539 3216 3544 3221 3545 3222 3542 3219 3544 3221 3545 3222 3536 3212 3501 3203 3545 3222 3501 3203 3542 3219 3546 3223 3545 3222 3544 3221 3546 3223 3536 3212 3545 3222 3546 3223 3539 3216 3537 3213 3546 3223 3544 3221 3539 3216 3546 3223 3537 3213 3536 3212 3547 3224 3537 3213 3539 3216 3547 3224 3532 3201 3537 3213 3547 3224 3539 3216 3538 3214 3548 3225 3538 3214 3549 3226 3550 3227 3538 3214 3548 3225 3551 3228 3547 3224 3538 3214 3551 3228 3519 3229 3500 3202 3551 3228 3520 3230 3519 3229 3551 3228 3521 3231 3520 3230 3551 3228 3522 3232 3521 3231 3551 3228 3500 3202 3532 3201 3551 3228 3532 3201 3547 3224 3551 3228 3538 3214 3550 3227 3552 3233 3535 3210 3540 3217 3552 3233 3533 3204 3518 3208 3552 3233 3518 3208 3535 3210 3552 3233 3540 3217 3530 3188 3552 3233 3530 3188 3533 3204 3553 3234 3543 3220 3544 3221 3553 3234 3544 3221 3542 3219 3553 3234 3535 3210 3517 3211 3553 3234 3517 3211 3543 3220 3553 3234 3542 3219 3535 3210 3554 3235 3548 3225 3549 3226 3554 3235 3551 3228 3550 3227 3554 3235 3523 3236 3522 3232 3554 3235 3524 3237 3523 3236 3554 3235 3525 3238 3524 3237 3554 3235 3526 3239 3525 3238 3554 3235 3527 3240 3526 3239 3554 3235 3528 3241 3527 3240 3554 3235 3529 3242 3528 3241 3554 3235 3516 3215 3529 3242 3554 3235 3522 3232 3551 3228 3554 3235 3538 3214 3516 3215 3554 3235 3549 3226 3538 3214 3554 3235 3550 3227 3548 3225 3615 889 3563 889 3564 889 3616 889 3563 889 3615 889 3616 889 3562 889 3563 889 3617 889 3561 889 3562 889 3617 889 3562 889 3616 889 3614 3243 3564 3243 3565 3243 3614 3244 3565 3244 3566 3244 3614 889 3615 889 3564 889 3618 889 3561 889 3617 889 3618 889 3560 889 3561 889 3613 889 3614 889 3566 889 3613 3245 3566 3245 3567 3245 3619 889 3559 889 3560 889 3619 3246 3560 3246 3618 3246 3612 889 3613 889 3567 889 3612 3247 3567 3247 3568 3247 3620 889 3558 889 3559 889 3620 3165 3559 3165 3619 3165 3611 3248 3568 3248 3569 3248 3611 889 3612 889 3568 889 3621 3249 3557 3249 3558 3249 3621 889 3558 889 3620 889 3610 3250 3569 3250 3570 3250 3610 889 3611 889 3569 889 3622 889 3556 889 3557 889 3622 889 3557 889 3621 889 3609 889 3570 889 3571 889 3609 889 3610 889 3570 889 3623 889 3556 889 3622 889 3608 889 3609 889 3571 889 3572 889 3608 889 3571 889 3624 889 3556 889 3623 889 3607 889 3608 889 3572 889 3573 889 3607 889 3572 889 3625 889 3556 889 3624 889 3606 889 3607 889 3573 889 3574 889 3605 889 3606 889 3574 3251 3606 3251 3573 3251 3604 889 3605 889 3574 889 3603 889 3604 889 3574 889 3555 3252 3556 3252 3625 3252 3555 3253 3625 3253 3626 3253 3555 3254 3626 3254 3627 3254 3555 3255 3627 3255 3628 3255 3555 3256 3628 3256 3629 3256 3575 3257 3602 3257 3603 3257 3575 3258 3603 3258 3574 3258 3575 889 3635 889 3636 889 3575 889 3636 889 3637 889 3575 3259 3637 3259 3602 3259 3589 3260 3593 3260 3594 3260 3589 3261 3594 3261 3595 3261 3589 3262 3595 3262 3596 3262 3589 3263 3596 3263 3597 3263 3589 3264 3597 3264 3598 3264 3589 3265 3598 3265 3599 3265 3589 889 3599 889 3600 889 3589 3266 3600 3266 3601 3266 3589 3267 3601 3267 3555 3267 3589 3268 3629 3268 3630 3268 3589 3269 3630 3269 3631 3269 3589 3270 3631 3270 3632 3270 3589 3271 3632 3271 3633 3271 3589 889 3555 889 3629 889 3590 3272 3575 3272 3576 3272 3590 3273 3576 3273 3577 3273 3590 3274 3577 3274 3578 3274 3590 3275 3578 3275 3579 3275 3590 3276 3579 3276 3580 3276 3590 3277 3580 3277 3581 3277 3590 3278 3589 3278 3633 3278 3590 3279 3633 3279 3634 3279 3590 3280 3634 3280 3635 3280 3590 3281 3635 3281 3575 3281 3582 889 3590 889 3581 889 3583 889 3590 889 3582 889 3584 889 3590 889 3583 889 3585 3282 3590 3282 3584 3282 3586 3283 3590 3283 3585 3283 3589 3284 3588 3285 3591 3286 3589 3287 3591 3287 3592 3287 3589 3288 3592 3288 3593 3288 3587 889 3590 889 3586 889 3668 3289 3638 3290 3639 3291 3669 3292 3670 3293 3671 3294 3669 3292 3639 3291 3670 3293 3672 3295 3669 3292 3671 3294 3673 3296 3672 3295 3671 3294 3674 3297 3639 3291 3640 3298 3674 3297 3671 3294 3670 3293 3674 3297 3670 3293 3639 3291 3675 3299 3656 3300 3655 3301 3675 3299 3673 3296 3671 3294 3675 3299 3655 3301 3673 3296 3676 3302 3642 3303 3656 3300 3677 3304 3678 3305 3668 3289 3679 3306 3677 3304 3668 3289 3680 3307 3654 3308 3657 3309 3680 3307 3679 3306 3668 3289 3681 3310 3680 3307 3668 3289 3681 3310 3655 3301 3654 3308 3681 3310 3654 3308 3680 3307 3682 3311 3639 3291 3669 3292 3682 3311 3669 3292 3672 3295 3683 3312 3673 3296 3655 3301 3683 3312 3672 3295 3673 3296 3684 3313 3685 3314 3675 3299 3684 3313 3671 3294 3674 3297 3684 3313 3675 3299 3671 3294 3686 3315 3684 3313 3674 3297 3686 3315 3685 3314 3684 3313 3686 3315 3674 3297 3640 3298 3687 3316 3656 3300 3675 3299 3687 3316 3675 3299 3685 3314 3687 3316 3676 3302 3656 3300 3688 3317 3640 3298 3641 3318 3688 3317 3685 3314 3686 3315 3688 3317 3686 3315 3640 3298 3688 3317 3687 3316 3685 3314 3688 3317 3676 3302 3687 3316 3688 3317 3689 3319 3676 3302 3690 3320 3651 3321 3650 3322 3690 3320 3652 3323 3651 3321 3690 3320 3653 3324 3652 3323 3690 3320 3641 3318 3653 3324 3690 3320 3689 3319 3688 3317 3690 3320 3688 3317 3641 3318 3691 3325 3650 3322 3649 3326 3691 3325 3689 3319 3690 3320 3691 3325 3690 3320 3650 3322 3692 3327 3689 3319 3691 3325 3692 3327 3691 3325 3649 3326 3693 3328 3649 3326 3648 3329 3693 3328 3689 3319 3692 3327 3693 3328 3676 3302 3689 3319 3693 3328 3692 3327 3649 3326 3694 3330 3665 3331 3666 3332 3694 3330 3666 3332 3667 3333 3694 3330 3667 3333 3638 3290 3694 3330 3668 3289 3678 3305 3694 3330 3638 3290 3668 3289 3694 3330 3678 3305 3677 3304 3694 3330 3677 3304 3679 3306 3695 3334 3639 3291 3682 3311 3695 3334 3681 3310 3668 3289 3695 3334 3668 3289 3639 3291 3696 3335 3646 3336 3645 3337 3696 3335 3647 3338 3646 3336 3696 3335 3648 3329 3647 3338 3696 3335 3693 3328 3648 3329 3697 3339 3643 3340 3642 3303 3697 3339 3644 3341 3643 3340 3697 3339 3645 3337 3644 3341 3697 3339 3676 3302 3693 3328 3697 3339 3693 3328 3696 3335 3697 3339 3642 3303 3676 3302 3697 3339 3696 3335 3645 3337 3698 3342 3679 3306 3680 3307 3698 3342 3657 3309 3658 3343 3698 3342 3658 3343 3659 3344 3698 3342 3659 3344 3660 3345 3698 3342 3660 3345 3661 3346 3698 3342 3661 3346 3662 3347 3698 3342 3662 3347 3663 3348 3698 3342 3663 3348 3664 3349 3698 3342 3664 3349 3665 3331 3698 3342 3665 3331 3694 3330 3698 3342 3694 3330 3679 3306 3698 3342 3680 3307 3657 3309 3699 3350 3695 3334 3682 3311 3699 3350 3682 3311 3672 3295 3699 3350 3681 3310 3695 3334 3700 3351 3672 3295 3683 3312 3700 3351 3683 3312 3655 3301 3700 3351 3681 3310 3699 3350 3700 3351 3655 3301 3681 3310 3700 3351 3699 3350 3672 3295 3703 3352 3704 3353 3733 3354 3759 3355 3714 3356 3715 3357 3759 3355 3747 3358 3746 3359 3760 3360 3713 3361 3714 3356 3760 3360 3746 3359 3745 3362 3761 3363 3760 3360 3745 3362 3761 3363 3713 3361 3760 3360 3762 3364 3712 3365 3713 3361 3762 3364 3744 3366 3743 3367 3762 3364 3745 3362 3744 3366 3762 3364 3713 3361 3761 3363 3762 3364 3761 3363 3745 3362 3763 3368 3710 3369 3711 3370 3763 3368 3711 3370 3712 3365 3763 3368 3762 3364 3743 3367 3763 3368 3712 3365 3762 3364 3763 3368 3742 3371 3741 3372 3763 3368 3743 3367 3742 3371 3764 3373 3707 3374 3708 3375 3764 3373 3708 3375 3709 3376 3764 3373 3709 3376 3710 3369 3764 3373 3739 3377 3738 3378 3764 3373 3740 3379 3739 3377 3764 3373 3741 3372 3740 3379 3764 3373 3710 3369 3763 3368 3764 3373 3763 3368 3741 3372 3765 3380 3704 3353 3705 3381 3765 3380 3705 3381 3706 3382 3765 3380 3706 3382 3707 3374 3765 3380 3764 3373 3738 3378 3765 3380 3734 3383 3733 3354 3765 3380 3735 3384 3734 3383 3765 3380 3736 3385 3735 3384 3765 3380 3707 3374 3764 3373 3765 3380 3737 3386 3736 3385 3765 3380 3738 3378 3737 3386 3765 3380 3733 3354 3704 3353 3766 3387 3733 3354 3732 3388 3766 3387 3703 3352 3733 3354 3767 3389 3732 3388 3731 3390 3767 3389 3702 3391 3703 3352 3767 3389 3703 3352 3766 3387 3767 3389 3766 3387 3732 3388 3768 3392 3747 3358 3769 3393 3770 3394 3747 3358 3768 3392 3771 3395 3747 3358 3770 3394 3772 3396 3717 3397 3747 3358 3772 3396 3747 3358 3771 3395 3773 3398 3747 3358 3759 3355 3773 3398 3759 3355 3715 3357 3773 3398 3715 3357 3769 3393 3773 3398 3769 3393 3747 3358 3774 3399 3759 3355 3746 3359 3774 3399 3714 3356 3759 3355 3774 3399 3746 3359 3760 3360 3774 3399 3760 3360 3714 3356 3775 3400 3730 3401 3776 3402 3775 3400 3731 3390 3730 3401 3775 3400 3767 3389 3731 3390 3775 3400 3702 3391 3767 3389 3775 3400 3776 3402 3702 3391 3777 3403 3701 3404 3702 3391 3777 3403 3702 3391 3776 3402 3778 3405 3730 3401 3729 3406 3779 3407 3715 3357 3716 3408 3779 3407 3769 3393 3715 3357 3780 3409 3769 3393 3779 3407 3781 3410 3769 3393 3780 3409 3781 3410 3768 3392 3769 3393 3781 3410 3770 3394 3768 3392 3781 3410 3772 3396 3771 3395 3781 3410 3771 3395 3770 3394 3782 3411 3776 3402 3730 3401 3782 3411 3777 3403 3776 3402 3782 3411 3730 3401 3778 3405 3783 3412 3777 3403 3782 3411 3783 3412 3782 3411 3778 3405 3783 3412 3784 3413 3785 3414 3783 3412 3785 3414 3777 3403 3783 3412 3786 3415 3784 3413 3783 3412 3787 3416 3786 3415 3783 3412 3788 3417 3787 3416 3783 3412 3789 3418 3788 3417 3783 3412 3778 3405 3789 3418 3790 3419 3701 3404 3777 3403 3791 3420 3781 3410 3780 3409 3791 3420 3780 3409 3779 3407 3792 3421 3781 3410 3791 3420 3793 3422 3718 3423 3717 3397 3793 3422 3781 3410 3792 3421 3793 3422 3719 3424 3718 3423 3793 3422 3720 3425 3719 3424 3793 3422 3717 3397 3772 3396 3793 3422 3772 3396 3781 3410 3794 3426 3785 3414 3784 3413 3794 3426 3795 3427 3790 3419 3794 3426 3777 3403 3785 3414 3794 3426 3784 3413 3786 3415 3794 3426 3786 3415 3787 3416 3794 3426 3787 3416 3788 3417 3794 3426 3788 3417 3789 3418 3794 3426 3789 3418 3778 3405 3794 3426 3790 3419 3777 3403 3796 3428 3790 3419 3795 3427 3797 3429 3796 3428 3795 3427 3798 3430 3795 3427 3794 3426 3798 3430 3794 3426 3778 3405 3798 3430 3729 3406 3748 3431 3798 3430 3748 3431 3749 3432 3798 3430 3749 3432 3750 3433 3798 3430 3750 3433 3751 3434 3798 3430 3797 3429 3795 3427 3798 3430 3778 3405 3729 3406 3799 3435 3791 3420 3779 3407 3799 3435 3726 3436 3725 3437 3799 3435 3727 3438 3726 3436 3799 3435 3728 3439 3727 3438 3799 3435 3716 3408 3728 3439 3799 3435 3779 3407 3716 3408 3800 3440 3799 3435 3725 3437 3800 3440 3791 3420 3799 3435 3801 3441 3792 3421 3791 3420 3801 3441 3720 3425 3793 3422 3801 3441 3721 3442 3720 3425 3801 3441 3722 3443 3721 3442 3801 3441 3723 3444 3722 3443 3801 3441 3724 3445 3723 3444 3801 3441 3725 3437 3724 3445 3801 3441 3800 3440 3725 3437 3801 3441 3793 3422 3792 3421 3801 3441 3791 3420 3800 3440 3802 3446 3755 3447 3756 3448 3802 3446 3756 3448 3757 3449 3802 3446 3757 3449 3758 3450 3802 3446 3758 3450 3701 3404 3802 3446 3790 3419 3796 3428 3802 3446 3701 3404 3790 3419 3803 3451 3755 3447 3802 3446 3803 3451 3802 3446 3796 3428 3803 3451 3796 3428 3797 3429 3803 3451 3751 3434 3752 3452 3803 3451 3752 3452 3753 3453 3803 3451 3753 3453 3754 3454 3803 3451 3754 3454 3755 3447 3803 3451 3797 3429 3798 3430 3803 3451 3798 3430 3751 3434 3834 3455 3804 3456 3805 3457 3835 3458 3806 3459 3807 3460 3836 3461 3805 3457 3806 3459 3836 3461 3837 3462 3838 3463 3836 3461 3806 3459 3837 3462 3839 3464 3822 3465 3821 3466 3839 3464 3840 3467 3822 3465 3839 3464 3838 3463 3840 3467 3841 3468 3842 3469 3834 3455 3841 3468 3834 3455 3805 3457 3843 3470 3821 3466 3820 3471 3843 3470 3820 3471 3833 3472 3843 3470 3844 3473 3821 3466 3845 3474 3846 3475 3835 3458 3847 3476 3846 3475 3845 3474 3848 3477 3846 3475 3847 3476 3849 3478 3809 3479 3808 3480 3849 3478 3810 3481 3809 3479 3849 3478 3811 3482 3810 3481 3849 3478 3812 3483 3811 3482 3849 3478 3846 3475 3848 3477 3849 3478 3813 3484 3812 3483 3849 3478 3848 3477 3813 3484 3850 3485 3846 3475 3849 3478 3850 3485 3808 3480 3822 3465 3850 3485 3835 3458 3846 3475 3850 3485 3849 3478 3808 3480 3851 3486 3852 3487 3837 3462 3851 3486 3837 3462 3806 3459 3853 3488 3822 3465 3840 3467 3853 3488 3850 3485 3822 3465 3854 3489 3853 3488 3840 3467 3854 3489 3838 3463 3837 3462 3854 3489 3837 3462 3852 3487 3854 3489 3852 3487 3853 3488 3854 3489 3840 3467 3838 3463 3855 3490 3856 3491 3836 3461 3855 3490 3838 3463 3839 3464 3855 3490 3836 3461 3838 3463 3857 3492 3841 3468 3805 3457 3857 3492 3836 3461 3856 3491 3857 3492 3805 3457 3836 3461 3858 3493 3856 3491 3855 3490 3858 3493 3821 3466 3844 3473 3858 3493 3855 3490 3839 3464 3858 3493 3839 3464 3821 3466 3858 3493 3844 3473 3856 3491 3859 3494 3857 3492 3856 3491 3859 3494 3841 3468 3857 3492 3859 3494 3842 3469 3841 3468 3859 3494 3856 3491 3844 3473 3859 3494 3844 3473 3842 3469 3860 3495 3834 3455 3842 3469 3860 3495 3842 3469 3844 3473 3860 3495 3844 3473 3843 3470 3861 3496 3823 3497 3804 3456 3861 3496 3824 3498 3823 3497 3861 3496 3825 3499 3824 3498 3861 3496 3826 3500 3825 3499 3861 3496 3827 3501 3826 3500 3861 3496 3834 3455 3860 3495 3861 3496 3804 3456 3834 3455 3861 3496 3860 3495 3843 3470 3862 3502 3861 3496 3843 3470 3862 3502 3827 3501 3861 3496 3863 3503 3828 3504 3827 3501 3863 3503 3827 3501 3862 3502 3863 3503 3862 3502 3843 3470 3864 3505 3829 3506 3828 3504 3864 3505 3830 3507 3829 3506 3864 3505 3831 3508 3830 3507 3864 3505 3832 3509 3831 3508 3864 3505 3833 3472 3832 3509 3864 3505 3828 3504 3863 3503 3864 3505 3843 3470 3833 3472 3864 3505 3863 3503 3843 3470 3865 3510 3845 3474 3835 3458 3865 3510 3818 3511 3817 3512 3865 3510 3819 3513 3818 3511 3865 3510 3807 3460 3819 3513 3865 3510 3835 3458 3807 3460 3866 3514 3865 3510 3817 3512 3866 3514 3848 3477 3847 3476 3866 3514 3814 3515 3813 3484 3866 3514 3815 3516 3814 3515 3866 3514 3816 3517 3815 3516 3866 3514 3817 3512 3816 3517 3866 3514 3813 3484 3848 3477 3866 3514 3847 3476 3845 3474 3866 3514 3845 3474 3865 3510 3867 3518 3835 3458 3850 3485 3867 3518 3806 3459 3835 3458 3867 3518 3851 3486 3806 3459 3868 3519 3867 3518 3850 3485 3868 3519 3852 3487 3851 3486 3868 3519 3850 3485 3853 3488 3868 3519 3851 3486 3867 3518 3868 3519 3853 3488 3852 3487 3870 3520 3869 3521 3874 3522 3895 3523 3876 3524 3877 3525 3895 3523 3877 3525 3878 3526 3895 3523 3878 3526 3879 3527 3896 3528 3874 3522 3875 3529 3896 3528 3875 3529 3876 3524 3896 3528 3876 3524 3895 3523 3896 3528 3870 3520 3874 3522 3897 3530 3895 3523 3879 3527 3898 3531 3871 3532 3870 3520 3898 3531 3870 3520 3896 3528 3898 3531 3896 3528 3895 3523 3898 3531 3895 3523 3897 3530 3899 3533 3897 3530 3879 3527 3900 3534 3879 3527 3880 3535 3900 3534 3899 3533 3879 3527 3901 3536 3871 3532 3898 3531 3902 3537 3903 3538 3899 3533 3904 3539 3872 3540 3871 3532 3904 3539 3903 3538 3902 3537 3904 3539 3871 3532 3901 3536 3904 3539 3901 3536 3903 3538 3905 3541 3900 3534 3906 3542 3907 3543 3905 3541 3906 3542 3908 3544 3873 3545 3872 3540 3909 3546 3898 3531 3897 3530 3909 3546 3899 3533 3903 3538 3909 3546 3897 3530 3899 3533 3909 3546 3903 3538 3901 3536 3909 3546 3901 3536 3898 3531 3910 3547 3902 3537 3899 3533 3910 3547 3899 3533 3900 3534 3910 3547 3900 3534 3905 3541 3911 3548 3912 3549 3913 3550 3911 3548 3913 3550 3908 3544 3914 3551 3910 3547 3905 3541 3914 3551 3904 3539 3902 3537 3914 3551 3902 3537 3910 3547 3914 3551 3872 3540 3904 3539 3914 3551 3907 3543 3872 3540 3914 3551 3905 3541 3907 3543 3915 3552 3911 3548 3908 3544 3915 3552 3872 3540 3907 3543 3915 3552 3907 3543 3906 3542 3915 3552 3908 3544 3872 3540 3916 3553 3917 3554 3918 3555 3916 3553 3918 3555 3919 3556 3916 3553 3919 3556 3920 3557 3916 3553 3920 3557 3921 3558 3916 3553 3911 3548 3917 3554 3916 3553 3913 3550 3912 3549 3916 3553 3908 3544 3913 3550 3916 3553 3912 3549 3911 3548 3922 3559 3880 3535 3881 3560 3922 3559 3881 3560 3882 3561 3922 3559 3882 3561 3883 3562 3922 3559 3883 3562 3884 3563 3922 3559 3900 3534 3880 3535 3922 3559 3917 3554 3911 3548 3922 3559 3911 3548 3900 3534 3923 3564 3888 3565 3889 3566 3923 3564 3889 3566 3890 3567 3924 3568 3921 3558 3923 3564 3924 3568 3923 3564 3890 3567 3925 3569 3916 3553 3921 3558 3925 3569 3908 3544 3916 3553 3925 3569 3890 3567 3891 3570 3925 3569 3891 3570 3892 3571 3925 3569 3892 3571 3893 3572 3925 3569 3893 3572 3894 3573 3925 3569 3894 3573 3873 3545 3925 3569 3921 3558 3924 3568 3925 3569 3924 3568 3890 3567 3925 3569 3873 3545 3908 3544 3926 3574 3906 3542 3900 3534 3926 3574 3911 3548 3915 3552 3926 3574 3900 3534 3911 3548 3926 3574 3915 3552 3906 3542 3927 3575 3918 3555 3917 3554 3927 3575 3922 3559 3884 3563 3927 3575 3919 3556 3918 3555 3927 3575 3920 3557 3919 3556 3927 3575 3884 3563 3885 3576 3927 3575 3921 3558 3920 3557 3927 3575 3885 3576 3886 3577 3927 3575 3886 3577 3887 3578 3927 3575 3887 3578 3888 3565 3927 3575 3923 3564 3921 3558 3927 3575 3888 3565 3923 3564 3927 3575 3917 3554 3922 3559 3933 3579 3938 3580 3937 3581 3933 3579 3937 3581 3934 3582 3932 3583 3938 3580 3933 3579 3931 3584 3939 3585 3938 3580 3931 3584 3938 3580 3932 3583 3936 3586 3940 3587 3939 3585 3936 3586 3935 3588 3940 3587 3930 3589 3936 3586 3939 3585 3930 3589 3939 3585 3931 3584 3929 3590 3936 3586 3930 3589 3928 3591 3936 3586 3929 3590 3948 3592 3949 3593 3950 3594 3947 3595 3948 3592 3950 3594 3946 3596 3947 3595 3950 3594 3941 3597 3946 3596 3950 3594 3958 3598 3945 3599 3944 3600 3958 3598 3952 3601 3953 3602 3958 3598 3953 3602 3954 3603 3958 3598 3954 3603 3955 3604 3958 3598 3955 3604 3956 3605 3958 3598 3956 3605 3957 3606 3958 3598 3957 3606 3945 3599 3959 3607 3952 3601 3958 3598 3959 3607 3958 3598 3944 3600 3960 3608 3944 3600 3943 3609 3960 3608 3951 3610 3952 3601 3960 3608 3952 3601 3959 3607 3960 3608 3959 3607 3944 3600 3961 3611 3960 3608 3943 3609 3961 3611 3951 3610 3960 3608 3962 3612 3943 3609 3942 3613 3962 3612 3950 3594 3951 3610 3962 3612 3961 3611 3943 3609 3962 3612 3951 3610 3961 3611 3963 3614 3942 3613 3941 3597 3963 3614 3950 3594 3962 3612 3963 3614 3962 3612 3942 3613 3963 3614 3941 3597 3950 3594 3988 3615 3982 3616 3983 3617 3988 3615 3983 3617 3984 3618 3981 3619 3982 3616 3988 3615 3998 3620 3986 3621 3985 3622 3997 3623 3986 3621 3998 3620 3996 3624 3986 3621 3997 3623 3973 3625 3974 3626 3975 3627 3972 3628 3973 3625 3975 3627 3999 3629 3978 3630 3979 3631 3999 3629 3979 3631 3980 3632 3999 3629 3980 3632 3981 3619 3999 3629 3987 3633 3986 3621 3999 3629 3988 3615 3987 3633 3999 3629 3994 3634 3993 3635 3999 3629 3995 3636 3994 3634 3999 3629 3996 3624 3995 3636 3999 3629 3981 3619 3988 3615 3999 3629 3986 3621 3996 3624 4000 3637 3975 3627 3976 3638 4000 3637 3991 3639 3990 3640 4001 3641 3977 3642 3978 3630 4001 3641 3993 3635 3992 3643 4001 3641 3978 3630 3999 3629 4001 3641 3999 3629 3993 3635 4002 3644 4000 3637 3976 3638 4002 3644 3976 3638 3977 3642 4002 3644 3992 3643 3991 3639 4002 3644 3991 3639 4000 3637 4002 3644 4001 3641 3992 3643 4002 3644 3977 3642 4001 3641 4003 3645 3975 3627 4000 3637 4003 3645 3970 3646 3971 3647 4003 3645 3971 3647 3972 3628 4003 3645 3990 3640 3989 3648 4003 3645 4000 3637 3990 3640 4003 3645 3972 3628 3975 3627 4004 3649 3964 3650 3965 3651 4004 3649 3965 3651 3966 3652 4004 3649 3966 3652 3967 3653 4004 3649 3967 3653 3968 3654 4004 3649 3968 3654 3969 3655 4004 3649 3969 3655 3970 3646 4004 3649 3989 3648 3964 3650 4004 3649 4003 3645 3989 3648 4004 3649 3970 3646 4003 3645 4008 3656 4012 3657 4011 3658 4008 3656 4013 3659 4012 3657 4008 3656 4014 3660 4013 3659 4008 3656 4015 3661 4014 3660 4008 3656 4016 3662 4015 3661 4008 3656 4017 3663 4016 3662 4008 3656 4018 3664 4017 3663 4008 3656 4019 3665 4018 3664 4008 3656 4009 3666 4019 3665 4007 3667 4008 3656 4029 3668 4028 3669 4007 3667 4029 3668 4006 3670 4007 3667 4028 3669 4027 3671 4006 3670 4028 3669 4005 3672 4006 3670 4027 3671 4026 3673 4005 3672 4027 3671 4046 3674 4005 3672 4026 3673 4025 3675 4046 3674 4026 3673 4045 3676 4046 3674 4025 3675 4044 3677 4045 3676 4025 3675 4024 3678 4044 3677 4025 3675 4043 3679 4024 3678 4023 3680 4043 3679 4044 3677 4024 3678 4042 3681 4043 3679 4023 3680 4022 3682 4042 3681 4023 3680 4041 3683 4042 3681 4022 3682 4040 3684 4041 3683 4022 3682 4040 3684 4022 3682 4021 3685 4030 3686 4021 3685 4020 3687 4031 3688 4021 3685 4030 3686 4032 3689 4021 3685 4031 3688 4033 3690 4021 3685 4032 3689 4034 3691 4040 3684 4021 3685 4034 3691 4021 3685 4033 3690 4035 3692 4040 3684 4034 3691 4036 3693 4040 3684 4035 3692 4037 3694 4040 3684 4036 3693 4038 3695 4040 3684 4037 3694 4039 3696 4040 3684 4038 3695 4010 3697 4008 3656 4011 3658 4010 3697 4029 3668 4008 3656 4062 3698 4073 3699 4072 3700 4062 3698 4063 3701 4073 3699 4086 3702 4065 3703 4064 3704 4051 3705 4052 3706 4053 3707 4051 3705 4053 3707 4054 3708 4074 3709 4048 3710 4075 3711 4047 3712 4048 3710 4074 3709 4087 3713 4059 3714 4060 3715 4087 3713 4081 3716 4080 3717 4087 3713 4082 3718 4081 3716 4088 3719 4056 3720 4057 3721 4088 3719 4057 3721 4058 3722 4088 3719 4058 3722 4059 3714 4088 3719 4059 3714 4087 3713 4088 3719 4077 3723 4076 3724 4088 3719 4078 3725 4077 3723 4088 3719 4079 3726 4078 3725 4088 3719 4080 3717 4079 3726 4088 3719 4087 3713 4080 3717 4089 3727 4048 3710 4049 3728 4089 3727 4049 3728 4050 3729 4089 3727 4050 3729 4051 3705 4089 3727 4054 3708 4055 3730 4089 3727 4055 3730 4056 3720 4089 3727 4075 3711 4048 3710 4089 3727 4076 3724 4075 3711 4089 3727 4088 3719 4076 3724 4089 3727 4056 3720 4088 3719 4089 3727 4051 3705 4054 3708 4090 3731 4070 3732 4069 3733 4091 3734 4066 3735 4065 3703 4091 3734 4067 3736 4066 3735 4091 3734 4090 3731 4069 3733 4091 3734 4068 3737 4067 3736 4091 3734 4069 3733 4068 3737 4091 3734 4086 3702 4085 3738 4091 3734 4085 3738 4090 3731 4091 3734 4065 3703 4086 3702 4092 3739 4090 3731 4085 3738 4093 3740 4092 3739 4085 3738 4093 3740 4085 3738 4084 3741 4094 3742 4061 3743 4093 3740 4094 3742 4060 3715 4061 3743 4094 3742 4087 3713 4060 3715 4095 3744 4070 3732 4090 3731 4095 3744 4071 3745 4070 3732 4095 3744 4072 3700 4071 3745 4095 3744 4062 3698 4072 3700 4096 3746 4093 3740 4061 3743 4096 3746 4090 3731 4092 3739 4096 3746 4061 3743 4062 3698 4096 3746 4095 3744 4090 3731 4096 3746 4062 3698 4095 3744 4096 3746 4092 3739 4093 3740 4097 3747 4093 3740 4084 3741 4097 3747 4083 3748 4082 3718 4097 3747 4084 3741 4083 3748 4097 3747 4094 3742 4093 3740 4097 3747 4082 3718 4087 3713 4097 3747 4087 3713 4094 3742 4100 3749 4103 3750 4102 3751 4100 3749 4104 3752 4103 3750 4100 3749 4105 3753 4104 3752 4100 3749 4106 3754 4105 3753 4100 3749 4101 3755 4106 3754 4109 3756 4100 3749 4102 3751 4099 3757 4100 3749 4109 3756 4113 3758 4109 3756 4108 3759 4113 3758 4099 3757 4109 3756 4114 3760 4098 3761 4099 3757 4114 3760 4108 3759 4107 3762 4114 3760 4107 3762 4110 3763 4114 3760 4110 3763 4111 3764 4114 3760 4111 3764 4112 3765 4114 3760 4112 3765 4098 3761 4114 3760 4113 3758 4108 3759 4114 3760 4099 3757 4113 3758 4121 3766 4119 3767 4120 3768 4122 3769 4118 3770 4119 3767 4122 3769 4119 3767 4121 3766 4123 3771 4117 3772 4118 3770 4123 3771 4118 3770 4122 3769 4126 3773 4115 3774 4116 3775 4126 3773 4116 3775 4117 3772 4126 3773 4117 3772 4123 3771 4124 3776 4126 3773 4123 3771 4125 3777 4126 3773 4124 3776 4130 3778 4137 3779 4131 3780 4129 3781 4137 3779 4130 3778 4152 3782 4136 3783 4135 3784 4153 3785 4133 3786 4132 3787 4153 3785 4128 3788 4133 3786 4154 3789 4132 3787 4131 3780 4154 3789 4137 3779 4136 3783 4154 3789 4155 3790 4153 3785 4154 3789 4153 3785 4132 3787 4154 3789 4152 3782 4155 3790 4154 3789 4136 3783 4152 3782 4154 3789 4131 3780 4137 3779 4156 3791 4135 3784 4134 3792 4157 3793 4158 3794 4127 3795 4159 3796 4160 3797 4152 3782 4159 3796 4152 3782 4135 3784 4161 3798 4127 3795 4158 3794 4162 3799 4163 3800 4158 3794 4164 3801 4163 3800 4162 3799 4165 3802 4163 3800 4164 3801 4166 3803 4163 3800 4165 3802 4167 3804 4163 3800 4166 3803 4167 3804 4168 3805 4163 3800 4167 3804 4169 3806 4170 3807 4167 3804 4170 3807 4168 3805 4167 3804 4171 3808 4169 3806 4167 3804 4172 3809 4171 3808 4167 3804 4173 3810 4172 3809 4167 3804 4174 3811 4173 3810 4167 3804 4175 3812 4174 3811 4176 3813 4158 3794 4157 3793 4176 3813 4162 3799 4158 3794 4176 3813 4164 3801 4162 3799 4177 3814 4164 3801 4176 3813 4177 3814 4165 3802 4164 3801 4177 3814 4166 3803 4165 3802 4177 3814 4167 3804 4166 3803 4177 3814 4175 3812 4167 3804 4177 3814 4156 3791 4175 3812 4178 3815 4127 3795 4128 3788 4178 3815 4179 3816 4157 3793 4178 3815 4153 3785 4155 3790 4178 3815 4128 3788 4153 3785 4178 3815 4152 3782 4160 3797 4178 3815 4155 3790 4152 3782 4178 3815 4157 3793 4127 3795 4178 3815 4160 3797 4179 3816 4180 3817 4161 3798 4181 3818 4180 3817 4181 3818 4182 3819 4183 3820 4144 3821 4145 3822 4183 3820 4180 3817 4182 3819 4184 3823 4144 3821 4183 3820 4184 3823 4183 3820 4182 3819 4185 3824 4184 3823 4182 3819 4185 3824 4144 3821 4184 3823 4186 3825 4144 3821 4185 3824 4186 3825 4143 3826 4144 3821 4186 3825 4185 3824 4182 3819 4187 3827 4186 3825 4182 3819 4188 3828 4181 3818 4161 3798 4188 3828 4158 3794 4163 3800 4188 3828 4161 3798 4158 3794 4188 3828 4182 3819 4181 3818 4189 3829 4188 3828 4163 3800 4189 3829 4182 3819 4188 3828 4190 3830 4163 3800 4168 3805 4190 3830 4189 3829 4163 3800 4190 3830 4182 3819 4189 3829 4191 3831 4182 3819 4190 3830 4191 3831 4190 3830 4168 3805 4191 3831 4168 3805 4170 3807 4192 3832 4170 3807 4169 3806 4192 3832 4187 3827 4182 3819 4192 3832 4191 3831 4170 3807 4192 3832 4182 3819 4191 3831 4192 3832 4169 3806 4171 3808 4192 3832 4171 3808 4172 3809 4192 3832 4172 3809 4173 3810 4192 3832 4173 3810 4174 3811 4192 3832 4174 3811 4175 3812 4192 3832 4175 3812 4156 3791 4193 3833 4157 3793 4179 3816 4193 3833 4179 3816 4194 3834 4193 3833 4194 3834 4195 3835 4196 3836 4156 3791 4177 3814 4196 3836 4135 3784 4156 3791 4197 3837 4194 3834 4179 3816 4197 3837 4160 3797 4159 3796 4197 3837 4179 3816 4160 3797 4198 3838 4195 3835 4194 3834 4198 3838 4196 3836 4195 3835 4198 3838 4135 3784 4196 3836 4198 3838 4197 3837 4159 3796 4198 3838 4194 3834 4197 3837 4198 3838 4159 3796 4135 3784 4199 3839 4148 3840 4149 3841 4199 3839 4149 3841 4150 3842 4199 3839 4150 3842 4151 3843 4199 3839 4151 3843 4127 3795 4199 3839 4127 3795 4161 3798 4199 3839 4161 3798 4180 3817 4200 3844 4199 3839 4180 3817 4200 3844 4148 3840 4199 3839 4201 3845 4145 3822 4146 3846 4201 3845 4146 3846 4147 3847 4201 3845 4147 3847 4148 3840 4201 3845 4183 3820 4145 3822 4201 3845 4200 3844 4180 3817 4201 3845 4180 3817 4183 3820 4201 3845 4148 3840 4200 3844 4202 3848 4134 3792 4138 3849 4202 3848 4138 3849 4139 3850 4202 3848 4139 3850 4140 3851 4202 3848 4140 3851 4141 3852 4202 3848 4141 3852 4142 3853 4202 3848 4142 3853 4143 3826 4202 3848 4156 3791 4134 3792 4202 3848 4143 3826 4186 3825 4202 3848 4186 3825 4187 3827 4202 3848 4192 3832 4156 3791 4202 3848 4187 3827 4192 3832 4203 3854 4196 3836 4177 3814 4203 3854 4193 3833 4195 3835 4203 3854 4195 3835 4196 3836 4204 3855 4193 3833 4203 3854 4204 3855 4177 3814 4176 3813 4204 3855 4157 3793 4193 3833 4204 3855 4203 3854 4177 3814 4204 3855 4176 3813 4157 3793 4242 3856 4206 3857 4205 3858 4242 3856 4205 3858 4224 3859 4241 3860 4224 3859 4223 3861 4241 3860 4242 3856 4224 3859 4240 3862 4222 3863 4221 3864 4240 3862 4223 3861 4222 3863 4240 3862 4241 3860 4223 3861 4239 3865 4221 3864 4220 3866 4239 3865 4240 3862 4221 3864 4238 3867 4239 3865 4220 3866 4237 3868 4220 3866 4219 3869 4237 3868 4238 3867 4220 3866 4236 3870 4219 3869 4218 3871 4236 3870 4237 3868 4219 3869 4235 3872 4218 3871 4217 3873 4235 3872 4236 3870 4218 3871 4234 1705 4216 1705 4215 3874 4234 1705 4217 3873 4216 1705 4234 1705 4235 3872 4217 3873 4233 3875 4234 1705 4215 3874 4232 1676 4214 3876 4213 3877 4232 1676 4215 3874 4214 3876 4232 1676 4233 3875 4215 3874 4231 3878 4232 1676 4213 3877 4230 3879 4212 3880 4211 3881 4230 3879 4213 3877 4212 3880 4230 3879 4231 3878 4213 3877 4229 3882 4230 3879 4211 3881 4228 3883 4210 3884 4209 3885 4228 3883 4211 3881 4210 3884 4228 3883 4229 3882 4211 3881 4227 3886 4209 3885 4208 3887 4227 3886 4228 3883 4209 3885 4226 3888 4227 3886 4208 3887 4225 3889 4208 3887 4207 3890 4225 3889 4226 3888 4208 3887 4259 3891 4258 3892 4257 3893 4256 3894 4260 3895 4259 3891 4256 3894 4261 3896 4260 3895 4256 3894 4262 3897 4261 3896 4256 3894 4259 3891 4257 3893 4263 3898 4262 3897 4256 3894 4255 3899 4264 3900 4263 3898 4255 3899 4265 3901 4264 3900 4255 3899 4263 3898 4256 3894 4254 3902 4266 3903 4265 3901 4254 3902 4265 3901 4255 3899 4253 3904 4267 3905 4266 3903 4253 3904 4266 3903 4254 3902 4252 3906 4267 3905 4253 3904 4251 3907 4267 3905 4252 3906 4250 3908 4267 3905 4251 3907 4249 3909 4267 3905 4250 3908 4248 3910 4267 3905 4249 3909 4247 3911 4267 3905 4248 3910 4246 3912 4268 3913 4267 3905 4246 3912 4267 3905 4247 3911 4245 3914 4269 3915 4268 3913 4245 3914 4268 3913 4246 3912 4270 3916 4269 3915 4245 3914 4244 3917 4271 3918 4270 3916 4244 3917 4272 3919 4271 3918 4244 3917 4273 3920 4272 3919 4244 3917 4270 3916 4245 3914 4274 3921 4273 3920 4244 3917 4243 3922 4275 3923 4274 3921 4243 3922 4276 3924 4275 3923 4243 3922 4274 3921 4244 3917 4280 3925 4279 3925 4278 3925 4281 3926 4280 3926 4278 3926 4278 3927 4277 3927 4281 3927 4286 3928 4282 3928 4284 3928 4285 3929 4282 3929 4286 3929 4283 3930 4282 3930 4285 3930 4289 3931 4287 3932 4288 3933 4321 3934 4290 3935 4289 3931 4321 3934 4291 3936 4290 3935 4321 3934 4289 3931 4288 3933 4320 3937 4292 3938 4291 3936 4320 3937 4293 3939 4292 3938 4320 3937 4291 3936 4321 3934 4294 3940 4293 3939 4320 3937 4319 3941 4295 3942 4294 3940 4319 3941 4296 3943 4295 3942 4319 3941 4294 3940 4320 3937 4318 3944 4297 3945 4296 3943 4318 3944 4296 3943 4319 3941 4317 3946 4297 3945 4318 3944 4316 3947 4297 3945 4317 3946 4315 3948 4297 3945 4316 3947 4314 3949 4297 3945 4315 3948 4313 3950 4297 3945 4314 3949 4312 3951 4297 3945 4313 3950 4311 3952 4297 3945 4312 3951 4310 3953 4298 3954 4297 3945 4310 3953 4297 3945 4311 3952 4309 3955 4299 3956 4298 3954 4309 3955 4300 3957 4299 3956 4309 3955 4298 3954 4310 3953 4308 3958 4301 3959 4300 3957 4308 3958 4302 3960 4301 3959 4308 3958 4303 3961 4302 3960 4308 3958 4300 3957 4309 3955 4304 3962 4303 3961 4308 3958 4307 3963 4304 3962 4308 3958 4307 3963 4305 3964 4304 3962 4307 3963 4306 3965 4305 3964 4326 3966 4322 3966 4324 3966 4325 3967 4322 3967 4326 3967 4323 3968 4322 3968 4325 3968 4330 3969 4329 3969 4328 3969 4331 3970 4330 3970 4328 3970 4328 3971 4327 3971 4331 3971 4336 3972 4341 3973 4337 3974 4342 3975 4335 3976 4334 3977 4343 3978 4338 3979 4339 3980 4343 3978 4339 3980 4340 3981 4343 3978 4340 3981 4341 3973 4343 3978 4341 3973 4336 3972 4344 3982 4333 3983 4332 3984 4344 3982 4334 3977 4333 3983 4344 3982 4336 3972 4335 3976 4344 3982 4332 3984 4338 3979 4344 3982 4338 3979 4343 3978 4344 3982 4343 3978 4336 3972 4344 3982 4335 3976 4342 3975 4344 3982 4342 3975 4334 3977 4352 3985 4346 3985 4345 3985 4350 59 4351 59 4352 59 4350 59 4352 59 4345 59 4352 59 4349 59 4348 59 4352 59 4348 59 4347 59 4352 3986 4347 3986 4346 3986 4354 3987 4353 3988 4364 3989 4373 3990 4363 3991 4362 3992 4373 3990 4364 3989 4363 3991 4373 3990 4354 3987 4364 3989 4372 3993 4361 3994 4360 3995 4372 3993 4362 3992 4361 3994 4372 3993 4373 3990 4362 3992 4371 3996 4360 3995 4359 3997 4371 3996 4372 3993 4360 3995 4370 3998 4359 3997 4358 3999 4370 3998 4371 3996 4359 3997 4369 4000 4358 3999 4357 4001 4369 4000 4370 3998 4358 3999 4368 4002 4357 4001 4356 4003 4368 4002 4369 4000 4357 4001 4367 4004 4368 4002 4356 4003 4366 4005 4356 4003 4355 4006 4366 4005 4367 4004 4356 4003 4365 4007 4366 4005 4355 4006 4375 889 4377 889 4376 889 4375 889 4378 889 4377 889 4375 889 4379 889 4378 889 4375 889 4374 889 4379 889 4389 4008 4380 4008 4381 4008 4389 4009 4381 4009 4382 4009 4389 4010 4382 4010 4383 4010 4389 4011 4383 4011 4384 4011 4389 4012 4384 4012 4385 4012 4389 4013 4385 4013 4386 4013 4389 1593 4386 1593 4387 1593 4389 1593 4387 1593 4388 1593 4390 4014 4380 4014 4389 4014 4411 1593 4380 1593 4390 1593 4391 4015 4412 4015 4411 4015 4392 4016 4413 4016 4412 4016 4392 1593 4412 1593 4391 1593 4393 4017 4413 4017 4392 4017 4394 1593 4413 1593 4393 1593 4395 1593 4413 1593 4394 1593 4396 1593 4413 1593 4395 1593 4397 1593 4413 1593 4396 1593 4398 1593 4413 1593 4397 1593 4414 1593 4413 1593 4398 1593 4410 1593 4414 1593 4398 1593 4405 4018 4404 4018 4403 4018 4406 4019 4403 4019 4402 4019 4406 1593 4405 1593 4403 1593 4408 4020 4407 4020 4406 4020 4408 1593 4406 1593 4402 1593 4400 4021 4408 4021 4402 4021 4400 4022 4402 4022 4401 4022 4400 1593 4409 1593 4408 1593 4399 4023 4400 4023 4401 4023 4399 1593 4401 1593 4410 1593 4399 1593 4410 1593 4398 1593 4390 1593 4391 1593 4411 1593 4416 889 4418 889 4417 889 4419 889 4418 889 4416 889 4420 4024 4419 4024 4416 4024 4416 4025 4415 4025 4420 4025 4435 4026 4422 4027 4421 4028 4435 4026 4433 4029 4432 4030 4435 4026 4421 4028 4433 4029 4436 4031 4435 4026 4432 4030 4437 4032 4432 4030 4431 4033 4437 4032 4436 4031 4432 4030 4438 4034 4431 4033 4430 4035 4438 4034 4437 4032 4431 4033 4439 4036 4438 4034 4430 4035 4440 4037 4429 4038 4428 4039 4440 4037 4430 4035 4429 4038 4440 4037 4439 4036 4430 4035 4441 4040 4427 4041 4426 4042 4441 4040 4428 4039 4427 4041 4441 4040 4440 4037 4428 4039 4442 4043 4425 4044 4424 4045 4442 4043 4426 4042 4425 4044 4442 4043 4441 4040 4426 4042 4434 4046 4424 4045 4423 4047 4434 4046 4442 4043 4424 4045 4446 1705 4447 1705 4443 1705 4445 1705 4446 1705 4443 1705 4449 1705 4443 1705 4447 1705 4444 1705 4443 1705 4448 1705 4448 4048 4443 4048 4449 4048 4452 4049 4456 4050 4450 4051 4460 4052 4455 4053 4454 4054 4460 4052 4456 4050 4455 4053 4460 4052 4450 4051 4456 4050 4461 4055 4454 4054 4453 4056 4461 4055 4457 4057 4451 4058 4461 4055 4458 4059 4457 4057 4461 4055 4459 4060 4458 4059 4461 4055 4453 4056 4459 4060 4462 4061 4451 4058 4450 4051 4462 4061 4461 4055 4451 4058 4462 4061 4454 4054 4461 4055 4462 4061 4450 4051 4460 4052 4462 4061 4460 4052 4454 4054 4525 4062 4470 4062 4471 4062 4524 4062 4470 4062 4525 4062 4469 4063 4470 4063 4524 4063 4526 4062 4471 4062 4472 4062 4526 4064 4525 4064 4471 4064 4523 4062 4469 4062 4524 4062 4468 4065 4469 4065 4523 4065 4522 4066 4468 4066 4523 4066 4527 4062 4472 4062 4473 4062 4527 4067 4526 4067 4472 4067 4467 4068 4468 4068 4522 4068 4528 4069 4527 4069 4473 4069 4521 4062 4467 4062 4522 4062 4474 4062 4528 4062 4473 4062 4466 4070 4467 4070 4521 4070 4465 4062 4466 4062 4521 4062 4529 4071 4528 4071 4474 4071 4464 4062 4465 4062 4521 4062 4475 4062 4529 4062 4474 4062 4530 4072 4529 4072 4475 4072 4520 4073 4463 4073 4464 4073 4520 4062 4502 4062 4463 4062 4476 4062 4530 4062 4475 4062 4501 4062 4502 4062 4520 4062 4531 4074 4530 4074 4476 4074 4519 4075 4501 4075 4520 4075 4477 4076 4531 4076 4476 4076 4500 4077 4501 4077 4519 4077 4532 4078 4531 4078 4477 4078 4518 4079 4500 4079 4519 4079 4478 4062 4532 4062 4477 4062 4499 4080 4500 4080 4518 4080 4533 4081 4532 4081 4478 4081 4517 4082 4499 4082 4518 4082 4479 4083 4533 4083 4478 4083 4498 4062 4499 4062 4517 4062 4534 4084 4533 4084 4479 4084 4516 4085 4498 4085 4517 4085 4480 4062 4534 4062 4479 4062 4497 4062 4498 4062 4516 4062 4535 4086 4534 4086 4480 4086 4515 4087 4497 4087 4516 4087 4481 4062 4535 4062 4480 4062 4496 4062 4497 4062 4515 4062 4536 4088 4535 4088 4481 4088 4514 4062 4496 4062 4515 4062 4482 4062 4536 4062 4481 4062 4495 4089 4496 4089 4514 4089 4537 4090 4536 4090 4482 4090 4513 4091 4495 4091 4514 4091 4483 4062 4537 4062 4482 4062 4494 4062 4495 4062 4513 4062 4503 4092 4537 4092 4483 4092 4512 4093 4494 4093 4513 4093 4484 4062 4503 4062 4483 4062 4493 4094 4494 4094 4512 4094 4511 4095 4493 4095 4512 4095 4485 4096 4504 4096 4503 4096 4485 4062 4503 4062 4484 4062 4492 4062 4493 4062 4511 4062 4510 4097 4492 4097 4511 4097 4486 4062 4505 4062 4504 4062 4486 4098 4504 4098 4485 4098 4491 4062 4492 4062 4510 4062 4509 4078 4491 4078 4510 4078 4487 4099 4505 4099 4486 4099 4487 4062 4506 4062 4505 4062 4490 4062 4491 4062 4509 4062 4508 4100 4490 4100 4509 4100 4488 4101 4506 4101 4487 4101 4488 4062 4507 4062 4506 4062 4489 4062 4490 4062 4508 4062 4489 4102 4507 4102 4488 4102 4489 4062 4508 4062 4507 4062 4540 4103 4539 4103 4538 4103 4540 4104 4541 4104 4539 4104 4544 4105 4543 4105 4542 4105 4544 4106 4545 4106 4543 4106 4546 4107 4549 4107 4547 4107 4548 4108 4549 4108 4546 4108 4550 4109 4553 4109 4551 4109 4552 4110 4553 4110 4550 4110 4554 4111 4557 4111 4555 4111 4556 4112 4557 4112 4554 4112 4560 4113 4559 4113 4558 4113 4560 4114 4561 4114 4559 4114 4562 1705 4565 1705 4563 1705 4564 1705 4565 1705 4562 1705 4566 4062 4568 4062 4569 4062 4566 4062 4569 4062 4567 4062 4572 59 4571 59 4570 59 4572 59 4573 59 4571 59 4575 889 4574 889 4576 889 4577 889 4575 889 4576 889 4578 1705 4581 1705 4579 1705 4580 1705 4581 1705 4578 1705 4582 4062 4584 4062 4585 4062 4582 4062 4585 4062 4583 4062 4588 59 4587 59 4586 59 4588 59 4589 59 4587 59 4591 889 4590 889 4592 889 4593 889 4591 889 4592 889 4596 59 4595 59 4594 59 4596 59 4597 59 4595 59 4599 889 4598 889 4600 889 4601 889 4599 889 4600 889 4604 1705 4603 1705 4602 1705 4604 1705 4605 1705 4603 1705 4606 4062 4608 4062 4609 4062 4606 4062 4609 4062 4607 4062 4611 4115 4610 4116 4612 4117 4633 4118 4612 4117 4613 4119 4633 4118 4611 4115 4612 4117 4634 4120 4613 4119 4614 4121 4634 4120 4633 4118 4613 4119 4635 4122 4614 4121 4615 4123 4635 4122 4634 4120 4614 4121 4636 4124 4615 4123 4616 4125 4636 4124 4635 4122 4615 4123 4637 4126 4616 4125 4617 4127 4637 4126 4636 4124 4616 4125 4638 4128 4617 4127 4618 4129 4638 4128 4637 4126 4617 4127 4639 4130 4618 4129 4619 4131 4639 4130 4638 4128 4618 4129 4640 4132 4639 4130 4619 4131 4621 4133 4619 4131 4620 4134 4621 4133 4640 4132 4619 4131 4641 4135 4640 4132 4621 4133 4622 4136 4641 4135 4621 4133 4642 4137 4641 4135 4622 4136 4623 4138 4642 4137 4622 4136 4643 4139 4642 4137 4623 4138 4624 4140 4643 4139 4623 4138 4644 4141 4643 4139 4624 4140 4625 4142 4644 4141 4624 4140 4645 4143 4644 4141 4625 4142 4626 4144 4645 4143 4625 4142 4646 4145 4645 4143 4626 4144 4627 4146 4646 4145 4626 4144 4647 4147 4646 4145 4627 4146 4647 4147 4627 4146 4628 4148 4648 4149 4647 4147 4628 4148 4648 4149 4628 4148 4629 4150 4649 4151 4648 4149 4629 4150 4649 4151 4629 4150 4630 4152 4632 4153 4649 4151 4630 4152 4632 4153 4630 4152 4631 4154 4651 4062 4652 4062 4653 4062 4654 4062 4655 4062 4650 4062 4653 4155 4654 4155 4651 4155 4651 4062 4654 4062 4650 4062 4657 4156 4656 4157 4663 4158 4657 4156 4663 4158 4662 4159 4657 4156 4662 4159 4661 4160 4657 4156 4661 4160 4660 4161 4657 4156 4660 4161 4659 4162 4657 4156 4659 4162 4658 4163 4685 4164 4665 4165 4664 4166 4685 4164 4664 4166 4666 4167 4686 4168 4666 4167 4667 4169 4686 4168 4685 4164 4666 4167 4687 4170 4667 4169 4668 4171 4687 4170 4686 4168 4667 4169 4688 4172 4668 4171 4669 4173 4688 4172 4687 4170 4668 4171 4689 4174 4669 4173 4670 4175 4689 4174 4688 4172 4669 4173 4690 4176 4670 4175 4671 4177 4690 4176 4689 4174 4670 4175 4691 4178 4671 4177 4672 4179 4691 4178 4690 4176 4671 4177 4692 4180 4672 4179 4673 4181 4692 4180 4691 4178 4672 4179 4693 4182 4673 4181 4674 4183 4693 4182 4674 4183 4675 4184 4693 4182 4692 4180 4673 4181 4694 4185 4675 4184 4676 4186 4694 4185 4693 4182 4675 4184 4695 4187 4694 4185 4676 4186 4696 4188 4676 4186 4677 4189 4696 4188 4677 4189 4678 4190 4696 4188 4695 4187 4676 4186 4697 4191 4696 4188 4678 4190 4698 4192 4678 4190 4679 4193 4698 4192 4697 4191 4678 4190 4699 4194 4698 4192 4679 4193 4699 4194 4679 4193 4680 4195 4700 4196 4699 4194 4680 4195 4700 4196 4680 4195 4681 4197 4701 4198 4700 4196 4681 4197 4701 4198 4681 4197 4682 4199 4701 4198 4682 4199 4683 4200 4684 4201 4701 4198 4683 4200 4725 4202 4727 4202 4726 4202 4724 1722 4727 1722 4725 1722 4723 4203 4721 4203 4727 4203 4723 4204 4727 4204 4724 4204 4722 4205 4721 4205 4723 4205 4797 1722 4722 1722 4796 1722 4798 1722 4722 1722 4797 1722 4795 1722 4796 1722 4722 1722 4769 4206 4721 4206 4722 4206 4769 1722 4722 1722 4798 1722 4794 1722 4795 1722 4722 1722 4793 1722 4794 1722 4722 1722 4792 1722 4793 1722 4722 1722 4770 1722 4721 1722 4769 1722 4851 4207 4785 4207 4786 4207 4851 4208 4786 4208 4787 4208 4851 4209 4787 4209 4788 4209 4851 4210 4788 4210 4789 4210 4851 4211 4792 4211 4722 4211 4851 4212 4789 4212 4790 4212 4851 4213 4790 4213 4791 4213 4851 4214 4791 4214 4792 4214 4853 1722 4785 1722 4851 1722 4784 1722 4785 1722 4853 1722 4846 1722 4771 1722 4772 1722 4847 4215 4846 4215 4772 4215 4847 1722 4772 1722 4773 1722 4845 4216 4771 4216 4846 4216 4845 4217 4770 4217 4771 4217 4848 4218 4847 4218 4773 4218 4848 1722 4773 1722 4774 1722 4844 4219 4770 4219 4845 4219 4844 1722 4721 1722 4770 1722 4849 1722 4848 1722 4774 1722 4849 1722 4774 1722 4775 1722 4843 1722 4721 1722 4844 1722 4850 1722 4849 1722 4775 1722 4850 1722 4775 1722 4776 1722 4832 4220 4850 4220 4776 4220 4832 4221 4776 4221 4777 4221 4833 4222 4832 4222 4777 4222 4833 1722 4777 1722 4778 1722 4808 4223 4784 4223 4853 4223 4808 4224 4779 4224 4780 4224 4808 4225 4780 4225 4781 4225 4808 1722 4781 1722 4782 1722 4808 4226 4782 4226 4783 4226 4808 4227 4783 4227 4784 4227 4715 4228 4811 4228 4812 4228 4715 4229 4842 4229 4811 4229 4715 4230 4843 4230 4842 4230 4715 1722 4721 1722 4843 1722 4834 1722 4779 1722 4808 1722 4834 1722 4833 1722 4778 1722 4834 4231 4778 4231 4779 4231 4813 4232 4715 4232 4812 4232 4718 4233 4717 4233 4716 4233 4719 1722 4718 1722 4716 1722 4720 4234 4716 4234 4715 4234 4720 4235 4719 4235 4716 4235 4714 4236 4720 4236 4715 4236 4835 4237 4834 4237 4808 4237 4814 1722 4715 1722 4813 1722 4814 4238 4714 4238 4715 4238 4854 4239 4808 4239 4853 4239 4836 1722 4835 1722 4808 1722 4728 4240 4851 4240 4722 4240 4728 4241 4852 4241 4851 4241 4815 1722 4714 1722 4814 1722 4734 4242 4736 4242 4735 4242 4734 4243 4737 4243 4736 4243 4734 1722 4728 1722 4737 1722 4732 1722 4728 1722 4734 1722 4732 4244 4734 4244 4733 4244 4731 1722 4728 1722 4732 1722 4837 1722 4836 1722 4808 1722 4816 1722 4714 1722 4815 1722 4729 4245 4728 4245 4731 4245 4729 1722 4731 1722 4730 1722 4702 1722 4728 1722 4729 1722 4838 1722 4837 1722 4808 1722 4817 1722 4714 1722 4816 1722 4839 1722 4838 1722 4808 1722 4818 1722 4714 1722 4817 1722 4749 1722 4750 1722 4852 1722 4748 1722 4749 1722 4852 1722 4751 4246 4852 4246 4750 4246 4747 1722 4748 1722 4852 1722 4856 1722 4852 1722 4751 1722 4856 4247 4751 4247 4752 4247 4819 1722 4714 1722 4818 1722 4753 4248 4856 4248 4752 4248 4746 1722 4747 1722 4852 1722 4746 4249 4852 4249 4728 4249 4745 1722 4746 1722 4728 1722 4754 1722 4856 1722 4753 1722 4744 4250 4728 4250 4702 4250 4744 1722 4745 1722 4728 1722 4755 1722 4856 1722 4754 1722 4820 1722 4714 1722 4819 1722 4743 1722 4744 1722 4702 1722 4756 4251 4856 4251 4755 4251 4742 1722 4743 1722 4702 1722 4757 4252 4856 4252 4756 4252 4821 4253 4714 4253 4820 4253 4741 4254 4742 4254 4702 4254 4740 1722 4741 1722 4702 1722 4739 1722 4740 1722 4702 1722 4738 1722 4739 1722 4702 1722 4806 1722 4855 1722 4856 1722 4806 4255 4757 4255 4758 4255 4806 4256 4758 4256 4759 4256 4806 4257 4759 4257 4760 4257 4806 4258 4760 4258 4761 4258 4806 4259 4856 4259 4757 4259 4805 1722 4761 1722 4762 1722 4805 4260 4762 4260 4763 4260 4805 4261 4763 4261 4764 4261 4805 4262 4764 4262 4765 4262 4805 4263 4765 4263 4766 4263 4805 1722 4766 1722 4767 1722 4805 4264 4767 4264 4768 4264 4805 4265 4768 4265 4738 4265 4805 4266 4806 4266 4761 4266 4809 4267 4821 4267 4822 4267 4809 4268 4822 4268 4823 4268 4809 4269 4823 4269 4824 4269 4809 4270 4824 4270 4825 4270 4809 4271 4825 4271 4826 4271 4809 4272 4826 4272 4827 4272 4809 4273 4827 4273 4828 4273 4809 4274 4828 4274 4829 4274 4809 4275 4829 4275 4830 4275 4809 4276 4714 4276 4821 4276 4803 4277 4807 4277 4855 4277 4803 1722 4855 1722 4806 1722 4804 1722 4805 1722 4738 1722 4804 1722 4802 1722 4803 1722 4801 1722 4802 1722 4804 1722 4799 1722 4810 1722 4802 1722 4704 4278 4810 4278 4799 4278 4704 1722 4799 1722 4800 1722 4703 1722 4738 1722 4702 1722 4703 4279 4804 4279 4738 4279 4703 1722 4801 1722 4804 1722 4703 4280 4704 4280 4800 4280 4703 1722 4800 1722 4801 1722 4705 4281 4704 4281 4703 4281 4712 1722 4703 1722 4713 1722 4710 1722 4712 1722 4711 1722 4708 4282 4706 4282 4705 4282 4708 4283 4707 4283 4706 4283 4708 4284 4705 4284 4703 4284 4709 4285 4703 4285 4712 4285 4709 4286 4712 4286 4710 4286 4709 1722 4708 1722 4703 1722 4704 4287 4714 4287 4809 4287 4704 4288 4809 4288 4810 4288 4807 4289 4808 4289 4854 4289 4808 1722 4809 1722 4831 1722 4831 1722 4809 1722 4830 1722 4808 4290 4831 4290 4841 4290 4808 4291 4841 4291 4840 4291 4808 4292 4840 4292 4839 4292 4810 1722 4807 1722 4803 1722 4810 1722 4803 1722 4802 1722 4854 4293 4855 4293 4807 4293 4862 4294 4859 4294 4860 4294 4862 4295 4861 4295 4859 4295 4858 1722 4861 1722 4863 1722 4858 1722 4859 1722 4861 1722 4864 1722 4862 1722 4860 1722 4864 4296 4858 4296 4863 4296 4857 1722 4864 1722 4860 1722 4857 1722 4858 1722 4864 1722 4870 4294 4867 4294 4868 4294 4870 4295 4869 4295 4867 4295 4866 1722 4869 1722 4871 1722 4866 1722 4867 1722 4869 1722 4872 1722 4870 1722 4868 1722 4872 4296 4866 4296 4871 4296 4865 1722 4872 1722 4868 1722 4865 1722 4866 1722 4872 1722 4881 1593 4883 1593 4875 1593 4882 1593 4883 1593 4881 1593 4884 1593 4875 1593 4883 1593 4876 4297 4881 4297 4875 4297 4880 1593 4881 1593 4876 1593 4878 1593 4884 1593 4877 1593 4892 1593 4884 1593 4878 1593 4890 1593 4892 1593 4878 1593 4891 1593 4892 1593 4890 1593 4879 1593 4880 1593 4876 1593 4889 1593 4878 1593 4879 1593 4889 1593 4890 1593 4878 1593 4873 1593 4892 1593 4885 1593 4887 1593 4885 1593 4886 1593 4887 1593 4873 1593 4885 1593 4874 1593 4887 1593 4888 1593 4874 1593 4888 1593 4889 1593 4874 4298 4873 4298 4887 4298 4873 1593 4875 1593 4892 1593 4892 1593 4875 1593 4884 1593 4876 1593 4874 1593 4879 1593 4879 1593 4874 1593 4889 1593 4894 4299 4904 4300 4893 4301 4894 4299 4905 4302 4904 4300 4895 4303 4906 4304 4905 4302 4895 4303 4905 4302 4894 4299 4896 4305 4907 4306 4906 4304 4896 4305 4906 4304 4895 4303 4897 4307 4908 4308 4907 4306 4897 4307 4907 4306 4896 4305 4898 4309 4909 4310 4908 4308 4898 4309 4908 4308 4897 4307 4899 4311 4910 4312 4909 4310 4899 4311 4909 4310 4898 4309 4900 4313 4911 4314 4910 4312 4900 4313 4910 4312 4899 4311 4901 4315 4912 4316 4911 4314 4901 4315 4911 4314 4900 4313 4902 4317 4913 4318 4912 4316 4902 4317 4912 4316 4901 4315 4903 4319 4914 4320 4913 4318 4903 4319 4913 4318 4902 4317 4952 4321 4936 4321 4935 4321 4937 1722 4936 1722 4952 1722 4951 4322 4937 4322 4952 4322 4938 1722 4937 1722 4951 1722 4950 4323 4938 4323 4951 4323 4939 1722 4938 1722 4950 1722 4949 4324 4939 4324 4950 4324 4940 4325 4939 4325 4949 4325 4948 4326 4940 4326 4949 4326 4941 4327 4940 4327 4948 4327 4947 1722 4941 1722 4948 1722 4942 4328 4941 4328 4947 4328 4946 4329 4942 4329 4947 4329 4943 4330 4942 4330 4946 4330 4945 4331 4943 4331 4946 4331 4944 4332 4943 4332 4945 4332 4924 4333 4944 4333 4945 4333 4925 1722 4944 1722 4924 1722 4934 4334 4916 4334 4915 4334 4926 4335 4924 4335 4923 4335 4926 1722 4925 1722 4924 1722 4933 1722 4917 1722 4916 1722 4933 4336 4916 4336 4934 4336 4927 4337 4923 4337 4922 4337 4927 4338 4926 4338 4923 4338 4932 1722 4918 1722 4917 1722 4932 1722 4917 1722 4933 1722 4928 4339 4922 4339 4921 4339 4928 4340 4927 4340 4922 4340 4931 1722 4919 1722 4918 1722 4931 1722 4918 1722 4932 1722 4929 1722 4921 1722 4920 1722 4929 4341 4928 4341 4921 4341 4930 1722 4929 1722 4920 1722 4930 1722 4920 1722 4919 1722 4930 1722 4919 1722 4931 1722 5015 4342 4986 4342 4985 4342 5014 889 4987 889 4986 889 5014 4343 4986 4343 5015 4343 5016 4344 4985 4344 4984 4344 5016 889 5015 889 4985 889 5013 889 4988 889 4987 889 5013 4345 4987 4345 5014 4345 5017 4346 4984 4346 4983 4346 5017 889 5016 889 4984 889 5012 4347 4989 4347 4988 4347 5012 889 4988 889 5013 889 5018 4348 4983 4348 4982 4348 5018 889 5017 889 4983 889 5011 4349 4989 4349 5012 4349 5011 4350 4990 4350 4989 4350 5019 889 5018 889 4982 889 5019 4351 4982 4351 4981 4351 5010 889 4956 889 4955 889 5010 4352 4990 4352 5011 4352 5010 889 4955 889 4990 889 5020 889 5019 889 4981 889 5009 889 4956 889 5010 889 4980 889 5020 889 4981 889 4957 4353 4956 4353 5009 4353 5021 889 5020 889 4980 889 5008 889 4957 889 5009 889 4979 889 5021 889 4980 889 4958 4354 4957 4354 5008 4354 5022 4355 5021 4355 4979 4355 5007 889 4958 889 5008 889 4978 889 5022 889 4979 889 4959 4356 4958 4356 5007 4356 5023 4357 5022 4357 4978 4357 5006 889 4959 889 5007 889 4977 889 5023 889 4978 889 4977 889 5024 889 5023 889 4960 889 4959 889 5006 889 4960 4358 5006 4358 5005 4358 4976 4359 5024 4359 4977 4359 4976 4360 5025 4360 5024 4360 4961 4361 5005 4361 5004 4361 4961 889 4960 889 5005 889 4975 889 5025 889 4976 889 4975 4362 5026 4362 5025 4362 4962 4363 5004 4363 5003 4363 4962 889 4961 889 5004 889 4974 4364 5026 4364 4975 4364 4974 889 5027 889 5026 889 4963 4365 5003 4365 5002 4365 4963 889 4962 889 5003 889 4991 889 4992 889 5027 889 4991 889 5027 889 4974 889 4973 889 4991 889 4974 889 4964 889 5002 889 5001 889 4964 889 4963 889 5002 889 4954 889 4993 889 4992 889 4954 4366 4992 4366 4991 4366 4965 889 5001 889 5000 889 4965 889 4964 889 5001 889 4972 889 4954 889 4953 889 4972 889 4994 889 4993 889 4972 889 4993 889 4954 889 4966 889 4965 889 5000 889 4966 4367 5000 4367 4999 4367 4971 889 4994 889 4972 889 4971 889 4995 889 4994 889 4967 889 4966 889 4999 889 4967 889 4999 889 4998 889 4970 4368 4995 4368 4971 4368 4970 4369 4996 4369 4995 4369 4968 889 4967 889 4998 889 4968 4370 4998 4370 4997 4370 4969 4371 4996 4371 4970 4371 4969 889 4968 889 4997 889 4969 889 4997 889 4996 889 5028 4372 5036 4373 5035 4374 5029 4375 5037 4376 5036 4373 5029 4375 5036 4373 5028 4372 5030 4377 5038 4378 5037 4376 5030 4377 5037 4376 5029 4375 5031 4379 5039 4380 5038 4378 5031 4379 5038 4378 5030 4377 5032 4381 5040 4382 5039 4380 5032 4381 5039 4380 5031 4379 5033 4383 5041 4384 5040 4382 5033 4383 5040 4382 5032 4381 5034 4385 5041 4384 5033 4383 5042 4062 5044 4062 5045 4062 5042 4062 5045 4062 5043 4062 5075 4386 5060 4387 5061 4388 5075 4386 5061 4388 5062 4389 5074 4390 5059 4391 5060 4387 5074 4390 5060 4387 5075 4386 5073 4392 5058 4393 5059 4391 5073 4392 5059 4391 5074 4390 5072 4394 5057 4395 5058 4393 5072 4394 5058 4393 5073 4392 5071 4396 5056 4397 5057 4395 5071 4396 5057 4395 5072 4394 5070 4398 5055 4399 5056 4397 5070 4398 5056 4397 5071 4396 5069 4400 5054 4401 5055 4399 5069 4400 5055 4399 5070 4398 5068 4402 5053 4403 5054 4401 5068 4402 5054 4401 5069 4400 5067 4404 5052 4405 5053 4403 5067 4404 5053 4403 5068 4402 5066 4406 5051 4407 5052 4405 5066 4406 5052 4405 5067 4404 5065 4408 5050 4409 5051 4407 5065 4408 5051 4407 5066 4406 5064 4410 5049 4411 5050 4409 5064 4410 5050 4409 5065 4408 5063 4412 5048 4413 5049 4411 5063 4412 5049 4411 5064 4410 5046 4414 5047 4415 5048 4413 5046 4414 5048 4413 5063 4412 5077 889 5078 889 5079 889 5077 889 5079 889 5076 889 5096 4416 5094 4417 5095 4418 5109 4419 5093 4420 5094 4417 5109 4419 5094 4417 5096 4416 5108 4421 5092 4422 5093 4420 5108 4421 5093 4420 5109 4419 5107 4423 5091 4424 5092 4422 5107 4423 5092 4422 5108 4421 5106 4425 5090 4426 5091 4424 5106 4425 5091 4424 5107 4423 5105 4427 5089 4428 5090 4426 5105 4427 5090 4426 5106 4425 5104 4429 5088 4430 5089 4428 5104 4429 5089 4428 5105 4427 5103 4431 5087 4432 5088 4430 5103 4431 5088 4430 5104 4429 5102 4433 5086 4434 5087 4432 5102 4433 5087 4432 5103 4431 5101 4435 5085 4436 5086 4434 5101 4435 5086 4434 5102 4433 5100 4437 5084 4438 5085 4436 5100 4437 5085 4436 5101 4435 5099 4439 5083 4440 5084 4438 5099 4439 5084 4438 5100 4437 5098 4441 5082 4442 5083 4440 5098 4441 5083 4440 5099 4439 5097 4443 5081 4444 5082 4442 5097 4443 5082 4442 5098 4441 5080 4445 5081 4444 5097 4443 5113 4062 5110 4062 5111 4062 5113 4062 5111 4062 5112 4062 5114 4062 5115 4062 5116 4062 5114 4062 5116 4062 5117 4062 5118 1705 5120 1705 5121 1705 5119 1705 5120 1705 5118 1705 5125 889 5122 889 5123 889 5124 889 5125 889 5123 889 5126 59 5129 59 5127 59 5128 59 5129 59 5126 59 5130 4062 5131 4062 5132 4062 5130 4062 5132 4062 5133 4062 5134 1705 5136 1705 5137 1705 5135 1705 5136 1705 5134 1705 5141 889 5138 889 5139 889 5140 889 5141 889 5139 889 5142 59 5145 59 5143 59 5144 59 5145 59 5142 59 5148 889 5149 889 5146 889 5147 889 5148 889 5146 889 5150 59 5151 59 5152 59 5150 59 5152 59 5153 59 5157 4062 5154 4062 5155 4062 5157 4062 5155 4062 5156 4062 5161 1705 5159 1705 5160 1705 5158 1705 5159 1705 5161 1705 5163 889 5162 889 5164 889 5165 889 5163 889 5164 889 5172 1705 5173 1705 5174 1705 5171 1705 5172 1705 5174 1705 5170 1705 5171 1705 5174 1705 5169 1705 5170 1705 5174 1705 5168 1705 5169 1705 5174 1705 5167 1705 5168 1705 5174 1705 5166 1705 5167 1705 5174 1705 5183 1705 5166 1705 5174 1705 5182 1705 5183 1705 5174 1705 5175 4446 5177 4446 5178 4446 5175 4447 5178 4447 5179 4447 5175 4448 5179 4448 5180 4448 5175 4449 5180 4449 5181 4449 5175 4450 5181 4450 5182 4450 5175 1705 5182 1705 5174 1705 5176 1705 5177 1705 5175 1705 5184 4062 5185 4062 5186 4062 5184 4062 5186 4062 5187 4062 5204 59 5205 59 5189 59 5203 4451 5204 4451 5189 4451 5202 4452 5203 4452 5189 4452 5201 4453 5202 4453 5189 4453 5200 59 5201 59 5189 59 5199 59 5200 59 5189 59 5188 4454 5193 4454 5194 4454 5188 4455 5194 4455 5195 4455 5188 4456 5195 4456 5196 4456 5188 4457 5196 4457 5197 4457 5188 59 5197 59 5198 59 5188 4458 5198 4458 5199 4458 5188 59 5199 59 5189 59 5192 59 5193 59 5188 59 5191 4459 5192 4459 5188 4459 5190 59 5191 59 5188 59 5208 1705 5206 1705 5207 1705 5209 1705 5206 1705 5208 1705 5210 4062 5212 4062 5213 4062 5210 4062 5213 4062 5211 4062 5215 59 5216 59 5217 59 5215 4460 5217 4460 5214 4460 5219 889 5218 889 5220 889 5221 889 5219 889 5220 889 5224 1705 5222 1705 5223 1705 5225 1705 5222 1705 5224 1705 5226 4062 5228 4062 5229 4062 5226 4062 5229 4062 5227 4062 5231 59 5232 59 5233 59 5231 59 5233 59 5230 59 5235 889 5234 889 5236 889 5237 889 5235 889 5236 889 5240 1705 5238 1705 5239 1705 5240 1705 5241 1705 5238 1705 5243 4062 5244 4062 5245 4062 5243 4062 5245 4062 5242 4062 5249 1705 5246 1705 5247 1705 5248 1705 5249 1705 5247 1705 5251 4062 5252 4062 5253 4062 5251 4062 5253 4062 5250 4062 5257 59 5254 59 5255 59 5256 59 5257 59 5255 59 5258 4062 5260 4062 5261 4062 5259 4062 5260 4062 5258 4062 5264 59 5262 59 5263 59 5264 59 5265 59 5262 59 5266 889 5267 889 5268 889 5269 889 5266 889 5268 889 5271 4062 5272 4062 5273 4062 5271 4062 5273 4062 5270 4062 5277 1705 5274 1705 5275 1705 5276 1705 5277 1705 5275 1705 5279 4062 5280 4062 5281 4062 5279 4062 5281 4062 5278 4062 5285 59 5282 59 5283 59 5284 59 5285 59 5283 59 5286 4062 5288 4062 5289 4062 5287 4062 5288 4062 5286 4062 5292 59 5290 59 5291 59 5292 59 5293 59 5290 59 5294 889 5295 889 5296 889 5297 889 5294 889 5296 889 5299 1705 5301 1705 5298 1705 5300 1705 5301 1705 5299 1705 5302 1722 5304 1722 5303 1722 5302 1722 5305 1722 5304 1722 5302 1722 5306 1722 5305 1722 5302 4461 5307 4461 5306 4461 5302 4462 5308 4462 5307 4462 5302 1722 5316 1722 5308 1722 5302 4463 5317 4463 5316 4463 5302 4464 5318 4464 5317 4464 5302 4465 5319 4465 5318 4465 5302 4466 5320 4466 5319 4466 5302 4467 5321 4467 5320 4467 5302 4468 5322 4468 5321 4468 5302 4469 5323 4469 5322 4469 5302 4470 5324 4470 5323 4470 5302 4471 5325 4471 5324 4471 5302 4472 5326 4472 5325 4472 5302 4473 5327 4473 5326 4473 5302 4474 5328 4474 5327 4474 5302 4475 5329 4475 5328 4475 5330 1722 5329 1722 5302 1722 5331 4476 5330 4476 5302 4476 5332 4477 5331 4477 5302 4477 5310 1722 5332 1722 5302 1722 5311 4478 5310 4478 5302 4478 5312 4479 5311 4479 5302 4479 5313 1722 5312 1722 5302 1722 5314 1722 5313 1722 5302 1722 5315 1722 5302 1722 5309 1722 5315 1722 5314 1722 5302 1722 5333 4480 5348 4480 5347 4480 5344 1722 5346 1722 5345 1722 5343 4481 5346 4481 5344 4481 5340 4482 5342 4482 5341 4482 5340 4483 5343 4483 5342 4483 5337 4484 5339 4484 5338 4484 5337 4485 5340 4485 5339 4485 5351 1722 5334 1722 5333 1722 5351 1722 5347 1722 5346 1722 5351 4486 5350 4486 5334 4486 5351 4487 5333 4487 5347 4487 5351 4488 5346 4488 5343 4488 5351 4489 5343 4489 5340 4489 5353 1722 5352 1722 5351 1722 5355 4490 5354 4490 5353 4490 5355 1722 5353 1722 5351 1722 5357 1722 5356 1722 5355 1722 5357 4491 5355 4491 5351 4491 5359 1722 5358 1722 5357 1722 5361 4492 5336 4492 5335 4492 5361 1722 5337 1722 5336 1722 5361 1722 5335 1722 5349 1722 5361 4493 5349 4493 5362 4493 5361 1722 5351 1722 5340 1722 5361 4494 5340 4494 5337 4494 5361 1722 5357 1722 5351 1722 5361 1722 5359 1722 5357 1722 5360 1722 5359 1722 5361 1722 5690 4687 5689 4688 5700 4689 5690 4687 5700 4689 5701 4690 5690 4687 5701 4690 5702 4691 5691 4692 5702 4691 5703 4693 5691 4692 5690 4687 5702 4691 5692 4694 5703 4693 5704 4695 5692 4694 5691 4692 5703 4693 5693 4696 5704 4695 5705 4697 5693 4696 5692 4694 5704 4695 5694 4698 5705 4697 5706 4699 5694 4698 5693 4696 5705 4697 5695 4700 5706 4699 5707 4701 5695 4700 5694 4698 5706 4699 5696 4702 5707 4701 5708 4703 5696 4702 5695 4700 5707 4701 5697 4704 5708 4703 5709 4705 5697 4704 5696 4702 5708 4703 5698 4706 5709 4705 5710 4707 5698 4706 5697 4704 5709 4705 5699 4708 5698 4706 5710 4707 5712 4709 5711 4710 5722 4711 5712 4709 5722 4711 5723 4712 5712 4709 5723 4712 5724 4713 5713 4714 5724 4713 5725 4715 5713 4714 5712 4709 5724 4713 5714 4716 5725 4715 5726 4717 5714 4716 5713 4714 5725 4715 5715 4718 5726 4717 5727 4719 5715 4718 5714 4716 5726 4717 5716 4720 5727 4719 5728 4721 5716 4720 5715 4718 5727 4719 5717 4722 5728 4721 5729 4723 5717 4722 5716 4720 5728 4721 5718 4724 5729 4723 5730 4725 5718 4724 5717 4722 5729 4723 5719 4726 5730 4725 5731 4727 5719 4726 5718 4724 5730 4725 5720 4728 5731 4727 5732 4729 5720 4728 5719 4726 5731 4727 5721 4730 5720 4728 5732 4729 5772 4731 5750 4732 5749 4733 5772 4731 5751 4734 5750 4732 5772 4731 5752 4735 5751 4734 5772 4731 5753 4736 5752 4735 5772 4731 5769 4737 5770 4738 5772 4731 5770 4738 5771 4739 5772 4731 5771 4739 5753 4736 5773 4740 5772 4731 5749 4733 5773 4740 5748 4741 5747 4742 5773 4740 5749 4733 5748 4741 5773 4740 5768 4743 5769 4737 5773 4740 5769 4737 5772 4731 5774 4744 5747 4742 5746 4745 5774 4744 5766 4746 5767 4747 5774 4744 5767 4747 5768 4743 5774 4744 5773 4740 5747 4742 5774 4744 5768 4743 5773 4740 5775 4748 5745 4749 5744 4750 5775 4748 5746 4745 5745 4749 5775 4748 5764 4751 5765 4752 5775 4748 5765 4752 5766 4746 5775 4748 5766 4746 5774 4744 5775 4748 5774 4744 5746 4745 5776 4753 5743 4754 5742 4755 5776 4753 5744 4750 5743 4754 5776 4753 5762 4756 5763 4757 5776 4753 5763 4757 5764 4751 5776 4753 5764 4751 5775 4748 5776 4753 5775 4748 5744 4750 5777 4758 5741 4759 5740 4760 5777 4758 5742 4755 5741 4759 5777 4758 5760 4761 5761 4762 5777 4758 5761 4762 5762 4756 5777 4758 5762 4756 5776 4753 5777 4758 5776 4753 5742 4755 5778 4763 5739 4764 5738 4765 5778 4763 5740 4760 5739 4764 5778 4763 5759 4766 5760 4761 5778 4763 5760 4761 5777 4758 5778 4763 5777 4758 5740 4760 5779 4767 5737 4768 5736 4769 5779 4767 5738 4765 5737 4768 5779 4767 5757 4770 5758 4771 5779 4767 5758 4771 5759 4766 5779 4767 5759 4766 5778 4763 5779 4767 5778 4763 5738 4765 5780 4772 5734 4773 5733 4774 5780 4772 5735 4775 5734 4773 5780 4772 5736 4769 5735 4775 5780 4772 5754 4776 5755 4777 5780 4772 5755 4777 5756 4778 5780 4772 5756 4778 5757 4770 5780 4772 5733 4774 5754 4776 5780 4772 5757 4770 5779 4767 5780 4772 5779 4767 5736 4769 5820 4779 5798 4780 5797 4781 5820 4779 5799 4782 5798 4780 5820 4779 5800 4783 5799 4782 5820 4779 5801 4784 5800 4783 5820 4779 5817 4785 5818 4786 5820 4779 5818 4786 5819 4787 5820 4779 5819 4787 5801 4784 5821 4788 5820 4779 5797 4781 5821 4788 5796 4789 5795 4790 5821 4788 5797 4781 5796 4789 5821 4788 5816 4791 5817 4785 5821 4788 5817 4785 5820 4779 5822 4792 5795 4790 5794 4793 5822 4792 5814 4794 5815 4795 5822 4792 5815 4795 5816 4791 5822 4792 5821 4788 5795 4790 5822 4792 5816 4791 5821 4788 5823 4796 5793 4797 5792 4798 5823 4796 5794 4793 5793 4797 5823 4796 5812 4799 5813 4800 5823 4796 5813 4800 5814 4794 5823 4796 5814 4794 5822 4792 5823 4796 5822 4792 5794 4793 5824 4801 5791 4802 5790 4803 5824 4801 5792 4798 5791 4802 5824 4801 5810 4804 5811 4805 5824 4801 5811 4805 5812 4799 5824 4801 5812 4799 5823 4796 5824 4801 5823 4796 5792 4798 5825 4806 5789 4807 5788 4808 5825 4806 5790 4803 5789 4807 5825 4806 5808 4809 5809 4810 5825 4806 5809 4810 5810 4804 5825 4806 5810 4804 5824 4801 5825 4806 5824 4801 5790 4803 5826 4811 5787 4812 5786 4813 5826 4811 5788 4808 5787 4812 5826 4811 5807 4814 5808 4809 5826 4811 5808 4809 5825 4806 5826 4811 5825 4806 5788 4808 5827 4815 5785 4816 5784 4817 5827 4815 5786 4813 5785 4816 5827 4815 5805 4818 5806 4819 5827 4815 5806 4819 5807 4814 5827 4815 5807 4814 5826 4811 5827 4815 5826 4811 5786 4813 5828 4820 5782 4821 5781 4822 5828 4820 5783 4823 5782 4821 5828 4820 5784 4817 5783 4823 5828 4820 5802 4824 5803 4825 5828 4820 5803 4825 5804 4826 5828 4820 5804 4826 5805 4818 5828 4820 5781 4822 5802 4824 5828 4820 5805 4818 5827 4815 5828 4820 5827 4815 5784 4817 5842 4827 5835 4828 5834 4829 5841 4830 5842 4827 5834 4829 5840 4831 5834 4829 5833 4832 5840 4831 5841 4830 5834 4829 5839 4833 5833 4832 5832 4834 5839 4833 5840 4831 5833 4832 5838 4835 5832 4834 5831 4836 5838 4835 5839 4833 5832 4834 5837 4837 5831 4836 5830 4838 5837 4837 5838 4835 5831 4836 5836 4839 5830 4838 5829 4840 5836 4839 5837 4837 5830 4838 5849 4841 5850 4842 5856 4843 5848 4844 5849 4841 5856 4843 5847 4845 5856 4843 5855 4846 5847 4845 5848 4844 5856 4843 5846 4847 5855 4846 5854 4848 5846 4847 5847 4845 5855 4846 5845 4849 5854 4848 5853 4850 5845 4849 5846 4847 5854 4848 5844 4851 5853 4850 5852 4852 5844 4851 5845 4849 5853 4850 5843 4853 5852 4852 5851 4854 5843 4853 5844 4851 5852 4852 5896 4855 5873 4856 5872 4857 5896 4855 5874 4858 5873 4856 5896 4855 5875 4859 5874 4858 5896 4855 5876 4860 5875 4859 5896 4855 5877 4861 5876 4860 5896 4855 5893 4862 5894 4863 5896 4855 5894 4863 5895 4864 5896 4855 5895 4864 5877 4861 5897 4865 5871 4866 5870 4867 5897 4865 5872 4857 5871 4866 5897 4865 5896 4855 5872 4857 5897 4865 5891 4868 5892 4869 5897 4865 5892 4869 5893 4862 5897 4865 5893 4862 5896 4855 5898 4870 5891 4868 5897 4865 5898 4870 5869 4871 5868 4872 5898 4870 5870 4867 5869 4871 5898 4870 5889 4873 5890 4874 5898 4870 5890 4874 5891 4868 5898 4870 5897 4865 5870 4867 5899 4875 5867 4876 5866 4877 5899 4875 5868 4872 5867 4876 5899 4875 5887 4878 5888 4879 5899 4875 5888 4879 5889 4873 5899 4875 5889 4873 5898 4870 5899 4875 5898 4870 5868 4872 5900 4880 5865 4881 5864 4882 5900 4880 5866 4877 5865 4881 5900 4880 5887 4878 5899 4875 5900 4880 5885 4883 5886 4884 5900 4880 5886 4884 5887 4878 5900 4880 5899 4875 5866 4877 5901 4885 5863 4886 5862 4887 5901 4885 5864 4882 5863 4886 5901 4885 5883 4888 5884 4889 5901 4885 5884 4889 5885 4883 5901 4885 5885 4883 5900 4880 5901 4885 5900 4880 5864 4882 5902 4890 5861 4891 5860 4892 5902 4890 5862 4887 5861 4891 5902 4890 5881 4893 5882 4894 5902 4890 5882 4894 5883 4888 5902 4890 5883 4888 5901 4885 5902 4890 5901 4885 5862 4887 5903 4895 5858 4896 5857 4897 5903 4895 5859 4898 5858 4896 5903 4895 5860 4892 5859 4898 5903 4895 5878 4899 5879 4900 5903 4895 5879 4900 5880 4901 5903 4895 5880 4901 5881 4893 5903 4895 5857 4897 5878 4899 5903 4895 5902 4890 5860 4892 5903 4895 5881 4893 5902 4890 5943 4902 5921 4903 5920 4904 5943 4902 5922 4905 5921 4903 5943 4902 5923 4906 5922 4905 5943 4902 5924 4907 5923 4906 5943 4902 5940 4908 5941 4909 5943 4902 5941 4909 5942 4910 5943 4902 5942 4910 5924 4907 5944 4911 5919 4912 5918 4913 5944 4911 5920 4904 5919 4912 5944 4911 5939 4914 5940 4908 5944 4911 5943 4902 5920 4904 5944 4911 5940 4908 5943 4902 5945 4915 5917 4916 5916 4917 5945 4915 5918 4913 5917 4916 5945 4915 5937 4918 5938 4919 5945 4915 5938 4919 5939 4914 5945 4915 5944 4911 5918 4913 5945 4915 5939 4914 5944 4911 5946 4920 5915 4921 5914 4922 5946 4920 5916 4917 5915 4921 5946 4920 5935 4923 5936 4924 5946 4920 5936 4924 5937 4918 5946 4920 5937 4918 5945 4915 5946 4920 5945 4915 5916 4917 5947 4925 5913 4926 5912 4927 5947 4925 5914 4922 5913 4926 5947 4925 5933 4928 5934 4929 5947 4925 5934 4929 5935 4923 5947 4925 5935 4923 5946 4920 5947 4925 5946 4920 5914 4922 5948 4930 5911 4931 5910 4932 5948 4930 5912 4927 5911 4931 5948 4930 5931 4933 5932 4934 5948 4930 5932 4934 5933 4928 5948 4930 5933 4928 5947 4925 5948 4930 5947 4925 5912 4927 5949 4935 5910 4932 5909 4936 5949 4935 5930 4937 5931 4933 5949 4935 5931 4933 5948 4930 5949 4935 5948 4930 5910 4932 5950 4938 5908 4939 5907 4940 5950 4938 5909 4936 5908 4939 5950 4938 5928 4941 5929 4942 5950 4938 5929 4942 5930 4937 5950 4938 5930 4937 5949 4935 5950 4938 5949 4935 5909 4936 5951 4943 5905 4944 5904 4945 5951 4943 5906 4946 5905 4944 5951 4943 5907 4940 5906 4946 5951 4943 5925 4947 5926 4948 5951 4943 5926 4948 5927 4949 5951 4943 5927 4949 5928 4941 5951 4943 5904 4945 5925 4947 5951 4943 5928 4941 5950 4938 5951 4943 5950 4938 5907 4940 5952 4950 5956 4950 5953 4950 5959 1593 5956 1593 5952 1593 5955 1593 5956 1593 5957 1593 5955 1593 5953 1593 5956 1593 5954 4951 5957 4951 5958 4951 5954 1593 5958 1593 5959 1593 5954 1593 5959 1593 5952 1593 5954 4952 5955 4952 5957 4952 5960 4953 5964 4953 5961 4953 5967 1593 5964 1593 5960 1593 5963 1593 5964 1593 5965 1593 5963 1593 5961 1593 5964 1593 5962 4951 5965 4951 5966 4951 5962 1593 5966 1593 5967 1593 5962 1593 5967 1593 5960 1593 5962 4952 5963 4952 5965 4952 5985 4954 5984 4955 5986 4956 6006 4957 5986 4956 5987 4958 6006 4957 5985 4954 5986 4956 6007 4959 5987 4958 5988 4960 6007 4959 6006 4957 5987 4958 6008 4961 5988 4960 5989 4962 6008 4961 6007 4959 5988 4960 6009 4963 5989 4962 5990 4964 6009 4963 6008 4961 5989 4962 6010 4965 5990 4964 5991 4966 6010 4965 6009 4963 5990 4964 6011 4967 5991 4966 5992 4968 6011 4967 6010 4965 5991 4966 6012 4969 5992 4968 5993 4970 6012 4969 6011 4967 5992 4968 6013 4971 5993 4970 5994 4972 6013 4971 6012 4969 5993 4970 6014 4973 5994 4972 5995 4974 6014 4973 6013 4971 5994 4972 6015 4975 5995 4974 5996 4976 6015 4975 6014 4973 5995 4974 6016 4977 5996 4976 5997 4978 6016 4977 6015 4975 5996 4976 6017 4979 5997 4978 5998 4980 6017 4979 6016 4977 5997 4978 6018 4981 5998 4980 5999 4982 6018 4981 6017 4979 5998 4980 6019 4983 5999 4982 6000 4984 6019 4983 6018 4981 5999 4982 6020 4985 6019 4983 6000 4984 6020 4985 6000 4984 6001 4986 6021 4987 6020 4985 6001 4986 6021 4987 6001 4986 6002 4988 6022 4989 6021 4987 6002 4988 6022 4989 6002 4988 6003 4990 6005 4991 6022 4989 6003 4990 6005 4991 6003 4990 6004 4992 6064 5033 6063 5034 6065 5035 6085 5036 6065 5035 6066 5037 6085 5036 6064 5033 6065 5035 6086 5038 6066 5037 6067 5039 6086 5038 6085 5036 6066 5037 6087 5040 6067 5039 6068 5041 6087 5040 6086 5038 6067 5039 6088 5042 6068 5041 6069 5043 6088 5042 6087 5040 6068 5041 6089 5044 6069 5043 6070 5045 6089 5044 6088 5042 6069 5043 6090 5046 6070 5045 6071 5047 6090 5046 6089 5044 6070 5045 6091 5048 6071 5047 6072 5049 6091 5048 6090 5046 6071 5047 6092 5050 6072 5049 6073 5051 6092 5050 6091 5048 6072 5049 6093 5052 6073 5051 6074 5053 6093 5052 6092 5050 6073 5051 6094 5054 6074 5053 6075 5055 6094 5054 6093 5052 6074 5053 6095 5056 6075 5055 6076 5057 6095 5056 6094 5054 6075 5055 6096 5058 6076 5057 6077 5059 6096 5058 6095 5056 6076 5057 6097 5060 6077 5059 6078 5061 6097 5060 6096 5058 6077 5059 6098 5062 6078 5061 6079 5063 6098 5062 6097 5060 6078 5061 6099 5064 6098 5062 6079 5063 6099 5064 6079 5063 6080 5065 6100 5066 6099 5064 6080 5065 6100 5066 6080 5065 6081 5067 6101 5068 6100 5066 6081 5067 6101 5068 6081 5067 6082 5069 6084 5070 6101 5068 6082 5069 6084 5070 6082 5069 6083 5071 6124 5072 6105 5073 6104 5074 6124 5072 6104 5074 6123 5075 6125 5076 6106 5077 6105 5073 6125 5076 6105 5073 6124 5072 6126 5078 6107 5079 6106 5077 6126 5078 6106 5077 6125 5076 6127 5080 6108 5081 6107 5079 6127 5080 6107 5079 6126 5078 6128 5082 6109 5083 6108 5081 6128 5082 6108 5081 6127 5080 6129 5084 6110 5085 6109 5083 6129 5084 6109 5083 6128 5082 6130 5086 6111 5087 6110 5085 6130 5086 6110 5085 6129 5084 6131 5088 6112 5089 6111 5087 6131 5088 6111 5087 6130 5086 6132 5090 6113 5091 6112 5089 6132 5090 6112 5089 6131 5088 6133 5092 6113 5091 6132 5090 6114 5093 6113 5091 6133 5092 6134 5094 6114 5093 6133 5092 6115 5095 6114 5093 6134 5094 6135 5096 6116 5097 6115 5095 6135 5096 6115 5095 6134 5094 6136 5098 6117 5099 6116 5097 6136 5098 6116 5097 6135 5096 6137 5100 6118 5101 6117 5099 6137 5100 6117 5099 6136 5098 6138 5102 6118 5101 6137 5100 6138 5102 6119 5103 6118 5101 6139 5104 6119 5103 6138 5102 6139 5104 6120 5105 6119 5103 6140 5106 6120 5105 6139 5104 6121 5107 6120 5105 6140 5106 6141 5108 6121 5107 6140 5106 6141 5108 6122 5109 6121 5107 6142 5110 6122 5109 6141 5108 6142 5110 6102 5111 6122 5109 6103 5112 6102 5111 6142 5110 6168 1593 6167 1593 6166 1593 6171 1593 6169 1593 6168 1593 6171 5113 6170 5113 6169 5113 6160 1593 6162 1593 6161 1593 6160 5114 6163 5114 6162 5114 6160 1593 6164 1593 6163 1593 6160 1593 6165 1593 6164 1593 6160 1593 6166 1593 6165 1593 6160 5115 6168 5115 6166 5115 6173 5116 6172 5116 6171 5116 6158 5117 6160 5117 6159 5117 6176 1593 6174 1593 6173 1593 6176 1593 6175 1593 6174 1593 6156 1593 6158 1593 6157 1593 6179 1593 6178 1593 6177 1593 6153 5118 6155 5118 6154 5118 6153 1593 6156 1593 6155 1593 6153 1593 6160 1593 6158 1593 6153 5119 6158 5119 6156 5119 6144 1593 6143 1593 6179 1593 6145 1593 6177 1593 6176 1593 6145 5120 6144 5120 6179 5120 6145 1593 6179 1593 6177 1593 6150 5121 6152 5121 6151 5121 6150 1593 6153 1593 6152 1593 6150 5122 6173 5122 6171 5122 6150 1593 6171 1593 6168 1593 6150 5123 6168 5123 6160 5123 6150 1593 6160 1593 6153 1593 6147 5124 6146 5124 6145 5124 6147 5125 6150 5125 6149 5125 6147 5126 6176 5126 6173 5126 6147 1593 6173 1593 6150 1593 6147 5127 6145 5127 6176 5127 6148 1593 6147 1593 6149 1593 6205 5128 6204 5128 6203 5128 6199 5129 6201 5129 6200 5129 6208 1593 6203 1593 6202 1593 6208 5130 6206 5130 6205 5130 6208 1593 6207 1593 6206 1593 6208 1593 6205 1593 6203 1593 6198 5131 6201 5131 6199 5131 6210 1593 6209 1593 6208 1593 6211 5132 6210 5132 6208 5132 6194 5133 6196 5133 6195 5133 6194 5134 6197 5134 6196 5134 6194 5135 6198 5135 6197 5135 6194 5136 6202 5136 6201 5136 6194 1593 6201 1593 6198 1593 6213 5137 6212 5137 6211 5137 6191 1593 6193 1593 6192 1593 6216 1593 6214 1593 6213 1593 6216 1593 6215 1593 6214 1593 6180 5138 6213 5138 6211 5138 6180 5139 6216 5139 6213 5139 6189 1593 6191 1593 6190 1593 6189 1593 6194 1593 6193 1593 6189 1593 6193 1593 6191 1593 6187 1593 6189 1593 6188 1593 6187 5140 6208 5140 6202 5140 6187 1593 6211 1593 6208 1593 6187 5141 6202 5141 6194 5141 6187 1593 6194 1593 6189 1593 6183 5142 6181 5142 6180 5142 6183 1593 6182 1593 6181 1593 6184 5143 6183 5143 6180 5143 6184 1593 6211 1593 6187 1593 6184 5144 6180 5144 6211 5144 6185 1593 6184 1593 6187 1593 6185 1593 6187 1593 6186 1593 6243 5145 6242 5145 6241 5145 6245 1593 6244 1593 6243 1593 6235 1593 6237 1593 6236 1593 6232 5146 6234 5146 6233 5146 6232 5147 6235 5147 6234 5147 6232 5148 6238 5148 6237 5148 6232 1593 6239 1593 6238 1593 6232 5149 6240 5149 6239 5149 6232 5150 6241 5150 6240 5150 6232 5151 6237 5151 6235 5151 6249 5152 6246 5152 6245 5152 6249 5153 6247 5153 6246 5153 6249 5154 6248 5154 6247 5154 6230 1593 6232 1593 6231 1593 6251 5155 6250 5155 6249 5155 6228 1593 6230 1593 6229 1593 6227 1593 6230 1593 6228 1593 6226 5156 6243 5156 6241 5156 6226 1593 6241 1593 6232 1593 6226 5157 6232 5157 6230 5157 6226 1593 6230 1593 6227 1593 6218 1593 6253 1593 6252 1593 6218 1593 6217 1593 6253 1593 6225 1593 6243 1593 6226 1593 6223 1593 6243 1593 6225 1593 6223 5158 6225 5158 6224 5158 6223 5159 6245 5159 6243 5159 6223 5160 6249 5160 6245 5160 6221 5161 6219 5161 6218 5161 6221 5162 6220 5162 6219 5162 6221 1593 6249 1593 6223 1593 6221 1593 6252 1593 6251 1593 6221 1593 6251 1593 6249 1593 6221 1593 6218 1593 6252 1593 6222 1593 6221 1593 6223 1593 6279 1593 6277 1593 6276 1593 6279 1593 6278 1593 6277 1593 6281 1593 6280 1593 6279 1593 6273 5163 6275 5163 6274 5163 6271 1593 6273 1593 6272 1593 6271 1593 6276 1593 6275 1593 6271 5164 6279 5164 6276 5164 6271 5165 6275 5165 6273 5165 6285 5166 6284 5166 6283 5166 6269 5167 6271 5167 6270 5167 6268 5168 6271 5168 6269 5168 6287 1593 6286 1593 6285 1593 6288 5169 6282 5169 6281 5169 6288 5170 6283 5170 6282 5170 6288 5171 6281 5171 6279 5171 6288 5172 6285 5172 6283 5172 6288 1593 6279 1593 6271 1593 6288 1593 6287 1593 6285 1593 6266 1593 6268 1593 6267 1593 6290 1593 6289 1593 6288 1593 6262 1593 6264 1593 6263 1593 6262 1593 6265 1593 6264 1593 6262 1593 6266 1593 6265 1593 6262 5173 6271 5173 6268 5173 6262 1593 6268 1593 6266 1593 6256 1593 6255 1593 6254 1593 6256 5174 6254 5174 6290 5174 6256 1593 6290 1593 6288 1593 6260 5118 6262 5118 6261 5118 6258 5124 6257 5124 6256 5124 6259 1593 6262 1593 6260 1593 6259 5175 6258 5175 6256 5175 6259 5176 6288 5176 6271 5176 6259 5177 6271 5177 6262 5177 6259 5178 6256 5178 6288 5178 6294 1705 6291 1705 6292 1705 6294 1705 6292 1705 6293 1705 6296 4062 6297 4062 6298 4062 6296 4062 6298 4062 6295 4062 6302 59 6299 59 6300 59 6302 59 6300 59 6301 59 6303 889 6304 889 6305 889 6306 889 6303 889 6305 889 6310 1705 6307 1705 6308 1705 6310 1705 6308 1705 6309 1705 6312 4062 6313 4062 6314 4062 6312 4062 6314 4062 6311 4062 6318 59 6315 59 6316 59 6318 59 6316 59 6317 59 6319 889 6320 889 6321 889 6322 889 6319 889 6321 889 6358 5179 6324 5180 6323 5181 6358 5179 6323 5181 6325 5182 6359 5183 6325 5182 6326 5184 6359 5183 6358 5179 6325 5182 6360 5185 6326 5184 6327 5186 6360 5185 6359 5183 6326 5184 6361 5187 6327 5186 6328 5188 6361 5187 6360 5185 6327 5186 6329 5189 6361 5187 6328 5188 6362 5190 6361 5187 6329 5189 6330 5191 6362 5190 6329 5189 6363 5192 6362 5190 6330 5191 6331 5193 6363 5192 6330 5191 6364 5194 6363 5192 6331 5193 6332 5195 6364 5194 6331 5193 6365 5196 6364 5194 6332 5195 6333 5197 6365 5196 6332 5195 6366 5198 6333 5197 6334 5199 6366 5198 6365 5196 6333 5197 6348 5200 6334 5199 6335 5201 6348 5200 6366 5198 6334 5199 6349 5202 6335 5201 6336 5203 6349 5202 6348 5200 6335 5201 6337 5204 6349 5202 6336 5203 6350 5205 6349 5202 6337 5204 6338 5206 6350 5205 6337 5204 6351 5207 6350 5205 6338 5206 6339 5208 6351 5207 6338 5206 6352 5209 6351 5207 6339 5208 6340 5210 6352 5209 6339 5208 6353 5211 6352 5209 6340 5210 6341 5212 6353 5211 6340 5210 6354 5213 6353 5211 6341 5212 6354 5213 6341 5212 6342 5214 6355 5215 6354 5213 6342 5214 6355 5215 6342 5214 6343 5216 6356 5217 6343 5216 6344 5218 6356 5217 6355 5215 6343 5216 6357 5219 6344 5218 6345 5220 6357 5219 6356 5217 6344 5218 6347 5221 6345 5220 6346 5222 6347 5221 6357 5219 6345 5220 6369 5223 6368 5224 6367 5225 6402 5226 6369 5223 6370 5227 6402 5226 6368 5224 6369 5223 6403 5228 6370 5227 6371 5229 6403 5228 6402 5226 6370 5227 6404 5230 6371 5229 6372 5231 6404 5230 6403 5228 6371 5229 6405 5232 6372 5231 6373 5233 6405 5232 6404 5230 6372 5231 6406 5234 6373 5233 6374 5235 6406 5234 6405 5232 6373 5233 6407 5236 6374 5235 6375 5237 6407 5236 6406 5234 6374 5235 6408 5238 6375 5237 6376 5239 6408 5238 6376 5239 6377 5240 6408 5238 6407 5236 6375 5237 6409 5241 6377 5240 6378 5242 6409 5241 6408 5238 6377 5240 6392 5243 6378 5242 6379 5244 6392 5243 6409 5241 6378 5242 6393 5245 6379 5244 6380 5246 6393 5245 6380 5246 6381 5247 6393 5245 6392 5243 6379 5244 6394 5248 6381 5247 6382 5249 6394 5248 6393 5245 6381 5247 6395 5250 6382 5249 6383 5251 6395 5250 6394 5248 6382 5249 6396 5252 6383 5251 6384 5253 6396 5252 6395 5250 6383 5251 6397 5254 6396 5252 6384 5253 6397 5254 6384 5253 6385 5255 6398 5256 6397 5254 6385 5255 6398 5256 6385 5255 6386 5257 6399 5258 6398 5256 6386 5257 6399 5258 6386 5257 6387 5259 6400 5260 6399 5258 6387 5259 6400 5260 6387 5259 6388 5261 6401 5262 6388 5261 6389 5263 6401 5262 6400 5260 6388 5261 6391 5264 6389 5263 6390 5265 6391 5264 6401 5262 6389 5263 6412 5266 6411 5267 6410 5268 6445 5269 6411 5267 6412 5266 6413 5270 6445 5269 6412 5266 6446 5271 6445 5269 6413 5270 6414 5272 6446 5271 6413 5270 6447 5273 6446 5271 6414 5272 6415 5274 6447 5273 6414 5272 6448 5275 6447 5273 6415 5274 6416 5276 6448 5275 6415 5274 6449 5277 6416 5276 6417 5278 6449 5277 6448 5275 6416 5276 6450 5279 6417 5278 6418 5280 6450 5279 6449 5277 6417 5278 6451 5281 6418 5280 6419 5282 6451 5281 6450 5279 6418 5280 6420 5283 6451 5281 6419 5282 6452 5284 6451 5281 6420 5283 6421 5285 6452 5284 6420 5283 6453 5286 6452 5284 6421 5285 6435 5287 6421 5285 6422 5288 6435 5287 6453 5286 6421 5285 6436 5289 6422 5288 6423 5290 6436 5289 6435 5287 6422 5288 6424 5291 6436 5289 6423 5290 6437 5292 6436 5289 6424 5291 6425 5293 6437 5292 6424 5291 6438 5294 6437 5292 6425 5293 6438 5294 6425 5293 6426 5295 6439 5296 6438 5294 6426 5295 6439 5296 6426 5295 6427 5297 6440 5298 6439 5296 6427 5297 6440 5298 6427 5297 6428 5299 6441 5300 6440 5298 6428 5299 6441 5300 6428 5299 6429 5301 6430 5302 6441 5300 6429 5301 6442 5303 6441 5300 6430 5302 6431 5304 6442 5303 6430 5302 6443 5305 6431 5304 6432 5306 6443 5305 6442 5303 6431 5304 6444 5307 6443 5305 6432 5306 6433 5308 6444 5307 6432 5306 6434 5309 6444 5307 6433 5308 6529 1593 6501 1593 6500 1593 6529 5310 6502 5310 6501 5310 6528 1593 6500 1593 6499 1593 6528 5311 6529 5311 6500 5311 6530 5312 6503 5312 6502 5312 6530 1593 6502 1593 6529 1593 6527 5313 6528 5313 6499 5313 6527 1593 6499 1593 6498 1593 6531 1593 6503 1593 6530 1593 6531 5314 6504 5314 6503 5314 6526 5315 6527 5315 6498 5315 6526 1593 6498 1593 6497 1593 6532 1593 6504 1593 6531 1593 6532 5316 6505 5316 6504 5316 6525 5317 6526 5317 6497 5317 6525 5318 6496 5318 6495 5318 6525 1593 6497 1593 6496 1593 6533 1593 6505 1593 6532 1593 6533 5319 6462 5319 6505 5319 6524 1593 6495 1593 6494 1593 6524 5320 6525 5320 6495 5320 6463 1593 6462 1593 6533 1593 6534 1593 6463 1593 6533 1593 6523 1593 6524 1593 6494 1593 6523 1593 6494 1593 6493 1593 6464 5321 6463 5321 6534 5321 6535 1593 6464 1593 6534 1593 6522 1593 6523 1593 6493 1593 6522 1593 6493 1593 6492 1593 6465 1593 6464 1593 6535 1593 6491 5322 6522 5322 6492 5322 6536 1593 6465 1593 6535 1593 6521 1593 6522 1593 6491 1593 6466 1593 6465 1593 6536 1593 6490 5323 6521 5323 6491 5323 6537 5324 6466 5324 6536 5324 6520 1593 6521 1593 6490 1593 6467 1593 6466 1593 6537 1593 6489 5325 6520 5325 6490 5325 6538 5326 6467 5326 6537 5326 6519 1593 6520 1593 6489 1593 6468 5327 6467 5327 6538 5327 6488 5328 6519 5328 6489 5328 6539 1593 6468 1593 6538 1593 6518 1593 6519 1593 6488 1593 6469 1593 6468 1593 6539 1593 6487 1593 6518 1593 6488 1593 6540 5329 6469 5329 6539 5329 6517 1593 6518 1593 6487 1593 6470 5330 6469 5330 6540 5330 6486 5331 6517 5331 6487 5331 6516 1593 6517 1593 6486 1593 6471 1593 6540 1593 6541 1593 6471 5332 6470 5332 6540 5332 6485 1593 6516 1593 6486 1593 6515 1593 6516 1593 6485 1593 6472 1593 6541 1593 6506 1593 6472 1593 6471 1593 6541 1593 6484 1593 6515 1593 6485 1593 6473 5333 6506 5333 6507 5333 6473 5334 6472 5334 6506 5334 6483 5335 6515 5335 6484 5335 6483 5336 6514 5336 6515 5336 6474 5337 6473 5337 6507 5337 6482 1593 6514 1593 6483 1593 6482 5338 6513 5338 6514 5338 6475 5339 6474 5339 6507 5339 6475 1593 6507 1593 6508 1593 6481 1593 6513 1593 6482 1593 6481 5340 6512 5340 6513 5340 6476 5341 6475 5341 6508 5341 6476 5342 6508 5342 6509 5342 6480 1593 6512 1593 6481 1593 6480 5343 6511 5343 6512 5343 6477 5344 6476 5344 6509 5344 6477 5345 6509 5345 6510 5345 6479 1593 6511 1593 6480 1593 6478 5346 6477 5346 6510 5346 6478 1593 6511 1593 6479 1593 6478 5347 6510 5347 6511 5347 6609 1593 6581 1593 6580 1593 6609 5348 6582 5348 6581 5348 6608 5349 6580 5349 6579 5349 6608 1593 6609 1593 6580 1593 6610 1593 6582 1593 6609 1593 6610 5350 6583 5350 6582 5350 6607 5351 6608 5351 6579 5351 6607 5352 6579 5352 6578 5352 6611 1593 6583 1593 6610 1593 6611 5353 6584 5353 6583 5353 6606 5354 6607 5354 6578 5354 6606 1593 6578 1593 6577 1593 6612 5355 6584 5355 6611 5355 6612 5356 6585 5356 6584 5356 6605 5357 6606 5357 6577 5357 6605 1593 6576 1593 6575 1593 6605 5358 6577 5358 6576 5358 6613 5359 6543 5359 6542 5359 6613 1593 6585 1593 6612 1593 6613 5360 6542 5360 6585 5360 6604 1593 6605 1593 6575 1593 6604 1593 6575 1593 6574 1593 6614 1593 6543 1593 6613 1593 6603 1593 6604 1593 6574 1593 6603 5361 6574 5361 6573 5361 6544 1593 6543 1593 6614 1593 6615 1593 6544 1593 6614 1593 6602 1593 6573 1593 6572 1593 6602 1593 6603 1593 6573 1593 6545 1593 6544 1593 6615 1593 6571 5362 6602 5362 6572 5362 6616 1593 6545 1593 6615 1593 6601 5363 6602 5363 6571 5363 6546 1593 6545 1593 6616 1593 6570 1593 6601 1593 6571 1593 6617 1593 6546 1593 6616 1593 6600 1593 6601 1593 6570 1593 6547 1593 6546 1593 6617 1593 6569 5364 6600 5364 6570 5364 6618 5365 6547 5365 6617 5365 6599 5366 6600 5366 6569 5366 6548 1593 6547 1593 6618 1593 6568 5367 6599 5367 6569 5367 6619 1593 6548 1593 6618 1593 6598 5368 6599 5368 6568 5368 6549 1593 6548 1593 6619 1593 6567 1593 6598 1593 6568 1593 6620 5369 6549 5369 6619 5369 6597 1593 6598 1593 6567 1593 6550 5370 6549 5370 6620 5370 6566 1593 6597 1593 6567 1593 6596 1593 6597 1593 6566 1593 6551 1593 6620 1593 6621 1593 6551 5371 6550 5371 6620 5371 6565 5372 6595 5372 6596 5372 6565 1593 6596 1593 6566 1593 6552 1593 6621 1593 6586 1593 6552 5373 6551 5373 6621 5373 6564 1593 6595 1593 6565 1593 6553 5374 6586 5374 6587 5374 6553 5375 6552 5375 6586 5375 6563 1593 6595 1593 6564 1593 6563 5376 6594 5376 6595 5376 6554 1593 6553 1593 6587 1593 6562 1593 6594 1593 6563 1593 6562 1593 6593 1593 6594 1593 6555 1593 6587 1593 6588 1593 6555 5377 6554 5377 6587 5377 6561 1593 6593 1593 6562 1593 6561 1593 6592 1593 6593 1593 6556 5378 6555 5378 6588 5378 6556 1593 6588 1593 6589 1593 6560 1593 6592 1593 6561 1593 6560 5379 6591 5379 6592 5379 6557 5380 6589 5380 6590 5380 6557 5381 6556 5381 6589 5381 6559 1593 6591 1593 6560 1593 6558 5382 6557 5382 6590 5382 6558 1593 6591 1593 6559 1593 6558 1593 6590 1593 6591 1593 6689 1593 6661 1593 6660 1593 6689 1593 6662 1593 6661 1593 6688 1593 6660 1593 6659 1593 6688 5383 6689 5383 6660 5383 6690 5384 6663 5384 6662 5384 6690 5385 6662 5385 6689 5385 6687 5313 6688 5313 6659 5313 6687 5386 6659 5386 6658 5386 6691 1593 6663 1593 6690 1593 6691 5387 6664 5387 6663 5387 6686 5388 6687 5388 6658 5388 6686 1593 6658 1593 6657 1593 6692 1593 6664 1593 6691 1593 6692 5389 6665 5389 6664 5389 6685 5390 6686 5390 6657 5390 6685 1593 6656 1593 6655 1593 6685 1593 6657 1593 6656 1593 6693 1593 6665 1593 6692 1593 6693 5391 6622 5391 6665 5391 6684 5392 6685 5392 6655 5392 6684 1593 6655 1593 6654 1593 6623 1593 6622 1593 6693 1593 6694 1593 6623 1593 6693 1593 6683 1593 6684 1593 6654 1593 6683 5393 6654 5393 6653 5393 6624 1593 6623 1593 6694 1593 6695 1593 6624 1593 6694 1593 6682 1593 6683 1593 6653 1593 6682 1593 6653 1593 6652 1593 6625 1593 6624 1593 6695 1593 6651 5394 6682 5394 6652 5394 6696 1593 6625 1593 6695 1593 6681 1593 6682 1593 6651 1593 6626 1593 6625 1593 6696 1593 6650 1593 6681 1593 6651 1593 6697 1593 6626 1593 6696 1593 6680 1593 6681 1593 6650 1593 6627 1593 6626 1593 6697 1593 6649 5395 6680 5395 6650 5395 6698 1593 6627 1593 6697 1593 6679 1593 6680 1593 6649 1593 6628 1593 6627 1593 6698 1593 6648 5396 6679 5396 6649 5396 6699 5397 6628 5397 6698 5397 6678 1593 6679 1593 6648 1593 6629 5398 6628 5398 6699 5398 6647 1593 6678 1593 6648 1593 6700 1593 6629 1593 6699 1593 6677 1593 6678 1593 6647 1593 6630 1593 6629 1593 6700 1593 6646 5399 6677 5399 6647 5399 6676 1593 6677 1593 6646 1593 6631 1593 6700 1593 6701 1593 6631 5400 6630 5400 6700 5400 6645 5401 6676 5401 6646 5401 6675 1593 6676 1593 6645 1593 6632 1593 6701 1593 6666 1593 6632 5402 6631 5402 6701 5402 6644 1593 6675 1593 6645 1593 6633 5334 6632 5334 6666 5334 6633 5403 6666 5403 6667 5403 6643 5404 6674 5404 6675 5404 6643 1593 6675 1593 6644 1593 6634 1593 6633 1593 6667 1593 6642 1593 6674 1593 6643 1593 6642 5405 6673 5405 6674 5405 6635 1593 6667 1593 6668 1593 6635 1593 6634 1593 6667 1593 6641 1593 6673 1593 6642 1593 6641 1593 6672 1593 6673 1593 6636 5406 6635 5406 6668 5406 6636 1593 6668 1593 6669 1593 6640 1593 6672 1593 6641 1593 6640 1593 6671 1593 6672 1593 6637 5407 6636 5407 6669 5407 6637 5408 6669 5408 6670 5408 6639 1593 6671 1593 6640 1593 6638 1593 6671 1593 6639 1593 6638 5409 6637 5409 6670 5409 6638 1593 6670 1593 6671 1593 6719 5410 6721 5411 6720 5412 6719 5410 6739 5413 6721 5411 6718 5414 6738 5415 6739 5413 6718 5414 6739 5413 6719 5410 6717 5416 6737 5417 6738 5415 6717 5416 6738 5415 6718 5414 6716 5418 6736 5419 6737 5417 6716 5418 6737 5417 6717 5416 6715 5420 6735 5421 6736 5419 6715 5420 6736 5419 6716 5418 6714 5422 6733 5423 6734 5424 6714 5422 6734 5424 6735 5421 6714 5422 6735 5421 6715 5420 6713 5425 6733 5423 6714 5422 6712 5426 6732 5427 6733 5423 6712 5426 6733 5423 6713 5425 6711 5428 6731 5429 6732 5427 6711 5428 6732 5427 6712 5426 6710 5430 6730 5431 6731 5429 6710 5430 6731 5429 6711 5428 6709 5432 6728 5433 6729 5434 6709 5432 6729 5434 6730 5431 6709 5432 6730 5431 6710 5430 6708 5435 6728 5433 6709 5432 6707 5436 6727 5437 6728 5433 6707 5436 6728 5433 6708 5435 6706 5438 6726 5439 6727 5437 6706 5438 6727 5437 6707 5436 6705 5440 6726 5439 6706 5438 6705 5440 6725 5441 6726 5439 6704 5442 6725 5441 6705 5440 6704 5442 6724 5443 6725 5441 6703 5444 6724 5443 6704 5442 6703 5444 6723 5445 6724 5443 6702 5446 6723 5445 6703 5444 6702 5446 6722 5447 6723 5445 6757 5448 6759 5449 6758 5450 6757 5448 6777 5451 6759 5449 6756 5452 6776 5453 6777 5451 6756 5452 6777 5451 6757 5448 6755 5454 6775 5455 6776 5453 6755 5454 6776 5453 6756 5452 6754 5456 6774 5457 6775 5455 6754 5456 6775 5455 6755 5454 6753 5458 6773 5459 6774 5457 6753 5458 6774 5457 6754 5456 6752 5460 6772 5461 6773 5459 6752 5460 6773 5459 6753 5458 6751 5462 6771 5463 6772 5461 6751 5462 6772 5461 6752 5460 6750 5464 6770 5465 6771 5463 6750 5464 6771 5463 6751 5462 6749 5466 6769 5467 6770 5465 6749 5466 6770 5465 6750 5464 6748 5468 6768 5469 6769 5467 6748 5468 6769 5467 6749 5466 6747 5470 6767 5471 6768 5469 6747 5470 6768 5469 6748 5468 6746 5472 6766 5473 6767 5471 6746 5472 6767 5471 6747 5470 6745 5474 6765 5475 6766 5473 6745 5474 6766 5473 6746 5472 6744 5476 6764 5477 6765 5475 6744 5476 6765 5475 6745 5474 6743 5478 6764 5477 6744 5476 6743 5478 6762 5479 6763 5480 6743 5478 6763 5480 6764 5477 6742 5481 6762 5479 6743 5478 6741 5482 6762 5479 6742 5481 6741 5482 6761 5483 6762 5479 6740 5484 6761 5483 6741 5482 6740 5484 6760 5485 6761 5483 6805 5486 6814 5487 6806 5488 6804 5489 6813 5490 6814 5487 6804 5489 6814 5487 6805 5486 6803 5491 6812 5492 6813 5490 6803 5491 6813 5490 6804 5489 6802 5493 6811 5494 6812 5492 6802 5493 6812 5492 6803 5491 6801 5495 6810 5496 6811 5494 6801 5495 6811 5494 6802 5493 6800 5497 6809 5498 6810 5496 6800 5497 6810 5496 6801 5495 6799 5499 6808 5500 6809 5498 6799 5499 6809 5498 6800 5497 6815 5501 6807 5502 6808 5500 6815 5501 6808 5500 6799 5499 6798 5503 6815 5501 6799 5499 6797 5504 6819 5505 6815 5501 6797 5504 6815 5501 6798 5503 6796 5506 6817 5507 6818 5508 6796 5506 6818 5508 6819 5505 6796 5506 6819 5505 6797 5504 6816 5509 6785 5510 6786 5511 6795 5512 6816 5509 6817 5507 6795 5512 6817 5507 6796 5506 6794 5513 6816 5509 6795 5512 6793 5514 6816 5509 6794 5513 6793 5514 6784 5515 6785 5510 6793 5514 6785 5510 6816 5509 6792 5516 6783 5517 6784 5515 6792 5516 6784 5515 6793 5514 6791 5518 6783 5517 6792 5516 6791 5518 6782 5519 6783 5517 6790 5520 6781 5521 6782 5519 6790 5520 6782 5519 6791 5518 6789 5522 6780 5523 6781 5521 6789 5522 6781 5521 6790 5520 6788 5524 6779 5525 6780 5523 6788 5524 6780 5523 6789 5522 6787 5526 6778 5527 6779 5525 6787 5526 6779 5525 6788 5524 6879 5528 6844 5528 6843 5528 6878 1593 6843 1593 6842 1593 6878 5529 6879 5529 6843 5529 6880 5530 6845 5530 6844 5530 6880 1593 6844 1593 6879 1593 6877 5531 6842 5531 6841 5531 6877 5532 6878 5532 6842 5532 6881 5533 6846 5533 6845 5533 6881 5534 6845 5534 6880 5534 6876 5535 6841 5535 6840 5535 6876 5536 6877 5536 6841 5536 6882 1593 6846 1593 6881 1593 6875 1593 6840 1593 6839 1593 6875 5537 6876 5537 6840 5537 6847 1593 6846 1593 6882 1593 6883 5538 6847 5538 6882 5538 6874 5539 6875 5539 6839 5539 6874 1593 6839 1593 6838 1593 6848 5540 6847 5540 6883 5540 6837 1593 6874 1593 6838 1593 6884 1593 6848 1593 6883 1593 6873 1593 6874 1593 6837 1593 6849 1593 6848 1593 6884 1593 6836 1593 6873 1593 6837 1593 6885 5541 6849 5541 6884 5541 6872 5542 6873 5542 6836 5542 6850 5535 6849 5535 6885 5535 6835 5543 6872 5543 6836 5543 6886 5544 6850 5544 6885 5544 6871 5536 6872 5536 6835 5536 6851 1593 6850 1593 6886 1593 6834 5545 6871 5545 6835 5545 6887 5546 6851 5546 6886 5546 6870 1593 6871 1593 6834 1593 6852 5547 6851 5547 6887 5547 6852 1593 6887 1593 6888 1593 6833 5548 6870 5548 6834 5548 6833 5549 6869 5549 6870 5549 6853 5550 6852 5550 6888 5550 6853 1593 6888 1593 6889 1593 6832 1593 6868 1593 6869 1593 6832 5551 6869 5551 6833 5551 6854 1593 6853 1593 6889 1593 6854 1593 6889 1593 6890 1593 6831 5552 6868 5552 6832 5552 6831 5553 6867 5553 6868 5553 6855 5554 6854 5554 6890 5554 6855 5538 6890 5538 6891 5538 6830 5555 6866 5555 6867 5555 6830 1593 6867 1593 6831 1593 6829 5555 6865 5555 6866 5555 6829 1593 6866 1593 6830 1593 6820 1593 6891 1593 6856 1593 6820 5556 6855 5556 6891 5556 6857 1593 6820 1593 6856 1593 6828 5541 6864 5541 6865 5541 6828 5557 6865 5557 6829 5557 6821 1593 6820 1593 6857 1593 6827 5558 6863 5558 6864 5558 6827 1593 6864 1593 6828 1593 6822 5559 6857 5559 6858 5559 6822 1593 6858 1593 6859 1593 6822 1593 6821 1593 6857 1593 6823 1593 6859 1593 6860 1593 6823 1593 6822 1593 6859 1593 6826 5544 6862 5544 6863 5544 6826 1593 6863 1593 6827 1593 6824 5550 6823 5550 6860 5550 6824 1593 6860 1593 6861 1593 6825 1593 6862 1593 6826 1593 6825 5558 6861 5558 6862 5558 6825 5560 6824 5560 6861 5560 6951 1593 6915 1593 6914 1593 6950 1593 6914 1593 6913 1593 6950 5561 6951 5561 6914 5561 6952 5562 6916 5562 6915 5562 6952 5563 6915 5563 6951 5563 6949 1593 6913 1593 6912 1593 6949 5564 6950 5564 6913 5564 6953 5565 6917 5565 6916 5565 6953 1593 6916 1593 6952 1593 6948 1593 6912 1593 6911 1593 6948 1593 6949 1593 6912 1593 6954 5566 6918 5566 6917 5566 6954 5567 6917 5567 6953 5567 6947 1593 6948 1593 6911 1593 6910 5568 6947 5568 6911 5568 6955 5569 6918 5569 6954 5569 6955 5570 6919 5570 6918 5570 6946 1593 6947 1593 6910 1593 6956 5571 6919 5571 6955 5571 6956 5572 6920 5572 6919 5572 6945 1593 6910 1593 6909 1593 6945 1593 6946 1593 6910 1593 6957 1593 6920 1593 6956 1593 6957 5573 6921 5573 6920 5573 6944 5574 6945 5574 6909 5574 6944 1593 6909 1593 6908 1593 6958 1593 6921 1593 6957 1593 6958 5575 6922 5575 6921 5575 6943 1593 6908 1593 6907 1593 6943 1593 6944 1593 6908 1593 6959 1593 6923 1593 6922 1593 6959 1593 6922 1593 6958 1593 6942 5576 6907 5576 6906 5576 6942 1593 6943 1593 6907 1593 6960 5577 6923 5577 6959 5577 6941 1593 6942 1593 6906 1593 6924 1593 6923 1593 6960 1593 6905 5578 6941 5578 6906 5578 6961 5577 6924 5577 6960 5577 6940 1593 6941 1593 6905 1593 6925 1593 6924 1593 6961 1593 6904 5579 6940 5579 6905 5579 6962 1593 6925 1593 6961 1593 6939 1593 6940 1593 6904 1593 6926 5580 6925 5580 6962 5580 6903 1593 6939 1593 6904 1593 6963 5581 6926 5581 6962 5581 6938 1593 6939 1593 6903 1593 6927 1593 6926 1593 6963 1593 6902 1593 6938 1593 6903 1593 6937 1593 6938 1593 6902 1593 6901 1593 6937 1593 6902 1593 6892 1593 6963 1593 6928 1593 6892 5582 6927 5582 6963 5582 6936 1593 6937 1593 6901 1593 6900 1593 6935 1593 6936 1593 6900 1593 6936 1593 6901 1593 6893 1593 6928 1593 6929 1593 6893 1593 6892 1593 6928 1593 6899 1593 6934 1593 6935 1593 6899 1593 6935 1593 6900 1593 6894 1593 6929 1593 6930 1593 6894 5570 6893 5570 6929 5570 6895 1593 6894 1593 6930 1593 6895 5569 6930 5569 6931 5569 6898 1593 6934 1593 6899 1593 6898 1593 6933 1593 6934 1593 6896 5583 6895 5583 6931 5583 6896 1593 6931 1593 6932 1593 6897 1593 6933 1593 6898 1593 6897 1593 6896 1593 6932 1593 6897 1593 6932 1593 6933 1593 6964 1593 6968 1593 6965 1593 6965 1593 6968 1593 6966 1593 6966 1593 6968 1593 6967 1593 6969 5584 6971 5584 6972 5584 6970 5585 6969 5585 6972 5585 7030 5586 6981 5586 6980 5586 7029 1593 6980 1593 6979 1593 7029 5587 7030 5587 6980 5587 7031 1593 6982 1593 6981 1593 7031 1593 6981 1593 7030 1593 7028 5588 6979 5588 6978 5588 7028 1593 7029 1593 6979 1593 7032 5589 6973 5590 6982 5591 7032 1593 6982 1593 7031 1593 7027 1593 6978 1593 6977 1593 7027 5592 7028 5592 6978 5592 7033 5593 6973 5590 7032 5589 7026 1593 6977 1593 6976 1593 7026 1593 7027 1593 6977 1593 7034 5594 6973 5590 7033 5593 7025 1593 6976 1593 6975 1593 7025 5595 7026 5595 6976 5595 6990 1593 7025 1593 6975 1593 7024 1593 7025 1593 6990 1593 6974 5596 7034 5594 7035 5597 6974 5596 6973 5590 7034 5594 6989 5598 7024 5598 6990 5598 7036 5599 6974 5596 7035 5597 7023 1593 7024 1593 6989 1593 7000 5600 6974 5596 7036 5599 6988 5601 7023 5601 6989 5601 7037 5602 7000 5602 7036 5602 7022 5603 7023 5603 6988 5603 7001 1593 7000 1593 7037 1593 6987 5604 7022 5604 6988 5604 7038 1593 7001 1593 7037 1593 7021 5605 7022 5605 6987 5605 7002 1593 7001 1593 7038 1593 6986 5606 7021 5606 6987 5606 7039 5607 7002 5607 7038 5607 7020 5608 7021 5608 6986 5608 7003 1593 7002 1593 7039 1593 6985 5609 7020 5609 6986 5609 7040 5610 7003 5610 7039 5610 7019 1593 7020 1593 6985 1593 7004 1593 7003 1593 7040 1593 6984 5611 7019 5611 6985 5611 7041 5612 7004 5612 7040 5612 7018 1593 7019 1593 6984 1593 7005 1593 7004 1593 7041 1593 6983 5613 7018 5613 6984 5613 7042 5614 7005 5614 7041 5614 7017 5615 7018 5615 6983 5615 7006 5616 7005 5616 7042 5616 7007 5617 7006 5617 7042 5617 7016 1593 7017 1593 6983 1593 6992 1593 7006 1593 7007 1593 6993 1593 7007 1593 7008 1593 6993 1593 6992 1593 7007 1593 6991 5618 7014 5618 7015 5618 6991 5619 7015 5619 7016 5619 6991 1593 7016 1593 6983 1593 6994 1593 7008 1593 7009 1593 6994 5620 6993 5620 7008 5620 6999 1593 7013 1593 7014 1593 6999 5621 7014 5621 6991 5621 6995 5622 7009 5622 7010 5622 6995 5623 6994 5623 7009 5623 6998 1593 7012 1593 7013 1593 6998 5624 7013 5624 6999 5624 6996 5625 6995 5625 7010 5625 6996 5626 7010 5626 7011 5626 6997 5627 7012 5627 6998 5627 6997 5628 6996 5628 7011 5628 6997 5629 7011 5629 7012 5629 7045 889 7044 889 7043 889 7045 889 7046 889 7044 889 7047 1593 7051 1593 7048 1593 7048 1593 7051 1593 7050 1593 7048 1593 7050 1593 7049 1593 7089 5630 7053 5631 7052 5632 7089 5630 7052 5632 7071 5633 7088 5634 7071 5633 7070 5635 7088 5634 7089 5630 7071 5633 7087 5636 7070 5635 7069 5637 7087 5636 7088 5634 7070 5635 7086 5638 7069 5637 7068 5639 7086 5638 7087 5636 7069 5637 7085 5640 7068 5639 7067 5641 7085 5640 7086 5638 7068 5639 7084 5642 7067 5641 7066 5643 7084 5642 7085 5640 7067 5641 7083 5644 7066 5643 7065 5645 7083 5644 7084 5642 7066 5643 7082 5646 7064 5647 7063 5648 7082 5646 7065 5645 7064 5647 7082 5646 7083 5644 7065 5645 7081 4062 7082 5646 7063 5648 7080 5649 7063 5648 7062 5650 7080 5649 7081 4062 7063 5648 7079 5651 7062 5650 7061 5652 7079 5651 7080 5649 7062 5650 7078 5653 7060 5654 7059 5655 7078 5653 7061 5652 7060 5654 7078 5653 7079 5651 7061 5652 7077 5656 7078 5653 7059 5655 7076 5657 7059 5655 7058 5658 7076 5657 7077 5656 7059 5655 7075 5659 7076 5657 7058 5658 7075 5659 7058 5658 7057 5660 7074 5661 7075 5659 7057 5660 7074 5661 7056 5662 7055 5663 7074 5661 7057 5660 7056 5662 7073 5664 7074 5661 7055 5663 7072 5665 7055 5663 7054 5666 7072 5665 7073 5664 7055 5663 7127 5667 7091 5668 7090 5669 7127 5667 7090 5669 7109 5670 7126 5671 7109 5670 7108 5672 7126 5671 7127 5667 7109 5670 7125 5673 7108 5672 7107 5674 7125 5673 7126 5671 7108 5672 7124 5675 7107 5674 7106 5676 7124 5675 7125 5673 7107 5674 7123 5677 7106 5676 7105 5678 7123 5677 7124 5675 7106 5676 7122 5679 7105 5678 7104 5680 7122 5679 7123 5677 7105 5678 7121 5681 7104 5680 7103 5682 7121 5681 7122 5679 7104 5680 7120 5683 7103 5682 7102 5684 7120 5683 7121 5681 7103 5682 7119 5685 7102 5684 7101 5686 7119 5685 7120 5683 7102 5684 7118 5687 7101 5686 7100 5688 7118 5687 7119 5685 7101 5686 7117 5689 7100 5688 7099 5690 7117 5689 7118 5687 7100 5688 7116 5691 7099 5690 7098 5692 7116 5691 7117 5689 7099 5690 7115 5693 7098 5692 7097 5694 7115 5693 7116 5691 7098 5692 7114 5695 7097 5694 7096 5696 7114 5695 7115 5693 7097 5694 7113 5697 7114 5695 7096 5696 7113 5697 7096 5696 7095 5698 7112 5699 7113 5697 7095 5698 7112 5699 7095 5698 7094 5700 7111 5701 7094 5700 7093 5702 7111 5701 7112 5699 7094 5700 7110 5703 7093 5702 7092 5704 7110 5703 7111 5701 7093 5702 7165 5705 7129 5706 7128 5707 7165 5705 7128 5707 7147 5708 7164 5709 7147 5708 7146 5710 7164 5709 7165 5705 7147 5708 7163 5711 7146 5710 7145 5712 7163 5711 7164 5709 7146 5710 7162 5713 7144 5714 7143 5715 7162 5713 7145 5712 7144 5714 7162 5713 7163 5711 7145 5712 7161 5716 7162 5713 7143 5715 7160 5717 7143 5715 7142 5718 7160 5717 7161 5716 7143 5715 7159 5719 7141 5720 7140 5721 7159 5719 7142 5718 7141 5720 7159 5719 7160 5717 7142 5718 7158 5722 7140 5721 7139 5723 7158 5722 7159 5719 7140 5721 7157 4062 7158 5722 7139 5723 7156 5724 7139 5723 7138 5725 7156 5724 7157 4062 7139 5723 7155 5726 7138 5725 7137 5727 7155 5726 7156 5724 7138 5725 7154 5728 7136 5729 7135 5730 7154 5728 7137 5727 7136 5729 7154 5728 7155 5726 7137 5727 7153 5731 7154 5728 7135 5730 7152 5732 7153 5731 7135 5730 7152 5732 7135 5730 7134 5733 7151 5734 7134 5733 7133 5659 7151 5734 7152 5732 7134 5733 7150 5735 7151 5734 7133 5659 7150 5735 7133 5659 7132 5736 7149 5737 7131 5738 7130 5739 7149 5737 7132 5736 7131 5738 7149 5737 7150 5735 7132 5736 7148 5740 7149 5737 7130 5739 7370 1593 7369 1593 7368 1593 7367 1593 7370 1593 7368 1593 7372 1593 7371 1593 7370 1593 7373 5836 7372 5836 7370 5836 7375 1593 7374 1593 7373 1593 7375 1593 7373 1593 7370 1593 7360 1593 7362 1593 7361 1593 7378 5837 7364 5837 7363 5837 7378 5838 7365 5838 7364 5838 7378 5839 7366 5839 7365 5839 7378 1593 7367 1593 7366 1593 7378 5840 7376 5840 7375 5840 7378 5841 7377 5841 7376 5841 7378 1593 7370 1593 7367 1593 7378 5842 7375 5842 7370 5842 7358 5843 7360 5843 7359 5843 7358 5844 7363 5844 7362 5844 7358 1593 7362 1593 7360 1593 7358 1593 7378 1593 7363 1593 7381 1593 7380 1593 7379 1593 7355 1593 7357 1593 7356 1593 7355 1593 7358 1593 7357 1593 7355 1593 7378 1593 7358 1593 7347 5845 7379 5845 7378 5845 7347 1593 7346 1593 7381 1593 7347 1593 7381 1593 7379 1593 7353 5846 7355 5846 7354 5846 7352 5847 7355 5847 7353 5847 7350 5848 7348 5848 7347 5848 7350 1593 7349 1593 7348 1593 7350 1593 7347 1593 7378 1593 7351 5849 7355 5849 7352 5849 7351 5850 7350 5850 7378 5850 7351 1593 7378 1593 7355 1593 7579 5945 7581 5946 7580 5947 7579 5945 7599 5948 7581 5946 7578 5949 7598 5950 7599 5948 7578 5949 7599 5948 7579 5945 7577 5951 7597 5952 7598 5950 7577 5951 7598 5950 7578 5949 7576 5953 7596 5954 7597 5952 7576 5953 7597 5952 7577 5951 7575 5955 7595 5956 7596 5954 7575 5955 7596 5954 7576 5953 7574 5957 7594 5958 7595 5956 7574 5957 7595 5956 7575 5955 7573 5959 7593 5960 7594 5958 7573 5959 7594 5958 7574 5957 7572 5961 7592 5962 7593 5960 7572 5961 7593 5960 7573 5959 7571 5963 7591 5964 7592 5962 7571 5963 7592 5962 7572 5961 7570 5965 7590 5966 7591 5964 7570 5965 7591 5964 7571 5963 7569 5967 7589 5968 7590 5966 7569 5967 7590 5966 7570 5965 7568 5969 7588 5970 7589 5968 7568 5969 7589 5968 7569 5967 7567 5971 7587 5972 7588 5970 7567 5971 7588 5970 7568 5969 7566 5973 7586 5974 7587 5972 7566 5973 7587 5972 7567 5971 7565 5975 7586 5974 7566 5973 7565 5975 7585 5976 7586 5974 7564 5977 7585 5976 7565 5975 7564 5977 7584 5978 7585 5976 7563 5979 7584 5978 7564 5977 7563 5979 7583 5980 7584 5978 7562 5981 7583 5980 7563 5979 7562 5981 7582 5982 7583 5980 7617 5983 7619 5984 7618 5985 7617 5983 7637 5986 7619 5984 7616 5987 7636 5988 7637 5986 7616 5987 7637 5986 7617 5983 7615 5989 7635 5990 7636 5988 7615 5989 7636 5988 7616 5987 7614 5991 7634 5992 7635 5990 7614 5991 7635 5990 7615 5989 7613 5955 7633 5956 7634 5992 7613 5955 7634 5992 7614 5991 7612 5993 7632 5994 7633 5956 7612 5993 7633 5956 7613 5955 7611 5995 7631 5996 7632 5994 7611 5995 7632 5994 7612 5993 7610 5997 7630 5998 7631 5996 7610 5997 7631 5996 7611 5995 7609 5999 7629 6000 7630 5998 7609 5999 7630 5998 7610 5997 7608 6001 7628 6002 7629 6000 7608 6001 7629 6000 7609 5999 7607 6003 7627 6004 7628 6002 7607 6003 7628 6002 7608 6001 7606 6005 7626 6006 7627 6004 7606 6005 7627 6004 7607 6003 7605 5971 7625 5972 7626 6006 7605 5971 7626 6006 7606 6005 7604 6007 7624 6008 7625 5972 7604 6007 7625 5972 7605 5971 7603 6009 7624 6008 7604 6007 7603 6009 7623 6010 7624 6008 7602 6011 7623 6010 7603 6009 7602 6011 7622 6012 7623 6010 7601 6013 7622 6012 7602 6011 7601 6013 7620 6014 7621 6015 7601 6013 7621 6015 7622 6012 7600 6016 7620 6014 7601 6013 7655 6017 7657 6018 7656 6019 7655 6017 7675 6020 7657 6018 7654 6021 7674 5950 7675 6020 7654 6021 7675 6020 7655 6017 7653 6022 7672 6023 7673 6024 7653 6022 7673 6024 7674 5950 7653 6022 7674 5950 7654 6021 7652 6025 7672 6023 7653 6022 7651 5955 7671 5956 7672 6023 7651 5955 7672 6023 7652 6025 7650 5957 7670 6026 7671 5956 7650 5957 7671 5956 7651 5955 7649 6027 7669 6028 7670 6026 7649 6027 7670 6026 7650 5957 7648 6029 7668 6030 7669 6028 7648 6029 7669 6028 7649 6027 7647 6031 7666 6032 7667 6033 7647 6031 7667 6033 7668 6030 7647 6031 7668 6030 7648 6029 7646 6001 7665 6034 7666 6032 7646 6001 7666 6032 7647 6031 7645 6035 7665 6034 7646 6001 7644 6036 7663 6037 7664 6038 7644 6036 7664 6038 7665 6034 7644 6036 7665 6034 7645 6035 7643 6037 7663 6037 7644 6036 7642 6007 7662 6008 7663 6037 7642 6007 7663 6037 7643 6037 7641 6039 7661 6040 7662 6008 7641 6039 7662 6008 7642 6007 7640 6041 7661 6040 7641 6039 7640 6041 7659 6042 7660 6043 7640 6041 7660 6043 7661 6040 7639 6044 7659 6042 7640 6041 7638 6045 7659 6042 7639 6044 7638 6045 7658 6046 7659 6042 7693 6047 7695 6048 7694 6049 7693 6047 7713 6050 7695 6048 7692 5987 7712 6051 7713 6050 7692 5987 7713 6050 7693 6047 7691 6052 7711 6053 7712 6051 7691 6052 7712 6051 7692 5987 7690 6054 7710 5992 7711 6053 7690 6054 7711 6053 7691 6052 7689 5955 7709 5956 7710 5992 7689 5955 7710 5992 7690 6054 7688 6055 7707 6056 7708 6057 7688 6055 7708 6057 7709 5956 7688 6055 7709 5956 7689 5955 7687 6058 7707 6056 7688 6055 7686 6059 7706 6060 7707 6056 7686 6059 7707 6056 7687 6058 7685 4062 7704 6061 7705 4062 7685 4062 7705 4062 7706 6060 7685 4062 7706 6060 7686 6059 7684 6062 7703 6063 7704 6061 7684 6062 7704 6061 7685 4062 7683 6064 7703 6063 7684 6062 7682 6065 7702 6066 7703 6063 7682 6065 7703 6063 7683 6064 7681 6067 7701 6068 7702 6066 7681 6067 7702 6066 7682 6065 7680 6069 7700 6070 7701 6068 7680 6069 7701 6068 7681 6067 7679 6071 7699 6072 7700 6070 7679 6071 7700 6070 7680 6069 7678 6073 7698 6074 7699 6072 7678 6073 7699 6072 7679 6071 7677 6075 7698 6074 7678 6073 7677 6075 7697 6076 7698 6074 7676 6077 7697 6076 7677 6075 7676 6077 7696 6078 7697 6076 7731 6079 7733 6080 7732 6081 7731 6079 7751 6082 7733 6080 7730 6083 7749 6084 7750 6085 7730 6083 7750 6085 7751 6082 7730 6083 7751 6082 7731 6079 7729 6086 7749 6084 7730 6083 7728 6087 7748 6088 7749 6084 7728 6087 7749 6084 7729 6086 7727 5678 7746 6089 7747 6090 7727 5678 7747 6090 7748 6088 7727 5678 7748 6088 7728 6087 7726 6091 7746 6089 7727 5678 7725 6092 7745 6093 7746 6089 7725 6092 7746 6089 7726 6091 7724 6094 7744 6095 7745 6093 7724 6094 7745 6093 7725 6092 7723 6096 7743 6097 7744 6095 7723 6096 7744 6095 7724 6094 7722 6098 7741 6099 7742 5431 7722 6098 7742 5431 7743 6097 7722 6098 7743 6097 7723 6096 7721 6100 7741 6099 7722 6098 7720 6101 7740 6102 7741 6099 7720 6101 7741 6099 7721 6100 7719 6103 7738 6104 7739 6105 7719 6103 7739 6105 7740 6102 7719 6103 7740 6102 7720 6101 7718 6106 7738 6104 7719 6103 7717 6107 7738 6104 7718 6106 7717 6107 7737 6108 7738 6104 7716 6109 7737 6108 7717 6107 7716 6109 7736 6110 7737 6108 7715 6111 7736 6110 7716 6109 7715 6111 7734 6112 7735 6113 7715 6111 7735 6113 7736 6110 7714 6114 7734 6112 7715 6111 7770 6115 7789 6116 7771 6117 7769 6118 7788 6119 7789 6116 7769 6118 7789 6116 7770 6115 7768 6120 7787 6121 7788 6119 7768 6120 7788 6119 7769 6118 7767 6122 7786 6123 7787 6121 7767 6122 7787 6121 7768 6120 7766 6124 7785 6125 7786 6123 7766 6124 7786 6123 7767 6122 7765 6126 7784 6127 7785 6125 7765 6126 7785 6125 7766 6124 7764 6128 7784 6127 7765 6126 7763 6129 7782 6130 7783 6131 7763 6129 7783 6131 7784 6127 7763 6129 7784 6127 7764 6128 7762 6132 7782 6130 7763 6129 7761 6133 7780 6134 7781 6135 7761 6133 7781 6135 7782 6130 7761 6133 7782 6130 7762 6132 7760 6136 7779 6137 7780 6134 7760 6136 7780 6134 7761 6133 7759 6138 7778 6139 7779 6137 7759 6138 7779 6137 7760 6136 7758 6140 7778 6139 7759 6138 7757 6141 7777 6142 7778 6139 7757 6141 7778 6139 7758 6140 7756 6143 7775 6144 7776 5733 7756 6143 7776 5733 7777 6142 7756 6143 7777 6142 7757 6141 7755 6145 7775 6144 7756 6143 7754 6146 7775 6144 7755 6145 7754 6146 7773 6147 7774 6148 7754 6146 7774 6148 7775 6144 7753 6149 7773 6147 7754 6146 7752 6150 7773 6147 7753 6149 7752 6150 7772 6151 7773 6147 7807 6152 7809 6153 7808 6154 7807 6152 7827 6155 7809 6153 7806 6156 7826 6157 7827 6155 7806 6156 7827 6155 7807 6152 7805 6158 7825 6159 7826 6157 7805 6158 7826 6157 7806 6156 7804 6160 7824 6161 7825 6159 7804 6160 7825 6159 7805 6158 7803 6162 7823 6163 7824 6161 7803 6162 7824 6161 7804 6160 7802 6164 7822 6165 7823 6163 7802 6164 7823 6163 7803 6162 7801 6166 7821 6167 7822 6165 7801 6166 7822 6165 7802 6164 7800 6168 7820 6169 7821 6167 7800 6168 7821 6167 7801 6166 7799 6170 7818 6171 7819 6172 7799 6170 7819 6172 7820 6169 7799 6170 7820 6169 7800 6168 7798 6173 7818 6171 7799 6170 7797 6174 7816 6175 7817 6176 7797 6174 7817 6176 7818 6171 7797 6174 7818 6171 7798 6173 7796 6177 7816 6175 7797 6174 7795 6178 7815 6179 7816 6175 7795 6178 7816 6175 7796 6177 7794 6180 7814 6181 7815 6179 7794 6180 7815 6179 7795 6178 7793 6182 7814 6181 7794 6180 7793 6182 7813 6183 7814 6181 7792 6184 7813 6183 7793 6182 7792 6184 7812 6185 7813 6183 7791 6186 7812 6185 7792 6184 7791 6186 7811 6187 7812 6185 7790 6188 7811 6187 7791 6186 7790 6188 7810 6189 7811 6187 7845 6190 7847 6191 7846 6192 7845 6190 7865 6193 7847 6191 7844 6194 7864 6195 7865 6193 7844 6194 7865 6193 7845 6190 7843 6196 7863 6197 7864 6195 7843 6196 7864 6195 7844 6194 7842 6198 7862 6199 7863 6197 7842 6198 7863 6197 7843 6196 7841 6200 7861 6201 7862 6199 7841 6200 7862 6199 7842 6198 7840 6202 7859 6203 7860 6204 7840 6202 7860 6204 7861 6201 7840 6202 7861 6201 7841 6200 7839 6205 7859 6203 7840 6202 7838 6206 7857 4062 7858 6207 7838 6206 7858 6207 7859 6203 7838 6206 7859 6203 7839 6205 7837 4062 7857 4062 7838 6206 7836 6208 7856 6209 7857 4062 7836 6208 7857 4062 7837 4062 7835 6210 7854 6211 7855 6212 7835 6210 7855 6212 7856 6209 7835 6210 7856 6209 7836 6208 7834 6213 7854 6211 7835 6210 7833 6214 7853 6215 7854 6211 7833 6214 7854 6211 7834 6213 7832 6216 7852 6217 7853 6215 7832 6216 7853 6215 7833 6214 7831 6218 7852 6217 7832 6216 7831 6218 7850 6219 7851 6220 7831 6218 7851 6220 7852 6217 7830 6011 7850 6219 7831 6218 7829 6221 7850 6219 7830 6011 7829 6221 7848 6222 7849 6223 7829 6221 7849 6223 7850 6219 7828 6224 7848 6222 7829 6221 7894 6225 7891 6225 7890 6225 7894 1593 7892 1593 7891 1593 7894 1593 7893 1593 7892 1593 7883 1593 7885 1593 7884 1593 7883 6226 7886 6226 7885 6226 7883 6227 7887 6227 7886 6227 7883 6228 7888 6228 7887 6228 7883 6229 7889 6229 7888 6229 7883 6230 7890 6230 7889 6230 7896 6231 7895 6231 7894 6231 7879 6232 7881 6232 7880 6232 7879 6233 7882 6233 7881 6233 7879 6234 7883 6234 7882 6234 7877 6235 7879 6235 7878 6235 7901 6236 7897 6236 7896 6236 7901 6237 7898 6237 7897 6237 7901 6238 7899 6238 7898 6238 7901 1593 7900 1593 7899 1593 7901 6239 7894 6239 7890 6239 7901 6240 7896 6240 7894 6240 7875 1593 7877 1593 7876 1593 7868 6241 7867 6241 7866 6241 7868 1593 7866 1593 7901 1593 7873 6242 7875 6242 7874 6242 7870 6243 7869 6243 7868 6243 7871 6244 7870 6244 7868 6244 7871 6231 7873 6231 7872 6231 7871 1593 7890 1593 7883 1593 7871 1593 7883 1593 7879 1593 7871 1593 7879 1593 7877 1593 7871 1593 7901 1593 7890 1593 7871 6245 7877 6245 7875 6245 7871 6246 7875 6246 7873 6246 7871 6247 7868 6247 7901 6247 7926 6248 7924 6248 7923 6248 7926 6249 7925 6249 7924 6249 7921 1593 7923 1593 7922 1593 7921 1593 7926 1593 7923 1593 7919 1593 7921 1593 7920 1593 7931 1593 7929 1593 7928 1593 7931 1593 7930 1593 7929 1593 7916 6232 7918 6232 7917 6232 7916 6250 7919 6250 7918 6250 7934 6243 7933 6243 7932 6243 7914 6251 7916 6251 7915 6251 7936 1593 7935 1593 7934 1593 7912 6252 7914 6252 7913 6252 7912 6253 7927 6253 7926 6253 7912 6254 7928 6254 7927 6254 7912 6255 7926 6255 7921 6255 7912 1593 7921 1593 7919 1593 7912 6256 7916 6256 7914 6256 7912 6257 7919 6257 7916 6257 7910 1593 7912 1593 7911 1593 7910 1593 7928 1593 7912 1593 7903 6258 7937 6258 7936 6258 7903 1593 7902 1593 7937 1593 7908 6259 7910 6259 7909 6259 7908 6260 7931 6260 7928 6260 7908 6261 7928 6261 7910 6261 7905 1593 7904 1593 7903 1593 7905 6262 7936 6262 7934 6262 7905 1593 7903 1593 7936 1593 7906 6263 7908 6263 7907 6263 7906 6264 7905 6264 7934 6264 7906 6265 7932 6265 7931 6265 7906 1593 7931 1593 7908 1593 7906 6266 7934 6266 7932 6266 7966 6267 7963 6267 7962 6267 7966 1593 7964 1593 7963 1593 7966 1593 7965 1593 7964 1593 7955 1593 7957 1593 7956 1593 7955 6250 7958 6250 7957 6250 7955 6268 7959 6268 7958 6268 7955 6269 7960 6269 7959 6269 7955 6229 7961 6229 7960 6229 7955 6270 7962 6270 7961 6270 7968 6259 7967 6259 7966 6259 7951 6271 7953 6271 7952 6271 7951 6272 7954 6272 7953 6272 7951 6273 7955 6273 7954 6273 7949 6271 7951 6271 7950 6271 7973 6274 7969 6274 7968 6274 7973 6237 7970 6237 7969 6237 7973 6275 7971 6275 7970 6275 7973 1593 7972 1593 7971 1593 7973 6239 7966 6239 7962 6239 7973 6276 7968 6276 7966 6276 7947 1593 7949 1593 7948 1593 7940 1593 7939 1593 7938 1593 7940 1593 7938 1593 7973 1593 7945 1593 7947 1593 7946 1593 7942 1593 7941 1593 7940 1593 7943 6277 7942 6277 7940 6277 7943 6278 7945 6278 7944 6278 7943 1593 7962 1593 7955 1593 7943 1593 7955 1593 7951 1593 7943 1593 7951 1593 7949 1593 7943 1593 7973 1593 7962 1593 7943 6279 7949 6279 7947 6279 7943 6280 7947 6280 7945 6280 7943 1593 7940 1593 7973 1593 7995 6235 7997 6235 7996 6235 7995 6281 7998 6281 7997 6281 8000 1593 7999 1593 7998 1593 8002 1593 8001 1593 8000 1593 7991 1593 7993 1593 7992 1593 7991 6282 7994 6282 7993 6282 7991 6283 7995 6283 7994 6283 8004 1593 8003 1593 8002 1593 7988 6271 7990 6271 7989 6271 8006 6284 8005 6284 8004 6284 8006 1593 7998 1593 7995 1593 8006 6285 8000 6285 7998 6285 8006 1593 8002 1593 8000 1593 8006 6286 8004 6286 8002 6286 7986 6249 7988 6249 7987 6249 7985 1593 7988 1593 7986 1593 7984 6287 7991 6287 7990 6287 7984 1593 7990 1593 7988 1593 7984 1593 7988 1593 7985 1593 7982 1593 7984 1593 7983 1593 7975 6273 8008 6273 8007 6273 7975 6258 8009 6258 8008 6258 7975 1593 7974 1593 8009 1593 7976 6288 8007 6288 8006 6288 7976 1593 7995 1593 7991 1593 7976 6289 8006 6289 7995 6289 7976 1593 7991 1593 7984 1593 7976 1593 7984 1593 7982 1593 7976 1593 7975 1593 8007 1593 7980 6231 7982 6231 7981 6231 7978 6263 7977 6263 7976 6263 7979 6290 7976 6290 7982 6290 7979 6291 7982 6291 7980 6291 7979 6292 7978 6292 7976 6292 8031 1593 8033 1593 8032 1593 8031 1593 8034 1593 8033 1593 8036 1593 8035 1593 8034 1593 8029 6251 8031 6251 8030 6251 8027 1593 8029 1593 8028 1593 8040 6293 8037 6293 8036 6293 8040 6294 8038 6294 8037 6294 8040 6295 8039 6295 8038 6295 8042 6232 8041 6232 8040 6232 8023 1593 8025 1593 8024 1593 8023 6275 8026 6275 8025 6275 8023 6296 8027 6296 8026 6296 8043 1593 8034 1593 8031 1593 8043 1593 8036 1593 8034 1593 8043 1593 8031 1593 8029 1593 8043 1593 8040 1593 8036 1593 8043 1593 8042 1593 8040 1593 8021 1593 8023 1593 8022 1593 8019 1593 8021 1593 8020 1593 8019 6297 8029 6297 8027 6297 8019 6298 8027 6298 8023 6298 8019 1593 8023 1593 8021 1593 8011 6299 8045 6299 8044 6299 8011 1593 8010 1593 8045 1593 8017 1593 8019 1593 8018 1593 8013 1593 8012 1593 8011 1593 8014 6300 8013 6300 8011 6300 8014 6301 8044 6301 8043 6301 8014 6302 8043 6302 8029 6302 8014 1593 8029 1593 8019 1593 8014 6303 8011 6303 8044 6303 8015 1593 8017 1593 8016 1593 8015 6304 8014 6304 8019 6304 8015 6305 8019 6305 8017 6305 8066 6306 8068 6306 8067 6306 8066 6248 8069 6248 8068 6248 8066 6307 8070 6307 8069 6307 8072 1593 8071 1593 8070 1593 8074 1593 8073 1593 8072 1593 8063 1593 8065 1593 8064 1593 8063 6308 8066 6308 8065 6308 8076 6309 8075 6309 8074 6309 8076 1593 8074 1593 8072 1593 8060 6310 8062 6311 8061 6312 8060 6313 8063 6313 8062 6313 8078 6314 8077 6314 8076 6314 8058 6315 8060 6315 8059 6315 8080 6263 8079 6263 8078 6263 8080 6316 8078 6316 8076 6316 8056 6317 8058 6317 8057 6317 8056 6318 8070 6318 8066 6318 8056 6319 8066 6319 8063 6319 8056 1593 8063 1593 8060 1593 8056 1593 8060 1593 8058 1593 8054 1593 8056 1593 8055 1593 8047 6320 8081 6320 8080 6320 8047 1593 8046 1593 8081 1593 8053 1593 8056 1593 8054 1593 8052 6225 8056 6225 8053 6225 8050 6321 8049 6321 8048 6321 8051 6322 8048 6322 8047 6322 8051 1593 8056 1593 8052 1593 8051 1593 8050 1593 8048 1593 8051 6323 8072 6323 8070 6323 8051 6324 8070 6324 8056 6324 8051 6325 8076 6325 8072 6325 8051 6326 8080 6326 8076 6326 8051 1593 8047 1593 8080 1593 8106 6315 8105 6315 8104 6315 8108 6327 8107 6327 8106 6327 8110 1593 8109 1593 8108 1593 8098 6328 8100 6328 8099 6328 8098 1593 8101 1593 8100 1593 8098 6329 8102 6329 8101 6329 8112 6330 8111 6330 8110 6330 8096 6232 8098 6232 8097 6232 8114 6271 8113 6271 8112 6271 8114 1593 8108 1593 8106 1593 8114 1593 8112 1593 8110 1593 8114 1593 8110 1593 8108 1593 8115 6331 8106 6331 8104 6331 8115 6332 8114 6332 8106 6332 8093 1593 8095 1593 8094 1593 8093 6281 8096 6281 8095 6281 8117 6333 8103 6333 8102 6333 8117 6334 8104 6334 8103 6334 8117 6263 8116 6263 8115 6263 8117 6335 8115 6335 8104 6335 8090 1593 8092 1593 8091 1593 8084 6336 8083 6336 8082 6336 8084 1593 8082 1593 8117 1593 8084 1593 8102 1593 8098 1593 8084 1593 8098 1593 8096 1593 8084 6337 8117 6337 8102 6337 8089 1593 8093 1593 8092 1593 8089 1593 8096 1593 8093 1593 8089 1593 8092 1593 8090 1593 8086 6321 8085 6321 8084 6321 8087 1593 8086 1593 8084 1593 8087 6338 8096 6338 8089 6338 8087 1593 8089 1593 8088 1593 8087 1593 8084 1593 8096 1593 8142 6339 8141 6339 8140 6339 8144 1593 8143 1593 8142 1593 8146 1593 8145 1593 8144 1593 8135 1593 8137 1593 8136 1593 8135 6340 8138 6340 8137 6340 8135 6341 8139 6341 8138 6341 8135 6342 8140 6342 8139 6342 8148 6343 8147 6343 8146 6343 8148 1593 8142 1593 8140 1593 8148 1593 8144 1593 8142 1593 8148 1593 8146 1593 8144 1593 8131 1593 8133 1593 8132 1593 8131 1593 8134 1593 8133 1593 8131 6344 8135 6344 8134 6344 8151 1593 8149 1593 8148 1593 8151 1593 8150 1593 8149 1593 8129 1593 8131 1593 8130 1593 8153 6284 8152 6284 8151 6284 8153 1593 8151 1593 8148 1593 8127 1593 8129 1593 8128 1593 8120 6345 8119 6345 8118 6345 8120 6346 8118 6346 8153 6346 8125 6347 8127 6347 8126 6347 8122 6321 8121 6321 8120 6321 8122 1593 8120 1593 8153 1593 8123 6252 8125 6252 8124 6252 8123 1593 8122 1593 8153 1593 8123 1593 8140 1593 8135 1593 8123 6348 8148 6348 8140 6348 8123 1593 8135 1593 8131 1593 8123 1593 8131 1593 8129 1593 8123 6349 8129 6349 8127 6349 8123 6350 8153 6350 8148 6350 8123 6305 8127 6305 8125 6305 8166 1593 8165 1593 8169 1593 8167 1593 8166 1593 8169 1593 8168 6357 8167 6357 8169 6357 8182 6362 8184 6362 8181 6362 8182 1593 8185 1593 8184 1593 8182 6363 8183 6363 8185 6363 8354 4062 8324 4062 8323 4062 8355 4062 8325 4062 8324 4062 8355 4062 8324 4062 8354 4062 8356 4062 8325 4062 8355 4062 8356 4062 8326 4062 8325 4062 8353 4062 8323 4062 8322 4062 8353 6469 8354 6469 8323 6469 8357 6470 8326 6470 8356 6470 8357 6471 8327 6471 8326 6471 8357 4062 8328 4062 8327 4062 8352 6472 8322 6472 8321 6472 8352 6473 8353 6473 8322 6473 8358 6474 8328 6474 8357 6474 8358 4062 8329 4062 8328 4062 8351 6475 8352 6475 8321 6475 8351 6476 8321 6476 8320 6476 8359 6477 8329 6477 8358 6477 8359 6478 8330 6478 8329 6478 8350 6479 8319 6479 8318 6479 8350 6480 8320 6480 8319 6480 8350 6481 8351 6481 8320 6481 8360 6482 8330 6482 8359 6482 8360 4062 8331 4062 8330 4062 8360 4062 8332 4062 8331 4062 8349 4062 8350 4062 8318 4062 8349 6483 8318 6483 8317 6483 8361 4062 8332 4062 8360 4062 8361 4062 8333 4062 8332 4062 8348 6484 8317 6484 8316 6484 8348 4062 8349 4062 8317 4062 8362 6485 8333 6485 8361 6485 8362 6486 8334 6486 8333 6486 8347 6487 8316 6487 8315 6487 8347 4062 8348 4062 8316 4062 8363 4062 8334 4062 8362 4062 8346 6488 8315 6488 8314 6488 8346 6489 8347 6489 8315 6489 8335 4062 8334 4062 8363 4062 8313 4062 8346 4062 8314 4062 8364 4062 8335 4062 8363 4062 8345 6490 8346 6490 8313 6490 8336 6491 8335 6491 8364 6491 8312 6492 8344 6492 8345 6492 8312 6493 8345 6493 8313 6493 8337 6494 8364 6494 8365 6494 8337 4062 8336 4062 8364 4062 8311 6495 8343 6495 8344 6495 8311 6496 8344 6496 8312 6496 8338 6497 8365 6497 8366 6497 8338 6498 8337 6498 8365 6498 8310 4062 8342 4062 8343 4062 8310 4062 8343 4062 8311 4062 8339 6499 8366 6499 8367 6499 8339 4062 8338 4062 8366 4062 8309 4062 8342 4062 8310 4062 8340 6500 8367 6500 8368 6500 8340 6501 8339 6501 8367 6501 8308 4062 8341 4062 8342 4062 8308 4062 8342 4062 8309 4062 8297 4062 8340 4062 8368 4062 8307 4062 8376 4062 8341 4062 8307 4062 8341 4062 8308 4062 8298 6502 8297 6502 8368 6502 8298 6503 8368 6503 8369 6503 8306 4062 8376 4062 8307 4062 8306 4062 8375 4062 8376 4062 8299 6504 8298 6504 8369 6504 8299 6505 8369 6505 8370 6505 8305 6506 8375 6506 8306 6506 8300 6507 8299 6507 8370 6507 8300 6508 8370 6508 8371 6508 8304 6509 8375 6509 8305 6509 8304 6510 8374 6510 8375 6510 8301 4062 8300 4062 8371 4062 8301 6511 8371 6511 8372 6511 8303 6512 8374 6512 8304 6512 8303 4062 8373 4062 8374 4062 8302 4062 8301 4062 8372 4062 8302 4062 8373 4062 8303 4062 8302 4062 8372 4062 8373 4062 8844 6963 8848 6964 8847 6965 8844 6963 8843 6966 8848 6964 8846 6967 8844 6963 8847 6965 8845 6968 8844 6963 8846 6967 8852 6969 8851 6969 8849 6969 8853 4062 8852 4062 8849 4062 8850 6970 8854 6970 8853 6970 8850 6971 8855 6971 8854 6971 8850 4062 8853 4062 8849 4062 8856 6972 8859 6972 8858 6972 8856 6973 8860 6973 8859 6973 8856 889 8861 889 8860 889 8856 889 8857 889 8861 889 8863 889 8865 889 8864 889 8863 6974 8866 6974 8865 6974 8867 6975 8866 6975 8863 6975 8862 6972 8867 6972 8863 6972 8868 4062 8869 4062 8870 4062 8870 4062 8869 4062 8871 4062 8871 4062 8869 4062 8872 4062 8872 4062 8869 4062 8873 4062 8873 6976 8869 6976 8874 6976 8880 6977 8879 6978 8875 6979 8878 6980 8875 6979 8879 6978 8876 6981 8880 6977 8875 6979 8877 6982 8875 6979 8878 6980 8900 4062 8899 4062 8901 4062 8900 6993 8901 6993 8902 6993 8900 6994 8902 6994 8903 6994 8900 4062 8903 4062 8904 4062 8900 4062 8904 4062 8905 4062 8911 6999 8929 7000 8910 7001 8911 6999 8930 7002 8929 7000 8912 7003 8931 7004 8930 7002 8912 7003 8930 7002 8911 6999 8913 1659 8932 7005 8931 7004 8913 1659 8933 7006 8932 7005 8913 1659 8931 7004 8912 7003 8914 7007 8933 7006 8913 1659 8915 7008 8934 7009 8933 7006 8915 7008 8933 7006 8914 7007 8916 7010 8935 7011 8934 7009 8916 7010 8934 7009 8915 7008 8917 7012 8936 7013 8935 7011 8917 7012 8935 7011 8916 7010 8918 7014 8937 7015 8936 7013 8918 7014 8936 7013 8917 7012 8919 7016 8938 7017 8937 7015 8919 7016 8937 7015 8918 7014 8920 7018 8939 7019 8938 7017 8920 7018 8938 7017 8919 7016 8921 7020 8940 7021 8939 7019 8921 7020 8939 7019 8920 7018 8922 7022 8941 7023 8940 7021 8922 7022 8942 1751 8941 7023 8922 7022 8940 7021 8921 7020 8923 7024 8942 1751 8922 7022 8924 7025 8943 7026 8942 1751 8924 7025 8942 1751 8923 7024 8925 7027 8943 7026 8924 7025 8925 7027 8944 3883 8943 7026 8926 7028 8944 3883 8925 7027 8926 7028 8945 7029 8944 3883 8927 7030 8945 7029 8926 7028 8927 7030 8946 7031 8945 7029 8928 7032 8946 7031 8927 7030 8928 7032 8947 7033 8946 7031 8972 889 8970 889 8971 889 8968 889 8969 889 8970 889 8968 7034 8970 7034 8972 7034 8966 889 8967 889 8968 889 8965 889 8966 889 8968 889 8977 889 8973 889 8974 889 8977 889 8974 889 8975 889 8977 889 8975 889 8976 889 8962 889 8963 889 8964 889 8962 889 8964 889 8965 889 8962 7035 8968 7035 8972 7035 8962 889 8965 889 8968 889 8980 7036 8972 7036 8973 7036 8980 7037 8977 7037 8978 7037 8980 889 8978 889 8979 889 8980 889 8973 889 8977 889 8980 889 8962 889 8972 889 8960 889 8961 889 8962 889 8983 889 8980 889 8981 889 8983 889 8981 889 8982 889 8958 7038 8959 7038 8960 7038 8958 7039 8960 7039 8962 7039 8949 889 8983 889 8948 889 8955 889 8956 889 8957 889 8955 889 8957 889 8958 889 8951 889 8949 889 8950 889 8953 889 8951 889 8952 889 8953 7038 8954 7038 8955 7038 8953 889 8962 889 8980 889 8953 7040 8980 7040 8983 7040 8953 889 8958 889 8962 889 8953 889 8949 889 8951 889 8953 889 8983 889 8949 889 8953 889 8955 889 8958 889 8987 1705 8985 1705 8984 1705 8987 1705 8986 1705 8985 1705 8991 1593 8990 1593 8989 1593 8992 1593 8989 1593 8988 1593 8992 1593 8991 1593 8989 1593 8996 59 8993 59 8994 59 8996 59 8995 59 8993 59 9021 4062 9022 4062 9023 4062 9019 4062 9020 4062 9021 4062 9019 4062 9021 4062 9023 4062 9017 4062 9018 4062 9019 4062 9016 4062 9019 4062 9023 4062 9016 4062 9017 4062 9019 4062 9015 4062 9016 4062 9023 4062 9013 4062 9014 4062 9015 4062 9012 4062 9013 4062 9015 4062 9012 4062 9015 4062 9023 4062 9011 4062 9012 4062 9023 4062 9011 4062 9023 4062 9024 4062 9011 4062 9024 4062 9025 4062 9092 4062 9026 4062 9093 4062 9092 4062 9025 4062 9026 4062 9091 4062 9025 4062 9092 4062 9094 4062 9093 4062 9026 4062 9095 4062 9094 4062 9026 4062 9090 4062 9025 4062 9091 4062 9096 4062 9095 4062 9026 4062 9089 4062 9025 4062 9090 4062 9097 4062 9096 4062 9026 4062 9088 4062 9025 4062 9089 4062 9098 4062 9097 4062 9026 4062 9123 4062 9025 4062 9088 4062 9099 4062 9026 4062 9027 4062 9099 4062 9098 4062 9026 4062 9122 4062 9025 4062 9123 4062 9100 4062 9099 4062 9027 4062 9121 4062 9011 4062 9025 4062 9121 4062 9025 4062 9122 4062 9101 4062 9100 4062 9027 4062 9120 4062 9011 4062 9121 4062 9102 4062 9101 4062 9027 4062 9119 4062 9011 4062 9120 4062 9103 4062 9102 4062 9027 4062 9118 4062 9011 4062 9119 4062 9104 4062 9103 4062 9027 4062 9117 4062 9011 4062 9118 4062 9116 4062 9011 4062 9117 4062 9115 4062 9011 4062 9116 4062 9166 4062 9028 4062 9167 4062 9168 4062 9028 4062 9029 4062 9168 4062 9167 4062 9028 4062 9165 4062 9028 4062 9166 4062 9169 4062 9168 4062 9029 4062 9164 4062 9028 4062 9165 4062 9170 4062 9169 4062 9029 4062 9163 4062 9028 4062 9164 4062 9171 4062 9170 4062 9029 4062 9162 4062 9028 4062 9163 4062 9172 4062 9171 4062 9029 4062 9173 4062 9172 4062 9029 4062 9174 4062 9173 4062 9029 4062 9175 4062 9174 4062 9029 4062 9181 4062 9027 4062 9028 4062 9181 4062 9028 4062 9162 4062 9176 4062 9175 4062 9029 4062 9198 4062 9105 4062 9104 4062 9198 4062 9027 4062 9181 4062 9198 4062 9104 4062 9027 4062 9177 4062 9176 4062 9029 4062 9197 4062 9106 4062 9105 4062 9197 4062 9105 4062 9198 4062 9196 4062 9106 4062 9197 4062 9196 4062 9107 4062 9106 4062 9195 4062 9108 4062 9107 4062 9195 4062 9107 4062 9196 4062 9194 4062 9108 4062 9195 4062 9194 4062 9109 4062 9108 4062 9193 4062 9109 4062 9194 4062 9193 4062 9110 4062 9109 4062 9192 4062 9111 4062 9110 4062 9192 4062 9110 4062 9193 4062 9191 4062 9112 4062 9111 4062 9191 4062 9111 4062 9192 4062 9190 4062 9112 4062 9191 4062 9030 4062 9177 4062 9029 4062 9030 4062 9161 4062 9160 4062 9030 4062 9178 4062 9177 4062 9030 4062 9179 4062 9178 4062 9030 4062 9180 4062 9179 4062 9030 4062 9160 4062 9180 4062 9182 4062 9161 4062 9030 4062 9031 4062 9182 4062 9030 4062 9031 4062 9183 4062 9182 4062 9031 4062 9184 4062 9183 4062 9031 4062 9185 4062 9184 4062 9010 4062 9011 4062 9115 4062 8997 4062 8998 4062 8999 4062 8997 4062 8999 4062 9000 4062 8997 4062 9000 4062 9001 4062 8997 4062 9001 4062 9002 4062 8997 4062 9002 4062 9003 4062 8997 4062 9003 4062 9004 4062 8997 4062 9004 4062 9005 4062 8997 4062 9005 4062 9006 4062 8997 4062 9006 4062 9007 4062 8997 4062 9007 4062 9008 4062 8997 4062 9008 4062 9009 4062 8997 4062 9009 4062 9010 4062 9204 4062 9032 4062 9033 4062 9203 4062 9032 4062 9204 4062 9202 4062 9032 4062 9203 4062 9205 4062 9204 4062 9033 4062 9201 4062 9032 4062 9202 4062 9206 4062 9205 4062 9033 4062 9200 4062 9032 4062 9201 4062 9200 4062 9031 4062 9032 4062 9200 4062 9185 4062 9031 4062 9207 4062 9206 4062 9033 4062 9208 4062 9207 4062 9033 4062 9199 4062 9186 4062 9185 4062 9199 4062 9185 4062 9200 4062 9209 4062 9208 4062 9033 4062 9234 4062 9186 4062 9199 4062 9234 4062 9187 4062 9186 4062 9210 4062 9209 4062 9033 4062 9233 4062 9187 4062 9234 4062 9233 4062 9188 4062 9187 4062 9232 4062 9188 4062 9233 4062 9232 4062 9189 4062 9188 4062 9231 4062 9189 4062 9232 4062 9231 4062 9190 4062 9189 4062 9034 4062 9211 4062 9210 4062 9034 4062 9212 4062 9211 4062 9034 4062 9213 4062 9212 4062 9034 4062 9214 4062 9213 4062 9034 4062 9210 4062 9033 4062 9215 4062 9214 4062 9034 4062 9216 4062 9215 4062 9034 4062 9217 4062 9216 4062 9034 4062 9051 4062 8997 4062 9010 4062 9128 4062 9010 4062 9129 4062 9130 4062 9129 4062 9010 4062 9127 4062 9051 4062 9010 4062 9127 4062 9010 4062 9128 4062 9126 4062 9051 4062 9127 4062 9131 4062 9130 4062 9010 4062 9125 4062 9051 4062 9126 4062 9132 4062 9131 4062 9010 4062 9133 4062 9115 4062 9114 4062 9133 4062 9010 4062 9115 4062 9133 4062 9132 4062 9010 4062 9124 4062 9051 4062 9125 4062 9134 4062 9114 4062 9113 4062 9134 4062 9133 4062 9114 4062 9159 4062 9051 4062 9124 4062 9158 4062 9051 4062 9159 4062 9135 4062 9113 4062 9112 4062 9135 4062 9134 4062 9113 4062 9136 4062 9112 4062 9190 4062 9136 4062 9135 4062 9112 4062 9157 4062 9051 4062 9158 4062 9156 4062 9051 4062 9157 4062 9035 4062 9218 4062 9217 4062 9035 4062 9219 4062 9218 4062 9035 4062 9220 4062 9219 4062 9035 4062 9221 4062 9220 4062 9035 4062 9222 4062 9221 4062 9035 4062 9223 4062 9222 4062 9035 4062 9217 4062 9034 4062 9050 4062 9051 4062 9156 4062 9050 4062 9150 4062 9149 4062 9050 4062 9151 4062 9150 4062 9050 4062 9152 4062 9151 4062 9050 4062 9153 4062 9152 4062 9050 4062 9154 4062 9153 4062 9050 4062 9155 4062 9154 4062 9050 4062 9156 4062 9155 4062 9036 4062 9224 4062 9223 4062 9036 4062 9225 4062 9224 4062 9036 4062 9226 4062 9225 4062 9036 4062 9223 4062 9035 4062 9049 4062 9050 4062 9149 4062 9049 4062 9145 4062 9144 4062 9049 4062 9146 4062 9145 4062 9049 4062 9147 4062 9146 4062 9049 4062 9148 4062 9147 4062 9049 4062 9149 4062 9148 4062 9239 4062 9142 4062 9141 4062 9240 4062 9141 4062 9140 4062 9240 4062 9239 4062 9141 4062 9238 4062 9143 4062 9142 4062 9238 4062 9142 4062 9239 4062 9241 4062 9140 4062 9139 4062 9241 4062 9240 4062 9140 4062 9237 4062 9143 4062 9238 4062 9242 4062 9139 4062 9138 4062 9242 4062 9241 4062 9139 4062 9243 4062 9138 4062 9137 4062 9243 4062 9242 4062 9138 4062 9236 4062 9049 4062 9144 4062 9236 4062 9144 4062 9143 4062 9236 4062 9143 4062 9237 4062 9244 4062 9137 4062 9136 4062 9244 4062 9243 4062 9137 4062 9235 4062 9049 4062 9236 4062 9037 4062 9227 4062 9226 4062 9037 4062 9226 4062 9036 4062 9048 4062 9269 4062 9268 4062 9048 4062 9270 4062 9269 4062 9048 4062 9235 4062 9270 4062 9048 4062 9049 4062 9235 4062 9267 4062 9048 4062 9268 4062 9266 4062 9048 4062 9267 4062 9265 4062 9048 4062 9266 4062 9038 4062 9227 4062 9037 4062 9038 4062 9228 4062 9227 4062 9047 4062 9258 4062 9257 4062 9047 4062 9259 4062 9258 4062 9047 4062 9260 4062 9259 4062 9047 4062 9261 4062 9260 4062 9047 4062 9262 4062 9261 4062 9047 4062 9263 4062 9262 4062 9047 4062 9264 4062 9263 4062 9047 4062 9265 4062 9264 4062 9047 4062 9048 4062 9265 4062 9056 4062 9244 4062 9136 4062 9056 4062 9231 4062 9230 4062 9056 4062 9190 4062 9231 4062 9056 4062 9136 4062 9190 4062 9057 4062 9230 4062 9229 4062 9057 4062 9056 4062 9230 4062 9055 4062 9245 4062 9244 4062 9055 4062 9244 4062 9056 4062 9058 4062 9057 4062 9229 4062 9058 4062 9229 4062 9228 4062 9059 4062 9058 4062 9228 4062 9059 4062 9228 4062 9038 4062 9054 4062 9245 4062 9055 4062 9054 4062 9246 4062 9245 4062 9060 4062 9059 4062 9038 4062 9053 4062 9246 4062 9054 4062 9053 4062 9247 4062 9246 4062 9052 4062 9248 4062 9247 4062 9052 4062 9247 4062 9053 4062 9087 4062 9248 4062 9052 4062 9087 4062 9249 4062 9248 4062 9039 4062 9060 4062 9038 4062 9039 4062 9061 4062 9060 4062 9046 4062 9047 4062 9257 4062 9046 4062 9253 4062 9252 4062 9046 4062 9254 4062 9253 4062 9046 4062 9255 4062 9254 4062 9046 4062 9256 4062 9255 4062 9046 4062 9257 4062 9256 4062 9040 4062 9061 4062 9039 4062 9040 4062 9062 4062 9061 4062 9040 4062 9063 4062 9062 4062 9040 4062 9064 4062 9063 4062 9045 4062 9249 4062 9087 4062 9045 4062 9250 4062 9249 4062 9045 4062 9251 4062 9250 4062 9045 4062 9252 4062 9251 4062 9045 4062 9046 4062 9252 4062 9041 4062 9065 4062 9064 4062 9041 4062 9066 4062 9065 4062 9041 4062 9067 4062 9066 4062 9041 4062 9068 4062 9067 4062 9041 4062 9069 4062 9068 4062 9041 4062 9070 4062 9069 4062 9041 4062 9064 4062 9040 4062 9044 4062 9045 4062 9087 4062 9044 4062 9084 4062 9083 4062 9044 4062 9085 4062 9084 4062 9044 4062 9086 4062 9085 4062 9044 4062 9087 4062 9086 4062 9042 4062 9071 4062 9070 4062 9042 4062 9072 4062 9071 4062 9042 4062 9073 4062 9072 4062 9042 4062 9074 4062 9073 4062 9042 4062 9075 4062 9074 4062 9042 4062 9076 4062 9075 4062 9042 4062 9077 4062 9076 4062 9042 4062 9070 4062 9041 4062 9043 4062 9077 4062 9042 4062 9043 4062 9044 4062 9083 4062 9043 4062 9078 4062 9077 4062 9043 4062 9079 4062 9078 4062 9043 4062 9080 4062 9079 4062 9043 4062 9081 4062 9080 4062 9043 4062 9082 4062 9081 4062 9043 4062 9083 4062 9082 4062</p>
        </triangles>
        <triangles material="mat_1-material" count="207">
          <input semantic="VERTEX" source="#base_link-mesh-vertices" offset="0"/>
          <input semantic="NORMAL" source="#base_link-mesh-normals" offset="1"/>
          <p>549 538 567 539 568 540 550 541 568 540 569 542 550 541 549 538 568 540 551 543 569 542 570 544 551 543 550 541 569 542 552 545 570 544 571 546 552 545 551 543 570 544 553 547 571 546 572 548 553 547 552 545 571 546 554 549 572 548 573 550 554 549 553 547 572 548 555 551 573 550 574 552 555 551 574 552 575 553 555 551 554 549 573 550 556 554 580 555 579 556 556 554 575 553 580 555 556 554 555 551 575 553 557 557 578 558 577 559 557 557 579 556 578 558 557 557 556 554 579 556 558 560 557 557 577 559 558 560 577 559 576 561 558 560 586 562 585 563 558 560 576 561 586 562 559 564 558 560 585 563 559 564 583 565 582 566 559 564 584 567 583 565 559 564 585 563 584 567 560 568 582 566 581 569 560 568 559 564 582 566 561 570 560 568 581 569 561 570 581 569 587 571 561 570 587 571 588 572 562 573 561 570 588 572 562 573 588 572 542 574 563 575 542 574 543 576 563 575 562 573 542 574 564 577 543 576 544 578 564 577 563 575 543 576 565 579 544 578 545 580 565 579 564 577 544 578 566 581 545 580 546 582 566 581 565 579 545 580 548 583 546 582 547 584 548 583 566 581 546 582 1435 1351 1436 1352 1411 1353 1434 1354 1411 1353 1410 1355 1434 1354 1435 1351 1411 1353 1433 1356 1434 1354 1410 1355 1432 1357 1410 1355 1409 1358 1432 1357 1433 1356 1410 1355 1431 1359 1432 1357 1409 1358 1430 1360 1409 1358 1408 1361 1430 1360 1431 1359 1409 1358 1428 1362 1408 1361 1407 1363 1428 1362 1429 1364 1430 1360 1428 1362 1430 1360 1408 1361 1427 1365 1407 1363 1406 1366 1427 1365 1428 1362 1407 1363 1426 1367 1406 1366 1405 1368 1426 1367 1427 1365 1406 1366 1425 1369 1405 1368 1404 1370 1425 1369 1426 1367 1405 1368 1424 1371 1404 1370 1403 1372 1424 1371 1425 1369 1404 1370 1423 1373 1403 1372 1402 1374 1423 1373 1424 1371 1403 1372 1422 1375 1423 1373 1402 1374 1421 1376 1422 1375 1402 1374 1421 1376 1402 1374 1401 1377 1420 1378 1401 1377 1400 1379 1420 1378 1421 1376 1401 1377 1419 1380 1420 1378 1400 1379 1419 1380 1400 1379 1399 1381 1418 1382 1399 1381 1398 1383 1418 1382 1419 1380 1399 1381 1417 1384 1398 1383 1397 1385 1417 1384 1418 1382 1398 1383 1416 1386 1397 1385 1396 1387 1416 1386 1417 1384 1397 1385 1413 1388 1396 1387 1395 1389 1413 1388 1416 1386 1396 1387 1414 1390 1395 1389 1394 1391 1414 1390 1413 1388 1395 1389 1415 1392 1394 1391 1393 1393 1415 1392 1414 1390 1394 1391 1412 1394 1415 1392 1393 1393 6024 4993 6023 4994 6025 4995 6046 4996 6025 4995 6026 4997 6046 4996 6024 4993 6025 4995 6047 4998 6026 4997 6027 4999 6047 4998 6046 4996 6026 4997 6048 5000 6027 4999 6028 5001 6048 5000 6047 4998 6027 4999 6049 5002 6028 5001 6029 5003 6049 5002 6048 5000 6028 5001 6050 5004 6029 5003 6030 5005 6050 5004 6049 5002 6029 5003 6051 5006 6030 5005 6031 5007 6051 5006 6050 5004 6030 5005 6052 5008 6031 5007 6032 5009 6052 5008 6051 5006 6031 5007 6053 5010 6032 5009 6033 5011 6053 5010 6052 5008 6032 5009 6054 5012 6033 5011 6034 5013 6054 5012 6034 5013 6035 5014 6054 5012 6053 5010 6033 5011 6055 5015 6035 5014 6036 5016 6055 5015 6054 5012 6035 5014 6056 5017 6036 5016 6037 5018 6056 5017 6055 5015 6036 5016 6057 5019 6037 5018 6038 5020 6057 5019 6056 5017 6037 5018 6058 5021 6038 5020 6039 5022 6058 5021 6057 5019 6038 5020 6059 5023 6058 5021 6039 5022 6059 5023 6039 5022 6040 5024 6060 5025 6059 5023 6040 5024 6060 5025 6040 5024 6041 5026 6061 5027 6060 5025 6041 5026 6061 5027 6041 5026 6042 5028 6062 5029 6061 5027 6042 5028 6062 5029 6042 5028 6043 5030 6045 5031 6043 5030 6044 5032 6045 5031 6062 5029 6043 5030 8163 6351 8161 6351 8154 6351 8163 1593 8162 1593 8161 1593 8164 1593 8163 1593 8154 1593 8156 6352 8164 6352 8154 6352 8158 1593 8157 1593 8156 1593 8155 6353 8159 6353 8158 6353 8155 6354 8160 6355 8159 6356 8155 1593 8158 1593 8156 1593 8155 1593 8156 1593 8154 1593 8177 6358 8179 6358 8178 6358 8175 1593 8177 1593 8176 1593 8175 1593 8179 1593 8177 1593 8174 1593 8179 1593 8175 1593 8172 6359 8174 6359 8173 6359 8172 1593 8180 1593 8179 1593 8172 6360 8179 6360 8174 6360 8170 6361 8171 6361 8172 6361 8172 1593 8171 1593 8180 1593 8192 6364 8191 6364 8190 6364 8192 6365 8190 6365 8193 6365 8193 1593 8190 1593 8194 1593 8194 1593 8190 1593 8195 1593 8195 6366 8190 6366 8196 6366 8196 1593 8190 1593 8186 1593 8186 1593 8190 1593 8187 1593 8187 6367 8190 6367 8188 6367 8188 6368 8190 6368 8189 6368 8772 6896 8771 6897 8774 6898 8772 6896 8774 6898 8792 6899 8773 6900 8792 6899 8791 6901 8773 6900 8772 6896 8792 6899 8770 6902 8791 6901 8790 6903 8770 6902 8773 6900 8791 6901 8769 6904 8790 6903 8789 6905 8769 6904 8770 6902 8790 6903 8768 6906 8789 6905 8788 6907 8768 6906 8769 6904 8789 6905 8767 6908 8788 6907 8787 6909 8767 6908 8768 6906 8788 6907 8766 6910 8787 6909 8786 6911 8766 6910 8767 6908 8787 6909 8765 6912 8786 6911 8785 6913 8765 6912 8766 6910 8786 6911 8764 6914 8785 6913 8784 6915 8764 6914 8765 6912 8785 6913 8763 6916 8764 6914 8784 6915 8762 6917 8784 6915 8783 6918 8762 6917 8763 6916 8784 6915 8761 6919 8783 6918 8782 6920 8761 6919 8762 6917 8783 6918 8760 6921 8782 6920 8781 6922 8760 6921 8761 6919 8782 6920 8802 6923 8760 6921 8781 6922 8802 6923 8781 6922 8780 6924 8801 6925 8802 6923 8780 6924 8801 6925 8780 6924 8779 6926 8800 6927 8801 6925 8779 6926 8800 6927 8779 6926 8778 6928 8798 6929 8800 6927 8778 6928 8799 6930 8800 6927 8798 6929 8797 6931 8778 6928 8777 6932 8797 6931 8798 6929 8778 6928 8796 6933 8777 6932 8776 6934 8796 6933 8797 6931 8777 6932 8795 6935 8796 6933 8776 6934 8794 6936 8776 6934 8775 6937 8794 6936 8795 6935 8776 6934 8793 6938 8794 6936 8775 6937 8883 6983 8882 6984 8881 6985 8884 6986 8886 6987 8882 6984 8884 6986 8882 6984 8883 6983 8885 59 8886 59 8884 59 8887 6988 8890 6989 8891 6990 8887 6988 8891 6990 8892 6991 8888 1705 8889 1705 8890 1705 8888 6992 8890 6989 8887 6988 8895 1593 8893 1593 8894 1593 8895 1593 8898 1593 8893 1593 8896 1593 8897 1593 8898 1593 8896 1593 8898 1593 8895 1593 8908 6995 8909 6996 8907 6997 8906 6998 8908 6995 8907 6997</p>
        </triangles>
        <triangles material="mat_2-material" count="1012">
          <input semantic="VERTEX" source="#base_link-mesh-vertices" offset="0"/>
          <input semantic="NORMAL" source="#base_link-mesh-normals" offset="1"/>
          <p>1336 1251 1327 1252 1328 1253 1336 1251 1328 1253 1329 1254 1336 1251 1329 1254 1330 1255 1336 1251 1330 1255 1331 1256 1336 1251 1331 1256 1332 1257 1337 1258 1301 1259 1302 1260 1337 1258 1302 1260 1303 1261 1338 1262 1326 1263 1327 1252 1339 1264 1303 1261 1304 1265 1340 1266 1341 1267 1336 1251 1340 1266 1332 1257 1333 1268 1340 1266 1333 1268 1334 1269 1340 1266 1336 1251 1332 1257 1342 1270 1295 1271 1296 1272 1342 1270 1296 1272 1297 1273 1342 1270 1297 1273 1298 1274 1342 1270 1298 1274 1299 1275 1342 1270 1299 1275 1300 1276 1342 1270 1300 1276 1301 1259 1342 1270 1301 1259 1337 1258 1343 1277 1342 1270 1337 1258 1343 1277 1337 1258 1344 1278 1345 1279 1336 1251 1341 1267 1345 1279 1327 1252 1336 1251 1345 1279 1346 1280 1338 1262 1345 1279 1338 1262 1327 1252 1347 1281 1348 1282 1341 1267 1347 1281 1341 1267 1340 1266 1347 1281 1334 1269 1335 1283 1347 1281 1340 1266 1334 1269 1349 1284 1294 1285 1295 1271 1349 1284 1343 1277 1344 1278 1349 1284 1342 1270 1343 1277 1349 1284 1295 1271 1342 1270 1349 1284 1350 1286 1351 1287 1349 1284 1344 1278 1350 1286 1352 1288 1339 1264 1353 1289 1352 1288 1337 1258 1303 1261 1352 1288 1303 1261 1339 1264 1352 1288 1344 1278 1337 1258 1354 1290 1355 1291 1356 1292 1357 1293 1346 1280 1358 1294 1357 1293 1359 1295 1338 1262 1357 1293 1360 1296 1359 1295 1357 1293 1361 1297 1360 1296 1357 1293 1362 1298 1361 1297 1357 1293 1358 1294 1354 1290 1357 1293 1338 1262 1346 1280 1357 1293 1354 1290 1356 1292 1363 1299 1353 1289 1339 1264 1363 1299 1356 1292 1355 1291 1363 1299 1339 1264 1364 1300 1363 1299 1364 1300 1365 1301 1363 1299 1366 1302 1356 1292 1363 1299 1367 1303 1366 1302 1363 1299 1365 1301 1367 1303 1363 1299 1355 1291 1353 1289 1368 1304 1325 1305 1326 1263 1368 1304 1338 1262 1359 1295 1368 1304 1326 1263 1338 1262 1369 1306 1356 1292 1366 1302 1369 1306 1362 1298 1357 1293 1369 1306 1357 1293 1356 1292 1370 1307 1304 1265 1305 1308 1370 1307 1339 1264 1304 1265 1370 1307 1364 1300 1339 1264 1371 1309 1345 1279 1341 1267 1372 1310 1293 1311 1294 1285 1372 1310 1351 1287 1348 1282 1372 1310 1335 1283 1293 1311 1372 1310 1347 1281 1335 1283 1372 1310 1349 1284 1351 1287 1372 1310 1348 1282 1347 1281 1372 1310 1294 1285 1349 1284 1373 1312 1344 1278 1352 1288 1374 1313 1359 1295 1360 1296 1374 1313 1360 1296 1361 1297 1374 1313 1361 1297 1362 1298 1374 1313 1368 1304 1359 1295 1374 1313 1362 1298 1369 1306 1375 1314 1325 1305 1368 1304 1375 1314 1320 1315 1321 1316 1375 1314 1321 1316 1322 1317 1375 1314 1322 1317 1323 1318 1375 1314 1323 1318 1324 1319 1375 1314 1324 1319 1325 1305 1376 1320 1375 1314 1368 1304 1376 1320 1320 1315 1375 1314 1377 1321 1376 1320 1368 1304 1377 1321 1319 1322 1320 1315 1377 1321 1320 1315 1376 1320 1378 1323 1377 1321 1368 1304 1378 1323 1317 1324 1318 1325 1378 1323 1318 1325 1319 1322 1378 1323 1319 1322 1377 1321 1378 1323 1368 1304 1374 1313 1379 1326 1364 1300 1370 1307 1379 1326 1365 1301 1364 1300 1379 1326 1366 1302 1367 1303 1379 1326 1367 1303 1365 1301 1380 1327 1310 1328 1311 1329 1380 1327 1311 1329 1312 1330 1380 1327 1379 1326 1370 1307 1381 1331 1380 1327 1370 1307 1381 1331 1309 1332 1310 1328 1381 1331 1310 1328 1380 1327 1382 1333 1305 1308 1306 1334 1382 1333 1306 1334 1307 1335 1382 1333 1307 1335 1308 1336 1382 1333 1308 1336 1309 1332 1382 1333 1381 1331 1370 1307 1382 1333 1309 1332 1381 1331 1382 1333 1370 1307 1305 1308 1383 1337 1348 1282 1351 1287 1383 1337 1341 1267 1348 1282 1383 1337 1371 1309 1341 1267 1384 1338 1344 1278 1373 1312 1384 1338 1351 1287 1350 1286 1384 1338 1350 1286 1344 1278 1385 1339 1358 1294 1346 1280 1385 1339 1354 1290 1358 1294 1386 1340 1355 1291 1354 1290 1386 1340 1353 1289 1355 1291 1387 1341 1366 1302 1379 1326 1387 1341 1369 1306 1366 1302 1387 1341 1374 1313 1369 1306 1388 1342 1378 1323 1374 1313 1388 1342 1387 1341 1379 1326 1388 1342 1379 1326 1380 1327 1388 1342 1374 1313 1387 1341 1389 1343 1378 1323 1388 1342 1389 1343 1312 1330 1313 1344 1389 1343 1313 1344 1314 1345 1389 1343 1314 1345 1315 1346 1389 1343 1315 1346 1316 1347 1389 1343 1316 1347 1317 1324 1389 1343 1380 1327 1312 1330 1389 1343 1317 1324 1378 1323 1389 1343 1388 1342 1380 1327 1390 1348 1371 1309 1383 1337 1390 1348 1385 1339 1346 1280 1390 1348 1346 1280 1345 1279 1390 1348 1345 1279 1371 1309 1390 1348 1383 1337 1385 1339 1391 1349 1383 1337 1351 1287 1391 1349 1354 1290 1385 1339 1391 1349 1384 1338 1386 1340 1391 1349 1386 1340 1354 1290 1391 1349 1351 1287 1384 1338 1391 1349 1385 1339 1383 1337 1392 1350 1386 1340 1384 1338 1392 1350 1353 1289 1386 1340 1392 1350 1373 1312 1352 1288 1392 1350 1384 1338 1373 1312 1392 1350 1352 1288 1353 1289 5971 1593 5972 1593 5973 1593 5975 1593 5973 1593 5974 1593 5970 1593 5971 1593 5973 1593 5969 1593 5968 1593 5970 1593 5969 1593 5973 1593 5975 1593 5969 1593 5970 1593 5973 1593 5981 1593 5982 1593 5983 1593 5976 1593 5983 1593 5977 1593 5980 1593 5981 1593 5983 1593 5980 1593 5983 1593 5976 1593 5978 1593 5979 1593 5980 1593 5978 1593 5980 1593 5976 1593 6455 1593 6454 1593 6456 1593 6457 1593 6455 1593 6456 1593 6459 1593 6458 1593 6460 1593 6461 1593 6459 1593 6460 1593 8240 6369 8197 6370 8199 6371 8240 6369 8199 6371 8200 6372 8240 6369 8200 6372 8201 6373 8240 6369 8201 6373 8202 6374 8240 6369 8202 6374 8203 6375 8241 6376 8215 6377 8216 6378 8241 6376 8216 6378 8217 6379 8242 6380 8198 6381 8197 6370 8243 6382 8217 6379 8218 6383 8244 6384 8203 6375 8204 6385 8244 6384 8204 6385 8205 6386 8244 6384 8245 6387 8240 6369 8244 6384 8240 6369 8203 6375 8246 6388 8209 6389 8210 6390 8246 6388 8210 6390 8211 6391 8246 6388 8211 6391 8212 6392 8246 6388 8212 6392 8213 6393 8246 6388 8213 6393 8214 6394 8246 6388 8214 6394 8215 6377 8246 6388 8215 6377 8241 6376 8247 6395 8241 6376 8248 6396 8247 6395 8246 6388 8241 6376 8249 6397 8197 6370 8240 6369 8249 6397 8250 6398 8242 6380 8249 6397 8240 6369 8245 6387 8249 6397 8242 6380 8197 6370 8251 6399 8205 6386 8206 6400 8251 6399 8252 6401 8245 6387 8251 6399 8253 6402 8252 6401 8251 6399 8244 6384 8205 6386 8251 6399 8245 6387 8244 6384 8254 6403 8248 6396 8255 6404 8254 6403 8208 6405 8209 6389 8254 6403 8246 6388 8247 6395 8254 6403 8209 6389 8246 6388 8254 6403 8247 6395 8248 6396 8256 6406 8217 6379 8243 6382 8256 6406 8243 6382 8257 6407 8256 6406 8248 6396 8241 6376 8256 6406 8241 6376 8217 6379 8258 6408 8259 6409 8260 6410 8261 6411 8260 6410 8259 6409 8261 6411 8262 6412 8242 6380 8261 6411 8263 6413 8262 6412 8261 6411 8264 6414 8263 6413 8261 6411 8265 6415 8264 6414 8261 6411 8242 6380 8250 6398 8261 6411 8250 6398 8260 6410 8266 6416 8258 6408 8267 6417 8266 6416 8268 6418 8269 6419 8266 6416 8269 6419 8259 6409 8266 6416 8270 6420 8268 6418 8266 6416 8271 6421 8270 6420 8266 6416 8257 6407 8243 6382 8266 6416 8243 6382 8271 6421 8266 6416 8259 6409 8258 6408 8266 6416 8267 6417 8257 6407 8272 6422 8242 6380 8262 6412 8272 6422 8239 6423 8198 6381 8272 6422 8198 6381 8242 6380 8273 6424 8261 6411 8259 6409 8273 6424 8259 6409 8269 6419 8273 6424 8265 6415 8261 6411 8274 6425 8243 6382 8218 6383 8274 6425 8218 6383 8219 6426 8274 6425 8271 6421 8243 6382 8275 6427 8249 6397 8245 6387 8276 6428 8208 6405 8254 6403 8276 6428 8206 6400 8207 6429 8276 6428 8207 6429 8208 6405 8276 6428 8251 6399 8206 6400 8276 6428 8255 6404 8253 6402 8276 6428 8254 6403 8255 6404 8276 6428 8253 6402 8251 6399 8277 6430 8248 6396 8256 6406 8278 6431 8262 6412 8263 6413 8278 6431 8272 6422 8262 6412 8278 6431 8263 6413 8264 6414 8278 6431 8264 6414 8265 6415 8278 6431 8265 6415 8273 6424 8279 6432 8234 6433 8235 6434 8279 6432 8235 6434 8236 6435 8279 6432 8236 6435 8237 6436 8279 6432 8237 6436 8238 6437 8279 6432 8238 6437 8239 6423 8279 6432 8239 6423 8272 6422 8280 6438 8279 6432 8272 6422 8280 6438 8234 6433 8279 6432 8281 6439 8234 6433 8280 6438 8281 6439 8233 6440 8234 6433 8281 6439 8280 6438 8272 6422 8282 6441 8272 6422 8278 6431 8282 6441 8233 6440 8281 6439 8282 6441 8231 6442 8232 6443 8282 6441 8232 6443 8233 6440 8282 6441 8281 6439 8272 6422 8283 6444 8269 6419 8268 6418 8283 6444 8268 6418 8270 6420 8283 6444 8270 6420 8271 6421 8283 6444 8271 6421 8274 6425 8284 6445 8224 6446 8225 6447 8284 6445 8225 6447 8226 6448 8284 6445 8283 6444 8274 6425 8285 6449 8284 6445 8274 6425 8285 6449 8224 6446 8284 6445 8285 6449 8223 6450 8224 6446 8286 6451 8285 6449 8274 6425 8286 6451 8223 6450 8285 6449 8286 6451 8219 6426 8220 6452 8286 6451 8220 6452 8221 6453 8286 6451 8221 6453 8222 6454 8286 6451 8222 6454 8223 6450 8286 6451 8274 6425 8219 6426 8287 6455 8245 6387 8252 6401 8287 6455 8252 6401 8253 6402 8287 6455 8275 6427 8245 6387 8288 6456 8255 6404 8248 6396 8288 6456 8253 6402 8255 6404 8288 6456 8248 6396 8277 6430 8289 6457 8258 6408 8260 6410 8289 6457 8260 6410 8250 6398 8290 6458 8267 6417 8258 6408 8290 6458 8257 6407 8267 6417 8291 6459 8269 6419 8283 6444 8291 6459 8273 6424 8269 6419 8291 6459 8278 6431 8273 6424 8292 6460 8283 6444 8284 6445 8292 6460 8282 6441 8278 6431 8292 6460 8291 6459 8283 6444 8292 6460 8278 6431 8291 6459 8293 6461 8231 6442 8282 6441 8293 6461 8226 6448 8227 6462 8293 6461 8227 6462 8228 6463 8293 6461 8228 6463 8229 6464 8293 6461 8229 6464 8230 6465 8293 6461 8230 6465 8231 6442 8293 6461 8284 6445 8226 6448 8293 6461 8292 6460 8284 6445 8293 6461 8282 6441 8292 6460 8294 6466 8249 6397 8275 6427 8294 6466 8275 6427 8287 6455 8294 6466 8289 6457 8250 6398 8294 6466 8287 6455 8289 6457 8294 6466 8250 6398 8249 6397 8295 6467 8287 6455 8253 6402 8295 6467 8253 6402 8288 6456 8295 6467 8290 6458 8258 6408 8295 6467 8258 6408 8289 6457 8295 6467 8289 6457 8287 6455 8295 6467 8288 6456 8290 6458 8296 6468 8288 6456 8277 6430 8296 6468 8257 6407 8290 6458 8296 6468 8256 6406 8257 6407 8296 6468 8290 6458 8288 6456 8296 6468 8277 6430 8256 6406 8405 6513 8406 6514 8407 6515 8424 6516 8413 6517 8414 6518 8424 6516 8414 6518 8415 6519 8385 6520 8386 6521 8387 6522 8384 6523 8385 6520 8387 6522 8377 6524 8378 6525 8425 6526 8434 6527 8404 6528 8405 6513 8434 6527 8407 6515 8408 6529 8434 6527 8408 6529 8409 6530 8434 6527 8405 6513 8407 6515 8435 6531 8411 6532 8412 6533 8435 6531 8412 6533 8413 6517 8435 6531 8413 6517 8424 6516 8436 6534 8382 6535 8383 6536 8436 6534 8383 6536 8384 6523 8436 6534 8384 6523 8387 6522 8437 6537 8378 6525 8379 6538 8437 6537 8379 6538 8380 6539 8437 6537 8438 6540 8425 6526 8437 6537 8425 6526 8378 6525 8439 6541 8404 6528 8434 6527 8440 6542 8441 6543 8439 6541 8440 6542 8439 6541 8434 6527 8440 6542 8409 6530 8410 6544 8440 6542 8410 6544 8411 6532 8440 6542 8434 6527 8409 6530 8440 6542 8411 6532 8435 6531 8440 6542 8435 6531 8441 6543 8442 6545 8439 6541 8441 6543 8442 6545 8403 6546 8404 6528 8442 6545 8441 6543 8443 6547 8442 6545 8404 6528 8439 6541 8444 6548 8403 6546 8442 6545 8444 6548 8442 6545 8443 6547 8445 6549 8403 6546 8444 6548 8445 6549 8444 6548 8443 6547 8445 6549 8443 6547 8446 6550 8447 6551 8446 6550 8448 6552 8447 6551 8445 6549 8446 6550 8447 6551 8402 6553 8403 6546 8447 6551 8403 6546 8445 6549 8449 6554 8402 6553 8447 6551 8449 6554 8447 6551 8448 6552 8450 6555 8402 6553 8449 6554 8450 6555 8449 6554 8448 6552 8450 6555 8448 6552 8451 6556 8452 6557 8424 6516 8423 6558 8452 6557 8435 6531 8424 6516 8452 6557 8443 6547 8441 6543 8452 6557 8441 6543 8435 6531 8453 6559 8401 6560 8402 6553 8453 6559 8451 6556 8454 6561 8453 6559 8450 6555 8451 6556 8453 6559 8402 6553 8450 6555 8455 6562 8452 6557 8423 6558 8455 6562 8443 6547 8452 6557 8456 6563 8453 6559 8454 6561 8456 6563 8401 6560 8453 6559 8457 6564 8456 6563 8454 6561 8457 6564 8454 6561 8458 6565 8457 6564 8401 6560 8456 6563 8459 6566 8423 6558 8422 6567 8459 6566 8455 6562 8423 6558 8459 6566 8443 6547 8455 6562 8459 6566 8446 6550 8443 6547 8460 6568 8458 6565 8461 6569 8460 6568 8400 6570 8401 6560 8460 6568 8457 6564 8458 6565 8460 6568 8401 6560 8457 6564 8462 6571 8448 6552 8446 6550 8462 6571 8459 6566 8422 6567 8462 6571 8446 6550 8459 6566 8463 6572 8460 6568 8461 6569 8463 6572 8400 6570 8460 6568 8464 6573 8448 6552 8462 6571 8464 6573 8462 6571 8422 6567 8465 6574 8400 6570 8463 6572 8465 6574 8463 6572 8461 6569 8465 6574 8461 6569 8466 6575 8467 6576 8422 6567 8421 6577 8467 6576 8451 6556 8448 6552 8467 6576 8464 6573 8422 6567 8467 6576 8448 6552 8464 6573 8468 6578 8399 6579 8400 6570 8468 6578 8466 6575 8469 6580 8468 6578 8465 6574 8466 6575 8468 6578 8400 6570 8465 6574 8470 6581 8399 6579 8468 6578 8470 6581 8468 6578 8469 6580 8471 6582 8454 6561 8451 6556 8471 6582 8467 6576 8421 6577 8471 6582 8451 6556 8467 6576 8472 6583 8399 6579 8470 6581 8472 6583 8398 6584 8399 6579 8472 6583 8470 6581 8469 6580 8472 6583 8469 6580 8473 6585 8474 6586 8454 6561 8471 6582 8474 6586 8471 6582 8421 6577 8475 6587 8473 6585 8476 6588 8475 6587 8472 6583 8473 6585 8475 6587 8398 6584 8472 6583 8477 6589 8458 6565 8454 6561 8477 6589 8421 6577 8420 6590 8477 6589 8454 6561 8474 6586 8477 6589 8474 6586 8421 6577 8478 6591 8475 6587 8476 6588 8478 6591 8398 6584 8475 6587 8479 6592 8478 6591 8476 6588 8479 6592 8397 6593 8398 6584 8479 6592 8476 6588 8480 6594 8479 6592 8398 6584 8478 6591 8481 6595 8461 6569 8458 6565 8481 6595 8458 6565 8477 6589 8481 6595 8477 6589 8420 6590 8482 6596 8479 6592 8480 6594 8482 6596 8480 6594 8483 6597 8482 6596 8397 6593 8479 6592 8484 6598 8481 6595 8420 6590 8484 6598 8461 6569 8481 6595 8485 6599 8482 6596 8483 6597 8485 6599 8397 6593 8482 6596 8486 6600 8461 6569 8484 6598 8486 6600 8420 6590 8419 6601 8486 6600 8484 6598 8420 6590 8486 6600 8466 6575 8461 6569 8487 6602 8397 6593 8485 6599 8487 6602 8396 6603 8397 6593 8487 6602 8483 6597 8488 6604 8487 6602 8485 6599 8483 6597 8489 6605 8469 6580 8466 6575 8489 6605 8466 6575 8486 6600 8489 6605 8486 6600 8419 6601 8490 6606 8487 6602 8488 6604 8490 6606 8488 6604 8491 6607 8490 6606 8396 6603 8487 6602 8492 6608 8489 6605 8419 6601 8492 6608 8469 6580 8489 6605 8493 6609 8396 6603 8490 6606 8493 6609 8490 6606 8491 6607 8494 6610 8492 6608 8419 6601 8494 6610 8469 6580 8492 6608 8494 6610 8419 6601 8418 6611 8494 6610 8473 6585 8469 6580 8495 6612 8395 6613 8396 6603 8495 6612 8493 6609 8491 6607 8495 6612 8491 6607 8496 6614 8495 6612 8396 6603 8493 6609 8497 6615 8395 6613 8495 6612 8497 6615 8495 6612 8496 6614 8497 6615 8496 6614 8498 6616 8499 6617 8473 6585 8494 6610 8499 6617 8476 6588 8473 6585 8499 6617 8494 6610 8418 6611 8500 6618 8395 6613 8497 6615 8500 6618 8497 6615 8498 6616 8501 6619 8476 6588 8499 6617 8501 6619 8499 6617 8418 6611 8502 6620 8394 6621 8395 6613 8502 6620 8498 6616 8503 6622 8502 6620 8395 6613 8500 6618 8502 6620 8500 6618 8498 6616 8504 6623 8476 6588 8501 6619 8504 6623 8501 6619 8418 6611 8504 6623 8480 6594 8476 6588 8505 6624 8503 6622 8506 6625 8505 6624 8394 6621 8502 6620 8505 6624 8502 6620 8503 6622 8507 6626 8418 6611 8417 6627 8507 6626 8504 6623 8418 6611 8507 6626 8480 6594 8504 6623 8507 6626 8483 6597 8480 6594 8508 6628 8394 6621 8505 6624 8508 6628 8505 6624 8506 6625 8509 6629 8507 6626 8417 6627 8509 6629 8483 6597 8507 6626 8510 6630 8506 6625 8511 6631 8510 6630 8393 6632 8394 6621 8510 6630 8508 6628 8506 6625 8510 6630 8394 6621 8508 6628 8512 6633 8488 6604 8483 6597 8512 6633 8509 6629 8417 6627 8512 6633 8483 6597 8509 6629 8513 6634 8393 6632 8510 6630 8513 6634 8510 6630 8511 6631 8513 6634 8511 6631 8514 6635 8515 6636 8417 6627 8416 6637 8515 6636 8491 6607 8488 6604 8515 6636 8512 6633 8417 6627 8515 6636 8488 6604 8512 6633 8516 6638 8393 6632 8513 6634 8516 6638 8513 6634 8514 6635 8517 6639 8515 6636 8416 6637 8517 6639 8491 6607 8515 6636 8518 6640 8392 6641 8393 6632 8518 6640 8393 6632 8516 6638 8518 6640 8514 6635 8519 6642 8518 6640 8516 6638 8514 6635 8520 6643 8517 6639 8416 6637 8520 6643 8496 6614 8491 6607 8520 6643 8491 6607 8517 6639 8521 6644 8392 6641 8518 6640 8521 6644 8519 6642 8522 6645 8521 6644 8518 6640 8519 6642 8523 6646 8498 6616 8496 6614 8523 6646 8416 6637 8433 6647 8523 6646 8520 6643 8416 6637 8523 6646 8496 6614 8520 6643 8524 6648 8521 6644 8522 6645 8524 6648 8392 6641 8521 6644 8525 6649 8498 6616 8523 6646 8525 6649 8523 6646 8433 6647 8526 6650 8391 6651 8392 6641 8526 6650 8522 6645 8527 6652 8526 6650 8392 6641 8524 6648 8526 6650 8524 6648 8522 6645 8528 6653 8498 6616 8525 6649 8528 6653 8525 6649 8433 6647 8528 6653 8503 6622 8498 6616 8529 6654 8391 6651 8526 6650 8529 6654 8526 6650 8527 6652 8529 6654 8527 6652 8530 6655 8531 6656 8506 6625 8503 6622 8531 6656 8528 6653 8433 6647 8531 6656 8503 6622 8528 6653 8531 6656 8433 6647 8432 6657 8532 6658 8391 6651 8529 6654 8532 6658 8529 6654 8530 6655 8533 6659 8506 6625 8531 6656 8533 6659 8531 6656 8432 6657 8534 6660 8533 6659 8432 6657 8534 6660 8511 6631 8506 6625 8534 6660 8506 6625 8533 6659 8535 6661 8390 6662 8391 6651 8535 6661 8391 6651 8532 6658 8535 6661 8532 6658 8530 6655 8535 6661 8530 6655 8536 6663 8537 6664 8511 6631 8534 6660 8537 6664 8534 6660 8432 6657 8537 6664 8432 6657 8431 6665 8537 6664 8514 6635 8511 6631 8538 6666 8535 6661 8536 6663 8538 6666 8390 6662 8535 6661 8538 6666 8536 6663 8539 6667 8540 6668 8514 6635 8537 6664 8540 6668 8537 6664 8431 6665 8541 6669 8538 6666 8539 6667 8541 6669 8390 6662 8538 6666 8542 6670 8514 6635 8540 6668 8542 6670 8540 6668 8431 6665 8542 6670 8519 6642 8514 6635 8543 6671 8539 6667 8544 6672 8543 6671 8389 6673 8390 6662 8543 6671 8390 6662 8541 6669 8543 6671 8541 6669 8539 6667 8545 6674 8519 6642 8542 6670 8545 6674 8431 6665 8430 6675 8545 6674 8522 6645 8519 6642 8545 6674 8542 6670 8431 6665 8546 6676 8545 6674 8430 6675 8546 6676 8522 6645 8545 6674 8547 6677 8544 6672 8548 6678 8547 6677 8543 6671 8544 6672 8547 6677 8389 6673 8543 6671 8549 6679 8527 6652 8522 6645 8549 6679 8522 6645 8546 6676 8549 6679 8546 6676 8430 6675 8550 6680 8547 6677 8548 6678 8550 6680 8389 6673 8547 6677 8551 6681 8430 6675 8429 6682 8551 6681 8527 6652 8549 6679 8551 6681 8549 6679 8430 6675 8551 6681 8530 6655 8527 6652 8552 6683 8388 6684 8389 6673 8552 6683 8389 6673 8550 6680 8552 6683 8550 6680 8548 6678 8552 6683 8548 6678 8553 6685 8554 6686 8551 6681 8429 6682 8554 6686 8530 6655 8551 6681 8555 6687 8536 6663 8530 6655 8555 6687 8530 6655 8554 6686 8555 6687 8554 6686 8429 6682 8556 6688 8552 6683 8553 6685 8556 6688 8553 6685 8557 6689 8556 6688 8388 6684 8552 6683 8558 6690 8557 6689 8436 6534 8558 6690 8387 6522 8388 6684 8558 6690 8436 6534 8387 6522 8558 6690 8556 6688 8557 6689 8558 6690 8388 6684 8556 6688 8559 6691 8429 6682 8428 6692 8559 6691 8555 6687 8429 6682 8559 6691 8539 6667 8536 6663 8559 6691 8536 6663 8555 6687 8560 6693 8539 6667 8559 6691 8560 6693 8559 6691 8428 6692 8561 6694 8539 6667 8560 6693 8561 6694 8544 6672 8539 6667 8561 6694 8560 6693 8428 6692 8562 6695 8548 6678 8544 6672 8562 6695 8428 6692 8427 6696 8562 6695 8544 6672 8561 6694 8562 6695 8561 6694 8428 6692 8563 6697 8562 6695 8427 6696 8563 6697 8548 6678 8562 6695 8564 6698 8563 6697 8427 6696 8564 6698 8548 6678 8563 6697 8564 6698 8553 6685 8548 6678 8565 6699 8557 6689 8553 6685 8565 6699 8427 6696 8426 6700 8565 6699 8553 6685 8564 6698 8565 6699 8564 6698 8427 6696 8566 6701 8565 6699 8426 6700 8566 6701 8425 6526 8438 6540 8566 6701 8426 6700 8425 6526 8566 6701 8557 6689 8565 6699 8567 6702 8382 6535 8436 6534 8567 6702 8566 6701 8438 6540 8567 6702 8557 6689 8566 6701 8567 6702 8380 6539 8381 6703 8567 6702 8381 6703 8382 6535 8567 6702 8436 6534 8557 6689 8567 6702 8437 6537 8380 6539 8567 6702 8438 6540 8437 6537 8606 6704 8616 6705 8615 6706 8606 6704 8607 6707 8616 6705 8587 6708 8586 6709 8569 6710 8568 6711 8587 6708 8569 6710 8625 6712 8605 6713 8606 6704 8625 6712 8614 6714 8613 6715 8625 6712 8615 6706 8614 6714 8625 6712 8606 6704 8615 6706 8626 6716 8609 6717 8608 6718 8626 6716 8610 6719 8609 6717 8626 6716 8611 6720 8610 6719 8626 6716 8608 6718 8624 6721 8627 6722 8626 6716 8624 6721 8628 6723 8580 6724 8579 6725 8628 6723 8581 6726 8580 6724 8628 6723 8582 6727 8581 6726 8628 6723 8588 6728 8629 6729 8628 6723 8579 6725 8588 6728 8630 6730 8585 6731 8584 6732 8630 6730 8586 6709 8585 6731 8630 6730 8569 6710 8586 6709 8631 6733 8605 6713 8625 6712 8632 6734 8631 6733 8625 6712 8632 6734 8625 6712 8613 6715 8632 6734 8612 6735 8611 6720 8632 6734 8613 6715 8612 6735 8632 6734 8611 6720 8626 6716 8632 6734 8633 6736 8631 6733 8632 6734 8626 6716 8627 6722 8632 6734 8627 6722 8633 6736 8634 6737 8605 6713 8631 6733 8634 6737 8604 6738 8605 6713 8634 6737 8633 6736 8635 6739 8634 6737 8631 6733 8633 6736 8636 6740 8634 6737 8635 6739 8636 6740 8604 6738 8634 6737 8637 6741 8635 6739 8638 6742 8637 6741 8636 6740 8635 6739 8637 6741 8604 6738 8636 6740 8639 6743 8637 6741 8638 6742 8639 6743 8603 6744 8604 6738 8639 6743 8604 6738 8637 6741 8639 6743 8638 6742 8640 6745 8641 6746 8639 6743 8640 6745 8641 6746 8603 6744 8639 6743 8642 6747 8603 6744 8641 6746 8642 6747 8641 6746 8640 6745 8642 6747 8640 6745 8643 6748 8644 6749 8624 6721 8623 6750 8644 6749 8635 6739 8633 6736 8644 6749 8627 6722 8624 6721 8644 6749 8633 6736 8627 6722 8645 6751 8602 6752 8603 6744 8645 6751 8603 6744 8642 6747 8645 6751 8642 6747 8643 6748 8645 6751 8643 6748 8646 6753 8647 6754 8644 6749 8623 6750 8647 6754 8635 6739 8644 6749 8648 6755 8602 6752 8645 6751 8648 6755 8645 6751 8646 6753 8649 6756 8648 6755 8646 6753 8649 6756 8602 6752 8648 6755 8649 6756 8646 6753 8650 6757 8651 6758 8638 6742 8635 6739 8651 6758 8635 6739 8647 6754 8651 6758 8623 6750 8622 6759 8651 6758 8647 6754 8623 6750 8652 6760 8601 6761 8602 6752 8652 6760 8650 6757 8653 6762 8652 6760 8602 6752 8649 6756 8652 6760 8649 6756 8650 6757 8654 6763 8638 6742 8651 6758 8654 6763 8651 6758 8622 6759 8654 6763 8640 6745 8638 6742 8655 6764 8601 6761 8652 6760 8655 6764 8652 6760 8653 6762 8656 6765 8654 6763 8622 6759 8656 6765 8640 6745 8654 6763 8657 6766 8653 6762 8658 6767 8657 6766 8601 6761 8655 6764 8657 6766 8655 6764 8653 6762 8659 6768 8622 6759 8621 6769 8659 6768 8656 6765 8622 6759 8659 6768 8640 6745 8656 6765 8659 6768 8643 6748 8640 6745 8660 6770 8600 6771 8601 6761 8660 6770 8657 6766 8658 6767 8660 6770 8601 6761 8657 6766 8660 6770 8658 6767 8661 6772 8662 6773 8600 6771 8660 6770 8662 6773 8660 6770 8661 6772 8663 6774 8659 6768 8621 6769 8663 6774 8643 6748 8659 6768 8663 6774 8646 6753 8643 6748 8664 6775 8599 6776 8600 6771 8664 6775 8661 6772 8665 6777 8664 6775 8600 6771 8662 6773 8664 6775 8662 6773 8661 6772 8666 6778 8663 6774 8621 6769 8666 6778 8646 6753 8663 6774 8667 6779 8665 6777 8668 6780 8667 6779 8599 6776 8664 6775 8667 6779 8664 6775 8665 6777 8669 6781 8621 6769 8620 6782 8669 6781 8650 6757 8646 6753 8669 6781 8666 6778 8621 6769 8669 6781 8646 6753 8666 6778 8670 6783 8667 6779 8668 6780 8670 6783 8599 6776 8667 6779 8671 6784 8670 6783 8668 6780 8671 6784 8599 6776 8670 6783 8671 6784 8598 6785 8599 6776 8671 6784 8668 6780 8672 6786 8673 6787 8650 6757 8669 6781 8673 6787 8653 6762 8650 6757 8673 6787 8669 6781 8620 6782 8674 6788 8598 6785 8671 6784 8674 6788 8671 6784 8672 6786 8674 6788 8672 6786 8675 6789 8676 6790 8673 6787 8620 6782 8676 6790 8653 6762 8673 6787 8677 6791 8598 6785 8674 6788 8677 6791 8674 6788 8675 6789 8678 6792 8658 6767 8653 6762 8678 6792 8676 6790 8620 6782 8678 6792 8620 6782 8619 6793 8678 6792 8653 6762 8676 6790 8679 6794 8677 6791 8675 6789 8679 6794 8598 6785 8677 6791 8679 6794 8675 6789 8680 6795 8679 6794 8597 6796 8598 6785 8681 6797 8658 6767 8678 6792 8681 6797 8678 6792 8619 6793 8681 6797 8661 6772 8658 6767 8682 6798 8679 6794 8680 6795 8682 6798 8597 6796 8679 6794 8682 6798 8680 6795 8683 6799 8684 6800 8681 6797 8619 6793 8684 6800 8661 6772 8681 6797 8685 6801 8597 6796 8682 6798 8685 6801 8682 6798 8683 6799 8686 6802 8684 6800 8619 6793 8686 6802 8661 6772 8684 6800 8686 6802 8665 6777 8661 6772 8686 6802 8619 6793 8618 6803 8687 6804 8596 6805 8597 6796 8687 6804 8597 6796 8685 6801 8687 6804 8685 6801 8683 6799 8687 6804 8683 6799 8688 6806 8689 6807 8688 6806 8690 6808 8689 6807 8687 6804 8688 6806 8689 6807 8596 6805 8687 6804 8691 6809 8668 6780 8665 6777 8691 6809 8665 6777 8686 6802 8691 6809 8686 6802 8618 6803 8692 6810 8689 6807 8690 6808 8692 6810 8596 6805 8689 6807 8693 6811 8668 6780 8691 6809 8693 6811 8691 6809 8618 6803 8694 6812 8690 6808 8695 6813 8694 6812 8595 6814 8596 6805 8694 6812 8692 6810 8690 6808 8694 6812 8596 6805 8692 6810 8696 6815 8668 6780 8693 6811 8696 6815 8693 6811 8618 6803 8696 6815 8672 6786 8668 6780 8697 6816 8694 6812 8695 6813 8697 6816 8595 6814 8694 6812 8697 6816 8695 6813 8698 6817 8699 6818 8618 6803 8617 6819 8699 6818 8696 6815 8618 6803 8699 6818 8672 6786 8696 6815 8699 6818 8675 6789 8672 6786 8700 6820 8595 6814 8697 6816 8700 6820 8697 6816 8698 6817 8701 6821 8675 6789 8699 6818 8701 6821 8699 6818 8617 6819 8702 6822 8594 6823 8595 6814 8702 6822 8698 6817 8703 6824 8702 6822 8595 6814 8700 6820 8702 6822 8700 6820 8698 6817 8704 6825 8680 6795 8675 6789 8704 6825 8701 6821 8617 6819 8704 6825 8675 6789 8701 6821 8705 6826 8594 6823 8702 6822 8705 6826 8702 6822 8703 6824 8705 6826 8703 6824 8706 6827 8707 6828 8617 6819 8578 6829 8707 6828 8680 6795 8704 6825 8707 6828 8704 6825 8617 6819 8707 6828 8683 6799 8680 6795 8708 6830 8594 6823 8705 6826 8708 6830 8705 6826 8706 6827 8709 6831 8707 6828 8578 6829 8709 6831 8683 6799 8707 6828 8710 6832 8593 6833 8594 6823 8710 6832 8594 6823 8708 6830 8710 6832 8706 6827 8711 6834 8710 6832 8708 6830 8706 6827 8712 6835 8709 6831 8578 6829 8712 6835 8683 6799 8709 6831 8712 6835 8688 6806 8683 6799 8713 6836 8593 6833 8710 6832 8713 6836 8711 6834 8714 6837 8713 6836 8710 6832 8711 6834 8715 6838 8578 6829 8577 6839 8715 6838 8690 6808 8688 6806 8715 6838 8712 6835 8578 6829 8715 6838 8688 6806 8712 6835 8716 6840 8593 6833 8713 6836 8716 6840 8713 6836 8714 6837 8717 6841 8715 6838 8577 6839 8717 6841 8690 6808 8715 6838 8718 6842 8593 6833 8716 6840 8718 6842 8592 6843 8593 6833 8718 6842 8714 6837 8719 6844 8718 6842 8716 6840 8714 6837 8720 6845 8717 6841 8577 6839 8720 6845 8695 6813 8690 6808 8720 6845 8690 6808 8717 6841 8721 6846 8592 6843 8718 6842 8721 6846 8718 6842 8719 6844 8721 6846 8719 6844 8722 6847 8723 6848 8577 6839 8576 6849 8723 6848 8720 6845 8577 6839 8723 6848 8695 6813 8720 6845 8723 6848 8698 6817 8695 6813 8724 6850 8721 6846 8722 6847 8724 6850 8592 6843 8721 6846 8725 6851 8723 6848 8576 6849 8725 6851 8698 6817 8723 6848 8726 6852 8698 6817 8725 6851 8726 6852 8725 6851 8576 6849 8726 6852 8703 6824 8698 6817 8727 6853 8724 6850 8722 6847 8727 6853 8591 6854 8592 6843 8727 6853 8592 6843 8724 6850 8727 6853 8722 6847 8728 6855 8729 6856 8576 6849 8575 6857 8729 6856 8726 6852 8576 6849 8729 6856 8703 6824 8726 6852 8729 6856 8706 6827 8703 6824 8730 6858 8728 6855 8731 6859 8730 6858 8727 6853 8728 6855 8730 6858 8591 6854 8727 6853 8732 6860 8729 6856 8575 6857 8732 6860 8706 6827 8729 6856 8733 6861 8730 6858 8731 6859 8733 6861 8591 6854 8730 6858 8734 6862 8732 6860 8575 6857 8734 6862 8706 6827 8732 6860 8734 6862 8711 6834 8706 6827 8735 6863 8731 6859 8736 6864 8735 6863 8590 6865 8591 6854 8735 6863 8733 6861 8731 6859 8735 6863 8591 6854 8733 6861 8737 6866 8575 6857 8574 6867 8737 6866 8734 6862 8575 6857 8737 6866 8711 6834 8734 6862 8737 6866 8714 6837 8711 6834 8738 6868 8714 6837 8737 6866 8738 6868 8737 6866 8574 6867 8739 6869 8735 6863 8736 6864 8739 6869 8590 6865 8735 6863 8739 6869 8736 6864 8740 6870 8741 6871 8738 6868 8574 6867 8741 6871 8714 6837 8738 6868 8741 6871 8719 6844 8714 6837 8742 6872 8739 6869 8740 6870 8742 6872 8590 6865 8739 6869 8743 6873 8574 6867 8573 6874 8743 6873 8741 6871 8574 6867 8743 6873 8719 6844 8741 6871 8743 6873 8722 6847 8719 6844 8744 6875 8740 6870 8745 6876 8744 6875 8589 6877 8590 6865 8744 6875 8742 6872 8740 6870 8744 6875 8590 6865 8742 6872 8746 6878 8743 6873 8573 6874 8746 6878 8722 6847 8743 6873 8747 6879 8722 6847 8746 6878 8747 6879 8746 6878 8573 6874 8747 6879 8728 6855 8722 6847 8748 6880 8745 6876 8749 6881 8748 6880 8744 6875 8745 6876 8748 6880 8589 6877 8744 6875 8750 6882 8629 6729 8588 6728 8750 6882 8588 6728 8589 6877 8750 6882 8748 6880 8749 6881 8750 6882 8589 6877 8748 6880 8751 6883 8731 6859 8728 6855 8751 6883 8573 6874 8572 6884 8751 6883 8728 6855 8747 6879 8751 6883 8747 6879 8573 6874 8752 6885 8731 6859 8751 6883 8752 6885 8751 6883 8572 6884 8753 6886 8736 6864 8731 6859 8753 6886 8731 6859 8752 6885 8753 6886 8752 6885 8572 6884 8754 6887 8572 6884 8571 6888 8754 6887 8753 6886 8572 6884 8754 6887 8740 6870 8736 6864 8754 6887 8736 6864 8753 6886 8755 6889 8754 6887 8571 6888 8755 6889 8740 6870 8754 6887 8756 6890 8745 6876 8740 6870 8756 6890 8755 6889 8571 6888 8756 6890 8740 6870 8755 6889 8757 6891 8749 6881 8745 6876 8757 6891 8571 6888 8570 6892 8757 6891 8745 6876 8756 6890 8757 6891 8756 6890 8571 6888 8758 6893 8749 6881 8757 6891 8758 6893 8570 6892 8569 6710 8758 6893 8757 6891 8570 6892 8758 6893 8569 6710 8630 6730 8758 6893 8630 6730 8749 6881 8759 6894 8583 6895 8582 6727 8759 6894 8584 6732 8583 6895 8759 6894 8628 6723 8629 6729 8759 6894 8749 6881 8630 6730 8759 6894 8630 6730 8584 6732 8759 6894 8582 6727 8628 6723 8759 6894 8629 6729 8750 6882 8759 6894 8750 6882 8749 6881 8833 889 8835 889 8834 889 8833 889 8836 889 8835 889 8832 889 8837 889 8836 889 8832 889 8836 889 8833 889 8831 6939 8838 6939 8837 6939 8831 889 8837 889 8832 889 8830 6940 8839 6940 8838 6940 8830 889 8838 889 8831 889 8806 6941 8804 6941 8803 6941 8806 6942 8805 6942 8804 6942 8829 6943 8840 6943 8839 6943 8829 889 8839 889 8830 889 8807 6944 8806 6944 8803 6944 8828 6945 8841 6945 8840 6945 8828 6946 8840 6946 8829 6946 8808 6947 8807 6947 8803 6947 8827 6948 8842 6948 8841 6948 8827 889 8841 889 8828 889 8809 889 8808 889 8803 889 8810 889 8809 889 8803 889 8811 6949 8810 6949 8803 6949 8812 6950 8811 6950 8803 6950 8813 6951 8812 6951 8803 6951 8822 6952 8824 6953 8823 6954 8814 889 8813 889 8803 889 8814 6955 8803 6955 8842 6955 8814 6956 8842 6956 8827 6956 8821 889 8824 889 8822 889 8815 889 8814 889 8827 889 8815 6957 8827 6957 8826 6957 8820 6958 8824 6959 8821 6960 8816 889 8815 889 8826 889 8819 889 8825 889 8824 889 8819 6961 8824 6961 8820 6961 8817 889 8816 889 8826 889 8817 6962 8826 6962 8825 6962 8818 889 8825 889 8819 889 8818 889 8817 889 8825 889</p>
        </triangles>
        <triangles material="mat_3-material" count="338">
          <input semantic="VERTEX" source="#base_link-mesh-vertices" offset="0"/>
          <input semantic="NORMAL" source="#base_link-mesh-normals" offset="1"/>
          <p>5502 4495 5494 4495 5495 4495 5502 4496 5495 4496 5496 4496 5502 1593 5496 1593 5497 1593 5502 4497 5497 4497 5498 4497 5502 4498 5498 4498 5501 4498 5500 1593 5501 1593 5498 1593 5503 4499 5488 4499 5489 4499 5503 4500 5489 4500 5490 4500 5503 4501 5490 4501 5491 4501 5503 4502 5491 4502 5492 4502 5503 4503 5492 4503 5493 4503 5503 4504 5493 4504 5494 4504 5503 1593 5494 1593 5502 1593 5499 1593 5500 1593 5498 1593 5504 1593 5488 1593 5503 1593 5505 1593 5488 1593 5504 1593 5506 4505 5488 4505 5505 4505 5507 1593 5488 1593 5506 1593 5508 4506 5488 4506 5507 4506 5571 4507 5513 4507 5514 4507 5572 1593 5513 1593 5571 1593 5572 4508 5512 4508 5513 4508 5570 4509 5514 4509 5515 4509 5570 1593 5571 1593 5514 1593 5573 4510 5512 4510 5572 4510 5573 4511 5510 4511 5511 4511 5573 4512 5511 4512 5512 4512 5569 4513 5515 4513 5516 4513 5569 4514 5570 4514 5515 4514 5574 4515 5510 4515 5573 4515 5574 4516 5509 4516 5510 4516 5575 1593 5509 1593 5574 1593 5575 4517 5508 4517 5509 4517 5568 4518 5516 4518 5517 4518 5568 4519 5517 4519 5518 4519 5568 1593 5569 1593 5516 1593 5576 1593 5508 1593 5575 1593 5576 1593 5488 1593 5508 1593 5567 1593 5568 1593 5518 1593 5567 4520 5518 4520 5519 4520 5577 1593 5488 1593 5576 1593 5602 4521 5519 4521 5520 4521 5602 1593 5567 1593 5519 1593 5601 4522 5520 4522 5521 4522 5601 1593 5602 1593 5520 1593 5675 4523 5601 4523 5521 4523 5675 4524 5600 4524 5601 4524 5675 4525 5521 4525 5522 4525 5674 4526 5675 4526 5522 4526 5674 4527 5522 4527 5523 4527 5674 4528 5523 4528 5524 4528 5676 4529 5600 4529 5675 4529 5676 4530 5599 4530 5600 4530 5673 4531 5524 4531 5525 4531 5673 1593 5674 1593 5524 1593 5677 4532 5597 4532 5598 4532 5677 4533 5598 4533 5599 4533 5677 1593 5599 1593 5676 1593 5672 4534 5525 4534 5526 4534 5672 4535 5526 4535 5527 4535 5672 1593 5673 1593 5525 1593 5678 4536 5595 4536 5596 4536 5678 4537 5596 4537 5597 4537 5678 4538 5597 4538 5677 4538 5671 4539 5527 4539 5528 4539 5671 4540 5672 4540 5527 4540 5679 4541 5593 4541 5594 4541 5679 4542 5594 4542 5595 4542 5679 4543 5595 4543 5678 4543 5670 4544 5671 4544 5528 4544 5670 4545 5528 4545 5529 4545 5669 4546 5670 4546 5529 4546 5669 4547 5529 4547 5530 4547 5680 4548 5592 4548 5593 4548 5680 1593 5593 1593 5679 1593 5608 4549 5578 4549 5579 4549 5608 4550 5579 4550 5580 4550 5608 4551 5580 4551 5581 4551 5608 1593 5581 1593 5582 1593 5608 1593 5582 1593 5583 1593 5608 1593 5583 1593 5584 1593 5608 1593 5584 1593 5585 1593 5608 1593 5585 1593 5586 1593 5608 4552 5586 4552 5587 4552 5681 4553 5590 4553 5591 4553 5681 4554 5591 4554 5592 4554 5681 1593 5592 1593 5680 1593 5682 4555 5588 4555 5589 4555 5682 4556 5589 4556 5590 4556 5682 1593 5590 1593 5681 1593 5610 4557 5608 4557 5587 4557 5610 1593 5682 1593 5683 1593 5610 4558 5683 4558 5684 4558 5610 4559 5587 4559 5588 4559 5610 1593 5588 1593 5682 1593 5612 4560 5610 4560 5684 4560 5612 4561 5684 4561 5685 4561 5612 1593 5685 1593 5686 1593 5687 4562 5612 4562 5686 4562 5688 1593 5612 1593 5687 1593 5651 4563 5612 4563 5688 4563 5607 1593 5578 1593 5608 1593 5536 4564 5664 4564 5665 4564 5535 4565 5665 4565 5666 4565 5535 1593 5536 1593 5665 1593 5652 4566 5612 4566 5651 4566 5537 1593 5664 1593 5536 1593 5537 1593 5663 1593 5664 1593 5534 4567 5666 4567 5667 4567 5534 1593 5535 1593 5666 1593 5533 1593 5667 1593 5668 1593 5533 4568 5534 4568 5667 4568 5538 1593 5663 1593 5537 1593 5538 4569 5662 4569 5663 4569 5539 1593 5662 1593 5538 1593 5539 1593 5661 1593 5662 1593 5532 1593 5533 1593 5668 1593 5540 4570 5661 4570 5539 4570 5540 4571 5660 4571 5661 4571 5541 1593 5660 1593 5540 1593 5541 4572 5659 4572 5660 4572 5609 1593 5610 1593 5612 1593 5542 4573 5658 4573 5659 4573 5542 4574 5659 4574 5541 4574 5606 1593 5607 1593 5609 1593 5606 1593 5604 1593 5607 1593 5543 1593 5658 1593 5542 1593 5543 4575 5657 4575 5658 4575 5614 1593 5657 1593 5543 1593 5614 4576 5652 4576 5653 4576 5614 4577 5653 4577 5654 4577 5614 1593 5654 1593 5655 1593 5614 4578 5655 4578 5656 4578 5614 4579 5656 4579 5657 4579 5366 4580 5531 4580 5532 4580 5367 4581 5531 4581 5366 4581 5365 1593 5668 1593 5669 1593 5365 4582 5669 4582 5530 4582 5365 1593 5366 1593 5532 1593 5365 4583 5530 4583 5364 4583 5365 4584 5532 4584 5668 4584 5368 4585 5566 4585 5531 4585 5368 1593 5531 1593 5367 1593 5544 1593 5614 1593 5543 1593 5363 4586 5365 4586 5364 4586 5369 4587 5565 4587 5566 4587 5369 1593 5566 1593 5368 1593 5370 4588 5565 4588 5369 4588 5371 4589 5564 4589 5565 4589 5371 4590 5565 4590 5370 4590 5372 1593 5564 1593 5371 1593 5372 4591 5563 4591 5564 4591 5464 4592 5465 4592 5604 4592 5466 1593 5604 1593 5465 1593 5466 1593 5607 1593 5604 1593 5463 1593 5464 1593 5604 1593 5373 1593 5563 1593 5372 1593 5467 4593 5577 4593 5578 4593 5467 1593 5578 1593 5607 1593 5467 4594 5607 4594 5466 4594 5462 1593 5463 1593 5604 1593 5545 1593 5614 1593 5544 1593 5374 4595 5563 4595 5373 4595 5374 4596 5562 4596 5563 4596 5375 4597 5562 4597 5374 4597 5487 4598 5467 4598 5468 4598 5487 4599 5468 4599 5469 4599 5487 4600 5469 4600 5470 4600 5487 1593 5577 1593 5467 1593 5603 1593 5462 1593 5604 1593 5603 4601 5459 4601 5460 4601 5603 4602 5460 4602 5461 4602 5603 4603 5461 4603 5462 4603 5471 1593 5487 1593 5470 1593 5376 4604 5562 4604 5375 4604 5458 1593 5459 1593 5603 1593 5546 1593 5614 1593 5545 1593 5561 1593 5562 1593 5376 1593 5472 4605 5483 4605 5484 4605 5472 4606 5484 4606 5485 4606 5472 4607 5485 4607 5486 4607 5472 4608 5486 4608 5487 4608 5472 1593 5487 1593 5471 1593 5457 1593 5458 1593 5603 1593 5482 1593 5483 1593 5472 1593 5377 4609 5561 4609 5376 4609 5481 1593 5482 1593 5472 1593 5473 4610 5481 4610 5472 4610 5473 4611 5480 4611 5481 4611 5378 4612 5561 4612 5377 4612 5456 1593 5457 1593 5603 1593 5479 1593 5480 1593 5473 1593 5478 1593 5479 1593 5473 1593 5477 4613 5478 4613 5473 4613 5474 1593 5477 1593 5473 1593 5455 1593 5456 1593 5603 1593 5475 1593 5477 1593 5474 1593 5560 4614 5561 4614 5378 4614 5560 4615 5378 4615 5379 4615 5454 1593 5455 1593 5603 1593 5476 1593 5477 1593 5475 1593 5453 4616 5454 4616 5603 4616 5397 4617 5389 4617 5390 4617 5397 4618 5390 4618 5391 4618 5397 4619 5391 4619 5392 4619 5397 4620 5392 4620 5393 4620 5397 4621 5393 4621 5394 4621 5397 4622 5394 4622 5395 4622 5397 1593 5395 1593 5396 1593 5559 4623 5379 4623 5380 4623 5559 4624 5380 4624 5381 4624 5559 1593 5560 1593 5379 1593 5399 4625 5397 4625 5398 4625 5400 4626 5397 4626 5399 4626 5401 1593 5397 1593 5400 1593 5403 4627 5384 4627 5385 4627 5403 4628 5385 4628 5386 4628 5403 4629 5389 4629 5397 4629 5403 4630 5386 4630 5387 4630 5403 4631 5387 4631 5388 4631 5403 4632 5388 4632 5389 4632 5403 1593 5401 1593 5402 1593 5403 4633 5397 4633 5401 4633 5558 4634 5381 4634 5382 4634 5558 1593 5559 1593 5381 1593 5605 4635 5453 4635 5603 4635 5605 4636 5448 4636 5449 4636 5605 4637 5449 4637 5450 4637 5605 4638 5450 4638 5451 4638 5605 4639 5451 4639 5452 4639 5605 4640 5452 4640 5453 4640 5557 4641 5382 4641 5383 4641 5557 4642 5383 4642 5384 4642 5557 1593 5558 1593 5382 1593 5556 1593 5557 1593 5384 1593 5556 4643 5384 4643 5403 4643 5611 1593 5605 1593 5606 1593 5611 1593 5448 1593 5605 1593 5611 4644 5446 4644 5447 4644 5611 4645 5447 4645 5448 4645 5620 1593 5614 1593 5619 1593 5621 1593 5614 1593 5620 1593 5618 1593 5614 1593 5546 1593 5618 1593 5619 1593 5614 1593 5622 1593 5614 1593 5621 1593 5617 1593 5618 1593 5546 1593 5617 1593 5546 1593 5547 1593 5616 1593 5547 1593 5548 1593 5616 1593 5617 1593 5547 1593 5615 1593 5616 1593 5548 1593 5615 1593 5548 1593 5549 1593 5650 1593 5615 1593 5549 1593 5650 1593 5549 1593 5550 1593 5649 1593 5650 1593 5550 1593 5649 1593 5550 1593 5551 1593 5648 1593 5649 1593 5551 1593 5648 1593 5551 1593 5552 1593 5647 1593 5648 1593 5552 1593 5647 1593 5552 1593 5553 1593 5613 1593 5446 1593 5611 1593 5613 4646 5625 4646 5626 4646 5613 4647 5626 4647 5627 4647 5613 4648 5627 4648 5628 4648 5613 4649 5445 4649 5446 4649 5629 1593 5613 1593 5628 1593 5646 1593 5647 1593 5553 1593 5646 1593 5553 1593 5554 1593 5630 1593 5613 1593 5629 1593 5645 1593 5646 1593 5554 1593 5645 1593 5554 1593 5555 1593 5631 1593 5613 1593 5630 1593 5644 1593 5556 1593 5403 1593 5644 1593 5645 1593 5555 1593 5644 1593 5555 1593 5556 1593 5632 4650 5613 4650 5631 4650 5633 4651 5613 4651 5632 4651 5431 4652 5637 4652 5638 4652 5431 1593 5432 1593 5637 1593 5433 4653 5636 4653 5637 4653 5433 1593 5637 1593 5432 1593 5430 4654 5638 4654 5639 4654 5430 4655 5431 4655 5638 4655 5434 1593 5636 1593 5433 1593 5429 4656 5430 4656 5639 4656 5435 4657 5635 4657 5636 4657 5435 1593 5636 1593 5434 1593 5428 1593 5429 1593 5639 1593 5428 4658 5639 4658 5640 4658 5436 1593 5635 1593 5435 1593 5436 4659 5634 4659 5635 4659 5427 4660 5428 4660 5640 4660 5437 1593 5634 1593 5436 1593 5426 1593 5427 1593 5640 1593 5426 4661 5640 4661 5641 4661 5438 1593 5634 1593 5437 1593 5438 4662 5633 4662 5634 4662 5425 1593 5426 1593 5641 1593 5425 4663 5641 4663 5642 4663 5439 1593 5633 1593 5438 1593 5439 4664 5613 4664 5633 4664 5424 1593 5425 1593 5642 1593 5424 4665 5642 4665 5643 4665 5440 1593 5613 1593 5439 1593 5423 1593 5424 1593 5643 1593 5441 1593 5613 1593 5440 1593 5442 1593 5613 1593 5441 1593 5410 1593 5411 1593 5412 1593 5410 4666 5412 4666 5413 4666 5410 4667 5413 4667 5414 4667 5410 4668 5414 4668 5415 4668 5410 4669 5415 4669 5416 4669 5410 4670 5416 4670 5417 4670 5410 4671 5417 4671 5418 4671 5407 1593 5408 1593 5409 1593 5404 1593 5423 1593 5643 1593 5404 4672 5410 4672 5418 4672 5404 4673 5409 4673 5410 4673 5404 4674 5418 4674 5419 4674 5404 4675 5419 4675 5420 4675 5404 4676 5420 4676 5421 4676 5404 4677 5421 4677 5422 4677 5404 4678 5422 4678 5423 4678 5404 1593 5644 1593 5403 1593 5404 4679 5643 4679 5644 4679 5405 4680 5406 4680 5407 4680 5405 4681 5407 4681 5409 4681 5405 4682 5409 4682 5404 4682 5443 4683 5444 4683 5445 4683 5443 1593 5445 1593 5442 1593 5442 1593 5445 1593 5613 1593 5487 1593 5488 1593 5577 1593 5612 1593 5611 1593 5609 1593 5609 1593 5611 1593 5606 1593 5613 1593 5614 1593 5624 1593 5624 4684 5614 4684 5623 4684 5623 1593 5614 1593 5622 1593 5613 4685 5624 4685 5625 4685 5614 4686 5612 4686 5652 4686</p>
        </triangles>
        <triangles material="mat_4-material" count="372">
          <input semantic="VERTEX" source="#base_link-mesh-vertices" offset="0"/>
          <input semantic="NORMAL" source="#base_link-mesh-normals" offset="1"/>
          <p>7333 1593 7191 1593 7190 1593 7333 1593 7190 1593 7332 1593 7334 5741 7191 5741 7333 5741 7331 1593 7332 1593 7190 1593 7335 1593 7191 1593 7334 1593 7330 1593 7331 1593 7190 1593 7330 5742 7190 5742 7189 5742 7336 1593 7191 1593 7335 1593 7336 1593 7192 1593 7191 1593 7329 5743 7330 5743 7189 5743 7337 1593 7192 1593 7336 1593 7328 1593 7329 1593 7189 1593 7338 1593 7192 1593 7337 1593 7327 1593 7328 1593 7189 1593 7327 1593 7189 1593 7188 1593 7339 5744 7192 5744 7338 5744 7339 5745 7193 5745 7192 5745 7326 1593 7188 1593 7187 1593 7326 1593 7327 1593 7188 1593 7340 1593 7193 1593 7339 1593 7325 1593 7326 1593 7187 1593 7341 5746 7193 5746 7340 5746 7342 1593 7193 1593 7341 1593 7342 5747 7194 5747 7193 5747 7343 5748 7194 5748 7342 5748 7344 1593 7194 1593 7343 1593 7297 1593 7185 1593 7184 1593 7297 1593 7184 1593 7296 1593 7295 1593 7296 1593 7184 1593 7298 1593 7185 1593 7297 1593 7299 5749 7186 5749 7185 5749 7299 5750 7185 5750 7298 5750 7294 1593 7184 1593 7183 1593 7294 1593 7295 1593 7184 1593 7293 5751 7294 5751 7183 5751 7300 5752 7186 5752 7299 5752 7195 1593 7194 1593 7344 1593 7195 5753 7344 5753 7345 5753 7195 1593 7345 1593 7310 1593 7301 5754 7187 5754 7186 5754 7301 5755 7186 5755 7300 5755 7301 5756 7324 5756 7325 5756 7301 1593 7325 1593 7187 1593 7292 1593 7293 1593 7183 1593 7302 5757 7323 5757 7324 5757 7302 1593 7324 1593 7301 1593 7291 5758 7183 5758 7182 5758 7291 5759 7292 5759 7183 5759 7303 5760 7322 5760 7323 5760 7303 1593 7323 1593 7302 1593 7290 1593 7291 1593 7182 1593 7304 5761 7321 5761 7322 5761 7304 1593 7322 1593 7303 1593 7289 1593 7290 1593 7182 1593 7305 1593 7321 1593 7304 1593 7305 5762 7320 5762 7321 5762 7288 1593 7289 1593 7182 1593 7306 1593 7320 1593 7305 1593 7306 5763 7319 5763 7320 5763 7196 1593 7195 1593 7310 1593 7181 5764 7288 5764 7182 5764 7181 1593 7287 1593 7288 1593 7307 1593 7319 1593 7306 1593 7307 5765 7318 5765 7319 5765 7286 5766 7287 5766 7181 5766 7308 1593 7318 1593 7307 1593 7308 5767 7317 5767 7318 5767 7285 1593 7286 1593 7181 1593 7180 1593 7285 1593 7181 1593 7180 5768 7282 5768 7283 5768 7180 5769 7283 5769 7284 5769 7180 5770 7284 5770 7285 5770 7179 5771 7281 5771 7282 5771 7179 1593 7282 1593 7180 1593 7225 5772 7310 5772 7311 5772 7224 1593 7225 1593 7311 1593 7224 5773 7311 5773 7312 5773 7226 1593 7196 1593 7310 1593 7226 1593 7310 1593 7225 1593 7223 5774 7312 5774 7313 5774 7223 5775 7224 5775 7312 5775 7227 5776 7197 5776 7196 5776 7227 1593 7196 1593 7226 1593 7222 1593 7223 1593 7313 1593 7222 5777 7313 5777 7314 5777 7221 1593 7314 1593 7315 1593 7221 5778 7222 5778 7314 5778 7228 5779 7198 5779 7197 5779 7228 1593 7197 1593 7227 1593 7229 1593 7198 1593 7228 1593 7220 5780 7315 5780 7316 5780 7220 1593 7221 1593 7315 1593 7230 1593 7198 1593 7229 1593 7219 1593 7220 1593 7316 1593 7219 5781 7316 5781 7317 5781 7231 5782 7198 5782 7230 5782 7218 1593 7219 1593 7317 1593 7199 5783 7231 5783 7232 5783 7199 1593 7198 1593 7231 1593 7178 5784 7280 5784 7281 5784 7178 1593 7281 1593 7179 1593 7233 5785 7199 5785 7232 5785 7234 1593 7199 1593 7233 1593 7260 5786 7275 5786 7276 5786 7261 1593 7274 1593 7275 1593 7261 1593 7275 1593 7260 1593 7259 5787 7260 5787 7276 5787 7259 5788 7276 5788 7277 5788 7262 5789 7309 5789 7274 5789 7262 1593 7274 1593 7261 1593 7263 1593 7309 1593 7262 1593 7263 1593 7317 1593 7308 1593 7263 5790 7308 5790 7309 5790 7263 1593 7218 1593 7317 1593 7258 5791 7277 5791 7278 5791 7258 1593 7259 1593 7277 1593 7264 1593 7218 1593 7263 1593 7264 5792 7217 5792 7218 5792 7257 1593 7278 1593 7279 1593 7257 1593 7258 1593 7278 1593 7200 5793 7199 5793 7234 5793 7200 1593 7234 1593 7235 1593 7200 5794 7235 5794 7236 5794 7200 1593 7236 1593 7237 1593 7265 5795 7217 5795 7264 5795 7265 5796 7216 5796 7217 5796 7256 1593 7257 1593 7279 1593 7256 1593 7178 1593 7177 1593 7256 5797 7279 5797 7280 5797 7256 1593 7280 1593 7178 1593 7255 5798 7256 5798 7177 5798 7266 1593 7216 1593 7265 1593 7266 5799 7215 5799 7216 5799 7267 1593 7215 1593 7266 1593 7267 5800 7214 5800 7215 5800 7254 1593 7255 1593 7177 1593 7268 5801 7214 5801 7267 5801 7268 5802 7213 5802 7214 5802 7269 5803 7212 5803 7213 5803 7269 1593 7213 1593 7268 1593 7270 5804 7211 5804 7212 5804 7270 5805 7212 5805 7269 5805 7201 1593 7202 1593 7203 1593 7201 1593 7203 1593 7204 1593 7201 1593 7200 1593 7237 1593 7201 5806 7237 5806 7202 5806 7176 1593 7254 1593 7177 1593 7176 5807 7252 5807 7253 5807 7176 5808 7253 5808 7254 5808 7271 5809 7211 5809 7270 5809 7175 5810 7249 5810 7250 5810 7175 5811 7250 5811 7251 5811 7175 1593 7251 1593 7252 1593 7175 1593 7252 1593 7176 1593 7166 5812 7204 5812 7205 5812 7166 1593 7205 1593 7206 1593 7166 1593 7206 1593 7207 1593 7166 5813 7201 5813 7204 5813 7174 1593 7249 1593 7175 1593 7174 5814 7246 5814 7247 5814 7174 5815 7247 5815 7248 5815 7174 5816 7248 5816 7249 5816 7167 5817 7166 5817 7207 5817 7167 5818 7207 5818 7208 5818 7167 5819 7208 5819 7209 5819 7173 5820 7243 5820 7244 5820 7173 5821 7244 5821 7245 5821 7173 5822 7245 5822 7246 5822 7173 5823 7246 5823 7174 5823 7168 5824 7209 5824 7210 5824 7168 5825 7210 5825 7211 5825 7168 5826 7167 5826 7209 5826 7169 5827 7271 5827 7272 5827 7169 5828 7168 5828 7211 5828 7169 5829 7211 5829 7271 5829 7172 1593 7243 1593 7173 1593 7172 5830 7240 5830 7241 5830 7172 1593 7241 1593 7242 1593 7172 1593 7242 1593 7243 1593 7170 5831 7272 5831 7273 5831 7170 5832 7169 5832 7272 5832 7171 1593 7273 1593 7238 1593 7171 5833 7170 5833 7273 5833 7171 1593 7240 1593 7172 1593 7171 5834 7238 5834 7239 5834 7171 5835 7239 5835 7240 5835 7549 5851 7407 5851 7406 5851 7548 5852 7549 5852 7406 5852 7547 5853 7548 5853 7406 5853 7550 1593 7407 1593 7549 1593 7551 1593 7407 1593 7550 1593 7546 1593 7406 1593 7405 1593 7546 5854 7547 5854 7406 5854 7552 5855 7407 5855 7551 5855 7552 5856 7408 5856 7407 5856 7545 1593 7546 1593 7405 1593 7553 1593 7408 1593 7552 1593 7544 1593 7545 1593 7405 1593 7554 1593 7408 1593 7553 1593 7543 1593 7405 1593 7404 1593 7543 1593 7544 1593 7405 1593 7555 1593 7408 1593 7554 1593 7555 5857 7409 5857 7408 5857 7542 1593 7404 1593 7403 1593 7542 1593 7543 1593 7404 1593 7556 1593 7409 1593 7555 1593 7541 5858 7542 5858 7403 5858 7557 1593 7409 1593 7556 1593 7558 1593 7409 1593 7557 1593 7558 5859 7410 5859 7409 5859 7559 5860 7410 5860 7558 5860 7560 1593 7410 1593 7559 1593 7513 5861 7401 5861 7400 5861 7512 5862 7513 5862 7400 5862 7511 1593 7512 1593 7400 1593 7514 1593 7401 1593 7513 1593 7515 1593 7402 1593 7401 1593 7515 1593 7401 1593 7514 1593 7510 1593 7400 1593 7399 1593 7510 5863 7511 5863 7400 5863 7516 1593 7402 1593 7515 1593 7509 1593 7510 1593 7399 1593 7411 1593 7410 1593 7560 1593 7411 5864 7560 5864 7561 5864 7411 5865 7561 5865 7526 5865 7517 5866 7403 5866 7402 5866 7517 5867 7541 5867 7403 5867 7517 5868 7402 5868 7516 5868 7517 5869 7540 5869 7541 5869 7508 1593 7509 1593 7399 1593 7518 1593 7540 1593 7517 1593 7518 5870 7539 5870 7540 5870 7507 5871 7399 5871 7398 5871 7507 5872 7508 5872 7399 5872 7519 5873 7538 5873 7539 5873 7519 1593 7539 1593 7518 1593 7506 1593 7507 1593 7398 1593 7520 5874 7537 5874 7538 5874 7520 1593 7538 1593 7519 1593 7505 1593 7506 1593 7398 1593 7521 1593 7537 1593 7520 1593 7521 5875 7536 5875 7537 5875 7504 1593 7505 1593 7398 1593 7522 1593 7536 1593 7521 1593 7522 5876 7535 5876 7536 5876 7412 1593 7411 1593 7526 1593 7397 5877 7504 5877 7398 5877 7397 5878 7503 5878 7504 5878 7523 1593 7535 1593 7522 1593 7523 5879 7534 5879 7535 5879 7502 5766 7503 5766 7397 5766 7524 1593 7534 1593 7523 1593 7524 5880 7533 5880 7534 5880 7501 5881 7502 5881 7397 5881 7396 5882 7498 5882 7499 5882 7396 5883 7499 5883 7500 5883 7396 5884 7500 5884 7501 5884 7396 1593 7501 1593 7397 1593 7395 5885 7497 5885 7498 5885 7395 5886 7498 5886 7396 5886 7440 5887 7527 5887 7528 5887 7441 1593 7527 1593 7440 1593 7441 1593 7526 1593 7527 1593 7439 1593 7440 1593 7528 1593 7439 5888 7528 5888 7529 5888 7442 1593 7412 1593 7526 1593 7442 1593 7526 1593 7441 1593 7443 5889 7413 5889 7412 5889 7443 1593 7412 1593 7442 1593 7438 5890 7529 5890 7530 5890 7438 1593 7439 1593 7529 1593 7444 1593 7414 1593 7413 1593 7444 1593 7413 1593 7443 1593 7437 1593 7438 1593 7530 1593 7437 5891 7530 5891 7531 5891 7445 1593 7414 1593 7444 1593 7436 5892 7531 5892 7532 5892 7436 1593 7437 1593 7531 1593 7446 1593 7414 1593 7445 1593 7435 5893 7532 5893 7533 5893 7435 1593 7436 1593 7532 1593 7447 1593 7414 1593 7446 1593 7434 5894 7435 5894 7533 5894 7415 1593 7414 1593 7447 1593 7415 5895 7447 5895 7448 5895 7394 5896 7496 5896 7497 5896 7394 1593 7497 1593 7395 1593 7449 5853 7415 5853 7448 5853 7450 5852 7415 5852 7449 5852 7476 5897 7491 5897 7492 5897 7477 5898 7490 5898 7491 5898 7477 5899 7491 5899 7476 5899 7475 1593 7476 1593 7492 1593 7475 5900 7492 5900 7493 5900 7478 1593 7525 1593 7490 1593 7478 1593 7490 1593 7477 1593 7479 1593 7525 1593 7478 1593 7479 1593 7533 1593 7524 1593 7479 5901 7524 5901 7525 5901 7479 5902 7434 5902 7533 5902 7474 5903 7493 5903 7494 5903 7474 1593 7475 1593 7493 1593 7473 5904 7494 5904 7495 5904 7473 1593 7474 1593 7494 1593 7480 1593 7434 1593 7479 1593 7480 5905 7433 5905 7434 5905 7416 5906 7415 5906 7450 5906 7416 1593 7450 1593 7451 1593 7416 5907 7451 5907 7452 5907 7416 5908 7452 5908 7453 5908 7481 5909 7432 5909 7433 5909 7481 1593 7433 1593 7480 1593 7472 5910 7394 5910 7393 5910 7472 5911 7495 5911 7496 5911 7472 1593 7496 1593 7394 1593 7472 1593 7473 1593 7495 1593 7482 1593 7432 1593 7481 1593 7482 5912 7431 5912 7432 5912 7471 1593 7472 1593 7393 1593 7483 5913 7430 5913 7431 5913 7483 1593 7431 1593 7482 1593 7470 1593 7471 1593 7393 1593 7484 1593 7430 1593 7483 1593 7484 5914 7429 5914 7430 5914 7485 5915 7428 5915 7429 5915 7485 1593 7429 1593 7484 1593 7486 5916 7427 5916 7428 5916 7486 5917 7428 5917 7485 5917 7417 1593 7418 1593 7419 1593 7417 1593 7419 1593 7420 1593 7417 5918 7416 5918 7453 5918 7417 1593 7453 1593 7418 1593 7392 1593 7470 1593 7393 1593 7392 5919 7468 5919 7469 5919 7392 5920 7469 5920 7470 5920 7487 1593 7427 1593 7486 1593 7382 5921 7420 5921 7421 5921 7382 1593 7421 1593 7422 1593 7382 5922 7422 5922 7423 5922 7382 5923 7417 5923 7420 5923 7391 5924 7465 5924 7466 5924 7391 5925 7466 5925 7467 5925 7391 5926 7467 5926 7468 5926 7391 1593 7468 1593 7392 1593 7383 5927 7423 5927 7424 5927 7383 5928 7424 5928 7425 5928 7383 5929 7382 5929 7423 5929 7390 5930 7462 5930 7463 5930 7390 5931 7463 5931 7464 5931 7390 5932 7464 5932 7465 5932 7390 1593 7465 1593 7391 1593 7389 5933 7459 5933 7460 5933 7389 5934 7460 5934 7461 5934 7389 5935 7461 5935 7462 5935 7389 1593 7462 1593 7390 1593 7384 5936 7425 5936 7426 5936 7384 5937 7426 5937 7427 5937 7384 5826 7383 5826 7425 5826 7385 5938 7487 5938 7488 5938 7385 1593 7384 1593 7427 1593 7385 5829 7427 5829 7487 5829 7388 1593 7459 1593 7389 1593 7388 5939 7456 5939 7457 5939 7388 5940 7457 5940 7458 5940 7388 5941 7458 5941 7459 5941 7386 5942 7488 5942 7489 5942 7386 5943 7385 5943 7488 5943 7387 1593 7456 1593 7388 1593 7387 1593 7489 1593 7454 1593 7387 5944 7386 5944 7489 5944 7387 1593 7454 1593 7455 1593 7387 1593 7455 1593 7456 1593</p>
        </triangles>
      </mesh>
    </geometry>
  </library_geometries>
  <library_visual_scenes>
    <visual_scene id="Scene" name="Scene">
      <node id="NAUO1" name="NAUO1" type="NODE">
        <matrix sid="transform">-1 -4.37114e-8 -4.37114e-8 7.45058e-9 4.37114e-8 -1 1.79966e-15 -3.25675e-16 -4.37114e-8 0 1 3.25675e-16 0 0 0 1</matrix>
        <instance_geometry url="#base_link-mesh" name="NAUO1">
          <bind_material>
            <technique_common>
              <instance_material symbol="mat_0-material" target="#mat_0-material"/>
              <instance_material symbol="mat_1-material" target="#mat_1-material"/>
              <instance_material symbol="mat_2-material" target="#mat_2-material"/>
              <instance_material symbol="mat_3-material" target="#mat_3-material"/>
              <instance_material symbol="mat_4-material" target="#mat_4-material"/>
            </technique_common>
          </bind_material>
        </instance_geometry>
      </node>
    </visual_scene>
  </library_visual_scenes>
  <scene>
    <instance_visual_scene url="#Scene"/>
  </scene>
</COLLADA>