<?xml version="1.0" encoding="utf-8"?>
<COLLADA xmlns="http://www.collada.org/2005/11/COLLADASchema" version="1.4.1" xmlns:xsi="http://www.w3.org/2001/XMLSchema-instance">
  <asset>
    <contributor>
      <author>Blender User</author>
      <authoring_tool>Blender 4.4.0 commit date:2025-03-17, commit time:17:00, hash:05377985c527</authoring_tool>
    </contributor>
    <created>2026-05-12T17:37:58</created>
    <modified>2026-05-12T17:37:58</modified>
    <unit name="meter" meter="1"/>
    <up_axis>Z_UP</up_axis>
  </asset>
  <library_effects>
    <effect id="mat_0-effect">
      <profile_COMMON>
        <technique sid="common">
          <lambert>
            <emission>
              <color sid="emission">0 0 0 1</color>
            </emission>
            <diffuse>
              <color sid="diffuse">1 1 1 1</color>
            </diffuse>
            <reflectivity>
              <float sid="specular">1</float>
            </reflectivity>
            <index_of_refraction>
              <float sid="ior">1.5</float>
            </index_of_refraction>
          </lambert>
        </technique>
      </profile_COMMON>
    </effect>
    <effect id="mat_2-effect">
      <profile_COMMON>
        <technique sid="common">
          <lambert>
            <emission>
              <color sid="emission">0 0 0 1</color>
            </emission>
            <diffuse>
              <color sid="diffuse">0.05126946 0.05126946 0.05126946 1</color>
            </diffuse>
            <reflectivity>
              <float sid="specular">1</float>
            </reflectivity>
            <index_of_refraction>
              <float sid="ior">1.5</float>
            </index_of_refraction>
          </lambert>
        </technique>
      </profile_COMMON>
    </effect>
  </library_effects>
  <library_images/>
  <library_materials>
    <material id="mat_0-material" name="mat_0">
      <instance_effect url="#mat_0-effect"/>
    </material>
    <material id="mat_2-material" name="mat_2">
      <instance_effect url="#mat_2-effect"/>
    </material>
  </library_materials>
  <library_geometries>
    <geometry id="link_5-mesh" name="link_5">
      <mesh>
        <source id="link_5-mesh-positions">
          <float_array id="link_5-mesh-positions-array" count="5118">0 -0.002134323 -0.02249997 0 -0.01213437 -0.02249997 0 -0.01213437 0.02249997 -0.003907024 -0.01213437 0.0221582 -0.007695376 -0.01213437 0.02114307 -0.01124995 -0.01213437 0.01948559 -0.01446264 -0.01213437 0.01723599 -0.01723593 -0.01213437 0.0144627 -0.01948553 -0.01213437 0.01125001 -0.02114301 -0.01213437 0.007695436 -0.02215808 -0.01213437 0.003907084 -0.02249991 -0.01213437 0 -0.02215808 -0.01213437 -0.003907084 -0.02114301 -0.01213437 -0.007695436 -0.01948553 -0.01213437 -0.01125001 -0.01723593 -0.01213437 -0.0144627 -0.01446264 -0.01213437 -0.01723599 -0.01124995 -0.01213437 -0.01948559 -0.007695376 -0.01213437 -0.02114307 -0.003907024 -0.01213437 -0.02215814 0 -0.002134323 0.02249997 -0.003907024 -0.002134323 0.0221582 -0.007695376 -0.002134323 0.02114307 -0.01124995 -0.002134323 0.01948559 -0.01446264 -0.002134323 0.01723599 -0.01723593 -0.002134323 0.0144627 -0.01948553 -0.002134323 0.01125001 -0.02114301 -0.002134323 0.007695436 -0.02215808 -0.002134323 0.003907084 -0.02249991 -0.002134323 0 -0.02215808 -0.002134323 -0.003907084 -0.02114301 -0.002134323 -0.007695436 -0.01948553 -0.002134323 -0.01125001 -0.01723593 -0.002134323 -0.0144627 -0.01446264 -0.002134323 -0.01723599 -0.01124995 -0.002134323 -0.01948559 -0.007695376 -0.002134323 -0.02114307 -0.003907024 -0.002134323 -0.02215814 -0.02249991 1.63168e-6 -0.0715 -0.02249991 1.63168e-6 -0.08149999 0.02250003 1.63168e-6 -0.08149999 0.0221582 -0.003905415 -0.08149999 0.02114307 -0.007693767 -0.08149999 0.01948559 -0.01124835 -0.08149999 0.01723599 -0.01446104 -0.08149999 0.0144627 -0.01723432 -0.08149999 0.01125001 -0.01948392 -0.08149999 0.007695436 -0.0211414 -0.08149999 0.003907084 -0.02215653 -0.08149999 0 -0.02249836 -0.08149999 -0.003907024 -0.02215653 -0.08149999 -0.007695376 -0.0211414 -0.08149999 -0.01124995 -0.01948392 -0.08149999 -0.01446264 -0.01723432 -0.08149999 -0.01723593 -0.01446104 -0.08149999 -0.01948553 -0.01124835 -0.08149999 -0.02114301 -0.007693767 -0.08149999 -0.02215808 -0.003905415 -0.08149999 0.02250003 1.63168e-6 -0.0715 0.0221582 -0.003905415 -0.0715 0.02114307 -0.007693767 -0.0715 0.01948559 -0.01124835 -0.0715 0.01723599 -0.01446104 -0.0715 0.0144627 -0.01723432 -0.0715 0.01125001 -0.01948392 -0.0715 0.007695436 -0.0211414 -0.0715 0.003907084 -0.02215653 -0.0715 0 -0.02249836 -0.0715 -0.003907024 -0.02215653 -0.0715 -0.007695376 -0.0211414 -0.0715 -0.01124995 -0.01948392 -0.0715 -0.01446264 -0.01723432 -0.0715 -0.01723593 -0.01446104 -0.0715 -0.01948553 -0.01124835 -0.0715 -0.02114301 -0.007693767 -0.0715 -0.02215808 -0.003905415 -0.0715 0.02820003 -0.009434342 0 0.02777159 -0.009434342 -0.004896879 0.02649933 -0.009434342 -0.009644985 0.02442193 -0.009434342 -0.01410001 0.02160245 -0.009434342 -0.0181266 0.0181266 -0.009434342 -0.02160245 0.01410001 -0.009434342 -0.02442193 0.009644985 -0.009434342 -0.02649933 0.004896879 -0.009434342 -0.02777159 0 -0.009434342 -0.02819997 0 -0.00343436 -0.02819997 0 -0.00343436 0.02820003 0.004896879 -0.00343436 0.02777159 0.009644985 -0.00343436 0.02649933 0.01410001 -0.00343436 0.02442193 0.0181266 -0.00343436 0.02160245 0.02160245 -0.00343436 0.0181266 0.02442193 -0.00343436 0.01410001 0.02649933 -0.00343436 0.009644985 0.02777159 -0.00343436 0.004896879 0.02820003 -0.00343436 0 0.02777159 -0.00343436 -0.004896879 0.02649933 -0.00343436 -0.009644985 0.02442193 -0.00343436 -0.01410001 0.02160245 -0.00343436 -0.0181266 0.0181266 -0.00343436 -0.02160245 0.01410001 -0.00343436 -0.02442193 0.009644985 -0.00343436 -0.02649933 0.004896879 -0.00343436 -0.02777159 0 -0.009434342 0.02820003 0.004896879 -0.009434342 0.02777159 0.009644985 -0.009434342 0.02649933 0.01410001 -0.009434342 0.02442193 0.0181266 -0.009434342 0.02160245 0.02160245 -0.009434342 0.0181266 0.02442193 -0.009434342 0.01410001 0.02649933 -0.009434342 0.009644985 0.02777159 -0.009434342 0.004896879 0.02899998 1.63168e-6 -0.06999993 0.02857327 0.004958331 -0.06999999 0.02730548 0.00976926 -0.06999993 0.02523416 0.01429265 -0.06999999 0.0224201 0.01839542 -0.06999993 0.01894629 0.02195686 -0.06999999 0.01491481 0.02487212 -0.06999993 0.0104444 0.0270555 -0.06999999 0.005666553 0.02844262 -0.06999999 0.002847015 0.0288614 -0.06999999 0 0.02900159 -0.06999999 0.02899998 1.63168e-6 -0.07300001 0.02855944 0.005037426 -0.07300001 0.02725112 0.009920179 -0.07300001 0.02511477 0.01450163 -0.07300001 0.0222153 0.01864242 -0.07300001 0.01864087 0.02221691 -0.07300001 0.01450002 0.02511632 -0.07300001 0.00991857 0.02725267 -0.07300001 0.005035817 0.02856105 -0.07300001 0 0.02900159 -0.07300001 -0.005035758 0.02856105 -0.07300001 -0.00991851 0.02725267 -0.07300001 -0.01449996 0.02511632 -0.07300001 -0.01864075 0.02221691 -0.07300001 -0.02221524 0.01864242 -0.07300001 -0.02511465 0.01450163 -0.07300001 -0.027251 0.009920179 -0.07300001 -0.02855938 0.005037426 -0.07300001 -0.02899992 1.63168e-6 -0.07300001 -0.02899992 1.63168e-6 -0.06999993 -0.004956722 0.02857482 -0.06999999 -0.009767591 0.02730709 -0.06999999 -0.01429098 0.02523571 -0.06999993 -0.01839375 0.02242171 -0.06999999 -0.02195519 0.01894783 -0.06999993 -0.02487051 0.01491641 -0.06999999 -0.02705383 0.01044601 -0.06999993 -0.02844095 0.005668103 -0.06999999 -0.02885973 0.002848625 -0.06999999 0.02848243 -0.01213437 -9.99987e-4 0.02789902 -0.01213437 -0.005822002 0.02650523 -0.01213437 -0.01047486 0.02434158 -0.01213437 -0.01482349 0.02147096 -0.01213437 -0.0187416 0.0179767 -0.01213437 -0.02211534 0.0139603 -0.01213437 -0.02484673 0.009538412 -0.01213437 -0.02685642 0.004839479 -0.01213437 -0.02808612 0 -0.01213437 -0.02850002 0 -0.009434342 -0.02850002 0.02848243 -0.009434342 -9.99987e-4 0.02789902 -0.009434342 -0.005822002 0.02650523 -0.009434342 -0.01047486 0.02434158 -0.009434342 -0.01482349 0.02147096 -0.009434342 -0.0187416 0.0179767 -0.009434342 -0.02211534 0.0139603 -0.009434342 -0.02484673 0.009538412 -0.009434342 -0.02685642 0.004839479 -0.009434342 -0.02808612 0 -0.01213437 -0.02850002 0 -0.009434342 -0.02850002 -0.004948914 -0.01213437 -0.02806699 -0.009747505 -0.01213437 -0.02678126 -0.01424992 -0.01213437 -0.02468174 -0.01831936 -0.01213437 -0.02183228 -0.02183222 -0.01213437 -0.01831942 -0.02468168 -0.01213437 -0.01424998 -0.0267812 -0.01213437 -0.009747564 -0.02806693 -0.01213437 -0.004948973 -0.02849996 -0.01213437 0 -0.02806693 -0.01213437 0.004948973 -0.0267812 -0.01213437 0.009747564 -0.02468168 -0.01213437 0.01424998 -0.02183222 -0.01213437 0.01831942 -0.01831936 -0.01213437 0.02183228 -0.01424992 -0.01213437 0.02468174 -0.009747505 -0.01213437 0.02678126 -0.004948914 -0.01213437 0.02806705 0 -0.01213437 0.02850002 0 -0.009434342 0.02850002 -0.004948914 -0.009434342 -0.02806699 -0.009747505 -0.009434342 -0.02678126 -0.01424992 -0.009434342 -0.02468174 -0.01831936 -0.009434342 -0.02183228 -0.02183222 -0.009434342 -0.01831942 -0.02468168 -0.009434342 -0.01424998 -0.0267812 -0.009434342 -0.009747564 -0.02806693 -0.009434342 -0.004948973 -0.02849996 -0.009434342 0 -0.02806693 -0.009434342 0.004948973 -0.0267812 -0.009434342 0.009747564 -0.02468168 -0.009434342 0.01424998 -0.02183222 -0.009434342 0.01831942 -0.01831936 -0.009434342 0.02183228 -0.01424992 -0.009434342 0.02468174 -0.009747505 -0.009434342 0.02678126 -0.004948914 -0.009434342 0.02806705 0.02869999 1.63168e-6 -0.07960116 0.02826398 0.004985332 -0.07960116 0.02696919 0.0098176 -0.07960116 0.02485495 0.0143516 -0.07960116 0.02198547 0.0184496 -0.07960116 0.01844799 0.02198708 -0.07960116 0.01434999 0.0248565 -0.07960116 0.00981599 0.0269708 -0.07960116 0.004983723 0.02826559 -0.07960116 0 0.0287016 -0.07960116 -0.004983663 0.02826559 -0.07960116 -0.009815931 0.0269708 -0.07960116 -0.01434993 0.0248565 -0.07960116 -0.01844793 0.02198708 -0.07960116 -0.02198541 0.0184496 -0.07960116 -0.02485483 0.0143516 -0.07960116 -0.02696913 0.0098176 -0.07960116 -0.02826392 0.004985332 -0.07960116 -0.02869993 1.63168e-6 -0.07960116 -0.02869993 1.63168e-6 -0.07300001 0.02869999 1.63168e-6 -0.07300001 0.02826398 0.004985332 -0.07300001 0.02696919 0.0098176 -0.07300001 0.02485495 0.0143516 -0.07300001 0.02198547 0.0184496 -0.07300001 0.01844799 0.02198708 -0.07300001 0.01434999 0.0248565 -0.07300001 0.00981599 0.0269708 -0.07300001 0.004983723 0.02826559 -0.07300001 0 0.0287016 -0.07300001 -0.004983663 0.02826559 -0.07300001 -0.009815931 0.0269708 -0.07300001 -0.01434993 0.0248565 -0.07300001 -0.01844793 0.02198708 -0.07300001 -0.02198541 0.0184496 -0.07300001 -0.02485483 0.0143516 -0.07300001 -0.02696913 0.0098176 -0.07300001 -0.02826392 0.004985332 -0.07300001 0 -0.02899831 -0.07960116 0.004926323 -0.02857685 -0.07960116 0.009709417 -0.02732467 -0.07960116 0.01421034 -0.02527809 -0.07960116 0.01829814 -0.02249675 -0.07960116 0.02185404 -0.01906138 -0.07960116 0.02477473 -0.01507192 -0.07960116 0.02697527 -0.01064431 -0.07960116 0.02839165 -0.005907177 -0.07960116 0.02898275 -9.9837e-4 -0.07960116 0 -0.02899831 -0.08149999 0.004926323 -0.02857685 -0.08149999 0.009709417 -0.02732467 -0.08149999 0.01421034 -0.02527809 -0.08149999 0.01829814 -0.02249675 -0.08149999 0.02185404 -0.01906138 -0.08149999 0.02477473 -0.01507192 -0.08149999 0.02697527 -0.01064431 -0.08149999 0.02839165 -0.005907177 -0.08149999 0.02898275 -9.9837e-4 -0.08149999 0 -0.02899831 -0.07960116 0 -0.02899831 -0.08149999 0 0.02900159 -0.07960116 -0.005035758 0.02856105 -0.07960116 -0.00991851 0.02725267 -0.07960116 -0.01449996 0.02511632 -0.07960116 -0.01864075 0.02221691 -0.07960116 -0.02221524 0.01864242 -0.07960116 -0.02511465 0.01450163 -0.07960116 -0.027251 0.009920179 -0.07960116 -0.02855938 0.005037426 -0.07960116 -0.02899992 1.63168e-6 -0.07960116 -0.02855938 -0.005034148 -0.07960116 -0.027251 -0.009916901 -0.07960116 -0.02511465 -0.01449835 -0.07960116 -0.02221524 -0.0186392 -0.07960116 -0.01864075 -0.02221363 -0.07960116 -0.01449996 -0.0251131 -0.07960116 -0.00991851 -0.02724945 -0.07960116 -0.005035758 -0.02855777 -0.07960116 0 0.02900159 -0.08149999 -0.005035758 0.02856105 -0.08149999 -0.00991851 0.02725267 -0.08149999 -0.01449996 0.02511632 -0.08149999 -0.01864075 0.02221691 -0.08149999 -0.02221524 0.01864242 -0.08149999 -0.02511465 0.01450163 -0.08149999 -0.027251 0.009920179 -0.08149999 -0.02855938 0.005037426 -0.08149999 -0.02899992 1.63168e-6 -0.08149999 -0.02855938 -0.005034148 -0.08149999 -0.027251 -0.009916901 -0.08149999 -0.02511465 -0.01449835 -0.08149999 -0.02221524 -0.0186392 -0.08149999 -0.01864075 -0.02221363 -0.08149999 -0.01449996 -0.0251131 -0.08149999 -0.00991851 -0.02724945 -0.08149999 -0.005035758 -0.02855777 -0.08149999 -0.02849996 -0.00343436 0 -0.02806693 -0.00343436 0.004948973 -0.0267812 -0.00343436 0.009747564 -0.02468168 -0.00343436 0.01424998 -0.02183222 -0.00343436 0.01831942 -0.01831936 -0.00343436 0.02183228 -0.01424992 -0.00343436 0.02468174 -0.009747505 -0.00343436 0.02678126 -0.004948914 -0.00343436 0.02806705 0 -0.00343436 0.02850002 0.004948973 -0.00343436 0.02806705 0.009747564 -0.00343436 0.02678126 0.01425004 -0.00343436 0.02468174 0.01831948 -0.00343436 0.02183228 0.02183228 -0.00343436 0.01831942 0.02468174 -0.00343436 0.01424998 0.02678126 -0.00343436 0.009747564 0.02806705 -0.00343436 0.004948973 0.02850002 -0.00343436 0 0.02850008 0.03940159 0 0.02808058 0.03940159 0.004871308 0.02683472 0.03940159 0.009599208 0.02479904 0.03940159 0.01404464 0.02203357 0.03940159 0.01807665 0.01861959 0.03940159 0.0215767 0.01465767 0.03940159 0.02444177 0.01026433 0.03940159 0.02658748 0.005568861 0.03940159 0.02795064 0.002797961 0.03940159 0.02836221 0 0.03940159 0.02850008 -0.004871249 0.03940159 0.02808058 -0.009599149 0.03940159 0.02683472 -0.01404458 0.03940159 0.02479904 -0.01807659 0.03940159 0.02203357 -0.02157664 0.03940159 0.01861959 -0.02444171 0.03940159 0.01465767 -0.02658736 0.03940159 0.01026433 -0.02795058 0.03940159 0.005568861 -0.02836215 0.03940159 0.002797961 -0.02850002 0.03940159 0 0.02850002 -0.00343436 0 0.02809733 -0.00343436 -0.004900395 0.02690207 -0.00343436 -0.009666681 0.02494817 -0.00343436 -0.01418083 0.02227377 -0.00343436 -0.01829558 0.01926064 -0.00343436 -0.02154386 0.01612901 -0.00343436 -0.02396446 0.01261192 -0.00343436 -0.02587944 0.008865475 -0.00343436 -0.02723395 0.004952847 -0.00343436 -0.02809727 0.002487123 -0.00343436 -0.02840238 0 -0.00343436 -0.02850002 0 -4.39312e-4 -0.02850174 3.27826e-7 4.57384e-4 -0.02859443 4.24683e-7 0.001437306 -0.02885591 4.32134e-7 0.002385795 -0.02929472 2.38419e-7 0.003211915 -0.02986466 4.76837e-7 0.003894746 -0.03052353 6.25849e-7 0.004487097 -0.03131574 4.17232e-7 0.004921257 -0.03214788 0 0.005233585 -0.03308993 0 0.005389332 -0.0341137 2.5332e-7 0.005119562 -0.03994238 0 0.004668116 -0.04200756 0 0.003944039 -0.04392999 0 0.003147244 -0.04537647 0 0.002096176 -0.04680532 0.005912959 0.002335131 -0.04672873 0.008847117 0.002882421 -0.04655385 0.01132643 0.003744065 -0.04627913 0.01345866 0.004896223 -0.04591029 0.0154854 0.006475865 -0.04540526 0.0172795 0.008433222 -0.04478013 0.01884728 0.01079553 -0.04402452 0.0200873 0.01338136 -0.04319804 0.02103477 0.01618009 -0.04230391 0.02182132 0.0199697 -0.04109317 0.02209496 0.02275413 -0.0402022 0.02212053 0.02589392 -0.03919893 0.02332317 0.0297423 -0.02971357 0.02613914 0.03539359 -0.01733291 0.02759063 0.03790968 -0.01018893 0.02825391 0.0390042 -0.005172193 0.02843743 0.03930032 -0.002607762 0.02850008 0.03940159 0 0.0011729 -0.002245545 -0.02847945 0.001200377 -6.77221e-4 -0.02848356 0.001270771 3.64956e-4 -0.02857863 3.89531e-4 0.00256747 -0.02940249 0.00357753 -0.001394212 -0.02831774 0.001551032 0.00226438 -0.02921861 0.003624618 -3.36837e-4 -0.02839982 1.77875e-4 0.004717707 -0.03171795 0.001289427 0.004553198 -0.03141087 0.003847658 0.001644194 -0.02887254 0.002392888 0.00438255 -0.03110688 0.001669704 0.005429446 -0.03492468 0.002708256 0.005441486 -0.03446292 0.004573285 0.004021286 -0.03049379 0.00243467 0.00513333 -0.04011982 0.003738284 0.005436956 -0.03399068 0.01177144 -0.003059685 -0.02627366 0.004285931 0.005397677 -0.03909885 0.005768835 0.005402684 -0.03303653 0.01175457 -0.001990377 -0.02641034 0.005201876 0.005558013 -0.03853052 0.006109476 0.005734264 -0.03793287 0.01180636 9.96441e-5 -0.02679443 0.00789535 0.006118893 -0.03667801 0.0121423 0.003061354 -0.02778923 0.01841682 -0.00286585 -0.02234274 0.01836502 -0.001785218 -0.02253162 0.01243597 0.004782021 -0.04531067 0.01830947 3.75479e-4 -0.02296245 0.01297259 0.005384147 -0.0446788 0.01837003 0.003647387 -0.02380973 0.01402562 0.006619751 -0.04333007 0.01862335 0.006686508 -0.02490395 0.01280248 0.005485594 -0.02931314 0.01920211 0.01014053 -0.02659666 0.01405984 0.007804632 -0.03175276 0.0270332 -0.001202523 -0.009357035 0.01771986 0.01154911 -0.03737783 0.02685105 0.001887679 -0.01007658 0.02676409 0.003416597 -0.01044213 0.02670687 0.004451692 -0.0106945 0.02659499 0.006569802 -0.01122605 0.02103602 0.01672756 -0.03082984 0.0264346 0.009951412 -0.01212686 0.02630001 0.01336765 -0.0131157 0.02617049 0.01768672 -0.0144881 0.0221737 0.02172112 -0.03454768 0.02595257 0.02710527 -0.01778733 0.01019513 0.006239771 -0.0327214 0.01098662 0.005063891 -0.02996116 -0.02849996 -0.00343436 0 -0.02809727 -0.00343436 -0.004900395 -0.02690201 -0.00343436 -0.009666681 -0.02494806 -0.00343436 -0.01418083 -0.0222736 -0.00343436 -0.01829564 -0.01926058 -0.00343436 -0.02154386 -0.01612889 -0.00343436 -0.02396446 -0.0126118 -0.00343436 -0.02587944 -0.008865416 -0.00343436 -0.02723395 -0.004952788 -0.00343436 -0.02809727 -0.002487063 -0.00343436 -0.02840238 0 -0.00343436 -0.02850002 0.02850002 -0.00343436 0 0.02809733 -0.00343436 -0.004900395 0.02690207 -0.00343436 -0.009666681 0.02494817 -0.00343436 -0.01418083 0.02227377 -0.00343436 -0.01829558 0.01926064 -0.00343436 -0.02154386 0.01612901 -0.00343436 -0.02396446 0.01261192 -0.00343436 -0.02587944 0.008865475 -0.00343436 -0.02723395 0.004952847 -0.00343436 -0.02809727 0.002487123 -0.00343436 -0.02840238 -0.02806693 -0.00343436 0.004948973 -0.0267812 -0.00343436 0.009747564 -0.02468168 -0.00343436 0.01424998 -0.02183222 -0.00343436 0.01831942 -0.01831936 -0.00343436 0.02183228 -0.01424992 -0.00343436 0.02468174 -0.009747505 -0.00343436 0.02678126 -0.004948914 -0.00343436 0.02806705 0 -0.00343436 0.02850002 0.004948973 -0.00343436 0.02806705 0.009747564 -0.00343436 0.02678126 0.01425004 -0.00343436 0.02468174 0.01831948 -0.00343436 0.02183228 0.02183228 -0.00343436 0.01831942 0.02468174 -0.00343436 0.01424998 0.02678126 -0.00343436 0.009747564 0.02806705 -0.00343436 0.004948973 0 -0.00343436 0.02820003 0.004896879 -0.00343436 0.02777159 0.009644985 -0.00343436 0.02649933 0.01410001 -0.00343436 0.02442193 0.0181266 -0.00343436 0.02160245 0.02160245 -0.00343436 0.0181266 0.02442193 -0.00343436 0.01410001 0.02649933 -0.00343436 0.009644985 0.02777159 -0.00343436 0.004896879 0.02820003 -0.00343436 0 0.02777159 -0.00343436 -0.004896879 0.02649933 -0.00343436 -0.009644985 0.02442193 -0.00343436 -0.01410001 0.02160245 -0.00343436 -0.0181266 0.0181266 -0.00343436 -0.02160245 0.01410001 -0.00343436 -0.02442193 0.009644985 -0.00343436 -0.02649933 0.004896879 -0.00343436 -0.02777159 0 -0.00343436 -0.02819997 -0.004896819 -0.00343436 -0.02777159 -0.009644925 -0.00343436 -0.02649933 -0.01409995 -0.00343436 -0.02442193 -0.01812654 -0.00343436 -0.02160245 -0.02160239 -0.00343436 -0.0181266 -0.02442187 -0.00343436 -0.01410001 -0.02649927 -0.00343436 -0.009644985 -0.02777153 -0.00343436 -0.004896879 -0.02819991 -0.00343436 0 -0.02777153 -0.00343436 0.004896879 -0.02649927 -0.00343436 0.009644985 -0.02442187 -0.00343436 0.01410001 -0.02160239 -0.00343436 0.0181266 -0.01812654 -0.00343436 0.02160245 -0.01409995 -0.00343436 0.02442193 -0.009644925 -0.00343436 0.02649933 -0.004896819 -0.00343436 0.02777159 -0.02850002 0.03940159 0 -0.02826863 0.0390281 -0.005012154 -0.02764296 0.03799736 -0.00987184 -0.02639788 0.03585517 -0.01619237 -0.02375042 0.03071749 -0.02761214 -0.02262461 0.0279085 -0.0338748 -0.02212047 0.02589392 -0.03919893 -0.02180927 0.01988649 -0.04111915 -0.02070218 0.01507395 -0.04265719 -0.01919692 0.01144254 -0.04381775 -0.01745063 0.008656203 -0.04470896 -0.01558482 0.006568789 -0.04537558 -0.01369887 0.005055725 -0.04585927 -0.01159858 0.003867864 -0.04623889 -0.009373545 0.003030002 -0.0465067 -0.00677663 0.002453744 -0.04669052 -0.003379225 0.002142369 -0.04679054 0 0.002096176 -0.04680532 0 -0.00343436 -0.02850002 0 -4.39312e-4 -0.02850174 3.27826e-7 4.57384e-4 -0.02859443 4.24683e-7 0.001437306 -0.02885591 4.32134e-7 0.002385795 -0.02929472 2.38419e-7 0.003211915 -0.02986466 4.76837e-7 0.003894746 -0.03052353 6.25849e-7 0.004487097 -0.03131574 4.17232e-7 0.004921257 -0.03214788 0 0.005233585 -0.03308993 0 0.005389332 -0.0341137 2.5332e-7 0.005119562 -0.03994238 0 0.004668116 -0.04200756 0 0.003944039 -0.04392999 0 0.003147244 -0.04537647 -0.02849996 -0.00343436 0 -0.02809727 -0.00343436 -0.004900395 -0.02690201 -0.00343436 -0.009666681 -0.02494806 -0.00343436 -0.01418083 -0.0222736 -0.00343436 -0.01829564 -0.01926058 -0.00343436 -0.02154386 -0.01612889 -0.00343436 -0.02396446 -0.0126118 -0.00343436 -0.02587944 -0.008865416 -0.00343436 -0.02723395 -0.004952788 -0.00343436 -0.02809727 -0.002487063 -0.00343436 -0.02840238 -0.00117284 -0.002245545 -0.02847945 -0.001200318 -6.77221e-4 -0.02848356 -0.001270651 3.64956e-4 -0.02857863 -3.89457e-4 0.00256747 -0.02940249 -0.00357747 -0.001394212 -0.02831774 -0.001550972 0.00226438 -0.02921861 -0.003624558 -3.36837e-4 -0.02839982 -1.77801e-4 0.004717707 -0.03171795 -0.001289367 0.004553198 -0.03141087 -0.003847599 0.001644194 -0.02887254 -0.002392828 0.00438255 -0.03110688 -0.004573225 0.004021286 -0.03049379 -0.01177132 -0.003059685 -0.02627366 -0.01175445 -0.001990377 -0.02641034 -0.0118063 9.96441e-5 -0.02679443 -0.01214224 0.003061354 -0.02778923 -0.01841676 -0.00286585 -0.02234274 -0.01836496 -0.001785218 -0.02253162 -0.01830941 3.75479e-4 -0.02296245 -0.01836997 0.003647387 -0.02380973 -0.02703315 -0.001202523 -0.009357035 -0.02685099 0.001887679 -0.01007658 -0.02676397 0.003416597 -0.01044213 -0.02670675 0.004451692 -0.0106945 -0.02659493 0.006569802 -0.01122605 -0.02643454 0.009951412 -0.01212686 -0.02217364 0.02172112 -0.03454768 -0.005287587 0.005037605 -0.0413438 -0.008039593 0.005938827 -0.0389645 -0.006682932 0.005677223 -0.03910964 -0.009381115 0.006274998 -0.03879421 -0.01356542 0.008206725 -0.03588676 -0.01225072 0.007525205 -0.0361787 -0.01497828 0.009128153 -0.03555375 -0.01727855 0.01092118 -0.0326265 -0.02022337 0.01402807 -0.02900278 -0.004178404 0.005570054 -0.03516566 -0.00517112 0.005622386 -0.03463649 -0.005865931 0.005704402 -0.03466939 -0.008327424 0.005963623 -0.0336408 -0.01167541 0.006341516 -0.03148788 -0.01235038 0.006642043 -0.03142446 -0.01458168 0.007408499 -0.03018474 -0.01732128 0.008336544 -0.02775061 0 0.05400156 0 -0.009444057 0.0531044 0 -0.01754993 0.050969 0 -0.02099364 0.04948675 0 -0.02352738 0.04798334 0 -0.02516883 0.04667305 0 -0.0263161 0.0454654 0 -0.0272926 0.04405748 0 -0.02791082 0.04274702 1.78814e-7 -0.0282936 0.04143571 4.17232e-7 -0.02844858 0.04043745 2.38419e-7 -0.02850002 0.03940159 0 0 0.03940159 0.02850008 -0.004871249 0.03940159 0.02808058 -0.009599149 0.03940159 0.02683472 -0.01404458 0.03940159 0.02479904 -0.01807659 0.03940159 0.02203357 -0.02157664 0.03940159 0.01861959 -0.02444171 0.03940159 0.01465767 -0.02658736 0.03940159 0.01026433 -0.02795058 0.03940159 0.005568861 -0.02836215 0.03940159 0.002797961 -5.96046e-7 0.04047441 0.02840793 -3.8743e-7 0.04154306 0.02813023 0 0.0426082 0.02766782 1.63913e-7 0.04357588 0.02708601 3.7998e-7 0.04449003 0.02639371 0 0.04569834 0.02526152 3.7998e-7 0.04729831 0.02336221 1.2666e-7 0.04893618 0.02088749 0 0.05077213 0.01728671 0 0.05237287 0.01294708 0 0.05343562 0.008446216 0 0.05391448 0.004202008 -0.02612113 0.0454604 0.003804504 -0.006661891 0.05330342 0.006560087 -0.02766019 0.04215192 0.005276501 -0.02793312 0.040228 0.005518972 -0.01750904 0.04761141 0.01717829 -0.01940208 0.04465693 0.01900422 -0.01995807 0.04301601 0.01952981 -0.006804525 0.04581177 0.02466392 -0.008661031 0.04282075 0.02645331 -0.001355528 0.04404526 0.02673715 -0.009100377 0.04106324 0.02686226 -0.002920627 0.04076284 0.02823513 -0.02687734 0.04295408 0.007557451 -0.02300173 0.04445999 0.01467478 -0.02173292 0.04426401 0.01667553 0.02850008 0.03940159 0 0.02838832 0.04091435 5.36442e-7 0.02805167 0.04234474 4.17232e-7 0.02749049 0.04369318 0 0.02676445 0.04488128 0 0.02584028 0.04600721 0 0.02471798 0.04707098 0 0.02324718 0.04817485 0 0.02130419 0.04932606 0 0.01873874 0.05051124 0 0.01463848 0.05190932 0 0.008268237 0.05330413 0 0.004173994 0.05381089 1.19209e-7 0 0.05400156 0 0 0.03940159 0.02850008 -5.96046e-7 0.04047441 0.02840793 -3.8743e-7 0.04154306 0.02813023 0 0.0426082 0.02766782 1.63913e-7 0.04357588 0.02708601 3.7998e-7 0.04449003 0.02639371 0 0.04569834 0.02526152 3.7998e-7 0.04729831 0.02336221 1.2666e-7 0.04893618 0.02088749 0 0.05077213 0.01728671 0 0.05237287 0.01294708 0 0.05343562 0.008446216 0 0.05391448 0.004202008 0.02808058 0.03940159 0.004871308 0.02683472 0.03940159 0.009599208 0.02479904 0.03940159 0.01404464 0.02203357 0.03940159 0.01807665 0.01861959 0.03940159 0.0215767 0.01465767 0.03940159 0.02444177 0.01026433 0.03940159 0.02658748 0.005568861 0.03940159 0.02795064 0.002797961 0.03940159 0.02836221 0.02612119 0.0454604 0.003804504 0.006662011 0.05330342 0.006560087 0.02766031 0.04215192 0.005276501 0.02793318 0.040228 0.005518972 0.01750916 0.04761141 0.01717829 0.01995813 0.04301601 0.01952981 0.0194022 0.04465693 0.01900422 0.006804585 0.04581177 0.02466392 0.00866115 0.04282075 0.02645331 0.001355648 0.04404526 0.02673715 0.009100437 0.04106324 0.02686226 0.002920687 0.04076284 0.02823513 0.02697974 0.0429328 0.007203638 0.02615576 0.04312658 0.009620189 0.02193391 0.04428625 0.01639127 0.02850008 0.03940159 0 0.02838832 0.04091435 5.36442e-7 0.02805167 0.04234474 4.17232e-7 0.02749049 0.04369318 0 0.02676445 0.04488128 0 0.02584028 0.04600721 0 0.02471798 0.04707098 0 0.02324718 0.04817485 0 0.02130419 0.04932606 0 0.01873874 0.05051124 0 0.01463848 0.05190932 0 0.008268237 0.05330413 0 0.004173994 0.05381089 1.19209e-7 0 0.05400156 0 0.02212053 0.02589392 -0.03919893 0.02332317 0.0297423 -0.02971357 0.02613914 0.03539359 -0.01733291 0.02759063 0.03790968 -0.01018893 0.02825391 0.0390042 -0.005172193 0.02843743 0.03930032 -0.002607762 0.0221039 0.02626776 -0.03907942 0.02139669 0.03156316 -0.03738671 0.0202614 0.03536874 -0.03617048 0.01923084 0.03768485 -0.03543025 0.01794183 0.03985464 -0.03473663 0.01636767 0.04183453 -0.03410375 0.01451402 0.04354447 -0.03355735 0.01242375 0.04491204 -0.03312027 0.01005017 0.04594761 -0.03278923 0.007773876 0.04656171 -0.03259295 0.003936648 0.04702526 -0.03244477 0 0.04709756 -0.03242164 -1.98931e-6 0.05111187 -0.02194643 -4.05312e-6 0.05332076 -0.01123428 0.02775287 0.0428909 -0.002553403 0.02758383 0.04259818 -0.005055725 0.02726411 0.04331207 -0.005032479 0.02681034 0.04412215 -0.005004227 0.02615499 0.04505622 -0.004968047 0.02583199 0.04434144 -0.008474588 0.0249319 0.04544419 -0.008389532 0.0175364 0.05018168 -0.009202003 0.02198094 0.03883117 -0.02621251 0.0117802 0.05115246 -0.0162602 0.01704567 0.04952073 -0.01356041 0.01708984 0.04790186 -0.01916605 0.01703935 0.04609942 -0.02414089 0.02356261 0.04381614 -0.01530772 0.02316135 0.04256826 -0.01827019 0 0.002096176 -0.04680532 0 1.88082e-4 -0.04871648 0 -0.00214529 -0.05045545 0 -0.005811929 -0.05254936 0 -0.02134537 -0.05967855 0 -0.02476865 -0.06196111 0 -0.02591812 -0.06298679 0 -0.02690339 -0.06407892 0 -0.0277118 -0.06524264 0 -0.0283308 -0.06648302 0 -0.02876716 -0.06787329 0 -0.02894026 -0.06891322 0 -0.02899831 -0.06999999 0.004956781 -0.0285716 -0.06999987 0.009767651 -0.02730381 -0.06999975 0.01429104 -0.02523249 -0.06999993 0.01839381 -0.02241843 -0.06999981 0.02195525 -0.01894462 -0.06999999 0.02487057 -0.01491314 -0.06999987 0.02705389 -0.01044273 -0.06999993 0.02844101 -0.005664885 -0.06999999 0.02885979 -0.002845346 -0.06999987 0.02899998 1.63168e-6 -0.06999993 0.02857327 0.004958331 -0.06999999 0.02730548 0.00976926 -0.06999993 0.02523416 0.01429265 -0.06999999 0.0224201 0.01839542 -0.06999993 0.01894629 0.02195686 -0.06999999 0.01491481 0.02487212 -0.06999993 0.0104444 0.0270555 -0.06999999 0.005666553 0.02844262 -0.06999999 0.002847015 0.0288614 -0.06999999 0 0.02900159 -0.06999999 0 0.02919262 -0.06775784 0 0.02975815 -0.06531131 0 0.0310564 -0.0617429 0 0.03843015 -0.04808461 0 0.04709756 -0.03242164 0.02212053 0.02589392 -0.03919893 0.0221039 0.02626776 -0.03907942 0.02139669 0.03156316 -0.03738671 0.0202614 0.03536874 -0.03617048 0.01923084 0.03768485 -0.03543025 0.01794183 0.03985464 -0.03473663 0.01636767 0.04183453 -0.03410375 0.01451402 0.04354447 -0.03355735 0.01242375 0.04491204 -0.03312027 0.01005017 0.04594761 -0.03278923 0.007773876 0.04656171 -0.03259295 0.003936648 0.04702526 -0.03244477 0.005912959 0.002335131 -0.04672873 0.008847117 0.002882421 -0.04655385 0.01132643 0.003744065 -0.04627913 0.01345866 0.004896223 -0.04591029 0.0154854 0.006475865 -0.04540526 0.0172795 0.008433222 -0.04478013 0.01884728 0.01079553 -0.04402452 0.0200873 0.01338136 -0.04319804 0.02103477 0.01618009 -0.04230391 0.02182132 0.0199697 -0.04109317 0.02209496 0.02275413 -0.0402022 0.009515762 0.02789652 -0.06636583 0.008897185 0.03023278 -0.06062924 0.01014494 -0.02526712 -0.06457823 0.00766921 -0.02695316 -0.06585162 0.005115568 -0.02804702 -0.06697326 0.005136013 -0.02779871 -0.06635206 0.007692039 -0.0260384 -0.0644499 0.005151391 -0.02750289 -0.06574714 0.009442746 -0.007319867 -0.05407899 0.01579385 0.02495133 -0.06599777 0.01767957 0.0235936 -0.0660845 0.01679623 -0.02316695 -0.06741547 0.01689857 -0.01726466 -0.06124103 0.01876628 -0.01567357 -0.06134104 0.01491534 0.001696228 -0.05016255 0.01590836 0.002595484 -0.04997354 0.01382333 8.58974e-4 -0.0503298 0.02591675 -0.01087701 -0.0658999 0.02528011 -0.01218289 -0.06585472 0.02401137 -0.01438093 -0.06577098 0.022551 -0.01645731 -0.06568086 0.02090895 -0.01839464 -0.06558394 0.02038246 0.001292109 -0.05362284 0.0189206 0.009106576 -0.04659551 0.02123349 0.002991616 -0.0533961 0.01821213 0.007925808 -0.0469281 0.02714627 0.001694262 -0.06184554 0.02682048 -7.68933e-4 -0.06184935 0.02235227 0.01766639 -0.04651403 0.02202641 0.01504236 -0.04717844 0.02199584 0.01486319 -0.04722344 0.02169835 0.01337617 -0.04759484 0.02136963 0.01206898 -0.04791873 0.0256018 0.01401162 -0.06411647 0.02190279 0.02680951 -0.04154199 0.02332526 0.01953786 -0.05087023 0.01854503 0.02412599 -0.06245487 0.01906561 0.02693051 -0.05531513 0.02022498 0.03167515 -0.04286193 0.02072948 0.03040319 -0.04320585 0.0234782 0.01107549 -0.05224311 0.01036518 0.03479075 -0.0514723 0.02204591 0.02369225 -0.05289679 0.01630711 0.0343762 -0.0467925 0.02547651 0.01309281 -0.05794596 0 -0.009434342 -0.02819997 0 -0.00343436 -0.02819997 -0.004896819 -0.009434342 -0.02777159 -0.009644925 -0.009434342 -0.02649933 -0.01409995 -0.009434342 -0.02442193 -0.01812654 -0.009434342 -0.02160245 -0.02160239 -0.009434342 -0.0181266 -0.02442187 -0.009434342 -0.01410001 -0.02649927 -0.009434342 -0.009644985 -0.02777153 -0.009434342 -0.004896879 -0.02819991 -0.009434342 0 -0.02777153 -0.009434342 0.004896879 -0.02649927 -0.009434342 0.009644985 -0.02442187 -0.009434342 0.01410001 -0.02160239 -0.009434342 0.0181266 -0.01812654 -0.009434342 0.02160245 -0.01409995 -0.009434342 0.02442193 -0.009644925 -0.009434342 0.02649933 -0.004896819 -0.009434342 0.02777159 0 -0.009434342 0.02820003 0 -0.00343436 0.02820003 -0.004896819 -0.00343436 -0.02777159 -0.009644925 -0.00343436 -0.02649933 -0.01409995 -0.00343436 -0.02442193 -0.01812654 -0.00343436 -0.02160245 -0.02160239 -0.00343436 -0.0181266 -0.02442187 -0.00343436 -0.01410001 -0.02649927 -0.00343436 -0.009644985 -0.02777153 -0.00343436 -0.004896879 -0.02819991 -0.00343436 0 -0.02777153 -0.00343436 0.004896879 -0.02649927 -0.00343436 0.009644985 -0.02442187 -0.00343436 0.01410001 -0.02160239 -0.00343436 0.0181266 -0.01812654 -0.00343436 0.02160245 -0.01409995 -0.00343436 0.02442193 -0.009644925 -0.00343436 0.02649933 -0.004896819 -0.00343436 0.02777159 -0.02212047 0.02589392 -0.03919893 -0.02180927 0.01988649 -0.04111915 -0.02070218 0.01507395 -0.04265719 -0.01919692 0.01144254 -0.04381775 -0.01745063 0.008656203 -0.04470896 -0.01558482 0.006568789 -0.04537558 -0.01369887 0.005055725 -0.04585927 -0.01159858 0.003867864 -0.04623889 -0.009373545 0.003030002 -0.0465067 -0.00677663 0.002453744 -0.04669052 -0.003379225 0.002142369 -0.04679054 0 0.002096176 -0.04680532 -0.02145457 0.0312972 -0.03747171 -0.02009844 0.03578436 -0.03603762 -0.01850068 0.03898954 -0.03501319 -0.01670688 0.0414558 -0.0342248 -0.01482808 0.04329228 -0.03363794 -0.0129438 0.04461735 -0.03321439 -0.01089763 0.04563087 -0.03289037 -0.00871241 0.04634648 -0.03266167 -0.006413578 0.04679381 -0.03251874 -0.00324589 0.04705673 -0.03243464 0 0.04709756 -0.03242164 0 0.02900159 -0.06999999 0 0.02919262 -0.06775784 0 0.02975815 -0.06531131 0 0.0310564 -0.0617429 0 0.03843015 -0.04808461 -0.004956722 0.02857482 -0.06999999 -0.009767591 0.02730709 -0.06999999 -0.01429098 0.02523571 -0.06999993 -0.01839375 0.02242171 -0.06999999 -0.02195519 0.01894783 -0.06999993 -0.02487051 0.01491641 -0.06999999 -0.02705383 0.01044601 -0.06999993 -0.02844095 0.005668103 -0.06999999 -0.02885973 0.002848625 -0.06999999 -0.02899992 1.63168e-6 -0.06999993 -0.02857315 -0.004955112 -0.06999999 -0.02730542 -0.009765982 -0.06999993 -0.02523404 -0.01428937 -0.06999981 -0.02242004 -0.01839214 -0.06999999 -0.01894623 -0.02195358 -0.06999975 -0.01491475 -0.0248689 -0.06999999 -0.01044434 -0.02705222 -0.06999975 -0.005666494 -0.02843934 -0.06999987 -0.002846956 -0.02885812 -0.06999981 0 -0.02899831 -0.06999999 0 1.88082e-4 -0.04871648 0 -0.00214529 -0.05045545 0 -0.005811929 -0.05254936 0 -0.02134537 -0.05967855 0 -0.02476865 -0.06196111 0 -0.02591812 -0.06298679 0 -0.02690339 -0.06407892 0 -0.0277118 -0.06524264 0 -0.0283308 -0.06648302 0 -0.02876716 -0.06787329 0 -0.02894026 -0.06891322 -0.009195685 0.02800625 -0.06635689 -0.00859946 0.03032892 -0.06061536 -0.008028924 -0.02685445 -0.06586724 -0.01049327 -0.02513659 -0.06459701 -0.005481481 -0.02798104 -0.06698489 -0.005503296 -0.0277329 -0.06636536 -0.008052408 -0.02594077 -0.06446826 -0.005519688 -0.0274375 -0.06576186 -0.009515523 -0.00729537 -0.05407983 -0.01727843 0.02390241 -0.06606549 -0.01554179 0.03406143 -0.04829162 -0.01724296 -0.02284133 -0.0674327 -0.01721417 -0.0170173 -0.06125837 -0.01520729 0.001945853 -0.05011093 -0.01396524 9.5975e-4 -0.05031025 -0.02137941 0.02166587 -0.0612502 -0.02269577 0.01983237 -0.06139677 -0.02338701 0.01872253 -0.06147652 -0.01910454 0.03384679 -0.04241502 -0.02553999 -0.01166981 -0.06587284 -0.02018392 0.03168708 -0.04299563 -0.02431595 -0.01389282 -0.06579053 -0.01905602 -0.01539671 -0.06135594 -0.02289819 -0.01599836 -0.06570184 -0.02129632 -0.01796865 -0.06560647 -0.02129048 0.003119409 -0.05337834 -0.02018654 9.44864e-4 -0.0536676 -0.01839739 0.008217573 -0.04684621 -0.02796828 0.003941595 -0.06416177 -0.02545607 0.01062768 -0.05689042 -0.02299672 0.01774996 -0.0488373 -0.0220077 0.01493287 -0.0472058 -0.02137708 0.01209682 -0.04791152 -0.02291291 0.02161943 -0.05056804 -0.02210086 0.02500152 -0.04599493 -0.02007603 0.02870917 -0.04928928 0 0.05400156 0 -0.009444057 0.0531044 0 -0.01754993 0.050969 0 -0.02099364 0.04948675 0 -0.02352738 0.04798334 0 -0.02516883 0.04667305 0 -0.0263161 0.0454654 0 -0.0272926 0.04405748 0 -0.02791082 0.04274702 1.78814e-7 -0.0282936 0.04143571 4.17232e-7 -0.02844858 0.04043745 2.38419e-7 -0.02850002 0.03940159 0 0 0.04709756 -0.03242164 -1.98931e-6 0.05111187 -0.02194643 -4.05312e-6 0.05332076 -0.01123428 -0.02212047 0.02589392 -0.03919893 -0.02145457 0.0312972 -0.03747171 -0.02009844 0.03578436 -0.03603762 -0.01850068 0.03898954 -0.03501319 -0.01670688 0.0414558 -0.0342248 -0.01482808 0.04329228 -0.03363794 -0.0129438 0.04461735 -0.03321439 -0.01089763 0.04563087 -0.03289037 -0.00871241 0.04634648 -0.03266167 -0.006413578 0.04679381 -0.03251874 -0.00324589 0.04705673 -0.03243464 -0.02826863 0.0390281 -0.005012154 -0.02764296 0.03799736 -0.00987184 -0.02639788 0.03585517 -0.01619237 -0.02375042 0.03071749 -0.02761214 -0.02262461 0.0279085 -0.0338748 -0.02740871 0.04306215 -0.004882991 -0.02691209 0.04399991 -0.004852116 -0.02660298 0.04338395 -0.007985711 -0.02578723 0.04462009 -0.007906615 -0.02453374 0.04603838 -0.007800161 -0.01715004 0.05041313 -0.008832871 -0.02136945 0.03636771 -0.03107088 -0.02215892 0.03884845 -0.02574014 -0.01177203 0.05121809 -0.0159384 -0.01709038 0.04806178 -0.01867413 -0.01704353 0.0496391 -0.01305866 -0.01717787 0.04611092 -0.02383983 -0.009387433 0.04856121 -0.02746021 -0.02642595 0.04147356 -0.01188558 -0.02366429 0.04412388 -0.01451629 -0.0232715 0.04291015 -0.01748615 0.02899998 1.63168e-6 -0.06999993 0.02899998 1.63168e-6 -0.07300001 0 -0.02899831 -0.06999999 0.004956781 -0.0285716 -0.06999987 0.009767651 -0.02730381 -0.06999975 0.01429104 -0.02523249 -0.06999993 0.01839381 -0.02241843 -0.06999981 0.02195525 -0.01894462 -0.06999999 0.02487057 -0.01491314 -0.06999987 0.02705389 -0.01044273 -0.06999993 0.02844101 -0.005664885 -0.06999999 0.02885979 -0.002845346 -0.06999987 -0.02899992 1.63168e-6 -0.06999993 -0.02857315 -0.004955112 -0.06999999 -0.02730542 -0.009765982 -0.06999993 -0.02523404 -0.01428937 -0.06999981 -0.02242004 -0.01839214 -0.06999999 -0.01894623 -0.02195358 -0.06999975 -0.01491475 -0.0248689 -0.06999999 -0.01044434 -0.02705222 -0.06999975 -0.005666494 -0.02843934 -0.06999987 -0.002846956 -0.02885812 -0.06999981 -0.02899992 1.63168e-6 -0.07300001 -0.02855938 -0.005034148 -0.07300001 -0.027251 -0.009916901 -0.07300001 -0.02511465 -0.01449835 -0.07300001 -0.02221524 -0.0186392 -0.07300001 -0.01864075 -0.02221363 -0.07300001 -0.01449996 -0.0251131 -0.07300001 -0.00991851 -0.02724945 -0.07300001 -0.005035758 -0.02855777 -0.07300001 0 -0.02899831 -0.07300001 0.005035817 -0.02855777 -0.07300001 0.00991857 -0.02724945 -0.07300001 0.01450002 -0.0251131 -0.07300001 0.01864087 -0.02221363 -0.07300001 0.0222153 -0.0186392 -0.07300001 0.02511477 -0.01449835 -0.07300001 0.02725112 -0.009916901 -0.07300001 0.02855944 -0.005034148 -0.07300001 0.02820003 -0.009434342 9.99987e-4 0.02820003 -0.009434342 0 0.02820003 -0.009434342 -9.99987e-4 0.02848243 -0.009434342 -9.99987e-4 0.02789902 -0.009434342 -0.005822002 0.02650523 -0.009434342 -0.01047486 0.02434158 -0.009434342 -0.01482349 0.02147096 -0.009434342 -0.0187416 0.0179767 -0.009434342 -0.02211534 0.0139603 -0.009434342 -0.02484673 0.009538412 -0.009434342 -0.02685642 0.004839479 -0.009434342 -0.02808612 0 -0.009434342 -0.02850002 -0.004948914 -0.009434342 -0.02806699 -0.009747505 -0.009434342 -0.02678126 -0.01424992 -0.009434342 -0.02468174 -0.01831936 -0.009434342 -0.02183228 -0.02183222 -0.009434342 -0.01831942 -0.02468168 -0.009434342 -0.01424998 -0.0267812 -0.009434342 -0.009747564 -0.02806693 -0.009434342 -0.004948973 -0.02849996 -0.009434342 0 -0.02806693 -0.009434342 0.004948973 -0.0267812 -0.009434342 0.009747564 -0.02468168 -0.009434342 0.01424998 -0.02183222 -0.009434342 0.01831942 -0.01831936 -0.009434342 0.02183228 -0.01424992 -0.009434342 0.02468174 -0.009747505 -0.009434342 0.02678126 -0.004948914 -0.009434342 0.02806705 0 -0.009434342 0.02850002 0.004839479 -0.009434342 0.02808612 0.009538412 -0.009434342 0.02685642 0.0139603 -0.009434342 0.02484673 0.0179767 -0.009434342 0.02211534 0.02147096 -0.009434342 0.0187416 0.02434158 -0.009434342 0.01482349 0.02650523 -0.009434342 0.01047486 0.02789902 -0.009434342 0.005822002 0.02848243 -0.009434342 9.99987e-4 0 -0.009434342 0.02820003 0.004896879 -0.009434342 0.02777159 0.009644985 -0.009434342 0.02649933 0.01410001 -0.009434342 0.02442193 0.0181266 -0.009434342 0.02160245 0.02160245 -0.009434342 0.0181266 0.02442193 -0.009434342 0.01410001 0.02649933 -0.009434342 0.009644985 0.02777159 -0.009434342 0.004896879 0 -0.009434342 -0.02819997 -0.004896819 -0.009434342 -0.02777159 -0.009644925 -0.009434342 -0.02649933 -0.01409995 -0.009434342 -0.02442193 -0.01812654 -0.009434342 -0.02160245 -0.02160239 -0.009434342 -0.0181266 -0.02442187 -0.009434342 -0.01410001 -0.02649927 -0.009434342 -0.009644985 -0.02777153 -0.009434342 -0.004896879 -0.02819991 -0.009434342 0 -0.02777153 -0.009434342 0.004896879 -0.02649927 -0.009434342 0.009644985 -0.02442187 -0.009434342 0.01410001 -0.02160239 -0.009434342 0.0181266 -0.01812654 -0.009434342 0.02160245 -0.01409995 -0.009434342 0.02442193 -0.009644925 -0.009434342 0.02649933 -0.004896819 -0.009434342 0.02777159 0.02777159 -0.009434342 -0.004896879 0.02649933 -0.009434342 -0.009644985 0.02442193 -0.009434342 -0.01410001 0.02160245 -0.009434342 -0.0181266 0.0181266 -0.009434342 -0.02160245 0.01410001 -0.009434342 -0.02442193 0.009644985 -0.009434342 -0.02649933 0.004896879 -0.009434342 -0.02777159 -0.02899992 1.63168e-6 -0.07300001 -0.02855938 -0.005034148 -0.07300001 -0.027251 -0.009916901 -0.07300001 -0.02511465 -0.01449835 -0.07300001 -0.02221524 -0.0186392 -0.07300001 -0.01864075 -0.02221363 -0.07300001 -0.01449996 -0.0251131 -0.07300001 -0.00991851 -0.02724945 -0.07300001 -0.005035758 -0.02855777 -0.07300001 0 -0.02899831 -0.07300001 0.005035817 -0.02855777 -0.07300001 0.00991857 -0.02724945 -0.07300001 0.01450002 -0.0251131 -0.07300001 0.01864087 -0.02221363 -0.07300001 0.0222153 -0.0186392 -0.07300001 0.02511477 -0.01449835 -0.07300001 0.02725112 -0.009916901 -0.07300001 0.02855944 -0.005034148 -0.07300001 0.02899998 1.63168e-6 -0.07300001 0.02855944 0.005037426 -0.07300001 0.02725112 0.009920179 -0.07300001 0.02511477 0.01450163 -0.07300001 0.0222153 0.01864242 -0.07300001 0.01864087 0.02221691 -0.07300001 0.01450002 0.02511632 -0.07300001 0.00991857 0.02725267 -0.07300001 0.005035817 0.02856105 -0.07300001 0 0.02900159 -0.07300001 -0.005035758 0.02856105 -0.07300001 -0.00991851 0.02725267 -0.07300001 -0.01449996 0.02511632 -0.07300001 -0.01864075 0.02221691 -0.07300001 -0.02221524 0.01864242 -0.07300001 -0.02511465 0.01450163 -0.07300001 -0.027251 0.009920179 -0.07300001 -0.02855938 0.005037426 -0.07300001 0.02869999 1.63168e-6 -0.07300001 0.02826398 0.004985332 -0.07300001 0.02696919 0.0098176 -0.07300001 0.02485495 0.0143516 -0.07300001 0.02198547 0.0184496 -0.07300001 0.01844799 0.02198708 -0.07300001 0.01434999 0.0248565 -0.07300001 0.00981599 0.0269708 -0.07300001 0.004983723 0.02826559 -0.07300001 0 0.0287016 -0.07300001 -0.004983663 0.02826559 -0.07300001 -0.009815931 0.0269708 -0.07300001 -0.01434993 0.0248565 -0.07300001 -0.01844793 0.02198708 -0.07300001 -0.02198541 0.0184496 -0.07300001 -0.02485483 0.0143516 -0.07300001 -0.02696913 0.0098176 -0.07300001 -0.02826392 0.004985332 -0.07300001 -0.02869993 1.63168e-6 -0.07300001 -0.02826392 -0.004982054 -0.07300001 -0.02696913 -0.009814321 -0.07300001 -0.02485483 -0.01434832 -0.07300001 -0.02198541 -0.01844632 -0.07300001 -0.01844793 -0.0219838 -0.07300001 -0.01434993 -0.02485328 -0.07300001 -0.009815931 -0.02696752 -0.07300001 -0.004983663 -0.02826231 -0.07300001 0 -0.02869832 -0.07300001 0.004983723 -0.02826231 -0.07300001 0.00981599 -0.02696752 -0.07300001 0.01434999 -0.02485328 -0.07300001 0.01844799 -0.0219838 -0.07300001 0.02198547 -0.01844632 -0.07300001 0.02485495 -0.01434832 -0.07300001 0.02696919 -0.009814321 -0.07300001 0.02826398 -0.004982054 -0.07300001 0 -0.01213437 0.02850002 0 -0.009434342 0.02850002 0.004839479 -0.01213437 0.02808612 0.009538412 -0.01213437 0.02685642 0.0139603 -0.01213437 0.02484673 0.0179767 -0.01213437 0.02211534 0.02147096 -0.01213437 0.0187416 0.02434158 -0.01213437 0.01482349 0.02650523 -0.01213437 0.01047486 0.02789902 -0.01213437 0.005822002 0.02848243 -0.01213437 9.99987e-4 0.02848243 -0.009434342 9.99987e-4 0.004839479 -0.009434342 0.02808612 0.009538412 -0.009434342 0.02685642 0.0139603 -0.009434342 0.02484673 0.0179767 -0.009434342 0.02211534 0.02147096 -0.009434342 0.0187416 0.02434158 -0.009434342 0.01482349 0.02650523 -0.009434342 0.01047486 0.02789902 -0.009434342 0.005822002 -0.02869993 1.63168e-6 -0.07960116 -0.02869993 1.63168e-6 -0.07300001 -0.02826392 -0.004982054 -0.07960116 -0.02696913 -0.009814321 -0.07960116 -0.02485483 -0.01434832 -0.07960116 -0.02198541 -0.01844632 -0.07960116 -0.01844793 -0.0219838 -0.07960116 -0.01434993 -0.02485328 -0.07960116 -0.009815931 -0.02696752 -0.07960116 -0.004983663 -0.02826231 -0.07960116 0 -0.02869832 -0.07960116 0.004983723 -0.02826231 -0.07960116 0.00981599 -0.02696752 -0.07960116 0.01434999 -0.02485328 -0.07960116 0.01844799 -0.0219838 -0.07960116 0.02198547 -0.01844632 -0.07960116 0.02485495 -0.01434832 -0.07960116 0.02696919 -0.009814321 -0.07960116 0.02826398 -0.004982054 -0.07960116 0.02869999 1.63168e-6 -0.07960116 0.02869999 1.63168e-6 -0.07300001 -0.02826392 -0.004982054 -0.07300001 -0.02696913 -0.009814321 -0.07300001 -0.02485483 -0.01434832 -0.07300001 -0.02198541 -0.01844632 -0.07300001 -0.01844793 -0.0219838 -0.07300001 -0.01434993 -0.02485328 -0.07300001 -0.009815931 -0.02696752 -0.07300001 -0.004983663 -0.02826231 -0.07300001 0 -0.02869832 -0.07300001 0.004983723 -0.02826231 -0.07300001 0.00981599 -0.02696752 -0.07300001 0.01434999 -0.02485328 -0.07300001 0.01844799 -0.0219838 -0.07300001 0.02198547 -0.01844632 -0.07300001 0.02485495 -0.01434832 -0.07300001 0.02696919 -0.009814321 -0.07300001 0.02826398 -0.004982054 -0.07300001 0.02848243 -0.01213437 9.99987e-4 0.02820003 -0.01213437 9.99987e-4 0 -0.01213437 0.02850002 0.004839479 -0.01213437 0.02808612 0.009538412 -0.01213437 0.02685642 0.0139603 -0.01213437 0.02484673 0.0179767 -0.01213437 0.02211534 0.02147096 -0.01213437 0.0187416 0.02434158 -0.01213437 0.01482349 0.02650523 -0.01213437 0.01047486 0.02789902 -0.01213437 0.005822002 0 -0.01213437 -0.02850002 -0.004948914 -0.01213437 -0.02806699 -0.009747505 -0.01213437 -0.02678126 -0.01424992 -0.01213437 -0.02468174 -0.01831936 -0.01213437 -0.02183228 -0.02183222 -0.01213437 -0.01831942 -0.02468168 -0.01213437 -0.01424998 -0.0267812 -0.01213437 -0.009747564 -0.02806693 -0.01213437 -0.004948973 -0.02849996 -0.01213437 0 -0.02806693 -0.01213437 0.004948973 -0.0267812 -0.01213437 0.009747564 -0.02468168 -0.01213437 0.01424998 -0.02183222 -0.01213437 0.01831942 -0.01831936 -0.01213437 0.02183228 -0.01424992 -0.01213437 0.02468174 -0.009747505 -0.01213437 0.02678126 -0.004948914 -0.01213437 0.02806705 0.02848243 -0.01213437 -9.99987e-4 0.02789902 -0.01213437 -0.005822002 0.02650523 -0.01213437 -0.01047486 0.02434158 -0.01213437 -0.01482349 0.02147096 -0.01213437 -0.0187416 0.0179767 -0.01213437 -0.02211534 0.0139603 -0.01213437 -0.02484673 0.009538412 -0.01213437 -0.02685642 0.004839479 -0.01213437 -0.02808612 0.02820003 -0.01213437 -9.99987e-4 0 -0.01213437 -0.02249997 0.003907084 -0.01213437 -0.02215814 0.007695436 -0.01213437 -0.02114307 0.01125001 -0.01213437 -0.01948559 0.0144627 -0.01213437 -0.01723599 0.01723599 -0.01213437 -0.0144627 0.01948559 -0.01213437 -0.01125001 0.02114307 -0.01213437 -0.007695436 0.0221582 -0.01213437 -0.003907084 0.02250003 -0.01213437 0 0.0221582 -0.01213437 0.003907084 0.02114307 -0.01213437 0.007695436 0.01948559 -0.01213437 0.01125001 0.01723599 -0.01213437 0.0144627 0.0144627 -0.01213437 0.01723599 0.01125001 -0.01213437 0.01948559 0.007695436 -0.01213437 0.02114307 0.003907084 -0.01213437 0.0221582 0 -0.01213437 0.02249997 -0.003907024 -0.01213437 0.0221582 -0.007695376 -0.01213437 0.02114307 -0.01124995 -0.01213437 0.01948559 -0.01446264 -0.01213437 0.01723599 -0.01723593 -0.01213437 0.0144627 -0.01948553 -0.01213437 0.01125001 -0.02114301 -0.01213437 0.007695436 -0.02215808 -0.01213437 0.003907084 -0.02249991 -0.01213437 0 -0.02215808 -0.01213437 -0.003907084 -0.02114301 -0.01213437 -0.007695436 -0.01948553 -0.01213437 -0.01125001 -0.01723593 -0.01213437 -0.0144627 -0.01446264 -0.01213437 -0.01723599 -0.01124995 -0.01213437 -0.01948559 -0.007695376 -0.01213437 -0.02114307 -0.003907024 -0.01213437 -0.02215814 0.02869999 -9.9837e-4 -0.07960116 0.02869999 1.63168e-6 -0.07960116 0.02869999 0.001001596 -0.07960116 0.02898275 0.001001596 -0.07960116 0.02839165 0.005910456 -0.07960116 0.02697527 0.01064753 -0.07960116 0.02477473 0.0150752 -0.07960116 0.02185404 0.01906466 -0.07960116 0.01829814 0.02250003 -0.07960116 0.01421034 0.02528136 -0.07960116 0.009709417 0.02732789 -0.07960116 0.004926323 0.02858012 -0.07960116 0 0.02900159 -0.07960116 -0.005035758 0.02856105 -0.07960116 -0.00991851 0.02725267 -0.07960116 -0.01449996 0.02511632 -0.07960116 -0.01864075 0.02221691 -0.07960116 -0.02221524 0.01864242 -0.07960116 -0.02511465 0.01450163 -0.07960116 -0.027251 0.009920179 -0.07960116 -0.02855938 0.005037426 -0.07960116 -0.02899992 1.63168e-6 -0.07960116 -0.02855938 -0.005034148 -0.07960116 -0.027251 -0.009916901 -0.07960116 -0.02511465 -0.01449835 -0.07960116 -0.02221524 -0.0186392 -0.07960116 -0.01864075 -0.02221363 -0.07960116 -0.01449996 -0.0251131 -0.07960116 -0.00991851 -0.02724945 -0.07960116 -0.005035758 -0.02855777 -0.07960116 0 -0.02899831 -0.07960116 0.004926323 -0.02857685 -0.07960116 0.009709417 -0.02732467 -0.07960116 0.01421034 -0.02527809 -0.07960116 0.01829814 -0.02249675 -0.07960116 0.02185404 -0.01906138 -0.07960116 0.02477473 -0.01507192 -0.07960116 0.02697527 -0.01064431 -0.07960116 0.02839165 -0.005907177 -0.07960116 0.02898275 -9.9837e-4 -0.07960116 -0.02869993 1.63168e-6 -0.07960116 -0.02826392 -0.004982054 -0.07960116 -0.02696913 -0.009814321 -0.07960116 -0.02485483 -0.01434832 -0.07960116 -0.02198541 -0.01844632 -0.07960116 -0.01844793 -0.0219838 -0.07960116 -0.01434993 -0.02485328 -0.07960116 -0.009815931 -0.02696752 -0.07960116 -0.004983663 -0.02826231 -0.07960116 0 -0.02869832 -0.07960116 0.004983723 -0.02826231 -0.07960116 0.00981599 -0.02696752 -0.07960116 0.01434999 -0.02485328 -0.07960116 0.01844799 -0.0219838 -0.07960116 0.02198547 -0.01844632 -0.07960116 0.02485495 -0.01434832 -0.07960116 0.02696919 -0.009814321 -0.07960116 0.02826398 -0.004982054 -0.07960116 0.02826398 0.004985332 -0.07960116 0.02696919 0.0098176 -0.07960116 0.02485495 0.0143516 -0.07960116 0.02198547 0.0184496 -0.07960116 0.01844799 0.02198708 -0.07960116 0.01434999 0.0248565 -0.07960116 0.00981599 0.0269708 -0.07960116 0.004983723 0.02826559 -0.07960116 0 0.0287016 -0.07960116 -0.004983663 0.02826559 -0.07960116 -0.009815931 0.0269708 -0.07960116 -0.01434993 0.0248565 -0.07960116 -0.01844793 0.02198708 -0.07960116 -0.02198541 0.0184496 -0.07960116 -0.02485483 0.0143516 -0.07960116 -0.02696913 0.0098176 -0.07960116 -0.02826392 0.004985332 -0.07960116 0 0.02900159 -0.07960116 0 0.02900159 -0.08149999 0.02898275 0.001001596 -0.07960116 0.02839165 0.005910456 -0.07960116 0.02697527 0.01064753 -0.07960116 0.02477473 0.0150752 -0.07960116 0.02185404 0.01906466 -0.07960116 0.01829814 0.02250003 -0.07960116 0.01421034 0.02528136 -0.07960116 0.009709417 0.02732789 -0.07960116 0.004926323 0.02858012 -0.07960116 0.02898275 0.001001596 -0.08149999 0.02839165 0.005910456 -0.08149999 0.02697527 0.01064753 -0.08149999 0.02477473 0.0150752 -0.08149999 0.02185404 0.01906466 -0.08149999 0.01829814 0.02250003 -0.08149999 0.01421034 0.02528136 -0.08149999 0.009709417 0.02732789 -0.08149999 0.004926323 0.02858012 -0.08149999 0.02898275 -9.9837e-4 -0.08149999 0.02869999 -9.9837e-4 -0.08149999 0 -0.02899831 -0.08149999 0.004926323 -0.02857685 -0.08149999 0.009709417 -0.02732467 -0.08149999 0.01421034 -0.02527809 -0.08149999 0.01829814 -0.02249675 -0.08149999 0.02185404 -0.01906138 -0.08149999 0.02477473 -0.01507192 -0.08149999 0.02697527 -0.01064431 -0.08149999 0.02839165 -0.005907177 -0.08149999 0 0.02900159 -0.08149999 -0.005035758 0.02856105 -0.08149999 -0.00991851 0.02725267 -0.08149999 -0.01449996 0.02511632 -0.08149999 -0.01864075 0.02221691 -0.08149999 -0.02221524 0.01864242 -0.08149999 -0.02511465 0.01450163 -0.08149999 -0.027251 0.009920179 -0.08149999 -0.02855938 0.005037426 -0.08149999 -0.02899992 1.63168e-6 -0.08149999 -0.02855938 -0.005034148 -0.08149999 -0.027251 -0.009916901 -0.08149999 -0.02511465 -0.01449835 -0.08149999 -0.02221524 -0.0186392 -0.08149999 -0.01864075 -0.02221363 -0.08149999 -0.01449996 -0.0251131 -0.08149999 -0.00991851 -0.02724945 -0.08149999 -0.005035758 -0.02855777 -0.08149999 0.02898275 0.001001596 -0.08149999 0.02839165 0.005910456 -0.08149999 0.02697527 0.01064753 -0.08149999 0.02477473 0.0150752 -0.08149999 0.02185404 0.01906466 -0.08149999 0.01829814 0.02250003 -0.08149999 0.01421034 0.02528136 -0.08149999 0.009709417 0.02732789 -0.08149999 0.004926323 0.02858012 -0.08149999 0.02869999 0.001001596 -0.08149999 -0.02249991 1.63168e-6 -0.08149999 -0.02215808 0.003908693 -0.08149999 -0.02114301 0.007697045 -0.08149999 -0.01948553 0.01125162 -0.08149999 -0.01723593 0.01446431 -0.08149999 -0.01446264 0.0172376 -0.08149999 -0.01124995 0.0194872 -0.08149999 -0.007695376 0.02114468 -0.08149999 -0.003907024 0.02215975 -0.08149999 0 0.02250158 -0.08149999 0.003907084 0.02215975 -0.08149999 0.007695436 0.02114468 -0.08149999 0.01125001 0.0194872 -0.08149999 0.0144627 0.0172376 -0.08149999 0.01723599 0.01446431 -0.08149999 0.01948559 0.01125162 -0.08149999 0.02114307 0.007697045 -0.08149999 0.0221582 0.003908693 -0.08149999 0.02250003 1.63168e-6 -0.08149999 0.0221582 -0.003905415 -0.08149999 0.02114307 -0.007693767 -0.08149999 0.01948559 -0.01124835 -0.08149999 0.01723599 -0.01446104 -0.08149999 0.0144627 -0.01723432 -0.08149999 0.01125001 -0.01948392 -0.08149999 0.007695436 -0.0211414 -0.08149999 0.003907084 -0.02215653 -0.08149999 0 -0.02249836 -0.08149999 -0.003907024 -0.02215653 -0.08149999 -0.007695376 -0.0211414 -0.08149999 -0.01124995 -0.01948392 -0.08149999 -0.01446264 -0.01723432 -0.08149999 -0.01723593 -0.01446104 -0.08149999 -0.01948553 -0.01124835 -0.08149999 -0.02114301 -0.007693767 -0.08149999 -0.02215808 -0.003905415 -0.08149999 -0.02249991 1.63168e-6 -0.08149999 -0.02215808 0.003908693 -0.08149999 -0.02114301 0.007697045 -0.08149999 -0.01948553 0.01125162 -0.08149999 -0.01723593 0.01446431 -0.08149999 -0.01446264 0.0172376 -0.08149999 -0.01124995 0.0194872 -0.08149999 -0.007695376 0.02114468 -0.08149999 -0.003907024 0.02215975 -0.08149999 0 0.02250158 -0.08149999 0.003907084 0.02215975 -0.08149999 0.007695436 0.02114468 -0.08149999 0.01125001 0.0194872 -0.08149999 0.0144627 0.0172376 -0.08149999 0.01723599 0.01446431 -0.08149999 0.01948559 0.01125162 -0.08149999 0.02114307 0.007697045 -0.08149999 0.0221582 0.003908693 -0.08149999 0.02250003 1.63168e-6 -0.08149999 -0.02249991 1.63168e-6 -0.0715 -0.02215808 0.003908693 -0.0715 -0.02114301 0.007697045 -0.0715 -0.01948553 0.01125162 -0.0715 -0.01723593 0.01446431 -0.0715 -0.01446264 0.0172376 -0.0715 -0.01124995 0.0194872 -0.0715 -0.007695376 0.02114468 -0.0715 -0.003907024 0.02215975 -0.0715 0 0.02250158 -0.0715 0.003907084 0.02215975 -0.0715 0.007695436 0.02114468 -0.0715 0.01125001 0.0194872 -0.0715 0.0144627 0.0172376 -0.0715 0.01723599 0.01446431 -0.0715 0.01948559 0.01125162 -0.0715 0.02114307 0.007697045 -0.0715 0.0221582 0.003908693 -0.0715 0.02250003 1.63168e-6 -0.0715 -0.02249991 1.63168e-6 -0.0715 -0.02215808 0.003908693 -0.0715 -0.02114301 0.007697045 -0.0715 -0.01948553 0.01125162 -0.0715 -0.01723593 0.01446431 -0.0715 -0.01446264 0.0172376 -0.0715 -0.01124995 0.0194872 -0.0715 -0.007695376 0.02114468 -0.0715 -0.003907024 0.02215975 -0.0715 0 0.02250158 -0.0715 0.003907084 0.02215975 -0.0715 0.007695436 0.02114468 -0.0715 0.01125001 0.0194872 -0.0715 0.0144627 0.0172376 -0.0715 0.01723599 0.01446431 -0.0715 0.01948559 0.01125162 -0.0715 0.02114307 0.007697045 -0.0715 0.0221582 0.003908693 -0.0715 0.02250003 1.63168e-6 -0.0715 0.0221582 -0.003905415 -0.0715 0.02114307 -0.007693767 -0.0715 0.01948559 -0.01124835 -0.0715 0.01723599 -0.01446104 -0.0715 0.0144627 -0.01723432 -0.0715 0.01125001 -0.01948392 -0.0715 0.007695436 -0.0211414 -0.0715 0.003907084 -0.02215653 -0.0715 0 -0.02249836 -0.0715 -0.003907024 -0.02215653 -0.0715 -0.007695376 -0.0211414 -0.0715 -0.01124995 -0.01948392 -0.0715 -0.01446264 -0.01723432 -0.0715 -0.01723593 -0.01446104 -0.0715 -0.01948553 -0.01124835 -0.0715 -0.02114301 -0.007693767 -0.0715 -0.02215808 -0.003905415 -0.0715 0 -0.01213437 -0.02249997 0.003907084 -0.01213437 -0.02215814 0.007695436 -0.01213437 -0.02114307 0.01125001 -0.01213437 -0.01948559 0.0144627 -0.01213437 -0.01723599 0.01723599 -0.01213437 -0.0144627 0.01948559 -0.01213437 -0.01125001 0.02114307 -0.01213437 -0.007695436 0.0221582 -0.01213437 -0.003907084 0.02250003 -0.01213437 0 0.0221582 -0.01213437 0.003907084 0.02114307 -0.01213437 0.007695436 0.01948559 -0.01213437 0.01125001 0.01723599 -0.01213437 0.0144627 0.0144627 -0.01213437 0.01723599 0.01125001 -0.01213437 0.01948559 0.007695436 -0.01213437 0.02114307 0.003907084 -0.01213437 0.0221582 0 -0.01213437 0.02249997 0 -0.002134323 -0.02249997 0.003907084 -0.002134323 -0.02215814 0.007695436 -0.002134323 -0.02114307 0.01125001 -0.002134323 -0.01948559 0.0144627 -0.002134323 -0.01723599 0.01723599 -0.002134323 -0.0144627 0.01948559 -0.002134323 -0.01125001 0.02114307 -0.002134323 -0.007695436 0.0221582 -0.002134323 -0.003907084 0.02250003 -0.002134323 0 0.0221582 -0.002134323 0.003907084 0.02114307 -0.002134323 0.007695436 0.01948559 -0.002134323 0.01125001 0.01723599 -0.002134323 0.0144627 0.0144627 -0.002134323 0.01723599 0.01125001 -0.002134323 0.01948559 0.007695436 -0.002134323 0.02114307 0.003907084 -0.002134323 0.0221582 0 -0.002134323 0.02249997 0 -0.002134323 -0.02249997 0.003907084 -0.002134323 -0.02215814 0.007695436 -0.002134323 -0.02114307 0.01125001 -0.002134323 -0.01948559 0.0144627 -0.002134323 -0.01723599 0.01723599 -0.002134323 -0.0144627 0.01948559 -0.002134323 -0.01125001 0.02114307 -0.002134323 -0.007695436 0.0221582 -0.002134323 -0.003907084 0.02250003 -0.002134323 0 0.0221582 -0.002134323 0.003907084 0.02114307 -0.002134323 0.007695436 0.01948559 -0.002134323 0.01125001 0.01723599 -0.002134323 0.0144627 0.0144627 -0.002134323 0.01723599 0.01125001 -0.002134323 0.01948559 0.007695436 -0.002134323 0.02114307 0.003907084 -0.002134323 0.0221582 0 -0.002134323 0.02249997 -0.003907024 -0.002134323 0.0221582 -0.007695376 -0.002134323 0.02114307 -0.01124995 -0.002134323 0.01948559 -0.01446264 -0.002134323 0.01723599 -0.01723593 -0.002134323 0.0144627 -0.01948553 -0.002134323 0.01125001 -0.02114301 -0.002134323 0.007695436 -0.02215808 -0.002134323 0.003907084 -0.02249991 -0.002134323 0 -0.02215808 -0.002134323 -0.003907084 -0.02114301 -0.002134323 -0.007695436 -0.01948553 -0.002134323 -0.01125001 -0.01723593 -0.002134323 -0.0144627 -0.01446264 -0.002134323 -0.01723599 -0.01124995 -0.002134323 -0.01948559 -0.007695376 -0.002134323 -0.02114307 -0.003907024 -0.002134323 -0.02215814 0.02898275 -9.9837e-4 -0.07960116 0.02869999 -9.9837e-4 -0.07960116 0.02869999 -9.9837e-4 -0.08149999 0.02898275 -9.9837e-4 -0.08149999 0.02869999 -9.9837e-4 -0.07960116 0.02869999 1.63168e-6 -0.07960116 0.02869999 0.001001596 -0.07960116 0.02869999 0.001001596 -0.08149999 0.02869999 -9.9837e-4 -0.08149999 0.02869999 0.001001596 -0.08149999 0.02898275 0.001001596 -0.08149999 0.02869999 0.001001596 -0.07960116 0.02898275 0.001001596 -0.07960116 0.02848243 -0.009434342 9.99987e-4 0.02820003 -0.009434342 9.99987e-4 0.02820003 -0.01213437 9.99987e-4 0.02848243 -0.01213437 9.99987e-4 0.02820003 -0.009434342 9.99987e-4 0.02820003 -0.009434342 0 0.02820003 -0.009434342 -9.99987e-4 0.02820003 -0.01213437 -9.99987e-4 0.02820003 -0.01213437 9.99987e-4 0.02820003 -0.01213437 -9.99987e-4 0.02848243 -0.01213437 -9.99987e-4 0.02820003 -0.009434342 -9.99987e-4 0.02848243 -0.009434342 -9.99987e-4</float_array>
          <technique_common>
            <accessor source="#link_5-mesh-positions-array" count="1706" stride="3">
              <param name="X" type="float"/>
              <param name="Y" type="float"/>
              <param name="Z" type="float"/>
            </accessor>
          </technique_common>
        </source>
        <source id="link_5-mesh-normals">
          <float_array id="link_5-mesh-normals-array" count="4305">0.1736484 0 -0.9848077 5.1856e-6 0 -1 5.73695e-6 0 -1 0.1736437 0 -0.9848086 0.3420211 0 -0.9396923 0.3420212 0 -0.9396923 0.4999997 0 -0.8660257 0.6427919 0 -0.7660408 0.6427887 0 -0.7660436 0.7660436 0 -0.6427887 0.7660438 0 -0.6427885 0.8660253 0 -0.5000004 0.8660252 0 -0.5000004 0.9396939 0 -0.342017 0.9396923 0 -0.3420212 0.9848081 0 -0.1736463 0.9848073 0 -0.1736508 1 0 2.22835e-6 1 0 -2.22835e-6 0.9848073 0 0.1736508 0.9848081 0 0.1736463 0.9396931 0 0.3420191 0.939693 0 0.3420191 0.8660253 0 0.5000003 0.8660252 0 0.5000004 0.7660422 0 0.6427903 0.766045 0 0.642787 0.6427904 0 0.7660421 0.6427902 0 0.7660424 0.4999997 0 0.8660257 0.3420124 0 0.9396955 0.3420162 0 0.9396941 0.1736464 0 0.9848081 0.1736461 0 0.9848082 2.05189e-5 0 1 6.84708e-5 0 1 -1 1.93045e-5 0 -0.9848073 0.1736509 0 -1 1.99601e-5 0 -0.9848082 0.1736462 0 -0.9396921 0.3420218 0 -0.9396936 0.3420176 0 -0.8660257 0.4999997 0 -0.8660256 0.4999997 0 -0.766043 0.6427894 0 -0.7660458 0.642786 0 -0.642786 0.7660458 0 -0.6427891 0.7660432 0 -0.4999985 0.8660264 0 -0.5000018 0.8660244 0 -0.3420185 0.9396933 0 -0.3420222 0.9396919 0 -0.1736459 0.9848082 0 -0.1736502 0.9848075 0 0 1 0 0.173648 0.9848078 0 0.1736482 0.9848078 0 0.3420225 0.9396918 0 0.3420178 0.9396935 0 0.5000022 0.8660243 0 0.4999978 0.8660267 0 0.6427894 0.7660431 0 0.6427857 0.7660461 0 0.7660447 0.6427873 0 0.7660444 0.6427876 0 0.8660254 0.5000001 0 0.8660258 0.4999995 0 0.9396935 0.342018 0 0.939692 0.3420222 0 0.9848083 0.1736457 0 0.9848075 0.1736502 0 1 1.85594e-5 0 1 1.9215e-5 0 0.1736494 0 0.9848076 2.18377e-5 -4.18238e-6 1 2.18376e-5 4.16264e-6 1 0.173653 0 0.9848069 0.3420202 0 0.9396926 0.3420199 0 0.9396928 0.5 0 0.8660254 0.4999999 0 0.8660255 0.6427873 0 0.7660448 0.7660439 0 0.6427882 0.766044 0 0.6427882 0.8660249 0 0.5000011 0.8660248 0 0.5000011 0.9396928 0 0.3420198 0.9848076 0 0.1736498 0.9848082 0 0.1736459 1 0 0 0.9848079 0 -0.1736478 0.9848079 0 -0.1736479 0.9396928 0 -0.3420198 0.9396928 0 -0.3420197 0.8660258 0 -0.4999994 0.8660238 0 -0.5000029 0.7660452 0 -0.6427868 0.7660427 0 -0.6427898 0.6427904 0 -0.7660421 0.6427873 0 -0.7660447 0.5000016 0 -0.8660245 0.4999982 0 -0.8660265 0.3420217 0 -0.939692 0.3420183 0 -0.9396934 0.1736453 0 -0.9848083 0.1736456 0 -0.9848082 1.00434e-5 4.18238e-6 -1 1.00434e-5 -4.16264e-6 -1 -1 2.37972e-5 -8.12858e-6 -1 1.83433e-5 -2.01219e-6 -0.9951699 0.09816843 -2.34218e-5 -0.9848067 0.173654 -9.29087e-6 -0.9807205 0.1954158 8.22787e-7 -0.9396932 0.3420187 -1.06446e-5 -0.9328941 0.360151 -5.30784e-6 -0.8660195 0.5000101 1.45305e-5 -0.8576013 0.5143151 4.82192e-6 -0.76605 0.642781 -2.99003e-5 -0.757075 0.6533281 -2.75904e-6 -0.6428092 0.7660264 -6.08252e-5 -0.6342607 0.7731194 6.76862e-6 -0.4999887 0.866032 1.20061e-5 -0.4927918 0.8701473 -4.00667e-6 -0.3420331 0.9396879 -4.58207e-5 -0.3368071 0.9415738 5.48107e-6 -0.1736535 0.9848069 -6.53702e-5 -0.1708722 0.9852932 1.76889e-5 -1.25359e-5 1 -1.26557e-5 6.25849e-7 1 0 0.09816849 0.9951699 -2.18451e-5 0.1736515 0.9848071 -7.76164e-6 0.1954185 0.9807201 7.75783e-6 0.3420147 0.9396947 -1.21184e-5 0.3601472 0.9328955 -3.66452e-6 0.5000026 0.8660238 2.42102e-5 0.5143113 0.8576037 1.60839e-5 0.6427769 0.7660534 -2.91185e-5 0.6533241 0.7570785 1.17649e-6 0.7660182 0.6428191 -5.22747e-5 0.7731142 0.634267 1.82691e-5 0.8660277 0.4999961 1.26383e-5 0.8701443 0.4927972 6.64848e-7 0.9396852 0.3420407 -3.92651e-5 0.9415737 0.3368072 1.30306e-5 0.9848058 0.17366 -1.18374e-4 0.9852848 0.1709209 -1.87312e-7 1 -2.45675e-6 -1.32783e-6 1 2.6904e-5 -2.54004e-6 0.9789123 0 -0.2042813 0.9993832 4.0691e-6 -0.03512096 0.9789126 0 -0.20428 0.9993831 -4.08839e-6 -0.03512096 0.9300073 0 -0.3675411 0.9300079 0 -0.3675398 0.8540913 0 -0.5201232 0.854092 0 -0.5201219 0.7533677 0 -0.6575996 0.7533687 0 -0.6575984 0.6307606 0 -0.7759776 0.6307619 0 -0.7759765 0.4898321 0 -0.8718168 0.4898335 0 -0.871816 0.3346831 0 -0.9423307 0.3346829 0 -0.9423308 0.1698102 0 -0.9854768 0.1698118 0 -0.9854766 3.43323e-5 4.08839e-6 -1 3.43248e-5 -4.0691e-6 -1 -0.1736491 0 -0.9848077 -2.82824e-5 -4.18238e-6 -1 -2.82601e-5 4.16264e-6 -1 -0.1736473 0 -0.984808 -0.3420163 0 -0.939694 -0.3420146 0 -0.9396947 -0.5000008 0 -0.866025 -0.4999989 0 -0.866026 -0.6427907 0 -0.7660419 -0.6427893 0 -0.7660432 -0.7660464 0 -0.6427853 -0.7660465 0 -0.6427851 -0.8660252 0 -0.5000005 -0.8660251 0 -0.5000006 -0.9396927 0 -0.3420201 -0.9396921 0 -0.3420217 -0.9848077 0 -0.1736482 -0.9848078 0 -0.1736482 -1 0 0 -1 0 0 -0.9848077 0 0.1736492 -0.984808 0 0.1736474 -0.9396921 0 0.3420217 -0.9396927 0 0.34202 -0.8660247 0 0.5000013 -0.8660256 0 0.4999997 -0.7660464 0 0.6427853 -0.7660465 0 0.6427851 -0.6427901 0 0.7660424 -0.64279 0 0.7660425 -0.4999989 0 0.8660261 -0.5000007 0 0.866025 -0.34202 0 0.9396927 -0.3420218 0 0.9396921 -0.1736471 0 0.984808 -0.1736488 0 0.9848077 -1.6354e-5 -4.16264e-6 1 -1.63466e-5 4.18238e-6 1 0.984808 0.1736466 0 1 1.82986e-5 2.92382e-5 0.9848076 0.1736494 0 1 1.87233e-5 -4.18238e-6 0.939693 0.342019 0 0.9396922 0.3420217 0 0.8660264 0.4999984 0 0.8660248 0.5000011 0 0.7660456 0.6427863 0 0.7660434 0.642789 0 0.6427888 0.7660435 0 0.6427865 0.7660455 0 0.4999999 0.8660255 0 0.3420202 0.9396927 0 0.3420201 0.9396927 0 0.1736497 0.9848075 0 0.1736468 0.9848081 0 1.50455e-6 1 0 -1.50931e-6 1 0 -0.1736483 0.9848078 0 -0.1736482 0.9848078 0 -0.3420202 0.9396926 0 -0.3420202 0.9396926 0 -0.4999998 0.8660256 0 -0.4999999 0.8660255 0 -0.6427873 0.7660448 0 -0.6427872 0.7660448 0 -0.7660438 0.6427884 0 -0.7660455 0.6427863 0 -0.8660255 0.5 0 -0.9396926 0.3420206 0 -0.9396924 0.3420208 0 -0.9848078 0.1736484 0 -0.9848079 0.1736479 0 -1 1.82912e-5 4.18238e-6 -1 1.87233e-5 -4.16264e-6 0.9994046 -0.03450262 4.09068e-6 0.9994046 -0.03450298 3.26869e-5 0.9790219 -0.2037558 0 0.9790228 -0.203751 0 0.93018 -0.367104 0 0.9301819 -0.3670993 0 0.8543002 -0.51978 0 0.8543026 -0.519776 0 0.753586 -0.6573494 0 0.7535893 -0.6573456 0 0.6309698 -0.7758074 0 0.6309734 -0.7758046 0 0.4900104 -0.8717167 0 0.4900137 -0.8717148 0 0.3348054 -0.9422873 0 0.3348094 -0.9422858 0 0.1698727 -0.9854661 0 0.1698727 -0.9854661 0 2.02954e-5 -1 4.07138e-6 2.04667e-5 -1 -4.09068e-6 -0.1736505 -0.9848074 0 -1.86488e-5 -1 4.18238e-6 -1.88202e-5 -1 3.34196e-5 -0.173646 -0.9848082 0 -0.342022 -0.939692 0 -0.3420176 -0.9396936 0 -0.500002 -0.8660243 0 -0.499998 -0.8660266 0 -0.6427905 -0.766042 0 -0.6427866 -0.7660454 0 -0.7660464 -0.6427854 0 -0.7660429 -0.6427896 0 -0.8660263 -0.4999986 0 -0.8660238 -0.5000029 0 -0.9396934 -0.342018 0 -0.9396919 -0.3420223 0 -0.9848082 -0.173646 0 -0.9848074 -0.1736505 0 -1 2.48547e-6 0 -1 -2.07598e-6 0 -0.9848075 0.1736503 0 -0.9848082 0.1736457 0 -0.9396919 0.3420223 0 -0.9396935 0.3420181 0 -0.8660247 0.5000013 0 -0.8660267 0.4999978 0 -0.7660422 0.6427904 0 -0.7660448 0.6427872 0 -0.6427853 0.7660464 0 -0.6427889 0.7660435 0 -0.499998 0.8660266 0 -0.500002 0.8660243 0 -0.3420176 0.9396936 0 -0.3420221 0.9396919 0 -0.1736487 0.9848077 0 -0.173649 0.9848076 0 -1.88127e-5 1 -4.18238e-6 -1.86488e-5 1 4.16264e-6 1 -3.83448e-6 1.05351e-5 1 -5.48096e-6 4.11198e-5 0.985291 7.16955e-5 0.1708858 0.984816 -2.17411e-4 0.1736013 0.9415847 2.15064e-4 0.3367761 0.9397081 -3.56629e-4 0.3419777 0.8701309 -1.35213e-4 0.4928208 0.8660321 1.023e-6 0.4999887 0.7731029 -4.19465e-6 0.6342807 0.7660546 -1.29093e-4 0.6427756 0.6533359 2.70573e-4 0.7570682 0.6427919 -5.82951e-5 0.7660409 0.514307 1.46978e-4 0.8576062 0.500005 -3.23064e-5 0.8660227 0.3601574 1.64166e-4 0.9328916 0.3420323 -9.14326e-7 0.9396882 0.1953797 9.40752e-7 0.9807277 0.1736667 -2.77915e-5 0.9848046 0.09800624 1.79764e-4 0.9951858 7.8935e-6 -5.94882e-7 1 -4.0466e-5 -1.38772e-6 1 -0.1708851 7.20522e-5 0.985291 -0.1736012 -2.17061e-4 0.9848161 -0.336777 2.15232e-4 0.9415844 -0.3419783 -3.56447e-4 0.9397078 -0.4927824 8.99809e-6 0.8701527 -0.50003 1.9522e-4 0.8660081 -0.6342718 -1.03842e-4 0.7731103 -0.6427869 -1.30054e-4 0.766045 -0.7570487 6.13584e-4 0.6533583 -0.7660358 -2.55913e-4 0.642798 -0.8575993 2.43963e-4 0.5143187 -0.8660253 6.58384e-5 0.5000004 -0.9328944 1.62207e-5 0.3601504 -0.9396917 -5.08367e-5 0.3420228 -0.9807171 7.51927e-7 0.1954333 -0.9848062 -3.08062e-5 0.1736568 -0.9951859 1.79526e-4 0.09800595 -1 2.75834e-6 2.833e-5 -1 3.38323e-6 -9.57772e-6 0.07085359 -0.7897038 0.6093831 5.42097e-4 -0.9598256 0.2805969 1.61096e-4 -0.9052962 0.424781 -7.56405e-4 -0.8429754 0.5379517 -3.8848e-4 -0.766407 0.6423553 0.03822278 0.001654326 -0.9992679 0.08359992 0.00391978 -0.9964917 -8.31839e-4 -5.1306e-5 -0.9999997 4.63018e-4 -0.02409315 -0.9997097 0.02522003 -0.02968668 -0.9992411 -6.91174e-4 -0.1755113 -0.9844772 0.004147529 -0.1644032 -0.9863846 -8.10664e-4 -0.3392471 -0.940697 0.003194987 -0.5271521 -0.849765 -6.4972e-4 -0.4972872 -0.8675857 -7.56532e-5 -0.6348885 -0.7726038 0.09238016 -0.04524236 -0.9946955 0.1589425 -0.007468581 -0.9872597 0.01028203 -0.4702312 -0.8824834 0.06929415 -0.1231338 -0.989968 0.2738493 -0.0566805 -0.960101 0.001078724 -0.8859859 -0.463711 -5.22733e-5 -0.8474814 -0.5308253 -4.52928e-4 -0.9199339 -0.3920732 0.01005542 -0.8604175 -0.5094907 1.15262e-4 -0.7490166 -0.6625513 -9.53712e-4 -0.9720298 -0.2348561 0.04772663 -0.3652149 -0.9296991 0.02104157 -0.8327612 -0.5532324 0.02926766 -0.9994002 -0.01851385 2.89389e-4 -0.998012 -0.06302601 3.12718e-4 -0.9884572 0.1515002 0.03625696 -0.9965742 -0.07433301 0.05599957 -0.7601332 -0.6473497 0.0361433 -0.985054 0.1684114 0.1631325 -0.8016024 0.5751708 0.05229347 -0.9894725 -0.1349439 0.37156 -0.09496289 -0.9235395 0.4059973 -0.08932375 -0.9094985 0.08433502 -0.9878607 0.1304572 0.2768341 -0.7984392 0.534657 0.1028769 -0.9608153 -0.2573913 0.3626598 -0.1310107 -0.9226669 0.1119277 -0.9875165 0.1108307 0.1406123 -0.9861964 0.08743488 0.3517966 -0.2300634 -0.9073643 0.5444004 -0.09414941 -0.8335252 0.2041057 -0.9786442 0.02442228 0.3676507 -0.4483593 -0.8147435 0.6365578 -0.09399235 -0.7654802 0.6699523 -0.08027815 -0.7380511 0.6356105 -0.1129323 -0.7637052 0.3425447 -0.807168 0.4807733 0.4023368 -0.7749723 0.487384 0.6388877 -0.1587374 -0.7527451 0.7862947 -0.05568283 -0.6153374 0.3791812 -0.8096072 0.4480605 0.5426801 -0.72315 0.4272615 0.6629115 -0.2485046 -0.7062534 0.4587227 -0.8035528 0.3793108 0.6774513 -0.6429957 0.3572341 0.7096093 -0.342971 -0.6154882 0.4297346 -0.6648655 -0.6109682 0.7850726 -0.4230117 -0.4524624 0.536601 -0.7868425 -0.3048576 0.9524008 -0.01299923 -0.3045717 0.9865983 -0.002328872 -0.1631519 0.9469015 -0.01166343 -0.3213124 0.8815298 -0.02991944 -0.4711795 0.759874 -0.6432366 0.09401243 0.795226 -0.5377643 0.2800447 0.8826904 -0.422829 0.205118 0.9488705 -0.01976186 -0.3150463 0.9476835 -0.02391707 -0.3183143 0.9471049 -0.0270043 -0.319786 0.9465851 -0.03396677 -0.3206602 1 1.18017e-5 -1.36469e-4 0.9195506 -0.3671174 -0.1401836 0.9476054 -0.04626959 -0.3160746 0.9999995 9.22076e-4 5.90824e-4 0.9508443 -0.05852365 -0.3040893 0.9573009 -0.06918096 -0.2806939 0.9849886 0.02238726 -0.1711617 0.9953731 0.01338136 -0.09514945 0.9987398 0.008811593 -0.04940813 0.9818391 -0.1783672 -0.06463265 0.9430383 -0.3046386 0.1336942 0.9865235 -0.1560301 0.04925447 0.9985603 -0.05328273 -0.006201446 0.9960379 0.05966562 -0.06594419 0.9755087 0.05395543 -0.213241 0.9722812 -0.04858708 -0.228711 0.970581 0.03608274 -0.238056 0.3049519 -0.9087758 -0.2848352 0.327867 -0.7269945 -0.6033096 0 -1 0 0 -1 3.82877e-7 0 -1 -1.22513e-6 0 -1 0 0 -1 1.23827e-6 0 -1 -1.70247e-6 0 -1 0 0 -1 -2.45018e-6 0 -1 1.60569e-6 0 -1 3.09553e-7 0 -1 1.54666e-7 0 -1 2.45018e-6 0 -1 0 0 -1 -1.46051e-7 0 -1 -1.60569e-6 0 -1 -2.34423e-7 0 -1 -1.22216e-7 0 -1 -1.27681e-6 0 -1 0 0 -1 -6.96469e-7 0 -1 1.69075e-7 0 -1 -1.16075e-6 0 -1 1.2252e-6 0 -1 3.55056e-7 0 -1 3.8695e-7 0 -1 2.34487e-7 0 -1 1.22524e-6 0 -1 5.34712e-7 0 -1 7.2866e-7 0 -1 5.54502e-7 0 -1 -8.84446e-7 0 -1 1.5315e-7 0 -1 -6.54895e-7 0 -1 -1.54666e-7 0 -1 -2.57877e-7 0 -1 7.28661e-7 0 -1 1.46051e-7 0 -1 5.34702e-7 0 -1 1.22213e-7 0 -1 3.99506e-7 0 -1 0 0 -1 -5.72103e-7 0 -1 -3.55052e-7 0 -1 4.86609e-7 -0.0230295 -0.7759076 0.6304262 7.86088e-4 -0.8429883 0.5379315 -1.36845e-4 -0.9052977 0.4247778 3.71999e-4 -0.7664242 0.6423348 -0.09372431 -0.7940783 0.600546 -5.35284e-4 -0.9598273 0.2805911 -0.9853777 0.0562061 -0.1608472 -0.9960372 0.05966842 -0.06595295 -0.9859334 -0.1591799 0.05096381 -0.03822445 0.001654207 -0.9992678 -4.59282e-4 -0.02405714 -0.9997105 8.31735e-4 -5.11231e-5 -0.9999997 -0.08360236 0.00391978 -0.9964915 -0.02522009 -0.02968639 -0.9992411 6.9684e-4 -0.1755297 -0.984474 -0.004151523 -0.1643999 -0.9863851 8.39544e-4 -0.3392457 -0.9406975 -0.003186821 -0.5271564 -0.8497624 6.66507e-4 -0.4972767 -0.8675919 1.00493e-4 -0.6348922 -0.7726008 -0.09238028 -0.04524093 -0.9946956 -0.1589424 -0.007469654 -0.9872596 -0.01028025 -0.4702277 -0.8824853 -0.06928485 -0.1231202 -0.9899703 -0.273872 -0.05663734 -0.9600971 -0.001042127 -0.8859919 -0.4636995 4.28703e-4 -0.9199268 -0.3920901 7.58953e-5 -0.8474942 -0.5308047 -0.01005095 -0.8604255 -0.5094771 -9.82024e-5 -0.7490128 -0.6625556 9.7616e-4 -0.972025 -0.2348756 -0.04769021 -0.3652158 -0.9297006 -0.02102857 -0.8327669 -0.5532243 -0.0559886 -0.7601435 -0.6473385 -0.3715597 -0.0949673 -0.9235392 -0.4059956 -0.08933079 -0.9094986 -0.3626261 -0.1310368 -0.9226765 -0.3517956 -0.2300624 -0.907365 -0.5443972 -0.09414786 -0.8335274 -0.3676498 -0.4483671 -0.8147397 -0.6365562 -0.09399414 -0.7654811 -0.6699526 -0.08028048 -0.7380505 -0.6356098 -0.1129359 -0.7637052 -0.6388881 -0.1587394 -0.7527443 -0.7862921 -0.05568027 -0.615341 -0.6629024 -0.2485317 -0.7062524 -0.9524005 -0.01300191 -0.3045725 -0.9469014 -0.01166361 -0.3213127 -0.9865981 -0.002329885 -0.1631525 -0.8815307 -0.02991861 -0.4711779 -0.9488703 -0.01976138 -0.3150472 -0.9476836 -0.02392202 -0.3183137 -0.9471046 -0.02700382 -0.3197869 -0.9465845 -0.03396683 -0.3206619 -1 -7.24626e-6 -1.43543e-4 -0.9476146 -0.04629701 -0.3160431 -0.9999995 9.14939e-4 5.77191e-4 -0.9956334 0.01314222 -0.09242117 -0.9857209 0.02173173 -0.1669797 -0.9723526 0.03405338 -0.2310214 -0.9818387 -0.1783687 -0.06463378 -0.9716092 0.05168116 -0.2308781 -0.9226627 -0.3504586 0.1608488 -0.08445549 -0.9606482 0.2646177 -0.291424 -0.7968037 0.5293167 -0.1844312 -0.802334 0.5676667 -3.09575e-4 -0.9884572 0.1515004 -0.1952809 -0.9687589 0.1528783 -0.1487824 -0.9774007 0.1501721 -0.2498278 -0.9561117 0.1530904 -0.549984 -0.7196433 0.4238291 -0.4180116 -0.7705863 0.4811061 -0.4994233 -0.8663465 0.004502475 -0.4179511 -0.9083793 0.01280367 -0.5918649 -0.806029 -0.003627896 -0.8206918 -0.5086023 0.2603628 -0.690498 -0.6332493 0.3495825 -0.7424659 -0.6535024 -0.147238 -0.8714287 -0.4233834 -0.2477064 -0.0804857 -0.9956486 -0.04696655 -2.82105e-4 -0.9980117 -0.06302845 -0.1011076 -0.9902064 -0.09627354 -0.1234751 -0.9872586 -0.100372 -0.2139453 -0.9558544 -0.2014192 -0.3841288 -0.8343847 -0.3952814 -0.4254875 -0.81879 -0.3854132 -0.5570582 -0.7067676 -0.4360802 -0.6942372 -0.5160446 -0.50173 -0.9951546 -2.00912e-4 0.0983234 -0.9949049 0.1008087 -0.001412153 -0.9999973 0.002039968 0.001166105 -0.7695414 0.6326125 0.08722162 -0.4534626 0.891275 8.40917e-4 -0.5719076 0.820318 3.71248e-4 -0.6778244 0.7352238 -2.15791e-4 -0.7719561 0.6356754 -7.79316e-4 -0.8680322 0.4965069 -9.92291e-4 -0.9357175 0.3527497 -7.84531e-4 -0.1286826 0.9871817 0.09440988 -3.67229e-4 0.9999997 -7.88132e-4 -0.1773321 0.9841505 0.001105964 -0.3428649 0.939384 0.001164734 -5.07295e-4 0.9573494 0.2889325 8.37676e-4 0.9856229 0.1689581 -3.17097e-5 0.9983285 0.05779492 -0.9490243 0.2626424 0.1742757 -0.9784057 0.2066903 -0.001211941 -0.9789782 0.06653016 0.19281 -0.9807193 2.92785e-4 0.1954215 -0.4345723 0.779331 0.4514313 -0.001170098 0.9154069 0.4025282 -0.6086406 0.5096357 0.6081351 -0.6342493 9.38445e-4 0.773128 -0.492793 9.33141e-4 0.8701461 -0.6716811 0.3312356 0.6626669 -0.7570837 9.3022e-4 0.6533173 -0.1219539 0.7184002 0.6848565 8.76337e-5 0.7213849 0.6925343 -5.54319e-4 0.8010632 0.5985795 -0.001003146 0.8615849 0.5076125 -0.2664139 0.3986798 0.8775409 -0.01383757 0.6048001 0.7962571 8.10698e-4 0.462429 0.8866561 5.55826e-4 0.5629696 0.8264775 5.11264e-4 0.6404339 0.7680132 -0.3127332 0.1724961 0.9340467 -0.3367832 9.00865e-4 0.9415818 -0.1709194 -3.51608e-4 0.9852851 -0.09358501 0.1788812 0.9794098 -0.001932024 0.004520416 0.999988 0.004465699 0.1708726 0.985283 0.00216645 0.3275712 0.9448241 -0.9058682 0.3432661 0.2481359 -0.9328992 8.24019e-4 0.3601369 -0.7388197 0.4856051 0.4672614 -0.8576105 9.13858e-4 0.5142991 -0.7029306 0.462612 0.540258 4.96879e-5 0.9983284 0.05779796 0.08692246 0.996215 -5.79923e-4 3.86734e-4 0.9999997 -7.75276e-4 0.7695335 0.6326188 0.0872454 0.9515084 0.3076218 -8.02584e-4 0.8893426 0.4572408 -9.52318e-4 0.8142012 0.5805823 -9.12912e-4 0.7305785 0.6828286 -5.47066e-4 0.6457291 0.7635666 -3.69623e-5 0.5564627 0.8308725 4.3869e-4 0.4658223 0.884878 7.92891e-4 0.128691 0.9871771 0.09444624 0.2740281 0.9617209 0.00127393 0.1576076 0.9875015 9.17468e-4 -8.41238e-4 0.9856235 0.168955 5.03853e-4 0.9573487 0.2889348 0.9490259 0.2626256 0.1742917 0.9999973 0.002044975 0.00117582 0.9885931 0.150604 -0.001538336 0.9853045 4.83379e-4 0.1708064 0.9789837 0.06652086 0.1927847 0.9415701 7.86379e-4 0.3368164 0.4345804 0.7793163 0.4514488 0.3764208 0.9264482 0.001082599 0.001172423 0.915406 0.4025302 0.6716799 0.3312324 0.6626698 0.6533149 8.99866e-4 0.7570858 0.7731311 9.15125e-4 0.6342457 0.5143392 8.86709e-4 0.8575865 0.6086599 0.5096417 0.6081107 0.1219516 0.7183994 0.6848579 5.13211e-4 0.8010588 0.5985856 -8.13343e-5 0.7213886 0.6925305 0.001020431 0.861584 0.5076142 0.2664146 0.3986715 0.8775445 0.01386922 0.604786 0.7962673 -5.31783e-4 0.5629595 0.8264845 -8.17172e-4 0.4624328 0.8866541 -4.93513e-4 0.6404401 0.7680081 0.3127364 0.1724935 0.9340461 0.360189 9.23373e-4 0.9328789 0.1953881 -3.32296e-6 0.9807261 0.09357398 0.1789027 0.9794068 -0.004494965 0.1708775 0.9852821 0.001955687 0.004547595 0.9999878 -0.002206325 0.3275665 0.9448256 0.09829688 -6.39714e-4 0.995157 0.9094052 0.3426302 0.2357683 0.8796371 0.3538275 0.3178755 0.8701426 8.9246e-4 0.4927991 0.7090705 0.4650701 0.5300272 0.9987528 0.008221507 -0.04924654 0.9885653 0.1507878 -0.001287341 0.9999973 0.002015769 0.001139581 0.994706 0.0729469 -0.07237994 0.975486 0.05424493 -0.2132714 0.9960859 0.05954784 -0.0653221 0.9478662 0.2665624 -0.1746259 -0.001129209 0.991904 -0.1269859 0.0870487 0.9962039 -6.24537e-4 0.1574494 0.9875266 9.31695e-4 3.76169e-4 0.9999997 -8.19065e-4 0.04078042 0.8973125 -0.4395082 -5.44474e-4 0.9602569 -0.2791174 0.150395 0.8809825 -0.4486104 -5.94184e-7 0.9017775 -0.4322009 0.9230449 0.3777264 -0.07287627 0.9514908 0.3076764 -8.23189e-4 0.8892288 0.4574621 -9.11959e-4 0.8143774 0.580335 -9.26361e-4 0.9187499 0.3699979 -0.1378412 0.9953589 0.01352095 -0.09527838 0.9849759 0.02275031 -0.1711868 0.8836508 0.4456649 -0.143333 0.8369481 0.5270877 -0.1472973 0.7755039 0.6135904 -0.1486625 0.7305737 0.6828337 -5.63301e-4 0.6458086 0.7634994 -8.51154e-5 0.556537 0.8308228 3.4453e-4 0.7792772 0.5810939 -0.2346428 0.970645 0.03570997 -0.2378513 0.7090709 0.6660929 -0.2313843 0.4657196 0.8849322 6.935e-4 0.4063559 0.9003831 -0.155516 0.3764402 0.9264404 0.001033186 0.2740813 0.9617058 0.001249611 0.8408769 0.4283386 -0.3308355 0.8743181 0.4148764 -0.251884 0.8061758 0.5100016 -0.2999653 0.2915357 0.9382071 -0.1864789 0.4521819 0.8676864 -0.206523 0.5364376 0.8014431 -0.264431 0.596618 0.7424683 -0.3046112 0.7192014 0.6030684 -0.3450478 0.6132736 0.6897723 -0.3848503 0.4927529 0.7639457 -0.4166313 0.3677657 0.8203802 -0.4378638 0.2455132 0.8596111 -0.4480985 0.7228599 0.6049983 -0.3338422 0.7542688 0.5544475 -0.3516624 6.47306e-5 0.9870768 -0.1602481 0.09819054 0.9951676 -6.56675e-6 -1.07028e-5 1 -6.95181e-6 0.1953895 0.9807257 -4.54485e-6 0.04087877 0.8972832 -0.4395589 1.89245e-6 0.8606181 -0.509251 2.00521e-5 0.9017583 -0.4322406 0.1503513 0.8809545 -0.44868 1.45361e-4 -0.994161 0.107908 7.45217e-5 -1 -1.11915e-4 0.1709295 -0.9852833 4.57466e-6 -1.1123e-4 -0.9753767 0.2205458 1.38987e-4 -0.6502288 0.7597386 -3.28012e-4 -0.5487701 0.8359734 0.07080096 -0.7899374 0.6090863 -4.75407e-4 -0.7659867 0.6428564 0.3150485 0.9201886 -0.2323737 0.5143072 0.8576061 -4.75794e-5 0.3601698 0.9328868 -1.63168e-5 9.70066e-6 0.9595974 -0.2813768 5.00679e-6 0.9204316 -0.3909038 0.2681328 0.8729426 -0.4075244 0.3075184 -0.7529516 0.5818045 0.3368236 -0.9415678 1.0781e-4 0.4927803 -0.8701539 1.60933e-5 0.2482165 -0.8557859 0.4538934 0.1716624 -0.9299116 0.3252638 -3.23839e-4 -0.9261544 0.3771445 0.1696649 -0.9025429 0.3957654 0.2331306 -0.7702317 0.5936272 -5.92619e-5 -0.4916138 0.8708135 4.884e-4 -0.6298694 0.7767009 3.90723e-4 -0.7030561 0.7111343 0.1668148 -0.8708508 0.4623761 1.49056e-4 -0.781758 0.6235821 -1.6129e-4 -0.859232 0.5115864 0.1529859 -0.4277642 0.8908497 1.1985e-4 -0.4516428 0.8921989 0.1633396 -0.8020203 0.5745291 0.5289827 0.8173809 -0.2281797 0.6533346 0.7570693 2.98619e-5 0.5969973 0.7740488 -0.210815 0.7731117 0.6342701 -5.40391e-5 0.5633258 -0.7731351 0.2914212 0.6342812 -0.7731025 6.17802e-5 0.4192288 -0.4892058 0.7648038 0.4793127 -0.4690753 0.7417734 0.3522815 -0.5737082 0.73943 0.4045674 -0.5665911 0.7178438 0.542892 -0.723175 0.4269499 0.4027011 -0.7752633 0.4866198 0.3019415 -0.5769923 0.7588883 0.2771525 -0.7988651 0.5338549 0.8444215 -0.3726667 0.3848012 0.8576076 -0.5143047 8.18968e-5 0.9329 -0.3601356 5.74738e-5 0.9807206 -0.1954153 2.78056e-5 0.8192496 -0.4111588 0.3997232 0.771203 -0.4750458 0.4237659 0.757075 -0.653328 3.25739e-5 0.718277 -0.534348 0.4455899 0.6609202 -0.588651 0.4654833 0.5420465 -0.3956144 0.7414006 0.7138565 -0.526884 0.4613051 0.8828673 -0.4227188 0.2045829 0.7952649 -0.5377134 0.2800324 0.6076282 -0.3708984 0.7022979 0.656294 -0.565311 0.4997016 0.677399 -0.642937 0.357439 0.9141008 -0.08327001 0.3968449 0.9951696 -0.09817099 6.17504e-5 1 1.57496e-5 3.01301e-5 0.8763622 -0.1535844 0.45651 0.9548608 -0.1442368 0.2596858 0.9985473 -0.05366796 -0.004802763 0.9864813 -0.1561425 0.04974156 0.9065495 -0.2393233 0.347696 0.9025105 -0.245682 0.3537163 0.943136 -0.3045449 0.1332176 0.8658934 -0.2965697 0.4028337 0.8284981 -0.3393127 0.4454861 0.9151644 0.4025409 -0.02085751 0.985286 0.1709137 4.00543e-5 0.9415692 0.3368197 -1.25878e-5 0.8701506 0.4927859 4.8615e-5 0.9882804 0.1441393 -0.05025821 0.9823563 0.1363877 0.1279633 0.9947063 0.07295578 -0.07236653 0.9960902 0.05952543 -0.0652768 0.9478356 0.2666507 -0.1746575 0.6269525 0.7243005 -0.2869133 0.6873295 0.6480015 -0.3281345 0.8716705 0.4349816 -0.225791 0.8060384 0.5101667 -0.3000537 0.8744085 0.41472 -0.2518281 0.7191604 0.6030865 -0.3451016 0.9063784 0.3808186 -0.1829087 0.8685901 -0.1773777 0.4626972 0.2916424 0.8184937 -0.4949877 0.245524 0.8595958 -0.4481216 0.8918794 0.4309713 -0.1371679 0.5795793 0.6973515 -0.4216502 0.6132636 0.6897684 -0.3848732 0.492721 0.7639431 -0.4166736 0.36776 0.8203622 -0.4379025 0.970201 0.1682607 0.1743513 -0.1736435 0 -0.9848086 -1.00508e-5 -4.18238e-6 -1 -1.00359e-5 4.16264e-6 -1 -0.1736471 0 -0.984808 -0.3420202 0 -0.9396926 -0.34202 0 -0.9396927 -0.5 0 -0.8660254 -0.5 0 -0.8660256 -0.642789 0 -0.7660434 -0.6427889 0 -0.7660434 -0.766044 0 -0.6427881 -0.7660441 0 -0.642788 -0.8660238 0 -0.5000028 -0.8660257 0 -0.4999994 -0.9396921 0 -0.3420217 -0.9396935 0 -0.342018 -0.9848079 0 -0.1736478 -0.9848079 0 -0.1736479 -1 0 -1.95209e-6 -1 0 1.94733e-6 -0.9848079 0 0.1736478 -0.9848079 0 0.1736479 -0.9396935 0 0.342018 -0.9396922 0 0.3420216 -0.8660258 0 0.4999994 -0.8660238 0 0.5000029 -0.7660455 0 0.6427866 -0.7660428 0 0.6427896 -0.6427904 0 0.7660421 -0.6427874 0 0.7660447 -0.5000016 0 0.8660245 -0.4999982 0 0.8660265 -0.3420184 0 0.9396933 -0.173653 0 0.9848069 -0.1736494 0 0.9848076 -2.18376e-5 -4.16264e-6 1 -2.18302e-5 4.18238e-6 1 -0.1709084 0.985287 -3.39672e-5 -5.97835e-5 0.9870769 -0.1602479 -6.39248e-6 1 -1.77249e-5 -0.0281707 0.898734 -0.4375884 -7.81659e-6 0.9017621 -0.4322327 -3.47048e-5 0.8606269 -0.509236 -0.1041433 0.8888303 -0.4462454 -0.1868969 0.8736178 -0.4492899 -1.27114e-4 -0.9941618 0.1079005 -0.09815818 -0.9951708 1.48669e-4 -3.94359e-5 -1 -1.24939e-4 1.22122e-4 -0.9753779 0.2205407 -0.02312427 -0.7765755 0.6295998 -0.09366047 -0.7943857 0.6001492 3.28088e-4 -0.5487774 0.8359686 -1.50681e-4 -0.6502303 0.7597371 4.7362e-4 -0.7659922 0.6428498 -0.3042465 0.9236263 -0.2331277 -1.25915e-5 0.9595974 -0.2813766 -4.25428e-5 0.9204307 -0.390906 -0.3368331 0.9415645 1.11759e-5 -0.4927968 0.8701444 -4.55156e-5 -0.2585091 0.8753768 -0.4085201 -0.2598277 -0.8530166 0.4526062 -0.3181152 -0.749975 0.5799486 -0.3601782 -0.9328835 1.18047e-4 -0.1839818 -0.9278538 0.3244041 -0.1954231 -0.980719 -1.05947e-5 2.90059e-4 -0.9261538 0.3771463 -0.1817963 -0.9006388 0.3947151 -0.2440248 -0.768102 0.5920061 -4.61563e-4 -0.6298803 0.7766922 5.76228e-5 -0.4916131 0.8708137 -3.90321e-4 -0.7030524 0.7111381 -0.1787336 -0.8691229 0.4611723 -1.70149e-4 -0.7817583 0.6235815 1.46464e-4 -0.8592336 0.5115836 -0.1543262 -0.427958 0.8905254 -0.1846428 -0.8028243 0.5669042 -9.10834e-5 -0.4516398 0.8922004 -0.5823978 0.7839787 -0.2149195 -0.6342909 0.7730945 5.18784e-5 -0.7570879 0.6533131 -3.12924e-6 -0.857605 0.5143089 -6.22123e-7 -0.5281441 0.7253602 -0.4414936 -0.5126461 0.7531659 -0.4122321 -0.3974775 0.8085613 -0.4338669 -0.2865259 0.8479973 -0.4458739 -0.5783239 -0.7625564 0.2899125 -0.6533393 -0.7570654 7.59214e-5 -0.5142802 -0.8576223 3.41982e-5 -0.4289532 -0.4862891 0.7612636 -0.366972 -0.5720738 0.7335278 -0.4183849 -0.7708506 0.4803578 -0.5501666 -0.7196669 0.423552 -0.3082152 -0.5767587 0.7565401 -0.2918128 -0.7972239 0.5284691 -0.75818 0.6130173 -0.2222004 -0.8186128 0.5498718 -0.1658735 -0.8498686 0.5105766 -0.1305181 -0.9328957 0.3601468 3.29316e-6 -0.9807229 0.1954037 1.50055e-5 -0.792333 0.531456 -0.2996048 -0.8636931 0.4315283 -0.2604182 -0.756914 0.5656875 -0.3272291 -0.6359877 0.6731089 -0.3774176 -0.8294084 -0.3960798 0.3939575 -0.9852797 -0.1709505 5.9098e-5 -0.9415709 -0.3368147 4.38243e-5 -0.8701397 -0.4928053 6.73234e-5 -0.8680732 0.4404742 -0.228979 -0.9515447 0.2566525 -0.1693881 -0.7825286 -0.4609498 0.4185385 -0.489201 -0.4653099 0.7376783 -0.7730967 -0.6342882 3.53903e-5 -0.7306866 -0.5213247 0.4408147 -0.6742913 -0.5767975 0.4611247 -0.6124573 -0.3688148 0.6991935 -0.5283554 -0.3999561 0.7489164 -0.6711683 -0.5560787 0.4902139 -0.6904166 -0.6332186 0.3497986 -0.8207557 -0.5085776 0.2602093 -0.9686301 0.05044507 0.2433333 -0.9951702 0.09816455 7.15852e-5 -1 2.50759e-6 3.59118e-5 -0.948765 0.02630794 0.3148857 -0.9656144 -0.04760682 0.2555826 -0.904075 -0.2432508 0.3513936 -0.9960917 0.05952262 -0.06525707 -0.9858959 -0.1592657 0.05141854 -0.922815 -0.3503314 0.160251 -0.829351 -0.3384102 0.4445848 -0.9730205 0.227939 0.03570681 -0.9791311 0.2029426 -0.01080274 -0.8080491 0.5278885 -0.2615159 -0.9956248 0.0131722 -0.09250903 -0.9949462 0.1004043 -0.001047253 -0.9783288 0.2070544 -0.001167476 -0.9999974 0.002028584 0.001131415 -0.9515672 0.2565782 -0.169374 -0.9960877 0.05954343 -0.06529855 -0.9852703 0.05698841 -0.1612293 0.00101602 0.9919054 -0.1269757 -0.1773352 0.9841499 0.001118361 -3.59871e-4 0.9999997 -7.98712e-4 -2.48271e-5 0.9017894 -0.4321758 -0.02815419 0.8987351 -0.4375874 5.67257e-4 0.960259 -0.27911 -0.8981394 0.4176913 -0.137404 -0.9356437 0.3529451 -8.49761e-4 -0.8680068 0.4965514 -9.55068e-4 -0.9857059 0.02217203 -0.1670101 -0.846017 0.513737 -0.1425818 -0.7720729 0.6355337 -7.97384e-4 -0.6778671 0.7351845 -2.7395e-4 -0.8435245 0.4904811 -0.2188488 -0.7694509 0.5987826 -0.2222721 -0.6758889 0.7047567 -0.2156208 -0.5719667 0.8202768 3.06085e-4 -0.4533544 0.8913301 7.32869e-4 -0.3907852 0.9090179 -0.144822 -0.3428491 0.9393898 0.001130759 -0.8832991 0.3709798 -0.2866301 -0.8636134 0.4316648 -0.2604559 -0.7570297 0.5655727 -0.32716 -0.9715295 0.05213171 -0.231112 -0.8408314 0.4256146 -0.3344472 -0.289414 0.939723 -0.1821003 -0.5295609 0.8074405 -0.2600102 -0.4447444 0.8729315 -0.2004821 -0.599978 0.7404545 -0.3029087 -0.6359806 0.6731297 -0.3773927 -0.5126717 0.7531752 -0.412183 -0.2124081 0.9081834 -0.3606742 -0.3974831 0.8085972 -0.4337948 -0.286545 0.8480159 -0.4458261 -0.1869348 0.8736303 -0.4492501 -0.1041528 0.8888408 -0.4462224 -0.8792603 0.3846954 -0.2809112 -0.9724059 0.03361845 -0.2308607 -0.715176 0.6181005 -0.3263053 -0.7456785 0.5678883 -0.3485206 1 -2.50116e-5 -6.24329e-6 1 -1.9528e-5 -1.45868e-6 0.9951698 -0.0981695 -2.23685e-5 0.9848073 -0.1736508 -1.11572e-5 0.9807208 -0.1954148 5.38144e-7 0.9396935 -0.3420178 -9.69972e-6 0.9328942 -0.3601509 -1.60793e-6 0.8660342 -0.4999848 -2.39003e-5 0.8575861 -0.5143405 4.64716e-5 0.7660586 -0.6427707 -2.60328e-5 0.7570822 -0.6533198 6.80448e-6 0.6427974 -0.7660363 -7.65105e-6 0.6342934 -0.7730925 -1.68795e-5 0.4999966 -0.8660274 8.26456e-6 0.4927981 -0.8701437 -2.39385e-6 0.3420183 -0.9396933 1.10506e-5 0.3368418 -0.9415613 -1.55783e-5 0.1736529 -0.984807 -7.40794e-5 0.1707869 -0.9853081 4.54905e-5 6.58361e-6 -1 -7.60238e-6 -8.53092e-6 -1 1.11668e-5 -0.09816807 -0.9951699 -1.81701e-5 -0.1736485 -0.9848078 -1.17067e-5 -0.1954092 -0.9807218 1.45238e-6 -0.34202 -0.9396927 -6.26128e-6 -0.3601551 -0.9328926 -3.27686e-6 -0.5000064 -0.8660217 1.1778e-5 -0.5143102 -0.8576043 5.06151e-6 -0.6427763 -0.766054 -2.39154e-5 -0.6533252 -0.7570774 6.30529e-6 -0.7660381 -0.6427953 -1.59806e-5 -0.7731161 -0.6342648 8.77469e-6 -0.8660434 -0.4999689 5.42416e-5 -0.8701474 -0.4927917 -3.60224e-6 -0.9396927 -0.34202 6.53137e-6 -0.9415878 -0.3367677 3.75827e-5 -0.9848068 -0.1736539 -6.93486e-5 -0.9852926 -0.1708761 1.69682e-5 -1 -4.65308e-5 -2.50892e-6 -1 -2.85357e-5 -3.77856e-6 0 1 2.78605e-6 0 1 -3.06301e-7 0 1 2.47655e-6 0 1 -2.47623e-6 0 1 9.18907e-7 0 1 -1.70247e-6 0 1 -9.28675e-7 0 1 -1.54764e-6 0 1 -3.09549e-7 0 1 -2.01235e-6 0 1 -4.80055e-6 0 1 -2.181e-6 0 1 1.2252e-6 0 1 -4.66448e-6 0 1 -9.28689e-7 0 1 3.08979e-6 0 1 -1.54785e-6 0 1 -1.06049e-6 0 1 -2.78605e-6 0 1 4.90033e-6 0 1 9.09312e-7 0 1 -2.45018e-6 0 1 4.95263e-6 0 1 -1.30881e-6 0 1 1.70247e-6 0 1 2.07855e-6 0 1 -8.04103e-7 0 1 1.53135e-6 0 1 1.96995e-7 0 1 1.99077e-6 0 1 4.80056e-6 0 1 1.27593e-7 0 1 2.181e-6 0 1 1.53619e-6 0 1 -1.58327e-6 0 1 4.66448e-6 0 1 -9.27288e-7 0 1 -3.08979e-6 0 1 1.06049e-6 0 0 -1 -3.64989e-6 0 -1 4.81615e-6 0 -1 -4.86651e-6 0 -1 -3.72459e-4 0 -1 -5.17906e-4 0 -0.9999999 3.41035e-4 0 -1 4.86682e-4 0 -0.9999999 9.73312e-6 0 -1 -1.85536e-5 0 -1 -4.86656e-6 0 -1 2.40811e-6 0 -1 4.79384e-4 0 -0.9999999 4.79384e-4 0 -0.9999999 4.79384e-4 0 -0.9999999 4.79384e-4 0 -0.9999999 4.79384e-4 0 -0.9999999 4.79384e-4 0 -0.9999999 -2.03785e-5 0 -1 -4.86653e-6 0 -1 6.08313e-6 0 -1 4.8161e-6 0 -1 3.85293e-5 0 -1 -2.1899e-5 0 -1 3.6121e-6 0 -1 -3.89325e-5 0 -1 -1.92647e-5 0 -1 -3.49173e-5 0 -1 3.89323e-5 0 -1 4.81618e-6 0 -1 3.89325e-5 0 -1 -7.22422e-6 0 -1 1.83619e-5 0 -1 -4.79384e-4 0 -0.9999999 -4.79384e-4 0 -0.9999999 -4.79384e-4 0 -0.9999999 2.0168e-5 0 -1 -3.89317e-5 0 -1 3.25091e-5 0 -1 2.1899e-5 0 -1 -3.85293e-5 0 -1 1.92646e-5 0 -1 0.1698119 0 0.9854766 3.43248e-5 -4.08839e-6 1 3.43323e-5 4.0691e-6 1 0.1698102 0 0.9854768 0.3346838 0 0.9423306 0.3346823 0 0.9423311 0.4898335 0 0.8718161 0.489832 0 0.8718169 0.6307618 0 0.7759765 0.6307606 0 0.7759776 0.7533687 0 0.6575983 0.7533678 0 0.6575995 0.854092 0 0.5201219 0.8540912 0 0.5201233 0.9300075 0 0.3675404 0.9300076 0 0.3675404 0.9789124 0 0.2042807 0.9993832 -4.0691e-6 0.0351209 0.9993831 4.08839e-6 0.03512084 -0.984808 -0.1736466 0 -1 -1.87233e-5 -4.18238e-6 -1 -1.82912e-5 4.16264e-6 -0.9848075 -0.1736496 0 -0.9396933 -0.3420184 0 -0.939692 -0.342022 0 -0.8660258 -0.4999996 0 -0.8660255 -0.5 0 -0.7660447 -0.6427874 0 -0.7660444 -0.6427877 0 -0.6427884 -0.7660438 0 -0.6427863 -0.7660455 0 -0.4999997 -0.8660257 0 -0.4999999 -0.8660255 0 -0.3420219 -0.9396921 0 -0.3420188 -0.9396932 0 -0.1736481 -0.9848078 0 -0.1736482 -0.9848078 0 0 -1 0 0.1736466 -0.984808 0 0.1736497 -0.9848075 0 0.3420203 -0.9396926 0 0.3420201 -0.9396927 0 0.4999998 -0.8660256 0 0.5 -0.8660255 0 0.6427876 -0.7660444 0 0.6427873 -0.7660447 0 0.7660436 -0.6427888 0 0.7660458 -0.6427861 0 0.8660256 -0.4999998 0 0.8660255 -0.4999999 0 0.9396927 -0.3420199 0 0.9396928 -0.3420197 0 0.9848078 -0.1736481 0 0.9848079 -0.1736479 0 1 -1.82912e-5 4.18238e-6 1 -1.87233e-5 -4.16264e-6 0 -1 -2.45032e-7 0 -1 0 0 -1 2.45032e-7 0 -1 -1.55187e-7 0 -1 -1.22517e-7 0 -1 -2.45033e-7 0 -1 0 0 -1 0 0 -1 -3.09885e-7 0 -1 1.25441e-7 0 -1 -2.45033e-7 0 -1 -6.18833e-7 0 -1 1.25588e-7 0 -1 1.22517e-7 0 -1 -2.45033e-7 0 -1 -2.5172e-7 0 -1 3.10372e-7 0 -1 -3.10375e-7 0 -1 4.61144e-7 0 -1 -2.5221e-7 0 -1 4.60657e-7 0 -1 -5.04868e-7 0 -1 -5.14952e-7 0 -1 1.60886e-7 0 -1 3.33889e-7 0 -1 1.83774e-7 0 -1 -1.60886e-7 0 -1 3.09881e-7 0 -1 -3.33889e-7 0 -1 -4.60657e-7 0 -1 5.14952e-7 0 -1 6.18836e-7 0 -1 -1.2544e-7 0 -1 5.04868e-7 0 -1 -4.61144e-7 0 -1 -1.25588e-7 0 -1 2.5172e-7 0 -1 -3.08155e-7 0 0 1 -7.22427e-6 0 1 -1.21663e-5 0 1 -4.842e-4 0 0.9999999 -4.842e-4 0 0.9999999 -4.84199e-4 0 0.9999999 -1.92647e-5 0 1 9.73288e-6 0 1 -2.43324e-6 0 1 1.70327e-5 0 1 1.03415e-5 0 1 1.17925e-6 0 1 -1.02345e-5 0 1 -1.30924e-5 0 1 -9.63232e-6 0 1 4.79384e-4 0 0.9999999 4.79384e-4 0 0.9999999 4.79384e-4 0 0.9999999 -5.3969e-6 0 1 -9.7329e-6 0 1 1.66743e-5 0 1 3.18556e-4 0 1 3.1856e-4 0 1 3.18556e-4 0 1 7.22427e-6 0 1 -3.89321e-5 0 1 -3.33071e-5 0 1 -1.20405e-5 0 1 1.94659e-5 0 1 -1.76438e-5 0 1 3.26591e-5 0 1 -2.4081e-6 0 1 1.20831e-5 0 1 -2.43324e-6 0 1 -3.10769e-4 0 1 -3.10768e-4 0 1 -3.10769e-4 0 1 0.001102566 0 0.9999994 0.001102566 0 0.9999994 0.001102566 0 0.9999994 -4.86646e-6 0 1 4.81612e-6 0 1 4.4601e-4 0 1 4.46008e-4 0 1 4.46008e-4 0 1 -4.29784e-4 0 1 -4.29781e-4 0 1 -4.29786e-4 0 1 -2.40556e-5 0 1 2.53949e-6 0 1 4.79384e-4 0 0.9999999 4.79384e-4 0 0.9999999 4.79384e-4 0 0.9999999 -8.16481e-6 0 1 -1.30924e-5 0 1 -1.24901e-5 0 1 5.39694e-6 0 1 1.11162e-5 0 1 3.40226e-5 0 1 2.02954e-5 1 4.09068e-6 2.04667e-5 1 -4.07138e-6 0.169875 0.9854657 0 0.1698706 0.9854664 0 0.3348113 0.9422852 0 0.3348069 0.9422868 0 0.490013 0.8717151 0 0.4900089 0.8717175 0 0.6309709 0.7758065 0 0.6309678 0.775809 0 0.7535901 0.6573447 0 0.7535875 0.6573476 0 0.8543019 0.5197772 0 0.8542998 0.5197807 0 0.9301817 0.3670995 0 0.9301803 0.3671032 0 0.9790228 0.2037509 0 0.9790219 0.2037551 0 0.9994046 0.03450214 -4.09068e-6 0.9994046 0.03450214 4.07138e-6 -1.82534e-6 0 -1 -1.827e-6 0 -1 1.13842e-6 0 -1 9.11792e-7 0 -1 1.13714e-6 0 -1 -1.82174e-6 0 -1 8.51945e-7 0 -1 9.09907e-7 0 -1 1.36335e-6 0 -1 1.18473e-6 0 -1 1.55599e-6 0 -1 -4.584e-6 0 -1 5.92366e-7 0 -1 -4.44568e-7 0 -1 1.1348e-6 0 -1 -8.89137e-7 0 -1 1.77828e-6 0 -1 -2.292e-6 0 -1 1.827e-6 0 -1 2.27427e-6 0 -1 -2.27683e-6 0 -1 -9.12669e-7 0 -1 -2.292e-6 0 -1 -1.82174e-6 0 -1 1.146e-6 0 -1 -3.55655e-6 0 -1 -1.4304e-6 0 -1 -1.33371e-6 0 -1 -3.55655e-6 0 -1 5.73e-7 0 -1 1.4325e-6 0 -1 -1.77828e-6 0 -1 1.33371e-6 0 -1 1.146e-6 0 -1 0 0 -1 0.9848075 -0.1736502 0 1 -1.86265e-5 0 1 -1.90809e-5 0 0.9848083 -0.1736458 0 0.9396918 -0.3420225 0 0.9396934 -0.3420183 0 0.8660253 -0.5000003 0 0.8660255 -0.5 0 0.7660446 -0.6427874 0 0.7660447 -0.6427875 0 0.642786 -0.7660458 0 0.6427896 -0.7660428 0 0.4999978 -0.8660267 0 0.500002 -0.8660243 0 0.3420177 -0.9396935 0 0.342022 -0.939692 0 0.1736459 -0.9848082 0 0.1736502 -0.9848075 0 -2.22359e-6 -1 0 2.22359e-6 -1 0 -0.1736503 -0.9848074 0 -0.1736458 -0.9848083 0 -0.3420221 -0.9396919 0 -0.3420178 -0.9396935 0 -0.4999999 -0.8660255 0 -0.5000002 -0.8660253 0 -0.6427878 -0.7660444 0 -0.6427876 -0.7660444 0 -0.766046 -0.6427858 0 -0.7660428 -0.6427896 0 -0.8660266 -0.4999979 0 -0.8660243 -0.5000022 0 -0.9396935 -0.3420179 0 -0.939692 -0.3420221 0 -0.9848082 -0.1736462 0 -0.9848073 -0.1736509 0 -1 -1.93194e-5 0 -1 -1.99601e-5 0 1.08959e-5 0 -1 -1.08958e-5 0 -1 -1.83456e-6 0 -1 4.79384e-4 0 -0.9999999 4.79384e-4 0 -0.9999999 4.79384e-4 0 -0.9999999 3.66913e-6 0 -1 -1.08959e-5 0 -1 -1.08959e-5 0 -1 7.33823e-6 0 -1 -4.56341e-6 0 -1 5.44799e-6 0 -1 2.17917e-5 0 -1 -5.44796e-6 0 -1 1.83456e-6 0 -1 -9.31433e-7 0 -1 -2.17918e-5 0 -1 -0.1736483 0 0.9848077 -2.05263e-5 0 1 -6.84634e-5 0 1 -0.1736442 0 0.9848085 -0.3420144 0 0.9396948 -0.3420147 0 0.9396947 -0.4999998 0 0.8660255 -0.6427919 0 0.7660408 -0.6427887 0 0.7660436 -0.7660433 0 0.6427891 -0.7660435 0 0.6427889 -0.8660253 0 0.5000002 -0.8660252 0 0.5000004 -0.9396939 0 0.3420166 -0.9396924 0 0.3420208 -0.9848076 0 0.173649 -1 0 0 -0.9848073 0 -0.1736512 -0.984808 0 -0.1736468 -0.9396932 0 -0.3420187 -0.8660253 0 -0.5000002 -0.8660252 0 -0.5000004 -0.7660421 0 -0.6427906 -0.7660447 0 -0.6427873 -0.6427904 0 -0.7660421 -0.6427902 0 -0.7660424 -0.4999998 0 -0.8660255 -0.4999998 0 -0.8660255 -0.3420193 0 -0.939693 -0.3420234 0 -0.9396914 -0.1736437 0 -0.9848086 -0.1736484 0 -0.9848077 -5.1856e-6 0 -1 -5.7295e-6 0 -1 0 -1 -3.40504e-7 0 -1 4.58668e-7 0 -1 -2.3285e-7 0 -1 0 0 -1 0 0 -1 2.85218e-7 0 -1 -3.40504e-7 0 -1 0 0 -1 -3.40478e-7 0 -1 0 0 -1 0 0 -1 0 0 -1 0 0 -1 -1.70253e-7 0 -1 0 0 -1 0</float_array>
          <technique_common>
            <accessor source="#link_5-mesh-normals-array" count="1435" stride="3">
              <param name="X" type="float"/>
              <param name="Y" type="float"/>
              <param name="Z" type="float"/>
            </accessor>
          </technique_common>
        </source>
        <vertices id="link_5-mesh-vertices">
          <input semantic="POSITION" source="#link_5-mesh-positions"/>
        </vertices>
        <triangles material="mat_0-material" count="1730">
          <input semantic="VERTEX" source="#link_5-mesh-vertices" offset="0"/>
          <input semantic="NORMAL" source="#link_5-mesh-normals" offset="1"/>
          <p>3 0 20 1 2 2 3 0 21 3 20 1 4 4 22 5 21 3 4 4 23 6 22 5 4 4 21 3 3 0 5 6 23 6 4 4 6 7 24 8 23 6 6 7 23 6 5 6 7 9 25 10 24 8 7 9 26 11 25 10 7 9 24 8 6 7 8 12 26 11 7 9 9 13 27 14 26 11 9 13 26 11 8 12 10 15 28 16 27 14 10 15 27 14 9 13 11 17 29 18 28 16 11 17 28 16 10 15 12 19 30 20 29 18 12 19 29 18 11 17 13 21 31 22 30 20 13 21 32 23 31 22 13 21 30 20 12 19 14 24 32 23 13 21 15 25 33 26 32 23 15 25 32 23 14 24 16 27 34 28 33 26 16 27 35 29 34 28 16 27 33 26 15 25 17 29 35 29 16 27 18 30 35 29 17 29 18 30 36 31 35 29 19 32 36 31 18 30 19 32 37 33 36 31 19 32 0 34 37 33 1 35 0 34 19 32 40 36 59 37 58 38 41 39 60 40 59 37 41 39 59 37 40 36 42 41 61 42 60 40 42 41 60 40 41 39 43 43 61 42 42 41 44 44 62 45 61 42 44 44 61 42 43 43 45 46 63 47 62 45 45 46 62 45 44 44 46 48 64 49 63 47 46 48 63 47 45 46 47 50 65 51 64 49 47 50 64 49 46 48 48 52 66 53 65 51 48 52 65 51 47 50 49 54 67 54 66 53 49 54 68 55 67 54 49 54 66 53 48 52 50 56 68 55 49 54 51 57 69 58 68 55 51 57 68 55 50 56 52 59 70 60 69 58 52 59 69 58 51 57 53 61 71 62 70 60 53 61 70 60 52 59 54 63 72 64 71 62 54 63 73 65 72 64 54 63 71 62 53 61 55 66 73 65 54 63 56 67 73 65 55 66 56 67 74 68 73 65 57 69 74 68 56 67 57 69 75 70 74 68 39 71 75 70 57 69 39 71 38 72 75 70 143 108 144 109 153 110 142 111 153 110 152 112 142 111 143 108 153 110 141 113 152 112 151 114 141 113 142 111 152 112 140 115 151 114 150 116 140 115 141 113 151 114 139 117 150 116 149 118 139 117 140 115 150 116 138 119 149 118 148 120 138 119 139 117 149 118 137 121 148 120 147 122 137 121 138 119 148 120 136 123 147 122 146 124 136 123 137 121 147 122 135 125 146 124 145 126 135 125 136 123 146 124 134 127 124 128 123 129 134 127 145 126 124 128 134 127 135 125 145 126 133 130 123 129 122 131 133 130 134 127 123 129 132 132 122 131 121 133 132 132 133 130 122 131 131 134 121 133 120 135 131 134 132 132 121 133 130 136 120 135 119 137 130 136 131 134 120 135 129 138 130 136 119 137 129 138 119 137 118 139 128 140 129 138 118 139 128 140 118 139 117 141 127 142 117 141 116 143 127 142 128 140 117 141 126 144 116 143 115 145 126 144 127 142 116 143 125 146 115 145 114 147 125 146 126 144 115 145 166 148 154 149 155 150 166 148 165 151 154 149 167 152 155 150 156 153 167 152 166 148 155 150 168 154 156 153 157 155 168 154 167 152 156 153 169 156 157 155 158 157 169 156 168 154 157 155 170 158 158 157 159 159 170 158 169 156 158 157 171 160 159 159 160 161 171 160 170 158 159 159 172 162 160 161 161 163 172 162 161 163 162 164 172 162 171 160 160 161 173 165 162 164 163 166 173 165 172 162 162 164 164 167 173 165 163 166 195 168 175 169 174 170 195 168 174 170 176 171 196 172 176 171 177 173 196 172 195 168 176 171 197 174 177 173 178 175 197 174 196 172 177 173 198 176 178 175 179 177 198 176 197 174 178 175 199 178 179 177 180 179 199 178 180 179 181 180 199 178 198 176 179 177 200 181 199 178 181 180 201 182 181 180 182 183 201 182 200 181 181 180 202 184 182 183 183 185 202 184 183 185 184 186 202 184 201 182 182 183 203 187 202 184 184 186 204 188 184 186 185 189 204 188 203 187 184 186 205 190 185 189 186 191 205 190 204 188 185 189 206 192 186 191 187 193 206 192 205 190 186 191 207 194 187 193 188 195 207 194 188 195 189 196 207 194 206 192 187 193 208 197 207 194 189 196 209 198 208 197 189 196 209 198 189 196 190 199 210 200 209 198 190 199 210 200 190 199 191 201 211 202 210 200 191 201 211 202 191 201 192 203 194 204 211 202 192 203 194 204 192 203 193 205 269 242 259 243 258 244 268 245 258 244 257 246 268 245 269 242 258 244 267 247 257 246 256 248 267 247 268 245 257 246 266 249 256 248 255 250 266 249 267 247 256 248 265 251 255 250 254 252 265 251 266 249 255 250 264 253 254 252 253 254 264 253 265 251 254 252 263 255 253 254 252 256 263 255 264 253 253 254 262 257 252 256 251 258 262 257 263 255 252 256 261 259 262 257 251 258 260 260 251 258 250 261 260 260 261 259 251 258 307 262 271 263 270 264 307 262 270 264 289 265 306 266 289 265 288 267 306 266 307 262 289 265 305 268 288 267 287 269 305 268 306 266 288 267 304 270 287 269 286 271 304 270 305 268 287 269 303 272 286 271 285 273 303 272 304 270 286 271 302 274 285 273 284 275 302 274 303 272 285 273 301 276 284 275 283 277 301 276 302 274 284 275 300 278 283 277 282 279 300 278 301 276 283 277 299 280 282 279 281 281 299 280 300 278 282 279 298 282 281 281 280 283 298 282 299 280 281 281 297 284 280 283 279 285 297 284 298 282 280 283 296 286 279 285 278 287 296 286 297 284 279 285 295 288 278 287 277 289 295 288 296 286 278 287 294 290 277 289 276 291 294 290 295 288 277 289 293 292 294 290 276 291 293 292 276 291 275 293 292 294 293 292 275 293 292 294 275 293 274 295 291 296 273 297 272 298 291 296 274 295 273 297 291 296 292 294 274 295 290 299 291 296 272 298 326 300 327 301 328 302 325 303 328 302 329 304 325 303 326 300 328 302 324 305 329 304 330 306 324 305 325 303 329 304 323 307 330 306 331 308 323 307 324 305 330 306 322 309 331 308 332 310 322 309 323 307 331 308 321 311 332 310 333 312 321 311 322 309 332 310 320 313 333 312 334 314 320 313 321 311 333 312 319 315 334 314 335 316 319 315 320 313 334 314 318 317 335 316 336 318 318 317 319 315 335 316 317 319 336 318 337 320 317 319 337 320 338 321 317 319 318 317 336 318 316 322 338 321 339 323 316 322 317 319 338 321 315 324 339 323 340 325 315 324 316 322 339 323 314 326 340 325 341 327 314 326 315 324 340 325 313 328 341 327 342 329 313 328 314 326 341 327 312 330 313 328 342 329 312 330 342 329 343 331 311 332 312 330 343 331 311 332 343 331 344 333 310 334 311 332 344 333 310 334 344 333 345 335 309 336 310 334 345 335 309 336 345 335 346 337 308 338 309 336 346 337 308 338 346 337 347 339 375 340 371 341 372 342 375 340 372 342 373 343 375 340 373 343 374 344 393 345 358 346 359 347 393 345 359 347 360 348 394 349 358 346 393 345 394 349 360 348 361 350 394 349 393 345 360 348 395 351 361 350 362 352 395 351 394 349 361 350 396 353 362 352 363 354 396 353 363 354 364 355 397 356 357 357 358 346 397 356 358 346 394 349 398 358 362 352 396 353 398 358 395 351 362 352 398 358 396 353 364 355 399 359 397 356 394 349 399 359 356 360 357 357 399 359 357 357 397 356 399 359 395 351 398 358 399 359 394 349 395 351 400 361 366 362 367 363 401 364 366 362 400 361 401 364 365 365 366 362 401 364 367 363 368 366 401 364 400 361 367 363 402 367 356 360 399 359 402 367 399 359 398 358 403 368 398 358 364 355 403 368 364 355 365 365 403 368 365 365 401 364 404 369 368 366 369 370 404 369 369 370 370 371 405 372 368 366 404 369 405 372 401 364 368 366 405 372 403 368 401 364 406 373 398 358 403 368 406 373 402 367 398 358 407 374 370 371 371 341 407 374 375 340 376 375 407 374 371 341 375 340 407 374 404 369 370 371 408 376 406 373 403 368 408 376 403 368 405 372 409 377 355 378 356 360 410 379 376 375 377 380 410 379 407 374 376 375 410 379 404 369 407 374 411 381 406 373 408 376 412 382 355 378 409 377 412 382 409 377 356 360 413 383 404 369 410 379 413 383 405 372 404 369 414 384 405 372 413 383 414 384 408 376 405 372 415 385 354 386 355 378 415 385 355 378 412 382 415 385 412 382 356 360 415 385 356 360 402 367 416 387 411 381 408 376 416 387 408 376 414 384 417 388 402 367 406 373 417 388 415 385 402 367 418 389 353 390 354 386 419 391 353 390 418 389 419 391 418 389 354 386 420 392 410 379 377 380 420 392 377 380 378 393 420 392 413 383 410 379 420 392 414 384 413 383 421 394 352 395 353 390 421 394 354 386 415 385 421 394 353 390 419 391 421 394 419 391 354 386 422 396 378 393 379 397 422 396 414 384 420 392 422 396 420 392 378 393 423 398 352 395 421 394 423 398 421 394 415 385 423 398 415 385 417 388 424 399 379 397 380 400 424 399 422 396 379 397 424 399 416 387 414 384 424 399 414 384 422 396 425 401 417 388 426 402 425 401 423 398 417 388 427 403 425 401 426 402 427 403 426 402 428 404 429 405 349 406 350 407 429 405 350 407 351 408 430 409 380 400 381 410 430 409 381 410 382 411 430 409 424 399 380 400 430 409 428 404 416 387 430 409 416 387 424 399 430 409 427 403 428 404 431 412 349 406 429 405 431 412 429 405 351 408 432 413 431 412 351 408 432 413 349 406 431 412 433 414 349 406 432 413 433 414 432 413 351 408 434 415 433 414 351 408 434 415 348 416 349 406 434 415 351 408 352 395 434 415 349 406 433 414 435 417 427 403 430 409 436 418 352 395 423 398 436 418 392 419 348 416 436 418 434 415 352 395 436 418 348 416 434 415 437 420 392 419 436 418 437 420 423 398 425 401 437 420 436 418 423 398 438 421 392 419 437 420 438 421 437 420 425 401 438 421 389 422 390 423 438 421 390 423 391 424 438 421 391 424 392 419 438 421 425 401 427 403 439 425 435 417 430 409 439 425 382 411 383 426 439 425 383 426 384 427 439 425 384 427 385 428 439 425 385 428 386 429 439 425 386 429 387 430 439 425 387 430 435 417 439 425 430 409 382 411 440 431 427 403 435 417 440 431 389 422 438 421 440 431 387 430 388 432 440 431 388 432 389 422 440 431 438 421 427 403 440 431 435 417 387 430 441 433 411 381 416 387 441 433 428 404 426 402 441 433 416 387 428 404 442 434 426 402 417 388 442 434 411 381 441 433 442 434 406 373 411 381 442 434 441 433 426 402 442 434 417 388 406 373 515 435 470 435 469 435 514 435 515 435 469 435 468 436 514 436 469 436 516 437 471 437 470 437 516 438 470 438 515 438 513 439 514 439 468 439 467 435 513 435 468 435 517 435 472 435 471 435 517 440 471 440 516 440 512 435 513 435 467 435 466 435 512 435 467 435 518 441 472 441 517 441 518 442 473 442 472 442 511 435 512 435 466 435 443 435 511 435 466 435 483 443 473 443 518 443 483 435 474 435 473 435 510 444 511 444 443 444 444 445 510 445 443 445 484 435 474 435 483 435 484 446 475 446 474 446 509 447 510 447 444 447 445 448 509 448 444 448 485 449 475 449 484 449 485 435 476 435 475 435 508 450 509 450 445 450 446 451 508 451 445 451 486 435 477 435 476 435 486 452 476 452 485 452 507 435 508 435 446 435 447 453 507 453 446 453 487 454 477 454 486 454 487 435 478 435 477 435 506 435 507 435 447 435 448 455 506 455 447 455 488 456 478 456 487 456 505 435 506 435 448 435 479 457 478 457 488 457 449 458 505 458 448 458 489 459 479 459 488 459 504 460 505 460 449 460 480 461 479 461 489 461 450 435 504 435 449 435 490 435 480 435 489 435 503 462 504 462 450 462 481 435 480 435 490 435 451 435 503 435 450 435 491 435 481 435 490 435 502 463 503 463 451 463 482 435 481 435 491 435 452 435 502 435 451 435 453 464 502 464 452 464 501 465 502 465 453 465 492 435 482 435 491 435 455 466 482 466 492 466 454 435 501 435 453 435 465 467 501 467 454 467 500 435 501 435 465 435 456 435 492 435 493 435 456 468 455 468 492 468 464 435 500 435 465 435 463 469 500 469 464 469 499 470 500 470 463 470 457 435 493 435 494 435 457 471 456 471 493 471 462 435 499 435 463 435 498 472 499 472 462 472 458 473 457 473 494 473 458 435 494 435 495 435 461 474 498 474 462 474 461 435 497 435 498 435 459 475 458 475 495 475 459 476 495 476 496 476 460 477 497 477 461 477 460 435 459 435 496 435 460 478 496 478 497 478 535 479 551 480 550 481 535 479 536 482 551 480 534 483 550 481 549 484 534 483 535 479 550 481 524 485 525 486 526 487 563 488 538 489 537 490 563 488 537 490 562 491 564 492 563 488 562 491 564 492 539 493 538 489 564 492 538 489 563 488 565 494 540 495 539 493 565 494 539 493 564 492 566 496 541 497 540 495 566 496 542 498 541 497 567 499 562 491 561 500 567 499 564 492 562 491 568 501 540 495 565 494 568 501 542 498 566 496 568 501 566 496 540 495 569 502 564 492 567 499 569 502 561 500 560 503 569 502 567 499 561 500 569 502 565 494 564 492 570 504 545 505 544 506 571 507 570 504 544 506 571 507 544 506 543 508 571 507 546 509 545 505 571 507 545 505 570 504 572 510 568 501 565 494 572 510 565 494 569 502 572 510 569 502 560 503 573 511 542 498 568 501 573 511 543 508 542 498 573 511 571 507 543 508 574 512 568 501 572 510 574 512 573 511 568 501 575 513 560 503 559 514 576 515 560 503 575 513 576 515 575 513 559 514 577 516 572 510 560 503 577 516 576 515 559 514 577 516 559 514 558 517 577 516 560 503 576 515 578 518 572 510 577 516 578 518 574 512 572 510 579 519 558 517 557 520 580 521 558 517 579 519 580 521 579 519 557 520 581 522 577 516 558 517 581 522 558 517 580 521 581 522 557 520 556 523 581 522 580 521 557 520 582 524 578 518 577 516 582 524 581 522 556 523 582 524 577 516 581 522 583 525 554 526 553 527 583 525 555 528 554 526 584 529 555 528 583 525 584 529 583 525 553 527 585 530 584 529 553 527 585 530 555 528 584 529 586 531 585 530 553 527 586 531 555 528 585 530 587 532 553 527 552 533 587 532 556 523 555 528 587 532 586 531 553 527 587 532 555 528 586 531 588 534 519 535 520 536 588 534 520 536 521 537 588 534 521 537 522 538 588 534 582 524 556 523 588 534 552 533 519 535 588 534 587 532 552 533 588 534 556 523 587 532 589 539 523 540 524 485 589 539 526 487 527 541 589 539 524 485 526 487 590 542 532 543 533 544 590 542 533 544 534 483 590 542 549 484 548 545 590 542 534 483 549 484 591 546 590 542 592 547 591 546 532 543 590 542 593 548 530 549 531 550 593 548 531 550 532 543 593 548 532 543 591 546 594 551 530 549 593 548 594 551 593 548 595 552 596 553 528 554 529 555 596 553 529 555 530 549 596 553 530 549 594 551 597 556 527 541 528 554 597 556 589 539 527 541 597 556 528 554 596 553 598 557 523 540 589 539 598 557 522 538 523 540 598 557 588 534 522 538 598 557 582 524 588 534 598 557 589 539 597 556 599 558 547 559 546 509 599 558 548 545 547 559 599 558 571 507 573 511 599 558 546 509 571 507 599 558 592 547 590 542 599 558 590 542 548 545 600 560 573 511 574 512 600 560 599 558 573 511 601 561 592 547 599 558 601 561 599 558 600 560 601 561 591 546 592 547 601 561 600 560 574 512 602 562 593 548 591 546 602 562 595 552 593 548 602 562 601 561 574 512 602 562 591 546 601 561 603 563 574 512 578 518 603 563 602 562 574 512 603 563 595 552 602 562 604 564 603 563 578 518 604 564 594 551 595 552 604 564 595 552 603 563 605 565 604 564 578 518 605 565 594 551 604 564 605 565 596 553 594 551 605 565 597 556 596 553 606 566 605 565 578 518 606 566 597 556 605 565 606 566 578 518 582 524 606 566 598 557 597 556 606 566 582 524 598 557 628 567 617 568 618 569 641 570 610 571 611 572 641 570 611 572 612 573 641 570 612 573 613 574 641 570 613 574 614 575 641 570 614 575 615 576 642 577 607 578 608 579 642 577 608 579 609 580 642 577 638 581 639 582 642 577 639 582 640 583 642 577 640 583 607 578 643 584 615 576 616 585 643 584 616 585 617 568 643 584 641 570 615 576 643 584 617 568 628 567 644 586 628 567 627 587 644 586 643 584 628 567 645 588 609 580 610 571 645 588 638 581 642 577 645 588 637 589 638 581 645 588 642 577 609 580 646 590 623 591 622 592 647 593 624 594 623 591 647 593 623 591 646 590 648 595 634 596 635 597 648 595 635 597 636 598 648 595 636 598 637 589 648 595 637 589 645 588 648 595 645 588 646 590 649 599 646 590 622 592 649 599 648 595 646 590 650 600 631 601 632 602 650 600 632 602 633 603 650 600 633 603 634 596 650 600 634 596 648 595 651 604 621 605 620 606 651 604 622 592 621 605 651 604 620 606 649 599 651 604 649 599 622 592 652 607 620 606 619 608 652 607 619 608 629 609 652 607 629 609 630 610 652 607 630 610 631 601 652 607 648 595 649 599 652 607 631 601 650 600 652 607 649 599 620 606 652 607 650 600 648 595 653 611 643 584 644 586 653 611 627 587 626 612 653 611 644 586 627 587 653 611 641 570 643 584 654 613 626 612 625 614 654 613 645 588 610 571 654 613 610 571 641 570 654 613 641 570 653 611 654 613 653 611 626 612 655 615 645 588 654 613 655 615 625 614 624 594 655 615 647 593 646 590 655 615 654 613 625 614 655 615 646 590 645 588 655 615 624 594 647 593 682 616 668 617 669 618 692 619 658 620 659 621 692 619 659 621 660 622 692 619 660 622 661 623 692 619 661 623 662 624 692 619 662 624 663 625 692 619 663 625 664 626 693 627 666 628 667 629 693 627 667 629 668 617 693 627 681 630 680 631 693 627 682 616 681 630 693 627 668 617 682 616 694 632 656 633 657 634 694 632 657 634 658 620 694 632 683 635 656 633 694 632 658 620 692 619 695 636 684 637 683 635 695 636 683 635 694 632 696 638 664 626 665 639 696 638 665 639 666 628 696 638 680 631 679 640 696 638 692 619 664 626 696 638 693 627 680 631 696 638 666 628 693 627 697 641 687 642 686 643 697 641 688 644 687 642 697 641 698 645 688 644 699 646 677 647 676 648 699 646 678 649 677 647 699 646 679 640 678 649 699 646 696 638 679 640 699 646 698 645 696 638 700 650 698 645 699 646 700 650 688 644 698 645 701 651 674 652 673 653 701 651 675 654 674 652 701 651 676 648 675 654 701 651 700 650 699 646 701 651 699 646 676 648 702 655 689 656 688 644 702 655 690 657 689 656 702 655 700 650 690 657 702 655 688 644 700 650 703 658 671 659 670 660 703 658 672 661 671 659 703 658 673 653 672 661 703 658 691 662 690 657 703 658 670 660 691 662 703 658 701 651 673 653 703 658 690 657 700 650 703 658 700 650 701 651 704 663 695 636 694 632 704 663 694 632 692 619 704 663 684 637 695 636 705 664 704 663 692 619 705 664 685 665 684 637 705 664 692 619 696 638 705 664 684 637 704 663 706 666 705 664 696 638 706 666 686 643 685 665 706 666 696 638 698 645 706 666 697 641 686 643 706 666 698 645 697 641 706 666 685 665 705 664 726 667 708 668 707 669 727 670 722 671 721 672 728 673 722 671 727 670 740 674 719 675 718 676 740 674 720 677 719 675 737 678 739 679 736 680 738 681 739 679 737 678 741 682 709 683 708 668 741 682 710 684 709 683 741 682 711 685 710 684 741 682 708 668 726 667 742 686 725 687 724 688 742 686 726 667 725 687 742 686 741 682 726 667 743 689 741 682 742 686 744 690 741 682 743 689 745 691 712 692 711 685 745 691 713 693 712 692 745 691 714 694 713 693 745 691 711 685 741 682 745 691 741 682 744 690 746 695 724 688 723 696 746 695 742 686 724 688 746 695 745 691 744 690 746 695 744 690 743 689 746 695 743 689 742 686 747 697 715 698 714 694 747 697 714 694 745 691 747 697 745 691 746 695 748 699 716 700 715 698 748 699 717 701 716 700 748 699 718 676 717 701 748 699 715 698 747 697 749 702 728 673 729 703 749 702 729 703 730 704 749 702 722 671 728 673 750 705 739 679 740 674 750 705 748 699 751 706 750 705 718 676 748 699 750 705 751 706 752 707 750 705 740 674 718 676 753 708 736 680 739 679 753 708 750 705 752 707 753 708 730 704 731 709 753 708 731 709 732 710 753 708 732 710 733 711 753 708 733 711 734 712 753 708 734 712 735 713 753 708 735 713 736 680 753 708 739 679 750 705 753 708 749 702 730 704 753 708 752 707 749 702 754 714 751 706 748 699 754 714 748 699 747 697 754 714 746 695 723 696 754 714 747 697 746 695 755 715 723 696 722 671 755 715 754 714 723 696 755 715 752 707 751 706 755 715 722 671 749 702 755 715 749 702 752 707 755 715 751 706 754 714 789 716 787 717 788 718 786 719 787 717 789 716 805 720 792 721 793 722 804 723 792 721 805 720 767 724 768 725 769 726 766 727 767 724 769 726 757 728 758 729 806 730 756 731 757 728 806 730 817 732 784 733 785 734 817 732 785 734 786 719 817 732 789 716 790 735 817 732 790 735 791 736 817 732 786 719 789 716 818 737 791 736 792 721 818 737 817 732 791 736 819 738 770 739 771 740 820 741 770 739 819 738 821 742 766 727 769 726 821 742 765 743 766 727 821 742 769 726 770 739 821 742 770 739 820 741 822 744 821 742 820 741 822 744 765 743 821 742 823 745 760 746 761 747 823 745 761 747 762 748 823 745 820 741 819 738 823 745 819 738 760 746 824 749 762 748 763 750 824 749 763 750 764 751 824 749 764 751 765 743 824 749 822 744 820 741 824 749 765 743 822 744 824 749 823 745 762 748 824 749 820 741 823 745 825 752 758 729 759 753 825 752 759 753 760 746 825 752 807 754 806 730 825 752 806 730 758 729 826 755 783 756 784 733 826 755 784 733 817 732 826 755 817 732 818 737 827 757 782 758 783 756 827 757 783 756 826 755 828 759 771 740 772 760 828 759 819 738 771 740 829 761 830 762 825 752 829 761 825 752 760 746 829 761 819 738 828 759 829 761 760 746 819 738 831 763 832 764 810 765 831 763 810 765 809 766 833 767 825 752 831 763 833 767 808 768 807 754 833 767 809 766 808 768 833 767 831 763 809 766 833 767 807 754 825 752 834 769 774 770 775 771 834 769 775 771 776 772 835 773 774 770 834 769 836 774 773 775 774 770 836 774 835 773 830 762 836 774 774 770 835 773 837 776 836 774 830 762 837 776 773 775 836 774 838 777 830 762 829 761 838 777 773 775 837 776 838 777 828 759 772 760 838 777 772 760 773 775 838 777 837 776 830 762 838 777 829 761 828 759 839 778 825 752 830 762 839 778 832 764 831 763 839 778 831 763 825 752 840 779 813 780 812 781 840 779 839 778 841 782 842 783 810 765 832 764 842 783 811 784 810 765 842 783 812 781 811 784 842 783 840 779 812 781 842 783 832 764 839 778 842 783 839 778 840 779 843 785 776 772 777 786 843 785 777 786 778 787 844 788 830 762 835 773 844 788 834 769 776 772 844 788 776 772 843 785 844 788 839 778 830 762 844 788 835 773 834 769 844 788 841 782 839 778 845 789 816 790 815 791 846 792 845 789 815 791 847 793 846 792 815 791 847 793 815 791 814 794 848 795 847 793 814 794 849 796 848 795 814 794 849 796 814 794 813 780 849 796 840 779 841 782 849 796 813 780 840 779 850 797 778 787 779 798 850 797 843 785 778 787 850 797 779 798 780 799 850 797 780 799 781 800 851 801 816 790 845 789 851 801 845 789 852 802 851 801 795 803 794 804 851 801 796 805 795 803 851 801 794 804 816 790 853 806 781 800 782 758 853 806 826 755 818 737 853 806 782 758 827 757 853 806 827 757 826 755 853 806 850 797 781 800 854 807 850 797 853 806 855 808 798 809 797 810 855 808 799 811 798 809 856 812 851 801 852 802 856 812 796 805 851 801 856 812 797 810 796 805 856 812 855 808 797 810 857 813 841 782 844 788 857 813 846 792 847 793 857 813 847 793 848 795 857 813 848 795 849 796 857 813 849 796 841 782 857 813 852 802 845 789 857 813 845 789 846 792 857 813 844 788 843 785 858 814 792 721 804 723 858 814 853 806 818 737 858 814 818 737 792 721 858 814 804 723 803 815 858 814 854 807 853 806 859 816 856 812 852 802 859 816 850 797 854 807 859 816 855 808 856 812 860 817 799 811 855 808 860 817 858 814 803 815 860 817 800 818 799 811 860 817 854 807 858 814 860 817 801 819 800 818 860 817 859 816 854 807 860 817 802 820 801 819 860 817 803 815 802 820 860 817 855 808 859 816 861 821 852 802 857 813 861 821 857 813 843 785 861 821 843 785 850 797 861 821 859 816 852 802 861 821 850 797 859 816 928 859 924 860 923 861 921 862 922 863 927 864 920 865 921 862 927 864 919 866 920 865 927 864 958 867 946 868 947 869 957 870 946 868 958 867 910 871 909 872 949 873 948 874 910 871 949 873 911 875 910 871 948 874 959 876 925 877 924 860 959 876 926 878 925 877 959 876 928 859 929 879 959 876 929 879 930 880 959 876 924 860 928 859 960 881 927 864 926 878 960 881 926 878 959 876 961 882 962 883 944 884 963 885 961 882 944 884 963 885 946 868 957 870 963 885 944 884 945 886 963 885 945 886 946 868 963 885 957 870 956 887 964 888 963 885 956 887 964 888 961 882 963 885 965 889 962 883 961 882 965 889 952 890 951 891 965 889 953 892 952 890 965 889 951 891 962 883 966 893 954 894 953 892 966 893 955 895 954 894 966 893 956 887 955 895 966 893 961 882 964 888 966 893 964 888 956 887 966 893 953 892 965 889 966 893 965 889 961 882 967 896 909 872 908 897 967 896 950 898 949 873 967 896 951 891 950 898 967 896 949 873 909 872 968 899 960 881 959 876 968 899 930 880 931 900 968 899 931 900 932 901 968 899 932 901 933 902 968 899 959 876 930 880 969 903 919 866 927 864 969 903 916 904 917 905 969 903 917 905 918 906 969 903 918 906 919 866 969 903 927 864 960 881 970 907 942 908 943 909 970 907 943 909 944 884 970 907 944 884 962 883 971 910 951 891 967 896 971 910 970 907 962 883 971 910 962 883 951 891 972 911 906 912 905 913 973 914 967 896 908 897 973 914 907 915 906 912 973 914 908 897 907 915 973 914 906 912 972 911 974 916 968 899 933 902 974 916 969 903 960 881 974 916 960 881 968 899 975 917 974 916 933 902 976 918 933 902 934 919 976 918 934 919 935 920 976 918 975 917 933 902 977 921 913 922 914 923 977 921 914 923 915 924 977 921 915 924 916 904 977 921 916 904 969 903 978 925 938 926 939 927 978 925 939 927 940 928 979 929 912 930 913 922 979 929 913 922 977 921 980 931 981 932 978 925 980 931 940 928 941 933 980 931 978 925 940 928 982 934 981 932 980 931 982 934 980 931 941 933 983 935 941 933 942 908 983 935 970 907 971 910 983 935 971 910 981 932 983 935 981 932 982 934 983 935 982 934 941 933 983 935 942 908 970 907 984 936 978 925 981 932 985 937 971 910 967 896 985 937 984 936 981 932 985 937 981 932 971 910 985 937 967 896 973 914 985 937 973 914 972 911 986 938 972 911 905 913 986 938 904 939 903 940 986 938 905 913 904 939 986 938 985 937 972 911 986 938 984 936 985 937 987 941 935 920 936 942 987 941 936 942 937 943 987 941 937 943 938 926 987 941 976 918 935 920 987 941 938 926 978 925 988 944 976 918 987 941 988 944 978 925 984 936 988 944 987 941 978 925 989 945 988 944 984 936 990 946 900 947 989 945 990 946 901 948 900 947 990 946 902 949 901 948 990 946 989 945 984 936 991 950 903 940 902 949 991 950 902 949 990 946 991 950 990 946 984 936 991 950 986 938 903 940 991 950 984 936 986 938 992 951 976 918 988 944 992 951 988 944 989 945 993 952 989 945 900 947 993 952 900 947 912 930 993 952 992 951 989 945 993 952 979 929 992 951 993 952 912 930 979 929 994 953 992 951 979 929 994 953 977 921 969 903 994 953 974 916 975 917 994 953 976 918 992 951 994 953 979 929 977 921 994 953 969 903 974 916 994 953 975 917 976 918 1021 954 1005 955 1004 956 1021 954 1006 957 1005 955 1011 958 1010 959 1025 960 1009 961 996 962 995 963 1007 964 1020 965 1008 966 1026 967 1003 968 1002 969 1026 967 1004 956 1003 968 1026 967 1022 970 1021 954 1026 967 1021 954 1004 956 1027 971 1001 972 1000 973 1027 971 1002 969 1001 972 1027 971 1026 967 1002 969 1028 974 1022 970 1026 967 1028 974 1026 967 1027 971 1029 975 1028 974 1027 971 1030 976 999 977 998 978 1030 976 1000 973 999 977 1030 976 1029 975 1027 971 1030 976 1027 971 1000 973 1031 979 997 980 996 962 1031 979 998 978 997 980 1031 979 1030 976 998 978 1032 981 1012 982 1011 958 1032 981 1013 983 1012 982 1032 981 1025 960 1024 984 1032 981 1011 958 1025 960 1032 981 1024 984 1033 985 1034 986 1009 961 1008 966 1034 986 1035 987 1036 988 1034 986 1036 988 1031 979 1034 986 996 962 1009 961 1034 986 1031 979 996 962 1037 989 1014 990 1013 983 1037 989 1015 991 1014 990 1037 989 1013 983 1032 981 1037 989 1033 985 1035 987 1037 989 1035 987 1034 986 1037 989 1032 981 1033 985 1038 992 1016 993 1015 991 1038 992 1017 994 1016 993 1038 992 1018 995 1017 994 1038 992 1019 996 1018 995 1038 992 1020 965 1019 996 1038 992 1037 989 1034 986 1038 992 1015 991 1037 989 1038 992 1034 986 1008 966 1038 992 1008 966 1020 965 1039 997 1023 998 1022 970 1039 997 1028 974 1029 975 1039 997 1022 970 1028 974 1039 997 1029 975 1030 976 1040 999 1039 997 1030 976 1040 999 1031 979 1036 988 1040 999 1030 976 1031 979 1040 999 1023 998 1039 997 1041 1000 1023 998 1040 999 1041 1000 1024 984 1023 998 1041 1000 1036 988 1035 987 1041 1000 1040 999 1036 988 1041 1000 1035 987 1033 985 1041 1000 1033 985 1024 984 1043 1001 1042 1002 1053 1003 1081 1004 1053 1003 1052 1005 1081 1004 1043 1001 1053 1003 1080 1006 1052 1005 1051 1007 1080 1006 1081 1004 1052 1005 1079 1008 1051 1007 1050 1009 1079 1008 1080 1006 1051 1007 1078 1010 1050 1009 1049 1011 1078 1010 1079 1008 1050 1009 1077 1012 1049 1011 1048 1013 1077 1012 1078 1010 1049 1011 1076 1014 1048 1013 1047 1015 1076 1014 1077 1012 1048 1013 1075 1016 1047 1015 1046 1017 1075 1016 1076 1014 1047 1015 1074 1018 1046 1017 1045 1019 1074 1018 1075 1016 1046 1017 1073 1020 1045 1019 1044 1021 1073 1020 1044 1021 1063 1022 1073 1020 1074 1018 1045 1019 1072 1023 1063 1022 1062 1024 1072 1023 1073 1020 1063 1022 1071 1025 1062 1024 1061 1026 1071 1025 1072 1023 1062 1024 1070 1027 1061 1026 1060 1028 1070 1027 1071 1025 1061 1026 1069 1029 1060 1028 1059 1030 1069 1029 1070 1027 1060 1028 1068 1031 1069 1029 1059 1030 1068 1031 1059 1030 1058 1032 1067 1033 1068 1031 1058 1032 1067 1033 1058 1032 1057 1034 1066 1035 1067 1033 1057 1034 1066 1035 1057 1034 1056 1036 1065 1037 1066 1035 1056 1036 1065 1037 1056 1036 1055 1038 1064 1039 1055 1038 1054 1040 1064 1039 1065 1037 1055 1038 1135 54 1098 54 1099 54 1135 1041 1099 1041 1136 1041 1100 1042 1136 1042 1099 1042 1137 1043 1136 1043 1100 1043 1134 54 1097 54 1098 54 1134 1044 1098 1044 1135 1044 1101 1045 1137 1045 1100 1045 1138 54 1137 54 1101 54 1133 54 1096 54 1097 54 1133 1046 1097 1046 1134 1046 1139 1047 1138 1047 1101 1047 1139 54 1101 54 1102 54 1132 54 1095 54 1096 54 1132 1048 1096 1048 1133 1048 1140 54 1102 54 1103 54 1140 1049 1139 1049 1102 1049 1131 1050 1095 1050 1132 1050 1131 54 1094 54 1095 54 1093 54 1094 54 1131 54 1141 54 1140 54 1103 54 1141 54 1103 54 1104 54 1156 1051 1093 1051 1131 1051 1092 1052 1093 1052 1156 1052 1142 1053 1104 1053 1105 1053 1142 54 1141 54 1104 54 1155 54 1092 54 1156 54 1091 1054 1092 1054 1155 1054 1143 54 1105 54 1106 54 1143 1055 1142 1055 1105 1055 1154 54 1091 54 1155 54 1090 1056 1091 1056 1154 1056 1144 54 1106 54 1107 54 1144 1057 1143 1057 1106 1057 1153 54 1090 54 1154 54 1089 1058 1090 1058 1153 1058 1145 1059 1144 1059 1107 1059 1152 54 1089 54 1153 54 1108 1060 1145 1060 1107 1060 1088 1061 1089 1061 1152 1061 1151 54 1088 54 1152 54 1109 1062 1145 1062 1108 1062 1109 1063 1146 1063 1145 1063 1087 1064 1088 1064 1151 1064 1147 1065 1146 1065 1109 1065 1150 1066 1087 1066 1151 1066 1110 54 1147 54 1109 54 1086 1067 1087 1067 1150 1067 1149 54 1086 54 1150 54 1111 54 1148 54 1147 54 1111 1068 1147 1068 1110 1068 1085 54 1149 54 1084 54 1085 1069 1086 1069 1149 1069 1083 54 1084 54 1149 54 1112 54 1122 54 1148 54 1112 1070 1148 1070 1111 1070 1130 54 1082 54 1083 54 1130 54 1121 54 1082 54 1113 1071 1123 1071 1122 1071 1113 54 1122 54 1112 54 1120 54 1121 54 1130 54 1129 1072 1120 1072 1130 1072 1114 1073 1123 1073 1113 1073 1114 54 1124 54 1123 54 1119 1074 1120 1074 1129 1074 1128 1075 1119 1075 1129 1075 1115 1076 1124 1076 1114 1076 1115 54 1125 54 1124 54 1118 54 1119 54 1128 54 1127 1077 1118 1077 1128 1077 1116 1078 1125 1078 1115 1078 1116 54 1126 54 1125 54 1117 54 1118 54 1127 54 1117 1079 1126 1079 1116 1079 1117 54 1127 54 1126 54 1225 1080 1171 1080 1170 1080 1224 1080 1225 1080 1170 1080 1169 1080 1224 1080 1170 1080 1226 1080 1172 1080 1171 1080 1226 1081 1171 1081 1225 1081 1223 1080 1224 1080 1169 1080 1168 1082 1223 1082 1169 1082 1227 1080 1173 1080 1172 1080 1227 1083 1172 1083 1226 1083 1222 1080 1223 1080 1168 1080 1167 1080 1222 1080 1168 1080 1228 1084 1174 1085 1173 1086 1228 1084 1173 1086 1227 1087 1221 1088 1222 1088 1167 1088 1166 1080 1221 1080 1167 1080 1193 1080 1175 1080 1174 1080 1193 1089 1174 1089 1228 1089 1220 1090 1221 1090 1166 1090 1176 1080 1175 1080 1193 1080 1165 1091 1220 1091 1166 1091 1194 1092 1176 1093 1193 1094 1219 1080 1220 1080 1165 1080 1195 1095 1177 1096 1176 1097 1195 1098 1176 1098 1194 1098 1218 1099 1219 1099 1165 1099 1218 1080 1165 1080 1164 1080 1163 1080 1218 1080 1164 1080 1196 1080 1178 1080 1177 1080 1196 1100 1177 1100 1195 1100 1217 1080 1218 1080 1163 1080 1162 1101 1217 1101 1163 1101 1197 1102 1179 1102 1178 1102 1197 1103 1178 1103 1196 1103 1216 1080 1217 1080 1162 1080 1180 1104 1179 1104 1197 1104 1180 1105 1197 1105 1198 1105 1161 1106 1216 1106 1162 1106 1161 1080 1215 1080 1216 1080 1181 1080 1198 1080 1199 1080 1181 1080 1180 1080 1198 1080 1160 1107 1215 1107 1161 1107 1160 1108 1214 1108 1215 1108 1182 1080 1199 1080 1200 1080 1182 1080 1181 1080 1199 1080 1159 1080 1213 1080 1214 1080 1159 1109 1214 1109 1160 1109 1183 1080 1200 1080 1201 1080 1183 1080 1182 1080 1200 1080 1158 1110 1212 1110 1213 1110 1158 1111 1213 1111 1159 1111 1184 1080 1201 1080 1202 1080 1184 1080 1183 1080 1201 1080 1157 1080 1211 1080 1212 1080 1157 1112 1212 1112 1158 1112 1210 1080 1211 1080 1157 1080 1185 1080 1202 1080 1203 1080 1185 1080 1184 1080 1202 1080 1192 1113 1210 1114 1157 1115 1186 1080 1203 1080 1204 1080 1186 1080 1185 1080 1203 1080 1191 1080 1209 1080 1210 1080 1191 1116 1210 1116 1192 1116 1187 1080 1204 1080 1205 1080 1187 1080 1186 1080 1204 1080 1190 1117 1208 1117 1209 1117 1190 1118 1209 1118 1191 1118 1207 1119 1208 1119 1190 1119 1188 1080 1187 1080 1205 1080 1188 1080 1205 1080 1206 1080 1189 1120 1207 1120 1190 1120 1189 1121 1188 1121 1206 1121 1189 1080 1206 1080 1207 1080 1241 1122 1230 1123 1229 1124 1241 1122 1229 1124 1231 1125 1242 1126 1231 1125 1232 1127 1242 1126 1241 1122 1231 1125 1243 1128 1232 1127 1233 1129 1243 1128 1242 1126 1232 1127 1244 1130 1233 1129 1234 1131 1244 1130 1243 1128 1233 1129 1245 1132 1234 1131 1235 1133 1245 1132 1244 1130 1234 1131 1246 1134 1235 1133 1236 1135 1246 1134 1245 1132 1235 1133 1247 1136 1236 1135 1237 1137 1247 1136 1237 1137 1238 1138 1247 1136 1246 1134 1236 1135 1248 1138 1247 1136 1238 1138 1240 1139 1238 1138 1239 1140 1240 1139 1248 1138 1238 1138 1349 435 1312 435 1311 435 1348 1178 1313 1178 1312 1178 1348 1179 1312 1179 1349 1179 1350 435 1311 435 1310 435 1350 435 1349 435 1311 435 1347 1180 1314 1180 1313 1180 1347 1181 1313 1181 1348 1181 1351 1182 1310 1182 1309 1182 1351 435 1350 435 1310 435 1346 435 1315 435 1314 435 1346 1181 1314 1181 1347 1181 1352 435 1351 435 1309 435 1352 435 1309 435 1308 435 1345 435 1315 435 1346 435 1345 1183 1289 1183 1315 1183 1353 435 1352 435 1308 435 1353 1184 1308 1184 1307 1184 1344 435 1290 435 1289 435 1344 435 1289 435 1345 435 1354 435 1353 435 1307 435 1354 1185 1307 1185 1306 1185 1343 1186 1290 1186 1344 1186 1291 1187 1290 1187 1343 1187 1355 1188 1306 1188 1305 1188 1355 435 1354 435 1306 435 1342 1189 1291 1189 1343 1189 1292 1190 1291 1190 1342 1190 1356 1191 1305 1191 1304 1191 1356 435 1355 435 1305 435 1341 435 1292 435 1342 435 1293 435 1292 435 1341 435 1357 1192 1304 1192 1303 1192 1357 435 1356 435 1304 435 1340 435 1293 435 1341 435 1294 1193 1293 1193 1340 1193 1358 435 1357 435 1303 435 1339 435 1294 435 1340 435 1302 435 1358 435 1303 435 1359 1194 1358 1194 1302 1194 1295 435 1339 435 1338 435 1295 435 1294 435 1339 435 1301 435 1359 435 1302 435 1360 1195 1359 1195 1301 1195 1296 1196 1338 1196 1337 1196 1296 1197 1295 1197 1338 1197 1300 435 1360 435 1301 435 1361 435 1360 435 1300 435 1297 1198 1337 1198 1336 1198 1297 1199 1296 1199 1337 1199 1299 435 1361 435 1300 435 1288 1200 1297 1200 1336 1200 1288 1201 1336 1201 1335 1201 1287 1202 1297 1202 1288 1202 1298 435 1326 435 1361 435 1298 1203 1361 1203 1299 1203 1325 1204 1335 1204 1334 1204 1325 435 1288 435 1335 435 1324 1205 1327 1205 1326 1205 1324 435 1326 435 1298 435 1317 1206 1316 1206 1325 1206 1317 1207 1334 1207 1333 1207 1317 1208 1325 1208 1334 1208 1323 1209 1328 1209 1327 1209 1323 1210 1327 1210 1324 1210 1318 1211 1317 1211 1333 1211 1318 1212 1333 1212 1332 1212 1322 435 1329 435 1328 435 1322 1213 1328 1213 1323 1213 1319 435 1318 435 1332 435 1319 435 1332 435 1331 435 1321 435 1329 435 1322 435 1321 435 1330 435 1329 435 1320 435 1319 435 1331 435 1320 1214 1330 1214 1321 1214 1320 1215 1331 1215 1330 1215 1407 1216 1387 1216 1388 1216 1406 1216 1387 1216 1407 1216 1386 1217 1387 1217 1406 1217 1408 1216 1388 1216 1389 1216 1408 1218 1407 1218 1388 1218 1405 1216 1386 1216 1406 1216 1385 1219 1386 1220 1405 1221 1409 1222 1389 1222 1390 1222 1409 1223 1408 1223 1389 1223 1404 1216 1385 1216 1405 1216 1410 1216 1390 1216 1391 1216 1410 1224 1409 1224 1390 1224 1403 1216 1384 1216 1385 1216 1403 1225 1385 1225 1404 1225 1411 1216 1391 1216 1392 1216 1411 1216 1410 1216 1391 1216 1402 1226 1384 1226 1403 1226 1402 1216 1383 1216 1384 1216 1393 1216 1411 1216 1392 1216 1412 1227 1411 1227 1393 1227 1436 1216 1383 1216 1402 1216 1436 1216 1382 1216 1383 1216 1394 1216 1412 1216 1393 1216 1381 1228 1382 1228 1436 1228 1413 1216 1412 1216 1394 1216 1435 1216 1381 1216 1436 1216 1395 1229 1413 1229 1394 1229 1380 1230 1381 1230 1435 1230 1414 1216 1413 1216 1395 1216 1434 1231 1380 1232 1435 1233 1396 1234 1414 1234 1395 1234 1415 1216 1414 1216 1396 1216 1433 1216 1379 1216 1380 1216 1433 1235 1380 1235 1434 1235 1397 1236 1415 1236 1396 1236 1416 1237 1415 1238 1397 1239 1378 1240 1379 1240 1433 1240 1378 1241 1433 1241 1432 1241 1398 1216 1416 1216 1397 1216 1417 1242 1416 1242 1398 1242 1377 1243 1378 1243 1432 1243 1377 1244 1432 1244 1431 1244 1399 1245 1417 1245 1398 1245 1418 1246 1417 1246 1399 1246 1376 1247 1377 1247 1431 1247 1376 1216 1431 1216 1430 1216 1400 1248 1418 1248 1399 1248 1419 1216 1418 1216 1400 1216 1429 1249 1376 1249 1430 1249 1375 1216 1376 1216 1429 1216 1401 1250 1419 1251 1400 1252 1401 1216 1362 1216 1419 1216 1363 1253 1419 1254 1362 1255 1374 1256 1429 1256 1428 1256 1374 1257 1375 1257 1429 1257 1420 1258 1363 1259 1364 1260 1420 1216 1364 1216 1365 1216 1373 1216 1428 1216 1427 1216 1373 1216 1374 1216 1428 1216 1366 1261 1420 1262 1365 1263 1421 1264 1420 1264 1366 1264 1372 1265 1373 1265 1427 1265 1372 1216 1427 1216 1426 1216 1367 1266 1421 1267 1366 1268 1422 1269 1421 1269 1367 1269 1371 1270 1372 1270 1426 1270 1371 1216 1426 1216 1425 1216 1368 1216 1422 1216 1367 1216 1423 1271 1422 1271 1368 1271 1370 1272 1371 1272 1425 1272 1370 1216 1425 1216 1424 1216 1369 1216 1423 1216 1368 1216 1369 1273 1370 1273 1424 1273 1369 1274 1424 1274 1423 1274 1438 1275 1437 1276 1447 1277 1456 1278 1447 1277 1446 1279 1456 1278 1438 1275 1447 1277 1455 1280 1446 1279 1445 1281 1455 1280 1456 1278 1446 1279 1454 1282 1445 1281 1444 1283 1454 1282 1455 1280 1445 1281 1453 1284 1444 1283 1443 1285 1453 1284 1454 1282 1444 1283 1452 1286 1443 1285 1442 1287 1452 1286 1453 1284 1443 1285 1451 1288 1442 1287 1441 1289 1451 1288 1452 1286 1442 1287 1450 1290 1441 1289 1440 1291 1450 1290 1451 1288 1441 1289 1449 1292 1440 1291 1439 1293 1449 1292 1450 1290 1440 1291 1448 1294 1449 1292 1439 1293 1519 1295 1464 1295 1463 1295 1518 1296 1465 1296 1464 1296 1518 1297 1464 1297 1519 1297 1520 1298 1463 1298 1462 1298 1520 1080 1519 1080 1463 1080 1517 1080 1466 1080 1465 1080 1517 1299 1465 1299 1518 1299 1458 1080 1457 1080 1467 1080 1521 1300 1462 1300 1461 1300 1521 1080 1520 1080 1462 1080 1516 1080 1467 1080 1466 1080 1516 1301 1466 1301 1517 1301 1522 1302 1461 1302 1460 1302 1522 1080 1521 1080 1461 1080 1515 1080 1458 1080 1467 1080 1515 1080 1467 1080 1516 1080 1523 1303 1460 1303 1459 1303 1523 1080 1522 1080 1460 1080 1514 1304 1458 1304 1515 1304 1514 1080 1495 1080 1458 1080 1487 1080 1486 1080 1495 1080 1524 1305 1459 1305 1485 1305 1524 1306 1523 1306 1459 1306 1513 1080 1487 1080 1495 1080 1513 1307 1495 1307 1514 1307 1525 1308 1485 1308 1484 1308 1525 1080 1524 1080 1485 1080 1512 1080 1488 1080 1487 1080 1512 1309 1487 1309 1513 1309 1526 1310 1484 1310 1483 1310 1526 1080 1525 1080 1484 1080 1511 1080 1488 1080 1512 1080 1511 1080 1489 1080 1488 1080 1527 1311 1483 1311 1482 1311 1527 1312 1526 1312 1483 1312 1510 1313 1490 1313 1489 1313 1510 1314 1489 1314 1511 1314 1509 1315 1490 1315 1510 1315 1481 1080 1527 1080 1482 1080 1481 1080 1528 1080 1527 1080 1491 1316 1490 1316 1509 1316 1508 1080 1491 1080 1509 1080 1480 1311 1528 1311 1481 1311 1480 1317 1529 1317 1528 1317 1492 1080 1491 1080 1508 1080 1530 1080 1529 1080 1480 1080 1507 1080 1492 1080 1508 1080 1479 1080 1530 1080 1480 1080 1493 1318 1492 1318 1507 1318 1531 1319 1530 1319 1479 1319 1506 1080 1493 1080 1507 1080 1478 1320 1531 1320 1479 1320 1494 1321 1506 1321 1505 1321 1494 1080 1493 1080 1506 1080 1477 1080 1497 1080 1496 1080 1477 1080 1496 1080 1531 1080 1477 1322 1531 1322 1478 1322 1468 1080 1494 1080 1505 1080 1469 1323 1468 1323 1505 1323 1469 1324 1504 1324 1503 1324 1469 1325 1505 1325 1504 1325 1476 1326 1497 1326 1477 1326 1475 1327 1497 1327 1476 1327 1475 1312 1498 1312 1497 1312 1470 1080 1469 1080 1503 1080 1470 1328 1503 1328 1502 1328 1474 1080 1498 1080 1475 1080 1474 1080 1499 1080 1498 1080 1474 1080 1500 1080 1499 1080 1471 1080 1470 1080 1502 1080 1472 1080 1471 1080 1502 1080 1472 1080 1501 1080 1500 1080 1472 1319 1502 1319 1501 1319 1473 1080 1472 1080 1500 1080 1473 1329 1500 1329 1474 1329 1533 1330 1551 1331 1532 1332 1533 1330 1552 1333 1551 1331 1534 1334 1553 1335 1552 1333 1534 1334 1552 1333 1533 1330 1535 1336 1554 1337 1553 1335 1535 1336 1555 1338 1554 1337 1535 1336 1553 1335 1534 1334 1536 1339 1555 1338 1535 1336 1537 1340 1556 1341 1555 1338 1537 1340 1555 1338 1536 1339 1538 1342 1557 1343 1556 1341 1538 1342 1556 1341 1537 1340 1539 1344 1558 1345 1557 1343 1539 1344 1557 1343 1538 1342 1540 1346 1559 1347 1558 1345 1540 1346 1558 1345 1539 1344 1541 1348 1560 1349 1559 1347 1541 1348 1559 1347 1540 1346 1542 1350 1561 1351 1560 1349 1542 1350 1560 1349 1541 1348 1543 1352 1562 1353 1561 1351 1543 1352 1561 1351 1542 1350 1544 1354 1563 1355 1562 1353 1544 1354 1564 1356 1563 1355 1544 1354 1562 1353 1543 1352 1545 1357 1564 1356 1544 1354 1546 1358 1565 1359 1564 1356 1546 1358 1564 1356 1545 1357 1547 1360 1565 1359 1546 1358 1547 1360 1566 1361 1565 1359 1548 1362 1566 1361 1547 1360 1548 1362 1567 1363 1566 1361 1549 1364 1567 1363 1548 1362 1549 1364 1568 1365 1567 1363 1550 1366 1568 1365 1549 1364 1550 1366 1569 1367 1568 1365 1594 1368 1592 1368 1593 1368 1590 1369 1591 1369 1592 1369 1597 1370 1594 1370 1595 1370 1597 1080 1595 1080 1596 1080 1597 1080 1592 1080 1594 1080 1588 1371 1589 1372 1590 1373 1599 1080 1597 1080 1598 1080 1599 1080 1590 1080 1592 1080 1599 1080 1592 1080 1597 1080 1602 1374 1599 1374 1600 1374 1602 1375 1600 1375 1601 1375 1583 1376 1584 1376 1585 1376 1583 1377 1585 1377 1586 1377 1583 1080 1586 1080 1587 1080 1583 1378 1587 1378 1588 1378 1583 1080 1588 1080 1590 1080 1603 1080 1590 1080 1599 1080 1603 1080 1599 1080 1602 1080 1580 1379 1581 1379 1582 1379 1570 1080 1604 1080 1605 1080 1571 1080 1603 1080 1604 1080 1571 1080 1590 1080 1603 1080 1571 1080 1583 1080 1590 1080 1571 1080 1604 1080 1570 1080 1573 1380 1571 1380 1572 1380 1576 1381 1577 1381 1578 1381 1576 1382 1578 1382 1579 1382 1576 1383 1579 1383 1580 1383 1576 1080 1582 1080 1583 1080 1576 1080 1580 1080 1582 1080 1576 1080 1583 1080 1571 1080 1576 1080 1571 1080 1573 1080 1574 1080 1576 1080 1573 1080 1575 1384 1576 1384 1574 1384 1607 1385 1625 1386 1606 1387 1607 1385 1626 1388 1625 1386 1608 1389 1627 1390 1626 1388 1608 1389 1628 1391 1627 1390 1608 1389 1626 1388 1607 1385 1609 1391 1628 1391 1608 1389 1610 1392 1629 1393 1628 1391 1610 1392 1628 1391 1609 1391 1611 1394 1630 1395 1629 1393 1611 1394 1631 1396 1630 1395 1611 1394 1629 1393 1610 1392 1612 1397 1631 1396 1611 1394 1613 1398 1632 1399 1631 1396 1613 1398 1631 1396 1612 1397 1614 1400 1633 1400 1632 1399 1614 1400 1634 1401 1633 1400 1614 1400 1632 1399 1613 1398 1615 187 1634 1401 1614 1400 1616 1402 1635 1403 1634 1401 1616 1402 1634 1401 1615 187 1617 1404 1636 1404 1635 1403 1617 1404 1637 1405 1636 1404 1617 1404 1635 1403 1616 1402 1618 1406 1637 1405 1617 1404 1619 1407 1638 1408 1637 1405 1619 1407 1637 1405 1618 1406 1620 1409 1639 1410 1638 1408 1620 1409 1640 1411 1639 1410 1620 1409 1638 1408 1619 1407 1621 1412 1640 1411 1620 1409 1622 1413 1640 1411 1621 1412 1622 1413 1641 1414 1640 1411 1623 1415 1641 1414 1622 1413 1623 1415 1642 1416 1641 1414 1624 1417 1642 1416 1623 1415 1624 1417 1643 1418 1642 1416 1665 1419 1666 1419 1667 1419 1665 435 1667 435 1668 435 1671 435 1668 435 1669 435 1671 435 1669 435 1670 435 1660 435 1661 435 1662 435 1660 1420 1662 1420 1663 1420 1660 1421 1663 1421 1664 1421 1674 1422 1664 1422 1665 1422 1674 1423 1671 1423 1672 1423 1674 435 1672 435 1673 435 1674 435 1665 435 1668 435 1674 435 1668 435 1671 435 1659 1424 1660 1424 1664 1424 1676 435 1674 435 1675 435 1657 1425 1658 1425 1659 1425 1678 435 1676 435 1677 435 1678 1426 1674 1426 1676 1426 1655 1427 1656 1427 1657 1427 1655 1428 1657 1428 1659 1428 1654 1429 1678 1429 1679 1429 1654 1430 1664 1430 1674 1430 1654 435 1659 435 1664 435 1654 1431 1674 1431 1678 1431 1654 435 1655 435 1659 435 1645 435 1679 435 1644 435 1650 1432 1651 1432 1652 1432 1648 435 1645 435 1646 435 1648 435 1646 435 1647 435 1648 435 1679 435 1645 435 1649 435 1650 435 1652 435 1649 435 1679 435 1648 435 1649 1433 1652 1433 1653 1433 1649 1434 1653 1434 1654 1434 1649 435 1654 435 1679 435 1680 54 1682 54 1681 54 1680 54 1683 54 1682 54 1685 89 1688 89 1687 89 1685 89 1684 89 1688 89 1686 89 1685 89 1687 89 1692 435 1689 435 1690 435 1691 435 1689 435 1692 435 1693 1080 1695 1080 1694 1080 1693 1080 1696 1080 1695 1080 1698 89 1700 89 1699 89 1698 89 1701 89 1700 89 1697 89 1701 89 1698 89 1704 1216 1702 1216 1703 1216 1704 1216 1703 1216 1705 1216</p>
        </triangles>
        <triangles material="mat_2-material" count="144">
          <input semantic="VERTEX" source="#link_5-mesh-vertices" offset="0"/>
          <input semantic="NORMAL" source="#link_5-mesh-normals" offset="1"/>
          <p>88 73 87 74 105 75 88 73 105 75 106 76 89 77 106 76 107 78 89 77 107 78 108 79 89 77 88 73 106 76 90 80 89 77 108 79 91 81 108 79 109 27 91 81 90 80 108 79 92 82 109 27 110 83 92 82 110 83 111 84 92 82 91 81 109 27 93 85 92 82 111 84 94 86 111 84 112 86 94 86 112 86 113 87 94 86 93 85 111 84 95 88 113 87 76 89 95 88 94 86 113 87 96 89 95 88 76 89 97 90 76 89 77 91 97 90 77 91 78 92 97 90 96 89 76 89 98 93 97 90 78 92 99 94 78 92 79 95 99 94 98 93 78 92 100 96 79 95 80 97 100 96 99 94 79 95 101 98 80 97 81 99 101 98 100 96 80 97 102 100 81 99 82 101 102 100 101 98 81 99 103 102 82 101 83 103 103 102 102 100 82 101 104 104 83 103 84 105 104 104 84 105 85 106 104 104 103 102 83 103 86 107 104 104 85 106 233 206 212 207 213 208 233 206 232 209 212 207 234 210 213 208 214 211 234 210 233 206 213 208 235 212 214 211 215 213 235 212 234 210 214 211 236 214 215 213 216 215 236 214 235 212 215 213 237 216 216 215 217 217 237 216 236 214 216 215 238 218 217 217 218 218 238 218 218 218 219 219 238 218 237 216 217 217 239 220 238 218 219 219 240 221 219 219 220 222 240 221 239 220 219 219 241 223 220 222 221 224 241 223 240 221 220 222 242 225 221 224 222 226 242 225 222 226 223 227 242 225 241 223 221 224 243 228 242 225 223 227 244 229 223 227 224 230 244 229 224 230 225 231 244 229 243 228 223 227 245 232 244 229 225 231 246 233 225 231 226 234 246 233 245 232 225 231 247 42 246 233 226 234 247 42 226 234 227 235 247 42 227 235 228 236 248 237 247 42 228 236 249 238 248 237 228 236 249 238 228 236 229 239 249 238 229 239 230 240 231 241 249 238 230 240 883 822 863 823 862 824 883 822 862 824 864 825 884 826 864 825 865 827 884 826 865 827 866 828 884 826 883 822 864 825 885 829 884 826 866 828 886 830 866 828 867 831 886 830 867 831 868 832 886 830 885 829 866 828 887 833 886 830 868 832 888 834 868 832 869 835 888 834 887 833 868 832 889 836 869 835 870 837 889 836 888 834 869 835 890 838 870 837 871 839 890 838 871 839 872 840 890 838 889 836 870 837 891 841 872 840 873 842 891 841 890 838 872 840 892 843 891 841 873 842 893 844 873 842 874 845 893 844 892 843 873 842 894 846 874 845 875 847 894 846 893 844 874 845 895 848 875 847 876 849 895 848 894 846 875 847 896 850 876 849 877 851 896 850 895 848 876 849 897 852 896 850 877 851 897 852 877 851 878 853 898 201 897 852 878 853 898 201 878 853 879 854 899 855 898 201 879 854 899 855 879 854 880 856 882 857 899 855 880 856 882 857 880 856 881 858 1270 1141 1250 1142 1249 1143 1270 1141 1249 1143 1251 1144 1271 1145 1251 1144 1252 1146 1271 1145 1270 1141 1251 1144 1272 1147 1252 1146 1253 1148 1272 1147 1253 1148 1254 1149 1272 1147 1271 1145 1252 1146 1273 1150 1272 1147 1254 1149 1274 1151 1254 1149 1255 1152 1274 1151 1273 1150 1254 1149 1275 1153 1255 1152 1256 1154 1275 1153 1256 1154 1257 1155 1275 1153 1274 1151 1255 1152 1276 1156 1257 1155 1258 1157 1276 1156 1275 1153 1257 1155 1277 1158 1276 1156 1258 1157 1278 1159 1258 1157 1259 435 1278 1159 1259 435 1260 1160 1278 1159 1277 1158 1258 1157 1279 1161 1260 1160 1261 1162 1279 1161 1278 1159 1260 1160 1280 1163 1279 1161 1261 1162 1281 1164 1261 1162 1262 1165 1281 1164 1262 1165 1263 1166 1281 1164 1280 1163 1261 1162 1282 1167 1281 1164 1263 1166 1283 1168 1263 1166 1264 1169 1283 1168 1282 1167 1263 1166 1284 1170 1283 1168 1264 1169 1284 1170 1264 1169 1265 1171 1284 1170 1265 1171 1266 1172 1285 1173 1284 1170 1266 1172 1286 1174 1285 1173 1266 1172 1286 1174 1266 1172 1267 1175 1286 1174 1267 1175 1268 1176 1269 1177 1286 1174 1268 1176</p>
        </triangles>
      </mesh>
    </geometry>
  </library_geometries>
  <library_visual_scenes>
    <visual_scene id="Scene" name="Scene">
      <node id="NAUO6" name="NAUO6" type="NODE">
        <matrix sid="transform">-1 -4.37114e-8 -4.37114e-8 0 4.37114e-8 -1 1.79966e-15 0 -4.37114e-8 0 1 0 0 0 0 1</matrix>
        <instance_geometry url="#link_5-mesh" name="NAUO6">
          <bind_material>
            <technique_common>
              <instance_material symbol="mat_0-material" target="#mat_0-material"/>
              <instance_material symbol="mat_2-material" target="#mat_2-material"/>
            </technique_common>
          </bind_material>
        </instance_geometry>
      </node>
    </visual_scene>
  </library_visual_scenes>
  <scene>
    <instance_visual_scene url="#Scene"/>
  </scene>
</COLLADA>