t_s,x_tgt_m,x_meas_m,err_mm,v_ff_m_s,a_ff,v_cmd_m_s,a_cmd
0.0000,0.000000,0.000266,-0.266,0.00000,0.05280,-0.00009,0.00000
0.0201,0.000011,0.000265,-0.255,0.00105,0.05195,-0.00006,0.00000
0.0401,0.000042,0.000264,-0.222,0.00208,0.05111,-0.00004,0.00000
0.0601,0.000094,0.000264,-0.171,0.00310,0.05026,-0.00002,0.00000
0.0801,0.000166,0.000264,-0.099,0.00409,0.04942,0.00152,0.07690
0.1001,0.000257,0.000268,-0.011,0.00507,0.04857,0.00568,0.20776
0.1201,0.000368,0.000287,0.081,0.00603,0.04773,0.00981,0.20658
0.1401,0.000499,0.000397,0.101,0.00698,0.04688,0.01065,0.04192
0.1601,0.000647,0.000591,0.057,0.00791,0.04604,0.00935,-0.06484
0.1801,0.000815,0.000795,0.020,0.00882,0.04519,0.00911,-0.01199
0.2001,0.001000,0.000980,0.020,0.00972,0.04435,0.01041,0.06520
0.2201,0.001203,0.001162,0.041,0.01060,0.04350,0.01224,0.09105
0.2401,0.001424,0.001373,0.051,0.01146,0.04266,0.01328,0.05215
0.2601,0.001662,0.001620,0.042,0.01230,0.04182,0.01362,0.01685
0.2801,0.001916,0.001887,0.029,0.01313,0.04097,0.01396,0.01738
0.3001,0.002187,0.002166,0.021,0.01394,0.04013,0.01455,0.02936
0.3201,0.002473,0.002444,0.029,0.01474,0.03928,0.01583,0.06381
0.3401,0.002776,0.002736,0.040,0.01551,0.03844,0.01701,0.05934
0.3601,0.003094,0.003061,0.033,0.01627,0.03759,0.01729,0.01403
0.3801,0.003427,0.003403,0.023,0.01702,0.03675,0.01771,0.02089
0.4001,0.003774,0.003751,0.023,0.01774,0.03590,0.01853,0.04102
0.4201,0.004136,0.004111,0.025,0.01845,0.03506,0.01932,0.03944
0.4401,0.004512,0.004482,0.030,0.01915,0.03421,0.02022,0.04507
0.4601,0.004902,0.004872,0.030,0.01982,0.03337,0.02084,0.03084
0.4801,0.005305,0.005280,0.026,0.02048,0.03252,0.02130,0.02299
0.5001,0.005721,0.005702,0.020,0.02112,0.03168,0.02173,0.02137
0.5201,0.006150,0.006131,0.019,0.02175,0.03083,0.02240,0.03347
0.5401,0.006591,0.006565,0.026,0.02236,0.02999,0.02331,0.04585
0.5601,0.007046,0.007018,0.028,0.02295,0.02914,0.02393,0.03074
0.5801,0.007509,0.007489,0.020,0.02352,0.02830,0.02410,0.00864
0.6001,0.007985,0.007971,0.014,0.02408,0.02745,0.02449,0.01954
0.6201,0.008472,0.008456,0.016,0.02462,0.02661,0.02517,0.03400
0.6401,0.008969,0.008948,0.021,0.02514,0.02576,0.02592,0.03762
0.6601,0.009477,0.009456,0.021,0.02565,0.02492,0.02638,0.02298
0.6801,0.009996,0.009980,0.016,0.02614,0.02407,0.02661,0.01150
0.7001,0.010523,0.010508,0.015,0.02661,0.02323,0.02710,0.02457
0.7201,0.011060,0.011045,0.015,0.02707,0.02238,0.02757,0.02351
0.7401,0.011606,0.011589,0.016,0.02751,0.02154,0.02807,0.02492
0.7601,0.012160,0.012144,0.016,0.02793,0.02070,0.02848,0.02029
0.7801,0.012723,0.012705,0.018,0.02834,0.01985,0.02896,0.02406
0.8001,0.013293,0.013277,0.016,0.02872,0.01901,0.02924,0.01410
0.8201,0.013871,0.013860,0.011,0.02910,0.01816,0.02943,0.00925
0.8401,0.014457,0.014443,0.014,0.02945,0.01732,0.02996,0.02641
0.8601,0.015049,0.015038,0.011,0.02979,0.01647,0.03014,0.00938
0.8801,0.015649,0.015638,0.011,0.03011,0.01563,0.03048,0.01686
0.9001,0.016253,0.016243,0.010,0.03041,0.01478,0.03075,0.01339
0.9201,0.016865,0.016854,0.011,0.03070,0.01394,0.03107,0.01613
0.9401,0.017482,0.017468,0.013,0.03097,0.01309,0.03146,0.01934
0.9601,0.018104,0.018093,0.010,0.03122,0.01225,0.03155,0.00460
0.9801,0.018732,0.018721,0.011,0.03146,0.01140,0.03183,0.01412
1.0001,0.019362,0.019353,0.009,0.03168,0.01056,0.03197,0.00685
1.0202,0.020002,0.019993,0.009,0.03188,0.00971,0.03221,0.01207
1.0401,0.020638,0.020632,0.006,0.03207,0.00887,0.03223,0.00078
1.0601,0.021281,0.021276,0.004,0.03224,0.00802,0.03238,0.00752
1.0801,0.021927,0.021921,0.006,0.03239,0.00718,0.03260,0.01125
1.1001,0.022576,0.022569,0.007,0.03253,0.00633,0.03278,0.00894
1.1201,0.023227,0.023224,0.003,0.03264,0.00549,0.03271,-0.00337
1.1401,0.023881,0.023880,0.001,0.03274,0.00464,0.03276,0.00220
1.1601,0.024537,0.024533,0.004,0.03283,0.00380,0.03302,0.01301
1.1801,0.025195,0.025193,0.002,0.03290,0.00295,0.03293,-0.00407
1.2001,0.025854,0.025852,0.002,0.03295,0.00211,0.03302,0.00406
1.2202,0.026515,0.026511,0.004,0.03298,0.00126,0.03316,0.00707
1.2401,0.027172,0.027174,-0.001,0.03300,0.00042,0.03289,-0.01341
1.2601,0.027832,0.027835,-0.002,0.03300,-0.00043,0.03291,0.00109
1.2802,0.028497,0.028491,0.006,0.03298,-0.00128,0.03329,0.01904
1.3001,0.029152,0.029151,0.001,0.03295,-0.00212,0.03292,-0.01852
1.3201,0.029810,0.029817,-0.007,0.03290,-0.00296,0.03259,-0.01677
1.3401,0.030468,0.030474,-0.007,0.03283,-0.00381,0.03261,0.00099
1.3601,0.031123,0.031128,-0.005,0.03274,-0.00465,0.03258,-0.00136
1.3801,0.031777,0.031781,-0.004,0.03264,-0.00549,0.03251,-0.00343
1.4002,0.032433,0.032429,0.005,0.03252,-0.00635,0.03278,0.01332
1.4201,0.033078,0.033083,-0.005,0.03239,-0.00718,0.03210,-0.03365
1.4401,0.033725,0.033736,-0.011,0.03224,-0.00803,0.03178,-0.01604
1.4601,0.034368,0.034377,-0.009,0.03207,-0.00887,0.03179,0.00018
1.4802,0.035012,0.035015,-0.003,0.03188,-0.00972,0.03184,0.00280
1.5002,0.035648,0.035650,-0.002,0.03168,-0.01057,0.03163,-0.01070
1.5201,0.036274,0.036286,-0.012,0.03146,-0.01141,0.03095,-0.03412
1.5401,0.036900,0.036916,-0.015,0.03122,-0.01225,0.03066,-0.01424
1.5601,0.037522,0.037535,-0.013,0.03097,-0.01310,0.03057,-0.00450
1.5801,0.038139,0.038148,-0.009,0.03070,-0.01394,0.03045,-0.00628
1.6002,0.038756,0.038756,-0.000,0.03041,-0.01479,0.03048,0.00187
1.6201,0.039357,0.039366,-0.009,0.03011,-0.01563,0.02972,-0.03836
1.6401,0.039955,0.039974,-0.019,0.02979,-0.01648,0.02903,-0.03418
1.6601,0.040547,0.040563,-0.016,0.02945,-0.01732,0.02894,-0.00462
1.6802,0.041137,0.041143,-0.006,0.02909,-0.01817,0.02902,0.00392
1.7002,0.041714,0.041723,-0.009,0.02872,-0.01902,0.02836,-0.03281
1.7201,0.042281,0.042299,-0.018,0.02833,-0.01986,0.02762,-0.03687
1.7401,0.042844,0.042861,-0.018,0.02793,-0.02070,0.02733,-0.01446
1.7601,0.043398,0.043414,-0.016,0.02751,-0.02155,0.02699,-0.01716
1.7801,0.043944,0.043958,-0.014,0.02707,-0.02239,0.02660,-0.01937
1.8001,0.044481,0.044496,-0.015,0.02661,-0.02324,0.02609,-0.02561
1.8201,0.045008,0.045028,-0.020,0.02614,-0.02408,0.02540,-0.03467
1.8401,0.045526,0.045548,-0.022,0.02565,-0.02492,0.02489,-0.02566
1.8601,0.046034,0.046052,-0.018,0.02514,-0.02577,0.02458,-0.01538
1.8801,0.046531,0.046544,-0.013,0.02462,-0.02661,0.02423,-0.01727
1.9001,0.047018,0.047033,-0.015,0.02407,-0.02746,0.02356,-0.03351
1.9201,0.047494,0.047515,-0.020,0.02352,-0.02830,0.02277,-0.03978
1.9401,0.047959,0.047980,-0.022,0.02294,-0.02915,0.02220,-0.02852
1.9601,0.048412,0.048434,-0.022,0.02235,-0.02999,0.02160,-0.02962
1.9801,0.048853,0.048873,-0.020,0.02174,-0.03084,0.02109,-0.02561
2.0001,0.049282,0.049304,-0.023,0.02112,-0.03168,0.02031,-0.03915
2.0201,0.049698,0.049725,-0.027,0.02048,-0.03253,0.01952,-0.03946
2.0401,0.050100,0.050129,-0.029,0.01982,-0.03337,0.01881,-0.03564
2.0601,0.050490,0.050514,-0.024,0.01914,-0.03422,0.01838,-0.02137
2.0801,0.050866,0.050886,-0.020,0.01845,-0.03506,0.01781,-0.02858
2.1001,0.051228,0.051250,-0.023,0.01774,-0.03591,0.01694,-0.04325
2.1201,0.051575,0.051604,-0.028,0.01701,-0.03675,0.01599,-0.04786
2.1401,0.051908,0.051937,-0.029,0.01627,-0.03760,0.01527,-0.03578
2.1601,0.052226,0.052255,-0.029,0.01551,-0.03844,0.01451,-0.03822
2.1801,0.052528,0.052558,-0.030,0.01473,-0.03929,0.01373,-0.03901
2.2001,0.052815,0.052840,-0.025,0.01394,-0.04013,0.01314,-0.02937
2.2201,0.053086,0.053114,-0.028,0.01313,-0.04098,0.01212,-0.05070
2.2401,0.053340,0.053372,-0.032,0.01230,-0.04182,0.01117,-0.04766
2.2601,0.053578,0.053608,-0.030,0.01145,-0.04267,0.01044,-0.03633
2.2801,0.053798,0.053828,-0.030,0.01059,-0.04351,0.00959,-0.04269
2.3001,0.054001,0.054037,-0.036,0.00971,-0.04436,0.00844,-0.05764
2.3201,0.054186,0.054223,-0.036,0.00882,-0.04520,0.00757,-0.04329
2.3401,0.054354,0.054385,-0.031,0.00790,-0.04604,0.00690,-0.03378
2.3601,0.054502,0.054532,-0.029,0.00697,-0.04689,0.00600,-0.04472
2.3801,0.054633,0.054663,-0.030,0.00603,-0.04773,0.00498,-0.05120
2.4001,0.054743,0.054776,-0.032,0.00507,-0.04858,0.00395,-0.05134
2.4201,0.054835,0.054873,-0.038,0.00408,-0.04942,0.00273,-0.06097
2.4401,0.054907,0.054950,-0.043,0.00309,-0.05027,0.00155,-0.05896
2.4601,0.054958,0.055001,-0.042,0.00207,-0.05111,0.00064,-0.04560
2.4801,0.054990,0.055024,-0.035,0.00104,-0.05196,-0.00006,-0.03487
2.5001,0.055000,0.055032,-0.032,0.00000,0.00000,-0.00107,-0.05061
2.5201,0.055000,0.055030,-0.030,0.00000,0.00000,-0.00099,0.00408
2.5402,0.055000,0.055024,-0.024,0.00000,0.00000,-0.00077,0.01067
2.5601,0.055000,0.055017,-0.017,0.00000,0.00000,0.00000,0.03870
2.5801,0.055000,0.055012,-0.012,0.00000,0.00000,0.00000,0.00000
2.6001,0.055000,0.055013,-0.013,0.00000,0.00000,0.00000,0.00000
2.6202,0.055000,0.055013,-0.013,0.00000,0.00000,0.00000,0.00000
2.6402,0.055000,0.055013,-0.013,0.00000,0.00000,0.00000,0.00000
2.6603,0.055000,0.055014,-0.014,0.00000,0.00000,0.00000,0.00000
2.6801,0.055000,0.055014,-0.014,0.00000,0.00000,0.00000,0.00000
2.7001,0.055000,0.055014,-0.014,0.00000,0.00000,0.00000,0.00000
2.7203,0.055000,0.055014,-0.014,0.00000,0.00000,0.00000,0.00000
2.7402,0.055000,0.055014,-0.014,0.00000,0.00000,0.00000,0.00000
2.7601,0.055000,0.055014,-0.014,0.00000,0.00000,0.00000,0.00000
2.7801,0.055000,0.055014,-0.014,0.00000,0.00000,0.00000,0.00000
2.8001,0.055000,0.055014,-0.014,0.00000,0.00000,0.00000,0.00000
2.8201,0.055000,0.055014,-0.014,0.00000,0.00000,0.00000,0.00000
2.8401,0.055000,0.055014,-0.014,0.00000,0.00000,0.00000,0.00000
2.8601,0.055000,0.055014,-0.014,0.00000,0.00000,0.00000,0.00000
2.8801,0.055000,0.055014,-0.014,0.00000,0.00000,0.00000,0.00000
2.9001,0.055000,0.055014,-0.014,0.00000,0.00000,0.00000,0.00000
2.9201,0.055000,0.055014,-0.014,0.00000,0.00000,0.00000,0.00000
2.9401,0.055000,0.055014,-0.014,0.00000,0.00000,0.00000,0.00000
2.9601,0.055000,0.055014,-0.014,0.00000,0.00000,0.00000,0.00000
2.9801,0.055000,0.055014,-0.014,0.00000,0.00000,0.00000,0.00000
3.0001,0.055000,0.055014,-0.014,0.00000,0.00000,0.00000,0.00000
3.0201,0.055000,0.055014,-0.014,0.00000,0.00000,0.00000,0.00000
3.0401,0.055000,0.055014,-0.014,0.00000,0.00000,0.00000,0.00000
3.0601,0.055000,0.055014,-0.014,0.00000,0.00000,0.00000,0.00000
3.0801,0.055000,0.055014,-0.014,0.00000,0.00000,0.00000,0.00000
3.1001,0.055000,0.055014,-0.014,0.00000,0.00000,0.00000,0.00000
3.1201,0.055000,0.055014,-0.014,0.00000,0.00000,0.00000,0.00000
3.1401,0.055000,0.055014,-0.014,0.00000,0.00000,0.00000,0.00000
3.1601,0.055000,0.055014,-0.014,0.00000,0.00000,0.00000,0.00000
3.1801,0.055000,0.055014,-0.014,0.00000,0.00000,0.00000,0.00000
3.2001,0.055000,0.055014,-0.014,0.00000,0.00000,0.00000,0.00000
3.2201,0.055000,0.055014,-0.014,0.00000,0.00000,0.00000,0.00000
3.2401,0.055000,0.055014,-0.014,0.00000,0.00000,0.00000,0.00000
3.2601,0.055000,0.055014,-0.014,0.00000,0.00000,0.00000,0.00000
3.2801,0.055000,0.055014,-0.014,0.00000,0.00000,0.00000,0.00000
3.3001,0.055000,0.055014,-0.014,0.00000,0.00000,0.00000,0.00000
3.3201,0.055000,0.055014,-0.014,0.00000,0.00000,0.00000,0.00000
3.3401,0.055000,0.055014,-0.014,0.00000,0.00000,0.00000,0.00000
3.3601,0.055000,0.055014,-0.014,0.00000,0.00000,0.00000,0.00000
3.3801,0.055000,0.055014,-0.014,0.00000,0.00000,0.00000,0.00000
3.4001,0.055000,0.055014,-0.014,0.00000,0.00000,0.00000,0.00000
3.4201,0.055000,0.055014,-0.014,0.00000,0.00000,0.00000,0.00000
3.4401,0.055000,0.055014,-0.014,0.00000,0.00000,0.00000,0.00000
3.4601,0.055000,0.055014,-0.014,0.00000,0.00000,0.00000,0.00000
3.4801,0.055000,0.055014,-0.014,0.00000,0.00000,0.00000,0.00000
3.5001,0.055000,0.055014,-0.014,-0.00000,-0.01579,0.00000,0.00000
3.5201,0.054997,0.055014,-0.016,-0.00026,-0.00994,0.00000,0.00000
3.5401,0.054990,0.055014,-0.023,-0.00041,-0.00510,-0.00127,-0.06350
3.5601,0.054982,0.055011,-0.029,-0.00047,-0.00143,-0.00152,-0.01268
3.5801,0.054972,0.054995,-0.023,-0.00047,0.00090,-0.00117,0.01763
3.6001,0.054963,0.054975,-0.012,-0.00044,0.00179,0.00000,0.05856
3.6201,0.054954,0.054963,-0.009,-0.00041,0.00123,0.00000,0.00000
3.6401,0.054946,0.054964,-0.018,-0.00040,-0.00075,0.00000,0.00000
3.6601,0.054938,0.054964,-0.026,-0.00045,-0.00405,-0.00144,-0.07213
3.6801,0.054928,0.054962,-0.034,-0.00057,-0.00850,-0.00180,-0.01795
3.7001,0.054914,0.054937,-0.022,-0.00079,-0.01388,-0.00142,0.01890
3.7201,0.054895,0.054900,-0.005,-0.00113,-0.01993,-0.00109,0.01644
3.7402,0.054868,0.054869,-0.001,-0.00160,-0.02638,-0.00161,-0.02560
3.7601,0.054831,0.054845,-0.014,-0.00219,-0.03285,-0.00281,-0.06025
3.7801,0.054780,0.054810,-0.030,-0.00291,-0.03907,-0.00410,-0.06417
3.8001,0.054714,0.054748,-0.035,-0.00375,-0.04472,-0.00497,-0.04378
3.8201,0.054629,0.054655,-0.025,-0.00469,-0.04950,-0.00545,-0.02416
3.8401,0.054525,0.054553,-0.028,-0.00572,-0.05311,-0.00668,-0.06123
3.8601,0.054400,0.054440,-0.039,-0.00680,-0.05534,-0.00827,-0.07949
3.8801,0.054253,0.054296,-0.043,-0.00792,-0.05600,-0.00940,-0.05668
3.9001,0.054084,0.054123,-0.040,-0.00903,-0.05496,-0.01035,-0.04756
3.9201,0.053892,0.053937,-0.045,-0.01011,-0.05217,-0.01169,-0.06698
3.9401,0.053680,0.053726,-0.046,-0.01111,-0.04763,-0.01269,-0.04972
3.9601,0.053448,0.053483,-0.034,-0.01200,-0.04139,-0.01304,-0.01754
3.9801,0.053201,0.053228,-0.028,-0.01275,-0.03360,-0.01362,-0.02894
4.0001,0.052939,0.052966,-0.027,-0.01334,-0.02445,-0.01424,-0.03095
4.0201,0.052668,0.052692,-0.024,-0.01372,-0.01418,-0.01449,-0.01271
4.0401,0.052392,0.052404,-0.012,-0.01390,-0.00311,-0.01419,0.01511
4.0601,0.052114,0.052110,0.004,-0.01384,0.00846,-0.01353,0.03272
4.0801,0.051840,0.051833,0.007,-0.01356,0.02017,-0.01330,0.01184
4.1001,0.051573,0.051564,0.009,-0.01304,0.03163,-0.01270,0.03007
4.1201,0.051319,0.051299,0.021,-0.01230,0.04249,-0.01147,0.06138
4.1401,0.051083,0.051050,0.032,-0.01135,0.05240,-0.01011,0.06764
4.1601,0.050867,0.050829,0.038,-0.01021,0.06103,-0.00885,0.06324
4.1801,0.050675,0.050630,0.046,-0.00892,0.06809,-0.00727,0.07889
4.2001,0.050511,0.050458,0.053,-0.00750,0.07333,-0.00563,0.08189
4.2201,0.050376,0.050318,0.058,-0.00600,0.07657,-0.00395,0.08441
4.2401,0.050271,0.050209,0.063,-0.00445,0.07769,-0.00227,0.08365
4.2601,0.050198,0.050137,0.061,-0.00290,0.07664,-0.00087,0.07034
4.2801,0.050155,0.050102,0.053,-0.00140,0.07343,0.00033,0.05982
4.3001,0.050141,0.050092,0.049,0.00002,0.06815,0.00166,0.06653
4.3201,0.050155,0.050097,0.058,0.00131,0.06094,0.00337,0.08532
4.3401,0.050193,0.050121,0.072,0.00245,0.05204,0.00507,0.08518
4.3601,0.050252,0.050178,0.073,0.00339,0.04169,0.00589,0.04094
4.3801,0.050327,0.050269,0.058,0.00411,0.03024,0.00590,0.00061
4.4001,0.050414,0.050382,0.033,0.00459,0.01800,0.00542,-0.02413
4.4201,0.050509,0.050494,0.014,0.00482,0.00539,0.00512,-0.01509
4.4401,0.050606,0.050595,0.011,0.00481,-0.00723,0.00512,0.00027
4.4601,0.050699,0.050695,0.004,0.00454,-0.01949,0.00462,-0.02516
4.4801,0.050786,0.050796,-0.010,0.00403,-0.03103,0.00353,-0.05466
4.5001,0.050859,0.050884,-0.025,0.00330,-0.04148,0.00229,-0.06171
4.5201,0.050916,0.050950,-0.034,0.00238,-0.05059,0.00113,-0.05822
4.5401,0.050953,0.050993,-0.040,0.00129,-0.05809,-0.00012,-0.06249
4.5601,0.050967,0.051009,-0.041,0.00007,-0.06381,-0.00136,-0.06172
4.5801,0.050956,0.051005,-0.049,-0.00125,-0.06764,-0.00300,-0.08228
4.6001,0.050917,0.050989,-0.072,-0.00262,-0.06952,-0.00533,-0.11666
4.6201,0.050851,0.050939,-0.088,-0.00402,-0.06950,-0.00720,-0.09311
4.6401,0.050756,0.050832,-0.076,-0.00539,-0.06765,-0.00782,-0.03094
4.6601,0.050635,0.050689,-0.054,-0.00671,-0.06415,-0.00831,-0.02493
4.6801,0.050489,0.050532,-0.044,-0.00795,-0.05923,-0.00932,-0.05003
4.7001,0.050318,0.050367,-0.049,-0.00907,-0.05314,-0.01081,-0.07478
4.7201,0.050127,0.050173,-0.046,-0.01007,-0.04623,-0.01159,-0.03915
4.7401,0.049916,0.049959,-0.042,-0.01092,-0.03882,-0.01231,-0.03587
4.7601,0.049691,0.049725,-0.035,-0.01162,-0.03127,-0.01271,-0.02016
4.7801,0.049453,0.049475,-0.022,-0.01217,-0.02397,-0.01280,-0.00420
4.8001,0.049205,0.049220,-0.015,-0.01258,-0.01724,-0.01301,-0.01066
4.8201,0.048950,0.048966,-0.015,-0.01287,-0.01143,-0.01339,-0.01893
4.8401,0.048691,0.048706,-0.015,-0.01305,-0.00681,-0.01356,-0.00860
4.8601,0.048429,0.048434,-0.005,-0.01315,-0.00361,-0.01321,0.01764
4.8801,0.048165,0.048162,0.003,-0.01320,-0.00200,-0.01299,0.01106
4.9001,0.047900,0.047904,-0.004,-0.01324,-0.00209,-0.01345,-0.02305
4.9201,0.047635,0.047641,-0.006,-0.01330,-0.00389,-0.01351,-0.00281
4.9402,0.047367,0.047374,-0.007,-0.01341,-0.00737,-0.01366,-0.00772
4.9601,0.047098,0.047100,-0.002,-0.01360,-0.01232,-0.01360,0.00277
4.9801,0.046823,0.046831,-0.007,-0.01391,-0.01861,-0.01422,-0.03094
5.0001,0.046541,0.046554,-0.012,-0.01435,-0.02590,-0.01482,-0.02981
5.0201,0.046249,0.046264,-0.015,-0.01495,-0.03387,-0.01549,-0.03367
5.0401,0.045943,0.045964,-0.022,-0.01571,-0.04211,-0.01651,-0.05096
5.0601,0.045620,0.045653,-0.034,-0.01663,-0.05020,-0.01791,-0.06974
5.0801,0.045276,0.045318,-0.041,-0.01771,-0.05768,-0.01919,-0.06430
5.1001,0.044910,0.044955,-0.045,-0.01893,-0.06408,-0.02048,-0.06440
5.1201,0.044518,0.044565,-0.047,-0.02026,-0.06895,-0.02188,-0.07006
5.1401,0.044098,0.044145,-0.047,-0.02168,-0.07189,-0.02327,-0.06928
5.1601,0.043650,0.043705,-0.054,-0.02313,-0.07251,-0.02506,-0.08950
5.1801,0.043174,0.043230,-0.056,-0.02456,-0.07051,-0.02650,-0.07223
5.2001,0.042668,0.042723,-0.055,-0.02593,-0.06566,-0.02779,-0.06423
5.2201,0.042138,0.042184,-0.046,-0.02717,-0.05785,-0.02864,-0.04265
5.2401,0.041583,0.041621,-0.038,-0.02822,-0.04701,-0.02943,-0.03924
5.2601,0.041011,0.041045,-0.034,-0.02903,-0.03324,-0.03014,-0.03550
5.2801,0.040424,0.040449,-0.024,-0.02953,-0.01670,-0.03026,-0.00619
5.3001,0.039832,0.039845,-0.013,-0.02968,0.00229,-0.02999,0.01345
5.3201,0.039240,0.039238,0.002,-0.02943,0.02334,-0.02921,0.03925
5.3401,0.038657,0.038641,0.017,-0.02874,0.04594,-0.02801,0.06000
5.3601,0.038094,0.038060,0.033,-0.02758,0.06949,-0.02627,0.08696
5.3801,0.037557,0.037505,0.052,-0.02595,0.09336,-0.02399,0.11366
5.4001,0.037059,0.036989,0.070,-0.02385,0.11679,-0.02129,0.13517
5.4201,0.036606,0.036519,0.088,-0.02129,0.13907,-0.01811,0.15901
5.4401,0.036210,0.036100,0.109,-0.01830,0.15943,-0.01434,0.18856
5.4601,0.035877,0.035754,0.123,-0.01493,0.17711,-0.01061,0.18627
5.4801,0.035615,0.035479,0.136,-0.01124,0.19140,-0.00648,0.20666
5.5001,0.035429,0.035281,0.148,-0.00730,0.20167,-0.00214,0.21688
5.5201,0.035324,0.035163,0.161,-0.00320,0.20737,0.00240,0.22705
5.5401,0.035301,0.035139,0.162,0.00096,0.20803,0.00649,0.20429
5.5601,0.035362,0.035176,0.185,0.00508,0.20335,0.01164,0.25790
5.5801,0.035503,0.035305,0.198,0.00905,0.19314,0.01595,0.21514
5.6001,0.035722,0.035548,0.174,0.01277,0.17737,0.01844,0.12447
5.6201,0.036012,0.035874,0.138,0.01611,0.15619,0.02040,0.09824
5.6401,0.036363,0.036249,0.114,0.01898,0.12991,0.02260,0.11022
5.6601,0.036768,0.036663,0.105,0.02128,0.09889,0.02475,0.10742
5.6801,0.037210,0.037125,0.085,0.02291,0.06408,0.02559,0.04184
5.7001,0.037679,0.037627,0.052,0.02382,0.02596,0.02521,-0.01874
5.7201,0.038158,0.038140,0.017,0.02394,-0.01448,0.02415,-0.05332
5.7401,0.038631,0.038637,-0.006,0.02323,-0.05621,0.02275,-0.06971
5.7601,0.039082,0.039119,-0.037,0.02169,-0.09813,0.02009,-0.13310
5.7801,0.039493,0.039567,-0.074,0.01931,-0.13907,0.01639,-0.18492
5.8001,0.039849,0.039959,-0.110,0.01613,-0.17792,0.01201,-0.21900
5.8201,0.040134,0.040271,-0.138,0.01222,-0.21334,0.00723,-0.23895
5.8401,0.040333,0.040498,-0.165,0.00763,-0.24437,0.00174,-0.27489
5.8601,0.040435,0.040622,-0.187,0.00248,-0.26991,-0.00411,-0.29218
5.8801,0.040429,0.040640,-0.211,-0.00312,-0.28903,-0.01055,-0.32211
5.9001,0.040308,0.040567,-0.259,-0.00904,-0.30095,-0.01837,-0.39131
5.9201,0.040067,0.040354,-0.287,-0.01511,-0.30500,-0.02519,-0.34077
5.9401,0.039704,0.039978,-0.274,-0.02118,-0.30080,-0.03033,-0.25684
5.9601,0.039221,0.039464,-0.243,-0.02708,-0.28810,-0.03501,-0.23431
5.9801,0.038623,0.038845,-0.222,-0.03265,-0.26693,-0.03994,-0.24623
6.0001,0.037918,0.038129,-0.211,-0.03771,-0.25387,-0.04478,-0.24219
6.0201,0.037116,0.037314,-0.198,-0.04245,-0.21945,-0.04904,-0.21284
6.0401,0.036225,0.036402,-0.177,-0.04644,-0.17839,-0.05221,-0.15842
6.0601,0.035264,0.035407,-0.142,-0.04955,-0.13154,-0.05401,-0.09005
6.0801,0.034249,0.034353,-0.104,-0.05167,-0.07968,-0.05478,-0.03835
6.1001,0.033205,0.033265,-0.060,-0.05271,-0.02406,-0.05428,0.02499
6.1201,0.032150,0.032167,-0.017,-0.05261,0.03432,-0.05273,0.07730
6.1401,0.031108,0.031084,0.025,-0.05133,0.09416,-0.05003,0.13476
6.1601,0.030104,0.030036,0.068,-0.04884,0.15416,-0.04606,0.19846
6.1801,0.029162,0.029047,0.116,-0.04517,0.21284,-0.04071,0.26777
6.2001,0.028305,0.028140,0.165,-0.04035,0.26895,-0.03419,0.32582
6.2201,0.027555,0.027343,0.212,-0.03443,0.32112,-0.02671,0.37404
6.2401,0.026935,0.026676,0.258,-0.02754,0.36789,-0.01826,0.42261
6.2601,0.026459,0.026159,0.300,-0.01976,0.40834,-0.00908,0.45892
6.2801,0.026149,0.025812,0.337,-0.01126,0.44110,0.00061,0.48435
6.3001,0.026013,0.025645,0.368,-0.00217,0.46542,0.01068,0.50362
6.3201,0.026064,0.025659,0.405,0.00729,0.48044,0.02147,0.53971
6.3401,0.026307,0.025867,0.440,0.01697,0.48561,0.03230,0.54137
6.3601,0.026743,0.026298,0.445,0.02665,0.48053,0.04184,0.47714
6.3801,0.027372,0.026952,0.420,0.03614,0.46503,0.05016,0.41568
6.4001,0.028185,0.027801,0.384,0.04518,0.43925,0.05782,0.38341
6.4201,0.029175,0.028821,0.354,0.05363,0.40341,0.06533,0.37524
6.4401,0.030325,0.029997,0.328,0.06126,0.35809,0.07213,0.34025
6.4601,0.031618,0.031323,0.295,0.06789,0.30400,0.07755,0.27078
6.4801,0.033034,0.032788,0.246,0.07337,0.24205,0.08118,0.18171
6.5001,0.034544,0.034358,0.186,0.07753,0.17355,0.08320,0.10105
6.5203,0.036140,0.035996,0.144,0.08029,0.09892,0.08470,0.07500
6.5401,0.037744,0.037671,0.073,0.08149,0.02187,0.08320,-0.07529
6.5601,0.039373,0.039363,0.010,0.08113,-0.05832,0.08076,-0.12183
6.5801,0.040979,0.041022,-0.043,0.07915,-0.13929,0.07711,-0.18239
6.6001,0.042528,0.042630,-0.102,0.07557,-0.21919,0.07143,-0.28397
6.6201,0.043990,0.044163,-0.173,0.07040,-0.29655,0.06375,-0.38405
6.6401,0.045334,0.045576,-0.242,0.06373,-0.36966,0.05472,-0.45151
6.6601,0.046530,0.046837,-0.307,0.05565,-0.43696,0.04451,-0.51058
6.6801,0.047552,0.047915,-0.363,0.04629,-0.49697,0.03333,-0.55885
6.7001,0.048375,0.048792,-0.417,0.03583,-0.54828,0.02104,-0.61457
6.7201,0.048979,0.049448,-0.469,0.02443,-0.58978,0.00792,-0.65604
6.7401,0.049348,0.049861,-0.513,0.01231,-0.62051,-0.00563,-0.67783
6.7601,0.049468,0.050021,-0.553,-0.00031,-0.63968,-0.01954,-0.69525
6.7801,0.049333,0.049933,-0.600,-0.01319,-0.64679,-0.03410,-0.72822
6.8001,0.048940,0.049555,-0.615,-0.02610,-0.64156,-0.04719,-0.65456
6.8201,0.048291,0.048883,-0.592,-0.03877,-0.62399,-0.05863,-0.57188
6.8401,0.047392,0.047936,-0.544,-0.05098,-0.59426,-0.06897,-0.51687
6.8601,0.046257,0.046754,-0.497,-0.06247,-0.55296,-0.07884,-0.49369
6.8801,0.044898,0.045357,-0.460,-0.07304,-0.50065,-0.08825,-0.47050
6.9001,0.043343,0.043762,-0.419,-0.08243,-0.43862,-0.09621,-0.39784
6.9201,0.041608,0.041975,-0.367,-0.09052,-0.36763,-0.10242,-0.31071
6.9401,0.039732,0.040029,-0.297,-0.09710,-0.28952,-0.10645,-0.20115
6.9601,0.037735,0.037956,-0.221,-0.10206,-0.20540,-0.10874,-0.11465
6.9801,0.035660,0.035810,-0.149,-0.10529,-0.11726,-0.10958,-0.04176
7.0001,0.033538,0.033626,-0.088,-0.10673,-0.02666,-0.10904,0.02680
7.0201,0.031402,0.031433,-0.031,-0.10635,0.06469,-0.10677,0.11323
7.0401,0.029297,0.029255,0.041,-0.10416,0.15462,-0.10195,0.24114
7.0601,0.027252,0.027125,0.127,-0.10019,0.24165,-0.09494,0.35052
7.0802,0.025289,0.025098,0.191,-0.09448,0.32456,-0.08729,0.38278
7.1001,0.023481,0.023213,0.269,-0.08727,0.40003,-0.07728,0.50023
7.1201,0.021820,0.021483,0.338,-0.07857,0.46821,-0.06633,0.54768
7.1401,0.020347,0.019948,0.399,-0.06860,0.52720,-0.05437,0.59783
7.1601,0.019084,0.018634,0.450,-0.05756,0.57587,-0.04171,0.63308
7.1801,0.018050,0.017555,0.495,-0.04564,0.61329,-0.02831,0.67018
7.2001,0.017261,0.016731,0.531,-0.03309,0.63880,-0.01466,0.68248
7.2201,0.016728,0.016165,0.563,-0.02017,0.65191,-0.00065,0.70019
7.2401,0.016456,0.015877,0.579,-0.00709,0.65247,0.01275,0.67030
7.2601,0.016444,0.015858,0.585,0.00585,0.64058,0.02583,0.65369
7.2801,0.016687,0.016093,0.595,0.01844,0.61655,0.03876,0.64660
7.3001,0.017178,0.016602,0.576,0.03045,0.58093,0.04981,0.55273
7.3201,0.017899,0.017381,0.518,0.04161,0.53470,0.05859,0.43903
7.3401,0.018835,0.018390,0.445,0.05176,0.47876,0.06611,0.37555
7.3601,0.019962,0.019582,0.380,0.06070,0.41441,0.07290,0.33993
7.3801,0.021254,0.020926,0.327,0.06829,0.34301,0.07884,0.29695
7.4001,0.022684,0.022405,0.279,0.07439,0.26605,0.08334,0.22461
7.4201,0.024221,0.024004,0.217,0.07891,0.18521,0.08562,0.11421
7.4401,0.025829,0.025687,0.142,0.08179,0.10235,0.08578,0.00816
7.4601,0.027480,0.027407,0.074,0.08300,0.01891,0.08475,-0.05173
7.4801,0.029137,0.029124,0.013,0.08255,-0.06318,0.08233,-0.12067
7.5001,0.030772,0.030819,-0.046,0.08049,-0.14253,0.07826,-0.20375
7.5201,0.032347,0.032453,-0.106,0.07689,-0.21720,0.07262,-0.28211
7.5401,0.033838,0.034008,-0.170,0.07184,-0.28607,0.06536,-0.36308
7.5601,0.035212,0.035445,-0.233,0.06549,-0.34759,0.05689,-0.42332
7.5801,0.036450,0.036736,-0.286,0.05799,-0.40078,0.04766,-0.46141
7.6001,0.037525,0.037857,-0.333,0.04953,-0.44452,0.03772,-0.49727
7.6201,0.038424,0.038795,-0.371,0.04029,-0.47828,0.02726,-0.52279
7.6401,0.039132,0.039533,-0.401,0.03047,-0.50148,0.01649,-0.53830
7.6601,0.039640,0.040068,-0.428,0.02030,-0.51385,0.00547,-0.55124
7.6801,0.039943,0.040381,-0.438,0.00999,-0.51536,-0.00501,-0.52416
7.7001,0.040040,0.040480,-0.440,-0.00024,-0.50623,-0.01522,-0.51034
7.7201,0.039936,0.040392,-0.456,-0.01019,-0.48688,-0.02588,-0.53319
7.7401,0.039636,0.040084,-0.447,-0.01965,-0.45795,-0.03476,-0.44401
7.7601,0.039154,0.039561,-0.407,-0.02845,-0.42030,-0.04184,-0.35358
7.7801,0.038504,0.038851,-0.347,-0.03641,-0.37493,-0.04756,-0.28614
7.8001,0.037704,0.037999,-0.295,-0.04340,-0.32296,-0.05287,-0.26531
7.8201,0.036774,0.037031,-0.257,-0.04930,-0.26573,-0.05762,-0.23786
7.8401,0.035739,0.035952,-0.213,-0.05401,-0.20462,-0.06078,-0.15773
7.8601,0.034622,0.034783,-0.161,-0.05747,-0.14103,-0.06236,-0.07938
7.8801,0.033449,0.033558,-0.109,-0.05964,-0.07641,-0.06278,-0.02071
7.9001,0.032245,0.032300,-0.055,-0.06053,-0.01219,-0.06182,0.04798
7.9201,0.031036,0.031044,-0.008,-0.06014,0.05023,-0.05988,0.09715
7.9401,0.029848,0.029812,0.037,-0.05854,0.10949,-0.05681,0.15353
7.9601,0.028703,0.028626,0.077,-0.05579,0.16445,-0.05274,0.20351
7.9801,0.027623,0.027499,0.124,-0.05200,0.21401,-0.04727,0.27323
8.0001,0.026629,0.026457,0.172,-0.04727,0.25715,-0.04089,0.31914
8.0201,0.025736,0.025526,0.210,-0.04175,0.29318,-0.03418,0.33535
8.0401,0.024963,0.024729,0.234,-0.03560,0.32138,-0.02739,0.33946
8.0601,0.024316,0.024062,0.254,-0.02896,0.34148,-0.02010,0.36479
8.0801,0.023806,0.023533,0.273,-0.02200,0.35322,-0.01249,0.38020
8.1001,0.023438,0.023149,0.289,-0.01488,0.35661,-0.00489,0.38027
8.1201,0.023211,0.022922,0.289,-0.00779,0.35181,0.00202,0.34533
8.1401,0.023125,0.022844,0.281,-0.00086,0.33919,0.00863,0.33040
8.1601,0.023174,0.022879,0.295,0.00573,0.31933,0.01592,0.36464
8.1801,0.023351,0.023059,0.292,0.01187,0.29287,0.02177,0.29269
8.2001,0.023645,0.023387,0.258,0.01741,0.26063,0.02582,0.20207
8.2201,0.024043,0.023835,0.208,0.02226,0.22359,0.02876,0.14714
8.2401,0.024530,0.024363,0.167,0.02633,0.18274,0.03157,0.14039
8.2601,0.025090,0.024951,0.139,0.02955,0.13921,0.03394,0.11890
8.2801,0.025706,0.025591,0.115,0.03188,0.09398,0.03552,0.07896
8.3001,0.026359,0.026279,0.080,0.03330,0.04826,0.03563,0.00523
8.3201,0.027032,0.026992,0.040,0.03382,0.00312,0.03473,-0.04480
8.3401,0.027706,0.027705,0.001,0.03344,-0.04042,0.03304,-0.08470
8.3601,0.028364,0.028392,-0.028,0.03222,-0.08140,0.03093,-0.10533
8.3801,0.028989,0.029045,-0.056,0.03021,-0.11892,0.02801,-0.14590
8.4001,0.029567,0.029656,-0.089,0.02749,-0.15222,0.02412,-0.19479
8.4201,0.030085,0.030205,-0.120,0.02415,-0.18071,0.01971,-0.22045
8.4401,0.030530,0.030671,-0.141,0.02030,-0.20388,0.01527,-0.22218
8.4601,0.030894,0.031051,-0.157,0.01603,-0.22141,0.01050,-0.23817
8.4801,0.031169,0.031342,-0.173,0.01148,-0.23310,0.00543,-0.25348
8.5001,0.031352,0.031536,-0.184,0.00675,-0.23893,0.00035,-0.25421
8.5201,0.031439,0.031628,-0.190,0.00196,-0.23902,-0.00455,-0.24485
8.5401,0.031430,0.031623,-0.193,-0.00278,-0.23362,-0.00935,-0.24029
8.5601,0.031329,0.031542,-0.213,-0.00735,-0.22313,-0.01483,-0.27373
8.5801,0.031138,0.031352,-0.214,-0.01167,-0.20805,-0.01895,-0.20579
8.6001,0.030864,0.031045,-0.181,-0.01565,-0.18899,-0.02145,-0.12539
8.6201,0.030515,0.030658,-0.144,-0.01921,-0.16663,-0.02368,-0.11137
8.6401,0.030099,0.030219,-0.120,-0.02230,-0.14172,-0.02614,-0.12282
8.6601,0.029626,0.029738,-0.111,-0.02487,-0.11503,-0.02855,-0.12067
8.6801,0.029108,0.029205,-0.098,-0.02689,-0.08737,-0.03007,-0.07615
8.7001,0.028554,0.028628,-0.074,-0.02836,-0.05953,-0.03061,-0.02668
8.7201,0.027977,0.028022,-0.044,-0.02928,-0.03228,-0.03046,0.00711
8.7401,0.027387,0.027409,-0.022,-0.02966,-0.00630,-0.03016,0.01508
8.7601,0.026794,0.026801,-0.006,-0.02954,0.01776,-0.02959,0.02883
8.7801,0.026208,0.026197,0.012,-0.02897,0.03934,-0.02838,0.06051
8.8001,0.025638,0.025608,0.030,-0.02799,0.05799,-0.02676,0.08060
8.8201,0.025091,0.025047,0.045,-0.02667,0.07334,-0.02500,0.08842
8.8401,0.024573,0.024517,0.056,-0.02508,0.08517,-0.02306,0.09678
8.8601,0.024089,0.024025,0.064,-0.02328,0.09335,-0.02103,0.10166
8.8801,0.023642,0.023575,0.067,-0.02137,0.09789,-0.01904,0.09956
8.9001,0.023234,0.023163,0.071,-0.01939,0.09890,-0.01692,0.10563
8.9201,0.022867,0.022796,0.071,-0.01743,0.09662,-0.01504,0.09432
8.9401,0.022537,0.022461,0.076,-0.01555,0.09136,-0.01292,0.10564
8.9601,0.022244,0.022168,0.076,-0.01379,0.08356,-0.01121,0.08589
8.9801,0.021984,0.021922,0.062,-0.01222,0.07369,-0.01027,0.04696
9.0001,0.021754,0.021704,0.049,-0.01086,0.06230,-0.00932,0.04749
9.0201,0.021548,0.021503,0.045,-0.00973,0.04997,-0.00825,0.05359
9.0401,0.021363,0.021324,0.039,-0.00886,0.03729,-0.00760,0.03213
9.0601,0.021192,0.021163,0.029,-0.00824,0.02486,-0.00736,0.01193
9.0801,0.021031,0.021014,0.017,-0.00786,0.01327,-0.00741,-0.00235
9.1001,0.020876,0.020873,0.003,-0.00770,0.00303,-0.00775,-0.01690
9.1201,0.020722,0.020726,-0.004,-0.00773,-0.00536,-0.00792,-0.00868
9.1401,0.020566,0.020567,-0.001,-0.00790,-0.01150,-0.00792,0.00022
9.1602,0.020404,0.020408,-0.004,-0.00817,-0.01509,-0.00833,-0.02074
9.1801,0.020239,0.020244,-0.005,-0.00848,-0.01587,-0.00866,-0.01623
9.2001,0.020066,0.020076,-0.010,-0.00879,-0.01377,-0.00916,-0.02514
9.2201,0.019888,0.019906,-0.018,-0.00902,-0.00877,-0.00972,-0.02781
9.2401,0.019706,0.019719,-0.013,-0.00912,-0.00098,-0.00949,0.01144
9.2601,0.019524,0.019523,0.001,-0.00904,0.00939,-0.00886,0.03163
9.2801,0.019346,0.019336,0.011,-0.00873,0.02199,-0.00825,0.03042
9.3001,0.019177,0.019160,0.017,-0.00815,0.03643,-0.00751,0.03703
9.3201,0.019023,0.019003,0.019,-0.00726,0.05219,-0.00658,0.04629
9.3401,0.018889,0.018860,0.029,-0.00605,0.06868,-0.00496,0.08109
9.3601,0.018783,0.018736,0.047,-0.00451,0.08530,-0.00272,0.11193
9.3801,0.018711,0.018640,0.071,-0.00265,0.10136,0.00003,0.13758
9.4001,0.018679,0.018597,0.082,-0.00047,0.11619,0.00245,0.12087
9.4201,0.018694,0.018602,0.092,0.00199,0.12911,0.00522,0.13833
9.4401,0.018760,0.018639,0.121,0.00468,0.13949,0.00912,0.19526
9.4601,0.018882,0.018737,0.145,0.00755,0.14672,0.01277,0.18232
9.4801,0.019063,0.018926,0.137,0.01053,0.15025,0.01508,0.11589
9.5001,0.019304,0.019191,0.112,0.01353,0.14966,0.01709,0.10015
9.5201,0.019604,0.019498,0.105,0.01648,0.14458,0.01999,0.14513
9.5401,0.019962,0.019849,0.113,0.01929,0.13480,0.02322,0.16125
9.5601,0.020374,0.020259,0.114,0.02184,0.12025,0.02575,0.12651
9.5801,0.020833,0.020732,0.101,0.02406,0.10094,0.02736,0.08056
9.6001,0.021333,0.021253,0.079,0.02585,0.07703,0.02831,0.04763
9.6201,0.021864,0.021807,0.057,0.02711,0.04883,0.02880,0.02429
9.6401,0.022413,0.022376,0.038,0.02778,0.01686,0.02884,0.00227
9.6601,0.022970,0.022954,0.016,0.02777,-0.01838,0.02807,-0.03858
9.6801,0.023519,0.023530,-0.010,0.02702,-0.05613,0.02638,-0.08458
9.7001,0.024046,0.024086,-0.039,0.02551,-0.09562,0.02385,-0.12630
9.7201,0.024535,0.024602,-0.068,0.02319,-0.13590,0.02059,-0.16313
9.7401,0.024968,0.025071,-0.102,0.02008,-0.17600,0.01621,-0.21911
9.7601,0.025332,0.025470,-0.138,0.01616,-0.21499,0.01109,-0.25569
9.7801,0.025610,0.025777,-0.167,0.01149,-0.25180,0.00549,-0.28027
9.8001,0.025787,0.025987,-0.200,0.00610,-0.28546,-0.00107,-0.32798
9.8201,0.025850,0.026077,-0.227,0.00009,-0.31487,-0.00791,-0.34176
9.8401,0.025787,0.026056,-0.269,-0.00644,-0.33913,-0.01605,-0.40710
9.8601,0.025589,0.025904,-0.314,-0.01342,-0.35747,-0.02461,-0.42813
9.8801,0.025248,0.025577,-0.329,-0.02070,-0.36911,-0.03204,-0.37162
9.9001,0.024760,0.025073,-0.314,-0.02815,-0.37343,-0.03865,-0.33011
9.9201,0.024123,0.024418,-0.295,-0.03559,-0.36996,-0.04543,-0.33904
9.9401,0.023337,0.023628,-0.292,-0.04289,-0.35841,-0.05277,-0.36695
9.9601,0.022409,0.022703,-0.294,-0.04987,-0.33869,-0.05987,-0.35518
9.9801,0.021346,0.021626,-0.279,-0.05638,-0.31084,-0.06572,-0.29250
10.0001,0.020160,0.020410,-0.251,-0.06224,-0.27512,-0.07045,-0.23647
10.0201,0.018863,0.019077,-0.214,-0.06733,-0.23196,-0.07420,-0.18769
10.0401,0.017473,0.017650,-0.177,-0.07148,-0.18199,-0.07708,-0.14360
10.0601,0.016011,0.016149,-0.138,-0.07457,-0.12603,-0.07883,-0.08787
10.0801,0.014494,0.014598,-0.103,-0.07649,-0.06488,-0.07961,-0.03878
10.1001,0.012959,0.013013,-0.054,-0.07714,-0.00008,-0.07842,0.05965
10.1201,0.011420,0.011420,-0.000,-0.07647,0.06759,-0.07590,0.12593
10.1401,0.009909,0.009858,0.050,-0.07443,0.13661,-0.07216,0.18681
10.1601,0.008453,0.008351,0.101,-0.07101,0.20557,-0.06699,0.25834
10.1801,0.007078,0.006920,0.158,-0.06622,0.27312,-0.06022,0.33851
10.2001,0.005812,0.005595,0.217,-0.06010,0.33784,-0.05208,0.40717
10.2201,0.004682,0.004408,0.274,-0.05273,0.39824,-0.04278,0.46517
10.2401,0.003711,0.003385,0.326,-0.04421,0.45300,-0.03256,0.51065
10.2601,0.002920,0.002544,0.376,-0.03465,0.50086,-0.01531,0.00000
10.2801,0.002330,0.001909,0.421,-0.02422,0.54069,-0.00381,0.00000
10.3001,0.002000,0.001578,0.422,-0.01308,0.57151,0.00125,0.25328
10.3201,0.002000,0.001515,0.485,-0.00143,0.59246,0.01574,0.72452
10.3401,0.002000,0.001542,0.458,0.01054,0.60294,0.02581,0.50340
10.3601,0.002232,0.001835,0.397,0.02261,0.60256,0.03543,0.48069
10.3801,0.002805,0.002361,0.443,0.03457,0.59109,0.05016,0.73662
10.4001,0.003613,0.003084,0.529,0.04619,0.56858,0.06513,0.74855
10.4201,0.004649,0.004079,0.569,0.05724,0.53533,0.07704,0.59570
10.4401,0.005897,0.005374,0.523,0.06752,0.49187,0.08481,0.38815
10.4601,0.007343,0.006926,0.417,0.07685,0.43883,0.08984,0.25151
10.4801,0.008964,0.008646,0.318,0.08503,0.37725,0.09475,0.24557
10.5001,0.010735,0.010466,0.269,0.09189,0.30824,0.10052,0.28863
10.5201,0.012630,0.012382,0.248,0.09731,0.23309,0.10550,0.24887
10.5401,0.014617,0.014414,0.204,0.10118,0.15328,0.10762,0.10622
10.5601,0.016667,0.016540,0.127,0.10342,0.07033,0.10688,-0.03725
10.5801,0.018744,0.018695,0.049,0.10399,-0.01409,0.10479,-0.10440
10.6001,0.020815,0.020830,-0.016,0.10286,-0.09823,0.10162,-0.15830
10.6201,0.022847,0.022921,-0.075,0.10007,-0.18047,0.09689,-0.23691
10.6401,0.024807,0.024945,-0.138,0.09567,-0.25911,0.09027,-0.33081
10.6601,0.026664,0.026868,-0.204,0.08974,-0.33258,0.08206,-0.41028
10.6801,0.028391,0.028659,-0.268,0.08239,-0.39941,0.07259,-0.47381
10.7001,0.029951,0.030284,-0.333,0.07383,-0.45785,0.06179,-0.53972
10.7201,0.031332,0.031722,-0.389,0.06416,-0.50715,0.05031,-0.57426
10.7401,0.032511,0.032944,-0.434,0.05362,-0.54609,0.03838,-0.59628
10.7601,0.033472,0.033941,-0.469,0.04240,-0.57391,0.02605,-0.61659
10.7801,0.034204,0.034697,-0.493,0.03074,-0.58999,0.01371,-0.61687
10.8001,0.034700,0.035207,-0.507,0.01887,-0.59401,0.00148,-0.61183
10.8201,0.034959,0.035471,-0.512,0.00706,-0.58590,-0.01039,-0.59355
10.8401,0.034984,0.035493,-0.508,-0.00448,-0.56582,-0.02173,-0.56700
10.8601,0.034783,0.035303,-0.519,-0.01550,-0.53422,-0.03328,-0.57727
10.8801,0.034368,0.034869,-0.501,-0.02580,-0.49168,-0.04261,-0.46665
10.9001,0.033758,0.034194,-0.436,-0.03511,-0.43938,-0.04921,-0.33000
10.9201,0.032972,0.033326,-0.354,-0.04330,-0.37819,-0.05444,-0.26156
10.9401,0.032035,0.032324,-0.289,-0.05019,-0.30947,-0.05932,-0.24375
10.9601,0.030974,0.031213,-0.239,-0.05564,-0.23473,-0.06323,-0.19553
10.9801,0.029819,0.030008,-0.189,-0.05955,-0.15552,-0.06544,-0.11038
11.0001,0.028603,0.028731,-0.128,-0.06184,-0.07369,-0.06550,-0.00321
11.0201,0.027356,0.027415,-0.059,-0.06249,0.00931,-0.06374,0.08808
11.0401,0.026113,0.026106,0.006,-0.06148,0.09148,-0.06054,0.15990
11.0601,0.024909,0.024840,0.069,-0.05885,0.17100,-0.05581,0.23635
11.0801,0.023770,0.023639,0.131,-0.05467,0.24648,-0.04954,0.31389
11.1001,0.022731,0.022537,0.194,-0.04903,0.31611,-0.04172,0.39086
11.1201,0.021818,0.021562,0.257,-0.04207,0.37849,-0.03267,0.45255
11.1401,0.021056,0.020748,0.308,-0.03395,0.43234,-0.02289,0.48886
11.1601,0.020467,0.020108,0.359,-0.02484,0.47653,-0.01208,0.54075
11.1801,0.020068,0.019668,0.400,-0.01496,0.51015,-0.00093,0.55729
11.2001,0.019872,0.019441,0.431,-0.00450,0.53259,0.01050,0.57134
11.2201,0.019889,0.019433,0.457,0.00626,0.54331,0.02207,0.57845
11.2401,0.020124,0.019624,0.500,0.01715,0.54224,0.03463,0.62841
11.2601,0.020574,0.020064,0.510,0.02788,0.52945,0.04532,0.53432
11.2801,0.021236,0.020756,0.480,0.03824,0.50526,0.05424,0.44600
11.3001,0.022101,0.021674,0.427,0.04803,0.47022,0.06196,0.38620
11.3201,0.023151,0.022773,0.378,0.05698,0.42531,0.06929,0.36630
11.3401,0.024373,0.024033,0.340,0.06497,0.37132,0.07609,0.34013
11.3601,0.025742,0.025440,0.302,0.07179,0.30964,0.08165,0.27811
11.3801,0.027236,0.026984,0.252,0.07731,0.24155,0.08530,0.18250
11.4001,0.028825,0.028644,0.182,0.08142,0.16862,0.08682,0.07590
11.4201,0.030482,0.030358,0.124,0.08403,0.09241,0.08763,0.04043
11.4401,0.032177,0.032103,0.073,0.08510,0.01456,0.08703,-0.03014
11.4601,0.033877,0.033858,0.018,0.08461,-0.06324,0.08464,-0.11945
11.4801,0.035551,0.035594,-0.043,0.08259,-0.13927,0.08043,-0.21028
11.5001,0.037170,0.037280,-0.110,0.07907,-0.21195,0.07459,-0.29235
11.5201,0.038706,0.038877,-0.171,0.07413,-0.27986,0.06766,-0.34614
11.5401,0.040128,0.040356,-0.229,0.06791,-0.34138,0.05951,-0.40787
11.5601,0.041414,0.041693,-0.279,0.06053,-0.39540,0.05050,-0.45043
11.5801,0.042541,0.042864,-0.323,0.05216,-0.44077,0.04070,-0.48987
11.6001,0.043494,0.043859,-0.364,0.04296,-0.47671,0.03012,-0.52907
11.6201,0.044256,0.044656,-0.400,0.03316,-0.50244,0.01917,-0.54740
11.6401,0.044818,0.045246,-0.428,0.02294,-0.51759,0.00806,-0.55550
11.6601,0.045173,0.045615,-0.442,0.01252,-0.52191,-0.00265,-0.53567
11.6801,0.045319,0.045758,-0.439,0.00214,-0.51545,-0.01277,-0.50568
11.7001,0.045260,0.045714,-0.454,-0.00803,-0.49846,-0.02365,-0.54399
11.7201,0.045001,0.045459,-0.458,-0.01773,-0.47147,-0.03334,-0.48468
11.7401,0.044555,0.044981,-0.426,-0.02681,-0.43513,-0.04096,-0.38110
11.7601,0.043933,0.044301,-0.368,-0.03509,-0.39028,-0.04695,-0.29926
11.7801,0.043158,0.043467,-0.309,-0.04238,-0.33819,-0.05225,-0.26523
11.8001,0.042246,0.042505,-0.259,-0.04857,-0.27983,-0.05682,-0.22833
11.8201,0.041223,0.041440,-0.216,-0.05354,-0.21671,-0.06043,-0.18075
11.8401,0.040113,0.040285,-0.172,-0.05721,-0.15012,-0.06257,-0.10690
11.8601,0.038944,0.039061,-0.118,-0.05953,-0.08157,-0.06294,-0.01827
11.8801,0.037741,0.037804,-0.063,-0.06047,-0.01253,-0.06202,0.04587
11.9001,0.036534,0.036545,-0.011,-0.06004,0.05554,-0.05983,0.10934
11.9201,0.035348,0.035308,0.040,-0.05827,0.12122,-0.05633,0.17512
11.9401,0.034212,0.034122,0.090,-0.05522,0.18312,-0.05163,0.23489
11.9601,0.033148,0.033004,0.144,-0.05098,0.24007,-0.04550,0.30675
11.9801,0.032179,0.031984,0.195,-0.04565,0.29097,-0.03847,0.35140
12.0001,0.031328,0.031093,0.235,-0.03939,0.33475,-0.03095,0.37572
12.0201,0.030610,0.030340,0.269,-0.03232,0.37078,-0.02279,0.40818
12.0401,0.030039,0.029740,0.299,-0.02460,0.39841,-0.01411,0.43421
12.0601,0.029628,0.029301,0.326,-0.01642,0.41725,-0.00503,0.45361
12.0801,0.029384,0.029035,0.348,-0.00797,0.42706,0.00411,0.45707
12.1001,0.029310,0.028957,0.353,0.00058,0.42792,0.01262,0.42559
12.1201,0.029407,0.029031,0.375,0.00908,0.42001,0.02210,0.47404
12.1401,0.029671,0.029287,0.384,0.01733,0.40373,0.03049,0.41931
12.1601,0.030097,0.029739,0.358,0.02517,0.37964,0.03705,0.32808
12.1801,0.030674,0.030363,0.311,0.03247,0.34845,0.04254,0.27446
12.2001,0.031391,0.031120,0.271,0.03907,0.31105,0.04784,0.26507
12.2201,0.032232,0.031987,0.245,0.04487,0.26839,0.05291,0.25381
12.2401,0.033180,0.032960,0.220,0.04978,0.22151,0.05700,0.20435
12.2601,0.034216,0.034046,0.170,0.05371,0.17162,0.05896,0.09799
12.2801,0.035322,0.035189,0.133,0.05663,0.11978,0.06075,0.08950
12.3001,0.036476,0.036394,0.081,0.05850,0.06718,0.06069,-0.00280
12.3201,0.037655,0.037600,0.055,0.05932,0.01506,0.06090,0.01014
12.3401,0.038839,0.038827,0.012,0.05911,-0.03558,0.05907,-0.09156
12.3601,0.040011,0.040030,-0.018,0.05791,-0.08377,0.05695,-0.10586
12.3801,0.041150,0.041204,-0.054,0.05579,-0.12853,0.05357,-0.16895
12.4001,0.042237,0.042350,-0.113,0.05280,-0.16904,0.04833,-0.26222
12.4201,0.043257,0.043392,-0.136,0.04906,-0.20463,0.04419,-0.20671
12.4401,0.044195,0.044344,-0.149,0.04465,-0.23476,0.03943,-0.23829
12.4601,0.045040,0.045213,-0.174,0.03970,-0.25905,0.03353,-0.29482
12.4801,0.045780,0.045996,-0.216,0.03433,-0.27722,0.02652,-0.35028
12.5001,0.046411,0.046639,-0.228,0.02866,-0.28924,0.02077,-0.28758
12.5201,0.046925,0.047156,-0.231,0.02280,-0.29517,0.01491,-0.29286
12.5401,0.047322,0.047550,-0.227,0.01689,-0.29521,0.00921,-0.28547
12.5601,0.047601,0.047828,-0.226,0.01103,-0.28972,0.00334,-0.29321
12.5801,0.047765,0.047996,-0.232,0.00534,-0.27916,-0.00259,-0.29665
12.6001,0.047817,0.048039,-0.223,-0.00010,-0.26410,-0.00759,-0.24977
12.6201,0.047763,0.047993,-0.231,-0.00521,-0.24519,-0.01313,-0.27734
12.6401,0.047611,0.047837,-0.227,-0.00990,-0.22313,-0.01757,-0.22192
12.6601,0.047370,0.047562,-0.193,-0.01412,-0.19877,-0.02029,-0.13578
12.6801,0.047050,0.047205,-0.155,-0.01784,-0.17279,-0.02270,-0.12075
12.7001,0.046660,0.046797,-0.136,-0.02102,-0.14601,-0.02545,-0.13731
12.7201,0.046212,0.046326,-0.114,-0.02368,-0.11913,-0.02729,-0.09206
12.7401,0.045717,0.045806,-0.090,-0.02579,-0.09290,-0.02857,-0.06422
12.7601,0.045184,0.045254,-0.071,-0.02740,-0.06794,-0.02959,-0.05080
12.7801,0.044624,0.044678,-0.054,-0.02852,-0.04484,-0.03016,-0.02871
12.8001,0.044046,0.044079,-0.033,-0.02921,-0.02403,-0.03011,0.00289
12.8202,0.043455,0.043481,-0.026,-0.02950,-0.00581,-0.03031,-0.00998
12.8401,0.042868,0.042878,-0.010,-0.02946,0.00930,-0.02963,0.03404
12.8601,0.042282,0.042265,0.016,-0.02915,0.02143,-0.02831,0.06604
12.8801,0.041703,0.041676,0.027,-0.02863,0.03049,-0.02761,0.03483
12.9001,0.041137,0.041120,0.017,-0.02795,0.03652,-0.02747,0.00705
12.9201,0.040586,0.040568,0.018,-0.02719,0.03975,-0.02657,0.04491
12.9401,0.040050,0.040013,0.037,-0.02638,0.04045,-0.02491,0.08306
12.9601,0.039531,0.039488,0.042,-0.02558,0.03900,-0.02409,0.04067
12.9801,0.039026,0.038998,0.028,-0.02483,0.03583,-0.02402,0.00394
13.0001,0.038537,0.038516,0.021,-0.02416,0.03146,-0.02353,0.02414
13.0201,0.038060,0.038037,0.022,-0.02358,0.02639,-0.02280,0.03655
13.0401,0.037593,0.037571,0.022,-0.02310,0.02119,-0.02233,0.02337
13.0601,0.037135,0.037116,0.018,-0.02273,0.01639,-0.02214,0.00962
13.0801,0.036683,0.036674,0.009,-0.02244,0.01251,-0.02224,-0.00504
13.1002,0.036234,0.036229,0.004,-0.02222,0.01002,-0.02212,0.00624
13.1202,0.035792,0.035789,0.003,-0.02203,0.00937,-0.02193,0.00932
13.1401,0.035355,0.035346,0.009,-0.02183,0.01089,-0.02145,0.02425
13.1601,0.034922,0.034908,0.014,-0.02158,0.01481,-0.02103,0.02070
13.1801,0.034494,0.034479,0.015,-0.02122,0.02135,-0.02070,0.01654
13.2001,0.034074,0.034059,0.015,-0.02070,0.03053,-0.02019,0.02578
13.2201,0.033667,0.033651,0.016,-0.01998,0.04231,-0.01942,0.03823
13.2401,0.033277,0.033249,0.027,-0.01899,0.05653,-0.01793,0.07437
13.2601,0.032909,0.032868,0.041,-0.01770,0.07292,-0.01616,0.08886
13.2801,0.032571,0.032512,0.059,-0.01606,0.09111,-0.01386,0.11463
13.3001,0.032269,0.032196,0.073,-0.01405,0.11060,-0.01141,0.12270
13.3201,0.032012,0.031934,0.078,-0.01164,0.13092,-0.00894,0.12367
13.3401,0.031806,0.031714,0.092,-0.00881,0.15140,-0.00553,0.17045
13.3601,0.031662,0.031547,0.115,-0.00559,0.17138,-0.00144,0.20457
13.3801,0.031586,0.031454,0.132,-0.00197,0.19018,0.00271,0.20722
13.4001,0.031586,0.031441,0.145,0.00201,0.20711,0.00707,0.21822
13.4201,0.031668,0.031484,0.184,0.00630,0.22145,0.01298,0.29552
13.4401,0.031839,0.031621,0.218,0.01084,0.23253,0.01864,0.28294
13.4601,0.032103,0.031890,0.213,0.01557,0.23976,0.02277,0.20629
13.4801,0.032463,0.032275,0.188,0.02041,0.24260,0.02651,0.18713
13.5001,0.032919,0.032736,0.183,0.02525,0.24060,0.03143,0.24621
13.5201,0.033472,0.033286,0.186,0.02999,0.23342,0.03633,0.24502
13.5401,0.034118,0.033923,0.195,0.03455,0.22084,0.04127,0.24668
13.5601,0.034852,0.034674,0.178,0.03879,0.20277,0.04466,0.16968
13.5801,0.035667,0.035506,0.161,0.04262,0.17928,0.04791,0.16231
13.6001,0.036553,0.036412,0.142,0.04593,0.15056,0.05053,0.13101
13.6202,0.037505,0.037381,0.124,0.04862,0.11679,0.05265,0.10611
13.6401,0.038494,0.038402,0.092,0.05058,0.07893,0.05334,0.03453
13.6601,0.039518,0.039475,0.042,0.05175,0.03720,0.05264,-0.03489
13.6801,0.040558,0.040543,0.015,0.05205,-0.00765,0.05226,-0.01925
13.7001,0.041593,0.041597,-0.003,0.05143,-0.05458,0.05112,-0.05689
13.7201,0.042608,0.042641,-0.033,0.04985,-0.10282,0.04842,-0.13519
13.7401,0.043581,0.043657,-0.076,0.04731,-0.15124,0.04427,-0.20714
13.7601,0.044494,0.044612,-0.118,0.04381,-0.19881,0.03934,-0.24654
13.7801,0.045328,0.045483,-0.155,0.03937,-0.24452,0.03370,-0.28236
13.8001,0.046063,0.046244,-0.181,0.03405,-0.28716,0.02760,-0.30492
13.8201,0.046684,0.046901,-0.217,0.02791,-0.32579,0.02014,-0.37297
13.8401,0.047175,0.047437,-0.262,0.02105,-0.35936,0.01166,-0.42410
13.8601,0.047522,0.047826,-0.304,0.01358,-0.38700,0.00277,-0.44437
13.8801,0.047715,0.048044,-0.329,0.00562,-0.40789,-0.00584,-0.43061
13.9001,0.047744,0.048082,-0.338,-0.00268,-0.42136,-0.01425,-0.42051
13.9201,0.047606,0.047977,-0.371,-0.01118,-0.42688,-0.02418,-0.49641
13.9401,0.047297,0.047689,-0.392,-0.01971,-0.42410,-0.03326,-0.45395
13.9601,0.046819,0.047193,-0.375,-0.02809,-0.41285,-0.04064,-0.36901
13.9801,0.046175,0.046514,-0.338,-0.03616,-0.39312,-0.04726,-0.33105
14.0001,0.045375,0.045696,-0.321,-0.04376,-0.36513,-0.05447,-0.36050
14.0201,0.044429,0.044733,-0.303,-0.05071,-0.32926,-0.06084,-0.31855
14.0401,0.043352,0.043624,-0.272,-0.05688,-0.28608,-0.06580,-0.24795
14.0601,0.042160,0.042372,-0.212,-0.06212,-0.23636,-0.06866,-0.14309
14.0801,0.040874,0.041039,-0.165,-0.06630,-0.18101,-0.07139,-0.13604
14.1001,0.039516,0.039650,-0.134,-0.06933,-0.12113,-0.07355,-0.10820
14.1201,0.038109,0.038209,-0.100,-0.07112,-0.05789,-0.07414,-0.02941
14.1401,0.036680,0.036752,-0.072,-0.07163,0.00744,-0.07377,0.01850
14.1601,0.035253,0.035247,0.006,-0.07082,0.07346,-0.06975,0.20086
14.1801,0.033856,0.033775,0.080,-0.06869,0.13877,-0.06515,0.22997
14.2001,0.032513,0.032389,0.124,-0.06528,0.20198,-0.06058,0.22841
14.2201,0.031253,0.031116,0.137,-0.06064,0.26163,-0.05584,0.23701
14.2401,0.030096,0.029905,0.191,-0.05485,0.31644,-0.04776,0.40392
14.2601,0.029066,0.028820,0.245,-0.04802,0.36513,-0.03909,0.43389
14.2801,0.028181,0.027866,0.315,-0.04029,0.40655,-0.02883,0.51282
14.3001,0.027459,0.027100,0.358,-0.03181,0.43971,-0.01915,0.48375
14.3201,0.026912,0.026539,0.374,-0.02276,0.46376,-0.00990,0.46295
14.3401,0.026551,0.026170,0.380,-0.01333,0.47807,-0.00032,0.47875
14.3601,0.026380,0.025993,0.387,-0.00371,0.48220,0.00953,0.49260
14.3801,0.026402,0.025999,0.403,0.00589,0.47593,0.01978,0.51229
14.4001,0.026614,0.026180,0.435,0.01525,0.45928,0.03038,0.52996
14.4201,0.027009,0.026572,0.437,0.02419,0.43248,0.03907,0.43483
14.4401,0.027577,0.027196,0.381,0.03249,0.39599,0.04485,0.28868
14.4601,0.028303,0.027992,0.311,0.03997,0.35051,0.04977,0.24640
14.4801,0.029170,0.028907,0.263,0.04646,0.29689,0.05489,0.25588
14.5001,0.030154,0.029922,0.233,0.05180,0.23633,0.05937,0.22370
14.5201,0.031233,0.031038,0.195,0.05587,0.16997,0.06210,0.13685
14.5401,0.032380,0.032241,0.139,0.05857,0.09920,0.06268,0.02868
14.5601,0.033566,0.033491,0.075,0.05982,0.02565,0.06166,-0.05071
14.5801,0.034763,0.034745,0.018,0.05959,-0.04923,0.05959,-0.10370
14.6001,0.035940,0.035975,-0.035,0.05785,-0.12372,0.05607,-0.17589
14.6201,0.037067,0.037160,-0.093,0.05465,-0.19624,0.05087,-0.26006
14.6401,0.038116,0.038268,-0.152,0.05003,-0.26514,0.04422,-0.33247
14.6601,0.039060,0.039269,-0.209,0.04407,-0.32895,0.03635,-0.39358
14.6801,0.039872,0.040137,-0.265,0.03691,-0.38611,0.02728,-0.45341
14.7001,0.040530,0.040836,-0.306,0.02868,-0.43534,0.01782,-0.47310
14.7201,0.041013,0.041373,-0.360,0.01956,-0.47545,0.00673,-0.55420
14.7401,0.041307,0.041713,-0.406,0.00973,-0.50554,-0.00458,-0.56548
14.7601,0.041399,0.041835,-0.436,-0.00059,-0.52482,-0.01576,-0.55902
14.7801,0.041282,0.041760,-0.479,-0.01119,-0.53277,-0.02793,-0.60884
14.8001,0.040951,0.041446,-0.494,-0.02183,-0.52912,-0.03880,-0.54323
14.8201,0.040410,0.040884,-0.474,-0.03227,-0.51382,-0.04817,-0.46873
14.8401,0.039663,0.040107,-0.444,-0.04230,-0.48711,-0.05708,-0.44532
14.8601,0.038722,0.039118,-0.396,-0.05169,-0.44944,-0.06462,-0.37688
14.8801,0.037602,0.037959,-0.358,-0.06021,-0.40157,-0.07196,-0.36714
14.9001,0.036321,0.036663,-0.342,-0.06769,-0.34440,-0.07913,-0.35879
14.9201,0.034902,0.035183,-0.281,-0.07393,-0.27908,-0.08281,-0.18371
14.9401,0.033373,0.033578,-0.206,-0.07880,-0.20696,-0.08498,-0.10866
14.9601,0.031760,0.031906,-0.146,-0.08218,-0.12951,-0.08650,-0.07575
14.9801,0.030097,0.030217,-0.120,-0.08396,-0.04839,-0.08776,-0.06308
15.0001,0.028413,0.028455,-0.042,-0.08410,0.03480,-0.08466,0.15476
15.0201,0.026743,0.026702,0.041,-0.08257,0.11823,-0.08024,0.22123
15.0401,0.025121,0.025037,0.084,-0.07938,0.20016,-0.07606,0.20890
15.0601,0.023577,0.023445,0.132,-0.07458,0.27893,-0.06956,0.32490
15.0801,0.022146,0.021921,0.226,-0.06825,0.35273,-0.05954,0.50118
15.1001,0.020858,0.020549,0.309,-0.06052,0.41995,-0.04909,0.52259
15.1201,0.019735,0.019384,0.351,-0.05151,0.47938,-0.03912,0.49858
15.1401,0.018805,0.018403,0.402,-0.04141,0.52954,-0.02719,0.59633
15.1601,0.018085,0.017648,0.438,-0.03040,0.56947,-0.01512,0.60358
15.1801,0.017594,0.017107,0.487,-0.01871,0.59823,-0.00162,0.67472
15.2001,0.017341,0.016817,0.523,-0.00655,0.61525,0.01165,0.66361
15.2201,0.017333,0.016787,0.547,0.00583,0.62011,0.02467,0.65080
15.2401,0.017573,0.016996,0.577,0.01817,0.61271,0.03813,0.67316
15.2601,0.018059,0.017487,0.572,0.03026,0.59315,0.04964,0.57533
15.2801,0.018781,0.018249,0.532,0.04183,0.56184,0.05947,0.49190
15.3001,0.019727,0.019252,0.475,0.05266,0.51945,0.06817,0.43467
15.3201,0.020881,0.020458,0.422,0.06254,0.46680,0.07632,0.40759
15.3401,0.022222,0.021842,0.380,0.07128,0.40497,0.08371,0.36967
15.3601,0.023722,0.023390,0.332,0.07868,0.33539,0.08944,0.28635
15.3801,0.025360,0.025086,0.273,0.08465,0.25919,0.09330,0.19307
15.4001,0.027098,0.026898,0.200,0.08902,0.17822,0.09503,0.08668
15.4201,0.028908,0.028778,0.130,0.09175,0.09405,0.09539,0.01794
15.4401,0.030756,0.030662,0.094,0.09277,0.00830,0.09560,0.01016
15.4601,0.032607,0.032599,0.009,0.09208,-0.07720,0.09143,-0.20822
15.4801,0.034428,0.034507,-0.080,0.08970,-0.16076,0.08602,-0.27062
15.5001,0.036184,0.036325,-0.141,0.08568,-0.24073,0.08022,-0.29019
15.5201,0.037850,0.038030,-0.180,0.08008,-0.31574,0.07353,-0.33445
15.5401,0.039379,0.039617,-0.238,0.07310,-0.38364,0.06437,-0.45768
15.5601,0.040760,0.041071,-0.311,0.06481,-0.44384,0.05345,-0.54610
15.5801,0.041963,0.042342,-0.379,0.05541,-0.49495,0.04179,-0.58299
15.6001,0.042969,0.043398,-0.429,0.04509,-0.53608,0.02995,-0.59193
15.6201,0.043763,0.044225,-0.462,0.03403,-0.56655,0.01794,-0.60076
15.6401,0.044328,0.044812,-0.484,0.02250,-0.58580,0.00582,-0.60572
15.6602,0.044661,0.045163,-0.501,0.01063,-0.59368,-0.00661,-0.62181
15.6801,0.044755,0.045262,-0.507,-0.00117,-0.59015,-0.01846,-0.59230
15.7001,0.044614,0.045146,-0.532,-0.01284,-0.57547,-0.03121,-0.63741
15.7201,0.044244,0.044783,-0.539,-0.02411,-0.55014,-0.04252,-0.56584
15.7401,0.043654,0.044156,-0.502,-0.03478,-0.51479,-0.05145,-0.44613
15.7601,0.042858,0.043297,-0.439,-0.04465,-0.47037,-0.05887,-0.37124
15.7801,0.041875,0.042250,-0.376,-0.05354,-0.41791,-0.06563,-0.33767
15.8001,0.040724,0.041054,-0.329,-0.06132,-0.35864,-0.07201,-0.31911
15.8201,0.039430,0.039718,-0.289,-0.06785,-0.29386,-0.07721,-0.26028
15.8401,0.038019,0.038256,-0.237,-0.07305,-0.22506,-0.08054,-0.16656
15.8601,0.036517,0.036694,-0.176,-0.07684,-0.15367,-0.08217,-0.08112
15.8801,0.034954,0.035070,-0.116,-0.07919,-0.08116,-0.08248,-0.01542
15.9001,0.033358,0.033420,-0.061,-0.08009,-0.00913,-0.08157,0.04516
15.9201,0.031760,0.031769,-0.010,-0.07957,0.06102,-0.07932,0.11239
15.9401,0.030185,0.030143,0.042,-0.07767,0.12791,-0.07567,0.18256
15.9601,0.028662,0.028565,0.096,-0.07448,0.19027,-0.07061,0.25334
15.9801,0.027212,0.027064,0.148,-0.07009,0.24702,-0.06447,0.30658
16.0001,0.025865,0.025665,0.199,-0.06464,0.29697,-0.05730,0.35857
16.0201,0.024634,0.024391,0.243,-0.05827,0.33948,-0.04953,0.38842
16.0401,0.023539,0.023263,0.276,-0.05112,0.37385,-0.04136,0.40854
16.0601,0.022593,0.022292,0.301,-0.04336,0.39966,-0.03285,0.42565
16.0801,0.021807,0.021484,0.323,-0.03519,0.41660,-0.02395,0.44498
16.1001,0.021187,0.020847,0.340,-0.02676,0.42468,-0.01503,0.44598
16.1201,0.020737,0.020385,0.352,-0.01826,0.42403,-0.00616,0.44341
16.1401,0.020456,0.020100,0.356,-0.00986,0.41499,0.00230,0.42314
16.1601,0.020341,0.019999,0.342,-0.00172,0.39807,0.00976,0.37299
16.1801,0.020385,0.020043,0.342,0.00602,0.37393,0.01766,0.39503
16.2001,0.020578,0.020241,0.337,0.01320,0.34342,0.02461,0.34729
16.2201,0.020908,0.020605,0.303,0.01971,0.30742,0.02965,0.25203
16.2401,0.021362,0.021114,0.248,0.02547,0.26693,0.03328,0.18186
16.2601,0.021921,0.021724,0.197,0.03037,0.22307,0.03653,0.16227
16.2801,0.022570,0.022403,0.167,0.03437,0.17691,0.03971,0.15893
16.3001,0.023290,0.023147,0.143,0.03744,0.12957,0.04205,0.11723
16.3201,0.024061,0.023953,0.108,0.03955,0.08224,0.04284,0.03947
16.3401,0.024867,0.024799,0.068,0.04073,0.03577,0.04261,-0.01177
16.3601,0.025685,0.025659,0.027,0.04100,-0.00863,0.04145,-0.05792
16.3801,0.026500,0.026509,-0.009,0.04041,-0.05013,0.03970,-0.08746
16.4001,0.027297,0.027334,-0.037,0.03902,-0.08809,0.03746,-0.11193
16.4201,0.028057,0.028122,-0.066,0.03691,-0.12164,0.03437,-0.15448
16.4401,0.028768,0.028861,-0.092,0.03419,-0.15037,0.03076,-0.18059
16.4601,0.029420,0.029535,-0.115,0.03094,-0.17387,0.02679,-0.19861
16.4801,0.030002,0.030141,-0.139,0.02727,-0.19195,0.02230,-0.22448
16.5001,0.030508,0.030658,-0.150,0.02330,-0.20451,0.01809,-0.21049
16.5201,0.030933,0.031091,-0.158,0.01913,-0.21161,0.01368,-0.22035
16.5401,0.031273,0.031438,-0.165,0.01487,-0.21347,0.00918,-0.22518
16.5601,0.031528,0.031695,-0.167,0.01062,-0.21042,0.00491,-0.21357
16.5801,0.031699,0.031861,-0.162,0.00648,-0.20292,0.00103,-0.19395
16.6001,0.031788,0.031942,-0.153,0.00253,-0.19150,-0.00259,-0.18088
16.6201,0.031801,0.031954,-0.153,-0.00116,-0.17681,-0.00634,-0.18724
16.6401,0.031744,0.031911,-0.167,-0.00453,-0.15953,-0.01038,-0.20198
16.6601,0.031623,0.031783,-0.160,-0.00753,-0.14038,-0.01289,-0.12549
16.6801,0.031446,0.031572,-0.126,-0.01013,-0.12010,-0.01404,-0.05782
16.7001,0.031220,0.031312,-0.092,-0.01233,-0.09942,-0.01506,-0.05101
16.7201,0.030955,0.031030,-0.075,-0.01411,-0.07905,-0.01648,-0.07101
16.7401,0.030658,0.030729,-0.071,-0.01550,-0.05965,-0.01788,-0.06997
16.7601,0.030338,0.030391,-0.054,-0.01651,-0.04183,-0.01814,-0.01293
16.7801,0.030000,0.030029,-0.029,-0.01718,-0.02607,-0.01788,0.01284
16.8001,0.029651,0.029670,-0.019,-0.01757,-0.01274,-0.01811,-0.01108
16.8201,0.029299,0.029312,-0.013,-0.01771,-0.00228,-0.01811,-0.00022
16.8402,0.028943,0.028950,-0.007,-0.01768,0.00525,-0.01785,0.01295
16.8601,0.028593,0.028587,0.006,-0.01753,0.00963,-0.01720,0.03272
16.8801,0.028244,0.028230,0.014,-0.01732,0.01101,-0.01673,0.02319
16.9001,0.027900,0.027891,0.008,-0.01711,0.00949,-0.01688,-0.00745
16.9201,0.027559,0.027557,0.002,-0.01695,0.00533,-0.01695,-0.00348
16.9401,0.027221,0.027221,-0.000,-0.01691,-0.00116,-0.01695,0.00023
16.9601,0.026881,0.026884,-0.003,-0.01701,-0.00952,-0.01714,-0.00969
16.9801,0.026539,0.026541,-0.002,-0.01730,-0.01925,-0.01737,-0.01167
17.0001,0.026189,0.026194,-0.005,-0.01779,-0.02980,-0.01796,-0.02949
17.0201,0.025826,0.025848,-0.021,-0.01849,-0.04064,-0.01940,-0.07192
17.0401,0.025448,0.025482,-0.035,-0.01941,-0.05115,-0.02074,-0.06710
17.0601,0.025049,0.025088,-0.040,-0.02053,-0.06073,-0.02193,-0.05915
17.0801,0.024625,0.024671,-0.046,-0.02183,-0.06885,-0.02347,-0.07729
17.1001,0.024175,0.024221,-0.046,-0.02327,-0.07496,-0.02484,-0.06814
17.1201,0.023694,0.023746,-0.052,-0.02481,-0.07865,-0.02666,-0.09107
17.1401,0.023182,0.023242,-0.060,-0.02640,-0.07952,-0.02852,-0.09320
17.1601,0.022638,0.022700,-0.062,-0.02797,-0.07729,-0.03012,-0.08014
17.1801,0.022063,0.022119,-0.056,-0.02947,-0.07179,-0.03130,-0.05898
17.2001,0.021461,0.021510,-0.049,-0.03082,-0.06294,-0.03242,-0.05588
17.2201,0.020832,0.020879,-0.046,-0.03196,-0.05077,-0.03351,-0.05463
17.2401,0.020184,0.020222,-0.038,-0.03283,-0.03546,-0.03404,-0.02650
17.2601,0.019520,0.019546,-0.026,-0.03336,-0.01725,-0.03411,-0.00356
17.2801,0.018852,0.018867,-0.016,-0.03351,0.00342,-0.03392,0.00992
17.3001,0.018184,0.018182,0.002,-0.03321,0.02613,-0.03297,0.04712
17.3201,0.017526,0.017507,0.019,-0.03245,0.05032,-0.03160,0.06890
17.3401,0.016889,0.016855,0.035,-0.03120,0.07531,-0.02985,0.08718
17.3601,0.016282,0.016226,0.056,-0.02944,0.10046,-0.02731,0.12727
17.3801,0.015714,0.015636,0.078,-0.02718,0.12506,-0.02429,0.15081
17.4001,0.015198,0.015099,0.099,-0.02444,0.14827,-0.02084,0.17245
17.4201,0.014740,0.014627,0.113,-0.02126,0.16945,-0.01726,0.17887
17.4401,0.014350,0.014221,0.129,-0.01768,0.18787,-0.01312,0.20707
17.4601,0.014035,0.013892,0.143,-0.01377,0.20287,-0.00876,0.21808
17.4801,0.013801,0.013643,0.158,-0.00959,0.21387,-0.00407,0.23477
17.5001,0.013652,0.013481,0.171,-0.00524,0.22035,0.00071,0.23869
17.5201,0.013592,0.013423,0.169,-0.00081,0.22194,0.00489,0.20904
17.5401,0.013620,0.013438,0.181,0.00360,0.21835,0.00991,0.25120
17.5601,0.013735,0.013530,0.204,0.00789,0.20946,0.01509,0.25907
17.5801,0.013933,0.013731,0.202,0.01194,0.19524,0.01880,0.18533
17.6001,0.014210,0.014046,0.164,0.01566,0.17586,0.02081,0.10058
17.6201,0.014557,0.014426,0.131,0.01894,0.15158,0.02302,0.11014
17.6401,0.014964,0.014848,0.116,0.02169,0.12282,0.02546,0.12225
17.6601,0.015420,0.015319,0.102,0.02383,0.09015,0.02714,0.08388
17.6801,0.015913,0.015837,0.075,0.02528,0.05427,0.02755,0.02073
17.7001,0.016427,0.016382,0.044,0.02598,0.01594,0.02714,-0.02056
17.7201,0.016947,0.016931,0.016,0.02590,-0.02392,0.02614,-0.05027
17.7401,0.017457,0.017473,-0.015,0.02502,-0.06438,0.02415,-0.09906
17.7601,0.017943,0.017991,-0.048,0.02333,-0.10446,0.02133,-0.14114
17.7801,0.018385,0.018464,-0.079,0.02086,-0.14300,0.01783,-0.17528
17.8001,0.018771,0.018878,-0.107,0.01763,-0.17911,0.01368,-0.20711
17.8201,0.019086,0.019223,-0.138,0.01371,-0.21174,0.00870,-0.24914
17.8401,0.019316,0.019481,-0.165,0.00919,-0.23992,0.00327,-0.27175
17.8601,0.019450,0.019638,-0.188,0.00415,-0.26280,-0.00248,-0.28728
17.8801,0.019479,0.019685,-0.206,-0.00128,-0.27960,-0.00846,-0.29927
17.9001,0.019397,0.019643,-0.246,-0.00699,-0.28970,-0.01579,-0.36639
17.9201,0.019199,0.019471,-0.273,-0.01283,-0.29257,-0.02239,-0.32999
17.9401,0.018884,0.019145,-0.261,-0.01864,-0.28788,-0.02737,-0.24903
17.9601,0.018455,0.018688,-0.234,-0.02429,-0.27548,-0.03194,-0.22831
17.9801,0.017915,0.018125,-0.210,-0.02961,-0.25537,-0.03650,-0.22797
18.0001,0.017273,0.017470,-0.197,-0.03445,-0.22776,-0.04101,-0.22540
18.0201,0.016540,0.016727,-0.187,-0.03867,-0.19302,-0.04491,-0.19528
18.0401,0.015732,0.015890,-0.159,-0.04213,-0.15181,-0.04721,-0.11500
18.0601,0.014861,0.014981,-0.121,-0.04471,-0.10472,-0.04839,-0.05914
18.0801,0.013950,0.014030,-0.080,-0.04629,-0.05285,-0.04854,-0.00743
18.1001,0.013017,0.013060,-0.043,-0.04679,0.00294,-0.04787,0.03378
18.1201,0.012086,0.012089,-0.003,-0.04615,0.06132,-0.04580,0.10338
18.1401,0.011179,0.011137,0.041,-0.04433,0.12120,-0.04245,0.16743
18.1601,0.010321,0.010230,0.091,-0.04131,0.18107,-0.03769,0.23834
18.1801,0.009535,0.009392,0.143,-0.03710,0.23968,-0.03166,0.30104
18.2001,0.008844,0.008654,0.190,-0.03173,0.29571,-0.02474,0.34621
18.2201,0.008273,0.008036,0.236,-0.02530,0.34758,-0.01677,0.39855
18.2401,0.007839,0.007561,0.278,-0.01786,0.39426,-0.00794,0.44140
18.2601,0.007564,0.007243,0.321,-0.00957,0.43431,0.00180,0.48687
18.2801,0.007461,0.007101,0.361,-0.00055,0.46681,0.01216,0.51799
18.3001,0.007546,0.007134,0.412,0.00905,0.49080,0.02362,0.57313
18.3201,0.007826,0.007371,0.454,0.01902,0.50541,0.03493,0.56580
18.3401,0.008307,0.007847,0.461,0.02919,0.51013,0.04493,0.49971
18.3601,0.008994,0.008553,0.441,0.03937,0.50456,0.05415,0.46128
18.3801,0.009881,0.009467,0.414,0.04931,0.48857,0.06310,0.44742
18.4001,0.010963,0.010567,0.396,0.05883,0.46223,0.07209,0.44954
18.4201,0.012230,0.011848,0.382,0.06773,0.42579,0.08055,0.42284
18.4401,0.013668,0.013310,0.358,0.07581,0.37980,0.08770,0.35728
18.4601,0.015254,0.014941,0.312,0.08286,0.32513,0.09299,0.26450
18.4801,0.016972,0.016717,0.255,0.08875,0.26253,0.09679,0.19001
18.5001,0.018797,0.018599,0.198,0.09332,0.19319,0.09943,0.13239
18.5201,0.020696,0.020552,0.144,0.09644,0.11856,0.10073,0.06463
18.5401,0.022645,0.022554,0.091,0.09804,0.03988,0.10057,-0.00804
18.5601,0.024607,0.024571,0.036,0.09803,-0.04104,0.09864,-0.09611
18.5801,0.026554,0.026579,-0.025,0.09639,-0.12280,0.09486,-0.18905
18.6001,0.028451,0.028546,-0.095,0.09312,-0.20363,0.08914,-0.28615
18.6201,0.030268,0.030431,-0.163,0.08826,-0.28188,0.08199,-0.35767
18.6401,0.031974,0.032199,-0.225,0.08186,-0.35597,0.07353,-0.42268
18.6601,0.033533,0.033821,-0.287,0.07406,-0.42407,0.06360,-0.49644
18.6801,0.034926,0.035275,-0.350,0.06496,-0.48496,0.05239,-0.56066
18.7001,0.036125,0.036532,-0.406,0.05471,-0.53727,0.04027,-0.60583
18.7201,0.037108,0.037567,-0.459,0.04354,-0.57969,0.02736,-0.64575
18.7401,0.037861,0.038363,-0.502,0.03161,-0.61137,0.01405,-0.66522
18.7601,0.038369,0.038903,-0.534,0.01916,-0.63153,0.00065,-0.67026
18.7801,0.038625,0.039179,-0.554,0.00643,-0.63962,-0.01264,-0.66452
18.8001,0.038626,0.039189,-0.564,-0.00637,-0.63536,-0.02563,-0.64946
18.8201,0.038373,0.038959,-0.586,-0.01890,-0.61877,-0.03910,-0.67324
18.8401,0.037873,0.038448,-0.575,-0.03101,-0.59005,-0.05045,-0.56772
18.8601,0.037137,0.037665,-0.528,-0.04243,-0.54971,-0.05988,-0.47131
18.8801,0.036182,0.036645,-0.464,-0.05293,-0.49846,-0.06798,-0.40536
18.9001,0.035026,0.035431,-0.406,-0.06231,-0.43722,-0.07546,-0.37393
18.9201,0.033699,0.034050,-0.351,-0.07036,-0.36745,-0.08167,-0.31040
18.9401,0.032224,0.032517,-0.293,-0.07694,-0.29023,-0.08629,-0.23126
18.9601,0.030632,0.030862,-0.230,-0.08193,-0.20713,-0.08904,-0.13738
18.9801,0.028958,0.029117,-0.160,-0.08520,-0.11981,-0.08986,-0.04080
19.0001,0.027235,0.027327,-0.092,-0.08670,-0.03005,-0.08910,0.03783
19.0201,0.025497,0.025529,-0.032,-0.08640,0.06053,-0.08684,0.11298
19.0401,0.023791,0.023747,0.043,-0.08430,0.14953,-0.08200,0.24201
19.0601,0.022140,0.022019,0.122,-0.08044,0.23576,-0.07544,0.32818
19.0801,0.020584,0.020392,0.192,-0.07490,0.31731,-0.06760,0.39173
19.1001,0.019155,0.018898,0.257,-0.06779,0.39253,-0.05832,0.46436
19.1201,0.017882,0.017561,0.322,-0.05925,0.45994,-0.04761,0.53555
19.1401,0.016793,0.016410,0.384,-0.04945,0.51820,-0.03573,0.59403
19.1601,0.015911,0.015469,0.442,-0.03859,0.56616,-0.02291,0.64095
19.1801,0.015256,0.014768,0.487,-0.02689,0.60288,-0.00983,0.65378
19.2001,0.014840,0.014316,0.524,-0.01455,0.62775,0.00367,0.67482
19.2201,0.014676,0.014125,0.551,-0.00185,0.64027,0.01718,0.67578
19.2401,0.014767,0.014181,0.586,0.01097,0.64027,0.03128,0.70475
19.2601,0.015114,0.014510,0.604,0.02367,0.62784,0.04439,0.65571
19.2801,0.015711,0.015132,0.579,0.03600,0.60333,0.05542,0.55159
19.3001,0.016550,0.016022,0.528,0.04773,0.56730,0.06512,0.48472
19.3201,0.017615,0.017144,0.471,0.05863,0.52062,0.07401,0.44443
19.3401,0.018888,0.018466,0.422,0.06849,0.46431,0.08232,0.41558
19.3601,0.020345,0.019966,0.379,0.07714,0.39965,0.08956,0.36218
19.3801,0.021965,0.021636,0.329,0.08443,0.32790,0.09505,0.27466
19.4001,0.023714,0.023449,0.264,0.09022,0.25074,0.09851,0.17274
19.4201,0.025563,0.025370,0.193,0.09443,0.16976,0.10019,0.08424
19.4401,0.027483,0.027355,0.127,0.09700,0.08652,0.10061,0.02090
19.4601,0.029434,0.029367,0.068,0.09790,0.00300,0.09953,-0.05390
19.4801,0.031385,0.031381,0.004,0.09713,-0.07915,0.09657,-0.14840
19.5001,0.033306,0.033365,-0.059,0.09475,-0.15844,0.09205,-0.22576
19.5201,0.035164,0.035286,-0.121,0.09082,-0.23321,0.08601,-0.30201
19.5401,0.036932,0.037112,-0.181,0.08545,-0.30208,0.07866,-0.36744
19.5601,0.038577,0.038816,-0.239,0.07878,-0.36357,0.07001,-0.43259
19.5801,0.040074,0.040373,-0.299,0.07098,-0.41653,0.06013,-0.49391
19.6001,0.041407,0.041756,-0.350,0.06219,-0.46020,0.04975,-0.51889
19.6201,0.042556,0.042943,-0.386,0.05264,-0.49377,0.03909,-0.53308
19.6401,0.043509,0.043925,-0.417,0.04251,-0.51675,0.02802,-0.55378
19.6601,0.044255,0.044693,-0.438,0.03204,-0.52885,0.01689,-0.55623
19.6801,0.044789,0.045238,-0.449,0.02143,-0.53006,0.00605,-0.54214
19.7001,0.045112,0.045561,-0.449,0.01091,-0.52059,-0.00436,-0.52032
19.7201,0.045228,0.045665,-0.437,0.00068,-0.50087,-0.01405,-0.48474
19.7401,0.045143,0.045588,-0.446,-0.00906,-0.47155,-0.02431,-0.51287
19.7601,0.044869,0.045304,-0.435,-0.01814,-0.43342,-0.03282,-0.42536
19.7801,0.044423,0.044810,-0.387,-0.02635,-0.38765,-0.03896,-0.30692
19.8001,0.043822,0.044135,-0.312,-0.03359,-0.33524,-0.04339,-0.22190
19.8201,0.043087,0.043338,-0.250,-0.03972,-0.27754,-0.04756,-0.20826
19.8401,0.042241,0.042454,-0.212,-0.04466,-0.21591,-0.05147,-0.19545
19.8601,0.041309,0.041487,-0.178,-0.04834,-0.15179,-0.05400,-0.12654
19.8801,0.040315,0.040442,-0.127,-0.05073,-0.08651,-0.05448,-0.02397
19.9001,0.039288,0.039356,-0.067,-0.05181,-0.02179,-0.05343,0.05219
19.9201,0.038252,0.038264,-0.012,-0.05161,0.04121,-0.05142,0.10073
19.9401,0.037232,0.037200,0.033,-0.05018,0.10111,-0.04857,0.14226
19.9601,0.036252,0.036176,0.077,-0.04759,0.15671,-0.04450,0.20363
19.9801,0.035336,0.035218,0.118,-0.04395,0.20681,-0.03948,0.25097
20.0001,0.034501,0.034341,0.160,-0.03936,0.25062,-0.03348,0.30022
20.0201,0.033767,0.033567,0.200,-0.03398,0.28722,-0.02673,0.33749
20.0401,0.033147,0.032915,0.231,-0.02793,0.31612,-0.01972,0.35049
20.0601,0.032653,0.032400,0.253,-0.02139,0.33687,-0.01255,0.35827
20.0801,0.032293,0.032024,0.269,-0.01451,0.34927,-0.00517,0.36909
20.1001,0.032074,0.031796,0.278,-0.00747,0.35330,0.00208,0.36250
20.1201,0.031995,0.031711,0.284,-0.00043,0.34915,0.00927,0.35965
20.1401,0.032055,0.031747,0.308,0.00644,0.33719,0.01719,0.39613
20.1601,0.032250,0.031937,0.313,0.01300,0.31794,0.02369,0.32468
20.1801,0.032572,0.032291,0.281,0.01912,0.29208,0.02834,0.23276
20.2001,0.033011,0.032776,0.234,0.02465,0.26049,0.03210,0.18780
20.2201,0.033554,0.033358,0.195,0.02950,0.22403,0.03570,0.18023
20.2401,0.034186,0.034016,0.170,0.03359,0.18372,0.03909,0.16951
20.2601,0.034891,0.034742,0.150,0.03683,0.14072,0.04171,0.13066
20.2801,0.035654,0.035538,0.116,0.03920,0.09601,0.04277,0.05291
20.3001,0.036454,0.036379,0.076,0.04067,0.05079,0.04280,0.00171
20.3201,0.037275,0.037239,0.035,0.04124,0.00615,0.04200,-0.03986
20.3401,0.038097,0.038096,0.002,0.04093,-0.03690,0.04062,-0.06930
20.3601,0.038906,0.038931,-0.025,0.03978,-0.07742,0.03865,-0.09854
20.3801,0.039683,0.039739,-0.056,0.03785,-0.11452,0.03562,-0.15110
20.4001,0.040416,0.040502,-0.086,0.03523,-0.14747,0.03197,-0.18267
20.4201,0.041089,0.041204,-0.115,0.03199,-0.17560,0.02775,-0.21108
20.4401,0.041692,0.041831,-0.138,0.02823,-0.19847,0.02329,-0.22316
20.4601,0.042216,0.042367,-0.151,0.02409,-0.21568,0.01881,-0.22377
20.4801,0.042653,0.042816,-0.162,0.01965,-0.22711,0.01401,-0.24011
20.5001,0.043001,0.043180,-0.179,0.01503,-0.23271,0.00877,-0.26206
20.5201,0.043254,0.043442,-0.187,0.01038,-0.23260,0.00392,-0.24212
20.5401,0.043416,0.043598,-0.182,0.00578,-0.22706,-0.00038,-0.21501
20.5601,0.043487,0.043662,-0.175,0.00133,-0.21645,-0.00455,-0.20856
20.5801,0.043471,0.043650,-0.180,-0.00286,-0.20127,-0.00901,-0.22297
20.6001,0.043375,0.043566,-0.192,-0.00669,-0.18219,-0.01334,-0.21646
20.6201,0.043206,0.043383,-0.177,-0.01012,-0.15983,-0.01599,-0.13275
20.6401,0.042973,0.043108,-0.135,-0.01307,-0.13495,-0.01720,-0.06061
20.6601,0.042686,0.042789,-0.103,-0.01551,-0.10833,-0.01864,-0.07186
20.6801,0.042356,0.042437,-0.081,-0.01740,-0.08080,-0.01990,-0.06319
20.7001,0.041994,0.042058,-0.064,-0.01874,-0.05312,-0.02073,-0.04118
20.7201,0.041611,0.041659,-0.048,-0.01953,-0.02605,-0.02100,-0.01382
20.7401,0.041217,0.041244,-0.028,-0.01979,-0.00030,-0.02050,0.02499
20.7601,0.040823,0.040828,-0.005,-0.01955,0.02348,-0.01948,0.05103
20.7801,0.040438,0.040419,0.019,-0.01887,0.04476,-0.01796,0.07603
20.8001,0.040070,0.040032,0.039,-0.01778,0.06306,-0.01623,0.08639
20.8201,0.039728,0.039683,0.046,-0.01636,0.07803,-0.01473,0.07537
20.8401,0.039418,0.039367,0.051,-0.01468,0.08944,-0.01291,0.09107
20.8601,0.039142,0.039081,0.061,-0.01281,0.09716,-0.01062,0.11422
20.8801,0.038906,0.038836,0.069,-0.01082,0.10122,-0.00837,0.11270
20.9001,0.038710,0.038630,0.080,-0.00879,0.10171,-0.00595,0.12101
20.9201,0.038554,0.038472,0.082,-0.00677,0.09887,-0.00395,0.09977
20.9401,0.038438,0.038362,0.077,-0.00485,0.09304,-0.00231,0.08198
20.9601,0.038359,0.038291,0.068,-0.00307,0.08462,-0.00085,0.07334
20.9801,0.038314,0.038252,0.062,-0.00148,0.07412,0.00055,0.06972
21.0001,0.038299,0.038240,0.058,-0.00012,0.06207,0.00183,0.06393
21.0201,0.038308,0.038246,0.062,0.00099,0.04904,0.00315,0.06604
21.0401,0.038337,0.038272,0.065,0.00184,0.03565,0.00408,0.04655
21.0601,0.038380,0.038329,0.050,0.00242,0.02249,0.00398,-0.00515
21.0801,0.038432,0.038398,0.033,0.00275,0.01013,0.00369,-0.01425
21.1001,0.038488,0.038474,0.014,0.00284,-0.00087,0.00312,-0.02879
21.1201,0.038544,0.038537,0.007,0.00272,-0.01005,0.00287,-0.01238
21.1401,0.038596,0.038593,0.003,0.00245,-0.01701,0.00252,-0.01719
21.1601,0.038641,0.038648,-0.007,0.00206,-0.02141,0.00172,-0.04038
21.1801,0.038678,0.038690,-0.012,0.00161,-0.02303,0.00115,-0.02832
21.2001,0.038706,0.038716,-0.010,0.00116,-0.02177,0.00082,-0.01634
21.2201,0.038725,0.038736,-0.012,0.00076,-0.01761,0.00000,-0.04116
21.2401,0.038737,0.038750,-0.013,0.00047,-0.01066,0.00000,0.00000
21.2602,0.038745,0.038750,-0.005,0.00035,-0.00110,0.00000,0.00000
21.2801,0.038752,0.038750,0.002,0.00044,0.01062,0.00000,0.00000
21.3002,0.038764,0.038750,0.013,0.00079,0.02424,0.00000,0.00000
21.3202,0.038786,0.038751,0.035,0.00142,0.03916,0.00285,0.14241
21.3401,0.038823,0.038757,0.066,0.00235,0.05474,0.00494,0.10449
21.3601,0.038882,0.038825,0.057,0.00361,0.07051,0.00543,0.02451
21.3801,0.038969,0.038929,0.040,0.00517,0.08577,0.00635,0.04607
21.4001,0.039090,0.039046,0.044,0.00703,0.09977,0.00858,0.11169
21.4201,0.039252,0.039182,0.070,0.00915,0.11189,0.01182,0.16194
21.4401,0.039458,0.039364,0.094,0.01149,0.12149,0.01494,0.15586
21.4601,0.039712,0.039614,0.098,0.01399,0.12794,0.01737,0.12145
21.4801,0.040018,0.039924,0.093,0.01658,0.13073,0.01971,0.11689
21.5001,0.040375,0.040281,0.095,0.01919,0.12941,0.02242,0.13550
21.5201,0.040785,0.040686,0.098,0.02172,0.12364,0.02511,0.13487
21.5401,0.041243,0.041145,0.098,0.02410,0.11320,0.02745,0.11656
21.5601,0.041747,0.041661,0.086,0.02622,0.09798,0.02902,0.07888
21.5801,0.042290,0.042220,0.071,0.02799,0.07802,0.03022,0.05968
21.6001,0.042864,0.042806,0.057,0.02931,0.05354,0.03112,0.04533
21.6201,0.043459,0.043417,0.042,0.03010,0.02478,0.03135,0.01160
21.6401,0.044064,0.044045,0.019,0.03028,-0.00773,0.03068,-0.03378
21.6601,0.044666,0.044669,-0.004,0.02977,-0.04344,0.02940,-0.06397
21.6801,0.045250,0.045278,-0.028,0.02853,-0.08163,0.02731,-0.10473
21.7001,0.045801,0.045859,-0.058,0.02650,-0.12151,0.02419,-0.15564
21.7201,0.046304,0.046395,-0.091,0.02366,-0.16220,0.02021,-0.19923
21.7401,0.046742,0.046866,-0.124,0.02001,-0.20266,0.01545,-0.23787
21.7601,0.047099,0.047255,-0.155,0.01556,-0.24196,0.00993,-0.27614
21.7801,0.047360,0.047552,-0.192,0.01035,-0.27903,0.00340,-0.32630
21.8001,0.047508,0.047730,-0.222,0.00442,-0.31286,-0.00346,-0.34287
21.8201,0.047532,0.047780,-0.248,-0.00214,-0.34248,-0.01087,-0.37082
21.8401,0.047419,0.047718,-0.299,-0.00925,-0.36692,-0.01999,-0.45566
21.8601,0.047159,0.047499,-0.340,-0.01678,-0.38535,-0.02877,-0.43936
21.8801,0.046746,0.047094,-0.348,-0.02461,-0.39703,-0.03652,-0.38748
21.9001,0.046174,0.046505,-0.331,-0.03261,-0.40135,-0.04370,-0.35867
21.9201,0.045442,0.045760,-0.318,-0.04061,-0.39786,-0.05127,-0.37882
21.9401,0.044550,0.044869,-0.319,-0.04847,-0.38624,-0.05933,-0.40279
21.9601,0.043505,0.043823,-0.318,-0.05601,-0.36639,-0.06681,-0.37434
21.9801,0.042313,0.042619,-0.306,-0.06307,-0.33835,-0.07334,-0.32632
22.0001,0.040985,0.041262,-0.276,-0.06950,-0.30237,-0.07857,-0.26134
22.0201,0.039538,0.039774,-0.236,-0.07512,-0.25895,-0.08269,-0.20631
22.0401,0.037987,0.038183,-0.196,-0.07981,-0.20867,-0.08602,-0.16653
22.0601,0.036353,0.036511,-0.158,-0.08343,-0.15237,-0.08840,-0.11869
22.0801,0.034658,0.034777,-0.119,-0.08587,-0.09097,-0.08949,-0.05449
22.1001,0.032928,0.033000,-0.072,-0.08704,-0.02566,-0.08898,0.02555
22.1201,0.031183,0.031208,-0.025,-0.08687,0.04259,-0.08721,0.08853
22.1401,0.029460,0.029431,0.029,-0.08533,0.11204,-0.08377,0.17199
22.1601,0.027781,0.027695,0.086,-0.08239,0.18154,-0.07884,0.24656
22.1801,0.026173,0.026029,0.144,-0.07807,0.24972,-0.07253,0.31514
22.2001,0.024667,0.024467,0.200,-0.07243,0.31497,-0.06502,0.37543
22.2201,0.023286,0.023033,0.253,-0.06551,0.37600,-0.05633,0.43484
22.2401,0.022055,0.021751,0.303,-0.05742,0.43145,-0.04655,0.48877
22.2601,0.020996,0.020642,0.353,-0.04829,0.48003,-0.03572,0.54137
22.2801,0.020129,0.019729,0.400,-0.03827,0.52060,-0.02418,0.57708
22.3001,0.019469,0.019029,0.440,-0.02752,0.55219,-0.01212,0.60323
22.3201,0.019031,0.018558,0.473,-0.01624,0.57395,0.00019,0.61526
22.3401,0.018822,0.018324,0.498,-0.00464,0.58523,0.01256,0.61852
22.3601,0.018846,0.018326,0.520,0.00708,0.58568,0.02503,0.62359
22.3801,0.019104,0.018560,0.544,0.01871,0.57508,0.03748,0.62281
22.4001,0.019592,0.019059,0.533,0.03001,0.55347,0.04800,0.52589
22.4201,0.020302,0.019813,0.488,0.04078,0.52110,0.05688,0.44384
22.4401,0.021218,0.020786,0.432,0.05079,0.47853,0.06485,0.39851
22.4601,0.022327,0.021941,0.386,0.05986,0.42643,0.07246,0.38030
22.4801,0.023605,0.023259,0.346,0.06779,0.36580,0.07911,0.33281
22.5001,0.025030,0.024731,0.299,0.07444,0.29771,0.08407,0.24793
22.5201,0.026572,0.026337,0.236,0.07966,0.22359,0.08697,0.14497
22.5401,0.028204,0.028036,0.168,0.08334,0.14477,0.08833,0.06795
22.5601,0.029895,0.029788,0.106,0.08542,0.06279,0.08836,0.00160
22.5801,0.031611,0.031560,0.050,0.08585,-0.02067,0.08695,-0.07080
22.6001,0.033318,0.033326,-0.009,0.08460,-0.10386,0.08366,-0.16411
22.6201,0.034983,0.035061,-0.077,0.08171,-0.18516,0.07833,-0.26653
22.6401,0.036575,0.036723,-0.147,0.07722,-0.26286,0.07143,-0.34511
22.6601,0.038063,0.038275,-0.212,0.07122,-0.33539,0.06329,-0.40723
22.6801,0.039416,0.039688,-0.273,0.06385,-0.40116,0.05390,-0.46939
22.7001,0.040608,0.040938,-0.330,0.05523,-0.45883,0.04337,-0.52625
22.7201,0.041617,0.042000,-0.382,0.04556,-0.50722,0.03198,-0.56958
22.7401,0.042424,0.042851,-0.426,0.03502,-0.54529,0.02003,-0.59735
22.7601,0.043014,0.043480,-0.466,0.02382,-0.57223,0.00754,-0.62487
22.7801,0.043374,0.043868,-0.494,0.01220,-0.58745,-0.00489,-0.62158
22.8001,0.043500,0.044013,-0.513,0.00040,-0.59064,-0.01723,-0.61678
22.8201,0.043391,0.043934,-0.543,-0.01134,-0.58171,-0.03014,-0.64564
22.8401,0.043049,0.043595,-0.546,-0.02279,-0.56086,-0.04138,-0.56185
22.8601,0.042483,0.042992,-0.509,-0.03370,-0.52850,-0.05061,-0.46157
22.8801,0.041706,0.042153,-0.448,-0.04385,-0.48532,-0.05839,-0.38915
22.9001,0.040735,0.041125,-0.390,-0.05305,-0.43225,-0.06568,-0.36442
22.9201,0.039592,0.039937,-0.345,-0.06109,-0.37039,-0.07233,-0.33231
22.9401,0.038300,0.038603,-0.302,-0.06781,-0.30106,-0.07761,-0.26418
22.9601,0.036889,0.037133,-0.245,-0.07309,-0.22572,-0.08077,-0.15788
22.9801,0.035387,0.035561,-0.174,-0.07681,-0.14600,-0.08195,-0.05912
23.0001,0.033828,0.033932,-0.105,-0.07891,-0.06356,-0.08170,0.01242
23.0201,0.032242,0.032288,-0.046,-0.07935,0.01984,-0.08026,0.07201
23.0401,0.030665,0.030657,0.008,-0.07812,0.10247,-0.07727,0.14981
23.0601,0.029128,0.029055,0.074,-0.07527,0.18252,-0.07204,0.26136
23.0801,0.027664,0.027518,0.146,-0.07085,0.25835,-0.06508,0.34816
23.1001,0.026304,0.026092,0.212,-0.06497,0.32835,-0.05703,0.40246
23.1201,0.025075,0.024809,0.266,-0.05776,0.39106,-0.04813,0.44508
23.1401,0.024001,0.023685,0.316,-0.04939,0.44519,-0.03807,0.50276
23.1601,0.023106,0.022741,0.365,-0.04002,0.48961,-0.02709,0.54891
23.1801,0.022406,0.021993,0.413,-0.02987,0.52343,-0.01530,0.58946
23.2001,0.021915,0.021465,0.450,-0.01916,0.54600,-0.00346,0.59200
23.2201,0.021642,0.021168,0.474,-0.00811,0.55686,0.00828,0.58706
23.2401,0.021591,0.021113,0.478,0.00304,0.55586,0.01933,0.55269
23.2601,0.021762,0.021259,0.503,0.01405,0.54310,0.03144,0.60538
23.2801,0.022150,0.021649,0.501,0.02469,0.51889,0.04170,0.51312
23.3001,0.022746,0.022282,0.464,0.03473,0.48385,0.05008,0.41882
23.3201,0.023535,0.023128,0.407,0.04398,0.43871,0.05720,0.35630
23.3401,0.024498,0.024146,0.352,0.05222,0.38470,0.06357,0.31824
23.3601,0.025615,0.025308,0.307,0.05931,0.32285,0.06926,0.28457
23.3801,0.026862,0.026600,0.262,0.06509,0.25457,0.07350,0.21219
23.4001,0.028210,0.028007,0.203,0.06946,0.18139,0.07570,0.10987
23.4201,0.029633,0.029492,0.141,0.07233,0.10472,0.07647,0.03832
23.4401,0.031092,0.031015,0.077,0.07364,0.02676,0.07557,-0.04480
23.4601,0.032565,0.032545,0.020,0.07340,-0.05135,0.07346,-0.10549
23.4801,0.034018,0.034052,-0.034,0.07160,-0.12775,0.06983,-0.18159
23.5001,0.035419,0.035513,-0.094,0.06831,-0.20086,0.06448,-0.26759
23.5201,0.036741,0.036898,-0.158,0.06360,-0.26911,0.05753,-0.34719
23.5401,0.037955,0.038175,-0.220,0.05759,-0.33113,0.04943,-0.40530
23.5601,0.039036,0.039307,-0.271,0.05040,-0.38565,0.04063,-0.43967
23.5801,0.039964,0.040280,-0.316,0.04222,-0.43156,0.03096,-0.48373
23.6001,0.040720,0.041077,-0.358,0.03320,-0.46801,0.02059,-0.51862
23.6201,0.041288,0.041680,-0.392,0.02356,-0.49431,0.00988,-0.53551
23.6401,0.041659,0.042078,-0.419,0.01350,-0.51002,-0.00104,-0.54580
23.6601,0.041827,0.042258,-0.431,0.00324,-0.51493,-0.01154,-0.52494
23.6801,0.041789,0.042239,-0.451,-0.00702,-0.50907,-0.02256,-0.55108
23.7001,0.041548,0.042014,-0.466,-0.01706,-0.49270,-0.03308,-0.52597
23.7201,0.041109,0.041561,-0.452,-0.02666,-0.46631,-0.04186,-0.43915
23.7401,0.040485,0.040892,-0.406,-0.03565,-0.43060,-0.04896,-0.35500
23.7601,0.039688,0.040038,-0.350,-0.04384,-0.38638,-0.05512,-0.30786
23.7801,0.038736,0.039040,-0.304,-0.05107,-0.33483,-0.06090,-0.28892
23.8001,0.037654,0.037915,-0.261,-0.05719,-0.27725,-0.06560,-0.23530
23.8201,0.036459,0.036680,-0.221,-0.06211,-0.21472,-0.06917,-0.17825
23.8401,0.035178,0.035347,-0.170,-0.06575,-0.14875,-0.07096,-0.08949
23.8601,0.033836,0.033951,-0.115,-0.06805,-0.08074,-0.07137,-0.02065
23.8801,0.032464,0.032525,-0.061,-0.06898,-0.01239,-0.07044,0.04638
23.9001,0.031087,0.031098,-0.011,-0.06855,0.05506,-0.06838,0.10299
23.9201,0.029729,0.029692,0.037,-0.06679,0.12023,-0.06502,0.16827
23.9401,0.028423,0.028333,0.090,-0.06377,0.18145,-0.06011,0.24551
23.9601,0.027188,0.027044,0.144,-0.05957,0.23781,-0.05410,0.30025
23.9801,0.026047,0.025856,0.191,-0.05430,0.28814,-0.04729,0.34045
24.0001,0.025021,0.024791,0.231,-0.04809,0.33142,-0.03981,0.37425
24.0201,0.024129,0.023861,0.268,-0.04110,0.36688,-0.03157,0.41181
24.0401,0.023382,0.023083,0.300,-0.03347,0.39399,-0.02294,0.43159
24.0601,0.022792,0.022469,0.323,-0.02539,0.41235,-0.01413,0.44068
24.0801,0.022368,0.022029,0.339,-0.01704,0.42172,-0.00534,0.43945
24.1001,0.022112,0.021766,0.346,-0.00859,0.42215,0.00324,0.42905
24.1201,0.022024,0.021676,0.348,-0.00021,0.41383,0.01165,0.42048
24.1401,0.022102,0.021732,0.370,0.00791,0.39717,0.02072,0.45320
24.1601,0.022338,0.021972,0.366,0.01562,0.37272,0.02802,0.36542
24.1801,0.022723,0.022395,0.328,0.02277,0.34122,0.03350,0.27378
24.2001,0.023244,0.022971,0.273,0.02923,0.30354,0.03792,0.22113
24.2201,0.023888,0.023657,0.231,0.03488,0.26057,0.04227,0.21720
24.2401,0.024633,0.024433,0.200,0.03963,0.21356,0.04610,0.19183
24.2601,0.025466,0.025294,0.171,0.04340,0.16345,0.04890,0.13981
24.2801,0.026362,0.026233,0.130,0.04615,0.11150,0.05012,0.06095
24.3001,0.027304,0.027219,0.085,0.04786,0.05882,0.05026,0.00688
24.3201,0.028270,0.028226,0.043,0.04851,0.00657,0.04952,-0.03667
24.3401,0.029238,0.029233,0.005,0.04813,-0.04414,0.04788,-0.08213
24.3601,0.030188,0.030220,-0.032,0.04676,-0.09232,0.04526,-0.13115
24.3801,0.031103,0.031169,-0.066,0.04446,-0.13709,0.04185,-0.17019
24.4001,0.031961,0.032066,-0.105,0.04131,-0.17745,0.03732,-0.22681
24.4201,0.032749,0.032886,-0.137,0.03739,-0.21292,0.03237,-0.24743
24.4401,0.033453,0.033619,-0.166,0.03282,-0.24289,0.02685,-0.27603
24.4601,0.034059,0.034251,-0.193,0.02772,-0.26695,0.02087,-0.29894
24.4801,0.034558,0.034767,-0.209,0.02219,-0.28489,0.01490,-0.29830
24.5001,0.034944,0.035168,-0.224,0.01636,-0.29663,0.00859,-0.31586
24.5201,0.035212,0.035444,-0.232,0.01036,-0.30223,0.00237,-0.31083
24.5401,0.035359,0.035598,-0.239,0.00430,-0.30190,-0.00390,-0.31351
24.5601,0.035385,0.035627,-0.242,-0.00167,-0.29601,-0.00995,-0.30242
24.5801,0.035293,0.035559,-0.266,-0.00749,-0.28502,-0.01679,-0.34209
24.6001,0.035087,0.035355,-0.268,-0.01305,-0.26949,-0.02220,-0.27039
24.6201,0.034773,0.035006,-0.233,-0.01825,-0.25010,-0.02576,-0.17804
24.6401,0.034360,0.034552,-0.192,-0.02303,-0.22754,-0.02912,-0.16821
24.6601,0.033855,0.034022,-0.167,-0.02733,-0.20258,-0.03273,-0.18020
24.6801,0.033270,0.033427,-0.157,-0.03112,-0.17599,-0.03634,-0.18066
24.7001,0.032614,0.032762,-0.147,-0.03437,-0.14857,-0.03928,-0.14681
24.7201,0.031899,0.032020,-0.121,-0.03706,-0.12105,-0.04088,-0.08037
24.7401,0.031135,0.031224,-0.089,-0.03921,-0.09414,-0.04188,-0.04998
24.7601,0.030334,0.030401,-0.067,-0.04084,-0.06848,-0.04287,-0.04915
24.7801,0.029505,0.029557,-0.052,-0.04196,-0.04463,-0.04355,-0.03427
24.8001,0.028658,0.028696,-0.038,-0.04264,-0.02306,-0.04378,-0.01141
24.8201,0.027802,0.027823,-0.021,-0.04290,-0.00414,-0.04344,0.01723
24.8401,0.026944,0.026946,-0.002,-0.04282,0.01186,-0.04267,0.03859
24.8601,0.026092,0.026077,0.015,-0.04245,0.02481,-0.04177,0.04458
24.8801,0.025248,0.025229,0.020,-0.04185,0.03468,-0.04112,0.03279
24.9001,0.024419,0.024393,0.026,-0.04108,0.04157,-0.04015,0.04849
24.9201,0.023605,0.023573,0.032,-0.04020,0.04566,-0.03906,0.05441
24.9401,0.022811,0.022777,0.034,-0.03927,0.04723,-0.03810,0.04810
24.9601,0.022035,0.021999,0.036,-0.03833,0.04665,-0.03708,0.05088
24.9801,0.021277,0.021242,0.036,-0.03742,0.04438,-0.03622,0.04318
25.0001,0.020538,0.020506,0.032,-0.03656,0.04088,-0.03553,0.03439
25.0201,0.019814,0.019788,0.027,-0.03579,0.03671,-0.03494,0.02959
25.0401,0.019105,0.019081,0.025,-0.03510,0.03240,-0.03429,0.03253
25.0601,0.018410,0.018384,0.026,-0.03449,0.02848,-0.03359,0.03471
25.0801,0.017726,0.017701,0.024,-0.03395,0.02549,-0.03315,0.02210
25.1001,0.017052,0.017032,0.020,-0.03346,0.02388,-0.03281,0.01694
25.1201,0.016387,0.016370,0.017,-0.03298,0.02409,-0.03246,0.01777
25.1401,0.015732,0.015716,0.016,-0.03248,0.02646,-0.03194,0.02593
25.1601,0.015088,0.015068,0.020,-0.03191,0.03124,-0.03119,0.03758
25.1801,0.014457,0.014432,0.024,-0.03122,0.03860,-0.03034,0.04227
25.2001,0.013841,0.013813,0.028,-0.03035,0.04860,-0.02937,0.04846
25.2201,0.013244,0.013212,0.032,-0.02925,0.06117,-0.02812,0.06244
25.2401,0.012672,0.012631,0.042,-0.02788,0.07617,-0.02636,0.08811
25.2601,0.012131,0.012073,0.058,-0.02619,0.09332,-0.02405,0.11564
25.2801,0.011627,0.011557,0.070,-0.02414,0.11222,-0.02161,0.12189
25.3001,0.011168,0.011088,0.081,-0.02170,0.13243,-0.01884,0.13867
25.3201,0.010762,0.010667,0.094,-0.01884,0.15344,-0.01548,0.16792
25.3401,0.010417,0.010300,0.117,-0.01556,0.17454,-0.01131,0.20822
25.3601,0.010143,0.010002,0.140,-0.01186,0.19514,-0.00684,0.22371
25.3801,0.009946,0.009795,0.150,-0.00776,0.21452,-0.00254,0.21484
25.4001,0.009835,0.009673,0.162,-0.00329,0.23200,0.00233,0.24358
25.4201,0.009816,0.009641,0.175,0.00151,0.24686,0.00759,0.26322
25.4401,0.009896,0.009680,0.217,0.00656,0.25841,0.01439,0.33965
25.4601,0.010080,0.009835,0.245,0.01181,0.26608,0.02044,0.30288
25.4801,0.010370,0.010133,0.237,0.01717,0.26932,0.02514,0.23471
25.5001,0.010767,0.010552,0.216,0.02255,0.26767,0.02965,0.22550
25.5201,0.011271,0.011068,0.203,0.02785,0.26081,0.03462,0.24835
25.5401,0.011880,0.011677,0.203,0.03295,0.24850,0.03984,0.26138
25.5601,0.012587,0.012385,0.202,0.03775,0.23067,0.04459,0.23744
25.5801,0.013386,0.013198,0.188,0.04214,0.20738,0.04840,0.19031
25.6001,0.014268,0.014108,0.160,0.04601,0.17883,0.05114,0.13731
25.6201,0.015223,0.015089,0.134,0.04926,0.14530,0.05352,0.11866
25.6401,0.016234,0.016124,0.109,0.05179,0.10740,0.05524,0.08634
25.6601,0.017288,0.017205,0.084,0.05353,0.06565,0.05608,0.04192
25.6801,0.018369,0.018314,0.056,0.05440,0.02082,0.05599,-0.00488
25.7001,0.019458,0.019436,0.022,0.05434,-0.02623,0.05472,-0.06310
25.7201,0.020537,0.020554,-0.018,0.05334,-0.07455,0.05230,-0.12118
25.7401,0.021585,0.021642,-0.057,0.05136,-0.12314,0.04900,-0.16518
25.7601,0.022585,0.022680,-0.095,0.04841,-0.17098,0.04479,-0.21045
25.7801,0.023517,0.023647,-0.130,0.04453,-0.21693,0.03973,-0.25287
25.8001,0.024361,0.024528,-0.167,0.03976,-0.25984,0.03368,-0.30265
25.8201,0.025101,0.025305,-0.203,0.03417,-0.29879,0.02685,-0.34151
25.8401,0.025722,0.025962,-0.240,0.02784,-0.33274,0.01928,-0.37833
25.8601,0.026211,0.026478,-0.268,0.02090,-0.36078,0.01149,-0.38951
25.8801,0.026555,0.026846,-0.291,0.01345,-0.38211,0.00332,-0.40865
25.9001,0.026746,0.027059,-0.313,0.00567,-0.39605,-0.00522,-0.42668
25.9201,0.026780,0.027107,-0.327,-0.00233,-0.40210,-0.01362,-0.42034
25.9401,0.026653,0.027013,-0.360,-0.01036,-0.39989,-0.02296,-0.46657
25.9601,0.026366,0.026737,-0.370,-0.01827,-0.38923,-0.03097,-0.40086
25.9801,0.025924,0.026265,-0.341,-0.02588,-0.37013,-0.03716,-0.30923
26.0001,0.025334,0.025630,-0.295,-0.03302,-0.34279,-0.04256,-0.27002
26.0201,0.024608,0.024871,-0.263,-0.03954,-0.30761,-0.04812,-0.27827
26.0401,0.023758,0.024004,-0.245,-0.04528,-0.26516,-0.05343,-0.26512
26.0601,0.022803,0.023023,-0.220,-0.05010,-0.21619,-0.05731,-0.19422
26.0801,0.021761,0.021934,-0.173,-0.05389,-0.16163,-0.05926,-0.09760
26.1001,0.020655,0.020775,-0.120,-0.05653,-0.10254,-0.06004,-0.03885
26.1201,0.019508,0.019581,-0.073,-0.05796,-0.04012,-0.05993,0.00536
26.1401,0.018345,0.018378,-0.033,-0.05812,0.02437,-0.05881,0.05583
26.1601,0.017192,0.017179,0.012,-0.05699,0.08952,-0.05607,0.13711
26.1801,0.016074,0.016007,0.067,-0.05455,0.15395,-0.05168,0.21959
26.2001,0.015018,0.014898,0.120,-0.05084,0.21625,-0.04619,0.27476
26.2201,0.014048,0.013879,0.169,-0.04592,0.27506,-0.03965,0.32679
26.2401,0.013187,0.012972,0.215,-0.03986,0.32901,-0.03203,0.38092
26.2601,0.012460,0.012196,0.264,-0.03280,0.37672,-0.02329,0.43683
26.2801,0.011882,0.011573,0.309,-0.02485,0.41720,-0.01387,0.47134
26.3001,0.011471,0.011125,0.346,-0.01618,0.44939,-0.00402,0.49253
26.3201,0.011239,0.010868,0.371,-0.00694,0.47251,0.00595,0.49841
26.3401,0.011196,0.010806,0.390,0.00266,0.48589,0.01613,0.50890
26.3601,0.011347,0.010910,0.437,0.01242,0.48909,0.02778,0.58268
26.3801,0.011692,0.011235,0.457,0.02215,0.48190,0.03792,0.50690
26.4001,0.012231,0.011796,0.435,0.03163,0.46431,0.04617,0.41266
26.4201,0.012955,0.012568,0.387,0.04066,0.43660,0.05329,0.35580
26.4401,0.013853,0.013508,0.345,0.04903,0.39921,0.06030,0.35074
26.4601,0.014910,0.014593,0.317,0.05657,0.35284,0.06705,0.33734
26.4801,0.016109,0.015820,0.289,0.06309,0.29839,0.07258,0.27669
26.5001,0.017426,0.017181,0.245,0.06845,0.23693,0.07630,0.18580
26.5201,0.018839,0.018653,0.186,0.07253,0.16972,0.07819,0.09466
26.5401,0.020318,0.020195,0.123,0.07521,0.09818,0.07872,0.02652
26.5601,0.021837,0.021765,0.072,0.07644,0.02379,0.07833,-0.01975
26.5800,0.023363,0.023341,0.021,0.07616,-0.05170,0.07633,-0.09995
26.6001,0.024874,0.024904,-0.031,0.07437,-0.12712,0.07276,-0.17864
26.6201,0.026330,0.026423,-0.093,0.07109,-0.20035,0.06725,-0.27548
26.6401,0.027708,0.027869,-0.161,0.06638,-0.26997,0.06015,-0.35511
26.6601,0.028977,0.029197,-0.220,0.06032,-0.33439,0.05218,-0.39820
26.6801,0.030117,0.030383,-0.266,0.05301,-0.39239,0.04347,-0.43577
26.7001,0.031092,0.031409,-0.317,0.04468,-0.44204,0.03334,-0.50635
26.7201,0.031895,0.032262,-0.368,0.03541,-0.48276,0.02235,-0.54926
26.7401,0.032504,0.032912,-0.408,0.02545,-0.51334,0.01111,-0.56216
26.7601,0.032908,0.033346,-0.437,0.01496,-0.53314,-0.00023,-0.56690
26.7801,0.033100,0.033556,-0.456,0.00420,-0.54156,-0.01151,-0.56394
26.8001,0.033076,0.033550,-0.474,-0.00662,-0.53834,-0.02294,-0.57163
26.8201,0.032837,0.033332,-0.495,-0.01726,-0.52344,-0.03434,-0.57016
26.8401,0.032388,0.032871,-0.483,-0.02748,-0.49708,-0.04376,-0.47113
26.8601,0.031741,0.032174,-0.433,-0.03707,-0.45974,-0.05123,-0.37325
26.8801,0.030911,0.031283,-0.372,-0.04580,-0.41214,-0.05779,-0.32813
26.9001,0.029916,0.030241,-0.325,-0.05349,-0.35520,-0.06402,-0.31115
26.9201,0.028780,0.029064,-0.284,-0.05996,-0.29009,-0.06917,-0.25778
26.9401,0.027526,0.027762,-0.236,-0.06505,-0.21808,-0.07256,-0.16931
26.9601,0.026188,0.026361,-0.173,-0.06865,-0.14083,-0.07382,-0.06331
26.9801,0.024792,0.024898,-0.106,-0.07066,-0.05974,-0.07351,0.01567
27.0001,0.023372,0.023418,-0.046,-0.07102,0.02341,-0.07192,0.07949
27.0201,0.021962,0.021948,0.014,-0.06972,0.10684,-0.06860,0.16584
27.0401,0.020594,0.020516,0.078,-0.06676,0.18882,-0.06338,0.26129
27.0601,0.019302,0.019153,0.149,-0.06219,0.26760,-0.05633,0.35214
27.0801,0.018117,0.017901,0.216,-0.05609,0.34153,-0.04801,0.41635
27.1001,0.017068,0.016793,0.276,-0.04857,0.40899,-0.03854,0.47343
27.1201,0.016183,0.015847,0.335,-0.03978,0.46858,-0.02772,0.54094
27.1401,0.015484,0.015093,0.392,-0.02989,0.51901,-0.01596,0.58820
27.1601,0.014993,0.014553,0.440,-0.01909,0.55920,-0.00358,0.61887
27.1801,0.014726,0.014242,0.483,-0.00759,0.58829,0.00931,0.64467
27.2001,0.014693,0.014178,0.515,0.00436,0.60563,0.02223,0.64553
27.2201,0.014902,0.014342,0.560,0.01655,0.61086,0.03606,0.69175
27.2401,0.015354,0.014780,0.575,0.02871,0.60385,0.04843,0.61856
27.2601,0.016048,0.015497,0.551,0.04062,0.58473,0.05909,0.53292
27.2801,0.016977,0.016473,0.504,0.05203,0.55386,0.06865,0.47779
27.3001,0.018126,0.017671,0.455,0.06271,0.51193,0.07764,0.44948
27.3201,0.019479,0.019063,0.416,0.07244,0.45979,0.08617,0.42651
27.3401,0.021016,0.020638,0.378,0.08104,0.39852,0.09348,0.36587
27.3601,0.022712,0.022383,0.329,0.08833,0.32940,0.09897,0.27418
27.3801,0.024539,0.024277,0.263,0.09417,0.25384,0.10238,0.17091
27.4001,0.026468,0.026278,0.191,0.09845,0.17341,0.10415,0.08832
27.4201,0.028467,0.028340,0.127,0.10109,0.08977,0.10471,0.02814
27.4401,0.030499,0.030431,0.068,0.10203,0.00471,0.10370,-0.05052
27.4601,0.032535,0.032526,0.009,0.10128,-0.08020,0.10094,-0.13813
27.4801,0.034539,0.034594,-0.055,0.09884,-0.16318,0.09628,-0.23310
27.5001,0.036478,0.036604,-0.127,0.09477,-0.24251,0.08967,-0.33054
27.5201,0.038319,0.038519,-0.199,0.08917,-0.31667,0.08159,-0.40381
27.5401,0.040035,0.040296,-0.261,0.08215,-0.38418,0.07259,-0.45026
27.5601,0.041597,0.041913,-0.316,0.07386,-0.44376,0.06253,-0.50271
27.5801,0.042982,0.043350,-0.368,0.06446,-0.49427,0.05138,-0.55750
27.6001,0.044170,0.044583,-0.414,0.05416,-0.53479,0.03959,-0.58970
27.6201,0.045143,0.045599,-0.455,0.04314,-0.56462,0.02721,-0.61898
27.6401,0.045892,0.046379,-0.487,0.03164,-0.58329,0.01475,-0.62291
27.6601,0.046408,0.046911,-0.504,0.01989,-0.59056,0.00257,-0.60896
27.6801,0.046687,0.047199,-0.512,0.00810,-0.58645,-0.00941,-0.59888
27.7001,0.046733,0.047235,-0.502,-0.00350,-0.57120,-0.02045,-0.55203
27.7201,0.046550,0.047068,-0.518,-0.01468,-0.54529,-0.03246,-0.60053
27.7401,0.046150,0.046656,-0.506,-0.02524,-0.50941,-0.04233,-0.49378
27.7601,0.045546,0.046001,-0.455,-0.03499,-0.46446,-0.04988,-0.37743
27.7801,0.044757,0.045140,-0.384,-0.04377,-0.41150,-0.05604,-0.30783
27.8001,0.043803,0.044124,-0.322,-0.05141,-0.35174,-0.06166,-0.28087
27.8201,0.042709,0.042985,-0.277,-0.05780,-0.28653,-0.06671,-0.25279
27.8401,0.041500,0.041731,-0.231,-0.06284,-0.21727,-0.07021,-0.17518
27.8601,0.040204,0.040379,-0.174,-0.06647,-0.14549,-0.07178,-0.07810
27.8801,0.038850,0.038963,-0.113,-0.06866,-0.07265,-0.07181,-0.00179
27.9001,0.037468,0.037521,-0.053,-0.06938,-0.00026,-0.07054,0.06383
27.9201,0.036085,0.036085,-0.000,-0.06868,0.07021,-0.06810,0.12195
27.9401,0.034729,0.034681,0.049,-0.06660,0.13741,-0.06440,0.18479
27.9601,0.033429,0.033324,0.105,-0.06321,0.20003,-0.05905,0.26777
27.9801,0.032209,0.032049,0.160,-0.05863,0.25692,-0.05260,0.32208
28.0001,0.031091,0.030886,0.205,-0.05298,0.30712,-0.04550,0.35512
28.0201,0.030096,0.029848,0.248,-0.04640,0.34978,-0.03750,0.40000
28.0401,0.029240,0.028956,0.285,-0.03904,0.38427,-0.02896,0.42696
28.0601,0.028538,0.028222,0.316,-0.03109,0.41013,-0.01999,0.44862
28.0801,0.028000,0.027660,0.339,-0.02270,0.42713,-0.01091,0.45417
28.1001,0.027632,0.027279,0.353,-0.01406,0.43521,-0.00190,0.45013
28.1201,0.027438,0.027079,0.359,-0.00535,0.43452,0.00691,0.44054
28.1401,0.027417,0.027060,0.357,0.00326,0.42541,0.01539,0.42405
28.1601,0.027567,0.027187,0.380,0.01161,0.40837,0.02478,0.46941
28.1801,0.027879,0.027499,0.380,0.01955,0.38409,0.03248,0.38503
28.2001,0.028345,0.028005,0.340,0.02693,0.35336,0.03806,0.27930
28.2201,0.028952,0.028668,0.283,0.03365,0.31711,0.04266,0.22988
28.2401,0.029686,0.029445,0.240,0.03959,0.27635,0.04729,0.23167
28.2601,0.030530,0.030314,0.216,0.04468,0.23217,0.05175,0.22262
28.2801,0.031468,0.031278,0.190,0.04886,0.18561,0.05503,0.16416
28.3001,0.032479,0.032327,0.152,0.05210,0.13789,0.05686,0.09179
28.3201,0.033545,0.033439,0.106,0.05438,0.09007,0.05750,0.03151
28.3401,0.034648,0.034581,0.066,0.05571,0.04320,0.05752,0.00103
28.3601,0.035767,0.035735,0.032,0.05612,-0.00172,0.05684,-0.03402
28.3801,0.036887,0.036885,0.002,0.05566,-0.04382,0.05539,-0.07237
28.4001,0.037988,0.038019,-0.030,0.05439,-0.08229,0.05300,-0.11935
28.4201,0.039057,0.039119,-0.062,0.05240,-0.11648,0.04995,-0.15236
28.4401,0.040080,0.040172,-0.092,0.04976,-0.14586,0.04632,-0.18195
28.4601,0.041044,0.041159,-0.115,0.04660,-0.17005,0.04245,-0.19345
28.4801,0.041941,0.042073,-0.132,0.04300,-0.18883,0.03832,-0.20617
28.5001,0.042762,0.042906,-0.144,0.03908,-0.20210,0.03405,-0.21359
28.5201,0.043502,0.043658,-0.156,0.03495,-0.20996,0.02952,-0.22677
28.5401,0.044159,0.044323,-0.164,0.03072,-0.21260,0.02505,-0.22337
28.5601,0.044731,0.044895,-0.164,0.02648,-0.21035,0.02091,-0.20709
28.5801,0.045219,0.045378,-0.159,0.02234,-0.20366,0.01699,-0.19577
28.6001,0.045626,0.045779,-0.153,0.01836,-0.19308,0.01322,-0.18858
28.6201,0.045955,0.046105,-0.150,0.01463,-0.17925,0.00956,-0.18284
28.6401,0.046213,0.046351,-0.138,0.01121,-0.16284,0.00663,-0.14649
28.6601,0.046406,0.046527,-0.121,0.00813,-0.14458,0.00421,-0.12134
28.6801,0.046541,0.046646,-0.105,0.00543,-0.12520,0.00202,-0.10907
28.7001,0.046625,0.046713,-0.088,0.00313,-0.10544,0.00034,-0.08447
28.7201,0.046668,0.046742,-0.074,0.00121,-0.08599,-0.00114,-0.07350
28.7401,0.046677,0.046741,-0.065,-0.00032,-0.06751,-0.00243,-0.06453
28.7601,0.046658,0.046729,-0.071,-0.00150,-0.05058,-0.00399,-0.07824
28.7801,0.046619,0.046686,-0.067,-0.00236,-0.03575,-0.00459,-0.03006
28.8001,0.046565,0.046616,-0.050,-0.00294,-0.02339,-0.00448,0.00576
28.8201,0.046502,0.046527,-0.025,-0.00331,-0.01382,-0.00388,0.02981
28.8401,0.046434,0.046449,-0.015,-0.00352,-0.00723,-0.00390,-0.00110
28.8601,0.046362,0.046375,-0.012,-0.00362,-0.00371,-0.00402,-0.00565
28.8801,0.046289,0.046300,-0.011,-0.00369,-0.00323,-0.00404,-0.00140
28.9001,0.046215,0.046222,-0.007,-0.00377,-0.00563,-0.00395,0.00459
28.9201,0.046138,0.046144,-0.006,-0.00393,-0.01067,-0.00411,-0.00770
28.9401,0.046057,0.046067,-0.010,-0.00421,-0.01800,-0.00460,-0.02485
28.9601,0.045968,0.045983,-0.015,-0.00466,-0.02719,-0.00522,-0.03065
28.9801,0.045869,0.045894,-0.025,-0.00531,-0.03775,-0.00626,-0.05214
29.0001,0.045754,0.045788,-0.034,-0.00618,-0.04913,-0.00742,-0.05823
29.0201,0.045620,0.045653,-0.033,-0.00728,-0.06074,-0.00837,-0.04728
29.0401,0.045462,0.045499,-0.037,-0.00860,-0.07199,-0.00993,-0.07786
29.0601,0.045275,0.045328,-0.053,-0.01015,-0.08231,-0.01213,-0.11015
29.0801,0.045055,0.045118,-0.064,-0.01189,-0.09111,-0.01416,-0.10169
29.1001,0.044798,0.044872,-0.074,-0.01378,-0.09790,-0.01640,-0.11204
29.1201,0.044503,0.044575,-0.073,-0.01579,-0.10222,-0.01825,-0.09238
29.1401,0.044166,0.044237,-0.070,-0.01785,-0.10370,-0.02021,-0.09809
29.1601,0.043789,0.043863,-0.075,-0.01991,-0.10204,-0.02251,-0.11476
29.1801,0.043370,0.043450,-0.080,-0.02191,-0.09706,-0.02467,-0.10828
29.2001,0.042913,0.042989,-0.076,-0.02377,-0.08870,-0.02633,-0.08273
29.2201,0.042420,0.042486,-0.066,-0.02544,-0.07699,-0.02755,-0.06124
29.2401,0.041897,0.041952,-0.055,-0.02683,-0.06211,-0.02857,-0.05102
29.2601,0.041349,0.041398,-0.048,-0.02790,-0.04429,-0.02947,-0.04474
29.2801,0.040784,0.040822,-0.037,-0.02859,-0.02395,-0.02974,-0.01352
29.3001,0.040209,0.040228,-0.019,-0.02884,-0.00153,-0.02928,0.02311
29.3201,0.039632,0.039633,-0.001,-0.02864,0.02245,-0.02848,0.03978
29.3401,0.039067,0.039051,0.016,-0.02794,0.04718,-0.02719,0.06433
29.3601,0.038519,0.038483,0.036,-0.02675,0.07216,-0.02530,0.09462
29.3801,0.038000,0.037946,0.054,-0.02506,0.09660,-0.02301,0.11467
29.4001,0.037520,0.037448,0.072,-0.02289,0.11976,-0.02026,0.13751
29.4201,0.037088,0.036999,0.089,-0.02028,0.14091,-0.01708,0.15910
29.4401,0.036711,0.036604,0.108,-0.01728,0.15934,-0.01340,0.18381
29.4601,0.036399,0.036274,0.125,-0.01393,0.17439,-0.00950,0.19494
29.4801,0.036156,0.036020,0.136,-0.01033,0.18549,-0.00559,0.19571
29.5001,0.035987,0.035848,0.139,-0.00654,0.19212,-0.00180,0.18931
29.5201,0.035895,0.035753,0.142,-0.00267,0.19390,0.00218,0.19914
29.5401,0.035880,0.035728,0.152,0.00118,0.19056,0.00646,0.21397
29.5601,0.035941,0.035762,0.179,0.00491,0.18194,0.01130,0.24186
29.5801,0.036075,0.035894,0.181,0.00842,0.16803,0.01460,0.16521
29.6001,0.036276,0.036125,0.150,0.01160,0.14900,0.01637,0.08826
29.6201,0.036536,0.036420,0.116,0.01435,0.12512,0.01790,0.07668
29.6401,0.036846,0.036750,0.096,0.01657,0.09680,0.01963,0.08662
29.6601,0.037195,0.037114,0.081,0.01820,0.06460,0.02079,0.05801
29.6801,0.037569,0.037512,0.057,0.01914,0.02923,0.02082,0.00149
29.7001,0.037957,0.037928,0.029,0.01935,-0.00865,0.02001,-0.04052
29.7201,0.038338,0.038343,-0.004,0.01879,-0.04784,0.01827,-0.08700
29.7401,0.038702,0.038735,-0.033,0.01743,-0.08768,0.01598,-0.11452
29.7601,0.039030,0.039096,-0.066,0.01528,-0.12708,0.01269,-0.16472
29.7801,0.039308,0.039404,-0.097,0.01236,-0.16499,0.00873,-0.19778
29.8001,0.039520,0.039646,-0.126,0.00870,-0.20041,0.00408,-0.23249
29.8201,0.039651,0.039803,-0.152,0.00436,-0.23231,-0.00108,-0.25809
29.8401,0.039690,0.039868,-0.178,-0.00056,-0.25974,-0.00690,-0.29100
29.8601,0.039625,0.039850,-0.225,-0.00599,-0.28185,-0.01414,-0.36190
29.8801,0.039448,0.039717,-0.269,-0.01180,-0.29787,-0.02145,-0.36586
29.9001,0.039152,0.039429,-0.277,-0.01786,-0.30714,-0.02736,-0.29540
29.9201,0.038733,0.038987,-0.254,-0.02404,-0.30919,-0.03241,-0.25264
29.9401,0.038190,0.038426,-0.236,-0.03018,-0.30366,-0.03799,-0.27900
29.9601,0.037527,0.037765,-0.238,-0.03613,-0.29040,-0.04426,-0.31315
29.9801,0.036748,0.036990,-0.242,-0.04174,-0.26942,-0.05003,-0.28850
30.0001,0.035861,0.036086,-0.226,-0.04686,-0.24094,-0.05434,-0.21549
30.0201,0.034878,0.035068,-0.191,-0.05133,-0.20534,-0.05743,-0.15466
30.0401,0.033813,0.033966,-0.154,-0.05503,-0.16320,-0.05984,-0.12042
30.0601,0.032683,0.032803,-0.121,-0.05782,-0.11527,-0.06156,-0.08612
30.0801,0.031506,0.031595,-0.089,-0.05961,-0.06241,-0.06228,-0.03593
30.1001,0.030306,0.030358,-0.052,-0.06029,-0.00579,-0.06167,0.03038
30.1201,0.029102,0.029111,-0.008,-0.05982,0.05354,-0.05962,0.10265
30.1401,0.027921,0.027881,0.040,-0.05814,0.11425,-0.05624,0.16909
30.1601,0.026785,0.026697,0.088,-0.05525,0.17505,-0.05172,0.22602
30.1801,0.025719,0.025584,0.135,-0.05115,0.23456,-0.04604,0.28362
30.2001,0.024747,0.024565,0.182,-0.04588,0.29137,-0.03917,0.34351
30.2201,0.023891,0.023660,0.231,-0.03952,0.34417,-0.03114,0.40164
30.2401,0.023173,0.022895,0.277,-0.03215,0.39163,-0.02221,0.44676
30.2601,0.022611,0.022289,0.322,-0.02390,0.43257,-0.01247,0.48695
30.2801,0.022222,0.021862,0.359,-0.01490,0.46588,-0.00227,0.51009
30.3001,0.022019,0.021626,0.393,-0.00532,0.49063,0.00839,0.53273
30.3201,0.022012,0.021596,0.415,0.00466,0.50603,0.01904,0.53243
30.3401,0.022207,0.021745,0.462,0.01485,0.51150,0.03107,0.60142
30.3601,0.022606,0.022126,0.480,0.02506,0.50666,0.04156,0.52480
30.3801,0.023207,0.022746,0.462,0.03505,0.49137,0.05055,0.44920
30.4001,0.024005,0.023586,0.419,0.04464,0.46568,0.05841,0.39343
30.4201,0.024989,0.024611,0.378,0.05361,0.42989,0.06600,0.37929
30.4401,0.026144,0.025796,0.348,0.06177,0.38453,0.07326,0.36313
30.4601,0.027453,0.027136,0.317,0.06893,0.33035,0.07937,0.30548
30.4801,0.028894,0.028623,0.271,0.07493,0.26830,0.08364,0.21361
30.5001,0.030441,0.030231,0.210,0.07962,0.19952,0.08610,0.12286
30.5201,0.032069,0.031921,0.149,0.08288,0.12529,0.08726,0.05807
30.5401,0.033746,0.033654,0.092,0.08461,0.04714,0.08711,-0.00744
30.5601,0.035442,0.035404,0.038,0.08474,-0.03347,0.08545,-0.08336
30.5801,0.037126,0.037146,-0.021,0.08326,-0.11489,0.08191,-0.17705
30.6001,0.038762,0.038849,-0.087,0.08016,-0.19540,0.07647,-0.27186
30.6201,0.040321,0.040475,-0.154,0.07546,-0.27338,0.06947,-0.35007
30.6401,0.041770,0.041992,-0.221,0.06925,-0.34715,0.06099,-0.42379
30.6601,0.043082,0.043366,-0.284,0.06161,-0.41518,0.05125,-0.48691
30.6801,0.044230,0.044569,-0.339,0.05266,-0.47607,0.04051,-0.53708
30.7001,0.045182,0.045586,-0.404,0.04263,-0.52808,0.02817,-0.61703
30.7201,0.045926,0.046380,-0.454,0.03163,-0.57047,0.01563,-0.62730
30.7401,0.046442,0.046935,-0.493,0.01989,-0.60214,0.00269,-0.64694
30.7601,0.046718,0.047242,-0.524,0.00758,-0.62235,-0.01058,-0.66315
30.7801,0.046745,0.047293,-0.548,-0.00494,-0.63045,-0.02383,-0.66267
30.8001,0.046520,0.047107,-0.587,-0.01752,-0.62629,-0.03791,-0.70379
30.8201,0.046046,0.046640,-0.594,-0.02989,-0.60981,-0.05017,-0.61302
30.8401,0.045328,0.045888,-0.560,-0.04182,-0.58125,-0.06049,-0.51612
30.8601,0.044378,0.044880,-0.503,-0.05307,-0.54110,-0.06954,-0.45236
30.8801,0.043211,0.043655,-0.445,-0.06340,-0.49007,-0.07788,-0.41714
30.9001,0.041849,0.042247,-0.398,-0.07261,-0.42919,-0.08565,-0.38849
30.9201,0.040315,0.040670,-0.354,-0.08051,-0.35960,-0.09207,-0.32128
30.9401,0.038637,0.038935,-0.297,-0.08694,-0.28263,-0.09642,-0.21753
30.9601,0.036848,0.037066,-0.217,-0.09178,-0.19994,-0.09829,-0.09318
30.9801,0.034979,0.035127,-0.148,-0.09491,-0.11305,-0.09917,-0.04427
31.0001,0.033064,0.033143,-0.079,-0.09628,-0.02375,-0.09822,0.04787
31.0201,0.031140,0.031164,-0.024,-0.09586,0.06617,-0.09608,0.10699
31.0401,0.029242,0.029198,0.044,-0.09364,0.15491,-0.09141,0.23343
31.0601,0.027406,0.027291,0.114,-0.08968,0.24066,-0.08501,0.31974
31.0801,0.025664,0.025478,0.186,-0.08404,0.32179,-0.07691,0.40514
31.1001,0.024054,0.023787,0.267,-0.07685,0.39640,-0.06689,0.50088
31.1201,0.022601,0.022266,0.335,-0.06824,0.46326,-0.05610,0.53985
31.1401,0.021333,0.020944,0.389,-0.05839,0.52096,-0.04458,0.57595
31.1601,0.020273,0.019837,0.436,-0.04747,0.56835,-0.03215,0.62147
31.1801,0.019439,0.018957,0.482,-0.03571,0.60454,-0.01882,0.66643
31.2001,0.018847,0.018320,0.527,-0.02336,0.62879,-0.00494,0.69414
31.2201,0.018507,0.017948,0.559,-0.01065,0.64068,0.00872,0.68300
31.2401,0.018422,0.017850,0.572,0.00220,0.64005,0.02178,0.65263
31.2601,0.018593,0.018000,0.593,0.01487,0.62700,0.03528,0.67496
31.2801,0.019015,0.018428,0.587,0.02718,0.60184,0.04707,0.58968
31.3001,0.019677,0.019132,0.545,0.03888,0.56515,0.05695,0.49403
31.3201,0.020565,0.020082,0.483,0.04973,0.51782,0.06546,0.42555
31.3401,0.021658,0.021236,0.422,0.05952,0.46095,0.07322,0.38801
31.3601,0.022936,0.022567,0.369,0.06810,0.39562,0.08007,0.34231
31.3801,0.024373,0.024052,0.321,0.07530,0.32329,0.08570,0.28176
31.4001,0.025939,0.025674,0.264,0.08100,0.24553,0.08936,0.18286
31.4201,0.027602,0.027408,0.194,0.08510,0.16398,0.09092,0.07803
31.4401,0.029330,0.029208,0.121,0.08754,0.08033,0.09086,-0.00302
31.4601,0.031091,0.031034,0.057,0.08830,-0.00380,0.08955,-0.06533
31.4801,0.032851,0.032849,0.002,0.08740,-0.08659,0.08683,-0.13595
31.5001,0.034577,0.034635,-0.057,0.08486,-0.16648,0.08226,-0.22850
31.5201,0.036235,0.036363,-0.129,0.08077,-0.24169,0.07562,-0.33246
31.5401,0.037798,0.037996,-0.198,0.07523,-0.31102,0.06773,-0.39424
31.5601,0.039236,0.039493,-0.258,0.06838,-0.37294,0.05896,-0.43855
31.5801,0.040526,0.040831,-0.305,0.06036,-0.42649,0.04948,-0.47406
31.6001,0.041644,0.041995,-0.351,0.05138,-0.47054,0.03893,-0.52728
31.6201,0.042575,0.042968,-0.393,0.04162,-0.50450,0.02778,-0.55764
31.6401,0.043305,0.043735,-0.430,0.03127,-0.52784,0.01626,-0.57607
31.6601,0.043823,0.044279,-0.455,0.02058,-0.54027,0.00481,-0.57237
31.6801,0.044127,0.044592,-0.465,0.00974,-0.54179,-0.00619,-0.54996
31.7001,0.044214,0.044675,-0.462,-0.00102,-0.53259,-0.01668,-0.52483
31.7201,0.044088,0.044566,-0.478,-0.01150,-0.51310,-0.02794,-0.56266
31.7401,0.043757,0.044229,-0.472,-0.02148,-0.48397,-0.03745,-0.47546
31.7602,0.043229,0.043665,-0.436,-0.03086,-0.44578,-0.04529,-0.39208
31.7801,0.042529,0.042902,-0.372,-0.03929,-0.40028,-0.05125,-0.29796
31.8001,0.041668,0.041977,-0.309,-0.04677,-0.34803,-0.05657,-0.26610
31.8201,0.040667,0.040936,-0.268,-0.05316,-0.29036,-0.06184,-0.26375
31.8401,0.039550,0.039786,-0.237,-0.05836,-0.22873,-0.06605,-0.21009
31.8601,0.038340,0.038531,-0.190,-0.06229,-0.16452,-0.06825,-0.11016
31.8801,0.037066,0.037196,-0.130,-0.06493,-0.09926,-0.06869,-0.02194
31.9001,0.035752,0.035825,-0.073,-0.06627,-0.03434,-0.06812,0.02848
31.9201,0.034425,0.034450,-0.025,-0.06632,0.02880,-0.06664,0.07380
31.9401,0.033109,0.033089,0.020,-0.06514,0.08889,-0.06397,0.13371
31.9601,0.031826,0.031762,0.065,-0.06279,0.14476,-0.06010,0.19333
31.9801,0.030603,0.030491,0.112,-0.05938,0.19518,-0.05507,0.25147
32.0001,0.029457,0.029300,0.156,-0.05502,0.23931,-0.04922,0.29248
32.0201,0.028407,0.028215,0.192,-0.04986,0.27627,-0.04292,0.31511
32.0401,0.027468,0.027250,0.218,-0.04402,0.30556,-0.03635,0.32861
32.0601,0.026650,0.026407,0.242,-0.03769,0.32674,-0.02918,0.35849
32.0801,0.025962,0.025700,0.263,-0.03101,0.33960,-0.02186,0.36586
32.1001,0.025410,0.025134,0.277,-0.02416,0.34414,-0.01460,0.36320
32.1201,0.024996,0.024720,0.276,-0.01729,0.34053,-0.00794,0.33308
32.1401,0.024718,0.024443,0.274,-0.01059,0.32915,-0.00129,0.33252
32.1601,0.024570,0.024301,0.270,-0.00418,0.31050,0.00495,0.31180
32.1801,0.024547,0.024294,0.254,0.00179,0.28531,0.01024,0.26435
32.2001,0.024638,0.024383,0.255,0.00719,0.25437,0.01588,0.28199
32.2201,0.024831,0.024593,0.238,0.01193,0.21862,0.01982,0.19694
32.2401,0.025110,0.024919,0.191,0.01591,0.17910,0.02189,0.10371
32.2601,0.025462,0.025325,0.137,0.01907,0.13682,0.02314,0.06256
32.2801,0.025868,0.025768,0.099,0.02137,0.09293,0.02433,0.05945
32.3001,0.026311,0.026237,0.074,0.02279,0.04853,0.02502,0.03423
32.3201,0.026773,0.026727,0.046,0.02332,0.00471,0.02457,-0.02203
32.3401,0.027238,0.027227,0.011,0.02299,-0.03750,0.02296,-0.08064
32.3601,0.027687,0.027712,-0.025,0.02184,-0.07715,0.02061,-0.11752
32.3801,0.028106,0.028166,-0.060,0.01993,-0.11333,0.01748,-0.15640
32.4001,0.028479,0.028568,-0.088,0.01733,-0.14536,0.01402,-0.17300
32.4201,0.028795,0.028905,-0.110,0.01414,-0.17257,0.01017,-0.19252
32.4401,0.029042,0.029175,-0.133,0.01046,-0.19449,0.00569,-0.22413
32.4601,0.029211,0.029361,-0.149,0.00640,-0.21078,0.00114,-0.22736
32.4801,0.029296,0.029459,-0.163,0.00207,-0.22127,-0.00363,-0.23866
32.5001,0.029293,0.029471,-0.178,-0.00241,-0.22593,-0.00861,-0.24878
32.5201,0.029200,0.029408,-0.209,-0.00693,-0.22487,-0.01437,-0.28843
32.5401,0.029016,0.029230,-0.214,-0.01137,-0.21837,-0.01868,-0.21533
32.5601,0.028746,0.028937,-0.191,-0.01563,-0.20680,-0.02188,-0.15996
32.5801,0.028393,0.028553,-0.160,-0.01961,-0.19069,-0.02473,-0.14237
32.6001,0.027964,0.028105,-0.141,-0.02323,-0.17065,-0.02782,-0.15457
32.6201,0.027466,0.027601,-0.135,-0.02642,-0.14733,-0.03096,-0.15720
32.6401,0.026910,0.027034,-0.124,-0.02911,-0.12156,-0.03320,-0.11201
32.6601,0.026305,0.026404,-0.099,-0.03127,-0.09401,-0.03437,-0.05825
32.6801,0.025663,0.025734,-0.070,-0.03287,-0.06561,-0.03494,-0.02873
32.7001,0.024995,0.025042,-0.046,-0.03389,-0.03706,-0.03520,-0.01304
32.7201,0.024312,0.024340,-0.028,-0.03435,-0.00912,-0.03510,0.00496
32.7401,0.023625,0.023635,-0.010,-0.03427,0.01748,-0.03442,0.03440
32.7601,0.022945,0.022933,0.011,-0.03367,0.04208,-0.03304,0.06874
32.7801,0.022281,0.022252,0.029,-0.03260,0.06415,-0.03140,0.08185
32.8001,0.021643,0.021597,0.046,-0.03112,0.08324,-0.02938,0.10136
32.8201,0.021038,0.020979,0.059,-0.02929,0.09895,-0.02715,0.11152
32.8401,0.020473,0.020401,0.072,-0.02719,0.11107,-0.02457,0.12858
32.8601,0.019952,0.019869,0.084,-0.02487,0.11948,-0.02190,0.13352
32.8801,0.019479,0.019390,0.089,-0.02243,0.12418,-0.01935,0.12772
32.9001,0.019056,0.018964,0.091,-0.01993,0.12530,-0.01679,0.12793
32.9201,0.018682,0.018588,0.094,-0.01744,0.12305,-0.01423,0.12784
32.9401,0.018358,0.018261,0.097,-0.01503,0.11777,-0.01170,0.12651
32.9601,0.018080,0.017988,0.092,-0.01275,0.10987,-0.00969,0.10086
32.9801,0.017846,0.017770,0.076,-0.01065,0.09983,-0.00823,0.07276
33.0001,0.017652,0.017583,0.069,-0.00876,0.08820,-0.00648,0.08736
33.0201,0.017494,0.017432,0.062,-0.00713,0.07558,-0.00509,0.06999
33.0401,0.017365,0.017308,0.058,-0.00574,0.06251,-0.00383,0.06272
33.0601,0.017262,0.017210,0.052,-0.00462,0.04969,-0.00292,0.04553
33.0801,0.017179,0.017140,0.039,-0.00375,0.03761,-0.00259,0.01670
33.1001,0.017111,0.017088,0.023,-0.00311,0.02683,-0.00249,0.00476
33.1201,0.017053,0.017035,0.019,-0.00267,0.01783,-0.00209,0.02007
33.1401,0.017003,0.016989,0.014,-0.00238,0.01101,-0.00197,0.00592
33.1601,0.016957,0.016952,0.005,-0.00221,0.00671,-0.00214,-0.00852
33.1801,0.016914,0.016912,0.003,-0.00210,0.00513,-0.00204,0.00527
33.2001,0.016873,0.016864,0.009,-0.00199,0.00639,-0.00161,0.02153
33.2201,0.016835,0.016826,0.009,-0.00182,0.01051,-0.00150,0.00520
33.2401,0.016801,0.016795,0.006,-0.00155,0.01736,-0.00139,0.00561
33.2601,0.016774,0.016766,0.008,-0.00111,0.02675,-0.00081,0.02916
33.2801,0.016758,0.016738,0.020,-0.00046,0.03833,0.00000,0.04030
33.3001,0.016757,0.016723,0.035,0.00043,0.05170,0.00178,0.08905
33.3201,0.016777,0.016725,0.052,0.00161,0.06635,0.00358,0.08992
33.3401,0.016824,0.016745,0.078,0.00309,0.08171,0.00605,0.12345
33.3601,0.016903,0.016811,0.092,0.00488,0.09715,0.00814,0.10475
33.3801,0.017021,0.016928,0.093,0.00697,0.11202,0.01015,0.10010
33.4001,0.017184,0.017096,0.088,0.00935,0.12562,0.01231,0.10802
33.4201,0.017397,0.017301,0.096,0.01199,0.13730,0.01535,0.15246
33.4401,0.017665,0.017557,0.107,0.01483,0.14640,0.01860,0.16241
33.4601,0.017991,0.017872,0.119,0.01782,0.15234,0.02202,0.17069
33.4801,0.018378,0.018256,0.122,0.02090,0.15457,0.02507,0.15268
33.5001,0.018827,0.018708,0.119,0.02398,0.15267,0.02801,0.14684
33.5201,0.019337,0.019220,0.116,0.02697,0.14628,0.03090,0.14478
33.5401,0.019905,0.019792,0.113,0.02980,0.13518,0.03361,0.13561
33.5601,0.020527,0.020421,0.106,0.03235,0.11930,0.03588,0.11347
33.5801,0.021197,0.021105,0.092,0.03454,0.09864,0.03749,0.08036
33.6001,0.021906,0.021831,0.075,0.03627,0.07339,0.03863,0.05674
33.6201,0.022644,0.022589,0.055,0.03745,0.04390,0.03911,0.02410
33.6401,0.023400,0.023367,0.033,0.03800,0.01061,0.03887,-0.01175
33.6601,0.024159,0.024151,0.008,0.03785,-0.02590,0.03785,-0.05109
33.6801,0.024909,0.024924,-0.016,0.03694,-0.06490,0.03615,-0.08534
33.7001,0.025632,0.025677,-0.045,0.03524,-0.10560,0.03340,-0.13732
33.7201,0.026313,0.026391,-0.078,0.03272,-0.14710,0.02968,-0.18611
33.7401,0.026934,0.027047,-0.112,0.02936,-0.18840,0.02517,-0.22515
33.7601,0.027482,0.027626,-0.145,0.02518,-0.22859,0.01991,-0.26304
33.7801,0.027937,0.028115,-0.178,0.02023,-0.26650,0.01381,-0.30511
33.8001,0.028286,0.028494,-0.209,0.01455,-0.30117,0.00712,-0.33434
33.8201,0.028515,0.028750,-0.236,0.00821,-0.33167,-0.00010,-0.36106
33.8401,0.028611,0.028877,-0.267,0.00132,-0.35696,-0.00809,-0.39962
33.8601,0.028564,0.028867,-0.302,-0.00602,-0.37626,-0.01670,-0.43053
33.8801,0.028368,0.028711,-0.343,-0.01368,-0.38880,-0.02581,-0.45552
33.9001,0.028016,0.028370,-0.354,-0.02152,-0.39399,-0.03370,-0.39423
33.9201,0.027507,0.027844,-0.338,-0.02939,-0.39134,-0.04070,-0.35007
33.9401,0.026841,0.027156,-0.315,-0.03712,-0.38056,-0.04759,-0.34469
33.9601,0.026023,0.026327,-0.304,-0.04456,-0.36153,-0.05477,-0.35905
33.9801,0.025062,0.025357,-0.295,-0.05153,-0.33431,-0.06148,-0.33537
34.0001,0.023966,0.024241,-0.275,-0.05788,-0.29916,-0.06698,-0.27526
34.0201,0.022751,0.022992,-0.241,-0.06345,-0.25650,-0.07128,-0.21457
34.0401,0.021435,0.021632,-0.197,-0.06809,-0.20701,-0.07432,-0.15214
34.0601,0.020035,0.020189,-0.154,-0.07169,-0.15143,-0.07647,-0.10750
34.0801,0.018573,0.018689,-0.116,-0.07412,-0.09067,-0.07764,-0.05834
34.1001,0.017079,0.017150,-0.071,-0.07529,-0.02610,-0.07721,0.02105
34.1201,0.015572,0.015595,-0.022,-0.07514,0.04131,-0.07537,0.09213
34.1401,0.014082,0.014053,0.029,-0.07363,0.11021,-0.07210,0.16371
34.1601,0.012635,0.012555,0.080,-0.07073,0.17920,-0.06745,0.23248
34.1801,0.011262,0.011122,0.140,-0.06647,0.24668,-0.06104,0.32034
34.2001,0.009986,0.009786,0.201,-0.06089,0.31142,-0.05340,0.38191
34.2201,0.008831,0.008582,0.249,-0.05402,0.37217,-0.04504,0.41825
34.2401,0.007831,0.007532,0.299,-0.04603,0.42700,-0.03532,0.48564
34.2601,0.006999,0.006650,0.349,-0.03700,0.47510,-0.02458,0.53728
34.2801,0.006357,0.005958,0.398,-0.02708,0.51528,-0.01299,0.57958
34.3001,0.005920,0.005481,0.439,-0.01644,0.54648,-0.00108,0.59534
34.3201,0.005702,0.005232,0.470,-0.00528,0.56789,0.01105,0.60634
34.3401,0.005711,0.005215,0.496,0.00621,0.57889,0.02335,0.61509
34.3602,0.005953,0.005419,0.534,0.01787,0.57903,0.03647,0.65597
34.3801,0.006421,0.005884,0.537,0.02927,0.56825,0.04758,0.55552
34.4001,0.007120,0.006611,0.508,0.04044,0.54644,0.05740,0.49136
34.4201,0.008037,0.007573,0.464,0.05108,0.51389,0.06637,0.44820
34.4401,0.009157,0.008734,0.424,0.06093,0.47125,0.07489,0.42599
34.4601,0.010469,0.010081,0.388,0.06987,0.41901,0.08267,0.38929
34.4801,0.011945,0.011598,0.347,0.07764,0.35840,0.08899,0.31576
34.5001,0.013566,0.013278,0.288,0.08415,0.29028,0.09329,0.21496
34.5201,0.015300,0.015074,0.226,0.08922,0.21623,0.09621,0.14604
34.5401,0.017127,0.016959,0.168,0.09276,0.13728,0.09782,0.08054
34.5601,0.019002,0.018896,0.106,0.09469,0.05551,0.09763,-0.00947
34.5801,0.020902,0.020857,0.045,0.09497,-0.02781,0.09585,-0.08917
34.6001,0.022788,0.022815,-0.027,0.09359,-0.11068,0.09185,-0.19966
34.6201,0.024632,0.024719,-0.087,0.09056,-0.19174,0.08693,-0.24635
34.6401,0.026400,0.026544,-0.144,0.08594,-0.26919,0.08040,-0.32626
34.6601,0.028062,0.028271,-0.209,0.07982,-0.34148,0.07202,-0.41931
34.6801,0.029585,0.029861,-0.276,0.07232,-0.40691,0.06220,-0.49079
34.7001,0.030944,0.031285,-0.341,0.06361,-0.46411,0.05129,-0.54553
34.7201,0.032120,0.032513,-0.393,0.05384,-0.51212,0.03989,-0.56983
34.7401,0.033092,0.033528,-0.436,0.04320,-0.54978,0.02789,-0.60023
34.7601,0.033844,0.034313,-0.470,0.03192,-0.57626,0.01558,-0.61559
34.7801,0.034366,0.034858,-0.492,0.02022,-0.59102,0.00325,-0.61650
34.8001,0.034651,0.035161,-0.510,0.00836,-0.59371,-0.00916,-0.62051
34.8201,0.034700,0.035208,-0.508,-0.00345,-0.58425,-0.02070,-0.57681
34.8401,0.034515,0.035047,-0.532,-0.01496,-0.56280,-0.03332,-0.63120
34.8601,0.034106,0.034635,-0.528,-0.02588,-0.52993,-0.04381,-0.52437
34.8801,0.033485,0.033967,-0.482,-0.03607,-0.48614,-0.05196,-0.40739
34.9001,0.032670,0.033077,-0.407,-0.04527,-0.43250,-0.05827,-0.31577
34.9201,0.031683,0.032018,-0.336,-0.05331,-0.37003,-0.06393,-0.28267
34.9401,0.030545,0.030831,-0.286,-0.06002,-0.29999,-0.06920,-0.26360
34.9601,0.029292,0.029534,-0.242,-0.06527,-0.22417,-0.07301,-0.19073
34.9801,0.027945,0.028132,-0.186,-0.06896,-0.14368,-0.07468,-0.08344
35.0001,0.026543,0.026655,-0.111,-0.07100,-0.06063,-0.07396,0.03598
35.0201,0.025117,0.025159,-0.042,-0.07137,0.02342,-0.07205,0.09574
35.0401,0.023701,0.023686,0.015,-0.07007,0.10662,-0.06894,0.15549
35.0601,0.022326,0.022251,0.075,-0.06713,0.18731,-0.06393,0.25049
35.0801,0.021026,0.020878,0.148,-0.06261,0.26377,-0.05676,0.35825
35.1001,0.019830,0.019612,0.218,-0.05661,0.33448,-0.04841,0.41770
35.1202,0.018766,0.018490,0.276,-0.04925,0.39799,-0.03922,0.45943
35.1401,0.017868,0.017538,0.330,-0.04076,0.45249,-0.02896,0.51318
35.1601,0.017146,0.016775,0.372,-0.03124,0.49752,-0.01814,0.54098
35.1801,0.016624,0.016207,0.417,-0.02094,0.53191,-0.00627,0.59316
35.2001,0.016313,0.015859,0.455,-0.01005,0.55503,0.00582,0.60475
35.2201,0.016224,0.015746,0.479,0.00119,0.56647,0.01772,0.59490
35.2401,0.016361,0.015845,0.516,0.01253,0.56602,0.03049,0.63874
35.2601,0.016724,0.016194,0.530,0.02374,0.55378,0.04192,0.57112
35.2801,0.017309,0.016802,0.507,0.03460,0.53009,0.05156,0.48240
35.3001,0.018105,0.017648,0.456,0.04487,0.49553,0.05983,0.41326
35.3201,0.019098,0.018693,0.406,0.05436,0.45091,0.06759,0.38797
35.3401,0.020272,0.019910,0.363,0.06285,0.39727,0.07471,0.35595
35.3601,0.021605,0.021284,0.321,0.07019,0.33581,0.08063,0.29608
35.3801,0.023072,0.022800,0.273,0.07624,0.26787,0.08498,0.21768
35.4001,0.024646,0.024435,0.212,0.08088,0.19501,0.08740,0.12088
35.4201,0.026297,0.026151,0.146,0.08402,0.11884,0.08828,0.04411
35.4401,0.027996,0.027907,0.089,0.08562,0.04101,0.08800,-0.01416
35.4601,0.029713,0.029678,0.035,0.08566,-0.03693,0.08626,-0.08701
35.4801,0.031413,0.031436,-0.023,0.08416,-0.11311,0.08273,-0.17659
35.5001,0.033069,0.033156,-0.087,0.08116,-0.18605,0.07750,-0.26143
35.5201,0.034649,0.034797,-0.149,0.07675,-0.25413,0.07102,-0.32369
35.5401,0.036129,0.036351,-0.222,0.07104,-0.31605,0.06268,-0.41746
35.5601,0.037483,0.037737,-0.254,0.06416,-0.37051,0.05516,-0.37596
35.5801,0.038690,0.038974,-0.285,0.05627,-0.41646,0.04626,-0.44501
35.6001,0.039728,0.040059,-0.331,0.04756,-0.45289,0.03579,-0.52324
35.6201,0.040587,0.040970,-0.383,0.03823,-0.47926,0.02464,-0.55740
35.6401,0.041254,0.041672,-0.418,0.02846,-0.49507,0.01388,-0.53831
35.6601,0.041724,0.042153,-0.429,0.01850,-0.50013,0.00377,-0.50549
35.6801,0.041994,0.042414,-0.420,0.00852,-0.49445,-0.00564,-0.47024
35.7001,0.042067,0.042477,-0.410,-0.00121,-0.47833,-0.01505,-0.47057
35.7201,0.041948,0.042372,-0.423,-0.01053,-0.45221,-0.02506,-0.50050
35.7401,0.041650,0.042065,-0.415,-0.01924,-0.41681,-0.03328,-0.41089
35.7601,0.041184,0.041558,-0.374,-0.02715,-0.37301,-0.03941,-0.30653
35.7801,0.040570,0.040877,-0.307,-0.03411,-0.32188,-0.04380,-0.21978
35.8001,0.039827,0.040072,-0.245,-0.03998,-0.26464,-0.04765,-0.19221
35.8201,0.038979,0.039179,-0.201,-0.04466,-0.20259,-0.05100,-0.16768
35.8401,0.038049,0.038211,-0.162,-0.04806,-0.13714,-0.05314,-0.10706
35.8601,0.037065,0.037165,-0.100,-0.05014,-0.06973,-0.05285,0.01454
35.8801,0.036052,0.036099,-0.046,-0.05085,-0.00188,-0.05183,0.05084
35.9001,0.035040,0.035056,-0.016,-0.05022,0.06494,-0.05044,0.06975
35.9201,0.034052,0.034008,0.044,-0.04827,0.12938,-0.04613,0.21569
35.9401,0.033117,0.033020,0.097,-0.04507,0.19001,-0.04116,0.24816
35.9601,0.032257,0.032108,0.149,-0.04070,0.24566,-0.03506,0.30504
35.9801,0.031496,0.031301,0.195,-0.03528,0.29525,-0.02815,0.34565
36.0001,0.030852,0.030618,0.234,-0.02894,0.33776,-0.02054,0.38023
36.0201,0.030343,0.030069,0.274,-0.02182,0.37245,-0.01207,0.42362
36.0401,0.029983,0.029680,0.304,-0.01409,0.39875,-0.00345,0.43134
36.0601,0.029782,0.029456,0.326,-0.00593,0.41624,0.00542,0.44302
36.0801,0.029748,0.029405,0.343,0.00249,0.42476,0.01432,0.44545
36.1001,0.029883,0.029503,0.380,0.01100,0.42430,0.02432,0.49971
36.1201,0.030187,0.029790,0.397,0.01941,0.41509,0.03308,0.43804
36.1401,0.030658,0.030283,0.375,0.02756,0.39746,0.04008,0.34983
36.1601,0.031286,0.030957,0.330,0.03526,0.37211,0.04597,0.29457
36.1801,0.032064,0.031772,0.291,0.04239,0.33968,0.05186,0.29464
36.2001,0.032979,0.032709,0.270,0.04881,0.30095,0.05775,0.29425
36.2201,0.034012,0.033765,0.246,0.05440,0.25709,0.06252,0.23890
36.2401,0.035148,0.034936,0.212,0.05906,0.20907,0.06589,0.16858
36.2601,0.036367,0.036203,0.164,0.06274,0.15801,0.06778,0.09404
36.2801,0.037649,0.037533,0.116,0.06537,0.10511,0.06877,0.04974
36.3001,0.038974,0.038898,0.075,0.06694,0.05145,0.06905,0.01403
36.3201,0.040320,0.040280,0.040,0.06743,-0.00180,0.06840,-0.03259
36.3401,0.041664,0.041660,0.004,0.06688,-0.05345,0.06661,-0.08956
36.3601,0.042986,0.043039,-0.053,0.06531,-0.10255,0.06286,-0.18725
36.3801,0.044272,0.044349,-0.078,0.06279,-0.14832,0.05988,-0.14903
36.4001,0.045494,0.045594,-0.100,0.05941,-0.18965,0.05575,-0.20640
36.4201,0.046641,0.046779,-0.138,0.05524,-0.22603,0.05015,-0.28026
36.4401,0.047698,0.047893,-0.195,0.05040,-0.25691,0.04315,-0.35013
36.4601,0.048653,0.048872,-0.219,0.04501,-0.28188,0.03731,-0.29189
36.4801,0.049496,0.049723,-0.227,0.03917,-0.30071,0.03134,-0.29854
36.5001,0.050218,0.050449,-0.231,0.03302,-0.31330,0.02512,-0.31076
36.5201,0.050816,0.051059,-0.244,0.02667,-0.31974,0.01825,-0.34342
36.5401,0.051285,0.051544,-0.259,0.02027,-0.32023,0.01130,-0.34785
36.5601,0.051626,0.051890,-0.264,0.01391,-0.31513,0.00488,-0.32089
36.5801,0.051842,0.052100,-0.258,0.00769,-0.30488,-0.00103,-0.29533
36.6001,0.051936,0.052177,-0.241,0.00174,-0.29011,-0.00627,-0.26196
36.6201,0.051914,0.052155,-0.241,-0.00388,-0.27142,-0.01207,-0.29029
36.6401,0.051783,0.052028,-0.245,-0.00909,-0.24952,-0.01747,-0.26975
36.6601,0.051553,0.051782,-0.229,-0.01385,-0.22519,-0.02145,-0.19894
36.6801,0.051233,0.051422,-0.189,-0.01809,-0.19921,-0.02409,-0.13199
36.7001,0.050833,0.050974,-0.141,-0.02181,-0.17235,-0.02608,-0.09958
36.7201,0.050364,0.050489,-0.125,-0.02499,-0.14534,-0.02906,-0.14891
36.7401,0.049837,0.049958,-0.121,-0.02763,-0.11893,-0.03168,-0.13124
36.7601,0.049263,0.049360,-0.098,-0.02975,-0.09371,-0.03282,-0.05674
36.7801,0.048651,0.048719,-0.069,-0.03139,-0.07027,-0.03340,-0.02948
36.8001,0.048011,0.048065,-0.055,-0.03257,-0.04908,-0.03428,-0.04398
36.8201,0.047350,0.047394,-0.044,-0.03337,-0.03048,-0.03474,-0.02298
36.8401,0.046678,0.046705,-0.027,-0.03381,-0.01476,-0.03453,0.01067
36.8601,0.045999,0.046010,-0.010,-0.03398,-0.00204,-0.03415,0.01895
36.8801,0.045320,0.045321,-0.001,-0.03392,0.00764,-0.03386,0.01468
36.9001,0.044644,0.044638,0.006,-0.03369,0.01437,-0.03340,0.02299
36.9201,0.043974,0.043954,0.019,-0.03336,0.01835,-0.03256,0.04213
36.9401,0.043310,0.043300,0.010,-0.03297,0.01986,-0.03274,-0.00939
36.9601,0.042654,0.042650,0.004,-0.03258,0.01926,-0.03252,0.01096
36.9801,0.042007,0.041996,0.010,-0.03221,0.01701,-0.03178,0.03706
37.0001,0.041365,0.041350,0.015,-0.03191,0.01359,-0.03137,0.02078
37.0201,0.040730,0.040710,0.020,-0.03167,0.00953,-0.03094,0.02159
37.0401,0.040098,0.040082,0.016,-0.03153,0.00537,-0.03104,-0.00502
37.0601,0.039468,0.039470,-0.002,-0.03146,0.00165,-0.03171,-0.03389
37.0801,0.038839,0.038850,-0.011,-0.03145,-0.00111,-0.03194,-0.01115
37.1001,0.038210,0.038214,-0.004,-0.03149,-0.00243,-0.03155,0.01943
37.1201,0.037580,0.037573,0.006,-0.03154,-0.00190,-0.03121,0.01692
37.1401,0.036948,0.036947,0.001,-0.03155,0.00082,-0.03158,-0.01857
37.1601,0.036318,0.036323,-0.005,-0.03149,0.00600,-0.03174,-0.00812
37.1801,0.035690,0.035692,-0.002,-0.03130,0.01379,-0.03134,0.01996
37.2001,0.035067,0.035051,0.016,-0.03092,0.02426,-0.03018,0.05799
37.2201,0.034454,0.034437,0.017,-0.03031,0.03735,-0.02972,0.02318
37.2401,0.033857,0.033829,0.027,-0.02941,0.05286,-0.02836,0.06796
37.2601,0.033280,0.033249,0.031,-0.02818,0.07059,-0.02709,0.06363
37.2801,0.032732,0.032682,0.050,-0.02658,0.09008,-0.02467,0.12088
37.3001,0.032220,0.032150,0.070,-0.02457,0.11093,-0.02198,0.13467
37.3201,0.031752,0.031670,0.083,-0.02213,0.13256,-0.01918,0.13970
37.3401,0.031338,0.031241,0.097,-0.01926,0.15436,-0.01580,0.16914
37.3601,0.030985,0.030871,0.114,-0.01596,0.17567,-0.01191,0.19476
37.3801,0.030702,0.030564,0.138,-0.01224,0.19578,-0.00728,0.23109
37.4001,0.030498,0.030344,0.153,-0.00814,0.21398,-0.00277,0.22568
37.4201,0.030379,0.030210,0.168,-0.00371,0.22958,0.00218,0.24778
37.4401,0.030351,0.030168,0.183,0.00102,0.24193,0.00742,0.26191
37.4601,0.030421,0.030202,0.219,0.00595,0.25039,0.01377,0.31742
37.4801,0.030590,0.030358,0.232,0.01100,0.25443,0.01903,0.26298
37.5001,0.030861,0.030634,0.227,0.01609,0.25360,0.02375,0.23575
37.5201,0.031233,0.031027,0.206,0.02111,0.24755,0.02791,0.20797
37.5401,0.031705,0.031513,0.192,0.02596,0.23607,0.03233,0.22110
37.5601,0.032270,0.032084,0.186,0.03052,0.21906,0.03679,0.22338
37.5801,0.032923,0.032744,0.179,0.03469,0.19659,0.04071,0.19556
37.6001,0.033655,0.033496,0.159,0.03835,0.16882,0.04352,0.14074
37.6201,0.034453,0.034333,0.119,0.04141,0.13619,0.04503,0.07549
37.6401,0.035305,0.035202,0.102,0.04377,0.09911,0.04705,0.10120
37.6601,0.036197,0.036112,0.085,0.04534,0.05818,0.04805,0.04975
37.6801,0.037113,0.037059,0.054,0.04607,0.01415,0.04757,-0.02375
37.7001,0.038034,0.038021,0.013,0.04590,-0.03209,0.04590,-0.08374
37.7201,0.038943,0.038978,-0.035,0.04478,-0.07966,0.04304,-0.14297
37.7401,0.039819,0.039876,-0.057,0.04271,-0.12746,0.04054,-0.12526
37.7601,0.040645,0.040726,-0.082,0.03969,-0.17450,0.03664,-0.19480
37.7801,0.041401,0.041526,-0.125,0.03573,-0.21974,0.03103,-0.28067
37.8001,0.042068,0.042247,-0.179,0.03092,-0.26193,0.02425,-0.33861
37.8201,0.042632,0.042855,-0.223,0.02529,-0.30019,0.01722,-0.35167
37.8401,0.043075,0.043323,-0.248,0.01894,-0.33347,0.01025,-0.34869
37.8601,0.043385,0.043645,-0.259,0.01199,-0.36088,0.00305,-0.36005
37.8801,0.043552,0.043831,-0.280,0.00455,-0.38160,-0.00518,-0.41143
37.9001,0.043565,0.043872,-0.307,-0.00323,-0.39496,-0.01394,-0.43798
37.9201,0.043421,0.043783,-0.362,-0.01119,-0.40045,-0.02410,-0.50780
37.9401,0.043117,0.043498,-0.380,-0.01919,-0.39770,-0.03232,-0.41127
37.9601,0.042655,0.043010,-0.356,-0.02704,-0.38655,-0.03886,-0.32680
37.9801,0.042038,0.042351,-0.313,-0.03459,-0.36698,-0.04478,-0.29610
38.0000,0.041275,0.041558,-0.283,-0.04166,-0.33924,-0.05098,-0.30969
38.0201,0.040375,0.040645,-0.270,-0.04811,-0.30364,-0.05715,-0.30876
38.0401,0.039353,0.039606,-0.253,-0.05378,-0.26074,-0.06218,-0.25133
38.0601,0.038230,0.038446,-0.216,-0.05850,-0.21149,-0.06545,-0.16361
38.0801,0.037022,0.037185,-0.163,-0.06219,-0.15668,-0.06716,-0.08555
38.1001,0.035751,0.035863,-0.112,-0.06474,-0.09735,-0.06798,-0.04103
38.1201,0.034439,0.034511,-0.071,-0.06606,-0.03466,-0.06804,-0.00301
38.1402,0.033106,0.033079,0.026,-0.06611,0.03047,-0.06414,0.19530
38.1601,0.031805,0.031789,0.016,-0.06486,0.09524,-0.06444,-0.01512
38.1801,0.030528,0.030507,0.021,-0.06230,0.15993,-0.06154,0.14485
38.2001,0.029320,0.029223,0.097,-0.05848,0.22217,-0.05433,0.36071
38.2201,0.028199,0.028003,0.196,-0.05344,0.28096,-0.04571,0.43102
38.2401,0.027190,0.026931,0.260,-0.04728,0.33480,-0.03775,0.39787
38.2601,0.026315,0.026022,0.293,-0.04010,0.38249,-0.02975,0.39983
38.2801,0.025591,0.025297,0.294,-0.03201,0.42297,-0.02201,0.38726
38.3001,0.025038,0.024714,0.325,-0.02323,0.45501,-0.01185,0.50809
38.3201,0.024667,0.024295,0.371,-0.01388,0.47795,-0.00074,0.55508
38.3401,0.024486,0.024070,0.416,-0.00418,0.49111,0.01045,0.55983
38.3601,0.024500,0.024062,0.438,0.00568,0.49407,0.02083,0.51891
38.3801,0.024713,0.024247,0.466,0.01552,0.48658,0.03168,0.54237
38.4001,0.025119,0.024673,0.446,0.02508,0.46871,0.04003,0.41754
38.4201,0.025714,0.025316,0.398,0.03420,0.44061,0.04721,0.35921
38.4401,0.026484,0.026122,0.362,0.04266,0.40281,0.05458,0.36856
38.4601,0.027413,0.027096,0.317,0.05025,0.35612,0.06054,0.29764
38.4801,0.028486,0.028193,0.293,0.05684,0.30120,0.06655,0.30061
38.5001,0.029679,0.029440,0.239,0.06225,0.23928,0.06980,0.16255
38.5201,0.030967,0.030770,0.197,0.06637,0.17164,0.07258,0.13873
38.5401,0.032324,0.032203,0.121,0.06908,0.09959,0.07235,-0.01123
38.5601,0.033720,0.033638,0.082,0.07033,0.02468,0.07270,0.01732
38.5801,0.035127,0.035108,0.019,0.07006,-0.05156,0.07001,-0.13443
38.6001,0.036513,0.036557,-0.045,0.06827,-0.12736,0.06605,-0.19770
38.6201,0.037851,0.037932,-0.081,0.06497,-0.20137,0.06182,-0.21167
38.6401,0.039102,0.039241,-0.139,0.06025,-0.27140,0.05489,-0.34664
38.6601,0.040250,0.040478,-0.229,0.05416,-0.33648,0.04539,-0.47472
38.6801,0.041261,0.041559,-0.298,0.04683,-0.39487,0.03595,-0.47230
38.7001,0.042115,0.042450,-0.335,0.03842,-0.44530,0.02661,-0.46693
38.7201,0.042792,0.043156,-0.364,0.02908,-0.48668,0.01637,-0.51178
38.7401,0.043274,0.043670,-0.396,0.01901,-0.51796,0.00520,-0.55846
38.7601,0.043549,0.043983,-0.435,0.00843,-0.53840,-0.00678,-0.59902
38.7801,0.043609,0.044073,-0.464,-0.00245,-0.54747,-0.01855,-0.58852
38.8001,0.043450,0.043955,-0.505,-0.01339,-0.54490,-0.03099,-0.62209
38.8201,0.043074,0.043588,-0.513,-0.02416,-0.53065,-0.04172,-0.53638
38.8401,0.042487,0.042967,-0.480,-0.03454,-0.50494,-0.05050,-0.43923
38.8601,0.041696,0.042121,-0.425,-0.04430,-0.46819,-0.05815,-0.38243
38.8801,0.040721,0.041096,-0.376,-0.05320,-0.42126,-0.06543,-0.36415
38.9001,0.039576,0.039912,-0.337,-0.06108,-0.36496,-0.07209,-0.33272
38.9201,0.038286,0.038582,-0.295,-0.06774,-0.30049,-0.07733,-0.26231
38.9401,0.036876,0.037117,-0.241,-0.07305,-0.22913,-0.08062,-0.16462
38.9601,0.035375,0.035552,-0.177,-0.07687,-0.15240,-0.08221,-0.07906
38.9801,0.033810,0.033925,-0.115,-0.07912,-0.07180,-0.08235,-0.00716
39.0001,0.032221,0.032276,-0.055,-0.07973,0.01070,-0.08095,0.06984
39.0201,0.030634,0.030631,0.003,-0.07869,0.09360,-0.07794,0.15042
39.0401,0.029083,0.029015,0.068,-0.07599,0.17512,-0.07297,0.24887
39.0601,0.027604,0.027465,0.139,-0.07170,0.25343,-0.06620,0.33839
39.0801,0.026225,0.026018,0.207,-0.06589,0.32690,-0.05810,0.40517
39.1001,0.024977,0.024712,0.266,-0.05867,0.39394,-0.04899,0.45515
39.1201,0.023887,0.023563,0.324,-0.05018,0.45313,-0.03851,0.52394
39.1401,0.022977,0.022598,0.379,-0.04060,0.50319,-0.02712,0.56993
39.1601,0.022269,0.021842,0.426,-0.03012,0.54304,-0.01510,0.60052
39.1801,0.021777,0.021312,0.465,-0.01896,0.57181,-0.00273,0.61898
39.2001,0.021514,0.021018,0.496,-0.00734,0.58889,0.00985,0.62880
39.2201,0.021485,0.020976,0.509,0.00452,0.59389,0.02196,0.60564
39.2401,0.021694,0.021149,0.546,0.01634,0.58667,0.03530,0.66681
39.2601,0.022137,0.021586,0.551,0.02790,0.56739,0.04669,0.56942
39.2801,0.022807,0.022292,0.515,0.03896,0.53642,0.05609,0.47029
39.3001,0.023691,0.023233,0.458,0.04929,0.49443,0.06421,0.40585
39.3201,0.024773,0.024373,0.400,0.05868,0.44221,0.07163,0.37104
39.3401,0.026030,0.025677,0.353,0.06692,0.38098,0.07840,0.33840
39.3601,0.027440,0.027132,0.308,0.07386,0.31190,0.08383,0.27155
39.3801,0.028976,0.028719,0.256,0.07935,0.23638,0.08750,0.18365
39.4001,0.030604,0.030416,0.187,0.08328,0.15614,0.08890,0.06974
39.4201,0.032295,0.032180,0.115,0.08557,0.07268,0.08868,-0.01082
39.4401,0.034014,0.033961,0.053,0.08618,-0.01221,0.08732,-0.06811
39.4601,0.035730,0.035733,-0.003,0.08509,-0.09687,0.08436,-0.14779
39.4801,0.037407,0.037475,-0.069,0.08232,-0.17953,0.07927,-0.25489
39.5001,0.039013,0.039152,-0.139,0.07793,-0.25859,0.07243,-0.34182
39.5201,0.040515,0.040723,-0.209,0.07201,-0.33237,0.06413,-0.41483
39.5401,0.041884,0.042158,-0.274,0.06468,-0.39946,0.05463,-0.47519
39.5601,0.043094,0.043425,-0.330,0.05608,-0.45862,0.04422,-0.52040
39.5801,0.044120,0.044502,-0.381,0.04639,-0.50862,0.03287,-0.56744
39.6001,0.044943,0.045371,-0.428,0.03581,-0.54856,0.02072,-0.60760
39.6201,0.045547,0.046019,-0.472,0.02452,-0.57781,0.00801,-0.63540
39.6401,0.045921,0.046420,-0.499,0.01278,-0.59586,-0.00450,-0.62560
39.6601,0.046056,0.046571,-0.515,0.00077,-0.60249,-0.01690,-0.62000
39.6801,0.045951,0.046497,-0.546,-0.01125,-0.59770,-0.03014,-0.66222
39.7001,0.045607,0.046165,-0.558,-0.02307,-0.58173,-0.04216,-0.60081
39.7201,0.045031,0.045567,-0.536,-0.03446,-0.55508,-0.05243,-0.51371
39.7401,0.044234,0.044720,-0.486,-0.04520,-0.51843,-0.06119,-0.43769
39.7601,0.043229,0.043656,-0.427,-0.05513,-0.47268,-0.06899,-0.39024
39.7801,0.042036,0.042413,-0.378,-0.06405,-0.41891,-0.07636,-0.36817
39.8001,0.040675,0.041014,-0.340,-0.07184,-0.35831,-0.08296,-0.33040
39.8201,0.039169,0.039465,-0.296,-0.07836,-0.29214,-0.08794,-0.24873
39.8401,0.037550,0.037784,-0.234,-0.08350,-0.22209,-0.09076,-0.14102
39.8601,0.035839,0.036005,-0.166,-0.08722,-0.14934,-0.09212,-0.06807
39.8801,0.034070,0.034177,-0.107,-0.08947,-0.07557,-0.09245,-0.01624
39.9001,0.032271,0.032326,-0.056,-0.09024,-0.00226,-0.09157,0.04365
39.9201,0.030470,0.030477,-0.006,-0.08957,0.06916,-0.08925,0.11623
39.9401,0.028697,0.028650,0.047,-0.08750,0.13731,-0.08532,0.19627
39.9601,0.026979,0.026876,0.103,-0.08411,0.20091,-0.07999,0.26683
39.9801,0.025341,0.025181,0.160,-0.07950,0.25879,-0.07344,0.32733
40.0001,0.023806,0.023596,0.210,-0.07380,0.30997,-0.06610,0.36691
40.0201,0.022395,0.022143,0.253,-0.06715,0.35363,-0.05810,0.40007
40.0401,0.021125,0.020839,0.287,-0.05971,0.38910,-0.04959,0.42537
40.0601,0.020011,0.019693,0.318,-0.05165,0.41595,-0.04050,0.45441
40.0801,0.019062,0.018719,0.344,-0.04313,0.43393,-0.03116,0.46724
40.1001,0.018287,0.017925,0.362,-0.03435,0.44299,-0.02182,0.46695
40.1201,0.017689,0.017324,0.366,-0.02547,0.44328,-0.01301,0.44070
40.1401,0.017268,0.016907,0.362,-0.01667,0.43513,-0.00442,0.42914
40.1601,0.017021,0.016664,0.357,-0.00812,0.41905,0.00396,0.41921
40.1801,0.016941,0.016595,0.346,0.00004,0.39572,0.01167,0.38566
40.2001,0.017019,0.016667,0.352,0.00767,0.36591,0.01968,0.40046
40.2201,0.017243,0.016904,0.339,0.01464,0.33057,0.02604,0.31758
40.2401,0.017599,0.017310,0.289,0.02086,0.29071,0.03014,0.20518
40.2601,0.018072,0.017846,0.225,0.02625,0.24738,0.03321,0.15341
40.2801,0.018643,0.018462,0.181,0.03074,0.20173,0.03641,0.16021
40.3001,0.019295,0.019138,0.157,0.03431,0.15483,0.03937,0.14781
40.3201,0.020009,0.019878,0.131,0.03693,0.10781,0.04109,0.08612
40.3401,0.020766,0.020674,0.092,0.03862,0.06172,0.04131,0.01121
40.3601,0.021548,0.021503,0.045,0.03941,0.01752,0.04045,-0.04323
40.3801,0.022337,0.022329,0.008,0.03934,-0.02386,0.03921,-0.06199
40.4001,0.023117,0.023137,-0.020,0.03848,-0.06165,0.03748,-0.08672
40.4201,0.023872,0.023913,-0.042,0.03691,-0.09519,0.03524,-0.11165
40.4401,0.024589,0.024655,-0.066,0.03471,-0.12396,0.03218,-0.15333
40.4601,0.025256,0.025347,-0.091,0.03198,-0.14758,0.02863,-0.17753
40.4801,0.025865,0.025981,-0.116,0.02884,-0.16583,0.02463,-0.19985
40.5001,0.026408,0.026538,-0.131,0.02539,-0.17861,0.02078,-0.19227
40.5201,0.026879,0.027016,-0.137,0.02173,-0.18601,0.01700,-0.18912
40.5401,0.027276,0.027418,-0.142,0.01798,-0.18822,0.01310,-0.19512
40.5601,0.027598,0.027743,-0.145,0.01423,-0.18560,0.00929,-0.19066
40.5801,0.027846,0.027995,-0.149,0.01059,-0.17858,0.00549,-0.18969
40.6001,0.028023,0.028165,-0.142,0.00712,-0.16771,0.00237,-0.15631
40.6201,0.028133,0.028254,-0.121,0.00390,-0.15363,0.00002,-0.11744
40.6401,0.028181,0.028290,-0.109,0.00099,-0.13701,-0.00257,-0.12918
40.6601,0.028175,0.028283,-0.109,-0.00157,-0.11858,-0.00527,-0.13521
40.6801,0.028121,0.028242,-0.121,-0.00375,-0.09909,-0.00800,-0.13666
40.7001,0.028027,0.028135,-0.108,-0.00553,-0.07924,-0.00905,-0.05221
40.7201,0.027902,0.027979,-0.077,-0.00692,-0.05977,-0.00918,-0.00643
40.7401,0.027753,0.027806,-0.053,-0.00793,-0.04131,-0.00946,-0.01396
40.7601,0.027587,0.027622,-0.035,-0.00858,-0.02443,-0.00958,-0.00616
40.7802,0.027411,0.027439,-0.028,-0.00892,-0.00963,-0.00981,-0.01164
40.8001,0.027232,0.027249,-0.017,-0.00899,0.00251,-0.00943,0.01893
40.8201,0.027054,0.027056,-0.002,-0.00884,0.01190,-0.00876,0.03374
40.8401,0.026880,0.026872,0.007,-0.00853,0.01825,-0.00818,0.02916
40.8601,0.026713,0.026696,0.017,-0.00813,0.02151,-0.00744,0.03686
40.8801,0.026555,0.026535,0.020,-0.00769,0.02168,-0.00698,0.02277
40.9001,0.026405,0.026388,0.017,-0.00728,0.01894,-0.00674,0.01202
40.9201,0.026263,0.026248,0.015,-0.00695,0.01352,-0.00645,0.01444
40.9401,0.026126,0.026116,0.010,-0.00676,0.00577,-0.00647,-0.00073
40.9602,0.025991,0.025987,0.003,-0.00674,-0.00393,-0.00669,-0.01128
40.9801,0.025855,0.025861,-0.006,-0.00692,-0.01491,-0.00724,-0.02730
41.0001,0.025713,0.025729,-0.016,-0.00734,-0.02679,-0.00799,-0.03745
41.0201,0.025560,0.025581,-0.021,-0.00799,-0.03895,-0.00874,-0.03767
41.0401,0.025392,0.025420,-0.028,-0.00889,-0.05078,-0.00995,-0.06018
41.0601,0.025203,0.025239,-0.036,-0.01002,-0.06169,-0.01134,-0.06974
41.0801,0.024989,0.025034,-0.044,-0.01135,-0.07114,-0.01295,-0.08024
41.1001,0.024748,0.024803,-0.056,-0.01285,-0.07858,-0.01487,-0.09628
41.1201,0.024475,0.024531,-0.056,-0.01448,-0.08358,-0.01639,-0.07575
41.1401,0.024168,0.024223,-0.055,-0.01618,-0.08575,-0.01802,-0.08156
41.1601,0.023828,0.023892,-0.064,-0.01789,-0.08481,-0.02017,-0.10745
41.1801,0.023453,0.023522,-0.069,-0.01955,-0.08057,-0.02194,-0.08883
41.2001,0.023046,0.023110,-0.064,-0.02109,-0.07296,-0.02319,-0.06237
41.2201,0.022611,0.022664,-0.053,-0.02244,-0.06202,-0.02413,-0.04687
41.2401,0.022150,0.022192,-0.042,-0.02355,-0.04790,-0.02483,-0.03511
41.2601,0.021671,0.021705,-0.034,-0.02434,-0.03087,-0.02542,-0.02945
41.2801,0.021179,0.021205,-0.025,-0.02476,-0.01130,-0.02552,-0.00515
41.3001,0.020683,0.020694,-0.011,-0.02478,0.01033,-0.02501,0.02575
41.3201,0.020191,0.020182,0.010,-0.02434,0.03346,-0.02378,0.06144
41.3401,0.019713,0.019687,0.025,-0.02343,0.05747,-0.02239,0.06929
41.3601,0.019257,0.019215,0.042,-0.02204,0.08167,-0.02043,0.09828
41.3801,0.018834,0.018778,0.056,-0.02017,0.10533,-0.01810,0.11640
41.4001,0.018453,0.018374,0.079,-0.01784,0.12771,-0.01488,0.16101
41.4201,0.018123,0.018018,0.105,-0.01508,0.14807,-0.01122,0.18276
41.4401,0.017853,0.017739,0.114,-0.01193,0.16573,-0.00795,0.16359
41.4601,0.017648,0.017525,0.123,-0.00847,0.18004,-0.00419,0.18822
41.4801,0.017516,0.017384,0.132,-0.00476,0.19039,-0.00017,0.20093
41.5001,0.017459,0.017313,0.146,-0.00088,0.19630,0.00424,0.22057
41.5201,0.017481,0.017321,0.160,0.00306,0.19738,0.00866,0.22106
41.5401,0.017581,0.017393,0.188,0.00698,0.19334,0.01368,0.25100
41.5601,0.017759,0.017572,0.187,0.01076,0.18406,0.01712,0.17186
41.5801,0.018010,0.017850,0.160,0.01430,0.16952,0.01946,0.11703
41.6001,0.018329,0.018201,0.128,0.01751,0.14986,0.02150,0.10186
41.6201,0.018708,0.018595,0.113,0.02027,0.12538,0.02395,0.12248
41.6401,0.019136,0.019034,0.102,0.02249,0.09649,0.02584,0.09445
41.6601,0.019603,0.019522,0.081,0.02410,0.06376,0.02663,0.03977
41.6801,0.020096,0.020045,0.051,0.02502,0.02784,0.02642,-0.01068
41.7001,0.020599,0.020576,0.024,0.02520,-0.01041,0.02571,-0.03552
41.7201,0.021099,0.021104,-0.005,0.02460,-0.05015,0.02409,-0.08082
41.7401,0.021578,0.021612,-0.034,0.02319,-0.09040,0.02172,-0.11848
41.7601,0.022021,0.022089,-0.068,0.02098,-0.13018,0.01828,-0.17196
41.7801,0.022412,0.022511,-0.099,0.01799,-0.16844,0.01429,-0.19940
41.8001,0.022736,0.022861,-0.125,0.01426,-0.20417,0.00971,-0.22927
41.8201,0.022978,0.023137,-0.158,0.00985,-0.23633,0.00410,-0.28066
41.8401,0.023126,0.023312,-0.186,0.00484,-0.26399,-0.00180,-0.29492
41.8601,0.023168,0.023378,-0.210,-0.00067,-0.28629,-0.00807,-0.31354
41.8801,0.023096,0.023345,-0.249,-0.00657,-0.30246,-0.01547,-0.36969
41.9001,0.022904,0.023185,-0.281,-0.01273,-0.31185,-0.02263,-0.35825
41.9201,0.022587,0.022870,-0.284,-0.01900,-0.31397,-0.02867,-0.30174
41.9401,0.022144,0.022402,-0.258,-0.02523,-0.30847,-0.03372,-0.25265
41.9601,0.021578,0.021813,-0.234,-0.03128,-0.29521,-0.03899,-0.26350
41.9801,0.020895,0.021125,-0.231,-0.03699,-0.27418,-0.04480,-0.29046
42.0001,0.020102,0.020328,-0.226,-0.04220,-0.24561,-0.04986,-0.25297
42.0201,0.019211,0.019414,-0.203,-0.04677,-0.20992,-0.05342,-0.17803
42.0401,0.018235,0.018400,-0.165,-0.05056,-0.16758,-0.05575,-0.11641
42.0601,0.017196,0.017318,-0.122,-0.05343,-0.11954,-0.05713,-0.06913
42.0801,0.016106,0.016193,-0.087,-0.05530,-0.06647,-0.05788,-0.03757
42.1001,0.014991,0.015044,-0.053,-0.05607,-0.00960,-0.05748,0.02012
42.1201,0.013871,0.013885,-0.014,-0.05567,0.05004,-0.05573,0.08749
42.1401,0.012772,0.012740,0.032,-0.05406,0.11109,-0.05246,0.16354
42.1601,0.011717,0.011632,0.085,-0.05122,0.17224,-0.04774,0.23576
42.1801,0.010731,0.010595,0.136,-0.04717,0.23213,-0.04198,0.28792
42.2001,0.009838,0.009655,0.183,-0.04195,0.28937,-0.03523,0.33746
42.2201,0.009060,0.008833,0.228,-0.03563,0.34260,-0.02740,0.39196
42.2401,0.008420,0.008144,0.276,-0.02829,0.39050,-0.01837,0.45153
42.2601,0.007935,0.007615,0.320,-0.02006,0.43193,-0.00869,0.48360
42.2801,0.007623,0.007267,0.356,-0.01106,0.46578,0.00142,0.50559
42.3001,0.007496,0.007108,0.388,-0.00148,0.49106,0.01207,0.53243
42.3201,0.007566,0.007136,0.430,0.00852,0.50703,0.02360,0.57649
42.3401,0.007839,0.007371,0.468,0.01874,0.51309,0.03507,0.57381
42.3601,0.008316,0.007846,0.470,0.02898,0.50885,0.04500,0.49615
42.3801,0.008996,0.008552,0.444,0.03902,0.49418,0.05384,0.44214
42.4001,0.009874,0.009465,0.409,0.04867,0.46910,0.06219,0.41772
42.4201,0.010939,0.010560,0.379,0.05771,0.43399,0.07027,0.40369
42.4401,0.012177,0.011823,0.354,0.06596,0.38929,0.07774,0.37371
42.4601,0.013571,0.013249,0.322,0.07323,0.33578,0.08381,0.30322
42.4801,0.015098,0.014824,0.274,0.07934,0.27440,0.08815,0.21709
42.5001,0.016736,0.016522,0.213,0.08416,0.20630,0.09074,0.12947
42.5201,0.018455,0.018302,0.153,0.08756,0.13278,0.09209,0.06759
42.5401,0.020228,0.020128,0.099,0.08944,0.05527,0.09224,0.00737
42.5601,0.022023,0.021976,0.047,0.08975,-0.02468,0.09076,-0.07395
42.5801,0.023808,0.023819,-0.011,0.08845,-0.10542,0.08744,-0.16584
42.6001,0.025550,0.025629,-0.079,0.08554,-0.18525,0.08209,-0.26742
42.6201,0.027219,0.027369,-0.150,0.08106,-0.26258,0.07518,-0.34571
42.6401,0.028783,0.028997,-0.214,0.07507,-0.33570,0.06707,-0.40538
42.6601,0.030212,0.030484,-0.272,0.06767,-0.40305,0.05779,-0.46397
42.6801,0.031481,0.031808,-0.326,0.05899,-0.46318,0.04729,-0.52509
42.7001,0.032564,0.032946,-0.382,0.04920,-0.51471,0.03561,-0.58401
42.7201,0.033442,0.033880,-0.438,0.03847,-0.55651,0.02295,-0.63272
42.7401,0.034098,0.034580,-0.482,0.02701,-0.58760,0.01013,-0.64122
42.7601,0.034520,0.035035,-0.515,0.01502,-0.60723,-0.00284,-0.64868
42.7801,0.034698,0.035230,-0.531,0.00280,-0.61482,-0.01545,-0.63035
42.8001,0.034631,0.035185,-0.554,-0.00947,-0.61015,-0.02856,-0.65533
42.8201,0.034321,0.034891,-0.570,-0.02152,-0.59319,-0.04107,-0.62562
42.8400,0.033774,0.034321,-0.547,-0.03310,-0.56421,-0.05143,-0.51816
42.8601,0.033001,0.033498,-0.498,-0.04401,-0.52359,-0.06039,-0.44791
42.8801,0.032019,0.032455,-0.437,-0.05399,-0.47218,-0.06816,-0.38849
42.9001,0.030849,0.031230,-0.381,-0.06283,-0.41095,-0.07520,-0.35180
42.9201,0.029514,0.029847,-0.333,-0.07037,-0.34102,-0.08114,-0.29692
42.9401,0.028044,0.028321,-0.277,-0.07643,-0.26380,-0.08524,-0.20517
42.9601,0.026466,0.026677,-0.211,-0.08089,-0.18069,-0.08735,-0.10542
42.9801,0.024820,0.024957,-0.137,-0.08363,-0.09368,-0.08746,-0.00587
43.0001,0.023134,0.023204,-0.069,-0.08461,-0.00417,-0.08623,0.06182
43.0201,0.021448,0.021454,-0.006,-0.08380,0.08588,-0.08331,0.14585
43.0401,0.019795,0.019735,0.060,-0.08119,0.17471,-0.07841,0.24517
43.0601,0.018211,0.018078,0.133,-0.07682,0.26058,-0.07150,0.34535
43.0801,0.016733,0.016525,0.207,-0.07080,0.34161,-0.06293,0.42855
43.1001,0.015390,0.015111,0.279,-0.06321,0.41627,-0.05292,0.50067
43.1201,0.014212,0.013867,0.346,-0.05418,0.48317,-0.04170,0.56087
43.1401,0.013231,0.012825,0.406,-0.04394,0.54067,-0.02950,0.61017
43.1601,0.012463,0.012002,0.462,-0.03264,0.58792,-0.01632,0.65858
43.1801,0.011931,0.011423,0.508,-0.02050,0.62389,-0.00273,0.67957
43.2001,0.011647,0.011102,0.545,-0.00776,0.64791,0.01119,0.69603
43.2201,0.011623,0.011051,0.571,0.00534,0.65955,0.02505,0.69332
43.2401,0.011861,0.011247,0.614,0.01854,0.65862,0.03990,0.74226
43.2601,0.012363,0.011739,0.624,0.03159,0.64522,0.05291,0.65050
43.2801,0.013122,0.012526,0.597,0.04426,0.61969,0.06424,0.56670
43.3001,0.014129,0.013584,0.545,0.05630,0.58263,0.07426,0.50068
43.3201,0.015368,0.014879,0.490,0.06749,0.53485,0.08353,0.46372
43.3401,0.016822,0.016384,0.438,0.07763,0.47741,0.09194,0.42021
43.3601,0.018467,0.018075,0.392,0.08654,0.41147,0.09937,0.37175
43.3801,0.020275,0.019937,0.338,0.09405,0.33858,0.10494,0.27843
43.4001,0.022219,0.021948,0.271,0.10005,0.26019,0.10851,0.17828
43.4201,0.024266,0.024070,0.196,0.10443,0.17796,0.11027,0.08805
43.4401,0.026384,0.026255,0.129,0.10715,0.09361,0.11078,0.02574
43.4601,0.028541,0.028470,0.071,0.10817,0.00873,0.10993,-0.04242
43.4801,0.030700,0.030688,0.011,0.10751,-0.07479,0.10724,-0.13465
43.5001,0.032830,0.032884,-0.054,0.10520,-0.15544,0.10266,-0.22906
43.5201,0.034898,0.035018,-0.120,0.10132,-0.23153,0.09649,-0.30820
43.5401,0.036874,0.037058,-0.184,0.09597,-0.30166,0.08901,-0.37400
43.5601,0.038729,0.038972,-0.243,0.08930,-0.36447,0.08038,-0.43183
43.5801,0.040439,0.040735,-0.297,0.08145,-0.41886,0.07078,-0.47989
43.6001,0.041980,0.042327,-0.347,0.07261,-0.46382,0.06025,-0.52659
43.6201,0.043336,0.043727,-0.391,0.06298,-0.49868,0.04920,-0.55215
43.6401,0.044494,0.044915,-0.422,0.05274,-0.52295,0.03807,-0.55671
43.6601,0.045443,0.045885,-0.442,0.04213,-0.53635,0.02688,-0.55946
43.6801,0.046178,0.046630,-0.452,0.03136,-0.53884,0.01590,-0.54898
43.7001,0.046698,0.047154,-0.456,0.02065,-0.53062,0.00509,-0.54057
43.7201,0.047006,0.047456,-0.451,0.01021,-0.51213,-0.00505,-0.50720
43.7401,0.047109,0.047544,-0.435,0.00023,-0.48401,-0.01437,-0.46566
43.7601,0.047019,0.047456,-0.437,-0.00909,-0.44709,-0.02397,-0.48038
43.7801,0.046751,0.047162,-0.411,-0.01760,-0.40240,-0.03131,-0.36677
43.8001,0.046321,0.046674,-0.352,-0.02515,-0.35104,-0.03648,-0.25857
43.8201,0.045752,0.046029,-0.277,-0.03161,-0.29442,-0.04020,-0.18584
43.8401,0.045065,0.045283,-0.217,-0.03690,-0.23380,-0.04363,-0.17175
43.8601,0.044285,0.044465,-0.180,-0.04094,-0.17063,-0.04665,-0.15102
43.8801,0.043435,0.043577,-0.141,-0.04372,-0.10629,-0.04810,-0.07238
43.9001,0.042544,0.042633,-0.089,-0.04520,-0.04237,-0.04767,0.02171
43.9201,0.041636,0.041667,-0.030,-0.04542,0.01978,-0.04581,0.09294
43.9401,0.040736,0.040718,0.018,-0.04443,0.07894,-0.04329,0.12604
43.9601,0.039866,0.039808,0.059,-0.04229,0.13384,-0.03985,0.17193
43.9801,0.039051,0.038950,0.101,-0.03911,0.18336,-0.03523,0.23087
44.0001,0.038308,0.038165,0.144,-0.03500,0.22655,-0.02965,0.27917
44.0201,0.037656,0.037475,0.181,-0.03010,0.26266,-0.02352,0.30637
44.0401,0.037109,0.036902,0.207,-0.02455,0.29110,-0.01723,0.31435
44.0601,0.036678,0.036448,0.229,-0.01851,0.31145,-0.01046,0.33847
44.0801,0.036371,0.036119,0.251,-0.01214,0.32352,-0.00336,0.35512
44.1001,0.036193,0.035931,0.262,-0.00562,0.32728,0.00339,0.33741
44.1201,0.036146,0.035883,0.262,0.00089,0.32293,0.00983,0.32195
44.1401,0.036228,0.035944,0.283,0.00725,0.31082,0.01711,0.36441
44.1601,0.036434,0.036144,0.290,0.01329,0.29148,0.02322,0.30525
44.1801,0.036756,0.036496,0.260,0.01886,0.26566,0.02738,0.20806
44.2001,0.037185,0.036971,0.215,0.02388,0.23402,0.03067,0.16459
44.2201,0.037706,0.037532,0.174,0.02819,0.19778,0.03366,0.14959
44.2401,0.038307,0.038157,0.149,0.03175,0.15771,0.03656,0.14486
44.2601,0.038970,0.038842,0.129,0.03448,0.11495,0.03863,0.10324
44.2801,0.039680,0.039583,0.097,0.03634,0.07060,0.03931,0.03398
44.3001,0.040419,0.040361,0.057,0.03731,0.02576,0.03882,-0.02413
44.3201,0.041166,0.041149,0.017,0.03738,-0.01841,0.03752,-0.06529
44.3401,0.041907,0.041922,-0.015,0.03658,-0.06096,0.03573,-0.08947
44.3601,0.042624,0.042667,-0.043,0.03496,-0.10090,0.03320,-0.12657
44.3801,0.043301,0.043372,-0.071,0.03257,-0.13737,0.02984,-0.16784
44.4001,0.043922,0.044025,-0.103,0.02949,-0.16960,0.02566,-0.20907
44.4201,0.044476,0.044606,-0.130,0.02582,-0.19698,0.02108,-0.22888
44.4401,0.044951,0.045107,-0.155,0.02165,-0.21902,0.01609,-0.24957
44.4601,0.045339,0.045509,-0.170,0.01709,-0.23540,0.01114,-0.24725
44.4801,0.045633,0.045815,-0.181,0.01226,-0.24593,0.00599,-0.25784
44.5001,0.045829,0.046023,-0.194,0.00729,-0.25058,0.00055,-0.27206
44.5201,0.045925,0.046123,-0.198,0.00228,-0.24947,-0.00451,-0.25289
44.5401,0.045921,0.046119,-0.198,-0.00265,-0.24288,-0.00937,-0.24304
44.5601,0.045820,0.046037,-0.217,-0.00740,-0.23119,-0.01499,-0.28072
44.5801,0.045627,0.045850,-0.223,-0.01186,-0.21491,-0.01949,-0.22534
44.6001,0.045348,0.045539,-0.192,-0.01597,-0.19466,-0.02214,-0.13217
44.6201,0.044991,0.045139,-0.148,-0.01963,-0.17110,-0.02419,-0.10271
44.6401,0.044566,0.044691,-0.125,-0.02279,-0.14503,-0.02679,-0.12975
44.6601,0.044083,0.044195,-0.113,-0.02542,-0.11718,-0.02911,-0.11620
44.6801,0.043553,0.043650,-0.098,-0.02748,-0.08836,-0.03063,-0.07620
44.7001,0.042988,0.043060,-0.072,-0.02895,-0.05941,-0.03113,-0.02475
44.7201,0.042398,0.042440,-0.042,-0.02986,-0.03101,-0.03097,0.00822
44.7401,0.041797,0.041818,-0.021,-0.03020,-0.00397,-0.03067,0.01481
44.7601,0.041193,0.041199,-0.006,-0.03003,0.02118,-0.03007,0.02981
44.7801,0.040597,0.040587,0.010,-0.02937,0.04380,-0.02885,0.06120
44.8001,0.040022,0.039990,0.032,-0.02830,0.06336,-0.02698,0.09340
44.8201,0.039469,0.039421,0.048,-0.02686,0.07967,-0.02504,0.09698
44.8401,0.038949,0.038890,0.059,-0.02513,0.09240,-0.02302,0.10112
44.8601,0.038465,0.038397,0.068,-0.02319,0.10144,-0.02075,0.11322
44.8801,0.038023,0.037945,0.078,-0.02110,0.10679,-0.01836,0.11979
44.9001,0.037622,0.037538,0.084,-0.01894,0.10858,-0.01603,0.11643
44.9201,0.037265,0.037181,0.084,-0.01678,0.10702,-0.01393,0.10508
44.9401,0.036950,0.036875,0.075,-0.01468,0.10244,-0.01221,0.08591
44.9601,0.036677,0.036602,0.075,-0.01270,0.09526,-0.01017,0.10216
44.9801,0.036441,0.036368,0.074,-0.01089,0.08596,-0.00840,0.08845
45.0001,0.036240,0.036169,0.071,-0.00927,0.07507,-0.00690,0.07513
45.0201,0.036069,0.036013,0.056,-0.00789,0.06319,-0.00615,0.03745
45.0401,0.035923,0.035886,0.037,-0.00675,0.05090,-0.00571,0.02166
45.0601,0.035797,0.035769,0.028,-0.00585,0.03880,-0.00499,0.03630
45.0801,0.035687,0.035655,0.032,-0.00519,0.02746,-0.00408,0.04551
45.1001,0.035588,0.035562,0.026,-0.00475,0.01745,-0.00393,0.00752
45.1201,0.035496,0.035484,0.011,-0.00448,0.00917,-0.00426,-0.01641
45.1401,0.035408,0.035408,-0.000,-0.00436,0.00313,-0.00449,-0.01188
45.1601,0.035321,0.035317,0.003,-0.00434,-0.00043,-0.00419,0.01519
45.1801,0.035234,0.035228,0.006,-0.00436,-0.00128,-0.00415,0.00206
45.2001,0.035146,0.035144,0.002,-0.00437,0.00071,-0.00433,-0.00907
45.2201,0.035059,0.035064,-0.005,-0.00431,0.00553,-0.00455,-0.01116
45.2401,0.034975,0.034979,-0.004,-0.00413,0.01309,-0.00428,0.01368
45.2601,0.034895,0.034892,0.003,-0.00377,0.02315,-0.00360,0.03374
45.2801,0.034825,0.034805,0.020,-0.00319,0.03539,-0.00233,0.06393
45.3001,0.034769,0.034735,0.034,-0.00235,0.04941,-0.00103,0.06466
45.3201,0.034733,0.034689,0.044,-0.00121,0.06468,0.00041,0.07207
45.3401,0.034723,0.034674,0.049,0.00024,0.08063,0.00197,0.07813
45.3601,0.034745,0.034679,0.066,0.00202,0.09664,0.00446,0.12464
45.3801,0.034806,0.034705,0.101,0.00411,0.11204,0.00790,0.17194
45.4001,0.034911,0.034794,0.117,0.00649,0.12617,0.01066,0.13775
45.4201,0.035067,0.034956,0.112,0.00914,0.13833,0.01288,0.11083
45.4401,0.035278,0.035174,0.105,0.01201,0.14788,0.01549,0.13053
45.4601,0.035548,0.035435,0.114,0.01503,0.15424,0.01900,0.17555
45.4801,0.035880,0.035754,0.126,0.01815,0.15686,0.02256,0.17795
45.5001,0.036274,0.036147,0.128,0.02128,0.15531,0.02564,0.15414
45.5201,0.036731,0.036607,0.124,0.02433,0.14925,0.02850,0.14332
45.5401,0.037246,0.037133,0.114,0.02722,0.13845,0.03096,0.12297
45.5601,0.037817,0.037714,0.103,0.02984,0.12281,0.03324,0.11382
45.5801,0.038438,0.038344,0.093,0.03210,0.10237,0.03516,0.09576
45.6000,0.039098,0.039017,0.081,0.03390,0.07733,0.03650,0.06730
45.6201,0.039790,0.039730,0.060,0.03516,0.04798,0.03699,0.02438
45.6401,0.040501,0.040463,0.037,0.03579,0.01479,0.03680,-0.00957
45.6601,0.041217,0.041206,0.011,0.03573,-0.02165,0.03584,-0.04803
45.6801,0.041925,0.041940,-0.015,0.03491,-0.06063,0.03412,-0.08597
45.7001,0.042608,0.042652,-0.044,0.03329,-0.10134,0.03150,-0.13102
45.7201,0.043252,0.043327,-0.075,0.03085,-0.14294,0.02795,-0.17722
45.7401,0.043837,0.043946,-0.109,0.02758,-0.18430,0.02350,-0.22279
45.7601,0.044349,0.044490,-0.141,0.02349,-0.22459,0.01832,-0.25889
45.7801,0.044771,0.044944,-0.173,0.01861,-0.26267,0.01239,-0.29653
45.8001,0.045088,0.045293,-0.205,0.01300,-0.29757,0.00567,-0.33573
45.8201,0.045287,0.045526,-0.239,0.00674,-0.32828,-0.00178,-0.37288
45.8401,0.045354,0.045619,-0.265,-0.00009,-0.35386,-0.00939,-0.38019
45.8601,0.045280,0.045588,-0.308,-0.00738,-0.37347,-0.01832,-0.44641
45.8801,0.045057,0.045403,-0.347,-0.01499,-0.38636,-0.02721,-0.44485
45.9001,0.044679,0.045028,-0.349,-0.02279,-0.39191,-0.03470,-0.37452
45.9201,0.044145,0.044475,-0.330,-0.03062,-0.38966,-0.04163,-0.34620
45.9401,0.043455,0.043766,-0.311,-0.03832,-0.37933,-0.04867,-0.35192
45.9601,0.042614,0.042916,-0.302,-0.04573,-0.36076,-0.05592,-0.36279
45.9801,0.041629,0.041924,-0.295,-0.05269,-0.33403,-0.06266,-0.33716
46.0001,0.040511,0.040786,-0.275,-0.05904,-0.29940,-0.06818,-0.27596
46.0201,0.039272,0.039512,-0.240,-0.06462,-0.25730,-0.07237,-0.20932
46.0401,0.037932,0.038130,-0.198,-0.06929,-0.20836,-0.07556,-0.15935
46.0601,0.036508,0.036666,-0.158,-0.07291,-0.15339,-0.07785,-0.11490
46.0801,0.035022,0.035142,-0.120,-0.07539,-0.09330,-0.07904,-0.05911
46.1001,0.033499,0.033575,-0.076,-0.07662,-0.02921,-0.07872,0.01562
46.1201,0.031965,0.031992,-0.027,-0.07654,0.03756,-0.07690,0.09127
46.1401,0.030446,0.030422,0.023,-0.07511,0.10583,-0.07376,0.15681
46.1601,0.028971,0.028892,0.079,-0.07231,0.17403,-0.06903,0.23649
46.1801,0.027564,0.027425,0.139,-0.06816,0.24087,-0.06277,0.31310
46.2001,0.026253,0.026059,0.194,-0.06269,0.30495,-0.05549,0.36428
46.2201,0.025064,0.024819,0.245,-0.05599,0.36478,-0.04710,0.41909
46.2401,0.024022,0.023725,0.296,-0.04814,0.41899,-0.03750,0.48016
46.2601,0.023146,0.022801,0.345,-0.03928,0.46641,-0.02703,0.52364
46.2801,0.022456,0.022065,0.391,-0.02953,0.50590,-0.01572,0.56557
46.3001,0.021969,0.021541,0.428,-0.01909,0.53639,-0.00416,0.57794
46.3201,0.021696,0.021240,0.455,-0.00814,0.55709,0.00765,0.59026
46.3401,0.021645,0.021166,0.479,0.00312,0.56740,0.01965,0.60027
46.3601,0.021821,0.021302,0.519,0.01448,0.56689,0.03258,0.64658
46.3801,0.022223,0.021695,0.529,0.02572,0.55538,0.04381,0.56122
46.4001,0.022847,0.022346,0.501,0.03661,0.53292,0.05334,0.47664
46.4201,0.023684,0.023230,0.454,0.04696,0.49977,0.06187,0.42645
46.4401,0.024720,0.024313,0.407,0.05654,0.45644,0.06987,0.40003
46.4601,0.025939,0.025570,0.369,0.06515,0.40367,0.07727,0.36992
46.4801,0.027320,0.026986,0.334,0.07263,0.34234,0.08359,0.31589
46.5001,0.028837,0.028556,0.280,0.07880,0.27369,0.08776,0.20838
46.5201,0.030462,0.030252,0.211,0.08354,0.19900,0.08993,0.10857
46.5401,0.032167,0.032024,0.144,0.08673,0.11968,0.09088,0.04753
46.5601,0.033921,0.033833,0.088,0.08831,0.03731,0.09067,-0.01036
46.5801,0.035688,0.035654,0.034,0.08822,-0.04641,0.08877,-0.09490
46.6001,0.037438,0.037465,-0.027,0.08645,-0.12995,0.08487,-0.19510
46.6201,0.039137,0.039235,-0.098,0.08303,-0.21151,0.07892,-0.29744
46.6401,0.040749,0.040920,-0.171,0.07802,-0.28926,0.07140,-0.37588
46.6601,0.042246,0.042485,-0.239,0.07150,-0.36182,0.06264,-0.43839
46.6801,0.043600,0.043895,-0.295,0.06359,-0.42761,0.05293,-0.48511
46.7001,0.044782,0.045132,-0.351,0.05445,-0.48522,0.04191,-0.55098
46.7201,0.045770,0.046176,-0.405,0.04424,-0.53350,0.02985,-0.60312
46.7401,0.046545,0.046999,-0.454,0.03318,-0.57134,0.01720,-0.63234
46.7601,0.047092,0.047586,-0.494,0.02147,-0.59799,0.00424,-0.64849
46.7801,0.047401,0.047921,-0.520,0.00933,-0.61290,-0.00862,-0.64258
46.8001,0.047465,0.048003,-0.538,-0.00297,-0.61568,-0.02148,-0.64321
46.8201,0.047283,0.047852,-0.569,-0.01521,-0.60629,-0.03491,-0.67155
46.8401,0.046859,0.047426,-0.567,-0.02714,-0.58491,-0.04639,-0.57382
46.8601,0.046201,0.046730,-0.529,-0.03853,-0.55196,-0.05611,-0.48591
46.8801,0.045323,0.045793,-0.470,-0.04914,-0.50818,-0.06447,-0.41797
46.9001,0.044242,0.044654,-0.412,-0.05878,-0.45439,-0.07217,-0.38499
46.9201,0.042980,0.043343,-0.363,-0.06726,-0.39180,-0.07905,-0.34429
46.9401,0.041561,0.041878,-0.317,-0.07441,-0.32165,-0.08469,-0.28184
46.9601,0.040013,0.040276,-0.262,-0.08008,-0.24548,-0.08840,-0.18568
46.9801,0.038368,0.038562,-0.194,-0.08419,-0.16484,-0.09003,-0.08155
47.0001,0.036657,0.036782,-0.125,-0.08666,-0.08145,-0.09015,-0.00569
47.0201,0.034913,0.034974,-0.062,-0.08744,0.00297,-0.08884,0.06535
47.0401,0.033170,0.033171,-0.001,-0.08655,0.08661,-0.08590,0.14721
47.0601,0.031462,0.031400,0.062,-0.08400,0.16776,-0.08118,0.23586
47.0801,0.029820,0.029693,0.128,-0.07986,0.24475,-0.07481,0.31838
47.1001,0.028277,0.028082,0.195,-0.07425,0.31587,-0.06688,0.39675
47.1201,0.026860,0.026602,0.258,-0.06728,0.37977,-0.05782,0.45253
47.1401,0.025594,0.025281,0.313,-0.05911,0.43512,-0.04786,0.49845
47.1601,0.024502,0.024139,0.363,-0.04994,0.48079,-0.03705,0.54011
47.1801,0.023602,0.023199,0.403,-0.03995,0.51587,-0.02580,0.56277
47.2001,0.022908,0.022472,0.437,-0.02938,0.53972,-0.01417,0.58163
47.2201,0.022430,0.021971,0.459,-0.01844,0.55188,-0.00261,0.57783
47.2401,0.022171,0.021700,0.471,-0.00738,0.55220,0.00878,0.56926
47.2601,0.022134,0.021660,0.474,0.00357,0.54075,0.01972,0.54709
47.2801,0.022312,0.021819,0.493,0.01418,0.51787,0.03115,0.57158
47.3001,0.022697,0.022217,0.480,0.02422,0.48414,0.04040,0.46233
47.3201,0.023276,0.022844,0.432,0.03348,0.44038,0.04764,0.36199
47.3401,0.024030,0.023666,0.364,0.04178,0.38763,0.05339,0.28747
47.3601,0.024939,0.024638,0.301,0.04893,0.32711,0.05847,0.25404
47.3801,0.025979,0.025724,0.255,0.05482,0.26011,0.06299,0.22597
47.4001,0.027121,0.026913,0.209,0.05930,0.18828,0.06588,0.14475
47.4201,0.028341,0.028191,0.151,0.06232,0.11300,0.06680,0.04611
47.4401,0.029605,0.029516,0.089,0.06381,0.03611,0.06617,-0.03158
47.4601,0.030884,0.030854,0.029,0.06377,-0.04077,0.06410,-0.10357
47.4801,0.032146,0.032176,-0.030,0.06219,-0.11601,0.06054,-0.17776
47.5001,0.033362,0.033451,-0.089,0.05915,-0.18793,0.05549,-0.25273
47.5201,0.034503,0.034648,-0.146,0.05471,-0.25502,0.04912,-0.31842
47.5401,0.035541,0.035744,-0.203,0.04899,-0.31592,0.04147,-0.38256
47.5601,0.036454,0.036711,-0.256,0.04212,-0.36936,0.03281,-0.43278
47.5801,0.037220,0.037524,-0.305,0.03428,-0.41424,0.02338,-0.47158
47.6001,0.037820,0.038166,-0.347,0.02562,-0.44970,0.01338,-0.50032
47.6201,0.038240,0.038614,-0.374,0.01636,-0.47506,0.00336,-0.50108
47.6401,0.038471,0.038867,-0.395,0.00669,-0.48988,-0.00699,-0.51711
47.6601,0.038507,0.038918,-0.412,-0.00316,-0.49396,-0.01734,-0.51747
47.6801,0.038345,0.038793,-0.449,-0.01300,-0.48731,-0.02867,-0.56676
47.7001,0.037988,0.038443,-0.455,-0.02259,-0.47020,-0.03814,-0.47322
47.7201,0.037444,0.037867,-0.423,-0.03174,-0.44314,-0.04576,-0.38114
47.7401,0.036723,0.037091,-0.368,-0.04026,-0.40680,-0.05217,-0.32063
47.7601,0.035839,0.036157,-0.319,-0.04796,-0.36210,-0.05825,-0.30370
47.7801,0.034811,0.035096,-0.285,-0.05469,-0.31009,-0.06402,-0.28862
47.8001,0.033659,0.033913,-0.255,-0.06032,-0.25198,-0.06864,-0.23133
47.8201,0.032406,0.032614,-0.208,-0.06474,-0.18911,-0.07130,-0.13256
47.8401,0.031078,0.031224,-0.147,-0.06786,-0.12283,-0.07217,-0.04372
47.8601,0.029699,0.029789,-0.090,-0.06964,-0.05462,-0.07207,0.00481
47.8801,0.028301,0.028342,-0.041,-0.07005,0.01392,-0.07089,0.05931
47.9001,0.026907,0.026902,0.005,-0.06909,0.08147,-0.06841,0.12370
47.9201,0.025546,0.025491,0.055,-0.06681,0.14655,-0.06437,0.20211
47.9401,0.024244,0.024132,0.112,-0.06325,0.20785,-0.05884,0.27654
47.9601,0.023024,0.022859,0.165,-0.05853,0.26412,-0.05235,0.32477
47.9801,0.021908,0.021698,0.210,-0.05272,0.31431,-0.04508,0.36339
48.0001,0.020921,0.020669,0.252,-0.04600,0.35729,-0.03696,0.40598
48.0201,0.020075,0.019787,0.289,-0.03850,0.39246,-0.02829,0.43350
48.0401,0.019386,0.019063,0.322,-0.03036,0.41923,-0.01903,0.46309
48.0601,0.018864,0.018513,0.350,-0.02179,0.43714,-0.00957,0.47301
48.0801,0.018516,0.018148,0.368,-0.01294,0.44605,-0.00024,0.46644
48.1001,0.018347,0.017978,0.369,-0.00401,0.44593,0.00856,0.44000
48.1201,0.018355,0.017986,0.370,0.00484,0.43701,0.01742,0.44272
48.1401,0.018538,0.018149,0.390,0.01342,0.41970,0.02689,0.47344
48.1601,0.018889,0.018504,0.385,0.02157,0.39453,0.03463,0.38708
48.1801,0.019398,0.019052,0.346,0.02915,0.36226,0.04048,0.29258
48.2001,0.020051,0.019762,0.289,0.03602,0.32373,0.04520,0.23604
48.2201,0.020833,0.020588,0.245,0.04207,0.27994,0.04993,0.23664
48.2401,0.021729,0.021509,0.219,0.04720,0.23188,0.05437,0.22162
48.2601,0.022715,0.022527,0.187,0.05133,0.18084,0.05735,0.14929
48.2801,0.023774,0.023629,0.145,0.05442,0.12784,0.05890,0.07743
48.3001,0.024884,0.024786,0.097,0.05644,0.07414,0.05922,0.01579
48.3201,0.026023,0.025970,0.054,0.05738,0.02080,0.05873,-0.02403
48.3401,0.027172,0.027153,0.019,0.05728,-0.03106,0.05752,-0.06089
48.3601,0.028308,0.028325,-0.017,0.05616,-0.08041,0.05519,-0.11631
48.3801,0.029412,0.029468,-0.056,0.05408,-0.12634,0.05175,-0.17217
48.4001,0.030465,0.030563,-0.098,0.05113,-0.16798,0.04735,-0.21987
48.4201,0.031452,0.031584,-0.132,0.04740,-0.20470,0.04254,-0.24067
48.4401,0.032357,0.032515,-0.159,0.04298,-0.23594,0.03729,-0.26219
48.4601,0.033167,0.033349,-0.182,0.03800,-0.26130,0.03155,-0.28707
48.4801,0.033874,0.034080,-0.206,0.03257,-0.28056,0.02528,-0.31361
48.5001,0.034468,0.034689,-0.222,0.02682,-0.29361,0.01912,-0.30820
48.5201,0.034945,0.035179,-0.234,0.02087,-0.30054,0.01278,-0.31669
48.5401,0.035302,0.035544,-0.242,0.01484,-0.30155,0.00653,-0.31281
48.5601,0.035539,0.035779,-0.240,0.00884,-0.29699,0.00069,-0.29175
48.5801,0.035657,0.035891,-0.235,0.00299,-0.28732,-0.00493,-0.28098
48.6001,0.035660,0.035887,-0.228,-0.00263,-0.27312,-0.01028,-0.26766
48.6201,0.035554,0.035799,-0.245,-0.00791,-0.25503,-0.01645,-0.30853
48.6401,0.035346,0.035585,-0.239,-0.01281,-0.23376,-0.02088,-0.22146
48.6601,0.035045,0.035247,-0.202,-0.01725,-0.21009,-0.02371,-0.14134
48.6801,0.034659,0.034821,-0.161,-0.02120,-0.18477,-0.02624,-0.12657
48.7001,0.034200,0.034336,-0.136,-0.02463,-0.15859,-0.02900,-0.13801
48.7201,0.033677,0.033801,-0.124,-0.02754,-0.13227,-0.03163,-0.13129
48.7401,0.033102,0.033212,-0.110,-0.02993,-0.10656,-0.03352,-0.09460
48.7601,0.032484,0.032568,-0.084,-0.03181,-0.08205,-0.03438,-0.04320
48.7801,0.031833,0.031893,-0.060,-0.03322,-0.05933,-0.03501,-0.03145
48.8001,0.031157,0.031202,-0.045,-0.03420,-0.03883,-0.03557,-0.02779
48.8201,0.030467,0.030497,-0.030,-0.03479,-0.02098,-0.03564,-0.00384
48.8401,0.029768,0.029785,-0.017,-0.03506,-0.00598,-0.03550,0.00698
48.8601,0.029066,0.029072,-0.006,-0.03505,0.00602,-0.03513,0.01891
48.8801,0.028366,0.028361,0.005,-0.03484,0.01500,-0.03456,0.02808
48.9001,0.027674,0.027660,0.014,-0.03447,0.02101,-0.03388,0.03421
48.9201,0.026989,0.026974,0.016,-0.03402,0.02428,-0.03347,0.02052
48.9401,0.026314,0.026298,0.016,-0.03352,0.02510,-0.03296,0.02531
48.9601,0.025648,0.025630,0.019,-0.03303,0.02383,-0.03235,0.03059
48.9801,0.024992,0.024973,0.019,-0.03258,0.02091,-0.03191,0.02193
49.0001,0.024344,0.024329,0.015,-0.03220,0.01684,-0.03173,0.00901
49.0201,0.023704,0.023694,0.010,-0.03191,0.01214,-0.03163,0.00493
49.0402,0.023064,0.023030,0.034,-0.03171,0.00734,-0.03028,0.06788
49.0601,0.022435,0.022430,0.005,-0.03161,0.00306,-0.03176,-0.07409
49.0801,0.021803,0.021821,-0.018,-0.03158,-0.00027,-0.03244,-0.03409
49.1001,0.021171,0.021181,-0.010,-0.03161,-0.00214,-0.03188,0.02816
49.1201,0.020538,0.020532,0.006,-0.03166,-0.00213,-0.03127,0.03025
49.1402,0.019902,0.019898,0.004,-0.03168,0.00012,-0.03155,-0.01389
49.1601,0.019272,0.019272,-0.000,-0.03164,0.00481,-0.03171,-0.00779
49.1801,0.018640,0.018641,-0.001,-0.03147,0.01218,-0.03151,0.00957
49.2001,0.018014,0.018007,0.007,-0.03113,0.02223,-0.03079,0.03597
49.2201,0.017397,0.017382,0.015,-0.03056,0.03494,-0.02997,0.04145
49.2401,0.016794,0.016769,0.024,-0.02972,0.05012,-0.02879,0.05868
49.2601,0.016210,0.016171,0.039,-0.02854,0.06752,-0.02705,0.08733
49.2801,0.015654,0.015603,0.051,-0.02700,0.08677,-0.02513,0.09590
49.3001,0.015133,0.015070,0.063,-0.02506,0.10738,-0.02279,0.11709
49.3201,0.014655,0.014576,0.079,-0.02270,0.12881,-0.01986,0.14618
49.3401,0.014228,0.014127,0.101,-0.01991,0.15045,-0.01624,0.18097
49.3601,0.013861,0.013748,0.113,-0.01669,0.17164,-0.01271,0.17651
49.3801,0.013563,0.013436,0.126,-0.01305,0.19168,-0.00860,0.20557
49.4001,0.013341,0.013198,0.144,-0.00903,0.20986,-0.00396,0.23216
49.4201,0.013204,0.013042,0.162,-0.00467,0.22546,0.00104,0.24989
49.4401,0.013156,0.012982,0.174,-0.00004,0.23781,0.00603,0.24938
49.4601,0.013204,0.013002,0.202,0.00482,0.24635,0.01201,0.29915
49.4801,0.013350,0.013117,0.232,0.00979,0.25049,0.01802,0.30064
49.5001,0.013595,0.013364,0.232,0.01480,0.24981,0.02268,0.23267
49.5201,0.013941,0.013733,0.208,0.01975,0.24394,0.02656,0.19392
49.5401,0.014384,0.014199,0.185,0.02452,0.23269,0.03055,0.19979
49.5601,0.014921,0.014739,0.182,0.02902,0.21593,0.03516,0.23045
49.5801,0.015543,0.015364,0.179,0.03312,0.19375,0.03919,0.20143
49.6001,0.016242,0.016082,0.160,0.03673,0.16634,0.04196,0.13831
49.6201,0.017008,0.016877,0.131,0.03975,0.13403,0.04389,0.09682
49.6401,0.017828,0.017728,0.100,0.04207,0.09729,0.04512,0.06124
49.6601,0.018685,0.018612,0.073,0.04361,0.05682,0.04579,0.03389
49.6801,0.019566,0.019522,0.044,0.04432,0.01326,0.04550,-0.01486
49.7001,0.020452,0.020439,0.013,0.04413,-0.03253,0.04424,-0.06294
49.7201,0.021325,0.021347,-0.022,0.04301,-0.07956,0.04188,-0.11803
49.7401,0.022166,0.022226,-0.060,0.04094,-0.12681,0.03849,-0.16939
49.7601,0.022956,0.023052,-0.096,0.03794,-0.17330,0.03429,-0.21019
49.7801,0.023677,0.023808,-0.131,0.03402,-0.21789,0.02919,-0.25492
49.8001,0.024312,0.024478,-0.166,0.02924,-0.25954,0.02319,-0.29984
49.8201,0.024842,0.025047,-0.205,0.02367,-0.29715,0.01627,-0.34619
49.8401,0.025254,0.025492,-0.238,0.01739,-0.32977,0.00892,-0.36744
49.8601,0.025534,0.025800,-0.266,0.01052,-0.35651,0.00118,-0.38704
49.8801,0.025671,0.025964,-0.292,0.00317,-0.37653,-0.00706,-0.41176
49.9001,0.025659,0.025973,-0.314,-0.00449,-0.38918,-0.01541,-0.41778
49.9201,0.025490,0.025843,-0.353,-0.01233,-0.39396,-0.02475,-0.46685
49.9401,0.025165,0.025529,-0.364,-0.02020,-0.39048,-0.03272,-0.39833
49.9601,0.024684,0.025024,-0.340,-0.02790,-0.37860,-0.03921,-0.32471
49.9801,0.024051,0.024355,-0.304,-0.03528,-0.35830,-0.04520,-0.29927
50.0001,0.023275,0.023554,-0.279,-0.04218,-0.32977,-0.05141,-0.31043
50.0201,0.022368,0.022634,-0.266,-0.04842,-0.29345,-0.05731,-0.29524
50.0401,0.021344,0.021587,-0.243,-0.05387,-0.24989,-0.06188,-0.22848
50.0601,0.020219,0.020422,-0.202,-0.05838,-0.19984,-0.06482,-0.14681
50.0801,0.019016,0.019168,-0.152,-0.06183,-0.14427,-0.06644,-0.08121
50.1001,0.017754,0.017859,-0.106,-0.06412,-0.08417,-0.06721,-0.03826
50.1201,0.016458,0.016523,-0.065,-0.06517,-0.02078,-0.06692,0.01433
50.1401,0.015154,0.015177,-0.023,-0.06494,0.04463,-0.06527,0.08268
50.1601,0.013870,0.013839,0.031,-0.06339,0.11055,-0.06174,0.17621
50.1801,0.012630,0.012540,0.089,-0.06052,0.17573,-0.05685,0.24459
50.2001,0.011456,0.011319,0.137,-0.05636,0.23890,-0.05116,0.28457
50.2201,0.010382,0.010196,0.186,-0.05099,0.29822,-0.04412,0.35187
50.2401,0.009427,0.009189,0.237,-0.04448,0.35268,-0.03586,0.41325
50.2601,0.008610,0.008322,0.288,-0.03692,0.40107,-0.02658,0.46396
50.2801,0.007954,0.007622,0.332,-0.02847,0.44207,-0.01668,0.49499
50.3001,0.007476,0.007108,0.368,-0.01930,0.47465,-0.00639,0.51413
50.3201,0.007187,0.006793,0.394,-0.00957,0.49811,0.00413,0.52598
50.3401,0.007096,0.006676,0.420,0.00056,0.51179,0.01512,0.54960
50.3601,0.007210,0.006746,0.464,0.01084,0.51522,0.02711,0.59978
50.3801,0.007530,0.007050,0.479,0.02110,0.50818,0.03756,0.52250
50.4001,0.008052,0.007595,0.457,0.03110,0.49069,0.04642,0.44266
50.4201,0.008771,0.008357,0.413,0.04065,0.46302,0.05421,0.38952
50.4401,0.009674,0.009303,0.371,0.04955,0.42560,0.06170,0.37451
50.4601,0.010747,0.010406,0.341,0.05761,0.37913,0.06889,0.35945
50.4801,0.011972,0.011659,0.312,0.06466,0.32450,0.07496,0.30362
50.5001,0.013327,0.013058,0.269,0.07055,0.26273,0.07924,0.21387
50.5201,0.014786,0.014578,0.207,0.07514,0.19527,0.08150,0.11317
50.5401,0.016322,0.016178,0.144,0.07833,0.12341,0.08252,0.05109
50.5601,0.017909,0.017818,0.091,0.08005,0.04854,0.08259,0.00333
50.5801,0.019515,0.019473,0.042,0.08026,-0.02760,0.08115,-0.07181
50.6001,0.021110,0.021126,-0.016,0.07895,-0.10340,0.07776,-0.16935
50.6201,0.022663,0.022743,-0.080,0.07614,-0.17724,0.07273,-0.25154
50.6401,0.024145,0.024289,-0.144,0.07189,-0.24751,0.06630,-0.32183
50.6601,0.025530,0.025728,-0.198,0.06627,-0.31266,0.05894,-0.36801
50.6801,0.026790,0.027037,-0.246,0.05941,-0.37131,0.05051,-0.42150
50.7001,0.027898,0.028201,-0.302,0.05148,-0.42184,0.04059,-0.49561
50.7201,0.028841,0.029194,-0.353,0.04262,-0.46343,0.03006,-0.52667
50.7401,0.029598,0.029992,-0.394,0.03302,-0.49499,0.01918,-0.54413
50.7601,0.030158,0.030577,-0.419,0.02289,-0.51576,0.00836,-0.54069
50.7801,0.030512,0.030945,-0.434,0.01246,-0.52521,-0.00245,-0.54080
50.8001,0.030656,0.031097,-0.442,0.00196,-0.52305,-0.01314,-0.53461
50.8201,0.030591,0.031055,-0.464,-0.00839,-0.50925,-0.02440,-0.56303
50.8401,0.030323,0.030796,-0.473,-0.01834,-0.48403,-0.03454,-0.50656
50.8601,0.029862,0.030303,-0.442,-0.02767,-0.44787,-0.04234,-0.39002
50.8801,0.029222,0.029601,-0.380,-0.03618,-0.40146,-0.04841,-0.30370
50.9001,0.028421,0.028739,-0.318,-0.04367,-0.34574,-0.05379,-0.26879
50.9201,0.027483,0.027753,-0.270,-0.04996,-0.28190,-0.05861,-0.24116
50.9401,0.026430,0.026656,-0.226,-0.05491,-0.21111,-0.06211,-0.17484
50.9601,0.025296,0.025465,-0.169,-0.05837,-0.13517,-0.06348,-0.06887
50.9801,0.024107,0.024211,-0.104,-0.06028,-0.05537,-0.06310,0.01905
51.0001,0.022895,0.022938,-0.043,-0.06057,0.02646,-0.06136,0.08688
51.0201,0.021695,0.021677,0.018,-0.05922,0.10857,-0.05794,0.17122
51.0401,0.020538,0.020457,0.081,-0.05624,0.18921,-0.05279,0.25735
51.0601,0.019456,0.019308,0.148,-0.05167,0.26667,-0.04590,0.34456
51.0801,0.018480,0.018264,0.216,-0.04561,0.33927,-0.03751,0.41941
51.1001,0.017641,0.017364,0.277,-0.03815,0.40542,-0.02805,0.47301
51.1201,0.016963,0.016629,0.334,-0.02944,0.46369,-0.01747,0.52892
51.1401,0.016471,0.016083,0.387,-0.01967,0.51277,-0.00591,0.57802
51.1601,0.016182,0.015750,0.433,-0.00901,0.55168,0.00621,0.60602
51.1801,0.016115,0.015640,0.475,0.00234,0.57953,0.01894,0.63677
51.2001,0.016279,0.015743,0.536,0.01412,0.59564,0.03301,0.70328
51.2201,0.016680,0.016116,0.564,0.02608,0.59963,0.04557,0.62808
51.2401,0.017321,0.016767,0.554,0.03800,0.59143,0.05673,0.55792
51.2601,0.018199,0.017680,0.519,0.04966,0.57113,0.06691,0.50891
51.2801,0.019304,0.018823,0.481,0.06078,0.53915,0.07671,0.49046
51.3001,0.020625,0.020177,0.448,0.07115,0.49614,0.08604,0.46612
51.3201,0.022144,0.021726,0.417,0.08056,0.44294,0.09441,0.41863
51.3401,0.023844,0.023466,0.378,0.08882,0.38052,0.10122,0.34056
51.3601,0.025687,0.025374,0.313,0.09573,0.31059,0.10568,0.22302
51.3801,0.027658,0.027420,0.238,0.10118,0.23417,0.10843,0.13757
51.4001,0.029726,0.029552,0.174,0.10507,0.15274,0.11030,0.09349
51.4201,0.031849,0.031737,0.112,0.10728,0.06845,0.11039,0.00436
51.4401,0.034003,0.033949,0.054,0.10779,-0.01748,0.10901,-0.06894
51.4601,0.036148,0.036156,-0.007,0.10658,-0.10304,0.10565,-0.16780
51.4805,0.038300,0.038435,-0.135,0.10360,-0.18846,0.09758,-0.40366
51.5001,0.040286,0.040438,-0.152,0.09914,-0.26660,0.09378,-0.19011
51.5201,0.042210,0.042380,-0.170,0.09305,-0.34129,0.08707,-0.33541
51.5401,0.043997,0.044243,-0.245,0.08554,-0.40923,0.07637,-0.53529
51.5601,0.045623,0.045965,-0.343,0.07673,-0.46921,0.06400,-0.61812
51.5801,0.047061,0.047481,-0.420,0.06682,-0.52008,0.05169,-0.61561
51.6001,0.048289,0.048754,-0.465,0.05600,-0.56082,0.03972,-0.59858
51.6201,0.049295,0.049782,-0.487,0.04446,-0.59086,0.02768,-0.60206
51.6401,0.050066,0.050564,-0.498,0.03242,-0.60967,0.01537,-0.61517
51.6601,0.050591,0.051106,-0.515,0.02015,-0.61699,0.00247,-0.64541
51.6801,0.050871,0.051403,-0.532,0.00783,-0.61287,-0.01046,-0.64655
51.7001,0.050906,0.051450,-0.545,-0.00429,-0.59754,-0.02294,-0.62367
51.7201,0.050702,0.051263,-0.561,-0.01599,-0.57150,-0.03523,-0.61477
51.7401,0.050270,0.050807,-0.537,-0.02708,-0.53541,-0.04509,-0.49287
51.7601,0.049623,0.050098,-0.475,-0.03737,-0.49011,-0.05282,-0.38627
51.7801,0.048782,0.049181,-0.398,-0.04664,-0.43688,-0.05935,-0.32653
51.8001,0.047766,0.048106,-0.340,-0.05479,-0.37669,-0.06570,-0.31760
51.8201,0.046600,0.046899,-0.299,-0.06166,-0.31109,-0.07138,-0.28392
51.8401,0.045309,0.045565,-0.255,-0.06719,-0.24133,-0.07538,-0.20038
51.8601,0.043922,0.044116,-0.194,-0.07130,-0.16895,-0.07724,-0.09263
51.8801,0.042466,0.042597,-0.131,-0.07395,-0.09544,-0.07769,-0.02255
51.9001,0.040974,0.041046,-0.071,-0.07512,-0.02240,-0.07690,0.03938
51.9201,0.039472,0.039491,-0.019,-0.07485,0.04883,-0.07493,0.09854
51.9401,0.037989,0.037956,0.033,-0.07319,0.11683,-0.07149,0.17222
51.9601,0.036553,0.036464,0.089,-0.07021,0.18028,-0.06656,0.24649
51.9801,0.035189,0.035045,0.144,-0.06602,0.23810,-0.06051,0.30228
52.0001,0.033919,0.033729,0.190,-0.06073,0.28930,-0.05377,0.33683
52.0201,0.032766,0.032535,0.231,-0.05450,0.33292,-0.04619,0.37941
52.0401,0.031745,0.031475,0.271,-0.04747,0.36844,-0.03784,0.41747
52.0601,0.030872,0.030570,0.301,-0.03982,0.39540,-0.02924,0.42974
52.0801,0.030156,0.029831,0.325,-0.03171,0.41351,-0.02041,0.44157
52.1001,0.029605,0.029266,0.338,-0.02333,0.42275,-0.01167,0.43681
52.1201,0.029222,0.028879,0.343,-0.01484,0.42324,-0.00313,0.42726
52.1401,0.029010,0.028661,0.348,-0.00645,0.41533,0.00546,0.42933
52.1601,0.028963,0.028617,0.346,0.00170,0.39955,0.01345,0.39948
52.1801,0.029076,0.028714,0.362,0.00948,0.37650,0.02196,0.42558
52.2001,0.029339,0.028991,0.347,0.01672,0.34705,0.02837,0.32061
52.2201,0.029740,0.029441,0.299,0.02332,0.31210,0.03296,0.22937
52.2401,0.030267,0.030025,0.242,0.02918,0.27263,0.03677,0.19082
52.2601,0.030902,0.030698,0.204,0.03421,0.22978,0.04073,0.19785
52.2801,0.031629,0.031450,0.179,0.03835,0.18458,0.04418,0.17249
52.3001,0.032431,0.032277,0.153,0.04159,0.13817,0.04652,0.11687
52.3201,0.033286,0.033173,0.114,0.04388,0.09170,0.04731,0.03955
52.3401,0.034179,0.034111,0.069,0.04526,0.04616,0.04709,-0.01092
52.3601,0.035091,0.035059,0.031,0.04574,0.00255,0.04639,-0.03533
52.3801,0.036003,0.036003,0.000,0.04538,-0.03825,0.04506,-0.06642
52.4001,0.036900,0.036924,-0.024,0.04424,-0.07542,0.04317,-0.09436
52.4201,0.037768,0.037819,-0.051,0.04239,-0.10833,0.04034,-0.14127
52.4401,0.038591,0.038673,-0.082,0.03994,-0.13644,0.03682,-0.17604
52.4601,0.039362,0.039469,-0.107,0.03697,-0.15943,0.03307,-0.18789
52.4801,0.040068,0.040196,-0.128,0.03359,-0.17700,0.02902,-0.20203
52.5001,0.040704,0.040839,-0.135,0.02992,-0.18911,0.02524,-0.18915
52.5201,0.041264,0.041405,-0.141,0.02606,-0.19582,0.02121,-0.20147
52.5401,0.041745,0.041893,-0.148,0.02213,-0.19735,0.01702,-0.20979
52.5601,0.042149,0.042301,-0.152,0.01820,-0.19403,0.01298,-0.20208
52.5801,0.042474,0.042625,-0.151,0.01439,-0.18632,0.00929,-0.18444
52.6001,0.042726,0.042868,-0.143,0.01078,-0.17477,0.00602,-0.16315
52.6201,0.042908,0.043044,-0.136,0.00742,-0.15995,0.00286,-0.15805
52.6401,0.043025,0.043149,-0.124,0.00439,-0.14270,0.00029,-0.12853
52.6601,0.043085,0.043188,-0.103,0.00173,-0.12359,-0.00154,-0.09174
52.6801,0.043097,0.043185,-0.089,-0.00054,-0.10343,-0.00339,-0.09243
52.7001,0.043066,0.043166,-0.100,-0.00241,-0.08294,-0.00594,-0.12721
52.7201,0.043003,0.043109,-0.106,-0.00386,-0.06282,-0.00752,-0.07929
52.7401,0.042914,0.042983,-0.069,-0.00493,-0.04372,-0.00687,0.03278
52.7601,0.042808,0.042849,-0.041,-0.00562,-0.02627,-0.00669,0.00888
52.7801,0.042692,0.042715,-0.023,-0.00599,-0.01094,-0.00659,0.00494
52.8002,0.042570,0.042576,-0.006,-0.00608,0.00193,-0.00610,0.02426
52.8201,0.042450,0.042454,-0.004,-0.00594,0.01178,-0.00605,0.00265
52.8401,0.042334,0.042331,0.003,-0.00563,0.01866,-0.00544,0.03047
52.8601,0.042226,0.042214,0.012,-0.00521,0.02242,-0.00472,0.03633
52.8801,0.042126,0.042112,0.015,-0.00475,0.02307,-0.00422,0.02466
52.9001,0.042036,0.042022,0.013,-0.00431,0.02076,-0.00386,0.01794
52.9201,0.041953,0.041946,0.007,-0.00394,0.01576,-0.00378,0.00435
52.9401,0.041877,0.041869,0.008,-0.00369,0.00839,-0.00340,0.01893
52.9601,0.041804,0.041796,0.008,-0.00362,-0.00092,-0.00333,0.00349
52.9801,0.041731,0.041730,0.001,-0.00374,-0.01165,-0.00380,-0.02375
53.0001,0.041653,0.041660,-0.007,-0.00409,-0.02322,-0.00439,-0.02930
53.0201,0.041566,0.041586,-0.019,-0.00467,-0.03512,-0.00547,-0.05415
53.0401,0.041465,0.041493,-0.027,-0.00549,-0.04674,-0.00651,-0.05185
53.0601,0.041345,0.041381,-0.036,-0.00653,-0.05747,-0.00785,-0.06678
53.0801,0.041202,0.041245,-0.042,-0.00778,-0.06677,-0.00929,-0.07221
53.1001,0.041033,0.041082,-0.049,-0.00919,-0.07411,-0.01094,-0.08230
53.1201,0.040834,0.040891,-0.057,-0.01073,-0.07905,-0.01275,-0.09064
53.1401,0.040604,0.040660,-0.057,-0.01233,-0.08119,-0.01426,-0.07566
53.1601,0.040341,0.040398,-0.057,-0.01395,-0.08026,-0.01590,-0.08197
53.1801,0.040046,0.040099,-0.053,-0.01552,-0.07607,-0.01729,-0.06956
53.2001,0.039720,0.039781,-0.060,-0.01697,-0.06854,-0.01909,-0.08994
53.2201,0.039368,0.039425,-0.057,-0.01824,-0.05772,-0.02017,-0.05374
53.2402,0.038990,0.039014,-0.024,-0.01927,-0.04369,-0.01970,0.02326
53.2601,0.038599,0.038630,-0.031,-0.01997,-0.02693,-0.02110,-0.06989
53.2801,0.038196,0.038229,-0.033,-0.02032,-0.00760,-0.02147,-0.01866
53.3001,0.037789,0.037804,-0.015,-0.02026,0.01377,-0.02057,0.04486
53.3201,0.037387,0.037356,0.032,-0.01976,0.03661,-0.01817,0.12025
53.3401,0.037001,0.036969,0.032,-0.01879,0.06028,-0.01771,0.02301
53.3602,0.036638,0.036592,0.046,-0.01735,0.08415,-0.01564,0.10346
53.3801,0.036311,0.036258,0.053,-0.01544,0.10728,-0.01355,0.10458
53.4001,0.036025,0.035952,0.073,-0.01307,0.12921,-0.01039,0.15778
53.4201,0.035791,0.035696,0.094,-0.01028,0.14911,-0.00684,0.17767
53.4401,0.035616,0.035500,0.116,-0.00712,0.16627,-0.00295,0.19424
53.4601,0.035508,0.035380,0.127,-0.00365,0.18003,0.00081,0.18818
53.4801,0.035471,0.035333,0.139,0.00005,0.18982,0.00489,0.20378
53.5001,0.035511,0.035347,0.163,0.00391,0.19513,0.00974,0.24281
53.5201,0.035628,0.035441,0.187,0.00783,0.19559,0.01445,0.23522
53.5401,0.035824,0.035639,0.185,0.01170,0.19091,0.01795,0.17530
53.5601,0.036095,0.035937,0.159,0.01543,0.18095,0.02053,0.12904
53.5801,0.036439,0.036302,0.137,0.01890,0.16572,0.02332,0.13943
53.6001,0.036849,0.036720,0.128,0.02202,0.14538,0.02628,0.14789
53.6201,0.037317,0.037197,0.119,0.02468,0.12017,0.02864,0.11813
53.6401,0.037832,0.037733,0.099,0.02680,0.09056,0.02993,0.06436
53.6601,0.038384,0.038313,0.071,0.02828,0.05709,0.03039,0.02294
53.6801,0.038960,0.038916,0.044,0.02906,0.02036,0.03025,-0.00694
53.7001,0.039542,0.039523,0.018,0.02908,-0.01859,0.02942,-0.04123
53.7201,0.040117,0.040128,-0.011,0.02831,-0.05909,0.02759,-0.09161
53.7401,0.040668,0.040709,-0.041,0.02671,-0.10012,0.02502,-0.12882
53.7601,0.041180,0.041255,-0.075,0.02430,-0.14067,0.02137,-0.18249
53.7801,0.041635,0.041744,-0.109,0.02110,-0.17971,0.01700,-0.21830
53.8001,0.042019,0.042159,-0.140,0.01713,-0.21622,0.01202,-0.24907
53.8201,0.042316,0.042483,-0.167,0.01247,-0.24916,0.00650,-0.27595
53.8401,0.042513,0.042703,-0.189,0.00719,-0.27760,0.00051,-0.29964
53.8601,0.042600,0.042816,-0.216,0.00140,-0.30068,-0.00624,-0.33739
53.8801,0.042567,0.042814,-0.247,-0.00479,-0.31758,-0.01354,-0.36499
53.9001,0.042406,0.042699,-0.292,-0.01126,-0.32772,-0.02168,-0.40714
53.9201,0.042116,0.042425,-0.309,-0.01785,-0.33056,-0.02854,-0.34267
53.9401,0.041693,0.041981,-0.288,-0.02442,-0.32578,-0.03399,-0.27240
53.9601,0.041140,0.041400,-0.260,-0.03083,-0.31322,-0.03937,-0.26909
53.9801,0.040462,0.040707,-0.245,-0.03690,-0.29288,-0.04504,-0.28383
54.0001,0.039667,0.039904,-0.236,-0.04249,-0.26498,-0.05044,-0.26992
54.0201,0.038767,0.038988,-0.222,-0.04745,-0.22990,-0.05482,-0.21879
54.0401,0.037774,0.037960,-0.186,-0.05164,-0.18821,-0.05756,-0.13724
54.0601,0.036707,0.036851,-0.143,-0.05494,-0.14068,-0.05935,-0.08933
54.0801,0.035583,0.035685,-0.101,-0.05724,-0.08818,-0.06022,-0.04347
54.1001,0.034425,0.034493,-0.068,-0.05844,-0.03181,-0.06041,-0.00946
54.1201,0.033253,0.033286,-0.033,-0.05849,0.02736,-0.05924,0.05824
54.1401,0.032093,0.032081,0.013,-0.05734,0.08791,-0.05641,0.14186
54.1601,0.030968,0.030901,0.067,-0.05497,0.14864,-0.05209,0.21587
54.1802,0.029895,0.029736,0.159,-0.05137,0.20854,-0.04494,0.35722
54.2001,0.028920,0.028751,0.168,-0.04666,0.26503,-0.04084,0.20515
54.2201,0.028043,0.027865,0.179,-0.04083,0.31795,-0.03464,0.30981
54.2401,0.027293,0.027062,0.231,-0.03398,0.36562,-0.02554,0.45506
54.2601,0.026689,0.026389,0.300,-0.02624,0.40685,-0.01527,0.51366
54.2801,0.026249,0.025894,0.355,-0.01776,0.44045,-0.00509,0.50916
54.3001,0.025983,0.025600,0.383,-0.00868,0.46560,0.00464,0.48647
54.3201,0.025904,0.025511,0.393,0.00081,0.48145,0.01430,0.48268
54.3401,0.026017,0.025593,0.424,0.01051,0.48744,0.02526,0.54798
54.3601,0.026325,0.025882,0.443,0.02024,0.48317,0.03549,0.51196
54.3801,0.026825,0.026392,0.433,0.02977,0.46852,0.04438,0.44405
54.4001,0.027513,0.027116,0.397,0.03891,0.44350,0.05202,0.38218
54.4201,0.028377,0.028018,0.359,0.04744,0.40848,0.05921,0.35978
54.4401,0.029404,0.029072,0.333,0.05518,0.36392,0.06620,0.34914
54.4601,0.030578,0.030279,0.299,0.06194,0.31059,0.07173,0.27679
54.4801,0.031876,0.031623,0.253,0.06756,0.24938,0.07567,0.19677
54.5001,0.033272,0.033076,0.196,0.07187,0.18157,0.07789,0.11101
54.5201,0.034741,0.034604,0.137,0.07478,0.10837,0.07878,0.04451
54.5401,0.036253,0.036171,0.082,0.07618,0.03124,0.07838,-0.01976
54.5601,0.037779,0.037750,0.029,0.07601,-0.04836,0.07642,-0.09822
54.5801,0.039283,0.039314,-0.031,0.07425,-0.12857,0.07253,-0.19460
54.6001,0.040738,0.040836,-0.098,0.07087,-0.20801,0.06679,-0.28677
54.6201,0.042108,0.042275,-0.168,0.06594,-0.28474,0.05948,-0.36572
54.6400,0.043362,0.043596,-0.234,0.05953,-0.35715,0.05086,-0.43114
54.6601,0.044479,0.044770,-0.291,0.05169,-0.42403,0.04117,-0.48433
54.6801,0.045423,0.045770,-0.347,0.04261,-0.48348,0.03020,-0.54846
54.7001,0.046175,0.046577,-0.402,0.03242,-0.53435,0.01815,-0.60256
54.7201,0.046714,0.047171,-0.457,0.02130,-0.57545,0.00515,-0.64972
54.7401,0.047022,0.047525,-0.503,0.00946,-0.60582,-0.00813,-0.66420
54.7601,0.047089,0.047622,-0.533,-0.00286,-0.62465,-0.02130,-0.65832
54.7801,0.046906,0.047484,-0.577,-0.01544,-0.63146,-0.03556,-0.71329
54.8001,0.046472,0.047066,-0.594,-0.02803,-0.62598,-0.04842,-0.64280
54.8201,0.045786,0.046362,-0.576,-0.04040,-0.60815,-0.05981,-0.56933
54.8401,0.044859,0.045390,-0.531,-0.05227,-0.57829,-0.06983,-0.50144
54.8601,0.043700,0.044181,-0.482,-0.06345,-0.53679,-0.07929,-0.47285
54.8801,0.042327,0.042769,-0.442,-0.07368,-0.48447,-0.08827,-0.44910
54.9001,0.040760,0.041161,-0.402,-0.08277,-0.42227,-0.09597,-0.38508
54.9201,0.039026,0.039374,-0.348,-0.09051,-0.35145,-0.10175,-0.28885
54.9401,0.037150,0.037429,-0.279,-0.09677,-0.27327,-0.10550,-0.18762
54.9601,0.035164,0.035371,-0.207,-0.10141,-0.18924,-0.10765,-0.10742
54.9801,0.033104,0.033245,-0.141,-0.10432,-0.10114,-0.10837,-0.03584
55.0001,0.031003,0.031082,-0.079,-0.10544,-0.01065,-0.10745,0.04617
55.0201,0.028899,0.028914,-0.015,-0.10474,0.08041,-0.10456,0.14421
55.0401,0.026826,0.026768,0.058,-0.10223,0.17023,-0.09944,0.25615
55.0601,0.024823,0.024687,0.136,-0.09795,0.25700,-0.09249,0.34748
55.0801,0.022919,0.022711,0.208,-0.09198,0.33912,-0.08409,0.41970
55.1001,0.021154,0.020876,0.278,-0.08443,0.41474,-0.07423,0.49309
55.1201,0.019552,0.019209,0.343,-0.07544,0.48258,-0.06307,0.55789
55.1401,0.018145,0.017740,0.404,-0.06519,0.54111,-0.05078,0.61479
55.1601,0.016951,0.016491,0.460,-0.05386,0.58938,-0.03762,0.65790
55.1801,0.015995,0.015483,0.512,-0.04170,0.62628,-0.02372,0.69497
55.2001,0.015288,0.014738,0.550,-0.02889,0.65126,-0.00977,0.69779
55.2201,0.014842,0.014263,0.579,-0.01572,0.66383,0.00428,0.70220
55.2401,0.014660,0.014070,0.590,-0.00242,0.66382,0.01778,0.67521
55.2601,0.014744,0.014135,0.609,0.01075,0.65131,0.03166,0.69393
55.2801,0.015088,0.014477,0.611,0.02355,0.62665,0.04435,0.63421
55.3001,0.015682,0.015107,0.575,0.03575,0.59040,0.05490,0.52754
55.3201,0.016511,0.015998,0.513,0.04709,0.54350,0.06384,0.44711
55.3401,0.017559,0.017109,0.450,0.05741,0.48683,0.07201,0.40852
55.3601,0.018801,0.018405,0.396,0.06652,0.42169,0.07941,0.37003
55.3801,0.020212,0.019867,0.345,0.07424,0.34950,0.08541,0.30026
55.4001,0.021761,0.021477,0.285,0.08047,0.27184,0.08948,0.20329
55.4201,0.023419,0.023205,0.214,0.08509,0.19030,0.09160,0.10603
55.4401,0.025153,0.025011,0.142,0.08806,0.10661,0.09208,0.02400
55.4601,0.026931,0.026852,0.079,0.08935,0.02232,0.09134,-0.03724
55.4801,0.028715,0.028694,0.020,0.08897,-0.06052,0.08901,-0.11615
55.5001,0.030476,0.030519,-0.042,0.08695,-0.14057,0.08482,-0.20958
55.5201,0.032181,0.032291,-0.110,0.08338,-0.21611,0.07888,-0.29690
55.5401,0.033800,0.033975,-0.174,0.07835,-0.28573,0.07171,-0.35881
55.5601,0.035306,0.035536,-0.230,0.07200,-0.34811,0.06357,-0.40692
55.5801,0.036672,0.036953,-0.280,0.06448,-0.40210,0.05439,-0.45886
55.6001,0.037878,0.038208,-0.329,0.05597,-0.44674,0.04424,-0.50762
55.6201,0.038906,0.039277,-0.371,0.04667,-0.48132,0.03358,-0.53284
55.6401,0.039741,0.040148,-0.406,0.03679,-0.50532,0.02260,-0.54926
55.6601,0.040376,0.040800,-0.425,0.02653,-0.51850,0.01187,-0.53618
55.6801,0.040802,0.041240,-0.438,0.01612,-0.52078,0.00110,-0.53866
55.7001,0.041021,0.041463,-0.442,0.00576,-0.51239,-0.00933,-0.52164
55.7201,0.041035,0.041475,-0.441,-0.00431,-0.49380,-0.01928,-0.49760
55.7401,0.040851,0.041300,-0.450,-0.01394,-0.46553,-0.02933,-0.50226
55.7601,0.040482,0.040909,-0.427,-0.02288,-0.42865,-0.03717,-0.39176
55.7801,0.039941,0.040311,-0.370,-0.03102,-0.38394,-0.04296,-0.28972
55.8001,0.039247,0.039507,-0.259,-0.03820,-0.33267,-0.04580,-0.14209
55.8201,0.038422,0.038680,-0.259,-0.04429,-0.27618,-0.05307,-0.36340
55.8401,0.037484,0.037746,-0.262,-0.04921,-0.21566,-0.05814,-0.25331
55.8601,0.036461,0.036667,-0.206,-0.05290,-0.15266,-0.05928,-0.05721
55.8801,0.035377,0.035492,-0.115,-0.05531,-0.08859,-0.05823,0.05251
55.9001,0.034257,0.034304,-0.047,-0.05644,-0.02488,-0.05731,0.04619
55.9201,0.033127,0.033142,-0.014,-0.05632,0.03703,-0.05644,0.04320
55.9401,0.032012,0.031995,0.017,-0.05498,0.09586,-0.05405,0.11970
55.9601,0.030935,0.030872,0.063,-0.05251,0.15038,-0.04987,0.20903
55.9801,0.029919,0.029801,0.117,-0.04900,0.19950,-0.04442,0.27223
56.0001,0.028981,0.028819,0.162,-0.04457,0.24229,-0.03857,0.29274
56.0201,0.028141,0.027942,0.199,-0.03936,0.27795,-0.03220,0.31831
56.0401,0.027411,0.027191,0.220,-0.03351,0.30592,-0.02579,0.32080
56.0601,0.026804,0.026566,0.238,-0.02718,0.32577,-0.01888,0.34522
56.0801,0.026326,0.026067,0.259,-0.02053,0.33731,-0.01149,0.36964
56.1001,0.025983,0.025713,0.271,-0.01374,0.34052,-0.00440,0.35438
56.1201,0.025777,0.025499,0.278,-0.00697,0.33561,0.00256,0.34825
56.1401,0.025704,0.025437,0.266,-0.00037,0.32292,0.00857,0.30007
56.1601,0.025760,0.025484,0.276,0.00590,0.30300,0.01538,0.34064
56.1801,0.025937,0.025655,0.281,0.01171,0.27654,0.02134,0.29813
56.2001,0.026224,0.025972,0.252,0.01693,0.24436,0.02517,0.19150
56.2201,0.026609,0.026408,0.201,0.02145,0.20739,0.02773,0.12795
56.2401,0.027077,0.026921,0.156,0.02520,0.16661,0.03003,0.11487
56.2601,0.027611,0.027484,0.127,0.02810,0.12323,0.03210,0.10344
56.2801,0.028195,0.028095,0.100,0.03011,0.07824,0.03321,0.05580
56.3001,0.028810,0.028742,0.067,0.03122,0.03275,0.03316,-0.00250
56.3201,0.029439,0.029441,-0.001,0.03143,-0.01223,0.03062,-0.12704
56.3401,0.030061,0.030072,-0.011,0.03075,-0.05534,0.03028,-0.01683
56.3601,0.030663,0.030678,-0.015,0.02923,-0.09597,0.02867,-0.08080
56.3801,0.031225,0.031280,-0.055,0.02694,-0.13307,0.02463,-0.20183
56.4001,0.031735,0.031844,-0.109,0.02394,-0.16594,0.01963,-0.25019
56.4201,0.032179,0.032322,-0.143,0.02033,-0.19396,0.01508,-0.22760
56.4401,0.032545,0.032699,-0.154,0.01622,-0.21663,0.01087,-0.21007
56.4601,0.032825,0.032985,-0.160,0.01170,-0.23363,0.00617,-0.23507
56.4801,0.033011,0.033186,-0.175,0.00691,-0.24474,0.00079,-0.26934
56.5001,0.033100,0.033291,-0.191,0.00195,-0.24998,-0.00472,-0.27534
56.5201,0.033089,0.033295,-0.206,-0.00305,-0.24944,-0.01023,-0.27535
56.5401,0.032978,0.033210,-0.232,-0.00799,-0.24339,-0.01614,-0.29549
56.5601,0.032770,0.033004,-0.233,-0.01276,-0.23221,-0.02071,-0.22853
56.5801,0.032470,0.032672,-0.202,-0.01725,-0.21645,-0.02377,-0.15311
56.6001,0.032083,0.032247,-0.164,-0.02138,-0.19666,-0.02655,-0.13896
56.6201,0.031618,0.031761,-0.143,-0.02509,-0.17358,-0.02973,-0.15908
56.6401,0.031083,0.031221,-0.139,-0.02831,-0.14792,-0.03297,-0.16196
56.6601,0.030489,0.030616,-0.127,-0.03099,-0.12047,-0.03517,-0.11016
56.6801,0.029847,0.029944,-0.098,-0.03312,-0.09203,-0.03612,-0.04715
56.7001,0.029168,0.029235,-0.066,-0.03467,-0.06343,-0.03659,-0.02382
56.7201,0.028464,0.028507,-0.043,-0.03566,-0.03536,-0.03686,-0.01359
56.7401,0.027746,0.027772,-0.026,-0.03610,-0.00857,-0.03679,0.00371
56.7601,0.027024,0.027033,-0.009,-0.03602,0.01632,-0.03615,0.03176
56.7801,0.026308,0.026298,0.011,-0.03546,0.03871,-0.03487,0.06401
56.8001,0.025608,0.025578,0.030,-0.03449,0.05818,-0.03325,0.08136
56.8201,0.024931,0.024889,0.042,-0.03316,0.07435,-0.03161,0.08196
56.8401,0.024284,0.024230,0.053,-0.03154,0.08699,-0.02959,0.10073
56.8601,0.023671,0.023606,0.065,-0.02970,0.09599,-0.02734,0.11256
56.8801,0.023096,0.023022,0.074,-0.02772,0.10134,-0.02511,0.11153
56.9001,0.022563,0.022483,0.079,-0.02567,0.10315,-0.02291,0.10985
56.9201,0.022070,0.021990,0.080,-0.02362,0.10165,-0.02090,0.10060
56.9401,0.021617,0.021545,0.073,-0.02162,0.09718,-0.01923,0.08383
56.9601,0.021204,0.021136,0.068,-0.01975,0.09014,-0.01748,0.08750
56.9801,0.020826,0.020765,0.061,-0.01803,0.08100,-0.01603,0.07239
57.0001,0.020481,0.020419,0.062,-0.01652,0.07034,-0.01440,0.08125
57.0201,0.020164,0.020104,0.061,-0.01523,0.05872,-0.01317,0.06145
57.0401,0.019871,0.019829,0.042,-0.01417,0.04672,-0.01297,0.01018
57.0601,0.019596,0.019568,0.028,-0.01335,0.03495,-0.01257,0.02002
57.0801,0.019335,0.019311,0.024,-0.01277,0.02399,-0.01200,0.02831
57.1001,0.019084,0.019067,0.017,-0.01239,0.01436,-0.01187,0.00657
57.1201,0.018838,0.018831,0.008,-0.01218,0.00655,-0.01203,-0.00793
57.1401,0.018596,0.018591,0.005,-0.01211,0.00095,-0.01198,0.00273
57.1601,0.018353,0.018350,0.004,-0.01213,-0.00211,-0.01202,-0.00194
57.1801,0.018110,0.018108,0.002,-0.01218,-0.00243,-0.01210,-0.00441
57.2001,0.017867,0.017873,-0.007,-0.01220,0.00012,-0.01254,-0.02171
57.2201,0.017623,0.017626,-0.003,-0.01215,0.00553,-0.01221,0.01620
57.2401,0.017381,0.017381,-0.000,-0.01196,0.01370,-0.01193,0.01409
57.2601,0.017146,0.017135,0.011,-0.01159,0.02440,-0.01111,0.04096
57.2801,0.016920,0.016904,0.016,-0.01097,0.03731,-0.01039,0.03613
57.3001,0.016709,0.016681,0.028,-0.01008,0.05201,-0.00900,0.06972
57.3201,0.016518,0.016478,0.041,-0.00888,0.06799,-0.00737,0.08153
57.3401,0.016355,0.016302,0.053,-0.00736,0.08468,-0.00542,0.09716
57.3601,0.016226,0.016161,0.065,-0.00549,0.10145,-0.00315,0.11372
57.3801,0.016138,0.016063,0.075,-0.00330,0.11760,-0.00065,0.12479
57.4001,0.016096,0.016009,0.087,-0.00080,0.13250,0.00229,0.14716
57.4201,0.016108,0.016008,0.100,0.00198,0.14545,0.00552,0.16168
57.4401,0.016177,0.016040,0.137,0.00500,0.15580,0.01005,0.22639
57.4601,0.016309,0.016150,0.159,0.00819,0.16296,0.01384,0.18944
57.4800,0.016505,0.016353,0.153,0.01149,0.16640,0.01661,0.13869
57.5001,0.016769,0.016652,0.117,0.01483,0.16566,0.01843,0.09072
57.5201,0.017098,0.016971,0.127,0.01809,0.16042,0.02253,0.20516
57.5401,0.017491,0.017353,0.139,0.02121,0.15042,0.02606,0.17623
57.5601,0.017944,0.017815,0.129,0.02407,0.13561,0.02837,0.11565
57.5801,0.018453,0.018345,0.107,0.02660,0.11595,0.03001,0.08211
57.6001,0.019006,0.018921,0.085,0.02868,0.09173,0.03133,0.06568
57.6201,0.019596,0.019528,0.068,0.03024,0.06318,0.03236,0.05162
57.6401,0.020211,0.020163,0.048,0.03118,0.03077,0.03262,0.01286
57.6601,0.020838,0.020810,0.029,0.03145,-0.00489,0.03222,-0.01986
57.6801,0.021464,0.021463,0.001,0.03097,-0.04312,0.03068,-0.07674
57.7001,0.022072,0.022104,-0.032,0.02971,-0.08309,0.02827,-0.12085
57.7201,0.022647,0.022707,-0.060,0.02764,-0.12392,0.02529,-0.14884
57.7401,0.023172,0.023265,-0.093,0.02476,-0.16463,0.02124,-0.20253
57.7601,0.023632,0.023760,-0.128,0.02106,-0.20423,0.01632,-0.24597
57.7801,0.024010,0.024171,-0.161,0.01660,-0.24170,0.01076,-0.27775
57.8001,0.024291,0.024478,-0.187,0.01142,-0.27595,0.00476,-0.30019
57.8201,0.024462,0.024677,-0.214,0.00559,-0.30607,-0.00199,-0.33779
57.8401,0.024511,0.024752,-0.241,-0.00080,-0.33108,-0.00927,-0.36363
57.8601,0.024428,0.024716,-0.289,-0.00762,-0.35014,-0.01795,-0.43436
57.8801,0.024204,0.024529,-0.324,-0.01475,-0.36251,-0.02618,-0.41124
57.9001,0.023836,0.024161,-0.325,-0.02206,-0.36759,-0.03312,-0.34684
57.9201,0.023322,0.023629,-0.308,-0.02940,-0.36490,-0.03967,-0.32782
57.9401,0.022661,0.022949,-0.288,-0.03661,-0.35415,-0.04620,-0.32652
57.9601,0.021856,0.022095,-0.239,-0.04354,-0.33514,-0.05110,-0.24488
57.9801,0.020924,0.021208,-0.284,-0.04996,-0.30818,-0.06011,-0.45065
58.0001,0.019865,0.020162,-0.297,-0.05579,-0.27326,-0.06602,-0.29550
58.0201,0.018698,0.018947,-0.250,-0.06084,-0.23092,-0.06881,-0.13930
58.0401,0.017438,0.017605,-0.167,-0.06498,-0.18177,-0.06975,-0.04706
58.0601,0.016106,0.016223,-0.117,-0.06807,-0.12663,-0.07150,-0.08768
58.0801,0.014722,0.014816,-0.094,-0.07001,-0.06641,-0.07294,-0.07162
58.1001,0.013310,0.013297,0.013,-0.07070,-0.00219,-0.06908,0.19304
58.1201,0.011902,0.011910,-0.008,-0.07008,0.06455,-0.07060,-0.07631
58.1401,0.010518,0.010528,-0.010,-0.06811,0.13275,-0.06846,0.10699
58.1601,0.009187,0.009119,0.068,-0.06477,0.20097,-0.06162,0.34196
58.1801,0.007936,0.007759,0.177,-0.06008,0.26774,-0.05286,0.43804
58.2001,0.006792,0.006540,0.252,-0.05408,0.33166,-0.04470,0.40801
58.2201,0.005781,0.005499,0.282,-0.04685,0.39129,-0.03692,0.38918
58.2401,0.004926,0.004627,0.299,-0.03847,0.44531,-0.02810,0.44110
58.2601,0.004249,0.003903,0.346,-0.02908,0.49247,-0.01680,0.56471
58.2801,0.003769,0.003358,0.410,-0.01882,0.53160,-0.00417,0.63160
58.3001,0.003501,0.003033,0.468,-0.00787,0.56174,0.00866,0.64132
58.3201,0.003457,0.002962,0.495,0.00358,0.58205,0.02071,0.60275
58.3401,0.003646,0.003110,0.536,0.01534,0.59192,0.03404,0.66619
58.3601,0.004071,0.003520,0.551,0.02718,0.59094,0.04607,0.60196
58.3801,0.004733,0.004198,0.535,0.03890,0.57891,0.05691,0.54171
58.4001,0.005624,0.005125,0.500,0.05026,0.55590,0.06686,0.49780
58.4201,0.006739,0.006272,0.467,0.06106,0.52215,0.07656,0.48485
58.4401,0.008062,0.007626,0.436,0.07108,0.47817,0.08558,0.45109
58.4601,0.009576,0.009174,0.402,0.08013,0.42472,0.09344,0.39288
58.4801,0.011260,0.010908,0.352,0.08802,0.36275,0.09941,0.29857
58.5001,0.013087,0.012801,0.286,0.09459,0.29342,0.10358,0.20813
58.5201,0.015033,0.014811,0.222,0.09971,0.21795,0.10654,0.14841
58.5401,0.017069,0.017007,0.062,0.10328,0.13771,0.10364,-0.14537
58.5601,0.019154,0.019031,0.123,0.10520,0.05464,0.11004,0.32037
58.5801,0.021264,0.021121,0.143,0.10545,-0.02999,0.11053,0.02457
58.6001,0.023359,0.023329,0.031,0.10401,-0.11426,0.10382,-0.33596
58.6201,0.025412,0.025534,-0.122,0.10089,-0.19668,0.09508,-0.43671
58.6401,0.027386,0.027598,-0.213,0.09616,-0.27541,0.08793,-0.35735
58.6601,0.029249,0.029484,-0.235,0.08991,-0.34889,0.08166,-0.31349
58.6801,0.030973,0.031226,-0.254,0.08225,-0.41560,0.07342,-0.41219
58.7001,0.032530,0.032841,-0.311,0.07334,-0.47416,0.06216,-0.56300
58.7201,0.033898,0.034294,-0.396,0.06336,-0.52334,0.04895,-0.66063
58.7401,0.035062,0.035582,-0.520,0.05244,-0.56232,0.03340,-0.77715
58.7601,0.035993,0.036504,-0.511,0.04094,-0.58984,0.02366,-0.48746
58.7801,0.036693,0.037195,-0.503,0.02897,-0.60571,0.01198,-0.58397
58.8001,0.037150,0.037646,-0.495,0.01680,-0.60949,0.00004,-0.59672
58.8201,0.037365,0.037874,-0.509,0.00467,-0.60109,-0.01278,-0.64131
58.8401,0.037339,0.037873,-0.534,-0.00717,-0.58070,-0.02560,-0.64077
58.8601,0.037082,0.037632,-0.551,-0.01848,-0.54875,-0.03739,-0.58937
58.8801,0.036605,0.037123,-0.518,-0.02905,-0.50590,-0.04631,-0.44589
58.9001,0.035926,0.036370,-0.444,-0.03865,-0.45309,-0.05294,-0.33186
58.9201,0.035067,0.035426,-0.359,-0.04711,-0.39145,-0.05840,-0.27281
58.9401,0.034050,0.034347,-0.297,-0.05426,-0.32221,-0.06369,-0.26455
58.9601,0.032905,0.033159,-0.255,-0.05996,-0.24695,-0.06815,-0.22296
58.9801,0.031661,0.031866,-0.205,-0.06411,-0.16721,-0.07054,-0.11936
59.0001,0.030351,0.030488,-0.136,-0.06663,-0.08473,-0.07051,0.00118
59.0202,0.028998,0.029001,-0.003,-0.06749,-0.00063,-0.06615,0.21827
59.0401,0.027663,0.027662,0.000,-0.06669,0.08159,-0.06663,-0.02406
59.0601,0.026351,0.026339,0.012,-0.06425,0.16189,-0.06370,0.14622
59.0801,0.025103,0.024946,0.157,-0.06024,0.23805,-0.05331,0.51971
59.1001,0.023951,0.023743,0.208,-0.05476,0.30838,-0.04715,0.30823
59.1201,0.022922,0.022678,0.243,-0.04795,0.37152,-0.03929,0.39295
59.1401,0.022041,0.021754,0.286,-0.03996,0.42613,-0.02976,0.47628
59.1601,0.021330,0.020983,0.347,-0.03097,0.47108,-0.01852,0.56197
59.1801,0.020807,0.020402,0.406,-0.02119,0.50548,-0.00675,0.58879
59.2001,0.020486,0.020039,0.447,-0.01082,0.52869,0.00483,0.57857
59.2201,0.020376,0.019922,0.454,-0.00012,0.54024,0.01541,0.52917
59.2401,0.020482,0.020005,0.477,0.01071,0.53998,0.02719,0.58911
59.2601,0.020804,0.020306,0.498,0.02141,0.52799,0.03857,0.56878
59.2801,0.021336,0.020850,0.486,0.03175,0.50462,0.04813,0.47825
59.3001,0.022070,0.021628,0.442,0.04152,0.47045,0.05607,0.39691
59.3201,0.022991,0.022605,0.386,0.05050,0.42629,0.06301,0.34704
59.3401,0.024083,0.023744,0.339,0.05851,0.37316,0.06953,0.32595
59.3601,0.025324,0.025024,0.300,0.06537,0.31227,0.07515,0.28117
59.3801,0.026690,0.026435,0.254,0.07096,0.24500,0.07910,0.19757
59.4001,0.028153,0.027958,0.195,0.07514,0.17285,0.08114,0.10171
59.4201,0.029686,0.029557,0.129,0.07785,0.09742,0.08151,0.01838
59.4401,0.031257,0.031186,0.070,0.07903,0.02037,0.08077,-0.03686
59.4601,0.032836,0.032818,0.018,0.07866,-0.05663,0.07871,-0.10321
59.4801,0.034393,0.034432,-0.039,0.07677,-0.13192,0.07483,-0.19398
59.5001,0.035897,0.035998,-0.101,0.07341,-0.20390,0.06929,-0.27655
59.5201,0.037320,0.037482,-0.161,0.06865,-0.27104,0.06249,-0.33999
59.5401,0.038635,0.038917,-0.282,0.06261,-0.33192,0.05169,-0.54047
59.5601,0.039817,0.040092,-0.275,0.05542,-0.38528,0.04615,-0.27688
59.5801,0.040845,0.041124,-0.279,0.04725,-0.43007,0.03771,-0.42180
59.6001,0.041702,0.042026,-0.324,0.03828,-0.46538,0.02676,-0.54742
59.6201,0.042372,0.042762,-0.390,0.02871,-0.49054,0.01474,-0.60135
59.6401,0.042847,0.043286,-0.439,0.01873,-0.50514,0.00327,-0.57310
59.6601,0.043121,0.043581,-0.460,0.00857,-0.50895,-0.00730,-0.52880
59.6801,0.043190,0.043632,-0.441,-0.00156,-0.50201,-0.01636,-0.45271
59.7001,0.043060,0.043505,-0.445,-0.01144,-0.48458,-0.02660,-0.51204
59.7201,0.042736,0.043174,-0.438,-0.02087,-0.45715,-0.03570,-0.45523
59.7401,0.042230,0.042634,-0.404,-0.02966,-0.42044,-0.04304,-0.36696
59.7601,0.041555,0.041906,-0.351,-0.03763,-0.37532,-0.04896,-0.29606
59.7801,0.040730,0.040979,-0.250,-0.04463,-0.32279,-0.05201,-0.15263
59.8001,0.039778,0.040035,-0.258,-0.05050,-0.26428,-0.05936,-0.36705
59.8201,0.038719,0.038979,-0.260,-0.05516,-0.20089,-0.06402,-0.23348
59.8401,0.037580,0.037773,-0.193,-0.05852,-0.13416,-0.06432,-0.01486
59.8601,0.036387,0.036485,-0.098,-0.06052,-0.06541,-0.06279,0.07657
59.8801,0.035169,0.035198,-0.029,-0.06113,0.00368,-0.06135,0.07211
59.9001,0.033952,0.033943,0.009,-0.06037,0.07182,-0.05966,0.08429
59.9201,0.032763,0.032722,0.040,-0.05827,0.13753,-0.05655,0.15542
59.9401,0.031629,0.031535,0.095,-0.05490,0.19940,-0.05108,0.27380
59.9601,0.030575,0.030417,0.158,-0.05033,0.25630,-0.04425,0.34130
59.9801,0.029623,0.029411,0.212,-0.04469,0.30707,-0.03690,0.36749
60.0001,0.028794,0.028541,0.253,-0.03810,0.35074,-0.02905,0.39264
60.0201,0.028105,0.027821,0.283,-0.03071,0.38658,-0.02075,0.41482
60.0401,0.027569,0.027261,0.308,-0.02269,0.41399,-0.01193,0.44094
60.0601,0.027200,0.026848,0.351,-0.01420,0.43256,-0.00179,0.50745
60.0801,0.027003,0.026633,0.370,-0.00544,0.44210,0.00732,0.45548
60.1001,0.026983,0.026605,0.378,0.00342,0.44262,0.01636,0.45188
60.1201,0.027139,0.026750,0.389,0.01221,0.43433,0.02557,0.46037
60.1401,0.027469,0.027086,0.383,0.02074,0.41763,0.03368,0.40542
60.1601,0.027966,0.027607,0.359,0.02886,0.39310,0.04080,0.35600
60.1801,0.028620,0.028296,0.324,0.03642,0.36141,0.04707,0.31346
60.2001,0.029418,0.029082,0.335,0.04327,0.32351,0.05479,0.38593
60.2201,0.030345,0.030095,0.250,0.04932,0.28030,0.05689,0.10504
60.2401,0.031384,0.031146,0.237,0.05445,0.23291,0.06238,0.27451
60.2601,0.032517,0.032364,0.152,0.05861,0.18236,0.06287,0.02443
60.2801,0.033722,0.033619,0.103,0.06174,0.12991,0.06468,0.09061
60.3001,0.034979,0.034821,0.158,0.06380,0.07668,0.06979,0.25559
60.3202,0.036274,0.036203,0.071,0.06481,0.02353,0.06628,-0.17537
60.3401,0.037563,0.037529,0.034,0.06477,-0.02752,0.06550,-0.03919
60.3601,0.038850,0.038851,-0.001,0.06372,-0.07643,0.06328,-0.11069
60.3801,0.040106,0.040158,-0.052,0.06173,-0.12194,0.05942,-0.19328
60.4001,0.041314,0.041414,-0.100,0.05887,-0.16324,0.05495,-0.22361
60.4201,0.042458,0.042647,-0.189,0.05523,-0.19965,0.04782,-0.35624
60.4401,0.043518,0.043680,-0.162,0.05093,-0.23049,0.04572,-0.10524
60.4601,0.044489,0.044626,-0.137,0.04605,-0.25556,0.04168,-0.20201
60.4801,0.045358,0.045568,-0.210,0.04074,-0.27457,0.03281,-0.44351
60.5001,0.046117,0.046347,-0.230,0.03511,-0.28739,0.02705,-0.28761
60.5201,0.046762,0.047022,-0.261,0.02928,-0.29413,0.02008,-0.34873
60.5401,0.047288,0.047519,-0.231,0.02338,-0.29499,0.01584,-0.21205
60.5601,0.047697,0.047919,-0.222,0.01752,-0.29031,0.01006,-0.28881
60.5801,0.047990,0.048218,-0.228,0.01180,-0.28055,0.00399,-0.30342
60.6001,0.048171,0.048392,-0.222,0.00633,-0.26632,-0.00113,-0.25641
60.6201,0.048245,0.048453,-0.208,0.00118,-0.24824,-0.00575,-0.23093
60.6401,0.048220,0.048436,-0.216,-0.00358,-0.22703,-0.01099,-0.26170
60.6601,0.048105,0.048306,-0.201,-0.00790,-0.20336,-0.01458,-0.17962
60.6801,0.047908,0.048080,-0.172,-0.01171,-0.17821,-0.01721,-0.13165
60.7001,0.047640,0.047804,-0.164,-0.01501,-0.15217,-0.02053,-0.16562
60.7201,0.047311,0.047431,-0.119,-0.01779,-0.12607,-0.02136,-0.04153
60.7401,0.046932,0.047037,-0.105,-0.02006,-0.10059,-0.02346,-0.10525
60.7601,0.046512,0.046580,-0.067,-0.02182,-0.07634,-0.02370,-0.01190
60.7801,0.046062,0.046105,-0.043,-0.02312,-0.05392,-0.02432,-0.03112
60.8001,0.045591,0.045655,-0.065,-0.02399,-0.03380,-0.02644,-0.10576
60.8201,0.045105,0.045161,-0.056,-0.02449,-0.01631,-0.02628,0.00799
60.8401,0.044613,0.044629,-0.016,-0.02467,-0.00172,-0.02477,0.07551
60.8601,0.044120,0.044079,0.041,-0.02458,0.00982,-0.02256,0.11050
60.8801,0.043631,0.043613,0.017,-0.02429,0.01831,-0.02397,-0.07069
60.9001,0.043149,0.043162,-0.013,-0.02387,0.02382,-0.02465,-0.03401
60.9200,0.042678,0.042680,-0.002,-0.02336,0.02654,-0.02332,0.06647
60.9401,0.042215,0.042163,0.052,-0.02282,0.02678,-0.02044,0.14392
60.9601,0.041764,0.041728,0.036,-0.02230,0.02489,-0.02127,-0.04110
60.9801,0.041322,0.041298,0.024,-0.02184,0.02133,-0.02114,0.00607
61.0001,0.040890,0.040873,0.017,-0.02146,0.01660,-0.02098,0.00842
61.0201,0.040463,0.040449,0.015,-0.02118,0.01121,-0.02069,0.01406
61.0401,0.040042,0.040048,-0.006,-0.02101,0.00572,-0.02146,-0.03818
61.0601,0.039622,0.039614,0.008,-0.02095,0.00067,-0.02051,0.04763
61.0801,0.039204,0.039185,0.018,-0.02098,-0.00341,-0.02024,0.01322
61.1001,0.038783,0.038800,-0.018,-0.02107,-0.00605,-0.02207,-0.09135
61.1201,0.038360,0.038369,-0.009,-0.02121,-0.00683,-0.02142,0.03263
61.1401,0.037935,0.037949,-0.014,-0.02133,-0.00541,-0.02186,-0.02204
61.1601,0.037507,0.037501,0.006,-0.02141,-0.00151,-0.02098,0.04375
61.1801,0.037079,0.037086,-0.007,-0.02138,0.00501,-0.02176,-0.03888
61.2001,0.036654,0.036667,-0.013,-0.02119,0.01423,-0.02170,0.00294
61.2201,0.036233,0.036225,0.008,-0.02079,0.02609,-0.02028,0.07098
61.2401,0.035824,0.035799,0.024,-0.02013,0.04043,-0.01913,0.05758
61.2601,0.035430,0.035399,0.032,-0.01916,0.05698,-0.01800,0.05660
61.2801,0.035060,0.035019,0.041,-0.01784,0.07537,-0.01634,0.08277
61.3001,0.034719,0.034668,0.052,-0.01613,0.09513,-0.01426,0.10394
61.3201,0.034417,0.034346,0.071,-0.01402,0.11572,-0.01139,0.14368
61.3401,0.034161,0.034069,0.093,-0.01150,0.13651,-0.00811,0.16369
61.3601,0.033960,0.033857,0.103,-0.00857,0.15686,-0.00496,0.15764
61.3801,0.033821,0.033706,0.115,-0.00523,0.17607,-0.00121,0.18782
61.4001,0.033753,0.033620,0.133,-0.00153,0.19342,0.00317,0.21863
61.4201,0.033762,0.033615,0.147,0.00249,0.20822,0.00764,0.22342
61.4401,0.033854,0.033661,0.193,0.00677,0.21981,0.01382,0.30936
61.4601,0.034034,0.033829,0.205,0.01126,0.22757,0.01837,0.22754
61.4801,0.034305,0.034098,0.207,0.01585,0.23097,0.02288,0.22552
61.5001,0.034668,0.034471,0.197,0.02046,0.22955,0.02706,0.20873
61.5201,0.035123,0.034965,0.158,0.02499,0.22299,0.02993,0.14348
61.5401,0.035667,0.035487,0.179,0.02934,0.21105,0.03568,0.28771
61.5601,0.036295,0.036136,0.159,0.03340,0.19365,0.03858,0.14469
61.5801,0.037001,0.036861,0.140,0.03706,0.17081,0.04162,0.15231
61.6001,0.037773,0.037644,0.129,0.04020,0.14284,0.04447,0.14217
61.6201,0.038604,0.038490,0.114,0.04274,0.10996,0.04644,0.09879
61.6401,0.039478,0.039390,0.088,0.04457,0.07272,0.04727,0.04132
61.6601,0.040381,0.040327,0.055,0.04562,0.03172,0.04711,-0.00801
61.6801,0.041297,0.041229,0.068,0.04582,-0.01228,0.04827,0.05803
61.7001,0.042207,0.042180,0.027,0.04511,-0.05846,0.04560,-0.13345
61.7201,0.043095,0.043189,-0.094,0.04347,-0.10587,0.03895,-0.33260
61.7401,0.043940,0.044050,-0.110,0.04088,-0.15349,0.03697,-0.09900
61.7601,0.044724,0.044818,-0.095,0.03734,-0.20027,0.03427,-0.13481
61.7801,0.045427,0.045549,-0.122,0.03288,-0.24511,0.02846,-0.29078
61.8001,0.046033,0.046222,-0.190,0.02755,-0.28696,0.02035,-0.40523
61.8201,0.046524,0.046775,-0.251,0.02143,-0.32477,0.01222,-0.40637
61.8401,0.046885,0.047168,-0.283,0.01460,-0.35754,0.00462,-0.38012
61.8601,0.047104,0.047392,-0.289,0.00717,-0.38436,-0.00271,-0.36652
61.8801,0.047169,0.047471,-0.302,-0.00073,-0.40444,-0.01117,-0.42281
61.9001,0.047072,0.047425,-0.353,-0.00896,-0.41711,-0.02150,-0.51689
61.9201,0.046809,0.047196,-0.387,-0.01737,-0.42185,-0.03092,-0.47078
61.9401,0.046377,0.046765,-0.388,-0.02578,-0.41830,-0.03897,-0.40248
61.9601,0.045779,0.046132,-0.353,-0.03404,-0.40628,-0.04567,-0.33510
61.9801,0.045018,0.045337,-0.320,-0.04198,-0.38580,-0.05248,-0.34054
62.0001,0.044102,0.044403,-0.301,-0.04943,-0.35706,-0.05946,-0.34912
62.0201,0.043046,0.043334,-0.288,-0.05621,-0.32052,-0.06585,-0.31936
62.0401,0.041860,0.042127,-0.266,-0.06219,-0.27666,-0.07101,-0.25807
62.0601,0.040563,0.040714,-0.151,-0.06723,-0.22625,-0.07110,-0.00435
62.0801,0.039178,0.039359,-0.181,-0.07121,-0.17029,-0.07771,-0.33051
62.1001,0.037722,0.037843,-0.121,-0.07401,-0.10976,-0.07746,0.01259
62.1201,0.036226,0.036363,-0.137,-0.07557,-0.04599,-0.08041,-0.14787
62.1401,0.034708,0.034794,-0.086,-0.07584,0.01995,-0.07821,0.11039
62.1601,0.033201,0.033189,0.012,-0.07478,0.08642,-0.07329,0.24609
62.1801,0.031727,0.031633,0.094,-0.07239,0.15224,-0.06830,0.24939
62.2001,0.030314,0.030179,0.136,-0.06870,0.21584,-0.06362,0.23377
62.2201,0.028988,0.028828,0.160,-0.06378,0.27593,-0.05809,0.27679
62.2401,0.027771,0.027569,0.202,-0.05770,0.33112,-0.05038,0.38530
62.2601,0.026686,0.026423,0.264,-0.05057,0.38016,-0.04092,0.47314
62.2801,0.025754,0.025432,0.322,-0.04254,0.42187,-0.03096,0.49805
62.3001,0.024990,0.024629,0.361,-0.03375,0.45529,-0.02104,0.49565
62.3201,0.024408,0.024023,0.385,-0.02439,0.47957,-0.01104,0.49996
62.3401,0.024017,0.023621,0.396,-0.01463,0.49407,-0.00103,0.50048
62.3601,0.023824,0.023418,0.406,-0.00470,0.49835,0.00921,0.51219
62.3801,0.023829,0.023413,0.416,0.00523,0.49219,0.01949,0.51408
62.4001,0.024031,0.023583,0.449,0.01492,0.47559,0.03053,0.55194
62.4201,0.024423,0.023977,0.446,0.02419,0.44880,0.03933,0.43987
62.4401,0.024994,0.024592,0.402,0.03281,0.41230,0.04601,0.33434
62.4601,0.025730,0.025394,0.336,0.04062,0.36675,0.05130,0.26451
62.4801,0.026612,0.026332,0.281,0.04743,0.31307,0.05637,0.25320
62.5001,0.027620,0.027376,0.243,0.05309,0.25233,0.06096,0.22956
62.5201,0.028728,0.028522,0.205,0.05748,0.18578,0.06405,0.15442
62.5401,0.029910,0.029759,0.151,0.06049,0.11484,0.06503,0.04906
62.5601,0.031138,0.031048,0.089,0.06206,0.04099,0.06442,-0.03041
62.5801,0.032382,0.032350,0.032,0.06212,-0.03420,0.06258,-0.09205
62.6001,0.033613,0.033637,-0.024,0.06069,-0.10905,0.05926,-0.16603
62.6201,0.034801,0.034938,-0.137,0.05777,-0.18198,0.05186,-0.37020
62.6401,0.035916,0.036116,-0.200,0.05343,-0.25137,0.04596,-0.29486
62.6601,0.036929,0.037137,-0.208,0.04775,-0.31550,0.04060,-0.26805
62.6801,0.037817,0.037998,-0.181,0.04086,-0.37310,0.03498,-0.28071
62.7001,0.038556,0.038794,-0.238,0.03289,-0.42283,0.02417,-0.54073
62.7201,0.039126,0.039476,-0.350,0.02401,-0.46351,0.01089,-0.66393
62.7401,0.039512,0.039968,-0.456,0.01440,-0.49421,-0.00228,-0.65848
62.7601,0.039699,0.040170,-0.471,0.00431,-0.51407,-0.01186,-0.47919
62.7801,0.039682,0.040145,-0.464,-0.00607,-0.52267,-0.02175,-0.49436
62.8001,0.039456,0.039911,-0.455,-0.01651,-0.51968,-0.03191,-0.50783
62.8201,0.039023,0.039468,-0.445,-0.02678,-0.50507,-0.04181,-0.49494
62.8401,0.038387,0.038821,-0.433,-0.03664,-0.47907,-0.05124,-0.47191
62.8601,0.037561,0.037970,-0.409,-0.04587,-0.44214,-0.05949,-0.41220
62.8801,0.036558,0.036873,-0.316,-0.05426,-0.39498,-0.06399,-0.22489
62.9001,0.035397,0.035728,-0.331,-0.06161,-0.33856,-0.07305,-0.45295
62.9201,0.034100,0.034356,-0.255,-0.06775,-0.27399,-0.07560,-0.12753
62.9401,0.032694,0.032878,-0.185,-0.07254,-0.20258,-0.07803,-0.12191
62.9601,0.031206,0.031350,-0.144,-0.07583,-0.12586,-0.08029,-0.11261
62.9801,0.029671,0.029775,-0.105,-0.07755,-0.04557,-0.08067,-0.01910
63.0001,0.028118,0.028162,-0.044,-0.07764,0.03668,-0.07845,0.11100
63.0201,0.026579,0.026551,0.028,-0.07608,0.11925,-0.07436,0.20462
63.0401,0.025084,0.024988,0.097,-0.07287,0.20048,-0.06882,0.27684
63.0601,0.023675,0.023584,0.091,-0.06809,0.27821,-0.06504,0.18875
63.0801,0.022371,0.022154,0.217,-0.06177,0.35132,-0.05302,0.60134
63.1001,0.021213,0.020932,0.281,-0.05409,0.41768,-0.04382,0.46002
63.1201,0.020219,0.019865,0.354,-0.04513,0.47626,-0.03231,0.57539
63.1401,0.019415,0.019008,0.407,-0.03509,0.52567,-0.02068,0.58154
63.1601,0.018821,0.018343,0.478,-0.02417,0.56480,-0.00714,0.67674
63.1801,0.018452,0.017963,0.489,-0.01258,0.59281,0.00417,0.56570
63.2001,0.018321,0.017814,0.507,-0.00053,0.60906,0.01688,0.63557
63.2201,0.018433,0.017889,0.543,0.01173,0.61317,0.03061,0.68619
63.2401,0.018789,0.018219,0.571,0.02393,0.60501,0.04363,0.65127
63.2601,0.019387,0.018825,0.562,0.03583,0.58476,0.05483,0.56017
63.2801,0.020218,0.019651,0.566,0.04722,0.55280,0.06653,0.58464
63.3001,0.021270,0.020753,0.517,0.05786,0.50975,0.07491,0.41891
63.3201,0.022527,0.022170,0.357,0.06755,0.45642,0.07794,0.15148
63.3401,0.023965,0.023686,0.279,0.07606,0.39403,0.08469,0.33792
63.3601,0.025560,0.025184,0.376,0.08325,0.32382,0.09710,0.62017
63.3801,0.027285,0.026989,0.296,0.08897,0.24710,0.09816,0.05303
63.4001,0.029108,0.028838,0.270,0.09310,0.16563,0.10199,0.19179
63.4201,0.030997,0.030822,0.175,0.09557,0.08092,0.10048,-0.07547
63.4401,0.032922,0.032963,-0.042,0.09633,-0.00540,0.09252,-0.39813
63.4601,0.034839,0.034873,-0.034,0.09536,-0.09123,0.09429,0.08821
63.4801,0.036726,0.036828,-0.102,0.09269,-0.17536,0.08849,-0.28986
63.5001,0.038535,0.038615,-0.080,0.08838,-0.25552,0.08589,-0.12983
63.5201,0.040247,0.040376,-0.128,0.08251,-0.33064,0.07761,-0.41409
63.5401,0.041826,0.042080,-0.254,0.07520,-0.39905,0.06519,-0.62110
63.5601,0.043246,0.043618,-0.372,0.06660,-0.45950,0.05264,-0.62742
63.5801,0.044483,0.044917,-0.435,0.05688,-0.51084,0.04141,-0.56131
63.6001,0.045518,0.046013,-0.495,0.04620,-0.55226,0.02871,-0.63526
63.6201,0.046327,0.046781,-0.454,0.03487,-0.58272,0.01988,-0.44141
63.6401,0.046907,0.047355,-0.449,0.02300,-0.60209,0.00780,-0.60388
63.6601,0.047245,0.047730,-0.485,0.01086,-0.61000,-0.00603,-0.69143
63.6801,0.047341,0.047879,-0.538,-0.00132,-0.60648,-0.02022,-0.70969
63.7001,0.047194,0.047785,-0.592,-0.01333,-0.59177,-0.03403,-0.69054
63.7201,0.046810,0.047397,-0.586,-0.02492,-0.56634,-0.04480,-0.53838
63.7401,0.046201,0.046720,-0.520,-0.03591,-0.53088,-0.05285,-0.40247
63.7601,0.045378,0.045759,-0.381,-0.04611,-0.48625,-0.05754,-0.23450
63.7801,0.044361,0.044683,-0.322,-0.05533,-0.43353,-0.06562,-0.40437
63.8001,0.043173,0.043512,-0.339,-0.06340,-0.37406,-0.07513,-0.47517
63.8201,0.041835,0.042179,-0.344,-0.07024,-0.30903,-0.08200,-0.34370
63.8401,0.040372,0.040658,-0.286,-0.07574,-0.23989,-0.08481,-0.14064
63.8601,0.038815,0.039084,-0.269,-0.07982,-0.16818,-0.08877,-0.19758
63.8801,0.037189,0.037277,-0.088,-0.08246,-0.09529,-0.08346,0.26538
63.9001,0.035526,0.035503,0.023,-0.08363,-0.02282,-0.08164,0.09109
63.9201,0.033853,0.033840,0.013,-0.08338,0.04780,-0.08304,-0.07028
63.9401,0.032199,0.032201,-0.002,-0.08174,0.11522,-0.08199,0.05279
63.9601,0.030592,0.030544,0.048,-0.07880,0.17809,-0.07660,0.26924
63.9801,0.029055,0.028910,0.144,-0.07466,0.23536,-0.06869,0.39553
64.0001,0.027612,0.027391,0.221,-0.06943,0.28598,-0.06107,0.38097
64.0201,0.026285,0.026032,0.253,-0.06327,0.32906,-0.05434,0.33677
64.0401,0.025088,0.024831,0.257,-0.05633,0.36407,-0.04755,0.33926
64.0601,0.024035,0.023763,0.272,-0.04876,0.39054,-0.03935,0.41016
64.0801,0.023140,0.022833,0.307,-0.04076,0.40818,-0.02996,0.46934
64.1001,0.022407,0.022062,0.345,-0.03250,0.41697,-0.02035,0.48051
64.1201,0.021840,0.021479,0.361,-0.02414,0.41706,-0.01167,0.43403
64.1401,0.021441,0.021090,0.351,-0.01587,0.40877,-0.00406,0.38039
64.1601,0.021204,0.020879,0.325,-0.00785,0.39263,0.00291,0.34879
64.1801,0.021124,0.020819,0.305,-0.00022,0.36928,0.00992,0.35035
64.2001,0.021192,0.020876,0.315,0.00688,0.33955,0.01773,0.39044
64.2201,0.021395,0.021084,0.312,0.01333,0.30433,0.02388,0.30767
64.2401,0.021720,0.021447,0.274,0.01903,0.26468,0.02791,0.20127
64.2601,0.022151,0.021937,0.214,0.02390,0.22162,0.03050,0.12968
64.2801,0.022670,0.022474,0.196,0.02788,0.17631,0.03435,0.19244
64.3001,0.023259,0.023098,0.162,0.03094,0.12982,0.03605,0.08524
64.3201,0.023901,0.023794,0.107,0.03307,0.08325,0.03610,0.00222
64.3401,0.024577,0.024553,0.024,0.03428,0.03760,0.03419,-0.09563
64.3601,0.025266,0.025239,0.027,0.03459,-0.00596,0.03553,0.06735
64.3801,0.025954,0.025963,-0.009,0.03406,-0.04671,0.03337,-0.10795
64.4001,0.026624,0.026666,-0.042,0.03274,-0.08385,0.03095,-0.12116
64.4201,0.027259,0.027324,-0.065,0.03073,-0.11659,0.02827,-0.13412
64.4401,0.027849,0.027936,-0.087,0.02811,-0.14456,0.02491,-0.16784
64.4601,0.028380,0.028466,-0.086,0.02499,-0.16730,0.02209,-0.14109
64.4801,0.028845,0.028971,-0.125,0.02145,-0.18465,0.01675,-0.26705
64.5001,0.029236,0.029384,-0.148,0.01764,-0.19647,0.01238,-0.21862
64.5201,0.029550,0.029716,-0.166,0.01363,-0.20288,0.00778,-0.22969
64.5401,0.029781,0.029939,-0.157,0.00956,-0.20405,0.00430,-0.17426
64.5601,0.029932,0.030085,-0.153,0.00550,-0.20033,0.00034,-0.19797
64.5801,0.030002,0.030156,-0.153,0.00157,-0.19220,-0.00365,-0.19930
64.6001,0.029996,0.030149,-0.153,-0.00216,-0.18018,-0.00736,-0.18540
64.6201,0.029918,0.030087,-0.170,-0.00561,-0.16492,-0.01156,-0.21008
64.6401,0.029774,0.029940,-0.167,-0.00874,-0.14708,-0.01437,-0.14084
64.6601,0.029571,0.029706,-0.135,-0.01148,-0.12742,-0.01573,-0.06767
64.6801,0.029317,0.029401,-0.084,-0.01383,-0.10664,-0.01613,-0.02034
64.7001,0.029020,0.029085,-0.065,-0.01575,-0.08552,-0.01773,-0.07964
64.7201,0.028690,0.028779,-0.089,-0.01725,-0.06476,-0.02056,-0.14144
64.7401,0.028333,0.028414,-0.080,-0.01834,-0.04498,-0.02098,-0.02111
64.7601,0.027958,0.027977,-0.018,-0.01906,-0.02679,-0.01900,0.09914
64.7801,0.027573,0.027563,0.011,-0.01943,-0.01073,-0.01875,0.01213
64.8001,0.027183,0.027185,-0.002,-0.01951,0.00283,-0.01973,-0.04862
64.8201,0.026795,0.026830,-0.035,-0.01934,0.01353,-0.02088,-0.05784
64.8401,0.026411,0.026430,-0.019,-0.01898,0.02121,-0.01944,0.07213
64.8601,0.026036,0.026012,0.024,-0.01851,0.02578,-0.01724,0.11022
64.8801,0.025671,0.025616,0.055,-0.01797,0.02726,-0.01574,0.07461
64.9001,0.025317,0.025295,0.022,-0.01744,0.02581,-0.01706,-0.06598
64.9201,0.024973,0.024964,0.009,-0.01696,0.02166,-0.01678,0.01408
64.9401,0.024638,0.024641,-0.002,-0.01659,0.01517,-0.01680,-0.00103
64.9601,0.024309,0.024301,0.008,-0.01637,0.00676,-0.01597,0.04147
64.9801,0.023982,0.023968,0.015,-0.01633,-0.00308,-0.01576,0.01067
65.0001,0.023654,0.023636,0.019,-0.01649,-0.01380,-0.01582,-0.00284
65.0202,0.023319,0.023320,-0.001,-0.01688,-0.02489,-0.01714,-0.06610
65.0401,0.022978,0.023000,-0.023,-0.01749,-0.03554,-0.01849,-0.06770
65.0601,0.022620,0.022652,-0.032,-0.01830,-0.04539,-0.01947,-0.04874
65.0801,0.022245,0.022275,-0.030,-0.01929,-0.05380,-0.02031,-0.04200
65.1001,0.021848,0.021882,-0.035,-0.02044,-0.06027,-0.02166,-0.06774
65.1201,0.021426,0.021470,-0.043,-0.02169,-0.06433,-0.02326,-0.07971
65.1401,0.020980,0.021052,-0.072,-0.02299,-0.06561,-0.02577,-0.12552
65.1601,0.020507,0.020576,-0.068,-0.02429,-0.06383,-0.02657,-0.04028
65.1801,0.020009,0.020025,-0.016,-0.02552,-0.05881,-0.02549,0.05413
65.2001,0.019487,0.019497,-0.010,-0.02662,-0.05047,-0.02689,-0.07026
65.2201,0.018945,0.018984,-0.039,-0.02752,-0.03885,-0.02915,-0.11294
65.2401,0.018388,0.018437,-0.048,-0.02815,-0.02413,-0.02991,-0.03768
65.2601,0.017821,0.017849,-0.028,-0.02846,-0.00652,-0.02918,0.03620
65.2801,0.017252,0.017254,-0.002,-0.02840,0.01353,-0.02818,0.05017
65.3001,0.016688,0.016673,0.015,-0.02791,0.03558,-0.02722,0.04790
65.3201,0.016138,0.016111,0.027,-0.02696,0.05909,-0.02590,0.06583
65.3401,0.015613,0.015574,0.038,-0.02554,0.08338,-0.02412,0.08906
65.3601,0.015120,0.015064,0.056,-0.02363,0.10781,-0.02152,0.13031
65.3801,0.014671,0.014590,0.081,-0.02123,0.13163,-0.01822,0.16463
65.4001,0.014274,0.014168,0.106,-0.01837,0.15411,-0.01448,0.18726
65.4201,0.013939,0.013822,0.117,-0.01508,0.17451,-0.01099,0.17466
65.4401,0.013673,0.013545,0.129,-0.01141,0.19213,-0.00691,0.20402
65.4601,0.013484,0.013340,0.144,-0.00742,0.20634,-0.00235,0.22762
65.4801,0.013378,0.013220,0.158,-0.00318,0.21654,0.00236,0.23554
65.5001,0.013358,0.013187,0.171,0.00121,0.22221,0.00718,0.24132
65.5201,0.013427,0.013224,0.203,0.00567,0.22298,0.01292,0.28689
65.5401,0.013585,0.013373,0.212,0.01009,0.21858,0.01740,0.22370
65.5601,0.013830,0.013639,0.191,0.01438,0.20885,0.02065,0.16260
65.5801,0.014158,0.013996,0.163,0.01842,0.19382,0.02364,0.14976
65.6001,0.014565,0.014416,0.148,0.02210,0.17360,0.02699,0.16749
65.6201,0.015039,0.014900,0.139,0.02533,0.14853,0.02996,0.14848
65.6401,0.015574,0.015451,0.123,0.02801,0.11893,0.03203,0.10319
65.6601,0.016155,0.016062,0.094,0.03006,0.08551,0.03292,0.04472
65.6801,0.016772,0.016706,0.065,0.03141,0.04881,0.03332,0.01977
65.7001,0.017406,0.017369,0.037,0.03200,0.00978,0.03296,-0.01782
65.7201,0.018046,0.018039,0.007,0.03179,-0.03087,0.03168,-0.06383
65.7401,0.018673,0.018692,-0.019,0.03076,-0.07206,0.02982,-0.09312
65.7601,0.019271,0.019320,-0.049,0.02891,-0.11281,0.02690,-0.14615
65.7801,0.019824,0.019908,-0.084,0.02626,-0.15210,0.02301,-0.19452
65.8001,0.020316,0.020434,-0.117,0.02284,-0.18889,0.01849,-0.22603
65.8201,0.020732,0.020860,-0.128,0.01873,-0.22212,0.01427,-0.21059
65.8401,0.021061,0.021230,-0.169,0.01398,-0.25096,0.00780,-0.32384
65.8601,0.021289,0.021493,-0.205,0.00873,-0.27441,0.00137,-0.32157
65.8800,0.021407,0.021634,-0.227,0.00307,-0.29174,-0.00489,-0.31305
65.9001,0.021409,0.021645,-0.236,-0.00290,-0.30240,-0.01101,-0.30561
65.9201,0.021290,0.021549,-0.259,-0.00900,-0.30578,-0.01805,-0.35215
65.9401,0.021049,0.021322,-0.273,-0.01508,-0.30156,-0.02453,-0.32422
65.9601,0.020688,0.020951,-0.264,-0.02101,-0.28958,-0.02986,-0.26633
65.9801,0.020211,0.020449,-0.238,-0.02662,-0.26987,-0.03442,-0.22800
66.0001,0.019626,0.019837,-0.211,-0.03176,-0.24261,-0.03863,-0.21068
66.0201,0.018945,0.019169,-0.224,-0.03627,-0.20826,-0.04403,-0.26991
66.0401,0.018181,0.018335,-0.154,-0.04004,-0.16730,-0.04449,-0.02303
66.0601,0.017349,0.017447,-0.097,-0.04292,-0.12049,-0.04561,-0.05580
66.0801,0.016470,0.016553,-0.083,-0.04482,-0.06877,-0.04751,-0.09494
66.1001,0.015563,0.015627,-0.064,-0.04565,-0.01318,-0.04761,-0.00515
66.1201,0.014652,0.014674,-0.023,-0.04533,0.04512,-0.04565,0.09801
66.1401,0.013758,0.013723,0.035,-0.04384,0.10487,-0.04201,0.18188
66.1601,0.012906,0.012820,0.086,-0.04114,0.16474,-0.03764,0.21853
66.1801,0.012120,0.011990,0.131,-0.03725,0.22335,-0.03232,0.26617
66.2001,0.011424,0.011252,0.171,-0.03222,0.27935,-0.02595,0.31836
66.2201,0.010839,0.010623,0.215,-0.02611,0.33137,-0.01830,0.38254
66.2401,0.010386,0.010140,0.246,-0.01901,0.37809,-0.01030,0.39991
66.2601,0.010085,0.009779,0.306,-0.01103,0.41837,0.00002,0.51619
66.2801,0.009950,0.009591,0.359,-0.00232,0.45108,0.01046,0.52218
66.3001,0.009995,0.009595,0.401,0.00696,0.47529,0.02105,0.52917
66.3201,0.010231,0.009792,0.438,0.01663,0.49021,0.03195,0.54531
66.3401,0.010662,0.010192,0.470,0.02650,0.49526,0.04282,0.54320
66.3601,0.011291,0.010870,0.421,0.03638,0.49006,0.05014,0.36634
66.3801,0.012116,0.011741,0.375,0.04604,0.47446,0.05827,0.40642
66.4001,0.013130,0.012761,0.369,0.05528,0.44854,0.06775,0.47403
66.4201,0.014323,0.013948,0.376,0.06391,0.41258,0.07676,0.45008
66.4401,0.015681,0.015319,0.362,0.07172,0.36711,0.08387,0.35550
66.4601,0.017186,0.016875,0.310,0.07854,0.31289,0.08851,0.23244
66.4801,0.018815,0.018574,0.241,0.08419,0.25086,0.09161,0.15493
66.5001,0.020544,0.020363,0.181,0.08853,0.18218,0.09403,0.12064
66.5201,0.022346,0.022213,0.133,0.09144,0.10813,0.09544,0.07060
66.5401,0.024192,0.024105,0.087,0.09283,0.03017,0.09526,-0.00879
66.5601,0.026048,0.025923,0.124,0.09263,-0.05010,0.09728,0.10090
66.5801,0.027885,0.027841,0.043,0.09082,-0.13116,0.09141,-0.29368
66.6001,0.029670,0.029876,-0.206,0.08739,-0.21128,0.07765,-0.68785
66.6201,0.031370,0.031600,-0.230,0.08238,-0.28880,0.07428,-0.16837
66.6401,0.032956,0.033243,-0.288,0.07586,-0.36209,0.06546,-0.44109
66.6601,0.034397,0.034711,-0.314,0.06793,-0.42954,0.05696,-0.42511
66.6801,0.035664,0.036008,-0.344,0.05874,-0.48959,0.04672,-0.51166
66.7001,0.036737,0.037075,-0.338,0.04842,-0.54107,0.03700,-0.48623
66.7201,0.037595,0.038044,-0.450,0.03716,-0.58274,0.02064,-0.81810
66.7401,0.038219,0.038726,-0.508,0.02518,-0.61362,0.00729,-0.66752
66.7601,0.038599,0.039187,-0.588,0.01268,-0.63298,-0.00821,-0.77482
66.7801,0.038725,0.039319,-0.594,-0.00007,-0.64025,-0.02032,-0.60544
66.8001,0.038596,0.039203,-0.607,-0.01284,-0.63519,-0.03362,-0.66489
66.8201,0.038213,0.038811,-0.598,-0.02538,-0.61778,-0.04561,-0.59948
66.8401,0.037583,0.038098,-0.515,-0.03748,-0.58820,-0.05408,-0.42373
66.8601,0.036715,0.037173,-0.457,-0.04888,-0.54690,-0.06380,-0.48582
66.8801,0.035636,0.036075,-0.439,-0.05928,-0.49504,-0.07400,-0.51025
66.9001,0.034356,0.034852,-0.496,-0.06857,-0.43310,-0.08608,-0.60416
66.9201,0.032901,0.033278,-0.377,-0.07655,-0.36238,-0.08805,-0.09820
66.9401,0.031303,0.031545,-0.243,-0.08303,-0.28433,-0.08980,-0.08767
66.9601,0.029592,0.029770,-0.178,-0.08788,-0.20054,-0.09322,-0.17089
66.9801,0.027800,0.027955,-0.155,-0.09101,-0.11250,-0.09602,-0.14015
67.0001,0.025964,0.026075,-0.111,-0.09236,-0.02207,-0.09567,0.01775
67.0201,0.024118,0.024150,-0.033,-0.09189,0.06902,-0.09214,0.17646
67.0401,0.022300,0.022333,-0.033,-0.08961,0.15888,-0.09073,0.07026
67.0601,0.020545,0.020497,0.048,-0.08556,0.24579,-0.08301,0.38596
67.0801,0.018889,0.018691,0.197,-0.07981,0.32799,-0.07147,0.57718
67.1001,0.017363,0.016967,0.396,-0.07248,0.40383,-0.05683,0.73220
67.1201,0.015999,0.015550,0.450,-0.06371,0.47180,-0.04784,0.44945
67.1401,0.014824,0.014403,0.421,-0.05367,0.53061,-0.03968,0.40787
67.1601,0.013860,0.013468,0.392,-0.04255,0.57909,-0.02954,0.50714
67.1801,0.013127,0.012732,0.395,-0.03058,0.61633,-0.01710,0.62171
67.2001,0.012641,0.012147,0.493,-0.01798,0.64164,-0.00012,0.84901
67.2201,0.012410,0.011803,0.607,-0.00500,0.65457,0.01691,0.85156
67.2401,0.012442,0.011777,0.664,0.00812,0.65496,0.03133,0.72109
67.2601,0.012734,0.012079,0.655,0.02112,0.64287,0.04329,0.59793
67.2801,0.013284,0.012701,0.582,0.03375,0.61866,0.05276,0.47362
67.3001,0.014080,0.013574,0.507,0.04579,0.58292,0.06217,0.47060
67.3201,0.015110,0.014646,0.464,0.05700,0.53647,0.07231,0.50666
67.3401,0.016354,0.015906,0.447,0.06718,0.48033,0.08221,0.49542
67.3601,0.017790,0.017369,0.421,0.07616,0.41576,0.09017,0.39782
67.3801,0.019395,0.019031,0.364,0.08378,0.34403,0.09553,0.26805
67.4001,0.021130,0.020856,0.273,0.08989,0.26711,0.09818,0.13258
67.4201,0.022976,0.022786,0.189,0.09442,0.18614,0.09994,0.08769
67.4401,0.024896,0.024764,0.132,0.09732,0.10300,0.10117,0.06144
67.4601,0.026857,0.026776,0.081,0.09854,0.01942,0.10075,-0.02093
67.4801,0.028827,0.028801,0.026,0.09810,-0.06299,0.09840,-0.11752
67.5001,0.030772,0.030811,-0.040,0.09604,-0.14244,0.09396,-0.22182
67.5201,0.032659,0.032771,-0.112,0.09243,-0.21739,0.08785,-0.30549
67.5401,0.034459,0.034638,-0.178,0.08739,-0.28639,0.08060,-0.36249
67.5601,0.036146,0.036380,-0.234,0.08103,-0.34814,0.07245,-0.40761
67.5801,0.037693,0.037976,-0.283,0.07352,-0.40149,0.06335,-0.45490
67.6001,0.039080,0.039409,-0.329,0.06503,-0.44550,0.05333,-0.50116
67.6201,0.040289,0.040661,-0.371,0.05576,-0.47946,0.04267,-0.53298
67.6401,0.041307,0.041713,-0.407,0.04592,-0.50283,0.03171,-0.54786
67.6601,0.042123,0.042552,-0.429,0.03573,-0.51538,0.02088,-0.54152
67.6801,0.042734,0.043174,-0.439,0.02539,-0.51708,0.01033,-0.52744
67.7001,0.043139,0.043574,-0.436,0.01512,-0.50814,0.00035,-0.49900
67.7201,0.043341,0.043764,-0.423,0.00513,-0.48897,-0.00911,-0.47318
67.7401,0.043347,0.043764,-0.416,-0.00438,-0.46021,-0.01847,-0.46779
67.7601,0.043170,0.043588,-0.418,-0.01323,-0.42274,-0.02745,-0.44915
67.7801,0.042823,0.043212,-0.388,-0.02125,-0.37752,-0.03413,-0.33387
67.8001,0.042327,0.042650,-0.323,-0.02828,-0.32583,-0.03854,-0.22060
67.8201,0.041700,0.041949,-0.249,-0.03424,-0.26879,-0.04190,-0.16803
67.8401,0.040965,0.041165,-0.199,-0.03901,-0.20788,-0.04523,-0.16643
67.8601,0.040148,0.040314,-0.166,-0.04253,-0.14448,-0.04780,-0.12851
67.8801,0.039273,0.039397,-0.125,-0.04478,-0.08004,-0.04856,-0.03821
67.9001,0.038365,0.038433,-0.067,-0.04574,-0.01601,-0.04740,0.05815
67.9201,0.037451,0.037462,-0.010,-0.04543,0.04625,-0.04515,0.11242
67.9401,0.036556,0.036520,0.036,-0.04391,0.10536,-0.04218,0.14843
67.9601,0.035703,0.035625,0.078,-0.04125,0.16014,-0.03815,0.20160
67.9801,0.034913,0.034795,0.117,-0.03754,0.20951,-0.03311,0.25209
68.0001,0.034207,0.034042,0.165,-0.03291,0.25244,-0.02677,0.31721
68.0201,0.033602,0.033394,0.208,-0.02749,0.28827,-0.01996,0.34052
68.0401,0.033112,0.032900,0.212,-0.02143,0.31634,-0.01416,0.28992
68.0601,0.032748,0.032512,0.237,-0.01489,0.33626,-0.00659,0.37853
68.0801,0.032518,0.032238,0.280,-0.00804,0.34784,0.00197,0.42796
68.1001,0.032428,0.032124,0.303,-0.00103,0.35106,0.00954,0.37823
68.1201,0.032477,0.032160,0.317,0.00596,0.34610,0.01687,0.36686
68.1401,0.032665,0.032350,0.315,0.01276,0.33332,0.02345,0.32885
68.1601,0.032985,0.032695,0.290,0.01924,0.31328,0.02884,0.26922
68.1801,0.033431,0.033179,0.253,0.02525,0.28665,0.03342,0.22925
68.2001,0.033992,0.033770,0.222,0.03068,0.25422,0.03788,0.22293
68.2201,0.034653,0.034455,0.198,0.03539,0.21706,0.04188,0.20005
68.2401,0.035401,0.035226,0.175,0.03932,0.17606,0.04502,0.15683
68.2601,0.036221,0.036078,0.143,0.04241,0.13225,0.04694,0.09637
68.2801,0.037092,0.036988,0.104,0.04460,0.08695,0.04769,0.03738
68.3001,0.037999,0.037935,0.064,0.04589,0.04101,0.04764,-0.00273
68.3201,0.038921,0.038892,0.030,0.04625,-0.00426,0.04689,-0.03723
68.3401,0.039843,0.039844,-0.001,0.04573,-0.04795,0.04534,-0.07787
68.3601,0.040745,0.040777,-0.032,0.04435,-0.08906,0.04294,-0.11976
68.3801,0.041612,0.041678,-0.067,0.04219,-0.12673,0.03954,-0.17014
68.4001,0.042428,0.042527,-0.099,0.03931,-0.16019,0.03557,-0.19820
68.4201,0.043180,0.043304,-0.124,0.03581,-0.18881,0.03132,-0.21288
68.4401,0.043856,0.043969,-0.113,0.03180,-0.21211,0.02807,-0.16222
68.4601,0.044448,0.044581,-0.132,0.02737,-0.22977,0.02266,-0.27045
68.4801,0.044949,0.045129,-0.180,0.02264,-0.24160,0.01601,-0.33262
68.5001,0.045353,0.045580,-0.227,0.01774,-0.24757,0.00950,-0.32575
68.5201,0.045658,0.045882,-0.224,0.01278,-0.24779,0.00520,-0.21464
68.5401,0.045865,0.046055,-0.190,0.00786,-0.24251,0.00176,-0.17205
68.5601,0.045974,0.046141,-0.167,0.00311,-0.23214,-0.00231,-0.20338
68.5801,0.045991,0.046161,-0.170,-0.00139,-0.21719,-0.00720,-0.24468
68.6001,0.045921,0.046123,-0.203,-0.00555,-0.19825,-0.01280,-0.27993
68.6201,0.045771,0.045977,-0.205,-0.00930,-0.17602,-0.01631,-0.17545
68.6401,0.045552,0.045717,-0.166,-0.01258,-0.15121,-0.01777,-0.07325
68.6601,0.045272,0.045386,-0.114,-0.01534,-0.12467,-0.01866,-0.04456
68.6801,0.044942,0.045025,-0.083,-0.01755,-0.09715,-0.02003,-0.06828
68.7001,0.044573,0.044649,-0.076,-0.01922,-0.06941,-0.02174,-0.08543
68.7201,0.044177,0.044241,-0.064,-0.02034,-0.04227,-0.02237,-0.03169
68.7401,0.043763,0.043806,-0.043,-0.02092,-0.01638,-0.02215,0.01119
68.7601,0.043343,0.043359,-0.016,-0.02100,0.00757,-0.02125,0.04497
68.7801,0.042926,0.042920,0.007,-0.02063,0.02905,-0.02016,0.05433
68.8001,0.042521,0.042498,0.023,-0.01986,0.04759,-0.01892,0.06211
68.8201,0.042134,0.042098,0.036,-0.01875,0.06284,-0.01737,0.07751
68.8401,0.041772,0.041728,0.045,-0.01737,0.07456,-0.01576,0.08058
68.8601,0.041441,0.041388,0.052,-0.01579,0.08264,-0.01394,0.09095
68.8801,0.041141,0.041078,0.063,-0.01409,0.08709,-0.01183,0.10562
68.9001,0.040877,0.040810,0.067,-0.01233,0.08802,-0.01001,0.09096
68.9201,0.040648,0.040579,0.069,-0.01059,0.08565,-0.00824,0.08835
68.9401,0.040453,0.040388,0.065,-0.00893,0.08032,-0.00675,0.07444
68.9601,0.040290,0.040229,0.061,-0.00740,0.07243,-0.00536,0.06941
68.9801,0.040156,0.040100,0.056,-0.00604,0.06249,-0.00420,0.05825
69.0001,0.040047,0.040001,0.045,-0.00491,0.05103,-0.00348,0.03612
69.0201,0.039958,0.039929,0.029,-0.00401,0.03861,-0.00322,0.01300
69.0401,0.039885,0.039860,0.025,-0.00336,0.02587,-0.00256,0.03279
69.0601,0.039822,0.039802,0.020,-0.00297,0.01337,-0.00235,0.01041
69.0801,0.039764,0.039755,0.009,-0.00282,0.00171,-0.00264,-0.01446
69.1001,0.039707,0.039704,0.003,-0.00290,-0.00858,-0.00286,-0.01113
69.1201,0.039647,0.039650,-0.003,-0.00316,-0.01703,-0.00334,-0.02365
69.1401,0.039580,0.039596,-0.016,-0.00356,-0.02323,-0.00423,-0.04464
69.1601,0.039504,0.039524,-0.020,-0.00407,-0.02686,-0.00478,-0.02768
69.1801,0.039417,0.039442,-0.024,-0.00462,-0.02770,-0.00550,-0.03579
69.2001,0.039319,0.039337,-0.018,-0.00516,-0.02565,-0.00569,-0.00979
69.2201,0.039211,0.039226,-0.015,-0.00562,-0.02069,-0.00609,-0.01961
69.2401,0.039095,0.039113,-0.018,-0.00596,-0.01294,-0.00659,-0.02526
69.2601,0.038974,0.038987,-0.013,-0.00612,-0.00262,-0.00650,0.00474
69.2801,0.038852,0.038861,-0.009,-0.00605,0.00995,-0.00633,0.00839
69.3001,0.038734,0.038724,0.010,-0.00571,0.02437,-0.00518,0.05757
69.3201,0.038625,0.038597,0.028,-0.00507,0.04009,-0.00393,0.06255
69.3401,0.038533,0.038496,0.037,-0.00410,0.05657,-0.00274,0.05912
69.3601,0.038463,0.038424,0.039,-0.00281,0.07316,-0.00146,0.06405
69.3801,0.038423,0.038374,0.049,-0.00118,0.08920,0.00061,0.10357
69.4001,0.038418,0.038349,0.069,0.00075,0.10401,0.00330,0.13442
69.4201,0.038455,0.038359,0.096,0.00296,0.11692,0.00652,0.16121
69.4401,0.038538,0.038415,0.123,0.00541,0.12729,0.00991,0.16950
69.4601,0.038672,0.038544,0.128,0.00804,0.13451,0.01244,0.12666
69.4801,0.038860,0.038742,0.118,0.01077,0.13804,0.01468,0.11157
69.5001,0.039103,0.039001,0.103,0.01353,0.13744,0.01684,0.10839
69.5201,0.039401,0.039300,0.102,0.01624,0.13237,0.01969,0.14213
69.5401,0.039752,0.039646,0.105,0.01879,0.12262,0.02241,0.13642
69.5601,0.040152,0.040050,0.102,0.02111,0.10802,0.02455,0.10663
69.5801,0.040594,0.040503,0.090,0.02308,0.08875,0.02601,0.07338
69.6001,0.041072,0.041001,0.070,0.02463,0.06485,0.02680,0.03954
69.6201,0.041576,0.041526,0.049,0.02565,0.03667,0.02710,0.01469
69.6401,0.042094,0.042068,0.026,0.02607,0.00470,0.02670,-0.01978
69.6601,0.042614,0.042610,0.004,0.02582,-0.03051,0.02570,-0.05015
69.6801,0.043122,0.043140,-0.018,0.02483,-0.06822,0.02396,-0.08697
69.7001,0.043602,0.043646,-0.044,0.02307,-0.10769,0.02132,-0.13226
69.7201,0.044039,0.044121,-0.082,0.02052,-0.14790,0.01733,-0.19946
69.7401,0.044417,0.044535,-0.118,0.01716,-0.18800,0.01276,-0.22834
69.7601,0.044720,0.044867,-0.146,0.01301,-0.22695,0.00773,-0.25167
69.7801,0.044933,0.045110,-0.178,0.00810,-0.26372,0.00171,-0.30092
69.8001,0.045040,0.045242,-0.203,0.00248,-0.29729,-0.00468,-0.31960
69.8201,0.045028,0.045259,-0.231,-0.00377,-0.32667,-0.01195,-0.36335
69.8401,0.044885,0.045174,-0.289,-0.01055,-0.35092,-0.02101,-0.45268
69.8601,0.044603,0.044937,-0.334,-0.01776,-0.36921,-0.02961,-0.43017
69.8801,0.044173,0.044509,-0.336,-0.02527,-0.38078,-0.03673,-0.35631
69.9001,0.043591,0.043902,-0.312,-0.03295,-0.38504,-0.04327,-0.32664
69.9201,0.042855,0.043154,-0.299,-0.04063,-0.38152,-0.05065,-0.36889
69.9401,0.041967,0.042273,-0.307,-0.04815,-0.36992,-0.05867,-0.40103
69.9601,0.040931,0.041243,-0.312,-0.05537,-0.35011,-0.06603,-0.36816
69.9801,0.039756,0.040048,-0.292,-0.06210,-0.32220,-0.07179,-0.28817
70.0001,0.038451,0.038708,-0.257,-0.06820,-0.28637,-0.07657,-0.23881
70.0201,0.037033,0.037252,-0.219,-0.07351,-0.24313,-0.08053,-0.19831
70.0401,0.035517,0.035701,-0.184,-0.07788,-0.19308,-0.08377,-0.16194
70.0601,0.033924,0.034073,-0.149,-0.08119,-0.13702,-0.08587,-0.10463
70.0801,0.032278,0.032383,-0.105,-0.08333,-0.07598,-0.08641,-0.02699
70.1001,0.030600,0.030661,-0.060,-0.08420,-0.01095,-0.08577,0.03179
70.1201,0.028917,0.028933,-0.015,-0.08375,0.05682,-0.08377,0.10024
70.1401,0.027259,0.027219,0.040,-0.08192,0.12591,-0.07996,0.19010
70.1601,0.025651,0.025551,0.101,-0.07871,0.19496,-0.07462,0.26698
70.1801,0.024118,0.023962,0.156,-0.07413,0.26271,-0.06820,0.32140
70.2001,0.022695,0.022485,0.210,-0.06823,0.32739,-0.06050,0.38463
70.2201,0.021400,0.021138,0.261,-0.06107,0.38788,-0.05161,0.44451
70.2401,0.020260,0.019945,0.315,-0.05275,0.44276,-0.04146,0.50775
70.2601,0.019297,0.018930,0.367,-0.04340,0.49073,-0.03035,0.55533
70.2801,0.018529,0.018113,0.416,-0.03317,0.53068,-0.01848,0.59376
70.3001,0.017974,0.017518,0.457,-0.02224,0.56160,-0.00627,0.61039
70.3201,0.017643,0.017159,0.485,-0.01078,0.58268,0.00602,0.61434
70.3401,0.017545,0.017044,0.501,0.00102,0.59330,0.01824,0.61126
70.3601,0.017684,0.017147,0.537,0.01289,0.59302,0.03155,0.66558
70.3801,0.018060,0.017505,0.555,0.02466,0.58167,0.04374,0.60910
70.4001,0.018669,0.018132,0.537,0.03610,0.55926,0.05418,0.52193
70.4201,0.019499,0.019010,0.489,0.04695,0.52620,0.06305,0.44363
70.4401,0.020541,0.020108,0.434,0.05706,0.48281,0.07120,0.40753
70.4601,0.021776,0.021386,0.390,0.06621,0.42992,0.07900,0.38982
70.4801,0.023181,0.022829,0.352,0.07420,0.36852,0.08574,0.33736
70.5001,0.024735,0.024431,0.304,0.08089,0.29962,0.09069,0.24751
70.5201,0.026407,0.026167,0.240,0.08614,0.22464,0.09362,0.14628
70.5401,0.028171,0.027999,0.173,0.08985,0.14488,0.09497,0.06759
70.5601,0.029991,0.029885,0.106,0.09192,0.06212,0.09481,-0.00776
70.5801,0.031836,0.031790,0.047,0.09232,-0.02213,0.09325,-0.07807
70.6001,0.033673,0.033685,-0.012,0.09104,-0.10616,0.08999,-0.16326
70.6201,0.035467,0.035546,-0.079,0.08809,-0.18826,0.08466,-0.26645
70.6401,0.037186,0.037335,-0.150,0.08353,-0.26675,0.07766,-0.34988
70.6601,0.038798,0.039014,-0.216,0.07745,-0.34005,0.06938,-0.41390
70.6801,0.040275,0.040551,-0.276,0.06997,-0.40661,0.05991,-0.47388
70.7001,0.041589,0.041923,-0.334,0.06124,-0.46505,0.04924,-0.53323
70.7201,0.042717,0.043105,-0.387,0.05143,-0.51420,0.03767,-0.57843
70.7401,0.043640,0.044076,-0.436,0.04074,-0.55299,0.02540,-0.61350
70.7601,0.044342,0.044815,-0.473,0.02939,-0.58063,0.01290,-0.62526
70.7801,0.044813,0.045312,-0.499,0.01760,-0.59654,0.00035,-0.62715
70.8001,0.045045,0.045563,-0.518,0.00561,-0.60040,-0.01221,-0.62798
70.8201,0.045037,0.045568,-0.530,-0.00634,-0.59211,-0.02451,-0.61502
70.8401,0.044794,0.045343,-0.549,-0.01799,-0.57188,-0.03688,-0.61853
70.8601,0.044321,0.044855,-0.534,-0.02914,-0.54008,-0.04711,-0.51177
70.8801,0.043633,0.044112,-0.480,-0.03953,-0.49746,-0.05524,-0.40634
70.9001,0.042747,0.043157,-0.410,-0.04896,-0.44496,-0.06212,-0.34400
70.9201,0.041682,0.042033,-0.351,-0.05726,-0.38356,-0.06857,-0.32258
70.9401,0.040465,0.040770,-0.304,-0.06425,-0.31474,-0.07409,-0.27603
70.9601,0.039122,0.039379,-0.257,-0.06981,-0.23983,-0.07800,-0.19565
70.9801,0.037682,0.037874,-0.192,-0.07382,-0.16042,-0.07965,-0.08224
71.0001,0.036180,0.036301,-0.121,-0.07621,-0.07842,-0.07954,0.00541
71.0201,0.034646,0.034703,-0.058,-0.07695,0.00467,-0.07821,0.06645
71.0401,0.033113,0.033113,0.000,-0.07603,0.08700,-0.07538,0.14134
71.0601,0.031615,0.031555,0.061,-0.07349,0.16681,-0.07076,0.23124
71.0801,0.030184,0.030057,0.127,-0.06938,0.24243,-0.06434,0.32098
71.1001,0.028847,0.028655,0.193,-0.06381,0.31239,-0.05654,0.39000
71.1201,0.027637,0.027382,0.255,-0.05692,0.37501,-0.04757,0.44838
71.1401,0.026580,0.026270,0.310,-0.04889,0.42891,-0.03774,0.49166
71.1601,0.025689,0.025335,0.353,-0.03982,0.47341,-0.02733,0.52040
71.1801,0.024991,0.024597,0.394,-0.03002,0.50713,-0.01618,0.55736
71.2001,0.024493,0.024064,0.429,-0.01963,0.52972,-0.00466,0.57613
71.2201,0.024208,0.023757,0.451,-0.00891,0.54065,0.00666,0.56593
71.2401,0.024138,0.023671,0.466,0.00190,0.53978,0.01793,0.56360
71.2601,0.024283,0.023789,0.494,0.01260,0.52716,0.02970,0.58863
71.2801,0.024639,0.024152,0.488,0.02292,0.50316,0.03944,0.48679
71.3001,0.025196,0.024748,0.449,0.03266,0.46835,0.04748,0.40220
71.3201,0.025940,0.025551,0.388,0.04159,0.42358,0.05413,0.33260
71.3401,0.026853,0.026518,0.336,0.04954,0.36979,0.06037,0.31186
71.3601,0.027914,0.027621,0.293,0.05633,0.30828,0.06581,0.27199
71.3801,0.029098,0.028848,0.250,0.06183,0.24040,0.06984,0.20158
71.4001,0.030378,0.030186,0.192,0.06591,0.16765,0.07182,0.09887
71.4201,0.031724,0.031596,0.128,0.06851,0.09168,0.07216,0.01709
71.4401,0.033107,0.033039,0.069,0.06957,0.01401,0.07126,-0.04496
71.4601,0.034496,0.034482,0.014,0.06907,-0.06354,0.06893,-0.11642
71.4801,0.035860,0.035906,-0.046,0.06704,-0.13939,0.06482,-0.20568
71.5001,0.037168,0.037278,-0.110,0.06352,-0.21189,0.05908,-0.28721
71.5201,0.038392,0.038561,-0.169,0.05859,-0.27959,0.05220,-0.34359
71.5401,0.039503,0.039726,-0.223,0.05238,-0.34092,0.04418,-0.40096
71.5601,0.040479,0.040752,-0.273,0.04501,-0.39476,0.03516,-0.45117
71.5801,0.041297,0.041619,-0.322,0.03664,-0.44000,0.02517,-0.49954
71.6001,0.041939,0.042306,-0.367,0.02747,-0.47571,0.01450,-0.53342
71.6201,0.042391,0.042791,-0.400,0.01769,-0.50128,0.00372,-0.53898
71.6401,0.042644,0.043072,-0.428,0.00749,-0.51624,-0.00737,-0.55477
71.6601,0.042690,0.043132,-0.443,-0.00289,-0.52038,-0.01810,-0.53637
71.6801,0.042528,0.043000,-0.472,-0.01325,-0.51374,-0.02963,-0.57656
71.7001,0.042161,0.042636,-0.475,-0.02337,-0.49658,-0.03954,-0.49530
71.7201,0.041596,0.042037,-0.441,-0.03305,-0.46939,-0.04766,-0.40619
71.7401,0.040844,0.041234,-0.390,-0.04208,-0.43286,-0.05480,-0.35685
71.7601,0.039919,0.040265,-0.346,-0.05030,-0.38790,-0.06159,-0.33979
71.7801,0.038838,0.039148,-0.309,-0.05755,-0.33556,-0.06767,-0.30367
71.8001,0.037623,0.037893,-0.270,-0.06369,-0.27702,-0.07246,-0.23940
71.8201,0.036298,0.036520,-0.222,-0.06860,-0.21368,-0.07562,-0.15840
71.8401,0.034888,0.035052,-0.164,-0.07221,-0.14694,-0.07714,-0.07565
71.8601,0.033420,0.033527,-0.107,-0.07447,-0.07821,-0.07750,-0.01804
71.8801,0.031919,0.031976,-0.057,-0.07534,-0.00898,-0.07672,0.03897
71.9001,0.030415,0.030427,-0.012,-0.07483,0.05927,-0.07472,0.09975
71.9201,0.028935,0.028897,0.038,-0.07298,0.12512,-0.07116,0.17823
71.9401,0.027504,0.027411,0.094,-0.06985,0.18722,-0.06604,0.25581
71.9601,0.026148,0.025999,0.149,-0.06552,0.24438,-0.05984,0.31034
71.9801,0.024890,0.024695,0.194,-0.06011,0.29542,-0.05301,0.34140
72.0001,0.023750,0.023514,0.236,-0.05375,0.33943,-0.04528,0.38642
72.0201,0.022745,0.022471,0.274,-0.04659,0.37562,-0.03684,0.42220
72.0401,0.021891,0.021582,0.309,-0.03879,0.40340,-0.02791,0.44609
72.0601,0.021197,0.020865,0.332,-0.03052,0.42241,-0.01897,0.44710
72.0801,0.020672,0.020326,0.346,-0.02195,0.43243,-0.01004,0.44639
72.1001,0.020320,0.019963,0.356,-0.01328,0.43347,-0.00104,0.44995
72.1201,0.020141,0.019785,0.356,-0.00467,0.42573,0.00743,0.42379
72.1401,0.020131,0.019782,0.349,0.00369,0.40963,0.01550,0.40354
72.1601,0.020286,0.019921,0.365,0.01167,0.38569,0.02426,0.43800
72.1801,0.020594,0.020238,0.357,0.01908,0.35467,0.03111,0.34257
72.2001,0.021045,0.020734,0.311,0.02581,0.31743,0.03587,0.23783
72.2201,0.021621,0.021374,0.248,0.03174,0.27493,0.03947,0.18019
72.2401,0.022308,0.022106,0.203,0.03678,0.22825,0.04317,0.18481
72.2601,0.023089,0.022908,0.181,0.04086,0.17832,0.04678,0.18052
72.2801,0.023935,0.023788,0.147,0.04391,0.12686,0.04854,0.08779
72.3001,0.024836,0.024734,0.101,0.04592,0.07441,0.04885,0.01555
72.3201,0.025765,0.025710,0.056,0.04689,0.02239,0.04828,-0.02811
72.3401,0.026704,0.026687,0.018,0.04683,-0.02814,0.04700,-0.06426
72.3601,0.027632,0.027652,-0.020,0.04578,-0.07618,0.04466,-0.11674
72.3801,0.028528,0.028584,-0.056,0.04380,-0.12075,0.04152,-0.15727
72.4001,0.029378,0.029468,-0.090,0.04098,-0.16112,0.03752,-0.20010
72.4201,0.030162,0.030287,-0.124,0.03739,-0.19656,0.03279,-0.23618
72.4401,0.030869,0.031024,-0.155,0.03315,-0.22656,0.02754,-0.26283
72.4601,0.031485,0.031664,-0.179,0.02836,-0.25070,0.02203,-0.27531
72.4801,0.032001,0.032199,-0.198,0.02316,-0.26873,0.01623,-0.29027
72.5001,0.032409,0.032618,-0.209,0.01766,-0.28061,0.01043,-0.28968
72.5201,0.032706,0.032923,-0.217,0.01198,-0.28640,0.00453,-0.29494
72.5401,0.032888,0.033117,-0.229,0.00624,-0.28630,-0.00166,-0.30977
72.5601,0.032956,0.033186,-0.230,0.00057,-0.28068,-0.00728,-0.28107
72.5801,0.032912,0.033156,-0.244,-0.00495,-0.26999,-0.01339,-0.30508
72.6001,0.032760,0.033009,-0.249,-0.01020,-0.25481,-0.01872,-0.26671
72.6201,0.032506,0.032736,-0.230,-0.01512,-0.23577,-0.02274,-0.20125
72.6401,0.032158,0.032349,-0.191,-0.01962,-0.21363,-0.02570,-0.14783
72.6601,0.031724,0.031885,-0.161,-0.02365,-0.18912,-0.02878,-0.15414
72.6801,0.031215,0.031362,-0.147,-0.02717,-0.16302,-0.03201,-0.16121
72.7001,0.030641,0.030773,-0.132,-0.03016,-0.13611,-0.03450,-0.12483
72.7201,0.030012,0.030120,-0.108,-0.03262,-0.10912,-0.03604,-0.07694
72.7401,0.029340,0.029423,-0.083,-0.03453,-0.08279,-0.03708,-0.05159
72.7601,0.028632,0.028697,-0.065,-0.03594,-0.05766,-0.03797,-0.04486
72.7801,0.027906,0.027950,-0.044,-0.03686,-0.03454,-0.03811,-0.00664
72.8001,0.027163,0.027188,-0.025,-0.03733,-0.01362,-0.03798,0.00625
72.8201,0.026415,0.026423,-0.008,-0.03742,0.00461,-0.03752,0.02322
72.8401,0.025668,0.025664,0.004,-0.03717,0.01991,-0.03690,0.03094
72.8601,0.024930,0.024916,0.014,-0.03664,0.03214,-0.03606,0.04165
72.8801,0.024204,0.024181,0.023,-0.03590,0.04128,-0.03502,0.05200
72.9001,0.023495,0.023465,0.030,-0.03501,0.04740,-0.03392,0.05509
72.9201,0.022805,0.022773,0.032,-0.03403,0.05072,-0.03292,0.05000
72.9401,0.022133,0.022095,0.038,-0.03300,0.05150,-0.03163,0.06447
72.9601,0.021484,0.021441,0.043,-0.03198,0.05013,-0.03046,0.05844
72.9801,0.020855,0.020816,0.039,-0.03101,0.04705,-0.02971,0.03758
73.0001,0.020244,0.020209,0.035,-0.03011,0.04275,-0.02897,0.03704
73.0201,0.019649,0.019619,0.030,-0.02930,0.03775,-0.02831,0.03291
73.0401,0.019071,0.019044,0.027,-0.02860,0.03262,-0.02772,0.02941
73.0601,0.018505,0.018480,0.025,-0.02799,0.02788,-0.02716,0.02831
73.0801,0.017950,0.017929,0.021,-0.02748,0.02406,-0.02680,0.01789
73.1001,0.017406,0.017391,0.015,-0.02702,0.02165,-0.02658,0.01126
73.1201,0.016869,0.016857,0.013,-0.02660,0.02105,-0.02618,0.01962
73.1401,0.016342,0.016327,0.015,-0.02617,0.02261,-0.02564,0.02725
73.1601,0.015823,0.015806,0.017,-0.02568,0.02660,-0.02508,0.02786
73.1801,0.015315,0.015297,0.019,-0.02508,0.03318,-0.02443,0.03260
73.2001,0.014821,0.014801,0.019,-0.02433,0.04241,-0.02367,0.03809
73.2201,0.014344,0.014312,0.032,-0.02337,0.05422,-0.02215,0.07585
73.2401,0.013887,0.013845,0.042,-0.02215,0.06851,-0.02060,0.07746
73.2601,0.013460,0.013408,0.051,-0.02062,0.08491,-0.01877,0.09150
73.2801,0.013065,0.013002,0.063,-0.01874,0.10314,-0.01647,0.11484
73.3001,0.012713,0.012635,0.077,-0.01648,0.12268,-0.01370,0.13874
73.3201,0.012409,0.012315,0.094,-0.01383,0.14302,-0.01046,0.16218
73.3401,0.012162,0.012054,0.109,-0.01076,0.16352,-0.00690,0.17780
73.3601,0.011981,0.011860,0.122,-0.00729,0.18352,-0.00301,0.19454
73.3801,0.011873,0.011738,0.135,-0.00343,0.20235,0.00133,0.21693
73.4001,0.011846,0.011689,0.157,0.00079,0.21928,0.00637,0.25227
73.4201,0.011907,0.011710,0.197,0.00533,0.23363,0.01246,0.30411
73.4401,0.012061,0.011838,0.223,0.01012,0.24473,0.01800,0.27699
73.4601,0.012313,0.012098,0.215,0.01509,0.25197,0.02231,0.21579
73.4801,0.012666,0.012465,0.201,0.02017,0.25481,0.02684,0.22640
73.5001,0.013120,0.012922,0.198,0.02525,0.25281,0.03195,0.25533
73.5201,0.013675,0.013474,0.201,0.03024,0.24562,0.03711,0.25790
73.5401,0.014328,0.014132,0.196,0.03504,0.23303,0.04166,0.22764
73.5601,0.015075,0.014889,0.185,0.03953,0.21496,0.04570,0.20227
73.5801,0.015907,0.015737,0.169,0.04360,0.19145,0.04919,0.17440
73.6001,0.016815,0.016665,0.150,0.04715,0.16272,0.05206,0.14336
73.6201,0.017789,0.017666,0.123,0.05008,0.12910,0.05395,0.09440
73.6401,0.018813,0.018716,0.097,0.05229,0.09110,0.05529,0.06694
73.6601,0.019876,0.019803,0.073,0.05370,0.04923,0.05592,0.03169
73.6801,0.020956,0.020916,0.040,0.05424,0.00446,0.05522,-0.03485
73.7001,0.022038,0.022039,-0.001,0.05386,-0.04255,0.05337,-0.09279
73.7201,0.023104,0.023139,-0.035,0.05253,-0.09079,0.05096,-0.12025
73.7401,0.024132,0.024199,-0.066,0.05023,-0.13923,0.04763,-0.16678
73.7601,0.025105,0.025207,-0.101,0.04697,-0.18686,0.04313,-0.22458
73.7801,0.026005,0.026149,-0.144,0.04276,-0.23260,0.03738,-0.28750
73.8001,0.026811,0.026996,-0.185,0.03768,-0.27531,0.03094,-0.32236
73.8201,0.027507,0.027726,-0.220,0.03178,-0.31398,0.02393,-0.35055
73.8401,0.028077,0.028325,-0.248,0.02515,-0.34761,0.01640,-0.37627
73.8601,0.028509,0.028787,-0.278,0.01790,-0.37534,0.00814,-0.41302
73.8801,0.028790,0.029097,-0.307,0.01019,-0.39623,-0.00057,-0.43532
73.9001,0.028914,0.029240,-0.326,0.00211,-0.40975,-0.00919,-0.43114
73.9201,0.028874,0.029225,-0.351,-0.00615,-0.41533,-0.01836,-0.45835
73.9401,0.028668,0.029048,-0.380,-0.01444,-0.41261,-0.02767,-0.46550
73.9601,0.028297,0.028675,-0.378,-0.02259,-0.40142,-0.03542,-0.38756
73.9801,0.027765,0.028108,-0.343,-0.03045,-0.38174,-0.04172,-0.31490
74.0001,0.027083,0.027383,-0.300,-0.03781,-0.35384,-0.04754,-0.29125
74.0201,0.026257,0.026533,-0.275,-0.04454,-0.31801,-0.05363,-0.30425
74.0401,0.025305,0.025564,-0.258,-0.05049,-0.27490,-0.05907,-0.27245
74.0601,0.024245,0.024471,-0.226,-0.05549,-0.22530,-0.06284,-0.18815
74.0801,0.023093,0.023273,-0.179,-0.05946,-0.17005,-0.06503,-0.10942
74.1001,0.021874,0.022001,-0.127,-0.06227,-0.11021,-0.06603,-0.05041
74.1201,0.020610,0.020694,-0.083,-0.06384,-0.04703,-0.06620,-0.00806
74.1401,0.019329,0.019369,-0.040,-0.06414,0.01817,-0.06504,0.05799
74.1601,0.018054,0.018046,0.007,-0.06311,0.08411,-0.06234,0.13494
74.1801,0.016812,0.016753,0.058,-0.06077,0.14937,-0.05823,0.20523
74.2001,0.015630,0.015516,0.115,-0.05715,0.21246,-0.05263,0.28018
74.2201,0.014535,0.014364,0.171,-0.05231,0.27195,-0.04586,0.33836
74.2401,0.013547,0.013326,0.221,-0.04631,0.32665,-0.03825,0.38045
74.2601,0.012689,0.012425,0.263,-0.03927,0.37529,-0.02985,0.42012
74.2801,0.011982,0.011677,0.306,-0.03135,0.41654,-0.02050,0.46768
74.3001,0.011441,0.011090,0.350,-0.02267,0.44958,-0.01027,0.51148
74.3201,0.011079,0.010701,0.378,-0.01343,0.47352,-0.00029,0.49871
74.3401,0.010906,0.010509,0.397,-0.00379,0.48772,0.00994,0.51165
74.3601,0.010928,0.010511,0.417,0.00602,0.49173,0.02042,0.52415
74.3801,0.011147,0.010702,0.445,0.01581,0.48533,0.03125,0.54142
74.4001,0.011559,0.011118,0.441,0.02536,0.46855,0.04032,0.45333
74.4201,0.012158,0.011756,0.403,0.03448,0.44161,0.04775,0.37156
74.4401,0.012934,0.012569,0.365,0.04296,0.40499,0.05498,0.36129
74.4601,0.013871,0.013552,0.320,0.05062,0.35937,0.06098,0.30022
74.4801,0.014952,0.014656,0.297,0.05728,0.30565,0.06712,0.30679
74.5001,0.016154,0.015910,0.245,0.06280,0.24495,0.07055,0.17184
74.5201,0.017455,0.017259,0.196,0.06704,0.17846,0.07316,0.13042
74.5401,0.018828,0.018683,0.144,0.06991,0.10753,0.07425,0.05427
74.5601,0.020243,0.020176,0.066,0.07132,0.03380,0.07272,-0.07636
74.5801,0.021671,0.021653,0.018,0.07125,-0.04123,0.07133,-0.06951
74.6001,0.023082,0.023104,-0.022,0.06968,-0.11581,0.06848,-0.14236
74.6201,0.024447,0.024528,-0.081,0.06663,-0.18848,0.06323,-0.26240
74.6401,0.025738,0.025872,-0.134,0.06216,-0.25756,0.05703,-0.31027
74.6601,0.026926,0.027120,-0.194,0.05636,-0.32147,0.04909,-0.39676
74.6801,0.027984,0.028258,-0.274,0.04935,-0.37877,0.03917,-0.49604
74.7001,0.028892,0.029213,-0.321,0.04127,-0.42811,0.02982,-0.46771
74.7201,0.029629,0.029993,-0.364,0.03229,-0.46840,0.01942,-0.51985
74.7401,0.030179,0.030571,-0.392,0.02259,-0.49867,0.00894,-0.52392
74.7601,0.030530,0.030945,-0.415,0.01240,-0.51813,-0.00197,-0.54557
74.7801,0.030673,0.031110,-0.437,0.00195,-0.52623,-0.01313,-0.55823
74.8001,0.030607,0.031078,-0.471,-0.00856,-0.52274,-0.02495,-0.59089
74.8201,0.030332,0.030820,-0.489,-0.01889,-0.50761,-0.03569,-0.53703
74.8401,0.029854,0.030316,-0.461,-0.02879,-0.48106,-0.04418,-0.42454
74.8601,0.029184,0.029601,-0.417,-0.03806,-0.44357,-0.05174,-0.37802
74.8801,0.028337,0.028693,-0.356,-0.04647,-0.39583,-0.05790,-0.30788
74.9001,0.027333,0.027639,-0.306,-0.05383,-0.33885,-0.06371,-0.29027
74.9201,0.026192,0.026478,-0.286,-0.05997,-0.27370,-0.06946,-0.28759
74.9401,0.024944,0.025168,-0.224,-0.06473,-0.20180,-0.07166,-0.10988
74.9601,0.023614,0.023761,-0.147,-0.06800,-0.12454,-0.07216,-0.02502
74.9801,0.022235,0.022320,-0.085,-0.06969,-0.04358,-0.07191,0.01210
75.0001,0.020838,0.020874,-0.037,-0.06973,0.03941,-0.07044,0.07384
75.0201,0.019456,0.019439,0.017,-0.06811,0.12271,-0.06696,0.17402
75.0401,0.018123,0.018035,0.088,-0.06483,0.20448,-0.06106,0.29508
75.0601,0.016874,0.016708,0.165,-0.05995,0.28295,-0.05348,0.37880
75.0801,0.015736,0.015503,0.233,-0.05355,0.35655,-0.04486,0.43089
75.1001,0.014741,0.014449,0.292,-0.04573,0.42369,-0.03514,0.48597
75.1201,0.013915,0.013565,0.349,-0.03665,0.48294,-0.02414,0.55009
75.1401,0.013282,0.012881,0.401,-0.02647,0.53297,-0.01228,0.59311
75.1601,0.012862,0.012404,0.458,-0.01541,0.57266,0.00082,0.65467
75.1801,0.012671,0.012164,0.506,-0.00363,0.60129,0.01410,0.66419
75.2001,0.012719,0.012170,0.549,0.00857,0.61810,0.02769,0.67975
75.2201,0.013015,0.012436,0.578,0.02099,0.62278,0.04099,0.66461
75.2401,0.013559,0.012977,0.582,0.03339,0.61519,0.05322,0.61143
75.2601,0.014349,0.013807,0.542,0.04552,0.59546,0.06350,0.51448
75.2801,0.015377,0.014876,0.501,0.05714,0.56396,0.07372,0.51101
75.3001,0.016629,0.016146,0.484,0.06801,0.52141,0.08426,0.52692
75.3201,0.018090,0.017636,0.454,0.07792,0.46859,0.09303,0.43849
75.3401,0.019740,0.019339,0.401,0.08670,0.40658,0.09974,0.33534
75.3601,0.021550,0.021245,0.306,0.09414,0.33672,0.10349,0.18759
75.3801,0.023494,0.023261,0.233,0.10012,0.26048,0.10723,0.18700
75.4001,0.025543,0.025352,0.192,0.10452,0.17929,0.11059,0.16773
75.4201,0.027664,0.027515,0.149,0.10727,0.09488,0.11188,0.06449
75.4401,0.029826,0.029740,0.086,0.10831,0.00881,0.11055,-0.06623
75.4601,0.031985,0.031977,0.008,0.10763,-0.07676,0.10706,-0.17458
75.4801,0.034116,0.034181,-0.065,0.10525,-0.16051,0.10223,-0.24158
75.5001,0.036184,0.036286,-0.102,0.10123,-0.24067,0.09736,-0.24337
75.5201,0.038155,0.038316,-0.161,0.09566,-0.31565,0.08955,-0.39059
75.5401,0.040003,0.040272,-0.269,0.08864,-0.38406,0.07830,-0.56269
75.5601,0.041693,0.042044,-0.352,0.08035,-0.44437,0.06749,-0.54026
75.5801,0.043207,0.043601,-0.394,0.07094,-0.49570,0.05709,-0.52020
75.6001,0.044524,0.044936,-0.412,0.06059,-0.53703,0.04637,-0.53576
75.6201,0.045626,0.046065,-0.439,0.04953,-0.56767,0.03429,-0.60389
75.6401,0.046502,0.046975,-0.473,0.03796,-0.58714,0.02150,-0.63946
75.6601,0.047143,0.047651,-0.508,0.02610,-0.59521,0.00844,-0.65325
75.6801,0.047546,0.048073,-0.527,0.01423,-0.59187,-0.00389,-0.61628
75.7001,0.047713,0.048230,-0.517,0.00252,-0.57739,-0.01494,-0.55284
75.7201,0.047649,0.048164,-0.515,-0.00880,-0.55223,-0.02628,-0.56661
75.7401,0.047365,0.047869,-0.504,-0.01951,-0.51708,-0.03652,-0.51242
75.7601,0.046874,0.047337,-0.464,-0.02943,-0.47281,-0.04474,-0.41089
75.7801,0.046194,0.046593,-0.398,-0.03837,-0.42055,-0.05119,-0.32232
75.8001,0.045347,0.045693,-0.346,-0.04620,-0.36148,-0.05741,-0.31089
75.8201,0.044355,0.044652,-0.297,-0.05279,-0.29690,-0.06235,-0.24727
75.8401,0.043244,0.043471,-0.227,-0.05805,-0.22828,-0.06498,-0.13124
75.8601,0.042043,0.042207,-0.165,-0.06190,-0.15709,-0.06682,-0.09221
75.8801,0.040777,0.040895,-0.117,-0.06432,-0.08478,-0.06779,-0.04839
75.9001,0.039479,0.039548,-0.068,-0.06530,-0.01296,-0.06709,0.03489
75.9201,0.038175,0.038189,-0.014,-0.06485,0.05701,-0.06473,0.11790
75.9401,0.036894,0.036867,0.028,-0.06304,0.12372,-0.06164,0.15472
75.9601,0.035662,0.035581,0.081,-0.05993,0.18592,-0.05659,0.25259
75.9801,0.034505,0.034357,0.148,-0.05564,0.24242,-0.04988,0.33532
76.0001,0.033444,0.033224,0.220,-0.05028,0.29226,-0.04201,0.39363
76.0201,0.032500,0.032243,0.256,-0.04400,0.33460,-0.03489,0.35591
76.0401,0.031689,0.031420,0.268,-0.03695,0.36880,-0.02769,0.35992
76.0601,0.031025,0.030745,0.280,-0.02930,0.39444,-0.01966,0.40129
76.0801,0.030519,0.030214,0.305,-0.02123,0.41121,-0.01057,0.45467
76.1001,0.030178,0.029836,0.342,-0.01292,0.41913,-0.00090,0.48361
76.1201,0.030003,0.029642,0.361,-0.00453,0.41831,0.00796,0.44289
76.1401,0.029996,0.029641,0.355,0.00376,0.40911,0.01574,0.38924
76.1601,0.030152,0.029790,0.362,0.01179,0.39202,0.02419,0.42236
76.1801,0.030465,0.030115,0.349,0.01939,0.36775,0.03113,0.34701
76.2001,0.030925,0.030607,0.318,0.02646,0.33702,0.03692,0.28935
76.2201,0.031519,0.031248,0.271,0.03285,0.30085,0.04154,0.23135
76.2401,0.032233,0.032005,0.228,0.03846,0.26021,0.04576,0.21083
76.2601,0.033051,0.032838,0.213,0.04323,0.21624,0.05028,0.22597
76.2801,0.033955,0.033772,0.183,0.04709,0.16995,0.05301,0.13637
76.3001,0.034928,0.034805,0.123,0.05002,0.12245,0.05354,0.02674
76.3201,0.035950,0.035872,0.078,0.05199,0.07490,0.05413,0.02923
76.3401,0.037002,0.036947,0.055,0.05302,0.02833,0.05463,0.02535
76.3601,0.038065,0.038023,0.042,0.05314,-0.01622,0.05441,-0.01139
76.3801,0.039121,0.039131,-0.010,0.05239,-0.05791,0.05150,-0.14516
76.4001,0.040156,0.040214,-0.058,0.05084,-0.09601,0.04834,-0.15835
76.4201,0.041150,0.041232,-0.082,0.04858,-0.12968,0.04552,-0.14059
76.4401,0.042094,0.042190,-0.096,0.04569,-0.15857,0.04229,-0.16161
76.4601,0.042975,0.043077,-0.103,0.04227,-0.18223,0.03870,-0.17955
76.4801,0.043782,0.043920,-0.138,0.03844,-0.20045,0.03335,-0.26766
76.5001,0.044510,0.044669,-0.159,0.03429,-0.21315,0.02865,-0.23470
76.5201,0.045153,0.045325,-0.172,0.02995,-0.22039,0.02395,-0.23514
76.5401,0.045708,0.045883,-0.176,0.02551,-0.22237,0.01949,-0.22326
76.5601,0.046173,0.046339,-0.166,0.02108,-0.21945,0.01555,-0.19701
76.5801,0.046551,0.046717,-0.166,0.01676,-0.21208,0.01112,-0.22116
76.6001,0.046845,0.047012,-0.166,0.01262,-0.20078,0.00696,-0.20813
76.6201,0.047058,0.047216,-0.158,0.00875,-0.18623,0.00349,-0.17363
76.6401,0.047197,0.047341,-0.143,0.00520,-0.16906,0.00048,-0.15050
76.6601,0.047269,0.047394,-0.126,0.00200,-0.15003,-0.00207,-0.12726
76.6801,0.047280,0.047393,-0.113,-0.00080,-0.12987,-0.00450,-0.12163
76.7001,0.047239,0.047363,-0.123,-0.00319,-0.10931,-0.00750,-0.15006
76.7201,0.047155,0.047277,-0.122,-0.00517,-0.08904,-0.00932,-0.09076
76.7401,0.047035,0.047126,-0.091,-0.00676,-0.06977,-0.00950,-0.00896
76.7601,0.046887,0.046946,-0.059,-0.00797,-0.05204,-0.00961,-0.00583
76.7801,0.046719,0.046759,-0.040,-0.00885,-0.03638,-0.01002,-0.02030
76.8001,0.046535,0.046564,-0.029,-0.00944,-0.02320,-0.01030,-0.01398
76.8201,0.046342,0.046363,-0.020,-0.00980,-0.01281,-0.01040,-0.00524
76.8401,0.046144,0.046153,-0.009,-0.00998,-0.00539,-0.01016,0.01194
76.8601,0.045944,0.045952,-0.008,-0.01004,-0.00107,-0.01028,-0.00558
76.8801,0.045743,0.045754,-0.011,-0.01004,0.00022,-0.01045,-0.00851
76.9001,0.045542,0.045545,-0.002,-0.01005,-0.00139,-0.01002,0.02113
76.9201,0.045341,0.045338,0.003,-0.01011,-0.00564,-0.00994,0.00410
76.9401,0.045137,0.045136,0.001,-0.01029,-0.01220,-0.01027,-0.01633
76.9601,0.044929,0.044942,-0.013,-0.01061,-0.02063,-0.01121,-0.04717
76.9801,0.044712,0.044735,-0.024,-0.01112,-0.03044,-0.01205,-0.04176
77.0001,0.044482,0.044500,-0.017,-0.01184,-0.04109,-0.01236,-0.01552
77.0201,0.044236,0.044255,-0.018,-0.01277,-0.05201,-0.01341,-0.05243
77.0401,0.043970,0.044006,-0.036,-0.01391,-0.06256,-0.01534,-0.09650
77.0601,0.043678,0.043736,-0.058,-0.01527,-0.07223,-0.01746,-0.10610
77.0801,0.043358,0.043419,-0.060,-0.01679,-0.08039,-0.01887,-0.07068
77.1001,0.043006,0.043061,-0.055,-0.01847,-0.08658,-0.02030,-0.07121
77.1201,0.042619,0.042678,-0.059,-0.02024,-0.09032,-0.02228,-0.09945
77.1401,0.042196,0.042265,-0.069,-0.02206,-0.09125,-0.02453,-0.11249
77.1601,0.041737,0.041803,-0.066,-0.02387,-0.08908,-0.02609,-0.07797
77.1801,0.041242,0.041306,-0.064,-0.02560,-0.08362,-0.02775,-0.08274
77.2001,0.040714,0.040774,-0.060,-0.02719,-0.07482,-0.02921,-0.07285
77.2201,0.040156,0.040211,-0.056,-0.02857,-0.06270,-0.03042,-0.06054
77.2401,0.039572,0.039628,-0.056,-0.02968,-0.04741,-0.03160,-0.05937
77.2601,0.038971,0.039009,-0.038,-0.03045,-0.02928,-0.03153,0.00370
77.2801,0.038357,0.038372,-0.015,-0.03083,-0.00862,-0.03110,0.02152
77.3001,0.037740,0.037743,-0.003,-0.03078,0.01409,-0.03076,0.01697
77.3201,0.037129,0.037120,0.009,-0.03026,0.03821,-0.02980,0.04795
77.3400,0.036534,0.036506,0.028,-0.02925,0.06315,-0.02810,0.08511
77.3601,0.035963,0.035914,0.048,-0.02773,0.08832,-0.02587,0.11134
77.3801,0.035427,0.035361,0.066,-0.02572,0.11285,-0.02326,0.13072
77.4001,0.034937,0.034856,0.081,-0.02323,0.13608,-0.02030,0.14812
77.4201,0.034501,0.034398,0.104,-0.02029,0.15725,-0.01651,0.18901
77.4401,0.034128,0.034002,0.127,-0.01696,0.17565,-0.01240,0.20565
77.4601,0.033825,0.033689,0.136,-0.01328,0.19066,-0.00854,0.19290
77.4801,0.033599,0.033456,0.143,-0.00936,0.20164,-0.00443,0.20562
77.5001,0.033452,0.033303,0.149,-0.00525,0.20813,-0.00012,0.21555
77.5201,0.033389,0.033230,0.160,-0.00106,0.20973,0.00448,0.22997
77.5401,0.033410,0.033237,0.173,0.00310,0.20616,0.00913,0.23262
77.5601,0.033513,0.033321,0.192,0.00715,0.19727,0.01388,0.23727
77.5801,0.033694,0.033508,0.186,0.01096,0.18308,0.01723,0.16779
77.6001,0.033949,0.033789,0.159,0.01444,0.16369,0.01956,0.11630
77.6201,0.034269,0.034142,0.127,0.01748,0.13940,0.02145,0.09473
77.6401,0.034644,0.034535,0.109,0.01998,0.11070,0.02350,0.10249
77.6601,0.035064,0.034972,0.092,0.02188,0.07807,0.02481,0.06550
77.6801,0.035515,0.035447,0.067,0.02308,0.04220,0.02509,0.01408
77.7001,0.035982,0.035947,0.035,0.02355,0.00390,0.02439,-0.03533
77.7201,0.036451,0.036447,0.004,0.02323,-0.03593,0.02303,-0.06801
77.7401,0.036906,0.036927,-0.021,0.02211,-0.07635,0.02111,-0.09591
77.7601,0.037330,0.037382,-0.052,0.02018,-0.11636,0.01809,-0.15086
77.7801,0.037708,0.037795,-0.087,0.01746,-0.15490,0.01411,-0.19898
77.8001,0.038024,0.038149,-0.125,0.01400,-0.19097,0.00932,-0.23977
77.8201,0.038263,0.038415,-0.152,0.00985,-0.22355,0.00439,-0.24611
77.8401,0.038414,0.038583,-0.169,0.00509,-0.25169,-0.00086,-0.26263
77.8601,0.038464,0.038653,-0.189,-0.00018,-0.27452,-0.00685,-0.29952
77.8801,0.038404,0.038636,-0.232,-0.00585,-0.29127,-0.01422,-0.36875
77.9001,0.038228,0.038499,-0.271,-0.01179,-0.30131,-0.02144,-0.36066
77.9201,0.037931,0.038209,-0.278,-0.01786,-0.30412,-0.02739,-0.29750
77.9401,0.037514,0.037771,-0.257,-0.02390,-0.29938,-0.03241,-0.25124
77.9601,0.036976,0.037211,-0.235,-0.02979,-0.28690,-0.03753,-0.25577
77.9801,0.036325,0.036549,-0.224,-0.03533,-0.26674,-0.04283,-0.26523
78.0001,0.035566,0.035783,-0.216,-0.04040,-0.23907,-0.04767,-0.24185
78.0200,0.034714,0.034910,-0.196,-0.04484,-0.20433,-0.05127,-0.18021
78.0401,0.033777,0.033939,-0.162,-0.04853,-0.16294,-0.05368,-0.12055
78.0601,0.032777,0.032900,-0.123,-0.05133,-0.11584,-0.05507,-0.06921
78.0801,0.031730,0.031818,-0.087,-0.05313,-0.06382,-0.05570,-0.03176
78.1001,0.030659,0.030712,-0.053,-0.05385,-0.00799,-0.05529,0.02081
78.1201,0.029583,0.029596,-0.013,-0.05343,0.05058,-0.05343,0.09259
78.1401,0.028529,0.028493,0.036,-0.05182,0.11046,-0.05006,0.16868
78.1601,0.027519,0.027430,0.089,-0.04901,0.17045,-0.04540,0.23305
78.1801,0.026577,0.026443,0.134,-0.04501,0.22916,-0.03996,0.27183
78.2001,0.025727,0.025551,0.175,-0.03987,0.28520,-0.03344,0.32596
78.2201,0.024990,0.024771,0.219,-0.03364,0.33723,-0.02570,0.38718
78.2401,0.024388,0.024113,0.275,-0.02641,0.38396,-0.01646,0.46196
78.2601,0.023939,0.023620,0.319,-0.01832,0.42419,-0.00698,0.47400
78.2801,0.023660,0.023307,0.353,-0.00950,0.45680,0.00287,0.49250
78.3001,0.023563,0.023182,0.381,-0.00011,0.48087,0.01318,0.51541
78.3201,0.023658,0.023229,0.430,0.00968,0.49563,0.02483,0.58264
78.3401,0.023952,0.023494,0.458,0.01966,0.50048,0.03553,0.53509
78.3601,0.024445,0.023992,0.453,0.02963,0.49505,0.04500,0.47333
78.3801,0.025136,0.024711,0.425,0.03939,0.47917,0.05354,0.42724
78.4001,0.026017,0.025625,0.393,0.04873,0.45295,0.06172,0.40877
78.4201,0.027080,0.026713,0.367,0.05744,0.41667,0.06965,0.39644
78.4401,0.028311,0.027966,0.346,0.06534,0.37077,0.07685,0.36016
78.4601,0.029689,0.029380,0.310,0.07223,0.31611,0.08236,0.27546
78.4802,0.031200,0.030939,0.261,0.07796,0.25336,0.08630,0.19723
78.5001,0.032795,0.032606,0.188,0.08232,0.18465,0.08791,0.08039
78.5201,0.034473,0.034346,0.127,0.08527,0.11011,0.08891,0.05012
78.5401,0.036196,0.036113,0.083,0.08670,0.03164,0.08902,0.00536
78.5601,0.037930,0.037894,0.037,0.08652,-0.04920,0.08726,-0.08807
78.5801,0.039646,0.039672,-0.027,0.08472,-0.13082,0.08312,-0.20682
78.6001,0.041308,0.041412,-0.104,0.08130,-0.21150,0.07692,-0.31008
78.6201,0.042887,0.043062,-0.175,0.07628,-0.28963,0.06954,-0.36904
78.6401,0.044350,0.044586,-0.236,0.06974,-0.36349,0.06104,-0.42490
78.6601,0.045668,0.045961,-0.293,0.06178,-0.43154,0.05119,-0.49268
78.6801,0.046814,0.047163,-0.350,0.05252,-0.49232,0.04000,-0.55932
78.7001,0.047761,0.048173,-0.412,0.04215,-0.54437,0.02746,-0.62703
78.7201,0.048493,0.048959,-0.466,0.03080,-0.58675,0.01437,-0.65477
78.7401,0.048990,0.049501,-0.511,0.01873,-0.61828,0.00085,-0.67597
78.7601,0.049239,0.049781,-0.542,0.00616,-0.63824,-0.01260,-0.67260
78.7801,0.049233,0.049801,-0.568,-0.00672,-0.64617,-0.02629,-0.68447
78.8001,0.048970,0.049571,-0.601,-0.01961,-0.64175,-0.04041,-0.70579
78.8201,0.048451,0.049053,-0.602,-0.03229,-0.62498,-0.05279,-0.61926
78.8401,0.047681,0.048249,-0.567,-0.04453,-0.59609,-0.06343,-0.53188
78.8601,0.046675,0.047187,-0.513,-0.05606,-0.55558,-0.07288,-0.47265
78.8801,0.045446,0.045902,-0.456,-0.06667,-0.50417,-0.08158,-0.43454
78.9001,0.044015,0.044425,-0.410,-0.07616,-0.44285,-0.08958,-0.40010
78.9201,0.042409,0.042774,-0.365,-0.08432,-0.37282,-0.09624,-0.33291
78.9401,0.040651,0.040961,-0.310,-0.09102,-0.29531,-0.10094,-0.23530
78.9601,0.038774,0.039013,-0.239,-0.09611,-0.21192,-0.10346,-0.12578
78.9801,0.036821,0.036978,-0.157,-0.09947,-0.12470,-0.10392,-0.02302
79.0001,0.034813,0.034898,-0.086,-0.10107,-0.03481,-0.10320,0.03613
79.0201,0.032789,0.032816,-0.027,-0.10086,0.05580,-0.10114,0.10270
79.0401,0.030789,0.030755,0.034,-0.09885,0.14518,-0.09702,0.20597
79.0601,0.028847,0.028739,0.108,-0.09507,0.23157,-0.09058,0.32224
79.0801,0.026998,0.026812,0.186,-0.08962,0.31328,-0.08243,0.40733
79.1001,0.025274,0.025017,0.257,-0.08259,0.38869,-0.07308,0.46768
79.1201,0.023705,0.023384,0.320,-0.07412,0.45629,-0.06253,0.52747
79.1401,0.022317,0.021939,0.379,-0.06440,0.51474,-0.05087,0.58278
79.1601,0.021136,0.020704,0.432,-0.05360,0.56290,-0.03834,0.62677
79.1801,0.020179,0.019699,0.480,-0.04195,0.59986,-0.02511,0.66113
79.2001,0.019461,0.018941,0.520,-0.02968,0.62490,-0.01155,0.67804
79.2201,0.018994,0.018443,0.551,-0.01704,0.63760,0.00204,0.67968
79.2401,0.018781,0.018215,0.565,-0.00426,0.63779,0.01512,0.65419
79.2601,0.018823,0.018238,0.585,0.00840,0.62555,0.02851,0.66908
79.2823,0.019163,0.018553,0.609,0.02204,0.59773,0.04303,0.72599
79.3006,0.019663,0.019036,0.627,0.03266,0.56432,0.05419,0.55806
79.3201,0.020404,0.019870,0.533,0.04323,0.51890,0.06033,0.30726
79.3401,0.021368,0.020967,0.402,0.05306,0.46278,0.06528,0.24741
79.3601,0.022520,0.022197,0.323,0.06170,0.39818,0.07179,0.32560
79.3801,0.023827,0.023526,0.301,0.06895,0.32676,0.07895,0.35783
79.4001,0.025266,0.024983,0.283,0.07472,0.24979,0.08416,0.26055
79.4201,0.026807,0.026586,0.222,0.07892,0.16889,0.08577,0.08052
79.4401,0.028412,0.028284,0.128,0.08147,0.08606,0.08477,-0.05011
79.4601,0.030058,0.030003,0.055,0.08235,0.00244,0.08342,-0.06720
79.4801,0.031693,0.031699,-0.006,0.08158,-0.07928,0.08071,-0.13581
79.5001,0.033304,0.033365,-0.060,0.07920,-0.15841,0.07656,-0.20765
79.5201,0.034851,0.034968,-0.116,0.07528,-0.23297,0.07070,-0.29265
79.5401,0.036308,0.036484,-0.176,0.06991,-0.30168,0.06326,-0.37225
79.5601,0.037640,0.037882,-0.242,0.06326,-0.36290,0.05431,-0.44743
79.5801,0.038829,0.039133,-0.303,0.05546,-0.41575,0.04446,-0.49220
79.6001,0.039852,0.040205,-0.353,0.04669,-0.45924,0.03415,-0.51564
79.6201,0.040691,0.041082,-0.391,0.03716,-0.49260,0.02345,-0.53494
79.6401,0.041335,0.041757,-0.422,0.02706,-0.51540,0.01234,-0.55543
79.6601,0.041772,0.042212,-0.440,0.01661,-0.52732,0.00146,-0.54429
79.6801,0.041998,0.042443,-0.444,0.00605,-0.52834,-0.00911,-0.52867
79.7001,0.042014,0.042462,-0.448,-0.00446,-0.51867,-0.01972,-0.53048
79.7201,0.041822,0.042289,-0.467,-0.01464,-0.49878,-0.03071,-0.54911
79.7401,0.041431,0.041894,-0.462,-0.02434,-0.46926,-0.04000,-0.46455
79.7601,0.040853,0.041273,-0.420,-0.03335,-0.43100,-0.04718,-0.35904
79.7801,0.040104,0.040465,-0.362,-0.04152,-0.38502,-0.05317,-0.29955
79.8001,0.039199,0.039505,-0.305,-0.04871,-0.33242,-0.05847,-0.26516
79.8201,0.038161,0.038423,-0.262,-0.05479,-0.27447,-0.06320,-0.23649
79.8401,0.037015,0.037234,-0.220,-0.05967,-0.21265,-0.06667,-0.17355
79.8601,0.035785,0.035957,-0.172,-0.06327,-0.14841,-0.06861,-0.09685
79.8801,0.034494,0.034610,-0.116,-0.06559,-0.08304,-0.06890,-0.01449
79.9001,0.033170,0.033230,-0.060,-0.06660,-0.01807,-0.06804,0.04280
79.9201,0.031837,0.031853,-0.016,-0.06632,0.04520,-0.06638,0.08334
79.9401,0.030525,0.030497,0.028,-0.06481,0.10521,-0.06337,0.15015
79.9601,0.029253,0.029177,0.076,-0.06214,0.16101,-0.05902,0.21764
79.9801,0.028046,0.027917,0.129,-0.05841,0.21130,-0.05342,0.27980
80.0001,0.026921,0.026752,0.169,-0.05372,0.25536,-0.04753,0.29467
80.0201,0.025902,0.025696,0.206,-0.04824,0.29210,-0.04086,0.33369
80.0401,0.024997,0.024767,0.231,-0.04210,0.32117,-0.03398,0.34371
80.0601,0.024221,0.023965,0.256,-0.03545,0.34208,-0.02647,0.37593
80.0801,0.023581,0.023306,0.275,-0.02846,0.35465,-0.01889,0.37872
80.1001,0.023083,0.022797,0.286,-0.02132,0.35884,-0.01149,0.36996
80.1201,0.022729,0.022433,0.295,-0.01418,0.35486,-0.00403,0.37310
80.1401,0.022515,0.022217,0.299,-0.00718,0.34306,0.00300,0.35168
80.1601,0.022439,0.022157,0.282,-0.00049,0.32395,0.00893,0.29619
80.1801,0.022493,0.022206,0.287,0.00573,0.29829,0.01554,0.33045
80.2001,0.022665,0.022390,0.275,0.01140,0.26682,0.02062,0.25430
80.2201,0.022944,0.022711,0.232,0.01637,0.23057,0.02381,0.15924
80.2400,0.023314,0.023137,0.176,0.02058,0.19052,0.02596,0.10773
80.2601,0.023761,0.023623,0.138,0.02397,0.14758,0.02825,0.11445
80.2801,0.024268,0.024155,0.113,0.02648,0.10299,0.03006,0.09032
80.3001,0.024815,0.024729,0.086,0.02809,0.05798,0.03073,0.03379
80.3201,0.025386,0.025332,0.053,0.02880,0.01348,0.03024,-0.02463
80.3401,0.025962,0.025948,0.014,0.02864,-0.02947,0.02870,-0.07703
80.3601,0.026526,0.026545,-0.020,0.02764,-0.06981,0.02660,-0.10503
80.3800,0.027060,0.027114,-0.054,0.02588,-0.10666,0.02367,-0.14662
80.4001,0.027555,0.027637,-0.082,0.02340,-0.13951,0.02030,-0.16828
80.4201,0.027994,0.028100,-0.106,0.02033,-0.16750,0.01644,-0.19304
80.4401,0.028365,0.028493,-0.128,0.01674,-0.19021,0.01215,-0.21437
80.4601,0.028660,0.028806,-0.145,0.01275,-0.20730,0.00763,-0.22598
80.4801,0.028873,0.029037,-0.163,0.00848,-0.21860,0.00273,-0.24506
80.5001,0.028999,0.029174,-0.175,0.00405,-0.22407,-0.00203,-0.23822
80.5201,0.029035,0.029206,-0.171,-0.00044,-0.22383,-0.00620,-0.20838
80.5401,0.028982,0.029172,-0.191,-0.00487,-0.21814,-0.01158,-0.26915
80.5601,0.028841,0.029052,-0.211,-0.00914,-0.20739,-0.01653,-0.24758
80.5801,0.028618,0.028817,-0.199,-0.01314,-0.19211,-0.01979,-0.16263
80.6001,0.028318,0.028475,-0.157,-0.01679,-0.17289,-0.02168,-0.09468
80.6201,0.027949,0.028071,-0.122,-0.02003,-0.15040,-0.02378,-0.10511
80.6401,0.027520,0.027630,-0.110,-0.02279,-0.12541,-0.02642,-0.13209
80.6601,0.027041,0.027144,-0.104,-0.02504,-0.09869,-0.02850,-0.10371
80.6801,0.026522,0.026606,-0.084,-0.02673,-0.07103,-0.02939,-0.04450
80.7001,0.025975,0.026031,-0.056,-0.02788,-0.04324,-0.02946,-0.00337
80.7201,0.025411,0.025442,-0.031,-0.02847,-0.01605,-0.02926,0.00985
80.7401,0.024840,0.024853,-0.013,-0.02853,0.00981,-0.02879,0.02340
80.7601,0.024273,0.024266,0.006,-0.02809,0.03371,-0.02765,0.05694
80.7801,0.023718,0.023695,0.024,-0.02720,0.05511,-0.02621,0.07220
80.8001,0.023187,0.023146,0.041,-0.02590,0.07349,-0.02430,0.09551
80.8201,0.022685,0.022630,0.055,-0.02428,0.08854,-0.02226,0.10197
80.8401,0.022218,0.022149,0.069,-0.02239,0.10005,-0.01989,0.11858
80.8601,0.021791,0.021715,0.076,-0.02030,0.10787,-0.01763,0.11308
80.8801,0.021407,0.021328,0.079,-0.01810,0.11201,-0.01539,0.11199
80.9001,0.021067,0.020984,0.083,-0.01585,0.11259,-0.01296,0.12133
80.9201,0.020773,0.020691,0.082,-0.01362,0.10984,-0.01084,0.10594
80.9401,0.020522,0.020438,0.084,-0.01147,0.10409,-0.00860,0.11190
80.9601,0.020313,0.020230,0.083,-0.00947,0.09576,-0.00664,0.09823
80.9801,0.020142,0.020067,0.075,-0.00766,0.08533,-0.00519,0.07219
81.0001,0.020005,0.019947,0.059,-0.00607,0.07334,-0.00426,0.04674
81.0201,0.019898,0.019849,0.049,-0.00473,0.06039,-0.00319,0.05366
81.0401,0.019814,0.019771,0.043,-0.00365,0.04707,-0.00223,0.04772
81.0601,0.019750,0.019711,0.039,-0.00284,0.03397,-0.00156,0.03350
81.0800,0.019699,0.019670,0.029,-0.00229,0.02171,-0.00141,0.00754
81.1001,0.019657,0.019645,0.012,-0.00197,0.01074,-0.00175,-0.01685
81.1201,0.019619,0.019621,-0.002,-0.00185,0.00162,-0.00207,-0.01636
81.1401,0.019582,0.019587,-0.006,-0.00189,-0.00528,-0.00212,-0.00234
81.1601,0.019543,0.019544,-0.002,-0.00204,-0.00962,-0.00205,0.00340
81.1801,0.019500,0.019502,-0.002,-0.00225,-0.01120,-0.00233,-0.01382
81.2001,0.019452,0.019465,-0.013,-0.00247,-0.00990,-0.00303,-0.03499
81.2201,0.019401,0.019417,-0.016,-0.00263,-0.00570,-0.00320,-0.00864
81.2401,0.019348,0.019351,-0.003,-0.00268,0.00128,-0.00266,0.02710
81.2601,0.019295,0.019291,0.004,-0.00256,0.01083,-0.00234,0.01591
81.2801,0.019247,0.019239,0.008,-0.00223,0.02262,-0.00193,0.02074
81.3001,0.019207,0.019192,0.016,-0.00165,0.03623,-0.00102,0.04557
81.3201,0.019183,0.019158,0.025,-0.00077,0.05116,0.00019,0.06010
81.3401,0.019179,0.019145,0.033,0.00041,0.06685,0.00163,0.07238
81.3601,0.019201,0.019150,0.051,0.00190,0.08266,0.00385,0.11087
81.3801,0.019257,0.019170,0.087,0.00371,0.09792,0.00706,0.16033
81.4001,0.019351,0.019237,0.114,0.00581,0.11194,0.00999,0.14668
81.4201,0.019491,0.019380,0.111,0.00818,0.12410,0.01193,0.09675
81.4401,0.019680,0.019582,0.098,0.01076,0.13368,0.01393,0.10040
81.4601,0.019922,0.019825,0.098,0.01350,0.14014,0.01681,0.14380
81.4801,0.020220,0.020115,0.105,0.01633,0.14294,0.02000,0.15966
81.5001,0.020575,0.020458,0.118,0.01919,0.14162,0.02333,0.16629
81.5201,0.020987,0.020868,0.119,0.02197,0.13585,0.02602,0.13461
81.5401,0.021453,0.021346,0.107,0.02459,0.12541,0.02811,0.10459
81.5601,0.021970,0.021877,0.093,0.02696,0.11017,0.02994,0.09147
81.5801,0.022530,0.022448,0.082,0.02897,0.09020,0.03164,0.08466
81.6001,0.023126,0.023058,0.068,0.03054,0.06567,0.03269,0.05252
81.6201,0.023747,0.023696,0.050,0.03157,0.03695,0.03309,0.02034
81.6401,0.024384,0.024354,0.029,0.03199,0.00441,0.03275,-0.01688
81.6601,0.025022,0.025019,0.004,0.03172,-0.03136,0.03156,-0.05981
81.6801,0.025648,0.025671,-0.023,0.03072,-0.06957,0.02965,-0.09521
81.7001,0.026245,0.026295,-0.049,0.02893,-0.10946,0.02696,-0.13471
81.7201,0.026800,0.026878,-0.079,0.02633,-0.15018,0.02332,-0.18182
81.7401,0.027294,0.027406,-0.113,0.02292,-0.19073,0.01872,-0.23030
81.7601,0.027711,0.027860,-0.149,0.01871,-0.23002,0.01325,-0.27328
81.7801,0.028037,0.028219,-0.182,0.01374,-0.26713,0.00719,-0.30324
81.8001,0.028256,0.028468,-0.212,0.00804,-0.30103,0.00051,-0.33410
81.8201,0.028354,0.028589,-0.235,0.00172,-0.33067,-0.00651,-0.35093
81.8401,0.028321,0.028584,-0.262,-0.00514,-0.35513,-0.01437,-0.39265
81.8601,0.028146,0.028464,-0.318,-0.01244,-0.37361,-0.02384,-0.47384
81.8801,0.027822,0.028171,-0.349,-0.02004,-0.38536,-0.03227,-0.42131
81.9001,0.027343,0.027689,-0.345,-0.02780,-0.38974,-0.03951,-0.36187
81.9201,0.026710,0.027029,-0.319,-0.03558,-0.38630,-0.04615,-0.33203
81.9401,0.025921,0.026227,-0.306,-0.04320,-0.37475,-0.05346,-0.36565
81.9601,0.024983,0.025289,-0.306,-0.05052,-0.35494,-0.06094,-0.37400
81.9801,0.023904,0.024199,-0.295,-0.05734,-0.32700,-0.06724,-0.31477
82.0001,0.022694,0.022961,-0.267,-0.06354,-0.29113,-0.07230,-0.25326
82.0202,0.021360,0.021596,-0.236,-0.06897,-0.24751,-0.07666,-0.21793
82.0401,0.019942,0.020131,-0.188,-0.07340,-0.19757,-0.07928,-0.13113
82.0601,0.018437,0.018582,-0.145,-0.07681,-0.14129,-0.08124,-0.09814
82.0801,0.016878,0.016982,-0.104,-0.07902,-0.08003,-0.08210,-0.04293
82.1001,0.015286,0.015350,-0.064,-0.07998,-0.01478,-0.08170,0.02000
82.1201,0.013689,0.013705,-0.016,-0.07960,0.05321,-0.07962,0.10418
82.1401,0.012112,0.012074,0.038,-0.07784,0.12264,-0.07596,0.18287
82.1601,0.010584,0.010490,0.094,-0.07469,0.19211,-0.07087,0.25463
82.1801,0.009134,0.008981,0.153,-0.07017,0.26012,-0.06432,0.32737
82.2001,0.007786,0.007579,0.207,-0.06430,0.32533,-0.05668,0.38234
82.2201,0.006570,0.006310,0.260,-0.05718,0.38628,-0.04777,0.44513
82.2401,0.005507,0.005195,0.312,-0.04889,0.44162,-0.03769,0.50428
82.2601,0.004621,0.004254,0.367,-0.03956,0.49009,-0.02650,0.55958
82.2801,0.003930,0.003516,0.415,-0.02934,0.53056,-0.01470,0.58967
82.3001,0.003452,0.003000,0.451,-0.01839,0.56206,-0.00264,0.60301
82.3201,0.003198,0.002720,0.478,-0.00692,0.58368,0.00964,0.61414
82.3401,0.003177,0.002670,0.507,0.00488,0.59488,0.02244,0.63979
82.3601,0.003394,0.002843,0.551,0.01680,0.59522,0.03601,0.67850
82.3802,0.003852,0.003290,0.562,0.02868,0.58441,0.04792,0.59567
82.4001,0.004536,0.004008,0.529,0.04011,0.56277,0.05771,0.48930
82.4201,0.005449,0.004974,0.475,0.05105,0.53030,0.06662,0.44561
82.4401,0.006574,0.006145,0.428,0.06125,0.48760,0.07531,0.43436
82.4601,0.007893,0.007498,0.394,0.07049,0.43539,0.08353,0.41106
82.4801,0.009391,0.009025,0.366,0.07863,0.37439,0.09076,0.36161
82.5001,0.011028,0.010717,0.311,0.08543,0.30643,0.09539,0.23171
82.5201,0.012801,0.012557,0.244,0.09084,0.23177,0.09842,0.15112
82.5401,0.014651,0.014482,0.168,0.09468,0.15313,0.09957,0.05758
82.5601,0.016570,0.016461,0.109,0.09693,0.07101,0.09996,0.01988
82.5801,0.018517,0.018459,0.058,0.09751,-0.01255,0.09892,-0.05221
82.6001,0.020459,0.020459,-0.001,0.09643,-0.09591,0.09576,-0.15797
82.6201,0.022363,0.022435,-0.072,0.09369,-0.17737,0.09046,-0.26512
82.6401,0.024196,0.024342,-0.146,0.08936,-0.25520,0.08357,-0.34422
82.6601,0.025928,0.026132,-0.204,0.08351,-0.32791,0.07595,-0.38139
82.6801,0.027531,0.027791,-0.261,0.07627,-0.39393,0.06678,-0.45819
82.7001,0.028971,0.029293,-0.322,0.06781,-0.45168,0.05619,-0.52985
82.7201,0.030234,0.030613,-0.379,0.05827,-0.50023,0.04474,-0.57216
82.7401,0.031296,0.031724,-0.428,0.04787,-0.53844,0.03279,-0.59784
82.7601,0.032144,0.032605,-0.461,0.03681,-0.56554,0.02079,-0.59980
82.7801,0.032766,0.033250,-0.484,0.02533,-0.58092,0.00863,-0.60797
82.8001,0.033156,0.033654,-0.498,0.01366,-0.58426,-0.00343,-0.60293
82.8201,0.033313,0.033818,-0.505,0.00204,-0.57549,-0.01521,-0.58910
82.8401,0.033239,0.033764,-0.524,-0.00928,-0.55479,-0.02733,-0.60584
82.8601,0.032945,0.033460,-0.516,-0.02008,-0.52259,-0.03752,-0.50954
82.8801,0.032441,0.032912,-0.471,-0.03012,-0.47958,-0.04563,-0.40547
82.9001,0.031747,0.032146,-0.400,-0.03919,-0.42667,-0.05200,-0.31877
82.9201,0.030880,0.031216,-0.335,-0.04713,-0.36491,-0.05783,-0.29112
82.9401,0.029870,0.030155,-0.285,-0.05374,-0.29581,-0.06287,-0.25225
82.9601,0.028740,0.028979,-0.239,-0.05892,-0.22059,-0.06654,-0.18358
82.9801,0.027523,0.027703,-0.180,-0.06254,-0.14104,-0.06800,-0.07303
83.0001,0.026250,0.026360,-0.110,-0.06454,-0.05883,-0.06751,0.02450
83.0201,0.024951,0.024996,-0.045,-0.06489,0.02452,-0.06568,0.09161
83.0401,0.023665,0.023648,0.017,-0.06357,0.10688,-0.06230,0.16926
83.0601,0.022421,0.022340,0.081,-0.06063,0.18671,-0.05717,0.25623
83.0801,0.021251,0.021106,0.145,-0.05613,0.26237,-0.05051,0.33297
83.1001,0.020186,0.019976,0.210,-0.05018,0.33217,-0.04232,0.40972
83.1201,0.019252,0.018984,0.268,-0.04289,0.39476,-0.03313,0.45954
83.1401,0.018478,0.018153,0.325,-0.03445,0.44860,-0.02277,0.51760
83.1601,0.017881,0.017505,0.376,-0.02500,0.49290,-0.01167,0.55536
83.1801,0.017482,0.017066,0.417,-0.01480,0.52650,-0.00018,0.57424
83.2001,0.017293,0.016847,0.446,-0.00402,0.54888,0.01149,0.58363
83.2201,0.017324,0.016844,0.479,0.00709,0.55953,0.02376,0.61325
83.2401,0.017577,0.017062,0.515,0.01827,0.55834,0.03617,0.62070
83.2601,0.018053,0.017536,0.517,0.02933,0.54537,0.04694,0.53877
83.2801,0.018748,0.018262,0.485,0.04001,0.52098,0.05615,0.46050
83.3001,0.019650,0.019213,0.436,0.05010,0.48574,0.06440,0.41210
83.3201,0.020747,0.020347,0.400,0.05938,0.44043,0.07256,0.40820
83.3401,0.022019,0.021652,0.367,0.06766,0.38614,0.07980,0.36182
83.3601,0.023446,0.023124,0.322,0.07478,0.32408,0.08521,0.27068
83.3801,0.025000,0.024743,0.258,0.08058,0.25567,0.08864,0.17134
83.4001,0.026659,0.026466,0.193,0.08497,0.18225,0.09083,0.10939
83.4201,0.028395,0.028255,0.139,0.08785,0.10536,0.09201,0.05899
83.4401,0.030160,0.030082,0.078,0.08918,0.02735,0.09117,-0.04160
83.4601,0.031944,0.031924,0.021,0.08894,-0.05096,0.08900,-0.10863
83.4801,0.033708,0.033743,-0.035,0.08715,-0.12758,0.08535,-0.18233
83.5001,0.035420,0.035515,-0.096,0.08386,-0.20083,0.07994,-0.27055
83.5201,0.037052,0.037210,-0.158,0.07915,-0.26929,0.07310,-0.34225
83.5401,0.038579,0.038794,-0.216,0.07312,-0.33157,0.06516,-0.39684
83.5601,0.039972,0.040243,-0.271,0.06593,-0.38629,0.05609,-0.45335
83.5801,0.041210,0.041528,-0.318,0.05773,-0.43239,0.04640,-0.48476
83.6001,0.042274,0.042635,-0.361,0.04871,-0.46898,0.03598,-0.52097
83.6201,0.043153,0.043545,-0.392,0.03905,-0.49546,0.02536,-0.53113
83.6401,0.043833,0.044250,-0.417,0.02896,-0.51136,0.01450,-0.54302
83.6601,0.044309,0.044738,-0.429,0.01867,-0.51646,0.00397,-0.52656
83.6801,0.044580,0.045017,-0.437,0.00838,-0.51079,-0.00657,-0.52680
83.7001,0.044646,0.045078,-0.432,-0.00170,-0.49460,-0.01633,-0.48798
83.7201,0.044515,0.044962,-0.447,-0.01134,-0.46841,-0.02672,-0.51948
83.7401,0.044196,0.044630,-0.433,-0.02037,-0.43289,-0.03495,-0.41157
83.7601,0.043705,0.044086,-0.381,-0.02860,-0.38894,-0.04097,-0.30070
83.7801,0.043059,0.043370,-0.311,-0.03588,-0.33761,-0.04571,-0.23706
83.8001,0.042277,0.042532,-0.255,-0.04206,-0.28011,-0.05009,-0.21942
83.8201,0.041384,0.041601,-0.217,-0.04705,-0.21778,-0.05400,-0.19519
83.8401,0.040403,0.040581,-0.178,-0.05076,-0.15195,-0.05640,-0.11990
83.8601,0.039360,0.039486,-0.126,-0.05312,-0.08409,-0.05683,-0.02149
83.8801,0.038286,0.038353,-0.067,-0.05412,-0.01590,-0.05576,0.05311
83.9001,0.037205,0.037217,-0.012,-0.05376,0.05135,-0.05357,0.10977
83.9201,0.036146,0.036104,0.042,-0.05209,0.11615,-0.05006,0.17552
83.9401,0.035130,0.035042,0.088,-0.04914,0.17736,-0.04563,0.22129
83.9601,0.034188,0.034053,0.135,-0.04502,0.23350,-0.03993,0.28494
83.9801,0.033337,0.033155,0.182,-0.03984,0.28362,-0.03314,0.33969
84.0001,0.032599,0.032372,0.228,-0.03372,0.32677,-0.02547,0.38341
84.0201,0.031994,0.031727,0.266,-0.02683,0.36203,-0.01735,0.40622
84.0401,0.031531,0.031236,0.295,-0.01930,0.38897,-0.00894,0.42044
84.0601,0.031224,0.030909,0.316,-0.01133,0.40713,-0.00037,0.42853
84.0801,0.031080,0.030749,0.331,-0.00306,0.41635,0.00836,0.43645
84.1001,0.031102,0.030751,0.351,0.00527,0.41660,0.01740,0.45198
84.1201,0.031290,0.030910,0.381,0.01353,0.40812,0.02680,0.47013
84.1401,0.031642,0.031263,0.379,0.02154,0.39127,0.03443,0.38112
84.1601,0.032149,0.031810,0.339,0.02913,0.36666,0.04022,0.28981
84.1801,0.032803,0.032516,0.287,0.03616,0.33501,0.04533,0.25535
84.2001,0.033591,0.033336,0.255,0.04249,0.29715,0.05081,0.27422
84.2201,0.034497,0.034260,0.237,0.04801,0.25408,0.05586,0.25252
84.2401,0.035505,0.035293,0.212,0.05262,0.20685,0.05955,0.18426
84.2601,0.036596,0.036428,0.167,0.05626,0.15659,0.06145,0.09531
84.2801,0.037748,0.037632,0.116,0.05887,0.10452,0.06223,0.03896
84.3001,0.038943,0.038868,0.074,0.06044,0.05168,0.06250,0.01327
84.3201,0.040158,0.040118,0.040,0.06094,-0.00071,0.06193,-0.02847
84.3401,0.041373,0.041368,0.005,0.06042,-0.05159,0.06020,-0.08643
84.3601,0.042569,0.042604,-0.035,0.05890,-0.09994,0.05725,-0.14781
84.3801,0.043723,0.043799,-0.076,0.05644,-0.14478,0.05340,-0.19212
84.4001,0.044820,0.044931,-0.111,0.05313,-0.18536,0.04897,-0.22150
84.4201,0.045843,0.045986,-0.143,0.04906,-0.22097,0.04386,-0.25571
84.4401,0.046778,0.046949,-0.170,0.04433,-0.25108,0.03823,-0.28124
84.4601,0.047614,0.047809,-0.195,0.03905,-0.27531,0.03214,-0.30487
84.4801,0.048339,0.048554,-0.215,0.03335,-0.29340,0.02581,-0.31628
84.5001,0.048946,0.049180,-0.235,0.02736,-0.30526,0.01917,-0.33194
84.5201,0.049432,0.049677,-0.245,0.02118,-0.31100,0.01274,-0.32164
84.5401,0.049793,0.050042,-0.250,0.01496,-0.31081,0.00642,-0.31589
84.5601,0.050030,0.050272,-0.241,0.00879,-0.30505,0.00067,-0.28756
84.5801,0.050146,0.050382,-0.236,0.00279,-0.29418,-0.00517,-0.29189
84.6001,0.050144,0.050376,-0.232,-0.00295,-0.27879,-0.01079,-0.28133
84.6201,0.050030,0.050280,-0.250,-0.00834,-0.25950,-0.01705,-0.31254
84.6401,0.049813,0.050057,-0.244,-0.01330,-0.23707,-0.02153,-0.22443
84.6601,0.049501,0.049711,-0.210,-0.01780,-0.21223,-0.02455,-0.15064
84.6801,0.049104,0.049270,-0.166,-0.02178,-0.18577,-0.02693,-0.11912
84.7001,0.048633,0.048771,-0.138,-0.02523,-0.15846,-0.02960,-0.13336
84.7201,0.048099,0.048220,-0.121,-0.02812,-0.13104,-0.03206,-0.12338
84.7401,0.047511,0.047616,-0.105,-0.03048,-0.10420,-0.03386,-0.08959
84.7601,0.046884,0.046969,-0.085,-0.03230,-0.07868,-0.03498,-0.05636
84.7801,0.046224,0.046284,-0.060,-0.03363,-0.05495,-0.03541,-0.02113
84.8001,0.045541,0.045581,-0.040,-0.03451,-0.03347,-0.03563,-0.01128
84.8201,0.044846,0.044873,-0.027,-0.03499,-0.01467,-0.03576,-0.00631
84.8401,0.044144,0.044155,-0.011,-0.03512,0.00124,-0.03530,0.02301
84.8601,0.043443,0.043439,0.003,-0.03496,0.01410,-0.03469,0.03050
84.8801,0.042746,0.042738,0.009,-0.03457,0.02390,-0.03423,0.02302
84.9001,0.042060,0.042044,0.016,-0.03402,0.03070,-0.03341,0.04072
84.9201,0.041386,0.041366,0.021,-0.03336,0.03469,-0.03261,0.04008
84.9401,0.040726,0.040703,0.023,-0.03265,0.03618,-0.03184,0.03845
84.9601,0.040081,0.040051,0.030,-0.03193,0.03552,-0.03084,0.05004
84.9801,0.039448,0.039420,0.028,-0.03124,0.03316,-0.03030,0.02726
85.0001,0.038830,0.038808,0.022,-0.03061,0.02960,-0.02992,0.01890
85.0201,0.038224,0.038202,0.023,-0.03006,0.02535,-0.02929,0.03163
85.0401,0.037628,0.037604,0.024,-0.02960,0.02097,-0.02877,0.02586
85.0601,0.037040,0.037022,0.018,-0.02922,0.01699,-0.02867,0.00466
85.0801,0.036458,0.036447,0.011,-0.02891,0.01393,-0.02861,0.00317
85.1001,0.035882,0.035873,0.010,-0.02866,0.01227,-0.02835,0.01321
85.1201,0.035312,0.035303,0.009,-0.02841,0.01242,-0.02811,0.01189
85.1401,0.034746,0.034738,0.007,-0.02814,0.01473,-0.02791,0.00986
85.1601,0.034187,0.034173,0.014,-0.02781,0.01946,-0.02727,0.03222
85.1801,0.033635,0.033620,0.015,-0.02735,0.02677,-0.02683,0.02189
85.2001,0.033094,0.033077,0.017,-0.02672,0.03672,-0.02610,0.03658
85.2201,0.032568,0.032542,0.025,-0.02586,0.04925,-0.02491,0.05938
85.2401,0.032061,0.032024,0.037,-0.02473,0.06421,-0.02334,0.07847
85.2601,0.031581,0.031535,0.046,-0.02328,0.08131,-0.02162,0.08618
85.2801,0.031132,0.031075,0.058,-0.02147,0.10019,-0.01938,0.11179
85.3001,0.030724,0.030653,0.072,-0.01926,0.12039,-0.01667,0.13544
85.3201,0.030365,0.030274,0.090,-0.01665,0.14133,-0.01337,0.16519
85.3401,0.030061,0.029953,0.108,-0.01361,0.16242,-0.00973,0.18190
85.3601,0.029823,0.029702,0.121,-0.01015,0.18301,-0.00589,0.19226
85.3801,0.029658,0.029522,0.136,-0.00630,0.20238,-0.00151,0.21899
85.4001,0.029574,0.029424,0.149,-0.00207,0.21984,0.00315,0.23291
85.4201,0.029577,0.029408,0.169,0.00248,0.23467,0.00844,0.26448
85.4401,0.029675,0.029464,0.211,0.00729,0.24621,0.01493,0.32430
85.4601,0.029870,0.029635,0.235,0.01230,0.25387,0.02056,0.28150
85.4801,0.030167,0.029942,0.225,0.01741,0.25710,0.02494,0.21909
85.5001,0.030567,0.030364,0.203,0.02255,0.25546,0.02921,0.21350
85.5201,0.031068,0.030877,0.191,0.02760,0.24860,0.03396,0.23762
85.5401,0.031669,0.031474,0.195,0.03246,0.23630,0.03914,0.25879
85.5601,0.032365,0.032170,0.195,0.03702,0.21846,0.04365,0.22548
85.5801,0.033147,0.032968,0.179,0.04116,0.19520,0.04705,0.17039
85.6001,0.034009,0.033855,0.154,0.04479,0.16657,0.04978,0.13620
85.6201,0.034935,0.034811,0.124,0.04779,0.13314,0.05169,0.09571
85.6401,0.035915,0.035819,0.096,0.05008,0.09522,0.05306,0.06815
85.6601,0.036933,0.036861,0.072,0.05158,0.05351,0.05375,0.03457
85.6801,0.037974,0.037926,0.047,0.05220,0.00864,0.05354,-0.01039
85.7001,0.039015,0.039002,0.013,0.05191,-0.03832,0.05196,-0.07884
85.7201,0.040043,0.040070,-0.027,0.05066,-0.08663,0.04931,-0.13245
85.7401,0.041035,0.041103,-0.069,0.04844,-0.13515,0.04565,-0.18306
85.7601,0.041973,0.042079,-0.106,0.04526,-0.18290,0.04124,-0.22071
85.7801,0.042839,0.042979,-0.139,0.04114,-0.22880,0.03604,-0.25997
85.8001,0.043614,0.043786,-0.172,0.03612,-0.27175,0.02990,-0.30677
85.8201,0.044279,0.044488,-0.209,0.03030,-0.31062,0.02279,-0.35589
85.8401,0.044821,0.045070,-0.249,0.02373,-0.34456,0.01483,-0.39775
85.8601,0.045224,0.045506,-0.282,0.01656,-0.37249,0.00659,-0.41217
85.8801,0.045479,0.045783,-0.304,0.00888,-0.39378,-0.00167,-0.41304
85.9001,0.045577,0.045899,-0.322,0.00086,-0.40767,-0.01030,-0.43132
85.9201,0.045512,0.045868,-0.356,-0.00737,-0.41366,-0.01986,-0.47787
85.9401,0.045282,0.045661,-0.379,-0.01563,-0.41138,-0.02877,-0.44547
85.9601,0.044888,0.045258,-0.370,-0.02377,-0.40065,-0.03626,-0.37454
85.9801,0.044333,0.044668,-0.335,-0.03160,-0.38148,-0.04261,-0.31759
86.0001,0.043627,0.043924,-0.297,-0.03897,-0.35408,-0.04865,-0.30203
86.0201,0.042779,0.043054,-0.275,-0.04571,-0.31882,-0.05483,-0.30896
86.0401,0.041803,0.042061,-0.257,-0.05168,-0.27629,-0.06023,-0.27006
86.0601,0.040713,0.040946,-0.233,-0.05674,-0.22702,-0.06439,-0.20783
86.0801,0.039542,0.039723,-0.182,-0.06073,-0.17260,-0.06634,-0.09783
86.1001,0.038296,0.038422,-0.127,-0.06360,-0.11340,-0.06729,-0.04728
86.1201,0.037005,0.037086,-0.081,-0.06524,-0.05087,-0.06748,-0.00974
86.1401,0.035695,0.035735,-0.039,-0.06562,0.01365,-0.06650,0.04912
86.1601,0.034389,0.034385,0.004,-0.06469,0.07896,-0.06408,0.12107
86.1801,0.033115,0.033060,0.055,-0.06246,0.14348,-0.06001,0.20338
86.2001,0.031899,0.031790,0.109,-0.05897,0.20588,-0.05466,0.26750
86.2201,0.030764,0.030604,0.160,-0.05425,0.26481,-0.04824,0.32137
86.2401,0.029736,0.029525,0.211,-0.04840,0.31879,-0.04068,0.37779
86.2601,0.028835,0.028579,0.256,-0.04154,0.36661,-0.03235,0.41668
86.2801,0.028081,0.027785,0.296,-0.03380,0.40719,-0.02329,0.45278
86.3001,0.027487,0.027155,0.332,-0.02529,0.43960,-0.01359,0.48481
86.3201,0.027072,0.026709,0.363,-0.01627,0.46277,-0.00358,0.50095
86.3401,0.026840,0.026450,0.390,-0.00686,0.47625,0.00669,0.51315
86.3601,0.026799,0.026395,0.403,0.00271,0.47956,0.01657,0.49404
86.3801,0.026949,0.026517,0.432,0.01226,0.47245,0.02725,0.53428
86.4001,0.027287,0.026849,0.437,0.02154,0.45502,0.03647,0.46071
86.4201,0.027807,0.027403,0.404,0.03038,0.42741,0.04373,0.36320
86.4401,0.028498,0.028149,0.349,0.03858,0.39011,0.04985,0.30567
86.4601,0.029344,0.029040,0.304,0.04592,0.34391,0.05576,0.29594
86.4801,0.030329,0.030057,0.273,0.05228,0.28949,0.06121,0.27231
86.5001,0.031427,0.031192,0.236,0.05746,0.22823,0.06508,0.19325
86.5201,0.032619,0.032434,0.185,0.06137,0.16111,0.06710,0.10146
86.5401,0.033873,0.033748,0.125,0.06388,0.08975,0.06746,0.01787
86.5601,0.035163,0.035098,0.065,0.06494,0.01553,0.06647,-0.04942
86.5801,0.036460,0.036448,0.013,0.06449,-0.06001,0.06435,-0.10607
86.6001,0.037732,0.037775,-0.043,0.06254,-0.13505,0.06048,-0.19341
86.6201,0.038952,0.039053,-0.101,0.05910,-0.20821,0.05503,-0.27274
86.6401,0.040087,0.040251,-0.164,0.05423,-0.27766,0.04797,-0.35300
86.6601,0.041112,0.041334,-0.221,0.04803,-0.34193,0.03986,-0.40524
86.6801,0.042002,0.042278,-0.276,0.04059,-0.39965,0.03059,-0.46386
86.7001,0.042730,0.043058,-0.328,0.03209,-0.44927,0.02035,-0.51169
86.7201,0.043278,0.043653,-0.375,0.02270,-0.48973,0.00945,-0.54517
86.7401,0.043633,0.044047,-0.415,0.01256,-0.52026,-0.00198,-0.57135
86.7601,0.043778,0.044221,-0.443,0.00194,-0.53987,-0.01344,-0.57313
86.7801,0.043708,0.044186,-0.477,-0.00895,-0.54811,-0.02556,-0.60621
86.8001,0.043420,0.043925,-0.505,-0.01989,-0.54471,-0.03737,-0.59016
86.8201,0.042914,0.043414,-0.500,-0.03065,-0.52965,-0.04759,-0.51111
86.8401,0.042196,0.042662,-0.466,-0.04101,-0.50309,-0.05648,-0.44470
86.8601,0.041279,0.041695,-0.416,-0.05070,-0.46560,-0.06431,-0.39128
86.8801,0.040175,0.040547,-0.372,-0.05955,-0.41785,-0.07170,-0.36972
86.9001,0.038903,0.039240,-0.336,-0.06735,-0.36070,-0.07840,-0.33476
86.9201,0.037485,0.037784,-0.299,-0.07394,-0.29523,-0.08370,-0.26527
86.9401,0.035955,0.036195,-0.240,-0.07913,-0.22324,-0.08665,-0.14744
86.9601,0.034333,0.034503,-0.170,-0.08282,-0.14576,-0.08781,-0.05809
86.9801,0.032651,0.032759,-0.108,-0.08493,-0.06443,-0.08790,-0.00449
87.0002,0.030932,0.030997,-0.065,-0.08539,0.01951,-0.08712,0.03935
87.0201,0.029246,0.029239,0.007,-0.08417,0.10253,-0.08313,0.19933
87.0401,0.027591,0.027501,0.090,-0.08130,0.18458,-0.07734,0.28970
87.0601,0.026007,0.025848,0.159,-0.07681,0.26354,-0.07067,0.33358
87.0801,0.024528,0.024317,0.211,-0.07079,0.33767,-0.06305,0.38052
87.1001,0.023184,0.022921,0.263,-0.06335,0.40529,-0.05383,0.46138
87.1201,0.022003,0.021679,0.324,-0.05463,0.46505,-0.04296,0.54345
87.1401,0.021007,0.020619,0.388,-0.04481,0.51564,-0.03093,0.60131
87.1601,0.020217,0.019773,0.444,-0.03408,0.55601,-0.01838,0.62747
87.1801,0.019648,0.019161,0.487,-0.02263,0.58529,-0.00559,0.63971
87.2001,0.019314,0.018805,0.509,-0.01075,0.60279,0.00680,0.61924
87.2201,0.019220,0.018696,0.524,0.00138,0.60820,0.01939,0.62946
87.2401,0.019369,0.018812,0.557,0.01350,0.60136,0.03278,0.66952
87.2601,0.019758,0.019197,0.562,0.02536,0.58241,0.04451,0.58662
87.2801,0.020380,0.019849,0.531,0.03671,0.55176,0.05441,0.49517
87.3001,0.021222,0.020747,0.474,0.04735,0.51002,0.06286,0.42263
87.3201,0.022272,0.021851,0.421,0.05708,0.45786,0.07080,0.39698
87.3401,0.023498,0.023128,0.370,0.06562,0.39693,0.07762,0.34091
87.3601,0.024884,0.024565,0.319,0.07288,0.32804,0.08314,0.27609
87.3801,0.026403,0.026142,0.261,0.07870,0.25264,0.08694,0.18994
87.4001,0.028021,0.027826,0.195,0.08295,0.17245,0.08887,0.09625
87.4201,0.029709,0.029580,0.129,0.08557,0.08900,0.08921,0.01698
87.4401,0.031432,0.031364,0.068,0.08650,0.00405,0.08815,-0.05282
87.4601,0.033158,0.033148,0.010,0.08573,-0.08071,0.08545,-0.13493
87.4801,0.034852,0.034907,-0.055,0.08328,-0.16350,0.08070,-0.23747
87.5001,0.036477,0.036607,-0.130,0.07922,-0.24252,0.07396,-0.33692
87.5201,0.038010,0.038208,-0.198,0.07362,-0.31657,0.06612,-0.39240
87.5401,0.039415,0.039672,-0.257,0.06659,-0.38394,0.05722,-0.44496
87.5601,0.040665,0.040978,-0.313,0.05832,-0.44325,0.04704,-0.50878
87.5801,0.041739,0.042106,-0.367,0.04893,-0.49354,0.03587,-0.55844
87.6001,0.042615,0.043031,-0.415,0.03865,-0.53384,0.02399,-0.59408
87.6201,0.043280,0.043734,-0.454,0.02764,-0.56351,0.01178,-0.61034
87.6401,0.043719,0.044205,-0.486,0.01618,-0.58196,-0.00071,-0.62491
87.6601,0.043925,0.044427,-0.502,0.00445,-0.58903,-0.01279,-0.60380
87.6801,0.043897,0.044421,-0.524,-0.00730,-0.58472,-0.02538,-0.62928
87.7001,0.043634,0.044171,-0.537,-0.01887,-0.56927,-0.03726,-0.59445
87.7201,0.043145,0.043668,-0.524,-0.03001,-0.54316,-0.04767,-0.52006
87.7401,0.042437,0.042916,-0.479,-0.04054,-0.50705,-0.05631,-0.43226
87.7601,0.041529,0.041948,-0.420,-0.05023,-0.46193,-0.06385,-0.37683
87.7801,0.040435,0.040804,-0.369,-0.05896,-0.40874,-0.07095,-0.35504
87.8001,0.039179,0.039505,-0.325,-0.06653,-0.34887,-0.07711,-0.30801
87.8201,0.037782,0.038063,-0.281,-0.07287,-0.28343,-0.08193,-0.24110
87.8401,0.036273,0.036498,-0.225,-0.07785,-0.21398,-0.08489,-0.14818
87.8601,0.034677,0.034840,-0.162,-0.08141,-0.14199,-0.08624,-0.06710
87.8801,0.033025,0.033131,-0.106,-0.08352,-0.06895,-0.08649,-0.01252
87.9001,0.031345,0.031401,-0.056,-0.08417,0.00365,-0.08554,0.04715
87.9201,0.029666,0.029671,-0.005,-0.08339,0.07435,-0.08301,0.12686
87.9401,0.028019,0.027965,0.054,-0.08122,0.14165,-0.07874,0.21334
87.9601,0.026427,0.026314,0.112,-0.07775,0.20444,-0.07329,0.27244
87.9801,0.024916,0.024754,0.162,-0.07308,0.26154,-0.06705,0.31224
88.0001,0.023513,0.023302,0.210,-0.06735,0.31180,-0.05966,0.36944
88.0201,0.022231,0.021978,0.253,-0.06067,0.35466,-0.05160,0.40267
88.0401,0.021091,0.020805,0.286,-0.05321,0.38932,-0.04312,0.42405
88.0601,0.020106,0.019790,0.317,-0.04515,0.41535,-0.03405,0.45352
88.0801,0.019287,0.018945,0.342,-0.03665,0.43252,-0.02475,0.46511
88.1001,0.018642,0.018282,0.360,-0.02791,0.44075,-0.01547,0.46404
88.1201,0.018171,0.017808,0.363,-0.01908,0.44023,-0.00670,0.43821
88.1401,0.017878,0.017516,0.362,-0.01036,0.43129,0.00192,0.43106
88.1601,0.017756,0.017408,0.348,-0.00189,0.41442,0.00979,0.39360
88.1801,0.017799,0.017443,0.356,0.00617,0.39030,0.01838,0.42957
88.2001,0.017999,0.017642,0.357,0.01368,0.35974,0.02581,0.37144
88.2201,0.018343,0.018018,0.324,0.02053,0.32357,0.03121,0.26999
88.2401,0.018815,0.018547,0.268,0.02660,0.28302,0.03508,0.19371
88.2601,0.019400,0.019186,0.215,0.03182,0.23899,0.03854,0.17288
88.2802,0.020085,0.019900,0.185,0.03616,0.19238,0.04214,0.17997
88.3001,0.020839,0.020682,0.157,0.03952,0.14510,0.04453,0.11965
88.3201,0.021655,0.021539,0.116,0.04194,0.09745,0.04543,0.04479
88.3401,0.022511,0.022436,0.075,0.04342,0.05072,0.04550,0.00370
88.3601,0.023388,0.023349,0.039,0.04398,0.00583,0.04491,-0.02939
88.3801,0.024264,0.024260,0.004,0.04368,-0.03602,0.04343,-0.07431
88.4001,0.025129,0.025154,-0.026,0.04257,-0.07437,0.04137,-0.10275
88.4201,0.025963,0.026018,-0.055,0.04073,-0.10841,0.03852,-0.14257
88.4401,0.026753,0.026833,-0.079,0.03826,-0.13764,0.03530,-0.16123
88.4601,0.027490,0.027593,-0.103,0.03526,-0.16169,0.03148,-0.19086
88.4801,0.028161,0.028286,-0.126,0.03183,-0.18032,0.02732,-0.20822
88.5001,0.028761,0.028901,-0.140,0.02808,-0.19348,0.02316,-0.20785
88.5201,0.029283,0.029432,-0.149,0.02413,-0.20119,0.01896,-0.20996
88.5402,0.029727,0.029880,-0.153,0.02005,-0.20369,0.01480,-0.20792
88.5620,0.030117,0.030287,-0.170,0.01562,-0.20083,0.00966,-0.25710
88.5801,0.030366,0.030548,-0.182,0.01205,-0.19450,0.00573,-0.19654
88.6001,0.030569,0.030723,-0.154,0.00826,-0.18380,0.00333,-0.12012
88.6201,0.030698,0.030825,-0.127,0.00472,-0.16984,0.00072,-0.13023
88.6401,0.030760,0.030877,-0.117,0.00148,-0.15330,-0.00240,-0.15586
88.6601,0.030760,0.030878,-0.118,-0.00140,-0.13491,-0.00542,-0.15102
88.6801,0.030706,0.030843,-0.137,-0.00390,-0.11543,-0.00877,-0.16774
88.7001,0.030606,0.030740,-0.134,-0.00602,-0.09554,-0.01054,-0.08827
88.7201,0.030468,0.030558,-0.090,-0.00773,-0.07599,-0.01029,0.01215
88.7401,0.030300,0.030351,-0.051,-0.00906,-0.05741,-0.01037,-0.00401
88.7601,0.030108,0.030144,-0.036,-0.01004,-0.04038,-0.01107,-0.03507
88.7801,0.029901,0.029944,-0.044,-0.01069,-0.02543,-0.01227,-0.05969
88.8001,0.029683,0.029724,-0.041,-0.01107,-0.01298,-0.01245,-0.00885
88.8201,0.029459,0.029475,-0.016,-0.01123,-0.00330,-0.01148,0.04851
88.8401,0.029235,0.029228,0.006,-0.01122,0.00338,-0.01077,0.03535
88.8601,0.029011,0.029005,0.006,-0.01111,0.00699,-0.01089,-0.00617
88.8801,0.028790,0.028792,-0.002,-0.01096,0.00756,-0.01111,-0.01087
88.9001,0.028572,0.028571,0.001,-0.01083,0.00525,-0.01076,0.01770
88.9201,0.028357,0.028347,0.010,-0.01077,0.00030,-0.01035,0.02006
88.9401,0.028141,0.028130,0.011,-0.01083,-0.00695,-0.01046,-0.00548
88.9601,0.027922,0.027930,-0.007,-0.01106,-0.01606,-0.01151,-0.05245
88.9801,0.027697,0.027718,-0.021,-0.01148,-0.02654,-0.01234,-0.04153
89.0001,0.027461,0.027483,-0.021,-0.01213,-0.03784,-0.01285,-0.02534
89.0201,0.027211,0.027234,-0.024,-0.01300,-0.04937,-0.01383,-0.04916
89.0401,0.026940,0.026975,-0.035,-0.01410,-0.06056,-0.01540,-0.07836
89.0601,0.026645,0.026692,-0.048,-0.01542,-0.07081,-0.01717,-0.08861
89.0801,0.026322,0.026376,-0.054,-0.01692,-0.07956,-0.01884,-0.08349
89.1001,0.025967,0.026022,-0.055,-0.01859,-0.08629,-0.02047,-0.08112
89.1201,0.025578,0.025639,-0.062,-0.02036,-0.09055,-0.02254,-0.10380
89.1401,0.025152,0.025221,-0.069,-0.02219,-0.09197,-0.02462,-0.10397
89.1601,0.024690,0.024762,-0.072,-0.02402,-0.09025,-0.02651,-0.09454
89.1801,0.024192,0.024257,-0.065,-0.02578,-0.08523,-0.02793,-0.07071
89.2001,0.023660,0.023719,-0.060,-0.02740,-0.07683,-0.02937,-0.07204
89.2201,0.023097,0.023153,-0.056,-0.02883,-0.06508,-0.03068,-0.06585
89.2401,0.022508,0.022557,-0.049,-0.02999,-0.05014,-0.03156,-0.04374
89.2601,0.021900,0.021939,-0.039,-0.03081,-0.03228,-0.03206,-0.02491
89.2800,0.021279,0.021306,-0.026,-0.03126,-0.01194,-0.03200,0.00278
89.3001,0.020652,0.020664,-0.012,-0.03128,0.01054,-0.03152,0.02380
89.3201,0.020031,0.020023,0.008,-0.03083,0.03450,-0.03035,0.05885
89.3401,0.019423,0.019398,0.024,-0.02989,0.05932,-0.02889,0.07294
89.3601,0.018839,0.018799,0.040,-0.02846,0.08431,-0.02692,0.09848
89.3801,0.018288,0.018227,0.061,-0.02652,0.10878,-0.02421,0.13559
89.4001,0.017781,0.017698,0.083,-0.02411,0.13196,-0.02105,0.15794
89.4201,0.017326,0.017225,0.101,-0.02125,0.15313,-0.01763,0.17085
89.4401,0.016933,0.016819,0.114,-0.01801,0.17154,-0.01400,0.18176
89.4601,0.016608,0.016477,0.131,-0.01442,0.18660,-0.00976,0.21164
89.4801,0.016358,0.016209,0.149,-0.01057,0.19770,-0.00532,0.22241
89.5001,0.016187,0.016028,0.159,-0.00654,0.20434,-0.00104,0.21384
89.5201,0.016097,0.015943,0.154,-0.00243,0.20612,0.00277,0.19034
89.5400,0.016090,0.015940,0.149,0.00167,0.20277,0.00668,0.19558
89.5601,0.016163,0.015988,0.175,0.00565,0.19413,0.01190,0.26104
89.5801,0.016314,0.016119,0.195,0.00940,0.18022,0.01625,0.21768
89.6001,0.016537,0.016361,0.176,0.01282,0.16118,0.01859,0.11686
89.6201,0.016824,0.016694,0.130,0.01581,0.13727,0.01973,0.05712
89.6401,0.017166,0.017071,0.095,0.01828,0.10892,0.02113,0.06958
89.6601,0.017552,0.017469,0.082,0.02015,0.07669,0.02281,0.08416
89.6801,0.017968,0.017899,0.069,0.02133,0.04126,0.02353,0.03613
89.7001,0.018400,0.018359,0.041,0.02178,0.00350,0.02285,-0.03423
89.7201,0.018833,0.018826,0.007,0.02146,-0.03581,0.02134,-0.07525
89.7401,0.019253,0.019279,-0.026,0.02034,-0.07576,0.01910,-0.11212
89.7601,0.019642,0.019699,-0.057,0.01843,-0.11516,0.01617,-0.14637
89.7801,0.019985,0.020074,-0.089,0.01575,-0.15311,0.01236,-0.19044
89.8001,0.020267,0.020383,-0.116,0.01233,-0.18856,0.00811,-0.21274
89.8201,0.020474,0.020614,-0.140,0.00822,-0.22054,0.00318,-0.24662
89.8401,0.020592,0.020759,-0.167,0.00353,-0.24801,-0.00242,-0.27977
89.8601,0.020612,0.020810,-0.199,-0.00166,-0.27014,-0.00876,-0.31684
89.8801,0.020523,0.020770,-0.247,-0.00723,-0.28621,-0.01615,-0.36954
89.9001,0.020321,0.020588,-0.267,-0.01306,-0.29553,-0.02236,-0.31059
89.9201,0.020000,0.020257,-0.257,-0.01900,-0.29763,-0.02761,-0.26265
89.9401,0.019561,0.019799,-0.238,-0.02491,-0.29216,-0.03279,-0.25894
89.9601,0.019005,0.019233,-0.228,-0.03064,-0.27895,-0.03827,-0.27405
89.9801,0.018338,0.018561,-0.224,-0.03602,-0.25804,-0.04358,-0.26528
90.0001,0.017568,0.017779,-0.211,-0.04091,-0.22962,-0.04795,-0.21873
90.0201,0.016706,0.016892,-0.187,-0.04516,-0.19409,-0.05124,-0.16437
90.0401,0.015766,0.015916,-0.150,-0.04863,-0.15202,-0.05332,-0.10402
90.0601,0.014767,0.014882,-0.116,-0.05120,-0.10417,-0.05476,-0.07186
90.0801,0.013725,0.013805,-0.080,-0.05276,-0.05142,-0.05508,-0.01622
90.1001,0.012663,0.012706,-0.043,-0.05323,0.00517,-0.05428,0.03987
90.1219,0.011509,0.011549,-0.040,-0.05242,0.06980,-0.05376,0.02635
90.1401,0.010570,0.010518,0.052,-0.05065,0.12496,-0.04784,0.29564
90.1601,0.009586,0.009446,0.140,-0.04754,0.18567,-0.04181,0.30161
90.1801,0.008677,0.008505,0.172,-0.04323,0.24507,-0.03704,0.23884
90.2001,0.007865,0.007685,0.180,-0.03776,0.30179,-0.03153,0.27527
90.2201,0.007174,0.006961,0.213,-0.03119,0.35449,-0.02359,0.39707
90.2401,0.006624,0.006348,0.276,-0.02361,0.40186,-0.01352,0.50357
90.2601,0.006235,0.005891,0.344,-0.01515,0.44268,-0.00271,0.54059
90.2801,0.006023,0.005634,0.389,-0.00596,0.47588,0.00776,0.52348
90.3001,0.006001,0.005593,0.407,0.00382,0.50051,0.01788,0.50557
90.3201,0.006179,0.005732,0.446,0.01400,0.51580,0.02959,0.58585
90.3401,0.006562,0.006093,0.469,0.02439,0.52115,0.04061,0.55063
90.3601,0.007154,0.006686,0.468,0.03478,0.51620,0.05070,0.50466
90.3801,0.007952,0.007508,0.445,0.04497,0.50077,0.05983,0.45654
90.4029,0.009106,0.008649,0.457,0.05607,0.47050,0.07175,0.59615
90.4201,0.010138,0.009737,0.400,0.06390,0.43903,0.07689,0.25689
90.4401,0.011501,0.011166,0.334,0.07224,0.39354,0.08287,0.29894
90.4601,0.013021,0.012726,0.295,0.07958,0.33923,0.08918,0.31581
90.4801,0.014676,0.014403,0.273,0.08576,0.27705,0.09478,0.27960
90.5001,0.016442,0.016208,0.234,0.09062,0.20813,0.09814,0.16816
90.5201,0.018291,0.018125,0.166,0.09404,0.13380,0.09896,0.04097
90.5401,0.020193,0.020098,0.095,0.09594,0.05547,0.09839,-0.02829
90.5601,0.022118,0.022081,0.038,0.09625,-0.02529,0.09690,-0.07486
90.5801,0.024033,0.024047,-0.014,0.09493,-0.10682,0.09388,-0.15085
90.6001,0.025904,0.025978,-0.074,0.09198,-0.18750,0.08881,-0.25349
90.6201,0.027707,0.027844,-0.137,0.08743,-0.26585,0.08206,-0.33747
90.6401,0.029392,0.029606,-0.215,0.08138,-0.33953,0.07324,-0.44094
90.6601,0.030948,0.031231,-0.283,0.07389,-0.40775,0.06353,-0.48539
90.6801,0.032339,0.032680,-0.340,0.06512,-0.46859,0.05292,-0.53047
90.7001,0.033544,0.033936,-0.392,0.05521,-0.52090,0.04133,-0.57949
90.7201,0.034542,0.034982,-0.440,0.04435,-0.56346,0.02886,-0.62384
90.7401,0.035314,0.035799,-0.485,0.03274,-0.59530,0.01577,-0.65433
90.7601,0.035848,0.036367,-0.519,0.02062,-0.61560,0.00259,-0.65899
90.7801,0.036136,0.036678,-0.541,0.00820,-0.62390,-0.01045,-0.65228
90.8001,0.036176,0.036723,-0.547,-0.00425,-0.61991,-0.02291,-0.62271
90.8201,0.035968,0.036539,-0.572,-0.01651,-0.60359,-0.03622,-0.66560
90.8401,0.035518,0.036085,-0.567,-0.02833,-0.57517,-0.04756,-0.56713
90.8601,0.034839,0.035366,-0.527,-0.03945,-0.53518,-0.05693,-0.46822
90.8801,0.033945,0.034408,-0.463,-0.04967,-0.48428,-0.06470,-0.38875
90.9001,0.032859,0.033251,-0.393,-0.05876,-0.42355,-0.07134,-0.33194
90.9201,0.031602,0.031937,-0.335,-0.06656,-0.35406,-0.07731,-0.29840
90.9401,0.030209,0.030490,-0.281,-0.07287,-0.27747,-0.08183,-0.22593
90.9601,0.028700,0.028923,-0.222,-0.07760,-0.19486,-0.08452,-0.13444
90.9801,0.027115,0.027268,-0.153,-0.08064,-0.10816,-0.08507,-0.02789
91.0001,0.025488,0.025570,-0.082,-0.08191,-0.01906,-0.08393,0.05728
91.0201,0.023851,0.023867,-0.016,-0.08140,0.07070,-0.08122,0.13553
91.0401,0.022244,0.022191,0.053,-0.07909,0.15925,-0.07654,0.23399
91.0601,0.020699,0.020578,0.121,-0.07505,0.24481,-0.07017,0.31856
91.0801,0.019253,0.019061,0.192,-0.06933,0.32567,-0.06201,0.40773
91.1001,0.017936,0.017672,0.264,-0.06206,0.40019,-0.05230,0.48577
91.1201,0.016780,0.016447,0.332,-0.05338,0.46687,-0.04133,0.54840
91.1401,0.015810,0.015415,0.395,-0.04345,0.52437,-0.02933,0.59973
91.1601,0.015049,0.014599,0.450,-0.03247,0.57158,-0.01658,0.63796
91.1801,0.014516,0.014021,0.496,-0.02066,0.60755,-0.00331,0.66341
91.2001,0.014226,0.013698,0.529,-0.00824,0.63163,0.01009,0.66983
91.2201,0.014189,0.013634,0.554,0.00452,0.64334,0.02365,0.67786
91.2400,0.014407,0.013810,0.597,0.01738,0.64255,0.03816,0.72564
91.2601,0.014884,0.014275,0.609,0.03015,0.62929,0.05100,0.64179
91.2801,0.015611,0.015029,0.582,0.04249,0.60396,0.06199,0.54994
91.3001,0.016579,0.016051,0.528,0.05422,0.56714,0.07157,0.47895
91.3201,0.017774,0.017302,0.472,0.06511,0.51964,0.08054,0.44842
91.3401,0.019177,0.018750,0.427,0.07494,0.46251,0.08897,0.42140
91.3601,0.020765,0.020380,0.384,0.08356,0.39697,0.09616,0.35947
91.3801,0.022511,0.022183,0.328,0.09078,0.32446,0.10130,0.25701
91.4001,0.024385,0.024129,0.256,0.09650,0.24656,0.10441,0.15544
91.4201,0.026359,0.026175,0.184,0.10061,0.16478,0.10606,0.08262
91.4401,0.028398,0.028276,0.123,0.10307,0.08088,0.10657,0.02551
91.4601,0.030476,0.030404,0.072,0.10385,-0.00364,0.10575,-0.04097
91.4801,0.032541,0.032536,0.005,0.10294,-0.08641,0.10236,-0.16940
91.5001,0.034577,0.034648,-0.071,0.10041,-0.16643,0.09718,-0.25931
91.5201,0.036548,0.036685,-0.136,0.09632,-0.24195,0.09095,-0.31133
91.5401,0.038420,0.038615,-0.195,0.09077,-0.31137,0.08352,-0.37147
91.5601,0.040170,0.040420,-0.249,0.08391,-0.37356,0.07483,-0.43456
91.5801,0.041770,0.042073,-0.304,0.07588,-0.42724,0.06497,-0.49309
91.6001,0.043199,0.043554,-0.355,0.06688,-0.47152,0.05425,-0.53586
91.6201,0.044440,0.044839,-0.399,0.05709,-0.50567,0.04305,-0.56018
91.6401,0.045479,0.045912,-0.433,0.04672,-0.52919,0.03161,-0.57203
91.6601,0.046307,0.046761,-0.454,0.03600,-0.54181,0.02033,-0.56371
91.6801,0.046917,0.047380,-0.462,0.02513,-0.54351,0.00932,-0.55056
91.7001,0.047312,0.047772,-0.460,0.01432,-0.53447,-0.00130,-0.53085
91.7202,0.047493,0.047948,-0.455,0.00377,-0.51508,-0.01164,-0.51727
91.7401,0.047468,0.047929,-0.461,-0.00622,-0.48624,-0.02195,-0.51528
91.7601,0.047249,0.047696,-0.447,-0.01557,-0.44853,-0.03062,-0.43356
91.7801,0.046850,0.047250,-0.399,-0.02411,-0.40297,-0.03716,-0.32721
91.8001,0.046291,0.046621,-0.330,-0.03165,-0.35084,-0.04209,-0.24636
91.8201,0.045591,0.045859,-0.268,-0.03811,-0.29329,-0.04655,-0.22306
91.8401,0.044774,0.044999,-0.225,-0.04336,-0.23187,-0.05053,-0.19886
91.8601,0.043865,0.044052,-0.187,-0.04736,-0.16792,-0.05329,-0.13796
91.8801,0.042889,0.043028,-0.139,-0.05007,-0.10285,-0.05426,-0.04853
91.9001,0.041872,0.041951,-0.080,-0.05148,-0.03811,-0.05353,0.03624
91.9201,0.040838,0.040864,-0.027,-0.05161,0.02492,-0.05193,0.08013
91.9401,0.039815,0.039796,0.018,-0.05050,0.08484,-0.04938,0.12765
91.9601,0.038826,0.038763,0.063,-0.04824,0.14044,-0.04561,0.18850
91.9801,0.037892,0.037785,0.107,-0.04492,0.19072,-0.04079,0.24103
92.0001,0.037036,0.036885,0.152,-0.04066,0.23458,-0.03502,0.28827
92.0201,0.036272,0.036081,0.192,-0.03559,0.27140,-0.02864,0.31924
92.0401,0.035617,0.035398,0.219,-0.02986,0.30052,-0.02209,0.32747
92.0601,0.035082,0.034845,0.237,-0.02362,0.32153,-0.01537,0.33584
92.0801,0.034674,0.034418,0.256,-0.01705,0.33423,-0.00812,0.36249
92.1001,0.034401,0.034125,0.275,-0.01030,0.33860,-0.00073,0.36936
92.1201,0.034262,0.033984,0.278,-0.00356,0.33483,0.00592,0.33281
92.1401,0.034257,0.033989,0.268,0.00305,0.32324,0.01207,0.30712
92.1601,0.034382,0.034100,0.282,0.00933,0.30445,0.01907,0.35041
92.1800,0.034627,0.034344,0.283,0.01516,0.27914,0.02480,0.28649
92.2001,0.034985,0.034733,0.251,0.02045,0.24799,0.02865,0.19214
92.2201,0.035441,0.035243,0.198,0.02506,0.21208,0.03118,0.12688
92.2401,0.035982,0.035829,0.152,0.02891,0.17238,0.03360,0.12067
92.2601,0.036592,0.036461,0.130,0.03194,0.12995,0.03612,0.12628
92.2801,0.037254,0.037146,0.107,0.03410,0.08590,0.03750,0.06888
92.3001,0.037950,0.037878,0.072,0.03537,0.04136,0.03743,-0.00357
92.3201,0.038663,0.038629,0.034,0.03575,-0.00268,0.03650,-0.04656
92.3401,0.039374,0.039378,-0.004,0.03527,-0.04500,0.03472,-0.08907
92.3601,0.040068,0.040106,-0.038,0.03397,-0.08478,0.03232,-0.11974
92.3801,0.040727,0.040788,-0.060,0.03191,-0.12111,0.02961,-0.13576
92.4001,0.041340,0.041426,-0.087,0.02915,-0.15331,0.02591,-0.18459
92.4201,0.041890,0.042009,-0.118,0.02581,-0.18067,0.02143,-0.22418
92.4401,0.042369,0.042512,-0.143,0.02196,-0.20273,0.01683,-0.23002
92.4601,0.042766,0.042924,-0.158,0.01773,-0.21917,0.01221,-0.23116
92.4801,0.043076,0.043246,-0.170,0.01324,-0.22978,0.00731,-0.24504
92.5001,0.043295,0.043475,-0.181,0.00858,-0.23457,0.00232,-0.24940
92.5201,0.043419,0.043602,-0.183,0.00389,-0.23364,-0.00234,-0.23270
92.5401,0.043451,0.043634,-0.183,-0.00073,-0.22726,-0.00697,-0.23182
92.5601,0.043391,0.043596,-0.205,-0.00517,-0.21582,-0.01237,-0.27016
92.5801,0.043246,0.043455,-0.209,-0.00933,-0.19986,-0.01648,-0.20542
92.6001,0.043021,0.043201,-0.181,-0.01313,-0.17994,-0.01896,-0.12407
92.6201,0.042723,0.042867,-0.143,-0.01651,-0.15677,-0.02097,-0.10011
92.6401,0.042364,0.042477,-0.113,-0.01939,-0.13109,-0.02291,-0.09692
92.6601,0.041951,0.042050,-0.098,-0.02174,-0.10370,-0.02491,-0.10033
92.6801,0.041498,0.041586,-0.088,-0.02353,-0.07537,-0.02643,-0.07594
92.7001,0.041014,0.041083,-0.069,-0.02475,-0.04693,-0.02690,-0.02339
92.7201,0.040511,0.040549,-0.038,-0.02541,-0.01907,-0.02636,0.02694
92.7401,0.040000,0.040012,-0.011,-0.02553,0.00742,-0.02562,0.03696
92.7601,0.039494,0.039488,0.005,-0.02513,0.03189,-0.02476,0.04307
92.7801,0.038999,0.038979,0.020,-0.02427,0.05388,-0.02344,0.06594
92.8001,0.038525,0.038486,0.040,-0.02299,0.07284,-0.02143,0.10070
92.8201,0.038081,0.038022,0.060,-0.02138,0.08844,-0.01913,0.11476
92.8401,0.037672,0.037601,0.071,-0.01948,0.10047,-0.01693,0.11019
92.8601,0.037304,0.037226,0.078,-0.01738,0.10878,-0.01467,0.11261
92.8801,0.036978,0.036900,0.079,-0.01516,0.11339,-0.01247,0.11046
92.9001,0.036698,0.036614,0.084,-0.01287,0.11441,-0.00997,0.12468
92.9201,0.036463,0.036374,0.089,-0.01060,0.11208,-0.00752,0.12249
92.9401,0.036273,0.036180,0.093,-0.00841,0.10671,-0.00519,0.11643
92.9601,0.036126,0.036044,0.082,-0.00635,0.09872,-0.00366,0.07651
92.9801,0.036018,0.035953,0.065,-0.00447,0.08863,-0.00244,0.06119
93.0001,0.035946,0.035889,0.057,-0.00282,0.07692,-0.00096,0.07394
93.0201,0.035904,0.035846,0.058,-0.00140,0.06423,0.00059,0.07748
93.0401,0.035888,0.035835,0.052,-0.00025,0.05112,0.00147,0.04387
93.0601,0.035892,0.035841,0.051,0.00064,0.03820,0.00238,0.04546
93.0801,0.035912,0.035859,0.053,0.00128,0.02605,0.00310,0.03635
93.1001,0.035942,0.035897,0.045,0.00169,0.01521,0.00313,0.00137
93.1202,0.035979,0.035956,0.022,0.00190,0.00610,0.00242,-0.03537
93.1401,0.036017,0.036010,0.007,0.00195,-0.00072,0.00202,-0.02012
93.1601,0.036056,0.036049,0.007,0.00189,-0.00508,0.00213,0.00572
93.1801,0.036092,0.036083,0.009,0.00177,-0.00670,0.00211,-0.00115
93.2001,0.036126,0.036125,0.002,0.00164,-0.00548,0.00162,-0.02475
93.2201,0.036158,0.036163,-0.005,0.00157,-0.00141,0.00134,-0.01367
93.2401,0.036190,0.036188,0.001,0.00160,0.00540,0.00172,0.01888
93.2601,0.036224,0.036211,0.013,0.00180,0.01475,0.00237,0.03273
93.2801,0.036263,0.036244,0.020,0.00221,0.02631,0.00296,0.02923
93.3001,0.036314,0.036295,0.018,0.00287,0.03964,0.00347,0.02537
93.3201,0.036380,0.036358,0.022,0.00380,0.05426,0.00459,0.05629
93.3401,0.036468,0.036431,0.037,0.00504,0.06960,0.00646,0.09327
93.3601,0.036584,0.036533,0.051,0.00659,0.08502,0.00847,0.10050
93.3801,0.036734,0.036671,0.063,0.00844,0.09987,0.01069,0.11133
93.4001,0.036923,0.036850,0.073,0.01058,0.11346,0.01319,0.12502
93.4201,0.037158,0.037076,0.082,0.01297,0.12512,0.01586,0.13334
93.4401,0.037444,0.037350,0.094,0.01557,0.13422,0.01888,0.15102
93.4601,0.037782,0.037681,0.101,0.01832,0.14014,0.02185,0.14841
93.4801,0.038176,0.038070,0.106,0.02114,0.14236,0.02478,0.14648
93.5001,0.038627,0.038519,0.108,0.02398,0.14045,0.02770,0.14583
93.5201,0.039134,0.039028,0.106,0.02673,0.13407,0.03031,0.13046
93.5400,0.039694,0.039595,0.100,0.02930,0.12300,0.03262,0.11563
93.5601,0.040305,0.040214,0.091,0.03162,0.10709,0.03461,0.09950
93.5801,0.040958,0.040878,0.080,0.03356,0.08644,0.03617,0.07792
93.6001,0.041646,0.041580,0.066,0.03505,0.06118,0.03715,0.04902
93.6201,0.042356,0.042310,0.046,0.03598,0.03173,0.03734,0.00947
93.6401,0.043080,0.043058,0.022,0.03629,-0.00153,0.03675,-0.02919
93.6601,0.043803,0.043804,-0.000,0.03590,-0.03801,0.03564,-0.05563
93.6801,0.044511,0.044536,-0.025,0.03475,-0.07699,0.03363,-0.10068
93.7001,0.045188,0.045244,-0.056,0.03281,-0.11770,0.03055,-0.15361
93.7201,0.045817,0.045908,-0.091,0.03004,-0.15911,0.02657,-0.19930
93.7401,0.046385,0.046505,-0.120,0.02644,-0.20048,0.02203,-0.22670
93.7601,0.046870,0.047021,-0.151,0.02203,-0.24053,0.01656,-0.27357
93.7801,0.047261,0.047445,-0.184,0.01683,-0.27849,0.01019,-0.31857
93.8001,0.047539,0.047757,-0.218,0.01091,-0.31310,0.00313,-0.35311
93.8201,0.047692,0.047945,-0.253,0.00433,-0.34353,-0.00464,-0.38852
93.8401,0.047709,0.047995,-0.286,-0.00280,-0.36878,-0.01289,-0.41230
93.8601,0.047578,0.047914,-0.336,-0.01037,-0.38800,-0.02234,-0.47266
93.8801,0.047292,0.047650,-0.358,-0.01826,-0.40048,-0.03068,-0.41708
93.9001,0.046845,0.047197,-0.352,-0.02635,-0.40560,-0.03823,-0.37728
93.9201,0.046238,0.046569,-0.331,-0.03444,-0.40289,-0.04547,-0.36224
93.9401,0.045469,0.045790,-0.321,-0.04240,-0.39203,-0.05322,-0.38735
93.9601,0.044544,0.044863,-0.319,-0.05006,-0.37294,-0.06087,-0.38248
93.9801,0.043470,0.043780,-0.310,-0.05726,-0.34564,-0.06771,-0.34230
94.0001,0.042257,0.042544,-0.287,-0.06384,-0.31039,-0.07333,-0.28088
94.0201,0.040922,0.041170,-0.248,-0.06963,-0.26769,-0.07763,-0.21472
94.0401,0.039480,0.039684,-0.204,-0.07449,-0.21813,-0.08096,-0.16673
94.0601,0.037950,0.038111,-0.161,-0.07831,-0.16248,-0.08332,-0.11818
94.0801,0.036355,0.036477,-0.122,-0.08096,-0.10173,-0.08467,-0.06716
94.1001,0.034719,0.034800,-0.081,-0.08235,-0.03694,-0.08466,0.00043
94.1201,0.033068,0.033102,-0.035,-0.08242,0.03064,-0.08308,0.07888
94.1401,0.031432,0.031411,0.021,-0.08112,0.09951,-0.07977,0.16534
94.1601,0.029834,0.029758,0.077,-0.07844,0.16854,-0.07522,0.22768
94.1801,0.028302,0.028171,0.131,-0.07438,0.23627,-0.06935,0.29349
94.2001,0.026866,0.026683,0.183,-0.06900,0.30109,-0.06219,0.35801
94.2201,0.025549,0.025311,0.238,-0.06236,0.36177,-0.05367,0.42626
94.2401,0.024378,0.024085,0.294,-0.05457,0.41682,-0.04396,0.48520
94.2601,0.023376,0.023029,0.347,-0.04575,0.46496,-0.03339,0.52882
94.2801,0.022556,0.022164,0.391,-0.03603,0.50526,-0.02223,0.55768
94.3001,0.021939,0.021511,0.427,-0.02560,0.53656,-0.01068,0.57774
94.3201,0.021536,0.021082,0.454,-0.01464,0.55809,0.00107,0.58730
94.3401,0.021355,0.020884,0.471,-0.00335,0.56922,0.01288,0.59036
94.3601,0.021403,0.020896,0.506,0.00806,0.56954,0.02565,0.63856
94.3801,0.021677,0.021145,0.532,0.01936,0.55884,0.03775,0.60520
94.4001,0.022175,0.021655,0.520,0.03034,0.53717,0.04788,0.50650
94.4201,0.022887,0.022416,0.471,0.04078,0.50479,0.05627,0.41951
94.4401,0.023801,0.023386,0.415,0.05047,0.46222,0.06396,0.38458
94.4601,0.024900,0.024530,0.370,0.05921,0.41018,0.07130,0.36675
94.4801,0.026161,0.025831,0.330,0.06681,0.34971,0.07760,0.31521
94.5001,0.027567,0.027279,0.288,0.07315,0.28160,0.08248,0.24395
94.5201,0.029080,0.028853,0.227,0.07805,0.20767,0.08508,0.12977
94.5401,0.030674,0.030520,0.153,0.08142,0.12918,0.08583,0.03774
94.5601,0.032324,0.032231,0.093,0.08319,0.04741,0.08570,-0.00630
94.5801,0.033992,0.033951,0.041,0.08331,-0.03573,0.08412,-0.07918
94.6001,0.035648,0.035662,-0.015,0.08176,-0.11872,0.08066,-0.17328
94.6201,0.037252,0.037340,-0.089,0.07858,-0.19952,0.07475,-0.29520
94.6401,0.038779,0.038942,-0.163,0.07380,-0.27686,0.06745,-0.36516
94.6601,0.040194,0.040425,-0.231,0.06754,-0.34885,0.05895,-0.42481
94.6801,0.041471,0.041759,-0.288,0.05990,-0.41415,0.04945,-0.47491
94.7001,0.042582,0.042921,-0.339,0.05103,-0.47134,0.03893,-0.52638
94.7201,0.043505,0.043898,-0.393,0.04110,-0.51919,0.02717,-0.58800
94.7401,0.044221,0.044663,-0.443,0.03033,-0.55666,0.01472,-0.62221
94.7601,0.044714,0.045198,-0.484,0.01891,-0.58298,0.00201,-0.63580
94.7801,0.044974,0.045483,-0.509,0.00710,-0.59756,-0.01050,-0.62543
94.8001,0.044996,0.045516,-0.520,-0.00491,-0.60009,-0.02269,-0.60959
94.8201,0.044778,0.045328,-0.551,-0.01686,-0.59044,-0.03592,-0.66117
94.8401,0.044324,0.044878,-0.553,-0.02845,-0.56888,-0.04730,-0.56931
94.8601,0.043644,0.044158,-0.513,-0.03951,-0.53583,-0.05652,-0.46062
94.8801,0.042749,0.043202,-0.453,-0.04981,-0.49189,-0.06454,-0.40113
94.9001,0.041658,0.042055,-0.397,-0.05913,-0.43801,-0.07202,-0.37420
94.9201,0.040391,0.040745,-0.354,-0.06728,-0.37534,-0.07885,-0.34123
94.9401,0.038977,0.039284,-0.307,-0.07409,-0.30532,-0.08400,-0.25751
94.9601,0.037438,0.037685,-0.247,-0.07944,-0.22912,-0.08719,-0.15978
94.9801,0.035808,0.035985,-0.177,-0.08323,-0.14857,-0.08847,-0.06399
95.0001,0.034118,0.034229,-0.111,-0.08537,-0.06525,-0.08842,0.00265
95.0203,0.032389,0.032454,-0.064,-0.08583,0.01967,-0.08750,0.04586
95.0401,0.030700,0.030684,0.015,-0.08462,0.10224,-0.08322,0.21419
95.0601,0.029032,0.028939,0.093,-0.08176,0.18317,-0.07775,0.27325
95.0839,0.027146,0.026978,0.168,-0.07631,0.27378,-0.06975,0.40019
95.1022,0.025801,0.025584,0.217,-0.07071,0.33760,-0.06280,0.34729
95.1201,0.024590,0.024324,0.266,-0.06414,0.39420,-0.05455,0.41279
95.1401,0.023391,0.023078,0.313,-0.05569,0.44908,-0.04455,0.49971
95.1601,0.022370,0.022005,0.366,-0.04624,0.49429,-0.03323,0.56614
95.1801,0.021547,0.021131,0.416,-0.03599,0.52888,-0.02131,0.59622
95.2001,0.020934,0.020478,0.456,-0.02517,0.55220,-0.00922,0.60435
95.2201,0.020542,0.020062,0.481,-0.01399,0.56380,0.00263,0.59270
95.2401,0.020376,0.019893,0.482,-0.00269,0.56354,0.01372,0.55440
95.2601,0.020434,0.019935,0.499,0.00848,0.55148,0.02564,0.59574
95.2801,0.020712,0.020205,0.507,0.01929,0.52798,0.03662,0.54897
95.3001,0.021201,0.020718,0.483,0.02952,0.49360,0.04568,0.45343
95.3201,0.021890,0.021461,0.429,0.03899,0.44899,0.05299,0.36531
95.3401,0.022753,0.022390,0.363,0.04743,0.39571,0.05905,0.30316
95.3601,0.023777,0.023470,0.306,0.05474,0.33446,0.06452,0.27347
95.3801,0.024935,0.024670,0.265,0.06076,0.26670,0.06931,0.23915
95.4001,0.026203,0.025981,0.223,0.06539,0.19377,0.07251,0.16015
95.4201,0.027539,0.027384,0.155,0.06850,0.11809,0.07304,0.02649
95.4401,0.028928,0.028842,0.085,0.07009,0.04043,0.07222,-0.04111
95.4601,0.030332,0.030304,0.028,0.07012,-0.03725,0.07044,-0.08862
95.4801,0.031723,0.031746,-0.023,0.06861,-0.11330,0.06728,-0.15839
95.5001,0.033068,0.033149,-0.081,0.06561,-0.18604,0.06219,-0.25416
95.5201,0.034339,0.034484,-0.145,0.06119,-0.25405,0.05559,-0.33043
95.5401,0.035507,0.035714,-0.207,0.05549,-0.31570,0.04775,-0.39168
95.5601,0.036550,0.036810,-0.260,0.04862,-0.36997,0.03919,-0.42796
95.5801,0.037445,0.037751,-0.306,0.04075,-0.41568,0.02984,-0.46779
95.6001,0.038174,0.038517,-0.343,0.03206,-0.45195,0.02000,-0.49199
95.6201,0.038723,0.039098,-0.375,0.02274,-0.47812,0.00964,-0.51760
95.6401,0.039081,0.039481,-0.400,0.01300,-0.49374,-0.00089,-0.52692
95.6601,0.039242,0.039660,-0.419,0.00306,-0.49860,-0.01137,-0.52393
95.6801,0.039203,0.039646,-0.442,-0.00687,-0.49273,-0.02217,-0.53983
95.7001,0.038968,0.039426,-0.458,-0.01657,-0.47641,-0.03230,-0.50670
95.7201,0.038543,0.038977,-0.434,-0.02585,-0.45010,-0.04034,-0.40205
95.7401,0.037939,0.038319,-0.381,-0.03451,-0.41452,-0.04687,-0.32637
95.7601,0.037168,0.037496,-0.328,-0.04238,-0.37052,-0.05296,-0.30438
95.7801,0.036249,0.036542,-0.293,-0.04929,-0.31920,-0.05885,-0.29439
95.8001,0.035204,0.035462,-0.258,-0.05511,-0.26177,-0.06350,-0.23287
95.8201,0.034054,0.034266,-0.213,-0.05973,-0.19955,-0.06645,-0.14738
95.8401,0.032824,0.032980,-0.156,-0.06306,-0.13392,-0.06774,-0.06428
95.8601,0.031539,0.031638,-0.099,-0.06507,-0.06629,-0.06782,-0.00426
95.8801,0.030229,0.030280,-0.052,-0.06571,0.00174,-0.06694,0.04411
95.9001,0.028918,0.028923,-0.005,-0.06501,0.06880,-0.06466,0.11389
95.9201,0.027638,0.027587,0.051,-0.06298,0.13331,-0.06065,0.20061
95.9401,0.026408,0.026303,0.105,-0.05970,0.19419,-0.05551,0.25700
95.9601,0.025257,0.025102,0.155,-0.05525,0.25001,-0.04943,0.30390
95.9801,0.024206,0.024005,0.201,-0.04974,0.29971,-0.04239,0.35193
96.0001,0.023274,0.023034,0.241,-0.04331,0.34241,-0.03470,0.38493
96.0201,0.022479,0.022204,0.275,-0.03610,0.37729,-0.02637,0.41635
96.0401,0.021834,0.021529,0.305,-0.02827,0.40377,-0.01754,0.44118
96.0601,0.021351,0.021022,0.329,-0.02000,0.42144,-0.00858,0.44830
96.0801,0.021036,0.020692,0.344,-0.01148,0.43013,0.00041,0.44931
96.1001,0.020893,0.020536,0.357,-0.00286,0.42985,0.00943,0.45102
96.1201,0.020921,0.020546,0.375,0.00567,0.42080,0.01863,0.46030
96.1401,0.021117,0.020730,0.388,0.01392,0.40339,0.02723,0.42979
96.1601,0.021475,0.021113,0.362,0.02175,0.37817,0.03379,0.32793
96.1801,0.021983,0.021669,0.314,0.02900,0.34592,0.03915,0.26794
96.2001,0.022630,0.022363,0.267,0.03554,0.30744,0.04409,0.24739
96.2201,0.023400,0.023162,0.238,0.04127,0.26367,0.04905,0.24754
96.2401,0.024275,0.024063,0.212,0.04607,0.21581,0.05297,0.19602
96.2601,0.025237,0.025061,0.176,0.04988,0.16484,0.05548,0.12586
96.2801,0.026263,0.026134,0.129,0.05265,0.11211,0.05652,0.05164
96.3001,0.027334,0.027253,0.081,0.05436,0.05864,0.05659,0.00359
96.3201,0.028430,0.028387,0.043,0.05500,0.00556,0.05604,-0.02732
96.3401,0.029527,0.029520,0.007,0.05459,-0.04597,0.05445,-0.07951
96.3601,0.030607,0.030638,-0.031,0.05317,-0.09496,0.05170,-0.13744
96.3801,0.031649,0.031721,-0.072,0.05081,-0.14051,0.04789,-0.19065
96.4001,0.032634,0.032744,-0.110,0.04758,-0.18171,0.04342,-0.22326
96.4204,0.033561,0.033687,-0.126,0.04351,-0.21850,0.03904,-0.21938
96.4401,0.034372,0.034541,-0.169,0.03890,-0.24868,0.03270,-0.31694
96.4601,0.035100,0.035305,-0.205,0.03366,-0.27355,0.02628,-0.32113
96.4801,0.035716,0.035943,-0.227,0.02801,-0.29219,0.02003,-0.31224
96.5001,0.036216,0.036449,-0.233,0.02203,-0.30466,0.01405,-0.29899
96.5201,0.036596,0.036829,-0.234,0.01586,-0.31097,0.00790,-0.30771
96.5401,0.036850,0.037093,-0.242,0.00962,-0.31133,0.00128,-0.33061
96.5601,0.036981,0.037228,-0.247,0.00344,-0.30610,-0.00500,-0.31417
96.5801,0.036989,0.037234,-0.245,-0.00259,-0.29573,-0.01089,-0.29465
96.6001,0.036879,0.037144,-0.265,-0.00836,-0.28082,-0.01759,-0.33469
96.6201,0.036657,0.036926,-0.269,-0.01380,-0.26197,-0.02299,-0.27024
96.6401,0.036330,0.036561,-0.231,-0.01881,-0.24001,-0.02624,-0.16257
96.6601,0.035907,0.036087,-0.179,-0.02338,-0.21555,-0.02890,-0.13286
96.6812,0.035367,0.035526,-0.159,-0.02764,-0.18793,-0.03281,-0.19544
96.7001,0.034813,0.034971,-0.158,-0.03095,-0.16244,-0.03633,-0.17593
96.7201,0.034165,0.034300,-0.135,-0.03392,-0.13538,-0.03827,-0.09727
96.7401,0.033460,0.033561,-0.101,-0.03637,-0.10880,-0.03945,-0.05866
96.7601,0.032713,0.032789,-0.075,-0.03829,-0.08352,-0.04055,-0.05509
96.7801,0.031933,0.031993,-0.060,-0.03972,-0.05997,-0.04160,-0.05252
96.8001,0.031128,0.031176,-0.049,-0.04070,-0.03867,-0.04222,-0.03124
96.8201,0.030307,0.030336,-0.029,-0.04128,-0.01997,-0.04207,0.00746
96.8401,0.029478,0.029491,-0.013,-0.04152,-0.00415,-0.04177,0.01510
96.8601,0.028648,0.028655,-0.007,-0.04147,0.00866,-0.04162,0.00758
96.8801,0.027820,0.027818,0.002,-0.04119,0.01844,-0.04101,0.03034
96.9001,0.027000,0.026983,0.017,-0.04075,0.02526,-0.04000,0.05045
96.9201,0.026192,0.026167,0.025,-0.04020,0.02932,-0.03927,0.03682
96.9401,0.025394,0.025373,0.022,-0.03959,0.03091,-0.03890,0.01835
96.9601,0.024608,0.024588,0.020,-0.03898,0.03040,-0.03830,0.03008
96.9801,0.023835,0.023812,0.023,-0.03839,0.02822,-0.03758,0.03616
97.0001,0.023073,0.023049,0.024,-0.03786,0.02488,-0.03705,0.02646
97.0201,0.022321,0.022302,0.018,-0.03740,0.02089,-0.03683,0.01071
97.0401,0.021576,0.021564,0.012,-0.03702,0.01680,-0.03668,0.00737
97.0601,0.020839,0.020829,0.010,-0.03672,0.01314,-0.03640,0.01422
97.0801,0.020107,0.020096,0.011,-0.03649,0.01045,-0.03611,0.01445
97.1001,0.019379,0.019371,0.008,-0.03630,0.00918,-0.03606,0.00247
97.1201,0.018655,0.018649,0.006,-0.03611,0.00977,-0.03592,0.00688
97.1401,0.017935,0.017929,0.006,-0.03589,0.01255,-0.03569,0.01180
97.1601,0.017219,0.017212,0.007,-0.03559,0.01778,-0.03532,0.01824
97.1801,0.016512,0.016499,0.013,-0.03516,0.02562,-0.03467,0.03243
97.2001,0.015813,0.015796,0.018,-0.03455,0.03614,-0.03389,0.03918
97.2212,0.015092,0.015069,0.023,-0.03364,0.05009,-0.03278,0.05553
97.2401,0.014468,0.014429,0.039,-0.03256,0.06482,-0.03108,0.08493
97.2601,0.013831,0.013781,0.049,-0.03109,0.08258,-0.02930,0.08923
97.2801,0.013227,0.013169,0.058,-0.02925,0.10211,-0.02718,0.10594
97.3001,0.012663,0.012590,0.073,-0.02700,0.12301,-0.02433,0.14249
97.3201,0.012150,0.012057,0.093,-0.02432,0.14465,-0.02096,0.16821
97.3401,0.011693,0.011584,0.109,-0.02121,0.16651,-0.01731,0.18272
97.3601,0.011304,0.011177,0.127,-0.01767,0.18782,-0.01316,0.20765
97.3801,0.010990,0.010848,0.142,-0.01371,0.20794,-0.00872,0.22200
97.4001,0.010758,0.010599,0.160,-0.00936,0.22617,-0.00374,0.24874
97.4201,0.010618,0.010443,0.175,-0.00468,0.24178,0.00144,0.25932
97.4401,0.010573,0.010386,0.187,0.00029,0.25414,0.00679,0.26727
97.4601,0.010630,0.010412,0.218,0.00546,0.26260,0.01323,0.32207
97.4801,0.010792,0.010549,0.243,0.01076,0.26664,0.01931,0.30381
97.5001,0.011061,0.010823,0.238,0.01609,0.26581,0.02410,0.23978
97.5201,0.011435,0.011218,0.217,0.02135,0.25977,0.02851,0.22027
97.5401,0.011914,0.011716,0.198,0.02644,0.24829,0.03297,0.22312
97.5601,0.012491,0.012298,0.193,0.03125,0.23129,0.03776,0.23925
97.5801,0.013162,0.012973,0.188,0.03566,0.20879,0.04202,0.21325
97.6001,0.013915,0.013746,0.169,0.03957,0.18106,0.04509,0.15352
97.6201,0.014740,0.014600,0.140,0.04287,0.14838,0.04732,0.11156
97.6401,0.015625,0.015515,0.110,0.04547,0.11123,0.04887,0.07721
97.6601,0.016554,0.016470,0.084,0.04729,0.07026,0.04986,0.04982
97.6801,0.017512,0.017454,0.058,0.04826,0.02620,0.04993,0.00341
97.7001,0.018479,0.018454,0.024,0.04833,-0.02007,0.04879,-0.05684
97.7201,0.019438,0.019452,-0.014,0.04745,-0.06762,0.04656,-0.11183
97.7401,0.020370,0.020422,-0.052,0.04562,-0.11547,0.04343,-0.15626
97.7601,0.021256,0.021344,-0.088,0.04284,-0.16253,0.03944,-0.19969
97.7801,0.022077,0.022205,-0.127,0.03913,-0.20777,0.03439,-0.25256
97.8001,0.022815,0.022979,-0.164,0.03455,-0.25004,0.02857,-0.29078
97.8201,0.023454,0.023649,-0.195,0.02916,-0.28837,0.02219,-0.31892
97.8401,0.023977,0.024211,-0.234,0.02305,-0.32168,0.01469,-0.37538
97.8601,0.024372,0.024627,-0.255,0.01633,-0.34914,0.00743,-0.36277
97.8801,0.024627,0.024902,-0.275,0.00913,-0.36992,-0.00045,-0.39415
97.9001,0.024735,0.025038,-0.303,0.00158,-0.38334,-0.00905,-0.42963
97.9201,0.024689,0.025023,-0.334,-0.00615,-0.38889,-0.01782,-0.43894
97.9401,0.024488,0.024850,-0.362,-0.01392,-0.38621,-0.02655,-0.43640
97.9601,0.024133,0.024484,-0.350,-0.02155,-0.37512,-0.03333,-0.33883
97.9801,0.023629,0.023942,-0.313,-0.02887,-0.35563,-0.03910,-0.28861
98.0001,0.022981,0.023260,-0.278,-0.03572,-0.32792,-0.04479,-0.28467
98.0201,0.022204,0.022460,-0.257,-0.04193,-0.29243,-0.05042,-0.28114
98.0401,0.021310,0.021547,-0.237,-0.04737,-0.24970,-0.05522,-0.24001
98.0601,0.020315,0.020519,-0.204,-0.05188,-0.20048,-0.05844,-0.16103
98.0801,0.019241,0.019400,-0.159,-0.05535,-0.14573,-0.06026,-0.09087
98.1001,0.018109,0.018217,-0.108,-0.05768,-0.08648,-0.06080,-0.02713
98.1201,0.016943,0.016989,-0.046,-0.05879,-0.02393,-0.05968,0.05606
98.1401,0.015766,0.015774,-0.008,-0.05862,0.04066,-0.05846,0.06083
98.1601,0.014606,0.014598,0.008,-0.05716,0.10585,-0.05671,0.08759
98.1801,0.013488,0.013432,0.056,-0.05439,0.17033,-0.05195,0.23770
98.2001,0.012438,0.012306,0.132,-0.05035,0.23262,-0.04505,0.34521
98.2201,0.011482,0.011269,0.212,-0.04511,0.29127,-0.03699,0.40285
98.2401,0.010641,0.010381,0.260,-0.03874,0.34503,-0.02937,0.38128
98.2601,0.009939,0.009663,0.276,-0.03135,0.39263,-0.02179,0.37885
98.2801,0.009394,0.009094,0.299,-0.02309,0.43290,-0.01266,0.45667
98.3001,0.009021,0.008679,0.342,-0.01409,0.46487,-0.00199,0.53352
98.3201,0.008834,0.008439,0.394,-0.00455,0.48771,0.00942,0.57047
98.3401,0.008841,0.008413,0.428,0.00535,0.50076,0.02028,0.54310
98.3601,0.009049,0.008587,0.462,0.01541,0.50360,0.03149,0.56034
98.3801,0.009457,0.008991,0.466,0.02542,0.49601,0.04129,0.49016
98.4001,0.010064,0.009627,0.437,0.03518,0.47800,0.04972,0.42107
98.4201,0.010861,0.010466,0.395,0.04448,0.44982,0.05746,0.38720
98.4401,0.011839,0.011475,0.364,0.05311,0.41190,0.06516,0.38481
98.4601,0.012981,0.012644,0.336,0.06090,0.36500,0.07201,0.34287
98.4801,0.014269,0.013967,0.303,0.06767,0.30991,0.07758,0.27859
98.5001,0.015681,0.015427,0.255,0.07326,0.24782,0.08138,0.19001
98.5201,0.017192,0.016999,0.192,0.07754,0.17998,0.08340,0.10085
98.5401,0.018773,0.018641,0.132,0.08043,0.10783,0.08423,0.04159
98.5601,0.020398,0.020338,0.060,0.08183,0.03278,0.08307,-0.05844
98.5801,0.022035,0.022001,0.034,0.08173,-0.04350,0.08260,-0.02331
98.6001,0.023656,0.023682,-0.027,0.08010,-0.11950,0.07853,-0.20355
98.6201,0.025230,0.025314,-0.085,0.07696,-0.19350,0.07343,-0.25467
98.6401,0.026725,0.026873,-0.148,0.07238,-0.26383,0.06666,-0.33849
98.6601,0.028114,0.028330,-0.216,0.06645,-0.32895,0.05835,-0.41551
98.6801,0.029373,0.029647,-0.274,0.05927,-0.38751,0.04932,-0.45174
98.7001,0.030478,0.030797,-0.320,0.05100,-0.43813,0.03962,-0.48494
98.7201,0.031407,0.031780,-0.373,0.04181,-0.47964,0.02853,-0.55473
98.7401,0.032145,0.032555,-0.410,0.03188,-0.51110,0.01754,-0.54931
98.7601,0.032679,0.033106,-0.427,0.02143,-0.53169,0.00671,-0.54131
98.7801,0.033001,0.033443,-0.442,0.01068,-0.54093,-0.00451,-0.56119
98.8001,0.033106,0.033559,-0.454,-0.00013,-0.53852,-0.01568,-0.55850
98.8201,0.032996,0.033483,-0.487,-0.01078,-0.52443,-0.02769,-0.60065
98.8401,0.032677,0.033174,-0.496,-0.02103,-0.49889,-0.03800,-0.51531
98.8601,0.032159,0.032619,-0.460,-0.03066,-0.46236,-0.04590,-0.39484
98.8801,0.031457,0.031848,-0.391,-0.03946,-0.41555,-0.05201,-0.30564
98.9001,0.030587,0.030914,-0.327,-0.04723,-0.35936,-0.05765,-0.28199
98.9201,0.029577,0.029856,-0.280,-0.05377,-0.29513,-0.06276,-0.25581
98.9401,0.028445,0.028684,-0.239,-0.05898,-0.22383,-0.06665,-0.19420
98.9601,0.027227,0.027408,-0.182,-0.06270,-0.14732,-0.06825,-0.07993
98.9801,0.025947,0.026062,-0.115,-0.06485,-0.06690,-0.06804,0.01051
99.0001,0.024644,0.024696,-0.052,-0.06536,0.01537,-0.06642,0.08073
99.0201,0.023345,0.023336,0.009,-0.06423,0.09815,-0.06325,0.15858
99.0401,0.022085,0.022011,0.074,-0.06145,0.17946,-0.05821,0.25230
99.0601,0.020898,0.020756,0.142,-0.05707,0.25757,-0.05151,0.33461
99.0801,0.019813,0.019606,0.207,-0.05118,0.33084,-0.04344,0.40382
99.1001,0.018861,0.018592,0.269,-0.04388,0.39767,-0.03406,0.46902
99.1201,0.018067,0.017739,0.327,-0.03533,0.45668,-0.02356,0.52464
99.1401,0.017454,0.017072,0.383,-0.02567,0.50660,-0.01206,0.57541
99.1601,0.017045,0.016616,0.430,-0.01513,0.54623,0.00000,0.60298
99.1801,0.016854,0.016385,0.469,-0.00391,0.57483,0.01248,0.62365
99.2001,0.016892,0.016381,0.511,0.00778,0.59173,0.02562,0.65688
99.2201,0.017167,0.016612,0.555,0.01969,0.59655,0.03904,0.67112
99.2401,0.017680,0.017120,0.560,0.03157,0.58916,0.05065,0.58048
99.2601,0.018428,0.017896,0.532,0.04317,0.56969,0.06094,0.51457
99.2801,0.019404,0.018917,0.487,0.05428,0.53852,0.07034,0.47027
99.3001,0.020594,0.020154,0.441,0.06464,0.49635,0.07912,0.43865
99.3201,0.021985,0.021577,0.408,0.07408,0.44390,0.08759,0.42380
99.3401,0.023549,0.023181,0.368,0.08234,0.38254,0.09444,0.34215
99.3601,0.025267,0.024953,0.314,0.08931,0.31329,0.09940,0.24818
99.3801,0.027113,0.026891,0.222,0.09483,0.23757,0.10136,0.09791
99.4001,0.029050,0.028869,0.181,0.09878,0.15716,0.10450,0.15689
99.4201,0.031054,0.030914,0.140,0.10110,0.07340,0.10540,0.04536
99.4401,0.033082,0.033013,0.069,0.10171,-0.01163,0.10330,-0.10528
99.4601,0.035110,0.035145,-0.035,0.10063,-0.09653,0.09829,-0.25043
99.4801,0.037098,0.037182,-0.084,0.09787,-0.17938,0.09445,-0.19168
99.5001,0.039013,0.039138,-0.125,0.09348,-0.25854,0.08879,-0.28313
99.5201,0.040827,0.041016,-0.189,0.08756,-0.33257,0.08042,-0.41875
99.5401,0.042507,0.042776,-0.270,0.08022,-0.39985,0.07017,-0.51237
99.5601,0.044027,0.044372,-0.345,0.07162,-0.45915,0.05906,-0.55532
99.5801,0.045364,0.045764,-0.400,0.06191,-0.50936,0.04772,-0.56738
99.6001,0.046498,0.046932,-0.435,0.05131,-0.54953,0.03615,-0.57852
99.6201,0.047411,0.047884,-0.472,0.04001,-0.57895,0.02354,-0.63043
99.6401,0.048094,0.048584,-0.490,0.02823,-0.59720,0.01138,-0.60790
99.6601,0.048539,0.049053,-0.514,0.01619,-0.60402,-0.00156,-0.64678
99.6801,0.048742,0.049264,-0.522,0.00414,-0.59942,-0.01369,-0.60687
99.7001,0.048706,0.049246,-0.540,-0.00771,-0.58365,-0.02625,-0.62779
99.7201,0.048437,0.048982,-0.546,-0.01913,-0.55719,-0.03775,-0.57505
99.7401,0.047945,0.048460,-0.515,-0.02993,-0.52073,-0.04708,-0.46649
99.7601,0.047245,0.047685,-0.440,-0.03990,-0.47516,-0.05405,-0.34851
99.7801,0.046356,0.046728,-0.372,-0.04888,-0.42159,-0.06076,-0.33550
99.8001,0.045298,0.045641,-0.343,-0.05671,-0.36117,-0.06807,-0.36564
99.8201,0.044096,0.044404,-0.308,-0.06329,-0.29528,-0.07338,-0.26535
99.8401,0.042776,0.043023,-0.247,-0.06850,-0.22533,-0.07622,-0.14220
99.8601,0.041363,0.041537,-0.174,-0.07229,-0.15268,-0.07741,-0.05930
99.8801,0.039893,0.040003,-0.109,-0.07460,-0.07917,-0.07760,-0.00971
99.9001,0.038391,0.038450,-0.060,-0.07545,-0.00606,-0.07693,0.03368
99.9201,0.036886,0.036895,-0.009,-0.07486,0.06513,-0.07460,0.11663
99.9401,0.035406,0.035358,0.047,-0.07287,0.13316,-0.07065,0.19731
99.9601,0.033980,0.033873,0.107,-0.06956,0.19655,-0.06528,0.26876
99.9801,0.032629,0.032455,0.174,-0.06504,0.25435,-0.05837,0.34514
100.0001,0.031385,0.031165,0.220,-0.05944,0.30527,-0.05147,0.34541
100.0201,0.030261,0.030026,0.235,-0.05289,0.34875,-0.04473,0.33687
100.0401,0.029275,0.029010,0.265,-0.04554,0.38405,-0.03620,0.42620
100.0601,0.028442,0.028135,0.307,-0.03757,0.41076,-0.02668,0.47635
100.0801,0.027774,0.027428,0.346,-0.02916,0.42858,-0.01698,0.48494
100.1001,0.027277,0.026914,0.364,-0.02049,0.43745,-0.00793,0.45245
100.1201,0.026955,0.026589,0.367,-0.01173,0.43756,0.00077,0.43484
100.1401,0.026808,0.026447,0.361,-0.00304,0.42924,0.00917,0.42036
100.1601,0.026832,0.026467,0.365,0.00540,0.41297,0.01785,0.43404
100.1801,0.027021,0.026647,0.374,0.01343,0.38946,0.02625,0.42000
100.2001,0.027366,0.027011,0.354,0.02093,0.35948,0.03276,0.32536
100.2201,0.027853,0.027550,0.303,0.02777,0.32403,0.03752,0.23799
100.2401,0.028471,0.028232,0.239,0.03386,0.28400,0.04127,0.18741
100.2601,0.029202,0.028987,0.215,0.03911,0.24052,0.04615,0.24407
100.2801,0.030030,0.029830,0.200,0.04346,0.19467,0.05009,0.19704
100.3001,0.030934,0.030770,0.165,0.04689,0.14765,0.05209,0.10009
100.3201,0.031899,0.031799,0.100,0.04937,0.10046,0.05204,-0.00257
100.3401,0.032903,0.032831,0.071,0.05091,0.05423,0.05302,0.04881
100.3601,0.033929,0.033879,0.049,0.05155,0.00990,0.05297,-0.00234
100.3801,0.034959,0.034954,0.005,0.05133,-0.03165,0.05100,-0.09867
100.4001,0.035977,0.036012,-0.035,0.05031,-0.06958,0.04868,-0.11613
100.4201,0.036966,0.037023,-0.056,0.04857,-0.10327,0.04643,-0.11249
100.4401,0.037915,0.037976,-0.061,0.04621,-0.13219,0.04410,-0.11630
100.4601,0.038811,0.038909,-0.098,0.04332,-0.15594,0.03959,-0.22535
100.4801,0.039645,0.039781,-0.136,0.04001,-0.17432,0.03496,-0.23167
100.5001,0.040410,0.040561,-0.151,0.03638,-0.18726,0.03107,-0.19432
100.5201,0.041100,0.041238,-0.139,0.03255,-0.19478,0.02798,-0.15492
100.5401,0.041711,0.041850,-0.139,0.02862,-0.19713,0.02389,-0.20430
100.5601,0.042245,0.042394,-0.149,0.02469,-0.19462,0.01952,-0.21839
100.5801,0.042699,0.042853,-0.154,0.02087,-0.18775,0.01556,-0.19789
100.6000,0.043079,0.043229,-0.150,0.01722,-0.17702,0.01217,-0.16990
100.6201,0.043389,0.043525,-0.135,0.01381,-0.16305,0.00937,-0.13978
100.6401,0.043634,0.043750,-0.116,0.01071,-0.14656,0.00699,-0.11890
100.6601,0.043820,0.043925,-0.105,0.00796,-0.12825,0.00453,-0.12309
100.6801,0.043955,0.044053,-0.098,0.00559,-0.10886,0.00232,-0.11071
100.7001,0.044046,0.044133,-0.087,0.00361,-0.08914,0.00078,-0.07660
100.7201,0.044102,0.044169,-0.067,0.00202,-0.06977,-0.00002,-0.04011
100.7401,0.044130,0.044176,-0.046,0.00081,-0.05142,-0.00052,-0.02488
100.7601,0.044137,0.044174,-0.037,-0.00005,-0.03465,-0.00120,-0.03445
100.7801,0.044130,0.044170,-0.040,-0.00059,-0.02003,-0.00196,-0.03792
100.8002,0.044115,0.044156,-0.041,-0.00087,-0.00782,-0.00230,-0.01661
100.8202,0.044097,0.044128,-0.031,-0.00092,0.00142,-0.00188,0.02080
100.8401,0.044079,0.044093,-0.014,-0.00083,0.00764,0.00000,0.09398
100.8601,0.044064,0.044068,-0.004,-0.00064,0.01081,0.00000,0.00000
100.8801,0.044054,0.044069,-0.015,-0.00042,0.01089,0.00000,0.00000
100.9001,0.044047,0.044069,-0.022,-0.00022,0.00805,-0.00104,-0.05209
100.9201,0.044044,0.044067,-0.023,-0.00011,0.00255,-0.00091,0.00676
100.9401,0.044042,0.044054,-0.012,-0.00014,-0.00528,0.00000,0.04533
100.9601,0.044038,0.044043,-0.005,-0.00034,-0.01500,0.00000,0.00000
100.9801,0.044027,0.044043,-0.016,-0.00075,-0.02612,0.00000,0.00000
101.0001,0.044006,0.044043,-0.037,-0.00139,-0.03808,-0.00287,-0.14365
101.0201,0.043970,0.044038,-0.067,-0.00227,-0.05031,-0.00490,-0.10143
101.0401,0.043914,0.043978,-0.064,-0.00340,-0.06221,-0.00554,-0.03208
101.0601,0.043832,0.043880,-0.047,-0.00476,-0.07321,-0.00619,-0.03212
101.0801,0.043722,0.043768,-0.046,-0.00632,-0.08270,-0.00787,-0.08415
101.1001,0.043579,0.043635,-0.057,-0.00805,-0.09020,-0.01009,-0.11093
101.1201,0.043400,0.043470,-0.070,-0.00991,-0.09525,-0.01245,-0.11833
101.1401,0.043182,0.043259,-0.077,-0.01184,-0.09748,-0.01451,-0.10305
101.1601,0.042926,0.043000,-0.074,-0.01379,-0.09659,-0.01629,-0.08857
101.1801,0.042631,0.042703,-0.073,-0.01568,-0.09239,-0.01813,-0.09241
101.2001,0.042300,0.042366,-0.067,-0.01746,-0.08483,-0.01966,-0.07624
101.2201,0.041934,0.041993,-0.059,-0.01905,-0.07393,-0.02097,-0.06541
101.2401,0.041539,0.041594,-0.055,-0.02040,-0.05984,-0.02223,-0.06322
101.2601,0.041120,0.041167,-0.047,-0.02143,-0.04285,-0.02293,-0.03471
101.2801,0.040684,0.040721,-0.037,-0.02209,-0.02331,-0.02323,-0.01498
101.3001,0.040239,0.040256,-0.017,-0.02235,-0.00171,-0.02270,0.02604
101.3201,0.039793,0.039794,-0.001,-0.02215,0.02140,-0.02202,0.03447
101.3401,0.039356,0.039342,0.014,-0.02148,0.04538,-0.02084,0.05868
101.3601,0.038937,0.038906,0.031,-0.02033,0.06954,-0.01909,0.08739
101.3801,0.038546,0.038494,0.052,-0.01871,0.09316,-0.01669,0.12039
101.4001,0.038192,0.038117,0.075,-0.01662,0.11553,-0.01380,0.14446
101.4201,0.037884,0.037798,0.086,-0.01410,0.13589,-0.01104,0.13789
101.4401,0.037631,0.037530,0.101,-0.01120,0.15355,-0.00761,0.17132
101.4601,0.037438,0.037324,0.114,-0.00798,0.16784,-0.00394,0.18375
101.4801,0.037313,0.037182,0.132,-0.00451,0.17818,0.00015,0.20421
101.5001,0.037259,0.037121,0.139,-0.00088,0.18409,0.00391,0.18833
101.5201,0.037278,0.037130,0.148,0.00282,0.18516,0.00796,0.20223
101.5401,0.037372,0.037197,0.175,0.00649,0.18113,0.01273,0.23851
101.5601,0.037537,0.037360,0.177,0.01003,0.17185,0.01607,0.16705
101.5801,0.037771,0.037621,0.151,0.01333,0.15731,0.01816,0.10465
101.6001,0.038069,0.037944,0.125,0.01630,0.13761,0.02024,0.10405
101.6201,0.038421,0.038315,0.106,0.01881,0.11311,0.02223,0.09929
101.6402,0.038820,0.038724,0.096,0.02080,0.08408,0.02394,0.08536
101.6601,0.039247,0.039176,0.071,0.02215,0.05160,0.02429,0.01786
101.6801,0.039698,0.039658,0.040,0.02283,0.01575,0.02386,-0.02155
101.7001,0.040155,0.040145,0.010,0.02277,-0.02246,0.02277,-0.05464
101.7201,0.040604,0.040616,-0.012,0.02192,-0.06216,0.02126,-0.07572
101.7401,0.041027,0.041068,-0.041,0.02028,-0.10240,0.01855,-0.13518
101.7601,0.041409,0.041487,-0.077,0.01783,-0.14215,0.01481,-0.18689
101.7801,0.041735,0.041844,-0.109,0.01460,-0.18036,0.01056,-0.21287
101.8001,0.041989,0.042129,-0.140,0.01063,-0.21603,0.00552,-0.25201
101.8201,0.042156,0.042320,-0.164,0.00597,-0.24825,0.00012,-0.26985
101.8401,0.042224,0.042412,-0.188,0.00073,-0.27580,-0.00594,-0.30322
101.8601,0.042182,0.042404,-0.222,-0.00501,-0.29802,-0.01293,-0.34950
101.8801,0.042021,0.042292,-0.271,-0.01115,-0.31414,-0.02090,-0.39848
101.9001,0.041734,0.042028,-0.294,-0.01754,-0.32347,-0.02780,-0.34454
101.9201,0.041318,0.041604,-0.286,-0.02404,-0.32552,-0.03366,-0.29311
101.9401,0.040773,0.041035,-0.262,-0.03050,-0.31997,-0.03913,-0.27384
101.9601,0.040099,0.040345,-0.246,-0.03678,-0.30663,-0.04496,-0.29149
101.9801,0.039304,0.039545,-0.241,-0.04272,-0.28554,-0.05088,-0.29572
102.0001,0.038394,0.038629,-0.235,-0.04815,-0.25691,-0.05606,-0.25883
102.0201,0.037383,0.037593,-0.210,-0.05294,-0.22116,-0.05980,-0.18713
102.0401,0.036283,0.036456,-0.174,-0.05695,-0.17879,-0.06246,-0.13298
102.0601,0.035111,0.035245,-0.134,-0.06006,-0.13059,-0.06416,-0.08533
102.0801,0.033888,0.033983,-0.095,-0.06214,-0.07749,-0.06495,-0.03936
102.1001,0.032632,0.032693,-0.061,-0.06313,-0.02046,-0.06480,0.00731
102.1201,0.031370,0.031390,-0.020,-0.06294,0.03921,-0.06317,0.08176
102.1401,0.030123,0.030096,0.027,-0.06155,0.10036,-0.06012,0.15273
102.1601,0.028916,0.028841,0.076,-0.05893,0.16160,-0.05583,0.21436
102.1801,0.027774,0.027648,0.126,-0.05509,0.22158,-0.05025,0.27907
102.2001,0.026720,0.026544,0.175,-0.05008,0.27895,-0.04357,0.33376
102.2201,0.025777,0.025558,0.220,-0.04396,0.33229,-0.03600,0.37852
102.2401,0.024968,0.024706,0.262,-0.03682,0.38033,-0.02747,0.42669
102.2601,0.024311,0.024002,0.309,-0.02880,0.42184,-0.01777,0.48463
102.2801,0.023821,0.023470,0.352,-0.02000,0.45580,-0.00757,0.51001
102.3001,0.023514,0.023129,0.385,-0.01062,0.48120,0.00286,0.52179
102.3201,0.023399,0.022997,0.403,-0.00081,0.49728,0.01306,0.51010
102.3401,0.023483,0.023046,0.437,0.00921,0.50344,0.02445,0.56913
102.3601,0.023768,0.023305,0.463,0.01925,0.49932,0.03528,0.54193
102.3801,0.024252,0.023798,0.454,0.02912,0.48475,0.04445,0.45815
102.4001,0.024931,0.024514,0.417,0.03859,0.45976,0.05236,0.39567
102.4201,0.025793,0.025420,0.373,0.04745,0.42472,0.05964,0.36383
102.4401,0.026824,0.026485,0.338,0.05551,0.38014,0.06664,0.35034
102.4601,0.028005,0.027699,0.306,0.06259,0.32682,0.07264,0.29983
102.4801,0.029318,0.029053,0.265,0.06852,0.26556,0.07709,0.22248
102.5001,0.030739,0.030528,0.211,0.07317,0.19752,0.07973,0.13207
102.5201,0.032236,0.032088,0.149,0.07639,0.12414,0.08078,0.05215
102.5401,0.033785,0.033691,0.094,0.07811,0.04672,0.08070,-0.00390
102.5601,0.035349,0.035312,0.037,0.07825,-0.03295,0.07889,-0.09039
102.5801,0.036901,0.036922,-0.021,0.07679,-0.11349,0.07542,-0.17354
102.6001,0.038410,0.038492,-0.083,0.07371,-0.19324,0.07022,-0.26002
102.6201,0.039839,0.039992,-0.153,0.06908,-0.27034,0.06311,-0.35529
102.6401,0.041162,0.041380,-0.218,0.06293,-0.34337,0.05481,-0.41532
102.6601,0.042347,0.042627,-0.280,0.05538,-0.41052,0.04517,-0.48180
102.6801,0.043369,0.043706,-0.338,0.04655,-0.47053,0.03444,-0.53636
102.7001,0.044202,0.044594,-0.392,0.03661,-0.52191,0.02268,-0.58821
102.7201,0.044828,0.045273,-0.445,0.02572,-0.56361,0.01002,-0.63301
102.7401,0.045227,0.045716,-0.489,0.01414,-0.59448,-0.00297,-0.64962
102.7601,0.045389,0.045912,-0.522,0.00205,-0.61391,-0.01608,-0.65532
102.7801,0.045307,0.045869,-0.562,-0.01033,-0.62136,-0.02988,-0.69006
102.8001,0.044976,0.045559,-0.583,-0.02273,-0.61653,-0.04279,-0.64533
102.8201,0.044399,0.044968,-0.569,-0.03491,-0.59941,-0.05408,-0.56467
102.8401,0.043583,0.044108,-0.525,-0.04662,-0.57023,-0.06401,-0.49651
102.8601,0.042538,0.043019,-0.481,-0.05764,-0.52946,-0.07352,-0.47523
102.8801,0.041284,0.041723,-0.440,-0.06773,-0.47792,-0.08222,-0.43513
102.9001,0.039837,0.040235,-0.398,-0.07669,-0.41650,-0.08975,-0.37668
102.9201,0.038225,0.038570,-0.345,-0.08433,-0.34642,-0.09550,-0.28749
102.9401,0.036473,0.036752,-0.279,-0.09050,-0.26896,-0.09926,-0.18793
102.9601,0.034614,0.034819,-0.205,-0.09506,-0.18579,-0.10121,-0.09766
102.9801,0.032682,0.032817,-0.136,-0.09790,-0.09849,-0.10176,-0.02711
103.0001,0.030711,0.030785,-0.074,-0.09898,-0.00889,-0.10080,0.04759
103.0201,0.028732,0.028747,-0.015,-0.09825,0.08155,-0.09812,0.13415
103.0401,0.026789,0.026734,0.055,-0.09573,0.17057,-0.09309,0.25144
103.0601,0.024914,0.024779,0.135,-0.09145,0.25656,-0.08598,0.35581
103.0801,0.023145,0.022929,0.216,-0.08551,0.33768,-0.07727,0.43546
103.1001,0.021508,0.021224,0.285,-0.07800,0.41249,-0.06757,0.48490
103.1201,0.020036,0.019694,0.342,-0.06906,0.47947,-0.05681,0.53781
103.1401,0.018753,0.018359,0.394,-0.05887,0.53729,-0.04489,0.59619
103.1601,0.017687,0.017236,0.451,-0.04764,0.58468,-0.03168,0.66063
103.1801,0.016853,0.016350,0.504,-0.03556,0.62087,-0.01785,0.69139
103.2001,0.016268,0.015723,0.546,-0.02288,0.64507,-0.00386,0.69958
103.2201,0.015941,0.015369,0.572,-0.00984,0.65689,0.00990,0.68789
103.2401,0.015875,0.015294,0.582,0.00330,0.65615,0.02319,0.66428
103.2601,0.016072,0.015466,0.607,0.01632,0.64293,0.03722,0.70171
103.2801,0.016526,0.015922,0.604,0.02895,0.61757,0.04945,0.61149
103.3001,0.017225,0.016661,0.565,0.04094,0.58072,0.05970,0.51271
103.3201,0.018158,0.017658,0.500,0.05211,0.53308,0.06839,0.43434
103.3401,0.019303,0.018868,0.435,0.06221,0.47582,0.07628,0.39466
103.3601,0.020638,0.020256,0.382,0.07108,0.41018,0.08346,0.35885
103.3801,0.022138,0.021805,0.332,0.07857,0.33742,0.08932,0.29296
103.4001,0.023771,0.023499,0.273,0.08454,0.25923,0.09316,0.19188
103.4201,0.025508,0.025307,0.202,0.08891,0.17719,0.09500,0.09190
103.4401,0.027316,0.027185,0.131,0.09162,0.09298,0.09531,0.01559
103.4601,0.029162,0.029093,0.069,0.09263,0.00835,0.09429,-0.05104
103.4801,0.031016,0.031000,0.015,0.09195,-0.07525,0.09188,-0.12047
103.5001,0.032829,0.032882,-0.054,0.08965,-0.15541,0.08707,-0.24026
103.5201,0.034585,0.034710,-0.125,0.08577,-0.23129,0.08073,-0.31693
103.5401,0.036249,0.036436,-0.188,0.08044,-0.30120,0.07338,-0.36788
103.5601,0.037793,0.038034,-0.240,0.07377,-0.36384,0.06503,-0.41734
103.5801,0.039193,0.039483,-0.290,0.06594,-0.41805,0.05554,-0.47464
103.6001,0.040425,0.040766,-0.341,0.05711,-0.46286,0.04494,-0.52978
103.6201,0.041472,0.041860,-0.388,0.04749,-0.49755,0.03377,-0.55834
103.6401,0.042320,0.042745,-0.425,0.03729,-0.52161,0.02242,-0.56769
103.6601,0.042961,0.043408,-0.448,0.02670,-0.53483,0.01124,-0.55915
103.6801,0.043387,0.043844,-0.456,0.01596,-0.53711,0.00035,-0.54453
103.7001,0.043600,0.044056,-0.457,0.00529,-0.52871,-0.01023,-0.52895
103.7201,0.043601,0.044055,-0.454,-0.00512,-0.51001,-0.02053,-0.51499
103.7401,0.043398,0.043863,-0.465,-0.01505,-0.48171,-0.03095,-0.52112
103.7601,0.043003,0.043446,-0.443,-0.02433,-0.44458,-0.03915,-0.40973
103.7801,0.042430,0.042817,-0.387,-0.03278,-0.39969,-0.04533,-0.30896
103.8001,0.041698,0.042015,-0.317,-0.04027,-0.34818,-0.05029,-0.24827
103.8201,0.040827,0.041091,-0.265,-0.04668,-0.29133,-0.05510,-0.24027
103.8401,0.039839,0.040064,-0.226,-0.05190,-0.23052,-0.05914,-0.20219
103.8601,0.038759,0.038944,-0.185,-0.05588,-0.16716,-0.06172,-0.12886
103.8801,0.037612,0.037745,-0.133,-0.05858,-0.10271,-0.06254,-0.04079
103.9001,0.036424,0.036503,-0.079,-0.05999,-0.03859,-0.06207,0.02323
103.9201,0.035221,0.035251,-0.030,-0.06013,0.02380,-0.06062,0.07269
103.9401,0.034027,0.034012,0.015,-0.05906,0.08313,-0.05804,0.12865
103.9601,0.032863,0.032806,0.057,-0.05683,0.13831,-0.05442,0.18126
103.9801,0.031761,0.031655,0.106,-0.05357,0.18784,-0.04941,0.25044
104.0001,0.030730,0.030578,0.152,-0.04937,0.23122,-0.04369,0.28592
104.0201,0.029791,0.029606,0.185,-0.04436,0.26753,-0.03770,0.29952
104.0401,0.028960,0.028751,0.209,-0.03872,0.29612,-0.03136,0.31708
104.0601,0.028246,0.028013,0.233,-0.03258,0.31665,-0.02439,0.34836
104.0801,0.027659,0.027405,0.253,-0.02610,0.32889,-0.01727,0.35624
104.1001,0.027203,0.026939,0.264,-0.01948,0.33282,-0.01038,0.34424
104.1201,0.026880,0.026611,0.269,-0.01285,0.32864,-0.00366,0.33598
104.1401,0.026688,0.026425,0.263,-0.00638,0.31671,0.00248,0.30738
104.1601,0.026623,0.026369,0.253,-0.00022,0.29753,0.00828,0.28981
104.1801,0.026676,0.026414,0.262,0.00548,0.27189,0.01446,0.30914
104.2001,0.026838,0.026586,0.252,0.01061,0.24050,0.01908,0.23092
104.2201,0.027096,0.026884,0.212,0.01507,0.20427,0.02186,0.13885
104.2401,0.027436,0.027274,0.161,0.01876,0.16438,0.02367,0.09067
104.2601,0.027841,0.027720,0.120,0.02162,0.12180,0.02527,0.07986
104.2801,0.028295,0.028201,0.094,0.02362,0.07759,0.02651,0.06185
104.3000,0.028778,0.028713,0.066,0.02472,0.03303,0.02666,0.00764
104.3201,0.029277,0.029246,0.032,0.02494,-0.01109,0.02565,-0.05032
104.3401,0.029771,0.029776,-0.005,0.02429,-0.05348,0.02373,-0.09592
104.3601,0.030244,0.030282,-0.039,0.02282,-0.09328,0.02113,-0.13004
104.3801,0.030679,0.030746,-0.067,0.02058,-0.12961,0.01798,-0.15780
104.4001,0.031063,0.031161,-0.098,0.01766,-0.16169,0.01399,-0.19909
104.4201,0.031381,0.031509,-0.127,0.01415,-0.18891,0.00949,-0.22514
104.4401,0.031625,0.031771,-0.146,0.01014,-0.21081,0.00496,-0.22652
104.4601,0.031785,0.031946,-0.161,0.00575,-0.22705,0.00010,-0.24303
104.4801,0.031854,0.032032,-0.179,0.00110,-0.23743,-0.00516,-0.26317
104.5001,0.031828,0.032023,-0.196,-0.00371,-0.24194,-0.01055,-0.26944
104.5201,0.031705,0.031932,-0.227,-0.00854,-0.24070,-0.01659,-0.30216
104.5401,0.031486,0.031715,-0.228,-0.01330,-0.23397,-0.02108,-0.22440
104.5601,0.031174,0.031373,-0.199,-0.01787,-0.22214,-0.02430,-0.16107
104.5801,0.030774,0.030941,-0.167,-0.02215,-0.20573,-0.02749,-0.15914
104.6001,0.030291,0.030443,-0.152,-0.02607,-0.18535,-0.03108,-0.17977
104.6201,0.029734,0.029882,-0.147,-0.02954,-0.16169,-0.03450,-0.17084
104.6401,0.029112,0.029248,-0.136,-0.03252,-0.13544,-0.03704,-0.12720
104.6601,0.028437,0.028547,-0.110,-0.03495,-0.10751,-0.03841,-0.06835
104.6801,0.027718,0.027799,-0.081,-0.03681,-0.07859,-0.03923,-0.04101
104.7001,0.026968,0.027026,-0.057,-0.03809,-0.04951,-0.03979,-0.02808
104.7201,0.026198,0.026237,-0.039,-0.03880,-0.02103,-0.03991,-0.00608
104.7402,0.025416,0.025438,-0.023,-0.03894,0.00629,-0.03953,0.01919
104.7601,0.024644,0.024643,0.002,-0.03856,0.03136,-0.03825,0.06413
104.7801,0.023881,0.023856,0.025,-0.03771,0.05405,-0.03660,0.08237
104.8001,0.023139,0.023099,0.040,-0.03642,0.07378,-0.03489,0.08534
104.8201,0.022427,0.022372,0.055,-0.03478,0.09017,-0.03274,0.10755
104.8401,0.021750,0.021683,0.067,-0.03284,0.10300,-0.03043,0.11545
104.8601,0.021115,0.021040,0.074,-0.03068,0.11214,-0.02808,0.11768
104.8801,0.020524,0.020439,0.085,-0.02838,0.11759,-0.02538,0.13506
104.9001,0.019980,0.019891,0.089,-0.02600,0.11946,-0.02295,0.12149
104.9201,0.019483,0.019397,0.087,-0.02362,0.11799,-0.02069,0.11281
104.9401,0.019034,0.018947,0.087,-0.02130,0.11350,-0.01833,0.11834
104.9601,0.018631,0.018544,0.087,-0.01910,0.10639,-0.01616,0.10851
104.9801,0.018269,0.018185,0.085,-0.01706,0.09717,-0.01421,0.09720
105.0001,0.017947,0.017875,0.072,-0.01522,0.08636,-0.01291,0.06506
105.0201,0.017659,0.017598,0.061,-0.01361,0.07454,-0.01166,0.06259
105.0401,0.017400,0.017350,0.050,-0.01224,0.06230,-0.01066,0.04994
105.0601,0.017167,0.017121,0.046,-0.01112,0.05027,-0.00959,0.05370
105.0801,0.016954,0.016919,0.035,-0.01023,0.03901,-0.00915,0.02188
105.1001,0.016757,0.016728,0.029,-0.00955,0.02906,-0.00865,0.02485
105.1201,0.016571,0.016546,0.024,-0.00905,0.02086,-0.00827,0.01886
105.1401,0.016393,0.016375,0.018,-0.00870,0.01485,-0.00815,0.00594
105.1601,0.016222,0.016207,0.015,-0.00844,0.01135,-0.00797,0.00906
105.1801,0.016056,0.016047,0.009,-0.00823,0.01055,-0.00799,-0.00106
105.2001,0.015893,0.015892,0.001,-0.00800,0.01259,-0.00805,-0.00258
105.2201,0.015736,0.015734,0.002,-0.00771,0.01747,-0.00764,0.02023
105.2401,0.015586,0.015572,0.013,-0.00729,0.02504,-0.00670,0.04703
105.2602,0.015445,0.015425,0.020,-0.00668,0.03521,-0.00594,0.03796
105.2801,0.015320,0.015294,0.026,-0.00587,0.04742,-0.00491,0.05170
105.3001,0.015213,0.015176,0.037,-0.00478,0.06146,-0.00340,0.07534
105.3200,0.015131,0.015090,0.041,-0.00340,0.07675,-0.00198,0.07115
105.3401,0.015079,0.015030,0.049,-0.00170,0.09274,0.00007,0.10226
105.3601,0.015065,0.015000,0.064,0.00031,0.10877,0.00265,0.12938
105.3801,0.015094,0.015006,0.087,0.00264,0.12419,0.00587,0.16056
105.4001,0.015172,0.015045,0.127,0.00527,0.13835,0.01004,0.20879
105.4201,0.015306,0.015161,0.146,0.00816,0.15052,0.01331,0.16364
105.4401,0.015500,0.015362,0.138,0.01127,0.16008,0.01587,0.12783
105.4601,0.015758,0.015634,0.124,0.01454,0.16644,0.01860,0.13639
105.4802,0.016084,0.015958,0.126,0.01792,0.16908,0.02223,0.18137
105.5001,0.016474,0.016340,0.134,0.02128,0.16753,0.02593,0.18531
105.5201,0.016933,0.016795,0.138,0.02458,0.16146,0.02933,0.17011
105.5401,0.017456,0.017327,0.129,0.02771,0.15065,0.03199,0.13269
105.5601,0.018040,0.017926,0.114,0.03057,0.13499,0.03427,0.11401
105.5801,0.018677,0.018576,0.102,0.03308,0.11454,0.03640,0.10645
105.6001,0.019360,0.019273,0.087,0.03512,0.08948,0.03790,0.07528
105.6201,0.020079,0.020009,0.070,0.03663,0.06011,0.03881,0.04548
105.6401,0.020821,0.020771,0.050,0.03750,0.02689,0.03900,0.00931
105.6601,0.021574,0.021551,0.023,0.03768,-0.00957,0.03815,-0.04268
105.6801,0.022323,0.022330,-0.007,0.03710,-0.04855,0.03652,-0.08141
105.7001,0.023052,0.023091,-0.039,0.03573,-0.08928,0.03408,-0.12205
105.7201,0.023746,0.023810,-0.064,0.03353,-0.13086,0.03105,-0.15116
105.7401,0.024388,0.024479,-0.091,0.03049,-0.17230,0.02710,-0.19778
105.7601,0.024960,0.025090,-0.130,0.02664,-0.21261,0.02181,-0.26422
105.7801,0.025448,0.025615,-0.167,0.02200,-0.25075,0.01590,-0.29567
105.8001,0.025836,0.026037,-0.201,0.01663,-0.28569,0.00941,-0.32456
105.8201,0.026109,0.026335,-0.226,0.01060,-0.31645,0.00267,-0.33718
105.8401,0.026256,0.026504,-0.248,0.00401,-0.34208,-0.00466,-0.36612
105.8601,0.026266,0.026535,-0.269,-0.00304,-0.36175,-0.01242,-0.38811
105.8801,0.026132,0.026454,-0.322,-0.01041,-0.37468,-0.02195,-0.47677
105.9001,0.025848,0.026198,-0.349,-0.01798,-0.38030,-0.03015,-0.40970
105.9201,0.025413,0.025752,-0.340,-0.02557,-0.37811,-0.03702,-0.34334
105.9401,0.024826,0.025135,-0.308,-0.03305,-0.36784,-0.04318,-0.30830
105.9601,0.024093,0.024379,-0.286,-0.04023,-0.34934,-0.04970,-0.32615
105.9801,0.023220,0.023498,-0.278,-0.04697,-0.32268,-0.05632,-0.33053
106.0001,0.022218,0.022486,-0.267,-0.05309,-0.28812,-0.06206,-0.28736
106.0201,0.021102,0.021340,-0.239,-0.05844,-0.24610,-0.06625,-0.20917
106.0401,0.019886,0.020080,-0.194,-0.06289,-0.19722,-0.06899,-0.13707
106.0601,0.018593,0.018741,-0.148,-0.06629,-0.14233,-0.07083,-0.09235
106.0801,0.017242,0.017349,-0.106,-0.06855,-0.08236,-0.07170,-0.04318
106.1001,0.015859,0.015925,-0.065,-0.06956,-0.01841,-0.07133,0.01855
106.1201,0.014469,0.014489,-0.020,-0.06926,0.04830,-0.06946,0.09323
106.1401,0.013098,0.013065,0.032,-0.06762,0.11642,-0.06595,0.17567
106.1601,0.011772,0.011683,0.089,-0.06460,0.18464,-0.06096,0.24924
106.1801,0.010522,0.010375,0.146,-0.06024,0.25141,-0.05463,0.31648
106.2001,0.009371,0.009170,0.201,-0.05457,0.31536,-0.04713,0.37523
106.2201,0.008347,0.008093,0.254,-0.04765,0.37508,-0.03845,0.43401
106.2401,0.007472,0.007168,0.304,-0.03959,0.42929,-0.02872,0.48674
106.2601,0.006770,0.006416,0.354,-0.03053,0.47654,-0.01793,0.53942
106.2801,0.006257,0.005858,0.399,-0.02058,0.51592,-0.00651,0.57084
106.3001,0.005951,0.005512,0.439,-0.00995,0.54628,0.00542,0.59624
106.3201,0.005863,0.005396,0.467,0.00119,0.56686,0.01736,0.59709
106.3401,0.006000,0.005488,0.512,0.01264,0.57705,0.03056,0.66040
106.3601,0.006369,0.005828,0.541,0.02420,0.57643,0.04290,0.61694
106.3801,0.006967,0.006435,0.532,0.03563,0.56480,0.05361,0.53551
106.4001,0.007793,0.007297,0.497,0.04674,0.54215,0.06324,0.48146
106.4201,0.008834,0.008383,0.451,0.05726,0.50887,0.07209,0.44253
106.4401,0.010078,0.009664,0.413,0.06701,0.46542,0.08066,0.42816
106.4601,0.011507,0.011128,0.379,0.07580,0.41253,0.08833,0.38355
106.4801,0.013102,0.012762,0.339,0.08345,0.35111,0.09455,0.31088
106.5001,0.014837,0.014551,0.285,0.08980,0.28233,0.09890,0.21782
106.5201,0.016684,0.016464,0.220,0.09471,0.20749,0.10145,0.12752
106.5401,0.018614,0.018459,0.156,0.09807,0.12803,0.10266,0.06044
106.5601,0.020596,0.020500,0.096,0.09981,0.04552,0.10241,-0.01263
106.5801,0.022596,0.022558,0.038,0.09988,-0.03838,0.10052,-0.09442
106.6001,0.024580,0.024602,-0.022,0.09827,-0.12201,0.09687,-0.18267
106.6201,0.026516,0.026605,-0.090,0.09501,-0.20365,0.09122,-0.28224
106.6401,0.028370,0.028532,-0.162,0.09015,-0.28162,0.08385,-0.36848
106.6601,0.030112,0.030339,-0.227,0.08378,-0.35435,0.07533,-0.42601
106.6801,0.031711,0.032000,-0.289,0.07603,-0.42021,0.06553,-0.49000
106.7001,0.033143,0.033489,-0.346,0.06704,-0.47799,0.05463,-0.54505
106.7201,0.034385,0.034784,-0.399,0.05697,-0.52642,0.04284,-0.58978
106.7401,0.035416,0.035863,-0.447,0.04605,-0.56445,0.03032,-0.62580
106.7601,0.036223,0.036710,-0.486,0.03446,-0.59130,0.01749,-0.64157
106.7801,0.036792,0.037307,-0.515,0.02247,-0.60634,0.00466,-0.64139
106.8001,0.037120,0.037652,-0.532,0.01030,-0.60930,-0.00796,-0.63089
106.8201,0.037205,0.037732,-0.527,-0.00182,-0.60008,-0.01968,-0.58620
106.8401,0.037050,0.037595,-0.545,-0.01363,-0.57886,-0.03237,-0.63430
106.8601,0.036663,0.037205,-0.541,-0.02490,-0.54609,-0.04326,-0.54483
106.8801,0.036058,0.036556,-0.499,-0.03541,-0.50238,-0.05190,-0.43188
106.9001,0.035253,0.035680,-0.426,-0.04493,-0.44883,-0.05864,-0.33668
106.9201,0.034269,0.034624,-0.355,-0.05330,-0.38639,-0.06458,-0.29715
106.9401,0.033128,0.033430,-0.302,-0.06035,-0.31628,-0.07005,-0.27342
106.9601,0.031865,0.032118,-0.253,-0.06592,-0.24036,-0.07399,-0.19717
106.9801,0.030504,0.030699,-0.195,-0.06992,-0.15993,-0.07590,-0.09548
107.0001,0.029078,0.029205,-0.127,-0.07229,-0.07661,-0.07588,0.00104
107.0202,0.027613,0.027683,-0.070,-0.07298,0.00816,-0.07473,0.05727
107.0401,0.026169,0.026165,0.004,-0.07199,0.09112,-0.07106,0.18354
107.0601,0.024753,0.024678,0.075,-0.06936,0.17204,-0.06602,0.25223
107.0801,0.023407,0.023268,0.138,-0.06515,0.24873,-0.05974,0.31381
107.1001,0.022158,0.021962,0.196,-0.05945,0.31973,-0.05214,0.38023
107.1201,0.021038,0.020787,0.251,-0.05241,0.38342,-0.04326,0.44389
107.1401,0.020070,0.019760,0.310,-0.04417,0.43857,-0.03299,0.51371
107.1601,0.019277,0.018909,0.368,-0.03491,0.48412,-0.02177,0.56082
107.1801,0.018679,0.018262,0.416,-0.02488,0.51894,-0.01019,0.57890
107.2001,0.018286,0.017840,0.446,-0.01424,0.54259,0.00127,0.57291
107.2201,0.018111,0.017645,0.466,-0.00325,0.55455,0.01282,0.57760
107.2401,0.018157,0.017666,0.491,0.00786,0.55467,0.02482,0.59980
107.2601,0.018425,0.017917,0.508,0.01885,0.54303,0.03631,0.57484
107.2801,0.018908,0.018416,0.493,0.02949,0.51998,0.04609,0.48867
107.3001,0.019601,0.019150,0.451,0.03958,0.48606,0.05443,0.41720
107.3201,0.020488,0.020089,0.398,0.04888,0.44206,0.06185,0.37127
107.3401,0.021551,0.021197,0.354,0.05722,0.38907,0.06878,0.34641
107.3601,0.022767,0.022454,0.313,0.06439,0.32845,0.07458,0.28974
107.3801,0.024117,0.023853,0.264,0.07030,0.26125,0.07872,0.20711
107.4001,0.025570,0.025361,0.209,0.07481,0.18917,0.08130,0.12910
107.4201,0.027099,0.026952,0.147,0.07784,0.11377,0.08214,0.04207
107.4401,0.028673,0.028589,0.085,0.07935,0.03671,0.08154,-0.03028
107.4601,0.030262,0.030235,0.027,0.07931,-0.04035,0.07962,-0.09606
107.4801,0.031834,0.031862,-0.028,0.07775,-0.11571,0.07621,-0.17058
107.5001,0.033361,0.033449,-0.087,0.07470,-0.18783,0.07108,-0.25646
107.5201,0.034814,0.034960,-0.146,0.07026,-0.25518,0.06467,-0.32048
107.5401,0.036164,0.036365,-0.201,0.06454,-0.31629,0.05710,-0.37853
107.5601,0.037387,0.037642,-0.255,0.05766,-0.36990,0.04840,-0.43466
107.5801,0.038463,0.038767,-0.304,0.04980,-0.41499,0.03895,-0.47277
107.6001,0.039374,0.039719,-0.345,0.04113,-0.45064,0.02895,-0.49989
107.6201,0.040104,0.040480,-0.376,0.03184,-0.47620,0.01873,-0.51108
107.6401,0.040645,0.041045,-0.400,0.02215,-0.49122,0.00826,-0.52328
107.6601,0.040989,0.041402,-0.413,0.01226,-0.49549,-0.00193,-0.50953
107.6801,0.041136,0.041553,-0.417,0.00240,-0.48904,-0.01182,-0.49477
107.7001,0.041087,0.041516,-0.429,-0.00723,-0.47214,-0.02196,-0.50686
107.7201,0.040849,0.041281,-0.432,-0.01642,-0.44527,-0.03111,-0.45770
107.7401,0.040434,0.040835,-0.401,-0.02498,-0.40913,-0.03827,-0.35792
107.7601,0.039856,0.040198,-0.342,-0.03273,-0.36461,-0.04371,-0.27162
107.7801,0.039132,0.039414,-0.283,-0.03951,-0.31279,-0.04847,-0.23821
107.8001,0.038282,0.038523,-0.240,-0.04520,-0.25487,-0.05291,-0.22192
107.8201,0.037332,0.037534,-0.202,-0.04968,-0.19217,-0.05612,-0.16041
107.8401,0.036303,0.036462,-0.159,-0.05286,-0.12605,-0.05781,-0.08449
107.8601,0.035225,0.035326,-0.102,-0.05471,-0.05803,-0.05754,0.01323
107.8801,0.034124,0.034166,-0.042,-0.05518,0.01033,-0.05595,0.07979
107.9001,0.033027,0.033018,0.009,-0.05430,0.07769,-0.05345,0.12489
107.9201,0.031961,0.031904,0.057,-0.05209,0.14260,-0.04961,0.19210
107.9402,0.030946,0.030844,0.103,-0.04860,0.20404,-0.04461,0.24958
107.9601,0.030024,0.029862,0.162,-0.04398,0.25981,-0.03783,0.33910
107.9801,0.029199,0.028984,0.216,-0.03827,0.30978,-0.03034,0.37454
108.0001,0.028505,0.028243,0.261,-0.00000,-0.00349,0.00939,1.98642
108.0201,0.028504,0.027655,0.849,-0.00007,-0.00347,0.03526,1.29368
108.0401,0.028502,0.027440,1.062,-0.00014,-0.00345,0.03831,0.15236
108.0601,0.028498,0.027736,0.763,-0.00021,-0.00343,0.02243,-0.79405
108.0801,0.028494,0.028468,0.025,-0.00028,-0.00341,-0.00753,-1.49781
108.1001,0.028487,0.028941,-0.454,-0.00034,-0.00339,-0.02106,-0.67645
108.1201,0.028480,0.029013,-0.534,-0.00041,-0.00337,-0.01942,0.08171
108.1401,0.028471,0.028652,-0.181,-0.00048,-0.00335,-0.00276,0.83322
108.1601,0.028461,0.028271,0.189,-0.00055,-0.00333,0.00996,0.63617
108.1801,0.028449,0.028187,0.262,-0.00061,-0.00331,0.00909,-0.04390
108.2001,0.028436,0.028354,0.082,-0.00068,-0.00329,0.00015,-0.44661
108.2201,0.028422,0.028521,-0.099,-0.00074,-0.00327,-0.00611,-0.31295
108.2401,0.028406,0.028513,-0.107,-0.00081,-0.00325,-0.00453,0.07859
108.2601,0.028390,0.028411,-0.022,-0.00087,-0.00323,-0.00068,0.19260
108.2801,0.028371,0.028337,0.035,-0.00094,-0.00321,0.00086,0.07726
108.3001,0.028352,0.028336,0.016,-0.00100,-0.00319,-0.00069,-0.07746
108.3201,0.028331,0.028339,-0.008,-0.00107,-0.00317,-0.00160,-0.04557
108.3401,0.028309,0.028332,-0.023,-0.00113,-0.00315,-0.00206,-0.02310
108.3601,0.028286,0.028304,-0.018,-0.00119,-0.00313,-0.00176,0.01479
108.3801,0.028262,0.028269,-0.007,-0.00125,-0.00311,-0.00138,0.01907
108.4001,0.028236,0.028234,0.002,-0.00132,-0.00309,-0.00117,0.01084
108.4201,0.028209,0.028208,0.001,-0.00138,-0.00307,-0.00136,-0.00959
108.4401,0.028181,0.028185,-0.004,-0.00144,-0.00305,-0.00162,-0.01318
108.4601,0.028151,0.028160,-0.008,-0.00150,-0.00303,-0.00183,-0.01034
108.4801,0.028121,0.028130,-0.009,-0.00156,-0.00301,-0.00187,-0.00217
108.5001,0.028089,0.028096,-0.007,-0.00162,-0.00299,-0.00183,0.00219
108.5201,0.028056,0.028059,-0.003,-0.00168,-0.00297,-0.00172,0.00534
108.5401,0.028022,0.028022,-0.000,-0.00174,-0.00295,-0.00173,-0.00035
108.5601,0.027986,0.027992,-0.006,-0.00180,-0.00293,-0.00206,-0.01682
108.5801,0.027950,0.027963,-0.013,-0.00186,-0.00291,-0.00238,-0.01559
108.6001,0.027912,0.027923,-0.011,-0.00191,-0.00289,-0.00228,0.00484
108.6201,0.027873,0.027873,0.000,-0.00197,-0.00287,-0.00184,0.02197
108.6401,0.027833,0.027828,0.005,-0.00203,-0.00285,-0.00180,0.00208
108.6601,0.027792,0.027794,-0.002,-0.00209,-0.00283,-0.00224,-0.02206
108.6801,0.027750,0.027755,-0.005,-0.00214,-0.00281,-0.00236,-0.00613
108.7001,0.027706,0.027705,0.001,-0.00220,-0.00279,-0.00209,0.01350
108.7201,0.027662,0.027657,0.004,-0.00225,-0.00277,-0.00207,0.00096
108.7401,0.027616,0.027618,-0.002,-0.00231,-0.00275,-0.00244,-0.01851
108.7601,0.027569,0.027577,-0.007,-0.00236,-0.00273,-0.00268,-0.01192
108.7801,0.027522,0.027524,-0.003,-0.00242,-0.00271,-0.00245,0.01133
108.8001,0.027473,0.027475,-0.003,-0.00247,-0.00269,-0.00256,-0.00527
108.8202,0.027422,0.027429,-0.006,-0.00253,-0.00267,-0.00279,-0.01142
108.8401,0.027372,0.027374,-0.002,-0.00258,-0.00265,-0.00260,0.00956
108.8601,0.027319,0.027316,0.003,-0.00263,-0.00263,-0.00246,0.00701
108.8801,0.027266,0.027264,0.002,-0.00269,-0.00261,-0.00264,-0.00938
108.9001,0.027212,0.027211,0.001,-0.00274,-0.00259,-0.00269,-0.00250
108.9202,0.027156,0.027157,-0.001,-0.00279,-0.00257,-0.00284,-0.00721
108.9401,0.027100,0.027108,-0.007,-0.00284,-0.00255,-0.00316,-0.01601
108.9601,0.027043,0.027049,-0.006,-0.00289,-0.00253,-0.00307,0.00456
108.9801,0.026985,0.026987,-0.002,-0.00294,-0.00251,-0.00297,0.00494
109.0001,0.026925,0.026931,-0.006,-0.00299,-0.00249,-0.00323,-0.01309
109.0201,0.026865,0.026866,-0.001,-0.00304,-0.00247,-0.00301,0.01124
109.0401,0.026804,0.026803,0.001,-0.00309,-0.00245,-0.00305,-0.00222
109.0601,0.026742,0.026742,-0.001,-0.00314,-0.00243,-0.00319,-0.00686
109.0801,0.026678,0.026677,0.001,-0.00319,-0.00241,-0.00311,0.00366
109.1001,0.026614,0.026616,-0.002,-0.00324,-0.00239,-0.00334,-0.01127
109.1201,0.026549,0.026550,-0.001,-0.00328,-0.00237,-0.00331,0.00125
109.1402,0.026482,0.026483,-0.001,-0.00333,-0.00235,-0.00335,-0.00195
109.1601,0.026416,0.026419,-0.004,-0.00338,-0.00233,-0.00354,-0.00932
109.1801,0.026347,0.026347,0.001,-0.00342,-0.00231,-0.00335,0.00924
109.2001,0.026279,0.026279,0.000,-0.00347,-0.00229,-0.00348,-0.00611
109.2201,0.026209,0.026209,-0.000,-0.00352,-0.00227,-0.00352,-0.00202
109.2402,0.026137,0.026140,-0.002,-0.00356,-0.00225,-0.00366,-0.00717
109.2601,0.026066,0.026071,-0.005,-0.00361,-0.00223,-0.00379,-0.00638
109.2801,0.025994,0.025996,-0.002,-0.00365,-0.00221,-0.00369,0.00509
109.3001,0.025920,0.025926,-0.005,-0.00369,-0.00219,-0.00392,-0.01152
109.3201,0.025846,0.025849,-0.003,-0.00374,-0.00217,-0.00382,0.00470
109.3401,0.025771,0.025773,-0.002,-0.00378,-0.00215,-0.00386,-0.00172
109.3601,0.025694,0.025691,0.003,-0.00382,-0.00213,-0.00364,0.01077
109.3801,0.025618,0.025616,0.002,-0.00387,-0.00211,-0.00382,-0.00878
109.4001,0.025540,0.025541,-0.001,-0.00391,-0.00209,-0.00397,-0.00753
109.4201,0.025461,0.025466,-0.005,-0.00395,-0.00207,-0.00415,-0.00898
109.4401,0.025382,0.025385,-0.004,-0.00399,-0.00205,-0.00410,0.00219
109.4601,0.025302,0.025300,0.002,-0.00403,-0.00203,-0.00392,0.00911
109.4801,0.025221,0.025215,0.006,-0.00407,-0.00201,-0.00383,0.00444
109.5001,0.025139,0.025136,0.003,-0.00411,-0.00199,-0.00405,-0.01085
109.5201,0.025056,0.025062,-0.006,-0.00415,-0.00197,-0.00445,-0.02000
109.5401,0.024973,0.024982,-0.010,-0.00419,-0.00195,-0.00457,-0.00593
109.5601,0.024888,0.024895,-0.007,-0.00423,-0.00193,-0.00445,0.00599
109.5801,0.024803,0.024803,0.001,-0.00427,-0.00191,-0.00416,0.01429
109.6001,0.024717,0.024711,0.007,-0.00431,-0.00189,-0.00402,0.00710
109.6201,0.024631,0.024627,0.004,-0.00435,-0.00187,-0.00422,-0.01017
109.6401,0.024544,0.024546,-0.002,-0.00438,-0.00185,-0.00452,-0.01456
109.6601,0.024456,0.024463,-0.007,-0.00442,-0.00183,-0.00473,-0.01048
109.6801,0.024367,0.024369,-0.002,-0.00446,-0.00181,-0.00447,0.01290
109.7001,0.024277,0.024275,0.002,-0.00449,-0.00179,-0.00437,0.00492
109.7201,0.024187,0.024183,0.004,-0.00453,-0.00178,-0.00439,-0.00086
109.7402,0.024096,0.024102,-0.007,-0.00456,-0.00175,-0.00491,-0.02624
109.7601,0.024005,0.024013,-0.008,-0.00460,-0.00174,-0.00489,0.00090
109.7801,0.023912,0.023921,-0.009,-0.00463,-0.00172,-0.00494,-0.00249
109.8001,0.023819,0.023821,-0.002,-0.00467,-0.00170,-0.00466,0.01428
109.8201,0.023726,0.023722,0.003,-0.00470,-0.00168,-0.00453,0.00616
109.8401,0.023631,0.023627,0.004,-0.00473,-0.00166,-0.00459,-0.00287
109.8601,0.023536,0.023535,0.001,-0.00477,-0.00164,-0.00476,-0.00864
109.8801,0.023440,0.023444,-0.004,-0.00480,-0.00162,-0.00499,-0.01127
109.9001,0.023344,0.023345,-0.001,-0.00483,-0.00160,-0.00482,0.00856
109.9201,0.023247,0.023247,0.000,-0.00486,-0.00158,-0.00485,-0.00182
109.9402,0.023149,0.023148,0.001,-0.00489,-0.00156,-0.00485,0.00040
109.9602,0.023051,0.023055,-0.004,-0.00493,-0.00154,-0.00511,-0.01330
109.9801,0.022953,0.022960,-0.008,-0.00496,-0.00152,-0.00526,-0.00724
110.0001,0.022853,0.022856,-0.003,-0.00499,-0.00150,-0.00502,0.01185
110.0201,0.022753,0.022750,0.004,-0.00502,-0.00148,-0.00483,0.00965
110.0401,0.022653,0.022644,0.008,-0.00505,-0.00146,-0.00470,0.00615
110.0601,0.022551,0.022549,0.002,-0.00507,-0.00144,-0.00507,-0.01829
110.0801,0.022450,0.022458,-0.008,-0.00510,-0.00142,-0.00549,-0.02078
110.1001,0.022347,0.022353,-0.006,-0.00513,-0.00140,-0.00530,0.00944
110.1201,0.022244,0.022242,0.002,-0.00516,-0.00138,-0.00501,0.01455
110.1401,0.022141,0.022136,0.005,-0.00519,-0.00136,-0.00499,0.00079
110.1602,0.022036,0.022039,-0.003,-0.00521,-0.00134,-0.00539,-0.02021
110.1801,0.021932,0.021942,-0.009,-0.00524,-0.00132,-0.00563,-0.01158
110.2001,0.021827,0.021830,-0.003,-0.00527,-0.00130,-0.00528,0.01736
110.2201,0.021722,0.021718,0.004,-0.00529,-0.00128,-0.00509,0.00933
110.2401,0.021616,0.021612,0.004,-0.00532,-0.00126,-0.00520,-0.00519
110.2601,0.021509,0.021507,0.002,-0.00534,-0.00124,-0.00530,-0.00511
110.2801,0.021402,0.021408,-0.006,-0.00537,-0.00122,-0.00564,-0.01702
110.3001,0.021294,0.021297,-0.002,-0.00539,-0.00120,-0.00543,0.01031
110.3201,0.021186,0.021182,0.005,-0.00541,-0.00118,-0.00518,0.01281
110.3401,0.021078,0.021077,0.001,-0.00544,-0.00116,-0.00542,-0.01247
110.3601,0.020969,0.020972,-0.003,-0.00546,-0.00114,-0.00562,-0.00969
110.3801,0.020860,0.020863,-0.004,-0.00548,-0.00112,-0.00562,-0.00001
110.4001,0.020749,0.020751,-0.002,-0.00550,-0.00110,-0.00555,0.00345
110.4201,0.020639,0.020632,0.007,-0.00553,-0.00108,-0.00517,0.01889
110.4401,0.020529,0.020522,0.007,-0.00555,-0.00106,-0.00533,-0.00768
110.4601,0.020417,0.020422,-0.005,-0.00557,-0.00104,-0.00586,-0.02664
110.4801,0.020306,0.020309,-0.004,-0.00559,-0.00102,-0.00570,0.00815
110.5001,0.020194,0.020189,0.005,-0.00561,-0.00100,-0.00536,0.01686
110.5201,0.020082,0.020081,0.001,-0.00563,-0.00098,-0.00566,-0.01501
110.5401,0.019969,0.019976,-0.007,-0.00565,-0.00096,-0.00597,-0.01581
110.5601,0.019855,0.019863,-0.008,-0.00567,-0.00094,-0.00593,0.00234
110.5801,0.019742,0.019743,-0.001,-0.00569,-0.00092,-0.00563,0.01471
110.6001,0.019628,0.019621,0.007,-0.00570,-0.00090,-0.00537,0.01317
110.6201,0.019514,0.019509,0.005,-0.00572,-0.00088,-0.00557,-0.00996
110.6401,0.019399,0.019405,-0.006,-0.00574,-0.00086,-0.00607,-0.02505
110.6601,0.019284,0.019290,-0.006,-0.00576,-0.00084,-0.00595,0.00586
110.6801,0.019169,0.019168,0.001,-0.00577,-0.00082,-0.00567,0.01394
110.7001,0.019053,0.019054,-0.000,-0.00579,-0.00080,-0.00581,-0.00673
110.7201,0.018937,0.018943,-0.005,-0.00580,-0.00078,-0.00604,-0.01165
110.7401,0.018821,0.018824,-0.003,-0.00582,-0.00076,-0.00587,0.00840
110.7601,0.018705,0.018702,0.002,-0.00584,-0.00074,-0.00571,0.00825
110.7801,0.018588,0.018585,0.003,-0.00585,-0.00072,-0.00574,-0.00153
110.8002,0.018470,0.018470,-0.000,-0.00586,-0.00070,-0.00591,-0.00875
110.8201,0.018353,0.018356,-0.003,-0.00588,-0.00068,-0.00599,-0.00398
110.8401,0.018235,0.018239,-0.003,-0.00589,-0.00066,-0.00600,-0.00024
110.8601,0.018118,0.018118,-0.000,-0.00590,-0.00064,-0.00587,0.00627
110.8801,0.017999,0.017999,0.000,-0.00592,-0.00062,-0.00590,-0.00145
110.9002,0.017880,0.017887,-0.007,-0.00593,-0.00060,-0.00626,-0.01804
110.9201,0.017762,0.017769,-0.007,-0.00594,-0.00058,-0.00615,0.00553
110.9401,0.017643,0.017637,0.006,-0.00595,-0.00056,-0.00560,0.02785
110.9601,0.017524,0.017516,0.008,-0.00596,-0.00054,-0.00567,-0.00378
110.9802,0.017404,0.017408,-0.004,-0.00597,-0.00052,-0.00623,-0.02802
111.0001,0.017285,0.017290,-0.004,-0.00598,-0.00050,-0.00614,0.00453
111.0202,0.017164,0.017163,0.001,-0.00599,-0.00048,-0.00590,0.01203
111.0401,0.017046,0.017045,0.000,-0.00600,-0.00046,-0.00600,-0.00500
111.0601,0.016925,0.016932,-0.007,-0.00601,-0.00044,-0.00633,-0.01664
111.0801,0.016805,0.016808,-0.003,-0.00602,-0.00042,-0.00606,0.01361
111.1001,0.016684,0.016679,0.005,-0.00603,-0.00040,-0.00577,0.01475
111.1201,0.016564,0.016561,0.003,-0.00604,-0.00038,-0.00596,-0.00991
111.1401,0.016443,0.016444,-0.001,-0.00604,-0.00036,-0.00612,-0.00804
111.1601,0.016322,0.016320,0.002,-0.00605,-0.00034,-0.00594,0.00908
111.1801,0.016201,0.016196,0.006,-0.00606,-0.00032,-0.00583,0.00573
111.2001,0.016080,0.016079,0.001,-0.00606,-0.00030,-0.00608,-0.01263
111.2201,0.015958,0.015963,-0.004,-0.00607,-0.00028,-0.00627,-0.00933
111.2401,0.015837,0.015843,-0.006,-0.00607,-0.00026,-0.00630,-0.00149
111.2601,0.015715,0.015717,-0.002,-0.00608,-0.00024,-0.00610,0.00994
111.2801,0.015594,0.015589,0.004,-0.00608,-0.00022,-0.00586,0.01180
111.3001,0.015472,0.015468,0.005,-0.00609,-0.00020,-0.00593,-0.00343
111.3201,0.015350,0.015350,0.000,-0.00609,-0.00018,-0.00614,-0.01044
111.3401,0.015229,0.015229,-0.000,-0.00610,-0.00016,-0.00610,0.00207
111.3601,0.015107,0.015105,0.001,-0.00610,-0.00014,-0.00605,0.00258
111.3801,0.014985,0.014985,-0.000,-0.00610,-0.00012,-0.00613,-0.00404
111.4001,0.014863,0.014868,-0.005,-0.00610,-0.00010,-0.00635,-0.01091
111.4201,0.014740,0.014743,-0.002,-0.00610,-0.00008,-0.00614,0.01011
111.4401,0.014618,0.014613,0.006,-0.00611,-0.00006,-0.00583,0.01583
111.4601,0.014496,0.014489,0.007,-0.00611,-0.00004,-0.00586,-0.00173
111.4801,0.014374,0.014373,0.001,-0.00611,-0.00002,-0.00614,-0.01384
111.5001,0.014252,0.014253,-0.001,-0.00611,0.00000,-0.00618,-0.00198
111.5201,0.014130,0.014130,0.000,-0.00611,0.00002,-0.00608,0.00478
111.5401,0.014008,0.014008,-0.001,-0.00611,0.00004,-0.00614,-0.00307
111.5601,0.013886,0.013893,-0.007,-0.00611,0.00006,-0.00642,-0.01390
111.5801,0.013763,0.013768,-0.005,-0.00610,0.00008,-0.00623,0.00953
111.6001,0.013641,0.013635,0.007,-0.00610,0.00010,-0.00576,0.02380
111.6201,0.013519,0.013511,0.008,-0.00610,0.00012,-0.00581,-0.00293
111.6401,0.013397,0.013398,-0.001,-0.00610,0.00014,-0.00623,-0.02059
111.6601,0.013275,0.013279,-0.004,-0.00610,0.00016,-0.00626,-0.00164
111.6801,0.013153,0.013153,0.001,-0.00609,0.00018,-0.00601,0.01238
111.7001,0.013032,0.013030,0.002,-0.00609,0.00020,-0.00602,-0.00063
111.7201,0.012910,0.012916,-0.006,-0.00608,0.00022,-0.00639,-0.01815
111.7401,0.012788,0.012793,-0.005,-0.00608,0.00024,-0.00623,0.00790
111.7601,0.012667,0.012661,0.006,-0.00607,0.00026,-0.00574,0.02430
111.7801,0.012545,0.012539,0.006,-0.00607,0.00028,-0.00586,-0.00589
111.8001,0.012424,0.012430,-0.006,-0.00606,0.00030,-0.00638,-0.02609
111.8201,0.012303,0.012306,-0.004,-0.00606,0.00032,-0.00616,0.01097
111.8401,0.012182,0.012178,0.004,-0.00605,0.00034,-0.00584,0.01629
111.8601,0.012061,0.012060,0.000,-0.00604,0.00036,-0.00606,-0.01138
111.8801,0.011940,0.011946,-0.006,-0.00604,0.00038,-0.00631,-0.01243
111.9001,0.011819,0.011822,-0.003,-0.00603,0.00040,-0.00610,0.01089
111.9201,0.011699,0.011695,0.003,-0.00602,0.00042,-0.00584,0.01300
111.9401,0.011579,0.011575,0.004,-0.00601,0.00044,-0.00589,-0.00273
111.9601,0.011458,0.011458,0.000,-0.00600,0.00046,-0.00603,-0.00722
111.9801,0.011338,0.011340,-0.001,-0.00599,0.00048,-0.00606,-0.00109
112.0001,0.011219,0.011219,-0.001,-0.00598,0.00050,-0.00601,0.00241
112.0202,0.011098,0.011101,-0.003,-0.00597,0.00052,-0.00609,-0.00397
112.0401,0.010980,0.010980,-0.000,-0.00596,0.00054,-0.00595,0.00700
112.0601,0.010861,0.010860,0.001,-0.00595,0.00056,-0.00592,0.00134
112.0801,0.010742,0.010741,0.000,-0.00594,0.00058,-0.00593,-0.00065
112.1001,0.010623,0.010616,0.007,-0.00593,0.00060,-0.00563,0.01527
112.1201,0.010505,0.010496,0.009,-0.00592,0.00062,-0.00560,0.00132
112.1401,0.010386,0.010386,0.000,-0.00590,0.00064,-0.00598,-0.01883
112.1601,0.010268,0.010269,-0.000,-0.00589,0.00066,-0.00592,0.00310
112.1801,0.010151,0.010146,0.005,-0.00588,0.00068,-0.00565,0.01320
112.2001,0.010033,0.010033,0.000,-0.00586,0.00070,-0.00590,-0.01237
112.2201,0.009916,0.009925,-0.009,-0.00585,0.00072,-0.00627,-0.01870
112.2401,0.009799,0.009804,-0.005,-0.00584,0.00074,-0.00596,0.01563
112.2601,0.009683,0.009675,0.008,-0.00582,0.00076,-0.00542,0.02681
112.2801,0.009567,0.009559,0.008,-0.00580,0.00078,-0.00553,-0.00527
112.3002,0.009450,0.009451,-0.001,-0.00579,0.00080,-0.00591,-0.01915
112.3201,0.009335,0.009336,-0.001,-0.00577,0.00082,-0.00581,0.00537
112.3402,0.009219,0.009219,-0.000,-0.00576,0.00084,-0.00575,0.00284
112.3601,0.009104,0.009106,-0.002,-0.00574,0.00086,-0.00581,-0.00322
112.3801,0.008990,0.008992,-0.002,-0.00572,0.00088,-0.00580,0.00082
112.4001,0.008876,0.008879,-0.003,-0.00570,0.00090,-0.00583,-0.00142
112.4201,0.008762,0.008762,-0.000,-0.00569,0.00092,-0.00565,0.00870
112.4401,0.008648,0.008640,0.008,-0.00567,0.00094,-0.00531,0.01727
112.4601,0.008535,0.008527,0.008,-0.00565,0.00096,-0.00537,-0.00316
112.4801,0.008422,0.008424,-0.001,-0.00563,0.00098,-0.00577,-0.02011
112.5001,0.008310,0.008313,-0.003,-0.00561,0.00100,-0.00571,0.00289
112.5201,0.008198,0.008194,0.004,-0.00559,0.00102,-0.00539,0.01623
112.5401,0.008087,0.008085,0.001,-0.00557,0.00104,-0.00555,-0.00810
112.5601,0.007975,0.007979,-0.003,-0.00555,0.00106,-0.00571,-0.00778
112.5801,0.007865,0.007871,-0.007,-0.00553,0.00108,-0.00579,-0.00419
112.6001,0.007754,0.007757,-0.003,-0.00550,0.00110,-0.00557,0.01106
112.6201,0.007644,0.007636,0.008,-0.00548,0.00112,-0.00508,0.02433
112.6401,0.007535,0.007529,0.006,-0.00546,0.00114,-0.00529,-0.01058
112.6601,0.007426,0.007433,-0.008,-0.00544,0.00116,-0.00584,-0.02726
112.6801,0.007317,0.007320,-0.003,-0.00541,0.00118,-0.00547,0.01847
112.7001,0.007209,0.007203,0.006,-0.00539,0.00120,-0.00508,0.01952
112.7201,0.007102,0.007099,0.003,-0.00537,0.00122,-0.00530,-0.01087
112.7401,0.006995,0.006998,-0.003,-0.00534,0.00124,-0.00552,-0.01137
112.7601,0.006888,0.006895,-0.006,-0.00532,0.00126,-0.00557,-0.00231
112.7802,0.006782,0.006782,-0.001,-0.00529,0.00128,-0.00526,0.01537
112.8001,0.006677,0.006668,0.008,-0.00527,0.00130,-0.00489,0.01851
112.8201,0.006571,0.006565,0.006,-0.00524,0.00132,-0.00504,-0.00740
112.8401,0.006467,0.006468,-0.001,-0.00521,0.00134,-0.00531,-0.01371
112.8601,0.006363,0.006365,-0.002,-0.00519,0.00136,-0.00527,0.00216
112.8802,0.006259,0.006258,0.001,-0.00516,0.00138,-0.00508,0.00936
112.9001,0.006157,0.006149,0.007,-0.00513,0.00140,-0.00481,0.01388
112.9201,0.006054,0.006049,0.005,-0.00510,0.00142,-0.00497,-0.00805
112.9401,0.005953,0.005955,-0.003,-0.00507,0.00144,-0.00525,-0.01432
112.9601,0.005851,0.005855,-0.004,-0.00505,0.00146,-0.00517,0.00403
112.9801,0.005751,0.005751,-0.001,-0.00502,0.00148,-0.00501,0.00839
113.0001,0.005651,0.005643,0.007,-0.00499,0.00150,-0.00465,0.01790
113.0201,0.005551,0.005545,0.006,-0.00496,0.00152,-0.00475,-0.00510
113.0402,0.005452,0.005455,-0.003,-0.00493,0.00154,-0.00513,-0.01881
113.0601,0.005354,0.005358,-0.003,-0.00489,0.00156,-0.00502,0.00533
113.0801,0.005257,0.005254,0.003,-0.00486,0.00158,-0.00470,0.01602
113.1001,0.005160,0.005152,0.008,-0.00483,0.00160,-0.00451,0.00946
113.1201,0.005063,0.005064,-0.001,-0.00480,0.00162,-0.00491,-0.01993
113.1401,0.004968,0.004976,-0.008,-0.00477,0.00164,-0.00512,-0.01059
113.1601,0.004873,0.004881,-0.008,-0.00473,0.00166,-0.00500,0.00621
113.1801,0.004778,0.004777,0.002,-0.00470,0.00168,-0.00453,0.02307
113.2001,0.004685,0.004673,0.012,-0.00467,0.00170,-0.00416,0.01861
113.2201,0.004592,0.004587,0.005,-0.00463,0.00172,-0.00454,-0.01865
113.2401,0.004499,0.004500,-0.001,-0.00460,0.00174,-0.00468,-0.00732
113.2601,0.004408,0.004412,-0.005,-0.00456,0.00176,-0.00476,-0.00389
113.2801,0.004317,0.004313,0.004,-0.00453,0.00178,-0.00431,0.02234
113.3001,0.004227,0.004218,0.009,-0.00449,0.00180,-0.00414,0.00887
113.3201,0.004137,0.004134,0.003,-0.00446,0.00182,-0.00442,-0.01404
113.3401,0.004048,0.004053,-0.004,-0.00442,0.00184,-0.00465,-0.01149
113.3601,0.003960,0.003966,-0.006,-0.00438,0.00185,-0.00459,0.00293
113.3801,0.003873,0.003874,-0.000,-0.00435,0.00187,-0.00430,0.01414
113.4001,0.003787,0.003782,0.004,-0.00431,0.00189,-0.00411,0.00976
113.4201,0.003701,0.003692,0.008,-0.00427,0.00191,-0.00394,0.00864
113.4401,0.003616,0.003610,0.006,-0.00423,0.00193,-0.00407,-0.00676
113.4601,0.003532,0.003528,0.004,-0.00419,0.00195,-0.00408,-0.00054
113.4801,0.003448,0.003451,-0.003,-0.00415,0.00197,-0.00434,-0.01280
113.5001,0.003365,0.003369,-0.004,-0.00411,0.00199,-0.00424,0.00513
113.5201,0.003284,0.003284,-0.000,-0.00407,0.00201,-0.00405,0.00917
113.5401,0.003203,0.003199,0.004,-0.00403,0.00203,-0.00385,0.01000
113.5601,0.003122,0.003122,-0.000,-0.00399,0.00205,-0.00404,-0.00932
113.5801,0.003043,0.003046,-0.003,-0.00395,0.00207,-0.00410,-0.00321
113.6001,0.002964,0.002968,-0.004,-0.00391,0.00209,-0.00398,0.00000
113.6201,0.002886,0.002887,-0.001,-0.00387,0.00211,-0.00357,0.00000
113.6401,0.002809,0.002807,0.002,-0.00382,0.00213,-0.00325,0.00000
113.6601,0.002733,0.002737,-0.003,-0.00378,0.00215,-0.00329,0.00000
113.6801,0.002658,0.002664,-0.006,-0.00374,0.00217,-0.00313,0.00000
113.7001,0.002584,0.002601,-0.017,-0.00369,0.00219,-0.00330,0.00000
113.7201,0.002511,0.002535,-0.024,-0.00365,0.00221,-0.00326,0.00000
113.7401,0.002438,0.002471,-0.034,-0.00361,0.00223,-0.00329,0.00000
113.7601,0.002366,0.002407,-0.040,-0.00356,0.00225,-0.00322,0.00000
113.7801,0.002296,0.002336,-0.040,-0.00352,0.00227,-0.00296,0.00000
113.8001,0.002226,0.002275,-0.049,-0.00347,0.00229,-0.00301,0.00000
113.8201,0.002157,0.002212,-0.055,-0.00342,0.00231,-0.00292,0.00000
113.8401,0.002089,0.002152,-0.064,-0.00338,0.00233,-0.00290,0.00000
113.8601,0.002022,0.002098,-0.076,-0.00333,0.00235,-0.00296,0.00000
113.8801,0.001955,0.002039,-0.084,-0.00328,0.00237,-0.00288,0.00000
113.9001,0.001890,0.001982,-0.092,-0.00324,0.00239,-0.00281,0.00000
113.9201,0.001826,0.001930,-0.104,-0.00319,0.00241,-0.00283,0.00000
113.9401,0.001763,0.001869,-0.106,-0.00314,0.00243,-0.00264,0.00000
113.9601,0.001700,0.001813,-0.113,-0.00309,0.00245,-0.00256,0.00000
113.9801,0.001639,0.001763,-0.123,-0.00304,0.00247,-0.00254,0.00000
114.0001,0.001579,0.001709,-0.130,-0.00299,0.00249,-0.00243,0.00000
114.0201,0.001519,0.001658,-0.139,-0.00294,0.00251,-0.00237,0.00000
114.0401,0.001461,0.001613,-0.151,-0.00289,0.00253,-0.00236,0.00000
114.0601,0.001404,0.001565,-0.161,-0.00284,0.00255,-0.00230,0.00000
114.0802,0.001347,0.001516,-0.169,-0.00279,0.00257,-0.00220,0.00000
114.1001,0.001292,0.001473,-0.181,-0.00274,0.00259,-0.00218,0.00000
114.1202,0.001238,0.001433,-0.196,-0.00268,0.00261,-0.00217,0.00000
114.1401,0.001185,0.001388,-0.203,-0.00263,0.00263,-0.00206,0.00000
114.1601,0.001133,0.001343,-0.210,-0.00258,0.00265,-0.00196,0.00000
114.1801,0.001082,0.001305,-0.223,-0.00253,0.00267,-0.00194,0.00000
114.2001,0.001032,0.001266,-0.234,-0.00247,0.00269,-0.00188,0.00000
114.2201,0.000983,0.001224,-0.241,-0.00242,0.00271,-0.00178,0.00000
114.2402,0.000935,0.001185,-0.250,-0.00236,0.00273,-0.00171,0.00000
114.2601,0.000888,0.001151,-0.262,-0.00231,0.00275,-0.00167,0.00000
114.2802,0.000842,0.001121,-0.279,-0.00225,0.00277,-0.00166,0.00000
114.3002,0.000798,0.001088,-0.290,-0.00220,0.00279,-0.00160,0.00000
114.3202,0.000754,0.001052,-0.298,-0.00214,0.00281,-0.00152,0.00000
114.3401,0.000712,0.001018,-0.306,-0.00209,0.00283,-0.00145,0.00000
114.3602,0.000671,0.000991,-0.320,-0.00203,0.00285,-0.00143,0.00000
114.3802,0.000631,0.000965,-0.334,-0.00197,0.00287,-0.00140,0.00000
114.4001,0.000592,0.000938,-0.345,-0.00191,0.00289,-0.00135,0.00000
114.4202,0.000554,0.000910,-0.356,-0.00186,0.00291,-0.00129,0.00000
114.4402,0.000518,0.000880,-0.363,-0.00180,0.00293,-0.00122,0.00000
114.4601,0.000483,0.000853,-0.370,-0.00174,0.00295,-0.00116,0.00000
114.4801,0.000448,0.000831,-0.382,-0.00168,0.00297,-0.00114,0.00000
114.5001,0.000415,0.000809,-0.394,-0.00162,0.00299,-0.00110,0.00000
114.5202,0.000383,0.000787,-0.404,-0.00156,0.00301,-0.00106,0.00000
114.5401,0.000353,0.000763,-0.410,-0.00150,0.00303,-0.00100,0.00000
114.5601,0.000324,0.000740,-0.417,-0.00144,0.00305,-0.00095,0.00000
114.5801,0.000295,0.000717,-0.421,-0.00138,0.00307,-0.00090,0.00000
114.6001,0.000269,0.000694,-0.426,-0.00132,0.00309,-0.00085,0.00000
114.6201,0.000243,0.000676,-0.434,-0.00125,0.00311,-0.00082,0.00000
114.6401,0.000218,0.000660,-0.442,-0.00119,0.00313,-0.00079,0.00000
114.6601,0.000195,0.000645,-0.450,-0.00113,0.00315,-0.00076,0.00000
114.6801,0.000173,0.000630,-0.457,-0.00107,0.00317,-0.00073,0.00000
114.7001,0.000153,0.000615,-0.462,-0.00100,0.00319,-0.00070,0.00000
114.7202,0.000133,0.000601,-0.468,-0.00094,0.00321,-0.00068,0.00000
114.7402,0.000115,0.000588,-0.473,-0.00087,0.00323,-0.00065,0.00000
114.7603,0.000098,0.000573,-0.475,-0.00081,0.00325,-0.00062,0.00000
114.7801,0.000083,0.000559,-0.476,-0.00074,0.00327,-0.00059,0.00000
114.8001,0.000068,0.000545,-0.476,-0.00068,0.00329,-0.00056,0.00000
114.8201,0.000056,0.000531,-0.476,-0.00061,0.00331,-0.00053,0.00000
114.8401,0.000044,0.000522,-0.478,-0.00055,0.00333,-0.00051,0.00000
114.8601,0.000034,0.000514,-0.480,-0.00048,0.00335,-0.00049,0.00000
114.8801,0.000025,0.000505,-0.480,-0.00041,0.00337,-0.00047,0.00000
114.9002,0.000017,0.000497,-0.479,-0.00034,0.00339,-0.00046,0.00000
114.9202,0.000011,0.000489,-0.477,-0.00028,0.00341,-0.00044,0.00000
114.9401,0.000006,0.000480,-0.474,-0.00021,0.00343,-0.00042,0.00000
114.9601,0.000003,0.000472,-0.469,-0.00014,0.00345,-0.00040,0.00000
114.9801,0.000001,0.000464,-0.463,-0.00007,0.00347,-0.00038,0.00000
115.0002,0.000000,0.000458,-0.458,0.00000,0.00000,-0.00036,0.00000
115.0202,0.000000,0.000453,-0.453,0.00000,0.00000,-0.00035,0.00000
115.0402,0.000000,0.000446,-0.446,0.00000,0.00000,-0.00033,0.00000
115.0601,0.000000,0.000440,-0.440,0.00000,0.00000,-0.00032,0.00000
115.0801,0.000000,0.000433,-0.433,0.00000,0.00000,-0.00030,0.00000
115.1001,0.000000,0.000425,-0.425,0.00000,0.00000,-0.00029,0.00000
115.1202,0.000000,0.000417,-0.417,0.00000,0.00000,-0.00027,0.00000
115.1402,0.000000,0.000409,-0.409,0.00000,0.00000,-0.00026,0.00000
115.1601,0.000000,0.000400,-0.400,0.00000,0.00000,-0.00024,0.00000
115.1801,0.000000,0.000393,-0.393,0.00000,0.00000,-0.00023,0.00000
115.2002,0.000000,0.000388,-0.388,0.00000,0.00000,-0.00022,0.00000
115.2202,0.000000,0.000384,-0.384,0.00000,0.00000,-0.00021,0.00000
115.2402,0.000000,0.000380,-0.380,0.00000,0.00000,-0.00021,0.00000
115.2601,0.000000,0.000376,-0.376,0.00000,0.00000,-0.00020,0.00000
115.2801,0.000000,0.000372,-0.372,0.00000,0.00000,-0.00019,0.00000
115.3002,0.000000,0.000368,-0.368,0.00000,0.00000,-0.00019,0.00000
115.3202,0.000000,0.000364,-0.364,0.00000,0.00000,-0.00018,0.00000
115.3401,0.000000,0.000361,-0.361,0.00000,0.00000,-0.00018,0.00000
115.3601,0.000000,0.000357,-0.357,0.00000,0.00000,-0.00017,0.00000
115.3801,0.000000,0.000354,-0.354,0.00000,0.00000,-0.00017,0.00000
115.4002,0.000000,0.000351,-0.351,0.00000,0.00000,-0.00016,0.00000
115.4202,0.000000,0.000347,-0.347,0.00000,0.00000,-0.00016,0.00000
115.4401,0.000000,0.000344,-0.344,0.00000,0.00000,-0.00015,0.00000
115.4601,0.000000,0.000341,-0.341,0.00000,0.00000,-0.00015,0.00000
115.4801,0.000000,0.000338,-0.338,0.00000,0.00000,-0.00015,0.00000
115.5002,0.000000,0.000335,-0.335,0.00000,0.00000,-0.00014,0.00000
115.5201,0.000000,0.000331,-0.331,0.00000,0.00000,-0.00014,0.00000
115.5402,0.000000,0.000329,-0.329,0.00000,0.00000,-0.00013,0.00000
115.5603,0.000000,0.000326,-0.326,0.00000,0.00000,-0.00013,0.00000
115.5802,0.000000,0.000323,-0.323,0.00000,0.00000,-0.00013,0.00000
115.6002,0.000000,0.000320,-0.320,0.00000,0.00000,-0.00012,0.00000
115.6201,0.000000,0.000317,-0.317,0.00000,0.00000,-0.00012,0.00000
115.6401,0.000000,0.000314,-0.314,0.00000,0.00000,-0.00012,0.00000
115.6602,0.000000,0.000312,-0.312,0.00000,0.00000,-0.00011,0.00000
115.6802,0.000000,0.000309,-0.309,0.00000,0.00000,-0.00011,0.00000
115.7002,0.000000,0.000305,-0.305,0.00000,0.00000,-0.00011,0.00000
115.7202,0.000000,0.000302,-0.302,0.00000,0.00000,-0.00010,0.00000
115.7403,0.000000,0.000299,-0.299,0.00000,0.00000,-0.00010,0.00000
115.7602,0.000000,0.000296,-0.296,0.00000,0.00000,-0.00010,0.00000
115.7802,0.000000,0.000293,-0.293,0.00000,0.00000,-0.00009,0.00000
115.8001,0.000000,0.000289,-0.289,0.00000,0.00000,-0.00009,0.00000
115.8202,0.000000,0.000286,-0.286,0.00000,0.00000,-0.00009,0.00000
115.8401,0.000000,0.000282,-0.282,0.00000,0.00000,-0.00008,0.00000
115.8601,0.000000,0.000278,-0.278,0.00000,0.00000,-0.00008,0.00000
115.8801,0.000000,0.000275,-0.275,0.00000,0.00000,-0.00008,0.00000
115.9001,0.000000,0.000274,-0.274,0.00000,0.00000,-0.00008,0.00000
115.9201,0.000000,0.000273,-0.273,0.00000,0.00000,-0.00008,0.00000
115.9401,0.000000,0.000273,-0.273,0.00000,0.00000,-0.00008,0.00000
115.9601,0.000000,0.000272,-0.272,0.00000,0.00000,-0.00008,0.00000
115.9801,0.000000,0.000272,-0.272,0.00000,0.00000,-0.00008,0.00000
116.0001,0.000000,0.000272,-0.272,0.00000,0.00000,-0.00008,0.00000
116.0201,0.000000,0.000271,-0.271,0.00000,0.00000,-0.00008,0.00000
116.0401,0.000000,0.000271,-0.271,0.00000,0.00000,-0.00008,0.00000
116.0601,0.000000,0.000271,-0.271,0.00000,0.00000,-0.00008,0.00000
116.0801,0.000000,0.000271,-0.271,0.00000,0.00000,-0.00008,0.00000
116.1001,0.000000,0.000271,-0.271,0.00000,0.00000,-0.00007,0.00000
116.1201,0.000000,0.000270,-0.270,0.00000,0.00000,-0.00007,0.00000
116.1401,0.000000,0.000270,-0.270,0.00000,0.00000,-0.00007,0.00000
116.1601,0.000000,0.000270,-0.270,0.00000,0.00000,-0.00007,0.00000
116.1801,0.000000,0.000270,-0.270,0.00000,0.00000,-0.00007,0.00000
116.2001,0.000000,0.000270,-0.270,0.00000,0.00000,-0.00007,0.00000
116.2201,0.000000,0.000270,-0.270,0.00000,0.00000,-0.00007,0.00000
116.2401,0.000000,0.000270,-0.270,0.00000,0.00000,-0.00007,0.00000
116.2601,0.000000,0.000270,-0.270,0.00000,0.00000,-0.00007,0.00000
116.2801,0.000000,0.000270,-0.270,0.00000,0.00000,-0.00007,0.00000
116.3001,0.000000,0.000270,-0.270,0.00000,0.00000,-0.00007,0.00000
116.3201,0.000000,0.000270,-0.270,0.00000,0.00000,-0.00007,0.00000
116.3401,0.000000,0.000269,-0.269,0.00000,0.00000,-0.00007,0.00000
116.3601,0.000000,0.000269,-0.269,0.00000,0.00000,-0.00007,0.00000
116.3801,0.000000,0.000269,-0.269,0.00000,0.00000,-0.00007,0.00000
116.4001,0.000000,0.000269,-0.269,0.00000,0.00000,-0.00007,0.00000
116.4202,0.000000,0.000269,-0.269,0.00000,0.00000,-0.00007,0.00000
116.4401,0.000000,0.000269,-0.269,0.00000,0.00000,-0.00007,0.00000
116.4602,0.000000,0.000269,-0.269,0.00000,0.00000,-0.00007,0.00000
116.4802,0.000000,0.000269,-0.269,0.00000,0.00000,-0.00007,0.00000
116.5002,0.000000,0.000269,-0.269,0.00000,0.00000,-0.00007,0.00000
116.5201,0.000000,0.000269,-0.269,0.00000,0.00000,-0.00007,0.00000
116.5401,0.000000,0.000269,-0.269,0.00000,0.00000,-0.00007,0.00000
116.5601,0.000000,0.000269,-0.269,0.00000,0.00000,-0.00007,0.00000
116.5801,0.000000,0.000269,-0.269,0.00000,0.00000,-0.00007,0.00000
116.6001,0.000000,0.000269,-0.269,0.00000,0.00000,-0.00007,0.00000
116.6201,0.000000,0.000269,-0.269,0.00000,0.00000,-0.00007,0.00000
116.6401,0.000000,0.000269,-0.269,0.00000,0.00000,-0.00007,0.00000
116.6601,0.000000,0.000269,-0.269,0.00000,0.00000,-0.00007,0.00000
116.6801,0.000000,0.000269,-0.269,0.00000,0.00000,-0.00007,0.00000
116.7001,0.000000,0.000269,-0.269,0.00000,0.00000,-0.00007,0.00000
116.7201,0.000000,0.000269,-0.269,0.00000,0.00000,-0.00007,0.00000
116.7401,0.000000,0.000269,-0.269,0.00000,0.00000,-0.00007,0.00000
116.7601,0.000000,0.000268,-0.268,0.00000,0.00000,-0.00007,0.00000
116.7801,0.000000,0.000268,-0.268,0.00000,0.00000,-0.00007,0.00000
116.8001,0.000000,0.000268,-0.268,0.00000,0.00000,-0.00007,0.00000
116.8201,0.000000,0.000269,-0.269,0.00000,0.00000,-0.00007,0.00000
116.8401,0.000000,0.000268,-0.268,0.00000,0.00000,-0.00007,0.00000
116.8601,0.000000,0.000268,-0.268,0.00000,0.00000,-0.00007,0.00000
116.8801,0.000000,0.000268,-0.268,0.00000,0.00000,-0.00007,0.00000
116.9001,0.000000,0.000268,-0.268,0.00000,0.00000,-0.00007,0.00000
116.9201,0.000000,0.000268,-0.268,0.00000,0.00000,-0.00007,0.00000
116.9401,0.000000,0.000268,-0.268,0.00000,0.00000,-0.00007,0.00000
116.9601,0.000000,0.000268,-0.268,0.00000,0.00000,-0.00007,0.00000
116.9801,0.000000,0.000268,-0.268,0.00000,0.00000,-0.00007,0.00000
117.0001,0.000000,0.000268,-0.268,0.00000,0.00000,-0.00007,0.00000
117.0201,0.000000,0.000268,-0.268,0.00000,0.00000,-0.00007,0.00000
117.0402,0.000000,0.000268,-0.268,0.00000,0.00000,-0.00007,0.00000
117.0601,0.000000,0.000268,-0.268,0.00000,0.00000,-0.00007,0.00000
117.0801,0.000000,0.000268,-0.268,0.00000,0.00000,-0.00007,0.00000
117.1001,0.000000,0.000268,-0.268,0.00000,0.00000,-0.00007,0.00000
117.1201,0.000000,0.000268,-0.268,0.00000,0.00000,-0.00007,0.00000
117.1401,0.000000,0.000268,-0.268,0.00000,0.00000,-0.00007,0.00000
117.1601,0.000000,0.000268,-0.268,0.00000,0.00000,-0.00007,0.00000
117.1801,0.000000,0.000268,-0.268,0.00000,0.00000,-0.00007,0.00000
117.2001,0.000000,0.000268,-0.268,0.00000,0.00000,-0.00007,0.00000
117.2201,0.000000,0.000268,-0.268,0.00000,0.00000,-0.00007,0.00000
117.2401,0.000000,0.000268,-0.268,0.00000,0.00000,-0.00007,0.00000
117.2601,0.000000,0.000268,-0.268,0.00000,0.00000,-0.00007,0.00000
117.2801,0.000000,0.000268,-0.268,0.00000,0.00000,-0.00007,0.00000
117.3001,0.000000,0.000268,-0.268,0.00000,0.00000,-0.00007,0.00000
117.3201,0.000000,0.000268,-0.268,0.00000,0.00000,-0.00007,0.00000
117.3401,0.000000,0.000268,-0.268,0.00000,0.00000,-0.00007,0.00000
117.3601,0.000000,0.000268,-0.268,0.00000,0.00000,-0.00007,0.00000
117.3802,0.000000,0.000268,-0.268,0.00000,0.00000,-0.00007,0.00000
117.4001,0.000000,0.000268,-0.268,0.00000,0.00000,-0.00007,0.00000
117.4202,0.000000,0.000268,-0.268,0.00000,0.00000,-0.00007,0.00000
117.4401,0.000000,0.000268,-0.268,0.00000,0.00000,-0.00007,0.00000
117.4601,0.000000,0.000268,-0.268,0.00000,0.00000,-0.00007,0.00000
117.4801,0.000000,0.000268,-0.268,0.00000,0.00000,-0.00007,0.00000
117.5001,0.000000,0.000268,-0.268,0.00000,0.00000,-0.00007,0.00000
117.5201,0.000000,0.000268,-0.268,0.00000,0.00000,-0.00007,0.00000
117.5401,0.000000,0.000268,-0.268,0.00000,0.00000,-0.00007,0.00000
117.5601,0.000000,0.000268,-0.268,0.00000,0.00000,-0.00007,0.00000
117.5801,0.000000,0.000268,-0.268,0.00000,0.00000,-0.00007,0.00000
117.6001,0.000000,0.000268,-0.268,0.00000,0.00000,-0.00007,0.00000
117.6201,0.000000,0.000268,-0.268,0.00000,0.00000,-0.00007,0.00000
117.6401,0.000000,0.000268,-0.268,0.00000,0.00000,-0.00007,0.00000
117.6601,0.000000,0.000267,-0.267,0.00000,0.00000,-0.00007,0.00000
117.6801,0.000000,0.000267,-0.267,0.00000,0.00000,-0.00007,0.00000
117.7001,0.000000,0.000267,-0.267,0.00000,0.00000,-0.00007,0.00000
117.7201,0.000000,0.000267,-0.267,0.00000,0.00000,-0.00007,0.00000
117.7401,0.000000,0.000267,-0.267,0.00000,0.00000,-0.00007,0.00000
117.7601,0.000000,0.000267,-0.267,0.00000,0.00000,-0.00007,0.00000
117.7801,0.000000,0.000267,-0.267,0.00000,0.00000,-0.00007,0.00000
117.8002,0.000000,0.000267,-0.267,0.00000,0.00000,-0.00007,0.00000
117.8202,0.000000,0.000267,-0.267,0.00000,0.00000,-0.00007,0.00000
117.8401,0.000000,0.000267,-0.267,0.00000,0.00000,-0.00007,0.00000
117.8602,0.000000,0.000267,-0.267,0.00000,0.00000,-0.00007,0.00000
117.8802,0.000000,0.000267,-0.267,0.00000,0.00000,-0.00007,0.00000
117.9001,0.000000,0.000267,-0.267,0.00000,0.00000,-0.00007,0.00000
117.9201,0.000000,0.000267,-0.267,0.00000,0.00000,-0.00007,0.00000
117.9401,0.000000,0.000267,-0.267,0.00000,0.00000,-0.00007,0.00000
117.9601,0.000000,0.000267,-0.267,0.00000,0.00000,-0.00007,0.00000
117.9801,0.000000,0.000267,-0.267,0.00000,0.00000,-0.00007,0.00000
118.0001,0.000000,0.000267,-0.267,0.00000,0.00000,-0.00007,0.00000
118.0201,0.000000,0.000267,-0.267,0.00000,0.00000,-0.00007,0.00000
118.0401,0.000000,0.000267,-0.267,0.00000,0.00000,-0.00007,0.00000
118.0602,0.000000,0.000267,-0.267,0.00000,0.00000,-0.00007,0.00000
118.0802,0.000000,0.000267,-0.267,0.00000,0.00000,-0.00007,0.00000
118.1002,0.000000,0.000267,-0.267,0.00000,0.00000,-0.00007,0.00000
118.1201,0.000000,0.000267,-0.267,0.00000,0.00000,-0.00007,0.00000
118.1402,0.000000,0.000267,-0.267,0.00000,0.00000,-0.00007,0.00000
118.1601,0.000000,0.000267,-0.267,0.00000,0.00000,-0.00007,0.00000
118.1802,0.000000,0.000267,-0.267,0.00000,0.00000,-0.00007,0.00000
118.2001,0.000000,0.000267,-0.267,0.00000,0.00000,-0.00007,0.00000
118.2201,0.000000,0.000267,-0.267,0.00000,0.00000,-0.00007,0.00000
118.2402,0.000000,0.000267,-0.267,0.00000,0.00000,-0.00007,0.00000
118.2601,0.000000,0.000267,-0.267,0.00000,0.00000,-0.00007,0.00000
118.2801,0.000000,0.000267,-0.267,0.00000,0.00000,-0.00007,0.00000
118.3002,0.000000,0.000267,-0.267,0.00000,0.00000,-0.00007,0.00000
118.3203,0.000000,0.000267,-0.267,0.00000,0.00000,-0.00007,0.00000
118.3401,0.000000,0.000267,-0.267,0.00000,0.00000,-0.00007,0.00000
118.3601,0.000000,0.000267,-0.267,0.00000,0.00000,-0.00007,0.00000
118.3801,0.000000,0.000267,-0.267,0.00000,0.00000,-0.00007,0.00000
118.4001,0.000000,0.000267,-0.267,0.00000,0.00000,-0.00007,0.00000
118.4201,0.000000,0.000267,-0.267,0.00000,0.00000,-0.00007,0.00000
118.4401,0.000000,0.000267,-0.267,0.00000,0.00000,-0.00007,0.00000
118.4601,0.000000,0.000267,-0.267,0.00000,0.00000,-0.00007,0.00000
118.4801,0.000000,0.000267,-0.267,0.00000,0.00000,-0.00007,0.00000
118.5001,0.000000,0.000267,-0.267,0.00000,0.00000,-0.00007,0.00000
118.5201,0.000000,0.000267,-0.267,0.00000,0.00000,-0.00007,0.00000
118.5402,0.000000,0.000267,-0.267,0.00000,0.00000,-0.00007,0.00000
118.5601,0.000000,0.000267,-0.267,0.00000,0.00000,-0.00007,0.00000
118.5801,0.000000,0.000267,-0.267,0.00000,0.00000,-0.00007,0.00000
118.6001,0.000000,0.000267,-0.267,0.00000,0.00000,-0.00007,0.00000
118.6201,0.000000,0.000267,-0.267,0.00000,0.00000,-0.00007,0.00000
118.6401,0.000000,0.000267,-0.267,0.00000,0.00000,-0.00007,0.00000
118.6601,0.000000,0.000267,-0.267,0.00000,0.00000,-0.00007,0.00000
118.6801,0.000000,0.000267,-0.267,0.00000,0.00000,-0.00007,0.00000
118.7002,0.000000,0.000267,-0.267,0.00000,0.00000,-0.00007,0.00000
118.7202,0.000000,0.000267,-0.267,0.00000,0.00000,-0.00007,0.00000
118.7402,0.000000,0.000267,-0.267,0.00000,0.00000,-0.00007,0.00000
118.7601,0.000000,0.000267,-0.267,0.00000,0.00000,-0.00007,0.00000
118.7801,0.000000,0.000266,-0.266,0.00000,0.00000,-0.00007,0.00000
118.8001,0.000000,0.000266,-0.266,0.00000,0.00000,-0.00007,0.00000
118.8201,0.000000,0.000266,-0.266,0.00000,0.00000,-0.00007,0.00000
118.8401,0.000000,0.000266,-0.266,0.00000,0.00000,-0.00007,0.00000
118.8602,0.000000,0.000266,-0.266,0.00000,0.00000,-0.00007,0.00000
118.8801,0.000000,0.000267,-0.267,0.00000,0.00000,-0.00007,0.00000
118.9001,0.000000,0.000266,-0.266,0.00000,0.00000,-0.00007,0.00000
118.9201,0.000000,0.000266,-0.266,0.00000,0.00000,-0.00007,0.00000
118.9402,0.000000,0.000266,-0.266,0.00000,0.00000,-0.00007,0.00000
118.9602,0.000000,0.000266,-0.266,0.00000,0.00000,-0.00007,0.00000
118.9802,0.000000,0.000266,-0.266,0.00000,0.00000,-0.00007,0.00000
119.0001,0.000000,0.000266,-0.266,0.00000,0.00000,-0.00007,0.00000
119.0202,0.000000,0.000266,-0.266,0.00000,0.00000,-0.00007,0.00000
119.0402,0.000000,0.000266,-0.266,0.00000,0.00000,-0.00007,0.00000
119.0601,0.000000,0.000266,-0.266,0.00000,0.00000,-0.00007,0.00000
119.0801,0.000000,0.000266,-0.266,0.00000,0.00000,-0.00007,0.00000
119.1001,0.000000,0.000266,-0.266,0.00000,0.00000,-0.00007,0.00000
119.1202,0.000000,0.000266,-0.266,0.00000,0.00000,-0.00007,0.00000
119.1403,0.000000,0.000266,-0.266,0.00000,0.00000,-0.00007,0.00000
119.1601,0.000000,0.000267,-0.267,0.00000,0.00000,-0.00007,0.00000
119.1801,0.000000,0.000266,-0.266,0.00000,0.00000,-0.00007,0.00000
119.2001,0.000000,0.000266,-0.266,0.00000,0.00000,-0.00007,0.00000
119.2201,0.000000,0.000266,-0.266,0.00000,0.00000,-0.00007,0.00000
119.2401,0.000000,0.000266,-0.266,0.00000,0.00000,-0.00007,0.00000
119.2601,0.000000,0.000266,-0.266,0.00000,0.00000,-0.00007,0.00000
119.2801,0.000000,0.000266,-0.266,0.00000,0.00000,-0.00007,0.00000
119.3002,0.000000,0.000266,-0.266,0.00000,0.00000,-0.00007,0.00000
119.3202,0.000000,0.000266,-0.266,0.00000,0.00000,-0.00007,0.00000
119.3402,0.000000,0.000266,-0.266,0.00000,0.00000,-0.00007,0.00000
119.3601,0.000000,0.000266,-0.266,0.00000,0.00000,-0.00007,0.00000
119.3801,0.000000,0.000266,-0.266,0.00000,0.00000,-0.00007,0.00000
119.4002,0.000000,0.000266,-0.266,0.00000,0.00000,-0.00007,0.00000
119.4201,0.000000,0.000266,-0.266,0.00000,0.00000,-0.00007,0.00000
119.4402,0.000000,0.000266,-0.266,0.00000,0.00000,-0.00007,0.00000
119.4601,0.000000,0.000266,-0.266,0.00000,0.00000,-0.00007,0.00000
119.4801,0.000000,0.000266,-0.266,0.00000,0.00000,-0.00007,0.00000
119.5002,0.000000,0.000266,-0.266,0.00000,0.00000,-0.00007,0.00000
119.5201,0.000000,0.000266,-0.266,0.00000,0.00000,-0.00007,0.00000
119.5402,0.000000,0.000266,-0.266,0.00000,0.00000,-0.00007,0.00000
119.5601,0.000000,0.000266,-0.266,0.00000,0.00000,-0.00007,0.00000
119.5801,0.000000,0.000266,-0.266,0.00000,0.00000,-0.00007,0.00000
119.6002,0.000000,0.000266,-0.266,0.00000,0.00000,-0.00007,0.00000
119.6201,0.000000,0.000266,-0.266,0.00000,0.00000,-0.00007,0.00000
119.6402,0.000000,0.000266,-0.266,0.00000,0.00000,-0.00007,0.00000
119.6602,0.000000,0.000266,-0.266,0.00000,0.00000,-0.00007,0.00000
119.6801,0.000000,0.000266,-0.266,0.00000,0.00000,-0.00007,0.00000
119.7002,0.000000,0.000266,-0.266,0.00000,0.00000,-0.00007,0.00000
119.7201,0.000000,0.000266,-0.266,0.00000,0.00000,-0.00007,0.00000
119.7401,0.000000,0.000266,-0.266,0.00000,0.00000,-0.00007,0.00000
119.7601,0.000000,0.000266,-0.266,0.00000,0.00000,-0.00007,0.00000
119.7801,0.000000,0.000266,-0.266,0.00000,0.00000,-0.00007,0.00000
119.8002,0.000000,0.000266,-0.266,0.00000,0.00000,-0.00007,0.00000
119.8201,0.000000,0.000266,-0.266,0.00000,0.00000,-0.00007,0.00000
119.8401,0.000000,0.000266,-0.266,0.00000,0.00000,-0.00007,0.00000
119.8601,0.000000,0.000266,-0.266,0.00000,0.00000,-0.00007,0.00000
119.8801,0.000000,0.000266,-0.266,0.00000,0.00000,-0.00007,0.00000
119.9001,0.000000,0.000266,-0.266,0.00000,0.00000,-0.00007,0.00000
119.9201,0.000000,0.000266,-0.266,0.00000,0.00000,-0.00007,0.00000
119.9401,0.000000,0.000266,-0.266,0.00000,0.00000,-0.00007,0.00000
119.9601,0.000000,0.000266,-0.266,0.00000,0.00000,-0.00007,0.00000
119.9801,0.000000,0.000266,-0.266,0.00000,0.00000,-0.00007,0.00000
120.0001,0.000000,0.000266,-0.266,0.00000,0.00000,-0.00007,0.00000
