t_s,x_tgt_m,x_meas_m,err_mm,v_ff_m_s,v_cmd_m_s,rpm_cmd
0.0000,0.000000,0.000000,0.000,0.00000,0.00000,0.0
0.0201,0.000005,-0.000000,0.005,0.00021,0.00000,0.0
0.0402,0.000021,0.000000,0.021,0.00068,0.00138,8.3
0.0601,0.000047,0.000003,0.045,0.00118,0.00257,15.4
0.0801,0.000084,0.000025,0.059,0.00170,0.00342,20.5
0.1001,0.000131,0.000075,0.055,0.00220,0.00373,22.4
0.1201,0.000187,0.000138,0.049,0.00270,0.00404,24.3
0.1401,0.000254,0.000209,0.044,0.00320,0.00441,26.4
0.1601,0.000330,0.000286,0.043,0.00368,0.00489,29.4
0.1801,0.000415,0.000371,0.044,0.00416,0.00541,32.4
0.2001,0.000510,0.000469,0.041,0.00463,0.00576,34.6
0.2202,0.000615,0.000582,0.033,0.00511,0.00598,35.9
0.2401,0.000728,0.000698,0.030,0.00553,0.00635,38.1
0.2601,0.000850,0.000816,0.034,0.00599,0.00696,41.7
0.2801,0.000981,0.000947,0.033,0.00644,0.00738,44.3
0.3002,0.001121,0.001092,0.029,0.00690,0.00770,46.2
0.3201,0.001269,0.001237,0.032,0.00730,0.00820,49.2
0.3401,0.001426,0.001390,0.036,0.00772,0.00874,52.5
0.3601,0.001591,0.001560,0.030,0.00814,0.00896,53.8
0.3801,0.001764,0.001736,0.028,0.00855,0.00932,55.9
0.4001,0.001944,0.001914,0.030,0.00894,0.00980,58.8
0.4201,0.002133,0.002104,0.030,0.00934,0.01016,60.9
0.4401,0.002330,0.002299,0.031,0.00973,0.01061,63.6
0.4601,0.002534,0.002505,0.028,0.01010,0.01088,65.3
0.4801,0.002745,0.002723,0.022,0.01048,0.01106,66.3
0.5001,0.002964,0.002940,0.024,0.01084,0.01151,69.0
0.5201,0.003190,0.003163,0.028,0.01123,0.01203,72.2
0.5401,0.003423,0.003393,0.031,0.01156,0.01244,74.6
0.5601,0.003662,0.003641,0.021,0.01186,0.01239,74.4
0.5801,0.003909,0.003886,0.023,0.01225,0.01290,77.4
0.6001,0.004161,0.004137,0.024,0.01255,0.01322,79.3
0.6201,0.004420,0.004392,0.028,0.01287,0.01368,82.1
0.6401,0.004686,0.004662,0.024,0.01320,0.01384,83.1
0.6601,0.004958,0.004937,0.021,0.01351,0.01408,84.5
0.6801,0.005235,0.005214,0.021,0.01380,0.01440,86.4
0.7001,0.005518,0.005494,0.024,0.01409,0.01478,88.7
0.7201,0.005807,0.005787,0.020,0.01439,0.01493,89.6
0.7401,0.006102,0.006084,0.018,0.01466,0.01515,90.9
0.7601,0.006402,0.006380,0.022,0.01494,0.01559,93.5
0.7801,0.006707,0.006691,0.016,0.01518,0.01559,93.5
0.8001,0.007018,0.007004,0.014,0.01547,0.01583,95.0
0.8201,0.007333,0.007316,0.017,0.01570,0.01619,97.1
0.8401,0.007653,0.007638,0.015,0.01595,0.01637,98.2
0.8601,0.007978,0.007960,0.018,0.01619,0.01670,100.2
0.8801,0.008307,0.008287,0.020,0.01641,0.01699,102.0
0.9001,0.008641,0.008625,0.016,0.01664,0.01708,102.5
0.9201,0.008979,0.008961,0.018,0.01685,0.01736,104.2
0.9401,0.009321,0.009302,0.020,0.01705,0.01761,105.7
0.9601,0.009668,0.009652,0.016,0.01726,0.01768,106.1
0.9801,0.010018,0.010004,0.014,0.01746,0.01785,107.1
1.0001,0.010371,0.010357,0.015,0.01763,0.01805,108.3
1.0201,0.010729,0.010716,0.012,0.01782,0.01815,108.9
1.0401,0.011089,0.011077,0.012,0.01799,0.01832,109.9
1.0601,0.011453,0.011440,0.014,0.01816,0.01856,111.3
1.0801,0.011821,0.011810,0.011,0.01832,0.01859,111.6
1.1001,0.012191,0.012180,0.011,0.01847,0.01879,112.7
1.1201,0.012564,0.012554,0.009,0.01861,0.01886,113.2
1.1401,0.012940,0.012933,0.006,0.01876,0.01892,113.5
1.1601,0.013318,0.013311,0.007,0.01887,0.01907,114.4
1.1801,0.013699,0.013694,0.005,0.01901,0.01913,114.8
1.2001,0.014081,0.014073,0.009,0.01911,0.01937,116.2
1.2201,0.014466,0.014456,0.010,0.01922,0.01952,117.1
1.2401,0.014853,0.014845,0.009,0.01933,0.01957,117.4
1.2601,0.015242,0.015235,0.007,0.01942,0.01960,117.6
1.2801,0.015633,0.015627,0.006,0.01951,0.01965,117.9
1.3001,0.016025,0.016019,0.005,0.01959,0.01974,118.4
1.3201,0.016418,0.016411,0.008,0.01966,0.01989,119.4
1.3401,0.016814,0.016808,0.005,0.01973,0.01986,119.2
1.3601,0.017210,0.017204,0.006,0.01979,0.01995,119.7
1.3801,0.017607,0.017603,0.004,0.01984,0.01993,119.6
1.4001,0.018004,0.018001,0.003,0.01988,0.01998,119.9
1.4201,0.018403,0.018399,0.004,0.01992,0.02004,120.2
1.4401,0.018802,0.018802,-0.000,0.01995,0.01993,119.6
1.4601,0.019202,0.019201,0.000,0.01997,0.01999,119.9
1.4801,0.019602,0.019603,-0.001,0.01998,0.01994,119.6
1.5001,0.020002,0.020001,0.000,0.01999,0.02001,120.1
1.5201,0.020401,0.020399,0.002,0.02000,0.02007,120.4
1.5401,0.020801,0.020802,-0.001,0.02000,0.01996,119.7
1.5601,0.021201,0.021202,-0.001,0.01997,0.01994,119.7
1.5802,0.021602,0.021602,0.000,0.02005,0.02006,120.3
1.6001,0.021999,0.022001,-0.002,0.01990,0.01983,119.0
1.6201,0.022396,0.022398,-0.003,0.01984,0.01977,118.6
1.6401,0.022794,0.022799,-0.005,0.01988,0.01973,118.4
1.6601,0.023190,0.023194,-0.004,0.01982,0.01971,118.3
1.6801,0.023585,0.023587,-0.003,0.01975,0.01969,118.1
1.7001,0.023978,0.023979,-0.002,0.01968,0.01964,117.8
1.7201,0.024370,0.024371,-0.001,0.01962,0.01960,117.6
1.7401,0.024761,0.024767,-0.006,0.01959,0.01941,116.4
1.7601,0.025149,0.025160,-0.010,0.01943,0.01912,114.7
1.7802,0.025539,0.025543,-0.005,0.01946,0.01936,116.2
1.8001,0.025921,0.025928,-0.007,0.01920,0.01899,113.9
1.8201,0.026304,0.026312,-0.008,0.01916,0.01893,113.6
1.8401,0.026685,0.026695,-0.010,0.01906,0.01877,112.6
1.8601,0.027063,0.027074,-0.011,0.01895,0.01864,111.8
1.8801,0.027439,0.027448,-0.009,0.01881,0.01858,111.5
1.9001,0.027812,0.027822,-0.010,0.01870,0.01841,110.5
1.9201,0.028182,0.028188,-0.007,0.01852,0.01836,110.2
1.9402,0.028552,0.028554,-0.003,0.01850,0.01845,110.7
1.9602,0.028915,0.028921,-0.006,0.01824,0.01806,108.3
1.9801,0.029274,0.029290,-0.017,0.01798,0.01744,104.6
2.0001,0.029631,0.029650,-0.019,0.01789,0.01734,104.0
2.0201,0.029985,0.029997,-0.012,0.01774,0.01745,104.7
2.0401,0.030334,0.030342,-0.007,0.01753,0.01736,104.1
2.0601,0.030681,0.030694,-0.013,0.01737,0.01698,101.9
2.0801,0.031023,0.031038,-0.015,0.01715,0.01670,100.2
2.1001,0.031361,0.031374,-0.013,0.01697,0.01663,99.8
2.1201,0.031695,0.031711,-0.016,0.01675,0.01629,97.8
2.1401,0.032025,0.032042,-0.017,0.01655,0.01608,96.5
2.1601,0.032350,0.032364,-0.014,0.01628,0.01589,95.3
2.1801,0.032669,0.032687,-0.017,0.01605,0.01556,93.4
2.2001,0.032985,0.033001,-0.016,0.01583,0.01540,92.4
2.2201,0.033295,0.033310,-0.015,0.01558,0.01518,91.1
2.2401,0.033601,0.033619,-0.018,0.01532,0.01479,88.7
2.2601,0.033900,0.033917,-0.016,0.01506,0.01462,87.7
2.2801,0.034195,0.034211,-0.016,0.01480,0.01434,86.1
2.3001,0.034484,0.034504,-0.020,0.01452,0.01395,83.7
2.3201,0.034768,0.034790,-0.022,0.01427,0.01364,81.8
2.3401,0.035045,0.035069,-0.024,0.01392,0.01322,79.3
2.3601,0.035317,0.035339,-0.022,0.01367,0.01308,78.5
2.3801,0.035583,0.035603,-0.021,0.01336,0.01279,76.7
2.4001,0.035841,0.035860,-0.018,0.01301,0.01251,75.0
2.4201,0.036094,0.036117,-0.023,0.01271,0.01204,72.2
2.4401,0.036340,0.036358,-0.018,0.01239,0.01191,71.5
2.4601,0.036580,0.036603,-0.024,0.01206,0.01136,68.2
2.4801,0.036812,0.036835,-0.023,0.01171,0.01108,66.5
2.5001,0.037038,0.037062,-0.024,0.01138,0.01071,64.3
2.5200,0.037256,0.037277,-0.021,0.01100,0.01042,62.5
2.5401,0.037468,0.037490,-0.022,0.01067,0.01005,60.3
2.5601,0.037672,0.037700,-0.028,0.01031,0.00951,57.0
2.5801,0.037868,0.037894,-0.026,0.00990,0.00919,55.1
2.6001,0.038057,0.038082,-0.025,0.00954,0.00884,53.1
2.6201,0.038238,0.038262,-0.024,0.00914,0.00847,50.8
2.6401,0.038411,0.038437,-0.025,0.00877,0.00805,48.3
2.6600,0.038576,0.038609,-0.034,0.00832,0.00732,43.9
2.6801,0.038732,0.038764,-0.032,0.00793,0.00704,42.3
2.7001,0.038881,0.038905,-0.025,0.00752,0.00687,41.2
2.7200,0.039020,0.039046,-0.026,0.00708,0.00634,38.0
2.7401,0.039151,0.039179,-0.027,0.00667,0.00590,35.4
2.7601,0.039273,0.039302,-0.029,0.00621,0.00541,32.4
2.7801,0.039387,0.039419,-0.033,0.00577,0.00483,29.0
2.8001,0.039491,0.039523,-0.033,0.00532,0.00441,26.5
2.8201,0.039586,0.039619,-0.033,0.00487,0.00393,23.6
2.8401,0.039671,0.039701,-0.030,0.00439,0.00358,21.5
2.8601,0.039747,0.039778,-0.030,0.00392,0.00306,18.4
2.8801,0.039813,0.039843,-0.029,0.00343,0.00262,15.7
2.9001,0.039870,0.039903,-0.033,0.00295,0.00199,12.0
2.9202,0.039917,0.039951,-0.035,0.00246,0.00147,8.8
2.9401,0.039953,0.039986,-0.033,0.00194,0.00101,6.1
2.9601,0.039979,0.040014,-0.035,0.00144,0.00043,2.6
2.9801,0.039995,0.040034,-0.040,0.00092,-0.00021,-1.3
3.0001,0.040000,0.040042,-0.042,0.00039,-0.00080,-4.8
3.0202,0.040000,0.040040,-0.040,0.00008,-0.00104,-6.2
3.0401,0.040000,0.040037,-0.037,0.00002,-0.00100,-6.0
3.0601,0.040000,0.040030,-0.030,0.00000,-0.00080,-4.8
3.0801,0.040000,0.040021,-0.021,0.00000,-0.00053,-3.2
3.1001,0.040000,0.040014,-0.014,0.00000,0.00000,0.0
3.1201,0.040000,0.040012,-0.012,0.00000,0.00000,0.0
3.1401,0.040000,0.040012,-0.012,0.00000,0.00000,0.0
3.1602,0.040000,0.040012,-0.012,0.00000,0.00000,0.0
3.1802,0.040000,0.040013,-0.013,0.00000,0.00000,0.0
3.2002,0.040000,0.040013,-0.013,0.00000,0.00000,0.0
3.2202,0.040000,0.040013,-0.013,0.00000,0.00000,0.0
3.2401,0.040000,0.040013,-0.013,0.00000,0.00000,0.0
3.2601,0.040000,0.040013,-0.013,0.00000,0.00000,0.0
3.2802,0.040000,0.040013,-0.013,0.00000,0.00000,0.0
3.3002,0.040000,0.040013,-0.013,0.00000,0.00000,0.0
3.3202,0.040000,0.040013,-0.013,0.00000,0.00000,0.0
3.3402,0.040000,0.040013,-0.013,0.00000,0.00000,0.0
3.3602,0.040000,0.040013,-0.013,0.00000,0.00000,0.0
3.3803,0.040000,0.040013,-0.013,0.00000,0.00000,0.0
3.4001,0.040000,0.040013,-0.013,0.00000,0.00000,0.0
3.4201,0.040000,0.040013,-0.013,0.00000,0.00000,0.0
3.4401,0.040000,0.040013,-0.013,0.00000,0.00000,0.0
3.4601,0.040000,0.040013,-0.013,0.00000,0.00000,0.0
3.4801,0.040000,0.040013,-0.013,0.00000,0.00000,0.0
3.5001,0.040000,0.040012,-0.012,0.00000,0.00000,0.0
3.5202,0.040000,0.040013,-0.013,0.00000,0.00000,0.0
3.5401,0.040000,0.040013,-0.013,0.00000,0.00000,0.0
3.5601,0.040000,0.040013,-0.013,0.00000,0.00000,0.0
3.5801,0.040000,0.040013,-0.013,0.00000,0.00000,0.0
3.6001,0.040000,0.040013,-0.013,0.00000,0.00000,0.0
3.6201,0.040000,0.040013,-0.013,0.00000,0.00000,0.0
3.6401,0.040000,0.040012,-0.012,0.00000,0.00000,0.0
3.6601,0.040000,0.040013,-0.013,0.00000,0.00000,0.0
3.6801,0.040000,0.040012,-0.012,0.00000,0.00000,0.0
3.7001,0.040000,0.040013,-0.013,0.00000,0.00000,0.0
3.7201,0.040000,0.040012,-0.012,0.00000,0.00000,0.0
3.7401,0.040000,0.040013,-0.013,0.00000,0.00000,0.0
3.7601,0.040000,0.040013,-0.013,0.00000,0.00000,0.0
3.7801,0.040000,0.040013,-0.013,0.00000,0.00000,0.0
3.8001,0.040000,0.040012,-0.012,0.00000,0.00000,0.0
3.8201,0.040000,0.040012,-0.012,0.00000,0.00000,0.0
3.8401,0.040000,0.040012,-0.012,0.00000,0.00000,0.0
3.8602,0.040000,0.040012,-0.012,0.00000,0.00000,0.0
3.8802,0.040000,0.040013,-0.013,0.00000,0.00000,0.0
3.9002,0.040000,0.040012,-0.012,0.00000,0.00000,0.0
3.9202,0.040000,0.040012,-0.012,0.00000,0.00000,0.0
3.9402,0.040000,0.040012,-0.012,0.00000,0.00000,0.0
3.9602,0.040000,0.040013,-0.013,0.00000,0.00000,0.0
3.9802,0.040000,0.040012,-0.012,0.00000,0.00000,0.0
4.0002,0.040000,0.040012,-0.012,0.00000,0.00000,0.0
4.0202,0.040000,0.040012,-0.012,0.00000,0.00000,0.0
4.0402,0.040000,0.040012,-0.012,0.00000,0.00000,0.0
4.0602,0.040000,0.040012,-0.012,0.00000,0.00000,0.0
4.0802,0.040000,0.040013,-0.013,0.00000,0.00000,0.0
4.1002,0.040000,0.040012,-0.012,0.00000,0.00000,0.0
4.1202,0.040000,0.040013,-0.013,0.00000,0.00000,0.0
4.1402,0.040000,0.040012,-0.012,0.00000,0.00000,0.0
4.1602,0.040000,0.040012,-0.012,0.00000,0.00000,0.0
4.1802,0.040000,0.040012,-0.012,0.00000,0.00000,0.0
4.2002,0.040000,0.040013,-0.013,0.00000,0.00000,0.0
4.2202,0.040000,0.040012,-0.012,0.00000,0.00000,0.0
4.2402,0.040000,0.040013,-0.013,0.00000,0.00000,0.0
4.2602,0.040000,0.040012,-0.012,0.00000,0.00000,0.0
4.2802,0.040000,0.040013,-0.013,0.00000,0.00000,0.0
4.3002,0.040000,0.040013,-0.013,0.00000,0.00000,0.0
4.3202,0.040000,0.040012,-0.012,0.00000,0.00000,0.0
4.3402,0.040000,0.040012,-0.012,0.00000,0.00000,0.0
4.3602,0.040000,0.040012,-0.012,0.00000,0.00000,0.0
4.3802,0.040000,0.040012,-0.012,0.00000,0.00000,0.0
4.4002,0.040000,0.040012,-0.012,0.00000,0.00000,0.0
4.4202,0.040000,0.040012,-0.012,0.00000,0.00000,0.0
4.4401,0.040000,0.040012,-0.012,0.00000,0.00000,0.0
4.4602,0.040000,0.040013,-0.013,0.00000,0.00000,0.0
4.4802,0.040000,0.040013,-0.013,0.00000,0.00000,0.0
4.5001,0.040000,0.040012,-0.012,0.00000,0.00000,0.0
4.5202,0.040000,0.040012,-0.012,0.00000,0.00000,0.0
4.5402,0.040000,0.040012,-0.012,0.00000,0.00000,0.0
4.5601,0.040000,0.040012,-0.012,0.00000,0.00000,0.0
4.5801,0.040000,0.040012,-0.012,0.00000,0.00000,0.0
4.6001,0.040000,0.040013,-0.013,0.00000,0.00000,0.0
4.6201,0.040000,0.040012,-0.012,0.00000,0.00000,0.0
4.6401,0.040000,0.040013,-0.013,0.00000,0.00000,0.0
4.6601,0.040000,0.040012,-0.012,0.00000,0.00000,0.0
4.6801,0.040000,0.040012,-0.012,0.00000,0.00000,0.0
4.7001,0.040000,0.040012,-0.012,0.00000,0.00000,0.0
4.7202,0.040000,0.040012,-0.012,0.00000,0.00000,0.0
4.7401,0.040000,0.040012,-0.012,0.00000,0.00000,0.0
4.7601,0.040000,0.040012,-0.012,0.00000,0.00000,0.0
4.7801,0.040000,0.040013,-0.013,0.00000,0.00000,0.0
4.8001,0.040000,0.040012,-0.012,0.00000,0.00000,0.0
4.8201,0.040000,0.040012,-0.012,0.00000,0.00000,0.0
4.8402,0.040000,0.040012,-0.012,0.00000,0.00000,0.0
4.8601,0.040000,0.040013,-0.013,0.00000,0.00000,0.0
4.8802,0.040000,0.040013,-0.013,0.00000,0.00000,0.0
4.9002,0.040000,0.040012,-0.012,0.00000,0.00000,0.0
4.9201,0.040000,0.040012,-0.012,0.00000,0.00000,0.0
4.9402,0.040000,0.040012,-0.012,0.00000,0.00000,0.0
4.9602,0.040000,0.040012,-0.012,0.00000,0.00000,0.0
4.9802,0.040000,0.040012,-0.012,0.00000,0.00000,0.0
5.0002,0.040000,0.040012,-0.012,-0.00000,0.00000,0.0
5.0201,0.039998,0.040012,-0.015,-0.00009,0.00000,0.0
5.0401,0.039991,0.040012,-0.021,-0.00027,-0.00090,-5.4
5.0601,0.039982,0.040010,-0.028,-0.00044,-0.00128,-7.7
5.0801,0.039970,0.039997,-0.027,-0.00057,-0.00133,-8.0
5.1001,0.039956,0.039972,-0.016,-0.00066,0.00000,0.0
5.1201,0.039941,0.039952,-0.011,-0.00073,0.00000,0.0
5.1402,0.039925,0.039952,-0.027,-0.00079,-0.00164,-9.8
5.1601,0.039909,0.039947,-0.038,-0.00081,-0.00195,-11.7
5.1801,0.039892,0.039915,-0.023,-0.00084,-0.00140,-8.4
5.2001,0.039874,0.039881,-0.006,-0.00086,0.00000,0.0
5.2201,0.039857,0.039862,-0.005,-0.00088,0.00000,0.0
5.2402,0.039838,0.039861,-0.023,-0.00092,-0.00167,-10.0
5.2601,0.039819,0.039857,-0.038,-0.00095,-0.00209,-12.5
5.2801,0.039798,0.039819,-0.021,-0.00102,-0.00151,-9.1
5.3001,0.039776,0.039778,-0.002,-0.00110,-0.00103,-6.2
5.3202,0.039751,0.039752,-0.001,-0.00122,-0.00126,-7.6
5.3401,0.039723,0.039735,-0.012,-0.00135,-0.00174,-10.4
5.3601,0.039692,0.039710,-0.019,-0.00153,-0.00209,-12.5
5.3801,0.039656,0.039675,-0.019,-0.00174,-0.00229,-13.8
5.4001,0.039615,0.039628,-0.014,-0.00199,-0.00233,-14.0
5.4201,0.039568,0.039584,-0.016,-0.00227,-0.00273,-16.4
5.4401,0.039515,0.039542,-0.027,-0.00258,-0.00341,-20.4
5.4601,0.039454,0.039486,-0.032,-0.00294,-0.00386,-23.2
5.4801,0.039386,0.039417,-0.031,-0.00331,-0.00417,-25.0
5.5001,0.039309,0.039341,-0.032,-0.00373,-0.00463,-27.8
5.5201,0.039224,0.039249,-0.026,-0.00417,-0.00485,-29.1
5.5401,0.039129,0.039157,-0.028,-0.00463,-0.00544,-32.6
5.5602,0.039023,0.039058,-0.035,-0.00515,-0.00618,-37.1
5.5802,0.038908,0.038944,-0.036,-0.00562,-0.00664,-39.8
5.6001,0.038784,0.038817,-0.033,-0.00611,-0.00701,-42.1
5.6200,0.038648,0.038683,-0.035,-0.00664,-0.00762,-45.7
5.6401,0.038502,0.038544,-0.042,-0.00718,-0.00838,-50.3
5.6601,0.038346,0.038386,-0.040,-0.00767,-0.00877,-52.6
5.6801,0.038180,0.038212,-0.032,-0.00818,-0.00902,-54.1
5.7001,0.038004,0.038034,-0.029,-0.00867,-0.00948,-56.9
5.7201,0.037819,0.037848,-0.029,-0.00913,-0.00992,-59.5
5.7401,0.037626,0.037657,-0.032,-0.00956,-0.01046,-62.8
5.7601,0.037424,0.037457,-0.033,-0.00998,-0.01092,-65.5
5.7801,0.037215,0.037243,-0.028,-0.01036,-0.01112,-66.7
5.8001,0.036999,0.037023,-0.023,-0.01069,-0.01132,-67.9
5.8201,0.036778,0.036798,-0.020,-0.01099,-0.01151,-69.1
5.8401,0.036552,0.036571,-0.019,-0.01124,-0.01177,-70.6
5.8601,0.036322,0.036344,-0.022,-0.01146,-0.01208,-72.5
5.8801,0.036088,0.036099,-0.011,-0.01165,-0.01190,-71.4
5.9001,0.035854,0.035859,-0.006,-0.01171,-0.01183,-71.0
5.9201,0.035616,0.035623,-0.007,-0.01185,-0.01206,-72.4
5.9401,0.035380,0.035388,-0.008,-0.01181,-0.01205,-72.3
5.9601,0.035143,0.035148,-0.005,-0.01185,-0.01199,-71.9
5.9801,0.034907,0.034906,0.001,-0.01179,-0.01174,-70.4
6.0001,0.034673,0.034668,0.005,-0.01171,-0.01154,-69.2
6.0201,0.034442,0.034438,0.004,-0.01159,-0.01149,-68.9
6.0401,0.034214,0.034205,0.008,-0.01146,-0.01120,-67.2
6.0602,0.033987,0.033976,0.011,-0.01134,-0.01102,-66.1
6.0802,0.033766,0.033749,0.017,-0.01111,-0.01060,-63.6
6.1001,0.033550,0.033537,0.013,-0.01088,-0.01054,-63.3
6.1201,0.033336,0.033326,0.010,-0.01072,-0.01045,-62.7
6.1402,0.033126,0.033114,0.011,-0.01058,-0.01025,-61.5
6.1601,0.032921,0.032905,0.016,-0.01030,-0.00983,-59.0
6.1802,0.032718,0.032704,0.013,-0.01020,-0.00985,-59.1
6.2001,0.032520,0.032513,0.007,-0.00996,-0.00980,-58.8
6.2201,0.032323,0.032315,0.007,-0.00986,-0.00965,-57.9
6.2401,0.032128,0.032114,0.014,-0.00976,-0.00934,-56.0
6.2601,0.031935,0.031921,0.013,-0.00969,-0.00933,-56.0
6.2801,0.031741,0.031733,0.008,-0.00967,-0.00947,-56.8
6.3001,0.031548,0.031551,-0.003,-0.00968,-0.00983,-59.0
6.3201,0.031353,0.031363,-0.010,-0.00973,-0.01006,-60.4
6.3401,0.031155,0.031162,-0.007,-0.00984,-0.01002,-60.1
6.3601,0.030955,0.030965,-0.010,-0.00999,-0.01031,-61.8
6.3801,0.030750,0.030759,-0.009,-0.01018,-0.01043,-62.6
6.4001,0.030541,0.030557,-0.016,-0.01042,-0.01091,-65.5
6.4201,0.030325,0.030347,-0.022,-0.01071,-0.01135,-68.1
6.4401,0.030102,0.030125,-0.023,-0.01104,-0.01169,-70.2
6.4601,0.029873,0.029894,-0.021,-0.01140,-0.01198,-71.9
6.4801,0.029634,0.029659,-0.025,-0.01181,-0.01252,-75.1
6.5001,0.029388,0.029420,-0.032,-0.01222,-0.01315,-78.9
6.5201,0.029132,0.029166,-0.034,-0.01267,-0.01363,-81.8
6.5401,0.028868,0.028900,-0.032,-0.01313,-0.01402,-84.1
6.5601,0.028593,0.028623,-0.030,-0.01360,-0.01442,-86.5
6.5801,0.028310,0.028345,-0.035,-0.01404,-0.01505,-90.3
6.6001,0.028018,0.028047,-0.029,-0.01449,-0.01526,-91.5
6.6201,0.027718,0.027739,-0.021,-0.01489,-0.01542,-92.5
6.6401,0.027411,0.027437,-0.026,-0.01527,-0.01601,-96.1
6.6601,0.027097,0.027123,-0.027,-0.01563,-0.01638,-98.3
6.6801,0.026778,0.026801,-0.023,-0.01588,-0.01651,-99.1
6.7001,0.026455,0.026477,-0.022,-0.01611,-0.01673,-100.4
6.7201,0.026129,0.026141,-0.012,-0.01623,-0.01650,-99.0
6.7401,0.025804,0.025806,-0.002,-0.01627,-0.01628,-97.7
6.7601,0.025480,0.025480,-0.001,-0.01622,-0.01622,-97.3
6.7801,0.025159,0.025152,0.007,-0.01606,-0.01583,-95.0
6.8001,0.024845,0.024830,0.014,-0.01579,-0.01534,-92.0
6.8201,0.024539,0.024517,0.022,-0.01539,-0.01475,-88.5
6.8401,0.024244,0.024213,0.031,-0.01486,-0.01393,-83.6
6.8601,0.023963,0.023920,0.044,-0.01421,-0.01291,-77.4
6.8801,0.023699,0.023644,0.055,-0.01341,-0.01179,-70.7
6.9001,0.023454,0.023397,0.058,-0.01248,-0.01085,-65.1
6.9201,0.023231,0.023164,0.068,-0.01141,-0.00945,-56.7
6.9401,0.023034,0.022954,0.080,-0.01019,-0.00788,-47.3
6.9601,0.022863,0.022770,0.094,-0.00885,-0.00615,-36.9
6.9801,0.022723,0.022626,0.098,-0.00737,-0.00460,-27.6
7.0001,0.022616,0.022514,0.103,-0.00575,-0.00286,-17.1
7.0201,0.022544,0.022427,0.118,-0.00403,-0.00064,-3.9
7.0401,0.022510,0.022383,0.127,-0.00219,0.00143,8.6
7.0601,0.022515,0.022379,0.136,-0.00025,0.00361,21.7
7.0801,0.022560,0.022397,0.164,0.00178,0.00653,39.2
7.1001,0.022649,0.022465,0.184,0.00388,0.00916,55.0
7.1201,0.022780,0.022599,0.181,0.00605,0.01111,66.7
7.1401,0.022957,0.022784,0.173,0.00826,0.01306,78.4
7.1601,0.023177,0.023008,0.169,0.01048,0.01519,91.1
7.1801,0.023444,0.023276,0.168,0.01276,0.01745,104.7
7.2001,0.023755,0.023589,0.167,0.01499,0.01965,117.9
7.2201,0.024110,0.023944,0.166,0.01720,0.02185,131.1
7.2401,0.024508,0.024347,0.161,0.01937,0.02386,143.2
7.2601,0.024948,0.024794,0.154,0.02147,0.02575,154.5
7.2801,0.025428,0.025281,0.147,0.02349,0.02758,165.5
7.3001,0.025946,0.025806,0.139,0.02540,0.02926,175.5
7.3201,0.026498,0.026363,0.135,0.02717,0.03092,185.5
7.3401,0.027083,0.026960,0.123,0.02884,0.03221,193.3
7.3601,0.027697,0.027587,0.110,0.03034,0.03335,200.1
7.3801,0.028336,0.028236,0.101,0.03163,0.03440,206.4
7.4001,0.028998,0.028907,0.090,0.03277,0.03523,211.4
7.4202,0.029680,0.029601,0.079,0.03386,0.03599,216.0
7.4401,0.030367,0.030308,0.059,0.03425,0.03579,214.8
7.4601,0.031068,0.031028,0.040,0.03489,0.03590,215.4
7.4802,0.031777,0.031747,0.029,0.03532,0.03607,216.4
7.5001,0.032476,0.032464,0.012,0.03503,0.03524,211.5
7.5201,0.033172,0.033182,-0.010,0.03488,0.03447,206.8
7.5401,0.033857,0.033882,-0.025,0.03438,0.03360,201.6
7.5601,0.034524,0.034570,-0.047,0.03352,0.03207,192.4
7.5801,0.035171,0.035236,-0.065,0.03260,0.03066,184.0
7.6001,0.035792,0.035870,-0.078,0.03138,0.02913,174.8
7.6201,0.036387,0.036474,-0.087,0.03006,0.02758,165.5
7.6401,0.036948,0.037051,-0.103,0.02846,0.02549,152.9
7.6601,0.037473,0.037592,-0.119,0.02669,0.02327,139.6
7.6801,0.037960,0.038090,-0.130,0.02481,0.02110,126.6
7.7001,0.038404,0.038545,-0.141,0.02274,0.01873,112.4
7.7201,0.038804,0.038957,-0.153,0.02052,0.01617,97.0
7.7401,0.039156,0.039317,-0.162,0.01817,0.01359,81.5
7.7601,0.039458,0.039631,-0.173,0.01571,0.01080,64.8
7.7801,0.039707,0.039887,-0.180,0.01311,0.00804,48.2
7.8001,0.039902,0.040090,-0.188,0.01045,0.00514,30.9
7.8201,0.040043,0.040234,-0.191,0.00770,0.00234,14.0
7.8401,0.040127,0.040319,-0.192,0.00490,-0.00048,-2.9
7.8601,0.040154,0.040351,-0.197,0.00206,-0.00350,-21.0
7.8801,0.040123,0.040340,-0.217,-0.00080,-0.00698,-41.9
7.9001,0.040036,0.040273,-0.237,-0.00366,-0.01043,-62.6
7.9201,0.039891,0.040131,-0.240,-0.00651,-0.01325,-79.5
7.9401,0.039691,0.039915,-0.224,-0.00934,-0.01553,-93.2
7.9601,0.039435,0.039645,-0.210,-0.01210,-0.01790,-107.4
7.9801,0.039126,0.039332,-0.205,-0.01477,-0.02049,-122.9
8.0001,0.038766,0.038964,-0.199,-0.01737,-0.02289,-137.4
8.0201,0.038355,0.038543,-0.188,-0.01989,-0.02508,-150.5
8.0401,0.037899,0.038077,-0.179,-0.02224,-0.02719,-163.2
8.0601,0.037398,0.037567,-0.169,-0.02448,-0.02916,-175.0
8.0801,0.036854,0.037014,-0.159,-0.02663,-0.03103,-186.2
8.1001,0.036276,0.036423,-0.147,-0.02848,-0.03254,-195.2
8.1201,0.035661,0.035793,-0.131,-0.03026,-0.03384,-203.0
8.1401,0.035017,0.035135,-0.119,-0.03185,-0.03510,-210.6
8.1601,0.034346,0.034453,-0.107,-0.03321,-0.03613,-216.8
8.1801,0.033653,0.033742,-0.089,-0.03437,-0.03675,-220.5
8.2001,0.032941,0.033015,-0.074,-0.03535,-0.03733,-224.0
8.2201,0.032216,0.032275,-0.059,-0.03607,-0.03765,-225.9
8.2401,0.031481,0.031525,-0.044,-0.03659,-0.03773,-226.4
8.2602,0.030737,0.030771,-0.034,-0.03709,-0.03799,-227.9
8.2802,0.029997,0.030016,-0.020,-0.03702,-0.03749,-224.9
8.3001,0.029265,0.029258,0.007,-0.03669,-0.03635,-218.1
8.3201,0.028536,0.028512,0.024,-0.03649,-0.03570,-214.2
8.3401,0.027820,0.027788,0.032,-0.03593,-0.03497,-209.8
8.3601,0.027120,0.027077,0.042,-0.03520,-0.03395,-203.7
8.3801,0.026439,0.026384,0.055,-0.03427,-0.03264,-195.9
8.4001,0.025783,0.025707,0.076,-0.03308,-0.03083,-185.0
8.4201,0.025155,0.025063,0.092,-0.03175,-0.02908,-174.5
8.4401,0.024558,0.024457,0.102,-0.03022,-0.02732,-163.9
8.4601,0.023994,0.023884,0.110,-0.02860,-0.02546,-152.8
8.4801,0.023466,0.023348,0.118,-0.02685,-0.02349,-140.9
8.5001,0.022979,0.022846,0.132,-0.02485,-0.02106,-126.4
8.5201,0.022532,0.022390,0.142,-0.02284,-0.01879,-112.8
8.5401,0.022130,0.021980,0.150,-0.02067,-0.01642,-98.5
8.5601,0.021771,0.021612,0.159,-0.01848,-0.01398,-83.9
8.5801,0.021459,0.021299,0.160,-0.01619,-0.01170,-70.2
8.6001,0.021193,0.021031,0.162,-0.01387,-0.00931,-55.9
8.6202,0.020974,0.020808,0.165,-0.01155,-0.00691,-41.5
8.6401,0.020803,0.020637,0.167,-0.00912,-0.00444,-26.6
8.6601,0.020680,0.020517,0.163,-0.00676,-0.00223,-13.4
8.6801,0.020603,0.020436,0.167,-0.00443,0.00029,1.7
8.7001,0.020572,0.020406,0.166,-0.00212,0.00251,15.1
8.7201,0.020586,0.020414,0.173,0.00014,0.00502,30.1
8.7401,0.020644,0.020453,0.191,0.00233,0.00779,46.7
8.7601,0.020743,0.020554,0.189,0.00444,0.00973,58.4
8.7801,0.020882,0.020712,0.170,0.00646,0.01111,66.7
8.8001,0.021059,0.020905,0.154,0.00835,0.01257,75.4
8.8201,0.021271,0.021134,0.137,0.01014,0.01386,83.1
8.8401,0.021515,0.021382,0.132,0.01180,0.01548,92.9
8.8601,0.021789,0.021669,0.120,0.01334,0.01664,99.8
8.8801,0.022090,0.021982,0.108,0.01470,0.01765,105.9
8.9001,0.022414,0.022317,0.096,0.01589,0.01852,111.1
8.9201,0.022759,0.022677,0.082,0.01697,0.01917,115.0
8.9401,0.023120,0.023049,0.071,0.01786,0.01980,118.8
8.9601,0.023496,0.023435,0.060,0.01860,0.02023,121.4
8.9801,0.023882,0.023835,0.047,0.01918,0.02042,122.5
9.0001,0.024275,0.024239,0.036,0.01955,0.02050,123.0
9.0201,0.024673,0.024652,0.021,0.01982,0.02032,121.9
9.0401,0.025072,0.025061,0.010,0.01991,0.02013,120.8
9.0601,0.025468,0.025467,0.001,0.01984,0.01982,118.9
9.0801,0.025859,0.025870,-0.010,0.01963,0.01928,115.7
9.1001,0.026243,0.026263,-0.020,0.01927,0.01865,111.9
9.1201,0.026616,0.026649,-0.033,0.01878,0.01778,106.7
9.1401,0.026976,0.027018,-0.042,0.01817,0.01695,101.7
9.1601,0.027321,0.027368,-0.047,0.01744,0.01610,96.6
9.1801,0.027651,0.027707,-0.056,0.01666,0.01502,90.1
9.2001,0.027959,0.028022,-0.063,0.01564,0.01384,83.0
9.2201,0.028247,0.028314,-0.067,0.01467,0.01276,76.6
9.2401,0.028514,0.028589,-0.075,0.01361,0.01145,68.7
9.2601,0.028758,0.028837,-0.078,0.01250,0.01029,61.7
9.2801,0.028979,0.029063,-0.084,0.01132,0.00895,53.7
9.3001,0.029175,0.029261,-0.086,0.01013,0.00772,46.3
9.3201,0.029348,0.029435,-0.087,0.00893,0.00649,38.9
9.3401,0.029496,0.029584,-0.088,0.00771,0.00525,31.5
9.3601,0.029621,0.029704,-0.083,0.00652,0.00421,25.3
9.3801,0.029722,0.029799,-0.077,0.00535,0.00323,19.4
9.4001,0.029801,0.029875,-0.074,0.00422,0.00216,13.0
9.4201,0.029858,0.029933,-0.075,0.00313,0.00102,6.1
9.4401,0.029895,0.029967,-0.072,0.00211,0.00011,0.7
9.4601,0.029913,0.029980,-0.067,0.00115,-0.00069,-4.2
9.4801,0.029914,0.029980,-0.066,0.00027,-0.00156,-9.3
9.5001,0.029900,0.029975,-0.075,-0.00052,-0.00267,-16.0
9.5201,0.029872,0.029955,-0.083,-0.00122,-0.00361,-21.6
9.5401,0.029832,0.029911,-0.079,-0.00182,-0.00401,-24.0
9.5601,0.029783,0.029848,-0.064,-0.00232,-0.00404,-24.2
9.5802,0.029727,0.029772,-0.044,-0.00272,-0.00385,-23.1
9.6001,0.029666,0.029702,-0.036,-0.00298,-0.00394,-23.6
9.6201,0.029602,0.029628,-0.026,-0.00316,-0.00383,-23.0
9.6402,0.029537,0.029557,-0.019,-0.00323,-0.00372,-22.3
9.6601,0.029475,0.029486,-0.012,-0.00315,-0.00343,-20.6
9.6801,0.029416,0.029416,0.000,-0.00299,-0.00292,-17.5
9.7001,0.029362,0.029352,0.010,-0.00274,-0.00241,-14.4
9.7201,0.029317,0.029292,0.025,-0.00237,-0.00158,-9.5
9.7401,0.029280,0.029248,0.032,-0.00191,-0.00096,-5.8
9.7601,0.029256,0.029222,0.034,-0.00137,-0.00041,-2.5
9.7801,0.029244,0.029207,0.037,-0.00075,0.00030,1.8
9.8001,0.029246,0.029204,0.042,-0.00005,0.00116,7.0
9.8201,0.029264,0.029208,0.057,0.00070,0.00237,14.2
9.8401,0.029298,0.029219,0.079,0.00150,0.00386,23.2
9.8601,0.029349,0.029257,0.093,0.00235,0.00502,30.1
9.8801,0.029418,0.029326,0.092,0.00322,0.00580,34.8
9.9001,0.029505,0.029428,0.077,0.00411,0.00616,37.0
9.9201,0.029610,0.029537,0.072,0.00501,0.00701,42.1
9.9401,0.029732,0.029658,0.074,0.00590,0.00799,47.9
9.9601,0.029872,0.029798,0.074,0.00677,0.00884,53.0
9.9802,0.030029,0.029959,0.070,0.00764,0.00958,57.5
10.0001,0.030200,0.030136,0.065,0.00839,0.01017,61.0
10.0303,0.030488,0.030426,0.062,0.01319,0.01492,89.5
10.0480,0.030671,0.030619,0.051,0.00993,0.01130,67.8
10.0660,0.030865,0.030884,-0.019,0.00975,0.00878,52.7
10.0840,0.031066,0.031086,-0.020,0.01001,0.00943,56.6
10.1019,0.031274,0.031242,0.032,0.01032,0.01152,69.1
10.1201,0.031489,0.031414,0.074,0.01065,0.01298,77.9
10.1401,0.031729,0.031656,0.074,0.01176,0.01382,82.9
10.1601,0.031971,0.031917,0.054,0.01203,0.01344,80.6
10.1801,0.032212,0.032191,0.021,0.01206,0.01244,74.7
10.2001,0.032451,0.032459,-0.008,0.01195,0.01155,69.3
10.2201,0.032683,0.032707,-0.024,0.01169,0.01093,65.6
10.2401,0.032908,0.032934,-0.026,0.01131,0.01056,63.4
10.2601,0.033121,0.033152,-0.031,0.01081,0.00991,59.5
10.2801,0.033322,0.033357,-0.035,0.01017,0.00917,55.0
10.3001,0.033506,0.033554,-0.047,0.00942,0.00803,48.2
10.3201,0.033673,0.033733,-0.060,0.00854,0.00679,40.7
10.3401,0.033819,0.033881,-0.062,0.00756,0.00580,34.8
10.3601,0.033943,0.034013,-0.070,0.00646,0.00443,26.6
10.3801,0.034042,0.034123,-0.081,0.00528,0.00295,17.7
10.4001,0.034115,0.034202,-0.087,0.00398,0.00151,9.1
10.4201,0.034161,0.034256,-0.095,0.00261,-0.00010,-0.6
10.4401,0.034177,0.034274,-0.097,0.00116,-0.00157,-9.4
10.4601,0.034162,0.034270,-0.107,-0.00034,-0.00340,-20.4
10.4801,0.034117,0.034251,-0.134,-0.00190,-0.00582,-34.9
10.5001,0.034039,0.034191,-0.152,-0.00349,-0.00786,-47.1
10.5201,0.033929,0.034074,-0.145,-0.00510,-0.00913,-54.8
10.5401,0.033786,0.033918,-0.132,-0.00673,-0.01034,-62.0
10.5601,0.033611,0.033732,-0.121,-0.00835,-0.01167,-70.0
10.5801,0.033404,0.033531,-0.127,-0.00996,-0.01353,-81.2
10.6001,0.033166,0.033292,-0.126,-0.01152,-0.01504,-90.2
10.6201,0.032897,0.033018,-0.121,-0.01306,-0.01641,-98.5
10.6401,0.032600,0.032710,-0.111,-0.01451,-0.01754,-105.2
10.6601,0.032275,0.032381,-0.106,-0.01588,-0.01883,-113.0
10.6801,0.031925,0.032022,-0.098,-0.01719,-0.01988,-119.3
10.7001,0.031551,0.031640,-0.090,-0.01839,-0.02086,-125.1
10.7201,0.031156,0.031240,-0.084,-0.01948,-0.02180,-130.8
10.7401,0.030742,0.030818,-0.076,-0.02044,-0.02252,-135.1
10.7601,0.030313,0.030378,-0.066,-0.02126,-0.02304,-138.2
10.7801,0.029870,0.029926,-0.056,-0.02196,-0.02346,-140.8
10.8001,0.029419,0.029462,-0.043,-0.02245,-0.02359,-141.5
10.8201,0.028961,0.028990,-0.030,-0.02281,-0.02356,-141.3
10.8401,0.028499,0.028517,-0.017,-0.02302,-0.02343,-140.6
10.8602,0.028036,0.028047,-0.011,-0.02315,-0.02342,-140.5
10.8801,0.027581,0.027575,0.006,-0.02280,-0.02252,-135.1
10.9001,0.027132,0.027107,0.025,-0.02254,-0.02173,-130.4
10.9201,0.026693,0.026661,0.032,-0.02205,-0.02111,-126.7
10.9401,0.026270,0.026233,0.037,-0.02135,-0.02028,-121.7
10.9601,0.025864,0.025812,0.053,-0.02050,-0.01894,-113.6
10.9801,0.025480,0.025411,0.068,-0.01948,-0.01748,-104.9
11.0001,0.025121,0.025038,0.083,-0.01823,-0.01582,-94.9
11.0201,0.024790,0.024696,0.094,-0.01690,-0.01419,-85.1
11.0401,0.024490,0.024391,0.100,-0.01536,-0.01254,-75.3
11.0601,0.024224,0.024112,0.112,-0.01371,-0.01051,-63.1
11.0801,0.023995,0.023872,0.123,-0.01192,-0.00842,-50.5
11.1001,0.023804,0.023671,0.133,-0.01000,-0.00621,-37.3
11.1201,0.023655,0.023518,0.137,-0.00798,-0.00414,-24.8
11.1401,0.023548,0.023405,0.143,-0.00585,-0.00179,-10.7
11.1601,0.023486,0.023334,0.152,-0.00365,0.00066,3.9
11.1801,0.023470,0.023306,0.164,-0.00138,0.00328,19.7
11.2001,0.023500,0.023317,0.183,0.00093,0.00619,37.1
11.2201,0.023578,0.023378,0.200,0.00328,0.00896,53.8
11.2401,0.023702,0.023504,0.199,0.00564,0.01121,67.2
11.2601,0.023875,0.023689,0.185,0.00802,0.01313,78.8
11.2801,0.024093,0.023913,0.180,0.01035,0.01536,92.2
11.3001,0.024358,0.024183,0.175,0.01267,0.01754,105.3
11.3201,0.024668,0.024497,0.171,0.01492,0.01967,118.0
11.3402,0.025023,0.024856,0.167,0.01719,0.02184,131.1
11.3601,0.025416,0.025266,0.150,0.01914,0.02323,139.4
11.3801,0.025850,0.025704,0.146,0.02120,0.02527,151.6
11.4001,0.026321,0.026176,0.145,0.02308,0.02714,162.8
11.4201,0.026826,0.026697,0.129,0.02484,0.02836,170.1
11.4401,0.027363,0.027246,0.117,0.02644,0.02963,177.8
11.4601,0.027927,0.027817,0.110,0.02784,0.03089,185.3
11.4801,0.028515,0.028414,0.101,0.02910,0.03188,191.3
11.5001,0.029124,0.029043,0.081,0.03019,0.03235,194.1
11.5201,0.029752,0.029684,0.068,0.03112,0.03295,197.7
11.5401,0.030391,0.030333,0.058,0.03180,0.03338,200.3
11.5601,0.031040,0.030988,0.052,0.03230,0.03371,202.3
11.5801,0.031693,0.031668,0.025,0.03261,0.03316,199.0
11.6001,0.032345,0.032336,0.010,0.03261,0.03278,196.7
11.6201,0.032995,0.032992,0.003,0.03250,0.03255,195.3
11.6401,0.033636,0.033651,-0.015,0.03213,0.03160,189.6
11.6601,0.034264,0.034294,-0.030,0.03155,0.03060,183.6
11.6801,0.034875,0.034932,-0.057,0.03078,0.02904,174.2
11.7001,0.035466,0.035535,-0.069,0.02978,0.02777,166.6
11.7201,0.036033,0.036112,-0.079,0.02865,0.02639,158.3
11.7401,0.036571,0.036662,-0.092,0.02722,0.02458,147.5
11.7601,0.037076,0.037180,-0.104,0.02567,0.02269,136.1
11.7801,0.037546,0.037663,-0.116,0.02394,0.02062,123.7
11.8001,0.037979,0.038102,-0.124,0.02209,0.01858,111.5
11.8201,0.038368,0.038508,-0.140,0.02000,0.01599,95.9
11.8401,0.038715,0.038866,-0.151,0.01785,0.01356,81.4
11.8601,0.039015,0.039177,-0.163,0.01556,0.01093,65.6
11.8801,0.039266,0.039435,-0.169,0.01317,0.00839,50.4
11.9001,0.039467,0.039642,-0.174,0.01069,0.00578,34.7
11.9201,0.039617,0.039792,-0.174,0.00813,0.00325,19.5
11.9401,0.039715,0.039893,-0.178,0.00553,0.00053,3.2
11.9601,0.039759,0.039941,-0.182,0.00288,-0.00223,-13.4
11.9801,0.039751,0.039940,-0.190,0.00022,-0.00513,-30.8
12.0001,0.039689,0.039910,-0.222,-0.00243,-0.00883,-53.0
12.0201,0.039574,0.039808,-0.234,-0.00508,-0.01171,-70.3
12.0401,0.039407,0.039634,-0.227,-0.00769,-0.01401,-84.0
12.0601,0.039190,0.039400,-0.210,-0.01022,-0.01600,-96.0
12.0801,0.038923,0.039109,-0.186,-0.01273,-0.01778,-106.7
12.1001,0.038609,0.038782,-0.174,-0.01511,-0.01990,-119.4
12.1201,0.038249,0.038429,-0.180,-0.01740,-0.02247,-134.8
12.1401,0.037847,0.038014,-0.167,-0.01958,-0.02419,-145.2
12.1601,0.037404,0.037554,-0.150,-0.02164,-0.02574,-154.4
12.1801,0.036923,0.037073,-0.150,-0.02358,-0.02778,-166.7
12.2002,0.036404,0.036542,-0.138,-0.02546,-0.02925,-175.5
12.2201,0.035860,0.035978,-0.118,-0.02685,-0.03002,-180.1
12.2401,0.035285,0.035387,-0.102,-0.02838,-0.03114,-186.9
12.2601,0.034687,0.034782,-0.095,-0.02959,-0.03222,-193.3
12.2801,0.034068,0.034154,-0.086,-0.03069,-0.03305,-198.3
12.3001,0.033433,0.033514,-0.081,-0.03153,-0.03376,-202.6
12.3202,0.032781,0.032849,-0.067,-0.03236,-0.03416,-205.0
12.3401,0.032126,0.032161,-0.035,-0.03268,-0.03345,-200.7
12.3601,0.031464,0.031486,-0.022,-0.03301,-0.03355,-201.3
12.3801,0.030799,0.030809,-0.009,-0.03320,-0.03339,-200.3
12.4001,0.030138,0.030138,0.000,-0.03308,-0.03301,-198.1
12.4201,0.029483,0.029472,0.011,-0.03284,-0.03248,-194.9
12.4402,0.028834,0.028816,0.018,-0.03252,-0.03197,-191.8
12.4601,0.028204,0.028166,0.038,-0.03170,-0.03053,-183.2
12.4801,0.027587,0.027531,0.056,-0.03102,-0.02935,-176.1
12.5001,0.026991,0.026927,0.064,-0.03006,-0.02822,-169.3
12.5201,0.026415,0.026348,0.067,-0.02904,-0.02715,-162.9
12.5401,0.025864,0.025786,0.078,-0.02785,-0.02559,-153.5
12.5601,0.025340,0.025249,0.091,-0.02652,-0.02388,-143.3
12.5801,0.024845,0.024743,0.102,-0.02512,-0.02220,-133.2
12.6001,0.024381,0.024276,0.105,-0.02357,-0.02060,-123.6
12.6201,0.023950,0.023838,0.112,-0.02196,-0.01878,-112.7
12.6400,0.023552,0.023440,0.112,-0.02030,-0.01716,-103.0
12.6601,0.023188,0.023066,0.122,-0.01862,-0.01514,-90.8
12.6800,0.022861,0.022729,0.132,-0.01683,-0.01308,-78.5
12.7001,0.022568,0.022441,0.127,-0.01507,-0.01153,-69.2
12.7202,0.022310,0.022185,0.125,-0.01334,-0.00986,-59.2
12.7401,0.022090,0.021964,0.126,-0.01147,-0.00794,-47.6
12.7601,0.021904,0.021773,0.130,-0.00974,-0.00607,-36.4
12.7801,0.021751,0.021624,0.127,-0.00803,-0.00449,-26.9
12.8001,0.021633,0.021517,0.116,-0.00636,-0.00319,-19.1
12.8201,0.021546,0.021433,0.113,-0.00473,-0.00160,-9.6
12.8401,0.021490,0.021381,0.109,-0.00318,-0.00014,-0.8
12.8601,0.021464,0.021354,0.110,-0.00171,0.00136,8.2
12.8801,0.021464,0.021355,0.109,-0.00033,0.00271,16.3
12.9001,0.021489,0.021367,0.122,0.00095,0.00446,26.8
12.9201,0.021538,0.021415,0.123,0.00213,0.00557,33.4
12.9401,0.021607,0.021497,0.110,0.00321,0.00620,37.2
12.9601,0.021695,0.021607,0.088,0.00415,0.00647,38.8
12.9801,0.021799,0.021724,0.075,0.00499,0.00701,42.1
13.0002,0.021917,0.021846,0.071,0.00573,0.00770,46.2
13.0201,0.022046,0.021986,0.060,0.00630,0.00790,47.4
13.0401,0.022183,0.022136,0.048,0.00677,0.00803,48.2
13.0601,0.022328,0.022292,0.036,0.00713,0.00808,48.5
13.0801,0.022476,0.022453,0.023,0.00735,0.00793,47.6
13.1001,0.022626,0.022618,0.008,0.00748,0.00762,45.7
13.1201,0.022777,0.022776,0.000,0.00751,0.00748,44.9
13.1401,0.022925,0.022926,-0.002,0.00742,0.00736,44.1
13.1601,0.023069,0.023076,-0.007,0.00724,0.00701,42.0
13.1801,0.023207,0.023220,-0.013,0.00697,0.00657,39.4
13.2001,0.023337,0.023353,-0.015,0.00663,0.00618,37.1
13.2201,0.023459,0.023485,-0.025,0.00621,0.00544,32.6
13.2401,0.023572,0.023610,-0.038,0.00575,0.00462,27.7
13.2601,0.023674,0.023714,-0.040,0.00522,0.00408,24.5
13.2801,0.023764,0.023799,-0.035,0.00465,0.00372,22.3
13.3001,0.023843,0.023874,-0.031,0.00407,0.00322,19.3
13.3201,0.023909,0.023947,-0.038,0.00347,0.00239,14.3
13.3401,0.023964,0.024004,-0.040,0.00288,0.00174,10.4
13.3601,0.024006,0.024051,-0.045,0.00227,0.00100,6.0
13.3801,0.024037,0.024081,-0.044,0.00171,0.00047,2.8
13.4000,0.024058,0.024097,-0.039,0.00116,0.00008,0.5
13.4201,0.024069,0.024104,-0.035,0.00066,-0.00029,-1.8
13.4401,0.024070,0.024103,-0.033,0.00021,-0.00070,-4.2
13.4601,0.024065,0.024101,-0.036,-0.00019,-0.00123,-7.4
13.4801,0.024053,0.024097,-0.045,-0.00051,-0.00181,-10.9
13.5001,0.024036,0.024087,-0.050,-0.00076,-0.00220,-13.2
13.5201,0.024017,0.024063,-0.046,-0.00092,-0.00217,-13.0
13.5402,0.023997,0.024031,-0.034,-0.00100,-0.00189,-11.4
13.5602,0.023977,0.023995,-0.017,-0.00098,0.00000,0.0
13.5801,0.023961,0.023967,-0.007,-0.00086,0.00000,0.0
13.6001,0.023949,0.023968,-0.019,-0.00065,0.00000,0.0
13.6201,0.023944,0.023968,-0.024,-0.00033,-0.00103,-6.2
13.6401,0.023948,0.023966,-0.018,0.00009,0.00000,0.0
13.6601,0.023963,0.023953,0.010,0.00061,0.00000,0.0
13.6802,0.023991,0.023953,0.038,0.00125,0.00247,14.8
13.7001,0.024033,0.023960,0.073,0.00194,0.00421,25.3
13.7202,0.024093,0.023995,0.098,0.00277,0.00565,33.9
13.7401,0.024170,0.024077,0.093,0.00364,0.00623,37.4
13.7601,0.024267,0.024179,0.088,0.00462,0.00706,42.4
13.7802,0.024386,0.024299,0.087,0.00569,0.00813,48.8
13.8001,0.024527,0.024443,0.084,0.00675,0.00907,54.4
13.8201,0.024691,0.024608,0.083,0.00792,0.01023,61.4
13.8401,0.024879,0.024792,0.087,0.00911,0.01158,69.5
13.8601,0.025092,0.024998,0.095,0.01036,0.01305,78.3
13.8801,0.025331,0.025229,0.102,0.01161,0.01452,87.1
13.9001,0.025594,0.025498,0.096,0.01282,0.01546,92.8
13.9201,0.025882,0.025793,0.089,0.01409,0.01654,99.2
13.9401,0.026194,0.026111,0.083,0.01533,0.01763,105.8
13.9601,0.026531,0.026442,0.089,0.01651,0.01903,114.2
13.9801,0.026890,0.026801,0.089,0.01767,0.02015,120.9
14.0001,0.027270,0.027191,0.079,0.01875,0.02091,125.5
14.0201,0.027671,0.027599,0.072,0.01978,0.02174,130.4
14.0401,0.028089,0.028013,0.076,0.02067,0.02283,137.0
14.0601,0.028524,0.028458,0.066,0.02154,0.02332,139.9
14.0801,0.028973,0.028918,0.055,0.02227,0.02373,142.4
14.1001,0.029433,0.029388,0.045,0.02287,0.02407,144.4
14.1201,0.029903,0.029863,0.040,0.02335,0.02443,146.6
14.1401,0.030377,0.030340,0.037,0.02365,0.02467,148.0
14.1601,0.030856,0.030838,0.018,0.02388,0.02428,145.7
14.1801,0.031334,0.031331,0.003,0.02389,0.02389,143.3
14.2001,0.031808,0.031817,-0.009,0.02375,0.02343,140.6
14.2201,0.032276,0.032291,-0.015,0.02348,0.02302,138.1
14.2401,0.032735,0.032761,-0.026,0.02305,0.02225,133.5
14.2601,0.033180,0.033217,-0.037,0.02239,0.02129,127.7
14.2801,0.033606,0.033662,-0.056,0.02154,0.01985,119.1
14.3001,0.034013,0.034083,-0.069,0.02059,0.01856,111.4
14.3201,0.034396,0.034472,-0.076,0.01942,0.01725,103.5
14.3401,0.034752,0.034838,-0.086,0.01812,0.01565,93.9
14.3601,0.035077,0.035176,-0.099,0.01663,0.01378,82.7
14.3801,0.035369,0.035481,-0.112,0.01499,0.01178,70.7
14.4001,0.035624,0.035753,-0.129,0.01321,0.00950,57.0
14.4201,0.035840,0.035977,-0.137,0.01128,0.00739,44.4
14.4401,0.036014,0.036158,-0.143,0.00923,0.00518,31.1
14.4601,0.036145,0.036292,-0.147,0.00706,0.00292,17.5
14.4801,0.036229,0.036386,-0.156,0.00479,0.00035,2.1
14.5001,0.036266,0.036438,-0.172,0.00242,-0.00250,-15.0
14.5201,0.036253,0.036435,-0.182,-0.00003,-0.00519,-31.1
14.5401,0.036190,0.036400,-0.210,-0.00254,-0.00858,-51.5
14.5601,0.036075,0.036297,-0.222,-0.00509,-0.01137,-68.2
14.5801,0.035909,0.036124,-0.215,-0.00767,-0.01366,-82.0
14.6002,0.035689,0.035895,-0.206,-0.01033,-0.01603,-96.2
14.6201,0.035420,0.035617,-0.196,-0.01281,-0.01825,-109.5
14.6401,0.035099,0.035293,-0.194,-0.01543,-0.02085,-125.1
14.6601,0.034727,0.034916,-0.189,-0.01795,-0.02320,-139.2
14.6801,0.034306,0.034492,-0.187,-0.02045,-0.02565,-153.9
14.7001,0.033836,0.034016,-0.181,-0.02289,-0.02792,-167.5
14.7201,0.033321,0.033495,-0.174,-0.02515,-0.02998,-179.9
14.7401,0.032763,0.032930,-0.167,-0.02735,-0.03197,-191.8
14.7601,0.032165,0.032321,-0.157,-0.02942,-0.03375,-202.5
14.7801,0.031527,0.031673,-0.146,-0.03140,-0.03542,-212.5
14.8001,0.030856,0.030989,-0.132,-0.03309,-0.03671,-220.2
14.8201,0.030153,0.030272,-0.119,-0.03476,-0.03800,-228.0
14.8401,0.029421,0.029530,-0.109,-0.03622,-0.03922,-235.3
14.8602,0.028663,0.028765,-0.102,-0.03758,-0.04040,-242.4
14.8801,0.027890,0.027976,-0.086,-0.03842,-0.04074,-244.4
14.9001,0.027099,0.027166,-0.067,-0.03931,-0.04106,-246.4
14.9201,0.026296,0.026351,-0.055,-0.03999,-0.04146,-248.8
14.9401,0.025487,0.025527,-0.041,-0.04039,-0.04144,-248.6
14.9601,0.024673,0.024696,-0.023,-0.04062,-0.04116,-247.0
14.9801,0.023863,0.023867,-0.003,-0.04051,-0.04047,-242.8
15.0001,0.023059,0.023044,0.015,-0.04027,-0.03975,-238.5
15.0316,0.021816,0.021802,0.015,-0.05778,-0.05738,-344.3
15.0493,0.021138,0.021073,0.066,-0.03866,-0.03652,-219.1
15.0673,0.020464,0.020044,0.420,-0.03473,-0.02085,-125.1
15.0863,0.019778,0.019364,0.414,-0.03437,-0.02283,-137.0
15.1043,0.019151,0.019002,0.149,-0.03194,-0.02935,-176.1
15.1233,0.018516,0.018560,-0.044,-0.03180,-0.03418,-205.1
15.1423,0.017917,0.017993,-0.076,-0.03030,-0.03263,-195.8
15.1613,0.017353,0.017344,0.009,-0.02865,-0.02790,-167.4
15.1801,0.016834,0.016734,0.100,-0.02646,-0.02310,-138.6
15.2001,0.016326,0.016199,0.127,-0.02562,-0.02191,-131.4
15.2201,0.015867,0.015745,0.122,-0.02351,-0.02012,-120.7
15.2401,0.015458,0.015319,0.139,-0.02105,-0.01704,-102.3
15.2601,0.015102,0.014929,0.173,-0.01844,-0.01340,-80.4
15.2801,0.014801,0.014602,0.199,-0.01574,-0.01000,-60.0
15.3001,0.014555,0.014356,0.199,-0.01297,-0.00741,-44.5
15.3201,0.014367,0.014168,0.198,-0.01014,-0.00458,-27.5
15.3401,0.014235,0.014038,0.197,-0.00727,-0.00176,-10.6
15.3602,0.014162,0.013958,0.203,-0.00440,0.00133,8.0
15.3801,0.014146,0.013933,0.214,-0.00149,0.00455,27.3
15.4001,0.014188,0.013951,0.237,0.00136,0.00813,48.8
15.4201,0.014285,0.014038,0.247,0.00417,0.01116,66.9
15.4401,0.014438,0.014205,0.233,0.00695,0.01340,80.4
15.4601,0.014644,0.014433,0.211,0.00964,0.01543,92.6
15.4801,0.014903,0.014707,0.195,0.01225,0.01762,105.7
15.5001,0.015210,0.015022,0.188,0.01475,0.01998,119.9
15.5201,0.015565,0.015382,0.183,0.01713,0.02223,133.4
15.5401,0.015964,0.015791,0.173,0.01939,0.02418,145.1
15.5601,0.016404,0.016239,0.165,0.02150,0.02607,156.4
15.5801,0.016883,0.016733,0.151,0.02346,0.02760,165.6
15.6001,0.017397,0.017260,0.137,0.02524,0.02899,173.9
15.6201,0.017942,0.017821,0.121,0.02686,0.03015,180.9
15.6401,0.018515,0.018404,0.110,0.02827,0.03130,187.8
15.6601,0.019112,0.019013,0.099,0.02954,0.03222,193.3
15.6801,0.019730,0.019646,0.084,0.03062,0.03288,197.3
15.7001,0.020361,0.020291,0.070,0.03139,0.03327,199.6
15.7201,0.021008,0.020950,0.058,0.03213,0.03367,202.0
15.7401,0.021659,0.021622,0.038,0.03249,0.03342,200.5
15.7601,0.022319,0.022293,0.026,0.03289,0.03357,201.4
15.7802,0.022980,0.022964,0.016,0.03302,0.03342,200.5
15.8002,0.023636,0.023637,-0.001,0.03285,0.03273,196.4
15.8201,0.024281,0.024303,-0.022,0.03234,0.03159,189.5
15.8401,0.024921,0.024954,-0.033,0.03207,0.03108,186.5
15.8601,0.025544,0.025584,-0.040,0.03136,0.03020,181.2
15.8801,0.026153,0.026200,-0.047,0.03061,0.02925,175.5
15.9001,0.026742,0.026799,-0.057,0.02969,0.02804,168.2
15.9201,0.027309,0.027379,-0.070,0.02863,0.02660,159.6
15.9401,0.027853,0.027933,-0.081,0.02745,0.02513,150.8
15.9601,0.028369,0.028460,-0.091,0.02615,0.02354,141.2
15.9801,0.028858,0.028957,-0.099,0.02478,0.02195,131.7
16.0001,0.029316,0.029420,-0.104,0.02330,0.02035,122.1
16.0203,0.029747,0.029853,-0.106,0.02190,0.01892,113.5
16.0401,0.030139,0.030253,-0.114,0.02005,0.01681,100.8
16.0601,0.030502,0.030624,-0.122,0.01852,0.01506,90.3
16.0801,0.030832,0.030951,-0.119,0.01690,0.01359,81.5
16.1001,0.031128,0.031243,-0.115,0.01525,0.01205,72.3
16.1201,0.031392,0.031507,-0.115,0.01360,0.01040,62.4
16.1401,0.031623,0.031741,-0.117,0.01197,0.00867,52.0
16.1601,0.031823,0.031938,-0.114,0.01038,0.00719,43.2
16.1801,0.031992,0.032104,-0.112,0.00882,0.00568,34.1
16.2001,0.032131,0.032237,-0.107,0.00732,0.00437,26.2
16.2201,0.032241,0.032340,-0.099,0.00589,0.00317,19.0
16.2401,0.032326,0.032425,-0.100,0.00455,0.00175,10.5
16.2601,0.032385,0.032481,-0.096,0.00329,0.00063,3.8
16.2801,0.032422,0.032512,-0.090,0.00213,-0.00037,-2.2
16.3001,0.032438,0.032522,-0.084,0.00107,-0.00126,-7.6
16.3201,0.032435,0.032519,-0.084,0.00011,-0.00223,-13.4
16.3401,0.032417,0.032508,-0.091,-0.00073,-0.00332,-19.9
16.3601,0.032384,0.032472,-0.088,-0.00145,-0.00391,-23.5
16.3801,0.032340,0.032414,-0.074,-0.00206,-0.00405,-24.3
16.4001,0.032287,0.032346,-0.059,-0.00254,-0.00412,-24.7
16.4201,0.032226,0.032265,-0.038,-0.00291,-0.00386,-23.2
16.4401,0.032162,0.032188,-0.027,-0.00317,-0.00384,-23.1
16.4601,0.032095,0.032112,-0.017,-0.00332,-0.00375,-22.5
16.4801,0.032028,0.032042,-0.014,-0.00333,-0.00371,-22.3
16.5001,0.031963,0.031969,-0.006,-0.00327,-0.00340,-20.4
16.5201,0.031902,0.031899,0.003,-0.00310,-0.00295,-17.7
16.5401,0.031846,0.031835,0.011,-0.00284,-0.00246,-14.8
16.5601,0.031798,0.031774,0.024,-0.00249,-0.00174,-10.4
16.5801,0.031759,0.031732,0.027,-0.00208,-0.00131,-7.8
16.6001,0.031729,0.031704,0.025,-0.00160,-0.00092,-5.5
16.6201,0.031710,0.031680,0.030,-0.00107,-0.00019,-1.1
16.6401,0.031703,0.031662,0.041,-0.00049,0.00072,4.3
16.6601,0.031709,0.031662,0.047,0.00011,0.00146,8.8
16.6801,0.031727,0.031667,0.060,0.00074,0.00249,14.9
16.7001,0.031757,0.031684,0.073,0.00137,0.00348,20.9
16.7201,0.031800,0.031727,0.073,0.00200,0.00406,24.3
16.7401,0.031856,0.031786,0.070,0.00261,0.00455,27.3
16.7601,0.031923,0.031857,0.065,0.00321,0.00501,30.0
16.7801,0.032001,0.031947,0.053,0.00376,0.00517,31.0
16.8001,0.032088,0.032043,0.045,0.00426,0.00548,32.9
16.8201,0.032185,0.032142,0.042,0.00471,0.00587,35.2
16.8401,0.032288,0.032252,0.037,0.00509,0.00608,36.5
16.8601,0.032398,0.032365,0.032,0.00539,0.00627,37.6
16.8801,0.032511,0.032488,0.023,0.00561,0.00620,37.2
16.9001,0.032626,0.032618,0.009,0.00574,0.00589,35.3
16.9201,0.032742,0.032740,0.002,0.00577,0.00580,34.8
16.9403,0.032857,0.032851,0.005,0.00574,0.00591,35.5
16.9602,0.032966,0.032969,-0.003,0.00552,0.00538,32.3
16.9801,0.033069,0.033086,-0.017,0.00523,0.00467,28.0
17.0001,0.033165,0.033188,-0.023,0.00487,0.00419,25.1
17.0201,0.033250,0.033279,-0.030,0.00437,0.00350,21.0
17.0401,0.033322,0.033357,-0.035,0.00377,0.00276,16.6
17.0601,0.033380,0.033429,-0.049,0.00306,0.00160,9.6
17.0801,0.033420,0.033479,-0.058,0.00225,0.00055,3.3
17.1001,0.033443,0.033509,-0.066,0.00134,-0.00056,-3.4
17.1201,0.033445,0.033517,-0.073,0.00034,-0.00174,-10.5
17.1401,0.033424,0.033514,-0.089,-0.00075,-0.00335,-20.1
17.1601,0.033380,0.033494,-0.113,-0.00191,-0.00522,-31.3
17.1801,0.033311,0.033433,-0.122,-0.00314,-0.00661,-39.7
17.2001,0.033216,0.033337,-0.120,-0.00442,-0.00778,-46.7
17.2201,0.033094,0.033203,-0.109,-0.00576,-0.00874,-52.5
17.2401,0.032945,0.033049,-0.104,-0.00713,-0.01003,-60.2
17.2601,0.032767,0.032873,-0.106,-0.00852,-0.01150,-69.0
17.2801,0.032561,0.032673,-0.111,-0.00995,-0.01309,-78.5
17.3001,0.032328,0.032440,-0.113,-0.01134,-0.01451,-87.0
17.3201,0.032066,0.032170,-0.104,-0.01274,-0.01559,-93.5
17.3401,0.031777,0.031873,-0.096,-0.01410,-0.01674,-100.4
17.3601,0.031462,0.031556,-0.094,-0.01544,-0.01807,-108.4
17.3801,0.031121,0.031219,-0.097,-0.01670,-0.01944,-116.6
17.4001,0.030757,0.030854,-0.097,-0.01791,-0.02063,-123.8
17.4201,0.030371,0.030461,-0.089,-0.01902,-0.02148,-128.9
17.4401,0.029964,0.030042,-0.077,-0.02008,-0.02218,-133.1
17.4600,0.029541,0.029606,-0.065,-0.02094,-0.02268,-136.1
17.4801,0.029099,0.029161,-0.062,-0.02185,-0.02356,-141.4
17.5001,0.028646,0.028703,-0.057,-0.02251,-0.02408,-144.5
17.5201,0.028182,0.028231,-0.049,-0.02304,-0.02436,-146.2
17.5401,0.027711,0.027747,-0.036,-0.02347,-0.02439,-146.3
17.5602,0.027231,0.027261,-0.030,-0.02387,-0.02467,-148.0
17.5802,0.026754,0.026773,-0.019,-0.02388,-0.02434,-146.1
17.6001,0.026282,0.026282,0.000,-0.02365,-0.02352,-141.1
17.6201,0.025811,0.025794,0.017,-0.02356,-0.02298,-137.9
17.6401,0.025349,0.025329,0.021,-0.02319,-0.02259,-135.5
17.6601,0.024899,0.024869,0.030,-0.02266,-0.02178,-130.7
17.6801,0.024464,0.024421,0.043,-0.02193,-0.02066,-124.0
17.7001,0.024047,0.023988,0.060,-0.02104,-0.01925,-115.5
17.7201,0.023653,0.023576,0.076,-0.01999,-0.01775,-106.5
17.7401,0.023283,0.023197,0.086,-0.01879,-0.01634,-98.0
17.7601,0.022940,0.022848,0.092,-0.01749,-0.01487,-89.2
17.7801,0.022630,0.022529,0.100,-0.01590,-0.01304,-78.3
17.8001,0.022352,0.022241,0.110,-0.01430,-0.01115,-66.9
17.8201,0.022110,0.021987,0.122,-0.01254,-0.00904,-54.2
17.8401,0.021906,0.021772,0.134,-0.01066,-0.00684,-41.0
17.8601,0.021742,0.021605,0.137,-0.00868,-0.00483,-29.0
17.8801,0.021620,0.021484,0.136,-0.00661,-0.00280,-16.8
17.9001,0.021542,0.021398,0.144,-0.00446,-0.00039,-2.4
17.9201,0.021508,0.021354,0.154,-0.00225,0.00210,12.6
17.9401,0.021519,0.021356,0.163,0.00000,0.00463,27.8
17.9601,0.021576,0.021387,0.189,0.00229,0.00774,46.4
17.9801,0.021680,0.021479,0.200,0.00460,0.01028,61.7
18.0001,0.021829,0.021639,0.190,0.00689,0.01216,73.0
18.0201,0.022024,0.021844,0.180,0.00918,0.01417,85.0
18.0401,0.022264,0.022094,0.170,0.01142,0.01613,96.8
18.0601,0.022547,0.022381,0.166,0.01361,0.01823,109.4
18.0801,0.022872,0.022714,0.158,0.01573,0.02010,120.6
18.1001,0.023238,0.023085,0.152,0.01777,0.02200,132.0
18.1201,0.023641,0.023496,0.145,0.01969,0.02369,142.1
18.1401,0.024080,0.023944,0.136,0.02150,0.02526,151.6
18.1601,0.024553,0.024426,0.127,0.02322,0.02673,160.4
18.1801,0.025057,0.024940,0.117,0.02478,0.02800,168.0
18.2001,0.025587,0.025482,0.105,0.02618,0.02906,174.4
18.2201,0.026140,0.026047,0.093,0.02733,0.02985,179.1
18.2401,0.026713,0.026633,0.080,0.02842,0.03058,183.5
18.2601,0.027304,0.027233,0.071,0.02931,0.03125,187.5
18.2801,0.027907,0.027848,0.058,0.02996,0.03151,189.1
18.3001,0.028517,0.028472,0.045,0.03041,0.03158,189.5
18.3202,0.029136,0.029103,0.032,0.03083,0.03166,190.0
18.3401,0.029747,0.029735,0.012,0.03064,0.03085,185.1
18.3601,0.030359,0.030365,-0.006,0.03059,0.03031,181.9
18.3801,0.030962,0.030978,-0.015,0.03025,0.02976,178.6
18.4002,0.031555,0.031584,-0.029,0.02976,0.02886,173.2
18.4201,0.032128,0.032175,-0.047,0.02886,0.02745,164.7
18.4401,0.032682,0.032748,-0.066,0.02792,0.02595,155.7
18.4601,0.033212,0.033290,-0.078,0.02679,0.02455,147.3
18.4801,0.033714,0.033803,-0.089,0.02544,0.02287,137.2
18.5001,0.034186,0.034283,-0.097,0.02395,0.02119,127.2
18.5201,0.034620,0.034734,-0.114,0.02218,0.01888,113.3
18.5401,0.035019,0.035147,-0.128,0.02040,0.01672,100.3
18.5601,0.035378,0.035511,-0.133,0.01842,0.01467,88.0
18.5801,0.035693,0.035836,-0.142,0.01630,0.01226,73.6
18.6001,0.035964,0.036118,-0.154,0.01408,0.00969,58.1
18.6201,0.036188,0.036346,-0.158,0.01176,0.00732,43.9
18.6401,0.036363,0.036530,-0.167,0.00936,0.00464,27.8
18.6601,0.036488,0.036665,-0.176,0.00690,0.00191,11.5
18.6801,0.036563,0.036744,-0.180,0.00438,-0.00070,-4.2
18.7001,0.036588,0.036765,-0.177,0.00184,-0.00310,-18.6
18.7201,0.036561,0.036753,-0.192,-0.00071,-0.00619,-37.1
18.7401,0.036483,0.036699,-0.216,-0.00325,-0.00946,-56.8
18.7601,0.036355,0.036572,-0.217,-0.00577,-0.01184,-71.1
18.7801,0.036177,0.036380,-0.203,-0.00825,-0.01386,-83.1
18.8002,0.035951,0.036134,-0.183,-0.01070,-0.01570,-94.2
18.8201,0.035681,0.035852,-0.171,-0.01296,-0.01767,-106.0
18.8401,0.035364,0.035532,-0.168,-0.01525,-0.01993,-119.6
18.8601,0.035006,0.035172,-0.166,-0.01739,-0.02203,-132.2
18.8801,0.034607,0.034765,-0.158,-0.01941,-0.02378,-142.7
18.9001,0.034172,0.034318,-0.146,-0.02129,-0.02530,-151.8
18.9201,0.033703,0.033831,-0.129,-0.02303,-0.02653,-159.2
18.9401,0.033203,0.033318,-0.115,-0.02459,-0.02772,-166.3
18.9601,0.032676,0.032781,-0.105,-0.02601,-0.02889,-173.4
18.9801,0.032125,0.032223,-0.098,-0.02723,-0.02992,-179.5
19.0001,0.031555,0.031639,-0.083,-0.02825,-0.03050,-183.0
19.0201,0.030968,0.031035,-0.067,-0.02914,-0.03092,-185.5
19.0401,0.030369,0.030425,-0.056,-0.02979,-0.03128,-187.7
19.0601,0.029764,0.029800,-0.037,-0.03017,-0.03109,-186.6
19.0800,0.029154,0.029173,-0.019,-0.03042,-0.03084,-185.1
19.1001,0.028541,0.028551,-0.010,-0.03059,-0.03081,-184.9
19.1201,0.027934,0.027935,-0.001,-0.03039,-0.03036,-182.2
19.1401,0.027336,0.027320,0.016,-0.03003,-0.02949,-176.9
19.1601,0.026748,0.026716,0.032,-0.02951,-0.02853,-171.2
19.1801,0.026176,0.026128,0.048,-0.02879,-0.02736,-164.2
19.2001,0.025622,0.025565,0.057,-0.02791,-0.02625,-157.5
19.2201,0.025089,0.025025,0.064,-0.02689,-0.02505,-150.3
19.2400,0.024584,0.024508,0.077,-0.02557,-0.02334,-140.0
19.2601,0.024105,0.024015,0.090,-0.02428,-0.02167,-130.0
19.2801,0.023656,0.023555,0.101,-0.02282,-0.01994,-119.6
19.3001,0.023242,0.023131,0.110,-0.02114,-0.01800,-108.0
19.3201,0.022862,0.022737,0.124,-0.01943,-0.01586,-95.2
19.3401,0.022518,0.022392,0.126,-0.01761,-0.01407,-84.4
19.3601,0.022213,0.022082,0.131,-0.01573,-0.01203,-72.2
19.3800,0.021949,0.021812,0.137,-0.01371,-0.00984,-59.0
19.4001,0.021724,0.021583,0.141,-0.01175,-0.00779,-46.8
19.4201,0.021540,0.021402,0.139,-0.00970,-0.00583,-35.0
19.4401,0.021398,0.021252,0.146,-0.00763,-0.00351,-21.0
19.4601,0.021297,0.021150,0.147,-0.00556,-0.00143,-8.6
19.4801,0.021237,0.021093,0.144,-0.00352,0.00051,3.1
19.5001,0.021217,0.021077,0.140,-0.00150,0.00240,14.4
19.5201,0.021236,0.021085,0.152,0.00048,0.00479,28.8
19.5401,0.021294,0.021122,0.172,0.00239,0.00732,43.9
19.5602,0.021388,0.021216,0.172,0.00426,0.00908,54.5
19.5801,0.021517,0.021359,0.158,0.00598,0.01031,61.9
19.6001,0.021678,0.021544,0.135,0.00766,0.01129,67.7
19.6200,0.021870,0.021752,0.118,0.00921,0.01243,74.6
19.6401,0.022091,0.021979,0.112,0.01069,0.01380,82.8
19.6601,0.022338,0.022230,0.108,0.01200,0.01498,89.9
19.6802,0.022609,0.022511,0.098,0.01325,0.01593,95.6
19.7001,0.022897,0.022818,0.079,0.01417,0.01626,97.6
19.7202,0.023206,0.023140,0.066,0.01520,0.01697,101.8
19.7401,0.023527,0.023467,0.059,0.01586,0.01748,104.9
19.7601,0.023861,0.023812,0.049,0.01654,0.01785,107.1
19.7801,0.024203,0.024163,0.040,0.01700,0.01808,108.5
19.8001,0.024552,0.024519,0.033,0.01736,0.01823,109.4
19.8201,0.024902,0.024881,0.022,0.01749,0.01803,108.2
19.8401,0.025254,0.025245,0.009,0.01756,0.01774,106.4
19.8601,0.025603,0.025604,-0.002,0.01747,0.01736,104.2
19.8801,0.025947,0.025956,-0.009,0.01726,0.01697,101.8
19.9001,0.026283,0.026298,-0.016,0.01688,0.01640,98.4
19.9202,0.026610,0.026639,-0.029,0.01648,0.01561,93.6
19.9401,0.026922,0.026962,-0.040,0.01578,0.01460,87.6
19.9601,0.027223,0.027269,-0.046,0.01518,0.01385,83.1
19.9801,0.027507,0.027559,-0.052,0.01440,0.01290,77.4
20.0001,0.027775,0.027831,-0.056,0.01361,0.01202,72.1
20.0305,0.028146,0.028199,-0.053,0.01753,0.01605,96.3
20.0484,0.028343,0.028419,-0.076,0.01141,0.00916,54.9
20.0663,0.028524,0.028707,-0.182,0.00953,0.00378,22.7
20.0844,0.028690,0.028855,-0.165,0.00853,0.00403,24.2
20.1023,0.028838,0.028921,-0.082,0.00763,0.00581,34.9
20.1204,0.028970,0.028991,-0.022,0.00678,0.00654,39.2
20.1401,0.029094,0.029114,-0.020,0.00635,0.00580,34.8
20.1601,0.029200,0.029241,-0.040,0.00551,0.00427,25.6
20.1801,0.029287,0.029348,-0.061,0.00457,0.00273,16.4
20.2001,0.029355,0.029432,-0.077,0.00363,0.00139,8.3
20.2201,0.029405,0.029476,-0.071,0.00274,0.00080,4.8
20.2401,0.029439,0.029500,-0.060,0.00192,0.00029,1.7
20.2601,0.029459,0.029514,-0.055,0.00115,-0.00037,-2.2
20.2801,0.029465,0.029519,-0.054,0.00047,-0.00103,-6.2
20.3001,0.029459,0.029516,-0.056,-0.00012,-0.00171,-10.2
20.3201,0.029445,0.029508,-0.064,-0.00062,-0.00246,-14.7
20.3401,0.029422,0.029485,-0.063,-0.00103,-0.00279,-16.7
20.3601,0.029394,0.029443,-0.049,-0.00133,-0.00264,-15.8
20.3801,0.029362,0.029399,-0.037,-0.00154,-0.00250,-15.0
20.4001,0.029328,0.029354,-0.025,-0.00164,-0.00229,-13.7
20.4201,0.029296,0.029305,-0.009,-0.00164,-0.00180,-10.8
20.4401,0.029266,0.029261,0.004,-0.00153,-0.00133,-8.0
20.4601,0.029240,0.029232,0.008,-0.00133,-0.00108,-6.5
20.4801,0.029221,0.029212,0.009,-0.00103,-0.00076,-4.5
20.5001,0.029210,0.029195,0.015,-0.00063,0.00000,0.0
20.5201,0.029210,0.029182,0.028,-0.00015,0.00071,4.3
20.5401,0.029221,0.029183,0.038,0.00041,0.00152,9.1
20.5601,0.029245,0.029188,0.057,0.00104,0.00275,16.5
20.5801,0.029283,0.029208,0.075,0.00173,0.00394,23.6
20.6001,0.029336,0.029254,0.082,0.00248,0.00481,28.9
20.6202,0.029406,0.029324,0.081,0.00328,0.00555,33.3
20.6401,0.029491,0.029423,0.069,0.00409,0.00594,35.6
20.6601,0.029594,0.029528,0.066,0.00494,0.00679,40.7
20.6801,0.029715,0.029648,0.067,0.00579,0.00766,46.0
20.7001,0.029852,0.029785,0.067,0.00665,0.00854,51.3
20.7201,0.030006,0.029938,0.068,0.00749,0.00938,56.3
20.7402,0.030177,0.030111,0.066,0.00834,0.01017,61.0
20.7601,0.030362,0.030298,0.063,0.00906,0.01081,64.9
20.7801,0.030562,0.030503,0.058,0.00981,0.01141,68.5
20.8001,0.030774,0.030727,0.048,0.01047,0.01174,70.4
20.8201,0.030998,0.030954,0.045,0.01105,0.01229,73.7
20.8401,0.031232,0.031190,0.042,0.01157,0.01272,76.3
20.8601,0.031474,0.031437,0.037,0.01198,0.01297,77.8
20.8801,0.031721,0.031696,0.025,0.01227,0.01291,77.5
20.9001,0.031972,0.031955,0.017,0.01249,0.01291,77.5
20.9201,0.032223,0.032208,0.015,0.01254,0.01294,77.6
20.9401,0.032473,0.032467,0.006,0.01251,0.01261,75.7
20.9601,0.032718,0.032729,-0.011,0.01231,0.01190,71.4
20.9801,0.032957,0.032978,-0.021,0.01202,0.01138,68.3
21.0001,0.033186,0.033213,-0.027,0.01155,0.01076,64.6
21.0200,0.033401,0.033436,-0.034,0.01094,0.00993,59.6
21.0401,0.033603,0.033652,-0.049,0.01025,0.00878,52.7
21.0601,0.033786,0.033843,-0.058,0.00936,0.00769,46.1
21.0801,0.033947,0.034016,-0.069,0.00835,0.00636,38.2
21.1001,0.034086,0.034162,-0.076,0.00720,0.00503,30.2
21.1201,0.034198,0.034280,-0.082,0.00594,0.00362,21.7
21.1401,0.034282,0.034373,-0.091,0.00453,0.00193,11.6
21.1601,0.034335,0.034441,-0.106,0.00303,-0.00004,-0.3
21.1801,0.034355,0.034471,-0.117,0.00141,-0.00192,-11.5
21.2001,0.034340,0.034467,-0.127,-0.00030,-0.00391,-23.4
21.2201,0.034289,0.034444,-0.155,-0.00210,-0.00659,-39.6
21.2401,0.034200,0.034374,-0.173,-0.00397,-0.00893,-53.6
21.2601,0.034073,0.034236,-0.164,-0.00591,-0.01044,-62.6
21.2801,0.033905,0.034055,-0.150,-0.00789,-0.01202,-72.1
21.3001,0.033697,0.033843,-0.146,-0.00990,-0.01397,-83.8
21.3201,0.033448,0.033597,-0.149,-0.01194,-0.01612,-96.7
21.3401,0.033158,0.033313,-0.155,-0.01400,-0.01838,-110.3
21.3601,0.032828,0.032983,-0.155,-0.01599,-0.02032,-121.9
21.3801,0.032458,0.032606,-0.147,-0.01799,-0.02207,-132.4
21.4001,0.032049,0.032192,-0.143,-0.01995,-0.02391,-143.5
21.4201,0.031603,0.031741,-0.138,-0.02183,-0.02567,-154.0
21.4401,0.031121,0.031256,-0.136,-0.02367,-0.02745,-164.7
21.4601,0.030604,0.030733,-0.129,-0.02539,-0.02896,-173.8
21.4801,0.030056,0.030175,-0.119,-0.02701,-0.03028,-181.7
21.5001,0.029478,0.029587,-0.109,-0.02851,-0.03150,-189.0
21.5201,0.028875,0.028976,-0.101,-0.02983,-0.03259,-195.6
21.5401,0.028245,0.028340,-0.094,-0.03116,-0.03376,-202.6
21.5601,0.027597,0.027677,-0.080,-0.03216,-0.03433,-206.0
21.5801,0.026933,0.026997,-0.065,-0.03300,-0.03471,-208.3
21.6001,0.026253,0.026309,-0.056,-0.03379,-0.03531,-211.9
21.6201,0.025565,0.025611,-0.046,-0.03428,-0.03549,-213.0
21.6401,0.024871,0.024903,-0.032,-0.03463,-0.03545,-212.7
21.6601,0.024175,0.024192,-0.018,-0.03477,-0.03517,-211.0
21.6801,0.023481,0.023483,-0.002,-0.03471,-0.03466,-207.9
21.7001,0.022794,0.022781,0.013,-0.03442,-0.03397,-203.8
21.7201,0.022118,0.022090,0.029,-0.03391,-0.03301,-198.1
21.7401,0.021458,0.021415,0.043,-0.03321,-0.03192,-191.5
21.7601,0.020816,0.020760,0.056,-0.03230,-0.03064,-183.8
21.7801,0.020198,0.020126,0.072,-0.03119,-0.02909,-174.5
21.8001,0.019607,0.019519,0.088,-0.02988,-0.02733,-164.0
21.8201,0.019048,0.018946,0.102,-0.02834,-0.02540,-152.4
21.8401,0.018522,0.018411,0.111,-0.02670,-0.02352,-141.1
21.8601,0.018036,0.017911,0.125,-0.02480,-0.02122,-127.3
21.8801,0.017590,0.017453,0.138,-0.02277,-0.01884,-113.1
21.9001,0.017190,0.017040,0.150,-0.02056,-0.01630,-97.8
21.9202,0.016835,0.016676,0.158,-0.01833,-0.01386,-83.1
21.9401,0.016533,0.016367,0.166,-0.01575,-0.01105,-66.3
21.9601,0.016281,0.016099,0.182,-0.01319,-0.00799,-47.9
21.9801,0.016084,0.015895,0.188,-0.01054,-0.00523,-31.4
22.0001,0.015941,0.015748,0.193,-0.00781,-0.00237,-14.2
22.0200,0.015856,0.015664,0.191,-0.00498,0.00037,2.2
22.0401,0.015827,0.015631,0.197,-0.00214,0.00339,20.4
22.0601,0.015857,0.015641,0.216,0.00074,0.00690,41.4
22.0801,0.015943,0.015703,0.241,0.00362,0.01051,63.1
22.1001,0.016088,0.015842,0.246,0.00650,0.01343,80.6
22.1201,0.016289,0.016060,0.229,0.00935,0.01568,94.1
22.1401,0.016547,0.016333,0.214,0.01218,0.01808,108.5
22.1601,0.016858,0.016658,0.200,0.01489,0.02040,122.4
22.1801,0.017222,0.017027,0.195,0.01751,0.02294,137.7
22.2001,0.017636,0.017445,0.191,0.02009,0.02540,152.4
22.2201,0.018099,0.017915,0.183,0.02251,0.02760,165.6
22.2401,0.018607,0.018430,0.177,0.02485,0.02978,178.7
22.2601,0.019157,0.018992,0.165,0.02696,0.03149,189.0
22.2801,0.019746,0.019600,0.146,0.02894,0.03291,197.4
22.3001,0.020370,0.020235,0.134,0.03075,0.03443,206.6
22.3201,0.021027,0.020901,0.125,0.03243,0.03589,215.4
22.3401,0.021711,0.021597,0.114,0.03384,0.03697,221.8
22.3601,0.022419,0.022320,0.099,0.03510,0.03777,226.6
22.3801,0.023145,0.023065,0.081,0.03608,0.03823,229.4
22.4001,0.023888,0.023827,0.061,0.03691,0.03850,231.0
22.4201,0.024641,0.024593,0.048,0.03750,0.03875,232.5
22.4401,0.025400,0.025365,0.035,0.03788,0.03880,232.8
22.4602,0.026167,0.026143,0.024,0.03823,0.03883,233.0
22.4802,0.026926,0.026920,0.007,0.03804,0.03813,228.8
22.5001,0.027673,0.027695,-0.022,0.03749,0.03671,220.3
22.5201,0.028415,0.028451,-0.036,0.03717,0.03608,216.5
22.5401,0.029141,0.029181,-0.040,0.03646,0.03531,211.9
22.5601,0.029847,0.029897,-0.050,0.03553,0.03407,204.4
22.5801,0.030530,0.030598,-0.067,0.03445,0.03245,194.7
22.6000,0.031187,0.031271,-0.084,0.03315,0.03069,184.2
22.6201,0.031814,0.031912,-0.097,0.03173,0.02894,173.6
22.6401,0.032409,0.032515,-0.106,0.03014,0.02711,162.7
22.6601,0.032967,0.033086,-0.120,0.02832,0.02489,149.4
22.6801,0.033487,0.033621,-0.134,0.02646,0.02262,135.7
22.7001,0.033965,0.034105,-0.140,0.02444,0.02050,123.0
22.7201,0.034400,0.034547,-0.146,0.02229,0.01816,109.0
22.7401,0.034791,0.034946,-0.154,0.02009,0.01572,94.3
22.7600,0.035136,0.035296,-0.161,0.01779,0.01325,79.5
22.7800,0.035433,0.035598,-0.164,0.01547,0.01085,65.1
22.8001,0.035683,0.035850,-0.167,0.01310,0.00842,50.5
22.8201,0.035885,0.036055,-0.169,0.01069,0.00592,35.5
22.8401,0.036039,0.036209,-0.170,0.00828,0.00350,21.0
22.8601,0.036144,0.036311,-0.167,0.00588,0.00123,7.4
22.8801,0.036202,0.036369,-0.167,0.00350,-0.00116,-7.0
22.9001,0.036214,0.036385,-0.171,0.00117,-0.00363,-21.8
22.9202,0.036181,0.036370,-0.189,-0.00111,-0.00652,-39.1
22.9401,0.036104,0.036300,-0.196,-0.00330,-0.00885,-53.1
22.9601,0.035984,0.036169,-0.185,-0.00543,-0.01055,-63.3
22.9801,0.035825,0.035994,-0.169,-0.00747,-0.01211,-72.7
23.0002,0.035627,0.035776,-0.149,-0.00941,-0.01347,-80.8
23.0201,0.035395,0.035534,-0.139,-0.01113,-0.01496,-89.8
23.0401,0.035130,0.035258,-0.129,-0.01285,-0.01639,-98.3
23.0601,0.034834,0.034955,-0.121,-0.01439,-0.01773,-106.4
23.0801,0.034510,0.034622,-0.111,-0.01583,-0.01889,-113.4
23.1001,0.034162,0.034266,-0.103,-0.01709,-0.01993,-119.6
23.1201,0.033793,0.033882,-0.089,-0.01820,-0.02060,-123.6
23.1402,0.033404,0.033479,-0.076,-0.01921,-0.02126,-127.5
23.1601,0.033002,0.033062,-0.060,-0.01993,-0.02152,-129.1
23.1801,0.032586,0.032634,-0.048,-0.02062,-0.02189,-131.3
23.2001,0.032159,0.032202,-0.042,-0.02117,-0.02232,-133.9
23.2201,0.031727,0.031760,-0.033,-0.02152,-0.02240,-134.4
23.2401,0.031291,0.031316,-0.025,-0.02175,-0.02240,-134.4
23.2601,0.030854,0.030868,-0.014,-0.02184,-0.02216,-132.9
23.2801,0.030418,0.030423,-0.005,-0.02181,-0.02189,-131.3
23.3001,0.029987,0.029979,0.007,-0.02160,-0.02132,-127.9
23.3201,0.029560,0.029542,0.018,-0.02139,-0.02082,-124.9
23.3401,0.029142,0.029119,0.023,-0.02100,-0.02034,-122.0
23.3601,0.028734,0.028702,0.032,-0.02050,-0.01955,-117.3
23.3801,0.028338,0.028305,0.033,-0.01996,-0.01903,-114.2
23.4001,0.027954,0.027913,0.041,-0.01933,-0.01813,-108.8
23.4201,0.027586,0.027538,0.048,-0.01863,-0.01725,-103.5
23.4401,0.027231,0.027180,0.051,-0.01789,-0.01643,-98.6
23.4601,0.026893,0.026840,0.053,-0.01711,-0.01562,-93.7
23.4801,0.026571,0.026517,0.054,-0.01630,-0.01479,-88.7
23.5001,0.026264,0.026206,0.058,-0.01553,-0.01387,-83.2
23.5201,0.025975,0.025914,0.062,-0.01466,-0.01291,-77.4
23.5401,0.025702,0.025642,0.060,-0.01387,-0.01222,-73.3
23.5601,0.025444,0.025392,0.052,-0.01310,-0.01168,-70.1
23.5801,0.025201,0.025152,0.050,-0.01232,-0.01095,-65.7
23.6001,0.024972,0.024922,0.050,-0.01164,-0.01023,-61.4
23.6201,0.024755,0.024705,0.050,-0.01099,-0.00959,-57.6
23.6401,0.024550,0.024510,0.041,-0.01040,-0.00931,-55.9
23.6601,0.024356,0.024320,0.036,-0.00987,-0.00889,-53.3
23.6802,0.024169,0.024131,0.038,-0.00945,-0.00838,-50.3
23.7001,0.023990,0.023958,0.032,-0.00904,-0.00819,-49.2
23.7201,0.023815,0.023789,0.027,-0.00878,-0.00807,-48.4
23.7401,0.023645,0.023629,0.016,-0.00859,-0.00821,-49.3
23.7601,0.023475,0.023474,0.001,-0.00849,-0.00854,-51.2
23.7801,0.023306,0.023308,-0.002,-0.00849,-0.00856,-51.4
23.8002,0.023133,0.023136,-0.003,-0.00862,-0.00871,-52.3
23.8201,0.022958,0.022967,-0.009,-0.00871,-0.00899,-54.0
23.8401,0.022776,0.022789,-0.013,-0.00902,-0.00941,-56.5
23.8601,0.022587,0.022611,-0.024,-0.00936,-0.01009,-60.6
23.8801,0.022389,0.022423,-0.035,-0.00981,-0.01085,-65.1
23.9001,0.022180,0.022213,-0.033,-0.01030,-0.01122,-67.3
23.9201,0.021959,0.021995,-0.035,-0.01089,-0.01189,-71.3
23.9401,0.021725,0.021764,-0.039,-0.01154,-0.01266,-76.0
23.9601,0.021477,0.021528,-0.051,-0.01223,-0.01373,-82.4
23.9801,0.021214,0.021269,-0.055,-0.01299,-0.01456,-87.4
24.0001,0.020935,0.020992,-0.057,-0.01374,-0.01534,-92.0
24.0201,0.020640,0.020694,-0.054,-0.01454,-0.01603,-96.2
24.0401,0.020329,0.020387,-0.058,-0.01535,-0.01701,-102.0
24.0601,0.020003,0.020061,-0.058,-0.01613,-0.01775,-106.5
24.0801,0.019660,0.019713,-0.053,-0.01693,-0.01837,-110.2
24.1001,0.019302,0.019357,-0.055,-0.01770,-0.01926,-115.5
24.1201,0.018930,0.018985,-0.055,-0.01844,-0.01998,-119.9
24.1401,0.018544,0.018592,-0.048,-0.01912,-0.02042,-122.5
24.1601,0.018145,0.018190,-0.045,-0.01977,-0.02099,-126.0
24.1801,0.017737,0.017774,-0.037,-0.02029,-0.02128,-127.7
24.2001,0.017319,0.017355,-0.037,-0.02079,-0.02181,-130.9
24.2201,0.016893,0.016924,-0.031,-0.02120,-0.02205,-132.3
24.2401,0.016462,0.016487,-0.025,-0.02145,-0.02211,-132.7
24.2601,0.016029,0.016044,-0.015,-0.02163,-0.02199,-132.0
24.2801,0.015595,0.015600,-0.006,-0.02169,-0.02180,-130.8
24.3001,0.015163,0.015162,0.001,-0.02161,-0.02155,-129.3
24.3201,0.014734,0.014725,0.009,-0.02146,-0.02116,-126.9
24.3401,0.014314,0.014301,0.013,-0.02112,-0.02074,-124.4
24.3601,0.013903,0.013876,0.027,-0.02064,-0.01978,-118.7
24.3801,0.013506,0.013468,0.037,-0.02003,-0.01892,-113.5
24.4001,0.013124,0.013074,0.050,-0.01927,-0.01779,-106.8
24.4201,0.012761,0.012698,0.063,-0.01836,-0.01653,-99.2
24.4401,0.012419,0.012352,0.067,-0.01737,-0.01548,-92.9
24.4601,0.012101,0.012025,0.077,-0.01618,-0.01397,-83.8
24.4801,0.011811,0.011720,0.091,-0.01486,-0.01222,-73.3
24.5001,0.011549,0.011453,0.096,-0.01343,-0.01070,-64.2
24.5201,0.011320,0.011215,0.105,-0.01186,-0.00889,-53.3
24.5401,0.011124,0.011012,0.113,-0.01018,-0.00698,-41.9
24.5601,0.010965,0.010844,0.122,-0.00840,-0.00493,-29.6
24.5801,0.010844,0.010714,0.130,-0.00652,-0.00283,-17.0
24.6001,0.010763,0.010627,0.136,-0.00456,-0.00070,-4.2
24.6201,0.010723,0.010584,0.139,-0.00252,0.00138,8.3
24.6401,0.010725,0.010582,0.143,-0.00042,0.00359,21.6
24.6601,0.010770,0.010599,0.171,0.00172,0.00667,40.0
24.6802,0.010859,0.010666,0.193,0.00391,0.00943,56.6
24.7001,0.010991,0.010802,0.189,0.00607,0.01135,68.1
24.7201,0.011168,0.010992,0.175,0.00828,0.01312,78.7
24.7401,0.011388,0.011223,0.164,0.01046,0.01499,89.9
24.7601,0.011650,0.011490,0.160,0.01258,0.01702,102.1
24.7801,0.011955,0.011799,0.156,0.01472,0.01907,114.4
24.8001,0.012301,0.012146,0.155,0.01679,0.02113,126.8
24.8201,0.012686,0.012535,0.151,0.01873,0.02294,137.6
24.8401,0.013106,0.012968,0.138,0.02055,0.02434,146.0
24.8601,0.013563,0.013435,0.128,0.02238,0.02589,155.4
24.8801,0.014049,0.013928,0.121,0.02394,0.02729,163.8
24.9001,0.014568,0.014454,0.114,0.02553,0.02868,172.1
24.9201,0.015111,0.015008,0.104,0.02686,0.02970,178.2
24.9401,0.015679,0.015588,0.092,0.02809,0.03058,183.5
24.9601,0.016267,0.016186,0.080,0.02911,0.03130,187.8
24.9801,0.016870,0.016802,0.068,0.02996,0.03180,190.8
25.0001,0.017487,0.017431,0.055,0.03064,0.03211,192.6
25.0306,0.018441,0.018392,0.049,0.04432,0.04566,274.0
25.0483,0.019000,0.018987,0.013,0.03121,0.03136,188.2
25.0662,0.019563,0.019806,-0.243,0.02877,0.02043,122.6
25.0853,0.020159,0.020383,-0.225,0.02958,0.02340,140.4
25.1033,0.020713,0.020746,-0.032,0.02811,0.02836,170.2
25.1213,0.021257,0.021171,0.086,0.02735,0.03046,182.8
25.1401,0.021810,0.021721,0.090,0.02761,0.03014,180.8
25.1601,0.022381,0.022330,0.050,0.02834,0.02952,177.1
25.1801,0.022927,0.022931,-0.004,0.02753,0.02709,162.5
25.2001,0.023445,0.023513,-0.068,0.02621,0.02392,143.5
25.2201,0.023931,0.024043,-0.112,0.02468,0.02129,127.7
25.2401,0.024383,0.024510,-0.127,0.02302,0.01938,116.3
25.2601,0.024796,0.024926,-0.130,0.02114,0.01750,105.0
25.2801,0.025170,0.025303,-0.133,0.01915,0.01539,92.4
25.3002,0.025501,0.025643,-0.142,0.01711,0.01309,78.5
25.3201,0.025783,0.025937,-0.155,0.01466,0.01026,61.5
25.3401,0.026018,0.026187,-0.169,0.01234,0.00751,45.1
25.3601,0.026203,0.026375,-0.172,0.00988,0.00506,30.3
25.3801,0.026337,0.026514,-0.177,0.00734,0.00235,14.1
25.4001,0.026419,0.026605,-0.186,0.00473,-0.00053,-3.2
25.4201,0.026447,0.026634,-0.187,0.00209,-0.00315,-18.9
25.4401,0.026422,0.026623,-0.201,-0.00058,-0.00631,-37.8
25.4601,0.026344,0.026569,-0.225,-0.00326,-0.00970,-58.2
25.4801,0.026212,0.026440,-0.228,-0.00593,-0.01235,-74.1
25.5001,0.026027,0.026237,-0.209,-0.00855,-0.01430,-85.8
25.5201,0.025792,0.025987,-0.195,-0.01113,-0.01650,-99.0
25.5401,0.025506,0.025690,-0.184,-0.01366,-0.01876,-112.6
25.5601,0.025172,0.025354,-0.182,-0.01608,-0.02116,-127.0
25.5801,0.024793,0.024968,-0.175,-0.01837,-0.02323,-139.4
25.6001,0.024370,0.024534,-0.164,-0.02061,-0.02513,-150.8
25.6201,0.023906,0.024061,-0.155,-0.02270,-0.02700,-162.0
25.6401,0.023403,0.023548,-0.144,-0.02462,-0.02859,-171.5
25.6601,0.022866,0.023000,-0.134,-0.02643,-0.03012,-180.7
25.6801,0.022297,0.022419,-0.122,-0.02803,-0.03136,-188.1
25.7001,0.021701,0.021808,-0.106,-0.02945,-0.03234,-194.0
25.7201,0.021080,0.021173,-0.093,-0.03073,-0.03326,-199.5
25.7401,0.020439,0.020523,-0.085,-0.03180,-0.03412,-204.7
25.7601,0.019784,0.019850,-0.067,-0.03257,-0.03434,-206.0
25.7801,0.019115,0.019165,-0.050,-0.03326,-0.03455,-207.3
25.8001,0.018439,0.018477,-0.038,-0.03369,-0.03469,-208.2
25.8201,0.017760,0.017784,-0.024,-0.03391,-0.03451,-207.1
25.8401,0.017082,0.017091,-0.009,-0.03391,-0.03407,-204.4
25.8601,0.016407,0.016404,0.003,-0.03375,-0.03360,-201.6
25.8801,0.015743,0.015724,0.019,-0.03332,-0.03267,-196.0
25.9001,0.015091,0.015055,0.036,-0.03275,-0.03164,-189.9
25.9201,0.014455,0.014408,0.048,-0.03197,-0.03057,-183.4
25.9401,0.013842,0.013779,0.063,-0.03095,-0.02909,-174.5
25.9601,0.013252,0.013175,0.077,-0.02979,-0.02754,-165.3
25.9801,0.012687,0.012600,0.087,-0.02853,-0.02605,-156.3
26.0001,0.012154,0.012057,0.097,-0.02702,-0.02422,-145.3
26.0201,0.011654,0.011546,0.109,-0.02541,-0.02230,-133.8
26.0401,0.011190,0.011072,0.118,-0.02366,-0.02030,-121.8
26.0601,0.010763,0.010636,0.127,-0.02179,-0.01818,-109.1
26.0801,0.010376,0.010241,0.135,-0.01983,-0.01600,-96.0
26.1001,0.010031,0.009888,0.144,-0.01777,-0.01370,-82.2
26.1201,0.009728,0.009579,0.150,-0.01567,-0.01143,-68.6
26.1401,0.009469,0.009322,0.148,-0.01350,-0.00938,-56.3
26.1601,0.009254,0.009099,0.155,-0.01130,-0.00691,-41.5
26.1801,0.009084,0.008927,0.157,-0.00908,-0.00468,-28.1
26.2001,0.008958,0.008799,0.158,-0.00685,-0.00240,-14.4
26.2201,0.008876,0.008721,0.155,-0.00464,-0.00031,-1.9
26.2401,0.008838,0.008689,0.149,-0.00246,0.00168,10.1
26.2601,0.008842,0.008691,0.151,-0.00032,0.00392,23.5
26.2801,0.008888,0.008713,0.174,0.00175,0.00677,40.6
26.3001,0.008973,0.008785,0.187,0.00375,0.00907,54.4
26.3201,0.009095,0.008922,0.174,0.00566,0.01045,62.7
26.3401,0.009254,0.009105,0.149,0.00747,0.01148,68.9
26.3601,0.009446,0.009312,0.134,0.00917,0.01283,77.0
26.3801,0.009669,0.009547,0.122,0.01075,0.01410,84.6
26.4001,0.009919,0.009808,0.112,0.01217,0.01525,91.5
26.4201,0.010196,0.010094,0.102,0.01349,0.01629,97.7
26.4401,0.010495,0.010399,0.095,0.01465,0.01729,103.7
26.4601,0.010812,0.010733,0.079,0.01563,0.01774,106.4
26.4801,0.011146,0.011082,0.065,0.01649,0.01822,109.3
26.5001,0.011493,0.011435,0.058,0.01716,0.01876,112.5
26.5201,0.011849,0.011804,0.046,0.01768,0.01889,113.3
26.5401,0.012213,0.012179,0.033,0.01808,0.01895,113.7
26.5601,0.012578,0.012557,0.021,0.01824,0.01877,112.6
26.5801,0.012945,0.012938,0.006,0.01831,0.01840,110.4
26.6001,0.013309,0.013313,-0.005,0.01822,0.01803,108.2
26.6201,0.013666,0.013681,-0.015,0.01794,0.01747,104.8
26.6401,0.014016,0.014036,-0.020,0.01759,0.01700,102.0
26.6601,0.014353,0.014382,-0.030,0.01697,0.01609,96.5
26.6801,0.014678,0.014722,-0.044,0.01638,0.01505,90.3
26.7001,0.014986,0.015040,-0.054,0.01562,0.01406,84.3
26.7201,0.015276,0.015333,-0.057,0.01473,0.01311,78.6
26.7401,0.015547,0.015612,-0.065,0.01377,0.01190,71.4
26.7602,0.015798,0.015867,-0.069,0.01279,0.01083,65.0
26.7801,0.016023,0.016100,-0.077,0.01157,0.00937,56.2
26.8001,0.016226,0.016304,-0.078,0.01044,0.00824,49.5
26.8201,0.016405,0.016486,-0.081,0.00923,0.00695,41.7
26.8401,0.016559,0.016647,-0.088,0.00800,0.00550,33.0
26.8601,0.016687,0.016778,-0.091,0.00674,0.00419,25.1
26.8801,0.016791,0.016878,-0.088,0.00549,0.00306,18.3
26.9001,0.016869,0.016956,-0.088,0.00422,0.00176,10.6
26.9201,0.016922,0.017008,-0.086,0.00299,0.00061,3.6
26.9401,0.016952,0.017040,-0.088,0.00180,-0.00067,-4.0
26.9601,0.016960,0.017049,-0.089,0.00065,-0.00185,-11.1
26.9801,0.016945,0.017043,-0.098,-0.00044,-0.00323,-19.4
27.0002,0.016911,0.017019,-0.108,-0.00148,-0.00458,-27.5
27.0202,0.016857,0.016960,-0.103,-0.00243,-0.00528,-31.7
27.0401,0.016788,0.016877,-0.089,-0.00327,-0.00567,-34.0
27.0601,0.016703,0.016770,-0.067,-0.00404,-0.00580,-34.8
27.0801,0.016605,0.016665,-0.060,-0.00472,-0.00635,-38.1
27.1001,0.016497,0.016553,-0.056,-0.00529,-0.00684,-41.0
27.1201,0.016379,0.016427,-0.047,-0.00575,-0.00702,-42.1
27.1401,0.016256,0.016287,-0.031,-0.00610,-0.00689,-41.3
27.1601,0.016128,0.016148,-0.020,-0.00632,-0.00680,-40.8
27.1802,0.015997,0.016015,-0.018,-0.00650,-0.00698,-41.9
27.2001,0.015869,0.015875,-0.006,-0.00644,-0.00653,-39.2
27.2201,0.015742,0.015736,0.006,-0.00637,-0.00613,-36.8
27.2401,0.015620,0.015610,0.009,-0.00616,-0.00588,-35.3
27.2601,0.015504,0.015493,0.011,-0.00585,-0.00553,-33.2
27.2801,0.015397,0.015377,0.020,-0.00545,-0.00482,-28.9
27.3001,0.015301,0.015267,0.033,-0.00495,-0.00394,-23.6
27.3201,0.015216,0.015178,0.038,-0.00437,-0.00326,-19.6
27.3402,0.015145,0.015099,0.046,-0.00372,-0.00239,-14.3
27.3601,0.015089,0.015042,0.047,-0.00298,-0.00165,-9.9
27.3801,0.015049,0.014999,0.049,-0.00221,-0.00082,-4.9
27.4001,0.015025,0.014968,0.057,-0.00139,0.00026,1.6
27.4201,0.015019,0.014956,0.063,-0.00053,0.00127,7.6
27.4401,0.015030,0.014959,0.071,0.00035,0.00237,14.2
27.4601,0.015059,0.014973,0.087,0.00124,0.00376,22.6
27.4801,0.015107,0.015012,0.095,0.00213,0.00483,29.0
27.5002,0.015171,0.015086,0.086,0.00302,0.00536,32.2
27.5201,0.015253,0.015173,0.080,0.00386,0.00606,36.4
27.5401,0.015350,0.015279,0.071,0.00467,0.00661,39.7
27.5601,0.015463,0.015396,0.067,0.00545,0.00732,43.9
27.5801,0.015590,0.015529,0.061,0.00616,0.00783,47.0
27.6001,0.015729,0.015679,0.051,0.00680,0.00817,49.0
27.6201,0.015879,0.015832,0.047,0.00736,0.00866,52.0
27.6401,0.016039,0.015996,0.043,0.00784,0.00901,54.1
27.6601,0.016205,0.016170,0.035,0.00821,0.00915,54.9
27.6801,0.016376,0.016346,0.030,0.00849,0.00930,55.8
27.7001,0.016550,0.016535,0.015,0.00865,0.00899,54.0
27.7201,0.016724,0.016722,0.002,0.00870,0.00866,52.0
27.7401,0.016896,0.016899,-0.003,0.00863,0.00853,51.2
27.7601,0.017064,0.017073,-0.009,0.00842,0.00812,48.7
27.7801,0.017224,0.017238,-0.014,0.00810,0.00769,46.2
27.8001,0.017375,0.017399,-0.024,0.00767,0.00695,41.7
27.8201,0.017514,0.017552,-0.038,0.00708,0.00594,35.7
27.8401,0.017638,0.017687,-0.049,0.00639,0.00496,29.8
27.8601,0.017746,0.017800,-0.055,0.00557,0.00400,24.0
27.8801,0.017834,0.017893,-0.059,0.00464,0.00297,17.8
27.9001,0.017901,0.017965,-0.065,0.00360,0.00176,10.6
27.9201,0.017944,0.018018,-0.074,0.00246,0.00032,1.9
27.9401,0.017962,0.018051,-0.089,0.00122,-0.00135,-8.1
27.9601,0.017954,0.018053,-0.099,-0.00011,-0.00295,-17.7
27.9801,0.017917,0.018040,-0.123,-0.00151,-0.00510,-30.6
28.0001,0.017850,0.017985,-0.135,-0.00297,-0.00682,-40.9
28.0201,0.017752,0.017883,-0.130,-0.00449,-0.00811,-48.7
28.0401,0.017623,0.017746,-0.122,-0.00605,-0.00943,-56.6
28.0601,0.017463,0.017586,-0.123,-0.00762,-0.01106,-66.4
28.0801,0.017270,0.017396,-0.126,-0.00923,-0.01278,-76.7
28.1001,0.017046,0.017170,-0.124,-0.01083,-0.01430,-85.8
28.1201,0.016789,0.016907,-0.118,-0.01242,-0.01568,-94.1
28.1401,0.016502,0.016616,-0.114,-0.01397,-0.01714,-102.8
28.1601,0.016185,0.016299,-0.114,-0.01547,-0.01866,-112.0
28.1801,0.015839,0.015947,-0.108,-0.01693,-0.01991,-119.4
28.2000,0.015467,0.015566,-0.100,-0.01830,-0.02105,-126.3
28.2201,0.015067,0.015166,-0.099,-0.01963,-0.02240,-134.4
28.2401,0.014645,0.014739,-0.094,-0.02082,-0.02344,-140.6
28.2601,0.014202,0.014288,-0.086,-0.02190,-0.02427,-145.6
28.2801,0.013740,0.013811,-0.071,-0.02284,-0.02474,-148.4
28.3001,0.013262,0.013323,-0.060,-0.02368,-0.02531,-151.9
28.3201,0.012772,0.012824,-0.052,-0.02434,-0.02576,-154.5
28.3401,0.012272,0.012316,-0.044,-0.02487,-0.02604,-156.2
28.3601,0.011765,0.011795,-0.030,-0.02524,-0.02599,-155.9
28.3802,0.011253,0.011275,-0.022,-0.02554,-0.02610,-156.6
28.4001,0.010747,0.010754,-0.006,-0.02534,-0.02542,-152.5
28.4201,0.010243,0.010233,0.010,-0.02524,-0.02485,-149.1
28.4401,0.009747,0.009724,0.023,-0.02491,-0.02419,-145.2
28.4601,0.009261,0.009232,0.030,-0.02439,-0.02352,-141.1
28.4801,0.008791,0.008750,0.041,-0.02367,-0.02245,-134.7
28.5001,0.008340,0.008288,0.052,-0.02278,-0.02125,-127.5
28.5201,0.007912,0.007839,0.072,-0.02171,-0.01957,-117.4
28.5401,0.007509,0.007423,0.086,-0.02043,-0.01793,-107.6
28.5601,0.007136,0.007039,0.097,-0.01902,-0.01624,-97.5
28.5801,0.006794,0.006688,0.106,-0.01747,-0.01444,-86.7
28.6001,0.006490,0.006377,0.113,-0.01568,-0.01249,-74.9
28.6201,0.006222,0.006093,0.130,-0.01385,-0.01012,-60.7
28.6401,0.005996,0.005854,0.142,-0.01182,-0.00777,-46.6
28.6601,0.005813,0.005663,0.150,-0.00969,-0.00546,-32.7
28.6801,0.005674,0.005522,0.152,-0.00746,-0.00318,-19.1
28.7001,0.005584,0.005422,0.162,-0.00513,-0.00054,-3.2
28.7201,0.005541,0.005375,0.166,-0.00273,0.00195,11.7
28.7401,0.005548,0.005374,0.174,-0.00027,0.00464,27.8
28.7601,0.005605,0.005403,0.202,0.00223,0.00807,48.4
28.7801,0.005713,0.005493,0.220,0.00477,0.01105,66.3
28.8001,0.005872,0.005660,0.212,0.00731,0.01321,79.2
28.8201,0.006081,0.005881,0.201,0.00984,0.01539,92.3
28.8401,0.006341,0.006150,0.191,0.01235,0.01764,105.8
28.8601,0.006649,0.006461,0.188,0.01480,0.02005,120.3
28.8801,0.007005,0.006826,0.180,0.01721,0.02219,133.1
28.9001,0.007408,0.007235,0.173,0.01953,0.02432,145.9
28.9201,0.007854,0.007689,0.165,0.02176,0.02633,158.0
28.9402,0.008344,0.008183,0.161,0.02395,0.02843,170.6
28.9601,0.008868,0.008723,0.146,0.02577,0.02976,178.5
28.9801,0.009432,0.009299,0.133,0.02767,0.03131,187.9
29.0001,0.010028,0.009903,0.125,0.02939,0.03283,197.0
29.0202,0.010655,0.010538,0.117,0.03098,0.03422,205.3
29.0401,0.011305,0.011203,0.103,0.03218,0.03496,209.8
29.0601,0.011978,0.011891,0.088,0.03336,0.03572,214.3
29.0801,0.012669,0.012596,0.073,0.03429,0.03626,217.5
29.1001,0.013375,0.013314,0.061,0.03511,0.03676,220.6
29.1201,0.014090,0.014043,0.047,0.03563,0.03687,221.2
29.1402,0.014815,0.014781,0.033,0.03611,0.03696,221.8
29.1601,0.015531,0.015520,0.011,0.03585,0.03602,216.1
29.1801,0.016249,0.016257,-0.008,0.03590,0.03557,213.4
29.2001,0.016959,0.016974,-0.016,0.03557,0.03508,210.5
29.2201,0.017656,0.017683,-0.028,0.03499,0.03415,204.9
29.2401,0.018338,0.018378,-0.041,0.03427,0.03305,198.3
29.2601,0.018996,0.019056,-0.060,0.03319,0.03139,188.4
29.2801,0.019631,0.019710,-0.078,0.03206,0.02976,178.6
29.3001,0.020237,0.020327,-0.090,0.03063,0.02802,168.1
29.3201,0.020811,0.020914,-0.103,0.02911,0.02615,156.9
29.3401,0.021350,0.021465,-0.115,0.02735,0.02406,144.4
29.3601,0.021850,0.021979,-0.129,0.02546,0.02176,130.6
29.3801,0.022307,0.022447,-0.140,0.02339,0.01943,116.6
29.4002,0.022722,0.022873,-0.151,0.02126,0.01697,101.8
29.4201,0.023086,0.023251,-0.165,0.01882,0.01411,84.7
29.4401,0.023403,0.023578,-0.175,0.01645,0.01149,68.9
29.4601,0.023669,0.023845,-0.175,0.01395,0.00904,54.2
29.4801,0.023884,0.024063,-0.179,0.01136,0.00633,38.0
29.5001,0.024045,0.024227,-0.182,0.00873,0.00362,21.7
29.5201,0.024153,0.024337,-0.184,0.00604,0.00088,5.3
29.5401,0.024206,0.024400,-0.194,0.00335,-0.00214,-12.9
29.5601,0.024206,0.024406,-0.200,0.00066,-0.00498,-29.9
29.5801,0.024152,0.024375,-0.223,-0.00202,-0.00840,-50.4
29.6001,0.024046,0.024271,-0.225,-0.00466,-0.01096,-65.8
29.6201,0.023888,0.024099,-0.212,-0.00725,-0.01310,-78.6
29.6401,0.023679,0.023875,-0.196,-0.00979,-0.01517,-91.0
29.6601,0.023423,0.023605,-0.182,-0.01222,-0.01725,-103.5
29.6801,0.023119,0.023298,-0.179,-0.01458,-0.01956,-117.4
29.7001,0.022772,0.022942,-0.171,-0.01682,-0.02155,-129.3
29.7201,0.022383,0.022543,-0.160,-0.01891,-0.02334,-140.0
29.7401,0.021955,0.022105,-0.150,-0.02090,-0.02503,-150.2
29.7601,0.021492,0.021629,-0.138,-0.02272,-0.02651,-159.0
29.7801,0.020996,0.021122,-0.125,-0.02436,-0.02779,-166.8
29.8001,0.020471,0.020586,-0.115,-0.02588,-0.02904,-174.2
29.8201,0.019920,0.020023,-0.103,-0.02723,-0.03003,-180.2
29.8401,0.019348,0.019437,-0.089,-0.02832,-0.03072,-184.3
29.8601,0.018757,0.018834,-0.077,-0.02930,-0.03138,-188.3
29.8801,0.018151,0.018215,-0.064,-0.03010,-0.03182,-190.9
29.9001,0.017534,0.017585,-0.051,-0.03068,-0.03202,-192.1
29.9201,0.016910,0.016947,-0.037,-0.03112,-0.03207,-192.4
29.9402,0.016279,0.016307,-0.028,-0.03146,-0.03219,-193.1
29.9601,0.015656,0.015664,-0.009,-0.03123,-0.03135,-188.1
29.9801,0.015031,0.015022,0.009,-0.03121,-0.03085,-185.1
30.0001,0.014415,0.014401,0.015,-0.03088,-0.03044,-182.7
30.0306,0.013496,0.013478,0.018,-0.04296,-0.04243,-254.6
30.0485,0.012973,0.012916,0.057,-0.02952,-0.02768,-166.1
30.0664,0.012462,0.012153,0.309,-0.02634,-0.01620,-97.2
30.0844,0.011965,0.011672,0.293,-0.02514,-0.01704,-102.2
30.1024,0.011487,0.011396,0.091,-0.02415,-0.02281,-136.9
30.1204,0.011025,0.011082,-0.056,-0.02329,-0.02575,-154.5
30.1401,0.010547,0.010614,-0.067,-0.02377,-0.02570,-154.2
30.1601,0.010087,0.010097,-0.009,-0.02316,-0.02308,-138.5
30.1801,0.009658,0.009593,0.065,-0.02181,-0.01953,-117.2
30.2001,0.009257,0.009165,0.092,-0.02038,-0.01764,-105.9
30.2201,0.008888,0.008785,0.103,-0.01886,-0.01593,-95.6
30.2401,0.008549,0.008445,0.105,-0.01730,-0.01436,-86.2
30.2601,0.008243,0.008131,0.112,-0.01572,-0.01252,-75.1
30.2801,0.007968,0.007851,0.117,-0.01413,-0.01082,-64.9
30.3001,0.007726,0.007611,0.115,-0.01254,-0.00934,-56.0
30.3201,0.007514,0.007397,0.117,-0.01098,-0.00769,-46.2
30.3401,0.007333,0.007218,0.115,-0.00944,-0.00623,-37.4
30.3601,0.007181,0.007077,0.104,-0.00795,-0.00512,-30.7
30.3801,0.007058,0.006958,0.100,-0.00653,-0.00376,-22.6
30.4001,0.006961,0.006863,0.098,-0.00516,-0.00242,-14.5
30.4201,0.006891,0.006791,0.099,-0.00386,-0.00108,-6.5
30.4401,0.006844,0.006750,0.093,-0.00265,-0.00007,-0.4
30.4601,0.006819,0.006739,0.080,-0.00153,0.00063,3.8
30.4801,0.006813,0.006740,0.073,-0.00051,0.00150,9.0
30.5001,0.006826,0.006745,0.081,0.00042,0.00274,16.4
30.5201,0.006855,0.006764,0.091,0.00123,0.00385,23.1
30.5401,0.006898,0.006806,0.092,0.00195,0.00452,27.1
30.5602,0.006952,0.006879,0.073,0.00256,0.00450,27.0
30.5802,0.007015,0.006964,0.052,0.00305,0.00437,26.2
30.6001,0.007086,0.007048,0.037,0.00342,0.00437,26.2
30.6202,0.007162,0.007129,0.033,0.00373,0.00462,27.7
30.6401,0.007240,0.007212,0.028,0.00388,0.00464,27.9
30.6602,0.007321,0.007302,0.018,0.00400,0.00445,26.7
30.6801,0.007400,0.007396,0.004,0.00396,0.00398,23.9
30.7001,0.007477,0.007483,-0.005,0.00389,0.00368,22.1
30.7201,0.007551,0.007564,-0.013,0.00372,0.00329,19.8
30.7401,0.007619,0.007634,-0.015,0.00349,0.00308,18.5
30.7601,0.007682,0.007698,-0.016,0.00319,0.00273,16.4
30.7801,0.007737,0.007757,-0.020,0.00285,0.00228,13.7
30.8001,0.007785,0.007802,-0.017,0.00248,0.00200,12.0
30.8201,0.007824,0.007844,-0.020,0.00206,0.00147,8.8
30.8401,0.007854,0.007883,-0.029,0.00163,0.00078,4.7
30.8601,0.007876,0.007910,-0.034,0.00120,0.00021,1.3
30.8801,0.007889,0.007922,-0.033,0.00077,-0.00014,-0.8
30.9001,0.007894,0.007923,-0.029,0.00035,-0.00043,-2.6
30.9201,0.007892,0.007922,-0.030,-0.00004,-0.00088,-5.3
30.9401,0.007882,0.007918,-0.036,-0.00039,-0.00144,-8.6
30.9601,0.007867,0.007912,-0.045,-0.00069,-0.00202,-12.1
30.9801,0.007847,0.007893,-0.046,-0.00094,-0.00223,-13.4
31.0001,0.007824,0.007863,-0.039,-0.00111,-0.00216,-13.0
31.0201,0.007799,0.007826,-0.027,-0.00122,-0.00190,-11.4
31.0401,0.007774,0.007788,-0.014,-0.00124,-0.00156,-9.4
31.0601,0.007751,0.007760,-0.009,-0.00117,-0.00138,-8.3
31.0801,0.007732,0.007739,-0.008,-0.00101,-0.00121,-7.3
31.1001,0.007718,0.007720,-0.002,-0.00074,0.00000,0.0
31.1201,0.007712,0.007705,0.007,-0.00038,0.00000,0.0
31.1401,0.007717,0.007706,0.011,0.00010,0.00000,0.0
31.1601,0.007733,0.007706,0.027,0.00068,0.00154,9.2
31.1801,0.007764,0.007711,0.053,0.00137,0.00302,18.1
31.2001,0.007811,0.007730,0.081,0.00216,0.00460,27.6
31.2201,0.007877,0.007781,0.096,0.00307,0.00585,35.1
31.2401,0.007964,0.007866,0.098,0.00407,0.00682,40.9
31.2601,0.008072,0.007979,0.093,0.00517,0.00775,46.5
31.2801,0.008205,0.008110,0.095,0.00635,0.00903,54.2
31.3001,0.008364,0.008267,0.097,0.00762,0.01035,62.1
31.3201,0.008550,0.008450,0.100,0.00897,0.01179,70.7
31.3401,0.008765,0.008665,0.099,0.01038,0.01316,79.0
31.3601,0.009009,0.008902,0.107,0.01185,0.01488,89.3
31.3801,0.009284,0.009174,0.109,0.01336,0.01644,98.7
31.4001,0.009590,0.009478,0.112,0.01491,0.01806,108.3
31.4201,0.009927,0.009816,0.111,0.01647,0.01958,117.5
31.4401,0.010296,0.010182,0.114,0.01805,0.02125,127.5
31.4601,0.010696,0.010582,0.114,0.01961,0.02282,136.9
31.4801,0.011128,0.011037,0.091,0.02119,0.02360,141.6
31.5001,0.011589,0.011475,0.113,0.02267,0.02597,155.8
31.5201,0.012079,0.011987,0.092,0.02416,0.02661,159.6
31.5402,0.012600,0.012511,0.089,0.02565,0.02811,168.7
31.5601,0.013142,0.013052,0.090,0.02683,0.02937,176.2
31.5801,0.013712,0.013625,0.088,0.02817,0.03060,183.6
31.6001,0.014303,0.014216,0.087,0.02928,0.03171,190.2
31.6202,0.014918,0.014837,0.081,0.03045,0.03268,196.1
31.6401,0.015543,0.015477,0.067,0.03109,0.03287,197.2
31.6601,0.016186,0.016132,0.055,0.03195,0.03341,200.4
31.6802,0.016846,0.016793,0.053,0.03276,0.03423,205.4
31.7001,0.017506,0.017463,0.042,0.03295,0.03406,204.4
31.7201,0.018175,0.018146,0.029,0.03335,0.03407,204.4
31.7401,0.018844,0.018828,0.016,0.03346,0.03385,203.1
31.7601,0.019513,0.019507,0.005,0.03343,0.03351,201.1
31.7801,0.020174,0.020181,-0.007,0.03316,0.03290,197.4
31.8001,0.020828,0.020849,-0.022,0.03276,0.03206,192.4
31.8201,0.021467,0.021501,-0.034,0.03214,0.03111,186.7
31.8401,0.022090,0.022137,-0.047,0.03134,0.02993,179.6
31.8601,0.022691,0.022757,-0.066,0.03030,0.02833,170.0
31.8801,0.023269,0.023349,-0.080,0.02918,0.02687,161.2
31.9001,0.023818,0.023907,-0.089,0.02778,0.02522,151.3
31.9201,0.024335,0.024436,-0.101,0.02627,0.02339,140.3
31.9401,0.024817,0.024931,-0.114,0.02452,0.02126,127.6
31.9601,0.025261,0.025387,-0.126,0.02266,0.01905,114.3
31.9801,0.025665,0.025805,-0.140,0.02067,0.01666,100.0
32.0001,0.026023,0.026172,-0.148,0.01849,0.01429,85.7
32.0201,0.026336,0.026491,-0.155,0.01619,0.01180,70.8
32.0401,0.026600,0.026757,-0.158,0.01379,0.00936,56.2
32.0601,0.026813,0.026979,-0.166,0.01128,0.00657,39.4
32.0802,0.026974,0.027155,-0.181,0.00872,0.00356,21.3
32.1001,0.027081,0.027268,-0.187,0.00599,0.00072,4.3
32.1201,0.027133,0.027319,-0.186,0.00329,-0.00193,-11.6
32.1401,0.027130,0.027320,-0.190,0.00053,-0.00480,-28.8
32.1601,0.027071,0.027294,-0.223,-0.00225,-0.00868,-52.1
32.1801,0.026956,0.027196,-0.240,-0.00503,-0.01185,-71.1
32.2001,0.026787,0.027019,-0.233,-0.00780,-0.01427,-85.6
32.2201,0.026562,0.026761,-0.199,-0.01055,-0.01590,-95.4
32.2401,0.026285,0.026491,-0.206,-0.01320,-0.01903,-114.2
32.2601,0.025955,0.026141,-0.186,-0.01583,-0.02091,-125.5
32.2802,0.025574,0.025752,-0.179,-0.01842,-0.02338,-140.3
32.3001,0.025148,0.025351,-0.203,-0.02071,-0.02655,-159.3
32.3201,0.024675,0.024843,-0.168,-0.02307,-0.02756,-165.4
32.3401,0.024159,0.024336,-0.177,-0.02522,-0.03022,-181.3
32.3601,0.023602,0.023741,-0.139,-0.02732,-0.03098,-185.9
32.3801,0.023012,0.023163,-0.151,-0.02907,-0.03336,-200.1
32.4001,0.022388,0.022533,-0.145,-0.03079,-0.03483,-209.0
32.4201,0.021735,0.021857,-0.122,-0.03228,-0.03557,-213.4
32.4401,0.021055,0.021119,-0.064,-0.03364,-0.03507,-210.4
32.4601,0.020356,0.020412,-0.055,-0.03469,-0.03619,-217.2
32.4801,0.019641,0.019705,-0.064,-0.03556,-0.03739,-224.3
32.5001,0.018913,0.018975,-0.063,-0.03624,-0.03799,-227.9
32.5201,0.018178,0.018224,-0.047,-0.03665,-0.03786,-227.2
32.5401,0.017439,0.017465,-0.026,-0.03689,-0.03749,-224.9
32.5601,0.016702,0.016708,-0.006,-0.03685,-0.03690,-221.4
32.5801,0.015969,0.015960,0.009,-0.03668,-0.03635,-218.1
32.6001,0.015247,0.015224,0.023,-0.03622,-0.03549,-212.9
32.6202,0.014535,0.014502,0.033,-0.03572,-0.03474,-208.4
32.6401,0.013852,0.013797,0.055,-0.03448,-0.03281,-196.9
32.6601,0.013186,0.013110,0.076,-0.03355,-0.03130,-187.8
32.6801,0.012546,0.012463,0.083,-0.03228,-0.02991,-179.5
32.7001,0.011938,0.011872,0.066,-0.03079,-0.02904,-174.2
32.7201,0.011361,0.011252,0.109,-0.02923,-0.02592,-155.5
32.7401,0.010824,0.010683,0.141,-0.02735,-0.02322,-139.3
32.7601,0.010326,0.010178,0.148,-0.02537,-0.02119,-127.1
32.7801,0.009870,0.009724,0.145,-0.02332,-0.01927,-115.6
32.8001,0.009458,0.009315,0.144,-0.02112,-0.01711,-102.7
32.8201,0.009095,0.008937,0.158,-0.01878,-0.01428,-85.7
32.8401,0.008779,0.008606,0.173,-0.01637,-0.01141,-68.5
32.8601,0.008514,0.008339,0.175,-0.01389,-0.00896,-53.8
32.8801,0.008300,0.008121,0.179,-0.01135,-0.00632,-37.9
32.9001,0.008136,0.007954,0.182,-0.00880,-0.00367,-22.0
32.9201,0.008025,0.007840,0.185,-0.00621,-0.00102,-6.1
32.9401,0.007966,0.007779,0.187,-0.00362,0.00161,9.7
32.9601,0.007957,0.007771,0.186,-0.00106,0.00416,25.0
32.9801,0.007999,0.007797,0.203,0.00147,0.00724,43.5
33.0001,0.008091,0.007878,0.213,0.00395,0.00999,59.9
33.0201,0.008230,0.008024,0.206,0.00636,0.01210,72.6
33.0401,0.008416,0.008230,0.186,0.00870,0.01380,82.8
33.0601,0.008645,0.008477,0.168,0.01092,0.01552,93.1
33.0801,0.008917,0.008763,0.154,0.01303,0.01724,103.5
33.1001,0.009227,0.009078,0.149,0.01503,0.01917,115.0
33.1201,0.009574,0.009429,0.145,0.01688,0.02092,125.5
33.1401,0.009955,0.009820,0.136,0.01862,0.02236,134.2
33.1601,0.010366,0.010243,0.122,0.02014,0.02349,141.0
33.1801,0.010803,0.010697,0.106,0.02151,0.02438,146.3
33.2001,0.011264,0.011171,0.092,0.02274,0.02525,151.5
33.2201,0.011745,0.011664,0.080,0.02379,0.02597,155.8
33.2401,0.012242,0.012170,0.072,0.02466,0.02663,159.8
33.2601,0.012752,0.012696,0.056,0.02531,0.02678,160.7
33.2801,0.013271,0.013231,0.040,0.02584,0.02686,161.2
33.3002,0.013799,0.013770,0.029,0.02628,0.02704,162.2
33.3201,0.014322,0.014306,0.017,0.02620,0.02658,159.5
33.3402,0.014850,0.014845,0.004,0.02632,0.02637,158.2
33.3601,0.015366,0.015352,0.014,0.02592,0.02636,158.1
33.3801,0.015878,0.015904,-0.026,0.02567,0.02471,148.3
33.4001,0.016378,0.016424,-0.045,0.02515,0.02376,142.6
33.4201,0.016865,0.016913,-0.049,0.02448,0.02310,138.6
33.4401,0.017334,0.017387,-0.053,0.02365,0.02214,132.9
33.4601,0.017783,0.017825,-0.042,0.02270,0.02159,129.5
33.4801,0.018211,0.018262,-0.051,0.02166,0.02017,121.0
33.5001,0.018615,0.018712,-0.096,0.02052,0.01755,105.3
33.5201,0.018995,0.019103,-0.109,0.01927,0.01615,96.9
33.5401,0.019346,0.019444,-0.098,0.01792,0.01524,91.4
33.5601,0.019669,0.019763,-0.093,0.01651,0.01393,83.6
33.5801,0.019964,0.020058,-0.094,0.01509,0.01246,74.7
33.6001,0.020229,0.020328,-0.100,0.01360,0.01077,64.6
33.6201,0.020463,0.020572,-0.108,0.01210,0.00901,54.1
33.6402,0.020669,0.020780,-0.112,0.01065,0.00751,45.0
33.6601,0.020842,0.020950,-0.108,0.00905,0.00604,36.2
33.6801,0.020987,0.021095,-0.108,0.00760,0.00457,27.4
33.7001,0.021103,0.021199,-0.097,0.00616,0.00351,21.1
33.7201,0.021191,0.021281,-0.091,0.00476,0.00226,13.6
33.7401,0.021252,0.021343,-0.091,0.00341,0.00086,5.1
33.7601,0.021288,0.021386,-0.098,0.00213,-0.00065,-3.9
33.7801,0.021301,0.021399,-0.098,0.00093,-0.00181,-10.9
33.8001,0.021292,0.021393,-0.101,-0.00018,-0.00304,-18.3
33.8201,0.021263,0.021370,-0.107,-0.00120,-0.00424,-25.4
33.8401,0.021216,0.021314,-0.098,-0.00212,-0.00481,-28.9
33.8601,0.021153,0.021229,-0.077,-0.00294,-0.00495,-29.7
33.8801,0.021077,0.021144,-0.067,-0.00363,-0.00546,-32.8
33.9001,0.020989,0.021051,-0.061,-0.00422,-0.00591,-35.4
33.9201,0.020893,0.020941,-0.047,-0.00468,-0.00592,-35.5
33.9401,0.020791,0.020825,-0.034,-0.00504,-0.00592,-35.5
33.9602,0.020683,0.020702,-0.019,-0.00530,-0.00572,-34.3
33.9801,0.020576,0.020591,-0.016,-0.00537,-0.00578,-34.7
34.0001,0.020468,0.020483,-0.015,-0.00539,-0.00580,-34.8
34.0201,0.020363,0.020365,-0.002,-0.00528,-0.00528,-31.7
34.0401,0.020262,0.020247,0.015,-0.00508,-0.00455,-27.3
34.0601,0.020168,0.020145,0.023,-0.00477,-0.00407,-24.4
34.0801,0.020083,0.020058,0.024,-0.00438,-0.00369,-22.1
34.1001,0.020007,0.019980,0.027,-0.00390,-0.00314,-18.8
34.1201,0.019943,0.019907,0.036,-0.00335,-0.00229,-13.8
34.1401,0.019891,0.019849,0.042,-0.00273,-0.00151,-9.0
34.1601,0.019853,0.019803,0.050,-0.00206,-0.00061,-3.6
34.1801,0.019830,0.019777,0.053,-0.00136,0.00015,0.9
34.2001,0.019821,0.019768,0.053,-0.00061,0.00087,5.2
34.2201,0.019828,0.019771,0.057,0.00015,0.00178,10.7
34.2401,0.019850,0.019777,0.073,0.00091,0.00305,18.3
34.2601,0.019887,0.019801,0.086,0.00167,0.00416,25.0
34.2802,0.019940,0.019858,0.082,0.00244,0.00470,28.2
34.3001,0.020006,0.019935,0.072,0.00313,0.00508,30.5
34.3201,0.020086,0.020022,0.065,0.00383,0.00559,33.6
34.3401,0.020178,0.020122,0.056,0.00445,0.00599,35.9
34.3601,0.020282,0.020233,0.048,0.00502,0.00633,38.0
34.3801,0.020395,0.020356,0.039,0.00554,0.00658,39.5
34.4001,0.020516,0.020483,0.033,0.00596,0.00684,41.0
34.4201,0.020644,0.020619,0.025,0.00629,0.00695,41.7
34.4401,0.020776,0.020755,0.020,0.00654,0.00709,42.5
34.4601,0.020910,0.020892,0.018,0.00667,0.00714,42.8
34.4802,0.021045,0.021038,0.007,0.00675,0.00689,41.4
34.5001,0.021176,0.021179,-0.002,0.00661,0.00649,39.0
34.5201,0.021305,0.021310,-0.005,0.00644,0.00627,37.6
34.5401,0.021426,0.021442,-0.016,0.00614,0.00564,33.8
34.5602,0.021539,0.021568,-0.029,0.00574,0.00484,29.0
34.5801,0.021640,0.021676,-0.036,0.00518,0.00413,24.8
34.6001,0.021727,0.021765,-0.037,0.00454,0.00349,21.0
34.6201,0.021800,0.021841,-0.042,0.00380,0.00260,15.6
34.6401,0.021854,0.021908,-0.054,0.00293,0.00134,8.0
34.6601,0.021888,0.021954,-0.066,0.00197,0.00006,0.3
34.6801,0.021901,0.021972,-0.071,0.00091,-0.00110,-6.6
34.7001,0.021891,0.021969,-0.078,-0.00023,-0.00245,-14.7
34.7201,0.021856,0.021957,-0.100,-0.00145,-0.00439,-26.4
34.7401,0.021795,0.021918,-0.123,-0.00274,-0.00633,-38.0
34.7601,0.021707,0.021839,-0.132,-0.00408,-0.00783,-47.0
34.7801,0.021590,0.021712,-0.122,-0.00547,-0.00882,-52.9
34.8001,0.021445,0.021559,-0.113,-0.00689,-0.01002,-60.1
34.8201,0.021270,0.021384,-0.113,-0.00837,-0.01153,-69.2
34.8401,0.021068,0.021175,-0.107,-0.00978,-0.01274,-76.5
34.8601,0.020835,0.020935,-0.099,-0.01126,-0.01399,-84.0
34.8801,0.020574,0.020690,-0.115,-0.01268,-0.01600,-96.0
34.9001,0.020286,0.020405,-0.119,-0.01408,-0.01744,-104.6
34.9201,0.019970,0.020058,-0.088,-0.01546,-0.01775,-106.5
34.9401,0.019628,0.019703,-0.075,-0.01676,-0.01877,-112.6
34.9601,0.019263,0.019347,-0.085,-0.01797,-0.02040,-122.4
34.9802,0.018872,0.018963,-0.090,-0.01920,-0.02176,-130.6
35.0001,0.018466,0.018569,-0.102,-0.02008,-0.02302,-138.1
35.0298,0.017827,0.017895,-0.068,-0.02960,-0.03130,-187.8
35.0477,0.017425,0.017470,-0.045,-0.02198,-0.02310,-138.6
35.0656,0.017014,0.016907,0.107,-0.02086,-0.01697,-101.8
35.0836,0.016595,0.016504,0.090,-0.02093,-0.01850,-111.0
35.1015,0.016170,0.016197,-0.027,-0.02118,-0.02264,-135.9
35.1205,0.015716,0.015843,-0.127,-0.02239,-0.02655,-159.3
35.1401,0.015248,0.015398,-0.150,-0.02320,-0.02755,-165.3
35.1601,0.014772,0.014863,-0.091,-0.02367,-0.02585,-155.1
35.1801,0.014302,0.014312,-0.010,-0.02353,-0.02335,-140.1
35.2001,0.013840,0.013805,0.035,-0.02319,-0.02193,-131.6
35.2201,0.013391,0.013348,0.044,-0.02258,-0.02131,-127.8
35.2402,0.012957,0.012889,0.067,-0.02190,-0.01988,-119.3
35.2601,0.012545,0.012490,0.055,-0.02086,-0.01941,-116.4
35.2801,0.012153,0.012090,0.062,-0.01985,-0.01805,-108.3
35.3001,0.011788,0.011712,0.075,-0.01858,-0.01640,-98.4
35.3201,0.011450,0.011364,0.086,-0.01723,-0.01477,-88.6
35.3401,0.011143,0.011043,0.100,-0.01570,-0.01281,-76.9
35.3601,0.010871,0.010754,0.117,-0.01404,-0.01066,-63.9
35.3801,0.010635,0.010513,0.122,-0.01225,-0.00881,-52.9
35.4001,0.010437,0.010308,0.129,-0.01036,-0.00669,-40.1
35.4201,0.010280,0.010141,0.140,-0.00835,-0.00438,-26.3
35.4401,0.010165,0.010020,0.145,-0.00627,-0.00217,-13.0
35.4601,0.010094,0.009941,0.153,-0.00412,0.00020,1.2
35.4801,0.010067,0.009910,0.156,-0.00191,0.00250,15.0
35.5001,0.010085,0.009917,0.168,0.00035,0.00512,30.7
35.5201,0.010149,0.009956,0.192,0.00262,0.00816,48.9
35.5401,0.010258,0.010061,0.198,0.00491,0.01047,62.8
35.5601,0.010413,0.010225,0.188,0.00718,0.01240,74.4
35.5801,0.010613,0.010438,0.175,0.00944,0.01425,85.5
35.6001,0.010858,0.010707,0.151,0.01168,0.01577,94.6
35.6201,0.011144,0.010982,0.162,0.01377,0.01839,110.3
35.6401,0.011472,0.011313,0.159,0.01586,0.02029,121.7
35.6601,0.011839,0.011685,0.154,0.01786,0.02215,132.9
35.6801,0.012243,0.012098,0.145,0.01975,0.02377,142.6
35.7001,0.012682,0.012549,0.133,0.02149,0.02515,150.9
35.7201,0.013153,0.013032,0.121,0.02313,0.02644,158.7
35.7401,0.013652,0.013571,0.080,0.02458,0.02659,159.5
35.7602,0.014179,0.014109,0.070,0.02602,0.02792,167.5
35.7800,0.014721,0.014615,0.106,0.02687,0.03007,180.4
35.8001,0.015286,0.015185,0.101,0.02798,0.03079,184.8
35.8201,0.015865,0.015792,0.073,0.02873,0.03060,183.6
35.8401,0.016456,0.016407,0.048,0.02938,0.03059,183.5
35.8601,0.017051,0.017030,0.021,0.02969,0.03012,180.7
35.8801,0.017649,0.017636,0.013,0.02986,0.03018,181.1
35.9001,0.018245,0.018238,0.008,0.02983,0.03001,180.1
35.9201,0.018836,0.018841,-0.005,0.02957,0.02936,176.1
35.9401,0.019416,0.019438,-0.022,0.02913,0.02841,170.5
35.9601,0.019981,0.020020,-0.039,0.02842,0.02723,163.4
35.9801,0.020529,0.020581,-0.052,0.02760,0.02607,156.4
36.0001,0.021054,0.021119,-0.066,0.02652,0.02459,147.6
36.0201,0.021553,0.021633,-0.081,0.02527,0.02292,137.5
36.0401,0.022022,0.022118,-0.096,0.02382,0.02103,126.2
36.0601,0.022458,0.022568,-0.110,0.02220,0.01903,114.2
36.0801,0.022858,0.022978,-0.120,0.02046,0.01703,102.2
36.1001,0.023219,0.023347,-0.129,0.01852,0.01487,89.2
36.1201,0.023538,0.023680,-0.142,0.01646,0.01241,74.5
36.1401,0.023813,0.023962,-0.149,0.01428,0.01006,60.4
36.1601,0.024041,0.024199,-0.158,0.01198,0.00750,45.0
36.1801,0.024221,0.024386,-0.165,0.00961,0.00496,29.8
36.2001,0.024352,0.024524,-0.173,0.00716,0.00228,13.7
36.2201,0.024432,0.024612,-0.180,0.00465,-0.00044,-2.6
36.2401,0.024461,0.024641,-0.180,0.00210,-0.00294,-17.6
36.2601,0.024439,0.024631,-0.192,-0.00048,-0.00592,-35.5
36.2800,0.024365,0.024579,-0.214,-0.00304,-0.00916,-55.0
36.3001,0.024240,0.024461,-0.221,-0.00562,-0.01185,-71.1
36.3201,0.024065,0.024268,-0.203,-0.00814,-0.01373,-82.4
36.3402,0.023838,0.024018,-0.180,-0.01069,-0.01558,-93.5
36.3601,0.023567,0.023750,-0.184,-0.01299,-0.01815,-108.9
36.3801,0.023248,0.023431,-0.183,-0.01535,-0.02047,-122.8
36.4001,0.022884,0.023060,-0.176,-0.01761,-0.02249,-134.9
36.4201,0.022480,0.022648,-0.168,-0.01970,-0.02436,-146.2
36.4401,0.022035,0.022160,-0.124,-0.02173,-0.02493,-149.6
36.4601,0.021556,0.021700,-0.144,-0.02352,-0.02767,-166.0
36.4801,0.021042,0.021187,-0.145,-0.02526,-0.02933,-176.0
36.5001,0.020499,0.020627,-0.128,-0.02678,-0.03025,-181.5
36.5201,0.019929,0.020034,-0.105,-0.02816,-0.03096,-185.8
36.5401,0.019338,0.019426,-0.088,-0.02929,-0.03165,-189.9
36.5601,0.018727,0.018794,-0.066,-0.03026,-0.03199,-192.0
36.5801,0.018101,0.018133,-0.031,-0.03110,-0.03176,-190.6
36.6001,0.017465,0.017493,-0.028,-0.03166,-0.03242,-194.5
36.6201,0.016822,0.016886,-0.064,-0.03207,-0.03408,-204.5
36.6401,0.016176,0.016194,-0.018,-0.03225,-0.03247,-194.8
36.6601,0.015531,0.015519,0.012,-0.03224,-0.03173,-190.4
36.6801,0.014892,0.014905,-0.013,-0.03201,-0.03253,-195.2
36.7001,0.014261,0.014270,-0.009,-0.03165,-0.03187,-191.2
36.7201,0.013643,0.013620,0.023,-0.03104,-0.03019,-181.2
36.7401,0.013042,0.012962,0.080,-0.03027,-0.02769,-166.1
36.7601,0.012460,0.012396,0.064,-0.02932,-0.02761,-165.7
36.7802,0.011898,0.011810,0.088,-0.02834,-0.02573,-154.4
36.8001,0.011369,0.011288,0.081,-0.02682,-0.02459,-147.6
36.8201,0.010866,0.010786,0.080,-0.02549,-0.02327,-139.6
36.8401,0.010394,0.010278,0.116,-0.02398,-0.02052,-123.1
36.8601,0.009958,0.009836,0.122,-0.02224,-0.01880,-112.8
36.8801,0.009556,0.009440,0.116,-0.02051,-0.01729,-103.7
36.9001,0.009193,0.009071,0.122,-0.01865,-0.01521,-91.3
36.9201,0.008868,0.008733,0.135,-0.01671,-0.01284,-77.0
36.9402,0.008583,0.008434,0.149,-0.01476,-0.01052,-63.1
36.9601,0.008341,0.008196,0.145,-0.01262,-0.00858,-51.5
36.9801,0.008140,0.007998,0.142,-0.01058,-0.00663,-39.8
37.0001,0.007980,0.007835,0.146,-0.00848,-0.00438,-26.3
37.0201,0.007863,0.007715,0.148,-0.00639,-0.00223,-13.4
37.0401,0.007787,0.007641,0.146,-0.00431,-0.00023,-1.4
37.0601,0.007752,0.007608,0.144,-0.00227,0.00174,10.4
37.0801,0.007757,0.007612,0.145,-0.00027,0.00380,22.8
37.1001,0.007800,0.007634,0.166,0.00168,0.00644,38.6
37.1201,0.007880,0.007705,0.175,0.00355,0.00851,51.0
37.1401,0.007996,0.007832,0.164,0.00534,0.00987,59.2
37.1601,0.008145,0.008001,0.144,0.00703,0.01094,65.7
37.1800,0.008325,0.008199,0.126,0.00861,0.01203,72.2
37.2001,0.008535,0.008421,0.114,0.01010,0.01321,79.3
37.2201,0.008771,0.008668,0.103,0.01148,0.01429,85.7
37.2401,0.009031,0.008932,0.099,0.01270,0.01545,92.7
37.2601,0.009312,0.009227,0.085,0.01378,0.01605,96.3
37.2801,0.009612,0.009536,0.077,0.01476,0.01686,101.2
37.3001,0.009928,0.009858,0.069,0.01557,0.01747,104.8
37.3201,0.010256,0.010198,0.058,0.01626,0.01783,107.0
37.3401,0.010595,0.010549,0.046,0.01679,0.01800,108.0
37.3601,0.010941,0.010908,0.033,0.01720,0.01803,108.2
37.3801,0.011291,0.011269,0.022,0.01746,0.01801,108.1
37.4001,0.011644,0.011636,0.008,0.01761,0.01776,106.6
37.4201,0.011997,0.011990,0.007,0.01762,0.01780,106.8
37.4401,0.012346,0.012344,0.002,0.01749,0.01752,105.1
37.4601,0.012689,0.012703,-0.014,0.01724,0.01675,100.5
37.4801,0.013026,0.013054,-0.028,0.01691,0.01605,96.3
37.5001,0.013353,0.013386,-0.033,0.01647,0.01552,93.1
37.5201,0.013669,0.013708,-0.039,0.01592,0.01481,88.8
37.5401,0.013973,0.014011,-0.039,0.01533,0.01424,85.4
37.5601,0.014262,0.014301,-0.038,0.01466,0.01360,81.6
37.5801,0.014537,0.014588,-0.051,0.01392,0.01243,74.6
37.6001,0.014796,0.014855,-0.058,0.01315,0.01148,68.9
37.6201,0.015039,0.015101,-0.062,0.01233,0.01056,63.4
37.6401,0.015265,0.015324,-0.059,0.01152,0.00989,59.4
37.6601,0.015474,0.015527,-0.053,0.01065,0.00920,55.2
37.6801,0.015667,0.015735,-0.069,0.00983,0.00781,46.9
37.7001,0.015842,0.015901,-0.059,0.00899,0.00738,44.3
37.7201,0.016002,0.016054,-0.052,0.00820,0.00680,40.8
37.7401,0.016147,0.016195,-0.049,0.00743,0.00608,36.5
37.7601,0.016277,0.016326,-0.048,0.00671,0.00535,32.1
37.7802,0.016396,0.016447,-0.051,0.00607,0.00462,27.7
37.8001,0.016501,0.016552,-0.051,0.00544,0.00400,24.0
37.8201,0.016597,0.016642,-0.045,0.00491,0.00370,22.2
37.8401,0.016684,0.016720,-0.036,0.00447,0.00352,21.1
37.8601,0.016764,0.016789,-0.024,0.00411,0.00349,21.0
37.8801,0.016839,0.016855,-0.016,0.00383,0.00344,20.7
37.9001,0.016911,0.016929,-0.018,0.00364,0.00314,18.8
37.9201,0.016982,0.016995,-0.013,0.00356,0.00323,19.4
37.9401,0.017053,0.017060,-0.006,0.00356,0.00343,20.6
37.9601,0.017127,0.017121,0.006,0.00367,0.00391,23.4
37.9801,0.017206,0.017190,0.016,0.00388,0.00438,26.3
38.0001,0.017291,0.017271,0.020,0.00417,0.00475,28.5
38.0201,0.017383,0.017357,0.027,0.00454,0.00532,31.9
38.0401,0.017486,0.017460,0.026,0.00501,0.00573,34.4
38.0601,0.017600,0.017572,0.028,0.00556,0.00635,38.1
38.0801,0.017727,0.017687,0.039,0.00619,0.00736,44.2
38.1001,0.017868,0.017817,0.051,0.00687,0.00836,50.1
38.1201,0.018024,0.017968,0.056,0.00762,0.00922,55.3
38.1401,0.018196,0.018140,0.056,0.00841,0.00998,59.9
38.1601,0.018385,0.018325,0.059,0.00924,0.01093,65.6
38.1801,0.018591,0.018533,0.058,0.01009,0.01170,70.2
38.2001,0.018815,0.018760,0.055,0.01097,0.01248,74.9
38.2201,0.019056,0.018995,0.061,0.01184,0.01358,81.5
38.2401,0.019314,0.019250,0.064,0.01271,0.01454,87.2
38.2601,0.019590,0.019526,0.064,0.01355,0.01533,92.0
38.2801,0.019881,0.019821,0.060,0.01436,0.01602,96.1
38.3001,0.020187,0.020131,0.056,0.01513,0.01668,100.1
38.3201,0.020508,0.020454,0.054,0.01584,0.01734,104.1
38.3401,0.020841,0.020794,0.047,0.01648,0.01775,106.5
38.3601,0.021184,0.021144,0.040,0.01704,0.01811,108.7
38.3801,0.021537,0.021501,0.036,0.01751,0.01849,111.0
38.4001,0.021896,0.021867,0.029,0.01787,0.01863,111.8
38.4201,0.022260,0.022238,0.022,0.01812,0.01869,112.1
38.4401,0.022625,0.022614,0.011,0.01826,0.01851,111.0
38.4601,0.022990,0.022987,0.004,0.01825,0.01831,109.8
38.4801,0.023352,0.023355,-0.003,0.01812,0.01801,108.1
38.5001,0.023708,0.023724,-0.016,0.01785,0.01732,103.9
38.5201,0.024054,0.024080,-0.025,0.01743,0.01667,100.0
38.5401,0.024389,0.024422,-0.033,0.01687,0.01591,95.4
38.5601,0.024709,0.024754,-0.045,0.01616,0.01482,88.9
38.5801,0.025009,0.025066,-0.056,0.01527,0.01362,81.7
38.6001,0.025289,0.025354,-0.065,0.01425,0.01238,74.3
38.6201,0.025545,0.025623,-0.078,0.01308,0.01081,64.9
38.6401,0.025774,0.025861,-0.087,0.01177,0.00929,55.7
38.6601,0.025973,0.026071,-0.098,0.01030,0.00748,44.9
38.6801,0.026139,0.026247,-0.107,0.00872,0.00566,33.9
38.7001,0.026271,0.026385,-0.114,0.00700,0.00376,22.6
38.7201,0.026364,0.026491,-0.126,0.00516,0.00155,9.3
38.7401,0.026419,0.026564,-0.145,0.00320,-0.00098,-5.9
38.7601,0.026432,0.026586,-0.154,0.00116,-0.00322,-19.3
38.7801,0.026402,0.026575,-0.174,-0.00098,-0.00596,-35.8
38.8001,0.026327,0.026520,-0.193,-0.00318,-0.00869,-52.2
38.8201,0.026207,0.026396,-0.189,-0.00545,-0.01073,-64.4
38.8401,0.026040,0.026215,-0.175,-0.00776,-0.01259,-75.5
38.8601,0.025826,0.026002,-0.176,-0.01009,-0.01501,-90.0
38.8801,0.025565,0.025737,-0.172,-0.01247,-0.01725,-103.5
38.9001,0.025257,0.025432,-0.175,-0.01482,-0.01973,-118.4
38.9201,0.024902,0.025080,-0.178,-0.01715,-0.02214,-132.8
38.9401,0.024502,0.024675,-0.173,-0.01944,-0.02426,-145.6
38.9601,0.024057,0.024222,-0.165,-0.02170,-0.02626,-157.6
38.9801,0.023568,0.023724,-0.156,-0.02388,-0.02818,-169.1
39.0001,0.023039,0.023187,-0.148,-0.02595,-0.03005,-180.3
39.0201,0.022470,0.022615,-0.145,-0.02795,-0.03198,-191.9
39.0401,0.021864,0.022003,-0.139,-0.02983,-0.03370,-202.2
39.0601,0.021224,0.021355,-0.131,-0.03159,-0.03522,-211.3
39.0801,0.020551,0.020672,-0.121,-0.03322,-0.03654,-219.3
39.1001,0.019851,0.019962,-0.112,-0.03466,-0.03773,-226.4
39.1201,0.019126,0.019225,-0.098,-0.03591,-0.03858,-231.5
39.1401,0.018381,0.018468,-0.087,-0.03700,-0.03938,-236.3
39.1601,0.017617,0.017691,-0.074,-0.03793,-0.03993,-239.6
39.1801,0.016842,0.016902,-0.059,-0.03858,-0.04016,-240.9
39.2001,0.016058,0.016099,-0.041,-0.03908,-0.04010,-240.6
39.2201,0.015269,0.015295,-0.026,-0.03938,-0.04002,-240.1
39.2401,0.014482,0.014493,-0.011,-0.03937,-0.03958,-237.5
39.2601,0.013696,0.013693,0.004,-0.03929,-0.03911,-234.6
39.2801,0.012921,0.012905,0.015,-0.03889,-0.03840,-230.4
39.3000,0.012158,0.012124,0.034,-0.03828,-0.03722,-223.3
39.3201,0.011412,0.011363,0.049,-0.03752,-0.03605,-216.3
39.3401,0.010687,0.010624,0.063,-0.03648,-0.03464,-207.8
39.3601,0.009989,0.009911,0.078,-0.03522,-0.03295,-197.7
39.3801,0.009321,0.009225,0.096,-0.03375,-0.03095,-185.7
39.4001,0.008688,0.008574,0.114,-0.03209,-0.02880,-172.8
39.4201,0.008092,0.007966,0.126,-0.03026,-0.02667,-160.0
39.4401,0.007536,0.007401,0.135,-0.02830,-0.02447,-146.8
39.4601,0.007026,0.006876,0.150,-0.02606,-0.02177,-130.6
39.4801,0.006562,0.006401,0.161,-0.02377,-0.01921,-115.2
39.5001,0.006148,0.005977,0.171,-0.02130,-0.01646,-98.7
39.5201,0.005787,0.005603,0.184,-0.01871,-0.01347,-80.8
39.5401,0.005479,0.005290,0.190,-0.01604,-0.01069,-64.2
39.5601,0.005229,0.005035,0.194,-0.01324,-0.00778,-46.7
39.5801,0.005034,0.004836,0.199,-0.01042,-0.00483,-29.0
39.6001,0.004899,0.004696,0.203,-0.00750,-0.00177,-10.6
39.6201,0.004822,0.004611,0.212,-0.00457,0.00141,8.5
39.6401,0.004805,0.004592,0.213,-0.00162,0.00434,26.1
39.6601,0.004846,0.004612,0.234,0.00132,0.00799,48.0
39.6801,0.004945,0.004698,0.248,0.00425,0.01126,67.6
39.7001,0.005102,0.004859,0.244,0.00713,0.01393,83.6
39.7201,0.005316,0.005095,0.221,0.00996,0.01603,96.2
39.7401,0.005585,0.005378,0.207,0.01275,0.01845,110.7
39.7601,0.005904,0.005710,0.195,0.01533,0.02070,124.2
39.7801,0.006275,0.006088,0.188,0.01791,0.02312,138.7
39.8001,0.006694,0.006510,0.184,0.02034,0.02547,152.8
39.8201,0.007158,0.006985,0.173,0.02262,0.02739,164.3
39.8401,0.007665,0.007502,0.162,0.02478,0.02926,175.5
39.8601,0.008209,0.008058,0.151,0.02674,0.03091,185.5
39.8801,0.008789,0.008656,0.133,0.02852,0.03213,192.8
39.9001,0.009399,0.009277,0.122,0.03013,0.03348,200.9
39.9201,0.010037,0.009929,0.108,0.03153,0.03449,206.9
39.9401,0.010699,0.010605,0.093,0.03278,0.03531,211.9
39.9601,0.011379,0.011300,0.079,0.03376,0.03588,215.3
39.9801,0.012074,0.012010,0.064,0.03455,0.03624,217.4
40.0001,0.012780,0.012730,0.050,0.03516,0.03649,218.9
40.0299,0.013844,0.013822,0.022,0.04958,0.05002,300.1
40.0477,0.014481,0.014493,-0.012,0.03540,0.03486,209.1
40.0658,0.015123,0.015392,-0.269,0.03276,0.02368,142.1
40.0838,0.015758,0.016001,-0.242,0.03197,0.02535,152.1
40.1027,0.016417,0.016440,-0.024,0.03272,0.03337,200.2
40.1208,0.017034,0.016907,0.126,0.03123,0.03566,214.0
40.1401,0.017677,0.017549,0.128,0.03198,0.03559,213.5
40.1602,0.018327,0.018299,0.028,0.03241,0.03259,195.5
40.1801,0.018946,0.018970,-0.023,0.03124,0.03027,181.6
40.2001,0.019541,0.019613,-0.073,0.03003,0.02770,166.2
40.2201,0.020108,0.020206,-0.097,0.02870,0.02583,155.0
40.2401,0.020641,0.020753,-0.112,0.02706,0.02385,143.1
40.2601,0.021141,0.021261,-0.119,0.02541,0.02203,132.2
40.2801,0.021605,0.021730,-0.125,0.02363,0.02009,120.5
40.3001,0.022031,0.022159,-0.128,0.02178,0.01817,109.0
40.3201,0.022418,0.022554,-0.136,0.01982,0.01595,95.7
40.3401,0.022765,0.022910,-0.145,0.01785,0.01373,82.4
40.3601,0.023072,0.023220,-0.148,0.01585,0.01169,70.1
40.3801,0.023338,0.023483,-0.146,0.01379,0.00973,58.4
40.4001,0.023563,0.023708,-0.145,0.01178,0.00772,46.3
40.4201,0.023748,0.023886,-0.138,0.00975,0.00592,35.5
40.4401,0.023893,0.024030,-0.137,0.00775,0.00392,23.5
40.4601,0.023999,0.024138,-0.139,0.00580,0.00190,11.4
40.4801,0.024068,0.024204,-0.136,0.00389,0.00010,0.6
40.5001,0.024100,0.024232,-0.133,0.00206,-0.00163,-9.8
40.5201,0.024097,0.024229,-0.132,0.00030,-0.00339,-20.4
40.5401,0.024061,0.024210,-0.149,-0.00136,-0.00562,-33.7
40.5601,0.023995,0.024147,-0.152,-0.00293,-0.00720,-43.2
40.5801,0.023900,0.024038,-0.139,-0.00439,-0.00819,-49.1
40.6001,0.023779,0.023894,-0.115,-0.00573,-0.00882,-52.9
40.6201,0.023633,0.023729,-0.096,-0.00696,-0.00952,-57.1
40.6401,0.023468,0.023559,-0.091,-0.00802,-0.01054,-63.3
40.6601,0.023283,0.023370,-0.087,-0.00898,-0.01137,-68.2
40.6801,0.023083,0.023156,-0.073,-0.00979,-0.01174,-70.4
40.7000,0.022871,0.022928,-0.057,-0.01045,-0.01193,-71.6
40.7201,0.022647,0.022694,-0.047,-0.01105,-0.01231,-73.8
40.7401,0.022417,0.022458,-0.041,-0.01144,-0.01256,-75.4
40.7601,0.022181,0.022207,-0.027,-0.01171,-0.01237,-74.2
40.7801,0.021943,0.021957,-0.014,-0.01186,-0.01217,-73.0
40.8001,0.021705,0.021709,-0.004,-0.01188,-0.01192,-71.5
40.8201,0.021470,0.021472,-0.002,-0.01179,-0.01184,-71.0
40.8401,0.021239,0.021229,0.010,-0.01159,-0.01122,-67.3
40.8601,0.021015,0.020998,0.018,-0.01128,-0.01074,-64.4
40.8801,0.020800,0.020773,0.027,-0.01088,-0.01007,-60.4
40.9001,0.020595,0.020566,0.029,-0.01038,-0.00956,-57.4
40.9200,0.020401,0.020369,0.032,-0.00981,-0.00891,-53.4
40.9401,0.020220,0.020181,0.039,-0.00923,-0.00809,-48.5
40.9601,0.020052,0.020008,0.045,-0.00853,-0.00724,-43.5
40.9801,0.019900,0.019845,0.054,-0.00782,-0.00624,-37.4
41.0001,0.019762,0.019705,0.056,-0.00707,-0.00548,-32.9
41.0201,0.019639,0.019585,0.054,-0.00632,-0.00483,-29.0
41.0401,0.019532,0.019484,0.048,-0.00556,-0.00426,-25.5
41.0601,0.019440,0.019392,0.048,-0.00480,-0.00345,-20.7
41.0801,0.019362,0.019308,0.055,-0.00405,-0.00248,-14.9
41.1001,0.019299,0.019240,0.059,-0.00335,-0.00169,-10.1
41.1201,0.019249,0.019197,0.051,-0.00268,-0.00129,-7.7
41.1401,0.019210,0.019165,0.045,-0.00206,-0.00084,-5.0
41.1601,0.019183,0.019139,0.044,-0.00150,-0.00028,-1.7
41.1801,0.019165,0.019124,0.041,-0.00101,0.00011,0.7
41.2001,0.019155,0.019120,0.036,-0.00060,0.00036,2.2
41.2201,0.019152,0.019121,0.031,-0.00027,0.00057,3.4
41.2401,0.019152,0.019122,0.030,-0.00002,0.00082,4.9
41.2601,0.019156,0.019125,0.031,0.00013,0.00101,6.1
41.2801,0.019160,0.019130,0.030,0.00019,0.00103,6.2
41.3002,0.019163,0.019140,0.023,0.00015,0.00074,4.4
41.3201,0.019162,0.019150,0.012,0.00000,0.00000,0.0
41.3401,0.019156,0.019154,0.002,-0.00024,0.00000,0.0
41.3601,0.019143,0.019153,-0.010,-0.00058,0.00000,0.0
41.3801,0.019121,0.019153,-0.032,-0.00101,-0.00204,-12.2
41.4001,0.019087,0.019148,-0.060,-0.00153,-0.00339,-20.4
41.4201,0.019041,0.019120,-0.079,-0.00215,-0.00446,-26.7
41.4401,0.018981,0.019061,-0.080,-0.00284,-0.00509,-30.5
41.4601,0.018905,0.018974,-0.069,-0.00361,-0.00546,-32.8
41.4801,0.018812,0.018871,-0.059,-0.00444,-0.00604,-36.2
41.5001,0.018701,0.018758,-0.057,-0.00534,-0.00693,-41.6
41.5201,0.018570,0.018641,-0.071,-0.00628,-0.00834,-50.1
41.5401,0.018421,0.018502,-0.082,-0.00725,-0.00960,-57.6
41.5602,0.018249,0.018319,-0.069,-0.00830,-0.01017,-61.0
41.5801,0.018060,0.018129,-0.069,-0.00923,-0.01118,-67.1
41.6001,0.017849,0.017920,-0.071,-0.01030,-0.01230,-73.8
41.6201,0.017617,0.017692,-0.075,-0.01132,-0.01344,-80.7
41.6401,0.017366,0.017443,-0.077,-0.01230,-0.01447,-86.8
41.6601,0.017096,0.017166,-0.070,-0.01327,-0.01520,-91.2
41.6801,0.016807,0.016870,-0.063,-0.01419,-0.01591,-95.4
41.7001,0.016502,0.016564,-0.062,-0.01505,-0.01677,-100.6
41.7201,0.016182,0.016243,-0.061,-0.01583,-0.01755,-105.3
41.7401,0.015847,0.015902,-0.054,-0.01654,-0.01801,-108.1
41.7601,0.015501,0.015549,-0.048,-0.01715,-0.01845,-110.7
41.7801,0.015146,0.015186,-0.040,-0.01766,-0.01874,-112.4
41.8001,0.014783,0.014813,-0.031,-0.01806,-0.01886,-113.2
41.8201,0.014415,0.014441,-0.026,-0.01833,-0.01904,-114.2
41.8401,0.014044,0.014061,-0.016,-0.01848,-0.01887,-113.2
41.8601,0.013674,0.013678,-0.004,-0.01849,-0.01852,-111.1
41.8801,0.013308,0.013308,0.000,-0.01835,-0.01832,-109.9
41.9001,0.012948,0.012936,0.012,-0.01807,-0.01768,-106.1
41.9200,0.012598,0.012571,0.026,-0.01763,-0.01681,-100.9
41.9401,0.012258,0.012223,0.035,-0.01712,-0.01609,-96.6
41.9601,0.011936,0.011887,0.049,-0.01631,-0.01487,-89.2
41.9800,0.011631,0.011569,0.062,-0.01543,-0.01361,-81.7
42.0001,0.011348,0.011281,0.067,-0.01443,-0.01252,-75.1
42.0201,0.011089,0.011014,0.075,-0.01324,-0.01109,-66.6
42.0401,0.010858,0.010766,0.092,-0.01189,-0.00921,-55.3
42.0601,0.010656,0.010557,0.100,-0.01044,-0.00760,-45.6
42.0801,0.010487,0.010382,0.105,-0.00886,-0.00589,-35.3
42.1001,0.010353,0.010235,0.118,-0.00714,-0.00377,-22.6
42.1201,0.010256,0.010128,0.127,-0.00532,-0.00170,-10.2
42.1401,0.010198,0.010065,0.133,-0.00339,0.00036,2.1
42.1600,0.010180,0.010044,0.136,-0.00138,0.00243,14.6
42.1801,0.010205,0.010052,0.153,0.00071,0.00508,30.5
42.2000,0.010272,0.010093,0.180,0.00286,0.00805,48.3
42.2201,0.010385,0.010189,0.196,0.00507,0.01065,63.9
42.2401,0.010542,0.010352,0.190,0.00729,0.01256,75.4
42.2601,0.010744,0.010570,0.174,0.00955,0.01432,85.9
42.2801,0.010991,0.010825,0.166,0.01181,0.01642,98.5
42.3001,0.011284,0.011120,0.164,0.01405,0.01863,111.8
42.3201,0.011620,0.011453,0.167,0.01626,0.02096,125.7
42.3400,0.011998,0.011836,0.162,0.01840,0.02290,137.4
42.3601,0.012420,0.012265,0.156,0.02055,0.02487,149.2
42.3801,0.012882,0.012732,0.150,0.02257,0.02674,160.4
42.4001,0.013380,0.013238,0.143,0.02447,0.02841,170.5
42.4201,0.013916,0.013781,0.135,0.02630,0.03002,180.1
42.4401,0.014485,0.014355,0.129,0.02802,0.03162,189.7
42.4600,0.015083,0.014965,0.118,0.02955,0.03280,196.8
42.4800,0.015711,0.015606,0.105,0.03101,0.03386,203.2
42.5001,0.016363,0.016268,0.096,0.03230,0.03492,209.5
42.5201,0.017037,0.016952,0.085,0.03339,0.03571,214.3
42.5401,0.017727,0.017656,0.071,0.03428,0.03619,217.1
42.5601,0.018430,0.018371,0.059,0.03499,0.03658,219.5
42.5801,0.019143,0.019097,0.045,0.03549,0.03668,220.1
42.6001,0.019861,0.019828,0.032,0.03582,0.03664,219.8
42.6202,0.020586,0.020599,-0.013,0.03618,0.03554,213.2
42.6401,0.021297,0.021295,0.002,0.03569,0.03585,215.1
42.6601,0.022009,0.022004,0.006,0.03562,0.03580,214.8
42.6802,0.022714,0.022758,-0.044,0.03529,0.03375,202.5
42.7001,0.023392,0.023435,-0.042,0.03420,0.03303,198.2
42.7201,0.024059,0.024104,-0.045,0.03351,0.03224,193.4
42.7401,0.024703,0.024761,-0.058,0.03246,0.03074,184.4
42.7601,0.025319,0.025399,-0.081,0.03112,0.02872,172.3
42.7801,0.025904,0.026004,-0.100,0.02965,0.02673,160.4
42.8001,0.026457,0.026569,-0.112,0.02803,0.02481,148.9
42.8201,0.026973,0.027093,-0.120,0.02627,0.02287,137.2
42.8401,0.027450,0.027579,-0.128,0.02434,0.02070,124.2
42.8601,0.027885,0.028023,-0.138,0.02227,0.01835,110.1
42.8801,0.028276,0.028425,-0.148,0.02010,0.01588,95.3
42.9001,0.028621,0.028782,-0.161,0.01781,0.01324,79.4
42.9201,0.028917,0.029084,-0.167,0.01541,0.01070,64.2
42.9401,0.029164,0.029334,-0.170,0.01296,0.00820,49.2
42.9601,0.029361,0.029537,-0.176,0.01045,0.00549,33.0
42.9801,0.029506,0.029688,-0.182,0.00790,0.00277,16.6
43.0001,0.029600,0.029782,-0.182,0.00535,0.00025,1.5
43.0201,0.029643,0.029819,-0.176,0.00278,-0.00211,-12.7
43.0401,0.029635,0.029814,-0.179,0.00023,-0.00479,-28.7
43.0601,0.029577,0.029779,-0.202,-0.00227,-0.00807,-48.4
43.0801,0.029470,0.029690,-0.220,-0.00473,-0.01100,-66.0
43.1001,0.029316,0.029527,-0.211,-0.00713,-0.01298,-77.9
43.1201,0.029115,0.029305,-0.189,-0.00943,-0.01461,-87.7
43.1401,0.028872,0.029041,-0.170,-0.01163,-0.01626,-97.6
43.1601,0.028587,0.028742,-0.154,-0.01371,-0.01793,-107.6
43.1801,0.028264,0.028414,-0.150,-0.01568,-0.01985,-119.1
43.2001,0.027905,0.028045,-0.139,-0.01749,-0.02133,-128.0
43.2202,0.027513,0.027640,-0.127,-0.01919,-0.02267,-136.0
43.2401,0.027095,0.027209,-0.115,-0.02056,-0.02369,-142.1
43.2601,0.026650,0.026751,-0.101,-0.02191,-0.02467,-148.0
43.2801,0.026184,0.026275,-0.092,-0.02303,-0.02553,-153.2
43.3001,0.025700,0.025775,-0.075,-0.02397,-0.02597,-155.8
43.3201,0.025201,0.025262,-0.061,-0.02474,-0.02635,-158.1
43.3400,0.024696,0.024741,-0.044,-0.02514,-0.02628,-157.7
43.3602,0.024179,0.024213,-0.034,-0.02571,-0.02660,-159.6
43.3801,0.023668,0.023683,-0.015,-0.02557,-0.02587,-155.2
43.4001,0.023157,0.023152,0.005,-0.02558,-0.02533,-152.0
43.4201,0.022653,0.022640,0.013,-0.02529,-0.02487,-149.2
43.4401,0.022158,0.022134,0.025,-0.02482,-0.02407,-144.4
43.4601,0.021679,0.021639,0.040,-0.02415,-0.02295,-137.7
43.4801,0.021218,0.021162,0.056,-0.02328,-0.02163,-129.8
43.5001,0.020778,0.020708,0.070,-0.02223,-0.02017,-121.0
43.5201,0.020363,0.020283,0.080,-0.02106,-0.01876,-112.5
43.5401,0.019976,0.019883,0.093,-0.01969,-0.01701,-102.0
43.5601,0.019620,0.019513,0.107,-0.01818,-0.01511,-90.7
43.5801,0.019297,0.019182,0.116,-0.01654,-0.01324,-79.5
43.6001,0.019010,0.018885,0.125,-0.01479,-0.01124,-67.4
43.6201,0.018761,0.018632,0.129,-0.01292,-0.00927,-55.6
43.6401,0.018552,0.018423,0.128,-0.01096,-0.00737,-44.2
43.6601,0.018383,0.018241,0.142,-0.00894,-0.00489,-29.3
43.6801,0.018256,0.018104,0.152,-0.00686,-0.00253,-15.2
43.7001,0.018172,0.018023,0.149,-0.00473,-0.00058,-3.5
43.7201,0.018131,0.017980,0.151,-0.00258,0.00165,9.9
43.7401,0.018134,0.017973,0.161,-0.00042,0.00413,24.8
43.7602,0.018179,0.017996,0.183,0.00174,0.00702,42.1
43.7801,0.018267,0.018080,0.187,0.00384,0.00909,54.5
43.8001,0.018396,0.018218,0.178,0.00595,0.01089,65.3
43.8201,0.018566,0.018402,0.164,0.00798,0.01247,74.8
43.8401,0.018775,0.018629,0.146,0.00995,0.01394,83.6
43.8601,0.019021,0.018877,0.144,0.01186,0.01588,95.3
43.8801,0.019302,0.019166,0.136,0.01360,0.01735,104.1
43.9001,0.019616,0.019488,0.128,0.01529,0.01883,113.0
43.9201,0.019961,0.019841,0.120,0.01687,0.02019,121.2
43.9401,0.020334,0.020224,0.111,0.01829,0.02134,128.1
43.9601,0.020733,0.020634,0.099,0.01960,0.02232,133.9
43.9801,0.021154,0.021065,0.089,0.02075,0.02317,139.0
44.0001,0.021594,0.021516,0.078,0.02175,0.02386,143.2
44.0201,0.022050,0.021984,0.066,0.02262,0.02441,146.5
44.0401,0.022520,0.022463,0.056,0.02329,0.02481,148.8
44.0601,0.022999,0.022954,0.045,0.02383,0.02504,150.2
44.0801,0.023484,0.023452,0.033,0.02418,0.02502,150.1
44.1001,0.023973,0.023952,0.022,0.02440,0.02494,149.6
44.1201,0.024463,0.024453,0.010,0.02445,0.02467,148.0
44.1402,0.024952,0.024952,0.000,0.02447,0.02441,146.5
44.1601,0.025431,0.025444,-0.013,0.02404,0.02358,141.5
44.1801,0.025905,0.025928,-0.023,0.02376,0.02304,138.3
44.2001,0.026365,0.026394,-0.029,0.02315,0.02231,133.8
44.2201,0.026812,0.026853,-0.040,0.02254,0.02134,128.0
44.2401,0.027243,0.027294,-0.051,0.02174,0.02026,121.6
44.2601,0.027657,0.027717,-0.061,0.02089,0.01913,114.8
44.2801,0.028049,0.028117,-0.068,0.01986,0.01791,107.4
44.3001,0.028420,0.028493,-0.072,0.01883,0.01678,100.7
44.3201,0.028767,0.028844,-0.077,0.01764,0.01544,92.7
44.3401,0.029090,0.029175,-0.084,0.01646,0.01405,84.3
44.3602,0.029389,0.029479,-0.090,0.01523,0.01269,76.1
44.3801,0.029659,0.029752,-0.094,0.01384,0.01118,67.1
44.4001,0.029904,0.029995,-0.091,0.01257,0.01003,60.2
44.4201,0.030122,0.030211,-0.089,0.01124,0.00876,52.5
44.4401,0.030313,0.030404,-0.090,0.00992,0.00739,44.3
44.4601,0.030479,0.030575,-0.096,0.00859,0.00586,35.2
44.4801,0.030618,0.030714,-0.096,0.00731,0.00464,27.8
44.5001,0.030734,0.030821,-0.087,0.00607,0.00368,22.1
44.5201,0.030825,0.030910,-0.085,0.00486,0.00249,14.9
44.5401,0.030893,0.030975,-0.082,0.00372,0.00145,8.7
44.5601,0.030941,0.031020,-0.079,0.00266,0.00046,2.7
44.5801,0.030970,0.031048,-0.078,0.00167,-0.00051,-3.0
44.6001,0.030981,0.031055,-0.074,0.00077,-0.00129,-7.7
44.6201,0.030976,0.031051,-0.076,-0.00004,-0.00218,-13.1
44.6401,0.030957,0.031038,-0.081,-0.00075,-0.00306,-18.4
44.6601,0.030927,0.031004,-0.077,-0.00136,-0.00348,-20.9
44.6801,0.030887,0.030947,-0.060,-0.00186,-0.00344,-20.7
44.7002,0.030840,0.030885,-0.045,-0.00226,-0.00344,-20.7
44.7202,0.030788,0.030819,-0.031,-0.00253,-0.00331,-19.9
44.7401,0.030733,0.030753,-0.019,-0.00268,-0.00315,-18.9
44.7601,0.030678,0.030695,-0.017,-0.00276,-0.00321,-19.3
44.7802,0.030624,0.030633,-0.009,-0.00272,-0.00294,-17.6
44.8001,0.030573,0.030575,-0.002,-0.00257,-0.00257,-15.4
44.8201,0.030528,0.030522,0.006,-0.00233,-0.00211,-12.7
44.8401,0.030489,0.030470,0.019,-0.00200,-0.00138,-8.3
44.8601,0.030460,0.030430,0.030,-0.00158,-0.00067,-4.0
44.8801,0.030440,0.030409,0.032,-0.00109,-0.00019,-1.2
44.9001,0.030433,0.030400,0.033,-0.00053,0.00038,2.3
44.9201,0.030437,0.030400,0.038,0.00008,0.00117,7.0
44.9401,0.030456,0.030403,0.052,0.00075,0.00230,13.8
44.9601,0.030488,0.030414,0.074,0.00145,0.00364,21.9
44.9801,0.030535,0.030451,0.085,0.00217,0.00460,27.6
45.0000,0.030597,0.030517,0.080,0.00291,0.00513,30.8
45.0300,0.030717,0.030656,0.061,0.00539,0.00698,41.9
45.0479,0.030805,0.030748,0.057,0.00458,0.00614,36.9
45.0658,0.030903,0.030866,0.037,0.00485,0.00578,34.7
45.0838,0.031013,0.030974,0.039,0.00536,0.00645,38.7
45.1017,0.031132,0.031081,0.052,0.00585,0.00737,44.2
45.1201,0.031263,0.031194,0.069,0.00641,0.00845,50.7
45.1401,0.031416,0.031341,0.075,0.00737,0.00950,57.0
45.1601,0.031576,0.031518,0.058,0.00790,0.00942,56.5
45.1801,0.031744,0.031711,0.033,0.00827,0.00904,54.2
45.2001,0.031916,0.031897,0.019,0.00855,0.00901,54.1
45.2201,0.032090,0.032078,0.012,0.00867,0.00896,53.8
45.2402,0.032266,0.032255,0.011,0.00878,0.00909,54.5
45.2601,0.032438,0.032436,0.002,0.00863,0.00862,51.7
45.2801,0.032606,0.032621,-0.015,0.00846,0.00794,47.6
45.3001,0.032768,0.032791,-0.023,0.00815,0.00744,44.6
45.3201,0.032920,0.032947,-0.027,0.00772,0.00693,41.6
45.3401,0.033060,0.033095,-0.035,0.00716,0.00613,36.8
45.3601,0.033187,0.033230,-0.044,0.00648,0.00521,31.3
45.3800,0.033296,0.033345,-0.049,0.00567,0.00427,25.6
45.4001,0.033386,0.033447,-0.060,0.00476,0.00300,18.0
45.4202,0.033456,0.033528,-0.072,0.00372,0.00163,9.8
45.4401,0.033501,0.033586,-0.085,0.00256,0.00011,0.6
45.4601,0.033521,0.033610,-0.089,0.00130,-0.00122,-7.3
45.4801,0.033513,0.033608,-0.095,-0.00004,-0.00272,-16.3
45.5001,0.033477,0.033596,-0.120,-0.00148,-0.00497,-29.8
45.5201,0.033409,0.033553,-0.144,-0.00298,-0.00716,-43.0
45.5401,0.033310,0.033453,-0.143,-0.00456,-0.00857,-51.4
45.5601,0.033178,0.033310,-0.132,-0.00621,-0.00984,-59.0
45.5801,0.033012,0.033137,-0.125,-0.00787,-0.01132,-67.9
45.6001,0.032813,0.032936,-0.124,-0.00956,-0.01301,-78.1
45.6201,0.032579,0.032704,-0.125,-0.01126,-0.01477,-88.6
45.6401,0.032310,0.032440,-0.130,-0.01299,-0.01667,-100.0
45.6601,0.032008,0.032134,-0.126,-0.01469,-0.01819,-109.2
45.6801,0.031673,0.031792,-0.120,-0.01636,-0.01967,-118.0
45.7001,0.031305,0.031424,-0.119,-0.01799,-0.02133,-128.0
45.7201,0.030905,0.031023,-0.118,-0.01959,-0.02287,-137.2
45.7401,0.030478,0.030587,-0.109,-0.02101,-0.02401,-144.0
45.7601,0.030022,0.030124,-0.102,-0.02242,-0.02523,-151.4
45.7801,0.029541,0.029637,-0.095,-0.02372,-0.02635,-158.1
45.8001,0.029037,0.029127,-0.090,-0.02493,-0.02742,-164.5
45.8201,0.028512,0.028594,-0.082,-0.02598,-0.02822,-169.3
45.8401,0.027970,0.028043,-0.073,-0.02688,-0.02887,-173.2
45.8601,0.027412,0.027476,-0.063,-0.02767,-0.02937,-176.2
45.8801,0.026845,0.026895,-0.050,-0.02824,-0.02957,-177.4
45.9002,0.026265,0.026308,-0.042,-0.02884,-0.02998,-179.9
45.9201,0.025689,0.025713,-0.025,-0.02883,-0.02941,-176.5
45.9402,0.025106,0.025115,-0.009,-0.02908,-0.02925,-175.5
45.9601,0.024531,0.024530,0.002,-0.02880,-0.02869,-172.1
45.9801,0.023961,0.023949,0.012,-0.02858,-0.02818,-169.1
46.0001,0.023402,0.023378,0.024,-0.02806,-0.02731,-163.9
46.0201,0.022858,0.022817,0.041,-0.02738,-0.02612,-156.7
46.0401,0.022333,0.022277,0.056,-0.02649,-0.02485,-149.1
46.0601,0.021830,0.021757,0.073,-0.02540,-0.02326,-139.6
46.0801,0.021355,0.021270,0.085,-0.02410,-0.02166,-130.0
46.1001,0.020908,0.020811,0.097,-0.02268,-0.01988,-119.3
46.1201,0.020497,0.020388,0.109,-0.02099,-0.01787,-107.2
46.1401,0.020121,0.020000,0.121,-0.01921,-0.01575,-94.5
46.1601,0.019785,0.019652,0.134,-0.01728,-0.01345,-80.7
46.1801,0.019493,0.019353,0.140,-0.01514,-0.01120,-67.2
46.2001,0.019246,0.019092,0.154,-0.01291,-0.00851,-51.0
46.2201,0.019048,0.018884,0.164,-0.01052,-0.00586,-35.1
46.2401,0.018899,0.018725,0.174,-0.00805,-0.00313,-18.8
46.2601,0.018802,0.018625,0.177,-0.00549,-0.00052,-3.1
46.2801,0.018759,0.018580,0.179,-0.00283,0.00218,13.1
46.3001,0.018770,0.018584,0.186,-0.00012,0.00513,30.8
46.3201,0.018836,0.018617,0.220,0.00263,0.00898,53.9
46.3401,0.018958,0.018721,0.237,0.00540,0.01215,72.9
46.3601,0.019136,0.018903,0.233,0.00820,0.01470,88.2
46.3801,0.019369,0.019154,0.216,0.01096,0.01690,101.4
46.4001,0.019657,0.019452,0.205,0.01370,0.01936,116.2
46.4201,0.019999,0.019799,0.200,0.01641,0.02197,131.8
46.4401,0.020393,0.020195,0.198,0.01905,0.02457,147.4
46.4601,0.020837,0.020648,0.189,0.02156,0.02679,160.7
46.4801,0.021329,0.021148,0.181,0.02403,0.02906,174.3
46.5001,0.021869,0.021696,0.174,0.02640,0.03121,187.3
46.5201,0.022451,0.022285,0.166,0.02857,0.03318,199.1
46.5401,0.023074,0.022920,0.153,0.03060,0.03482,208.9
46.5601,0.023733,0.023593,0.140,0.03251,0.03636,218.2
46.5801,0.024426,0.024297,0.129,0.03421,0.03776,226.5
46.6001,0.025148,0.025033,0.116,0.03573,0.03889,233.3
46.6201,0.025898,0.025797,0.101,0.03712,0.03985,239.1
46.6401,0.026668,0.026580,0.088,0.03822,0.04060,243.6
46.6601,0.027455,0.027381,0.074,0.03914,0.04114,246.8
46.6801,0.028256,0.028198,0.058,0.03987,0.04140,248.4
46.7000,0.029064,0.029023,0.041,0.04030,0.04135,248.1
46.7201,0.029879,0.029851,0.029,0.04066,0.04139,248.3
46.7401,0.030693,0.030679,0.014,0.04067,0.04097,245.8
46.7601,0.031500,0.031504,-0.004,0.04042,0.04020,241.2
46.7801,0.032298,0.032320,-0.022,0.04003,0.03932,235.9
46.8001,0.033084,0.033120,-0.036,0.03942,0.03831,229.8
46.8201,0.033851,0.033902,-0.051,0.03859,0.03709,222.6
46.8401,0.034595,0.034666,-0.070,0.03748,0.03539,212.4
46.8601,0.035314,0.035400,-0.086,0.03624,0.03375,202.5
46.8801,0.036003,0.036098,-0.095,0.03481,0.03209,192.5
46.9001,0.036658,0.036768,-0.109,0.03317,0.03003,180.2
46.9201,0.037277,0.037399,-0.121,0.03140,0.02792,167.5
46.9402,0.037860,0.037988,-0.128,0.02960,0.02599,155.9
46.9601,0.038395,0.038538,-0.143,0.02731,0.02321,139.2
46.9801,0.038885,0.039045,-0.160,0.02505,0.02047,122.8
47.0001,0.039330,0.039494,-0.165,0.02281,0.01817,109.0
47.0201,0.039726,0.039891,-0.165,0.02039,0.01577,94.6
47.0401,0.040072,0.040241,-0.170,0.01792,0.01314,78.8
47.0601,0.040366,0.040544,-0.178,0.01535,0.01032,61.9
47.0802,0.040609,0.040795,-0.186,0.01281,0.00756,45.4
47.1001,0.040798,0.040985,-0.187,0.01011,0.00487,29.2
47.1201,0.040935,0.041123,-0.188,0.00750,0.00224,13.4
47.1401,0.041020,0.041202,-0.183,0.00489,-0.00019,-1.2
47.1601,0.041053,0.041234,-0.181,0.00229,-0.00276,-16.6
47.1802,0.041035,0.041226,-0.191,-0.00026,-0.00567,-34.0
47.2001,0.040968,0.041178,-0.211,-0.00273,-0.00876,-52.5
47.2201,0.040853,0.041064,-0.211,-0.00514,-0.01105,-66.3
47.2401,0.040692,0.040884,-0.192,-0.00747,-0.01274,-76.4
47.2601,0.040487,0.040661,-0.175,-0.00969,-0.01448,-86.9
47.2801,0.040239,0.040405,-0.166,-0.01183,-0.01642,-98.5
47.3001,0.039954,0.040106,-0.152,-0.01378,-0.01797,-107.8
47.3201,0.039632,0.039768,-0.135,-0.01563,-0.01932,-115.9
47.3401,0.039278,0.039407,-0.129,-0.01730,-0.02087,-125.2
47.3601,0.038893,0.039013,-0.120,-0.01886,-0.02217,-133.0
47.3801,0.038481,0.038587,-0.106,-0.02025,-0.02313,-138.8
47.4001,0.038046,0.038140,-0.094,-0.02145,-0.02402,-144.1
47.4201,0.037591,0.037672,-0.080,-0.02248,-0.02464,-147.9
47.4401,0.037119,0.037187,-0.069,-0.02339,-0.02524,-151.4
47.4601,0.036634,0.036691,-0.057,-0.02408,-0.02562,-153.7
47.4801,0.036140,0.036184,-0.044,-0.02457,-0.02574,-154.4
47.5001,0.035639,0.035670,-0.031,-0.02495,-0.02575,-154.5
47.5201,0.035135,0.035156,-0.021,-0.02515,-0.02566,-154.0
47.5401,0.034631,0.034640,-0.009,-0.02517,-0.02534,-152.0
47.5601,0.034132,0.034127,0.004,-0.02503,-0.02483,-149.0
47.5801,0.033637,0.033622,0.015,-0.02478,-0.02428,-145.7
47.6001,0.033152,0.033128,0.024,-0.02436,-0.02362,-141.7
47.6201,0.032680,0.032644,0.036,-0.02375,-0.02267,-136.0
47.6401,0.032221,0.032176,0.045,-0.02310,-0.02177,-130.6
47.6601,0.031779,0.031724,0.055,-0.02231,-0.02073,-124.4
47.6802,0.031352,0.031297,0.055,-0.02155,-0.02001,-120.1
47.7001,0.030950,0.030886,0.064,-0.02036,-0.01851,-111.1
47.7200,0.030568,0.030494,0.074,-0.01936,-0.01723,-103.4
47.7401,0.030208,0.030130,0.077,-0.01830,-0.01612,-96.7
47.7601,0.029871,0.029790,0.081,-0.01713,-0.01483,-89.0
47.7801,0.029558,0.029476,0.083,-0.01592,-0.01360,-81.6
47.8001,0.029271,0.029186,0.085,-0.01469,-0.01230,-73.8
47.8201,0.029008,0.028918,0.090,-0.01344,-0.01089,-65.3
47.8401,0.028770,0.028678,0.091,-0.01224,-0.00968,-58.1
47.8601,0.028555,0.028475,0.081,-0.01101,-0.00881,-52.9
47.8801,0.028366,0.028284,0.082,-0.00979,-0.00750,-45.0
47.9000,0.028199,0.028113,0.086,-0.00863,-0.00620,-37.2
47.9201,0.028053,0.027971,0.082,-0.00755,-0.00527,-31.6
47.9401,0.027928,0.027851,0.078,-0.00650,-0.00436,-26.1
47.9601,0.027824,0.027749,0.075,-0.00550,-0.00341,-20.5
47.9801,0.027736,0.027673,0.063,-0.00460,-0.00289,-17.4
48.0001,0.027665,0.027608,0.057,-0.00377,-0.00222,-13.3
48.0201,0.027608,0.027560,0.048,-0.00303,-0.00174,-10.5
48.0401,0.027563,0.027523,0.040,-0.00239,-0.00132,-7.9
48.0602,0.027529,0.027491,0.038,-0.00184,-0.00078,-4.7
48.0801,0.027504,0.027464,0.039,-0.00138,-0.00027,-1.6
48.1001,0.027485,0.027450,0.035,-0.00103,-0.00008,-0.5
48.1201,0.027471,0.027446,0.025,-0.00078,-0.00014,-0.8
48.1401,0.027459,0.027445,0.014,-0.00062,0.00000,0.0
48.1601,0.027448,0.027443,0.005,-0.00056,0.00000,0.0
48.1801,0.027436,0.027443,-0.007,-0.00059,0.00000,0.0
48.2001,0.027421,0.027443,-0.022,-0.00071,-0.00140,-8.4
48.2201,0.027402,0.027439,-0.037,-0.00091,-0.00204,-12.2
48.2401,0.027377,0.027410,-0.034,-0.00119,-0.00212,-12.7
48.2601,0.027344,0.027371,-0.026,-0.00153,-0.00223,-13.4
48.2801,0.027304,0.027324,-0.021,-0.00194,-0.00248,-14.9
48.3001,0.027253,0.027275,-0.021,-0.00239,-0.00299,-17.9
48.3201,0.027193,0.027224,-0.031,-0.00288,-0.00379,-22.8
48.3400,0.027123,0.027160,-0.037,-0.00340,-0.00449,-27.0
48.3601,0.027041,0.027078,-0.037,-0.00395,-0.00498,-29.9
48.3801,0.026948,0.026988,-0.040,-0.00450,-0.00565,-33.9
48.4001,0.026845,0.026884,-0.040,-0.00504,-0.00614,-36.9
48.4201,0.026730,0.026765,-0.035,-0.00558,-0.00653,-39.2
48.4401,0.026606,0.026644,-0.037,-0.00607,-0.00713,-42.8
48.4601,0.026473,0.026515,-0.042,-0.00655,-0.00776,-46.6
48.4801,0.026331,0.026367,-0.036,-0.00698,-0.00795,-47.7
48.5001,0.026182,0.026203,-0.021,-0.00734,-0.00783,-47.0
48.5201,0.026028,0.026045,-0.017,-0.00764,-0.00808,-48.5
48.5401,0.025870,0.025885,-0.015,-0.00785,-0.00826,-49.6
48.5601,0.025710,0.025723,-0.013,-0.00798,-0.00833,-50.0
48.5802,0.025549,0.025559,-0.011,-0.00805,-0.00833,-50.0
48.6002,0.025389,0.025392,-0.003,-0.00798,-0.00800,-48.0
48.6201,0.025236,0.025225,0.011,-0.00775,-0.00736,-44.1
48.6401,0.025087,0.025068,0.020,-0.00749,-0.00689,-41.3
48.6601,0.024947,0.024923,0.024,-0.00710,-0.00640,-38.4
48.6800,0.024819,0.024788,0.031,-0.00656,-0.00566,-33.9
48.7001,0.024703,0.024667,0.036,-0.00594,-0.00491,-29.5
48.7201,0.024603,0.024559,0.044,-0.00519,-0.00391,-23.4
48.7401,0.024522,0.024469,0.052,-0.00429,-0.00278,-16.7
48.7601,0.024461,0.024398,0.063,-0.00329,-0.00147,-8.8
48.7801,0.024423,0.024349,0.074,-0.00218,-0.00003,-0.2
48.8001,0.024410,0.024322,0.088,-0.00095,0.00158,9.5
48.8201,0.024424,0.024324,0.099,0.00037,0.00323,19.4
48.8401,0.024467,0.024340,0.127,0.00180,0.00551,33.0
48.8601,0.024541,0.024399,0.142,0.00331,0.00739,44.3
48.8801,0.024647,0.024506,0.141,0.00491,0.00884,53.1
48.9001,0.024786,0.024654,0.133,0.00655,0.01021,61.3
48.9201,0.024961,0.024829,0.132,0.00831,0.01200,72.0
48.9401,0.025171,0.025038,0.133,0.01005,0.01379,82.8
48.9601,0.025417,0.025284,0.134,0.01185,0.01560,93.6
48.9802,0.025701,0.025566,0.135,0.01374,0.01752,105.1
49.0001,0.026018,0.025887,0.131,0.01542,0.01905,114.3
49.0201,0.026373,0.026245,0.128,0.01729,0.02087,125.2
49.0401,0.026764,0.026634,0.130,0.01909,0.02272,136.3
49.0601,0.027190,0.027058,0.132,0.02086,0.02456,147.4
49.0801,0.027650,0.027521,0.129,0.02257,0.02617,157.0
49.1001,0.028142,0.028019,0.123,0.02419,0.02759,165.5
49.1201,0.028665,0.028552,0.113,0.02576,0.02885,173.1
49.1401,0.029216,0.029111,0.105,0.02720,0.03009,180.5
49.1601,0.029794,0.029696,0.097,0.02855,0.03123,187.4
49.1801,0.030395,0.030305,0.090,0.02978,0.03226,193.6
49.2001,0.031018,0.030934,0.084,0.03087,0.03319,199.1
49.2201,0.031659,0.031588,0.072,0.03182,0.03375,202.5
49.2401,0.032315,0.032253,0.062,0.03259,0.03427,205.6
49.2601,0.032982,0.032934,0.048,0.03322,0.03448,206.9
49.2801,0.033659,0.033625,0.034,0.03370,0.03457,207.4
49.3001,0.034337,0.034313,0.024,0.03387,0.03447,206.8
49.3201,0.035018,0.035004,0.013,0.03400,0.03431,205.8
49.3401,0.035694,0.035696,-0.002,0.03387,0.03373,202.4
49.3601,0.036364,0.036378,-0.015,0.03355,0.03306,198.3
49.3801,0.037022,0.037050,-0.028,0.03304,0.03218,193.1
49.4001,0.037665,0.037707,-0.042,0.03233,0.03108,186.5
49.4201,0.038289,0.038343,-0.055,0.03141,0.02980,178.8
49.4401,0.038890,0.038957,-0.067,0.03033,0.02838,170.3
49.4601,0.039464,0.039547,-0.083,0.02903,0.02660,159.6
49.4801,0.040007,0.040105,-0.098,0.02754,0.02471,148.3
49.5001,0.040518,0.040630,-0.112,0.02593,0.02270,136.2
49.5201,0.040989,0.041113,-0.123,0.02406,0.02053,123.2
49.5401,0.041421,0.041554,-0.133,0.02208,0.01831,109.9
49.5601,0.041810,0.041954,-0.144,0.01996,0.01587,95.2
49.5801,0.042152,0.042307,-0.155,0.01769,0.01330,79.8
49.6001,0.042446,0.042614,-0.167,0.01530,0.01053,63.2
49.6201,0.042690,0.042864,-0.174,0.01281,0.00789,47.4
49.6401,0.042882,0.043061,-0.179,0.01023,0.00518,31.1
49.6601,0.043019,0.043202,-0.182,0.00755,0.00243,14.6
49.6801,0.043102,0.043289,-0.186,0.00483,-0.00042,-2.5
49.7001,0.043130,0.043321,-0.191,0.00207,-0.00331,-19.9
49.7201,0.043102,0.043311,-0.209,-0.00072,-0.00669,-40.1
49.7401,0.043017,0.043250,-0.233,-0.00352,-0.01017,-61.0
49.7601,0.042877,0.043115,-0.237,-0.00630,-0.01298,-77.9
49.7801,0.042682,0.042905,-0.223,-0.00906,-0.01520,-91.2
49.8001,0.042434,0.042641,-0.208,-0.01177,-0.01749,-104.9
49.8201,0.042132,0.042333,-0.201,-0.01441,-0.02001,-120.1
49.8401,0.041780,0.041973,-0.193,-0.01697,-0.02231,-133.9
49.8601,0.041379,0.041560,-0.181,-0.01943,-0.02444,-146.7
49.8801,0.040931,0.041105,-0.174,-0.02180,-0.02664,-159.8
49.9001,0.040441,0.040606,-0.165,-0.02397,-0.02854,-171.2
49.9201,0.039909,0.040063,-0.154,-0.02606,-0.03032,-181.9
49.9401,0.039340,0.039483,-0.144,-0.02798,-0.03194,-191.6
49.9601,0.038737,0.038868,-0.131,-0.02972,-0.03333,-200.0
49.9801,0.038104,0.038220,-0.116,-0.03126,-0.03443,-206.6
50.0001,0.037446,0.037547,-0.102,-0.03258,-0.03534,-212.0
50.0300,0.036418,0.036498,-0.080,-0.04762,-0.04972,-298.3
50.0477,0.035792,0.035845,-0.053,-0.03455,-0.03586,-215.2
50.0658,0.035144,0.034953,0.191,-0.03284,-0.02604,-156.2
50.0839,0.034487,0.034325,0.162,-0.03287,-0.02852,-171.1
50.1019,0.033830,0.033864,-0.034,-0.03283,-0.03495,-209.7
50.1201,0.033167,0.033342,-0.175,-0.03311,-0.03887,-233.2
50.1401,0.032439,0.032623,-0.184,-0.03572,-0.04093,-245.6
50.1601,0.031719,0.031834,-0.116,-0.03595,-0.03878,-232.7
50.1801,0.031013,0.031019,-0.006,-0.03541,-0.03492,-209.5
50.2001,0.030322,0.030257,0.065,-0.03474,-0.03249,-194.9
50.2201,0.029651,0.029569,0.082,-0.03379,-0.03141,-188.5
50.2401,0.029003,0.028927,0.076,-0.03267,-0.03059,-183.5
50.2601,0.028383,0.028306,0.077,-0.03135,-0.02920,-175.2
50.2801,0.027792,0.027696,0.096,-0.02989,-0.02710,-162.6
50.3001,0.027234,0.027123,0.111,-0.02829,-0.02508,-150.5
50.3201,0.026714,0.026591,0.123,-0.02647,-0.02294,-137.7
50.3401,0.026232,0.026100,0.132,-0.02458,-0.02082,-124.9
50.3601,0.025791,0.025651,0.140,-0.02256,-0.01859,-111.6
50.3801,0.025392,0.025246,0.146,-0.02045,-0.01632,-97.9
50.4001,0.025038,0.024884,0.154,-0.01825,-0.01388,-83.3
50.4201,0.024730,0.024570,0.160,-0.01598,-0.01146,-68.7
50.4401,0.024467,0.024309,0.159,-0.01371,-0.00928,-55.7
50.4601,0.024252,0.024086,0.166,-0.01136,-0.00668,-40.1
50.4801,0.024084,0.023913,0.171,-0.00899,-0.00419,-25.1
50.5001,0.023962,0.023790,0.173,-0.00665,-0.00180,-10.8
50.5201,0.023887,0.023721,0.166,-0.00433,0.00028,1.7
50.5401,0.023858,0.023699,0.159,-0.00205,0.00235,14.1
50.5601,0.023873,0.023706,0.166,0.00018,0.00489,29.3
50.5802,0.023931,0.023745,0.186,0.00236,0.00769,46.1
50.6001,0.024029,0.023835,0.194,0.00440,0.00987,59.2
50.6201,0.024167,0.023992,0.174,0.00640,0.01116,67.0
50.6401,0.024341,0.024190,0.152,0.00827,0.01237,74.2
50.6601,0.024550,0.024416,0.134,0.00999,0.01365,81.9
50.6801,0.024791,0.024668,0.122,0.01162,0.01497,89.8
50.7001,0.025060,0.024945,0.114,0.01308,0.01623,97.4
50.7201,0.025354,0.025250,0.104,0.01438,0.01723,103.4
50.7401,0.025670,0.025576,0.094,0.01555,0.01812,108.7
50.7601,0.026006,0.025925,0.082,0.01654,0.01876,112.6
50.7801,0.026358,0.026291,0.068,0.01738,0.01919,115.1
50.8001,0.026722,0.026672,0.051,0.01805,0.01936,116.2
50.8201,0.027094,0.027055,0.039,0.01847,0.01949,116.9
50.8401,0.027471,0.027441,0.030,0.01878,0.01955,117.3
50.8601,0.027851,0.027834,0.016,0.01894,0.01932,115.9
50.8801,0.028228,0.028222,0.007,0.01890,0.01903,114.2
50.9001,0.028602,0.028610,-0.008,0.01872,0.01841,110.5
50.9201,0.028968,0.028985,-0.018,0.01837,0.01783,107.0
50.9401,0.029322,0.029348,-0.026,0.01785,0.01707,102.4
50.9601,0.029663,0.029703,-0.040,0.01723,0.01604,96.2
50.9801,0.029988,0.030037,-0.049,0.01643,0.01500,90.0
51.0001,0.030295,0.030351,-0.057,0.01554,0.01391,83.5
51.0201,0.030580,0.030649,-0.069,0.01451,0.01251,75.1
51.0401,0.030842,0.030917,-0.075,0.01340,0.01126,67.6
51.0601,0.031080,0.031162,-0.082,0.01218,0.00982,58.9
51.0801,0.031292,0.031377,-0.085,0.01092,0.00852,51.1
51.1001,0.031477,0.031572,-0.095,0.00959,0.00688,41.3
51.1201,0.031633,0.031733,-0.100,0.00818,0.00536,32.2
51.1401,0.031762,0.031858,-0.096,0.00676,0.00408,24.5
51.1601,0.031861,0.031959,-0.099,0.00532,0.00254,15.2
51.1801,0.031931,0.032031,-0.100,0.00387,0.00106,6.4
51.2001,0.031972,0.032075,-0.103,0.00242,-0.00049,-2.9
51.2201,0.031985,0.032087,-0.102,0.00100,-0.00186,-11.2
51.2401,0.031970,0.032082,-0.112,-0.00039,-0.00359,-21.6
51.2601,0.031929,0.032058,-0.129,-0.00174,-0.00547,-32.8
51.2801,0.031862,0.031990,-0.129,-0.00303,-0.00662,-39.7
51.3001,0.031771,0.031882,-0.111,-0.00425,-0.00726,-43.6
51.3201,0.031657,0.031748,-0.091,-0.00540,-0.00783,-47.0
51.3401,0.031523,0.031606,-0.083,-0.00644,-0.00871,-52.3
51.3601,0.031370,0.031453,-0.083,-0.00740,-0.00972,-58.3
51.3801,0.031201,0.031274,-0.073,-0.00825,-0.01023,-61.4
51.4001,0.031017,0.031078,-0.061,-0.00900,-0.01062,-63.7
51.4201,0.030821,0.030873,-0.053,-0.00965,-0.01108,-66.5
51.4401,0.030616,0.030659,-0.044,-0.01013,-0.01129,-67.8
51.4601,0.030402,0.030438,-0.036,-0.01055,-0.01150,-69.0
51.4801,0.030185,0.030209,-0.025,-0.01082,-0.01144,-68.6
51.5001,0.029965,0.029980,-0.016,-0.01097,-0.01136,-68.2
51.5201,0.029744,0.029747,-0.003,-0.01101,-0.01101,-66.1
51.5401,0.029526,0.029525,0.000,-0.01094,-0.01091,-65.4
51.5601,0.029312,0.029309,0.003,-0.01074,-0.01063,-63.8
51.5801,0.029105,0.029089,0.016,-0.01044,-0.00992,-59.5
51.6001,0.028906,0.028879,0.027,-0.01004,-0.00922,-55.3
51.6201,0.028717,0.028681,0.036,-0.00954,-0.00849,-50.9
51.6401,0.028541,0.028508,0.033,-0.00896,-0.00806,-48.4
51.6601,0.028378,0.028340,0.038,-0.00830,-0.00720,-43.2
51.6801,0.028230,0.028181,0.050,-0.00757,-0.00611,-36.6
51.7001,0.028099,0.028043,0.056,-0.00678,-0.00517,-31.0
51.7201,0.027984,0.027921,0.063,-0.00595,-0.00415,-24.9
51.7401,0.027887,0.027822,0.064,-0.00508,-0.00327,-19.6
51.7601,0.027808,0.027744,0.064,-0.00418,-0.00240,-14.4
51.7801,0.027747,0.027687,0.060,-0.00327,-0.00163,-9.8
51.8001,0.027704,0.027643,0.061,-0.00237,-0.00066,-4.0
51.8201,0.027679,0.027614,0.065,-0.00147,0.00037,2.2
51.8401,0.027671,0.027607,0.064,-0.00059,0.00121,7.3
51.8601,0.027681,0.027611,0.070,0.00025,0.00224,13.4
51.8801,0.027705,0.027622,0.084,0.00104,0.00347,20.8
51.9001,0.027744,0.027656,0.089,0.00177,0.00429,25.7
51.9202,0.027797,0.027722,0.075,0.00246,0.00448,26.9
51.9401,0.027861,0.027798,0.062,0.00303,0.00470,28.2
51.9601,0.027934,0.027882,0.053,0.00355,0.00496,29.7
51.9801,0.028016,0.027971,0.045,0.00397,0.00517,31.0
52.0001,0.028103,0.028071,0.032,0.00428,0.00511,30.6
52.0201,0.028194,0.028169,0.024,0.00451,0.00514,30.9
52.0401,0.028286,0.028273,0.014,0.00460,0.00492,29.5
52.0601,0.028378,0.028372,0.006,0.00459,0.00472,28.3
52.0801,0.028467,0.028472,-0.005,0.00446,0.00425,25.5
52.1001,0.028550,0.028567,-0.017,0.00422,0.00368,22.1
52.1201,0.028625,0.028646,-0.021,0.00386,0.00326,19.5
52.1401,0.028691,0.028716,-0.026,0.00339,0.00263,15.8
52.1601,0.028744,0.028777,-0.033,0.00279,0.00182,10.9
52.1801,0.028782,0.028820,-0.038,0.00210,0.00100,6.0
52.2001,0.028804,0.028852,-0.048,0.00129,-0.00012,-0.7
52.2201,0.028807,0.028868,-0.061,0.00039,-0.00140,-8.4
52.2401,0.028790,0.028864,-0.074,-0.00060,-0.00276,-16.5
52.2601,0.028751,0.028849,-0.098,-0.00168,-0.00456,-27.4
52.2801,0.028689,0.028796,-0.108,-0.00282,-0.00590,-35.4
52.3001,0.028602,0.028715,-0.113,-0.00404,-0.00722,-43.3
52.3201,0.028489,0.028602,-0.113,-0.00531,-0.00847,-50.8
52.3402,0.028350,0.028464,-0.114,-0.00664,-0.00985,-59.1
52.3601,0.028185,0.028290,-0.104,-0.00791,-0.01077,-64.6
52.3801,0.027992,0.028089,-0.096,-0.00930,-0.01195,-71.7
52.4001,0.027773,0.027868,-0.095,-0.01065,-0.01330,-79.8
52.4201,0.027526,0.027626,-0.100,-0.01198,-0.01480,-88.8
52.4401,0.027254,0.027357,-0.103,-0.01329,-0.01619,-97.1
52.4602,0.026954,0.027050,-0.096,-0.01465,-0.01731,-103.9
52.4801,0.026634,0.026721,-0.087,-0.01575,-0.01814,-108.8
52.5001,0.026289,0.026374,-0.086,-0.01694,-0.01934,-116.0
52.5201,0.025923,0.026003,-0.081,-0.01803,-0.02026,-121.6
52.5401,0.025536,0.025610,-0.073,-0.01906,-0.02106,-126.4
52.5601,0.025134,0.025199,-0.065,-0.01989,-0.02166,-130.0
52.5801,0.024717,0.024775,-0.058,-0.02069,-0.02229,-133.7
52.6001,0.024287,0.024341,-0.054,-0.02133,-0.02280,-136.8
52.6201,0.023847,0.023889,-0.041,-0.02185,-0.02294,-137.6
52.6401,0.023401,0.023431,-0.029,-0.02220,-0.02295,-137.7
52.6601,0.022952,0.022971,-0.019,-0.02242,-0.02288,-137.3
52.6801,0.022502,0.022510,-0.008,-0.02248,-0.02264,-135.8
52.7001,0.022055,0.022053,0.002,-0.02238,-0.02226,-133.5
52.7201,0.021614,0.021600,0.014,-0.02213,-0.02168,-130.1
52.7401,0.021183,0.021155,0.028,-0.02164,-0.02078,-124.7
52.7601,0.020765,0.020725,0.041,-0.02105,-0.01983,-119.0
52.7801,0.020363,0.020316,0.047,-0.02028,-0.01893,-113.6
52.8001,0.019982,0.019921,0.061,-0.01930,-0.01751,-105.1
52.8201,0.019624,0.019547,0.077,-0.01820,-0.01594,-95.6
52.8401,0.019291,0.019206,0.085,-0.01694,-0.01451,-87.1
52.8601,0.018989,0.018893,0.096,-0.01550,-0.01275,-76.5
52.8801,0.018718,0.018610,0.108,-0.01392,-0.01083,-65.0
52.9001,0.018483,0.018372,0.111,-0.01221,-0.00908,-54.5
52.9201,0.018284,0.018161,0.123,-0.01037,-0.00685,-41.1
52.9401,0.018126,0.017992,0.134,-0.00839,-0.00459,-27.5
52.9601,0.018010,0.017864,0.146,-0.00634,-0.00219,-13.1
52.9801,0.017937,0.017781,0.156,-0.00418,0.00024,1.4
53.0001,0.017909,0.017752,0.157,-0.00194,0.00246,14.8
53.0201,0.017928,0.017759,0.169,0.00036,0.00515,30.9
53.0401,0.017994,0.017797,0.196,0.00270,0.00835,50.1
53.0601,0.018107,0.017902,0.205,0.00508,0.01086,65.2
53.0801,0.018268,0.018072,0.196,0.00746,0.01291,77.5
53.1001,0.018477,0.018293,0.185,0.00986,0.01495,89.7
53.1201,0.018734,0.018557,0.177,0.01223,0.01712,102.7
53.1401,0.019037,0.018863,0.174,0.01458,0.01943,116.6
53.1602,0.019387,0.019217,0.170,0.01691,0.02165,129.9
53.1801,0.019777,0.019617,0.160,0.01900,0.02342,140.5
53.2001,0.020212,0.020057,0.155,0.02118,0.02549,152.9
53.2201,0.020686,0.020537,0.149,0.02320,0.02733,164.0
53.2401,0.021197,0.021056,0.141,0.02508,0.02898,173.9
53.2601,0.021742,0.021613,0.130,0.02685,0.03042,182.5
53.2801,0.022320,0.022200,0.120,0.02849,0.03179,190.7
53.3001,0.022925,0.022815,0.110,0.02990,0.03292,197.5
53.3201,0.023556,0.023457,0.099,0.03120,0.03390,203.4
53.3401,0.024210,0.024125,0.085,0.03239,0.03467,208.0
53.3601,0.024879,0.024807,0.072,0.03327,0.03521,211.3
53.3801,0.025563,0.025502,0.061,0.03398,0.03561,213.7
53.4002,0.026258,0.026209,0.049,0.03462,0.03593,215.6
53.4201,0.026950,0.026927,0.023,0.03459,0.03508,210.5
53.4401,0.027648,0.027645,0.003,0.03485,0.03483,209.0
53.4601,0.028341,0.028343,-0.002,0.03470,0.03463,207.8
53.4801,0.029027,0.029036,-0.009,0.03436,0.03405,204.3
53.5001,0.029700,0.029730,-0.030,0.03380,0.03284,197.0
53.5201,0.030357,0.030404,-0.047,0.03303,0.03161,189.6
53.5401,0.030994,0.031055,-0.060,0.03210,0.03033,182.0
53.5602,0.031608,0.031681,-0.074,0.03095,0.02881,172.9
53.5801,0.032186,0.032281,-0.094,0.02933,0.02656,159.4
53.6001,0.032737,0.032849,-0.112,0.02789,0.02463,147.8
53.6201,0.033251,0.033367,-0.116,0.02617,0.02289,137.4
53.6401,0.033727,0.033850,-0.124,0.02425,0.02075,124.5
53.6602,0.034162,0.034298,-0.135,0.02227,0.01840,110.4
53.6801,0.034549,0.034701,-0.152,0.01994,0.01558,93.5
53.7001,0.034892,0.035055,-0.163,0.01768,0.01304,78.2
53.7201,0.035184,0.035353,-0.168,0.01524,0.01050,63.0
53.7401,0.035426,0.035602,-0.177,0.01270,0.00771,46.3
53.7601,0.035615,0.035798,-0.183,0.01012,0.00497,29.8
53.7801,0.035751,0.035935,-0.184,0.00748,0.00232,13.9
53.8001,0.035833,0.036021,-0.187,0.00477,-0.00049,-3.0
53.8201,0.035861,0.036057,-0.196,0.00206,-0.00347,-20.8
53.8402,0.035834,0.036046,-0.212,-0.00066,-0.00670,-40.2
53.8601,0.035754,0.035982,-0.228,-0.00335,-0.00983,-59.0
53.8801,0.035620,0.035843,-0.223,-0.00602,-0.01224,-73.4
53.9001,0.035434,0.035643,-0.209,-0.00864,-0.01440,-86.4
53.9201,0.035198,0.035396,-0.198,-0.01119,-0.01667,-100.0
53.9401,0.034912,0.035099,-0.186,-0.01365,-0.01880,-112.8
53.9601,0.034580,0.034756,-0.176,-0.01602,-0.02088,-125.3
53.9801,0.034203,0.034374,-0.171,-0.01827,-0.02302,-138.1
54.0001,0.033784,0.033947,-0.163,-0.02043,-0.02495,-149.7
54.0201,0.033326,0.033477,-0.151,-0.02240,-0.02657,-159.4
54.0401,0.032834,0.032970,-0.136,-0.02418,-0.02791,-167.5
54.0601,0.032308,0.032432,-0.124,-0.02586,-0.02926,-175.6
54.0802,0.031750,0.031867,-0.117,-0.02749,-0.03070,-184.2
54.1002,0.031171,0.031272,-0.101,-0.02867,-0.03142,-188.5
54.1201,0.030573,0.030654,-0.080,-0.02964,-0.03176,-190.6
54.1401,0.029954,0.030021,-0.067,-0.03070,-0.03249,-195.0
54.1601,0.029321,0.029381,-0.059,-0.03144,-0.03305,-198.3
54.1801,0.028680,0.028727,-0.046,-0.03193,-0.03314,-198.9
54.2001,0.028033,0.028065,-0.032,-0.03229,-0.03309,-198.5
54.2201,0.027384,0.027402,-0.018,-0.03242,-0.03284,-197.0
54.2401,0.026737,0.026738,-0.001,-0.03234,-0.03227,-193.6
54.2601,0.026097,0.026083,0.014,-0.03209,-0.03159,-189.5
54.2801,0.025466,0.025441,0.025,-0.03167,-0.03092,-185.5
54.3001,0.024849,0.024810,0.039,-0.03101,-0.02983,-179.0
54.3201,0.024249,0.024195,0.054,-0.03021,-0.02861,-171.7
54.3401,0.023668,0.023604,0.065,-0.02925,-0.02738,-164.3
54.3601,0.023111,0.023037,0.074,-0.02815,-0.02603,-156.2
54.3801,0.022580,0.022498,0.082,-0.02686,-0.02451,-147.1
54.4001,0.022077,0.021985,0.092,-0.02551,-0.02287,-137.2
54.4201,0.021605,0.021503,0.102,-0.02397,-0.02105,-126.3
54.4401,0.021165,0.021054,0.111,-0.02240,-0.01924,-115.4
54.4601,0.020760,0.020643,0.117,-0.02067,-0.01737,-104.2
54.4801,0.020392,0.020271,0.120,-0.01888,-0.01549,-92.9
54.5001,0.020060,0.019933,0.127,-0.01704,-0.01344,-80.6
54.5201,0.019766,0.019632,0.134,-0.01518,-0.01139,-68.3
54.5401,0.019510,0.019377,0.133,-0.01326,-0.00955,-57.3
54.5601,0.019293,0.019158,0.135,-0.01133,-0.00754,-45.2
54.5801,0.019115,0.018980,0.135,-0.00939,-0.00563,-33.8
54.6001,0.018975,0.018838,0.136,-0.00748,-0.00366,-22.0
54.6201,0.018872,0.018734,0.138,-0.00559,-0.00171,-10.3
54.6401,0.018806,0.018676,0.131,-0.00375,-0.00013,-0.8
54.6601,0.018776,0.018651,0.125,-0.00196,0.00152,9.1
54.6801,0.018780,0.018653,0.127,-0.00023,0.00333,20.0
54.7001,0.018817,0.018671,0.146,0.00142,0.00561,33.7
54.7201,0.018884,0.018734,0.150,0.00299,0.00721,43.3
54.7401,0.018981,0.018839,0.142,0.00445,0.00837,50.2
54.7601,0.019104,0.018983,0.120,0.00581,0.00905,54.3
54.7801,0.019251,0.019149,0.102,0.00707,0.00981,58.9
54.8001,0.019421,0.019327,0.094,0.00819,0.01077,64.6
54.8201,0.019610,0.019528,0.081,0.00920,0.01140,68.4
54.8401,0.019816,0.019747,0.069,0.01009,0.01195,71.7
54.8601,0.020037,0.019974,0.063,0.01086,0.01259,75.6
54.8801,0.020270,0.020215,0.054,0.01148,0.01295,77.7
54.9001,0.020512,0.020470,0.042,0.01198,0.01309,78.5
54.9201,0.020761,0.020733,0.028,0.01236,0.01305,78.3
54.9401,0.021015,0.020994,0.021,0.01262,0.01316,79.0
54.9601,0.021271,0.021254,0.016,0.01276,0.01319,79.2
54.9801,0.021527,0.021516,0.010,0.01279,0.01303,78.2
55.0001,0.021780,0.021782,-0.002,0.01271,0.01257,75.4
55.0302,0.022154,0.022163,-0.009,0.01750,0.01721,103.3
55.0478,0.022367,0.022393,-0.026,0.01200,0.01116,66.9
55.0659,0.022578,0.022702,-0.124,0.01086,0.00680,40.8
55.0839,0.022781,0.022891,-0.110,0.01030,0.00730,43.8
55.1020,0.022977,0.023008,-0.032,0.00987,0.00944,56.7
55.1201,0.023163,0.023144,0.019,0.00944,0.01027,61.6
55.1401,0.023358,0.023336,0.023,0.00970,0.01035,62.1
55.1601,0.023541,0.023546,-0.005,0.00926,0.00895,53.7
55.1801,0.023712,0.023750,-0.038,0.00867,0.00741,44.4
55.2001,0.023870,0.023919,-0.049,0.00804,0.00659,39.5
55.2201,0.024015,0.024064,-0.049,0.00742,0.00607,36.4
55.2401,0.024148,0.024190,-0.042,0.00682,0.00567,34.0
55.2601,0.024270,0.024307,-0.037,0.00624,0.00525,31.5
55.2801,0.024382,0.024422,-0.040,0.00570,0.00456,27.4
55.3001,0.024483,0.024524,-0.042,0.00519,0.00402,24.1
55.3201,0.024576,0.024614,-0.038,0.00477,0.00374,22.4
55.3401,0.024662,0.024688,-0.026,0.00439,0.00373,22.4
55.3601,0.024743,0.024762,-0.020,0.00410,0.00358,21.5
55.3801,0.024819,0.024829,-0.010,0.00387,0.00366,22.0
55.4001,0.024893,0.024903,-0.010,0.00374,0.00347,20.8
55.4201,0.024967,0.024974,-0.007,0.00369,0.00351,21.1
55.4401,0.025041,0.025044,-0.003,0.00373,0.00367,22.0
55.4601,0.025120,0.025115,0.005,0.00388,0.00406,24.4
55.4801,0.025203,0.025187,0.016,0.00412,0.00464,27.9
55.5001,0.025294,0.025272,0.023,0.00446,0.00513,30.8
55.5201,0.025394,0.025364,0.030,0.00488,0.00576,34.6
55.5401,0.025505,0.025472,0.032,0.00540,0.00632,37.9
55.5601,0.025628,0.025597,0.031,0.00602,0.00688,41.3
55.5801,0.025766,0.025726,0.040,0.00671,0.00787,47.2
55.6001,0.025919,0.025863,0.057,0.00748,0.00917,55.0
55.6201,0.026090,0.026026,0.064,0.00834,0.01016,61.0
55.6401,0.026280,0.026215,0.065,0.00924,0.01106,66.3
55.6601,0.026488,0.026422,0.066,0.01021,0.01207,72.4
55.6801,0.026718,0.026653,0.065,0.01121,0.01302,78.1
55.7001,0.026968,0.026895,0.073,0.01227,0.01438,86.3
55.7201,0.027241,0.027162,0.079,0.01335,0.01559,93.5
55.7401,0.027534,0.027455,0.079,0.01439,0.01660,99.6
55.7601,0.027849,0.027778,0.072,0.01550,0.01747,104.8
55.7801,0.028186,0.028114,0.072,0.01655,0.01856,111.4
55.8001,0.028543,0.028468,0.075,0.01761,0.01974,118.5
55.8201,0.028921,0.028845,0.077,0.01865,0.02080,124.8
55.8401,0.029317,0.029245,0.072,0.01954,0.02152,129.1
55.8601,0.029730,0.029667,0.063,0.02044,0.02217,133.0
55.8801,0.030160,0.030100,0.060,0.02129,0.02296,137.8
55.9001,0.030603,0.030547,0.056,0.02198,0.02352,141.1
55.9201,0.031059,0.031011,0.048,0.02264,0.02392,143.5
55.9401,0.031524,0.031484,0.040,0.02313,0.02420,145.2
55.9601,0.031997,0.031967,0.030,0.02353,0.02431,145.8
55.9801,0.032474,0.032451,0.022,0.02379,0.02437,146.2
56.0001,0.032953,0.032939,0.014,0.02391,0.02425,145.5
56.0201,0.033430,0.033424,0.006,0.02389,0.02400,144.0
56.0401,0.033903,0.033907,-0.004,0.02370,0.02354,141.2
56.0601,0.034369,0.034386,-0.017,0.02337,0.02282,136.9
56.0801,0.034824,0.034854,-0.030,0.02287,0.02195,131.7
56.1001,0.035264,0.035308,-0.044,0.02218,0.02088,125.3
56.1201,0.035688,0.035744,-0.056,0.02138,0.01973,118.4
56.1401,0.036089,0.036154,-0.065,0.02035,0.01848,110.9
56.1601,0.036467,0.036540,-0.073,0.01917,0.01708,102.5
56.1801,0.036818,0.036904,-0.086,0.01788,0.01539,92.4
56.2001,0.037138,0.037234,-0.096,0.01638,0.01362,81.7
56.2201,0.037425,0.037533,-0.108,0.01473,0.01164,69.9
56.2401,0.037675,0.037798,-0.124,0.01295,0.00939,56.3
56.2601,0.037886,0.038016,-0.131,0.01103,0.00733,44.0
56.2801,0.038055,0.038193,-0.138,0.00897,0.00506,30.3
56.3001,0.038180,0.038325,-0.145,0.00681,0.00269,16.1
56.3201,0.038259,0.038417,-0.158,0.00452,0.00002,0.1
56.3401,0.038290,0.038456,-0.166,0.00215,-0.00255,-15.3
56.3601,0.038272,0.038450,-0.178,-0.00029,-0.00535,-32.1
56.3801,0.038203,0.038412,-0.208,-0.00281,-0.00882,-52.9
56.4001,0.038083,0.038303,-0.220,-0.00538,-0.01160,-69.6
56.4201,0.037911,0.038120,-0.209,-0.00797,-0.01377,-82.6
56.4401,0.037686,0.037880,-0.195,-0.01059,-0.01595,-95.7
56.4601,0.037409,0.037598,-0.189,-0.01320,-0.01847,-110.8
56.4801,0.037080,0.037271,-0.191,-0.01579,-0.02115,-126.9
56.5001,0.036700,0.036889,-0.189,-0.01834,-0.02361,-141.6
56.5201,0.036271,0.036457,-0.186,-0.02086,-0.02605,-156.3
56.5402,0.035789,0.035972,-0.183,-0.02345,-0.02857,-171.4
56.5601,0.035268,0.035440,-0.172,-0.02552,-0.03028,-181.7
56.5801,0.034699,0.034860,-0.160,-0.02785,-0.03227,-193.6
56.6001,0.034087,0.034243,-0.156,-0.03005,-0.03438,-206.3
56.6201,0.033437,0.033585,-0.148,-0.03202,-0.03611,-216.7
56.6401,0.032750,0.032888,-0.138,-0.03388,-0.03768,-226.1
56.6601,0.032032,0.032157,-0.125,-0.03550,-0.03892,-233.5
56.6801,0.031283,0.031396,-0.114,-0.03708,-0.04020,-241.2
56.7001,0.030508,0.030608,-0.100,-0.03840,-0.04112,-246.7
56.7201,0.029712,0.029799,-0.087,-0.03952,-0.04187,-251.2
56.7401,0.028898,0.028971,-0.072,-0.04044,-0.04238,-254.3
56.7601,0.028072,0.028130,-0.058,-0.04114,-0.04268,-256.1
56.7801,0.027236,0.027281,-0.045,-0.04168,-0.04286,-257.1
56.8001,0.026397,0.026427,-0.031,-0.04191,-0.04268,-256.1
56.8201,0.025557,0.025569,-0.012,-0.04197,-0.04219,-253.1
56.8401,0.024722,0.024717,0.005,-0.04180,-0.04158,-249.5
56.8601,0.023896,0.023877,0.019,-0.04140,-0.04079,-244.8
56.8801,0.023084,0.023049,0.035,-0.04075,-0.03967,-238.0
56.9001,0.022290,0.022238,0.052,-0.03990,-0.03834,-230.1
56.9201,0.021518,0.021451,0.067,-0.03886,-0.03688,-221.3
56.9401,0.020773,0.020690,0.083,-0.03757,-0.03516,-211.0
56.9601,0.020057,0.019963,0.094,-0.03614,-0.03344,-200.6
56.9801,0.019377,0.019268,0.109,-0.03442,-0.03127,-187.6
57.0001,0.018736,0.018604,0.131,-0.03255,-0.02873,-172.4
57.0201,0.018134,0.017994,0.140,-0.03059,-0.02660,-159.6
57.0401,0.017577,0.017432,0.144,-0.02840,-0.02434,-146.0
57.0601,0.017066,0.016910,0.156,-0.02611,-0.02166,-130.0
57.0801,0.016605,0.016437,0.168,-0.02365,-0.01888,-113.3
57.1001,0.016196,0.016017,0.178,-0.02111,-0.01606,-96.4
57.1201,0.015839,0.015654,0.185,-0.01848,-0.01326,-79.5
57.1401,0.015537,0.015351,0.186,-0.01578,-0.01056,-63.4
57.1601,0.015292,0.015096,0.195,-0.01297,-0.00745,-44.7
57.1801,0.015102,0.014903,0.198,-0.01018,-0.00460,-27.6
57.2001,0.014969,0.014767,0.203,-0.00734,-0.00164,-9.8
57.2201,0.014893,0.014693,0.201,-0.00451,0.00109,6.5
57.2401,0.014874,0.014674,0.200,-0.00169,0.00390,23.4
57.2601,0.014909,0.014691,0.218,0.00109,0.00732,43.9
57.2801,0.015000,0.014767,0.233,0.00383,0.01043,62.6
57.3001,0.015143,0.014917,0.226,0.00649,0.01277,76.6
57.3202,0.015338,0.015133,0.206,0.00912,0.01475,88.5
57.3401,0.015580,0.015393,0.188,0.01151,0.01665,99.9
57.3601,0.015870,0.015696,0.174,0.01389,0.01866,112.0
57.3802,0.016206,0.016037,0.169,0.01622,0.02094,125.6
57.4001,0.016579,0.016419,0.160,0.01818,0.02260,135.6
57.4201,0.016992,0.016848,0.144,0.02014,0.02409,144.6
57.4401,0.017440,0.017308,0.132,0.02196,0.02558,153.5
57.4601,0.017920,0.017800,0.120,0.02357,0.02684,161.1
57.4801,0.018426,0.018316,0.110,0.02495,0.02797,167.8
57.5001,0.018955,0.018859,0.096,0.02615,0.02876,172.6
57.5201,0.019505,0.019424,0.081,0.02723,0.02940,176.4
57.5401,0.020070,0.020003,0.067,0.02804,0.02983,179.0
57.5602,0.020651,0.020594,0.057,0.02885,0.03038,182.3
57.5801,0.021232,0.021193,0.038,0.02901,0.02997,179.8
57.6001,0.021820,0.021800,0.020,0.02934,0.02979,178.7
57.6201,0.022409,0.022400,0.010,0.02943,0.02963,177.8
57.6401,0.022994,0.022995,-0.001,0.02927,0.02917,175.0
57.6601,0.023572,0.023587,-0.015,0.02900,0.02849,171.0
57.6801,0.024139,0.024167,-0.028,0.02848,0.02762,165.7
57.7001,0.024692,0.024734,-0.042,0.02781,0.02653,159.2
57.7201,0.025227,0.025282,-0.055,0.02697,0.02535,152.1
57.7401,0.025743,0.025808,-0.065,0.02602,0.02413,144.8
57.7601,0.026235,0.026306,-0.072,0.02488,0.02284,137.0
57.7801,0.026702,0.026785,-0.083,0.02366,0.02125,127.5
57.8001,0.027141,0.027232,-0.091,0.02232,0.01973,118.4
57.8201,0.027551,0.027653,-0.102,0.02084,0.01791,107.4
57.8401,0.027929,0.028035,-0.106,0.01930,0.01632,97.9
57.8601,0.028275,0.028382,-0.107,0.01771,0.01472,88.3
57.8801,0.028588,0.028704,-0.116,0.01605,0.01275,76.5
57.9001,0.028866,0.028984,-0.117,0.01435,0.01106,66.4
57.9201,0.029110,0.029229,-0.118,0.01262,0.00930,55.8
57.9401,0.029319,0.029440,-0.120,0.01089,0.00752,45.1
57.9601,0.029494,0.029619,-0.125,0.00916,0.00565,33.9
57.9801,0.029635,0.029757,-0.122,0.00745,0.00404,24.2
58.0001,0.029742,0.029857,-0.115,0.00577,0.00259,15.6
58.0201,0.029817,0.029931,-0.114,0.00415,0.00095,5.7
58.0402,0.029860,0.029972,-0.111,0.00259,-0.00051,-3.1
58.0601,0.029874,0.029983,-0.109,0.00107,-0.00196,-11.7
58.0801,0.029861,0.029977,-0.116,-0.00034,-0.00364,-21.8
58.1001,0.029821,0.029947,-0.126,-0.00166,-0.00526,-31.5
58.1201,0.029757,0.029882,-0.125,-0.00289,-0.00639,-38.3
58.1401,0.029671,0.029776,-0.105,-0.00400,-0.00681,-40.9
58.1601,0.029566,0.029657,-0.091,-0.00501,-0.00749,-44.9
58.1801,0.029444,0.029526,-0.082,-0.00589,-0.00812,-48.7
58.2001,0.029307,0.029377,-0.070,-0.00665,-0.00855,-51.3
58.2201,0.029159,0.029211,-0.052,-0.00727,-0.00862,-51.7
58.2401,0.029000,0.029043,-0.042,-0.00778,-0.00890,-53.4
58.2601,0.028836,0.028868,-0.033,-0.00815,-0.00900,-54.0
58.2801,0.028666,0.028691,-0.025,-0.00841,-0.00906,-54.4
58.3001,0.028495,0.028518,-0.024,-0.00853,-0.00918,-55.1
58.3201,0.028324,0.028338,-0.014,-0.00854,-0.00887,-53.2
58.3401,0.028156,0.028153,0.003,-0.00842,-0.00823,-49.4
58.3601,0.027994,0.027980,0.014,-0.00819,-0.00774,-46.4
58.3801,0.027838,0.027816,0.022,-0.00786,-0.00720,-43.2
58.4001,0.027691,0.027669,0.022,-0.00744,-0.00682,-40.9
58.4201,0.027555,0.027530,0.025,-0.00693,-0.00623,-37.4
58.4401,0.027431,0.027397,0.035,-0.00634,-0.00531,-31.9
58.4601,0.027321,0.027275,0.046,-0.00569,-0.00433,-26.0
58.4801,0.027225,0.027173,0.052,-0.00498,-0.00350,-21.0
58.5001,0.027144,0.027088,0.056,-0.00422,-0.00264,-15.8
58.5201,0.027079,0.027028,0.052,-0.00343,-0.00200,-12.0
58.5401,0.027031,0.026976,0.055,-0.00262,-0.00106,-6.4
58.5601,0.026999,0.026940,0.059,-0.00180,-0.00011,-0.6
58.5801,0.026984,0.026926,0.058,-0.00098,0.00064,3.8
58.6001,0.026984,0.026926,0.058,-0.00017,0.00146,8.8
58.6201,0.027001,0.026931,0.069,0.00061,0.00262,15.7
58.6401,0.027031,0.026950,0.081,0.00136,0.00371,22.3
58.6601,0.027076,0.026993,0.082,0.00205,0.00437,26.2
58.6801,0.027133,0.027063,0.070,0.00269,0.00458,27.5
58.7001,0.027201,0.027140,0.062,0.00326,0.00494,29.6
58.7201,0.027279,0.027226,0.053,0.00377,0.00520,31.2
58.7401,0.027364,0.027320,0.044,0.00417,0.00534,32.0
58.7601,0.027456,0.027426,0.030,0.00450,0.00525,31.5
58.7801,0.027551,0.027530,0.022,0.00472,0.00528,31.7
58.8001,0.027649,0.027635,0.015,0.00485,0.00521,31.3
58.8201,0.027747,0.027740,0.007,0.00487,0.00502,30.1
58.8401,0.027842,0.027836,0.006,0.00479,0.00496,29.7
58.8601,0.027933,0.027936,-0.003,0.00459,0.00444,26.7
58.8802,0.028017,0.028031,-0.014,0.00430,0.00385,23.1
58.9001,0.028092,0.028119,-0.027,0.00386,0.00303,18.2
58.9201,0.028157,0.028189,-0.032,0.00336,0.00243,14.6
58.9401,0.028209,0.028248,-0.040,0.00274,0.00158,9.5
58.9601,0.028246,0.028290,-0.044,0.00202,0.00075,4.5
58.9801,0.028266,0.028313,-0.047,0.00121,-0.00013,-0.8
59.0001,0.028268,0.028325,-0.057,0.00032,-0.00134,-8.0
59.0201,0.028250,0.028321,-0.071,-0.00065,-0.00273,-16.4
59.0401,0.028211,0.028307,-0.096,-0.00169,-0.00453,-27.2
59.0601,0.028150,0.028261,-0.111,-0.00278,-0.00598,-35.9
59.0801,0.028065,0.028179,-0.114,-0.00393,-0.00712,-42.7
59.1001,0.027957,0.028061,-0.103,-0.00511,-0.00795,-47.7
59.1201,0.027825,0.027917,-0.092,-0.00632,-0.00883,-53.0
59.1401,0.027668,0.027757,-0.088,-0.00753,-0.00999,-59.9
59.1601,0.027487,0.027583,-0.096,-0.00876,-0.01149,-68.9
59.1801,0.027281,0.027382,-0.100,-0.00997,-0.01281,-76.9
59.2001,0.027052,0.027146,-0.094,-0.01115,-0.01373,-82.4
59.2201,0.026801,0.026886,-0.085,-0.01229,-0.01463,-87.8
59.2401,0.026527,0.026610,-0.082,-0.01340,-0.01568,-94.1
59.2601,0.026233,0.026315,-0.082,-0.01444,-0.01673,-100.4
59.2801,0.025921,0.025994,-0.073,-0.01538,-0.01738,-104.3
59.3001,0.025592,0.025655,-0.063,-0.01623,-0.01793,-107.6
59.3202,0.025245,0.025307,-0.062,-0.01711,-0.01884,-113.0
59.3401,0.024891,0.024943,-0.051,-0.01758,-0.01895,-113.7
59.3601,0.024524,0.024563,-0.039,-0.01822,-0.01924,-115.4
59.3801,0.024148,0.024183,-0.034,-0.01866,-0.01958,-117.5
59.4001,0.023769,0.023795,-0.026,-0.01892,-0.01960,-117.6
59.4201,0.023386,0.023406,-0.020,-0.01908,-0.01959,-117.5
59.4401,0.023005,0.023012,-0.006,-0.01906,-0.01915,-114.9
59.4601,0.022628,0.022618,0.009,-0.01892,-0.01857,-111.4
59.4801,0.022257,0.022239,0.018,-0.01861,-0.01807,-108.4
59.5001,0.021896,0.021869,0.027,-0.01816,-0.01733,-104.0
59.5201,0.021549,0.021513,0.036,-0.01751,-0.01643,-98.6
59.5401,0.021218,0.021170,0.048,-0.01675,-0.01533,-92.0
59.5601,0.020906,0.020846,0.060,-0.01583,-0.01407,-84.4
59.5801,0.020617,0.020546,0.071,-0.01471,-0.01266,-76.0
59.6001,0.020353,0.020273,0.081,-0.01351,-0.01119,-67.1
59.6201,0.020117,0.020026,0.091,-0.01217,-0.00958,-57.5
59.6401,0.019911,0.019808,0.103,-0.01066,-0.00770,-46.2
59.6601,0.019738,0.019627,0.110,-0.00906,-0.00593,-35.6
59.6801,0.019599,0.019487,0.113,-0.00734,-0.00417,-25.0
59.7001,0.019498,0.019378,0.120,-0.00552,-0.00211,-12.7
59.7201,0.019435,0.019301,0.134,-0.00362,0.00020,1.2
59.7401,0.019412,0.019266,0.146,-0.00164,0.00252,15.1
59.7601,0.019430,0.019273,0.158,0.00040,0.00489,29.3
59.7801,0.019491,0.019310,0.181,0.00248,0.00768,46.1
59.8001,0.019593,0.019411,0.183,0.00460,0.00973,58.4
59.8201,0.019738,0.019567,0.171,0.00672,0.01144,68.6
59.8401,0.019926,0.019762,0.164,0.00887,0.01342,80.5
59.8601,0.020157,0.019995,0.162,0.01098,0.01549,93.0
59.8801,0.020428,0.020273,0.156,0.01307,0.01738,104.3
59.9001,0.020740,0.020590,0.150,0.01507,0.01923,115.4
59.9201,0.021091,0.020944,0.146,0.01705,0.02113,126.8
59.9401,0.021479,0.021336,0.143,0.01894,0.02292,137.5
59.9601,0.021902,0.021769,0.133,0.02071,0.02438,146.3
59.9801,0.022358,0.022234,0.124,0.02238,0.02579,154.7
60.0001,0.022845,0.022730,0.115,0.02396,0.02711,162.7
60.0303,0.023629,0.023527,0.103,0.03616,0.03896,233.7
60.0479,0.024113,0.024031,0.082,0.02658,0.02877,172.6
60.0659,0.024623,0.024733,-0.110,0.02572,0.02149,128.9
60.0839,0.025145,0.025237,-0.092,0.02602,0.02355,141.3
60.1020,0.025682,0.025619,0.063,0.02666,0.02934,176.0
60.1201,0.026225,0.026050,0.174,0.02705,0.03260,195.6
60.1401,0.026833,0.026656,0.177,0.02975,0.03472,208.3
60.1601,0.027444,0.027318,0.125,0.03038,0.03358,201.5
60.1801,0.028049,0.028009,0.040,0.03029,0.03089,185.3
60.2001,0.028651,0.028673,-0.022,0.03013,0.02914,174.8
60.2201,0.029242,0.029278,-0.037,0.02966,0.02854,171.2
60.2401,0.029819,0.029858,-0.038,0.02905,0.02796,167.8
60.2601,0.030378,0.030425,-0.047,0.02815,0.02679,160.7
60.2801,0.030916,0.030979,-0.063,0.02714,0.02527,151.6
60.3001,0.031427,0.031509,-0.082,0.02588,0.02347,140.8
60.3201,0.031909,0.032008,-0.099,0.02445,0.02157,129.4
60.3401,0.032357,0.032468,-0.111,0.02281,0.01962,117.7
60.3603,0.032773,0.032889,-0.116,0.02122,0.01795,107.7
60.3801,0.033143,0.033274,-0.131,0.01904,0.01528,91.7
60.4001,0.033475,0.033624,-0.149,0.01707,0.01278,76.7
60.4201,0.033762,0.033915,-0.153,0.01490,0.01060,63.6
60.4401,0.034003,0.034161,-0.158,0.01261,0.00815,48.9
60.4601,0.034195,0.034358,-0.163,0.01022,0.00564,33.9
60.4801,0.034337,0.034511,-0.174,0.00774,0.00280,16.8
60.5001,0.034429,0.034612,-0.183,0.00520,0.00001,0.0
60.5201,0.034468,0.034651,-0.183,0.00262,-0.00249,-15.0
60.5401,0.034455,0.034644,-0.189,0.00001,-0.00531,-31.9
60.5601,0.034390,0.034604,-0.214,-0.00262,-0.00877,-52.6
60.5801,0.034272,0.034500,-0.228,-0.00523,-0.01169,-70.1
60.6001,0.034102,0.034319,-0.216,-0.00783,-0.01381,-82.8
60.6201,0.033882,0.034076,-0.194,-0.01037,-0.01567,-94.0
60.6401,0.033613,0.033793,-0.180,-0.01286,-0.01783,-107.0
60.6601,0.033296,0.033475,-0.179,-0.01525,-0.02026,-121.6
60.6801,0.032933,0.033108,-0.175,-0.01757,-0.02245,-134.7
60.7001,0.032526,0.032693,-0.167,-0.01978,-0.02439,-146.3
60.7201,0.032079,0.032235,-0.156,-0.02186,-0.02616,-157.0
60.7401,0.031593,0.031738,-0.145,-0.02379,-0.02777,-166.6
60.7601,0.031072,0.031205,-0.133,-0.02558,-0.02923,-175.4
60.7801,0.030520,0.030643,-0.122,-0.02720,-0.03055,-183.3
60.8001,0.029941,0.030052,-0.111,-0.02861,-0.03164,-189.8
60.8201,0.029336,0.029435,-0.099,-0.02991,-0.03262,-195.7
60.8401,0.028710,0.028797,-0.087,-0.03102,-0.03337,-200.2
60.8601,0.028069,0.028138,-0.069,-0.03185,-0.03367,-202.0
60.8801,0.027414,0.027470,-0.056,-0.03257,-0.03405,-204.3
60.9001,0.026752,0.026794,-0.042,-0.03299,-0.03408,-204.5
60.9201,0.026085,0.026111,-0.026,-0.03329,-0.03393,-203.6
60.9402,0.025414,0.025433,-0.018,-0.03348,-0.03394,-203.7
60.9602,0.024750,0.024750,0.000,-0.03327,-0.03315,-198.9
60.9801,0.024099,0.024074,0.025,-0.03269,-0.03183,-191.0
61.0001,0.023456,0.023417,0.039,-0.03228,-0.03112,-186.7
61.0201,0.022827,0.022781,0.046,-0.03159,-0.03026,-181.5
61.0401,0.022219,0.022162,0.057,-0.03065,-0.02899,-173.9
61.0601,0.021633,0.021562,0.071,-0.02957,-0.02750,-165.0
61.0801,0.021074,0.020991,0.083,-0.02829,-0.02590,-155.4
61.1001,0.020543,0.020449,0.095,-0.02687,-0.02415,-144.9
61.1201,0.020045,0.019939,0.106,-0.02532,-0.02229,-133.7
61.1401,0.019580,0.019465,0.115,-0.02364,-0.02036,-122.2
61.1601,0.019153,0.019028,0.125,-0.02183,-0.01828,-109.7
61.1801,0.018764,0.018629,0.135,-0.01991,-0.01607,-96.4
61.2001,0.018415,0.018277,0.138,-0.01793,-0.01404,-84.2
61.2201,0.018109,0.017967,0.142,-0.01586,-0.01187,-71.2
61.2401,0.017845,0.017696,0.149,-0.01373,-0.00953,-57.2
61.2601,0.017624,0.017475,0.149,-0.01158,-0.00742,-44.5
61.2801,0.017447,0.017296,0.151,-0.00940,-0.00516,-31.0
61.3001,0.017313,0.017156,0.157,-0.00722,-0.00278,-16.7
61.3201,0.017223,0.017066,0.157,-0.00503,-0.00062,-3.7
61.3401,0.017176,0.017025,0.151,-0.00288,0.00131,7.8
61.3601,0.017172,0.017022,0.150,-0.00077,0.00341,20.4
61.3802,0.017208,0.017039,0.169,0.00129,0.00614,36.8
61.4001,0.017283,0.017101,0.182,0.00326,0.00842,50.5
61.4201,0.017395,0.017222,0.174,0.00515,0.00997,59.8
61.4401,0.017544,0.017392,0.152,0.00697,0.01109,66.6
61.4602,0.017727,0.017597,0.130,0.00871,0.01222,73.3
61.4801,0.017938,0.017819,0.118,0.01019,0.01344,80.7
61.5001,0.018179,0.018064,0.116,0.01170,0.01492,89.5
61.5201,0.018447,0.018337,0.110,0.01304,0.01608,96.5
61.5401,0.018736,0.018646,0.090,0.01418,0.01658,99.5
61.5601,0.019046,0.018968,0.077,0.01522,0.01731,103.8
61.5801,0.019372,0.019302,0.070,0.01608,0.01798,107.9
61.6001,0.019711,0.019653,0.058,0.01681,0.01836,110.2
61.6202,0.020063,0.020013,0.051,0.01744,0.01881,112.9
61.6401,0.020419,0.020380,0.039,0.01773,0.01876,112.6
61.6602,0.020783,0.020761,0.022,0.01810,0.01862,111.7
61.6801,0.021145,0.021138,0.007,0.01809,0.01819,109.1
61.7001,0.021507,0.021507,0.000,0.01809,0.01805,108.3
61.7201,0.021864,0.021870,-0.006,0.01789,0.01769,106.1
61.7401,0.022214,0.022227,-0.013,0.01759,0.01718,103.1
61.7601,0.022554,0.022580,-0.026,0.01714,0.01634,98.1
61.7801,0.022883,0.022921,-0.038,0.01655,0.01542,92.5
61.8002,0.023198,0.023242,-0.044,0.01595,0.01468,88.1
61.8201,0.023494,0.023544,-0.050,0.01502,0.01357,81.4
61.8401,0.023773,0.023833,-0.059,0.01417,0.01245,74.7
61.8601,0.024033,0.024099,-0.066,0.01324,0.01136,68.2
61.8801,0.024272,0.024339,-0.067,0.01219,0.01029,61.8
61.9001,0.024489,0.024565,-0.076,0.01112,0.00895,53.7
61.9201,0.024683,0.024765,-0.082,0.00998,0.00766,46.0
61.9401,0.024853,0.024937,-0.083,0.00881,0.00646,38.8
61.9601,0.025000,0.025085,-0.085,0.00763,0.00526,31.5
61.9801,0.025123,0.025206,-0.083,0.00645,0.00414,24.9
62.0001,0.025223,0.025305,-0.083,0.00527,0.00296,17.8
62.0201,0.025299,0.025383,-0.083,0.00411,0.00178,10.7
62.0401,0.025353,0.025437,-0.084,0.00297,0.00060,3.6
62.0601,0.025385,0.025465,-0.080,0.00189,-0.00031,-1.8
62.0801,0.025397,0.025472,-0.074,0.00086,-0.00119,-7.2
62.1001,0.025390,0.025468,-0.078,-0.00012,-0.00232,-13.9
62.1201,0.025365,0.025456,-0.091,-0.00102,-0.00365,-21.9
62.1401,0.025324,0.025419,-0.096,-0.00185,-0.00456,-27.3
62.1601,0.025268,0.025356,-0.088,-0.00259,-0.00501,-30.0
62.1801,0.025200,0.025267,-0.067,-0.00324,-0.00500,-30.0
62.2001,0.025121,0.025177,-0.055,-0.00380,-0.00528,-31.7
62.2201,0.025034,0.025078,-0.044,-0.00426,-0.00543,-32.6
62.2401,0.024940,0.024977,-0.037,-0.00461,-0.00560,-33.6
62.2601,0.024841,0.024867,-0.026,-0.00487,-0.00554,-33.2
62.2801,0.024740,0.024754,-0.014,-0.00502,-0.00533,-32.0
62.3001,0.024638,0.024649,-0.011,-0.00507,-0.00535,-32.1
62.3201,0.024538,0.024546,-0.008,-0.00502,-0.00522,-31.3
62.3401,0.024441,0.024441,0.001,-0.00488,-0.00481,-28.9
62.3601,0.024350,0.024342,0.008,-0.00465,-0.00437,-26.2
62.3801,0.024265,0.024241,0.024,-0.00431,-0.00354,-21.3
62.4001,0.024189,0.024160,0.029,-0.00392,-0.00308,-18.5
62.4201,0.024122,0.024092,0.030,-0.00345,-0.00259,-15.6
62.4401,0.024066,0.024038,0.028,-0.00292,-0.00216,-13.0
62.4601,0.024022,0.023986,0.036,-0.00234,-0.00127,-7.6
62.4801,0.023991,0.023944,0.047,-0.00171,-0.00033,-2.0
62.5001,0.023974,0.023923,0.051,-0.00105,0.00040,2.4
62.5201,0.023970,0.023920,0.050,-0.00037,0.00102,6.1
62.5401,0.023980,0.023923,0.057,0.00032,0.00195,11.7
62.5601,0.024003,0.023932,0.071,0.00101,0.00310,18.6
62.5801,0.024040,0.023961,0.079,0.00169,0.00396,23.8
62.6001,0.024090,0.024017,0.073,0.00233,0.00433,26.0
62.6201,0.024152,0.024094,0.058,0.00295,0.00449,26.9
62.6401,0.024225,0.024170,0.055,0.00351,0.00504,30.2
62.6601,0.024308,0.024259,0.049,0.00401,0.00534,32.1
62.6801,0.024399,0.024354,0.045,0.00445,0.00570,34.2
62.7001,0.024497,0.024464,0.033,0.00480,0.00566,34.0
62.7202,0.024600,0.024579,0.021,0.00508,0.00560,33.6
62.7402,0.024705,0.024687,0.018,0.00524,0.00572,34.3
62.7602,0.024811,0.024800,0.012,0.00529,0.00557,33.4
62.7801,0.024915,0.024913,0.002,0.00521,0.00523,31.4
62.8002,0.025016,0.025020,-0.004,0.00507,0.00492,29.5
62.8201,0.025109,0.025122,-0.013,0.00474,0.00432,25.9
62.8401,0.025194,0.025216,-0.022,0.00433,0.00367,22.0
62.8600,0.025267,0.025297,-0.031,0.00378,0.00287,17.2
62.8801,0.025325,0.025365,-0.040,0.00311,0.00193,11.6
62.9001,0.025367,0.025420,-0.053,0.00229,0.00072,4.3
62.9202,0.025389,0.025452,-0.062,0.00135,-0.00044,-2.7
62.9401,0.025390,0.025458,-0.068,0.00028,-0.00166,-10.0
62.9601,0.025366,0.025453,-0.087,-0.00090,-0.00345,-20.7
62.9801,0.025315,0.025431,-0.116,-0.00221,-0.00562,-33.7
63.0001,0.025235,0.025369,-0.133,-0.00362,-0.00746,-44.8
63.0201,0.025125,0.025253,-0.128,-0.00513,-0.00868,-52.1
63.0401,0.024982,0.025106,-0.123,-0.00675,-0.01018,-61.1
63.0601,0.024805,0.024932,-0.127,-0.00843,-0.01200,-72.0
63.0801,0.024592,0.024723,-0.130,-0.01019,-0.01386,-83.2
63.1001,0.024343,0.024480,-0.137,-0.01202,-0.01591,-95.5
63.1201,0.024055,0.024195,-0.140,-0.01392,-0.01785,-107.1
63.1401,0.023731,0.023868,-0.137,-0.01575,-0.01956,-117.4
63.1601,0.023367,0.023504,-0.137,-0.01769,-0.02152,-129.1
63.1801,0.022965,0.023104,-0.139,-0.01962,-0.02352,-141.1
63.2001,0.022525,0.022665,-0.140,-0.02154,-0.02547,-152.8
63.2201,0.022047,0.022184,-0.137,-0.02340,-0.02722,-163.3
63.2401,0.021533,0.021664,-0.131,-0.02525,-0.02889,-173.3
63.2601,0.020984,0.021111,-0.128,-0.02702,-0.03057,-183.4
63.2801,0.020400,0.020527,-0.127,-0.02876,-0.03232,-193.9
63.3001,0.019784,0.019907,-0.123,-0.03040,-0.03382,-202.9
63.3201,0.019139,0.019252,-0.113,-0.03189,-0.03500,-210.0
63.3400,0.018467,0.018568,-0.101,-0.03325,-0.03602,-216.1
63.3601,0.017768,0.017862,-0.094,-0.03460,-0.03718,-223.1
63.3801,0.017048,0.017135,-0.087,-0.03572,-0.03812,-228.7
63.4001,0.016311,0.016387,-0.076,-0.03663,-0.03870,-232.2
63.4201,0.015557,0.015618,-0.061,-0.03746,-0.03906,-234.4
63.4401,0.014791,0.014843,-0.051,-0.03813,-0.03952,-237.1
63.4601,0.014018,0.014059,-0.041,-0.03855,-0.03964,-237.8
63.4801,0.013242,0.013268,-0.026,-0.03878,-0.03942,-236.5
63.5002,0.012460,0.012476,-0.016,-0.03902,-0.03939,-236.4
63.5201,0.011691,0.011684,0.007,-0.03856,-0.03823,-229.4
63.5401,0.010926,0.010903,0.024,-0.03831,-0.03754,-225.2
63.5601,0.010174,0.010141,0.032,-0.03778,-0.03682,-220.9
63.5801,0.009437,0.009395,0.043,-0.03700,-0.03575,-214.5
63.6001,0.008722,0.008663,0.060,-0.03600,-0.03423,-205.4
63.6201,0.008032,0.007958,0.074,-0.03482,-0.03267,-196.0
63.6401,0.007370,0.007282,0.088,-0.03345,-0.03090,-185.4
63.6601,0.006740,0.006638,0.102,-0.03189,-0.02894,-173.6
63.6801,0.006147,0.006029,0.119,-0.03007,-0.02664,-159.8
63.7001,0.005595,0.005461,0.134,-0.02812,-0.02429,-145.7
63.7201,0.005085,0.004940,0.145,-0.02601,-0.02189,-131.3
63.7401,0.004621,0.004467,0.154,-0.02378,-0.01942,-116.5
63.7601,0.004207,0.004040,0.166,-0.02131,-0.01657,-99.4
63.7801,0.003844,0.003662,0.182,-0.01879,-0.01361,-81.7
63.8001,0.003535,0.003351,0.183,-0.01612,-0.01098,-65.9
63.8201,0.003282,0.003089,0.192,-0.01335,-0.00792,-47.5
63.8401,0.003086,0.002886,0.200,-0.01050,-0.00486,-29.2
63.8601,0.002948,0.002744,0.204,-0.00761,-0.00189,-11.3
63.8801,0.002870,0.002668,0.203,-0.00463,0.00105,6.3
63.9001,0.002853,0.002644,0.209,-0.00164,0.00425,25.5
63.9201,0.002895,0.002660,0.235,0.00136,0.00809,48.5
63.9401,0.002997,0.002746,0.251,0.00435,0.01147,68.8
63.9601,0.003159,0.002912,0.247,0.00735,0.01423,85.4
63.9801,0.003378,0.003148,0.230,0.01024,0.01656,99.4
64.0001,0.003654,0.003437,0.217,0.01311,0.01911,114.7
64.0201,0.003986,0.003779,0.207,0.01589,0.02162,129.7
64.0401,0.004371,0.004170,0.201,0.01858,0.02418,145.1
64.0601,0.004807,0.004615,0.192,0.02116,0.02649,158.9
64.0801,0.005291,0.005109,0.182,0.02358,0.02862,171.7
64.1001,0.005820,0.005650,0.170,0.02589,0.03058,183.5
64.1201,0.006391,0.006231,0.160,0.02802,0.03244,194.6
64.1401,0.007001,0.006852,0.149,0.02998,0.03408,204.5
64.1601,0.007645,0.007511,0.134,0.03178,0.03545,212.7
64.1801,0.008320,0.008198,0.122,0.03336,0.03670,220.2
64.2001,0.009024,0.008914,0.110,0.03481,0.03780,226.8
64.2201,0.009745,0.009656,0.090,0.03582,0.03821,229.3
64.2400,0.010486,0.010415,0.072,0.03680,0.03870,232.2
64.2601,0.011244,0.011182,0.061,0.03766,0.03932,235.9
64.2801,0.012009,0.011959,0.051,0.03815,0.03950,237.0
64.3001,0.012778,0.012747,0.031,0.03839,0.03914,234.9
64.3201,0.013548,0.013537,0.011,0.03848,0.03866,231.9
64.3401,0.014314,0.014319,-0.005,0.03833,0.03811,228.6
64.3601,0.015072,0.015090,-0.018,0.03799,0.03740,224.4
64.3801,0.015816,0.015852,-0.036,0.03734,0.03623,217.4
64.4001,0.016544,0.016593,-0.049,0.03660,0.03514,210.8
64.4201,0.017253,0.017311,-0.058,0.03567,0.03400,204.0
64.4401,0.017934,0.018008,-0.073,0.03440,0.03225,193.5
64.4602,0.018592,0.018682,-0.090,0.03320,0.03058,183.5
64.4801,0.019211,0.019318,-0.106,0.03140,0.02832,169.9
64.5001,0.019801,0.019918,-0.117,0.02987,0.02654,159.3
64.5201,0.020352,0.020474,-0.122,0.02801,0.02457,147.4
64.5401,0.020864,0.020993,-0.129,0.02610,0.02244,134.6
64.5601,0.021336,0.021473,-0.137,0.02407,0.02018,121.1
64.5801,0.021762,0.021912,-0.149,0.02189,0.01763,105.8
64.6001,0.022145,0.022302,-0.158,0.01967,0.01520,91.2
64.6201,0.022481,0.022646,-0.165,0.01737,0.01271,76.2
64.6401,0.022770,0.022935,-0.165,0.01505,0.01043,62.6
64.6601,0.023012,0.023176,-0.164,0.01267,0.00807,48.4
64.6801,0.023206,0.023370,-0.165,0.01030,0.00569,34.1
64.7001,0.023353,0.023520,-0.167,0.00793,0.00323,19.4
64.7201,0.023452,0.023624,-0.171,0.00558,0.00077,4.6
64.7401,0.023506,0.023671,-0.165,0.00327,-0.00131,-7.8
64.7601,0.023515,0.023677,-0.162,0.00101,-0.00351,-21.1
64.7801,0.023481,0.023660,-0.180,-0.00119,-0.00632,-37.9
64.8001,0.023404,0.023594,-0.190,-0.00330,-0.00868,-52.1
64.8201,0.023288,0.023471,-0.184,-0.00531,-0.01041,-62.5
64.8401,0.023134,0.023293,-0.160,-0.00723,-0.01156,-69.4
64.8601,0.022944,0.023085,-0.141,-0.00905,-0.01288,-77.3
64.8801,0.022722,0.022851,-0.130,-0.01068,-0.01424,-85.5
64.9001,0.022469,0.022591,-0.122,-0.01224,-0.01560,-93.6
64.9201,0.022190,0.022304,-0.114,-0.01360,-0.01675,-100.5
64.9401,0.021886,0.021985,-0.099,-0.01488,-0.01755,-105.3
64.9601,0.021561,0.021647,-0.086,-0.01600,-0.01834,-110.0
64.9801,0.021217,0.021295,-0.077,-0.01693,-0.01905,-114.3
65.0001,0.020859,0.020924,-0.065,-0.01773,-0.01948,-116.9
65.0304,0.020295,0.020347,-0.052,-0.02609,-0.02746,-164.8
65.0481,0.019957,0.019982,-0.026,-0.01876,-0.01932,-115.9
65.0661,0.019609,0.019488,0.121,-0.01768,-0.01342,-80.5
65.0842,0.019258,0.019154,0.104,-0.01755,-0.01474,-88.4
65.1021,0.018909,0.018917,-0.008,-0.01746,-0.01835,-110.1
65.1201,0.018563,0.018647,-0.084,-0.01735,-0.02016,-121.0
65.1401,0.018185,0.018273,-0.088,-0.01860,-0.02109,-126.6
65.1601,0.017812,0.017861,-0.049,-0.01862,-0.01978,-118.7
65.1801,0.017449,0.017444,0.006,-0.01823,-0.01773,-106.4
65.2002,0.017097,0.017053,0.044,-0.01774,-0.01627,-97.6
65.2201,0.016762,0.016706,0.056,-0.01696,-0.01532,-91.9
65.2401,0.016440,0.016389,0.051,-0.01626,-0.01487,-89.2
65.2602,0.016134,0.016082,0.052,-0.01552,-0.01406,-84.4
65.2801,0.015847,0.015789,0.058,-0.01458,-0.01292,-77.5
65.3001,0.015578,0.015518,0.060,-0.01368,-0.01200,-72.0
65.3201,0.015327,0.015261,0.067,-0.01275,-0.01084,-65.1
65.3401,0.015096,0.015028,0.068,-0.01179,-0.00989,-59.3
65.3602,0.014883,0.014816,0.068,-0.01087,-0.00897,-53.8
65.3800,0.014692,0.014624,0.068,-0.00982,-0.00791,-47.5
65.4001,0.014518,0.014454,0.064,-0.00893,-0.00715,-42.9
65.4202,0.014362,0.014301,0.061,-0.00803,-0.00634,-38.1
65.4402,0.014224,0.014159,0.065,-0.00713,-0.00530,-31.8
65.4601,0.014103,0.014039,0.063,-0.00628,-0.00452,-27.1
65.4801,0.013996,0.013935,0.060,-0.00553,-0.00386,-23.2
65.5001,0.013902,0.013849,0.053,-0.00484,-0.00340,-20.4
65.5201,0.013821,0.013771,0.050,-0.00421,-0.00284,-17.0
65.5401,0.013750,0.013712,0.038,-0.00368,-0.00267,-16.0
65.5601,0.013688,0.013658,0.030,-0.00322,-0.00244,-14.6
65.5801,0.013633,0.013606,0.027,-0.00286,-0.00212,-12.7
65.6001,0.013583,0.013564,0.019,-0.00259,-0.00210,-12.6
65.6201,0.013535,0.013525,0.010,-0.00243,-0.00220,-13.2
65.6401,0.013488,0.013479,0.009,-0.00235,-0.00208,-12.5
65.6601,0.013441,0.013433,0.007,-0.00238,-0.00219,-13.1
65.6802,0.013390,0.013393,-0.003,-0.00251,-0.00265,-15.9
65.7001,0.013334,0.013348,-0.013,-0.00271,-0.00314,-18.9
65.7201,0.013272,0.013286,-0.014,-0.00303,-0.00342,-20.5
65.7401,0.013202,0.013222,-0.020,-0.00342,-0.00403,-24.2
65.7601,0.013122,0.013150,-0.029,-0.00390,-0.00476,-28.5
65.7801,0.013030,0.013067,-0.037,-0.00444,-0.00552,-33.1
65.8001,0.012926,0.012966,-0.040,-0.00505,-0.00620,-37.2
65.8201,0.012808,0.012852,-0.044,-0.00573,-0.00698,-41.9
65.8401,0.012676,0.012724,-0.049,-0.00643,-0.00782,-46.9
65.8601,0.012528,0.012582,-0.053,-0.00719,-0.00872,-52.3
65.8801,0.012365,0.012423,-0.058,-0.00797,-0.00961,-57.7
65.9001,0.012185,0.012241,-0.055,-0.00877,-0.01030,-61.8
65.9201,0.011991,0.012042,-0.052,-0.00955,-0.01097,-65.8
65.9401,0.011780,0.011832,-0.052,-0.01036,-0.01182,-70.9
65.9601,0.011553,0.011606,-0.053,-0.01111,-0.01260,-75.6
65.9801,0.011313,0.011369,-0.057,-0.01186,-0.01347,-80.8
66.0001,0.011058,0.011108,-0.050,-0.01255,-0.01392,-83.5
66.0201,0.010791,0.010836,-0.045,-0.01320,-0.01444,-86.6
66.0401,0.010514,0.010557,-0.044,-0.01372,-0.01493,-89.6
66.0601,0.010226,0.010264,-0.039,-0.01427,-0.01532,-91.9
66.0801,0.009931,0.009961,-0.030,-0.01465,-0.01544,-92.7
66.1001,0.009630,0.009650,-0.021,-0.01498,-0.01549,-93.0
66.1201,0.009325,0.009344,-0.019,-0.01518,-0.01571,-94.3
66.1401,0.009019,0.009030,-0.012,-0.01528,-0.01557,-93.4
66.1601,0.008713,0.008714,-0.001,-0.01527,-0.01523,-91.4
66.1801,0.008412,0.008412,0.000,-0.01511,-0.01509,-90.6
66.2001,0.008116,0.008104,0.012,-0.01484,-0.01442,-86.5
66.2201,0.007830,0.007800,0.030,-0.01443,-0.01350,-81.0
66.2401,0.007555,0.007519,0.036,-0.01390,-0.01285,-77.1
66.2601,0.007293,0.007251,0.042,-0.01322,-0.01201,-72.1
66.2801,0.007049,0.006998,0.051,-0.01242,-0.01095,-65.7
66.3001,0.006825,0.006762,0.063,-0.01146,-0.00963,-57.8
66.3201,0.006622,0.006552,0.070,-0.01038,-0.00838,-50.3
66.3401,0.006445,0.006367,0.077,-0.00919,-0.00699,-41.9
66.3602,0.006293,0.006203,0.090,-0.00790,-0.00530,-31.8
66.3801,0.006172,0.006072,0.101,-0.00640,-0.00352,-21.1
66.4001,0.006082,0.005976,0.106,-0.00489,-0.00188,-11.3
66.4201,0.006025,0.005912,0.113,-0.00326,-0.00005,-0.3
66.4401,0.006003,0.005887,0.117,-0.00153,0.00176,10.5
66.4601,0.006018,0.005891,0.126,0.00027,0.00387,23.2
66.4801,0.006070,0.005916,0.153,0.00213,0.00659,39.5
66.5001,0.006160,0.005988,0.173,0.00405,0.00899,54.0
66.5201,0.006290,0.006125,0.165,0.00600,0.01057,63.4
66.5401,0.006459,0.006301,0.158,0.00798,0.01236,74.1
66.5601,0.006668,0.006517,0.152,0.00996,0.01417,85.0
66.5801,0.006917,0.006772,0.145,0.01193,0.01596,95.7
66.6001,0.007204,0.007060,0.144,0.01389,0.01792,107.5
66.6201,0.007530,0.007387,0.144,0.01581,0.01984,119.0
66.6401,0.007893,0.007757,0.135,0.01766,0.02141,128.4
66.6601,0.008292,0.008157,0.134,0.01948,0.02324,139.4
66.6801,0.008724,0.008594,0.130,0.02117,0.02479,148.7
66.7001,0.009189,0.009065,0.124,0.02284,0.02628,157.7
66.7201,0.009683,0.009571,0.112,0.02434,0.02740,164.4
66.7401,0.010203,0.010101,0.102,0.02567,0.02846,170.8
66.7601,0.010749,0.010656,0.092,0.02696,0.02949,176.9
66.7801,0.011316,0.011232,0.084,0.02808,0.03039,182.3
66.8001,0.011900,0.011827,0.073,0.02898,0.03096,185.8
66.8201,0.012499,0.012437,0.062,0.02975,0.03141,188.4
66.8401,0.013109,0.013059,0.050,0.03036,0.03170,190.2
66.8601,0.013727,0.013691,0.036,0.03078,0.03169,190.2
66.8801,0.014349,0.014323,0.026,0.03104,0.03171,190.3
66.9001,0.014969,0.014957,0.012,0.03102,0.03126,187.6
66.9201,0.015585,0.015591,-0.005,0.03086,0.03061,183.7
66.9401,0.016194,0.016214,-0.020,0.03049,0.02984,179.0
66.9601,0.016790,0.016824,-0.035,0.02995,0.02888,173.3
66.9801,0.017369,0.017416,-0.047,0.02915,0.02775,166.5
67.0001,0.017928,0.017987,-0.058,0.02822,0.02652,159.1
67.0201,0.018464,0.018534,-0.070,0.02706,0.02503,150.2
67.0401,0.018972,0.019057,-0.086,0.02572,0.02322,139.3
67.0601,0.019448,0.019549,-0.102,0.02419,0.02125,127.5
67.0801,0.019890,0.020002,-0.111,0.02255,0.01938,116.3
67.1001,0.020295,0.020415,-0.119,0.02070,0.01731,103.9
67.1202,0.020662,0.020794,-0.132,0.01880,0.01503,90.2
67.1401,0.020981,0.021130,-0.149,0.01652,0.01224,73.4
67.1601,0.021257,0.021413,-0.156,0.01435,0.00993,59.6
67.1801,0.021485,0.021648,-0.163,0.01202,0.00741,44.5
67.2001,0.021665,0.021831,-0.166,0.00958,0.00492,29.5
67.2201,0.021794,0.021965,-0.171,0.00708,0.00225,13.5
67.2401,0.021871,0.022048,-0.177,0.00451,-0.00047,-2.8
67.2601,0.021896,0.022079,-0.183,0.00190,-0.00325,-19.5
67.2801,0.021869,0.022068,-0.200,-0.00072,-0.00642,-38.5
67.3001,0.021788,0.022010,-0.221,-0.00336,-0.00969,-58.1
67.3201,0.021655,0.021875,-0.219,-0.00598,-0.01211,-72.6
67.3401,0.021472,0.021677,-0.206,-0.00855,-0.01423,-85.4
67.3601,0.021236,0.021432,-0.196,-0.01112,-0.01654,-99.3
67.3801,0.020953,0.021138,-0.186,-0.01357,-0.01871,-112.3
67.4001,0.020621,0.020801,-0.180,-0.01596,-0.02097,-125.8
67.4201,0.020245,0.020420,-0.175,-0.01826,-0.02312,-138.7
67.4401,0.019825,0.019990,-0.165,-0.02044,-0.02500,-150.0
67.4601,0.019366,0.019516,-0.150,-0.02246,-0.02657,-159.4
67.4801,0.018868,0.019010,-0.141,-0.02438,-0.02829,-169.7
67.5001,0.018338,0.018471,-0.133,-0.02610,-0.02979,-178.7
67.5201,0.017776,0.017895,-0.119,-0.02770,-0.03095,-185.7
67.5402,0.017185,0.017292,-0.106,-0.02916,-0.03206,-192.4
67.5601,0.016576,0.016667,-0.091,-0.03022,-0.03267,-196.0
67.5801,0.015943,0.016021,-0.078,-0.03135,-0.03346,-200.8
67.6001,0.015299,0.015364,-0.065,-0.03206,-0.03381,-202.9
67.6201,0.014643,0.014692,-0.049,-0.03264,-0.03391,-203.5
67.6401,0.013979,0.014013,-0.035,-0.03310,-0.03398,-203.9
67.6601,0.013312,0.013336,-0.023,-0.03327,-0.03385,-203.1
67.6801,0.012648,0.012656,-0.008,-0.03325,-0.03339,-200.3
67.7001,0.011988,0.011980,0.008,-0.03302,-0.03270,-196.2
67.7201,0.011339,0.011317,0.022,-0.03259,-0.03188,-191.3
67.7401,0.010705,0.010667,0.038,-0.03188,-0.03072,-184.3
67.7601,0.010089,0.010035,0.054,-0.03102,-0.02943,-176.6
67.7801,0.009493,0.009427,0.066,-0.03004,-0.02813,-168.8
67.8001,0.008923,0.008844,0.079,-0.02880,-0.02650,-159.0
67.8201,0.008382,0.008289,0.093,-0.02740,-0.02473,-148.4
67.8401,0.007872,0.007764,0.108,-0.02588,-0.02276,-136.6
67.8601,0.007397,0.007283,0.114,-0.02418,-0.02096,-125.8
67.8801,0.006959,0.006835,0.124,-0.02235,-0.01880,-112.8
67.9001,0.006561,0.006428,0.133,-0.02040,-0.01663,-99.8
67.9201,0.006203,0.006059,0.145,-0.01838,-0.01426,-85.6
67.9401,0.005889,0.005734,0.155,-0.01624,-0.01185,-71.1
67.9601,0.005620,0.005465,0.155,-0.01402,-0.00968,-58.1
67.9801,0.005396,0.005238,0.158,-0.01177,-0.00735,-44.1
68.0001,0.005217,0.005058,0.159,-0.00948,-0.00501,-30.1
68.0201,0.005085,0.004923,0.162,-0.00717,-0.00262,-15.7
68.0401,0.005000,0.004837,0.163,-0.00485,-0.00029,-1.7
68.0601,0.004961,0.004793,0.168,-0.00255,0.00218,13.1
68.0801,0.004966,0.004795,0.171,-0.00028,0.00454,27.2
68.1001,0.005017,0.004825,0.191,0.00196,0.00743,44.6
68.1201,0.005110,0.004919,0.191,0.00412,0.00947,56.8
68.1401,0.005244,0.005070,0.174,0.00620,0.01098,65.9
68.1602,0.005420,0.005261,0.159,0.00826,0.01263,75.8
68.1801,0.005630,0.005482,0.147,0.01005,0.01411,84.7
68.2001,0.005876,0.005744,0.132,0.01186,0.01548,92.9
68.2201,0.006155,0.006028,0.126,0.01352,0.01703,102.2
68.2401,0.006464,0.006342,0.122,0.01506,0.01844,110.7
68.2601,0.006799,0.006691,0.107,0.01640,0.01932,115.9
68.2800,0.007156,0.007065,0.091,0.01759,0.02005,120.3
68.3001,0.007536,0.007454,0.082,0.01872,0.02097,125.8
68.3201,0.007932,0.007859,0.073,0.01956,0.02154,129.2
68.3401,0.008340,0.008281,0.059,0.02024,0.02180,130.8
68.3601,0.008759,0.008715,0.044,0.02082,0.02197,131.8
68.3801,0.009186,0.009153,0.033,0.02122,0.02208,132.5
68.4001,0.009615,0.009594,0.021,0.02143,0.02196,131.8
68.4201,0.010045,0.010032,0.013,0.02146,0.02176,130.5
68.4401,0.010471,0.010472,-0.000,0.02134,0.02125,127.5
68.4601,0.010893,0.010907,-0.014,0.02114,0.02066,124.0
68.4801,0.011302,0.011331,-0.029,0.02059,0.01968,118.1
68.5001,0.011700,0.011742,-0.042,0.02006,0.01881,112.8
68.5201,0.012084,0.012131,-0.047,0.01935,0.01800,108.0
68.5401,0.012450,0.012502,-0.052,0.01852,0.01704,102.3
68.5601,0.012797,0.012859,-0.062,0.01758,0.01578,94.7
68.5801,0.013122,0.013193,-0.072,0.01650,0.01444,86.7
68.6001,0.013423,0.013502,-0.079,0.01535,0.01309,78.5
68.6201,0.013699,0.013788,-0.089,0.01412,0.01158,69.5
68.6401,0.013949,0.014041,-0.093,0.01281,0.01019,61.2
68.6601,0.014171,0.014263,-0.092,0.01146,0.00891,53.4
68.6801,0.014366,0.014460,-0.094,0.01008,0.00743,44.6
68.7001,0.014532,0.014631,-0.099,0.00865,0.00585,35.1
68.7201,0.014669,0.014772,-0.103,0.00720,0.00428,25.7
68.7401,0.014777,0.014879,-0.102,0.00578,0.00293,17.6
68.7601,0.014857,0.014959,-0.102,0.00436,0.00150,9.0
68.7801,0.014909,0.015010,-0.101,0.00296,0.00015,0.9
68.8001,0.014935,0.015035,-0.101,0.00161,-0.00121,-7.2
68.8201,0.014935,0.015035,-0.100,0.00031,-0.00250,-15.0
68.8401,0.014910,0.015024,-0.115,-0.00093,-0.00423,-25.4
68.8601,0.014862,0.014982,-0.120,-0.00210,-0.00550,-33.0
68.8801,0.014793,0.014903,-0.110,-0.00318,-0.00619,-37.1
68.9001,0.014705,0.014796,-0.091,-0.00417,-0.00662,-39.7
68.9201,0.014599,0.014679,-0.080,-0.00507,-0.00725,-43.5
68.9401,0.014478,0.014548,-0.070,-0.00586,-0.00776,-46.6
68.9602,0.014343,0.014406,-0.063,-0.00657,-0.00829,-49.7
68.9801,0.014199,0.014244,-0.046,-0.00708,-0.00826,-49.6
69.0001,0.014045,0.014079,-0.033,-0.00754,-0.00840,-50.4
69.0201,0.013886,0.013913,-0.026,-0.00787,-0.00857,-51.4
69.0401,0.013723,0.013743,-0.019,-0.00810,-0.00860,-51.6
69.0601,0.013559,0.013576,-0.017,-0.00818,-0.00865,-51.9
69.0802,0.013395,0.013407,-0.011,-0.00820,-0.00849,-50.9
69.1001,0.013236,0.013231,0.005,-0.00800,-0.00777,-46.6
69.1201,0.013082,0.013065,0.016,-0.00777,-0.00725,-43.5
69.1401,0.012934,0.012910,0.024,-0.00744,-0.00673,-40.4
69.1601,0.012797,0.012766,0.030,-0.00700,-0.00611,-36.7
69.1801,0.012670,0.012640,0.030,-0.00647,-0.00563,-33.8
69.2001,0.012556,0.012523,0.033,-0.00585,-0.00491,-29.5
69.2201,0.012456,0.012411,0.045,-0.00518,-0.00387,-23.2
69.2401,0.012371,0.012318,0.052,-0.00444,-0.00293,-17.6
69.2601,0.012302,0.012242,0.060,-0.00365,-0.00193,-11.6
69.2801,0.012249,0.012188,0.061,-0.00282,-0.00109,-6.5
69.3001,0.012215,0.012150,0.065,-0.00196,-0.00012,-0.7
69.3201,0.012197,0.012130,0.067,-0.00108,0.00082,4.9
69.3402,0.012198,0.012129,0.068,-0.00020,0.00172,10.3
69.3602,0.012216,0.012135,0.080,0.00067,0.00300,18.0
69.3801,0.012250,0.012157,0.093,0.00152,0.00421,25.2
69.4001,0.012301,0.012211,0.090,0.00234,0.00484,29.0
69.4201,0.012367,0.012288,0.079,0.00312,0.00527,31.6
69.4401,0.012448,0.012381,0.067,0.00385,0.00566,34.0
69.4601,0.012542,0.012486,0.056,0.00452,0.00601,36.1
69.4801,0.012647,0.012603,0.044,0.00510,0.00627,37.6
69.5001,0.012762,0.012720,0.041,0.00561,0.00675,40.5
69.5201,0.012885,0.012843,0.041,0.00604,0.00719,43.2
69.5401,0.013014,0.012978,0.035,0.00637,0.00733,44.0
69.5601,0.013146,0.013124,0.023,0.00658,0.00714,42.8
69.5801,0.013281,0.013268,0.013,0.00669,0.00699,42.0
69.6001,0.013415,0.013409,0.006,0.00670,0.00683,41.0
69.6201,0.013546,0.013551,-0.005,0.00658,0.00638,38.3
69.6401,0.013672,0.013685,-0.013,0.00636,0.00595,35.7
69.6601,0.013791,0.013806,-0.015,0.00602,0.00558,33.5
69.6802,0.013900,0.013923,-0.023,0.00558,0.00489,29.3
69.7001,0.013996,0.014029,-0.033,0.00496,0.00398,23.9
69.7201,0.014079,0.014122,-0.043,0.00430,0.00302,18.1
69.7401,0.014145,0.014194,-0.049,0.00351,0.00211,12.7
69.7601,0.014193,0.014251,-0.058,0.00262,0.00095,5.7
69.7801,0.014221,0.014285,-0.064,0.00164,-0.00018,-1.1
69.8001,0.014227,0.014297,-0.070,0.00058,-0.00140,-8.4
69.8201,0.014211,0.014293,-0.083,-0.00056,-0.00295,-17.7
69.8401,0.014169,0.014278,-0.109,-0.00176,-0.00496,-29.7
69.8601,0.014103,0.014228,-0.125,-0.00302,-0.00662,-39.7
69.8801,0.014010,0.014130,-0.121,-0.00432,-0.00768,-46.1
69.9001,0.013890,0.014004,-0.114,-0.00565,-0.00879,-52.7
69.9201,0.013743,0.013848,-0.105,-0.00700,-0.00989,-59.3
69.9401,0.013569,0.013671,-0.101,-0.00835,-0.01116,-67.0
69.9601,0.013369,0.013477,-0.108,-0.00970,-0.01277,-76.6
69.9801,0.013142,0.013246,-0.104,-0.01101,-0.01389,-83.3
70.0001,0.012889,0.012988,-0.098,-0.01231,-0.01503,-90.2
70.0305,0.012459,0.012555,-0.096,-0.01967,-0.02235,-134.1
70.0481,0.012186,0.012276,-0.090,-0.01484,-0.01731,-103.9
70.0662,0.011889,0.011874,0.016,-0.01485,-0.01377,-82.6
70.0842,0.011578,0.011568,0.010,-0.01542,-0.01518,-91.1
70.1024,0.011250,0.011326,-0.076,-0.01622,-0.01885,-113.1
70.1202,0.010916,0.011044,-0.128,-0.01658,-0.02049,-122.9
70.1401,0.010534,0.010659,-0.124,-0.01860,-0.02206,-132.4
70.1601,0.010139,0.010241,-0.102,-0.01953,-0.02224,-133.5
70.1801,0.009738,0.009797,-0.059,-0.01996,-0.02136,-128.2
70.2001,0.009331,0.009358,-0.026,-0.02024,-0.02077,-124.6
70.2201,0.008926,0.008932,-0.006,-0.02026,-0.02030,-121.8
70.2401,0.008524,0.008517,0.007,-0.02015,-0.01990,-119.4
70.2601,0.008127,0.008111,0.015,-0.01990,-0.01942,-116.5
70.2801,0.007741,0.007713,0.028,-0.01942,-0.01857,-111.4
70.3001,0.007368,0.007332,0.036,-0.01879,-0.01773,-106.4
70.3201,0.007013,0.006964,0.049,-0.01796,-0.01651,-99.1
70.3401,0.006679,0.006616,0.063,-0.01698,-0.01514,-90.8
70.3601,0.006368,0.006295,0.072,-0.01584,-0.01376,-82.6
70.3801,0.006085,0.005997,0.088,-0.01449,-0.01194,-71.6
70.4001,0.005832,0.005725,0.106,-0.01302,-0.00993,-59.6
70.4201,0.005612,0.005500,0.112,-0.01138,-0.00821,-49.3
70.4401,0.005430,0.005308,0.121,-0.00958,-0.00613,-36.8
70.4601,0.005286,0.005155,0.131,-0.00764,-0.00392,-23.5
70.4801,0.005185,0.005045,0.140,-0.00559,-0.00161,-9.7
70.5001,0.005127,0.004979,0.148,-0.00342,0.00078,4.7
70.5201,0.005116,0.004955,0.161,-0.00114,0.00343,20.6
70.5401,0.005152,0.004968,0.184,0.00122,0.00651,39.1
70.5601,0.005237,0.005034,0.204,0.00366,0.00949,56.9
70.5801,0.005373,0.005165,0.208,0.00614,0.01198,71.9
70.6001,0.005559,0.005359,0.200,0.00869,0.01426,85.5
70.6201,0.005797,0.005608,0.189,0.01124,0.01647,98.8
70.6401,0.006086,0.005900,0.186,0.01381,0.01901,114.1
70.6601,0.006426,0.006239,0.186,0.01636,0.02157,129.4
70.6801,0.006816,0.006631,0.186,0.01890,0.02410,144.6
70.7001,0.007256,0.007071,0.185,0.02138,0.02656,159.4
70.7201,0.007744,0.007566,0.179,0.02379,0.02876,172.5
70.7401,0.008279,0.008106,0.173,0.02614,0.03094,185.6
70.7601,0.008858,0.008696,0.162,0.02838,0.03284,197.1
70.7801,0.009479,0.009324,0.155,0.03052,0.03482,208.9
70.8001,0.010139,0.009991,0.148,0.03250,0.03659,219.5
70.8201,0.010834,0.010698,0.136,0.03432,0.03806,228.4
70.8401,0.011566,0.011438,0.127,0.03612,0.03964,237.8
70.8601,0.012324,0.012207,0.117,0.03754,0.04075,244.5
70.8801,0.013109,0.013008,0.101,0.03891,0.04164,249.8
70.9001,0.013916,0.013831,0.085,0.04009,0.04239,254.3
70.9201,0.014741,0.014669,0.072,0.04101,0.04294,257.6
70.9401,0.015582,0.015520,0.061,0.04182,0.04347,260.8
70.9601,0.016428,0.016383,0.045,0.04223,0.04341,260.5
70.9801,0.017281,0.017254,0.028,0.04258,0.04324,259.4
71.0001,0.018136,0.018120,0.016,0.04271,0.04310,258.6
71.0202,0.018990,0.018984,0.007,0.04270,0.04283,257.0
71.0402,0.019831,0.019847,-0.016,0.04216,0.04158,249.5
71.0601,0.020652,0.020699,-0.047,0.04130,0.03980,238.8
71.0801,0.021463,0.021521,-0.058,0.04069,0.03900,234.0
71.1001,0.022253,0.022312,-0.059,0.03971,0.03804,228.2
71.1201,0.023015,0.023087,-0.072,0.03846,0.03638,218.3
71.1401,0.023749,0.023841,-0.092,0.03703,0.03432,205.9
71.1601,0.024448,0.024558,-0.110,0.03538,0.03220,193.2
71.1801,0.025111,0.025234,-0.123,0.03358,0.03006,180.4
71.2001,0.025733,0.025867,-0.134,0.03162,0.02780,166.8
71.2201,0.026310,0.026454,-0.144,0.02938,0.02528,151.7
71.2400,0.026840,0.027000,-0.160,0.02709,0.02253,135.2
71.2601,0.027323,0.027493,-0.169,0.02475,0.01995,119.7
71.2801,0.027754,0.027929,-0.175,0.02219,0.01727,103.6
71.3001,0.028131,0.028314,-0.183,0.01952,0.01436,86.1
71.3201,0.028455,0.028649,-0.194,0.01685,0.01134,68.0
71.3401,0.028723,0.028917,-0.195,0.01407,0.00862,51.7
71.3601,0.028933,0.029132,-0.198,0.01125,0.00568,34.1
71.3801,0.029088,0.029287,-0.199,0.00842,0.00284,17.0
71.4001,0.029185,0.029386,-0.201,0.00557,-0.00008,-0.5
71.4201,0.029225,0.029431,-0.206,0.00273,-0.00305,-18.3
71.4401,0.029210,0.029423,-0.214,-0.00008,-0.00611,-36.7
71.4603,0.029138,0.029375,-0.237,-0.00288,-0.00965,-57.9
71.4801,0.029015,0.029244,-0.229,-0.00551,-0.01187,-71.2
71.5001,0.028839,0.029049,-0.210,-0.00815,-0.01393,-83.6
71.5201,0.028612,0.028805,-0.193,-0.01069,-0.01599,-96.0
71.5401,0.028338,0.028522,-0.184,-0.01309,-0.01818,-109.1
71.5601,0.028019,0.028193,-0.174,-0.01540,-0.02023,-121.4
71.5801,0.027657,0.027820,-0.162,-0.01755,-0.02202,-132.1
71.6001,0.027256,0.027410,-0.154,-0.01955,-0.02381,-142.9
71.6201,0.026819,0.026962,-0.143,-0.02140,-0.02533,-152.0
71.6401,0.026349,0.026478,-0.128,-0.02307,-0.02658,-159.5
71.6601,0.025849,0.025965,-0.116,-0.02463,-0.02780,-166.8
71.6801,0.025324,0.025427,-0.103,-0.02592,-0.02873,-172.4
71.7001,0.024778,0.024865,-0.087,-0.02704,-0.02939,-176.4
71.7201,0.024212,0.024288,-0.076,-0.02802,-0.03006,-180.4
71.7401,0.023633,0.023696,-0.062,-0.02876,-0.03042,-182.5
71.7600,0.023046,0.023092,-0.046,-0.02925,-0.03043,-182.6
71.7802,0.022447,0.022483,-0.036,-0.02982,-0.03078,-184.7
71.8001,0.021850,0.021870,-0.020,-0.02982,-0.03027,-181.6
71.8203,0.021248,0.021253,-0.006,-0.03006,-0.03013,-180.8
71.8401,0.020660,0.020648,0.012,-0.02951,-0.02905,-174.3
71.8601,0.020075,0.020049,0.026,-0.02933,-0.02853,-171.2
71.8801,0.019501,0.019471,0.030,-0.02880,-0.02794,-167.6
71.9001,0.018942,0.018905,0.036,-0.02815,-0.02709,-162.6
71.9201,0.018398,0.018350,0.048,-0.02736,-0.02595,-155.7
71.9401,0.017875,0.017809,0.067,-0.02639,-0.02440,-146.4
71.9603,0.017371,0.017299,0.072,-0.02546,-0.02341,-140.5
71.9801,0.016900,0.016817,0.083,-0.02393,-0.02154,-129.2
72.0001,0.016449,0.016361,0.089,-0.02280,-0.02029,-121.7
72.0201,0.016028,0.015936,0.092,-0.02143,-0.01884,-113.1
72.0401,0.015635,0.015536,0.099,-0.01999,-0.01717,-103.0
72.0601,0.015273,0.015168,0.104,-0.01849,-0.01553,-93.2
72.0801,0.014942,0.014833,0.109,-0.01691,-0.01383,-83.0
72.1001,0.014643,0.014533,0.110,-0.01536,-0.01227,-73.6
72.1201,0.014375,0.014266,0.109,-0.01379,-0.01073,-64.4
72.1401,0.014140,0.014026,0.114,-0.01216,-0.00896,-53.7
72.1601,0.013936,0.013819,0.117,-0.01060,-0.00732,-43.9
72.1801,0.013763,0.013649,0.114,-0.00904,-0.00586,-35.2
72.2001,0.013619,0.013516,0.103,-0.00754,-0.00471,-28.2
72.2201,0.013505,0.013405,0.100,-0.00608,-0.00329,-19.7
72.2401,0.013419,0.013319,0.100,-0.00468,-0.00189,-11.3
72.2601,0.013359,0.013257,0.101,-0.00334,-0.00050,-3.0
72.2801,0.013323,0.013231,0.092,-0.00209,0.00044,2.6
72.3001,0.013310,0.013228,0.082,-0.00093,0.00131,7.9
72.3202,0.013318,0.013232,0.086,0.00013,0.00256,15.3
72.3401,0.013345,0.013247,0.097,0.00109,0.00389,23.3
72.3601,0.013388,0.013286,0.102,0.00195,0.00483,29.0
72.3801,0.013446,0.013357,0.089,0.00271,0.00513,30.8
72.4001,0.013516,0.013452,0.064,0.00334,0.00499,30.0
72.4201,0.013596,0.013552,0.044,0.00387,0.00498,29.9
72.4401,0.013684,0.013647,0.036,0.00429,0.00526,31.6
72.4601,0.013777,0.013745,0.033,0.00460,0.00549,32.9
72.4801,0.013874,0.013842,0.032,0.00479,0.00568,34.1
72.5001,0.013972,0.013954,0.018,0.00489,0.00531,31.9
72.5201,0.014070,0.014066,0.004,0.00488,0.00491,29.5
72.5401,0.014165,0.014165,-0.000,0.00479,0.00476,28.6
72.5602,0.014257,0.014262,-0.005,0.00462,0.00446,26.8
72.5801,0.014342,0.014353,-0.011,0.00433,0.00397,23.8
72.6001,0.014421,0.014446,-0.025,0.00401,0.00322,19.3
72.6201,0.014491,0.014522,-0.030,0.00363,0.00275,16.5
72.6401,0.014553,0.014586,-0.033,0.00320,0.00225,13.5
72.6601,0.014605,0.014633,-0.028,0.00272,0.00196,11.8
72.6801,0.014647,0.014674,-0.027,0.00221,0.00146,8.7
72.7001,0.014678,0.014714,-0.036,0.00169,0.00063,3.8
72.7201,0.014698,0.014740,-0.042,0.00116,-0.00005,-0.3
72.7401,0.014708,0.014749,-0.041,0.00063,-0.00049,-3.0
72.7601,0.014708,0.014748,-0.040,0.00013,-0.00098,-5.9
72.7801,0.014699,0.014744,-0.045,-0.00035,-0.00166,-10.0
72.8001,0.014681,0.014737,-0.056,-0.00080,-0.00243,-14.6
72.8201,0.014655,0.014715,-0.060,-0.00119,-0.00288,-17.3
72.8401,0.014623,0.014674,-0.051,-0.00153,-0.00291,-17.5
72.8602,0.014585,0.014622,-0.038,-0.00181,-0.00278,-16.7
72.8802,0.014544,0.014575,-0.031,-0.00200,-0.00284,-17.0
72.9002,0.014501,0.014528,-0.027,-0.00211,-0.00283,-17.0
72.9201,0.014459,0.014472,-0.014,-0.00213,-0.00243,-14.6
72.9401,0.014418,0.014419,-0.001,-0.00207,-0.00203,-12.2
72.9601,0.014380,0.014376,0.004,-0.00190,-0.00176,-10.5
72.9801,0.014349,0.014337,0.012,-0.00163,-0.00123,-7.4
73.0001,0.014326,0.014299,0.027,-0.00126,-0.00041,-2.5
73.0201,0.014313,0.014278,0.035,-0.00077,0.00024,1.5
73.0401,0.014312,0.014273,0.039,-0.00019,0.00092,5.5
73.0601,0.014326,0.014276,0.050,0.00050,0.00197,11.8
73.0801,0.014355,0.014283,0.073,0.00129,0.00347,20.8
73.1001,0.014404,0.014311,0.092,0.00219,0.00488,29.3
73.1201,0.014472,0.014380,0.091,0.00317,0.00572,34.3
73.1401,0.014562,0.014472,0.089,0.00423,0.00672,40.3
73.1601,0.014675,0.014588,0.087,0.00538,0.00780,46.8
73.1801,0.014814,0.014719,0.094,0.00662,0.00931,55.9
73.2001,0.014978,0.014880,0.098,0.00789,0.01066,64.0
73.2201,0.015169,0.015070,0.099,0.00922,0.01201,72.1
73.2401,0.015388,0.015287,0.102,0.01062,0.01349,80.9
73.2601,0.015635,0.015529,0.106,0.01197,0.01496,89.8
73.2801,0.015911,0.015811,0.099,0.01344,0.01618,97.1
73.3001,0.016215,0.016113,0.102,0.01486,0.01773,106.4
73.3201,0.016547,0.016440,0.107,0.01627,0.01930,115.8
73.3401,0.016908,0.016804,0.104,0.01766,0.02055,123.3
73.3601,0.017295,0.017200,0.095,0.01903,0.02165,129.9
73.3801,0.017709,0.017619,0.090,0.02036,0.02286,137.2
73.4001,0.018147,0.018050,0.097,0.02158,0.02434,146.0
73.4201,0.018608,0.018521,0.087,0.02277,0.02515,150.9
73.4401,0.019091,0.019010,0.080,0.02385,0.02606,156.4
73.4601,0.019594,0.019521,0.073,0.02489,0.02690,161.4
73.4801,0.020111,0.020037,0.074,0.02567,0.02775,166.5
73.5001,0.020643,0.020586,0.057,0.02644,0.02794,167.7
73.5201,0.021188,0.021141,0.048,0.02709,0.02836,170.2
73.5401,0.021740,0.021704,0.036,0.02749,0.02844,170.6
73.5601,0.022298,0.022264,0.034,0.02781,0.02874,172.5
73.5801,0.022858,0.022844,0.013,0.02795,0.02820,169.2
73.6001,0.023416,0.023416,0.000,0.02793,0.02785,167.1
73.6201,0.023970,0.023978,-0.008,0.02774,0.02748,164.9
73.6401,0.024516,0.024532,-0.017,0.02738,0.02685,161.1
73.6601,0.025050,0.025082,-0.033,0.02683,0.02582,154.9
73.6801,0.025567,0.025616,-0.049,0.02606,0.02459,147.5
73.7001,0.026065,0.026128,-0.063,0.02514,0.02331,139.8
73.7201,0.026541,0.026612,-0.071,0.02408,0.02206,132.3
73.7401,0.026991,0.027077,-0.086,0.02279,0.02029,121.8
73.7601,0.027411,0.027509,-0.098,0.02136,0.01854,111.2
73.7801,0.027797,0.027909,-0.112,0.01972,0.01650,99.0
73.8001,0.028148,0.028266,-0.118,0.01798,0.01464,87.8
73.8201,0.028461,0.028592,-0.132,0.01609,0.01233,74.0
73.8401,0.028731,0.028871,-0.140,0.01404,0.01007,60.4
73.8601,0.028958,0.029108,-0.150,0.01187,0.00761,45.6
73.8801,0.029138,0.029295,-0.157,0.00957,0.00513,30.8
73.9001,0.029269,0.029440,-0.171,0.00718,0.00231,13.9
73.9201,0.029351,0.029529,-0.178,0.00470,-0.00031,-1.8
73.9401,0.029381,0.029565,-0.184,0.00215,-0.00304,-18.2
73.9601,0.029359,0.029557,-0.198,-0.00045,-0.00607,-36.4
73.9801,0.029284,0.029510,-0.226,-0.00310,-0.00959,-57.5
74.0001,0.029156,0.029385,-0.229,-0.00576,-0.01219,-73.2
74.0201,0.028973,0.029184,-0.211,-0.00844,-0.01422,-85.3
74.0401,0.028738,0.028938,-0.200,-0.01110,-0.01663,-99.8
74.0601,0.028451,0.028646,-0.196,-0.01371,-0.01917,-115.0
74.0801,0.028111,0.028309,-0.198,-0.01632,-0.02188,-131.3
74.1001,0.027722,0.027914,-0.191,-0.01882,-0.02414,-144.8
74.1201,0.027286,0.027476,-0.190,-0.02124,-0.02657,-159.4
74.1401,0.026802,0.026974,-0.172,-0.02359,-0.02831,-169.8
74.1601,0.026275,0.026445,-0.170,-0.02579,-0.03054,-183.2
74.1801,0.025706,0.025858,-0.152,-0.02792,-0.03206,-192.4
74.2001,0.025100,0.025239,-0.138,-0.02982,-0.03361,-201.7
74.2201,0.024459,0.024593,-0.134,-0.03162,-0.03536,-212.1
74.2401,0.023786,0.023911,-0.125,-0.03322,-0.03666,-220.0
74.2601,0.023086,0.023197,-0.111,-0.03466,-0.03770,-226.2
74.2801,0.022362,0.022460,-0.098,-0.03589,-0.03856,-231.3
74.3001,0.021618,0.021701,-0.082,-0.03693,-0.03913,-234.8
74.3201,0.020859,0.020927,-0.068,-0.03776,-0.03957,-237.4
74.3401,0.020088,0.020150,-0.062,-0.03838,-0.04007,-240.4
74.3601,0.019311,0.019357,-0.046,-0.03877,-0.03997,-239.8
74.3802,0.018527,0.018545,-0.018,-0.03911,-0.03945,-236.7
74.4001,0.017753,0.017745,0.009,-0.03877,-0.03837,-230.2
74.4201,0.016983,0.016969,0.014,-0.03859,-0.03816,-229.0
74.4401,0.016222,0.016194,0.028,-0.03814,-0.03725,-223.5
74.4601,0.015478,0.015434,0.043,-0.03741,-0.03611,-216.6
74.4801,0.014752,0.014691,0.061,-0.03651,-0.03470,-208.2
74.5001,0.014050,0.013973,0.077,-0.03536,-0.03311,-198.6
74.5201,0.013375,0.013286,0.089,-0.03409,-0.03153,-189.2
74.5401,0.012732,0.012630,0.103,-0.03253,-0.02957,-177.4
74.5601,0.012124,0.012006,0.117,-0.03085,-0.02747,-164.8
74.5801,0.011552,0.011426,0.127,-0.02902,-0.02543,-152.6
74.6001,0.011022,0.010887,0.135,-0.02703,-0.02320,-139.2
74.6201,0.010536,0.010395,0.141,-0.02485,-0.02088,-125.3
74.6401,0.010094,0.009937,0.156,-0.02265,-0.01817,-109.0
74.6601,0.009701,0.009534,0.167,-0.02024,-0.01552,-93.1
74.6801,0.009357,0.009182,0.176,-0.01780,-0.01283,-77.0
74.7001,0.009064,0.008885,0.179,-0.01526,-0.01021,-61.3
74.7201,0.008824,0.008639,0.185,-0.01269,-0.00748,-44.9
74.7401,0.008635,0.008454,0.181,-0.01008,-0.00503,-30.2
74.7601,0.008500,0.008315,0.185,-0.00743,-0.00223,-13.4
74.7801,0.008417,0.008228,0.189,-0.00479,0.00052,3.1
74.8001,0.008387,0.008201,0.186,-0.00217,0.00302,18.1
74.8202,0.008408,0.008211,0.197,0.00043,0.00603,36.2
74.8401,0.008480,0.008265,0.215,0.00294,0.00907,54.4
74.8601,0.008601,0.008381,0.220,0.00542,0.01161,69.7
74.8801,0.008769,0.008570,0.198,0.00781,0.01323,79.4
74.9001,0.008982,0.008805,0.177,0.01010,0.01492,89.5
74.9201,0.009238,0.009073,0.165,0.01226,0.01681,100.8
74.9401,0.009535,0.009376,0.159,0.01431,0.01872,112.3
74.9601,0.009869,0.009722,0.147,0.01622,0.02027,121.6
74.9801,0.010237,0.010096,0.141,0.01798,0.02189,131.3
75.0001,0.010637,0.010513,0.123,0.01958,0.02292,137.5
75.0317,0.011324,0.011210,0.113,0.03140,0.03451,207.0
75.0494,0.011734,0.011640,0.094,0.02268,0.02520,151.2
75.0674,0.012166,0.012259,-0.093,0.02182,0.01810,108.6
75.0852,0.012605,0.012697,-0.092,0.02195,0.01939,116.3
75.1033,0.013063,0.013016,0.048,0.02270,0.02487,149.2
75.1215,0.013531,0.013372,0.158,0.02324,0.02834,170.0
75.1406,0.014024,0.013853,0.170,0.02437,0.02920,175.2
75.1601,0.014531,0.014427,0.105,0.02518,0.02772,166.3
75.1801,0.015049,0.015008,0.041,0.02575,0.02652,159.1
75.2001,0.015562,0.015557,0.006,0.02567,0.02561,153.7
75.2201,0.016067,0.016084,-0.017,0.02533,0.02473,148.4
75.2401,0.016560,0.016593,-0.033,0.02480,0.02377,142.6
75.2601,0.017039,0.017083,-0.043,0.02411,0.02283,137.0
75.2801,0.017500,0.017553,-0.053,0.02326,0.02172,130.3
75.3001,0.017941,0.018004,-0.063,0.02228,0.02045,122.7
75.3201,0.018359,0.018431,-0.073,0.02118,0.01909,114.6
75.3402,0.018754,0.018836,-0.082,0.02004,0.01768,106.1
75.3601,0.019118,0.019211,-0.092,0.01859,0.01594,95.6
75.3801,0.019457,0.019556,-0.099,0.01727,0.01447,86.8
75.4001,0.019765,0.019865,-0.100,0.01578,0.01298,77.9
75.4201,0.020044,0.020148,-0.104,0.01429,0.01134,68.1
75.4401,0.020290,0.020401,-0.111,0.01272,0.00958,57.5
75.4601,0.020505,0.020623,-0.118,0.01113,0.00778,46.7
75.4801,0.020687,0.020802,-0.115,0.00952,0.00634,38.0
75.5001,0.020838,0.020951,-0.113,0.00793,0.00477,28.6
75.5201,0.020957,0.021071,-0.114,0.00636,0.00316,19.0
75.5401,0.021046,0.021158,-0.112,0.00481,0.00167,10.0
75.5601,0.021104,0.021213,-0.109,0.00330,0.00028,1.7
75.5801,0.021134,0.021239,-0.105,0.00185,-0.00105,-6.3
75.6001,0.021137,0.021239,-0.103,0.00047,-0.00239,-14.3
75.6201,0.021113,0.021229,-0.116,-0.00083,-0.00416,-25.0
75.6401,0.021066,0.021194,-0.128,-0.00205,-0.00570,-34.2
75.6601,0.020998,0.021114,-0.116,-0.00316,-0.00635,-38.1
75.6801,0.020909,0.021012,-0.103,-0.00417,-0.00698,-41.9
75.7001,0.020803,0.020883,-0.080,-0.00507,-0.00715,-42.9
75.7201,0.020683,0.020745,-0.062,-0.00584,-0.00747,-44.8
75.7401,0.020549,0.020607,-0.058,-0.00651,-0.00811,-48.6
75.7601,0.020405,0.020461,-0.055,-0.00705,-0.00857,-51.4
75.7801,0.020254,0.020296,-0.041,-0.00745,-0.00853,-51.2
75.8002,0.020097,0.020126,-0.028,-0.00778,-0.00850,-51.0
75.8202,0.019939,0.019959,-0.020,-0.00789,-0.00839,-50.4
75.8401,0.019781,0.019784,-0.003,-0.00789,-0.00788,-47.3
75.8601,0.019625,0.019621,0.003,-0.00784,-0.00770,-46.2
75.8801,0.019473,0.019470,0.003,-0.00762,-0.00755,-45.3
75.9001,0.019328,0.019319,0.009,-0.00731,-0.00701,-42.0
75.9201,0.019192,0.019170,0.023,-0.00690,-0.00619,-37.1
75.9401,0.019067,0.019033,0.034,-0.00639,-0.00536,-32.2
75.9601,0.018954,0.018912,0.042,-0.00579,-0.00455,-27.3
75.9801,0.018856,0.018807,0.049,-0.00511,-0.00369,-22.2
76.0001,0.018772,0.018722,0.050,-0.00436,-0.00296,-17.8
76.0201,0.018705,0.018656,0.049,-0.00356,-0.00218,-13.1
76.0401,0.018655,0.018601,0.054,-0.00271,-0.00118,-7.1
76.0601,0.018623,0.018568,0.055,-0.00183,-0.00029,-1.7
76.0801,0.018609,0.018553,0.056,-0.00092,0.00064,3.9
76.1001,0.018613,0.018552,0.061,-0.00001,0.00174,10.4
76.1201,0.018636,0.018558,0.078,0.00091,0.00317,19.0
76.1401,0.018677,0.018581,0.096,0.00181,0.00460,27.6
76.1601,0.018735,0.018632,0.103,0.00268,0.00560,33.6
76.1801,0.018809,0.018720,0.090,0.00352,0.00596,35.7
76.2001,0.018899,0.018820,0.079,0.00431,0.00647,38.8
76.2201,0.019004,0.018939,0.065,0.00505,0.00679,40.7
76.2401,0.019122,0.019069,0.052,0.00571,0.00710,42.6
76.2601,0.019251,0.019201,0.050,0.00630,0.00768,46.1
76.2801,0.019389,0.019341,0.048,0.00680,0.00812,48.7
76.3001,0.019535,0.019499,0.037,0.00721,0.00817,49.0
76.3201,0.019687,0.019662,0.025,0.00753,0.00817,49.0
76.3401,0.019843,0.019822,0.021,0.00773,0.00829,49.7
76.3601,0.020000,0.019983,0.017,0.00784,0.00830,49.8
76.3801,0.020157,0.020151,0.005,0.00781,0.00790,47.4
76.4001,0.020310,0.020315,-0.005,0.00770,0.00749,44.9
76.4201,0.020458,0.020470,-0.012,0.00745,0.00706,42.4
76.4401,0.020598,0.020622,-0.024,0.00710,0.00635,38.1
76.4601,0.020729,0.020759,-0.031,0.00664,0.00574,34.4
76.4801,0.020847,0.020878,-0.031,0.00608,0.00522,31.3
76.5001,0.020952,0.020990,-0.039,0.00539,0.00426,25.6
76.5201,0.021040,0.021093,-0.053,0.00462,0.00306,18.4
76.5401,0.021111,0.021171,-0.060,0.00375,0.00204,12.2
76.5601,0.021162,0.021227,-0.065,0.00281,0.00096,5.8
76.5801,0.021193,0.021260,-0.067,0.00178,-0.00013,-0.8
76.6001,0.021201,0.021272,-0.071,0.00069,-0.00131,-7.9
76.6201,0.021186,0.021269,-0.083,-0.00046,-0.00284,-17.1
76.6401,0.021147,0.021255,-0.108,-0.00165,-0.00484,-29.1
76.6601,0.021083,0.021210,-0.127,-0.00288,-0.00654,-39.3
76.6801,0.020995,0.021117,-0.123,-0.00413,-0.00754,-45.2
76.7001,0.020881,0.020995,-0.114,-0.00538,-0.00853,-51.2
76.7201,0.020742,0.020845,-0.103,-0.00664,-0.00945,-56.7
76.7401,0.020578,0.020676,-0.098,-0.00787,-0.01057,-63.4
76.7601,0.020391,0.020489,-0.098,-0.00908,-0.01183,-71.0
76.7801,0.020180,0.020273,-0.093,-0.01024,-0.01280,-76.8
76.8001,0.019948,0.020034,-0.086,-0.01134,-0.01372,-82.3
76.8201,0.019695,0.019769,-0.074,-0.01237,-0.01438,-86.3
76.8401,0.019423,0.019497,-0.074,-0.01335,-0.01542,-92.5
76.8601,0.019135,0.019207,-0.072,-0.01419,-0.01618,-97.1
76.8801,0.018832,0.018893,-0.061,-0.01495,-0.01660,-99.6
76.9001,0.018517,0.018567,-0.051,-0.01561,-0.01696,-101.8
76.9201,0.018192,0.018234,-0.042,-0.01612,-0.01724,-103.4
76.9401,0.017860,0.017889,-0.030,-0.01652,-0.01727,-103.6
76.9601,0.017523,0.017546,-0.024,-0.01677,-0.01740,-104.4
76.9801,0.017185,0.017200,-0.015,-0.01688,-0.01725,-103.5
77.0001,0.016848,0.016852,-0.003,-0.01683,-0.01685,-101.1
77.0201,0.016516,0.016512,0.005,-0.01664,-0.01647,-98.8
77.0401,0.016192,0.016174,0.018,-0.01629,-0.01571,-94.2
77.0601,0.015879,0.015847,0.032,-0.01581,-0.01483,-89.0
77.0801,0.015579,0.015539,0.040,-0.01514,-0.01397,-83.8
77.1001,0.015298,0.015246,0.052,-0.01427,-0.01274,-76.4
77.1201,0.015036,0.014974,0.062,-0.01333,-0.01152,-69.1
77.1401,0.014797,0.014725,0.073,-0.01222,-0.01011,-60.7
77.1601,0.014585,0.014505,0.079,-0.01096,-0.00870,-52.2
77.1801,0.014400,0.014308,0.091,-0.00958,-0.00695,-41.7
77.2001,0.014247,0.014137,0.110,-0.00803,-0.00485,-29.1
77.2201,0.014127,0.014008,0.119,-0.00641,-0.00302,-18.1
77.2401,0.014042,0.013916,0.126,-0.00467,-0.00109,-6.5
77.2601,0.013995,0.013865,0.130,-0.00283,0.00082,4.9
77.2801,0.013986,0.013848,0.138,-0.00091,0.00300,18.0
77.3001,0.014017,0.013857,0.160,0.00107,0.00569,34.1
77.3201,0.014090,0.013911,0.179,0.00311,0.00822,49.3
77.3401,0.014204,0.014020,0.184,0.00519,0.01039,62.3
77.3601,0.014360,0.014182,0.178,0.00729,0.01222,73.3
77.3801,0.014559,0.014390,0.169,0.00939,0.01405,84.3
77.4001,0.014799,0.014641,0.158,0.01149,0.01585,95.1
77.4201,0.015081,0.014924,0.156,0.01358,0.01795,107.7
77.4401,0.015402,0.015249,0.153,0.01557,0.01985,119.1
77.4601,0.015764,0.015615,0.149,0.01759,0.02174,130.4
77.4801,0.016163,0.016019,0.144,0.01945,0.02344,140.6
77.5001,0.016596,0.016458,0.138,0.02124,0.02507,150.4
77.5201,0.017065,0.016935,0.130,0.02299,0.02657,159.4
77.5401,0.017563,0.017443,0.120,0.02451,0.02782,166.9
77.5601,0.018090,0.017978,0.112,0.02598,0.02907,174.4
77.5801,0.018642,0.018540,0.102,0.02728,0.03006,180.4
77.6001,0.019217,0.019125,0.092,0.02845,0.03096,185.7
77.6201,0.019810,0.019732,0.078,0.02941,0.03151,189.0
77.6401,0.020417,0.020354,0.063,0.03017,0.03184,191.0
77.6601,0.021036,0.020985,0.050,0.03079,0.03212,192.7
77.6801,0.021662,0.021627,0.035,0.03122,0.03212,192.7
77.7002,0.022296,0.022268,0.027,0.03158,0.03229,193.8
77.7201,0.022919,0.022914,0.005,0.03126,0.03128,187.7
77.7401,0.023543,0.023559,-0.016,0.03119,0.03060,183.6
77.7601,0.024157,0.024182,-0.026,0.03080,0.03003,180.2
77.7801,0.024757,0.024795,-0.037,0.03018,0.02907,174.4
77.8001,0.025340,0.025391,-0.051,0.02936,0.02786,167.1
77.8201,0.025902,0.025966,-0.064,0.02834,0.02648,158.9
77.8401,0.026439,0.026518,-0.079,0.02713,0.02482,148.9
77.8602,0.026948,0.027041,-0.093,0.02581,0.02313,138.8
77.8801,0.027420,0.027530,-0.110,0.02403,0.02085,125.1
77.9001,0.027858,0.027985,-0.126,0.02234,0.01871,112.2
77.9201,0.028257,0.028391,-0.134,0.02042,0.01664,99.8
77.9401,0.028614,0.028759,-0.146,0.01835,0.01420,85.2
77.9601,0.028925,0.029082,-0.157,0.01613,0.01168,70.1
77.9801,0.029189,0.029349,-0.160,0.01379,0.00931,55.8
78.0001,0.029404,0.029577,-0.173,0.01135,0.00644,38.7
78.0201,0.029568,0.029751,-0.183,0.00882,0.00363,21.8
78.0401,0.029679,0.029865,-0.186,0.00621,0.00099,6.0
78.0601,0.029736,0.029928,-0.192,0.00354,-0.00187,-11.2
78.0801,0.029739,0.029933,-0.194,0.00083,-0.00461,-27.7
78.1001,0.029688,0.029909,-0.222,-0.00190,-0.00827,-49.6
78.1201,0.029581,0.029818,-0.236,-0.00464,-0.01134,-68.0
78.1401,0.029421,0.029650,-0.229,-0.00735,-0.01373,-82.4
78.1601,0.029206,0.029421,-0.215,-0.01004,-0.01597,-95.8
78.1801,0.028940,0.029142,-0.202,-0.01266,-0.01824,-109.4
78.2001,0.028622,0.028814,-0.192,-0.01525,-0.02056,-123.4
78.2201,0.028256,0.028447,-0.191,-0.01770,-0.02303,-138.2
78.2401,0.027842,0.028027,-0.185,-0.02009,-0.02525,-151.5
78.2601,0.027384,0.027558,-0.174,-0.02236,-0.02717,-163.0
78.2801,0.026884,0.027047,-0.163,-0.02448,-0.02899,-173.9
78.3001,0.026344,0.026497,-0.153,-0.02647,-0.03069,-184.1
78.3201,0.025769,0.025910,-0.141,-0.02830,-0.03216,-192.9
78.3401,0.025162,0.025289,-0.127,-0.02995,-0.03341,-200.5
78.3601,0.024526,0.024641,-0.115,-0.03143,-0.03457,-207.4
78.3801,0.023866,0.023968,-0.102,-0.03270,-0.03548,-212.9
78.4001,0.023184,0.023273,-0.088,-0.03379,-0.03618,-217.1
78.4201,0.022486,0.022559,-0.073,-0.03469,-0.03666,-220.0
78.4401,0.021775,0.021833,-0.058,-0.03538,-0.03690,-221.4
78.4601,0.021056,0.021096,-0.040,-0.03585,-0.03686,-221.2
78.4801,0.020332,0.020360,-0.028,-0.03613,-0.03685,-221.1
78.5001,0.019608,0.019622,-0.013,-0.03616,-0.03645,-218.7
78.5201,0.018889,0.018886,0.003,-0.03599,-0.03582,-214.9
78.5401,0.018177,0.018157,0.020,-0.03568,-0.03501,-210.1
78.5602,0.017475,0.017444,0.030,-0.03524,-0.03432,-205.9
78.5801,0.016794,0.016747,0.046,-0.03428,-0.03288,-197.3
78.6001,0.016132,0.016066,0.066,-0.03332,-0.03135,-188.1
78.6201,0.015493,0.015417,0.076,-0.03225,-0.03007,-180.4
78.6401,0.014879,0.014796,0.083,-0.03099,-0.02860,-171.6
78.6601,0.014295,0.014202,0.093,-0.02958,-0.02691,-161.5
78.6801,0.013744,0.013636,0.108,-0.02795,-0.02483,-149.0
78.7001,0.013227,0.013110,0.118,-0.02625,-0.02289,-137.3
78.7201,0.012749,0.012622,0.127,-0.02439,-0.02079,-124.7
78.7401,0.012309,0.012174,0.135,-0.02246,-0.01863,-111.8
78.7601,0.011911,0.011764,0.147,-0.02044,-0.01625,-97.5
78.7801,0.011555,0.011403,0.151,-0.01833,-0.01407,-84.4
78.8001,0.011241,0.011083,0.158,-0.01620,-0.01174,-70.4
78.8201,0.010973,0.010825,0.148,-0.01396,-0.00987,-59.2
78.8401,0.010749,0.010594,0.154,-0.01178,-0.00742,-44.5
78.8601,0.010570,0.010408,0.161,-0.00952,-0.00497,-29.8
78.8801,0.010435,0.010270,0.164,-0.00730,-0.00268,-16.1
78.9001,0.010343,0.010186,0.158,-0.00511,-0.00073,-4.4
78.9201,0.010295,0.010141,0.155,-0.00294,0.00136,8.2
78.9401,0.010289,0.010135,0.155,-0.00083,0.00350,21.0
78.9601,0.010324,0.010148,0.175,0.00121,0.00625,37.5
78.9801,0.010397,0.010214,0.183,0.00318,0.00836,50.1
79.0001,0.010508,0.010333,0.175,0.00505,0.00990,59.4
79.0201,0.010653,0.010499,0.154,0.00683,0.01102,66.1
79.0401,0.010831,0.010699,0.132,0.00850,0.01207,72.4
79.0601,0.011040,0.010918,0.122,0.01003,0.01340,80.4
79.0801,0.011276,0.011161,0.115,0.01145,0.01462,87.7
79.1001,0.011537,0.011428,0.109,0.01274,0.01577,94.6
79.1201,0.011820,0.011728,0.093,0.01388,0.01638,98.3
79.1401,0.012123,0.012046,0.077,0.01488,0.01695,101.7
79.1601,0.012442,0.012373,0.070,0.01574,0.01765,105.9
79.1801,0.012775,0.012718,0.057,0.01645,0.01797,107.8
79.2001,0.013118,0.013072,0.047,0.01702,0.01827,109.6
79.2201,0.013469,0.013431,0.038,0.01744,0.01845,110.7
79.2401,0.013825,0.013802,0.023,0.01773,0.01829,109.8
79.2601,0.014183,0.014171,0.012,0.01788,0.01815,108.9
79.2801,0.014541,0.014537,0.004,0.01789,0.01795,107.7
79.3001,0.014896,0.014900,-0.004,0.01777,0.01760,105.6
79.3201,0.015246,0.015259,-0.013,0.01756,0.01714,102.8
79.3401,0.015589,0.015611,-0.022,0.01721,0.01654,99.2
79.3601,0.015922,0.015951,-0.029,0.01677,0.01592,95.5
79.3801,0.016244,0.016279,-0.035,0.01623,0.01522,91.3
79.4001,0.016554,0.016598,-0.045,0.01563,0.01433,86.0
79.4201,0.016849,0.016896,-0.047,0.01496,0.01364,81.8
79.4401,0.017130,0.017178,-0.048,0.01423,0.01287,77.2
79.4601,0.017395,0.017448,-0.052,0.01344,0.01195,71.7
79.4801,0.017644,0.017702,-0.058,0.01265,0.01099,65.9
79.5001,0.017876,0.017936,-0.060,0.01180,0.01011,60.7
79.5201,0.018090,0.018151,-0.060,0.01094,0.00925,55.5
79.5401,0.018288,0.018347,-0.059,0.01011,0.00848,50.9
79.5601,0.018470,0.018529,-0.059,0.00928,0.00763,45.8
79.5801,0.018635,0.018697,-0.061,0.00847,0.00675,40.5
79.6001,0.018786,0.018839,-0.053,0.00772,0.00628,37.7
79.6201,0.018922,0.018974,-0.052,0.00700,0.00557,33.4
79.6401,0.019045,0.019099,-0.054,0.00631,0.00480,28.8
79.6601,0.019157,0.019201,-0.044,0.00572,0.00454,27.2
79.6801,0.019258,0.019294,-0.036,0.00520,0.00424,25.4
79.7001,0.019351,0.019383,-0.033,0.00474,0.00384,23.0
79.7201,0.019436,0.019467,-0.030,0.00438,0.00354,21.2
79.7401,0.019517,0.019543,-0.027,0.00409,0.00337,20.2
79.7601,0.019594,0.019613,-0.019,0.00390,0.00341,20.5
79.7801,0.019669,0.019675,-0.006,0.00380,0.00372,22.3
79.8001,0.019745,0.019745,0.000,0.00380,0.00384,23.1
79.8201,0.019824,0.019814,0.010,0.00390,0.00424,25.4
79.8401,0.019906,0.019893,0.013,0.00409,0.00447,26.8
79.8601,0.019995,0.019977,0.018,0.00436,0.00489,29.3
79.8801,0.020091,0.020072,0.019,0.00472,0.00526,31.5
79.9001,0.020197,0.020168,0.029,0.00517,0.00604,36.2
79.9201,0.020313,0.020280,0.033,0.00570,0.00665,39.9
79.9401,0.020442,0.020403,0.040,0.00630,0.00745,44.7
79.9601,0.020585,0.020541,0.044,0.00695,0.00821,49.2
79.9801,0.020742,0.020696,0.045,0.00767,0.00894,53.6
80.0001,0.020914,0.020851,0.063,0.00842,0.01028,61.7
80.0297,0.021198,0.021145,0.053,0.01306,0.01449,86.9
80.0475,0.021387,0.021335,0.052,0.01018,0.01163,69.8
80.0654,0.021590,0.021600,-0.010,0.01015,0.00951,57.1
80.0834,0.021807,0.021804,0.003,0.01070,0.01087,65.2
80.1016,0.022040,0.021975,0.065,0.01145,0.01362,81.7
80.1201,0.022290,0.022188,0.102,0.01230,0.01538,92.3
80.1401,0.022575,0.022470,0.105,0.01387,0.01682,100.9
80.1601,0.022874,0.022788,0.086,0.01473,0.01702,102.1
80.1801,0.023186,0.023127,0.059,0.01542,0.01690,101.4
80.2001,0.023509,0.023465,0.043,0.01600,0.01711,102.7
80.2201,0.023841,0.023807,0.035,0.01651,0.01744,104.6
80.2401,0.024182,0.024152,0.030,0.01693,0.01775,106.5
80.2601,0.024528,0.024503,0.025,0.01723,0.01789,107.4
80.2801,0.024878,0.024861,0.017,0.01744,0.01786,107.2
80.3001,0.025229,0.025219,0.010,0.01751,0.01775,106.5
80.3201,0.025578,0.025556,0.022,0.01746,0.01813,108.8
80.3401,0.025923,0.025931,-0.008,0.01730,0.01688,101.3
80.3601,0.026261,0.026291,-0.030,0.01698,0.01601,96.1
80.3801,0.026589,0.026626,-0.037,0.01651,0.01541,92.5
80.4001,0.026904,0.026941,-0.037,0.01592,0.01489,89.4
80.4201,0.027204,0.027243,-0.038,0.01518,0.01410,84.6
80.4401,0.027485,0.027522,-0.036,0.01429,0.01328,79.7
80.4601,0.027746,0.027804,-0.058,0.01326,0.01150,69.0
80.4801,0.027982,0.028072,-0.090,0.01210,0.00939,56.4
80.5001,0.028191,0.028282,-0.091,0.01077,0.00822,49.3
80.5201,0.028370,0.028461,-0.091,0.00934,0.00680,40.8
80.5401,0.028518,0.028628,-0.110,0.00777,0.00458,27.5
80.5601,0.028631,0.028748,-0.117,0.00609,0.00277,16.6
80.5801,0.028708,0.028822,-0.114,0.00430,0.00113,6.8
80.6001,0.028747,0.028870,-0.123,0.00240,-0.00110,-6.6
80.6202,0.028745,0.028885,-0.139,0.00042,-0.00358,-21.5
80.6401,0.028703,0.028869,-0.167,-0.00162,-0.00646,-38.8
80.6601,0.028617,0.028800,-0.183,-0.00374,-0.00895,-53.7
80.6801,0.028488,0.028672,-0.184,-0.00591,-0.01107,-66.4
80.7001,0.028315,0.028506,-0.190,-0.00809,-0.01345,-80.7
80.7201,0.028097,0.028263,-0.165,-0.01034,-0.01483,-89.0
80.7400,0.027837,0.028004,-0.168,-0.01249,-0.01720,-103.2
80.7601,0.027530,0.027680,-0.151,-0.01478,-0.01889,-113.4
80.7801,0.027182,0.027335,-0.153,-0.01687,-0.02119,-127.1
80.8001,0.026791,0.026946,-0.156,-0.01902,-0.02340,-140.4
80.8201,0.026358,0.026516,-0.158,-0.02111,-0.02556,-153.4
80.8401,0.025887,0.026038,-0.151,-0.02307,-0.02726,-163.6
80.8601,0.025378,0.025519,-0.141,-0.02496,-0.02885,-173.1
80.8801,0.024834,0.024965,-0.130,-0.02674,-0.03033,-182.0
80.9002,0.024254,0.024380,-0.126,-0.02857,-0.03206,-192.4
80.9201,0.023652,0.023765,-0.113,-0.02978,-0.03286,-197.2
80.9401,0.023019,0.023118,-0.099,-0.03128,-0.03397,-203.8
80.9601,0.022363,0.022458,-0.095,-0.03248,-0.03511,-210.7
80.9801,0.021688,0.021770,-0.082,-0.03350,-0.03572,-214.3
81.0001,0.020995,0.021062,-0.066,-0.03442,-0.03618,-217.1
81.0201,0.020294,0.020347,-0.054,-0.03496,-0.03639,-218.3
81.0401,0.019581,0.019621,-0.040,-0.03548,-0.03651,-219.1
81.0601,0.018867,0.018894,-0.027,-0.03566,-0.03632,-217.9
81.0801,0.018152,0.018162,-0.010,-0.03575,-0.03594,-215.6
81.1001,0.017443,0.017438,0.004,-0.03553,-0.03532,-211.9
81.1201,0.016742,0.016720,0.022,-0.03513,-0.03440,-206.4
81.1401,0.016056,0.016017,0.038,-0.03448,-0.03330,-199.8
81.1601,0.015387,0.015336,0.050,-0.03366,-0.03219,-193.2
81.1801,0.014742,0.014674,0.067,-0.03253,-0.03054,-183.2
81.2001,0.014121,0.014038,0.083,-0.03134,-0.02893,-173.6
81.2201,0.013532,0.013435,0.097,-0.02983,-0.02704,-162.2
81.2401,0.012976,0.012861,0.115,-0.02819,-0.02486,-149.1
81.2601,0.012459,0.012332,0.127,-0.02634,-0.02272,-136.3
81.2801,0.011981,0.011844,0.137,-0.02437,-0.02046,-122.8
81.3001,0.011550,0.011403,0.146,-0.02213,-0.01798,-107.9
81.3201,0.011166,0.011003,0.164,-0.01976,-0.01506,-90.4
81.3402,0.010830,0.010655,0.175,-0.01740,-0.01243,-74.6
81.3601,0.010551,0.010372,0.179,-0.01466,-0.00963,-57.8
81.3801,0.010324,0.010135,0.189,-0.01199,-0.00663,-39.8
81.4001,0.010154,0.009957,0.197,-0.00922,-0.00365,-21.9
81.4201,0.010041,0.009838,0.203,-0.00635,-0.00064,-3.9
81.4401,0.009987,0.009778,0.210,-0.00343,0.00248,14.9
81.4601,0.009992,0.009775,0.217,-0.00047,0.00566,34.0
81.4803,0.010058,0.009813,0.245,0.00254,0.00957,57.4
81.5001,0.010182,0.009932,0.250,0.00546,0.01248,74.9
81.5201,0.010365,0.010128,0.237,0.00843,0.01500,90.0
81.5401,0.010607,0.010384,0.223,0.01134,0.01748,104.9
81.5601,0.010905,0.010695,0.210,0.01421,0.02002,120.1
81.5801,0.011259,0.011054,0.205,0.01700,0.02271,136.2
81.6001,0.011666,0.011466,0.201,0.01968,0.02527,151.6
81.6201,0.012124,0.011931,0.193,0.02225,0.02759,165.6
81.6401,0.012631,0.012449,0.182,0.02474,0.02977,178.6
81.6601,0.013184,0.013011,0.173,0.02706,0.03185,191.1
81.6801,0.013778,0.013620,0.158,0.02918,0.03352,201.1
81.7001,0.014413,0.014264,0.149,0.03122,0.03533,212.0
81.7201,0.015082,0.014946,0.137,0.03302,0.03678,220.7
81.7401,0.015786,0.015661,0.124,0.03473,0.03813,228.8
81.7602,0.016518,0.016404,0.114,0.03626,0.03940,236.4
81.7801,0.017270,0.017176,0.094,0.03731,0.03983,239.0
81.8001,0.018044,0.017966,0.079,0.03845,0.04056,243.4
81.8201,0.018832,0.018767,0.065,0.03919,0.04094,245.6
81.8401,0.019633,0.019581,0.052,0.03988,0.04127,247.6
81.8601,0.020440,0.020401,0.038,0.04025,0.04125,247.5
81.8801,0.021251,0.021230,0.021,0.04048,0.04095,245.7
81.9001,0.022059,0.022052,0.008,0.04044,0.04058,243.5
81.9201,0.022861,0.022872,-0.011,0.04016,0.03975,238.5
81.9401,0.023655,0.023680,-0.025,0.03977,0.03897,233.8
81.9601,0.024433,0.024472,-0.039,0.03911,0.03795,227.7
81.9801,0.025195,0.025247,-0.052,0.03830,0.03675,220.5
82.0001,0.025936,0.026001,-0.065,0.03730,0.03541,212.5
82.0201,0.026653,0.026732,-0.080,0.03613,0.03381,202.8
82.0401,0.027342,0.027430,-0.089,0.03477,0.03223,193.4
82.0601,0.028000,0.028098,-0.098,0.03329,0.03051,183.1
82.0801,0.028625,0.028735,-0.110,0.03168,0.02852,171.1
82.1001,0.029216,0.029332,-0.116,0.02997,0.02668,160.1
82.1201,0.029768,0.029893,-0.124,0.02807,0.02454,147.2
82.1401,0.030282,0.030415,-0.133,0.02618,0.02239,134.4
82.1601,0.030756,0.030893,-0.137,0.02420,0.02035,122.1
82.1801,0.031190,0.031329,-0.139,0.02218,0.01828,109.7
82.2001,0.031580,0.031727,-0.147,0.02003,0.01586,95.2
82.2201,0.031928,0.032082,-0.154,0.01794,0.01360,81.6
82.2401,0.032234,0.032384,-0.150,0.01581,0.01164,69.8
82.2601,0.032497,0.032649,-0.152,0.01371,0.00944,56.6
82.2801,0.032718,0.032862,-0.144,0.01158,0.00759,45.6
82.3001,0.032899,0.033041,-0.142,0.00955,0.00558,33.5
82.3201,0.033040,0.033188,-0.148,0.00755,0.00337,20.2
82.3401,0.033143,0.033285,-0.143,0.00562,0.00165,9.9
82.3601,0.033208,0.033339,-0.131,0.00375,0.00015,0.9
82.3801,0.033239,0.033366,-0.127,0.00198,-0.00156,-9.4
82.4001,0.033237,0.033366,-0.129,0.00031,-0.00330,-19.8
82.4201,0.033204,0.033346,-0.141,-0.00124,-0.00527,-31.6
82.4401,0.033144,0.033282,-0.138,-0.00268,-0.00653,-39.2
82.4601,0.033057,0.033182,-0.125,-0.00399,-0.00741,-44.4
82.4801,0.032948,0.033062,-0.114,-0.00517,-0.00830,-49.8
82.5001,0.032818,0.032905,-0.087,-0.00621,-0.00849,-50.9
82.5201,0.032672,0.032741,-0.069,-0.00712,-0.00895,-53.7
82.5401,0.032510,0.032583,-0.073,-0.00787,-0.00993,-59.6
82.5601,0.032337,0.032394,-0.057,-0.00851,-0.01001,-60.1
82.5802,0.032154,0.032192,-0.037,-0.00902,-0.00995,-59.7
82.6002,0.031966,0.031993,-0.027,-0.00932,-0.01001,-60.1
82.6203,0.031775,0.031791,-0.016,-0.00952,-0.00991,-59.4
82.6401,0.031585,0.031593,-0.009,-0.00951,-0.00972,-58.3
82.6601,0.031394,0.031402,-0.007,-0.00952,-0.00972,-58.3
82.6802,0.031208,0.031205,0.002,-0.00937,-0.00925,-55.5
82.7001,0.031029,0.031017,0.012,-0.00900,-0.00860,-51.6
82.7201,0.030859,0.030834,0.025,-0.00863,-0.00786,-47.2
82.7401,0.030698,0.030666,0.032,-0.00816,-0.00723,-43.4
82.7601,0.030549,0.030516,0.033,-0.00758,-0.00664,-39.8
82.7801,0.030414,0.030374,0.039,-0.00694,-0.00580,-34.8
82.8001,0.030292,0.030247,0.045,-0.00623,-0.00493,-29.6
82.8201,0.030186,0.030131,0.056,-0.00549,-0.00386,-23.2
82.8401,0.030097,0.030038,0.059,-0.00467,-0.00302,-18.1
82.8601,0.030024,0.029967,0.057,-0.00386,-0.00229,-13.7
82.8801,0.029967,0.029910,0.058,-0.00303,-0.00141,-8.5
82.9001,0.029928,0.029870,0.058,-0.00220,-0.00058,-3.5
82.9201,0.029904,0.029847,0.058,-0.00138,0.00023,1.4
82.9401,0.029897,0.029839,0.058,-0.00058,0.00103,6.2
82.9601,0.029904,0.029842,0.062,0.00019,0.00197,11.8
82.9801,0.029926,0.029850,0.076,0.00091,0.00312,18.7
83.0001,0.029961,0.029881,0.080,0.00157,0.00384,23.0
83.0201,0.030007,0.029936,0.071,0.00217,0.00412,24.7
83.0401,0.030064,0.030007,0.057,0.00271,0.00421,25.2
83.0601,0.030129,0.030089,0.041,0.00315,0.00420,25.2
83.0801,0.030202,0.030159,0.042,0.00351,0.00471,28.2
83.1001,0.030279,0.030243,0.035,0.00378,0.00472,28.3
83.1201,0.030359,0.030335,0.024,0.00396,0.00456,27.4
83.1401,0.030439,0.030425,0.015,0.00402,0.00438,26.3
83.1602,0.030519,0.030515,0.004,0.00401,0.00406,24.4
83.1801,0.030596,0.030605,-0.009,0.00385,0.00351,21.1
83.2001,0.030667,0.030679,-0.012,0.00362,0.00326,19.6
83.2201,0.030731,0.030747,-0.016,0.00328,0.00281,16.8
83.2401,0.030785,0.030805,-0.020,0.00284,0.00227,13.6
83.2601,0.030829,0.030858,-0.029,0.00231,0.00143,8.6
83.2801,0.030859,0.030905,-0.046,0.00168,0.00030,1.8
83.3001,0.030875,0.030929,-0.054,0.00097,-0.00058,-3.5
83.3201,0.030875,0.030931,-0.056,0.00019,-0.00140,-8.4
83.3401,0.030857,0.030927,-0.069,-0.00067,-0.00269,-16.1
83.3601,0.030821,0.030909,-0.088,-0.00159,-0.00416,-24.9
83.3801,0.030765,0.030868,-0.102,-0.00255,-0.00551,-33.1
83.4001,0.030689,0.030784,-0.095,-0.00356,-0.00619,-37.2
83.4201,0.030591,0.030677,-0.086,-0.00461,-0.00696,-41.8
83.4401,0.030473,0.030557,-0.084,-0.00565,-0.00800,-48.0
83.4601,0.030333,0.030425,-0.091,-0.00672,-0.00932,-55.9
83.4801,0.030172,0.030249,-0.077,-0.00779,-0.00986,-59.2
83.5001,0.029991,0.030061,-0.071,-0.00883,-0.01078,-64.7
83.5201,0.029789,0.029861,-0.073,-0.00984,-0.01188,-71.3
83.5401,0.029568,0.029641,-0.073,-0.01078,-0.01283,-77.0
83.5601,0.029330,0.029405,-0.075,-0.01169,-0.01379,-82.7
83.5801,0.029074,0.029156,-0.082,-0.01256,-0.01489,-89.3
83.6001,0.028804,0.028859,-0.055,-0.01332,-0.01468,-88.1
83.6201,0.028521,0.028575,-0.054,-0.01399,-0.01551,-93.1
83.6401,0.028226,0.028266,-0.040,-0.01459,-0.01563,-93.8
83.6601,0.027923,0.027952,-0.030,-0.01506,-0.01583,-95.0
83.6801,0.027613,0.027637,-0.025,-0.01541,-0.01607,-96.4
83.7002,0.027297,0.027323,-0.026,-0.01569,-0.01642,-98.5
83.7202,0.026982,0.026998,-0.016,-0.01577,-0.01617,-97.0
83.7401,0.026668,0.026683,-0.014,-0.01568,-0.01607,-96.4
83.7601,0.026358,0.026349,0.009,-0.01557,-0.01519,-91.2
83.7801,0.026054,0.026028,0.026,-0.01525,-0.01441,-86.4
83.8001,0.025761,0.025725,0.035,-0.01479,-0.01375,-82.5
83.8201,0.025480,0.025447,0.033,-0.01419,-0.01328,-79.7
83.8401,0.025215,0.025175,0.040,-0.01345,-0.01230,-73.8
83.8601,0.024967,0.024912,0.055,-0.01258,-0.01095,-65.7
83.8801,0.024742,0.024672,0.070,-0.01153,-0.00950,-57.0
83.9001,0.024540,0.024462,0.077,-0.01039,-0.00817,-49.0
83.9201,0.024364,0.024278,0.086,-0.00911,-0.00665,-39.9
83.9401,0.024217,0.024120,0.097,-0.00771,-0.00492,-29.5
83.9601,0.024101,0.023998,0.103,-0.00620,-0.00329,-19.7
83.9801,0.024017,0.023905,0.112,-0.00458,-0.00138,-8.3
84.0001,0.023968,0.023848,0.120,-0.00288,0.00051,3.1
84.0201,0.023955,0.023825,0.130,-0.00110,0.00259,15.5
84.0401,0.023979,0.023834,0.145,0.00075,0.00491,29.4
84.0601,0.024042,0.023870,0.171,0.00265,0.00760,45.6
84.0801,0.024143,0.023972,0.171,0.00459,0.00938,56.3
84.1001,0.024284,0.024128,0.156,0.00655,0.01085,65.1
84.1201,0.024464,0.024312,0.152,0.00853,0.01277,76.6
84.1401,0.024684,0.024522,0.162,0.01048,0.01507,90.4
84.1601,0.024943,0.024785,0.157,0.01244,0.01682,100.9
84.1801,0.025239,0.025094,0.146,0.01435,0.01836,110.1
84.2001,0.025573,0.025436,0.137,0.01621,0.01998,119.9
84.2201,0.025942,0.025829,0.113,0.01801,0.02103,126.2
84.2401,0.026344,0.026212,0.131,0.01967,0.02345,140.7
84.2601,0.026778,0.026669,0.109,0.02133,0.02426,145.6
84.2801,0.027242,0.027143,0.099,0.02280,0.02551,153.0
84.3001,0.027731,0.027611,0.120,0.02415,0.02765,165.9
84.3201,0.028246,0.028131,0.115,0.02540,0.02860,171.6
84.3401,0.028781,0.028692,0.089,0.02649,0.02881,172.9
84.3601,0.029335,0.029295,0.040,0.02745,0.02827,169.6
84.3801,0.029902,0.029870,0.032,0.02819,0.02905,174.3
84.4001,0.030480,0.030411,0.069,0.02872,0.03087,185.2
84.4201,0.031066,0.031030,0.035,0.02920,0.02999,180.0
84.4401,0.031653,0.031647,0.006,0.02934,0.02933,176.0
84.4601,0.032241,0.032241,-0.000,0.02937,0.02932,175.9
84.4801,0.032824,0.032799,0.025,0.02919,0.03003,180.2
84.5001,0.033398,0.033390,0.008,0.02882,0.02895,173.7
84.5201,0.033961,0.034015,-0.054,0.02826,0.02636,158.2
84.5401,0.034506,0.034563,-0.057,0.02746,0.02584,155.0
84.5601,0.035032,0.035084,-0.052,0.02651,0.02507,150.4
84.5801,0.035534,0.035597,-0.063,0.02539,0.02356,141.3
84.6001,0.036008,0.036090,-0.083,0.02405,0.02162,129.7
84.6201,0.036451,0.036551,-0.099,0.02255,0.01968,118.1
84.6401,0.036861,0.036975,-0.114,0.02090,0.01761,105.6
84.6601,0.037234,0.037374,-0.140,0.01910,0.01501,90.1
84.6801,0.037567,0.037704,-0.137,0.01713,0.01331,79.9
84.7001,0.037858,0.038003,-0.145,0.01507,0.01096,65.8
84.7201,0.038103,0.038251,-0.148,0.01283,0.00868,52.1
84.7401,0.038303,0.038458,-0.155,0.01056,0.00618,37.1
84.7601,0.038455,0.038628,-0.173,0.00820,0.00326,19.5
84.7801,0.038558,0.038736,-0.178,0.00573,0.00070,4.2
84.8001,0.038610,0.038784,-0.174,0.00324,-0.00161,-9.6
84.8201,0.038612,0.038783,-0.172,0.00071,-0.00408,-24.5
84.8401,0.038563,0.038767,-0.204,-0.00182,-0.00775,-46.5
84.8601,0.038462,0.038683,-0.220,-0.00437,-0.01063,-63.8
84.8801,0.038312,0.038539,-0.226,-0.00688,-0.01325,-79.5
84.9001,0.038112,0.038320,-0.208,-0.00937,-0.01507,-90.4
84.9201,0.037864,0.038032,-0.168,-0.01181,-0.01627,-97.6
84.9401,0.037570,0.037724,-0.155,-0.01413,-0.01839,-110.3
84.9601,0.037229,0.037395,-0.166,-0.01643,-0.02115,-126.9
84.9801,0.036848,0.037016,-0.168,-0.01854,-0.02326,-139.6
85.0001,0.036425,0.036582,-0.156,-0.02061,-0.02492,-149.5
85.0307,0.035708,0.035856,-0.148,-0.03281,-0.03691,-221.5
85.0486,0.035252,0.035392,-0.140,-0.02481,-0.02866,-172.0
85.0666,0.034770,0.034729,0.042,-0.02422,-0.02197,-131.8
85.0846,0.034267,0.034227,0.040,-0.02497,-0.02385,-143.1
85.1027,0.033744,0.033836,-0.091,-0.02591,-0.02925,-175.5
85.1206,0.033207,0.033397,-0.190,-0.02667,-0.03259,-195.5
85.1401,0.032613,0.032833,-0.220,-0.02912,-0.03546,-212.8
85.1601,0.031988,0.032164,-0.175,-0.03080,-0.03544,-212.6
85.1802,0.031353,0.031416,-0.062,-0.03155,-0.03262,-195.7
85.2001,0.030722,0.030712,0.009,-0.03158,-0.03089,-185.3
85.2201,0.030088,0.030097,-0.009,-0.03166,-0.03202,-192.1
85.2401,0.029459,0.029477,-0.018,-0.03151,-0.03209,-192.5
85.2601,0.028839,0.028837,0.002,-0.03109,-0.03090,-185.4
85.2801,0.028231,0.028197,0.034,-0.03053,-0.02938,-176.3
85.3001,0.027640,0.027587,0.053,-0.02975,-0.02816,-168.9
85.3201,0.027071,0.026979,0.092,-0.02871,-0.02590,-155.4
85.3401,0.026527,0.026450,0.078,-0.02749,-0.02539,-152.4
85.3601,0.026010,0.025938,0.072,-0.02620,-0.02423,-145.4
85.3801,0.025525,0.025437,0.088,-0.02465,-0.02210,-132.6
85.4001,0.025073,0.024963,0.110,-0.02300,-0.01978,-118.7
85.4201,0.024659,0.024511,0.147,-0.02117,-0.01682,-100.9
85.4401,0.024284,0.024144,0.140,-0.01923,-0.01537,-92.2
85.4601,0.023950,0.023798,0.152,-0.01720,-0.01288,-77.3
85.4801,0.023659,0.023507,0.152,-0.01506,-0.01080,-64.8
85.5001,0.023414,0.023271,0.143,-0.01282,-0.00885,-53.1
85.5201,0.023215,0.023065,0.150,-0.01054,-0.00631,-37.9
85.5401,0.023062,0.022901,0.161,-0.00822,-0.00363,-21.8
85.5601,0.022957,0.022783,0.174,-0.00586,-0.00092,-5.5
85.5801,0.022899,0.022728,0.171,-0.00348,0.00128,7.7
85.6001,0.022889,0.022723,0.166,-0.00111,0.00350,21.0
85.6201,0.022925,0.022740,0.185,0.00124,0.00651,39.1
85.6401,0.023008,0.022810,0.198,0.00355,0.00918,55.1
85.6602,0.023136,0.022943,0.193,0.00584,0.01121,67.3
85.6801,0.023306,0.023119,0.187,0.00797,0.01316,79.0
85.7001,0.023518,0.023344,0.174,0.01009,0.01491,89.4
85.7201,0.023770,0.023617,0.154,0.01210,0.01628,97.7
85.7401,0.024060,0.023914,0.146,0.01401,0.01805,108.3
85.7601,0.024385,0.024248,0.136,0.01579,0.01955,117.3
85.7801,0.024742,0.024615,0.127,0.01744,0.02094,125.6
85.8001,0.025128,0.025012,0.116,0.01893,0.02212,132.7
85.8201,0.025541,0.025438,0.103,0.02029,0.02310,138.6
85.8401,0.025977,0.025884,0.092,0.02150,0.02401,144.1
85.8601,0.026432,0.026354,0.079,0.02253,0.02467,148.0
85.8802,0.026908,0.026863,0.045,0.02351,0.02457,147.4
85.9001,0.027391,0.027332,0.058,0.02403,0.02574,154.4
85.9201,0.027887,0.027829,0.058,0.02464,0.02626,157.6
85.9401,0.028388,0.028345,0.043,0.02498,0.02609,156.6
85.9601,0.028893,0.028870,0.023,0.02520,0.02572,154.3
85.9801,0.029398,0.029393,0.005,0.02524,0.02528,151.7
86.0001,0.029899,0.029904,-0.005,0.02508,0.02487,149.2
86.0201,0.030393,0.030409,-0.016,0.02479,0.02428,145.7
86.0401,0.030878,0.030901,-0.024,0.02435,0.02364,141.8
86.0601,0.031351,0.031410,-0.059,0.02380,0.02195,131.7
86.0801,0.031808,0.031855,-0.048,0.02302,0.02175,130.5
86.1001,0.032247,0.032289,-0.042,0.02219,0.02106,126.4
86.1201,0.032667,0.032721,-0.054,0.02124,0.01967,118.0
86.1401,0.033066,0.033134,-0.068,0.02019,0.01821,109.2
86.1601,0.033441,0.033535,-0.094,0.01904,0.01625,97.5
86.1801,0.033790,0.033871,-0.080,0.01778,0.01561,93.7
86.2001,0.034115,0.034191,-0.075,0.01656,0.01449,86.9
86.2201,0.034412,0.034509,-0.097,0.01518,0.01232,73.9
86.2401,0.034681,0.034776,-0.095,0.01380,0.01115,66.9
86.2601,0.034922,0.035021,-0.099,0.01240,0.00962,57.7
86.2801,0.035135,0.035225,-0.090,0.01098,0.00851,51.0
86.3001,0.035319,0.035416,-0.097,0.00958,0.00682,40.9
86.3201,0.035476,0.035579,-0.103,0.00818,0.00525,31.5
86.3401,0.035605,0.035706,-0.101,0.00681,0.00400,24.0
86.3601,0.035708,0.035800,-0.092,0.00547,0.00296,17.7
86.3802,0.035786,0.035870,-0.084,0.00421,0.00191,11.4
86.4001,0.035839,0.035923,-0.084,0.00297,0.00062,3.7
86.4201,0.035870,0.035951,-0.081,0.00184,-0.00042,-2.5
86.4401,0.035880,0.035959,-0.079,0.00077,-0.00142,-8.5
86.4601,0.035871,0.035954,-0.083,-0.00021,-0.00255,-15.3
86.4801,0.035845,0.035940,-0.095,-0.00109,-0.00383,-23.0
86.5001,0.035804,0.035902,-0.099,-0.00187,-0.00465,-27.9
86.5201,0.035749,0.035837,-0.088,-0.00255,-0.00494,-29.6
86.5401,0.035684,0.035753,-0.069,-0.00313,-0.00496,-29.8
86.5601,0.035610,0.035670,-0.060,-0.00358,-0.00521,-31.3
86.5801,0.035529,0.035580,-0.050,-0.00394,-0.00529,-31.7
86.6001,0.035445,0.035488,-0.043,-0.00418,-0.00535,-32.1
86.6202,0.035357,0.035382,-0.025,-0.00433,-0.00492,-29.5
86.6401,0.035271,0.035285,-0.014,-0.00432,-0.00465,-27.9
86.6601,0.035186,0.035191,-0.005,-0.00426,-0.00434,-26.1
86.6801,0.035105,0.035105,-0.001,-0.00409,-0.00408,-24.5
86.7002,0.035029,0.035025,0.004,-0.00385,-0.00371,-22.3
86.7201,0.034962,0.034948,0.013,-0.00347,-0.00304,-18.3
86.7401,0.034902,0.034883,0.020,-0.00306,-0.00248,-14.9
86.7601,0.034853,0.034825,0.028,-0.00258,-0.00174,-10.5
86.7801,0.034816,0.034780,0.036,-0.00202,-0.00097,-5.8
86.8001,0.034790,0.034754,0.036,-0.00144,-0.00042,-2.5
86.8201,0.034777,0.034740,0.037,-0.00080,0.00024,1.4
86.8401,0.034777,0.034735,0.042,-0.00015,0.00107,6.4
86.8602,0.034791,0.034737,0.054,0.00053,0.00210,12.6
86.8801,0.034818,0.034745,0.074,0.00119,0.00338,20.3
86.9001,0.034859,0.034772,0.087,0.00186,0.00438,26.3
86.9201,0.034912,0.034822,0.091,0.00251,0.00507,30.4
86.9401,0.034978,0.034898,0.080,0.00312,0.00528,31.7
86.9601,0.035055,0.034984,0.071,0.00369,0.00563,33.8
86.9801,0.035141,0.035083,0.058,0.00421,0.00577,34.6
87.0001,0.035237,0.035183,0.054,0.00466,0.00614,36.9
87.0201,0.035339,0.035292,0.048,0.00504,0.00634,38.0
87.0401,0.035448,0.035407,0.040,0.00534,0.00643,38.6
87.0601,0.035559,0.035526,0.034,0.00554,0.00645,38.7
87.0801,0.035673,0.035655,0.018,0.00566,0.00609,36.5
87.1001,0.035787,0.035768,0.019,0.00566,0.00620,37.2
87.1201,0.035897,0.035886,0.012,0.00557,0.00586,35.2
87.1401,0.036003,0.035995,0.008,0.00533,0.00554,33.2
87.1601,0.036102,0.036104,-0.003,0.00502,0.00488,29.3
87.1801,0.036191,0.036205,-0.014,0.00457,0.00412,24.7
87.2001,0.036268,0.036294,-0.026,0.00401,0.00322,19.3
87.2201,0.036331,0.036369,-0.038,0.00333,0.00220,13.2
87.2401,0.036378,0.036428,-0.050,0.00253,0.00107,6.4
87.2601,0.036406,0.036464,-0.058,0.00163,-0.00004,-0.2
87.2801,0.036413,0.036481,-0.068,0.00062,-0.00134,-8.0
87.3001,0.036398,0.036481,-0.083,-0.00049,-0.00291,-17.4
87.3201,0.036358,0.036471,-0.113,-0.00170,-0.00505,-30.3
87.3401,0.036291,0.036429,-0.137,-0.00299,-0.00699,-41.9
87.3601,0.036198,0.036355,-0.157,-0.00435,-0.00888,-53.3
87.3801,0.036075,0.036224,-0.149,-0.00579,-0.00990,-59.4
87.4001,0.035922,0.036063,-0.141,-0.00728,-0.01119,-67.1
87.4201,0.035738,0.035876,-0.138,-0.00882,-0.01266,-76.0
87.4401,0.035523,0.035661,-0.138,-0.01037,-0.01424,-85.4
87.4601,0.035276,0.035413,-0.137,-0.01195,-0.01579,-94.8
87.4801,0.034997,0.035131,-0.134,-0.01352,-0.01725,-103.5
87.5001,0.034687,0.034819,-0.132,-0.01511,-0.01879,-112.8
87.5201,0.034346,0.034476,-0.130,-0.01669,-0.02032,-121.9
87.5401,0.033975,0.034097,-0.122,-0.01817,-0.02154,-129.3
87.5601,0.033575,0.033689,-0.114,-0.01961,-0.02274,-136.4
87.5801,0.033148,0.033252,-0.104,-0.02101,-0.02387,-143.2
87.6001,0.032694,0.032794,-0.101,-0.02238,-0.02518,-151.1
87.6201,0.032218,0.032313,-0.094,-0.02349,-0.02609,-156.5
87.6401,0.031719,0.031805,-0.085,-0.02465,-0.02699,-161.9
87.6601,0.031202,0.031277,-0.075,-0.02562,-0.02765,-165.9
87.6801,0.030668,0.030733,-0.065,-0.02648,-0.02823,-169.4
87.7001,0.030121,0.030177,-0.055,-0.02718,-0.02867,-172.0
87.7201,0.029564,0.029610,-0.046,-0.02773,-0.02896,-173.8
87.7401,0.028998,0.029034,-0.035,-0.02817,-0.02910,-174.6
87.7601,0.028430,0.028453,-0.023,-0.02837,-0.02894,-173.7
87.7801,0.027862,0.027869,-0.007,-0.02838,-0.02848,-170.9
87.8001,0.027298,0.027291,0.006,-0.02826,-0.02801,-168.1
87.8201,0.026740,0.026722,0.018,-0.02794,-0.02737,-164.2
87.8401,0.026195,0.026162,0.033,-0.02741,-0.02641,-158.5
87.8601,0.025664,0.025589,0.074,-0.02672,-0.02439,-146.3
87.8801,0.025152,0.025092,0.060,-0.02579,-0.02419,-145.2
87.9001,0.024663,0.024606,0.057,-0.02473,-0.02314,-138.9
87.9201,0.024199,0.024124,0.075,-0.02351,-0.02131,-127.9
87.9401,0.023766,0.023668,0.098,-0.02204,-0.01916,-115.0
87.9602,0.023363,0.023232,0.131,-0.02051,-0.01664,-99.8
87.9801,0.023002,0.022875,0.126,-0.01856,-0.01505,-90.3
88.0001,0.022677,0.022554,0.123,-0.01670,-0.01326,-79.5
88.0201,0.022395,0.022262,0.133,-0.01460,-0.01082,-64.9
88.0401,0.022159,0.022007,0.152,-0.01239,-0.00803,-48.2
88.0601,0.021969,0.021800,0.169,-0.01006,-0.00522,-31.3
88.0801,0.021829,0.021655,0.174,-0.00761,-0.00270,-16.2
88.1001,0.021741,0.021566,0.174,-0.00506,-0.00018,-1.1
88.1201,0.021705,0.021529,0.176,-0.00245,0.00249,14.9
88.1401,0.021723,0.021534,0.189,0.00023,0.00559,33.5
88.1601,0.021796,0.021573,0.223,0.00296,0.00940,56.4
88.1801,0.021923,0.021677,0.246,0.00570,0.01273,76.4
88.2001,0.022106,0.021859,0.247,0.00846,0.01538,92.3
88.2201,0.022344,0.022112,0.232,0.01120,0.01760,105.6
88.2401,0.022636,0.022416,0.220,0.01392,0.01999,119.9
88.2601,0.022981,0.022772,0.209,0.01659,0.02237,134.2
88.2801,0.023378,0.023173,0.205,0.01918,0.02488,149.3
88.3001,0.023825,0.023626,0.199,0.02172,0.02727,163.6
88.3201,0.024320,0.024124,0.196,0.02415,0.02961,177.7
88.3401,0.024861,0.024675,0.186,0.02647,0.03163,189.8
88.3601,0.025445,0.025269,0.176,0.02866,0.03351,201.0
88.3801,0.026069,0.025903,0.166,0.03068,0.03527,211.6
88.4001,0.026729,0.026578,0.151,0.03254,0.03667,220.0
88.4201,0.027422,0.027290,0.132,0.03425,0.03784,227.1
88.4401,0.028145,0.028028,0.117,0.03577,0.03895,233.7
88.4601,0.028894,0.028791,0.103,0.03708,0.03988,239.3
88.4801,0.029663,0.029572,0.091,0.03820,0.04068,244.1
88.5001,0.030449,0.030368,0.081,0.03909,0.04130,247.8
88.5201,0.031248,0.031179,0.069,0.03977,0.04162,249.7
88.5401,0.032055,0.032006,0.050,0.04024,0.04151,249.1
88.5601,0.032865,0.032836,0.029,0.04046,0.04115,246.9
88.5801,0.033675,0.033667,0.007,0.04046,0.04053,243.2
88.6001,0.034478,0.034488,-0.010,0.04024,0.03985,239.1
88.6201,0.035272,0.035293,-0.020,0.03981,0.03918,235.1
88.6401,0.036052,0.036083,-0.031,0.03914,0.03820,229.2
88.6601,0.036811,0.036857,-0.046,0.03819,0.03680,220.8
88.6801,0.037547,0.037617,-0.070,0.03709,0.03498,209.9
88.7001,0.038257,0.038346,-0.089,0.03581,0.03320,199.2
88.7201,0.038934,0.039041,-0.107,0.03425,0.03116,186.9
88.7401,0.039579,0.039698,-0.118,0.03265,0.02927,175.6
88.7601,0.040183,0.040315,-0.133,0.03067,0.02687,161.2
88.7801,0.040746,0.040892,-0.146,0.02866,0.02449,146.9
88.8001,0.041266,0.041419,-0.153,0.02655,0.02222,133.3
88.8201,0.041738,0.041899,-0.161,0.02418,0.01962,117.7
88.8401,0.042162,0.042333,-0.171,0.02179,0.01693,101.6
88.8601,0.042535,0.042716,-0.181,0.01928,0.01416,84.9
88.8801,0.042854,0.043042,-0.187,0.01664,0.01136,68.2
88.9001,0.043121,0.043312,-0.191,0.01399,0.00860,51.6
88.9201,0.043333,0.043527,-0.195,0.01126,0.00579,34.8
88.9401,0.043489,0.043691,-0.202,0.00852,0.00284,17.0
88.9601,0.043591,0.043791,-0.200,0.00576,0.00016,1.0
88.9801,0.043637,0.043833,-0.196,0.00300,-0.00245,-14.7
89.0001,0.043629,0.043828,-0.200,0.00027,-0.00535,-32.1
89.0201,0.043567,0.043792,-0.225,-0.00243,-0.00888,-53.3
89.0401,0.043452,0.043697,-0.245,-0.00506,-0.01204,-72.2
89.0601,0.043287,0.043529,-0.242,-0.00761,-0.01437,-86.2
89.0801,0.043073,0.043295,-0.223,-0.01010,-0.01621,-97.3
89.1001,0.042811,0.043015,-0.204,-0.01251,-0.01810,-108.6
89.1201,0.042505,0.042691,-0.186,-0.01473,-0.01983,-119.0
89.1401,0.042158,0.042331,-0.174,-0.01684,-0.02162,-129.7
89.1601,0.041771,0.041934,-0.163,-0.01885,-0.02334,-140.0
89.1801,0.041347,0.041501,-0.154,-0.02071,-0.02495,-149.7
89.2001,0.040891,0.041033,-0.141,-0.02239,-0.02627,-157.6
89.2201,0.040405,0.040533,-0.128,-0.02391,-0.02742,-164.5
89.2401,0.039893,0.040007,-0.114,-0.02529,-0.02841,-170.4
89.2601,0.039358,0.039457,-0.099,-0.02645,-0.02913,-174.8
89.2801,0.038804,0.038891,-0.087,-0.02744,-0.02979,-178.7
89.3001,0.038235,0.038310,-0.076,-0.02827,-0.03033,-182.0
89.3202,0.037651,0.037714,-0.063,-0.02901,-0.03069,-184.1
89.3401,0.037064,0.037109,-0.045,-0.02927,-0.03042,-182.5
89.3601,0.036469,0.036499,-0.031,-0.02967,-0.03045,-182.7
89.3801,0.035872,0.035889,-0.017,-0.02980,-0.03019,-181.1
89.4001,0.035278,0.035281,-0.003,-0.02972,-0.02972,-178.3
89.4201,0.034688,0.034683,0.004,-0.02955,-0.02938,-176.3
89.4401,0.034106,0.034093,0.013,-0.02919,-0.02877,-172.6
89.4601,0.033535,0.033511,0.024,-0.02869,-0.02795,-167.7
89.4801,0.032976,0.032939,0.037,-0.02807,-0.02695,-161.7
89.5001,0.032434,0.032386,0.048,-0.02731,-0.02591,-155.5
89.5201,0.031909,0.031851,0.058,-0.02645,-0.02475,-148.5
89.5401,0.031404,0.031338,0.066,-0.02550,-0.02359,-141.5
89.5601,0.030921,0.030846,0.075,-0.02444,-0.02230,-133.8
89.5801,0.030459,0.030378,0.081,-0.02336,-0.02107,-126.4
89.6001,0.030022,0.029937,0.085,-0.02213,-0.01971,-118.3
89.6201,0.029610,0.029523,0.087,-0.02092,-0.01846,-110.8
89.6401,0.029223,0.029135,0.088,-0.01966,-0.01719,-103.2
89.6601,0.028861,0.028773,0.089,-0.01840,-0.01591,-95.5
89.6801,0.028526,0.028440,0.086,-0.01710,-0.01471,-88.2
89.7001,0.028215,0.028129,0.086,-0.01584,-0.01342,-80.5
89.7201,0.027931,0.027844,0.087,-0.01456,-0.01214,-72.8
89.7401,0.027669,0.027582,0.087,-0.01336,-0.01093,-65.6
89.7601,0.027432,0.027349,0.083,-0.01216,-0.00988,-59.3
89.7801,0.027217,0.027134,0.083,-0.01103,-0.00872,-52.3
89.8001,0.027023,0.026946,0.077,-0.00997,-0.00786,-47.1
89.8201,0.026849,0.026777,0.071,-0.00896,-0.00700,-42.0
89.8401,0.026692,0.026626,0.066,-0.00806,-0.00625,-37.5
89.8601,0.026552,0.026493,0.059,-0.00721,-0.00559,-33.6
89.8801,0.026426,0.026373,0.053,-0.00649,-0.00506,-30.3
89.9001,0.026312,0.026258,0.054,-0.00585,-0.00432,-25.9
89.9201,0.026209,0.026162,0.047,-0.00530,-0.00403,-24.2
89.9401,0.026114,0.026078,0.035,-0.00486,-0.00393,-23.6
89.9602,0.026025,0.025997,0.028,-0.00454,-0.00381,-22.9
89.9801,0.025941,0.025919,0.022,-0.00426,-0.00369,-22.1
90.0001,0.025858,0.025845,0.013,-0.00414,-0.00382,-22.9
90.0299,0.025736,0.025734,0.001,-0.00573,-0.00576,-34.6
90.0476,0.025661,0.025663,-0.002,-0.00415,-0.00423,-25.4
90.0656,0.025582,0.025563,0.019,-0.00400,-0.00335,-20.1
90.0835,0.025498,0.025493,0.005,-0.00414,-0.00407,-24.4
90.1015,0.025409,0.025431,-0.022,-0.00440,-0.00518,-31.1
90.1201,0.025311,0.025358,-0.047,-0.00481,-0.00629,-37.8
90.1401,0.025196,0.025247,-0.051,-0.00555,-0.00701,-42.0
90.1601,0.025071,0.025122,-0.051,-0.00610,-0.00753,-45.2
90.1801,0.024936,0.024986,-0.050,-0.00662,-0.00802,-48.1
90.2001,0.024790,0.024837,-0.047,-0.00717,-0.00847,-50.8
90.2201,0.024632,0.024673,-0.040,-0.00774,-0.00883,-53.0
90.2401,0.024463,0.024514,-0.051,-0.00831,-0.00979,-58.7
90.2601,0.024283,0.024338,-0.055,-0.00888,-0.01046,-62.8
90.2801,0.024091,0.024138,-0.048,-0.00946,-0.01075,-64.5
90.3001,0.023889,0.023931,-0.041,-0.00995,-0.01107,-66.4
90.3201,0.023678,0.023716,-0.037,-0.01043,-0.01146,-68.7
90.3401,0.023458,0.023495,-0.037,-0.01091,-0.01195,-71.7
90.3601,0.023231,0.023262,-0.031,-0.01127,-0.01211,-72.7
90.3801,0.022997,0.023025,-0.028,-0.01160,-0.01237,-74.2
90.4001,0.022759,0.022781,-0.021,-0.01182,-0.01238,-74.3
90.4202,0.022518,0.022524,-0.006,-0.01203,-0.01211,-72.7
90.4401,0.022279,0.022291,-0.012,-0.01197,-0.01236,-74.1
90.4601,0.022039,0.022046,-0.007,-0.01198,-0.01215,-72.9
90.4801,0.021804,0.021798,0.005,-0.01182,-0.01159,-69.6
90.5001,0.021574,0.021554,0.020,-0.01155,-0.01092,-65.5
90.5201,0.021352,0.021324,0.028,-0.01118,-0.01034,-62.0
90.5401,0.021141,0.021102,0.039,-0.01067,-0.00953,-57.2
90.5601,0.020943,0.020899,0.044,-0.01006,-0.00881,-52.8
90.5801,0.020760,0.020712,0.048,-0.00932,-0.00794,-47.6
90.6001,0.020595,0.020538,0.057,-0.00847,-0.00682,-40.9
90.6201,0.020450,0.020383,0.067,-0.00749,-0.00557,-33.4
90.6401,0.020327,0.020247,0.080,-0.00642,-0.00410,-24.6
90.6601,0.020228,0.020141,0.087,-0.00523,-0.00275,-16.5
90.6801,0.020156,0.020063,0.093,-0.00394,-0.00131,-7.9
90.7001,0.020112,0.020011,0.101,-0.00256,0.00033,2.0
90.7201,0.020097,0.019985,0.113,-0.00109,0.00214,12.8
90.7401,0.020114,0.019989,0.126,0.00046,0.00405,24.3
90.7601,0.020164,0.020012,0.152,0.00207,0.00649,39.0
90.7801,0.020247,0.020077,0.169,0.00373,0.00858,51.5
90.8001,0.020364,0.020187,0.177,0.00545,0.01046,62.8
90.8201,0.020517,0.020341,0.176,0.00718,0.01208,72.5
90.8401,0.020704,0.020538,0.166,0.00894,0.01352,81.1
90.8602,0.020928,0.020771,0.157,0.01074,0.01507,90.4
90.8801,0.021184,0.021031,0.153,0.01240,0.01666,100.0
90.9001,0.021476,0.021323,0.153,0.01415,0.01842,110.5
90.9201,0.021801,0.021650,0.151,0.01582,0.02003,120.2
90.9401,0.022158,0.022006,0.152,0.01745,0.02172,130.3
90.9601,0.022547,0.022393,0.153,0.01904,0.02334,140.0
90.9801,0.022963,0.022816,0.147,0.02048,0.02457,147.4
91.0001,0.023408,0.023275,0.133,0.02187,0.02551,153.1
91.0201,0.023877,0.023760,0.117,0.02315,0.02633,158.0
91.0401,0.024369,0.024269,0.100,0.02430,0.02699,162.0
91.0601,0.024880,0.024799,0.081,0.02530,0.02746,164.8
91.0801,0.025407,0.025341,0.066,0.02616,0.02792,167.5
91.1001,0.025949,0.025896,0.053,0.02689,0.02830,169.8
91.1201,0.026501,0.026460,0.040,0.02744,0.02849,170.9
91.1401,0.027060,0.027033,0.027,0.02785,0.02853,171.2
91.1601,0.027622,0.027608,0.014,0.02806,0.02839,170.3
91.1801,0.028184,0.028178,0.006,0.02809,0.02821,169.2
91.2001,0.028741,0.028747,-0.006,0.02791,0.02767,166.0
91.2201,0.029290,0.029309,-0.019,0.02755,0.02695,161.7
91.2401,0.029830,0.029861,-0.031,0.02710,0.02616,156.9
91.2601,0.030351,0.030398,-0.047,0.02626,0.02483,149.0
91.2801,0.030854,0.030916,-0.062,0.02539,0.02358,141.5
91.3001,0.031335,0.031408,-0.073,0.02431,0.02220,133.2
91.3201,0.031790,0.031875,-0.085,0.02305,0.02059,123.5
91.3401,0.032215,0.032314,-0.099,0.02161,0.01875,112.5
91.3601,0.032607,0.032720,-0.112,0.02001,0.01678,100.7
91.3801,0.032963,0.033084,-0.121,0.01825,0.01481,88.8
91.4001,0.033281,0.033413,-0.132,0.01635,0.01258,75.5
91.4201,0.033557,0.033703,-0.145,0.01433,0.01017,61.0
91.4401,0.033790,0.033940,-0.151,0.01216,0.00792,47.5
91.4601,0.033976,0.034132,-0.156,0.00990,0.00550,33.0
91.4801,0.034115,0.034278,-0.163,0.00754,0.00294,17.7
91.5001,0.034206,0.034379,-0.173,0.00513,0.00021,1.3
91.5201,0.034246,0.034431,-0.185,0.00264,-0.00261,-15.7
91.5401,0.034235,0.034429,-0.193,0.00010,-0.00536,-32.2
91.5601,0.034174,0.034396,-0.222,-0.00245,-0.00884,-53.1
91.5801,0.034060,0.034297,-0.237,-0.00503,-0.01174,-70.4
91.6001,0.033896,0.034126,-0.230,-0.00757,-0.01396,-83.8
91.6201,0.033681,0.033899,-0.218,-0.01010,-0.01614,-96.8
91.6401,0.033417,0.033622,-0.204,-0.01259,-0.01823,-109.4
91.6601,0.033105,0.033307,-0.201,-0.01500,-0.02061,-123.7
91.6801,0.032746,0.032941,-0.195,-0.01737,-0.02279,-136.7
91.7001,0.032344,0.032527,-0.183,-0.01956,-0.02462,-147.7
91.7201,0.031899,0.032072,-0.173,-0.02172,-0.02651,-159.0
91.7401,0.031413,0.031579,-0.166,-0.02377,-0.02838,-170.3
91.7602,0.030889,0.031049,-0.160,-0.02572,-0.03017,-181.0
91.7801,0.030337,0.030482,-0.146,-0.02722,-0.03121,-187.3
91.8001,0.029751,0.029878,-0.127,-0.02885,-0.03230,-193.8
91.8201,0.029140,0.029254,-0.114,-0.03024,-0.03338,-200.3
91.8401,0.028505,0.028607,-0.102,-0.03143,-0.03421,-205.2
91.8601,0.027852,0.027941,-0.089,-0.03242,-0.03483,-209.0
91.8801,0.027181,0.027257,-0.075,-0.03330,-0.03533,-212.0
91.9001,0.026505,0.026559,-0.054,-0.03371,-0.03509,-210.5
91.9201,0.025820,0.025851,-0.031,-0.03413,-0.03487,-209.2
91.9401,0.025134,0.025152,-0.018,-0.03429,-0.03472,-208.3
91.9601,0.024447,0.024458,-0.011,-0.03431,-0.03458,-207.5
91.9801,0.023771,0.023764,0.006,-0.03393,-0.03366,-202.0
92.0001,0.023103,0.023077,0.025,-0.03349,-0.03266,-195.9
92.0201,0.022450,0.022414,0.036,-0.03281,-0.03172,-190.3
92.0401,0.021817,0.021764,0.053,-0.03188,-0.03028,-181.7
92.0601,0.021207,0.021135,0.072,-0.03077,-0.02863,-171.8
92.0801,0.020623,0.020536,0.088,-0.02951,-0.02696,-161.8
92.1001,0.020069,0.019971,0.098,-0.02808,-0.02527,-151.6
92.1202,0.019546,0.019439,0.108,-0.02652,-0.02344,-140.6
92.1401,0.019065,0.018940,0.125,-0.02457,-0.02096,-125.7
92.1601,0.018620,0.018483,0.137,-0.02272,-0.01881,-112.9
92.1801,0.018215,0.018074,0.141,-0.02073,-0.01674,-100.4
92.2001,0.017856,0.017711,0.145,-0.01850,-0.01442,-86.5
92.2201,0.017542,0.017391,0.150,-0.01629,-0.01205,-72.3
92.2401,0.017274,0.017115,0.159,-0.01395,-0.00945,-56.7
92.2601,0.017055,0.016889,0.166,-0.01156,-0.00688,-41.3
92.2801,0.016885,0.016712,0.173,-0.00912,-0.00422,-25.3
92.3001,0.016764,0.016586,0.178,-0.00665,-0.00163,-9.8
92.3201,0.016693,0.016516,0.177,-0.00417,0.00079,4.7
92.3401,0.016671,0.016488,0.183,-0.00170,0.00346,20.8
92.3601,0.016699,0.016498,0.201,0.00074,0.00647,38.8
92.3801,0.016774,0.016554,0.219,0.00315,0.00940,56.4
92.4001,0.016895,0.016672,0.224,0.00550,0.01179,70.7
92.4201,0.017062,0.016850,0.213,0.00778,0.01367,82.0
92.4401,0.017272,0.017084,0.188,0.00994,0.01507,90.4
92.4601,0.017523,0.017349,0.175,0.01204,0.01684,101.1
92.4801,0.017813,0.017652,0.161,0.01399,0.01842,110.5
92.5001,0.018139,0.017988,0.151,0.01584,0.02000,120.0
92.5201,0.018498,0.018361,0.137,0.01753,0.02128,127.7
92.5402,0.018889,0.018790,0.099,0.01915,0.02168,130.1
92.5601,0.019303,0.019195,0.108,0.02039,0.02346,140.8
92.5801,0.019741,0.019638,0.103,0.02161,0.02449,146.9
92.6001,0.020200,0.020110,0.090,0.02267,0.02510,150.6
92.6201,0.020677,0.020605,0.072,0.02359,0.02549,152.9
92.6402,0.021166,0.021110,0.056,0.02431,0.02579,154.8
92.6601,0.021662,0.021623,0.038,0.02467,0.02564,153.8
92.6801,0.022165,0.022138,0.027,0.02506,0.02575,154.5
92.7002,0.022673,0.022679,-0.006,0.02534,0.02498,149.9
92.7202,0.023174,0.023164,0.010,0.02510,0.02547,152.8
92.7402,0.023671,0.023668,0.003,0.02492,0.02497,149.8
92.7601,0.024158,0.024174,-0.016,0.02445,0.02388,143.3
92.7802,0.024637,0.024671,-0.033,0.02407,0.02303,138.2
92.8001,0.025098,0.025143,-0.045,0.02322,0.02188,131.3
92.8201,0.025542,0.025597,-0.055,0.02242,0.02081,124.8
92.8401,0.025966,0.026029,-0.063,0.02143,0.01963,117.8
92.8601,0.026367,0.026438,-0.071,0.02033,0.01829,109.8
92.8801,0.026742,0.026827,-0.085,0.01910,0.01664,99.9
92.9001,0.027092,0.027185,-0.093,0.01778,0.01512,90.7
92.9201,0.027412,0.027510,-0.099,0.01636,0.01356,81.4
92.9401,0.027702,0.027808,-0.106,0.01488,0.01187,71.2
92.9601,0.027960,0.028068,-0.108,0.01330,0.01027,61.6
92.9801,0.028187,0.028295,-0.108,0.01173,0.00869,52.2
93.0001,0.028381,0.028493,-0.113,0.01010,0.00692,41.5
93.0201,0.028542,0.028661,-0.119,0.00846,0.00508,30.5
93.0401,0.028670,0.028788,-0.118,0.00682,0.00352,21.1
93.0601,0.028766,0.028876,-0.111,0.00519,0.00213,12.8
93.0801,0.028829,0.028941,-0.112,0.00359,0.00045,2.7
93.1001,0.028862,0.028974,-0.111,0.00203,-0.00109,-6.5
93.1201,0.028865,0.028976,-0.111,0.00052,-0.00259,-15.5
93.1401,0.028839,0.028964,-0.124,-0.00093,-0.00449,-26.9
93.1601,0.028786,0.028919,-0.133,-0.00231,-0.00607,-36.4
93.1801,0.028708,0.028834,-0.126,-0.00359,-0.00708,-42.5
93.2001,0.028607,0.028716,-0.109,-0.00477,-0.00773,-46.4
93.2201,0.028484,0.028581,-0.098,-0.00588,-0.00855,-51.3
93.2401,0.028342,0.028432,-0.090,-0.00685,-0.00932,-55.9
93.2601,0.028183,0.028257,-0.074,-0.00771,-0.00968,-58.1
93.2801,0.028011,0.028070,-0.060,-0.00844,-0.01003,-60.2
93.3001,0.027826,0.027875,-0.049,-0.00908,-0.01040,-62.4
93.3201,0.027632,0.027677,-0.045,-0.00957,-0.01081,-64.9
93.3401,0.027432,0.027472,-0.040,-0.00992,-0.01103,-66.2
93.3601,0.027227,0.027252,-0.025,-0.01017,-0.01077,-64.6
93.3801,0.027021,0.027033,-0.012,-0.01029,-0.01054,-63.3
93.4001,0.026815,0.026818,-0.003,-0.01028,-0.01030,-61.8
93.4201,0.026613,0.026610,0.003,-0.01015,-0.01003,-60.2
93.4401,0.026415,0.026408,0.007,-0.00993,-0.00970,-58.2
93.4602,0.026225,0.026206,0.019,-0.00960,-0.00900,-54.0
93.4801,0.026046,0.026018,0.028,-0.00910,-0.00826,-49.6
93.5001,0.025876,0.025838,0.038,-0.00859,-0.00745,-44.7
93.5201,0.025720,0.025677,0.043,-0.00797,-0.00674,-40.4
93.5401,0.025578,0.025534,0.044,-0.00728,-0.00605,-36.3
93.5601,0.025451,0.025403,0.048,-0.00654,-0.00516,-31.0
93.5801,0.025340,0.025285,0.055,-0.00573,-0.00416,-24.9
93.6001,0.025247,0.025189,0.058,-0.00489,-0.00326,-19.6
93.6201,0.025171,0.025108,0.063,-0.00402,-0.00223,-13.4
93.6401,0.025113,0.025051,0.061,-0.00313,-0.00142,-8.5
93.6601,0.025072,0.025014,0.058,-0.00224,-0.00063,-3.8
93.6801,0.025049,0.024986,0.063,-0.00135,0.00044,2.6
93.7001,0.025044,0.024977,0.067,-0.00049,0.00141,8.4
93.7201,0.025055,0.024981,0.074,0.00034,0.00244,14.7
93.7401,0.025082,0.024996,0.086,0.00113,0.00361,21.7
93.7601,0.025123,0.025039,0.083,0.00187,0.00419,25.1
93.7801,0.025177,0.025105,0.072,0.00255,0.00449,26.9
93.8002,0.025243,0.025179,0.065,0.00316,0.00493,29.6
93.8200,0.025319,0.025267,0.051,0.00365,0.00500,30.0
93.8402,0.025404,0.025360,0.044,0.00412,0.00530,31.8
93.8601,0.025494,0.025460,0.034,0.00443,0.00532,31.9
93.8801,0.025588,0.025567,0.021,0.00468,0.00519,31.2
93.9001,0.025686,0.025671,0.015,0.00482,0.00521,31.3
93.9201,0.025783,0.025773,0.010,0.00484,0.00508,30.5
93.9401,0.025877,0.025870,0.008,0.00475,0.00495,29.7
93.9601,0.025967,0.025969,-0.002,0.00456,0.00446,26.8
93.9801,0.026051,0.026068,-0.017,0.00425,0.00367,22.0
94.0001,0.026126,0.026151,-0.026,0.00384,0.00306,18.4
94.0201,0.026189,0.026220,-0.031,0.00331,0.00240,14.4
94.0401,0.026240,0.026274,-0.035,0.00268,0.00169,10.1
94.0601,0.026275,0.026313,-0.038,0.00196,0.00088,5.3
94.0801,0.026294,0.026343,-0.049,0.00114,-0.00030,-1.8
94.1001,0.026294,0.026357,-0.063,0.00024,-0.00160,-9.6
94.1201,0.026274,0.026352,-0.078,-0.00074,-0.00301,-18.1
94.1401,0.026233,0.026332,-0.099,-0.00179,-0.00469,-28.1
94.1602,0.026169,0.026272,-0.102,-0.00292,-0.00580,-34.8
94.1801,0.026083,0.026192,-0.109,-0.00403,-0.00712,-42.7
94.2001,0.025972,0.026077,-0.104,-0.00523,-0.00812,-48.7
94.2201,0.025837,0.025935,-0.097,-0.00644,-0.00912,-54.7
94.2401,0.025678,0.025768,-0.090,-0.00767,-0.01015,-60.9
94.2601,0.025494,0.025587,-0.093,-0.00888,-0.01150,-69.0
94.2801,0.025286,0.025382,-0.096,-0.01010,-0.01279,-76.7
94.3001,0.025055,0.025147,-0.092,-0.01125,-0.01381,-82.8
94.3201,0.024802,0.024886,-0.084,-0.01239,-0.01468,-88.1
94.3401,0.024527,0.024606,-0.079,-0.01346,-0.01563,-93.8
94.3601,0.024232,0.024312,-0.080,-0.01450,-0.01675,-100.5
94.3801,0.023920,0.023991,-0.072,-0.01540,-0.01736,-104.1
94.4001,0.023591,0.023651,-0.060,-0.01624,-0.01787,-107.2
94.4201,0.023247,0.023306,-0.058,-0.01699,-0.01861,-111.7
94.4401,0.022892,0.022943,-0.051,-0.01760,-0.01898,-113.9
94.4601,0.022528,0.022567,-0.039,-0.01810,-0.01911,-114.7
94.4801,0.022157,0.022186,-0.029,-0.01846,-0.01921,-115.2
94.5001,0.021782,0.021799,-0.018,-0.01870,-0.01913,-114.8
94.5201,0.021406,0.021419,-0.012,-0.01876,-0.01907,-114.4
94.5401,0.021033,0.021034,-0.001,-0.01870,-0.01867,-112.0
94.5601,0.020665,0.020655,0.010,-0.01846,-0.01812,-108.7
94.5801,0.020305,0.020286,0.020,-0.01806,-0.01745,-104.7
94.6001,0.019957,0.019923,0.034,-0.01754,-0.01650,-99.0
94.6202,0.019623,0.019576,0.047,-0.01688,-0.01548,-92.9
94.6401,0.019310,0.019253,0.057,-0.01589,-0.01424,-85.4
94.6601,0.019017,0.018948,0.069,-0.01490,-0.01290,-77.4
94.6801,0.018748,0.018670,0.079,-0.01373,-0.01147,-68.8
94.7001,0.018507,0.018425,0.082,-0.01242,-0.01011,-60.7
94.7201,0.018296,0.018199,0.096,-0.01092,-0.00815,-48.9
94.7401,0.018117,0.018006,0.111,-0.00933,-0.00614,-36.9
94.7601,0.017973,0.017850,0.124,-0.00760,-0.00406,-24.3
94.7801,0.017867,0.017737,0.130,-0.00576,-0.00208,-12.5
94.8001,0.017801,0.017672,0.128,-0.00383,-0.00025,-1.5
94.8201,0.017775,0.017640,0.135,-0.00179,0.00202,12.1
94.8401,0.017792,0.017641,0.150,0.00031,0.00461,27.7
94.8601,0.017852,0.017667,0.185,0.00248,0.00787,47.2
94.8801,0.017957,0.017762,0.195,0.00470,0.01021,61.2
94.9001,0.018107,0.017917,0.190,0.00694,0.01223,73.4
94.9201,0.018302,0.018124,0.178,0.00919,0.01411,84.6
94.9401,0.018542,0.018370,0.172,0.01145,0.01625,97.5
94.9601,0.018827,0.018664,0.162,0.01367,0.01816,109.0
94.9801,0.019156,0.018992,0.164,0.01590,0.02050,123.0
95.0000,0.019527,0.019365,0.162,0.01801,0.02253,135.2
95.0298,0.020156,0.020010,0.146,0.02876,0.03277,196.6
95.0477,0.020575,0.020428,0.146,0.02251,0.02661,159.7
95.0657,0.021026,0.021019,0.006,0.02254,0.02187,131.2
95.0837,0.021504,0.021489,0.015,0.02366,0.02414,144.9
95.1016,0.022007,0.021879,0.127,0.02482,0.02906,174.4
95.1201,0.022547,0.022324,0.223,0.02659,0.03343,200.6
95.1401,0.023160,0.022927,0.233,0.02982,0.03640,218.4
95.1601,0.023793,0.023612,0.181,0.03129,0.03603,216.2
95.1801,0.024446,0.024339,0.107,0.03239,0.03495,209.7
95.2001,0.025114,0.025058,0.056,0.03319,0.03447,206.8
95.2201,0.025794,0.025759,0.035,0.03381,0.03466,208.0
95.2401,0.026479,0.026447,0.032,0.03418,0.03506,210.4
95.2601,0.027167,0.027144,0.024,0.03437,0.03499,210.0
95.2801,0.027854,0.027845,0.009,0.03436,0.03452,207.1
95.3001,0.028536,0.028542,-0.007,0.03411,0.03382,202.9
95.3201,0.029206,0.029229,-0.023,0.03364,0.03289,197.3
95.3401,0.029861,0.029901,-0.040,0.03295,0.03174,190.4
95.3601,0.030499,0.030552,-0.053,0.03208,0.03051,183.1
95.3801,0.031113,0.031181,-0.067,0.03100,0.02903,174.2
95.4001,0.031701,0.031785,-0.084,0.02969,0.02723,163.4
95.4201,0.032256,0.032354,-0.098,0.02817,0.02535,152.1
95.4401,0.032777,0.032890,-0.112,0.02648,0.02325,139.5
95.4601,0.033261,0.033385,-0.125,0.02462,0.02104,126.3
95.4801,0.033702,0.033842,-0.140,0.02258,0.01857,111.4
95.5001,0.034099,0.034249,-0.149,0.02042,0.01618,97.1
95.5201,0.034450,0.034609,-0.159,0.01811,0.01360,81.6
95.5401,0.034750,0.034919,-0.169,0.01563,0.01085,65.1
95.5601,0.034999,0.035178,-0.180,0.01307,0.00798,47.9
95.5801,0.035195,0.035379,-0.185,0.01044,0.00524,31.4
95.6001,0.035335,0.035525,-0.190,0.00770,0.00235,14.1
95.6201,0.035419,0.035617,-0.197,0.00492,-0.00065,-3.9
95.6401,0.035447,0.035646,-0.199,0.00209,-0.00349,-20.9
95.6601,0.035417,0.035633,-0.216,-0.00076,-0.00690,-41.4
95.6802,0.035330,0.035569,-0.239,-0.00364,-0.01048,-62.9
95.7001,0.035188,0.035428,-0.240,-0.00644,-0.01318,-79.1
95.7201,0.034988,0.035210,-0.222,-0.00926,-0.01537,-92.2
95.7401,0.034734,0.034942,-0.208,-0.01202,-0.01778,-106.7
95.7600,0.034427,0.034626,-0.199,-0.01468,-0.02019,-121.1
95.7801,0.034068,0.034261,-0.194,-0.01731,-0.02271,-136.3
95.8001,0.033659,0.033845,-0.186,-0.01981,-0.02498,-149.9
95.8201,0.033203,0.033383,-0.180,-0.02221,-0.02723,-163.4
95.8401,0.032702,0.032871,-0.169,-0.02445,-0.02912,-174.7
95.8601,0.032161,0.032319,-0.157,-0.02654,-0.03087,-185.2
95.8802,0.031579,0.031723,-0.145,-0.02861,-0.03258,-195.5
95.9001,0.030967,0.031097,-0.130,-0.03020,-0.03375,-202.5
95.9201,0.030320,0.030444,-0.125,-0.03193,-0.03540,-212.4
95.9401,0.029648,0.029760,-0.112,-0.03326,-0.03633,-218.0
95.9601,0.028952,0.029045,-0.093,-0.03449,-0.03697,-221.8
95.9801,0.028235,0.028315,-0.080,-0.03558,-0.03774,-226.4
96.0001,0.027505,0.027572,-0.067,-0.03632,-0.03811,-228.7
96.0201,0.026762,0.026813,-0.051,-0.03697,-0.03831,-229.8
96.0401,0.026013,0.026047,-0.033,-0.03734,-0.03816,-229.0
96.0601,0.025261,0.025280,-0.019,-0.03756,-0.03801,-228.1
96.0801,0.024510,0.024521,-0.011,-0.03754,-0.03780,-226.8
96.1001,0.023766,0.023758,0.008,-0.03728,-0.03694,-221.6
96.1201,0.023031,0.023004,0.027,-0.03686,-0.03600,-216.0
96.1401,0.022308,0.022269,0.038,-0.03630,-0.03516,-211.0
96.1601,0.021602,0.021551,0.051,-0.03548,-0.03399,-204.0
96.1801,0.020917,0.020856,0.061,-0.03451,-0.03274,-196.4
96.2001,0.020255,0.020181,0.074,-0.03337,-0.03122,-187.3
96.2201,0.019618,0.019535,0.083,-0.03215,-0.02976,-178.6
96.2401,0.019013,0.018920,0.093,-0.03062,-0.02796,-167.8
96.2601,0.018439,0.018334,0.105,-0.02910,-0.02608,-156.5
96.2801,0.017900,0.017780,0.120,-0.02740,-0.02396,-143.7
96.3001,0.017395,0.017273,0.122,-0.02564,-0.02220,-133.2
96.3201,0.016930,0.016801,0.129,-0.02375,-0.02011,-120.6
96.3401,0.016503,0.016371,0.131,-0.02184,-0.01814,-108.8
96.3601,0.016116,0.015977,0.139,-0.01983,-0.01589,-95.4
96.3801,0.015770,0.015624,0.146,-0.01780,-0.01366,-81.9
96.4001,0.015466,0.015321,0.145,-0.01572,-0.01167,-70.0
96.4201,0.015203,0.015058,0.145,-0.01366,-0.00958,-57.5
96.4401,0.014982,0.014836,0.146,-0.01158,-0.00747,-44.8
96.4601,0.014801,0.014654,0.147,-0.00954,-0.00542,-32.5
96.4801,0.014661,0.014520,0.142,-0.00752,-0.00359,-21.6
96.5001,0.014560,0.014422,0.138,-0.00556,-0.00173,-10.4
96.5201,0.014497,0.014362,0.134,-0.00364,0.00010,0.6
96.5401,0.014470,0.014336,0.133,-0.00181,0.00192,11.5
96.5601,0.014477,0.014341,0.136,-0.00005,0.00377,22.6
96.5801,0.014518,0.014369,0.149,0.00161,0.00586,35.2
96.6001,0.014589,0.014442,0.147,0.00317,0.00726,43.6
96.6201,0.014689,0.014558,0.131,0.00462,0.00819,49.1
96.6401,0.014814,0.014700,0.114,0.00595,0.00903,54.2
96.6601,0.014963,0.014863,0.100,0.00715,0.00988,59.3
96.6801,0.015134,0.015043,0.090,0.00824,0.01071,64.3
96.7001,0.015322,0.015241,0.081,0.00920,0.01141,68.5
96.7201,0.015527,0.015455,0.072,0.01002,0.01197,71.8
96.7401,0.015745,0.015686,0.059,0.01072,0.01228,73.7
96.7601,0.015973,0.015928,0.045,0.01128,0.01244,74.6
96.7801,0.016209,0.016172,0.037,0.01171,0.01270,76.2
96.8001,0.016451,0.016419,0.032,0.01202,0.01288,77.3
96.8201,0.016697,0.016678,0.019,0.01222,0.01267,76.0
96.8401,0.016943,0.016933,0.009,0.01228,0.01249,74.9
96.8601,0.017188,0.017184,0.004,0.01227,0.01234,74.0
96.8801,0.017430,0.017437,-0.008,0.01212,0.01184,71.1
96.9001,0.017666,0.017684,-0.017,0.01189,0.01136,68.1
96.9201,0.017897,0.017913,-0.016,0.01159,0.01115,66.9
96.9401,0.018119,0.018140,-0.021,0.01121,0.01059,63.5
96.9601,0.018333,0.018356,-0.023,0.01078,0.01013,60.8
96.9801,0.018535,0.018571,-0.036,0.01027,0.00919,55.1
97.0001,0.018728,0.018772,-0.045,0.00974,0.00844,50.7
97.0201,0.018909,0.018950,-0.041,0.00919,0.00806,48.3
97.0401,0.019078,0.019119,-0.041,0.00861,0.00747,44.8
97.0601,0.019235,0.019272,-0.036,0.00802,0.00704,42.2
97.0801,0.019381,0.019420,-0.038,0.00745,0.00636,38.2
97.1001,0.019516,0.019558,-0.042,0.00688,0.00568,34.1
97.1201,0.019641,0.019681,-0.040,0.00635,0.00524,31.4
97.1401,0.019755,0.019789,-0.034,0.00585,0.00495,29.7
97.1601,0.019861,0.019889,-0.028,0.00541,0.00467,28.0
97.1801,0.019960,0.019987,-0.027,0.00501,0.00426,25.6
97.2001,0.020052,0.020081,-0.029,0.00468,0.00385,23.1
97.2201,0.020139,0.020161,-0.022,0.00443,0.00384,23.1
97.2401,0.020223,0.020240,-0.017,0.00425,0.00382,22.9
97.2601,0.020306,0.020313,-0.007,0.00416,0.00401,24.1
97.2801,0.020389,0.020391,-0.002,0.00415,0.00412,24.7
97.3001,0.020474,0.020471,0.003,0.00424,0.00435,26.1
97.3201,0.020563,0.020560,0.003,0.00441,0.00450,27.0
97.3401,0.020658,0.020646,0.012,0.00469,0.00507,30.4
97.3601,0.020761,0.020740,0.022,0.00506,0.00572,34.3
97.3801,0.020874,0.020837,0.037,0.00551,0.00663,39.8
97.4001,0.020997,0.020957,0.040,0.00606,0.00720,43.2
97.4201,0.021135,0.021099,0.036,0.00669,0.00766,46.0
97.4401,0.021286,0.021240,0.047,0.00741,0.00878,52.7
97.4601,0.021454,0.021396,0.059,0.00819,0.00991,59.5
97.4801,0.021640,0.021583,0.056,0.00906,0.01062,63.7
97.5001,0.021844,0.021786,0.058,0.00997,0.01161,69.7
97.5201,0.022068,0.021998,0.069,0.01095,0.01295,77.7
97.5401,0.022312,0.022236,0.076,0.01195,0.01410,84.6
97.5601,0.022576,0.022503,0.073,0.01298,0.01502,90.1
97.5801,0.022863,0.022795,0.067,0.01405,0.01590,95.4
97.6001,0.023170,0.023099,0.072,0.01511,0.01714,102.8
97.6201,0.023499,0.023420,0.079,0.01619,0.01844,110.7
97.6401,0.023848,0.023778,0.070,0.01720,0.01910,114.6
97.6601,0.024219,0.024152,0.067,0.01825,0.02010,120.6
97.6801,0.024608,0.024534,0.074,0.01923,0.02135,128.1
97.7001,0.025015,0.024945,0.069,0.02010,0.02201,132.1
97.7201,0.025439,0.025376,0.063,0.02098,0.02269,136.2
97.7400,0.025877,0.025821,0.056,0.02175,0.02327,139.6
97.7601,0.026331,0.026284,0.047,0.02248,0.02373,142.4
97.7801,0.026794,0.026748,0.047,0.02305,0.02435,146.1
97.8001,0.027266,0.027223,0.043,0.02349,0.02469,148.1
97.8201,0.027744,0.027714,0.031,0.02382,0.02460,147.6
97.8402,0.028230,0.028206,0.024,0.02419,0.02482,148.9
97.8601,0.028711,0.028703,0.007,0.02406,0.02417,145.0
97.8801,0.029191,0.029195,-0.004,0.02403,0.02384,143.0
97.9001,0.029667,0.029684,-0.017,0.02383,0.02327,139.6
97.9201,0.030134,0.030152,-0.017,0.02347,0.02300,138.0
97.9401,0.030590,0.030623,-0.032,0.02294,0.02194,131.6
97.9601,0.031032,0.031075,-0.043,0.02224,0.02097,125.8
97.9801,0.031456,0.031508,-0.053,0.02140,0.01987,119.2
98.0001,0.031858,0.031924,-0.066,0.02035,0.01841,110.5
98.0201,0.032235,0.032313,-0.078,0.01916,0.01690,101.4
98.0401,0.032585,0.032674,-0.089,0.01785,0.01530,91.8
98.0601,0.032905,0.033002,-0.097,0.01635,0.01357,81.4
98.0801,0.033191,0.033299,-0.108,0.01473,0.01164,69.8
98.1001,0.033441,0.033561,-0.120,0.01292,0.00948,56.9
98.1201,0.033652,0.033784,-0.132,0.01104,0.00728,43.7
98.1401,0.033822,0.033960,-0.138,0.00902,0.00512,30.7
98.1601,0.033949,0.034098,-0.149,0.00689,0.00266,16.0
98.1801,0.034032,0.034186,-0.154,0.00466,0.00031,1.9
98.2001,0.034067,0.034228,-0.161,0.00235,-0.00219,-13.1
98.2201,0.034054,0.034225,-0.171,-0.00003,-0.00487,-29.2
98.2401,0.033993,0.034195,-0.202,-0.00246,-0.00829,-49.7
98.2601,0.033882,0.034095,-0.213,-0.00494,-0.01098,-65.9
98.2801,0.033721,0.033926,-0.205,-0.00743,-0.01313,-78.8
98.3001,0.033509,0.033700,-0.191,-0.00996,-0.01522,-91.3
98.3201,0.033249,0.033436,-0.187,-0.01239,-0.01760,-105.6
98.3401,0.032938,0.033121,-0.183,-0.01489,-0.01999,-120.0
98.3601,0.032580,0.032758,-0.178,-0.01732,-0.02228,-133.7
98.3801,0.032175,0.032346,-0.171,-0.01968,-0.02443,-146.6
98.4001,0.031724,0.031890,-0.166,-0.02196,-0.02657,-159.4
98.4201,0.031231,0.031399,-0.168,-0.02412,-0.02885,-173.1
98.4401,0.030696,0.030849,-0.154,-0.02622,-0.03044,-182.6
98.4601,0.030123,0.030274,-0.151,-0.02816,-0.03236,-194.2
98.4801,0.029513,0.029653,-0.140,-0.03003,-0.03389,-203.4
98.5001,0.028872,0.028998,-0.126,-0.03165,-0.03509,-210.6
98.5201,0.028201,0.028315,-0.114,-0.03318,-0.03632,-217.9
98.5401,0.027506,0.027605,-0.099,-0.03444,-0.03712,-222.7
98.5601,0.026788,0.026872,-0.084,-0.03557,-0.03782,-226.9
98.5801,0.026052,0.026115,-0.062,-0.03655,-0.03816,-229.0
98.6001,0.025304,0.025366,-0.062,-0.03724,-0.03897,-233.8
98.6201,0.024545,0.024598,-0.053,-0.03780,-0.03923,-235.4
98.6401,0.023782,0.023816,-0.034,-0.03811,-0.03896,-233.8
98.6601,0.023018,0.023031,-0.013,-0.03818,-0.03843,-230.6
98.6801,0.022258,0.022253,0.005,-0.03803,-0.03779,-226.8
98.7001,0.021506,0.021485,0.021,-0.03770,-0.03702,-222.1
98.7201,0.020766,0.020731,0.034,-0.03714,-0.03609,-216.5
98.7401,0.020042,0.019996,0.047,-0.03635,-0.03497,-209.8
98.7601,0.019340,0.019279,0.062,-0.03536,-0.03354,-201.2
98.7801,0.018663,0.018584,0.080,-0.03415,-0.03180,-190.8
98.8001,0.018015,0.017923,0.093,-0.03276,-0.03009,-180.5
98.8201,0.017400,0.017295,0.105,-0.03116,-0.02814,-168.8
98.8401,0.016820,0.016700,0.121,-0.02942,-0.02595,-155.7
98.8601,0.016280,0.016140,0.141,-0.02748,-0.02342,-140.5
98.8801,0.015783,0.015630,0.153,-0.02538,-0.02101,-126.1
98.9001,0.015330,0.015179,0.151,-0.02321,-0.01899,-113.9
98.9201,0.014926,0.014765,0.161,-0.02082,-0.01625,-97.5
98.9401,0.014571,0.014402,0.169,-0.01834,-0.01356,-81.4
98.9601,0.014267,0.014089,0.177,-0.01586,-0.01084,-65.1
98.9801,0.014017,0.013833,0.184,-0.01315,-0.00795,-47.7
99.0001,0.013820,0.013629,0.191,-0.01051,-0.00513,-30.8
99.0201,0.013678,0.013490,0.188,-0.00778,-0.00252,-15.1
99.0401,0.013591,0.013399,0.192,-0.00504,0.00036,2.1
99.0601,0.013559,0.013362,0.197,-0.00230,0.00323,19.4
99.0801,0.013581,0.013372,0.209,0.00043,0.00635,38.1
99.1002,0.013657,0.013428,0.229,0.00314,0.00967,58.0
99.1201,0.013785,0.013558,0.227,0.00576,0.01210,72.6
99.1401,0.013965,0.013756,0.209,0.00832,0.01406,84.4
99.1601,0.014194,0.014000,0.194,0.01084,0.01619,97.1
99.1801,0.014470,0.014286,0.184,0.01321,0.01830,109.8
99.2001,0.014791,0.014619,0.172,0.01548,0.02022,121.3
99.2201,0.015154,0.014992,0.162,0.01762,0.02209,132.5
99.2401,0.015557,0.015404,0.152,0.01962,0.02382,142.9
99.2601,0.015995,0.015855,0.140,0.02146,0.02530,151.8
99.2801,0.016466,0.016339,0.127,0.02313,0.02660,159.6
99.3001,0.016966,0.016853,0.113,0.02465,0.02774,166.4
99.3201,0.017492,0.017392,0.100,0.02596,0.02868,172.1
99.3401,0.018038,0.017950,0.088,0.02704,0.02945,176.7
99.3601,0.018603,0.018529,0.074,0.02799,0.02997,179.8
99.3801,0.019181,0.019129,0.052,0.02871,0.03003,180.2
99.4000,0.019767,0.019724,0.043,0.02919,0.03034,182.1
99.4200,0.020360,0.020325,0.035,0.02956,0.03048,182.9
99.4400,0.020954,0.020939,0.015,0.02968,0.02998,179.9
99.4601,0.021547,0.021549,-0.002,0.02965,0.02950,177.0
99.4801,0.022132,0.022139,-0.007,0.02933,0.02912,174.7
99.5000,0.022706,0.022736,-0.030,0.02882,0.02783,167.0
99.5201,0.023269,0.023314,-0.045,0.02828,0.02694,161.7
99.5401,0.023813,0.023866,-0.053,0.02742,0.02590,155.4
99.5601,0.024337,0.024400,-0.063,0.02644,0.02460,147.6
99.5801,0.024837,0.024911,-0.075,0.02528,0.02312,138.7
99.6001,0.025311,0.025397,-0.087,0.02402,0.02152,129.1
99.6201,0.025756,0.025854,-0.099,0.02261,0.01977,118.6
99.6401,0.026169,0.026275,-0.105,0.02107,0.01808,108.5
99.6601,0.026550,0.026660,-0.110,0.01944,0.01634,98.0
99.6801,0.026896,0.027014,-0.118,0.01772,0.01436,86.1
99.7001,0.027205,0.027328,-0.124,0.01591,0.01242,74.5
99.7201,0.027477,0.027609,-0.132,0.01407,0.01032,61.9
99.7401,0.027711,0.027844,-0.132,0.01218,0.00848,50.9
99.7601,0.027907,0.028041,-0.134,0.01026,0.00650,39.0
99.7801,0.028064,0.028200,-0.136,0.00833,0.00452,27.1
99.8001,0.028182,0.028316,-0.134,0.00639,0.00263,15.8
99.8201,0.028262,0.028399,-0.137,0.00448,0.00064,3.8
99.8401,0.028304,0.028442,-0.137,0.00260,-0.00125,-7.5
99.8601,0.028311,0.028445,-0.134,0.00076,-0.00298,-17.9
99.8801,0.028282,0.028431,-0.150,-0.00101,-0.00530,-31.8
99.9001,0.028219,0.028380,-0.161,-0.00271,-0.00729,-43.7
99.9201,0.028124,0.028270,-0.146,-0.00432,-0.00831,-49.9
99.9401,0.028000,0.028125,-0.125,-0.00584,-0.00922,-55.3
99.9601,0.027848,0.027959,-0.111,-0.00725,-0.01029,-61.7
99.9801,0.027670,0.027771,-0.101,-0.00856,-0.01134,-68.0
100.0001,0.027469,0.027567,-0.098,-0.00974,-0.01246,-74.7
100.0302,0.027129,0.027212,-0.083,-0.01554,-0.01776,-106.6
100.0479,0.026911,0.026980,-0.068,-0.01184,-0.01366,-82.0
100.0659,0.026679,0.026661,0.018,-0.01168,-0.01067,-64.0
100.0840,0.026436,0.026426,0.010,-0.01204,-0.01181,-70.8
100.1020,0.026186,0.026232,-0.046,-0.01239,-0.01401,-84.0
100.1200,0.025932,0.026018,-0.086,-0.01266,-0.01531,-91.9
100.1401,0.025644,0.025727,-0.083,-0.01403,-0.01634,-98.0
100.1601,0.025356,0.025420,-0.064,-0.01434,-0.01602,-96.1
100.1801,0.025070,0.025092,-0.022,-0.01432,-0.01467,-88.0
100.2001,0.024787,0.024775,0.012,-0.01419,-0.01364,-81.9
100.2201,0.024510,0.024490,0.020,-0.01392,-0.01332,-79.9
100.2401,0.024241,0.024217,0.023,-0.01355,-0.01287,-77.2
100.2601,0.023982,0.023952,0.029,-0.01307,-0.01221,-73.3
100.2801,0.023734,0.023696,0.038,-0.01252,-0.01140,-68.4
100.3001,0.023501,0.023462,0.039,-0.01184,-0.01074,-64.5
100.3201,0.023282,0.023235,0.046,-0.01113,-0.00979,-58.8
100.3401,0.023079,0.023027,0.052,-0.01032,-0.00884,-53.0
100.3601,0.022893,0.022833,0.060,-0.00950,-0.00778,-46.7
100.3801,0.022725,0.022665,0.061,-0.00862,-0.00692,-41.5
100.4001,0.022575,0.022516,0.059,-0.00774,-0.00609,-36.6
100.4201,0.022443,0.022380,0.063,-0.00683,-0.00504,-30.3
100.4401,0.022329,0.022258,0.071,-0.00593,-0.00390,-23.4
100.4601,0.022233,0.022164,0.068,-0.00503,-0.00313,-18.8
100.4801,0.022154,0.022089,0.065,-0.00416,-0.00238,-14.3
100.5002,0.022091,0.022035,0.056,-0.00334,-0.00181,-10.9
100.5201,0.022045,0.021990,0.055,-0.00253,-0.00101,-6.0
100.5401,0.022012,0.021955,0.057,-0.00181,-0.00018,-1.1
100.5601,0.021993,0.021939,0.053,-0.00114,0.00032,1.9
100.5801,0.021984,0.021938,0.046,-0.00055,0.00069,4.1
100.6001,0.021986,0.021941,0.045,-0.00005,0.00121,7.2
100.6201,0.021995,0.021945,0.051,0.00037,0.00182,10.9
100.6401,0.022011,0.021957,0.054,0.00069,0.00223,13.4
100.6601,0.022030,0.021983,0.047,0.00091,0.00219,13.1
100.6801,0.022051,0.022018,0.033,0.00103,0.00186,11.2
100.7001,0.022072,0.022056,0.016,0.00103,0.00138,8.3
100.7201,0.022090,0.022085,0.005,0.00094,0.00000,0.0
100.7401,0.022104,0.022100,0.003,0.00073,0.00000,0.0
100.7601,0.022111,0.022100,0.011,0.00042,0.00000,0.0
100.7801,0.022108,0.022100,0.009,-0.00000,0.00000,0.0
100.8001,0.022095,0.022100,-0.004,-0.00052,0.00000,0.0
100.8201,0.022069,0.022100,-0.030,-0.00114,-0.00214,-12.8
100.8401,0.022029,0.022094,-0.065,-0.00185,-0.00389,-23.4
100.8601,0.021972,0.022063,-0.091,-0.00263,-0.00533,-32.0
100.8801,0.021898,0.021993,-0.095,-0.00350,-0.00620,-37.2
100.9001,0.021805,0.021890,-0.085,-0.00444,-0.00676,-40.6
100.9201,0.021691,0.021766,-0.075,-0.00544,-0.00747,-44.8
100.9401,0.021556,0.021633,-0.077,-0.00647,-0.00864,-51.8
100.9601,0.021400,0.021486,-0.086,-0.00755,-0.01001,-60.1
100.9801,0.021222,0.021307,-0.085,-0.00864,-0.01101,-66.1
101.0001,0.021021,0.021101,-0.080,-0.00977,-0.01199,-71.9
101.0201,0.020797,0.020879,-0.082,-0.01089,-0.01318,-79.1
101.0401,0.020552,0.020636,-0.084,-0.01201,-0.01438,-86.3
101.0601,0.020286,0.020370,-0.084,-0.01303,-0.01536,-92.2
101.0801,0.019998,0.020075,-0.076,-0.01411,-0.01620,-97.2
101.1001,0.019692,0.019760,-0.069,-0.01510,-0.01699,-101.9
101.1201,0.019366,0.019437,-0.071,-0.01603,-0.01802,-108.1
101.1401,0.019025,0.019090,-0.066,-0.01686,-0.01867,-112.0
101.1601,0.018667,0.018724,-0.056,-0.01768,-0.01921,-115.2
101.1801,0.018297,0.018353,-0.056,-0.01835,-0.01992,-119.5
101.2001,0.017916,0.017963,-0.048,-0.01892,-0.02021,-121.3
101.2201,0.017525,0.017560,-0.034,-0.01939,-0.02027,-121.6
101.2401,0.017129,0.017156,-0.027,-0.01975,-0.02046,-122.8
101.2601,0.016729,0.016746,-0.016,-0.01993,-0.02032,-121.9
101.2801,0.016328,0.016340,-0.012,-0.02002,-0.02033,-122.0
101.3002,0.015927,0.015931,-0.004,-0.02005,-0.02011,-120.6
101.3201,0.015536,0.015524,0.011,-0.01967,-0.01926,-115.6
101.3401,0.015150,0.015123,0.026,-0.01938,-0.01855,-111.3
101.3601,0.014774,0.014737,0.037,-0.01890,-0.01781,-106.8
101.3801,0.014413,0.014375,0.038,-0.01822,-0.01715,-102.9
101.4001,0.014068,0.014020,0.048,-0.01745,-0.01604,-96.2
101.4201,0.013741,0.013677,0.064,-0.01655,-0.01467,-88.0
101.4401,0.013438,0.013367,0.071,-0.01544,-0.01343,-80.6
101.4601,0.013159,0.013076,0.083,-0.01425,-0.01186,-71.1
101.4801,0.012907,0.012814,0.093,-0.01292,-0.01025,-61.5
101.5001,0.012685,0.012588,0.097,-0.01148,-0.00873,-52.4
101.5201,0.012494,0.012395,0.099,-0.00992,-0.00712,-42.7
101.5401,0.012337,0.012227,0.110,-0.00827,-0.00511,-30.7
101.5601,0.012215,0.012091,0.125,-0.00653,-0.00296,-17.8
101.5801,0.012130,0.012001,0.129,-0.00471,-0.00109,-6.5
101.6001,0.012083,0.011948,0.135,-0.00283,0.00097,5.8
101.6201,0.012074,0.011935,0.139,-0.00091,0.00301,18.1
101.6401,0.012105,0.011946,0.159,0.00105,0.00563,33.8
101.6601,0.012175,0.011999,0.176,0.00303,0.00806,48.3
101.6801,0.012285,0.012115,0.171,0.00500,0.00976,58.5
101.7001,0.012435,0.012274,0.161,0.00698,0.01144,68.6
101.7201,0.012623,0.012474,0.149,0.00891,0.01300,78.0
101.7401,0.012848,0.012710,0.138,0.01081,0.01462,87.7
101.7601,0.013111,0.012975,0.136,0.01265,0.01645,98.7
101.7801,0.013407,0.013273,0.134,0.01440,0.01815,108.9
101.8001,0.013738,0.013612,0.126,0.01608,0.01956,117.4
101.8201,0.014098,0.013979,0.119,0.01764,0.02093,125.6
101.8401,0.014488,0.014374,0.114,0.01910,0.02225,133.5
101.8602,0.014904,0.014803,0.102,0.02050,0.02328,139.7
101.8801,0.015341,0.015255,0.086,0.02155,0.02386,143.1
101.9001,0.015799,0.015726,0.073,0.02263,0.02459,147.6
101.9201,0.016272,0.016206,0.066,0.02345,0.02527,151.6
101.9401,0.016758,0.016703,0.055,0.02416,0.02563,153.8
101.9601,0.017254,0.017211,0.043,0.02464,0.02577,154.6
101.9801,0.017755,0.017728,0.027,0.02497,0.02562,153.7
102.0001,0.018257,0.018243,0.015,0.02509,0.02543,152.6
102.0201,0.018757,0.018758,-0.001,0.02502,0.02490,149.4
102.0401,0.019251,0.019264,-0.014,0.02475,0.02429,145.8
102.0601,0.019734,0.019760,-0.026,0.02428,0.02348,140.9
102.0801,0.020203,0.020242,-0.039,0.02362,0.02246,134.7
102.1001,0.020654,0.020710,-0.055,0.02276,0.02111,126.6
102.1201,0.021083,0.021154,-0.071,0.02171,0.01962,117.7
102.1401,0.021486,0.021570,-0.083,0.02048,0.01807,108.4
102.1601,0.021860,0.021955,-0.095,0.01905,0.01632,97.9
102.1801,0.022202,0.022305,-0.103,0.01747,0.01453,87.2
102.2001,0.022508,0.022626,-0.118,0.01573,0.01234,74.1
102.2201,0.022775,0.022906,-0.131,0.01383,0.01009,60.5
102.2401,0.023001,0.023142,-0.141,0.01181,0.00781,46.8
102.2601,0.023184,0.023332,-0.149,0.00966,0.00545,32.7
102.2801,0.023320,0.023478,-0.158,0.00740,0.00294,17.6
102.3001,0.023410,0.023580,-0.170,0.00505,0.00020,1.2
102.3201,0.023450,0.023624,-0.174,0.00262,-0.00228,-13.7
102.3401,0.023440,0.023620,-0.180,0.00013,-0.00495,-29.7
102.3601,0.023379,0.023585,-0.206,-0.00241,-0.00834,-50.1
102.3801,0.023267,0.023488,-0.221,-0.00497,-0.01126,-67.6
102.4001,0.023104,0.023314,-0.211,-0.00752,-0.01337,-80.2
102.4201,0.022889,0.023081,-0.192,-0.01009,-0.01536,-92.2
102.4401,0.022624,0.022808,-0.184,-0.01262,-0.01773,-106.4
102.4601,0.022309,0.022495,-0.186,-0.01510,-0.02033,-122.0
102.4801,0.021947,0.022129,-0.182,-0.01751,-0.02259,-135.5
102.5001,0.021538,0.021711,-0.172,-0.01984,-0.02460,-147.6
102.5201,0.021085,0.021248,-0.163,-0.02210,-0.02662,-159.7
102.5401,0.020591,0.020747,-0.156,-0.02419,-0.02853,-171.2
102.5601,0.020056,0.020204,-0.148,-0.02623,-0.03031,-181.9
102.5801,0.019485,0.019624,-0.139,-0.02807,-0.03191,-191.4
102.6001,0.018882,0.019009,-0.128,-0.02977,-0.03327,-199.6
102.6201,0.018249,0.018365,-0.117,-0.03127,-0.03446,-206.8
102.6401,0.017589,0.017690,-0.101,-0.03263,-0.03535,-212.1
102.6601,0.016907,0.016995,-0.088,-0.03381,-0.03620,-217.2
102.6801,0.016207,0.016285,-0.078,-0.03479,-0.03693,-221.6
102.7001,0.015492,0.015556,-0.064,-0.03553,-0.03723,-223.4
102.7201,0.014767,0.014814,-0.047,-0.03612,-0.03733,-224.0
102.7401,0.014037,0.014069,-0.032,-0.03644,-0.03724,-223.5
102.7601,0.013304,0.013322,-0.019,-0.03661,-0.03706,-222.4
102.7801,0.012574,0.012579,-0.006,-0.03652,-0.03660,-219.6
102.8001,0.011852,0.011840,0.012,-0.03618,-0.03575,-214.5
102.8201,0.011140,0.011108,0.032,-0.03572,-0.03471,-208.3
102.8401,0.010443,0.010399,0.044,-0.03500,-0.03370,-202.2
102.8601,0.009766,0.009708,0.057,-0.03409,-0.03241,-194.4
102.8801,0.009111,0.009041,0.070,-0.03300,-0.03096,-185.8
102.9001,0.008484,0.008401,0.082,-0.03170,-0.02932,-175.9
102.9201,0.007886,0.007787,0.100,-0.03024,-0.02735,-164.1
102.9401,0.007322,0.007208,0.113,-0.02863,-0.02537,-152.2
102.9601,0.006793,0.006672,0.120,-0.02689,-0.02348,-140.9
102.9801,0.006304,0.006175,0.129,-0.02491,-0.02123,-127.4
103.0001,0.005856,0.005712,0.144,-0.02289,-0.01876,-112.6
103.0201,0.005452,0.005304,0.148,-0.02076,-0.01661,-99.6
103.0401,0.005092,0.004939,0.154,-0.01855,-0.01421,-85.3
103.0601,0.004780,0.004617,0.163,-0.01619,-0.01158,-69.5
103.0801,0.004515,0.004351,0.164,-0.01382,-0.00923,-55.4
103.1001,0.004299,0.004126,0.173,-0.01141,-0.00652,-39.1
103.1201,0.004132,0.003958,0.174,-0.00896,-0.00408,-24.5
103.1403,0.004014,0.003837,0.177,-0.00653,-0.00155,-9.3
103.1601,0.003946,0.003764,0.182,-0.00402,0.00111,6.6
103.1800,0.003926,0.003749,0.176,-0.00161,0.00330,19.8
103.2001,0.003954,0.003765,0.189,0.00078,0.00615,36.9
103.2201,0.004028,0.003823,0.204,0.00312,0.00893,53.6
103.2401,0.004147,0.003950,0.197,0.00539,0.01087,65.2
103.2601,0.004309,0.004131,0.178,0.00758,0.01245,74.7
103.2801,0.004514,0.004348,0.166,0.00970,0.01427,85.6
103.3001,0.004756,0.004608,0.148,0.01162,0.01567,94.0
103.3201,0.005036,0.004896,0.140,0.01353,0.01741,104.5
103.3401,0.005349,0.005216,0.133,0.01522,0.01891,113.4
103.3601,0.005694,0.005567,0.127,0.01685,0.02038,122.3
103.3801,0.006067,0.005952,0.116,0.01830,0.02148,128.9
103.4001,0.006465,0.006362,0.103,0.01956,0.02237,134.2
103.4201,0.006886,0.006798,0.088,0.02074,0.02311,138.7
103.4401,0.007324,0.007249,0.075,0.02166,0.02369,142.1
103.4601,0.007777,0.007716,0.060,0.02246,0.02406,144.3
103.4801,0.008243,0.008190,0.054,0.02315,0.02461,147.7
103.5001,0.008717,0.008675,0.042,0.02357,0.02467,148.0
103.5202,0.009198,0.009168,0.031,0.02398,0.02478,148.7
103.5401,0.009678,0.009663,0.015,0.02396,0.02428,145.7
103.5601,0.010158,0.010157,0.002,0.02402,0.02398,143.9
103.5801,0.010635,0.010644,-0.009,0.02386,0.02353,141.2
103.6001,0.011105,0.011123,-0.018,0.02360,0.02306,138.3
103.6201,0.011565,0.011591,-0.026,0.02312,0.02236,134.2
103.6401,0.012013,0.012048,-0.035,0.02255,0.02152,129.1
103.6601,0.012446,0.012489,-0.043,0.02184,0.02059,123.5
103.6801,0.012864,0.012916,-0.052,0.02108,0.01957,117.4
103.7001,0.013264,0.013324,-0.060,0.02020,0.01846,110.7
103.7201,0.013643,0.013712,-0.069,0.01921,0.01721,103.3
103.7401,0.014002,0.014074,-0.073,0.01818,0.01612,96.7
103.7601,0.014338,0.014410,-0.072,0.01708,0.01506,90.3
103.7801,0.014650,0.014730,-0.080,0.01590,0.01361,81.7
103.8002,0.014940,0.015022,-0.082,0.01481,0.01252,75.1
103.8201,0.015203,0.015289,-0.086,0.01347,0.01103,66.2
103.8401,0.015443,0.015530,-0.087,0.01229,0.00984,59.1
103.8601,0.015659,0.015748,-0.089,0.01109,0.00858,51.5
103.8801,0.015851,0.015934,-0.083,0.00992,0.00763,45.8
103.9001,0.016020,0.016101,-0.082,0.00872,0.00644,38.6
103.9201,0.016166,0.016245,-0.079,0.00761,0.00542,32.5
103.9401,0.016292,0.016366,-0.074,0.00653,0.00448,26.9
103.9601,0.016397,0.016473,-0.076,0.00553,0.00338,20.3
103.9801,0.016483,0.016561,-0.078,0.00456,0.00237,14.2
104.0001,0.016553,0.016624,-0.071,0.00369,0.00174,10.4
104.0201,0.016607,0.016663,-0.057,0.00290,0.00139,8.4
104.0401,0.016647,0.016695,-0.048,0.00219,0.00090,5.4
104.0601,0.016676,0.016721,-0.045,0.00158,0.00034,2.0
104.0801,0.016695,0.016734,-0.040,0.00107,-0.00001,-0.0
104.1001,0.016706,0.016739,-0.033,0.00066,-0.00023,-1.4
104.1201,0.016711,0.016738,-0.028,0.00034,-0.00040,-2.4
104.1401,0.016712,0.016737,-0.025,0.00012,-0.00056,-3.4
104.1601,0.016712,0.016735,-0.024,0.00000,-0.00065,-3.9
104.1801,0.016711,0.016733,-0.022,-0.00002,-0.00063,-3.8
104.2001,0.016713,0.016731,-0.018,0.00005,0.00000,0.0
104.2201,0.016717,0.016728,-0.010,0.00021,0.00000,0.0
104.2401,0.016728,0.016728,-0.001,0.00044,0.00000,0.0
104.2601,0.016744,0.016729,0.016,0.00076,0.00000,0.0
104.2801,0.016769,0.016729,0.040,0.00114,0.00241,14.4
104.3001,0.016802,0.016734,0.068,0.00157,0.00364,21.9
104.3201,0.016846,0.016771,0.075,0.00206,0.00422,25.3
104.3401,0.016900,0.016838,0.062,0.00258,0.00425,25.5
104.3603,0.016967,0.016924,0.043,0.00316,0.00424,25.4
104.3802,0.017044,0.017002,0.041,0.00371,0.00486,29.2
104.4001,0.017132,0.017089,0.043,0.00427,0.00549,32.9
104.4201,0.017232,0.017181,0.051,0.00487,0.00633,38.0
104.4401,0.017343,0.017295,0.049,0.00542,0.00677,40.6
104.4601,0.017465,0.017426,0.039,0.00595,0.00699,41.9
104.4801,0.017596,0.017566,0.031,0.00645,0.00725,43.5
104.5001,0.017736,0.017707,0.029,0.00689,0.00771,46.2
104.5201,0.017884,0.017851,0.033,0.00727,0.00821,49.3
104.5401,0.018037,0.018004,0.033,0.00758,0.00849,50.9
104.5601,0.018195,0.018170,0.025,0.00782,0.00846,50.8
104.5802,0.018355,0.018339,0.016,0.00798,0.00839,50.4
104.6001,0.018514,0.018511,0.003,0.00796,0.00797,47.8
104.6201,0.018673,0.018680,-0.007,0.00794,0.00766,46.0
104.6401,0.018827,0.018835,-0.007,0.00776,0.00755,45.3
104.6601,0.018975,0.018990,-0.015,0.00747,0.00702,42.1
104.6801,0.019114,0.019140,-0.025,0.00706,0.00629,37.8
104.7001,0.019242,0.019275,-0.032,0.00654,0.00560,33.6
104.7201,0.019357,0.019399,-0.042,0.00588,0.00465,27.9
104.7401,0.019455,0.019510,-0.055,0.00510,0.00349,21.0
104.7601,0.019534,0.019601,-0.067,0.00420,0.00226,13.6
104.7801,0.019593,0.019661,-0.068,0.00317,0.00126,7.5
104.8002,0.019628,0.019702,-0.075,0.00203,-0.00010,-0.6
104.8201,0.019637,0.019725,-0.088,0.00077,-0.00177,-10.6
104.8401,0.019618,0.019720,-0.102,-0.00060,-0.00354,-21.2
104.8601,0.019569,0.019697,-0.127,-0.00206,-0.00578,-34.7
104.8801,0.019489,0.019629,-0.140,-0.00362,-0.00760,-45.6
104.9001,0.019375,0.019520,-0.145,-0.00528,-0.00937,-56.2
104.9201,0.019227,0.019369,-0.141,-0.00698,-0.01091,-65.5
104.9401,0.019043,0.019178,-0.135,-0.00876,-0.01250,-75.0
104.9601,0.018822,0.018958,-0.136,-0.01060,-0.01441,-86.4
104.9801,0.018564,0.018698,-0.135,-0.01245,-0.01621,-97.2
105.0001,0.018268,0.018410,-0.142,-0.01433,-0.01836,-110.1
105.0313,0.017730,0.017872,-0.142,-0.02438,-0.02835,-170.1
105.0501,0.017363,0.017512,-0.149,-0.01958,-0.02379,-142.7
105.0691,0.016957,0.016973,-0.016,-0.02014,-0.01979,-118.7
105.0881,0.016520,0.016529,-0.010,-0.02153,-0.02176,-130.6
105.1060,0.016078,0.016173,-0.095,-0.02198,-0.02514,-150.9
105.1250,0.015580,0.015749,-0.170,-0.02432,-0.02952,-177.1
105.1430,0.015082,0.015287,-0.206,-0.02478,-0.03075,-184.5
105.1610,0.014561,0.014750,-0.188,-0.02577,-0.03094,-185.6
105.1801,0.013982,0.014160,-0.178,-0.02831,-0.03322,-199.3
105.2001,0.013351,0.013532,-0.180,-0.03090,-0.03597,-215.8
105.2201,0.012699,0.012857,-0.158,-0.03228,-0.03656,-219.4
105.2401,0.012026,0.012133,-0.107,-0.03337,-0.03606,-216.4
105.2601,0.011338,0.011403,-0.066,-0.03422,-0.03580,-214.8
105.2801,0.010636,0.010682,-0.046,-0.03491,-0.03608,-216.5
105.3001,0.009924,0.009964,-0.040,-0.03546,-0.03656,-219.4
105.3201,0.009208,0.009241,-0.033,-0.03575,-0.03664,-219.8
105.3401,0.008489,0.008510,-0.020,-0.03588,-0.03637,-218.2
105.3601,0.007772,0.007775,-0.003,-0.03586,-0.03585,-215.1
105.3801,0.007063,0.007050,0.012,-0.03555,-0.03511,-210.7
105.4001,0.006364,0.006338,0.026,-0.03505,-0.03424,-205.5
105.4201,0.005680,0.005637,0.043,-0.03438,-0.03306,-198.4
105.4401,0.005015,0.004960,0.055,-0.03348,-0.03188,-191.3
105.4601,0.004372,0.004305,0.067,-0.03241,-0.03048,-182.9
105.4801,0.003756,0.003672,0.084,-0.03113,-0.02867,-172.0
105.5001,0.003172,0.003068,0.104,-0.02957,-0.02653,-159.2
105.5201,0.002621,0.002505,0.117,-0.02796,-0.02462,-147.7
105.5401,0.002108,0.001982,0.126,-0.02612,-0.02252,-135.1
105.5601,0.001636,0.001499,0.137,-0.02412,-0.02023,-121.4
105.5801,0.001208,0.001060,0.148,-0.02194,-0.01774,-106.4
105.6001,0.001000,0.000666,0.334,-0.01270,-0.00223,-13.4
105.6201,0.001000,0.000343,0.657,-0.00254,0.01779,106.8
105.6401,0.001000,0.000354,0.646,-0.00051,0.01751,105.0
105.6601,0.001000,0.000694,0.306,-0.00010,0.00643,38.6
105.6801,0.001000,0.001004,-0.004,-0.00002,-0.00198,-11.9
105.7001,0.001000,0.001100,-0.100,-0.00000,-0.00338,-20.3
105.7201,0.001000,0.001067,-0.067,-0.00000,-0.00169,-10.1
105.7401,0.001000,0.001018,-0.018,-0.00000,0.00000,0.0
105.7601,0.001000,0.000996,0.004,-0.00000,0.00000,0.0
105.7801,0.001000,0.000997,0.003,-0.00000,0.00000,0.0
105.8002,0.001000,0.000997,0.003,-0.00000,0.00000,0.0
105.8201,0.001000,0.000997,0.003,-0.00000,0.00000,0.0
105.8401,0.001000,0.000997,0.003,-0.00000,0.00000,0.0
105.8601,0.001000,0.000998,0.002,-0.00000,0.00000,0.0
105.8801,0.001281,0.000997,0.283,0.01122,0.02083,125.0
105.9001,0.001727,0.001044,0.683,0.02010,0.04162,249.7
105.9201,0.002221,0.001502,0.719,0.02377,0.04413,264.8
105.9402,0.002762,0.002342,0.420,0.02640,0.03637,218.2
105.9601,0.003338,0.003205,0.133,0.02833,0.03035,182.1
105.9801,0.003957,0.003904,0.053,0.03040,0.03139,188.4
106.0001,0.004607,0.004508,0.100,0.03212,0.03519,211.2
106.0202,0.005291,0.005149,0.142,0.03377,0.03798,227.9
106.0401,0.005996,0.005861,0.135,0.03496,0.03870,232.2
106.0601,0.006726,0.006627,0.099,0.03618,0.03876,232.5
106.0801,0.007474,0.007401,0.073,0.03714,0.03902,234.1
106.1001,0.008233,0.008179,0.054,0.03781,0.03922,235.3
106.1201,0.009000,0.008960,0.041,0.03824,0.03930,235.8
106.1401,0.009773,0.009745,0.029,0.03858,0.03931,235.9
106.1601,0.010546,0.010532,0.014,0.03861,0.03893,233.6
106.1801,0.011315,0.011318,-0.003,0.03848,0.03829,229.7
106.2001,0.012074,0.012094,-0.021,0.03806,0.03738,224.3
106.2201,0.012819,0.012858,-0.039,0.03741,0.03622,217.3
106.2401,0.013547,0.013599,-0.052,0.03661,0.03506,210.4
106.2601,0.014255,0.014316,-0.061,0.03566,0.03391,203.5
106.2801,0.014937,0.015010,-0.074,0.03439,0.03225,193.5
106.3001,0.015590,0.015680,-0.091,0.03299,0.03035,182.1
106.3201,0.016210,0.016313,-0.102,0.03142,0.02849,170.9
106.3401,0.016797,0.016911,-0.114,0.02976,0.02650,159.0
106.3601,0.017345,0.017471,-0.126,0.02787,0.02427,145.6
106.3801,0.017852,0.017989,-0.137,0.02584,0.02193,131.6
106.4001,0.018316,0.018463,-0.147,0.02375,0.01957,117.4
106.4201,0.018737,0.018891,-0.154,0.02157,0.01722,103.3
106.4401,0.019111,0.019269,-0.158,0.01928,0.01483,89.0
106.4601,0.019437,0.019602,-0.164,0.01692,0.01228,73.7
106.4801,0.019716,0.019883,-0.167,0.01453,0.00986,59.2
106.5001,0.019946,0.020117,-0.172,0.01209,0.00726,43.6
106.5201,0.020127,0.020299,-0.172,0.00966,0.00485,29.1
106.5401,0.020259,0.020433,-0.173,0.00723,0.00237,14.2
106.5601,0.020344,0.020515,-0.171,0.00482,0.00005,0.3
106.5801,0.020381,0.020554,-0.173,0.00243,-0.00244,-14.6
106.6001,0.020371,0.020549,-0.178,0.00011,-0.00489,-29.3
106.6201,0.020317,0.020511,-0.195,-0.00215,-0.00771,-46.3
106.6401,0.020219,0.020412,-0.192,-0.00432,-0.00969,-58.2
106.6601,0.020081,0.020255,-0.175,-0.00641,-0.01119,-67.2
106.6801,0.019903,0.020060,-0.157,-0.00838,-0.01268,-76.1
106.7002,0.019688,0.019833,-0.145,-0.01029,-0.01428,-85.7
106.7201,0.019441,0.019576,-0.135,-0.01191,-0.01562,-93.7
106.7402,0.019161,0.019288,-0.127,-0.01360,-0.01710,-102.6
106.7601,0.018856,0.018967,-0.112,-0.01494,-0.01797,-107.8
106.7801,0.018523,0.018617,-0.094,-0.01627,-0.01880,-112.8
106.8001,0.018170,0.018256,-0.087,-0.01741,-0.01980,-118.8
106.8201,0.017797,0.017873,-0.076,-0.01837,-0.02043,-122.6
106.8401,0.017409,0.017475,-0.067,-0.01923,-0.02104,-126.3
106.8601,0.017009,0.017061,-0.052,-0.01984,-0.02120,-127.2
106.8801,0.016600,0.016639,-0.039,-0.02033,-0.02136,-128.2
106.9001,0.016185,0.016215,-0.030,-0.02066,-0.02145,-128.7
106.9201,0.015767,0.015786,-0.019,-0.02083,-0.02128,-127.7
106.9401,0.015352,0.015359,-0.007,-0.02080,-0.02093,-125.6
106.9602,0.014936,0.014933,0.004,-0.02077,-0.02060,-123.6
106.9801,0.014531,0.014514,0.018,-0.02035,-0.01977,-118.6
107.0001,0.014132,0.014103,0.029,-0.02003,-0.01914,-114.8
107.0201,0.013746,0.013707,0.039,-0.01945,-0.01829,-109.8
107.0401,0.013372,0.013332,0.040,-0.01885,-0.01774,-106.4
107.0601,0.013014,0.012968,0.047,-0.01808,-0.01673,-100.4
107.0801,0.012673,0.012618,0.055,-0.01727,-0.01567,-94.0
107.1001,0.012352,0.012293,0.059,-0.01630,-0.01463,-87.8
107.1202,0.012048,0.011982,0.066,-0.01542,-0.01353,-81.2
107.1401,0.011769,0.011693,0.076,-0.01424,-0.01204,-72.3
107.1601,0.011510,0.011433,0.077,-0.01321,-0.01106,-66.4
107.1801,0.011272,0.011197,0.075,-0.01215,-0.01006,-60.3
107.2001,0.011059,0.010985,0.074,-0.01097,-0.00891,-53.4
107.2201,0.010867,0.010787,0.080,-0.00987,-0.00760,-45.6
107.2401,0.010698,0.010620,0.078,-0.00874,-0.00657,-39.4
107.2601,0.010550,0.010476,0.074,-0.00765,-0.00562,-33.7
107.2802,0.010423,0.010351,0.072,-0.00662,-0.00461,-27.7
107.3002,0.010317,0.010240,0.077,-0.00556,-0.00337,-20.2
107.3202,0.010230,0.010154,0.075,-0.00461,-0.00250,-15.0
107.3401,0.010160,0.010091,0.069,-0.00370,-0.00180,-10.8
107.3602,0.010106,0.010049,0.057,-0.00290,-0.00137,-8.2
107.3801,0.010067,0.010016,0.051,-0.00213,-0.00075,-4.5
107.4002,0.010041,0.009992,0.049,-0.00149,-0.00013,-0.8
107.4201,0.010025,0.009979,0.046,-0.00092,0.00035,2.1
107.4401,0.010019,0.009977,0.041,-0.00045,0.00067,4.0
107.4601,0.010019,0.009980,0.039,-0.00008,0.00100,6.0
107.4801,0.010024,0.009983,0.041,0.00018,0.00134,8.1
107.5001,0.010031,0.009991,0.040,0.00035,0.00147,8.8
107.5201,0.010040,0.010009,0.031,0.00041,0.00123,7.4
107.5401,0.010047,0.010030,0.017,0.00037,0.00000,0.0
107.5601,0.010051,0.010044,0.007,0.00023,0.00000,0.0
107.5802,0.010050,0.010044,0.006,-0.00000,0.00000,0.0
107.6002,0.010042,0.010043,-0.002,-0.00032,0.00000,0.0
107.6202,0.010025,0.010043,-0.018,-0.00073,0.00000,0.0
107.6403,0.009999,0.010043,-0.044,-0.00121,-0.00261,-15.6
107.6601,0.009961,0.010037,-0.075,-0.00174,-0.00404,-24.2
107.6801,0.009911,0.009995,-0.084,-0.00235,-0.00474,-28.5
107.7001,0.009848,0.009918,-0.070,-0.00301,-0.00490,-29.4
107.7201,0.009770,0.009830,-0.060,-0.00370,-0.00530,-31.8
107.7401,0.009678,0.009734,-0.056,-0.00442,-0.00595,-35.7
107.7601,0.009571,0.009628,-0.057,-0.00517,-0.00677,-40.6
107.7801,0.009450,0.009512,-0.062,-0.00590,-0.00766,-46.0
107.8001,0.009313,0.009374,-0.060,-0.00664,-0.00832,-49.9
107.8201,0.009162,0.009214,-0.052,-0.00737,-0.00876,-52.6
107.8401,0.008998,0.009046,-0.049,-0.00806,-0.00941,-56.4
107.8601,0.008820,0.008866,-0.046,-0.00871,-0.01000,-60.0
107.8801,0.008631,0.008676,-0.045,-0.00930,-0.01055,-63.3
107.9001,0.008432,0.008480,-0.048,-0.00984,-0.01121,-67.2
107.9201,0.008223,0.008262,-0.039,-0.01031,-0.01135,-68.1
107.9401,0.008008,0.008037,-0.030,-0.01068,-0.01145,-68.7
107.9601,0.007787,0.007805,-0.019,-0.01097,-0.01143,-68.6
107.9802,0.007561,0.007578,-0.016,-0.01120,-0.01165,-69.9
108.0002,0.007337,0.007351,-0.014,-0.01124,-0.01161,-69.7
108.0202,0.007113,0.007113,0.000,-0.01120,-0.01112,-66.7
108.0401,0.006894,0.006881,0.013,-0.01099,-0.01055,-63.3
108.0601,0.006680,0.006661,0.019,-0.01076,-0.01020,-61.2
108.0801,0.006475,0.006457,0.018,-0.01035,-0.00986,-59.2
108.1001,0.006282,0.006251,0.031,-0.00981,-0.00887,-53.2
108.1201,0.006102,0.006059,0.043,-0.00915,-0.00788,-47.3
108.1401,0.005939,0.005886,0.052,-0.00836,-0.00684,-41.0
108.1600,0.005795,0.005733,0.062,-0.00742,-0.00565,-33.9
108.1801,0.005672,0.005605,0.067,-0.00640,-0.00449,-27.0
108.2001,0.005573,0.005502,0.071,-0.00523,-0.00320,-19.2
108.2201,0.005501,0.005416,0.085,-0.00395,-0.00149,-8.9
108.2401,0.005456,0.005364,0.093,-0.00256,0.00008,0.5
108.2601,0.005442,0.005340,0.102,-0.00108,0.00184,11.0
108.2801,0.005460,0.005344,0.116,0.00049,0.00382,22.9
108.3001,0.005511,0.005367,0.144,0.00214,0.00633,38.0
108.3201,0.005597,0.005441,0.156,0.00386,0.00831,49.8
108.3401,0.005718,0.005568,0.150,0.00564,0.00981,58.9
108.3601,0.005877,0.005737,0.140,0.00746,0.01132,67.9
108.3800,0.006072,0.005932,0.139,0.00929,0.01318,79.1
108.4000,0.006304,0.006164,0.140,0.01116,0.01510,90.6
108.4201,0.006575,0.006432,0.143,0.01307,0.01710,102.6
108.4401,0.006882,0.006747,0.136,0.01491,0.01867,112.0
108.4600,0.007225,0.007096,0.129,0.01669,0.02027,121.6
108.4801,0.007605,0.007475,0.130,0.01853,0.02217,133.0
108.5001,0.008018,0.007891,0.128,0.02024,0.02380,142.8
108.5201,0.008465,0.008342,0.123,0.02192,0.02534,152.0
108.5401,0.008942,0.008827,0.115,0.02346,0.02662,159.7
108.5601,0.009448,0.009341,0.107,0.02494,0.02789,167.4
108.5801,0.009981,0.009880,0.101,0.02631,0.02910,174.6
108.6001,0.010539,0.010444,0.094,0.02756,0.03016,180.9
108.6201,0.011118,0.011033,0.085,0.02868,0.03100,186.0
108.6401,0.011714,0.011643,0.070,0.02957,0.03145,188.7
108.6601,0.012323,0.012264,0.059,0.03031,0.03190,191.4
108.6801,0.012948,0.012898,0.049,0.03103,0.03236,194.2
108.7001,0.013579,0.013539,0.040,0.03145,0.03251,195.1
108.7201,0.014215,0.014187,0.028,0.03171,0.03242,194.5
108.7401,0.014852,0.014838,0.014,0.03183,0.03212,192.7
108.7601,0.015486,0.015487,-0.002,0.03173,0.03160,189.6
108.7801,0.016113,0.016129,-0.015,0.03145,0.03093,185.6
108.8001,0.016729,0.016760,-0.031,0.03092,0.02994,179.7
108.8201,0.017331,0.017375,-0.044,0.03026,0.02896,173.8
108.8401,0.017916,0.017969,-0.053,0.02944,0.02789,167.3
108.8602,0.018483,0.018544,-0.061,0.02858,0.02685,161.1
108.8800,0.019015,0.019095,-0.080,0.02698,0.02461,147.7
108.9001,0.019524,0.019624,-0.099,0.02577,0.02288,137.3
108.9201,0.020002,0.020106,-0.104,0.02428,0.02135,128.1
108.9401,0.020444,0.020554,-0.110,0.02252,0.01941,116.5
108.9601,0.020848,0.020972,-0.124,0.02066,0.01712,102.7
108.9801,0.021212,0.021346,-0.134,0.01869,0.01489,89.3
109.0001,0.021534,0.021680,-0.147,0.01662,0.01244,74.6
109.0201,0.021811,0.021964,-0.154,0.01439,0.01005,60.3
109.0401,0.022041,0.022199,-0.158,0.01210,0.00766,46.0
109.0601,0.022224,0.022386,-0.162,0.00973,0.00517,31.0
109.0801,0.022358,0.022529,-0.171,0.00731,0.00249,14.9
109.1001,0.022443,0.022620,-0.178,0.00485,-0.00017,-1.0
109.1201,0.022478,0.022654,-0.176,0.00236,-0.00257,-15.4
109.1401,0.022463,0.022647,-0.184,-0.00013,-0.00533,-32.0
109.1601,0.022398,0.022605,-0.207,-0.00261,-0.00854,-51.2
109.1801,0.022285,0.022502,-0.217,-0.00506,-0.01119,-67.2
109.2001,0.022124,0.022327,-0.203,-0.00746,-0.01306,-78.4
109.2201,0.021916,0.022096,-0.180,-0.00980,-0.01469,-88.2
109.2401,0.021663,0.021832,-0.168,-0.01206,-0.01670,-100.2
109.2601,0.021368,0.021532,-0.163,-0.01422,-0.01877,-112.6
109.2801,0.021032,0.021189,-0.157,-0.01629,-0.02065,-123.9
109.3001,0.020659,0.020805,-0.146,-0.01817,-0.02219,-133.2
109.3201,0.020251,0.020386,-0.135,-0.01996,-0.02368,-142.1
109.3401,0.019811,0.019935,-0.124,-0.02160,-0.02502,-150.1
109.3601,0.019343,0.019454,-0.111,-0.02303,-0.02606,-156.3
109.3801,0.018850,0.018949,-0.099,-0.02433,-0.02704,-162.3
109.4001,0.018336,0.018424,-0.088,-0.02544,-0.02784,-167.1
109.4201,0.017806,0.017877,-0.072,-0.02629,-0.02819,-169.1
109.4401,0.017261,0.017318,-0.058,-0.02706,-0.02859,-171.6
109.4601,0.016708,0.016752,-0.044,-0.02753,-0.02867,-172.0
109.4800,0.016152,0.016176,-0.024,-0.02773,-0.02829,-169.7
109.5001,0.015593,0.015605,-0.012,-0.02791,-0.02819,-169.1
109.5201,0.015037,0.015039,-0.002,-0.02781,-0.02779,-166.8
109.5401,0.014491,0.014477,0.014,-0.02739,-0.02689,-161.4
109.5601,0.013958,0.013925,0.033,-0.02681,-0.02577,-154.6
109.5801,0.013440,0.013394,0.046,-0.02610,-0.02473,-148.4
109.6001,0.012941,0.012880,0.061,-0.02517,-0.02338,-140.3
109.6201,0.012466,0.012395,0.071,-0.02403,-0.02198,-131.9
109.6401,0.012018,0.011933,0.085,-0.02272,-0.02025,-121.5
109.6601,0.011601,0.011502,0.099,-0.02123,-0.01836,-110.2
109.6801,0.011218,0.011107,0.111,-0.01957,-0.01639,-98.4
109.7001,0.010871,0.010747,0.124,-0.01779,-0.01423,-85.4
109.7201,0.010563,0.010435,0.128,-0.01589,-0.01229,-73.8
109.7401,0.010296,0.010159,0.137,-0.01385,-0.00995,-59.7
109.7601,0.010073,0.009919,0.154,-0.01169,-0.00729,-43.7
109.7801,0.009895,0.009731,0.164,-0.00947,-0.00483,-29.0
109.8001,0.009763,0.009599,0.164,-0.00718,-0.00259,-15.5
109.8201,0.009678,0.009520,0.158,-0.00483,-0.00046,-2.8
109.8401,0.009641,0.009477,0.163,-0.00245,0.00216,13.0
109.8601,0.009652,0.009477,0.175,-0.00005,0.00493,29.6
109.8801,0.009711,0.009509,0.202,0.00236,0.00817,49.0
109.9001,0.009818,0.009612,0.206,0.00475,0.01053,63.2
109.9201,0.009972,0.009775,0.196,0.00710,0.01254,75.3
109.9401,0.010171,0.009986,0.185,0.00941,0.01453,87.2
109.9601,0.010415,0.010242,0.174,0.01164,0.01644,98.6
109.9801,0.010702,0.010537,0.166,0.01381,0.01841,110.4
110.0001,0.011027,0.010875,0.152,0.01574,0.01992,119.5
110.0302,0.011026,0.011449,-0.423,0.00310,-0.01219,-73.2
110.0481,0.011024,0.011802,-0.778,0.00055,-0.02338,-140.3
110.0660,0.011021,0.011620,-0.599,0.00000,-0.01570,-94.2
110.0839,0.011018,0.011208,-0.190,-0.00014,-0.00301,-18.1
110.1020,0.011013,0.010948,0.066,-0.00020,0.00317,19.0
110.1200,0.011008,0.010912,0.096,-0.00025,0.00263,15.8
110.1401,0.011001,0.010958,0.043,-0.00032,0.00057,3.4
110.1601,0.010994,0.010994,-0.000,-0.00037,0.00000,0.0
110.1801,0.010985,0.010996,-0.011,-0.00042,0.00000,0.0
110.2002,0.010975,0.010995,-0.020,-0.00047,0.00000,0.0
110.2201,0.010965,0.010995,-0.030,-0.00052,-0.00143,-8.6
110.2401,0.010953,0.010991,-0.038,-0.00057,-0.00168,-10.1
110.2601,0.010941,0.010973,-0.033,-0.00062,-0.00150,-9.0
110.2801,0.010927,0.010949,-0.022,-0.00066,-0.00122,-7.3
110.3001,0.010913,0.010930,-0.017,-0.00071,0.00000,0.0
110.3201,0.010897,0.010919,-0.022,-0.00076,-0.00140,-8.4
110.3401,0.010881,0.010916,-0.036,-0.00081,-0.00188,-11.3
110.3601,0.010864,0.010895,-0.031,-0.00085,-0.00170,-10.2
110.3801,0.010845,0.010862,-0.016,-0.00090,0.00000,0.0
110.4001,0.010826,0.010835,-0.008,-0.00094,0.00000,0.0
110.4201,0.010807,0.010834,-0.028,-0.00099,-0.00188,-11.3
110.4401,0.010786,0.010829,-0.043,-0.00103,-0.00232,-13.9
110.4601,0.010764,0.010788,-0.024,-0.00107,-0.00164,-9.8
110.4801,0.010742,0.010747,-0.005,-0.00112,-0.00115,-6.9
110.5001,0.010718,0.010721,-0.003,-0.00116,-0.00121,-7.3
110.5201,0.010694,0.010701,-0.007,-0.00120,-0.00142,-8.5
110.5401,0.010669,0.010677,-0.008,-0.00124,-0.00148,-8.9
110.5601,0.010643,0.010645,-0.002,-0.00129,-0.00132,-7.9
110.5801,0.010616,0.010616,0.001,-0.00133,-0.00129,-7.8
110.6000,0.010589,0.010591,-0.003,-0.00136,-0.00146,-8.7
110.6201,0.010560,0.010568,-0.007,-0.00141,-0.00164,-9.8
110.6401,0.010531,0.010539,-0.008,-0.00145,-0.00167,-10.0
110.6601,0.010501,0.010503,-0.002,-0.00149,-0.00151,-9.1
110.6802,0.010470,0.010466,0.004,-0.00154,-0.00138,-8.3
110.7001,0.010439,0.010435,0.004,-0.00156,-0.00146,-8.8
110.7201,0.010407,0.010409,-0.003,-0.00160,-0.00171,-10.3
110.7401,0.010374,0.010380,-0.006,-0.00164,-0.00184,-11.0
110.7602,0.010340,0.010344,-0.004,-0.00169,-0.00179,-10.8
110.7801,0.010305,0.010303,0.003,-0.00171,-0.00159,-9.6
110.8001,0.010270,0.010265,0.005,-0.00175,-0.00159,-9.5
110.8202,0.010234,0.010235,-0.001,-0.00180,-0.00185,-11.1
110.8401,0.010198,0.010203,-0.005,-0.00182,-0.00198,-11.9
110.8601,0.010160,0.010164,-0.003,-0.00186,-0.00194,-11.6
110.8801,0.010122,0.010121,0.002,-0.00189,-0.00182,-10.9
110.9001,0.010084,0.010083,0.001,-0.00193,-0.00191,-11.5
110.9202,0.010044,0.010050,-0.006,-0.00197,-0.00217,-13.0
110.9401,0.010004,0.010012,-0.008,-0.00199,-0.00224,-13.4
110.9602,0.009963,0.009965,-0.002,-0.00204,-0.00206,-12.4
110.9801,0.009922,0.009921,0.000,-0.00205,-0.00202,-12.1
111.0001,0.009880,0.009884,-0.004,-0.00209,-0.00223,-13.4
111.0201,0.009837,0.009842,-0.005,-0.00212,-0.00227,-13.6
111.0401,0.009794,0.009794,-0.000,-0.00216,-0.00213,-12.8
111.0601,0.009750,0.009749,0.001,-0.00219,-0.00215,-12.9
111.0802,0.009705,0.009709,-0.004,-0.00223,-0.00237,-14.2
111.1001,0.009660,0.009665,-0.004,-0.00224,-0.00236,-14.2
111.1203,0.009614,0.009616,-0.002,-0.00229,-0.00232,-13.9
111.1402,0.009568,0.009573,-0.005,-0.00231,-0.00246,-14.7
111.1601,0.009521,0.009531,-0.009,-0.00233,-0.00261,-15.7
111.1800,0.009474,0.009478,-0.004,-0.00235,-0.00244,-14.7
111.2001,0.009426,0.009425,0.001,-0.00240,-0.00234,-14.0
111.2201,0.009378,0.009379,-0.002,-0.00242,-0.00249,-14.9
111.2401,0.009328,0.009331,-0.002,-0.00245,-0.00251,-15.1
111.2602,0.009279,0.009274,0.004,-0.00249,-0.00233,-14.0
111.2801,0.009229,0.009226,0.002,-0.00249,-0.00244,-14.6
111.3003,0.009178,0.009181,-0.003,-0.00254,-0.00265,-15.9
111.3201,0.009127,0.009127,0.000,-0.00254,-0.00251,-15.1
111.3401,0.009075,0.009076,-0.001,-0.00257,-0.00261,-15.7
111.3601,0.009023,0.009030,-0.007,-0.00261,-0.00285,-17.1
111.3801,0.008970,0.008973,-0.003,-0.00263,-0.00267,-16.0
111.4000,0.008917,0.008915,0.002,-0.00265,-0.00255,-15.3
111.4201,0.008864,0.008863,0.000,-0.00267,-0.00268,-16.1
111.4401,0.008810,0.008809,0.001,-0.00270,-0.00267,-16.0
111.4601,0.008755,0.008754,0.001,-0.00272,-0.00269,-16.2
111.4801,0.008700,0.008705,-0.005,-0.00274,-0.00292,-17.5
111.5001,0.008645,0.008651,-0.006,-0.00276,-0.00295,-17.7
111.5201,0.008589,0.008592,-0.003,-0.00278,-0.00284,-17.1
111.5401,0.008533,0.008539,-0.006,-0.00281,-0.00300,-18.0
111.5601,0.008476,0.008480,-0.004,-0.00282,-0.00292,-17.5
111.5801,0.008419,0.008417,0.002,-0.00284,-0.00274,-16.4
111.6001,0.008362,0.008360,0.002,-0.00286,-0.00282,-16.9
111.6201,0.008304,0.008301,0.003,-0.00288,-0.00278,-16.7
111.6401,0.008246,0.008242,0.004,-0.00290,-0.00280,-16.8
111.6601,0.008187,0.008189,-0.001,-0.00292,-0.00298,-17.9
111.6801,0.008129,0.008128,0.000,-0.00294,-0.00293,-17.6
111.7001,0.008069,0.008070,-0.001,-0.00296,-0.00299,-17.9
111.7201,0.008010,0.008012,-0.002,-0.00297,-0.00304,-18.2
111.7401,0.007950,0.007947,0.003,-0.00299,-0.00287,-17.2
111.7601,0.007890,0.007888,0.002,-0.00300,-0.00297,-17.8
111.7801,0.007829,0.007830,-0.001,-0.00302,-0.00307,-18.4
111.8001,0.007768,0.007768,0.000,-0.00304,-0.00302,-18.1
111.8202,0.007707,0.007714,-0.007,-0.00306,-0.00329,-19.8
111.8401,0.007646,0.007653,-0.007,-0.00306,-0.00325,-19.5
111.8601,0.007584,0.007585,-0.001,-0.00308,-0.00308,-18.5
111.8801,0.007522,0.007525,-0.003,-0.00309,-0.00319,-19.2
111.9001,0.007460,0.007462,-0.002,-0.00311,-0.00315,-18.9
111.9201,0.007398,0.007400,-0.002,-0.00312,-0.00319,-19.1
111.9401,0.007335,0.007337,-0.002,-0.00314,-0.00319,-19.1
111.9601,0.007272,0.007268,0.004,-0.00314,-0.00299,-17.9
111.9801,0.007209,0.007207,0.002,-0.00316,-0.00311,-18.7
112.0001,0.007145,0.007144,0.002,-0.00317,-0.00312,-18.7
112.0201,0.007082,0.007080,0.002,-0.00318,-0.00312,-18.7
112.0401,0.007018,0.007021,-0.003,-0.00319,-0.00330,-19.8
112.0601,0.006954,0.006954,0.000,-0.00320,-0.00317,-19.0
112.0801,0.006889,0.006889,0.000,-0.00321,-0.00321,-19.3
112.1002,0.006825,0.006826,-0.001,-0.00323,-0.00326,-19.6
112.1201,0.006761,0.006759,0.002,-0.00321,-0.00315,-18.9
112.1401,0.006696,0.006698,-0.002,-0.00323,-0.00330,-19.8
112.1602,0.006631,0.006633,-0.002,-0.00325,-0.00332,-19.9
112.1801,0.006566,0.006569,-0.003,-0.00324,-0.00334,-20.0
112.2002,0.006500,0.006507,-0.006,-0.00327,-0.00347,-20.8
112.2201,0.006436,0.006435,0.000,-0.00325,-0.00320,-19.2
112.2401,0.006370,0.006368,0.002,-0.00326,-0.00318,-19.1
112.2602,0.006304,0.006299,0.006,-0.00328,-0.00310,-18.6
112.2802,0.006239,0.006233,0.006,-0.00328,-0.00312,-18.7
112.3002,0.006173,0.006171,0.002,-0.00329,-0.00327,-19.6
112.3201,0.006108,0.006105,0.002,-0.00327,-0.00321,-19.2
112.3401,0.006042,0.006045,-0.003,-0.00329,-0.00340,-20.4
112.3601,0.005976,0.005979,-0.004,-0.00329,-0.00340,-20.4
112.3802,0.005909,0.005910,-0.000,-0.00331,-0.00330,-19.8
112.4002,0.005843,0.005844,-0.001,-0.00330,-0.00334,-20.0
112.4202,0.005777,0.005774,0.003,-0.00330,-0.00318,-19.1
112.4401,0.005712,0.005713,-0.001,-0.00329,-0.00335,-20.1
112.4601,0.005645,0.005650,-0.004,-0.00331,-0.00344,-20.7
112.4801,0.005579,0.005583,-0.003,-0.00331,-0.00340,-20.4
112.5001,0.005513,0.005518,-0.004,-0.00330,-0.00343,-20.6
112.5201,0.005447,0.005446,0.001,-0.00331,-0.00323,-19.4
112.5401,0.005381,0.005379,0.002,-0.00331,-0.00324,-19.5
112.5602,0.005314,0.005314,0.001,-0.00332,-0.00331,-19.9
112.5801,0.005249,0.005248,0.001,-0.00329,-0.00327,-19.6
112.6002,0.005182,0.005184,-0.002,-0.00332,-0.00340,-20.4
112.6202,0.005116,0.005114,0.003,-0.00330,-0.00320,-19.2
112.6401,0.005050,0.005051,-0.001,-0.00329,-0.00333,-20.0
112.6601,0.004985,0.004987,-0.002,-0.00329,-0.00337,-20.2
112.6802,0.004918,0.004917,0.001,-0.00331,-0.00325,-19.5
112.7001,0.004853,0.004853,-0.000,-0.00328,-0.00329,-19.7
112.7201,0.004787,0.004786,0.002,-0.00328,-0.00323,-19.4
112.7401,0.004722,0.004723,-0.001,-0.00328,-0.00333,-20.0
112.7601,0.004656,0.004660,-0.004,-0.00328,-0.00341,-20.5
112.7802,0.004590,0.004592,-0.002,-0.00328,-0.00331,-19.8
112.8001,0.004526,0.004531,-0.006,-0.00325,-0.00344,-20.7
112.8201,0.004460,0.004462,-0.001,-0.00326,-0.00327,-19.6
112.8401,0.004395,0.004394,0.002,-0.00325,-0.00318,-19.1
112.8601,0.004331,0.004326,0.004,-0.00324,-0.00311,-18.7
112.8802,0.004266,0.004257,0.008,-0.00325,-0.00299,-17.9
112.9001,0.004201,0.004197,0.005,-0.00322,-0.00311,-18.7
112.9201,0.004137,0.004133,0.003,-0.00322,-0.00313,-18.8
112.9402,0.004072,0.004071,0.001,-0.00323,-0.00322,-19.3
112.9602,0.004008,0.004011,-0.002,-0.00321,-0.00329,-19.8
112.9801,0.003945,0.003943,0.002,-0.00318,-0.00309,-18.5
113.0001,0.003881,0.003878,0.004,-0.00318,-0.00308,-18.5
113.0201,0.003818,0.003812,0.006,-0.00317,-0.00299,-18.0
113.0402,0.003754,0.003750,0.004,-0.00318,-0.00308,-18.5
113.0602,0.003691,0.003695,-0.004,-0.00315,-0.00332,-19.9
113.0801,0.003629,0.003634,-0.005,-0.00313,-0.00326,-19.6
113.1002,0.003566,0.003570,-0.004,-0.00314,-0.00325,-19.5
113.1201,0.003504,0.003508,-0.003,-0.00310,-0.00319,-19.2
113.1401,0.003442,0.003437,0.005,-0.00310,-0.00290,-17.4
113.1601,0.003381,0.003377,0.003,-0.00308,-0.00301,-18.0
113.1801,0.003319,0.003318,0.001,-0.00307,-0.00306,-18.4
113.2002,0.003258,0.003254,0.003,-0.00308,-0.00298,-17.9
113.2201,0.003197,0.003198,-0.000,-0.00303,-0.00306,-18.4
113.2401,0.003137,0.003135,0.001,-0.00303,-0.00298,-17.9
113.2601,0.003077,0.003076,0.000,-0.00301,-0.00302,-18.1
113.2801,0.003017,0.003020,-0.003,-0.00300,-0.00311,-18.6
113.3001,0.002957,0.002954,0.003,-0.00298,-0.00286,-17.2
113.3201,0.002898,0.002893,0.005,-0.00297,-0.00281,-16.9
113.3401,0.002839,0.002837,0.002,-0.00295,-0.00290,-17.4
113.3601,0.002781,0.002777,0.003,-0.00293,-0.00284,-17.0
113.3801,0.002722,0.002725,-0.003,-0.00291,-0.00302,-18.1
113.4001,0.002665,0.002670,-0.006,-0.00289,-0.00307,-18.4
113.4201,0.002607,0.002608,-0.000,-0.00287,-0.00286,-17.1
113.4401,0.002550,0.002553,-0.003,-0.00285,-0.00296,-17.7
113.4601,0.002494,0.002497,-0.003,-0.00283,-0.00293,-17.6
113.4801,0.002437,0.002433,0.005,-0.00282,-0.00263,-15.8
113.5001,0.002382,0.002377,0.005,-0.00280,-0.00265,-15.9
113.5201,0.002326,0.002320,0.006,-0.00277,-0.00259,-15.5
113.5401,0.002271,0.002262,0.009,-0.00275,-0.00248,-14.9
113.5601,0.002217,0.002212,0.005,-0.00273,-0.00262,-15.7
113.5801,0.002163,0.002160,0.003,-0.00271,-0.00264,-15.9
113.6001,0.002109,0.002104,0.005,-0.00269,-0.00253,-15.2
113.6201,0.002056,0.002055,0.001,-0.00266,-0.00265,-15.9
113.6401,0.002003,0.002005,-0.002,-0.00264,-0.00272,-16.3
113.6601,0.001951,0.001948,0.003,-0.00261,-0.00251,-15.0
113.6801,0.001900,0.001898,0.002,-0.00259,-0.00253,-15.2
113.7001,0.001848,0.001848,0.000,-0.00256,-0.00257,-15.4
113.7201,0.001798,0.001794,0.004,-0.00254,-0.00241,-14.5
113.7401,0.001748,0.001745,0.002,-0.00251,-0.00246,-14.8
113.7601,0.001698,0.001702,-0.004,-0.00249,-0.00265,-15.9
113.7801,0.001649,0.001651,-0.002,-0.00246,-0.00250,-15.0
113.8001,0.001600,0.001597,0.003,-0.00243,-0.00232,-13.9
113.8201,0.001552,0.001554,-0.001,-0.00241,-0.00247,-14.8
113.8401,0.001505,0.001509,-0.004,-0.00238,-0.00250,-15.0
113.8601,0.001458,0.001455,0.003,-0.00235,-0.00222,-13.3
113.8801,0.001412,0.001407,0.005,-0.00232,-0.00218,-13.1
113.9002,0.001366,0.001365,0.001,-0.00230,-0.00231,-13.9
113.9201,0.001321,0.001317,0.004,-0.00225,-0.00212,-12.7
113.9401,0.001276,0.001266,0.010,-0.00223,-0.00191,-11.5
113.9601,0.001233,0.001226,0.006,-0.00220,-0.00205,-12.3
113.9801,0.001189,0.001191,-0.002,-0.00218,-0.00227,-13.6
114.0001,0.001147,0.001148,-0.001,-0.00214,-0.00216,-13.0
114.0201,0.001105,0.001101,0.004,-0.00211,-0.00198,-11.9
114.0401,0.001063,0.001064,-0.001,-0.00208,-0.00212,-12.7
114.0601,0.001022,0.001026,-0.004,-0.00205,-0.00218,-13.1
114.0802,0.000982,0.000980,0.002,-0.00202,-0.00193,-11.6
114.1001,0.000943,0.000935,0.008,-0.00197,-0.00171,-10.2
114.1201,0.000904,0.000897,0.007,-0.00194,-0.00176,-10.5
114.1401,0.000866,0.000865,0.001,-0.00191,-0.00190,-11.4
114.1601,0.000829,0.000825,0.004,-0.00188,-0.00176,-10.6
114.1801,0.000792,0.000786,0.006,-0.00184,-0.00164,-9.9
114.2001,0.000756,0.000751,0.005,-0.00181,-0.00167,-10.0
114.2201,0.000721,0.000722,-0.001,-0.00177,-0.00183,-11.0
114.2401,0.000687,0.000690,-0.003,-0.00173,-0.00183,-11.0
114.2601,0.000653,0.000651,0.001,-0.00170,-0.00163,-9.8
114.2801,0.000620,0.000614,0.006,-0.00166,-0.00148,-8.9
114.3001,0.000588,0.000584,0.003,-0.00162,-0.00154,-9.2
114.3201,0.000556,0.000559,-0.002,-0.00158,-0.00168,-10.1
114.3401,0.000526,0.000530,-0.004,-0.00155,-0.00167,-10.0
114.3602,0.000495,0.000493,0.003,-0.00151,-0.00140,-8.4
114.3801,0.000466,0.000456,0.010,-0.00146,-0.00114,-6.8
114.4001,0.000438,0.000430,0.008,-0.00143,-0.00120,-7.2
114.4201,0.000411,0.000409,0.002,-0.00139,-0.00136,-8.2
114.4401,0.000384,0.000386,-0.002,-0.00135,-0.00144,-8.6
114.4601,0.000358,0.000358,-0.000,-0.00131,-0.00130,-7.8
114.4801,0.000333,0.000326,0.007,-0.00126,-0.00102,-6.1
114.5001,0.000309,0.000297,0.012,-0.00122,-0.00087,-5.2
114.5201,0.000285,0.000276,0.009,-0.00118,-0.00094,-5.7
114.5401,0.000263,0.000260,0.003,-0.00114,-0.00109,-6.6
114.5601,0.000241,0.000241,-0.000,-0.00109,-0.00112,-6.7
114.5801,0.000220,0.000221,-0.000,-0.00105,-0.00106,-6.4
114.6001,0.000200,0.000199,0.002,-0.00101,-0.00095,-5.7
114.6202,0.000181,0.000179,0.002,-0.00097,0.00000,0.0
114.6401,0.000163,0.000161,0.002,-0.00091,0.00000,0.0
114.6602,0.000146,0.000160,-0.014,-0.00088,0.00000,0.0
114.6802,0.000130,0.000159,-0.030,-0.00083,-0.00176,-10.6
114.7002,0.000114,0.000153,-0.039,-0.00078,-0.00193,-11.6
114.7201,0.000100,0.000113,-0.013,-0.00073,0.00000,0.0
114.7401,0.000086,0.000082,0.004,-0.00069,0.00000,0.0
114.7601,0.000074,0.000082,-0.008,-0.00064,0.00000,0.0
114.7801,0.000062,0.000082,-0.020,-0.00059,0.00000,0.0
114.8001,0.000051,0.000082,-0.030,-0.00054,-0.00146,-8.8
114.8201,0.000042,0.000078,-0.036,-0.00050,-0.00153,-9.2
114.8401,0.000033,0.000050,-0.017,-0.00045,0.00000,0.0
114.8601,0.000025,0.000027,-0.001,-0.00040,0.00000,0.0
114.8801,0.000019,0.000027,-0.008,-0.00035,0.00000,0.0
114.9001,0.000013,0.000027,-0.014,-0.00030,0.00000,0.0
114.9201,0.000008,0.000027,-0.018,-0.00025,0.00000,0.0
114.9401,0.000005,0.000027,-0.022,-0.00020,0.00000,0.0
114.9601,0.000002,0.000027,-0.025,-0.00014,0.00000,0.0
114.9801,0.000001,0.000027,-0.026,-0.00009,0.00000,0.0
115.0001,0.000000,0.000027,-0.027,-0.00004,0.00000,0.0
115.0201,0.000000,0.000027,-0.027,-0.00001,0.00000,0.0
115.0401,0.000000,0.000027,-0.027,-0.00000,0.00000,0.0
115.0601,0.000000,0.000027,-0.027,-0.00000,0.00000,0.0
115.0801,0.000000,0.000027,-0.027,-0.00000,0.00000,0.0
115.1001,0.000000,0.000027,-0.027,-0.00000,0.00000,0.0
115.1201,0.000000,0.000027,-0.027,-0.00000,0.00000,0.0
115.1401,0.000000,0.000027,-0.027,-0.00000,0.00000,0.0
115.1601,0.000000,0.000027,-0.027,-0.00000,0.00000,0.0
115.1801,0.000000,0.000027,-0.027,-0.00000,0.00000,0.0
115.2001,0.000000,0.000027,-0.027,-0.00000,0.00000,0.0
115.2201,0.000000,0.000028,-0.028,-0.00000,0.00000,0.0
115.2401,0.000000,0.000028,-0.028,-0.00000,0.00000,0.0
115.2601,0.000000,0.000028,-0.028,-0.00000,0.00000,0.0
115.2801,0.000000,0.000028,-0.028,-0.00000,0.00000,0.0
115.3001,0.000000,0.000029,-0.029,-0.00000,0.00000,0.0
115.3201,0.000000,0.000029,-0.029,-0.00000,0.00000,0.0
115.3401,0.000000,0.000029,-0.029,-0.00000,0.00000,0.0
115.3601,0.000000,0.000029,-0.029,-0.00000,0.00000,0.0
115.3801,0.000000,0.000030,-0.030,-0.00000,0.00000,0.0
115.4001,0.000000,0.000030,-0.030,-0.00000,0.00000,0.0
115.4201,0.000000,0.000031,-0.031,-0.00000,0.00000,0.0
115.4401,0.000000,0.000031,-0.031,-0.00000,0.00000,0.0
115.4601,0.000000,0.000032,-0.032,-0.00000,0.00000,0.0
115.4801,0.000000,0.000032,-0.032,-0.00000,0.00000,0.0
115.5001,0.000000,0.000033,-0.033,-0.00000,0.00000,0.0
115.5202,0.000000,0.000033,-0.033,-0.00000,0.00000,0.0
115.5401,0.000000,0.000034,-0.034,-0.00000,0.00000,0.0
115.5601,0.000000,0.000034,-0.034,-0.00000,0.00000,0.0
115.5801,0.000000,0.000035,-0.035,-0.00000,0.00000,0.0
115.6002,0.000000,0.000036,-0.036,-0.00000,0.00000,0.0
115.6202,0.000000,0.000036,-0.036,-0.00000,0.00000,0.0
115.6401,0.000000,0.000037,-0.037,-0.00000,0.00000,0.0
115.6601,0.000000,0.000038,-0.038,-0.00000,0.00000,0.0
115.6801,0.000000,0.000038,-0.038,-0.00000,0.00000,0.0
115.7001,0.000000,0.000039,-0.039,-0.00000,0.00000,0.0
115.7201,0.000000,0.000040,-0.040,-0.00000,0.00000,0.0
115.7401,0.000000,0.000040,-0.040,-0.00000,0.00000,0.0
115.7601,0.000000,0.000041,-0.041,-0.00000,0.00000,0.0
115.7801,0.000000,0.000042,-0.042,-0.00000,0.00000,0.0
115.8001,0.000000,0.000043,-0.043,-0.00000,0.00000,0.0
115.8201,0.000000,0.000044,-0.044,-0.00000,0.00000,0.0
115.8401,0.000000,0.000045,-0.045,-0.00000,0.00000,0.0
115.8601,0.000000,0.000046,-0.046,-0.00000,0.00000,0.0
115.8801,0.000000,0.000046,-0.046,-0.00000,0.00000,0.0
115.9001,0.000000,0.000046,-0.046,-0.00000,0.00000,0.0
115.9202,0.000000,0.000045,-0.045,-0.00000,0.00000,0.0
115.9402,0.000000,0.000043,-0.043,-0.00000,0.00000,0.0
115.9602,0.000000,0.000041,-0.041,-0.00000,0.00000,0.0
115.9802,0.000000,0.000039,-0.039,-0.00000,0.00000,0.0
116.0001,0.000000,0.000037,-0.037,-0.00000,0.00000,0.0
116.0202,0.000000,0.000035,-0.035,-0.00000,0.00000,0.0
116.0402,0.000000,0.000034,-0.034,-0.00000,0.00000,0.0
116.0602,0.000000,0.000032,-0.032,-0.00000,0.00000,0.0
116.0802,0.000000,0.000031,-0.031,-0.00000,0.00000,0.0
116.1001,0.000000,0.000031,-0.031,-0.00000,0.00000,0.0
116.1202,0.000000,0.000030,-0.030,-0.00000,0.00000,0.0
116.1402,0.000000,0.000030,-0.030,-0.00000,0.00000,0.0
116.1602,0.000000,0.000029,-0.029,-0.00000,0.00000,0.0
116.1802,0.000000,0.000029,-0.029,-0.00000,0.00000,0.0
116.2002,0.000000,0.000029,-0.029,-0.00000,0.00000,0.0
116.2202,0.000000,0.000029,-0.029,-0.00000,0.00000,0.0
116.2402,0.000000,0.000028,-0.028,-0.00000,0.00000,0.0
116.2602,0.000000,0.000028,-0.028,-0.00000,0.00000,0.0
116.2802,0.000000,0.000028,-0.028,-0.00000,0.00000,0.0
116.3002,0.000000,0.000028,-0.028,-0.00000,0.00000,0.0
116.3202,0.000000,0.000028,-0.028,-0.00000,0.00000,0.0
116.3402,0.000000,0.000028,-0.028,-0.00000,0.00000,0.0
116.3602,0.000000,0.000028,-0.028,-0.00000,0.00000,0.0
116.3802,0.000000,0.000028,-0.028,-0.00000,0.00000,0.0
116.4002,0.000000,0.000028,-0.028,-0.00000,0.00000,0.0
116.4202,0.000000,0.000027,-0.027,-0.00000,0.00000,0.0
116.4402,0.000000,0.000027,-0.027,-0.00000,0.00000,0.0
116.4602,0.000000,0.000027,-0.027,-0.00000,0.00000,0.0
116.4802,0.000000,0.000027,-0.027,-0.00000,0.00000,0.0
116.5002,0.000000,0.000027,-0.027,-0.00000,0.00000,0.0
116.5202,0.000000,0.000027,-0.027,-0.00000,0.00000,0.0
116.5402,0.000000,0.000027,-0.027,-0.00000,0.00000,0.0
116.5601,0.000000,0.000027,-0.027,-0.00000,0.00000,0.0
116.5802,0.000000,0.000027,-0.027,-0.00000,0.00000,0.0
116.6002,0.000000,0.000027,-0.027,-0.00000,0.00000,0.0
116.6202,0.000000,0.000027,-0.027,-0.00000,0.00000,0.0
116.6402,0.000000,0.000027,-0.027,-0.00000,0.00000,0.0
116.6602,0.000000,0.000027,-0.027,-0.00000,0.00000,0.0
116.6802,0.000000,0.000027,-0.027,-0.00000,0.00000,0.0
116.7002,0.000000,0.000027,-0.027,-0.00000,0.00000,0.0
116.7202,0.000000,0.000027,-0.027,-0.00000,0.00000,0.0
116.7402,0.000000,0.000027,-0.027,-0.00000,0.00000,0.0
116.7602,0.000000,0.000027,-0.027,-0.00000,0.00000,0.0
116.7802,0.000000,0.000027,-0.027,-0.00000,0.00000,0.0
116.8001,0.000000,0.000027,-0.027,-0.00000,0.00000,0.0
116.8202,0.000000,0.000027,-0.027,-0.00000,0.00000,0.0
116.8402,0.000000,0.000026,-0.026,-0.00000,0.00000,0.0
116.8602,0.000000,0.000026,-0.026,-0.00000,0.00000,0.0
116.8802,0.000000,0.000026,-0.026,-0.00000,0.00000,0.0
116.9002,0.000000,0.000026,-0.026,-0.00000,0.00000,0.0
116.9201,0.000000,0.000027,-0.027,-0.00000,0.00000,0.0
116.9402,0.000000,0.000027,-0.027,-0.00000,0.00000,0.0
116.9602,0.000000,0.000027,-0.027,-0.00000,0.00000,0.0
116.9802,0.000000,0.000027,-0.027,-0.00000,0.00000,0.0
117.0002,0.000000,0.000027,-0.027,-0.00000,0.00000,0.0
117.0202,0.000000,0.000026,-0.026,-0.00000,0.00000,0.0
117.0402,0.000000,0.000027,-0.027,-0.00000,0.00000,0.0
117.0603,0.000000,0.000026,-0.026,-0.00000,0.00000,0.0
117.0802,0.000000,0.000026,-0.026,-0.00000,0.00000,0.0
117.1002,0.000000,0.000026,-0.026,-0.00000,0.00000,0.0
117.1202,0.000000,0.000026,-0.026,-0.00000,0.00000,0.0
117.1402,0.000000,0.000026,-0.026,-0.00000,0.00000,0.0
117.1602,0.000000,0.000026,-0.026,-0.00000,0.00000,0.0
117.1802,0.000000,0.000026,-0.026,-0.00000,0.00000,0.0
117.2001,0.000000,0.000026,-0.026,-0.00000,0.00000,0.0
117.2202,0.000000,0.000026,-0.026,-0.00000,0.00000,0.0
117.2402,0.000000,0.000025,-0.025,-0.00000,0.00000,0.0
117.2602,0.000000,0.000025,-0.025,-0.00000,0.00000,0.0
117.2802,0.000000,0.000024,-0.024,-0.00000,0.00000,0.0
117.3002,0.000000,0.000022,-0.022,-0.00000,0.00000,0.0
117.3202,0.000000,0.000020,-0.020,-0.00000,0.00000,0.0
117.3402,0.000000,0.000018,-0.018,-0.00000,0.00000,0.0
117.3602,0.000000,0.000016,-0.016,-0.00000,0.00000,0.0
117.3802,0.000000,0.000014,-0.014,-0.00000,0.00000,0.0
117.4002,0.000000,0.000012,-0.012,-0.00000,0.00000,0.0
117.4202,0.000000,0.000009,-0.009,-0.00000,0.00000,0.0
117.4402,0.000000,0.000006,-0.006,-0.00000,0.00000,0.0
117.4602,0.000000,0.000004,-0.004,-0.00000,0.00000,0.0
117.4802,0.000000,0.000001,-0.001,-0.00000,0.00000,0.0
117.5002,0.000000,-0.000002,0.002,-0.00000,0.00000,0.0
117.5202,0.000000,-0.000006,0.006,-0.00000,0.00000,0.0
117.5402,0.000000,-0.000010,0.010,-0.00000,0.00000,0.0
117.5602,0.000000,-0.000015,0.015,-0.00000,0.00000,0.0
117.5801,0.000000,-0.000019,0.019,-0.00000,0.00000,0.0
117.6002,0.000000,-0.000021,0.021,-0.00000,0.00061,3.7
117.6201,0.000000,-0.000020,0.020,-0.00000,0.00056,3.3
117.6401,0.000000,-0.000016,0.016,-0.00000,0.00000,0.0
117.6601,0.000000,-0.000013,0.013,-0.00000,0.00000,0.0
117.6801,0.000000,-0.000012,0.012,-0.00000,0.00000,0.0
117.7001,0.000000,-0.000012,0.012,-0.00000,0.00000,0.0
117.7201,0.000000,-0.000011,0.011,-0.00000,0.00000,0.0
117.7401,0.000000,-0.000011,0.011,-0.00000,0.00000,0.0
117.7601,0.000000,-0.000011,0.011,-0.00000,0.00000,0.0
117.7801,0.000000,-0.000010,0.010,-0.00000,0.00000,0.0
117.8001,0.000000,-0.000010,0.010,-0.00000,0.00000,0.0
117.8201,0.000000,-0.000010,0.010,-0.00000,0.00000,0.0
117.8401,0.000000,-0.000010,0.010,-0.00000,0.00000,0.0
117.8601,0.000000,-0.000010,0.010,-0.00000,0.00000,0.0
117.8801,0.000000,-0.000010,0.010,-0.00000,0.00000,0.0
117.9001,0.000000,-0.000010,0.010,-0.00000,0.00000,0.0
117.9201,0.000000,-0.000010,0.010,-0.00000,0.00000,0.0
117.9401,0.000000,-0.000010,0.010,-0.00000,0.00000,0.0
117.9601,0.000000,-0.000010,0.010,-0.00000,0.00000,0.0
117.9801,0.000000,-0.000009,0.009,-0.00000,0.00000,0.0
118.0002,0.000000,-0.000009,0.009,-0.00000,0.00000,0.0
118.0202,0.000000,-0.000009,0.009,-0.00000,0.00000,0.0
118.0401,0.000000,-0.000009,0.009,-0.00000,0.00000,0.0
118.0602,0.000000,-0.000009,0.009,-0.00000,0.00000,0.0
118.0801,0.000000,-0.000009,0.009,-0.00000,0.00000,0.0
118.1002,0.000000,-0.000009,0.009,-0.00000,0.00000,0.0
118.1201,0.000000,-0.000009,0.009,-0.00000,0.00000,0.0
118.1401,0.000000,-0.000009,0.009,-0.00000,0.00000,0.0
118.1602,0.000000,-0.000009,0.009,-0.00000,0.00000,0.0
118.1802,0.000000,-0.000009,0.009,-0.00000,0.00000,0.0
118.2001,0.000000,-0.000009,0.009,-0.00000,0.00000,0.0
118.2202,0.000000,-0.000010,0.010,-0.00000,0.00000,0.0
118.2402,0.000000,-0.000010,0.010,-0.00000,0.00000,0.0
118.2602,0.000000,-0.000010,0.010,-0.00000,0.00000,0.0
118.2802,0.000000,-0.000011,0.011,-0.00000,0.00000,0.0
118.3002,0.000000,-0.000012,0.012,-0.00000,0.00000,0.0
118.3202,0.000000,-0.000013,0.013,-0.00000,0.00000,0.0
118.3402,0.000000,-0.000014,0.014,-0.00000,0.00000,0.0
118.3602,0.000000,-0.000017,0.017,-0.00000,0.00000,0.0
118.3802,0.000000,-0.000020,0.020,-0.00000,0.00000,0.0
118.4002,0.000000,-0.000024,0.024,-0.00000,0.00071,4.3
118.4201,0.000000,-0.000028,0.028,-0.00000,0.00080,4.8
118.4401,0.000000,-0.000027,0.027,-0.00000,0.00074,4.4
118.4601,0.000000,-0.000025,0.025,-0.00000,0.00069,4.1
118.4802,0.000000,-0.000023,0.023,-0.00000,0.00065,3.9
118.5002,0.000000,-0.000022,0.022,-0.00000,0.00061,3.7
118.5202,0.000000,-0.000020,0.020,-0.00000,0.00000,0.0
118.5401,0.000000,-0.000019,0.019,-0.00000,0.00000,0.0
118.5601,0.000000,-0.000020,0.020,-0.00000,0.00058,3.5
118.5801,0.000000,-0.000021,0.021,-0.00000,0.00058,3.5
118.6001,0.000000,-0.000020,0.020,-0.00000,0.00000,0.0
118.6201,0.000000,-0.000021,0.021,-0.00000,0.00058,3.5
118.6401,0.000000,-0.000021,0.021,-0.00000,0.00058,3.5
118.6602,0.000000,-0.000019,0.019,-0.00000,0.00000,0.0
118.6801,0.000000,-0.000019,0.019,-0.00000,0.00000,0.0
118.7002,0.000000,-0.000021,0.021,-0.00000,0.00059,3.5
118.7201,0.000000,-0.000019,0.019,-0.00000,0.00000,0.0
118.7401,0.000000,-0.000018,0.018,-0.00000,0.00000,0.0
118.7601,0.000000,-0.000020,0.020,-0.00000,0.00000,0.0
118.7801,0.000000,-0.000021,0.021,-0.00000,0.00059,3.5
118.8001,0.000000,-0.000019,0.019,-0.00000,0.00000,0.0
118.8201,0.000000,-0.000016,0.016,-0.00000,0.00000,0.0
118.8401,0.000000,-0.000017,0.017,-0.00000,0.00000,0.0
118.8601,0.000000,-0.000018,0.018,-0.00000,0.00000,0.0
118.8802,0.000000,-0.000018,0.018,-0.00000,0.00000,0.0
118.9001,0.000000,-0.000018,0.018,-0.00000,0.00000,0.0
118.9202,0.000000,-0.000018,0.018,-0.00000,0.00000,0.0
118.9402,0.000000,-0.000018,0.018,-0.00000,0.00000,0.0
118.9602,0.000000,-0.000019,0.019,-0.00000,0.00000,0.0
118.9802,0.000000,-0.000018,0.018,-0.00000,0.00000,0.0
119.0002,0.000000,-0.000019,0.019,-0.00000,0.00000,0.0
119.0202,0.000000,-0.000019,0.019,-0.00000,0.00000,0.0
119.0403,0.000000,-0.000020,0.020,-0.00000,0.00058,3.5
119.0601,0.000000,-0.000020,0.020,-0.00000,0.00056,3.4
119.0801,0.000000,-0.000018,0.018,-0.00000,0.00000,0.0
119.1001,0.000000,-0.000018,0.018,-0.00000,0.00000,0.0
119.1201,0.000000,-0.000020,0.020,-0.00000,0.00000,0.0
119.1401,0.000000,-0.000021,0.021,-0.00000,0.00061,3.6
119.1601,0.000000,-0.000021,0.021,-0.00000,0.00060,3.6
119.1801,0.000000,-0.000019,0.019,-0.00000,0.00000,0.0
119.2001,0.000000,-0.000020,0.020,-0.00000,0.00057,3.4
119.2201,0.000000,-0.000021,0.021,-0.00000,0.00060,3.6
119.2401,0.000000,-0.000020,0.020,-0.00000,0.00000,0.0
119.2601,0.000000,-0.000021,0.021,-0.00000,0.00059,3.6
119.2801,0.000000,-0.000022,0.022,-0.00000,0.00062,3.7
119.3001,0.000000,-0.000020,0.020,-0.00000,0.00056,3.4
119.3201,0.000000,-0.000020,0.020,-0.00000,0.00000,0.0
119.3401,0.000000,-0.000021,0.021,-0.00000,0.00059,3.5
119.3602,0.000000,-0.000021,0.021,-0.00000,0.00058,3.5
119.3801,0.000000,-0.000020,0.020,-0.00000,0.00000,0.0
119.4001,0.000000,-0.000021,0.021,-0.00000,0.00060,3.6
119.4201,0.000000,-0.000022,0.022,-0.00000,0.00061,3.6
119.4402,0.000000,-0.000020,0.020,-0.00000,0.00000,0.0
119.4601,0.000000,-0.000020,0.020,-0.00000,0.00058,3.5
119.4801,0.000000,-0.000022,0.022,-0.00000,0.00061,3.7
119.5001,0.000000,-0.000020,0.020,-0.00000,0.00000,0.0
119.5201,0.000000,-0.000020,0.020,-0.00000,0.00057,3.4
119.5402,0.000000,-0.000021,0.021,-0.00000,0.00060,3.6
119.5601,0.000000,-0.000018,0.018,-0.00000,0.00000,0.0
119.5801,0.000000,-0.000015,0.015,-0.00000,0.00000,0.0
119.6001,0.000000,-0.000014,0.014,-0.00000,0.00000,0.0
119.6201,0.000000,-0.000012,0.012,-0.00000,0.00000,0.0
119.6401,0.000000,-0.000006,0.006,-0.00000,0.00000,0.0
119.6601,0.000000,0.000013,-0.013,-0.00000,0.00000,0.0
119.6801,0.000000,0.000043,-0.043,-0.00000,0.00000,0.0
119.7002,0.000000,0.000071,-0.071,-0.00000,-0.00216,-12.9
119.7200,0.000000,0.000091,-0.091,-0.00000,-0.00266,-16.0
119.7401,0.000000,0.000090,-0.090,-0.00000,-0.00253,-15.2
119.7601,0.000000,0.000090,-0.090,-0.00000,-0.00251,-15.0
119.7802,0.000000,0.000086,-0.086,-0.00000,-0.00240,-14.4
119.8001,0.000000,0.000077,-0.077,-0.00000,-0.00209,-12.6
119.8201,0.000000,0.000060,-0.060,-0.00000,-0.00159,-9.5
119.8401,0.000000,0.000040,-0.040,-0.00000,0.00000,0.0
119.8601,0.000000,0.000029,-0.029,-0.00000,0.00000,0.0
119.8802,0.000000,0.000032,-0.032,-0.00000,0.00000,0.0
119.9002,0.000000,0.000033,-0.033,-0.00000,0.00000,0.0
119.9202,0.000000,0.000034,-0.034,-0.00000,0.00000,0.0
119.9402,0.000000,0.000035,-0.035,-0.00000,0.00000,0.0
119.9602,0.000000,0.000035,-0.035,-0.00000,0.00000,0.0
119.9802,0.000000,0.000036,-0.036,-0.00000,0.00000,0.0
120.0002,0.000000,0.000036,-0.036,-0.00000,0.00000,0.0
