t_wall_s,event,target_m,commanded_m,measured_m,v_ff,v_des,v_cmd,rpm,follow,armed,panic,poll_ok,dt_wall_ms,last_rpm_cmd,mb_fail_n,freeze_flag,arm_good
0.0495,,0.328566,0.328566,0.328561,-0.119953,-0.119815,-0.018861,-113.167795,1,1,0,1,23.576624,-113,0,0,0
0.0734,,0.328566,0.328566,0.328548,-0.023991,-0.023570,-0.023570,-141.419056,1,1,0,1,31.408724,-141,0,0,0
0.1117,,0.328566,0.328566,0.328132,-0.004798,0.006832,-0.004446,-26.673313,1,1,0,1,23.905363,-27,0,0,0
0.1474,,0.328566,0.328566,0.327271,-0.000956,0.027317,0.026132,156.790271,1,1,0,1,38.221580,157,0,0,0
0.1731,,0.328567,0.328567,0.327090,-0.000182,0.027519,0.027519,165.113284,1,1,0,1,35.746167,165,0,0,0
0.1997,,0.328568,0.328568,0.327392,0.000007,0.018581,0.018581,111.485202,1,1,0,1,25.643945,111,0,0,0
0.2315,,0.328571,0.328571,0.328171,0.000105,0.000899,0.000899,5.391496,1,1,0,1,26.596203,5,0,0,0
0.2574,,0.328575,0.328575,0.328630,0.000116,-0.004005,-0.004005,-24.028663,1,1,0,1,31.890024,-24,0,0,0
0.2955,,0.328589,0.328589,0.328761,0.000460,-0.003634,-0.003634,-21.805098,1,1,0,1,25.864051,-22,0,0,0
0.3263,,0.328618,0.328618,0.328634,0.000693,0.000000,0.000000,0.000000,1,1,0,1,38.064527,0,0,0,0
0.3520,,0.328648,0.328648,0.328552,0.000927,0.003469,0.003469,20.815188,1,1,0,1,30.858476,21,0,0,0
0.3771,,0.328688,0.328688,0.328560,0.001433,0.004011,0.004011,24.064712,1,1,0,1,25.632276,24,0,0,0
0.4076,,0.328739,0.328739,0.328639,0.001897,0.003451,0.003451,20.706741,1,1,0,1,25.178290,21,0,0,0
0.4386,,0.328837,0.328837,0.328761,0.002962,0.004168,0.004168,25.007417,1,1,0,1,30.470667,25,0,0,0
0.4651,,0.328919,0.328919,0.328847,0.002710,0.003974,0.003974,23.845918,1,1,0,1,30.952740,24,0,0,0
0.4773,,0.329015,0.329015,0.328974,0.003443,0.003939,0.003939,23.634376,1,1,0,1,26.495512,24,0,0,0
0.5210,,0.329157,0.329157,0.329073,0.005217,0.007096,0.007096,42.573845,1,1,0,1,24.963162,43,0,0,0
0.5529,,0.329323,0.329323,0.329233,0.005335,0.006994,0.006994,41.962089,1,1,0,1,31.006489,42,0,0,0
0.5929,,0.329558,0.329558,0.329416,0.006956,0.009867,0.009867,59.199328,1,1,0,1,31.870300,59,0,0,0
0.6187,,0.329690,0.329690,0.329716,0.004037,0.002653,0.002653,15.915972,1,1,0,1,40.005522,16,0,0,0
0.6498,,0.329933,0.329933,0.329985,0.008372,0.007227,0.007227,43.364445,1,1,0,1,25.754550,43,0,0,0
0.6838,,0.330207,0.330207,0.330109,0.008701,0.011518,0.011518,69.110819,1,1,0,1,31.115679,69,0,0,0
0.7145,,0.330575,0.330575,0.330325,0.010416,0.015905,0.015905,95.428735,1,1,0,1,33.982792,95,0,0,0
0.7458,,0.330846,0.330846,0.330693,0.009138,0.011194,0.011194,67.163377,1,1,0,1,30.719865,67,0,0,0
0.7722,,0.331138,0.331138,0.331174,0.009273,0.007291,0.007291,43.744684,1,1,0,1,31.324950,44,0,0,0
0.7968,,0.331450,0.331450,0.331450,0.011326,0.011635,0.011635,69.811127,1,1,0,1,26.391811,70,0,0,0
0.8221,,0.331784,0.331784,0.331641,0.013129,0.016981,0.016981,101.886622,1,1,0,1,24.567736,102,0,0,0
0.8545,,0.332324,0.332324,0.332043,0.019695,0.025951,0.025951,155.708566,1,1,0,1,25.336725,156,0,0,0
0.8916,,0.332812,0.332812,0.332664,0.015969,0.017722,0.017722,106.330041,1,1,0,1,32.429754,106,0,0,0
0.9289,,0.333442,0.333442,0.333468,0.016809,0.015299,0.015299,91.796457,1,1,0,1,37.022289,92,0,0,0
0.9417,,0.334121,0.334121,0.334232,0.017896,0.015395,0.015395,92.370252,1,1,0,1,37.384949,92,0,0,0
0.9973,,0.334601,0.334601,0.334502,0.018883,0.022524,0.022524,135.144616,1,1,0,1,25.095754,135,0,0,0
1.0292,,0.335494,0.335494,0.335405,0.020273,0.021821,0.021821,130.926047,1,1,0,1,43.277313,131,0,0,0
1.0726,,0.336311,0.336311,0.336254,0.024562,0.025367,0.025367,152.202229,1,1,0,1,31.890120,152,0,0,0
1.1063,,0.337177,0.337177,0.336915,0.020877,0.026634,0.026634,159.805878,1,1,0,1,43.363930,160,0,0,0
1.1460,,0.337780,0.337780,0.337979,0.018468,0.011868,0.011868,71.208303,1,1,0,1,33.761614,71,0,0,0
1.1726,,0.338723,0.338723,0.338794,0.022736,0.022185,0.022185,133.108024,1,1,0,1,39.635897,133,0,0,0
1.2055,,0.339378,0.339378,0.339138,0.024205,0.031089,0.031089,186.536200,1,1,0,1,26.628686,187,0,0,0
1.2359,,0.340223,0.340223,0.340047,0.025409,0.028149,0.028149,168.891316,1,1,0,1,32.899834,169,0,0,0
1.2765,,0.341100,0.341100,0.340827,0.028148,0.033752,0.033752,202.513991,1,1,0,1,30.390820,203,0,0,0
1.3046,,0.342005,0.342005,0.341969,0.023468,0.022853,0.022853,137.115159,1,1,0,1,40.621227,137,0,0,0
1.3408,,0.342751,0.342751,0.342902,0.025889,0.021697,0.021697,130.181920,1,1,0,1,28.131958,130,0,0,0
1.3843,,0.343902,0.343902,0.343849,0.030686,0.032888,0.032888,197.325940,1,1,0,1,36.110401,197,0,0,0
1.4097,,0.345092,0.345092,0.344740,0.027996,0.035848,0.035848,215.087650,1,1,0,1,43.550961,215,0,0,0
1.4411,,0.346112,0.346112,0.345790,0.037711,0.043233,0.043233,259.396218,1,1,0,1,25.405695,259,0,0,0
1.4728,,0.346945,0.346945,0.346697,0.028749,0.032695,0.032695,196.170233,1,1,0,1,31.440209,196,0,0,0
1.5049,,0.348008,0.348008,0.348061,0.032590,0.029540,0.029540,177.240765,1,1,0,1,31.679881,177,0,0,0
1.5297,,0.349093,0.349093,0.349106,0.033603,0.033650,0.033650,201.898660,1,1,0,1,32.051720,202,0,0,0
1.5610,,0.349977,0.349977,0.350059,0.035162,0.033060,0.033060,198.360842,1,1,0,1,24.846237,198,0,0,0
1.5942,,0.351099,0.351099,0.351126,0.035707,0.035594,0.035594,213.565761,1,1,0,1,31.304619,214,0,0,0
1.6309,,0.352470,0.352470,0.351997,0.040166,0.051984,0.051984,311.901777,1,1,0,1,33.212502,312,0,0,0
1.6885,,0.354336,0.354336,0.353367,0.048746,0.069168,0.069168,415.005390,1,1,0,1,36.663368,415,0,0,0
1.7256,,0.356000,0.356000,0.356550,0.032838,0.017135,0.023045,138.272910,1,1,0,1,57.652600,138,0,0,0
1.7702,,0.357688,0.357688,0.359076,0.043051,0.013109,0.013109,78.655368,1,1,0,1,37.035422,79,0,0,0
1.8065,,0.359153,0.359153,0.361038,0.034861,-0.001526,-0.001526,-9.155060,1,1,0,1,44.632414,-9,0,0,0
1.8372,,0.360630,0.360630,0.361735,0.039508,0.024351,0.024351,146.104358,1,1,0,1,36.325260,146,0,0,0
1.8745,,0.361869,0.361869,0.361766,0.040197,0.050715,0.048903,293.420486,1,1,0,1,30.690860,293,0,0,0
1.9071,,0.363114,0.363114,0.362273,0.034734,0.054220,0.054220,325.321669,1,1,0,1,37.296427,325,0,0,0
1.9377,,0.364612,0.364612,0.363524,0.043737,0.065002,0.065002,390.014684,1,1,0,1,32.584136,390,0,0,0
1.9741,,0.365863,0.365863,0.365502,0.041476,0.042742,0.042742,256.450861,1,1,0,1,30.581819,256,0,0,0
2.0102,,0.367365,0.367365,0.367812,0.041327,0.028392,0.028392,170.352013,1,1,0,1,36.374467,170,0,0,0
2.0405,,0.368616,0.368616,0.369296,0.035915,0.022255,0.022255,133.531582,1,1,0,1,36.172677,134,0,0,0
2.0714,,0.370112,0.370112,0.370337,0.046741,0.046005,0.046005,276.030789,1,1,0,1,30.258796,276,0,0,0
2.1097,,0.371353,0.371353,0.370916,0.041538,0.054144,0.054144,324.864150,1,1,0,1,30.858909,325,0,0,0
2.1415,,0.372835,0.372835,0.372408,0.039216,0.046837,0.046837,281.024183,1,1,0,1,38.344456,281,0,0,0
2.1663,,0.373816,0.373816,0.374083,0.032576,0.022959,0.022959,137.753707,1,1,0,1,31.739767,138,0,0,0
2.2048,,0.375034,0.375034,0.375504,0.045764,0.035520,0.035520,213.117410,1,1,0,1,24.825744,213,0,0,0
2.2347,,0.376241,0.376241,0.376608,0.034225,0.028218,0.028218,169.310389,1,1,0,1,38.515498,169,0,0,0
2.2727,,0.377673,0.377673,0.377622,0.045079,0.049072,0.049072,294.431514,1,1,0,1,29.962074,294,0,0,0
2.3036,,0.378851,0.378851,0.378697,0.033850,0.037225,0.037225,223.349222,1,1,0,1,37.942261,223,0,0,0
2.3345,,0.380244,0.380244,0.380107,0.042823,0.045159,0.045159,270.954611,1,1,0,1,30.903539,271,0,0,0
2.3648,,0.381159,0.381159,0.381306,0.032216,0.027540,0.027540,165.240669,1,1,0,1,30.943467,165,0,0,0
2.4017,,0.382508,0.382508,0.382665,0.042081,0.039199,0.039199,235.196828,1,1,0,1,30.304429,235,0,0,0
2.4327,,0.383612,0.383612,0.383584,0.032394,0.034003,0.034003,204.016671,1,1,0,1,36.805881,204,0,0,0
2.4624,,0.384907,0.384907,0.384920,0.039849,0.039339,0.039339,236.036235,1,1,0,1,31.061194,236,0,0,0
2.4867,,0.385753,0.385753,0.385741,0.030761,0.031148,0.031148,186.885258,1,1,0,1,29.686017,187,0,0,0
2.5230,,0.386789,0.386789,0.387073,0.040245,0.032460,0.032460,194.757959,1,1,0,1,24.305534,195,0,0,0
2.5550,,0.387800,0.387800,0.388019,0.030336,0.026778,0.026778,160.668323,1,1,0,1,36.290030,161,0,0,0
2.5860,,0.388785,0.388785,0.389016,0.030686,0.026454,0.026454,158.723546,1,1,0,1,32.012598,159,0,0,0
2.6170,,0.389743,0.389743,0.389710,0.030882,0.033364,0.033364,200.184422,1,1,0,1,30.979117,200,0,0,0
2.6290,,0.390673,0.390673,0.390540,0.030180,0.033282,0.033282,199.694123,1,1,0,1,31.005325,200,0,0,0
2.6793,,0.391397,0.391397,0.391538,0.030122,0.025084,0.025084,150.504142,1,1,0,1,24.030610,151,0,0,0
2.7113,,0.392447,0.392447,0.392568,0.027937,0.025876,0.025876,155.253860,1,1,0,1,38.324494,155,0,0,0
2.7484,,0.393288,0.393288,0.393393,0.026641,0.024854,0.024854,149.123519,1,1,0,1,31.967205,149,0,0,0
2.7860,,0.394413,0.394413,0.394459,0.029581,0.029099,0.029099,174.596915,1,1,0,1,37.117465,175,0,0,0
2.8173,,0.395179,0.395179,0.395265,0.022205,0.020419,0.020419,122.515661,1,1,0,1,37.588363,123,0,0,0
2.8476,,0.396054,0.396054,0.396304,0.026807,0.021153,0.021153,126.920723,1,1,0,1,31.308452,127,0,0,0
2.8722,,0.396611,0.396611,0.396787,0.020106,0.017484,0.017484,104.906383,1,1,0,1,30.224440,105,0,0,0
2.8965,,0.397147,0.397147,0.397305,0.021418,0.018708,0.018708,112.247022,1,1,0,1,24.630746,112,0,0,0
2.9323,,0.397786,0.397786,0.397838,0.025348,0.025384,0.025384,152.303015,1,1,0,1,24.273969,152,0,0,0
2.9680,,0.398623,0.398623,0.398557,0.023773,0.025698,0.025698,154.187717,1,1,0,1,35.833340,154,0,0,0
2.9999,,0.399181,0.399181,0.399449,0.017231,0.010342,0.010342,62.051367,1,1,0,1,35.746512,62,0,0,0
3.0260,,0.399596,0.399596,0.400158,0.013882,0.001723,0.001723,10.340943,1,1,0,1,31.818322,10,0,0,0
3.0515,,0.399970,0.399970,0.400476,0.014247,0.005609,0.005609,33.655398,1,1,0,1,26.103359,34,0,0,0
3.0762,,0.400323,0.400323,0.400520,0.013896,0.013019,0.013019,78.112832,1,1,0,1,25.565890,78,0,0,0
3.1020,,0.400666,0.400666,0.400659,0.013902,0.015851,0.015851,95.107560,1,1,0,1,24.646697,95,0,0,0
3.1276,,0.400915,0.400915,0.400988,0.010519,0.008534,0.008534,51.203772,1,1,0,1,25.786623,51,0,0,0
3.1524,,0.401235,0.401235,0.401381,0.012094,0.008838,0.008838,53.030255,1,1,0,1,25.632284,53,0,0,0
3.1791,,0.401613,0.401613,0.401607,0.014608,0.016054,0.016054,96.326539,1,1,0,1,24.773344,96,0,0,0
3.2104,,0.401902,0.401902,0.401929,0.011568,0.010792,0.010792,64.751384,1,1,0,1,26.708567,65,0,0,0
3.2375,,0.402250,0.402250,0.402355,0.011206,0.008787,0.008787,52.719731,1,1,0,1,31.357650,53,0,0,0
3.2608,,0.402511,0.402511,0.402626,0.009953,0.007817,0.007817,46.903794,1,1,0,1,27.110354,47,0,0,0
3.2867,,0.402765,0.402765,0.402827,0.010701,0.010065,0.010065,60.392495,1,1,0,1,23.260695,60,0,0,0
3.2929,,0.403014,0.403014,0.403030,0.009838,0.009944,0.009944,59.661409,1,1,0,1,25.899656,60,0,0,0
3.3373,,0.403268,0.403268,0.403274,0.010279,0.010250,0.010250,61.498426,1,1,0,1,24.449277,61,0,0,0
3.3636,,0.403543,0.403543,0.403537,0.010481,0.010697,0.010697,64.182983,1,1,0,1,26.139901,64,0,0,0
3.3884,,0.403835,0.403835,0.403817,0.010953,0.011367,0.011367,68.199269,1,1,0,1,26.314879,68,0,0,0
3.4141,,0.404143,0.404143,0.404076,0.012133,0.013785,0.013785,82.710694,1,1,0,1,24.801981,83,0,0,0
3.4385,,0.404464,0.404464,0.404381,0.012433,0.014054,0.014054,84.322262,1,1,0,1,25.671731,84,0,0,0
3.4634,,0.404778,0.404778,0.404729,0.012776,0.013360,0.013360,80.162882,1,1,0,1,24.452144,80,0,0,0
3.4883,,0.405062,0.405062,0.405062,0.011660,0.011211,0.011211,67.263039,1,1,0,1,24.894601,67,0,0,0
3.5111,,0.405295,0.405295,0.405391,0.009841,0.007282,0.007282,43.694258,1,1,0,1,24.858670,44,0,0,0
3.5436,,0.405527,0.405527,0.405640,0.010108,0.007905,0.007905,47.432696,1,1,0,1,22.805889,47,0,0,0
3.5686,,0.405669,0.405669,0.405889,0.005517,0.000829,0.000829,4.974731,1,1,0,1,32.463372,5,0,0,0
3.5935,,0.405773,0.405773,0.406064,0.004406,-0.001478,-0.001478,-8.870978,1,1,0,1,25.084468,-9,0,0,0
3.6179,,0.405849,0.405849,0.406077,0.003322,-0.000241,-0.000241,-1.447816,1,1,0,1,24.905145,-1,0,0,0
3.6419,,0.405907,0.405907,0.406063,0.002587,0.000428,0.000428,2.567575,1,1,0,1,24.364979,3,0,0,0
3.6662,,0.405940,0.405940,0.406065,0.001633,-0.000326,-0.000326,-1.957556,1,1,0,1,23.974174,-2,0,0,0
3.6906,,0.405973,0.405973,0.406067,0.001402,-0.000002,-0.000002,-0.011081,1,1,0,1,24.369837,0,0,0,0
3.7152,,0.406000,0.406000,0.406066,0.001165,0.000233,0.000233,1.398886,1,1,0,1,24.388578,1,0,0,0
3.7400,,0.406015,0.406015,0.406066,0.000703,-0.000104,-0.000104,-0.624428,1,1,0,1,24.517587,-1,0,0,0
3.7477,,0.406025,0.406025,0.406067,0.000491,-0.000154,-0.000154,-0.925695,1,1,0,1,24.808192,-1,0,0,0
3.7701,,0.406033,0.406033,0.406066,0.000343,-0.000177,-0.000177,-1.059998,1,1,0,1,23.981736,-1,0,0,0
3.8185,,0.406049,0.406049,0.406065,0.000615,0.000000,0.000000,0.000000,1,1,0,1,24.174976,0,0,0,0
3.8299,,0.406064,0.406064,0.406065,0.000518,0.000000,0.000000,0.000000,1,1,0,1,30.359449,0,0,0,0
3.8776,,0.406091,0.406091,0.406065,0.000941,0.001632,0.001632,9.790783,1,1,0,1,25.191728,10,0,0,0
3.8996,,0.406120,0.406120,0.406072,0.000868,0.001861,0.001861,11.168770,1,1,0,1,33.937612,11,0,0,0
3.9226,,0.406146,0.406146,0.406099,0.001149,0.002006,0.002006,12.038904,1,1,0,1,21.940723,12,0,0,0
3.9456,,0.406189,0.406189,0.406139,0.001717,0.002633,0.002633,15.799350,1,1,0,1,23.091770,16,0,0,0
3.9764,,0.406241,0.406241,0.406188,0.002156,0.003159,0.003159,18.954071,1,1,0,1,22.969965,19,0,0,0
3.9987,,0.406320,0.406320,0.406264,0.002475,0.003506,0.003506,21.038323,1,1,0,1,30.816273,21,0,0,0
4.0230,,0.406394,0.406394,0.406337,0.003168,0.004223,0.004223,25.336162,1,1,0,1,22.253261,25,0,0,0
4.0532,,0.406479,0.406479,0.406419,0.003419,0.004525,0.004525,27.149717,1,1,0,1,24.318607,27,0,0,0
4.0844,,0.406625,0.406625,0.406567,0.004552,0.005578,0.005578,33.469880,1,1,0,1,30.155311,33,0,0,0
4.1100,,0.406735,0.406735,0.406691,0.003737,0.004426,0.004426,26.555622,1,1,0,1,31.213965,27,0,0,0
4.1365,,0.406825,0.406825,0.406825,0.003541,0.003163,0.003163,18.976684,1,1,0,1,25.657403,19,0,0,0
4.1684,,0.406988,0.406988,0.406928,0.005629,0.007195,0.007195,43.169181,1,1,0,1,26.508570,43,0,0,0
4.1933,,0.407167,0.407167,0.407045,0.005632,0.008283,0.008283,49.696871,1,1,0,1,31.901672,50,0,0,0
4.2194,,0.407283,0.407283,0.407237,0.004848,0.004989,0.004989,29.931912,1,1,0,1,24.872712,30,0,0,0
4.2447,,0.407488,0.407488,0.407436,0.007248,0.008256,0.008256,49.536441,1,1,0,1,26.130809,50,0,0,0
4.2694,,0.407663,0.407663,0.407582,0.007006,0.008730,0.008730,52.379343,1,1,0,1,25.217090,52,0,0,0
4.2943,,0.407849,0.407849,0.407779,0.007377,0.008526,0.008526,51.156311,1,1,0,1,24.776211,51,0,0,0
4.3148,,0.407994,0.407994,0.407998,0.006143,0.005400,0.005400,32.399588,1,1,0,1,24.872420,32,0,0,0
4.3391,,0.408195,0.408195,0.408178,0.009102,0.009649,0.009649,57.895994,1,1,0,1,20.492742,58,0,0,0
4.3702,,0.408460,0.408460,0.408362,0.010556,0.013073,0.013073,78.435356,1,1,0,1,24.275184,78,0,0,0
4.3955,,0.408682,0.408682,0.408616,0.007820,0.008795,0.008795,52.767725,1,1,0,1,31.120413,53,0,0,0
4.4220,,0.408913,0.408913,0.408932,0.008845,0.007774,0.007774,46.644247,1,1,0,1,25.349977,47,0,0,0
4.4467,,0.409152,0.409152,0.409167,0.009002,0.008775,0.008775,52.650258,1,1,0,1,26.445290,53,0,0,0
4.4684,,0.409400,0.409400,0.409367,0.009800,0.010795,0.010795,64.770114,1,1,0,1,24.725661,65,0,0,0
4.4900,,0.409526,0.409526,0.409546,0.006624,0.005744,0.005744,34.466325,1,1,0,1,21.712649,34,0,0,0
4.5143,,0.409785,0.409785,0.409779,0.010939,0.011316,0.011316,67.894855,1,1,0,1,21.545101,68,0,0,0
4.5445,,0.410119,0.410119,0.409978,0.013188,0.016943,0.016943,101.658268,1,1,0,1,24.299127,102,0,0,0
4.5700,,0.410395,0.410395,0.410273,0.009940,0.011990,0.011990,71.940469,1,1,0,1,30.181062,72,0,0,0
4.5949,,0.410677,0.410677,0.410702,0.010846,0.009131,0.009131,54.787254,1,1,0,1,25.512722,55,0,0,0
4.6199,,0.410966,0.410966,0.410976,0.011458,0.011417,0.011417,68.502588,1,1,0,1,24.913854,69,0,0,0
4.6450,,0.411187,0.411187,0.411221,0.009347,0.008529,0.008529,51.175559,1,1,0,1,25.066750,51,0,0,0
4.6736,,0.411564,0.411564,0.411492,0.013913,0.016149,0.016149,96.895209,1,1,0,1,25.004466,97,0,0,0
4.6986,,0.411872,0.411872,0.411731,0.011377,0.014432,0.014432,86.589289,1,1,0,1,28.674071,87,0,0,0
4.7244,,0.412107,0.412107,0.412102,0.009810,0.008691,0.008691,52.144733,1,1,0,1,24.943490,52,0,0,0
4.7505,,0.412506,0.412506,0.412477,0.014312,0.015049,0.015049,90.291004,1,1,0,1,25.837596,90,0,0,0
4.7769,,0.412831,0.412831,0.412723,0.012813,0.015405,0.015405,92.431894,1,1,0,1,26.140637,92,0,0,0
4.8014,,0.413162,0.413162,0.413104,0.012595,0.013222,0.013222,79.333452,1,1,0,1,26.382256,79,0,0,0
4.8264,,0.413413,0.413413,0.413469,0.010720,0.008680,0.008680,52.081890,1,1,0,1,24.519684,52,0,0,0
4.8559,,0.413924,0.413924,0.413843,0.018554,0.021229,0.021229,127.374798,1,1,0,1,24.921742,127,0,0,0
4.8804,,0.414271,0.414271,0.414055,0.013117,0.018017,0.018017,108.100819,1,1,0,1,29.503203,108,0,0,0
4.9023,,0.414623,0.414623,0.414504,0.014122,0.015400,0.015400,92.397982,1,1,0,1,24.480207,92,0,0,0
4.9405,,0.414979,0.414979,0.414974,0.015829,0.014771,0.014771,88.626778,1,1,0,1,21.905742,89,0,0,0
4.9653,,0.415430,0.415430,0.415493,0.012614,0.011085,0.011085,66.510684,1,1,0,1,38.191543,67,0,0,0
4.9910,,0.415795,0.415795,0.415841,0.014272,0.013612,0.013612,81.669483,1,1,0,1,24.865130,82,0,0,0
5.0184,,0.416164,0.416164,0.416132,0.014355,0.015609,0.015609,93.655074,1,1,0,1,25.669452,94,0,0,0
5.0474,,0.416537,0.416537,0.416510,0.013729,0.014161,0.014161,84.968894,1,1,0,1,27.450458,85,0,0,0
5.0792,,0.416913,0.416913,0.416953,0.013122,0.011903,0.011903,71.415023,1,1,0,1,28.978045,71,0,0,0
5.1039,,0.417387,0.417387,0.417401,0.014548,0.014487,0.014487,86.920319,1,1,0,1,31.819189,87,0,0,0
5.1260,,0.417578,0.417578,0.417701,0.009093,0.005893,0.005893,35.358725,1,1,0,1,24.692717,35,0,0,0
5.1520,,0.417865,0.417865,0.418018,0.012221,0.009173,0.009173,55.040038,1,1,0,1,22.104899,55,0,0,0
5.1849,,0.418058,0.418058,0.418201,0.008372,0.005864,0.005864,35.184814,1,1,0,1,25.965617,35,0,0,0
5.2097,,0.418444,0.418444,0.418477,0.011057,0.011214,0.011214,67.286919,1,1,0,1,32.949183,67,0,0,0
5.2383,,0.418735,0.418735,0.418619,0.011622,0.015050,0.015050,90.300693,1,1,0,1,24.750811,90,0,0,0
5.2652,,0.418930,0.418930,0.418950,0.007775,0.006356,0.006356,38.136264,1,1,0,1,28.590073,38,0,0,0
5.2985,,0.419223,0.419223,0.419349,0.010254,0.007127,0.007127,42.764977,1,1,0,1,26.944935,43,0,0,0
5.3220,,0.419517,0.419517,0.419597,0.009108,0.007968,0.007968,47.805084,1,1,0,1,33.287712,48,0,0,0
5.3478,,0.419811,0.419811,0.419771,0.011831,0.013673,0.013673,82.039970,1,1,0,1,23.525630,82,0,0,0
5.3734,,0.420205,0.420205,0.420002,0.014605,0.019666,0.019666,117.993435,1,1,0,1,25.745349,118,0,0,0
5.3995,,0.420600,0.420600,0.420361,0.015251,0.019865,0.019865,119.189193,1,1,0,1,25.643347,119,0,0,0
5.4271,,0.420996,0.420996,0.420874,0.015191,0.016405,0.016405,98.427928,1,1,0,1,26.105601,98,0,0,0
5.4516,,0.421294,0.421294,0.421413,0.011659,0.007593,0.007593,45.560984,1,1,0,1,27.600855,46,0,0,0
5.4777,,0.421790,0.421790,0.421797,0.018558,0.019435,0.019435,116.611036,1,1,0,1,24.468181,117,0,0,0
5.5039,,0.422187,0.422187,0.422027,0.015876,0.020184,0.020184,121.106266,1,1,0,1,26.128837,121,0,0,0
5.5247,,0.422585,0.422585,0.422507,0.015348,0.016049,0.016049,96.292591,1,1,0,1,26.116181,96,0,0,0
5.5539,,0.422982,0.422982,0.422928,0.018332,0.019051,0.019051,114.306018,1,1,0,1,20.821442,114,0,0,0
5.5782,,0.423379,0.423379,0.423419,0.014495,0.013074,0.013074,78.444690,1,1,0,1,29.315899,78,0,0,0
5.6041,,0.423676,0.423676,0.423870,0.012704,0.007818,0.007818,46.908653,1,1,0,1,24.247369,47,0,0,0
5.6291,,0.424072,0.424072,0.424184,0.014773,0.013447,0.013447,80.683777,1,1,0,1,25.871724,81,0,0,0
5.6533,,0.424565,0.424565,0.424380,0.018732,0.024657,0.024657,147.940634,1,1,0,1,25.004925,148,0,0,0
5.6771,,0.424860,0.424860,0.424712,0.013513,0.015829,0.015829,94.975076,1,1,0,1,24.166155,95,0,0,0
5.7022,,0.425350,0.425350,0.425260,0.019144,0.020232,0.020232,121.390369,1,1,0,1,23.851031,121,0,0,0
5.7254,,0.425643,0.425643,0.425678,0.013159,0.011433,0.011433,68.599530,1,1,0,1,25.145075,69,0,0,0
5.7558,,0.426033,0.426033,0.426139,0.016121,0.013530,0.013530,81.182149,1,1,0,1,23.104392,81,0,0,0
5.7805,,0.426421,0.426421,0.426527,0.013449,0.011544,0.011544,69.264643,1,1,0,1,30.361745,69,0,0,0
5.8075,,0.426904,0.426904,0.426843,0.018276,0.020837,0.020837,125.023912,1,1,0,1,24.786710,125,0,0,0
5.8412,,0.427385,0.427385,0.427163,0.017936,0.023259,0.023259,139.554852,1,1,0,1,26.948761,140,0,0,0
5.8640,,0.427672,0.427672,0.427861,0.010412,0.004339,0.004339,26.032794,1,1,0,1,33.720234,26,0,0,0
5.8898,,0.428150,0.428150,0.428396,0.018860,0.013862,0.013862,83.174414,1,1,0,1,22.766738,83,0,0,0
5.9147,,0.428530,0.428530,0.428710,0.015543,0.012878,0.012878,77.270488,1,1,0,1,25.833732,77,0,0,0
5.9399,,0.428909,0.428909,0.429045,0.015281,0.013216,0.013216,79.294499,1,1,0,1,24.908235,79,0,0,0
5.9640,,0.429287,0.429287,0.429356,0.015083,0.014426,0.014426,86.555188,1,1,0,1,25.140035,87,0,0,0
5.9876,,0.429664,0.429664,0.429695,0.015507,0.015293,0.015293,91.759025,1,1,0,1,24.118176,92,0,0,0
6.0121,,0.429945,0.429945,0.430031,0.012650,0.010598,0.010598,63.588960,1,1,0,1,23.617588,64,0,0,0
6.0377,,0.430414,0.430414,0.430393,0.017804,0.019127,0.019127,114.760023,1,1,0,1,24.529018,115,0,0,0
6.0675,,0.430787,0.430787,0.430690,0.015241,0.017665,0.017665,105.989393,1,1,0,1,25.593172,106,0,0,0
6.0911,,0.431253,0.431253,0.431237,0.015539,0.015219,0.015219,91.316568,1,1,0,1,29.836397,91,0,0,0
6.0986,,0.431625,0.431625,0.431640,0.015695,0.015126,0.015126,90.754668,1,1,0,1,23.596329,91,0,0,0
6.1367,,0.431902,0.431902,0.431970,0.013248,0.011512,0.011512,69.072921,1,1,0,1,21.975966,69,0,0,0
6.1621,,0.432272,0.432272,0.432318,0.015179,0.014527,0.014527,87.162455,1,1,0,1,23.586297,87,0,0,0
6.1872,,0.432548,0.432548,0.432647,0.011747,0.009510,0.009510,57.060058,1,1,0,1,25.388177,57,0,0,0
6.2187,,0.433008,0.433008,0.432983,0.016994,0.018509,0.018509,111.055464,1,1,0,1,25.101213,111,0,0,0
6.2429,,0.433465,0.433465,0.433291,0.015026,0.019212,0.019212,115.270241,1,1,0,1,31.499048,115,0,0,0
6.2746,,0.433830,0.433830,0.433754,0.015058,0.015555,0.015555,93.327633,1,1,0,1,24.224858,93,0,0,0
6.2994,,0.434285,0.434285,0.434313,0.014493,0.013250,0.013250,79.500213,1,1,0,1,31.673720,80,0,0,0
6.3239,,0.434647,0.434647,0.434688,0.014604,0.013749,0.013749,82.491862,1,1,0,1,24.760983,82,0,0,0
6.3513,,0.435008,0.435008,0.435017,0.014664,0.014789,0.014789,88.736269,1,1,0,1,24.599816,89,0,0,0
6.3757,,0.435368,0.435368,0.435376,0.013462,0.013330,0.013330,79.980214,1,1,0,1,27.346180,80,0,0,0
6.4007,,0.435727,0.435727,0.435728,0.014466,0.014500,0.014500,87.002555,1,1,0,1,24.374961,87,0,0,0
6.4258,,0.436085,0.436085,0.436092,0.014340,0.014152,0.014152,84.913420,1,1,0,1,24.990140,85,0,0,0
6.4507,,0.436441,0.436441,0.436440,0.014205,0.014284,0.014284,85.702612,1,1,0,1,25.151615,86,0,0,0
6.4595,,0.436796,0.436796,0.436792,0.014262,0.014365,0.014365,86.189458,1,1,0,1,24.884221,86,0,0,0
6.5004,,0.437062,0.437062,0.437091,0.012854,0.011979,0.011979,71.876919,1,1,0,1,21.251278,72,0,0,0
6.5247,,0.437503,0.437503,0.437502,0.014965,0.015235,0.015235,91.410825,1,1,0,1,28.487419,91,0,0,0
6.5511,,0.437855,0.437855,0.437792,0.014611,0.016313,0.016313,97.879990,1,1,0,1,24.227190,98,0,0,0
6.5718,,0.438206,0.438206,0.438196,0.013554,0.013272,0.013272,79.634476,1,1,0,1,26.389669,80,0,0,0
6.5957,,0.438381,0.438381,0.438538,0.009451,0.004857,0.004857,29.141768,1,1,0,1,20.764434,29,0,0,0
6.6196,,0.438817,0.438817,0.438844,0.016477,0.017180,0.017180,103.081820,1,1,0,1,23.917744,103,0,0,0
6.6509,,0.439251,0.439251,0.439020,0.017839,0.024368,0.024368,146.205592,1,1,0,1,23.890285,146,0,0,0
6.6730,,0.439597,0.439597,0.439460,0.012427,0.014232,0.014232,85.389984,1,1,0,1,31.264036,85,0,0,0
6.6976,,0.439770,0.439770,0.439995,0.008678,0.001071,0.001071,6.423173,1,1,0,1,22.309788,6,0,0,0
6.7206,,0.440201,0.440201,0.440379,0.015849,0.013056,0.013056,78.335029,1,1,0,1,24.404928,78,0,0,0
6.7458,,0.440544,0.440544,0.440458,0.015120,0.019203,0.019203,115.219293,1,1,0,1,22.977092,115,0,0,0
6.7770,,0.440971,0.440971,0.440754,0.016596,0.021655,0.021655,129.927803,1,1,0,1,25.203909,130,0,0,0
6.8024,,0.441312,0.441312,0.441367,0.012063,0.009159,0.009159,54.956957,1,1,0,1,31.189199,55,0,0,0
6.8260,,0.441652,0.441652,0.441903,0.013108,0.006887,0.006887,41.323096,1,1,0,1,25.417277,41,0,0,0
6.8516,,0.441906,0.441906,0.442161,0.011219,0.006607,0.006607,39.640417,1,1,0,1,23.634135,40,0,0,0
6.8761,,0.442328,0.442328,0.442329,0.015449,0.017617,0.017617,105.702122,1,1,0,1,25.580492,106,0,0,0
6.9009,,0.442665,0.442665,0.442500,0.014084,0.018547,0.018547,111.282769,1,1,0,1,24.493299,111,0,0,0
6.9260,,0.443001,0.443001,0.442915,0.013628,0.014464,0.014464,86.784876,1,1,0,1,24.831815,87,0,0,0
6.9516,,0.443335,0.443335,0.443375,0.013405,0.011581,0.011581,69.486413,1,1,0,1,25.059510,69,0,0,0
6.9709,,0.443585,0.443585,0.443728,0.010495,0.007035,0.007035,42.211982,1,1,0,1,25.620443,42,0,0,0
7.1355,,0.443941,0.443941,0.444884,0.012051,0.000000,0.000000,0.000000,0,1,0,0,160.939690,0,0,0,0
7.1570,,0.443941,0.443941,0.444883,0.012051,0.000000,0.000000,0.000000,0,1,0,1,20.226307,0,0,0,0
7.1766,,0.443941,0.443941,0.444883,0.012051,0.000000,0.000000,0.000000,0,1,0,1,20.347575,0,0,0,0
7.1965,,0.443941,0.443941,0.444883,0.012051,0.000000,0.000000,0.000000,0,1,0,1,20.222035,0,0,0,0
7.2165,,0.443941,0.443941,0.444884,0.012051,0.000000,0.000000,0.000000,0,1,0,1,20.208347,0,0,0,0
7.2376,,0.443941,0.443941,0.444883,0.012051,0.000000,0.000000,0.000000,0,1,0,1,20.112836,0,0,0,0
7.2576,,0.443941,0.443941,0.444883,0.012051,0.000000,0.000000,0.000000,0,1,0,1,20.114568,0,0,0,0
7.2775,,0.443941,0.443941,0.444883,0.012051,0.000000,0.000000,0.000000,0,1,0,1,20.231690,0,0,0,0
7.2975,,0.443941,0.443941,0.444884,0.012051,0.000000,0.000000,0.000000,0,1,0,1,20.207505,0,0,0,0
7.3176,,0.443941,0.443941,0.444883,0.012051,0.000000,0.000000,0.000000,0,1,0,1,20.232662,0,0,0,0
7.3377,,0.443941,0.443941,0.444883,0.012051,0.000000,0.000000,0.000000,0,1,0,1,20.108415,0,0,0,0
7.3583,,0.443941,0.443941,0.444883,0.012051,0.000000,0.000000,0.000000,0,1,0,1,20.086506,0,0,0,0
7.3783,,0.443941,0.443941,0.444883,0.012051,0.000000,0.000000,0.000000,0,1,0,1,20.068750,0,0,0,0
7.3983,,0.443941,0.443941,0.444883,0.012051,0.000000,0.000000,0.000000,0,1,0,1,20.068097,0,0,0,0
7.4184,,0.443941,0.443941,0.444883,0.012051,0.000000,0.000000,0.000000,0,1,0,1,20.096371,0,0,0,0
7.4384,,0.443941,0.443941,0.444883,0.012051,0.000000,0.000000,0.000000,0,1,0,1,20.088400,0,0,0,0
7.4584,,0.443941,0.443941,0.444883,0.012051,0.000000,0.000000,0.000000,0,1,0,1,20.062998,0,0,0,0
7.4785,,0.443941,0.443941,0.444883,0.012051,0.000000,0.000000,0.000000,0,1,0,1,20.094999,0,0,0,0
7.4984,,0.443941,0.443941,0.444883,0.012051,0.000000,0.000000,0.000000,0,1,0,1,20.106393,0,0,0,0
7.5184,,0.443941,0.443941,0.444883,0.012051,0.000000,0.000000,0.000000,0,1,0,1,20.065458,0,0,0,0
7.5384,,0.443941,0.443941,0.444883,0.012051,0.000000,0.000000,0.000000,0,1,0,1,20.069871,0,0,0,0
7.5584,,0.443941,0.443941,0.444883,0.012051,0.000000,0.000000,0.000000,0,1,0,1,20.072498,0,0,0,0
7.5784,,0.443941,0.443941,0.444883,0.012051,0.000000,0.000000,0.000000,0,1,0,1,20.072476,0,0,0,0
7.5985,,0.443941,0.443941,0.444883,0.012051,0.000000,0.000000,0.000000,0,1,0,1,20.094512,0,0,0,0
7.6186,,0.443941,0.443941,0.444883,0.012051,0.000000,0.000000,0.000000,0,1,0,1,20.066804,0,0,0,0
7.6394,,0.443941,0.443941,0.444883,0.012051,0.000000,0.000000,0.000000,0,1,0,1,20.098072,0,0,0,0
7.6595,,0.443941,0.443941,0.444883,0.012051,0.000000,0.000000,0.000000,0,1,0,1,20.063607,0,0,0,0
7.6796,,0.443941,0.443941,0.444883,0.012051,0.000000,0.000000,0.000000,0,1,0,1,20.101684,0,0,0,0
7.6995,,0.443941,0.443941,0.444883,0.012051,0.000000,0.000000,0.000000,0,1,0,1,20.075245,0,0,0,0
7.7197,,0.443941,0.443941,0.444883,0.012051,0.000000,0.000000,0.000000,0,1,0,1,20.099890,0,0,0,0
7.7395,,0.443941,0.443941,0.444883,0.012051,0.000000,0.000000,0.000000,0,1,0,1,20.150838,0,0,0,0
7.7595,,0.443941,0.443941,0.444883,0.012051,0.000000,0.000000,0.000000,0,1,0,1,20.228825,0,0,0,0
7.7806,,0.443941,0.443941,0.444883,0.012051,0.000000,0.000000,0.000000,0,1,0,1,20.398577,0,0,0,0
7.8005,,0.443941,0.443941,0.444883,0.012051,0.000000,0.000000,0.000000,0,1,0,1,20.191832,0,0,0,0
7.8207,,0.443941,0.443941,0.444883,0.012051,0.000000,0.000000,0.000000,0,1,0,1,20.200078,0,0,0,0
7.8408,,0.443941,0.443941,0.444883,0.012051,0.000000,0.000000,0.000000,0,1,0,1,20.196611,0,0,0,0
7.8615,,0.443941,0.443941,0.444883,0.012051,0.000000,0.000000,0.000000,0,1,0,1,20.205734,0,0,0,0
7.8814,,0.443941,0.443941,0.444883,0.012051,0.000000,0.000000,0.000000,0,1,0,1,20.188697,0,0,0,0
7.9015,,0.443941,0.443941,0.444883,0.012051,0.000000,0.000000,0.000000,0,1,0,1,20.186369,0,0,0,0
7.9216,,0.443941,0.443941,0.444883,0.012051,0.000000,0.000000,0.000000,0,1,0,1,20.211098,0,0,0,0
7.9415,,0.443941,0.443941,0.444883,0.012051,0.000000,0.000000,0.000000,0,1,0,1,20.172297,0,0,0,0
7.9626,,0.443941,0.443941,0.444883,0.012051,0.000000,0.000000,0.000000,0,1,0,1,20.207199,0,0,0,0
7.9827,,0.443941,0.443941,0.444883,0.012051,0.000000,0.000000,0.000000,0,1,0,1,20.225555,0,0,0,0
8.0025,,0.443941,0.443941,0.444883,0.012051,0.000000,0.000000,0.000000,0,1,0,1,20.238343,0,0,0,0
8.0227,,0.443941,0.443941,0.444883,0.012051,0.000000,0.000000,0.000000,0,1,0,1,20.236176,0,0,0,0
8.0426,,0.443941,0.443941,0.444883,0.012051,0.000000,0.000000,0.000000,0,1,0,1,20.080393,0,0,0,0
8.0637,,0.443941,0.443941,0.444883,0.012051,0.000000,0.000000,0.000000,0,1,0,1,20.238224,0,0,0,0
8.0836,,0.443941,0.443941,0.444883,0.012051,0.000000,0.000000,0.000000,0,1,0,1,20.270970,0,0,0,0
8.1037,,0.443941,0.443941,0.444883,0.012051,0.000000,0.000000,0.000000,0,1,0,1,20.187686,0,0,0,0
8.1236,,0.443941,0.443941,0.444883,0.012051,0.000000,0.000000,0.000000,0,1,0,1,20.234003,0,0,0,0
8.1435,,0.443941,0.443941,0.444883,0.012051,0.000000,0.000000,0.000000,0,1,0,1,20.226160,0,0,0,0
8.1646,,0.443941,0.443941,0.444883,0.012051,0.000000,0.000000,0.000000,0,1,0,1,20.190339,0,0,0,0
8.1845,,0.443941,0.443941,0.444883,0.012051,0.000000,0.000000,0.000000,0,1,0,1,20.182473,0,0,0,0
8.2045,,0.443941,0.443941,0.444883,0.012051,0.000000,0.000000,0.000000,0,1,0,1,20.136566,0,0,0,0
8.2247,,0.443941,0.443941,0.444883,0.012051,0.000000,0.000000,0.000000,0,1,0,1,20.171596,0,0,0,0
8.2455,,0.443941,0.443941,0.444883,0.012051,0.000000,0.000000,0.000000,0,1,0,1,20.248668,0,0,0,0
8.2646,,0.443941,0.443941,0.444883,0.012051,0.000000,0.000000,0.000000,0,1,0,1,20.120307,0,0,0,0
8.2857,,0.443941,0.443941,0.444883,0.012051,0.000000,0.000000,0.000000,0,1,0,1,20.236326,0,0,0,0
8.3056,,0.443941,0.443941,0.444883,0.012051,0.000000,0.000000,0.000000,0,1,0,1,20.430016,0,0,0,0
8.3254,,0.443941,0.443941,0.444883,0.012051,0.000000,0.000000,0.000000,0,1,0,1,20.069486,0,0,0,0
8.3454,,0.443941,0.443941,0.444883,0.012051,0.000000,0.000000,0.000000,0,1,0,1,20.068747,0,0,0,0
8.3655,,0.443941,0.443941,0.444883,0.012051,0.000000,0.000000,0.000000,0,1,0,1,20.069900,0,0,0,0
8.3855,,0.443941,0.443941,0.444883,0.012051,0.000000,0.000000,0.000000,0,1,0,1,20.077197,0,0,0,0
8.4064,,0.443941,0.443941,0.444883,0.012051,0.000000,0.000000,0.000000,0,1,0,1,20.127154,0,0,0,0
8.4264,,0.443941,0.443941,0.444883,0.012051,0.000000,0.000000,0.000000,0,1,0,1,20.097332,0,0,0,0
8.4465,,0.443941,0.443941,0.444883,0.012051,0.000000,0.000000,0.000000,0,1,0,1,20.186445,0,0,0,0
8.4664,,0.443941,0.443941,0.444883,0.012051,0.000000,0.000000,0.000000,0,1,0,1,20.090102,0,0,0,0
8.4863,,0.443941,0.443941,0.444883,0.012051,0.000000,0.000000,0.000000,0,1,0,1,20.087358,0,0,0,0
8.5064,,0.443941,0.443941,0.444883,0.012051,0.000000,0.000000,0.000000,0,1,0,1,20.101930,0,0,0,0
8.5264,,0.443941,0.443941,0.444883,0.012051,0.000000,0.000000,0.000000,0,1,0,1,20.063335,0,0,0,0
8.5463,,0.443941,0.443941,0.444883,0.012051,0.000000,0.000000,0.000000,0,1,0,1,20.067916,0,0,0,0
8.5664,,0.443941,0.443941,0.444883,0.012051,0.000000,0.000000,0.000000,0,1,0,1,20.064343,0,0,0,0
8.5865,,0.443941,0.443941,0.444883,0.012051,0.000000,0.000000,0.000000,0,1,0,1,20.072764,0,0,0,0
8.6064,,0.443941,0.443941,0.444883,0.012051,0.000000,0.000000,0.000000,0,1,0,1,20.106258,0,0,0,0
8.6278,,0.443941,0.443941,0.444883,0.012051,0.000000,0.000000,0.000000,0,1,0,1,20.103626,0,0,0,0
8.6476,,0.443941,0.443941,0.444883,0.012051,0.000000,0.000000,0.000000,0,1,0,1,20.225424,0,0,0,0
8.6675,,0.443941,0.443941,0.444883,0.012051,0.000000,0.000000,0.000000,0,1,0,1,20.228094,0,0,0,0
8.6875,,0.443941,0.443941,0.444883,0.012051,0.000000,0.000000,0.000000,0,1,0,1,20.208397,0,0,0,0
8.7075,,0.443941,0.443941,0.444883,0.012051,0.000000,0.000000,0.000000,0,1,0,1,20.083498,0,0,0,0
8.7285,,0.443941,0.443941,0.444883,0.012051,0.000000,0.000000,0.000000,0,1,0,1,20.213723,0,0,0,0
8.7485,,0.443941,0.443941,0.444883,0.012051,0.000000,0.000000,0.000000,0,1,0,1,20.185204,0,0,0,0
8.7684,,0.443941,0.443941,0.444883,0.012051,0.000000,0.000000,0.000000,0,1,0,1,20.190261,0,0,0,0
8.7886,,0.443941,0.443941,0.444883,0.012051,0.000000,0.000000,0.000000,0,1,0,1,20.203596,0,0,0,0
8.8086,,0.443941,0.443941,0.444883,0.012051,0.000000,0.000000,0.000000,0,1,0,1,20.094222,0,0,0,0
8.8285,,0.443941,0.443941,0.444883,0.012051,0.000000,0.000000,0.000000,0,1,0,1,20.068209,0,0,0,0
8.8486,,0.443941,0.443941,0.444883,0.012051,0.000000,0.000000,0.000000,0,1,0,1,20.106096,0,0,0,0
8.8695,,0.443941,0.443941,0.444883,0.012051,0.000000,0.000000,0.000000,0,1,0,1,20.103430,0,0,0,0
8.8895,,0.443941,0.443941,0.444883,0.012051,0.000000,0.000000,0.000000,0,1,0,1,20.125934,0,0,0,0
8.9094,,0.443941,0.443941,0.444883,0.012051,0.000000,0.000000,0.000000,0,1,0,1,20.172875,0,0,0,0
8.9294,,0.443941,0.443941,0.444883,0.012051,0.000000,0.000000,0.000000,0,1,0,1,20.089657,0,0,0,0
8.9494,,0.443941,0.443941,0.444883,0.012051,0.000000,0.000000,0.000000,0,1,0,1,20.091105,0,0,0,0
8.9695,,0.443941,0.443941,0.444883,0.012051,0.000000,0.000000,0.000000,0,1,0,1,20.058676,0,0,0,0
8.9895,,0.443941,0.443941,0.444883,0.012051,0.000000,0.000000,0.000000,0,1,0,1,20.076724,0,0,0,0
9.0093,,0.443941,0.443941,0.444883,0.012051,0.000000,0.000000,0.000000,0,1,0,1,20.087014,0,0,0,0
9.0304,,0.443941,0.443941,0.444883,0.012051,0.000000,0.000000,0.000000,0,1,0,1,20.120916,0,0,0,0
9.0505,,0.443941,0.443941,0.444883,0.012051,0.000000,0.000000,0.000000,0,1,0,1,20.195239,0,0,0,0
9.0706,,0.443941,0.443941,0.444883,0.012051,0.000000,0.000000,0.000000,0,1,0,1,20.205792,0,0,0,0
9.0907,,0.443941,0.443941,0.444883,0.012051,0.000000,0.000000,0.000000,0,1,0,1,20.186176,0,0,0,0
9.1105,,0.443941,0.443941,0.444883,0.012051,0.000000,0.000000,0.000000,0,1,0,1,20.176105,0,0,0,0
9.1305,,0.443941,0.443941,0.444883,0.012051,0.000000,0.000000,0.000000,0,1,0,1,20.064672,0,0,0,0
9.1505,,0.443941,0.443941,0.444883,0.012051,0.000000,0.000000,0.000000,0,1,0,1,20.066502,0,0,0,0
9.1705,,0.443941,0.443941,0.444883,0.012051,0.000000,0.000000,0.000000,0,1,0,1,20.071835,0,0,0,0
9.1905,,0.443941,0.443941,0.444883,0.012051,0.000000,0.000000,0.000000,0,1,0,1,20.071125,0,0,0,0
9.2104,,0.443941,0.443941,0.444883,0.012051,0.000000,0.000000,0.000000,0,1,0,1,20.115685,0,0,0,0
9.2314,,0.443941,0.443941,0.444883,0.012051,0.000000,0.000000,0.000000,0,1,0,1,20.200773,0,0,0,0
9.2514,,0.443941,0.443941,0.444883,0.012051,0.000000,0.000000,0.000000,0,1,0,1,20.175897,0,0,0,0
9.2715,,0.443941,0.443941,0.444883,0.012051,0.000000,0.000000,0.000000,0,1,0,1,20.187642,0,0,0,0
9.2914,,0.443941,0.443941,0.444883,0.012051,0.000000,0.000000,0.000000,0,1,0,1,20.102345,0,0,0,0
9.3114,,0.443941,0.443941,0.444883,0.012051,0.000000,0.000000,0.000000,0,1,0,1,20.068081,0,0,0,0
9.3314,,0.443941,0.443941,0.444883,0.012051,0.000000,0.000000,0.000000,0,1,0,1,20.072241,0,0,0,0
9.3522,,0.443941,0.443941,0.444883,0.012051,0.000000,0.000000,0.000000,0,1,0,1,20.080523,0,0,0,0
9.3716,,0.443941,0.443941,0.444883,0.012051,0.000000,0.000000,0.000000,0,1,0,1,20.105691,0,0,0,0
9.3927,,0.443941,0.443941,0.444883,0.012051,0.000000,0.000000,0.000000,0,1,0,1,20.128264,0,0,0,0
9.4125,,0.443941,0.443941,0.444883,0.012051,0.000000,0.000000,0.000000,0,1,0,1,20.091831,0,0,0,0
9.4325,,0.443941,0.443941,0.444883,0.012051,0.000000,0.000000,0.000000,0,1,0,1,20.097409,0,0,0,0
9.4525,,0.443941,0.443941,0.444883,0.012051,0.000000,0.000000,0.000000,0,1,0,1,20.098092,0,0,0,0
9.4726,,0.443941,0.443941,0.444883,0.012051,0.000000,0.000000,0.000000,0,1,0,1,20.100821,0,0,0,0
9.4925,,0.443941,0.443941,0.444883,0.012051,0.000000,0.000000,0.000000,0,1,0,1,20.300298,0,0,0,0
9.5126,,0.443941,0.443941,0.444883,0.012051,0.000000,0.000000,0.000000,0,1,0,1,20.198436,0,0,0,0
9.5336,,0.443941,0.443941,0.444883,0.012051,0.000000,0.000000,0.000000,0,1,0,1,20.216954,0,0,0,0
9.5535,,0.443941,0.443941,0.444883,0.012051,0.000000,0.000000,0.000000,0,1,0,1,20.198074,0,0,0,0
9.5735,,0.443941,0.443941,0.444883,0.012051,0.000000,0.000000,0.000000,0,1,0,1,20.291009,0,0,0,0
9.5935,,0.443941,0.443941,0.444883,0.012051,0.000000,0.000000,0.000000,0,1,0,1,20.204407,0,0,0,0
9.6144,,0.443941,0.443941,0.444883,0.012051,0.000000,0.000000,0.000000,0,1,0,1,20.091714,0,0,0,0
9.6344,,0.443941,0.443941,0.444883,0.012051,0.000000,0.000000,0.000000,0,1,0,1,20.101083,0,0,0,0
9.6543,,0.443941,0.443941,0.444883,0.012051,0.000000,0.000000,0.000000,0,1,0,1,20.088728,0,0,0,0
9.6744,,0.443941,0.443941,0.444883,0.012051,0.000000,0.000000,0.000000,0,1,0,1,20.079383,0,0,0,0
9.6943,,0.443941,0.443941,0.444883,0.012051,0.000000,0.000000,0.000000,0,1,0,1,20.087302,0,0,0,0
9.7143,,0.443941,0.443941,0.444883,0.012051,0.000000,0.000000,0.000000,0,1,0,1,20.081728,0,0,0,0
9.7345,,0.443941,0.443941,0.444883,0.012051,0.000000,0.000000,0.000000,0,1,0,1,20.120992,0,0,0,0
9.7545,,0.443941,0.443941,0.444883,0.012051,0.000000,0.000000,0.000000,0,1,0,1,20.141344,0,0,0,0
9.7744,,0.443941,0.443941,0.444883,0.012051,0.000000,0.000000,0.000000,0,1,0,1,20.072771,0,0,0,0
9.7943,,0.443941,0.443941,0.444883,0.012051,0.000000,0.000000,0.000000,0,1,0,1,20.181931,0,0,0,0
9.8144,,0.443941,0.443941,0.444883,0.012051,0.000000,0.000000,0.000000,0,1,0,1,20.065421,0,0,0,0
9.8353,,0.443941,0.443941,0.444883,0.012051,0.000000,0.000000,0.000000,0,1,0,1,20.104857,0,0,0,0
9.8554,,0.443941,0.443941,0.444883,0.012051,0.000000,0.000000,0.000000,0,1,0,1,20.078952,0,0,0,0
9.8754,,0.443941,0.443941,0.444883,0.012051,0.000000,0.000000,0.000000,0,1,0,1,20.227496,0,0,0,0
9.8953,,0.443941,0.443941,0.444883,0.012051,0.000000,0.000000,0.000000,0,1,0,1,20.070360,0,0,0,0
9.9154,,0.443941,0.443941,0.444883,0.012051,0.000000,0.000000,0.000000,0,1,0,1,20.073158,0,0,0,0
9.9353,,0.443941,0.443941,0.444883,0.012051,0.000000,0.000000,0.000000,0,1,0,1,20.063082,0,0,0,0
9.9553,,0.443941,0.443941,0.444883,0.012051,0.000000,0.000000,0.000000,0,1,0,1,20.065682,0,0,0,0
9.9753,,0.443941,0.443941,0.444883,0.012051,0.000000,0.000000,0.000000,0,1,0,1,20.148240,0,0,0,0
9.9954,,0.443941,0.443941,0.444883,0.012051,0.000000,0.000000,0.000000,0,1,0,1,20.068308,0,0,0,0
10.0163,,0.443941,0.443941,0.444883,0.012051,0.000000,0.000000,0.000000,0,1,0,1,20.147820,0,0,0,0
10.0363,,0.443941,0.443941,0.444883,0.012051,0.000000,0.000000,0.000000,0,1,0,1,20.088835,0,0,0,0
10.0564,,0.443941,0.443941,0.444883,0.012051,0.000000,0.000000,0.000000,0,1,0,1,20.107494,0,0,0,0
10.0763,,0.443941,0.443941,0.444883,0.012051,0.000000,0.000000,0.000000,0,1,0,1,20.075788,0,0,0,0
10.0963,,0.443941,0.443941,0.444883,0.012051,0.000000,0.000000,0.000000,0,1,0,1,20.166549,0,0,0,0
10.1163,,0.443941,0.443941,0.444883,0.012051,0.000000,0.000000,0.000000,0,1,0,1,20.197741,0,0,0,0
10.1364,,0.443941,0.443941,0.444883,0.012051,0.000000,0.000000,0.000000,0,1,0,1,20.066922,0,0,0,0
10.1563,,0.443941,0.443941,0.444883,0.012051,0.000000,0.000000,0.000000,0,1,0,1,20.065088,0,0,0,0
10.1763,,0.443941,0.443941,0.444883,0.012051,0.000000,0.000000,0.000000,0,1,0,1,20.071173,0,0,0,0
10.1963,,0.443941,0.443941,0.444883,0.012051,0.000000,0.000000,0.000000,0,1,0,1,20.072917,0,0,0,0
10.2177,,0.443941,0.443941,0.444883,0.012051,0.000000,0.000000,0.000000,0,1,0,1,20.165893,0,0,0,0
10.2374,,0.443941,0.443941,0.444883,0.012051,0.000000,0.000000,0.000000,0,1,0,1,20.162294,0,0,0,0
10.2575,,0.443941,0.443941,0.444883,0.012051,0.000000,0.000000,0.000000,0,1,0,1,20.165984,0,0,0,0
10.2774,,0.443941,0.443941,0.444883,0.012051,0.000000,0.000000,0.000000,0,1,0,1,20.341087,0,0,0,0
10.2975,,0.443941,0.443941,0.444883,0.012051,0.000000,0.000000,0.000000,0,1,0,1,20.110875,0,0,0,0
10.3174,,0.443941,0.443941,0.444883,0.012051,0.000000,0.000000,0.000000,0,1,0,1,20.072253,0,0,0,0
10.3384,,0.443941,0.443941,0.444883,0.012051,0.000000,0.000000,0.000000,0,1,0,1,20.131975,0,0,0,0
10.3585,,0.443941,0.443941,0.444883,0.012051,0.000000,0.000000,0.000000,0,1,0,1,20.114043,0,0,0,0
10.3784,,0.443941,0.443941,0.444883,0.012051,0.000000,0.000000,0.000000,0,1,0,1,20.172703,0,0,0,0
10.3984,,0.443941,0.443941,0.444883,0.012051,0.000000,0.000000,0.000000,0,1,0,1,20.177258,0,0,0,0
10.4184,,0.443941,0.443941,0.444883,0.012051,0.000000,0.000000,0.000000,0,1,0,1,20.144901,0,0,0,0
10.4384,,0.443941,0.443941,0.444883,0.012051,0.000000,0.000000,0.000000,0,1,0,1,20.073170,0,0,0,0
10.4583,,0.443941,0.443941,0.444883,0.012051,0.000000,0.000000,0.000000,0,1,0,1,20.118993,0,0,0,0
10.4784,,0.443941,0.443941,0.444883,0.012051,0.000000,0.000000,0.000000,0,1,0,1,20.106136,0,0,0,0
10.4993,,0.443941,0.443941,0.444883,0.012051,0.000000,0.000000,0.000000,0,1,0,1,20.207452,0,0,0,0
10.5194,,0.443941,0.443941,0.444883,0.012051,0.000000,0.000000,0.000000,0,1,0,1,20.168591,0,0,0,0
10.5394,,0.443941,0.443941,0.444883,0.012051,0.000000,0.000000,0.000000,0,1,0,1,20.129123,0,0,0,0
10.5594,,0.443941,0.443941,0.444883,0.012051,0.000000,0.000000,0.000000,0,1,0,1,20.071640,0,0,0,0
10.5793,,0.443941,0.443941,0.444883,0.012051,0.000000,0.000000,0.000000,0,1,0,1,20.207537,0,0,0,0
10.5994,,0.443941,0.443941,0.444883,0.012051,0.000000,0.000000,0.000000,0,1,0,1,20.104085,0,0,0,0
10.6203,,0.443941,0.443941,0.444883,0.012051,0.000000,0.000000,0.000000,0,1,0,1,20.215980,0,0,0,0
10.6404,,0.443941,0.443941,0.444883,0.012051,0.000000,0.000000,0.000000,0,1,0,1,20.105783,0,0,0,0
10.6604,,0.443941,0.443941,0.444883,0.012051,0.000000,0.000000,0.000000,0,1,0,1,20.227483,0,0,0,0
10.6805,,0.443941,0.443941,0.444883,0.012051,0.000000,0.000000,0.000000,0,1,0,1,20.202186,0,0,0,0
10.7004,,0.443941,0.443941,0.444883,0.012051,0.000000,0.000000,0.000000,0,1,0,1,20.075919,0,0,0,0
10.7203,,0.443941,0.443941,0.444883,0.012051,0.000000,0.000000,0.000000,0,1,0,1,20.065366,0,0,0,0
10.7405,,0.443941,0.443941,0.444883,0.012051,0.000000,0.000000,0.000000,0,1,0,1,20.086841,0,0,0,0
10.7604,,0.443941,0.443941,0.444883,0.012051,0.000000,0.000000,0.000000,0,1,0,1,20.060993,0,0,0,0
10.7813,,0.443941,0.443941,0.444883,0.012051,0.000000,0.000000,0.000000,0,1,0,1,20.107042,0,0,0,0
10.8013,,0.443941,0.443941,0.444883,0.012051,0.000000,0.000000,0.000000,0,1,0,1,20.103768,0,0,0,0
10.8214,,0.443941,0.443941,0.444883,0.012051,0.000000,0.000000,0.000000,0,1,0,1,20.111220,0,0,0,0
10.8413,,0.443941,0.443941,0.444883,0.012051,0.000000,0.000000,0.000000,0,1,0,1,20.087106,0,0,0,0
10.8614,,0.443941,0.443941,0.444883,0.012051,0.000000,0.000000,0.000000,0,1,0,1,20.059545,0,0,0,0
10.8814,,0.443941,0.443941,0.444883,0.012051,0.000000,0.000000,0.000000,0,1,0,1,20.063679,0,0,0,0
10.9014,,0.443941,0.443941,0.444883,0.012051,0.000000,0.000000,0.000000,0,1,0,1,20.041571,0,0,0,0
10.9214,,0.443941,0.443941,0.444883,0.012051,0.000000,0.000000,0.000000,0,1,0,1,20.089574,0,0,0,0
10.9414,,0.443941,0.443941,0.444883,0.012051,0.000000,0.000000,0.000000,0,1,0,1,20.064068,0,0,0,0
10.9613,,0.443941,0.443941,0.444883,0.012051,0.000000,0.000000,0.000000,0,1,0,1,20.092234,0,0,0,0
10.9815,,0.443941,0.443941,0.444883,0.012051,0.000000,0.000000,0.000000,0,1,0,1,20.087134,0,0,0,0
11.0013,,0.443941,0.443941,0.444883,0.012051,0.000000,0.000000,0.000000,0,1,0,1,20.097790,0,0,0,0
11.0226,,0.443941,0.443941,0.444883,0.012051,0.000000,0.000000,0.000000,0,1,0,1,20.208132,0,0,0,0
11.0424,,0.443941,0.443941,0.444883,0.012051,0.000000,0.000000,0.000000,0,1,0,1,20.169591,0,0,0,0
11.0625,,0.443941,0.443941,0.444883,0.012051,0.000000,0.000000,0.000000,0,1,0,1,20.215846,0,0,0,0
11.0825,,0.443941,0.443941,0.444883,0.012051,0.000000,0.000000,0.000000,0,1,0,1,20.273293,0,0,0,0
11.1027,,0.443941,0.443941,0.444883,0.012051,0.000000,0.000000,0.000000,0,1,0,1,20.182616,0,0,0,0
11.1236,,0.443941,0.443941,0.444883,0.012051,0.000000,0.000000,0.000000,0,1,0,1,20.113283,0,0,0,0
11.1435,,0.443941,0.443941,0.444883,0.012051,0.000000,0.000000,0.000000,0,1,0,1,20.289439,0,0,0,0
11.1635,,0.443941,0.443941,0.444883,0.012051,0.000000,0.000000,0.000000,0,1,0,1,20.097178,0,0,0,0
11.1835,,0.443941,0.443941,0.444883,0.012051,0.000000,0.000000,0.000000,0,1,0,1,20.319636,0,0,0,0
11.2034,,0.443941,0.443941,0.444883,0.012051,0.000000,0.000000,0.000000,0,1,0,1,20.197224,0,0,0,0
11.2244,,0.443941,0.443941,0.444883,0.012051,0.000000,0.000000,0.000000,0,1,0,1,20.085405,0,0,0,0
11.2446,,0.443941,0.443941,0.444883,0.012051,0.000000,0.000000,0.000000,0,1,0,1,20.183251,0,0,0,0
11.2646,,0.443941,0.443941,0.444883,0.012051,0.000000,0.000000,0.000000,0,1,0,1,20.170215,0,0,0,0
11.2845,,0.443941,0.443941,0.444883,0.012051,0.000000,0.000000,0.000000,0,1,0,1,20.062503,0,0,0,0
11.3045,,0.443941,0.443941,0.444883,0.012051,0.000000,0.000000,0.000000,0,1,0,1,20.092782,0,0,0,0
11.3244,,0.443941,0.443941,0.444883,0.012051,0.000000,0.000000,0.000000,0,1,0,1,20.082277,0,0,0,0
11.3445,,0.443941,0.443941,0.444883,0.012051,0.000000,0.000000,0.000000,0,1,0,1,20.062368,0,0,0,0
11.3644,,0.443941,0.443941,0.444883,0.012051,0.000000,0.000000,0.000000,0,1,0,1,20.100065,0,0,0,0
11.3854,,0.443941,0.443941,0.444883,0.012051,0.000000,0.000000,0.000000,0,1,0,1,20.350948,0,0,0,0
11.4054,,0.443941,0.443941,0.444883,0.012051,0.000000,0.000000,0.000000,0,1,0,1,20.087673,0,0,0,0
11.4256,,0.443941,0.443941,0.444883,0.012051,0.000000,0.000000,0.000000,0,1,0,1,20.198388,0,0,0,0
11.4456,,0.443941,0.443941,0.444883,0.012051,0.000000,0.000000,0.000000,0,1,0,1,20.219352,0,0,0,0
11.4654,,0.443941,0.443941,0.444883,0.012051,0.000000,0.000000,0.000000,0,1,0,1,20.293382,0,0,0,0
11.4864,,0.443941,0.443941,0.444883,0.012051,0.000000,0.000000,0.000000,0,1,0,1,20.113291,0,0,0,0
11.5064,,0.443941,0.443941,0.444883,0.012051,0.000000,0.000000,0.000000,0,1,0,1,20.186511,0,0,0,0
11.5264,,0.443941,0.443941,0.444883,0.012051,0.000000,0.000000,0.000000,0,1,0,1,20.185976,0,0,0,0
11.5464,,0.443941,0.443941,0.444883,0.012051,0.000000,0.000000,0.000000,0,1,0,1,20.214696,0,0,0,0
11.5663,,0.443941,0.443941,0.444883,0.012051,0.000000,0.000000,0.000000,0,1,0,1,20.243517,0,0,0,0
11.5876,,0.443941,0.443941,0.444883,0.012051,0.000000,0.000000,0.000000,0,1,0,1,20.205247,0,0,0,0
11.6074,,0.443941,0.443941,0.444883,0.012051,0.000000,0.000000,0.000000,0,1,0,1,20.115096,0,0,0,0
11.6275,,0.443941,0.443941,0.444883,0.012051,0.000000,0.000000,0.000000,0,1,0,1,20.288272,0,0,0,0
11.6478,,0.443941,0.443941,0.444883,0.012051,0.000000,0.000000,0.000000,0,1,0,1,20.090276,0,0,0,0
11.6674,,0.443941,0.443941,0.444883,0.012051,0.000000,0.000000,0.000000,0,1,0,1,20.090787,0,0,0,0
11.6876,,0.443941,0.443941,0.444883,0.012051,0.000000,0.000000,0.000000,0,1,0,1,20.079344,0,0,0,0
11.7074,,0.443941,0.443941,0.444883,0.012051,0.000000,0.000000,0.000000,0,1,0,1,20.076152,0,0,0,0
11.7277,,0.443941,0.443941,0.444883,0.012051,0.000000,0.000000,0.000000,0,1,0,1,20.082912,0,0,0,0
11.7487,,0.443941,0.443941,0.444883,0.012051,0.000000,0.000000,0.000000,0,1,0,1,20.109634,0,0,0,0
11.7685,,0.443941,0.443941,0.444883,0.012051,0.000000,0.000000,0.000000,0,1,0,1,20.073672,0,0,0,0
11.7885,,0.443941,0.443941,0.444883,0.012051,0.000000,0.000000,0.000000,0,1,0,1,20.100014,0,0,0,0
11.8085,,0.443941,0.443941,0.444883,0.012051,0.000000,0.000000,0.000000,0,1,0,1,20.116068,0,0,0,0
11.8286,,0.443941,0.443941,0.444883,0.012051,0.000000,0.000000,0.000000,0,1,0,1,20.068487,0,0,0,0
11.8484,,0.443941,0.443941,0.444883,0.012051,0.000000,0.000000,0.000000,0,1,0,1,20.099085,0,0,0,0
11.8685,,0.443941,0.443941,0.444883,0.012051,0.000000,0.000000,0.000000,0,1,0,1,20.073362,0,0,0,0
11.8885,,0.443941,0.443941,0.444883,0.012051,0.000000,0.000000,0.000000,0,1,0,1,20.300296,0,0,0,0
11.9095,,0.443941,0.443941,0.444883,0.012051,0.000000,0.000000,0.000000,0,1,0,1,20.196383,0,0,0,0
11.9297,,0.443941,0.443941,0.444883,0.012051,0.000000,0.000000,0.000000,0,1,0,1,20.205562,0,0,0,0
11.9497,,0.443941,0.443941,0.444883,0.012051,0.000000,0.000000,0.000000,0,1,0,1,20.194135,0,0,0,0
11.9696,,0.443941,0.443941,0.444883,0.012051,0.000000,0.000000,0.000000,0,1,0,1,20.095965,0,0,0,0
11.9895,,0.443941,0.443941,0.444883,0.012051,0.000000,0.000000,0.000000,0,1,0,1,20.101403,0,0,0,0
12.0095,,0.443941,0.443941,0.444883,0.012051,0.000000,0.000000,0.000000,0,1,0,1,20.080898,0,0,0,0
12.0295,,0.443941,0.443941,0.444883,0.012051,0.000000,0.000000,0.000000,0,1,0,1,20.126328,0,0,0,0
12.0504,,0.443941,0.443941,0.444883,0.012051,0.000000,0.000000,0.000000,0,1,0,1,20.177684,0,0,0,0
12.0705,,0.443941,0.443941,0.444883,0.012051,0.000000,0.000000,0.000000,0,1,0,1,20.242933,0,0,0,0
12.0905,,0.443941,0.443941,0.444883,0.012051,0.000000,0.000000,0.000000,0,1,0,1,20.204540,0,0,0,0
12.1105,,0.443941,0.443941,0.444883,0.012051,0.000000,0.000000,0.000000,0,1,0,1,20.099155,0,0,0,0
12.1305,,0.443941,0.443941,0.444883,0.012051,0.000000,0.000000,0.000000,0,1,0,1,20.078174,0,0,0,0
12.1506,,0.443941,0.443941,0.444883,0.012051,0.000000,0.000000,0.000000,0,1,0,1,20.065376,0,0,0,0
12.1704,,0.443941,0.443941,0.444883,0.012051,0.000000,0.000000,0.000000,0,1,0,1,20.106632,0,0,0,0
12.1904,,0.443941,0.443941,0.444883,0.012051,0.000000,0.000000,0.000000,0,1,0,1,20.080557,0,0,0,0
12.2114,,0.443941,0.443941,0.444883,0.012051,0.000000,0.000000,0.000000,0,1,0,1,20.215916,0,0,0,0
12.2314,,0.443941,0.443941,0.444883,0.012051,0.000000,0.000000,0.000000,0,1,0,1,20.155407,0,0,0,0
12.2514,,0.443941,0.443941,0.444883,0.012051,0.000000,0.000000,0.000000,0,1,0,1,20.193113,0,0,0,0
12.2714,,0.443941,0.443941,0.444883,0.012051,0.000000,0.000000,0.000000,0,1,0,1,20.296838,0,0,0,0
12.2916,,0.443941,0.443941,0.444883,0.012051,0.000000,0.000000,0.000000,0,1,0,1,20.077207,0,0,0,0
12.3126,,0.443941,0.443941,0.444883,0.012051,0.000000,0.000000,0.000000,0,1,0,1,20.192358,0,0,0,0
12.3325,,0.443941,0.443941,0.444883,0.012051,0.000000,0.000000,0.000000,0,1,0,1,20.074213,0,0,0,0
12.3525,,0.443941,0.443941,0.444883,0.012051,0.000000,0.000000,0.000000,0,1,0,1,20.106188,0,0,0,0
12.3724,,0.443941,0.443941,0.444883,0.012051,0.000000,0.000000,0.000000,0,1,0,1,20.101051,0,0,0,0
12.3925,,0.443941,0.443941,0.444883,0.012051,0.000000,0.000000,0.000000,0,1,0,1,20.095652,0,0,0,0
12.4124,,0.443941,0.443941,0.444883,0.012051,0.000000,0.000000,0.000000,0,1,0,1,20.046658,0,0,0,0
12.4326,,0.443941,0.443941,0.444883,0.012051,0.000000,0.000000,0.000000,0,1,0,1,20.075199,0,0,0,0
12.4525,,0.443941,0.443941,0.444883,0.012051,0.000000,0.000000,0.000000,0,1,0,1,20.222544,0,0,0,0
12.4724,,0.443941,0.443941,0.444883,0.012051,0.000000,0.000000,0.000000,0,1,0,1,20.216733,0,0,0,0
12.4935,,0.443941,0.443941,0.444883,0.012051,0.000000,0.000000,0.000000,0,1,0,1,20.195267,0,0,0,0
12.5135,,0.443941,0.443941,0.444883,0.012051,0.000000,0.000000,0.000000,0,1,0,1,20.183431,0,0,0,0
12.5337,,0.443941,0.443941,0.444883,0.012051,0.000000,0.000000,0.000000,0,1,0,1,20.210351,0,0,0,0
12.5535,,0.443941,0.443941,0.444883,0.012051,0.000000,0.000000,0.000000,0,1,0,1,20.083855,0,0,0,0
12.5735,,0.443941,0.443941,0.444883,0.012051,0.000000,0.000000,0.000000,0,1,0,1,20.089950,0,0,0,0
12.5935,,0.443941,0.443941,0.444883,0.012051,0.000000,0.000000,0.000000,0,1,0,1,20.087979,0,0,0,0
12.6135,,0.443941,0.443941,0.444883,0.012051,0.000000,0.000000,0.000000,0,1,0,1,20.177748,0,0,0,0
12.6345,,0.443941,0.443941,0.444883,0.012051,0.000000,0.000000,0.000000,0,1,0,1,20.103692,0,0,0,0
12.6545,,0.443941,0.443941,0.444883,0.012051,0.000000,0.000000,0.000000,0,1,0,1,20.174930,0,0,0,0
12.6745,,0.443941,0.443941,0.444883,0.012051,0.000000,0.000000,0.000000,0,1,0,1,20.151017,0,0,0,0
12.6946,,0.443941,0.443941,0.444883,0.012051,0.000000,0.000000,0.000000,0,1,0,1,20.090459,0,0,0,0
12.7146,,0.443941,0.443941,0.444883,0.012051,0.000000,0.000000,0.000000,0,1,0,1,20.182151,0,0,0,0
12.7346,,0.443941,0.443941,0.444883,0.012051,0.000000,0.000000,0.000000,0,1,0,1,20.211522,0,0,0,0
12.7555,,0.443941,0.443941,0.444883,0.012051,0.000000,0.000000,0.000000,0,1,0,1,20.117861,0,0,0,0
12.7756,,0.443941,0.443941,0.444883,0.012051,0.000000,0.000000,0.000000,0,1,0,1,20.368828,0,0,0,0
12.7956,,0.443941,0.443941,0.444883,0.012051,0.000000,0.000000,0.000000,0,1,0,1,20.174637,0,0,0,0
12.8155,,0.443941,0.443941,0.444883,0.012051,0.000000,0.000000,0.000000,0,1,0,1,20.074011,0,0,0,0
12.8357,,0.443941,0.443941,0.444883,0.012051,0.000000,0.000000,0.000000,0,1,0,1,20.201295,0,0,0,0
12.8565,,0.443941,0.443941,0.444883,0.012051,0.000000,0.000000,0.000000,0,1,0,1,20.179639,0,0,0,0
12.8765,,0.443941,0.443941,0.444883,0.012051,0.000000,0.000000,0.000000,0,1,0,1,20.164021,0,0,0,0
12.8964,,0.443941,0.443941,0.444883,0.012051,0.000000,0.000000,0.000000,0,1,0,1,20.180585,0,0,0,0
12.9165,,0.443941,0.443941,0.444883,0.012051,0.000000,0.000000,0.000000,0,1,0,1,20.420514,0,0,0,0
12.9365,,0.443941,0.443941,0.444883,0.012051,0.000000,0.000000,0.000000,0,1,0,1,20.169790,0,0,0,0
12.9576,,0.443941,0.443941,0.444883,0.012051,0.000000,0.000000,0.000000,0,1,0,1,20.176969,0,0,0,0
12.9776,,0.443941,0.443941,0.444883,0.012051,0.000000,0.000000,0.000000,0,1,0,1,20.105652,0,0,0,0
12.9977,,0.443941,0.443941,0.444883,0.012051,0.000000,0.000000,0.000000,0,1,0,1,20.252991,0,0,0,0
13.0175,,0.443941,0.443941,0.444883,0.012051,0.000000,0.000000,0.000000,0,1,0,1,20.101788,0,0,0,0
13.0375,,0.443941,0.443941,0.444883,0.012051,0.000000,0.000000,0.000000,0,1,0,1,20.097249,0,0,0,0
13.0575,,0.443941,0.443941,0.444883,0.012051,0.000000,0.000000,0.000000,0,1,0,1,20.078620,0,0,0,0
13.0775,,0.443941,0.443941,0.444883,0.012051,0.000000,0.000000,0.000000,0,1,0,1,20.101703,0,0,0,0
13.0975,,0.443941,0.443941,0.444883,0.012051,0.000000,0.000000,0.000000,0,1,0,1,20.070545,0,0,0,0
13.1176,,0.443941,0.443941,0.444883,0.012051,0.000000,0.000000,0.000000,0,1,0,1,20.068134,0,0,0,0
13.1387,,0.443941,0.443941,0.444883,0.012051,0.000000,0.000000,0.000000,0,1,0,1,20.101145,0,0,0,0
13.1585,,0.443941,0.443941,0.444883,0.012051,0.000000,0.000000,0.000000,0,1,0,1,20.096219,0,0,0,0
13.1785,,0.443941,0.443941,0.444883,0.012051,0.000000,0.000000,0.000000,0,1,0,1,20.106727,0,0,0,0
13.1987,,0.443941,0.443941,0.444883,0.012051,0.000000,0.000000,0.000000,0,1,0,1,20.181150,0,0,0,0
13.2186,,0.443941,0.443941,0.444883,0.012051,0.000000,0.000000,0.000000,0,1,0,1,20.068690,0,0,0,0
13.2386,,0.443941,0.443941,0.444883,0.012051,0.000000,0.000000,0.000000,0,1,0,1,20.075117,0,0,0,0
13.2585,,0.443941,0.443941,0.444883,0.012051,0.000000,0.000000,0.000000,0,1,0,1,20.073993,0,0,0,0
13.2787,,0.443941,0.443941,0.444883,0.012051,0.000000,0.000000,0.000000,0,1,0,1,20.196648,0,0,0,0
13.2999,,0.443941,0.443941,0.444883,0.012051,0.000000,0.000000,0.000000,0,1,0,1,20.201108,0,0,0,0
13.3197,,0.443941,0.443941,0.444883,0.012051,0.000000,0.000000,0.000000,0,1,0,1,20.103979,0,0,0,0
13.3396,,0.443941,0.443941,0.444883,0.012051,0.000000,0.000000,0.000000,0,1,0,1,20.110261,0,0,0,0
13.3596,,0.443941,0.443941,0.444883,0.012051,0.000000,0.000000,0.000000,0,1,0,1,20.091910,0,0,0,0
13.3806,,0.443941,0.443941,0.444883,0.012051,0.000000,0.000000,0.000000,0,1,0,1,20.096423,0,0,0,0
13.3997,,0.443941,0.443941,0.444883,0.012051,0.000000,0.000000,0.000000,0,1,0,1,20.130870,0,0,0,0
13.4194,,0.443941,0.443941,0.444883,0.012051,0.000000,0.000000,0.000000,0,1,0,1,20.178411,0,0,0,0
13.4407,,0.443941,0.443941,0.444883,0.012051,0.000000,0.000000,0.000000,0,1,0,1,20.176110,0,0,0,0
13.4607,,0.443941,0.443941,0.444883,0.012051,0.000000,0.000000,0.000000,0,1,0,1,20.255363,0,0,0,0
13.4807,,0.443941,0.443941,0.444883,0.012051,0.000000,0.000000,0.000000,0,1,0,1,20.177078,0,0,0,0
13.5008,,0.443941,0.443941,0.444883,0.012051,0.000000,0.000000,0.000000,0,1,0,1,20.253391,0,0,0,0
13.5205,,0.443941,0.443941,0.444883,0.012051,0.000000,0.000000,0.000000,0,1,0,1,20.104666,0,0,0,0
13.5406,,0.443941,0.443941,0.444883,0.012051,0.000000,0.000000,0.000000,0,1,0,1,20.117320,0,0,0,0
13.5615,,0.443941,0.443941,0.444883,0.012051,0.000000,0.000000,0.000000,0,1,0,1,20.114174,0,0,0,0
13.5818,,0.443941,0.443941,0.444883,0.012051,0.000000,0.000000,0.000000,0,1,0,1,20.191899,0,0,0,0
13.6014,,0.443941,0.443941,0.444883,0.012051,0.000000,0.000000,0.000000,0,1,0,1,20.073553,0,0,0,0
13.6216,,0.443941,0.443941,0.444883,0.012051,0.000000,0.000000,0.000000,0,1,0,1,20.144904,0,0,0,0
13.6416,,0.443941,0.443941,0.444883,0.012051,0.000000,0.000000,0.000000,0,1,0,1,20.202012,0,0,0,0
13.6620,,0.443941,0.443941,0.444883,0.012051,0.000000,0.000000,0.000000,0,1,0,1,20.082267,0,0,0,0
13.6814,,0.443941,0.443941,0.444883,0.012051,0.000000,0.000000,0.000000,0,1,0,1,20.077087,0,0,0,0
13.7019,,0.443941,0.443941,0.444883,0.012051,0.000000,0.000000,0.000000,0,1,0,1,20.081873,0,0,0,0
13.7217,,0.443941,0.443941,0.444883,0.012051,0.000000,0.000000,0.000000,0,1,0,1,20.082525,0,0,0,0
13.7427,,0.443941,0.443941,0.444883,0.012051,0.000000,0.000000,0.000000,0,1,0,1,20.228052,0,0,0,0
13.7626,,0.443941,0.443941,0.444883,0.012051,0.000000,0.000000,0.000000,0,1,0,1,20.188743,0,0,0,0
13.7826,,0.443941,0.443941,0.444883,0.012051,0.000000,0.000000,0.000000,0,1,0,1,20.222189,0,0,0,0
13.8027,,0.443941,0.443941,0.444883,0.012051,0.000000,0.000000,0.000000,0,1,0,1,20.189297,0,0,0,0
13.8236,,0.443941,0.443941,0.444883,0.012051,0.000000,0.000000,0.000000,0,1,0,1,20.196792,0,0,0,0
13.8436,,0.443941,0.443941,0.444883,0.012051,0.000000,0.000000,0.000000,0,1,0,1,20.226313,0,0,0,0
13.8636,,0.443941,0.443941,0.444883,0.012051,0.000000,0.000000,0.000000,0,1,0,1,20.208506,0,0,0,0
13.8836,,0.443941,0.443941,0.444883,0.012051,0.000000,0.000000,0.000000,0,1,0,1,20.199103,0,0,0,0
13.9036,,0.443941,0.443941,0.444883,0.012051,0.000000,0.000000,0.000000,0,1,0,1,20.201605,0,0,0,0
13.9245,,0.443941,0.443941,0.444883,0.012051,0.000000,0.000000,0.000000,0,1,0,1,20.317318,0,0,0,0
13.9445,,0.443941,0.443941,0.444883,0.012051,0.000000,0.000000,0.000000,0,1,0,1,20.214756,0,0,0,0
13.9646,,0.443941,0.443941,0.444883,0.012051,0.000000,0.000000,0.000000,0,1,0,1,20.191800,0,0,0,0
13.9855,,0.443941,0.443941,0.444883,0.012051,0.000000,0.000000,0.000000,0,1,0,1,20.086759,0,0,0,0
14.0045,,0.443941,0.443941,0.444883,0.012051,0.000000,0.000000,0.000000,0,1,0,1,20.081031,0,0,0,0
14.0246,,0.443941,0.443941,0.444883,0.012051,0.000000,0.000000,0.000000,0,1,0,1,20.075727,0,0,0,0
14.0446,,0.443941,0.443941,0.444883,0.012051,0.000000,0.000000,0.000000,0,1,0,1,20.106646,0,0,0,0
14.0646,,0.443941,0.443941,0.444883,0.012051,0.000000,0.000000,0.000000,0,1,0,1,20.110884,0,0,0,0
14.0855,,0.443941,0.443941,0.444883,0.012051,0.000000,0.000000,0.000000,0,1,0,1,20.108189,0,0,0,0
14.1056,,0.443941,0.443941,0.444883,0.012051,0.000000,0.000000,0.000000,0,1,0,1,20.166910,0,0,0,0
14.1255,,0.443941,0.443941,0.444883,0.012051,0.000000,0.000000,0.000000,0,1,0,1,20.166277,0,0,0,0
14.1456,,0.443941,0.443941,0.444883,0.012051,0.000000,0.000000,0.000000,0,1,0,1,20.130201,0,0,0,0
14.1656,,0.443941,0.443941,0.444883,0.012051,0.000000,0.000000,0.000000,0,1,0,1,20.080497,0,0,0,0
14.1856,,0.443941,0.443941,0.444883,0.012051,0.000000,0.000000,0.000000,0,1,0,1,20.238449,0,0,0,0
14.2065,,0.443941,0.443941,0.444883,0.012051,0.000000,0.000000,0.000000,0,1,0,1,20.239012,0,0,0,0
14.2265,,0.443941,0.443941,0.444883,0.012051,0.000000,0.000000,0.000000,0,1,0,1,20.192928,0,0,0,0
14.2465,,0.443941,0.443941,0.444883,0.012051,0.000000,0.000000,0.000000,0,1,0,1,20.386913,0,0,0,0
14.2665,,0.443941,0.443941,0.444883,0.012051,0.000000,0.000000,0.000000,0,1,0,1,20.080407,0,0,0,0
14.2866,,0.443941,0.443941,0.444883,0.012051,0.000000,0.000000,0.000000,0,1,0,1,20.103500,0,0,0,0
14.3065,,0.443941,0.443941,0.444883,0.012051,0.000000,0.000000,0.000000,0,1,0,1,20.070122,0,0,0,0
14.3275,,0.443941,0.443941,0.444883,0.012051,0.000000,0.000000,0.000000,0,1,0,1,20.204195,0,0,0,0
14.3476,,0.443941,0.443941,0.444883,0.012051,0.000000,0.000000,0.000000,0,1,0,1,20.089490,0,0,0,0
14.3675,,0.443941,0.443941,0.444883,0.012051,0.000000,0.000000,0.000000,0,1,0,1,20.087087,0,0,0,0
14.3875,,0.443941,0.443941,0.444883,0.012051,0.000000,0.000000,0.000000,0,1,0,1,20.109653,0,0,0,0
14.4076,,0.443941,0.443941,0.444883,0.012051,0.000000,0.000000,0.000000,0,1,0,1,20.094608,0,0,0,0
14.4275,,0.443941,0.443941,0.444883,0.012051,0.000000,0.000000,0.000000,0,1,0,1,20.066029,0,0,0,0
14.4475,,0.443941,0.443941,0.444883,0.012051,0.000000,0.000000,0.000000,0,1,0,1,20.069239,0,0,0,0
14.4678,,0.443941,0.443941,0.444883,0.012051,0.000000,0.000000,0.000000,0,1,0,1,20.090725,0,0,0,0
14.4875,,0.443941,0.443941,0.444883,0.012051,0.000000,0.000000,0.000000,0,1,0,1,20.092719,0,0,0,0
14.5075,,0.443941,0.443941,0.444883,0.012051,0.000000,0.000000,0.000000,0,1,0,1,20.063331,0,0,0,0
14.5285,,0.443941,0.443941,0.444883,0.012051,0.000000,0.000000,0.000000,0,1,0,1,20.094632,0,0,0,0
14.5484,,0.443941,0.443941,0.444883,0.012051,0.000000,0.000000,0.000000,0,1,0,1,20.088225,0,0,0,0
14.5686,,0.443941,0.443941,0.444883,0.012051,0.000000,0.000000,0.000000,0,1,0,1,20.067602,0,0,0,0
14.5887,,0.443941,0.443941,0.444883,0.012051,0.000000,0.000000,0.000000,0,1,0,1,20.078345,0,0,0,0
14.6085,,0.443941,0.443941,0.444883,0.012051,0.000000,0.000000,0.000000,0,1,0,1,20.179873,0,0,0,0
14.6287,,0.443941,0.443941,0.444883,0.012051,0.000000,0.000000,0.000000,0,1,0,1,20.177632,0,0,0,0
14.6485,,0.443941,0.443941,0.444883,0.012051,0.000000,0.000000,0.000000,0,1,0,1,20.079832,0,0,0,0
14.6685,,0.443941,0.443941,0.444883,0.012051,0.000000,0.000000,0.000000,0,1,0,1,20.092229,0,0,0,0
14.6896,,0.443941,0.443941,0.444883,0.012051,0.000000,0.000000,0.000000,0,1,0,1,20.243532,0,0,0,0
14.7097,,0.443941,0.443941,0.444883,0.012051,0.000000,0.000000,0.000000,0,1,0,1,20.175664,0,0,0,0
14.7297,,0.443941,0.443941,0.444883,0.012051,0.000000,0.000000,0.000000,0,1,0,1,20.190172,0,0,0,0
14.7495,,0.443941,0.443941,0.444883,0.012051,0.000000,0.000000,0.000000,0,1,0,1,20.125023,0,0,0,0
14.7696,,0.443941,0.443941,0.444883,0.012051,0.000000,0.000000,0.000000,0,1,0,1,20.141231,0,0,0,0
14.7897,,0.443941,0.443941,0.444883,0.012051,0.000000,0.000000,0.000000,0,1,0,1,20.197258,0,0,0,0
14.8106,,0.443941,0.443941,0.444883,0.012051,0.000000,0.000000,0.000000,0,1,0,1,20.210809,0,0,0,0
14.8306,,0.443941,0.443941,0.444883,0.012051,0.000000,0.000000,0.000000,0,1,0,1,20.224367,0,0,0,0
14.8507,,0.443941,0.443941,0.444883,0.012051,0.000000,0.000000,0.000000,0,1,0,1,20.204653,0,0,0,0
14.8707,,0.443941,0.443941,0.444883,0.012051,0.000000,0.000000,0.000000,0,1,0,1,20.243142,0,0,0,0
14.8906,,0.443941,0.443941,0.444883,0.012051,0.000000,0.000000,0.000000,0,1,0,1,20.201459,0,0,0,0
14.9115,,0.443941,0.443941,0.444883,0.012051,0.000000,0.000000,0.000000,0,1,0,1,20.195319,0,0,0,0
14.9316,,0.443941,0.443941,0.444883,0.012051,0.000000,0.000000,0.000000,0,1,0,1,20.242302,0,0,0,0
14.9517,,0.443941,0.443941,0.444883,0.012051,0.000000,0.000000,0.000000,0,1,0,1,20.329870,0,0,0,0
14.9726,,0.443941,0.443941,0.444883,0.012051,0.000000,0.000000,0.000000,0,1,0,1,20.303760,0,0,0,0
14.9928,,0.443941,0.443941,0.444883,0.012051,0.000000,0.000000,0.000000,0,1,0,1,20.116586,0,0,0,0
15.0125,,0.443941,0.443941,0.444883,0.012051,0.000000,0.000000,0.000000,0,1,0,1,20.250076,0,0,0,0
15.0326,,0.443941,0.443941,0.444883,0.012051,0.000000,0.000000,0.000000,0,1,0,1,20.273903,0,0,0,0
15.0526,,0.443941,0.443941,0.444883,0.012051,0.000000,0.000000,0.000000,0,1,0,1,20.069150,0,0,0,0
15.0727,,0.443941,0.443941,0.444883,0.012051,0.000000,0.000000,0.000000,0,1,0,1,20.066429,0,0,0,0
15.0927,,0.443941,0.443941,0.444883,0.012051,0.000000,0.000000,0.000000,0,1,0,1,20.068332,0,0,0,0
15.1128,,0.443941,0.443941,0.444883,0.012051,0.000000,0.000000,0.000000,0,1,0,1,20.101944,0,0,0,0
15.1337,,0.443941,0.443941,0.444883,0.012051,0.000000,0.000000,0.000000,0,1,0,1,20.196066,0,0,0,0
15.1535,,0.443941,0.443941,0.444883,0.012051,0.000000,0.000000,0.000000,0,1,0,1,20.182939,0,0,0,0
15.1735,,0.443941,0.443941,0.444883,0.012051,0.000000,0.000000,0.000000,0,1,0,1,20.073692,0,0,0,0
15.1935,,0.443941,0.443941,0.444883,0.012051,0.000000,0.000000,0.000000,0,1,0,1,20.048471,0,0,0,0
15.2135,,0.443941,0.443941,0.444883,0.012051,0.000000,0.000000,0.000000,0,1,0,1,20.066070,0,0,0,0
15.2336,,0.443941,0.443941,0.444883,0.012051,0.000000,0.000000,0.000000,0,1,0,1,20.079116,0,0,0,0
15.2535,,0.443941,0.443941,0.444883,0.012051,0.000000,0.000000,0.000000,0,1,0,1,20.065856,0,0,0,0
15.2736,,0.443941,0.443941,0.444883,0.012051,0.000000,0.000000,0.000000,0,1,0,1,20.067124,0,0,0,0
15.2935,,0.443941,0.443941,0.444883,0.012051,0.000000,0.000000,0.000000,0,1,0,1,20.209231,0,0,0,0
15.3147,,0.443941,0.443941,0.444883,0.012051,0.000000,0.000000,0.000000,0,1,0,1,20.161876,0,0,0,0
15.3345,,0.443941,0.443941,0.444883,0.012051,0.000000,0.000000,0.000000,0,1,0,1,20.104934,0,0,0,0
15.3545,,0.443941,0.443941,0.444883,0.012051,0.000000,0.000000,0.000000,0,1,0,1,20.103218,0,0,0,0
15.3746,,0.443941,0.443941,0.444883,0.012051,0.000000,0.000000,0.000000,0,1,0,1,20.129153,0,0,0,0
15.3947,,0.443941,0.443941,0.444883,0.012051,0.000000,0.000000,0.000000,0,1,0,1,20.104802,0,0,0,0
15.4157,,0.443941,0.443941,0.444883,0.012051,0.000000,0.000000,0.000000,0,1,0,1,20.094400,0,0,0,0
15.4346,,0.443941,0.443941,0.444883,0.012051,0.000000,0.000000,0.000000,0,1,0,1,20.232322,0,0,0,0
15.4557,,0.443941,0.443941,0.444883,0.012051,0.000000,0.000000,0.000000,0,1,0,1,20.320751,0,0,0,0
15.4756,,0.443941,0.443941,0.444883,0.012051,0.000000,0.000000,0.000000,0,1,0,1,20.169764,0,0,0,0
15.4957,,0.443941,0.443941,0.444883,0.012051,0.000000,0.000000,0.000000,0,1,0,1,20.252546,0,0,0,0
15.5157,,0.443941,0.443941,0.444883,0.012051,0.000000,0.000000,0.000000,0,1,0,1,20.246164,0,0,0,0
15.5366,,0.443941,0.443941,0.444883,0.012051,0.000000,0.000000,0.000000,0,1,0,1,20.286353,0,0,0,0
15.5566,,0.443941,0.443941,0.444883,0.012051,0.000000,0.000000,0.000000,0,1,0,1,20.218471,0,0,0,0
15.5765,,0.443941,0.443941,0.444883,0.012051,0.000000,0.000000,0.000000,0,1,0,1,20.407707,0,0,0,0
15.5965,,0.443941,0.443941,0.444883,0.012051,0.000000,0.000000,0.000000,0,1,0,1,20.144064,0,0,0,0
15.6178,,0.443941,0.443941,0.444883,0.012051,0.000000,0.000000,0.000000,0,1,0,1,20.137203,0,0,0,0
15.6374,,0.443941,0.443941,0.444883,0.012051,0.000000,0.000000,0.000000,0,1,0,1,20.123855,0,0,0,0
15.6579,,0.443941,0.443941,0.444883,0.012051,0.000000,0.000000,0.000000,0,1,0,1,20.082083,0,0,0,0
15.6776,,0.443941,0.443941,0.444883,0.012051,0.000000,0.000000,0.000000,0,1,0,1,20.082109,0,0,0,0
15.6978,,0.443941,0.443941,0.444883,0.012051,0.000000,0.000000,0.000000,0,1,0,1,20.362613,0,0,0,0
15.7175,,0.443941,0.443941,0.444883,0.012051,0.000000,0.000000,0.000000,0,1,0,1,20.196636,0,0,0,0
15.7389,,0.443941,0.443941,0.444883,0.012051,0.000000,0.000000,0.000000,0,1,0,1,20.118875,0,0,0,0
15.7587,,0.443941,0.443941,0.444883,0.012051,0.000000,0.000000,0.000000,0,1,0,1,20.229557,0,0,0,0
15.7787,,0.443941,0.443941,0.444883,0.012051,0.000000,0.000000,0.000000,0,1,0,1,20.202529,0,0,0,0
15.7987,,0.443941,0.443941,0.444883,0.012051,0.000000,0.000000,0.000000,0,1,0,1,20.297399,0,0,0,0
15.8187,,0.443941,0.443941,0.444883,0.012051,0.000000,0.000000,0.000000,0,1,0,1,20.222180,0,0,0,0
15.8397,,0.443941,0.443941,0.444883,0.012051,0.000000,0.000000,0.000000,0,1,0,1,20.213471,0,0,0,0
15.8597,,0.443941,0.443941,0.444883,0.012051,0.000000,0.000000,0.000000,0,1,0,1,20.204497,0,0,0,0
15.8798,,0.443941,0.443941,0.444883,0.012051,0.000000,0.000000,0.000000,0,1,0,1,20.180707,0,0,0,0
15.8997,,0.443941,0.443941,0.444883,0.012051,0.000000,0.000000,0.000000,0,1,0,1,20.348796,0,0,0,0
15.9207,,0.443941,0.443941,0.444883,0.012051,0.000000,0.000000,0.000000,0,1,0,1,20.200793,0,0,0,0
15.9407,,0.443941,0.443941,0.444883,0.012051,0.000000,0.000000,0.000000,0,1,0,1,20.204560,0,0,0,0
15.9607,,0.443941,0.443941,0.444883,0.012051,0.000000,0.000000,0.000000,0,1,0,1,20.204166,0,0,0,0
15.9807,,0.443941,0.443941,0.444883,0.012051,0.000000,0.000000,0.000000,0,1,0,1,20.242173,0,0,0,0
16.0007,,0.443941,0.443941,0.444883,0.012051,0.000000,0.000000,0.000000,0,1,0,1,20.099735,0,0,0,0
16.0221,,0.443941,0.443941,0.444883,0.012051,0.000000,0.000000,0.000000,0,1,0,1,20.232716,0,0,0,0
16.0416,,0.443941,0.443941,0.444883,0.012051,0.000000,0.000000,0.000000,0,1,0,1,20.198039,0,0,0,0
16.0619,,0.443941,0.443941,0.444883,0.012051,0.000000,0.000000,0.000000,0,1,0,1,20.210660,0,0,0,0
16.0820,,0.443941,0.443941,0.444883,0.012051,0.000000,0.000000,0.000000,0,1,0,1,20.193059,0,0,0,0
16.1016,,0.443941,0.443941,0.444883,0.012051,0.000000,0.000000,0.000000,0,1,0,1,20.208289,0,0,0,0
16.1227,,0.443941,0.443941,0.444883,0.012051,0.000000,0.000000,0.000000,0,1,0,1,20.209505,0,0,0,0
16.1428,,0.443941,0.443941,0.444883,0.012051,0.000000,0.000000,0.000000,0,1,0,1,20.202204,0,0,0,0
16.1627,,0.443941,0.443941,0.444883,0.012051,0.000000,0.000000,0.000000,0,1,0,1,20.200829,0,0,0,0
16.1825,,0.443941,0.443941,0.444883,0.012051,0.000000,0.000000,0.000000,0,1,0,1,20.248862,0,0,0,0
16.2026,,0.443941,0.443941,0.444883,0.012051,0.000000,0.000000,0.000000,0,1,0,1,20.065041,0,0,0,0
16.2225,,0.443941,0.443941,0.444883,0.012051,0.000000,0.000000,0.000000,0,1,0,1,20.082717,0,0,0,0
16.2426,,0.443941,0.443941,0.444883,0.012051,0.000000,0.000000,0.000000,0,1,0,1,20.071462,0,0,0,0
16.2626,,0.443941,0.443941,0.444883,0.012051,0.000000,0.000000,0.000000,0,1,0,1,20.064619,0,0,0,0
16.2836,,0.443941,0.443941,0.444883,0.012051,0.000000,0.000000,0.000000,0,1,0,1,20.080624,0,0,0,0
16.3035,,0.443941,0.443941,0.444883,0.012051,0.000000,0.000000,0.000000,0,1,0,1,20.092314,0,0,0,0
16.3236,,0.443941,0.443941,0.444883,0.012051,0.000000,0.000000,0.000000,0,1,0,1,20.165268,0,0,0,0
16.3436,,0.443941,0.443941,0.444883,0.012051,0.000000,0.000000,0.000000,0,1,0,1,20.156775,0,0,0,0
16.3635,,0.443941,0.443941,0.444883,0.012051,0.000000,0.000000,0.000000,0,1,0,1,20.075312,0,0,0,0
16.3836,,0.443941,0.443941,0.444883,0.012051,0.000000,0.000000,0.000000,0,1,0,1,20.074582,0,0,0,0
16.4035,,0.443941,0.443941,0.444883,0.012051,0.000000,0.000000,0.000000,0,1,0,1,20.070608,0,0,0,0
16.4237,,0.443941,0.443941,0.444883,0.012051,0.000000,0.000000,0.000000,0,1,0,1,20.176617,0,0,0,0
16.4445,,0.443941,0.443941,0.444883,0.012051,0.000000,0.000000,0.000000,0,1,0,1,20.117249,0,0,0,0
16.4645,,0.443941,0.443941,0.444883,0.012051,0.000000,0.000000,0.000000,0,1,0,1,20.098772,0,0,0,0
16.4846,,0.443941,0.443941,0.444883,0.012051,0.000000,0.000000,0.000000,0,1,0,1,20.092016,0,0,0,0
16.5048,,0.443941,0.443941,0.444883,0.012051,0.000000,0.000000,0.000000,0,1,0,1,20.092524,0,0,0,0
16.5245,,0.443941,0.443941,0.444883,0.012051,0.000000,0.000000,0.000000,0,1,0,1,20.087900,0,0,0,0
16.5445,,0.443941,0.443941,0.444883,0.012051,0.000000,0.000000,0.000000,0,1,0,1,20.070870,0,0,0,0
16.5647,,0.443941,0.443941,0.444883,0.012051,0.000000,0.000000,0.000000,0,1,0,1,20.066475,0,0,0,0
16.5847,,0.443941,0.443941,0.444883,0.012051,0.000000,0.000000,0.000000,0,1,0,1,20.189321,0,0,0,0
16.6057,,0.443941,0.443941,0.444883,0.012051,0.000000,0.000000,0.000000,0,1,0,1,20.251920,0,0,0,0
16.6256,,0.443941,0.443941,0.444883,0.012051,0.000000,0.000000,0.000000,0,1,0,1,20.199319,0,0,0,0
16.6455,,0.443941,0.443941,0.444883,0.012051,0.000000,0.000000,0.000000,0,1,0,1,20.245023,0,0,0,0
16.6655,,0.443941,0.443941,0.444883,0.012051,0.000000,0.000000,0.000000,0,1,0,1,20.067542,0,0,0,0
16.6856,,0.443941,0.443941,0.444883,0.012051,0.000000,0.000000,0.000000,0,1,0,1,20.115120,0,0,0,0
16.7056,,0.443941,0.443941,0.444883,0.012051,0.000000,0.000000,0.000000,0,1,0,1,20.203222,0,0,0,0
16.7257,,0.443941,0.443941,0.444883,0.012051,0.000000,0.000000,0.000000,0,1,0,1,20.102384,0,0,0,0
16.7466,,0.443941,0.443941,0.444883,0.012051,0.000000,0.000000,0.000000,0,1,0,1,20.238432,0,0,0,0
16.7667,,0.443941,0.443941,0.444883,0.012051,0.000000,0.000000,0.000000,0,1,0,1,20.281476,0,0,0,0
16.7865,,0.443941,0.443941,0.444883,0.012051,0.000000,0.000000,0.000000,0,1,0,1,20.227972,0,0,0,0
16.8068,,0.443941,0.443941,0.444883,0.012051,0.000000,0.000000,0.000000,0,1,0,1,20.213137,0,0,0,0
16.8276,,0.443941,0.443941,0.444883,0.012051,0.000000,0.000000,0.000000,0,1,0,1,20.226000,0,0,0,0
16.8476,,0.443941,0.443941,0.444883,0.012051,0.000000,0.000000,0.000000,0,1,0,1,20.210299,0,0,0,0
16.8676,,0.443941,0.443941,0.444883,0.012051,0.000000,0.000000,0.000000,0,1,0,1,20.252143,0,0,0,0
16.8876,,0.443941,0.443941,0.444883,0.012051,0.000000,0.000000,0.000000,0,1,0,1,20.199998,0,0,0,0
16.9076,,0.443941,0.443941,0.444883,0.012051,0.000000,0.000000,0.000000,0,1,0,1,20.213874,0,0,0,0
16.9287,,0.443941,0.443941,0.444883,0.012051,0.000000,0.000000,0.000000,0,1,0,1,20.207970,0,0,0,0
16.9487,,0.443941,0.443941,0.444883,0.012051,0.000000,0.000000,0.000000,0,1,0,1,20.201177,0,0,0,0
16.9686,,0.443941,0.443941,0.444883,0.012051,0.000000,0.000000,0.000000,0,1,0,1,20.236874,0,0,0,0
16.9887,,0.443941,0.443941,0.444883,0.012051,0.000000,0.000000,0.000000,0,1,0,1,20.208016,0,0,0,0
17.0096,,0.443941,0.443941,0.444883,0.012051,0.000000,0.000000,0.000000,0,1,0,1,20.191367,0,0,0,0
17.0296,,0.443941,0.443941,0.444883,0.012051,0.000000,0.000000,0.000000,0,1,0,1,20.205072,0,0,0,0
17.0496,,0.443941,0.443941,0.444883,0.012051,0.000000,0.000000,0.000000,0,1,0,1,20.267667,0,0,0,0
17.0697,,0.443941,0.443941,0.444883,0.012051,0.000000,0.000000,0.000000,0,1,0,1,20.197467,0,0,0,0
17.0896,,0.443941,0.443941,0.444883,0.012051,0.000000,0.000000,0.000000,0,1,0,1,20.225042,0,0,0,0
17.1106,,0.443941,0.443941,0.444883,0.012051,0.000000,0.000000,0.000000,0,1,0,1,20.231537,0,0,0,0
17.1307,,0.443941,0.443941,0.444883,0.012051,0.000000,0.000000,0.000000,0,1,0,1,20.456492,0,0,0,0
17.1507,,0.443941,0.443941,0.444883,0.012051,0.000000,0.000000,0.000000,0,1,0,1,20.315176,0,0,0,0
17.1716,,0.443941,0.443941,0.444883,0.012051,0.000000,0.000000,0.000000,0,1,0,1,20.204703,0,0,0,0
17.1916,,0.443941,0.443941,0.444883,0.012051,0.000000,0.000000,0.000000,0,1,0,1,20.223529,0,0,0,0
17.2118,,0.443941,0.443941,0.444883,0.012051,0.000000,0.000000,0.000000,0,1,0,1,20.257105,0,0,0,0
17.2316,,0.443941,0.443941,0.444883,0.012051,0.000000,0.000000,0.000000,0,1,0,1,20.208757,0,0,0,0
17.2527,,0.443941,0.443941,0.444883,0.012051,0.000000,0.000000,0.000000,0,1,0,1,20.236198,0,0,0,0
17.2726,,0.443941,0.443941,0.444883,0.012051,0.000000,0.000000,0.000000,0,1,0,1,20.224276,0,0,0,0
17.2926,,0.443941,0.443941,0.444883,0.012051,0.000000,0.000000,0.000000,0,1,0,1,20.202409,0,0,0,0
17.3127,,0.443941,0.443941,0.444883,0.012051,0.000000,0.000000,0.000000,0,1,0,1,20.082463,0,0,0,0
17.3326,,0.443941,0.443941,0.444883,0.012051,0.000000,0.000000,0.000000,0,1,0,1,20.072734,0,0,0,0
17.3524,,0.443941,0.443941,0.444883,0.012051,0.000000,0.000000,0.000000,0,1,0,1,20.271392,0,0,0,0
17.3735,,0.443941,0.443941,0.444883,0.012051,0.000000,0.000000,0.000000,0,1,0,1,20.186458,0,0,0,0
17.3936,,0.443941,0.443941,0.444883,0.012051,0.000000,0.000000,0.000000,0,1,0,1,20.133774,0,0,0,0
17.4136,,0.443941,0.443941,0.444883,0.012051,0.000000,0.000000,0.000000,0,1,0,1,20.081850,0,0,0,0
17.4339,,0.443941,0.443941,0.444883,0.012051,0.000000,0.000000,0.000000,0,1,0,1,20.181971,0,0,0,0
17.4537,,0.443941,0.443941,0.444883,0.012051,0.000000,0.000000,0.000000,0,1,0,1,20.118178,0,0,0,0
17.4736,,0.443941,0.443941,0.444883,0.012051,0.000000,0.000000,0.000000,0,1,0,1,20.073257,0,0,0,0
17.4936,,0.443941,0.443941,0.444883,0.012051,0.000000,0.000000,0.000000,0,1,0,1,20.074050,0,0,0,0
17.5136,,0.443941,0.443941,0.444883,0.012051,0.000000,0.000000,0.000000,0,1,0,1,20.075427,0,0,0,0
17.5336,,0.443941,0.443941,0.444883,0.012051,0.000000,0.000000,0.000000,0,1,0,1,20.101970,0,0,0,0
17.5536,,0.443941,0.443941,0.444883,0.012051,0.000000,0.000000,0.000000,0,1,0,1,20.067042,0,0,0,0
17.5746,,0.443941,0.443941,0.444883,0.012051,0.000000,0.000000,0.000000,0,1,0,1,20.090707,0,0,0,0
17.5945,,0.443941,0.443941,0.444883,0.012051,0.000000,0.000000,0.000000,0,1,0,1,20.071416,0,0,0,0
17.6145,,0.443941,0.443941,0.444883,0.012051,0.000000,0.000000,0.000000,0,1,0,1,20.108439,0,0,0,0
17.6348,,0.443941,0.443941,0.444883,0.012051,0.000000,0.000000,0.000000,0,1,0,1,20.114335,0,0,0,0
17.6545,,0.443941,0.443941,0.444883,0.012051,0.000000,0.000000,0.000000,0,1,0,1,20.102029,0,0,0,0
17.6757,,0.443941,0.443941,0.444883,0.012051,0.000000,0.000000,0.000000,0,1,0,1,20.374665,0,0,0,0
17.6947,,0.443941,0.443941,0.444883,0.012051,0.000000,0.000000,0.000000,0,1,0,1,20.077929,0,0,0,0
17.7157,,0.443941,0.443941,0.444883,0.012051,0.000000,0.000000,0.000000,0,1,0,1,20.336030,0,0,0,0
17.7357,,0.443941,0.443941,0.444883,0.012051,0.000000,0.000000,0.000000,0,1,0,1,20.289006,0,0,0,0
17.7557,,0.443941,0.443941,0.444883,0.012051,0.000000,0.000000,0.000000,0,1,0,1,20.219048,0,0,0,0
17.7757,,0.443941,0.443941,0.444883,0.012051,0.000000,0.000000,0.000000,0,1,0,1,20.112751,0,0,0,0
17.7965,,0.443941,0.443941,0.444883,0.012051,0.000000,0.000000,0.000000,0,1,0,1,20.173762,0,0,0,0
17.8165,,0.443941,0.443941,0.444883,0.012051,0.000000,0.000000,0.000000,0,1,0,1,20.069095,0,0,0,0
17.8366,,0.443941,0.443941,0.444883,0.012051,0.000000,0.000000,0.000000,0,1,0,1,20.090098,0,0,0,0
17.8566,,0.443941,0.443941,0.444883,0.012051,0.000000,0.000000,0.000000,0,1,0,1,20.100650,0,0,0,0
17.8766,,0.443941,0.443941,0.444883,0.012051,0.000000,0.000000,0.000000,0,1,0,1,20.121504,0,0,0,0
17.8967,,0.443941,0.443941,0.444883,0.012051,0.000000,0.000000,0.000000,0,1,0,1,20.064884,0,0,0,0
17.9165,,0.443941,0.443941,0.444883,0.012051,0.000000,0.000000,0.000000,0,1,0,1,20.063571,0,0,0,0
17.9365,,0.443941,0.443941,0.444883,0.012051,0.000000,0.000000,0.000000,0,1,0,1,20.062694,0,0,0,0
17.9566,,0.443941,0.443941,0.444883,0.012051,0.000000,0.000000,0.000000,0,1,0,1,20.064781,0,0,0,0
17.9765,,0.443941,0.443941,0.444883,0.012051,0.000000,0.000000,0.000000,0,1,0,1,20.063774,0,0,0,0
17.9965,,0.443941,0.443941,0.444883,0.012051,0.000000,0.000000,0.000000,0,1,0,1,20.095678,0,0,0,0
18.0165,,0.443941,0.443941,0.444883,0.012051,0.000000,0.000000,0.000000,0,1,0,1,20.104263,0,0,0,0
18.0378,,0.443941,0.443941,0.444883,0.012051,0.000000,0.000000,0.000000,0,1,0,1,20.188620,0,0,0,0
18.0577,,0.443941,0.443941,0.444883,0.012051,0.000000,0.000000,0.000000,0,1,0,1,20.244166,0,0,0,0
18.0775,,0.443941,0.443941,0.444883,0.012051,0.000000,0.000000,0.000000,0,1,0,1,20.181447,0,0,0,0
18.0975,,0.443941,0.443941,0.444883,0.012051,0.000000,0.000000,0.000000,0,1,0,1,20.246323,0,0,0,0
18.1185,,0.443941,0.443941,0.444883,0.012051,0.000000,0.000000,0.000000,0,1,0,1,20.263889,0,0,0,0
18.1385,,0.443941,0.443941,0.444883,0.012051,0.000000,0.000000,0.000000,0,1,0,1,20.220519,0,0,0,0
18.1585,,0.443941,0.443941,0.444883,0.012051,0.000000,0.000000,0.000000,0,1,0,1,20.235281,0,0,0,0
18.1785,,0.443941,0.443941,0.444883,0.012051,0.000000,0.000000,0.000000,0,1,0,1,20.076907,0,0,0,0
18.1985,,0.443941,0.443941,0.444883,0.012051,0.000000,0.000000,0.000000,0,1,0,1,20.235542,0,0,0,0
18.2196,,0.443941,0.443941,0.444883,0.012051,0.000000,0.000000,0.000000,0,1,0,1,20.196998,0,0,0,0
18.2396,,0.443941,0.443941,0.444883,0.012051,0.000000,0.000000,0.000000,0,1,0,1,20.230221,0,0,0,0
18.2596,,0.443941,0.443941,0.444883,0.012051,0.000000,0.000000,0.000000,0,1,0,1,20.140575,0,0,0,0
18.2796,,0.443941,0.443941,0.444883,0.012051,0.000000,0.000000,0.000000,0,1,0,1,20.234339,0,0,0,0
18.2995,,0.443941,0.443941,0.444883,0.012051,0.000000,0.000000,0.000000,0,1,0,1,20.077839,0,0,0,0
18.3194,,0.443941,0.443941,0.444883,0.012051,0.000000,0.000000,0.000000,0,1,0,1,20.213788,0,0,0,0
18.3405,,0.443941,0.443941,0.444883,0.012051,0.000000,0.000000,0.000000,0,1,0,1,20.109022,0,0,0,0
18.3605,,0.443941,0.443941,0.444883,0.012051,0.000000,0.000000,0.000000,0,1,0,1,20.192727,0,0,0,0
18.3805,,0.443941,0.443941,0.444883,0.012051,0.000000,0.000000,0.000000,0,1,0,1,20.204399,0,0,0,0
18.4006,,0.443941,0.443941,0.444883,0.012051,0.000000,0.000000,0.000000,0,1,0,1,20.284424,0,0,0,0
18.4206,,0.443941,0.443941,0.444883,0.012051,0.000000,0.000000,0.000000,0,1,0,1,20.244046,0,0,0,0
18.4415,,0.443941,0.443941,0.444883,0.012051,0.000000,0.000000,0.000000,0,1,0,1,20.198788,0,0,0,0
18.4615,,0.443941,0.443941,0.444883,0.012051,0.000000,0.000000,0.000000,0,1,0,1,20.189323,0,0,0,0
18.4819,,0.443941,0.443941,0.444883,0.012051,0.000000,0.000000,0.000000,0,1,0,1,20.224064,0,0,0,0
18.5017,,0.443941,0.443941,0.444883,0.012051,0.000000,0.000000,0.000000,0,1,0,1,20.324261,0,0,0,0
18.5228,,0.443941,0.443941,0.444883,0.012051,0.000000,0.000000,0.000000,0,1,0,1,20.181089,0,0,0,0
18.5427,,0.443941,0.443941,0.444883,0.012051,0.000000,0.000000,0.000000,0,1,0,1,20.160019,0,0,0,0
18.5628,,0.443941,0.443941,0.444883,0.012051,0.000000,0.000000,0.000000,0,1,0,1,20.206650,0,0,0,0
18.5827,,0.443941,0.443941,0.444883,0.012051,0.000000,0.000000,0.000000,0,1,0,1,20.225906,0,0,0,0
18.6026,,0.443941,0.443941,0.444883,0.012051,0.000000,0.000000,0.000000,0,1,0,1,20.204272,0,0,0,0
18.6235,,0.443941,0.443941,0.444883,0.012051,0.000000,0.000000,0.000000,0,1,0,1,20.142133,0,0,0,0
18.6435,,0.443941,0.443941,0.444883,0.012051,0.000000,0.000000,0.000000,0,1,0,1,20.189961,0,0,0,0
18.6635,,0.443941,0.443941,0.444883,0.012051,0.000000,0.000000,0.000000,0,1,0,1,20.195393,0,0,0,0
18.6837,,0.443941,0.443941,0.444883,0.012051,0.000000,0.000000,0.000000,0,1,0,1,20.210536,0,0,0,0
18.7035,,0.443941,0.443941,0.444883,0.012051,0.000000,0.000000,0.000000,0,1,0,1,20.194683,0,0,0,0
18.7235,,0.443941,0.443941,0.444883,0.012051,0.000000,0.000000,0.000000,0,1,0,1,20.185671,0,0,0,0
18.7446,,0.443941,0.443941,0.444883,0.012051,0.000000,0.000000,0.000000,0,1,0,1,20.212192,0,0,0,0
18.7646,,0.443941,0.443941,0.444883,0.012051,0.000000,0.000000,0.000000,0,1,0,1,20.234571,0,0,0,0
18.7846,,0.443941,0.443941,0.444883,0.012051,0.000000,0.000000,0.000000,0,1,0,1,20.096047,0,0,0,0
18.8046,,0.443941,0.443941,0.444883,0.012051,0.000000,0.000000,0.000000,0,1,0,1,20.133945,0,0,0,0
18.8245,,0.443941,0.443941,0.444883,0.012051,0.000000,0.000000,0.000000,0,1,0,1,20.079669,0,0,0,0
18.8445,,0.443941,0.443941,0.444883,0.012051,0.000000,0.000000,0.000000,0,1,0,1,20.121478,0,0,0,0
18.8656,,0.443941,0.443941,0.444883,0.012051,0.000000,0.000000,0.000000,0,1,0,1,20.109568,0,0,0,0
18.8856,,0.443941,0.443941,0.444883,0.012051,0.000000,0.000000,0.000000,0,1,0,1,20.101847,0,0,0,0
18.9056,,0.443941,0.443941,0.444883,0.012051,0.000000,0.000000,0.000000,0,1,0,1,20.064550,0,0,0,0
18.9257,,0.443941,0.443941,0.444883,0.012051,0.000000,0.000000,0.000000,0,1,0,1,20.105249,0,0,0,0
18.9457,,0.443941,0.443941,0.444883,0.012051,0.000000,0.000000,0.000000,0,1,0,1,20.067942,0,0,0,0
18.9657,,0.443941,0.443941,0.444883,0.012051,0.000000,0.000000,0.000000,0,1,0,1,20.049234,0,0,0,0
18.9857,,0.443941,0.443941,0.444883,0.012051,0.000000,0.000000,0.000000,0,1,0,1,20.150245,0,0,0,0
19.0056,,0.443941,0.443941,0.444883,0.012051,0.000000,0.000000,0.000000,0,1,0,1,20.103597,0,0,0,0
19.0255,,0.443941,0.443941,0.444883,0.012051,0.000000,0.000000,0.000000,0,1,0,1,20.068455,0,0,0,0
19.0458,,0.443941,0.443941,0.444883,0.012051,0.000000,0.000000,0.000000,0,1,0,1,20.078686,0,0,0,0
19.0657,,0.443941,0.443941,0.444883,0.012051,0.000000,0.000000,0.000000,0,1,0,1,20.069780,0,0,0,0
19.0856,,0.443941,0.443941,0.444883,0.012051,0.000000,0.000000,0.000000,0,1,0,1,20.068436,0,0,0,0
19.1056,,0.443941,0.443941,0.444883,0.012051,0.000000,0.000000,0.000000,0,1,0,1,20.095188,0,0,0,0
19.1265,,0.443941,0.443941,0.444883,0.012051,0.000000,0.000000,0.000000,0,1,0,1,20.095824,0,0,0,0
19.1465,,0.443941,0.443941,0.444883,0.012051,0.000000,0.000000,0.000000,0,1,0,1,20.100178,0,0,0,0
19.1666,,0.443941,0.443941,0.444883,0.012051,0.000000,0.000000,0.000000,0,1,0,1,20.082122,0,0,0,0
19.1867,,0.443941,0.443941,0.444883,0.012051,0.000000,0.000000,0.000000,0,1,0,1,20.188657,0,0,0,0
19.2065,,0.443941,0.443941,0.444883,0.012051,0.000000,0.000000,0.000000,0,1,0,1,20.078830,0,0,0,0
19.2266,,0.443941,0.443941,0.444883,0.012051,0.000000,0.000000,0.000000,0,1,0,1,20.193958,0,0,0,0
19.2466,,0.443941,0.443941,0.444883,0.012051,0.000000,0.000000,0.000000,0,1,0,1,20.103102,0,0,0,0
19.2666,,0.443941,0.443941,0.444883,0.012051,0.000000,0.000000,0.000000,0,1,0,1,20.156658,0,0,0,0
19.2877,,0.443941,0.443941,0.444883,0.012051,0.000000,0.000000,0.000000,0,1,0,1,20.164881,0,0,0,0
19.3076,,0.443941,0.443941,0.444883,0.012051,0.000000,0.000000,0.000000,0,1,0,1,20.227829,0,0,0,0
19.3276,,0.443941,0.443941,0.444883,0.012051,0.000000,0.000000,0.000000,0,1,0,1,20.207752,0,0,0,0
19.3475,,0.443941,0.443941,0.444883,0.012051,0.000000,0.000000,0.000000,0,1,0,1,20.077914,0,0,0,0
19.3675,,0.443941,0.443941,0.444883,0.012051,0.000000,0.000000,0.000000,0,1,0,1,20.214100,0,0,0,0
19.3886,,0.443941,0.443941,0.444883,0.012051,0.000000,0.000000,0.000000,0,1,0,1,20.195443,0,0,0,0
19.4085,,0.443941,0.443941,0.444883,0.012051,0.000000,0.000000,0.000000,0,1,0,1,20.141160,0,0,0,0
19.4285,,0.443941,0.443941,0.444883,0.012051,0.000000,0.000000,0.000000,0,1,0,1,20.085734,0,0,0,0
19.4486,,0.443941,0.443941,0.444883,0.012051,0.000000,0.000000,0.000000,0,1,0,1,20.294730,0,0,0,0
19.4687,,0.443941,0.443941,0.444883,0.012051,0.000000,0.000000,0.000000,0,1,0,1,20.085944,0,0,0,0
19.4887,,0.443941,0.443941,0.444883,0.012051,0.000000,0.000000,0.000000,0,1,0,1,20.219834,0,0,0,0
19.5098,,0.443941,0.443941,0.444883,0.012051,0.000000,0.000000,0.000000,0,1,0,1,20.203346,0,0,0,0
19.5297,,0.443941,0.443941,0.444883,0.012051,0.000000,0.000000,0.000000,0,1,0,1,20.129561,0,0,0,0
19.5499,,0.443941,0.443941,0.444883,0.012051,0.000000,0.000000,0.000000,0,1,0,1,20.267280,0,0,0,0
19.5696,,0.443941,0.443941,0.444883,0.012051,0.000000,0.000000,0.000000,0,1,0,1,20.070818,0,0,0,0
19.5896,,0.443941,0.443941,0.444883,0.012051,0.000000,0.000000,0.000000,0,1,0,1,20.061277,0,0,0,0
19.6098,,0.443941,0.443941,0.444883,0.012051,0.000000,0.000000,0.000000,0,1,0,1,20.286060,0,0,0,0
19.6307,,0.443941,0.443941,0.444883,0.012051,0.000000,0.000000,0.000000,0,1,0,1,20.122367,0,0,0,0
19.6507,,0.443941,0.443941,0.444883,0.012051,0.000000,0.000000,0.000000,0,1,0,1,20.297984,0,0,0,0
19.6715,,0.443941,0.443941,0.444883,0.012051,0.000000,0.000000,0.000000,0,1,0,1,20.908857,0,0,0,0
19.6918,,0.443941,0.443941,0.444883,0.012051,0.000000,0.000000,0.000000,0,1,0,1,20.244237,0,0,0,0
19.7116,,0.443941,0.443941,0.444883,0.012051,0.000000,0.000000,0.000000,0,1,0,1,20.076703,0,0,0,0
19.7316,,0.443941,0.443941,0.444883,0.012051,0.000000,0.000000,0.000000,0,1,0,1,20.191096,0,0,0,0
19.7517,,0.443941,0.443941,0.444883,0.012051,0.000000,0.000000,0.000000,0,1,0,1,20.079479,0,0,0,0
19.7727,,0.443941,0.443941,0.444883,0.012051,0.000000,0.000000,0.000000,0,1,0,1,20.191244,0,0,0,0
19.7928,,0.443941,0.443941,0.444883,0.012051,0.000000,0.000000,0.000000,0,1,0,1,20.196151,0,0,0,0
19.8126,,0.443941,0.443941,0.444883,0.012051,0.000000,0.000000,0.000000,0,1,0,1,20.110285,0,0,0,0
19.8326,,0.443941,0.443941,0.444883,0.012051,0.000000,0.000000,0.000000,0,1,0,1,20.073520,0,0,0,0
19.8527,,0.443941,0.443941,0.444883,0.012051,0.000000,0.000000,0.000000,0,1,0,1,20.203294,0,0,0,0
19.8727,,0.443941,0.443941,0.444883,0.012051,0.000000,0.000000,0.000000,0,1,0,1,20.224976,0,0,0,0
19.8937,,0.443941,0.443941,0.444883,0.012051,0.000000,0.000000,0.000000,0,1,0,1,20.207319,0,0,0,0
19.9136,,0.443941,0.443941,0.444883,0.012051,0.000000,0.000000,0.000000,0,1,0,1,20.215176,0,0,0,0
19.9336,,0.443941,0.443941,0.444883,0.012051,0.000000,0.000000,0.000000,0,1,0,1,20.225893,0,0,0,0
19.9537,,0.443941,0.443941,0.444883,0.012051,0.000000,0.000000,0.000000,0,1,0,1,20.209266,0,0,0,0
19.9736,,0.443941,0.443941,0.444883,0.012051,0.000000,0.000000,0.000000,0,1,0,1,20.232169,0,0,0,0
19.9947,,0.443941,0.443941,0.444883,0.012051,0.000000,0.000000,0.000000,0,1,0,1,20.205185,0,0,0,0
20.0146,,0.443941,0.443941,0.444883,0.012051,0.000000,0.000000,0.000000,0,1,0,1,20.210844,0,0,0,0
20.0347,,0.443941,0.443941,0.444883,0.012051,0.000000,0.000000,0.000000,0,1,0,1,20.165043,0,0,0,0
20.0547,,0.443941,0.443941,0.444883,0.012051,0.000000,0.000000,0.000000,0,1,0,1,20.204245,0,0,0,0
20.0749,,0.443941,0.443941,0.444883,0.012051,0.000000,0.000000,0.000000,0,1,0,1,20.199517,0,0,0,0
20.0957,,0.443941,0.443941,0.444883,0.012051,0.000000,0.000000,0.000000,0,1,0,1,20.299385,0,0,0,0
20.1158,,0.443941,0.443941,0.444883,0.012051,0.000000,0.000000,0.000000,0,1,0,1,20.087921,0,0,0,0
20.1356,,0.443941,0.443941,0.444883,0.012051,0.000000,0.000000,0.000000,0,1,0,1,20.254971,0,0,0,0
20.1557,,0.443941,0.443941,0.444883,0.012051,0.000000,0.000000,0.000000,0,1,0,1,20.284547,0,0,0,0
20.1757,,0.443941,0.443941,0.444883,0.012051,0.000000,0.000000,0.000000,0,1,0,1,20.158446,0,0,0,0
20.1966,,0.443941,0.443941,0.444883,0.012051,0.000000,0.000000,0.000000,0,1,0,1,20.219080,0,0,0,0
20.2167,,0.443941,0.443941,0.444883,0.012051,0.000000,0.000000,0.000000,0,1,0,1,20.233489,0,0,0,0
20.2366,,0.443941,0.443941,0.444883,0.012051,0.000000,0.000000,0.000000,0,1,0,1,20.208302,0,0,0,0
20.2567,,0.443941,0.443941,0.444883,0.012051,0.000000,0.000000,0.000000,0,1,0,1,20.226292,0,0,0,0
20.2778,,0.443941,0.443941,0.444883,0.012051,0.000000,0.000000,0.000000,0,1,0,1,20.175288,0,0,0,0
20.2977,,0.443941,0.443941,0.444883,0.012051,0.000000,0.000000,0.000000,0,1,0,1,20.241165,0,0,0,0
20.3176,,0.443941,0.443941,0.444883,0.012051,0.000000,0.000000,0.000000,0,1,0,1,20.291056,0,0,0,0
20.3376,,0.443941,0.443941,0.444883,0.012051,0.000000,0.000000,0.000000,0,1,0,1,20.192005,0,0,0,0
20.3577,,0.443941,0.443941,0.444883,0.012051,0.000000,0.000000,0.000000,0,1,0,1,20.115242,0,0,0,0
20.3787,,0.443941,0.443941,0.444883,0.012051,0.000000,0.000000,0.000000,0,1,0,1,20.211487,0,0,0,0
20.3987,,0.443941,0.443941,0.444883,0.012051,0.000000,0.000000,0.000000,0,1,0,1,20.248797,0,0,0,0
20.4186,,0.443941,0.443941,0.444883,0.012051,0.000000,0.000000,0.000000,0,1,0,1,20.228201,0,0,0,0
20.4386,,0.443941,0.443941,0.444883,0.012051,0.000000,0.000000,0.000000,0,1,0,1,20.122892,0,0,0,0
20.4585,,0.443941,0.443941,0.444883,0.012051,0.000000,0.000000,0.000000,0,1,0,1,20.154525,0,0,0,0
20.4785,,0.443941,0.443941,0.444883,0.012051,0.000000,0.000000,0.000000,0,1,0,1,20.158130,0,0,0,0
20.4995,,0.443941,0.443941,0.444883,0.012051,0.000000,0.000000,0.000000,0,1,0,1,20.170955,0,0,0,0
20.5196,,0.443941,0.443941,0.444883,0.012051,0.000000,0.000000,0.000000,0,1,0,1,20.306336,0,0,0,0
20.5395,,0.443941,0.443941,0.444883,0.012051,0.000000,0.000000,0.000000,0,1,0,1,20.069462,0,0,0,0
20.5606,,0.443941,0.443941,0.444883,0.012051,0.000000,0.000000,0.000000,0,1,0,1,20.600550,0,0,0,0
20.5806,,0.443941,0.443941,0.444883,0.012051,0.000000,0.000000,0.000000,0,1,0,1,20.522504,0,0,0,0
20.6005,,0.443941,0.443941,0.444883,0.012051,0.000000,0.000000,0.000000,0,1,0,1,20.071401,0,0,0,0
20.6206,,0.443941,0.443941,0.444883,0.012051,0.000000,0.000000,0.000000,0,1,0,1,20.106213,0,0,0,0
20.6406,,0.443941,0.443941,0.444883,0.012051,0.000000,0.000000,0.000000,0,1,0,1,20.157530,0,0,0,0
20.6616,,0.443941,0.443941,0.444883,0.012051,0.000000,0.000000,0.000000,0,1,0,1,20.176766,0,0,0,0
20.6816,,0.443941,0.443941,0.444883,0.012051,0.000000,0.000000,0.000000,0,1,0,1,20.078641,0,0,0,0
20.7016,,0.443941,0.443941,0.444883,0.012051,0.000000,0.000000,0.000000,0,1,0,1,20.252441,0,0,0,0
20.7216,,0.443941,0.443941,0.444883,0.012051,0.000000,0.000000,0.000000,0,1,0,1,20.071737,0,0,0,0
20.7415,,0.443941,0.443941,0.444883,0.012051,0.000000,0.000000,0.000000,0,1,0,1,20.067116,0,0,0,0
20.7615,,0.443941,0.443941,0.444883,0.012051,0.000000,0.000000,0.000000,0,1,0,1,20.104862,0,0,0,0
20.7816,,0.443941,0.443941,0.444883,0.012051,0.000000,0.000000,0.000000,0,1,0,1,20.110261,0,0,0,0
20.8026,,0.443941,0.443941,0.444883,0.012051,0.000000,0.000000,0.000000,0,1,0,1,20.154705,0,0,0,0
20.8226,,0.443941,0.443941,0.444883,0.012051,0.000000,0.000000,0.000000,0,1,0,1,20.183623,0,0,0,0
20.8426,,0.443941,0.443941,0.444883,0.012051,0.000000,0.000000,0.000000,0,1,0,1,20.065408,0,0,0,0
20.8625,,0.443941,0.443941,0.444883,0.012051,0.000000,0.000000,0.000000,0,1,0,1,20.042628,0,0,0,0
20.8825,,0.443941,0.443941,0.444883,0.012051,0.000000,0.000000,0.000000,0,1,0,1,20.098605,0,0,0,0
20.9025,,0.443941,0.443941,0.444883,0.012051,0.000000,0.000000,0.000000,0,1,0,1,20.070614,0,0,0,0
20.9225,,0.443941,0.443941,0.444883,0.012051,0.000000,0.000000,0.000000,0,1,0,1,20.074008,0,0,0,0
20.9426,,0.443941,0.443941,0.444883,0.012051,0.000000,0.000000,0.000000,0,1,0,1,20.065812,0,0,0,0
20.9627,,0.443941,0.443941,0.444883,0.012051,0.000000,0.000000,0.000000,0,1,0,1,20.088267,0,0,0,0
20.9825,,0.443941,0.443941,0.444883,0.012051,0.000000,0.000000,0.000000,0,1,0,1,20.090265,0,0,0,0
21.0025,,0.443941,0.443941,0.444883,0.012051,0.000000,0.000000,0.000000,0,1,0,1,20.094326,0,0,0,0
21.0226,,0.443941,0.443941,0.444883,0.012051,0.000000,0.000000,0.000000,0,1,0,1,20.087161,0,0,0,0
21.0435,,0.443941,0.443941,0.444883,0.012051,0.000000,0.000000,0.000000,0,1,0,1,20.199023,0,0,0,0
21.0636,,0.443941,0.443941,0.444883,0.012051,0.000000,0.000000,0.000000,0,1,0,1,20.163211,0,0,0,0
21.0835,,0.443941,0.443941,0.444883,0.012051,0.000000,0.000000,0.000000,0,1,0,1,20.179993,0,0,0,0
21.1036,,0.443941,0.443941,0.444883,0.012051,0.000000,0.000000,0.000000,0,1,0,1,20.128354,0,0,0,0
21.1235,,0.443941,0.443941,0.444883,0.012051,0.000000,0.000000,0.000000,0,1,0,1,20.184248,0,0,0,0
21.1436,,0.443941,0.443941,0.444883,0.012051,0.000000,0.000000,0.000000,0,1,0,1,20.150322,0,0,0,0
21.1646,,0.443941,0.443941,0.444883,0.012051,0.000000,0.000000,0.000000,0,1,0,1,20.163502,0,0,0,0
21.1846,,0.443941,0.443941,0.444883,0.012051,0.000000,0.000000,0.000000,0,1,0,1,20.178759,0,0,0,0
21.2045,,0.443941,0.443941,0.444883,0.012051,0.000000,0.000000,0.000000,0,1,0,1,20.154596,0,0,0,0
21.2246,,0.443941,0.443941,0.444883,0.012051,0.000000,0.000000,0.000000,0,1,0,1,20.193324,0,0,0,0
21.2445,,0.443941,0.443941,0.444883,0.012051,0.000000,0.000000,0.000000,0,1,0,1,20.158304,0,0,0,0
21.2646,,0.443941,0.443941,0.444883,0.012051,0.000000,0.000000,0.000000,0,1,0,1,20.155505,0,0,0,0
21.2856,,0.443941,0.443941,0.444883,0.012051,0.000000,0.000000,0.000000,0,1,0,1,20.161777,0,0,0,0
21.3056,,0.443941,0.443941,0.444883,0.012051,0.000000,0.000000,0.000000,0,1,0,1,20.304441,0,0,0,0
21.3256,,0.443941,0.443941,0.444883,0.012051,0.000000,0.000000,0.000000,0,1,0,1,20.124704,0,0,0,0
21.3455,,0.443941,0.443941,0.444883,0.012051,0.000000,0.000000,0.000000,0,1,0,1,20.125019,0,0,0,0
21.3656,,0.443941,0.443941,0.444883,0.012051,0.000000,0.000000,0.000000,0,1,0,1,20.169250,0,0,0,0
21.3855,,0.443941,0.443941,0.444883,0.012051,0.000000,0.000000,0.000000,0,1,0,1,20.150986,0,0,0,0
21.4068,,0.443941,0.443941,0.444883,0.012051,0.000000,0.000000,0.000000,0,1,0,1,20.282611,0,0,0,0
21.4266,,0.443941,0.443941,0.444883,0.012051,0.000000,0.000000,0.000000,0,1,0,1,20.197860,0,0,0,0
21.4465,,0.443941,0.443941,0.444883,0.012051,0.000000,0.000000,0.000000,0,1,0,1,20.084652,0,0,0,0
21.4675,,0.443941,0.443941,0.444883,0.012051,0.000000,0.000000,0.000000,0,1,0,1,20.483653,0,0,0,0
21.4880,,0.443941,0.443941,0.444883,0.012051,0.000000,0.000000,0.000000,0,1,0,1,20.278603,0,0,0,0
21.5077,,0.443941,0.443941,0.444883,0.012051,0.000000,0.000000,0.000000,0,1,0,1,20.145754,0,0,0,0
21.5276,,0.443941,0.443941,0.444883,0.012051,0.000000,0.000000,0.000000,0,1,0,1,20.287973,0,0,0,0
21.5487,,0.443941,0.443941,0.444883,0.012051,0.000000,0.000000,0.000000,0,1,0,1,20.271391,0,0,0,0
21.5686,,0.443941,0.443941,0.444883,0.012051,0.000000,0.000000,0.000000,0,1,0,1,20.085499,0,0,0,0
21.5886,,0.443941,0.443941,0.444883,0.012051,0.000000,0.000000,0.000000,0,1,0,1,20.380966,0,0,0,0
21.6086,,0.443941,0.443941,0.444883,0.012051,0.000000,0.000000,0.000000,0,1,0,1,20.096740,0,0,0,0
21.6286,,0.443941,0.443941,0.444883,0.012051,0.000000,0.000000,0.000000,0,1,0,1,20.110009,0,0,0,0
21.6485,,0.443941,0.443941,0.444883,0.012051,0.000000,0.000000,0.000000,0,1,0,1,20.256881,0,0,0,0
21.6695,,0.443941,0.443941,0.444883,0.012051,0.000000,0.000000,0.000000,0,1,0,1,20.080648,0,0,0,0
21.6897,,0.443941,0.443941,0.444883,0.012051,0.000000,0.000000,0.000000,0,1,0,1,20.104773,0,0,0,0
21.7097,,0.443941,0.443941,0.444883,0.012051,0.000000,0.000000,0.000000,0,1,0,1,20.092084,0,0,0,0
21.7295,,0.443941,0.443941,0.444883,0.012051,0.000000,0.000000,0.000000,0,1,0,1,20.292011,0,0,0,0
21.7498,,0.443941,0.443941,0.444883,0.012051,0.000000,0.000000,0.000000,0,1,0,1,20.100605,0,0,0,0
21.7697,,0.443941,0.443941,0.444883,0.012051,0.000000,0.000000,0.000000,0,1,0,1,20.080281,0,0,0,0
21.7896,,0.443941,0.443941,0.444883,0.012051,0.000000,0.000000,0.000000,0,1,0,1,20.064580,0,0,0,0
21.8097,,0.443941,0.443941,0.444883,0.012051,0.000000,0.000000,0.000000,0,1,0,1,20.193776,0,0,0,0
21.8306,,0.443941,0.443941,0.444883,0.012051,0.000000,0.000000,0.000000,0,1,0,1,20.284373,0,0,0,0
21.8506,,0.443941,0.443941,0.444883,0.012051,0.000000,0.000000,0.000000,0,1,0,1,20.201594,0,0,0,0
21.8706,,0.443941,0.443941,0.444883,0.012051,0.000000,0.000000,0.000000,0,1,0,1,20.100533,0,0,0,0
21.8905,,0.443941,0.443941,0.444883,0.012051,0.000000,0.000000,0.000000,0,1,0,1,20.083304,0,0,0,0
21.9106,,0.443941,0.443941,0.444883,0.012051,0.000000,0.000000,0.000000,0,1,0,1,20.086543,0,0,0,0
21.9305,,0.443941,0.443941,0.444883,0.012051,0.000000,0.000000,0.000000,0,1,0,1,20.117743,0,0,0,0
21.9516,,0.443941,0.443941,0.444883,0.012051,0.000000,0.000000,0.000000,0,1,0,1,20.175587,0,0,0,0
21.9716,,0.443941,0.443941,0.444883,0.012051,0.000000,0.000000,0.000000,0,1,0,1,20.201330,0,0,0,0
21.9915,,0.443941,0.443941,0.444883,0.012051,0.000000,0.000000,0.000000,0,1,0,1,20.174081,0,0,0,0
22.0115,,0.443941,0.443941,0.444883,0.012051,0.000000,0.000000,0.000000,0,1,0,1,20.076524,0,0,0,0
22.0315,,0.443941,0.443941,0.444883,0.012051,0.000000,0.000000,0.000000,0,1,0,1,20.079987,0,0,0,0
22.0517,,0.443941,0.443941,0.444883,0.012051,0.000000,0.000000,0.000000,0,1,0,1,20.182632,0,0,0,0
22.0716,,0.443941,0.443941,0.444883,0.012051,0.000000,0.000000,0.000000,0,1,0,1,20.113770,0,0,0,0
22.0928,,0.443941,0.443941,0.444883,0.012051,0.000000,0.000000,0.000000,0,1,0,1,20.186356,0,0,0,0
22.1126,,0.443941,0.443941,0.444883,0.012051,0.000000,0.000000,0.000000,0,1,0,1,20.199079,0,0,0,0
22.1326,,0.443941,0.443941,0.444883,0.012051,0.000000,0.000000,0.000000,0,1,0,1,20.198892,0,0,0,0
22.1526,,0.443941,0.443941,0.444883,0.012051,0.000000,0.000000,0.000000,0,1,0,1,20.083707,0,0,0,0
22.1726,,0.443941,0.443941,0.444883,0.012051,0.000000,0.000000,0.000000,0,1,0,1,20.081278,0,0,0,0
22.1926,,0.443941,0.443941,0.444883,0.012051,0.000000,0.000000,0.000000,0,1,0,1,20.078646,0,0,0,0
22.2126,,0.443941,0.443941,0.444883,0.012051,0.000000,0.000000,0.000000,0,1,0,1,20.111909,0,0,0,0
22.2327,,0.443941,0.443941,0.444883,0.012051,0.000000,0.000000,0.000000,0,1,0,1,20.106159,0,0,0,0
22.2537,,0.443941,0.443941,0.444883,0.012051,0.000000,0.000000,0.000000,0,1,0,1,20.110956,0,0,0,0
22.2736,,0.443941,0.443941,0.444883,0.012051,0.000000,0.000000,0.000000,0,1,0,1,20.075066,0,0,0,0
22.2937,,0.443941,0.443941,0.444883,0.012051,0.000000,0.000000,0.000000,0,1,0,1,20.075621,0,0,0,0
22.3137,,0.443941,0.443941,0.444883,0.012051,0.000000,0.000000,0.000000,0,1,0,1,20.072409,0,0,0,0
22.3336,,0.443941,0.443941,0.444883,0.012051,0.000000,0.000000,0.000000,0,1,0,1,20.211888,0,0,0,0
22.3536,,0.443941,0.443941,0.444883,0.012051,0.000000,0.000000,0.000000,0,1,0,1,20.075243,0,0,0,0
22.3736,,0.443941,0.443941,0.444883,0.012051,0.000000,0.000000,0.000000,0,1,0,1,20.084614,0,0,0,0
22.3936,,0.443941,0.443941,0.444883,0.012051,0.000000,0.000000,0.000000,0,1,0,1,20.073093,0,0,0,0
22.4137,,0.443941,0.443941,0.444883,0.012051,0.000000,0.000000,0.000000,0,1,0,1,20.107209,0,0,0,0
22.4335,,0.443941,0.443941,0.444883,0.012051,0.000000,0.000000,0.000000,0,1,0,1,20.096320,0,0,0,0
22.4546,,0.443941,0.443941,0.444883,0.012051,0.000000,0.000000,0.000000,0,1,0,1,20.127796,0,0,0,0
22.4745,,0.443941,0.443941,0.444883,0.012051,0.000000,0.000000,0.000000,0,1,0,1,20.143976,0,0,0,0
22.4946,,0.443941,0.443941,0.444883,0.012051,0.000000,0.000000,0.000000,0,1,0,1,20.262372,0,0,0,0
22.5146,,0.443941,0.443941,0.444883,0.012051,0.000000,0.000000,0.000000,0,1,0,1,20.037088,0,0,0,0
22.5346,,0.443941,0.443941,0.444883,0.012051,0.000000,0.000000,0.000000,0,1,0,1,20.081381,0,0,0,0
22.5546,,0.443941,0.443941,0.444883,0.012051,0.000000,0.000000,0.000000,0,1,0,1,20.080157,0,0,0,0
22.5746,,0.443941,0.443941,0.444883,0.012051,0.000000,0.000000,0.000000,0,1,0,1,20.072450,0,0,0,0
22.5957,,0.443941,0.443941,0.444883,0.012051,0.000000,0.000000,0.000000,0,1,0,1,20.370337,0,0,0,0
22.6156,,0.443941,0.443941,0.444883,0.012051,0.000000,0.000000,0.000000,0,1,0,1,20.171501,0,0,0,0
22.6356,,0.443941,0.443941,0.444883,0.012051,0.000000,0.000000,0.000000,0,1,0,1,20.205202,0,0,0,0
22.6556,,0.443941,0.443941,0.444883,0.012051,0.000000,0.000000,0.000000,0,1,0,1,20.070941,0,0,0,0
22.6755,,0.443941,0.443941,0.444883,0.012051,0.000000,0.000000,0.000000,0,1,0,1,20.073403,0,0,0,0
22.6957,,0.443941,0.443941,0.444883,0.012051,0.000000,0.000000,0.000000,0,1,0,1,20.107104,0,0,0,0
22.7156,,0.443941,0.443941,0.444883,0.012051,0.000000,0.000000,0.000000,0,1,0,1,20.190328,0,0,0,0
22.7367,,0.443941,0.443941,0.444883,0.012051,0.000000,0.000000,0.000000,0,1,0,1,20.201799,0,0,0,0
22.7566,,0.443941,0.443941,0.444883,0.012051,0.000000,0.000000,0.000000,0,1,0,1,20.268067,0,0,0,0
22.7766,,0.443941,0.443941,0.444883,0.012051,0.000000,0.000000,0.000000,0,1,0,1,20.209856,0,0,0,0
22.7966,,0.443941,0.443941,0.444883,0.012051,0.000000,0.000000,0.000000,0,1,0,1,20.081864,0,0,0,0
22.8166,,0.443941,0.443941,0.444883,0.012051,0.000000,0.000000,0.000000,0,1,0,1,20.126366,0,0,0,0
22.8365,,0.443941,0.443941,0.444883,0.012051,0.000000,0.000000,0.000000,0,1,0,1,20.167313,0,0,0,0
22.8577,,0.443941,0.443941,0.444883,0.012051,0.000000,0.000000,0.000000,0,1,0,1,20.208439,0,0,0,0
22.8778,,0.443941,0.443941,0.444883,0.012051,0.000000,0.000000,0.000000,0,1,0,1,20.191728,0,0,0,0
22.8977,,0.443941,0.443941,0.444883,0.012051,0.000000,0.000000,0.000000,0,1,0,1,20.225806,0,0,0,0
22.9176,,0.443941,0.443941,0.444883,0.012051,0.000000,0.000000,0.000000,0,1,0,1,20.112246,0,0,0,0
22.9377,,0.443941,0.443941,0.444883,0.012051,0.000000,0.000000,0.000000,0,1,0,1,20.080023,0,0,0,0
22.9578,,0.443941,0.443941,0.444883,0.012051,0.000000,0.000000,0.000000,0,1,0,1,20.198410,0,0,0,0
22.9786,,0.443941,0.443941,0.444883,0.012051,0.000000,0.000000,0.000000,0,1,0,1,20.194237,0,0,0,0
22.9987,,0.443941,0.443941,0.444883,0.012051,0.000000,0.000000,0.000000,0,1,0,1,20.198832,0,0,0,0
23.0187,,0.443941,0.443941,0.444883,0.012051,0.000000,0.000000,0.000000,0,1,0,1,20.079045,0,0,0,0
23.0387,,0.443941,0.443941,0.444883,0.012051,0.000000,0.000000,0.000000,0,1,0,1,20.230394,0,0,0,0
23.0586,,0.443941,0.443941,0.444883,0.012051,0.000000,0.000000,0.000000,0,1,0,1,20.139935,0,0,0,0
23.0787,,0.443941,0.443941,0.444883,0.012051,0.000000,0.000000,0.000000,0,1,0,1,20.112120,0,0,0,0
23.0997,,0.443941,0.443941,0.444883,0.012051,0.000000,0.000000,0.000000,0,1,0,1,20.153598,0,0,0,0
23.1197,,0.443941,0.443941,0.444883,0.012051,0.000000,0.000000,0.000000,0,1,0,1,20.204358,0,0,0,0
23.1398,,0.443941,0.443941,0.444883,0.012051,0.000000,0.000000,0.000000,0,1,0,1,20.176663,0,0,0,0
23.1598,,0.443941,0.443941,0.444883,0.012051,0.000000,0.000000,0.000000,0,1,0,1,20.077295,0,0,0,0
23.1797,,0.443941,0.443941,0.444883,0.012051,0.000000,0.000000,0.000000,0,1,0,1,20.077577,0,0,0,0
23.1997,,0.443941,0.443941,0.444883,0.012051,0.000000,0.000000,0.000000,0,1,0,1,20.079444,0,0,0,0
23.2198,,0.443941,0.443941,0.444883,0.012051,0.000000,0.000000,0.000000,0,1,0,1,20.082097,0,0,0,0
23.2398,,0.443941,0.443941,0.444883,0.012051,0.000000,0.000000,0.000000,0,1,0,1,20.271038,0,0,0,0
23.2607,,0.443941,0.443941,0.444883,0.012051,0.000000,0.000000,0.000000,0,1,0,1,20.217512,0,0,0,0
23.2807,,0.443941,0.443941,0.444883,0.012051,0.000000,0.000000,0.000000,0,1,0,1,20.227960,0,0,0,0
23.3007,,0.443941,0.443941,0.444883,0.012051,0.000000,0.000000,0.000000,0,1,0,1,20.406978,0,0,0,0
23.3218,,0.443941,0.443941,0.444883,0.012051,0.000000,0.000000,0.000000,0,1,0,1,20.232697,0,0,0,0
23.3417,,0.443941,0.443941,0.444883,0.012051,0.000000,0.000000,0.000000,0,1,0,1,20.192319,0,0,0,0
23.3616,,0.443941,0.443941,0.444883,0.012051,0.000000,0.000000,0.000000,0,1,0,1,20.218295,0,0,0,0
23.3818,,0.443941,0.443941,0.444883,0.012051,0.000000,0.000000,0.000000,0,1,0,1,20.188632,0,0,0,0
23.4016,,0.443941,0.443941,0.444883,0.012051,0.000000,0.000000,0.000000,0,1,0,1,20.192116,0,0,0,0
23.4217,,0.443941,0.443941,0.444883,0.012051,0.000000,0.000000,0.000000,0,1,0,1,20.133401,0,0,0,0
23.4427,,0.443941,0.443941,0.444883,0.012051,0.000000,0.000000,0.000000,0,1,0,1,20.180193,0,0,0,0
23.4627,,0.443941,0.443941,0.444883,0.012051,0.000000,0.000000,0.000000,0,1,0,1,20.180474,0,0,0,0
23.4826,,0.443941,0.443941,0.444883,0.012051,0.000000,0.000000,0.000000,0,1,0,1,20.088534,0,0,0,0
23.5030,,0.443941,0.443941,0.444883,0.012051,0.000000,0.000000,0.000000,0,1,0,1,20.082835,0,0,0,0
23.5228,,0.443941,0.443941,0.444883,0.012051,0.000000,0.000000,0.000000,0,1,0,1,20.075316,0,0,0,0
23.5429,,0.443941,0.443941,0.444883,0.012051,0.000000,0.000000,0.000000,0,1,0,1,20.095699,0,0,0,0
23.5628,,0.443941,0.443941,0.444883,0.012051,0.000000,0.000000,0.000000,0,1,0,1,20.099839,0,0,0,0
23.5828,,0.443941,0.443941,0.444883,0.012051,0.000000,0.000000,0.000000,0,1,0,1,20.186500,0,0,0,0
23.6038,,0.443941,0.443941,0.444883,0.012051,0.000000,0.000000,0.000000,0,1,0,1,20.157113,0,0,0,0
23.6237,,0.443941,0.443941,0.444883,0.012051,0.000000,0.000000,0.000000,0,1,0,1,20.168898,0,0,0,0
23.6437,,0.443941,0.443941,0.444883,0.012051,0.000000,0.000000,0.000000,0,1,0,1,20.103702,0,0,0,0
23.6638,,0.443941,0.443941,0.444883,0.012051,0.000000,0.000000,0.000000,0,1,0,1,20.205016,0,0,0,0
23.6837,,0.443941,0.443941,0.444883,0.012051,0.000000,0.000000,0.000000,0,1,0,1,20.191305,0,0,0,0
23.7036,,0.443941,0.443941,0.444883,0.012051,0.000000,0.000000,0.000000,0,1,0,1,20.105096,0,0,0,0
23.7248,,0.443941,0.443941,0.444883,0.012051,0.000000,0.000000,0.000000,0,1,0,1,20.088739,0,0,0,0
23.7447,,0.443941,0.443941,0.444883,0.012051,0.000000,0.000000,0.000000,0,1,0,1,20.065684,0,0,0,0
23.7647,,0.443941,0.443941,0.444883,0.012051,0.000000,0.000000,0.000000,0,1,0,1,20.081237,0,0,0,0
23.7846,,0.443941,0.443941,0.444883,0.012051,0.000000,0.000000,0.000000,0,1,0,1,20.065228,0,0,0,0
23.8048,,0.443941,0.443941,0.444883,0.012051,0.000000,0.000000,0.000000,0,1,0,1,20.055949,0,0,0,0
23.8248,,0.443941,0.443941,0.444883,0.012051,0.000000,0.000000,0.000000,0,1,0,1,20.060332,0,0,0,0
23.8446,,0.443941,0.443941,0.444883,0.012051,0.000000,0.000000,0.000000,0,1,0,1,20.063633,0,0,0,0
23.8646,,0.443941,0.443941,0.444883,0.012051,0.000000,0.000000,0.000000,0,1,0,1,20.063017,0,0,0,0
23.8845,,0.443941,0.443941,0.444883,0.012051,0.000000,0.000000,0.000000,0,1,0,1,20.064284,0,0,0,0
23.9045,,0.443941,0.443941,0.444883,0.012051,0.000000,0.000000,0.000000,0,1,0,1,20.222624,0,0,0,0
23.9245,,0.443941,0.443941,0.444883,0.012051,0.000000,0.000000,0.000000,0,1,0,1,20.078215,0,0,0,0
23.9445,,0.443941,0.443941,0.444883,0.012051,0.000000,0.000000,0.000000,0,1,0,1,20.060597,0,0,0,0
23.9647,,0.443941,0.443941,0.444883,0.012051,0.000000,0.000000,0.000000,0,1,0,1,20.076665,0,0,0,0
23.9858,,0.443941,0.443941,0.444883,0.012051,0.000000,0.000000,0.000000,0,1,0,1,20.062544,0,0,0,0
24.0057,,0.443941,0.443941,0.444883,0.012051,0.000000,0.000000,0.000000,0,1,0,1,20.199586,0,0,0,0
24.0257,,0.443941,0.443941,0.444883,0.012051,0.000000,0.000000,0.000000,0,1,0,1,20.175530,0,0,0,0
24.0458,,0.443941,0.443941,0.444883,0.012051,0.000000,0.000000,0.000000,0,1,0,1,20.201049,0,0,0,0
24.0656,,0.443941,0.443941,0.444883,0.012051,0.000000,0.000000,0.000000,0,1,0,1,20.371952,0,0,0,0
24.0867,,0.443941,0.443941,0.444883,0.012051,0.000000,0.000000,0.000000,0,1,0,1,20.195010,0,0,0,0
24.1067,,0.443941,0.443941,0.444883,0.012051,0.000000,0.000000,0.000000,0,1,0,1,20.218776,0,0,0,0
24.1267,,0.443941,0.443941,0.444883,0.012051,0.000000,0.000000,0.000000,0,1,0,1,20.186154,0,0,0,0
24.1468,,0.443941,0.443941,0.444883,0.012051,0.000000,0.000000,0.000000,0,1,0,1,20.234421,0,0,0,0
24.1676,,0.443941,0.443941,0.444883,0.012051,0.000000,0.000000,0.000000,0,1,0,1,20.245459,0,0,0,0
24.1876,,0.443941,0.443941,0.444883,0.012051,0.000000,0.000000,0.000000,0,1,0,1,20.102495,0,0,0,0
24.2078,,0.443941,0.443941,0.444883,0.012051,0.000000,0.000000,0.000000,0,1,0,1,20.098999,0,0,0,0
24.2279,,0.443941,0.443941,0.444883,0.012051,0.000000,0.000000,0.000000,0,1,0,1,20.077625,0,0,0,0
24.2477,,0.443941,0.443941,0.444883,0.012051,0.000000,0.000000,0.000000,0,1,0,1,20.059946,0,0,0,0
24.2676,,0.443941,0.443941,0.444883,0.012051,0.000000,0.000000,0.000000,0,1,0,1,20.061444,0,0,0,0
24.2876,,0.443941,0.443941,0.444883,0.012051,0.000000,0.000000,0.000000,0,1,0,1,20.059901,0,0,0,0
24.3078,,0.443941,0.443941,0.444883,0.012051,0.000000,0.000000,0.000000,0,1,0,1,20.063891,0,0,0,0
24.3277,,0.443941,0.443941,0.444883,0.012051,0.000000,0.000000,0.000000,0,1,0,1,20.201222,0,0,0,0
24.3478,,0.443941,0.443941,0.444883,0.012051,0.000000,0.000000,0.000000,0,1,0,1,20.184916,0,0,0,0
24.3687,,0.443941,0.443941,0.444883,0.012051,0.000000,0.000000,0.000000,0,1,0,1,20.190031,0,0,0,0
24.3887,,0.443941,0.443941,0.444883,0.012051,0.000000,0.000000,0.000000,0,1,0,1,20.210313,0,0,0,0
24.4088,,0.443941,0.443941,0.444883,0.012051,0.000000,0.000000,0.000000,0,1,0,1,20.226611,0,0,0,0
24.4286,,0.443941,0.443941,0.444883,0.012051,0.000000,0.000000,0.000000,0,1,0,1,20.082308,0,0,0,0
24.4487,,0.443941,0.443941,0.444883,0.012051,0.000000,0.000000,0.000000,0,1,0,1,20.216390,0,0,0,0
24.4697,,0.443941,0.443941,0.444883,0.012051,0.000000,0.000000,0.000000,0,1,0,1,20.200902,0,0,0,0
24.4898,,0.443941,0.443941,0.444883,0.012051,0.000000,0.000000,0.000000,0,1,0,1,20.321867,0,0,0,0
24.5097,,0.443941,0.443941,0.444883,0.012051,0.000000,0.000000,0.000000,0,1,0,1,20.073294,0,0,0,0
24.5297,,0.443941,0.443941,0.444883,0.012051,0.000000,0.000000,0.000000,0,1,0,1,20.073011,0,0,0,0
24.5496,,0.443941,0.443941,0.444883,0.012051,0.000000,0.000000,0.000000,0,1,0,1,20.070614,0,0,0,0
24.5697,,0.443941,0.443941,0.444883,0.012051,0.000000,0.000000,0.000000,0,1,0,1,20.091013,0,0,0,0
24.5896,,0.443941,0.443941,0.444883,0.012051,0.000000,0.000000,0.000000,0,1,0,1,20.091924,0,0,0,0
24.6096,,0.443941,0.443941,0.444883,0.012051,0.000000,0.000000,0.000000,0,1,0,1,20.090820,0,0,0,0
24.6296,,0.443941,0.443941,0.444883,0.012051,0.000000,0.000000,0.000000,0,1,0,1,20.086836,0,0,0,0
24.6506,,0.443941,0.443941,0.444883,0.012051,0.000000,0.000000,0.000000,0,1,0,1,20.063183,0,0,0,0
24.6706,,0.443941,0.443941,0.444883,0.012051,0.000000,0.000000,0.000000,0,1,0,1,20.206064,0,0,0,0
24.6907,,0.443941,0.443941,0.444883,0.012051,0.000000,0.000000,0.000000,0,1,0,1,20.167946,0,0,0,0
24.7106,,0.443941,0.443941,0.444883,0.012051,0.000000,0.000000,0.000000,0,1,0,1,20.099994,0,0,0,0
24.7307,,0.443941,0.443941,0.444883,0.012051,0.000000,0.000000,0.000000,0,1,0,1,20.077031,0,0,0,0
24.7506,,0.443941,0.443941,0.444883,0.012051,0.000000,0.000000,0.000000,0,1,0,1,20.101036,0,0,0,0
24.7707,,0.443941,0.443941,0.444883,0.012051,0.000000,0.000000,0.000000,0,1,0,1,20.095229,0,0,0,0
24.7906,,0.443941,0.443941,0.444883,0.012051,0.000000,0.000000,0.000000,0,1,0,1,20.092959,0,0,0,0
24.8106,,0.443941,0.443941,0.444883,0.012051,0.000000,0.000000,0.000000,0,1,0,1,20.082330,0,0,0,0
24.8316,,0.443941,0.443941,0.444883,0.012051,0.000000,0.000000,0.000000,0,1,0,1,20.066337,0,0,0,0
24.8516,,0.443941,0.443941,0.444883,0.012051,0.000000,0.000000,0.000000,0,1,0,1,20.097991,0,0,0,0
24.8716,,0.443941,0.443941,0.444883,0.012051,0.000000,0.000000,0.000000,0,1,0,1,20.069316,0,0,0,0
24.8918,,0.443941,0.443941,0.444883,0.012051,0.000000,0.000000,0.000000,0,1,0,1,20.087146,0,0,0,0
24.9115,,0.443941,0.443941,0.444883,0.012051,0.000000,0.000000,0.000000,0,1,0,1,20.074959,0,0,0,0
24.9316,,0.443941,0.443941,0.444883,0.012051,0.000000,0.000000,0.000000,0,1,0,1,20.079829,0,0,0,0
24.9515,,0.443941,0.443941,0.444883,0.012051,0.000000,0.000000,0.000000,0,1,0,1,20.064534,0,0,0,0
24.9717,,0.443941,0.443941,0.444883,0.012051,0.000000,0.000000,0.000000,0,1,0,1,20.095870,0,0,0,0
24.9916,,0.443941,0.443941,0.444883,0.012051,0.000000,0.000000,0.000000,0,1,0,1,20.097891,0,0,0,0
25.0116,,0.443941,0.443941,0.444883,0.012051,0.000000,0.000000,0.000000,0,1,0,1,20.095797,0,0,0,0
25.0317,,0.443941,0.443941,0.444883,0.012051,0.000000,0.000000,0.000000,0,1,0,1,20.199011,0,0,0,0
25.0526,,0.443941,0.443941,0.444883,0.012051,0.000000,0.000000,0.000000,0,1,0,1,20.176550,0,0,0,0
25.0727,,0.443941,0.443941,0.444883,0.012051,0.000000,0.000000,0.000000,0,1,0,1,20.268459,0,0,0,0
25.0926,,0.443941,0.443941,0.444883,0.012051,0.000000,0.000000,0.000000,0,1,0,1,20.175073,0,0,0,0
25.1126,,0.443941,0.443941,0.444883,0.012051,0.000000,0.000000,0.000000,0,1,0,1,20.103330,0,0,0,0
25.1326,,0.443941,0.443941,0.444883,0.012051,0.000000,0.000000,0.000000,0,1,0,1,20.165025,0,0,0,0
25.1537,,0.443941,0.443941,0.444883,0.012051,0.000000,0.000000,0.000000,0,1,0,1,20.194859,0,0,0,0
25.1737,,0.443941,0.443941,0.444883,0.012051,0.000000,0.000000,0.000000,0,1,0,1,20.111540,0,0,0,0
25.1938,,0.443941,0.443941,0.444883,0.012051,0.000000,0.000000,0.000000,0,1,0,1,20.095595,0,0,0,0
25.2137,,0.443941,0.443941,0.444883,0.012051,0.000000,0.000000,0.000000,0,1,0,1,20.073533,0,0,0,0
25.2337,,0.443941,0.443941,0.444883,0.012051,0.000000,0.000000,0.000000,0,1,0,1,20.081169,0,0,0,0
25.2536,,0.443941,0.443941,0.444883,0.012051,0.000000,0.000000,0.000000,0,1,0,1,20.078742,0,0,0,0
25.2736,,0.443941,0.443941,0.444883,0.012051,0.000000,0.000000,0.000000,0,1,0,1,20.069808,0,0,0,0
25.2936,,0.443941,0.443941,0.444883,0.012051,0.000000,0.000000,0.000000,0,1,0,1,20.224460,0,0,0,0
25.3136,,0.443941,0.443941,0.444883,0.012051,0.000000,0.000000,0.000000,0,1,0,1,20.074783,0,0,0,0
25.3337,,0.443941,0.443941,0.444883,0.012051,0.000000,0.000000,0.000000,0,1,0,1,20.103971,0,0,0,0
25.3546,,0.443941,0.443941,0.444883,0.012051,0.000000,0.000000,0.000000,0,1,0,1,20.076290,0,0,0,0
25.3747,,0.443941,0.443941,0.444883,0.012051,0.000000,0.000000,0.000000,0,1,0,1,20.079470,0,0,0,0
25.3947,,0.443941,0.443941,0.444883,0.012051,0.000000,0.000000,0.000000,0,1,0,1,20.074357,0,0,0,0
25.4147,,0.443941,0.443941,0.444883,0.012051,0.000000,0.000000,0.000000,0,1,0,1,20.086364,0,0,0,0
25.4347,,0.443941,0.443941,0.444883,0.012051,0.000000,0.000000,0.000000,0,1,0,1,20.115992,0,0,0,0
25.4546,,0.443941,0.443941,0.444883,0.012051,0.000000,0.000000,0.000000,0,1,0,1,20.067193,0,0,0,0
25.4746,,0.443941,0.443941,0.444883,0.012051,0.000000,0.000000,0.000000,0,1,0,1,20.088401,0,0,0,0
25.4946,,0.443941,0.443941,0.444883,0.012051,0.000000,0.000000,0.000000,0,1,0,1,20.071579,0,0,0,0
25.5148,,0.443941,0.443941,0.444883,0.012051,0.000000,0.000000,0.000000,0,1,0,1,20.074235,0,0,0,0
25.5347,,0.443941,0.443941,0.444883,0.012051,0.000000,0.000000,0.000000,0,1,0,1,20.074583,0,0,0,0
25.5546,,0.443941,0.443941,0.444883,0.012051,0.000000,0.000000,0.000000,0,1,0,1,20.099458,0,0,0,0
25.5758,,0.443941,0.443941,0.444883,0.012051,0.000000,0.000000,0.000000,0,1,0,1,20.102978,0,0,0,0
25.5957,,0.443941,0.443941,0.444883,0.012051,0.000000,0.000000,0.000000,0,1,0,1,20.073014,0,0,0,0
25.6156,,0.443941,0.443941,0.444883,0.012051,0.000000,0.000000,0.000000,0,1,0,1,20.113065,0,0,0,0
25.6356,,0.443941,0.443941,0.444883,0.012051,0.000000,0.000000,0.000000,0,1,0,1,20.090599,0,0,0,0
25.6556,,0.443941,0.443941,0.444883,0.012051,0.000000,0.000000,0.000000,0,1,0,1,20.130342,0,0,0,0
25.6758,,0.443941,0.443941,0.444883,0.012051,0.000000,0.000000,0.000000,0,1,0,1,20.076089,0,0,0,0
25.6957,,0.443941,0.443941,0.444883,0.012051,0.000000,0.000000,0.000000,0,1,0,1,20.073260,0,0,0,0
25.7157,,0.443941,0.443941,0.444883,0.012051,0.000000,0.000000,0.000000,0,1,0,1,20.086449,0,0,0,0
25.7359,,0.443941,0.443941,0.444883,0.012051,0.000000,0.000000,0.000000,0,1,0,1,20.279942,0,0,0,0
25.7571,,0.443941,0.443941,0.444883,0.012051,0.000000,0.000000,0.000000,0,1,0,1,20.104455,0,0,0,0
25.7768,,0.443941,0.443941,0.444883,0.012051,0.000000,0.000000,0.000000,0,1,0,1,20.193362,0,0,0,0
25.7968,,0.443941,0.443941,0.444883,0.012051,0.000000,0.000000,0.000000,0,1,0,1,20.148404,0,0,0,0
25.8166,,0.443941,0.443941,0.444883,0.012051,0.000000,0.000000,0.000000,0,1,0,1,20.089466,0,0,0,0
25.8368,,0.443941,0.443941,0.444883,0.012051,0.000000,0.000000,0.000000,0,1,0,1,20.132018,0,0,0,0
25.8570,,0.443941,0.443941,0.444883,0.012051,0.000000,0.000000,0.000000,0,1,0,1,20.145438,0,0,0,0
25.8766,,0.443941,0.443941,0.444883,0.012051,0.000000,0.000000,0.000000,0,1,0,1,20.082257,0,0,0,0
25.8966,,0.443941,0.443941,0.444883,0.012051,0.000000,0.000000,0.000000,0,1,0,1,20.072841,0,0,0,0
25.9166,,0.443941,0.443941,0.444883,0.012051,0.000000,0.000000,0.000000,0,1,0,1,20.066964,0,0,0,0
25.9378,,0.443941,0.443941,0.444883,0.012051,0.000000,0.000000,0.000000,0,1,0,1,20.131163,0,0,0,0
25.9579,,0.443941,0.443941,0.444883,0.012051,0.000000,0.000000,0.000000,0,1,0,1,20.119547,0,0,0,0
25.9777,,0.443941,0.443941,0.444883,0.012051,0.000000,0.000000,0.000000,0,1,0,1,20.254517,0,0,0,0
25.9977,,0.443941,0.443941,0.444883,0.012051,0.000000,0.000000,0.000000,0,1,0,1,20.199333,0,0,0,0
26.0176,,0.443941,0.443941,0.444883,0.012051,0.000000,0.000000,0.000000,0,1,0,1,20.156791,0,0,0,0
26.0376,,0.443941,0.443941,0.444883,0.012051,0.000000,0.000000,0.000000,0,1,0,1,20.079560,0,0,0,0
26.0587,,0.443941,0.443941,0.444883,0.012051,0.000000,0.000000,0.000000,0,1,0,1,20.188125,0,0,0,0
26.0787,,0.443941,0.443941,0.444883,0.012051,0.000000,0.000000,0.000000,0,1,0,1,20.343918,0,0,0,0
26.0987,,0.443941,0.443941,0.444883,0.012051,0.000000,0.000000,0.000000,0,1,0,1,20.085207,0,0,0,0
26.1187,,0.443941,0.443941,0.444883,0.012051,0.000000,0.000000,0.000000,0,1,0,1,20.080007,0,0,0,0
26.1386,,0.443941,0.443941,0.444883,0.012051,0.000000,0.000000,0.000000,0,1,0,1,20.112675,0,0,0,0
26.1586,,0.443941,0.443941,0.444883,0.012051,0.000000,0.000000,0.000000,0,1,0,1,20.185001,0,0,0,0
26.1797,,0.443941,0.443941,0.444883,0.012051,0.000000,0.000000,0.000000,0,1,0,1,20.229649,0,0,0,0
26.1997,,0.443941,0.443941,0.444883,0.012051,0.000000,0.000000,0.000000,0,1,0,1,20.099144,0,0,0,0
26.2197,,0.443941,0.443941,0.444883,0.012051,0.000000,0.000000,0.000000,0,1,0,1,20.110391,0,0,0,0
26.2397,,0.443941,0.443941,0.444883,0.012051,0.000000,0.000000,0.000000,0,1,0,1,20.071434,0,0,0,0
26.2598,,0.443941,0.443941,0.444883,0.012051,0.000000,0.000000,0.000000,0,1,0,1,20.064001,0,0,0,0
26.2798,,0.443941,0.443941,0.444883,0.012051,0.000000,0.000000,0.000000,0,1,0,1,20.073324,0,0,0,0
26.2998,,0.443941,0.443941,0.444883,0.012051,0.000000,0.000000,0.000000,0,1,0,1,20.068043,0,0,0,0
26.3197,,0.443941,0.443941,0.444883,0.012051,0.000000,0.000000,0.000000,0,1,0,1,20.104882,0,0,0,0
26.3407,,0.443941,0.443941,0.444883,0.012051,0.000000,0.000000,0.000000,0,1,0,1,20.076947,0,0,0,0
26.3607,,0.443941,0.443941,0.444883,0.012051,0.000000,0.000000,0.000000,0,1,0,1,20.265590,0,0,0,0
26.3807,,0.443941,0.443941,0.444883,0.012051,0.000000,0.000000,0.000000,0,1,0,1,20.201776,0,0,0,0
26.4007,,0.443941,0.443941,0.444883,0.012051,0.000000,0.000000,0.000000,0,1,0,1,20.120051,0,0,0,0
26.4207,,0.443941,0.443941,0.444883,0.012051,0.000000,0.000000,0.000000,0,1,0,1,20.160669,0,0,0,0
26.4407,,0.443941,0.443941,0.444883,0.012051,0.000000,0.000000,0.000000,0,1,0,1,20.227180,0,0,0,0
26.4608,,0.443941,0.443941,0.444883,0.012051,0.000000,0.000000,0.000000,0,1,0,1,20.227164,0,0,0,0
26.4818,,0.443941,0.443941,0.444883,0.012051,0.000000,0.000000,0.000000,0,1,0,1,20.209047,0,0,0,0
26.5017,,0.443941,0.443941,0.444883,0.012051,0.000000,0.000000,0.000000,0,1,0,1,20.102446,0,0,0,0
26.5217,,0.443941,0.443941,0.444883,0.012051,0.000000,0.000000,0.000000,0,1,0,1,20.075052,0,0,0,0
26.5417,,0.443941,0.443941,0.444883,0.012051,0.000000,0.000000,0.000000,0,1,0,1,20.067215,0,0,0,0
26.5616,,0.443941,0.443941,0.444883,0.012051,0.000000,0.000000,0.000000,0,1,0,1,20.123399,0,0,0,0
26.5816,,0.443941,0.443941,0.444883,0.012051,0.000000,0.000000,0.000000,0,1,0,1,20.123127,0,0,0,0
26.6016,,0.443941,0.443941,0.444883,0.012051,0.000000,0.000000,0.000000,0,1,0,1,20.218688,0,0,0,0
26.6226,,0.443941,0.443941,0.444883,0.012051,0.000000,0.000000,0.000000,0,1,0,1,20.194150,0,0,0,0
26.6427,,0.443941,0.443941,0.444883,0.012051,0.000000,0.000000,0.000000,0,1,0,1,20.172356,0,0,0,0
26.6626,,0.443941,0.443941,0.444883,0.012051,0.000000,0.000000,0.000000,0,1,0,1,20.108553,0,0,0,0
26.6827,,0.443941,0.443941,0.444883,0.012051,0.000000,0.000000,0.000000,0,1,0,1,20.386776,0,0,0,0
26.7027,,0.443941,0.443941,0.444883,0.012051,0.000000,0.000000,0.000000,0,1,0,1,20.091105,0,0,0,0
26.7239,,0.443941,0.443941,0.444883,0.012051,0.000000,0.000000,0.000000,0,1,0,1,20.171022,0,0,0,0
26.7437,,0.443941,0.443941,0.444883,0.012051,0.000000,0.000000,0.000000,0,1,0,1,20.215234,0,0,0,0
26.7638,,0.443941,0.443941,0.444883,0.012051,0.000000,0.000000,0.000000,0,1,0,1,20.109310,0,0,0,0
26.7838,,0.443941,0.443941,0.444883,0.012051,0.000000,0.000000,0.000000,0,1,0,1,20.070944,0,0,0,0
26.8037,,0.443941,0.443941,0.444883,0.012051,0.000000,0.000000,0.000000,0,1,0,1,20.071489,0,0,0,0
26.8237,,0.443941,0.443941,0.444883,0.012051,0.000000,0.000000,0.000000,0,1,0,1,20.192877,0,0,0,0
26.8437,,0.443941,0.443941,0.444883,0.012051,0.000000,0.000000,0.000000,0,1,0,1,20.210667,0,0,0,0
26.8647,,0.443941,0.443941,0.444883,0.012051,0.000000,0.000000,0.000000,0,1,0,1,20.202006,0,0,0,0
26.8847,,0.443941,0.443941,0.444883,0.012051,0.000000,0.000000,0.000000,0,1,0,1,20.267437,0,0,0,0
26.9047,,0.443941,0.443941,0.444883,0.012051,0.000000,0.000000,0.000000,0,1,0,1,20.117187,0,0,0,0
26.9246,,0.443941,0.443941,0.444883,0.012051,0.000000,0.000000,0.000000,0,1,0,1,20.049417,0,0,0,0
26.9447,,0.443941,0.443941,0.444883,0.012051,0.000000,0.000000,0.000000,0,1,0,1,20.079783,0,0,0,0
26.9647,,0.443941,0.443941,0.444883,0.012051,0.000000,0.000000,0.000000,0,1,0,1,20.094959,0,0,0,0
26.9846,,0.443941,0.443941,0.444883,0.012051,0.000000,0.000000,0.000000,0,1,0,1,20.074772,0,0,0,0
27.0048,,0.443941,0.443941,0.444883,0.012051,0.000000,0.000000,0.000000,0,1,0,1,20.247484,0,0,0,0
27.0258,,0.443941,0.443941,0.444883,0.012051,0.000000,0.000000,0.000000,0,1,0,1,20.121111,0,0,0,0
27.0458,,0.443941,0.443941,0.444883,0.012051,0.000000,0.000000,0.000000,0,1,0,1,20.140074,0,0,0,0
27.0659,,0.443941,0.443941,0.444883,0.012051,0.000000,0.000000,0.000000,0,1,0,1,20.406661,0,0,0,0
27.0856,,0.443941,0.443941,0.444883,0.012051,0.000000,0.000000,0.000000,0,1,0,1,20.078361,0,0,0,0
27.1068,,0.443941,0.443941,0.444883,0.012051,0.000000,0.000000,0.000000,0,1,0,1,20.276840,0,0,0,0
27.1268,,0.443941,0.443941,0.444883,0.012051,0.000000,0.000000,0.000000,0,1,0,1,20.170202,0,0,0,0
27.1468,,0.443941,0.443941,0.444883,0.012051,0.000000,0.000000,0.000000,0,1,0,1,20.202247,0,0,0,0
27.1672,,0.443941,0.443941,0.444883,0.012051,0.000000,0.000000,0.000000,0,1,0,1,20.085464,0,0,0,0
27.1867,,0.443941,0.443941,0.444883,0.012051,0.000000,0.000000,0.000000,0,1,0,1,20.202140,0,0,0,0
27.2068,,0.443941,0.443941,0.444883,0.012051,0.000000,0.000000,0.000000,0,1,0,1,20.191616,0,0,0,0
27.2279,,0.443941,0.443941,0.444883,0.012051,0.000000,0.000000,0.000000,0,1,0,1,20.229383,0,0,0,0
27.2478,,0.443941,0.443941,0.444883,0.012051,0.000000,0.000000,0.000000,0,1,0,1,20.107372,0,0,0,0
27.2679,,0.443941,0.443941,0.444883,0.012051,0.000000,0.000000,0.000000,0,1,0,1,20.067027,0,0,0,0
27.2878,,0.443941,0.443941,0.444883,0.012051,0.000000,0.000000,0.000000,0,1,0,1,20.068853,0,0,0,0
27.3078,,0.443941,0.443941,0.444883,0.012051,0.000000,0.000000,0.000000,0,1,0,1,20.073218,0,0,0,0
27.3277,,0.443941,0.443941,0.444883,0.012051,0.000000,0.000000,0.000000,0,1,0,1,20.069281,0,0,0,0
27.3479,,0.443941,0.443941,0.444883,0.012051,0.000000,0.000000,0.000000,0,1,0,1,20.146043,0,0,0,0
27.3677,,0.443941,0.443941,0.444883,0.012051,0.000000,0.000000,0.000000,0,1,0,1,20.100182,0,0,0,0
27.3877,,0.443941,0.443941,0.444883,0.012051,0.000000,0.000000,0.000000,0,1,0,1,20.225820,0,0,0,0
27.4089,,0.443941,0.443941,0.444883,0.012051,0.000000,0.000000,0.000000,0,1,0,1,20.194027,0,0,0,0
27.4287,,0.443941,0.443941,0.444883,0.012051,0.000000,0.000000,0.000000,0,1,0,1,20.058642,0,0,0,0
27.4488,,0.443941,0.443941,0.444883,0.012051,0.000000,0.000000,0.000000,0,1,0,1,20.069987,0,0,0,0
27.4688,,0.443941,0.443941,0.444883,0.012051,0.000000,0.000000,0.000000,0,1,0,1,20.082021,0,0,0,0
27.4887,,0.443941,0.443941,0.444883,0.012051,0.000000,0.000000,0.000000,0,1,0,1,20.076239,0,0,0,0
27.5088,,0.443941,0.443941,0.444883,0.012051,0.000000,0.000000,0.000000,0,1,0,1,20.135717,0,0,0,0
27.5289,,0.443941,0.443941,0.444883,0.012051,0.000000,0.000000,0.000000,0,1,0,1,20.136759,0,0,0,0
27.5489,,0.443941,0.443941,0.444883,0.012051,0.000000,0.000000,0.000000,0,1,0,1,20.259016,0,0,0,0
27.5699,,0.443941,0.443941,0.444883,0.012051,0.000000,0.000000,0.000000,0,1,0,1,20.330504,0,0,0,0
27.5898,,0.443941,0.443941,0.444883,0.012051,0.000000,0.000000,0.000000,0,1,0,1,20.077995,0,0,0,0
27.6097,,0.443941,0.443941,0.444883,0.012051,0.000000,0.000000,0.000000,0,1,0,1,20.115953,0,0,0,0
27.6297,,0.443941,0.443941,0.444883,0.012051,0.000000,0.000000,0.000000,0,1,0,1,20.100352,0,0,0,0
27.6497,,0.443941,0.443941,0.444883,0.012051,0.000000,0.000000,0.000000,0,1,0,1,20.155527,0,0,0,0
27.6696,,0.443941,0.443941,0.444883,0.012051,0.000000,0.000000,0.000000,0,1,0,1,20.094829,0,0,0,0
27.6908,,0.443941,0.443941,0.444883,0.012051,0.000000,0.000000,0.000000,0,1,0,1,20.120643,0,0,0,0
27.7108,,0.443941,0.443941,0.444883,0.012051,0.000000,0.000000,0.000000,0,1,0,1,20.297325,0,0,0,0
27.7307,,0.443941,0.443941,0.444883,0.012051,0.000000,0.000000,0.000000,0,1,0,1,20.399273,0,0,0,0
27.7508,,0.443941,0.443941,0.444883,0.012051,0.000000,0.000000,0.000000,0,1,0,1,20.261972,0,0,0,0
27.7719,,0.443941,0.443941,0.444883,0.012051,0.000000,0.000000,0.000000,0,1,0,1,20.209738,0,0,0,0
27.7919,,0.443941,0.443941,0.444883,0.012051,0.000000,0.000000,0.000000,0,1,0,1,20.240810,0,0,0,0
27.8118,,0.443941,0.443941,0.444883,0.012051,0.000000,0.000000,0.000000,0,1,0,1,20.177012,0,0,0,0
27.8318,,0.443941,0.443941,0.444883,0.012051,0.000000,0.000000,0.000000,0,1,0,1,20.224848,0,0,0,0
27.8529,,0.443941,0.443941,0.444883,0.012051,0.000000,0.000000,0.000000,0,1,0,1,20.222595,0,0,0,0
27.8729,,0.443941,0.443941,0.444883,0.012051,0.000000,0.000000,0.000000,0,1,0,1,20.231091,0,0,0,0
27.8928,,0.443941,0.443941,0.444883,0.012051,0.000000,0.000000,0.000000,0,1,0,1,20.186028,0,0,0,0
27.9128,,0.443941,0.443941,0.444883,0.012051,0.000000,0.000000,0.000000,0,1,0,1,20.069442,0,0,0,0
27.9329,,0.443941,0.443941,0.444883,0.012051,0.000000,0.000000,0.000000,0,1,0,1,20.108806,0,0,0,0
27.9529,,0.443941,0.443941,0.444883,0.012051,0.000000,0.000000,0.000000,0,1,0,1,20.099953,0,0,0,0
27.9728,,0.443941,0.443941,0.444883,0.012051,0.000000,0.000000,0.000000,0,1,0,1,20.101883,0,0,0,0
27.9938,,0.443941,0.443941,0.444883,0.012051,0.000000,0.000000,0.000000,0,1,0,1,20.255139,0,0,0,0
28.0139,,0.443941,0.443941,0.444883,0.012051,0.000000,0.000000,0.000000,0,1,0,1,20.078107,0,0,0,0
28.0339,,0.443941,0.443941,0.444883,0.012051,0.000000,0.000000,0.000000,0,1,0,1,20.177054,0,0,0,0
28.0538,,0.443941,0.443941,0.444883,0.012051,0.000000,0.000000,0.000000,0,1,0,1,20.076962,0,0,0,0
28.0737,,0.443941,0.443941,0.444883,0.012051,0.000000,0.000000,0.000000,0,1,0,1,20.064991,0,0,0,0
28.0939,,0.443941,0.443941,0.444883,0.012051,0.000000,0.000000,0.000000,0,1,0,1,20.068598,0,0,0,0
28.1139,,0.443941,0.443941,0.444883,0.012051,0.000000,0.000000,0.000000,0,1,0,1,20.180760,0,0,0,0
28.1338,,0.443941,0.443941,0.444883,0.012051,0.000000,0.000000,0.000000,0,1,0,1,20.202827,0,0,0,0
28.1549,,0.443941,0.443941,0.444883,0.012051,0.000000,0.000000,0.000000,0,1,0,1,20.192461,0,0,0,0
28.1748,,0.443941,0.443941,0.444883,0.012051,0.000000,0.000000,0.000000,0,1,0,1,20.179451,0,0,0,0
28.1948,,0.443941,0.443941,0.444883,0.012051,0.000000,0.000000,0.000000,0,1,0,1,20.070098,0,0,0,0
28.2148,,0.443941,0.443941,0.444883,0.012051,0.000000,0.000000,0.000000,0,1,0,1,20.243116,0,0,0,0
28.2346,,0.443941,0.443941,0.444883,0.012051,0.000000,0.000000,0.000000,0,1,0,1,20.081645,0,0,0,0
28.2546,,0.443941,0.443941,0.444883,0.012051,0.000000,0.000000,0.000000,0,1,0,1,20.074242,0,0,0,0
28.2746,,0.443941,0.443941,0.444883,0.012051,0.000000,0.000000,0.000000,0,1,0,1,20.107882,0,0,0,0
28.2957,,0.443941,0.443941,0.444883,0.012051,0.000000,0.000000,0.000000,0,1,0,1,20.179959,0,0,0,0
28.3158,,0.443941,0.443941,0.444883,0.012051,0.000000,0.000000,0.000000,0,1,0,1,20.207735,0,0,0,0
28.3358,,0.443941,0.443941,0.444883,0.012051,0.000000,0.000000,0.000000,0,1,0,1,20.385209,0,0,0,0
28.3558,,0.443941,0.443941,0.444883,0.012051,0.000000,0.000000,0.000000,0,1,0,1,20.216164,0,0,0,0
28.3768,,0.443941,0.443941,0.444883,0.012051,0.000000,0.000000,0.000000,0,1,0,1,20.200559,0,0,0,0
28.3967,,0.443941,0.443941,0.444883,0.012051,0.000000,0.000000,0.000000,0,1,0,1,20.228749,0,0,0,0
28.4169,,0.443941,0.443941,0.444883,0.012051,0.000000,0.000000,0.000000,0,1,0,1,20.244945,0,0,0,0
28.4368,,0.443941,0.443941,0.444883,0.012051,0.000000,0.000000,0.000000,0,1,0,1,20.219586,0,0,0,0
28.4568,,0.443941,0.443941,0.444883,0.012051,0.000000,0.000000,0.000000,0,1,0,1,20.179068,0,0,0,0
28.4779,,0.443941,0.443941,0.444883,0.012051,0.000000,0.000000,0.000000,0,1,0,1,20.203565,0,0,0,0
28.4979,,0.443941,0.443941,0.444883,0.012051,0.000000,0.000000,0.000000,0,1,0,1,20.273838,0,0,0,0
28.5178,,0.443941,0.443941,0.444883,0.012051,0.000000,0.000000,0.000000,0,1,0,1,20.190043,0,0,0,0
28.5378,,0.443941,0.443941,0.444883,0.012051,0.000000,0.000000,0.000000,0,1,0,1,20.082789,0,0,0,0
28.5579,,0.443941,0.443941,0.444883,0.012051,0.000000,0.000000,0.000000,0,1,0,1,20.214656,0,0,0,0
28.5788,,0.443941,0.443941,0.444883,0.012051,0.000000,0.000000,0.000000,0,1,0,1,20.198502,0,0,0,0
28.5990,,0.443941,0.443941,0.444883,0.012051,0.000000,0.000000,0.000000,0,1,0,1,20.221894,0,0,0,0
28.6188,,0.443941,0.443941,0.444883,0.012051,0.000000,0.000000,0.000000,0,1,0,1,20.310728,0,0,0,0
28.6388,,0.443941,0.443941,0.444883,0.012051,0.000000,0.000000,0.000000,0,1,0,1,20.182987,0,0,0,0
28.6588,,0.443941,0.443941,0.444883,0.012051,0.000000,0.000000,0.000000,0,1,0,1,20.216774,0,0,0,0
28.6798,,0.443941,0.443941,0.444883,0.012051,0.000000,0.000000,0.000000,0,1,0,1,20.195915,0,0,0,0
28.6999,,0.443941,0.443941,0.444883,0.012051,0.000000,0.000000,0.000000,0,1,0,1,20.374932,0,0,0,0
28.7199,,0.443941,0.443941,0.444883,0.012051,0.000000,0.000000,0.000000,0,1,0,1,20.188709,0,0,0,0
28.7398,,0.443941,0.443941,0.444883,0.012051,0.000000,0.000000,0.000000,0,1,0,1,20.216077,0,0,0,0
28.7608,,0.443941,0.443941,0.444883,0.012051,0.000000,0.000000,0.000000,0,1,0,1,20.182920,0,0,0,0
28.7810,,0.443941,0.443941,0.444883,0.012051,0.000000,0.000000,0.000000,0,1,0,1,20.259442,0,0,0,0
28.8008,,0.443941,0.443941,0.444883,0.012051,0.000000,0.000000,0.000000,0,1,0,1,20.224157,0,0,0,0
28.8209,,0.443941,0.443941,0.444883,0.012051,0.000000,0.000000,0.000000,0,1,0,1,20.210121,0,0,0,0
28.8409,,0.443941,0.443941,0.444883,0.012051,0.000000,0.000000,0.000000,0,1,0,1,20.079435,0,0,0,0
28.8619,,0.443941,0.443941,0.444883,0.012051,0.000000,0.000000,0.000000,0,1,0,1,20.290505,0,0,0,0
28.8819,,0.443941,0.443941,0.444883,0.012051,0.000000,0.000000,0.000000,0,1,0,1,20.270125,0,0,0,0
28.9021,,0.443941,0.443941,0.444883,0.012051,0.000000,0.000000,0.000000,0,1,0,1,20.312623,0,0,0,0
28.9233,,0.443941,0.443941,0.444883,0.012051,0.000000,0.000000,0.000000,0,1,0,1,20.236982,0,0,0,0
28.9429,,0.443941,0.443941,0.444883,0.012051,0.000000,0.000000,0.000000,0,1,0,1,20.226219,0,0,0,0
28.9628,,0.443941,0.443941,0.444883,0.012051,0.000000,0.000000,0.000000,0,1,0,1,20.070974,0,0,0,0
28.9828,,0.443941,0.443941,0.444883,0.012051,0.000000,0.000000,0.000000,0,1,0,1,20.077990,0,0,0,0
29.0028,,0.443941,0.443941,0.444883,0.012051,0.000000,0.000000,0.000000,0,1,0,1,20.210628,0,0,0,0
29.0227,,0.443941,0.443941,0.444883,0.012051,0.000000,0.000000,0.000000,0,1,0,1,20.072408,0,0,0,0
29.0427,,0.443941,0.443941,0.444883,0.012051,0.000000,0.000000,0.000000,0,1,0,1,20.117250,0,0,0,0
29.0628,,0.443941,0.443941,0.444883,0.012051,0.000000,0.000000,0.000000,0,1,0,1,20.168234,0,0,0,0
29.0838,,0.443941,0.443941,0.444883,0.012051,0.000000,0.000000,0.000000,0,1,0,1,20.091302,0,0,0,0
29.1038,,0.443941,0.443941,0.444883,0.012051,0.000000,0.000000,0.000000,0,1,0,1,20.088235,0,0,0,0
29.1238,,0.443941,0.443941,0.444883,0.012051,0.000000,0.000000,0.000000,0,1,0,1,20.162933,0,0,0,0
29.1438,,0.443941,0.443941,0.444883,0.012051,0.000000,0.000000,0.000000,0,1,0,1,20.226946,0,0,0,0
29.1637,,0.443941,0.443941,0.444883,0.012051,0.000000,0.000000,0.000000,0,1,0,1,20.087793,0,0,0,0
29.1838,,0.443941,0.443941,0.444883,0.012051,0.000000,0.000000,0.000000,0,1,0,1,20.191197,0,0,0,0
29.2047,,0.443941,0.443941,0.444883,0.012051,0.000000,0.000000,0.000000,0,1,0,1,20.200133,0,0,0,0
29.2248,,0.443941,0.443941,0.444883,0.012051,0.000000,0.000000,0.000000,0,1,0,1,20.161371,0,0,0,0
29.2447,,0.443941,0.443941,0.444883,0.012051,0.000000,0.000000,0.000000,0,1,0,1,20.117989,0,0,0,0
29.2648,,0.443941,0.443941,0.444883,0.012051,0.000000,0.000000,0.000000,0,1,0,1,20.124096,0,0,0,0
29.2848,,0.443941,0.443941,0.444883,0.012051,0.000000,0.000000,0.000000,0,1,0,1,20.118974,0,0,0,0
29.3047,,0.443941,0.443941,0.444883,0.012051,0.000000,0.000000,0.000000,0,1,0,1,20.114312,0,0,0,0
29.3248,,0.443941,0.443941,0.444883,0.012051,0.000000,0.000000,0.000000,0,1,0,1,20.296136,0,0,0,0
29.3458,,0.443941,0.443941,0.444883,0.012051,0.000000,0.000000,0.000000,0,1,0,1,20.346643,0,0,0,0
29.3658,,0.443941,0.443941,0.444883,0.012051,0.000000,0.000000,0.000000,0,1,0,1,20.155310,0,0,0,0
29.3859,,0.443941,0.443941,0.444883,0.012051,0.000000,0.000000,0.000000,0,1,0,1,20.187497,0,0,0,0
29.4058,,0.443941,0.443941,0.444883,0.012051,0.000000,0.000000,0.000000,0,1,0,1,20.185250,0,0,0,0
29.4268,,0.443941,0.443941,0.444883,0.012051,0.000000,0.000000,0.000000,0,1,0,1,20.192122,0,0,0,0
29.4468,,0.443941,0.443941,0.444883,0.012051,0.000000,0.000000,0.000000,0,1,0,1,20.176412,0,0,0,0
29.4667,,0.443941,0.443941,0.444883,0.012051,0.000000,0.000000,0.000000,0,1,0,1,20.135426,0,0,0,0
29.4867,,0.443941,0.443941,0.444883,0.012051,0.000000,0.000000,0.000000,0,1,0,1,20.114295,0,0,0,0
29.5067,,0.443941,0.443941,0.444883,0.012051,0.000000,0.000000,0.000000,0,1,0,1,20.071479,0,0,0,0
29.5268,,0.443941,0.443941,0.444883,0.012051,0.000000,0.000000,0.000000,0,1,0,1,20.211365,0,0,0,0
29.5467,,0.443941,0.443941,0.444883,0.012051,0.000000,0.000000,0.000000,0,1,0,1,20.127835,0,0,0,0
29.5668,,0.443941,0.443941,0.444883,0.012051,0.000000,0.000000,0.000000,0,1,0,1,20.113055,0,0,0,0
29.5878,,0.443941,0.443941,0.444883,0.012051,0.000000,0.000000,0.000000,0,1,0,1,20.113249,0,0,0,0
29.6078,,0.443941,0.443941,0.444883,0.012051,0.000000,0.000000,0.000000,0,1,0,1,20.172653,0,0,0,0
29.6277,,0.443941,0.443941,0.444883,0.012051,0.000000,0.000000,0.000000,0,1,0,1,20.095030,0,0,0,0
29.6480,,0.443941,0.443941,0.444883,0.012051,0.000000,0.000000,0.000000,0,1,0,1,20.089276,0,0,0,0
29.6678,,0.443941,0.443941,0.444883,0.012051,0.000000,0.000000,0.000000,0,1,0,1,20.088294,0,0,0,0
29.6879,,0.443941,0.443941,0.444883,0.012051,0.000000,0.000000,0.000000,0,1,0,1,20.177043,0,0,0,0
29.7080,,0.443941,0.443941,0.444883,0.012051,0.000000,0.000000,0.000000,0,1,0,1,20.220965,0,0,0,0
29.7289,,0.443941,0.443941,0.444883,0.012051,0.000000,0.000000,0.000000,0,1,0,1,20.082061,0,0,0,0
29.7489,,0.443941,0.443941,0.444883,0.012051,0.000000,0.000000,0.000000,0,1,0,1,20.180622,0,0,0,0
29.7687,,0.443941,0.443941,0.444883,0.012051,0.000000,0.000000,0.000000,0,1,0,1,20.083883,0,0,0,0
29.7888,,0.443941,0.443941,0.444883,0.012051,0.000000,0.000000,0.000000,0,1,0,1,20.096860,0,0,0,0
29.8086,,0.443941,0.443941,0.444883,0.012051,0.000000,0.000000,0.000000,0,1,0,1,20.061053,0,0,0,0
29.8287,,0.443941,0.443941,0.444883,0.012051,0.000000,0.000000,0.000000,0,1,0,1,20.066545,0,0,0,0
29.8486,,0.443941,0.443941,0.444883,0.012051,0.000000,0.000000,0.000000,0,1,0,1,20.086321,0,0,0,0
29.8687,,0.443941,0.443941,0.444883,0.012051,0.000000,0.000000,0.000000,0,1,0,1,20.096515,0,0,0,0
29.8887,,0.443941,0.443941,0.444883,0.012051,0.000000,0.000000,0.000000,0,1,0,1,20.079782,0,0,0,0
29.9088,,0.443941,0.443941,0.444883,0.012051,0.000000,0.000000,0.000000,0,1,0,1,20.080157,0,0,0,0
29.9289,,0.443941,0.443941,0.444883,0.012051,0.000000,0.000000,0.000000,0,1,0,1,20.083173,0,0,0,0
29.9497,,0.443941,0.443941,0.444883,0.012051,0.000000,0.000000,0.000000,0,1,0,1,20.096641,0,0,0,0
29.9697,,0.443941,0.443941,0.444883,0.012051,0.000000,0.000000,0.000000,0,1,0,1,20.135283,0,0,0,0
29.9898,,0.443941,0.443941,0.444883,0.012051,0.000000,0.000000,0.000000,0,1,0,1,20.270453,0,0,0,0
30.0098,,0.443941,0.443941,0.444883,0.012051,0.000000,0.000000,0.000000,0,1,0,1,20.098928,0,0,0,0
30.0298,,0.443941,0.443941,0.444883,0.012051,0.000000,0.000000,0.000000,0,1,0,1,20.087915,0,0,0,0
30.0498,,0.443941,0.443941,0.444883,0.012051,0.000000,0.000000,0.000000,0,1,0,1,20.081997,0,0,0,0
30.0697,,0.443941,0.443941,0.444883,0.012051,0.000000,0.000000,0.000000,0,1,0,1,20.088121,0,0,0,0
30.0898,,0.443941,0.443941,0.444883,0.012051,0.000000,0.000000,0.000000,0,1,0,1,20.173859,0,0,0,0
30.1107,,0.443941,0.443941,0.444883,0.012051,0.000000,0.000000,0.000000,0,1,0,1,20.081648,0,0,0,0
30.1307,,0.443941,0.443941,0.444883,0.012051,0.000000,0.000000,0.000000,0,1,0,1,20.116643,0,0,0,0
30.1508,,0.443941,0.443941,0.444883,0.012051,0.000000,0.000000,0.000000,0,1,0,1,20.220175,0,0,0,0
30.1707,,0.443941,0.443941,0.444883,0.012051,0.000000,0.000000,0.000000,0,1,0,1,20.351256,0,0,0,0
30.1908,,0.443941,0.443941,0.444883,0.012051,0.000000,0.000000,0.000000,0,1,0,1,20.217433,0,0,0,0
30.2117,,0.443941,0.443941,0.444883,0.012051,0.000000,0.000000,0.000000,0,1,0,1,20.193206,0,0,0,0
30.2317,,0.443941,0.443941,0.444883,0.012051,0.000000,0.000000,0.000000,0,1,0,1,20.226127,0,0,0,0
30.2517,,0.443941,0.443941,0.444883,0.012051,0.000000,0.000000,0.000000,0,1,0,1,20.097337,0,0,0,0
30.2717,,0.443941,0.443941,0.444883,0.012051,0.000000,0.000000,0.000000,0,1,0,1,20.199546,0,0,0,0
30.2918,,0.443941,0.443941,0.444883,0.012051,0.000000,0.000000,0.000000,0,1,0,1,20.239776,0,0,0,0
30.3128,,0.443941,0.443941,0.444883,0.012051,0.000000,0.000000,0.000000,0,1,0,1,20.194872,0,0,0,0
30.3328,,0.443941,0.443941,0.444883,0.012051,0.000000,0.000000,0.000000,0,1,0,1,20.234713,0,0,0,0
30.3528,,0.443941,0.443941,0.444883,0.012051,0.000000,0.000000,0.000000,0,1,0,1,20.238249,0,0,0,0
30.3727,,0.443941,0.443941,0.444883,0.012051,0.000000,0.000000,0.000000,0,1,0,1,20.116333,0,0,0,0
30.3927,,0.443941,0.443941,0.444883,0.012051,0.000000,0.000000,0.000000,0,1,0,1,20.207925,0,0,0,0
30.4138,,0.443941,0.443941,0.444883,0.012051,0.000000,0.000000,0.000000,0,1,0,1,20.246472,0,0,0,0
30.4339,,0.443941,0.443941,0.444883,0.012051,0.000000,0.000000,0.000000,0,1,0,1,20.272504,0,0,0,0
30.4539,,0.443941,0.443941,0.444883,0.012051,0.000000,0.000000,0.000000,0,1,0,1,20.206248,0,0,0,0
30.4739,,0.443941,0.443941,0.444883,0.012051,0.000000,0.000000,0.000000,0,1,0,1,20.183061,0,0,0,0
30.4937,,0.443941,0.443941,0.444883,0.012051,0.000000,0.000000,0.000000,0,1,0,1,20.201532,0,0,0,0
30.5148,,0.443941,0.443941,0.444883,0.012051,0.000000,0.000000,0.000000,0,1,0,1,20.194918,0,0,0,0
30.5348,,0.443941,0.443941,0.444883,0.012051,0.000000,0.000000,0.000000,0,1,0,1,20.383080,0,0,0,0
30.5548,,0.443941,0.443941,0.444883,0.012051,0.000000,0.000000,0.000000,0,1,0,1,20.091203,0,0,0,0
30.5747,,0.443941,0.443941,0.444883,0.012051,0.000000,0.000000,0.000000,0,1,0,1,20.080266,0,0,0,0
30.5947,,0.443941,0.443941,0.444883,0.012051,0.000000,0.000000,0.000000,0,1,0,1,20.076052,0,0,0,0
30.6158,,0.443941,0.443941,0.444883,0.012051,0.000000,0.000000,0.000000,0,1,0,1,20.295471,0,0,0,0
30.6358,,0.443941,0.443941,0.444883,0.012051,0.000000,0.000000,0.000000,0,1,0,1,20.262854,0,0,0,0
30.6558,,0.443941,0.443941,0.444883,0.012051,0.000000,0.000000,0.000000,0,1,0,1,20.233882,0,0,0,0
30.6758,,0.443941,0.443941,0.444883,0.012051,0.000000,0.000000,0.000000,0,1,0,1,20.202257,0,0,0,0
30.6968,,0.443941,0.443941,0.444883,0.012051,0.000000,0.000000,0.000000,0,1,0,1,20.236425,0,0,0,0
30.7167,,0.443941,0.443941,0.444883,0.012051,0.000000,0.000000,0.000000,0,1,0,1,20.343168,0,0,0,0
30.7368,,0.443941,0.443941,0.444883,0.012051,0.000000,0.000000,0.000000,0,1,0,1,20.203681,0,0,0,0
30.7568,,0.443941,0.443941,0.444883,0.012051,0.000000,0.000000,0.000000,0,1,0,1,20.115138,0,0,0,0
30.7769,,0.443941,0.443941,0.444883,0.012051,0.000000,0.000000,0.000000,0,1,0,1,20.112025,0,0,0,0
30.7981,,0.443941,0.443941,0.444883,0.012051,0.000000,0.000000,0.000000,0,1,0,1,20.205491,0,0,0,0
30.8178,,0.443941,0.443941,0.444883,0.012051,0.000000,0.000000,0.000000,0,1,0,1,20.267227,0,0,0,0
30.8378,,0.443941,0.443941,0.444883,0.012051,0.000000,0.000000,0.000000,0,1,0,1,20.230956,0,0,0,0
30.8577,,0.443941,0.443941,0.444883,0.012051,0.000000,0.000000,0.000000,0,1,0,1,20.244747,0,0,0,0
30.8781,,0.443941,0.443941,0.444883,0.012051,0.000000,0.000000,0.000000,0,1,0,1,20.110841,0,0,0,0
30.8988,,0.443941,0.443941,0.444883,0.012051,0.000000,0.000000,0.000000,0,1,0,1,20.197549,0,0,0,0
30.9188,,0.443941,0.443941,0.444883,0.012051,0.000000,0.000000,0.000000,0,1,0,1,20.197171,0,0,0,0
30.9388,,0.443941,0.443941,0.444883,0.012051,0.000000,0.000000,0.000000,0,1,0,1,20.239243,0,0,0,0
30.9588,,0.443941,0.443941,0.444883,0.012051,0.000000,0.000000,0.000000,0,1,0,1,20.208038,0,0,0,0
30.9787,,0.443941,0.443941,0.444883,0.012051,0.000000,0.000000,0.000000,0,1,0,1,20.207145,0,0,0,0
31.0000,,0.443941,0.443941,0.444883,0.012051,0.000000,0.000000,0.000000,0,1,0,1,20.201986,0,0,0,0
31.0200,,0.443941,0.443941,0.444883,0.012051,0.000000,0.000000,0.000000,0,1,0,1,20.233516,0,0,0,0
31.0398,,0.443941,0.443941,0.444883,0.012051,0.000000,0.000000,0.000000,0,1,0,1,20.094383,0,0,0,0
31.0600,,0.443941,0.443941,0.444883,0.012051,0.000000,0.000000,0.000000,0,1,0,1,20.036421,0,0,0,0
31.0800,,0.443941,0.443941,0.444883,0.012051,0.000000,0.000000,0.000000,0,1,0,1,20.074237,0,0,0,0
31.1001,,0.443941,0.443941,0.444883,0.012051,0.000000,0.000000,0.000000,0,1,0,1,20.073002,0,0,0,0
31.1197,,0.443941,0.443941,0.444883,0.012051,0.000000,0.000000,0.000000,0,1,0,1,20.079976,0,0,0,0
31.1399,,0.443941,0.443941,0.444883,0.012051,0.000000,0.000000,0.000000,0,1,0,1,20.107492,0,0,0,0
31.1599,,0.443941,0.443941,0.444883,0.012051,0.000000,0.000000,0.000000,0,1,0,1,20.122511,0,0,0,0
31.1809,,0.443941,0.443941,0.444883,0.012051,0.000000,0.000000,0.000000,0,1,0,1,20.112692,0,0,0,0
31.2008,,0.443941,0.443941,0.444883,0.012051,0.000000,0.000000,0.000000,0,1,0,1,20.134543,0,0,0,0
31.2208,,0.443941,0.443941,0.444883,0.012051,0.000000,0.000000,0.000000,0,1,0,1,20.115805,0,0,0,0
31.2410,,0.443941,0.443941,0.444883,0.012051,0.000000,0.000000,0.000000,0,1,0,1,20.223997,0,0,0,0
31.2610,,0.443941,0.443941,0.444883,0.012051,0.000000,0.000000,0.000000,0,1,0,1,20.344849,0,0,0,0
31.2817,,0.443941,0.443941,0.444883,0.012051,0.000000,0.000000,0.000000,0,1,0,1,20.200976,0,0,0,0
31.3020,,0.443941,0.443941,0.444883,0.012051,0.000000,0.000000,0.000000,0,1,0,1,20.252404,0,0,0,0
31.3220,,0.443941,0.443941,0.444883,0.012051,0.000000,0.000000,0.000000,0,1,0,1,20.219532,0,0,0,0
31.3421,,0.443941,0.443941,0.444883,0.012051,0.000000,0.000000,0.000000,0,1,0,1,20.113264,0,0,0,0
31.3617,,0.443941,0.443941,0.444883,0.012051,0.000000,0.000000,0.000000,0,1,0,1,20.197339,0,0,0,0
31.3819,,0.443941,0.443941,0.444883,0.012051,0.000000,0.000000,0.000000,0,1,0,1,20.160773,0,0,0,0
31.4030,,0.443941,0.443941,0.444883,0.012051,0.000000,0.000000,0.000000,0,1,0,1,20.247925,0,0,0,0
31.4229,,0.443941,0.443941,0.444883,0.012051,0.000000,0.000000,0.000000,0,1,0,1,20.283673,0,0,0,0
31.4430,,0.443941,0.443941,0.444883,0.012051,0.000000,0.000000,0.000000,0,1,0,1,20.263000,0,0,0,0
31.4627,,0.443941,0.443941,0.444883,0.012051,0.000000,0.000000,0.000000,0,1,0,1,20.119693,0,0,0,0
31.4840,,0.443941,0.443941,0.444883,0.012051,0.000000,0.000000,0.000000,0,1,0,1,20.256705,0,0,0,0
31.5042,,0.443941,0.443941,0.444883,0.012051,0.000000,0.000000,0.000000,0,1,0,1,20.071284,0,0,0,0
31.5239,,0.443941,0.443941,0.444883,0.012051,0.000000,0.000000,0.000000,0,1,0,1,20.100320,0,0,0,0
31.5440,,0.443941,0.443941,0.444883,0.012051,0.000000,0.000000,0.000000,0,1,0,1,20.090926,0,0,0,0
31.5641,,0.443941,0.443941,0.444883,0.012051,0.000000,0.000000,0.000000,0,1,0,1,20.081899,0,0,0,0
31.5840,,0.443941,0.443941,0.444883,0.012051,0.000000,0.000000,0.000000,0,1,0,1,20.087041,0,0,0,0
31.6037,,0.443941,0.443941,0.444883,0.012051,0.000000,0.000000,0.000000,0,1,0,1,20.089407,0,0,0,0
31.6238,,0.443941,0.443941,0.444883,0.012051,0.000000,0.000000,0.000000,0,1,0,1,20.154439,0,0,0,0
31.6440,,0.443941,0.443941,0.444883,0.012051,0.000000,0.000000,0.000000,0,1,0,1,20.091571,0,0,0,0
31.6650,,0.443941,0.443941,0.444883,0.012051,0.000000,0.000000,0.000000,0,1,0,1,20.220088,0,0,0,0
31.6850,,0.443941,0.443941,0.444883,0.012051,0.000000,0.000000,0.000000,0,1,0,1,20.247313,0,0,0,0
31.7052,,0.443941,0.443941,0.444883,0.012051,0.000000,0.000000,0.000000,0,1,0,1,20.196906,0,0,0,0
31.7248,,0.443941,0.443941,0.444883,0.012051,0.000000,0.000000,0.000000,0,1,0,1,20.321474,0,0,0,0
31.7462,,0.443941,0.443941,0.444883,0.012051,0.000000,0.000000,0.000000,0,1,0,1,20.112788,0,0,0,0
31.7661,,0.443941,0.443941,0.444883,0.012051,0.000000,0.000000,0.000000,0,1,0,1,20.233224,0,0,0,0
31.7859,,0.443941,0.443941,0.444883,0.012051,0.000000,0.000000,0.000000,0,1,0,1,20.211976,0,0,0,0
31.8061,,0.443941,0.443941,0.444883,0.012051,0.000000,0.000000,0.000000,0,1,0,1,20.083980,0,0,0,0
31.8260,,0.443941,0.443941,0.444883,0.012051,0.000000,0.000000,0.000000,0,1,0,1,20.189089,0,0,0,0
31.8461,,0.443941,0.443941,0.444883,0.012051,0.000000,0.000000,0.000000,0,1,0,1,20.208484,0,0,0,0
31.8670,,0.443941,0.443941,0.444883,0.012051,0.000000,0.000000,0.000000,0,1,0,1,20.288569,0,0,0,0
31.8869,,0.443941,0.443941,0.444883,0.012051,0.000000,0.000000,0.000000,0,1,0,1,20.224849,0,0,0,0
31.9069,,0.443941,0.443941,0.444883,0.012051,0.000000,0.000000,0.000000,0,1,0,1,20.246207,0,0,0,0
31.9269,,0.443941,0.443941,0.444883,0.012051,0.000000,0.000000,0.000000,0,1,0,1,20.221339,0,0,0,0
31.9479,,0.443941,0.443941,0.444883,0.012051,0.000000,0.000000,0.000000,0,1,0,1,20.263592,0,0,0,0
31.9680,,0.443941,0.443941,0.444883,0.012051,0.000000,0.000000,0.000000,0,1,0,1,20.238450,0,0,0,0
31.9879,,0.443941,0.443941,0.444883,0.012051,0.000000,0.000000,0.000000,0,1,0,1,20.193560,0,0,0,0
32.0080,,0.443941,0.443941,0.444883,0.012051,0.000000,0.000000,0.000000,0,1,0,1,20.204460,0,0,0,0
32.0291,,0.443941,0.443941,0.444883,0.012051,0.000000,0.000000,0.000000,0,1,0,1,20.209004,0,0,0,0
32.0490,,0.443941,0.443941,0.444883,0.012051,0.000000,0.000000,0.000000,0,1,0,1,20.225687,0,0,0,0
32.0689,,0.443941,0.443941,0.444883,0.012051,0.000000,0.000000,0.000000,0,1,0,1,20.097704,0,0,0,0
32.0891,,0.443941,0.443941,0.444883,0.012051,0.000000,0.000000,0.000000,0,1,0,1,20.203609,0,0,0,0
32.1090,,0.443941,0.443941,0.444883,0.012051,0.000000,0.000000,0.000000,0,1,0,1,20.119380,0,0,0,0
32.1290,,0.443941,0.443941,0.444883,0.012051,0.000000,0.000000,0.000000,0,1,0,1,20.249039,0,0,0,0
32.1491,,0.443941,0.443941,0.444883,0.012051,0.000000,0.000000,0.000000,0,1,0,1,20.074655,0,0,0,0
32.1701,,0.443941,0.443941,0.444883,0.012051,0.000000,0.000000,0.000000,0,1,0,1,20.233086,0,0,0,0
32.1903,,0.443941,0.443941,0.444883,0.012051,0.000000,0.000000,0.000000,0,1,0,1,20.236315,0,0,0,0
32.2101,,0.443941,0.443941,0.444883,0.012051,0.000000,0.000000,0.000000,0,1,0,1,20.204113,0,0,0,0
32.2300,,0.443941,0.443941,0.444883,0.012051,0.000000,0.000000,0.000000,0,1,0,1,20.193484,0,0,0,0
32.2502,,0.443941,0.443941,0.444883,0.012051,0.000000,0.000000,0.000000,0,1,0,1,20.075567,0,0,0,0
32.2711,,0.443941,0.443941,0.444883,0.012051,0.000000,0.000000,0.000000,0,1,0,1,20.195141,0,0,0,0
32.2911,,0.443941,0.443941,0.444883,0.012051,0.000000,0.000000,0.000000,0,1,0,1,20.073205,0,0,0,0
32.3110,,0.443941,0.443941,0.444883,0.012051,0.000000,0.000000,0.000000,0,1,0,1,20.064641,0,0,0,0
32.3310,,0.443941,0.443941,0.444883,0.012051,0.000000,0.000000,0.000000,0,1,0,1,20.442404,0,0,0,0
32.3511,,0.443941,0.443941,0.444883,0.012051,0.000000,0.000000,0.000000,0,1,0,1,20.064247,0,0,0,0
32.3712,,0.443941,0.443941,0.444883,0.012051,0.000000,0.000000,0.000000,0,1,0,1,20.176872,0,0,0,0
32.3921,,0.443941,0.443941,0.444883,0.012051,0.000000,0.000000,0.000000,0,1,0,1,20.177923,0,0,0,0
32.4118,,0.443941,0.443941,0.444883,0.012051,0.000000,0.000000,0.000000,0,1,0,1,20.089859,0,0,0,0
32.4321,,0.443941,0.443941,0.444883,0.012051,0.000000,0.000000,0.000000,0,1,0,1,20.166360,0,0,0,0
32.4520,,0.443941,0.443941,0.444883,0.012051,0.000000,0.000000,0.000000,0,1,0,1,20.077233,0,0,0,0
32.4719,,0.443941,0.443941,0.444883,0.012051,0.000000,0.000000,0.000000,0,1,0,1,20.224119,0,0,0,0
32.4919,,0.443941,0.443941,0.444883,0.012051,0.000000,0.000000,0.000000,0,1,0,1,20.186731,0,0,0,0
32.5131,,0.443941,0.443941,0.444883,0.012051,0.000000,0.000000,0.000000,0,1,0,1,20.278068,0,0,0,0
32.5331,,0.443941,0.443941,0.444883,0.012051,0.000000,0.000000,0.000000,0,1,0,1,20.245558,0,0,0,0
32.5530,,0.443941,0.443941,0.444883,0.012051,0.000000,0.000000,0.000000,0,1,0,1,20.188199,0,0,0,0
32.5730,,0.443941,0.443941,0.444883,0.012051,0.000000,0.000000,0.000000,0,1,0,1,20.182675,0,0,0,0
32.5929,,0.443941,0.443941,0.444883,0.012051,0.000000,0.000000,0.000000,0,1,0,1,20.108596,0,0,0,0
32.6141,,0.443941,0.443941,0.444883,0.012051,0.000000,0.000000,0.000000,0,1,0,1,20.191017,0,0,0,0
32.6339,,0.443941,0.443941,0.444883,0.012051,0.000000,0.000000,0.000000,0,1,0,1,20.316610,0,0,0,0
32.6540,,0.443941,0.443941,0.444883,0.012051,0.000000,0.000000,0.000000,0,1,0,1,20.239897,0,0,0,0
32.6740,,0.443941,0.443941,0.444883,0.012051,0.000000,0.000000,0.000000,0,1,0,1,20.232500,0,0,0,0
32.6951,,0.443941,0.443941,0.444883,0.012051,0.000000,0.000000,0.000000,0,1,0,1,20.202737,0,0,0,0
32.7149,,0.443941,0.443941,0.444883,0.012051,0.000000,0.000000,0.000000,0,1,0,1,20.256109,0,0,0,0
32.7349,,0.443941,0.443941,0.444883,0.012051,0.000000,0.000000,0.000000,0,1,0,1,20.222753,0,0,0,0
32.7549,,0.443941,0.443941,0.444883,0.012051,0.000000,0.000000,0.000000,0,1,0,1,20.088151,0,0,0,0
32.7749,,0.443941,0.443941,0.444883,0.012051,0.000000,0.000000,0.000000,0,1,0,1,20.078411,0,0,0,0
32.7949,,0.443941,0.443941,0.444883,0.012051,0.000000,0.000000,0.000000,0,1,0,1,20.118741,0,0,0,0
32.8150,,0.443941,0.443941,0.444883,0.012051,0.000000,0.000000,0.000000,0,1,0,1,20.117200,0,0,0,0
32.8358,,0.443941,0.443941,0.444883,0.012051,0.000000,0.000000,0.000000,0,1,0,1,20.248954,0,0,0,0
32.8561,,0.443941,0.443941,0.444883,0.012051,0.000000,0.000000,0.000000,0,1,0,1,20.290377,0,0,0,0
32.8758,,0.443941,0.443941,0.444883,0.012051,0.000000,0.000000,0.000000,0,1,0,1,20.198492,0,0,0,0
32.8959,,0.443941,0.443941,0.444883,0.012051,0.000000,0.000000,0.000000,0,1,0,1,20.223859,0,0,0,0
32.9171,,0.443941,0.443941,0.444883,0.012051,0.000000,0.000000,0.000000,0,1,0,1,20.257005,0,0,0,0
32.9370,,0.443941,0.443941,0.444883,0.012051,0.000000,0.000000,0.000000,0,1,0,1,20.081549,0,0,0,0
32.9571,,0.443941,0.443941,0.444883,0.012051,0.000000,0.000000,0.000000,0,1,0,1,20.088373,0,0,0,0
32.9771,,0.443941,0.443941,0.444883,0.012051,0.000000,0.000000,0.000000,0,1,0,1,20.071089,0,0,0,0
32.9969,,0.443941,0.443941,0.444883,0.012051,0.000000,0.000000,0.000000,0,1,0,1,20.072167,0,0,0,0
33.0170,,0.443941,0.443941,0.444883,0.012051,0.000000,0.000000,0.000000,0,1,0,1,20.110311,0,0,0,0
33.0370,,0.443941,0.443941,0.444883,0.012051,0.000000,0.000000,0.000000,0,1,0,1,20.217971,0,0,0,0
33.0570,,0.443941,0.443941,0.444883,0.012051,0.000000,0.000000,0.000000,0,1,0,1,20.148999,0,0,0,0
33.0780,,0.443941,0.443941,0.444883,0.012051,0.000000,0.000000,0.000000,0,1,0,1,20.071705,0,0,0,0
33.0978,,0.443941,0.443941,0.444883,0.012051,0.000000,0.000000,0.000000,0,1,0,1,20.199136,0,0,0,0
33.1179,,0.443941,0.443941,0.444883,0.012051,0.000000,0.000000,0.000000,0,1,0,1,20.210384,0,0,0,0
33.1379,,0.443941,0.443941,0.444883,0.012051,0.000000,0.000000,0.000000,0,1,0,1,20.087420,0,0,0,0
33.1579,,0.443941,0.443941,0.444883,0.012051,0.000000,0.000000,0.000000,0,1,0,1,20.271211,0,0,0,0
33.1791,,0.443941,0.443941,0.444883,0.012051,0.000000,0.000000,0.000000,0,1,0,1,20.211247,0,0,0,0
33.1991,,0.443941,0.443941,0.444883,0.012051,0.000000,0.000000,0.000000,0,1,0,1,20.218101,0,0,0,0
33.2191,,0.443941,0.443941,0.444883,0.012051,0.000000,0.000000,0.000000,0,1,0,1,20.343264,0,0,0,0
33.2389,,0.443941,0.443941,0.444883,0.012051,0.000000,0.000000,0.000000,0,1,0,1,20.222497,0,0,0,0
33.2599,,0.443941,0.443941,0.444883,0.012051,0.000000,0.000000,0.000000,0,1,0,1,20.295737,0,0,0,0
33.2801,,0.443941,0.443941,0.444883,0.012051,0.000000,0.000000,0.000000,0,1,0,1,20.285590,0,0,0,0
33.3000,,0.443941,0.443941,0.444883,0.012051,0.000000,0.000000,0.000000,0,1,0,1,20.235424,0,0,0,0
33.3197,,0.443941,0.443941,0.444883,0.012051,0.000000,0.000000,0.000000,0,1,0,1,20.053334,0,0,0,0
33.3397,,0.443941,0.443941,0.444883,0.012051,0.000000,0.000000,0.000000,0,1,0,1,20.077541,0,0,0,0
33.3599,,0.443941,0.443941,0.444883,0.012051,0.000000,0.000000,0.000000,0,1,0,1,20.105421,0,0,0,0
33.3800,,0.443941,0.443941,0.444883,0.012051,0.000000,0.000000,0.000000,0,1,0,1,20.082148,0,0,0,0
33.4011,,0.443941,0.443941,0.444883,0.012051,0.000000,0.000000,0.000000,0,1,0,1,20.297424,0,0,0,0
33.4211,,0.443941,0.443941,0.444883,0.012051,0.000000,0.000000,0.000000,0,1,0,1,20.389429,0,0,0,0
33.4411,,0.443941,0.443941,0.444883,0.012051,0.000000,0.000000,0.000000,0,1,0,1,20.242989,0,0,0,0
33.4620,,0.443941,0.443941,0.444883,0.012051,0.000000,0.000000,0.000000,0,1,0,1,20.333611,0,0,0,0
33.4820,,0.443941,0.443941,0.444883,0.012051,0.000000,0.000000,0.000000,0,1,0,1,20.203690,0,0,0,0
33.5019,,0.443941,0.443941,0.444883,0.012051,0.000000,0.000000,0.000000,0,1,0,1,20.080096,0,0,0,0
33.5220,,0.443941,0.443941,0.444883,0.012051,0.000000,0.000000,0.000000,0,1,0,1,20.219332,0,0,0,0
33.5420,,0.443941,0.443941,0.444883,0.012051,0.000000,0.000000,0.000000,0,1,0,1,20.141471,0,0,0,0
33.5621,,0.443941,0.443941,0.444883,0.012051,0.000000,0.000000,0.000000,0,1,0,1,20.128684,0,0,0,0
33.5831,,0.443941,0.443941,0.444883,0.012051,0.000000,0.000000,0.000000,0,1,0,1,20.325093,0,0,0,0
33.6031,,0.443941,0.443941,0.444883,0.012051,0.000000,0.000000,0.000000,0,1,0,1,20.181097,0,0,0,0
33.6228,,0.443941,0.443941,0.444883,0.012051,0.000000,0.000000,0.000000,0,1,0,1,20.088710,0,0,0,0
33.6432,,0.443941,0.443941,0.444883,0.012051,0.000000,0.000000,0.000000,0,1,0,1,20.128639,0,0,0,0
33.6632,,0.443941,0.443941,0.444883,0.012051,0.000000,0.000000,0.000000,0,1,0,1,20.080180,0,0,0,0
33.6840,,0.443941,0.443941,0.444883,0.012051,0.000000,0.000000,0.000000,0,1,0,1,20.252992,0,0,0,0
33.7040,,0.443941,0.443941,0.444883,0.012051,0.000000,0.000000,0.000000,0,1,0,1,20.091543,0,0,0,0
33.7238,,0.443941,0.443941,0.444883,0.012051,0.000000,0.000000,0.000000,0,1,0,1,20.072301,0,0,0,0
33.7441,,0.443941,0.443941,0.444883,0.012051,0.000000,0.000000,0.000000,0,1,0,1,20.077053,0,0,0,0
33.7638,,0.443941,0.443941,0.444883,0.012051,0.000000,0.000000,0.000000,0,1,0,1,20.186664,0,0,0,0
33.7840,,0.443941,0.443941,0.444883,0.012051,0.000000,0.000000,0.000000,0,1,0,1,20.107560,0,0,0,0
33.8039,,0.443941,0.443941,0.444883,0.012051,0.000000,0.000000,0.000000,0,1,0,1,20.086007,0,0,0,0
33.8242,,0.443941,0.443941,0.444883,0.012051,0.000000,0.000000,0.000000,0,1,0,1,20.084174,0,0,0,0
33.8441,,0.443941,0.443941,0.444883,0.012051,0.000000,0.000000,0.000000,0,1,0,1,20.098835,0,0,0,0
33.8639,,0.443941,0.443941,0.444883,0.012051,0.000000,0.000000,0.000000,0,1,0,1,20.185971,0,0,0,0
33.8851,,0.443941,0.443941,0.444883,0.012051,0.000000,0.000000,0.000000,0,1,0,1,20.076694,0,0,0,0
33.9049,,0.443941,0.443941,0.444883,0.012051,0.000000,0.000000,0.000000,0,1,0,1,20.194474,0,0,0,0
33.9252,,0.443941,0.443941,0.444883,0.012051,0.000000,0.000000,0.000000,0,1,0,1,20.067689,0,0,0,0
33.9452,,0.443941,0.443941,0.444883,0.012051,0.000000,0.000000,0.000000,0,1,0,1,20.073056,0,0,0,0
33.9649,,0.443941,0.443941,0.444883,0.012051,0.000000,0.000000,0.000000,0,1,0,1,20.091092,0,0,0,0
33.9850,,0.443941,0.443941,0.444883,0.012051,0.000000,0.000000,0.000000,0,1,0,1,20.101424,0,0,0,0
34.0050,,0.443941,0.443941,0.444883,0.012051,0.000000,0.000000,0.000000,0,1,0,1,20.217720,0,0,0,0
34.0250,,0.443941,0.443941,0.444883,0.012051,0.000000,0.000000,0.000000,0,1,0,1,20.168714,0,0,0,0
34.0460,,0.443941,0.443941,0.444883,0.012051,0.000000,0.000000,0.000000,0,1,0,1,20.385491,0,0,0,0
34.0661,,0.443941,0.443941,0.444883,0.012051,0.000000,0.000000,0.000000,0,1,0,1,20.074965,0,0,0,0
34.0861,,0.443941,0.443941,0.444883,0.012051,0.000000,0.000000,0.000000,0,1,0,1,20.240779,0,0,0,0
34.1061,,0.443941,0.443941,0.444883,0.012051,0.000000,0.000000,0.000000,0,1,0,1,20.106736,0,0,0,0
34.1271,,0.443941,0.443941,0.444883,0.012051,0.000000,0.000000,0.000000,0,1,0,1,20.261157,0,0,0,0
34.1471,,0.443941,0.443941,0.444883,0.012051,0.000000,0.000000,0.000000,0,1,0,1,20.056777,0,0,0,0
34.1673,,0.443941,0.443941,0.444883,0.012051,0.000000,0.000000,0.000000,0,1,0,1,20.081642,0,0,0,0
34.1870,,0.443941,0.443941,0.444883,0.012051,0.000000,0.000000,0.000000,0,1,0,1,20.107561,0,0,0,0
34.2070,,0.443941,0.443941,0.444883,0.012051,0.000000,0.000000,0.000000,0,1,0,1,20.065840,0,0,0,0
34.2271,,0.443941,0.443941,0.444883,0.012051,0.000000,0.000000,0.000000,0,1,0,1,20.139682,0,0,0,0
34.2470,,0.443941,0.443941,0.444883,0.012051,0.000000,0.000000,0.000000,0,1,0,1,20.112755,0,0,0,0
34.2670,,0.443941,0.443941,0.444883,0.012051,0.000000,0.000000,0.000000,0,1,0,1,20.099065,0,0,0,0
34.2870,,0.443941,0.443941,0.444883,0.012051,0.000000,0.000000,0.000000,0,1,0,1,20.069326,0,0,0,0
34.3070,,0.443941,0.443941,0.444883,0.012051,0.000000,0.000000,0.000000,0,1,0,1,20.066917,0,0,0,0
34.3271,,0.443941,0.443941,0.444883,0.012051,0.000000,0.000000,0.000000,0,1,0,1,20.067131,0,0,0,0
34.3481,,0.443941,0.443941,0.444883,0.012051,0.000000,0.000000,0.000000,0,1,0,1,20.213353,0,0,0,0
34.3681,,0.443941,0.443941,0.444883,0.012051,0.000000,0.000000,0.000000,0,1,0,1,20.265480,0,0,0,0
34.3880,,0.443941,0.443941,0.444883,0.012051,0.000000,0.000000,0.000000,0,1,0,1,20.085455,0,0,0,0
34.4080,,0.443941,0.443941,0.444883,0.012051,0.000000,0.000000,0.000000,0,1,0,1,20.111636,0,0,0,0
34.4280,,0.443941,0.443941,0.444883,0.012051,0.000000,0.000000,0.000000,0,1,0,1,20.207026,0,0,0,0
34.4480,,0.443941,0.443941,0.444883,0.012051,0.000000,0.000000,0.000000,0,1,0,1,20.193052,0,0,0,0
34.4691,,0.443941,0.443941,0.444883,0.012051,0.000000,0.000000,0.000000,0,1,0,1,20.204589,0,0,0,0
34.4892,,0.443941,0.443941,0.444883,0.012051,0.000000,0.000000,0.000000,0,1,0,1,20.073700,0,0,0,0
34.5091,,0.443941,0.443941,0.444883,0.012051,0.000000,0.000000,0.000000,0,1,0,1,20.070152,0,0,0,0
34.5291,,0.443941,0.443941,0.444883,0.012051,0.000000,0.000000,0.000000,0,1,0,1,20.076495,0,0,0,0
34.5491,,0.443941,0.443941,0.444883,0.012051,0.000000,0.000000,0.000000,0,1,0,1,20.069339,0,0,0,0
34.5692,,0.443941,0.443941,0.444883,0.012051,0.000000,0.000000,0.000000,0,1,0,1,20.067860,0,0,0,0
34.5892,,0.443941,0.443941,0.444883,0.012051,0.000000,0.000000,0.000000,0,1,0,1,20.190123,0,0,0,0
34.6091,,0.443941,0.443941,0.444883,0.012051,0.000000,0.000000,0.000000,0,1,0,1,20.086151,0,0,0,0
34.6292,,0.443941,0.443941,0.444883,0.012051,0.000000,0.000000,0.000000,0,1,0,1,20.111537,0,0,0,0
34.6502,,0.443941,0.443941,0.444883,0.012051,0.000000,0.000000,0.000000,0,1,0,1,20.177530,0,0,0,0
34.6702,,0.443941,0.443941,0.444883,0.012051,0.000000,0.000000,0.000000,0,1,0,1,20.180792,0,0,0,0
34.6901,,0.443941,0.443941,0.444883,0.012051,0.000000,0.000000,0.000000,0,1,0,1,20.072058,0,0,0,0
34.7100,,0.443941,0.443941,0.444883,0.012051,0.000000,0.000000,0.000000,0,1,0,1,20.071435,0,0,0,0
34.7301,,0.443941,0.443941,0.444883,0.012051,0.000000,0.000000,0.000000,0,1,0,1,20.175638,0,0,0,0
34.7500,,0.443941,0.443941,0.444883,0.012051,0.000000,0.000000,0.000000,0,1,0,1,20.152645,0,0,0,0
34.7701,,0.443941,0.443941,0.444883,0.012051,0.000000,0.000000,0.000000,0,1,0,1,20.183061,0,0,0,0
34.7912,,0.443941,0.443941,0.444883,0.012051,0.000000,0.000000,0.000000,0,1,0,1,20.218020,0,0,0,0
34.8111,,0.443941,0.443941,0.444883,0.012051,0.000000,0.000000,0.000000,0,1,0,1,20.687099,0,0,0,0
34.8322,,0.443941,0.443941,0.444883,0.012051,0.000000,0.000000,0.000000,0,1,0,1,20.186461,0,0,0,0
34.8521,,0.443941,0.443941,0.444883,0.012051,0.000000,0.000000,0.000000,0,1,0,1,20.338027,0,0,0,0
34.8721,,0.443941,0.443941,0.444883,0.012051,0.000000,0.000000,0.000000,0,1,0,1,20.235363,0,0,0,0
34.8921,,0.443941,0.443941,0.444883,0.012051,0.000000,0.000000,0.000000,0,1,0,1,20.207951,0,0,0,0
34.9132,,0.443941,0.443941,0.444883,0.012051,0.000000,0.000000,0.000000,0,1,0,1,20.213761,0,0,0,0
34.9331,,0.443941,0.443941,0.444883,0.012051,0.000000,0.000000,0.000000,0,1,0,1,20.274981,0,0,0,0
34.9531,,0.443941,0.443941,0.444883,0.012051,0.000000,0.000000,0.000000,0,1,0,1,20.205599,0,0,0,0
34.9731,,0.443941,0.443941,0.444883,0.012051,0.000000,0.000000,0.000000,0,1,0,1,20.211524,0,0,0,0
34.9931,,0.443941,0.443941,0.444883,0.012051,0.000000,0.000000,0.000000,0,1,0,1,20.200772,0,0,0,0
35.0142,,0.443941,0.443941,0.444883,0.012051,0.000000,0.000000,0.000000,0,1,0,1,20.205669,0,0,0,0
35.0341,,0.443941,0.443941,0.444883,0.012051,0.000000,0.000000,0.000000,0,1,0,1,20.323244,0,0,0,0
35.0542,,0.443941,0.443941,0.444883,0.012051,0.000000,0.000000,0.000000,0,1,0,1,20.202794,0,0,0,0
35.0741,,0.443941,0.443941,0.444883,0.012051,0.000000,0.000000,0.000000,0,1,0,1,20.213177,0,0,0,0
35.0952,,0.443941,0.443941,0.444883,0.012051,0.000000,0.000000,0.000000,0,1,0,1,20.228211,0,0,0,0
35.1151,,0.443941,0.443941,0.444883,0.012051,0.000000,0.000000,0.000000,0,1,0,1,20.261436,0,0,0,0
35.1352,,0.443941,0.443941,0.444883,0.012051,0.000000,0.000000,0.000000,0,1,0,1,20.156590,0,0,0,0
35.1550,,0.443941,0.443941,0.444883,0.012051,0.000000,0.000000,0.000000,0,1,0,1,20.313354,0,0,0,0
35.1760,,0.443941,0.443941,0.444883,0.012051,0.000000,0.000000,0.000000,0,1,0,1,20.437696,0,0,0,0
35.1960,,0.443941,0.443941,0.444883,0.012051,0.000000,0.000000,0.000000,0,1,0,1,20.075030,0,0,0,0
35.2161,,0.443941,0.443941,0.444883,0.012051,0.000000,0.000000,0.000000,0,1,0,1,20.071660,0,0,0,0
35.2360,,0.443941,0.443941,0.444883,0.012051,0.000000,0.000000,0.000000,0,1,0,1,20.074866,0,0,0,0
35.2561,,0.443941,0.443941,0.444883,0.012051,0.000000,0.000000,0.000000,0,1,0,1,20.103005,0,0,0,0
35.2761,,0.443941,0.443941,0.444883,0.012051,0.000000,0.000000,0.000000,0,1,0,1,20.172899,0,0,0,0
35.2961,,0.443941,0.443941,0.444883,0.012051,0.000000,0.000000,0.000000,0,1,0,1,20.207841,0,0,0,0
35.3171,,0.443941,0.443941,0.444883,0.012051,0.000000,0.000000,0.000000,0,1,0,1,20.245976,0,0,0,0
35.3370,,0.443941,0.443941,0.444883,0.012051,0.000000,0.000000,0.000000,0,1,0,1,20.090141,0,0,0,0
35.3570,,0.443941,0.443941,0.444883,0.012051,0.000000,0.000000,0.000000,0,1,0,1,20.079647,0,0,0,0
35.3770,,0.443941,0.443941,0.444883,0.012051,0.000000,0.000000,0.000000,0,1,0,1,20.072645,0,0,0,0
35.3970,,0.443941,0.443941,0.444883,0.012051,0.000000,0.000000,0.000000,0,1,0,1,20.272741,0,0,0,0
35.4170,,0.443941,0.443941,0.444883,0.012051,0.000000,0.000000,0.000000,0,1,0,1,20.137085,0,0,0,0
35.4381,,0.443941,0.443941,0.444883,0.012051,0.000000,0.000000,0.000000,0,1,0,1,20.384183,0,0,0,0
35.4581,,0.443941,0.443941,0.444883,0.012051,0.000000,0.000000,0.000000,0,1,0,1,20.206587,0,0,0,0
35.4782,,0.443941,0.443941,0.444883,0.012051,0.000000,0.000000,0.000000,0,1,0,1,20.115317,0,0,0,0
35.4980,,0.443941,0.443941,0.444883,0.012051,0.000000,0.000000,0.000000,0,1,0,1,20.204736,0,0,0,0
35.5181,,0.443941,0.443941,0.444883,0.012051,0.000000,0.000000,0.000000,0,1,0,1,20.100338,0,0,0,0
35.5381,,0.443941,0.443941,0.444883,0.012051,0.000000,0.000000,0.000000,0,1,0,1,20.068683,0,0,0,0
35.5591,,0.443941,0.443941,0.444883,0.012051,0.000000,0.000000,0.000000,0,1,0,1,20.086743,0,0,0,0
35.5791,,0.443941,0.443941,0.444883,0.012051,0.000000,0.000000,0.000000,0,1,0,1,20.240802,0,0,0,0
35.5991,,0.443941,0.443941,0.444883,0.012051,0.000000,0.000000,0.000000,0,1,0,1,20.206082,0,0,0,0
35.6191,,0.443941,0.443941,0.444883,0.012051,0.000000,0.000000,0.000000,0,1,0,1,20.115427,0,0,0,0
35.6391,,0.443941,0.443941,0.444883,0.012051,0.000000,0.000000,0.000000,0,1,0,1,20.139373,0,0,0,0
35.6590,,0.443941,0.443941,0.444883,0.012051,0.000000,0.000000,0.000000,0,1,0,1,20.109402,0,0,0,0
35.6801,,0.443941,0.443941,0.444883,0.012051,0.000000,0.000000,0.000000,0,1,0,1,20.242585,0,0,0,0
35.7000,,0.443941,0.443941,0.444883,0.012051,0.000000,0.000000,0.000000,0,1,0,1,20.095871,0,0,0,0
35.7200,,0.443941,0.443941,0.444883,0.012051,0.000000,0.000000,0.000000,0,1,0,1,20.084369,0,0,0,0
35.7401,,0.443941,0.443941,0.444883,0.012051,0.000000,0.000000,0.000000,0,1,0,1,20.089641,0,0,0,0
35.7601,,0.443941,0.443941,0.444883,0.012051,0.000000,0.000000,0.000000,0,1,0,1,20.110097,0,0,0,0
35.7800,,0.443941,0.443941,0.444883,0.012051,0.000000,0.000000,0.000000,0,1,0,1,20.123616,0,0,0,0
35.8000,,0.443941,0.443941,0.444883,0.012051,0.000000,0.000000,0.000000,0,1,0,1,20.088275,0,0,0,0
35.8210,,0.443941,0.443941,0.444883,0.012051,0.000000,0.000000,0.000000,0,1,0,1,20.352116,0,0,0,0
35.8411,,0.443941,0.443941,0.444883,0.012051,0.000000,0.000000,0.000000,0,1,0,1,20.055720,0,0,0,0
35.8611,,0.443941,0.443941,0.444883,0.012051,0.000000,0.000000,0.000000,0,1,0,1,20.103051,0,0,0,0
35.8811,,0.443941,0.443941,0.444883,0.012051,0.000000,0.000000,0.000000,0,1,0,1,20.114301,0,0,0,0
35.9010,,0.443941,0.443941,0.444883,0.012051,0.000000,0.000000,0.000000,0,1,0,1,20.083721,0,0,0,0
35.9210,,0.443941,0.443941,0.444883,0.012051,0.000000,0.000000,0.000000,0,1,0,1,20.074572,0,0,0,0
35.9410,,0.443941,0.443941,0.444883,0.012051,0.000000,0.000000,0.000000,0,1,0,1,20.131373,0,0,0,0
35.9611,,0.443941,0.443941,0.444883,0.012051,0.000000,0.000000,0.000000,0,1,0,1,20.106423,0,0,0,0
35.9810,,0.443941,0.443941,0.444883,0.012051,0.000000,0.000000,0.000000,0,1,0,1,20.115399,0,0,0,0
36.0010,,0.443941,0.443941,0.444883,0.012051,0.000000,0.000000,0.000000,0,1,0,1,20.079000,0,0,0,0
36.0220,,0.443941,0.443941,0.444883,0.012051,0.000000,0.000000,0.000000,0,1,0,1,20.118611,0,0,0,0
36.0420,,0.443941,0.443941,0.444883,0.012051,0.000000,0.000000,0.000000,0,1,0,1,20.072875,0,0,0,0
36.0621,,0.443941,0.443941,0.444883,0.012051,0.000000,0.000000,0.000000,0,1,0,1,20.082302,0,0,0,0
36.0820,,0.443941,0.443941,0.444883,0.012051,0.000000,0.000000,0.000000,0,1,0,1,20.076495,0,0,0,0
36.1020,,0.443941,0.443941,0.444883,0.012051,0.000000,0.000000,0.000000,0,1,0,1,20.122461,0,0,0,0
36.1220,,0.443941,0.443941,0.444883,0.012051,0.000000,0.000000,0.000000,0,1,0,1,20.072680,0,0,0,0
36.1421,,0.443941,0.443941,0.444883,0.012051,0.000000,0.000000,0.000000,0,1,0,1,20.110784,0,0,0,0
36.1621,,0.443941,0.443941,0.444883,0.012051,0.000000,0.000000,0.000000,0,1,0,1,20.092171,0,0,0,0
36.1821,,0.443941,0.443941,0.444883,0.012051,0.000000,0.000000,0.000000,0,1,0,1,20.090904,0,0,0,0
36.2020,,0.443941,0.443941,0.444883,0.012051,0.000000,0.000000,0.000000,0,1,0,1,20.208138,0,0,0,0
36.2220,,0.443941,0.443941,0.444883,0.012051,0.000000,0.000000,0.000000,0,1,0,1,20.073050,0,0,0,0
36.2431,,0.443941,0.443941,0.444883,0.012051,0.000000,0.000000,0.000000,0,1,0,1,20.199929,0,0,0,0
36.2632,,0.443941,0.443941,0.444883,0.012051,0.000000,0.000000,0.000000,0,1,0,1,20.077027,0,0,0,0
36.2830,,0.443941,0.443941,0.444883,0.012051,0.000000,0.000000,0.000000,0,1,0,1,20.074591,0,0,0,0
36.3032,,0.443941,0.443941,0.444883,0.012051,0.000000,0.000000,0.000000,0,1,0,1,20.087296,0,0,0,0
36.3229,,0.443941,0.443941,0.444883,0.012051,0.000000,0.000000,0.000000,0,1,0,1,20.108464,0,0,0,0
36.3430,,0.443941,0.443941,0.444883,0.012051,0.000000,0.000000,0.000000,0,1,0,1,20.068752,0,0,0,0
36.3630,,0.443941,0.443941,0.444883,0.012051,0.000000,0.000000,0.000000,0,1,0,1,20.217711,0,0,0,0
36.3841,,0.443941,0.443941,0.444883,0.012051,0.000000,0.000000,0.000000,0,1,0,1,20.208009,0,0,0,0
36.4040,,0.443941,0.443941,0.444883,0.012051,0.000000,0.000000,0.000000,0,1,0,1,20.077206,0,0,0,0
36.4240,,0.443941,0.443941,0.444883,0.012051,0.000000,0.000000,0.000000,0,1,0,1,20.088461,0,0,0,0
36.4440,,0.443941,0.443941,0.444883,0.012051,0.000000,0.000000,0.000000,0,1,0,1,20.076191,0,0,0,0
36.4640,,0.443941,0.443941,0.444883,0.012051,0.000000,0.000000,0.000000,0,1,0,1,20.072745,0,0,0,0
36.4841,,0.443941,0.443941,0.444883,0.012051,0.000000,0.000000,0.000000,0,1,0,1,20.091960,0,0,0,0
36.5041,,0.443941,0.443941,0.444883,0.012051,0.000000,0.000000,0.000000,0,1,0,1,20.111631,0,0,0,0
36.5241,,0.443941,0.443941,0.444883,0.012051,0.000000,0.000000,0.000000,0,1,0,1,20.112697,0,0,0,0
36.5442,,0.443941,0.443941,0.444883,0.012051,0.000000,0.000000,0.000000,0,1,0,1,20.199036,0,0,0,0
36.5651,,0.443941,0.443941,0.444883,0.012051,0.000000,0.000000,0.000000,0,1,0,1,20.198460,0,0,0,0
36.5851,,0.443941,0.443941,0.444883,0.012051,0.000000,0.000000,0.000000,0,1,0,1,20.280501,0,0,0,0
36.6052,,0.443941,0.443941,0.444883,0.012051,0.000000,0.000000,0.000000,0,1,0,1,20.111758,0,0,0,0
36.6250,,0.443941,0.443941,0.444883,0.012051,0.000000,0.000000,0.000000,0,1,0,1,20.116629,0,0,0,0
36.6450,,0.443941,0.443941,0.444883,0.012051,0.000000,0.000000,0.000000,0,1,0,1,20.129115,0,0,0,0
36.6650,,0.443941,0.443941,0.444883,0.012051,0.000000,0.000000,0.000000,0,1,0,1,20.159580,0,0,0,0
36.6850,,0.443941,0.443941,0.444883,0.012051,0.000000,0.000000,0.000000,0,1,0,1,20.172320,0,0,0,0
36.7060,,0.443941,0.443941,0.444883,0.012051,0.000000,0.000000,0.000000,0,1,0,1,20.230049,0,0,0,0
36.7261,,0.443941,0.443941,0.444883,0.012051,0.000000,0.000000,0.000000,0,1,0,1,20.074878,0,0,0,0
36.7460,,0.443941,0.443941,0.444883,0.012051,0.000000,0.000000,0.000000,0,1,0,1,20.193213,0,0,0,0
36.7660,,0.443941,0.443941,0.444883,0.012051,0.000000,0.000000,0.000000,0,1,0,1,20.182438,0,0,0,0
36.7860,,0.443941,0.443941,0.444883,0.012051,0.000000,0.000000,0.000000,0,1,0,1,20.173967,0,0,0,0
36.8070,,0.443941,0.443941,0.444883,0.012051,0.000000,0.000000,0.000000,0,1,0,1,20.188336,0,0,0,0
36.8270,,0.443941,0.443941,0.444883,0.012051,0.000000,0.000000,0.000000,0,1,0,1,20.132815,0,0,0,0
36.8470,,0.443941,0.443941,0.444883,0.012051,0.000000,0.000000,0.000000,0,1,0,1,20.124516,0,0,0,0
36.8670,,0.443941,0.443941,0.444883,0.012051,0.000000,0.000000,0.000000,0,1,0,1,20.182227,0,0,0,0
36.8870,,0.443941,0.443941,0.444883,0.012051,0.000000,0.000000,0.000000,0,1,0,1,20.184300,0,0,0,0
36.9070,,0.443941,0.443941,0.444883,0.012051,0.000000,0.000000,0.000000,0,1,0,1,20.159670,0,0,0,0
36.9270,,0.443941,0.443941,0.444883,0.012051,0.000000,0.000000,0.000000,0,1,0,1,20.160214,0,0,0,0
36.9480,,0.443941,0.443941,0.444883,0.012051,0.000000,0.000000,0.000000,0,1,0,1,20.294519,0,0,0,0
36.9680,,0.443941,0.443941,0.444883,0.012051,0.000000,0.000000,0.000000,0,1,0,1,20.164509,0,0,0,0
36.9881,,0.443941,0.443941,0.444883,0.012051,0.000000,0.000000,0.000000,0,1,0,1,20.161634,0,0,0,0
37.0081,,0.443941,0.443941,0.444883,0.012051,0.000000,0.000000,0.000000,0,1,0,1,20.173808,0,0,0,0
37.0281,,0.443941,0.443941,0.444883,0.012051,0.000000,0.000000,0.000000,0,1,0,1,20.184725,0,0,0,0
37.0491,,0.443941,0.443941,0.444883,0.012051,0.000000,0.000000,0.000000,0,1,0,1,20.192631,0,0,0,0
37.0692,,0.443941,0.443941,0.444883,0.012051,0.000000,0.000000,0.000000,0,1,0,1,20.265939,0,0,0,0
37.0892,,0.443941,0.443941,0.444883,0.012051,0.000000,0.000000,0.000000,0,1,0,1,20.198305,0,0,0,0
37.1091,,0.443941,0.443941,0.444883,0.012051,0.000000,0.000000,0.000000,0,1,0,1,20.143747,0,0,0,0
37.1290,,0.443941,0.443941,0.444883,0.012051,0.000000,0.000000,0.000000,0,1,0,1,20.075433,0,0,0,0
37.1490,,0.443941,0.443941,0.444883,0.012051,0.000000,0.000000,0.000000,0,1,0,1,20.078688,0,0,0,0
37.1700,,0.443941,0.443941,0.444883,0.012051,0.000000,0.000000,0.000000,0,1,0,1,20.082742,0,0,0,0
37.1901,,0.443941,0.443941,0.444883,0.012051,0.000000,0.000000,0.000000,0,1,0,1,20.088495,0,0,0,0
37.2100,,0.443941,0.443941,0.444883,0.012051,0.000000,0.000000,0.000000,0,1,0,1,20.083213,0,0,0,0
37.2300,,0.443941,0.443941,0.444883,0.012051,0.000000,0.000000,0.000000,0,1,0,1,20.075719,0,0,0,0
37.2501,,0.443941,0.443941,0.444883,0.012051,0.000000,0.000000,0.000000,0,1,0,1,20.198613,0,0,0,0
37.2701,,0.443941,0.443941,0.444883,0.012051,0.000000,0.000000,0.000000,0,1,0,1,20.223056,0,0,0,0
37.2900,,0.443941,0.443941,0.444883,0.012051,0.000000,0.000000,0.000000,0,1,0,1,20.080399,0,0,0,0
37.3101,,0.443941,0.443941,0.444883,0.012051,0.000000,0.000000,0.000000,0,1,0,1,20.189865,0,0,0,0
37.3311,,0.443941,0.443941,0.444883,0.012051,0.000000,0.000000,0.000000,0,1,0,1,20.219249,0,0,0,0
37.3511,,0.443941,0.443941,0.444883,0.012051,0.000000,0.000000,0.000000,0,1,0,1,20.204706,0,0,0,0
37.3711,,0.443941,0.443941,0.444883,0.012051,0.000000,0.000000,0.000000,0,1,0,1,20.115815,0,0,0,0
37.3912,,0.443941,0.443941,0.444883,0.012051,0.000000,0.000000,0.000000,0,1,0,1,20.087217,0,0,0,0
37.4110,,0.443941,0.443941,0.444883,0.012051,0.000000,0.000000,0.000000,0,1,0,1,20.100033,0,0,0,0
37.4310,,0.443941,0.443941,0.444883,0.012051,0.000000,0.000000,0.000000,0,1,0,1,20.077586,0,0,0,0
37.4512,,0.443941,0.443941,0.444883,0.012051,0.000000,0.000000,0.000000,0,1,0,1,20.080922,0,0,0,0
37.4711,,0.443941,0.443941,0.444883,0.012051,0.000000,0.000000,0.000000,0,1,0,1,20.179300,0,0,0,0
37.4920,,0.443941,0.443941,0.444883,0.012051,0.000000,0.000000,0.000000,0,1,0,1,20.186123,0,0,0,0
37.5120,,0.443941,0.443941,0.444883,0.012051,0.000000,0.000000,0.000000,0,1,0,1,20.083873,0,0,0,0
37.5320,,0.443941,0.443941,0.444883,0.012051,0.000000,0.000000,0.000000,0,1,0,1,20.083004,0,0,0,0
37.5519,,0.443941,0.443941,0.444883,0.012051,0.000000,0.000000,0.000000,0,1,0,1,20.081296,0,0,0,0
37.5723,,0.443941,0.443941,0.444883,0.012051,0.000000,0.000000,0.000000,0,1,0,1,20.351575,0,0,0,0
37.5920,,0.443941,0.443941,0.444883,0.012051,0.000000,0.000000,0.000000,0,1,0,1,20.084075,0,0,0,0
37.6119,,0.443941,0.443941,0.444883,0.012051,0.000000,0.000000,0.000000,0,1,0,1,20.076754,0,0,0,0
37.6330,,0.443941,0.443941,0.444883,0.012051,0.000000,0.000000,0.000000,0,1,0,1,20.164094,0,0,0,0
37.6530,,0.443941,0.443941,0.444883,0.012051,0.000000,0.000000,0.000000,0,1,0,1,20.194113,0,0,0,0
37.6731,,0.443941,0.443941,0.444883,0.012051,0.000000,0.000000,0.000000,0,1,0,1,20.084220,0,0,0,0
37.6930,,0.443941,0.443941,0.444883,0.012051,0.000000,0.000000,0.000000,0,1,0,1,20.084499,0,0,0,0
37.7130,,0.443941,0.443941,0.444883,0.012051,0.000000,0.000000,0.000000,0,1,0,1,20.080853,0,0,0,0
37.7331,,0.443941,0.443941,0.444883,0.012051,0.000000,0.000000,0.000000,0,1,0,1,20.290253,0,0,0,0
37.7541,,0.443941,0.443941,0.444883,0.012051,0.000000,0.000000,0.000000,0,1,0,1,20.220408,0,0,0,0
37.7741,,0.443941,0.443941,0.444883,0.012051,0.000000,0.000000,0.000000,0,1,0,1,20.170494,0,0,0,0
37.7942,,0.443941,0.443941,0.444883,0.012051,0.000000,0.000000,0.000000,0,1,0,1,20.234636,0,0,0,0
37.8142,,0.443941,0.443941,0.444883,0.012051,0.000000,0.000000,0.000000,0,1,0,1,20.210453,0,0,0,0
37.8340,,0.443941,0.443941,0.444883,0.012051,0.000000,0.000000,0.000000,0,1,0,1,20.184384,0,0,0,0
37.8551,,0.443941,0.443941,0.444883,0.012051,0.000000,0.000000,0.000000,0,1,0,1,20.241390,0,0,0,0
37.8751,,0.443941,0.443941,0.444883,0.012051,0.000000,0.000000,0.000000,0,1,0,1,20.078649,0,0,0,0
37.8951,,0.443941,0.443941,0.444883,0.012051,0.000000,0.000000,0.000000,0,1,0,1,20.074734,0,0,0,0
37.9151,,0.443941,0.443941,0.444883,0.012051,0.000000,0.000000,0.000000,0,1,0,1,20.088995,0,0,0,0
37.9351,,0.443941,0.443941,0.444883,0.012051,0.000000,0.000000,0.000000,0,1,0,1,20.081082,0,0,0,0
37.9550,,0.443941,0.443941,0.444883,0.012051,0.000000,0.000000,0.000000,0,1,0,1,20.083042,0,0,0,0
37.9751,,0.443941,0.443941,0.444883,0.012051,0.000000,0.000000,0.000000,0,1,0,1,20.161289,0,0,0,0
37.9960,,0.443941,0.443941,0.444883,0.012051,0.000000,0.000000,0.000000,0,1,0,1,20.358277,0,0,0,0
38.0160,,0.443941,0.443941,0.444883,0.012051,0.000000,0.000000,0.000000,0,1,0,1,20.245334,0,0,0,0
38.0361,,0.443941,0.443941,0.444883,0.012051,0.000000,0.000000,0.000000,0,1,0,1,20.085954,0,0,0,0
38.0562,,0.443941,0.443941,0.444883,0.012051,0.000000,0.000000,0.000000,0,1,0,1,20.329971,0,0,0,0
38.0760,,0.443941,0.443941,0.444883,0.012051,0.000000,0.000000,0.000000,0,1,0,1,20.248877,0,0,0,0
38.0970,,0.443941,0.443941,0.444883,0.012051,0.000000,0.000000,0.000000,0,1,0,1,20.079045,0,0,0,0
38.1170,,0.443941,0.443941,0.444883,0.012051,0.000000,0.000000,0.000000,0,1,0,1,20.072394,0,0,0,0
38.1370,,0.443941,0.443941,0.444883,0.012051,0.000000,0.000000,0.000000,0,1,0,1,20.073169,0,0,0,0
38.1570,,0.443941,0.443941,0.444883,0.012051,0.000000,0.000000,0.000000,0,1,0,1,20.062142,0,0,0,0
38.1769,,0.443941,0.443941,0.444883,0.012051,0.000000,0.000000,0.000000,0,1,0,1,20.089951,0,0,0,0
38.1969,,0.443941,0.443941,0.444883,0.012051,0.000000,0.000000,0.000000,0,1,0,1,20.244516,0,0,0,0
38.2171,,0.443941,0.443941,0.444883,0.012051,0.000000,0.000000,0.000000,0,1,0,1,20.193409,0,0,0,0
38.2369,,0.443941,0.443941,0.444883,0.012051,0.000000,0.000000,0.000000,0,1,0,1,20.125022,0,0,0,0
38.2580,,0.443941,0.443941,0.444883,0.012051,0.000000,0.000000,0.000000,0,1,0,1,20.216186,0,0,0,0
38.2781,,0.443941,0.443941,0.444883,0.012051,0.000000,0.000000,0.000000,0,1,0,1,20.213888,0,0,0,0
38.2980,,0.443941,0.443941,0.444883,0.012051,0.000000,0.000000,0.000000,0,1,0,1,20.226084,0,0,0,0
38.3179,,0.443941,0.443941,0.444883,0.012051,0.000000,0.000000,0.000000,0,1,0,1,20.290431,0,0,0,0
38.3391,,0.443941,0.443941,0.444883,0.012051,0.000000,0.000000,0.000000,0,1,0,1,20.180889,0,0,0,0
38.3590,,0.443941,0.443941,0.444883,0.012051,0.000000,0.000000,0.000000,0,1,0,1,20.225492,0,0,0,0
38.3790,,0.443941,0.443941,0.444883,0.012051,0.000000,0.000000,0.000000,0,1,0,1,20.232709,0,0,0,0
38.3990,,0.443941,0.443941,0.444883,0.012051,0.000000,0.000000,0.000000,0,1,0,1,20.113480,0,0,0,0
38.4189,,0.443941,0.443941,0.444883,0.012051,0.000000,0.000000,0.000000,0,1,0,1,20.211374,0,0,0,0
38.4401,,0.443941,0.443941,0.444883,0.012051,0.000000,0.000000,0.000000,0,1,0,1,20.291694,0,0,0,0
38.4600,,0.443941,0.443941,0.444883,0.012051,0.000000,0.000000,0.000000,0,1,0,1,20.206859,0,0,0,0
38.4801,,0.443941,0.443941,0.444883,0.012051,0.000000,0.000000,0.000000,0,1,0,1,20.283827,0,0,0,0
38.5001,,0.443941,0.443941,0.444883,0.012051,0.000000,0.000000,0.000000,0,1,0,1,20.139266,0,0,0,0
38.5201,,0.443941,0.443941,0.444883,0.012051,0.000000,0.000000,0.000000,0,1,0,1,20.168403,0,0,0,0
38.5401,,0.443941,0.443941,0.444883,0.012051,0.000000,0.000000,0.000000,0,1,0,1,20.119808,0,0,0,0
38.5611,,0.443941,0.443941,0.444883,0.012051,0.000000,0.000000,0.000000,0,1,0,1,20.081423,0,0,0,0
38.5811,,0.443941,0.443941,0.444883,0.012051,0.000000,0.000000,0.000000,0,1,0,1,20.214966,0,0,0,0
38.6011,,0.443941,0.443941,0.444883,0.012051,0.000000,0.000000,0.000000,0,1,0,1,20.197574,0,0,0,0
38.6211,,0.443941,0.443941,0.444883,0.012051,0.000000,0.000000,0.000000,0,1,0,1,20.202578,0,0,0,0
38.6410,,0.443941,0.443941,0.444883,0.012051,0.000000,0.000000,0.000000,0,1,0,1,20.176072,0,0,0,0
38.6621,,0.443941,0.443941,0.444883,0.012051,0.000000,0.000000,0.000000,0,1,0,1,20.201470,0,0,0,0
38.6821,,0.443941,0.443941,0.444883,0.012051,0.000000,0.000000,0.000000,0,1,0,1,20.070415,0,0,0,0
38.7021,,0.443941,0.443941,0.444883,0.012051,0.000000,0.000000,0.000000,0,1,0,1,20.123294,0,0,0,0
38.7221,,0.443941,0.443941,0.444883,0.012051,0.000000,0.000000,0.000000,0,1,0,1,20.101432,0,0,0,0
38.7419,,0.443941,0.443941,0.444883,0.012051,0.000000,0.000000,0.000000,0,1,0,1,20.083927,0,0,0,0
38.7621,,0.443941,0.443941,0.444883,0.012051,0.000000,0.000000,0.000000,0,1,0,1,20.077036,0,0,0,0
38.7820,,0.443941,0.443941,0.444883,0.012051,0.000000,0.000000,0.000000,0,1,0,1,20.068489,0,0,0,0
38.8021,,0.443941,0.443941,0.444883,0.012051,0.000000,0.000000,0.000000,0,1,0,1,20.196816,0,0,0,0
38.8220,,0.443941,0.443941,0.444883,0.012051,0.000000,0.000000,0.000000,0,1,0,1,20.187266,0,0,0,0
38.8430,,0.443941,0.443941,0.444883,0.012051,0.000000,0.000000,0.000000,0,1,0,1,20.221430,0,0,0,0
38.8629,,0.443941,0.443941,0.444883,0.012051,0.000000,0.000000,0.000000,0,1,0,1,20.082850,0,0,0,0
38.8829,,0.443941,0.443941,0.444883,0.012051,0.000000,0.000000,0.000000,0,1,0,1,20.078145,0,0,0,0
38.9029,,0.443941,0.443941,0.444883,0.012051,0.000000,0.000000,0.000000,0,1,0,1,20.083247,0,0,0,0
38.9230,,0.443941,0.443941,0.444883,0.012051,0.000000,0.000000,0.000000,0,1,0,1,20.114922,0,0,0,0
38.9431,,0.443941,0.443941,0.444883,0.012051,0.000000,0.000000,0.000000,0,1,0,1,20.244665,0,0,0,0
38.9631,,0.443941,0.443941,0.444883,0.012051,0.000000,0.000000,0.000000,0,1,0,1,20.195678,0,0,0,0
38.9842,,0.443941,0.443941,0.444883,0.012051,0.000000,0.000000,0.000000,0,1,0,1,20.223265,0,0,0,0
39.0040,,0.443941,0.443941,0.444883,0.012051,0.000000,0.000000,0.000000,0,1,0,1,20.341329,0,0,0,0
39.0240,,0.443941,0.443941,0.444883,0.012051,0.000000,0.000000,0.000000,0,1,0,1,20.194136,0,0,0,0
39.0452,,0.443941,0.443941,0.444883,0.012051,0.000000,0.000000,0.000000,0,1,0,1,20.215551,0,0,0,0
39.0652,,0.443941,0.443941,0.444883,0.012051,0.000000,0.000000,0.000000,0,1,0,1,20.151384,0,0,0,0
39.0850,,0.443941,0.443941,0.444883,0.012051,0.000000,0.000000,0.000000,0,1,0,1,20.091746,0,0,0,0
39.1051,,0.443941,0.443941,0.444883,0.012051,0.000000,0.000000,0.000000,0,1,0,1,20.067560,0,0,0,0
39.1252,,0.443941,0.443941,0.444883,0.012051,0.000000,0.000000,0.000000,0,1,0,1,20.066084,0,0,0,0
39.1451,,0.443941,0.443941,0.444883,0.012051,0.000000,0.000000,0.000000,0,1,0,1,20.072212,0,0,0,0
39.1651,,0.443941,0.443941,0.444883,0.012051,0.000000,0.000000,0.000000,0,1,0,1,20.070544,0,0,0,0
39.1851,,0.443941,0.443941,0.444883,0.012051,0.000000,0.000000,0.000000,0,1,0,1,20.094486,0,0,0,0
39.2050,,0.443941,0.443941,0.444883,0.012051,0.000000,0.000000,0.000000,0,1,0,1,20.100730,0,0,0,0
39.2261,,0.443941,0.443941,0.444883,0.012051,0.000000,0.000000,0.000000,0,1,0,1,20.366291,0,0,0,0
39.2461,,0.443941,0.443941,0.444883,0.012051,0.000000,0.000000,0.000000,0,1,0,1,20.088354,0,0,0,0
39.2662,,0.443941,0.443941,0.444883,0.012051,0.000000,0.000000,0.000000,0,1,0,1,20.077781,0,0,0,0
39.2862,,0.443941,0.443941,0.444883,0.012051,0.000000,0.000000,0.000000,0,1,0,1,20.071220,0,0,0,0
39.3062,,0.443941,0.443941,0.444883,0.012051,0.000000,0.000000,0.000000,0,1,0,1,20.083322,0,0,0,0
39.3261,,0.443941,0.443941,0.444883,0.012051,0.000000,0.000000,0.000000,0,1,0,1,20.209284,0,0,0,0
39.3461,,0.443941,0.443941,0.444883,0.012051,0.000000,0.000000,0.000000,0,1,0,1,20.148944,0,0,0,0
39.3661,,0.443941,0.443941,0.444883,0.012051,0.000000,0.000000,0.000000,0,1,0,1,20.071683,0,0,0,0
39.3861,,0.443941,0.443941,0.444883,0.012051,0.000000,0.000000,0.000000,0,1,0,1,20.166358,0,0,0,0
39.4071,,0.443941,0.443941,0.444883,0.012051,0.000000,0.000000,0.000000,0,1,0,1,20.176229,0,0,0,0
39.4271,,0.443941,0.443941,0.444883,0.012051,0.000000,0.000000,0.000000,0,1,0,1,20.081819,0,0,0,0
39.4470,,0.443941,0.443941,0.444883,0.012051,0.000000,0.000000,0.000000,0,1,0,1,20.201240,0,0,0,0
39.4670,,0.443941,0.443941,0.444883,0.012051,0.000000,0.000000,0.000000,0,1,0,1,20.073249,0,0,0,0
39.4871,,0.443941,0.443941,0.444883,0.012051,0.000000,0.000000,0.000000,0,1,0,1,20.084721,0,0,0,0
39.5069,,0.443941,0.443941,0.444883,0.012051,0.000000,0.000000,0.000000,0,1,0,1,20.084034,0,0,0,0
39.5269,,0.443941,0.443941,0.444883,0.012051,0.000000,0.000000,0.000000,0,1,0,1,20.080358,0,0,0,0
39.5472,,0.443941,0.443941,0.444883,0.012051,0.000000,0.000000,0.000000,0,1,0,1,20.073338,0,0,0,0
39.5669,,0.443941,0.443941,0.444883,0.012051,0.000000,0.000000,0.000000,0,1,0,1,20.075386,0,0,0,0
39.5870,,0.443941,0.443941,0.444883,0.012051,0.000000,0.000000,0.000000,0,1,0,1,20.075203,0,0,0,0
39.6080,,0.443941,0.443941,0.444883,0.012051,0.000000,0.000000,0.000000,0,1,0,1,20.117167,0,0,0,0
39.6284,,0.443941,0.443941,0.444883,0.012051,0.000000,0.000000,0.000000,0,1,0,1,20.103857,0,0,0,0
39.6480,,0.443941,0.443941,0.444883,0.012051,0.000000,0.000000,0.000000,0,1,0,1,20.094026,0,0,0,0
39.6680,,0.443941,0.443941,0.444883,0.012051,0.000000,0.000000,0.000000,0,1,0,1,20.088869,0,0,0,0
39.6881,,0.443941,0.443941,0.444883,0.012051,0.000000,0.000000,0.000000,0,1,0,1,20.101476,0,0,0,0
39.7083,,0.443941,0.443941,0.444883,0.012051,0.000000,0.000000,0.000000,0,1,0,1,20.097915,0,0,0,0
39.7280,,0.443941,0.443941,0.444883,0.012051,0.000000,0.000000,0.000000,0,1,0,1,20.090915,0,0,0,0
39.7480,,0.443941,0.443941,0.444883,0.012051,0.000000,0.000000,0.000000,0,1,0,1,20.084754,0,0,0,0
39.7680,,0.443941,0.443941,0.444883,0.012051,0.000000,0.000000,0.000000,0,1,0,1,20.113004,0,0,0,0
39.7891,,0.443941,0.443941,0.444883,0.012051,0.000000,0.000000,0.000000,0,1,0,1,20.213762,0,0,0,0
39.8090,,0.443941,0.443941,0.444883,0.012051,0.000000,0.000000,0.000000,0,1,0,1,20.127822,0,0,0,0
39.8292,,0.443941,0.443941,0.444883,0.012051,0.000000,0.000000,0.000000,0,1,0,1,20.117803,0,0,0,0
39.8491,,0.443941,0.443941,0.444883,0.012051,0.000000,0.000000,0.000000,0,1,0,1,20.226850,0,0,0,0
39.8691,,0.443941,0.443941,0.444883,0.012051,0.000000,0.000000,0.000000,0,1,0,1,20.207149,0,0,0,0
39.8891,,0.443941,0.443941,0.444883,0.012051,0.000000,0.000000,0.000000,0,1,0,1,20.117427,0,0,0,0
39.9102,,0.443941,0.443941,0.444883,0.012051,0.000000,0.000000,0.000000,0,1,0,1,20.219606,0,0,0,0
39.9301,,0.443941,0.443941,0.444883,0.012051,0.000000,0.000000,0.000000,0,1,0,1,20.136563,0,0,0,0
39.9502,,0.443941,0.443941,0.444883,0.012051,0.000000,0.000000,0.000000,0,1,0,1,20.167622,0,0,0,0
39.9702,,0.443941,0.443941,0.444883,0.012051,0.000000,0.000000,0.000000,0,1,0,1,20.180930,0,0,0,0
39.9901,,0.443941,0.443941,0.444883,0.012051,0.000000,0.000000,0.000000,0,1,0,1,20.150049,0,0,0,0
40.0101,,0.443941,0.443941,0.444883,0.012051,0.000000,0.000000,0.000000,0,1,0,1,20.187822,0,0,0,0
40.0311,,0.443941,0.443941,0.444883,0.012051,0.000000,0.000000,0.000000,0,1,0,1,20.229165,0,0,0,0
40.0511,,0.443941,0.443941,0.444883,0.012051,0.000000,0.000000,0.000000,0,1,0,1,20.199706,0,0,0,0
40.0711,,0.443941,0.443941,0.444883,0.012051,0.000000,0.000000,0.000000,0,1,0,1,20.207065,0,0,0,0
40.0912,,0.443941,0.443941,0.444883,0.012051,0.000000,0.000000,0.000000,0,1,0,1,20.206871,0,0,0,0
40.1111,,0.443941,0.443941,0.444883,0.012051,0.000000,0.000000,0.000000,0,1,0,1,20.215166,0,0,0,0
40.1321,,0.443941,0.443941,0.444883,0.012051,0.000000,0.000000,0.000000,0,1,0,1,20.342039,0,0,0,0
40.1521,,0.443941,0.443941,0.444883,0.012051,0.000000,0.000000,0.000000,0,1,0,1,20.093192,0,0,0,0
40.1721,,0.443941,0.443941,0.444883,0.012051,0.000000,0.000000,0.000000,0,1,0,1,20.122538,0,0,0,0
40.1922,,0.443941,0.443941,0.444883,0.012051,0.000000,0.000000,0.000000,0,1,0,1,20.206281,0,0,0,0
40.2120,,0.443941,0.443941,0.444883,0.012051,0.000000,0.000000,0.000000,0,1,0,1,20.194295,0,0,0,0
40.2330,,0.443941,0.443941,0.444883,0.012051,0.000000,0.000000,0.000000,0,1,0,1,20.162532,0,0,0,0
40.2529,,0.443941,0.443941,0.444883,0.012051,0.000000,0.000000,0.000000,0,1,0,1,20.083599,0,0,0,0
40.2730,,0.443941,0.443941,0.444883,0.012051,0.000000,0.000000,0.000000,0,1,0,1,20.111212,0,0,0,0
40.2929,,0.443941,0.443941,0.444883,0.012051,0.000000,0.000000,0.000000,0,1,0,1,20.071624,0,0,0,0
40.3130,,0.443941,0.443941,0.444883,0.012051,0.000000,0.000000,0.000000,0,1,0,1,20.089497,0,0,0,0
40.3330,,0.443941,0.443941,0.444883,0.012051,0.000000,0.000000,0.000000,0,1,0,1,20.087889,0,0,0,0
40.3530,,0.443941,0.443941,0.444883,0.012051,0.000000,0.000000,0.000000,0,1,0,1,20.127623,0,0,0,0
40.3731,,0.443941,0.443941,0.444883,0.012051,0.000000,0.000000,0.000000,0,1,0,1,20.229098,0,0,0,0
40.3941,,0.443941,0.443941,0.444883,0.012051,0.000000,0.000000,0.000000,0,1,0,1,20.259639,0,0,0,0
40.4141,,0.443941,0.443941,0.444883,0.012051,0.000000,0.000000,0.000000,0,1,0,1,20.209040,0,0,0,0
40.4340,,0.443941,0.443941,0.444883,0.012051,0.000000,0.000000,0.000000,0,1,0,1,20.203073,0,0,0,0
40.4540,,0.443941,0.443941,0.444883,0.012051,0.000000,0.000000,0.000000,0,1,0,1,20.188531,0,0,0,0
40.4751,,0.443941,0.443941,0.444883,0.012051,0.000000,0.000000,0.000000,0,1,0,1,20.274141,0,0,0,0
40.4951,,0.443941,0.443941,0.444883,0.012051,0.000000,0.000000,0.000000,0,1,0,1,20.217834,0,0,0,0
40.5150,,0.443941,0.443941,0.444883,0.012051,0.000000,0.000000,0.000000,0,1,0,1,20.112545,0,0,0,0
40.5350,,0.443941,0.443941,0.444883,0.012051,0.000000,0.000000,0.000000,0,1,0,1,20.172753,0,0,0,0
40.5550,,0.443941,0.443941,0.444883,0.012051,0.000000,0.000000,0.000000,0,1,0,1,20.080234,0,0,0,0
40.5750,,0.443941,0.443941,0.444883,0.012051,0.000000,0.000000,0.000000,0,1,0,1,20.076140,0,0,0,0
40.5950,,0.443941,0.443941,0.444883,0.012051,0.000000,0.000000,0.000000,0,1,0,1,20.093066,0,0,0,0
40.6161,,0.443941,0.443941,0.444883,0.012051,0.000000,0.000000,0.000000,0,1,0,1,20.261710,0,0,0,0
40.6361,,0.443941,0.443941,0.444883,0.012051,0.000000,0.000000,0.000000,0,1,0,1,20.215188,0,0,0,0
40.6561,,0.443941,0.443941,0.444883,0.012051,0.000000,0.000000,0.000000,0,1,0,1,20.216187,0,0,0,0
40.6761,,0.443941,0.443941,0.444883,0.012051,0.000000,0.000000,0.000000,0,1,0,1,20.198313,0,0,0,0
40.6962,,0.443941,0.443941,0.444883,0.012051,0.000000,0.000000,0.000000,0,1,0,1,20.144773,0,0,0,0
40.7170,,0.443941,0.443941,0.444883,0.012051,0.000000,0.000000,0.000000,0,1,0,1,20.212113,0,0,0,0
40.7371,,0.443941,0.443941,0.444883,0.012051,0.000000,0.000000,0.000000,0,1,0,1,20.216043,0,0,0,0
40.7571,,0.443941,0.443941,0.444883,0.012051,0.000000,0.000000,0.000000,0,1,0,1,20.200344,0,0,0,0
40.7771,,0.443941,0.443941,0.444883,0.012051,0.000000,0.000000,0.000000,0,1,0,1,20.224573,0,0,0,0
40.7971,,0.443941,0.443941,0.444883,0.012051,0.000000,0.000000,0.000000,0,1,0,1,20.246721,0,0,0,0
40.8182,,0.443941,0.443941,0.444883,0.012051,0.000000,0.000000,0.000000,0,1,0,1,20.271074,0,0,0,0
40.8381,,0.443941,0.443941,0.444883,0.012051,0.000000,0.000000,0.000000,0,1,0,1,20.201252,0,0,0,0
40.8581,,0.443941,0.443941,0.444883,0.012051,0.000000,0.000000,0.000000,0,1,0,1,20.207147,0,0,0,0
40.8782,,0.443941,0.443941,0.444883,0.012051,0.000000,0.000000,0.000000,0,1,0,1,20.238481,0,0,0,0
40.8992,,0.443941,0.443941,0.444883,0.012051,0.000000,0.000000,0.000000,0,1,0,1,20.207222,0,0,0,0
40.9191,,0.443941,0.443941,0.444883,0.012051,0.000000,0.000000,0.000000,0,1,0,1,20.262395,0,0,0,0
40.9390,,0.443941,0.443941,0.444883,0.012051,0.000000,0.000000,0.000000,0,1,0,1,20.248494,0,0,0,0
40.9590,,0.443941,0.443941,0.444883,0.012051,0.000000,0.000000,0.000000,0,1,0,1,20.178324,0,0,0,0
40.9792,,0.443941,0.443941,0.444883,0.012051,0.000000,0.000000,0.000000,0,1,0,1,20.074988,0,0,0,0
40.9990,,0.443941,0.443941,0.444883,0.012051,0.000000,0.000000,0.000000,0,1,0,1,20.160406,0,0,0,0
41.0201,,0.443941,0.443941,0.444883,0.012051,0.000000,0.000000,0.000000,0,1,0,1,20.216708,0,0,0,0
41.0401,,0.443941,0.443941,0.444883,0.012051,0.000000,0.000000,0.000000,0,1,0,1,20.250316,0,0,0,0
41.0600,,0.443941,0.443941,0.444883,0.012051,0.000000,0.000000,0.000000,0,1,0,1,20.111283,0,0,0,0
41.0800,,0.443941,0.443941,0.444883,0.012051,0.000000,0.000000,0.000000,0,1,0,1,20.085821,0,0,0,0
41.1000,,0.443941,0.443941,0.444883,0.012051,0.000000,0.000000,0.000000,0,1,0,1,20.078712,0,0,0,0
41.1200,,0.443941,0.443941,0.444883,0.012051,0.000000,0.000000,0.000000,0,1,0,1,20.076816,0,0,0,0
41.1399,,0.443941,0.443941,0.444883,0.012051,0.000000,0.000000,0.000000,0,1,0,1,20.074864,0,0,0,0
41.1600,,0.443941,0.443941,0.444883,0.012051,0.000000,0.000000,0.000000,0,1,0,1,20.094735,0,0,0,0
41.1811,,0.443941,0.443941,0.444883,0.012051,0.000000,0.000000,0.000000,0,1,0,1,20.238508,0,0,0,0
41.2012,,0.443941,0.443941,0.444883,0.012051,0.000000,0.000000,0.000000,0,1,0,1,20.173387,0,0,0,0
41.2211,,0.443941,0.443941,0.444883,0.012051,0.000000,0.000000,0.000000,0,1,0,1,20.305914,0,0,0,0
41.2412,,0.443941,0.443941,0.444883,0.012051,0.000000,0.000000,0.000000,0,1,0,1,20.156787,0,0,0,0
41.2620,,0.443941,0.443941,0.444883,0.012051,0.000000,0.000000,0.000000,0,1,0,1,20.220982,0,0,0,0
41.2821,,0.443941,0.443941,0.444883,0.012051,0.000000,0.000000,0.000000,0,1,0,1,20.076415,0,0,0,0
41.3021,,0.443941,0.443941,0.444883,0.012051,0.000000,0.000000,0.000000,0,1,0,1,20.073242,0,0,0,0
41.3221,,0.443941,0.443941,0.444883,0.012051,0.000000,0.000000,0.000000,0,1,0,1,20.074208,0,0,0,0
41.3420,,0.443941,0.443941,0.444883,0.012051,0.000000,0.000000,0.000000,0,1,0,1,20.219389,0,0,0,0
41.3620,,0.443941,0.443941,0.444883,0.012051,0.000000,0.000000,0.000000,0,1,0,1,20.120493,0,0,0,0
41.3821,,0.443941,0.443941,0.444883,0.012051,0.000000,0.000000,0.000000,0,1,0,1,20.214868,0,0,0,0
41.4031,,0.443941,0.443941,0.444883,0.012051,0.000000,0.000000,0.000000,0,1,0,1,20.240328,0,0,0,0
41.4235,,0.443941,0.443941,0.444883,0.012051,0.000000,0.000000,0.000000,0,1,0,1,20.206480,0,0,0,0
41.4431,,0.443941,0.443941,0.444883,0.012051,0.000000,0.000000,0.000000,0,1,0,1,20.131685,0,0,0,0
41.4631,,0.443941,0.443941,0.444883,0.012051,0.000000,0.000000,0.000000,0,1,0,1,20.094329,0,0,0,0
41.4831,,0.443941,0.443941,0.444883,0.012051,0.000000,0.000000,0.000000,0,1,0,1,20.196120,0,0,0,0
41.5031,,0.443941,0.443941,0.444883,0.012051,0.000000,0.000000,0.000000,0,1,0,1,20.239131,0,0,0,0
41.5241,,0.443941,0.443941,0.444883,0.012051,0.000000,0.000000,0.000000,0,1,0,1,20.326407,0,0,0,0
41.5440,,0.443941,0.443941,0.444883,0.012051,0.000000,0.000000,0.000000,0,1,0,1,20.205293,0,0,0,0
41.5640,,0.443941,0.443941,0.444883,0.012051,0.000000,0.000000,0.000000,0,1,0,1,20.124374,0,0,0,0
41.5840,,0.443941,0.443941,0.444883,0.012051,0.000000,0.000000,0.000000,0,1,0,1,20.199459,0,0,0,0
41.6041,,0.443941,0.443941,0.444883,0.012051,0.000000,0.000000,0.000000,0,1,0,1,20.112308,0,0,0,0
41.6250,,0.443941,0.443941,0.444883,0.012051,0.000000,0.000000,0.000000,0,1,0,1,20.135293,0,0,0,0
41.6451,,0.443941,0.443941,0.444883,0.012051,0.000000,0.000000,0.000000,0,1,0,1,20.103353,0,0,0,0
41.6650,,0.443941,0.443941,0.444883,0.012051,0.000000,0.000000,0.000000,0,1,0,1,20.094963,0,0,0,0
41.6851,,0.443941,0.443941,0.444883,0.012051,0.000000,0.000000,0.000000,0,1,0,1,20.121800,0,0,0,0
41.7051,,0.443941,0.443941,0.444883,0.012051,0.000000,0.000000,0.000000,0,1,0,1,20.162062,0,0,0,0
41.7250,,0.443941,0.443941,0.444883,0.012051,0.000000,0.000000,0.000000,0,1,0,1,20.118467,0,0,0,0
41.7450,,0.443941,0.443941,0.444883,0.012051,0.000000,0.000000,0.000000,0,1,0,1,20.078350,0,0,0,0
41.7650,,0.443941,0.443941,0.444883,0.012051,0.000000,0.000000,0.000000,0,1,0,1,20.105198,0,0,0,0
41.7861,,0.443941,0.443941,0.444883,0.012051,0.000000,0.000000,0.000000,0,1,0,1,20.086764,0,0,0,0
41.8062,,0.443941,0.443941,0.444883,0.012051,0.000000,0.000000,0.000000,0,1,0,1,20.187010,0,0,0,0
41.8262,,0.443941,0.443941,0.444883,0.012051,0.000000,0.000000,0.000000,0,1,0,1,20.088099,0,0,0,0
41.8462,,0.443941,0.443941,0.444883,0.012051,0.000000,0.000000,0.000000,0,1,0,1,20.084085,0,0,0,0
41.8662,,0.443941,0.443941,0.444883,0.012051,0.000000,0.000000,0.000000,0,1,0,1,20.087331,0,0,0,0
41.8861,,0.443941,0.443941,0.444883,0.012051,0.000000,0.000000,0.000000,0,1,0,1,20.574183,0,0,0,0
41.9071,,0.443941,0.443941,0.444883,0.012051,0.000000,0.000000,0.000000,0,1,0,1,20.190481,0,0,0,0
41.9271,,0.443941,0.443941,0.444883,0.012051,0.000000,0.000000,0.000000,0,1,0,1,20.081411,0,0,0,0
41.9470,,0.443941,0.443941,0.444883,0.012051,0.000000,0.000000,0.000000,0,1,0,1,20.094810,0,0,0,0
41.9671,,0.443941,0.443941,0.444883,0.012051,0.000000,0.000000,0.000000,0,1,0,1,20.099738,0,0,0,0
41.9870,,0.443941,0.443941,0.444883,0.012051,0.000000,0.000000,0.000000,0,1,0,1,20.087887,0,0,0,0
42.0070,,0.443941,0.443941,0.444883,0.012051,0.000000,0.000000,0.000000,0,1,0,1,20.067421,0,0,0,0
42.0271,,0.443941,0.443941,0.444883,0.012051,0.000000,0.000000,0.000000,0,1,0,1,20.066672,0,0,0,0
42.0470,,0.443941,0.443941,0.444883,0.012051,0.000000,0.000000,0.000000,0,1,0,1,20.080232,0,0,0,0
42.0672,,0.443941,0.443941,0.444883,0.012051,0.000000,0.000000,0.000000,0,1,0,1,20.078794,0,0,0,0
42.0869,,0.443941,0.443941,0.444883,0.012051,0.000000,0.000000,0.000000,0,1,0,1,20.112128,0,0,0,0
42.1070,,0.443941,0.443941,0.444883,0.012051,0.000000,0.000000,0.000000,0,1,0,1,20.107851,0,0,0,0
42.1281,,0.443941,0.443941,0.444883,0.012051,0.000000,0.000000,0.000000,0,1,0,1,20.090892,0,0,0,0
42.1480,,0.443941,0.443941,0.444883,0.012051,0.000000,0.000000,0.000000,0,1,0,1,20.069807,0,0,0,0
42.1683,,0.443941,0.443941,0.444883,0.012051,0.000000,0.000000,0.000000,0,1,0,1,20.075677,0,0,0,0
42.1880,,0.443941,0.443941,0.444883,0.012051,0.000000,0.000000,0.000000,0,1,0,1,20.083880,0,0,0,0
42.2082,,0.443941,0.443941,0.444883,0.012051,0.000000,0.000000,0.000000,0,1,0,1,20.143142,0,0,0,0
42.2280,,0.443941,0.443941,0.444883,0.012051,0.000000,0.000000,0.000000,0,1,0,1,20.177078,0,0,0,0
42.2481,,0.443941,0.443941,0.444883,0.012051,0.000000,0.000000,0.000000,0,1,0,1,20.203741,0,0,0,0
42.2691,,0.443941,0.443941,0.444883,0.012051,0.000000,0.000000,0.000000,0,1,0,1,20.197522,0,0,0,0
42.2893,,0.443941,0.443941,0.444883,0.012051,0.000000,0.000000,0.000000,0,1,0,1,20.088146,0,0,0,0
42.3091,,0.443941,0.443941,0.444883,0.012051,0.000000,0.000000,0.000000,0,1,0,1,20.221948,0,0,0,0
42.3290,,0.443941,0.443941,0.444883,0.012051,0.000000,0.000000,0.000000,0,1,0,1,20.211877,0,0,0,0
42.3491,,0.443941,0.443941,0.444883,0.012051,0.000000,0.000000,0.000000,0,1,0,1,20.123142,0,0,0,0
42.3690,,0.443941,0.443941,0.444883,0.012051,0.000000,0.000000,0.000000,0,1,0,1,20.220705,0,0,0,0
42.3901,,0.443941,0.443941,0.444883,0.012051,0.000000,0.000000,0.000000,0,1,0,1,20.270946,0,0,0,0
42.4102,,0.443941,0.443941,0.444883,0.012051,0.000000,0.000000,0.000000,0,1,0,1,20.087543,0,0,0,0
42.4302,,0.443941,0.443941,0.444883,0.012051,0.000000,0.000000,0.000000,0,1,0,1,20.080775,0,0,0,0
42.4502,,0.443941,0.443941,0.444883,0.012051,0.000000,0.000000,0.000000,0,1,0,1,20.109632,0,0,0,0
42.4703,,0.443941,0.443941,0.444883,0.012051,0.000000,0.000000,0.000000,0,1,0,1,20.119056,0,0,0,0
42.4902,,0.443941,0.443941,0.444883,0.012051,0.000000,0.000000,0.000000,0,1,0,1,20.217175,0,0,0,0
42.5112,,0.443941,0.443941,0.444883,0.012051,0.000000,0.000000,0.000000,0,1,0,1,20.333865,0,0,0,0
42.5312,,0.443941,0.443941,0.444883,0.012051,0.000000,0.000000,0.000000,0,1,0,1,20.282135,0,0,0,0
42.5511,,0.443941,0.443941,0.444883,0.012051,0.000000,0.000000,0.000000,0,1,0,1,20.201880,0,0,0,0
42.5710,,0.443941,0.443941,0.444883,0.012051,0.000000,0.000000,0.000000,0,1,0,1,20.132057,0,0,0,0
42.5910,,0.443941,0.443941,0.444883,0.012051,0.000000,0.000000,0.000000,0,1,0,1,20.108609,0,0,0,0
42.6110,,0.443941,0.443941,0.444883,0.012051,0.000000,0.000000,0.000000,0,1,0,1,20.109018,0,0,0,0
42.6319,,0.443941,0.443941,0.444883,0.012051,0.000000,0.000000,0.000000,0,1,0,1,20.062888,0,0,0,0
42.6520,,0.443941,0.443941,0.444883,0.012051,0.000000,0.000000,0.000000,0,1,0,1,20.192278,0,0,0,0
42.6720,,0.443941,0.443941,0.444883,0.012051,0.000000,0.000000,0.000000,0,1,0,1,20.101771,0,0,0,0
42.6920,,0.443941,0.443941,0.444883,0.012051,0.000000,0.000000,0.000000,0,1,0,1,20.083121,0,0,0,0
42.7120,,0.443941,0.443941,0.444883,0.012051,0.000000,0.000000,0.000000,0,1,0,1,20.126209,0,0,0,0
42.7320,,0.443941,0.443941,0.444883,0.012051,0.000000,0.000000,0.000000,0,1,0,1,20.074689,0,0,0,0
42.7520,,0.443941,0.443941,0.444883,0.012051,0.000000,0.000000,0.000000,0,1,0,1,20.096898,0,0,0,0
42.7720,,0.443941,0.443941,0.444883,0.012051,0.000000,0.000000,0.000000,0,1,0,1,20.078888,0,0,0,0
42.7920,,0.443941,0.443941,0.444883,0.012051,0.000000,0.000000,0.000000,0,1,0,1,20.092793,0,0,0,0
42.8121,,0.443941,0.443941,0.444883,0.012051,0.000000,0.000000,0.000000,0,1,0,1,20.086896,0,0,0,0
42.8320,,0.443941,0.443941,0.444883,0.012051,0.000000,0.000000,0.000000,0,1,0,1,20.081324,0,0,0,0
42.8530,,0.443941,0.443941,0.444883,0.012051,0.000000,0.000000,0.000000,0,1,0,1,20.082340,0,0,0,0
42.8731,,0.443941,0.443941,0.444883,0.012051,0.000000,0.000000,0.000000,0,1,0,1,20.096046,0,0,0,0
42.8930,,0.443941,0.443941,0.444883,0.012051,0.000000,0.000000,0.000000,0,1,0,1,20.073584,0,0,0,0
42.9131,,0.443941,0.443941,0.444883,0.012051,0.000000,0.000000,0.000000,0,1,0,1,20.099669,0,0,0,0
42.9330,,0.443941,0.443941,0.444883,0.012051,0.000000,0.000000,0.000000,0,1,0,1,20.082646,0,0,0,0
42.9530,,0.443941,0.443941,0.444883,0.012051,0.000000,0.000000,0.000000,0,1,0,1,20.110332,0,0,0,0
42.9730,,0.443941,0.443941,0.444883,0.012051,0.000000,0.000000,0.000000,0,1,0,1,20.095420,0,0,0,0
42.9931,,0.443941,0.443941,0.444883,0.012051,0.000000,0.000000,0.000000,0,1,0,1,20.091943,0,0,0,0
43.0131,,0.443941,0.443941,0.444883,0.012051,0.000000,0.000000,0.000000,0,1,0,1,20.281321,0,0,0,0
43.0341,,0.443941,0.443941,0.444883,0.012051,0.000000,0.000000,0.000000,0,1,0,1,20.222991,0,0,0,0
43.0540,,0.443941,0.443941,0.444883,0.012051,0.000000,0.000000,0.000000,0,1,0,1,20.158962,0,0,0,0
43.0740,,0.443941,0.443941,0.444883,0.012051,0.000000,0.000000,0.000000,0,1,0,1,20.218598,0,0,0,0
43.0940,,0.443941,0.443941,0.444883,0.012051,0.000000,0.000000,0.000000,0,1,0,1,20.076555,0,0,0,0
43.1142,,0.443941,0.443941,0.444883,0.012051,0.000000,0.000000,0.000000,0,1,0,1,20.237441,0,0,0,0
43.1350,,0.443941,0.443941,0.444883,0.012051,0.000000,0.000000,0.000000,0,1,0,1,20.188354,0,0,0,0
43.1550,,0.443941,0.443941,0.444883,0.012051,0.000000,0.000000,0.000000,0,1,0,1,20.208341,0,0,0,0
43.1751,,0.443941,0.443941,0.444883,0.012051,0.000000,0.000000,0.000000,0,1,0,1,20.228599,0,0,0,0
43.1950,,0.443941,0.443941,0.444883,0.012051,0.000000,0.000000,0.000000,0,1,0,1,20.082630,0,0,0,0
43.2149,,0.443941,0.443941,0.444883,0.012051,0.000000,0.000000,0.000000,0,1,0,1,20.096512,0,0,0,0
43.2349,,0.443941,0.443941,0.444883,0.012051,0.000000,0.000000,0.000000,0,1,0,1,20.119439,0,0,0,0
43.2549,,0.443941,0.443941,0.444883,0.012051,0.000000,0.000000,0.000000,0,1,0,1,20.120573,0,0,0,0
43.2760,,0.443941,0.443941,0.444883,0.012051,0.000000,0.000000,0.000000,0,1,0,1,20.220648,0,0,0,0
43.2960,,0.443941,0.443941,0.444883,0.012051,0.000000,0.000000,0.000000,0,1,0,1,20.207451,0,0,0,0
43.3160,,0.443941,0.443941,0.444883,0.012051,0.000000,0.000000,0.000000,0,1,0,1,20.218141,0,0,0,0
43.3361,,0.443941,0.443941,0.444883,0.012051,0.000000,0.000000,0.000000,0,1,0,1,20.277628,0,0,0,0
43.3570,,0.443941,0.443941,0.444883,0.012051,0.000000,0.000000,0.000000,0,1,0,1,20.296642,0,0,0,0
43.3771,,0.443941,0.443941,0.444883,0.012051,0.000000,0.000000,0.000000,0,1,0,1,20.214712,0,0,0,0
43.3969,,0.443941,0.443941,0.444883,0.012051,0.000000,0.000000,0.000000,0,1,0,1,20.210526,0,0,0,0
43.4169,,0.443941,0.443941,0.444883,0.012051,0.000000,0.000000,0.000000,0,1,0,1,20.247866,0,0,0,0
43.4380,,0.443941,0.443941,0.444883,0.012051,0.000000,0.000000,0.000000,0,1,0,1,20.204547,0,0,0,0
43.4581,,0.443941,0.443941,0.444883,0.012051,0.000000,0.000000,0.000000,0,1,0,1,20.228903,0,0,0,0
43.4780,,0.443941,0.443941,0.444883,0.012051,0.000000,0.000000,0.000000,0,1,0,1,20.201475,0,0,0,0
43.4981,,0.443941,0.443941,0.444883,0.012051,0.000000,0.000000,0.000000,0,1,0,1,20.180050,0,0,0,0
43.5182,,0.443941,0.443941,0.444883,0.012051,0.000000,0.000000,0.000000,0,1,0,1,20.233888,0,0,0,0
43.5390,,0.443941,0.443941,0.444883,0.012051,0.000000,0.000000,0.000000,0,1,0,1,20.312943,0,0,0,0
43.5591,,0.443941,0.443941,0.444883,0.012051,0.000000,0.000000,0.000000,0,1,0,1,20.195079,0,0,0,0
43.5790,,0.443941,0.443941,0.444883,0.012051,0.000000,0.000000,0.000000,0,1,0,1,20.255821,0,0,0,0
43.5989,,0.443941,0.443941,0.444883,0.012051,0.000000,0.000000,0.000000,0,1,0,1,20.165267,0,0,0,0
43.6190,,0.443941,0.443941,0.444883,0.012051,0.000000,0.000000,0.000000,0,1,0,1,20.086061,0,0,0,0
43.6400,,0.443941,0.443941,0.444883,0.012051,0.000000,0.000000,0.000000,0,1,0,1,20.185954,0,0,0,0
43.6600,,0.443941,0.443941,0.444883,0.012051,0.000000,0.000000,0.000000,0,1,0,1,20.086814,0,0,0,0
43.6800,,0.443941,0.443941,0.444883,0.012051,0.000000,0.000000,0.000000,0,1,0,1,20.085811,0,0,0,0
43.6999,,0.443941,0.443941,0.444883,0.012051,0.000000,0.000000,0.000000,0,1,0,1,20.086823,0,0,0,0
43.7200,,0.443941,0.443941,0.444883,0.012051,0.000000,0.000000,0.000000,0,1,0,1,20.142942,0,0,0,0
43.7400,,0.443941,0.443941,0.444883,0.012051,0.000000,0.000000,0.000000,0,1,0,1,20.119888,0,0,0,0
43.7601,,0.443941,0.443941,0.444883,0.012051,0.000000,0.000000,0.000000,0,1,0,1,20.121965,0,0,0,0
43.7801,,0.443941,0.443941,0.444883,0.012051,0.000000,0.000000,0.000000,0,1,0,1,20.177698,0,0,0,0
43.8009,,0.443941,0.443941,0.444883,0.012051,0.000000,0.000000,0.000000,0,1,0,1,20.221706,0,0,0,0
43.8210,,0.443941,0.443941,0.444883,0.012051,0.000000,0.000000,0.000000,0,1,0,1,20.143059,0,0,0,0
43.8411,,0.443941,0.443941,0.444883,0.012051,0.000000,0.000000,0.000000,0,1,0,1,20.177368,0,0,0,0
43.8611,,0.443941,0.443941,0.444883,0.012051,0.000000,0.000000,0.000000,0,1,0,1,20.231513,0,0,0,0
43.8821,,0.443941,0.443941,0.444883,0.012051,0.000000,0.000000,0.000000,0,1,0,1,20.364516,0,0,0,0
43.9020,,0.443941,0.443941,0.444883,0.012051,0.000000,0.000000,0.000000,0,1,0,1,20.097631,0,0,0,0
43.9220,,0.443941,0.443941,0.444883,0.012051,0.000000,0.000000,0.000000,0,1,0,1,20.071073,0,0,0,0
43.9420,,0.443941,0.443941,0.444883,0.012051,0.000000,0.000000,0.000000,0,1,0,1,20.066083,0,0,0,0
43.9619,,0.443941,0.443941,0.444883,0.012051,0.000000,0.000000,0.000000,0,1,0,1,20.205692,0,0,0,0
43.9821,,0.443941,0.443941,0.444883,0.012051,0.000000,0.000000,0.000000,0,1,0,1,20.194233,0,0,0,0
44.0020,,0.443941,0.443941,0.444883,0.012051,0.000000,0.000000,0.000000,0,1,0,1,20.202876,0,0,0,0
44.0230,,0.443941,0.443941,0.444883,0.012051,0.000000,0.000000,0.000000,0,1,0,1,20.202666,0,0,0,0
44.0431,,0.443941,0.443941,0.444883,0.012051,0.000000,0.000000,0.000000,0,1,0,1,20.078425,0,0,0,0
44.0630,,0.443941,0.443941,0.444883,0.012051,0.000000,0.000000,0.000000,0,1,0,1,20.077208,0,0,0,0
44.0830,,0.443941,0.443941,0.444883,0.012051,0.000000,0.000000,0.000000,0,1,0,1,20.099575,0,0,0,0
44.1030,,0.443941,0.443941,0.444883,0.012051,0.000000,0.000000,0.000000,0,1,0,1,20.269322,0,0,0,0
44.1231,,0.443941,0.443941,0.444883,0.012051,0.000000,0.000000,0.000000,0,1,0,1,20.232204,0,0,0,0
44.1440,,0.443941,0.443941,0.444883,0.012051,0.000000,0.000000,0.000000,0,1,0,1,20.225686,0,0,0,0
44.1640,,0.443941,0.443941,0.444883,0.012051,0.000000,0.000000,0.000000,0,1,0,1,20.083908,0,0,0,0
44.1840,,0.443941,0.443941,0.444883,0.012051,0.000000,0.000000,0.000000,0,1,0,1,20.220700,0,0,0,0
44.2039,,0.443941,0.443941,0.444883,0.012051,0.000000,0.000000,0.000000,0,1,0,1,20.196081,0,0,0,0
44.2239,,0.443941,0.443941,0.444883,0.012051,0.000000,0.000000,0.000000,0,1,0,1,20.204840,0,0,0,0
44.2451,,0.443941,0.443941,0.444883,0.012051,0.000000,0.000000,0.000000,0,1,0,1,20.206965,0,0,0,0
44.2651,,0.443941,0.443941,0.444883,0.012051,0.000000,0.000000,0.000000,0,1,0,1,20.078149,0,0,0,0
44.2849,,0.443941,0.443941,0.444883,0.012051,0.000000,0.000000,0.000000,0,1,0,1,20.210756,0,0,0,0
44.3051,,0.443941,0.443941,0.444883,0.012051,0.000000,0.000000,0.000000,0,1,0,1,20.205962,0,0,0,0
44.3251,,0.443941,0.443941,0.444883,0.012051,0.000000,0.000000,0.000000,0,1,0,1,20.173956,0,0,0,0
44.3450,,0.443941,0.443941,0.444883,0.012051,0.000000,0.000000,0.000000,0,1,0,1,20.064993,0,0,0,0
44.3649,,0.443941,0.443941,0.444883,0.012051,0.000000,0.000000,0.000000,0,1,0,1,20.207204,0,0,0,0
44.3861,,0.443941,0.443941,0.444883,0.012051,0.000000,0.000000,0.000000,0,1,0,1,20.107912,0,0,0,0
44.4061,,0.443941,0.443941,0.444883,0.012051,0.000000,0.000000,0.000000,0,1,0,1,20.237164,0,0,0,0
44.4261,,0.443941,0.443941,0.444883,0.012051,0.000000,0.000000,0.000000,0,1,0,1,20.117263,0,0,0,0
44.4461,,0.443941,0.443941,0.444883,0.012051,0.000000,0.000000,0.000000,0,1,0,1,20.166550,0,0,0,0
44.4660,,0.443941,0.443941,0.444883,0.012051,0.000000,0.000000,0.000000,0,1,0,1,20.280612,0,0,0,0
44.4860,,0.443941,0.443941,0.444883,0.012051,0.000000,0.000000,0.000000,0,1,0,1,20.203901,0,0,0,0
44.5071,,0.443941,0.443941,0.444883,0.012051,0.000000,0.000000,0.000000,0,1,0,1,20.084182,0,0,0,0
44.5270,,0.443941,0.443941,0.444883,0.012051,0.000000,0.000000,0.000000,0,1,0,1,20.078972,0,0,0,0
44.5470,,0.443941,0.443941,0.444883,0.012051,0.000000,0.000000,0.000000,0,1,0,1,20.078659,0,0,0,0
44.5671,,0.443941,0.443941,0.444883,0.012051,0.000000,0.000000,0.000000,0,1,0,1,20.116084,0,0,0,0
44.5870,,0.443941,0.443941,0.444883,0.012051,0.000000,0.000000,0.000000,0,1,0,1,20.235523,0,0,0,0
44.6071,,0.443941,0.443941,0.444883,0.012051,0.000000,0.000000,0.000000,0,1,0,1,20.202272,0,0,0,0
44.6271,,0.443941,0.443941,0.444883,0.012051,0.000000,0.000000,0.000000,0,1,0,1,20.186720,0,0,0,0
44.6480,,0.443941,0.443941,0.444883,0.012051,0.000000,0.000000,0.000000,0,1,0,1,20.073659,0,0,0,0
44.6680,,0.443941,0.443941,0.444883,0.012051,0.000000,0.000000,0.000000,0,1,0,1,20.083148,0,0,0,0
44.6881,,0.443941,0.443941,0.444883,0.012051,0.000000,0.000000,0.000000,0,1,0,1,20.233004,0,0,0,0
44.7080,,0.443941,0.443941,0.444883,0.012051,0.000000,0.000000,0.000000,0,1,0,1,20.256369,0,0,0,0
44.7281,,0.443941,0.443941,0.444883,0.012051,0.000000,0.000000,0.000000,0,1,0,1,20.192072,0,0,0,0
44.7480,,0.443941,0.443941,0.444883,0.012051,0.000000,0.000000,0.000000,0,1,0,1,20.120236,0,0,0,0
44.7690,,0.443941,0.443941,0.444883,0.012051,0.000000,0.000000,0.000000,0,1,0,1,20.068589,0,0,0,0
44.7890,,0.443941,0.443941,0.444883,0.012051,0.000000,0.000000,0.000000,0,1,0,1,20.217208,0,0,0,0
44.8090,,0.443941,0.443941,0.444883,0.012051,0.000000,0.000000,0.000000,0,1,0,1,20.161096,0,0,0,0
44.8290,,0.443941,0.443941,0.444883,0.012051,0.000000,0.000000,0.000000,0,1,0,1,20.189958,0,0,0,0
44.8491,,0.443941,0.443941,0.444883,0.012051,0.000000,0.000000,0.000000,0,1,0,1,20.192019,0,0,0,0
44.8690,,0.443941,0.443941,0.444883,0.012051,0.000000,0.000000,0.000000,0,1,0,1,20.133856,0,0,0,0
44.8902,,0.443941,0.443941,0.444883,0.012051,0.000000,0.000000,0.000000,0,1,0,1,20.168601,0,0,0,0
44.9101,,0.443941,0.443941,0.444883,0.012051,0.000000,0.000000,0.000000,0,1,0,1,20.076221,0,0,0,0
44.9301,,0.443941,0.443941,0.444883,0.012051,0.000000,0.000000,0.000000,0,1,0,1,20.076348,0,0,0,0
44.9501,,0.443941,0.443941,0.444883,0.012051,0.000000,0.000000,0.000000,0,1,0,1,20.072278,0,0,0,0
44.9701,,0.443941,0.443941,0.444883,0.012051,0.000000,0.000000,0.000000,0,1,0,1,20.125672,0,0,0,0
44.9901,,0.443941,0.443941,0.444883,0.012051,0.000000,0.000000,0.000000,0,1,0,1,20.069035,0,0,0,0
45.0100,,0.443941,0.443941,0.444883,0.012051,0.000000,0.000000,0.000000,0,1,0,1,20.192436,0,0,0,0
45.0301,,0.443941,0.443941,0.444883,0.012051,0.000000,0.000000,0.000000,0,1,0,1,20.176425,0,0,0,0
45.0501,,0.443941,0.443941,0.444883,0.012051,0.000000,0.000000,0.000000,0,1,0,1,20.068151,0,0,0,0
45.0711,,0.443941,0.443941,0.444883,0.012051,0.000000,0.000000,0.000000,0,1,0,1,20.118125,0,0,0,0
45.0912,,0.443941,0.443941,0.444883,0.012051,0.000000,0.000000,0.000000,0,1,0,1,20.268558,0,0,0,0
45.1111,,0.443941,0.443941,0.444883,0.012051,0.000000,0.000000,0.000000,0,1,0,1,20.108563,0,0,0,0
45.1312,,0.443941,0.443941,0.444883,0.012051,0.000000,0.000000,0.000000,0,1,0,1,20.106136,0,0,0,0
45.1511,,0.443941,0.443941,0.444883,0.012051,0.000000,0.000000,0.000000,0,1,0,1,20.171220,0,0,0,0
45.1711,,0.443941,0.443941,0.444883,0.012051,0.000000,0.000000,0.000000,0,1,0,1,20.106613,0,0,0,0
45.1920,,0.443941,0.443941,0.444883,0.012051,0.000000,0.000000,0.000000,0,1,0,1,20.222311,0,0,0,0
45.2122,,0.443941,0.443941,0.444883,0.012051,0.000000,0.000000,0.000000,0,1,0,1,20.073559,0,0,0,0
45.2322,,0.443941,0.443941,0.444883,0.012051,0.000000,0.000000,0.000000,0,1,0,1,20.078985,0,0,0,0
45.2520,,0.443941,0.443941,0.444883,0.012051,0.000000,0.000000,0.000000,0,1,0,1,20.076156,0,0,0,0
45.2720,,0.443941,0.443941,0.444883,0.012051,0.000000,0.000000,0.000000,0,1,0,1,20.121433,0,0,0,0
45.2921,,0.443941,0.443941,0.444883,0.012051,0.000000,0.000000,0.000000,0,1,0,1,20.166079,0,0,0,0
45.3120,,0.443941,0.443941,0.444883,0.012051,0.000000,0.000000,0.000000,0,1,0,1,20.200426,0,0,0,0
45.3321,,0.443941,0.443941,0.444883,0.012051,0.000000,0.000000,0.000000,0,1,0,1,20.068046,0,0,0,0
45.3521,,0.443941,0.443941,0.444883,0.012051,0.000000,0.000000,0.000000,0,1,0,1,20.178348,0,0,0,0
45.3732,,0.443941,0.443941,0.444883,0.012051,0.000000,0.000000,0.000000,0,1,0,1,20.075389,0,0,0,0
45.3931,,0.443941,0.443941,0.444883,0.012051,0.000000,0.000000,0.000000,0,1,0,1,20.078718,0,0,0,0
45.4131,,0.443941,0.443941,0.444883,0.012051,0.000000,0.000000,0.000000,0,1,0,1,20.087156,0,0,0,0
45.4330,,0.443941,0.443941,0.444883,0.012051,0.000000,0.000000,0.000000,0,1,0,1,20.239692,0,0,0,0
45.4531,,0.443941,0.443941,0.444883,0.012051,0.000000,0.000000,0.000000,0,1,0,1,20.198414,0,0,0,0
45.4732,,0.443941,0.443941,0.444883,0.012051,0.000000,0.000000,0.000000,0,1,0,1,20.078476,0,0,0,0
45.4941,,0.443941,0.443941,0.444883,0.012051,0.000000,0.000000,0.000000,0,1,0,1,20.227497,0,0,0,0
45.5141,,0.443941,0.443941,0.444883,0.012051,0.000000,0.000000,0.000000,0,1,0,1,20.257463,0,0,0,0
45.5341,,0.443941,0.443941,0.444883,0.012051,0.000000,0.000000,0.000000,0,1,0,1,20.306412,0,0,0,0
45.5539,,0.443941,0.443941,0.444883,0.012051,0.000000,0.000000,0.000000,0,1,0,1,20.228829,0,0,0,0
45.5751,,0.443941,0.443941,0.444883,0.012051,0.000000,0.000000,0.000000,0,1,0,1,20.266409,0,0,0,0
45.5950,,0.443941,0.443941,0.444883,0.012051,0.000000,0.000000,0.000000,0,1,0,1,20.199790,0,0,0,0
45.6151,,0.443941,0.443941,0.444883,0.012051,0.000000,0.000000,0.000000,0,1,0,1,20.232652,0,0,0,0
45.6350,,0.443941,0.443941,0.444883,0.012051,0.000000,0.000000,0.000000,0,1,0,1,20.100087,0,0,0,0
45.6549,,0.443941,0.443941,0.444883,0.012051,0.000000,0.000000,0.000000,0,1,0,1,20.083296,0,0,0,0
45.6752,,0.443941,0.443941,0.444883,0.012051,0.000000,0.000000,0.000000,0,1,0,1,20.114844,0,0,0,0
45.6951,,0.443941,0.443941,0.444883,0.012051,0.000000,0.000000,0.000000,0,1,0,1,20.167338,0,0,0,0
45.7162,,0.443941,0.443941,0.444883,0.012051,0.000000,0.000000,0.000000,0,1,0,1,20.075643,0,0,0,0
45.7361,,0.443941,0.443941,0.444883,0.012051,0.000000,0.000000,0.000000,0,1,0,1,20.171062,0,0,0,0
45.7562,,0.443941,0.443941,0.444883,0.012051,0.000000,0.000000,0.000000,0,1,0,1,20.071205,0,0,0,0
45.7762,,0.443941,0.443941,0.444883,0.012051,0.000000,0.000000,0.000000,0,1,0,1,20.072413,0,0,0,0
45.7960,,0.443941,0.443941,0.444883,0.012051,0.000000,0.000000,0.000000,0,1,0,1,20.250214,0,0,0,0
45.8160,,0.443941,0.443941,0.444883,0.012051,0.000000,0.000000,0.000000,0,1,0,1,20.080483,0,0,0,0
45.8361,,0.443941,0.443941,0.444883,0.012051,0.000000,0.000000,0.000000,0,1,0,1,20.078950,0,0,0,0
45.8561,,0.443941,0.443941,0.444883,0.012051,0.000000,0.000000,0.000000,0,1,0,1,20.177961,0,0,0,0
45.8770,,0.443941,0.443941,0.444883,0.012051,0.000000,0.000000,0.000000,0,1,0,1,20.191403,0,0,0,0
45.8972,,0.443941,0.443941,0.444883,0.012051,0.000000,0.000000,0.000000,0,1,0,1,20.177056,0,0,0,0
45.9170,,0.443941,0.443941,0.444883,0.012051,0.000000,0.000000,0.000000,0,1,0,1,20.091872,0,0,0,0
45.9370,,0.443941,0.443941,0.444883,0.012051,0.000000,0.000000,0.000000,0,1,0,1,20.097300,0,0,0,0
45.9571,,0.443941,0.443941,0.444883,0.012051,0.000000,0.000000,0.000000,0,1,0,1,20.167130,0,0,0,0
45.9770,,0.443941,0.443941,0.444883,0.012051,0.000000,0.000000,0.000000,0,1,0,1,20.177300,0,0,0,0
45.9969,,0.443941,0.443941,0.444883,0.012051,0.000000,0.000000,0.000000,0,1,0,1,20.077639,0,0,0,0
46.0170,,0.443941,0.443941,0.444883,0.012051,0.000000,0.000000,0.000000,0,1,0,1,20.086561,0,0,0,0
46.0382,,0.443941,0.443941,0.444883,0.012051,0.000000,0.000000,0.000000,0,1,0,1,20.194500,0,0,0,0
46.0581,,0.443941,0.443941,0.444883,0.012051,0.000000,0.000000,0.000000,0,1,0,1,20.191784,0,0,0,0
46.0781,,0.443941,0.443941,0.444883,0.012051,0.000000,0.000000,0.000000,0,1,0,1,20.186591,0,0,0,0
46.0984,,0.443941,0.443941,0.444883,0.012051,0.000000,0.000000,0.000000,0,1,0,1,20.190919,0,0,0,0
46.1182,,0.443941,0.443941,0.444883,0.012051,0.000000,0.000000,0.000000,0,1,0,1,20.082016,0,0,0,0
46.1380,,0.443941,0.443941,0.444883,0.012051,0.000000,0.000000,0.000000,0,1,0,1,20.074422,0,0,0,0
46.1581,,0.443941,0.443941,0.444883,0.012051,0.000000,0.000000,0.000000,0,1,0,1,20.108448,0,0,0,0
46.1789,,0.443941,0.443941,0.444883,0.012051,0.000000,0.000000,0.000000,0,1,0,1,20.083593,0,0,0,0
46.1991,,0.443941,0.443941,0.444883,0.012051,0.000000,0.000000,0.000000,0,1,0,1,20.071870,0,0,0,0
46.2190,,0.443941,0.443941,0.444883,0.012051,0.000000,0.000000,0.000000,0,1,0,1,20.081179,0,0,0,0
46.2391,,0.443941,0.443941,0.444883,0.012051,0.000000,0.000000,0.000000,0,1,0,1,20.201925,0,0,0,0
46.2590,,0.443941,0.443941,0.444883,0.012051,0.000000,0.000000,0.000000,0,1,0,1,20.217824,0,0,0,0
46.2792,,0.443941,0.443941,0.444883,0.012051,0.000000,0.000000,0.000000,0,1,0,1,20.187472,0,0,0,0
46.3002,,0.443941,0.443941,0.444883,0.012051,0.000000,0.000000,0.000000,0,1,0,1,20.217297,0,0,0,0
46.3202,,0.443941,0.443941,0.444883,0.012051,0.000000,0.000000,0.000000,0,1,0,1,20.226259,0,0,0,0
46.3402,,0.443941,0.443941,0.444883,0.012051,0.000000,0.000000,0.000000,0,1,0,1,20.190877,0,0,0,0
46.3603,,0.443941,0.443941,0.444883,0.012051,0.000000,0.000000,0.000000,0,1,0,1,20.132517,0,0,0,0
46.3802,,0.443941,0.443941,0.444883,0.012051,0.000000,0.000000,0.000000,0,1,0,1,20.141420,0,0,0,0
46.4002,,0.443941,0.443941,0.444883,0.012051,0.000000,0.000000,0.000000,0,1,0,1,20.208391,0,0,0,0
46.4211,,0.443941,0.443941,0.444883,0.012051,0.000000,0.000000,0.000000,0,1,0,1,20.121209,0,0,0,0
46.4411,,0.443941,0.443941,0.444883,0.012051,0.000000,0.000000,0.000000,0,1,0,1,20.075886,0,0,0,0
46.4611,,0.443941,0.443941,0.444883,0.012051,0.000000,0.000000,0.000000,0,1,0,1,20.123938,0,0,0,0
46.4810,,0.443941,0.443941,0.444883,0.012051,0.000000,0.000000,0.000000,0,1,0,1,20.282592,0,0,0,0
46.5010,,0.443941,0.443941,0.444883,0.012051,0.000000,0.000000,0.000000,0,1,0,1,20.075859,0,0,0,0
46.5211,,0.443941,0.443941,0.444883,0.012051,0.000000,0.000000,0.000000,0,1,0,1,20.134817,0,0,0,0
46.5411,,0.443941,0.443941,0.444883,0.012051,0.000000,0.000000,0.000000,0,1,0,1,20.127725,0,0,0,0
46.5610,,0.443941,0.443941,0.444883,0.012051,0.000000,0.000000,0.000000,0,1,0,1,20.055839,0,0,0,0
46.5820,,0.443941,0.443941,0.444883,0.012051,0.000000,0.000000,0.000000,0,1,0,1,20.076708,0,0,0,0
46.6021,,0.443941,0.443941,0.444883,0.012051,0.000000,0.000000,0.000000,0,1,0,1,20.077253,0,0,0,0
46.6220,,0.443941,0.443941,0.444883,0.012051,0.000000,0.000000,0.000000,0,1,0,1,20.073577,0,0,0,0
46.6422,,0.443941,0.443941,0.444883,0.012051,0.000000,0.000000,0.000000,0,1,0,1,20.112354,0,0,0,0
46.6620,,0.443941,0.443941,0.444883,0.012051,0.000000,0.000000,0.000000,0,1,0,1,20.118998,0,0,0,0
46.6821,,0.443941,0.443941,0.444883,0.012051,0.000000,0.000000,0.000000,0,1,0,1,20.079254,0,0,0,0
46.7022,,0.443941,0.443941,0.444883,0.012051,0.000000,0.000000,0.000000,0,1,0,1,20.099302,0,0,0,0
46.7220,,0.443941,0.443941,0.444883,0.012051,0.000000,0.000000,0.000000,0,1,0,1,20.095378,0,0,0,0
46.7420,,0.443941,0.443941,0.444883,0.012051,0.000000,0.000000,0.000000,0,1,0,1,20.096378,0,0,0,0
46.7622,,0.443941,0.443941,0.444883,0.012051,0.000000,0.000000,0.000000,0,1,0,1,20.105499,0,0,0,0
46.7821,,0.443941,0.443941,0.444883,0.012051,0.000000,0.000000,0.000000,0,1,0,1,20.123893,0,0,0,0
46.8031,,0.443941,0.443941,0.444883,0.012051,0.000000,0.000000,0.000000,0,1,0,1,20.089309,0,0,0,0
46.8230,,0.443941,0.443941,0.444883,0.012051,0.000000,0.000000,0.000000,0,1,0,1,20.075252,0,0,0,0
46.8431,,0.443941,0.443941,0.444883,0.012051,0.000000,0.000000,0.000000,0,1,0,1,20.080470,0,0,0,0
46.8630,,0.443941,0.443941,0.444883,0.012051,0.000000,0.000000,0.000000,0,1,0,1,20.144272,0,0,0,0
46.8831,,0.443941,0.443941,0.444883,0.012051,0.000000,0.000000,0.000000,0,1,0,1,20.153392,0,0,0,0
46.9031,,0.443941,0.443941,0.444883,0.012051,0.000000,0.000000,0.000000,0,1,0,1,20.072816,0,0,0,0
46.9230,,0.443941,0.443941,0.444883,0.012051,0.000000,0.000000,0.000000,0,1,0,1,20.075415,0,0,0,0
46.9431,,0.443941,0.443941,0.444883,0.012051,0.000000,0.000000,0.000000,0,1,0,1,20.198758,0,0,0,0
46.9631,,0.443941,0.443941,0.444883,0.012051,0.000000,0.000000,0.000000,0,1,0,1,20.074235,0,0,0,0
46.9842,,0.443941,0.443941,0.444883,0.012051,0.000000,0.000000,0.000000,0,1,0,1,20.081754,0,0,0,0
47.0040,,0.443941,0.443941,0.444883,0.012051,0.000000,0.000000,0.000000,0,1,0,1,20.071816,0,0,0,0
47.0241,,0.443941,0.443941,0.444883,0.012051,0.000000,0.000000,0.000000,0,1,0,1,20.072606,0,0,0,0
47.0440,,0.443941,0.443941,0.444883,0.012051,0.000000,0.000000,0.000000,0,1,0,1,20.078828,0,0,0,0
47.0641,,0.443941,0.443941,0.444883,0.012051,0.000000,0.000000,0.000000,0,1,0,1,20.078807,0,0,0,0
47.0840,,0.443941,0.443941,0.444883,0.012051,0.000000,0.000000,0.000000,0,1,0,1,20.149374,0,0,0,0
47.1041,,0.443941,0.443941,0.444883,0.012051,0.000000,0.000000,0.000000,0,1,0,1,20.070223,0,0,0,0
47.1241,,0.443941,0.443941,0.444883,0.012051,0.000000,0.000000,0.000000,0,1,0,1,20.154752,0,0,0,0
47.1441,,0.443941,0.443941,0.444883,0.012051,0.000000,0.000000,0.000000,0,1,0,1,20.072052,0,0,0,0
47.1641,,0.443941,0.443941,0.444883,0.012051,0.000000,0.000000,0.000000,0,1,0,1,20.075286,0,0,0,0
47.1841,,0.443941,0.443941,0.444883,0.012051,0.000000,0.000000,0.000000,0,1,0,1,20.068044,0,0,0,0
47.2041,,0.443941,0.443941,0.444883,0.012051,0.000000,0.000000,0.000000,0,1,0,1,20.069576,0,0,0,0
47.2250,,0.443941,0.443941,0.444883,0.012051,0.000000,0.000000,0.000000,0,1,0,1,20.070743,0,0,0,0
47.2450,,0.443941,0.443941,0.444883,0.012051,0.000000,0.000000,0.000000,0,1,0,1,20.081837,0,0,0,0
47.2650,,0.443941,0.443941,0.444883,0.012051,0.000000,0.000000,0.000000,0,1,0,1,20.078103,0,0,0,0
47.2850,,0.443941,0.443941,0.444883,0.012051,0.000000,0.000000,0.000000,0,1,0,1,20.069485,0,0,0,0
47.3051,,0.443941,0.443941,0.444883,0.012051,0.000000,0.000000,0.000000,0,1,0,1,20.185229,0,0,0,0
47.3251,,0.443941,0.443941,0.444883,0.012051,0.000000,0.000000,0.000000,0,1,0,1,20.470249,0,0,0,0
47.3460,,0.443941,0.443941,0.444883,0.012051,0.000000,0.000000,0.000000,0,1,0,1,20.285784,0,0,0,0
47.3663,,0.443941,0.443941,0.444883,0.012051,0.000000,0.000000,0.000000,0,1,0,1,20.112331,0,0,0,0
47.3860,,0.443941,0.443941,0.444883,0.012051,0.000000,0.000000,0.000000,0,1,0,1,20.303500,0,0,0,0
47.4061,,0.443941,0.443941,0.444883,0.012051,0.000000,0.000000,0.000000,0,1,0,1,20.134513,0,0,0,0
47.4260,,0.443941,0.443941,0.444883,0.012051,0.000000,0.000000,0.000000,0,1,0,1,20.118258,0,0,0,0
47.4460,,0.443941,0.443941,0.444883,0.012051,0.000000,0.000000,0.000000,0,1,0,1,20.070259,0,0,0,0
47.4672,,0.443941,0.443941,0.444883,0.012051,0.000000,0.000000,0.000000,0,1,0,1,20.072045,0,0,0,0
47.4870,,0.443941,0.443941,0.444883,0.012051,0.000000,0.000000,0.000000,0,1,0,1,20.065598,0,0,0,0
47.5070,,0.443941,0.443941,0.444883,0.012051,0.000000,0.000000,0.000000,0,1,0,1,20.049175,0,0,0,0
47.5271,,0.443941,0.443941,0.444883,0.012051,0.000000,0.000000,0.000000,0,1,0,1,20.096126,0,0,0,0
47.5470,,0.443941,0.443941,0.444883,0.012051,0.000000,0.000000,0.000000,0,1,0,1,20.109523,0,0,0,0
47.5670,,0.443941,0.443941,0.444883,0.012051,0.000000,0.000000,0.000000,0,1,0,1,20.079435,0,0,0,0
47.5871,,0.443941,0.443941,0.444883,0.012051,0.000000,0.000000,0.000000,0,1,0,1,20.092685,0,0,0,0
47.6070,,0.443941,0.443941,0.444883,0.012051,0.000000,0.000000,0.000000,0,1,0,1,20.077810,0,0,0,0
47.6271,,0.443941,0.443941,0.444883,0.012051,0.000000,0.000000,0.000000,0,1,0,1,20.094427,0,0,0,0
47.6470,,0.443941,0.443941,0.444883,0.012051,0.000000,0.000000,0.000000,0,1,0,1,20.172131,0,0,0,0
47.6670,,0.443941,0.443941,0.444883,0.012051,0.000000,0.000000,0.000000,0,1,0,1,20.090336,0,0,0,0
47.6881,,0.443941,0.443941,0.444883,0.012051,0.000000,0.000000,0.000000,0,1,0,1,20.078725,0,0,0,0
47.7082,,0.443941,0.443941,0.444883,0.012051,0.000000,0.000000,0.000000,0,1,0,1,20.083736,0,0,0,0
47.7284,,0.443941,0.443941,0.444883,0.012051,0.000000,0.000000,0.000000,0,1,0,1,20.089500,0,0,0,0
47.7480,,0.443941,0.443941,0.444883,0.012051,0.000000,0.000000,0.000000,0,1,0,1,20.080705,0,0,0,0
47.7681,,0.443941,0.443941,0.444883,0.012051,0.000000,0.000000,0.000000,0,1,0,1,20.080569,0,0,0,0
47.7881,,0.443941,0.443941,0.444883,0.012051,0.000000,0.000000,0.000000,0,1,0,1,20.276175,0,0,0,0
47.8083,,0.443941,0.443941,0.444883,0.012051,0.000000,0.000000,0.000000,0,1,0,1,20.250610,0,0,0,0
47.8291,,0.443941,0.443941,0.444883,0.012051,0.000000,0.000000,0.000000,0,1,0,1,20.115023,0,0,0,0
47.8492,,0.443941,0.443941,0.444883,0.012051,0.000000,0.000000,0.000000,0,1,0,1,20.257689,0,0,0,0
47.8690,,0.443941,0.443941,0.444883,0.012051,0.000000,0.000000,0.000000,0,1,0,1,20.273761,0,0,0,0
47.8890,,0.443941,0.443941,0.444883,0.012051,0.000000,0.000000,0.000000,0,1,0,1,20.145561,0,0,0,0
47.9090,,0.443941,0.443941,0.444883,0.012051,0.000000,0.000000,0.000000,0,1,0,1,20.105486,0,0,0,0
47.9290,,0.443941,0.443941,0.444883,0.012051,0.000000,0.000000,0.000000,0,1,0,1,20.059986,0,0,0,0
47.9490,,0.443941,0.443941,0.444883,0.012051,0.000000,0.000000,0.000000,0,1,0,1,20.127899,0,0,0,0
47.9700,,0.443941,0.443941,0.444883,0.012051,0.000000,0.000000,0.000000,0,1,0,1,20.077947,0,0,0,0
47.9900,,0.443941,0.443941,0.444883,0.012051,0.000000,0.000000,0.000000,0,1,0,1,20.182499,0,0,0,0
48.0100,,0.443941,0.443941,0.444883,0.012051,0.000000,0.000000,0.000000,0,1,0,1,20.114308,0,0,0,0
48.0300,,0.443941,0.443941,0.444883,0.012051,0.000000,0.000000,0.000000,0,1,0,1,20.199574,0,0,0,0
48.0501,,0.443941,0.443941,0.444883,0.012051,0.000000,0.000000,0.000000,0,1,0,1,20.125491,0,0,0,0
48.0711,,0.443941,0.443941,0.444883,0.012051,0.000000,0.000000,0.000000,0,1,0,1,20.844074,0,0,0,0
48.0910,,0.443941,0.443941,0.444883,0.012051,0.000000,0.000000,0.000000,0,1,0,1,20.279369,0,0,0,0
48.1110,,0.443941,0.443941,0.444883,0.012051,0.000000,0.000000,0.000000,0,1,0,1,20.173886,0,0,0,0
48.1320,,0.443941,0.443941,0.444883,0.012051,0.000000,0.000000,0.000000,0,1,0,1,20.173873,0,0,0,0
48.1520,,0.443941,0.443941,0.444883,0.012051,0.000000,0.000000,0.000000,0,1,0,1,20.111329,0,0,0,0
48.1720,,0.443941,0.443941,0.444883,0.012051,0.000000,0.000000,0.000000,0,1,0,1,20.110213,0,0,0,0
48.1920,,0.443941,0.443941,0.444883,0.012051,0.000000,0.000000,0.000000,0,1,0,1,20.166958,0,0,0,0
48.2120,,0.443941,0.443941,0.444883,0.012051,0.000000,0.000000,0.000000,0,1,0,1,20.183133,0,0,0,0
48.2338,,0.443941,0.443941,0.444883,0.012051,0.000000,0.000000,0.000000,0,1,0,1,20.197743,0,0,0,0
48.2531,,0.443941,0.443941,0.444883,0.012051,0.000000,0.000000,0.000000,0,1,0,1,20.117173,0,0,0,0
48.2732,,0.443941,0.443941,0.444883,0.012051,0.000000,0.000000,0.000000,0,1,0,1,20.069900,0,0,0,0
48.2931,,0.443941,0.443941,0.444883,0.012051,0.000000,0.000000,0.000000,0,1,0,1,20.067727,0,0,0,0
48.3132,,0.443941,0.443941,0.444883,0.012051,0.000000,0.000000,0.000000,0,1,0,1,20.101938,0,0,0,0
48.3331,,0.443941,0.443941,0.444883,0.012051,0.000000,0.000000,0.000000,0,1,0,1,20.283920,0,0,0,0
48.3531,,0.443941,0.443941,0.444883,0.012051,0.000000,0.000000,0.000000,0,1,0,1,20.200978,0,0,0,0
48.3730,,0.443941,0.443941,0.444883,0.012051,0.000000,0.000000,0.000000,0,1,0,1,20.215569,0,0,0,0
48.3940,,0.443941,0.443941,0.444883,0.012051,0.000000,0.000000,0.000000,0,1,0,1,20.070626,0,0,0,0
48.4140,,0.443941,0.443941,0.444883,0.012051,0.000000,0.000000,0.000000,0,1,0,1,20.072960,0,0,0,0
48.4340,,0.443941,0.443941,0.444883,0.012051,0.000000,0.000000,0.000000,0,1,0,1,20.135205,0,0,0,0
48.4540,,0.443941,0.443941,0.444883,0.012051,0.000000,0.000000,0.000000,0,1,0,1,20.107025,0,0,0,0
48.4740,,0.443941,0.443941,0.444883,0.012051,0.000000,0.000000,0.000000,0,1,0,1,20.166701,0,0,0,0
48.4940,,0.443941,0.443941,0.444883,0.012051,0.000000,0.000000,0.000000,0,1,0,1,20.167018,0,0,0,0
48.5151,,0.443941,0.443941,0.444883,0.012051,0.000000,0.000000,0.000000,0,1,0,1,20.297963,0,0,0,0
48.5351,,0.443941,0.443941,0.444883,0.012051,0.000000,0.000000,0.000000,0,1,0,1,20.084987,0,0,0,0
48.5551,,0.443941,0.443941,0.444883,0.012051,0.000000,0.000000,0.000000,0,1,0,1,20.080814,0,0,0,0
48.5750,,0.443941,0.443941,0.444883,0.012051,0.000000,0.000000,0.000000,0,1,0,1,20.082349,0,0,0,0
48.5951,,0.443941,0.443941,0.444883,0.012051,0.000000,0.000000,0.000000,0,1,0,1,20.117599,0,0,0,0
48.6152,,0.443941,0.443941,0.444883,0.012051,0.000000,0.000000,0.000000,0,1,0,1,20.075226,0,0,0,0
48.6351,,0.443941,0.443941,0.444883,0.012051,0.000000,0.000000,0.000000,0,1,0,1,20.207806,0,0,0,0
48.6551,,0.443941,0.443941,0.444883,0.012051,0.000000,0.000000,0.000000,0,1,0,1,20.115993,0,0,0,0
48.6750,,0.443941,0.443941,0.444883,0.012051,0.000000,0.000000,0.000000,0,1,0,1,20.161694,0,0,0,0
48.6950,,0.443941,0.443941,0.444883,0.012051,0.000000,0.000000,0.000000,0,1,0,1,20.075058,0,0,0,0
48.7160,,0.443941,0.443941,0.444883,0.012051,0.000000,0.000000,0.000000,0,1,0,1,20.069402,0,0,0,0
48.7360,,0.443941,0.443941,0.444883,0.012051,0.000000,0.000000,0.000000,0,1,0,1,20.067085,0,0,0,0
48.7561,,0.443941,0.443941,0.444883,0.012051,0.000000,0.000000,0.000000,0,1,0,1,20.378839,0,0,0,0
48.7761,,0.443941,0.443941,0.444883,0.012051,0.000000,0.000000,0.000000,0,1,0,1,20.157949,0,0,0,0
48.7960,,0.443941,0.443941,0.444883,0.012051,0.000000,0.000000,0.000000,0,1,0,1,20.310549,0,0,0,0
48.8175,,0.443941,0.443941,0.444883,0.012051,0.000000,0.000000,0.000000,0,1,0,1,20.232175,0,0,0,0
48.8372,,0.443941,0.443941,0.444883,0.012051,0.000000,0.000000,0.000000,0,1,0,1,20.105025,0,0,0,0
48.8572,,0.443941,0.443941,0.444883,0.012051,0.000000,0.000000,0.000000,0,1,0,1,20.102553,0,0,0,0
48.8772,,0.443941,0.443941,0.444883,0.012051,0.000000,0.000000,0.000000,0,1,0,1,20.074645,0,0,0,0
48.8971,,0.443941,0.443941,0.444883,0.012051,0.000000,0.000000,0.000000,0,1,0,1,20.071281,0,0,0,0
48.9173,,0.443941,0.443941,0.444883,0.012051,0.000000,0.000000,0.000000,0,1,0,1,20.075488,0,0,0,0
48.9372,,0.443941,0.443941,0.444883,0.012051,0.000000,0.000000,0.000000,0,1,0,1,20.329861,0,0,0,0
48.9582,,0.443941,0.443941,0.444883,0.012051,0.000000,0.000000,0.000000,0,1,0,1,20.098482,0,0,0,0
48.9780,,0.443941,0.443941,0.444883,0.012051,0.000000,0.000000,0.000000,0,1,0,1,20.166567,0,0,0,0
48.9981,,0.443941,0.443941,0.444883,0.012051,0.000000,0.000000,0.000000,0,1,0,1,20.126560,0,0,0,0
49.0182,,0.443941,0.443941,0.444883,0.012051,0.000000,0.000000,0.000000,0,1,0,1,20.187246,0,0,0,0
49.0380,,0.443941,0.443941,0.444883,0.012051,0.000000,0.000000,0.000000,0,1,0,1,20.112167,0,0,0,0
49.0582,,0.443941,0.443941,0.444883,0.012051,0.000000,0.000000,0.000000,0,1,0,1,20.235848,0,0,0,0
49.0781,,0.443941,0.443941,0.444883,0.012051,0.000000,0.000000,0.000000,0,1,0,1,20.081764,0,0,0,0
49.0991,,0.443941,0.443941,0.444883,0.012051,0.000000,0.000000,0.000000,0,1,0,1,20.073140,0,0,0,0
49.1192,,0.443941,0.443941,0.444883,0.012051,0.000000,0.000000,0.000000,0,1,0,1,20.077837,0,0,0,0
49.1392,,0.443941,0.443941,0.444883,0.012051,0.000000,0.000000,0.000000,0,1,0,1,20.078413,0,0,0,0
49.1591,,0.443941,0.443941,0.444883,0.012051,0.000000,0.000000,0.000000,0,1,0,1,20.131693,0,0,0,0
49.1791,,0.443941,0.443941,0.444883,0.012051,0.000000,0.000000,0.000000,0,1,0,1,20.159327,0,0,0,0
49.1992,,0.443941,0.443941,0.444883,0.012051,0.000000,0.000000,0.000000,0,1,0,1,20.212128,0,0,0,0
49.2191,,0.443941,0.443941,0.444883,0.012051,0.000000,0.000000,0.000000,0,1,0,1,20.224386,0,0,0,0
49.2390,,0.443941,0.443941,0.444883,0.012051,0.000000,0.000000,0.000000,0,1,0,1,20.043816,0,0,0,0
49.2602,,0.443941,0.443941,0.444883,0.012051,0.000000,0.000000,0.000000,0,1,0,1,20.320380,0,0,0,0
49.2801,,0.443941,0.443941,0.444883,0.012051,0.000000,0.000000,0.000000,0,1,0,1,20.164783,0,0,0,0
49.3001,,0.443941,0.443941,0.444883,0.012051,0.000000,0.000000,0.000000,0,1,0,1,20.147777,0,0,0,0
49.3202,,0.443941,0.443941,0.444883,0.012051,0.000000,0.000000,0.000000,0,1,0,1,20.131089,0,0,0,0
49.3401,,0.443941,0.443941,0.444883,0.012051,0.000000,0.000000,0.000000,0,1,0,1,20.142904,0,0,0,0
49.3612,,0.443941,0.443941,0.444883,0.012051,0.000000,0.000000,0.000000,0,1,0,1,20.200256,0,0,0,0
49.3812,,0.443941,0.443941,0.444883,0.012051,0.000000,0.000000,0.000000,0,1,0,1,20.254104,0,0,0,0
49.4011,,0.443941,0.443941,0.444883,0.012051,0.000000,0.000000,0.000000,0,1,0,1,20.213560,0,0,0,0
49.4212,,0.443941,0.443941,0.444883,0.012051,0.000000,0.000000,0.000000,0,1,0,1,20.075901,0,0,0,0
49.4411,,0.443941,0.443941,0.444883,0.012051,0.000000,0.000000,0.000000,0,1,0,1,20.234473,0,0,0,0
49.4621,,0.443941,0.443941,0.444883,0.012051,0.000000,0.000000,0.000000,0,1,0,1,20.184298,0,0,0,0
49.4822,,0.443941,0.443941,0.444883,0.012051,0.000000,0.000000,0.000000,0,1,0,1,20.248852,0,0,0,0
49.5020,,0.443941,0.443941,0.444883,0.012051,0.000000,0.000000,0.000000,0,1,0,1,20.183325,0,0,0,0
49.5222,,0.443941,0.443941,0.444883,0.012051,0.000000,0.000000,0.000000,0,1,0,1,20.187547,0,0,0,0
49.5422,,0.443941,0.443941,0.444883,0.012051,0.000000,0.000000,0.000000,0,1,0,1,20.236459,0,0,0,0
49.5631,,0.443941,0.443941,0.444883,0.012051,0.000000,0.000000,0.000000,0,1,0,1,20.226126,0,0,0,0
49.5833,,0.443941,0.443941,0.444883,0.012051,0.000000,0.000000,0.000000,0,1,0,1,20.225665,0,0,0,0
49.6032,,0.443941,0.443941,0.444883,0.012051,0.000000,0.000000,0.000000,0,1,0,1,20.236733,0,0,0,0
49.6237,,0.443941,0.443941,0.444883,0.012051,0.000000,0.000000,0.000000,0,1,0,1,20.193773,0,0,0,0
49.6442,,0.443941,0.443941,0.444883,0.012051,0.000000,0.000000,0.000000,0,1,0,1,20.243327,0,0,0,0
49.6641,,0.443941,0.443941,0.444883,0.012051,0.000000,0.000000,0.000000,0,1,0,1,20.075655,0,0,0,0
49.6840,,0.443941,0.443941,0.444883,0.012051,0.000000,0.000000,0.000000,0,1,0,1,20.210284,0,0,0,0
49.7041,,0.443941,0.443941,0.444883,0.012051,0.000000,0.000000,0.000000,0,1,0,1,20.076583,0,0,0,0
49.7243,,0.443941,0.443941,0.444883,0.012051,0.000000,0.000000,0.000000,0,1,0,1,20.253290,0,0,0,0
49.7442,,0.443941,0.443941,0.444883,0.012051,0.000000,0.000000,0.000000,0,1,0,1,20.075301,0,0,0,0
49.7641,,0.443941,0.443941,0.444883,0.012051,0.000000,0.000000,0.000000,0,1,0,1,20.142991,0,0,0,0
49.7841,,0.443941,0.443941,0.444883,0.012051,0.000000,0.000000,0.000000,0,1,0,1,20.089738,0,0,0,0
49.8052,,0.443941,0.443941,0.444883,0.012051,0.000000,0.000000,0.000000,0,1,0,1,20.077227,0,0,0,0
49.8252,,0.443941,0.443941,0.444883,0.012051,0.000000,0.000000,0.000000,0,1,0,1,20.084412,0,0,0,0
49.8450,,0.443941,0.443941,0.444883,0.012051,0.000000,0.000000,0.000000,0,1,0,1,20.364779,0,0,0,0
49.8651,,0.443941,0.443941,0.444883,0.012051,0.000000,0.000000,0.000000,0,1,0,1,20.193279,0,0,0,0
49.8850,,0.443941,0.443941,0.444883,0.012051,0.000000,0.000000,0.000000,0,1,0,1,20.077798,0,0,0,0
49.9050,,0.443941,0.443941,0.444883,0.012051,0.000000,0.000000,0.000000,0,1,0,1,20.083144,0,0,0,0
49.9252,,0.443941,0.443941,0.444883,0.012051,0.000000,0.000000,0.000000,0,1,0,1,20.085505,0,0,0,0
49.9464,,0.443941,0.443941,0.444883,0.012051,0.000000,0.000000,0.000000,0,1,0,1,20.355080,0,0,0,0
49.9662,,0.443941,0.443941,0.444883,0.012051,0.000000,0.000000,0.000000,0,1,0,1,20.081363,0,0,0,0
49.9862,,0.443941,0.443941,0.444883,0.012051,0.000000,0.000000,0.000000,0,1,0,1,20.253727,0,0,0,0
50.0062,,0.443941,0.443941,0.444883,0.012051,0.000000,0.000000,0.000000,0,1,0,1,20.176510,0,0,0,0
50.0262,,0.443941,0.443941,0.444883,0.012051,0.000000,0.000000,0.000000,0,1,0,1,20.198026,0,0,0,0
50.0473,,0.443941,0.443941,0.444883,0.012051,0.000000,0.000000,0.000000,0,1,0,1,20.244943,0,0,0,0
50.0672,,0.443941,0.443941,0.444883,0.012051,0.000000,0.000000,0.000000,0,1,0,1,20.168528,0,0,0,0
50.0873,,0.443941,0.443941,0.444883,0.012051,0.000000,0.000000,0.000000,0,1,0,1,20.213917,0,0,0,0
50.1073,,0.443941,0.443941,0.444883,0.012051,0.000000,0.000000,0.000000,0,1,0,1,20.179835,0,0,0,0
50.1271,,0.443941,0.443941,0.444883,0.012051,0.000000,0.000000,0.000000,0,1,0,1,20.063690,0,0,0,0
50.1471,,0.443941,0.443941,0.444883,0.012051,0.000000,0.000000,0.000000,0,1,0,1,20.082509,0,0,0,0
50.1671,,0.443941,0.443941,0.444883,0.012051,0.000000,0.000000,0.000000,0,1,0,1,20.073734,0,0,0,0
50.1882,,0.443941,0.443941,0.444883,0.012051,0.000000,0.000000,0.000000,0,1,0,1,20.201759,0,0,0,0
50.2082,,0.443941,0.443941,0.444883,0.012051,0.000000,0.000000,0.000000,0,1,0,1,20.219585,0,0,0,0
50.2282,,0.443941,0.443941,0.444883,0.012051,0.000000,0.000000,0.000000,0,1,0,1,20.188822,0,0,0,0
50.2483,,0.443941,0.443941,0.444883,0.012051,0.000000,0.000000,0.000000,0,1,0,1,20.191675,0,0,0,0
50.2692,,0.443941,0.443941,0.444883,0.012051,0.000000,0.000000,0.000000,0,1,0,1,20.217126,0,0,0,0
50.2893,,0.443941,0.443941,0.444883,0.012051,0.000000,0.000000,0.000000,0,1,0,1,20.222837,0,0,0,0
50.3093,,0.443941,0.443941,0.444883,0.012051,0.000000,0.000000,0.000000,0,1,0,1,20.191440,0,0,0,0
50.3293,,0.443941,0.443941,0.444883,0.012051,0.000000,0.000000,0.000000,0,1,0,1,20.204441,0,0,0,0
50.3491,,0.443941,0.443941,0.444883,0.012051,0.000000,0.000000,0.000000,0,1,0,1,20.104778,0,0,0,0
50.3692,,0.443941,0.443941,0.444883,0.012051,0.000000,0.000000,0.000000,0,1,0,1,20.195227,0,0,0,0
50.3892,,0.443941,0.443941,0.444883,0.012051,0.000000,0.000000,0.000000,0,1,0,1,20.068409,0,0,0,0
50.4102,,0.443941,0.443941,0.444883,0.012051,0.000000,0.000000,0.000000,0,1,0,1,20.070488,0,0,0,0
50.4301,,0.443941,0.443941,0.444883,0.012051,0.000000,0.000000,0.000000,0,1,0,1,20.074654,0,0,0,0
50.4501,,0.443941,0.443941,0.444883,0.012051,0.000000,0.000000,0.000000,0,1,0,1,20.096869,0,0,0,0
50.4702,,0.443941,0.443941,0.444883,0.012051,0.000000,0.000000,0.000000,0,1,0,1,20.083246,0,0,0,0
50.4901,,0.443941,0.443941,0.444883,0.012051,0.000000,0.000000,0.000000,0,1,0,1,20.106566,0,0,0,0
50.5101,,0.443941,0.443941,0.444883,0.012051,0.000000,0.000000,0.000000,0,1,0,1,20.066664,0,0,0,0
50.5301,,0.443941,0.443941,0.444883,0.012051,0.000000,0.000000,0.000000,0,1,0,1,20.097171,0,0,0,0
50.5501,,0.443941,0.443941,0.444883,0.012051,0.000000,0.000000,0.000000,0,1,0,1,20.079310,0,0,0,0
50.5702,,0.443941,0.443941,0.444883,0.012051,0.000000,0.000000,0.000000,0,1,0,1,20.094521,0,0,0,0
50.5902,,0.443941,0.443941,0.444883,0.012051,0.000000,0.000000,0.000000,0,1,0,1,20.233991,0,0,0,0
50.6112,,0.443941,0.443941,0.444883,0.012051,0.000000,0.000000,0.000000,0,1,0,1,20.221362,0,0,0,0
50.6312,,0.443941,0.443941,0.444883,0.012051,0.000000,0.000000,0.000000,0,1,0,1,20.227323,0,0,0,0
50.6511,,0.443941,0.443941,0.444883,0.012051,0.000000,0.000000,0.000000,0,1,0,1,20.189224,0,0,0,0
50.6712,,0.443941,0.443941,0.444883,0.012051,0.000000,0.000000,0.000000,0,1,0,1,20.238378,0,0,0,0
50.6922,,0.443941,0.443941,0.444883,0.012051,0.000000,0.000000,0.000000,0,1,0,1,20.140595,0,0,0,0
50.7125,,0.443941,0.443941,0.444883,0.012051,0.000000,0.000000,0.000000,0,1,0,1,20.100042,0,0,0,0
50.7321,,0.443941,0.443941,0.444883,0.012051,0.000000,0.000000,0.000000,0,1,0,1,20.073618,0,0,0,0
50.7522,,0.443941,0.443941,0.444883,0.012051,0.000000,0.000000,0.000000,0,1,0,1,20.179598,0,0,0,0
50.7721,,0.443941,0.443941,0.444883,0.012051,0.000000,0.000000,0.000000,0,1,0,1,20.130844,0,0,0,0
50.7921,,0.443941,0.443941,0.444883,0.012051,0.000000,0.000000,0.000000,0,1,0,1,20.217106,0,0,0,0
50.8120,,0.443941,0.443941,0.444883,0.012051,0.000000,0.000000,0.000000,0,1,0,1,20.108479,0,0,0,0
50.8321,,0.443941,0.443941,0.444883,0.012051,0.000000,0.000000,0.000000,0,1,0,1,20.085622,0,0,0,0
50.8521,,0.443941,0.443941,0.444883,0.012051,0.000000,0.000000,0.000000,0,1,0,1,20.077480,0,0,0,0
50.8732,,0.443941,0.443941,0.444883,0.012051,0.000000,0.000000,0.000000,0,1,0,1,20.075001,0,0,0,0
50.8932,,0.443941,0.443941,0.444883,0.012051,0.000000,0.000000,0.000000,0,1,0,1,20.249691,0,0,0,0
50.9132,,0.443941,0.443941,0.444883,0.012051,0.000000,0.000000,0.000000,0,1,0,1,20.247908,0,0,0,0
50.9335,,0.443941,0.443941,0.444883,0.012051,0.000000,0.000000,0.000000,0,1,0,1,20.314390,0,0,0,0
50.9542,,0.443941,0.443941,0.444883,0.012051,0.000000,0.000000,0.000000,0,1,0,1,20.277415,0,0,0,0
50.9742,,0.443941,0.443941,0.444883,0.012051,0.000000,0.000000,0.000000,0,1,0,1,20.076230,0,0,0,0
50.9941,,0.443941,0.443941,0.444883,0.012051,0.000000,0.000000,0.000000,0,1,0,1,20.196101,0,0,0,0
51.0142,,0.443941,0.443941,0.444883,0.012051,0.000000,0.000000,0.000000,0,1,0,1,20.225098,0,0,0,0
51.0345,,0.443941,0.443941,0.444883,0.012051,0.000000,0.000000,0.000000,0,1,0,1,20.109061,0,0,0,0
51.0543,,0.443941,0.443941,0.444883,0.012051,0.000000,0.000000,0.000000,0,1,0,1,20.088582,0,0,0,0
51.0743,,0.443941,0.443941,0.444883,0.012051,0.000000,0.000000,0.000000,0,1,0,1,20.071533,0,0,0,0
51.0941,,0.443941,0.443941,0.444883,0.012051,0.000000,0.000000,0.000000,0,1,0,1,20.079942,0,0,0,0
51.1152,,0.443941,0.443941,0.444883,0.012051,0.000000,0.000000,0.000000,0,1,0,1,20.070897,0,0,0,0
51.1352,,0.443941,0.443941,0.444883,0.012051,0.000000,0.000000,0.000000,0,1,0,1,20.068976,0,0,0,0
51.1553,,0.443941,0.443941,0.444883,0.012051,0.000000,0.000000,0.000000,0,1,0,1,20.076637,0,0,0,0
51.1752,,0.443941,0.443941,0.444883,0.012051,0.000000,0.000000,0.000000,0,1,0,1,20.107869,0,0,0,0
51.1952,,0.443941,0.443941,0.444883,0.012051,0.000000,0.000000,0.000000,0,1,0,1,20.097930,0,0,0,0
51.2152,,0.443941,0.443941,0.444883,0.012051,0.000000,0.000000,0.000000,0,1,0,1,20.076618,0,0,0,0
51.2352,,0.443941,0.443941,0.444883,0.012051,0.000000,0.000000,0.000000,0,1,0,1,20.072928,0,0,0,0
51.2552,,0.443941,0.443941,0.444883,0.012051,0.000000,0.000000,0.000000,0,1,0,1,20.088076,0,0,0,0
51.2751,,0.443941,0.443941,0.444883,0.012051,0.000000,0.000000,0.000000,0,1,0,1,20.160579,0,0,0,0
51.2962,,0.443941,0.443941,0.444883,0.012051,0.000000,0.000000,0.000000,0,1,0,1,20.114978,0,0,0,0
51.3162,,0.443941,0.443941,0.444883,0.012051,0.000000,0.000000,0.000000,0,1,0,1,20.372038,0,0,0,0
51.3362,,0.443941,0.443941,0.444883,0.012051,0.000000,0.000000,0.000000,0,1,0,1,20.247646,0,0,0,0
51.3562,,0.443941,0.443941,0.444883,0.012051,0.000000,0.000000,0.000000,0,1,0,1,20.195122,0,0,0,0
51.3762,,0.443941,0.443941,0.444883,0.012051,0.000000,0.000000,0.000000,0,1,0,1,20.209986,0,0,0,0
51.3971,,0.443941,0.443941,0.444883,0.012051,0.000000,0.000000,0.000000,0,1,0,1,20.190358,0,0,0,0
51.4171,,0.443941,0.443941,0.444883,0.012051,0.000000,0.000000,0.000000,0,1,0,1,20.230895,0,0,0,0
51.4371,,0.443941,0.443941,0.444883,0.012051,0.000000,0.000000,0.000000,0,1,0,1,20.203492,0,0,0,0
51.4572,,0.443941,0.443941,0.444883,0.012051,0.000000,0.000000,0.000000,0,1,0,1,20.201097,0,0,0,0
51.4772,,0.443941,0.443941,0.444883,0.012051,0.000000,0.000000,0.000000,0,1,0,1,20.221666,0,0,0,0
51.4982,,0.443941,0.443941,0.444883,0.012051,0.000000,0.000000,0.000000,0,1,0,1,20.200346,0,0,0,0
51.5183,,0.443941,0.443941,0.444883,0.012051,0.000000,0.000000,0.000000,0,1,0,1,20.289758,0,0,0,0
51.5382,,0.443941,0.443941,0.444883,0.012051,0.000000,0.000000,0.000000,0,1,0,1,20.112279,0,0,0,0
51.5582,,0.443941,0.443941,0.444883,0.012051,0.000000,0.000000,0.000000,0,1,0,1,20.179674,0,0,0,0
51.5791,,0.443941,0.443941,0.444883,0.012051,0.000000,0.000000,0.000000,0,1,0,1,20.356749,0,0,0,0
51.5991,,0.443941,0.443941,0.444883,0.012051,0.000000,0.000000,0.000000,0,1,0,1,20.191140,0,0,0,0
51.6192,,0.443941,0.443941,0.444883,0.012051,0.000000,0.000000,0.000000,0,1,0,1,20.203098,0,0,0,0
51.6391,,0.443941,0.443941,0.444883,0.012051,0.000000,0.000000,0.000000,0,1,0,1,20.198005,0,0,0,0
51.6591,,0.443941,0.443941,0.444883,0.012051,0.000000,0.000000,0.000000,0,1,0,1,20.227465,0,0,0,0
51.6801,,0.443941,0.443941,0.444883,0.012051,0.000000,0.000000,0.000000,0,1,0,1,20.087191,0,0,0,0
51.7001,,0.443941,0.443941,0.444883,0.012051,0.000000,0.000000,0.000000,0,1,0,1,20.088622,0,0,0,0
51.7201,,0.443941,0.443941,0.444883,0.012051,0.000000,0.000000,0.000000,0,1,0,1,20.192252,0,0,0,0
51.7400,,0.443941,0.443941,0.444883,0.012051,0.000000,0.000000,0.000000,0,1,0,1,20.081866,0,0,0,0
51.7601,,0.443941,0.443941,0.444883,0.012051,0.000000,0.000000,0.000000,0,1,0,1,20.051502,0,0,0,0
51.7801,,0.443941,0.443941,0.444883,0.012051,0.000000,0.000000,0.000000,0,1,0,1,20.154851,0,0,0,0
51.8012,,0.443941,0.443941,0.444883,0.012051,0.000000,0.000000,0.000000,0,1,0,1,20.085712,0,0,0,0
51.8202,,0.443941,0.443941,0.444883,0.012051,0.000000,0.000000,0.000000,0,1,0,1,20.082111,0,0,0,0
51.8411,,0.443941,0.443941,0.444883,0.012051,0.000000,0.000000,0.000000,0,1,0,1,20.300595,0,0,0,0
51.8612,,0.443941,0.443941,0.444883,0.012051,0.000000,0.000000,0.000000,0,1,0,1,20.064118,0,0,0,0
51.8812,,0.443941,0.443941,0.444883,0.012051,0.000000,0.000000,0.000000,0,1,0,1,20.082032,0,0,0,0
51.9012,,0.443941,0.443941,0.444883,0.012051,0.000000,0.000000,0.000000,0,1,0,1,20.071862,0,0,0,0
51.9211,,0.443941,0.443941,0.444883,0.012051,0.000000,0.000000,0.000000,0,1,0,1,20.098020,0,0,0,0
51.9411,,0.443941,0.443941,0.444883,0.012051,0.000000,0.000000,0.000000,0,1,0,1,20.101816,0,0,0,0
51.9612,,0.443941,0.443941,0.444883,0.012051,0.000000,0.000000,0.000000,0,1,0,1,20.086968,0,0,0,0
51.9812,,0.443941,0.443941,0.444883,0.012051,0.000000,0.000000,0.000000,0,1,0,1,20.083344,0,0,0,0
52.0022,,0.443941,0.443941,0.444883,0.012051,0.000000,0.000000,0.000000,0,1,0,1,20.261456,0,0,0,0
52.0222,,0.443941,0.443941,0.444883,0.012051,0.000000,0.000000,0.000000,0,1,0,1,20.143423,0,0,0,0
52.0421,,0.443941,0.443941,0.444883,0.012051,0.000000,0.000000,0.000000,0,1,0,1,20.233072,0,0,0,0
52.0622,,0.443941,0.443941,0.444883,0.012051,0.000000,0.000000,0.000000,0,1,0,1,20.213067,0,0,0,0
52.0822,,0.443941,0.443941,0.444883,0.012051,0.000000,0.000000,0.000000,0,1,0,1,20.220339,0,0,0,0
52.1032,,0.443941,0.443941,0.444883,0.012051,0.000000,0.000000,0.000000,0,1,0,1,20.371426,0,0,0,0
52.1233,,0.443941,0.443941,0.444883,0.012051,0.000000,0.000000,0.000000,0,1,0,1,20.203950,0,0,0,0
52.1432,,0.443941,0.443941,0.444883,0.012051,0.000000,0.000000,0.000000,0,1,0,1,20.191921,0,0,0,0
52.1632,,0.443941,0.443941,0.444883,0.012051,0.000000,0.000000,0.000000,0,1,0,1,20.243612,0,0,0,0
52.1832,,0.443941,0.443941,0.444883,0.012051,0.000000,0.000000,0.000000,0,1,0,1,20.229324,0,0,0,0
52.2041,,0.443941,0.443941,0.444883,0.012051,0.000000,0.000000,0.000000,0,1,0,1,20.187455,0,0,0,0
52.2241,,0.443941,0.443941,0.444883,0.012051,0.000000,0.000000,0.000000,0,1,0,1,20.093791,0,0,0,0
52.2442,,0.443941,0.443941,0.444883,0.012051,0.000000,0.000000,0.000000,0,1,0,1,20.210439,0,0,0,0
52.2641,,0.443941,0.443941,0.444883,0.012051,0.000000,0.000000,0.000000,0,1,0,1,20.078314,0,0,0,0
52.2842,,0.443941,0.443941,0.444883,0.012051,0.000000,0.000000,0.000000,0,1,0,1,20.105620,0,0,0,0
52.3043,,0.443941,0.443941,0.444883,0.012051,0.000000,0.000000,0.000000,0,1,0,1,20.316487,0,0,0,0
52.3252,,0.443941,0.443941,0.444883,0.012051,0.000000,0.000000,0.000000,0,1,0,1,20.077404,0,0,0,0
52.3453,,0.443941,0.443941,0.444883,0.012051,0.000000,0.000000,0.000000,0,1,0,1,20.217712,0,0,0,0
52.3652,,0.443941,0.443941,0.444883,0.012051,0.000000,0.000000,0.000000,0,1,0,1,20.112694,0,0,0,0
52.3852,,0.443941,0.443941,0.444883,0.012051,0.000000,0.000000,0.000000,0,1,0,1,20.233730,0,0,0,0
52.4051,,0.443941,0.443941,0.444883,0.012051,0.000000,0.000000,0.000000,0,1,0,1,20.141766,0,0,0,0
52.4263,,0.443941,0.443941,0.444883,0.012051,0.000000,0.000000,0.000000,0,1,0,1,20.361353,0,0,0,0
52.4462,,0.443941,0.443941,0.444883,0.012051,0.000000,0.000000,0.000000,0,1,0,1,20.215809,0,0,0,0
52.4662,,0.443941,0.443941,0.444883,0.012051,0.000000,0.000000,0.000000,0,1,0,1,20.124003,0,0,0,0
52.4861,,0.443941,0.443941,0.444883,0.012051,0.000000,0.000000,0.000000,0,1,0,1,20.189046,0,0,0,0
52.5063,,0.443941,0.443941,0.444883,0.012051,0.000000,0.000000,0.000000,0,1,0,1,20.221271,0,0,0,0
52.5262,,0.443941,0.443941,0.444883,0.012051,0.000000,0.000000,0.000000,0,1,0,1,20.110884,0,0,0,0
52.5473,,0.443941,0.443941,0.444883,0.012051,0.000000,0.000000,0.000000,0,1,0,1,20.195737,0,0,0,0
52.5674,,0.443941,0.443941,0.444883,0.012051,0.000000,0.000000,0.000000,0,1,0,1,20.163237,0,0,0,0
52.5872,,0.443941,0.443941,0.444883,0.012051,0.000000,0.000000,0.000000,0,1,0,1,20.238114,0,0,0,0
52.6072,,0.443941,0.443941,0.444883,0.012051,0.000000,0.000000,0.000000,0,1,0,1,20.195406,0,0,0,0
52.6282,,0.443941,0.443941,0.444883,0.012051,0.000000,0.000000,0.000000,0,1,0,1,20.237442,0,0,0,0
52.6482,,0.443941,0.443941,0.444883,0.012051,0.000000,0.000000,0.000000,0,1,0,1,20.196974,0,0,0,0
52.6682,,0.443941,0.443941,0.444883,0.012051,0.000000,0.000000,0.000000,0,1,0,1,20.113331,0,0,0,0
52.6882,,0.443941,0.443941,0.444883,0.012051,0.000000,0.000000,0.000000,0,1,0,1,20.154523,0,0,0,0
52.7085,,0.443941,0.443941,0.444883,0.012051,0.000000,0.000000,0.000000,0,1,0,1,20.187548,0,0,0,0
52.7283,,0.443941,0.443941,0.444883,0.012051,0.000000,0.000000,0.000000,0,1,0,1,20.165962,0,0,0,0
52.7493,,0.443941,0.443941,0.444883,0.012051,0.000000,0.000000,0.000000,0,1,0,1,20.220301,0,0,0,0
52.7692,,0.443941,0.443941,0.444883,0.012051,0.000000,0.000000,0.000000,0,1,0,1,20.066823,0,0,0,0
52.7894,,0.443941,0.443941,0.444883,0.012051,0.000000,0.000000,0.000000,0,1,0,1,20.078959,0,0,0,0
52.8093,,0.443941,0.443941,0.444883,0.012051,0.000000,0.000000,0.000000,0,1,0,1,20.122077,0,0,0,0
52.8292,,0.443941,0.443941,0.444883,0.012051,0.000000,0.000000,0.000000,0,1,0,1,20.097193,0,0,0,0
52.8494,,0.443941,0.443941,0.444883,0.012051,0.000000,0.000000,0.000000,0,1,0,1,20.200537,0,0,0,0
52.8693,,0.443941,0.443941,0.444883,0.012051,0.000000,0.000000,0.000000,0,1,0,1,20.060633,0,0,0,0
52.8891,,0.443941,0.443941,0.444883,0.012051,0.000000,0.000000,0.000000,0,1,0,1,20.092345,0,0,0,0
52.9092,,0.443941,0.443941,0.444883,0.012051,0.000000,0.000000,0.000000,0,1,0,1,20.058306,0,0,0,0
52.9291,,0.443941,0.443941,0.444883,0.012051,0.000000,0.000000,0.000000,0,1,0,1,20.070725,0,0,0,0
52.9492,,0.443941,0.443941,0.444883,0.012051,0.000000,0.000000,0.000000,0,1,0,1,20.068163,0,0,0,0
52.9691,,0.443941,0.443941,0.444883,0.012051,0.000000,0.000000,0.000000,0,1,0,1,20.064915,0,0,0,0
52.9904,,0.443941,0.443941,0.444883,0.012051,0.000000,0.000000,0.000000,0,1,0,1,20.071179,0,0,0,0
53.0102,,0.443941,0.443941,0.444883,0.012051,0.000000,0.000000,0.000000,0,1,0,1,20.064638,0,0,0,0
53.0302,,0.443941,0.443941,0.444883,0.012051,0.000000,0.000000,0.000000,0,1,0,1,20.089994,0,0,0,0
53.0501,,0.443941,0.443941,0.444883,0.012051,0.000000,0.000000,0.000000,0,1,0,1,20.090113,0,0,0,0
53.0702,,0.443941,0.443941,0.444883,0.012051,0.000000,0.000000,0.000000,0,1,0,1,20.077570,0,0,0,0
53.0902,,0.443941,0.443941,0.444883,0.012051,0.000000,0.000000,0.000000,0,1,0,1,20.075470,0,0,0,0
53.1102,,0.443941,0.443941,0.444883,0.012051,0.000000,0.000000,0.000000,0,1,0,1,20.073804,0,0,0,0
53.1302,,0.443941,0.443941,0.444883,0.012051,0.000000,0.000000,0.000000,0,1,0,1,20.086283,0,0,0,0
53.1502,,0.443941,0.443941,0.444883,0.012051,0.000000,0.000000,0.000000,0,1,0,1,20.289503,0,0,0,0
53.1703,,0.443941,0.443941,0.444883,0.012051,0.000000,0.000000,0.000000,0,1,0,1,20.082806,0,0,0,0
53.1912,,0.443941,0.443941,0.444883,0.012051,0.000000,0.000000,0.000000,0,1,0,1,20.077104,0,0,0,0
53.2112,,0.443941,0.443941,0.444883,0.012051,0.000000,0.000000,0.000000,0,1,0,1,20.063757,0,0,0,0
53.2312,,0.443941,0.443941,0.444883,0.012051,0.000000,0.000000,0.000000,0,1,0,1,20.357363,0,0,0,0
53.2511,,0.443941,0.443941,0.444883,0.012051,0.000000,0.000000,0.000000,0,1,0,1,20.249143,0,0,0,0
53.2712,,0.443941,0.443941,0.444883,0.012051,0.000000,0.000000,0.000000,0,1,0,1,20.160391,0,0,0,0
53.2912,,0.443941,0.443941,0.444883,0.012051,0.000000,0.000000,0.000000,0,1,0,1,20.075138,0,0,0,0
53.3121,,0.443941,0.443941,0.444883,0.012051,0.000000,0.000000,0.000000,0,1,0,1,20.078969,0,0,0,0
53.3321,,0.443941,0.443941,0.444883,0.012051,0.000000,0.000000,0.000000,0,1,0,1,20.160639,0,0,0,0
53.3522,,0.443941,0.443941,0.444883,0.012051,0.000000,0.000000,0.000000,0,1,0,1,20.198133,0,0,0,0
53.3722,,0.443941,0.443941,0.444883,0.012051,0.000000,0.000000,0.000000,0,1,0,1,20.209649,0,0,0,0
53.3922,,0.443941,0.443941,0.444883,0.012051,0.000000,0.000000,0.000000,0,1,0,1,20.232154,0,0,0,0
53.4133,,0.443941,0.443941,0.444883,0.012051,0.000000,0.000000,0.000000,0,1,0,1,20.214330,0,0,0,0
53.4332,,0.443941,0.443941,0.444883,0.012051,0.000000,0.000000,0.000000,0,1,0,1,20.212825,0,0,0,0
53.4532,,0.443941,0.443941,0.444883,0.012051,0.000000,0.000000,0.000000,0,1,0,1,20.215733,0,0,0,0
53.4736,,0.443941,0.443941,0.444883,0.012051,0.000000,0.000000,0.000000,0,1,0,1,20.112052,0,0,0,0
53.4938,,0.443941,0.443941,0.444883,0.012051,0.000000,0.000000,0.000000,0,1,0,1,20.171565,0,0,0,0
53.5133,,0.443941,0.443941,0.444883,0.012051,0.000000,0.000000,0.000000,0,1,0,1,20.093765,0,0,0,0
53.5333,,0.443941,0.443941,0.444883,0.012051,0.000000,0.000000,0.000000,0,1,0,1,20.086772,0,0,0,0
53.5541,,0.443941,0.443941,0.444883,0.012051,0.000000,0.000000,0.000000,0,1,0,1,20.084583,0,0,0,0
53.5741,,0.443941,0.443941,0.444883,0.012051,0.000000,0.000000,0.000000,0,1,0,1,20.077873,0,0,0,0
53.5944,,0.443941,0.443941,0.444883,0.012051,0.000000,0.000000,0.000000,0,1,0,1,20.113333,0,0,0,0
53.6142,,0.443941,0.443941,0.444883,0.012051,0.000000,0.000000,0.000000,0,1,0,1,20.115900,0,0,0,0
53.6341,,0.443941,0.443941,0.444883,0.012051,0.000000,0.000000,0.000000,0,1,0,1,20.103781,0,0,0,0
53.6542,,0.443941,0.443941,0.444883,0.012051,0.000000,0.000000,0.000000,0,1,0,1,20.102223,0,0,0,0
53.6742,,0.443941,0.443941,0.444883,0.012051,0.000000,0.000000,0.000000,0,1,0,1,20.286305,0,0,0,0
53.6941,,0.443941,0.443941,0.444883,0.012051,0.000000,0.000000,0.000000,0,1,0,1,20.100328,0,0,0,0
53.7151,,0.443941,0.443941,0.444883,0.012051,0.000000,0.000000,0.000000,0,1,0,1,20.097604,0,0,0,0
53.7353,,0.443941,0.443941,0.444883,0.012051,0.000000,0.000000,0.000000,0,1,0,1,20.101528,0,0,0,0
53.7551,,0.443941,0.443941,0.444883,0.012051,0.000000,0.000000,0.000000,0,1,0,1,20.087636,0,0,0,0
53.7752,,0.443941,0.443941,0.444883,0.012051,0.000000,0.000000,0.000000,0,1,0,1,20.069515,0,0,0,0
53.7952,,0.443941,0.443941,0.444883,0.012051,0.000000,0.000000,0.000000,0,1,0,1,20.104933,0,0,0,0
53.8153,,0.443941,0.443941,0.444883,0.012051,0.000000,0.000000,0.000000,0,1,0,1,20.158091,0,0,0,0
53.8353,,0.443941,0.443941,0.444883,0.012051,0.000000,0.000000,0.000000,0,1,0,1,20.088514,0,0,0,0
53.8553,,0.443941,0.443941,0.444883,0.012051,0.000000,0.000000,0.000000,0,1,0,1,20.085881,0,0,0,0
53.8763,,0.443941,0.443941,0.444883,0.012051,0.000000,0.000000,0.000000,0,1,0,1,20.397074,0,0,0,0
53.8962,,0.443941,0.443941,0.444883,0.012051,0.000000,0.000000,0.000000,0,1,0,1,20.068511,0,0,0,0
53.9161,,0.443941,0.443941,0.444883,0.012051,0.000000,0.000000,0.000000,0,1,0,1,20.128854,0,0,0,0
53.9362,,0.443941,0.443941,0.444883,0.012051,0.000000,0.000000,0.000000,0,1,0,1,20.071394,0,0,0,0
53.9564,,0.443941,0.443941,0.444883,0.012051,0.000000,0.000000,0.000000,0,1,0,1,20.159836,0,0,0,0
53.9762,,0.443941,0.443941,0.444883,0.012051,0.000000,0.000000,0.000000,0,1,0,1,20.093077,0,0,0,0
53.9962,,0.443941,0.443941,0.444883,0.012051,0.000000,0.000000,0.000000,0,1,0,1,20.108336,0,0,0,0
54.0162,,0.443941,0.443941,0.444883,0.012051,0.000000,0.000000,0.000000,0,1,0,1,20.179735,0,0,0,0
54.0363,,0.443941,0.443941,0.444883,0.012051,0.000000,0.000000,0.000000,0,1,0,1,20.069670,0,0,0,0
54.0572,,0.443941,0.443941,0.444883,0.012051,0.000000,0.000000,0.000000,0,1,0,1,20.094109,0,0,0,0
54.0772,,0.443941,0.443941,0.444883,0.012051,0.000000,0.000000,0.000000,0,1,0,1,20.189863,0,0,0,0
54.0973,,0.443941,0.443941,0.444883,0.012051,0.000000,0.000000,0.000000,0,1,0,1,20.285798,0,0,0,0
54.1174,,0.443941,0.443941,0.444883,0.012051,0.000000,0.000000,0.000000,0,1,0,1,20.102680,0,0,0,0
54.1372,,0.443941,0.443941,0.444883,0.012051,0.000000,0.000000,0.000000,0,1,0,1,20.199533,0,0,0,0
54.1581,,0.443941,0.443941,0.444883,0.012051,0.000000,0.000000,0.000000,0,1,0,1,20.176920,0,0,0,0
54.1783,,0.443941,0.443941,0.444883,0.012051,0.000000,0.000000,0.000000,0,1,0,1,20.076140,0,0,0,0
54.1983,,0.443941,0.443941,0.444883,0.012051,0.000000,0.000000,0.000000,0,1,0,1,20.180966,0,0,0,0
54.2181,,0.443941,0.443941,0.444883,0.012051,0.000000,0.000000,0.000000,0,1,0,1,20.070155,0,0,0,0
54.2385,,0.443941,0.443941,0.444883,0.012051,0.000000,0.000000,0.000000,0,1,0,1,20.094455,0,0,0,0
54.2582,,0.443941,0.443941,0.444883,0.012051,0.000000,0.000000,0.000000,0,1,0,1,20.183608,0,0,0,0
54.2782,,0.443941,0.443941,0.444883,0.012051,0.000000,0.000000,0.000000,0,1,0,1,20.174888,0,0,0,0
54.2985,,0.443941,0.443941,0.444883,0.012051,0.000000,0.000000,0.000000,0,1,0,1,20.100114,0,0,0,0
54.3192,,0.443941,0.443941,0.444883,0.012051,0.000000,0.000000,0.000000,0,1,0,1,20.099104,0,0,0,0
54.3393,,0.443941,0.443941,0.444883,0.012051,0.000000,0.000000,0.000000,0,1,0,1,20.217698,0,0,0,0
54.3596,,0.443941,0.443941,0.444883,0.012051,0.000000,0.000000,0.000000,0,1,0,1,20.109640,0,0,0,0
54.3793,,0.443941,0.443941,0.444883,0.012051,0.000000,0.000000,0.000000,0,1,0,1,20.234160,0,0,0,0
54.3992,,0.443941,0.443941,0.444883,0.012051,0.000000,0.000000,0.000000,0,1,0,1,20.080239,0,0,0,0
54.4194,,0.443941,0.443941,0.444883,0.012051,0.000000,0.000000,0.000000,0,1,0,1,20.125125,0,0,0,0
54.4392,,0.443941,0.443941,0.444883,0.012051,0.000000,0.000000,0.000000,0,1,0,1,20.092293,0,0,0,0
54.4603,,0.443941,0.443941,0.444883,0.012051,0.000000,0.000000,0.000000,0,1,0,1,20.169848,0,0,0,0
54.4803,,0.443941,0.443941,0.444883,0.012051,0.000000,0.000000,0.000000,0,1,0,1,20.194079,0,0,0,0
54.5002,,0.443941,0.443941,0.444883,0.012051,0.000000,0.000000,0.000000,0,1,0,1,20.257861,0,0,0,0
54.5202,,0.443941,0.443941,0.444883,0.012051,0.000000,0.000000,0.000000,0,1,0,1,20.194938,0,0,0,0
54.5401,,0.443941,0.443941,0.444883,0.012051,0.000000,0.000000,0.000000,0,1,0,1,20.191250,0,0,0,0
54.5611,,0.443941,0.443941,0.444883,0.012051,0.000000,0.000000,0.000000,0,1,0,1,20.088956,0,0,0,0
54.5811,,0.443941,0.443941,0.444883,0.012051,0.000000,0.000000,0.000000,0,1,0,1,20.330329,0,0,0,0
54.6012,,0.443941,0.443941,0.444883,0.012051,0.000000,0.000000,0.000000,0,1,0,1,20.182969,0,0,0,0
54.6212,,0.443941,0.443941,0.444883,0.012051,0.000000,0.000000,0.000000,0,1,0,1,20.192610,0,0,0,0
54.6412,,0.443941,0.443941,0.444883,0.012051,0.000000,0.000000,0.000000,0,1,0,1,20.270637,0,0,0,0
54.6622,,0.443941,0.443941,0.444883,0.012051,0.000000,0.000000,0.000000,0,1,0,1,20.078937,0,0,0,0
54.6822,,0.443941,0.443941,0.444883,0.012051,0.000000,0.000000,0.000000,0,1,0,1,20.086140,0,0,0,0
54.7022,,0.443941,0.443941,0.444883,0.012051,0.000000,0.000000,0.000000,0,1,0,1,20.111229,0,0,0,0
54.7222,,0.443941,0.443941,0.444883,0.012051,0.000000,0.000000,0.000000,0,1,0,1,20.105549,0,0,0,0
54.7422,,0.443941,0.443941,0.444883,0.012051,0.000000,0.000000,0.000000,0,1,0,1,20.106931,0,0,0,0
54.7623,,0.443941,0.443941,0.444883,0.012051,0.000000,0.000000,0.000000,0,1,0,1,20.106059,0,0,0,0
54.7821,,0.443941,0.443941,0.444883,0.012051,0.000000,0.000000,0.000000,0,1,0,1,20.106931,0,0,0,0
54.8023,,0.443941,0.443941,0.444883,0.012051,0.000000,0.000000,0.000000,0,1,0,1,20.148268,0,0,0,0
54.8223,,0.443941,0.443941,0.444883,0.012051,0.000000,0.000000,0.000000,0,1,0,1,20.082337,0,0,0,0
54.8423,,0.443941,0.443941,0.444883,0.012051,0.000000,0.000000,0.000000,0,1,0,1,20.071577,0,0,0,0
54.8632,,0.443941,0.443941,0.444883,0.012051,0.000000,0.000000,0.000000,0,1,0,1,20.071775,0,0,0,0
54.8833,,0.443941,0.443941,0.444883,0.012051,0.000000,0.000000,0.000000,0,1,0,1,20.090568,0,0,0,0
54.9033,,0.443941,0.443941,0.444883,0.012051,0.000000,0.000000,0.000000,0,1,0,1,20.220224,0,0,0,0
54.9232,,0.443941,0.443941,0.444883,0.012051,0.000000,0.000000,0.000000,0,1,0,1,20.181517,0,0,0,0
54.9433,,0.443941,0.443941,0.444883,0.012051,0.000000,0.000000,0.000000,0,1,0,1,20.073414,0,0,0,0
54.9635,,0.443941,0.443941,0.444883,0.012051,0.000000,0.000000,0.000000,0,1,0,1,20.110515,0,0,0,0
54.9831,,0.443941,0.443941,0.444883,0.012051,0.000000,0.000000,0.000000,0,1,0,1,20.154679,0,0,0,0
55.0033,,0.443941,0.443941,0.444883,0.012051,0.000000,0.000000,0.000000,0,1,0,1,20.090121,0,0,0,0
55.0241,,0.443941,0.443941,0.444883,0.012051,0.000000,0.000000,0.000000,0,1,0,1,20.233173,0,0,0,0
55.0441,,0.443941,0.443941,0.444883,0.012051,0.000000,0.000000,0.000000,0,1,0,1,20.110673,0,0,0,0
55.0642,,0.443941,0.443941,0.444883,0.012051,0.000000,0.000000,0.000000,0,1,0,1,20.121759,0,0,0,0
55.0842,,0.443941,0.443941,0.444883,0.012051,0.000000,0.000000,0.000000,0,1,0,1,20.102802,0,0,0,0
55.1041,,0.443941,0.443941,0.444883,0.012051,0.000000,0.000000,0.000000,0,1,0,1,20.217031,0,0,0,0
55.1242,,0.443941,0.443941,0.444883,0.012051,0.000000,0.000000,0.000000,0,1,0,1,20.255786,0,0,0,0
55.1457,,0.443941,0.443941,0.444883,0.012051,0.000000,0.000000,0.000000,0,1,0,1,20.077210,0,0,0,0
55.1652,,0.443941,0.443941,0.444883,0.012051,0.000000,0.000000,0.000000,0,1,0,1,20.080653,0,0,0,0
55.1853,,0.443941,0.443941,0.444883,0.012051,0.000000,0.000000,0.000000,0,1,0,1,20.112729,0,0,0,0
55.2055,,0.443941,0.443941,0.444883,0.012051,0.000000,0.000000,0.000000,0,1,0,1,20.186379,0,0,0,0
55.2251,,0.443941,0.443941,0.444883,0.012051,0.000000,0.000000,0.000000,0,1,0,1,20.153277,0,0,0,0
55.2454,,0.443941,0.443941,0.444883,0.012051,0.000000,0.000000,0.000000,0,1,0,1,20.120312,0,0,0,0
55.2652,,0.443941,0.443941,0.444883,0.012051,0.000000,0.000000,0.000000,0,1,0,1,20.146220,0,0,0,0
55.2851,,0.443941,0.443941,0.444883,0.012051,0.000000,0.000000,0.000000,0,1,0,1,20.082631,0,0,0,0
55.3051,,0.443941,0.443941,0.444883,0.012051,0.000000,0.000000,0.000000,0,1,0,1,20.073524,0,0,0,0
55.3261,,0.443941,0.443941,0.444883,0.012051,0.000000,0.000000,0.000000,0,1,0,1,20.177508,0,0,0,0
55.3463,,0.443941,0.443941,0.444883,0.012051,0.000000,0.000000,0.000000,0,1,0,1,20.111635,0,0,0,0
55.3662,,0.443941,0.443941,0.444883,0.012051,0.000000,0.000000,0.000000,0,1,0,1,20.110629,0,0,0,0
55.3862,,0.443941,0.443941,0.444883,0.012051,0.000000,0.000000,0.000000,0,1,0,1,20.180517,0,0,0,0
55.4062,,0.443941,0.443941,0.444883,0.012051,0.000000,0.000000,0.000000,0,1,0,1,20.213218,0,0,0,0
55.4266,,0.443941,0.443941,0.444883,0.012051,0.000000,0.000000,0.000000,0,1,0,1,20.078417,0,0,0,0
55.4472,,0.443941,0.443941,0.444883,0.012051,0.000000,0.000000,0.000000,0,1,0,1,20.194446,0,0,0,0
55.4673,,0.443941,0.443941,0.444883,0.012051,0.000000,0.000000,0.000000,0,1,0,1,20.077811,0,0,0,0
55.4873,,0.443941,0.443941,0.444883,0.012051,0.000000,0.000000,0.000000,0,1,0,1,20.168579,0,0,0,0
55.5072,,0.443941,0.443941,0.444883,0.012051,0.000000,0.000000,0.000000,0,1,0,1,20.165590,0,0,0,0
55.5272,,0.443941,0.443941,0.444883,0.012051,0.000000,0.000000,0.000000,0,1,0,1,20.116763,0,0,0,0
55.5471,,0.443941,0.443941,0.444883,0.012051,0.000000,0.000000,0.000000,0,1,0,1,20.191886,0,0,0,0
55.5672,,0.443941,0.443941,0.444883,0.012051,0.000000,0.000000,0.000000,0,1,0,1,20.073712,0,0,0,0
55.5872,,0.443941,0.443941,0.444883,0.012051,0.000000,0.000000,0.000000,0,1,0,1,20.085726,0,0,0,0
55.6082,,0.443941,0.443941,0.444883,0.012051,0.000000,0.000000,0.000000,0,1,0,1,20.077077,0,0,0,0
55.6282,,0.443941,0.443941,0.444883,0.012051,0.000000,0.000000,0.000000,0,1,0,1,20.081655,0,0,0,0
55.6482,,0.443941,0.443941,0.444883,0.012051,0.000000,0.000000,0.000000,0,1,0,1,20.072449,0,0,0,0
55.6682,,0.443941,0.443941,0.444883,0.012051,0.000000,0.000000,0.000000,0,1,0,1,20.125070,0,0,0,0
55.6883,,0.443941,0.443941,0.444883,0.012051,0.000000,0.000000,0.000000,0,1,0,1,20.281247,0,0,0,0
55.7085,,0.443941,0.443941,0.444883,0.012051,0.000000,0.000000,0.000000,0,1,0,1,20.083029,0,0,0,0
55.7282,,0.443941,0.443941,0.444883,0.012051,0.000000,0.000000,0.000000,0,1,0,1,20.071270,0,0,0,0
55.7481,,0.443941,0.443941,0.444883,0.012051,0.000000,0.000000,0.000000,0,1,0,1,20.082310,0,0,0,0
55.7692,,0.443941,0.443941,0.444883,0.012051,0.000000,0.000000,0.000000,0,1,0,1,20.267715,0,0,0,0
55.7895,,0.443941,0.443941,0.444883,0.012051,0.000000,0.000000,0.000000,0,1,0,1,20.216517,0,0,0,0
55.8095,,0.443941,0.443941,0.444883,0.012051,0.000000,0.000000,0.000000,0,1,0,1,20.289289,0,0,0,0
55.8292,,0.443941,0.443941,0.444883,0.012051,0.000000,0.000000,0.000000,0,1,0,1,20.208173,0,0,0,0
55.8493,,0.443941,0.443941,0.444883,0.012051,0.000000,0.000000,0.000000,0,1,0,1,20.097751,0,0,0,0
55.8696,,0.443941,0.443941,0.444883,0.012051,0.000000,0.000000,0.000000,0,1,0,1,20.081478,0,0,0,0
55.8903,,0.443941,0.443941,0.444883,0.012051,0.000000,0.000000,0.000000,0,1,0,1,20.079895,0,0,0,0
55.9101,,0.443941,0.443941,0.444883,0.012051,0.000000,0.000000,0.000000,0,1,0,1,20.073217,0,0,0,0
55.9305,,0.443941,0.443941,0.444883,0.012051,0.000000,0.000000,0.000000,0,1,0,1,20.078279,0,0,0,0
55.9502,,0.443941,0.443941,0.444883,0.012051,0.000000,0.000000,0.000000,0,1,0,1,20.191836,0,0,0,0
55.9702,,0.443941,0.443941,0.444883,0.012051,0.000000,0.000000,0.000000,0,1,0,1,20.168828,0,0,0,0
55.9905,,0.443941,0.443941,0.444883,0.012051,0.000000,0.000000,0.000000,0,1,0,1,20.138880,0,0,0,0
56.0102,,0.443941,0.443941,0.444883,0.012051,0.000000,0.000000,0.000000,0,1,0,1,20.189002,0,0,0,0
56.0312,,0.443941,0.443941,0.444883,0.012051,0.000000,0.000000,0.000000,0,1,0,1,20.170811,0,0,0,0
56.0511,,0.443941,0.443941,0.444883,0.012051,0.000000,0.000000,0.000000,0,1,0,1,20.164222,0,0,0,0
56.0711,,0.443941,0.443941,0.444883,0.012051,0.000000,0.000000,0.000000,0,1,0,1,20.181250,0,0,0,0
56.0912,,0.443941,0.443941,0.444883,0.012051,0.000000,0.000000,0.000000,0,1,0,1,20.176793,0,0,0,0
56.1111,,0.443941,0.443941,0.444883,0.012051,0.000000,0.000000,0.000000,0,1,0,1,20.073983,0,0,0,0
56.1311,,0.443941,0.443941,0.444883,0.012051,0.000000,0.000000,0.000000,0,1,0,1,20.151216,0,0,0,0
56.1512,,0.443941,0.443941,0.444883,0.012051,0.000000,0.000000,0.000000,0,1,0,1,20.117065,0,0,0,0
56.1712,,0.443941,0.443941,0.444883,0.012051,0.000000,0.000000,0.000000,0,1,0,1,20.068338,0,0,0,0
56.1922,,0.443941,0.443941,0.444883,0.012051,0.000000,0.000000,0.000000,0,1,0,1,20.073693,0,0,0,0
56.2123,,0.443941,0.443941,0.444883,0.012051,0.000000,0.000000,0.000000,0,1,0,1,20.123897,0,0,0,0
56.2321,,0.443941,0.443941,0.444883,0.012051,0.000000,0.000000,0.000000,0,1,0,1,20.259506,0,0,0,0
56.2521,,0.443941,0.443941,0.444883,0.012051,0.000000,0.000000,0.000000,0,1,0,1,20.194700,0,0,0,0
56.2721,,0.443941,0.443941,0.444883,0.012051,0.000000,0.000000,0.000000,0,1,0,1,20.313614,0,0,0,0
56.2933,,0.443941,0.443941,0.444883,0.012051,0.000000,0.000000,0.000000,0,1,0,1,20.073888,0,0,0,0
56.3131,,0.443941,0.443941,0.444883,0.012051,0.000000,0.000000,0.000000,0,1,0,1,20.080042,0,0,0,0
56.3332,,0.443941,0.443941,0.444883,0.012051,0.000000,0.000000,0.000000,0,1,0,1,20.103076,0,0,0,0
56.3531,,0.443941,0.443941,0.444883,0.012051,0.000000,0.000000,0.000000,0,1,0,1,20.074071,0,0,0,0
56.3731,,0.443941,0.443941,0.444883,0.012051,0.000000,0.000000,0.000000,0,1,0,1,20.070141,0,0,0,0
56.3935,,0.443941,0.443941,0.444883,0.012051,0.000000,0.000000,0.000000,0,1,0,1,20.233224,0,0,0,0
56.4135,,0.443941,0.443941,0.444883,0.012051,0.000000,0.000000,0.000000,0,1,0,1,20.217964,0,0,0,0
56.4332,,0.443941,0.443941,0.444883,0.012051,0.000000,0.000000,0.000000,0,1,0,1,20.078708,0,0,0,0
56.4532,,0.443941,0.443941,0.444883,0.012051,0.000000,0.000000,0.000000,0,1,0,1,20.075267,0,0,0,0
56.4742,,0.443941,0.443941,0.444883,0.012051,0.000000,0.000000,0.000000,0,1,0,1,20.070685,0,0,0,0
56.4943,,0.443941,0.443941,0.444883,0.012051,0.000000,0.000000,0.000000,0,1,0,1,20.211061,0,0,0,0
56.5143,,0.443941,0.443941,0.444883,0.012051,0.000000,0.000000,0.000000,0,1,0,1,20.189819,0,0,0,0
56.5342,,0.443941,0.443941,0.444883,0.012051,0.000000,0.000000,0.000000,0,1,0,1,20.210968,0,0,0,0
56.5543,,0.443941,0.443941,0.444883,0.012051,0.000000,0.000000,0.000000,0,1,0,1,20.058910,0,0,0,0
56.5743,,0.443941,0.443941,0.444883,0.012051,0.000000,0.000000,0.000000,0,1,0,1,20.228060,0,0,0,0
56.5953,,0.443941,0.443941,0.444883,0.012051,0.000000,0.000000,0.000000,0,1,0,1,20.229374,0,0,0,0
56.6155,,0.443941,0.443941,0.444883,0.012051,0.000000,0.000000,0.000000,0,1,0,1,20.107396,0,0,0,0
56.6353,,0.443941,0.443941,0.444883,0.012051,0.000000,0.000000,0.000000,0,1,0,1,20.098997,0,0,0,0
56.6552,,0.443941,0.443941,0.444883,0.012051,0.000000,0.000000,0.000000,0,1,0,1,20.244613,0,0,0,0
56.6753,,0.443941,0.443941,0.444883,0.012051,0.000000,0.000000,0.000000,0,1,0,1,20.197477,0,0,0,0
56.6964,,0.443941,0.443941,0.444883,0.012051,0.000000,0.000000,0.000000,0,1,0,1,20.276448,0,0,0,0
56.7163,,0.443941,0.443941,0.444883,0.012051,0.000000,0.000000,0.000000,0,1,0,1,20.186079,0,0,0,0
56.7364,,0.443941,0.443941,0.444883,0.012051,0.000000,0.000000,0.000000,0,1,0,1,20.235657,0,0,0,0
56.7563,,0.443941,0.443941,0.444883,0.012051,0.000000,0.000000,0.000000,0,1,0,1,20.164301,0,0,0,0
56.7765,,0.443941,0.443941,0.444883,0.012051,0.000000,0.000000,0.000000,0,1,0,1,20.207184,0,0,0,0
56.7973,,0.443941,0.443941,0.444883,0.012051,0.000000,0.000000,0.000000,0,1,0,1,20.191285,0,0,0,0
56.8171,,0.443941,0.443941,0.444883,0.012051,0.000000,0.000000,0.000000,0,1,0,1,20.164225,0,0,0,0
56.8373,,0.443941,0.443941,0.444883,0.012051,0.000000,0.000000,0.000000,0,1,0,1,20.107103,0,0,0,0
56.8573,,0.443941,0.443941,0.444883,0.012051,0.000000,0.000000,0.000000,0,1,0,1,20.188985,0,0,0,0
56.8773,,0.443941,0.443941,0.444883,0.012051,0.000000,0.000000,0.000000,0,1,0,1,20.293077,0,0,0,0
56.8976,,0.443941,0.443941,0.444883,0.012051,0.000000,0.000000,0.000000,0,1,0,1,20.073760,0,0,0,0
56.9176,,0.443941,0.443941,0.444883,0.012051,0.000000,0.000000,0.000000,0,1,0,1,20.081824,0,0,0,0
56.9382,,0.443941,0.443941,0.444883,0.012051,0.000000,0.000000,0.000000,0,1,0,1,20.090121,0,0,0,0
56.9582,,0.443941,0.443941,0.444883,0.012051,0.000000,0.000000,0.000000,0,1,0,1,20.095204,0,0,0,0
56.9784,,0.443941,0.443941,0.444883,0.012051,0.000000,0.000000,0.000000,0,1,0,1,20.079781,0,0,0,0
56.9984,,0.443941,0.443941,0.444883,0.012051,0.000000,0.000000,0.000000,0,1,0,1,20.075993,0,0,0,0
57.0183,,0.443941,0.443941,0.444883,0.012051,0.000000,0.000000,0.000000,0,1,0,1,20.074651,0,0,0,0
57.0382,,0.443941,0.443941,0.444883,0.012051,0.000000,0.000000,0.000000,0,1,0,1,20.058339,0,0,0,0
57.0584,,0.443941,0.443941,0.444883,0.012051,0.000000,0.000000,0.000000,0,1,0,1,20.079975,0,0,0,0
57.0784,,0.443941,0.443941,0.444883,0.012051,0.000000,0.000000,0.000000,0,1,0,1,20.073416,0,0,0,0
57.0984,,0.443941,0.443941,0.444883,0.012051,0.000000,0.000000,0.000000,0,1,0,1,20.074860,0,0,0,0
57.1185,,0.443941,0.443941,0.444883,0.012051,0.000000,0.000000,0.000000,0,1,0,1,20.014762,0,0,0,0
57.1384,,0.443941,0.443941,0.444883,0.012051,0.000000,0.000000,0.000000,0,1,0,1,20.057572,0,0,0,0
57.1584,,0.443941,0.443941,0.444883,0.012051,0.000000,0.000000,0.000000,0,1,0,1,20.056349,0,0,0,0
57.1784,,0.443941,0.443941,0.444883,0.012051,0.000000,0.000000,0.000000,0,1,0,1,20.059001,0,0,0,0
57.1984,,0.443941,0.443941,0.444883,0.012051,0.000000,0.000000,0.000000,0,1,0,1,20.060190,0,0,0,0
57.2186,,0.443941,0.443941,0.444883,0.012051,0.000000,0.000000,0.000000,0,1,0,1,20.060853,0,0,0,0
57.2394,,0.443941,0.443941,0.444883,0.012051,0.000000,0.000000,0.000000,0,1,0,1,20.079104,0,0,0,0
57.2594,,0.443941,0.443941,0.444883,0.012051,0.000000,0.000000,0.000000,0,1,0,1,20.074629,0,0,0,0
57.2796,,0.443941,0.443941,0.444883,0.012051,0.000000,0.000000,0.000000,0,1,0,1,20.181919,0,0,0,0
57.2996,,0.443941,0.443941,0.444883,0.012051,0.000000,0.000000,0.000000,0,1,0,1,20.186303,0,0,0,0
57.3195,,0.443941,0.443941,0.444883,0.012051,0.000000,0.000000,0.000000,0,1,0,1,20.107939,0,0,0,0
57.3394,,0.443941,0.443941,0.444883,0.012051,0.000000,0.000000,0.000000,0,1,0,1,20.173630,0,0,0,0
57.3595,,0.443941,0.443941,0.444883,0.012051,0.000000,0.000000,0.000000,0,1,0,1,20.127289,0,0,0,0
57.3794,,0.443941,0.443941,0.444883,0.012051,0.000000,0.000000,0.000000,0,1,0,1,20.076816,0,0,0,0
57.4006,,0.443941,0.443941,0.444883,0.012051,0.000000,0.000000,0.000000,0,1,0,1,20.197327,0,0,0,0
57.4205,,0.443941,0.443941,0.444883,0.012051,0.000000,0.000000,0.000000,0,1,0,1,20.183971,0,0,0,0
57.4404,,0.443941,0.443941,0.444883,0.012051,0.000000,0.000000,0.000000,0,1,0,1,20.180173,0,0,0,0
57.4606,,0.443941,0.443941,0.444883,0.012051,0.000000,0.000000,0.000000,0,1,0,1,20.138343,0,0,0,0
57.4806,,0.443941,0.443941,0.444883,0.012051,0.000000,0.000000,0.000000,0,1,0,1,20.149439,0,0,0,0
57.5015,,0.443941,0.443941,0.444883,0.012051,0.000000,0.000000,0.000000,0,1,0,1,20.356623,0,0,0,0
57.5214,,0.443941,0.443941,0.444883,0.012051,0.000000,0.000000,0.000000,0,1,0,1,20.192067,0,0,0,0
57.5414,,0.443941,0.443941,0.444883,0.012051,0.000000,0.000000,0.000000,0,1,0,1,20.152796,0,0,0,0
57.5615,,0.443941,0.443941,0.444883,0.012051,0.000000,0.000000,0.000000,0,1,0,1,20.383591,0,0,0,0
57.5815,,0.443941,0.443941,0.444883,0.012051,0.000000,0.000000,0.000000,0,1,0,1,20.081260,0,0,0,0
57.6024,,0.443941,0.443941,0.444883,0.012051,0.000000,0.000000,0.000000,0,1,0,1,20.146923,0,0,0,0
57.6225,,0.443941,0.443941,0.444883,0.012051,0.000000,0.000000,0.000000,0,1,0,1,20.154898,0,0,0,0
57.6425,,0.443941,0.443941,0.444883,0.012051,0.000000,0.000000,0.000000,0,1,0,1,20.116890,0,0,0,0
57.6627,,0.443941,0.443941,0.444883,0.012051,0.000000,0.000000,0.000000,0,1,0,1,20.161492,0,0,0,0
57.6825,,0.443941,0.443941,0.444883,0.012051,0.000000,0.000000,0.000000,0,1,0,1,20.168930,0,0,0,0
57.7025,,0.443941,0.443941,0.444883,0.012051,0.000000,0.000000,0.000000,0,1,0,1,20.147049,0,0,0,0
57.7224,,0.443941,0.443941,0.444883,0.012051,0.000000,0.000000,0.000000,0,1,0,1,20.076530,0,0,0,0
57.7435,,0.443941,0.443941,0.444883,0.012051,0.000000,0.000000,0.000000,0,1,0,1,20.093875,0,0,0,0
57.7637,,0.443941,0.443941,0.444883,0.012051,0.000000,0.000000,0.000000,0,1,0,1,20.251409,0,0,0,0
57.7834,,0.443941,0.443941,0.444883,0.012051,0.000000,0.000000,0.000000,0,1,0,1,20.116465,0,0,0,0
57.8035,,0.443941,0.443941,0.444883,0.012051,0.000000,0.000000,0.000000,0,1,0,1,20.190227,0,0,0,0
57.8234,,0.443941,0.443941,0.444883,0.012051,0.000000,0.000000,0.000000,0,1,0,1,20.221423,0,0,0,0
57.8435,,0.443941,0.443941,0.444883,0.012051,0.000000,0.000000,0.000000,0,1,0,1,20.083752,0,0,0,0
57.8646,,0.443941,0.443941,0.444883,0.012051,0.000000,0.000000,0.000000,0,1,0,1,20.169479,0,0,0,0
57.8844,,0.443941,0.443941,0.444883,0.012051,0.000000,0.000000,0.000000,0,1,0,1,20.067766,0,0,0,0
57.9044,,0.443941,0.443941,0.444883,0.012051,0.000000,0.000000,0.000000,0,1,0,1,20.097785,0,0,0,0
57.9245,,0.443941,0.443941,0.444883,0.012051,0.000000,0.000000,0.000000,0,1,0,1,20.093569,0,0,0,0
57.9445,,0.443941,0.443941,0.444883,0.012051,0.000000,0.000000,0.000000,0,1,0,1,20.094890,0,0,0,0
57.9645,,0.443941,0.443941,0.444883,0.012051,0.000000,0.000000,0.000000,0,1,0,1,20.170967,0,0,0,0
57.9845,,0.443941,0.443941,0.444883,0.012051,0.000000,0.000000,0.000000,0,1,0,1,20.062920,0,0,0,0
58.0044,,0.443941,0.443941,0.444883,0.012051,0.000000,0.000000,0.000000,0,1,0,1,20.060890,0,0,0,0
58.0244,,0.443941,0.443941,0.444883,0.012051,0.000000,0.000000,0.000000,0,1,0,1,20.060945,0,0,0,0
58.0445,,0.443941,0.443941,0.444883,0.012051,0.000000,0.000000,0.000000,0,1,0,1,20.061664,0,0,0,0
58.0645,,0.443941,0.443941,0.444883,0.012051,0.000000,0.000000,0.000000,0,1,0,1,20.060878,0,0,0,0
58.0845,,0.443941,0.443941,0.444883,0.012051,0.000000,0.000000,0.000000,0,1,0,1,20.067376,0,0,0,0
58.1055,,0.443941,0.443941,0.444883,0.012051,0.000000,0.000000,0.000000,0,1,0,1,20.093064,0,0,0,0
58.1254,,0.443941,0.443941,0.444883,0.012051,0.000000,0.000000,0.000000,0,1,0,1,20.083043,0,0,0,0
58.1456,,0.443941,0.443941,0.444883,0.012051,0.000000,0.000000,0.000000,0,1,0,1,20.099912,0,0,0,0
58.1656,,0.443941,0.443941,0.444883,0.012051,0.000000,0.000000,0.000000,0,1,0,1,20.099753,0,0,0,0
58.1855,,0.443941,0.443941,0.444883,0.012051,0.000000,0.000000,0.000000,0,1,0,1,20.096709,0,0,0,0
58.2056,,0.443941,0.443941,0.444883,0.012051,0.000000,0.000000,0.000000,0,1,0,1,20.196947,0,0,0,0
58.2255,,0.443941,0.443941,0.444883,0.012051,0.000000,0.000000,0.000000,0,1,0,1,20.129509,0,0,0,0
58.2455,,0.443941,0.443941,0.444883,0.012051,0.000000,0.000000,0.000000,0,1,0,1,20.072422,0,0,0,0
58.2657,,0.443941,0.443941,0.444883,0.012051,0.000000,0.000000,0.000000,0,1,0,1,20.068734,0,0,0,0
58.2856,,0.443941,0.443941,0.444883,0.012051,0.000000,0.000000,0.000000,0,1,0,1,20.068073,0,0,0,0
58.3065,,0.443941,0.443941,0.444883,0.012051,0.000000,0.000000,0.000000,0,1,0,1,20.067896,0,0,0,0
58.3264,,0.443941,0.443941,0.444883,0.012051,0.000000,0.000000,0.000000,0,1,0,1,20.247069,0,0,0,0
58.3464,,0.443941,0.443941,0.444883,0.012051,0.000000,0.000000,0.000000,0,1,0,1,20.281175,0,0,0,0
58.3665,,0.443941,0.443941,0.444883,0.012051,0.000000,0.000000,0.000000,0,1,0,1,20.089987,0,0,0,0
58.3864,,0.443941,0.443941,0.444883,0.012051,0.000000,0.000000,0.000000,0,1,0,1,20.067257,0,0,0,0
58.4065,,0.443941,0.443941,0.444883,0.012051,0.000000,0.000000,0.000000,0,1,0,1,20.059268,0,0,0,0
58.4275,,0.443941,0.443941,0.444883,0.012051,0.000000,0.000000,0.000000,0,1,0,1,20.258297,0,0,0,0
58.4474,,0.443941,0.443941,0.444883,0.012051,0.000000,0.000000,0.000000,0,1,0,1,20.061602,0,0,0,0
58.4675,,0.443941,0.443941,0.444883,0.012051,0.000000,0.000000,0.000000,0,1,0,1,20.130320,0,0,0,0
58.4875,,0.443941,0.443941,0.444883,0.012051,0.000000,0.000000,0.000000,0,1,0,1,20.086636,0,0,0,0
58.5074,,0.443941,0.443941,0.444883,0.012051,0.000000,0.000000,0.000000,0,1,0,1,20.062544,0,0,0,0
58.5274,,0.443941,0.443941,0.444883,0.012051,0.000000,0.000000,0.000000,0,1,0,1,20.094731,0,0,0,0
58.5474,,0.443941,0.443941,0.444883,0.012051,0.000000,0.000000,0.000000,0,1,0,1,20.087192,0,0,0,0
58.5675,,0.443941,0.443941,0.444883,0.012051,0.000000,0.000000,0.000000,0,1,0,1,20.065891,0,0,0,0
58.5875,,0.443941,0.443941,0.444883,0.012051,0.000000,0.000000,0.000000,0,1,0,1,20.050508,0,0,0,0
58.6074,,0.443941,0.443941,0.444883,0.012051,0.000000,0.000000,0.000000,0,1,0,1,20.104019,0,0,0,0
58.6274,,0.443941,0.443941,0.444883,0.012051,0.000000,0.000000,0.000000,0,1,0,1,20.074006,0,0,0,0
58.6475,,0.443941,0.443941,0.444883,0.012051,0.000000,0.000000,0.000000,0,1,0,1,20.071859,0,0,0,0
58.6687,,0.443941,0.443941,0.444883,0.012051,0.000000,0.000000,0.000000,0,1,0,1,20.099543,0,0,0,0
58.6885,,0.443941,0.443941,0.444883,0.012051,0.000000,0.000000,0.000000,0,1,0,1,20.077334,0,0,0,0
58.7084,,0.443941,0.443941,0.444883,0.012051,0.000000,0.000000,0.000000,0,1,0,1,20.065857,0,0,0,0
58.7287,,0.443941,0.443941,0.444883,0.012051,0.000000,0.000000,0.000000,0,1,0,1,20.097627,0,0,0,0
58.7487,,0.443941,0.443941,0.444883,0.012051,0.000000,0.000000,0.000000,0,1,0,1,20.213793,0,0,0,0
58.7686,,0.443941,0.443941,0.444883,0.012051,0.000000,0.000000,0.000000,0,1,0,1,20.306707,0,0,0,0
58.7896,,0.443941,0.443941,0.444883,0.012051,0.000000,0.000000,0.000000,0,1,0,1,20.245489,0,0,0,0
58.8094,,0.443941,0.443941,0.444883,0.012051,0.000000,0.000000,0.000000,0,1,0,1,20.185336,0,0,0,0
58.8296,,0.443941,0.443941,0.444883,0.012051,0.000000,0.000000,0.000000,0,1,0,1,20.109925,0,0,0,0
58.8495,,0.443941,0.443941,0.444883,0.012051,0.000000,0.000000,0.000000,0,1,0,1,20.082041,0,0,0,0
58.8695,,0.443941,0.443941,0.444883,0.012051,0.000000,0.000000,0.000000,0,1,0,1,20.189655,0,0,0,0
58.8895,,0.443941,0.443941,0.444883,0.012051,0.000000,0.000000,0.000000,0,1,0,1,20.038515,0,0,0,0
58.9095,,0.443941,0.443941,0.444883,0.012051,0.000000,0.000000,0.000000,0,1,0,1,20.090565,0,0,0,0
58.9295,,0.443941,0.443941,0.444883,0.012051,0.000000,0.000000,0.000000,0,1,0,1,20.076224,0,0,0,0
58.9495,,0.443941,0.443941,0.444883,0.012051,0.000000,0.000000,0.000000,0,1,0,1,20.068266,0,0,0,0
58.9694,,0.443941,0.443941,0.444883,0.012051,0.000000,0.000000,0.000000,0,1,0,1,20.071471,0,0,0,0
58.9895,,0.443941,0.443941,0.444883,0.012051,0.000000,0.000000,0.000000,0,1,0,1,20.042998,0,0,0,0
59.0105,,0.443941,0.443941,0.444883,0.012051,0.000000,0.000000,0.000000,0,1,0,1,20.074228,0,0,0,0
59.0305,,0.443941,0.443941,0.444883,0.012051,0.000000,0.000000,0.000000,0,1,0,1,20.090386,0,0,0,0
59.0505,,0.443941,0.443941,0.444883,0.012051,0.000000,0.000000,0.000000,0,1,0,1,20.061440,0,0,0,0
59.0705,,0.443941,0.443941,0.444883,0.012051,0.000000,0.000000,0.000000,0,1,0,1,20.060849,0,0,0,0
59.0905,,0.443941,0.443941,0.444883,0.012051,0.000000,0.000000,0.000000,0,1,0,1,20.081782,0,0,0,0
59.1105,,0.443941,0.443941,0.444883,0.012051,0.000000,0.000000,0.000000,0,1,0,1,20.075976,0,0,0,0
59.1304,,0.443941,0.443941,0.444883,0.012051,0.000000,0.000000,0.000000,0,1,0,1,20.096686,0,0,0,0
59.1515,,0.443941,0.443941,0.444883,0.012051,0.000000,0.000000,0.000000,0,1,0,1,20.214448,0,0,0,0
59.1716,,0.443941,0.443941,0.444883,0.012051,0.000000,0.000000,0.000000,0,1,0,1,20.457671,0,0,0,0
59.1916,,0.443941,0.443941,0.444883,0.012051,0.000000,0.000000,0.000000,0,1,0,1,20.130849,0,0,0,0
59.2116,,0.443941,0.443941,0.444883,0.012051,0.000000,0.000000,0.000000,0,1,0,1,20.228598,0,0,0,0
59.2317,,0.443941,0.443941,0.444883,0.012051,0.000000,0.000000,0.000000,0,1,0,1,20.235682,0,0,0,0
59.2517,,0.443941,0.443941,0.444883,0.012051,0.000000,0.000000,0.000000,0,1,0,1,20.179157,0,0,0,0
59.2725,,0.443941,0.443941,0.444883,0.012051,0.000000,0.000000,0.000000,0,1,0,1,20.200361,0,0,0,0
59.2925,,0.443941,0.443941,0.444883,0.012051,0.000000,0.000000,0.000000,0,1,0,1,20.371249,0,0,0,0
59.3126,,0.443941,0.443941,0.444883,0.012051,0.000000,0.000000,0.000000,0,1,0,1,20.295922,0,0,0,0
59.3335,,0.443941,0.443941,0.444883,0.012051,0.000000,0.000000,0.000000,0,1,0,1,20.226626,0,0,0,0
59.3536,,0.443941,0.443941,0.444883,0.012051,0.000000,0.000000,0.000000,0,1,0,1,20.170583,0,0,0,0
59.3735,,0.443941,0.443941,0.444883,0.012051,0.000000,0.000000,0.000000,0,1,0,1,20.160580,0,0,0,0
59.3935,,0.443941,0.443941,0.444883,0.012051,0.000000,0.000000,0.000000,0,1,0,1,20.185175,0,0,0,0
59.4135,,0.443941,0.443941,0.444883,0.012051,0.000000,0.000000,0.000000,0,1,0,1,20.248507,0,0,0,0
59.4334,,0.443941,0.443941,0.444883,0.012051,0.000000,0.000000,0.000000,0,1,0,1,20.101261,0,0,0,0
59.4544,,0.443941,0.443941,0.444883,0.012051,0.000000,0.000000,0.000000,0,1,0,1,20.181658,0,0,0,0
59.4744,,0.443941,0.443941,0.444883,0.012051,0.000000,0.000000,0.000000,0,1,0,1,20.116303,0,0,0,0
59.4945,,0.443941,0.443941,0.444883,0.012051,0.000000,0.000000,0.000000,0,1,0,1,20.168838,0,0,0,0
59.5145,,0.443941,0.443941,0.444883,0.012051,0.000000,0.000000,0.000000,0,1,0,1,20.299165,0,0,0,0
59.5346,,0.443941,0.443941,0.444883,0.012051,0.000000,0.000000,0.000000,0,1,0,1,20.173983,0,0,0,0
59.5554,,0.443941,0.443941,0.444883,0.012051,0.000000,0.000000,0.000000,0,1,0,1,20.174114,0,0,0,0
59.5754,,0.443941,0.443941,0.444883,0.012051,0.000000,0.000000,0.000000,0,1,0,1,20.158527,0,0,0,0
59.5955,,0.443941,0.443941,0.444883,0.012051,0.000000,0.000000,0.000000,0,1,0,1,20.194745,0,0,0,0
59.6154,,0.443941,0.443941,0.444883,0.012051,0.000000,0.000000,0.000000,0,1,0,1,20.190461,0,0,0,0
59.6355,,0.443941,0.443941,0.444883,0.012051,0.000000,0.000000,0.000000,0,1,0,1,20.238965,0,0,0,0
59.6554,,0.443941,0.443941,0.444883,0.012051,0.000000,0.000000,0.000000,0,1,0,1,20.080702,0,0,0,0
59.6766,,0.443941,0.443941,0.444883,0.012051,0.000000,0.000000,0.000000,0,1,0,1,20.194641,0,0,0,0
59.6965,,0.443941,0.443941,0.444883,0.012051,0.000000,0.000000,0.000000,0,1,0,1,20.123754,0,0,0,0
59.7168,,0.443941,0.443941,0.444883,0.012051,0.000000,0.000000,0.000000,0,1,0,1,20.178076,0,0,0,0
59.7364,,0.443941,0.443941,0.444883,0.012051,0.000000,0.000000,0.000000,0,1,0,1,20.079550,0,0,0,0
59.7568,,0.443941,0.443941,0.444883,0.012051,0.000000,0.000000,0.000000,0,1,0,1,20.080174,0,0,0,0
59.7766,,0.443941,0.443941,0.444883,0.012051,0.000000,0.000000,0.000000,0,1,0,1,20.295024,0,0,0,0
59.7965,,0.443941,0.443941,0.444883,0.012051,0.000000,0.000000,0.000000,0,1,0,1,20.082096,0,0,0,0
59.8177,,0.443941,0.443941,0.444883,0.012051,0.000000,0.000000,0.000000,0,1,0,1,20.252831,0,0,0,0
59.8376,,0.443941,0.443941,0.444883,0.012051,0.000000,0.000000,0.000000,0,1,0,1,20.214193,0,0,0,0
59.8575,,0.443941,0.443941,0.444883,0.012051,0.000000,0.000000,0.000000,0,1,0,1,20.088634,0,0,0,0
59.8775,,0.443941,0.443941,0.444883,0.012051,0.000000,0.000000,0.000000,0,1,0,1,20.092368,0,0,0,0
59.8975,,0.443941,0.443941,0.444883,0.012051,0.000000,0.000000,0.000000,0,1,0,1,20.070560,0,0,0,0
59.9175,,0.443941,0.443941,0.444883,0.012051,0.000000,0.000000,0.000000,0,1,0,1,20.074124,0,0,0,0
59.9379,,0.443941,0.443941,0.444883,0.012051,0.000000,0.000000,0.000000,0,1,0,1,20.075098,0,0,0,0
59.9576,,0.443941,0.443941,0.444883,0.012051,0.000000,0.000000,0.000000,0,1,0,1,20.166930,0,0,0,0
59.9786,,0.443941,0.443941,0.444883,0.012051,0.000000,0.000000,0.000000,0,1,0,1,20.177124,0,0,0,0
59.9987,,0.443941,0.443941,0.444883,0.012051,0.000000,0.000000,0.000000,0,1,0,1,20.134576,0,0,0,0
60.0186,,0.443941,0.443941,0.444883,0.012051,0.000000,0.000000,0.000000,0,1,0,1,20.162893,0,0,0,0
60.0387,,0.443941,0.443941,0.444883,0.012051,0.000000,0.000000,0.000000,0,1,0,1,20.093498,0,0,0,0
60.0585,,0.443941,0.443941,0.444883,0.012051,0.000000,0.000000,0.000000,0,1,0,1,20.113306,0,0,0,0
60.0786,,0.443941,0.443941,0.444883,0.012051,0.000000,0.000000,0.000000,0,1,0,1,20.083916,0,0,0,0
60.0985,,0.443941,0.443941,0.444883,0.012051,0.000000,0.000000,0.000000,0,1,0,1,20.078795,0,0,0,0
60.1185,,0.443941,0.443941,0.444883,0.012051,0.000000,0.000000,0.000000,0,1,0,1,20.066234,0,0,0,0
60.1385,,0.443941,0.443941,0.444883,0.012051,0.000000,0.000000,0.000000,0,1,0,1,20.097666,0,0,0,0
60.1595,,0.443941,0.443941,0.444883,0.012051,0.000000,0.000000,0.000000,0,1,0,1,20.107950,0,0,0,0
60.1795,,0.443941,0.443941,0.444883,0.012051,0.000000,0.000000,0.000000,0,1,0,1,20.168599,0,0,0,0
60.1996,,0.443941,0.443941,0.444883,0.012051,0.000000,0.000000,0.000000,0,1,0,1,20.164864,0,0,0,0
60.2196,,0.443941,0.443941,0.444883,0.012051,0.000000,0.000000,0.000000,0,1,0,1,20.181237,0,0,0,0
60.2395,,0.443941,0.443941,0.444883,0.012051,0.000000,0.000000,0.000000,0,1,0,1,20.260096,0,0,0,0
60.2606,,0.443941,0.443941,0.444883,0.012051,0.000000,0.000000,0.000000,0,1,0,1,20.205531,0,0,0,0
60.2807,,0.443941,0.443941,0.444883,0.012051,0.000000,0.000000,0.000000,0,1,0,1,20.081869,0,0,0,0
60.3006,,0.443941,0.443941,0.444883,0.012051,0.000000,0.000000,0.000000,0,1,0,1,20.158488,0,0,0,0
60.3205,,0.443941,0.443941,0.444883,0.012051,0.000000,0.000000,0.000000,0,1,0,1,20.070176,0,0,0,0
60.3405,,0.443941,0.443941,0.444883,0.012051,0.000000,0.000000,0.000000,0,1,0,1,20.111826,0,0,0,0
60.3605,,0.443941,0.443941,0.444883,0.012051,0.000000,0.000000,0.000000,0,1,0,1,20.099694,0,0,0,0
60.3805,,0.443941,0.443941,0.444883,0.012051,0.000000,0.000000,0.000000,0,1,0,1,20.100955,0,0,0,0
60.4004,,0.443941,0.443941,0.444883,0.012051,0.000000,0.000000,0.000000,0,1,0,1,20.071463,0,0,0,0
60.4207,,0.443941,0.443941,0.444883,0.012051,0.000000,0.000000,0.000000,0,1,0,1,20.120020,0,0,0,0
60.4416,,0.443941,0.443941,0.444883,0.012051,0.000000,0.000000,0.000000,0,1,0,1,20.172944,0,0,0,0
60.4615,,0.443941,0.443941,0.444883,0.012051,0.000000,0.000000,0.000000,0,1,0,1,20.122065,0,0,0,0
60.4815,,0.443941,0.443941,0.444883,0.012051,0.000000,0.000000,0.000000,0,1,0,1,20.075458,0,0,0,0
60.5016,,0.443941,0.443941,0.444883,0.012051,0.000000,0.000000,0.000000,0,1,0,1,20.072790,0,0,0,0
60.5215,,0.443941,0.443941,0.444883,0.012051,0.000000,0.000000,0.000000,0,1,0,1,20.112817,0,0,0,0
60.5416,,0.443941,0.443941,0.444883,0.012051,0.000000,0.000000,0.000000,0,1,0,1,20.071903,0,0,0,0
60.5617,,0.443941,0.443941,0.444883,0.012051,0.000000,0.000000,0.000000,0,1,0,1,20.106974,0,0,0,0
60.5815,,0.443941,0.443941,0.444883,0.012051,0.000000,0.000000,0.000000,0,1,0,1,20.336780,0,0,0,0
60.6025,,0.443941,0.443941,0.444883,0.012051,0.000000,0.000000,0.000000,0,1,0,1,20.073211,0,0,0,0
60.6226,,0.443941,0.443941,0.444883,0.012051,0.000000,0.000000,0.000000,0,1,0,1,20.231954,0,0,0,0
60.6425,,0.443941,0.443941,0.444883,0.012051,0.000000,0.000000,0.000000,0,1,0,1,20.169401,0,0,0,0
60.6625,,0.443941,0.443941,0.444883,0.012051,0.000000,0.000000,0.000000,0,1,0,1,20.069672,0,0,0,0
60.6824,,0.443941,0.443941,0.444883,0.012051,0.000000,0.000000,0.000000,0,1,0,1,20.100334,0,0,0,0
60.7024,,0.443941,0.443941,0.444883,0.012051,0.000000,0.000000,0.000000,0,1,0,1,20.070677,0,0,0,0
60.7227,,0.443941,0.443941,0.444883,0.012051,0.000000,0.000000,0.000000,0,1,0,1,20.034115,0,0,0,0
60.7426,,0.443941,0.443941,0.444883,0.012051,0.000000,0.000000,0.000000,0,1,0,1,20.066501,0,0,0,0
60.7625,,0.443941,0.443941,0.444883,0.012051,0.000000,0.000000,0.000000,0,1,0,1,20.099860,0,0,0,0
60.7835,,0.443941,0.443941,0.444883,0.012051,0.000000,0.000000,0.000000,0,1,0,1,20.203202,0,0,0,0
60.8036,,0.443941,0.443941,0.444883,0.012051,0.000000,0.000000,0.000000,0,1,0,1,20.214856,0,0,0,0
60.8235,,0.443941,0.443941,0.444883,0.012051,0.000000,0.000000,0.000000,0,1,0,1,20.188468,0,0,0,0
60.8436,,0.443941,0.443941,0.444883,0.012051,0.000000,0.000000,0.000000,0,1,0,1,20.204648,0,0,0,0
60.8636,,0.443941,0.443941,0.444883,0.012051,0.000000,0.000000,0.000000,0,1,0,1,20.152633,0,0,0,0
60.8845,,0.443941,0.443941,0.444883,0.012051,0.000000,0.000000,0.000000,0,1,0,1,20.194845,0,0,0,0
60.9045,,0.443941,0.443941,0.444883,0.012051,0.000000,0.000000,0.000000,0,1,0,1,20.264083,0,0,0,0
60.9245,,0.443941,0.443941,0.444883,0.012051,0.000000,0.000000,0.000000,0,1,0,1,20.194791,0,0,0,0
60.9445,,0.443941,0.443941,0.444883,0.012051,0.000000,0.000000,0.000000,0,1,0,1,20.205898,0,0,0,0
60.9645,,0.443941,0.443941,0.444883,0.012051,0.000000,0.000000,0.000000,0,1,0,1,20.116713,0,0,0,0
60.9845,,0.443941,0.443941,0.444883,0.012051,0.000000,0.000000,0.000000,0,1,0,1,20.089311,0,0,0,0
61.0056,,0.443941,0.443941,0.444883,0.012051,0.000000,0.000000,0.000000,0,1,0,1,20.189620,0,0,0,0
61.0255,,0.443941,0.443941,0.444883,0.012051,0.000000,0.000000,0.000000,0,1,0,1,20.228525,0,0,0,0
61.0457,,0.443941,0.443941,0.444883,0.012051,0.000000,0.000000,0.000000,0,1,0,1,20.211492,0,0,0,0
61.0655,,0.443941,0.443941,0.444883,0.012051,0.000000,0.000000,0.000000,0,1,0,1,20.268331,0,0,0,0
61.0854,,0.443941,0.443941,0.444883,0.012051,0.000000,0.000000,0.000000,0,1,0,1,20.076188,0,0,0,0
61.1054,,0.443941,0.443941,0.444883,0.012051,0.000000,0.000000,0.000000,0,1,0,1,20.074288,0,0,0,0
61.1265,,0.443941,0.443941,0.444883,0.012051,0.000000,0.000000,0.000000,0,1,0,1,20.075885,0,0,0,0
61.1466,,0.443941,0.443941,0.444883,0.012051,0.000000,0.000000,0.000000,0,1,0,1,20.093802,0,0,0,0
61.1665,,0.443941,0.443941,0.444883,0.012051,0.000000,0.000000,0.000000,0,1,0,1,20.131569,0,0,0,0
61.1865,,0.443941,0.443941,0.444883,0.012051,0.000000,0.000000,0.000000,0,1,0,1,20.183774,0,0,0,0
61.2065,,0.443941,0.443941,0.444883,0.012051,0.000000,0.000000,0.000000,0,1,0,1,20.349915,0,0,0,0
61.2265,,0.443941,0.443941,0.444883,0.012051,0.000000,0.000000,0.000000,0,1,0,1,20.188244,0,0,0,0
61.2474,,0.443941,0.443941,0.444883,0.012051,0.000000,0.000000,0.000000,0,1,0,1,20.192195,0,0,0,0
61.2675,,0.443941,0.443941,0.444883,0.012051,0.000000,0.000000,0.000000,0,1,0,1,20.190563,0,0,0,0
61.2876,,0.443941,0.443941,0.444883,0.012051,0.000000,0.000000,0.000000,0,1,0,1,20.225725,0,0,0,0
61.3075,,0.443941,0.443941,0.444883,0.012051,0.000000,0.000000,0.000000,0,1,0,1,20.220827,0,0,0,0
61.3276,,0.443941,0.443941,0.444883,0.012051,0.000000,0.000000,0.000000,0,1,0,1,20.195925,0,0,0,0
61.3484,,0.443941,0.443941,0.444883,0.012051,0.000000,0.000000,0.000000,0,1,0,1,20.088157,0,0,0,0
61.3686,,0.443941,0.443941,0.444883,0.012051,0.000000,0.000000,0.000000,0,1,0,1,20.193809,0,0,0,0
61.3886,,0.443941,0.443941,0.444883,0.012051,0.000000,0.000000,0.000000,0,1,0,1,20.188332,0,0,0,0
61.4086,,0.443941,0.443941,0.444883,0.012051,0.000000,0.000000,0.000000,0,1,0,1,20.191312,0,0,0,0
61.4284,,0.443941,0.443941,0.444883,0.012051,0.000000,0.000000,0.000000,0,1,0,1,20.089440,0,0,0,0
61.4484,,0.443941,0.443941,0.444883,0.012051,0.000000,0.000000,0.000000,0,1,0,1,20.104860,0,0,0,0
61.4686,,0.443941,0.443941,0.444883,0.012051,0.000000,0.000000,0.000000,0,1,0,1,20.068677,0,0,0,0
61.4898,,0.443941,0.443941,0.444883,0.012051,0.000000,0.000000,0.000000,0,1,0,1,20.209622,0,0,0,0
61.5097,,0.443941,0.443941,0.444883,0.012051,0.000000,0.000000,0.000000,0,1,0,1,20.067454,0,0,0,0
61.5297,,0.443941,0.443941,0.444883,0.012051,0.000000,0.000000,0.000000,0,1,0,1,20.178935,0,0,0,0
61.5497,,0.443941,0.443941,0.444883,0.012051,0.000000,0.000000,0.000000,0,1,0,1,20.068776,0,0,0,0
61.5696,,0.443941,0.443941,0.444883,0.012051,0.000000,0.000000,0.000000,0,1,0,1,20.089981,0,0,0,0
61.5895,,0.443941,0.443941,0.444883,0.012051,0.000000,0.000000,0.000000,0,1,0,1,20.107067,0,0,0,0
61.6094,,0.443941,0.443941,0.444883,0.012051,0.000000,0.000000,0.000000,0,1,0,1,20.099058,0,0,0,0
61.6295,,0.443941,0.443941,0.444883,0.012051,0.000000,0.000000,0.000000,0,1,0,1,20.080676,0,0,0,0
61.6497,,0.443941,0.443941,0.444883,0.012051,0.000000,0.000000,0.000000,0,1,0,1,20.177147,0,0,0,0
61.6706,,0.443941,0.443941,0.444883,0.012051,0.000000,0.000000,0.000000,0,1,0,1,20.236274,0,0,0,0
61.6906,,0.443941,0.443941,0.444883,0.012051,0.000000,0.000000,0.000000,0,1,0,1,20.210839,0,0,0,0
61.7106,,0.443941,0.443941,0.444883,0.012051,0.000000,0.000000,0.000000,0,1,0,1,20.198336,0,0,0,0
61.7307,,0.443941,0.443941,0.444883,0.012051,0.000000,0.000000,0.000000,0,1,0,1,20.146682,0,0,0,0
61.7506,,0.443941,0.443941,0.444883,0.012051,0.000000,0.000000,0.000000,0,1,0,1,20.088906,0,0,0,0
61.7716,,0.443941,0.443941,0.444883,0.012051,0.000000,0.000000,0.000000,0,1,0,1,20.330019,0,0,0,0
61.7915,,0.443941,0.443941,0.444883,0.012051,0.000000,0.000000,0.000000,0,1,0,1,20.331511,0,0,0,0
61.8115,,0.443941,0.443941,0.444883,0.012051,0.000000,0.000000,0.000000,0,1,0,1,20.276870,0,0,0,0
61.8315,,0.443941,0.443941,0.444883,0.012051,0.000000,0.000000,0.000000,0,1,0,1,20.169877,0,0,0,0
61.8526,,0.443941,0.443941,0.444883,0.012051,0.000000,0.000000,0.000000,0,1,0,1,20.084897,0,0,0,0
61.8726,,0.443941,0.443941,0.444883,0.012051,0.000000,0.000000,0.000000,0,1,0,1,20.119133,0,0,0,0
61.8925,,0.443941,0.443941,0.444883,0.012051,0.000000,0.000000,0.000000,0,1,0,1,20.192369,0,0,0,0
61.9126,,0.443941,0.443941,0.444883,0.012051,0.000000,0.000000,0.000000,0,1,0,1,20.268554,0,0,0,0
61.9326,,0.443941,0.443941,0.444883,0.012051,0.000000,0.000000,0.000000,0,1,0,1,20.296366,0,0,0,0
61.9536,,0.443941,0.443941,0.444883,0.012051,0.000000,0.000000,0.000000,0,1,0,1,20.105901,0,0,0,0
61.9735,,0.443941,0.443941,0.444883,0.012051,0.000000,0.000000,0.000000,0,1,0,1,20.114590,0,0,0,0
61.9935,,0.443941,0.443941,0.444883,0.012051,0.000000,0.000000,0.000000,0,1,0,1,20.120104,0,0,0,0
62.0136,,0.443941,0.443941,0.444883,0.012051,0.000000,0.000000,0.000000,0,1,0,1,20.203215,0,0,0,0
62.0335,,0.443941,0.443941,0.444883,0.012051,0.000000,0.000000,0.000000,0,1,0,1,20.231057,0,0,0,0
62.0535,,0.443941,0.443941,0.444883,0.012051,0.000000,0.000000,0.000000,0,1,0,1,20.081223,0,0,0,0
62.0735,,0.443941,0.443941,0.444883,0.012051,0.000000,0.000000,0.000000,0,1,0,1,20.095390,0,0,0,0
62.0935,,0.443941,0.443941,0.444883,0.012051,0.000000,0.000000,0.000000,0,1,0,1,20.085457,0,0,0,0
62.1145,,0.443941,0.443941,0.444883,0.012051,0.000000,0.000000,0.000000,0,1,0,1,20.099304,0,0,0,0
62.1344,,0.443941,0.443941,0.444883,0.012051,0.000000,0.000000,0.000000,0,1,0,1,20.119153,0,0,0,0
62.1545,,0.443941,0.443941,0.444883,0.012051,0.000000,0.000000,0.000000,0,1,0,1,20.249757,0,0,0,0
62.1745,,0.443941,0.443941,0.444883,0.012051,0.000000,0.000000,0.000000,0,1,0,1,20.191017,0,0,0,0
62.1945,,0.443941,0.443941,0.444883,0.012051,0.000000,0.000000,0.000000,0,1,0,1,20.081130,0,0,0,0
62.2155,,0.443941,0.443941,0.444883,0.012051,0.000000,0.000000,0.000000,0,1,0,1,20.372599,0,0,0,0
62.2356,,0.443941,0.443941,0.444883,0.012051,0.000000,0.000000,0.000000,0,1,0,1,20.112823,0,0,0,0
62.2557,,0.443941,0.443941,0.444883,0.012051,0.000000,0.000000,0.000000,0,1,0,1,20.206713,0,0,0,0
62.2758,,0.443941,0.443941,0.444883,0.012051,0.000000,0.000000,0.000000,0,1,0,1,20.253247,0,0,0,0
62.2954,,0.443941,0.443941,0.444883,0.012051,0.000000,0.000000,0.000000,0,1,0,1,20.082012,0,0,0,0
62.3154,,0.443941,0.443941,0.444883,0.012051,0.000000,0.000000,0.000000,0,1,0,1,20.080526,0,0,0,0
62.3356,,0.443941,0.443941,0.444883,0.012051,0.000000,0.000000,0.000000,0,1,0,1,20.084088,0,0,0,0
62.3564,,0.443941,0.443941,0.444883,0.012051,0.000000,0.000000,0.000000,0,1,0,1,20.207330,0,0,0,0
62.3763,,0.443941,0.443941,0.444883,0.012051,0.000000,0.000000,0.000000,0,1,0,1,20.096191,0,0,0,0
62.3964,,0.443941,0.443941,0.444883,0.012051,0.000000,0.000000,0.000000,0,1,0,1,20.087920,0,0,0,0
62.4164,,0.443941,0.443941,0.444883,0.012051,0.000000,0.000000,0.000000,0,1,0,1,20.103119,0,0,0,0
62.4365,,0.443941,0.443941,0.444883,0.012051,0.000000,0.000000,0.000000,0,1,0,1,20.087245,0,0,0,0
62.4565,,0.443941,0.443941,0.444883,0.012051,0.000000,0.000000,0.000000,0,1,0,1,20.176511,0,0,0,0
62.4765,,0.443941,0.443941,0.444883,0.012051,0.000000,0.000000,0.000000,0,1,0,1,20.091088,0,0,0,0
62.4964,,0.443941,0.443941,0.444883,0.012051,0.000000,0.000000,0.000000,0,1,0,1,20.070402,0,0,0,0
62.5165,,0.443941,0.443941,0.444883,0.012051,0.000000,0.000000,0.000000,0,1,0,1,20.078304,0,0,0,0
62.5364,,0.443941,0.443941,0.444883,0.012051,0.000000,0.000000,0.000000,0,1,0,1,20.085131,0,0,0,0
62.5574,,0.443941,0.443941,0.444883,0.012051,0.000000,0.000000,0.000000,0,1,0,1,20.104192,0,0,0,0
62.5775,,0.443941,0.443941,0.444883,0.012051,0.000000,0.000000,0.000000,0,1,0,1,20.160963,0,0,0,0
62.5978,,0.443941,0.443941,0.444883,0.012051,0.000000,0.000000,0.000000,0,1,0,1,20.165764,0,0,0,0
62.6175,,0.443941,0.443941,0.444883,0.012051,0.000000,0.000000,0.000000,0,1,0,1,20.156793,0,0,0,0
62.6375,,0.443941,0.443941,0.444883,0.012051,0.000000,0.000000,0.000000,0,1,0,1,20.190407,0,0,0,0
62.6576,,0.443941,0.443941,0.444883,0.012051,0.000000,0.000000,0.000000,0,1,0,1,20.073446,0,0,0,0
62.6776,,0.443941,0.443941,0.444883,0.012051,0.000000,0.000000,0.000000,0,1,0,1,20.068683,0,0,0,0
62.6977,,0.443941,0.443941,0.444883,0.012051,0.000000,0.000000,0.000000,0,1,0,1,20.071329,0,0,0,0
62.7185,,0.443941,0.443941,0.444883,0.012051,0.000000,0.000000,0.000000,0,1,0,1,20.072700,0,0,0,0
62.7384,,0.443941,0.443941,0.444883,0.012051,0.000000,0.000000,0.000000,0,1,0,1,20.132608,0,0,0,0
62.7585,,0.443941,0.443941,0.444883,0.012051,0.000000,0.000000,0.000000,0,1,0,1,20.181422,0,0,0,0
62.7786,,0.443941,0.443941,0.444883,0.012051,0.000000,0.000000,0.000000,0,1,0,1,20.171676,0,0,0,0
62.7984,,0.443941,0.443941,0.444883,0.012051,0.000000,0.000000,0.000000,0,1,0,1,20.211181,0,0,0,0
62.8183,,0.443941,0.443941,0.444883,0.012051,0.000000,0.000000,0.000000,0,1,0,1,20.066687,0,0,0,0
62.8385,,0.443941,0.443941,0.444883,0.012051,0.000000,0.000000,0.000000,0,1,0,1,20.064761,0,0,0,0
62.8587,,0.443941,0.443941,0.444883,0.012051,0.000000,0.000000,0.000000,0,1,0,1,20.074310,0,0,0,0
62.8795,,0.443941,0.443941,0.444883,0.012051,0.000000,0.000000,0.000000,0,1,0,1,20.108339,0,0,0,0
62.8995,,0.443941,0.443941,0.444883,0.012051,0.000000,0.000000,0.000000,0,1,0,1,20.078361,0,0,0,0
62.9194,,0.443941,0.443941,0.444883,0.012051,0.000000,0.000000,0.000000,0,1,0,1,20.210390,0,0,0,0
62.9395,,0.443941,0.443941,0.444883,0.012051,0.000000,0.000000,0.000000,0,1,0,1,20.067500,0,0,0,0
62.9594,,0.443941,0.443941,0.444883,0.012051,0.000000,0.000000,0.000000,0,1,0,1,20.084990,0,0,0,0
62.9795,,0.443941,0.443941,0.444883,0.012051,0.000000,0.000000,0.000000,0,1,0,1,20.086743,0,0,0,0
62.9996,,0.443941,0.443941,0.444883,0.012051,0.000000,0.000000,0.000000,0,1,0,1,20.088296,0,0,0,0
63.0198,,0.443941,0.443941,0.444883,0.012051,0.000000,0.000000,0.000000,0,1,0,1,20.091488,0,0,0,0
63.0395,,0.443941,0.443941,0.444883,0.012051,0.000000,0.000000,0.000000,0,1,0,1,20.137601,0,0,0,0
63.0594,,0.443941,0.443941,0.444883,0.012051,0.000000,0.000000,0.000000,0,1,0,1,20.072104,0,0,0,0
63.0805,,0.443941,0.443941,0.444883,0.012051,0.000000,0.000000,0.000000,0,1,0,1,20.182999,0,0,0,0
63.1005,,0.443941,0.443941,0.444883,0.012051,0.000000,0.000000,0.000000,0,1,0,1,20.077217,0,0,0,0
63.1205,,0.443941,0.443941,0.444883,0.012051,0.000000,0.000000,0.000000,0,1,0,1,20.175580,0,0,0,0
63.1405,,0.443941,0.443941,0.444883,0.012051,0.000000,0.000000,0.000000,0,1,0,1,20.169430,0,0,0,0
63.1606,,0.443941,0.443941,0.444883,0.012051,0.000000,0.000000,0.000000,0,1,0,1,20.193711,0,0,0,0
63.1805,,0.443941,0.443941,0.444883,0.012051,0.000000,0.000000,0.000000,0,1,0,1,20.219351,0,0,0,0
63.2015,,0.443941,0.443941,0.444883,0.012051,0.000000,0.000000,0.000000,0,1,0,1,20.194202,0,0,0,0
63.2215,,0.443941,0.443941,0.444883,0.012051,0.000000,0.000000,0.000000,0,1,0,1,20.328333,0,0,0,0
63.2414,,0.443941,0.443941,0.444883,0.012051,0.000000,0.000000,0.000000,0,1,0,1,20.214295,0,0,0,0
63.2616,,0.443941,0.443941,0.444883,0.012051,0.000000,0.000000,0.000000,0,1,0,1,20.204845,0,0,0,0
63.2826,,0.443941,0.443941,0.444883,0.012051,0.000000,0.000000,0.000000,0,1,0,1,20.198002,0,0,0,0
63.3026,,0.443941,0.443941,0.444883,0.012051,0.000000,0.000000,0.000000,0,1,0,1,20.189925,0,0,0,0
63.3224,,0.443941,0.443941,0.444883,0.012051,0.000000,0.000000,0.000000,0,1,0,1,20.191028,0,0,0,0
63.3425,,0.443941,0.443941,0.444883,0.012051,0.000000,0.000000,0.000000,0,1,0,1,20.072617,0,0,0,0
63.3625,,0.443941,0.443941,0.444883,0.012051,0.000000,0.000000,0.000000,0,1,0,1,20.174167,0,0,0,0
63.3825,,0.443941,0.443941,0.444883,0.012051,0.000000,0.000000,0.000000,0,1,0,1,20.185210,0,0,0,0
63.4025,,0.443941,0.443941,0.444883,0.012051,0.000000,0.000000,0.000000,0,1,0,1,20.069346,0,0,0,0
63.4235,,0.443941,0.443941,0.444883,0.012051,0.000000,0.000000,0.000000,0,1,0,1,20.172461,0,0,0,0
63.4437,,0.443941,0.443941,0.444883,0.012051,0.000000,0.000000,0.000000,0,1,0,1,20.192546,0,0,0,0
63.4636,,0.443941,0.443941,0.444883,0.012051,0.000000,0.000000,0.000000,0,1,0,1,20.171975,0,0,0,0
63.4835,,0.443941,0.443941,0.444883,0.012051,0.000000,0.000000,0.000000,0,1,0,1,20.199399,0,0,0,0
63.5035,,0.443941,0.443941,0.444883,0.012051,0.000000,0.000000,0.000000,0,1,0,1,20.240967,0,0,0,0
63.5246,,0.443941,0.443941,0.444883,0.012051,0.000000,0.000000,0.000000,0,1,0,1,20.114250,0,0,0,0
63.5444,,0.443941,0.443941,0.444883,0.012051,0.000000,0.000000,0.000000,0,1,0,1,20.073954,0,0,0,0
63.5646,,0.443941,0.443941,0.444883,0.012051,0.000000,0.000000,0.000000,0,1,0,1,20.086078,0,0,0,0
63.5845,,0.443941,0.443941,0.444883,0.012051,0.000000,0.000000,0.000000,0,1,0,1,20.159321,0,0,0,0
63.6046,,0.443941,0.443941,0.444883,0.012051,0.000000,0.000000,0.000000,0,1,0,1,20.159600,0,0,0,0
63.6245,,0.443941,0.443941,0.444883,0.012051,0.000000,0.000000,0.000000,0,1,0,1,20.210994,0,0,0,0
63.6445,,0.443941,0.443941,0.444883,0.012051,0.000000,0.000000,0.000000,0,1,0,1,20.073760,0,0,0,0
63.6655,,0.443941,0.443941,0.444883,0.012051,0.000000,0.000000,0.000000,0,1,0,1,20.188701,0,0,0,0
63.6854,,0.443941,0.443941,0.444883,0.012051,0.000000,0.000000,0.000000,0,1,0,1,20.189985,0,0,0,0
63.7056,,0.443941,0.443941,0.444883,0.012051,0.000000,0.000000,0.000000,0,1,0,1,20.204821,0,0,0,0
63.7255,,0.443941,0.443941,0.444883,0.012051,0.000000,0.000000,0.000000,0,1,0,1,20.174296,0,0,0,0
63.7455,,0.443941,0.443941,0.444883,0.012051,0.000000,0.000000,0.000000,0,1,0,1,20.079042,0,0,0,0
63.7655,,0.443941,0.443941,0.444883,0.012051,0.000000,0.000000,0.000000,0,1,0,1,20.094355,0,0,0,0
63.7854,,0.443941,0.443941,0.444883,0.012051,0.000000,0.000000,0.000000,0,1,0,1,20.090955,0,0,0,0
63.8063,,0.443941,0.443941,0.444883,0.012051,0.000000,0.000000,0.000000,0,1,0,1,20.289289,0,0,0,0
63.8263,,0.443941,0.443941,0.444883,0.012051,0.000000,0.000000,0.000000,0,1,0,1,20.077623,0,0,0,0
63.8465,,0.443941,0.443941,0.444883,0.012051,0.000000,0.000000,0.000000,0,1,0,1,20.207045,0,0,0,0
63.8665,,0.443941,0.443941,0.444883,0.012051,0.000000,0.000000,0.000000,0,1,0,1,20.205097,0,0,0,0
63.8865,,0.443941,0.443941,0.444883,0.012051,0.000000,0.000000,0.000000,0,1,0,1,20.159549,0,0,0,0
63.9066,,0.443941,0.443941,0.444883,0.012051,0.000000,0.000000,0.000000,0,1,0,1,20.073553,0,0,0,0
63.9265,,0.443941,0.443941,0.444883,0.012051,0.000000,0.000000,0.000000,0,1,0,1,20.071909,0,0,0,0
63.9476,,0.443941,0.443941,0.444883,0.012051,0.000000,0.000000,0.000000,0,1,0,1,20.078168,0,0,0,0
63.9674,,0.443941,0.443941,0.444883,0.012051,0.000000,0.000000,0.000000,0,1,0,1,20.107472,0,0,0,0
63.9875,,0.443941,0.443941,0.444883,0.012051,0.000000,0.000000,0.000000,0,1,0,1,20.327219,0,0,0,0
64.0075,,0.443941,0.443941,0.444883,0.012051,0.000000,0.000000,0.000000,0,1,0,1,20.221875,0,0,0,0
64.0275,,0.443941,0.443941,0.444883,0.012051,0.000000,0.000000,0.000000,0,1,0,1,20.072979,0,0,0,0
64.0475,,0.443941,0.443941,0.444883,0.012051,0.000000,0.000000,0.000000,0,1,0,1,20.074700,0,0,0,0
64.0676,,0.443941,0.443941,0.444883,0.012051,0.000000,0.000000,0.000000,0,1,0,1,20.069990,0,0,0,0
64.0875,,0.443941,0.443941,0.444883,0.012051,0.000000,0.000000,0.000000,0,1,0,1,20.068404,0,0,0,0
64.1087,,0.443941,0.443941,0.444883,0.012051,0.000000,0.000000,0.000000,0,1,0,1,20.111550,0,0,0,0
64.1285,,0.443941,0.443941,0.444883,0.012051,0.000000,0.000000,0.000000,0,1,0,1,20.173752,0,0,0,0
64.1485,,0.443941,0.443941,0.444883,0.012051,0.000000,0.000000,0.000000,0,1,0,1,20.159702,0,0,0,0
64.1685,,0.443941,0.443941,0.444883,0.012051,0.000000,0.000000,0.000000,0,1,0,1,20.182611,0,0,0,0
64.1885,,0.443941,0.443941,0.444883,0.012051,0.000000,0.000000,0.000000,0,1,0,1,20.154876,0,0,0,0
64.2085,,0.443941,0.443941,0.444883,0.012051,0.000000,0.000000,0.000000,0,1,0,1,20.076001,0,0,0,0
64.2295,,0.443941,0.443941,0.444883,0.012051,0.000000,0.000000,0.000000,0,1,0,1,20.232418,0,0,0,0
64.2496,,0.443941,0.443941,0.444883,0.012051,0.000000,0.000000,0.000000,0,1,0,1,20.247023,0,0,0,0
64.2697,,0.443941,0.443941,0.444883,0.012051,0.000000,0.000000,0.000000,0,1,0,1,20.248052,0,0,0,0
64.2895,,0.443941,0.443941,0.444883,0.012051,0.000000,0.000000,0.000000,0,1,0,1,20.163638,0,0,0,0
64.3096,,0.443941,0.443941,0.444883,0.012051,0.000000,0.000000,0.000000,0,1,0,1,20.104721,0,0,0,0
64.3295,,0.443941,0.443941,0.444883,0.012051,0.000000,0.000000,0.000000,0,1,0,1,20.207998,0,0,0,0
64.3505,,0.443941,0.443941,0.444883,0.012051,0.000000,0.000000,0.000000,0,1,0,1,20.102664,0,0,0,0
64.3705,,0.443941,0.443941,0.444883,0.012051,0.000000,0.000000,0.000000,0,1,0,1,20.087055,0,0,0,0
64.3904,,0.443941,0.443941,0.444883,0.012051,0.000000,0.000000,0.000000,0,1,0,1,20.104025,0,0,0,0
64.4106,,0.443941,0.443941,0.444883,0.012051,0.000000,0.000000,0.000000,0,1,0,1,20.222683,0,0,0,0
64.4305,,0.443941,0.443941,0.444883,0.012051,0.000000,0.000000,0.000000,0,1,0,1,20.268629,0,0,0,0
64.4506,,0.443941,0.443941,0.444883,0.012051,0.000000,0.000000,0.000000,0,1,0,1,20.087970,0,0,0,0
64.4715,,0.443941,0.443941,0.444883,0.012051,0.000000,0.000000,0.000000,0,1,0,1,20.293949,0,0,0,0
64.4915,,0.443941,0.443941,0.444883,0.012051,0.000000,0.000000,0.000000,0,1,0,1,20.155819,0,0,0,0
64.5115,,0.443941,0.443941,0.444883,0.012051,0.000000,0.000000,0.000000,0,1,0,1,20.095312,0,0,0,0
64.5315,,0.443941,0.443941,0.444883,0.012051,0.000000,0.000000,0.000000,0,1,0,1,20.085636,0,0,0,0
64.5516,,0.443941,0.443941,0.444883,0.012051,0.000000,0.000000,0.000000,0,1,0,1,20.185845,0,0,0,0
64.5716,,0.443941,0.443941,0.444883,0.012051,0.000000,0.000000,0.000000,0,1,0,1,20.077420,0,0,0,0
64.5915,,0.443941,0.443941,0.444883,0.012051,0.000000,0.000000,0.000000,0,1,0,1,20.069188,0,0,0,0
64.6116,,0.443941,0.443941,0.444883,0.012051,0.000000,0.000000,0.000000,0,1,0,1,20.068973,0,0,0,0
64.6315,,0.443941,0.443941,0.444883,0.012051,0.000000,0.000000,0.000000,0,1,0,1,20.110602,0,0,0,0
64.6526,,0.443941,0.443941,0.444883,0.012051,0.000000,0.000000,0.000000,0,1,0,1,20.184572,0,0,0,0
64.6726,,0.443941,0.443941,0.444883,0.012051,0.000000,0.000000,0.000000,0,1,0,1,20.164586,0,0,0,0
64.6926,,0.443941,0.443941,0.444883,0.012051,0.000000,0.000000,0.000000,0,1,0,1,20.104592,0,0,0,0
64.7125,,0.443941,0.443941,0.444883,0.012051,0.000000,0.000000,0.000000,0,1,0,1,20.220930,0,0,0,0
64.7325,,0.443941,0.443941,0.444883,0.012051,0.000000,0.000000,0.000000,0,1,0,1,20.119553,0,0,0,0
64.7524,,0.443941,0.443941,0.444883,0.012051,0.000000,0.000000,0.000000,0,1,0,1,20.084685,0,0,0,0
64.7736,,0.443941,0.443941,0.444883,0.012051,0.000000,0.000000,0.000000,0,1,0,1,20.288616,0,0,0,0
64.7936,,0.443941,0.443941,0.444883,0.012051,0.000000,0.000000,0.000000,0,1,0,1,20.221421,0,0,0,0
64.8137,,0.443941,0.443941,0.444883,0.012051,0.000000,0.000000,0.000000,0,1,0,1,20.205709,0,0,0,0
64.8336,,0.443941,0.443941,0.444883,0.012051,0.000000,0.000000,0.000000,0,1,0,1,20.188922,0,0,0,0
64.8536,,0.443941,0.443941,0.444883,0.012051,0.000000,0.000000,0.000000,0,1,0,1,20.077750,0,0,0,0
64.8747,,0.443941,0.443941,0.444883,0.012051,0.000000,0.000000,0.000000,0,1,0,1,20.239277,0,0,0,0
64.8946,,0.443941,0.443941,0.444883,0.012051,0.000000,0.000000,0.000000,0,1,0,1,20.129555,0,0,0,0
64.9146,,0.443941,0.443941,0.444883,0.012051,0.000000,0.000000,0.000000,0,1,0,1,20.195999,0,0,0,0
64.9346,,0.443941,0.443941,0.444883,0.012051,0.000000,0.000000,0.000000,0,1,0,1,20.198477,0,0,0,0
64.9546,,0.443941,0.443941,0.444883,0.012051,0.000000,0.000000,0.000000,0,1,0,1,20.195051,0,0,0,0
64.9746,,0.443941,0.443941,0.444883,0.012051,0.000000,0.000000,0.000000,0,1,0,1,20.078275,0,0,0,0
64.9956,,0.443941,0.443941,0.444883,0.012051,0.000000,0.000000,0.000000,0,1,0,1,20.202849,0,0,0,0
65.0156,,0.443941,0.443941,0.444883,0.012051,0.000000,0.000000,0.000000,0,1,0,1,20.193812,0,0,0,0
65.0356,,0.443941,0.443941,0.444883,0.012051,0.000000,0.000000,0.000000,0,1,0,1,20.195071,0,0,0,0
65.0556,,0.443941,0.443941,0.444883,0.012051,0.000000,0.000000,0.000000,0,1,0,1,20.125267,0,0,0,0
65.0756,,0.443941,0.443941,0.444883,0.012051,0.000000,0.000000,0.000000,0,1,0,1,20.078835,0,0,0,0
65.0966,,0.443941,0.443941,0.444883,0.012051,0.000000,0.000000,0.000000,0,1,0,1,20.315272,0,0,0,0
65.1166,,0.443941,0.443941,0.444883,0.012051,0.000000,0.000000,0.000000,0,1,0,1,20.244619,0,0,0,0
65.1366,,0.443941,0.443941,0.444883,0.012051,0.000000,0.000000,0.000000,0,1,0,1,20.181711,0,0,0,0
65.1566,,0.443941,0.443941,0.444883,0.012051,0.000000,0.000000,0.000000,0,1,0,1,20.260333,0,0,0,0
65.1766,,0.443941,0.443941,0.444883,0.012051,0.000000,0.000000,0.000000,0,1,0,1,20.185816,0,0,0,0
65.1975,,0.443941,0.443941,0.444883,0.012051,0.000000,0.000000,0.000000,0,1,0,1,20.249096,0,0,0,0
65.2175,,0.443941,0.443941,0.444883,0.012051,0.000000,0.000000,0.000000,0,1,0,1,20.217065,0,0,0,0
65.2376,,0.443941,0.443941,0.444883,0.012051,0.000000,0.000000,0.000000,0,1,0,1,20.218973,0,0,0,0
65.2576,,0.443941,0.443941,0.444883,0.012051,0.000000,0.000000,0.000000,0,1,0,1,20.240582,0,0,0,0
65.2775,,0.443941,0.443941,0.444883,0.012051,0.000000,0.000000,0.000000,0,1,0,1,20.084139,0,0,0,0
65.2986,,0.443941,0.443941,0.444883,0.012051,0.000000,0.000000,0.000000,0,1,0,1,20.220248,0,0,0,0
65.3187,,0.443941,0.443941,0.444883,0.012051,0.000000,0.000000,0.000000,0,1,0,1,20.209897,0,0,0,0
65.3386,,0.443941,0.443941,0.444883,0.012051,0.000000,0.000000,0.000000,0,1,0,1,20.251158,0,0,0,0
65.3585,,0.443941,0.443941,0.444883,0.012051,0.000000,0.000000,0.000000,0,1,0,1,20.099491,0,0,0,0
65.3785,,0.443941,0.443941,0.444883,0.012051,0.000000,0.000000,0.000000,0,1,0,1,20.069354,0,0,0,0
65.3986,,0.443941,0.443941,0.444883,0.012051,0.000000,0.000000,0.000000,0,1,0,1,20.080979,0,0,0,0
65.4185,,0.443941,0.443941,0.444883,0.012051,0.000000,0.000000,0.000000,0,1,0,1,20.102676,0,0,0,0
65.4395,,0.443941,0.443941,0.444883,0.012051,0.000000,0.000000,0.000000,0,1,0,1,20.102436,0,0,0,0
65.4595,,0.443941,0.443941,0.444883,0.012051,0.000000,0.000000,0.000000,0,1,0,1,20.110302,0,0,0,0
65.4795,,0.443941,0.443941,0.444883,0.012051,0.000000,0.000000,0.000000,0,1,0,1,20.077864,0,0,0,0
65.4995,,0.443941,0.443941,0.444883,0.012051,0.000000,0.000000,0.000000,0,1,0,1,20.077675,0,0,0,0
65.5196,,0.443941,0.443941,0.444883,0.012051,0.000000,0.000000,0.000000,0,1,0,1,20.074508,0,0,0,0
65.5395,,0.443941,0.443941,0.444883,0.012051,0.000000,0.000000,0.000000,0,1,0,1,20.069885,0,0,0,0
65.5596,,0.443941,0.443941,0.444883,0.012051,0.000000,0.000000,0.000000,0,1,0,1,20.070822,0,0,0,0
65.5795,,0.443941,0.443941,0.444883,0.012051,0.000000,0.000000,0.000000,0,1,0,1,20.210716,0,0,0,0
65.5995,,0.443941,0.443941,0.444883,0.012051,0.000000,0.000000,0.000000,0,1,0,1,20.213459,0,0,0,0
65.6205,,0.443941,0.443941,0.444883,0.012051,0.000000,0.000000,0.000000,0,1,0,1,20.171403,0,0,0,0
65.6406,,0.443941,0.443941,0.444883,0.012051,0.000000,0.000000,0.000000,0,1,0,1,20.113606,0,0,0,0
65.6606,,0.443941,0.443941,0.444883,0.012051,0.000000,0.000000,0.000000,0,1,0,1,20.088052,0,0,0,0
65.6807,,0.443941,0.443941,0.444883,0.012051,0.000000,0.000000,0.000000,0,1,0,1,20.266731,0,0,0,0
65.7006,,0.443941,0.443941,0.444883,0.012051,0.000000,0.000000,0.000000,0,1,0,1,20.300465,0,0,0,0
65.7217,,0.443941,0.443941,0.444883,0.012051,0.000000,0.000000,0.000000,0,1,0,1,20.138660,0,0,0,0
65.7418,,0.443941,0.443941,0.444883,0.012051,0.000000,0.000000,0.000000,0,1,0,1,20.337427,0,0,0,0
65.7615,,0.443941,0.443941,0.444883,0.012051,0.000000,0.000000,0.000000,0,1,0,1,20.208376,0,0,0,0
65.7815,,0.443941,0.443941,0.444883,0.012051,0.000000,0.000000,0.000000,0,1,0,1,20.335682,0,0,0,0
65.8016,,0.443941,0.443941,0.444883,0.012051,0.000000,0.000000,0.000000,0,1,0,1,20.074406,0,0,0,0
65.8226,,0.443941,0.443941,0.444883,0.012051,0.000000,0.000000,0.000000,0,1,0,1,20.201920,0,0,0,0
65.8424,,0.443941,0.443941,0.444883,0.012051,0.000000,0.000000,0.000000,0,1,0,1,20.257437,0,0,0,0
65.8624,,0.443941,0.443941,0.444883,0.012051,0.000000,0.000000,0.000000,0,1,0,1,20.090506,0,0,0,0
65.8824,,0.443941,0.443941,0.444883,0.012051,0.000000,0.000000,0.000000,0,1,0,1,20.128302,0,0,0,0
65.9027,,0.443941,0.443941,0.444883,0.012051,0.000000,0.000000,0.000000,0,1,0,1,20.067383,0,0,0,0
65.9226,,0.443941,0.443941,0.444883,0.012051,0.000000,0.000000,0.000000,0,1,0,1,20.181651,0,0,0,0
65.9426,,0.443941,0.443941,0.444883,0.012051,0.000000,0.000000,0.000000,0,1,0,1,20.112692,0,0,0,0
65.9637,,0.443941,0.443941,0.444883,0.012051,0.000000,0.000000,0.000000,0,1,0,1,20.071899,0,0,0,0
65.9834,,0.443941,0.443941,0.444883,0.012051,0.000000,0.000000,0.000000,0,1,0,1,20.112815,0,0,0,0
66.0035,,0.443941,0.443941,0.444883,0.012051,0.000000,0.000000,0.000000,0,1,0,1,20.063232,0,0,0,0
66.0235,,0.443941,0.443941,0.444883,0.012051,0.000000,0.000000,0.000000,0,1,0,1,20.090464,0,0,0,0
66.0436,,0.443941,0.443941,0.444883,0.012051,0.000000,0.000000,0.000000,0,1,0,1,20.105062,0,0,0,0
66.0635,,0.443941,0.443941,0.444883,0.012051,0.000000,0.000000,0.000000,0,1,0,1,20.179155,0,0,0,0
66.0835,,0.443941,0.443941,0.444883,0.012051,0.000000,0.000000,0.000000,0,1,0,1,20.081808,0,0,0,0
66.1036,,0.443941,0.443941,0.444883,0.012051,0.000000,0.000000,0.000000,0,1,0,1,20.082440,0,0,0,0
66.1236,,0.443941,0.443941,0.444883,0.012051,0.000000,0.000000,0.000000,0,1,0,1,20.068350,0,0,0,0
66.1436,,0.443941,0.443941,0.444883,0.012051,0.000000,0.000000,0.000000,0,1,0,1,20.098730,0,0,0,0
66.1647,,0.443941,0.443941,0.444883,0.012051,0.000000,0.000000,0.000000,0,1,0,1,20.113060,0,0,0,0
66.1845,,0.443941,0.443941,0.444883,0.012051,0.000000,0.000000,0.000000,0,1,0,1,20.172649,0,0,0,0
66.2046,,0.443941,0.443941,0.444883,0.012051,0.000000,0.000000,0.000000,0,1,0,1,20.312605,0,0,0,0
66.2245,,0.443941,0.443941,0.444883,0.012051,0.000000,0.000000,0.000000,0,1,0,1,20.111122,0,0,0,0
66.2447,,0.443941,0.443941,0.444883,0.012051,0.000000,0.000000,0.000000,0,1,0,1,20.072810,0,0,0,0
66.2646,,0.443941,0.443941,0.444883,0.012051,0.000000,0.000000,0.000000,0,1,0,1,20.070485,0,0,0,0
66.2844,,0.443941,0.443941,0.444883,0.012051,0.000000,0.000000,0.000000,0,1,0,1,20.187150,0,0,0,0
66.3055,,0.443941,0.443941,0.444883,0.012051,0.000000,0.000000,0.000000,0,1,0,1,20.215777,0,0,0,0
66.3256,,0.443941,0.443941,0.444883,0.012051,0.000000,0.000000,0.000000,0,1,0,1,20.232811,0,0,0,0
66.3456,,0.443941,0.443941,0.444883,0.012051,0.000000,0.000000,0.000000,0,1,0,1,20.106410,0,0,0,0
66.3655,,0.443941,0.443941,0.444883,0.012051,0.000000,0.000000,0.000000,0,1,0,1,20.065974,0,0,0,0
66.3855,,0.443941,0.443941,0.444883,0.012051,0.000000,0.000000,0.000000,0,1,0,1,20.092911,0,0,0,0
66.4055,,0.443941,0.443941,0.444883,0.012051,0.000000,0.000000,0.000000,0,1,0,1,20.093868,0,0,0,0
66.4254,,0.443941,0.443941,0.444883,0.012051,0.000000,0.000000,0.000000,0,1,0,1,20.093184,0,0,0,0
66.4465,,0.443941,0.443941,0.444883,0.012051,0.000000,0.000000,0.000000,0,1,0,1,20.191543,0,0,0,0
66.4665,,0.443941,0.443941,0.444883,0.012051,0.000000,0.000000,0.000000,0,1,0,1,20.109334,0,0,0,0
66.4865,,0.443941,0.443941,0.444883,0.012051,0.000000,0.000000,0.000000,0,1,0,1,20.206848,0,0,0,0
66.5065,,0.443941,0.443941,0.444883,0.012051,0.000000,0.000000,0.000000,0,1,0,1,20.204184,0,0,0,0
66.5266,,0.443941,0.443941,0.444883,0.012051,0.000000,0.000000,0.000000,0,1,0,1,20.217305,0,0,0,0
66.5476,,0.443941,0.443941,0.444883,0.012051,0.000000,0.000000,0.000000,0,1,0,1,20.350747,0,0,0,0
66.5676,,0.443941,0.443941,0.444883,0.012051,0.000000,0.000000,0.000000,0,1,0,1,20.069754,0,0,0,0
66.5875,,0.443941,0.443941,0.444883,0.012051,0.000000,0.000000,0.000000,0,1,0,1,20.194558,0,0,0,0
66.6076,,0.443941,0.443941,0.444883,0.012051,0.000000,0.000000,0.000000,0,1,0,1,20.110616,0,0,0,0
66.6276,,0.443941,0.443941,0.444883,0.012051,0.000000,0.000000,0.000000,0,1,0,1,20.095567,0,0,0,0
66.6476,,0.443941,0.443941,0.444883,0.012051,0.000000,0.000000,0.000000,0,1,0,1,20.073225,0,0,0,0
66.6676,,0.443941,0.443941,0.444883,0.012051,0.000000,0.000000,0.000000,0,1,0,1,20.074383,0,0,0,0
66.6877,,0.443941,0.443941,0.444883,0.012051,0.000000,0.000000,0.000000,0,1,0,1,20.095141,0,0,0,0
66.7074,,0.443941,0.443941,0.444883,0.012051,0.000000,0.000000,0.000000,0,1,0,1,20.093122,0,0,0,0
66.7286,,0.443941,0.443941,0.444883,0.012051,0.000000,0.000000,0.000000,0,1,0,1,20.100765,0,0,0,0
66.7486,,0.443941,0.443941,0.444883,0.012051,0.000000,0.000000,0.000000,0,1,0,1,20.075510,0,0,0,0
66.7686,,0.443941,0.443941,0.444883,0.012051,0.000000,0.000000,0.000000,0,1,0,1,20.086173,0,0,0,0
66.7885,,0.443941,0.443941,0.444883,0.012051,0.000000,0.000000,0.000000,0,1,0,1,20.108909,0,0,0,0
66.8086,,0.443941,0.443941,0.444883,0.012051,0.000000,0.000000,0.000000,0,1,0,1,20.069678,0,0,0,0
66.8286,,0.443941,0.443941,0.444883,0.012051,0.000000,0.000000,0.000000,0,1,0,1,20.224247,0,0,0,0
66.8485,,0.443941,0.443941,0.444883,0.012051,0.000000,0.000000,0.000000,0,1,0,1,20.202887,0,0,0,0
66.8685,,0.443941,0.443941,0.444883,0.012051,0.000000,0.000000,0.000000,0,1,0,1,20.087776,0,0,0,0
66.8895,,0.443941,0.443941,0.444883,0.012051,0.000000,0.000000,0.000000,0,1,0,1,20.195648,0,0,0,0
66.9096,,0.443941,0.443941,0.444883,0.012051,0.000000,0.000000,0.000000,0,1,0,1,20.240492,0,0,0,0
66.9296,,0.443941,0.443941,0.444883,0.012051,0.000000,0.000000,0.000000,0,1,0,1,20.270566,0,0,0,0
66.9494,,0.443941,0.443941,0.444883,0.012051,0.000000,0.000000,0.000000,0,1,0,1,20.263248,0,0,0,0
66.9694,,0.443941,0.443941,0.444883,0.012051,0.000000,0.000000,0.000000,0,1,0,1,20.105682,0,0,0,0
66.9905,,0.443941,0.443941,0.444883,0.012051,0.000000,0.000000,0.000000,0,1,0,1,20.261383,0,0,0,0
67.0106,,0.443941,0.443941,0.444883,0.012051,0.000000,0.000000,0.000000,0,1,0,1,20.192485,0,0,0,0
67.0305,,0.443941,0.443941,0.444883,0.012051,0.000000,0.000000,0.000000,0,1,0,1,20.104568,0,0,0,0
67.0506,,0.443941,0.443941,0.444883,0.012051,0.000000,0.000000,0.000000,0,1,0,1,20.073309,0,0,0,0
67.0706,,0.443941,0.443941,0.444883,0.012051,0.000000,0.000000,0.000000,0,1,0,1,20.138910,0,0,0,0
67.0906,,0.443941,0.443941,0.444883,0.012051,0.000000,0.000000,0.000000,0,1,0,1,20.067720,0,0,0,0
67.1106,,0.443941,0.443941,0.444883,0.012051,0.000000,0.000000,0.000000,0,1,0,1,20.078490,0,0,0,0
67.1316,,0.443941,0.443941,0.444883,0.012051,0.000000,0.000000,0.000000,0,1,0,1,20.296540,0,0,0,0
67.1516,,0.443941,0.443941,0.444883,0.012051,0.000000,0.000000,0.000000,0,1,0,1,20.162179,0,0,0,0
67.1716,,0.443941,0.443941,0.444883,0.012051,0.000000,0.000000,0.000000,0,1,0,1,20.096007,0,0,0,0
67.1916,,0.443941,0.443941,0.444883,0.012051,0.000000,0.000000,0.000000,0,1,0,1,20.226541,0,0,0,0
67.2116,,0.443941,0.443941,0.444883,0.012051,0.000000,0.000000,0.000000,0,1,0,1,20.209463,0,0,0,0
67.2327,,0.443941,0.443941,0.444883,0.012051,0.000000,0.000000,0.000000,0,1,0,1,20.182463,0,0,0,0
67.2526,,0.443941,0.443941,0.444883,0.012051,0.000000,0.000000,0.000000,0,1,0,1,20.353711,0,0,0,0
67.2726,,0.443941,0.443941,0.444883,0.012051,0.000000,0.000000,0.000000,0,1,0,1,20.208569,0,0,0,0
67.2925,,0.443941,0.443941,0.444883,0.012051,0.000000,0.000000,0.000000,0,1,0,1,20.153804,0,0,0,0
67.3136,,0.443941,0.443941,0.444883,0.012051,0.000000,0.000000,0.000000,0,1,0,1,20.215639,0,0,0,0
67.3335,,0.443941,0.443941,0.444883,0.012051,0.000000,0.000000,0.000000,0,1,0,1,20.191454,0,0,0,0
67.3535,,0.443941,0.443941,0.444883,0.012051,0.000000,0.000000,0.000000,0,1,0,1,20.190182,0,0,0,0
67.3735,,0.443941,0.443941,0.444883,0.012051,0.000000,0.000000,0.000000,0,1,0,1,20.213481,0,0,0,0
67.3936,,0.443941,0.443941,0.444883,0.012051,0.000000,0.000000,0.000000,0,1,0,1,20.080808,0,0,0,0
67.4134,,0.443941,0.443941,0.444883,0.012051,0.000000,0.000000,0.000000,0,1,0,1,20.209241,0,0,0,0
67.4345,,0.443941,0.443941,0.444883,0.012051,0.000000,0.000000,0.000000,0,1,0,1,20.202379,0,0,0,0
67.4545,,0.443941,0.443941,0.444883,0.012051,0.000000,0.000000,0.000000,0,1,0,1,20.193105,0,0,0,0
67.4745,,0.443941,0.443941,0.444883,0.012051,0.000000,0.000000,0.000000,0,1,0,1,20.120762,0,0,0,0
67.4945,,0.443941,0.443941,0.444883,0.012051,0.000000,0.000000,0.000000,0,1,0,1,20.231770,0,0,0,0
67.5147,,0.443941,0.443941,0.444883,0.012051,0.000000,0.000000,0.000000,0,1,0,1,20.172581,0,0,0,0
67.5356,,0.443941,0.443941,0.444883,0.012051,0.000000,0.000000,0.000000,0,1,0,1,20.244978,0,0,0,0
67.5555,,0.443941,0.443941,0.444883,0.012051,0.000000,0.000000,0.000000,0,1,0,1,20.198074,0,0,0,0
67.5756,,0.443941,0.443941,0.444883,0.012051,0.000000,0.000000,0.000000,0,1,0,1,20.073341,0,0,0,0
67.5956,,0.443941,0.443941,0.444883,0.012051,0.000000,0.000000,0.000000,0,1,0,1,20.168020,0,0,0,0
67.6155,,0.443941,0.443941,0.444883,0.012051,0.000000,0.000000,0.000000,0,1,0,1,20.142507,0,0,0,0
67.6356,,0.443941,0.443941,0.444883,0.012051,0.000000,0.000000,0.000000,0,1,0,1,20.072168,0,0,0,0
67.6565,,0.443941,0.443941,0.444883,0.012051,0.000000,0.000000,0.000000,0,1,0,1,20.076128,0,0,0,0
67.6756,,0.443941,0.443941,0.444883,0.012051,0.000000,0.000000,0.000000,0,1,0,1,20.075581,0,0,0,0
67.6966,,0.443941,0.443941,0.444883,0.012051,0.000000,0.000000,0.000000,0,1,0,1,20.237796,0,0,0,0
67.7166,,0.443941,0.443941,0.444883,0.012051,0.000000,0.000000,0.000000,0,1,0,1,20.108574,0,0,0,0
67.7366,,0.443941,0.443941,0.444883,0.012051,0.000000,0.000000,0.000000,0,1,0,1,20.355286,0,0,0,0
67.7566,,0.443941,0.443941,0.444883,0.012051,0.000000,0.000000,0.000000,0,1,0,1,20.069811,0,0,0,0
67.7765,,0.443941,0.443941,0.444883,0.012051,0.000000,0.000000,0.000000,0,1,0,1,20.188038,0,0,0,0
67.7965,,0.443941,0.443941,0.444883,0.012051,0.000000,0.000000,0.000000,0,1,0,1,20.088825,0,0,0,0
67.8176,,0.443941,0.443941,0.444883,0.012051,0.000000,0.000000,0.000000,0,1,0,1,20.277672,0,0,0,0
67.8377,,0.443941,0.443941,0.444883,0.012051,0.000000,0.000000,0.000000,0,1,0,1,20.253228,0,0,0,0
67.8576,,0.443941,0.443941,0.444883,0.012051,0.000000,0.000000,0.000000,0,1,0,1,20.368135,0,0,0,0
67.8786,,0.443941,0.443941,0.444883,0.012051,0.000000,0.000000,0.000000,0,1,0,1,20.321862,0,0,0,0
67.8988,,0.443941,0.443941,0.444883,0.012051,0.000000,0.000000,0.000000,0,1,0,1,20.312436,0,0,0,0
67.9187,,0.443941,0.443941,0.444883,0.012051,0.000000,0.000000,0.000000,0,1,0,1,20.268773,0,0,0,0
67.9387,,0.443941,0.443941,0.444883,0.012051,0.000000,0.000000,0.000000,0,1,0,1,20.253821,0,0,0,0
67.9596,,0.443941,0.443941,0.444883,0.012051,0.000000,0.000000,0.000000,0,1,0,1,20.238347,0,0,0,0
67.9796,,0.443941,0.443941,0.444883,0.012051,0.000000,0.000000,0.000000,0,1,0,1,20.204472,0,0,0,0
67.9994,,0.443941,0.443941,0.444883,0.012051,0.000000,0.000000,0.000000,0,1,0,1,20.181115,0,0,0,0
68.0197,,0.443941,0.443941,0.444883,0.012051,0.000000,0.000000,0.000000,0,1,0,1,20.073975,0,0,0,0
68.0395,,0.443941,0.443941,0.444883,0.012051,0.000000,0.000000,0.000000,0,1,0,1,20.103766,0,0,0,0
68.0595,,0.443941,0.443941,0.444883,0.012051,0.000000,0.000000,0.000000,0,1,0,1,20.094288,0,0,0,0
68.0796,,0.443941,0.443941,0.444883,0.012051,0.000000,0.000000,0.000000,0,1,0,1,20.076746,0,0,0,0
68.1005,,0.443941,0.443941,0.444883,0.012051,0.000000,0.000000,0.000000,0,1,0,1,20.102728,0,0,0,0
68.1205,,0.443941,0.443941,0.444883,0.012051,0.000000,0.000000,0.000000,0,1,0,1,20.191674,0,0,0,0
68.1405,,0.443941,0.443941,0.444883,0.012051,0.000000,0.000000,0.000000,0,1,0,1,20.096230,0,0,0,0
68.1605,,0.443941,0.443941,0.444883,0.012051,0.000000,0.000000,0.000000,0,1,0,1,20.089464,0,0,0,0
68.1805,,0.443941,0.443941,0.444883,0.012051,0.000000,0.000000,0.000000,0,1,0,1,20.105560,0,0,0,0
68.2006,,0.443941,0.443941,0.444883,0.012051,0.000000,0.000000,0.000000,0,1,0,1,20.074407,0,0,0,0
68.2206,,0.443941,0.443941,0.444883,0.012051,0.000000,0.000000,0.000000,0,1,0,1,20.076057,0,0,0,0
68.2406,,0.443941,0.443941,0.444883,0.012051,0.000000,0.000000,0.000000,0,1,0,1,20.067717,0,0,0,0
68.2606,,0.443941,0.443941,0.444883,0.012051,0.000000,0.000000,0.000000,0,1,0,1,20.089169,0,0,0,0
68.2806,,0.443941,0.443941,0.444883,0.012051,0.000000,0.000000,0.000000,0,1,0,1,20.082769,0,0,0,0
68.3017,,0.443941,0.443941,0.444883,0.012051,0.000000,0.000000,0.000000,0,1,0,1,20.165746,0,0,0,0
68.3216,,0.443941,0.443941,0.444883,0.012051,0.000000,0.000000,0.000000,0,1,0,1,20.201714,0,0,0,0
68.3415,,0.443941,0.443941,0.444883,0.012051,0.000000,0.000000,0.000000,0,1,0,1,20.100118,0,0,0,0
68.3614,,0.443941,0.443941,0.444883,0.012051,0.000000,0.000000,0.000000,0,1,0,1,20.187454,0,0,0,0
68.3815,,0.443941,0.443941,0.444883,0.012051,0.000000,0.000000,0.000000,0,1,0,1,20.240043,0,0,0,0
68.4025,,0.443941,0.443941,0.444883,0.012051,0.000000,0.000000,0.000000,0,1,0,1,20.326503,0,0,0,0
68.4224,,0.443941,0.443941,0.444883,0.012051,0.000000,0.000000,0.000000,0,1,0,1,20.102312,0,0,0,0
68.4426,,0.443941,0.443941,0.444883,0.012051,0.000000,0.000000,0.000000,0,1,0,1,20.080638,0,0,0,0
68.4626,,0.443941,0.443941,0.444883,0.012051,0.000000,0.000000,0.000000,0,1,0,1,20.077624,0,0,0,0
68.4828,,0.443941,0.443941,0.444883,0.012051,0.000000,0.000000,0.000000,0,1,0,1,20.089442,0,0,0,0
68.5026,,0.443941,0.443941,0.444883,0.012051,0.000000,0.000000,0.000000,0,1,0,1,20.128611,0,0,0,0
68.5227,,0.443941,0.443941,0.444883,0.012051,0.000000,0.000000,0.000000,0,1,0,1,20.073784,0,0,0,0
68.5426,,0.443941,0.443941,0.444883,0.012051,0.000000,0.000000,0.000000,0,1,0,1,20.069929,0,0,0,0
68.5624,,0.443941,0.443941,0.444883,0.012051,0.000000,0.000000,0.000000,0,1,0,1,20.202006,0,0,0,0
68.5834,,0.443941,0.443941,0.444883,0.012051,0.000000,0.000000,0.000000,0,1,0,1,20.224069,0,0,0,0
68.6036,,0.443941,0.443941,0.444883,0.012051,0.000000,0.000000,0.000000,0,1,0,1,20.200071,0,0,0,0
68.6235,,0.443941,0.443941,0.444883,0.012051,0.000000,0.000000,0.000000,0,1,0,1,20.219944,0,0,0,0
68.6437,,0.443941,0.443941,0.444883,0.012051,0.000000,0.000000,0.000000,0,1,0,1,20.170970,0,0,0,0
68.6635,,0.443941,0.443941,0.444883,0.012051,0.000000,0.000000,0.000000,0,1,0,1,20.198651,0,0,0,0
68.6846,,0.443941,0.443941,0.444883,0.012051,0.000000,0.000000,0.000000,0,1,0,1,20.221851,0,0,0,0
68.7046,,0.443941,0.443941,0.444883,0.012051,0.000000,0.000000,0.000000,0,1,0,1,20.224434,0,0,0,0
68.7245,,0.443941,0.443941,0.444883,0.012051,0.000000,0.000000,0.000000,0,1,0,1,20.275861,0,0,0,0
68.7443,,0.443941,0.443941,0.444883,0.012051,0.000000,0.000000,0.000000,0,1,0,1,20.203078,0,0,0,0
68.7655,,0.443941,0.443941,0.444883,0.012051,0.000000,0.000000,0.000000,0,1,0,1,20.202703,0,0,0,0
68.7855,,0.443941,0.443941,0.444883,0.012051,0.000000,0.000000,0.000000,0,1,0,1,20.194045,0,0,0,0
68.8055,,0.443941,0.443941,0.444883,0.012051,0.000000,0.000000,0.000000,0,1,0,1,20.217737,0,0,0,0
68.8257,,0.443941,0.443941,0.444883,0.012051,0.000000,0.000000,0.000000,0,1,0,1,20.110876,0,0,0,0
68.8454,,0.443941,0.443941,0.444883,0.012051,0.000000,0.000000,0.000000,0,1,0,1,20.269116,0,0,0,0
68.8664,,0.443941,0.443941,0.444883,0.012051,0.000000,0.000000,0.000000,0,1,0,1,20.246056,0,0,0,0
68.8865,,0.443941,0.443941,0.444883,0.012051,0.000000,0.000000,0.000000,0,1,0,1,20.223139,0,0,0,0
68.9065,,0.443941,0.443941,0.444883,0.012051,0.000000,0.000000,0.000000,0,1,0,1,20.486936,0,0,0,0
68.9276,,0.443941,0.443941,0.444883,0.012051,0.000000,0.000000,0.000000,0,1,0,1,20.226510,0,0,0,0
68.9475,,0.443941,0.443941,0.444883,0.012051,0.000000,0.000000,0.000000,0,1,0,1,20.196634,0,0,0,0
68.9675,,0.443941,0.443941,0.444883,0.012051,0.000000,0.000000,0.000000,0,1,0,1,20.203264,0,0,0,0
68.9875,,0.443941,0.443941,0.444883,0.012051,0.000000,0.000000,0.000000,0,1,0,1,20.186346,0,0,0,0
69.0075,,0.443941,0.443941,0.444883,0.012051,0.000000,0.000000,0.000000,0,1,0,1,20.198370,0,0,0,0
69.0286,,0.443941,0.443941,0.444883,0.012051,0.000000,0.000000,0.000000,0,1,0,1,20.208907,0,0,0,0
69.0486,,0.443941,0.443941,0.444883,0.012051,0.000000,0.000000,0.000000,0,1,0,1,20.205891,0,0,0,0
69.0685,,0.443941,0.443941,0.444883,0.012051,0.000000,0.000000,0.000000,0,1,0,1,20.211606,0,0,0,0
69.0885,,0.443941,0.443941,0.444883,0.012051,0.000000,0.000000,0.000000,0,1,0,1,20.241712,0,0,0,0
69.1085,,0.443941,0.443941,0.444883,0.012051,0.000000,0.000000,0.000000,0,1,0,1,20.199228,0,0,0,0
69.1294,,0.443941,0.443941,0.444883,0.012051,0.000000,0.000000,0.000000,0,1,0,1,20.244351,0,0,0,0
69.1496,,0.443941,0.443941,0.444883,0.012051,0.000000,0.000000,0.000000,0,1,0,1,20.185613,0,0,0,0
69.1696,,0.443941,0.443941,0.444883,0.012051,0.000000,0.000000,0.000000,0,1,0,1,20.232522,0,0,0,0
69.1895,,0.443941,0.443941,0.444883,0.012051,0.000000,0.000000,0.000000,0,1,0,1,20.275696,0,0,0,0
69.2105,,0.443941,0.443941,0.444883,0.012051,0.000000,0.000000,0.000000,0,1,0,1,20.202082,0,0,0,0
69.2305,,0.443941,0.443941,0.444883,0.012051,0.000000,0.000000,0.000000,0,1,0,1,20.205105,0,0,0,0
69.2506,,0.443941,0.443941,0.444883,0.012051,0.000000,0.000000,0.000000,0,1,0,1,20.207258,0,0,0,0
69.2706,,0.443941,0.443941,0.444883,0.012051,0.000000,0.000000,0.000000,0,1,0,1,20.159066,0,0,0,0
69.2906,,0.443941,0.443941,0.444883,0.012051,0.000000,0.000000,0.000000,0,1,0,1,20.079163,0,0,0,0
69.3106,,0.443941,0.443941,0.444883,0.012051,0.000000,0.000000,0.000000,0,1,0,1,20.080735,0,0,0,0
69.3316,,0.443941,0.443941,0.444883,0.012051,0.000000,0.000000,0.000000,0,1,0,1,20.365217,0,0,0,0
69.3517,,0.443941,0.443941,0.444883,0.012051,0.000000,0.000000,0.000000,0,1,0,1,20.188272,0,0,0,0
69.3717,,0.443941,0.443941,0.444883,0.012051,0.000000,0.000000,0.000000,0,1,0,1,20.216322,0,0,0,0
69.3916,,0.443941,0.443941,0.444883,0.012051,0.000000,0.000000,0.000000,0,1,0,1,20.095814,0,0,0,0
69.4118,,0.443941,0.443941,0.444883,0.012051,0.000000,0.000000,0.000000,0,1,0,1,20.116962,0,0,0,0
69.4315,,0.443941,0.443941,0.444883,0.012051,0.000000,0.000000,0.000000,0,1,0,1,20.083736,0,0,0,0
69.4517,,0.443941,0.443941,0.444883,0.012051,0.000000,0.000000,0.000000,0,1,0,1,20.074811,0,0,0,0
69.4724,,0.443941,0.443941,0.444883,0.012051,0.000000,0.000000,0.000000,0,1,0,1,20.103540,0,0,0,0
69.4926,,0.443941,0.443941,0.444883,0.012051,0.000000,0.000000,0.000000,0,1,0,1,20.186403,0,0,0,0
69.5128,,0.443941,0.443941,0.444883,0.012051,0.000000,0.000000,0.000000,0,1,0,1,20.174807,0,0,0,0
69.5327,,0.443941,0.443941,0.444883,0.012051,0.000000,0.000000,0.000000,0,1,0,1,20.072110,0,0,0,0
69.5526,,0.443941,0.443941,0.444883,0.012051,0.000000,0.000000,0.000000,0,1,0,1,20.151035,0,0,0,0
69.5725,,0.443941,0.443941,0.444883,0.012051,0.000000,0.000000,0.000000,0,1,0,1,20.076588,0,0,0,0
69.5925,,0.443941,0.443941,0.444883,0.012051,0.000000,0.000000,0.000000,0,1,0,1,20.072728,0,0,0,0
69.6126,,0.443941,0.443941,0.444883,0.012051,0.000000,0.000000,0.000000,0,1,0,1,20.070086,0,0,0,0
69.6335,,0.443941,0.443941,0.444883,0.012051,0.000000,0.000000,0.000000,0,1,0,1,20.186598,0,0,0,0
69.6534,,0.443941,0.443941,0.444883,0.012051,0.000000,0.000000,0.000000,0,1,0,1,20.188734,0,0,0,0
69.6735,,0.443941,0.443941,0.444883,0.012051,0.000000,0.000000,0.000000,0,1,0,1,20.213336,0,0,0,0
69.6935,,0.443941,0.443941,0.444883,0.012051,0.000000,0.000000,0.000000,0,1,0,1,20.220473,0,0,0,0
69.7136,,0.443941,0.443941,0.444883,0.012051,0.000000,0.000000,0.000000,0,1,0,1,20.193531,0,0,0,0
69.7345,,0.443941,0.443941,0.444883,0.012051,0.000000,0.000000,0.000000,0,1,0,1,20.222412,0,0,0,0
69.7545,,0.443941,0.443941,0.444883,0.012051,0.000000,0.000000,0.000000,0,1,0,1,20.134966,0,0,0,0
69.7746,,0.443941,0.443941,0.444883,0.012051,0.000000,0.000000,0.000000,0,1,0,1,20.216505,0,0,0,0
69.7947,,0.443941,0.443941,0.444883,0.012051,0.000000,0.000000,0.000000,0,1,0,1,20.076308,0,0,0,0
69.8145,,0.443941,0.443941,0.444883,0.012051,0.000000,0.000000,0.000000,0,1,0,1,20.140804,0,0,0,0
69.8345,,0.443941,0.443941,0.444883,0.012051,0.000000,0.000000,0.000000,0,1,0,1,20.079789,0,0,0,0
69.8545,,0.443941,0.443941,0.444883,0.012051,0.000000,0.000000,0.000000,0,1,0,1,20.219303,0,0,0,0
69.8755,,0.443941,0.443941,0.444883,0.012051,0.000000,0.000000,0.000000,0,1,0,1,20.343118,0,0,0,0
69.8956,,0.443941,0.443941,0.444883,0.012051,0.000000,0.000000,0.000000,0,1,0,1,20.280093,0,0,0,0
69.9156,,0.443941,0.443941,0.444883,0.012051,0.000000,0.000000,0.000000,0,1,0,1,20.189370,0,0,0,0
69.9356,,0.443941,0.443941,0.444883,0.012051,0.000000,0.000000,0.000000,0,1,0,1,20.225939,0,0,0,0
69.9566,,0.443941,0.443941,0.444883,0.012051,0.000000,0.000000,0.000000,0,1,0,1,20.230800,0,0,0,0
69.9766,,0.443941,0.443941,0.444883,0.012051,0.000000,0.000000,0.000000,0,1,0,1,20.185220,0,0,0,0
69.9966,,0.443941,0.443941,0.444883,0.012051,0.000000,0.000000,0.000000,0,1,0,1,20.465962,0,0,0,0
70.0176,,0.443941,0.443941,0.444883,0.012051,0.000000,0.000000,0.000000,0,1,0,1,20.216160,0,0,0,0
70.0376,,0.443941,0.443941,0.444883,0.012051,0.000000,0.000000,0.000000,0,1,0,1,20.196010,0,0,0,0
70.0576,,0.443941,0.443941,0.444883,0.012051,0.000000,0.000000,0.000000,0,1,0,1,20.200718,0,0,0,0
70.0776,,0.443941,0.443941,0.444883,0.012051,0.000000,0.000000,0.000000,0,1,0,1,20.152648,0,0,0,0
70.0975,,0.443941,0.443941,0.444883,0.012051,0.000000,0.000000,0.000000,0,1,0,1,20.076835,0,0,0,0
70.1176,,0.443941,0.443941,0.444883,0.012051,0.000000,0.000000,0.000000,0,1,0,1,20.074376,0,0,0,0
70.1378,,0.443941,0.443941,0.444883,0.012051,0.000000,0.000000,0.000000,0,1,0,1,20.070679,0,0,0,0
70.1576,,0.443941,0.443941,0.444883,0.012051,0.000000,0.000000,0.000000,0,1,0,1,20.116568,0,0,0,0
70.1789,,0.443941,0.443941,0.444883,0.012051,0.000000,0.000000,0.000000,0,1,0,1,20.153786,0,0,0,0
70.1985,,0.443941,0.443941,0.444883,0.012051,0.000000,0.000000,0.000000,0,1,0,1,20.298086,0,0,0,0
70.2187,,0.443941,0.443941,0.444883,0.012051,0.000000,0.000000,0.000000,0,1,0,1,20.206790,0,0,0,0
70.2386,,0.443941,0.443941,0.444883,0.012051,0.000000,0.000000,0.000000,0,1,0,1,20.197510,0,0,0,0
70.2585,,0.443941,0.443941,0.444883,0.012051,0.000000,0.000000,0.000000,0,1,0,1,20.204293,0,0,0,0
70.2796,,0.443941,0.443941,0.444883,0.012051,0.000000,0.000000,0.000000,0,1,0,1,20.127207,0,0,0,0
70.2995,,0.443941,0.443941,0.444883,0.012051,0.000000,0.000000,0.000000,0,1,0,1,20.105657,0,0,0,0
70.3195,,0.443941,0.443941,0.444883,0.012051,0.000000,0.000000,0.000000,0,1,0,1,20.146896,0,0,0,0
70.3395,,0.443941,0.443941,0.444883,0.012051,0.000000,0.000000,0.000000,0,1,0,1,20.095178,0,0,0,0
70.3594,,0.443941,0.443941,0.444883,0.012051,0.000000,0.000000,0.000000,0,1,0,1,20.085298,0,0,0,0
70.3795,,0.443941,0.443941,0.444883,0.012051,0.000000,0.000000,0.000000,0,1,0,1,20.065688,0,0,0,0
70.3995,,0.443941,0.443941,0.444883,0.012051,0.000000,0.000000,0.000000,0,1,0,1,20.069686,0,0,0,0
70.4195,,0.443941,0.443941,0.444883,0.012051,0.000000,0.000000,0.000000,0,1,0,1,20.069330,0,0,0,0
70.4396,,0.443941,0.443941,0.444883,0.012051,0.000000,0.000000,0.000000,0,1,0,1,20.025532,0,0,0,0
70.4595,,0.443941,0.443941,0.444883,0.012051,0.000000,0.000000,0.000000,0,1,0,1,20.106191,0,0,0,0
70.4794,,0.443941,0.443941,0.444883,0.012051,0.000000,0.000000,0.000000,0,1,0,1,20.077223,0,0,0,0
70.5004,,0.443941,0.443941,0.444883,0.012051,0.000000,0.000000,0.000000,0,1,0,1,20.096686,0,0,0,0
70.5204,,0.443941,0.443941,0.444883,0.012051,0.000000,0.000000,0.000000,0,1,0,1,20.100306,0,0,0,0
70.5404,,0.443941,0.443941,0.444883,0.012051,0.000000,0.000000,0.000000,0,1,0,1,20.145709,0,0,0,0
70.5605,,0.443941,0.443941,0.444883,0.012051,0.000000,0.000000,0.000000,0,1,0,1,20.212744,0,0,0,0
70.5804,,0.443941,0.443941,0.444883,0.012051,0.000000,0.000000,0.000000,0,1,0,1,20.083969,0,0,0,0
70.6005,,0.443941,0.443941,0.444883,0.012051,0.000000,0.000000,0.000000,0,1,0,1,20.080577,0,0,0,0
70.6203,,0.443941,0.443941,0.444883,0.012051,0.000000,0.000000,0.000000,0,1,0,1,20.077458,0,0,0,0
70.6404,,0.443941,0.443941,0.444883,0.012051,0.000000,0.000000,0.000000,0,1,0,1,20.090549,0,0,0,0
70.6604,,0.443941,0.443941,0.444883,0.012051,0.000000,0.000000,0.000000,0,1,0,1,20.081690,0,0,0,0
70.6804,,0.443941,0.443941,0.444883,0.012051,0.000000,0.000000,0.000000,0,1,0,1,20.073577,0,0,0,0
70.7015,,0.443941,0.443941,0.444883,0.012051,0.000000,0.000000,0.000000,0,1,0,1,20.104059,0,0,0,0
70.7215,,0.443941,0.443941,0.444883,0.012051,0.000000,0.000000,0.000000,0,1,0,1,20.100142,0,0,0,0
70.7414,,0.443941,0.443941,0.444883,0.012051,0.000000,0.000000,0.000000,0,1,0,1,20.079823,0,0,0,0
70.7616,,0.443941,0.443941,0.444883,0.012051,0.000000,0.000000,0.000000,0,1,0,1,20.388960,0,0,0,0
70.7816,,0.443941,0.443941,0.444883,0.012051,0.000000,0.000000,0.000000,0,1,0,1,20.256281,0,0,0,0
70.8026,,0.443941,0.443941,0.444883,0.012051,0.000000,0.000000,0.000000,0,1,0,1,20.213042,0,0,0,0
70.8225,,0.443941,0.443941,0.444883,0.012051,0.000000,0.000000,0.000000,0,1,0,1,20.200751,0,0,0,0
70.8427,,0.443941,0.443941,0.444883,0.012051,0.000000,0.000000,0.000000,0,1,0,1,20.255676,0,0,0,0
70.8626,,0.443941,0.443941,0.444883,0.012051,0.000000,0.000000,0.000000,0,1,0,1,20.134404,0,0,0,0
70.8826,,0.443941,0.443941,0.444883,0.012051,0.000000,0.000000,0.000000,0,1,0,1,20.223173,0,0,0,0
70.9038,,0.443941,0.443941,0.444883,0.012051,0.000000,0.000000,0.000000,0,1,0,1,20.193642,0,0,0,0
70.9234,,0.443941,0.443941,0.444883,0.012051,0.000000,0.000000,0.000000,0,1,0,1,20.184102,0,0,0,0
70.9435,,0.443941,0.443941,0.444883,0.012051,0.000000,0.000000,0.000000,0,1,0,1,20.204521,0,0,0,0
70.9634,,0.443941,0.443941,0.444883,0.012051,0.000000,0.000000,0.000000,0,1,0,1,20.150732,0,0,0,0
70.9836,,0.443941,0.443941,0.444883,0.012051,0.000000,0.000000,0.000000,0,1,0,1,20.111532,0,0,0,0
71.0034,,0.443941,0.443941,0.444883,0.012051,0.000000,0.000000,0.000000,0,1,0,1,20.176084,0,0,0,0
71.0244,,0.443941,0.443941,0.444883,0.012051,0.000000,0.000000,0.000000,0,1,0,1,20.224211,0,0,0,0
71.0445,,0.443941,0.443941,0.444883,0.012051,0.000000,0.000000,0.000000,0,1,0,1,20.168279,0,0,0,0
71.0645,,0.443941,0.443941,0.444883,0.012051,0.000000,0.000000,0.000000,0,1,0,1,20.172420,0,0,0,0
71.0844,,0.443941,0.443941,0.444883,0.012051,0.000000,0.000000,0.000000,0,1,0,1,20.083453,0,0,0,0
71.1045,,0.443941,0.443941,0.444883,0.012051,0.000000,0.000000,0.000000,0,1,0,1,20.151382,0,0,0,0
71.1244,,0.443941,0.443941,0.444883,0.012051,0.000000,0.000000,0.000000,0,1,0,1,20.160121,0,0,0,0
71.1454,,0.443941,0.443941,0.444883,0.012051,0.000000,0.000000,0.000000,0,1,0,1,20.161796,0,0,0,0
71.1655,,0.443941,0.443941,0.444883,0.012051,0.000000,0.000000,0.000000,0,1,0,1,20.171239,0,0,0,0
71.1855,,0.443941,0.443941,0.444883,0.012051,0.000000,0.000000,0.000000,0,1,0,1,20.196768,0,0,0,0
71.2054,,0.443941,0.443941,0.444883,0.012051,0.000000,0.000000,0.000000,0,1,0,1,20.100444,0,0,0,0
71.2254,,0.443941,0.443941,0.444883,0.012051,0.000000,0.000000,0.000000,0,1,0,1,20.096400,0,0,0,0
71.2454,,0.443941,0.443941,0.444883,0.012051,0.000000,0.000000,0.000000,0,1,0,1,20.078896,0,0,0,0
71.2654,,0.443941,0.443941,0.444883,0.012051,0.000000,0.000000,0.000000,0,1,0,1,20.074405,0,0,0,0
71.2864,,0.443941,0.443941,0.444883,0.012051,0.000000,0.000000,0.000000,0,1,0,1,20.348316,0,0,0,0
71.3065,,0.443941,0.443941,0.444883,0.012051,0.000000,0.000000,0.000000,0,1,0,1,20.107922,0,0,0,0
71.3265,,0.443941,0.443941,0.444883,0.012051,0.000000,0.000000,0.000000,0,1,0,1,20.183589,0,0,0,0
71.3466,,0.443941,0.443941,0.444883,0.012051,0.000000,0.000000,0.000000,0,1,0,1,20.183061,0,0,0,0
71.3665,,0.443941,0.443941,0.444883,0.012051,0.000000,0.000000,0.000000,0,1,0,1,20.075667,0,0,0,0
71.3876,,0.443941,0.443941,0.444883,0.012051,0.000000,0.000000,0.000000,0,1,0,1,20.347470,0,0,0,0
71.4075,,0.443941,0.443941,0.444883,0.012051,0.000000,0.000000,0.000000,0,1,0,1,20.200618,0,0,0,0
71.4275,,0.443941,0.443941,0.444883,0.012051,0.000000,0.000000,0.000000,0,1,0,1,20.200895,0,0,0,0
71.4476,,0.443941,0.443941,0.444883,0.012051,0.000000,0.000000,0.000000,0,1,0,1,20.151836,0,0,0,0
71.4676,,0.443941,0.443941,0.444883,0.012051,0.000000,0.000000,0.000000,0,1,0,1,20.078331,0,0,0,0
71.4875,,0.443941,0.443941,0.444883,0.012051,0.000000,0.000000,0.000000,0,1,0,1,20.081706,0,0,0,0
71.5074,,0.443941,0.443941,0.444883,0.012051,0.000000,0.000000,0.000000,0,1,0,1,20.075986,0,0,0,0
71.5274,,0.443941,0.443941,0.444883,0.012051,0.000000,0.000000,0.000000,0,1,0,1,20.108888,0,0,0,0
71.5486,,0.443941,0.443941,0.444883,0.012051,0.000000,0.000000,0.000000,0,1,0,1,20.116962,0,0,0,0
71.5685,,0.443941,0.443941,0.444883,0.012051,0.000000,0.000000,0.000000,0,1,0,1,20.110316,0,0,0,0
71.5886,,0.443941,0.443941,0.444883,0.012051,0.000000,0.000000,0.000000,0,1,0,1,20.217135,0,0,0,0
71.6092,,0.443941,0.443941,0.444883,0.012051,0.000000,0.000000,0.000000,0,1,0,1,20.065275,0,0,0,0
71.6284,,0.443941,0.443941,0.444883,0.012051,0.000000,0.000000,0.000000,0,1,0,1,20.122154,0,0,0,0
71.6492,,0.443941,0.443941,0.444883,0.012051,0.000000,0.000000,0.000000,0,1,0,1,20.297231,0,0,0,0
71.6685,,0.443941,0.443941,0.444883,0.012051,0.000000,0.000000,0.000000,0,1,0,1,20.080794,0,0,0,0
71.6896,,0.443941,0.443941,0.444883,0.012051,0.000000,0.000000,0.000000,0,1,0,1,20.079264,0,0,0,0
71.7096,,0.443941,0.443941,0.444883,0.012051,0.000000,0.000000,0.000000,0,1,0,1,20.243211,0,0,0,0
71.7295,,0.443941,0.443941,0.444883,0.012051,0.000000,0.000000,0.000000,0,1,0,1,20.082136,0,0,0,0
71.7497,,0.443941,0.443941,0.444883,0.012051,0.000000,0.000000,0.000000,0,1,0,1,20.213516,0,0,0,0
71.7695,,0.443941,0.443941,0.444883,0.012051,0.000000,0.000000,0.000000,0,1,0,1,20.071407,0,0,0,0
71.7895,,0.443941,0.443941,0.444883,0.012051,0.000000,0.000000,0.000000,0,1,0,1,20.127068,0,0,0,0
71.8096,,0.443941,0.443941,0.444883,0.012051,0.000000,0.000000,0.000000,0,1,0,1,20.163131,0,0,0,0
71.8305,,0.443941,0.443941,0.444883,0.012051,0.000000,0.000000,0.000000,0,1,0,1,20.132965,0,0,0,0
71.8505,,0.443941,0.443941,0.444883,0.012051,0.000000,0.000000,0.000000,0,1,0,1,20.145138,0,0,0,0
71.8706,,0.443941,0.443941,0.444883,0.012051,0.000000,0.000000,0.000000,0,1,0,1,20.205823,0,0,0,0
71.8906,,0.443941,0.443941,0.444883,0.012051,0.000000,0.000000,0.000000,0,1,0,1,20.272279,0,0,0,0
71.9106,,0.443941,0.443941,0.444883,0.012051,0.000000,0.000000,0.000000,0,1,0,1,20.200869,0,0,0,0
71.9305,,0.443941,0.443941,0.444883,0.012051,0.000000,0.000000,0.000000,0,1,0,1,20.087370,0,0,0,0
71.9516,,0.443941,0.443941,0.444883,0.012051,0.000000,0.000000,0.000000,0,1,0,1,20.209421,0,0,0,0
71.9716,,0.443941,0.443941,0.444883,0.012051,0.000000,0.000000,0.000000,0,1,0,1,20.193822,0,0,0,0
71.9915,,0.443941,0.443941,0.444883,0.012051,0.000000,0.000000,0.000000,0,1,0,1,20.310892,0,0,0,0
72.0116,,0.443941,0.443941,0.444883,0.012051,0.000000,0.000000,0.000000,0,1,0,1,20.166763,0,0,0,0
72.0315,,0.443941,0.443941,0.444883,0.012051,0.000000,0.000000,0.000000,0,1,0,1,20.166617,0,0,0,0
72.0526,,0.443941,0.443941,0.444883,0.012051,0.000000,0.000000,0.000000,0,1,0,1,20.109577,0,0,0,0
72.0726,,0.443941,0.443941,0.444883,0.012051,0.000000,0.000000,0.000000,0,1,0,1,20.168827,0,0,0,0
72.0927,,0.443941,0.443941,0.444883,0.012051,0.000000,0.000000,0.000000,0,1,0,1,20.135183,0,0,0,0
72.1127,,0.443941,0.443941,0.444883,0.012051,0.000000,0.000000,0.000000,0,1,0,1,20.323546,0,0,0,0
72.1326,,0.443941,0.443941,0.444883,0.012051,0.000000,0.000000,0.000000,0,1,0,1,20.210931,0,0,0,0
72.1536,,0.443941,0.443941,0.444883,0.012051,0.000000,0.000000,0.000000,0,1,0,1,20.164256,0,0,0,0
72.1735,,0.443941,0.443941,0.444883,0.012051,0.000000,0.000000,0.000000,0,1,0,1,20.185380,0,0,0,0
72.1935,,0.443941,0.443941,0.444883,0.012051,0.000000,0.000000,0.000000,0,1,0,1,20.179743,0,0,0,0
72.2136,,0.443941,0.443941,0.444883,0.012051,0.000000,0.000000,0.000000,0,1,0,1,20.089427,0,0,0,0
72.2335,,0.443941,0.443941,0.444883,0.012051,0.000000,0.000000,0.000000,0,1,0,1,20.072845,0,0,0,0
72.2534,,0.443941,0.443941,0.444883,0.012051,0.000000,0.000000,0.000000,0,1,0,1,20.067711,0,0,0,0
72.2735,,0.443941,0.443941,0.444883,0.012051,0.000000,0.000000,0.000000,0,1,0,1,20.073999,0,0,0,0
72.2934,,0.443941,0.443941,0.444883,0.012051,0.000000,0.000000,0.000000,0,1,0,1,20.113901,0,0,0,0
72.3146,,0.443941,0.443941,0.444883,0.012051,0.000000,0.000000,0.000000,0,1,0,1,20.112005,0,0,0,0
72.3346,,0.443941,0.443941,0.444883,0.012051,0.000000,0.000000,0.000000,0,1,0,1,20.084718,0,0,0,0
72.3546,,0.443941,0.443941,0.444883,0.012051,0.000000,0.000000,0.000000,0,1,0,1,20.189968,0,0,0,0
72.3744,,0.443941,0.443941,0.444883,0.012051,0.000000,0.000000,0.000000,0,1,0,1,20.101383,0,0,0,0
72.3946,,0.443941,0.443941,0.444883,0.012051,0.000000,0.000000,0.000000,0,1,0,1,20.206628,0,0,0,0
72.4146,,0.443941,0.443941,0.444883,0.012051,0.000000,0.000000,0.000000,0,1,0,1,20.083259,0,0,0,0
72.4347,,0.443941,0.443941,0.444883,0.012051,0.000000,0.000000,0.000000,0,1,0,1,20.087039,0,0,0,0
72.4545,,0.443941,0.443941,0.444883,0.012051,0.000000,0.000000,0.000000,0,1,0,1,20.109595,0,0,0,0
72.4746,,0.443941,0.443941,0.444883,0.012051,0.000000,0.000000,0.000000,0,1,0,1,20.109426,0,0,0,0
72.4955,,0.443941,0.443941,0.444883,0.012051,0.000000,0.000000,0.000000,0,1,0,1,20.166044,0,0,0,0
72.5155,,0.443941,0.443941,0.444883,0.012051,0.000000,0.000000,0.000000,0,1,0,1,20.174189,0,0,0,0
72.5355,,0.443941,0.443941,0.444883,0.012051,0.000000,0.000000,0.000000,0,1,0,1,20.168467,0,0,0,0
72.5555,,0.443941,0.443941,0.444883,0.012051,0.000000,0.000000,0.000000,0,1,0,1,20.069783,0,0,0,0
72.5755,,0.443941,0.443941,0.444883,0.012051,0.000000,0.000000,0.000000,0,1,0,1,20.117896,0,0,0,0
72.5955,,0.443941,0.443941,0.444883,0.012051,0.000000,0.000000,0.000000,0,1,0,1,20.085063,0,0,0,0
72.6154,,0.443941,0.443941,0.444883,0.012051,0.000000,0.000000,0.000000,0,1,0,1,20.112891,0,0,0,0
72.6355,,0.443941,0.443941,0.444883,0.012051,0.000000,0.000000,0.000000,0,1,0,1,20.112197,0,0,0,0
72.6565,,0.443941,0.443941,0.444883,0.012051,0.000000,0.000000,0.000000,0,1,0,1,20.204868,0,0,0,0
72.6764,,0.443941,0.443941,0.444883,0.012051,0.000000,0.000000,0.000000,0,1,0,1,20.191569,0,0,0,0
72.6966,,0.443941,0.443941,0.444883,0.012051,0.000000,0.000000,0.000000,0,1,0,1,20.237700,0,0,0,0
72.7164,,0.443941,0.443941,0.444883,0.012051,0.000000,0.000000,0.000000,0,1,0,1,20.076884,0,0,0,0
72.7366,,0.443941,0.443941,0.444883,0.012051,0.000000,0.000000,0.000000,0,1,0,1,20.072706,0,0,0,0
72.7566,,0.443941,0.443941,0.444883,0.012051,0.000000,0.000000,0.000000,0,1,0,1,20.201014,0,0,0,0
72.7777,,0.443941,0.443941,0.444883,0.012051,0.000000,0.000000,0.000000,0,1,0,1,20.208371,0,0,0,0
72.7976,,0.443941,0.443941,0.444883,0.012051,0.000000,0.000000,0.000000,0,1,0,1,20.214181,0,0,0,0
72.8178,,0.443941,0.443941,0.444883,0.012051,0.000000,0.000000,0.000000,0,1,0,1,20.067888,0,0,0,0
72.8374,,0.443941,0.443941,0.444883,0.012051,0.000000,0.000000,0.000000,0,1,0,1,20.084960,0,0,0,0
72.8576,,0.443941,0.443941,0.444883,0.012051,0.000000,0.000000,0.000000,0,1,0,1,20.203962,0,0,0,0
72.8776,,0.443941,0.443941,0.444883,0.012051,0.000000,0.000000,0.000000,0,1,0,1,20.194541,0,0,0,0
72.8987,,0.443941,0.443941,0.444883,0.012051,0.000000,0.000000,0.000000,0,1,0,1,20.206141,0,0,0,0
72.9188,,0.443941,0.443941,0.444883,0.012051,0.000000,0.000000,0.000000,0,1,0,1,20.194830,0,0,0,0
72.9385,,0.443941,0.443941,0.444883,0.012051,0.000000,0.000000,0.000000,0,1,0,1,20.222217,0,0,0,0
72.9585,,0.443941,0.443941,0.444883,0.012051,0.000000,0.000000,0.000000,0,1,0,1,20.185685,0,0,0,0
72.9786,,0.443941,0.443941,0.444883,0.012051,0.000000,0.000000,0.000000,0,1,0,1,20.168512,0,0,0,0
72.9997,,0.443941,0.443941,0.444883,0.012051,0.000000,0.000000,0.000000,0,1,0,1,20.170863,0,0,0,0
73.0194,,0.443941,0.443941,0.444883,0.012051,0.000000,0.000000,0.000000,0,1,0,1,20.189195,0,0,0,0
73.0395,,0.443941,0.443941,0.444883,0.012051,0.000000,0.000000,0.000000,0,1,0,1,20.193722,0,0,0,0
73.0596,,0.443941,0.443941,0.444883,0.012051,0.000000,0.000000,0.000000,0,1,0,1,20.179525,0,0,0,0
73.0796,,0.443941,0.443941,0.444883,0.012051,0.000000,0.000000,0.000000,0,1,0,1,20.108442,0,0,0,0
73.0995,,0.443941,0.443941,0.444883,0.012051,0.000000,0.000000,0.000000,0,1,0,1,20.156290,0,0,0,0
73.1206,,0.443941,0.443941,0.444883,0.012051,0.000000,0.000000,0.000000,0,1,0,1,20.173432,0,0,0,0
73.1406,,0.443941,0.443941,0.444883,0.012051,0.000000,0.000000,0.000000,0,1,0,1,20.106353,0,0,0,0
73.1605,,0.443941,0.443941,0.444883,0.012051,0.000000,0.000000,0.000000,0,1,0,1,20.168601,0,0,0,0
73.1806,,0.443941,0.443941,0.444883,0.012051,0.000000,0.000000,0.000000,0,1,0,1,20.184606,0,0,0,0
73.2005,,0.443941,0.443941,0.444883,0.012051,0.000000,0.000000,0.000000,0,1,0,1,20.132930,0,0,0,0
73.2205,,0.443941,0.443941,0.444883,0.012051,0.000000,0.000000,0.000000,0,1,0,1,20.218750,0,0,0,0
73.2416,,0.443941,0.443941,0.444883,0.012051,0.000000,0.000000,0.000000,0,1,0,1,20.207679,0,0,0,0
73.2616,,0.443941,0.443941,0.444883,0.012051,0.000000,0.000000,0.000000,0,1,0,1,20.191223,0,0,0,0
73.2816,,0.443941,0.443941,0.444883,0.012051,0.000000,0.000000,0.000000,0,1,0,1,20.217734,0,0,0,0
73.3016,,0.443941,0.443941,0.444883,0.012051,0.000000,0.000000,0.000000,0,1,0,1,20.158842,0,0,0,0
73.3216,,0.443941,0.443941,0.444883,0.012051,0.000000,0.000000,0.000000,0,1,0,1,20.261734,0,0,0,0
73.3427,,0.443941,0.443941,0.444883,0.012051,0.000000,0.000000,0.000000,0,1,0,1,20.493889,0,0,0,0
73.3627,,0.443941,0.443941,0.444883,0.012051,0.000000,0.000000,0.000000,0,1,0,1,20.206848,0,0,0,0
73.3826,,0.443941,0.443941,0.444883,0.012051,0.000000,0.000000,0.000000,0,1,0,1,20.223672,0,0,0,0
73.4036,,0.443941,0.443941,0.444883,0.012051,0.000000,0.000000,0.000000,0,1,0,1,20.191740,0,0,0,0
73.4236,,0.443941,0.443941,0.444883,0.012051,0.000000,0.000000,0.000000,0,1,0,1,20.190436,0,0,0,0
73.4442,,0.443941,0.443941,0.444883,0.012051,0.000000,0.000000,0.000000,0,1,0,1,20.241996,0,0,0,0
73.4636,,0.443941,0.443941,0.444883,0.012051,0.000000,0.000000,0.000000,0,1,0,1,20.231105,0,0,0,0
73.4837,,0.443941,0.443941,0.444883,0.012051,0.000000,0.000000,0.000000,0,1,0,1,20.233477,0,0,0,0
73.5046,,0.443941,0.443941,0.444883,0.012051,0.000000,0.000000,0.000000,0,1,0,1,20.213167,0,0,0,0
73.5246,,0.443941,0.443941,0.444883,0.012051,0.000000,0.000000,0.000000,0,1,0,1,20.214190,0,0,0,0
73.5451,,0.443941,0.443941,0.444883,0.012051,0.000000,0.000000,0.000000,0,1,0,1,20.228084,0,0,0,0
73.5646,,0.443941,0.443941,0.444883,0.012051,0.000000,0.000000,0.000000,0,1,0,1,20.241396,0,0,0,0
73.5856,,0.443941,0.443941,0.444883,0.012051,0.000000,0.000000,0.000000,0,1,0,1,20.192015,0,0,0,0
73.6056,,0.443941,0.443941,0.444883,0.012051,0.000000,0.000000,0.000000,0,1,0,1,20.186455,0,0,0,0
73.6256,,0.443941,0.443941,0.444883,0.012051,0.000000,0.000000,0.000000,0,1,0,1,20.253183,0,0,0,0
73.6457,,0.443941,0.443941,0.444883,0.012051,0.000000,0.000000,0.000000,0,1,0,1,20.219133,0,0,0,0
73.6657,,0.443941,0.443941,0.444883,0.012051,0.000000,0.000000,0.000000,0,1,0,1,20.203458,0,0,0,0
73.6866,,0.443941,0.443941,0.444883,0.012051,0.000000,0.000000,0.000000,0,1,0,1,20.229232,0,0,0,0
73.7065,,0.443941,0.443941,0.444883,0.012051,0.000000,0.000000,0.000000,0,1,0,1,20.218662,0,0,0,0
73.7266,,0.443941,0.443941,0.444883,0.012051,0.000000,0.000000,0.000000,0,1,0,1,20.235374,0,0,0,0
73.7466,,0.443941,0.443941,0.444883,0.012051,0.000000,0.000000,0.000000,0,1,0,1,20.192031,0,0,0,0
73.7667,,0.443941,0.443941,0.444883,0.012051,0.000000,0.000000,0.000000,0,1,0,1,20.136359,0,0,0,0
73.7877,,0.443941,0.443941,0.444883,0.012051,0.000000,0.000000,0.000000,0,1,0,1,20.663332,0,0,0,0
73.8076,,0.443941,0.443941,0.444883,0.012051,0.000000,0.000000,0.000000,0,1,0,1,20.205948,0,0,0,0
73.8286,,0.443941,0.443941,0.444883,0.012051,0.000000,0.000000,0.000000,0,1,0,1,20.213731,0,0,0,0
73.8486,,0.443941,0.443941,0.444883,0.012051,0.000000,0.000000,0.000000,0,1,0,1,20.207835,0,0,0,0
73.8687,,0.443941,0.443941,0.444883,0.012051,0.000000,0.000000,0.000000,0,1,0,1,20.085843,0,0,0,0
73.8886,,0.443941,0.443941,0.444883,0.012051,0.000000,0.000000,0.000000,0,1,0,1,20.085099,0,0,0,0
73.9086,,0.443941,0.443941,0.444883,0.012051,0.000000,0.000000,0.000000,0,1,0,1,20.257339,0,0,0,0
73.9284,,0.443941,0.443941,0.444883,0.012051,0.000000,0.000000,0.000000,0,1,0,1,20.078597,0,0,0,0
73.9487,,0.443941,0.443941,0.444883,0.012051,0.000000,0.000000,0.000000,0,1,0,1,20.086879,0,0,0,0
73.9696,,0.443941,0.443941,0.444883,0.012051,0.000000,0.000000,0.000000,0,1,0,1,20.122477,0,0,0,0
73.9896,,0.443941,0.443941,0.444883,0.012051,0.000000,0.000000,0.000000,0,1,0,1,20.130844,0,0,0,0
74.0096,,0.443941,0.443941,0.444883,0.012051,0.000000,0.000000,0.000000,0,1,0,1,20.118345,0,0,0,0
74.0297,,0.443941,0.443941,0.444883,0.012051,0.000000,0.000000,0.000000,0,1,0,1,20.188926,0,0,0,0
74.0495,,0.443941,0.443941,0.444883,0.012051,0.000000,0.000000,0.000000,0,1,0,1,20.250598,0,0,0,0
74.0697,,0.443941,0.443941,0.444883,0.012051,0.000000,0.000000,0.000000,0,1,0,1,20.074026,0,0,0,0
74.0894,,0.443941,0.443941,0.444883,0.012051,0.000000,0.000000,0.000000,0,1,0,1,20.143848,0,0,0,0
74.1106,,0.443941,0.443941,0.444883,0.012051,0.000000,0.000000,0.000000,0,1,0,1,20.238836,0,0,0,0
74.1306,,0.443941,0.443941,0.444883,0.012051,0.000000,0.000000,0.000000,0,1,0,1,20.110982,0,0,0,0
74.1506,,0.443941,0.443941,0.444883,0.012051,0.000000,0.000000,0.000000,0,1,0,1,20.111829,0,0,0,0
74.1705,,0.443941,0.443941,0.444883,0.012051,0.000000,0.000000,0.000000,0,1,0,1,20.184343,0,0,0,0
74.1905,,0.443941,0.443941,0.444883,0.012051,0.000000,0.000000,0.000000,0,1,0,1,20.181153,0,0,0,0
74.2104,,0.443941,0.443941,0.444883,0.012051,0.000000,0.000000,0.000000,0,1,0,1,20.082807,0,0,0,0
74.2304,,0.443941,0.443941,0.444883,0.012051,0.000000,0.000000,0.000000,0,1,0,1,20.081451,0,0,0,0
74.2505,,0.443941,0.443941,0.444883,0.012051,0.000000,0.000000,0.000000,0,1,0,1,20.113410,0,0,0,0
74.2704,,0.443941,0.443941,0.444883,0.012051,0.000000,0.000000,0.000000,0,1,0,1,20.077833,0,0,0,0
74.2915,,0.443941,0.443941,0.444883,0.012051,0.000000,0.000000,0.000000,0,1,0,1,20.071453,0,0,0,0
74.3117,,0.443941,0.443941,0.444883,0.012051,0.000000,0.000000,0.000000,0,1,0,1,20.174766,0,0,0,0
74.3317,,0.443941,0.443941,0.444883,0.012051,0.000000,0.000000,0.000000,0,1,0,1,20.219990,0,0,0,0
74.3515,,0.443941,0.443941,0.444883,0.012051,0.000000,0.000000,0.000000,0,1,0,1,20.222976,0,0,0,0
74.3715,,0.443941,0.443941,0.444883,0.012051,0.000000,0.000000,0.000000,0,1,0,1,20.088528,0,0,0,0
74.3915,,0.443941,0.443941,0.444883,0.012051,0.000000,0.000000,0.000000,0,1,0,1,20.077072,0,0,0,0
74.4115,,0.443941,0.443941,0.444883,0.012051,0.000000,0.000000,0.000000,0,1,0,1,20.141396,0,0,0,0
74.4326,,0.443941,0.443941,0.444883,0.012051,0.000000,0.000000,0.000000,0,1,0,1,20.148126,0,0,0,0
74.4524,,0.443941,0.443941,0.444883,0.012051,0.000000,0.000000,0.000000,0,1,0,1,20.153096,0,0,0,0
74.4725,,0.443941,0.443941,0.444883,0.012051,0.000000,0.000000,0.000000,0,1,0,1,20.482431,0,0,0,0
74.4925,,0.443941,0.443941,0.444883,0.012051,0.000000,0.000000,0.000000,0,1,0,1,20.078171,0,0,0,0
74.5135,,0.443941,0.443941,0.444883,0.012051,0.000000,0.000000,0.000000,0,1,0,1,20.187005,0,0,0,0
74.5336,,0.443941,0.443941,0.444883,0.012051,0.000000,0.000000,0.000000,0,1,0,1,20.202445,0,0,0,0
74.5536,,0.443941,0.443941,0.444883,0.012051,0.000000,0.000000,0.000000,0,1,0,1,20.211664,0,0,0,0
74.5735,,0.443941,0.443941,0.444883,0.012051,0.000000,0.000000,0.000000,0,1,0,1,20.247243,0,0,0,0
74.5936,,0.443941,0.443941,0.444883,0.012051,0.000000,0.000000,0.000000,0,1,0,1,20.202690,0,0,0,0
74.6147,,0.443941,0.443941,0.444883,0.012051,0.000000,0.000000,0.000000,0,1,0,1,20.131742,0,0,0,0
74.6344,,0.443941,0.443941,0.444883,0.012051,0.000000,0.000000,0.000000,0,1,0,1,20.251285,0,0,0,0
74.6545,,0.443941,0.443941,0.444883,0.012051,0.000000,0.000000,0.000000,0,1,0,1,20.229220,0,0,0,0
74.6746,,0.443941,0.443941,0.444883,0.012051,0.000000,0.000000,0.000000,0,1,0,1,20.217110,0,0,0,0
74.6946,,0.443941,0.443941,0.444883,0.012051,0.000000,0.000000,0.000000,0,1,0,1,20.221523,0,0,0,0
74.7155,,0.443941,0.443941,0.444883,0.012051,0.000000,0.000000,0.000000,0,1,0,1,20.247288,0,0,0,0
74.7355,,0.443941,0.443941,0.444883,0.012051,0.000000,0.000000,0.000000,0,1,0,1,20.199261,0,0,0,0
74.7556,,0.443941,0.443941,0.444883,0.012051,0.000000,0.000000,0.000000,0,1,0,1,20.132367,0,0,0,0
74.7755,,0.443941,0.443941,0.444883,0.012051,0.000000,0.000000,0.000000,0,1,0,1,20.039743,0,0,0,0
74.7956,,0.443941,0.443941,0.444883,0.012051,0.000000,0.000000,0.000000,0,1,0,1,20.300128,0,0,0,0
74.8154,,0.443941,0.443941,0.444883,0.012051,0.000000,0.000000,0.000000,0,1,0,1,20.111631,0,0,0,0
74.8364,,0.443941,0.443941,0.444883,0.012051,0.000000,0.000000,0.000000,0,1,0,1,20.190842,0,0,0,0
74.8565,,0.443941,0.443941,0.444883,0.012051,0.000000,0.000000,0.000000,0,1,0,1,20.176368,0,0,0,0
74.8766,,0.443941,0.443941,0.444883,0.012051,0.000000,0.000000,0.000000,0,1,0,1,20.285338,0,0,0,0
74.8966,,0.443941,0.443941,0.444883,0.012051,0.000000,0.000000,0.000000,0,1,0,1,20.108007,0,0,0,0
74.9164,,0.443941,0.443941,0.444883,0.012051,0.000000,0.000000,0.000000,0,1,0,1,20.068527,0,0,0,0
74.9364,,0.443941,0.443941,0.444883,0.012051,0.000000,0.000000,0.000000,0,1,0,1,20.104269,0,0,0,0
74.9575,,0.443941,0.443941,0.444883,0.012051,0.000000,0.000000,0.000000,0,1,0,1,20.088711,0,0,0,0
74.9775,,0.443941,0.443941,0.444883,0.012051,0.000000,0.000000,0.000000,0,1,0,1,20.116152,0,0,0,0
74.9976,,0.443941,0.443941,0.444883,0.012051,0.000000,0.000000,0.000000,0,1,0,1,20.110233,0,0,0,0
75.0176,,0.443941,0.443941,0.444883,0.012051,0.000000,0.000000,0.000000,0,1,0,1,20.236232,0,0,0,0
75.0376,,0.443941,0.443941,0.444883,0.012051,0.000000,0.000000,0.000000,0,1,0,1,20.189366,0,0,0,0
75.0576,,0.443941,0.443941,0.444883,0.012051,0.000000,0.000000,0.000000,0,1,0,1,20.239372,0,0,0,0
75.0785,,0.443941,0.443941,0.444883,0.012051,0.000000,0.000000,0.000000,0,1,0,1,20.206713,0,0,0,0
75.0986,,0.443941,0.443941,0.444883,0.012051,0.000000,0.000000,0.000000,0,1,0,1,20.261662,0,0,0,0
75.1186,,0.443941,0.443941,0.444883,0.012051,0.000000,0.000000,0.000000,0,1,0,1,20.261480,0,0,0,0
75.1386,,0.443941,0.443941,0.444883,0.012051,0.000000,0.000000,0.000000,0,1,0,1,20.199389,0,0,0,0
75.1595,,0.443941,0.443941,0.444883,0.012051,0.000000,0.000000,0.000000,0,1,0,1,20.248746,0,0,0,0
75.1795,,0.443941,0.443941,0.444883,0.012051,0.000000,0.000000,0.000000,0,1,0,1,20.203313,0,0,0,0
75.1996,,0.443941,0.443941,0.444883,0.012051,0.000000,0.000000,0.000000,0,1,0,1,20.203135,0,0,0,0
75.2195,,0.443941,0.443941,0.444883,0.012051,0.000000,0.000000,0.000000,0,1,0,1,20.079927,0,0,0,0
75.2395,,0.443941,0.443941,0.444883,0.012051,0.000000,0.000000,0.000000,0,1,0,1,20.188934,0,0,0,0
75.2595,,0.443941,0.443941,0.444883,0.012051,0.000000,0.000000,0.000000,0,1,0,1,20.208410,0,0,0,0
75.2805,,0.443941,0.443941,0.444883,0.012051,0.000000,0.000000,0.000000,0,1,0,1,20.205548,0,0,0,0
75.3005,,0.443941,0.443941,0.444883,0.012051,0.000000,0.000000,0.000000,0,1,0,1,20.209161,0,0,0,0
75.3205,,0.443941,0.443941,0.444883,0.012051,0.000000,0.000000,0.000000,0,1,0,1,20.080893,0,0,0,0
75.3405,,0.443941,0.443941,0.444883,0.012051,0.000000,0.000000,0.000000,0,1,0,1,20.233222,0,0,0,0
75.3605,,0.443941,0.443941,0.444883,0.012051,0.000000,0.000000,0.000000,0,1,0,1,20.217978,0,0,0,0
75.3816,,0.443941,0.443941,0.444883,0.012051,0.000000,0.000000,0.000000,0,1,0,1,20.209857,0,0,0,0
75.4015,,0.443941,0.443941,0.444883,0.012051,0.000000,0.000000,0.000000,0,1,0,1,20.222910,0,0,0,0
75.4216,,0.443941,0.443941,0.444883,0.012051,0.000000,0.000000,0.000000,0,1,0,1,20.442992,0,0,0,0
75.4415,,0.443941,0.443941,0.444883,0.012051,0.000000,0.000000,0.000000,0,1,0,1,20.092803,0,0,0,0
75.4615,,0.443941,0.443941,0.444883,0.012051,0.000000,0.000000,0.000000,0,1,0,1,20.079874,0,0,0,0
75.4825,,0.443941,0.443941,0.444883,0.012051,0.000000,0.000000,0.000000,0,1,0,1,20.127903,0,0,0,0
75.5025,,0.443941,0.443941,0.444883,0.012051,0.000000,0.000000,0.000000,0,1,0,1,20.245771,0,0,0,0
75.5225,,0.443941,0.443941,0.444883,0.012051,0.000000,0.000000,0.000000,0,1,0,1,20.395906,0,0,0,0
75.5425,,0.443941,0.443941,0.444883,0.012051,0.000000,0.000000,0.000000,0,1,0,1,20.194756,0,0,0,0
75.5636,,0.443941,0.443941,0.444883,0.012051,0.000000,0.000000,0.000000,0,1,0,1,20.203908,0,0,0,0
75.5835,,0.443941,0.443941,0.444883,0.012051,0.000000,0.000000,0.000000,0,1,0,1,20.201012,0,0,0,0
75.6037,,0.443941,0.443941,0.444883,0.012051,0.000000,0.000000,0.000000,0,1,0,1,20.219858,0,0,0,0
75.6235,,0.443941,0.443941,0.444883,0.012051,0.000000,0.000000,0.000000,0,1,0,1,20.214346,0,0,0,0
75.6435,,0.443941,0.443941,0.444883,0.012051,0.000000,0.000000,0.000000,0,1,0,1,20.084151,0,0,0,0
75.6635,,0.443941,0.443941,0.444883,0.012051,0.000000,0.000000,0.000000,0,1,0,1,20.116758,0,0,0,0
75.6846,,0.443941,0.443941,0.444883,0.012051,0.000000,0.000000,0.000000,0,1,0,1,20.203502,0,0,0,0
75.7046,,0.443941,0.443941,0.444883,0.012051,0.000000,0.000000,0.000000,0,1,0,1,20.195587,0,0,0,0
75.7245,,0.443941,0.443941,0.444883,0.012051,0.000000,0.000000,0.000000,0,1,0,1,20.280281,0,0,0,0
75.7444,,0.443941,0.443941,0.444883,0.012051,0.000000,0.000000,0.000000,0,1,0,1,20.191214,0,0,0,0
75.7655,,0.443941,0.443941,0.444883,0.012051,0.000000,0.000000,0.000000,0,1,0,1,20.209614,0,0,0,0
75.7855,,0.443941,0.443941,0.444883,0.012051,0.000000,0.000000,0.000000,0,1,0,1,20.314663,0,0,0,0
75.8056,,0.443941,0.443941,0.444883,0.012051,0.000000,0.000000,0.000000,0,1,0,1,20.314589,0,0,0,0
75.8257,,0.443941,0.443941,0.444883,0.012051,0.000000,0.000000,0.000000,0,1,0,1,20.225482,0,0,0,0
75.8455,,0.443941,0.443941,0.444883,0.012051,0.000000,0.000000,0.000000,0,1,0,1,20.085427,0,0,0,0
75.8666,,0.443941,0.443941,0.444883,0.012051,0.000000,0.000000,0.000000,0,1,0,1,20.087028,0,0,0,0
75.8864,,0.443941,0.443941,0.444883,0.012051,0.000000,0.000000,0.000000,0,1,0,1,20.121391,0,0,0,0
75.9066,,0.443941,0.443941,0.444883,0.012051,0.000000,0.000000,0.000000,0,1,0,1,20.261843,0,0,0,0
75.9265,,0.443941,0.443941,0.444883,0.012051,0.000000,0.000000,0.000000,0,1,0,1,20.486007,0,0,0,0
75.9475,,0.443941,0.443941,0.444883,0.012051,0.000000,0.000000,0.000000,0,1,0,1,20.115007,0,0,0,0
75.9675,,0.443941,0.443941,0.444883,0.012051,0.000000,0.000000,0.000000,0,1,0,1,20.280340,0,0,0,0
75.9876,,0.443941,0.443941,0.444883,0.012051,0.000000,0.000000,0.000000,0,1,0,1,20.210701,0,0,0,0
76.0076,,0.443941,0.443941,0.444883,0.012051,0.000000,0.000000,0.000000,0,1,0,1,20.144164,0,0,0,0
76.0276,,0.443941,0.443941,0.444883,0.012051,0.000000,0.000000,0.000000,0,1,0,1,20.069674,0,0,0,0
76.0485,,0.443941,0.443941,0.444883,0.012051,0.000000,0.000000,0.000000,0,1,0,1,20.285210,0,0,0,0
76.0686,,0.443941,0.443941,0.444883,0.012051,0.000000,0.000000,0.000000,0,1,0,1,20.097226,0,0,0,0
76.0886,,0.443941,0.443941,0.444883,0.012051,0.000000,0.000000,0.000000,0,1,0,1,20.132538,0,0,0,0
76.1086,,0.443941,0.443941,0.444883,0.012051,0.000000,0.000000,0.000000,0,1,0,1,20.187755,0,0,0,0
76.1286,,0.443941,0.443941,0.444883,0.012051,0.000000,0.000000,0.000000,0,1,0,1,20.071327,0,0,0,0
76.1486,,0.443941,0.443941,0.444883,0.012051,0.000000,0.000000,0.000000,0,1,0,1,20.076169,0,0,0,0
76.1686,,0.443941,0.443941,0.444883,0.012051,0.000000,0.000000,0.000000,0,1,0,1,20.183969,0,0,0,0
76.1885,,0.443941,0.443941,0.444883,0.012051,0.000000,0.000000,0.000000,0,1,0,1,20.184955,0,0,0,0
76.2096,,0.443941,0.443941,0.444883,0.012051,0.000000,0.000000,0.000000,0,1,0,1,20.071439,0,0,0,0
76.2296,,0.443941,0.443941,0.444883,0.012051,0.000000,0.000000,0.000000,0,1,0,1,20.207110,0,0,0,0
76.2497,,0.443941,0.443941,0.444883,0.012051,0.000000,0.000000,0.000000,0,1,0,1,20.213988,0,0,0,0
76.2696,,0.443941,0.443941,0.444883,0.012051,0.000000,0.000000,0.000000,0,1,0,1,20.208892,0,0,0,0
76.2896,,0.443941,0.443941,0.444883,0.012051,0.000000,0.000000,0.000000,0,1,0,1,20.167921,0,0,0,0
76.3095,,0.443941,0.443941,0.444883,0.012051,0.000000,0.000000,0.000000,0,1,0,1,20.180631,0,0,0,0
76.3305,,0.443941,0.443941,0.444883,0.012051,0.000000,0.000000,0.000000,0,1,0,1,20.113728,0,0,0,0
76.3506,,0.443941,0.443941,0.444883,0.012051,0.000000,0.000000,0.000000,0,1,0,1,20.173559,0,0,0,0
76.3706,,0.443941,0.443941,0.444883,0.012051,0.000000,0.000000,0.000000,0,1,0,1,20.179827,0,0,0,0
76.3906,,0.443941,0.443941,0.444883,0.012051,0.000000,0.000000,0.000000,0,1,0,1,20.155656,0,0,0,0
76.4105,,0.443941,0.443941,0.444883,0.012051,0.000000,0.000000,0.000000,0,1,0,1,20.162401,0,0,0,0
76.4306,,0.443941,0.443941,0.444883,0.012051,0.000000,0.000000,0.000000,0,1,0,1,20.203579,0,0,0,0
76.4517,,0.443941,0.443941,0.444883,0.012051,0.000000,0.000000,0.000000,0,1,0,1,20.202741,0,0,0,0
76.4716,,0.443941,0.443941,0.444883,0.012051,0.000000,0.000000,0.000000,0,1,0,1,20.444521,0,0,0,0
76.4916,,0.443941,0.443941,0.444883,0.012051,0.000000,0.000000,0.000000,0,1,0,1,20.085850,0,0,0,0
76.5115,,0.443941,0.443941,0.444883,0.012051,0.000000,0.000000,0.000000,0,1,0,1,20.105395,0,0,0,0
76.5326,,0.443941,0.443941,0.444883,0.012051,0.000000,0.000000,0.000000,0,1,0,1,20.111794,0,0,0,0
76.5525,,0.443941,0.443941,0.444883,0.012051,0.000000,0.000000,0.000000,0,1,0,1,20.168433,0,0,0,0
76.5726,,0.443941,0.443941,0.444883,0.012051,0.000000,0.000000,0.000000,0,1,0,1,20.197291,0,0,0,0
76.5926,,0.443941,0.443941,0.444883,0.012051,0.000000,0.000000,0.000000,0,1,0,1,20.212254,0,0,0,0
76.6126,,0.443941,0.443941,0.444883,0.012051,0.000000,0.000000,0.000000,0,1,0,1,20.202584,0,0,0,0
76.6327,,0.443941,0.443941,0.444883,0.012051,0.000000,0.000000,0.000000,0,1,0,1,20.212707,0,0,0,0
76.6536,,0.443941,0.443941,0.444883,0.012051,0.000000,0.000000,0.000000,0,1,0,1,20.231608,0,0,0,0
76.6736,,0.443941,0.443941,0.444883,0.012051,0.000000,0.000000,0.000000,0,1,0,1,20.310873,0,0,0,0
76.6936,,0.443941,0.443941,0.444883,0.012051,0.000000,0.000000,0.000000,0,1,0,1,20.194575,0,0,0,0
76.7137,,0.443941,0.443941,0.444883,0.012051,0.000000,0.000000,0.000000,0,1,0,1,20.170160,0,0,0,0
76.7346,,0.443941,0.443941,0.444883,0.012051,0.000000,0.000000,0.000000,0,1,0,1,20.193017,0,0,0,0
76.7545,,0.443941,0.443941,0.444883,0.012051,0.000000,0.000000,0.000000,0,1,0,1,20.210415,0,0,0,0
76.7745,,0.443941,0.443941,0.444883,0.012051,0.000000,0.000000,0.000000,0,1,0,1,20.212281,0,0,0,0
76.7947,,0.443941,0.443941,0.444883,0.012051,0.000000,0.000000,0.000000,0,1,0,1,20.086337,0,0,0,0
76.8145,,0.443941,0.443941,0.444883,0.012051,0.000000,0.000000,0.000000,0,1,0,1,20.232113,0,0,0,0
76.8345,,0.443941,0.443941,0.444883,0.012051,0.000000,0.000000,0.000000,0,1,0,1,20.200452,0,0,0,0
76.8557,,0.443941,0.443941,0.444883,0.012051,0.000000,0.000000,0.000000,0,1,0,1,20.194725,0,0,0,0
76.8756,,0.443941,0.443941,0.444883,0.012051,0.000000,0.000000,0.000000,0,1,0,1,20.211159,0,0,0,0
76.8956,,0.443941,0.443941,0.444883,0.012051,0.000000,0.000000,0.000000,0,1,0,1,20.210920,0,0,0,0
76.9155,,0.443941,0.443941,0.444883,0.012051,0.000000,0.000000,0.000000,0,1,0,1,20.084276,0,0,0,0
76.9355,,0.443941,0.443941,0.444883,0.012051,0.000000,0.000000,0.000000,0,1,0,1,20.081835,0,0,0,0
76.9555,,0.443941,0.443941,0.444883,0.012051,0.000000,0.000000,0.000000,0,1,0,1,20.126532,0,0,0,0
76.9765,,0.443941,0.443941,0.444883,0.012051,0.000000,0.000000,0.000000,0,1,0,1,20.109651,0,0,0,0
76.9966,,0.443941,0.443941,0.444883,0.012051,0.000000,0.000000,0.000000,0,1,0,1,20.080532,0,0,0,0
77.0165,,0.443941,0.443941,0.444883,0.012051,0.000000,0.000000,0.000000,0,1,0,1,20.244785,0,0,0,0
77.0366,,0.443941,0.443941,0.444883,0.012051,0.000000,0.000000,0.000000,0,1,0,1,20.305039,0,0,0,0
77.0565,,0.443941,0.443941,0.444883,0.012051,0.000000,0.000000,0.000000,0,1,0,1,20.088316,0,0,0,0
77.0765,,0.443941,0.443941,0.444883,0.012051,0.000000,0.000000,0.000000,0,1,0,1,20.081891,0,0,0,0
77.0976,,0.443941,0.443941,0.444883,0.012051,0.000000,0.000000,0.000000,0,1,0,1,20.498584,0,0,0,0
77.1177,,0.443941,0.443941,0.444883,0.012051,0.000000,0.000000,0.000000,0,1,0,1,20.230248,0,0,0,0
77.1376,,0.443941,0.443941,0.444883,0.012051,0.000000,0.000000,0.000000,0,1,0,1,20.193042,0,0,0,0
77.1576,,0.443941,0.443941,0.444883,0.012051,0.000000,0.000000,0.000000,0,1,0,1,20.198626,0,0,0,0
77.1785,,0.443941,0.443941,0.444883,0.012051,0.000000,0.000000,0.000000,0,1,0,1,20.195588,0,0,0,0
77.1985,,0.443941,0.443941,0.444883,0.012051,0.000000,0.000000,0.000000,0,1,0,1,20.202227,0,0,0,0
77.2187,,0.443941,0.443941,0.444883,0.012051,0.000000,0.000000,0.000000,0,1,0,1,20.316588,0,0,0,0
77.2386,,0.443941,0.443941,0.444883,0.012051,0.000000,0.000000,0.000000,0,1,0,1,20.161305,0,0,0,0
77.2586,,0.443941,0.443941,0.444883,0.012051,0.000000,0.000000,0.000000,0,1,0,1,20.114725,0,0,0,0
77.2796,,0.443941,0.443941,0.444883,0.012051,0.000000,0.000000,0.000000,0,1,0,1,20.089063,0,0,0,0
77.2997,,0.443941,0.443941,0.444883,0.012051,0.000000,0.000000,0.000000,0,1,0,1,20.230405,0,0,0,0
77.3196,,0.443941,0.443941,0.444883,0.012051,0.000000,0.000000,0.000000,0,1,0,1,20.234384,0,0,0,0
77.3395,,0.443941,0.443941,0.444883,0.012051,0.000000,0.000000,0.000000,0,1,0,1,20.296101,0,0,0,0
77.3606,,0.443941,0.443941,0.444883,0.012051,0.000000,0.000000,0.000000,0,1,0,1,20.202408,0,0,0,0
77.3806,,0.443941,0.443941,0.444883,0.012051,0.000000,0.000000,0.000000,0,1,0,1,20.210496,0,0,0,0
77.4007,,0.443941,0.443941,0.444883,0.012051,0.000000,0.000000,0.000000,0,1,0,1,20.339394,0,0,0,0
77.4206,,0.443941,0.443941,0.444883,0.012051,0.000000,0.000000,0.000000,0,1,0,1,20.191025,0,0,0,0
77.4406,,0.443941,0.443941,0.444883,0.012051,0.000000,0.000000,0.000000,0,1,0,1,20.206329,0,0,0,0
77.4616,,0.443941,0.443941,0.444883,0.012051,0.000000,0.000000,0.000000,0,1,0,1,20.217368,0,0,0,0
77.4817,,0.443941,0.443941,0.444883,0.012051,0.000000,0.000000,0.000000,0,1,0,1,20.464248,0,0,0,0
77.5016,,0.443941,0.443941,0.444883,0.012051,0.000000,0.000000,0.000000,0,1,0,1,20.070895,0,0,0,0
77.5217,,0.443941,0.443941,0.444883,0.012051,0.000000,0.000000,0.000000,0,1,0,1,20.191464,0,0,0,0
77.5426,,0.443941,0.443941,0.444883,0.012051,0.000000,0.000000,0.000000,0,1,0,1,20.207036,0,0,0,0
77.5627,,0.443941,0.443941,0.444883,0.012051,0.000000,0.000000,0.000000,0,1,0,1,20.150306,0,0,0,0
77.5827,,0.443941,0.443941,0.444883,0.012051,0.000000,0.000000,0.000000,0,1,0,1,20.063764,0,0,0,0
77.6026,,0.443941,0.443941,0.444883,0.012051,0.000000,0.000000,0.000000,0,1,0,1,20.285154,0,0,0,0
77.6225,,0.443941,0.443941,0.444883,0.012051,0.000000,0.000000,0.000000,0,1,0,1,20.110222,0,0,0,0
77.6425,,0.443941,0.443941,0.444883,0.012051,0.000000,0.000000,0.000000,0,1,0,1,20.085338,0,0,0,0
77.6625,,0.443941,0.443941,0.444883,0.012051,0.000000,0.000000,0.000000,0,1,0,1,20.075629,0,0,0,0
77.6825,,0.443941,0.443941,0.444883,0.012051,0.000000,0.000000,0.000000,0,1,0,1,20.118985,0,0,0,0
77.7036,,0.443941,0.443941,0.444883,0.012051,0.000000,0.000000,0.000000,0,1,0,1,20.251327,0,0,0,0
77.7235,,0.443941,0.443941,0.444883,0.012051,0.000000,0.000000,0.000000,0,1,0,1,20.090209,0,0,0,0
77.7436,,0.443941,0.443941,0.444883,0.012051,0.000000,0.000000,0.000000,0,1,0,1,20.262166,0,0,0,0
77.7636,,0.443941,0.443941,0.444883,0.012051,0.000000,0.000000,0.000000,0,1,0,1,20.104966,0,0,0,0
77.7837,,0.443941,0.443941,0.444883,0.012051,0.000000,0.000000,0.000000,0,1,0,1,20.071681,0,0,0,0
77.8036,,0.443941,0.443941,0.444883,0.012051,0.000000,0.000000,0.000000,0,1,0,1,20.107414,0,0,0,0
77.8246,,0.443941,0.443941,0.444883,0.012051,0.000000,0.000000,0.000000,0,1,0,1,20.232345,0,0,0,0
77.8447,,0.443941,0.443941,0.444883,0.012051,0.000000,0.000000,0.000000,0,1,0,1,20.192144,0,0,0,0
77.8646,,0.443941,0.443941,0.444883,0.012051,0.000000,0.000000,0.000000,0,1,0,1,20.248352,0,0,0,0
77.8848,,0.443941,0.443941,0.444883,0.012051,0.000000,0.000000,0.000000,0,1,0,1,20.081003,0,0,0,0
77.9047,,0.443941,0.443941,0.444883,0.012051,0.000000,0.000000,0.000000,0,1,0,1,20.076019,0,0,0,0
77.9246,,0.443941,0.443941,0.444883,0.012051,0.000000,0.000000,0.000000,0,1,0,1,20.077437,0,0,0,0
77.9445,,0.443941,0.443941,0.444883,0.012051,0.000000,0.000000,0.000000,0,1,0,1,20.157503,0,0,0,0
77.9656,,0.443941,0.443941,0.444883,0.012051,0.000000,0.000000,0.000000,0,1,0,1,20.312014,0,0,0,0
77.9856,,0.443941,0.443941,0.444883,0.012051,0.000000,0.000000,0.000000,0,1,0,1,20.174661,0,0,0,0
78.0057,,0.443941,0.443941,0.444883,0.012051,0.000000,0.000000,0.000000,0,1,0,1,20.077125,0,0,0,0
78.0257,,0.443941,0.443941,0.444883,0.012051,0.000000,0.000000,0.000000,0,1,0,1,20.202474,0,0,0,0
78.0455,,0.443941,0.443941,0.444883,0.012051,0.000000,0.000000,0.000000,0,1,0,1,20.117392,0,0,0,0
78.0655,,0.443941,0.443941,0.444883,0.012051,0.000000,0.000000,0.000000,0,1,0,1,20.225455,0,0,0,0
78.0866,,0.443941,0.443941,0.444883,0.012051,0.000000,0.000000,0.000000,0,1,0,1,20.146375,0,0,0,0
78.1066,,0.443941,0.443941,0.444883,0.012051,0.000000,0.000000,0.000000,0,1,0,1,20.156985,0,0,0,0
78.1265,,0.443941,0.443941,0.444883,0.012051,0.000000,0.000000,0.000000,0,1,0,1,20.227218,0,0,0,0
78.1466,,0.443941,0.443941,0.444883,0.012051,0.000000,0.000000,0.000000,0,1,0,1,20.099196,0,0,0,0
78.1666,,0.443941,0.443941,0.444883,0.012051,0.000000,0.000000,0.000000,0,1,0,1,20.150963,0,0,0,0
78.1865,,0.443941,0.443941,0.444883,0.012051,0.000000,0.000000,0.000000,0,1,0,1,20.080943,0,0,0,0
78.2076,,0.443941,0.443941,0.444883,0.012051,0.000000,0.000000,0.000000,0,1,0,1,20.084177,0,0,0,0
78.2277,,0.443941,0.443941,0.444883,0.012051,0.000000,0.000000,0.000000,0,1,0,1,20.113468,0,0,0,0
78.2476,,0.443941,0.443941,0.444883,0.012051,0.000000,0.000000,0.000000,0,1,0,1,20.181323,0,0,0,0
78.2677,,0.443941,0.443941,0.444883,0.012051,0.000000,0.000000,0.000000,0,1,0,1,20.178340,0,0,0,0
78.2876,,0.443941,0.443941,0.444883,0.012051,0.000000,0.000000,0.000000,0,1,0,1,20.119991,0,0,0,0
78.3075,,0.443941,0.443941,0.444883,0.012051,0.000000,0.000000,0.000000,0,1,0,1,20.070811,0,0,0,0
78.3277,,0.443941,0.443941,0.444883,0.012051,0.000000,0.000000,0.000000,0,1,0,1,20.064922,0,0,0,0
78.3477,,0.443941,0.443941,0.444883,0.012051,0.000000,0.000000,0.000000,0,1,0,1,20.070808,0,0,0,0
78.3677,,0.443941,0.443941,0.444883,0.012051,0.000000,0.000000,0.000000,0,1,0,1,20.089268,0,0,0,0
78.3875,,0.443941,0.443941,0.444883,0.012051,0.000000,0.000000,0.000000,0,1,0,1,20.125180,0,0,0,0
78.4076,,0.443941,0.443941,0.444883,0.012051,0.000000,0.000000,0.000000,0,1,0,1,20.085746,0,0,0,0
78.4287,,0.443941,0.443941,0.444883,0.012051,0.000000,0.000000,0.000000,0,1,0,1,20.161514,0,0,0,0
78.4486,,0.443941,0.443941,0.444883,0.012051,0.000000,0.000000,0.000000,0,1,0,1,20.088177,0,0,0,0
78.4686,,0.443941,0.443941,0.444883,0.012051,0.000000,0.000000,0.000000,0,1,0,1,20.197154,0,0,0,0
78.4886,,0.443941,0.443941,0.444883,0.012051,0.000000,0.000000,0.000000,0,1,0,1,20.129567,0,0,0,0
78.5086,,0.443941,0.443941,0.444883,0.012051,0.000000,0.000000,0.000000,0,1,0,1,20.081750,0,0,0,0
78.5286,,0.443941,0.443941,0.444883,0.012051,0.000000,0.000000,0.000000,0,1,0,1,20.238090,0,0,0,0
78.5496,,0.443941,0.443941,0.444883,0.012051,0.000000,0.000000,0.000000,0,1,0,1,20.121880,0,0,0,0
78.5696,,0.443941,0.443941,0.444883,0.012051,0.000000,0.000000,0.000000,0,1,0,1,20.233171,0,0,0,0
78.5895,,0.443941,0.443941,0.444883,0.012051,0.000000,0.000000,0.000000,0,1,0,1,20.118390,0,0,0,0
78.6096,,0.443941,0.443941,0.444883,0.012051,0.000000,0.000000,0.000000,0,1,0,1,20.094870,0,0,0,0
78.6296,,0.443941,0.443941,0.444883,0.012051,0.000000,0.000000,0.000000,0,1,0,1,20.077756,0,0,0,0
78.6496,,0.443941,0.443941,0.444883,0.012051,0.000000,0.000000,0.000000,0,1,0,1,20.079340,0,0,0,0
78.6696,,0.443941,0.443941,0.444883,0.012051,0.000000,0.000000,0.000000,0,1,0,1,20.072083,0,0,0,0
78.6895,,0.443941,0.443941,0.444883,0.012051,0.000000,0.000000,0.000000,0,1,0,1,20.109882,0,0,0,0
78.7095,,0.443941,0.443941,0.444883,0.012051,0.000000,0.000000,0.000000,0,1,0,1,20.109355,0,0,0,0
78.7306,,0.443941,0.443941,0.444883,0.012051,0.000000,0.000000,0.000000,0,1,0,1,20.108794,0,0,0,0
78.7506,,0.443941,0.443941,0.444883,0.012051,0.000000,0.000000,0.000000,0,1,0,1,20.175311,0,0,0,0
78.7706,,0.443941,0.443941,0.444883,0.012051,0.000000,0.000000,0.000000,0,1,0,1,20.191030,0,0,0,0
78.7905,,0.443941,0.443941,0.444883,0.012051,0.000000,0.000000,0.000000,0,1,0,1,20.192659,0,0,0,0
78.8106,,0.443941,0.443941,0.444883,0.012051,0.000000,0.000000,0.000000,0,1,0,1,20.086802,0,0,0,0
78.8306,,0.443941,0.443941,0.444883,0.012051,0.000000,0.000000,0.000000,0,1,0,1,20.196068,0,0,0,0
78.8516,,0.443941,0.443941,0.444883,0.012051,0.000000,0.000000,0.000000,0,1,0,1,20.202696,0,0,0,0
78.8716,,0.443941,0.443941,0.444883,0.012051,0.000000,0.000000,0.000000,0,1,0,1,20.320231,0,0,0,0
78.8916,,0.443941,0.443941,0.444883,0.012051,0.000000,0.000000,0.000000,0,1,0,1,20.334218,0,0,0,0
78.9126,,0.443941,0.443941,0.444883,0.012051,0.000000,0.000000,0.000000,0,1,0,1,20.379128,0,0,0,0
78.9326,,0.443941,0.443941,0.444883,0.012051,0.000000,0.000000,0.000000,0,1,0,1,20.215799,0,0,0,0
78.9526,,0.443941,0.443941,0.444883,0.012051,0.000000,0.000000,0.000000,0,1,0,1,20.238755,0,0,0,0
78.9726,,0.443941,0.443941,0.444883,0.012051,0.000000,0.000000,0.000000,0,1,0,1,20.235860,0,0,0,0
78.9937,,0.443941,0.443941,0.444883,0.012051,0.000000,0.000000,0.000000,0,1,0,1,20.205187,0,0,0,0
79.0136,,0.443941,0.443941,0.444883,0.012051,0.000000,0.000000,0.000000,0,1,0,1,20.120735,0,0,0,0
79.0336,,0.443941,0.443941,0.444883,0.012051,0.000000,0.000000,0.000000,0,1,0,1,20.209903,0,0,0,0
79.0537,,0.443941,0.443941,0.444883,0.012051,0.000000,0.000000,0.000000,0,1,0,1,20.226782,0,0,0,0
79.0736,,0.443941,0.443941,0.444883,0.012051,0.000000,0.000000,0.000000,0,1,0,1,20.205398,0,0,0,0
79.0936,,0.443941,0.443941,0.444883,0.012051,0.000000,0.000000,0.000000,0,1,0,1,20.221676,0,0,0,0
79.1146,,0.443941,0.443941,0.444883,0.012051,0.000000,0.000000,0.000000,0,1,0,1,20.213774,0,0,0,0
79.1346,,0.443941,0.443941,0.444883,0.012051,0.000000,0.000000,0.000000,0,1,0,1,20.196756,0,0,0,0
79.1546,,0.443941,0.443941,0.444883,0.012051,0.000000,0.000000,0.000000,0,1,0,1,20.153837,0,0,0,0
79.1745,,0.443941,0.443941,0.444883,0.012051,0.000000,0.000000,0.000000,0,1,0,1,20.158774,0,0,0,0
79.1945,,0.443941,0.443941,0.444883,0.012051,0.000000,0.000000,0.000000,0,1,0,1,20.195209,0,0,0,0
79.2156,,0.443941,0.443941,0.444883,0.012051,0.000000,0.000000,0.000000,0,1,0,1,20.171026,0,0,0,0
79.2356,,0.443941,0.443941,0.444883,0.012051,0.000000,0.000000,0.000000,0,1,0,1,20.431801,0,0,0,0
79.2557,,0.443941,0.443941,0.444883,0.012051,0.000000,0.000000,0.000000,0,1,0,1,20.075054,0,0,0,0
79.2757,,0.443941,0.443941,0.444883,0.012051,0.000000,0.000000,0.000000,0,1,0,1,20.081422,0,0,0,0
79.2957,,0.443941,0.443941,0.444883,0.012051,0.000000,0.000000,0.000000,0,1,0,1,20.089412,0,0,0,0
79.3158,,0.443941,0.443941,0.444883,0.012051,0.000000,0.000000,0.000000,0,1,0,1,20.084182,0,0,0,0
79.3356,,0.443941,0.443941,0.444883,0.012051,0.000000,0.000000,0.000000,0,1,0,1,20.104210,0,0,0,0
79.3568,,0.443941,0.443941,0.444883,0.012051,0.000000,0.000000,0.000000,0,1,0,1,20.096369,0,0,0,0
79.3767,,0.443941,0.443941,0.444883,0.012051,0.000000,0.000000,0.000000,0,1,0,1,20.096728,0,0,0,0
79.3967,,0.443941,0.443941,0.444883,0.012051,0.000000,0.000000,0.000000,0,1,0,1,20.091931,0,0,0,0
79.4166,,0.443941,0.443941,0.444883,0.012051,0.000000,0.000000,0.000000,0,1,0,1,20.080320,0,0,0,0
79.4367,,0.443941,0.443941,0.444883,0.012051,0.000000,0.000000,0.000000,0,1,0,1,20.072482,0,0,0,0
79.4567,,0.443941,0.443941,0.444883,0.012051,0.000000,0.000000,0.000000,0,1,0,1,20.068158,0,0,0,0
79.4767,,0.443941,0.443941,0.444883,0.012051,0.000000,0.000000,0.000000,0,1,0,1,20.082252,0,0,0,0
79.4967,,0.443941,0.443941,0.444883,0.012051,0.000000,0.000000,0.000000,0,1,0,1,20.090469,0,0,0,0
79.5166,,0.443941,0.443941,0.444883,0.012051,0.000000,0.000000,0.000000,0,1,0,1,20.086238,0,0,0,0
79.5367,,0.443941,0.443941,0.444883,0.012051,0.000000,0.000000,0.000000,0,1,0,1,20.166223,0,0,0,0
79.5577,,0.443941,0.443941,0.444883,0.012051,0.000000,0.000000,0.000000,0,1,0,1,20.220248,0,0,0,0
79.5776,,0.443941,0.443941,0.444883,0.012051,0.000000,0.000000,0.000000,0,1,0,1,20.236077,0,0,0,0
79.5978,,0.443941,0.443941,0.444883,0.012051,0.000000,0.000000,0.000000,0,1,0,1,20.527397,0,0,0,0
79.6188,,0.443941,0.443941,0.444883,0.012051,0.000000,0.000000,0.000000,0,1,0,1,20.353704,0,0,0,0
79.6388,,0.443941,0.443941,0.444883,0.012051,0.000000,0.000000,0.000000,0,1,0,1,20.244253,0,0,0,0
79.6586,,0.443941,0.443941,0.444883,0.012051,0.000000,0.000000,0.000000,0,1,0,1,20.089238,0,0,0,0
79.6786,,0.443941,0.443941,0.444883,0.012051,0.000000,0.000000,0.000000,0,1,0,1,20.083935,0,0,0,0
79.6986,,0.443941,0.443941,0.444883,0.012051,0.000000,0.000000,0.000000,0,1,0,1,20.218956,0,0,0,0
79.7197,,0.443941,0.443941,0.444883,0.012051,0.000000,0.000000,0.000000,0,1,0,1,20.264551,0,0,0,0
79.7396,,0.443941,0.443941,0.444883,0.012051,0.000000,0.000000,0.000000,0,1,0,1,20.280006,0,0,0,0
79.7596,,0.443941,0.443941,0.444883,0.012051,0.000000,0.000000,0.000000,0,1,0,1,20.129851,0,0,0,0
79.7795,,0.443941,0.443941,0.444883,0.012051,0.000000,0.000000,0.000000,0,1,0,1,20.094367,0,0,0,0
79.7996,,0.443941,0.443941,0.444883,0.012051,0.000000,0.000000,0.000000,0,1,0,1,20.081132,0,0,0,0
79.8195,,0.443941,0.443941,0.444883,0.012051,0.000000,0.000000,0.000000,0,1,0,1,20.108930,0,0,0,0
79.8396,,0.443941,0.443941,0.444883,0.012051,0.000000,0.000000,0.000000,0,1,0,1,20.143031,0,0,0,0
79.8606,,0.443941,0.443941,0.444883,0.012051,0.000000,0.000000,0.000000,0,1,0,1,20.117235,0,0,0,0
79.8806,,0.443941,0.443941,0.444883,0.012051,0.000000,0.000000,0.000000,0,1,0,1,20.184146,0,0,0,0
79.9006,,0.443941,0.443941,0.444883,0.012051,0.000000,0.000000,0.000000,0,1,0,1,20.195475,0,0,0,0
79.9205,,0.443941,0.443941,0.444883,0.012051,0.000000,0.000000,0.000000,0,1,0,1,20.086530,0,0,0,0
79.9405,,0.443941,0.443941,0.444883,0.012051,0.000000,0.000000,0.000000,0,1,0,1,20.070822,0,0,0,0
79.9607,,0.443941,0.443941,0.444883,0.012051,0.000000,0.000000,0.000000,0,1,0,1,20.077847,0,0,0,0
79.9808,,0.443941,0.443941,0.444883,0.012051,0.000000,0.000000,0.000000,0,1,0,1,20.275765,0,0,0,0
80.0017,,0.443941,0.443941,0.444883,0.012051,0.000000,0.000000,0.000000,0,1,0,1,20.300450,0,0,0,0
80.0216,,0.443941,0.443941,0.444883,0.012051,0.000000,0.000000,0.000000,0,1,0,1,20.140976,0,0,0,0
80.0415,,0.443941,0.443941,0.444883,0.012051,0.000000,0.000000,0.000000,0,1,0,1,20.119232,0,0,0,0
80.0617,,0.443941,0.443941,0.444883,0.012051,0.000000,0.000000,0.000000,0,1,0,1,20.234386,0,0,0,0
80.0816,,0.443941,0.443941,0.444883,0.012051,0.000000,0.000000,0.000000,0,1,0,1,20.054229,0,0,0,0
80.1015,,0.443941,0.443941,0.444883,0.012051,0.000000,0.000000,0.000000,0,1,0,1,20.078762,0,0,0,0
80.1215,,0.443941,0.443941,0.444883,0.012051,0.000000,0.000000,0.000000,0,1,0,1,20.074035,0,0,0,0
80.1427,,0.443941,0.443941,0.444883,0.012051,0.000000,0.000000,0.000000,0,1,0,1,20.130777,0,0,0,0
80.1626,,0.443941,0.443941,0.444883,0.012051,0.000000,0.000000,0.000000,0,1,0,1,20.447073,0,0,0,0
80.1826,,0.443941,0.443941,0.444883,0.012051,0.000000,0.000000,0.000000,0,1,0,1,20.241338,0,0,0,0
80.2026,,0.443941,0.443941,0.444883,0.012051,0.000000,0.000000,0.000000,0,1,0,1,20.195639,0,0,0,0
80.2236,,0.443941,0.443941,0.444883,0.012051,0.000000,0.000000,0.000000,0,1,0,1,20.187274,0,0,0,0
80.2438,,0.443941,0.443941,0.444883,0.012051,0.000000,0.000000,0.000000,0,1,0,1,20.302919,0,0,0,0
80.2638,,0.443941,0.443941,0.444883,0.012051,0.000000,0.000000,0.000000,0,1,0,1,20.073370,0,0,0,0
80.2838,,0.443941,0.443941,0.444883,0.012051,0.000000,0.000000,0.000000,0,1,0,1,20.074858,0,0,0,0
80.3037,,0.443941,0.443941,0.444883,0.012051,0.000000,0.000000,0.000000,0,1,0,1,20.094236,0,0,0,0
80.3236,,0.443941,0.443941,0.444883,0.012051,0.000000,0.000000,0.000000,0,1,0,1,20.101354,0,0,0,0
80.3438,,0.443941,0.443941,0.444883,0.012051,0.000000,0.000000,0.000000,0,1,0,1,20.102596,0,0,0,0
80.3647,,0.443941,0.443941,0.444883,0.012051,0.000000,0.000000,0.000000,0,1,0,1,20.117414,0,0,0,0
80.3846,,0.443941,0.443941,0.444883,0.012051,0.000000,0.000000,0.000000,0,1,0,1,20.195031,0,0,0,0
80.4046,,0.443941,0.443941,0.444883,0.012051,0.000000,0.000000,0.000000,0,1,0,1,20.254283,0,0,0,0
80.4247,,0.443941,0.443941,0.444883,0.012051,0.000000,0.000000,0.000000,0,1,0,1,20.205988,0,0,0,0
80.4447,,0.443941,0.443941,0.444883,0.012051,0.000000,0.000000,0.000000,0,1,0,1,20.205479,0,0,0,0
80.4658,,0.443941,0.443941,0.444883,0.012051,0.000000,0.000000,0.000000,0,1,0,1,20.198403,0,0,0,0
80.4857,,0.443941,0.443941,0.444883,0.012051,0.000000,0.000000,0.000000,0,1,0,1,20.202692,0,0,0,0
80.5057,,0.443941,0.443941,0.444883,0.012051,0.000000,0.000000,0.000000,0,1,0,1,20.066558,0,0,0,0
80.5257,,0.443941,0.443941,0.444883,0.012051,0.000000,0.000000,0.000000,0,1,0,1,20.243900,0,0,0,0
80.5458,,0.443941,0.443941,0.444883,0.012051,0.000000,0.000000,0.000000,0,1,0,1,20.223318,0,0,0,0
80.5667,,0.443941,0.443941,0.444883,0.012051,0.000000,0.000000,0.000000,0,1,0,1,20.215669,0,0,0,0
80.5866,,0.443941,0.443941,0.444883,0.012051,0.000000,0.000000,0.000000,0,1,0,1,20.209602,0,0,0,0
80.6068,,0.443941,0.443941,0.444883,0.012051,0.000000,0.000000,0.000000,0,1,0,1,20.243295,0,0,0,0
80.6267,,0.443941,0.443941,0.444883,0.012051,0.000000,0.000000,0.000000,0,1,0,1,20.208382,0,0,0,0
80.6467,,0.443941,0.443941,0.444883,0.012051,0.000000,0.000000,0.000000,0,1,0,1,20.154830,0,0,0,0
80.6677,,0.443941,0.443941,0.444883,0.012051,0.000000,0.000000,0.000000,0,1,0,1,20.204628,0,0,0,0
80.6877,,0.443941,0.443941,0.444883,0.012051,0.000000,0.000000,0.000000,0,1,0,1,20.370380,0,0,0,0
80.7077,,0.443941,0.443941,0.444883,0.012051,0.000000,0.000000,0.000000,0,1,0,1,20.188163,0,0,0,0
80.7277,,0.443941,0.443941,0.444883,0.012051,0.000000,0.000000,0.000000,0,1,0,1,20.227452,0,0,0,0
80.7478,,0.443941,0.443941,0.444883,0.012051,0.000000,0.000000,0.000000,0,1,0,1,20.191346,0,0,0,0
80.7687,,0.443941,0.443941,0.444883,0.012051,0.000000,0.000000,0.000000,0,1,0,1,20.220578,0,0,0,0
80.7887,,0.443941,0.443941,0.444883,0.012051,0.000000,0.000000,0.000000,0,1,0,1,20.365926,0,0,0,0
80.8087,,0.443941,0.443941,0.444883,0.012051,0.000000,0.000000,0.000000,0,1,0,1,20.215148,0,0,0,0
80.8287,,0.443941,0.443941,0.444883,0.012051,0.000000,0.000000,0.000000,0,1,0,1,20.172642,0,0,0,0
80.8497,,0.443941,0.443941,0.444883,0.012051,0.000000,0.000000,0.000000,0,1,0,1,20.189107,0,0,0,0
80.8697,,0.443941,0.443941,0.444883,0.012051,0.000000,0.000000,0.000000,0,1,0,1,20.226556,0,0,0,0
80.8897,,0.443941,0.443941,0.444883,0.012051,0.000000,0.000000,0.000000,0,1,0,1,20.203866,0,0,0,0
80.9098,,0.443941,0.443941,0.444883,0.012051,0.000000,0.000000,0.000000,0,1,0,1,20.207834,0,0,0,0
80.9308,,0.443941,0.443941,0.444883,0.012051,0.000000,0.000000,0.000000,0,1,0,1,20.260040,0,0,0,0
80.9507,,0.443941,0.443941,0.444883,0.012051,0.000000,0.000000,0.000000,0,1,0,1,20.301793,0,0,0,0
80.9707,,0.443941,0.443941,0.444883,0.012051,0.000000,0.000000,0.000000,0,1,0,1,20.204961,0,0,0,0
80.9908,,0.443941,0.443941,0.444883,0.012051,0.000000,0.000000,0.000000,0,1,0,1,20.196719,0,0,0,0
81.0107,,0.443941,0.443941,0.444883,0.012051,0.000000,0.000000,0.000000,0,1,0,1,20.205186,0,0,0,0
81.0317,,0.443941,0.443941,0.444883,0.012051,0.000000,0.000000,0.000000,0,1,0,1,20.217705,0,0,0,0
81.0516,,0.443941,0.443941,0.444883,0.012051,0.000000,0.000000,0.000000,0,1,0,1,20.298206,0,0,0,0
81.0716,,0.443941,0.443941,0.444883,0.012051,0.000000,0.000000,0.000000,0,1,0,1,20.078517,0,0,0,0
81.0917,,0.443941,0.443941,0.444883,0.012051,0.000000,0.000000,0.000000,0,1,0,1,20.285832,0,0,0,0
81.1115,,0.443941,0.443941,0.444883,0.012051,0.000000,0.000000,0.000000,0,1,0,1,20.097380,0,0,0,0
81.1326,,0.443941,0.443941,0.444883,0.012051,0.000000,0.000000,0.000000,0,1,0,1,20.080448,0,0,0,0
81.1526,,0.443941,0.443941,0.444883,0.012051,0.000000,0.000000,0.000000,0,1,0,1,20.116245,0,0,0,0
81.1726,,0.443941,0.443941,0.444883,0.012051,0.000000,0.000000,0.000000,0,1,0,1,20.341585,0,0,0,0
81.1926,,0.443941,0.443941,0.444883,0.012051,0.000000,0.000000,0.000000,0,1,0,1,20.196668,0,0,0,0
81.2136,,0.443941,0.443941,0.444883,0.012051,0.000000,0.000000,0.000000,0,1,0,1,20.207844,0,0,0,0
81.2339,,0.443941,0.443941,0.444883,0.012051,0.000000,0.000000,0.000000,0,1,0,1,20.186940,0,0,0,0
81.2537,,0.443941,0.443941,0.444883,0.012051,0.000000,0.000000,0.000000,0,1,0,1,20.225481,0,0,0,0
81.2740,,0.443941,0.443941,0.444883,0.012051,0.000000,0.000000,0.000000,0,1,0,1,20.128023,0,0,0,0
81.2936,,0.443941,0.443941,0.444883,0.012051,0.000000,0.000000,0.000000,0,1,0,1,20.146855,0,0,0,0
81.3137,,0.443941,0.443941,0.444883,0.012051,0.000000,0.000000,0.000000,0,1,0,1,20.251306,0,0,0,0
81.3346,,0.443941,0.443941,0.444883,0.012051,0.000000,0.000000,0.000000,0,1,0,1,20.178974,0,0,0,0
81.3551,,0.443941,0.443941,0.444883,0.012051,0.000000,0.000000,0.000000,0,1,0,1,20.220126,0,0,0,0
81.3747,,0.443941,0.443941,0.444883,0.012051,0.000000,0.000000,0.000000,0,1,0,1,20.229707,0,0,0,0
81.3947,,0.443941,0.443941,0.444883,0.012051,0.000000,0.000000,0.000000,0,1,0,1,20.168930,0,0,0,0
81.4147,,0.443941,0.443941,0.444883,0.012051,0.000000,0.000000,0.000000,0,1,0,1,20.193166,0,0,0,0
81.4357,,0.443941,0.443941,0.444883,0.012051,0.000000,0.000000,0.000000,0,1,0,1,20.243051,0,0,0,0
81.4556,,0.443941,0.443941,0.444883,0.012051,0.000000,0.000000,0.000000,0,1,0,1,20.245812,0,0,0,0
81.4757,,0.443941,0.443941,0.444883,0.012051,0.000000,0.000000,0.000000,0,1,0,1,20.148372,0,0,0,0
81.4958,,0.443941,0.443941,0.444883,0.012051,0.000000,0.000000,0.000000,0,1,0,1,20.198136,0,0,0,0
81.5157,,0.443941,0.443941,0.444883,0.012051,0.000000,0.000000,0.000000,0,1,0,1,20.101731,0,0,0,0
81.5367,,0.443941,0.443941,0.444883,0.012051,0.000000,0.000000,0.000000,0,1,0,1,20.265588,0,0,0,0
81.5567,,0.443941,0.443941,0.444883,0.012051,0.000000,0.000000,0.000000,0,1,0,1,20.178196,0,0,0,0
81.5766,,0.443941,0.443941,0.444883,0.012051,0.000000,0.000000,0.000000,0,1,0,1,20.198454,0,0,0,0
81.5968,,0.443941,0.443941,0.444883,0.012051,0.000000,0.000000,0.000000,0,1,0,1,20.206101,0,0,0,0
81.6167,,0.443941,0.443941,0.444883,0.012051,0.000000,0.000000,0.000000,0,1,0,1,20.099328,0,0,0,0
81.6366,,0.443941,0.443941,0.444883,0.012051,0.000000,0.000000,0.000000,0,1,0,1,20.131514,0,0,0,0
81.6577,,0.443941,0.443941,0.444883,0.012051,0.000000,0.000000,0.000000,0,1,0,1,20.165235,0,0,0,0
81.6777,,0.443941,0.443941,0.444883,0.012051,0.000000,0.000000,0.000000,0,1,0,1,20.082616,0,0,0,0
81.6977,,0.443941,0.443941,0.444883,0.012051,0.000000,0.000000,0.000000,0,1,0,1,20.191119,0,0,0,0
81.7177,,0.443941,0.443941,0.444883,0.012051,0.000000,0.000000,0.000000,0,1,0,1,20.155222,0,0,0,0
81.7377,,0.443941,0.443941,0.444883,0.012051,0.000000,0.000000,0.000000,0,1,0,1,20.203942,0,0,0,0
81.7577,,0.443941,0.443941,0.444883,0.012051,0.000000,0.000000,0.000000,0,1,0,1,20.225721,0,0,0,0
81.7788,,0.443941,0.443941,0.444883,0.012051,0.000000,0.000000,0.000000,0,1,0,1,20.144837,0,0,0,0
81.7986,,0.443941,0.443941,0.444883,0.012051,0.000000,0.000000,0.000000,0,1,0,1,20.179465,0,0,0,0
81.8187,,0.443941,0.443941,0.444883,0.012051,0.000000,0.000000,0.000000,0,1,0,1,20.225174,0,0,0,0
81.8388,,0.443941,0.443941,0.444883,0.012051,0.000000,0.000000,0.000000,0,1,0,1,20.217843,0,0,0,0
81.8587,,0.443941,0.443941,0.444883,0.012051,0.000000,0.000000,0.000000,0,1,0,1,20.212338,0,0,0,0
81.8797,,0.443941,0.443941,0.444883,0.012051,0.000000,0.000000,0.000000,0,1,0,1,20.227329,0,0,0,0
81.8996,,0.443941,0.443941,0.444883,0.012051,0.000000,0.000000,0.000000,0,1,0,1,20.592177,0,0,0,0
81.9195,,0.443941,0.443941,0.444883,0.012051,0.000000,0.000000,0.000000,0,1,0,1,20.209897,0,0,0,0
81.9407,,0.443941,0.443941,0.444883,0.012051,0.000000,0.000000,0.000000,0,1,0,1,20.164059,0,0,0,0
81.9608,,0.443941,0.443941,0.444883,0.012051,0.000000,0.000000,0.000000,0,1,0,1,20.108539,0,0,0,0
81.9808,,0.443941,0.443941,0.444883,0.012051,0.000000,0.000000,0.000000,0,1,0,1,20.197069,0,0,0,0
82.0007,,0.443941,0.443941,0.444883,0.012051,0.000000,0.000000,0.000000,0,1,0,1,20.106000,0,0,0,0
82.0206,,0.443941,0.443941,0.444883,0.012051,0.000000,0.000000,0.000000,0,1,0,1,20.206557,0,0,0,0
82.0407,,0.443941,0.443941,0.444883,0.012051,0.000000,0.000000,0.000000,0,1,0,1,20.240346,0,0,0,0
82.0617,,0.443941,0.443941,0.444883,0.012051,0.000000,0.000000,0.000000,0,1,0,1,20.189034,0,0,0,0
82.0817,,0.443941,0.443941,0.444883,0.012051,0.000000,0.000000,0.000000,0,1,0,1,20.192208,0,0,0,0
82.1018,,0.443941,0.443941,0.444883,0.012051,0.000000,0.000000,0.000000,0,1,0,1,20.227140,0,0,0,0
82.1217,,0.443941,0.443941,0.444883,0.012051,0.000000,0.000000,0.000000,0,1,0,1,20.213593,0,0,0,0
82.1417,,0.443941,0.443941,0.444883,0.012051,0.000000,0.000000,0.000000,0,1,0,1,20.168491,0,0,0,0
82.1627,,0.443941,0.443941,0.444883,0.012051,0.000000,0.000000,0.000000,0,1,0,1,20.207563,0,0,0,0
82.1826,,0.443941,0.443941,0.444883,0.012051,0.000000,0.000000,0.000000,0,1,0,1,20.118554,0,0,0,0
82.2028,,0.443941,0.443941,0.444883,0.012051,0.000000,0.000000,0.000000,0,1,0,1,20.182139,0,0,0,0
82.2227,,0.443941,0.443941,0.444883,0.012051,0.000000,0.000000,0.000000,0,1,0,1,20.224327,0,0,0,0
82.2427,,0.443941,0.443941,0.444883,0.012051,0.000000,0.000000,0.000000,0,1,0,1,20.196419,0,0,0,0
82.2637,,0.443941,0.443941,0.444883,0.012051,0.000000,0.000000,0.000000,0,1,0,1,20.206839,0,0,0,0
82.2837,,0.443941,0.443941,0.444883,0.012051,0.000000,0.000000,0.000000,0,1,0,1,20.166455,0,0,0,0
82.3037,,0.443941,0.443941,0.444883,0.012051,0.000000,0.000000,0.000000,0,1,0,1,20.204171,0,0,0,0
82.3239,,0.443941,0.443941,0.444883,0.012051,0.000000,0.000000,0.000000,0,1,0,1,20.076907,0,0,0,0
82.3438,,0.443941,0.443941,0.444883,0.012051,0.000000,0.000000,0.000000,0,1,0,1,20.067452,0,0,0,0
82.3639,,0.443941,0.443941,0.444883,0.012051,0.000000,0.000000,0.000000,0,1,0,1,20.098445,0,0,0,0
82.3836,,0.443941,0.443941,0.444883,0.012051,0.000000,0.000000,0.000000,0,1,0,1,20.077646,0,0,0,0
82.4039,,0.443941,0.443941,0.444883,0.012051,0.000000,0.000000,0.000000,0,1,0,1,20.097808,0,0,0,0
82.4237,,0.443941,0.443941,0.444883,0.012051,0.000000,0.000000,0.000000,0,1,0,1,20.109631,0,0,0,0
82.4436,,0.443941,0.443941,0.444883,0.012051,0.000000,0.000000,0.000000,0,1,0,1,20.106166,0,0,0,0
82.4647,,0.443941,0.443941,0.444883,0.012051,0.000000,0.000000,0.000000,0,1,0,1,20.130697,0,0,0,0
82.4847,,0.443941,0.443941,0.444883,0.012051,0.000000,0.000000,0.000000,0,1,0,1,20.171370,0,0,0,0
82.5047,,0.443941,0.443941,0.444883,0.012051,0.000000,0.000000,0.000000,0,1,0,1,20.246148,0,0,0,0
82.5246,,0.443941,0.443941,0.444883,0.012051,0.000000,0.000000,0.000000,0,1,0,1,20.101266,0,0,0,0
82.5448,,0.443941,0.443941,0.444883,0.012051,0.000000,0.000000,0.000000,0,1,0,1,20.112335,0,0,0,0
82.5647,,0.443941,0.443941,0.444883,0.012051,0.000000,0.000000,0.000000,0,1,0,1,20.105561,0,0,0,0
82.5858,,0.443941,0.443941,0.444883,0.012051,0.000000,0.000000,0.000000,0,1,0,1,20.173135,0,0,0,0
82.6058,,0.443941,0.443941,0.444883,0.012051,0.000000,0.000000,0.000000,0,1,0,1,20.177652,0,0,0,0
82.6257,,0.443941,0.443941,0.444883,0.012051,0.000000,0.000000,0.000000,0,1,0,1,20.158279,0,0,0,0
82.6457,,0.443941,0.443941,0.444883,0.012051,0.000000,0.000000,0.000000,0,1,0,1,20.070957,0,0,0,0
82.6656,,0.443941,0.443941,0.444883,0.012051,0.000000,0.000000,0.000000,0,1,0,1,20.070550,0,0,0,0
82.6856,,0.443941,0.443941,0.444883,0.012051,0.000000,0.000000,0.000000,0,1,0,1,20.068253,0,0,0,0
82.7057,,0.443941,0.443941,0.444883,0.012051,0.000000,0.000000,0.000000,0,1,0,1,20.098714,0,0,0,0
82.7257,,0.443941,0.443941,0.444883,0.012051,0.000000,0.000000,0.000000,0,1,0,1,20.076170,0,0,0,0
82.7457,,0.443941,0.443941,0.444883,0.012051,0.000000,0.000000,0.000000,0,1,0,1,20.197765,0,0,0,0
82.7668,,0.443941,0.443941,0.444883,0.012051,0.000000,0.000000,0.000000,0,1,0,1,20.234095,0,0,0,0
82.7868,,0.443941,0.443941,0.444883,0.012051,0.000000,0.000000,0.000000,0,1,0,1,20.186494,0,0,0,0
82.8067,,0.443941,0.443941,0.444883,0.012051,0.000000,0.000000,0.000000,0,1,0,1,20.071252,0,0,0,0
82.8268,,0.443941,0.443941,0.444883,0.012051,0.000000,0.000000,0.000000,0,1,0,1,20.074031,0,0,0,0
82.8469,,0.443941,0.443941,0.444883,0.012051,0.000000,0.000000,0.000000,0,1,0,1,20.077700,0,0,0,0
82.8667,,0.443941,0.443941,0.444883,0.012051,0.000000,0.000000,0.000000,0,1,0,1,20.107368,0,0,0,0
82.8868,,0.443941,0.443941,0.444883,0.012051,0.000000,0.000000,0.000000,0,1,0,1,20.217089,0,0,0,0
82.9077,,0.443941,0.443941,0.444883,0.012051,0.000000,0.000000,0.000000,0,1,0,1,20.316762,0,0,0,0
82.9278,,0.443941,0.443941,0.444883,0.012051,0.000000,0.000000,0.000000,0,1,0,1,20.186328,0,0,0,0
82.9478,,0.443941,0.443941,0.444883,0.012051,0.000000,0.000000,0.000000,0,1,0,1,20.172870,0,0,0,0
82.9677,,0.443941,0.443941,0.444883,0.012051,0.000000,0.000000,0.000000,0,1,0,1,20.156876,0,0,0,0
82.9878,,0.443941,0.443941,0.444883,0.012051,0.000000,0.000000,0.000000,0,1,0,1,20.172478,0,0,0,0
83.0088,,0.443941,0.443941,0.444883,0.012051,0.000000,0.000000,0.000000,0,1,0,1,20.152869,0,0,0,0
83.0287,,0.443941,0.443941,0.444883,0.012051,0.000000,0.000000,0.000000,0,1,0,1,20.168035,0,0,0,0
83.0488,,0.443941,0.443941,0.444883,0.012051,0.000000,0.000000,0.000000,0,1,0,1,20.128427,0,0,0,0
83.0688,,0.443941,0.443941,0.444883,0.012051,0.000000,0.000000,0.000000,0,1,0,1,20.071506,0,0,0,0
83.0888,,0.443941,0.443941,0.444883,0.012051,0.000000,0.000000,0.000000,0,1,0,1,20.063141,0,0,0,0
83.1087,,0.443941,0.443941,0.444883,0.012051,0.000000,0.000000,0.000000,0,1,0,1,20.097497,0,0,0,0
83.1288,,0.443941,0.443941,0.444883,0.012051,0.000000,0.000000,0.000000,0,1,0,1,20.104209,0,0,0,0
83.1487,,0.443941,0.443941,0.444883,0.012051,0.000000,0.000000,0.000000,0,1,0,1,20.114362,0,0,0,0
83.1698,,0.443941,0.443941,0.444883,0.012051,0.000000,0.000000,0.000000,0,1,0,1,20.212221,0,0,0,0
83.1897,,0.443941,0.443941,0.444883,0.012051,0.000000,0.000000,0.000000,0,1,0,1,20.183499,0,0,0,0
83.2095,,0.443941,0.443941,0.444883,0.012051,0.000000,0.000000,0.000000,0,1,0,1,20.069075,0,0,0,0
83.2297,,0.443941,0.443941,0.444883,0.012051,0.000000,0.000000,0.000000,0,1,0,1,20.073360,0,0,0,0
83.2497,,0.443941,0.443941,0.444883,0.012051,0.000000,0.000000,0.000000,0,1,0,1,20.085307,0,0,0,0
83.2697,,0.443941,0.443941,0.444883,0.012051,0.000000,0.000000,0.000000,0,1,0,1,20.062833,0,0,0,0
83.2897,,0.443941,0.443941,0.444883,0.012051,0.000000,0.000000,0.000000,0,1,0,1,20.141870,0,0,0,0
83.3098,,0.443941,0.443941,0.444883,0.012051,0.000000,0.000000,0.000000,0,1,0,1,20.098484,0,0,0,0
83.3298,,0.443941,0.443941,0.444883,0.012051,0.000000,0.000000,0.000000,0,1,0,1,20.102954,0,0,0,0
83.3498,,0.443941,0.443941,0.444883,0.012051,0.000000,0.000000,0.000000,0,1,0,1,20.102078,0,0,0,0
83.3707,,0.443941,0.443941,0.444883,0.012051,0.000000,0.000000,0.000000,0,1,0,1,20.183419,0,0,0,0
83.3907,,0.443941,0.443941,0.444883,0.012051,0.000000,0.000000,0.000000,0,1,0,1,20.078419,0,0,0,0
83.4108,,0.443941,0.443941,0.444883,0.012051,0.000000,0.000000,0.000000,0,1,0,1,20.068816,0,0,0,0
83.4308,,0.443941,0.443941,0.444883,0.012051,0.000000,0.000000,0.000000,0,1,0,1,20.066971,0,0,0,0
83.4508,,0.443941,0.443941,0.444883,0.012051,0.000000,0.000000,0.000000,0,1,0,1,20.068826,0,0,0,0
83.4708,,0.443941,0.443941,0.444883,0.012051,0.000000,0.000000,0.000000,0,1,0,1,20.135971,0,0,0,0
83.4908,,0.443941,0.443941,0.444883,0.012051,0.000000,0.000000,0.000000,0,1,0,1,20.213105,0,0,0,0
83.5107,,0.443941,0.443941,0.444883,0.012051,0.000000,0.000000,0.000000,0,1,0,1,20.076002,0,0,0,0
83.5318,,0.443941,0.443941,0.444883,0.012051,0.000000,0.000000,0.000000,0,1,0,1,20.216771,0,0,0,0
83.5517,,0.443941,0.443941,0.444883,0.012051,0.000000,0.000000,0.000000,0,1,0,1,20.211322,0,0,0,0
83.5717,,0.443941,0.443941,0.444883,0.012051,0.000000,0.000000,0.000000,0,1,0,1,20.222676,0,0,0,0
83.5918,,0.443941,0.443941,0.444883,0.012051,0.000000,0.000000,0.000000,0,1,0,1,20.070111,0,0,0,0
83.6117,,0.443941,0.443941,0.444883,0.012051,0.000000,0.000000,0.000000,0,1,0,1,20.120865,0,0,0,0
83.6317,,0.443941,0.443941,0.444883,0.012051,0.000000,0.000000,0.000000,0,1,0,1,20.113040,0,0,0,0
83.6528,,0.443941,0.443941,0.444883,0.012051,0.000000,0.000000,0.000000,0,1,0,1,20.272126,0,0,0,0
83.6727,,0.443941,0.443941,0.444883,0.012051,0.000000,0.000000,0.000000,0,1,0,1,20.245310,0,0,0,0
83.6927,,0.443941,0.443941,0.444883,0.012051,0.000000,0.000000,0.000000,0,1,0,1,20.331027,0,0,0,0
83.7127,,0.443941,0.443941,0.444883,0.012051,0.000000,0.000000,0.000000,0,1,0,1,20.312126,0,0,0,0
83.7338,,0.443941,0.443941,0.444883,0.012051,0.000000,0.000000,0.000000,0,1,0,1,20.235923,0,0,0,0
83.7539,,0.443941,0.443941,0.444883,0.012051,0.000000,0.000000,0.000000,0,1,0,1,20.177192,0,0,0,0
83.7738,,0.443941,0.443941,0.444883,0.012051,0.000000,0.000000,0.000000,0,1,0,1,20.103447,0,0,0,0
83.7938,,0.443941,0.443941,0.444883,0.012051,0.000000,0.000000,0.000000,0,1,0,1,20.075060,0,0,0,0
83.8139,,0.443941,0.443941,0.444883,0.012051,0.000000,0.000000,0.000000,0,1,0,1,20.094445,0,0,0,0
83.8338,,0.443941,0.443941,0.444883,0.012051,0.000000,0.000000,0.000000,0,1,0,1,20.167650,0,0,0,0
83.8539,,0.443941,0.443941,0.444883,0.012051,0.000000,0.000000,0.000000,0,1,0,1,20.204640,0,0,0,0
83.8750,,0.443941,0.443941,0.444883,0.012051,0.000000,0.000000,0.000000,0,1,0,1,20.163566,0,0,0,0
83.8950,,0.443941,0.443941,0.444883,0.012051,0.000000,0.000000,0.000000,0,1,0,1,20.154157,0,0,0,0
83.9149,,0.443941,0.443941,0.444883,0.012051,0.000000,0.000000,0.000000,0,1,0,1,20.079913,0,0,0,0
83.9346,,0.443941,0.443941,0.444883,0.012051,0.000000,0.000000,0.000000,0,1,0,1,20.090338,0,0,0,0
83.9546,,0.443941,0.443941,0.444883,0.012051,0.000000,0.000000,0.000000,0,1,0,1,20.101950,0,0,0,0
83.9746,,0.443941,0.443941,0.444883,0.012051,0.000000,0.000000,0.000000,0,1,0,1,20.098134,0,0,0,0
83.9947,,0.443941,0.443941,0.444883,0.012051,0.000000,0.000000,0.000000,0,1,0,1,20.080550,0,0,0,0
84.0149,,0.443941,0.443941,0.444883,0.012051,0.000000,0.000000,0.000000,0,1,0,1,20.116120,0,0,0,0
84.0356,,0.443941,0.443941,0.444883,0.012051,0.000000,0.000000,0.000000,0,1,0,1,20.140057,0,0,0,0
84.0556,,0.443941,0.443941,0.444883,0.012051,0.000000,0.000000,0.000000,0,1,0,1,20.070250,0,0,0,0
84.0757,,0.443941,0.443941,0.444883,0.012051,0.000000,0.000000,0.000000,0,1,0,1,20.221762,0,0,0,0
84.0956,,0.443941,0.443941,0.444883,0.012051,0.000000,0.000000,0.000000,0,1,0,1,20.078686,0,0,0,0
84.1155,,0.443941,0.443941,0.444883,0.012051,0.000000,0.000000,0.000000,0,1,0,1,20.068270,0,0,0,0
84.1356,,0.443941,0.443941,0.444883,0.012051,0.000000,0.000000,0.000000,0,1,0,1,20.068503,0,0,0,0
84.1556,,0.443941,0.443941,0.444883,0.012051,0.000000,0.000000,0.000000,0,1,0,1,20.068371,0,0,0,0
84.1756,,0.443941,0.443941,0.444883,0.012051,0.000000,0.000000,0.000000,0,1,0,1,20.065333,0,0,0,0
84.1955,,0.443941,0.443941,0.444883,0.012051,0.000000,0.000000,0.000000,0,1,0,1,20.070533,0,0,0,0
84.2156,,0.443941,0.443941,0.444883,0.012051,0.000000,0.000000,0.000000,0,1,0,1,20.088273,0,0,0,0
84.2357,,0.443941,0.443941,0.444883,0.012051,0.000000,0.000000,0.000000,0,1,0,1,20.092392,0,0,0,0
84.2566,,0.443941,0.443941,0.444883,0.012051,0.000000,0.000000,0.000000,0,1,0,1,20.097535,0,0,0,0
84.2766,,0.443941,0.443941,0.444883,0.012051,0.000000,0.000000,0.000000,0,1,0,1,20.080306,0,0,0,0
84.2967,,0.443941,0.443941,0.444883,0.012051,0.000000,0.000000,0.000000,0,1,0,1,20.091223,0,0,0,0
84.3166,,0.443941,0.443941,0.444883,0.012051,0.000000,0.000000,0.000000,0,1,0,1,20.258657,0,0,0,0
84.3366,,0.443941,0.443941,0.444883,0.012051,0.000000,0.000000,0.000000,0,1,0,1,20.135661,0,0,0,0
84.3566,,0.443941,0.443941,0.444883,0.012051,0.000000,0.000000,0.000000,0,1,0,1,20.140305,0,0,0,0
84.3767,,0.443941,0.443941,0.444883,0.012051,0.000000,0.000000,0.000000,0,1,0,1,20.201761,0,0,0,0
84.3976,,0.443941,0.443941,0.444883,0.012051,0.000000,0.000000,0.000000,0,1,0,1,20.164934,0,0,0,0
84.4176,,0.443941,0.443941,0.444883,0.012051,0.000000,0.000000,0.000000,0,1,0,1,20.176359,0,0,0,0
84.4377,,0.443941,0.443941,0.444883,0.012051,0.000000,0.000000,0.000000,0,1,0,1,20.064865,0,0,0,0
84.4578,,0.443941,0.443941,0.444883,0.012051,0.000000,0.000000,0.000000,0,1,0,1,20.087238,0,0,0,0
84.4777,,0.443941,0.443941,0.444883,0.012051,0.000000,0.000000,0.000000,0,1,0,1,20.147659,0,0,0,0
84.4977,,0.443941,0.443941,0.444883,0.012051,0.000000,0.000000,0.000000,0,1,0,1,20.197325,0,0,0,0
84.5177,,0.443941,0.443941,0.444883,0.012051,0.000000,0.000000,0.000000,0,1,0,1,20.076400,0,0,0,0
84.5386,,0.443941,0.443941,0.444883,0.012051,0.000000,0.000000,0.000000,0,1,0,1,20.285623,0,0,0,0
84.5586,,0.443941,0.443941,0.444883,0.012051,0.000000,0.000000,0.000000,0,1,0,1,20.193818,0,0,0,0
84.5786,,0.443941,0.443941,0.444883,0.012051,0.000000,0.000000,0.000000,0,1,0,1,20.084602,0,0,0,0
84.5986,,0.443941,0.443941,0.444883,0.012051,0.000000,0.000000,0.000000,0,1,0,1,20.085410,0,0,0,0
84.6186,,0.443941,0.443941,0.444883,0.012051,0.000000,0.000000,0.000000,0,1,0,1,20.085035,0,0,0,0
84.6386,,0.443941,0.443941,0.444883,0.012051,0.000000,0.000000,0.000000,0,1,0,1,20.108333,0,0,0,0
84.6586,,0.443941,0.443941,0.444883,0.012051,0.000000,0.000000,0.000000,0,1,0,1,20.066947,0,0,0,0
84.6786,,0.443941,0.443941,0.444883,0.012051,0.000000,0.000000,0.000000,0,1,0,1,20.089776,0,0,0,0
84.6986,,0.443941,0.443941,0.444883,0.012051,0.000000,0.000000,0.000000,0,1,0,1,20.097181,0,0,0,0
84.7196,,0.443941,0.443941,0.444883,0.012051,0.000000,0.000000,0.000000,0,1,0,1,20.110659,0,0,0,0
84.7396,,0.443941,0.443941,0.444883,0.012051,0.000000,0.000000,0.000000,0,1,0,1,20.088917,0,0,0,0
84.7596,,0.443941,0.443941,0.444883,0.012051,0.000000,0.000000,0.000000,0,1,0,1,20.117600,0,0,0,0
84.7799,,0.443941,0.443941,0.444883,0.012051,0.000000,0.000000,0.000000,0,1,0,1,20.247427,0,0,0,0
84.7996,,0.443941,0.443941,0.444883,0.012051,0.000000,0.000000,0.000000,0,1,0,1,20.095309,0,0,0,0
84.8196,,0.443941,0.443941,0.444883,0.012051,0.000000,0.000000,0.000000,0,1,0,1,20.093430,0,0,0,0
84.8396,,0.443941,0.443941,0.444883,0.012051,0.000000,0.000000,0.000000,0,1,0,1,20.072038,0,0,0,0
84.8596,,0.443941,0.443941,0.444883,0.012051,0.000000,0.000000,0.000000,0,1,0,1,20.064046,0,0,0,0
84.8797,,0.443941,0.443941,0.444883,0.012051,0.000000,0.000000,0.000000,0,1,0,1,20.151037,0,0,0,0
84.9006,,0.443941,0.443941,0.444883,0.012051,0.000000,0.000000,0.000000,0,1,0,1,20.097483,0,0,0,0
84.9206,,0.443941,0.443941,0.444883,0.012051,0.000000,0.000000,0.000000,0,1,0,1,20.097513,0,0,0,0
84.9406,,0.443941,0.443941,0.444883,0.012051,0.000000,0.000000,0.000000,0,1,0,1,20.117684,0,0,0,0
84.9606,,0.443941,0.443941,0.444883,0.012051,0.000000,0.000000,0.000000,0,1,0,1,20.070437,0,0,0,0
84.9806,,0.443941,0.443941,0.444883,0.012051,0.000000,0.000000,0.000000,0,1,0,1,20.070899,0,0,0,0
85.0006,,0.443941,0.443941,0.444883,0.012051,0.000000,0.000000,0.000000,0,1,0,1,20.075286,0,0,0,0
85.0208,,0.443941,0.443941,0.444883,0.012051,0.000000,0.000000,0.000000,0,1,0,1,20.164735,0,0,0,0
85.0406,,0.443941,0.443941,0.444883,0.012051,0.000000,0.000000,0.000000,0,1,0,1,20.177435,0,0,0,0
85.0606,,0.443941,0.443941,0.444883,0.012051,0.000000,0.000000,0.000000,0,1,0,1,20.120124,0,0,0,0
85.0816,,0.443941,0.443941,0.444883,0.012051,0.000000,0.000000,0.000000,0,1,0,1,20.165406,0,0,0,0
85.1017,,0.443941,0.443941,0.444883,0.012051,0.000000,0.000000,0.000000,0,1,0,1,20.219403,0,0,0,0
85.1217,,0.443941,0.443941,0.444883,0.012051,0.000000,0.000000,0.000000,0,1,0,1,20.079728,0,0,0,0
85.1417,,0.443941,0.443941,0.444883,0.012051,0.000000,0.000000,0.000000,0,1,0,1,20.095472,0,0,0,0
85.1617,,0.443941,0.443941,0.444883,0.012051,0.000000,0.000000,0.000000,0,1,0,1,20.106656,0,0,0,0
85.1816,,0.443941,0.443941,0.444883,0.012051,0.000000,0.000000,0.000000,0,1,0,1,20.096510,0,0,0,0
85.2016,,0.443941,0.443941,0.444883,0.012051,0.000000,0.000000,0.000000,0,1,0,1,20.069466,0,0,0,0
85.2216,,0.443941,0.443941,0.444883,0.012051,0.000000,0.000000,0.000000,0,1,0,1,20.072511,0,0,0,0
85.2416,,0.443941,0.443941,0.444883,0.012051,0.000000,0.000000,0.000000,0,1,0,1,20.071951,0,0,0,0
85.2628,,0.443941,0.443941,0.444883,0.012051,0.000000,0.000000,0.000000,0,1,0,1,20.120564,0,0,0,0
85.2826,,0.443941,0.443941,0.444883,0.012051,0.000000,0.000000,0.000000,0,1,0,1,20.182765,0,0,0,0
85.3027,,0.443941,0.443941,0.444883,0.012051,0.000000,0.000000,0.000000,0,1,0,1,20.075493,0,0,0,0
85.3227,,0.443941,0.443941,0.444883,0.012051,0.000000,0.000000,0.000000,0,1,0,1,20.144726,0,0,0,0
85.3428,,0.443941,0.443941,0.444883,0.012051,0.000000,0.000000,0.000000,0,1,0,1,20.077027,0,0,0,0
85.3628,,0.443941,0.443941,0.444883,0.012051,0.000000,0.000000,0.000000,0,1,0,1,20.069838,0,0,0,0
85.3827,,0.443941,0.443941,0.444883,0.012051,0.000000,0.000000,0.000000,0,1,0,1,20.247071,0,0,0,0
85.4028,,0.443941,0.443941,0.444883,0.012051,0.000000,0.000000,0.000000,0,1,0,1,20.068675,0,0,0,0
85.4227,,0.443941,0.443941,0.444883,0.012051,0.000000,0.000000,0.000000,0,1,0,1,20.087164,0,0,0,0
85.4437,,0.443941,0.443941,0.444883,0.012051,0.000000,0.000000,0.000000,0,1,0,1,20.088710,0,0,0,0
85.4637,,0.443941,0.443941,0.444883,0.012051,0.000000,0.000000,0.000000,0,1,0,1,20.099590,0,0,0,0
85.4838,,0.443941,0.443941,0.444883,0.012051,0.000000,0.000000,0.000000,0,1,0,1,20.146407,0,0,0,0
85.5037,,0.443941,0.443941,0.444883,0.012051,0.000000,0.000000,0.000000,0,1,0,1,20.062860,0,0,0,0
85.5237,,0.443941,0.443941,0.444883,0.012051,0.000000,0.000000,0.000000,0,1,0,1,20.063164,0,0,0,0
85.5438,,0.443941,0.443941,0.444883,0.012051,0.000000,0.000000,0.000000,0,1,0,1,20.150763,0,0,0,0
85.5638,,0.443941,0.443941,0.444883,0.012051,0.000000,0.000000,0.000000,0,1,0,1,20.224475,0,0,0,0
85.5847,,0.443941,0.443941,0.444883,0.012051,0.000000,0.000000,0.000000,0,1,0,1,20.211023,0,0,0,0
85.6047,,0.443941,0.443941,0.444883,0.012051,0.000000,0.000000,0.000000,0,1,0,1,20.247735,0,0,0,0
85.6247,,0.443941,0.443941,0.444883,0.012051,0.000000,0.000000,0.000000,0,1,0,1,20.225153,0,0,0,0
85.6449,,0.443941,0.443941,0.444883,0.012051,0.000000,0.000000,0.000000,0,1,0,1,20.208673,0,0,0,0
85.6647,,0.443941,0.443941,0.444883,0.012051,0.000000,0.000000,0.000000,0,1,0,1,20.190712,0,0,0,0
85.6857,,0.443941,0.443941,0.444883,0.012051,0.000000,0.000000,0.000000,0,1,0,1,20.115170,0,0,0,0
85.7058,,0.443941,0.443941,0.444883,0.012051,0.000000,0.000000,0.000000,0,1,0,1,20.223875,0,0,0,0
85.7257,,0.443941,0.443941,0.444883,0.012051,0.000000,0.000000,0.000000,0,1,0,1,20.215839,0,0,0,0
85.7457,,0.443941,0.443941,0.444883,0.012051,0.000000,0.000000,0.000000,0,1,0,1,20.078715,0,0,0,0
85.7656,,0.443941,0.443941,0.444883,0.012051,0.000000,0.000000,0.000000,0,1,0,1,20.209546,0,0,0,0
85.7856,,0.443941,0.443941,0.444883,0.012051,0.000000,0.000000,0.000000,0,1,0,1,20.139230,0,0,0,0
85.8068,,0.443941,0.443941,0.444883,0.012051,0.000000,0.000000,0.000000,0,1,0,1,20.121569,0,0,0,0
85.8267,,0.443941,0.443941,0.444883,0.012051,0.000000,0.000000,0.000000,0,1,0,1,20.257897,0,0,0,0
85.8468,,0.443941,0.443941,0.444883,0.012051,0.000000,0.000000,0.000000,0,1,0,1,20.199926,0,0,0,0
85.8667,,0.443941,0.443941,0.444883,0.012051,0.000000,0.000000,0.000000,0,1,0,1,20.079286,0,0,0,0
85.8867,,0.443941,0.443941,0.444883,0.012051,0.000000,0.000000,0.000000,0,1,0,1,20.078916,0,0,0,0
85.9067,,0.443941,0.443941,0.444883,0.012051,0.000000,0.000000,0.000000,0,1,0,1,20.041932,0,0,0,0
85.9266,,0.443941,0.443941,0.444883,0.012051,0.000000,0.000000,0.000000,0,1,0,1,20.091705,0,0,0,0
85.9476,,0.443941,0.443941,0.444883,0.012051,0.000000,0.000000,0.000000,0,1,0,1,20.657328,0,0,0,0
85.9678,,0.443941,0.443941,0.444883,0.012051,0.000000,0.000000,0.000000,0,1,0,1,20.100984,0,0,0,0
85.9878,,0.443941,0.443941,0.444883,0.012051,0.000000,0.000000,0.000000,0,1,0,1,20.081067,0,0,0,0
86.0079,,0.443941,0.443941,0.444883,0.012051,0.000000,0.000000,0.000000,0,1,0,1,20.337268,0,0,0,0
86.0289,,0.443941,0.443941,0.444883,0.012051,0.000000,0.000000,0.000000,0,1,0,1,20.249490,0,0,0,0
86.0487,,0.443941,0.443941,0.444883,0.012051,0.000000,0.000000,0.000000,0,1,0,1,20.304397,0,0,0,0
86.0688,,0.443941,0.443941,0.444883,0.012051,0.000000,0.000000,0.000000,0,1,0,1,20.155440,0,0,0,0
86.0888,,0.443941,0.443941,0.444883,0.012051,0.000000,0.000000,0.000000,0,1,0,1,20.209001,0,0,0,0
86.1098,,0.443941,0.443941,0.444883,0.012051,0.000000,0.000000,0.000000,0,1,0,1,20.215163,0,0,0,0
86.1297,,0.443941,0.443941,0.444883,0.012051,0.000000,0.000000,0.000000,0,1,0,1,20.213426,0,0,0,0
86.1497,,0.443941,0.443941,0.444883,0.012051,0.000000,0.000000,0.000000,0,1,0,1,20.066546,0,0,0,0
86.1699,,0.443941,0.443941,0.444883,0.012051,0.000000,0.000000,0.000000,0,1,0,1,20.062090,0,0,0,0
86.1898,,0.443941,0.443941,0.444883,0.012051,0.000000,0.000000,0.000000,0,1,0,1,20.086018,0,0,0,0
86.2097,,0.443941,0.443941,0.444883,0.012051,0.000000,0.000000,0.000000,0,1,0,1,20.212446,0,0,0,0
86.2301,,0.443941,0.443941,0.444883,0.012051,0.000000,0.000000,0.000000,0,1,0,1,20.189753,0,0,0,0
86.2507,,0.443941,0.443941,0.444883,0.012051,0.000000,0.000000,0.000000,0,1,0,1,20.189070,0,0,0,0
86.2708,,0.443941,0.443941,0.444883,0.012051,0.000000,0.000000,0.000000,0,1,0,1,20.201888,0,0,0,0
86.2907,,0.443941,0.443941,0.444883,0.012051,0.000000,0.000000,0.000000,0,1,0,1,20.158349,0,0,0,0
86.3107,,0.443941,0.443941,0.444883,0.012051,0.000000,0.000000,0.000000,0,1,0,1,20.219883,0,0,0,0
86.3308,,0.443941,0.443941,0.444883,0.012051,0.000000,0.000000,0.000000,0,1,0,1,20.207874,0,0,0,0
86.3517,,0.443941,0.443941,0.444883,0.012051,0.000000,0.000000,0.000000,0,1,0,1,20.192423,0,0,0,0
86.3717,,0.443941,0.443941,0.444883,0.012051,0.000000,0.000000,0.000000,0,1,0,1,20.244711,0,0,0,0
86.3918,,0.443941,0.443941,0.444883,0.012051,0.000000,0.000000,0.000000,0,1,0,1,20.200535,0,0,0,0
86.4118,,0.443941,0.443941,0.444883,0.012051,0.000000,0.000000,0.000000,0,1,0,1,20.257466,0,0,0,0
86.4318,,0.443941,0.443941,0.444883,0.012051,0.000000,0.000000,0.000000,0,1,0,1,20.093145,0,0,0,0
86.4516,,0.443941,0.443941,0.444883,0.012051,0.000000,0.000000,0.000000,0,1,0,1,20.078493,0,0,0,0
86.4727,,0.443941,0.443941,0.444883,0.012051,0.000000,0.000000,0.000000,0,1,0,1,20.089244,0,0,0,0
86.4928,,0.443941,0.443941,0.444883,0.012051,0.000000,0.000000,0.000000,0,1,0,1,20.084714,0,0,0,0
86.5128,,0.443941,0.443941,0.444883,0.012051,0.000000,0.000000,0.000000,0,1,0,1,20.120731,0,0,0,0
86.5328,,0.443941,0.443941,0.444883,0.012051,0.000000,0.000000,0.000000,0,1,0,1,20.293514,0,0,0,0
86.5529,,0.443941,0.443941,0.444883,0.012051,0.000000,0.000000,0.000000,0,1,0,1,20.197688,0,0,0,0
86.5728,,0.443941,0.443941,0.444883,0.012051,0.000000,0.000000,0.000000,0,1,0,1,20.091075,0,0,0,0
86.5940,,0.443941,0.443941,0.444883,0.012051,0.000000,0.000000,0.000000,0,1,0,1,20.460680,0,0,0,0
86.6138,,0.443941,0.443941,0.444883,0.012051,0.000000,0.000000,0.000000,0,1,0,1,20.072258,0,0,0,0
86.6337,,0.443941,0.443941,0.444883,0.012051,0.000000,0.000000,0.000000,0,1,0,1,20.063491,0,0,0,0
86.6538,,0.443941,0.443941,0.444883,0.012051,0.000000,0.000000,0.000000,0,1,0,1,20.062008,0,0,0,0
86.6737,,0.443941,0.443941,0.444883,0.012051,0.000000,0.000000,0.000000,0,1,0,1,20.080592,0,0,0,0
86.6938,,0.443941,0.443941,0.444883,0.012051,0.000000,0.000000,0.000000,0,1,0,1,20.061416,0,0,0,0
86.7138,,0.443941,0.443941,0.444883,0.012051,0.000000,0.000000,0.000000,0,1,0,1,20.088622,0,0,0,0
86.7336,,0.443941,0.443941,0.444883,0.012051,0.000000,0.000000,0.000000,0,1,0,1,20.092798,0,0,0,0
86.7537,,0.443941,0.443941,0.444883,0.012051,0.000000,0.000000,0.000000,0,1,0,1,20.118155,0,0,0,0
86.7748,,0.443941,0.443941,0.444883,0.012051,0.000000,0.000000,0.000000,0,1,0,1,20.221772,0,0,0,0
86.7949,,0.443941,0.443941,0.444883,0.012051,0.000000,0.000000,0.000000,0,1,0,1,20.213665,0,0,0,0
86.8148,,0.443941,0.443941,0.444883,0.012051,0.000000,0.000000,0.000000,0,1,0,1,20.204225,0,0,0,0
86.8347,,0.443941,0.443941,0.444883,0.012051,0.000000,0.000000,0.000000,0,1,0,1,20.191046,0,0,0,0
86.8557,,0.443941,0.443941,0.444883,0.012051,0.000000,0.000000,0.000000,0,1,0,1,20.238055,0,0,0,0
86.8758,,0.443941,0.443941,0.444883,0.012051,0.000000,0.000000,0.000000,0,1,0,1,20.220097,0,0,0,0
86.8958,,0.443941,0.443941,0.444883,0.012051,0.000000,0.000000,0.000000,0,1,0,1,20.260305,0,0,0,0
86.9160,,0.443941,0.443941,0.444883,0.012051,0.000000,0.000000,0.000000,0,1,0,1,20.368706,0,0,0,0
86.9369,,0.443941,0.443941,0.444883,0.012051,0.000000,0.000000,0.000000,0,1,0,1,20.248712,0,0,0,0
86.9569,,0.443941,0.443941,0.444883,0.012051,0.000000,0.000000,0.000000,0,1,0,1,20.185622,0,0,0,0
86.9768,,0.443941,0.443941,0.444883,0.012051,0.000000,0.000000,0.000000,0,1,0,1,20.080269,0,0,0,0
86.9971,,0.443941,0.443941,0.444883,0.012051,0.000000,0.000000,0.000000,0,1,0,1,20.073592,0,0,0,0
87.0167,,0.443941,0.443941,0.444883,0.012051,0.000000,0.000000,0.000000,0,1,0,1,20.105853,0,0,0,0
87.0368,,0.443941,0.443941,0.444883,0.012051,0.000000,0.000000,0.000000,0,1,0,1,20.070470,0,0,0,0
87.0568,,0.443941,0.443941,0.444883,0.012051,0.000000,0.000000,0.000000,0,1,0,1,20.087974,0,0,0,0
87.0768,,0.443941,0.443941,0.444883,0.012051,0.000000,0.000000,0.000000,0,1,0,1,20.103178,0,0,0,0
87.0978,,0.443941,0.443941,0.444883,0.012051,0.000000,0.000000,0.000000,0,1,0,1,20.097666,0,0,0,0
87.1169,,0.443941,0.443941,0.444883,0.012051,0.000000,0.000000,0.000000,0,1,0,1,20.095489,0,0,0,0
87.1378,,0.443941,0.443941,0.444883,0.012051,0.000000,0.000000,0.000000,0,1,0,1,20.190177,0,0,0,0
87.1578,,0.443941,0.443941,0.444883,0.012051,0.000000,0.000000,0.000000,0,1,0,1,20.142162,0,0,0,0
87.1778,,0.443941,0.443941,0.444883,0.012051,0.000000,0.000000,0.000000,0,1,0,1,20.169834,0,0,0,0
87.1978,,0.443941,0.443941,0.444883,0.012051,0.000000,0.000000,0.000000,0,1,0,1,20.176077,0,0,0,0
87.2179,,0.443941,0.443941,0.444883,0.012051,0.000000,0.000000,0.000000,0,1,0,1,20.103689,0,0,0,0
87.2379,,0.443941,0.443941,0.444883,0.012051,0.000000,0.000000,0.000000,0,1,0,1,20.163317,0,0,0,0
87.2589,,0.443941,0.443941,0.444883,0.012051,0.000000,0.000000,0.000000,0,1,0,1,20.138148,0,0,0,0
87.2789,,0.443941,0.443941,0.444883,0.012051,0.000000,0.000000,0.000000,0,1,0,1,20.180863,0,0,0,0
87.2989,,0.443941,0.443941,0.444883,0.012051,0.000000,0.000000,0.000000,0,1,0,1,20.087406,0,0,0,0
87.3189,,0.443941,0.443941,0.444883,0.012051,0.000000,0.000000,0.000000,0,1,0,1,20.074343,0,0,0,0
87.3389,,0.443941,0.443941,0.444883,0.012051,0.000000,0.000000,0.000000,0,1,0,1,20.068414,0,0,0,0
87.3588,,0.443941,0.443941,0.444883,0.012051,0.000000,0.000000,0.000000,0,1,0,1,20.104639,0,0,0,0
87.3788,,0.443941,0.443941,0.444883,0.012051,0.000000,0.000000,0.000000,0,1,0,1,20.070469,0,0,0,0
87.3988,,0.443941,0.443941,0.444883,0.012051,0.000000,0.000000,0.000000,0,1,0,1,20.107861,0,0,0,0
87.4188,,0.443941,0.443941,0.444883,0.012051,0.000000,0.000000,0.000000,0,1,0,1,20.102206,0,0,0,0
87.4387,,0.443941,0.443941,0.444883,0.012051,0.000000,0.000000,0.000000,0,1,0,1,20.089741,0,0,0,0
87.4588,,0.443941,0.443941,0.444883,0.012051,0.000000,0.000000,0.000000,0,1,0,1,20.080393,0,0,0,0
87.4798,,0.443941,0.443941,0.444883,0.012051,0.000000,0.000000,0.000000,0,1,0,1,20.103995,0,0,0,0
87.4998,,0.443941,0.443941,0.444883,0.012051,0.000000,0.000000,0.000000,0,1,0,1,20.090498,0,0,0,0
87.5198,,0.443941,0.443941,0.444883,0.012051,0.000000,0.000000,0.000000,0,1,0,1,20.394761,0,0,0,0
87.5398,,0.443941,0.443941,0.444883,0.012051,0.000000,0.000000,0.000000,0,1,0,1,20.185719,0,0,0,0
87.5597,,0.443941,0.443941,0.444883,0.012051,0.000000,0.000000,0.000000,0,1,0,1,20.105487,0,0,0,0
87.5807,,0.443941,0.443941,0.444883,0.012051,0.000000,0.000000,0.000000,0,1,0,1,20.107657,0,0,0,0
87.6008,,0.443941,0.443941,0.444883,0.012051,0.000000,0.000000,0.000000,0,1,0,1,20.193542,0,0,0,0
87.6207,,0.443941,0.443941,0.444883,0.012051,0.000000,0.000000,0.000000,0,1,0,1,20.277259,0,0,0,0
87.6408,,0.443941,0.443941,0.444883,0.012051,0.000000,0.000000,0.000000,0,1,0,1,20.225491,0,0,0,0
87.6608,,0.443941,0.443941,0.444883,0.012051,0.000000,0.000000,0.000000,0,1,0,1,20.193978,0,0,0,0
87.6818,,0.443941,0.443941,0.444883,0.012051,0.000000,0.000000,0.000000,0,1,0,1,20.206817,0,0,0,0
87.7019,,0.443941,0.443941,0.444883,0.012051,0.000000,0.000000,0.000000,0,1,0,1,20.197817,0,0,0,0
87.7219,,0.443941,0.443941,0.444883,0.012051,0.000000,0.000000,0.000000,0,1,0,1,20.114121,0,0,0,0
87.7419,,0.443941,0.443941,0.444883,0.012051,0.000000,0.000000,0.000000,0,1,0,1,20.071347,0,0,0,0
87.7619,,0.443941,0.443941,0.444883,0.012051,0.000000,0.000000,0.000000,0,1,0,1,20.072853,0,0,0,0
87.7819,,0.443941,0.443941,0.444883,0.012051,0.000000,0.000000,0.000000,0,1,0,1,20.112329,0,0,0,0
87.8019,,0.443941,0.443941,0.444883,0.012051,0.000000,0.000000,0.000000,0,1,0,1,20.106506,0,0,0,0
87.8219,,0.443941,0.443941,0.444883,0.012051,0.000000,0.000000,0.000000,0,1,0,1,20.111608,0,0,0,0
87.8429,,0.443941,0.443941,0.444883,0.012051,0.000000,0.000000,0.000000,0,1,0,1,20.203495,0,0,0,0
87.8628,,0.443941,0.443941,0.444883,0.012051,0.000000,0.000000,0.000000,0,1,0,1,20.320490,0,0,0,0
87.8827,,0.443941,0.443941,0.444883,0.012051,0.000000,0.000000,0.000000,0,1,0,1,20.074086,0,0,0,0
87.9029,,0.443941,0.443941,0.444883,0.012051,0.000000,0.000000,0.000000,0,1,0,1,20.072113,0,0,0,0
87.9228,,0.443941,0.443941,0.444883,0.012051,0.000000,0.000000,0.000000,0,1,0,1,20.197777,0,0,0,0
87.9429,,0.443941,0.443941,0.444883,0.012051,0.000000,0.000000,0.000000,0,1,0,1,20.168507,0,0,0,0
87.9638,,0.443941,0.443941,0.444883,0.012051,0.000000,0.000000,0.000000,0,1,0,1,20.168907,0,0,0,0
87.9838,,0.443941,0.443941,0.444883,0.012051,0.000000,0.000000,0.000000,0,1,0,1,20.241481,0,0,0,0
88.0038,,0.443941,0.443941,0.444883,0.012051,0.000000,0.000000,0.000000,0,1,0,1,20.115176,0,0,0,0
88.0239,,0.443941,0.443941,0.444883,0.012051,0.000000,0.000000,0.000000,0,1,0,1,20.085576,0,0,0,0
88.0438,,0.443941,0.443941,0.444883,0.012051,0.000000,0.000000,0.000000,0,1,0,1,20.122698,0,0,0,0
88.0638,,0.443941,0.443941,0.444883,0.012051,0.000000,0.000000,0.000000,0,1,0,1,20.115605,0,0,0,0
88.0838,,0.443941,0.443941,0.444883,0.012051,0.000000,0.000000,0.000000,0,1,0,1,20.111338,0,0,0,0
88.1047,,0.443941,0.443941,0.444883,0.012051,0.000000,0.000000,0.000000,0,1,0,1,20.173409,0,0,0,0
88.1249,,0.443941,0.443941,0.444883,0.012051,0.000000,0.000000,0.000000,0,1,0,1,20.210986,0,0,0,0
88.1448,,0.443941,0.443941,0.444883,0.012051,0.000000,0.000000,0.000000,0,1,0,1,20.100224,0,0,0,0
88.1647,,0.443941,0.443941,0.444883,0.012051,0.000000,0.000000,0.000000,0,1,0,1,20.080824,0,0,0,0
88.1847,,0.443941,0.443941,0.444883,0.012051,0.000000,0.000000,0.000000,0,1,0,1,20.074951,0,0,0,0
88.2048,,0.443941,0.443941,0.444883,0.012051,0.000000,0.000000,0.000000,0,1,0,1,20.085700,0,0,0,0
88.2247,,0.443941,0.443941,0.444883,0.012051,0.000000,0.000000,0.000000,0,1,0,1,20.219772,0,0,0,0
88.2457,,0.443941,0.443941,0.444883,0.012051,0.000000,0.000000,0.000000,0,1,0,1,20.164197,0,0,0,0
88.2658,,0.443941,0.443941,0.444883,0.012051,0.000000,0.000000,0.000000,0,1,0,1,20.103805,0,0,0,0
88.2859,,0.443941,0.443941,0.444883,0.012051,0.000000,0.000000,0.000000,0,1,0,1,20.083761,0,0,0,0
88.3058,,0.443941,0.443941,0.444883,0.012051,0.000000,0.000000,0.000000,0,1,0,1,20.329285,0,0,0,0
88.3258,,0.443941,0.443941,0.444883,0.012051,0.000000,0.000000,0.000000,0,1,0,1,20.072222,0,0,0,0
88.3459,,0.443941,0.443941,0.444883,0.012051,0.000000,0.000000,0.000000,0,1,0,1,20.168387,0,0,0,0
88.3658,,0.443941,0.443941,0.444883,0.012051,0.000000,0.000000,0.000000,0,1,0,1,20.168241,0,0,0,0
88.3869,,0.443941,0.443941,0.444883,0.012051,0.000000,0.000000,0.000000,0,1,0,1,20.151925,0,0,0,0
88.4068,,0.443941,0.443941,0.444883,0.012051,0.000000,0.000000,0.000000,0,1,0,1,20.180284,0,0,0,0
88.4268,,0.443941,0.443941,0.444883,0.012051,0.000000,0.000000,0.000000,0,1,0,1,20.084540,0,0,0,0
88.4468,,0.443941,0.443941,0.444883,0.012051,0.000000,0.000000,0.000000,0,1,0,1,20.320589,0,0,0,0
88.4667,,0.443941,0.443941,0.444883,0.012051,0.000000,0.000000,0.000000,0,1,0,1,20.099572,0,0,0,0
88.4868,,0.443941,0.443941,0.444883,0.012051,0.000000,0.000000,0.000000,0,1,0,1,20.076591,0,0,0,0
88.5068,,0.443941,0.443941,0.444883,0.012051,0.000000,0.000000,0.000000,0,1,0,1,20.129106,0,0,0,0
88.5278,,0.443941,0.443941,0.444883,0.012051,0.000000,0.000000,0.000000,0,1,0,1,20.078158,0,0,0,0
88.5478,,0.443941,0.443941,0.444883,0.012051,0.000000,0.000000,0.000000,0,1,0,1,20.081884,0,0,0,0
88.5677,,0.443941,0.443941,0.444883,0.012051,0.000000,0.000000,0.000000,0,1,0,1,20.075376,0,0,0,0
88.5878,,0.443941,0.443941,0.444883,0.012051,0.000000,0.000000,0.000000,0,1,0,1,20.208966,0,0,0,0
88.6078,,0.443941,0.443941,0.444883,0.012051,0.000000,0.000000,0.000000,0,1,0,1,20.198763,0,0,0,0
88.6278,,0.443941,0.443941,0.444883,0.012051,0.000000,0.000000,0.000000,0,1,0,1,20.108076,0,0,0,0
88.6478,,0.443941,0.443941,0.444883,0.012051,0.000000,0.000000,0.000000,0,1,0,1,20.205528,0,0,0,0
88.6688,,0.443941,0.443941,0.444883,0.012051,0.000000,0.000000,0.000000,0,1,0,1,20.189232,0,0,0,0
88.6888,,0.443941,0.443941,0.444883,0.012051,0.000000,0.000000,0.000000,0,1,0,1,20.308399,0,0,0,0
88.7088,,0.443941,0.443941,0.444883,0.012051,0.000000,0.000000,0.000000,0,1,0,1,20.235418,0,0,0,0
88.7288,,0.443941,0.443941,0.444883,0.012051,0.000000,0.000000,0.000000,0,1,0,1,20.217386,0,0,0,0
88.7488,,0.443941,0.443941,0.444883,0.012051,0.000000,0.000000,0.000000,0,1,0,1,20.111123,0,0,0,0
88.7698,,0.443941,0.443941,0.444883,0.012051,0.000000,0.000000,0.000000,0,1,0,1,20.232167,0,0,0,0
88.7898,,0.443941,0.443941,0.444883,0.012051,0.000000,0.000000,0.000000,0,1,0,1,20.241720,0,0,0,0
88.8099,,0.443941,0.443941,0.444883,0.012051,0.000000,0.000000,0.000000,0,1,0,1,20.190401,0,0,0,0
88.8298,,0.443941,0.443941,0.444883,0.012051,0.000000,0.000000,0.000000,0,1,0,1,20.254011,0,0,0,0
88.8507,,0.443941,0.443941,0.444883,0.012051,0.000000,0.000000,0.000000,0,1,0,1,20.185123,0,0,0,0
88.8709,,0.443941,0.443941,0.444883,0.012051,0.000000,0.000000,0.000000,0,1,0,1,20.215915,0,0,0,0
88.8908,,0.443941,0.443941,0.444883,0.012051,0.000000,0.000000,0.000000,0,1,0,1,20.074398,0,0,0,0
88.9108,,0.443941,0.443941,0.444883,0.012051,0.000000,0.000000,0.000000,0,1,0,1,20.211603,0,0,0,0
88.9307,,0.443941,0.443941,0.444883,0.012051,0.000000,0.000000,0.000000,0,1,0,1,20.249073,0,0,0,0
88.9507,,0.443941,0.443941,0.444883,0.012051,0.000000,0.000000,0.000000,0,1,0,1,20.186446,0,0,0,0
88.9719,,0.443941,0.443941,0.444883,0.012051,0.000000,0.000000,0.000000,0,1,0,1,20.183879,0,0,0,0
88.9918,,0.443941,0.443941,0.444883,0.012051,0.000000,0.000000,0.000000,0,1,0,1,20.235238,0,0,0,0
89.0118,,0.443941,0.443941,0.444883,0.012051,0.000000,0.000000,0.000000,0,1,0,1,20.242931,0,0,0,0
89.0316,,0.443941,0.443941,0.444883,0.012051,0.000000,0.000000,0.000000,0,1,0,1,20.090556,0,0,0,0
89.0517,,0.443941,0.443941,0.444883,0.012051,0.000000,0.000000,0.000000,0,1,0,1,20.075207,0,0,0,0
89.0717,,0.443941,0.443941,0.444883,0.012051,0.000000,0.000000,0.000000,0,1,0,1,20.077788,0,0,0,0
89.0918,,0.443941,0.443941,0.444883,0.012051,0.000000,0.000000,0.000000,0,1,0,1,20.077110,0,0,0,0
89.1128,,0.443941,0.443941,0.444883,0.012051,0.000000,0.000000,0.000000,0,1,0,1,20.120100,0,0,0,0
89.1328,,0.443941,0.443941,0.444883,0.012051,0.000000,0.000000,0.000000,0,1,0,1,20.361685,0,0,0,0
89.1527,,0.443941,0.443941,0.444883,0.012051,0.000000,0.000000,0.000000,0,1,0,1,20.276353,0,0,0,0
89.1728,,0.443941,0.443941,0.444883,0.012051,0.000000,0.000000,0.000000,0,1,0,1,20.178373,0,0,0,0
89.1938,,0.443941,0.443941,0.444883,0.012051,0.000000,0.000000,0.000000,0,1,0,1,20.152980,0,0,0,0
89.2138,,0.443941,0.443941,0.444883,0.012051,0.000000,0.000000,0.000000,0,1,0,1,20.236249,0,0,0,0
89.2338,,0.443941,0.443941,0.444883,0.012051,0.000000,0.000000,0.000000,0,1,0,1,20.242399,0,0,0,0
89.2538,,0.443941,0.443941,0.444883,0.012051,0.000000,0.000000,0.000000,0,1,0,1,20.189354,0,0,0,0
89.2738,,0.443941,0.443941,0.444883,0.012051,0.000000,0.000000,0.000000,0,1,0,1,20.187372,0,0,0,0
89.2948,,0.443941,0.443941,0.444883,0.012051,0.000000,0.000000,0.000000,0,1,0,1,20.235257,0,0,0,0
89.3150,,0.443941,0.443941,0.444883,0.012051,0.000000,0.000000,0.000000,0,1,0,1,20.244259,0,0,0,0
89.3348,,0.443941,0.443941,0.444883,0.012051,0.000000,0.000000,0.000000,0,1,0,1,20.075181,0,0,0,0
89.3548,,0.443941,0.443941,0.444883,0.012051,0.000000,0.000000,0.000000,0,1,0,1,20.185443,0,0,0,0
89.3747,,0.443941,0.443941,0.444883,0.012051,0.000000,0.000000,0.000000,0,1,0,1,20.195141,0,0,0,0
89.3958,,0.443941,0.443941,0.444883,0.012051,0.000000,0.000000,0.000000,0,1,0,1,20.180543,0,0,0,0
89.4159,,0.443941,0.443941,0.444883,0.012051,0.000000,0.000000,0.000000,0,1,0,1,20.252780,0,0,0,0
89.4358,,0.443941,0.443941,0.444883,0.012051,0.000000,0.000000,0.000000,0,1,0,1,20.082407,0,0,0,0
89.4559,,0.443941,0.443941,0.444883,0.012051,0.000000,0.000000,0.000000,0,1,0,1,20.189198,0,0,0,0
89.4760,,0.443941,0.443941,0.444883,0.012051,0.000000,0.000000,0.000000,0,1,0,1,20.072688,0,0,0,0
89.4959,,0.443941,0.443941,0.444883,0.012051,0.000000,0.000000,0.000000,0,1,0,1,20.204695,0,0,0,0
89.5169,,0.443941,0.443941,0.444883,0.012051,0.000000,0.000000,0.000000,0,1,0,1,20.269776,0,0,0,0
89.5367,,0.443941,0.443941,0.444883,0.012051,0.000000,0.000000,0.000000,0,1,0,1,20.190025,0,0,0,0
89.5567,,0.443941,0.443941,0.444883,0.012051,0.000000,0.000000,0.000000,0,1,0,1,20.094228,0,0,0,0
89.5767,,0.443941,0.443941,0.444883,0.012051,0.000000,0.000000,0.000000,0,1,0,1,20.077832,0,0,0,0
89.5967,,0.443941,0.443941,0.444883,0.012051,0.000000,0.000000,0.000000,0,1,0,1,20.076768,0,0,0,0
89.6167,,0.443941,0.443941,0.444883,0.012051,0.000000,0.000000,0.000000,0,1,0,1,20.103087,0,0,0,0
89.6367,,0.443941,0.443941,0.444883,0.012051,0.000000,0.000000,0.000000,0,1,0,1,20.113203,0,0,0,0
89.6567,,0.443941,0.443941,0.444883,0.012051,0.000000,0.000000,0.000000,0,1,0,1,20.082604,0,0,0,0
89.6777,,0.443941,0.443941,0.444883,0.012051,0.000000,0.000000,0.000000,0,1,0,1,20.238095,0,0,0,0
89.6979,,0.443941,0.443941,0.444883,0.012051,0.000000,0.000000,0.000000,0,1,0,1,20.085171,0,0,0,0
89.7178,,0.443941,0.443941,0.444883,0.012051,0.000000,0.000000,0.000000,0,1,0,1,20.257567,0,0,0,0
89.7378,,0.443941,0.443941,0.444883,0.012051,0.000000,0.000000,0.000000,0,1,0,1,20.279344,0,0,0,0
89.7578,,0.443941,0.443941,0.444883,0.012051,0.000000,0.000000,0.000000,0,1,0,1,20.154123,0,0,0,0
89.7779,,0.443941,0.443941,0.444883,0.012051,0.000000,0.000000,0.000000,0,1,0,1,20.119500,0,0,0,0
89.7987,,0.443941,0.443941,0.444883,0.012051,0.000000,0.000000,0.000000,0,1,0,1,20.255516,0,0,0,0
89.8188,,0.443941,0.443941,0.444883,0.012051,0.000000,0.000000,0.000000,0,1,0,1,20.083926,0,0,0,0
89.8389,,0.443941,0.443941,0.444883,0.012051,0.000000,0.000000,0.000000,0,1,0,1,20.080959,0,0,0,0
89.8589,,0.443941,0.443941,0.444883,0.012051,0.000000,0.000000,0.000000,0,1,0,1,20.082356,0,0,0,0
89.8789,,0.443941,0.443941,0.444883,0.012051,0.000000,0.000000,0.000000,0,1,0,1,20.071039,0,0,0,0
89.8988,,0.443941,0.443941,0.444883,0.012051,0.000000,0.000000,0.000000,0,1,0,1,20.100186,0,0,0,0
89.9188,,0.443941,0.443941,0.444883,0.012051,0.000000,0.000000,0.000000,0,1,0,1,20.106661,0,0,0,0
89.9388,,0.443941,0.443941,0.444883,0.012051,0.000000,0.000000,0.000000,0,1,0,1,20.065407,0,0,0,0
89.9599,,0.443941,0.443941,0.444883,0.012051,0.000000,0.000000,0.000000,0,1,0,1,20.209701,0,0,0,0
89.9801,,0.443941,0.443941,0.444883,0.012051,0.000000,0.000000,0.000000,0,1,0,1,20.084553,0,0,0,0
89.9998,,0.443941,0.443941,0.444883,0.012051,0.000000,0.000000,0.000000,0,1,0,1,20.237665,0,0,0,0
90.0201,,0.443941,0.443941,0.444883,0.012051,0.000000,0.000000,0.000000,0,1,0,1,20.073970,0,0,0,0
90.0398,,0.443941,0.443941,0.444883,0.012051,0.000000,0.000000,0.000000,0,1,0,1,20.068254,0,0,0,0
90.0597,,0.443941,0.443941,0.444883,0.012051,0.000000,0.000000,0.000000,0,1,0,1,20.191992,0,0,0,0
90.0797,,0.443941,0.443941,0.444883,0.012051,0.000000,0.000000,0.000000,0,1,0,1,20.119471,0,0,0,0
90.1008,,0.443941,0.443941,0.444883,0.012051,0.000000,0.000000,0.000000,0,1,0,1,20.260876,0,0,0,0
90.1208,,0.443941,0.443941,0.444883,0.012051,0.000000,0.000000,0.000000,0,1,0,1,20.211564,0,0,0,0
90.1408,,0.443941,0.443941,0.444883,0.012051,0.000000,0.000000,0.000000,0,1,0,1,20.205491,0,0,0,0
90.1608,,0.443941,0.443941,0.444883,0.012051,0.000000,0.000000,0.000000,0,1,0,1,20.077400,0,0,0,0
90.1807,,0.443941,0.443941,0.444883,0.012051,0.000000,0.000000,0.000000,0,1,0,1,20.203925,0,0,0,0
90.2007,,0.443941,0.443941,0.444883,0.012051,0.000000,0.000000,0.000000,0,1,0,1,20.201877,0,0,0,0
90.2219,,0.443941,0.443941,0.444883,0.012051,0.000000,0.000000,0.000000,0,1,0,1,20.198306,0,0,0,0
90.2418,,0.443941,0.443941,0.444883,0.012051,0.000000,0.000000,0.000000,0,1,0,1,20.092875,0,0,0,0
90.2618,,0.443941,0.443941,0.444883,0.012051,0.000000,0.000000,0.000000,0,1,0,1,20.081807,0,0,0,0
90.2819,,0.443941,0.443941,0.444883,0.012051,0.000000,0.000000,0.000000,0,1,0,1,20.077257,0,0,0,0
90.3019,,0.443941,0.443941,0.444883,0.012051,0.000000,0.000000,0.000000,0,1,0,1,20.070512,0,0,0,0
90.3219,,0.443941,0.443941,0.444883,0.012051,0.000000,0.000000,0.000000,0,1,0,1,20.071427,0,0,0,0
90.3419,,0.443941,0.443941,0.444883,0.012051,0.000000,0.000000,0.000000,0,1,0,1,20.100890,0,0,0,0
90.3619,,0.443941,0.443941,0.444883,0.012051,0.000000,0.000000,0.000000,0,1,0,1,20.068302,0,0,0,0
90.3819,,0.443941,0.443941,0.444883,0.012051,0.000000,0.000000,0.000000,0,1,0,1,20.166245,0,0,0,0
90.4029,,0.443941,0.443941,0.444883,0.012051,0.000000,0.000000,0.000000,0,1,0,1,20.208384,0,0,0,0
90.4229,,0.443941,0.443941,0.444883,0.012051,0.000000,0.000000,0.000000,0,1,0,1,20.182297,0,0,0,0
90.4429,,0.443941,0.443941,0.444883,0.012051,0.000000,0.000000,0.000000,0,1,0,1,20.074929,0,0,0,0
90.4629,,0.443941,0.443941,0.444883,0.012051,0.000000,0.000000,0.000000,0,1,0,1,20.212307,0,0,0,0
90.4829,,0.443941,0.443941,0.444883,0.012051,0.000000,0.000000,0.000000,0,1,0,1,20.216610,0,0,0,0
90.5028,,0.443941,0.443941,0.444883,0.012051,0.000000,0.000000,0.000000,0,1,0,1,20.136316,0,0,0,0
90.5229,,0.443941,0.443941,0.444883,0.012051,0.000000,0.000000,0.000000,0,1,0,1,20.073693,0,0,0,0
90.5438,,0.443941,0.443941,0.444883,0.012051,0.000000,0.000000,0.000000,0,1,0,1,20.124856,0,0,0,0
90.5638,,0.443941,0.443941,0.444883,0.012051,0.000000,0.000000,0.000000,0,1,0,1,20.247189,0,0,0,0
90.5838,,0.443941,0.443941,0.444883,0.012051,0.000000,0.000000,0.000000,0,1,0,1,20.118268,0,0,0,0
90.6038,,0.443941,0.443941,0.444883,0.012051,0.000000,0.000000,0.000000,0,1,0,1,20.193354,0,0,0,0
90.6238,,0.443941,0.443941,0.444883,0.012051,0.000000,0.000000,0.000000,0,1,0,1,20.136683,0,0,0,0
90.6438,,0.443941,0.443941,0.444883,0.012051,0.000000,0.000000,0.000000,0,1,0,1,20.142496,0,0,0,0
90.6649,,0.443941,0.443941,0.444883,0.012051,0.000000,0.000000,0.000000,0,1,0,1,20.211426,0,0,0,0
90.6849,,0.443941,0.443941,0.444883,0.012051,0.000000,0.000000,0.000000,0,1,0,1,20.086220,0,0,0,0
90.7048,,0.443941,0.443941,0.444883,0.012051,0.000000,0.000000,0.000000,0,1,0,1,20.101513,0,0,0,0
90.7249,,0.443941,0.443941,0.444883,0.012051,0.000000,0.000000,0.000000,0,1,0,1,20.070705,0,0,0,0
90.7450,,0.443941,0.443941,0.444883,0.012051,0.000000,0.000000,0.000000,0,1,0,1,20.156105,0,0,0,0
90.7649,,0.443941,0.443941,0.444883,0.012051,0.000000,0.000000,0.000000,0,1,0,1,20.099582,0,0,0,0
90.7849,,0.443941,0.443941,0.444883,0.012051,0.000000,0.000000,0.000000,0,1,0,1,20.168742,0,0,0,0
90.8049,,0.443941,0.443941,0.444883,0.012051,0.000000,0.000000,0.000000,0,1,0,1,20.103109,0,0,0,0
90.8248,,0.443941,0.443941,0.444883,0.012051,0.000000,0.000000,0.000000,0,1,0,1,20.085496,0,0,0,0
90.8459,,0.443941,0.443941,0.444883,0.012051,0.000000,0.000000,0.000000,0,1,0,1,20.178082,0,0,0,0
90.8659,,0.443941,0.443941,0.444883,0.012051,0.000000,0.000000,0.000000,0,1,0,1,20.078422,0,0,0,0
90.8859,,0.443941,0.443941,0.444883,0.012051,0.000000,0.000000,0.000000,0,1,0,1,20.069640,0,0,0,0
90.9059,,0.443941,0.443941,0.444883,0.012051,0.000000,0.000000,0.000000,0,1,0,1,20.068858,0,0,0,0
90.9259,,0.443941,0.443941,0.444883,0.012051,0.000000,0.000000,0.000000,0,1,0,1,20.177988,0,0,0,0
90.9459,,0.443941,0.443941,0.444883,0.012051,0.000000,0.000000,0.000000,0,1,0,1,20.141647,0,0,0,0
90.9658,,0.443941,0.443941,0.444883,0.012051,0.000000,0.000000,0.000000,0,1,0,1,20.087391,0,0,0,0
90.9858,,0.443941,0.443941,0.444883,0.012051,0.000000,0.000000,0.000000,0,1,0,1,20.107761,0,0,0,0
91.0068,,0.443941,0.443941,0.444883,0.012051,0.000000,0.000000,0.000000,0,1,0,1,20.093973,0,0,0,0
91.0268,,0.443941,0.443941,0.444883,0.012051,0.000000,0.000000,0.000000,0,1,0,1,20.085218,0,0,0,0
91.0468,,0.443941,0.443941,0.444883,0.012051,0.000000,0.000000,0.000000,0,1,0,1,20.011039,0,0,0,0
91.0669,,0.443941,0.443941,0.444883,0.012051,0.000000,0.000000,0.000000,0,1,0,1,20.316022,0,0,0,0
91.0870,,0.443941,0.443941,0.444883,0.012051,0.000000,0.000000,0.000000,0,1,0,1,20.070507,0,0,0,0
91.1069,,0.443941,0.443941,0.444883,0.012051,0.000000,0.000000,0.000000,0,1,0,1,20.233547,0,0,0,0
91.1280,,0.443941,0.443941,0.444883,0.012051,0.000000,0.000000,0.000000,0,1,0,1,20.365428,0,0,0,0
91.1479,,0.443941,0.443941,0.444883,0.012051,0.000000,0.000000,0.000000,0,1,0,1,20.164305,0,0,0,0
91.1678,,0.443941,0.443941,0.444883,0.012051,0.000000,0.000000,0.000000,0,1,0,1,20.064899,0,0,0,0
91.1878,,0.443941,0.443941,0.444883,0.012051,0.000000,0.000000,0.000000,0,1,0,1,20.069394,0,0,0,0
91.2078,,0.443941,0.443941,0.444883,0.012051,0.000000,0.000000,0.000000,0,1,0,1,20.089781,0,0,0,0
91.2278,,0.443941,0.443941,0.444883,0.012051,0.000000,0.000000,0.000000,0,1,0,1,20.065473,0,0,0,0
91.2478,,0.443941,0.443941,0.444883,0.012051,0.000000,0.000000,0.000000,0,1,0,1,20.289538,0,0,0,0
91.2678,,0.443941,0.443941,0.444883,0.012051,0.000000,0.000000,0.000000,0,1,0,1,20.071606,0,0,0,0
91.2888,,0.443941,0.443941,0.444883,0.012051,0.000000,0.000000,0.000000,0,1,0,1,20.101936,0,0,0,0
91.3088,,0.443941,0.443941,0.444883,0.012051,0.000000,0.000000,0.000000,0,1,0,1,20.076159,0,0,0,0
91.3288,,0.443941,0.443941,0.444883,0.012051,0.000000,0.000000,0.000000,0,1,0,1,20.033403,0,0,0,0
91.3488,,0.443941,0.443941,0.444883,0.012051,0.000000,0.000000,0.000000,0,1,0,1,20.112666,0,0,0,0
91.3689,,0.443941,0.443941,0.444883,0.012051,0.000000,0.000000,0.000000,0,1,0,1,20.127595,0,0,0,0
91.3889,,0.443941,0.443941,0.444883,0.012051,0.000000,0.000000,0.000000,0,1,0,1,20.128208,0,0,0,0
91.4088,,0.443941,0.443941,0.444883,0.012051,0.000000,0.000000,0.000000,0,1,0,1,20.077536,0,0,0,0
91.4288,,0.443941,0.443941,0.444883,0.012051,0.000000,0.000000,0.000000,0,1,0,1,20.081927,0,0,0,0
91.4488,,0.443941,0.443941,0.444883,0.012051,0.000000,0.000000,0.000000,0,1,0,1,20.076925,0,0,0,0
91.4689,,0.443941,0.443941,0.444883,0.012051,0.000000,0.000000,0.000000,0,1,0,1,20.143833,0,0,0,0
91.4890,,0.443941,0.443941,0.444883,0.012051,0.000000,0.000000,0.000000,0,1,0,1,20.105973,0,0,0,0
91.5099,,0.443941,0.443941,0.444883,0.012051,0.000000,0.000000,0.000000,0,1,0,1,20.185717,0,0,0,0
91.5300,,0.443941,0.443941,0.444883,0.012051,0.000000,0.000000,0.000000,0,1,0,1,20.073156,0,0,0,0
91.5499,,0.443941,0.443941,0.444883,0.012051,0.000000,0.000000,0.000000,0,1,0,1,20.068559,0,0,0,0
91.5698,,0.443941,0.443941,0.444883,0.012051,0.000000,0.000000,0.000000,0,1,0,1,20.075585,0,0,0,0
91.5897,,0.443941,0.443941,0.444883,0.012051,0.000000,0.000000,0.000000,0,1,0,1,20.107886,0,0,0,0
91.6098,,0.443941,0.443941,0.444883,0.012051,0.000000,0.000000,0.000000,0,1,0,1,20.115287,0,0,0,0
91.6298,,0.443941,0.443941,0.444883,0.012051,0.000000,0.000000,0.000000,0,1,0,1,20.193262,0,0,0,0
91.6500,,0.443941,0.443941,0.444883,0.012051,0.000000,0.000000,0.000000,0,1,0,1,20.194414,0,0,0,0
91.6709,,0.443941,0.443941,0.444883,0.012051,0.000000,0.000000,0.000000,0,1,0,1,20.204067,0,0,0,0
91.6909,,0.443941,0.443941,0.444883,0.012051,0.000000,0.000000,0.000000,0,1,0,1,20.094116,0,0,0,0
91.7110,,0.443941,0.443941,0.444883,0.012051,0.000000,0.000000,0.000000,0,1,0,1,20.078158,0,0,0,0
91.7310,,0.443941,0.443941,0.444883,0.012051,0.000000,0.000000,0.000000,0,1,0,1,20.076807,0,0,0,0
91.7510,,0.443941,0.443941,0.444883,0.012051,0.000000,0.000000,0.000000,0,1,0,1,20.185420,0,0,0,0
91.7708,,0.443941,0.443941,0.444883,0.012051,0.000000,0.000000,0.000000,0,1,0,1,20.193801,0,0,0,0
91.7910,,0.443941,0.443941,0.444883,0.012051,0.000000,0.000000,0.000000,0,1,0,1,20.137803,0,0,0,0
91.8121,,0.443941,0.443941,0.444883,0.012051,0.000000,0.000000,0.000000,0,1,0,1,20.116375,0,0,0,0
91.8318,,0.443941,0.443941,0.444883,0.012051,0.000000,0.000000,0.000000,0,1,0,1,20.218561,0,0,0,0
91.8519,,0.443941,0.443941,0.444883,0.012051,0.000000,0.000000,0.000000,0,1,0,1,20.073320,0,0,0,0
91.8719,,0.443941,0.443941,0.444883,0.012051,0.000000,0.000000,0.000000,0,1,0,1,20.125401,0,0,0,0
91.8920,,0.443941,0.443941,0.444883,0.012051,0.000000,0.000000,0.000000,0,1,0,1,20.282038,0,0,0,0
91.9117,,0.443941,0.443941,0.444883,0.012051,0.000000,0.000000,0.000000,0,1,0,1,20.082870,0,0,0,0
91.9328,,0.443941,0.443941,0.444883,0.012051,0.000000,0.000000,0.000000,0,1,0,1,20.430517,0,0,0,0
91.9530,,0.443941,0.443941,0.444883,0.012051,0.000000,0.000000,0.000000,0,1,0,1,20.184633,0,0,0,0
91.9729,,0.443941,0.443941,0.444883,0.012051,0.000000,0.000000,0.000000,0,1,0,1,20.114960,0,0,0,0
91.9930,,0.443941,0.443941,0.444883,0.012051,0.000000,0.000000,0.000000,0,1,0,1,20.086147,0,0,0,0
92.0129,,0.443941,0.443941,0.444883,0.012051,0.000000,0.000000,0.000000,0,1,0,1,20.185522,0,0,0,0
92.0339,,0.443941,0.443941,0.444883,0.012051,0.000000,0.000000,0.000000,0,1,0,1,20.265250,0,0,0,0
92.0539,,0.443941,0.443941,0.444883,0.012051,0.000000,0.000000,0.000000,0,1,0,1,20.217447,0,0,0,0
92.0738,,0.443941,0.443941,0.444883,0.012051,0.000000,0.000000,0.000000,0,1,0,1,20.224947,0,0,0,0
92.0938,,0.443941,0.443941,0.444883,0.012051,0.000000,0.000000,0.000000,0,1,0,1,20.209370,0,0,0,0
92.1150,,0.443941,0.443941,0.444883,0.012051,0.000000,0.000000,0.000000,0,1,0,1,20.294038,0,0,0,0
92.1347,,0.443941,0.443941,0.444883,0.012051,0.000000,0.000000,0.000000,0,1,0,1,20.180345,0,0,0,0
92.1551,,0.443941,0.443941,0.444883,0.012051,0.000000,0.000000,0.000000,0,1,0,1,20.127630,0,0,0,0
92.1751,,0.443941,0.443941,0.444883,0.012051,0.000000,0.000000,0.000000,0,1,0,1,20.080455,0,0,0,0
92.1952,,0.443941,0.443941,0.444883,0.012051,0.000000,0.000000,0.000000,0,1,0,1,20.215065,0,0,0,0
92.2152,,0.443941,0.443941,0.444883,0.012051,0.000000,0.000000,0.000000,0,1,0,1,20.232958,0,0,0,0
92.2358,,0.443941,0.443941,0.444883,0.012051,0.000000,0.000000,0.000000,0,1,0,1,20.205533,0,0,0,0
92.2561,,0.443941,0.443941,0.444883,0.012051,0.000000,0.000000,0.000000,0,1,0,1,20.229321,0,0,0,0
92.2760,,0.443941,0.443941,0.444883,0.012051,0.000000,0.000000,0.000000,0,1,0,1,20.198730,0,0,0,0
92.2961,,0.443941,0.443941,0.444883,0.012051,0.000000,0.000000,0.000000,0,1,0,1,20.105835,0,0,0,0
92.3161,,0.443941,0.443941,0.444883,0.012051,0.000000,0.000000,0.000000,0,1,0,1,20.180553,0,0,0,0
92.3361,,0.443941,0.443941,0.444883,0.012051,0.000000,0.000000,0.000000,0,1,0,1,20.177410,0,0,0,0
92.3570,,0.443941,0.443941,0.444883,0.012051,0.000000,0.000000,0.000000,0,1,0,1,20.141011,0,0,0,0
92.3770,,0.443941,0.443941,0.444883,0.012051,0.000000,0.000000,0.000000,0,1,0,1,20.082826,0,0,0,0
92.3969,,0.443941,0.443941,0.444883,0.012051,0.000000,0.000000,0.000000,0,1,0,1,20.069744,0,0,0,0
92.4169,,0.443941,0.443941,0.444883,0.012051,0.000000,0.000000,0.000000,0,1,0,1,20.065353,0,0,0,0
92.4371,,0.443941,0.443941,0.444883,0.012051,0.000000,0.000000,0.000000,0,1,0,1,20.074797,0,0,0,0
92.4570,,0.443941,0.443941,0.444883,0.012051,0.000000,0.000000,0.000000,0,1,0,1,20.069375,0,0,0,0
92.4770,,0.443941,0.443941,0.444883,0.012051,0.000000,0.000000,0.000000,0,1,0,1,20.084976,0,0,0,0
92.4968,,0.443941,0.443941,0.444883,0.012051,0.000000,0.000000,0.000000,0,1,0,1,20.125507,0,0,0,0
92.5170,,0.443941,0.443941,0.444883,0.012051,0.000000,0.000000,0.000000,0,1,0,1,20.183459,0,0,0,0
92.5380,,0.443941,0.443941,0.444883,0.012051,0.000000,0.000000,0.000000,0,1,0,1,20.206571,0,0,0,0
92.5580,,0.443941,0.443941,0.444883,0.012051,0.000000,0.000000,0.000000,0,1,0,1,20.117138,0,0,0,0
92.5780,,0.443941,0.443941,0.444883,0.012051,0.000000,0.000000,0.000000,0,1,0,1,20.382889,0,0,0,0
92.5979,,0.443941,0.443941,0.444883,0.012051,0.000000,0.000000,0.000000,0,1,0,1,20.106867,0,0,0,0
92.6191,,0.443941,0.443941,0.444883,0.012051,0.000000,0.000000,0.000000,0,1,0,1,20.108387,0,0,0,0
92.6390,,0.443941,0.443941,0.444883,0.012051,0.000000,0.000000,0.000000,0,1,0,1,20.270485,0,0,0,0
92.6590,,0.443941,0.443941,0.444883,0.012051,0.000000,0.000000,0.000000,0,1,0,1,20.174080,0,0,0,0
92.6787,,0.443941,0.443941,0.444883,0.012051,0.000000,0.000000,0.000000,0,1,0,1,20.087078,0,0,0,0
92.6989,,0.443941,0.443941,0.444883,0.012051,0.000000,0.000000,0.000000,0,1,0,1,20.096435,0,0,0,0
92.7190,,0.443941,0.443941,0.444883,0.012051,0.000000,0.000000,0.000000,0,1,0,1,20.099538,0,0,0,0
92.7390,,0.443941,0.443941,0.444883,0.012051,0.000000,0.000000,0.000000,0,1,0,1,20.085397,0,0,0,0
92.7589,,0.443941,0.443941,0.444883,0.012051,0.000000,0.000000,0.000000,0,1,0,1,20.206659,0,0,0,0
92.7803,,0.443941,0.443941,0.444883,0.012051,0.000000,0.000000,0.000000,0,1,0,1,20.238144,0,0,0,0
92.8000,,0.443941,0.443941,0.444883,0.012051,0.000000,0.000000,0.000000,0,1,0,1,20.222564,0,0,0,0
92.8199,,0.443941,0.443941,0.444883,0.012051,0.000000,0.000000,0.000000,0,1,0,1,20.106252,0,0,0,0
92.8401,,0.443941,0.443941,0.444883,0.012051,0.000000,0.000000,0.000000,0,1,0,1,20.068986,0,0,0,0
92.8602,,0.443941,0.443941,0.444883,0.012051,0.000000,0.000000,0.000000,0,1,0,1,20.173017,0,0,0,0
92.8801,,0.443941,0.443941,0.444883,0.012051,0.000000,0.000000,0.000000,0,1,0,1,20.130742,0,0,0,0
92.8999,,0.443941,0.443941,0.444883,0.012051,0.000000,0.000000,0.000000,0,1,0,1,20.075855,0,0,0,0
92.9211,,0.443941,0.443941,0.444883,0.012051,0.000000,0.000000,0.000000,0,1,0,1,20.189502,0,0,0,0
92.9412,,0.443941,0.443941,0.444883,0.012051,0.000000,0.000000,0.000000,0,1,0,1,20.222027,0,0,0,0
92.9611,,0.443941,0.443941,0.444883,0.012051,0.000000,0.000000,0.000000,0,1,0,1,20.090229,0,0,0,0
92.9809,,0.443941,0.443941,0.444883,0.012051,0.000000,0.000000,0.000000,0,1,0,1,20.187373,0,0,0,0
93.0008,,0.443941,0.443941,0.444883,0.012051,0.000000,0.000000,0.000000,0,1,0,1,20.179823,0,0,0,0
93.0210,,0.443941,0.443941,0.444883,0.012051,0.000000,0.000000,0.000000,0,1,0,1,20.193448,0,0,0,0
93.0410,,0.443941,0.443941,0.444883,0.012051,0.000000,0.000000,0.000000,0,1,0,1,20.117081,0,0,0,0
93.0620,,0.443941,0.443941,0.444883,0.012051,0.000000,0.000000,0.000000,0,1,0,1,20.071022,0,0,0,0
93.0821,,0.443941,0.443941,0.444883,0.012051,0.000000,0.000000,0.000000,0,1,0,1,20.095955,0,0,0,0
93.1021,,0.443941,0.443941,0.444883,0.012051,0.000000,0.000000,0.000000,0,1,0,1,20.083060,0,0,0,0
93.1220,,0.443941,0.443941,0.444883,0.012051,0.000000,0.000000,0.000000,0,1,0,1,20.192504,0,0,0,0
93.1420,,0.443941,0.443941,0.444883,0.012051,0.000000,0.000000,0.000000,0,1,0,1,20.114043,0,0,0,0
93.1618,,0.443941,0.443941,0.444883,0.012051,0.000000,0.000000,0.000000,0,1,0,1,20.071667,0,0,0,0
93.1821,,0.443941,0.443941,0.444883,0.012051,0.000000,0.000000,0.000000,0,1,0,1,20.169658,0,0,0,0
93.2020,,0.443941,0.443941,0.444883,0.012051,0.000000,0.000000,0.000000,0,1,0,1,20.119919,0,0,0,0
93.2230,,0.443941,0.443941,0.444883,0.012051,0.000000,0.000000,0.000000,0,1,0,1,20.119198,0,0,0,0
93.2431,,0.443941,0.443941,0.444883,0.012051,0.000000,0.000000,0.000000,0,1,0,1,20.171796,0,0,0,0
93.2631,,0.443941,0.443941,0.444883,0.012051,0.000000,0.000000,0.000000,0,1,0,1,20.251069,0,0,0,0
93.2830,,0.443941,0.443941,0.444883,0.012051,0.000000,0.000000,0.000000,0,1,0,1,20.105399,0,0,0,0
93.3031,,0.443941,0.443941,0.444883,0.012051,0.000000,0.000000,0.000000,0,1,0,1,20.084242,0,0,0,0
93.3229,,0.443941,0.443941,0.444883,0.012051,0.000000,0.000000,0.000000,0,1,0,1,20.073025,0,0,0,0
93.3440,,0.443941,0.443941,0.444883,0.012051,0.000000,0.000000,0.000000,0,1,0,1,20.075431,0,0,0,0
93.3630,,0.443941,0.443941,0.444883,0.012051,0.000000,0.000000,0.000000,0,1,0,1,20.170977,0,0,0,0
93.3840,,0.443941,0.443941,0.444883,0.012051,0.000000,0.000000,0.000000,0,1,0,1,20.209446,0,0,0,0
93.4041,,0.443941,0.443941,0.444883,0.012051,0.000000,0.000000,0.000000,0,1,0,1,20.203137,0,0,0,0
93.4241,,0.443941,0.443941,0.444883,0.012051,0.000000,0.000000,0.000000,0,1,0,1,20.080390,0,0,0,0
93.4441,,0.443941,0.443941,0.444883,0.012051,0.000000,0.000000,0.000000,0,1,0,1,20.096809,0,0,0,0
93.4641,,0.443941,0.443941,0.444883,0.012051,0.000000,0.000000,0.000000,0,1,0,1,20.107997,0,0,0,0
93.4841,,0.443941,0.443941,0.444883,0.012051,0.000000,0.000000,0.000000,0,1,0,1,20.135832,0,0,0,0
93.5050,,0.443941,0.443941,0.444883,0.012051,0.000000,0.000000,0.000000,0,1,0,1,20.147056,0,0,0,0
93.5250,,0.443941,0.443941,0.444883,0.012051,0.000000,0.000000,0.000000,0,1,0,1,20.217017,0,0,0,0
93.5450,,0.443941,0.443941,0.444883,0.012051,0.000000,0.000000,0.000000,0,1,0,1,20.094401,0,0,0,0
93.5651,,0.443941,0.443941,0.444883,0.012051,0.000000,0.000000,0.000000,0,1,0,1,20.121284,0,0,0,0
93.5849,,0.443941,0.443941,0.444883,0.012051,0.000000,0.000000,0.000000,0,1,0,1,20.120386,0,0,0,0
93.6050,,0.443941,0.443941,0.444883,0.012051,0.000000,0.000000,0.000000,0,1,0,1,20.129405,0,0,0,0
93.6249,,0.443941,0.443941,0.444883,0.012051,0.000000,0.000000,0.000000,0,1,0,1,20.108135,0,0,0,0
93.6451,,0.443941,0.443941,0.444883,0.012051,0.000000,0.000000,0.000000,0,1,0,1,20.190741,0,0,0,0
93.6661,,0.443941,0.443941,0.444883,0.012051,0.000000,0.000000,0.000000,0,1,0,1,20.216202,0,0,0,0
93.6859,,0.443941,0.443941,0.444883,0.012051,0.000000,0.000000,0.000000,0,1,0,1,20.083233,0,0,0,0
93.7058,,0.443941,0.443941,0.444883,0.012051,0.000000,0.000000,0.000000,0,1,0,1,20.073350,0,0,0,0
93.7261,,0.443941,0.443941,0.444883,0.012051,0.000000,0.000000,0.000000,0,1,0,1,20.170451,0,0,0,0
93.7459,,0.443941,0.443941,0.444883,0.012051,0.000000,0.000000,0.000000,0,1,0,1,20.202561,0,0,0,0
93.7661,,0.443941,0.443941,0.444883,0.012051,0.000000,0.000000,0.000000,0,1,0,1,20.189599,0,0,0,0
93.7871,,0.443941,0.443941,0.444883,0.012051,0.000000,0.000000,0.000000,0,1,0,1,20.222514,0,0,0,0
93.8071,,0.443941,0.443941,0.444883,0.012051,0.000000,0.000000,0.000000,0,1,0,1,20.254036,0,0,0,0
93.8270,,0.443941,0.443941,0.444883,0.012051,0.000000,0.000000,0.000000,0,1,0,1,20.165663,0,0,0,0
93.8471,,0.443941,0.443941,0.444883,0.012051,0.000000,0.000000,0.000000,0,1,0,1,20.199791,0,0,0,0
93.8671,,0.443941,0.443941,0.444883,0.012051,0.000000,0.000000,0.000000,0,1,0,1,20.123063,0,0,0,0
93.8871,,0.443941,0.443941,0.444883,0.012051,0.000000,0.000000,0.000000,0,1,0,1,20.118977,0,0,0,0
93.9081,,0.443941,0.443941,0.444883,0.012051,0.000000,0.000000,0.000000,0,1,0,1,20.156565,0,0,0,0
93.9281,,0.443941,0.443941,0.444883,0.012051,0.000000,0.000000,0.000000,0,1,0,1,20.385371,0,0,0,0
93.9480,,0.443941,0.443941,0.444883,0.012051,0.000000,0.000000,0.000000,0,1,0,1,20.235489,0,0,0,0
93.9681,,0.443941,0.443941,0.444883,0.012051,0.000000,0.000000,0.000000,0,1,0,1,20.206888,0,0,0,0
93.9890,,0.443941,0.443941,0.444883,0.012051,0.000000,0.000000,0.000000,0,1,0,1,20.313385,0,0,0,0
94.0090,,0.443941,0.443941,0.444883,0.012051,0.000000,0.000000,0.000000,0,1,0,1,20.092772,0,0,0,0
94.0288,,0.443941,0.443941,0.444883,0.012051,0.000000,0.000000,0.000000,0,1,0,1,20.091892,0,0,0,0
94.0490,,0.443941,0.443941,0.444883,0.012051,0.000000,0.000000,0.000000,0,1,0,1,20.082746,0,0,0,0
94.0690,,0.443941,0.443941,0.444883,0.012051,0.000000,0.000000,0.000000,0,1,0,1,20.075929,0,0,0,0
94.0887,,0.443941,0.443941,0.444883,0.012051,0.000000,0.000000,0.000000,0,1,0,1,20.303594,0,0,0,0
94.1101,,0.443941,0.443941,0.444883,0.012051,0.000000,0.000000,0.000000,0,1,0,1,20.114662,0,0,0,0
94.1298,,0.443941,0.443941,0.444883,0.012051,0.000000,0.000000,0.000000,0,1,0,1,20.074318,0,0,0,0
94.1501,,0.443941,0.443941,0.444883,0.012051,0.000000,0.000000,0.000000,0,1,0,1,20.238434,0,0,0,0
94.1701,,0.443941,0.443941,0.444883,0.012051,0.000000,0.000000,0.000000,0,1,0,1,20.158616,0,0,0,0
94.1901,,0.443941,0.443941,0.444883,0.012051,0.000000,0.000000,0.000000,0,1,0,1,20.180514,0,0,0,0
94.2100,,0.443941,0.443941,0.444883,0.012051,0.000000,0.000000,0.000000,0,1,0,1,20.163572,0,0,0,0
94.2301,,0.443941,0.443941,0.444883,0.012051,0.000000,0.000000,0.000000,0,1,0,1,20.101319,0,0,0,0
94.2500,,0.443941,0.443941,0.444883,0.012051,0.000000,0.000000,0.000000,0,1,0,1,20.089827,0,0,0,0
94.2710,,0.443941,0.443941,0.444883,0.012051,0.000000,0.000000,0.000000,0,1,0,1,20.074748,0,0,0,0
94.2912,,0.443941,0.443941,0.444883,0.012051,0.000000,0.000000,0.000000,0,1,0,1,20.141236,0,0,0,0
94.3111,,0.443941,0.443941,0.444883,0.012051,0.000000,0.000000,0.000000,0,1,0,1,20.088164,0,0,0,0
94.3312,,0.443941,0.443941,0.444883,0.012051,0.000000,0.000000,0.000000,0,1,0,1,20.067008,0,0,0,0
94.3509,,0.443941,0.443941,0.444883,0.012051,0.000000,0.000000,0.000000,0,1,0,1,20.101264,0,0,0,0
94.3711,,0.443941,0.443941,0.444883,0.012051,0.000000,0.000000,0.000000,0,1,0,1,20.098794,0,0,0,0
94.3909,,0.443941,0.443941,0.444883,0.012051,0.000000,0.000000,0.000000,0,1,0,1,20.106353,0,0,0,0
94.4110,,0.443941,0.443941,0.444883,0.012051,0.000000,0.000000,0.000000,0,1,0,1,20.160633,0,0,0,0
94.4321,,0.443941,0.443941,0.444883,0.012051,0.000000,0.000000,0.000000,0,1,0,1,20.219061,0,0,0,0
94.4519,,0.443941,0.443941,0.444883,0.012051,0.000000,0.000000,0.000000,0,1,0,1,20.228819,0,0,0,0
94.4721,,0.443941,0.443941,0.444883,0.012051,0.000000,0.000000,0.000000,0,1,0,1,20.203546,0,0,0,0
94.4921,,0.443941,0.443941,0.444883,0.012051,0.000000,0.000000,0.000000,0,1,0,1,20.216513,0,0,0,0
94.5129,,0.443941,0.443941,0.444883,0.012051,0.000000,0.000000,0.000000,0,1,0,1,20.083508,0,0,0,0
94.5318,,0.443941,0.443941,0.444883,0.012051,0.000000,0.000000,0.000000,0,1,0,1,20.098684,0,0,0,0
94.5521,,0.443941,0.443941,0.444883,0.012051,0.000000,0.000000,0.000000,0,1,0,1,20.112308,0,0,0,0
94.5731,,0.443941,0.443941,0.444883,0.012051,0.000000,0.000000,0.000000,0,1,0,1,20.082100,0,0,0,0
94.5930,,0.443941,0.443941,0.444883,0.012051,0.000000,0.000000,0.000000,0,1,0,1,20.156236,0,0,0,0
94.6130,,0.443941,0.443941,0.444883,0.012051,0.000000,0.000000,0.000000,0,1,0,1,20.635852,0,0,0,0
94.6341,,0.443941,0.443941,0.444883,0.012051,0.000000,0.000000,0.000000,0,1,0,1,20.197798,0,0,0,0
94.6541,,0.443941,0.443941,0.444883,0.012051,0.000000,0.000000,0.000000,0,1,0,1,20.224785,0,0,0,0
94.6740,,0.443941,0.443941,0.444883,0.012051,0.000000,0.000000,0.000000,0,1,0,1,20.072777,0,0,0,0
94.6939,,0.443941,0.443941,0.444883,0.012051,0.000000,0.000000,0.000000,0,1,0,1,20.311444,0,0,0,0
94.7140,,0.443941,0.443941,0.444883,0.012051,0.000000,0.000000,0.000000,0,1,0,1,20.099209,0,0,0,0
94.7348,,0.443941,0.443941,0.444883,0.012051,0.000000,0.000000,0.000000,0,1,0,1,20.256891,0,0,0,0
94.7551,,0.443941,0.443941,0.444883,0.012051,0.000000,0.000000,0.000000,0,1,0,1,20.269462,0,0,0,0
94.7749,,0.443941,0.443941,0.444883,0.012051,0.000000,0.000000,0.000000,0,1,0,1,20.198358,0,0,0,0
94.7952,,0.443941,0.443941,0.444883,0.012051,0.000000,0.000000,0.000000,0,1,0,1,20.203314,0,0,0,0
94.8151,,0.443941,0.443941,0.444883,0.012051,0.000000,0.000000,0.000000,0,1,0,1,20.193207,0,0,0,0
94.8361,,0.443941,0.443941,0.444883,0.012051,0.000000,0.000000,0.000000,0,1,0,1,20.245821,0,0,0,0
94.8561,,0.443941,0.443941,0.444883,0.012051,0.000000,0.000000,0.000000,0,1,0,1,20.198236,0,0,0,0
94.8761,,0.443941,0.443941,0.444883,0.012051,0.000000,0.000000,0.000000,0,1,0,1,20.199270,0,0,0,0
94.8961,,0.443941,0.443941,0.444883,0.012051,0.000000,0.000000,0.000000,0,1,0,1,20.120153,0,0,0,0
94.9160,,0.443941,0.443941,0.444883,0.012051,0.000000,0.000000,0.000000,0,1,0,1,20.196951,0,0,0,0
94.9371,,0.443941,0.443941,0.444883,0.012051,0.000000,0.000000,0.000000,0,1,0,1,20.214299,0,0,0,0
94.9571,,0.443941,0.443941,0.444883,0.012051,0.000000,0.000000,0.000000,0,1,0,1,20.248709,0,0,0,0
94.9771,,0.443941,0.443941,0.444883,0.012051,0.000000,0.000000,0.000000,0,1,0,1,20.230261,0,0,0,0
94.9970,,0.443941,0.443941,0.444883,0.012051,0.000000,0.000000,0.000000,0,1,0,1,20.199040,0,0,0,0
95.0170,,0.443941,0.443941,0.444883,0.012051,0.000000,0.000000,0.000000,0,1,0,1,20.081799,0,0,0,0
95.0370,,0.443941,0.443941,0.444883,0.012051,0.000000,0.000000,0.000000,0,1,0,1,20.078601,0,0,0,0
95.0581,,0.443941,0.443941,0.444883,0.012051,0.000000,0.000000,0.000000,0,1,0,1,20.083083,0,0,0,0
95.0779,,0.443941,0.443941,0.444883,0.012051,0.000000,0.000000,0.000000,0,1,0,1,20.089126,0,0,0,0
95.0981,,0.443941,0.443941,0.444883,0.012051,0.000000,0.000000,0.000000,0,1,0,1,20.097906,0,0,0,0
95.1181,,0.443941,0.443941,0.444883,0.012051,0.000000,0.000000,0.000000,0,1,0,1,20.207989,0,0,0,0
95.1381,,0.443941,0.443941,0.444883,0.012051,0.000000,0.000000,0.000000,0,1,0,1,20.246730,0,0,0,0
95.1581,,0.443941,0.443941,0.444883,0.012051,0.000000,0.000000,0.000000,0,1,0,1,20.198085,0,0,0,0
95.1792,,0.443941,0.443941,0.444883,0.012051,0.000000,0.000000,0.000000,0,1,0,1,20.247547,0,0,0,0
95.1991,,0.443941,0.443941,0.444883,0.012051,0.000000,0.000000,0.000000,0,1,0,1,20.272735,0,0,0,0
95.2192,,0.443941,0.443941,0.444883,0.012051,0.000000,0.000000,0.000000,0,1,0,1,20.157291,0,0,0,0
95.2392,,0.443941,0.443941,0.444883,0.012051,0.000000,0.000000,0.000000,0,1,0,1,20.238345,0,0,0,0
95.2592,,0.443941,0.443941,0.444883,0.012051,0.000000,0.000000,0.000000,0,1,0,1,20.200306,0,0,0,0
95.2802,,0.443941,0.443941,0.444883,0.012051,0.000000,0.000000,0.000000,0,1,0,1,20.209421,0,0,0,0
95.3002,,0.443941,0.443941,0.444883,0.012051,0.000000,0.000000,0.000000,0,1,0,1,20.204413,0,0,0,0
95.3202,,0.443941,0.443941,0.444883,0.012051,0.000000,0.000000,0.000000,0,1,0,1,20.072887,0,0,0,0
95.3402,,0.443941,0.443941,0.444883,0.012051,0.000000,0.000000,0.000000,0,1,0,1,20.111900,0,0,0,0
95.3602,,0.443941,0.443941,0.444883,0.012051,0.000000,0.000000,0.000000,0,1,0,1,20.168214,0,0,0,0
95.3802,,0.443941,0.443941,0.444883,0.012051,0.000000,0.000000,0.000000,0,1,0,1,20.252383,0,0,0,0
95.4012,,0.443941,0.443941,0.444883,0.012051,0.000000,0.000000,0.000000,0,1,0,1,20.245851,0,0,0,0
95.4211,,0.443941,0.443941,0.444883,0.012051,0.000000,0.000000,0.000000,0,1,0,1,20.189031,0,0,0,0
95.4412,,0.443941,0.443941,0.444883,0.012051,0.000000,0.000000,0.000000,0,1,0,1,20.220316,0,0,0,0
95.4612,,0.443941,0.443941,0.444883,0.012051,0.000000,0.000000,0.000000,0,1,0,1,20.190010,0,0,0,0
95.4812,,0.443941,0.443941,0.444883,0.012051,0.000000,0.000000,0.000000,0,1,0,1,20.190141,0,0,0,0
95.5022,,0.443941,0.443941,0.444883,0.012051,0.000000,0.000000,0.000000,0,1,0,1,20.180063,0,0,0,0
95.5222,,0.443941,0.443941,0.444883,0.012051,0.000000,0.000000,0.000000,0,1,0,1,20.075877,0,0,0,0
95.5422,,0.443941,0.443941,0.444883,0.012051,0.000000,0.000000,0.000000,0,1,0,1,20.118415,0,0,0,0
95.5621,,0.443941,0.443941,0.444883,0.012051,0.000000,0.000000,0.000000,0,1,0,1,20.101741,0,0,0,0
95.5821,,0.443941,0.443941,0.444883,0.012051,0.000000,0.000000,0.000000,0,1,0,1,20.104007,0,0,0,0
95.6022,,0.443941,0.443941,0.444883,0.012051,0.000000,0.000000,0.000000,0,1,0,1,20.137974,0,0,0,0
95.6222,,0.443941,0.443941,0.444883,0.012051,0.000000,0.000000,0.000000,0,1,0,1,20.074989,0,0,0,0
95.6432,,0.443941,0.443941,0.444883,0.012051,0.000000,0.000000,0.000000,0,1,0,1,20.181644,0,0,0,0
95.6632,,0.443941,0.443941,0.444883,0.012051,0.000000,0.000000,0.000000,0,1,0,1,20.219373,0,0,0,0
95.6832,,0.443941,0.443941,0.444883,0.012051,0.000000,0.000000,0.000000,0,1,0,1,20.212386,0,0,0,0
95.7032,,0.443941,0.443941,0.444883,0.012051,0.000000,0.000000,0.000000,0,1,0,1,20.100599,0,0,0,0
95.7232,,0.443941,0.443941,0.444883,0.012051,0.000000,0.000000,0.000000,0,1,0,1,20.215320,0,0,0,0
95.7432,,0.443941,0.443941,0.444883,0.012051,0.000000,0.000000,0.000000,0,1,0,1,20.175596,0,0,0,0
95.7641,,0.443941,0.443941,0.444883,0.012051,0.000000,0.000000,0.000000,0,1,0,1,20.178408,0,0,0,0
95.7841,,0.443941,0.443941,0.444883,0.012051,0.000000,0.000000,0.000000,0,1,0,1,20.245240,0,0,0,0
95.8042,,0.443941,0.443941,0.444883,0.012051,0.000000,0.000000,0.000000,0,1,0,1,20.070100,0,0,0,0
95.8241,,0.443941,0.443941,0.444883,0.012051,0.000000,0.000000,0.000000,0,1,0,1,20.208608,0,0,0,0
95.8441,,0.443941,0.443941,0.444883,0.012051,0.000000,0.000000,0.000000,0,1,0,1,20.117954,0,0,0,0
95.8641,,0.443941,0.443941,0.444883,0.012051,0.000000,0.000000,0.000000,0,1,0,1,20.189355,0,0,0,0
95.8852,,0.443941,0.443941,0.444883,0.012051,0.000000,0.000000,0.000000,0,1,0,1,20.186519,0,0,0,0
95.9052,,0.443941,0.443941,0.444883,0.012051,0.000000,0.000000,0.000000,0,1,0,1,20.069256,0,0,0,0
95.9253,,0.443941,0.443941,0.444883,0.012051,0.000000,0.000000,0.000000,0,1,0,1,20.075703,0,0,0,0
95.9451,,0.443941,0.443941,0.444883,0.012051,0.000000,0.000000,0.000000,0,1,0,1,20.082393,0,0,0,0
95.9651,,0.443941,0.443941,0.444883,0.012051,0.000000,0.000000,0.000000,0,1,0,1,20.183488,0,0,0,0
95.9851,,0.443941,0.443941,0.444883,0.012051,0.000000,0.000000,0.000000,0,1,0,1,20.194165,0,0,0,0
96.0051,,0.443941,0.443941,0.444883,0.012051,0.000000,0.000000,0.000000,0,1,0,1,20.113720,0,0,0,0
96.0250,,0.443941,0.443941,0.444883,0.012051,0.000000,0.000000,0.000000,0,1,0,1,20.108147,0,0,0,0
96.0460,,0.443941,0.443941,0.444883,0.012051,0.000000,0.000000,0.000000,0,1,0,1,20.195605,0,0,0,0
96.0661,,0.443941,0.443941,0.444883,0.012051,0.000000,0.000000,0.000000,0,1,0,1,20.179210,0,0,0,0
96.0863,,0.443941,0.443941,0.444883,0.012051,0.000000,0.000000,0.000000,0,1,0,1,20.082297,0,0,0,0
96.1062,,0.443941,0.443941,0.444883,0.012051,0.000000,0.000000,0.000000,0,1,0,1,20.114455,0,0,0,0
96.1262,,0.443941,0.443941,0.444883,0.012051,0.000000,0.000000,0.000000,0,1,0,1,20.080955,0,0,0,0
96.1462,,0.443941,0.443941,0.444883,0.012051,0.000000,0.000000,0.000000,0,1,0,1,20.084504,0,0,0,0
96.1662,,0.443941,0.443941,0.444883,0.012051,0.000000,0.000000,0.000000,0,1,0,1,20.254574,0,0,0,0
96.1872,,0.443941,0.443941,0.444883,0.012051,0.000000,0.000000,0.000000,0,1,0,1,20.248324,0,0,0,0
96.2072,,0.443941,0.443941,0.444883,0.012051,0.000000,0.000000,0.000000,0,1,0,1,20.207311,0,0,0,0
96.2272,,0.443941,0.443941,0.444883,0.012051,0.000000,0.000000,0.000000,0,1,0,1,20.247435,0,0,0,0
96.2471,,0.443941,0.443941,0.444883,0.012051,0.000000,0.000000,0.000000,0,1,0,1,20.197720,0,0,0,0
96.2670,,0.443941,0.443941,0.444883,0.012051,0.000000,0.000000,0.000000,0,1,0,1,20.180536,0,0,0,0
96.2882,,0.443941,0.443941,0.444883,0.012051,0.000000,0.000000,0.000000,0,1,0,1,20.223781,0,0,0,0
96.3082,,0.443941,0.443941,0.444883,0.012051,0.000000,0.000000,0.000000,0,1,0,1,20.321557,0,0,0,0
96.3281,,0.443941,0.443941,0.444883,0.012051,0.000000,0.000000,0.000000,0,1,0,1,20.208908,0,0,0,0
96.3482,,0.443941,0.443941,0.444883,0.012051,0.000000,0.000000,0.000000,0,1,0,1,20.203448,0,0,0,0
96.3692,,0.443941,0.443941,0.444883,0.012051,0.000000,0.000000,0.000000,0,1,0,1,20.223348,0,0,0,0
96.3891,,0.443941,0.443941,0.444883,0.012051,0.000000,0.000000,0.000000,0,1,0,1,20.215538,0,0,0,0
96.4091,,0.443941,0.443941,0.444883,0.012051,0.000000,0.000000,0.000000,0,1,0,1,20.233795,0,0,0,0
96.4292,,0.443941,0.443941,0.444883,0.012051,0.000000,0.000000,0.000000,0,1,0,1,20.308262,0,0,0,0
96.4502,,0.443941,0.443941,0.444883,0.012051,0.000000,0.000000,0.000000,0,1,0,1,20.205581,0,0,0,0
96.4702,,0.443941,0.443941,0.444883,0.012051,0.000000,0.000000,0.000000,0,1,0,1,20.233960,0,0,0,0
96.4902,,0.443941,0.443941,0.444883,0.012051,0.000000,0.000000,0.000000,0,1,0,1,20.238362,0,0,0,0
96.5102,,0.443941,0.443941,0.444883,0.012051,0.000000,0.000000,0.000000,0,1,0,1,20.183187,0,0,0,0
96.5301,,0.443941,0.443941,0.444883,0.012051,0.000000,0.000000,0.000000,0,1,0,1,20.199777,0,0,0,0
96.5512,,0.443941,0.443941,0.444883,0.012051,0.000000,0.000000,0.000000,0,1,0,1,20.265071,0,0,0,0
96.5712,,0.443941,0.443941,0.444883,0.012051,0.000000,0.000000,0.000000,0,1,0,1,20.234376,0,0,0,0
96.5912,,0.443941,0.443941,0.444883,0.012051,0.000000,0.000000,0.000000,0,1,0,1,20.091316,0,0,0,0
96.6110,,0.443941,0.443941,0.444883,0.012051,0.000000,0.000000,0.000000,0,1,0,1,20.083906,0,0,0,0
96.6311,,0.443941,0.443941,0.444883,0.012051,0.000000,0.000000,0.000000,0,1,0,1,20.077331,0,0,0,0
96.6510,,0.443941,0.443941,0.444883,0.012051,0.000000,0.000000,0.000000,0,1,0,1,20.119414,0,0,0,0
96.6723,,0.443941,0.443941,0.444883,0.012051,0.000000,0.000000,0.000000,0,1,0,1,20.195028,0,0,0,0
96.6920,,0.443941,0.443941,0.444883,0.012051,0.000000,0.000000,0.000000,0,1,0,1,20.086827,0,0,0,0
96.7121,,0.443941,0.443941,0.444883,0.012051,0.000000,0.000000,0.000000,0,1,0,1,20.105900,0,0,0,0
96.7322,,0.443941,0.443941,0.444883,0.012051,0.000000,0.000000,0.000000,0,1,0,1,20.081380,0,0,0,0
96.7522,,0.443941,0.443941,0.444883,0.012051,0.000000,0.000000,0.000000,0,1,0,1,20.176947,0,0,0,0
96.7721,,0.443941,0.443941,0.444883,0.012051,0.000000,0.000000,0.000000,0,1,0,1,20.204109,0,0,0,0
96.7922,,0.443941,0.443941,0.444883,0.012051,0.000000,0.000000,0.000000,0,1,0,1,20.163272,0,0,0,0
96.8122,,0.443941,0.443941,0.444883,0.012051,0.000000,0.000000,0.000000,0,1,0,1,20.140698,0,0,0,0
96.8332,,0.443941,0.443941,0.444883,0.012051,0.000000,0.000000,0.000000,0,1,0,1,20.062226,0,0,0,0
96.8531,,0.443941,0.443941,0.444883,0.012051,0.000000,0.000000,0.000000,0,1,0,1,20.092595,0,0,0,0
96.8731,,0.443941,0.443941,0.444883,0.012051,0.000000,0.000000,0.000000,0,1,0,1,20.187125,0,0,0,0
96.8930,,0.443941,0.443941,0.444883,0.012051,0.000000,0.000000,0.000000,0,1,0,1,20.367629,0,0,0,0
96.9130,,0.443941,0.443941,0.444883,0.012051,0.000000,0.000000,0.000000,0,1,0,1,20.075445,0,0,0,0
96.9341,,0.443941,0.443941,0.444883,0.012051,0.000000,0.000000,0.000000,0,1,0,1,20.181837,0,0,0,0
96.9541,,0.443941,0.443941,0.444883,0.012051,0.000000,0.000000,0.000000,0,1,0,1,20.215036,0,0,0,0
96.9740,,0.443941,0.443941,0.444883,0.012051,0.000000,0.000000,0.000000,0,1,0,1,20.103517,0,0,0,0
96.9941,,0.443941,0.443941,0.444883,0.012051,0.000000,0.000000,0.000000,0,1,0,1,20.075145,0,0,0,0
97.0141,,0.443941,0.443941,0.444883,0.012051,0.000000,0.000000,0.000000,0,1,0,1,20.129888,0,0,0,0
97.0341,,0.443941,0.443941,0.444883,0.012051,0.000000,0.000000,0.000000,0,1,0,1,20.191561,0,0,0,0
97.0541,,0.443941,0.443941,0.444883,0.012051,0.000000,0.000000,0.000000,0,1,0,1,20.190896,0,0,0,0
97.0751,,0.443941,0.443941,0.444883,0.012051,0.000000,0.000000,0.000000,0,1,0,1,20.201523,0,0,0,0
97.0951,,0.443941,0.443941,0.444883,0.012051,0.000000,0.000000,0.000000,0,1,0,1,20.185684,0,0,0,0
97.1151,,0.443941,0.443941,0.444883,0.012051,0.000000,0.000000,0.000000,0,1,0,1,20.072155,0,0,0,0
97.1351,,0.443941,0.443941,0.444883,0.012051,0.000000,0.000000,0.000000,0,1,0,1,20.074852,0,0,0,0
97.1551,,0.443941,0.443941,0.444883,0.012051,0.000000,0.000000,0.000000,0,1,0,1,20.186313,0,0,0,0
97.1750,,0.443941,0.443941,0.444883,0.012051,0.000000,0.000000,0.000000,0,1,0,1,20.180158,0,0,0,0
97.1950,,0.443941,0.443941,0.444883,0.012051,0.000000,0.000000,0.000000,0,1,0,1,20.074124,0,0,0,0
97.2152,,0.443941,0.443941,0.444883,0.012051,0.000000,0.000000,0.000000,0,1,0,1,20.075438,0,0,0,0
97.2361,,0.443941,0.443941,0.444883,0.012051,0.000000,0.000000,0.000000,0,1,0,1,20.190192,0,0,0,0
97.2561,,0.443941,0.443941,0.444883,0.012051,0.000000,0.000000,0.000000,0,1,0,1,20.207997,0,0,0,0
97.2761,,0.443941,0.443941,0.444883,0.012051,0.000000,0.000000,0.000000,0,1,0,1,20.170122,0,0,0,0
97.2962,,0.443941,0.443941,0.444883,0.012051,0.000000,0.000000,0.000000,0,1,0,1,20.114047,0,0,0,0
97.3161,,0.443941,0.443941,0.444883,0.012051,0.000000,0.000000,0.000000,0,1,0,1,20.089308,0,0,0,0
97.3362,,0.443941,0.443941,0.444883,0.012051,0.000000,0.000000,0.000000,0,1,0,1,20.169438,0,0,0,0
97.3571,,0.443941,0.443941,0.444883,0.012051,0.000000,0.000000,0.000000,0,1,0,1,20.165585,0,0,0,0
97.3770,,0.443941,0.443941,0.444883,0.012051,0.000000,0.000000,0.000000,0,1,0,1,20.077547,0,0,0,0
97.3971,,0.443941,0.443941,0.444883,0.012051,0.000000,0.000000,0.000000,0,1,0,1,20.078895,0,0,0,0
97.4170,,0.443941,0.443941,0.444883,0.012051,0.000000,0.000000,0.000000,0,1,0,1,20.164959,0,0,0,0
97.4370,,0.443941,0.443941,0.444883,0.012051,0.000000,0.000000,0.000000,0,1,0,1,20.110892,0,0,0,0
97.4571,,0.443941,0.443941,0.444883,0.012051,0.000000,0.000000,0.000000,0,1,0,1,20.122045,0,0,0,0
97.4771,,0.443941,0.443941,0.444883,0.012051,0.000000,0.000000,0.000000,0,1,0,1,20.097230,0,0,0,0
97.4970,,0.443941,0.443941,0.444883,0.012051,0.000000,0.000000,0.000000,0,1,0,1,20.081489,0,0,0,0
97.5170,,0.443941,0.443941,0.444883,0.012051,0.000000,0.000000,0.000000,0,1,0,1,20.074780,0,0,0,0
97.5370,,0.443941,0.443941,0.444883,0.012051,0.000000,0.000000,0.000000,0,1,0,1,20.096281,0,0,0,0
97.5580,,0.443941,0.443941,0.444883,0.012051,0.000000,0.000000,0.000000,0,1,0,1,20.076135,0,0,0,0
97.5781,,0.443941,0.443941,0.444883,0.012051,0.000000,0.000000,0.000000,0,1,0,1,20.107256,0,0,0,0
97.5980,,0.443941,0.443941,0.444883,0.012051,0.000000,0.000000,0.000000,0,1,0,1,20.071421,0,0,0,0
97.6181,,0.443941,0.443941,0.444883,0.012051,0.000000,0.000000,0.000000,0,1,0,1,20.257921,0,0,0,0
97.6381,,0.443941,0.443941,0.444883,0.012051,0.000000,0.000000,0.000000,0,1,0,1,20.175655,0,0,0,0
97.6581,,0.443941,0.443941,0.444883,0.012051,0.000000,0.000000,0.000000,0,1,0,1,20.198955,0,0,0,0
97.6790,,0.443941,0.443941,0.444883,0.012051,0.000000,0.000000,0.000000,0,1,0,1,20.169153,0,0,0,0
97.6991,,0.443941,0.443941,0.444883,0.012051,0.000000,0.000000,0.000000,0,1,0,1,20.209100,0,0,0,0
97.7190,,0.443941,0.443941,0.444883,0.012051,0.000000,0.000000,0.000000,0,1,0,1,20.072993,0,0,0,0
97.7390,,0.443941,0.443941,0.444883,0.012051,0.000000,0.000000,0.000000,0,1,0,1,20.086112,0,0,0,0
97.7590,,0.443941,0.443941,0.444883,0.012051,0.000000,0.000000,0.000000,0,1,0,1,20.107109,0,0,0,0
97.7790,,0.443941,0.443941,0.444883,0.012051,0.000000,0.000000,0.000000,0,1,0,1,20.098115,0,0,0,0
97.7990,,0.443941,0.443941,0.444883,0.012051,0.000000,0.000000,0.000000,0,1,0,1,20.067568,0,0,0,0
97.8190,,0.443941,0.443941,0.444883,0.012051,0.000000,0.000000,0.000000,0,1,0,1,20.086997,0,0,0,0
97.8390,,0.443941,0.443941,0.444883,0.012051,0.000000,0.000000,0.000000,0,1,0,1,20.091220,0,0,0,0
97.8591,,0.443941,0.443941,0.444883,0.012051,0.000000,0.000000,0.000000,0,1,0,1,20.181269,0,0,0,0
97.8801,,0.443941,0.443941,0.444883,0.012051,0.000000,0.000000,0.000000,0,1,0,1,20.161984,0,0,0,0
97.9000,,0.443941,0.443941,0.444883,0.012051,0.000000,0.000000,0.000000,0,1,0,1,20.085380,0,0,0,0
97.9201,,0.443941,0.443941,0.444883,0.012051,0.000000,0.000000,0.000000,0,1,0,1,20.165382,0,0,0,0
97.9400,,0.443941,0.443941,0.444883,0.012051,0.000000,0.000000,0.000000,0,1,0,1,20.086696,0,0,0,0
97.9599,,0.443941,0.443941,0.444883,0.012051,0.000000,0.000000,0.000000,0,1,0,1,20.082728,0,0,0,0
97.9799,,0.443941,0.443941,0.444883,0.012051,0.000000,0.000000,0.000000,0,1,0,1,20.112859,0,0,0,0
97.9999,,0.443941,0.443941,0.444883,0.012051,0.000000,0.000000,0.000000,0,1,0,1,20.119578,0,0,0,0
98.0210,,0.443941,0.443941,0.444883,0.012051,0.000000,0.000000,0.000000,0,1,0,1,20.239357,0,0,0,0
98.0410,,0.443941,0.443941,0.444883,0.012051,0.000000,0.000000,0.000000,0,1,0,1,20.179121,0,0,0,0
98.0611,,0.443941,0.443941,0.444883,0.012051,0.000000,0.000000,0.000000,0,1,0,1,20.090524,0,0,0,0
98.0811,,0.443941,0.443941,0.444883,0.012051,0.000000,0.000000,0.000000,0,1,0,1,20.129741,0,0,0,0
98.1011,,0.443941,0.443941,0.444883,0.012051,0.000000,0.000000,0.000000,0,1,0,1,20.213407,0,0,0,0
98.1211,,0.443941,0.443941,0.444883,0.012051,0.000000,0.000000,0.000000,0,1,0,1,20.195116,0,0,0,0
98.1410,,0.443941,0.443941,0.444883,0.012051,0.000000,0.000000,0.000000,0,1,0,1,20.085954,0,0,0,0
98.1620,,0.443941,0.443941,0.444883,0.012051,0.000000,0.000000,0.000000,0,1,0,1,20.267029,0,0,0,0
98.1820,,0.443941,0.443941,0.444883,0.012051,0.000000,0.000000,0.000000,0,1,0,1,20.077044,0,0,0,0
98.2019,,0.443941,0.443941,0.444883,0.012051,0.000000,0.000000,0.000000,0,1,0,1,20.102135,0,0,0,0
98.2220,,0.443941,0.443941,0.444883,0.012051,0.000000,0.000000,0.000000,0,1,0,1,20.095204,0,0,0,0
98.2420,,0.443941,0.443941,0.444883,0.012051,0.000000,0.000000,0.000000,0,1,0,1,20.081857,0,0,0,0
98.2621,,0.443941,0.443941,0.444883,0.012051,0.000000,0.000000,0.000000,0,1,0,1,20.079919,0,0,0,0
98.2821,,0.443941,0.443941,0.444883,0.012051,0.000000,0.000000,0.000000,0,1,0,1,20.176052,0,0,0,0
98.3020,,0.443941,0.443941,0.444883,0.012051,0.000000,0.000000,0.000000,0,1,0,1,20.112254,0,0,0,0
98.3220,,0.443941,0.443941,0.444883,0.012051,0.000000,0.000000,0.000000,0,1,0,1,20.069079,0,0,0,0
98.3430,,0.443941,0.443941,0.444883,0.012051,0.000000,0.000000,0.000000,0,1,0,1,20.052825,0,0,0,0
98.3630,,0.443941,0.443941,0.444883,0.012051,0.000000,0.000000,0.000000,0,1,0,1,20.139584,0,0,0,0
98.3830,,0.443941,0.443941,0.444883,0.012051,0.000000,0.000000,0.000000,0,1,0,1,20.125870,0,0,0,0
98.4030,,0.443941,0.443941,0.444883,0.012051,0.000000,0.000000,0.000000,0,1,0,1,20.101839,0,0,0,0
98.4230,,0.443941,0.443941,0.444883,0.012051,0.000000,0.000000,0.000000,0,1,0,1,20.070328,0,0,0,0
98.4430,,0.443941,0.443941,0.444883,0.012051,0.000000,0.000000,0.000000,0,1,0,1,20.078826,0,0,0,0
98.4630,,0.443941,0.443941,0.444883,0.012051,0.000000,0.000000,0.000000,0,1,0,1,20.079706,0,0,0,0
98.4830,,0.443941,0.443941,0.444883,0.012051,0.000000,0.000000,0.000000,0,1,0,1,20.084399,0,0,0,0
98.5041,,0.443941,0.443941,0.444883,0.012051,0.000000,0.000000,0.000000,0,1,0,1,20.129467,0,0,0,0
98.5229,,0.443941,0.443941,0.444883,0.012051,0.000000,0.000000,0.000000,0,1,0,1,20.107552,0,0,0,0
98.5440,,0.443941,0.443941,0.444883,0.012051,0.000000,0.000000,0.000000,0,1,0,1,20.179906,0,0,0,0
98.5640,,0.443941,0.443941,0.444883,0.012051,0.000000,0.000000,0.000000,0,1,0,1,20.157282,0,0,0,0
98.5840,,0.443941,0.443941,0.444883,0.012051,0.000000,0.000000,0.000000,0,1,0,1,20.165823,0,0,0,0
98.6041,,0.443941,0.443941,0.444883,0.012051,0.000000,0.000000,0.000000,0,1,0,1,20.191840,0,0,0,0
98.6240,,0.443941,0.443941,0.444883,0.012051,0.000000,0.000000,0.000000,0,1,0,1,20.078938,0,0,0,0
98.6440,,0.443941,0.443941,0.444883,0.012051,0.000000,0.000000,0.000000,0,1,0,1,20.080731,0,0,0,0
98.6651,,0.443941,0.443941,0.444883,0.012051,0.000000,0.000000,0.000000,0,1,0,1,20.181922,0,0,0,0
98.6851,,0.443941,0.443941,0.444883,0.012051,0.000000,0.000000,0.000000,0,1,0,1,20.259556,0,0,0,0
98.7052,,0.443941,0.443941,0.444883,0.012051,0.000000,0.000000,0.000000,0,1,0,1,20.221657,0,0,0,0
98.7251,,0.443941,0.443941,0.444883,0.012051,0.000000,0.000000,0.000000,0,1,0,1,20.110380,0,0,0,0
98.7450,,0.443941,0.443941,0.444883,0.012051,0.000000,0.000000,0.000000,0,1,0,1,20.080347,0,0,0,0
98.7651,,0.443941,0.443941,0.444883,0.012051,0.000000,0.000000,0.000000,0,1,0,1,20.075234,0,0,0,0
98.7850,,0.443941,0.443941,0.444883,0.012051,0.000000,0.000000,0.000000,0,1,0,1,20.078881,0,0,0,0
98.8050,,0.443941,0.443941,0.444883,0.012051,0.000000,0.000000,0.000000,0,1,0,1,20.083718,0,0,0,0
98.8262,,0.443941,0.443941,0.444883,0.012051,0.000000,0.000000,0.000000,0,1,0,1,20.095801,0,0,0,0
98.8461,,0.443941,0.443941,0.444883,0.012051,0.000000,0.000000,0.000000,0,1,0,1,20.120419,0,0,0,0
98.8660,,0.443941,0.443941,0.444883,0.012051,0.000000,0.000000,0.000000,0,1,0,1,20.079133,0,0,0,0
98.8860,,0.443941,0.443941,0.444883,0.012051,0.000000,0.000000,0.000000,0,1,0,1,20.075329,0,0,0,0
98.9060,,0.443941,0.443941,0.444883,0.012051,0.000000,0.000000,0.000000,0,1,0,1,20.078800,0,0,0,0
98.9260,,0.443941,0.443941,0.444883,0.012051,0.000000,0.000000,0.000000,0,1,0,1,20.068139,0,0,0,0
98.9459,,0.443941,0.443941,0.444883,0.012051,0.000000,0.000000,0.000000,0,1,0,1,20.205711,0,0,0,0
98.9659,,0.443941,0.443941,0.444883,0.012051,0.000000,0.000000,0.000000,0,1,0,1,20.105120,0,0,0,0
98.9859,,0.443941,0.443941,0.444883,0.012051,0.000000,0.000000,0.000000,0,1,0,1,20.195093,0,0,0,0
99.0071,,0.443941,0.443941,0.444883,0.012051,0.000000,0.000000,0.000000,0,1,0,1,20.213233,0,0,0,0
99.0270,,0.443941,0.443941,0.444883,0.012051,0.000000,0.000000,0.000000,0,1,0,1,20.142842,0,0,0,0
99.0469,,0.443941,0.443941,0.444883,0.012051,0.000000,0.000000,0.000000,0,1,0,1,20.187624,0,0,0,0
99.0670,,0.443941,0.443941,0.444883,0.012051,0.000000,0.000000,0.000000,0,1,0,1,20.303653,0,0,0,0
99.0869,,0.443941,0.443941,0.444883,0.012051,0.000000,0.000000,0.000000,0,1,0,1,20.081177,0,0,0,0
99.1069,,0.443941,0.443941,0.444883,0.012051,0.000000,0.000000,0.000000,0,1,0,1,20.078493,0,0,0,0
99.1280,,0.443941,0.443941,0.444883,0.012051,0.000000,0.000000,0.000000,0,1,0,1,20.079430,0,0,0,0
99.1481,,0.443941,0.443941,0.444883,0.012051,0.000000,0.000000,0.000000,0,1,0,1,20.110169,0,0,0,0
99.1681,,0.443941,0.443941,0.444883,0.012051,0.000000,0.000000,0.000000,0,1,0,1,20.073550,0,0,0,0
99.1882,,0.443941,0.443941,0.444883,0.012051,0.000000,0.000000,0.000000,0,1,0,1,20.548111,0,0,0,0
99.2082,,0.443941,0.443941,0.444883,0.012051,0.000000,0.000000,0.000000,0,1,0,1,20.187552,0,0,0,0
99.2291,,0.443941,0.443941,0.444883,0.012051,0.000000,0.000000,0.000000,0,1,0,1,20.243753,0,0,0,0
99.2491,,0.443941,0.443941,0.444883,0.012051,0.000000,0.000000,0.000000,0,1,0,1,20.078046,0,0,0,0
99.2691,,0.443941,0.443941,0.444883,0.012051,0.000000,0.000000,0.000000,0,1,0,1,20.076560,0,0,0,0
99.2891,,0.443941,0.443941,0.444883,0.012051,0.000000,0.000000,0.000000,0,1,0,1,20.077577,0,0,0,0
99.3091,,0.443941,0.443941,0.444883,0.012051,0.000000,0.000000,0.000000,0,1,0,1,20.111600,0,0,0,0
99.3291,,0.443941,0.443941,0.444883,0.012051,0.000000,0.000000,0.000000,0,1,0,1,20.191798,0,0,0,0
99.3491,,0.443941,0.443941,0.444883,0.012051,0.000000,0.000000,0.000000,0,1,0,1,20.223977,0,0,0,0
99.3701,,0.443941,0.443941,0.444883,0.012051,0.000000,0.000000,0.000000,0,1,0,1,20.114133,0,0,0,0
99.3901,,0.443941,0.443941,0.444883,0.012051,0.000000,0.000000,0.000000,0,1,0,1,20.236789,0,0,0,0
99.4101,,0.443941,0.443941,0.444883,0.012051,0.000000,0.000000,0.000000,0,1,0,1,20.211751,0,0,0,0
99.4301,,0.443941,0.443941,0.444883,0.012051,0.000000,0.000000,0.000000,0,1,0,1,20.209794,0,0,0,0
99.4500,,0.443941,0.443941,0.444883,0.012051,0.000000,0.000000,0.000000,0,1,0,1,20.239736,0,0,0,0
99.4711,,0.443941,0.443941,0.444883,0.012051,0.000000,0.000000,0.000000,0,1,0,1,20.233513,0,0,0,0
99.4911,,0.443941,0.443941,0.444883,0.012051,0.000000,0.000000,0.000000,0,1,0,1,20.259029,0,0,0,0
99.5111,,0.443941,0.443941,0.444883,0.012051,0.000000,0.000000,0.000000,0,1,0,1,20.192714,0,0,0,0
99.5311,,0.443941,0.443941,0.444883,0.012051,0.000000,0.000000,0.000000,0,1,0,1,20.340902,0,0,0,0
99.5521,,0.443941,0.443941,0.444883,0.012051,0.000000,0.000000,0.000000,0,1,0,1,20.197089,0,0,0,0
99.5721,,0.443941,0.443941,0.444883,0.012051,0.000000,0.000000,0.000000,0,1,0,1,20.113873,0,0,0,0
99.5921,,0.443941,0.443941,0.444883,0.012051,0.000000,0.000000,0.000000,0,1,0,1,20.078258,0,0,0,0
99.6122,,0.443941,0.443941,0.444883,0.012051,0.000000,0.000000,0.000000,0,1,0,1,20.171021,0,0,0,0
99.6322,,0.443941,0.443941,0.444883,0.012051,0.000000,0.000000,0.000000,0,1,0,1,20.113669,0,0,0,0
99.6522,,0.443941,0.443941,0.444883,0.012051,0.000000,0.000000,0.000000,0,1,0,1,20.153790,0,0,0,0
99.6721,,0.443941,0.443941,0.444883,0.012051,0.000000,0.000000,0.000000,0,1,0,1,20.147623,0,0,0,0
99.6930,,0.443941,0.443941,0.444883,0.012051,0.000000,0.000000,0.000000,0,1,0,1,20.099386,0,0,0,0
99.7131,,0.443941,0.443941,0.444883,0.012051,0.000000,0.000000,0.000000,0,1,0,1,20.258247,0,0,0,0
99.7331,,0.443941,0.443941,0.444883,0.012051,0.000000,0.000000,0.000000,0,1,0,1,20.155220,0,0,0,0
99.7531,,0.443941,0.443941,0.444883,0.012051,0.000000,0.000000,0.000000,0,1,0,1,20.305876,0,0,0,0
99.7731,,0.443941,0.443941,0.444883,0.012051,0.000000,0.000000,0.000000,0,1,0,1,20.197744,0,0,0,0
99.7942,,0.443941,0.443941,0.444883,0.012051,0.000000,0.000000,0.000000,0,1,0,1,20.231653,0,0,0,0
99.8141,,0.443941,0.443941,0.444883,0.012051,0.000000,0.000000,0.000000,0,1,0,1,20.185864,0,0,0,0
99.8340,,0.443941,0.443941,0.444883,0.012051,0.000000,0.000000,0.000000,0,1,0,1,20.187783,0,0,0,0
99.8542,,0.443941,0.443941,0.444883,0.012051,0.000000,0.000000,0.000000,0,1,0,1,20.139914,0,0,0,0
99.8742,,0.443941,0.443941,0.444883,0.012051,0.000000,0.000000,0.000000,0,1,0,1,20.192659,0,0,0,0
99.8951,,0.443941,0.443941,0.444883,0.012051,0.000000,0.000000,0.000000,0,1,0,1,20.201047,0,0,0,0
99.9151,,0.443941,0.443941,0.444883,0.012051,0.000000,0.000000,0.000000,0,1,0,1,20.238412,0,0,0,0
99.9351,,0.443941,0.443941,0.444883,0.012051,0.000000,0.000000,0.000000,0,1,0,1,20.077364,0,0,0,0
99.9551,,0.443941,0.443941,0.444883,0.012051,0.000000,0.000000,0.000000,0,1,0,1,20.234290,0,0,0,0
99.9754,,0.443941,0.443941,0.444883,0.012051,0.000000,0.000000,0.000000,0,1,0,1,20.210553,0,0,0,0
99.9961,,0.443941,0.443941,0.444883,0.012051,0.000000,0.000000,0.000000,0,1,0,1,20.198781,0,0,0,0
100.0161,,0.443941,0.443941,0.444883,0.012051,0.000000,0.000000,0.000000,0,1,0,1,20.282692,0,0,0,0
100.0361,,0.443941,0.443941,0.444883,0.012051,0.000000,0.000000,0.000000,0,1,0,1,20.231076,0,0,0,0
100.0559,,0.443941,0.443941,0.444883,0.012051,0.000000,0.000000,0.000000,0,1,0,1,20.076061,0,0,0,0
100.0760,,0.443941,0.443941,0.444883,0.012051,0.000000,0.000000,0.000000,0,1,0,1,20.167418,0,0,0,0
100.0970,,0.443941,0.443941,0.444883,0.012051,0.000000,0.000000,0.000000,0,1,0,1,20.226159,0,0,0,0
100.1171,,0.443941,0.443941,0.444883,0.012051,0.000000,0.000000,0.000000,0,1,0,1,20.271335,0,0,0,0
100.1371,,0.443941,0.443941,0.444883,0.012051,0.000000,0.000000,0.000000,0,1,0,1,20.217095,0,0,0,0
100.1570,,0.443941,0.443941,0.444883,0.012051,0.000000,0.000000,0.000000,0,1,0,1,20.111445,0,0,0,0
100.1771,,0.443941,0.443941,0.444883,0.012051,0.000000,0.000000,0.000000,0,1,0,1,20.200377,0,0,0,0
100.1971,,0.443941,0.443941,0.444883,0.012051,0.000000,0.000000,0.000000,0,1,0,1,20.127757,0,0,0,0
100.2182,,0.443941,0.443941,0.444883,0.012051,0.000000,0.000000,0.000000,0,1,0,1,20.275834,0,0,0,0
100.2381,,0.443941,0.443941,0.444883,0.012051,0.000000,0.000000,0.000000,0,1,0,1,20.219429,0,0,0,0
100.2582,,0.443941,0.443941,0.444883,0.012051,0.000000,0.000000,0.000000,0,1,0,1,20.225407,0,0,0,0
100.2781,,0.443941,0.443941,0.444883,0.012051,0.000000,0.000000,0.000000,0,1,0,1,20.212333,0,0,0,0
100.2991,,0.443941,0.443941,0.444883,0.012051,0.000000,0.000000,0.000000,0,1,0,1,20.205635,0,0,0,0
100.3191,,0.443941,0.443941,0.444883,0.012051,0.000000,0.000000,0.000000,0,1,0,1,20.236408,0,0,0,0
100.3391,,0.443941,0.443941,0.444883,0.012051,0.000000,0.000000,0.000000,0,1,0,1,20.263116,0,0,0,0
100.3591,,0.443941,0.443941,0.444883,0.012051,0.000000,0.000000,0.000000,0,1,0,1,20.269485,0,0,0,0
100.3802,,0.443941,0.443941,0.444883,0.012051,0.000000,0.000000,0.000000,0,1,0,1,20.222104,0,0,0,0
100.4002,,0.443941,0.443941,0.444883,0.012051,0.000000,0.000000,0.000000,0,1,0,1,20.082137,0,0,0,0
100.4201,,0.443941,0.443941,0.444883,0.012051,0.000000,0.000000,0.000000,0,1,0,1,20.070754,0,0,0,0
100.4402,,0.443941,0.443941,0.444883,0.012051,0.000000,0.000000,0.000000,0,1,0,1,20.194274,0,0,0,0
100.4602,,0.443941,0.443941,0.444883,0.012051,0.000000,0.000000,0.000000,0,1,0,1,20.175126,0,0,0,0
100.4801,,0.443941,0.443941,0.444883,0.012051,0.000000,0.000000,0.000000,0,1,0,1,20.179883,0,0,0,0
100.5002,,0.443941,0.443941,0.444883,0.012051,0.000000,0.000000,0.000000,0,1,0,1,20.088501,0,0,0,0
100.5212,,0.443941,0.443941,0.444883,0.012051,0.000000,0.000000,0.000000,0,1,0,1,20.150866,0,0,0,0
100.5411,,0.443941,0.443941,0.444883,0.012051,0.000000,0.000000,0.000000,0,1,0,1,20.167231,0,0,0,0
100.5611,,0.443941,0.443941,0.444883,0.012051,0.000000,0.000000,0.000000,0,1,0,1,20.173480,0,0,0,0
100.5811,,0.443941,0.443941,0.444883,0.012051,0.000000,0.000000,0.000000,0,1,0,1,20.104693,0,0,0,0
100.6010,,0.443941,0.443941,0.444883,0.012051,0.000000,0.000000,0.000000,0,1,0,1,20.219262,0,0,0,0
100.6211,,0.443941,0.443941,0.444883,0.012051,0.000000,0.000000,0.000000,0,1,0,1,20.107102,0,0,0,0
100.6411,,0.443941,0.443941,0.444883,0.012051,0.000000,0.000000,0.000000,0,1,0,1,20.088555,0,0,0,0
100.6610,,0.443941,0.443941,0.444883,0.012051,0.000000,0.000000,0.000000,0,1,0,1,20.085561,0,0,0,0
100.6821,,0.443941,0.443941,0.444883,0.012051,0.000000,0.000000,0.000000,0,1,0,1,20.053606,0,0,0,0
100.7020,,0.443941,0.443941,0.444883,0.012051,0.000000,0.000000,0.000000,0,1,0,1,20.089679,0,0,0,0
100.7220,,0.443941,0.443941,0.444883,0.012051,0.000000,0.000000,0.000000,0,1,0,1,20.095198,0,0,0,0
100.7420,,0.443941,0.443941,0.444883,0.012051,0.000000,0.000000,0.000000,0,1,0,1,20.143919,0,0,0,0
100.7621,,0.443941,0.443941,0.444883,0.012051,0.000000,0.000000,0.000000,0,1,0,1,20.183857,0,0,0,0
100.7820,,0.443941,0.443941,0.444883,0.012051,0.000000,0.000000,0.000000,0,1,0,1,20.212502,0,0,0,0
100.8021,,0.443941,0.443941,0.444883,0.012051,0.000000,0.000000,0.000000,0,1,0,1,20.259714,0,0,0,0
100.8231,,0.443941,0.443941,0.444883,0.012051,0.000000,0.000000,0.000000,0,1,0,1,20.151237,0,0,0,0
100.8430,,0.443941,0.443941,0.444883,0.012051,0.000000,0.000000,0.000000,0,1,0,1,20.076614,0,0,0,0
100.8630,,0.443941,0.443941,0.444883,0.012051,0.000000,0.000000,0.000000,0,1,0,1,20.081480,0,0,0,0
100.8830,,0.443941,0.443941,0.444883,0.012051,0.000000,0.000000,0.000000,0,1,0,1,20.159966,0,0,0,0
100.9029,,0.443941,0.443941,0.444883,0.012051,0.000000,0.000000,0.000000,0,1,0,1,20.111442,0,0,0,0
100.9230,,0.443941,0.443941,0.444883,0.012051,0.000000,0.000000,0.000000,0,1,0,1,20.194504,0,0,0,0
100.9429,,0.443941,0.443941,0.444883,0.012051,0.000000,0.000000,0.000000,0,1,0,1,20.109078,0,0,0,0
100.9630,,0.443941,0.443941,0.444883,0.012051,0.000000,0.000000,0.000000,0,1,0,1,20.077888,0,0,0,0
100.9840,,0.443941,0.443941,0.444883,0.012051,0.000000,0.000000,0.000000,0,1,0,1,20.114510,0,0,0,0
101.0040,,0.443941,0.443941,0.444883,0.012051,0.000000,0.000000,0.000000,0,1,0,1,20.078238,0,0,0,0
101.0240,,0.443941,0.443941,0.444883,0.012051,0.000000,0.000000,0.000000,0,1,0,1,20.073710,0,0,0,0
101.0440,,0.443941,0.443941,0.444883,0.012051,0.000000,0.000000,0.000000,0,1,0,1,20.076645,0,0,0,0
101.0642,,0.443941,0.443941,0.444883,0.012051,0.000000,0.000000,0.000000,0,1,0,1,20.076406,0,0,0,0
101.0840,,0.443941,0.443941,0.444883,0.012051,0.000000,0.000000,0.000000,0,1,0,1,20.133117,0,0,0,0
101.1040,,0.443941,0.443941,0.444883,0.012051,0.000000,0.000000,0.000000,0,1,0,1,20.129665,0,0,0,0
101.1240,,0.443941,0.443941,0.444883,0.012051,0.000000,0.000000,0.000000,0,1,0,1,20.077888,0,0,0,0
101.1440,,0.443941,0.443941,0.444883,0.012051,0.000000,0.000000,0.000000,0,1,0,1,20.073854,0,0,0,0
101.1641,,0.443941,0.443941,0.444883,0.012051,0.000000,0.000000,0.000000,0,1,0,1,20.071424,0,0,0,0
101.1851,,0.443941,0.443941,0.444883,0.012051,0.000000,0.000000,0.000000,0,1,0,1,20.191887,0,0,0,0
101.2050,,0.443941,0.443941,0.444883,0.012051,0.000000,0.000000,0.000000,0,1,0,1,20.128012,0,0,0,0
101.2250,,0.443941,0.443941,0.444883,0.012051,0.000000,0.000000,0.000000,0,1,0,1,20.085467,0,0,0,0
101.2450,,0.443941,0.443941,0.444883,0.012051,0.000000,0.000000,0.000000,0,1,0,1,20.077813,0,0,0,0
101.2650,,0.443941,0.443941,0.444883,0.012051,0.000000,0.000000,0.000000,0,1,0,1,20.076446,0,0,0,0
101.2851,,0.443941,0.443941,0.444883,0.012051,0.000000,0.000000,0.000000,0,1,0,1,20.102596,0,0,0,0
101.3050,,0.443941,0.443941,0.444883,0.012051,0.000000,0.000000,0.000000,0,1,0,1,20.120487,0,0,0,0
101.3250,,0.443941,0.443941,0.444883,0.012051,0.000000,0.000000,0.000000,0,1,0,1,20.076010,0,0,0,0
101.3450,,0.443941,0.443941,0.444883,0.012051,0.000000,0.000000,0.000000,0,1,0,1,20.109046,0,0,0,0
101.3650,,0.443941,0.443941,0.444883,0.012051,0.000000,0.000000,0.000000,0,1,0,1,20.082404,0,0,0,0
101.3861,,0.443941,0.443941,0.444883,0.012051,0.000000,0.000000,0.000000,0,1,0,1,20.169768,0,0,0,0
101.4060,,0.443941,0.443941,0.444883,0.012051,0.000000,0.000000,0.000000,0,1,0,1,20.108351,0,0,0,0
101.4261,,0.443941,0.443941,0.444883,0.012051,0.000000,0.000000,0.000000,0,1,0,1,20.169612,0,0,0,0
101.4460,,0.443941,0.443941,0.444883,0.012051,0.000000,0.000000,0.000000,0,1,0,1,20.208174,0,0,0,0
101.4660,,0.443941,0.443941,0.444883,0.012051,0.000000,0.000000,0.000000,0,1,0,1,20.183633,0,0,0,0
101.4861,,0.443941,0.443941,0.444883,0.012051,0.000000,0.000000,0.000000,0,1,0,1,20.191060,0,0,0,0
101.5072,,0.443941,0.443941,0.444883,0.012051,0.000000,0.000000,0.000000,0,1,0,1,20.246890,0,0,0,0
101.5272,,0.443941,0.443941,0.444883,0.012051,0.000000,0.000000,0.000000,0,1,0,1,20.265803,0,0,0,0
101.5472,,0.443941,0.443941,0.444883,0.012051,0.000000,0.000000,0.000000,0,1,0,1,20.209022,0,0,0,0
101.5672,,0.443941,0.443941,0.444883,0.012051,0.000000,0.000000,0.000000,0,1,0,1,20.221833,0,0,0,0
101.5882,,0.443941,0.443941,0.444883,0.012051,0.000000,0.000000,0.000000,0,1,0,1,20.147490,0,0,0,0
101.6081,,0.443941,0.443941,0.444883,0.012051,0.000000,0.000000,0.000000,0,1,0,1,20.472869,0,0,0,0
101.6282,,0.443941,0.443941,0.444883,0.012051,0.000000,0.000000,0.000000,0,1,0,1,20.203541,0,0,0,0
101.6481,,0.443941,0.443941,0.444883,0.012051,0.000000,0.000000,0.000000,0,1,0,1,20.209852,0,0,0,0
101.6692,,0.443941,0.443941,0.444883,0.012051,0.000000,0.000000,0.000000,0,1,0,1,20.113159,0,0,0,0
101.6892,,0.443941,0.443941,0.444883,0.012051,0.000000,0.000000,0.000000,0,1,0,1,20.084522,0,0,0,0
101.7091,,0.443941,0.443941,0.444883,0.012051,0.000000,0.000000,0.000000,0,1,0,1,20.117980,0,0,0,0
101.7291,,0.443941,0.443941,0.444883,0.012051,0.000000,0.000000,0.000000,0,1,0,1,20.111582,0,0,0,0
101.7491,,0.443941,0.443941,0.444883,0.012051,0.000000,0.000000,0.000000,0,1,0,1,20.107508,0,0,0,0
101.7692,,0.443941,0.443941,0.444883,0.012051,0.000000,0.000000,0.000000,0,1,0,1,20.116364,0,0,0,0
101.7891,,0.443941,0.443941,0.444883,0.012051,0.000000,0.000000,0.000000,0,1,0,1,20.116583,0,0,0,0
101.8091,,0.443941,0.443941,0.444883,0.012051,0.000000,0.000000,0.000000,0,1,0,1,20.106688,0,0,0,0
101.8292,,0.443941,0.443941,0.444883,0.012051,0.000000,0.000000,0.000000,0,1,0,1,20.187183,0,0,0,0
101.8501,,0.443941,0.443941,0.444883,0.012051,0.000000,0.000000,0.000000,0,1,0,1,20.173874,0,0,0,0
101.8702,,0.443941,0.443941,0.444883,0.012051,0.000000,0.000000,0.000000,0,1,0,1,20.181265,0,0,0,0
101.8901,,0.443941,0.443941,0.444883,0.012051,0.000000,0.000000,0.000000,0,1,0,1,20.117228,0,0,0,0
101.9103,,0.443941,0.443941,0.444883,0.012051,0.000000,0.000000,0.000000,0,1,0,1,20.104339,0,0,0,0
101.9302,,0.443941,0.443941,0.444883,0.012051,0.000000,0.000000,0.000000,0,1,0,1,20.187779,0,0,0,0
101.9502,,0.443941,0.443941,0.444883,0.012051,0.000000,0.000000,0.000000,0,1,0,1,20.164126,0,0,0,0
101.9701,,0.443941,0.443941,0.444883,0.012051,0.000000,0.000000,0.000000,0,1,0,1,20.117887,0,0,0,0
101.9911,,0.443941,0.443941,0.444883,0.012051,0.000000,0.000000,0.000000,0,1,0,1,20.099941,0,0,0,0
102.0112,,0.443941,0.443941,0.444883,0.012051,0.000000,0.000000,0.000000,0,1,0,1,20.120960,0,0,0,0
102.0311,,0.443941,0.443941,0.444883,0.012051,0.000000,0.000000,0.000000,0,1,0,1,20.070952,0,0,0,0
102.0512,,0.443941,0.443941,0.444883,0.012051,0.000000,0.000000,0.000000,0,1,0,1,20.074759,0,0,0,0
102.0711,,0.443941,0.443941,0.444883,0.012051,0.000000,0.000000,0.000000,0,1,0,1,20.175906,0,0,0,0
102.0910,,0.443941,0.443941,0.444883,0.012051,0.000000,0.000000,0.000000,0,1,0,1,20.072953,0,0,0,0
102.1110,,0.443941,0.443941,0.444883,0.012051,0.000000,0.000000,0.000000,0,1,0,1,20.076853,0,0,0,0
102.1311,,0.443941,0.443941,0.444883,0.012051,0.000000,0.000000,0.000000,0,1,0,1,20.081466,0,0,0,0
102.1511,,0.443941,0.443941,0.444883,0.012051,0.000000,0.000000,0.000000,0,1,0,1,20.080548,0,0,0,0
102.1711,,0.443941,0.443941,0.444883,0.012051,0.000000,0.000000,0.000000,0,1,0,1,20.102849,0,0,0,0
102.1921,,0.443941,0.443941,0.444883,0.012051,0.000000,0.000000,0.000000,0,1,0,1,20.110686,0,0,0,0
102.2122,,0.443941,0.443941,0.444883,0.012051,0.000000,0.000000,0.000000,0,1,0,1,20.070604,0,0,0,0
102.2322,,0.443941,0.443941,0.444883,0.012051,0.000000,0.000000,0.000000,0,1,0,1,20.174951,0,0,0,0
102.2522,,0.443941,0.443941,0.444883,0.012051,0.000000,0.000000,0.000000,0,1,0,1,20.249865,0,0,0,0
102.2722,,0.443941,0.443941,0.444883,0.012051,0.000000,0.000000,0.000000,0,1,0,1,20.192553,0,0,0,0
102.2931,,0.443941,0.443941,0.444883,0.012051,0.000000,0.000000,0.000000,0,1,0,1,20.478074,0,0,0,0
102.3131,,0.443941,0.443941,0.444883,0.012051,0.000000,0.000000,0.000000,0,1,0,1,20.127822,0,0,0,0
102.3331,,0.443941,0.443941,0.444883,0.012051,0.000000,0.000000,0.000000,0,1,0,1,20.195513,0,0,0,0
102.3531,,0.443941,0.443941,0.444883,0.012051,0.000000,0.000000,0.000000,0,1,0,1,20.082655,0,0,0,0
102.3731,,0.443941,0.443941,0.444883,0.012051,0.000000,0.000000,0.000000,0,1,0,1,20.077055,0,0,0,0
102.3931,,0.443941,0.443941,0.444883,0.012051,0.000000,0.000000,0.000000,0,1,0,1,20.098353,0,0,0,0
102.4132,,0.443941,0.443941,0.444883,0.012051,0.000000,0.000000,0.000000,0,1,0,1,20.074125,0,0,0,0
102.4332,,0.443941,0.443941,0.444883,0.012051,0.000000,0.000000,0.000000,0,1,0,1,20.068642,0,0,0,0
102.4541,,0.443941,0.443941,0.444883,0.012051,0.000000,0.000000,0.000000,0,1,0,1,20.117405,0,0,0,0
102.4741,,0.443941,0.443941,0.444883,0.012051,0.000000,0.000000,0.000000,0,1,0,1,20.070862,0,0,0,0
102.4941,,0.443941,0.443941,0.444883,0.012051,0.000000,0.000000,0.000000,0,1,0,1,20.073634,0,0,0,0
102.5142,,0.443941,0.443941,0.444883,0.012051,0.000000,0.000000,0.000000,0,1,0,1,20.217761,0,0,0,0
102.5342,,0.443941,0.443941,0.444883,0.012051,0.000000,0.000000,0.000000,0,1,0,1,20.182456,0,0,0,0
102.5542,,0.443941,0.443941,0.444883,0.012051,0.000000,0.000000,0.000000,0,1,0,1,20.184826,0,0,0,0
102.5742,,0.443941,0.443941,0.444883,0.012051,0.000000,0.000000,0.000000,0,1,0,1,20.188713,0,0,0,0
102.5952,,0.443941,0.443941,0.444883,0.012051,0.000000,0.000000,0.000000,0,1,0,1,20.080651,0,0,0,0
102.6151,,0.443941,0.443941,0.444883,0.012051,0.000000,0.000000,0.000000,0,1,0,1,20.095798,0,0,0,0
102.6351,,0.443941,0.443941,0.444883,0.012051,0.000000,0.000000,0.000000,0,1,0,1,20.086228,0,0,0,0
102.6551,,0.443941,0.443941,0.444883,0.012051,0.000000,0.000000,0.000000,0,1,0,1,20.162832,0,0,0,0
102.6751,,0.443941,0.443941,0.444883,0.012051,0.000000,0.000000,0.000000,0,1,0,1,20.076398,0,0,0,0
102.6954,,0.443941,0.443941,0.444883,0.012051,0.000000,0.000000,0.000000,0,1,0,1,20.253063,0,0,0,0
102.7152,,0.443941,0.443941,0.444883,0.012051,0.000000,0.000000,0.000000,0,1,0,1,20.222535,0,0,0,0
102.7362,,0.443941,0.443941,0.444883,0.012051,0.000000,0.000000,0.000000,0,1,0,1,20.172038,0,0,0,0
102.7561,,0.443941,0.443941,0.444883,0.012051,0.000000,0.000000,0.000000,0,1,0,1,20.263930,0,0,0,0
102.7761,,0.443941,0.443941,0.444883,0.012051,0.000000,0.000000,0.000000,0,1,0,1,20.167451,0,0,0,0
102.7962,,0.443941,0.443941,0.444883,0.012051,0.000000,0.000000,0.000000,0,1,0,1,20.066845,0,0,0,0
102.8162,,0.443941,0.443941,0.444883,0.012051,0.000000,0.000000,0.000000,0,1,0,1,20.187394,0,0,0,0
102.8362,,0.443941,0.443941,0.444883,0.012051,0.000000,0.000000,0.000000,0,1,0,1,20.178506,0,0,0,0
102.8572,,0.443941,0.443941,0.444883,0.012051,0.000000,0.000000,0.000000,0,1,0,1,20.284808,0,0,0,0
102.8773,,0.443941,0.443941,0.444883,0.012051,0.000000,0.000000,0.000000,0,1,0,1,20.211157,0,0,0,0
102.8972,,0.443941,0.443941,0.444883,0.012051,0.000000,0.000000,0.000000,0,1,0,1,20.184600,0,0,0,0
102.9173,,0.443941,0.443941,0.444883,0.012051,0.000000,0.000000,0.000000,0,1,0,1,20.212118,0,0,0,0
102.9383,,0.443941,0.443941,0.444883,0.012051,0.000000,0.000000,0.000000,0,1,0,1,20.309063,0,0,0,0
102.9581,,0.443941,0.443941,0.444883,0.012051,0.000000,0.000000,0.000000,0,1,0,1,20.223377,0,0,0,0
102.9782,,0.443941,0.443941,0.444883,0.012051,0.000000,0.000000,0.000000,0,1,0,1,20.114697,0,0,0,0
102.9983,,0.443941,0.443941,0.444883,0.012051,0.000000,0.000000,0.000000,0,1,0,1,20.205009,0,0,0,0
103.0192,,0.443941,0.443941,0.444883,0.012051,0.000000,0.000000,0.000000,0,1,0,1,20.412333,0,0,0,0
103.0392,,0.443941,0.443941,0.444883,0.012051,0.000000,0.000000,0.000000,0,1,0,1,20.157730,0,0,0,0
103.0592,,0.443941,0.443941,0.444883,0.012051,0.000000,0.000000,0.000000,0,1,0,1,20.172217,0,0,0,0
103.0792,,0.443941,0.443941,0.444883,0.012051,0.000000,0.000000,0.000000,0,1,0,1,20.170476,0,0,0,0
103.0992,,0.443941,0.443941,0.444883,0.012051,0.000000,0.000000,0.000000,0,1,0,1,20.173735,0,0,0,0
103.1202,,0.443941,0.443941,0.444883,0.012051,0.000000,0.000000,0.000000,0,1,0,1,20.264859,0,0,0,0
103.1402,,0.443941,0.443941,0.444883,0.012051,0.000000,0.000000,0.000000,0,1,0,1,20.169703,0,0,0,0
103.1602,,0.443941,0.443941,0.444883,0.012051,0.000000,0.000000,0.000000,0,1,0,1,20.167575,0,0,0,0
103.1802,,0.443941,0.443941,0.444883,0.012051,0.000000,0.000000,0.000000,0,1,0,1,20.110672,0,0,0,0
103.2002,,0.443941,0.443941,0.444883,0.012051,0.000000,0.000000,0.000000,0,1,0,1,20.182590,0,0,0,0
103.2212,,0.443941,0.443941,0.444883,0.012051,0.000000,0.000000,0.000000,0,1,0,1,20.317110,0,0,0,0
103.2412,,0.443941,0.443941,0.444883,0.012051,0.000000,0.000000,0.000000,0,1,0,1,20.179202,0,0,0,0
103.2612,,0.443941,0.443941,0.444883,0.012051,0.000000,0.000000,0.000000,0,1,0,1,20.180603,0,0,0,0
103.2813,,0.443941,0.443941,0.444883,0.012051,0.000000,0.000000,0.000000,0,1,0,1,20.158726,0,0,0,0
103.3013,,0.443941,0.443941,0.444883,0.012051,0.000000,0.000000,0.000000,0,1,0,1,20.155581,0,0,0,0
103.3212,,0.443941,0.443941,0.444883,0.012051,0.000000,0.000000,0.000000,0,1,0,1,20.175250,0,0,0,0
103.3422,,0.443941,0.443941,0.444883,0.012051,0.000000,0.000000,0.000000,0,1,0,1,20.176916,0,0,0,0
103.3622,,0.443941,0.443941,0.444883,0.012051,0.000000,0.000000,0.000000,0,1,0,1,20.215192,0,0,0,0
103.3822,,0.443941,0.443941,0.444883,0.012051,0.000000,0.000000,0.000000,0,1,0,1,20.190670,0,0,0,0
103.4022,,0.443941,0.443941,0.444883,0.012051,0.000000,0.000000,0.000000,0,1,0,1,20.175428,0,0,0,0
103.4222,,0.443941,0.443941,0.444883,0.012051,0.000000,0.000000,0.000000,0,1,0,1,20.198583,0,0,0,0
103.4432,,0.443941,0.443941,0.444883,0.012051,0.000000,0.000000,0.000000,0,1,0,1,20.508256,0,0,0,0
103.4631,,0.443941,0.443941,0.444883,0.012051,0.000000,0.000000,0.000000,0,1,0,1,20.069696,0,0,0,0
103.4830,,0.443941,0.443941,0.444883,0.012051,0.000000,0.000000,0.000000,0,1,0,1,20.322938,0,0,0,0
103.5031,,0.443941,0.443941,0.444883,0.012051,0.000000,0.000000,0.000000,0,1,0,1,20.080689,0,0,0,0
103.5241,,0.443941,0.443941,0.444883,0.012051,0.000000,0.000000,0.000000,0,1,0,1,20.201580,0,0,0,0
103.5442,,0.443941,0.443941,0.444883,0.012051,0.000000,0.000000,0.000000,0,1,0,1,20.160532,0,0,0,0
103.5642,,0.443941,0.443941,0.444883,0.012051,0.000000,0.000000,0.000000,0,1,0,1,20.077329,0,0,0,0
103.5842,,0.443941,0.443941,0.444883,0.012051,0.000000,0.000000,0.000000,0,1,0,1,20.079048,0,0,0,0
103.6040,,0.443941,0.443941,0.444883,0.012051,0.000000,0.000000,0.000000,0,1,0,1,20.117399,0,0,0,0
103.6241,,0.443941,0.443941,0.444883,0.012051,0.000000,0.000000,0.000000,0,1,0,1,20.109871,0,0,0,0
103.6441,,0.443941,0.443941,0.444883,0.012051,0.000000,0.000000,0.000000,0,1,0,1,20.227570,0,0,0,0
103.6652,,0.443941,0.443941,0.444883,0.012051,0.000000,0.000000,0.000000,0,1,0,1,20.257722,0,0,0,0
103.6851,,0.443941,0.443941,0.444883,0.012051,0.000000,0.000000,0.000000,0,1,0,1,20.077077,0,0,0,0
103.7051,,0.443941,0.443941,0.444883,0.012051,0.000000,0.000000,0.000000,0,1,0,1,20.088250,0,0,0,0
103.7251,,0.443941,0.443941,0.444883,0.012051,0.000000,0.000000,0.000000,0,1,0,1,20.083415,0,0,0,0
103.7452,,0.443941,0.443941,0.444883,0.012051,0.000000,0.000000,0.000000,0,1,0,1,20.072052,0,0,0,0
103.7652,,0.443941,0.443941,0.444883,0.012051,0.000000,0.000000,0.000000,0,1,0,1,20.107198,0,0,0,0
103.7853,,0.443941,0.443941,0.444883,0.012051,0.000000,0.000000,0.000000,0,1,0,1,20.133467,0,0,0,0
103.8052,,0.443941,0.443941,0.444883,0.012051,0.000000,0.000000,0.000000,0,1,0,1,20.100208,0,0,0,0
103.8251,,0.443941,0.443941,0.444883,0.012051,0.000000,0.000000,0.000000,0,1,0,1,20.084001,0,0,0,0
103.8453,,0.443941,0.443941,0.444883,0.012051,0.000000,0.000000,0.000000,0,1,0,1,20.085726,0,0,0,0
103.8662,,0.443941,0.443941,0.444883,0.012051,0.000000,0.000000,0.000000,0,1,0,1,20.255992,0,0,0,0
103.8862,,0.443941,0.443941,0.444883,0.012051,0.000000,0.000000,0.000000,0,1,0,1,20.067798,0,0,0,0
103.9061,,0.443941,0.443941,0.444883,0.012051,0.000000,0.000000,0.000000,0,1,0,1,20.066708,0,0,0,0
103.9261,,0.443941,0.443941,0.444883,0.012051,0.000000,0.000000,0.000000,0,1,0,1,20.215220,0,0,0,0
103.9460,,0.443941,0.443941,0.444883,0.012051,0.000000,0.000000,0.000000,0,1,0,1,20.157967,0,0,0,0
103.9661,,0.443941,0.443941,0.444883,0.012051,0.000000,0.000000,0.000000,0,1,0,1,20.107778,0,0,0,0
103.9861,,0.443941,0.443941,0.444883,0.012051,0.000000,0.000000,0.000000,0,1,0,1,20.133716,0,0,0,0
104.0071,,0.443941,0.443941,0.444883,0.012051,0.000000,0.000000,0.000000,0,1,0,1,20.233171,0,0,0,0
104.0271,,0.443941,0.443941,0.444883,0.012051,0.000000,0.000000,0.000000,0,1,0,1,20.176021,0,0,0,0
104.0471,,0.443941,0.443941,0.444883,0.012051,0.000000,0.000000,0.000000,0,1,0,1,20.185731,0,0,0,0
104.0670,,0.443941,0.443941,0.444883,0.012051,0.000000,0.000000,0.000000,0,1,0,1,20.102386,0,0,0,0
104.0870,,0.443941,0.443941,0.444883,0.012051,0.000000,0.000000,0.000000,0,1,0,1,20.379581,0,0,0,0
104.1079,,0.443941,0.443941,0.444883,0.012051,0.000000,0.000000,0.000000,0,1,0,1,20.179012,0,0,0,0
104.1282,,0.443941,0.443941,0.444883,0.012051,0.000000,0.000000,0.000000,0,1,0,1,20.083581,0,0,0,0
104.1482,,0.443941,0.443941,0.444883,0.012051,0.000000,0.000000,0.000000,0,1,0,1,20.192642,0,0,0,0
104.1681,,0.443941,0.443941,0.444883,0.012051,0.000000,0.000000,0.000000,0,1,0,1,20.121148,0,0,0,0
104.1879,,0.443941,0.443941,0.444883,0.012051,0.000000,0.000000,0.000000,0,1,0,1,20.334142,0,0,0,0
104.2080,,0.443941,0.443941,0.444883,0.012051,0.000000,0.000000,0.000000,0,1,0,1,20.070116,0,0,0,0
104.2290,,0.443941,0.443941,0.444883,0.012051,0.000000,0.000000,0.000000,0,1,0,1,20.236878,0,0,0,0
104.2491,,0.443941,0.443941,0.444883,0.012051,0.000000,0.000000,0.000000,0,1,0,1,20.199380,0,0,0,0
104.2690,,0.443941,0.443941,0.444883,0.012051,0.000000,0.000000,0.000000,0,1,0,1,20.214268,0,0,0,0
104.2889,,0.443941,0.443941,0.444883,0.012051,0.000000,0.000000,0.000000,0,1,0,1,20.213812,0,0,0,0
104.3100,,0.443941,0.443941,0.444883,0.012051,0.000000,0.000000,0.000000,0,1,0,1,20.239070,0,0,0,0
104.3300,,0.443941,0.443941,0.444883,0.012051,0.000000,0.000000,0.000000,0,1,0,1,20.179794,0,0,0,0
104.3500,,0.443941,0.443941,0.444883,0.012051,0.000000,0.000000,0.000000,0,1,0,1,20.138725,0,0,0,0
104.3701,,0.443941,0.443941,0.444883,0.012051,0.000000,0.000000,0.000000,0,1,0,1,20.103609,0,0,0,0
104.3900,,0.443941,0.443941,0.444883,0.012051,0.000000,0.000000,0.000000,0,1,0,1,20.206431,0,0,0,0
104.4100,,0.443941,0.443941,0.444883,0.012051,0.000000,0.000000,0.000000,0,1,0,1,20.205136,0,0,0,0
104.4310,,0.443941,0.443941,0.444883,0.012051,0.000000,0.000000,0.000000,0,1,0,1,20.171352,0,0,0,0
104.4509,,0.443941,0.443941,0.444883,0.012051,0.000000,0.000000,0.000000,0,1,0,1,20.169846,0,0,0,0
104.4709,,0.443941,0.443941,0.444883,0.012051,0.000000,0.000000,0.000000,0,1,0,1,20.230278,0,0,0,0
104.4909,,0.443941,0.443941,0.444883,0.012051,0.000000,0.000000,0.000000,0,1,0,1,20.169633,0,0,0,0
104.5109,,0.443941,0.443941,0.444883,0.012051,0.000000,0.000000,0.000000,0,1,0,1,20.184937,0,0,0,0
104.5319,,0.443941,0.443941,0.444883,0.012051,0.000000,0.000000,0.000000,0,1,0,1,20.257036,0,0,0,0
104.5520,,0.443941,0.443941,0.444883,0.012051,0.000000,0.000000,0.000000,0,1,0,1,20.077450,0,0,0,0
104.5719,,0.443941,0.443941,0.444883,0.012051,0.000000,0.000000,0.000000,0,1,0,1,20.061925,0,0,0,0
104.5920,,0.443941,0.443941,0.444883,0.012051,0.000000,0.000000,0.000000,0,1,0,1,20.068654,0,0,0,0
104.6120,,0.443941,0.443941,0.444883,0.012051,0.000000,0.000000,0.000000,0,1,0,1,20.104912,0,0,0,0
104.6320,,0.443941,0.443941,0.444883,0.012051,0.000000,0.000000,0.000000,0,1,0,1,20.098974,0,0,0,0
104.6520,,0.443941,0.443941,0.444883,0.012051,0.000000,0.000000,0.000000,0,1,0,1,20.173008,0,0,0,0
104.6729,,0.443941,0.443941,0.444883,0.012051,0.000000,0.000000,0.000000,0,1,0,1,20.594588,0,0,0,0
104.6929,,0.443941,0.443941,0.444883,0.012051,0.000000,0.000000,0.000000,0,1,0,1,20.342264,0,0,0,0
104.7129,,0.443941,0.443941,0.444883,0.012051,0.000000,0.000000,0.000000,0,1,0,1,20.085843,0,0,0,0
104.7331,,0.443941,0.443941,0.444883,0.012051,0.000000,0.000000,0.000000,0,1,0,1,20.103906,0,0,0,0
104.7540,,0.443941,0.443941,0.444883,0.012051,0.000000,0.000000,0.000000,0,1,0,1,20.288057,0,0,0,0
104.7739,,0.443941,0.443941,0.444883,0.012051,0.000000,0.000000,0.000000,0,1,0,1,20.074238,0,0,0,0
104.7940,,0.443941,0.443941,0.444883,0.012051,0.000000,0.000000,0.000000,0,1,0,1,20.077150,0,0,0,0
104.8141,,0.443941,0.443941,0.444883,0.012051,0.000000,0.000000,0.000000,0,1,0,1,20.076593,0,0,0,0
104.8339,,0.443941,0.443941,0.444883,0.012051,0.000000,0.000000,0.000000,0,1,0,1,20.102781,0,0,0,0
104.8539,,0.443941,0.443941,0.444883,0.012051,0.000000,0.000000,0.000000,0,1,0,1,20.109985,0,0,0,0
104.8739,,0.443941,0.443941,0.444883,0.012051,0.000000,0.000000,0.000000,0,1,0,1,20.092916,0,0,0,0
104.8939,,0.443941,0.443941,0.444883,0.012051,0.000000,0.000000,0.000000,0,1,0,1,20.089602,0,0,0,0
104.9139,,0.443941,0.443941,0.444883,0.012051,0.000000,0.000000,0.000000,0,1,0,1,20.201695,0,0,0,0
104.9351,,0.443941,0.443941,0.444883,0.012051,0.000000,0.000000,0.000000,0,1,0,1,20.193314,0,0,0,0
104.9549,,0.443941,0.443941,0.444883,0.012051,0.000000,0.000000,0.000000,0,1,0,1,20.081903,0,0,0,0
104.9750,,0.443941,0.443941,0.444883,0.012051,0.000000,0.000000,0.000000,0,1,0,1,20.073085,0,0,0,0
104.9950,,0.443941,0.443941,0.444883,0.012051,0.000000,0.000000,0.000000,0,1,0,1,20.170224,0,0,0,0
105.0151,,0.443941,0.443941,0.444883,0.012051,0.000000,0.000000,0.000000,0,1,0,1,20.116518,0,0,0,0
105.0350,,0.443941,0.443941,0.444883,0.012051,0.000000,0.000000,0.000000,0,1,0,1,20.175127,0,0,0,0
105.0550,,0.443941,0.443941,0.444883,0.012051,0.000000,0.000000,0.000000,0,1,0,1,20.196307,0,0,0,0
105.0751,,0.443941,0.443941,0.444883,0.012051,0.000000,0.000000,0.000000,0,1,0,1,20.114545,0,0,0,0
105.0961,,0.443941,0.443941,0.444883,0.012051,0.000000,0.000000,0.000000,0,1,0,1,20.110909,0,0,0,0
105.1161,,0.443941,0.443941,0.444883,0.012051,0.000000,0.000000,0.000000,0,1,0,1,20.222129,0,0,0,0
105.1360,,0.443941,0.443941,0.444883,0.012051,0.000000,0.000000,0.000000,0,1,0,1,20.186518,0,0,0,0
105.1560,,0.443941,0.443941,0.444883,0.012051,0.000000,0.000000,0.000000,0,1,0,1,20.167187,0,0,0,0
105.1760,,0.443941,0.443941,0.444883,0.012051,0.000000,0.000000,0.000000,0,1,0,1,20.185634,0,0,0,0
105.1970,,0.443941,0.443941,0.444883,0.012051,0.000000,0.000000,0.000000,0,1,0,1,20.223503,0,0,0,0
105.2170,,0.443941,0.443941,0.444883,0.012051,0.000000,0.000000,0.000000,0,1,0,1,20.153161,0,0,0,0
105.2370,,0.443941,0.443941,0.444883,0.012051,0.000000,0.000000,0.000000,0,1,0,1,20.155836,0,0,0,0
105.2570,,0.443941,0.443941,0.444883,0.012051,0.000000,0.000000,0.000000,0,1,0,1,20.163804,0,0,0,0
105.2770,,0.443941,0.443941,0.444883,0.012051,0.000000,0.000000,0.000000,0,1,0,1,20.161732,0,0,0,0
105.2980,,0.443941,0.443941,0.444883,0.012051,0.000000,0.000000,0.000000,0,1,0,1,20.155241,0,0,0,0
105.3181,,0.443941,0.443941,0.444883,0.012051,0.000000,0.000000,0.000000,0,1,0,1,20.204517,0,0,0,0
105.3380,,0.443941,0.443941,0.444883,0.012051,0.000000,0.000000,0.000000,0,1,0,1,20.066488,0,0,0,0
105.3579,,0.443941,0.443941,0.444883,0.012051,0.000000,0.000000,0.000000,0,1,0,1,20.181894,0,0,0,0
105.3780,,0.443941,0.443941,0.444883,0.012051,0.000000,0.000000,0.000000,0,1,0,1,20.185628,0,0,0,0
105.3980,,0.443941,0.443941,0.444883,0.012051,0.000000,0.000000,0.000000,0,1,0,1,20.163168,0,0,0,0
105.4181,,0.443941,0.443941,0.444883,0.012051,0.000000,0.000000,0.000000,0,1,0,1,20.185347,0,0,0,0
105.4390,,0.443941,0.443941,0.444883,0.012051,0.000000,0.000000,0.000000,0,1,0,1,20.194004,0,0,0,0
105.4591,,0.443941,0.443941,0.444883,0.012051,0.000000,0.000000,0.000000,0,1,0,1,20.070213,0,0,0,0
105.4790,,0.443941,0.443941,0.444883,0.012051,0.000000,0.000000,0.000000,0,1,0,1,20.175125,0,0,0,0
105.4990,,0.443941,0.443941,0.444883,0.012051,0.000000,0.000000,0.000000,0,1,0,1,20.104089,0,0,0,0
105.5193,,0.443941,0.443941,0.444883,0.012051,0.000000,0.000000,0.000000,0,1,0,1,20.187740,0,0,0,0
105.5390,,0.443941,0.443941,0.444883,0.012051,0.000000,0.000000,0.000000,0,1,0,1,20.168476,0,0,0,0
105.5590,,0.443941,0.443941,0.444883,0.012051,0.000000,0.000000,0.000000,0,1,0,1,20.097153,0,0,0,0
105.5790,,0.443941,0.443941,0.444883,0.012051,0.000000,0.000000,0.000000,0,1,0,1,20.061970,0,0,0,0
105.5989,,0.443941,0.443941,0.444883,0.012051,0.000000,0.000000,0.000000,0,1,0,1,20.064116,0,0,0,0
105.6200,,0.443941,0.443941,0.444883,0.012051,0.000000,0.000000,0.000000,0,1,0,1,20.064989,0,0,0,0
105.6400,,0.443941,0.443941,0.444883,0.012051,0.000000,0.000000,0.000000,0,1,0,1,20.079276,0,0,0,0
105.6599,,0.443941,0.443941,0.444883,0.012051,0.000000,0.000000,0.000000,0,1,0,1,20.081294,0,0,0,0
105.6799,,0.443941,0.443941,0.444883,0.012051,0.000000,0.000000,0.000000,0,1,0,1,20.193674,0,0,0,0
105.7001,,0.443941,0.443941,0.444883,0.012051,0.000000,0.000000,0.000000,0,1,0,1,20.108455,0,0,0,0
105.7200,,0.443941,0.443941,0.444883,0.012051,0.000000,0.000000,0.000000,0,1,0,1,20.159991,0,0,0,0
105.7400,,0.443941,0.443941,0.444883,0.012051,0.000000,0.000000,0.000000,0,1,0,1,20.152179,0,0,0,0
105.7600,,0.443941,0.443941,0.444883,0.012051,0.000000,0.000000,0.000000,0,1,0,1,20.169858,0,0,0,0
105.7809,,0.443941,0.443941,0.444883,0.012051,0.000000,0.000000,0.000000,0,1,0,1,20.156948,0,0,0,0
105.8010,,0.443941,0.443941,0.444883,0.012051,0.000000,0.000000,0.000000,0,1,0,1,20.192054,0,0,0,0
105.8210,,0.443941,0.443941,0.444883,0.012051,0.000000,0.000000,0.000000,0,1,0,1,20.204513,0,0,0,0
105.8410,,0.443941,0.443941,0.444883,0.012051,0.000000,0.000000,0.000000,0,1,0,1,20.117179,0,0,0,0
105.8610,,0.443941,0.443941,0.444883,0.012051,0.000000,0.000000,0.000000,0,1,0,1,20.140591,0,0,0,0
105.8810,,0.443941,0.443941,0.444883,0.012051,0.000000,0.000000,0.000000,0,1,0,1,20.166953,0,0,0,0
105.9021,,0.443941,0.443941,0.444883,0.012051,0.000000,0.000000,0.000000,0,1,0,1,20.142698,0,0,0,0
105.9220,,0.443941,0.443941,0.444883,0.012051,0.000000,0.000000,0.000000,0,1,0,1,20.079404,0,0,0,0
105.9420,,0.443941,0.443941,0.444883,0.012051,0.000000,0.000000,0.000000,0,1,0,1,20.166594,0,0,0,0
105.9620,,0.443941,0.443941,0.444883,0.012051,0.000000,0.000000,0.000000,0,1,0,1,20.114472,0,0,0,0
105.9820,,0.443941,0.443941,0.444883,0.012051,0.000000,0.000000,0.000000,0,1,0,1,20.174073,0,0,0,0
106.0020,,0.443941,0.443941,0.444883,0.012051,0.000000,0.000000,0.000000,0,1,0,1,20.157855,0,0,0,0
106.0220,,0.443941,0.443941,0.444883,0.012051,0.000000,0.000000,0.000000,0,1,0,1,20.120470,0,0,0,0
106.0421,,0.443941,0.443941,0.444883,0.012051,0.000000,0.000000,0.000000,0,1,0,1,20.128544,0,0,0,0
106.0629,,0.443941,0.443941,0.444883,0.012051,0.000000,0.000000,0.000000,0,1,0,1,20.162091,0,0,0,0
106.0830,,0.443941,0.443941,0.444883,0.012051,0.000000,0.000000,0.000000,0,1,0,1,20.209473,0,0,0,0
106.1030,,0.443941,0.443941,0.444883,0.012051,0.000000,0.000000,0.000000,0,1,0,1,20.192535,0,0,0,0
106.1230,,0.443941,0.443941,0.444883,0.012051,0.000000,0.000000,0.000000,0,1,0,1,20.154954,0,0,0,0
106.1431,,0.443941,0.443941,0.444883,0.012051,0.000000,0.000000,0.000000,0,1,0,1,20.191406,0,0,0,0
106.1643,,0.443941,0.443941,0.444883,0.012051,0.000000,0.000000,0.000000,0,1,0,1,20.284919,0,0,0,0
106.1840,,0.443941,0.443941,0.444883,0.012051,0.000000,0.000000,0.000000,0,1,0,1,20.078973,0,0,0,0
106.2040,,0.443941,0.443941,0.444883,0.012051,0.000000,0.000000,0.000000,0,1,0,1,20.078917,0,0,0,0
106.2242,,0.443941,0.443941,0.444883,0.012051,0.000000,0.000000,0.000000,0,1,0,1,20.121335,0,0,0,0
106.2441,,0.443941,0.443941,0.444883,0.012051,0.000000,0.000000,0.000000,0,1,0,1,20.208347,0,0,0,0
106.2641,,0.443941,0.443941,0.444883,0.012051,0.000000,0.000000,0.000000,0,1,0,1,20.210793,0,0,0,0
106.2851,,0.443941,0.443941,0.444883,0.012051,0.000000,0.000000,0.000000,0,1,0,1,20.100513,0,0,0,0
106.3051,,0.443941,0.443941,0.444883,0.012051,0.000000,0.000000,0.000000,0,1,0,1,20.078423,0,0,0,0
106.3252,,0.443941,0.443941,0.444883,0.012051,0.000000,0.000000,0.000000,0,1,0,1,20.075997,0,0,0,0
106.3453,,0.443941,0.443941,0.444883,0.012051,0.000000,0.000000,0.000000,0,1,0,1,20.254742,0,0,0,0
106.3652,,0.443941,0.443941,0.444883,0.012051,0.000000,0.000000,0.000000,0,1,0,1,20.088715,0,0,0,0
106.3851,,0.443941,0.443941,0.444883,0.012051,0.000000,0.000000,0.000000,0,1,0,1,20.177197,0,0,0,0
106.4051,,0.443941,0.443941,0.444883,0.012051,0.000000,0.000000,0.000000,0,1,0,1,20.179845,0,0,0,0
106.4251,,0.443941,0.443941,0.444883,0.012051,0.000000,0.000000,0.000000,0,1,0,1,20.124439,0,0,0,0
106.4460,,0.443941,0.443941,0.444883,0.012051,0.000000,0.000000,0.000000,0,1,0,1,20.064225,0,0,0,0
106.4661,,0.443941,0.443941,0.444883,0.012051,0.000000,0.000000,0.000000,0,1,0,1,20.062447,0,0,0,0
106.4860,,0.443941,0.443941,0.444883,0.012051,0.000000,0.000000,0.000000,0,1,0,1,20.065878,0,0,0,0
106.5060,,0.443941,0.443941,0.444883,0.012051,0.000000,0.000000,0.000000,0,1,0,1,20.088287,0,0,0,0
106.5260,,0.443941,0.443941,0.444883,0.012051,0.000000,0.000000,0.000000,0,1,0,1,20.096200,0,0,0,0
106.5461,,0.443941,0.443941,0.444883,0.012051,0.000000,0.000000,0.000000,0,1,0,1,20.108083,0,0,0,0
106.5661,,0.443941,0.443941,0.444883,0.012051,0.000000,0.000000,0.000000,0,1,0,1,20.110721,0,0,0,0
106.5860,,0.443941,0.443941,0.444883,0.012051,0.000000,0.000000,0.000000,0,1,0,1,20.216060,0,0,0,0
106.6071,,0.443941,0.443941,0.444883,0.012051,0.000000,0.000000,0.000000,0,1,0,1,20.271009,0,0,0,0
106.6270,,0.443941,0.443941,0.444883,0.012051,0.000000,0.000000,0.000000,0,1,0,1,20.118191,0,0,0,0
106.6469,,0.443941,0.443941,0.444883,0.012051,0.000000,0.000000,0.000000,0,1,0,1,20.087376,0,0,0,0
106.6670,,0.443941,0.443941,0.444883,0.012051,0.000000,0.000000,0.000000,0,1,0,1,20.083011,0,0,0,0
106.6869,,0.443941,0.443941,0.444883,0.012051,0.000000,0.000000,0.000000,0,1,0,1,20.121709,0,0,0,0
106.7070,,0.443941,0.443941,0.444883,0.012051,0.000000,0.000000,0.000000,0,1,0,1,20.098770,0,0,0,0
106.7270,,0.443941,0.443941,0.444883,0.012051,0.000000,0.000000,0.000000,0,1,0,1,20.095082,0,0,0,0
106.7470,,0.443941,0.443941,0.444883,0.012051,0.000000,0.000000,0.000000,0,1,0,1,20.106235,0,0,0,0
106.7682,,0.443941,0.443941,0.444883,0.012051,0.000000,0.000000,0.000000,0,1,0,1,20.248338,0,0,0,0
106.7881,,0.443941,0.443941,0.444883,0.012051,0.000000,0.000000,0.000000,0,1,0,1,20.074193,0,0,0,0
106.8081,,0.443941,0.443941,0.444883,0.012051,0.000000,0.000000,0.000000,0,1,0,1,20.151516,0,0,0,0
106.8281,,0.443941,0.443941,0.444883,0.012051,0.000000,0.000000,0.000000,0,1,0,1,20.081195,0,0,0,0
106.8482,,0.443941,0.443941,0.444883,0.012051,0.000000,0.000000,0.000000,0,1,0,1,20.077134,0,0,0,0
106.8680,,0.443941,0.443941,0.444883,0.012051,0.000000,0.000000,0.000000,0,1,0,1,20.218939,0,0,0,0
106.8880,,0.443941,0.443941,0.444883,0.012051,0.000000,0.000000,0.000000,0,1,0,1,20.155215,0,0,0,0
106.9082,,0.443941,0.443941,0.444883,0.012051,0.000000,0.000000,0.000000,0,1,0,1,20.159552,0,0,0,0
106.9292,,0.443941,0.443941,0.444883,0.012051,0.000000,0.000000,0.000000,0,1,0,1,20.080763,0,0,0,0
106.9491,,0.443941,0.443941,0.444883,0.012051,0.000000,0.000000,0.000000,0,1,0,1,20.068227,0,0,0,0
106.9691,,0.443941,0.443941,0.444883,0.012051,0.000000,0.000000,0.000000,0,1,0,1,20.070110,0,0,0,0
106.9892,,0.443941,0.443941,0.444883,0.012051,0.000000,0.000000,0.000000,0,1,0,1,20.200298,0,0,0,0
107.0090,,0.443941,0.443941,0.444883,0.012051,0.000000,0.000000,0.000000,0,1,0,1,20.071809,0,0,0,0
107.0291,,0.443941,0.443941,0.444883,0.012051,0.000000,0.000000,0.000000,0,1,0,1,20.086441,0,0,0,0
107.0491,,0.443941,0.443941,0.444883,0.012051,0.000000,0.000000,0.000000,0,1,0,1,20.100624,0,0,0,0
107.0691,,0.443941,0.443941,0.444883,0.012051,0.000000,0.000000,0.000000,0,1,0,1,20.104282,0,0,0,0
107.0891,,0.443941,0.443941,0.444883,0.012051,0.000000,0.000000,0.000000,0,1,0,1,20.078532,0,0,0,0
107.1091,,0.443941,0.443941,0.444883,0.012051,0.000000,0.000000,0.000000,0,1,0,1,20.097515,0,0,0,0
107.1302,,0.443941,0.443941,0.444883,0.012051,0.000000,0.000000,0.000000,0,1,0,1,20.143413,0,0,0,0
107.1502,,0.443941,0.443941,0.444883,0.012051,0.000000,0.000000,0.000000,0,1,0,1,20.068117,0,0,0,0
107.1700,,0.443941,0.443941,0.444883,0.012051,0.000000,0.000000,0.000000,0,1,0,1,20.070477,0,0,0,0
107.1901,,0.443941,0.443941,0.444883,0.012051,0.000000,0.000000,0.000000,0,1,0,1,20.075422,0,0,0,0
107.2102,,0.443941,0.443941,0.444883,0.012051,0.000000,0.000000,0.000000,0,1,0,1,20.074716,0,0,0,0
107.2301,,0.443941,0.443941,0.444883,0.012051,0.000000,0.000000,0.000000,0,1,0,1,20.125954,0,0,0,0
107.2500,,0.443941,0.443941,0.444883,0.012051,0.000000,0.000000,0.000000,0,1,0,1,20.175689,0,0,0,0
107.2703,,0.443941,0.443941,0.444883,0.012051,0.000000,0.000000,0.000000,0,1,0,1,20.170271,0,0,0,0
107.2911,,0.443941,0.443941,0.444883,0.012051,0.000000,0.000000,0.000000,0,1,0,1,20.270660,0,0,0,0
107.3110,,0.443941,0.443941,0.444883,0.012051,0.000000,0.000000,0.000000,0,1,0,1,20.071776,0,0,0,0
107.3312,,0.443941,0.443941,0.444883,0.012051,0.000000,0.000000,0.000000,0,1,0,1,20.076330,0,0,0,0
107.3512,,0.443941,0.443941,0.444883,0.012051,0.000000,0.000000,0.000000,0,1,0,1,20.079007,0,0,0,0
107.3711,,0.443941,0.443941,0.444883,0.012051,0.000000,0.000000,0.000000,0,1,0,1,20.120520,0,0,0,0
107.3912,,0.443941,0.443941,0.444883,0.012051,0.000000,0.000000,0.000000,0,1,0,1,20.185417,0,0,0,0
107.4112,,0.443941,0.443941,0.444883,0.012051,0.000000,0.000000,0.000000,0,1,0,1,20.135171,0,0,0,0
107.4312,,0.443941,0.443941,0.444883,0.012051,0.000000,0.000000,0.000000,0,1,0,1,20.204316,0,0,0,0
107.4521,,0.443941,0.443941,0.444883,0.012051,0.000000,0.000000,0.000000,0,1,0,1,20.175616,0,0,0,0
107.4721,,0.443941,0.443941,0.444883,0.012051,0.000000,0.000000,0.000000,0,1,0,1,20.186008,0,0,0,0
107.4923,,0.443941,0.443941,0.444883,0.012051,0.000000,0.000000,0.000000,0,1,0,1,20.151969,0,0,0,0
107.5121,,0.443941,0.443941,0.444883,0.012051,0.000000,0.000000,0.000000,0,1,0,1,20.107318,0,0,0,0
107.5321,,0.443941,0.443941,0.444883,0.012051,0.000000,0.000000,0.000000,0,1,0,1,20.116778,0,0,0,0
107.5522,,0.443941,0.443941,0.444883,0.012051,0.000000,0.000000,0.000000,0,1,0,1,20.197130,0,0,0,0
107.5731,,0.443941,0.443941,0.444883,0.012051,0.000000,0.000000,0.000000,0,1,0,1,20.216423,0,0,0,0
107.5931,,0.443941,0.443941,0.444883,0.012051,0.000000,0.000000,0.000000,0,1,0,1,20.135350,0,0,0,0
107.6130,,0.443941,0.443941,0.444883,0.012051,0.000000,0.000000,0.000000,0,1,0,1,20.109999,0,0,0,0
107.6330,,0.443941,0.443941,0.444883,0.012051,0.000000,0.000000,0.000000,0,1,0,1,20.189522,0,0,0,0
107.6531,,0.443941,0.443941,0.444883,0.012051,0.000000,0.000000,0.000000,0,1,0,1,20.172367,0,0,0,0
107.6731,,0.443941,0.443941,0.444883,0.012051,0.000000,0.000000,0.000000,0,1,0,1,20.165791,0,0,0,0
107.6930,,0.443941,0.443941,0.444883,0.012051,0.000000,0.000000,0.000000,0,1,0,1,20.070475,0,0,0,0
107.7141,,0.443941,0.443941,0.444883,0.012051,0.000000,0.000000,0.000000,0,1,0,1,20.081285,0,0,0,0
107.7341,,0.443941,0.443941,0.444883,0.012051,0.000000,0.000000,0.000000,0,1,0,1,20.082081,0,0,0,0
107.7541,,0.443941,0.443941,0.444883,0.012051,0.000000,0.000000,0.000000,0,1,0,1,20.077253,0,0,0,0
107.7741,,0.443941,0.443941,0.444883,0.012051,0.000000,0.000000,0.000000,0,1,0,1,20.100073,0,0,0,0
107.7940,,0.443941,0.443941,0.444883,0.012051,0.000000,0.000000,0.000000,0,1,0,1,20.115247,0,0,0,0
107.8141,,0.443941,0.443941,0.444883,0.012051,0.000000,0.000000,0.000000,0,1,0,1,20.158573,0,0,0,0
107.8341,,0.443941,0.443941,0.444883,0.012051,0.000000,0.000000,0.000000,0,1,0,1,20.158183,0,0,0,0
107.8541,,0.443941,0.443941,0.444883,0.012051,0.000000,0.000000,0.000000,0,1,0,1,20.170893,0,0,0,0
107.8751,,0.443941,0.443941,0.444883,0.012051,0.000000,0.000000,0.000000,0,1,0,1,20.171458,0,0,0,0
107.8951,,0.443941,0.443941,0.444883,0.012051,0.000000,0.000000,0.000000,0,1,0,1,20.168850,0,0,0,0
107.9151,,0.443941,0.443941,0.444883,0.012051,0.000000,0.000000,0.000000,0,1,0,1,20.193754,0,0,0,0
107.9352,,0.443941,0.443941,0.444883,0.012051,0.000000,0.000000,0.000000,0,1,0,1,20.125909,0,0,0,0
107.9551,,0.443941,0.443941,0.444883,0.012051,0.000000,0.000000,0.000000,0,1,0,1,20.254942,0,0,0,0
107.9751,,0.443941,0.443941,0.444883,0.012051,0.000000,0.000000,0.000000,0,1,0,1,20.145677,0,0,0,0
107.9961,,0.443941,0.443941,0.444883,0.012051,0.000000,0.000000,0.000000,0,1,0,1,20.135022,0,0,0,0
108.0161,,0.443941,0.443941,0.444883,0.012051,0.000000,0.000000,0.000000,0,1,0,1,20.170005,0,0,0,0
108.0361,,0.443941,0.443941,0.444883,0.012051,0.000000,0.000000,0.000000,0,1,0,1,20.177875,0,0,0,0
108.0561,,0.443941,0.443941,0.444883,0.012051,0.000000,0.000000,0.000000,0,1,0,1,20.170858,0,0,0,0
108.0762,,0.443941,0.443941,0.444883,0.012051,0.000000,0.000000,0.000000,0,1,0,1,20.193990,0,0,0,0
108.0973,,0.443941,0.443941,0.444883,0.012051,0.000000,0.000000,0.000000,0,1,0,1,20.207094,0,0,0,0
108.1170,,0.443941,0.443941,0.444883,0.012051,0.000000,0.000000,0.000000,0,1,0,1,20.093377,0,0,0,0
108.1370,,0.443941,0.443941,0.444883,0.012051,0.000000,0.000000,0.000000,0,1,0,1,20.082332,0,0,0,0
108.1570,,0.443941,0.443941,0.444883,0.012051,0.000000,0.000000,0.000000,0,1,0,1,20.079041,0,0,0,0
108.1771,,0.443941,0.443941,0.444883,0.012051,0.000000,0.000000,0.000000,0,1,0,1,20.082487,0,0,0,0
108.1971,,0.443941,0.443941,0.444883,0.012051,0.000000,0.000000,0.000000,0,1,0,1,20.183077,0,0,0,0
108.2170,,0.443941,0.443941,0.444883,0.012051,0.000000,0.000000,0.000000,0,1,0,1,20.196730,0,0,0,0
108.2369,,0.443941,0.443941,0.444883,0.012051,0.000000,0.000000,0.000000,0,1,0,1,20.073368,0,0,0,0
108.2570,,0.443941,0.443941,0.444883,0.012051,0.000000,0.000000,0.000000,0,1,0,1,20.076097,0,0,0,0
108.2771,,0.443941,0.443941,0.444883,0.012051,0.000000,0.000000,0.000000,0,1,0,1,20.076255,0,0,0,0
108.2980,,0.443941,0.443941,0.444883,0.012051,0.000000,0.000000,0.000000,0,1,0,1,20.080859,0,0,0,0
108.3180,,0.443941,0.443941,0.444883,0.012051,0.000000,0.000000,0.000000,0,1,0,1,20.082613,0,0,0,0
108.3380,,0.443941,0.443941,0.444883,0.012051,0.000000,0.000000,0.000000,0,1,0,1,20.124457,0,0,0,0
108.3580,,0.443941,0.443941,0.444883,0.012051,0.000000,0.000000,0.000000,0,1,0,1,20.157405,0,0,0,0
108.3780,,0.443941,0.443941,0.444883,0.012051,0.000000,0.000000,0.000000,0,1,0,1,20.130845,0,0,0,0
108.3981,,0.443941,0.443941,0.444883,0.012051,0.000000,0.000000,0.000000,0,1,0,1,20.292715,0,0,0,0
108.4180,,0.443941,0.443941,0.444883,0.012051,0.000000,0.000000,0.000000,0,1,0,1,20.222496,0,0,0,0
108.4390,,0.443941,0.443941,0.444883,0.012051,0.000000,0.000000,0.000000,0,1,0,1,20.107064,0,0,0,0
108.4590,,0.443941,0.443941,0.444883,0.012051,0.000000,0.000000,0.000000,0,1,0,1,20.118263,0,0,0,0
108.4791,,0.443941,0.443941,0.444883,0.012051,0.000000,0.000000,0.000000,0,1,0,1,20.157471,0,0,0,0
108.4991,,0.443941,0.443941,0.444883,0.012051,0.000000,0.000000,0.000000,0,1,0,1,20.172877,0,0,0,0
108.5190,,0.443941,0.443941,0.444883,0.012051,0.000000,0.000000,0.000000,0,1,0,1,20.166892,0,0,0,0
108.5391,,0.443941,0.443941,0.444883,0.012051,0.000000,0.000000,0.000000,0,1,0,1,20.255242,0,0,0,0
108.5601,,0.443941,0.443941,0.444883,0.012051,0.000000,0.000000,0.000000,0,1,0,1,20.074865,0,0,0,0
108.5802,,0.443941,0.443941,0.444883,0.012051,0.000000,0.000000,0.000000,0,1,0,1,20.066427,0,0,0,0
108.6001,,0.443941,0.443941,0.444883,0.012051,0.000000,0.000000,0.000000,0,1,0,1,20.078195,0,0,0,0
108.6201,,0.443941,0.443941,0.444883,0.012051,0.000000,0.000000,0.000000,0,1,0,1,20.101711,0,0,0,0
108.6402,,0.443941,0.443941,0.444883,0.012051,0.000000,0.000000,0.000000,0,1,0,1,20.090845,0,0,0,0
108.6603,,0.443941,0.443941,0.444883,0.012051,0.000000,0.000000,0.000000,0,1,0,1,20.114238,0,0,0,0
108.6803,,0.443941,0.443941,0.444883,0.012051,0.000000,0.000000,0.000000,0,1,0,1,20.225556,0,0,0,0
108.7000,,0.443941,0.443941,0.444883,0.012051,0.000000,0.000000,0.000000,0,1,0,1,20.083408,0,0,0,0
108.7201,,0.443941,0.443941,0.444883,0.012051,0.000000,0.000000,0.000000,0,1,0,1,20.096576,0,0,0,0
108.7413,,0.443941,0.443941,0.444883,0.012051,0.000000,0.000000,0.000000,0,1,0,1,20.330030,0,0,0,0
108.7612,,0.443941,0.443941,0.444883,0.012051,0.000000,0.000000,0.000000,0,1,0,1,20.155547,0,0,0,0
108.7812,,0.443941,0.443941,0.444883,0.012051,0.000000,0.000000,0.000000,0,1,0,1,20.208068,0,0,0,0
108.8010,,0.443941,0.443941,0.444883,0.012051,0.000000,0.000000,0.000000,0,1,0,1,20.165235,0,0,0,0
108.8210,,0.443941,0.443941,0.444883,0.012051,0.000000,0.000000,0.000000,0,1,0,1,20.070655,0,0,0,0
108.8422,,0.443941,0.443941,0.444883,0.012051,0.000000,0.000000,0.000000,0,1,0,1,20.157507,0,0,0,0
108.8622,,0.443941,0.443941,0.444883,0.012051,0.000000,0.000000,0.000000,0,1,0,1,20.178585,0,0,0,0
108.8821,,0.443941,0.443941,0.444883,0.012051,0.000000,0.000000,0.000000,0,1,0,1,20.191185,0,0,0,0
108.9021,,0.443941,0.443941,0.444883,0.012051,0.000000,0.000000,0.000000,0,1,0,1,20.241663,0,0,0,0
108.9221,,0.443941,0.443941,0.444883,0.012051,0.000000,0.000000,0.000000,0,1,0,1,20.183072,0,0,0,0
108.9420,,0.443941,0.443941,0.444883,0.012051,0.000000,0.000000,0.000000,0,1,0,1,20.121032,0,0,0,0
108.9622,,0.443941,0.443941,0.444883,0.012051,0.000000,0.000000,0.000000,0,1,0,1,20.053167,0,0,0,0
108.9832,,0.443941,0.443941,0.444883,0.012051,0.000000,0.000000,0.000000,0,1,0,1,20.210167,0,0,0,0
109.0032,,0.443941,0.443941,0.444883,0.012051,0.000000,0.000000,0.000000,0,1,0,1,20.370803,0,0,0,0
109.0232,,0.443941,0.443941,0.444883,0.012051,0.000000,0.000000,0.000000,0,1,0,1,20.178561,0,0,0,0
109.0431,,0.443941,0.443941,0.444883,0.012051,0.000000,0.000000,0.000000,0,1,0,1,20.235356,0,0,0,0
109.0642,,0.443941,0.443941,0.444883,0.012051,0.000000,0.000000,0.000000,0,1,0,1,20.132207,0,0,0,0
109.0842,,0.443941,0.443941,0.444883,0.012051,0.000000,0.000000,0.000000,0,1,0,1,20.136694,0,0,0,0
109.1042,,0.443941,0.443941,0.444883,0.012051,0.000000,0.000000,0.000000,0,1,0,1,20.206022,0,0,0,0
109.1242,,0.443941,0.443941,0.444883,0.012051,0.000000,0.000000,0.000000,0,1,0,1,20.157315,0,0,0,0
109.1441,,0.443941,0.443941,0.444883,0.012051,0.000000,0.000000,0.000000,0,1,0,1,20.160147,0,0,0,0
109.1652,,0.443941,0.443941,0.444883,0.012051,0.000000,0.000000,0.000000,0,1,0,1,20.190401,0,0,0,0
109.1852,,0.443941,0.443941,0.444883,0.012051,0.000000,0.000000,0.000000,0,1,0,1,20.070632,0,0,0,0
109.2051,,0.443941,0.443941,0.444883,0.012051,0.000000,0.000000,0.000000,0,1,0,1,20.067004,0,0,0,0
109.2251,,0.443941,0.443941,0.444883,0.012051,0.000000,0.000000,0.000000,0,1,0,1,20.080032,0,0,0,0
109.2452,,0.443941,0.443941,0.444883,0.012051,0.000000,0.000000,0.000000,0,1,0,1,20.082891,0,0,0,0
109.2651,,0.443941,0.443941,0.444883,0.012051,0.000000,0.000000,0.000000,0,1,0,1,20.075868,0,0,0,0
109.2852,,0.443941,0.443941,0.444883,0.012051,0.000000,0.000000,0.000000,0,1,0,1,20.178593,0,0,0,0
109.3051,,0.443941,0.443941,0.444883,0.012051,0.000000,0.000000,0.000000,0,1,0,1,20.172002,0,0,0,0
109.3251,,0.443941,0.443941,0.444883,0.012051,0.000000,0.000000,0.000000,0,1,0,1,20.159106,0,0,0,0
109.3451,,0.443941,0.443941,0.444883,0.012051,0.000000,0.000000,0.000000,0,1,0,1,20.169673,0,0,0,0
109.3661,,0.443941,0.443941,0.444883,0.012051,0.000000,0.000000,0.000000,0,1,0,1,20.143712,0,0,0,0
109.3861,,0.443941,0.443941,0.444883,0.012051,0.000000,0.000000,0.000000,0,1,0,1,20.195875,0,0,0,0
109.4061,,0.443941,0.443941,0.444883,0.012051,0.000000,0.000000,0.000000,0,1,0,1,20.184190,0,0,0,0
109.4261,,0.443941,0.443941,0.444883,0.012051,0.000000,0.000000,0.000000,0,1,0,1,20.159582,0,0,0,0
109.4460,,0.443941,0.443941,0.444883,0.012051,0.000000,0.000000,0.000000,0,1,0,1,20.203372,0,0,0,0
109.4671,,0.443941,0.443941,0.444883,0.012051,0.000000,0.000000,0.000000,0,1,0,1,20.190996,0,0,0,0
109.4870,,0.443941,0.443941,0.444883,0.012051,0.000000,0.000000,0.000000,0,1,0,1,20.225419,0,0,0,0
109.5071,,0.443941,0.443941,0.444883,0.012051,0.000000,0.000000,0.000000,0,1,0,1,20.210499,0,0,0,0
109.5271,,0.443941,0.443941,0.444883,0.012051,0.000000,0.000000,0.000000,0,1,0,1,20.163252,0,0,0,0
109.5471,,0.443941,0.443941,0.444883,0.012051,0.000000,0.000000,0.000000,0,1,0,1,20.131903,0,0,0,0
109.5671,,0.443941,0.443941,0.444883,0.012051,0.000000,0.000000,0.000000,0,1,0,1,20.134639,0,0,0,0
109.5881,,0.443941,0.443941,0.444883,0.012051,0.000000,0.000000,0.000000,0,1,0,1,20.203483,0,0,0,0
109.6081,,0.443941,0.443941,0.444883,0.012051,0.000000,0.000000,0.000000,0,1,0,1,20.169093,0,0,0,0
109.6281,,0.443941,0.443941,0.444883,0.012051,0.000000,0.000000,0.000000,0,1,0,1,20.135508,0,0,0,0
109.6482,,0.443941,0.443941,0.444883,0.012051,0.000000,0.000000,0.000000,0,1,0,1,20.152723,0,0,0,0
109.6681,,0.443941,0.443941,0.444883,0.012051,0.000000,0.000000,0.000000,0,1,0,1,20.110340,0,0,0,0
109.6891,,0.443941,0.443941,0.444883,0.012051,0.000000,0.000000,0.000000,0,1,0,1,20.377951,0,0,0,0
109.7092,,0.443941,0.443941,0.444883,0.012051,0.000000,0.000000,0.000000,0,1,0,1,20.086386,0,0,0,0
109.7292,,0.443941,0.443941,0.444883,0.012051,0.000000,0.000000,0.000000,0,1,0,1,20.098439,0,0,0,0
109.7492,,0.443941,0.443941,0.444883,0.012051,0.000000,0.000000,0.000000,0,1,0,1,20.107223,0,0,0,0
109.7692,,0.443941,0.443941,0.444883,0.012051,0.000000,0.000000,0.000000,0,1,0,1,20.192992,0,0,0,0
109.7891,,0.443941,0.443941,0.444883,0.012051,0.000000,0.000000,0.000000,0,1,0,1,20.183015,0,0,0,0
109.8102,,0.443941,0.443941,0.444883,0.012051,0.000000,0.000000,0.000000,0,1,0,1,20.256165,0,0,0,0
109.8302,,0.443941,0.443941,0.444883,0.012051,0.000000,0.000000,0.000000,0,1,0,1,20.165546,0,0,0,0
109.8501,,0.443941,0.443941,0.444883,0.012051,0.000000,0.000000,0.000000,0,1,0,1,20.103635,0,0,0,0
109.8702,,0.443941,0.443941,0.444883,0.012051,0.000000,0.000000,0.000000,0,1,0,1,20.166032,0,0,0,0
109.8907,,0.443941,0.443941,0.444883,0.012051,0.000000,0.000000,0.000000,0,1,0,1,20.080640,0,0,0,0
109.9101,,0.443941,0.443941,0.444883,0.012051,0.000000,0.000000,0.000000,0,1,0,1,20.177135,0,0,0,0
109.9300,,0.443941,0.443941,0.444883,0.012051,0.000000,0.000000,0.000000,0,1,0,1,20.096497,0,0,0,0
109.9501,,0.443941,0.443941,0.444883,0.012051,0.000000,0.000000,0.000000,0,1,0,1,20.024159,0,0,0,0
109.9711,,0.443941,0.443941,0.444883,0.012051,0.000000,0.000000,0.000000,0,1,0,1,20.115605,0,0,0,0
109.9911,,0.443941,0.443941,0.444883,0.012051,0.000000,0.000000,0.000000,0,1,0,1,20.085529,0,0,0,0
110.0110,,0.443941,0.443941,0.444883,0.012051,0.000000,0.000000,0.000000,0,1,0,1,20.198390,0,0,0,0
110.0310,,0.443941,0.443941,0.444883,0.012051,0.000000,0.000000,0.000000,0,1,0,1,20.192788,0,0,0,0
110.0511,,0.443941,0.443941,0.444883,0.012051,0.000000,0.000000,0.000000,0,1,0,1,20.191391,0,0,0,0
110.0710,,0.443941,0.443941,0.444883,0.012051,0.000000,0.000000,0.000000,0,1,0,1,20.212247,0,0,0,0
110.0922,,0.443941,0.443941,0.444883,0.012051,0.000000,0.000000,0.000000,0,1,0,1,20.224936,0,0,0,0
110.1121,,0.443941,0.443941,0.444883,0.012051,0.000000,0.000000,0.000000,0,1,0,1,20.263798,0,0,0,0
110.1321,,0.443941,0.443941,0.444883,0.012051,0.000000,0.000000,0.000000,0,1,0,1,20.090233,0,0,0,0
110.1522,,0.443941,0.443941,0.444883,0.012051,0.000000,0.000000,0.000000,0,1,0,1,20.189529,0,0,0,0
110.1722,,0.443941,0.443941,0.444883,0.012051,0.000000,0.000000,0.000000,0,1,0,1,20.271989,0,0,0,0
110.1922,,0.443941,0.443941,0.444883,0.012051,0.000000,0.000000,0.000000,0,1,0,1,20.094781,0,0,0,0
110.2132,,0.443941,0.443941,0.444883,0.012051,0.000000,0.000000,0.000000,0,1,0,1,20.456062,0,0,0,0
110.2331,,0.443941,0.443941,0.444883,0.012051,0.000000,0.000000,0.000000,0,1,0,1,20.084372,0,0,0,0
110.2532,,0.443941,0.443941,0.444883,0.012051,0.000000,0.000000,0.000000,0,1,0,1,20.502441,0,0,0,0
110.2741,,0.443941,0.443941,0.444883,0.012051,0.000000,0.000000,0.000000,0,1,0,1,20.089199,0,0,0,0
110.2942,,0.443941,0.443941,0.444883,0.012051,0.000000,0.000000,0.000000,0,1,0,1,20.169431,0,0,0,0
110.3142,,0.443941,0.443941,0.444883,0.012051,0.000000,0.000000,0.000000,0,1,0,1,20.198974,0,0,0,0
110.3342,,0.443941,0.443941,0.444883,0.012051,0.000000,0.000000,0.000000,0,1,0,1,20.195647,0,0,0,0
110.3542,,0.443941,0.443941,0.444883,0.012051,0.000000,0.000000,0.000000,0,1,0,1,20.175582,0,0,0,0
110.3752,,0.443941,0.443941,0.444883,0.012051,0.000000,0.000000,0.000000,0,1,0,1,20.186652,0,0,0,0
110.3951,,0.443941,0.443941,0.444883,0.012051,0.000000,0.000000,0.000000,0,1,0,1,20.078722,0,0,0,0
110.4151,,0.443941,0.443941,0.444883,0.012051,0.000000,0.000000,0.000000,0,1,0,1,20.084003,0,0,0,0
110.4351,,0.443941,0.443941,0.444883,0.012051,0.000000,0.000000,0.000000,0,1,0,1,20.219608,0,0,0,0
110.4552,,0.443941,0.443941,0.444883,0.012051,0.000000,0.000000,0.000000,0,1,0,1,20.268906,0,0,0,0
110.4752,,0.443941,0.443941,0.444883,0.012051,0.000000,0.000000,0.000000,0,1,0,1,20.193707,0,0,0,0
110.4961,,0.443941,0.443941,0.444883,0.012051,0.000000,0.000000,0.000000,0,1,0,1,20.186513,0,0,0,0
110.5161,,0.443941,0.443941,0.444883,0.012051,0.000000,0.000000,0.000000,0,1,0,1,20.205613,0,0,0,0
110.5360,,0.443941,0.443941,0.444883,0.012051,0.000000,0.000000,0.000000,0,1,0,1,20.198453,0,0,0,0
110.5560,,0.443941,0.443941,0.444883,0.012051,0.000000,0.000000,0.000000,0,1,0,1,20.226966,0,0,0,0
110.5760,,0.443941,0.443941,0.444883,0.012051,0.000000,0.000000,0.000000,0,1,0,1,20.219720,0,0,0,0
110.5961,,0.443941,0.443941,0.444883,0.012051,0.000000,0.000000,0.000000,0,1,0,1,20.089348,0,0,0,0
110.6171,,0.443941,0.443941,0.444883,0.012051,0.000000,0.000000,0.000000,0,1,0,1,20.108036,0,0,0,0
110.6371,,0.443941,0.443941,0.444883,0.012051,0.000000,0.000000,0.000000,0,1,0,1,20.096233,0,0,0,0
110.6571,,0.443941,0.443941,0.444883,0.012051,0.000000,0.000000,0.000000,0,1,0,1,20.092914,0,0,0,0
110.6771,,0.443941,0.443941,0.444883,0.012051,0.000000,0.000000,0.000000,0,1,0,1,20.102792,0,0,0,0
110.6971,,0.443941,0.443941,0.444883,0.012051,0.000000,0.000000,0.000000,0,1,0,1,20.083477,0,0,0,0
110.7172,,0.443941,0.443941,0.444883,0.012051,0.000000,0.000000,0.000000,0,1,0,1,20.178097,0,0,0,0
110.7373,,0.443941,0.443941,0.444883,0.012051,0.000000,0.000000,0.000000,0,1,0,1,20.154208,0,0,0,0
110.7573,,0.443941,0.443941,0.444883,0.012051,0.000000,0.000000,0.000000,0,1,0,1,20.205286,0,0,0,0
110.7782,,0.443941,0.443941,0.444883,0.012051,0.000000,0.000000,0.000000,0,1,0,1,20.271792,0,0,0,0
110.7982,,0.443941,0.443941,0.444883,0.012051,0.000000,0.000000,0.000000,0,1,0,1,20.183821,0,0,0,0
110.8181,,0.443941,0.443941,0.444883,0.012051,0.000000,0.000000,0.000000,0,1,0,1,20.179087,0,0,0,0
110.8382,,0.443941,0.443941,0.444883,0.012051,0.000000,0.000000,0.000000,0,1,0,1,20.159316,0,0,0,0
110.8592,,0.443941,0.443941,0.444883,0.012051,0.000000,0.000000,0.000000,0,1,0,1,20.215337,0,0,0,0
110.8792,,0.443941,0.443941,0.444883,0.012051,0.000000,0.000000,0.000000,0,1,0,1,20.171830,0,0,0,0
110.8991,,0.443941,0.443941,0.444883,0.012051,0.000000,0.000000,0.000000,0,1,0,1,20.066811,0,0,0,0
110.9193,,0.443941,0.443941,0.444883,0.012051,0.000000,0.000000,0.000000,0,1,0,1,20.068961,0,0,0,0
110.9392,,0.443941,0.443941,0.444883,0.012051,0.000000,0.000000,0.000000,0,1,0,1,20.126610,0,0,0,0
110.9591,,0.443941,0.443941,0.444883,0.012051,0.000000,0.000000,0.000000,0,1,0,1,20.105838,0,0,0,0
110.9792,,0.443941,0.443941,0.444883,0.012051,0.000000,0.000000,0.000000,0,1,0,1,20.072696,0,0,0,0
110.9991,,0.443941,0.443941,0.444883,0.012051,0.000000,0.000000,0.000000,0,1,0,1,20.065312,0,0,0,0
111.0192,,0.443941,0.443941,0.444883,0.012051,0.000000,0.000000,0.000000,0,1,0,1,20.078557,0,0,0,0
111.0391,,0.443941,0.443941,0.444883,0.012051,0.000000,0.000000,0.000000,0,1,0,1,20.061233,0,0,0,0
111.0591,,0.443941,0.443941,0.444883,0.012051,0.000000,0.000000,0.000000,0,1,0,1,20.059981,0,0,0,0
111.0791,,0.443941,0.443941,0.444883,0.012051,0.000000,0.000000,0.000000,0,1,0,1,20.059567,0,0,0,0
111.1001,,0.443941,0.443941,0.444883,0.012051,0.000000,0.000000,0.000000,0,1,0,1,20.120062,0,0,0,0
111.1201,,0.443941,0.443941,0.444883,0.012051,0.000000,0.000000,0.000000,0,1,0,1,20.189311,0,0,0,0
111.1401,,0.443941,0.443941,0.444883,0.012051,0.000000,0.000000,0.000000,0,1,0,1,20.203002,0,0,0,0
111.1602,,0.443941,0.443941,0.444883,0.012051,0.000000,0.000000,0.000000,0,1,0,1,20.234988,0,0,0,0
111.1811,,0.443941,0.443941,0.444883,0.012051,0.000000,0.000000,0.000000,0,1,0,1,20.227859,0,0,0,0
111.2001,,0.443941,0.443941,0.444883,0.012051,0.000000,0.000000,0.000000,0,1,0,1,20.073772,0,0,0,0
111.2212,,0.443941,0.443941,0.444883,0.012051,0.000000,0.000000,0.000000,0,1,0,1,20.165738,0,0,0,0
111.2411,,0.443941,0.443941,0.444883,0.012051,0.000000,0.000000,0.000000,0,1,0,1,20.163621,0,0,0,0
111.2611,,0.443941,0.443941,0.444883,0.012051,0.000000,0.000000,0.000000,0,1,0,1,20.112772,0,0,0,0
111.2811,,0.443941,0.443941,0.444883,0.012051,0.000000,0.000000,0.000000,0,1,0,1,20.204342,0,0,0,0
111.3010,,0.443941,0.443941,0.444883,0.012051,0.000000,0.000000,0.000000,0,1,0,1,20.216442,0,0,0,0
111.3222,,0.443941,0.443941,0.444883,0.012051,0.000000,0.000000,0.000000,0,1,0,1,20.224306,0,0,0,0
111.3421,,0.443941,0.443941,0.444883,0.012051,0.000000,0.000000,0.000000,0,1,0,1,20.214797,0,0,0,0
111.3620,,0.443941,0.443941,0.444883,0.012051,0.000000,0.000000,0.000000,0,1,0,1,20.208486,0,0,0,0
111.3821,,0.443941,0.443941,0.444883,0.012051,0.000000,0.000000,0.000000,0,1,0,1,20.113184,0,0,0,0
111.4021,,0.443941,0.443941,0.444883,0.012051,0.000000,0.000000,0.000000,0,1,0,1,20.211444,0,0,0,0
111.4231,,0.443941,0.443941,0.444883,0.012051,0.000000,0.000000,0.000000,0,1,0,1,20.096211,0,0,0,0
111.4431,,0.443941,0.443941,0.444883,0.012051,0.000000,0.000000,0.000000,0,1,0,1,20.085195,0,0,0,0
111.4632,,0.443941,0.443941,0.444883,0.012051,0.000000,0.000000,0.000000,0,1,0,1,20.085480,0,0,0,0
111.4833,,0.443941,0.443941,0.444883,0.012051,0.000000,0.000000,0.000000,0,1,0,1,20.091426,0,0,0,0
111.5031,,0.443941,0.443941,0.444883,0.012051,0.000000,0.000000,0.000000,0,1,0,1,20.109774,0,0,0,0
111.5231,,0.443941,0.443941,0.444883,0.012051,0.000000,0.000000,0.000000,0,1,0,1,20.196714,0,0,0,0
111.5432,,0.443941,0.443941,0.444883,0.012051,0.000000,0.000000,0.000000,0,1,0,1,20.213450,0,0,0,0
111.5632,,0.443941,0.443941,0.444883,0.012051,0.000000,0.000000,0.000000,0,1,0,1,20.204833,0,0,0,0
111.5842,,0.443941,0.443941,0.444883,0.012051,0.000000,0.000000,0.000000,0,1,0,1,20.246826,0,0,0,0
111.6042,,0.443941,0.443941,0.444883,0.012051,0.000000,0.000000,0.000000,0,1,0,1,20.114404,0,0,0,0
111.6240,,0.443941,0.443941,0.444883,0.012051,0.000000,0.000000,0.000000,0,1,0,1,20.211577,0,0,0,0
111.6441,,0.443941,0.443941,0.444883,0.012051,0.000000,0.000000,0.000000,0,1,0,1,20.203386,0,0,0,0
111.6643,,0.443941,0.443941,0.444883,0.012051,0.000000,0.000000,0.000000,0,1,0,1,20.290173,0,0,0,0
111.6851,,0.443941,0.443941,0.444883,0.012051,0.000000,0.000000,0.000000,0,1,0,1,20.138951,0,0,0,0
111.7052,,0.443941,0.443941,0.444883,0.012051,0.000000,0.000000,0.000000,0,1,0,1,20.193717,0,0,0,0
111.7251,,0.443941,0.443941,0.444883,0.012051,0.000000,0.000000,0.000000,0,1,0,1,20.093634,0,0,0,0
111.7455,,0.443941,0.443941,0.444883,0.012051,0.000000,0.000000,0.000000,0,1,0,1,20.195965,0,0,0,0
111.7652,,0.443941,0.443941,0.444883,0.012051,0.000000,0.000000,0.000000,0,1,0,1,20.221539,0,0,0,0
111.7851,,0.443941,0.443941,0.444883,0.012051,0.000000,0.000000,0.000000,0,1,0,1,20.077536,0,0,0,0
111.8062,,0.443941,0.443941,0.444883,0.012051,0.000000,0.000000,0.000000,0,1,0,1,20.251463,0,0,0,0
111.8261,,0.443941,0.443941,0.444883,0.012051,0.000000,0.000000,0.000000,0,1,0,1,20.228815,0,0,0,0
111.8462,,0.443941,0.443941,0.444883,0.012051,0.000000,0.000000,0.000000,0,1,0,1,20.200645,0,0,0,0
111.8662,,0.443941,0.443941,0.444883,0.012051,0.000000,0.000000,0.000000,0,1,0,1,20.238851,0,0,0,0
111.8871,,0.443941,0.443941,0.444883,0.012051,0.000000,0.000000,0.000000,0,1,0,1,20.248910,0,0,0,0
111.9071,,0.443941,0.443941,0.444883,0.012051,0.000000,0.000000,0.000000,0,1,0,1,20.201972,0,0,0,0
111.9271,,0.443941,0.443941,0.444883,0.012051,0.000000,0.000000,0.000000,0,1,0,1,20.194869,0,0,0,0
111.9472,,0.443941,0.443941,0.444883,0.012051,0.000000,0.000000,0.000000,0,1,0,1,20.210774,0,0,0,0
111.9672,,0.443941,0.443941,0.444883,0.012051,0.000000,0.000000,0.000000,0,1,0,1,20.175772,0,0,0,0
111.9882,,0.443941,0.443941,0.444883,0.012051,0.000000,0.000000,0.000000,0,1,0,1,20.151376,0,0,0,0
112.0082,,0.443941,0.443941,0.444883,0.012051,0.000000,0.000000,0.000000,0,1,0,1,20.093803,0,0,0,0
112.0281,,0.443941,0.443941,0.444883,0.012051,0.000000,0.000000,0.000000,0,1,0,1,20.078995,0,0,0,0
112.0482,,0.443941,0.443941,0.444883,0.012051,0.000000,0.000000,0.000000,0,1,0,1,20.074617,0,0,0,0
112.0680,,0.443941,0.443941,0.444883,0.012051,0.000000,0.000000,0.000000,0,1,0,1,20.201573,0,0,0,0
112.0882,,0.443941,0.443941,0.444883,0.012051,0.000000,0.000000,0.000000,0,1,0,1,20.326720,0,0,0,0
112.1092,,0.443941,0.443941,0.444883,0.012051,0.000000,0.000000,0.000000,0,1,0,1,20.241339,0,0,0,0
112.1292,,0.443941,0.443941,0.444883,0.012051,0.000000,0.000000,0.000000,0,1,0,1,20.164883,0,0,0,0
112.1491,,0.443941,0.443941,0.444883,0.012051,0.000000,0.000000,0.000000,0,1,0,1,20.082184,0,0,0,0
112.1691,,0.443941,0.443941,0.444883,0.012051,0.000000,0.000000,0.000000,0,1,0,1,20.120224,0,0,0,0
112.1892,,0.443941,0.443941,0.444883,0.012051,0.000000,0.000000,0.000000,0,1,0,1,20.202971,0,0,0,0
112.2092,,0.443941,0.443941,0.444883,0.012051,0.000000,0.000000,0.000000,0,1,0,1,20.168821,0,0,0,0
112.2302,,0.443941,0.443941,0.444883,0.012051,0.000000,0.000000,0.000000,0,1,0,1,20.282246,0,0,0,0
112.2501,,0.443941,0.443941,0.444883,0.012051,0.000000,0.000000,0.000000,0,1,0,1,20.260978,0,0,0,0
112.2701,,0.443941,0.443941,0.444883,0.012051,0.000000,0.000000,0.000000,0,1,0,1,20.195741,0,0,0,0
112.2902,,0.443941,0.443941,0.444883,0.012051,0.000000,0.000000,0.000000,0,1,0,1,20.285984,0,0,0,0
112.3103,,0.443941,0.443941,0.444883,0.012051,0.000000,0.000000,0.000000,0,1,0,1,20.226072,0,0,0,0
112.3313,,0.443941,0.443941,0.444883,0.012051,0.000000,0.000000,0.000000,0,1,0,1,20.181874,0,0,0,0
112.3513,,0.443941,0.443941,0.444883,0.012051,0.000000,0.000000,0.000000,0,1,0,1,20.198494,0,0,0,0
112.3712,,0.443941,0.443941,0.444883,0.012051,0.000000,0.000000,0.000000,0,1,0,1,20.173830,0,0,0,0
112.3911,,0.443941,0.443941,0.444883,0.012051,0.000000,0.000000,0.000000,0,1,0,1,20.165207,0,0,0,0
112.4112,,0.443941,0.443941,0.444883,0.012051,0.000000,0.000000,0.000000,0,1,0,1,20.220426,0,0,0,0
112.4322,,0.443941,0.443941,0.444883,0.012051,0.000000,0.000000,0.000000,0,1,0,1,20.170035,0,0,0,0
112.4523,,0.443941,0.443941,0.444883,0.012051,0.000000,0.000000,0.000000,0,1,0,1,20.209512,0,0,0,0
112.4723,,0.443941,0.443941,0.444883,0.012051,0.000000,0.000000,0.000000,0,1,0,1,20.113203,0,0,0,0
112.4924,,0.443941,0.443941,0.444883,0.012051,0.000000,0.000000,0.000000,0,1,0,1,20.112090,0,0,0,0
112.5123,,0.443941,0.443941,0.444883,0.012051,0.000000,0.000000,0.000000,0,1,0,1,20.215425,0,0,0,0
112.5322,,0.443941,0.443941,0.444883,0.012051,0.000000,0.000000,0.000000,0,1,0,1,20.237642,0,0,0,0
112.5533,,0.443941,0.443941,0.444883,0.012051,0.000000,0.000000,0.000000,0,1,0,1,20.072941,0,0,0,0
112.5733,,0.443941,0.443941,0.444883,0.012051,0.000000,0.000000,0.000000,0,1,0,1,20.168174,0,0,0,0
112.5931,,0.443941,0.443941,0.444883,0.012051,0.000000,0.000000,0.000000,0,1,0,1,20.214468,0,0,0,0
112.6132,,0.443941,0.443941,0.444883,0.012051,0.000000,0.000000,0.000000,0,1,0,1,20.423285,0,0,0,0
112.6330,,0.443941,0.443941,0.444883,0.012051,0.000000,0.000000,0.000000,0,1,0,1,20.098451,0,0,0,0
112.6541,,0.443941,0.443941,0.444883,0.012051,0.000000,0.000000,0.000000,0,1,0,1,20.077554,0,0,0,0
112.6741,,0.443941,0.443941,0.444883,0.012051,0.000000,0.000000,0.000000,0,1,0,1,20.076287,0,0,0,0
112.6942,,0.443941,0.443941,0.444883,0.012051,0.000000,0.000000,0.000000,0,1,0,1,20.075103,0,0,0,0
112.7142,,0.443941,0.443941,0.444883,0.012051,0.000000,0.000000,0.000000,0,1,0,1,20.076714,0,0,0,0
112.7342,,0.443941,0.443941,0.444883,0.012051,0.000000,0.000000,0.000000,0,1,0,1,20.070560,0,0,0,0
112.7543,,0.443941,0.443941,0.444883,0.012051,0.000000,0.000000,0.000000,0,1,0,1,20.181315,0,0,0,0
112.7741,,0.443941,0.443941,0.444883,0.012051,0.000000,0.000000,0.000000,0,1,0,1,20.091738,0,0,0,0
112.7943,,0.443941,0.443941,0.444883,0.012051,0.000000,0.000000,0.000000,0,1,0,1,20.184879,0,0,0,0
112.8142,,0.443941,0.443941,0.444883,0.012051,0.000000,0.000000,0.000000,0,1,0,1,20.092754,0,0,0,0
112.8342,,0.443941,0.443941,0.444883,0.012051,0.000000,0.000000,0.000000,0,1,0,1,20.111419,0,0,0,0
112.8553,,0.443941,0.443941,0.444883,0.012051,0.000000,0.000000,0.000000,0,1,0,1,20.072707,0,0,0,0
112.8752,,0.443941,0.443941,0.444883,0.012051,0.000000,0.000000,0.000000,0,1,0,1,20.215945,0,0,0,0
112.8952,,0.443941,0.443941,0.444883,0.012051,0.000000,0.000000,0.000000,0,1,0,1,20.181184,0,0,0,0
112.9152,,0.443941,0.443941,0.444883,0.012051,0.000000,0.000000,0.000000,0,1,0,1,20.184931,0,0,0,0
112.9352,,0.443941,0.443941,0.444883,0.012051,0.000000,0.000000,0.000000,0,1,0,1,20.238336,0,0,0,0
112.9562,,0.443941,0.443941,0.444883,0.012051,0.000000,0.000000,0.000000,0,1,0,1,20.186172,0,0,0,0
112.9762,,0.443941,0.443941,0.444883,0.012051,0.000000,0.000000,0.000000,0,1,0,1,20.085976,0,0,0,0
112.9961,,0.443941,0.443941,0.444883,0.012051,0.000000,0.000000,0.000000,0,1,0,1,20.333923,0,0,0,0
113.0162,,0.443941,0.443941,0.444883,0.012051,0.000000,0.000000,0.000000,0,1,0,1,20.379450,0,0,0,0
113.0372,,0.443941,0.443941,0.444883,0.012051,0.000000,0.000000,0.000000,0,1,0,1,20.187595,0,0,0,0
113.0571,,0.443941,0.443941,0.444883,0.012051,0.000000,0.000000,0.000000,0,1,0,1,20.087016,0,0,0,0
113.0772,,0.443941,0.443941,0.444883,0.012051,0.000000,0.000000,0.000000,0,1,0,1,20.176614,0,0,0,0
113.0972,,0.443941,0.443941,0.444883,0.012051,0.000000,0.000000,0.000000,0,1,0,1,20.209035,0,0,0,0
113.1172,,0.443941,0.443941,0.444883,0.012051,0.000000,0.000000,0.000000,0,1,0,1,20.199294,0,0,0,0
113.1373,,0.443941,0.443941,0.444883,0.012051,0.000000,0.000000,0.000000,0,1,0,1,20.239081,0,0,0,0
113.1582,,0.443941,0.443941,0.444883,0.012051,0.000000,0.000000,0.000000,0,1,0,1,20.308164,0,0,0,0
113.1782,,0.443941,0.443941,0.444883,0.012051,0.000000,0.000000,0.000000,0,1,0,1,20.234585,0,0,0,0
113.1981,,0.443941,0.443941,0.444883,0.012051,0.000000,0.000000,0.000000,0,1,0,1,20.177466,0,0,0,0
113.2192,,0.443941,0.443941,0.444883,0.012051,0.000000,0.000000,0.000000,0,1,0,1,20.327602,0,0,0,0
113.2392,,0.443941,0.443941,0.444883,0.012051,0.000000,0.000000,0.000000,0,1,0,1,20.194361,0,0,0,0
113.2594,,0.443941,0.443941,0.444883,0.012051,0.000000,0.000000,0.000000,0,1,0,1,20.308582,0,0,0,0
113.2791,,0.443941,0.443941,0.444883,0.012051,0.000000,0.000000,0.000000,0,1,0,1,20.069242,0,0,0,0
113.2993,,0.443941,0.443941,0.444883,0.012051,0.000000,0.000000,0.000000,0,1,0,1,20.163183,0,0,0,0
113.3193,,0.443941,0.443941,0.444883,0.012051,0.000000,0.000000,0.000000,0,1,0,1,20.162041,0,0,0,0
113.3403,,0.443941,0.443941,0.444883,0.012051,0.000000,0.000000,0.000000,0,1,0,1,20.170045,0,0,0,0
113.3602,,0.443941,0.443941,0.444883,0.012051,0.000000,0.000000,0.000000,0,1,0,1,20.174698,0,0,0,0
113.3808,,0.443941,0.443941,0.444883,0.012051,0.000000,0.000000,0.000000,0,1,0,1,20.157684,0,0,0,0
113.4003,,0.443941,0.443941,0.444883,0.012051,0.000000,0.000000,0.000000,0,1,0,1,20.166786,0,0,0,0
113.4203,,0.443941,0.443941,0.444883,0.012051,0.000000,0.000000,0.000000,0,1,0,1,20.157710,0,0,0,0
113.4402,,0.443941,0.443941,0.444883,0.012051,0.000000,0.000000,0.000000,0,1,0,1,20.199382,0,0,0,0
113.4602,,0.443941,0.443941,0.444883,0.012051,0.000000,0.000000,0.000000,0,1,0,1,20.071295,0,0,0,0
113.4812,,0.443941,0.443941,0.444883,0.012051,0.000000,0.000000,0.000000,0,1,0,1,20.094614,0,0,0,0
113.5012,,0.443941,0.443941,0.444883,0.012051,0.000000,0.000000,0.000000,0,1,0,1,20.095914,0,0,0,0
113.5212,,0.443941,0.443941,0.444883,0.012051,0.000000,0.000000,0.000000,0,1,0,1,20.104087,0,0,0,0
113.5412,,0.443941,0.443941,0.444883,0.012051,0.000000,0.000000,0.000000,0,1,0,1,20.099064,0,0,0,0
113.5612,,0.443941,0.443941,0.444883,0.012051,0.000000,0.000000,0.000000,0,1,0,1,20.101146,0,0,0,0
113.5814,,0.443941,0.443941,0.444883,0.012051,0.000000,0.000000,0.000000,0,1,0,1,20.204244,0,0,0,0
113.6012,,0.443941,0.443941,0.444883,0.012051,0.000000,0.000000,0.000000,0,1,0,1,20.191396,0,0,0,0
113.6221,,0.443941,0.443941,0.444883,0.012051,0.000000,0.000000,0.000000,0,1,0,1,20.202919,0,0,0,0
113.6421,,0.443941,0.443941,0.444883,0.012051,0.000000,0.000000,0.000000,0,1,0,1,20.203731,0,0,0,0
113.6621,,0.443941,0.443941,0.444883,0.012051,0.000000,0.000000,0.000000,0,1,0,1,20.182327,0,0,0,0
113.6823,,0.443941,0.443941,0.444883,0.012051,0.000000,0.000000,0.000000,0,1,0,1,20.202305,0,0,0,0
113.7023,,0.443941,0.443941,0.444883,0.012051,0.000000,0.000000,0.000000,0,1,0,1,20.252039,0,0,0,0
113.7222,,0.443941,0.443941,0.444883,0.012051,0.000000,0.000000,0.000000,0,1,0,1,20.079794,0,0,0,0
113.7431,,0.443941,0.443941,0.444883,0.012051,0.000000,0.000000,0.000000,0,1,0,1,20.103283,0,0,0,0
113.7632,,0.443941,0.443941,0.444883,0.012051,0.000000,0.000000,0.000000,0,1,0,1,20.081480,0,0,0,0
113.7832,,0.443941,0.443941,0.444883,0.012051,0.000000,0.000000,0.000000,0,1,0,1,20.218016,0,0,0,0
113.8032,,0.443941,0.443941,0.444883,0.012051,0.000000,0.000000,0.000000,0,1,0,1,20.194280,0,0,0,0
113.8232,,0.443941,0.443941,0.444883,0.012051,0.000000,0.000000,0.000000,0,1,0,1,20.209909,0,0,0,0
113.8442,,0.443941,0.443941,0.444883,0.012051,0.000000,0.000000,0.000000,0,1,0,1,20.262502,0,0,0,0
113.8642,,0.443941,0.443941,0.444883,0.012051,0.000000,0.000000,0.000000,0,1,0,1,20.194279,0,0,0,0
113.8842,,0.443941,0.443941,0.444883,0.012051,0.000000,0.000000,0.000000,0,1,0,1,20.188005,0,0,0,0
113.9042,,0.443941,0.443941,0.444883,0.012051,0.000000,0.000000,0.000000,0,1,0,1,20.228884,0,0,0,0
113.9242,,0.443941,0.443941,0.444883,0.012051,0.000000,0.000000,0.000000,0,1,0,1,20.201307,0,0,0,0
113.9452,,0.443941,0.443941,0.444883,0.012051,0.000000,0.000000,0.000000,0,1,0,1,20.338641,0,0,0,0
113.9653,,0.443941,0.443941,0.444883,0.012051,0.000000,0.000000,0.000000,0,1,0,1,20.219916,0,0,0,0
113.9852,,0.443941,0.443941,0.444883,0.012051,0.000000,0.000000,0.000000,0,1,0,1,20.198050,0,0,0,0
114.0062,,0.443941,0.443941,0.444883,0.012051,0.000000,0.000000,0.000000,0,1,0,1,20.199589,0,0,0,0
114.0262,,0.443941,0.443941,0.444883,0.012051,0.000000,0.000000,0.000000,0,1,0,1,20.208823,0,0,0,0
114.0461,,0.443941,0.443941,0.444883,0.012051,0.000000,0.000000,0.000000,0,1,0,1,20.240332,0,0,0,0
114.0662,,0.443941,0.443941,0.444883,0.012051,0.000000,0.000000,0.000000,0,1,0,1,20.181667,0,0,0,0
114.0862,,0.443941,0.443941,0.444883,0.012051,0.000000,0.000000,0.000000,0,1,0,1,20.183938,0,0,0,0
114.1061,,0.443941,0.443941,0.444883,0.012051,0.000000,0.000000,0.000000,0,1,0,1,20.190669,0,0,0,0
114.1272,,0.443941,0.443941,0.444883,0.012051,0.000000,0.000000,0.000000,0,1,0,1,20.208871,0,0,0,0
114.1471,,0.443941,0.443941,0.444883,0.012051,0.000000,0.000000,0.000000,0,1,0,1,20.075233,0,0,0,0
114.1671,,0.443941,0.443941,0.444883,0.012051,0.000000,0.000000,0.000000,0,1,0,1,20.171222,0,0,0,0
114.1872,,0.443941,0.443941,0.444883,0.012051,0.000000,0.000000,0.000000,0,1,0,1,20.212592,0,0,0,0
114.2085,,0.443941,0.443941,0.444883,0.012051,0.000000,0.000000,0.000000,0,1,0,1,20.304774,0,0,0,0
114.2274,,0.443941,0.443941,0.444883,0.012051,0.000000,0.000000,0.000000,0,1,0,1,20.139740,0,0,0,0
114.2483,,0.443941,0.443941,0.444883,0.012051,0.000000,0.000000,0.000000,0,1,0,1,20.077006,0,0,0,0
114.2682,,0.443941,0.443941,0.444883,0.012051,0.000000,0.000000,0.000000,0,1,0,1,20.075655,0,0,0,0
114.2882,,0.443941,0.443941,0.444883,0.012051,0.000000,0.000000,0.000000,0,1,0,1,20.063074,0,0,0,0
114.3082,,0.443941,0.443941,0.444883,0.012051,0.000000,0.000000,0.000000,0,1,0,1,20.091358,0,0,0,0
114.3282,,0.443941,0.443941,0.444883,0.012051,0.000000,0.000000,0.000000,0,1,0,1,20.097539,0,0,0,0
114.3482,,0.443941,0.443941,0.444883,0.012051,0.000000,0.000000,0.000000,0,1,0,1,20.180602,0,0,0,0
114.3682,,0.443941,0.443941,0.444883,0.012051,0.000000,0.000000,0.000000,0,1,0,1,20.084359,0,0,0,0
114.3883,,0.443941,0.443941,0.444883,0.012051,0.000000,0.000000,0.000000,0,1,0,1,20.083071,0,0,0,0
114.4083,,0.443941,0.443941,0.444883,0.012051,0.000000,0.000000,0.000000,0,1,0,1,20.164295,0,0,0,0
114.4283,,0.443941,0.443941,0.444883,0.012051,0.000000,0.000000,0.000000,0,1,0,1,20.091911,0,0,0,0
114.4492,,0.443941,0.443941,0.444883,0.012051,0.000000,0.000000,0.000000,0,1,0,1,20.075434,0,0,0,0
114.4692,,0.443941,0.443941,0.444883,0.012051,0.000000,0.000000,0.000000,0,1,0,1,20.071450,0,0,0,0
114.4893,,0.443941,0.443941,0.444883,0.012051,0.000000,0.000000,0.000000,0,1,0,1,20.067173,0,0,0,0
114.5094,,0.443941,0.443941,0.444883,0.012051,0.000000,0.000000,0.000000,0,1,0,1,20.110534,0,0,0,0
114.5294,,0.443941,0.443941,0.444883,0.012051,0.000000,0.000000,0.000000,0,1,0,1,20.193041,0,0,0,0
114.5493,,0.443941,0.443941,0.444883,0.012051,0.000000,0.000000,0.000000,0,1,0,1,20.187508,0,0,0,0
114.5695,,0.443941,0.443941,0.444883,0.012051,0.000000,0.000000,0.000000,0,1,0,1,20.125119,0,0,0,0
114.5897,,0.443941,0.443941,0.444883,0.012051,0.000000,0.000000,0.000000,0,1,0,1,20.211342,0,0,0,0
114.6102,,0.443941,0.443941,0.444883,0.012051,0.000000,0.000000,0.000000,0,1,0,1,20.081148,0,0,0,0
114.6302,,0.443941,0.443941,0.444883,0.012051,0.000000,0.000000,0.000000,0,1,0,1,20.090252,0,0,0,0
114.6506,,0.443941,0.443941,0.444883,0.012051,0.000000,0.000000,0.000000,0,1,0,1,20.086205,0,0,0,0
114.6703,,0.443941,0.443941,0.444883,0.012051,0.000000,0.000000,0.000000,0,1,0,1,20.093723,0,0,0,0
114.6902,,0.443941,0.443941,0.444883,0.012051,0.000000,0.000000,0.000000,0,1,0,1,20.066155,0,0,0,0
114.7103,,0.443941,0.443941,0.444883,0.012051,0.000000,0.000000,0.000000,0,1,0,1,20.068346,0,0,0,0
114.7304,,0.443941,0.443941,0.444883,0.012051,0.000000,0.000000,0.000000,0,1,0,1,20.108734,0,0,0,0
114.7505,,0.443941,0.443941,0.444883,0.012051,0.000000,0.000000,0.000000,0,1,0,1,20.353730,0,0,0,0
114.7716,,0.443941,0.443941,0.444883,0.012051,0.000000,0.000000,0.000000,0,1,0,1,20.166335,0,0,0,0
114.7915,,0.443941,0.443941,0.444883,0.012051,0.000000,0.000000,0.000000,0,1,0,1,20.191596,0,0,0,0
114.8115,,0.443941,0.443941,0.444883,0.012051,0.000000,0.000000,0.000000,0,1,0,1,20.163636,0,0,0,0
114.8314,,0.443941,0.443941,0.444883,0.012051,0.000000,0.000000,0.000000,0,1,0,1,20.156193,0,0,0,0
114.8514,,0.443941,0.443941,0.444883,0.012051,0.000000,0.000000,0.000000,0,1,0,1,20.108724,0,0,0,0
114.8714,,0.443941,0.443941,0.444883,0.012051,0.000000,0.000000,0.000000,0,1,0,1,20.271776,0,0,0,0
114.8921,,0.443941,0.443941,0.444883,0.012051,0.000000,0.000000,0.000000,0,1,0,1,20.079945,0,0,0,0
114.9121,,0.443941,0.443941,0.444883,0.012051,0.000000,0.000000,0.000000,0,1,0,1,20.079469,0,0,0,0
114.9325,,0.443941,0.443941,0.444883,0.012051,0.000000,0.000000,0.000000,0,1,0,1,20.081272,0,0,0,0
114.9524,,0.443941,0.443941,0.444883,0.012051,0.000000,0.000000,0.000000,0,1,0,1,20.210619,0,0,0,0
114.9723,,0.443941,0.443941,0.444883,0.012051,0.000000,0.000000,0.000000,0,1,0,1,20.211376,0,0,0,0
114.9932,,0.443941,0.443941,0.444883,0.012051,0.000000,0.000000,0.000000,0,1,0,1,20.292176,0,0,0,0
115.0132,,0.443941,0.443941,0.444883,0.012051,0.000000,0.000000,0.000000,0,1,0,1,20.128487,0,0,0,0
115.0334,,0.443941,0.443941,0.444883,0.012051,0.000000,0.000000,0.000000,0,1,0,1,20.249482,0,0,0,0
115.0535,,0.443941,0.443941,0.444883,0.012051,0.000000,0.000000,0.000000,0,1,0,1,20.197302,0,0,0,0
115.0732,,0.443941,0.443941,0.444883,0.012051,0.000000,0.000000,0.000000,0,1,0,1,20.180738,0,0,0,0
115.0943,,0.443941,0.443941,0.444883,0.012051,0.000000,0.000000,0.000000,0,1,0,1,20.200414,0,0,0,0
115.1142,,0.443941,0.443941,0.444883,0.012051,0.000000,0.000000,0.000000,0,1,0,1,20.200063,0,0,0,0
115.1342,,0.443941,0.443941,0.444883,0.012051,0.000000,0.000000,0.000000,0,1,0,1,20.191519,0,0,0,0
115.1543,,0.443941,0.443941,0.444883,0.012051,0.000000,0.000000,0.000000,0,1,0,1,20.221071,0,0,0,0
115.1742,,0.443941,0.443941,0.444883,0.012051,0.000000,0.000000,0.000000,0,1,0,1,20.203025,0,0,0,0
115.1942,,0.443941,0.443941,0.444883,0.012051,0.000000,0.000000,0.000000,0,1,0,1,20.189103,0,0,0,0
115.2154,,0.443941,0.443941,0.444883,0.012051,0.000000,0.000000,0.000000,0,1,0,1,20.208347,0,0,0,0
115.2352,,0.443941,0.443941,0.444883,0.012051,0.000000,0.000000,0.000000,0,1,0,1,20.098902,0,0,0,0
115.2552,,0.443941,0.443941,0.444883,0.012051,0.000000,0.000000,0.000000,0,1,0,1,20.099086,0,0,0,0
115.2754,,0.443941,0.443941,0.444883,0.012051,0.000000,0.000000,0.000000,0,1,0,1,20.113216,0,0,0,0
115.2952,,0.443941,0.443941,0.444883,0.012051,0.000000,0.000000,0.000000,0,1,0,1,20.198748,0,0,0,0
115.3153,,0.443941,0.443941,0.444883,0.012051,0.000000,0.000000,0.000000,0,1,0,1,20.183046,0,0,0,0
115.3352,,0.443941,0.443941,0.444883,0.012051,0.000000,0.000000,0.000000,0,1,0,1,20.133082,0,0,0,0
115.3552,,0.443941,0.443941,0.444883,0.012051,0.000000,0.000000,0.000000,0,1,0,1,20.067094,0,0,0,0
115.3762,,0.443941,0.443941,0.444883,0.012051,0.000000,0.000000,0.000000,0,1,0,1,20.079517,0,0,0,0
115.3962,,0.443941,0.443941,0.444883,0.012051,0.000000,0.000000,0.000000,0,1,0,1,20.074024,0,0,0,0
115.4162,,0.443941,0.443941,0.444883,0.012051,0.000000,0.000000,0.000000,0,1,0,1,20.079248,0,0,0,0
115.4362,,0.443941,0.443941,0.444883,0.012051,0.000000,0.000000,0.000000,0,1,0,1,20.115214,0,0,0,0
115.4562,,0.443941,0.443941,0.444883,0.012051,0.000000,0.000000,0.000000,0,1,0,1,20.086967,0,0,0,0
115.4763,,0.443941,0.443941,0.444883,0.012051,0.000000,0.000000,0.000000,0,1,0,1,20.099253,0,0,0,0
115.4962,,0.443941,0.443941,0.444883,0.012051,0.000000,0.000000,0.000000,0,1,0,1,20.085661,0,0,0,0
115.5162,,0.443941,0.443941,0.444883,0.012051,0.000000,0.000000,0.000000,0,1,0,1,20.074624,0,0,0,0
115.5374,,0.443941,0.443941,0.444883,0.012051,0.000000,0.000000,0.000000,0,1,0,1,20.382021,0,0,0,0
115.5573,,0.443941,0.443941,0.444883,0.012051,0.000000,0.000000,0.000000,0,1,0,1,20.069622,0,0,0,0
115.5776,,0.443941,0.443941,0.444883,0.012051,0.000000,0.000000,0.000000,0,1,0,1,20.098456,0,0,0,0
115.5976,,0.443941,0.443941,0.444883,0.012051,0.000000,0.000000,0.000000,0,1,0,1,20.069519,0,0,0,0
115.6172,,0.443941,0.443941,0.444883,0.012051,0.000000,0.000000,0.000000,0,1,0,1,20.066152,0,0,0,0
115.6375,,0.443941,0.443941,0.444883,0.012051,0.000000,0.000000,0.000000,0,1,0,1,20.060567,0,0,0,0
115.6574,,0.443941,0.443941,0.444883,0.012051,0.000000,0.000000,0.000000,0,1,0,1,20.094043,0,0,0,0
115.6772,,0.443941,0.443941,0.444883,0.012051,0.000000,0.000000,0.000000,0,1,0,1,20.109029,0,0,0,0
115.6976,,0.443941,0.443941,0.444883,0.012051,0.000000,0.000000,0.000000,0,1,0,1,20.116141,0,0,0,0
115.7185,,0.443941,0.443941,0.444883,0.012051,0.000000,0.000000,0.000000,0,1,0,1,20.259939,0,0,0,0
115.7382,,0.443941,0.443941,0.444883,0.012051,0.000000,0.000000,0.000000,0,1,0,1,20.209266,0,0,0,0
115.7582,,0.443941,0.443941,0.444883,0.012051,0.000000,0.000000,0.000000,0,1,0,1,20.195714,0,0,0,0
115.7781,,0.443941,0.443941,0.444883,0.012051,0.000000,0.000000,0.000000,0,1,0,1,20.170975,0,0,0,0
115.7983,,0.443941,0.443941,0.444883,0.012051,0.000000,0.000000,0.000000,0,1,0,1,20.340595,0,0,0,0
115.8183,,0.443941,0.443941,0.444883,0.012051,0.000000,0.000000,0.000000,0,1,0,1,20.069638,0,0,0,0
115.8392,,0.443941,0.443941,0.444883,0.012051,0.000000,0.000000,0.000000,0,1,0,1,20.126113,0,0,0,0
115.8592,,0.443941,0.443941,0.444883,0.012051,0.000000,0.000000,0.000000,0,1,0,1,20.284459,0,0,0,0
115.8793,,0.443941,0.443941,0.444883,0.012051,0.000000,0.000000,0.000000,0,1,0,1,20.186048,0,0,0,0
115.8996,,0.443941,0.443941,0.444883,0.012051,0.000000,0.000000,0.000000,0,1,0,1,20.197164,0,0,0,0
115.9192,,0.443941,0.443941,0.444883,0.012051,0.000000,0.000000,0.000000,0,1,0,1,20.075757,0,0,0,0
115.9408,,0.443941,0.443941,0.444883,0.012051,0.000000,0.000000,0.000000,0,1,0,1,20.234311,0,0,0,0
115.9604,,0.443941,0.443941,0.444883,0.012051,0.000000,0.000000,0.000000,0,1,0,1,20.225096,0,0,0,0
115.9802,,0.443941,0.443941,0.444883,0.012051,0.000000,0.000000,0.000000,0,1,0,1,20.071226,0,0,0,0
116.0002,,0.443941,0.443941,0.444883,0.012051,0.000000,0.000000,0.000000,0,1,0,1,20.266657,0,0,0,0
116.0203,,0.443941,0.443941,0.444883,0.012051,0.000000,0.000000,0.000000,0,1,0,1,20.102831,0,0,0,0
116.0402,,0.443941,0.443941,0.444883,0.012051,0.000000,0.000000,0.000000,0,1,0,1,20.089476,0,0,0,0
116.0612,,0.443941,0.443941,0.444883,0.012051,0.000000,0.000000,0.000000,0,1,0,1,20.210678,0,0,0,0
116.0812,,0.443941,0.443941,0.444883,0.012051,0.000000,0.000000,0.000000,0,1,0,1,20.216037,0,0,0,0
116.1013,,0.443941,0.443941,0.444883,0.012051,0.000000,0.000000,0.000000,0,1,0,1,20.197307,0,0,0,0
116.1213,,0.443941,0.443941,0.444883,0.012051,0.000000,0.000000,0.000000,0,1,0,1,20.208500,0,0,0,0
116.1412,,0.443941,0.443941,0.444883,0.012051,0.000000,0.000000,0.000000,0,1,0,1,20.210568,0,0,0,0
116.1623,,0.443941,0.443941,0.444883,0.012051,0.000000,0.000000,0.000000,0,1,0,1,20.220989,0,0,0,0
116.1821,,0.443941,0.443941,0.444883,0.012051,0.000000,0.000000,0.000000,0,1,0,1,20.086090,0,0,0,0
116.2023,,0.443941,0.443941,0.444883,0.012051,0.000000,0.000000,0.000000,0,1,0,1,20.090188,0,0,0,0
116.2226,,0.443941,0.443941,0.444883,0.012051,0.000000,0.000000,0.000000,0,1,0,1,20.168588,0,0,0,0
116.2423,,0.443941,0.443941,0.444883,0.012051,0.000000,0.000000,0.000000,0,1,0,1,20.104207,0,0,0,0
116.2625,,0.443941,0.443941,0.444883,0.012051,0.000000,0.000000,0.000000,0,1,0,1,20.200257,0,0,0,0
116.2822,,0.443941,0.443941,0.444883,0.012051,0.000000,0.000000,0.000000,0,1,0,1,20.096703,0,0,0,0
116.3033,,0.443941,0.443941,0.444883,0.012051,0.000000,0.000000,0.000000,0,1,0,1,20.181160,0,0,0,0
116.3233,,0.443941,0.443941,0.444883,0.012051,0.000000,0.000000,0.000000,0,1,0,1,20.185312,0,0,0,0
116.3433,,0.443941,0.443941,0.444883,0.012051,0.000000,0.000000,0.000000,0,1,0,1,20.202232,0,0,0,0
116.3633,,0.443941,0.443941,0.444883,0.012051,0.000000,0.000000,0.000000,0,1,0,1,20.220743,0,0,0,0
116.3832,,0.443941,0.443941,0.444883,0.012051,0.000000,0.000000,0.000000,0,1,0,1,20.085851,0,0,0,0
116.4032,,0.443941,0.443941,0.444883,0.012051,0.000000,0.000000,0.000000,0,1,0,1,20.073769,0,0,0,0
116.4242,,0.443941,0.443941,0.444883,0.012051,0.000000,0.000000,0.000000,0,1,0,1,20.332499,0,0,0,0
116.4443,,0.443941,0.443941,0.444883,0.012051,0.000000,0.000000,0.000000,0,1,0,1,20.083322,0,0,0,0
116.4642,,0.443941,0.443941,0.444883,0.012051,0.000000,0.000000,0.000000,0,1,0,1,20.098564,0,0,0,0
116.4843,,0.443941,0.443941,0.444883,0.012051,0.000000,0.000000,0.000000,0,1,0,1,20.096183,0,0,0,0
116.5043,,0.443941,0.443941,0.444883,0.012051,0.000000,0.000000,0.000000,0,1,0,1,20.187455,0,0,0,0
116.5243,,0.443941,0.443941,0.444883,0.012051,0.000000,0.000000,0.000000,0,1,0,1,20.178141,0,0,0,0
116.5443,,0.443941,0.443941,0.444883,0.012051,0.000000,0.000000,0.000000,0,1,0,1,20.067441,0,0,0,0
116.5643,,0.443941,0.443941,0.444883,0.012051,0.000000,0.000000,0.000000,0,1,0,1,20.067591,0,0,0,0
116.5843,,0.443941,0.443941,0.444883,0.012051,0.000000,0.000000,0.000000,0,1,0,1,20.066130,0,0,0,0
116.6055,,0.443941,0.443941,0.444883,0.012051,0.000000,0.000000,0.000000,0,1,0,1,20.077481,0,0,0,0
116.6253,,0.443941,0.443941,0.444883,0.012051,0.000000,0.000000,0.000000,0,1,0,1,20.097658,0,0,0,0
116.6456,,0.443941,0.443941,0.444883,0.012051,0.000000,0.000000,0.000000,0,1,0,1,20.100831,0,0,0,0
116.6653,,0.443941,0.443941,0.444883,0.012051,0.000000,0.000000,0.000000,0,1,0,1,20.112448,0,0,0,0
116.6852,,0.443941,0.443941,0.444883,0.012051,0.000000,0.000000,0.000000,0,1,0,1,20.149430,0,0,0,0
116.7053,,0.443941,0.443941,0.444883,0.012051,0.000000,0.000000,0.000000,0,1,0,1,20.190262,0,0,0,0
116.7262,,0.443941,0.443941,0.444883,0.012051,0.000000,0.000000,0.000000,0,1,0,1,20.358351,0,0,0,0
116.7463,,0.443941,0.443941,0.444883,0.012051,0.000000,0.000000,0.000000,0,1,0,1,20.120129,0,0,0,0
116.7661,,0.443941,0.443941,0.444883,0.012051,0.000000,0.000000,0.000000,0,1,0,1,20.092334,0,0,0,0
116.7861,,0.443941,0.443941,0.444883,0.012051,0.000000,0.000000,0.000000,0,1,0,1,20.232344,0,0,0,0
116.8062,,0.443941,0.443941,0.444883,0.012051,0.000000,0.000000,0.000000,0,1,0,1,20.220849,0,0,0,0
116.8261,,0.443941,0.443941,0.444883,0.012051,0.000000,0.000000,0.000000,0,1,0,1,20.148770,0,0,0,0
116.8473,,0.443941,0.443941,0.444883,0.012051,0.000000,0.000000,0.000000,0,1,0,1,20.144270,0,0,0,0
116.8671,,0.443941,0.443941,0.444883,0.012051,0.000000,0.000000,0.000000,0,1,0,1,20.217466,0,0,0,0
116.8871,,0.443941,0.443941,0.444883,0.012051,0.000000,0.000000,0.000000,0,1,0,1,20.194065,0,0,0,0
116.9073,,0.443941,0.443941,0.444883,0.012051,0.000000,0.000000,0.000000,0,1,0,1,20.215840,0,0,0,0
116.9273,,0.443941,0.443941,0.444883,0.012051,0.000000,0.000000,0.000000,0,1,0,1,20.181045,0,0,0,0
116.9472,,0.443941,0.443941,0.444883,0.012051,0.000000,0.000000,0.000000,0,1,0,1,20.098428,0,0,0,0
116.9686,,0.443941,0.443941,0.444883,0.012051,0.000000,0.000000,0.000000,0,1,0,1,20.078703,0,0,0,0
116.9883,,0.443941,0.443941,0.444883,0.012051,0.000000,0.000000,0.000000,0,1,0,1,20.077835,0,0,0,0
117.0082,,0.443941,0.443941,0.444883,0.012051,0.000000,0.000000,0.000000,0,1,0,1,20.100118,0,0,0,0
117.0282,,0.443941,0.443941,0.444883,0.012051,0.000000,0.000000,0.000000,0,1,0,1,20.119781,0,0,0,0
117.0483,,0.443941,0.443941,0.444883,0.012051,0.000000,0.000000,0.000000,0,1,0,1,20.198690,0,0,0,0
117.0683,,0.443941,0.443941,0.444883,0.012051,0.000000,0.000000,0.000000,0,1,0,1,20.218921,0,0,0,0
117.0892,,0.443941,0.443941,0.444883,0.012051,0.000000,0.000000,0.000000,0,1,0,1,20.423927,0,0,0,0
117.1093,,0.443941,0.443941,0.444883,0.012051,0.000000,0.000000,0.000000,0,1,0,1,20.076677,0,0,0,0
117.1293,,0.443941,0.443941,0.444883,0.012051,0.000000,0.000000,0.000000,0,1,0,1,20.105997,0,0,0,0
117.1492,,0.443941,0.443941,0.444883,0.012051,0.000000,0.000000,0.000000,0,1,0,1,20.166382,0,0,0,0
117.1692,,0.443941,0.443941,0.444883,0.012051,0.000000,0.000000,0.000000,0,1,0,1,20.107006,0,0,0,0
117.1892,,0.443941,0.443941,0.444883,0.012051,0.000000,0.000000,0.000000,0,1,0,1,20.102162,0,0,0,0
117.2093,,0.443941,0.443941,0.444883,0.012051,0.000000,0.000000,0.000000,0,1,0,1,20.107527,0,0,0,0
117.2294,,0.443941,0.443941,0.444883,0.012051,0.000000,0.000000,0.000000,0,1,0,1,20.091089,0,0,0,0
117.2495,,0.443941,0.443941,0.444883,0.012051,0.000000,0.000000,0.000000,0,1,0,1,20.074782,0,0,0,0
117.2708,,0.443941,0.443941,0.444883,0.012051,0.000000,0.000000,0.000000,0,1,0,1,20.072241,0,0,0,0
117.2903,,0.443941,0.443941,0.444883,0.012051,0.000000,0.000000,0.000000,0,1,0,1,20.117690,0,0,0,0
117.3109,,0.443941,0.443941,0.444883,0.012051,0.000000,0.000000,0.000000,0,1,0,1,20.223622,0,0,0,0
117.3303,,0.443941,0.443941,0.444883,0.012051,0.000000,0.000000,0.000000,0,1,0,1,20.152628,0,0,0,0
117.3504,,0.443941,0.443941,0.444883,0.012051,0.000000,0.000000,0.000000,0,1,0,1,20.250237,0,0,0,0
117.3715,,0.443941,0.443941,0.444883,0.012051,0.000000,0.000000,0.000000,0,1,0,1,20.212313,0,0,0,0
117.3914,,0.443941,0.443941,0.444883,0.012051,0.000000,0.000000,0.000000,0,1,0,1,20.206629,0,0,0,0
117.4112,,0.443941,0.443941,0.444883,0.012051,0.000000,0.000000,0.000000,0,1,0,1,20.095248,0,0,0,0
117.4315,,0.443941,0.443941,0.444883,0.012051,0.000000,0.000000,0.000000,0,1,0,1,20.072180,0,0,0,0
117.4512,,0.443941,0.443941,0.444883,0.012051,0.000000,0.000000,0.000000,0,1,0,1,20.113574,0,0,0,0
117.4712,,0.443941,0.443941,0.444883,0.012051,0.000000,0.000000,0.000000,0,1,0,1,20.094694,0,0,0,0
117.4916,,0.443941,0.443941,0.444883,0.012051,0.000000,0.000000,0.000000,0,1,0,1,20.111329,0,0,0,0
117.5114,,0.443941,0.443941,0.444883,0.012051,0.000000,0.000000,0.000000,0,1,0,1,20.172422,0,0,0,0
117.5323,,0.443941,0.443941,0.444883,0.012051,0.000000,0.000000,0.000000,0,1,0,1,20.154568,0,0,0,0
117.5522,,0.443941,0.443941,0.444883,0.012051,0.000000,0.000000,0.000000,0,1,0,1,20.221956,0,0,0,0
117.5723,,0.443941,0.443941,0.444883,0.012051,0.000000,0.000000,0.000000,0,1,0,1,20.231750,0,0,0,0
117.5924,,0.443941,0.443941,0.444883,0.012051,0.000000,0.000000,0.000000,0,1,0,1,20.176566,0,0,0,0
117.6125,,0.443941,0.443941,0.444883,0.012051,0.000000,0.000000,0.000000,0,1,0,1,20.189504,0,0,0,0
117.6322,,0.443941,0.443941,0.444883,0.012051,0.000000,0.000000,0.000000,0,1,0,1,20.116503,0,0,0,0
117.6535,,0.443941,0.443941,0.444883,0.012051,0.000000,0.000000,0.000000,0,1,0,1,20.113540,0,0,0,0
117.6735,,0.443941,0.443941,0.444883,0.012051,0.000000,0.000000,0.000000,0,1,0,1,20.183091,0,0,0,0
117.6932,,0.443941,0.443941,0.444883,0.012051,0.000000,0.000000,0.000000,0,1,0,1,20.140409,0,0,0,0
117.7133,,0.443941,0.443941,0.444883,0.012051,0.000000,0.000000,0.000000,0,1,0,1,20.204153,0,0,0,0
117.7334,,0.443941,0.443941,0.444883,0.012051,0.000000,0.000000,0.000000,0,1,0,1,20.194811,0,0,0,0
117.7535,,0.443941,0.443941,0.444883,0.012051,0.000000,0.000000,0.000000,0,1,0,1,20.183096,0,0,0,0
117.7743,,0.443941,0.443941,0.444883,0.012051,0.000000,0.000000,0.000000,0,1,0,1,20.137223,0,0,0,0
117.7943,,0.443941,0.443941,0.444883,0.012051,0.000000,0.000000,0.000000,0,1,0,1,20.211370,0,0,0,0
117.8145,,0.443941,0.443941,0.444883,0.012051,0.000000,0.000000,0.000000,0,1,0,1,20.213187,0,0,0,0
117.8345,,0.443941,0.443941,0.444883,0.012051,0.000000,0.000000,0.000000,0,1,0,1,20.093986,0,0,0,0
117.8545,,0.443941,0.443941,0.444883,0.012051,0.000000,0.000000,0.000000,0,1,0,1,20.263652,0,0,0,0
117.8757,,0.443941,0.443941,0.444883,0.012051,0.000000,0.000000,0.000000,0,1,0,1,20.220175,0,0,0,0
117.8957,,0.443941,0.443941,0.444883,0.012051,0.000000,0.000000,0.000000,0,1,0,1,20.164623,0,0,0,0
117.9154,,0.443941,0.443941,0.444883,0.012051,0.000000,0.000000,0.000000,0,1,0,1,20.222493,0,0,0,0
117.9354,,0.443941,0.443941,0.444883,0.012051,0.000000,0.000000,0.000000,0,1,0,1,20.176664,0,0,0,0
117.9554,,0.443941,0.443941,0.444883,0.012051,0.000000,0.000000,0.000000,0,1,0,1,20.267515,0,0,0,0
117.9764,,0.443941,0.443941,0.444883,0.012051,0.000000,0.000000,0.000000,0,1,0,1,20.185381,0,0,0,0
117.9964,,0.443941,0.443941,0.444883,0.012051,0.000000,0.000000,0.000000,0,1,0,1,20.197876,0,0,0,0
118.0166,,0.443941,0.443941,0.444883,0.012051,0.000000,0.000000,0.000000,0,1,0,1,20.211793,0,0,0,0
118.0363,,0.443941,0.443941,0.444883,0.012051,0.000000,0.000000,0.000000,0,1,0,1,20.297772,0,0,0,0
118.0564,,0.443941,0.443941,0.444883,0.012051,0.000000,0.000000,0.000000,0,1,0,1,20.098274,0,0,0,0
118.0775,,0.443941,0.443941,0.444883,0.012051,0.000000,0.000000,0.000000,0,1,0,1,20.090112,0,0,0,0
118.0975,,0.443941,0.443941,0.444883,0.012051,0.000000,0.000000,0.000000,0,1,0,1,20.113856,0,0,0,0
118.1173,,0.443941,0.443941,0.444883,0.012051,0.000000,0.000000,0.000000,0,1,0,1,20.119097,0,0,0,0
118.1374,,0.443941,0.443941,0.444883,0.012051,0.000000,0.000000,0.000000,0,1,0,1,20.136742,0,0,0,0
118.1575,,0.443941,0.443941,0.444883,0.012051,0.000000,0.000000,0.000000,0,1,0,1,20.121372,0,0,0,0
118.1775,,0.443941,0.443941,0.444883,0.012051,0.000000,0.000000,0.000000,0,1,0,1,20.115905,0,0,0,0
118.1974,,0.443941,0.443941,0.444883,0.012051,0.000000,0.000000,0.000000,0,1,0,1,20.079717,0,0,0,0
118.2174,,0.443941,0.443941,0.444883,0.012051,0.000000,0.000000,0.000000,0,1,0,1,20.093288,0,0,0,0
118.2375,,0.443941,0.443941,0.444883,0.012051,0.000000,0.000000,0.000000,0,1,0,1,20.094266,0,0,0,0
118.2585,,0.443941,0.443941,0.444883,0.012051,0.000000,0.000000,0.000000,0,1,0,1,20.094866,0,0,0,0
118.2783,,0.443941,0.443941,0.444883,0.012051,0.000000,0.000000,0.000000,0,1,0,1,20.321676,0,0,0,0
118.2995,,0.443941,0.443941,0.444883,0.012051,0.000000,0.000000,0.000000,0,1,0,1,20.713660,0,0,0,0
118.3194,,0.443941,0.443941,0.444883,0.012051,0.000000,0.000000,0.000000,0,1,0,1,20.212128,0,0,0,0
118.3396,,0.443941,0.443941,0.444883,0.012051,0.000000,0.000000,0.000000,0,1,0,1,20.219330,0,0,0,0
118.3596,,0.443941,0.443941,0.444883,0.012051,0.000000,0.000000,0.000000,0,1,0,1,20.202246,0,0,0,0
118.3795,,0.443941,0.443941,0.444883,0.012051,0.000000,0.000000,0.000000,0,1,0,1,20.040219,0,0,0,0
118.3995,,0.443941,0.443941,0.444883,0.012051,0.000000,0.000000,0.000000,0,1,0,1,20.072316,0,0,0,0
118.4195,,0.443941,0.443941,0.444883,0.012051,0.000000,0.000000,0.000000,0,1,0,1,20.068845,0,0,0,0
118.4395,,0.443941,0.443941,0.444883,0.012051,0.000000,0.000000,0.000000,0,1,0,1,20.078344,0,0,0,0
118.4594,,0.443941,0.443941,0.444883,0.012051,0.000000,0.000000,0.000000,0,1,0,1,20.071831,0,0,0,0
118.4803,,0.443941,0.443941,0.444883,0.012051,0.000000,0.000000,0.000000,0,1,0,1,20.078368,0,0,0,0
118.5004,,0.443941,0.443941,0.444883,0.012051,0.000000,0.000000,0.000000,0,1,0,1,20.071113,0,0,0,0
118.5205,,0.443941,0.443941,0.444883,0.012051,0.000000,0.000000,0.000000,0,1,0,1,20.069741,0,0,0,0
118.5404,,0.443941,0.443941,0.444883,0.012051,0.000000,0.000000,0.000000,0,1,0,1,20.121381,0,0,0,0
118.5605,,0.443941,0.443941,0.444883,0.012051,0.000000,0.000000,0.000000,0,1,0,1,20.077367,0,0,0,0
118.5808,,0.443941,0.443941,0.444883,0.012051,0.000000,0.000000,0.000000,0,1,0,1,20.074723,0,0,0,0
118.6008,,0.443941,0.443941,0.444883,0.012051,0.000000,0.000000,0.000000,0,1,0,1,20.083704,0,0,0,0
118.6207,,0.443941,0.443941,0.444883,0.012051,0.000000,0.000000,0.000000,0,1,0,1,20.087686,0,0,0,0
118.6415,,0.443941,0.443941,0.444883,0.012051,0.000000,0.000000,0.000000,0,1,0,1,20.398819,0,0,0,0
118.6615,,0.443941,0.443941,0.444883,0.012051,0.000000,0.000000,0.000000,0,1,0,1,20.094136,0,0,0,0
118.6815,,0.443941,0.443941,0.444883,0.012051,0.000000,0.000000,0.000000,0,1,0,1,20.114024,0,0,0,0
118.7016,,0.443941,0.443941,0.444883,0.012051,0.000000,0.000000,0.000000,0,1,0,1,20.075835,0,0,0,0
118.7216,,0.443941,0.443941,0.444883,0.012051,0.000000,0.000000,0.000000,0,1,0,1,20.215482,0,0,0,0
118.7416,,0.443941,0.443941,0.444883,0.012051,0.000000,0.000000,0.000000,0,1,0,1,20.292574,0,0,0,0
118.7615,,0.443941,0.443941,0.444883,0.012051,0.000000,0.000000,0.000000,0,1,0,1,20.155402,0,0,0,0
118.7826,,0.443941,0.443941,0.444883,0.012051,0.000000,0.000000,0.000000,0,1,0,1,20.073478,0,0,0,0
118.8026,,0.443941,0.443941,0.444883,0.012051,0.000000,0.000000,0.000000,0,1,0,1,20.103750,0,0,0,0
118.8225,,0.443941,0.443941,0.444883,0.012051,0.000000,0.000000,0.000000,0,1,0,1,20.108942,0,0,0,0
118.8425,,0.443941,0.443941,0.444883,0.012051,0.000000,0.000000,0.000000,0,1,0,1,20.202409,0,0,0,0
118.8625,,0.443941,0.443941,0.444883,0.012051,0.000000,0.000000,0.000000,0,1,0,1,20.078146,0,0,0,0
118.8826,,0.443941,0.443941,0.444883,0.012051,0.000000,0.000000,0.000000,0,1,0,1,20.076477,0,0,0,0
118.9024,,0.443941,0.443941,0.444883,0.012051,0.000000,0.000000,0.000000,0,1,0,1,20.186240,0,0,0,0
118.9225,,0.443941,0.443941,0.444883,0.012051,0.000000,0.000000,0.000000,0,1,0,1,20.062594,0,0,0,0
118.9434,,0.443941,0.443941,0.444883,0.012051,0.000000,0.000000,0.000000,0,1,0,1,20.135184,0,0,0,0
118.9636,,0.443941,0.443941,0.444883,0.012051,0.000000,0.000000,0.000000,0,1,0,1,20.177701,0,0,0,0
118.9835,,0.443941,0.443941,0.444883,0.012051,0.000000,0.000000,0.000000,0,1,0,1,20.198081,0,0,0,0
119.0035,,0.443941,0.443941,0.444883,0.012051,0.000000,0.000000,0.000000,0,1,0,1,20.159437,0,0,0,0
119.0235,,0.443941,0.443941,0.444883,0.012051,0.000000,0.000000,0.000000,0,1,0,1,20.191528,0,0,0,0
119.0446,,0.443941,0.443941,0.444883,0.012051,0.000000,0.000000,0.000000,0,1,0,1,20.307894,0,0,0,0
119.0645,,0.443941,0.443941,0.444883,0.012051,0.000000,0.000000,0.000000,0,1,0,1,20.222184,0,0,0,0
119.0845,,0.443941,0.443941,0.444883,0.012051,0.000000,0.000000,0.000000,0,1,0,1,20.367863,0,0,0,0
119.1045,,0.443941,0.443941,0.444883,0.012051,0.000000,0.000000,0.000000,0,1,0,1,20.029854,0,0,0,0
119.1245,,0.443941,0.443941,0.444883,0.012051,0.000000,0.000000,0.000000,0,1,0,1,20.059847,0,0,0,0
119.1445,,0.443941,0.443941,0.444883,0.012051,0.000000,0.000000,0.000000,0,1,0,1,20.062567,0,0,0,0
119.1644,,0.443941,0.443941,0.444883,0.012051,0.000000,0.000000,0.000000,0,1,0,1,20.063079,0,0,0,0
119.1844,,0.443941,0.443941,0.444883,0.012051,0.000000,0.000000,0.000000,0,1,0,1,20.063287,0,0,0,0
119.2045,,0.443941,0.443941,0.444883,0.012051,0.000000,0.000000,0.000000,0,1,0,1,20.084705,0,0,0,0
119.2257,,0.443941,0.443941,0.444883,0.012051,0.000000,0.000000,0.000000,0,1,0,1,20.069858,0,0,0,0
119.2457,,0.443941,0.443941,0.444883,0.012051,0.000000,0.000000,0.000000,0,1,0,1,20.107707,0,0,0,0
119.2656,,0.443941,0.443941,0.444883,0.012051,0.000000,0.000000,0.000000,0,1,0,1,20.120023,0,0,0,0
119.2855,,0.443941,0.443941,0.444883,0.012051,0.000000,0.000000,0.000000,0,1,0,1,20.197866,0,0,0,0
119.3055,,0.443941,0.443941,0.444883,0.012051,0.000000,0.000000,0.000000,0,1,0,1,20.071689,0,0,0,0
119.3256,,0.443941,0.443941,0.444883,0.012051,0.000000,0.000000,0.000000,0,1,0,1,20.065426,0,0,0,0
119.3456,,0.443941,0.443941,0.444883,0.012051,0.000000,0.000000,0.000000,0,1,0,1,20.291605,0,0,0,0
119.3664,,0.443941,0.443941,0.444883,0.012051,0.000000,0.000000,0.000000,0,1,0,1,20.234389,0,0,0,0
119.3865,,0.443941,0.443941,0.444883,0.012051,0.000000,0.000000,0.000000,0,1,0,1,20.243291,0,0,0,0
119.4064,,0.443941,0.443941,0.444883,0.012051,0.000000,0.000000,0.000000,0,1,0,1,20.117459,0,0,0,0
119.4265,,0.443941,0.443941,0.444883,0.012051,0.000000,0.000000,0.000000,0,1,0,1,20.184466,0,0,0,0
119.4464,,0.443941,0.443941,0.444883,0.012051,0.000000,0.000000,0.000000,0,1,0,1,20.245187,0,0,0,0
119.4674,,0.443941,0.443941,0.444883,0.012051,0.000000,0.000000,0.000000,0,1,0,1,20.211031,0,0,0,0
119.4874,,0.443941,0.443941,0.444883,0.012051,0.000000,0.000000,0.000000,0,1,0,1,20.191793,0,0,0,0
119.5076,,0.443941,0.443941,0.444883,0.012051,0.000000,0.000000,0.000000,0,1,0,1,20.269477,0,0,0,0
119.5285,,0.443941,0.443941,0.444883,0.012051,0.000000,0.000000,0.000000,0,1,0,1,20.221923,0,0,0,0
119.5476,,0.443941,0.443941,0.444883,0.012051,0.000000,0.000000,0.000000,0,1,0,1,20.165355,0,0,0,0
119.5685,,0.443941,0.443941,0.444883,0.012051,0.000000,0.000000,0.000000,0,1,0,1,20.218403,0,0,0,0
119.5886,,0.443941,0.443941,0.444883,0.012051,0.000000,0.000000,0.000000,0,1,0,1,20.175456,0,0,0,0
119.6086,,0.443941,0.443941,0.444883,0.012051,0.000000,0.000000,0.000000,0,1,0,1,20.079687,0,0,0,0
119.6285,,0.443941,0.443941,0.444883,0.012051,0.000000,0.000000,0.000000,0,1,0,1,20.241492,0,0,0,0
119.6485,,0.443941,0.443941,0.444883,0.012051,0.000000,0.000000,0.000000,0,1,0,1,20.031282,0,0,0,0
119.6684,,0.443941,0.443941,0.444883,0.012051,0.000000,0.000000,0.000000,0,1,0,1,20.097790,0,0,0,0
119.6884,,0.443941,0.443941,0.444883,0.012051,0.000000,0.000000,0.000000,0,1,0,1,20.062768,0,0,0,0
119.7084,,0.443941,0.443941,0.444883,0.012051,0.000000,0.000000,0.000000,0,1,0,1,20.104024,0,0,0,0
119.7294,,0.443941,0.443941,0.444883,0.012051,0.000000,0.000000,0.000000,0,1,0,1,20.093876,0,0,0,0
119.7494,,0.443941,0.443941,0.444883,0.012051,0.000000,0.000000,0.000000,0,1,0,1,20.066980,0,0,0,0
119.7694,,0.443941,0.443941,0.444883,0.012051,0.000000,0.000000,0.000000,0,1,0,1,20.148803,0,0,0,0
119.7894,,0.443941,0.443941,0.444883,0.012051,0.000000,0.000000,0.000000,0,1,0,1,20.106456,0,0,0,0
119.8095,,0.443941,0.443941,0.444883,0.012051,0.000000,0.000000,0.000000,0,1,0,1,20.118858,0,0,0,0
119.8295,,0.443941,0.443941,0.444883,0.012051,0.000000,0.000000,0.000000,0,1,0,1,20.207008,0,0,0,0
119.8495,,0.443941,0.443941,0.444883,0.012051,0.000000,0.000000,0.000000,0,1,0,1,20.218781,0,0,0,0
119.8704,,0.443941,0.443941,0.444883,0.012051,0.000000,0.000000,0.000000,0,1,0,1,20.208489,0,0,0,0
119.8904,,0.443941,0.443941,0.444883,0.012051,0.000000,0.000000,0.000000,0,1,0,1,20.110630,0,0,0,0
119.9107,,0.443941,0.443941,0.444883,0.012051,0.000000,0.000000,0.000000,0,1,0,1,20.236594,0,0,0,0
119.9306,,0.443941,0.443941,0.444883,0.012051,0.000000,0.000000,0.000000,0,1,0,1,20.217574,0,0,0,0
119.9505,,0.443941,0.443941,0.444883,0.012051,0.000000,0.000000,0.000000,0,1,0,1,20.093943,0,0,0,0
119.9705,,0.443941,0.443941,0.444883,0.012051,0.000000,0.000000,0.000000,0,1,0,1,20.128476,0,0,0,0
119.9917,,0.443941,0.443941,0.444883,0.012051,0.000000,0.000000,0.000000,0,1,0,1,20.135516,0,0,0,0
120.0114,,0.443941,0.443941,0.444883,0.012051,0.000000,0.000000,0.000000,0,1,0,1,20.099150,0,0,0,0
120.0314,,0.443941,0.443941,0.444883,0.012051,0.000000,0.000000,0.000000,0,1,0,1,20.162584,0,0,0,0
120.0514,,0.443941,0.443941,0.444883,0.012051,0.000000,0.000000,0.000000,0,1,0,1,20.073809,0,0,0,0
120.0716,,0.443941,0.443941,0.444883,0.012051,0.000000,0.000000,0.000000,0,1,0,1,20.068112,0,0,0,0
120.0915,,0.443941,0.443941,0.444883,0.012051,0.000000,0.000000,0.000000,0,1,0,1,20.102434,0,0,0,0
120.1116,,0.443941,0.443941,0.444883,0.012051,0.000000,0.000000,0.000000,0,1,0,1,20.247812,0,0,0,0
120.1316,,0.443941,0.443941,0.444883,0.012051,0.000000,0.000000,0.000000,0,1,0,1,20.075970,0,0,0,0
120.1526,,0.443941,0.443941,0.444883,0.012051,0.000000,0.000000,0.000000,0,1,0,1,20.171727,0,0,0,0
120.1726,,0.443941,0.443941,0.444883,0.012051,0.000000,0.000000,0.000000,0,1,0,1,20.213705,0,0,0,0
120.1924,,0.443941,0.443941,0.444883,0.012051,0.000000,0.000000,0.000000,0,1,0,1,20.222609,0,0,0,0
120.2125,,0.443941,0.443941,0.444883,0.012051,0.000000,0.000000,0.000000,0,1,0,1,20.082934,0,0,0,0
120.2324,,0.443941,0.443941,0.444883,0.012051,0.000000,0.000000,0.000000,0,1,0,1,20.199669,0,0,0,0
120.2525,,0.443941,0.443941,0.444883,0.012051,0.000000,0.000000,0.000000,0,1,0,1,20.074778,0,0,0,0
120.2726,,0.443941,0.443941,0.444883,0.012051,0.000000,0.000000,0.000000,0,1,0,1,20.068568,0,0,0,0
120.2935,,0.443941,0.443941,0.444883,0.012051,0.000000,0.000000,0.000000,0,1,0,1,20.068835,0,0,0,0
120.3135,,0.443941,0.443941,0.444883,0.012051,0.000000,0.000000,0.000000,0,1,0,1,20.081781,0,0,0,0
120.3335,,0.443941,0.443941,0.444883,0.012051,0.000000,0.000000,0.000000,0,1,0,1,20.271407,0,0,0,0
120.3535,,0.443941,0.443941,0.444883,0.012051,0.000000,0.000000,0.000000,0,1,0,1,20.229860,0,0,0,0
120.3735,,0.443941,0.443941,0.444883,0.012051,0.000000,0.000000,0.000000,0,1,0,1,20.280354,0,0,0,0
120.3947,,0.443941,0.443941,0.444883,0.012051,0.000000,0.000000,0.000000,0,1,0,1,20.211390,0,0,0,0
120.4146,,0.443941,0.443941,0.444883,0.012051,0.000000,0.000000,0.000000,0,1,0,1,20.110974,0,0,0,0
120.4346,,0.443941,0.443941,0.444883,0.012051,0.000000,0.000000,0.000000,0,1,0,1,20.109234,0,0,0,0
120.4545,,0.443941,0.443941,0.444883,0.012051,0.000000,0.000000,0.000000,0,1,0,1,20.219044,0,0,0,0
120.4746,,0.443941,0.443941,0.444883,0.012051,0.000000,0.000000,0.000000,0,1,0,1,20.211029,0,0,0,0
120.4945,,0.443941,0.443941,0.444883,0.012051,0.000000,0.000000,0.000000,0,1,0,1,20.203638,0,0,0,0
120.5155,,0.443941,0.443941,0.444883,0.012051,0.000000,0.000000,0.000000,0,1,0,1,20.080415,0,0,0,0
120.5358,,0.443941,0.443941,0.444883,0.012051,0.000000,0.000000,0.000000,0,1,0,1,20.217905,0,0,0,0
120.5555,,0.443941,0.443941,0.444883,0.012051,0.000000,0.000000,0.000000,0,1,0,1,20.210455,0,0,0,0
120.5756,,0.443941,0.443941,0.444883,0.012051,0.000000,0.000000,0.000000,0,1,0,1,20.088541,0,0,0,0
120.5955,,0.443941,0.443941,0.444883,0.012051,0.000000,0.000000,0.000000,0,1,0,1,20.165990,0,0,0,0
120.6154,,0.443941,0.443941,0.444883,0.012051,0.000000,0.000000,0.000000,0,1,0,1,20.112848,0,0,0,0
120.6355,,0.443941,0.443941,0.444883,0.012051,0.000000,0.000000,0.000000,0,1,0,1,20.091737,0,0,0,0
120.6565,,0.443941,0.443941,0.444883,0.012051,0.000000,0.000000,0.000000,0,1,0,1,20.328612,0,0,0,0
120.6767,,0.443941,0.443941,0.444883,0.012051,0.000000,0.000000,0.000000,0,1,0,1,20.241957,0,0,0,0
120.6965,,0.443941,0.443941,0.444883,0.012051,0.000000,0.000000,0.000000,0,1,0,1,20.078969,0,0,0,0
120.7166,,0.443941,0.443941,0.444883,0.012051,0.000000,0.000000,0.000000,0,1,0,1,20.186467,0,0,0,0
120.7368,,0.443941,0.443941,0.444883,0.012051,0.000000,0.000000,0.000000,0,1,0,1,20.124136,0,0,0,0
120.7577,,0.443941,0.443941,0.444883,0.012051,0.000000,0.000000,0.000000,0,1,0,1,20.201188,0,0,0,0
120.7776,,0.443941,0.443941,0.444883,0.012051,0.000000,0.000000,0.000000,0,1,0,1,20.215920,0,0,0,0
120.7974,,0.443941,0.443941,0.444883,0.012051,0.000000,0.000000,0.000000,0,1,0,1,20.071869,0,0,0,0
120.8174,,0.443941,0.443941,0.444883,0.012051,0.000000,0.000000,0.000000,0,1,0,1,20.100279,0,0,0,0
120.8374,,0.443941,0.443941,0.444883,0.012051,0.000000,0.000000,0.000000,0,1,0,1,20.072636,0,0,0,0
120.8574,,0.443941,0.443941,0.444883,0.012051,0.000000,0.000000,0.000000,0,1,0,1,20.108734,0,0,0,0
120.8775,,0.443941,0.443941,0.444883,0.012051,0.000000,0.000000,0.000000,0,1,0,1,20.084131,0,0,0,0
120.8976,,0.443941,0.443941,0.444883,0.012051,0.000000,0.000000,0.000000,0,1,0,1,20.074337,0,0,0,0
120.9175,,0.443941,0.443941,0.444883,0.012051,0.000000,0.000000,0.000000,0,1,0,1,20.133911,0,0,0,0
120.9385,,0.443941,0.443941,0.444883,0.012051,0.000000,0.000000,0.000000,0,1,0,1,20.113438,0,0,0,0
120.9586,,0.443941,0.443941,0.444883,0.012051,0.000000,0.000000,0.000000,0,1,0,1,20.143475,0,0,0,0
120.9786,,0.443941,0.443941,0.444883,0.012051,0.000000,0.000000,0.000000,0,1,0,1,20.194806,0,0,0,0
120.9985,,0.443941,0.443941,0.444883,0.012051,0.000000,0.000000,0.000000,0,1,0,1,20.198697,0,0,0,0
121.0185,,0.443941,0.443941,0.444883,0.012051,0.000000,0.000000,0.000000,0,1,0,1,20.183966,0,0,0,0
121.0384,,0.443941,0.443941,0.444883,0.012051,0.000000,0.000000,0.000000,0,1,0,1,20.152546,0,0,0,0
121.0595,,0.443941,0.443941,0.444883,0.012051,0.000000,0.000000,0.000000,0,1,0,1,20.202807,0,0,0,0
121.0796,,0.443941,0.443941,0.444883,0.012051,0.000000,0.000000,0.000000,0,1,0,1,20.114213,0,0,0,0
121.0997,,0.443941,0.443941,0.444883,0.012051,0.000000,0.000000,0.000000,0,1,0,1,20.229879,0,0,0,0
121.1195,,0.443941,0.443941,0.444883,0.012051,0.000000,0.000000,0.000000,0,1,0,1,20.226701,0,0,0,0
121.1395,,0.443941,0.443941,0.444883,0.012051,0.000000,0.000000,0.000000,0,1,0,1,20.093959,0,0,0,0
121.1595,,0.443941,0.443941,0.444883,0.012051,0.000000,0.000000,0.000000,0,1,0,1,20.199302,0,0,0,0
121.1805,,0.443941,0.443941,0.444883,0.012051,0.000000,0.000000,0.000000,0,1,0,1,20.074988,0,0,0,0
121.2005,,0.443941,0.443941,0.444883,0.012051,0.000000,0.000000,0.000000,0,1,0,1,20.206195,0,0,0,0
121.2205,,0.443941,0.443941,0.444883,0.012051,0.000000,0.000000,0.000000,0,1,0,1,20.223394,0,0,0,0
121.2406,,0.443941,0.443941,0.444883,0.012051,0.000000,0.000000,0.000000,0,1,0,1,20.214302,0,0,0,0
121.2605,,0.443941,0.443941,0.444883,0.012051,0.000000,0.000000,0.000000,0,1,0,1,20.205641,0,0,0,0
121.2816,,0.443941,0.443941,0.444883,0.012051,0.000000,0.000000,0.000000,0,1,0,1,20.282138,0,0,0,0
121.3015,,0.443941,0.443941,0.444883,0.012051,0.000000,0.000000,0.000000,0,1,0,1,20.116414,0,0,0,0
121.3215,,0.443941,0.443941,0.444883,0.012051,0.000000,0.000000,0.000000,0,1,0,1,20.223259,0,0,0,0
121.3415,,0.443941,0.443941,0.444883,0.012051,0.000000,0.000000,0.000000,0,1,0,1,20.193386,0,0,0,0
121.3614,,0.443941,0.443941,0.444883,0.012051,0.000000,0.000000,0.000000,0,1,0,1,20.101191,0,0,0,0
121.3826,,0.443941,0.443941,0.444883,0.012051,0.000000,0.000000,0.000000,0,1,0,1,20.229083,0,0,0,0
121.4025,,0.443941,0.443941,0.444883,0.012051,0.000000,0.000000,0.000000,0,1,0,1,20.209542,0,0,0,0
121.4225,,0.443941,0.443941,0.444883,0.012051,0.000000,0.000000,0.000000,0,1,0,1,20.206759,0,0,0,0
121.4425,,0.443941,0.443941,0.444883,0.012051,0.000000,0.000000,0.000000,0,1,0,1,20.219337,0,0,0,0
121.4626,,0.443941,0.443941,0.444883,0.012051,0.000000,0.000000,0.000000,0,1,0,1,20.263914,0,0,0,0
121.4835,,0.443941,0.443941,0.444883,0.012051,0.000000,0.000000,0.000000,0,1,0,1,20.080210,0,0,0,0
121.5035,,0.443941,0.443941,0.444883,0.012051,0.000000,0.000000,0.000000,0,1,0,1,20.075509,0,0,0,0
121.5233,,0.443941,0.443941,0.444883,0.012051,0.000000,0.000000,0.000000,0,1,0,1,20.115598,0,0,0,0
121.5435,,0.443941,0.443941,0.444883,0.012051,0.000000,0.000000,0.000000,0,1,0,1,20.200803,0,0,0,0
121.5637,,0.443941,0.443941,0.444883,0.012051,0.000000,0.000000,0.000000,0,1,0,1,20.078328,0,0,0,0
121.5835,,0.443941,0.443941,0.444883,0.012051,0.000000,0.000000,0.000000,0,1,0,1,20.190935,0,0,0,0
121.6035,,0.443941,0.443941,0.444883,0.012051,0.000000,0.000000,0.000000,0,1,0,1,20.066608,0,0,0,0
121.6234,,0.443941,0.443941,0.444883,0.012051,0.000000,0.000000,0.000000,0,1,0,1,20.062285,0,0,0,0
121.6435,,0.443941,0.443941,0.444883,0.012051,0.000000,0.000000,0.000000,0,1,0,1,20.065376,0,0,0,0
121.6635,,0.443941,0.443941,0.444883,0.012051,0.000000,0.000000,0.000000,0,1,0,1,20.065344,0,0,0,0
121.6845,,0.443941,0.443941,0.444883,0.012051,0.000000,0.000000,0.000000,0,1,0,1,20.106492,0,0,0,0
121.7045,,0.443941,0.443941,0.444883,0.012051,0.000000,0.000000,0.000000,0,1,0,1,20.117310,0,0,0,0
121.7245,,0.443941,0.443941,0.444883,0.012051,0.000000,0.000000,0.000000,0,1,0,1,20.199115,0,0,0,0
121.7446,,0.443941,0.443941,0.444883,0.012051,0.000000,0.000000,0.000000,0,1,0,1,20.071857,0,0,0,0
121.7645,,0.443941,0.443941,0.444883,0.012051,0.000000,0.000000,0.000000,0,1,0,1,20.202943,0,0,0,0
121.7846,,0.443941,0.443941,0.444883,0.012051,0.000000,0.000000,0.000000,0,1,0,1,20.198723,0,0,0,0
121.8046,,0.443941,0.443941,0.444883,0.012051,0.000000,0.000000,0.000000,0,1,0,1,20.163500,0,0,0,0
121.8256,,0.443941,0.443941,0.444883,0.012051,0.000000,0.000000,0.000000,0,1,0,1,20.171072,0,0,0,0
121.8457,,0.443941,0.443941,0.444883,0.012051,0.000000,0.000000,0.000000,0,1,0,1,20.186662,0,0,0,0
121.8654,,0.443941,0.443941,0.444883,0.012051,0.000000,0.000000,0.000000,0,1,0,1,20.074576,0,0,0,0
121.8855,,0.443941,0.443941,0.444883,0.012051,0.000000,0.000000,0.000000,0,1,0,1,20.106327,0,0,0,0
121.9056,,0.443941,0.443941,0.444883,0.012051,0.000000,0.000000,0.000000,0,1,0,1,20.185219,0,0,0,0
121.9256,,0.443941,0.443941,0.444883,0.012051,0.000000,0.000000,0.000000,0,1,0,1,20.206699,0,0,0,0
121.9464,,0.443941,0.443941,0.444883,0.012051,0.000000,0.000000,0.000000,0,1,0,1,20.117480,0,0,0,0
121.9666,,0.443941,0.443941,0.444883,0.012051,0.000000,0.000000,0.000000,0,1,0,1,20.118955,0,0,0,0
121.9866,,0.443941,0.443941,0.444883,0.012051,0.000000,0.000000,0.000000,0,1,0,1,20.327528,0,0,0,0
122.0066,,0.443941,0.443941,0.444883,0.012051,0.000000,0.000000,0.000000,0,1,0,1,20.221074,0,0,0,0
122.0277,,0.443941,0.443941,0.444883,0.012051,0.000000,0.000000,0.000000,0,1,0,1,20.338602,0,0,0,0
122.0476,,0.443941,0.443941,0.444883,0.012051,0.000000,0.000000,0.000000,0,1,0,1,20.112019,0,0,0,0
122.0676,,0.443941,0.443941,0.444883,0.012051,0.000000,0.000000,0.000000,0,1,0,1,20.175296,0,0,0,0
122.0876,,0.443941,0.443941,0.444883,0.012051,0.000000,0.000000,0.000000,0,1,0,1,20.166305,0,0,0,0
122.1075,,0.443941,0.443941,0.444883,0.012051,0.000000,0.000000,0.000000,0,1,0,1,20.191307,0,0,0,0
122.1275,,0.443941,0.443941,0.444883,0.012051,0.000000,0.000000,0.000000,0,1,0,1,20.103515,0,0,0,0
122.1476,,0.443941,0.443941,0.444883,0.012051,0.000000,0.000000,0.000000,0,1,0,1,20.075165,0,0,0,0
122.1688,,0.443941,0.443941,0.444883,0.012051,0.000000,0.000000,0.000000,0,1,0,1,20.194026,0,0,0,0
122.1886,,0.443941,0.443941,0.444883,0.012051,0.000000,0.000000,0.000000,0,1,0,1,20.201633,0,0,0,0
122.2085,,0.443941,0.443941,0.444883,0.012051,0.000000,0.000000,0.000000,0,1,0,1,20.070816,0,0,0,0
122.2286,,0.443941,0.443941,0.444883,0.012051,0.000000,0.000000,0.000000,0,1,0,1,20.231102,0,0,0,0
122.2495,,0.443941,0.443941,0.444883,0.012051,0.000000,0.000000,0.000000,0,1,0,1,20.539635,0,0,0,0
122.2696,,0.443941,0.443941,0.444883,0.012051,0.000000,0.000000,0.000000,0,1,0,1,20.118823,0,0,0,0
122.2896,,0.443941,0.443941,0.444883,0.012051,0.000000,0.000000,0.000000,0,1,0,1,20.239581,0,0,0,0
122.3097,,0.443941,0.443941,0.444883,0.012051,0.000000,0.000000,0.000000,0,1,0,1,20.228528,0,0,0,0
122.3301,,0.443941,0.443941,0.444883,0.012051,0.000000,0.000000,0.000000,0,1,0,1,20.083043,0,0,0,0
122.3496,,0.443941,0.443941,0.444883,0.012051,0.000000,0.000000,0.000000,0,1,0,1,20.076270,0,0,0,0
122.3697,,0.443941,0.443941,0.444883,0.012051,0.000000,0.000000,0.000000,0,1,0,1,20.075067,0,0,0,0
122.3896,,0.443941,0.443941,0.444883,0.012051,0.000000,0.000000,0.000000,0,1,0,1,20.067597,0,0,0,0
122.4106,,0.443941,0.443941,0.444883,0.012051,0.000000,0.000000,0.000000,0,1,0,1,20.091190,0,0,0,0
122.4305,,0.443941,0.443941,0.444883,0.012051,0.000000,0.000000,0.000000,0,1,0,1,20.166057,0,0,0,0
122.4506,,0.443941,0.443941,0.444883,0.012051,0.000000,0.000000,0.000000,0,1,0,1,20.162120,0,0,0,0
122.4707,,0.443941,0.443941,0.444883,0.012051,0.000000,0.000000,0.000000,0,1,0,1,20.165874,0,0,0,0
122.4906,,0.443941,0.443941,0.444883,0.012051,0.000000,0.000000,0.000000,0,1,0,1,20.041200,0,0,0,0
122.5108,,0.443941,0.443941,0.444883,0.012051,0.000000,0.000000,0.000000,0,1,0,1,20.127040,0,0,0,0
122.5307,,0.443941,0.443941,0.444883,0.012051,0.000000,0.000000,0.000000,0,1,0,1,20.073421,0,0,0,0
122.5506,,0.443941,0.443941,0.444883,0.012051,0.000000,0.000000,0.000000,0,1,0,1,20.177183,0,0,0,0
122.5716,,0.443941,0.443941,0.444883,0.012051,0.000000,0.000000,0.000000,0,1,0,1,20.193253,0,0,0,0
122.5915,,0.443941,0.443941,0.444883,0.012051,0.000000,0.000000,0.000000,0,1,0,1,20.177718,0,0,0,0
122.6115,,0.443941,0.443941,0.444883,0.012051,0.000000,0.000000,0.000000,0,1,0,1,20.087594,0,0,0,0
122.6314,,0.443941,0.443941,0.444883,0.012051,0.000000,0.000000,0.000000,0,1,0,1,20.101273,0,0,0,0
122.6515,,0.443941,0.443941,0.444883,0.012051,0.000000,0.000000,0.000000,0,1,0,1,20.278719,0,0,0,0
122.6714,,0.443941,0.443941,0.444883,0.012051,0.000000,0.000000,0.000000,0,1,0,1,20.083837,0,0,0,0
122.6915,,0.443941,0.443941,0.444883,0.012051,0.000000,0.000000,0.000000,0,1,0,1,20.078104,0,0,0,0
122.7126,,0.443941,0.443941,0.444883,0.012051,0.000000,0.000000,0.000000,0,1,0,1,20.090180,0,0,0,0
122.7324,,0.443941,0.443941,0.444883,0.012051,0.000000,0.000000,0.000000,0,1,0,1,20.235467,0,0,0,0
122.7526,,0.443941,0.443941,0.444883,0.012051,0.000000,0.000000,0.000000,0,1,0,1,20.202594,0,0,0,0
122.7725,,0.443941,0.443941,0.444883,0.012051,0.000000,0.000000,0.000000,0,1,0,1,20.101706,0,0,0,0
122.7924,,0.443941,0.443941,0.444883,0.012051,0.000000,0.000000,0.000000,0,1,0,1,20.213803,0,0,0,0
122.8125,,0.443941,0.443941,0.444883,0.012051,0.000000,0.000000,0.000000,0,1,0,1,20.076087,0,0,0,0
122.8336,,0.443941,0.443941,0.444883,0.012051,0.000000,0.000000,0.000000,0,1,0,1,20.115006,0,0,0,0
122.8535,,0.443941,0.443941,0.444883,0.012051,0.000000,0.000000,0.000000,0,1,0,1,20.078711,0,0,0,0
122.8736,,0.443941,0.443941,0.444883,0.012051,0.000000,0.000000,0.000000,0,1,0,1,20.092623,0,0,0,0
122.8936,,0.443941,0.443941,0.444883,0.012051,0.000000,0.000000,0.000000,0,1,0,1,20.197882,0,0,0,0
122.9136,,0.443941,0.443941,0.444883,0.012051,0.000000,0.000000,0.000000,0,1,0,1,20.071030,0,0,0,0
122.9336,,0.443941,0.443941,0.444883,0.012051,0.000000,0.000000,0.000000,0,1,0,1,20.162318,0,0,0,0
122.9536,,0.443941,0.443941,0.444883,0.012051,0.000000,0.000000,0.000000,0,1,0,1,20.129008,0,0,0,0
122.9736,,0.443941,0.443941,0.444883,0.012051,0.000000,0.000000,0.000000,0,1,0,1,20.213333,0,0,0,0
122.9946,,0.443941,0.443941,0.444883,0.012051,0.000000,0.000000,0.000000,0,1,0,1,20.114805,0,0,0,0
123.0145,,0.443941,0.443941,0.444883,0.012051,0.000000,0.000000,0.000000,0,1,0,1,20.103660,0,0,0,0
123.0346,,0.443941,0.443941,0.444883,0.012051,0.000000,0.000000,0.000000,0,1,0,1,20.212346,0,0,0,0
123.0546,,0.443941,0.443941,0.444883,0.012051,0.000000,0.000000,0.000000,0,1,0,1,20.222409,0,0,0,0
123.0747,,0.443941,0.443941,0.444883,0.012051,0.000000,0.000000,0.000000,0,1,0,1,20.081194,0,0,0,0
123.0946,,0.443941,0.443941,0.444883,0.012051,0.000000,0.000000,0.000000,0,1,0,1,20.069358,0,0,0,0
123.1146,,0.443941,0.443941,0.444883,0.012051,0.000000,0.000000,0.000000,0,1,0,1,20.174229,0,0,0,0
123.1357,,0.443941,0.443941,0.444883,0.012051,0.000000,0.000000,0.000000,0,1,0,1,20.157664,0,0,0,0
123.1558,,0.443941,0.443941,0.444883,0.012051,0.000000,0.000000,0.000000,0,1,0,1,20.204853,0,0,0,0
123.1756,,0.443941,0.443941,0.444883,0.012051,0.000000,0.000000,0.000000,0,1,0,1,20.193407,0,0,0,0
123.1956,,0.443941,0.443941,0.444883,0.012051,0.000000,0.000000,0.000000,0,1,0,1,20.271529,0,0,0,0
123.2165,,0.443941,0.443941,0.444883,0.012051,0.000000,0.000000,0.000000,0,1,0,1,20.229943,0,0,0,0
123.2365,,0.443941,0.443941,0.444883,0.012051,0.000000,0.000000,0.000000,0,1,0,1,20.187634,0,0,0,0
123.2565,,0.443941,0.443941,0.444883,0.012051,0.000000,0.000000,0.000000,0,1,0,1,20.190504,0,0,0,0
123.2767,,0.443941,0.443941,0.444883,0.012051,0.000000,0.000000,0.000000,0,1,0,1,20.205992,0,0,0,0
123.2967,,0.443941,0.443941,0.444883,0.012051,0.000000,0.000000,0.000000,0,1,0,1,20.195930,0,0,0,0
123.3166,,0.443941,0.443941,0.444883,0.012051,0.000000,0.000000,0.000000,0,1,0,1,20.104860,0,0,0,0
123.3376,,0.443941,0.443941,0.444883,0.012051,0.000000,0.000000,0.000000,0,1,0,1,20.102251,0,0,0,0
123.3577,,0.443941,0.443941,0.444883,0.012051,0.000000,0.000000,0.000000,0,1,0,1,20.071404,0,0,0,0
123.3773,,0.443941,0.443941,0.444883,0.012051,0.000000,0.000000,0.000000,0,1,0,1,20.223864,0,0,0,0
123.3975,,0.443941,0.443941,0.444883,0.012051,0.000000,0.000000,0.000000,0,1,0,1,20.199946,0,0,0,0
123.4176,,0.443941,0.443941,0.444883,0.012051,0.000000,0.000000,0.000000,0,1,0,1,20.241277,0,0,0,0
123.4386,,0.443941,0.443941,0.444883,0.012051,0.000000,0.000000,0.000000,0,1,0,1,20.294570,0,0,0,0
123.4585,,0.443941,0.443941,0.444883,0.012051,0.000000,0.000000,0.000000,0,1,0,1,20.093413,0,0,0,0
123.4786,,0.443941,0.443941,0.444883,0.012051,0.000000,0.000000,0.000000,0,1,0,1,20.215885,0,0,0,0
123.4985,,0.443941,0.443941,0.444883,0.012051,0.000000,0.000000,0.000000,0,1,0,1,20.116227,0,0,0,0
123.5185,,0.443941,0.443941,0.444883,0.012051,0.000000,0.000000,0.000000,0,1,0,1,20.352504,0,0,0,0
123.5395,,0.443941,0.443941,0.444883,0.012051,0.000000,0.000000,0.000000,0,1,0,1,20.207390,0,0,0,0
123.5596,,0.443941,0.443941,0.444883,0.012051,0.000000,0.000000,0.000000,0,1,0,1,20.203726,0,0,0,0
123.5796,,0.443941,0.443941,0.444883,0.012051,0.000000,0.000000,0.000000,0,1,0,1,20.236150,0,0,0,0
123.5996,,0.443941,0.443941,0.444883,0.012051,0.000000,0.000000,0.000000,0,1,0,1,20.207572,0,0,0,0
123.6195,,0.443941,0.443941,0.444883,0.012051,0.000000,0.000000,0.000000,0,1,0,1,20.104927,0,0,0,0
123.6397,,0.443941,0.443941,0.444883,0.012051,0.000000,0.000000,0.000000,0,1,0,1,20.082585,0,0,0,0
123.6596,,0.443941,0.443941,0.444883,0.012051,0.000000,0.000000,0.000000,0,1,0,1,20.069532,0,0,0,0
123.6805,,0.443941,0.443941,0.444883,0.012051,0.000000,0.000000,0.000000,0,1,0,1,20.097722,0,0,0,0
123.7005,,0.443941,0.443941,0.444883,0.012051,0.000000,0.000000,0.000000,0,1,0,1,20.102096,0,0,0,0
123.7206,,0.443941,0.443941,0.444883,0.012051,0.000000,0.000000,0.000000,0,1,0,1,20.124156,0,0,0,0
123.7405,,0.443941,0.443941,0.444883,0.012051,0.000000,0.000000,0.000000,0,1,0,1,20.188966,0,0,0,0
123.7605,,0.443941,0.443941,0.444883,0.012051,0.000000,0.000000,0.000000,0,1,0,1,20.180846,0,0,0,0
123.7805,,0.443941,0.443941,0.444883,0.012051,0.000000,0.000000,0.000000,0,1,0,1,20.239712,0,0,0,0
123.8015,,0.443941,0.443941,0.444883,0.012051,0.000000,0.000000,0.000000,0,1,0,1,20.213553,0,0,0,0
123.8214,,0.443941,0.443941,0.444883,0.012051,0.000000,0.000000,0.000000,0,1,0,1,20.112156,0,0,0,0
123.8415,,0.443941,0.443941,0.444883,0.012051,0.000000,0.000000,0.000000,0,1,0,1,20.152880,0,0,0,0
123.8616,,0.443941,0.443941,0.444883,0.012051,0.000000,0.000000,0.000000,0,1,0,1,20.172690,0,0,0,0
123.8815,,0.443941,0.443941,0.444883,0.012051,0.000000,0.000000,0.000000,0,1,0,1,20.186088,0,0,0,0
123.9016,,0.443941,0.443941,0.444883,0.012051,0.000000,0.000000,0.000000,0,1,0,1,20.093390,0,0,0,0
123.9216,,0.443941,0.443941,0.444883,0.012051,0.000000,0.000000,0.000000,0,1,0,1,20.167745,0,0,0,0
123.9426,,0.443941,0.443941,0.444883,0.012051,0.000000,0.000000,0.000000,0,1,0,1,20.185666,0,0,0,0
123.9625,,0.443941,0.443941,0.444883,0.012051,0.000000,0.000000,0.000000,0,1,0,1,20.191162,0,0,0,0
123.9827,,0.443941,0.443941,0.444883,0.012051,0.000000,0.000000,0.000000,0,1,0,1,20.184168,0,0,0,0
124.0026,,0.443941,0.443941,0.444883,0.012051,0.000000,0.000000,0.000000,0,1,0,1,20.258971,0,0,0,0
124.0235,,0.443941,0.443941,0.444883,0.012051,0.000000,0.000000,0.000000,0,1,0,1,20.274869,0,0,0,0
124.0435,,0.443941,0.443941,0.444883,0.012051,0.000000,0.000000,0.000000,0,1,0,1,20.071791,0,0,0,0
124.0636,,0.443941,0.443941,0.444883,0.012051,0.000000,0.000000,0.000000,0,1,0,1,20.185184,0,0,0,0
124.0836,,0.443941,0.443941,0.444883,0.012051,0.000000,0.000000,0.000000,0,1,0,1,20.197302,0,0,0,0
124.1035,,0.443941,0.443941,0.444883,0.012051,0.000000,0.000000,0.000000,0,1,0,1,20.183653,0,0,0,0
124.1235,,0.443941,0.443941,0.444883,0.012051,0.000000,0.000000,0.000000,0,1,0,1,20.085723,0,0,0,0
124.1435,,0.443941,0.443941,0.444883,0.012051,0.000000,0.000000,0.000000,0,1,0,1,20.061001,0,0,0,0
124.1635,,0.443941,0.443941,0.444883,0.012051,0.000000,0.000000,0.000000,0,1,0,1,20.065951,0,0,0,0
124.1834,,0.443941,0.443941,0.444883,0.012051,0.000000,0.000000,0.000000,0,1,0,1,20.088547,0,0,0,0
124.2045,,0.443941,0.443941,0.444883,0.012051,0.000000,0.000000,0.000000,0,1,0,1,20.085462,0,0,0,0
124.2244,,0.443941,0.443941,0.444883,0.012051,0.000000,0.000000,0.000000,0,1,0,1,20.074705,0,0,0,0
124.2445,,0.443941,0.443941,0.444883,0.012051,0.000000,0.000000,0.000000,0,1,0,1,20.091959,0,0,0,0
124.2646,,0.443941,0.443941,0.444883,0.012051,0.000000,0.000000,0.000000,0,1,0,1,20.206143,0,0,0,0
124.2846,,0.443941,0.443941,0.444883,0.012051,0.000000,0.000000,0.000000,0,1,0,1,20.227465,0,0,0,0
124.3045,,0.443941,0.443941,0.444883,0.012051,0.000000,0.000000,0.000000,0,1,0,1,20.125169,0,0,0,0
124.3244,,0.443941,0.443941,0.444883,0.012051,0.000000,0.000000,0.000000,0,1,0,1,20.099060,0,0,0,0
124.3455,,0.443941,0.443941,0.444883,0.012051,0.000000,0.000000,0.000000,0,1,0,1,20.165624,0,0,0,0
124.3656,,0.443941,0.443941,0.444883,0.012051,0.000000,0.000000,0.000000,0,1,0,1,20.226172,0,0,0,0
124.3856,,0.443941,0.443941,0.444883,0.012051,0.000000,0.000000,0.000000,0,1,0,1,20.205813,0,0,0,0
124.4057,,0.443941,0.443941,0.444883,0.012051,0.000000,0.000000,0.000000,0,1,0,1,20.211404,0,0,0,0
124.4255,,0.443941,0.443941,0.444883,0.012051,0.000000,0.000000,0.000000,0,1,0,1,20.218946,0,0,0,0
124.4466,,0.443941,0.443941,0.444883,0.012051,0.000000,0.000000,0.000000,0,1,0,1,20.245595,0,0,0,0
124.4666,,0.443941,0.443941,0.444883,0.012051,0.000000,0.000000,0.000000,0,1,0,1,20.204546,0,0,0,0
124.4866,,0.443941,0.443941,0.444883,0.012051,0.000000,0.000000,0.000000,0,1,0,1,20.216458,0,0,0,0
124.5065,,0.443941,0.443941,0.444883,0.012051,0.000000,0.000000,0.000000,0,1,0,1,20.250213,0,0,0,0
124.5264,,0.443941,0.443941,0.444883,0.012051,0.000000,0.000000,0.000000,0,1,0,1,20.085345,0,0,0,0
124.5476,,0.443941,0.443941,0.444883,0.012051,0.000000,0.000000,0.000000,0,1,0,1,20.228109,0,0,0,0
124.5675,,0.443941,0.443941,0.444883,0.012051,0.000000,0.000000,0.000000,0,1,0,1,20.210651,0,0,0,0
124.5875,,0.443941,0.443941,0.444883,0.012051,0.000000,0.000000,0.000000,0,1,0,1,20.194310,0,0,0,0
124.6076,,0.443941,0.443941,0.444883,0.012051,0.000000,0.000000,0.000000,0,1,0,1,20.161713,0,0,0,0
124.6274,,0.443941,0.443941,0.444883,0.012051,0.000000,0.000000,0.000000,0,1,0,1,20.103403,0,0,0,0
124.6473,,0.443941,0.443941,0.444883,0.012051,0.000000,0.000000,0.000000,0,1,0,1,20.102139,0,0,0,0
124.6675,,0.443941,0.443941,0.444883,0.012051,0.000000,0.000000,0.000000,0,1,0,1,20.084471,0,0,0,0
124.6885,,0.443941,0.443941,0.444883,0.012051,0.000000,0.000000,0.000000,0,1,0,1,20.082184,0,0,0,0
124.7085,,0.443941,0.443941,0.444883,0.012051,0.000000,0.000000,0.000000,0,1,0,1,20.166670,0,0,0,0
124.7286,,0.443941,0.443941,0.444883,0.012051,0.000000,0.000000,0.000000,0,1,0,1,20.548667,0,0,0,0
124.7486,,0.443941,0.443941,0.444883,0.012051,0.000000,0.000000,0.000000,0,1,0,1,20.081253,0,0,0,0
124.7685,,0.443941,0.443941,0.444883,0.012051,0.000000,0.000000,0.000000,0,1,0,1,20.130004,0,0,0,0
124.7896,,0.443941,0.443941,0.444883,0.012051,0.000000,0.000000,0.000000,0,1,0,1,20.169942,0,0,0,0
124.8095,,0.443941,0.443941,0.444883,0.012051,0.000000,0.000000,0.000000,0,1,0,1,20.172254,0,0,0,0
124.8294,,0.443941,0.443941,0.444883,0.012051,0.000000,0.000000,0.000000,0,1,0,1,20.136792,0,0,0,0
124.8494,,0.443941,0.443941,0.444883,0.012051,0.000000,0.000000,0.000000,0,1,0,1,20.227827,0,0,0,0
124.8695,,0.443941,0.443941,0.444883,0.012051,0.000000,0.000000,0.000000,0,1,0,1,20.112791,0,0,0,0
124.8906,,0.443941,0.443941,0.444883,0.012051,0.000000,0.000000,0.000000,0,1,0,1,20.225161,0,0,0,0
124.9106,,0.443941,0.443941,0.444883,0.012051,0.000000,0.000000,0.000000,0,1,0,1,20.192540,0,0,0,0
124.9305,,0.443941,0.443941,0.444883,0.012051,0.000000,0.000000,0.000000,0,1,0,1,20.190811,0,0,0,0
124.9505,,0.443941,0.443941,0.444883,0.012051,0.000000,0.000000,0.000000,0,1,0,1,20.172502,0,0,0,0
124.9705,,0.443941,0.443941,0.444883,0.012051,0.000000,0.000000,0.000000,0,1,0,1,20.173542,0,0,0,0
124.9905,,0.443941,0.443941,0.444883,0.012051,0.000000,0.000000,0.000000,0,1,0,1,20.174769,0,0,0,0
125.0115,,0.443941,0.443941,0.444883,0.012051,0.000000,0.000000,0.000000,0,1,0,1,20.079884,0,0,0,0
125.0315,,0.443941,0.443941,0.444883,0.012051,0.000000,0.000000,0.000000,0,1,0,1,20.077497,0,0,0,0
125.0513,,0.443941,0.443941,0.444883,0.012051,0.000000,0.000000,0.000000,0,1,0,1,20.165798,0,0,0,0
125.0714,,0.443941,0.443941,0.444883,0.012051,0.000000,0.000000,0.000000,0,1,0,1,20.102664,0,0,0,0
125.0915,,0.443941,0.443941,0.444883,0.012051,0.000000,0.000000,0.000000,0,1,0,1,20.194989,0,0,0,0
125.1116,,0.443941,0.443941,0.444883,0.012051,0.000000,0.000000,0.000000,0,1,0,1,20.160894,0,0,0,0
125.1316,,0.443941,0.443941,0.444883,0.012051,0.000000,0.000000,0.000000,0,1,0,1,20.075005,0,0,0,0
125.1515,,0.443941,0.443941,0.444883,0.012051,0.000000,0.000000,0.000000,0,1,0,1,20.082411,0,0,0,0
125.1715,,0.443941,0.443941,0.444883,0.012051,0.000000,0.000000,0.000000,0,1,0,1,20.084370,0,0,0,0
125.1925,,0.443941,0.443941,0.444883,0.012051,0.000000,0.000000,0.000000,0,1,0,1,20.077156,0,0,0,0
125.2125,,0.443941,0.443941,0.444883,0.012051,0.000000,0.000000,0.000000,0,1,0,1,20.272306,0,0,0,0
125.2326,,0.443941,0.443941,0.444883,0.012051,0.000000,0.000000,0.000000,0,1,0,1,20.159863,0,0,0,0
125.2525,,0.443941,0.443941,0.444883,0.012051,0.000000,0.000000,0.000000,0,1,0,1,20.208056,0,0,0,0
125.2726,,0.443941,0.443941,0.444883,0.012051,0.000000,0.000000,0.000000,0,1,0,1,20.073444,0,0,0,0
125.2925,,0.443941,0.443941,0.444883,0.012051,0.000000,0.000000,0.000000,0,1,0,1,20.074964,0,0,0,0
125.3127,,0.443941,0.443941,0.444883,0.012051,0.000000,0.000000,0.000000,0,1,0,1,20.082233,0,0,0,0
125.3335,,0.443941,0.443941,0.444883,0.012051,0.000000,0.000000,0.000000,0,1,0,1,20.102094,0,0,0,0
125.3536,,0.443941,0.443941,0.444883,0.012051,0.000000,0.000000,0.000000,0,1,0,1,20.067530,0,0,0,0
125.3735,,0.443941,0.443941,0.444883,0.012051,0.000000,0.000000,0.000000,0,1,0,1,20.069701,0,0,0,0
125.3937,,0.443941,0.443941,0.444883,0.012051,0.000000,0.000000,0.000000,0,1,0,1,20.169715,0,0,0,0
125.4135,,0.443941,0.443941,0.444883,0.012051,0.000000,0.000000,0.000000,0,1,0,1,20.174473,0,0,0,0
125.4336,,0.443941,0.443941,0.444883,0.012051,0.000000,0.000000,0.000000,0,1,0,1,20.084904,0,0,0,0
125.4535,,0.443941,0.443941,0.444883,0.012051,0.000000,0.000000,0.000000,0,1,0,1,20.144143,0,0,0,0
125.4735,,0.443941,0.443941,0.444883,0.012051,0.000000,0.000000,0.000000,0,1,0,1,20.082126,0,0,0,0
125.4936,,0.443941,0.443941,0.444883,0.012051,0.000000,0.000000,0.000000,0,1,0,1,20.082218,0,0,0,0
125.5145,,0.443941,0.443941,0.444883,0.012051,0.000000,0.000000,0.000000,0,1,0,1,20.138323,0,0,0,0
125.5346,,0.443941,0.443941,0.444883,0.012051,0.000000,0.000000,0.000000,0,1,0,1,20.230750,0,0,0,0
125.5545,,0.443941,0.443941,0.444883,0.012051,0.000000,0.000000,0.000000,0,1,0,1,20.218689,0,0,0,0
125.5745,,0.443941,0.443941,0.444883,0.012051,0.000000,0.000000,0.000000,0,1,0,1,20.225543,0,0,0,0
125.5946,,0.443941,0.443941,0.444883,0.012051,0.000000,0.000000,0.000000,0,1,0,1,20.120782,0,0,0,0
125.6155,,0.443941,0.443941,0.444883,0.012051,0.000000,0.000000,0.000000,0,1,0,1,20.359387,0,0,0,0
125.6354,,0.443941,0.443941,0.444883,0.012051,0.000000,0.000000,0.000000,0,1,0,1,20.094920,0,0,0,0
125.6555,,0.443941,0.443941,0.444883,0.012051,0.000000,0.000000,0.000000,0,1,0,1,20.080040,0,0,0,0
125.6760,,0.443941,0.443941,0.444883,0.012051,0.000000,0.000000,0.000000,0,1,0,1,20.194974,0,0,0,0
125.6955,,0.443941,0.443941,0.444883,0.012051,0.000000,0.000000,0.000000,0,1,0,1,20.156107,0,0,0,0
125.7156,,0.443941,0.443941,0.444883,0.012051,0.000000,0.000000,0.000000,0,1,0,1,20.089689,0,0,0,0
125.7356,,0.443941,0.443941,0.444883,0.012051,0.000000,0.000000,0.000000,0,1,0,1,20.070336,0,0,0,0
125.7555,,0.443941,0.443941,0.444883,0.012051,0.000000,0.000000,0.000000,0,1,0,1,20.076104,0,0,0,0
125.7766,,0.443941,0.443941,0.444883,0.012051,0.000000,0.000000,0.000000,0,1,0,1,20.106211,0,0,0,0
125.7965,,0.443941,0.443941,0.444883,0.012051,0.000000,0.000000,0.000000,0,1,0,1,20.102237,0,0,0,0
125.8164,,0.443941,0.443941,0.444883,0.012051,0.000000,0.000000,0.000000,0,1,0,1,20.243533,0,0,0,0
125.8366,,0.443941,0.443941,0.444883,0.012051,0.000000,0.000000,0.000000,0,1,0,1,20.203261,0,0,0,0
125.8565,,0.443941,0.443941,0.444883,0.012051,0.000000,0.000000,0.000000,0,1,0,1,20.119878,0,0,0,0
125.8766,,0.443941,0.443941,0.444883,0.012051,0.000000,0.000000,0.000000,0,1,0,1,20.068725,0,0,0,0
125.8966,,0.443941,0.443941,0.444883,0.012051,0.000000,0.000000,0.000000,0,1,0,1,20.167936,0,0,0,0
125.9176,,0.443941,0.443941,0.444883,0.012051,0.000000,0.000000,0.000000,0,1,0,1,20.131462,0,0,0,0
125.9375,,0.443941,0.443941,0.444883,0.012051,0.000000,0.000000,0.000000,0,1,0,1,20.193958,0,0,0,0
125.9576,,0.443941,0.443941,0.444883,0.012051,0.000000,0.000000,0.000000,0,1,0,1,20.103574,0,0,0,0
125.9775,,0.443941,0.443941,0.444883,0.012051,0.000000,0.000000,0.000000,0,1,0,1,20.122215,0,0,0,0
125.9977,,0.443941,0.443941,0.444883,0.012051,0.000000,0.000000,0.000000,0,1,0,1,20.217929,0,0,0,0
126.0176,,0.443941,0.443941,0.444883,0.012051,0.000000,0.000000,0.000000,0,1,0,1,20.073008,0,0,0,0
126.0376,,0.443941,0.443941,0.444883,0.012051,0.000000,0.000000,0.000000,0,1,0,1,20.191800,0,0,0,0
126.0586,,0.443941,0.443941,0.444883,0.012051,0.000000,0.000000,0.000000,0,1,0,1,20.069655,0,0,0,0
126.0785,,0.443941,0.443941,0.444883,0.012051,0.000000,0.000000,0.000000,0,1,0,1,20.072842,0,0,0,0
126.0985,,0.443941,0.443941,0.444883,0.012051,0.000000,0.000000,0.000000,0,1,0,1,20.172130,0,0,0,0
126.1185,,0.443941,0.443941,0.444883,0.012051,0.000000,0.000000,0.000000,0,1,0,1,20.181407,0,0,0,0
126.1385,,0.443941,0.443941,0.444883,0.012051,0.000000,0.000000,0.000000,0,1,0,1,20.177860,0,0,0,0
126.1586,,0.443941,0.443941,0.444883,0.012051,0.000000,0.000000,0.000000,0,1,0,1,20.224224,0,0,0,0
126.1786,,0.443941,0.443941,0.444883,0.012051,0.000000,0.000000,0.000000,0,1,0,1,20.072888,0,0,0,0
126.1996,,0.443941,0.443941,0.444883,0.012051,0.000000,0.000000,0.000000,0,1,0,1,20.096222,0,0,0,0
126.2196,,0.443941,0.443941,0.444883,0.012051,0.000000,0.000000,0.000000,0,1,0,1,20.067087,0,0,0,0
126.2396,,0.443941,0.443941,0.444883,0.012051,0.000000,0.000000,0.000000,0,1,0,1,20.173520,0,0,0,0
126.2595,,0.443941,0.443941,0.444883,0.012051,0.000000,0.000000,0.000000,0,1,0,1,20.111424,0,0,0,0
126.2795,,0.443941,0.443941,0.444883,0.012051,0.000000,0.000000,0.000000,0,1,0,1,20.223189,0,0,0,0
126.2995,,0.443941,0.443941,0.444883,0.012051,0.000000,0.000000,0.000000,0,1,0,1,20.072694,0,0,0,0
126.3197,,0.443941,0.443941,0.444883,0.012051,0.000000,0.000000,0.000000,0,1,0,1,20.111099,0,0,0,0
126.3407,,0.443941,0.443941,0.444883,0.012051,0.000000,0.000000,0.000000,0,1,0,1,20.270207,0,0,0,0
126.3605,,0.443941,0.443941,0.444883,0.012051,0.000000,0.000000,0.000000,0,1,0,1,20.269600,0,0,0,0
126.3805,,0.443941,0.443941,0.444883,0.012051,0.000000,0.000000,0.000000,0,1,0,1,20.170656,0,0,0,0
126.4004,,0.443941,0.443941,0.444883,0.012051,0.000000,0.000000,0.000000,0,1,0,1,20.285464,0,0,0,0
126.4204,,0.443941,0.443941,0.444883,0.012051,0.000000,0.000000,0.000000,0,1,0,1,20.104068,0,0,0,0
126.4414,,0.443941,0.443941,0.444883,0.012051,0.000000,0.000000,0.000000,0,1,0,1,20.190828,0,0,0,0
126.4614,,0.443941,0.443941,0.444883,0.012051,0.000000,0.000000,0.000000,0,1,0,1,20.116122,0,0,0,0
126.4815,,0.443941,0.443941,0.444883,0.012051,0.000000,0.000000,0.000000,0,1,0,1,20.202704,0,0,0,0
126.5015,,0.443941,0.443941,0.444883,0.012051,0.000000,0.000000,0.000000,0,1,0,1,20.205903,0,0,0,0
126.5215,,0.443941,0.443941,0.444883,0.012051,0.000000,0.000000,0.000000,0,1,0,1,20.190114,0,0,0,0
126.5415,,0.443941,0.443941,0.444883,0.012051,0.000000,0.000000,0.000000,0,1,0,1,20.076900,0,0,0,0
126.5617,,0.443941,0.443941,0.444883,0.012051,0.000000,0.000000,0.000000,0,1,0,1,20.071097,0,0,0,0
126.5826,,0.443941,0.443941,0.444883,0.012051,0.000000,0.000000,0.000000,0,1,0,1,20.069238,0,0,0,0
126.6024,,0.443941,0.443941,0.444883,0.012051,0.000000,0.000000,0.000000,0,1,0,1,20.118056,0,0,0,0
126.6224,,0.443941,0.443941,0.444883,0.012051,0.000000,0.000000,0.000000,0,1,0,1,20.105384,0,0,0,0
126.6424,,0.443941,0.443941,0.444883,0.012051,0.000000,0.000000,0.000000,0,1,0,1,20.092055,0,0,0,0
126.6624,,0.443941,0.443941,0.444883,0.012051,0.000000,0.000000,0.000000,0,1,0,1,20.082697,0,0,0,0
126.6824,,0.443941,0.443941,0.444883,0.012051,0.000000,0.000000,0.000000,0,1,0,1,20.085008,0,0,0,0
126.7024,,0.443941,0.443941,0.444883,0.012051,0.000000,0.000000,0.000000,0,1,0,1,20.092178,0,0,0,0
126.7224,,0.443941,0.443941,0.444883,0.012051,0.000000,0.000000,0.000000,0,1,0,1,20.094707,0,0,0,0
126.7424,,0.443941,0.443941,0.444883,0.012051,0.000000,0.000000,0.000000,0,1,0,1,20.071473,0,0,0,0
126.7625,,0.443941,0.443941,0.444883,0.012051,0.000000,0.000000,0.000000,0,1,0,1,20.095838,0,0,0,0
126.7823,,0.443941,0.443941,0.444883,0.012051,0.000000,0.000000,0.000000,0,1,0,1,20.085755,0,0,0,0
126.8034,,0.443941,0.443941,0.444883,0.012051,0.000000,0.000000,0.000000,0,1,0,1,20.293572,0,0,0,0
126.8235,,0.443941,0.443941,0.444883,0.012051,0.000000,0.000000,0.000000,0,1,0,1,20.178808,0,0,0,0
126.8434,,0.443941,0.443941,0.444883,0.012051,0.000000,0.000000,0.000000,0,1,0,1,20.252588,0,0,0,0
126.8635,,0.443941,0.443941,0.444883,0.012051,0.000000,0.000000,0.000000,0,1,0,1,20.077314,0,0,0,0
126.8834,,0.443941,0.443941,0.444883,0.012051,0.000000,0.000000,0.000000,0,1,0,1,20.072397,0,0,0,0
126.9035,,0.443941,0.443941,0.444883,0.012051,0.000000,0.000000,0.000000,0,1,0,1,20.069566,0,0,0,0
126.9234,,0.443941,0.443941,0.444883,0.012051,0.000000,0.000000,0.000000,0,1,0,1,20.068681,0,0,0,0
126.9444,,0.443941,0.443941,0.444883,0.012051,0.000000,0.000000,0.000000,0,1,0,1,20.176462,0,0,0,0
126.9644,,0.443941,0.443941,0.444883,0.012051,0.000000,0.000000,0.000000,0,1,0,1,20.191919,0,0,0,0
126.9844,,0.443941,0.443941,0.444883,0.012051,0.000000,0.000000,0.000000,0,1,0,1,20.197750,0,0,0,0
127.0044,,0.443941,0.443941,0.444883,0.012051,0.000000,0.000000,0.000000,0,1,0,1,20.046499,0,0,0,0
127.0244,,0.443941,0.443941,0.444883,0.012051,0.000000,0.000000,0.000000,0,1,0,1,20.210850,0,0,0,0
127.0447,,0.443941,0.443941,0.444883,0.012051,0.000000,0.000000,0.000000,0,1,0,1,20.074514,0,0,0,0
127.0646,,0.443941,0.443941,0.444883,0.012051,0.000000,0.000000,0.000000,0,1,0,1,20.079030,0,0,0,0
127.0857,,0.443941,0.443941,0.444883,0.012051,0.000000,0.000000,0.000000,0,1,0,1,20.133153,0,0,0,0
127.1056,,0.443941,0.443941,0.444883,0.012051,0.000000,0.000000,0.000000,0,1,0,1,20.106144,0,0,0,0
127.1255,,0.443941,0.443941,0.444883,0.012051,0.000000,0.000000,0.000000,0,1,0,1,20.104755,0,0,0,0
127.1456,,0.443941,0.443941,0.444883,0.012051,0.000000,0.000000,0.000000,0,1,0,1,20.176376,0,0,0,0
127.1655,,0.443941,0.443941,0.444883,0.012051,0.000000,0.000000,0.000000,0,1,0,1,20.119568,0,0,0,0
127.1855,,0.443941,0.443941,0.444883,0.012051,0.000000,0.000000,0.000000,0,1,0,1,20.186630,0,0,0,0
127.2055,,0.443941,0.443941,0.444883,0.012051,0.000000,0.000000,0.000000,0,1,0,1,20.227306,0,0,0,0
127.2264,,0.443941,0.443941,0.444883,0.012051,0.000000,0.000000,0.000000,0,1,0,1,20.157189,0,0,0,0
127.2464,,0.443941,0.443941,0.444883,0.012051,0.000000,0.000000,0.000000,0,1,0,1,20.156170,0,0,0,0
127.2666,,0.443941,0.443941,0.444883,0.012051,0.000000,0.000000,0.000000,0,1,0,1,20.156857,0,0,0,0
127.2864,,0.443941,0.443941,0.444883,0.012051,0.000000,0.000000,0.000000,0,1,0,1,20.299209,0,0,0,0
127.3064,,0.443941,0.443941,0.444883,0.012051,0.000000,0.000000,0.000000,0,1,0,1,20.148323,0,0,0,0
127.3274,,0.443941,0.443941,0.444883,0.012051,0.000000,0.000000,0.000000,0,1,0,1,20.187050,0,0,0,0
127.3475,,0.443941,0.443941,0.444883,0.012051,0.000000,0.000000,0.000000,0,1,0,1,20.199086,0,0,0,0
127.3676,,0.443941,0.443941,0.444883,0.012051,0.000000,0.000000,0.000000,0,1,0,1,20.210866,0,0,0,0
127.3875,,0.443941,0.443941,0.444883,0.012051,0.000000,0.000000,0.000000,0,1,0,1,20.260942,0,0,0,0
127.4076,,0.443941,0.443941,0.444883,0.012051,0.000000,0.000000,0.000000,0,1,0,1,20.093256,0,0,0,0
127.4275,,0.443941,0.443941,0.444883,0.012051,0.000000,0.000000,0.000000,0,1,0,1,20.112269,0,0,0,0
127.4485,,0.443941,0.443941,0.444883,0.012051,0.000000,0.000000,0.000000,0,1,0,1,20.406179,0,0,0,0
127.4685,,0.443941,0.443941,0.444883,0.012051,0.000000,0.000000,0.000000,0,1,0,1,20.159559,0,0,0,0
127.4885,,0.443941,0.443941,0.444883,0.012051,0.000000,0.000000,0.000000,0,1,0,1,20.297116,0,0,0,0
127.5095,,0.443941,0.443941,0.444883,0.012051,0.000000,0.000000,0.000000,0,1,0,1,20.191420,0,0,0,0
127.5296,,0.443941,0.443941,0.444883,0.012051,0.000000,0.000000,0.000000,0,1,0,1,20.120680,0,0,0,0
127.5496,,0.443941,0.443941,0.444883,0.012051,0.000000,0.000000,0.000000,0,1,0,1,20.194874,0,0,0,0
127.5696,,0.443941,0.443941,0.444883,0.012051,0.000000,0.000000,0.000000,0,1,0,1,20.220007,0,0,0,0
127.5896,,0.443941,0.443941,0.444883,0.012051,0.000000,0.000000,0.000000,0,1,0,1,20.214500,0,0,0,0
127.6093,,0.443941,0.443941,0.444883,0.012051,0.000000,0.000000,0.000000,0,1,0,1,20.212473,0,0,0,0
127.6307,,0.443941,0.443941,0.444883,0.012051,0.000000,0.000000,0.000000,0,1,0,1,20.079199,0,0,0,0
127.6505,,0.443941,0.443941,0.444883,0.012051,0.000000,0.000000,0.000000,0,1,0,1,20.115003,0,0,0,0
127.6706,,0.443941,0.443941,0.444883,0.012051,0.000000,0.000000,0.000000,0,1,0,1,20.255998,0,0,0,0
127.6906,,0.443941,0.443941,0.444883,0.012051,0.000000,0.000000,0.000000,0,1,0,1,20.205833,0,0,0,0
127.7105,,0.443941,0.443941,0.444883,0.012051,0.000000,0.000000,0.000000,0,1,0,1,20.199409,0,0,0,0
127.7305,,0.443941,0.443941,0.444883,0.012051,0.000000,0.000000,0.000000,0,1,0,1,20.154399,0,0,0,0
127.7515,,0.443941,0.443941,0.444883,0.012051,0.000000,0.000000,0.000000,0,1,0,1,20.188801,0,0,0,0
127.7715,,0.443941,0.443941,0.444883,0.012051,0.000000,0.000000,0.000000,0,1,0,1,20.192766,0,0,0,0
127.7915,,0.443941,0.443941,0.444883,0.012051,0.000000,0.000000,0.000000,0,1,0,1,20.115482,0,0,0,0
127.8116,,0.443941,0.443941,0.444883,0.012051,0.000000,0.000000,0.000000,0,1,0,1,20.216023,0,0,0,0
127.8316,,0.443941,0.443941,0.444883,0.012051,0.000000,0.000000,0.000000,0,1,0,1,20.163945,0,0,0,0
127.8526,,0.443941,0.443941,0.444883,0.012051,0.000000,0.000000,0.000000,0,1,0,1,20.249657,0,0,0,0
127.8726,,0.443941,0.443941,0.444883,0.012051,0.000000,0.000000,0.000000,0,1,0,1,20.304463,0,0,0,0
127.8926,,0.443941,0.443941,0.444883,0.012051,0.000000,0.000000,0.000000,0,1,0,1,20.207118,0,0,0,0
127.9126,,0.443941,0.443941,0.444883,0.012051,0.000000,0.000000,0.000000,0,1,0,1,20.228534,0,0,0,0
127.9325,,0.443941,0.443941,0.444883,0.012051,0.000000,0.000000,0.000000,0,1,0,1,20.083324,0,0,0,0
127.9535,,0.443941,0.443941,0.444883,0.012051,0.000000,0.000000,0.000000,0,1,0,1,20.205961,0,0,0,0
127.9735,,0.443941,0.443941,0.444883,0.012051,0.000000,0.000000,0.000000,0,1,0,1,20.118883,0,0,0,0
127.9936,,0.443941,0.443941,0.444883,0.012051,0.000000,0.000000,0.000000,0,1,0,1,20.212496,0,0,0,0
128.0135,,0.443941,0.443941,0.444883,0.012051,0.000000,0.000000,0.000000,0,1,0,1,20.248038,0,0,0,0
128.0335,,0.443941,0.443941,0.444883,0.012051,0.000000,0.000000,0.000000,0,1,0,1,20.202321,0,0,0,0
128.0545,,0.443941,0.443941,0.444883,0.012051,0.000000,0.000000,0.000000,0,1,0,1,20.236859,0,0,0,0
128.0745,,0.443941,0.443941,0.444883,0.012051,0.000000,0.000000,0.000000,0,1,0,1,20.187493,0,0,0,0
128.0946,,0.443941,0.443941,0.444883,0.012051,0.000000,0.000000,0.000000,0,1,0,1,20.231373,0,0,0,0
128.1146,,0.443941,0.443941,0.444883,0.012051,0.000000,0.000000,0.000000,0,1,0,1,20.290924,0,0,0,0
128.1354,,0.443941,0.443941,0.444883,0.012051,0.000000,0.000000,0.000000,0,1,0,1,20.304285,0,0,0,0
128.1557,,0.443941,0.443941,0.444883,0.012051,0.000000,0.000000,0.000000,0,1,0,1,20.237079,0,0,0,0
128.1759,,0.443941,0.443941,0.444883,0.012051,0.000000,0.000000,0.000000,0,1,0,1,20.260717,0,0,0,0
128.1956,,0.443941,0.443941,0.444883,0.012051,0.000000,0.000000,0.000000,0,1,0,1,20.102899,0,0,0,0
128.2155,,0.443941,0.443941,0.444883,0.012051,0.000000,0.000000,0.000000,0,1,0,1,20.063445,0,0,0,0
128.2355,,0.443941,0.443941,0.444883,0.012051,0.000000,0.000000,0.000000,0,1,0,1,20.082022,0,0,0,0
128.2555,,0.443941,0.443941,0.444883,0.012051,0.000000,0.000000,0.000000,0,1,0,1,20.067102,0,0,0,0
128.2767,,0.443941,0.443941,0.444883,0.012051,0.000000,0.000000,0.000000,0,1,0,1,20.106555,0,0,0,0
128.2967,,0.443941,0.443941,0.444883,0.012051,0.000000,0.000000,0.000000,0,1,0,1,20.254620,0,0,0,0
128.3165,,0.443941,0.443941,0.444883,0.012051,0.000000,0.000000,0.000000,0,1,0,1,20.396863,0,0,0,0
128.3367,,0.443941,0.443941,0.444883,0.012051,0.000000,0.000000,0.000000,0,1,0,1,20.207234,0,0,0,0
128.3577,,0.443941,0.443941,0.444883,0.012051,0.000000,0.000000,0.000000,0,1,0,1,20.363243,0,0,0,0
128.3776,,0.443941,0.443941,0.444883,0.012051,0.000000,0.000000,0.000000,0,1,0,1,20.305885,0,0,0,0
128.3977,,0.443941,0.443941,0.444883,0.012051,0.000000,0.000000,0.000000,0,1,0,1,20.244576,0,0,0,0
128.4175,,0.443941,0.443941,0.444883,0.012051,0.000000,0.000000,0.000000,0,1,0,1,20.125147,0,0,0,0
128.4386,,0.443941,0.443941,0.444883,0.012051,0.000000,0.000000,0.000000,0,1,0,1,20.367014,0,0,0,0
128.4586,,0.443941,0.443941,0.444883,0.012051,0.000000,0.000000,0.000000,0,1,0,1,20.198736,0,0,0,0
128.4796,,0.443941,0.443941,0.444883,0.012051,0.000000,0.000000,0.000000,0,1,0,1,20.660884,0,0,0,0
128.4996,,0.443941,0.443941,0.444883,0.012051,0.000000,0.000000,0.000000,0,1,0,1,20.205570,0,0,0,0
128.5197,,0.443941,0.443941,0.444883,0.012051,0.000000,0.000000,0.000000,0,1,0,1,20.207238,0,0,0,0
128.5395,,0.443941,0.443941,0.444883,0.012051,0.000000,0.000000,0.000000,0,1,0,1,20.076648,0,0,0,0
128.5597,,0.443941,0.443941,0.444883,0.012051,0.000000,0.000000,0.000000,0,1,0,1,20.075500,0,0,0,0
128.5796,,0.443941,0.443941,0.444883,0.012051,0.000000,0.000000,0.000000,0,1,0,1,20.075540,0,0,0,0
128.5995,,0.443941,0.443941,0.444883,0.012051,0.000000,0.000000,0.000000,0,1,0,1,20.078081,0,0,0,0
128.6204,,0.443941,0.443941,0.444883,0.012051,0.000000,0.000000,0.000000,0,1,0,1,20.116942,0,0,0,0
128.6404,,0.443941,0.443941,0.444883,0.012051,0.000000,0.000000,0.000000,0,1,0,1,20.130488,0,0,0,0
128.6609,,0.443941,0.443941,0.444883,0.012051,0.000000,0.000000,0.000000,0,1,0,1,20.253420,0,0,0,0
128.6805,,0.443941,0.443941,0.444883,0.012051,0.000000,0.000000,0.000000,0,1,0,1,20.226032,0,0,0,0
128.7009,,0.443941,0.443941,0.444883,0.012051,0.000000,0.000000,0.000000,0,1,0,1,20.183953,0,0,0,0
128.7206,,0.443941,0.443941,0.444883,0.012051,0.000000,0.000000,0.000000,0,1,0,1,20.147063,0,0,0,0
128.7415,,0.443941,0.443941,0.444883,0.012051,0.000000,0.000000,0.000000,0,1,0,1,20.077487,0,0,0,0
128.7617,,0.443941,0.443941,0.444883,0.012051,0.000000,0.000000,0.000000,0,1,0,1,20.084955,0,0,0,0
128.7817,,0.443941,0.443941,0.444883,0.012051,0.000000,0.000000,0.000000,0,1,0,1,20.293141,0,0,0,0
128.8015,,0.443941,0.443941,0.444883,0.012051,0.000000,0.000000,0.000000,0,1,0,1,20.337991,0,0,0,0
128.8215,,0.443941,0.443941,0.444883,0.012051,0.000000,0.000000,0.000000,0,1,0,1,20.078037,0,0,0,0
128.8416,,0.443941,0.443941,0.444883,0.012051,0.000000,0.000000,0.000000,0,1,0,1,20.077221,0,0,0,0
128.8626,,0.443941,0.443941,0.444883,0.012051,0.000000,0.000000,0.000000,0,1,0,1,20.115972,0,0,0,0
128.8825,,0.443941,0.443941,0.444883,0.012051,0.000000,0.000000,0.000000,0,1,0,1,20.219048,0,0,0,0
128.9025,,0.443941,0.443941,0.444883,0.012051,0.000000,0.000000,0.000000,0,1,0,1,20.152219,0,0,0,0
128.9225,,0.443941,0.443941,0.444883,0.012051,0.000000,0.000000,0.000000,0,1,0,1,20.103838,0,0,0,0
128.9426,,0.443941,0.443941,0.444883,0.012051,0.000000,0.000000,0.000000,0,1,0,1,20.154865,0,0,0,0
128.9625,,0.443941,0.443941,0.444883,0.012051,0.000000,0.000000,0.000000,0,1,0,1,20.214971,0,0,0,0
128.9825,,0.443941,0.443941,0.444883,0.012051,0.000000,0.000000,0.000000,0,1,0,1,20.116683,0,0,0,0
129.0035,,0.443941,0.443941,0.444883,0.012051,0.000000,0.000000,0.000000,0,1,0,1,20.124373,0,0,0,0
129.0235,,0.443941,0.443941,0.444883,0.012051,0.000000,0.000000,0.000000,0,1,0,1,20.121638,0,0,0,0
129.0436,,0.443941,0.443941,0.444883,0.012051,0.000000,0.000000,0.000000,0,1,0,1,20.161766,0,0,0,0
129.0636,,0.443941,0.443941,0.444883,0.012051,0.000000,0.000000,0.000000,0,1,0,1,20.121466,0,0,0,0
129.0835,,0.443941,0.443941,0.444883,0.012051,0.000000,0.000000,0.000000,0,1,0,1,20.428888,0,0,0,0
129.1044,,0.443941,0.443941,0.444883,0.012051,0.000000,0.000000,0.000000,0,1,0,1,20.109219,0,0,0,0
129.1246,,0.443941,0.443941,0.444883,0.012051,0.000000,0.000000,0.000000,0,1,0,1,20.208699,0,0,0,0
129.1447,,0.443941,0.443941,0.444883,0.012051,0.000000,0.000000,0.000000,0,1,0,1,20.198035,0,0,0,0
129.1646,,0.443941,0.443941,0.444883,0.012051,0.000000,0.000000,0.000000,0,1,0,1,20.272968,0,0,0,0
129.1846,,0.443941,0.443941,0.444883,0.012051,0.000000,0.000000,0.000000,0,1,0,1,20.221761,0,0,0,0
129.2059,,0.443941,0.443941,0.444883,0.012051,0.000000,0.000000,0.000000,0,1,0,1,20.233526,0,0,0,0
129.2256,,0.443941,0.443941,0.444883,0.012051,0.000000,0.000000,0.000000,0,1,0,1,20.192130,0,0,0,0
129.2456,,0.443941,0.443941,0.444883,0.012051,0.000000,0.000000,0.000000,0,1,0,1,20.185444,0,0,0,0
129.2659,,0.443941,0.443941,0.444883,0.012051,0.000000,0.000000,0.000000,0,1,0,1,20.292592,0,0,0,0
129.2866,,0.443941,0.443941,0.444883,0.012051,0.000000,0.000000,0.000000,0,1,0,1,20.338289,0,0,0,0
129.3067,,0.443941,0.443941,0.444883,0.012051,0.000000,0.000000,0.000000,0,1,0,1,20.236262,0,0,0,0
129.3266,,0.443941,0.443941,0.444883,0.012051,0.000000,0.000000,0.000000,0,1,0,1,20.263301,0,0,0,0
129.3467,,0.443941,0.443941,0.444883,0.012051,0.000000,0.000000,0.000000,0,1,0,1,20.212528,0,0,0,0
129.3676,,0.443941,0.443941,0.444883,0.012051,0.000000,0.000000,0.000000,0,1,0,1,20.199410,0,0,0,0
129.3875,,0.443941,0.443941,0.444883,0.012051,0.000000,0.000000,0.000000,0,1,0,1,20.148725,0,0,0,0
129.4076,,0.443941,0.443941,0.444883,0.012051,0.000000,0.000000,0.000000,0,1,0,1,20.194932,0,0,0,0
129.4277,,0.443941,0.443941,0.444883,0.012051,0.000000,0.000000,0.000000,0,1,0,1,20.220836,0,0,0,0
129.4477,,0.443941,0.443941,0.444883,0.012051,0.000000,0.000000,0.000000,0,1,0,1,20.163231,0,0,0,0
129.4686,,0.443941,0.443941,0.444883,0.012051,0.000000,0.000000,0.000000,0,1,0,1,20.147682,0,0,0,0
129.4886,,0.443941,0.443941,0.444883,0.012051,0.000000,0.000000,0.000000,0,1,0,1,20.264396,0,0,0,0
129.5086,,0.443941,0.443941,0.444883,0.012051,0.000000,0.000000,0.000000,0,1,0,1,20.218162,0,0,0,0
129.5286,,0.443941,0.443941,0.444883,0.012051,0.000000,0.000000,0.000000,0,1,0,1,20.336486,0,0,0,0
129.5495,,0.443941,0.443941,0.444883,0.012051,0.000000,0.000000,0.000000,0,1,0,1,20.245021,0,0,0,0
129.5696,,0.443941,0.443941,0.444883,0.012051,0.000000,0.000000,0.000000,0,1,0,1,20.188787,0,0,0,0
129.5896,,0.443941,0.443941,0.444883,0.012051,0.000000,0.000000,0.000000,0,1,0,1,20.173666,0,0,0,0
129.6095,,0.443941,0.443941,0.444883,0.012051,0.000000,0.000000,0.000000,0,1,0,1,20.208390,0,0,0,0
129.6296,,0.443941,0.443941,0.444883,0.012051,0.000000,0.000000,0.000000,0,1,0,1,20.124116,0,0,0,0
129.6496,,0.443941,0.443941,0.444883,0.012051,0.000000,0.000000,0.000000,0,1,0,1,20.092667,0,0,0,0
129.6706,,0.443941,0.443941,0.444883,0.012051,0.000000,0.000000,0.000000,0,1,0,1,20.225510,0,0,0,0
129.6907,,0.443941,0.443941,0.444883,0.012051,0.000000,0.000000,0.000000,0,1,0,1,20.204976,0,0,0,0
129.7107,,0.443941,0.443941,0.444883,0.012051,0.000000,0.000000,0.000000,0,1,0,1,20.274739,0,0,0,0
129.7307,,0.443941,0.443941,0.444883,0.012051,0.000000,0.000000,0.000000,0,1,0,1,20.306263,0,0,0,0
129.7505,,0.443941,0.443941,0.444883,0.012051,0.000000,0.000000,0.000000,0,1,0,1,20.088235,0,0,0,0
129.7715,,0.443941,0.443941,0.444883,0.012051,0.000000,0.000000,0.000000,0,1,0,1,20.094763,0,0,0,0
129.7916,,0.443941,0.443941,0.444883,0.012051,0.000000,0.000000,0.000000,0,1,0,1,20.164324,0,0,0,0
129.8115,,0.443941,0.443941,0.444883,0.012051,0.000000,0.000000,0.000000,0,1,0,1,20.202060,0,0,0,0
129.8315,,0.443941,0.443941,0.444883,0.012051,0.000000,0.000000,0.000000,0,1,0,1,20.191656,0,0,0,0
129.8516,,0.443941,0.443941,0.444883,0.012051,0.000000,0.000000,0.000000,0,1,0,1,20.039909,0,0,0,0
129.8717,,0.443941,0.443941,0.444883,0.012051,0.000000,0.000000,0.000000,0,1,0,1,20.213679,0,0,0,0
129.8917,,0.443941,0.443941,0.444883,0.012051,0.000000,0.000000,0.000000,0,1,0,1,20.188525,0,0,0,0
129.9127,,0.443941,0.443941,0.444883,0.012051,0.000000,0.000000,0.000000,0,1,0,1,20.182108,0,0,0,0
129.9326,,0.443941,0.443941,0.444883,0.012051,0.000000,0.000000,0.000000,0,1,0,1,20.205462,0,0,0,0
129.9526,,0.443941,0.443941,0.444883,0.012051,0.000000,0.000000,0.000000,0,1,0,1,20.206867,0,0,0,0
129.9726,,0.443941,0.443941,0.444883,0.012051,0.000000,0.000000,0.000000,0,1,0,1,20.249278,0,0,0,0
129.9938,,0.443941,0.443941,0.444883,0.012051,0.000000,0.000000,0.000000,0,1,0,1,20.148012,0,0,0,0
130.0136,,0.443941,0.443941,0.444883,0.012051,0.000000,0.000000,0.000000,0,1,0,1,20.156267,0,0,0,0
130.0333,,0.443941,0.443941,0.444883,0.012051,0.000000,0.000000,0.000000,0,1,0,1,20.079337,0,0,0,0
130.0534,,0.443941,0.443941,0.444883,0.012051,0.000000,0.000000,0.000000,0,1,0,1,20.085188,0,0,0,0
130.0735,,0.443941,0.443941,0.444883,0.012051,0.000000,0.000000,0.000000,0,1,0,1,20.113138,0,0,0,0
130.0935,,0.443941,0.443941,0.444883,0.012051,0.000000,0.000000,0.000000,0,1,0,1,20.385048,0,0,0,0
130.1144,,0.443941,0.443941,0.444883,0.012051,0.000000,0.000000,0.000000,0,1,0,1,20.083618,0,0,0,0
130.1345,,0.443941,0.443941,0.444883,0.012051,0.000000,0.000000,0.000000,0,1,0,1,20.132721,0,0,0,0
130.1546,,0.443941,0.443941,0.444883,0.012051,0.000000,0.000000,0.000000,0,1,0,1,20.068928,0,0,0,0
130.1746,,0.443941,0.443941,0.444883,0.012051,0.000000,0.000000,0.000000,0,1,0,1,20.257068,0,0,0,0
130.1945,,0.443941,0.443941,0.444883,0.012051,0.000000,0.000000,0.000000,0,1,0,1,20.194792,0,0,0,0
130.2145,,0.443941,0.443941,0.444883,0.012051,0.000000,0.000000,0.000000,0,1,0,1,20.207477,0,0,0,0
130.2346,,0.443941,0.443941,0.444883,0.012051,0.000000,0.000000,0.000000,0,1,0,1,20.130708,0,0,0,0
130.2555,,0.443941,0.443941,0.444883,0.012051,0.000000,0.000000,0.000000,0,1,0,1,20.197524,0,0,0,0
130.2755,,0.443941,0.443941,0.444883,0.012051,0.000000,0.000000,0.000000,0,1,0,1,20.200798,0,0,0,0
130.2954,,0.443941,0.443941,0.444883,0.012051,0.000000,0.000000,0.000000,0,1,0,1,20.158540,0,0,0,0
130.3154,,0.443941,0.443941,0.444883,0.012051,0.000000,0.000000,0.000000,0,1,0,1,20.274474,0,0,0,0
130.3356,,0.443941,0.443941,0.444883,0.012051,0.000000,0.000000,0.000000,0,1,0,1,20.096011,0,0,0,0
130.3566,,0.443941,0.443941,0.444883,0.012051,0.000000,0.000000,0.000000,0,1,0,1,20.347235,0,0,0,0
130.3765,,0.443941,0.443941,0.444883,0.012051,0.000000,0.000000,0.000000,0,1,0,1,20.106316,0,0,0,0
130.3964,,0.443941,0.443941,0.444883,0.012051,0.000000,0.000000,0.000000,0,1,0,1,20.109950,0,0,0,0
130.4166,,0.443941,0.443941,0.444883,0.012051,0.000000,0.000000,0.000000,0,1,0,1,20.088113,0,0,0,0
130.4366,,0.443941,0.443941,0.444883,0.012051,0.000000,0.000000,0.000000,0,1,0,1,20.084041,0,0,0,0
130.4564,,0.443941,0.443941,0.444883,0.012051,0.000000,0.000000,0.000000,0,1,0,1,20.089483,0,0,0,0
130.4765,,0.443941,0.443941,0.444883,0.012051,0.000000,0.000000,0.000000,0,1,0,1,20.217822,0,0,0,0
130.4975,,0.443941,0.443941,0.444883,0.012051,0.000000,0.000000,0.000000,0,1,0,1,20.178543,0,0,0,0
130.5175,,0.443941,0.443941,0.444883,0.012051,0.000000,0.000000,0.000000,0,1,0,1,20.187656,0,0,0,0
130.5374,,0.443941,0.443941,0.444883,0.012051,0.000000,0.000000,0.000000,0,1,0,1,20.193031,0,0,0,0
130.5575,,0.443941,0.443941,0.444883,0.012051,0.000000,0.000000,0.000000,0,1,0,1,20.237166,0,0,0,0
130.5774,,0.443941,0.443941,0.444883,0.012051,0.000000,0.000000,0.000000,0,1,0,1,20.087714,0,0,0,0
130.5984,,0.443941,0.443941,0.444883,0.012051,0.000000,0.000000,0.000000,0,1,0,1,20.258521,0,0,0,0
130.6184,,0.443941,0.443941,0.444883,0.012051,0.000000,0.000000,0.000000,0,1,0,1,20.122579,0,0,0,0
130.6384,,0.443941,0.443941,0.444883,0.012051,0.000000,0.000000,0.000000,0,1,0,1,20.150222,0,0,0,0
130.6583,,0.443941,0.443941,0.444883,0.012051,0.000000,0.000000,0.000000,0,1,0,1,20.456997,0,0,0,0
130.6783,,0.443941,0.443941,0.444883,0.012051,0.000000,0.000000,0.000000,0,1,0,1,20.087930,0,0,0,0
130.6983,,0.443941,0.443941,0.444883,0.012051,0.000000,0.000000,0.000000,0,1,0,1,20.077199,0,0,0,0
130.7183,,0.443941,0.443941,0.444883,0.012051,0.000000,0.000000,0.000000,0,1,0,1,20.074344,0,0,0,0
130.7395,,0.443941,0.443941,0.444883,0.012051,0.000000,0.000000,0.000000,0,1,0,1,20.113157,0,0,0,0
130.7594,,0.443941,0.443941,0.444883,0.012051,0.000000,0.000000,0.000000,0,1,0,1,20.090111,0,0,0,0
130.7796,,0.443941,0.443941,0.444883,0.012051,0.000000,0.000000,0.000000,0,1,0,1,20.079487,0,0,0,0
130.7995,,0.443941,0.443941,0.444883,0.012051,0.000000,0.000000,0.000000,0,1,0,1,20.191191,0,0,0,0
130.8195,,0.443941,0.443941,0.444883,0.012051,0.000000,0.000000,0.000000,0,1,0,1,20.191514,0,0,0,0
130.8396,,0.443941,0.443941,0.444883,0.012051,0.000000,0.000000,0.000000,0,1,0,1,20.067535,0,0,0,0
130.8596,,0.443941,0.443941,0.444883,0.012051,0.000000,0.000000,0.000000,0,1,0,1,20.071636,0,0,0,0
130.8793,,0.443941,0.443941,0.444883,0.012051,0.000000,0.000000,0.000000,0,1,0,1,20.078722,0,0,0,0
130.8994,,0.443941,0.443941,0.444883,0.012051,0.000000,0.000000,0.000000,0,1,0,1,20.071430,0,0,0,0
130.9204,,0.443941,0.443941,0.444883,0.012051,0.000000,0.000000,0.000000,0,1,0,1,20.169529,0,0,0,0
130.9403,,0.443941,0.443941,0.444883,0.012051,0.000000,0.000000,0.000000,0,1,0,1,20.117976,0,0,0,0
130.9604,,0.443941,0.443941,0.444883,0.012051,0.000000,0.000000,0.000000,0,1,0,1,20.108433,0,0,0,0
130.9807,,0.443941,0.443941,0.444883,0.012051,0.000000,0.000000,0.000000,0,1,0,1,20.245231,0,0,0,0
131.0005,,0.443941,0.443941,0.444883,0.012051,0.000000,0.000000,0.000000,0,1,0,1,20.275784,0,0,0,0
131.0205,,0.443941,0.443941,0.444883,0.012051,0.000000,0.000000,0.000000,0,1,0,1,20.111456,0,0,0,0
131.0415,,0.443941,0.443941,0.444883,0.012051,0.000000,0.000000,0.000000,0,1,0,1,20.109316,0,0,0,0
131.0614,,0.443941,0.443941,0.444883,0.012051,0.000000,0.000000,0.000000,0,1,0,1,20.102410,0,0,0,0
131.0813,,0.443941,0.443941,0.444883,0.012051,0.000000,0.000000,0.000000,0,1,0,1,20.180409,0,0,0,0
131.1015,,0.443941,0.443941,0.444883,0.012051,0.000000,0.000000,0.000000,0,1,0,1,20.108142,0,0,0,0
131.1214,,0.443941,0.443941,0.444883,0.012051,0.000000,0.000000,0.000000,0,1,0,1,20.228934,0,0,0,0
131.1414,,0.443941,0.443941,0.444883,0.012051,0.000000,0.000000,0.000000,0,1,0,1,20.115844,0,0,0,0
131.1614,,0.443941,0.443941,0.444883,0.012051,0.000000,0.000000,0.000000,0,1,0,1,20.099628,0,0,0,0
131.1826,,0.443941,0.443941,0.444883,0.012051,0.000000,0.000000,0.000000,0,1,0,1,20.231937,0,0,0,0
131.2023,,0.443941,0.443941,0.444883,0.012051,0.000000,0.000000,0.000000,0,1,0,1,20.183676,0,0,0,0
131.2225,,0.443941,0.443941,0.444883,0.012051,0.000000,0.000000,0.000000,0,1,0,1,20.216660,0,0,0,0
131.2425,,0.443941,0.443941,0.444883,0.012051,0.000000,0.000000,0.000000,0,1,0,1,20.127938,0,0,0,0
131.2626,,0.443941,0.443941,0.444883,0.012051,0.000000,0.000000,0.000000,0,1,0,1,20.078870,0,0,0,0
131.2826,,0.443941,0.443941,0.444883,0.012051,0.000000,0.000000,0.000000,0,1,0,1,20.083012,0,0,0,0
131.3024,,0.443941,0.443941,0.444883,0.012051,0.000000,0.000000,0.000000,0,1,0,1,20.103789,0,0,0,0
131.3224,,0.443941,0.443941,0.444883,0.012051,0.000000,0.000000,0.000000,0,1,0,1,20.072450,0,0,0,0
131.3435,,0.443941,0.443941,0.444883,0.012051,0.000000,0.000000,0.000000,0,1,0,1,20.106430,0,0,0,0
131.3634,,0.443941,0.443941,0.444883,0.012051,0.000000,0.000000,0.000000,0,1,0,1,20.104668,0,0,0,0
131.3835,,0.443941,0.443941,0.444883,0.012051,0.000000,0.000000,0.000000,0,1,0,1,20.178082,0,0,0,0
131.4037,,0.443941,0.443941,0.444883,0.012051,0.000000,0.000000,0.000000,0,1,0,1,20.192455,0,0,0,0
131.4237,,0.443941,0.443941,0.444883,0.012051,0.000000,0.000000,0.000000,0,1,0,1,20.172391,0,0,0,0
131.4437,,0.443941,0.443941,0.444883,0.012051,0.000000,0.000000,0.000000,0,1,0,1,20.071694,0,0,0,0
131.4635,,0.443941,0.443941,0.444883,0.012051,0.000000,0.000000,0.000000,0,1,0,1,20.071399,0,0,0,0
131.4845,,0.443941,0.443941,0.444883,0.012051,0.000000,0.000000,0.000000,0,1,0,1,20.340240,0,0,0,0
131.5046,,0.443941,0.443941,0.444883,0.012051,0.000000,0.000000,0.000000,0,1,0,1,20.181675,0,0,0,0
131.5244,,0.443941,0.443941,0.444883,0.012051,0.000000,0.000000,0.000000,0,1,0,1,20.114728,0,0,0,0
131.5446,,0.443941,0.443941,0.444883,0.012051,0.000000,0.000000,0.000000,0,1,0,1,20.153583,0,0,0,0
131.5645,,0.443941,0.443941,0.444883,0.012051,0.000000,0.000000,0.000000,0,1,0,1,20.099351,0,0,0,0
131.5844,,0.443941,0.443941,0.444883,0.012051,0.000000,0.000000,0.000000,0,1,0,1,20.077519,0,0,0,0
131.6044,,0.443941,0.443941,0.444883,0.012051,0.000000,0.000000,0.000000,0,1,0,1,20.119497,0,0,0,0
131.6256,,0.443941,0.443941,0.444883,0.012051,0.000000,0.000000,0.000000,0,1,0,1,20.106815,0,0,0,0
131.6455,,0.443941,0.443941,0.444883,0.012051,0.000000,0.000000,0.000000,0,1,0,1,20.174666,0,0,0,0
131.6654,,0.443941,0.443941,0.444883,0.012051,0.000000,0.000000,0.000000,0,1,0,1,20.138087,0,0,0,0
131.6854,,0.443941,0.443941,0.444883,0.012051,0.000000,0.000000,0.000000,0,1,0,1,20.116901,0,0,0,0
131.7054,,0.443941,0.443941,0.444883,0.012051,0.000000,0.000000,0.000000,0,1,0,1,20.305075,0,0,0,0
131.7254,,0.443941,0.443941,0.444883,0.012051,0.000000,0.000000,0.000000,0,1,0,1,20.094340,0,0,0,0
131.7454,,0.443941,0.443941,0.444883,0.012051,0.000000,0.000000,0.000000,0,1,0,1,20.080291,0,0,0,0
131.7664,,0.443941,0.443941,0.444883,0.012051,0.000000,0.000000,0.000000,0,1,0,1,20.082953,0,0,0,0
131.7864,,0.443941,0.443941,0.444883,0.012051,0.000000,0.000000,0.000000,0,1,0,1,20.099796,0,0,0,0
131.8064,,0.443941,0.443941,0.444883,0.012051,0.000000,0.000000,0.000000,0,1,0,1,20.191784,0,0,0,0
131.8263,,0.443941,0.443941,0.444883,0.012051,0.000000,0.000000,0.000000,0,1,0,1,20.166747,0,0,0,0
131.8465,,0.443941,0.443941,0.444883,0.012051,0.000000,0.000000,0.000000,0,1,0,1,20.108094,0,0,0,0
131.8665,,0.443941,0.443941,0.444883,0.012051,0.000000,0.000000,0.000000,0,1,0,1,20.104203,0,0,0,0
131.8864,,0.443941,0.443941,0.444883,0.012051,0.000000,0.000000,0.000000,0,1,0,1,20.073625,0,0,0,0
131.9064,,0.443941,0.443941,0.444883,0.012051,0.000000,0.000000,0.000000,0,1,0,1,20.086084,0,0,0,0
131.9266,,0.443941,0.443941,0.444883,0.012051,0.000000,0.000000,0.000000,0,1,0,1,20.100705,0,0,0,0
131.9476,,0.443941,0.443941,0.444883,0.012051,0.000000,0.000000,0.000000,0,1,0,1,20.303806,0,0,0,0
131.9675,,0.443941,0.443941,0.444883,0.012051,0.000000,0.000000,0.000000,0,1,0,1,20.173050,0,0,0,0
131.9874,,0.443941,0.443941,0.444883,0.012051,0.000000,0.000000,0.000000,0,1,0,1,20.148935,0,0,0,0
132.0074,,0.443941,0.443941,0.444883,0.012051,0.000000,0.000000,0.000000,0,1,0,1,20.083314,0,0,0,0
132.0274,,0.443941,0.443941,0.444883,0.012051,0.000000,0.000000,0.000000,0,1,0,1,20.127263,0,0,0,0
132.0474,,0.443941,0.443941,0.444883,0.012051,0.000000,0.000000,0.000000,0,1,0,1,20.078523,0,0,0,0
132.0685,,0.443941,0.443941,0.444883,0.012051,0.000000,0.000000,0.000000,0,1,0,1,20.306041,0,0,0,0
132.0885,,0.443941,0.443941,0.444883,0.012051,0.000000,0.000000,0.000000,0,1,0,1,20.207633,0,0,0,0
132.1084,,0.443941,0.443941,0.444883,0.012051,0.000000,0.000000,0.000000,0,1,0,1,20.188869,0,0,0,0
132.1284,,0.443941,0.443941,0.444883,0.012051,0.000000,0.000000,0.000000,0,1,0,1,20.073541,0,0,0,0
132.1485,,0.443941,0.443941,0.444883,0.012051,0.000000,0.000000,0.000000,0,1,0,1,20.072659,0,0,0,0
132.1683,,0.443941,0.443941,0.444883,0.012051,0.000000,0.000000,0.000000,0,1,0,1,20.068219,0,0,0,0
132.1883,,0.443941,0.443941,0.444883,0.012051,0.000000,0.000000,0.000000,0,1,0,1,20.103292,0,0,0,0
132.2095,,0.443941,0.443941,0.444883,0.012051,0.000000,0.000000,0.000000,0,1,0,1,20.103304,0,0,0,0
132.2294,,0.443941,0.443941,0.444883,0.012051,0.000000,0.000000,0.000000,0,1,0,1,20.171922,0,0,0,0
132.2494,,0.443941,0.443941,0.444883,0.012051,0.000000,0.000000,0.000000,0,1,0,1,20.095963,0,0,0,0
132.2695,,0.443941,0.443941,0.444883,0.012051,0.000000,0.000000,0.000000,0,1,0,1,20.108134,0,0,0,0
132.2894,,0.443941,0.443941,0.444883,0.012051,0.000000,0.000000,0.000000,0,1,0,1,20.187828,0,0,0,0
132.3096,,0.443941,0.443941,0.444883,0.012051,0.000000,0.000000,0.000000,0,1,0,1,20.082742,0,0,0,0
132.3295,,0.443941,0.443941,0.444883,0.012051,0.000000,0.000000,0.000000,0,1,0,1,20.078357,0,0,0,0
132.3495,,0.443941,0.443941,0.444883,0.012051,0.000000,0.000000,0.000000,0,1,0,1,20.102983,0,0,0,0
132.3695,,0.443941,0.443941,0.444883,0.012051,0.000000,0.000000,0.000000,0,1,0,1,20.065969,0,0,0,0
132.3906,,0.443941,0.443941,0.444883,0.012051,0.000000,0.000000,0.000000,0,1,0,1,20.103235,0,0,0,0
132.4106,,0.443941,0.443941,0.444883,0.012051,0.000000,0.000000,0.000000,0,1,0,1,20.097947,0,0,0,0
132.4306,,0.443941,0.443941,0.444883,0.012051,0.000000,0.000000,0.000000,0,1,0,1,20.182097,0,0,0,0
132.4506,,0.443941,0.443941,0.444883,0.012051,0.000000,0.000000,0.000000,0,1,0,1,20.147186,0,0,0,0
132.4705,,0.443941,0.443941,0.444883,0.012051,0.000000,0.000000,0.000000,0,1,0,1,20.123156,0,0,0,0
132.4905,,0.443941,0.443941,0.444883,0.012051,0.000000,0.000000,0.000000,0,1,0,1,20.235750,0,0,0,0
132.5106,,0.443941,0.443941,0.444883,0.012051,0.000000,0.000000,0.000000,0,1,0,1,20.095748,0,0,0,0
132.5316,,0.443941,0.443941,0.444883,0.012051,0.000000,0.000000,0.000000,0,1,0,1,20.091187,0,0,0,0
132.5515,,0.443941,0.443941,0.444883,0.012051,0.000000,0.000000,0.000000,0,1,0,1,20.108628,0,0,0,0
132.5715,,0.443941,0.443941,0.444883,0.012051,0.000000,0.000000,0.000000,0,1,0,1,20.182574,0,0,0,0
132.5914,,0.443941,0.443941,0.444883,0.012051,0.000000,0.000000,0.000000,0,1,0,1,20.181608,0,0,0,0
132.6114,,0.443941,0.443941,0.444883,0.012051,0.000000,0.000000,0.000000,0,1,0,1,20.079865,0,0,0,0
132.6315,,0.443941,0.443941,0.444883,0.012051,0.000000,0.000000,0.000000,0,1,0,1,20.158064,0,0,0,0
132.6514,,0.443941,0.443941,0.444883,0.012051,0.000000,0.000000,0.000000,0,1,0,1,20.086523,0,0,0,0
132.6713,,0.443941,0.443941,0.444883,0.012051,0.000000,0.000000,0.000000,0,1,0,1,20.082041,0,0,0,0
132.6915,,0.443941,0.443941,0.444883,0.012051,0.000000,0.000000,0.000000,0,1,0,1,20.112939,0,0,0,0
132.7124,,0.443941,0.443941,0.444883,0.012051,0.000000,0.000000,0.000000,0,1,0,1,20.079263,0,0,0,0
132.7327,,0.443941,0.443941,0.444883,0.012051,0.000000,0.000000,0.000000,0,1,0,1,20.125668,0,0,0,0
132.7524,,0.443941,0.443941,0.444883,0.012051,0.000000,0.000000,0.000000,0,1,0,1,20.162995,0,0,0,0
132.7724,,0.443941,0.443941,0.444883,0.012051,0.000000,0.000000,0.000000,0,1,0,1,20.124113,0,0,0,0
132.7925,,0.443941,0.443941,0.444883,0.012051,0.000000,0.000000,0.000000,0,1,0,1,20.144867,0,0,0,0
132.8124,,0.443941,0.443941,0.444883,0.012051,0.000000,0.000000,0.000000,0,1,0,1,20.157852,0,0,0,0
132.8325,,0.443941,0.443941,0.444883,0.012051,0.000000,0.000000,0.000000,0,1,0,1,20.206719,0,0,0,0
132.8535,,0.443941,0.443941,0.444883,0.012051,0.000000,0.000000,0.000000,0,1,0,1,20.181604,0,0,0,0
132.8735,,0.443941,0.443941,0.444883,0.012051,0.000000,0.000000,0.000000,0,1,0,1,20.174896,0,0,0,0
132.8934,,0.443941,0.443941,0.444883,0.012051,0.000000,0.000000,0.000000,0,1,0,1,20.135461,0,0,0,0
132.9145,,0.443941,0.443941,0.444883,0.012051,0.000000,0.000000,0.000000,0,1,0,1,20.491750,0,0,0,0
132.9345,,0.443941,0.443941,0.444883,0.012051,0.000000,0.000000,0.000000,0,1,0,1,20.112250,0,0,0,0
132.9546,,0.443941,0.443941,0.444883,0.012051,0.000000,0.000000,0.000000,0,1,0,1,20.188406,0,0,0,0
132.9745,,0.443941,0.443941,0.444883,0.012051,0.000000,0.000000,0.000000,0,1,0,1,20.238677,0,0,0,0
132.9943,,0.443941,0.443941,0.444883,0.012051,0.000000,0.000000,0.000000,0,1,0,1,20.147434,0,0,0,0
133.0145,,0.443941,0.443941,0.444883,0.012051,0.000000,0.000000,0.000000,0,1,0,1,20.069894,0,0,0,0
133.0345,,0.443941,0.443941,0.444883,0.012051,0.000000,0.000000,0.000000,0,1,0,1,20.069841,0,0,0,0
133.0544,,0.443941,0.443941,0.444883,0.012051,0.000000,0.000000,0.000000,0,1,0,1,20.152585,0,0,0,0
133.0744,,0.443941,0.443941,0.444883,0.012051,0.000000,0.000000,0.000000,0,1,0,1,20.071375,0,0,0,0
133.0953,,0.443941,0.443941,0.444883,0.012051,0.000000,0.000000,0.000000,0,1,0,1,20.072292,0,0,0,0
133.1156,,0.443941,0.443941,0.444883,0.012051,0.000000,0.000000,0.000000,0,1,0,1,20.233385,0,0,0,0
133.1354,,0.443941,0.443941,0.444883,0.012051,0.000000,0.000000,0.000000,0,1,0,1,20.230407,0,0,0,0
133.1556,,0.443941,0.443941,0.444883,0.012051,0.000000,0.000000,0.000000,0,1,0,1,20.097969,0,0,0,0
133.1755,,0.443941,0.443941,0.444883,0.012051,0.000000,0.000000,0.000000,0,1,0,1,20.163389,0,0,0,0
133.1955,,0.443941,0.443941,0.444883,0.012051,0.000000,0.000000,0.000000,0,1,0,1,20.067468,0,0,0,0
133.2166,,0.443941,0.443941,0.444883,0.012051,0.000000,0.000000,0.000000,0,1,0,1,20.167903,0,0,0,0
133.2365,,0.443941,0.443941,0.444883,0.012051,0.000000,0.000000,0.000000,0,1,0,1,20.164005,0,0,0,0
133.2566,,0.443941,0.443941,0.444883,0.012051,0.000000,0.000000,0.000000,0,1,0,1,20.269274,0,0,0,0
133.2765,,0.443941,0.443941,0.444883,0.012051,0.000000,0.000000,0.000000,0,1,0,1,20.104522,0,0,0,0
133.2967,,0.443941,0.443941,0.444883,0.012051,0.000000,0.000000,0.000000,0,1,0,1,20.134833,0,0,0,0
133.3167,,0.443941,0.443941,0.444883,0.012051,0.000000,0.000000,0.000000,0,1,0,1,20.090683,0,0,0,0
133.3366,,0.443941,0.443941,0.444883,0.012051,0.000000,0.000000,0.000000,0,1,0,1,20.118989,0,0,0,0
133.3576,,0.443941,0.443941,0.444883,0.012051,0.000000,0.000000,0.000000,0,1,0,1,20.109753,0,0,0,0
133.3776,,0.443941,0.443941,0.444883,0.012051,0.000000,0.000000,0.000000,0,1,0,1,20.122372,0,0,0,0
133.3975,,0.443941,0.443941,0.444883,0.012051,0.000000,0.000000,0.000000,0,1,0,1,20.330447,0,0,0,0
133.4175,,0.443941,0.443941,0.444883,0.012051,0.000000,0.000000,0.000000,0,1,0,1,20.096736,0,0,0,0
133.4376,,0.443941,0.443941,0.444883,0.012051,0.000000,0.000000,0.000000,0,1,0,1,20.098723,0,0,0,0
133.4575,,0.443941,0.443941,0.444883,0.012051,0.000000,0.000000,0.000000,0,1,0,1,20.066888,0,0,0,0
133.4775,,0.443941,0.443941,0.444883,0.012051,0.000000,0.000000,0.000000,0,1,0,1,20.076670,0,0,0,0
133.4974,,0.443941,0.443941,0.444883,0.012051,0.000000,0.000000,0.000000,0,1,0,1,20.087543,0,0,0,0
133.5185,,0.443941,0.443941,0.444883,0.012051,0.000000,0.000000,0.000000,0,1,0,1,20.252730,0,0,0,0
133.5385,,0.443941,0.443941,0.444883,0.012051,0.000000,0.000000,0.000000,0,1,0,1,20.292848,0,0,0,0
133.5584,,0.443941,0.443941,0.444883,0.012051,0.000000,0.000000,0.000000,0,1,0,1,20.095317,0,0,0,0
133.5786,,0.443941,0.443941,0.444883,0.012051,0.000000,0.000000,0.000000,0,1,0,1,20.077116,0,0,0,0
133.5986,,0.443941,0.443941,0.444883,0.012051,0.000000,0.000000,0.000000,0,1,0,1,20.155356,0,0,0,0
133.6185,,0.443941,0.443941,0.444883,0.012051,0.000000,0.000000,0.000000,0,1,0,1,20.186529,0,0,0,0
133.6396,,0.443941,0.443941,0.444883,0.012051,0.000000,0.000000,0.000000,0,1,0,1,20.182047,0,0,0,0
133.6596,,0.443941,0.443941,0.444883,0.012051,0.000000,0.000000,0.000000,0,1,0,1,20.233125,0,0,0,0
133.6795,,0.443941,0.443941,0.444883,0.012051,0.000000,0.000000,0.000000,0,1,0,1,20.269960,0,0,0,0
133.6995,,0.443941,0.443941,0.444883,0.012051,0.000000,0.000000,0.000000,0,1,0,1,20.186644,0,0,0,0
133.7205,,0.443941,0.443941,0.444883,0.012051,0.000000,0.000000,0.000000,0,1,0,1,20.198692,0,0,0,0
133.7405,,0.443941,0.443941,0.444883,0.012051,0.000000,0.000000,0.000000,0,1,0,1,20.209079,0,0,0,0
133.7605,,0.443941,0.443941,0.444883,0.012051,0.000000,0.000000,0.000000,0,1,0,1,20.160946,0,0,0,0
133.7804,,0.443941,0.443941,0.444883,0.012051,0.000000,0.000000,0.000000,0,1,0,1,20.249094,0,0,0,0
133.8005,,0.443941,0.443941,0.444883,0.012051,0.000000,0.000000,0.000000,0,1,0,1,20.232795,0,0,0,0
133.8208,,0.443941,0.443941,0.444883,0.012051,0.000000,0.000000,0.000000,0,1,0,1,20.079190,0,0,0,0
133.8417,,0.443941,0.443941,0.444883,0.012051,0.000000,0.000000,0.000000,0,1,0,1,20.167793,0,0,0,0
133.8616,,0.443941,0.443941,0.444883,0.012051,0.000000,0.000000,0.000000,0,1,0,1,20.124622,0,0,0,0
133.8816,,0.443941,0.443941,0.444883,0.012051,0.000000,0.000000,0.000000,0,1,0,1,20.218740,0,0,0,0
133.9017,,0.443941,0.443941,0.444883,0.012051,0.000000,0.000000,0.000000,0,1,0,1,20.077700,0,0,0,0
133.9217,,0.443941,0.443941,0.444883,0.012051,0.000000,0.000000,0.000000,0,1,0,1,20.239821,0,0,0,0
133.9425,,0.443941,0.443941,0.444883,0.012051,0.000000,0.000000,0.000000,0,1,0,1,20.213940,0,0,0,0
133.9625,,0.443941,0.443941,0.444883,0.012051,0.000000,0.000000,0.000000,0,1,0,1,20.076579,0,0,0,0
133.9826,,0.443941,0.443941,0.444883,0.012051,0.000000,0.000000,0.000000,0,1,0,1,20.176468,0,0,0,0
134.0026,,0.443941,0.443941,0.444883,0.012051,0.000000,0.000000,0.000000,0,1,0,1,20.164914,0,0,0,0
134.0227,,0.443941,0.443941,0.444883,0.012051,0.000000,0.000000,0.000000,0,1,0,1,20.113703,0,0,0,0
134.0427,,0.443941,0.443941,0.444883,0.012051,0.000000,0.000000,0.000000,0,1,0,1,20.121377,0,0,0,0
134.0626,,0.443941,0.443941,0.444883,0.012051,0.000000,0.000000,0.000000,0,1,0,1,20.072974,0,0,0,0
134.0827,,0.443941,0.443941,0.444883,0.012051,0.000000,0.000000,0.000000,0,1,0,1,20.080497,0,0,0,0
134.1025,,0.443941,0.443941,0.444883,0.012051,0.000000,0.000000,0.000000,0,1,0,1,20.185733,0,0,0,0
134.1235,,0.443941,0.443941,0.444883,0.012051,0.000000,0.000000,0.000000,0,1,0,1,20.281202,0,0,0,0
134.1434,,0.443941,0.443941,0.444883,0.012051,0.000000,0.000000,0.000000,0,1,0,1,20.081481,0,0,0,0
134.1635,,0.443941,0.443941,0.444883,0.012051,0.000000,0.000000,0.000000,0,1,0,1,20.120022,0,0,0,0
134.1835,,0.443941,0.443941,0.444883,0.012051,0.000000,0.000000,0.000000,0,1,0,1,20.116898,0,0,0,0
134.2035,,0.443941,0.443941,0.444883,0.012051,0.000000,0.000000,0.000000,0,1,0,1,20.106259,0,0,0,0
134.2236,,0.443941,0.443941,0.444883,0.012051,0.000000,0.000000,0.000000,0,1,0,1,20.069000,0,0,0,0
134.2447,,0.443941,0.443941,0.444883,0.012051,0.000000,0.000000,0.000000,0,1,0,1,20.292576,0,0,0,0
134.2646,,0.443941,0.443941,0.444883,0.012051,0.000000,0.000000,0.000000,0,1,0,1,20.390183,0,0,0,0
134.2846,,0.443941,0.443941,0.444883,0.012051,0.000000,0.000000,0.000000,0,1,0,1,20.209857,0,0,0,0
134.3045,,0.443941,0.443941,0.444883,0.012051,0.000000,0.000000,0.000000,0,1,0,1,20.236656,0,0,0,0
134.3246,,0.443941,0.443941,0.444883,0.012051,0.000000,0.000000,0.000000,0,1,0,1,20.083626,0,0,0,0
134.3456,,0.443941,0.443941,0.444883,0.012051,0.000000,0.000000,0.000000,0,1,0,1,20.133365,0,0,0,0
134.3656,,0.443941,0.443941,0.444883,0.012051,0.000000,0.000000,0.000000,0,1,0,1,20.209929,0,0,0,0
134.3854,,0.443941,0.443941,0.444883,0.012051,0.000000,0.000000,0.000000,0,1,0,1,20.090715,0,0,0,0
134.4055,,0.443941,0.443941,0.444883,0.012051,0.000000,0.000000,0.000000,0,1,0,1,20.026034,0,0,0,0
134.4258,,0.443941,0.443941,0.444883,0.012051,0.000000,0.000000,0.000000,0,1,0,1,20.071690,0,0,0,0
134.4460,,0.443941,0.443941,0.444883,0.012051,0.000000,0.000000,0.000000,0,1,0,1,20.128781,0,0,0,0
134.4658,,0.443941,0.443941,0.444883,0.012051,0.000000,0.000000,0.000000,0,1,0,1,20.151740,0,0,0,0
134.4856,,0.443941,0.443941,0.444883,0.012051,0.000000,0.000000,0.000000,0,1,0,1,20.114860,0,0,0,0
134.5066,,0.443941,0.443941,0.444883,0.012051,0.000000,0.000000,0.000000,0,1,0,1,20.209331,0,0,0,0
134.5266,,0.443941,0.443941,0.444883,0.012051,0.000000,0.000000,0.000000,0,1,0,1,20.215411,0,0,0,0
134.5466,,0.443941,0.443941,0.444883,0.012051,0.000000,0.000000,0.000000,0,1,0,1,20.076222,0,0,0,0
134.5666,,0.443941,0.443941,0.444883,0.012051,0.000000,0.000000,0.000000,0,1,0,1,20.162016,0,0,0,0
134.5865,,0.443941,0.443941,0.444883,0.012051,0.000000,0.000000,0.000000,0,1,0,1,20.175418,0,0,0,0
134.6065,,0.443941,0.443941,0.444883,0.012051,0.000000,0.000000,0.000000,0,1,0,1,20.072414,0,0,0,0
134.6266,,0.443941,0.443941,0.444883,0.012051,0.000000,0.000000,0.000000,0,1,0,1,20.082022,0,0,0,0
134.6474,,0.443941,0.443941,0.444883,0.012051,0.000000,0.000000,0.000000,0,1,0,1,20.085564,0,0,0,0
134.6675,,0.443941,0.443941,0.444883,0.012051,0.000000,0.000000,0.000000,0,1,0,1,20.105195,0,0,0,0
134.6874,,0.443941,0.443941,0.444883,0.012051,0.000000,0.000000,0.000000,0,1,0,1,20.080786,0,0,0,0
134.7074,,0.443941,0.443941,0.444883,0.012051,0.000000,0.000000,0.000000,0,1,0,1,20.526752,0,0,0,0
134.7276,,0.443941,0.443941,0.444883,0.012051,0.000000,0.000000,0.000000,0,1,0,1,20.071777,0,0,0,0
134.7474,,0.443941,0.443941,0.444883,0.012051,0.000000,0.000000,0.000000,0,1,0,1,20.078813,0,0,0,0
134.7674,,0.443941,0.443941,0.444883,0.012051,0.000000,0.000000,0.000000,0,1,0,1,20.093821,0,0,0,0
134.7887,,0.443941,0.443941,0.444883,0.012051,0.000000,0.000000,0.000000,0,1,0,1,20.112399,0,0,0,0
134.8086,,0.443941,0.443941,0.444883,0.012051,0.000000,0.000000,0.000000,0,1,0,1,20.205787,0,0,0,0
134.8286,,0.443941,0.443941,0.444883,0.012051,0.000000,0.000000,0.000000,0,1,0,1,20.225246,0,0,0,0
134.8486,,0.443941,0.443941,0.444883,0.012051,0.000000,0.000000,0.000000,0,1,0,1,20.146743,0,0,0,0
134.8686,,0.443941,0.443941,0.444883,0.012051,0.000000,0.000000,0.000000,0,1,0,1,20.117648,0,0,0,0
134.8885,,0.443941,0.443941,0.444883,0.012051,0.000000,0.000000,0.000000,0,1,0,1,20.080772,0,0,0,0
134.9096,,0.443941,0.443941,0.444883,0.012051,0.000000,0.000000,0.000000,0,1,0,1,20.401784,0,0,0,0
134.9295,,0.443941,0.443941,0.444883,0.012051,0.000000,0.000000,0.000000,0,1,0,1,20.127250,0,0,0,0
134.9495,,0.443941,0.443941,0.444883,0.012051,0.000000,0.000000,0.000000,0,1,0,1,20.159797,0,0,0,0
134.9695,,0.443941,0.443941,0.444883,0.012051,0.000000,0.000000,0.000000,0,1,0,1,20.077927,0,0,0,0
134.9896,,0.443941,0.443941,0.444883,0.012051,0.000000,0.000000,0.000000,0,1,0,1,20.074336,0,0,0,0
135.0097,,0.443941,0.443941,0.444883,0.012051,0.000000,0.000000,0.000000,0,1,0,1,20.075577,0,0,0,0
135.0296,,0.443941,0.443941,0.444883,0.012051,0.000000,0.000000,0.000000,0,1,0,1,20.071909,0,0,0,0
135.0495,,0.443941,0.443941,0.444883,0.012051,0.000000,0.000000,0.000000,0,1,0,1,20.087630,0,0,0,0
135.0695,,0.443941,0.443941,0.444883,0.012051,0.000000,0.000000,0.000000,0,1,0,1,20.067494,0,0,0,0
135.0904,,0.443941,0.443941,0.444883,0.012051,0.000000,0.000000,0.000000,0,1,0,1,20.064613,0,0,0,0
135.1106,,0.443941,0.443941,0.444883,0.012051,0.000000,0.000000,0.000000,0,1,0,1,20.179185,0,0,0,0
135.1307,,0.443941,0.443941,0.444883,0.012051,0.000000,0.000000,0.000000,0,1,0,1,20.190085,0,0,0,0
135.1507,,0.443941,0.443941,0.444883,0.012051,0.000000,0.000000,0.000000,0,1,0,1,20.153124,0,0,0,0
135.1704,,0.443941,0.443941,0.444883,0.012051,0.000000,0.000000,0.000000,0,1,0,1,20.074721,0,0,0,0
135.1908,,0.443941,0.443941,0.444883,0.012051,0.000000,0.000000,0.000000,0,1,0,1,20.103326,0,0,0,0
135.2105,,0.443941,0.443941,0.444883,0.012051,0.000000,0.000000,0.000000,0,1,0,1,20.180705,0,0,0,0
135.2316,,0.443941,0.443941,0.444883,0.012051,0.000000,0.000000,0.000000,0,1,0,1,20.164823,0,0,0,0
135.2517,,0.443941,0.443941,0.444883,0.012051,0.000000,0.000000,0.000000,0,1,0,1,20.178877,0,0,0,0
135.2716,,0.443941,0.443941,0.444883,0.012051,0.000000,0.000000,0.000000,0,1,0,1,20.176966,0,0,0,0
135.2916,,0.443941,0.443941,0.444883,0.012051,0.000000,0.000000,0.000000,0,1,0,1,20.133697,0,0,0,0
135.3116,,0.443941,0.443941,0.444883,0.012051,0.000000,0.000000,0.000000,0,1,0,1,20.123630,0,0,0,0
135.3314,,0.443941,0.443941,0.444883,0.012051,0.000000,0.000000,0.000000,0,1,0,1,20.225559,0,0,0,0
135.3526,,0.443941,0.443941,0.444883,0.012051,0.000000,0.000000,0.000000,0,1,0,1,20.187926,0,0,0,0
135.3726,,0.443941,0.443941,0.444883,0.012051,0.000000,0.000000,0.000000,0,1,0,1,20.253996,0,0,0,0
135.3926,,0.443941,0.443941,0.444883,0.012051,0.000000,0.000000,0.000000,0,1,0,1,20.080839,0,0,0,0
135.4125,,0.443941,0.443941,0.444883,0.012051,0.000000,0.000000,0.000000,0,1,0,1,20.070924,0,0,0,0
135.4326,,0.443941,0.443941,0.444883,0.012051,0.000000,0.000000,0.000000,0,1,0,1,20.123941,0,0,0,0
135.4526,,0.443941,0.443941,0.444883,0.012051,0.000000,0.000000,0.000000,0,1,0,1,20.076466,0,0,0,0
135.4726,,0.443941,0.443941,0.444883,0.012051,0.000000,0.000000,0.000000,0,1,0,1,20.096771,0,0,0,0
135.4925,,0.443941,0.443941,0.444883,0.012051,0.000000,0.000000,0.000000,0,1,0,1,20.191705,0,0,0,0
135.5136,,0.443941,0.443941,0.444883,0.012051,0.000000,0.000000,0.000000,0,1,0,1,20.098018,0,0,0,0
135.5337,,0.443941,0.443941,0.444883,0.012051,0.000000,0.000000,0.000000,0,1,0,1,20.120002,0,0,0,0
135.5535,,0.443941,0.443941,0.444883,0.012051,0.000000,0.000000,0.000000,0,1,0,1,20.174693,0,0,0,0
135.5736,,0.443941,0.443941,0.444883,0.012051,0.000000,0.000000,0.000000,0,1,0,1,20.074731,0,0,0,0
135.5936,,0.443941,0.443941,0.444883,0.012051,0.000000,0.000000,0.000000,0,1,0,1,20.081468,0,0,0,0
135.6135,,0.443941,0.443941,0.444883,0.012051,0.000000,0.000000,0.000000,0,1,0,1,20.076839,0,0,0,0
135.6336,,0.443941,0.443941,0.444883,0.012051,0.000000,0.000000,0.000000,0,1,0,1,20.073232,0,0,0,0
135.6535,,0.443941,0.443941,0.444883,0.012051,0.000000,0.000000,0.000000,0,1,0,1,20.185856,0,0,0,0
135.6745,,0.443941,0.443941,0.444883,0.012051,0.000000,0.000000,0.000000,0,1,0,1,20.213073,0,0,0,0
135.6946,,0.443941,0.443941,0.444883,0.012051,0.000000,0.000000,0.000000,0,1,0,1,20.199783,0,0,0,0
135.7146,,0.443941,0.443941,0.444883,0.012051,0.000000,0.000000,0.000000,0,1,0,1,20.355349,0,0,0,0
135.7345,,0.443941,0.443941,0.444883,0.012051,0.000000,0.000000,0.000000,0,1,0,1,20.218419,0,0,0,0
135.7556,,0.443941,0.443941,0.444883,0.012051,0.000000,0.000000,0.000000,0,1,0,1,20.226263,0,0,0,0
135.7760,,0.443941,0.443941,0.444883,0.012051,0.000000,0.000000,0.000000,0,1,0,1,20.190867,0,0,0,0
135.7955,,0.443941,0.443941,0.444883,0.012051,0.000000,0.000000,0.000000,0,1,0,1,20.111584,0,0,0,0
135.8156,,0.443941,0.443941,0.444883,0.012051,0.000000,0.000000,0.000000,0,1,0,1,20.181382,0,0,0,0
135.8357,,0.443941,0.443941,0.444883,0.012051,0.000000,0.000000,0.000000,0,1,0,1,20.167425,0,0,0,0
135.8555,,0.443941,0.443941,0.444883,0.012051,0.000000,0.000000,0.000000,0,1,0,1,20.110489,0,0,0,0
135.8756,,0.443941,0.443941,0.444883,0.012051,0.000000,0.000000,0.000000,0,1,0,1,20.077963,0,0,0,0
135.8956,,0.443941,0.443941,0.444883,0.012051,0.000000,0.000000,0.000000,0,1,0,1,20.077766,0,0,0,0
135.9168,,0.443941,0.443941,0.444883,0.012051,0.000000,0.000000,0.000000,0,1,0,1,20.113265,0,0,0,0
135.9366,,0.443941,0.443941,0.444883,0.012051,0.000000,0.000000,0.000000,0,1,0,1,20.191134,0,0,0,0
135.9565,,0.443941,0.443941,0.444883,0.012051,0.000000,0.000000,0.000000,0,1,0,1,20.084821,0,0,0,0
135.9766,,0.443941,0.443941,0.444883,0.012051,0.000000,0.000000,0.000000,0,1,0,1,20.029917,0,0,0,0
135.9966,,0.443941,0.443941,0.444883,0.012051,0.000000,0.000000,0.000000,0,1,0,1,20.076596,0,0,0,0
136.0167,,0.443941,0.443941,0.444883,0.012051,0.000000,0.000000,0.000000,0,1,0,1,20.070977,0,0,0,0
136.0366,,0.443941,0.443941,0.444883,0.012051,0.000000,0.000000,0.000000,0,1,0,1,20.092666,0,0,0,0
136.0567,,0.443941,0.443941,0.444883,0.012051,0.000000,0.000000,0.000000,0,1,0,1,20.101064,0,0,0,0
136.0765,,0.443941,0.443941,0.444883,0.012051,0.000000,0.000000,0.000000,0,1,0,1,20.078579,0,0,0,0
136.0966,,0.443941,0.443941,0.444883,0.012051,0.000000,0.000000,0.000000,0,1,0,1,20.084403,0,0,0,0
136.1165,,0.443941,0.443941,0.444883,0.012051,0.000000,0.000000,0.000000,0,1,0,1,20.076814,0,0,0,0
136.1375,,0.443941,0.443941,0.444883,0.012051,0.000000,0.000000,0.000000,0,1,0,1,20.100451,0,0,0,0
136.1578,,0.443941,0.443941,0.444883,0.012051,0.000000,0.000000,0.000000,0,1,0,1,20.078933,0,0,0,0
136.1776,,0.443941,0.443941,0.444883,0.012051,0.000000,0.000000,0.000000,0,1,0,1,20.078669,0,0,0,0
136.1977,,0.443941,0.443941,0.444883,0.012051,0.000000,0.000000,0.000000,0,1,0,1,20.086429,0,0,0,0
136.2175,,0.443941,0.443941,0.444883,0.012051,0.000000,0.000000,0.000000,0,1,0,1,20.214067,0,0,0,0
136.2374,,0.443941,0.443941,0.444883,0.012051,0.000000,0.000000,0.000000,0,1,0,1,20.221480,0,0,0,0
136.2586,,0.443941,0.443941,0.444883,0.012051,0.000000,0.000000,0.000000,0,1,0,1,20.219855,0,0,0,0
136.2787,,0.443941,0.443941,0.444883,0.012051,0.000000,0.000000,0.000000,0,1,0,1,20.089227,0,0,0,0
136.2985,,0.443941,0.443941,0.444883,0.012051,0.000000,0.000000,0.000000,0,1,0,1,20.084828,0,0,0,0
136.3185,,0.443941,0.443941,0.444883,0.012051,0.000000,0.000000,0.000000,0,1,0,1,20.118578,0,0,0,0
136.3387,,0.443941,0.443941,0.444883,0.012051,0.000000,0.000000,0.000000,0,1,0,1,20.080504,0,0,0,0
136.3586,,0.443941,0.443941,0.444883,0.012051,0.000000,0.000000,0.000000,0,1,0,1,20.481048,0,0,0,0
136.3794,,0.443941,0.443941,0.444883,0.012051,0.000000,0.000000,0.000000,0,1,0,1,20.465645,0,0,0,0
136.3996,,0.443941,0.443941,0.444883,0.012051,0.000000,0.000000,0.000000,0,1,0,1,20.095043,0,0,0,0
136.4196,,0.443941,0.443941,0.444883,0.012051,0.000000,0.000000,0.000000,0,1,0,1,20.260202,0,0,0,0
136.4396,,0.443941,0.443941,0.444883,0.012051,0.000000,0.000000,0.000000,0,1,0,1,20.236644,0,0,0,0
136.4595,,0.443941,0.443941,0.444883,0.012051,0.000000,0.000000,0.000000,0,1,0,1,20.077591,0,0,0,0
136.4806,,0.443941,0.443941,0.444883,0.012051,0.000000,0.000000,0.000000,0,1,0,1,20.288025,0,0,0,0
136.5005,,0.443941,0.443941,0.444883,0.012051,0.000000,0.000000,0.000000,0,1,0,1,20.211878,0,0,0,0
136.5209,,0.443941,0.443941,0.444883,0.012051,0.000000,0.000000,0.000000,0,1,0,1,20.241883,0,0,0,0
136.5406,,0.443941,0.443941,0.444883,0.012051,0.000000,0.000000,0.000000,0,1,0,1,20.239885,0,0,0,0
136.5616,,0.443941,0.443941,0.444883,0.012051,0.000000,0.000000,0.000000,0,1,0,1,20.275346,0,0,0,0
136.5817,,0.443941,0.443941,0.444883,0.012051,0.000000,0.000000,0.000000,0,1,0,1,20.211039,0,0,0,0
136.6015,,0.443941,0.443941,0.444883,0.012051,0.000000,0.000000,0.000000,0,1,0,1,20.095968,0,0,0,0
136.6215,,0.443941,0.443941,0.444883,0.012051,0.000000,0.000000,0.000000,0,1,0,1,20.091303,0,0,0,0
136.6415,,0.443941,0.443941,0.444883,0.012051,0.000000,0.000000,0.000000,0,1,0,1,20.110900,0,0,0,0
136.6615,,0.443941,0.443941,0.444883,0.012051,0.000000,0.000000,0.000000,0,1,0,1,20.099159,0,0,0,0
136.6814,,0.443941,0.443941,0.444883,0.012051,0.000000,0.000000,0.000000,0,1,0,1,20.084758,0,0,0,0
136.7017,,0.443941,0.443941,0.444883,0.012051,0.000000,0.000000,0.000000,0,1,0,1,20.081486,0,0,0,0
136.7225,,0.443941,0.443941,0.444883,0.012051,0.000000,0.000000,0.000000,0,1,0,1,20.122277,0,0,0,0
136.7425,,0.443941,0.443941,0.444883,0.012051,0.000000,0.000000,0.000000,0,1,0,1,20.113550,0,0,0,0
136.7625,,0.443941,0.443941,0.444883,0.012051,0.000000,0.000000,0.000000,0,1,0,1,20.193092,0,0,0,0
136.7825,,0.443941,0.443941,0.444883,0.012051,0.000000,0.000000,0.000000,0,1,0,1,20.067761,0,0,0,0
136.8025,,0.443941,0.443941,0.444883,0.012051,0.000000,0.000000,0.000000,0,1,0,1,20.074992,0,0,0,0
136.8224,,0.443941,0.443941,0.444883,0.012051,0.000000,0.000000,0.000000,0,1,0,1,20.070955,0,0,0,0
136.8425,,0.443941,0.443941,0.444883,0.012051,0.000000,0.000000,0.000000,0,1,0,1,20.071027,0,0,0,0
136.8624,,0.443941,0.443941,0.444883,0.012051,0.000000,0.000000,0.000000,0,1,0,1,20.074382,0,0,0,0
136.8834,,0.443941,0.443941,0.444883,0.012051,0.000000,0.000000,0.000000,0,1,0,1,20.109198,0,0,0,0
136.9024,,0.443941,0.443941,0.444883,0.012051,0.000000,0.000000,0.000000,0,1,0,1,20.073702,0,0,0,0
136.9236,,0.443941,0.443941,0.444883,0.012051,0.000000,0.000000,0.000000,0,1,0,1,20.175649,0,0,0,0
136.9435,,0.443941,0.443941,0.444883,0.012051,0.000000,0.000000,0.000000,0,1,0,1,20.205035,0,0,0,0
136.9635,,0.443941,0.443941,0.444883,0.012051,0.000000,0.000000,0.000000,0,1,0,1,20.247377,0,0,0,0
136.9845,,0.443941,0.443941,0.444883,0.012051,0.000000,0.000000,0.000000,0,1,0,1,20.165766,0,0,0,0
137.0036,,0.443941,0.443941,0.444883,0.012051,0.000000,0.000000,0.000000,0,1,0,1,20.149182,0,0,0,0
137.0246,,0.443941,0.443941,0.444883,0.012051,0.000000,0.000000,0.000000,0,1,0,1,20.198250,0,0,0,0
137.0446,,0.443941,0.443941,0.444883,0.012051,0.000000,0.000000,0.000000,0,1,0,1,20.175373,0,0,0,0
137.0647,,0.443941,0.443941,0.444883,0.012051,0.000000,0.000000,0.000000,0,1,0,1,20.227968,0,0,0,0
137.0846,,0.443941,0.443941,0.444883,0.012051,0.000000,0.000000,0.000000,0,1,0,1,20.215030,0,0,0,0
137.1045,,0.443941,0.443941,0.444883,0.012051,0.000000,0.000000,0.000000,0,1,0,1,20.249796,0,0,0,0
137.1256,,0.443941,0.443941,0.444883,0.012051,0.000000,0.000000,0.000000,0,1,0,1,20.212845,0,0,0,0
137.1457,,0.443941,0.443941,0.444883,0.012051,0.000000,0.000000,0.000000,0,1,0,1,20.220716,0,0,0,0
137.1655,,0.443941,0.443941,0.444883,0.012051,0.000000,0.000000,0.000000,0,1,0,1,20.158702,0,0,0,0
137.1856,,0.443941,0.443941,0.444883,0.012051,0.000000,0.000000,0.000000,0,1,0,1,20.148009,0,0,0,0
137.2067,,0.443941,0.443941,0.444883,0.012051,0.000000,0.000000,0.000000,0,1,0,1,20.172322,0,0,0,0
137.2267,,0.443941,0.443941,0.444883,0.012051,0.000000,0.000000,0.000000,0,1,0,1,20.214442,0,0,0,0
137.2466,,0.443941,0.443941,0.444883,0.012051,0.000000,0.000000,0.000000,0,1,0,1,20.198950,0,0,0,0
137.2667,,0.443941,0.443941,0.444883,0.012051,0.000000,0.000000,0.000000,0,1,0,1,20.282449,0,0,0,0
137.2866,,0.443941,0.443941,0.444883,0.012051,0.000000,0.000000,0.000000,0,1,0,1,20.242058,0,0,0,0
137.3076,,0.443941,0.443941,0.444883,0.012051,0.000000,0.000000,0.000000,0,1,0,1,20.205005,0,0,0,0
137.3276,,0.443941,0.443941,0.444883,0.012051,0.000000,0.000000,0.000000,0,1,0,1,20.077896,0,0,0,0
137.3476,,0.443941,0.443941,0.444883,0.012051,0.000000,0.000000,0.000000,0,1,0,1,20.285777,0,0,0,0
137.3675,,0.443941,0.443941,0.444883,0.012051,0.000000,0.000000,0.000000,0,1,0,1,20.187969,0,0,0,0
137.3876,,0.443941,0.443941,0.444883,0.012051,0.000000,0.000000,0.000000,0,1,0,1,20.073929,0,0,0,0
137.4075,,0.443941,0.443941,0.444883,0.012051,0.000000,0.000000,0.000000,0,1,0,1,20.089638,0,0,0,0
137.4275,,0.443941,0.443941,0.444883,0.012051,0.000000,0.000000,0.000000,0,1,0,1,20.054951,0,0,0,0
137.4475,,0.443941,0.443941,0.444883,0.012051,0.000000,0.000000,0.000000,0,1,0,1,20.082988,0,0,0,0
137.4675,,0.443941,0.443941,0.444883,0.012051,0.000000,0.000000,0.000000,0,1,0,1,20.083827,0,0,0,0
137.4887,,0.443941,0.443941,0.444883,0.012051,0.000000,0.000000,0.000000,0,1,0,1,20.075878,0,0,0,0
137.5086,,0.443941,0.443941,0.444883,0.012051,0.000000,0.000000,0.000000,0,1,0,1,20.153931,0,0,0,0
137.5286,,0.443941,0.443941,0.444883,0.012051,0.000000,0.000000,0.000000,0,1,0,1,20.117597,0,0,0,0
137.5486,,0.443941,0.443941,0.444883,0.012051,0.000000,0.000000,0.000000,0,1,0,1,20.187633,0,0,0,0
137.5686,,0.443941,0.443941,0.444883,0.012051,0.000000,0.000000,0.000000,0,1,0,1,20.080685,0,0,0,0
137.5884,,0.443941,0.443941,0.444883,0.012051,0.000000,0.000000,0.000000,0,1,0,1,20.096431,0,0,0,0
137.6086,,0.443941,0.443941,0.444883,0.012051,0.000000,0.000000,0.000000,0,1,0,1,20.168767,0,0,0,0
137.6296,,0.443941,0.443941,0.444883,0.012051,0.000000,0.000000,0.000000,0,1,0,1,20.078589,0,0,0,0
137.6486,,0.443941,0.443941,0.444883,0.012051,0.000000,0.000000,0.000000,0,1,0,1,20.073704,0,0,0,0
137.6694,,0.443941,0.443941,0.444883,0.012051,0.000000,0.000000,0.000000,0,1,0,1,20.079266,0,0,0,0
137.6895,,0.443941,0.443941,0.444883,0.012051,0.000000,0.000000,0.000000,0,1,0,1,20.081934,0,0,0,0
137.7096,,0.443941,0.443941,0.444883,0.012051,0.000000,0.000000,0.000000,0,1,0,1,20.244727,0,0,0,0
137.7295,,0.443941,0.443941,0.444883,0.012051,0.000000,0.000000,0.000000,0,1,0,1,20.093085,0,0,0,0
137.7495,,0.443941,0.443941,0.444883,0.012051,0.000000,0.000000,0.000000,0,1,0,1,20.097386,0,0,0,0
137.7695,,0.443941,0.443941,0.444883,0.012051,0.000000,0.000000,0.000000,0,1,0,1,20.090251,0,0,0,0
137.7895,,0.443941,0.443941,0.444883,0.012051,0.000000,0.000000,0.000000,0,1,0,1,20.089265,0,0,0,0
137.8094,,0.443941,0.443941,0.444883,0.012051,0.000000,0.000000,0.000000,0,1,0,1,20.099440,0,0,0,0
137.8305,,0.443941,0.443941,0.444883,0.012051,0.000000,0.000000,0.000000,0,1,0,1,20.118128,0,0,0,0
137.8505,,0.443941,0.443941,0.444883,0.012051,0.000000,0.000000,0.000000,0,1,0,1,20.113818,0,0,0,0
137.8705,,0.443941,0.443941,0.444883,0.012051,0.000000,0.000000,0.000000,0,1,0,1,20.113798,0,0,0,0
137.8906,,0.443941,0.443941,0.444883,0.012051,0.000000,0.000000,0.000000,0,1,0,1,20.272209,0,0,0,0
137.9104,,0.443941,0.443941,0.444883,0.012051,0.000000,0.000000,0.000000,0,1,0,1,20.095310,0,0,0,0
137.9306,,0.443941,0.443941,0.444883,0.012051,0.000000,0.000000,0.000000,0,1,0,1,20.089143,0,0,0,0
137.9512,,0.443941,0.443941,0.444883,0.012051,0.000000,0.000000,0.000000,0,1,0,1,20.081294,0,0,0,0
137.9708,,0.443941,0.443941,0.444883,0.012051,0.000000,0.000000,0.000000,0,1,0,1,20.135427,0,0,0,0
137.9906,,0.443941,0.443941,0.444883,0.012051,0.000000,0.000000,0.000000,0,1,0,1,20.103175,0,0,0,0
138.0114,,0.443941,0.443941,0.444883,0.012051,0.000000,0.000000,0.000000,0,1,0,1,20.162389,0,0,0,0
138.0314,,0.443941,0.443941,0.444883,0.012051,0.000000,0.000000,0.000000,0,1,0,1,20.085329,0,0,0,0
138.0514,,0.443941,0.443941,0.444883,0.012051,0.000000,0.000000,0.000000,0,1,0,1,20.070465,0,0,0,0
138.0714,,0.443941,0.443941,0.444883,0.012051,0.000000,0.000000,0.000000,0,1,0,1,20.077210,0,0,0,0
138.0914,,0.443941,0.443941,0.444883,0.012051,0.000000,0.000000,0.000000,0,1,0,1,20.064475,0,0,0,0
138.1115,,0.443941,0.443941,0.444883,0.012051,0.000000,0.000000,0.000000,0,1,0,1,20.061931,0,0,0,0
138.1314,,0.443941,0.443941,0.444883,0.012051,0.000000,0.000000,0.000000,0,1,0,1,20.065611,0,0,0,0
138.1514,,0.443941,0.443941,0.444883,0.012051,0.000000,0.000000,0.000000,0,1,0,1,20.080762,0,0,0,0
138.1714,,0.443941,0.443941,0.444883,0.012051,0.000000,0.000000,0.000000,0,1,0,1,20.065927,0,0,0,0
138.1914,,0.443941,0.443941,0.444883,0.012051,0.000000,0.000000,0.000000,0,1,0,1,20.084486,0,0,0,0
138.2114,,0.443941,0.443941,0.444883,0.012051,0.000000,0.000000,0.000000,0,1,0,1,20.088270,0,0,0,0
138.2314,,0.443941,0.443941,0.444883,0.012051,0.000000,0.000000,0.000000,0,1,0,1,20.082243,0,0,0,0
138.2514,,0.443941,0.443941,0.444883,0.012051,0.000000,0.000000,0.000000,0,1,0,1,20.065257,0,0,0,0
138.2724,,0.443941,0.443941,0.444883,0.012051,0.000000,0.000000,0.000000,0,1,0,1,20.068576,0,0,0,0
138.2924,,0.443941,0.443941,0.444883,0.012051,0.000000,0.000000,0.000000,0,1,0,1,20.063587,0,0,0,0
138.3124,,0.443941,0.443941,0.444883,0.012051,0.000000,0.000000,0.000000,0,1,0,1,20.064011,0,0,0,0
138.3325,,0.443941,0.443941,0.444883,0.012051,0.000000,0.000000,0.000000,0,1,0,1,20.106591,0,0,0,0
138.3525,,0.443941,0.443941,0.444883,0.012051,0.000000,0.000000,0.000000,0,1,0,1,20.180165,0,0,0,0
138.3725,,0.443941,0.443941,0.444883,0.012051,0.000000,0.000000,0.000000,0,1,0,1,20.092749,0,0,0,0
138.3925,,0.443941,0.443941,0.444883,0.012051,0.000000,0.000000,0.000000,0,1,0,1,20.101517,0,0,0,0
138.4125,,0.443941,0.443941,0.444883,0.012051,0.000000,0.000000,0.000000,0,1,0,1,20.085156,0,0,0,0
138.4336,,0.443941,0.443941,0.444883,0.012051,0.000000,0.000000,0.000000,0,1,0,1,20.228025,0,0,0,0
138.4535,,0.443941,0.443941,0.444883,0.012051,0.000000,0.000000,0.000000,0,1,0,1,20.177558,0,0,0,0
138.4735,,0.443941,0.443941,0.444883,0.012051,0.000000,0.000000,0.000000,0,1,0,1,20.416213,0,0,0,0
138.4937,,0.443941,0.443941,0.444883,0.012051,0.000000,0.000000,0.000000,0,1,0,1,20.265498,0,0,0,0
138.5135,,0.443941,0.443941,0.444883,0.012051,0.000000,0.000000,0.000000,0,1,0,1,20.093601,0,0,0,0
138.5346,,0.443941,0.443941,0.444883,0.012051,0.000000,0.000000,0.000000,0,1,0,1,20.111789,0,0,0,0
138.5546,,0.443941,0.443941,0.444883,0.012051,0.000000,0.000000,0.000000,0,1,0,1,20.167761,0,0,0,0
138.5745,,0.443941,0.443941,0.444883,0.012051,0.000000,0.000000,0.000000,0,1,0,1,20.062554,0,0,0,0
138.5945,,0.443941,0.443941,0.444883,0.012051,0.000000,0.000000,0.000000,0,1,0,1,20.287100,0,0,0,0
138.6145,,0.443941,0.443941,0.444883,0.012051,0.000000,0.000000,0.000000,0,1,0,1,20.079488,0,0,0,0
138.6345,,0.443941,0.443941,0.444883,0.012051,0.000000,0.000000,0.000000,0,1,0,1,20.080895,0,0,0,0
138.6545,,0.443941,0.443941,0.444883,0.012051,0.000000,0.000000,0.000000,0,1,0,1,20.117869,0,0,0,0
138.6747,,0.443941,0.443941,0.444883,0.012051,0.000000,0.000000,0.000000,0,1,0,1,20.083048,0,0,0,0
138.6958,,0.443941,0.443941,0.444883,0.012051,0.000000,0.000000,0.000000,0,1,0,1,20.224277,0,0,0,0
138.7156,,0.443941,0.443941,0.444883,0.012051,0.000000,0.000000,0.000000,0,1,0,1,20.320710,0,0,0,0
138.7356,,0.443941,0.443941,0.444883,0.012051,0.000000,0.000000,0.000000,0,1,0,1,20.241712,0,0,0,0
138.7561,,0.443941,0.443941,0.444883,0.012051,0.000000,0.000000,0.000000,0,1,0,1,20.075936,0,0,0,0
138.7757,,0.443941,0.443941,0.444883,0.012051,0.000000,0.000000,0.000000,0,1,0,1,20.105489,0,0,0,0
138.7965,,0.443941,0.443941,0.444883,0.012051,0.000000,0.000000,0.000000,0,1,0,1,20.087946,0,0,0,0
138.8166,,0.443941,0.443941,0.444883,0.012051,0.000000,0.000000,0.000000,0,1,0,1,20.184717,0,0,0,0
138.8366,,0.443941,0.443941,0.444883,0.012051,0.000000,0.000000,0.000000,0,1,0,1,20.196503,0,0,0,0
138.8565,,0.443941,0.443941,0.444883,0.012051,0.000000,0.000000,0.000000,0,1,0,1,20.129411,0,0,0,0
138.8767,,0.443941,0.443941,0.444883,0.012051,0.000000,0.000000,0.000000,0,1,0,1,20.140351,0,0,0,0
138.8967,,0.443941,0.443941,0.444883,0.012051,0.000000,0.000000,0.000000,0,1,0,1,20.082444,0,0,0,0
138.9167,,0.443941,0.443941,0.444883,0.012051,0.000000,0.000000,0.000000,0,1,0,1,20.115034,0,0,0,0
138.9375,,0.443941,0.443941,0.444883,0.012051,0.000000,0.000000,0.000000,0,1,0,1,20.208017,0,0,0,0
138.9576,,0.443941,0.443941,0.444883,0.012051,0.000000,0.000000,0.000000,0,1,0,1,20.230149,0,0,0,0
138.9776,,0.443941,0.443941,0.444883,0.012051,0.000000,0.000000,0.000000,0,1,0,1,20.251003,0,0,0,0
138.9975,,0.443941,0.443941,0.444883,0.012051,0.000000,0.000000,0.000000,0,1,0,1,20.245578,0,0,0,0
139.0175,,0.443941,0.443941,0.444883,0.012051,0.000000,0.000000,0.000000,0,1,0,1,20.097518,0,0,0,0
139.0375,,0.443941,0.443941,0.444883,0.012051,0.000000,0.000000,0.000000,0,1,0,1,20.059755,0,0,0,0
139.0586,,0.443941,0.443941,0.444883,0.012051,0.000000,0.000000,0.000000,0,1,0,1,20.166069,0,0,0,0
139.0786,,0.443941,0.443941,0.444883,0.012051,0.000000,0.000000,0.000000,0,1,0,1,20.078998,0,0,0,0
139.0986,,0.443941,0.443941,0.444883,0.012051,0.000000,0.000000,0.000000,0,1,0,1,20.079756,0,0,0,0
139.1185,,0.443941,0.443941,0.444883,0.012051,0.000000,0.000000,0.000000,0,1,0,1,20.185504,0,0,0,0
139.1386,,0.443941,0.443941,0.444883,0.012051,0.000000,0.000000,0.000000,0,1,0,1,20.082785,0,0,0,0
139.1586,,0.443941,0.443941,0.444883,0.012051,0.000000,0.000000,0.000000,0,1,0,1,20.139671,0,0,0,0
139.1795,,0.443941,0.443941,0.444883,0.012051,0.000000,0.000000,0.000000,0,1,0,1,20.100898,0,0,0,0
139.1996,,0.443941,0.443941,0.444883,0.012051,0.000000,0.000000,0.000000,0,1,0,1,20.220327,0,0,0,0
139.2196,,0.443941,0.443941,0.444883,0.012051,0.000000,0.000000,0.000000,0,1,0,1,20.224567,0,0,0,0
139.2397,,0.443941,0.443941,0.444883,0.012051,0.000000,0.000000,0.000000,0,1,0,1,20.204508,0,0,0,0
139.2597,,0.443941,0.443941,0.444883,0.012051,0.000000,0.000000,0.000000,0,1,0,1,20.221249,0,0,0,0
139.2798,,0.443941,0.443941,0.444883,0.012051,0.000000,0.000000,0.000000,0,1,0,1,20.193743,0,0,0,0
139.3006,,0.443941,0.443941,0.444883,0.012051,0.000000,0.000000,0.000000,0,1,0,1,20.151903,0,0,0,0
139.3206,,0.443941,0.443941,0.444883,0.012051,0.000000,0.000000,0.000000,0,1,0,1,20.238864,0,0,0,0
139.3406,,0.443941,0.443941,0.444883,0.012051,0.000000,0.000000,0.000000,0,1,0,1,20.210398,0,0,0,0
139.3607,,0.443941,0.443941,0.444883,0.012051,0.000000,0.000000,0.000000,0,1,0,1,20.090490,0,0,0,0
139.3807,,0.443941,0.443941,0.444883,0.012051,0.000000,0.000000,0.000000,0,1,0,1,20.077917,0,0,0,0
139.4005,,0.443941,0.443941,0.444883,0.012051,0.000000,0.000000,0.000000,0,1,0,1,20.112110,0,0,0,0
139.4207,,0.443941,0.443941,0.444883,0.012051,0.000000,0.000000,0.000000,0,1,0,1,20.221221,0,0,0,0
139.4418,,0.443941,0.443941,0.444883,0.012051,0.000000,0.000000,0.000000,0,1,0,1,20.132413,0,0,0,0
139.4617,,0.443941,0.443941,0.444883,0.012051,0.000000,0.000000,0.000000,0,1,0,1,20.479635,0,0,0,0
139.4817,,0.443941,0.443941,0.444883,0.012051,0.000000,0.000000,0.000000,0,1,0,1,20.086750,0,0,0,0
139.5015,,0.443941,0.443941,0.444883,0.012051,0.000000,0.000000,0.000000,0,1,0,1,20.070815,0,0,0,0
139.5217,,0.443941,0.443941,0.444883,0.012051,0.000000,0.000000,0.000000,0,1,0,1,20.084332,0,0,0,0
139.5417,,0.443941,0.443941,0.444883,0.012051,0.000000,0.000000,0.000000,0,1,0,1,20.114920,0,0,0,0
139.5616,,0.443941,0.443941,0.444883,0.012051,0.000000,0.000000,0.000000,0,1,0,1,20.075000,0,0,0,0
139.5828,,0.443941,0.443941,0.444883,0.012051,0.000000,0.000000,0.000000,0,1,0,1,20.098379,0,0,0,0
139.6027,,0.443941,0.443941,0.444883,0.012051,0.000000,0.000000,0.000000,0,1,0,1,20.189486,0,0,0,0
139.6226,,0.443941,0.443941,0.444883,0.012051,0.000000,0.000000,0.000000,0,1,0,1,20.077350,0,0,0,0
139.6428,,0.443941,0.443941,0.444883,0.012051,0.000000,0.000000,0.000000,0,1,0,1,20.133309,0,0,0,0
139.6628,,0.443941,0.443941,0.444883,0.012051,0.000000,0.000000,0.000000,0,1,0,1,20.092638,0,0,0,0
139.6828,,0.443941,0.443941,0.444883,0.012051,0.000000,0.000000,0.000000,0,1,0,1,20.116392,0,0,0,0
139.7028,,0.443941,0.443941,0.444883,0.012051,0.000000,0.000000,0.000000,0,1,0,1,20.209233,0,0,0,0
139.7236,,0.443941,0.443941,0.444883,0.012051,0.000000,0.000000,0.000000,0,1,0,1,20.212361,0,0,0,0
139.7435,,0.443941,0.443941,0.444883,0.012051,0.000000,0.000000,0.000000,0,1,0,1,20.165661,0,0,0,0
139.7635,,0.443941,0.443941,0.444883,0.012051,0.000000,0.000000,0.000000,0,1,0,1,20.098803,0,0,0,0
139.7835,,0.443941,0.443941,0.444883,0.012051,0.000000,0.000000,0.000000,0,1,0,1,20.138373,0,0,0,0
139.8036,,0.443941,0.443941,0.444883,0.012051,0.000000,0.000000,0.000000,0,1,0,1,20.073858,0,0,0,0
139.8235,,0.443941,0.443941,0.444883,0.012051,0.000000,0.000000,0.000000,0,1,0,1,20.139573,0,0,0,0
139.8435,,0.443941,0.443941,0.444883,0.012051,0.000000,0.000000,0.000000,0,1,0,1,20.110745,0,0,0,0
139.8646,,0.443941,0.443941,0.444883,0.012051,0.000000,0.000000,0.000000,0,1,0,1,20.189130,0,0,0,0
139.8846,,0.443941,0.443941,0.444883,0.012051,0.000000,0.000000,0.000000,0,1,0,1,20.210732,0,0,0,0
139.9046,,0.443941,0.443941,0.444883,0.012051,0.000000,0.000000,0.000000,0,1,0,1,20.183804,0,0,0,0
139.9246,,0.443941,0.443941,0.444883,0.012051,0.000000,0.000000,0.000000,0,1,0,1,20.145645,0,0,0,0
139.9445,,0.443941,0.443941,0.444883,0.012051,0.000000,0.000000,0.000000,0,1,0,1,20.081345,0,0,0,0
139.9646,,0.443941,0.443941,0.444883,0.012051,0.000000,0.000000,0.000000,0,1,0,1,20.068324,0,0,0,0
139.9846,,0.443941,0.443941,0.444883,0.012051,0.000000,0.000000,0.000000,0,1,0,1,20.102370,0,0,0,0
140.0046,,0.443941,0.443941,0.444883,0.012051,0.000000,0.000000,0.000000,0,1,0,1,20.124922,0,0,0,0
140.0256,,0.443941,0.443941,0.444883,0.012051,0.000000,0.000000,0.000000,0,1,0,1,20.122316,0,0,0,0
140.0455,,0.443941,0.443941,0.444883,0.012051,0.000000,0.000000,0.000000,0,1,0,1,20.080264,0,0,0,0
140.0656,,0.443941,0.443941,0.444883,0.012051,0.000000,0.000000,0.000000,0,1,0,1,20.075883,0,0,0,0
140.0856,,0.443941,0.443941,0.444883,0.012051,0.000000,0.000000,0.000000,0,1,0,1,20.139284,0,0,0,0
140.1057,,0.443941,0.443941,0.444883,0.012051,0.000000,0.000000,0.000000,0,1,0,1,20.209513,0,0,0,0
140.1256,,0.443941,0.443941,0.444883,0.012051,0.000000,0.000000,0.000000,0,1,0,1,20.081295,0,0,0,0
140.1455,,0.443941,0.443941,0.444883,0.012051,0.000000,0.000000,0.000000,0,1,0,1,20.119260,0,0,0,0
140.1655,,0.443941,0.443941,0.444883,0.012051,0.000000,0.000000,0.000000,0,1,0,1,20.088359,0,0,0,0
140.1855,,0.443941,0.443941,0.444883,0.012051,0.000000,0.000000,0.000000,0,1,0,1,20.112257,0,0,0,0
140.2065,,0.443941,0.443941,0.444883,0.012051,0.000000,0.000000,0.000000,0,1,0,1,20.089778,0,0,0,0
140.2265,,0.443941,0.443941,0.444883,0.012051,0.000000,0.000000,0.000000,0,1,0,1,20.176954,0,0,0,0
140.2466,,0.443941,0.443941,0.444883,0.012051,0.000000,0.000000,0.000000,0,1,0,1,20.139684,0,0,0,0
140.2666,,0.443941,0.443941,0.444883,0.012051,0.000000,0.000000,0.000000,0,1,0,1,20.137571,0,0,0,0
140.2865,,0.443941,0.443941,0.444883,0.012051,0.000000,0.000000,0.000000,0,1,0,1,20.130752,0,0,0,0
140.3065,,0.443941,0.443941,0.444883,0.012051,0.000000,0.000000,0.000000,0,1,0,1,20.107614,0,0,0,0
140.3267,,0.443941,0.443941,0.444883,0.012051,0.000000,0.000000,0.000000,0,1,0,1,20.110557,0,0,0,0
140.3475,,0.443941,0.443941,0.444883,0.012051,0.000000,0.000000,0.000000,0,1,0,1,20.173826,0,0,0,0
140.3676,,0.443941,0.443941,0.444883,0.012051,0.000000,0.000000,0.000000,0,1,0,1,20.149901,0,0,0,0
140.3877,,0.443941,0.443941,0.444883,0.012051,0.000000,0.000000,0.000000,0,1,0,1,20.352240,0,0,0,0
140.4076,,0.443941,0.443941,0.444883,0.012051,0.000000,0.000000,0.000000,0,1,0,1,20.089337,0,0,0,0
140.4277,,0.443941,0.443941,0.444883,0.012051,0.000000,0.000000,0.000000,0,1,0,1,20.265339,0,0,0,0
140.4486,,0.443941,0.443941,0.444883,0.012051,0.000000,0.000000,0.000000,0,1,0,1,20.084332,0,0,0,0
140.4686,,0.443941,0.443941,0.444883,0.012051,0.000000,0.000000,0.000000,0,1,0,1,20.076394,0,0,0,0
140.4887,,0.443941,0.443941,0.444883,0.012051,0.000000,0.000000,0.000000,0,1,0,1,20.114260,0,0,0,0
140.5087,,0.443941,0.443941,0.444883,0.012051,0.000000,0.000000,0.000000,0,1,0,1,20.240580,0,0,0,0
140.5286,,0.443941,0.443941,0.444883,0.012051,0.000000,0.000000,0.000000,0,1,0,1,20.210141,0,0,0,0
140.5486,,0.443941,0.443941,0.444883,0.012051,0.000000,0.000000,0.000000,0,1,0,1,20.266167,0,0,0,0
140.5697,,0.443941,0.443941,0.444883,0.012051,0.000000,0.000000,0.000000,0,1,0,1,20.233742,0,0,0,0
140.5895,,0.443941,0.443941,0.444883,0.012051,0.000000,0.000000,0.000000,0,1,0,1,20.391270,0,0,0,0
140.6096,,0.443941,0.443941,0.444883,0.012051,0.000000,0.000000,0.000000,0,1,0,1,20.087999,0,0,0,0
140.6295,,0.443941,0.443941,0.444883,0.012051,0.000000,0.000000,0.000000,0,1,0,1,20.100654,0,0,0,0
140.6497,,0.443941,0.443941,0.444883,0.012051,0.000000,0.000000,0.000000,0,1,0,1,20.114246,0,0,0,0
140.6706,,0.443941,0.443941,0.444883,0.012051,0.000000,0.000000,0.000000,0,1,0,1,20.202411,0,0,0,0
140.6907,,0.443941,0.443941,0.444883,0.012051,0.000000,0.000000,0.000000,0,1,0,1,20.087292,0,0,0,0
140.7105,,0.443941,0.443941,0.444883,0.012051,0.000000,0.000000,0.000000,0,1,0,1,20.103603,0,0,0,0
140.7310,,0.443941,0.443941,0.444883,0.012051,0.000000,0.000000,0.000000,0,1,0,1,20.367639,0,0,0,0
140.7505,,0.443941,0.443941,0.444883,0.012051,0.000000,0.000000,0.000000,0,1,0,1,20.114997,0,0,0,0
140.7705,,0.443941,0.443941,0.444883,0.012051,0.000000,0.000000,0.000000,0,1,0,1,20.102291,0,0,0,0
140.7906,,0.443941,0.443941,0.444883,0.012051,0.000000,0.000000,0.000000,0,1,0,1,20.086268,0,0,0,0
140.8105,,0.443941,0.443941,0.444883,0.012051,0.000000,0.000000,0.000000,0,1,0,1,20.079955,0,0,0,0
140.8315,,0.443941,0.443941,0.444883,0.012051,0.000000,0.000000,0.000000,0,1,0,1,20.088856,0,0,0,0
140.8516,,0.443941,0.443941,0.444883,0.012051,0.000000,0.000000,0.000000,0,1,0,1,20.111102,0,0,0,0
140.8715,,0.443941,0.443941,0.444883,0.012051,0.000000,0.000000,0.000000,0,1,0,1,20.164800,0,0,0,0
140.8915,,0.443941,0.443941,0.444883,0.012051,0.000000,0.000000,0.000000,0,1,0,1,20.219365,0,0,0,0
140.9118,,0.443941,0.443941,0.444883,0.012051,0.000000,0.000000,0.000000,0,1,0,1,20.131439,0,0,0,0
140.9317,,0.443941,0.443941,0.444883,0.012051,0.000000,0.000000,0.000000,0,1,0,1,20.089647,0,0,0,0
140.9515,,0.443941,0.443941,0.444883,0.012051,0.000000,0.000000,0.000000,0,1,0,1,20.078821,0,0,0,0
140.9725,,0.443941,0.443941,0.444883,0.012051,0.000000,0.000000,0.000000,0,1,0,1,20.225238,0,0,0,0
140.9927,,0.443941,0.443941,0.444883,0.012051,0.000000,0.000000,0.000000,0,1,0,1,20.197209,0,0,0,0
141.0125,,0.443941,0.443941,0.444883,0.012051,0.000000,0.000000,0.000000,0,1,0,1,20.217853,0,0,0,0
141.0325,,0.443941,0.443941,0.444883,0.012051,0.000000,0.000000,0.000000,0,1,0,1,20.313513,0,0,0,0
141.0526,,0.443941,0.443941,0.444883,0.012051,0.000000,0.000000,0.000000,0,1,0,1,20.133974,0,0,0,0
141.0736,,0.443941,0.443941,0.444883,0.012051,0.000000,0.000000,0.000000,0,1,0,1,20.080338,0,0,0,0
141.0936,,0.443941,0.443941,0.444883,0.012051,0.000000,0.000000,0.000000,0,1,0,1,20.314125,0,0,0,0
141.1136,,0.443941,0.443941,0.444883,0.012051,0.000000,0.000000,0.000000,0,1,0,1,20.208566,0,0,0,0
141.1337,,0.443941,0.443941,0.444883,0.012051,0.000000,0.000000,0.000000,0,1,0,1,20.076251,0,0,0,0
141.1536,,0.443941,0.443941,0.444883,0.012051,0.000000,0.000000,0.000000,0,1,0,1,20.219532,0,0,0,0
141.1747,,0.443941,0.443941,0.444883,0.012051,0.000000,0.000000,0.000000,0,1,0,1,20.210141,0,0,0,0
141.1946,,0.443941,0.443941,0.444883,0.012051,0.000000,0.000000,0.000000,0,1,0,1,20.211015,0,0,0,0
141.2146,,0.443941,0.443941,0.444883,0.012051,0.000000,0.000000,0.000000,0,1,0,1,20.206878,0,0,0,0
141.2346,,0.443941,0.443941,0.444883,0.012051,0.000000,0.000000,0.000000,0,1,0,1,20.137361,0,0,0,0
