t_wall_s,event,target_m,commanded_m,measured_m,v_ff,v_des,v_cmd,rpm,follow,armed,panic,poll_ok,dt_wall_ms,last_rpm_cmd,mb_fail_n,freeze_flag,arm_good
0.0269,,0.487939,0.487939,0.487939,-0.054349,-0.054353,-0.016057,-96.342917,1,1,0,1,20.071441,-96,0,0,0
0.0657,,0.487939,0.487939,0.487888,-0.010870,-0.009539,-0.009539,-57.235076,1,1,0,1,26.569840,-57,0,0,0
0.0993,,0.487939,0.487939,0.487416,-0.002174,0.009922,0.009922,59.533818,1,1,0,1,38.769929,60,0,0,0
0.1316,,0.487939,0.487939,0.487097,-0.000436,0.016786,0.016786,100.714702,1,1,0,1,33.653976,101,0,0,0
0.1650,,0.487939,0.487939,0.487260,-0.000092,0.011016,0.011016,66.095838,1,1,0,1,32.302231,66,0,0,0
0.1920,,0.487938,0.487938,0.487799,-0.000030,-0.001100,-0.001100,-6.601357,1,1,0,1,33.311825,-7,0,0,0
0.2312,,0.487936,0.487936,0.488085,-0.000067,-0.005086,-0.005086,-30.515238,1,1,0,1,27.074538,-31,0,0,0
0.2565,,0.487932,0.487932,0.488050,-0.000100,-0.002055,-0.002055,-12.331243,1,1,0,1,39.205801,-12,0,0,0
0.2822,,0.487927,0.487927,0.487941,-0.000162,0.000000,0.000000,0.000000,1,1,0,1,25.284911,0,0,0,0
0.2890,,0.487915,0.487915,0.487906,-0.000420,0.000000,0.000000,0.000000,1,1,0,1,25.685730,0,0,0,0
0.3209,,0.487893,0.487893,0.487907,-0.000771,0.000000,0.000000,0.000000,1,1,0,1,25.257139,0,0,0,0
0.3657,,0.487875,0.487875,0.487907,-0.000704,-0.001428,-0.001428,-8.566446,1,1,0,1,26.359075,-9,0,0,0
0.3977,,0.487826,0.487826,0.487895,-0.001366,-0.002857,-0.002857,-17.142350,1,1,0,1,31.911434,-17,0,0,0
0.4290,,0.487783,0.487783,0.487837,-0.001352,-0.002220,-0.002220,-13.319970,1,1,0,1,31.957105,-13,0,0,0
0.4614,,0.487701,0.487701,0.487760,-0.002381,-0.003486,-0.003486,-20.917324,1,1,0,1,31.255976,-21,0,0,0
0.4879,,0.487651,0.487651,0.487693,-0.001707,-0.002347,-0.002347,-14.081165,1,1,0,1,32.453335,-14,0,0,0
0.5137,,0.487553,0.487553,0.487616,-0.003273,-0.004558,-0.004558,-27.345725,1,1,0,1,26.532182,-27,0,0,0
0.5444,,0.487462,0.487462,0.487551,-0.003487,-0.005319,-0.005319,-31.911833,1,1,0,1,25.739916,-32,0,0,0
0.5753,,0.487302,0.487302,0.487401,-0.004880,-0.006726,-0.006726,-40.355702,1,1,0,1,30.686931,-40,0,0,0
0.6143,,0.487145,0.487145,0.487228,-0.005026,-0.006404,-0.006404,-38.422968,1,1,0,1,30.964284,-38,0,0,0
0.6453,,0.486966,0.486966,0.486974,-0.004681,-0.004405,-0.004405,-26.428516,1,1,0,1,38.930877,-26,0,0,0
0.6772,,0.486764,0.486764,0.486782,-0.006147,-0.006543,-0.006543,-39.257799,1,1,0,1,31.015183,-39,0,0,0
0.7088,,0.486490,0.486490,0.486579,-0.008094,-0.010197,-0.010197,-61.182131,1,1,0,1,31.955796,-61,0,0,0
0.7397,,0.486234,0.486234,0.486327,-0.008109,-0.009800,-0.009800,-58.802914,1,1,0,1,31.554414,-59,0,0,0
0.7747,,0.486011,0.486011,0.486018,-0.007391,-0.006927,-0.006927,-41.559034,1,1,0,1,30.965398,-42,0,0,0
0.8069,,0.485708,0.485708,0.485761,-0.008405,-0.009652,-0.009652,-57.912308,1,1,0,1,34.976386,-58,0,0,0
0.8459,,0.485238,0.485238,0.485471,-0.013362,-0.018773,-0.018773,-112.639522,1,1,0,1,32.144724,-113,0,0,0
0.8854,,0.484870,0.484870,0.485046,-0.010213,-0.013067,-0.013067,-78.402429,1,1,0,1,39.076062,-78,0,0,0
0.9188,,0.484474,0.484474,0.484393,-0.010087,-0.007205,-0.007205,-43.232744,1,1,0,1,39.418115,-43,0,0,0
0.9573,,0.483961,0.483961,0.483952,-0.014294,-0.014617,-0.014617,-87.699452,1,1,0,1,33.441931,-88,0,0,0
0.9890,,0.483406,0.483406,0.483705,-0.014384,-0.021536,-0.021536,-129.213396,1,1,0,1,38.496913,-129,0,0,0
1.0160,,0.483013,0.483013,0.483225,-0.012792,-0.015996,-0.015996,-95.973302,1,1,0,1,31.704027,-96,0,0,0
1.0423,,0.482601,0.482601,0.482660,-0.014747,-0.014541,-0.014541,-87.248741,1,1,0,1,27.012626,-87,0,0,0
1.0733,,0.482171,0.482171,0.482180,-0.016060,-0.015810,-0.015810,-94.861454,1,1,0,1,26.254227,-95,0,0,0
1.1056,,0.481491,0.481491,0.481784,-0.020742,-0.028031,-0.028031,-168.184364,1,1,0,1,31.051855,-168,0,0,0
1.1369,,0.480892,0.480892,0.481282,-0.019015,-0.026706,-0.026706,-160.234314,1,1,0,1,32.241040,-160,0,0,0
1.1683,,0.480391,0.480391,0.480402,-0.016556,-0.014098,-0.014098,-84.587876,1,1,0,1,31.382483,-85,0,0,0
1.1999,,0.479606,0.479606,0.479489,-0.023351,-0.020338,-0.020338,-122.028026,1,1,0,1,31.345156,-122,0,0,0
1.2312,,0.479060,0.479060,0.479123,-0.018501,-0.020893,-0.020893,-125.356810,1,1,0,1,31.610286,-125,0,0,0
1.2624,,0.478206,0.478206,0.478361,-0.025544,-0.028990,-0.028990,-173.938654,1,1,0,1,31.274508,-174,0,0,0
1.2947,,0.477463,0.477463,0.477789,-0.024131,-0.031204,-0.031204,-187.226650,1,1,0,1,31.233848,-187,0,0,0
1.3251,,0.476693,0.476693,0.476886,-0.023901,-0.026488,-0.026488,-158.928249,1,1,0,1,32.315507,-159,0,0,0
1.3582,,0.476056,0.476056,0.475922,-0.021531,-0.016741,-0.016741,-100.446824,1,1,0,1,30.384070,-100,0,0,0
1.3884,,0.475237,0.475237,0.475071,-0.024127,-0.020938,-0.020938,-125.628039,1,1,0,1,33.077957,-126,0,0,0
1.4135,,0.474391,0.474391,0.474552,-0.027256,-0.032541,-0.032541,-195.243289,1,1,0,1,30.178100,-195,0,0,0
1.4454,,0.473695,0.473695,0.474016,-0.027567,-0.034753,-0.034753,-208.518479,1,1,0,1,25.164834,-209,0,0,0
1.4777,,0.472621,0.472621,0.473008,-0.032451,-0.039875,-0.039875,-239.251922,1,1,0,1,31.899872,-239,0,0,0
1.5087,,0.471698,0.471698,0.471875,-0.029342,-0.031097,-0.031097,-186.580505,1,1,0,1,32.294751,-187,0,0,0
1.5339,,0.470943,0.470943,0.470607,-0.025364,-0.015683,-0.015683,-94.096898,1,1,0,1,30.998132,-94,0,0,0
1.5654,,0.470172,0.470172,0.469831,-0.029512,-0.023312,-0.023312,-139.869419,1,1,0,1,25.223059,-140,0,0,0
1.5950,,0.469387,0.469387,0.469248,-0.025868,-0.024784,-0.024784,-148.701320,1,1,0,1,31.464395,-149,0,0,0
1.6252,,0.468385,0.468385,0.468542,-0.032274,-0.037293,-0.037293,-223.759706,1,1,0,1,29.571056,-224,0,0,0
1.6575,,0.467362,0.467362,0.467553,-0.033487,-0.037178,-0.037178,-223.065007,1,1,0,1,30.285726,-223,0,0,0
1.6840,,0.466738,0.466738,0.466618,-0.022187,-0.017893,-0.017893,-107.359862,1,1,0,1,32.231722,-107,0,0,0
1.7167,,0.465682,0.465682,0.465446,-0.036380,-0.031186,-0.031186,-187.116157,1,1,0,1,26.454810,-187,0,0,0
1.7477,,0.464389,0.464389,0.464879,-0.038888,-0.052608,-0.052608,-315.648469,1,1,0,1,32.724157,-316,0,0,0
1.7861,,0.463291,0.463291,0.463761,-0.036115,-0.044436,-0.044436,-266.617429,1,1,0,1,30.993947,-267,0,0,0
1.8178,,0.462175,0.462175,0.462169,-0.030471,-0.027625,-0.027625,-165.750780,1,1,0,1,38.379369,-166,0,0,0
1.8490,,0.460815,0.460815,0.460565,-0.040381,-0.034178,-0.034178,-205.066486,1,1,0,1,31.732407,-205,0,0,0
1.8807,,0.459665,0.459665,0.459588,-0.037536,-0.037360,-0.037360,-224.159627,1,1,0,1,31.234685,-224,0,0,0
1.9128,,0.458735,0.458735,0.458720,-0.031016,-0.031181,-0.031181,-187.085346,1,1,0,1,31.664050,-187,0,0,0
1.9380,,0.457796,0.457796,0.457505,-0.029570,-0.022460,-0.022460,-134.759479,1,1,0,1,32.152290,-135,0,0,0
1.9693,,0.456610,0.456610,0.456743,-0.043587,-0.049660,-0.042594,-255.565154,1,1,0,1,25.167849,-256,0,0,0
2.0014,,0.455173,0.455173,0.455814,-0.045437,-0.060554,-0.060554,-363.323151,1,1,0,1,31.315850,-363,0,0,0
2.0327,,0.454206,0.454206,0.454817,-0.033177,-0.043966,-0.043966,-263.797847,1,1,0,1,32.099313,-264,0,0,0
2.0653,,0.453234,0.453234,0.453091,-0.031493,-0.023616,-0.023616,-141.695370,1,1,0,1,31.301735,-142,0,0,0
2.0972,,0.451765,0.451765,0.451358,-0.042418,-0.033304,-0.033304,-199.822679,1,1,0,1,32.535370,-200,0,0,0
2.1286,,0.450286,0.450286,0.450453,-0.045565,-0.052536,-0.052536,-315.215756,1,1,0,1,31.914020,-315,0,0,0
2.1530,,0.449295,0.449295,0.449537,-0.034312,-0.039193,-0.039193,-235.160263,1,1,0,1,31.460404,-235,0,0,0
2.1841,,0.448301,0.448301,0.448437,-0.039508,-0.041004,-0.041004,-246.022302,1,1,0,1,24.361544,-246,0,0,0
2.2097,,0.447304,0.447304,0.447171,-0.033568,-0.029274,-0.029274,-175.644976,1,1,0,1,31.065836,-176,0,0,0
2.2395,,0.446055,0.446055,0.446117,-0.045707,-0.048481,-0.048481,-290.884050,1,1,0,1,25.616401,-291,0,0,0
2.2657,,0.444805,0.444805,0.445202,-0.042642,-0.052264,-0.052264,-313.583404,1,1,0,1,29.862373,-314,0,0,0
2.2975,,0.443804,0.443804,0.444146,-0.039131,-0.044841,-0.044841,-269.045370,1,1,0,1,26.169103,-269,0,0,0
2.3356,,0.442302,0.442302,0.442477,-0.045534,-0.047527,-0.047527,-285.164908,1,1,0,1,31.849695,-285,0,0,0
2.3664,,0.440803,0.440803,0.440759,-0.040608,-0.038546,-0.038546,-231.274861,1,1,0,1,38.070890,-231,0,0,0
2.3913,,0.439806,0.439806,0.439292,-0.034062,-0.021454,-0.021454,-128.725884,1,1,0,1,30.753275,-129,0,0,0
2.4162,,0.438811,0.438811,0.438318,-0.038754,-0.030045,-0.030045,-180.271949,1,1,0,1,24.914775,-180,0,0,0
2.4415,,0.438067,0.438067,0.437637,-0.031634,-0.024445,-0.024445,-146.672788,1,1,0,1,24.925603,-147,0,0,0
2.4678,,0.437078,0.437078,0.436880,-0.037565,-0.036024,-0.036024,-216.145981,1,1,0,1,25.330832,-216,0,0,0
2.4990,,0.435602,0.435602,0.436090,-0.052524,-0.067048,-0.057010,-342.061367,1,1,0,1,26.232372,-342,0,0,0
2.5226,,0.434868,0.434868,0.435154,-0.029334,-0.033043,-0.033043,-198.256596,1,1,0,1,31.184153,-198,0,0,0
2.5533,,0.433652,0.433652,0.434058,-0.047052,-0.055496,-0.051947,-311.681091,1,1,0,1,23.630103,-312,0,0,0
2.5777,,0.432445,0.432445,0.432854,-0.040874,-0.048260,-0.048260,-289.560698,1,1,0,1,30.692025,-290,0,0,0
2.6041,,0.431487,0.431487,0.431740,-0.039623,-0.042781,-0.042781,-256.687464,1,1,0,1,24.373918,-257,0,0,0
2.6352,,0.430536,0.430536,0.430496,-0.036705,-0.033549,-0.033549,-201.294538,1,1,0,1,26.431998,-201,0,0,0
2.6415,,0.429358,0.429358,0.429182,-0.037608,-0.033469,-0.033469,-200.812462,1,1,0,1,31.124209,-201,0,0,0
2.6898,,0.428426,0.428426,0.428363,-0.039414,-0.039368,-0.039368,-236.206890,1,1,0,1,23.392554,-236,0,0,0
2.7258,,0.427044,0.427044,0.427117,-0.043354,-0.045621,-0.045621,-273.723966,1,1,0,1,31.163047,-274,0,0,0
2.7631,,0.425460,0.425460,0.425657,-0.043863,-0.048164,-0.048164,-288.985284,1,1,0,1,36.009926,-289,0,0,0
2.7889,,0.424569,0.424569,0.424178,-0.027847,-0.017353,-0.018280,-109.679786,1,1,0,1,37.355312,-110,0,0,0
2.8329,,0.423471,0.423471,0.422731,-0.039698,-0.023384,-0.023384,-140.304068,1,1,0,1,25.728379,-140,0,0,0
2.8581,,0.422179,0.422179,0.421633,-0.031417,-0.022567,-0.022567,-135.401461,1,1,0,1,44.051949,-135,0,0,0
2.9011,,0.420914,0.420914,0.420814,-0.046398,-0.048496,-0.042746,-256.473714,1,1,0,1,25.223386,-256,0,0,0
2.9316,,0.419679,0.419679,0.419933,-0.032293,-0.038686,-0.038686,-232.115072,1,1,0,1,42.940929,-232,0,0,0
2.9533,,0.418872,0.418872,0.418932,-0.027563,-0.027239,-0.027239,-163.436654,1,1,0,1,30.568781,-163,0,0,0
2.9854,,0.418080,0.418080,0.417905,-0.034739,-0.029214,-0.029214,-175.282689,1,1,0,1,21.685481,-175,0,0,0
3.0179,,0.417110,0.417110,0.417000,-0.031126,-0.029593,-0.029593,-177.558149,1,1,0,1,32.088036,-178,0,0,0
3.0492,,0.416351,0.416351,0.416030,-0.024938,-0.017723,-0.017723,-106.336983,1,1,0,1,32.446902,-106,0,0,0
3.0806,,0.415424,0.415424,0.415159,-0.028688,-0.024318,-0.024318,-145.908875,1,1,0,1,31.291486,-146,0,0,0
3.1098,,0.414700,0.414700,0.414708,-0.024179,-0.026240,-0.026240,-157.442076,1,1,0,1,31.400485,-157,0,0,0
3.1495,,0.413645,0.413645,0.413680,-0.033753,-0.034601,-0.034601,-207.605954,1,1,0,1,29.198467,-208,0,0,0
3.1806,,0.413131,0.413131,0.412937,-0.017084,-0.012309,-0.012309,-73.852954,1,1,0,1,39.776133,-74,0,0,0
3.2058,,0.412461,0.412461,0.411884,-0.020697,-0.007612,-0.007612,-45.674156,1,1,0,1,31.030185,-46,0,0,0
3.2349,,0.411647,0.411647,0.411339,-0.029900,-0.026682,-0.026682,-160.093017,1,1,0,1,25.272401,-160,0,0,0
3.2714,,0.410860,0.410860,0.411031,-0.027632,-0.034337,-0.034337,-206.024456,1,1,0,1,29.065061,-206,0,0,0
3.2963,,0.410251,0.410251,0.410267,-0.018889,-0.018233,-0.018233,-109.399859,1,1,0,1,36.487496,-109,0,0,0
3.3214,,0.409514,0.409514,0.409420,-0.027473,-0.024810,-0.024810,-148.858206,1,1,0,1,24.870898,-149,0,0,0
3.3472,,0.409086,0.409086,0.408837,-0.019135,-0.013306,-0.013306,-79.836338,1,1,0,1,25.126898,-80,0,0,0
3.3850,,0.408260,0.408260,0.408116,-0.029388,-0.027700,-0.027700,-166.201716,1,1,0,1,25.854801,-166,0,0,0
3.4163,,0.407475,0.407475,0.407624,-0.022519,-0.026908,-0.026908,-161.445934,1,1,0,1,37.719819,-161,0,0,0
3.4416,,0.406975,0.406975,0.406785,-0.017260,-0.011448,-0.011448,-68.688861,1,1,0,1,31.352460,-69,0,0,0
3.4802,,0.406376,0.406376,0.405998,-0.022410,-0.013969,-0.013969,-83.811584,1,1,0,1,25.263699,-84,0,0,0
3.5273,,0.405479,0.405479,0.405499,-0.023058,-0.025678,-0.025678,-154.070321,1,1,0,1,38.637063,-154,0,0,0
3.5551,,0.405096,0.405096,0.404893,-0.011129,-0.006443,-0.006443,-38.660232,1,1,0,1,47.066910,-39,0,0,0
3.5770,,0.404886,0.404886,0.404280,-0.008258,0.005821,0.005821,34.924791,1,1,0,1,27.849726,35,0,0,0
3.5982,,0.404710,0.404710,0.404005,-0.008112,0.005572,0.005572,33.431619,1,1,0,1,21.816178,33,0,0,0
3.6255,,0.404654,0.404654,0.404043,-0.003739,0.006283,0.006283,37.697640,1,1,0,1,21.240306,38,0,0,0
3.6460,,0.404670,0.404670,0.404167,-0.000253,0.007938,0.007938,47.628105,1,1,0,1,27.332727,48,0,0,0
3.6748,,0.404752,0.404752,0.404303,0.003133,0.010642,0.010642,63.853492,1,1,0,1,20.506191,64,0,0,0
3.7055,,0.405118,0.405118,0.404586,0.010787,0.020988,0.020988,125.927421,1,1,0,1,28.796342,126,0,0,0
3.7310,,0.405402,0.405402,0.404850,0.009556,0.019631,0.019631,117.788709,1,1,0,1,30.721894,118,0,0,0
3.7582,,0.405848,0.405848,0.405343,0.015920,0.024591,0.024591,147.544675,1,1,0,1,25.458642,148,0,0,0
3.7845,,0.406267,0.406267,0.405872,0.015520,0.021766,0.021766,130.596116,1,1,0,1,27.220400,131,0,0,0
3.8183,,0.406676,0.406676,0.406508,0.015527,0.016624,0.016624,99.742268,1,1,0,1,26.284433,100,0,0,0
3.8448,,0.407156,0.407156,0.407246,0.014476,0.011196,0.011196,67.178745,1,1,0,1,33.829367,67,0,0,0
3.8712,,0.407427,0.407427,0.407672,0.011050,0.005334,0.005334,32.001301,1,1,0,1,26.501710,32,0,0,0
3.8956,,0.407863,0.407863,0.407938,0.015468,0.015539,0.015539,93.232135,1,1,0,1,26.323067,93,0,0,0
3.9202,,0.408116,0.408116,0.408053,0.011384,0.013745,0.013745,82.468868,1,1,0,1,24.405524,82,0,0,0
3.9477,,0.408361,0.408361,0.408388,0.010243,0.008971,0.008971,53.827669,1,1,0,1,24.673703,54,0,0,0
3.9703,,0.408745,0.408745,0.408736,0.013195,0.013642,0.013642,81.853402,1,1,0,1,27.499108,82,0,0,0
3.9978,,0.408961,0.408961,0.408945,0.010312,0.010653,0.010653,63.915803,1,1,0,1,22.544846,64,0,0,0
4.0259,,0.409245,0.409245,0.409308,0.010346,0.008605,0.008605,51.627663,1,1,0,1,27.489192,52,0,0,0
4.0500,,0.409509,0.409509,0.409592,0.009570,0.007918,0.007918,47.507243,1,1,0,1,28.156058,48,0,0,0
4.0787,,0.409751,0.409751,0.409797,0.009949,0.009471,0.009471,56.826796,1,1,0,1,24.081572,57,0,0,0
4.1098,,0.410026,0.410026,0.410070,0.009624,0.008835,0.008835,53.009836,1,1,0,1,28.736669,53,0,0,0
4.1358,,0.410218,0.410218,0.410314,0.006891,0.004805,0.004805,28.832238,1,1,0,1,31.046900,29,0,0,0
4.1632,,0.410389,0.410389,0.410536,0.006616,0.003542,0.003542,21.252135,1,1,0,1,26.041171,21,0,0,0
4.1890,,0.410540,0.410540,0.410648,0.005732,0.004087,0.004087,24.523618,1,1,0,1,27.386841,25,0,0,0
4.2149,,0.410676,0.410676,0.410739,0.005379,0.004625,0.004625,27.752109,1,1,0,1,25.725250,28,0,0,0
4.2482,,0.410799,0.410799,0.410843,0.004880,0.004249,0.004249,25.495393,1,1,0,1,25.976024,25,0,0,0
4.2748,,0.410940,0.410940,0.410997,0.004365,0.003255,0.003255,19.527350,1,1,0,1,33.226815,20,0,0,0
4.3016,,0.411045,0.411045,0.411100,0.004022,0.003053,0.003053,18.317455,1,1,0,1,26.670778,18,0,0,0
4.3290,,0.411141,0.411141,0.411193,0.003665,0.002738,0.002738,16.428555,1,1,0,1,26.790475,16,0,0,0
4.3507,,0.411211,0.411211,0.411277,0.002785,0.001498,0.001498,8.985144,1,1,0,1,27.369372,9,0,0,0
4.3843,,0.411303,0.411303,0.411332,0.003929,0.003786,0.003786,22.714048,1,1,0,1,21.766571,23,0,0,0
4.4112,,0.411416,0.411416,0.411388,0.003492,0.004380,0.004380,26.282882,1,1,0,1,33.561676,26,0,0,0
4.4397,,0.411509,0.411509,0.411511,0.003442,0.003150,0.003150,18.897191,1,1,0,1,26.932087,19,0,0,0
4.4647,,0.411604,0.411604,0.411625,0.003367,0.002845,0.002845,17.068502,1,1,0,1,28.422325,17,0,0,0
4.4981,,0.411728,0.411728,0.411724,0.004654,0.004946,0.004946,29.678048,1,1,0,1,25.033616,30,0,0,0
4.5237,,0.411834,0.411834,0.411810,0.003456,0.004021,0.004021,24.127792,1,1,0,1,33.440087,24,0,0,0
4.5498,,0.411946,0.411946,0.411924,0.004182,0.004566,0.004566,27.394650,1,1,0,1,25.593219,27,0,0,0
4.5756,,0.412064,0.412064,0.412034,0.004484,0.005107,0.005107,30.643486,1,1,0,1,26.045245,31,0,0,0
4.6003,,0.412191,0.412191,0.412164,0.004816,0.005274,0.005274,31.646344,1,1,0,1,25.781675,32,0,0,0
4.6263,,0.412325,0.412325,0.412296,0.005313,0.005875,0.005875,35.248246,1,1,0,1,24.748564,35,0,0,0
4.6528,,0.412469,0.412469,0.412420,0.005474,0.006514,0.006514,39.085625,1,1,0,1,25.975523,39,0,0,0
4.6743,,0.412582,0.412582,0.412581,0.004520,0.004149,0.004149,24.895179,1,1,0,1,26.492103,25,0,0,0
4.6944,,0.412741,0.412741,0.412716,0.006814,0.007521,0.007521,45.125926,1,1,0,1,21.570787,45,0,0,0
4.7197,,0.412825,0.412825,0.412801,0.004681,0.005089,0.005089,30.534636,1,1,0,1,20.061867,31,0,0,0
4.7460,,0.412998,0.412998,0.412979,0.006400,0.006681,0.006681,40.085754,1,1,0,1,25.318883,40,0,0,0
4.7715,,0.413227,0.413227,0.413123,0.008256,0.010851,0.010851,65.103568,1,1,0,1,26.315075,65,0,0,0
4.7989,,0.413372,0.413372,0.413304,0.006218,0.007125,0.007125,42.747994,1,1,0,1,25.420738,43,0,0,0
4.8260,,0.413627,0.413627,0.413598,0.008660,0.008854,0.008854,53.125809,1,1,0,1,27.465144,53,0,0,0
4.8325,,0.413840,0.413840,0.413799,0.008054,0.008897,0.008897,53.379719,1,1,0,1,27.035355,53,0,0,0
4.8719,,0.413951,0.413951,0.413987,0.005742,0.004299,0.004299,25.796458,1,1,0,1,21.361935,26,0,0,0
4.8977,,0.414236,0.414236,0.414193,0.010440,0.011941,0.011941,71.646026,1,1,0,1,24.605979,72,0,0,0
4.9241,,0.414475,0.414475,0.414305,0.009502,0.013659,0.013659,81.953397,1,1,0,1,25.775384,82,0,0,0
4.9515,,0.414724,0.414724,0.414653,0.009441,0.009879,0.009879,59.273190,1,1,0,1,26.363817,59,0,0,0
4.9768,,0.414915,0.414915,0.414989,0.007486,0.005000,0.005000,29.999891,1,1,0,1,27.382101,30,0,0,0
5.0028,,0.415246,0.415246,0.415229,0.011903,0.012980,0.012980,77.881079,1,1,0,1,25.373063,78,0,0,0
5.0288,,0.415519,0.415519,0.415353,0.010814,0.015069,0.015069,90.414606,1,1,0,1,25.940470,90,0,0,0
5.0553,,0.415801,0.415801,0.415724,0.010821,0.011458,0.011458,68.747907,1,1,0,1,26.031505,69,0,0,0
5.0813,,0.416090,0.416090,0.416093,0.010924,0.010223,0.010223,61.339148,1,1,0,1,26.451006,61,0,0,0
5.1045,,0.416387,0.416387,0.416395,0.011294,0.011113,0.011113,66.678980,1,1,0,1,26.091658,67,0,0,0
5.1287,,0.416539,0.416539,0.416627,0.007494,0.005137,0.005137,30.821633,1,1,0,1,23.127119,31,0,0,0
5.1513,,0.416847,0.416847,0.416879,0.011652,0.011584,0.011584,69.506762,1,1,0,1,24.279595,70,0,0,0
5.1769,,0.417083,0.417083,0.417007,0.010682,0.013094,0.013094,78.561711,1,1,0,1,22.579230,79,0,0,0
5.2005,,0.417242,0.417242,0.417293,0.007120,0.005103,0.005103,30.615180,1,1,0,1,25.569433,31,0,0,0
5.2262,,0.417566,0.417566,0.417622,0.012406,0.011329,0.011329,67.975514,1,1,0,1,23.573410,68,0,0,0
5.2572,,0.417730,0.417730,0.417772,0.007581,0.006941,0.006941,41.644295,1,1,0,1,25.762722,42,0,0,0
5.2807,,0.418063,0.418063,0.418107,0.010113,0.009306,0.009306,55.838372,1,1,0,1,31.007994,56,0,0,0
5.3024,,0.418317,0.418317,0.418260,0.010671,0.012639,0.012639,75.836497,1,1,0,1,23.492335,76,0,0,0
5.3290,,0.418488,0.418488,0.418465,0.008459,0.008540,0.008540,51.240908,1,1,0,1,21.648640,51,0,0,0
5.3368,,0.418748,0.418748,0.418781,0.009490,0.008422,0.008422,50.529449,1,1,0,1,26.618649,51,0,0,0
5.3836,,0.419010,0.419010,0.418980,0.011221,0.012389,0.012389,74.335206,1,1,0,1,22.536925,74,0,0,0
5.4143,,0.419276,0.419276,0.419262,0.008863,0.009004,0.009004,54.021585,1,1,0,1,32.116427,54,0,0,0
5.4402,,0.419635,0.419635,0.419656,0.011132,0.010511,0.010511,63.066763,1,1,0,1,30.678253,63,0,0,0
5.4627,,0.419816,0.419816,0.419882,0.007836,0.006269,0.006269,37.614280,1,1,0,1,25.868140,38,0,0,0
5.4904,,0.420183,0.420183,0.420125,0.014578,0.016810,0.016810,100.859006,1,1,0,1,22.530709,101,0,0,0
5.5163,,0.420554,0.420554,0.420321,0.013632,0.019228,0.019228,115.369165,1,1,0,1,27.710978,115,0,0,0
5.5440,,0.420930,0.420930,0.420736,0.014348,0.017493,0.017493,104.955671,1,1,0,1,25.863731,105,0,0,0
5.5684,,0.421310,0.421310,0.421287,0.013842,0.012900,0.012900,77.402132,1,1,0,1,27.708100,77,0,0,0
5.5929,,0.421597,0.421597,0.421691,0.012228,0.009483,0.009483,56.898353,1,1,0,1,24.336445,57,0,0,0
5.6203,,0.421984,0.421984,0.422011,0.015071,0.015189,0.015189,91.131083,1,1,0,1,24.529853,91,0,0,0
5.6460,,0.422179,0.422179,0.422272,0.008694,0.006499,0.006499,38.995539,1,1,0,1,27.462686,39,0,0,0
5.6770,,0.422572,0.422572,0.422713,0.013995,0.011046,0.011046,66.276261,1,1,0,1,25.631681,66,0,0,0
5.7024,,0.423068,0.423068,0.422902,0.015585,0.020746,0.020746,124.475712,1,1,0,1,31.021405,124,0,0,0
5.7337,,0.423468,0.423468,0.423216,0.015725,0.021017,0.021017,126.101451,1,1,0,1,25.404970,126,0,0,0
5.7600,,0.423872,0.423872,0.423877,0.013480,0.011569,0.011569,69.416266,1,1,0,1,31.245495,69,0,0,0
5.7856,,0.424381,0.424381,0.424407,0.018144,0.017506,0.017506,105.034759,1,1,0,1,26.346523,105,0,0,0
5.8129,,0.424688,0.424688,0.424729,0.013220,0.012365,0.012365,74.190616,1,1,0,1,25.627109,74,0,0,0
5.8439,,0.425307,0.425307,0.425216,0.020829,0.023537,0.023537,141.224809,1,1,0,1,27.231095,141,0,0,0
5.8754,,0.425827,0.425827,0.425678,0.017575,0.020676,0.020676,124.054996,1,1,0,1,31.027197,124,0,0,0
5.8985,,0.426246,0.426246,0.426326,0.014136,0.011096,0.011096,66.576348,1,1,0,1,31.526995,67,0,0,0
5.9246,,0.426456,0.426456,0.426735,0.010098,0.003178,0.003178,19.065353,1,1,0,1,23.113783,19,0,0,0
5.9479,,0.426877,0.426877,0.427065,0.014935,0.012329,0.012329,73.972983,1,1,0,1,26.115454,74,0,0,0
5.9676,,0.427195,0.427195,0.427175,0.013888,0.016201,0.016201,97.204569,1,1,0,1,23.293684,97,0,0,0
5.9905,,0.427513,0.427513,0.427386,0.015140,0.018569,0.018569,111.415596,1,1,0,1,20.603234,111,0,0,0
6.0237,,0.427832,0.427832,0.427859,0.014664,0.012637,0.012637,75.821411,1,1,0,1,21.952618,76,0,0,0
6.0493,,0.428366,0.428366,0.428348,0.015807,0.016430,0.016430,98.580861,1,1,0,1,33.187794,99,0,0,0
6.0767,,0.428688,0.428688,0.428707,0.013212,0.012544,0.012544,75.266358,1,1,0,1,25.587574,75,0,0,0
6.1022,,0.429225,0.429225,0.429120,0.018331,0.021231,0.021231,127.384227,1,1,0,1,27.400865,127,0,0,0
6.1310,,0.429656,0.429656,0.429439,0.017169,0.022034,0.022034,132.204257,1,1,0,1,25.539743,132,0,0,0
6.1580,,0.430088,0.430088,0.430075,0.015437,0.014114,0.014114,84.682947,1,1,0,1,28.788125,85,0,0,0
6.1796,,0.430521,0.430521,0.430656,0.015897,0.012269,0.012269,73.614291,1,1,0,1,27.020393,74,0,0,0
6.2083,,0.430846,0.430846,0.430937,0.015216,0.014013,0.014013,84.080006,1,1,0,1,21.593316,84,0,0,0
6.2366,,0.431279,0.431279,0.431319,0.015144,0.014818,0.014818,88.906258,1,1,0,1,28.666910,89,0,0,0
6.2643,,0.431713,0.431713,0.431736,0.015286,0.015008,0.015008,90.047420,1,1,0,1,28.320385,90,0,0,0
6.2912,,0.432147,0.432147,0.432122,0.015607,0.016453,0.016453,98.715954,1,1,0,1,27.672163,99,0,0,0
6.3163,,0.432582,0.432582,0.432535,0.016003,0.017020,0.017020,102.117434,1,1,0,1,26.961647,102,0,0,0
6.3415,,0.433016,0.433016,0.432947,0.017053,0.018470,0.018470,110.821411,1,1,0,1,25.067544,111,0,0,0
6.3644,,0.433341,0.433341,0.433401,0.013734,0.011536,0.011536,69.213375,1,1,0,1,25.216000,69,0,0,0
6.3856,,0.433666,0.433666,0.433809,0.014131,0.010768,0.010768,64.606074,1,1,0,1,22.852793,65,0,0,0
6.4085,,0.434099,0.434099,0.434063,0.019178,0.021682,0.021682,130.090350,1,1,0,1,21.195690,130,0,0,0
6.4371,,0.434316,0.434316,0.434354,0.011363,0.009978,0.009978,59.867540,1,1,0,1,23.001064,60,0,0,0
6.4625,,0.434748,0.434748,0.434882,0.014378,0.011228,0.011228,67.370884,1,1,0,1,28.578473,67,0,0,0
6.4837,,0.435180,0.435180,0.435194,0.016507,0.017295,0.017295,103.772042,1,1,0,1,25.342178,104,0,0,0
6.5094,,0.435504,0.435504,0.435426,0.015511,0.017855,0.017855,107.127607,1,1,0,1,21.190971,107,0,0,0
6.5354,,0.435934,0.435934,0.435870,0.016465,0.017510,0.017510,105.059252,1,1,0,1,25.776115,105,0,0,0
6.5623,,0.436364,0.436364,0.436370,0.016536,0.015833,0.015833,94.998870,1,1,0,1,25.961084,95,0,0,0
6.5858,,0.436793,0.436793,0.436793,0.016053,0.016093,0.016093,96.559682,1,1,0,1,26.921516,97,0,0,0
6.6123,,0.437221,0.437221,0.437157,0.017787,0.019546,0.019546,117.276979,1,1,0,1,23.491391,117,0,0,0
6.6379,,0.437648,0.437648,0.437602,0.016439,0.017105,0.017105,102.628708,1,1,0,1,26.527242,103,0,0,0
6.6604,,0.437968,0.437968,0.438085,0.013309,0.009791,0.009791,58.747827,1,1,0,1,25.522871,59,0,0,0
6.6841,,0.438393,0.438393,0.438476,0.017755,0.016612,0.016612,99.669301,1,1,0,1,22.551873,100,0,0,0
6.7110,,0.438818,0.438818,0.438735,0.017891,0.020924,0.020924,125.544190,1,1,0,1,23.684697,126,0,0,0
6.7369,,0.439241,0.439241,0.439217,0.016161,0.016120,0.016120,96.718290,1,1,0,1,26.932156,97,0,0,0
6.7639,,0.439664,0.439664,0.439749,0.016313,0.013839,0.013839,83.035173,1,1,0,1,25.846041,83,0,0,0
6.7897,,0.440086,0.440086,0.440155,0.015768,0.014644,0.014644,87.866075,1,1,0,1,26.970578,88,0,0,0
6.8160,,0.440506,0.440506,0.440529,0.016172,0.016157,0.016157,96.941160,1,1,0,1,25.846626,97,0,0,0
6.8421,,0.440821,0.440821,0.440900,0.012793,0.010907,0.010907,65.442956,1,1,0,1,26.347655,65,0,0,0
6.8678,,0.441344,0.441344,0.441309,0.018653,0.020263,0.020263,121.577566,1,1,0,1,26.017134,122,0,0,0
6.8920,,0.441658,0.441658,0.441586,0.013472,0.015079,0.015079,90.475281,1,1,0,1,25.728163,90,0,0,0
6.9224,,0.442179,0.442179,0.442086,0.019905,0.021747,0.021747,130.482700,1,1,0,1,24.210898,130,0,0,0
6.9483,,0.442594,0.442594,0.442517,0.014920,0.016192,0.016192,97.149935,1,1,0,1,30.404071,97,0,0,0
6.9750,,0.443009,0.443009,0.443065,0.015801,0.013672,0.013672,82.031554,1,1,0,1,25.877783,82,0,0,0
6.9963,,0.443319,0.443319,0.443470,0.012436,0.008947,0.008947,53.683334,1,1,0,1,26.762219,54,0,0,0
7.0294,,0.443732,0.443732,0.443827,0.018008,0.016880,0.016880,101.279412,1,1,0,1,21.279377,101,0,0,0
7.0557,,0.443938,0.443938,0.444058,0.008589,0.006270,0.006270,37.618073,1,1,0,1,33.050796,38,0,0,0
7.0852,,0.444247,0.444247,0.444469,0.011111,0.006249,0.006249,37.492929,1,1,0,1,26.279262,37,0,0,0
7.1105,,0.444555,0.444555,0.444695,0.010560,0.008640,0.008640,51.839831,1,1,0,1,29.553132,52,0,0,0
7.1361,,0.445067,0.445067,0.444851,0.018298,0.025273,0.025273,151.638442,1,1,0,1,25.308776,152,0,0,0
7.1586,,0.445475,0.445475,0.445102,0.016442,0.024507,0.024507,147.042047,1,1,0,1,25.572935,147,0,0,0
7.1816,,0.445679,0.445679,0.445589,0.010529,0.009400,0.009400,56.402599,1,1,0,1,22.531938,56,0,0,0
7.2096,,0.446086,0.446086,0.446153,0.016272,0.013561,0.013561,81.366385,1,1,0,1,22.992523,81,0,0,0
7.2314,,0.446391,0.446391,0.446517,0.011955,0.009226,0.009226,55.356043,1,1,0,1,28.004775,55,0,0,0
7.2538,,0.446695,0.446695,0.446811,0.013553,0.011557,0.011557,69.341219,1,1,0,1,21.788836,69,0,0,0
7.2758,,0.447099,0.447099,0.447015,0.017189,0.020689,0.020689,124.136455,1,1,0,1,22.346857,124,0,0,0
7.3068,,0.447503,0.447503,0.447363,0.018103,0.021179,0.021179,127.075661,1,1,0,1,22.004267,127,0,0,0
7.3319,,0.447905,0.447905,0.447879,0.014006,0.013671,0.013671,82.023052,1,1,0,1,30.991403,82,0,0,0
7.3534,,0.448306,0.448306,0.448424,0.015557,0.012176,0.012176,73.053597,1,1,0,1,25.165171,73,0,0,0
7.3878,,0.448707,0.448707,0.448769,0.018014,0.017449,0.017449,104.692802,1,1,0,1,21.481207,105,0,0,0
7.4156,,0.449106,0.449106,0.449130,0.012882,0.012680,0.012680,76.082701,1,1,0,1,34.408126,76,0,0,0
7.4395,,0.449504,0.449504,0.449614,0.014043,0.011386,0.011386,68.318579,1,1,0,1,27.766320,68,0,0,0
7.4663,,0.449801,0.449801,0.449914,0.012769,0.010713,0.010713,64.277892,1,1,0,1,23.917349,64,0,0,0
7.4885,,0.450197,0.450197,0.450228,0.014362,0.014491,0.014491,86.944752,1,1,0,1,26.831215,87,0,0,0
7.5153,,0.450494,0.450494,0.450446,0.013546,0.015179,0.015179,91.072507,1,1,0,1,22.210594,91,0,0,0
7.5415,,0.450888,0.450888,0.450837,0.014498,0.015431,0.015431,92.587561,1,1,0,1,26.748370,93,0,0,0
7.5640,,0.451183,0.451183,0.451237,0.011882,0.010037,0.010037,60.222847,1,1,0,1,26.265387,60,0,0,0
7.5918,,0.451477,0.451477,0.451578,0.012851,0.010580,0.010580,63.482761,1,1,0,1,22.479926,63,0,0,0
7.6163,,0.451966,0.451966,0.451892,0.016650,0.019377,0.019377,116.263517,1,1,0,1,27.795077,116,0,0,0
7.6391,,0.452259,0.452259,0.452140,0.012886,0.015426,0.015426,92.554796,1,1,0,1,24.504814,93,0,0,0
7.6637,,0.452648,0.452648,0.452560,0.016269,0.017555,0.017555,105.328367,1,1,0,1,22.748441,105,0,0,0
7.6890,,0.453037,0.453037,0.452937,0.015843,0.017733,0.017733,106.399791,1,1,0,1,24.672278,106,0,0,0
7.7143,,0.453424,0.453424,0.453417,0.015430,0.014735,0.014735,88.408883,1,1,0,1,25.262048,88,0,0,0
7.7419,,0.453810,0.453810,0.453837,0.015321,0.014543,0.014543,87.257862,1,1,0,1,25.247173,87,0,0,0
7.7723,,0.454291,0.454291,0.454246,0.016968,0.018363,0.018363,110.177435,1,1,0,1,27.686047,110,0,0,0
7.7984,,0.454675,0.454675,0.454714,0.013488,0.012171,0.012171,73.023615,1,1,0,1,30.413146,73,0,0,0
7.8192,,0.454962,0.454962,0.455151,0.011516,0.006841,0.006841,41.047548,1,1,0,1,26.051450,41,0,0,0
7.8452,,0.455344,0.455344,0.455407,0.017000,0.017190,0.017190,103.140678,1,1,0,1,20.790550,103,0,0,0
7.8699,,0.455725,0.455725,0.455619,0.015107,0.018432,0.018432,110.594660,1,1,0,1,26.029585,111,0,0,0
7.8952,,0.456105,0.456105,0.456026,0.015324,0.016512,0.016512,99.074376,1,1,0,1,24.700706,99,0,0,0
7.9212,,0.456484,0.456484,0.456502,0.015044,0.013874,0.013874,83.242929,1,1,0,1,25.299942,83,0,0,0
7.9283,,0.456861,0.456861,0.456899,0.014645,0.013814,0.013814,82.884720,1,1,0,1,25.975411,83,0,0,0
7.9720,,0.457238,0.457238,0.457246,0.017548,0.017728,0.017728,106.369774,1,1,0,1,20.617708,106,0,0,0
8.0007,,0.457614,0.457614,0.457597,0.013474,0.013967,0.013967,83.804106,1,1,0,1,30.166948,84,0,0,0
8.0268,,0.457989,0.457989,0.458110,0.013127,0.009884,0.009884,59.306190,1,1,0,1,28.737202,59,0,0,0
8.0474,,0.458362,0.458362,0.458453,0.014076,0.012691,0.012691,76.148592,1,1,0,1,26.108811,76,0,0,0
8.0715,,0.458642,0.458642,0.458644,0.013686,0.014589,0.014589,87.532676,1,1,0,1,20.576953,88,0,0,0
8.0949,,0.458921,0.458921,0.458965,0.012016,0.010846,0.010846,65.074994,1,1,0,1,24.057729,65,0,0,0
8.1172,,0.459200,0.459200,0.459294,0.011915,0.009728,0.009728,58.365786,1,1,0,1,23.420179,58,0,0,0
8.1388,,0.459477,0.459477,0.459541,0.012339,0.011491,0.011491,68.948059,1,1,0,1,22.328648,69,0,0,0
8.1595,,0.459847,0.459847,0.459745,0.016145,0.019658,0.019658,117.950475,1,1,0,1,21.618865,118,0,0,0
8.1902,,0.460124,0.460124,0.460079,0.013960,0.014166,0.014166,84.996401,1,1,0,1,20.614429,85,0,0,0
8.2171,,0.460491,0.460491,0.460568,0.012374,0.010113,0.010113,60.680868,1,1,0,1,30.704643,61,0,0,0
8.2426,,0.460858,0.460858,0.460937,0.013364,0.011926,0.011926,71.555553,1,1,0,1,26.941202,72,0,0,0
8.2678,,0.461132,0.461132,0.461198,0.011264,0.010200,0.010200,61.202173,1,1,0,1,25.543153,61,0,0,0
8.2897,,0.461497,0.461497,0.461493,0.013851,0.014541,0.014541,87.247591,1,1,0,1,25.162677,87,0,0,0
8.3150,,0.461861,0.461861,0.461719,0.016075,0.020004,0.020004,120.025020,1,1,0,1,21.869974,120,0,0,0
8.3372,,0.462223,0.462223,0.462107,0.014686,0.016575,0.016575,99.449213,1,1,0,1,25.291164,99,0,0,0
8.3615,,0.462495,0.462495,0.462550,0.012701,0.010002,0.010002,60.009420,1,1,0,1,22.224382,60,0,0,0
8.3832,,0.462765,0.462765,0.462929,0.011441,0.007505,0.007505,45.030965,1,1,0,1,24.321783,45,0,0,0
8.4075,,0.463125,0.463125,0.463149,0.015569,0.016573,0.016573,99.436818,1,1,0,1,21.671750,99,0,0,0
8.4340,,0.463484,0.463484,0.463334,0.014901,0.019168,0.019168,115.008542,1,1,0,1,24.339905,115,0,0,0
8.4593,,0.463841,0.463841,0.463776,0.013780,0.014252,0.014252,85.510510,1,1,0,1,26.480203,86,0,0,0
8.4840,,0.464108,0.464108,0.464251,0.011197,0.006822,0.006822,40.933718,1,1,0,1,25.335660,41,0,0,0
8.5104,,0.464553,0.464553,0.464590,0.016623,0.016894,0.016894,101.364202,1,1,0,1,24.697306,101,0,0,0
8.5374,,0.464906,0.464906,0.464776,0.014041,0.017785,0.017785,106.708123,1,1,0,1,26.421371,107,0,0,0
8.5642,,0.465259,0.465259,0.465219,0.013299,0.013278,0.013278,79.670063,1,1,0,1,26.902235,80,0,0,0
8.5897,,0.465611,0.465611,0.465695,0.013151,0.010606,0.010606,63.634951,1,1,0,1,26.813115,64,0,0,0
8.6149,,0.465961,0.465961,0.466028,0.013601,0.012547,0.012547,75.281668,1,1,0,1,25.559122,75,0,0,0
8.6395,,0.466311,0.466311,0.466303,0.013836,0.014624,0.014624,87.741771,1,1,0,1,25.141660,88,0,0,0
8.6646,,0.466659,0.466659,0.466604,0.014052,0.015461,0.015461,92.764607,1,1,0,1,24.677196,93,0,0,0
8.6893,,0.466919,0.466919,0.466972,0.011132,0.009227,0.009227,55.362896,1,1,0,1,25.014550,55,0,0,0
8.7149,,0.467351,0.467351,0.467367,0.016195,0.016218,0.016218,97.310711,1,1,0,1,24.729522,97,0,0,0
8.7354,,0.467609,0.467609,0.467603,0.011308,0.011598,0.011598,69.590051,1,1,0,1,25.564785,70,0,0,0
8.7592,,0.467866,0.467866,0.467925,0.012292,0.010517,0.010517,63.103797,1,1,0,1,20.488238,63,0,0,0
8.7844,,0.468206,0.468206,0.468217,0.013905,0.014173,0.014173,85.036627,1,1,0,1,23.825587,85,0,0,0
8.8094,,0.468629,0.468629,0.468473,0.016208,0.020477,0.020477,122.864872,1,1,0,1,25.205023,123,0,0,0
8.8355,,0.468965,0.468965,0.468840,0.013991,0.015974,0.015974,95.845114,1,1,0,1,24.989729,96,0,0,0
8.8606,,0.469299,0.469299,0.469366,0.012996,0.010163,0.010163,60.979171,1,1,0,1,26.154366,61,0,0,0
8.8861,,0.469629,0.469629,0.469757,0.013141,0.010315,0.010315,61.888612,1,1,0,1,25.086566,62,0,0,0
8.9104,,0.469956,0.469956,0.470023,0.012911,0.012248,0.012248,73.490648,1,1,0,1,25.455721,73,0,0,0
8.9318,,0.470199,0.470199,0.470275,0.010583,0.009132,0.009132,54.793719,1,1,0,1,24.283508,55,0,0,0
8.9521,,0.470440,0.470440,0.470529,0.011071,0.009318,0.009318,55.905265,1,1,0,1,21.484854,56,0,0,0
8.9788,,0.470757,0.470757,0.470720,0.014717,0.016742,0.016742,100.452373,1,1,0,1,20.270215,100,0,0,0
9.0032,,0.470991,0.470991,0.470979,0.009986,0.010007,0.010007,60.039155,1,1,0,1,26.651246,60,0,0,0
9.0304,,0.471376,0.471376,0.471388,0.014604,0.014167,0.014167,84.999317,1,1,0,1,24.443279,85,0,0,0
9.0582,,0.471679,0.471679,0.471709,0.011815,0.011146,0.011146,66.878649,1,1,0,1,27.230933,67,0,0,0
9.0797,,0.471977,0.471977,0.472080,0.010936,0.008506,0.008506,51.033471,1,1,0,1,27.798353,51,0,0,0
9.0847,,0.472197,0.472197,0.472301,0.010411,0.008530,0.008530,51.178007,1,1,0,1,21.423265,51,0,0,0
9.1247,,0.472415,0.472415,0.472465,0.010752,0.010430,0.010430,62.580299,1,1,0,1,20.064906,63,0,0,0
9.1523,,0.472700,0.472700,0.472685,0.011302,0.012164,0.012164,72.983641,1,1,0,1,24.973967,73,0,0,0
9.1740,,0.472912,0.472912,0.472981,0.008371,0.006452,0.006452,38.710339,1,1,0,1,27.643319,39,0,0,0
9.1945,,0.473120,0.473120,0.473236,0.009360,0.006802,0.006802,40.813187,1,1,0,1,21.705567,41,0,0,0
9.2191,,0.473394,0.473394,0.473375,0.012611,0.014421,0.014421,86.523671,1,1,0,1,20.412640,87,0,0,0
9.2463,,0.473597,0.473597,0.473552,0.009098,0.010114,0.010114,60.686858,1,1,0,1,24.639645,61,0,0,0
9.2711,,0.473863,0.473863,0.473927,0.009629,0.007601,0.007601,45.604214,1,1,0,1,27.257432,46,0,0,0
9.2978,,0.474124,0.474124,0.474173,0.010390,0.009658,0.009658,57.946711,1,1,0,1,24.732180,58,0,0,0
9.3231,,0.474446,0.474446,0.474392,0.011683,0.013490,0.013490,80.938243,1,1,0,1,26.762072,81,0,0,0
9.3446,,0.474636,0.474636,0.474630,0.008349,0.008036,0.008036,48.217608,1,1,0,1,25.268005,48,0,0,0
9.3749,,0.474886,0.474886,0.474925,0.010988,0.009814,0.009814,58.886448,1,1,0,1,21.464490,59,0,0,0
9.4076,,0.475193,0.475193,0.475183,0.010307,0.010839,0.010839,65.034539,1,1,0,1,30.346638,65,0,0,0
9.4305,,0.475436,0.475436,0.475516,0.007986,0.005934,0.005934,35.606010,1,1,0,1,32.725689,36,0,0,0
9.4557,,0.475675,0.475675,0.475755,0.009966,0.008515,0.008515,51.087401,1,1,0,1,22.878263,51,0,0,0
9.4828,,0.475911,0.475911,0.475928,0.009492,0.009756,0.009756,58.534184,1,1,0,1,25.222714,59,0,0,0
9.5098,,0.476145,0.476145,0.476171,0.008798,0.008259,0.008259,49.553156,1,1,0,1,27.106911,50,0,0,0
9.5359,,0.476376,0.476376,0.476424,0.008618,0.007578,0.007578,45.470655,1,1,0,1,26.979052,45,0,0,0
9.5612,,0.476605,0.476605,0.476633,0.008750,0.008413,0.008413,50.478997,1,1,0,1,26.060882,50,0,0,0
9.5926,,0.476888,0.476888,0.476869,0.010703,0.011452,0.011452,68.712674,1,1,0,1,25.283774,69,0,0,0
9.6249,,0.477112,0.477112,0.477100,0.007841,0.008005,0.008005,48.032703,1,1,0,1,31.442600,48,0,0,0
9.6502,,0.477334,0.477334,0.477452,0.007077,0.004069,0.004069,24.415400,1,1,0,1,32.261331,24,0,0,0
9.6827,,0.477610,0.477610,0.477651,0.010112,0.010037,0.010037,60.219716,1,1,0,1,25.328326,60,0,0,0
9.7087,,0.477883,0.477883,0.477791,0.008737,0.011298,0.011298,67.790698,1,1,0,1,32.521467,68,0,0,0
9.7346,,0.478045,0.478045,0.478064,0.006751,0.005476,0.005476,32.855603,1,1,0,1,26.023553,33,0,0,0
9.7625,,0.478315,0.478315,0.478341,0.009696,0.009173,0.009173,55.037654,1,1,0,1,25.841446,55,0,0,0
9.7824,,0.478529,0.478529,0.478486,0.008083,0.009392,0.009392,56.354976,1,1,0,1,27.888499,56,0,0,0
9.8106,,0.478689,0.478689,0.478714,0.006881,0.005814,0.005814,34.886077,1,1,0,1,24.289181,35,0,0,0
9.8364,,0.478901,0.478901,0.478922,0.008499,0.008161,0.008161,48.965450,1,1,0,1,23.819311,49,0,0,0
9.8625,,0.479112,0.479112,0.479084,0.008236,0.009173,0.009173,55.037404,1,1,0,1,25.830178,55,0,0,0
9.8840,,0.479322,0.479322,0.479307,0.008093,0.008249,0.008249,49.496217,1,1,0,1,26.092862,49,0,0,0
9.9161,,0.479532,0.479532,0.479549,0.009438,0.008814,0.008814,52.885906,1,1,0,1,21.440886,53,0,0,0
9.9380,,0.479741,0.479741,0.479784,0.007083,0.006139,0.006139,36.835018,1,1,0,1,32.185536,37,0,0,0
9.9656,,0.479897,0.479897,0.479959,0.007130,0.005824,0.005824,34.942738,1,1,0,1,21.903046,35,0,0,0
9.9928,,0.480106,0.480106,0.480139,0.007467,0.007089,0.007089,42.532296,1,1,0,1,27.566287,43,0,0,0
10.0193,,0.480261,0.480261,0.480301,0.006080,0.005332,0.005332,31.993580,1,1,0,1,27.182367,32,0,0,0
10.0432,,0.480521,0.480521,0.480473,0.009045,0.010614,0.010614,63.683369,1,1,0,1,26.495369,64,0,0,0
10.0702,,0.480676,0.480676,0.480600,0.007008,0.008650,0.008650,51.897256,1,1,0,1,23.912669,52,0,0,0
10.0960,,0.480883,0.480883,0.480873,0.007540,0.007194,0.007194,43.164659,1,1,0,1,26.980553,43,0,0,0
10.1216,,0.481090,0.481090,0.481091,0.007926,0.007820,0.007820,46.920506,1,1,0,1,25.789957,47,0,0,0
10.1492,,0.481297,0.481297,0.481291,0.008041,0.008209,0.008209,49.256720,1,1,0,1,25.619978,49,0,0,0
10.1738,,0.481452,0.481452,0.481507,0.006103,0.004616,0.004616,27.697541,1,1,0,1,27.593009,28,0,0,0
10.1964,,0.481659,0.481659,0.481711,0.007937,0.007017,0.007017,42.101083,1,1,0,1,24.626571,42,0,0,0
10.2261,,0.481814,0.481814,0.481819,0.007070,0.007438,0.007438,44.629530,1,1,0,1,22.636852,45,0,0,0
10.2527,,0.482021,0.482021,0.482029,0.006994,0.006812,0.006812,40.874967,1,1,0,1,29.683543,41,0,0,0
10.2987,,0.482176,0.482176,0.482218,0.006078,0.005043,0.005043,30.256084,1,1,0,1,26.597086,30,0,0,0
10.3234,,0.482332,0.482332,0.482509,0.003926,0.000102,0.000102,0.613319,1,1,0,1,45.995139,1,0,0,0
10.3476,,0.482540,0.482540,0.482622,0.007534,0.006917,0.006917,41.499041,1,1,0,1,24.690017,41,0,0,0
10.3742,,0.482697,0.482697,0.482631,0.006694,0.009234,0.009234,55.403611,1,1,0,1,24.155219,55,0,0,0
10.3971,,0.482854,0.482854,0.482804,0.006051,0.006827,0.006827,40.960274,1,1,0,1,26.646214,41,0,0,0
10.4184,,0.483064,0.483064,0.483017,0.008539,0.009343,0.009343,56.060581,1,1,0,1,22.905175,56,0,0,0
10.4502,,0.483222,0.483222,0.483239,0.007631,0.006672,0.006672,40.034104,1,1,0,1,21.315790,40,0,0,0
10.4797,,0.483433,0.483433,0.483462,0.006849,0.006238,0.006238,37.429531,1,1,0,1,31.732492,37,0,0,0
10.5023,,0.483645,0.483645,0.483661,0.007118,0.006926,0.006926,41.556514,1,1,0,1,29.503609,42,0,0,0
10.5309,,0.483804,0.483804,0.483805,0.007057,0.007204,0.007204,43.225616,1,1,0,1,22.663717,43,0,0,0
10.5628,,0.484071,0.484071,0.484046,0.008882,0.009543,0.009543,57.255027,1,1,0,1,28.597934,57,0,0,0
10.5896,,0.484286,0.484286,0.484241,0.007158,0.008106,0.008106,48.633090,1,1,0,1,31.902512,49,0,0,0
10.6147,,0.484502,0.484502,0.484480,0.007871,0.008076,0.008076,48.453493,1,1,0,1,26.784303,48,0,0,0
10.6394,,0.484719,0.484719,0.484690,0.008489,0.009053,0.009053,54.316319,1,1,0,1,25.086711,54,0,0,0
10.6605,,0.484882,0.484882,0.484882,0.006987,0.006742,0.006742,40.450159,1,1,0,1,24.728822,40,0,0,0
10.6841,,0.485101,0.485101,0.485073,0.009719,0.010529,0.010529,63.172734,1,1,0,1,21.076075,63,0,0,0
10.7058,,0.485267,0.485267,0.485244,0.007562,0.007908,0.007908,47.450662,1,1,0,1,23.547763,47,0,0,0
10.7329,,0.485488,0.485488,0.485511,0.009687,0.008834,0.008834,53.006117,1,1,0,1,21.709038,53,0,0,0
10.7531,,0.485712,0.485712,0.485685,0.008526,0.009407,0.009407,56.443817,1,1,0,1,27.132245,56,0,0,0
10.7769,,0.485881,0.485881,0.485872,0.008376,0.008322,0.008322,49.929086,1,1,0,1,20.232787,50,0,0,0
10.8034,,0.486107,0.486107,0.486083,0.009294,0.009885,0.009885,59.309738,1,1,0,1,23.777344,59,0,0,0
10.8279,,0.486335,0.486335,0.486316,0.008742,0.009038,0.009038,54.230041,1,1,0,1,26.531140,54,0,0,0
10.8529,,0.486508,0.486508,0.486562,0.007392,0.005756,0.005756,34.538853,1,1,0,1,24.423875,35,0,0,0
10.8789,,0.486797,0.486797,0.486764,0.010716,0.012077,0.012077,72.463260,1,1,0,1,25.074280,72,0,0,0
10.9044,,0.486972,0.486972,0.486914,0.007552,0.008816,0.008816,52.893339,1,1,0,1,25.934668,53,0,0,0
10.9298,,0.487209,0.487209,0.487211,0.008925,0.008358,0.008358,50.148743,1,1,0,1,25.473859,50,0,0,0
10.9552,,0.487508,0.487508,0.487425,0.011188,0.013403,0.013403,80.419609,1,1,0,1,25.458433,80,0,0,0
10.9824,,0.487751,0.487751,0.487669,0.009886,0.011345,0.011345,68.071477,1,1,0,1,25.391564,68,0,0,0
11.0078,,0.487997,0.487997,0.488024,0.009213,0.007845,0.007845,47.072724,1,1,0,1,27.207882,47,0,0,0
11.0332,,0.488247,0.488247,0.488289,0.009708,0.008804,0.008804,52.825749,1,1,0,1,25.420182,53,0,0,0
11.0594,,0.488437,0.488437,0.488498,0.007935,0.006659,0.006659,39.952995,1,1,0,1,25.376250,40,0,0,0
11.0852,,0.488694,0.488694,0.488708,0.009454,0.009587,0.009587,57.522250,1,1,0,1,26.150595,58,0,0,0
11.1107,,0.489022,0.489022,0.488886,0.012059,0.015782,0.015782,94.694376,1,1,0,1,25.793847,95,0,0,0
11.1324,,0.489290,0.489290,0.489138,0.010820,0.013698,0.013698,82.189440,1,1,0,1,25.512293,82,0,0,0
11.1570,,0.489426,0.489426,0.489482,0.007168,0.004054,0.004054,24.326771,1,1,0,1,21.744713,24,0,0,0
11.1827,,0.489772,0.489772,0.489821,0.012681,0.011860,0.011860,71.161605,1,1,0,1,24.613519,71,0,0,0
11.2092,,0.490055,0.490055,0.489940,0.011367,0.014863,0.014863,89.176050,1,1,0,1,25.687632,89,0,0,0
11.2343,,0.490346,0.490346,0.490257,0.011057,0.012444,0.012444,74.666086,1,1,0,1,26.466542,75,0,0,0
11.2588,,0.490569,0.490569,0.490622,0.009304,0.007114,0.007114,42.685435,1,1,0,1,25.153450,43,0,0,0
11.2839,,0.490952,0.490952,0.490909,0.014331,0.015943,0.015943,95.660301,1,1,0,1,24.539331,96,0,0,0
11.3097,,0.491267,0.491267,0.491092,0.012938,0.017251,0.017251,103.506008,1,1,0,1,25.052021,104,0,0,0
11.3362,,0.491590,0.491590,0.491501,0.012611,0.013495,0.013495,80.968148,1,1,0,1,25.819062,81,0,0,0
11.3624,,0.491923,0.491923,0.491964,0.012567,0.010749,0.010749,64.491249,1,1,0,1,26.467325,64,0,0,0
11.3949,,0.492264,0.492264,0.492318,0.012915,0.011815,0.011815,70.890709,1,1,0,1,26.228315,71,0,0,0
11.4162,,0.492613,0.492613,0.492659,0.011211,0.010442,0.010442,62.653446,1,1,0,1,32.424481,63,0,0,0
11.4483,,0.493063,0.493063,0.492953,0.019108,0.022718,0.022718,136.310356,1,1,0,1,21.344779,136,0,0,0
11.4739,,0.493433,0.493433,0.493261,0.013008,0.016517,0.016517,99.102993,1,1,0,1,32.140389,99,0,0,0
11.4999,,0.493809,0.493809,0.493757,0.014363,0.014267,0.014267,85.603380,1,1,0,1,25.595953,86,0,0,0
11.5216,,0.494095,0.494095,0.494212,0.011696,0.008161,0.008161,48.966021,1,1,0,1,25.943684,49,0,0,0
11.5479,,0.494481,0.494481,0.494516,0.016524,0.016709,0.016709,100.255609,1,1,0,1,21.762166,100,0,0,0
11.5737,,0.494871,0.494871,0.494741,0.015171,0.018897,0.018897,113.381320,1,1,0,1,26.294792,113,0,0,0
11.5954,,0.495165,0.495165,0.495180,0.012182,0.010674,0.010674,64.041077,1,1,0,1,25.731362,64,0,0,0
11.6154,,0.495557,0.495557,0.495561,0.016899,0.016958,0.016958,101.745435,1,1,0,1,21.688194,102,0,0,0
11.6419,,0.495850,0.495850,0.495809,0.015039,0.016257,0.016257,97.540612,1,1,0,1,20.067916,98,0,0,0
11.6734,,0.496235,0.496235,0.496298,0.014653,0.012655,0.012655,75.927295,1,1,0,1,26.461857,76,0,0,0
11.6990,,0.496707,0.496707,0.496741,0.014920,0.014506,0.014506,87.036432,1,1,0,1,31.503054,87,0,0,0
11.7271,,0.497079,0.497079,0.497082,0.014568,0.014765,0.014765,88.591645,1,1,0,1,25.662133,89,0,0,0
11.7522,,0.497444,0.497444,0.497480,0.013359,0.012471,0.012471,74.826792,1,1,0,1,28.015396,75,0,0,0
11.7838,,0.497893,0.497893,0.497919,0.016954,0.016570,0.016570,99.422756,1,1,0,1,25.140979,99,0,0,0
11.8091,,0.498071,0.498071,0.498242,0.007898,0.003821,0.003821,22.926963,1,1,0,1,31.556686,23,0,0,0
11.8351,,0.498512,0.498512,0.498682,0.015454,0.012390,0.012390,74.342781,1,1,0,1,25.432380,74,0,0,0
11.8564,,0.498774,0.498774,0.498805,0.011191,0.011819,0.011819,70.912322,1,1,0,1,25.867848,71,0,0,0
11.8819,,0.499119,0.499119,0.499059,0.015214,0.017255,0.017255,103.531711,1,1,0,1,21.295924,104,0,0,0
11.9091,,0.499460,0.499460,0.499382,0.013685,0.015226,0.015226,91.355072,1,1,0,1,25.604913,91,0,0,0
11.9327,,0.499713,0.499713,0.499829,0.010181,0.006524,0.006524,39.141882,1,1,0,1,27.150833,39,0,0,0
11.9603,,0.500046,0.500046,0.500188,0.013362,0.010572,0.010572,63.429570,1,1,0,1,23.549798,63,0,0,0
11.9819,,0.500455,0.500455,0.500397,0.014500,0.017130,0.017130,102.779601,1,1,0,1,27.664154,103,0,0,0
12.0085,,0.500696,0.500696,0.500620,0.011841,0.013408,0.013408,80.446243,1,1,0,1,21.589063,80,0,0,0
12.0341,,0.501014,0.501014,0.501068,0.011953,0.009905,0.009905,59.430834,1,1,0,1,26.543562,59,0,0,0
12.0560,,0.501250,0.501250,0.501392,0.009735,0.006427,0.006427,38.562952,1,1,0,1,25.660998,39,0,0,0
12.0812,,0.501561,0.501561,0.501604,0.013289,0.013506,0.013506,81.038468,1,1,0,1,21.909044,81,0,0,0
12.1062,,0.501866,0.501866,0.501792,0.012363,0.014719,0.014719,88.312656,1,1,0,1,25.168394,88,0,0,0
12.1324,,0.502167,0.502167,0.502126,0.012081,0.012514,0.012514,75.083173,1,1,0,1,25.031743,75,0,0,0
12.1577,,0.502462,0.502462,0.502513,0.011435,0.009766,0.009766,58.596727,1,1,0,1,26.215821,59,0,0,0
12.1835,,0.502753,0.502753,0.502809,0.011493,0.010442,0.010442,62.651858,1,1,0,1,25.274200,63,0,0,0
12.2092,,0.503039,0.503039,0.503054,0.011170,0.011244,0.011244,67.462429,1,1,0,1,25.769845,67,0,0,0
12.2361,,0.503321,0.503321,0.503334,0.011010,0.010793,0.010793,64.757536,1,1,0,1,25.724662,65,0,0,0
12.2621,,0.503599,0.503599,0.503646,0.010486,0.009358,0.009358,56.149310,1,1,0,1,26.873596,56,0,0,0
12.2877,,0.503874,0.503874,0.503910,0.010543,0.010004,0.010004,60.021433,1,1,0,1,26.048195,60,0,0,0
12.3129,,0.504145,0.504145,0.504169,0.010587,0.010277,0.010277,61.664422,1,1,0,1,25.599367,62,0,0,0
12.3394,,0.504413,0.504413,0.504406,0.010603,0.010989,0.010989,65.933784,1,1,0,1,25.186594,66,0,0,0
12.3647,,0.504674,0.504674,0.504688,0.010029,0.009603,0.009603,57.618122,1,1,0,1,26.471711,58,0,0,0
12.3877,,0.504932,0.504932,0.504941,0.010140,0.010015,0.010015,60.092990,1,1,0,1,25.308513,60,0,0,0
12.4148,,0.505184,0.505184,0.505169,0.010815,0.011318,0.011318,67.905873,1,1,0,1,22.977208,68,0,0,0
12.4420,,0.505432,0.505432,0.505453,0.009472,0.008788,0.008788,52.726132,1,1,0,1,27.103073,53,0,0,0
12.4666,,0.505614,0.505614,0.505753,0.007268,0.003831,0.003831,22.983487,1,1,0,1,27.174958,23,0,0,0
12.4916,,0.505913,0.505913,0.505957,0.011137,0.011175,0.011175,67.051999,1,1,0,1,24.681407,67,0,0,0
12.5179,,0.506149,0.506149,0.506062,0.009778,0.012487,0.012487,74.923828,1,1,0,1,25.001165,75,0,0,0
12.5448,,0.506383,0.506383,0.506361,0.009103,0.008967,0.008967,53.803870,1,1,0,1,26.252384,54,0,0,0
12.5727,,0.506617,0.506617,0.506687,0.008763,0.006744,0.006744,40.462125,1,1,0,1,26.873208,40,0,0,0
12.6050,,0.506847,0.506847,0.506906,0.008356,0.007365,0.007365,44.191994,1,1,0,1,27.880313,44,0,0,0
12.6295,,0.507129,0.507129,0.507125,0.008639,0.009146,0.009146,54.876824,1,1,0,1,32.377746,55,0,0,0
12.6554,,0.507295,0.507295,0.507318,0.007151,0.006478,0.006478,38.869137,1,1,0,1,24.455259,39,0,0,0
12.6809,,0.507565,0.507565,0.507556,0.009762,0.010198,0.010198,61.185675,1,1,0,1,25.918508,61,0,0,0
12.7065,,0.507775,0.507775,0.507731,0.008541,0.009626,0.009626,57.755777,1,1,0,1,25.516297,58,0,0,0
12.7284,,0.507980,0.507980,0.507987,0.008126,0.007568,0.007568,45.410710,1,1,0,1,25.602130,45,0,0,0
12.7595,,0.508133,0.508133,0.508202,0.007203,0.005321,0.005321,31.926672,1,1,0,1,21.866710,32,0,0,0
12.7850,,0.508283,0.508283,0.508409,0.005325,0.002676,0.002676,16.057772,1,1,0,1,31.088652,16,0,0,0
12.8130,,0.508530,0.508530,0.508545,0.008789,0.009484,0.009484,56.903164,1,1,0,1,25.547957,57,0,0,0
12.8333,,0.508674,0.508674,0.508601,0.005867,0.007852,0.007852,47.114422,1,1,0,1,27.972947,47,0,0,0
12.8581,,0.508814,0.508814,0.508781,0.006682,0.006845,0.006845,41.068649,1,1,0,1,20.289824,41,0,0,0
12.8821,,0.508949,0.508949,0.508964,0.005704,0.004992,0.004992,29.951331,1,1,0,1,24.780596,30,0,0,0
12.9057,,0.509162,0.509162,0.509131,0.008260,0.009244,0.009244,55.462758,1,1,0,1,24.002605,55,0,0,0
12.9287,,0.509323,0.509323,0.509267,0.007083,0.008330,0.008330,49.981918,1,1,0,1,23.616936,50,0,0,0
12.9556,,0.509437,0.509437,0.509504,0.005387,0.003007,0.003007,18.041683,1,1,0,1,23.055651,18,0,0,0
12.9757,,0.509545,0.509545,0.509689,0.004282,0.001043,0.001043,6.256422,1,1,0,1,26.838965,6,0,0,0
13.0137,,0.509711,0.509711,0.509751,0.007457,0.007884,0.007884,47.301073,1,1,0,1,20.137854,47,0,0,0
13.0416,,0.509854,0.509854,0.509816,0.004497,0.005630,0.005630,33.781011,1,1,0,1,38.019243,34,0,0,0
13.0645,,0.509932,0.509932,0.510021,0.003149,0.000561,0.000561,3.364940,1,1,0,1,27.933638,3,0,0,0
13.0896,,0.509955,0.509955,0.510145,0.001422,-0.002971,-0.002971,-17.824367,1,1,0,1,22.804966,-18,0,0,0
13.1196,,0.509953,0.509953,0.510156,0.000211,-0.003560,-0.003560,-21.361109,1,1,0,1,25.109647,-21,0,0,0
13.1473,,0.509882,0.509882,0.510082,-0.001828,-0.005397,-0.005397,-32.384610,1,1,0,1,29.976258,-32,0,0,0
13.1705,,0.509746,0.509746,0.509995,-0.004299,-0.009169,-0.009169,-55.015156,1,1,0,1,27.734108,-55,0,0,0
13.1965,,0.509599,0.509599,0.509869,-0.005943,-0.010995,-0.010995,-65.968816,1,1,0,1,23.170716,-66,0,0,0
13.2258,,0.509413,0.509413,0.509640,-0.006898,-0.010635,-0.010635,-63.812636,1,1,0,1,26.043843,-64,0,0,0
13.2483,,0.509106,0.509106,0.509321,-0.009756,-0.013547,-0.013547,-81.284690,1,1,0,1,29.342152,-81,0,0,0
13.2739,,0.508838,0.508838,0.509072,-0.011020,-0.015417,-0.015417,-92.499641,1,1,0,1,23.644905,-92,0,0,0
13.2995,,0.508423,0.508423,0.508715,-0.015822,-0.021610,-0.021610,-129.659888,1,1,0,1,24.363963,-130,0,0,0
13.3256,,0.507962,0.507962,0.508316,-0.017532,-0.024437,-0.024437,-146.624008,1,1,0,1,25.693149,-147,0,0,0
13.3476,,0.507464,0.507464,0.507746,-0.018780,-0.023255,-0.023255,-139.528689,1,1,0,1,26.064094,-140,0,0,0
13.3784,,0.507078,0.507078,0.507205,-0.017789,-0.018524,-0.018524,-111.146412,1,1,0,1,22.009277,-111,0,0,0
13.4006,,0.506555,0.506555,0.506492,-0.017184,-0.014699,-0.014699,-88.191801,1,1,0,1,30.723952,-88,0,0,0
13.4313,,0.506035,0.506035,0.506091,-0.022153,-0.024343,-0.024343,-146.060206,1,1,0,1,22.209211,-146,0,0,0
13.4571,,0.505387,0.505387,0.505609,-0.021306,-0.026470,-0.026470,-158.818026,1,1,0,1,30.697129,-159,0,0,0
13.4858,,0.505017,0.505017,0.505003,-0.015707,-0.013446,-0.013446,-80.676139,1,1,0,1,25.875185,-81,0,0,0
13.5082,,0.504458,0.504458,0.504261,-0.018767,-0.013834,-0.013834,-83.002566,1,1,0,1,28.647963,-83,0,0,0
13.5328,,0.504176,0.504176,0.503903,-0.013817,-0.008144,-0.008144,-48.865710,1,1,0,1,22.413796,-49,0,0,0
13.5396,,0.503858,0.503858,0.503585,-0.013090,-0.008173,-0.008173,-49.038547,1,1,0,1,24.584979,-49,0,0,0
13.5648,,0.503590,0.503590,0.503384,-0.011330,-0.008202,-0.008202,-49.212154,1,1,0,1,24.616741,-49,0,0,0
13.6044,,0.503418,0.503418,0.503217,-0.009126,-0.005578,-0.005578,-33.470054,1,1,0,1,20.073227,-33,0,0,0
13.6261,,0.503269,0.503269,0.503015,-0.006239,-0.001221,-0.001221,-7.323929,1,1,0,1,26.954024,-7,0,0,0
13.6583,,0.503061,0.503061,0.502892,-0.008942,-0.006781,-0.006781,-40.683377,1,1,0,1,21.688255,-41,0,0,0
13.6848,,0.502919,0.502919,0.502850,-0.005304,-0.004734,-0.004734,-28.404480,1,1,0,1,32.202395,-28,0,0,0
13.7108,,0.502823,0.502823,0.502671,-0.003967,-0.000529,-0.000529,-3.172506,1,1,0,1,26.443684,-3,0,0,0
13.7325,,0.502679,0.502679,0.502568,-0.005228,-0.003578,-0.003578,-21.465202,1,1,0,1,26.034413,-21,0,0,0
13.7564,,0.502602,0.502602,0.502559,-0.003895,-0.003821,-0.003821,-22.928327,1,1,0,1,21.744154,-23,0,0,0
13.7831,,0.502530,0.502530,0.502468,-0.003161,-0.001845,-0.001845,-11.067361,1,1,0,1,23.865290,-11,0,0,0
13.8085,,0.502425,0.502425,0.502382,-0.003787,-0.003172,-0.003172,-19.032060,1,1,0,1,26.698581,-19,0,0,0
13.8313,,0.502369,0.502369,0.502329,-0.002530,-0.001840,-0.001840,-11.037209,1,1,0,1,25.379289,-11,0,0,0
13.8562,,0.502301,0.502301,0.502265,-0.002894,-0.002277,-0.002277,-13.659178,1,1,0,1,22.789084,-14,0,0,0
13.8837,,0.502240,0.502240,0.502218,-0.002522,-0.002236,-0.002236,-13.415405,1,1,0,1,24.950003,-13,0,0,0
13.9132,,0.502186,0.502186,0.502161,-0.002082,-0.001617,-0.001617,-9.704180,1,1,0,1,27.552740,-10,0,0,0
13.9393,,0.502149,0.502149,0.502107,-0.001415,-0.000516,-0.000516,-3.098508,1,1,0,1,29.464524,-3,0,0,0
13.9671,,0.502097,0.502097,0.502068,-0.001895,-0.001503,-0.001503,-9.018117,1,1,0,1,26.043159,-9,0,0,0
13.9935,,0.502070,0.502070,0.502051,-0.001137,-0.000866,-0.000866,-5.196549,1,1,0,1,27.798949,-5,0,0,0
14.0197,,0.502042,0.502042,0.502014,-0.001100,-0.000533,-0.000533,-3.200102,1,1,0,1,26.416257,-3,0,0,0
14.0464,,0.502024,0.502024,0.501998,-0.000756,-0.000307,-0.000307,-1.841859,1,1,0,1,26.213998,-2,0,0,0
14.0715,,0.502005,0.502005,0.501989,-0.000713,0.000000,0.000000,0.000000,1,1,0,1,26.649202,0,0,0,0
14.0793,,0.501992,0.501992,0.501984,-0.000570,0.000000,0.000000,0.000000,1,1,0,1,25.091872,0,0,0,0
14.0994,,0.501985,0.501985,0.501983,-0.000383,0.000000,0.000000,0.000000,1,1,0,1,21.230261,0,0,0,0
14.1193,,0.501979,0.501979,0.501983,-0.000309,0.000000,0.000000,0.000000,1,1,0,1,21.413571,0,0,0,0
14.1450,,0.501976,0.501976,0.501983,-0.000141,0.000000,0.000000,0.000000,1,1,0,1,24.465329,0,0,0,0
14.1665,,0.501975,0.501975,0.501983,-0.000056,0.000000,0.000000,0.000000,1,1,0,1,20.709946,0,0,0,0
14.1861,,0.501977,0.501977,0.501983,0.000062,0.000000,0.000000,0.000000,1,1,0,1,20.091537,0,0,0,0
14.2086,,0.501982,0.501982,0.501983,0.000212,0.000000,0.000000,0.000000,1,1,0,1,21.049677,0,0,0,0
14.2276,,0.501989,0.501989,0.501983,0.000294,0.000000,0.000000,0.000000,1,1,0,1,20.399102,0,0,0,0
14.2569,,0.502000,0.502000,0.501983,0.000426,0.000000,0.000000,0.000000,1,1,0,1,23.409317,0,0,0,0
14.2891,,0.502006,0.502006,0.501983,0.000321,0.000796,0.000796,4.777080,1,1,0,1,20.396768,5,0,0,0
14.3107,,0.502016,0.502016,0.501984,0.000394,0.001035,0.001035,6.208830,1,1,0,1,24.442493,6,0,0,0
14.3308,,0.502031,0.502031,0.501989,0.000656,0.001534,0.001534,9.204579,1,1,0,1,21.635097,9,0,0,0
14.3622,,0.502049,0.502049,0.502001,0.000835,0.001770,0.001770,10.618144,1,1,0,1,20.081273,11,0,0,0
14.3879,,0.502063,0.502063,0.502027,0.000515,0.001058,0.001058,6.348248,1,1,0,1,31.469607,6,0,0,0
14.3945,,0.502082,0.502082,0.502057,0.000696,0.001064,0.001064,6.381505,1,1,0,1,25.720989,6,0,0,0
14.4293,,0.502102,0.502102,0.502070,0.000923,0.001573,0.001573,9.440394,1,1,0,1,20.767990,9,0,0,0
14.4533,,0.502118,0.502118,0.502087,0.000821,0.001378,0.001378,8.266037,1,1,0,1,20.564979,8,0,0,0
14.4813,,0.502141,0.502141,0.502124,0.000926,0.000000,0.000000,0.000000,1,1,0,1,23.997682,0,0,0,0
14.4881,,0.502159,0.502159,0.502150,0.000679,0.000000,0.000000,0.000000,1,1,0,1,27.968046,0,0,0,0
14.5222,,0.502174,0.502174,0.502150,0.000738,0.001326,0.001326,7.957189,1,1,0,1,20.627235,8,0,0,0
14.5478,,0.502188,0.502188,0.502152,0.000692,0.001463,0.001463,8.780880,1,1,0,1,20.337397,9,0,0,0
14.5736,,0.502191,0.502191,0.502183,0.000219,0.000000,0.000000,0.000000,1,1,0,1,25.521938,0,0,0,0
14.5993,,0.502175,0.502175,0.502207,-0.000429,-0.001351,-0.001351,-8.107801,1,1,0,1,25.891337,-8,0,0,0
14.6220,,0.502142,0.502142,0.502204,-0.001115,-0.002476,-0.002476,-14.857285,1,1,0,1,25.657662,-15,0,0,0
14.6316,,0.502117,0.502117,0.502190,-0.001095,-0.002519,-0.002519,-15.115287,1,1,0,1,22.666220,-15,0,0,0
14.6779,,0.502069,0.502069,0.502145,-0.001779,-0.003156,-0.003156,-18.936535,1,1,0,1,24.694818,-19,0,0,0
14.6810,,0.502007,0.502007,0.502079,-0.001946,-0.003216,-0.003216,-19.295945,1,1,0,1,31.200426,-19,0,0,0
14.7214,,0.501900,0.501900,0.502017,-0.004524,-0.007102,-0.007102,-42.613456,1,1,0,1,20.713940,-43,0,0,0
14.7466,,0.501836,0.501836,0.501951,-0.003149,-0.005197,-0.005197,-31.183542,1,1,0,1,22.856358,-31,0,0,0
14.7801,,0.501727,0.501727,0.501772,-0.004108,-0.004309,-0.004309,-25.855676,1,1,0,1,25.127377,-26,0,0,0
14.8026,,0.501511,0.501511,0.501612,-0.005980,-0.008179,-0.008179,-49.075070,1,1,0,1,33.528934,-49,0,0,0
14.9289,,0.501514,0.501514,0.500491,-0.006487,0.000000,0.000000,0.000000,0,1,0,0,123.079764,0,0,0,0
14.9487,,0.501514,0.501514,0.500491,-0.006487,0.000000,0.000000,0.000000,0,1,0,1,20.072617,0,0,0,0
14.9687,,0.501514,0.501514,0.500491,-0.006487,0.000000,0.000000,0.000000,0,1,0,1,20.207734,0,0,0,0
14.9889,,0.501514,0.501514,0.500491,-0.006487,0.000000,0.000000,0.000000,0,1,0,1,20.080224,0,0,0,0
15.0099,,0.501514,0.501514,0.500491,-0.006487,0.000000,0.000000,0.000000,0,1,0,1,20.166048,0,0,0,0
15.0297,,0.501514,0.501514,0.500491,-0.006487,0.000000,0.000000,0.000000,0,1,0,1,20.248309,0,0,0,0
15.0498,,0.501514,0.501514,0.500491,-0.006487,0.000000,0.000000,0.000000,0,1,0,1,20.086721,0,0,0,0
15.0698,,0.501514,0.501514,0.500491,-0.006487,0.000000,0.000000,0.000000,0,1,0,1,20.073531,0,0,0,0
15.0898,,0.501514,0.501514,0.500491,-0.006487,0.000000,0.000000,0.000000,0,1,0,1,20.080166,0,0,0,0
15.1098,,0.501514,0.501514,0.500491,-0.006487,0.000000,0.000000,0.000000,0,1,0,1,20.091274,0,0,0,0
15.1298,,0.501514,0.501514,0.500491,-0.006487,0.000000,0.000000,0.000000,0,1,0,1,20.212405,0,0,0,0
15.1509,,0.501514,0.501514,0.500491,-0.006487,0.000000,0.000000,0.000000,0,1,0,1,20.196471,0,0,0,0
15.1708,,0.501514,0.501514,0.500491,-0.006487,0.000000,0.000000,0.000000,0,1,0,1,20.225448,0,0,0,0
15.1910,,0.501514,0.501514,0.500491,-0.006487,0.000000,0.000000,0.000000,0,1,0,1,20.120840,0,0,0,0
15.2111,,0.501514,0.501514,0.500491,-0.006487,0.000000,0.000000,0.000000,0,1,0,1,20.120398,0,0,0,0
15.2311,,0.501514,0.501514,0.500491,-0.006487,0.000000,0.000000,0.000000,0,1,0,1,20.228075,0,0,0,0
15.2510,,0.501514,0.501514,0.500491,-0.006487,0.000000,0.000000,0.000000,0,1,0,1,20.194341,0,0,0,0
15.2721,,0.501514,0.501514,0.500491,-0.006487,0.000000,0.000000,0.000000,0,1,0,1,20.172857,0,0,0,0
15.2918,,0.501514,0.501514,0.500491,-0.006487,0.000000,0.000000,0.000000,0,1,0,1,20.103156,0,0,0,0
15.3118,,0.501514,0.501514,0.500491,-0.006487,0.000000,0.000000,0.000000,0,1,0,1,20.169521,0,0,0,0
15.3318,,0.501514,0.501514,0.500491,-0.006487,0.000000,0.000000,0.000000,0,1,0,1,20.074572,0,0,0,0
15.3520,,0.501514,0.501514,0.500491,-0.006487,0.000000,0.000000,0.000000,0,1,0,1,20.072633,0,0,0,0
15.3720,,0.501514,0.501514,0.500491,-0.006487,0.000000,0.000000,0.000000,0,1,0,1,20.069535,0,0,0,0
15.3919,,0.501514,0.501514,0.500491,-0.006487,0.000000,0.000000,0.000000,0,1,0,1,20.074058,0,0,0,0
15.4119,,0.501514,0.501514,0.500491,-0.006487,0.000000,0.000000,0.000000,0,1,0,1,20.115967,0,0,0,0
15.4317,,0.501514,0.501514,0.500491,-0.006487,0.000000,0.000000,0.000000,0,1,0,1,20.102691,0,0,0,0
15.4519,,0.501514,0.501514,0.500491,-0.006487,0.000000,0.000000,0.000000,0,1,0,1,20.104414,0,0,0,0
15.4729,,0.501514,0.501514,0.500491,-0.006487,0.000000,0.000000,0.000000,0,1,0,1,20.086188,0,0,0,0
15.4928,,0.501514,0.501514,0.500491,-0.006487,0.000000,0.000000,0.000000,0,1,0,1,20.086245,0,0,0,0
15.5129,,0.501514,0.501514,0.500491,-0.006487,0.000000,0.000000,0.000000,0,1,0,1,20.079686,0,0,0,0
15.5327,,0.501514,0.501514,0.500491,-0.006487,0.000000,0.000000,0.000000,0,1,0,1,20.080528,0,0,0,0
15.5530,,0.501514,0.501514,0.500491,-0.006487,0.000000,0.000000,0.000000,0,1,0,1,20.089505,0,0,0,0
15.5729,,0.501514,0.501514,0.500491,-0.006487,0.000000,0.000000,0.000000,0,1,0,1,20.090640,0,0,0,0
15.5929,,0.501514,0.501514,0.500491,-0.006487,0.000000,0.000000,0.000000,0,1,0,1,20.073824,0,0,0,0
15.6128,,0.501514,0.501514,0.500491,-0.006487,0.000000,0.000000,0.000000,0,1,0,1,20.181921,0,0,0,0
15.6328,,0.501514,0.501514,0.500491,-0.006487,0.000000,0.000000,0.000000,0,1,0,1,20.138496,0,0,0,0
15.6539,,0.501514,0.501514,0.500491,-0.006487,0.000000,0.000000,0.000000,0,1,0,1,20.172587,0,0,0,0
15.6738,,0.501514,0.501514,0.500491,-0.006487,0.000000,0.000000,0.000000,0,1,0,1,20.208532,0,0,0,0
15.6938,,0.501514,0.501514,0.500491,-0.006487,0.000000,0.000000,0.000000,0,1,0,1,20.151563,0,0,0,0
15.7139,,0.501514,0.501514,0.500491,-0.006487,0.000000,0.000000,0.000000,0,1,0,1,20.127157,0,0,0,0
15.7337,,0.501514,0.501514,0.500491,-0.006487,0.000000,0.000000,0.000000,0,1,0,1,20.185971,0,0,0,0
15.7537,,0.501514,0.501514,0.500491,-0.006487,0.000000,0.000000,0.000000,0,1,0,1,20.139148,0,0,0,0
15.7737,,0.501514,0.501514,0.500491,-0.006487,0.000000,0.000000,0.000000,0,1,0,1,20.086922,0,0,0,0
15.7949,,0.501514,0.501514,0.500491,-0.006487,0.000000,0.000000,0.000000,0,1,0,1,20.102852,0,0,0,0
15.8148,,0.501514,0.501514,0.500491,-0.006487,0.000000,0.000000,0.000000,0,1,0,1,20.153916,0,0,0,0
15.8347,,0.501514,0.501514,0.500491,-0.006487,0.000000,0.000000,0.000000,0,1,0,1,20.620277,0,0,0,0
15.8558,,0.501514,0.501514,0.500491,-0.006487,0.000000,0.000000,0.000000,0,1,0,1,20.192671,0,0,0,0
15.8759,,0.501514,0.501514,0.500491,-0.006487,0.000000,0.000000,0.000000,0,1,0,1,20.205716,0,0,0,0
15.8958,,0.501514,0.501514,0.500491,-0.006487,0.000000,0.000000,0.000000,0,1,0,1,20.293904,0,0,0,0
15.9159,,0.501514,0.501514,0.500491,-0.006487,0.000000,0.000000,0.000000,0,1,0,1,20.189702,0,0,0,0
15.9359,,0.501514,0.501514,0.500491,-0.006487,0.000000,0.000000,0.000000,0,1,0,1,20.192467,0,0,0,0
15.9568,,0.501514,0.501514,0.500491,-0.006487,0.000000,0.000000,0.000000,0,1,0,1,20.197849,0,0,0,0
15.9768,,0.501514,0.501514,0.500491,-0.006487,0.000000,0.000000,0.000000,0,1,0,1,20.149691,0,0,0,0
15.9970,,0.501514,0.501514,0.500491,-0.006487,0.000000,0.000000,0.000000,0,1,0,1,20.203081,0,0,0,0
16.0170,,0.501514,0.501514,0.500491,-0.006487,0.000000,0.000000,0.000000,0,1,0,1,20.074786,0,0,0,0
16.0369,,0.501514,0.501514,0.500491,-0.006487,0.000000,0.000000,0.000000,0,1,0,1,20.077811,0,0,0,0
16.0569,,0.501514,0.501514,0.500491,-0.006487,0.000000,0.000000,0.000000,0,1,0,1,20.081956,0,0,0,0
16.0769,,0.501514,0.501514,0.500491,-0.006487,0.000000,0.000000,0.000000,0,1,0,1,20.082974,0,0,0,0
16.0969,,0.501514,0.501514,0.500491,-0.006487,0.000000,0.000000,0.000000,0,1,0,1,20.082873,0,0,0,0
16.1169,,0.501514,0.501514,0.500491,-0.006487,0.000000,0.000000,0.000000,0,1,0,1,20.099493,0,0,0,0
16.1378,,0.501514,0.501514,0.500491,-0.006487,0.000000,0.000000,0.000000,0,1,0,1,20.121507,0,0,0,0
16.1579,,0.501514,0.501514,0.500491,-0.006487,0.000000,0.000000,0.000000,0,1,0,1,20.124664,0,0,0,0
16.1779,,0.501514,0.501514,0.500491,-0.006487,0.000000,0.000000,0.000000,0,1,0,1,20.040235,0,0,0,0
16.1979,,0.501514,0.501514,0.500491,-0.006487,0.000000,0.000000,0.000000,0,1,0,1,20.087429,0,0,0,0
16.2178,,0.501514,0.501514,0.500491,-0.006487,0.000000,0.000000,0.000000,0,1,0,1,20.081843,0,0,0,0
16.2379,,0.501514,0.501514,0.500491,-0.006487,0.000000,0.000000,0.000000,0,1,0,1,20.076637,0,0,0,0
16.2579,,0.501514,0.501514,0.500491,-0.006487,0.000000,0.000000,0.000000,0,1,0,1,20.089562,0,0,0,0
16.2779,,0.501514,0.501514,0.500491,-0.006487,0.000000,0.000000,0.000000,0,1,0,1,20.077700,0,0,0,0
16.2977,,0.501514,0.501514,0.500491,-0.006487,0.000000,0.000000,0.000000,0,1,0,1,20.264186,0,0,0,0
16.3188,,0.501514,0.501514,0.500491,-0.006487,0.000000,0.000000,0.000000,0,1,0,1,20.148899,0,0,0,0
16.3388,,0.501514,0.501514,0.500491,-0.006487,0.000000,0.000000,0.000000,0,1,0,1,20.229602,0,0,0,0
16.3589,,0.501514,0.501514,0.500491,-0.006487,0.000000,0.000000,0.000000,0,1,0,1,20.215510,0,0,0,0
16.3787,,0.501514,0.501514,0.500491,-0.006487,0.000000,0.000000,0.000000,0,1,0,1,20.311501,0,0,0,0
16.3987,,0.501514,0.501514,0.500491,-0.006487,0.000000,0.000000,0.000000,0,1,0,1,20.080514,0,0,0,0
16.4189,,0.501514,0.501514,0.500491,-0.006487,0.000000,0.000000,0.000000,0,1,0,1,20.078880,0,0,0,0
16.4398,,0.501514,0.501514,0.500491,-0.006487,0.000000,0.000000,0.000000,0,1,0,1,20.084135,0,0,0,0
16.4598,,0.501514,0.501514,0.500491,-0.006487,0.000000,0.000000,0.000000,0,1,0,1,20.339512,0,0,0,0
16.4798,,0.501514,0.501514,0.500491,-0.006487,0.000000,0.000000,0.000000,0,1,0,1,20.206548,0,0,0,0
16.4998,,0.501514,0.501514,0.500491,-0.006487,0.000000,0.000000,0.000000,0,1,0,1,20.245673,0,0,0,0
16.5208,,0.501514,0.501514,0.500491,-0.006487,0.000000,0.000000,0.000000,0,1,0,1,20.299830,0,0,0,0
16.5409,,0.501514,0.501514,0.500491,-0.006487,0.000000,0.000000,0.000000,0,1,0,1,20.180342,0,0,0,0
16.5609,,0.501514,0.501514,0.500491,-0.006487,0.000000,0.000000,0.000000,0,1,0,1,20.221576,0,0,0,0
16.5808,,0.501514,0.501514,0.500491,-0.006487,0.000000,0.000000,0.000000,0,1,0,1,20.230998,0,0,0,0
16.6009,,0.501514,0.501514,0.500491,-0.006487,0.000000,0.000000,0.000000,0,1,0,1,20.190788,0,0,0,0
16.6219,,0.501514,0.501514,0.500491,-0.006487,0.000000,0.000000,0.000000,0,1,0,1,20.199948,0,0,0,0
16.6422,,0.501514,0.501514,0.500491,-0.006487,0.000000,0.000000,0.000000,0,1,0,1,20.278558,0,0,0,0
16.6619,,0.501514,0.501514,0.500491,-0.006487,0.000000,0.000000,0.000000,0,1,0,1,20.231158,0,0,0,0
16.6819,,0.501514,0.501514,0.500491,-0.006487,0.000000,0.000000,0.000000,0,1,0,1,20.119980,0,0,0,0
16.7029,,0.501514,0.501514,0.500491,-0.006487,0.000000,0.000000,0.000000,0,1,0,1,20.207566,0,0,0,0
16.7230,,0.501514,0.501514,0.500491,-0.006487,0.000000,0.000000,0.000000,0,1,0,1,20.322569,0,0,0,0
16.7430,,0.501514,0.501514,0.500491,-0.006487,0.000000,0.000000,0.000000,0,1,0,1,20.091388,0,0,0,0
16.7629,,0.501514,0.501514,0.500491,-0.006487,0.000000,0.000000,0.000000,0,1,0,1,20.079110,0,0,0,0
16.7828,,0.501514,0.501514,0.500491,-0.006487,0.000000,0.000000,0.000000,0,1,0,1,20.217251,0,0,0,0
16.8028,,0.501514,0.501514,0.500491,-0.006487,0.000000,0.000000,0.000000,0,1,0,1,20.111546,0,0,0,0
16.8240,,0.501514,0.501514,0.500491,-0.006487,0.000000,0.000000,0.000000,0,1,0,1,20.205519,0,0,0,0
16.8439,,0.501514,0.501514,0.500491,-0.006487,0.000000,0.000000,0.000000,0,1,0,1,20.199666,0,0,0,0
16.8639,,0.501514,0.501514,0.500491,-0.006487,0.000000,0.000000,0.000000,0,1,0,1,20.222966,0,0,0,0
16.8839,,0.501514,0.501514,0.500491,-0.006487,0.000000,0.000000,0.000000,0,1,0,1,20.206777,0,0,0,0
16.9038,,0.501514,0.501514,0.500491,-0.006487,0.000000,0.000000,0.000000,0,1,0,1,20.235838,0,0,0,0
16.9239,,0.501514,0.501514,0.500491,-0.006487,0.000000,0.000000,0.000000,0,1,0,1,20.082782,0,0,0,0
16.9449,,0.501514,0.501514,0.500491,-0.006487,0.000000,0.000000,0.000000,0,1,0,1,20.109871,0,0,0,0
16.9649,,0.501514,0.501514,0.500491,-0.006487,0.000000,0.000000,0.000000,0,1,0,1,20.167041,0,0,0,0
16.9850,,0.501514,0.501514,0.500491,-0.006487,0.000000,0.000000,0.000000,0,1,0,1,20.098246,0,0,0,0
17.0048,,0.501514,0.501514,0.500491,-0.006487,0.000000,0.000000,0.000000,0,1,0,1,20.095836,0,0,0,0
17.0250,,0.501514,0.501514,0.500491,-0.006487,0.000000,0.000000,0.000000,0,1,0,1,20.081021,0,0,0,0
17.0449,,0.501514,0.501514,0.500491,-0.006487,0.000000,0.000000,0.000000,0,1,0,1,20.303487,0,0,0,0
17.0659,,0.501514,0.501514,0.500491,-0.006487,0.000000,0.000000,0.000000,0,1,0,1,20.273125,0,0,0,0
17.0860,,0.501514,0.501514,0.500491,-0.006487,0.000000,0.000000,0.000000,0,1,0,1,20.215238,0,0,0,0
17.1059,,0.501514,0.501514,0.500491,-0.006487,0.000000,0.000000,0.000000,0,1,0,1,20.118341,0,0,0,0
17.1259,,0.501514,0.501514,0.500491,-0.006487,0.000000,0.000000,0.000000,0,1,0,1,20.088466,0,0,0,0
17.1459,,0.501514,0.501514,0.500491,-0.006487,0.000000,0.000000,0.000000,0,1,0,1,20.245703,0,0,0,0
17.1659,,0.501514,0.501514,0.500491,-0.006487,0.000000,0.000000,0.000000,0,1,0,1,20.190547,0,0,0,0
17.1869,,0.501514,0.501514,0.500491,-0.006487,0.000000,0.000000,0.000000,0,1,0,1,20.214673,0,0,0,0
17.2072,,0.501514,0.501514,0.500491,-0.006487,0.000000,0.000000,0.000000,0,1,0,1,20.036514,0,0,0,0
17.2270,,0.501514,0.501514,0.500491,-0.006487,0.000000,0.000000,0.000000,0,1,0,1,20.203580,0,0,0,0
17.2469,,0.501514,0.501514,0.500491,-0.006487,0.000000,0.000000,0.000000,0,1,0,1,20.085772,0,0,0,0
17.2670,,0.501514,0.501514,0.500491,-0.006487,0.000000,0.000000,0.000000,0,1,0,1,20.084761,0,0,0,0
17.2873,,0.501514,0.501514,0.500491,-0.006487,0.000000,0.000000,0.000000,0,1,0,1,20.120036,0,0,0,0
17.3069,,0.501514,0.501514,0.500491,-0.006487,0.000000,0.000000,0.000000,0,1,0,1,20.183312,0,0,0,0
17.3280,,0.501514,0.501514,0.500491,-0.006487,0.000000,0.000000,0.000000,0,1,0,1,20.186824,0,0,0,0
17.3479,,0.501514,0.501514,0.500491,-0.006487,0.000000,0.000000,0.000000,0,1,0,1,20.262109,0,0,0,0
17.3679,,0.501514,0.501514,0.500491,-0.006487,0.000000,0.000000,0.000000,0,1,0,1,20.292637,0,0,0,0
17.3879,,0.501514,0.501514,0.500491,-0.006487,0.000000,0.000000,0.000000,0,1,0,1,20.269563,0,0,0,0
17.4089,,0.501514,0.501514,0.500491,-0.006487,0.000000,0.000000,0.000000,0,1,0,1,20.213697,0,0,0,0
17.4290,,0.501514,0.501514,0.500491,-0.006487,0.000000,0.000000,0.000000,0,1,0,1,20.209076,0,0,0,0
17.4489,,0.501514,0.501514,0.500491,-0.006487,0.000000,0.000000,0.000000,0,1,0,1,20.249611,0,0,0,0
17.4689,,0.501514,0.501514,0.500491,-0.006487,0.000000,0.000000,0.000000,0,1,0,1,20.118474,0,0,0,0
17.4888,,0.501514,0.501514,0.500491,-0.006487,0.000000,0.000000,0.000000,0,1,0,1,20.081070,0,0,0,0
17.5099,,0.501514,0.501514,0.500491,-0.006487,0.000000,0.000000,0.000000,0,1,0,1,20.228565,0,0,0,0
17.5299,,0.501514,0.501514,0.500491,-0.006487,0.000000,0.000000,0.000000,0,1,0,1,20.084927,0,0,0,0
17.5498,,0.501514,0.501514,0.500491,-0.006487,0.000000,0.000000,0.000000,0,1,0,1,20.088642,0,0,0,0
17.5699,,0.501514,0.501514,0.500491,-0.006487,0.000000,0.000000,0.000000,0,1,0,1,20.048354,0,0,0,0
17.5900,,0.501514,0.501514,0.500491,-0.006487,0.000000,0.000000,0.000000,0,1,0,1,20.169319,0,0,0,0
17.6100,,0.501514,0.501514,0.500491,-0.006487,0.000000,0.000000,0.000000,0,1,0,1,20.122163,0,0,0,0
17.6300,,0.501514,0.501514,0.500491,-0.006487,0.000000,0.000000,0.000000,0,1,0,1,20.213284,0,0,0,0
17.6501,,0.501514,0.501514,0.500491,-0.006487,0.000000,0.000000,0.000000,0,1,0,1,20.187713,0,0,0,0
17.6711,,0.501514,0.501514,0.500491,-0.006487,0.000000,0.000000,0.000000,0,1,0,1,20.154875,0,0,0,0
17.6910,,0.501514,0.501514,0.500491,-0.006487,0.000000,0.000000,0.000000,0,1,0,1,20.086054,0,0,0,0
17.7110,,0.501514,0.501514,0.500491,-0.006487,0.000000,0.000000,0.000000,0,1,0,1,20.158018,0,0,0,0
17.7309,,0.501514,0.501514,0.500491,-0.006487,0.000000,0.000000,0.000000,0,1,0,1,20.195653,0,0,0,0
17.7508,,0.501514,0.501514,0.500491,-0.006487,0.000000,0.000000,0.000000,0,1,0,1,20.071803,0,0,0,0
17.7710,,0.501514,0.501514,0.500491,-0.006487,0.000000,0.000000,0.000000,0,1,0,1,20.236561,0,0,0,0
17.7920,,0.501514,0.501514,0.500491,-0.006487,0.000000,0.000000,0.000000,0,1,0,1,20.191547,0,0,0,0
17.8122,,0.501514,0.501514,0.500491,-0.006487,0.000000,0.000000,0.000000,0,1,0,1,20.268551,0,0,0,0
17.8321,,0.501514,0.501514,0.500491,-0.006487,0.000000,0.000000,0.000000,0,1,0,1,20.204840,0,0,0,0
17.8519,,0.501514,0.501514,0.500491,-0.006487,0.000000,0.000000,0.000000,0,1,0,1,20.079777,0,0,0,0
17.8720,,0.501514,0.501514,0.500491,-0.006487,0.000000,0.000000,0.000000,0,1,0,1,20.228994,0,0,0,0
17.8920,,0.501514,0.501514,0.500491,-0.006487,0.000000,0.000000,0.000000,0,1,0,1,20.125856,0,0,0,0
17.9129,,0.501514,0.501514,0.500491,-0.006487,0.000000,0.000000,0.000000,0,1,0,1,20.083864,0,0,0,0
17.9329,,0.501514,0.501514,0.500491,-0.006487,0.000000,0.000000,0.000000,0,1,0,1,20.191189,0,0,0,0
17.9529,,0.501514,0.501514,0.500491,-0.006487,0.000000,0.000000,0.000000,0,1,0,1,20.073816,0,0,0,0
17.9729,,0.501514,0.501514,0.500491,-0.006487,0.000000,0.000000,0.000000,0,1,0,1,20.134771,0,0,0,0
17.9928,,0.501514,0.501514,0.500491,-0.006487,0.000000,0.000000,0.000000,0,1,0,1,20.079157,0,0,0,0
18.0129,,0.501514,0.501514,0.500491,-0.006487,0.000000,0.000000,0.000000,0,1,0,1,20.095645,0,0,0,0
18.0330,,0.501514,0.501514,0.500491,-0.006487,0.000000,0.000000,0.000000,0,1,0,1,20.083207,0,0,0,0
18.0530,,0.501514,0.501514,0.500491,-0.006487,0.000000,0.000000,0.000000,0,1,0,1,20.171613,0,0,0,0
18.0730,,0.501514,0.501514,0.500491,-0.006487,0.000000,0.000000,0.000000,0,1,0,1,20.108636,0,0,0,0
18.0930,,0.501514,0.501514,0.500491,-0.006487,0.000000,0.000000,0.000000,0,1,0,1,20.078465,0,0,0,0
18.1140,,0.501514,0.501514,0.500491,-0.006487,0.000000,0.000000,0.000000,0,1,0,1,20.211574,0,0,0,0
18.1339,,0.501514,0.501514,0.500491,-0.006487,0.000000,0.000000,0.000000,0,1,0,1,20.146829,0,0,0,0
18.1539,,0.501514,0.501514,0.500491,-0.006487,0.000000,0.000000,0.000000,0,1,0,1,20.091232,0,0,0,0
18.1738,,0.501514,0.501514,0.500491,-0.006487,0.000000,0.000000,0.000000,0,1,0,1,20.086145,0,0,0,0
18.1938,,0.501514,0.501514,0.500491,-0.006487,0.000000,0.000000,0.000000,0,1,0,1,20.089638,0,0,0,0
18.2140,,0.501514,0.501514,0.500491,-0.006487,0.000000,0.000000,0.000000,0,1,0,1,20.258400,0,0,0,0
18.2350,,0.501514,0.501514,0.500491,-0.006487,0.000000,0.000000,0.000000,0,1,0,1,20.224981,0,0,0,0
18.2549,,0.501514,0.501514,0.500491,-0.006487,0.000000,0.000000,0.000000,0,1,0,1,20.116923,0,0,0,0
18.2749,,0.501514,0.501514,0.500491,-0.006487,0.000000,0.000000,0.000000,0,1,0,1,20.237128,0,0,0,0
18.2961,,0.501514,0.501514,0.500491,-0.006487,0.000000,0.000000,0.000000,0,1,0,1,20.694846,0,0,0,0
18.3159,,0.501514,0.501514,0.500491,-0.006487,0.000000,0.000000,0.000000,0,1,0,1,20.165037,0,0,0,0
18.3359,,0.501514,0.501514,0.500491,-0.006487,0.000000,0.000000,0.000000,0,1,0,1,20.183610,0,0,0,0
18.3559,,0.501514,0.501514,0.500491,-0.006487,0.000000,0.000000,0.000000,0,1,0,1,20.081827,0,0,0,0
18.3761,,0.501514,0.501514,0.500491,-0.006487,0.000000,0.000000,0.000000,0,1,0,1,20.081127,0,0,0,0
18.3960,,0.501514,0.501514,0.500491,-0.006487,0.000000,0.000000,0.000000,0,1,0,1,20.072896,0,0,0,0
18.4160,,0.501514,0.501514,0.500491,-0.006487,0.000000,0.000000,0.000000,0,1,0,1,20.073235,0,0,0,0
18.4363,,0.501514,0.501514,0.500491,-0.006487,0.000000,0.000000,0.000000,0,1,0,1,20.180445,0,0,0,0
18.4571,,0.501514,0.501514,0.500491,-0.006487,0.000000,0.000000,0.000000,0,1,0,1,20.333056,0,0,0,0
18.4772,,0.501514,0.501514,0.500491,-0.006487,0.000000,0.000000,0.000000,0,1,0,1,20.073401,0,0,0,0
18.4970,,0.501514,0.501514,0.500491,-0.006487,0.000000,0.000000,0.000000,0,1,0,1,20.068947,0,0,0,0
18.5173,,0.501514,0.501514,0.500491,-0.006487,0.000000,0.000000,0.000000,0,1,0,1,20.071253,0,0,0,0
18.5372,,0.501514,0.501514,0.500491,-0.006487,0.000000,0.000000,0.000000,0,1,0,1,20.109138,0,0,0,0
18.5574,,0.501514,0.501514,0.500491,-0.006487,0.000000,0.000000,0.000000,0,1,0,1,20.085337,0,0,0,0
18.5775,,0.501514,0.501514,0.500491,-0.006487,0.000000,0.000000,0.000000,0,1,0,1,20.214267,0,0,0,0
18.5980,,0.501514,0.501514,0.500491,-0.006487,0.000000,0.000000,0.000000,0,1,0,1,20.075548,0,0,0,0
18.6183,,0.501514,0.501514,0.500491,-0.006487,0.000000,0.000000,0.000000,0,1,0,1,20.168921,0,0,0,0
18.6381,,0.501514,0.501514,0.500491,-0.006487,0.000000,0.000000,0.000000,0,1,0,1,20.132824,0,0,0,0
18.6580,,0.501514,0.501514,0.500491,-0.006487,0.000000,0.000000,0.000000,0,1,0,1,20.076535,0,0,0,0
18.6779,,0.501514,0.501514,0.500491,-0.006487,0.000000,0.000000,0.000000,0,1,0,1,20.120017,0,0,0,0
18.6979,,0.501514,0.501514,0.500491,-0.006487,0.000000,0.000000,0.000000,0,1,0,1,20.138252,0,0,0,0
18.7178,,0.501514,0.501514,0.500491,-0.006487,0.000000,0.000000,0.000000,0,1,0,1,20.115438,0,0,0,0
18.7378,,0.501514,0.501514,0.500491,-0.006487,0.000000,0.000000,0.000000,0,1,0,1,20.139645,0,0,0,0
18.7589,,0.501514,0.501514,0.500491,-0.006487,0.000000,0.000000,0.000000,0,1,0,1,20.186035,0,0,0,0
18.7789,,0.501514,0.501514,0.500491,-0.006487,0.000000,0.000000,0.000000,0,1,0,1,20.295995,0,0,0,0
18.7989,,0.501514,0.501514,0.500491,-0.006487,0.000000,0.000000,0.000000,0,1,0,1,20.080432,0,0,0,0
18.8188,,0.501514,0.501514,0.500491,-0.006487,0.000000,0.000000,0.000000,0,1,0,1,20.080999,0,0,0,0
18.8388,,0.501514,0.501514,0.500491,-0.006487,0.000000,0.000000,0.000000,0,1,0,1,20.109652,0,0,0,0
18.8591,,0.501514,0.501514,0.500491,-0.006487,0.000000,0.000000,0.000000,0,1,0,1,20.116720,0,0,0,0
18.8788,,0.501514,0.501514,0.500491,-0.006487,0.000000,0.000000,0.000000,0,1,0,1,20.068615,0,0,0,0
18.8991,,0.501514,0.501514,0.500491,-0.006487,0.000000,0.000000,0.000000,0,1,0,1,20.065197,0,0,0,0
18.9188,,0.501514,0.501514,0.500491,-0.006487,0.000000,0.000000,0.000000,0,1,0,1,20.066622,0,0,0,0
18.9398,,0.501514,0.501514,0.500491,-0.006487,0.000000,0.000000,0.000000,0,1,0,1,20.424624,0,0,0,0
18.9601,,0.501514,0.501514,0.500491,-0.006487,0.000000,0.000000,0.000000,0,1,0,1,20.179779,0,0,0,0
18.9808,,0.501514,0.501514,0.500491,-0.006487,0.000000,0.000000,0.000000,0,1,0,1,20.123948,0,0,0,0
18.9998,,0.501514,0.501514,0.500491,-0.006487,0.000000,0.000000,0.000000,0,1,0,1,20.084631,0,0,0,0
19.0199,,0.501514,0.501514,0.500491,-0.006487,0.000000,0.000000,0.000000,0,1,0,1,20.192143,0,0,0,0
19.0409,,0.501514,0.501514,0.500491,-0.006487,0.000000,0.000000,0.000000,0,1,0,1,20.209054,0,0,0,0
19.0611,,0.501514,0.501514,0.500491,-0.006487,0.000000,0.000000,0.000000,0,1,0,1,20.224152,0,0,0,0
19.0811,,0.501514,0.501514,0.500491,-0.006487,0.000000,0.000000,0.000000,0,1,0,1,20.084827,0,0,0,0
19.1009,,0.501514,0.501514,0.500491,-0.006487,0.000000,0.000000,0.000000,0,1,0,1,20.125438,0,0,0,0
19.1210,,0.501514,0.501514,0.500491,-0.006487,0.000000,0.000000,0.000000,0,1,0,1,20.157625,0,0,0,0
19.1409,,0.501514,0.501514,0.500491,-0.006487,0.000000,0.000000,0.000000,0,1,0,1,20.155173,0,0,0,0
19.1621,,0.501514,0.501514,0.500491,-0.006487,0.000000,0.000000,0.000000,0,1,0,1,20.147931,0,0,0,0
19.1819,,0.501514,0.501514,0.500491,-0.006487,0.000000,0.000000,0.000000,0,1,0,1,20.222239,0,0,0,0
19.2019,,0.501514,0.501514,0.500491,-0.006487,0.000000,0.000000,0.000000,0,1,0,1,20.168412,0,0,0,0
19.2222,,0.501514,0.501514,0.500491,-0.006487,0.000000,0.000000,0.000000,0,1,0,1,20.174926,0,0,0,0
19.2420,,0.501514,0.501514,0.500491,-0.006487,0.000000,0.000000,0.000000,0,1,0,1,20.202748,0,0,0,0
19.2633,,0.501514,0.501514,0.500491,-0.006487,0.000000,0.000000,0.000000,0,1,0,1,20.200306,0,0,0,0
19.2830,,0.501514,0.501514,0.500491,-0.006487,0.000000,0.000000,0.000000,0,1,0,1,20.376530,0,0,0,0
19.3029,,0.501514,0.501514,0.500491,-0.006487,0.000000,0.000000,0.000000,0,1,0,1,20.073680,0,0,0,0
19.3229,,0.501514,0.501514,0.500491,-0.006487,0.000000,0.000000,0.000000,0,1,0,1,20.071766,0,0,0,0
19.3428,,0.501514,0.501514,0.500491,-0.006487,0.000000,0.000000,0.000000,0,1,0,1,20.078692,0,0,0,0
19.3630,,0.501514,0.501514,0.500491,-0.006487,0.000000,0.000000,0.000000,0,1,0,1,20.110902,0,0,0,0
19.3831,,0.501514,0.501514,0.500491,-0.006487,0.000000,0.000000,0.000000,0,1,0,1,20.189404,0,0,0,0
19.4043,,0.501514,0.501514,0.500491,-0.006487,0.000000,0.000000,0.000000,0,1,0,1,20.195244,0,0,0,0
19.4238,,0.501514,0.501514,0.500491,-0.006487,0.000000,0.000000,0.000000,0,1,0,1,20.190129,0,0,0,0
19.4440,,0.501514,0.501514,0.500491,-0.006487,0.000000,0.000000,0.000000,0,1,0,1,20.098146,0,0,0,0
19.4638,,0.501514,0.501514,0.500491,-0.006487,0.000000,0.000000,0.000000,0,1,0,1,20.214772,0,0,0,0
19.4841,,0.501514,0.501514,0.500491,-0.006487,0.000000,0.000000,0.000000,0,1,0,1,20.074511,0,0,0,0
19.5038,,0.501514,0.501514,0.500491,-0.006487,0.000000,0.000000,0.000000,0,1,0,1,20.093891,0,0,0,0
19.5248,,0.501514,0.501514,0.500491,-0.006487,0.000000,0.000000,0.000000,0,1,0,1,20.168873,0,0,0,0
19.5450,,0.501514,0.501514,0.500491,-0.006487,0.000000,0.000000,0.000000,0,1,0,1,20.095664,0,0,0,0
19.5652,,0.501514,0.501514,0.500491,-0.006487,0.000000,0.000000,0.000000,0,1,0,1,20.109591,0,0,0,0
19.5852,,0.501514,0.501514,0.500491,-0.006487,0.000000,0.000000,0.000000,0,1,0,1,20.101212,0,0,0,0
19.6048,,0.501514,0.501514,0.500491,-0.006487,0.000000,0.000000,0.000000,0,1,0,1,20.131456,0,0,0,0
19.6252,,0.501514,0.501514,0.500491,-0.006487,0.000000,0.000000,0.000000,0,1,0,1,20.088172,0,0,0,0
19.6450,,0.501514,0.501514,0.500491,-0.006487,0.000000,0.000000,0.000000,0,1,0,1,20.088210,0,0,0,0
19.6650,,0.501514,0.501514,0.500491,-0.006487,0.000000,0.000000,0.000000,0,1,0,1,20.190434,0,0,0,0
19.6862,,0.501514,0.501514,0.500491,-0.006487,0.000000,0.000000,0.000000,0,1,0,1,20.281304,0,0,0,0
19.7063,,0.501514,0.501514,0.500491,-0.006487,0.000000,0.000000,0.000000,0,1,0,1,20.255033,0,0,0,0
19.7259,,0.501514,0.501514,0.500491,-0.006487,0.000000,0.000000,0.000000,0,1,0,1,20.088466,0,0,0,0
19.7462,,0.501514,0.501514,0.500491,-0.006487,0.000000,0.000000,0.000000,0,1,0,1,20.108016,0,0,0,0
19.7659,,0.501514,0.501514,0.500491,-0.006487,0.000000,0.000000,0.000000,0,1,0,1,20.072729,0,0,0,0
19.7859,,0.501514,0.501514,0.500491,-0.006487,0.000000,0.000000,0.000000,0,1,0,1,20.205474,0,0,0,0
19.8073,,0.501514,0.501514,0.500491,-0.006487,0.000000,0.000000,0.000000,0,1,0,1,20.251950,0,0,0,0
19.8272,,0.501514,0.501514,0.500491,-0.006487,0.000000,0.000000,0.000000,0,1,0,1,20.206079,0,0,0,0
19.8474,,0.501514,0.501514,0.500491,-0.006487,0.000000,0.000000,0.000000,0,1,0,1,20.097209,0,0,0,0
19.8670,,0.501514,0.501514,0.500491,-0.006487,0.000000,0.000000,0.000000,0,1,0,1,20.210686,0,0,0,0
19.8870,,0.501514,0.501514,0.500491,-0.006487,0.000000,0.000000,0.000000,0,1,0,1,20.077449,0,0,0,0
19.9070,,0.501514,0.501514,0.500491,-0.006487,0.000000,0.000000,0.000000,0,1,0,1,20.228431,0,0,0,0
19.9279,,0.501514,0.501514,0.500491,-0.006487,0.000000,0.000000,0.000000,0,1,0,1,20.215276,0,0,0,0
19.9478,,0.501514,0.501514,0.500491,-0.006487,0.000000,0.000000,0.000000,0,1,0,1,20.248574,0,0,0,0
19.9682,,0.501514,0.501514,0.500491,-0.006487,0.000000,0.000000,0.000000,0,1,0,1,20.078613,0,0,0,0
19.9879,,0.501514,0.501514,0.500491,-0.006487,0.000000,0.000000,0.000000,0,1,0,1,20.091447,0,0,0,0
20.0078,,0.501514,0.501514,0.500491,-0.006487,0.000000,0.000000,0.000000,0,1,0,1,20.082182,0,0,0,0
20.0278,,0.501514,0.501514,0.500491,-0.006487,0.000000,0.000000,0.000000,0,1,0,1,20.080983,0,0,0,0
20.0478,,0.501514,0.501514,0.500491,-0.006487,0.000000,0.000000,0.000000,0,1,0,1,20.078982,0,0,0,0
20.0715,,0.501514,0.501514,0.500491,-0.006487,0.000000,0.000000,0.000000,0,1,0,1,20.054161,0,0,0,0
20.0878,,0.501514,0.501514,0.500491,-0.006487,0.000000,0.000000,0.000000,0,1,0,1,20.073130,0,0,0,0
20.1078,,0.501514,0.501514,0.500491,-0.006487,0.000000,0.000000,0.000000,0,1,0,1,20.077602,0,0,0,0
20.1279,,0.501514,0.501514,0.500491,-0.006487,0.000000,0.000000,0.000000,0,1,0,1,20.078075,0,0,0,0
20.1492,,0.501514,0.501514,0.500491,-0.006487,0.000000,0.000000,0.000000,0,1,0,1,20.213245,0,0,0,0
20.1689,,0.501514,0.501514,0.500491,-0.006487,0.000000,0.000000,0.000000,0,1,0,1,20.190559,0,0,0,0
20.1905,,0.501514,0.501514,0.500491,-0.006487,0.000000,0.000000,0.000000,0,1,0,1,20.079530,0,0,0,0
20.2088,,0.501514,0.501514,0.500491,-0.006487,0.000000,0.000000,0.000000,0,1,0,1,20.077461,0,0,0,0
20.2288,,0.501514,0.501514,0.500491,-0.006487,0.000000,0.000000,0.000000,0,1,0,1,20.074203,0,0,0,0
20.2488,,0.501514,0.501514,0.500491,-0.006487,0.000000,0.000000,0.000000,0,1,0,1,20.079183,0,0,0,0
20.2703,,0.501514,0.501514,0.500491,-0.006487,0.000000,0.000000,0.000000,0,1,0,1,20.081222,0,0,0,0
20.2889,,0.501514,0.501514,0.500491,-0.006487,0.000000,0.000000,0.000000,0,1,0,1,20.081977,0,0,0,0
20.3089,,0.501514,0.501514,0.500491,-0.006487,0.000000,0.000000,0.000000,0,1,0,1,20.082247,0,0,0,0
20.3300,,0.501514,0.501514,0.500491,-0.006487,0.000000,0.000000,0.000000,0,1,0,1,20.086832,0,0,0,0
20.3499,,0.501514,0.501514,0.500491,-0.006487,0.000000,0.000000,0.000000,0,1,0,1,20.077074,0,0,0,0
20.3701,,0.501514,0.501514,0.500491,-0.006487,0.000000,0.000000,0.000000,0,1,0,1,20.129978,0,0,0,0
20.3900,,0.501514,0.501514,0.500491,-0.006487,0.000000,0.000000,0.000000,0,1,0,1,20.280779,0,0,0,0
20.4098,,0.501514,0.501514,0.500491,-0.006487,0.000000,0.000000,0.000000,0,1,0,1,20.147249,0,0,0,0
20.4299,,0.501514,0.501514,0.500491,-0.006487,0.000000,0.000000,0.000000,0,1,0,1,20.118317,0,0,0,0
20.4499,,0.501514,0.501514,0.500491,-0.006487,0.000000,0.000000,0.000000,0,1,0,1,20.113557,0,0,0,0
20.4709,,0.501514,0.501514,0.500491,-0.006487,0.000000,0.000000,0.000000,0,1,0,1,20.117538,0,0,0,0
20.4910,,0.501514,0.501514,0.500491,-0.006487,0.000000,0.000000,0.000000,0,1,0,1,20.080920,0,0,0,0
20.5108,,0.501514,0.501514,0.500491,-0.006487,0.000000,0.000000,0.000000,0,1,0,1,20.081463,0,0,0,0
20.5310,,0.501514,0.501514,0.500491,-0.006487,0.000000,0.000000,0.000000,0,1,0,1,20.084733,0,0,0,0
20.5509,,0.501514,0.501514,0.500491,-0.006487,0.000000,0.000000,0.000000,0,1,0,1,20.071101,0,0,0,0
20.5710,,0.501514,0.501514,0.500491,-0.006487,0.000000,0.000000,0.000000,0,1,0,1,20.033778,0,0,0,0
20.5909,,0.501514,0.501514,0.500491,-0.006487,0.000000,0.000000,0.000000,0,1,0,1,20.080069,0,0,0,0
20.6110,,0.501514,0.501514,0.500491,-0.006487,0.000000,0.000000,0.000000,0,1,0,1,20.073605,0,0,0,0
20.6311,,0.501514,0.501514,0.500491,-0.006487,0.000000,0.000000,0.000000,0,1,0,1,20.100677,0,0,0,0
20.6510,,0.501514,0.501514,0.500491,-0.006487,0.000000,0.000000,0.000000,0,1,0,1,20.255091,0,0,0,0
20.6710,,0.501514,0.501514,0.500491,-0.006487,0.000000,0.000000,0.000000,0,1,0,1,20.100526,0,0,0,0
20.6921,,0.501514,0.501514,0.500491,-0.006487,0.000000,0.000000,0.000000,0,1,0,1,20.068365,0,0,0,0
20.7121,,0.501514,0.501514,0.500491,-0.006487,0.000000,0.000000,0.000000,0,1,0,1,20.093819,0,0,0,0
20.7320,,0.501514,0.501514,0.500491,-0.006487,0.000000,0.000000,0.000000,0,1,0,1,20.168216,0,0,0,0
20.7520,,0.501514,0.501514,0.500491,-0.006487,0.000000,0.000000,0.000000,0,1,0,1,20.111143,0,0,0,0
20.7719,,0.501514,0.501514,0.500491,-0.006487,0.000000,0.000000,0.000000,0,1,0,1,20.085548,0,0,0,0
20.7921,,0.501514,0.501514,0.500491,-0.006487,0.000000,0.000000,0.000000,0,1,0,1,20.216025,0,0,0,0
20.8120,,0.501514,0.501514,0.500491,-0.006487,0.000000,0.000000,0.000000,0,1,0,1,20.106963,0,0,0,0
20.8330,,0.501514,0.501514,0.500491,-0.006487,0.000000,0.000000,0.000000,0,1,0,1,20.205000,0,0,0,0
20.8529,,0.501514,0.501514,0.500491,-0.006487,0.000000,0.000000,0.000000,0,1,0,1,20.289471,0,0,0,0
20.8733,,0.501514,0.501514,0.500491,-0.006487,0.000000,0.000000,0.000000,0,1,0,1,20.214601,0,0,0,0
20.8930,,0.501514,0.501514,0.500491,-0.006487,0.000000,0.000000,0.000000,0,1,0,1,20.218038,0,0,0,0
20.9140,,0.501514,0.501514,0.500491,-0.006487,0.000000,0.000000,0.000000,0,1,0,1,20.296164,0,0,0,0
20.9340,,0.501514,0.501514,0.500491,-0.006487,0.000000,0.000000,0.000000,0,1,0,1,20.221734,0,0,0,0
20.9541,,0.501514,0.501514,0.500491,-0.006487,0.000000,0.000000,0.000000,0,1,0,1,20.200344,0,0,0,0
20.9740,,0.501514,0.501514,0.500491,-0.006487,0.000000,0.000000,0.000000,0,1,0,1,20.194430,0,0,0,0
20.9941,,0.501514,0.501514,0.500491,-0.006487,0.000000,0.000000,0.000000,0,1,0,1,20.233114,0,0,0,0
21.0150,,0.501514,0.501514,0.500491,-0.006487,0.000000,0.000000,0.000000,0,1,0,1,20.199112,0,0,0,0
21.0350,,0.501514,0.501514,0.500491,-0.006487,0.000000,0.000000,0.000000,0,1,0,1,20.088577,0,0,0,0
21.0550,,0.501514,0.501514,0.500491,-0.006487,0.000000,0.000000,0.000000,0,1,0,1,20.191571,0,0,0,0
21.0750,,0.501514,0.501514,0.500491,-0.006487,0.000000,0.000000,0.000000,0,1,0,1,20.217548,0,0,0,0
21.0951,,0.501514,0.501514,0.500491,-0.006487,0.000000,0.000000,0.000000,0,1,0,1,20.196158,0,0,0,0
21.1161,,0.501514,0.501514,0.500491,-0.006487,0.000000,0.000000,0.000000,0,1,0,1,20.329193,0,0,0,0
21.1360,,0.501514,0.501514,0.500491,-0.006487,0.000000,0.000000,0.000000,0,1,0,1,20.268623,0,0,0,0
21.1562,,0.501514,0.501514,0.500491,-0.006487,0.000000,0.000000,0.000000,0,1,0,1,20.256845,0,0,0,0
21.1762,,0.501514,0.501514,0.500491,-0.006487,0.000000,0.000000,0.000000,0,1,0,1,20.241252,0,0,0,0
21.1974,,0.501514,0.501514,0.500491,-0.006487,0.000000,0.000000,0.000000,0,1,0,1,20.331608,0,0,0,0
21.2171,,0.501514,0.501514,0.500491,-0.006487,0.000000,0.000000,0.000000,0,1,0,1,20.213584,0,0,0,0
21.2373,,0.501514,0.501514,0.500491,-0.006487,0.000000,0.000000,0.000000,0,1,0,1,20.208514,0,0,0,0
21.2576,,0.501514,0.501514,0.500491,-0.006487,0.000000,0.000000,0.000000,0,1,0,1,20.203470,0,0,0,0
21.2770,,0.501514,0.501514,0.500491,-0.006487,0.000000,0.000000,0.000000,0,1,0,1,20.074450,0,0,0,0
21.2980,,0.501514,0.501514,0.500491,-0.006487,0.000000,0.000000,0.000000,0,1,0,1,20.236882,0,0,0,0
21.3183,,0.501514,0.501514,0.500491,-0.006487,0.000000,0.000000,0.000000,0,1,0,1,20.335455,0,0,0,0
21.3381,,0.501514,0.501514,0.500491,-0.006487,0.000000,0.000000,0.000000,0,1,0,1,20.194924,0,0,0,0
21.3579,,0.501514,0.501514,0.500491,-0.006487,0.000000,0.000000,0.000000,0,1,0,1,20.193127,0,0,0,0
21.3792,,0.501514,0.501514,0.500491,-0.006487,0.000000,0.000000,0.000000,0,1,0,1,20.190118,0,0,0,0
21.3992,,0.501514,0.501514,0.500491,-0.006487,0.000000,0.000000,0.000000,0,1,0,1,20.264071,0,0,0,0
21.4189,,0.501514,0.501514,0.500491,-0.006487,0.000000,0.000000,0.000000,0,1,0,1,20.205098,0,0,0,0
21.4389,,0.501514,0.501514,0.500491,-0.006487,0.000000,0.000000,0.000000,0,1,0,1,20.154952,0,0,0,0
21.4591,,0.501514,0.501514,0.500491,-0.006487,0.000000,0.000000,0.000000,0,1,0,1,20.178546,0,0,0,0
21.4792,,0.501514,0.501514,0.500491,-0.006487,0.000000,0.000000,0.000000,0,1,0,1,20.083919,0,0,0,0
21.5001,,0.501514,0.501514,0.500491,-0.006487,0.000000,0.000000,0.000000,0,1,0,1,20.292973,0,0,0,0
21.5204,,0.501514,0.501514,0.500491,-0.006487,0.000000,0.000000,0.000000,0,1,0,1,20.069104,0,0,0,0
21.5403,,0.501514,0.501514,0.500491,-0.006487,0.000000,0.000000,0.000000,0,1,0,1,20.072073,0,0,0,0
21.5602,,0.501514,0.501514,0.500491,-0.006487,0.000000,0.000000,0.000000,0,1,0,1,20.087857,0,0,0,0
21.5802,,0.501514,0.501514,0.500491,-0.006487,0.000000,0.000000,0.000000,0,1,0,1,20.224369,0,0,0,0
21.6001,,0.501514,0.501514,0.500491,-0.006487,0.000000,0.000000,0.000000,0,1,0,1,20.074012,0,0,0,0
21.6201,,0.501514,0.501514,0.500491,-0.006487,0.000000,0.000000,0.000000,0,1,0,1,20.126797,0,0,0,0
21.6411,,0.501514,0.501514,0.500491,-0.006487,0.000000,0.000000,0.000000,0,1,0,1,20.188418,0,0,0,0
21.6613,,0.501514,0.501514,0.500491,-0.006487,0.000000,0.000000,0.000000,0,1,0,1,20.199720,0,0,0,0
21.6813,,0.501514,0.501514,0.500491,-0.006487,0.000000,0.000000,0.000000,0,1,0,1,20.191323,0,0,0,0
21.7011,,0.501514,0.501514,0.500491,-0.006487,0.000000,0.000000,0.000000,0,1,0,1,20.118353,0,0,0,0
21.7212,,0.501514,0.501514,0.500491,-0.006487,0.000000,0.000000,0.000000,0,1,0,1,20.239765,0,0,0,0
21.7424,,0.501514,0.501514,0.500491,-0.006487,0.000000,0.000000,0.000000,0,1,0,1,20.193063,0,0,0,0
21.7622,,0.501514,0.501514,0.500491,-0.006487,0.000000,0.000000,0.000000,0,1,0,1,20.256858,0,0,0,0
21.7823,,0.501514,0.501514,0.500491,-0.006487,0.000000,0.000000,0.000000,0,1,0,1,20.310700,0,0,0,0
21.8022,,0.501514,0.501514,0.500491,-0.006487,0.000000,0.000000,0.000000,0,1,0,1,20.132581,0,0,0,0
21.8223,,0.501514,0.501514,0.500491,-0.006487,0.000000,0.000000,0.000000,0,1,0,1,20.235643,0,0,0,0
21.8432,,0.501514,0.501514,0.500491,-0.006487,0.000000,0.000000,0.000000,0,1,0,1,20.280694,0,0,0,0
21.8631,,0.501514,0.501514,0.500491,-0.006487,0.000000,0.000000,0.000000,0,1,0,1,20.163839,0,0,0,0
21.8832,,0.501514,0.501514,0.500491,-0.006487,0.000000,0.000000,0.000000,0,1,0,1,20.236997,0,0,0,0
21.9033,,0.501514,0.501514,0.500491,-0.006487,0.000000,0.000000,0.000000,0,1,0,1,20.195957,0,0,0,0
21.9243,,0.501514,0.501514,0.500491,-0.006487,0.000000,0.000000,0.000000,0,1,0,1,20.213602,0,0,0,0
21.9442,,0.501514,0.501514,0.500491,-0.006487,0.000000,0.000000,0.000000,0,1,0,1,20.325201,0,0,0,0
21.9641,,0.501514,0.501514,0.500491,-0.006487,0.000000,0.000000,0.000000,0,1,0,1,20.090635,0,0,0,0
21.9842,,0.501514,0.501514,0.500491,-0.006487,0.000000,0.000000,0.000000,0,1,0,1,20.199322,0,0,0,0
22.0042,,0.501514,0.501514,0.500491,-0.006487,0.000000,0.000000,0.000000,0,1,0,1,20.210835,0,0,0,0
22.0253,,0.501514,0.501514,0.500491,-0.006487,0.000000,0.000000,0.000000,0,1,0,1,20.100894,0,0,0,0
22.0452,,0.501514,0.501514,0.500491,-0.006487,0.000000,0.000000,0.000000,0,1,0,1,20.071823,0,0,0,0
22.0653,,0.501514,0.501514,0.500491,-0.006487,0.000000,0.000000,0.000000,0,1,0,1,20.083947,0,0,0,0
22.0853,,0.501514,0.501514,0.500491,-0.006487,0.000000,0.000000,0.000000,0,1,0,1,20.129970,0,0,0,0
22.1052,,0.501514,0.501514,0.500491,-0.006487,0.000000,0.000000,0.000000,0,1,0,1,20.204732,0,0,0,0
22.1252,,0.501514,0.501514,0.500491,-0.006487,0.000000,0.000000,0.000000,0,1,0,1,20.196827,0,0,0,0
22.1462,,0.501514,0.501514,0.500491,-0.006487,0.000000,0.000000,0.000000,0,1,0,1,20.786920,0,0,0,0
22.1662,,0.501514,0.501514,0.500491,-0.006487,0.000000,0.000000,0.000000,0,1,0,1,20.187423,0,0,0,0
22.1863,,0.501514,0.501514,0.500491,-0.006487,0.000000,0.000000,0.000000,0,1,0,1,20.207113,0,0,0,0
22.2073,,0.501514,0.501514,0.500491,-0.006487,0.000000,0.000000,0.000000,0,1,0,1,20.225471,0,0,0,0
22.2273,,0.501514,0.501514,0.500491,-0.006487,0.000000,0.000000,0.000000,0,1,0,1,20.166959,0,0,0,0
22.2472,,0.501514,0.501514,0.500491,-0.006487,0.000000,0.000000,0.000000,0,1,0,1,20.305598,0,0,0,0
22.2673,,0.501514,0.501514,0.500491,-0.006487,0.000000,0.000000,0.000000,0,1,0,1,20.176126,0,0,0,0
22.2872,,0.501514,0.501514,0.500491,-0.006487,0.000000,0.000000,0.000000,0,1,0,1,20.212186,0,0,0,0
22.3082,,0.501514,0.501514,0.500491,-0.006487,0.000000,0.000000,0.000000,0,1,0,1,20.130586,0,0,0,0
22.3283,,0.501514,0.501514,0.500491,-0.006487,0.000000,0.000000,0.000000,0,1,0,1,20.239072,0,0,0,0
22.3482,,0.501514,0.501514,0.500491,-0.006487,0.000000,0.000000,0.000000,0,1,0,1,20.175373,0,0,0,0
22.3682,,0.501514,0.501514,0.500491,-0.006487,0.000000,0.000000,0.000000,0,1,0,1,20.237822,0,0,0,0
22.3881,,0.501514,0.501514,0.500491,-0.006487,0.000000,0.000000,0.000000,0,1,0,1,20.118666,0,0,0,0
22.4092,,0.501514,0.501514,0.500491,-0.006487,0.000000,0.000000,0.000000,0,1,0,1,20.208119,0,0,0,0
22.4292,,0.501514,0.501514,0.500491,-0.006487,0.000000,0.000000,0.000000,0,1,0,1,20.230279,0,0,0,0
22.4491,,0.501514,0.501514,0.500491,-0.006487,0.000000,0.000000,0.000000,0,1,0,1,20.198768,0,0,0,0
22.4691,,0.501514,0.501514,0.500491,-0.006487,0.000000,0.000000,0.000000,0,1,0,1,20.263730,0,0,0,0
22.4892,,0.501514,0.501514,0.500491,-0.006487,0.000000,0.000000,0.000000,0,1,0,1,20.244476,0,0,0,0
22.5102,,0.501514,0.501514,0.500491,-0.006487,0.000000,0.000000,0.000000,0,1,0,1,20.090268,0,0,0,0
22.5302,,0.501514,0.501514,0.500491,-0.006487,0.000000,0.000000,0.000000,0,1,0,1,20.087820,0,0,0,0
22.5502,,0.501514,0.501514,0.500491,-0.006487,0.000000,0.000000,0.000000,0,1,0,1,20.274759,0,0,0,0
22.5702,,0.501514,0.501514,0.500491,-0.006487,0.000000,0.000000,0.000000,0,1,0,1,20.198867,0,0,0,0
22.5901,,0.501514,0.501514,0.500491,-0.006487,0.000000,0.000000,0.000000,0,1,0,1,20.304595,0,0,0,0
22.6113,,0.501514,0.501514,0.500491,-0.006487,0.000000,0.000000,0.000000,0,1,0,1,20.237170,0,0,0,0
22.6314,,0.501514,0.501514,0.500491,-0.006487,0.000000,0.000000,0.000000,0,1,0,1,20.247828,0,0,0,0
22.6513,,0.501514,0.501514,0.500491,-0.006487,0.000000,0.000000,0.000000,0,1,0,1,20.096216,0,0,0,0
22.6712,,0.501514,0.501514,0.500491,-0.006487,0.000000,0.000000,0.000000,0,1,0,1,20.178066,0,0,0,0
22.6912,,0.501514,0.501514,0.500491,-0.006487,0.000000,0.000000,0.000000,0,1,0,1,20.211056,0,0,0,0
22.7122,,0.501514,0.501514,0.500491,-0.006487,0.000000,0.000000,0.000000,0,1,0,1,20.284571,0,0,0,0
22.7322,,0.501514,0.501514,0.500491,-0.006487,0.000000,0.000000,0.000000,0,1,0,1,20.127725,0,0,0,0
22.7523,,0.501514,0.501514,0.500491,-0.006487,0.000000,0.000000,0.000000,0,1,0,1,20.082748,0,0,0,0
22.7723,,0.501514,0.501514,0.500491,-0.006487,0.000000,0.000000,0.000000,0,1,0,1,20.233292,0,0,0,0
22.7921,,0.501514,0.501514,0.500491,-0.006487,0.000000,0.000000,0.000000,0,1,0,1,20.106525,0,0,0,0
22.8122,,0.501514,0.501514,0.500491,-0.006487,0.000000,0.000000,0.000000,0,1,0,1,20.108025,0,0,0,0
22.8332,,0.501514,0.501514,0.500491,-0.006487,0.000000,0.000000,0.000000,0,1,0,1,20.270122,0,0,0,0
22.8532,,0.501514,0.501514,0.500491,-0.006487,0.000000,0.000000,0.000000,0,1,0,1,20.243701,0,0,0,0
22.8731,,0.501514,0.501514,0.500491,-0.006487,0.000000,0.000000,0.000000,0,1,0,1,20.106179,0,0,0,0
22.8932,,0.501514,0.501514,0.500491,-0.006487,0.000000,0.000000,0.000000,0,1,0,1,20.111875,0,0,0,0
22.9131,,0.501514,0.501514,0.500491,-0.006487,0.000000,0.000000,0.000000,0,1,0,1,20.198831,0,0,0,0
22.9331,,0.501514,0.501514,0.500491,-0.006487,0.000000,0.000000,0.000000,0,1,0,1,20.184279,0,0,0,0
22.9542,,0.501514,0.501514,0.500491,-0.006487,0.000000,0.000000,0.000000,0,1,0,1,20.200440,0,0,0,0
22.9742,,0.501514,0.501514,0.500491,-0.006487,0.000000,0.000000,0.000000,0,1,0,1,20.216079,0,0,0,0
22.9941,,0.501514,0.501514,0.500491,-0.006487,0.000000,0.000000,0.000000,0,1,0,1,20.184955,0,0,0,0
23.0141,,0.501514,0.501514,0.500491,-0.006487,0.000000,0.000000,0.000000,0,1,0,1,20.246355,0,0,0,0
23.0341,,0.501514,0.501514,0.500491,-0.006487,0.000000,0.000000,0.000000,0,1,0,1,20.092946,0,0,0,0
23.0551,,0.501514,0.501514,0.500491,-0.006487,0.000000,0.000000,0.000000,0,1,0,1,20.132910,0,0,0,0
23.0752,,0.501514,0.501514,0.500491,-0.006487,0.000000,0.000000,0.000000,0,1,0,1,20.088191,0,0,0,0
23.0954,,0.501514,0.501514,0.500491,-0.006487,0.000000,0.000000,0.000000,0,1,0,1,20.158341,0,0,0,0
23.1153,,0.501514,0.501514,0.500491,-0.006487,0.000000,0.000000,0.000000,0,1,0,1,20.077053,0,0,0,0
23.1353,,0.501514,0.501514,0.500491,-0.006487,0.000000,0.000000,0.000000,0,1,0,1,20.076721,0,0,0,0
23.1554,,0.501514,0.501514,0.500491,-0.006487,0.000000,0.000000,0.000000,0,1,0,1,20.085838,0,0,0,0
23.1753,,0.501514,0.501514,0.500491,-0.006487,0.000000,0.000000,0.000000,0,1,0,1,20.109911,0,0,0,0
23.1952,,0.501514,0.501514,0.500491,-0.006487,0.000000,0.000000,0.000000,0,1,0,1,20.175273,0,0,0,0
23.2152,,0.501514,0.501514,0.500491,-0.006487,0.000000,0.000000,0.000000,0,1,0,1,20.204351,0,0,0,0
23.2364,,0.501514,0.501514,0.500491,-0.006487,0.000000,0.000000,0.000000,0,1,0,1,20.079501,0,0,0,0
23.2564,,0.501514,0.501514,0.500491,-0.006487,0.000000,0.000000,0.000000,0,1,0,1,20.041301,0,0,0,0
23.2763,,0.501514,0.501514,0.500491,-0.006487,0.000000,0.000000,0.000000,0,1,0,1,20.085515,0,0,0,0
23.2963,,0.501514,0.501514,0.500491,-0.006487,0.000000,0.000000,0.000000,0,1,0,1,20.084978,0,0,0,0
23.3162,,0.501514,0.501514,0.500491,-0.006487,0.000000,0.000000,0.000000,0,1,0,1,20.080366,0,0,0,0
23.3363,,0.501514,0.501514,0.500491,-0.006487,0.000000,0.000000,0.000000,0,1,0,1,20.083032,0,0,0,0
23.3562,,0.501514,0.501514,0.500491,-0.006487,0.000000,0.000000,0.000000,0,1,0,1,20.094657,0,0,0,0
23.3761,,0.501514,0.501514,0.500491,-0.006487,0.000000,0.000000,0.000000,0,1,0,1,20.347948,0,0,0,0
23.3975,,0.501514,0.501514,0.500491,-0.006487,0.000000,0.000000,0.000000,0,1,0,1,20.443450,0,0,0,0
23.4172,,0.501514,0.501514,0.500491,-0.006487,0.000000,0.000000,0.000000,0,1,0,1,20.190687,0,0,0,0
23.4372,,0.501514,0.501514,0.500491,-0.006487,0.000000,0.000000,0.000000,0,1,0,1,20.186186,0,0,0,0
23.4573,,0.501514,0.501514,0.500491,-0.006487,0.000000,0.000000,0.000000,0,1,0,1,20.212275,0,0,0,0
23.4781,,0.501514,0.501514,0.500491,-0.006487,0.000000,0.000000,0.000000,0,1,0,1,20.221475,0,0,0,0
23.4982,,0.501514,0.501514,0.500491,-0.006487,0.000000,0.000000,0.000000,0,1,0,1,20.097189,0,0,0,0
23.5181,,0.501514,0.501514,0.500491,-0.006487,0.000000,0.000000,0.000000,0,1,0,1,20.101234,0,0,0,0
23.5381,,0.501514,0.501514,0.500491,-0.006487,0.000000,0.000000,0.000000,0,1,0,1,20.091904,0,0,0,0
23.5581,,0.501514,0.501514,0.500491,-0.006487,0.000000,0.000000,0.000000,0,1,0,1,20.082033,0,0,0,0
23.5781,,0.501514,0.501514,0.500491,-0.006487,0.000000,0.000000,0.000000,0,1,0,1,20.084451,0,0,0,0
23.5982,,0.501514,0.501514,0.500491,-0.006487,0.000000,0.000000,0.000000,0,1,0,1,20.120421,0,0,0,0
23.6181,,0.501514,0.501514,0.500491,-0.006487,0.000000,0.000000,0.000000,0,1,0,1,20.081165,0,0,0,0
23.6381,,0.501514,0.501514,0.500491,-0.006487,0.000000,0.000000,0.000000,0,1,0,1,20.195110,0,0,0,0
23.6592,,0.501514,0.501514,0.500491,-0.006487,0.000000,0.000000,0.000000,0,1,0,1,20.130718,0,0,0,0
23.6792,,0.501514,0.501514,0.500491,-0.006487,0.000000,0.000000,0.000000,0,1,0,1,20.114366,0,0,0,0
23.6993,,0.501514,0.501514,0.500491,-0.006487,0.000000,0.000000,0.000000,0,1,0,1,20.078049,0,0,0,0
23.7192,,0.501514,0.501514,0.500491,-0.006487,0.000000,0.000000,0.000000,0,1,0,1,20.114753,0,0,0,0
23.7392,,0.501514,0.501514,0.500491,-0.006487,0.000000,0.000000,0.000000,0,1,0,1,20.156285,0,0,0,0
23.7592,,0.501514,0.501514,0.500491,-0.006487,0.000000,0.000000,0.000000,0,1,0,1,20.083581,0,0,0,0
23.7791,,0.501514,0.501514,0.500491,-0.006487,0.000000,0.000000,0.000000,0,1,0,1,20.150523,0,0,0,0
23.7991,,0.501514,0.501514,0.500491,-0.006487,0.000000,0.000000,0.000000,0,1,0,1,20.071868,0,0,0,0
23.8192,,0.501514,0.501514,0.500491,-0.006487,0.000000,0.000000,0.000000,0,1,0,1,20.073542,0,0,0,0
23.8402,,0.501514,0.501514,0.500491,-0.006487,0.000000,0.000000,0.000000,0,1,0,1,20.142947,0,0,0,0
23.8601,,0.501514,0.501514,0.500491,-0.006487,0.000000,0.000000,0.000000,0,1,0,1,20.103481,0,0,0,0
23.8801,,0.501514,0.501514,0.500491,-0.006487,0.000000,0.000000,0.000000,0,1,0,1,20.087483,0,0,0,0
23.9001,,0.501514,0.501514,0.500491,-0.006487,0.000000,0.000000,0.000000,0,1,0,1,20.294063,0,0,0,0
23.9201,,0.501514,0.501514,0.500491,-0.006487,0.000000,0.000000,0.000000,0,1,0,1,20.068991,0,0,0,0
23.9401,,0.501514,0.501514,0.500491,-0.006487,0.000000,0.000000,0.000000,0,1,0,1,20.104430,0,0,0,0
23.9602,,0.501514,0.501514,0.500491,-0.006487,0.000000,0.000000,0.000000,0,1,0,1,20.133154,0,0,0,0
23.9812,,0.501514,0.501514,0.500491,-0.006487,0.000000,0.000000,0.000000,0,1,0,1,20.268516,0,0,0,0
24.0011,,0.501514,0.501514,0.500491,-0.006487,0.000000,0.000000,0.000000,0,1,0,1,20.086816,0,0,0,0
24.0212,,0.501514,0.501514,0.500491,-0.006487,0.000000,0.000000,0.000000,0,1,0,1,20.066793,0,0,0,0
24.0411,,0.501514,0.501514,0.500491,-0.006487,0.000000,0.000000,0.000000,0,1,0,1,20.080722,0,0,0,0
24.0611,,0.501514,0.501514,0.500491,-0.006487,0.000000,0.000000,0.000000,0,1,0,1,20.073666,0,0,0,0
24.0813,,0.501514,0.501514,0.500491,-0.006487,0.000000,0.000000,0.000000,0,1,0,1,20.106146,0,0,0,0
24.1012,,0.501514,0.501514,0.500491,-0.006487,0.000000,0.000000,0.000000,0,1,0,1,20.110216,0,0,0,0
24.1212,,0.501514,0.501514,0.500491,-0.006487,0.000000,0.000000,0.000000,0,1,0,1,20.120780,0,0,0,0
24.1411,,0.501514,0.501514,0.500491,-0.006487,0.000000,0.000000,0.000000,0,1,0,1,20.110331,0,0,0,0
24.1622,,0.501514,0.501514,0.500491,-0.006487,0.000000,0.000000,0.000000,0,1,0,1,20.077604,0,0,0,0
24.1822,,0.501514,0.501514,0.500491,-0.006487,0.000000,0.000000,0.000000,0,1,0,1,20.099657,0,0,0,0
24.2021,,0.501514,0.501514,0.500491,-0.006487,0.000000,0.000000,0.000000,0,1,0,1,20.077209,0,0,0,0
24.2223,,0.501514,0.501514,0.500491,-0.006487,0.000000,0.000000,0.000000,0,1,0,1,20.070124,0,0,0,0
24.2423,,0.501514,0.501514,0.500491,-0.006487,0.000000,0.000000,0.000000,0,1,0,1,20.082460,0,0,0,0
24.2622,,0.501514,0.501514,0.500491,-0.006487,0.000000,0.000000,0.000000,0,1,0,1,20.078562,0,0,0,0
24.2822,,0.501514,0.501514,0.500491,-0.006487,0.000000,0.000000,0.000000,0,1,0,1,20.076142,0,0,0,0
24.3023,,0.501514,0.501514,0.500491,-0.006487,0.000000,0.000000,0.000000,0,1,0,1,20.076602,0,0,0,0
24.3222,,0.501514,0.501514,0.500491,-0.006487,0.000000,0.000000,0.000000,0,1,0,1,20.082482,0,0,0,0
24.3422,,0.501514,0.501514,0.500491,-0.006487,0.000000,0.000000,0.000000,0,1,0,1,20.154112,0,0,0,0
24.3632,,0.501514,0.501514,0.500491,-0.006487,0.000000,0.000000,0.000000,0,1,0,1,20.254954,0,0,0,0
24.3832,,0.501514,0.501514,0.500491,-0.006487,0.000000,0.000000,0.000000,0,1,0,1,20.234516,0,0,0,0
24.4032,,0.501514,0.501514,0.500491,-0.006487,0.000000,0.000000,0.000000,0,1,0,1,20.127349,0,0,0,0
24.4232,,0.501514,0.501514,0.500491,-0.006487,0.000000,0.000000,0.000000,0,1,0,1,20.155269,0,0,0,0
24.4432,,0.501514,0.501514,0.500491,-0.006487,0.000000,0.000000,0.000000,0,1,0,1,20.194060,0,0,0,0
24.4633,,0.501514,0.501514,0.500491,-0.006487,0.000000,0.000000,0.000000,0,1,0,1,20.179262,0,0,0,0
24.4842,,0.501514,0.501514,0.500491,-0.006487,0.000000,0.000000,0.000000,0,1,0,1,20.183095,0,0,0,0
24.5042,,0.501514,0.501514,0.500491,-0.006487,0.000000,0.000000,0.000000,0,1,0,1,20.080529,0,0,0,0
24.5242,,0.501514,0.501514,0.500491,-0.006487,0.000000,0.000000,0.000000,0,1,0,1,20.063254,0,0,0,0
24.5442,,0.501514,0.501514,0.500491,-0.006487,0.000000,0.000000,0.000000,0,1,0,1,20.083765,0,0,0,0
24.5642,,0.501514,0.501514,0.500491,-0.006487,0.000000,0.000000,0.000000,0,1,0,1,20.082012,0,0,0,0
24.5842,,0.501514,0.501514,0.500491,-0.006487,0.000000,0.000000,0.000000,0,1,0,1,20.092335,0,0,0,0
24.6042,,0.501514,0.501514,0.500491,-0.006487,0.000000,0.000000,0.000000,0,1,0,1,20.062939,0,0,0,0
24.6241,,0.501514,0.501514,0.500491,-0.006487,0.000000,0.000000,0.000000,0,1,0,1,20.089225,0,0,0,0
24.6443,,0.501514,0.501514,0.500491,-0.006487,0.000000,0.000000,0.000000,0,1,0,1,20.064803,0,0,0,0
24.6642,,0.501514,0.501514,0.500491,-0.006487,0.000000,0.000000,0.000000,0,1,0,1,20.221215,0,0,0,0
24.6852,,0.501514,0.501514,0.500491,-0.006487,0.000000,0.000000,0.000000,0,1,0,1,20.141322,0,0,0,0
24.7053,,0.501514,0.501514,0.500491,-0.006487,0.000000,0.000000,0.000000,0,1,0,1,20.153898,0,0,0,0
24.7251,,0.501514,0.501514,0.500491,-0.006487,0.000000,0.000000,0.000000,0,1,0,1,20.084505,0,0,0,0
24.7451,,0.501514,0.501514,0.500491,-0.006487,0.000000,0.000000,0.000000,0,1,0,1,20.074288,0,0,0,0
24.7651,,0.501514,0.501514,0.500491,-0.006487,0.000000,0.000000,0.000000,0,1,0,1,20.073148,0,0,0,0
24.7851,,0.501514,0.501514,0.500491,-0.006487,0.000000,0.000000,0.000000,0,1,0,1,20.078610,0,0,0,0
24.8051,,0.501514,0.501514,0.500491,-0.006487,0.000000,0.000000,0.000000,0,1,0,1,20.074980,0,0,0,0
24.8252,,0.501514,0.501514,0.500491,-0.006487,0.000000,0.000000,0.000000,0,1,0,1,20.103127,0,0,0,0
24.8451,,0.501514,0.501514,0.500491,-0.006487,0.000000,0.000000,0.000000,0,1,0,1,20.241360,0,0,0,0
24.8661,,0.501514,0.501514,0.500491,-0.006487,0.000000,0.000000,0.000000,0,1,0,1,20.103697,0,0,0,0
24.8861,,0.501514,0.501514,0.500491,-0.006487,0.000000,0.000000,0.000000,0,1,0,1,20.078603,0,0,0,0
24.9061,,0.501514,0.501514,0.500491,-0.006487,0.000000,0.000000,0.000000,0,1,0,1,20.076971,0,0,0,0
24.9261,,0.501514,0.501514,0.500491,-0.006487,0.000000,0.000000,0.000000,0,1,0,1,20.077463,0,0,0,0
24.9467,,0.501514,0.501514,0.500491,-0.006487,0.000000,0.000000,0.000000,0,1,0,1,20.078039,0,0,0,0
24.9662,,0.501514,0.501514,0.500491,-0.006487,0.000000,0.000000,0.000000,0,1,0,1,20.081061,0,0,0,0
24.9863,,0.501514,0.501514,0.500491,-0.006487,0.000000,0.000000,0.000000,0,1,0,1,20.204185,0,0,0,0
25.0062,,0.501514,0.501514,0.500491,-0.006487,0.000000,0.000000,0.000000,0,1,0,1,20.188124,0,0,0,0
25.0273,,0.501514,0.501514,0.500491,-0.006487,0.000000,0.000000,0.000000,0,1,0,1,20.249279,0,0,0,0
25.0472,,0.501514,0.501514,0.500491,-0.006487,0.000000,0.000000,0.000000,0,1,0,1,20.086813,0,0,0,0
25.0672,,0.501514,0.501514,0.500491,-0.006487,0.000000,0.000000,0.000000,0,1,0,1,20.087612,0,0,0,0
25.0872,,0.501514,0.501514,0.500491,-0.006487,0.000000,0.000000,0.000000,0,1,0,1,20.083517,0,0,0,0
25.1073,,0.501514,0.501514,0.500491,-0.006487,0.000000,0.000000,0.000000,0,1,0,1,20.090428,0,0,0,0
25.1276,,0.501514,0.501514,0.500491,-0.006487,0.000000,0.000000,0.000000,0,1,0,1,20.218257,0,0,0,0
25.1472,,0.501514,0.501514,0.500491,-0.006487,0.000000,0.000000,0.000000,0,1,0,1,20.102321,0,0,0,0
25.1673,,0.501514,0.501514,0.500491,-0.006487,0.000000,0.000000,0.000000,0,1,0,1,20.102466,0,0,0,0
25.1884,,0.501514,0.501514,0.500491,-0.006487,0.000000,0.000000,0.000000,0,1,0,1,20.173127,0,0,0,0
