t_wall_s,event,target_m,commanded_m,measured_m,v_ff,v_des,v_cmd,rpm,follow,armed,panic,poll_ok,dt_wall_ms,last_rpm_cmd,mb_fail_n,freeze_flag,arm_good
0.0248,,0.000000,0.000000,-0.000000,0.000000,0.000000,0.000000,0.000000,1,1,0,1,20.400773,0,0,0,0
0.0502,,0.000000,0.000000,-0.000000,0.000000,0.000000,0.000000,0.000000,1,1,0,1,21.701519,0,0,0,0
0.0650,,0.000000,0.000000,-0.000000,0.000000,0.000000,0.000000,0.000000,1,1,0,1,23.419382,0,0,0,0
0.0972,,0.000000,0.000000,-0.000000,0.000000,0.000000,0.000000,0.000000,1,1,0,1,20.485311,0,0,0,0
0.1051,,0.000000,0.000000,-0.000000,0.000000,0.000000,0.000000,0.000000,1,1,0,1,20.397955,0,0,0,0
0.1401,,0.000000,0.000000,-0.000000,0.000001,0.000000,0.000000,0.000000,1,1,0,1,24.474917,0,0,0,0
0.1501,,0.000000,0.000000,-0.000000,0.000001,0.000000,0.000000,0.000000,1,1,0,1,20.322985,0,0,0,0
0.1797,,0.000000,0.000000,-0.000000,0.000003,0.000000,0.000000,0.000000,1,1,0,1,21.421065,0,0,0,0
0.2005,,0.000000,0.000000,-0.000000,0.000006,0.000000,0.000000,0.000000,1,1,0,1,22.647657,0,0,0,0
0.2151,,0.000000,0.000000,-0.000000,0.000008,0.000000,0.000000,0.000000,1,1,0,1,20.546037,0,0,0,0
0.2401,,0.000001,0.000001,-0.000000,0.000019,0.000000,0.000000,0.000000,1,1,0,1,20.064920,0,0,0,0
0.2646,,0.000001,0.000001,-0.000000,0.000022,0.000000,0.000000,0.000000,1,1,0,1,24.798168,0,0,0,0
0.2802,,0.000002,0.000002,-0.000000,0.000038,0.000000,0.000000,0.000000,1,1,0,1,20.248848,0,0,0,0
0.3053,,0.000004,0.000004,0.000000,0.000067,0.000000,0.000000,0.000000,1,1,0,1,21.336693,0,0,0,0
0.3303,,0.000006,0.000006,-0.000000,0.000092,0.000000,0.000000,0.000000,1,1,0,1,23.494961,0,0,0,0
0.3455,,0.000008,0.000008,-0.000000,0.000087,0.000000,0.000000,0.000000,1,1,0,1,20.090060,0,0,0,0
0.3802,,0.000013,0.000013,-0.000000,0.000185,0.000000,0.000000,0.000000,1,1,0,1,24.921125,0,0,0,0
0.3952,,0.000016,0.000016,-0.000000,0.000128,0.000000,0.000000,0.000000,1,1,0,1,24.612548,0,0,0,0
0.4303,,0.000020,0.000020,-0.000000,0.000192,0.000607,0.000607,3.641809,1,1,0,1,20.705892,4,0,0,0
0.4403,,0.000027,0.000027,0.000002,0.000248,0.000733,0.000733,4.399591,1,1,0,1,24.330846,4,0,0,0
0.4902,,0.000036,0.000036,0.000005,0.000415,0.001038,0.001038,6.229563,1,1,0,1,20.210591,6,0,0,0
0.5201,,0.000047,0.000047,0.000016,0.000336,0.000887,0.000887,5.321712,1,1,0,1,35.188451,5,0,0,0
0.5504,,0.000060,0.000060,0.000045,0.000421,0.000000,0.000000,0.000000,1,1,0,1,29.868250,0,0,0,0
0.5651,,0.000076,0.000076,0.000057,0.000492,0.000000,0.000000,0.000000,1,1,0,1,30.287038,0,0,0,0
0.6000,,0.000087,0.000087,0.000057,0.000475,0.001124,0.001124,6.745645,1,1,0,1,24.642848,7,0,0,0
0.6202,,0.000103,0.000103,0.000057,0.000610,0.001573,0.001573,9.438098,1,1,0,1,24.962388,9,0,0,0
0.6454,,0.000117,0.000117,0.000078,0.000681,0.001316,0.001316,7.897636,1,1,0,1,20.283158,8,0,0,0
0.6650,,0.000137,0.000137,0.000115,0.000753,0.000992,0.000992,5.953941,1,1,0,1,25.179828,6,0,0,0
0.7002,,0.000163,0.000163,0.000155,0.000992,0.000000,0.000000,0.000000,1,1,0,1,24.665656,0,0,0,0
0.7104,,0.000192,0.000192,0.000179,0.000968,0.000000,0.000000,0.000000,1,1,0,1,30.101651,0,0,0,0
0.7503,,0.000213,0.000213,0.000180,0.000869,0.001650,0.001650,9.901896,1,1,0,1,24.960866,10,0,0,0
0.7801,,0.000253,0.000253,0.000188,0.001460,0.002919,0.002919,17.513355,1,1,0,1,25.122590,18,0,0,0
0.8003,,0.000278,0.000278,0.000228,0.000968,0.001768,0.001768,10.607734,1,1,0,1,29.803720,11,0,0,0
0.8302,,0.000312,0.000312,0.000301,0.001524,0.001302,0.001302,7.809325,1,1,0,1,20.250986,8,0,0,0
0.8502,,0.000348,0.000348,0.000347,0.001277,0.001217,0.001217,7.302840,1,1,0,1,29.816534,7,0,0,0
0.8700,,0.000379,0.000379,0.000372,0.001487,0.001688,0.001688,10.130950,1,1,0,1,20.058273,10,0,0,0
0.8952,,0.000412,0.000412,0.000392,0.001591,0.002074,0.002074,12.444871,1,1,0,1,20.157808,12,0,0,0
0.9251,,0.000464,0.000464,0.000446,0.002003,0.002307,0.002307,13.841100,1,1,0,1,24.803203,14,0,0,0
0.9621,,0.000530,0.000530,0.000511,0.002169,0.002521,0.002521,15.123508,1,1,0,1,29.922550,15,0,0,0
0.9854,,0.000592,0.000592,0.000577,0.001759,0.001999,0.001999,11.991910,1,1,0,1,36.995890,12,0,0,0
1.0200,,0.000646,0.000646,0.000632,0.002218,0.002449,0.002449,14.692366,1,1,0,1,23.338787,15,0,0,0
1.0501,,0.000727,0.000727,0.000703,0.002330,0.002850,0.002850,17.101878,1,1,0,1,34.559404,17,0,0,0
1.0901,,0.000815,0.000815,0.000791,0.002797,0.003236,0.003236,19.415383,1,1,0,1,30.152189,19,0,0,0
1.1200,,0.000910,0.000910,0.000906,0.002448,0.002405,0.002405,14.427072,1,1,0,1,39.983935,14,0,0,0
1.1253,,0.000981,0.000981,0.000984,0.002406,0.002308,0.002308,13.846025,1,1,0,1,29.865316,14,0,0,0
1.1606,,0.001041,0.001041,0.001032,0.002799,0.003100,0.003100,18.602954,1,1,0,1,20.628505,19,0,0,0
1.1857,,0.001103,0.001103,0.001088,0.002618,0.002947,0.002947,17.682943,1,1,0,1,24.117690,18,0,0,0
1.2130,,0.001201,0.001201,0.001160,0.004247,0.005247,0.005247,31.482931,1,1,0,1,20.941550,31,0,0,0
1.2503,,0.001303,0.001303,0.001245,0.003855,0.005040,0.005040,30.238425,1,1,0,1,27.364616,30,0,0,0
1.2758,,0.001412,0.001412,0.001445,0.003093,0.001963,0.001963,11.779133,1,1,0,1,37.300938,12,0,0,0
1.3051,,0.001525,0.001525,0.001581,0.004191,0.003007,0.003007,18.043894,1,1,0,1,25.490043,18,0,0,0
1.3282,,0.001625,0.001625,0.001637,0.003544,0.003645,0.003645,21.870998,1,1,0,1,29.334677,22,0,0,0
1.3557,,0.001707,0.001707,0.001727,0.003568,0.003144,0.003144,18.862891,1,1,0,1,23.013734,19,0,0,0
1.3877,,0.001813,0.001813,0.001816,0.003806,0.003893,0.003893,23.360600,1,1,0,1,27.548514,23,0,0,0
1.4258,,0.001992,0.001992,0.001933,0.005236,0.006743,0.006743,40.455242,1,1,0,1,31.992882,40,0,0,0
1.4708,,0.002182,0.002182,0.002066,0.005036,0.007464,0.007464,44.783914,1,1,0,1,38.059458,45,0,0,0
1.5061,,0.002409,0.002409,0.002407,0.005038,0.004505,0.004505,27.031733,1,1,0,1,45.004833,27,0,0,0
1.5309,,0.002568,0.002568,0.002633,0.004611,0.003035,0.003035,18.208084,1,1,0,1,35.327230,18,0,0,0
1.5612,,0.002734,0.002734,0.002753,0.006275,0.006329,0.006329,37.975201,1,1,0,1,24.744629,38,0,0,0
1.5957,,0.002877,0.002877,0.002856,0.005024,0.005682,0.005682,34.089870,1,1,0,1,30.351254,34,0,0,0
1.6302,,0.003115,0.003115,0.003066,0.006539,0.007611,0.007611,45.663113,1,1,0,1,34.466249,46,0,0,0
1.6509,,0.003270,0.003270,0.003233,0.004898,0.005484,0.005484,32.905013,1,1,0,1,34.566774,33,0,0,0
1.6558,,0.003398,0.003398,0.003400,0.005927,0.005458,0.005458,32.748480,1,1,0,1,20.615514,33,0,0,0
1.7157,,0.003595,0.003595,0.003537,0.007569,0.009146,0.009146,54.878544,1,1,0,1,24.692754,55,0,0,0
1.7562,,0.003903,0.003903,0.003865,0.007668,0.008251,0.008251,49.506702,1,1,0,1,40.121658,50,0,0,0
1.7855,,0.004191,0.004191,0.004193,0.007220,0.006977,0.006977,41.859830,1,1,0,1,40.495679,42,0,0,0
1.8160,,0.004377,0.004377,0.004434,0.006523,0.005096,0.005096,30.576358,1,1,0,1,29.361106,31,0,0,0
1.8457,,0.004647,0.004647,0.004601,0.008381,0.009960,0.009960,59.760980,1,1,0,1,30.465640,60,0,0,0
1.8756,,0.004805,0.004805,0.004751,0.005948,0.007001,0.007001,42.003056,1,1,0,1,29.683464,42,0,0,0
1.9107,,0.005132,0.005132,0.005063,0.009939,0.011304,0.011304,67.826994,1,1,0,1,29.895019,68,0,0,0
1.9460,,0.005430,0.005430,0.005322,0.008751,0.010925,0.010925,65.549004,1,1,0,1,35.142217,66,0,0,0
1.9810,,0.005782,0.005782,0.005728,0.009741,0.010382,0.010382,62.291725,1,1,0,1,35.263260,62,0,0,0
2.0207,,0.006101,0.006101,0.006110,0.009256,0.008700,0.008700,52.202005,1,1,0,1,34.972834,52,0,0,0
2.0406,,0.006336,0.006336,0.006466,0.006573,0.003555,0.003555,21.331858,1,1,0,1,39.764196,21,0,0,0
2.0710,,0.006625,0.006625,0.006662,0.010426,0.010573,0.010573,63.440091,1,1,0,1,25.359603,63,0,0,0
2.0960,,0.006871,0.006871,0.006741,0.009999,0.013815,0.013815,82.888912,1,1,0,1,24.943976,83,0,0,0
2.1208,,0.007124,0.007124,0.006992,0.010076,0.012452,0.012452,74.709871,1,1,0,1,24.989260,75,0,0,0
2.1507,,0.007382,0.007382,0.007329,0.010349,0.010601,0.010601,63.604336,1,1,0,1,24.753235,64,0,0,0
2.1758,,0.007698,0.007698,0.007699,0.010532,0.010142,0.010142,60.852595,1,1,0,1,29.954407,61,0,0,0
2.2059,,0.007969,0.007969,0.008019,0.010713,0.009367,0.009367,56.203142,1,1,0,1,25.119855,56,0,0,0
2.2411,,0.008357,0.008357,0.008315,0.012464,0.013881,0.013881,83.283110,1,1,0,1,30.068725,83,0,0,0
2.2658,,0.008698,0.008698,0.008661,0.010259,0.010908,0.010908,65.445844,1,1,0,1,35.170733,65,0,0,0
2.2757,,0.008989,0.008989,0.008998,0.011479,0.010913,0.010913,65.479482,1,1,0,1,24.686337,65,0,0,0
2.3258,,0.009346,0.009346,0.009320,0.013738,0.014493,0.014493,86.955528,1,1,0,1,24.941560,87,0,0,0
2.3727,,0.009773,0.009773,0.009676,0.012469,0.014651,0.014651,87.903971,1,1,0,1,35.122498,88,0,0,0
2.4062,,0.010338,0.010338,0.010354,0.012141,0.011337,0.011337,68.023574,1,1,0,1,46.909473,68,0,0,0
2.4410,,0.010792,0.010792,0.010836,0.013258,0.012269,0.012269,73.612039,1,1,0,1,33.481642,74,0,0,0
2.4801,,0.011256,0.011256,0.011230,0.013355,0.014287,0.014287,85.724651,1,1,0,1,34.752500,86,0,0,0
2.5109,,0.011733,0.011733,0.011677,0.012416,0.013604,0.013604,81.621593,1,1,0,1,39.133141,82,0,0,0
2.5405,,0.012151,0.012151,0.012176,0.013328,0.012311,0.012311,73.867372,1,1,0,1,30.836116,74,0,0,0
2.5656,,0.012506,0.012506,0.012518,0.012258,0.012128,0.012128,72.767432,1,1,0,1,29.608701,73,0,0,0
2.6107,,0.013013,0.013013,0.012817,0.018648,0.024015,0.024015,144.088784,1,1,0,1,25.055335,144,0,0,0
2.6523,,0.013759,0.013759,0.013458,0.016963,0.022900,0.022900,137.398531,1,1,0,1,45.064100,137,0,0,0
2.6806,,0.014218,0.014218,0.014277,0.012217,0.009242,0.009242,55.452389,1,1,0,1,41.617406,55,0,0,0
2.7061,,0.014607,0.014607,0.014937,0.013446,0.005420,0.005420,32.521909,1,1,0,1,28.308893,33,0,0,0
2.7411,,0.015083,0.015083,0.015302,0.017580,0.014575,0.014575,87.448421,1,1,0,1,25.540070,87,0,0,0
2.7802,,0.015731,0.015731,0.015537,0.018329,0.024417,0.024417,146.504288,1,1,0,1,34.984690,147,0,0,0
2.8006,,0.016144,0.016144,0.016068,0.012127,0.012812,0.012812,76.873271,1,1,0,1,39.046129,77,0,0,0
2.8257,,0.016647,0.016647,0.016544,0.022099,0.024276,0.024276,145.658513,1,1,0,1,20.488236,146,0,0,0
2.8456,,0.016988,0.016988,0.016936,0.015310,0.015785,0.015785,94.707490,1,1,0,1,25.043779,95,0,0,0
2.8758,,0.017420,0.017420,0.017458,0.016888,0.015417,0.015417,92.500863,1,1,0,1,24.984068,93,0,0,0
2.9112,,0.018035,0.018035,0.017940,0.022950,0.025834,0.025834,155.004860,1,1,0,1,25.141587,155,0,0,0
2.9410,,0.018663,0.018663,0.018410,0.018763,0.024291,0.024291,145.744646,1,1,0,1,35.417626,146,0,0,0
2.9758,,0.019210,0.019210,0.019256,0.018450,0.015433,0.015433,92.597616,1,1,0,1,29.813453,93,0,0,0
3.0207,,0.019955,0.019955,0.020263,0.018717,0.011713,0.011713,70.275202,1,1,0,1,39.636168,70,0,0,0
3.0655,,0.020812,0.020812,0.020761,0.020860,0.023749,0.023749,142.493710,1,1,0,1,40.056233,142,0,0,0
3.1007,,0.021591,0.021591,0.021324,0.018099,0.023958,0.023958,143.745371,1,1,0,1,44.754883,144,0,0,0
3.1352,,0.022186,0.022186,0.022134,0.017138,0.016745,0.016745,100.469621,1,1,0,1,35.217498,100,0,0,0
3.1605,,0.022790,0.022790,0.022845,0.017464,0.015802,0.015802,94.814925,1,1,0,1,34.441768,95,0,0,0
3.1906,,0.023301,0.023301,0.023277,0.019593,0.020713,0.020713,124.280051,1,1,0,1,25.371915,124,0,0,0
3.2158,,0.023922,0.023922,0.023879,0.020429,0.021334,0.021334,128.003585,1,1,0,1,30.099801,128,0,0,0
3.2410,,0.024447,0.024447,0.024297,0.020736,0.024364,0.024364,146.184454,1,1,0,1,25.210331,146,0,0,0
3.2656,,0.024978,0.024978,0.024831,0.021054,0.023666,0.023666,141.997913,1,1,0,1,25.131097,142,0,0,0
3.2956,,0.025624,0.025624,0.025438,0.025213,0.028908,0.028908,173.447497,1,1,0,1,24.599729,173,0,0,0
3.3257,,0.026279,0.026279,0.026259,0.022479,0.021621,0.021621,129.727952,1,1,0,1,30.054394,130,0,0,0
3.3508,,0.026943,0.026943,0.026999,0.022166,0.020601,0.020601,123.607089,1,1,0,1,30.075098,124,0,0,0
3.3763,,0.027391,0.027391,0.027543,0.018682,0.015099,0.015099,90.596157,1,1,0,1,25.152310,91,0,0,0
3.4008,,0.028071,0.028071,0.028104,0.025133,0.025564,0.025564,153.386283,1,1,0,1,25.412490,153,0,0,0
3.4362,,0.028644,0.028644,0.028422,0.023716,0.029996,0.029996,179.977084,1,1,0,1,24.547687,180,0,0,0
3.4658,,0.029575,0.029575,0.029425,0.025767,0.028027,0.028027,168.159618,1,1,0,1,35.421923,168,0,0,0
3.4958,,0.030047,0.030047,0.030179,0.017899,0.013413,0.013413,80.479801,1,1,0,1,29.600067,80,0,0,0
3.5405,,0.031123,0.031123,0.031129,0.032291,0.033114,0.033114,198.683790,1,1,0,1,29.983558,199,0,0,0
3.5711,,0.031852,0.031852,0.031603,0.019508,0.025242,0.025242,151.452474,1,1,0,1,44.683040,151,0,0,0
3.6058,,0.032838,0.032838,0.032684,0.029654,0.031741,0.031741,190.443066,1,1,0,1,30.635671,190,0,0,0
3.6360,,0.033588,0.033588,0.033306,0.023252,0.029139,0.029139,174.831835,1,1,0,1,34.655935,175,0,0,0
3.6607,,0.034221,0.034221,0.034393,0.021417,0.015007,0.015007,90.044430,1,1,0,1,30.170191,90,0,0,0
3.6827,,0.034859,0.034859,0.034970,0.024945,0.023503,0.023503,141.016655,1,1,0,1,24.729604,141,0,0,0
3.7110,,0.035504,0.035504,0.035505,0.028489,0.029583,0.029583,177.499011,1,1,0,1,21.958977,177,0,0,0
3.7308,,0.036156,0.036156,0.036107,0.024093,0.025346,0.025346,152.076664,1,1,0,1,28.329554,152,0,0,0
3.7564,,0.036681,0.036681,0.036669,0.025660,0.025497,0.025497,152.980931,1,1,0,1,20.178953,153,0,0,0
3.7858,,0.037344,0.037344,0.037304,0.026157,0.027128,0.027128,162.770265,1,1,0,1,25.219706,163,0,0,0
3.8062,,0.038148,0.038148,0.038091,0.027077,0.028236,0.028236,169.416149,1,1,0,1,29.433042,169,0,0,0
3.8309,,0.038825,0.038825,0.038634,0.031965,0.036830,0.036830,220.979126,1,1,0,1,20.391074,221,0,0,0
3.8558,,0.039508,0.039508,0.039339,0.028483,0.031314,0.031314,187.883428,1,1,0,1,24.735146,188,0,0,0
3.8807,,0.040197,0.040197,0.040230,0.027905,0.025535,0.025535,153.210158,1,1,0,1,24.830581,153,0,0,0
3.9171,,0.041032,0.041032,0.041021,0.032420,0.033029,0.033029,198.176934,1,1,0,1,24.902018,198,0,0,0
3.9526,,0.042019,0.042019,0.041954,0.028130,0.029612,0.029612,177.669297,1,1,0,1,36.443169,178,0,0,0
3.9860,,0.042873,0.042873,0.043159,0.024904,0.017600,0.017600,105.597480,1,1,0,1,35.478099,106,0,0,0
4.0159,,0.043882,0.043882,0.044217,0.029122,0.022781,0.022781,136.686158,1,1,0,1,33.428467,137,0,0,0
4.0384,,0.044610,0.044610,0.044662,0.025308,0.026452,0.026452,158.710833,1,1,0,1,29.891557,159,0,0,0
4.0712,,0.045492,0.045492,0.045372,0.036412,0.040261,0.040261,241.566003,1,1,0,1,22.500152,242,0,0,0
4.0957,,0.046233,0.046233,0.046187,0.025354,0.025695,0.025695,154.169702,1,1,0,1,32.827191,154,0,0,0
4.1258,,0.047282,0.047282,0.047129,0.039334,0.043033,0.043033,258.200559,1,1,0,1,24.481595,258,0,0,0
4.1611,,0.048190,0.048190,0.047838,0.032014,0.039816,0.039816,238.895257,1,1,0,1,30.090804,239,0,0,0
4.2054,,0.049261,0.049261,0.049162,0.030690,0.030900,0.030900,185.401929,1,1,0,1,35.270047,185,0,0,0
4.2458,,0.050811,0.050811,0.050913,0.034089,0.031251,0.031251,187.504864,1,1,0,1,44.371901,188,0,0,0
4.2907,,0.051911,0.051911,0.052206,0.028598,0.022246,0.022246,133.476781,1,1,0,1,40.387762,133,0,0,0
4.3304,,0.053342,0.053342,0.053524,0.031238,0.028501,0.028501,171.004573,1,1,0,1,44.861907,171,0,0,0
4.3511,,0.054307,0.054307,0.054398,0.025711,0.024579,0.024579,147.472884,1,1,0,1,39.653485,147,0,0,0
4.3756,,0.055117,0.055117,0.055093,0.036345,0.037997,0.037997,227.982707,1,1,0,1,20.779660,228,0,0,0
4.4009,,0.055934,0.055934,0.055718,0.033948,0.039560,0.039560,237.359233,1,1,0,1,24.481227,237,0,0,0
4.4329,,0.056756,0.056756,0.056670,0.032770,0.033178,0.033178,199.066378,1,1,0,1,25.320093,199,0,0,0
4.4604,,0.057750,0.057750,0.057912,0.031415,0.026803,0.026803,160.819351,1,1,0,1,32.001136,161,0,0,0
4.4807,,0.058418,0.058418,0.058633,0.025755,0.021448,0.021448,128.688101,1,1,0,1,27.431046,129,0,0,0
4.5058,,0.059426,0.059426,0.059290,0.044901,0.051159,0.037685,226.110710,1,1,0,1,20.296377,226,0,0,0
4.5304,,0.060103,0.060103,0.059715,0.030503,0.039687,0.039687,238.124112,1,1,0,1,25.161462,238,0,0,0
4.5508,,0.060955,0.060955,0.060506,0.033857,0.042483,0.042483,254.895495,1,1,0,1,24.538703,255,0,0,0
4.5789,,0.061812,0.061812,0.061517,0.040403,0.044054,0.044054,264.326180,1,1,0,1,20.388362,264,0,0,0
4.6054,,0.062502,0.062502,0.062503,0.027715,0.025379,0.025379,152.275575,1,1,0,1,28.105884,152,0,0,0
4.6363,,0.063892,0.063892,0.063682,0.047406,0.052945,0.046637,279.822644,1,1,0,1,26.572306,280,0,0,0
4.6610,,0.064769,0.064769,0.064731,0.032191,0.031642,0.031642,189.853514,1,1,0,1,30.873099,190,0,0,0
4.6956,,0.065828,0.065828,0.065666,0.040781,0.044791,0.044791,268.746831,1,1,0,1,24.671288,269,0,0,0
4.7211,,0.066895,0.066895,0.066771,0.032793,0.034772,0.034772,208.629445,1,1,0,1,34.652480,209,0,0,0
4.7508,,0.067790,0.067790,0.067658,0.034719,0.037188,0.037188,223.128392,1,1,0,1,25.436842,223,0,0,0
4.7809,,0.069053,0.069053,0.068944,0.040917,0.042708,0.042708,256.248858,1,1,0,1,29.736898,256,0,0,0
4.8060,,0.069962,0.069962,0.070078,0.032358,0.028610,0.028610,171.659175,1,1,0,1,30.067111,172,0,0,0
4.8411,,0.071059,0.071059,0.071132,0.041457,0.040518,0.040518,243.107968,1,1,0,1,25.095501,243,0,0,0
4.8609,,0.071980,0.071980,0.072048,0.029242,0.028044,0.028044,168.265434,1,1,0,1,35.150437,168,0,0,0
4.8904,,0.072906,0.072906,0.072968,0.036088,0.035028,0.035028,210.168014,1,1,0,1,24.494358,210,0,0,0
4.9158,,0.074024,0.074024,0.073721,0.043317,0.051999,0.051999,311.996539,1,1,0,1,24.778516,312,0,0,0
4.9557,,0.075149,0.075149,0.074788,0.044124,0.051132,0.051132,306.794083,1,1,0,1,25.397283,307,0,0,0
4.9806,,0.076472,0.076472,0.076505,0.035325,0.032570,0.032570,195.418102,1,1,0,1,39.936860,195,0,0,0
5.0159,,0.077805,0.077805,0.077785,0.049883,0.050730,0.050730,304.379036,1,1,0,1,24.908176,304,0,0,0
5.0412,,0.078764,0.078764,0.079313,0.031734,0.018282,0.022536,135.214104,1,1,0,1,35.242694,135,0,0,0
5.0656,,0.079534,0.079534,0.080197,0.030661,0.017765,0.017765,106.589826,1,1,0,1,25.350267,107,0,0,0
5.0958,,0.080696,0.080696,0.081322,0.044182,0.033247,0.033247,199.481488,1,1,0,1,24.427146,199,0,0,0
5.1258,,0.081865,0.081865,0.081932,0.039812,0.042693,0.042693,256.157674,1,1,0,1,30.194243,256,0,0,0
5.1571,,0.083238,0.083238,0.082897,0.044570,0.053708,0.053708,322.249979,1,1,0,1,30.006107,322,0,0,0
5.1857,,0.084225,0.084225,0.084015,0.034199,0.037058,0.037058,222.350596,1,1,0,1,31.219672,222,0,0,0
5.2057,,0.085217,0.085217,0.085508,0.034541,0.025441,0.025441,152.643961,1,1,0,1,28.638815,153,0,0,0
5.2308,,0.086213,0.086213,0.086488,0.046694,0.041927,0.041472,248.829529,1,1,0,1,20.038660,249,0,0,0
5.2659,,0.087416,0.087416,0.087191,0.047761,0.056187,0.056187,337.119208,1,1,0,1,25.032661,337,0,0,0
5.3111,,0.089029,0.089029,0.088354,0.046315,0.061303,0.061303,367.819289,1,1,0,1,35.118136,368,0,0,0
5.3361,,0.090451,0.090451,0.090824,0.034432,0.022636,0.025144,150.864358,1,1,0,1,45.198944,151,0,0,0
5.3609,,0.091473,0.091473,0.092601,0.039511,0.012574,0.012574,75.445966,1,1,0,1,25.045919,75,0,0,0
5.3855,,0.092293,0.092293,0.093651,0.034407,0.007928,0.007928,47.570431,1,1,0,1,24.763567,48,0,0,0
5.4108,,0.093323,0.093323,0.094510,0.040406,0.020573,0.020573,123.440636,1,1,0,1,24.572223,123,0,0,0
5.4453,,0.094772,0.094772,0.095075,0.053837,0.056061,0.040845,245.071523,1,1,0,1,25.339768,245,0,0,0
5.4756,,0.095813,0.095813,0.095702,0.034918,0.039555,0.039555,237.328932,1,1,0,1,34.472225,237,0,0,0
5.5021,,0.097068,0.097068,0.096751,0.040102,0.047304,0.047304,283.825074,1,1,0,1,30.308314,284,0,0,0
5.5305,,0.098329,0.098329,0.098039,0.046072,0.051063,0.051063,306.375538,1,1,0,1,26.512823,306,0,0,0
5.5562,,0.099384,0.099384,0.099191,0.038975,0.041699,0.041699,250.195497,1,1,0,1,28.378944,250,0,0,0
5.5910,,0.101083,0.101083,0.100715,0.060685,0.068787,0.062248,373.487189,1,1,0,1,25.685769,373,0,0,0
5.6257,,0.102150,0.102150,0.101974,0.036625,0.038583,0.038583,231.499663,1,1,0,1,34.855542,231,0,0,0
5.6573,,0.103865,0.103865,0.104338,0.046966,0.034331,0.034331,205.986352,1,1,0,1,34.628071,206,0,0,0
5.6905,,0.104943,0.104943,0.105295,0.036642,0.031146,0.031146,186.874379,1,1,0,1,31.643580,187,0,0,0
5.7108,,0.106242,0.106242,0.106413,0.038665,0.036780,0.036780,220.680624,1,1,0,1,33.158334,221,0,0,0
5.7557,,0.107547,0.107547,0.107199,0.058930,0.070795,0.053090,318.537456,1,1,0,1,20.386840,319,0,0,0
5.7807,,0.109076,0.109076,0.108726,0.039070,0.045386,0.045386,272.314579,1,1,0,1,44.843444,272,0,0,0
5.8006,,0.110173,0.110173,0.110014,0.042954,0.044132,0.044132,264.793820,1,1,0,1,24.978822,265,0,0,0
5.8205,,0.111054,0.111054,0.110951,0.043706,0.044955,0.044955,269.729419,1,1,0,1,20.060757,270,0,0,0
5.8504,,0.112158,0.112158,0.112283,0.043901,0.039652,0.039652,237.911020,1,1,0,1,25.123836,238,0,0,0
5.8706,,0.113266,0.113266,0.113179,0.044913,0.048387,0.048387,290.319282,1,1,0,1,24.531691,290,0,0,0
5.8753,,0.114155,0.114155,0.113979,0.044137,0.048273,0.048273,289.637524,1,1,0,1,20.233681,290,0,0,0
5.9107,,0.115047,0.115047,0.114908,0.044161,0.046258,0.046258,277.549363,1,1,0,1,20.184702,278,0,0,0
5.9357,,0.116164,0.116164,0.116109,0.045241,0.045476,0.045476,272.857023,1,1,0,1,24.559495,273,0,0,0
5.9559,,0.117061,0.117061,0.117032,0.044263,0.044514,0.044514,267.086575,1,1,0,1,20.373523,267,0,0,0
5.9809,,0.118185,0.118185,0.118165,0.053405,0.053679,0.053679,322.074972,1,1,0,1,20.187740,322,0,0,0
6.0157,,0.119539,0.119539,0.119247,0.054027,0.061675,0.061675,370.048660,1,1,0,1,24.986507,370,0,0,0
6.0505,,0.121125,0.121125,0.120917,0.047311,0.050534,0.050534,303.205091,1,1,0,1,34.752953,303,0,0,0
6.0808,,0.122490,0.122490,0.123071,0.040811,0.025369,0.025369,152.216205,1,1,0,1,34.825886,152,0,0,0
6.1009,,0.123631,0.123631,0.124652,0.038231,0.016656,0.016656,99.935232,1,1,0,1,30.355865,100,0,0,0
6.1258,,0.124775,0.124775,0.125664,0.053340,0.038801,0.032684,196.101058,1,1,0,1,20.034547,196,0,0,0
6.1452,,0.125693,0.125693,0.126166,0.040087,0.035231,0.035231,211.387226,1,1,0,1,24.958499,211,0,0,0
6.1858,,0.127304,0.127304,0.126728,0.072106,0.093951,0.051321,307.924591,1,1,0,1,20.111951,308,0,0,0
6.2154,,0.128922,0.128922,0.128321,0.046872,0.057818,0.057818,346.908424,1,1,0,1,39.874047,347,0,0,0
6.2475,,0.130081,0.130081,0.129609,0.040706,0.048239,0.048239,289.431238,1,1,0,1,29.595202,289,0,0,0
6.2713,,0.131010,0.131010,0.131674,0.031307,0.011574,0.022560,135.362370,1,1,0,1,32.097681,135,0,0,0
6.2915,,0.132175,0.132175,0.132648,0.045510,0.038751,0.038751,232.508301,1,1,0,1,23.736630,233,0,0,0
6.3120,,0.133108,0.133108,0.133433,0.046033,0.041799,0.041799,250.796272,1,1,0,1,20.228007,251,0,0,0
6.3311,,0.134044,0.134044,0.134200,0.045729,0.044751,0.044751,268.504281,1,1,0,1,20.495403,269,0,0,0
6.3620,,0.135216,0.135216,0.135218,0.048035,0.049412,0.049412,296.472371,1,1,0,1,24.113174,296,0,0,0
6.3914,,0.136627,0.136627,0.136608,0.053167,0.053680,0.053680,322.080254,1,1,0,1,25.902257,322,0,0,0
6.4164,,0.138041,0.138041,0.137910,0.049154,0.052356,0.052356,314.133547,1,1,0,1,29.374675,314,0,0,0
6.4461,,0.139223,0.139223,0.139200,0.047600,0.047068,0.047068,282.405123,1,1,0,1,25.029276,282,0,0,0
6.4666,,0.140407,0.140407,0.140757,0.041408,0.032340,0.032340,194.041001,1,1,0,1,29.712783,194,0,0,0
6.5016,,0.142070,0.142070,0.141737,0.073127,0.086440,0.048748,292.490143,1,1,0,1,20.510238,292,0,0,0
6.5317,,0.143499,0.143499,0.143319,0.047272,0.049553,0.049553,297.319248,1,1,0,1,35.016562,297,0,0,0
6.5637,,0.144931,0.144931,0.144490,0.047621,0.057469,0.057469,344.815779,1,1,0,1,30.027700,345,0,0,0
6.5964,,0.146128,0.146128,0.146101,0.039364,0.037009,0.037009,222.054621,1,1,0,1,32.077444,222,0,0,0
6.6268,,0.148047,0.148047,0.147702,0.054956,0.063303,0.063098,378.588323,1,1,0,1,32.611188,379,0,0,0
6.6614,,0.149249,0.149249,0.149243,0.042616,0.040291,0.040291,241.748896,1,1,0,1,30.420948,242,0,0,0
6.6865,,0.150937,0.150937,0.150740,0.047534,0.052288,0.052288,313.726792,1,1,0,1,34.601810,314,0,0,0
6.7071,,0.151903,0.151903,0.151916,0.040330,0.038257,0.038257,229.539541,1,1,0,1,25.074724,230,0,0,0
6.7328,,0.153112,0.153112,0.153089,0.055012,0.055833,0.054746,328.476109,1,1,0,1,20.611785,328,0,0,0
6.7676,,0.154324,0.154324,0.154219,0.048667,0.051245,0.051245,307.468092,1,1,0,1,25.734741,307,0,0,0
6.7974,,0.156024,0.156024,0.155760,0.048800,0.054556,0.054556,327.335946,1,1,0,1,34.804625,327,0,0,0
6.8247,,0.157240,0.157240,0.157519,0.042389,0.033360,0.033360,200.158846,1,1,0,1,29.823466,200,0,0,0
6.8571,,0.158458,0.158458,0.158773,0.044220,0.038281,0.038281,229.687178,1,1,0,1,27.268136,230,0,0,0
6.8817,,0.159923,0.159923,0.160316,0.045044,0.037418,0.037418,224.509969,1,1,0,1,32.360871,225,0,0,0
6.9076,,0.161145,0.161145,0.161078,0.048733,0.054061,0.054061,324.364476,1,1,0,1,24.614710,324,0,0,0
6.9417,,0.162369,0.162369,0.162052,0.047564,0.055391,0.055391,332.347016,1,1,0,1,25.892014,332,0,0,0
6.9640,,0.164085,0.164085,0.163750,0.049706,0.055848,0.055848,335.087315,1,1,0,1,34.161748,335,0,0,0
6.9879,,0.164822,0.164822,0.164974,0.036400,0.028861,0.038032,228.194099,1,1,0,1,22.269420,228,0,0,0
7.0183,,0.166296,0.166296,0.166303,0.056607,0.057829,0.057167,342.999697,1,1,0,1,23.917833,343,0,0,0
7.0572,,0.168266,0.168266,0.167725,0.063237,0.076958,0.076958,461.746244,1,1,0,1,30.351801,462,0,0,0
7.0972,,0.170486,0.170486,0.169884,0.058195,0.069380,0.069380,416.277115,1,1,0,1,38.995106,416,0,0,0
7.1283,,0.171969,0.171969,0.172797,0.041326,0.018542,0.037420,224.519740,1,1,0,1,39.949453,225,0,0,0
7.1521,,0.173453,0.173453,0.174929,0.046446,0.015309,0.015309,91.851634,1,1,0,1,31.099948,92,0,0,0
7.1822,,0.174939,0.174939,0.176021,0.059248,0.043409,0.034345,206.068585,1,1,0,1,23.795198,206,0,0,0
7.2072,,0.176179,0.176179,0.177406,0.044743,0.021594,0.021594,129.562153,1,1,0,1,30.146406,130,0,0,0
7.2422,,0.177667,0.177667,0.178243,0.056646,0.052030,0.041571,249.423409,1,1,0,1,24.971095,249,0,0,0
7.2721,,0.179158,0.179158,0.178978,0.045438,0.053417,0.053417,320.504828,1,1,0,1,34.953740,321,0,0,0
7.2969,,0.180649,0.180649,0.180206,0.048982,0.058911,0.058911,353.463288,1,1,0,1,29.911137,353,0,0,0
7.3272,,0.182142,0.182142,0.181828,0.057844,0.062338,0.062338,374.027763,1,1,0,1,24.856042,374,0,0,0
7.3574,,0.183387,0.183387,0.183321,0.044514,0.043888,0.043888,263.329100,1,1,0,1,30.229364,263,0,0,0
7.3870,,0.184882,0.184882,0.185152,0.048434,0.041140,0.041140,246.841715,1,1,0,1,30.251454,247,0,0,0
7.4166,,0.186627,0.186627,0.186360,0.056952,0.065745,0.064771,388.628627,1,1,0,1,29.538940,389,0,0,0
7.4370,,0.187625,0.187625,0.187545,0.038354,0.038392,0.041088,246.529058,1,1,0,1,29.604077,247,0,0,0
7.4618,,0.188623,0.188623,0.188536,0.046732,0.048371,0.048371,290.226085,1,1,0,1,20.442931,290,0,0,0
7.4922,,0.190121,0.190121,0.189679,0.057683,0.068778,0.068203,409.217601,1,1,0,1,24.789899,409,0,0,0
7.5125,,0.191369,0.191369,0.191123,0.044423,0.047452,0.047452,284.712301,1,1,0,1,30.375450,285,0,0,0
7.5469,,0.193118,0.193118,0.192380,0.077817,0.096434,0.063689,382.131181,1,1,0,1,20.295600,382,0,0,0
7.5720,,0.194118,0.194118,0.194038,0.038789,0.036018,0.036144,216.864224,1,1,0,1,34.430616,217,0,0,0
7.6016,,0.195618,0.195618,0.195720,0.055490,0.052042,0.052042,312.251177,1,1,0,1,25.134607,312,0,0,0
7.6223,,0.196617,0.196617,0.196856,0.038174,0.032873,0.032873,197.235918,1,1,0,1,29.545304,197,0,0,0
7.6622,,0.198618,0.198618,0.197864,0.084900,0.109003,0.049440,296.641422,1,1,0,1,20.709480,297,0,0,0
7.6972,,0.200368,0.200368,0.199776,0.052065,0.061837,0.061837,371.024940,1,1,0,1,39.909485,371,0,0,0
7.7272,,0.201868,0.201868,0.201229,0.044706,0.056504,0.056504,339.026004,1,1,0,1,34.997728,339,0,0,0
7.7521,,0.203118,0.203118,0.202742,0.042261,0.047106,0.047106,282.636980,1,1,0,1,30.014308,283,0,0,0
7.7770,,0.204368,0.204368,0.204165,0.048647,0.050773,0.050773,304.639163,1,1,0,1,24.877736,305,0,0,0
7.8020,,0.205868,0.205868,0.205656,0.057881,0.061758,0.061758,370.547792,1,1,0,1,24.915922,371,0,0,0
7.8323,,0.207117,0.207117,0.206674,0.051643,0.061653,0.061653,369.915449,1,1,0,1,24.947452,370,0,0,0
7.8568,,0.208366,0.208366,0.208469,0.043286,0.037479,0.037479,224.876550,1,1,0,1,30.321227,225,0,0,0
7.8823,,0.209865,0.209865,0.209998,0.057533,0.054865,0.054865,329.187924,1,1,0,1,24.526816,329,0,0,0
7.9022,,0.210863,0.210863,0.211207,0.042816,0.034807,0.034807,208.839032,1,1,0,1,25.516681,209,0,0,0
7.9320,,0.212111,0.212111,0.212460,0.049247,0.042919,0.042919,257.515681,1,1,0,1,24.537728,258,0,0,0
7.9622,,0.213608,0.213608,0.213498,0.057528,0.063540,0.063010,378.058614,1,1,0,1,25.113111,378,0,0,0
7.9971,,0.215602,0.215602,0.214978,0.064191,0.079168,0.079168,475.009438,1,1,0,1,30.281396,475,0,0,0
8.0220,,0.216848,0.216848,0.217043,0.037984,0.029924,0.047468,284.810979,1,1,0,1,39.624679,285,0,0,0
8.0521,,0.218341,0.218341,0.218924,0.066949,0.052213,0.052213,313.278189,1,1,0,1,20.132201,313,0,0,0
8.0871,,0.219834,0.219834,0.220577,0.053086,0.038526,0.038526,231.158163,1,1,0,1,30.077767,231,0,0,0
8.1120,,0.221325,0.221325,0.222411,0.044706,0.022998,0.022998,137.990097,1,1,0,1,34.994797,138,0,0,0
8.1371,,0.222567,0.222567,0.223648,0.048760,0.029327,0.029327,175.962789,1,1,0,1,24.945447,176,0,0,0
8.1617,,0.223559,0.223559,0.224188,0.041468,0.034142,0.034142,204.854619,1,1,0,1,25.036892,205,0,0,0
8.1819,,0.224799,0.224799,0.224895,0.048569,0.051608,0.051608,309.648186,1,1,0,1,24.625975,310,0,0,0
8.2019,,0.225790,0.225790,0.225573,0.049014,0.056335,0.056335,338.007834,1,1,0,1,20.173497,338,0,0,0
8.2322,,0.227028,0.227028,0.226421,0.059230,0.074431,0.072361,434.168907,1,1,0,1,20.033557,434,0,0,0
8.2672,,0.228511,0.228511,0.228385,0.051028,0.049822,0.049822,298.933788,1,1,0,1,30.293752,299,0,0,0
8.2921,,0.230240,0.230240,0.230460,0.049742,0.043602,0.043602,261.613856,1,1,0,1,34.979644,262,0,0,0
8.3118,,0.231227,0.231227,0.231989,0.041579,0.023091,0.023639,141.833955,1,1,0,1,24.954146,142,0,0,0
8.3318,,0.232213,0.232213,0.232837,0.047577,0.037830,0.037830,226.977804,1,1,0,1,20.086300,227,0,0,0
8.3568,,0.233444,0.233444,0.233707,0.058539,0.057757,0.053899,323.395975,1,1,0,1,20.087119,323,0,0,0
8.3818,,0.234673,0.234673,0.234663,0.051888,0.054522,0.054522,327.130221,1,1,0,1,24.478432,327,0,0,0
8.4121,,0.235901,0.235901,0.235652,0.049570,0.056153,0.056153,336.920057,1,1,0,1,25.064051,337,0,0,0
8.4472,,0.237862,0.237862,0.237863,0.061754,0.059911,0.059911,359.465220,1,1,0,1,30.267304,359,0,0,0
8.4669,,0.238841,0.238841,0.239272,0.034692,0.024245,0.031864,191.186066,1,1,0,1,35.058157,191,0,0,0
8.4771,,0.240064,0.240064,0.240756,0.046717,0.031912,0.031912,191.470542,1,1,0,1,24.581349,191,0,0,0
8.5117,,0.241040,0.241040,0.241719,0.047938,0.035862,0.035862,215.169666,1,1,0,1,20.242298,215,0,0,0
8.5367,,0.242259,0.242259,0.242590,0.048505,0.045614,0.045614,273.686747,1,1,0,1,25.059069,274,0,0,0
8.5620,,0.243476,0.243476,0.243496,0.049755,0.052200,0.052200,313.199781,1,1,0,1,24.310657,313,0,0,0
8.5819,,0.244206,0.244206,0.244397,0.038275,0.033002,0.035719,214.314170,1,1,0,1,20.601169,214,0,0,0
8.6118,,0.245662,0.245662,0.245672,0.054591,0.056037,0.055581,333.486981,1,1,0,1,24.827669,333,0,0,0
8.6367,,0.247116,0.247116,0.246851,0.057409,0.064600,0.064600,387.599749,1,1,0,1,25.015413,388,0,0,0
8.6623,,0.248084,0.248084,0.247796,0.042595,0.047967,0.047967,287.799417,1,1,0,1,24.877235,288,0,0,0
8.6870,,0.249532,0.249532,0.249646,0.053741,0.048241,0.048241,289.444869,1,1,0,1,25.627806,289,0,0,0
8.7118,,0.250737,0.250737,0.250713,0.049806,0.051465,0.051465,308.791968,1,1,0,1,24.678288,309,0,0,0
8.7317,,0.251699,0.251699,0.251910,0.040926,0.035068,0.035068,210.407913,1,1,0,1,24.860951,210,0,0,0
8.7669,,0.253140,0.253140,0.253408,0.054038,0.048703,0.048703,292.217294,1,1,0,1,25.135144,292,0,0,0
8.8019,,0.254577,0.254577,0.254328,0.049233,0.057536,0.057536,345.214145,1,1,0,1,29.923095,345,0,0,0
8.8218,,0.256011,0.256011,0.255952,0.042623,0.042485,0.042485,254.912650,1,1,0,1,34.996055,255,0,0,0
8.8422,,0.256965,0.256965,0.257092,0.046251,0.041939,0.041939,251.635989,1,1,0,1,20.227478,252,0,0,0
8.8669,,0.257917,0.257917,0.258086,0.047220,0.043727,0.043727,262.361560,1,1,0,1,20.064340,262,0,0,0
8.8878,,0.259105,0.259105,0.259123,0.047962,0.048986,0.048986,293.914471,1,1,0,1,24.675193,294,0,0,0
8.9170,,0.260291,0.260291,0.260045,0.054883,0.062069,0.062069,372.415056,1,1,0,1,20.939617,372,0,0,0
8.9373,,0.261474,0.261474,0.261463,0.043347,0.041771,0.041771,250.624208,1,1,0,1,29.231302,251,0,0,0
8.9577,,0.262418,0.262418,0.262610,0.045879,0.040216,0.040216,241.295351,1,1,0,1,20.302311,241,0,0,0
8.9835,,0.263125,0.263125,0.263738,0.036948,0.021372,0.023922,143.530837,1,1,0,1,20.367607,144,0,0,0
9.0221,,0.265240,0.265240,0.265048,0.072936,0.083266,0.044575,267.447100,1,1,0,1,25.815888,267,0,0,0
9.0473,,0.266411,0.266411,0.265748,0.038898,0.053526,0.053526,321.155037,1,1,0,1,38.537640,321,0,0,0
9.0821,,0.268279,0.268279,0.267126,0.067047,0.092067,0.073694,442.163599,1,1,0,1,25.210117,442,0,0,0
9.1224,,0.269675,0.269675,0.268471,0.045512,0.067496,0.067496,404.978825,1,1,0,1,34.780987,405,0,0,0
9.1567,,0.271529,0.271529,0.271172,0.045887,0.047695,0.047695,286.172386,1,1,0,1,40.323303,286,0,0,0
9.1922,,0.273144,0.273144,0.273602,0.046855,0.033384,0.033384,200.302823,1,1,0,1,34.307395,200,0,0,0
9.2221,,0.274754,0.274754,0.275588,0.045589,0.028243,0.028243,169.457933,1,1,0,1,35.550362,169,0,0,0
9.2619,,0.276128,0.276128,0.276539,0.045954,0.041677,0.041677,250.064736,1,1,0,1,29.849868,250,0,0,0
9.2874,,0.277498,0.277498,0.277614,0.036695,0.036245,0.036245,217.471363,1,1,0,1,39.838636,217,0,0,0
9.3069,,0.278636,0.278636,0.278644,0.043117,0.043900,0.043900,263.398594,1,1,0,1,25.438063,263,0,0,0
9.3520,,0.280223,0.280223,0.279532,0.059922,0.078556,0.063698,382.189124,1,1,0,1,24.748027,382,0,0,0
9.3822,,0.282028,0.282028,0.281555,0.048214,0.055520,0.055520,333.119069,1,1,0,1,39.862002,333,0,0,0
9.4122,,0.283151,0.283151,0.283361,0.039365,0.030632,0.031325,187.950404,1,1,0,1,30.243472,188,0,0,0
9.4371,,0.284495,0.284495,0.285017,0.043740,0.032056,0.032056,192.335770,1,1,0,1,29.967749,192,0,0,0
9.4739,,0.286056,0.286056,0.286230,0.058753,0.058680,0.052032,312.189548,1,1,0,1,24.969537,312,0,0,0
9.5023,,0.287166,0.287166,0.287087,0.035906,0.038855,0.038855,233.129861,1,1,0,1,36.774086,233,0,0,0
9.5277,,0.288493,0.288493,0.288580,0.044630,0.041796,0.041796,250.778840,1,1,0,1,28.356324,251,0,0,0
9.5518,,0.289595,0.289595,0.289441,0.043569,0.048426,0.048426,290.557458,1,1,0,1,25.446789,291,0,0,0
9.5720,,0.290255,0.290255,0.290444,0.030656,0.024091,0.029197,175.179181,1,1,0,1,24.037141,175,0,0,0
9.5987,,0.291569,0.291569,0.291669,0.058006,0.057185,0.045412,272.472729,1,1,0,1,20.269489,272,0,0,0
9.6272,,0.292878,0.292878,0.292563,0.050792,0.059880,0.059880,359.282874,1,1,0,1,26.713172,359,0,0,0
9.6575,,0.293964,0.293964,0.293830,0.040646,0.041649,0.041649,249.894816,1,1,0,1,28.498980,250,0,0,0
9.6926,,0.295478,0.295478,0.295550,0.048168,0.045353,0.045353,272.116649,1,1,0,1,30.244332,272,0,0,0
9.7274,,0.296983,0.296983,0.297196,0.043967,0.039267,0.039267,235.604217,1,1,0,1,35.081173,236,0,0,0
9.7578,,0.298267,0.298267,0.298723,0.038318,0.028573,0.028573,171.439096,1,1,0,1,34.790894,171,0,0,0
9.7946,,0.299757,0.299757,0.299739,0.046822,0.050581,0.050581,303.484099,1,1,0,1,30.445311,303,0,0,0
9.8273,,0.301239,0.301239,0.300977,0.041598,0.047770,0.047770,286.622778,1,1,0,1,36.775896,287,0,0,0
9.8622,,0.302502,0.302502,0.302422,0.039178,0.039400,0.039400,236.398675,1,1,0,1,32.751258,236,0,0,0
9.8972,,0.303968,0.303968,0.304083,0.041448,0.038158,0.038158,228.949968,1,1,0,1,34.886984,229,0,0,0
9.9268,,0.305425,0.305425,0.305448,0.041631,0.041800,0.041800,250.798319,1,1,0,1,34.960870,251,0,0,0
9.9518,,0.306461,0.306461,0.306406,0.036306,0.037869,0.037869,227.213056,1,1,0,1,29.601384,227,0,0,0
9.9771,,0.307697,0.307697,0.307447,0.046825,0.053052,0.053052,318.309566,1,1,0,1,24.999572,318,0,0,0
10.0120,,0.308517,0.308517,0.308399,0.035324,0.036316,0.036316,217.897899,1,1,0,1,25.286700,218,0,0,0
10.0417,,0.310150,0.310150,0.310291,0.044417,0.040244,0.040244,241.463516,1,1,0,1,34.956392,241,0,0,0
10.0667,,0.311163,0.311163,0.311221,0.036239,0.035812,0.035812,214.874568,1,1,0,1,29.653003,215,0,0,0
10.0923,,0.312173,0.312173,0.312229,0.039496,0.038506,0.038506,231.037215,1,1,0,1,25.035725,231,0,0,0
10.1266,,0.313377,0.313377,0.313317,0.045580,0.047670,0.047670,286.022908,1,1,0,1,25.577407,286,0,0,0
10.1574,,0.314774,0.314774,0.314492,0.041635,0.048137,0.048137,288.822804,1,1,0,1,34.360327,289,0,0,0
10.1970,,0.316161,0.316161,0.316156,0.044478,0.042584,0.042584,255.506744,1,1,0,1,30.695778,256,0,0,0
10.2269,,0.317342,0.317342,0.317801,0.032729,0.021910,0.021910,131.462580,1,1,0,1,39.650462,131,0,0,0
10.2518,,0.318516,0.318516,0.319028,0.037960,0.028350,0.028350,170.099680,1,1,0,1,29.898719,170,0,0,0
10.2823,,0.319683,0.319683,0.319684,0.045064,0.049560,0.048279,289.671827,1,1,0,1,24.910864,290,0,0,0
10.3122,,0.321035,0.321035,0.320703,0.044493,0.052875,0.052875,317.247458,1,1,0,1,30.485831,317,0,0,0
10.3420,,0.321995,0.321995,0.321815,0.034608,0.036721,0.036721,220.327736,1,1,0,1,29.859374,220,0,0,0
10.3772,,0.323330,0.323330,0.323505,0.042721,0.036941,0.036941,221.646621,1,1,0,1,29.827597,222,0,0,0
10.4071,,0.324466,0.324466,0.325024,0.034331,0.021894,0.021894,131.365747,1,1,0,1,35.242618,131,0,0,0
10.4471,,0.325594,0.325594,0.326118,0.037064,0.027882,0.027882,167.290224,1,1,0,1,29.894207,167,0,0,0
10.4723,,0.327087,0.327087,0.327101,0.037318,0.039881,0.039881,239.284218,1,1,0,1,39.931664,239,0,0,0
10.5022,,0.328013,0.328013,0.327659,0.036755,0.046318,0.046318,277.906108,1,1,0,1,25.290489,278,0,0,0
10.5472,,0.329483,0.329483,0.329041,0.046751,0.055372,0.055372,332.232620,1,1,0,1,29.856139,332,0,0,0
10.5815,,0.330758,0.330758,0.330875,0.032013,0.027191,0.027191,163.148015,1,1,0,1,45.016128,163,0,0,0
10.6123,,0.332203,0.332203,0.332793,0.040111,0.026440,0.026440,158.641766,1,1,0,1,34.277678,159,0,0,0
10.6324,,0.332741,0.332741,0.334032,0.021967,-0.006264,0.001750,10.499923,1,1,0,1,30.862884,10,0,0,0
10.6667,,0.333811,0.333811,0.334647,0.047023,0.036940,0.017813,106.880251,1,1,0,1,20.079235,107,0,0,0
10.6922,,0.335049,0.335049,0.335073,0.038289,0.043076,0.043076,258.454933,1,1,0,1,34.292604,258,0,0,0
10.7370,,0.336276,0.336276,0.335677,0.046254,0.062422,0.062422,374.533580,1,1,0,1,25.435549,375,0,0,0
10.7569,,0.337319,0.337319,0.336971,0.027857,0.032891,0.032891,197.347682,1,1,0,1,44.847109,197,0,0,0
10.7773,,0.337837,0.337837,0.338072,0.026113,0.015547,0.016738,100.427560,1,1,0,1,20.191692,100,0,0,0
10.8025,,0.338697,0.338697,0.339110,0.039452,0.030073,0.030073,180.438253,1,1,0,1,20.088463,180,0,0,0
10.8273,,0.339721,0.339721,0.340164,0.040434,0.032187,0.032187,193.119490,1,1,0,1,25.169312,193,0,0,0
10.8522,,0.340568,0.340568,0.340919,0.035308,0.029793,0.029793,178.758973,1,1,0,1,24.888940,179,0,0,0
10.8834,,0.341409,0.341409,0.341741,0.034112,0.028299,0.028299,169.793159,1,1,0,1,24.875038,170,0,0,0
10.9121,,0.342411,0.342411,0.342541,0.032551,0.031636,0.031636,189.814609,1,1,0,1,31.145327,190,0,0,0
10.9324,,0.343074,0.343074,0.343329,0.024977,0.019432,0.019432,116.590107,1,1,0,1,28.726454,117,0,0,0
10.9622,,0.344061,0.344061,0.344103,0.043787,0.045330,0.035726,214.355874,1,1,0,1,20.367868,214,0,0,0
10.9873,,0.344878,0.344878,0.344597,0.030688,0.038133,0.038133,228.798342,1,1,0,1,29.785635,229,0,0,0
11.0223,,0.345850,0.345850,0.345522,0.037163,0.043487,0.043487,260.924624,1,1,0,1,25.064477,261,0,0,0
11.0574,,0.347133,0.347133,0.346910,0.036715,0.040067,0.040067,240.402827,1,1,0,1,35.044249,240,0,0,0
11.0872,,0.348242,0.348242,0.348426,0.032710,0.026861,0.026861,161.163246,1,1,0,1,35.001637,161,0,0,0
11.1122,,0.349028,0.349028,0.349641,0.027615,0.013413,0.013413,80.475991,1,1,0,1,29.821862,80,0,0,0
11.1423,,0.349808,0.349808,0.350306,0.030412,0.022435,0.022435,134.612289,1,1,0,1,25.055593,135,0,0,0
11.1725,,0.350889,0.350889,0.350780,0.034822,0.041212,0.041212,247.271420,1,1,0,1,30.095809,247,0,0,0
11.2038,,0.351654,0.351654,0.351469,0.027264,0.031143,0.031143,186.857874,1,1,0,1,30.146934,187,0,0,0
11.2270,,0.352564,0.352564,0.352390,0.028645,0.031681,0.031681,190.085005,1,1,0,1,31.386826,190,0,0,0
11.2575,,0.353315,0.353315,0.353172,0.031717,0.034003,0.034003,204.018867,1,1,0,1,23.134964,204,0,0,0
11.2871,,0.354209,0.354209,0.354096,0.029795,0.031617,0.031617,189.703457,1,1,0,1,30.487545,190,0,0,0
11.3124,,0.355094,0.355094,0.355270,0.029870,0.024548,0.024548,147.289516,1,1,0,1,29.605601,147,0,0,0
11.3417,,0.355679,0.355679,0.355902,0.024478,0.020050,0.020050,120.301267,1,1,0,1,25.291263,120,0,0,0
11.3624,,0.356549,0.356549,0.356612,0.028617,0.028686,0.028686,172.113349,1,1,0,1,29.341530,172,0,0,0
11.4020,,0.357410,0.357410,0.357118,0.039068,0.048113,0.045213,271.277437,1,1,0,1,20.659185,271,0,0,0
11.4271,,0.358403,0.358403,0.358312,0.027897,0.028421,0.028421,170.523187,1,1,0,1,39.565978,171,0,0,0
11.4671,,0.359245,0.359245,0.359168,0.032395,0.033648,0.033648,201.886159,1,1,0,1,25.108873,202,0,0,0
11.4971,,0.360077,0.360077,0.360512,0.023106,0.012486,0.012486,74.914934,1,1,0,1,40.059957,75,0,0,0
11.5372,,0.361037,0.361037,0.361442,0.030208,0.023131,0.023131,138.787787,1,1,0,1,30.014714,139,0,0,0
11.5621,,0.361985,0.361985,0.362108,0.024949,0.024288,0.024288,145.727954,1,1,0,1,40.095301,146,0,0,0
11.5971,,0.362787,0.362787,0.362810,0.030778,0.031257,0.031257,187.544243,1,1,0,1,24.891726,188,0,0,0
11.6278,,0.363581,0.363581,0.363677,0.024301,0.022099,0.022099,132.594354,1,1,0,1,34.973775,133,0,0,0
11.6817,,0.365011,0.365011,0.364802,0.042107,0.048072,0.046682,280.089993,1,1,0,1,30.728258,280,0,0,0
11.7007,,0.365524,0.365524,0.365693,0.016033,0.011436,0.011436,68.613757,1,1,0,1,53.878098,69,0,0,0
11.7316,,0.366411,0.366411,0.366625,0.033024,0.028766,0.028766,172.595077,1,1,0,1,23.805320,173,0,0,0
11.7629,,0.367037,0.367037,0.367127,0.025791,0.025219,0.025219,151.313659,1,1,0,1,26.105976,151,0,0,0
11.7986,,0.367903,0.367903,0.368099,0.027314,0.023043,0.023043,138.256332,1,1,0,1,31.263830,138,0,0,0
11.8074,,0.368756,0.368756,0.368874,0.024578,0.022953,0.022953,137.715507,1,1,0,1,35.711413,138,0,0,0
11.8475,,0.369238,0.369238,0.369398,0.021395,0.018130,0.018130,108.778753,1,1,0,1,23.397253,109,0,0,0
11.8725,,0.369954,0.369954,0.369994,0.026733,0.027030,0.027030,162.182037,1,1,0,1,25.484109,162,0,0,0
11.8821,,0.370543,0.370543,0.370452,0.024173,0.026958,0.026958,161.750883,1,1,0,1,25.028929,162,0,0,0
11.9273,,0.371241,0.371241,0.371331,0.028047,0.024785,0.024785,148.710154,1,1,0,1,24.068661,149,0,0,0
11.9579,,0.371816,0.371816,0.371997,0.020564,0.016651,0.016651,99.903523,1,1,0,1,30.754428,100,0,0,0
11.9975,,0.372610,0.372610,0.372816,0.024907,0.021028,0.021028,126.165092,1,1,0,1,30.550341,126,0,0,0
12.0075,,0.373392,0.373392,0.373428,0.020753,0.021035,0.021035,126.209115,1,1,0,1,39.641799,126,0,0,0
12.0573,,0.373942,0.373942,0.373829,0.025797,0.029442,0.029442,176.652288,1,1,0,1,20.345839,177,0,0,0
12.0918,,0.374702,0.374702,0.374567,0.020582,0.023141,0.023141,138.848554,1,1,0,1,39.420008,139,0,0,0
12.1173,,0.375343,0.375343,0.375529,0.018996,0.013599,0.013599,81.593866,1,1,0,1,34.484021,82,0,0,0
12.1471,,0.376080,0.376080,0.376289,0.026879,0.022920,0.022920,137.520484,1,1,0,1,25.532657,138,0,0,0
12.1821,,0.376701,0.376701,0.376557,0.022074,0.027276,0.027276,163.653160,1,1,0,1,29.769703,164,0,0,0
12.2072,,0.377212,0.377212,0.377315,0.016079,0.012688,0.012688,76.129408,1,1,0,1,35.032005,76,0,0,0
12.2123,,0.377717,0.377717,0.377999,0.019308,0.012654,0.012654,75.923383,1,1,0,1,25.075219,76,0,0,0
12.2573,,0.378215,0.378215,0.378445,0.023626,0.020054,0.020054,120.324146,1,1,0,1,20.156503,120,0,0,0
12.2868,,0.378804,0.378804,0.378853,0.020438,0.020869,0.020869,125.211171,1,1,0,1,29.997232,125,0,0,0
12.3222,,0.379384,0.379384,0.379363,0.019836,0.020742,0.020742,124.453283,1,1,0,1,29.461782,124,0,0,0
12.3623,,0.380236,0.380236,0.380322,0.023205,0.021014,0.021014,126.082242,1,1,0,1,35.462052,126,0,0,0
12.4024,,0.380885,0.380885,0.381046,0.017593,0.014286,0.014286,85.715352,1,1,0,1,40.088363,86,0,0,0
12.4419,,0.381612,0.381612,0.381822,0.018016,0.013957,0.013957,83.740298,1,1,0,1,40.089876,84,0,0,0
12.4671,,0.382146,0.382146,0.382331,0.014440,0.011253,0.011253,67.520637,1,1,0,1,39.440088,68,0,0,0
12.4976,,0.382758,0.382758,0.382773,0.022273,0.023494,0.023494,140.962751,1,1,0,1,25.248980,141,0,0,0
12.5272,,0.383188,0.383188,0.383066,0.015715,0.018875,0.018875,113.252728,1,1,0,1,30.511062,113,0,0,0
12.5578,,0.383611,0.383611,0.383612,0.014572,0.013645,0.013645,81.867589,1,1,0,1,29.622045,82,0,0,0
12.6076,,0.384357,0.384357,0.384317,0.022452,0.023466,0.023466,140.794733,1,1,0,1,30.543552,141,0,0,0
12.6426,,0.385082,0.385082,0.384958,0.016137,0.018757,0.018757,112.541891,1,1,0,1,49.851938,113,0,0,0
12.6775,,0.385633,0.385633,0.385737,0.015838,0.012521,0.012521,75.124235,1,1,0,1,34.924996,75,0,0,0
12.7173,,0.386171,0.386171,0.386346,0.015492,0.011912,0.011912,71.469629,1,1,0,1,34.950779,71,0,0,0
12.7524,,0.386698,0.386698,0.386765,0.013688,0.013061,0.013061,78.368802,1,1,0,1,39.762992,78,0,0,0
12.7925,,0.387285,0.387285,0.387252,0.016126,0.017334,0.017334,104.003663,1,1,0,1,35.066449,104,0,0,0
12.8273,,0.387785,0.387785,0.387797,0.013205,0.012744,0.012744,76.464827,1,1,0,1,40.136263,76,0,0,0
12.8675,,0.388411,0.388411,0.388440,0.017025,0.016395,0.016395,98.368057,1,1,0,1,34.831453,98,0,0,0
12.8922,,0.388818,0.388818,0.388890,0.011503,0.009968,0.009968,59.808780,1,1,0,1,40.174179,60,0,0,0
12.9275,,0.389150,0.389150,0.389232,0.013069,0.011515,0.011515,69.087518,1,1,0,1,24.684813,69,0,0,0
12.9733,,0.389733,0.389733,0.389709,0.015821,0.016931,0.016931,101.585373,1,1,0,1,35.318392,102,0,0,0
12.9938,,0.390111,0.390111,0.390173,0.009772,0.008242,0.008242,49.454438,1,1,0,1,45.767664,49,0,0,0
13.0173,,0.390359,0.390359,0.390589,0.010319,0.004622,0.004622,27.734009,1,1,0,1,23.654228,28,0,0,0
13.0520,,0.390723,0.390723,0.390745,0.016333,0.018156,0.018156,108.935034,1,1,0,1,20.403900,109,0,0,0
13.0872,,0.391137,0.391137,0.390913,0.012825,0.018428,0.018428,110.566429,1,1,0,1,34.648278,111,0,0,0
13.1175,,0.391539,0.391539,0.391608,0.011700,0.008636,0.008636,51.816178,1,1,0,1,35.261020,52,0,0,0
13.1472,,0.391875,0.391875,0.392133,0.011213,0.005195,0.005195,31.170152,1,1,0,1,30.306859,31,0,0,0
13.1827,,0.392203,0.392203,0.392394,0.011087,0.008148,0.008148,48.887020,1,1,0,1,29.661660,49,0,0,0
13.2025,,0.392523,0.392523,0.392575,0.009420,0.009339,0.009339,56.035875,1,1,0,1,35.516722,56,0,0,0
13.2426,,0.392886,0.392886,0.392820,0.011778,0.013861,0.013861,83.165080,1,1,0,1,29.334821,83,0,0,0
13.2672,,0.393188,0.393188,0.393157,0.010272,0.010582,0.010582,63.489705,1,1,0,1,30.545278,63,0,0,0
13.3022,,0.393483,0.393483,0.393456,0.011614,0.012052,0.012052,72.309564,1,1,0,1,24.629524,72,0,0,0
13.3375,,0.393816,0.393816,0.393906,0.009954,0.007600,0.007600,45.598250,1,1,0,1,34.948151,46,0,0,0
13.3672,,0.394093,0.394093,0.394288,0.008276,0.004114,0.004114,24.682013,1,1,0,1,35.291048,25,0,0,0
13.3975,,0.394363,0.394363,0.394498,0.008904,0.006902,0.006902,41.414113,1,1,0,1,29.741114,41,0,0,0
13.4229,,0.394625,0.394625,0.394636,0.008689,0.009386,0.009386,56.318365,1,1,0,1,30.318693,56,0,0,0
13.4522,,0.394837,0.394837,0.394782,0.008429,0.009997,0.009997,59.984987,1,1,0,1,25.388188,60,0,0,0
13.4874,,0.395085,0.395085,0.395055,0.008468,0.008817,0.008817,52.899906,1,1,0,1,29.238880,53,0,0,0
13.5126,,0.395365,0.395365,0.395406,0.008034,0.006838,0.006838,41.026427,1,1,0,1,35.298634,41,0,0,0
13.5572,,0.395596,0.395596,0.395660,0.008981,0.007630,0.007630,45.781798,1,1,0,1,25.146324,46,0,0,0
13.5839,,0.395894,0.395894,0.395977,0.007129,0.005535,0.005535,33.212688,1,1,0,1,44.654089,33,0,0,0
13.6039,,0.395994,0.395994,0.396148,0.004431,0.001093,0.001093,6.556437,1,1,0,1,26.678514,7,0,0,0
13.6238,,0.396067,0.396067,0.396255,0.003778,-0.000007,-0.000007,-0.039553,1,1,0,1,20.031234,0,0,0,0
13.6525,,0.396178,0.396178,0.396277,0.004523,0.003572,0.003572,21.433874,1,1,0,1,23.613912,21,0,0,0
13.6777,,0.396311,0.396311,0.396294,0.005175,0.006487,0.006487,38.919470,1,1,0,1,24.911927,39,0,0,0
13.7025,,0.396454,0.396454,0.396398,0.005571,0.006910,0.006910,41.461089,1,1,0,1,25.232460,41,0,0,0
13.7290,,0.396602,0.396602,0.396555,0.005896,0.006661,0.006661,39.968670,1,1,0,1,24.787473,40,0,0,0
13.7588,,0.396756,0.396756,0.396736,0.005833,0.005974,0.005974,35.842042,1,1,0,1,26.492573,36,0,0,0
13.7837,,0.396959,0.396959,0.396922,0.006630,0.007419,0.007419,44.516859,1,1,0,1,29.763374,45,0,0,0
13.8042,,0.397145,0.397145,0.397078,0.007281,0.008767,0.008767,52.603966,1,1,0,1,24.970159,53,0,0,0
13.8290,,0.397336,0.397336,0.397268,0.008913,0.010152,0.010152,60.910346,1,1,0,1,20.463516,61,0,0,0
13.8541,,0.397496,0.397496,0.397460,0.006949,0.007299,0.007299,43.793527,1,1,0,1,24.773356,44,0,0,0
13.8588,,0.397704,0.397704,0.397717,0.008025,0.007378,0.007378,44.268559,1,1,0,1,25.132569,44,0,0,0
13.8987,,0.397922,0.397922,0.397902,0.009040,0.009723,0.009723,58.336080,1,1,0,1,23.462500,58,0,0,0
13.9189,,0.398104,0.398104,0.398050,0.008678,0.010001,0.010001,60.008834,1,1,0,1,21.148494,60,0,0,0
13.9226,,0.398292,0.398292,0.398245,0.009203,0.009975,0.009975,59.851479,1,1,0,1,20.157339,60,0,0,0
13.9639,,0.398524,0.398524,0.398478,0.009811,0.010642,0.010642,63.850917,1,1,0,1,23.284742,64,0,0,0
13.9838,,0.398697,0.398697,0.398695,0.008329,0.007924,0.007924,47.544502,1,1,0,1,21.725294,48,0,0,0
14.0092,,0.398894,0.398894,0.398906,0.009505,0.009123,0.009123,54.738179,1,1,0,1,20.079883,55,0,0,0
14.0341,,0.399074,0.399074,0.399098,0.007630,0.007103,0.007103,42.618740,1,1,0,1,25.227373,43,0,0,0
14.0639,,0.399279,0.399279,0.399363,0.008090,0.006037,0.006037,36.223824,1,1,0,1,24.940592,36,0,0,0
14.0840,,0.399412,0.399412,0.399553,0.005202,0.002243,0.002243,13.458154,1,1,0,1,29.741054,13,0,0,0
14.1082,,0.399545,0.399545,0.399666,0.006308,0.004351,0.004351,26.104766,1,1,0,1,20.103313,26,0,0,0
14.1272,,0.399712,0.399712,0.399733,0.006772,0.007284,0.007284,43.705672,1,1,0,1,24.223450,44,0,0,0
14.1338,,0.399848,0.399848,0.399829,0.006608,0.007385,0.007385,44.309332,1,1,0,1,20.765026,44,0,0,0
14.1740,,0.400024,0.400024,0.400008,0.007350,0.007614,0.007614,45.684612,1,1,0,1,23.382965,46,0,0,0
14.1941,,0.400170,0.400170,0.400161,0.006873,0.006977,0.006977,41.863918,1,1,0,1,21.628320,42,0,0,0
14.2191,,0.400321,0.400321,0.400315,0.007371,0.007463,0.007463,44.777289,1,1,0,1,20.178752,45,0,0,0
14.2375,,0.400519,0.400519,0.400491,0.007796,0.008472,0.008472,50.830515,1,1,0,1,24.939081,51,0,0,0
14.2669,,0.400768,0.400768,0.400715,0.010156,0.011340,0.011340,68.042794,1,1,0,1,23.202374,68,0,0,0
14.2938,,0.400942,0.400942,0.400888,0.007673,0.008656,0.008656,51.936464,1,1,0,1,24.654767,52,0,0,0
14.3187,,0.401169,0.401169,0.401166,0.008291,0.007918,0.007918,47.508199,1,1,0,1,26.860826,48,0,0,0
14.3424,,0.401455,0.401455,0.401386,0.010862,0.012699,0.012699,76.195831,1,1,0,1,24.919994,76,0,0,0
14.3640,,0.401655,0.401655,0.401578,0.008921,0.010387,0.010387,62.320200,1,1,0,1,23.707059,62,0,0,0
14.3840,,0.401862,0.401862,0.401846,0.009466,0.009135,0.009135,54.809929,1,1,0,1,21.550763,55,0,0,0
14.4042,,0.402076,0.402076,0.402059,0.010421,0.010739,0.010739,64.431985,1,1,0,1,20.063335,64,0,0,0
14.4325,,0.402353,0.402353,0.402277,0.013056,0.015082,0.015082,90.489769,1,1,0,1,20.193683,90,0,0,0
14.4540,,0.402641,0.402641,0.402560,0.010745,0.012236,0.012236,73.416306,1,1,0,1,28.277637,73,0,0,0
14.4793,,0.402938,0.402938,0.402893,0.013262,0.013713,0.013713,82.275860,1,1,0,1,21.444866,82,0,0,0
14.4993,,0.403184,0.403184,0.403154,0.010401,0.010789,0.010789,64.735097,1,1,0,1,25.317909,65,0,0,0
14.5239,,0.403499,0.403499,0.403476,0.014632,0.014978,0.014978,89.865352,1,1,0,1,20.086086,90,0,0,0
14.5440,,0.403758,0.403758,0.403714,0.011363,0.012336,0.012336,74.017448,1,1,0,1,24.536433,74,0,0,0
14.5672,,0.404022,0.404022,0.404000,0.012781,0.012935,0.012935,77.610505,1,1,0,1,20.110241,78,0,0,0
14.5889,,0.404291,0.404291,0.404286,0.011859,0.011783,0.011783,70.698034,1,1,0,1,23.175964,71,0,0,0
14.6121,,0.404635,0.404635,0.404582,0.015065,0.016524,0.016524,99.145052,1,1,0,1,21.687302,99,0,0,0
14.6327,,0.404916,0.404916,0.404844,0.012698,0.014172,0.014172,85.030098,1,1,0,1,23.170103,85,0,0,0
14.6537,,0.405273,0.405273,0.405203,0.016377,0.017597,0.017597,105.580532,1,1,0,1,20.621031,106,0,0,0
14.6742,,0.405562,0.405562,0.405489,0.014284,0.015654,0.015654,93.925567,1,1,0,1,21.065055,94,0,0,0
14.6976,,0.405930,0.405930,0.405921,0.017254,0.016722,0.016722,100.329280,1,1,0,1,20.420350,100,0,0,0
14.7175,,0.406228,0.406228,0.406234,0.013612,0.013343,0.013343,80.058316,1,1,0,1,23.437798,80,0,0,0
14.7392,,0.406528,0.406528,0.406567,0.014105,0.013068,0.013068,78.410960,1,1,0,1,21.130358,78,0,0,0
14.7639,,0.406908,0.406908,0.406892,0.017658,0.018518,0.018518,111.110420,1,1,0,1,20.460513,111,0,0,0
14.7825,,0.407214,0.407214,0.407147,0.013453,0.015109,0.015109,90.651516,1,1,0,1,24.690166,91,0,0,0
14.8090,,0.407599,0.407599,0.407570,0.015844,0.016022,0.016022,96.129100,1,1,0,1,23.447211,96,0,0,0
14.8338,,0.407987,0.407987,0.407953,0.017498,0.018184,0.018184,109.101287,1,1,0,1,21.666037,109,0,0,0
14.8528,,0.408299,0.408299,0.408292,0.013558,0.013437,0.013437,80.619559,1,1,0,1,24.813912,81,0,0,0
14.8791,,0.408691,0.408691,0.408716,0.015822,0.015088,0.015088,90.527155,1,1,0,1,23.886943,91,0,0,0
14.8829,,0.409005,0.409005,0.409007,0.014913,0.015114,0.015114,90.682287,1,1,0,1,21.380123,91,0,0,0
14.9238,,0.409398,0.409398,0.409360,0.018586,0.019716,0.019716,118.298275,1,1,0,1,20.167283,118,0,0,0
14.9439,,0.409713,0.409713,0.409679,0.013969,0.014550,0.014550,87.302799,1,1,0,1,24.579048,87,0,0,0
14.9688,,0.410028,0.410028,0.410069,0.015314,0.013770,0.013770,82.617734,1,1,0,1,20.130041,83,0,0,0
14.9890,,0.410422,0.410422,0.410437,0.015729,0.015676,0.015676,94.058634,1,1,0,1,24.858175,94,0,0,0
15.0124,,0.410736,0.410736,0.410710,0.015634,0.016564,0.016564,99.385536,1,1,0,1,20.146258,99,0,0,0
15.0327,,0.411129,0.411129,0.411102,0.016512,0.016990,0.016990,101.938001,1,1,0,1,23.453731,102,0,0,0
15.0540,,0.411442,0.411442,0.411439,0.015628,0.015428,0.015428,92.566323,1,1,0,1,20.332461,93,0,0,0
15.0741,,0.411754,0.411754,0.411779,0.014901,0.014161,0.014161,84.967985,1,1,0,1,21.227479,85,0,0,0
15.0973,,0.412144,0.412144,0.412143,0.018423,0.018735,0.018735,112.411297,1,1,0,1,20.177016,112,0,0,0
15.1180,,0.412377,0.412377,0.412446,0.011745,0.009824,0.009824,58.944509,1,1,0,1,23.128749,59,0,0,0
15.1453,,0.412764,0.412764,0.412814,0.017271,0.016577,0.016577,99.460811,1,1,0,1,20.763252,99,0,0,0
15.1705,,0.413150,0.413150,0.413111,0.014762,0.016196,0.016196,97.175761,1,1,0,1,27.303014,97,0,0,0
15.1966,,0.413612,0.413612,0.413523,0.017618,0.019654,0.019654,117.921707,1,1,0,1,25.171462,118,0,0,0
15.2235,,0.413995,0.413995,0.414004,0.015274,0.014282,0.014282,85.694025,1,1,0,1,26.089584,86,0,0,0
15.2476,,0.414377,0.414377,0.414471,0.014400,0.012021,0.012021,72.128359,1,1,0,1,26.935938,72,0,0,0
15.2739,,0.414758,0.414758,0.414810,0.015555,0.014980,0.014980,89.877277,1,1,0,1,24.039513,90,0,0,0
15.2988,,0.415214,0.415214,0.415161,0.016968,0.018792,0.018792,112.752755,1,1,0,1,26.336673,113,0,0,0
15.3224,,0.415517,0.415517,0.415486,0.013156,0.013538,0.013538,81.228745,1,1,0,1,24.878746,81,0,0,0
15.3425,,0.415897,0.415897,0.415931,0.015488,0.014264,0.014264,85.584431,1,1,0,1,23.597940,86,0,0,0
15.3673,,0.416200,0.416200,0.416197,0.015186,0.015656,0.015656,93.933118,1,1,0,1,20.078461,94,0,0,0
15.3923,,0.416580,0.416580,0.416545,0.015295,0.016196,0.016196,97.175660,1,1,0,1,24.794116,97,0,0,0
15.4141,,0.416961,0.416961,0.416950,0.015263,0.015261,0.015261,91.566904,1,1,0,1,24.993388,92,0,0,0
15.4374,,0.417267,0.417267,0.417304,0.014265,0.013121,0.013121,78.728417,1,1,0,1,21.828965,79,0,0,0
15.4591,,0.417652,0.417652,0.417657,0.016016,0.016204,0.016204,97.223449,1,1,0,1,23.361565,97,0,0,0
15.4829,,0.418038,0.418038,0.417952,0.017498,0.019992,0.019992,119.954357,1,1,0,1,21.653505,120,0,0,0
15.5038,,0.418350,0.418350,0.418347,0.013996,0.013299,0.013299,79.795823,1,1,0,1,23.772275,80,0,0,0
15.5241,,0.418664,0.418664,0.418744,0.014776,0.012474,0.012474,74.845488,1,1,0,1,20.976780,75,0,0,0
15.5433,,0.418901,0.418901,0.419020,0.012325,0.009770,0.009770,58.619160,1,1,0,1,20.231713,59,0,0,0
15.5709,,0.419380,0.419380,0.419305,0.021262,0.024686,0.024686,148.118162,1,1,0,1,20.359724,148,0,0,0
15.6023,,0.419783,0.419783,0.419613,0.016453,0.020319,0.020319,121.915051,1,1,0,1,26.456936,122,0,0,0
15.6291,,0.420028,0.420028,0.420205,0.009503,0.003877,0.003877,23.263694,1,1,0,1,31.466517,23,0,0,0
15.6552,,0.420438,0.420438,0.420815,0.014160,0.005738,0.005738,34.425903,1,1,0,1,26.788240,34,0,0,0
15.6795,,0.420853,0.420853,0.420998,0.015561,0.014914,0.014914,89.484276,1,1,0,1,26.094066,89,0,0,0
15.7063,,0.421274,0.421274,0.421174,0.016996,0.020997,0.020997,125.981323,1,1,0,1,24.219561,126,0,0,0
15.7319,,0.421614,0.421614,0.421494,0.013547,0.015868,0.015868,95.207058,1,1,0,1,26.805715,95,0,0,0
15.7583,,0.421957,0.421957,0.421998,0.013422,0.011299,0.011299,67.794817,1,1,0,1,25.644045,68,0,0,0
15.7822,,0.422303,0.422303,0.422418,0.013187,0.010505,0.010505,63.027807,1,1,0,1,26.383666,63,0,0,0
15.8015,,0.422653,0.422653,0.422658,0.014332,0.015257,0.015257,91.540645,1,1,0,1,23.924809,92,0,0,0
15.8215,,0.423095,0.423095,0.422877,0.020328,0.026688,0.026688,160.128485,1,1,0,1,20.248500,160,0,0,0
15.8430,,0.423453,0.423453,0.423178,0.018248,0.023791,0.023791,142.743568,1,1,0,1,20.165881,143,0,0,0
15.8670,,0.423723,0.423723,0.423655,0.014288,0.013270,0.013270,79.622355,1,1,0,1,20.332484,80,0,0,0
15.8875,,0.424269,0.424269,0.424226,0.021080,0.021631,0.021631,129.788462,1,1,0,1,23.988684,130,0,0,0
15.9076,,0.424638,0.424638,0.424533,0.018573,0.021125,0.021125,126.752034,1,1,0,1,20.531560,127,0,0,0
15.9277,,0.425010,0.425010,0.424927,0.018534,0.019790,0.019790,118.737834,1,1,0,1,20.075462,119,0,0,0
15.9527,,0.425479,0.425479,0.425432,0.022416,0.022877,0.022877,137.261600,1,1,0,1,20.085364,137,0,0,0
15.9764,,0.425859,0.425859,0.425852,0.016619,0.016390,0.016390,98.340356,1,1,0,1,25.010729,98,0,0,0
16.0030,,0.426338,0.426338,0.426409,0.019463,0.017463,0.017463,104.775993,1,1,0,1,23.746256,105,0,0,0
16.0225,,0.426822,0.426822,0.426812,0.018435,0.019276,0.019276,115.655750,1,1,0,1,26.637242,116,0,0,0
16.0476,,0.427311,0.427311,0.427258,0.020421,0.021804,0.021804,130.822990,1,1,0,1,23.392278,131,0,0,0
16.0726,,0.427806,0.427806,0.427742,0.022781,0.024024,0.024024,144.145234,1,1,0,1,21.142722,144,0,0,0
16.1014,,0.428305,0.428305,0.428204,0.020512,0.022636,0.022636,135.816353,1,1,0,1,25.018593,136,0,0,0
16.1226,,0.428808,0.428808,0.428920,0.018083,0.014460,0.014460,86.761653,1,1,0,1,28.828983,87,0,0,0
16.1425,,0.429214,0.429214,0.429370,0.018968,0.015697,0.015697,94.182024,1,1,0,1,21.166446,94,0,0,0
16.1676,,0.429726,0.429726,0.429742,0.024168,0.025410,0.025410,152.460249,1,1,0,1,20.088864,152,0,0,0
16.1875,,0.430138,0.430138,0.430088,0.018076,0.019578,0.019578,117.465287,1,1,0,1,24.905860,117,0,0,0
16.2127,,0.430657,0.430657,0.430638,0.023929,0.023939,0.023939,143.631599,1,1,0,1,20.440442,144,0,0,0
16.2326,,0.431075,0.431075,0.431047,0.018346,0.018942,0.018942,113.652060,1,1,0,1,24.660805,114,0,0,0
16.2576,,0.431496,0.431496,0.431591,0.018032,0.015152,0.015152,90.911116,1,1,0,1,23.416886,91,0,0,0
16.2777,,0.432025,0.432025,0.432006,0.023319,0.024822,0.024822,148.929323,1,1,0,1,21.461589,149,0,0,0
16.3015,,0.432450,0.432450,0.432314,0.021570,0.025322,0.025322,151.932895,1,1,0,1,20.140670,152,0,0,0
16.3226,,0.432985,0.432985,0.432888,0.022276,0.023660,0.023660,141.958723,1,1,0,1,23.825263,142,0,0,0
16.3417,,0.433415,0.433415,0.433397,0.020780,0.020300,0.020300,121.801519,1,1,0,1,21.082612,122,0,0,0
16.3470,,0.433848,0.433848,0.433867,0.021113,0.020345,0.020345,122.069475,1,1,0,1,20.389825,122,0,0,0
16.3879,,0.434391,0.434391,0.434334,0.022929,0.024657,0.024657,147.944263,1,1,0,1,23.218078,148,0,0,0
16.4161,,0.434936,0.434936,0.434876,0.024729,0.025858,0.025858,155.146647,1,1,0,1,21.674793,155,0,0,0
16.4411,,0.435485,0.435485,0.435525,0.020477,0.018980,0.018980,113.877906,1,1,0,1,28.259833,114,0,0,0
16.4627,,0.436036,0.436036,0.436158,0.021754,0.018838,0.018838,113.026391,1,1,0,1,24.967322,113,0,0,0
16.4828,,0.436479,0.436479,0.436538,0.020785,0.020344,0.020344,122.062777,1,1,0,1,21.544291,122,0,0,0
16.5026,,0.436923,0.436923,0.436911,0.021808,0.022798,0.022798,136.790181,1,1,0,1,20.129630,137,0,0,0
16.5281,,0.437480,0.437480,0.437432,0.023421,0.024609,0.024609,147.652524,1,1,0,1,23.383167,148,0,0,0
16.5519,,0.437927,0.437927,0.437894,0.021023,0.021469,0.021469,128.814125,1,1,0,1,21.895704,129,0,0,0
16.5779,,0.438488,0.438488,0.438507,0.023035,0.022208,0.022208,133.249671,1,1,0,1,23.823856,133,0,0,0
16.6026,,0.439163,0.439163,0.439103,0.025420,0.027170,0.027170,163.019700,1,1,0,1,25.951763,163,0,0,0
16.6226,,0.439614,0.439614,0.439595,0.019658,0.019649,0.019649,117.893339,1,1,0,1,24.778558,118,0,0,0
16.6263,,0.440067,0.440067,0.440137,0.021883,0.019651,0.019651,117.904257,1,1,0,1,20.159642,118,0,0,0
16.6677,,0.440520,0.440520,0.440607,0.019946,0.018205,0.018205,109.227030,1,1,0,1,23.289454,109,0,0,0
16.6877,,0.441088,0.441088,0.441032,0.024979,0.027428,0.027428,164.570188,1,1,0,1,21.643273,165,0,0,0
16.7128,,0.441657,0.441657,0.441456,0.027385,0.032584,0.032584,195.503391,1,1,0,1,20.336507,196,0,0,0
16.7359,,0.442113,0.442113,0.442043,0.020243,0.020338,0.020338,122.030835,1,1,0,1,24.710124,122,0,0,0
16.7577,,0.442684,0.442684,0.442811,0.023771,0.019625,0.019625,117.749090,1,1,0,1,23.165862,118,0,0,0
16.7777,,0.443142,0.443142,0.443281,0.021571,0.018926,0.018926,113.554527,1,1,0,1,21.768387,114,0,0,0
16.8026,,0.443715,0.443715,0.443728,0.026996,0.028127,0.028127,168.764062,1,1,0,1,20.203070,169,0,0,0
16.8241,,0.444173,0.444173,0.444146,0.020282,0.021128,0.021128,126.766865,1,1,0,1,24.664340,127,0,0,0
16.8515,,0.444633,0.444633,0.444721,0.021092,0.018316,0.018316,109.898414,1,1,0,1,21.572078,110,0,0,0
16.8722,,0.445208,0.445208,0.445290,0.021013,0.019588,0.019588,117.525274,1,1,0,1,27.384677,118,0,0,0
16.8935,,0.445668,0.445668,0.445655,0.022019,0.023251,0.023251,139.504996,1,1,0,1,20.667288,140,0,0,0
16.9222,,0.446244,0.446244,0.446165,0.025990,0.028097,0.028097,168.583470,1,1,0,1,21.341289,169,0,0,0
16.9476,,0.446820,0.446820,0.446818,0.021260,0.020700,0.020700,124.202076,1,1,0,1,28.709914,124,0,0,0
16.9772,,0.447512,0.447512,0.447513,0.026114,0.026076,0.026076,156.456055,1,1,0,1,25.327859,156,0,0,0
16.9983,,0.448090,0.448090,0.448114,0.020793,0.020175,0.020175,121.051772,1,1,0,1,29.656614,121,0,0,0
17.0233,,0.448552,0.448552,0.448651,0.021686,0.019125,0.019125,114.752004,1,1,0,1,21.085776,115,0,0,0
17.0483,,0.449129,0.449129,0.449147,0.022840,0.023241,0.023241,139.443947,1,1,0,1,24.978497,139,0,0,0
17.0723,,0.449707,0.449707,0.449642,0.023073,0.024981,0.024981,149.886270,1,1,0,1,24.979658,150,0,0,0
17.0922,,0.450285,0.450285,0.450187,0.023889,0.025948,0.025948,155.685309,1,1,0,1,23.986110,156,0,0,0
17.1170,,0.450863,0.450863,0.450819,0.026740,0.026963,0.026963,161.776613,1,1,0,1,21.054487,162,0,0,0
17.1371,,0.451325,0.451325,0.451340,0.020937,0.020138,0.020138,120.827931,1,1,0,1,23.732477,121,0,0,0
17.1583,,0.451788,0.451788,0.451883,0.022652,0.020047,0.020047,120.279644,1,1,0,1,20.034017,120,0,0,0
17.1822,,0.452250,0.452250,0.452346,0.022003,0.020282,0.020282,121.694877,1,1,0,1,21.169759,122,0,0,0
17.2034,,0.452828,0.452828,0.452823,0.023691,0.024708,0.024708,148.247026,1,1,0,1,23.969087,148,0,0,0
17.2285,,0.453406,0.453406,0.453252,0.026605,0.030926,0.030926,185.553961,1,1,0,1,21.142540,186,0,0,0
17.2486,,0.453868,0.453868,0.453874,0.020007,0.018500,0.018500,111.001912,1,1,0,1,25.178318,111,0,0,0
17.2721,,0.454330,0.454330,0.454482,0.022468,0.018147,0.018147,108.880327,1,1,0,1,20.019464,109,0,0,0
17.2971,,0.454908,0.454908,0.454993,0.024143,0.023245,0.023245,139.468122,1,1,0,1,23.517522,139,0,0,0
17.3265,,0.455601,0.455601,0.455565,0.027024,0.028742,0.028742,172.449416,1,1,0,1,24.973056,172,0,0,0
17.3519,,0.456062,0.456062,0.456159,0.017944,0.015215,0.015215,91.291820,1,1,0,1,29.452381,91,0,0,0
17.3771,,0.456755,0.456755,0.456917,0.025351,0.021863,0.021863,131.177667,1,1,0,1,25.445102,131,0,0,0
17.4022,,0.457331,0.457331,0.457330,0.023401,0.024847,0.024847,149.084617,1,1,0,1,25.154796,149,0,0,0
17.4268,,0.457907,0.457907,0.457919,0.023015,0.022685,0.022685,136.109905,1,1,0,1,25.129617,136,0,0,0
17.4471,,0.458367,0.458367,0.458488,0.019619,0.016470,0.016470,98.818995,1,1,0,1,24.532386,99,0,0,0
17.4667,,0.458943,0.458943,0.458955,0.026581,0.027527,0.027527,165.163022,1,1,0,1,20.309453,165,0,0,0
17.4884,,0.459403,0.459403,0.459313,0.022386,0.025026,0.025026,150.158991,1,1,0,1,21.551591,150,0,0,0
17.5126,,0.459862,0.459862,0.459893,0.022803,0.020948,0.020948,125.687532,1,1,0,1,20.065187,126,0,0,0
17.5367,,0.460436,0.460436,0.460440,0.023735,0.023915,0.023915,143.489327,1,1,0,1,23.955676,143,0,0,0
17.5622,,0.461010,0.461010,0.460925,0.023813,0.026157,0.026157,156.943174,1,1,0,1,24.073888,157,0,0,0
17.5872,,0.461583,0.461583,0.461583,0.022750,0.022021,0.022021,132.125739,1,1,0,1,25.494569,132,0,0,0
17.6116,,0.462156,0.462156,0.462205,0.022911,0.021595,0.021595,129.568641,1,1,0,1,24.958670,130,0,0,0
17.6320,,0.462728,0.462728,0.462725,0.023355,0.023874,0.023874,143.245922,1,1,0,1,24.379715,143,0,0,0
17.6535,,0.463185,0.463185,0.463179,0.022538,0.022698,0.022698,136.185923,1,1,0,1,20.474971,136,0,0,0
17.6772,,0.463757,0.463757,0.463749,0.025814,0.025961,0.025961,155.763780,1,1,0,1,21.442758,156,0,0,0
17.6986,,0.464213,0.464213,0.464254,0.020567,0.019385,0.019385,116.309018,1,1,0,1,23.703588,116,0,0,0
17.7235,,0.464783,0.464783,0.464774,0.025413,0.026091,0.026091,156.544949,1,1,0,1,21.403295,157,0,0,0
17.7435,,0.465238,0.465238,0.465272,0.019728,0.018735,0.018735,112.408308,1,1,0,1,24.873081,112,0,0,0
17.7635,,0.465693,0.465693,0.465778,0.022106,0.020023,0.020023,120.136818,1,1,0,1,20.038826,120,0,0,0
17.7871,,0.466148,0.466148,0.466242,0.019784,0.017998,0.017998,107.987491,1,1,0,1,23.661942,108,0,0,0
17.8165,,0.466828,0.466828,0.466731,0.026054,0.029505,0.029505,177.027506,1,1,0,1,24.641226,177,0,0,0
17.8382,,0.467395,0.467395,0.467173,0.023580,0.028678,0.028678,172.065088,1,1,0,1,24.675070,172,0,0,0
17.8581,,0.467734,0.467734,0.467723,0.017210,0.015295,0.015295,91.769358,1,1,0,1,21.738883,92,0,0,0
17.8789,,0.468187,0.468187,0.468348,0.020625,0.015916,0.015916,95.494703,1,1,0,1,21.064166,95,0,0,0
17.9039,,0.468751,0.468751,0.468759,0.023301,0.024591,0.024591,147.546256,1,1,0,1,23.558872,148,0,0,0
17.9289,,0.469203,0.469203,0.469085,0.021803,0.025238,0.025238,151.426137,1,1,0,1,21.058803,151,0,0,0
17.9489,,0.469766,0.469766,0.469668,0.022355,0.023947,0.023947,143.679029,1,1,0,1,25.068021,144,0,0,0
17.9688,,0.470217,0.470217,0.470175,0.022330,0.022464,0.022464,134.785891,1,1,0,1,20.182830,135,0,0,0
17.9939,,0.470780,0.470780,0.470766,0.023336,0.023333,0.023333,139.995981,1,1,0,1,23.865776,140,0,0,0
18.0126,,0.471230,0.471230,0.471212,0.021883,0.022241,0.022241,133.446645,1,1,0,1,20.905607,133,0,0,0
18.0338,,0.471679,0.471679,0.471681,0.022321,0.022081,0.022081,132.488924,1,1,0,1,20.036837,132,0,0,0
18.0524,,0.472128,0.472128,0.472124,0.022272,0.022417,0.022417,134.503436,1,1,0,1,20.177767,135,0,0,0
18.0725,,0.472465,0.472465,0.472567,0.017863,0.014860,0.014860,89.159778,1,1,0,1,20.081603,89,0,0,0
18.0992,,0.473137,0.473137,0.473070,0.027004,0.029834,0.029834,179.004087,1,1,0,1,22.957494,179,0,0,0
18.1176,,0.473585,0.473585,0.473404,0.021663,0.026047,0.026047,156.283999,1,1,0,1,22.020344,156,0,0,0
18.1278,,0.474144,0.474144,0.473989,0.023434,0.025978,0.025978,155.869050,1,1,0,1,23.395987,156,0,0,0
18.1626,,0.474590,0.474590,0.474512,0.021437,0.022036,0.022036,132.214244,1,1,0,1,21.302963,132,0,0,0
18.1891,,0.475146,0.475146,0.475098,0.026342,0.026886,0.026886,161.317757,1,1,0,1,20.180216,161,0,0,0
18.2125,,0.475701,0.475701,0.475677,0.022987,0.023199,0.023199,139.191209,1,1,0,1,25.052444,139,0,0,0
18.2388,,0.476144,0.476144,0.476244,0.019718,0.016747,0.016747,100.479902,1,1,0,1,23.426335,100,0,0,0
18.2627,,0.476696,0.476696,0.476817,0.020770,0.018408,0.018408,110.448632,1,1,0,1,26.240901,110,0,0,0
18.2877,,0.477246,0.477246,0.477245,0.022554,0.023676,0.023676,142.058357,1,1,0,1,23.913471,142,0,0,0
18.3091,,0.477794,0.477794,0.477695,0.022072,0.024716,0.024716,148.294911,1,1,0,1,24.966004,148,0,0,0
18.3277,,0.478231,0.478231,0.478194,0.020753,0.020780,0.020780,124.680300,1,1,0,1,21.399651,125,0,0,0
18.3540,,0.478775,0.478775,0.478774,0.025739,0.025379,0.025379,152.274860,1,1,0,1,20.176316,152,0,0,0
18.3727,,0.479209,0.479209,0.479206,0.019154,0.019227,0.019227,115.364868,1,1,0,1,24.782566,115,0,0,0
18.4024,,0.479749,0.479749,0.479798,0.022280,0.020921,0.020921,125.528964,1,1,0,1,23.427476,126,0,0,0
18.4321,,0.480394,0.480394,0.480302,0.025109,0.028001,0.028001,168.006475,1,1,0,1,24.983500,168,0,0,0
18.4528,,0.480929,0.480929,0.480915,0.019454,0.019124,0.019124,114.742242,1,1,0,1,29.642052,115,0,0,0
18.4788,,0.481461,0.481461,0.481487,0.024455,0.023560,0.023560,141.362965,1,1,0,1,20.703824,141,0,0,0
18.5025,,0.481885,0.481885,0.481997,0.017921,0.015173,0.015173,91.037142,1,1,0,1,26.018355,91,0,0,0
18.5276,,0.482412,0.482412,0.482550,0.021358,0.018649,0.018649,111.895634,1,1,0,1,23.724852,112,0,0,0
18.5479,,0.482936,0.482936,0.482946,0.020966,0.021904,0.021904,131.424705,1,1,0,1,25.114291,131,0,0,0
18.5726,,0.483353,0.483353,0.483320,0.020685,0.021736,0.021736,130.417974,1,1,0,1,20.223497,130,0,0,0
18.5943,,0.483768,0.483768,0.483849,0.017519,0.015058,0.015058,90.347055,1,1,0,1,24.792939,90,0,0,0
18.6194,,0.484386,0.484386,0.484361,0.026275,0.027775,0.027775,166.651895,1,1,0,1,21.701051,167,0,0,0
18.6476,,0.484998,0.484998,0.484869,0.024851,0.028097,0.028097,168.582282,1,1,0,1,24.997303,169,0,0,0
18.6676,,0.485403,0.485403,0.485445,0.016452,0.014355,0.014355,86.132061,1,1,0,1,28.219859,86,0,0,0
18.6920,,0.485805,0.485805,0.485983,0.019352,0.014673,0.014673,88.040684,1,1,0,1,20.049325,88,0,0,0
18.7187,,0.486305,0.486305,0.486457,0.020241,0.017715,0.017715,106.291822,1,1,0,1,24.391550,106,0,0,0
18.7439,,0.486799,0.486799,0.486834,0.018856,0.019191,0.019191,115.146804,1,1,0,1,26.730902,115,0,0,0
18.7671,,0.487290,0.487290,0.487277,0.019337,0.019972,0.019972,119.832503,1,1,0,1,25.204482,120,0,0,0
18.7891,,0.487776,0.487776,0.487726,0.020692,0.021941,0.021941,131.643722,1,1,0,1,23.102546,132,0,0,0
18.8091,,0.488161,0.488161,0.488169,0.018139,0.017421,0.017421,104.526111,1,1,0,1,22.013620,105,0,0,0
18.8289,,0.488543,0.488543,0.488609,0.018898,0.017068,0.017068,102.406141,1,1,0,1,20.032373,102,0,0,0
18.8525,,0.489017,0.489017,0.489025,0.022576,0.023079,0.023079,138.473716,1,1,0,1,20.161989,138,0,0,0
18.8739,,0.489392,0.489392,0.489384,0.017420,0.017708,0.017708,106.246330,1,1,0,1,23.272090,106,0,0,0
18.8943,,0.489765,0.489765,0.489836,0.017446,0.015346,0.015346,92.074152,1,1,0,1,21.336300,92,0,0,0
18.9188,,0.490226,0.490226,0.490258,0.021501,0.021329,0.021329,127.971801,1,1,0,1,20.477894,128,0,0,0
18.9393,,0.490591,0.490591,0.490580,0.016234,0.016819,0.016819,100.911225,1,1,0,1,24.500360,101,0,0,0
18.9639,,0.491044,0.491044,0.491064,0.020929,0.020238,0.020238,121.426827,1,1,0,1,20.491320,121,0,0,0
18.9838,,0.491403,0.491403,0.491418,0.015885,0.015663,0.015663,93.975918,1,1,0,1,24.543944,94,0,0,0
18.9889,,0.491759,0.491759,0.491819,0.017248,0.015668,0.015668,94.005085,1,1,0,1,20.241144,94,0,0,0
19.0289,,0.492200,0.492200,0.492200,0.018484,0.019051,0.019051,114.308859,1,1,0,1,23.470019,114,0,0,0
19.0541,,0.492637,0.492637,0.492603,0.020087,0.021061,0.021061,126.367506,1,1,0,1,21.324087,126,0,0,0
19.0773,,0.492984,0.492984,0.493002,0.015014,0.014226,0.014226,85.356711,1,1,0,1,25.209103,85,0,0,0
19.0974,,0.493413,0.493413,0.493503,0.017818,0.015528,0.015528,93.165309,1,1,0,1,23.204324,93,0,0,0
19.1177,,0.493754,0.493754,0.493807,0.017158,0.016608,0.016608,99.647132,1,1,0,1,20.061190,100,0,0,0
19.1392,,0.494093,0.494093,0.494119,0.016757,0.016580,0.016580,99.481468,1,1,0,1,20.326152,99,0,0,0
19.1589,,0.494429,0.494429,0.494454,0.015865,0.015412,0.015412,92.471216,1,1,0,1,21.498565,92,0,0,0
19.1826,,0.494846,0.494846,0.494830,0.017643,0.018324,0.018324,109.944591,1,1,0,1,23.063798,110,0,0,0
19.2027,,0.495177,0.495177,0.495144,0.016591,0.017387,0.017387,104.322590,1,1,0,1,20.290512,104,0,0,0
19.2228,,0.495507,0.495507,0.495513,0.016411,0.015854,0.015854,95.125663,1,1,0,1,20.120229,95,0,0,0
19.2426,,0.495834,0.495834,0.495879,0.016325,0.015112,0.015112,90.674580,1,1,0,1,20.080822,91,0,0,0
19.2689,,0.496160,0.496160,0.496205,0.015518,0.014709,0.014709,88.255112,1,1,0,1,21.260295,88,0,0,0
19.2891,,0.496565,0.496565,0.496582,0.016102,0.016037,0.016037,96.222828,1,1,0,1,24.914444,96,0,0,0
19.3079,,0.496887,0.496887,0.496860,0.015973,0.016943,0.016943,101.658523,1,1,0,1,20.203948,102,0,0,0
19.3393,,0.497287,0.497287,0.497246,0.016943,0.017803,0.017803,106.816817,1,1,0,1,23.298090,107,0,0,0
19.3591,,0.497685,0.497685,0.497714,0.015246,0.014159,0.014159,84.953832,1,1,0,1,26.874289,85,0,0,0
19.3841,,0.498082,0.498082,0.498116,0.016646,0.015973,0.015973,95.838716,1,1,0,1,23.330093,96,0,0,0
19.4039,,0.498398,0.498398,0.498416,0.015098,0.014926,0.014926,89.558353,1,1,0,1,21.461383,90,0,0,0
19.4276,,0.498791,0.498791,0.498790,0.016545,0.016756,0.016756,100.536072,1,1,0,1,23.266704,101,0,0,0
19.4490,,0.499105,0.499105,0.499102,0.015706,0.015781,0.015781,94.685406,1,1,0,1,20.246197,95,0,0,0
19.4674,,0.499418,0.499418,0.499443,0.014846,0.014107,0.014107,84.643848,1,1,0,1,21.397470,85,0,0,0
19.4891,,0.499730,0.499730,0.499758,0.015347,0.014819,0.014819,88.914411,1,1,0,1,20.185370,89,0,0,0
19.5131,,0.500120,0.500120,0.500100,0.016428,0.017237,0.017237,103.419650,1,1,0,1,23.342541,103,0,0,0
19.5328,,0.500431,0.500431,0.500401,0.015420,0.016076,0.016076,96.454428,1,1,0,1,20.531434,96,0,0,0
19.5606,,0.500820,0.500820,0.500757,0.018044,0.019518,0.019518,117.109236,1,1,0,1,20.801427,117,0,0,0
19.5809,,0.501054,0.501054,0.501184,0.010606,0.006664,0.006664,39.983922,1,1,0,1,26.669508,40,0,0,0
19.6005,,0.501287,0.501287,0.501577,0.011310,0.004354,0.004354,26.122771,1,1,0,1,20.300252,26,0,0,0
19.6207,,0.501597,0.501597,0.501810,0.014098,0.011080,0.011080,66.481687,1,1,0,1,20.993974,66,0,0,0
19.6435,,0.501830,0.501830,0.501899,0.011866,0.012176,0.012176,73.054885,1,1,0,1,20.617193,73,0,0,0
19.6656,,0.502219,0.502219,0.502124,0.017168,0.020587,0.020587,123.523248,1,1,0,1,21.024627,124,0,0,0
19.6857,,0.502453,0.502453,0.502399,0.011865,0.012416,0.012416,74.493314,1,1,0,1,22.145453,74,0,0,0
19.7058,,0.502842,0.502842,0.502790,0.017903,0.018827,0.018827,112.959538,1,1,0,1,20.049552,113,0,0,0
19.7272,,0.503154,0.503154,0.503046,0.015952,0.018502,0.018502,111.011618,1,1,0,1,20.153696,111,0,0,0
19.7459,,0.503466,0.503466,0.503424,0.014876,0.014946,0.014946,89.678484,1,1,0,1,21.358517,90,0,0,0
19.7673,,0.503778,0.503778,0.503810,0.015427,0.014039,0.014039,84.233513,1,1,0,1,20.066640,84,0,0,0
19.7924,,0.504169,0.504169,0.504148,0.018480,0.019419,0.019419,116.512538,1,1,0,1,20.314475,117,0,0,0
19.8108,,0.504482,0.504482,0.504459,0.013802,0.014236,0.014236,85.416019,1,1,0,1,24.794255,85,0,0,0
19.8359,,0.504874,0.504874,0.504885,0.016279,0.015759,0.015759,94.551159,1,1,0,1,23.207569,95,0,0,0
19.8556,,0.505188,0.505188,0.505160,0.015628,0.016556,0.016556,99.335979,1,1,0,1,20.317403,99,0,0,0
19.8773,,0.505503,0.505503,0.505516,0.014711,0.014073,0.014073,84.438439,1,1,0,1,21.729667,84,0,0,0
19.9007,,0.505818,0.505818,0.505893,0.013832,0.011906,0.011906,71.438078,1,1,0,1,23.155249,71,0,0,0
19.9207,,0.506213,0.506213,0.506189,0.017617,0.019061,0.019061,114.366417,1,1,0,1,21.265716,114,0,0,0
19.9457,,0.506529,0.506529,0.506433,0.016077,0.018612,0.018612,111.671589,1,1,0,1,20.166454,112,0,0,0
19.9657,,0.506846,0.506846,0.506851,0.014000,0.012968,0.012968,77.805460,1,1,0,1,23.518756,78,0,0,0
19.9921,,0.507323,0.507323,0.507255,0.020814,0.022802,0.022802,136.813259,1,1,0,1,21.171847,137,0,0,0
20.0120,,0.507642,0.507642,0.507574,0.014278,0.015484,0.015484,92.904604,1,1,0,1,25.199079,93,0,0,0
20.0371,,0.508041,0.508041,0.508061,0.018311,0.017024,0.017024,102.142592,1,1,0,1,20.665878,102,0,0,0
20.0570,,0.508361,0.508361,0.508392,0.014186,0.013529,0.013529,81.176570,1,1,0,1,24.335565,81,0,0,0
20.0814,,0.508682,0.508682,0.508741,0.015627,0.014260,0.014260,85.557345,1,1,0,1,20.065978,86,0,0,0
20.1058,,0.509084,0.509084,0.509080,0.016415,0.017061,0.017061,102.367101,1,1,0,1,24.199833,102,0,0,0
20.1314,,0.509487,0.509487,0.509417,0.016465,0.018322,0.018322,109.930274,1,1,0,1,24.464920,110,0,0,0
20.1538,,0.509892,0.509892,0.509874,0.015943,0.015802,0.015802,94.812756,1,1,0,1,25.570981,95,0,0,0
20.1749,,0.510216,0.510216,0.510287,0.014781,0.012643,0.012643,75.857457,1,1,0,1,22.385323,76,0,0,0
20.2007,,0.510541,0.510541,0.510618,0.015299,0.013838,0.013838,83.030388,1,1,0,1,21.080267,83,0,0,0
20.2274,,0.510949,0.510949,0.510949,0.015700,0.016364,0.016364,98.182465,1,1,0,1,25.814813,98,0,0,0
20.2563,,0.511276,0.511276,0.511334,0.012944,0.011437,0.011437,68.620394,1,1,0,1,26.716494,69,0,0,0
20.2887,,0.511523,0.511523,0.511767,0.009406,0.003578,0.003578,21.469390,1,1,0,1,28.894849,21,0,0,0
20.3216,,0.511852,0.511852,0.512117,0.010004,0.005091,0.005091,30.545799,1,1,0,1,32.421819,31,0,0,0
20.3508,,0.512017,0.512017,0.512236,0.006007,0.002376,0.002376,14.258828,1,1,0,1,32.948210,14,0,0,0
20.3805,,0.512348,0.512348,0.512367,0.010287,0.011436,0.011436,68.613408,1,1,0,1,29.134806,69,0,0,0
20.4040,,0.512597,0.512597,0.512435,0.008770,0.013030,0.013030,78.179268,1,1,0,1,29.671065,78,0,0,0
20.4334,,0.512930,0.512930,0.512682,0.013066,0.018326,0.018326,109.957202,1,1,0,1,23.550757,110,0,0,0
20.4572,,0.513097,0.513097,0.513074,0.007153,0.005881,0.005881,35.285707,1,1,0,1,29.430208,35,0,0,0
20.4810,,0.513516,0.513516,0.513518,0.015550,0.015274,0.015274,91.646756,1,1,0,1,23.738083,92,0,0,0
20.5027,,0.513937,0.513937,0.513731,0.017269,0.022898,0.022898,137.387494,1,1,0,1,23.801341,137,0,0,0
20.5312,,0.514361,0.514361,0.514009,0.019042,0.026852,0.026852,161.111603,1,1,0,1,21.754827,161,0,0,0
20.5524,,0.514788,0.514788,0.514664,0.015806,0.016279,0.016279,97.675907,1,1,0,1,28.491825,98,0,0,0
20.5725,,0.515132,0.515132,0.515230,0.016177,0.012126,0.012126,72.753401,1,1,0,1,21.155081,73,0,0,0
20.5927,,0.515479,0.515479,0.515608,0.017033,0.014369,0.014369,86.214578,1,1,0,1,20.086456,86,0,0,0
20.6125,,0.515828,0.515828,0.515852,0.017204,0.017908,0.017908,107.446929,1,1,0,1,20.232023,107,0,0,0
20.6364,,0.516268,0.516268,0.516194,0.020941,0.023343,0.023343,140.059406,1,1,0,1,20.110151,140,0,0,0
20.6609,,0.516623,0.516623,0.516575,0.016250,0.016855,0.016855,101.130255,1,1,0,1,23.551515,101,0,0,0
20.6826,,0.516981,0.516981,0.517131,0.014945,0.010467,0.010467,62.800083,1,1,0,1,24.488692,63,0,0,0
20.7026,,0.517433,0.517433,0.517482,0.019661,0.019805,0.019805,118.829236,1,1,0,1,21.682240,119,0,0,0
20.7279,,0.517798,0.517798,0.517702,0.018499,0.021804,0.021804,130.826173,1,1,0,1,20.044956,131,0,0,0
20.7477,,0.518258,0.518258,0.518160,0.018291,0.020090,0.020090,120.541614,1,1,0,1,25.257596,121,0,0,0
20.7762,,0.518724,0.518724,0.518684,0.022047,0.022144,0.022144,132.864970,1,1,0,1,20.266863,133,0,0,0
20.8024,,0.519100,0.519100,0.519203,0.015110,0.012134,0.012134,72.801446,1,1,0,1,28.126442,73,0,0,0
20.8263,,0.519671,0.519671,0.519745,0.020464,0.019376,0.019376,116.257367,1,1,0,1,26.159576,116,0,0,0
20.8475,,0.520151,0.520151,0.520063,0.020209,0.023310,0.023310,139.857960,1,1,0,1,23.867269,140,0,0,0
20.8724,,0.520540,0.520540,0.520542,0.018665,0.017667,0.017667,106.002340,1,1,0,1,21.242440,106,0,0,0
20.8925,,0.521030,0.521030,0.521050,0.019497,0.018969,0.018969,113.812718,1,1,0,1,24.857501,114,0,0,0
20.9126,,0.521425,0.521425,0.521407,0.019651,0.020403,0.020403,122.420837,1,1,0,1,20.081326,122,0,0,0
20.9376,,0.521924,0.521924,0.521875,0.023761,0.024976,0.024976,149.855757,1,1,0,1,20.122459,150,0,0,0
20.9661,,0.522427,0.522427,0.522403,0.020851,0.021082,0.021082,126.493289,1,1,0,1,25.031421,126,0,0,0
20.9914,,0.522936,0.522936,0.523012,0.018441,0.016290,0.016290,97.742981,1,1,0,1,28.513645,98,0,0,0
21.0165,,0.523449,0.523449,0.523545,0.019923,0.018033,0.018033,108.199814,1,1,0,1,25.294243,108,0,0,0
21.0374,,0.523967,0.523967,0.523935,0.020495,0.022201,0.022201,133.207393,1,1,0,1,25.099140,133,0,0,0
21.0577,,0.524385,0.524385,0.524322,0.020091,0.021543,0.021543,129.257094,1,1,0,1,20.891219,129,0,0,0
21.0863,,0.524911,0.524911,0.524847,0.024729,0.025893,0.025893,155.355412,1,1,0,1,20.317546,155,0,0,0
21.1074,,0.525441,0.525441,0.525427,0.019794,0.019664,0.019664,117.985887,1,1,0,1,28.571943,118,0,0,0
21.1360,,0.525976,0.525976,0.526037,0.024243,0.022343,0.022343,134.058934,1,1,0,1,21.078408,134,0,0,0
21.1576,,0.526406,0.526406,0.526513,0.016885,0.014606,0.014606,87.633714,1,1,0,1,28.612660,88,0,0,0
21.1779,,0.526948,0.526948,0.526998,0.023469,0.023153,0.023153,138.917023,1,1,0,1,21.571543,139,0,0,0
21.2026,,0.527384,0.527384,0.527369,0.021875,0.022856,0.022856,137.137962,1,1,0,1,20.310299,137,0,0,0
21.2224,,0.527933,0.527933,0.527849,0.022148,0.024268,0.024268,145.610966,1,1,0,1,24.698437,146,0,0,0
21.2473,,0.528485,0.528485,0.528436,0.023022,0.023599,0.023599,141.592551,1,1,0,1,23.765440,142,0,0,0
21.2676,,0.528930,0.528930,0.528914,0.021538,0.021468,0.021468,128.807891,1,1,0,1,21.003456,129,0,0,0
21.2878,,0.529377,0.529377,0.529391,0.021908,0.021327,0.021327,127.961903,1,1,0,1,20.306718,128,0,0,0
21.3075,,0.529825,0.529825,0.529821,0.022226,0.022505,0.022505,135.029066,1,1,0,1,20.123043,135,0,0,0
21.3312,,0.530389,0.530389,0.530340,0.023819,0.025149,0.025149,150.893329,1,1,0,1,23.288215,151,0,0,0
21.3564,,0.530843,0.530843,0.530816,0.022758,0.022976,0.022976,137.857895,1,1,0,1,20.149556,138,0,0,0
21.3775,,0.531412,0.531412,0.531415,0.022625,0.022316,0.022316,133.893409,1,1,0,1,25.204238,134,0,0,0
21.3966,,0.531755,0.531755,0.531896,0.017545,0.013578,0.013578,81.470055,1,1,0,1,21.074434,81,0,0,0
21.4210,,0.532329,0.532329,0.532334,0.026367,0.027762,0.027762,166.572443,1,1,0,1,20.082468,167,0,0,0
21.4427,,0.532905,0.532905,0.532684,0.024954,0.031054,0.031054,186.325919,1,1,0,1,23.433737,186,0,0,0
21.4677,,0.533369,0.533369,0.533297,0.022102,0.021879,0.021879,131.275916,1,1,0,1,21.660257,131,0,0,0
21.4877,,0.533950,0.533950,0.534020,0.023009,0.020493,0.020493,122.956902,1,1,0,1,25.011805,123,0,0,0
21.5070,,0.534416,0.534416,0.534463,0.023226,0.022637,0.022637,135.824162,1,1,0,1,20.044904,136,0,0,0
21.5276,,0.534884,0.534884,0.534863,0.023209,0.024336,0.024336,146.014757,1,1,0,1,20.164337,146,0,0,0
21.5617,,0.535589,0.535589,0.535398,0.029331,0.034392,0.034392,206.349435,1,1,0,1,22.820324,206,0,0,0
21.5825,,0.536178,0.536178,0.536162,0.021077,0.020127,0.020127,120.760430,1,1,0,1,30.974573,121,0,0,0
21.6035,,0.536650,0.536650,0.536868,0.022378,0.015970,0.015970,95.817923,1,1,0,1,20.804155,96,0,0,0
21.6250,,0.537123,0.537123,0.537416,0.022483,0.016433,0.016433,98.599280,1,1,0,1,21.023848,99,0,0,0
21.6440,,0.537597,0.537597,0.537728,0.022183,0.021481,0.021481,128.888255,1,1,0,1,21.447104,129,0,0,0
21.6642,,0.538072,0.538072,0.538079,0.023338,0.024574,0.024574,147.441373,1,1,0,1,20.102762,147,0,0,0
21.6886,,0.538667,0.538667,0.538563,0.025525,0.028460,0.028460,170.758597,1,1,0,1,22.800377,171,0,0,0
21.7111,,0.539143,0.539143,0.539080,0.023466,0.024160,0.024160,144.958067,1,1,0,1,20.740217,145,0,0,0
21.7294,,0.539500,0.539500,0.539709,0.017415,0.011001,0.011001,66.003507,1,1,0,1,22.465256,66,0,0,0
21.7537,,0.540215,0.540215,0.540253,0.029233,0.030230,0.028770,172.621275,1,1,0,1,22.212035,173,0,0,0
21.7730,,0.540692,0.540692,0.540532,0.024512,0.029518,0.029518,177.109359,1,1,0,1,20.441307,177,0,0,0
21.7968,,0.541288,0.541288,0.540992,0.025279,0.031911,0.031911,191.465340,1,1,0,1,23.418665,191,0,0,0
21.8218,,0.541766,0.541766,0.541621,0.023492,0.024489,0.024489,146.934848,1,1,0,1,20.715330,147,0,0,0
21.8427,,0.542363,0.542363,0.542384,0.024673,0.022767,0.022767,136.602364,1,1,0,1,23.904797,137,0,0,0
21.8626,,0.542840,0.542840,0.542896,0.023188,0.021816,0.021816,130.894201,1,1,0,1,20.919744,131,0,0,0
21.8826,,0.543317,0.543317,0.543349,0.023597,0.023295,0.023295,139.770378,1,1,0,1,20.135677,140,0,0,0
21.9108,,0.543913,0.543913,0.543862,0.025455,0.027175,0.027175,163.052426,1,1,0,1,23.004856,163,0,0,0
21.9310,,0.544509,0.544509,0.544462,0.024131,0.024939,0.024939,149.631341,1,1,0,1,25.026572,150,0,0,0
21.9579,,0.544985,0.544985,0.545055,0.023765,0.021224,0.021224,127.343719,1,1,0,1,20.108238,127,0,0,0
21.9824,,0.545579,0.545579,0.545668,0.022384,0.020646,0.020646,123.875156,1,1,0,1,26.963436,124,0,0,0
22.0079,,0.546291,0.546291,0.546199,0.027750,0.031039,0.031039,186.233553,1,1,0,1,24.472927,186,0,0,0
22.0275,,0.546765,0.546765,0.546715,0.020382,0.020908,0.020908,125.448214,1,1,0,1,25.561607,125,0,0,0
22.0544,,0.547357,0.547357,0.547383,0.024838,0.023637,0.023637,141.822447,1,1,0,1,22.790790,142,0,0,0
22.0796,,0.547711,0.547711,0.547891,0.016927,0.012245,0.012245,73.469647,1,1,0,1,23.700842,73,0,0,0
22.1045,,0.548418,0.548418,0.548476,0.025898,0.025930,0.025930,155.577979,1,1,0,1,25.123809,156,0,0,0
22.1283,,0.549005,0.549005,0.548816,0.024012,0.029609,0.029609,177.651337,1,1,0,1,24.956409,178,0,0,0
22.1518,,0.549591,0.549591,0.549390,0.024534,0.028263,0.028263,169.575560,1,1,0,1,23.756980,170,0,0,0
22.1757,,0.550176,0.550176,0.550095,0.024773,0.025095,0.025095,150.571291,1,1,0,1,23.536537,151,0,0,0
22.1975,,0.550759,0.550759,0.550771,0.024456,0.023391,0.023391,140.346439,1,1,0,1,23.917388,140,0,0,0
22.2215,,0.551224,0.551224,0.551292,0.021976,0.020199,0.020199,121.191904,1,1,0,1,21.799579,121,0,0,0
22.2426,,0.551805,0.551805,0.551842,0.023801,0.023407,0.023407,140.443373,1,1,0,1,23.938976,140,0,0,0
22.2671,,0.552269,0.552269,0.552264,0.022284,0.022811,0.022811,136.864780,1,1,0,1,21.163504,137,0,0,0
22.2970,,0.552847,0.552847,0.552845,0.023359,0.023353,0.023353,140.117841,1,1,0,1,24.470363,140,0,0,0
22.3182,,0.553424,0.553424,0.553529,0.020105,0.017433,0.017433,104.598731,1,1,0,1,29.901485,105,0,0,0
22.3476,,0.554114,0.554114,0.554044,0.030026,0.033089,0.033089,198.535304,1,1,0,1,21.237538,199,0,0,0
22.3720,,0.554688,0.554688,0.554550,0.021640,0.024648,0.024648,147.889809,1,1,0,1,29.375314,148,0,0,0
22.3919,,0.555261,0.555261,0.555272,0.023142,0.021604,0.021604,129.626764,1,1,0,1,24.363907,130,0,0,0
22.4115,,0.555718,0.555718,0.555747,0.022759,0.022038,0.022038,132.226556,1,1,0,1,20.172126,132,0,0,0
22.4414,,0.556289,0.556289,0.556291,0.026855,0.027107,0.027107,162.641263,1,1,0,1,20.451966,163,0,0,0
22.4625,,0.556857,0.556857,0.556852,0.021184,0.021343,0.021343,128.055036,1,1,0,1,28.766118,128,0,0,0
22.4954,,0.557424,0.557424,0.557541,0.025656,0.022267,0.022267,133.602866,1,1,0,1,21.170081,134,0,0,0
22.5148,,0.557876,0.557876,0.558140,0.016136,0.010412,0.010412,62.470315,1,1,0,1,32.864118,62,0,0,0
22.5404,,0.558440,0.558440,0.558647,0.022603,0.019396,0.019396,116.378318,1,1,0,1,23.268779,116,0,0,0
22.5638,,0.558889,0.558889,0.558913,0.021079,0.022508,0.022508,135.049115,1,1,0,1,21.722182,135,0,0,0
22.5852,,0.559449,0.559449,0.559346,0.023327,0.026370,0.026370,158.217608,1,1,0,1,23.447677,158,0,0,0
22.6100,,0.559896,0.559896,0.559809,0.021425,0.022834,0.022834,137.004821,1,1,0,1,21.322888,137,0,0,0
22.6350,,0.560452,0.560452,0.560454,0.022207,0.021395,0.021395,128.372639,1,1,0,1,24.834526,128,0,0,0
22.6593,,0.561006,0.561006,0.561031,0.022179,0.021513,0.021513,129.080512,1,1,0,1,24.977663,129,0,0,0
22.6808,,0.561557,0.561557,0.561566,0.022563,0.022544,0.022544,135.261684,1,1,0,1,24.311601,135,0,0,0
22.7044,,0.561995,0.561995,0.562004,0.020795,0.020617,0.020617,123.699057,1,1,0,1,21.503383,124,0,0,0
22.7300,,0.562429,0.562429,0.562563,0.018908,0.015343,0.015343,92.056439,1,1,0,1,23.571169,92,0,0,0
22.7499,,0.562967,0.562967,0.563041,0.020578,0.019740,0.019740,118.438039,1,1,0,1,25.592275,118,0,0,0
22.7749,,0.563496,0.563496,0.563437,0.021647,0.023927,0.023927,143.559039,1,1,0,1,24.170395,144,0,0,0
22.7951,,0.563914,0.563914,0.563834,0.020401,0.022058,0.022058,132.349966,1,1,0,1,20.803488,132,0,0,0
22.8145,,0.564327,0.564327,0.564334,0.020480,0.019388,0.019388,116.329858,1,1,0,1,20.117007,116,0,0,0
22.8346,,0.564733,0.564733,0.564769,0.019979,0.019032,0.019032,114.194371,1,1,0,1,20.484697,114,0,0,0
22.8552,,0.565134,0.565134,0.565150,0.019929,0.019868,0.019868,119.207966,1,1,0,1,20.127398,119,0,0,0
22.8830,,0.565627,0.565627,0.565612,0.020973,0.021524,0.021524,129.146918,1,1,0,1,23.203356,129,0,0,0
22.9079,,0.566110,0.566110,0.566098,0.020173,0.020351,0.020351,122.104814,1,1,0,1,24.188544,122,0,0,0
22.9280,,0.566584,0.566584,0.566632,0.019292,0.017903,0.017903,107.415810,1,1,0,1,24.836409,107,0,0,0
22.9471,,0.566956,0.566956,0.567012,0.018644,0.017560,0.017560,105.359063,1,1,0,1,20.148277,105,0,0,0
22.9723,,0.567323,0.567323,0.567386,0.018174,0.016953,0.016953,101.717875,1,1,0,1,20.305383,102,0,0,0
22.9937,,0.567684,0.567684,0.567817,0.015679,0.012625,0.012625,75.749989,1,1,0,1,23.975352,76,0,0,0
23.0177,,0.568127,0.568127,0.568159,0.019749,0.020225,0.020225,121.350894,1,1,0,1,21.349382,121,0,0,0
23.0383,,0.568562,0.568562,0.568489,0.018420,0.020701,0.020701,124.208514,1,1,0,1,24.040528,124,0,0,0
23.0639,,0.568989,0.568989,0.569008,0.017029,0.015870,0.015870,95.222877,1,1,0,1,25.580602,95,0,0,0
23.0869,,0.569324,0.569324,0.569402,0.016460,0.014438,0.014438,86.628192,1,1,0,1,20.577959,87,0,0,0
23.1126,,0.569737,0.569737,0.569803,0.017640,0.016578,0.016578,99.468719,1,1,0,1,23.023980,99,0,0,0
23.1374,,0.570143,0.570143,0.570155,0.016132,0.016382,0.016382,98.292854,1,1,0,1,25.747127,98,0,0,0
23.1596,,0.570542,0.570542,0.570586,0.016079,0.014981,0.014981,89.887867,1,1,0,1,24.814083,90,0,0,0
23.1794,,0.570856,0.570856,0.570925,0.014577,0.013089,0.013089,78.534236,1,1,0,1,22.104588,79,0,0,0
23.2000,,0.571165,0.571165,0.571216,0.015251,0.014535,0.014535,87.207650,1,1,0,1,20.095527,87,0,0,0
23.2196,,0.571471,0.571471,0.571482,0.015097,0.015327,0.015327,91.963710,1,1,0,1,20.311037,92,0,0,0
23.2442,,0.571848,0.571848,0.571838,0.016003,0.016398,0.016398,98.387761,1,1,0,1,23.233915,98,0,0,0
23.2668,,0.572146,0.572146,0.572161,0.014554,0.014019,0.014019,84.114295,1,1,0,1,20.972636,84,0,0,0
23.2871,,0.572440,0.572440,0.572521,0.013326,0.011223,0.011223,67.335941,1,1,0,1,22.605003,67,0,0,0
23.3116,,0.572804,0.572804,0.572817,0.016982,0.017483,0.017483,104.898910,1,1,0,1,20.301326,105,0,0,0
23.3170,,0.573162,0.573162,0.573074,0.015088,0.017575,0.017575,105.448851,1,1,0,1,24.497902,105,0,0,0
23.3518,,0.573444,0.573444,0.573426,0.014162,0.013747,0.013747,82.479446,1,1,0,1,20.289775,82,0,0,0
23.3720,,0.573654,0.573654,0.573807,0.010562,0.006071,0.006071,36.423189,1,1,0,1,21.712485,36,0,0,0
23.3969,,0.574068,0.574068,0.574104,0.016205,0.016645,0.016645,99.871853,1,1,0,1,23.477998,100,0,0,0
23.4034,,0.574339,0.574339,0.574243,0.013525,0.016623,0.016623,99.735827,1,1,0,1,21.109947,100,0,0,0
23.4368,,0.574607,0.574607,0.574533,0.013306,0.014405,0.014405,86.432030,1,1,0,1,20.230731,86,0,0,0
23.4587,,0.574872,0.574872,0.574863,0.013100,0.012549,0.012549,75.292027,1,1,0,1,20.282561,75,0,0,0
23.4817,,0.575198,0.575198,0.575180,0.013791,0.014197,0.014197,85.182130,1,1,0,1,23.381249,85,0,0,0
23.5073,,0.575456,0.575456,0.575459,0.012329,0.012057,0.012057,72.342078,1,1,0,1,21.533145,72,0,0,0
23.5286,,0.575774,0.575774,0.575801,0.013194,0.012505,0.012505,75.031442,1,1,0,1,23.739183,75,0,0,0
23.5486,,0.576026,0.576026,0.576053,0.012128,0.011630,0.011630,69.779253,1,1,0,1,21.223260,70,0,0,0
23.5719,,0.576275,0.576275,0.576302,0.012374,0.011883,0.011883,71.296071,1,1,0,1,20.040182,71,0,0,0
23.5968,,0.576645,0.576645,0.576591,0.015137,0.016860,0.016860,101.160993,1,1,0,1,23.361515,101,0,0,0
23.6167,,0.576889,0.576889,0.576876,0.010866,0.010746,0.010746,64.476391,1,1,0,1,24.896020,64,0,0,0
23.6415,,0.577131,0.577131,0.577203,0.011329,0.009168,0.009168,55.005922,1,1,0,1,21.186856,55,0,0,0
23.6617,,0.577433,0.577433,0.577466,0.012552,0.012314,0.012314,73.883168,1,1,0,1,23.463446,74,0,0,0
23.6881,,0.577674,0.577674,0.577648,0.012042,0.013153,0.013153,78.920225,1,1,0,1,20.228888,79,0,0,0
23.7120,,0.577976,0.577976,0.577987,0.011575,0.011077,0.011077,66.464849,1,1,0,1,26.351234,66,0,0,0
23.7384,,0.578280,0.578280,0.578295,0.012488,0.012166,0.012166,72.996566,1,1,0,1,23.890243,73,0,0,0
23.7619,,0.578648,0.578648,0.578583,0.013641,0.015490,0.015490,92.938126,1,1,0,1,26.425094,93,0,0,0
23.7816,,0.578896,0.578896,0.578876,0.011171,0.011093,0.011093,66.557475,1,1,0,1,23.504073,67,0,0,0
23.8068,,0.579210,0.579210,0.579232,0.012549,0.011769,0.011769,70.614373,1,1,0,1,24.373329,71,0,0,0
23.8266,,0.579465,0.579465,0.579465,0.012474,0.012707,0.012707,76.243725,1,1,0,1,20.479332,76,0,0,0
23.8466,,0.579659,0.579659,0.579707,0.009741,0.008387,0.008387,50.320458,1,1,0,1,21.389964,50,0,0,0
23.8668,,0.579987,0.579987,0.579960,0.014986,0.016284,0.016284,97.702595,1,1,0,1,20.104522,98,0,0,0
23.8964,,0.580321,0.580321,0.580175,0.014665,0.018428,0.018428,110.565433,1,1,0,1,22.908827,111,0,0,0
23.9181,,0.580662,0.580662,0.580593,0.013751,0.014337,0.014337,86.021727,1,1,0,1,25.240661,86,0,0,0
23.9384,,0.580940,0.580940,0.580997,0.012995,0.010705,0.010705,64.232287,1,1,0,1,21.736885,64,0,0,0
23.9630,,0.581224,0.581224,0.581281,0.013802,0.012770,0.012770,76.622149,1,1,0,1,20.219745,77,0,0,0
23.9867,,0.581585,0.581585,0.581541,0.014471,0.016158,0.016158,96.947209,1,1,0,1,24.667570,97,0,0,0
24.0070,,0.581954,0.581954,0.581859,0.015392,0.017594,0.017594,105.561323,1,1,0,1,23.654258,106,0,0,0
24.0285,,0.582256,0.582256,0.582186,0.014925,0.015910,0.015910,95.462706,1,1,0,1,20.375996,95,0,0,0
24.0532,,0.582641,0.582641,0.582577,0.017360,0.018441,0.018441,110.645566,1,1,0,1,21.432442,111,0,0,0
24.0770,,0.582955,0.582955,0.582970,0.013640,0.012688,0.012688,76.126232,1,1,0,1,24.732336,76,0,0,0
24.0968,,0.583356,0.583356,0.583390,0.016223,0.015444,0.015444,92.664077,1,1,0,1,23.757592,93,0,0,0
24.1167,,0.583683,0.583683,0.583652,0.015650,0.016871,0.016871,101.226900,1,1,0,1,21.084018,101,0,0,0
24.1236,,0.584016,0.584016,0.583987,0.016387,0.016896,0.016896,101.375087,1,1,0,1,20.084207,101,0,0,0
24.1669,,0.584440,0.584440,0.584412,0.017546,0.018036,0.018036,108.216659,1,1,0,1,23.776410,108,0,0,0
24.1919,,0.584872,0.584872,0.584833,0.017379,0.018200,0.018200,109.197161,1,1,0,1,24.943287,109,0,0,0
24.2167,,0.585313,0.585313,0.585281,0.017548,0.018054,0.018054,108.323814,1,1,0,1,25.060825,108,0,0,0
24.2419,,0.585762,0.585762,0.585794,0.018012,0.016890,0.016890,101.341164,1,1,0,1,24.776326,101,0,0,0
24.2630,,0.586219,0.586219,0.586153,0.018116,0.020171,0.020171,121.027651,1,1,0,1,25.189153,121,0,0,0
24.2817,,0.586590,0.586590,0.586529,0.017663,0.018703,0.018703,112.215619,1,1,0,1,21.136557,112,0,0,0
24.2884,,0.586966,0.586966,0.586928,0.018333,0.018749,0.018749,112.494879,1,1,0,1,20.293986,112,0,0,0
24.3385,,0.587633,0.587633,0.587450,0.026638,0.031321,0.031321,187.923386,1,1,0,1,23.244369,188,0,0,0
24.3636,,0.588021,0.588021,0.587959,0.015039,0.015306,0.015306,91.834714,1,1,0,1,31.903386,92,0,0,0
24.3884,,0.588609,0.588609,0.588772,0.021763,0.016869,0.016869,101.212589,1,1,0,1,25.105125,101,0,0,0
24.4116,,0.589006,0.589006,0.589172,0.017135,0.014125,0.014125,84.752668,1,1,0,1,24.851583,85,0,0,0
24.4335,,0.589508,0.589508,0.589588,0.020742,0.020117,0.020117,120.704801,1,1,0,1,23.174636,121,0,0,0
24.4570,,0.589913,0.589913,0.589871,0.018922,0.020906,0.020906,125.436881,1,1,0,1,21.947280,125,0,0,0
24.4781,,0.590425,0.590425,0.590366,0.021203,0.022420,0.022420,134.521058,1,1,0,1,23.497578,135,0,0,0
24.4981,,0.590838,0.590838,0.590784,0.019948,0.020868,0.020868,125.206593,1,1,0,1,21.033108,125,0,0,0
24.5218,,0.591254,0.591254,0.591292,0.020607,0.018900,0.018900,113.401746,1,1,0,1,20.029111,113,0,0,0
24.5482,,0.591778,0.591778,0.591709,0.021802,0.024039,0.024039,144.235823,1,1,0,1,23.721854,144,0,0,0
24.5715,,0.592307,0.592307,0.592235,0.020420,0.021738,0.021738,130.426924,1,1,0,1,26.353996,130,0,0,0
24.5919,,0.592733,0.592733,0.592782,0.018696,0.016677,0.016677,100.063868,1,1,0,1,23.344901,100,0,0,0
24.6165,,0.593270,0.593270,0.593249,0.024783,0.025914,0.025914,155.482880,1,1,0,1,20.416487,155,0,0,0
24.6370,,0.593812,0.593812,0.593645,0.022621,0.026934,0.026934,161.604498,1,1,0,1,24.520734,162,0,0,0
24.6630,,0.594358,0.594358,0.594288,0.025737,0.025945,0.025945,155.672477,1,1,0,1,20.581871,156,0,0,0
24.6866,,0.594797,0.594797,0.594879,0.018682,0.015925,0.015925,95.550012,1,1,0,1,25.976228,96,0,0,0
24.7068,,0.595350,0.595350,0.595463,0.022530,0.020209,0.020209,121.252107,1,1,0,1,23.533607,121,0,0,0
24.7285,,0.595795,0.595795,0.595798,0.022080,0.023209,0.023209,139.254827,1,1,0,1,20.264114,139,0,0,0
24.7534,,0.596355,0.596355,0.596309,0.025099,0.026432,0.026432,158.590206,1,1,0,1,21.664260,159,0,0,0
24.7739,,0.596806,0.596806,0.596848,0.019498,0.017963,0.017963,107.778055,1,1,0,1,24.904260,108,0,0,0
24.7995,,0.597372,0.597372,0.597378,0.025919,0.026194,0.026194,157.165028,1,1,0,1,20.560446,157,0,0,0
24.8198,,0.597827,0.597827,0.597878,0.019441,0.018132,0.018132,108.792391,1,1,0,1,25.532618,109,0,0,0
24.8399,,0.598284,0.598284,0.598357,0.021851,0.020284,0.020284,121.705991,1,1,0,1,20.343440,122,0,0,0
24.8636,,0.598742,0.598742,0.598769,0.022605,0.022632,0.022632,135.792791,1,1,0,1,20.129775,136,0,0,0
24.8888,,0.599318,0.599318,0.599264,0.023971,0.025695,0.025695,154.168110,1,1,0,1,23.679824,154,0,0,0
24.9121,,0.599896,0.599896,0.599813,0.023144,0.024892,0.024892,149.354058,1,1,0,1,25.210865,149,0,0,0
24.9381,,0.600477,0.600477,0.600429,0.024587,0.025128,0.025128,150.765042,1,1,0,1,23.269819,151,0,0,0
24.9615,,0.601060,0.601060,0.601048,0.022885,0.022787,0.022787,136.719694,1,1,0,1,25.957933,137,0,0,0
24.9833,,0.601645,0.601645,0.601647,0.024500,0.024336,0.024336,146.015278,1,1,0,1,23.486067,146,0,0,0
25.0070,,0.602114,0.602114,0.602150,0.022162,0.021151,0.021151,126.904202,1,1,0,1,21.729046,127,0,0,0
25.0270,,0.602700,0.602700,0.602710,0.024260,0.024337,0.024337,146.020914,1,1,0,1,23.674394,146,0,0,0
25.0517,,0.603170,0.603170,0.603153,0.023581,0.024168,0.024168,145.005193,1,1,0,1,20.056231,145,0,0,0
25.0767,,0.603757,0.603757,0.603739,0.023736,0.024068,0.024068,144.406046,1,1,0,1,24.686718,144,0,0,0
25.0972,,0.604343,0.604343,0.604370,0.023488,0.022609,0.022609,135.652454,1,1,0,1,25.006286,136,0,0,0
25.1182,,0.604809,0.604809,0.604845,0.022957,0.022218,0.022218,133.308711,1,1,0,1,20.447573,133,0,0,0
25.1434,,0.605390,0.605390,0.605405,0.026655,0.026595,0.026595,159.569974,1,1,0,1,21.040643,160,0,0,0
25.1665,,0.605851,0.605851,0.605877,0.019996,0.019426,0.019426,116.553961,1,1,0,1,25.153185,117,0,0,0
25.1920,,0.606422,0.606422,0.606506,0.023773,0.021721,0.021721,130.327241,1,1,0,1,23.110800,130,0,0,0
25.2181,,0.606986,0.606986,0.607017,0.022438,0.022332,0.022332,133.991451,1,1,0,1,25.522788,134,0,0,0
25.2420,,0.607542,0.607542,0.607564,0.021543,0.021235,0.021235,127.409120,1,1,0,1,26.072081,127,0,0,0
25.2668,,0.608089,0.608089,0.608075,0.022540,0.023113,0.023113,138.680888,1,1,0,1,23.983385,139,0,0,0
25.2869,,0.608624,0.608624,0.608632,0.021830,0.021512,0.021512,129.071811,1,1,0,1,24.750831,129,0,0,0
25.3066,,0.609045,0.609045,0.609092,0.021050,0.019756,0.019756,118.536437,1,1,0,1,20.163029,119,0,0,0
25.3282,,0.609458,0.609458,0.609520,0.020534,0.019256,0.019256,115.537786,1,1,0,1,20.240749,116,0,0,0
25.3485,,0.609863,0.609863,0.609917,0.019577,0.018706,0.018706,112.235643,1,1,0,1,20.955633,112,0,0,0
25.3766,,0.610359,0.610359,0.610396,0.023393,0.022915,0.022915,137.488222,1,1,0,1,20.355916,137,0,0,0
25.3983,,0.610843,0.610843,0.610869,0.018450,0.018051,0.018051,108.304284,1,1,0,1,28.106399,108,0,0,0
25.4168,,0.611221,0.611221,0.611348,0.017668,0.014356,0.014356,86.133702,1,1,0,1,21.664622,86,0,0,0
25.4435,,0.611684,0.611684,0.611752,0.021966,0.021387,0.021387,128.322238,1,1,0,1,20.086364,128,0,0,0
25.4670,,0.612046,0.612046,0.612117,0.015934,0.014635,0.014635,87.810199,1,1,0,1,25.111622,88,0,0,0
25.4918,,0.612490,0.612490,0.612564,0.018248,0.016883,0.016883,101.300117,1,1,0,1,23.553539,101,0,0,0
25.5120,,0.612923,0.612923,0.612923,0.017673,0.018327,0.018327,109.964685,1,1,0,1,24.735734,110,0,0,0
25.5366,,0.613263,0.613263,0.613294,0.016960,0.016062,0.016062,96.374051,1,1,0,1,20.259896,96,0,0,0
25.5632,,0.613680,0.613680,0.613713,0.016948,0.016322,0.016322,97.931077,1,1,0,1,24.584417,98,0,0,0
25.5835,,0.614088,0.614088,0.614145,0.015666,0.014445,0.014445,86.668911,1,1,0,1,26.576442,87,0,0,0
25.5893,,0.614408,0.614408,0.614470,0.015754,0.014572,0.014572,87.430228,1,1,0,1,20.305384,87,0,0,0
25.6266,,0.614724,0.614724,0.614769,0.015409,0.014779,0.014779,88.676203,1,1,0,1,20.593938,89,0,0,0
25.6482,,0.615035,0.615035,0.615101,0.014135,0.012750,0.012750,76.502345,1,1,0,1,22.526977,77,0,0,0
25.6716,,0.615419,0.615419,0.615411,0.017016,0.017910,0.017910,107.459853,1,1,0,1,21.634247,107,0,0,0
25.6970,,0.615798,0.615798,0.615710,0.016365,0.018696,0.018696,112.174914,1,1,0,1,23.393669,112,0,0,0
25.7165,,0.616173,0.616173,0.616183,0.015128,0.014099,0.014099,84.594425,1,1,0,1,25.336387,85,0,0,0
25.7370,,0.616472,0.616472,0.616558,0.014405,0.012050,0.012050,72.297976,1,1,0,1,20.999000,72,0,0,0
25.7587,,0.616769,0.616769,0.616851,0.014729,0.013321,0.013321,79.925756,1,1,0,1,20.097079,80,0,0,0
25.7816,,0.617067,0.617067,0.617083,0.014468,0.014867,0.014867,89.202042,1,1,0,1,20.647612,89,0,0,0
25.8018,,0.617439,0.617439,0.617414,0.015898,0.016745,0.016745,100.467719,1,1,0,1,22.887412,100,0,0,0
25.8280,,0.617737,0.617737,0.617731,0.014986,0.014892,0.014892,89.354825,1,1,0,1,20.222014,89,0,0,0
25.8531,,0.618187,0.618187,0.618148,0.016731,0.017723,0.017723,106.340142,1,1,0,1,26.208336,106,0,0,0
25.8767,,0.618489,0.618489,0.618506,0.012989,0.012205,0.012205,73.232501,1,1,0,1,25.065627,73,0,0,0
25.8984,,0.618870,0.618870,0.618919,0.015505,0.014308,0.014308,85.848484,1,1,0,1,23.602939,86,0,0,0
25.9230,,0.619178,0.619178,0.619184,0.014441,0.014761,0.014761,88.567130,1,1,0,1,21.688770,89,0,0,0
25.9468,,0.619566,0.619566,0.619536,0.015497,0.016365,0.016365,98.188486,1,1,0,1,24.624540,98,0,0,0
25.9665,,0.619958,0.619958,0.619917,0.016329,0.017181,0.017181,103.088062,1,1,0,1,23.752644,103,0,0,0
25.9919,,0.620276,0.620276,0.620264,0.014973,0.014912,0.014912,89.471375,1,1,0,1,21.719613,89,0,0,0
26.0136,,0.620679,0.620679,0.620653,0.016725,0.017316,0.017316,103.893761,1,1,0,1,23.455380,104,0,0,0
26.0332,,0.621005,0.621005,0.620976,0.015417,0.015982,0.015982,95.890907,1,1,0,1,21.628445,96,0,0,0
26.0617,,0.621419,0.621419,0.621403,0.017000,0.017176,0.017176,103.056237,1,1,0,1,23.791741,103,0,0,0
26.0830,,0.621840,0.621840,0.621810,0.017241,0.017910,0.017910,107.462121,1,1,0,1,24.315180,107,0,0,0
26.1066,,0.622181,0.622181,0.622138,0.016238,0.017159,0.017159,102.953645,1,1,0,1,21.348007,103,0,0,0
26.1282,,0.622614,0.622614,0.622568,0.017963,0.018815,0.018815,112.889008,1,1,0,1,23.527843,113,0,0,0
26.1516,,0.622965,0.622965,0.622942,0.016569,0.016753,0.016753,100.519269,1,1,0,1,21.643600,101,0,0,0
26.1734,,0.623410,0.623410,0.623371,0.018504,0.019338,0.019338,116.029529,1,1,0,1,23.433376,116,0,0,0
26.1967,,0.623771,0.623771,0.623800,0.016955,0.015739,0.015739,94.433252,1,1,0,1,21.770923,94,0,0,0
26.2220,,0.624227,0.624227,0.624190,0.019063,0.020348,0.020348,122.088974,1,1,0,1,23.307184,122,0,0,0
26.2418,,0.624690,0.624690,0.624618,0.018454,0.020068,0.020068,120.410398,1,1,0,1,25.293957,120,0,0,0
26.2636,,0.625065,0.625065,0.625001,0.017876,0.018923,0.018923,113.537123,1,1,0,1,21.134143,114,0,0,0
26.2835,,0.625443,0.625443,0.625421,0.018381,0.018344,0.018344,110.061336,1,1,0,1,20.460641,110,0,0,0
26.3086,,0.625922,0.625922,0.625858,0.020518,0.022079,0.022079,132.475203,1,1,0,1,22.741348,132,0,0,0
26.3368,,0.626407,0.626407,0.626260,0.021544,0.024993,0.024993,149.955164,1,1,0,1,22.224206,150,0,0,0
26.3616,,0.626897,0.626897,0.626933,0.018169,0.016093,0.016093,96.558800,1,1,0,1,28.277664,97,0,0,0
26.3817,,0.627392,0.627392,0.627505,0.019663,0.016947,0.016947,101.680863,1,1,0,1,24.730906,102,0,0,0
26.4042,,0.627792,0.627792,0.627864,0.019841,0.019016,0.019016,114.096389,1,1,0,1,20.126713,114,0,0,0
26.4269,,0.628196,0.628196,0.628220,0.018313,0.018332,0.018332,109.991581,1,1,0,1,22.503502,110,0,0,0
26.4519,,0.628705,0.628705,0.628674,0.021613,0.022712,0.022712,136.271238,1,1,0,1,22.678568,136,0,0,0
26.4738,,0.629115,0.629115,0.629143,0.017429,0.016400,0.016400,98.400156,1,1,0,1,25.052822,98,0,0,0
26.4932,,0.629633,0.629633,0.629625,0.022404,0.022910,0.022910,137.461864,1,1,0,1,21.877990,137,0,0,0
26.5167,,0.630155,0.630155,0.630030,0.022772,0.026124,0.026124,156.746200,1,1,0,1,22.827577,157,0,0,0
26.5421,,0.630575,0.630575,0.630512,0.021358,0.021819,0.021819,130.916223,1,1,0,1,20.029888,131,0,0,0
26.5669,,0.631105,0.631105,0.631127,0.020973,0.019856,0.019856,119.134260,1,1,0,1,25.392660,119,0,0,0
26.5869,,0.631639,0.631639,0.631686,0.021401,0.020350,0.020350,122.099234,1,1,0,1,24.832172,122,0,0,0
26.6131,,0.632177,0.632177,0.632163,0.021562,0.022362,0.022362,134.171739,1,1,0,1,24.898457,134,0,0,0
26.6380,,0.632719,0.632719,0.632614,0.024666,0.027480,0.027480,164.882792,1,1,0,1,21.293438,165,0,0,0
26.6568,,0.633155,0.633155,0.633150,0.018915,0.018111,0.018111,108.668278,1,1,0,1,24.940147,109,0,0,0
26.6819,,0.633593,0.633593,0.633721,0.021116,0.017350,0.017350,104.097573,1,1,0,1,20.200770,104,0,0,0
26.7080,,0.634143,0.634143,0.634186,0.022842,0.022862,0.022862,137.174777,1,1,0,1,23.627157,137,0,0,0
26.7267,,0.634695,0.634695,0.634627,0.021474,0.023655,0.023655,141.932608,1,1,0,1,26.163794,142,0,0,0
26.7568,,0.635140,0.635140,0.635179,0.019183,0.017473,0.017473,104.839117,1,1,0,1,23.877434,105,0,0,0
26.7768,,0.635698,0.635698,0.635759,0.021771,0.020467,0.020467,122.802637,1,1,0,1,24.891511,123,0,0,0
26.7982,,0.636258,0.636258,0.636107,0.026757,0.031809,0.031809,190.856315,1,1,0,1,20.016558,191,0,0,0
26.8170,,0.636708,0.636708,0.636564,0.022154,0.024674,0.024674,148.046226,1,1,0,1,21.427526,148,0,0,0
26.8469,,0.637273,0.637273,0.637258,0.023439,0.022502,0.022502,135.009517,1,1,0,1,23.748193,135,0,0,0
26.8666,,0.637726,0.637726,0.637844,0.019243,0.015953,0.015953,95.718752,1,1,0,1,24.903025,96,0,0,0
26.8931,,0.638407,0.638407,0.638313,0.029627,0.033545,0.032876,197.253685,1,1,0,1,21.153111,197,0,0,0
26.9216,,0.638977,0.638977,0.638720,0.024126,0.030179,0.030179,181.074887,1,1,0,1,25.053368,181,0,0,0
26.9431,,0.639549,0.639549,0.639491,0.020884,0.020400,0.020400,122.401656,1,1,0,1,28.489304,122,0,0,0
26.9667,,0.640123,0.640123,0.640238,0.025520,0.021678,0.021678,130.066619,1,1,0,1,21.506623,130,0,0,0
26.9867,,0.640583,0.640583,0.640664,0.020696,0.019553,0.019553,117.320818,1,1,0,1,23.598540,117,0,0,0
27.0168,,0.641159,0.641159,0.641227,0.025583,0.024499,0.024499,146.992102,1,1,0,1,21.501427,147,0,0,0
27.0438,,0.641853,0.641853,0.641712,0.024464,0.028580,0.028580,171.479186,1,1,0,1,28.665303,171,0,0,0
27.0718,,0.642316,0.642316,0.642383,0.018653,0.015756,0.015756,94.538038,1,1,0,1,26.936667,95,0,0,0
27.0928,,0.642780,0.642780,0.643144,0.016954,0.008079,0.008079,48.476920,1,1,0,1,28.070288,48,0,0,0
27.1175,,0.643244,0.643244,0.643534,0.021155,0.016707,0.016707,100.240391,1,1,0,1,20.910928,100,0,0,0
27.1473,,0.643826,0.643826,0.643749,0.023015,0.027654,0.027654,165.923395,1,1,0,1,24.767068,166,0,0,0
27.1712,,0.644408,0.644408,0.644225,0.020252,0.024339,0.024339,146.032291,1,1,0,1,29.784900,146,0,0,0
27.1946,,0.644992,0.644992,0.644852,0.023588,0.025714,0.025714,154.283210,1,1,0,1,23.899112,154,0,0,0
27.2172,,0.645459,0.645459,0.645411,0.020700,0.020716,0.020716,124.293746,1,1,0,1,23.395472,124,0,0,0
27.2418,,0.646044,0.646044,0.645999,0.024853,0.025650,0.025650,153.898678,1,1,0,1,22.599478,154,0,0,0
27.2639,,0.646630,0.646630,0.646501,0.024035,0.027120,0.027120,162.720983,1,1,0,1,24.583903,163,0,0,0
27.2847,,0.647217,0.647217,0.647096,0.026020,0.028129,0.028129,168.773595,1,1,0,1,22.132341,169,0,0,0
27.3052,,0.647687,0.647687,0.647642,0.023271,0.023279,0.023279,139.675014,1,1,0,1,20.810592,140,0,0,0
27.3238,,0.648158,0.648158,0.648236,0.023013,0.020274,0.020274,121.641444,1,1,0,1,20.494086,122,0,0,0
27.3486,,0.648746,0.648746,0.648760,0.027948,0.028398,0.028398,170.390569,1,1,0,1,20.154740,170,0,0,0
27.3746,,0.649334,0.649334,0.649304,0.025905,0.026876,0.026876,161.254682,1,1,0,1,23.173514,161,0,0,0
27.3978,,0.649805,0.649805,0.649899,0.019637,0.016893,0.016893,101.360807,1,1,0,1,26.057642,101,0,0,0
27.4201,,0.650393,0.650393,0.650487,0.024248,0.022566,0.022566,135.398699,1,1,0,1,23.166970,135,0,0,0
27.4451,,0.650864,0.650864,0.650907,0.021741,0.021460,0.021460,128.761752,1,1,0,1,22.283172,129,0,0,0
27.4697,,0.651569,0.651569,0.651543,0.026931,0.028029,0.028029,168.176358,1,1,0,1,24.993103,168,0,0,0
27.4901,,0.652039,0.652039,0.651974,0.020632,0.022141,0.022141,132.844926,1,1,0,1,24.661268,133,0,0,0
27.5099,,0.652509,0.652509,0.652527,0.022583,0.021379,0.021379,128.271496,1,1,0,1,20.358952,128,0,0,0
27.5329,,0.652978,0.652978,0.652998,0.023127,0.022743,0.022743,136.457637,1,1,0,1,20.174402,136,0,0,0
27.5551,,0.653564,0.653564,0.653473,0.025315,0.028028,0.028028,168.165182,1,1,0,1,22.654620,168,0,0,0
27.5747,,0.654032,0.654032,0.653975,0.021954,0.022653,0.022653,135.918163,1,1,0,1,22.171484,136,0,0,0
27.6005,,0.654617,0.654617,0.654630,0.024634,0.023730,0.023730,142.380839,1,1,0,1,23.087894,142,0,0,0
27.6236,,0.655199,0.655199,0.655193,0.025774,0.026071,0.026071,156.426381,1,1,0,1,22.364572,156,0,0,0
27.6447,,0.655664,0.655664,0.655695,0.021292,0.020393,0.020393,122.359896,1,1,0,1,23.054360,122,0,0,0
27.6634,,0.656129,0.656129,0.656218,0.021818,0.019585,0.019585,117.509472,1,1,0,1,21.146285,118,0,0,0
27.6847,,0.656591,0.656591,0.656634,0.022799,0.022543,0.022543,135.257849,1,1,0,1,20.084749,135,0,0,0
27.7086,,0.657053,0.657053,0.657024,0.022891,0.024198,0.024198,145.188900,1,1,0,1,20.147489,145,0,0,0
27.7298,,0.657514,0.657514,0.657598,0.020201,0.017638,0.017638,105.826118,1,1,0,1,23.580723,106,0,0,0
27.7497,,0.658087,0.658087,0.658082,0.025605,0.026623,0.026623,159.737888,1,1,0,1,21.282566,160,0,0,0
27.7748,,0.658659,0.658659,0.658534,0.027892,0.031448,0.031448,188.688536,1,1,0,1,20.085774,189,0,0,0
27.7953,,0.659115,0.659115,0.659082,0.020227,0.020006,0.020006,120.038024,1,1,0,1,24.904937,120,0,0,0
27.8198,,0.659570,0.659570,0.659827,0.021839,0.014092,0.014092,84.550268,1,1,0,1,20.448089,85,0,0,0
27.8451,,0.660250,0.660250,0.660272,0.026520,0.028207,0.028207,169.241847,1,1,0,1,24.546123,169,0,0,0
27.8679,,0.660701,0.660701,0.660696,0.019609,0.019941,0.019941,119.643163,1,1,0,1,25.251465,120,0,0,0
27.8899,,0.661264,0.661264,0.661213,0.023608,0.024965,0.024965,149.788311,1,1,0,1,22.856406,150,0,0,0
27.9097,,0.661712,0.661712,0.661637,0.021022,0.022589,0.022589,135.531014,1,1,0,1,21.992106,136,0,0,0
27.9352,,0.662269,0.662269,0.662246,0.026345,0.026203,0.026203,157.219846,1,1,0,1,20.138986,157,0,0,0
27.9550,,0.662712,0.662712,0.662700,0.019404,0.019535,0.019535,117.207783,1,1,0,1,25.096116,117,0,0,0
27.9799,,0.663263,0.663263,0.663294,0.023184,0.022214,0.022214,133.282775,1,1,0,1,22.824566,133,0,0,0
28.0034,,0.663700,0.663700,0.663799,0.020636,0.018184,0.018184,109.103563,1,1,0,1,21.868397,109,0,0,0
28.0235,,0.664243,0.664243,0.664306,0.022558,0.021739,0.021739,130.434288,1,1,0,1,23.534500,130,0,0,0
28.0453,,0.664672,0.664672,0.664647,0.021638,0.023069,0.023069,138.414778,1,1,0,1,20.074025,138,0,0,0
28.0702,,0.665204,0.665204,0.665196,0.021034,0.021037,0.021037,126.221284,1,1,0,1,25.449071,126,0,0,0
28.0895,,0.665624,0.665624,0.665655,0.020010,0.019035,0.019035,114.211991,1,1,0,1,21.268346,114,0,0,0
28.1133,,0.666039,0.666039,0.666151,0.018325,0.015547,0.015547,93.279538,1,1,0,1,23.191867,93,0,0,0
28.1348,,0.666551,0.666551,0.666563,0.022641,0.023454,0.023454,140.722265,1,1,0,1,21.569504,141,0,0,0
28.1549,,0.666954,0.666954,0.666868,0.020553,0.023172,0.023172,139.029058,1,1,0,1,20.121111,139,0,0,0
28.1800,,0.667351,0.667351,0.667311,0.019762,0.020003,0.020003,120.015941,1,1,0,1,20.308823,120,0,0,0
28.2039,,0.667840,0.667840,0.667955,0.019833,0.016362,0.016362,98.170505,1,1,0,1,24.602917,98,0,0,0
28.2247,,0.668319,0.668319,0.668372,0.020001,0.019612,0.019612,117.672693,1,1,0,1,23.897296,118,0,0,0
28.2449,,0.668601,0.668601,0.668695,0.014839,0.012717,0.012717,76.303359,1,1,0,1,20.877541,76,0,0,0
28.2636,,0.668973,0.668973,0.669084,0.017744,0.015558,0.015558,93.346839,1,1,0,1,20.126361,93,0,0,0
28.2901,,0.669520,0.669520,0.669433,0.022514,0.025958,0.025958,155.748284,1,1,0,1,23.045370,156,0,0,0
28.3142,,0.669876,0.669876,0.669845,0.017351,0.017371,0.017371,104.227509,1,1,0,1,22.212400,104,0,0,0
28.3385,,0.670314,0.670314,0.670348,0.018015,0.016813,0.016813,100.877232,1,1,0,1,24.078200,101,0,0,0
28.3605,,0.670743,0.670743,0.670799,0.017723,0.016515,0.016515,99.092590,1,1,0,1,24.299346,99,0,0,0
28.3847,,0.671163,0.671163,0.671195,0.018857,0.018532,0.018532,111.194424,1,1,0,1,21.959484,111,0,0,0
28.4049,,0.671494,0.671494,0.671546,0.014658,0.013521,0.013521,81.128288,1,1,0,1,24.271956,81,0,0,0
28.4248,,0.671819,0.671819,0.671917,0.015851,0.013585,0.013585,81.512049,1,1,0,1,20.137875,82,0,0,0
28.4496,,0.672218,0.672218,0.672246,0.018947,0.019226,0.019226,115.353159,1,1,0,1,20.263455,115,0,0,0
28.4747,,0.672610,0.672610,0.672534,0.016590,0.018888,0.018888,113.326099,1,1,0,1,24.509182,113,0,0,0
28.4988,,0.672919,0.672919,0.672997,0.013181,0.010442,0.010442,62.651189,1,1,0,1,25.040876,63,0,0,0
28.5198,,0.673299,0.673299,0.673450,0.015212,0.011826,0.011826,70.957933,1,1,0,1,24.154189,71,0,0,0
28.5396,,0.673598,0.673598,0.673658,0.014450,0.014327,0.014327,85.963386,1,1,0,1,20.969179,86,0,0,0
28.5597,,0.673893,0.673893,0.673902,0.014657,0.015061,0.015061,90.366042,1,1,0,1,20.064851,90,0,0,0
28.5836,,0.674257,0.674257,0.674190,0.017400,0.019428,0.019428,116.568494,1,1,0,1,20.123658,117,0,0,0
28.6052,,0.674544,0.674544,0.674553,0.013231,0.012369,0.012369,74.213395,1,1,0,1,23.576751,74,0,0,0
28.6247,,0.674829,0.674829,0.674953,0.013168,0.009763,0.009763,58.580289,1,1,0,1,21.610508,59,0,0,0
28.6497,,0.675180,0.675180,0.675267,0.014610,0.013374,0.013374,80.241510,1,1,0,1,23.445809,80,0,0,0
28.6685,,0.675457,0.675457,0.675465,0.013455,0.014149,0.014149,84.893079,1,1,0,1,21.072174,85,0,0,0
28.6887,,0.675663,0.675663,0.675732,0.010904,0.009014,0.009014,54.081947,1,1,0,1,20.086094,54,0,0,0
28.7146,,0.676003,0.676003,0.676017,0.015643,0.015997,0.015997,95.980674,1,1,0,1,20.216583,96,0,0,0
28.7386,,0.676340,0.676340,0.676249,0.014040,0.016611,0.016611,99.666081,1,1,0,1,24.643053,100,0,0,0
28.7585,,0.676672,0.676672,0.676640,0.013885,0.013924,0.013924,83.546598,1,1,0,1,23.994251,84,0,0,0
28.7785,,0.676935,0.676935,0.676969,0.012727,0.011424,0.011424,68.541589,1,1,0,1,21.159224,69,0,0,0
28.7850,,0.677196,0.677196,0.677257,0.012924,0.011537,0.011537,69.223567,1,1,0,1,20.108327,69,0,0,0
28.8284,,0.677519,0.677519,0.677522,0.013578,0.014055,0.014055,84.329660,1,1,0,1,23.500603,84,0,0,0
28.8488,,0.677838,0.677838,0.677817,0.012930,0.013525,0.013525,81.148556,1,1,0,1,25.039091,81,0,0,0
28.8685,,0.678029,0.678029,0.678114,0.010078,0.007393,0.007393,44.357326,1,1,0,1,20.327106,44,0,0,0
28.8886,,0.678344,0.678344,0.678385,0.014089,0.013800,0.013800,82.798041,1,1,0,1,20.868042,83,0,0,0
28.9092,,0.678531,0.678531,0.678540,0.010260,0.010470,0.010470,62.820948,1,1,0,1,20.176615,63,0,0,0
28.9304,,0.678842,0.678842,0.678810,0.014311,0.015350,0.015350,92.097034,1,1,0,1,20.286910,92,0,0,0
28.9514,,0.679090,0.679090,0.679017,0.012596,0.014337,0.014337,86.023617,1,1,0,1,20.333803,86,0,0,0
28.9738,,0.679336,0.679336,0.679336,0.011897,0.011140,0.011140,66.842021,1,1,0,1,21.015983,67,0,0,0
28.9947,,0.679582,0.679582,0.679650,0.011182,0.009286,0.009286,55.718758,1,1,0,1,22.323867,56,0,0,0
29.0152,,0.679827,0.679827,0.679885,0.011595,0.010662,0.010662,63.970944,1,1,0,1,20.966601,64,0,0,0
29.0398,,0.680134,0.680134,0.680110,0.014338,0.015629,0.015629,93.775064,1,1,0,1,20.409882,94,0,0,0
29.0598,,0.680379,0.680379,0.680339,0.010839,0.011721,0.011721,70.326773,1,1,0,1,24.645039,70,0,0,0
29.0798,,0.680625,0.680625,0.680641,0.012008,0.011108,0.011108,66.650187,1,1,0,1,20.021621,67,0,0,0
29.1082,,0.680935,0.680935,0.680917,0.014634,0.015323,0.015323,91.936967,1,1,0,1,20.247267,92,0,0,0
29.1331,,0.681247,0.681247,0.681209,0.011802,0.012653,0.012653,75.920701,1,1,0,1,28.143698,76,0,0,0
29.1534,,0.681563,0.681563,0.681578,0.012495,0.011738,0.011738,70.426885,1,1,0,1,24.908783,70,0,0,0
29.1786,,0.681818,0.681818,0.681831,0.012560,0.012371,0.012371,74.223117,1,1,0,1,20.301665,74,0,0,0
29.2036,,0.682141,0.682141,0.682123,0.012774,0.013363,0.013363,80.179068,1,1,0,1,25.179403,80,0,0,0
29.2248,,0.682469,0.682469,0.682441,0.013030,0.013614,0.013614,81.684487,1,1,0,1,25.042290,82,0,0,0
29.2484,,0.682735,0.682735,0.682719,0.012638,0.012804,0.012804,76.826575,1,1,0,1,21.186338,77,0,0,0
29.2684,,0.683072,0.683072,0.683051,0.013949,0.014361,0.014361,86.164583,1,1,0,1,23.604782,86,0,0,0
29.2887,,0.683346,0.683346,0.683309,0.013120,0.013954,0.013954,83.721955,1,1,0,1,21.209101,84,0,0,0
29.3085,,0.683554,0.683554,0.683598,0.010765,0.009079,0.009079,54.474097,1,1,0,1,20.430530,54,0,0,0
29.3347,,0.683977,0.683977,0.683914,0.017008,0.019178,0.019178,115.066562,1,1,0,1,22.780139,115,0,0,0
29.3594,,0.684264,0.684264,0.684108,0.013915,0.017672,0.017672,106.032584,1,1,0,1,21.870198,106,0,0,0
29.3838,,0.684631,0.684631,0.684557,0.014657,0.015242,0.015242,91.450060,1,1,0,1,24.719943,91,0,0,0
29.4051,,0.684931,0.684931,0.684983,0.012784,0.010708,0.010708,64.248415,1,1,0,1,24.352434,64,0,0,0
29.4268,,0.685236,0.685236,0.685280,0.013983,0.013255,0.013255,79.529771,1,1,0,1,21.351287,80,0,0,0
29.4502,,0.685545,0.685545,0.685510,0.014229,0.015664,0.015664,93.985634,1,1,0,1,21.658914,94,0,0,0
29.4701,,0.685859,0.685859,0.685840,0.013566,0.013761,0.013761,82.566432,1,1,0,1,23.433944,83,0,0,0
29.4985,,0.686339,0.686339,0.686209,0.021000,0.024500,0.024500,147.002899,1,1,0,1,20.980945,147,0,0,0
29.5196,,0.686746,0.686746,0.686548,0.016148,0.020265,0.020265,121.592734,1,1,0,1,27.282391,122,0,0,0
29.5401,,0.687066,0.687066,0.687024,0.015328,0.014449,0.014449,86.691105,1,1,0,1,21.119977,87,0,0,0
29.5600,,0.687375,0.687375,0.687458,0.015177,0.012341,0.012341,74.043231,1,1,0,1,20.420858,74,0,0,0
29.5790,,0.687604,0.687604,0.687739,0.012186,0.009200,0.009200,55.201855,1,1,0,1,20.062558,55,0,0,0
29.6085,,0.688075,0.688075,0.688018,0.018629,0.021453,0.021453,128.719433,1,1,0,1,23.241941,129,0,0,0
29.6335,,0.688477,0.688477,0.688253,0.016523,0.022005,0.022005,132.028779,1,1,0,1,25.123594,132,0,0,0
29.6542,,0.688888,0.688888,0.688749,0.016433,0.018201,0.018201,109.208805,1,1,0,1,25.055036,109,0,0,0
29.6800,,0.689224,0.689224,0.689229,0.016282,0.014639,0.014639,87.836060,1,1,0,1,20.678596,88,0,0,0
29.6989,,0.689653,0.689653,0.689651,0.016583,0.016688,0.016688,100.125924,1,1,0,1,25.765432,100,0,0,0
29.7286,,0.690093,0.690093,0.690030,0.018094,0.019790,0.019790,118.739666,1,1,0,1,23.846232,119,0,0,0
29.7539,,0.690545,0.690545,0.690440,0.018219,0.020482,0.020482,122.894818,1,1,0,1,24.728330,123,0,0,0
29.7754,,0.690913,0.690913,0.690959,0.015259,0.013132,0.013132,78.793269,1,1,0,1,25.368596,79,0,0,0
29.8001,,0.691477,0.691477,0.691442,0.024092,0.025551,0.025551,153.306554,1,1,0,1,21.433321,153,0,0,0
29.8252,,0.691859,0.691859,0.691737,0.017164,0.020132,0.020132,120.789613,1,1,0,1,24.784517,121,0,0,0
29.8450,,0.692344,0.692344,0.692275,0.018929,0.019714,0.019714,118.281180,1,1,0,1,25.042664,118,0,0,0
29.8739,,0.692837,0.692837,0.692761,0.023354,0.024809,0.024809,148.852650,1,1,0,1,20.143533,149,0,0,0
29.8986,,0.693438,0.693438,0.693257,0.021505,0.025569,0.025569,153.413883,1,1,0,1,28.546453,153,0,0,0
29.9188,,0.693742,0.693742,0.693884,0.014158,0.008720,0.008720,52.321829,1,1,0,1,24.675043,52,0,0,0
29.9387,,0.694254,0.694254,0.694444,0.023057,0.019109,0.019109,114.656137,1,1,0,1,20.252036,115,0,0,0
29.9636,,0.694668,0.694668,0.694768,0.020142,0.019271,0.019271,115.627535,1,1,0,1,21.329601,116,0,0,0
29.9835,,0.695191,0.695191,0.695211,0.021887,0.022280,0.022280,133.679347,1,1,0,1,23.429110,134,0,0,0
30.0137,,0.695613,0.695613,0.695693,0.017936,0.015977,0.015977,95.863937,1,1,0,1,24.921834,96,0,0,0
30.0351,,0.696146,0.696146,0.696249,0.020504,0.018450,0.018450,110.702961,1,1,0,1,25.199775,111,0,0,0
30.0641,,0.696684,0.696684,0.696606,0.024184,0.027442,0.027442,164.650569,1,1,0,1,21.441778,165,0,0,0
30.0851,,0.697337,0.697337,0.697163,0.022843,0.026691,0.026691,160.146793,1,1,0,1,28.984534,160,0,0,0
30.1102,,0.697885,0.697885,0.697710,0.025449,0.028634,0.028634,171.804202,1,1,0,1,21.012676,172,0,0,0
30.1335,,0.698327,0.698327,0.698411,0.019180,0.015384,0.015384,92.302108,1,1,0,1,25.075005,92,0,0,0
30.1552,,0.698882,0.698882,0.699070,0.022868,0.018523,0.018523,111.135148,1,1,0,1,23.341787,111,0,0,0
30.1804,,0.699329,0.699329,0.699513,0.021045,0.017751,0.017751,106.503778,1,1,0,1,21.699277,107,0,0,0
30.2057,,0.700003,0.700003,0.700059,0.025684,0.025801,0.025801,154.808671,1,1,0,1,25.124172,155,0,0,0
30.2291,,0.700456,0.700456,0.700416,0.019419,0.020949,0.020949,125.695916,1,1,0,1,25.330479,126,0,0,0
30.2487,,0.701023,0.701023,0.701016,0.023309,0.023146,0.023146,138.873812,1,1,0,1,23.380961,139,0,0,0
30.2739,,0.701479,0.701479,0.701460,0.021535,0.022005,0.022005,132.031095,1,1,0,1,21.622057,132,0,0,0
30.2951,,0.702051,0.702051,0.701990,0.024047,0.025556,0.025556,153.338402,1,1,0,1,23.186662,153,0,0,0
30.3158,,0.702511,0.702511,0.702434,0.022112,0.023660,0.023660,141.957318,1,1,0,1,21.234608,142,0,0,0
30.3401,,0.703086,0.703086,0.703082,0.026736,0.026042,0.026042,156.251004,1,1,0,1,20.641024,156,0,0,0
30.3701,,0.703664,0.703664,0.703635,0.024291,0.025014,0.025014,150.081621,1,1,0,1,24.379630,150,0,0,0
30.3888,,0.704242,0.704242,0.704341,0.020321,0.017610,0.017610,105.662648,1,1,0,1,29.931295,106,0,0,0
30.4138,,0.704706,0.704706,0.704899,0.019841,0.015492,0.015492,92.952509,1,1,0,1,23.506794,93,0,0,0
30.4352,,0.705286,0.705286,0.705247,0.026958,0.030199,0.030199,181.191136,1,1,0,1,20.188024,181,0,0,0
30.4539,,0.705634,0.705634,0.705573,0.018411,0.019738,0.019738,118.429016,1,1,0,1,21.404992,118,0,0,0
30.4738,,0.706215,0.706215,0.706070,0.026789,0.030325,0.030325,181.952810,1,1,0,1,20.112611,182,0,0,0
30.4938,,0.706680,0.706680,0.706493,0.023852,0.027680,0.027680,166.077228,1,1,0,1,20.113153,166,0,0,0
30.5200,,0.707262,0.707262,0.707130,0.024880,0.026731,0.026731,160.387481,1,1,0,1,23.131030,160,0,0,0
30.5402,,0.707727,0.707727,0.707740,0.022273,0.020557,0.020557,123.342318,1,1,0,1,21.507182,123,0,0,0
30.5604,,0.708075,0.708075,0.708272,0.018261,0.012732,0.012732,76.390361,1,1,0,1,20.211162,76,0,0,0
30.5806,,0.708656,0.708656,0.708685,0.026679,0.028004,0.028004,168.022554,1,1,0,1,20.182291,168,0,0,0
30.6001,,0.709121,0.709121,0.708950,0.023794,0.029059,0.029059,174.351888,1,1,0,1,20.129137,174,0,0,0
30.6252,,0.709701,0.709701,0.709511,0.024337,0.027933,0.027933,167.597717,1,1,0,1,23.715005,168,0,0,0
30.6504,,0.710281,0.710281,0.710181,0.027045,0.027909,0.027909,167.455429,1,1,0,1,20.925532,167,0,0,0
30.6743,,0.710745,0.710745,0.710795,0.020132,0.017907,0.017907,107.440420,1,1,0,1,25.180315,107,0,0,0
30.6956,,0.711323,0.711323,0.711455,0.023381,0.020269,0.020269,121.613177,1,1,0,1,23.914734,122,0,0,0
30.7185,,0.711901,0.711901,0.711912,0.026358,0.027402,0.027402,164.413929,1,1,0,1,21.324401,164,0,0,0
30.7435,,0.712363,0.712363,0.712366,0.021426,0.021448,0.021448,128.688678,1,1,0,1,22.859427,129,0,0,0
30.7691,,0.712939,0.712939,0.712999,0.022696,0.021111,0.021111,126.663674,1,1,0,1,25.034200,127,0,0,0
30.7900,,0.713514,0.713514,0.713533,0.022523,0.022532,0.022532,135.192128,1,1,0,1,25.579478,135,0,0,0
30.8091,,0.713858,0.713858,0.713958,0.017674,0.015025,0.015025,90.149426,1,1,0,1,20.924462,90,0,0,0
30.8350,,0.714546,0.714546,0.714429,0.030508,0.034969,0.031342,188.051748,1,1,0,1,20.396317,188,0,0,0
30.8556,,0.715004,0.715004,0.714815,0.020906,0.024936,0.024936,149.618925,1,1,0,1,24.725818,150,0,0,0
30.8787,,0.715461,0.715461,0.715300,0.022035,0.024611,0.024611,147.667123,1,1,0,1,20.476507,148,0,0,0
30.9002,,0.716031,0.716031,0.715932,0.024131,0.025345,0.025345,152.068374,1,1,0,1,23.141925,152,0,0,0
30.9237,,0.716487,0.716487,0.716429,0.021791,0.022413,0.022413,134.480138,1,1,0,1,21.482297,134,0,0,0
30.9480,,0.717056,0.717056,0.717001,0.023742,0.024705,0.024705,148.227049,1,1,0,1,23.475944,148,0,0,0
30.9702,,0.717624,0.717624,0.717592,0.023490,0.023832,0.023832,142.992743,1,1,0,1,24.245271,143,0,0,0
30.9941,,0.718077,0.718077,0.718113,0.021024,0.019728,0.019728,118.369753,1,1,0,1,22.232988,118,0,0,0
31.0199,,0.718644,0.718644,0.718692,0.023137,0.022167,0.022167,132.999491,1,1,0,1,23.943666,133,0,0,0
31.0400,,0.719096,0.719096,0.719159,0.018644,0.017375,0.017375,104.252032,1,1,0,1,25.822322,104,0,0,0
31.0601,,0.719548,0.719548,0.719605,0.021767,0.020825,0.020825,124.951034,1,1,0,1,20.038972,125,0,0,0
31.0840,,0.720112,0.720112,0.719978,0.026815,0.031308,0.031308,187.849463,1,1,0,1,20.085623,188,0,0,0
31.1052,,0.720675,0.720675,0.720468,0.024193,0.028587,0.028587,171.519086,1,1,0,1,23.922597,172,0,0,0
31.1336,,0.721237,0.721237,0.721206,0.026062,0.024789,0.024789,148.732067,1,1,0,1,21.182810,149,0,0,0
31.1552,,0.721798,0.721798,0.721925,0.020997,0.017476,0.017476,104.858128,1,1,0,1,28.421731,105,0,0,0
31.1736,,0.722245,0.722245,0.722475,0.020814,0.015651,0.015651,93.906623,1,1,0,1,21.549718,94,0,0,0
31.1986,,0.722692,0.722692,0.722832,0.021895,0.020337,0.020337,122.024675,1,1,0,1,20.139461,122,0,0,0
31.2186,,0.723248,0.723248,0.723183,0.023442,0.026553,0.026553,159.318937,1,1,0,1,23.348660,159,0,0,0
31.2402,,0.723692,0.723692,0.723608,0.021257,0.022951,0.022951,137.704071,1,1,0,1,21.429701,138,0,0,0
31.2652,,0.724245,0.724245,0.724156,0.026273,0.027936,0.027936,167.615578,1,1,0,1,20.093316,168,0,0,0
31.2854,,0.724686,0.724686,0.724731,0.019329,0.017351,0.017351,104.103738,1,1,0,1,25.074359,104,0,0,0
31.3104,,0.725236,0.725236,0.725284,0.025661,0.024756,0.024756,148.537566,1,1,0,1,20.173174,149,0,0,0
31.3353,,0.725783,0.725783,0.725771,0.022661,0.023425,0.023425,140.548952,1,1,0,1,24.992332,141,0,0,0
31.3551,,0.726220,0.726220,0.726367,0.018565,0.014506,0.014506,87.033182,1,1,0,1,24.886716,87,0,0,0
31.3785,,0.726764,0.726764,0.726894,0.025331,0.023160,0.023160,138.962516,1,1,0,1,20.116539,139,0,0,0
31.4000,,0.727197,0.727197,0.727193,0.020096,0.021436,0.021436,128.616232,1,1,0,1,23.061503,129,0,0,0
31.4230,,0.727521,0.727521,0.727642,0.016056,0.012593,0.012593,75.558730,1,1,0,1,21.538217,76,0,0,0
31.4489,,0.728167,0.728167,0.728157,0.025723,0.027157,0.027157,162.943254,1,1,0,1,22.954946,163,0,0,0
31.4700,,0.728703,0.728703,0.728504,0.021665,0.026839,0.026839,161.034979,1,1,0,1,25.959391,161,0,0,0
31.4903,,0.729130,0.729130,0.728982,0.020560,0.022704,0.022704,136.222272,1,1,0,1,21.076714,136,0,0,0
31.5134,,0.729557,0.729557,0.729547,0.020881,0.019559,0.019559,117.354463,1,1,0,1,20.339035,117,0,0,0
31.5334,,0.730087,0.730087,0.730097,0.022573,0.022221,0.022221,133.325178,1,1,0,1,23.075291,133,0,0,0
31.5550,,0.730509,0.730509,0.730490,0.019746,0.020372,0.020372,122.232930,1,1,0,1,22.160583,122,0,0,0
31.5880,,0.731033,0.731033,0.730989,0.022458,0.023507,0.023507,141.040415,1,1,0,1,22.637727,141,0,0,0
31.6108,,0.731656,0.731656,0.731622,0.021193,0.021740,0.021740,130.439543,1,1,0,1,29.836378,130,0,0,0
31.6358,,0.732170,0.732170,0.732228,0.022291,0.020359,0.020359,122.152297,1,1,0,1,22.771771,122,0,0,0
31.6552,,0.732578,0.732578,0.732679,0.017525,0.015314,0.015314,91.883954,1,1,0,1,24.974973,92,0,0,0
31.6856,,0.733083,0.733083,0.733146,0.023404,0.022688,0.022688,136.127122,1,1,0,1,20.301912,136,0,0,0
31.7084,,0.733582,0.733582,0.733544,0.018232,0.019662,0.019662,117.974629,1,1,0,1,29.459268,118,0,0,0
31.7300,,0.734074,0.734074,0.734080,0.020857,0.020336,0.020336,122.013426,1,1,0,1,22.885971,122,0,0,0
31.7501,,0.734463,0.734463,0.734475,0.018602,0.018317,0.018317,109.899808,1,1,0,1,21.539135,110,0,0,0
31.7750,,0.734846,0.734846,0.734857,0.018967,0.018780,0.018780,112.679488,1,1,0,1,20.130247,113,0,0,0
31.7804,,0.735319,0.735319,0.735329,0.018977,0.018794,0.018794,112.766672,1,1,0,1,24.890365,113,0,0,0
31.8156,,0.735691,0.735691,0.735709,0.018584,0.018175,0.018175,109.049221,1,1,0,1,20.120781,109,0,0,0
31.8402,,0.736148,0.736148,0.736087,0.021621,0.023588,0.023588,141.526382,1,1,0,1,20.441361,142,0,0,0
31.8600,,0.736508,0.736508,0.736544,0.016022,0.014518,0.014518,87.109129,1,1,0,1,24.620683,87,0,0,0
31.8856,,0.736951,0.736951,0.737068,0.018392,0.015508,0.015508,93.047846,1,1,0,1,23.306616,93,0,0,0
31.9038,,0.737212,0.737212,0.737407,0.013135,0.008870,0.008870,53.219165,1,1,0,1,22.122816,53,0,0,0
31.9254,,0.737642,0.737642,0.737712,0.019732,0.019840,0.019840,119.038831,1,1,0,1,20.099723,119,0,0,0
31.9504,,0.738064,0.738064,0.737929,0.018598,0.022992,0.022992,137.949198,1,1,0,1,23.047882,138,0,0,0
31.9736,,0.738479,0.738479,0.738397,0.019041,0.019956,0.019956,119.735080,1,1,0,1,21.651858,120,0,0,0
31.9995,,0.738805,0.738805,0.738880,0.015046,0.012211,0.012211,73.266620,1,1,0,1,23.220370,73,0,0,0
32.0223,,0.739206,0.739206,0.739386,0.015386,0.011237,0.011237,67.423296,1,1,0,1,25.901015,67,0,0,0
32.0456,,0.739599,0.739599,0.739668,0.016869,0.016710,0.016710,100.258158,1,1,0,1,22.818062,100,0,0,0
32.0736,,0.739909,0.739909,0.739893,0.014021,0.015091,0.015091,90.547047,1,1,0,1,23.267582,91,0,0,0
32.0952,,0.740366,0.740366,0.740375,0.015861,0.015496,0.015496,92.977336,1,1,0,1,28.010336,93,0,0,0
32.1184,,0.740666,0.740666,0.740675,0.014322,0.014177,0.014177,85.062767,1,1,0,1,21.539233,85,0,0,0
32.1387,,0.741037,0.741037,0.741038,0.015611,0.015655,0.015655,93.928426,1,1,0,1,23.270346,94,0,0,0
32.1635,,0.741330,0.741330,0.741387,0.014698,0.013087,0.013087,78.521879,1,1,0,1,20.282599,79,0,0,0
32.1835,,0.741693,0.741693,0.741715,0.014660,0.014569,0.014569,87.413250,1,1,0,1,24.785709,87,0,0,0
32.2182,,0.742053,0.742053,0.742036,0.016132,0.016821,0.016821,100.925247,1,1,0,1,21.783486,101,0,0,0
32.2384,,0.742480,0.742480,0.742495,0.013602,0.013108,0.013108,78.648161,1,1,0,1,32.936056,79,0,0,0
32.2686,,0.742833,0.742833,0.742844,0.016746,0.016590,0.016590,99.539958,1,1,0,1,20.138646,100,0,0,0
32.2935,,0.743184,0.743184,0.743245,0.012651,0.011208,0.011208,67.245261,1,1,0,1,30.215298,67,0,0,0
32.3136,,0.743534,0.743534,0.743665,0.013772,0.010804,0.010804,64.826696,1,1,0,1,24.908048,65,0,0,0
32.3349,,0.743744,0.743744,0.743887,0.011080,0.008359,0.008359,50.151493,1,1,0,1,20.129322,50,0,0,0
32.3585,,0.744093,0.744093,0.744109,0.015336,0.016344,0.016344,98.066543,1,1,0,1,21.266230,98,0,0,0
32.3802,,0.744442,0.744442,0.744311,0.014908,0.018628,0.018628,111.765185,1,1,0,1,23.574418,112,0,0,0
32.4034,,0.744721,0.744721,0.744640,0.013250,0.014206,0.014206,85.237833,1,1,0,1,21.776373,85,0,0,0
32.4291,,0.745140,0.745140,0.745065,0.017118,0.018402,0.018402,110.410618,1,1,0,1,23.162567,110,0,0,0
32.4551,,0.745489,0.745489,0.745504,0.014273,0.013220,0.013220,79.322496,1,1,0,1,25.712755,79,0,0,0
32.4750,,0.745768,0.745768,0.745913,0.011430,0.007730,0.007730,46.381085,1,1,0,1,26.033953,46,0,0,0
32.5002,,0.746117,0.746117,0.746203,0.016076,0.015151,0.015151,90.908887,1,1,0,1,20.234985,91,0,0,0
32.5189,,0.746396,0.746396,0.746372,0.012203,0.013605,0.013605,81.628371,1,1,0,1,24.857769,82,0,0,0
32.5484,,0.746745,0.746745,0.746702,0.014288,0.015242,0.015242,91.450187,1,1,0,1,23.582091,91,0,0,0
32.5737,,0.747093,0.747093,0.747030,0.014184,0.015503,0.015503,93.019150,1,1,0,1,24.593713,93,0,0,0
32.5985,,0.747509,0.747509,0.747432,0.015980,0.017486,0.017486,104.918276,1,1,0,1,25.326585,105,0,0,0
32.6286,,0.747923,0.747923,0.747913,0.016532,0.016105,0.016105,96.629513,1,1,0,1,24.788916,97,0,0,0
32.6534,,0.748196,0.748196,0.748352,0.010594,0.006577,0.006577,39.463279,1,1,0,1,30.047464,39,0,0,0
32.6750,,0.748536,0.748536,0.748735,0.013068,0.009105,0.009105,54.632272,1,1,0,1,24.849685,55,0,0,0
32.6935,,0.748806,0.748806,0.748917,0.012646,0.011560,0.011560,69.359516,1,1,0,1,21.537114,69,0,0,0
32.7183,,0.749074,0.749074,0.749095,0.013186,0.013785,0.013785,82.709322,1,1,0,1,20.112026,83,0,0,0
32.7451,,0.749472,0.749472,0.749405,0.016333,0.018352,0.018352,110.112754,1,1,0,1,23.198884,110,0,0,0
32.7688,,0.749733,0.749733,0.749758,0.011053,0.009859,0.009859,59.151318,1,1,0,1,26.853959,59,0,0,0
32.7887,,0.749992,0.749992,0.750178,0.010955,0.006109,0.006109,36.651407,1,1,0,1,23.699653,37,0,0,0
32.8108,,0.750312,0.750312,0.750427,0.014197,0.012863,0.012863,77.178824,1,1,0,1,21.341414,77,0,0,0
32.8351,,0.750628,0.750628,0.750572,0.015089,0.017924,0.017924,107.543226,1,1,0,1,20.645402,108,0,0,0
32.8600,,0.750879,0.750879,0.750840,0.011268,0.011795,0.011795,70.769405,1,1,0,1,24.252630,71,0,0,0
32.8856,,0.751187,0.751187,0.751278,0.012158,0.009400,0.009400,56.402327,1,1,0,1,24.954752,56,0,0,0
32.9087,,0.751552,0.751552,0.751623,0.013830,0.012724,0.012724,76.343714,1,1,0,1,25.570226,76,0,0,0
32.9300,,0.751791,0.751791,0.751833,0.011031,0.010523,0.010523,63.139629,1,1,0,1,23.113385,63,0,0,0
32.9505,,0.752027,0.752027,0.752074,0.011071,0.010187,0.010187,61.120027,1,1,0,1,21.318083,61,0,0,0
32.9691,,0.752260,0.752260,0.752293,0.011313,0.010862,0.010862,65.169114,1,1,0,1,20.504499,65,0,0,0
32.9937,,0.752548,0.752548,0.752554,0.012088,0.012232,0.012232,73.390473,1,1,0,1,23.452024,73,0,0,0
33.0205,,0.752832,0.752832,0.752768,0.013198,0.015081,0.015081,90.488817,1,1,0,1,21.036650,90,0,0,0
33.0431,,0.753055,0.753055,0.753074,0.009661,0.008614,0.008614,51.681143,1,1,0,1,25.463532,52,0,0,0
33.0684,,0.753331,0.753331,0.753418,0.011717,0.009482,0.009482,56.889005,1,1,0,1,22.581634,57,0,0,0
33.0937,,0.753604,0.753604,0.753635,0.010856,0.010789,0.010789,64.735581,1,1,0,1,25.661796,65,0,0,0
33.0988,,0.753876,0.753876,0.753889,0.010867,0.010789,0.010789,64.735366,1,1,0,1,24.967513,65,0,0,0
33.1403,,0.754092,0.754092,0.754125,0.010274,0.009479,0.009479,56.874137,1,1,0,1,21.382746,57,0,0,0
33.1603,,0.754362,0.754362,0.754396,0.010614,0.009987,0.009987,59.922596,1,1,0,1,25.214353,60,0,0,0
33.1885,,0.754631,0.754631,0.754610,0.012848,0.013834,0.013834,83.001259,1,1,0,1,20.095076,83,0,0,0
33.2139,,0.754901,0.754901,0.754867,0.010245,0.010946,0.010946,65.678369,1,1,0,1,28.080461,66,0,0,0
33.2329,,0.755062,0.755062,0.755203,0.007134,0.003087,0.003087,18.524467,1,1,0,1,25.444983,19,0,0,0
33.2584,,0.755279,0.755279,0.755420,0.010051,0.007508,0.007508,45.047927,1,1,0,1,20.068163,45,0,0,0
33.2786,,0.755550,0.755550,0.755534,0.010892,0.012611,0.012611,75.667005,1,1,0,1,24.442645,76,0,0,0
33.3006,,0.755822,0.755822,0.755687,0.012976,0.016707,0.016707,100.240244,1,1,0,1,20.156714,100,0,0,0
33.3210,,0.756041,0.756041,0.755964,0.010515,0.011298,0.011298,67.788322,1,1,0,1,22.053603,68,0,0,0
33.3404,,0.756260,0.756260,0.756299,0.010707,0.008737,0.008737,52.419307,1,1,0,1,20.363774,52,0,0,0
33.3637,,0.756480,0.756480,0.756556,0.009875,0.008156,0.008156,48.937763,1,1,0,1,22.749822,49,0,0,0
33.3858,,0.756756,0.756756,0.756731,0.012483,0.013980,0.013980,83.881544,1,1,0,1,21.036487,84,0,0,0
33.4154,,0.757034,0.757034,0.756927,0.013098,0.015874,0.015874,95.246304,1,1,0,1,20.981218,95,0,0,0
33.4386,,0.757314,0.757314,0.757310,0.010177,0.009502,0.009502,57.013500,1,1,0,1,29.666078,57,0,0,0
33.4606,,0.757597,0.757597,0.757697,0.011804,0.009017,0.009017,54.101507,1,1,0,1,23.148465,54,0,0,0
33.4789,,0.757825,0.757825,0.757887,0.010659,0.009921,0.009921,59.524923,1,1,0,1,21.970048,60,0,0,0
33.5093,,0.758113,0.758113,0.758097,0.013563,0.014698,0.014698,88.188595,1,1,0,1,20.144342,88,0,0,0
33.5334,,0.758404,0.758404,0.758387,0.010864,0.011189,0.011189,67.134958,1,1,0,1,28.634597,67,0,0,0
33.5557,,0.758699,0.758699,0.758717,0.011977,0.011329,0.011329,67.976450,1,1,0,1,24.062925,68,0,0,0
33.5790,,0.758998,0.758998,0.758989,0.013094,0.013506,0.013506,81.033099,1,1,0,1,22.330195,81,0,0,0
33.5988,,0.759240,0.759240,0.759243,0.010952,0.010777,0.010777,64.660442,1,1,0,1,23.237058,65,0,0,0
33.6255,,0.759484,0.759484,0.759514,0.011330,0.010529,0.010529,63.176985,1,1,0,1,21.406245,63,0,0,0
33.6491,,0.759794,0.759794,0.759781,0.012120,0.012744,0.012744,76.464781,1,1,0,1,25.146450,76,0,0,0
33.6743,,0.760172,0.760172,0.760087,0.015263,0.017477,0.017477,104.862373,1,1,0,1,23.565440,105,0,0,0
33.7004,,0.760428,0.760428,0.760374,0.011152,0.011844,0.011844,71.066981,1,1,0,1,25.260819,71,0,0,0
33.7209,,0.760751,0.760751,0.760806,0.012142,0.010247,0.010247,61.484329,1,1,0,1,26.086178,61,0,0,0
33.7436,,0.761079,0.761079,0.761080,0.015217,0.015794,0.015794,94.765273,1,1,0,1,20.521400,95,0,0,0
33.7705,,0.761346,0.761346,0.761272,0.012452,0.014489,0.014489,86.931193,1,1,0,1,22.634372,87,0,0,0
33.7907,,0.761615,0.761615,0.761686,0.010504,0.008034,0.008034,48.206462,1,1,0,1,26.876147,48,0,0,0
33.8134,,0.761956,0.761956,0.762012,0.015565,0.014712,0.014712,88.269130,1,1,0,1,20.263702,88,0,0,0
33.8339,,0.762232,0.762232,0.762177,0.012842,0.014910,0.014910,89.460087,1,1,0,1,22.716344,89,0,0,0
33.8604,,0.762582,0.762582,0.762530,0.016238,0.017158,0.017158,102.946061,1,1,0,1,20.490362,103,0,0,0
33.8855,,0.762937,0.762937,0.762855,0.013982,0.015703,0.015703,94.216048,1,1,0,1,26.430734,94,0,0,0
33.9058,,0.763295,0.763295,0.763282,0.014216,0.013843,0.013843,83.056798,1,1,0,1,25.120166,83,0,0,0
33.9093,,0.763584,0.763584,0.763595,0.014246,0.013814,0.013814,82.883166,1,1,0,1,20.276262,83,0,0,0
33.9505,,0.763876,0.763876,0.763913,0.012938,0.012013,0.012013,72.075732,1,1,0,1,23.120857,72,0,0,0
33.9744,,0.764244,0.764244,0.764215,0.016182,0.017367,0.017367,104.200588,1,1,0,1,21.664246,104,0,0,0
33.9936,,0.764616,0.764616,0.764524,0.015708,0.017949,0.017949,107.696480,1,1,0,1,23.881928,108,0,0,0
34.0157,,0.764916,0.764916,0.764874,0.014504,0.014749,0.014749,88.491389,1,1,0,1,21.101634,88,0,0,0
34.0388,,0.765217,0.765217,0.765230,0.014831,0.013978,0.013978,83.870074,1,1,0,1,20.173605,84,0,0,0
34.0592,,0.765596,0.765596,0.765581,0.016095,0.016637,0.016637,99.820572,1,1,0,1,23.086795,100,0,0,0
34.0904,,0.765977,0.765977,0.765928,0.018156,0.019399,0.019399,116.392560,1,1,0,1,20.425970,116,0,0,0
34.1104,,0.766362,0.766362,0.766387,0.013501,0.012543,0.012543,75.257421,1,1,0,1,31.203499,75,0,0,0
34.1339,,0.766672,0.766672,0.766773,0.014991,0.012327,0.012327,73.963797,1,1,0,1,20.149277,74,0,0,0
34.1588,,0.767060,0.767060,0.767099,0.016308,0.016190,0.016190,97.138453,1,1,0,1,23.320589,97,0,0,0
34.1803,,0.767450,0.767450,0.767411,0.015808,0.017193,0.017193,103.157270,1,1,0,1,24.871913,103,0,0,0
34.1987,,0.767763,0.767763,0.767756,0.014786,0.014611,0.014611,87.665656,1,1,0,1,21.587341,88,0,0,0
34.2246,,0.768078,0.768078,0.768113,0.015029,0.013949,0.013949,83.692335,1,1,0,1,20.852408,84,0,0,0
34.2449,,0.768393,0.768393,0.768449,0.013746,0.012551,0.012551,75.305501,1,1,0,1,23.459280,75,0,0,0
34.2650,,0.768707,0.768707,0.768748,0.015153,0.014595,0.014595,87.567967,1,1,0,1,20.270435,88,0,0,0
34.2849,,0.769021,0.769021,0.768997,0.015502,0.016627,0.016627,99.760678,1,1,0,1,20.114923,100,0,0,0
34.3062,,0.769334,0.769334,0.769297,0.014764,0.015573,0.015573,93.440301,1,1,0,1,21.471658,93,0,0,0
34.3115,,0.769647,0.769647,0.769632,0.015406,0.015436,0.015436,92.616650,1,1,0,1,20.091427,93,0,0,0
34.3567,,0.770037,0.770037,0.769989,0.016506,0.017674,0.017674,106.042021,1,1,0,1,23.261301,106,0,0,0
34.3799,,0.770506,0.770506,0.770480,0.017262,0.017534,0.017534,105.204521,1,1,0,1,26.857488,105,0,0,0
34.4006,,0.770818,0.770818,0.770831,0.014241,0.013649,0.013649,81.896781,1,1,0,1,23.161580,82,0,0,0
34.4265,,0.771130,0.771130,0.771192,0.014858,0.013207,0.013207,79.241872,1,1,0,1,20.756100,79,0,0,0
34.4446,,0.771517,0.771517,0.771550,0.014934,0.014599,0.014599,87.595704,1,1,0,1,25.898179,88,0,0,0
34.4663,,0.771826,0.771826,0.771816,0.015265,0.015903,0.015903,95.416574,1,1,0,1,20.111476,95,0,0,0
34.4898,,0.772210,0.772210,0.772193,0.015556,0.015940,0.015940,95.640076,1,1,0,1,24.610224,96,0,0,0
34.5148,,0.772594,0.772594,0.772563,0.017914,0.018611,0.018611,111.668099,1,1,0,1,20.746214,112,0,0,0
34.5368,,0.772901,0.772901,0.772879,0.014373,0.014677,0.014677,88.060236,1,1,0,1,22.763874,88,0,0,0
34.5597,,0.773285,0.773285,0.773284,0.016785,0.016583,0.016583,99.497777,1,1,0,1,22.072306,99,0,0,0
34.5801,,0.773592,0.773592,0.773621,0.014092,0.013282,0.013282,79.690529,1,1,0,1,22.878944,80,0,0,0
34.6071,,0.773822,0.773822,0.773985,0.011857,0.007486,0.007486,44.916405,1,1,0,1,20.347343,45,0,0,0
34.6263,,0.774280,0.774280,0.774325,0.015922,0.016053,0.016053,96.316555,1,1,0,1,27.027215,96,0,0,0
34.6546,,0.774661,0.774661,0.774501,0.016801,0.021706,0.021706,130.237068,1,1,0,1,22.414076,130,0,0,0
34.6770,,0.775044,0.775044,0.774890,0.015577,0.018274,0.018274,109.642819,1,1,0,1,25.045740,110,0,0,0
34.6997,,0.775427,0.775427,0.775434,0.016776,0.015096,0.015096,90.578257,1,1,0,1,22.464863,91,0,0,0
34.7247,,0.775735,0.775735,0.775781,0.014238,0.013038,0.013038,78.227911,1,1,0,1,22.632919,78,0,0,0
34.7463,,0.776123,0.776123,0.776180,0.015213,0.014077,0.014077,84.459185,1,1,0,1,25.062465,84,0,0,0
34.7650,,0.776435,0.776435,0.776441,0.014607,0.015009,0.015009,90.053352,1,1,0,1,21.598335,90,0,0,0
34.7952,,0.776826,0.776826,0.776782,0.018427,0.019785,0.019785,118.709562,1,1,0,1,20.198886,119,0,0,0
34.8198,,0.777296,0.777296,0.777185,0.016766,0.019288,0.019288,115.727919,1,1,0,1,28.739831,116,0,0,0
34.8415,,0.777611,0.777611,0.777686,0.013595,0.010567,0.010567,63.401439,1,1,0,1,24.604521,63,0,0,0
34.8663,,0.778006,0.778006,0.778074,0.017330,0.016183,0.016183,97.095983,1,1,0,1,21.607001,97,0,0,0
34.8913,,0.778324,0.778324,0.778381,0.013724,0.012785,0.012785,76.710685,1,1,0,1,24.809337,77,0,0,0
34.9148,,0.778724,0.778724,0.778772,0.015547,0.014776,0.014776,88.656374,1,1,0,1,25.030389,89,0,0,0
34.9366,,0.779127,0.779127,0.779096,0.016789,0.018083,0.018083,108.495387,1,1,0,1,23.540517,108,0,0,0
34.9567,,0.779370,0.779370,0.779400,0.012283,0.011130,0.011130,66.777194,1,1,0,1,21.783281,67,0,0,0
34.9765,,0.779778,0.779778,0.779757,0.018707,0.019626,0.019626,117.757049,1,1,0,1,20.073253,118,0,0,0
35.0062,,0.780188,0.780188,0.780037,0.020057,0.024215,0.024215,145.287402,1,1,0,1,20.120778,145,0,0,0
35.0263,,0.780599,0.780599,0.780560,0.015183,0.015049,0.015049,90.291883,1,1,0,1,29.428341,90,0,0,0
35.0493,,0.780934,0.780934,0.781037,0.016412,0.013004,0.013004,78.026103,1,1,0,1,20.061266,78,0,0,0
35.0715,,0.781274,0.781274,0.781401,0.015096,0.012572,0.012572,75.431695,1,1,0,1,22.993992,75,0,0,0
35.0902,,0.781618,0.781618,0.781682,0.015452,0.014951,0.014951,89.705666,1,1,0,1,22.158077,90,0,0,0
35.1099,,0.781968,0.781968,0.781933,0.016946,0.018648,0.018648,111.889016,1,1,0,1,20.203095,112,0,0,0
35.1371,,0.782413,0.782413,0.782295,0.019015,0.021950,0.021950,131.699834,1,1,0,1,22.782390,132,0,0,0
35.1649,,0.782867,0.782867,0.782771,0.019836,0.021360,0.021360,128.162332,1,1,0,1,22.661923,128,0,0,0
35.1850,,0.783237,0.783237,0.783323,0.014612,0.011617,0.011617,69.702905,1,1,0,1,27.746713,70,0,0,0
35.2067,,0.783709,0.783709,0.783750,0.021632,0.021365,0.021365,128.192218,1,1,0,1,20.176482,128,0,0,0
35.2252,,0.784092,0.784092,0.784057,0.018512,0.019933,0.019933,119.597181,1,1,0,1,21.634564,120,0,0,0
35.2552,,0.784583,0.784583,0.784489,0.023234,0.025557,0.025557,153.343767,1,1,0,1,20.102195,153,0,0,0
35.2798,,0.785089,0.785089,0.785010,0.018890,0.020218,0.020218,121.306077,1,1,0,1,28.446514,121,0,0,0
35.3002,,0.785615,0.785615,0.785612,0.020877,0.020252,0.020252,121.509676,1,1,0,1,24.585158,122,0,0,0
35.3215,,0.786050,0.786050,0.786036,0.021283,0.021647,0.021647,129.883537,1,1,0,1,20.357863,130,0,0,0
35.3448,,0.786611,0.786611,0.786534,0.025225,0.027255,0.027255,163.532272,1,1,0,1,21.376452,164,0,0,0
35.3648,,0.787073,0.787073,0.786965,0.020949,0.023179,0.023179,139.076820,1,1,0,1,23.262198,139,0,0,0
35.3845,,0.787549,0.787549,0.787556,0.021659,0.020392,0.020392,122.350424,1,1,0,1,21.809898,122,0,0,0
35.4101,,0.788038,0.788038,0.788015,0.023797,0.024542,0.024542,147.252429,1,1,0,1,20.088316,147,0,0,0
35.4316,,0.788669,0.788669,0.788482,0.026295,0.031187,0.031187,187.119360,1,1,0,1,23.429037,187,0,0,0
35.4498,,0.789196,0.789196,0.789014,0.024923,0.028142,0.028142,168.851867,1,1,0,1,21.432503,169,0,0,0
35.4750,,0.789889,0.789889,0.789619,0.032600,0.038428,0.038428,230.566723,1,1,0,1,20.086668,231,0,0,0
35.4965,,0.790475,0.790475,0.790329,0.026577,0.028049,0.028049,168.291985,1,1,0,1,23.388656,168,0,0,0
35.5169,,0.791083,0.791083,0.791062,0.027987,0.027088,0.027088,162.525010,1,1,0,1,21.451633,163,0,0,0
35.5366,,0.791723,0.791723,0.791710,0.030627,0.030750,0.030750,184.500851,1,1,0,1,20.432736,185,0,0,0
35.5565,,0.792394,0.792394,0.792225,0.032829,0.036542,0.036542,219.251452,1,1,0,1,20.123203,219,0,0,0
35.5800,,0.793268,0.793268,0.792978,0.036733,0.037817,0.037817,226.902801,1,1,0,1,23.164150,227,0,0,0
35.6017,,0.793916,0.793916,0.793752,0.031635,0.025995,0.025995,155.969502,1,1,0,1,21.356603,156,0,0,0
35.6294,,0.794639,0.794639,0.794654,0.035063,0.021946,0.021946,131.676703,1,1,0,1,20.139447,132,0,0,0
35.6516,,0.795277,0.795277,0.795307,0.025405,0.014522,0.014522,87.134119,1,1,0,1,27.724533,87,0,0,0
35.6717,,0.795732,0.795732,0.795782,0.021458,0.010736,0.010736,64.416569,1,1,0,1,22.221118,64,0,0,0
35.6948,,0.796239,0.796239,0.796082,0.024518,0.014511,0.014511,87.068982,1,1,0,1,20.073307,87,0,0,0
35.7201,,0.796601,0.796601,0.796350,0.017439,0.010433,0.010433,62.596459,1,1,0,1,23.115831,63,0,0,0
35.7415,,0.797006,0.797006,0.796678,0.016296,0.009490,0.009490,56.939500,1,1,0,1,25.240505,57,0,0,0
35.7600,,0.797294,0.797294,0.796905,0.014044,0.008386,0.008386,50.313510,1,1,0,1,21.392818,50,0,0,0
35.7816,,0.797555,0.797555,0.797084,0.013151,0.008200,0.008200,49.202805,1,1,0,1,20.159636,49,0,0,0
35.7999,,0.797790,0.797790,0.797249,0.012042,0.007764,0.007764,46.586235,1,1,0,1,20.019767,47,0,0,0
35.8219,,0.798003,0.798003,0.797412,0.010869,0.007127,0.007127,42.762355,1,1,0,1,20.123875,43,0,0,0
35.8300,,0.798240,0.798240,0.797595,0.011630,0.007175,0.007175,43.048948,1,1,0,1,20.090110,43,0,0,0
35.8645,,0.798410,0.798410,0.797732,0.008375,0.005927,0.005927,35.559962,1,1,0,1,22.410948,36,0,0,0
35.8843,,0.798563,0.798563,0.797876,0.007738,0.005362,0.005362,32.174977,1,1,0,1,20.209253,32,0,0,0
35.9043,,0.798701,0.798701,0.797993,0.007066,0.005027,0.005027,30.161814,1,1,0,1,20.063006,30,0,0,0
35.9247,,0.798827,0.798827,0.798096,0.006397,0.004715,0.004715,28.288988,1,1,0,1,20.074602,28,0,0,0
35.9495,,0.798966,0.798966,0.798220,0.006835,0.004543,0.004543,27.256516,1,1,0,1,20.093666,27,0,0,0
35.9746,,0.799066,0.799066,0.798314,0.004582,0.003828,0.003828,22.965206,1,1,0,1,24.779220,23,0,0,0
35.9943,,0.799177,0.799177,0.798424,0.004462,0.003551,0.003551,21.304191,1,1,0,1,25.071442,21,0,0,0
36.0143,,0.799256,0.799256,0.798498,0.004054,0.003334,0.003334,20.005416,1,1,0,1,20.064008,20,0,0,0
36.0397,,0.799328,0.799328,0.798560,0.003668,0.003165,0.003165,18.990436,1,1,0,1,20.065558,19,0,0,0
36.0700,,0.799422,0.799422,0.798670,0.003758,0.002852,0.002852,17.110084,1,1,0,1,25.063818,17,0,0,0
36.0896,,0.799491,0.799491,0.798731,0.002567,0.002587,0.002587,15.524277,1,1,0,1,30.267420,16,0,0,0
36.1145,,0.799540,0.799540,0.798799,0.002126,0.002295,0.002295,13.768652,1,1,0,1,24.320311,14,0,0,0
36.1347,,0.799584,0.799584,0.798854,0.002184,0.002182,0.002182,13.093912,1,1,0,1,20.147091,13,0,0,0
36.1401,,0.799634,0.799634,0.798896,0.002395,0.002175,0.002175,13.048122,1,1,0,1,20.184755,13,0,0,0
36.1744,,0.799669,0.799669,0.798935,0.001883,0.002002,0.002002,12.011395,1,1,0,1,20.097106,12,0,0,0
36.1993,,0.799701,0.799701,0.798990,0.001405,0.001765,0.001765,10.591097,1,1,0,1,24.786070,11,0,0,0
36.2194,,0.799730,0.799730,0.799029,0.001429,0.001693,0.001693,10.156611,1,1,0,1,20.061869,10,0,0,0
36.2246,,0.799762,0.799762,0.799061,0.001567,0.001664,0.001664,9.983812,1,1,0,1,20.069869,10,0,0,0
36.2698,,0.799790,0.799790,0.799095,0.001421,0.001569,0.001569,9.415700,1,1,0,1,20.444899,9,0,0,0
36.2997,,0.799824,0.799824,0.799166,0.001202,0.001334,0.001334,8.001834,1,1,0,1,29.704582,8,0,0,0
36.3248,,0.799845,0.799845,0.799204,0.000800,0.001216,0.001216,7.298129,1,1,0,1,29.854367,7,0,0,0
36.3398,,0.799867,0.799867,0.799234,0.000854,0.001164,0.001164,6.984757,1,1,0,1,25.148710,7,0,0,0
36.3595,,0.799880,0.799880,0.799258,0.000591,0.001083,0.001083,6.500886,1,1,0,1,24.435490,7,0,0,0
36.3953,,0.799889,0.799889,0.799284,0.000467,0.000998,0.000998,5.986382,1,1,0,1,20.154757,6,0,0,0
36.3997,,0.799902,0.799902,0.799319,0.000503,0.000920,0.000920,5.517837,1,1,0,1,25.892772,6,0,0,0
36.4396,,0.799914,0.799914,0.799345,0.000486,0.000869,0.000869,5.211044,1,1,0,1,24.231129,5,0,0,0
36.4447,,0.799922,0.799922,0.799364,0.000429,0.000823,0.000823,4.939943,1,1,0,1,20.090006,5,0,0,0
36.4649,,0.799929,0.799929,0.799379,0.000385,0.000794,0.000794,4.765388,1,1,0,1,20.089260,5,0,0,0
36.4897,,0.799938,0.799938,0.799397,0.000412,0.000756,0.000756,4.535952,1,1,0,1,20.069500,5,0,0,0
36.5297,,0.799942,0.799942,0.799412,0.000263,0.000712,0.000712,4.271631,1,1,0,1,20.097352,4,0,0,0
36.5395,,0.799952,0.799952,0.799432,0.000304,0.000680,0.000680,4.082276,1,1,0,1,29.767423,4,0,0,0
36.5548,,0.799955,0.799955,0.799446,0.000202,0.000641,0.000641,3.844296,1,1,0,1,20.095973,4,0,0,0
36.5798,,0.799961,0.799961,0.799465,0.000214,0.000604,0.000604,3.621268,1,1,0,1,24.525236,4,0,0,0
36.6146,,0.799964,0.799964,0.799480,0.000192,0.000571,0.000571,3.427268,1,1,0,1,20.322146,3,0,0,0
36.6195,,0.799968,0.799968,0.799495,0.000175,0.000542,0.000542,3.249460,1,1,0,1,20.062816,3,0,0,0
36.6446,,0.799972,0.799972,0.799507,0.000187,0.000520,0.000520,3.121786,1,1,0,1,20.146984,3,0,0,0
36.6647,,0.799974,0.799974,0.799517,0.000126,0.000501,0.000501,3.003209,1,1,0,1,24.800270,3,0,0,0
36.6943,,0.799977,0.799977,0.799529,0.000145,0.000479,0.000479,2.874432,1,1,0,1,20.302289,3,0,0,0
36.7096,,0.799980,0.799980,0.799537,0.000101,0.000465,0.000465,2.788368,1,1,0,1,24.116876,3,0,0,0
36.7299,,0.799982,0.799982,0.799545,0.000098,0.000448,0.000448,2.687759,1,1,0,1,20.283880,3,0,0,0
36.7497,,0.799983,0.799983,0.799554,0.000090,0.000433,0.000433,2.595705,1,1,0,1,20.218702,3,0,0,0
36.7748,,0.799985,0.799985,0.799562,0.000096,0.000418,0.000418,2.506079,1,1,0,1,20.236028,3,0,0,0
36.8295,,0.799988,0.799988,0.799578,0.000096,0.000388,0.000388,2.328236,1,1,0,1,24.891130,2,0,0,0
36.8345,,0.799989,0.799989,0.799593,0.000049,0.000362,0.000362,2.169959,1,1,0,1,39.843423,2,0,0,0
36.8548,,0.799990,0.799990,0.799600,0.000051,0.000350,0.000350,2.101673,1,1,0,1,20.066212,2,0,0,0
36.8746,,0.799991,0.799991,0.799608,0.000048,0.000337,0.000337,2.021278,1,1,0,1,20.087505,2,0,0,0
36.8949,,0.799992,0.799992,0.799616,0.000044,0.000323,0.000323,1.940600,1,1,0,1,20.067243,2,0,0,0
36.9198,,0.799993,0.799993,0.799626,0.000047,0.000306,0.000306,1.833528,1,1,0,1,20.066185,2,0,0,0
36.9445,,0.799994,0.799994,0.799635,0.000036,0.000293,0.000293,1.760543,1,1,0,1,24.671956,2,0,0,0
36.9698,,0.799995,0.799995,0.799646,0.000036,0.000275,0.000275,1.650265,1,1,0,1,20.439580,2,0,0,0
36.9996,,0.799995,0.799995,0.799656,0.000032,0.000260,0.000260,1.562272,1,1,0,1,25.032104,2,0,0,0
37.0296,,0.799996,0.799996,0.799664,0.000018,0.000248,0.000248,1.488857,1,1,0,1,24.478843,1,0,0,0
37.0345,,0.799996,0.799996,0.799673,0.000014,0.000235,0.000235,1.412583,1,1,0,1,25.147843,1,0,0,0
37.0548,,0.799996,0.799996,0.799676,0.000022,0.000233,0.000233,1.398367,1,1,0,1,20.143043,1,0,0,0
37.0894,,0.799997,0.799997,0.799680,0.000024,0.000227,0.000227,1.364247,1,1,0,1,20.067414,1,0,0,0
37.0998,,0.799997,0.799997,0.799683,0.000012,0.000223,0.000223,1.337028,1,1,0,1,24.659048,1,0,0,0
37.1198,,0.799997,0.799997,0.799687,0.000013,0.000218,0.000218,1.307756,1,1,0,1,20.227225,1,0,0,0
37.1396,,0.799998,0.799998,0.799690,0.000012,0.000214,0.000214,1.286430,1,1,0,1,20.082902,1,0,0,0
37.1698,,0.799998,0.799998,0.799693,0.000013,0.000210,0.000210,1.258804,1,1,0,1,24.706979,1,0,0,0
37.1846,,0.799998,0.799998,0.799696,0.000008,0.000206,0.000206,1.235795,1,1,0,1,20.191338,1,0,0,0
37.2048,,0.799998,0.799998,0.799699,0.000009,0.000202,0.000202,1.214324,1,1,0,1,20.115707,1,0,0,0
37.2398,,0.799999,0.799999,0.799703,0.000010,0.000197,0.000197,1.179053,1,1,0,1,24.846179,1,0,0,0
37.2547,,0.799999,0.799999,0.799705,0.000005,0.000194,0.000194,1.164230,1,1,0,1,20.834186,1,0,0,0
37.2798,,0.799999,0.799999,0.799709,0.000007,0.000189,0.000189,1.136677,1,1,0,1,23.885588,1,0,0,0
37.2997,,0.799999,0.799999,0.799711,0.000006,0.000186,0.000186,1.116398,1,1,0,1,20.155182,1,0,0,0
37.3197,,0.799999,0.799999,0.799714,0.000004,0.000182,0.000182,1.094125,1,1,0,1,20.288803,1,0,0,0
37.3446,,0.799999,0.799999,0.799718,0.000005,0.000178,0.000178,1.068412,1,1,0,1,24.487025,1,0,0,0
37.3647,,0.799999,0.799999,0.799721,0.000005,0.000174,0.000174,1.046103,1,1,0,1,20.292381,1,0,0,0
37.3896,,0.799999,0.799999,0.799725,0.000004,0.000169,0.000169,1.013767,1,1,0,1,20.299402,1,0,0,0
37.4101,,0.799999,0.799999,0.799729,0.000003,0.000164,0.000164,0.986181,1,1,0,1,24.672018,1,0,0,0
37.4298,,0.799999,0.799999,0.799731,0.000003,0.000162,0.000162,0.972636,1,1,0,1,20.498946,1,0,0,0
37.4600,,0.800000,0.800000,0.799735,0.000003,0.000156,0.000156,0.937422,1,1,0,1,24.916430,1,0,0,0
37.4798,,0.800000,0.800000,0.799738,0.000002,0.000153,0.000153,0.917568,1,1,0,1,24.799182,1,0,0,0
37.5000,,0.800000,0.800000,0.799743,0.000002,0.000147,0.000147,0.884941,1,1,0,1,20.159491,1,0,0,0
37.5153,,0.800000,0.800000,0.799745,0.000002,0.000145,0.000145,0.869766,1,1,0,1,20.277806,1,0,0,0
37.5449,,0.800000,0.800000,0.799750,0.000002,0.000139,0.000139,0.834843,1,1,0,1,24.778382,1,0,0,0
37.5649,,0.800000,0.800000,0.799754,0.000001,0.000135,0.000135,0.812293,1,1,0,1,24.913143,1,0,0,0
37.5964,,0.800000,0.800000,0.799759,0.000002,0.000130,0.000130,0.777114,1,1,0,1,24.457384,1,0,0,0
37.6176,,0.800000,0.800000,0.799764,0.000001,0.000123,0.000123,0.740376,1,1,0,1,22.381619,1,0,0,0
37.6466,,0.800000,0.800000,0.799770,0.000001,0.000117,0.000117,0.704572,1,1,0,1,24.794397,1,0,0,0
37.6646,,0.800000,0.800000,0.799774,0.000001,0.000114,0.000114,0.684792,1,1,0,1,20.070683,1,0,0,0
37.6838,,0.800000,0.800000,0.799778,0.000001,0.000109,0.000109,0.654944,1,1,0,1,23.331013,1,0,0,0
37.7065,,0.800000,0.800000,0.799783,0.000001,0.000104,0.000104,0.625084,1,1,0,1,21.857852,1,0,0,0
37.7314,,0.800000,0.800000,0.799789,0.000001,0.000099,0.000099,0.594366,1,1,0,1,24.953053,1,0,0,0
37.7612,,0.800000,0.800000,0.799793,0.000001,0.000095,0.000095,0.570886,1,1,0,1,24.717571,1,0,0,0
37.7770,,0.800000,0.800000,0.799798,0.000001,0.000090,0.000090,0.541047,1,1,0,1,20.444041,1,0,0,0
37.8020,,0.800000,0.800000,0.799803,0.000001,0.000086,0.000086,0.513025,1,1,0,1,20.094444,1,0,0,0
37.8221,,0.800000,0.800000,0.799806,0.000001,0.000084,0.000084,0.501032,1,1,0,1,20.198545,1,0,0,0
37.8663,,0.800000,0.800000,0.799810,0.000000,0.000080,0.000080,0.479599,1,1,0,1,24.280260,0,0,0,0
37.8718,,0.800000,0.800000,0.799817,0.000000,0.000075,0.000075,0.449261,1,1,0,1,34.802418,0,0,0,0
37.9069,,0.800000,0.800000,0.799818,0.000001,0.000074,0.000074,0.446755,1,1,0,1,20.643764,0,0,0,0
37.9268,,0.800000,0.800000,0.799818,0.000000,0.000074,0.000074,0.445091,1,1,0,1,20.019136,0,0,0,0
37.9480,,0.800000,0.800000,0.799819,0.000000,0.000074,0.000074,0.442628,1,1,0,1,24.754137,0,0,0,0
37.9616,,0.800000,0.800000,0.799819,0.000000,0.000073,0.000073,0.440854,1,1,0,1,20.495074,0,0,0,0
37.9870,,0.800000,0.800000,0.799820,-0.000000,0.000073,0.000073,0.437930,1,1,0,1,21.440227,0,0,0,0
38.0068,,0.800000,0.800000,0.799820,0.000000,0.000073,0.000073,0.437842,1,1,0,1,22.622905,0,0,0,0
38.0386,,0.800000,0.800000,0.799820,-0.000001,0.000073,0.000073,0.436918,1,1,0,1,20.197118,0,0,0,0
38.0467,,0.800000,0.800000,0.799820,0.000000,0.000073,0.000073,0.436797,1,1,0,1,22.197765,0,0,0,0
38.0767,,0.800000,0.800000,0.799820,0.000000,0.000073,0.000073,0.435558,1,1,0,1,22.962556,0,0,0,0
38.1017,,0.800000,0.800000,0.799820,0.000000,0.000073,0.000073,0.435392,1,1,0,1,24.909842,0,0,0,0
38.1315,,0.800000,0.800000,0.799821,-0.000000,0.000072,0.000072,0.432933,1,1,0,1,20.148455,0,0,0,0
38.1513,,0.800000,0.800000,0.799821,0.000000,0.000072,0.000072,0.432676,1,1,0,1,24.868581,0,0,0,0
38.1666,,0.800000,0.800000,0.799821,0.000000,0.000072,0.000072,0.431448,1,1,0,1,20.341033,0,0,0,0
38.1867,,0.800000,0.800000,0.799821,-0.000001,0.000072,0.000072,0.431609,1,1,0,1,24.524219,0,0,0,0
38.2066,,0.800000,0.800000,0.799821,0.000000,0.000072,0.000072,0.431762,1,1,0,1,20.390425,0,0,0,0
38.2318,,0.800000,0.800000,0.799821,0.000000,0.000072,0.000072,0.430438,1,1,0,1,25.232852,0,0,0,0
38.2619,,0.800000,0.800000,0.799821,-0.000000,0.000072,0.000072,0.430058,1,1,0,1,20.068028,0,0,0,0
38.2768,,0.800000,0.800000,0.799821,0.000000,0.000072,0.000072,0.430297,1,1,0,1,24.286367,0,0,0,0
38.2923,,0.800000,0.800000,0.799821,-0.000001,0.000072,0.000072,0.430059,1,1,0,1,20.399096,0,0,0,0
38.3216,,0.800000,0.800000,0.799822,0.000000,0.000072,0.000072,0.429390,1,1,0,1,24.865345,0,0,0,0
38.3515,,0.800000,0.800000,0.799822,-0.000000,0.000071,0.000071,0.428932,1,1,0,1,26.009640,0,0,0,0
38.3663,,0.800000,0.800000,0.799822,0.000000,0.000072,0.000072,0.429117,1,1,0,1,23.697548,0,0,0,0
38.3922,,0.800000,0.800000,0.799822,0.000001,0.000072,0.000072,0.429251,1,1,0,1,20.409369,0,0,0,0
38.4269,,0.800000,0.800000,0.799822,0.000000,0.000071,0.000071,0.428712,1,1,0,1,20.322450,0,0,0,0
38.4422,,0.800000,0.800000,0.799822,0.000000,0.000071,0.000071,0.428395,1,1,0,1,24.833343,0,0,0,0
38.4625,,0.800000,0.800000,0.799822,-0.000001,0.000071,0.000071,0.428212,1,1,0,1,20.307051,0,0,0,0
38.4919,,0.800000,0.800000,0.799822,0.000000,0.000072,0.000072,0.429867,1,1,0,1,25.212599,0,0,0,0
38.5017,,0.800000,0.800000,0.799822,0.000000,0.000071,0.000071,0.428659,1,1,0,1,24.162279,0,0,0,0
38.5270,,0.800000,0.800000,0.799822,-0.000001,0.000071,0.000071,0.428103,1,1,0,1,20.440246,0,0,0,0
38.5470,,0.800000,0.800000,0.799822,0.000000,0.000071,0.000071,0.428954,1,1,0,1,20.075733,0,0,0,0
38.5673,,0.800000,0.800000,0.799822,0.000000,0.000071,0.000071,0.428886,1,1,0,1,24.336103,0,0,0,0
38.5870,,0.800000,0.800000,0.799822,0.000000,0.000071,0.000071,0.427855,1,1,0,1,20.226069,0,0,0,0
38.6124,,0.800000,0.800000,0.799822,-0.000001,0.000071,0.000071,0.427402,1,1,0,1,24.726082,0,0,0,0
38.6414,,0.800000,0.800000,0.799822,0.000001,0.000071,0.000071,0.427808,1,1,0,1,20.987962,0,0,0,0
38.6668,,0.800000,0.800000,0.799822,-0.000001,0.000071,0.000071,0.427080,1,1,0,1,24.501557,0,0,0,0
38.6818,,0.800000,0.800000,0.799822,0.000000,0.000071,0.000071,0.428345,1,1,0,1,20.283346,0,0,0,0
38.7166,,0.800000,0.800000,0.799822,0.000000,0.000071,0.000071,0.427208,1,1,0,1,24.406152,0,0,0,0
38.7270,,0.800000,0.800000,0.799822,-0.000001,0.000071,0.000071,0.426519,1,1,0,1,20.066995,0,0,0,0
38.7577,,0.800000,0.800000,0.799822,0.000000,0.000071,0.000071,0.427452,1,1,0,1,24.962338,0,0,0,0
38.7770,,0.800000,0.800000,0.799822,0.000000,0.000071,0.000071,0.426486,1,1,0,1,25.010824,0,0,0,0
38.7971,,0.800000,0.800000,0.799822,-0.000001,0.000071,0.000071,0.427206,1,1,0,1,20.276255,0,0,0,0
38.8223,,0.800000,0.800000,0.799822,0.000000,0.000071,0.000071,0.426380,1,1,0,1,24.602258,0,0,0,0
38.8369,,0.800000,0.800000,0.799822,0.000000,0.000071,0.000071,0.425647,1,1,0,1,20.187249,0,0,0,0
38.8666,,0.800000,0.800000,0.799822,0.000000,0.000071,0.000071,0.426365,1,1,0,1,24.981038,0,0,0,0
38.8882,,0.800000,0.800000,0.799822,-0.000000,0.000071,0.000071,0.426613,1,1,0,1,24.893643,0,0,0,0
38.9170,,0.800000,0.800000,0.799822,-0.000008,0.000071,0.000071,0.423681,1,1,0,1,25.299019,0,0,0,0
38.9333,,0.800000,0.800000,0.799822,-0.000010,0.000070,0.000070,0.422645,1,1,0,1,22.159295,0,0,0,0
38.9581,,0.799999,0.799999,0.799822,-0.000021,0.000070,0.000070,0.420481,1,1,0,1,22.743315,0,0,0,0
38.9817,,0.799999,0.799999,0.799822,-0.000015,0.000070,0.000070,0.421119,1,1,0,1,24.713789,0,0,0,0
39.0167,,0.799998,0.799998,0.799822,-0.000009,0.000070,0.000070,0.420549,1,1,0,1,25.299594,0,0,0,0
39.0320,,0.799998,0.799998,0.799823,-0.000008,0.000070,0.000070,0.419535,1,1,0,1,20.341790,0,0,0,0
39.0519,,0.799998,0.799998,0.799822,-0.000001,0.000070,0.000070,0.422707,1,1,0,1,24.448818,0,0,0,0
39.0814,,0.799998,0.799998,0.799822,-0.000004,0.000070,0.000070,0.420622,1,1,0,1,20.376418,0,0,0,0
39.1017,,0.799998,0.799998,0.799822,-0.000005,0.000070,0.000070,0.420353,1,1,0,1,24.878315,0,0,0,0
39.1220,,0.799998,0.799998,0.799822,-0.000004,0.000070,0.000070,0.420316,1,1,0,1,20.284158,0,0,0,0
39.1420,,0.799998,0.799998,0.799822,-0.000001,0.000070,0.000070,0.421257,1,1,0,1,24.621580,0,0,0,0
39.1720,,0.799998,0.799998,0.799822,0.000001,0.000070,0.000070,0.420675,1,1,0,1,25.425538,0,0,0,0
39.1923,,0.799998,0.799998,0.799822,-0.000002,0.000070,0.000070,0.421002,1,1,0,1,24.504535,0,0,0,0
39.2120,,0.799998,0.799998,0.799822,0.000007,0.000070,0.000070,0.422379,1,1,0,1,20.132398,0,0,0,0
39.2370,,0.799998,0.799998,0.799822,0.000004,0.000070,0.000070,0.421690,1,1,0,1,20.377741,0,0,0,0
39.2618,,0.799998,0.799998,0.799822,0.000006,0.000071,0.000071,0.423023,1,1,0,1,24.411298,0,0,0,0
39.2816,,0.799998,0.799998,0.799822,0.000005,0.000071,0.000071,0.423414,1,1,0,1,20.648198,0,0,0,0
39.2972,,0.799999,0.799999,0.799822,0.000007,0.000071,0.000071,0.424565,1,1,0,1,20.264374,0,0,0,0
39.3320,,0.799999,0.799999,0.799822,0.000009,0.000071,0.000071,0.423980,1,1,0,1,24.465237,0,0,0,0
39.3482,,0.799999,0.799999,0.799822,0.000005,0.000071,0.000071,0.424152,1,1,0,1,24.600165,0,0,0,0
39.3720,,0.799999,0.799999,0.799822,0.000006,0.000071,0.000071,0.424685,1,1,0,1,20.235960,0,0,0,0
39.3923,,0.799999,0.799999,0.799822,0.000004,0.000071,0.000071,0.424088,1,1,0,1,24.956807,0,0,0,0
39.4171,,0.799999,0.799999,0.799823,0.000004,0.000071,0.000071,0.424020,1,1,0,1,25.043518,0,0,0,0
39.4524,,0.799999,0.799999,0.799823,0.000005,0.000071,0.000071,0.424492,1,1,0,1,25.127916,0,0,0,0
39.4722,,0.799999,0.799999,0.799823,0.000003,0.000071,0.000071,0.424389,1,1,0,1,24.817770,0,0,0,0
39.5012,,0.800000,0.800000,0.799822,0.000003,0.000071,0.000071,0.424953,1,1,0,1,25.300654,0,0,0,0
39.5192,,0.800000,0.800000,0.799822,0.000002,0.000071,0.000071,0.424800,1,1,0,1,22.753574,0,0,0,0
39.5367,,0.800000,0.800000,0.799822,0.000002,0.000071,0.000071,0.425039,1,1,0,1,22.712270,0,0,0,0
39.5664,,0.800000,0.800000,0.799822,0.000002,0.000071,0.000071,0.425141,1,1,0,1,24.128781,0,0,0,0
39.5871,,0.800000,0.800000,0.799823,0.000002,0.000071,0.000071,0.424741,1,1,0,1,20.463290,0,0,0,0
39.6169,,0.800000,0.800000,0.799822,0.000002,0.000071,0.000071,0.425455,1,1,0,1,24.762690,0,0,0,0
39.6323,,0.800000,0.800000,0.799823,0.000001,0.000071,0.000071,0.424796,1,1,0,1,20.192510,0,0,0,0
39.6469,,0.800000,0.800000,0.799823,0.000001,0.000071,0.000071,0.424835,1,1,0,1,20.176939,0,0,0,0
39.6722,,0.800000,0.800000,0.799823,0.000002,0.000071,0.000071,0.424637,1,1,0,1,24.204883,0,0,0,0
39.6968,,0.800000,0.800000,0.799823,0.000002,0.000071,0.000071,0.424782,1,1,0,1,20.495891,0,0,0,0
39.7168,,0.800000,0.800000,0.799823,0.000001,0.000071,0.000071,0.424788,1,1,0,1,20.084501,0,0,0,0
39.7318,,0.800000,0.800000,0.799822,0.000001,0.000071,0.000071,0.426208,1,1,0,1,20.302088,0,0,0,0
39.7667,,0.800000,0.800000,0.799823,0.000001,0.000071,0.000071,0.424619,1,1,0,1,24.898910,0,0,0,0
39.7870,,0.800000,0.800000,0.799823,0.000001,0.000071,0.000071,0.423901,1,1,0,1,24.158957,0,0,0,0
39.8166,,0.800000,0.800000,0.799823,0.000001,0.000071,0.000071,0.424122,1,1,0,1,20.643437,0,0,0,0
39.8319,,0.800000,0.800000,0.799823,0.000000,0.000071,0.000071,0.424507,1,1,0,1,24.731653,0,0,0,0
39.8617,,0.800000,0.800000,0.799823,0.000000,0.000071,0.000071,0.424871,1,1,0,1,24.971660,0,0,0,0
39.8766,,0.800000,0.800000,0.799823,0.000000,0.000071,0.000071,0.425254,1,1,0,1,20.064881,0,0,0,0
39.9084,,0.800000,0.800000,0.799823,0.000000,0.000071,0.000071,0.425152,1,1,0,1,20.087850,0,0,0,0
39.9169,,0.800000,0.800000,0.799823,0.000000,0.000071,0.000071,0.423738,1,1,0,1,21.540794,0,0,0,0
39.9517,,0.800000,0.800000,0.799823,-0.000000,0.000071,0.000071,0.424928,1,1,0,1,23.435066,0,0,0,0
39.9720,,0.800000,0.800000,0.799823,0.000000,0.000071,0.000071,0.424771,1,1,0,1,24.839855,0,0,0,0
39.9816,,0.800000,0.800000,0.799823,0.000000,0.000071,0.000071,0.425250,1,1,0,1,20.222729,0,0,0,0
40.0168,,0.800000,0.800000,0.799823,0.000000,0.000071,0.000071,0.425155,1,1,0,1,24.416469,0,0,0,0
40.0316,,0.800000,0.800000,0.799823,-0.000003,0.000071,0.000071,0.424051,1,1,0,1,20.612799,0,0,0,0
40.0619,,0.800000,0.800000,0.799823,-0.000000,0.000071,0.000071,0.423710,1,1,0,1,24.588574,0,0,0,0
40.0816,,0.800000,0.800000,0.799823,0.000000,0.000071,0.000071,0.423980,1,1,0,1,20.090090,0,0,0,0
40.0922,,0.800000,0.800000,0.799823,0.000000,0.000071,0.000071,0.424436,1,1,0,1,20.625016,0,0,0,0
40.1217,,0.800000,0.800000,0.799823,0.000000,0.000071,0.000071,0.423904,1,1,0,1,24.635980,0,0,0,0
40.1572,,0.800000,0.800000,0.799823,0.000000,0.000071,0.000071,0.425396,1,1,0,1,24.906839,0,0,0,0
40.1719,,0.800000,0.800000,0.799823,0.000000,0.000071,0.000071,0.424634,1,1,0,1,20.414035,0,0,0,0
40.1958,,0.800000,0.800000,0.799823,0.000000,0.000071,0.000071,0.424752,1,1,0,1,24.660552,0,0,0,0
40.2122,,0.800000,0.800000,0.799823,0.000000,0.000071,0.000071,0.425215,1,1,0,1,21.427520,0,0,0,0
40.2415,,0.800000,0.800000,0.799823,0.000000,0.000071,0.000071,0.424197,1,1,0,1,23.284567,0,0,0,0
40.2556,,0.800000,0.800000,0.799823,0.000000,0.000071,0.000071,0.423929,1,1,0,1,21.957964,0,0,0,0
40.2791,,0.800000,0.800000,0.799823,0.000000,0.000071,0.000071,0.424500,1,1,0,1,23.854495,0,0,0,0
40.2999,,0.800000,0.800000,0.799823,0.000000,0.000071,0.000071,0.423958,1,1,0,1,22.885135,0,0,0,0
40.3256,,0.800000,0.800000,0.799823,0.000000,0.000071,0.000071,0.424519,1,1,0,1,24.855117,0,0,0,0
40.3554,,0.800000,0.800000,0.799823,-0.000002,0.000070,0.000070,0.422930,1,1,0,1,24.798978,0,0,0,0
40.3901,,0.800000,0.800000,0.799823,0.000000,0.000071,0.000071,0.424034,1,1,0,1,25.222953,0,0,0,0
40.4048,,0.800000,0.800000,0.799823,0.000000,0.000071,0.000071,0.423037,1,1,0,1,24.614184,0,0,0,0
40.4253,,0.800000,0.800000,0.799823,0.000000,0.000071,0.000071,0.424240,1,1,0,1,20.284018,0,0,0,0
40.4497,,0.800000,0.800000,0.799823,0.000000,0.000071,0.000071,0.424029,1,1,0,1,20.100901,0,0,0,0
40.4700,,0.800000,0.800000,0.799823,0.000000,0.000071,0.000071,0.424029,1,1,0,1,24.664932,0,0,0,0
40.4907,,0.800000,0.800000,0.799823,0.000000,0.000071,0.000071,0.424064,1,1,0,1,20.116169,0,0,0,0
40.5151,,0.800000,0.800000,0.799823,0.000000,0.000071,0.000071,0.424072,1,1,0,1,24.803097,0,0,0,0
40.5401,,0.800000,0.800000,0.799823,0.000000,0.000071,0.000071,0.423627,1,1,0,1,20.567390,0,0,0,0
40.5548,,0.800000,0.800000,0.799823,0.000000,0.000071,0.000071,0.423709,1,1,0,1,21.091871,0,0,0,0
40.5851,,0.800000,0.800000,0.799823,-0.000002,0.000071,0.000071,0.423639,1,1,0,1,23.718098,0,0,0,0
40.6052,,0.800000,0.800000,0.799823,-0.000000,0.000071,0.000071,0.423476,1,1,0,1,24.234790,0,0,0,0
40.6252,,0.800000,0.800000,0.799823,0.000000,0.000071,0.000071,0.424131,1,1,0,1,20.424880,0,0,0,0
40.6401,,0.800000,0.800000,0.799823,0.000000,0.000071,0.000071,0.424509,1,1,0,1,20.205207,0,0,0,0
40.6650,,0.800000,0.800000,0.799823,0.000001,0.000071,0.000071,0.423501,1,1,0,1,20.070563,0,0,0,0
40.6948,,0.800000,0.800000,0.799823,0.000000,0.000071,0.000071,0.423730,1,1,0,1,24.844254,0,0,0,0
40.7201,,0.800000,0.800000,0.799823,0.000000,0.000071,0.000071,0.424231,1,1,0,1,20.258983,0,0,0,0
40.7452,,0.800000,0.800000,0.799823,-0.000002,0.000071,0.000071,0.423971,1,1,0,1,25.887071,0,0,0,0
40.7605,,0.800000,0.800000,0.799823,-0.000000,0.000071,0.000071,0.424730,1,1,0,1,23.859187,0,0,0,0
40.7789,,0.800000,0.800000,0.799823,0.000000,0.000070,0.000070,0.422828,1,1,0,1,22.399070,0,0,0,0
40.8019,,0.800000,0.800000,0.799823,0.000001,0.000070,0.000070,0.422877,1,1,0,1,20.717100,0,0,0,0
40.8305,,0.800000,0.800000,0.799823,0.000001,0.000071,0.000071,0.423481,1,1,0,1,21.753473,0,0,0,0
40.8520,,0.800000,0.800000,0.799823,0.000000,0.000070,0.000070,0.422418,1,1,0,1,20.294102,0,0,0,0
40.8665,,0.800000,0.800000,0.799823,0.000000,0.000071,0.000071,0.423060,1,1,0,1,24.349515,0,0,0,0
40.8912,,0.800000,0.800000,0.799823,-0.000001,0.000071,0.000071,0.423257,1,1,0,1,21.464883,0,0,0,0
40.9059,,0.800000,0.800000,0.799823,0.000000,0.000070,0.000070,0.422811,1,1,0,1,20.174228,0,0,0,0
40.9408,,0.800000,0.800000,0.799823,0.000001,0.000071,0.000071,0.423987,1,1,0,1,20.288313,0,0,0,0
40.9609,,0.800000,0.800000,0.799823,0.000000,0.000070,0.000070,0.422812,1,1,0,1,24.180514,0,0,0,0
40.9759,,0.800000,0.800000,0.799823,-0.000004,0.000070,0.000070,0.422079,1,1,0,1,20.276579,0,0,0,0
41.0055,,0.800000,0.800000,0.799823,-0.000000,0.000071,0.000071,0.423231,1,1,0,1,24.985200,0,0,0,0
41.0259,,0.800000,0.800000,0.799823,0.000001,0.000070,0.000070,0.422368,1,1,0,1,24.764509,0,0,0,0
41.0461,,0.800000,0.800000,0.799823,0.000001,0.000070,0.000070,0.422115,1,1,0,1,21.746458,0,0,0,0
41.0711,,0.800000,0.800000,0.799823,0.000001,0.000071,0.000071,0.423641,1,1,0,1,23.050460,0,0,0,0
41.1006,,0.800000,0.800000,0.799823,0.000001,0.000070,0.000070,0.422936,1,1,0,1,20.309526,0,0,0,0
41.1062,,0.800000,0.800000,0.799823,0.000000,0.000070,0.000070,0.422485,1,1,0,1,20.012238,0,0,0,0
41.1410,,0.800000,0.800000,0.799823,-0.000004,0.000070,0.000070,0.421129,1,1,0,1,20.659741,0,0,0,0
41.1509,,0.800000,0.800000,0.799823,-0.000000,0.000070,0.000070,0.421007,1,1,0,1,24.752694,0,0,0,0
41.1760,,0.800000,0.800000,0.799823,0.000001,0.000070,0.000070,0.420972,1,1,0,1,24.847369,0,0,0,0
41.2007,,0.800000,0.800000,0.799823,0.000001,0.000070,0.000070,0.422053,1,1,0,1,21.203098,0,0,0,0
41.2260,,0.800000,0.800000,0.799823,0.000001,0.000070,0.000070,0.421467,1,1,0,1,23.502947,0,0,0,0
41.2410,,0.800000,0.800000,0.799823,0.000001,0.000070,0.000070,0.421528,1,1,0,1,20.064062,0,0,0,0
41.2658,,0.800000,0.800000,0.799823,0.000001,0.000070,0.000070,0.421582,1,1,0,1,20.215096,0,0,0,0
41.2956,,0.800000,0.800000,0.799823,0.000001,0.000070,0.000070,0.421127,1,1,0,1,25.076888,0,0,0,0
41.3159,,0.800000,0.800000,0.799823,-0.000004,0.000070,0.000070,0.420639,1,1,0,1,24.786459,0,0,0,0
41.3305,,0.800000,0.800000,0.799823,-0.000000,0.000070,0.000070,0.421226,1,1,0,1,20.396164,0,0,0,0
41.3607,,0.800000,0.800000,0.799823,0.000001,0.000070,0.000070,0.422770,1,1,0,1,24.254148,0,0,0,0
41.3857,,0.800000,0.800000,0.799823,0.000001,0.000070,0.000070,0.421679,1,1,0,1,20.332653,0,0,0,0
41.4007,,0.800000,0.800000,0.799823,0.000001,0.000070,0.000070,0.421836,1,1,0,1,24.453193,0,0,0,0
41.4255,,0.800000,0.800000,0.799823,0.000001,0.000070,0.000070,0.421406,1,1,0,1,20.863287,0,0,0,0
41.4457,,0.800000,0.800000,0.799823,0.000001,0.000070,0.000070,0.420613,1,1,0,1,24.282017,0,0,0,0
41.4656,,0.800000,0.800000,0.799823,0.000000,0.000070,0.000070,0.421276,1,1,0,1,20.288527,0,0,0,0
41.4910,,0.800000,0.800000,0.799823,0.000000,0.000070,0.000070,0.421192,1,1,0,1,20.089983,0,0,0,0
41.5111,,0.800000,0.800000,0.799823,0.000000,0.000070,0.000070,0.422124,1,1,0,1,20.364936,0,0,0,0
41.5305,,0.800000,0.800000,0.799823,-0.000006,0.000070,0.000070,0.420523,1,1,0,1,20.170545,0,0,0,0
41.5610,,0.800000,0.800000,0.799823,-0.000000,0.000070,0.000070,0.421586,1,1,0,1,24.634731,0,0,0,0
41.5710,,0.800000,0.800000,0.799823,0.000000,0.000070,0.000070,0.420708,1,1,0,1,20.131886,0,0,0,0
41.5959,,0.800000,0.800000,0.799823,0.000001,0.000070,0.000070,0.421497,1,1,0,1,24.775801,0,0,0,0
41.6259,,0.800000,0.800000,0.799823,0.000001,0.000070,0.000070,0.422353,1,1,0,1,24.984457,0,0,0,0
41.6510,,0.800000,0.800000,0.799823,0.000001,0.000070,0.000070,0.422244,1,1,0,1,20.257916,0,0,0,0
41.6609,,0.800000,0.800000,0.799823,0.000000,0.000070,0.000070,0.422648,1,1,0,1,20.164935,0,0,0,0
41.6908,,0.800000,0.800000,0.799823,0.000001,0.000070,0.000070,0.422148,1,1,0,1,24.607421,0,0,0,0
41.7110,,0.800000,0.800000,0.799823,0.000000,0.000070,0.000070,0.421330,1,1,0,1,25.214705,0,0,0,0
41.7424,,0.800000,0.800000,0.799823,0.000000,0.000070,0.000070,0.422446,1,1,0,1,24.962216,0,0,0,0
41.7607,,0.800000,0.800000,0.799823,0.000000,0.000070,0.000070,0.421317,1,1,0,1,20.427373,0,0,0,0
41.7809,,0.800000,0.800000,0.799823,-0.000010,0.000070,0.000070,0.419053,1,1,0,1,24.327265,0,0,0,0
41.8011,,0.800000,0.800000,0.799823,-0.000002,0.000070,0.000070,0.420431,1,1,0,1,20.112657,0,0,0,0
41.8361,,0.800000,0.800000,0.799823,0.000001,0.000070,0.000070,0.421535,1,1,0,1,30.094063,0,0,0,0
41.8560,,0.800000,0.800000,0.799823,-0.000001,0.000070,0.000070,0.420015,1,1,0,1,24.638690,0,0,0,0
41.8809,,0.800000,0.800000,0.799823,-0.000001,0.000070,0.000070,0.421163,1,1,0,1,20.336469,0,0,0,0
41.9010,,0.800000,0.800000,0.799823,0.000001,0.000070,0.000070,0.420440,1,1,0,1,24.769144,0,0,0,0
41.9311,,0.800000,0.800000,0.799823,-0.000002,0.000070,0.000070,0.421322,1,1,0,1,25.325642,0,0,0,0
41.9560,,0.800000,0.800000,0.799823,0.000001,0.000070,0.000070,0.421264,1,1,0,1,24.704893,0,0,0,0
41.9760,,0.800000,0.800000,0.799823,0.000002,0.000070,0.000070,0.421980,1,1,0,1,20.337906,0,0,0,0
41.9956,,0.800000,0.800000,0.799823,0.000001,0.000070,0.000070,0.421241,1,1,0,1,20.220306,0,0,0,0
42.0255,,0.800000,0.800000,0.799823,0.000002,0.000070,0.000070,0.421198,1,1,0,1,24.387551,0,0,0,0
42.0459,,0.800000,0.800000,0.799823,0.000002,0.000070,0.000070,0.421354,1,1,0,1,20.291755,0,0,0,0
42.0659,,0.800000,0.800000,0.799823,0.000001,0.000070,0.000070,0.421306,1,1,0,1,24.571661,0,0,0,0
42.0861,,0.800000,0.800000,0.799824,0.000001,0.000070,0.000070,0.419963,1,1,0,1,20.737589,0,0,0,0
42.1109,,0.800000,0.800000,0.799824,0.000000,0.000070,0.000070,0.420177,1,1,0,1,29.604629,0,0,0,0
42.1458,,0.800000,0.800000,0.799823,-0.000000,0.000070,0.000070,0.420958,1,1,0,1,24.887854,0,0,0,0
42.1611,,0.800000,0.800000,0.799823,-0.000001,0.000070,0.000070,0.420614,1,1,0,1,24.944792,0,0,0,0
42.1813,,0.800000,0.800000,0.799823,-0.000001,0.000070,0.000070,0.420991,1,1,0,1,21.345356,0,0,0,0
42.2061,,0.800000,0.800000,0.799823,-0.000002,0.000070,0.000070,0.421139,1,1,0,1,23.332672,0,0,0,0
42.2306,,0.800000,0.800000,0.799823,0.000001,0.000070,0.000070,0.421142,1,1,0,1,20.755883,0,0,0,0
42.2509,,0.800000,0.800000,0.799823,0.000000,0.000070,0.000070,0.420649,1,1,0,1,24.531668,0,0,0,0
42.2708,,0.800000,0.800000,0.799823,-0.000006,0.000070,0.000070,0.420149,1,1,0,1,20.474547,0,0,0,0
42.2957,,0.800000,0.800000,0.799823,-0.000006,0.000070,0.000070,0.419398,1,1,0,1,20.847895,0,0,0,0
42.3258,,0.800000,0.800000,0.799823,-0.000001,0.000070,0.000070,0.420295,1,1,0,1,23.822012,0,0,0,0
42.3408,,0.800000,0.800000,0.799823,0.000001,0.000070,0.000070,0.421700,1,1,0,1,20.294514,0,0,0,0
42.3615,,0.800000,0.800000,0.799823,0.000002,0.000070,0.000070,0.420254,1,1,0,1,25.440241,0,0,0,0
42.3865,,0.800000,0.800000,0.799823,0.000002,0.000070,0.000070,0.421068,1,1,0,1,20.797823,0,0,0,0
42.4061,,0.800000,0.800000,0.799823,-0.000005,0.000070,0.000070,0.420399,1,1,0,1,23.173956,0,0,0,0
42.4308,,0.799999,0.799999,0.799823,-0.000007,0.000070,0.000070,0.419490,1,1,0,1,20.323358,0,0,0,0
42.4609,,0.799999,0.799999,0.799823,-0.000012,0.000070,0.000070,0.417583,1,1,0,1,24.764916,0,0,0,0
42.4729,,0.799999,0.799999,0.799823,-0.000007,0.000070,0.000070,0.417627,1,1,0,1,20.497258,0,0,0,0
42.5099,,0.799998,0.799998,0.799823,-0.000025,0.000069,0.000069,0.413539,1,1,0,1,24.687711,0,0,0,0
42.5194,,0.799998,0.799998,0.799823,-0.000017,0.000069,0.000069,0.413640,1,1,0,1,23.843254,0,0,0,0
42.5419,,0.799998,0.799998,0.799823,-0.000015,0.000069,0.000069,0.413081,1,1,0,1,22.431706,0,0,0,0
42.5658,,0.799997,0.799997,0.799823,-0.000008,0.000069,0.000069,0.414798,1,1,0,1,23.128277,0,0,0,0
42.5958,,0.799997,0.799997,0.799823,-0.000009,0.000069,0.000069,0.414096,1,1,0,1,20.313202,0,0,0,0
42.6205,,0.799997,0.799997,0.799823,0.000001,0.000069,0.000069,0.414834,1,1,0,1,20.214495,0,0,0,0
42.6310,,0.799997,0.799997,0.799823,-0.000001,0.000069,0.000069,0.415650,1,1,0,1,20.381277,0,0,0,0
42.6508,,0.799997,0.799997,0.799823,0.000002,0.000069,0.000069,0.415648,1,1,0,1,21.087012,0,0,0,0
42.6710,,0.799998,0.799998,0.799823,0.000008,0.000069,0.000069,0.416833,1,1,0,1,23.166657,0,0,0,0
42.6910,,0.799998,0.799998,0.799823,0.000011,0.000070,0.000070,0.418432,1,1,0,1,20.520198,0,0,0,0
42.7161,,0.799998,0.799998,0.799823,0.000010,0.000070,0.000070,0.418286,1,1,0,1,24.645642,0,0,0,0
42.7408,,0.799998,0.799998,0.799823,0.000007,0.000070,0.000070,0.418120,1,1,0,1,20.492181,0,0,0,0
42.7706,,0.799998,0.799998,0.799823,0.000007,0.000070,0.000070,0.418561,1,1,0,1,24.692391,0,0,0,0
42.8011,,0.799998,0.799998,0.799823,0.000006,0.000070,0.000070,0.419601,1,1,0,1,20.069723,0,0,0,0
42.8109,,0.799998,0.799998,0.799823,0.000004,0.000070,0.000070,0.419214,1,1,0,1,25.282885,0,0,0,0
42.8310,,0.799999,0.799999,0.799823,0.000001,0.000070,0.000070,0.418818,1,1,0,1,20.147689,0,0,0,0
42.8610,,0.799999,0.799999,0.799823,0.000002,0.000070,0.000070,0.418740,1,1,0,1,24.712977,0,0,0,0
42.8810,,0.799999,0.799999,0.799823,0.000004,0.000070,0.000070,0.419876,1,1,0,1,24.981839,0,0,0,0
42.9105,,0.799999,0.799999,0.799823,0.000004,0.000070,0.000070,0.419858,1,1,0,1,24.891926,0,0,0,0
42.9407,,0.799999,0.799999,0.799823,0.000005,0.000070,0.000070,0.420464,1,1,0,1,25.145219,0,0,0,0
42.9559,,0.799999,0.799999,0.799823,0.000003,0.000070,0.000070,0.419845,1,1,0,1,21.318193,0,0,0,0
42.9710,,0.799999,0.799999,0.799823,0.000003,0.000070,0.000070,0.419632,1,1,0,1,22.975337,0,0,0,0
42.9912,,0.799999,0.799999,0.799823,0.000004,0.000070,0.000070,0.420177,1,1,0,1,20.139901,0,0,0,0
43.0115,,0.799999,0.799999,0.799823,0.000004,0.000070,0.000070,0.420390,1,1,0,1,20.374948,0,0,0,0
43.0321,,0.799999,0.799999,0.799823,0.000004,0.000070,0.000070,0.420002,1,1,0,1,20.961383,0,0,0,0
43.0527,,0.799999,0.799999,0.799823,0.000004,0.000070,0.000070,0.421649,1,1,0,1,20.379343,0,0,0,0
43.0813,,0.799999,0.799999,0.799823,0.000004,0.000070,0.000070,0.421152,1,1,0,1,23.678308,0,0,0,0
43.1009,,0.800000,0.800000,0.799823,0.000003,0.000070,0.000070,0.421199,1,1,0,1,20.544298,0,0,0,0
43.1262,,0.800000,0.800000,0.799823,0.000003,0.000070,0.000070,0.421764,1,1,0,1,24.163493,0,0,0,0
43.1462,,0.800000,0.800000,0.799823,0.000002,0.000070,0.000070,0.421243,1,1,0,1,20.903564,0,0,0,0
43.1807,,0.800000,0.800000,0.799823,0.000002,0.000070,0.000070,0.421063,1,1,0,1,24.673829,0,0,0,0
43.1862,,0.800000,0.800000,0.799823,0.000001,0.000070,0.000070,0.421949,1,1,0,1,20.064593,0,0,0,0
43.2207,,0.800000,0.800000,0.799823,0.000002,0.000070,0.000070,0.420604,1,1,0,1,24.837742,0,0,0,0
43.2310,,0.800000,0.800000,0.799823,0.000001,0.000070,0.000070,0.421766,1,1,0,1,20.071955,0,0,0,0
43.2562,,0.800000,0.800000,0.799823,0.000001,0.000070,0.000070,0.421190,1,1,0,1,24.622031,0,0,0,0
43.2764,,0.800000,0.800000,0.799823,0.000001,0.000070,0.000070,0.420839,1,1,0,1,20.400758,0,0,0,0
43.3068,,0.800000,0.800000,0.799823,0.000001,0.000070,0.000070,0.421045,1,1,0,1,24.781567,0,0,0,0
43.3260,,0.800000,0.800000,0.799823,0.000001,0.000070,0.000070,0.420576,1,1,0,1,25.040307,0,0,0,0
43.3562,,0.800000,0.800000,0.799823,0.000001,0.000070,0.000070,0.420790,1,1,0,1,20.367587,0,0,0,0
43.3812,,0.800000,0.800000,0.799823,0.000001,0.000070,0.000070,0.421689,1,1,0,1,24.793681,0,0,0,0
43.4011,,0.800000,0.800000,0.799823,0.000001,0.000070,0.000070,0.421513,1,1,0,1,24.695170,0,0,0,0
43.4254,,0.800000,0.800000,0.799823,0.000001,0.000070,0.000070,0.421083,1,1,0,1,24.773174,0,0,0,0
43.4511,,0.800000,0.800000,0.799823,0.000001,0.000070,0.000070,0.420808,1,1,0,1,20.216980,0,0,0,0
43.4706,,0.800000,0.800000,0.799823,-0.000007,0.000070,0.000070,0.419644,1,1,0,1,20.507738,0,0,0,0
43.4914,,0.800000,0.800000,0.799823,-0.000000,0.000070,0.000070,0.421272,1,1,0,1,24.665314,0,0,0,0
43.5166,,0.800000,0.800000,0.799823,0.000001,0.000070,0.000070,0.420513,1,1,0,1,24.962855,0,0,0,0
43.5312,,0.800000,0.800000,0.799823,0.000001,0.000070,0.000070,0.420715,1,1,0,1,20.203129,0,0,0,0
43.5561,,0.800000,0.800000,0.799823,0.000001,0.000070,0.000070,0.421308,1,1,0,1,21.232465,0,0,0,0
43.5758,,0.800000,0.800000,0.799823,0.000001,0.000070,0.000070,0.420696,1,1,0,1,23.566051,0,0,0,0
43.6008,,0.800000,0.800000,0.799823,0.000001,0.000070,0.000070,0.421373,1,1,0,1,20.247933,0,0,0,0
43.6260,,0.800000,0.800000,0.799823,-0.000005,0.000070,0.000070,0.420266,1,1,0,1,24.669159,0,0,0,0
43.6557,,0.800000,0.800000,0.799823,0.000000,0.000070,0.000070,0.420274,1,1,0,1,25.380967,0,0,0,0
43.6711,,0.800000,0.800000,0.799824,0.000001,0.000070,0.000070,0.420086,1,1,0,1,24.197037,0,0,0,0
43.6956,,0.800000,0.800000,0.799823,0.000001,0.000070,0.000070,0.420783,1,1,0,1,20.271558,0,0,0,0
43.7211,,0.800000,0.800000,0.799824,0.000001,0.000070,0.000070,0.420206,1,1,0,1,20.401880,0,0,0,0
43.7358,,0.800000,0.800000,0.799823,0.000000,0.000070,0.000070,0.420726,1,1,0,1,24.560376,0,0,0,0
43.7607,,0.800000,0.800000,0.799823,0.000001,0.000070,0.000070,0.420678,1,1,0,1,20.222294,0,0,0,0
43.7762,,0.800000,0.800000,0.799823,0.000001,0.000070,0.000070,0.421170,1,1,0,1,20.248101,0,0,0,0
43.8157,,0.800000,0.800000,0.799823,0.000001,0.000070,0.000070,0.420677,1,1,0,1,24.871825,0,0,0,0
43.8310,,0.800000,0.800000,0.799823,0.000000,0.000070,0.000070,0.420722,1,1,0,1,25.504249,0,0,0,0
43.8656,,0.800000,0.800000,0.799824,0.000000,0.000070,0.000070,0.420314,1,1,0,1,24.493545,0,0,0,0
43.8761,,0.800000,0.800000,0.799823,0.000000,0.000070,0.000070,0.420863,1,1,0,1,20.247177,0,0,0,0
43.9111,,0.800000,0.800000,0.799823,0.000000,0.000070,0.000070,0.421246,1,1,0,1,25.072191,0,0,0,0
43.9212,,0.800000,0.800000,0.799823,0.000000,0.000070,0.000070,0.420672,1,1,0,1,24.352331,0,0,0,0
43.9413,,0.800000,0.800000,0.799824,0.000000,0.000070,0.000070,0.420316,1,1,0,1,20.516751,0,0,0,0
43.9713,,0.800000,0.800000,0.799824,0.000000,0.000070,0.000070,0.420443,1,1,0,1,24.613905,0,0,0,0
43.9912,,0.800000,0.800000,0.799823,-0.000007,0.000070,0.000070,0.419332,1,1,0,1,20.066516,0,0,0,0
44.0060,,0.800000,0.800000,0.799824,-0.000001,0.000070,0.000070,0.419851,1,1,0,1,20.100103,0,0,0,0
44.0309,,0.800000,0.800000,0.799824,0.000001,0.000070,0.000070,0.419756,1,1,0,1,20.278697,0,0,0,0
44.0559,,0.800000,0.800000,0.799824,0.000001,0.000070,0.000070,0.419916,1,1,0,1,24.490034,0,0,0,0
44.0713,,0.800000,0.800000,0.799823,0.000001,0.000070,0.000070,0.420854,1,1,0,1,20.067933,0,0,0,0
44.1010,,0.800000,0.800000,0.799823,0.000001,0.000070,0.000070,0.420736,1,1,0,1,20.162514,0,0,0,0
44.1158,,0.800000,0.800000,0.799824,0.000001,0.000070,0.000070,0.419739,1,1,0,1,20.115455,0,0,0,0
44.1411,,0.800000,0.800000,0.799824,0.000001,0.000070,0.000070,0.420456,1,1,0,1,24.790996,0,0,0,0
44.1558,,0.800000,0.800000,0.799824,0.000000,0.000070,0.000070,0.420360,1,1,0,1,20.210755,0,0,0,0
44.1757,,0.800000,0.800000,0.799824,0.000000,0.000070,0.000070,0.420371,1,1,0,1,20.159360,0,0,0,0
44.2062,,0.800000,0.800000,0.799823,0.000001,0.000070,0.000070,0.420889,1,1,0,1,24.399671,0,0,0,0
44.2310,,0.800000,0.800000,0.799823,0.000000,0.000070,0.000070,0.420790,1,1,0,1,25.500633,0,0,0,0
44.2506,,0.800000,0.800000,0.799823,0.000000,0.000070,0.000070,0.420785,1,1,0,1,20.099539,0,0,0,0
44.2712,,0.800000,0.800000,0.799824,0.000000,0.000070,0.000070,0.419446,1,1,0,1,24.488576,0,0,0,0
44.2911,,0.800000,0.800000,0.799824,-0.000001,0.000070,0.000070,0.420338,1,1,0,1,20.495995,0,0,0,0
44.3309,,0.800000,0.800000,0.799823,0.000000,0.000070,0.000070,0.420849,1,1,0,1,24.877833,0,0,0,0
44.3457,,0.800000,0.800000,0.799823,0.000000,0.000070,0.000070,0.420772,1,1,0,1,20.178427,0,0,0,0
44.3709,,0.800000,0.800000,0.799823,0.000000,0.000070,0.000070,0.420803,1,1,0,1,24.824790,0,0,0,0
44.3961,,0.800000,0.800000,0.799824,-0.000001,0.000070,0.000070,0.420017,1,1,0,1,24.783555,0,0,0,0
44.4109,,0.800000,0.800000,0.799823,0.000000,0.000070,0.000070,0.420808,1,1,0,1,20.346812,0,0,0,0
44.4262,,0.800000,0.800000,0.799823,0.000000,0.000070,0.000070,0.420742,1,1,0,1,20.294919,0,0,0,0
44.4607,,0.800000,0.800000,0.799824,0.000000,0.000070,0.000070,0.419878,1,1,0,1,23.959286,0,0,0,0
44.4714,,0.800000,0.800000,0.799823,0.000000,0.000070,0.000070,0.420993,1,1,0,1,20.535832,0,0,0,0
44.5010,,0.800000,0.800000,0.799823,0.000000,0.000070,0.000070,0.420813,1,1,0,1,25.273959,0,0,0,0
44.5211,,0.800000,0.800000,0.799824,0.000000,0.000070,0.000070,0.420345,1,1,0,1,24.329235,0,0,0,0
44.5457,,0.800000,0.800000,0.799824,-0.000002,0.000070,0.000070,0.420044,1,1,0,1,20.332075,0,0,0,0
44.5710,,0.800000,0.800000,0.799823,0.000000,0.000070,0.000070,0.420803,1,1,0,1,25.076170,0,0,0,0
44.5958,,0.800000,0.800000,0.799823,0.000000,0.000070,0.000070,0.421228,1,1,0,1,24.597776,0,0,0,0
44.6113,,0.800000,0.800000,0.799824,0.000000,0.000070,0.000070,0.420195,1,1,0,1,20.629942,0,0,0,0
44.6359,,0.800000,0.800000,0.799823,0.000000,0.000070,0.000070,0.420893,1,1,0,1,24.405097,0,0,0,0
44.6618,,0.800000,0.800000,0.799823,0.000000,0.000070,0.000070,0.420818,1,1,0,1,20.440723,0,0,0,0
44.6808,,0.800000,0.800000,0.799824,-0.000002,0.000070,0.000070,0.419392,1,1,0,1,20.349541,0,0,0,0
44.7014,,0.800000,0.800000,0.799824,-0.000000,0.000070,0.000070,0.419953,1,1,0,1,24.024970,0,0,0,0
44.7257,,0.800000,0.800000,0.799824,0.000000,0.000070,0.000070,0.420040,1,1,0,1,20.478256,0,0,0,0
44.7412,,0.800000,0.800000,0.799824,0.000000,0.000070,0.000070,0.420508,1,1,0,1,20.245238,0,0,0,0
44.7664,,0.800000,0.800000,0.799824,0.000000,0.000070,0.000070,0.420426,1,1,0,1,24.397793,0,0,0,0
44.8010,,0.800000,0.800000,0.799824,0.000000,0.000070,0.000070,0.420010,1,1,0,1,25.468124,0,0,0,0
44.8306,,0.800000,0.800000,0.799824,-0.000007,0.000070,0.000070,0.418222,1,1,0,1,25.078659,0,0,0,0
44.8508,,0.800000,0.800000,0.799824,-0.000001,0.000070,0.000070,0.419920,1,1,0,1,29.547045,0,0,0,0
44.8708,,0.800000,0.800000,0.799824,0.000001,0.000070,0.000070,0.420115,1,1,0,1,20.277898,0,0,0,0
44.8956,,0.800000,0.800000,0.799824,0.000001,0.000070,0.000070,0.419755,1,1,0,1,24.712335,0,0,0,0
44.9158,,0.800000,0.800000,0.799824,0.000001,0.000070,0.000070,0.419436,1,1,0,1,25.236439,0,0,0,0
44.9413,,0.800000,0.800000,0.799824,0.000001,0.000070,0.000070,0.419563,1,1,0,1,24.717692,0,0,0,0
44.9713,,0.800000,0.800000,0.799824,0.000001,0.000070,0.000070,0.420118,1,1,0,1,20.346134,0,0,0,0
44.9810,,0.800000,0.800000,0.799824,0.000000,0.000070,0.000070,0.419924,1,1,0,1,20.088357,0,0,0,0
45.0111,,0.800000,0.800000,0.799824,0.000001,0.000070,0.000070,0.420468,1,1,0,1,24.432921,0,0,0,0
45.0257,,0.800000,0.800000,0.799824,0.000000,0.000070,0.000070,0.419858,1,1,0,1,20.521459,0,0,0,0
45.0605,,0.800000,0.800000,0.799824,0.000001,0.000070,0.000070,0.419151,1,1,0,1,24.935128,0,0,0,0
45.0807,,0.800000,0.800000,0.799824,0.000000,0.000070,0.000070,0.419781,1,1,0,1,24.499569,0,0,0,0
45.0957,,0.800000,0.800000,0.799824,0.000000,0.000070,0.000070,0.420155,1,1,0,1,20.259987,0,0,0,0
45.1256,,0.800000,0.800000,0.799824,0.000000,0.000070,0.000070,0.419633,1,1,0,1,25.065900,0,0,0,0
45.1454,,0.800000,0.800000,0.799824,0.000000,0.000070,0.000070,0.419703,1,1,0,1,24.629401,0,0,0,0
45.1710,,0.800000,0.800000,0.799824,-0.000009,0.000070,0.000070,0.417594,1,1,0,1,20.331507,0,0,0,0
45.1857,,0.800000,0.800000,0.799824,-0.000001,0.000070,0.000070,0.419027,1,1,0,1,20.110231,0,0,0,0
45.2109,,0.800000,0.800000,0.799824,0.000001,0.000070,0.000070,0.420285,1,1,0,1,24.988659,0,0,0,0
45.2409,,0.800000,0.800000,0.799824,0.000002,0.000070,0.000070,0.420336,1,1,0,1,20.124329,0,0,0,0
45.2558,,0.800000,0.800000,0.799824,0.000001,0.000070,0.000070,0.419760,1,1,0,1,20.086378,0,0,0,0
45.2814,,0.800000,0.800000,0.799824,0.000001,0.000070,0.000070,0.420417,1,1,0,1,21.101051,0,0,0,0
45.3011,,0.800000,0.800000,0.799824,0.000001,0.000070,0.000070,0.418922,1,1,0,1,23.899806,0,0,0,0
45.3359,,0.800000,0.800000,0.799824,0.000001,0.000070,0.000070,0.419723,1,1,0,1,24.949081,0,0,0,0
45.3413,,0.800000,0.800000,0.799824,0.000000,0.000070,0.000070,0.420524,1,1,0,1,20.385795,0,0,0,0
45.3714,,0.800000,0.800000,0.799824,0.000001,0.000070,0.000070,0.419928,1,1,0,1,24.720446,0,0,0,0
45.3911,,0.800000,0.800000,0.799824,0.000000,0.000070,0.000070,0.420009,1,1,0,1,24.643398,0,0,0,0
45.4214,,0.800000,0.800000,0.799824,0.000001,0.000070,0.000070,0.420541,1,1,0,1,20.450823,0,0,0,0
45.4363,,0.800000,0.800000,0.799823,0.000000,0.000070,0.000070,0.420850,1,1,0,1,24.654799,0,0,0,0
45.4656,,0.800000,0.800000,0.799824,0.000000,0.000070,0.000070,0.419380,1,1,0,1,20.109666,0,0,0,0
45.4759,,0.800000,0.800000,0.799824,0.000000,0.000070,0.000070,0.419700,1,1,0,1,20.150351,0,0,0,0
45.5075,,0.800000,0.800000,0.799824,0.000000,0.000070,0.000070,0.419730,1,1,0,1,24.462577,0,0,0,0
45.5229,,0.800000,0.800000,0.799823,-0.000009,0.000070,0.000070,0.419448,1,1,0,1,22.210008,0,0,0,0
45.5559,,0.800000,0.800000,0.799823,0.000000,0.000070,0.000070,0.420733,1,1,0,1,23.086555,0,0,0,0
45.5808,,0.800000,0.800000,0.799823,0.000001,0.000070,0.000070,0.420449,1,1,0,1,24.926664,0,0,0,0
45.6059,,0.800000,0.800000,0.799823,0.000001,0.000070,0.000070,0.420643,1,1,0,1,20.293405,0,0,0,0
45.6213,,0.800000,0.800000,0.799823,0.000001,0.000070,0.000070,0.420608,1,1,0,1,21.546291,0,0,0,0
45.6474,,0.800000,0.800000,0.799823,0.000001,0.000070,0.000070,0.420653,1,1,0,1,30.139515,0,0,0,0
45.6661,,0.800000,0.800000,0.799823,0.000001,0.000070,0.000070,0.421147,1,1,0,1,22.984545,0,0,0,0
45.6955,,0.800000,0.800000,0.799823,0.000001,0.000070,0.000070,0.420643,1,1,0,1,20.257572,0,0,0,0
45.7061,,0.800000,0.800000,0.799823,0.000001,0.000070,0.000070,0.420718,1,1,0,1,20.314373,0,0,0,0
45.7307,,0.800000,0.800000,0.799823,0.000001,0.000070,0.000070,0.421221,1,1,0,1,24.145185,0,0,0,0
45.7509,,0.800000,0.800000,0.799823,0.000001,0.000070,0.000070,0.420678,1,1,0,1,20.401946,0,0,0,0
45.7807,,0.800000,0.800000,0.799824,0.000001,0.000070,0.000070,0.419922,1,1,0,1,24.914057,0,0,0,0
45.8060,,0.800000,0.800000,0.799824,0.000001,0.000070,0.000070,0.419651,1,1,0,1,20.432162,0,0,0,0
45.8162,,0.800000,0.800000,0.799824,0.000000,0.000070,0.000070,0.420185,1,1,0,1,20.103744,0,0,0,0
45.8373,,0.800000,0.800000,0.799824,-0.000002,0.000070,0.000070,0.419486,1,1,0,1,20.967351,0,0,0,0
45.8661,,0.800000,0.800000,0.799824,0.000000,0.000070,0.000070,0.419530,1,1,0,1,23.134443,0,0,0,0
45.8858,,0.800000,0.800000,0.799824,0.000001,0.000070,0.000070,0.419215,1,1,0,1,20.495649,0,0,0,0
45.9158,,0.800000,0.800000,0.799824,0.000001,0.000070,0.000070,0.419829,1,1,0,1,25.085820,0,0,0,0
45.9409,,0.800000,0.800000,0.799824,0.000001,0.000070,0.000070,0.420204,1,1,0,1,25.060789,0,0,0,0
45.9659,,0.800000,0.800000,0.799824,-0.000009,0.000070,0.000070,0.418032,1,1,0,1,20.062944,0,0,0,0
45.9809,,0.800000,0.800000,0.799824,-0.000001,0.000070,0.000070,0.419903,1,1,0,1,24.616060,0,0,0,0
46.0162,,0.800000,0.800000,0.799824,0.000001,0.000070,0.000070,0.419833,1,1,0,1,25.415821,0,0,0,0
46.0308,,0.800000,0.800000,0.799824,0.000001,0.000070,0.000070,0.419895,1,1,0,1,20.093596,0,0,0,0
46.0561,,0.800000,0.800000,0.799824,0.000001,0.000070,0.000070,0.419541,1,1,0,1,24.847228,0,0,0,0
46.0811,,0.800000,0.800000,0.799824,0.000001,0.000070,0.000070,0.420144,1,1,0,1,24.447828,0,0,0,0
46.1059,,0.800000,0.800000,0.799824,0.000001,0.000070,0.000070,0.420594,1,1,0,1,21.270056,0,0,0,0
46.1209,,0.800000,0.800000,0.799824,0.000001,0.000070,0.000070,0.419970,1,1,0,1,23.665203,0,0,0,0
46.1559,,0.800000,0.800000,0.799824,0.000001,0.000070,0.000070,0.420214,1,1,0,1,20.393873,0,0,0,0
46.1758,,0.800000,0.800000,0.799824,-0.000007,0.000070,0.000070,0.417920,1,1,0,1,25.088947,0,0,0,0
46.2009,,0.800000,0.800000,0.799824,-0.000000,0.000070,0.000070,0.419730,1,1,0,1,24.999331,0,0,0,0
46.2258,,0.800000,0.800000,0.799824,0.000001,0.000070,0.000070,0.419436,1,1,0,1,24.549422,0,0,0,0
46.2308,,0.800000,0.800000,0.799824,0.000001,0.000070,0.000070,0.420371,1,1,0,1,20.289725,0,0,0,0
46.2625,,0.800000,0.800000,0.799823,0.000001,0.000070,0.000070,0.420853,1,1,0,1,25.431000,0,0,0,0
46.2865,,0.800000,0.800000,0.799824,0.000001,0.000070,0.000070,0.419914,1,1,0,1,24.825486,0,0,0,0
46.3208,,0.800000,0.800000,0.799824,0.000001,0.000070,0.000070,0.420138,1,1,0,1,24.754830,0,0,0,0
46.3309,,0.800000,0.800000,0.799824,0.000001,0.000070,0.000070,0.420084,1,1,0,1,20.080106,0,0,0,0
46.3512,,0.800000,0.800000,0.799824,0.000001,0.000070,0.000070,0.420614,1,1,0,1,20.447805,0,0,0,0
46.3760,,0.800000,0.800000,0.799823,-0.000007,0.000070,0.000070,0.419087,1,1,0,1,24.346927,0,0,0,0
46.3908,,0.800000,0.800000,0.799824,-0.000001,0.000070,0.000070,0.418804,1,1,0,1,20.222284,0,0,0,0
46.4158,,0.800000,0.800000,0.799824,0.000001,0.000070,0.000070,0.420426,1,1,0,1,24.657969,0,0,0,0
46.4446,,0.800000,0.800000,0.799824,0.000001,0.000070,0.000070,0.419364,1,1,0,1,20.552612,0,0,0,0
46.4588,,0.800000,0.800000,0.799824,0.000001,0.000070,0.000070,0.419915,1,1,0,1,21.132824,0,0,0,0
46.4814,,0.800000,0.800000,0.799824,0.000001,0.000070,0.000070,0.419497,1,1,0,1,23.863176,0,0,0,0
46.5094,,0.800000,0.800000,0.799824,0.000001,0.000070,0.000070,0.420661,1,1,0,1,24.163407,0,0,0,0
46.5433,,0.800000,0.800000,0.799824,0.000001,0.000070,0.000070,0.419591,1,1,0,1,24.648696,0,0,0,0
46.5521,,0.800000,0.800000,0.799824,0.000001,0.000070,0.000070,0.420143,1,1,0,1,22.425736,0,0,0,0
46.5919,,0.800000,0.800000,0.799824,0.000001,0.000070,0.000070,0.420615,1,1,0,1,24.204481,0,0,0,0
46.6114,,0.800000,0.800000,0.799824,0.000000,0.000070,0.000070,0.420462,1,1,0,1,20.373202,0,0,0,0
46.6270,,0.800000,0.800000,0.799824,-0.000005,0.000070,0.000070,0.419217,1,1,0,1,24.388017,0,0,0,0
46.6502,,0.800000,0.800000,0.799824,-0.000000,0.000070,0.000070,0.420055,1,1,0,1,20.576022,0,0,0,0
46.6738,,0.800000,0.800000,0.799824,0.000001,0.000070,0.000070,0.419379,1,1,0,1,23.825932,0,0,0,0
46.6880,,0.800000,0.800000,0.799824,0.000001,0.000070,0.000070,0.420075,1,1,0,1,22.306019,0,0,0,0
46.7117,,0.800000,0.800000,0.799824,0.000001,0.000070,0.000070,0.420038,1,1,0,1,23.549801,0,0,0,0
46.7317,,0.800000,0.800000,0.799824,0.000001,0.000070,0.000070,0.419561,1,1,0,1,20.196491,0,0,0,0
46.7567,,0.800000,0.800000,0.799824,0.000001,0.000070,0.000070,0.419701,1,1,0,1,21.084412,0,0,0,0
46.7771,,0.800000,0.800000,0.799824,0.000000,0.000070,0.000070,0.420136,1,1,0,1,23.637945,0,0,0,0
46.7969,,0.800000,0.800000,0.799824,0.000001,0.000070,0.000070,0.420566,1,1,0,1,20.160542,0,0,0,0
46.8264,,0.800000,0.800000,0.799824,0.000001,0.000070,0.000070,0.419577,1,1,0,1,20.084509,0,0,0,0
46.8415,,0.800000,0.800000,0.799824,-0.000002,0.000070,0.000070,0.419263,1,1,0,1,24.956635,0,0,0,0
46.8664,,0.800000,0.800000,0.799824,0.000000,0.000070,0.000070,0.420130,1,1,0,1,20.082177,0,0,0,0
46.8868,,0.800000,0.800000,0.799824,0.000001,0.000070,0.000070,0.419635,1,1,0,1,20.235748,0,0,0,0
46.9167,,0.800000,0.800000,0.799824,0.000001,0.000070,0.000070,0.420231,1,1,0,1,25.149667,0,0,0,0
46.9567,,0.800000,0.800000,0.799824,-0.000001,0.000070,0.000070,0.418842,1,1,0,1,29.414908,0,0,0,0
46.9618,,0.800000,0.800000,0.799824,-0.000000,0.000070,0.000070,0.419215,1,1,0,1,25.133429,0,0,0,0
46.9965,,0.800000,0.800000,0.799824,0.000001,0.000070,0.000070,0.419832,1,1,0,1,20.173287,0,0,0,0
47.0069,,0.800000,0.800000,0.799824,0.000000,0.000070,0.000070,0.419694,1,1,0,1,24.591791,0,0,0,0
47.0316,,0.800000,0.800000,0.799824,0.000001,0.000070,0.000070,0.419280,1,1,0,1,20.196727,0,0,0,0
47.0572,,0.800000,0.800000,0.799824,-0.000002,0.000070,0.000070,0.419206,1,1,0,1,20.102117,0,0,0,0
47.0718,,0.800000,0.800000,0.799824,0.000000,0.000070,0.000070,0.419108,1,1,0,1,20.099854,0,0,0,0
47.0915,,0.800000,0.800000,0.799824,0.000000,0.000070,0.000070,0.419765,1,1,0,1,20.147983,0,0,0,0
47.1167,,0.800000,0.800000,0.799824,0.000001,0.000070,0.000070,0.418828,1,1,0,1,21.178389,0,0,0,0
47.1317,,0.800000,0.800000,0.799824,0.000000,0.000070,0.000070,0.419438,1,1,0,1,23.489030,0,0,0,0
47.1520,,0.800000,0.800000,0.799824,0.000000,0.000070,0.000070,0.418903,1,1,0,1,20.109260,0,0,0,0
47.1729,,0.800000,0.800000,0.799824,-0.000005,0.000070,0.000070,0.417276,1,1,0,1,20.177926,0,0,0,0
47.2015,,0.800000,0.800000,0.799824,0.000000,0.000070,0.000070,0.419303,1,1,0,1,24.241924,0,0,0,0
47.2167,,0.800000,0.800000,0.799824,0.000001,0.000070,0.000070,0.418740,1,1,0,1,20.940002,0,0,0,0
47.2474,,0.800000,0.800000,0.799824,0.000001,0.000070,0.000070,0.419425,1,1,0,1,25.236344,0,0,0,0
47.2670,,0.800000,0.800000,0.799824,0.000001,0.000070,0.000070,0.419297,1,1,0,1,20.800808,0,0,0,0
47.2871,,0.800000,0.800000,0.799824,0.000001,0.000070,0.000070,0.418872,1,1,0,1,23.969893,0,0,0,0
47.3173,,0.800000,0.800000,0.799824,0.000001,0.000070,0.000070,0.419510,1,1,0,1,20.190446,0,0,0,0
47.3373,,0.800000,0.800000,0.799824,0.000000,0.000070,0.000070,0.418921,1,1,0,1,24.521570,0,0,0,0
47.3695,,0.800000,0.800000,0.799824,-0.000006,0.000070,0.000070,0.417551,1,1,0,1,24.559177,0,0,0,0
47.3887,,0.800000,0.800000,0.799824,-0.000000,0.000070,0.000070,0.418603,1,1,0,1,23.366093,0,0,0,0
47.4118,,0.800000,0.800000,0.799824,0.000001,0.000070,0.000070,0.419330,1,1,0,1,23.499640,0,0,0,0
47.4374,,0.800000,0.800000,0.799824,0.000001,0.000070,0.000070,0.418803,1,1,0,1,23.409150,0,0,0,0
47.4513,,0.800000,0.800000,0.799824,0.000001,0.000070,0.000070,0.418864,1,1,0,1,20.395668,0,0,0,0
47.4720,,0.800000,0.800000,0.799824,0.000001,0.000070,0.000070,0.418891,1,1,0,1,21.124184,0,0,0,0
47.5019,,0.800000,0.800000,0.799824,0.000001,0.000070,0.000070,0.419436,1,1,0,1,24.496003,0,0,0,0
47.5220,,0.800000,0.800000,0.799824,0.000001,0.000070,0.000070,0.418877,1,1,0,1,23.808587,0,0,0,0
47.5419,,0.800000,0.800000,0.799824,0.000001,0.000070,0.000070,0.419007,1,1,0,1,20.150392,0,0,0,0
47.5647,,0.800000,0.800000,0.799824,0.000001,0.000070,0.000070,0.417682,1,1,0,1,25.318798,0,0,0,0
47.5819,,0.800000,0.800000,0.799824,0.000000,0.000070,0.000070,0.419316,1,1,0,1,20.456475,0,0,0,0
47.6094,,0.800000,0.800000,0.799824,-0.000006,0.000070,0.000070,0.418429,1,1,0,1,22.531680,0,0,0,0
47.6338,,0.800000,0.800000,0.799824,-0.000000,0.000070,0.000070,0.418437,1,1,0,1,23.400569,0,0,0,0
47.6556,,0.800000,0.800000,0.799824,0.000001,0.000070,0.000070,0.418800,1,1,0,1,22.231318,0,0,0,0
47.6747,,0.800000,0.800000,0.799824,0.000001,0.000070,0.000070,0.419734,1,1,0,1,24.271285,0,0,0,0
47.7072,,0.800000,0.800000,0.799824,0.000001,0.000070,0.000070,0.419668,1,1,0,1,27.277297,0,0,0,0
47.7374,,0.800000,0.800000,0.799824,0.000001,0.000070,0.000070,0.419741,1,1,0,1,20.380248,0,0,0,0
47.7527,,0.800000,0.800000,0.799824,0.000001,0.000070,0.000070,0.419231,1,1,0,1,29.941861,0,0,0,0
47.7878,,0.800000,0.800000,0.799824,0.000001,0.000070,0.000070,0.419873,1,1,0,1,24.825692,0,0,0,0
47.8173,,0.800000,0.800000,0.799824,-0.000003,0.000070,0.000070,0.419014,1,1,0,1,25.065420,0,0,0,0
47.8322,,0.800000,0.800000,0.799824,0.000000,0.000070,0.000070,0.419053,1,1,0,1,21.473655,0,0,0,0
47.8635,,0.800000,0.800000,0.799824,0.000001,0.000070,0.000070,0.419311,1,1,0,1,23.400758,0,0,0,0
47.8772,,0.800000,0.800000,0.799824,0.000001,0.000070,0.000070,0.419784,1,1,0,1,21.274379,0,0,0,0
47.8935,,0.800000,0.800000,0.799824,-0.000002,0.000070,0.000070,0.419119,1,1,0,1,23.756688,0,0,0,0
47.9223,,0.800000,0.800000,0.799824,-0.000008,0.000070,0.000070,0.417057,1,1,0,1,22.696670,0,0,0,0
47.9477,,0.800000,0.800000,0.799824,0.000000,0.000070,0.000070,0.419198,1,1,0,1,21.901697,0,0,0,0
47.9573,,0.800000,0.800000,0.799824,0.000001,0.000070,0.000070,0.418721,1,1,0,1,20.686801,0,0,0,0
47.9876,,0.800000,0.800000,0.799824,0.000002,0.000070,0.000070,0.419084,1,1,0,1,24.666862,0,0,0,0
48.0123,,0.800000,0.800000,0.799824,0.000002,0.000070,0.000070,0.419690,1,1,0,1,20.229912,0,0,0,0
48.0276,,0.800000,0.800000,0.799824,-0.000003,0.000070,0.000070,0.418411,1,1,0,1,25.565008,0,0,0,0
48.0519,,0.800000,0.800000,0.799824,0.000001,0.000070,0.000070,0.419213,1,1,0,1,23.813080,0,0,0,0
48.0774,,0.800000,0.800000,0.799824,-0.000007,0.000070,0.000070,0.417510,1,1,0,1,20.516621,0,0,0,0
48.1022,,0.800000,0.800000,0.799824,-0.000003,0.000070,0.000070,0.417619,1,1,0,1,20.307335,0,0,0,0
48.1221,,0.799999,0.799999,0.799824,-0.000002,0.000070,0.000070,0.417241,1,1,0,1,24.546668,0,0,0,0
48.1483,,0.800000,0.800000,0.799824,0.000002,0.000070,0.000070,0.419679,1,1,0,1,25.202403,0,0,0,0
48.1621,,0.800000,0.800000,0.799824,0.000002,0.000070,0.000070,0.417563,1,1,0,1,20.180969,0,0,0,0
48.1858,,0.800000,0.800000,0.799824,0.000002,0.000070,0.000070,0.418546,1,1,0,1,23.223616,0,0,0,0
48.2092,,0.800000,0.800000,0.799824,-0.000004,0.000070,0.000070,0.417647,1,1,0,1,23.294758,0,0,0,0
48.2314,,0.800000,0.800000,0.799824,-0.000001,0.000070,0.000070,0.418530,1,1,0,1,20.748183,0,0,0,0
48.2572,,0.800000,0.800000,0.799824,0.000003,0.000070,0.000070,0.419247,1,1,0,1,20.061509,0,0,0,0
48.2873,,0.800000,0.800000,0.799824,0.000003,0.000070,0.000070,0.419405,1,1,0,1,22.399703,0,0,0,0
48.2972,,0.800000,0.800000,0.799824,0.000001,0.000070,0.000070,0.419062,1,1,0,1,20.054188,0,0,0,0
48.3224,,0.800000,0.800000,0.799824,0.000002,0.000070,0.000070,0.418950,1,1,0,1,20.965805,0,0,0,0
48.3421,,0.800000,0.800000,0.799824,0.000001,0.000070,0.000070,0.419431,1,1,0,1,23.758957,0,0,0,0
48.3593,,0.800000,0.800000,0.799824,0.000002,0.000070,0.000070,0.418981,1,1,0,1,20.221147,0,0,0,0
48.3974,,0.800000,0.800000,0.799824,0.000002,0.000070,0.000070,0.419269,1,1,0,1,25.233776,0,0,0,0
48.4175,,0.800000,0.800000,0.799824,0.000000,0.000070,0.000070,0.419873,1,1,0,1,24.717241,0,0,0,0
48.4378,,0.800000,0.800000,0.799824,-0.000008,0.000069,0.000069,0.416499,1,1,0,1,20.129510,0,0,0,0
48.4478,,0.800000,0.800000,0.799824,-0.000001,0.000070,0.000070,0.418111,1,1,0,1,20.672388,0,0,0,0
48.4779,,0.800000,0.800000,0.799824,0.000002,0.000070,0.000070,0.418610,1,1,0,1,26.077304,0,0,0,0
48.4976,,0.800000,0.800000,0.799824,0.000002,0.000070,0.000070,0.418657,1,1,0,1,23.414014,0,0,0,0
48.5236,,0.800000,0.800000,0.799824,-0.000000,0.000070,0.000070,0.419257,1,1,0,1,20.986806,0,0,0,0
48.5425,,0.800000,0.800000,0.799824,0.000001,0.000070,0.000070,0.418938,1,1,0,1,24.426187,0,0,0,0
48.5730,,0.800000,0.800000,0.799824,-0.000005,0.000070,0.000070,0.417109,1,1,0,1,20.469997,0,0,0,0
48.5939,,0.800000,0.800000,0.799824,0.000000,0.000070,0.000070,0.419239,1,1,0,1,24.661853,0,0,0,0
48.6123,,0.800000,0.800000,0.799824,0.000001,0.000070,0.000070,0.418386,1,1,0,1,23.724982,0,0,0,0
48.6422,,0.800000,0.800000,0.799824,0.000002,0.000070,0.000070,0.420203,1,1,0,1,20.275586,0,0,0,0
48.6579,,0.800000,0.800000,0.799824,0.000001,0.000070,0.000070,0.418876,1,1,0,1,23.059172,0,0,0,0
48.6937,,0.800000,0.800000,0.799824,-0.000004,0.000070,0.000070,0.417795,1,1,0,1,33.556863,0,0,0,0
48.7186,,0.800000,0.800000,0.799824,0.000001,0.000070,0.000070,0.419224,1,1,0,1,24.789030,0,0,0,0
48.7492,,0.800000,0.800000,0.799824,0.000002,0.000070,0.000070,0.418932,1,1,0,1,25.164080,0,0,0,0
48.7583,,0.800000,0.800000,0.799824,-0.000001,0.000070,0.000070,0.418524,1,1,0,1,20.144625,0,0,0,0
48.8086,,0.800000,0.800000,0.799824,0.000003,0.000070,0.000070,0.418965,1,1,0,1,24.811744,0,0,0,0
48.8187,,0.800000,0.800000,0.799824,0.000001,0.000070,0.000070,0.419127,1,1,0,1,30.010839,0,0,0,0
48.8483,,0.800000,0.800000,0.799824,0.000002,0.000070,0.000070,0.419265,1,1,0,1,24.242231,0,0,0,0
48.8588,,0.800000,0.800000,0.799824,0.000001,0.000070,0.000070,0.419151,1,1,0,1,20.228876,0,0,0,0
48.8789,,0.800000,0.800000,0.799824,0.000001,0.000070,0.000070,0.419150,1,1,0,1,20.482769,0,0,0,0
48.9086,,0.800000,0.800000,0.799824,0.000001,0.000070,0.000070,0.418861,1,1,0,1,25.301176,0,0,0,0
48.9384,,0.800000,0.800000,0.799824,0.000001,0.000070,0.000070,0.418426,1,1,0,1,25.146963,0,0,0,0
48.9537,,0.800000,0.800000,0.799824,0.000000,0.000070,0.000070,0.418989,1,1,0,1,24.205767,0,0,0,0
48.9785,,0.800000,0.800000,0.799824,0.000001,0.000070,0.000070,0.419876,1,1,0,1,20.604058,0,0,0,0
49.0090,,0.800000,0.800000,0.799824,0.000001,0.000070,0.000070,0.419293,1,1,0,1,24.745175,0,0,0,0
49.0442,,0.800000,0.800000,0.799824,-0.000002,0.000070,0.000070,0.418775,1,1,0,1,24.844682,0,0,0,0
49.0684,,0.800000,0.800000,0.799824,0.000000,0.000070,0.000070,0.419172,1,1,0,1,25.765010,0,0,0,0
49.0783,,0.800000,0.800000,0.799824,0.000000,0.000070,0.000070,0.419205,1,1,0,1,24.223981,0,0,0,0
49.0987,,0.800000,0.800000,0.799824,0.000001,0.000070,0.000070,0.418832,1,1,0,1,20.208645,0,0,0,0
49.1281,,0.800000,0.800000,0.799824,0.000001,0.000070,0.000070,0.418984,1,1,0,1,24.903798,0,0,0,0
49.1437,,0.800000,0.800000,0.799824,0.000001,0.000070,0.000070,0.419473,1,1,0,1,20.086059,0,0,0,0
49.1736,,0.800000,0.800000,0.799824,-0.000002,0.000070,0.000070,0.418235,1,1,0,1,24.696740,0,0,0,0
49.1892,,0.800000,0.800000,0.799824,0.000000,0.000070,0.000070,0.418793,1,1,0,1,20.297061,0,0,0,0
49.2029,,0.800000,0.800000,0.799824,0.000000,0.000070,0.000070,0.418838,1,1,0,1,20.515164,0,0,0,0
49.2288,,0.800000,0.800000,0.799824,0.000001,0.000070,0.000070,0.419027,1,1,0,1,24.148016,0,0,0,0
49.2538,,0.800000,0.800000,0.799824,0.000001,0.000070,0.000070,0.418111,1,1,0,1,25.589174,0,0,0,0
49.2787,,0.800000,0.800000,0.799824,0.000000,0.000070,0.000070,0.418628,1,1,0,1,24.946158,0,0,0,0
49.3234,,0.800000,0.800000,0.799824,0.000001,0.000070,0.000070,0.419181,1,1,0,1,24.859427,0,0,0,0
49.3488,,0.800000,0.800000,0.799824,-0.000007,0.000070,0.000070,0.417703,1,1,0,1,24.773911,0,0,0,0
49.3586,,0.800000,0.800000,0.799824,-0.000001,0.000070,0.000070,0.417846,1,1,0,1,25.412431,0,0,0,0
49.3783,,0.800000,0.800000,0.799824,0.000001,0.000070,0.000070,0.418802,1,1,0,1,24.344276,0,0,0,0
49.4088,,0.800000,0.800000,0.799824,0.000002,0.000070,0.000070,0.418940,1,1,0,1,20.292624,0,0,0,0
49.4285,,0.800000,0.800000,0.799824,0.000001,0.000070,0.000070,0.418409,1,1,0,1,24.853135,0,0,0,0
49.4537,,0.800000,0.800000,0.799824,0.000001,0.000070,0.000070,0.418604,1,1,0,1,20.479070,0,0,0,0
49.4749,,0.800000,0.800000,0.799824,0.000001,0.000070,0.000070,0.418547,1,1,0,1,24.494983,0,0,0,0
49.4985,,0.800000,0.800000,0.799824,0.000001,0.000070,0.000070,0.419076,1,1,0,1,20.165017,0,0,0,0
49.5139,,0.800000,0.800000,0.799824,0.000001,0.000070,0.000070,0.418008,1,1,0,1,20.589500,0,0,0,0
49.5387,,0.800000,0.800000,0.799824,0.000001,0.000070,0.000070,0.419167,1,1,0,1,24.516739,0,0,0,0
49.5737,,0.800000,0.800000,0.799824,0.000001,0.000070,0.000070,0.419034,1,1,0,1,25.074816,0,0,0,0
49.5848,,0.800000,0.800000,0.799824,-0.000001,0.000070,0.000070,0.419155,1,1,0,1,24.671894,0,0,0,0
49.6184,,0.800000,0.800000,0.799824,0.000001,0.000070,0.000070,0.419834,1,1,0,1,20.214439,0,0,0,0
49.6288,,0.800000,0.800000,0.799824,0.000001,0.000070,0.000070,0.418330,1,1,0,1,20.239293,0,0,0,0
49.6488,,0.800000,0.800000,0.799824,0.000000,0.000070,0.000070,0.418576,1,1,0,1,20.184625,0,0,0,0
49.6689,,0.800000,0.800000,0.799824,-0.000011,0.000069,0.000069,0.416581,1,1,0,1,20.835358,0,0,0,0
49.6938,,0.800000,0.800000,0.799824,-0.000001,0.000070,0.000070,0.418292,1,1,0,1,24.027086,0,0,0,0
49.7142,,0.800000,0.800000,0.799824,0.000001,0.000070,0.000070,0.418633,1,1,0,1,20.284109,0,0,0,0
49.7386,,0.800000,0.800000,0.799824,0.000001,0.000070,0.000070,0.418143,1,1,0,1,24.489645,0,0,0,0
49.7684,,0.800000,0.800000,0.799824,0.000001,0.000070,0.000070,0.419289,1,1,0,1,26.487520,0,0,0,0
49.8044,,0.800000,0.800000,0.799824,0.000002,0.000070,0.000070,0.418435,1,1,0,1,23.300601,0,0,0,0
49.8164,,0.800000,0.800000,0.799824,-0.000000,0.000070,0.000070,0.419047,1,1,0,1,26.053903,0,0,0,0
49.8344,,0.800000,0.800000,0.799824,-0.000003,0.000070,0.000070,0.418182,1,1,0,1,23.301330,0,0,0,0
49.8572,,0.800000,0.800000,0.799824,0.000000,0.000070,0.000070,0.418855,1,1,0,1,23.470082,0,0,0,0
49.8814,,0.800000,0.800000,0.799824,0.000001,0.000070,0.000070,0.418592,1,1,0,1,20.305352,0,0,0,0
49.9010,,0.800000,0.800000,0.799824,0.000001,0.000070,0.000070,0.418797,1,1,0,1,20.300684,0,0,0,0
49.9293,,0.800000,0.800000,0.799824,0.000001,0.000070,0.000070,0.419252,1,1,0,1,29.026454,0,0,0,0
49.9493,,0.800000,0.800000,0.799824,0.000001,0.000070,0.000070,0.418770,1,1,0,1,23.091692,0,0,0,0
49.9701,,0.800000,0.800000,0.799824,0.000001,0.000070,0.000070,0.419367,1,1,0,1,20.537943,0,0,0,0
49.9940,,0.800000,0.800000,0.799824,0.000000,0.000070,0.000070,0.419123,1,1,0,1,24.226823,0,0,0,0
50.0192,,0.800000,0.800000,0.799824,0.000001,0.000070,0.000070,0.419287,1,1,0,1,20.291361,0,0,0,0
50.0341,,0.800000,0.800000,0.799824,0.000001,0.000070,0.000070,0.418379,1,1,0,1,20.063227,0,0,0,0
50.0635,,0.800000,0.800000,0.799824,0.000001,0.000070,0.000070,0.420026,1,1,0,1,21.246495,0,0,0,0
50.0789,,0.800000,0.800000,0.799824,0.000000,0.000070,0.000070,0.419579,1,1,0,1,23.171126,0,0,0,0
50.0991,,0.800000,0.800000,0.799824,0.000001,0.000070,0.000070,0.419235,1,1,0,1,20.256509,0,0,0,0
50.1207,,0.800000,0.800000,0.799824,0.000000,0.000070,0.000070,0.419354,1,1,0,1,21.688744,0,0,0,0
50.1506,,0.800000,0.800000,0.799824,-0.000001,0.000070,0.000070,0.419571,1,1,0,1,26.602523,0,0,0,0
50.1757,,0.800000,0.800000,0.799824,-0.000002,0.000070,0.000070,0.418640,1,1,0,1,26.475879,0,0,0,0
50.2039,,0.800000,0.800000,0.799824,0.000001,0.000070,0.000070,0.418830,1,1,0,1,20.843706,0,0,0,0
50.2437,,0.800000,0.800000,0.799824,0.000001,0.000070,0.000070,0.419424,1,1,0,1,30.198847,0,0,0,0
50.2539,,0.800000,0.800000,0.799824,0.000000,0.000070,0.000070,0.419297,1,1,0,1,24.142434,0,0,0,0
50.2751,,0.800000,0.800000,0.799824,-0.000000,0.000070,0.000070,0.417718,1,1,0,1,20.295872,0,0,0,0
50.2991,,0.800000,0.800000,0.799824,0.000001,0.000070,0.000070,0.419177,1,1,0,1,20.962092,0,0,0,0
50.3333,,0.800000,0.800000,0.799824,0.000001,0.000070,0.000070,0.419503,1,1,0,1,24.197227,0,0,0,0
50.3438,,0.800000,0.800000,0.799824,-0.000001,0.000070,0.000070,0.419428,1,1,0,1,24.157706,0,0,0,0
50.3638,,0.800000,0.800000,0.799824,0.000000,0.000070,0.000070,0.419188,1,1,0,1,20.410632,0,0,0,0
50.3836,,0.800000,0.800000,0.799824,0.000001,0.000070,0.000070,0.419369,1,1,0,1,20.281575,0,0,0,0
50.4086,,0.800000,0.800000,0.799824,0.000001,0.000070,0.000070,0.419377,1,1,0,1,24.130531,0,0,0,0
50.4293,,0.800000,0.800000,0.799824,0.000000,0.000070,0.000070,0.419859,1,1,0,1,20.929792,0,0,0,0
50.4488,,0.800000,0.800000,0.799824,-0.000010,0.000070,0.000070,0.417744,1,1,0,1,20.408047,0,0,0,0
50.4695,,0.800000,0.800000,0.799824,-0.000001,0.000070,0.000070,0.418504,1,1,0,1,20.631793,0,0,0,0
50.4889,,0.800000,0.800000,0.799824,0.000001,0.000070,0.000070,0.418468,1,1,0,1,23.436616,0,0,0,0
50.5091,,0.800000,0.800000,0.799824,0.000000,0.000070,0.000070,0.419459,1,1,0,1,20.239254,0,0,0,0
50.5340,,0.800000,0.800000,0.799824,0.000002,0.000070,0.000070,0.419108,1,1,0,1,20.240482,0,0,0,0
50.5640,,0.800000,0.800000,0.799824,-0.000001,0.000070,0.000070,0.419134,1,1,0,1,20.342131,0,0,0,0
50.5837,,0.800000,0.800000,0.799824,0.000001,0.000070,0.000070,0.418507,1,1,0,1,24.354389,0,0,0,0
50.5988,,0.800000,0.800000,0.799824,0.000001,0.000070,0.000070,0.418735,1,1,0,1,21.030190,0,0,0,0
50.6291,,0.800000,0.800000,0.799824,0.000001,0.000070,0.000070,0.418866,1,1,0,1,23.611586,0,0,0,0
50.6492,,0.800000,0.800000,0.799824,0.000000,0.000070,0.000070,0.419132,1,1,0,1,25.617221,0,0,0,0
50.6639,,0.800000,0.800000,0.799824,-0.000000,0.000070,0.000070,0.418999,1,1,0,1,20.215943,0,0,0,0
50.6893,,0.800000,0.800000,0.799824,0.000001,0.000070,0.000070,0.419266,1,1,0,1,24.196210,0,0,0,0
50.7089,,0.800000,0.800000,0.799824,0.000001,0.000070,0.000070,0.418379,1,1,0,1,20.451365,0,0,0,0
50.7396,,0.800000,0.800000,0.799824,-0.000003,0.000070,0.000070,0.417669,1,1,0,1,21.172760,0,0,0,0
50.7541,,0.800000,0.800000,0.799824,-0.000000,0.000070,0.000070,0.418681,1,1,0,1,23.966592,0,0,0,0
50.7793,,0.800000,0.800000,0.799824,0.000001,0.000070,0.000070,0.417968,1,1,0,1,25.192212,0,0,0,0
50.7988,,0.800000,0.800000,0.799824,0.000000,0.000070,0.000070,0.418987,1,1,0,1,20.267519,0,0,0,0
50.8386,,0.800000,0.800000,0.799824,0.000001,0.000070,0.000070,0.418565,1,1,0,1,24.411579,0,0,0,0
50.8493,,0.800000,0.800000,0.799824,-0.000000,0.000070,0.000070,0.418401,1,1,0,1,21.054369,0,0,0,0
50.8695,,0.800000,0.800000,0.799824,0.000001,0.000070,0.000070,0.418550,1,1,0,1,23.858223,0,0,0,0
50.9091,,0.800000,0.800000,0.799824,0.000000,0.000070,0.000070,0.418965,1,1,0,1,20.286825,0,0,0,0
50.9142,,0.800000,0.800000,0.799824,0.000000,0.000070,0.000070,0.418861,1,1,0,1,25.114501,0,0,0,0
50.9488,,0.800000,0.800000,0.799824,0.000001,0.000070,0.000070,0.418590,1,1,0,1,24.366718,0,0,0,0
50.9593,,0.800000,0.800000,0.799824,0.000000,0.000070,0.000070,0.418153,1,1,0,1,20.776014,0,0,0,0
50.9895,,0.800000,0.800000,0.799824,-0.000010,0.000069,0.000069,0.416107,1,1,0,1,24.721513,0,0,0,0
51.0137,,0.800000,0.800000,0.799824,-0.000000,0.000070,0.000070,0.418371,1,1,0,1,20.097033,0,0,0,0
51.0244,,0.799999,0.799999,0.799824,-0.000010,0.000069,0.000069,0.416539,1,1,0,1,20.307585,0,0,0,0
51.0543,,0.800000,0.800000,0.799824,-0.000000,0.000070,0.000070,0.417683,1,1,0,1,24.476434,0,0,0,0
51.0791,,0.800000,0.800000,0.799824,0.000002,0.000070,0.000070,0.417886,1,1,0,1,24.578811,0,0,0,0
51.0987,,0.800000,0.800000,0.799824,0.000002,0.000070,0.000070,0.418113,1,1,0,1,20.649818,0,0,0,0
51.1331,,0.800000,0.800000,0.799824,-0.000002,0.000070,0.000070,0.417970,1,1,0,1,24.646928,0,0,0,0
51.1541,,0.800000,0.800000,0.799824,0.000001,0.000070,0.000070,0.418587,1,1,0,1,25.115292,0,0,0,0
51.1693,,0.800000,0.800000,0.799824,0.000002,0.000070,0.000070,0.418761,1,1,0,1,20.448109,0,0,0,0
51.1889,,0.800000,0.800000,0.799824,0.000002,0.000070,0.000070,0.418375,1,1,0,1,23.912799,0,0,0,0
51.2287,,0.800000,0.800000,0.799824,0.000003,0.000070,0.000070,0.419381,1,1,0,1,22.057939,0,0,0,0
51.2442,,0.800000,0.800000,0.799824,0.000002,0.000070,0.000070,0.418582,1,1,0,1,23.344144,0,0,0,0
51.2692,,0.800000,0.800000,0.799824,-0.000003,0.000070,0.000070,0.418147,1,1,0,1,20.085103,0,0,0,0
51.2788,,0.800000,0.800000,0.799824,0.000000,0.000070,0.000070,0.418240,1,1,0,1,20.510796,0,0,0,0
51.2984,,0.800000,0.800000,0.799824,0.000001,0.000070,0.000070,0.418473,1,1,0,1,20.350812,0,0,0,0
51.3237,,0.800000,0.800000,0.799824,0.000001,0.000070,0.000070,0.418033,1,1,0,1,24.239480,0,0,0,0
51.3439,,0.800000,0.800000,0.799824,0.000001,0.000070,0.000070,0.418705,1,1,0,1,24.729567,0,0,0,0
51.3640,,0.800000,0.800000,0.799824,-0.000002,0.000070,0.000070,0.418035,1,1,0,1,20.392247,0,0,0,0
51.3993,,0.800000,0.800000,0.799824,-0.000003,0.000070,0.000070,0.417653,1,1,0,1,24.588910,0,0,0,0
51.4085,,0.800000,0.800000,0.799824,-0.000000,0.000070,0.000070,0.418147,1,1,0,1,20.657352,0,0,0,0
51.4393,,0.800000,0.800000,0.799824,-0.000001,0.000070,0.000070,0.418415,1,1,0,1,24.157417,0,0,0,0
51.4591,,0.800000,0.800000,0.799824,-0.000003,0.000070,0.000070,0.417791,1,1,0,1,25.729530,0,0,0,0
51.4892,,0.800000,0.800000,0.799824,-0.000001,0.000070,0.000070,0.417276,1,1,0,1,24.652114,0,0,0,0
51.5149,,0.800000,0.800000,0.799824,0.000002,0.000070,0.000070,0.417541,1,1,0,1,30.503092,0,0,0,0
51.5487,,0.800000,0.800000,0.799824,0.000003,0.000070,0.000070,0.418426,1,1,0,1,25.086919,0,0,0,0
51.5693,,0.800000,0.800000,0.799824,0.000002,0.000070,0.000070,0.418763,1,1,0,1,20.065711,0,0,0,0
51.5891,,0.800000,0.800000,0.799824,0.000002,0.000070,0.000070,0.418698,1,1,0,1,24.369287,0,0,0,0
51.6250,,0.800000,0.800000,0.799824,0.000001,0.000070,0.000070,0.418611,1,1,0,1,25.288707,0,0,0,0
51.6393,,0.800000,0.800000,0.799824,-0.000001,0.000070,0.000070,0.417833,1,1,0,1,20.929586,0,0,0,0
51.6540,,0.800000,0.800000,0.799824,0.000001,0.000070,0.000070,0.417763,1,1,0,1,23.310234,0,0,0,0
51.6798,,0.800000,0.800000,0.799824,0.000001,0.000070,0.000070,0.418967,1,1,0,1,20.398049,0,0,0,0
51.7044,,0.800000,0.800000,0.799824,0.000001,0.000070,0.000070,0.418821,1,1,0,1,25.443120,0,0,0,0
51.7290,,0.800000,0.800000,0.799824,0.000001,0.000070,0.000070,0.418855,1,1,0,1,21.303817,0,0,0,0
51.7443,,0.800000,0.800000,0.799824,0.000000,0.000070,0.000070,0.418305,1,1,0,1,23.158376,0,0,0,0
51.7688,,0.800000,0.800000,0.799824,0.000001,0.000070,0.000070,0.419415,1,1,0,1,25.380141,0,0,0,0
51.7992,,0.800000,0.800000,0.799824,0.000001,0.000070,0.000070,0.418472,1,1,0,1,25.014151,0,0,0,0
51.8294,,0.800000,0.800000,0.799824,0.000001,0.000070,0.000070,0.419558,1,1,0,1,25.085095,0,0,0,0
51.8489,,0.800000,0.800000,0.799824,-0.000002,0.000070,0.000070,0.418359,1,1,0,1,20.431567,0,0,0,0
51.8693,,0.800000,0.800000,0.799824,0.000000,0.000070,0.000070,0.418854,1,1,0,1,24.074212,0,0,0,0
51.9043,,0.800000,0.800000,0.799824,0.000001,0.000070,0.000070,0.419430,1,1,0,1,30.282417,0,0,0,0
51.9139,,0.800000,0.800000,0.799824,-0.000000,0.000070,0.000070,0.419149,1,1,0,1,20.239250,0,0,0,0
51.9454,,0.800000,0.800000,0.799824,0.000001,0.000070,0.000070,0.419828,1,1,0,1,24.934069,0,0,0,0
51.9790,,0.800000,0.800000,0.799824,0.000000,0.000070,0.000070,0.419274,1,1,0,1,25.119537,0,0,0,0
51.9939,,0.800000,0.800000,0.799824,0.000000,0.000070,0.000070,0.418445,1,1,0,1,20.870332,0,0,0,0
52.0092,,0.800000,0.800000,0.799824,-0.000010,0.000069,0.000069,0.416732,1,1,0,1,23.459105,0,0,0,0
52.0337,,0.800000,0.800000,0.799824,-0.000000,0.000070,0.000070,0.418826,1,1,0,1,21.025086,0,0,0,0
52.0596,,0.800000,0.800000,0.799824,0.000001,0.000070,0.000070,0.418620,1,1,0,1,29.995699,0,0,0,0
52.0947,,0.800000,0.800000,0.799824,0.000001,0.000070,0.000070,0.418833,1,1,0,1,34.977701,0,0,0,0
52.1280,,0.800000,0.800000,0.799824,0.000001,0.000070,0.000070,0.418424,1,1,0,1,32.805046,0,0,0,0
52.1547,,0.800000,0.800000,0.799824,-0.000002,0.000070,0.000070,0.418761,1,1,0,1,22.235941,0,0,0,0
52.1952,,0.800000,0.800000,0.799824,0.000001,0.000070,0.000070,0.418765,1,1,0,1,30.240877,0,0,0,0
52.2057,,0.800000,0.800000,0.799824,-0.000001,0.000070,0.000070,0.418925,1,1,0,1,20.420469,0,0,0,0
52.2310,,0.800000,0.800000,0.799824,-0.000002,0.000070,0.000070,0.418602,1,1,0,1,25.123395,0,0,0,0
52.2555,,0.800000,0.800000,0.799824,-0.000000,0.000070,0.000070,0.418411,1,1,0,1,20.370077,0,0,0,0
52.2809,,0.800000,0.800000,0.799824,0.000002,0.000070,0.000070,0.418902,1,1,0,1,20.473475,0,0,0,0
52.3044,,0.800000,0.800000,0.799824,0.000001,0.000070,0.000070,0.419294,1,1,0,1,24.381613,0,0,0,0
52.3140,,0.800000,0.800000,0.799824,0.000001,0.000070,0.000070,0.418701,1,1,0,1,23.024183,0,0,0,0
52.3405,,0.800000,0.800000,0.799824,0.000000,0.000070,0.000070,0.419240,1,1,0,1,20.170010,0,0,0,0
52.3597,,0.800000,0.800000,0.799824,0.000000,0.000070,0.000070,0.419160,1,1,0,1,21.523359,0,0,0,0
52.3889,,0.800000,0.800000,0.799824,0.000001,0.000070,0.000070,0.418897,1,1,0,1,24.117762,0,0,0,0
52.4248,,0.800000,0.800000,0.799824,0.000001,0.000070,0.000070,0.419055,1,1,0,1,29.628551,0,0,0,0
52.4401,,0.800000,0.800000,0.799824,0.000000,0.000070,0.000070,0.418918,1,1,0,1,20.775888,0,0,0,0
52.4588,,0.800000,0.800000,0.799824,0.000000,0.000070,0.000070,0.418509,1,1,0,1,20.087686,0,0,0,0
52.4792,,0.800000,0.800000,0.799824,-0.000002,0.000070,0.000070,0.417720,1,1,0,1,24.283019,0,0,0,0
52.5091,,0.800000,0.800000,0.799824,-0.000001,0.000070,0.000070,0.418340,1,1,0,1,21.021253,0,0,0,0
52.5241,,0.800000,0.800000,0.799824,-0.000001,0.000070,0.000070,0.418620,1,1,0,1,23.541257,0,0,0,0
52.5487,,0.800000,0.800000,0.799824,-0.000000,0.000070,0.000070,0.419565,1,1,0,1,24.663507,0,0,0,0
52.5737,,0.800000,0.800000,0.799824,0.000000,0.000070,0.000070,0.418092,1,1,0,1,20.881144,0,0,0,0
52.5898,,0.800000,0.800000,0.799824,0.000001,0.000070,0.000070,0.418950,1,1,0,1,24.558018,0,0,0,0
52.6077,,0.799824,0.799824,0.799824,0.000001,0.000000,0.000000,0.000000,0,1,0,1,20.434000,0,0,0,0
52.6276,,0.799824,0.799824,0.799824,0.000001,0.000000,0.000000,0.000000,0,1,0,1,20.068048,0,0,0,0
52.6476,,0.799824,0.799824,0.799824,0.000001,0.000000,0.000000,0.000000,0,1,0,1,20.073625,0,0,0,0
52.6676,,0.799824,0.799824,0.799824,0.000001,0.000000,0.000000,0.000000,0,1,0,1,20.192240,0,0,0,0
52.6876,,0.799824,0.799824,0.799824,0.000001,0.000000,0.000000,0.000000,0,1,0,1,20.066721,0,0,0,0
52.7077,,0.799824,0.799824,0.799824,0.000001,0.000000,0.000000,0.000000,0,1,0,1,20.201084,0,0,0,0
52.7286,,0.799824,0.799824,0.799824,0.000001,0.000000,0.000000,0.000000,0,1,0,1,20.190730,0,0,0,0
52.7486,,0.799824,0.799824,0.799824,0.000001,0.000000,0.000000,0.000000,0,1,0,1,20.068632,0,0,0,0
52.7686,,0.799824,0.799824,0.799824,0.000001,0.000000,0.000000,0.000000,0,1,0,1,20.103986,0,0,0,0
52.7887,,0.799824,0.799824,0.799824,0.000001,0.000000,0.000000,0.000000,0,1,0,1,20.099944,0,0,0,0
52.8087,,0.799824,0.799824,0.799824,0.000001,0.000000,0.000000,0.000000,0,1,0,1,20.073608,0,0,0,0
52.8286,,0.799824,0.799824,0.799824,0.000001,0.000000,0.000000,0.000000,0,1,0,1,20.071776,0,0,0,0
52.8487,,0.799824,0.799824,0.799824,0.000001,0.000000,0.000000,0.000000,0,1,0,1,20.159799,0,0,0,0
52.8686,,0.799824,0.799824,0.799824,0.000001,0.000000,0.000000,0.000000,0,1,0,1,20.087711,0,0,0,0
52.8886,,0.799824,0.799824,0.799824,0.000001,0.000000,0.000000,0.000000,0,1,0,1,20.183584,0,0,0,0
52.9096,,0.799824,0.799824,0.799824,0.000001,0.000000,0.000000,0.000000,0,1,0,1,20.226203,0,0,0,0
52.9296,,0.799824,0.799824,0.799824,0.000001,0.000000,0.000000,0.000000,0,1,0,1,20.158938,0,0,0,0
52.9497,,0.799824,0.799824,0.799824,0.000001,0.000000,0.000000,0.000000,0,1,0,1,20.231167,0,0,0,0
52.9698,,0.799824,0.799824,0.799824,0.000001,0.000000,0.000000,0.000000,0,1,0,1,20.074371,0,0,0,0
52.9896,,0.799824,0.799824,0.799824,0.000001,0.000000,0.000000,0.000000,0,1,0,1,20.147287,0,0,0,0
53.0106,,0.799824,0.799824,0.799824,0.000001,0.000000,0.000000,0.000000,0,1,0,1,20.409039,0,0,0,0
53.0306,,0.799824,0.799824,0.799824,0.000001,0.000000,0.000000,0.000000,0,1,0,1,20.150272,0,0,0,0
53.0506,,0.799824,0.799824,0.799824,0.000001,0.000000,0.000000,0.000000,0,1,0,1,20.144732,0,0,0,0
53.0706,,0.799824,0.799824,0.799824,0.000001,0.000000,0.000000,0.000000,0,1,0,1,20.141816,0,0,0,0
53.0907,,0.799824,0.799824,0.799824,0.000001,0.000000,0.000000,0.000000,0,1,0,1,20.168384,0,0,0,0
53.1106,,0.799824,0.799824,0.799824,0.000001,0.000000,0.000000,0.000000,0,1,0,1,20.187270,0,0,0,0
53.1316,,0.799824,0.799824,0.799824,0.000001,0.000000,0.000000,0.000000,0,1,0,1,20.138738,0,0,0,0
53.1516,,0.799824,0.799824,0.799824,0.000001,0.000000,0.000000,0.000000,0,1,0,1,20.133118,0,0,0,0
53.1717,,0.799824,0.799824,0.799824,0.000001,0.000000,0.000000,0.000000,0,1,0,1,20.162624,0,0,0,0
53.1916,,0.799824,0.799824,0.799824,0.000001,0.000000,0.000000,0.000000,0,1,0,1,20.156119,0,0,0,0
53.2116,,0.799824,0.799824,0.799824,0.000001,0.000000,0.000000,0.000000,0,1,0,1,20.232813,0,0,0,0
53.2316,,0.799824,0.799824,0.799824,0.000001,0.000000,0.000000,0.000000,0,1,0,1,20.149164,0,0,0,0
53.2528,,0.799824,0.799824,0.799824,0.000001,0.000000,0.000000,0.000000,0,1,0,1,20.159505,0,0,0,0
53.2729,,0.799824,0.799824,0.799824,0.000001,0.000000,0.000000,0.000000,0,1,0,1,20.138875,0,0,0,0
53.2928,,0.799824,0.799824,0.799824,0.000001,0.000000,0.000000,0.000000,0,1,0,1,20.225619,0,0,0,0
53.3126,,0.799824,0.799824,0.799824,0.000001,0.000000,0.000000,0.000000,0,1,0,1,20.099988,0,0,0,0
53.3327,,0.799824,0.799824,0.799824,0.000001,0.000000,0.000000,0.000000,0,1,0,1,20.065641,0,0,0,0
53.3527,,0.799824,0.799824,0.799824,0.000001,0.000000,0.000000,0.000000,0,1,0,1,20.069081,0,0,0,0
53.3727,,0.799824,0.799824,0.799824,0.000001,0.000000,0.000000,0.000000,0,1,0,1,20.231900,0,0,0,0
53.3937,,0.799824,0.799824,0.799824,0.000001,0.000000,0.000000,0.000000,0,1,0,1,20.094305,0,0,0,0
53.4136,,0.799824,0.799824,0.799824,0.000001,0.000000,0.000000,0.000000,0,1,0,1,20.073624,0,0,0,0
53.4336,,0.799824,0.799824,0.799824,0.000001,0.000000,0.000000,0.000000,0,1,0,1,20.066516,0,0,0,0
53.4537,,0.799824,0.799824,0.799824,0.000001,0.000000,0.000000,0.000000,0,1,0,1,20.068590,0,0,0,0
53.4737,,0.799824,0.799824,0.799824,0.000001,0.000000,0.000000,0.000000,0,1,0,1,20.077168,0,0,0,0
53.4936,,0.799824,0.799824,0.799824,0.000001,0.000000,0.000000,0.000000,0,1,0,1,20.104979,0,0,0,0
53.5136,,0.799824,0.799824,0.799824,0.000001,0.000000,0.000000,0.000000,0,1,0,1,20.081771,0,0,0,0
53.5336,,0.799824,0.799824,0.799824,0.000001,0.000000,0.000000,0.000000,0,1,0,1,20.103684,0,0,0,0
53.5536,,0.799824,0.799824,0.799824,0.000001,0.000000,0.000000,0.000000,0,1,0,1,20.070060,0,0,0,0
53.5739,,0.799824,0.799824,0.799824,0.000001,0.000000,0.000000,0.000000,0,1,0,1,20.105475,0,0,0,0
53.5937,,0.799824,0.799824,0.799824,0.000001,0.000000,0.000000,0.000000,0,1,0,1,20.133298,0,0,0,0
53.6149,,0.799824,0.799824,0.799824,0.000001,0.000000,0.000000,0.000000,0,1,0,1,20.237604,0,0,0,0
53.6348,,0.799824,0.799824,0.799824,0.000001,0.000000,0.000000,0.000000,0,1,0,1,20.077062,0,0,0,0
53.6547,,0.799824,0.799824,0.799824,0.000001,0.000000,0.000000,0.000000,0,1,0,1,20.141816,0,0,0,0
53.6746,,0.799824,0.799824,0.799824,0.000001,0.000000,0.000000,0.000000,0,1,0,1,20.084974,0,0,0,0
53.6947,,0.799824,0.799824,0.799824,0.000001,0.000000,0.000000,0.000000,0,1,0,1,20.089041,0,0,0,0
53.7146,,0.799824,0.799824,0.799824,0.000001,0.000000,0.000000,0.000000,0,1,0,1,20.063685,0,0,0,0
53.7346,,0.799824,0.799824,0.799824,0.000001,0.000000,0.000000,0.000000,0,1,0,1,20.061092,0,0,0,0
53.7547,,0.799824,0.799824,0.799824,0.000001,0.000000,0.000000,0.000000,0,1,0,1,20.060249,0,0,0,0
53.7747,,0.799824,0.799824,0.799824,0.000001,0.000000,0.000000,0.000000,0,1,0,1,20.084189,0,0,0,0
53.7946,,0.799824,0.799824,0.799824,0.000001,0.000000,0.000000,0.000000,0,1,0,1,20.065733,0,0,0,0
53.8157,,0.799824,0.799824,0.799824,0.000001,0.000000,0.000000,0.000000,0,1,0,1,20.086028,0,0,0,0
53.8357,,0.799824,0.799824,0.799824,0.000001,0.000000,0.000000,0.000000,0,1,0,1,20.133745,0,0,0,0
53.8557,,0.799824,0.799824,0.799824,0.000001,0.000000,0.000000,0.000000,0,1,0,1,20.068606,0,0,0,0
53.8757,,0.799824,0.799824,0.799824,0.000001,0.000000,0.000000,0.000000,0,1,0,1,20.069559,0,0,0,0
53.8957,,0.799824,0.799824,0.799824,0.000001,0.000000,0.000000,0.000000,0,1,0,1,20.163929,0,0,0,0
53.9157,,0.799824,0.799824,0.799824,0.000001,0.000000,0.000000,0.000000,0,1,0,1,20.107883,0,0,0,0
53.9357,,0.799824,0.799824,0.799824,0.000001,0.000000,0.000000,0.000000,0,1,0,1,20.122451,0,0,0,0
53.9557,,0.799824,0.799824,0.799824,0.000001,0.000000,0.000000,0.000000,0,1,0,1,20.195369,0,0,0,0
53.9768,,0.799824,0.799824,0.799824,0.000001,0.000000,0.000000,0.000000,0,1,0,1,20.207068,0,0,0,0
53.9968,,0.799824,0.799824,0.799824,0.000001,0.000000,0.000000,0.000000,0,1,0,1,20.093744,0,0,0,0
54.0168,,0.799824,0.799824,0.799824,0.000001,0.000000,0.000000,0.000000,0,1,0,1,20.078168,0,0,0,0
54.0368,,0.799824,0.799824,0.799824,0.000001,0.000000,0.000000,0.000000,0,1,0,1,20.070502,0,0,0,0
54.0568,,0.799824,0.799824,0.799824,0.000001,0.000000,0.000000,0.000000,0,1,0,1,20.075725,0,0,0,0
54.0769,,0.799824,0.799824,0.799824,0.000001,0.000000,0.000000,0.000000,0,1,0,1,20.107226,0,0,0,0
54.0968,,0.799824,0.799824,0.799824,0.000001,0.000000,0.000000,0.000000,0,1,0,1,20.118772,0,0,0,0
54.1169,,0.799824,0.799824,0.799824,0.000001,0.000000,0.000000,0.000000,0,1,0,1,20.164258,0,0,0,0
54.1367,,0.799824,0.799824,0.799824,0.000001,0.000000,0.000000,0.000000,0,1,0,1,20.198666,0,0,0,0
54.1579,,0.799824,0.799824,0.799824,0.000001,0.000000,0.000000,0.000000,0,1,0,1,20.166515,0,0,0,0
54.1778,,0.799824,0.799824,0.799824,0.000001,0.000000,0.000000,0.000000,0,1,0,1,20.095972,0,0,0,0
54.1978,,0.799824,0.799824,0.799824,0.000001,0.000000,0.000000,0.000000,0,1,0,1,20.078037,0,0,0,0
54.2178,,0.799824,0.799824,0.799824,0.000001,0.000000,0.000000,0.000000,0,1,0,1,20.076591,0,0,0,0
54.2377,,0.799824,0.799824,0.799824,0.000001,0.000000,0.000000,0.000000,0,1,0,1,20.083226,0,0,0,0
54.2578,,0.799824,0.799824,0.799824,0.000001,0.000000,0.000000,0.000000,0,1,0,1,20.112102,0,0,0,0
54.2778,,0.799824,0.799824,0.799824,0.000001,0.000000,0.000000,0.000000,0,1,0,1,20.105732,0,0,0,0
54.2978,,0.799824,0.799824,0.799824,0.000001,0.000000,0.000000,0.000000,0,1,0,1,20.202844,0,0,0,0
54.3188,,0.799824,0.799824,0.799824,0.000001,0.000000,0.000000,0.000000,0,1,0,1,20.255881,0,0,0,0
54.3387,,0.799824,0.799824,0.799824,0.000001,0.000000,0.000000,0.000000,0,1,0,1,20.091956,0,0,0,0
54.3587,,0.799824,0.799824,0.799824,0.000001,0.000000,0.000000,0.000000,0,1,0,1,20.078030,0,0,0,0
54.3787,,0.799824,0.799824,0.799824,0.000001,0.000000,0.000000,0.000000,0,1,0,1,20.094020,0,0,0,0
54.3988,,0.799824,0.799824,0.799824,0.000001,0.000000,0.000000,0.000000,0,1,0,1,20.138456,0,0,0,0
54.4187,,0.799824,0.799824,0.799824,0.000001,0.000000,0.000000,0.000000,0,1,0,1,20.197000,0,0,0,0
54.4387,,0.799824,0.799824,0.799824,0.000001,0.000000,0.000000,0.000000,0,1,0,1,20.126350,0,0,0,0
54.4598,,0.799824,0.799824,0.799824,0.000001,0.000000,0.000000,0.000000,0,1,0,1,20.184299,0,0,0,0
54.4796,,0.799824,0.799824,0.799824,0.000001,0.000000,0.000000,0.000000,0,1,0,1,20.161202,0,0,0,0
54.4997,,0.799824,0.799824,0.799824,0.000001,0.000000,0.000000,0.000000,0,1,0,1,20.252735,0,0,0,0
54.5198,,0.799824,0.799824,0.799824,0.000001,0.000000,0.000000,0.000000,0,1,0,1,20.172276,0,0,0,0
54.5408,,0.799824,0.799824,0.799824,0.000001,0.000000,0.000000,0.000000,0,1,0,1,20.113574,0,0,0,0
54.5598,,0.799824,0.799824,0.799824,0.000001,0.000000,0.000000,0.000000,0,1,0,1,20.146525,0,0,0,0
54.5807,,0.799824,0.799824,0.799824,0.000001,0.000000,0.000000,0.000000,0,1,0,1,20.208524,0,0,0,0
54.6006,,0.799824,0.799824,0.799824,0.000001,0.000000,0.000000,0.000000,0,1,0,1,20.332789,0,0,0,0
54.6206,,0.799824,0.799824,0.799824,0.000001,0.000000,0.000000,0.000000,0,1,0,1,20.173145,0,0,0,0
54.6406,,0.799824,0.799824,0.799824,0.000001,0.000000,0.000000,0.000000,0,1,0,1,20.105993,0,0,0,0
54.6616,,0.799824,0.799824,0.799824,0.000001,0.000000,0.000000,0.000000,0,1,0,1,20.269445,0,0,0,0
54.6816,,0.799824,0.799824,0.799824,0.000001,0.000000,0.000000,0.000000,0,1,0,1,20.180514,0,0,0,0
54.7018,,0.799824,0.799824,0.799824,0.000001,0.000000,0.000000,0.000000,0,1,0,1,20.118947,0,0,0,0
54.7217,,0.799824,0.799824,0.799824,0.000001,0.000000,0.000000,0.000000,0,1,0,1,20.112075,0,0,0,0
54.7418,,0.799824,0.799824,0.799824,0.000001,0.000000,0.000000,0.000000,0,1,0,1,20.069187,0,0,0,0
54.7617,,0.799824,0.799824,0.799824,0.000001,0.000000,0.000000,0.000000,0,1,0,1,20.247360,0,0,0,0
54.7818,,0.799824,0.799824,0.799824,0.000001,0.000000,0.000000,0.000000,0,1,0,1,20.169198,0,0,0,0
54.8028,,0.799824,0.799824,0.799824,0.000001,0.000000,0.000000,0.000000,0,1,0,1,20.189572,0,0,0,0
54.8228,,0.799824,0.799824,0.799824,0.000001,0.000000,0.000000,0.000000,0,1,0,1,20.096248,0,0,0,0
54.8429,,0.799824,0.799824,0.799824,0.000001,0.000000,0.000000,0.000000,0,1,0,1,20.075967,0,0,0,0
54.8629,,0.799824,0.799824,0.799824,0.000001,0.000000,0.000000,0.000000,0,1,0,1,20.084204,0,0,0,0
54.8828,,0.799824,0.799824,0.799824,0.000001,0.000000,0.000000,0.000000,0,1,0,1,20.074566,0,0,0,0
54.9029,,0.799824,0.799824,0.799824,0.000001,0.000000,0.000000,0.000000,0,1,0,1,20.105035,0,0,0,0
54.9228,,0.799824,0.799824,0.799824,0.000001,0.000000,0.000000,0.000000,0,1,0,1,20.167926,0,0,0,0
54.9427,,0.799824,0.799824,0.799824,0.000001,0.000000,0.000000,0.000000,0,1,0,1,20.099988,0,0,0,0
54.9628,,0.799824,0.799824,0.799824,0.000001,0.000000,0.000000,0.000000,0,1,0,1,20.099635,0,0,0,0
54.9838,,0.799824,0.799824,0.799824,0.000001,0.000000,0.000000,0.000000,0,1,0,1,20.263803,0,0,0,0
55.0037,,0.799824,0.799824,0.799824,0.000001,0.000000,0.000000,0.000000,0,1,0,1,20.066468,0,0,0,0
55.0238,,0.799824,0.799824,0.799824,0.000001,0.000000,0.000000,0.000000,0,1,0,1,20.070791,0,0,0,0
55.0438,,0.799824,0.799824,0.799824,0.000001,0.000000,0.000000,0.000000,0,1,0,1,20.190286,0,0,0,0
55.0636,,0.799824,0.799824,0.799824,0.000001,0.000000,0.000000,0.000000,0,1,0,1,20.178344,0,0,0,0
55.0838,,0.799824,0.799824,0.799824,0.000001,0.000000,0.000000,0.000000,0,1,0,1,20.112613,0,0,0,0
55.1036,,0.799824,0.799824,0.799824,0.000001,0.000000,0.000000,0.000000,0,1,0,1,20.154346,0,0,0,0
55.1246,,0.799824,0.799824,0.799824,0.000001,0.000000,0.000000,0.000000,0,1,0,1,20.169289,0,0,0,0
55.1445,,0.799824,0.799824,0.799824,0.000001,0.000000,0.000000,0.000000,0,1,0,1,20.084266,0,0,0,0
55.1646,,0.799824,0.799824,0.799824,0.000001,0.000000,0.000000,0.000000,0,1,0,1,20.082193,0,0,0,0
55.1846,,0.799824,0.799824,0.799824,0.000001,0.000000,0.000000,0.000000,0,1,0,1,20.085661,0,0,0,0
55.2045,,0.799824,0.799824,0.799824,0.000001,0.000000,0.000000,0.000000,0,1,0,1,20.228089,0,0,0,0
55.2246,,0.799824,0.799824,0.799824,0.000001,0.000000,0.000000,0.000000,0,1,0,1,20.195212,0,0,0,0
55.2447,,0.799824,0.799824,0.799824,0.000001,0.000000,0.000000,0.000000,0,1,0,1,20.197645,0,0,0,0
55.2657,,0.799824,0.799824,0.799824,0.000001,0.000000,0.000000,0.000000,0,1,0,1,20.195186,0,0,0,0
55.2856,,0.799824,0.799824,0.799824,0.000001,0.000000,0.000000,0.000000,0,1,0,1,20.244434,0,0,0,0
55.3057,,0.799824,0.799824,0.799824,0.000001,0.000000,0.000000,0.000000,0,1,0,1,20.100559,0,0,0,0
55.3257,,0.799824,0.799824,0.799824,0.000001,0.000000,0.000000,0.000000,0,1,0,1,20.174359,0,0,0,0
55.3455,,0.799824,0.799824,0.799824,0.000001,0.000000,0.000000,0.000000,0,1,0,1,20.098225,0,0,0,0
55.3656,,0.799824,0.799824,0.799824,0.000001,0.000000,0.000000,0.000000,0,1,0,1,20.097223,0,0,0,0
55.3855,,0.799824,0.799824,0.799824,0.000001,0.000000,0.000000,0.000000,0,1,0,1,20.069196,0,0,0,0
55.4067,,0.799824,0.799824,0.799824,0.000001,0.000000,0.000000,0.000000,0,1,0,1,20.222500,0,0,0,0
55.4267,,0.799824,0.799824,0.799824,0.000001,0.000000,0.000000,0.000000,0,1,0,1,20.200359,0,0,0,0
55.4466,,0.799824,0.799824,0.799824,0.000001,0.000000,0.000000,0.000000,0,1,0,1,20.129790,0,0,0,0
55.4666,,0.799824,0.799824,0.799824,0.000001,0.000000,0.000000,0.000000,0,1,0,1,20.172598,0,0,0,0
55.4865,,0.799824,0.799824,0.799824,0.000001,0.000000,0.000000,0.000000,0,1,0,1,20.171060,0,0,0,0
55.5076,,0.799824,0.799824,0.799824,0.000001,0.000000,0.000000,0.000000,0,1,0,1,20.278840,0,0,0,0
55.5276,,0.799824,0.799824,0.799824,0.000001,0.000000,0.000000,0.000000,0,1,0,1,20.154986,0,0,0,0
55.5476,,0.799824,0.799824,0.799824,0.000001,0.000000,0.000000,0.000000,0,1,0,1,20.071204,0,0,0,0
55.5676,,0.799824,0.799824,0.799824,0.000001,0.000000,0.000000,0.000000,0,1,0,1,20.102951,0,0,0,0
55.5878,,0.799824,0.799824,0.799824,0.000001,0.000000,0.000000,0.000000,0,1,0,1,20.113036,0,0,0,0
55.6075,,0.799824,0.799824,0.799824,0.000001,0.000000,0.000000,0.000000,0,1,0,1,20.112857,0,0,0,0
55.6276,,0.799824,0.799824,0.799824,0.000001,0.000000,0.000000,0.000000,0,1,0,1,20.081076,0,0,0,0
55.6478,,0.799824,0.799824,0.799824,0.000001,0.000000,0.000000,0.000000,0,1,0,1,20.164046,0,0,0,0
55.6687,,0.799824,0.799824,0.799824,0.000001,0.000000,0.000000,0.000000,0,1,0,1,20.213762,0,0,0,0
55.6886,,0.799824,0.799824,0.799824,0.000001,0.000000,0.000000,0.000000,0,1,0,1,20.087382,0,0,0,0
55.7088,,0.799824,0.799824,0.799824,0.000001,0.000000,0.000000,0.000000,0,1,0,1,20.220493,0,0,0,0
55.7288,,0.799824,0.799824,0.799824,0.000001,0.000000,0.000000,0.000000,0,1,0,1,20.218637,0,0,0,0
55.7488,,0.799824,0.799824,0.799824,0.000001,0.000000,0.000000,0.000000,0,1,0,1,20.214793,0,0,0,0
55.7698,,0.799824,0.799824,0.799824,0.000001,0.000000,0.000000,0.000000,0,1,0,1,20.196929,0,0,0,0
55.7898,,0.799824,0.799824,0.799824,0.000001,0.000000,0.000000,0.000000,0,1,0,1,20.263443,0,0,0,0
55.8098,,0.799824,0.799824,0.799824,0.000001,0.000000,0.000000,0.000000,0,1,0,1,20.226346,0,0,0,0
55.8298,,0.799824,0.799824,0.799824,0.000001,0.000000,0.000000,0.000000,0,1,0,1,20.204954,0,0,0,0
55.8500,,0.799824,0.799824,0.799824,0.000001,0.000000,0.000000,0.000000,0,1,0,1,20.102392,0,0,0,0
55.8708,,0.799824,0.799824,0.799824,0.000001,0.000000,0.000000,0.000000,0,1,0,1,20.174133,0,0,0,0
55.8907,,0.799824,0.799824,0.799824,0.000001,0.000000,0.000000,0.000000,0,1,0,1,20.088998,0,0,0,0
55.9108,,0.799824,0.799824,0.799824,0.000001,0.000000,0.000000,0.000000,0,1,0,1,20.075723,0,0,0,0
55.9306,,0.799824,0.799824,0.799824,0.000001,0.000000,0.000000,0.000000,0,1,0,1,20.259610,0,0,0,0
55.9507,,0.799824,0.799824,0.799824,0.000001,0.000000,0.000000,0.000000,0,1,0,1,20.199226,0,0,0,0
55.9706,,0.799824,0.799824,0.799824,0.000001,0.000000,0.000000,0.000000,0,1,0,1,20.239301,0,0,0,0
55.9917,,0.799824,0.799824,0.799824,0.000001,0.000000,0.000000,0.000000,0,1,0,1,20.248714,0,0,0,0
56.0116,,0.799824,0.799824,0.799824,0.000001,0.000000,0.000000,0.000000,0,1,0,1,20.270320,0,0,0,0
56.0316,,0.799824,0.799824,0.799824,0.000001,0.000000,0.000000,0.000000,0,1,0,1,20.198572,0,0,0,0
56.0518,,0.799824,0.799824,0.799824,0.000001,0.000000,0.000000,0.000000,0,1,0,1,20.256631,0,0,0,0
56.0727,,0.799824,0.799824,0.799824,0.000001,0.000000,0.000000,0.000000,0,1,0,1,20.289548,0,0,0,0
56.0927,,0.799824,0.799824,0.799824,0.000001,0.000000,0.000000,0.000000,0,1,0,1,20.081121,0,0,0,0
56.1126,,0.799824,0.799824,0.799824,0.000001,0.000000,0.000000,0.000000,0,1,0,1,20.197369,0,0,0,0
56.1328,,0.799824,0.799824,0.799824,0.000001,0.000000,0.000000,0.000000,0,1,0,1,20.201327,0,0,0,0
56.1527,,0.799824,0.799824,0.799824,0.000001,0.000000,0.000000,0.000000,0,1,0,1,20.210063,0,0,0,0
56.1736,,0.799824,0.799824,0.799824,0.000001,0.000000,0.000000,0.000000,0,1,0,1,20.353336,0,0,0,0
56.1937,,0.799824,0.799824,0.799824,0.000001,0.000000,0.000000,0.000000,0,1,0,1,20.231378,0,0,0,0
56.2136,,0.799824,0.799824,0.799824,0.000001,0.000000,0.000000,0.000000,0,1,0,1,20.245709,0,0,0,0
56.2337,,0.799824,0.799824,0.799824,0.000001,0.000000,0.000000,0.000000,0,1,0,1,20.220677,0,0,0,0
56.2547,,0.799824,0.799824,0.799824,0.000001,0.000000,0.000000,0.000000,0,1,0,1,20.259442,0,0,0,0
56.2745,,0.799824,0.799824,0.799824,0.000001,0.000000,0.000000,0.000000,0,1,0,1,20.101380,0,0,0,0
56.2945,,0.799824,0.799824,0.799824,0.000001,0.000000,0.000000,0.000000,0,1,0,1,20.216650,0,0,0,0
56.3147,,0.799824,0.799824,0.799824,0.000001,0.000000,0.000000,0.000000,0,1,0,1,20.173179,0,0,0,0
56.3346,,0.799824,0.799824,0.799824,0.000001,0.000000,0.000000,0.000000,0,1,0,1,20.081776,0,0,0,0
56.3545,,0.799824,0.799824,0.799824,0.000001,0.000000,0.000000,0.000000,0,1,0,1,20.076735,0,0,0,0
56.3746,,0.799824,0.799824,0.799824,0.000001,0.000000,0.000000,0.000000,0,1,0,1,20.077933,0,0,0,0
56.3955,,0.799824,0.799824,0.799824,0.000001,0.000000,0.000000,0.000000,0,1,0,1,20.186779,0,0,0,0
56.4157,,0.799824,0.799824,0.799824,0.000001,0.000000,0.000000,0.000000,0,1,0,1,20.294766,0,0,0,0
56.4357,,0.799824,0.799824,0.799824,0.000001,0.000000,0.000000,0.000000,0,1,0,1,20.324016,0,0,0,0
56.4565,,0.799824,0.799824,0.799824,0.000001,0.000000,0.000000,0.000000,0,1,0,1,20.381878,0,0,0,0
56.4766,,0.799824,0.799824,0.799824,0.000001,0.000000,0.000000,0.000000,0,1,0,1,20.087736,0,0,0,0
56.4965,,0.799824,0.799824,0.799824,0.000001,0.000000,0.000000,0.000000,0,1,0,1,20.116091,0,0,0,0
56.5167,,0.799824,0.799824,0.799824,0.000001,0.000000,0.000000,0.000000,0,1,0,1,20.260391,0,0,0,0
56.5364,,0.799824,0.799824,0.799824,0.000001,0.000000,0.000000,0.000000,0,1,0,1,20.116530,0,0,0,0
56.5577,,0.799824,0.799824,0.799824,0.000001,0.000000,0.000000,0.000000,0,1,0,1,20.240314,0,0,0,0
56.5777,,0.799824,0.799824,0.799824,0.000001,0.000000,0.000000,0.000000,0,1,0,1,20.265540,0,0,0,0
56.5978,,0.799824,0.799824,0.799824,0.000001,0.000000,0.000000,0.000000,0,1,0,1,20.218063,0,0,0,0
56.6178,,0.799824,0.799824,0.799824,0.000001,0.000000,0.000000,0.000000,0,1,0,1,20.128372,0,0,0,0
56.6378,,0.799824,0.799824,0.799824,0.000001,0.000000,0.000000,0.000000,0,1,0,1,20.098759,0,0,0,0
56.6578,,0.799824,0.799824,0.799824,0.000001,0.000000,0.000000,0.000000,0,1,0,1,20.179456,0,0,0,0
56.6776,,0.799824,0.799824,0.799824,0.000001,0.000000,0.000000,0.000000,0,1,0,1,20.068988,0,0,0,0
56.6978,,0.799824,0.799824,0.799824,0.000001,0.000000,0.000000,0.000000,0,1,0,1,20.072131,0,0,0,0
56.7187,,0.799824,0.799824,0.799824,0.000001,0.000000,0.000000,0.000000,0,1,0,1,20.069735,0,0,0,0
56.7387,,0.799824,0.799824,0.799824,0.000001,0.000000,0.000000,0.000000,0,1,0,1,20.068436,0,0,0,0
56.7588,,0.799824,0.799824,0.799824,0.000001,0.000000,0.000000,0.000000,0,1,0,1,20.113735,0,0,0,0
56.7786,,0.799824,0.799824,0.799824,0.000001,0.000000,0.000000,0.000000,0,1,0,1,20.082348,0,0,0,0
56.7986,,0.799824,0.799824,0.799824,0.000001,0.000000,0.000000,0.000000,0,1,0,1,20.239725,0,0,0,0
56.8185,,0.799824,0.799824,0.799824,0.000001,0.000000,0.000000,0.000000,0,1,0,1,20.191853,0,0,0,0
56.8388,,0.799824,0.799824,0.799824,0.000001,0.000000,0.000000,0.000000,0,1,0,1,20.197156,0,0,0,0
56.8597,,0.799824,0.799824,0.799824,0.000001,0.000000,0.000000,0.000000,0,1,0,1,20.286182,0,0,0,0
56.8796,,0.799824,0.799824,0.799824,0.000001,0.000000,0.000000,0.000000,0,1,0,1,20.068915,0,0,0,0
56.8996,,0.799824,0.799824,0.799824,0.000001,0.000000,0.000000,0.000000,0,1,0,1,20.059884,0,0,0,0
56.9197,,0.799824,0.799824,0.799824,0.000001,0.000000,0.000000,0.000000,0,1,0,1,20.359195,0,0,0,0
56.9396,,0.799824,0.799824,0.799824,0.000001,0.000000,0.000000,0.000000,0,1,0,1,20.084588,0,0,0,0
56.9596,,0.799824,0.799824,0.799824,0.000001,0.000000,0.000000,0.000000,0,1,0,1,20.195387,0,0,0,0
56.9806,,0.799824,0.799824,0.799824,0.000001,0.000000,0.000000,0.000000,0,1,0,1,20.066782,0,0,0,0
57.0006,,0.799824,0.799824,0.799824,0.000001,0.000000,0.000000,0.000000,0,1,0,1,20.121321,0,0,0,0
57.0207,,0.799824,0.799824,0.799824,0.000001,0.000000,0.000000,0.000000,0,1,0,1,20.069643,0,0,0,0
57.0408,,0.799824,0.799824,0.799824,0.000001,0.000000,0.000000,0.000000,0,1,0,1,20.072784,0,0,0,0
57.0608,,0.799824,0.799824,0.799824,0.000001,0.000000,0.000000,0.000000,0,1,0,1,20.065311,0,0,0,0
57.0807,,0.799824,0.799824,0.799824,0.000001,0.000000,0.000000,0.000000,0,1,0,1,20.082549,0,0,0,0
57.1006,,0.799824,0.799824,0.799824,0.000001,0.000000,0.000000,0.000000,0,1,0,1,20.066450,0,0,0,0
57.1207,,0.799824,0.799824,0.799824,0.000001,0.000000,0.000000,0.000000,0,1,0,1,20.085783,0,0,0,0
57.1407,,0.799824,0.799824,0.799824,0.000001,0.000000,0.000000,0.000000,0,1,0,1,20.115706,0,0,0,0
57.1609,,0.799824,0.799824,0.799824,0.000001,0.000000,0.000000,0.000000,0,1,0,1,20.063116,0,0,0,0
57.1807,,0.799824,0.799824,0.799824,0.000001,0.000000,0.000000,0.000000,0,1,0,1,20.065824,0,0,0,0
57.2006,,0.799824,0.799824,0.799824,0.000001,0.000000,0.000000,0.000000,0,1,0,1,20.060100,0,0,0,0
57.2216,,0.799824,0.799824,0.799824,0.000001,0.000000,0.000000,0.000000,0,1,0,1,20.085934,0,0,0,0
57.2416,,0.799824,0.799824,0.799824,0.000001,0.000000,0.000000,0.000000,0,1,0,1,20.275243,0,0,0,0
57.2616,,0.799824,0.799824,0.799824,0.000001,0.000000,0.000000,0.000000,0,1,0,1,20.244250,0,0,0,0
57.2816,,0.799824,0.799824,0.799824,0.000001,0.000000,0.000000,0.000000,0,1,0,1,20.193815,0,0,0,0
57.3026,,0.799824,0.799824,0.799824,0.000001,0.000000,0.000000,0.000000,0,1,0,1,20.296512,0,0,0,0
57.3225,,0.799824,0.799824,0.799824,0.000001,0.000000,0.000000,0.000000,0,1,0,1,20.267423,0,0,0,0
57.3427,,0.799824,0.799824,0.799824,0.000001,0.000000,0.000000,0.000000,0,1,0,1,20.232679,0,0,0,0
57.3626,,0.799824,0.799824,0.799824,0.000001,0.000000,0.000000,0.000000,0,1,0,1,20.296380,0,0,0,0
57.3838,,0.799824,0.799824,0.799824,0.000001,0.000000,0.000000,0.000000,0,1,0,1,20.186066,0,0,0,0
57.4037,,0.799824,0.799824,0.799824,0.000001,0.000000,0.000000,0.000000,0,1,0,1,20.292529,0,0,0,0
57.4236,,0.799824,0.799824,0.799824,0.000001,0.000000,0.000000,0.000000,0,1,0,1,20.268038,0,0,0,0
57.4436,,0.799824,0.799824,0.799824,0.000001,0.000000,0.000000,0.000000,0,1,0,1,20.234671,0,0,0,0
57.4645,,0.799824,0.799824,0.799824,0.000001,0.000000,0.000000,0.000000,0,1,0,1,20.193913,0,0,0,0
57.4847,,0.799824,0.799824,0.799824,0.000001,0.000000,0.000000,0.000000,0,1,0,1,20.257500,0,0,0,0
57.5046,,0.799824,0.799824,0.799824,0.000001,0.000000,0.000000,0.000000,0,1,0,1,20.078977,0,0,0,0
57.5247,,0.799824,0.799824,0.799824,0.000001,0.000000,0.000000,0.000000,0,1,0,1,20.228306,0,0,0,0
57.5445,,0.799824,0.799824,0.799824,0.000001,0.000000,0.000000,0.000000,0,1,0,1,20.155939,0,0,0,0
57.5647,,0.799824,0.799824,0.799824,0.000001,0.000000,0.000000,0.000000,0,1,0,1,20.152127,0,0,0,0
57.5845,,0.799824,0.799824,0.799824,0.000001,0.000000,0.000000,0.000000,0,1,0,1,20.043499,0,0,0,0
57.6047,,0.799824,0.799824,0.799824,0.000001,0.000000,0.000000,0.000000,0,1,0,1,20.075126,0,0,0,0
57.6256,,0.799824,0.799824,0.799824,0.000001,0.000000,0.000000,0.000000,0,1,0,1,20.071124,0,0,0,0
57.6457,,0.799824,0.799824,0.799824,0.000001,0.000000,0.000000,0.000000,0,1,0,1,20.078135,0,0,0,0
57.6657,,0.799824,0.799824,0.799824,0.000001,0.000000,0.000000,0.000000,0,1,0,1,20.153571,0,0,0,0
57.6856,,0.799824,0.799824,0.799824,0.000001,0.000000,0.000000,0.000000,0,1,0,1,20.178947,0,0,0,0
57.7054,,0.799824,0.799824,0.799824,0.000001,0.000000,0.000000,0.000000,0,1,0,1,20.317083,0,0,0,0
57.7267,,0.799824,0.799824,0.799824,0.000001,0.000000,0.000000,0.000000,0,1,0,1,20.219293,0,0,0,0
57.7465,,0.799824,0.799824,0.799824,0.000001,0.000000,0.000000,0.000000,0,1,0,1,20.050412,0,0,0,0
57.7666,,0.799824,0.799824,0.799824,0.000001,0.000000,0.000000,0.000000,0,1,0,1,20.285677,0,0,0,0
57.7867,,0.799824,0.799824,0.799824,0.000001,0.000000,0.000000,0.000000,0,1,0,1,20.292205,0,0,0,0
57.8067,,0.799824,0.799824,0.799824,0.000001,0.000000,0.000000,0.000000,0,1,0,1,20.236554,0,0,0,0
57.8278,,0.799824,0.799824,0.799824,0.000001,0.000000,0.000000,0.000000,0,1,0,1,20.229912,0,0,0,0
57.8476,,0.799824,0.799824,0.799824,0.000001,0.000000,0.000000,0.000000,0,1,0,1,20.252634,0,0,0,0
57.8677,,0.799824,0.799824,0.799824,0.000001,0.000000,0.000000,0.000000,0,1,0,1,20.188569,0,0,0,0
57.8878,,0.799824,0.799824,0.799824,0.000001,0.000000,0.000000,0.000000,0,1,0,1,20.108893,0,0,0,0
57.9074,,0.799824,0.799824,0.799824,0.000001,0.000000,0.000000,0.000000,0,1,0,1,20.139748,0,0,0,0
57.9287,,0.799824,0.799824,0.799824,0.000001,0.000000,0.000000,0.000000,0,1,0,1,20.242773,0,0,0,0
57.9487,,0.799824,0.799824,0.799824,0.000001,0.000000,0.000000,0.000000,0,1,0,1,20.213292,0,0,0,0
57.9686,,0.799824,0.799824,0.799824,0.000001,0.000000,0.000000,0.000000,0,1,0,1,20.184338,0,0,0,0
57.9886,,0.799824,0.799824,0.799824,0.000001,0.000000,0.000000,0.000000,0,1,0,1,20.198310,0,0,0,0
58.0087,,0.799824,0.799824,0.799824,0.000001,0.000000,0.000000,0.000000,0,1,0,1,20.306856,0,0,0,0
58.0295,,0.799824,0.799824,0.799824,0.000001,0.000000,0.000000,0.000000,0,1,0,1,20.279971,0,0,0,0
58.0496,,0.799824,0.799824,0.799824,0.000001,0.000000,0.000000,0.000000,0,1,0,1,20.090440,0,0,0,0
58.0695,,0.799824,0.799824,0.799824,0.000001,0.000000,0.000000,0.000000,0,1,0,1,20.293454,0,0,0,0
58.0897,,0.799824,0.799824,0.799824,0.000001,0.000000,0.000000,0.000000,0,1,0,1,20.257923,0,0,0,0
58.1095,,0.799824,0.799824,0.799824,0.000001,0.000000,0.000000,0.000000,0,1,0,1,20.073064,0,0,0,0
58.1306,,0.799824,0.799824,0.799824,0.000001,0.000000,0.000000,0.000000,0,1,0,1,20.293712,0,0,0,0
58.1506,,0.799824,0.799824,0.799824,0.000001,0.000000,0.000000,0.000000,0,1,0,1,20.075455,0,0,0,0
58.1706,,0.799824,0.799824,0.799824,0.000001,0.000000,0.000000,0.000000,0,1,0,1,20.078575,0,0,0,0
58.1905,,0.799824,0.799824,0.799824,0.000001,0.000000,0.000000,0.000000,0,1,0,1,20.121009,0,0,0,0
58.2107,,0.799824,0.799824,0.799824,0.000001,0.000000,0.000000,0.000000,0,1,0,1,20.114637,0,0,0,0
58.2304,,0.799824,0.799824,0.799824,0.000001,0.000000,0.000000,0.000000,0,1,0,1,20.112413,0,0,0,0
58.2506,,0.799824,0.799824,0.799824,0.000001,0.000000,0.000000,0.000000,0,1,0,1,20.110747,0,0,0,0
58.2707,,0.799824,0.799824,0.799824,0.000001,0.000000,0.000000,0.000000,0,1,0,1,20.107872,0,0,0,0
58.2917,,0.799824,0.799824,0.799824,0.000001,0.000000,0.000000,0.000000,0,1,0,1,20.206244,0,0,0,0
58.3116,,0.799824,0.799824,0.799824,0.000001,0.000000,0.000000,0.000000,0,1,0,1,20.074918,0,0,0,0
58.3317,,0.799824,0.799824,0.799824,0.000001,0.000000,0.000000,0.000000,0,1,0,1,20.076586,0,0,0,0
58.3515,,0.799824,0.799824,0.799824,0.000001,0.000000,0.000000,0.000000,0,1,0,1,20.080046,0,0,0,0
58.3716,,0.799824,0.799824,0.799824,0.000001,0.000000,0.000000,0.000000,0,1,0,1,20.077374,0,0,0,0
58.3914,,0.799824,0.799824,0.799824,0.000001,0.000000,0.000000,0.000000,0,1,0,1,20.094322,0,0,0,0
58.4115,,0.799824,0.799824,0.799824,0.000001,0.000000,0.000000,0.000000,0,1,0,1,20.129912,0,0,0,0
58.4316,,0.799824,0.799824,0.799824,0.000001,0.000000,0.000000,0.000000,0,1,0,1,20.196523,0,0,0,0
58.4525,,0.799824,0.799824,0.799824,0.000001,0.000000,0.000000,0.000000,0,1,0,1,20.408832,0,0,0,0
58.4726,,0.799824,0.799824,0.799824,0.000001,0.000000,0.000000,0.000000,0,1,0,1,20.230269,0,0,0,0
58.4926,,0.799824,0.799824,0.799824,0.000001,0.000000,0.000000,0.000000,0,1,0,1,20.123148,0,0,0,0
58.5127,,0.799824,0.799824,0.799824,0.000001,0.000000,0.000000,0.000000,0,1,0,1,20.247524,0,0,0,0
58.5336,,0.799824,0.799824,0.799824,0.000001,0.000000,0.000000,0.000000,0,1,0,1,20.198213,0,0,0,0
58.5535,,0.799824,0.799824,0.799824,0.000001,0.000000,0.000000,0.000000,0,1,0,1,20.108698,0,0,0,0
58.5736,,0.799824,0.799824,0.799824,0.000001,0.000000,0.000000,0.000000,0,1,0,1,20.075524,0,0,0,0
58.5936,,0.799824,0.799824,0.799824,0.000001,0.000000,0.000000,0.000000,0,1,0,1,20.078481,0,0,0,0
58.6136,,0.799824,0.799824,0.799824,0.000001,0.000000,0.000000,0.000000,0,1,0,1,20.072229,0,0,0,0
58.6337,,0.799824,0.799824,0.799824,0.000001,0.000000,0.000000,0.000000,0,1,0,1,20.225215,0,0,0,0
58.6536,,0.799824,0.799824,0.799824,0.000001,0.000000,0.000000,0.000000,0,1,0,1,20.192091,0,0,0,0
58.6747,,0.799824,0.799824,0.799824,0.000001,0.000000,0.000000,0.000000,0,1,0,1,20.234110,0,0,0,0
58.6946,,0.799824,0.799824,0.799824,0.000001,0.000000,0.000000,0.000000,0,1,0,1,20.265749,0,0,0,0
58.7147,,0.799824,0.799824,0.799824,0.000001,0.000000,0.000000,0.000000,0,1,0,1,20.228571,0,0,0,0
58.7346,,0.799824,0.799824,0.799824,0.000001,0.000000,0.000000,0.000000,0,1,0,1,20.262820,0,0,0,0
58.7547,,0.799824,0.799824,0.799824,0.000001,0.000000,0.000000,0.000000,0,1,0,1,20.076151,0,0,0,0
58.7756,,0.799824,0.799824,0.799824,0.000001,0.000000,0.000000,0.000000,0,1,0,1,20.158151,0,0,0,0
58.7956,,0.799824,0.799824,0.799824,0.000001,0.000000,0.000000,0.000000,0,1,0,1,20.245567,0,0,0,0
58.8157,,0.799824,0.799824,0.799824,0.000001,0.000000,0.000000,0.000000,0,1,0,1,20.189539,0,0,0,0
58.8356,,0.799824,0.799824,0.799824,0.000001,0.000000,0.000000,0.000000,0,1,0,1,20.190111,0,0,0,0
58.8557,,0.799824,0.799824,0.799824,0.000001,0.000000,0.000000,0.000000,0,1,0,1,20.211353,0,0,0,0
58.8766,,0.799824,0.799824,0.799824,0.000001,0.000000,0.000000,0.000000,0,1,0,1,20.236249,0,0,0,0
58.8966,,0.799824,0.799824,0.799823,0.000001,0.000000,0.000000,0.000000,0,1,0,1,20.141787,0,0,0,0
58.9166,,0.799824,0.799824,0.799824,0.000001,0.000000,0.000000,0.000000,0,1,0,1,20.181602,0,0,0,0
58.9366,,0.799824,0.799824,0.799824,0.000001,0.000000,0.000000,0.000000,0,1,0,1,20.237293,0,0,0,0
58.9566,,0.799824,0.799824,0.799824,0.000001,0.000000,0.000000,0.000000,0,1,0,1,20.208334,0,0,0,0
58.9776,,0.799824,0.799824,0.799824,0.000001,0.000000,0.000000,0.000000,0,1,0,1,20.388073,0,0,0,0
58.9975,,0.799824,0.799824,0.799824,0.000001,0.000000,0.000000,0.000000,0,1,0,1,20.077465,0,0,0,0
59.0176,,0.799824,0.799824,0.799824,0.000001,0.000000,0.000000,0.000000,0,1,0,1,20.066299,0,0,0,0
59.0376,,0.799824,0.799824,0.799824,0.000001,0.000000,0.000000,0.000000,0,1,0,1,20.104835,0,0,0,0
59.0576,,0.799824,0.799824,0.799824,0.000001,0.000000,0.000000,0.000000,0,1,0,1,20.112313,0,0,0,0
59.0776,,0.799824,0.799824,0.799824,0.000001,0.000000,0.000000,0.000000,0,1,0,1,20.169193,0,0,0,0
59.0986,,0.799824,0.799824,0.799824,0.000001,0.000000,0.000000,0.000000,0,1,0,1,20.169058,0,0,0,0
59.1186,,0.799824,0.799824,0.799824,0.000001,0.000000,0.000000,0.000000,0,1,0,1,20.189705,0,0,0,0
59.1387,,0.799824,0.799824,0.799824,0.000001,0.000000,0.000000,0.000000,0,1,0,1,20.068598,0,0,0,0
59.1586,,0.799824,0.799824,0.799824,0.000001,0.000000,0.000000,0.000000,0,1,0,1,20.180245,0,0,0,0
59.1786,,0.799824,0.799824,0.799824,0.000001,0.000000,0.000000,0.000000,0,1,0,1,20.101163,0,0,0,0
59.1987,,0.799824,0.799824,0.799824,0.000001,0.000000,0.000000,0.000000,0,1,0,1,20.095109,0,0,0,0
59.2186,,0.799824,0.799824,0.799824,0.000001,0.000000,0.000000,0.000000,0,1,0,1,20.094532,0,0,0,0
59.2385,,0.799824,0.799824,0.799824,0.000001,0.000000,0.000000,0.000000,0,1,0,1,20.066905,0,0,0,0
59.2586,,0.799824,0.799824,0.799824,0.000001,0.000000,0.000000,0.000000,0,1,0,1,20.087647,0,0,0,0
59.2786,,0.799824,0.799824,0.799824,0.000001,0.000000,0.000000,0.000000,0,1,0,1,20.086831,0,0,0,0
59.2995,,0.799824,0.799824,0.799824,0.000001,0.000000,0.000000,0.000000,0,1,0,1,20.105232,0,0,0,0
59.3197,,0.799824,0.799824,0.799824,0.000001,0.000000,0.000000,0.000000,0,1,0,1,20.096846,0,0,0,0
59.3397,,0.799824,0.799824,0.799824,0.000001,0.000000,0.000000,0.000000,0,1,0,1,20.069760,0,0,0,0
59.3597,,0.799824,0.799824,0.799824,0.000001,0.000000,0.000000,0.000000,0,1,0,1,20.069805,0,0,0,0
59.3796,,0.799824,0.799824,0.799824,0.000001,0.000000,0.000000,0.000000,0,1,0,1,20.068533,0,0,0,0
59.3996,,0.799824,0.799824,0.799824,0.000001,0.000000,0.000000,0.000000,0,1,0,1,20.291800,0,0,0,0
59.4196,,0.799824,0.799824,0.799824,0.000001,0.000000,0.000000,0.000000,0,1,0,1,20.171593,0,0,0,0
59.4397,,0.799824,0.799824,0.799824,0.000001,0.000000,0.000000,0.000000,0,1,0,1,20.074055,0,0,0,0
59.4607,,0.799824,0.799824,0.799824,0.000001,0.000000,0.000000,0.000000,0,1,0,1,20.197946,0,0,0,0
59.4807,,0.799824,0.799824,0.799824,0.000001,0.000000,0.000000,0.000000,0,1,0,1,20.071918,0,0,0,0
59.5005,,0.799824,0.799824,0.799824,0.000001,0.000000,0.000000,0.000000,0,1,0,1,20.073698,0,0,0,0
59.5206,,0.799824,0.799824,0.799824,0.000001,0.000000,0.000000,0.000000,0,1,0,1,20.081035,0,0,0,0
59.5406,,0.799824,0.799824,0.799824,0.000001,0.000000,0.000000,0.000000,0,1,0,1,20.115494,0,0,0,0
59.5606,,0.799824,0.799824,0.799824,0.000001,0.000000,0.000000,0.000000,0,1,0,1,20.070241,0,0,0,0
59.5805,,0.799824,0.799824,0.799824,0.000001,0.000000,0.000000,0.000000,0,1,0,1,20.069618,0,0,0,0
59.6005,,0.799824,0.799824,0.799824,0.000001,0.000000,0.000000,0.000000,0,1,0,1,20.090571,0,0,0,0
59.6206,,0.799824,0.799824,0.799824,0.000001,0.000000,0.000000,0.000000,0,1,0,1,20.063531,0,0,0,0
59.6406,,0.799824,0.799824,0.799824,0.000001,0.000000,0.000000,0.000000,0,1,0,1,20.068197,0,0,0,0
59.6616,,0.799824,0.799824,0.799824,0.000001,0.000000,0.000000,0.000000,0,1,0,1,20.214169,0,0,0,0
59.6816,,0.799824,0.799824,0.799824,0.000001,0.000000,0.000000,0.000000,0,1,0,1,20.074474,0,0,0,0
59.7016,,0.799824,0.799824,0.799824,0.000001,0.000000,0.000000,0.000000,0,1,0,1,20.068053,0,0,0,0
59.7217,,0.799824,0.799824,0.799824,0.000001,0.000000,0.000000,0.000000,0,1,0,1,20.068122,0,0,0,0
59.7415,,0.799824,0.799824,0.799824,0.000001,0.000000,0.000000,0.000000,0,1,0,1,20.102895,0,0,0,0
59.7616,,0.799824,0.799824,0.799824,0.000001,0.000000,0.000000,0.000000,0,1,0,1,20.069086,0,0,0,0
59.7816,,0.799824,0.799824,0.799824,0.000001,0.000000,0.000000,0.000000,0,1,0,1,20.107824,0,0,0,0
59.8015,,0.799824,0.799824,0.799824,0.000001,0.000000,0.000000,0.000000,0,1,0,1,20.163391,0,0,0,0
59.8216,,0.799824,0.799824,0.799824,0.000001,0.000000,0.000000,0.000000,0,1,0,1,20.083450,0,0,0,0
59.8414,,0.799824,0.799824,0.799824,0.000001,0.000000,0.000000,0.000000,0,1,0,1,20.075187,0,0,0,0
59.8615,,0.799824,0.799824,0.799824,0.000001,0.000000,0.000000,0.000000,0,1,0,1,20.090397,0,0,0,0
59.8826,,0.799824,0.799824,0.799824,0.000001,0.000000,0.000000,0.000000,0,1,0,1,20.074166,0,0,0,0
59.9027,,0.799824,0.799824,0.799824,0.000001,0.000000,0.000000,0.000000,0,1,0,1,20.229533,0,0,0,0
59.9226,,0.799824,0.799824,0.799824,0.000001,0.000000,0.000000,0.000000,0,1,0,1,20.102003,0,0,0,0
59.9426,,0.799824,0.799824,0.799824,0.000001,0.000000,0.000000,0.000000,0,1,0,1,20.075322,0,0,0,0
59.9626,,0.799824,0.799824,0.799824,0.000001,0.000000,0.000000,0.000000,0,1,0,1,20.069281,0,0,0,0
59.9827,,0.799824,0.799824,0.799824,0.000001,0.000000,0.000000,0.000000,0,1,0,1,20.107403,0,0,0,0
60.0026,,0.799824,0.799824,0.799824,0.000001,0.000000,0.000000,0.000000,0,1,0,1,20.107373,0,0,0,0
60.0227,,0.799824,0.799824,0.799824,0.000001,0.000000,0.000000,0.000000,0,1,0,1,20.101457,0,0,0,0
60.0427,,0.799824,0.799824,0.799824,0.000001,0.000000,0.000000,0.000000,0,1,0,1,20.185152,0,0,0,0
60.0636,,0.799824,0.799824,0.799824,0.000001,0.000000,0.000000,0.000000,0,1,0,1,20.075856,0,0,0,0
60.0837,,0.799824,0.799824,0.799824,0.000001,0.000000,0.000000,0.000000,0,1,0,1,20.196578,0,0,0,0
60.1037,,0.799824,0.799824,0.799824,0.000001,0.000000,0.000000,0.000000,0,1,0,1,20.076031,0,0,0,0
60.1236,,0.799824,0.799824,0.799824,0.000001,0.000000,0.000000,0.000000,0,1,0,1,20.228009,0,0,0,0
60.1436,,0.799824,0.799824,0.799824,0.000001,0.000000,0.000000,0.000000,0,1,0,1,20.212974,0,0,0,0
60.1636,,0.799824,0.799824,0.799824,0.000001,0.000000,0.000000,0.000000,0,1,0,1,20.182880,0,0,0,0
60.1846,,0.799824,0.799824,0.799824,0.000001,0.000000,0.000000,0.000000,0,1,0,1,20.183685,0,0,0,0
60.2046,,0.799824,0.799824,0.799824,0.000001,0.000000,0.000000,0.000000,0,1,0,1,20.081128,0,0,0,0
60.2247,,0.799824,0.799824,0.799824,0.000001,0.000000,0.000000,0.000000,0,1,0,1,20.076521,0,0,0,0
60.2446,,0.799824,0.799824,0.799824,0.000001,0.000000,0.000000,0.000000,0,1,0,1,20.067662,0,0,0,0
60.2646,,0.799824,0.799824,0.799824,0.000001,0.000000,0.000000,0.000000,0,1,0,1,20.073101,0,0,0,0
60.2846,,0.799824,0.799824,0.799824,0.000001,0.000000,0.000000,0.000000,0,1,0,1,20.108541,0,0,0,0
60.3046,,0.799824,0.799824,0.799824,0.000001,0.000000,0.000000,0.000000,0,1,0,1,20.112788,0,0,0,0
60.3247,,0.799824,0.799824,0.799824,0.000001,0.000000,0.000000,0.000000,0,1,0,1,20.215551,0,0,0,0
60.3455,,0.799824,0.799824,0.799824,0.000001,0.000000,0.000000,0.000000,0,1,0,1,20.195829,0,0,0,0
60.3655,,0.799824,0.799824,0.799824,0.000001,0.000000,0.000000,0.000000,0,1,0,1,20.293526,0,0,0,0
60.3855,,0.799824,0.799824,0.799824,0.000001,0.000000,0.000000,0.000000,0,1,0,1,20.279186,0,0,0,0
60.4055,,0.799824,0.799824,0.799824,0.000001,0.000000,0.000000,0.000000,0,1,0,1,20.087103,0,0,0,0
60.4255,,0.799824,0.799824,0.799824,0.000001,0.000000,0.000000,0.000000,0,1,0,1,20.134016,0,0,0,0
60.4466,,0.799824,0.799824,0.799824,0.000001,0.000000,0.000000,0.000000,0,1,0,1,20.164925,0,0,0,0
60.4665,,0.799824,0.799824,0.799824,0.000001,0.000000,0.000000,0.000000,0,1,0,1,20.376271,0,0,0,0
60.4866,,0.799824,0.799824,0.799824,0.000001,0.000000,0.000000,0.000000,0,1,0,1,20.183840,0,0,0,0
60.5065,,0.799824,0.799824,0.799824,0.000001,0.000000,0.000000,0.000000,0,1,0,1,20.271299,0,0,0,0
60.5278,,0.799824,0.799824,0.799824,0.000001,0.000000,0.000000,0.000000,0,1,0,1,20.259372,0,0,0,0
60.5476,,0.799824,0.799824,0.799824,0.000001,0.000000,0.000000,0.000000,0,1,0,1,20.283944,0,0,0,0
60.5676,,0.799824,0.799824,0.799824,0.000001,0.000000,0.000000,0.000000,0,1,0,1,20.075801,0,0,0,0
60.5876,,0.799824,0.799824,0.799824,0.000001,0.000000,0.000000,0.000000,0,1,0,1,20.224206,0,0,0,0
60.6076,,0.799824,0.799824,0.799824,0.000001,0.000000,0.000000,0.000000,0,1,0,1,20.188234,0,0,0,0
60.6287,,0.799824,0.799824,0.799824,0.000001,0.000000,0.000000,0.000000,0,1,0,1,20.216456,0,0,0,0
60.6486,,0.799824,0.799824,0.799824,0.000001,0.000000,0.000000,0.000000,0,1,0,1,20.086255,0,0,0,0
60.6687,,0.799824,0.799824,0.799824,0.000001,0.000000,0.000000,0.000000,0,1,0,1,20.092402,0,0,0,0
60.6888,,0.799824,0.799824,0.799824,0.000001,0.000000,0.000000,0.000000,0,1,0,1,20.072903,0,0,0,0
60.7087,,0.799824,0.799824,0.799824,0.000001,0.000000,0.000000,0.000000,0,1,0,1,20.071024,0,0,0,0
60.7286,,0.799824,0.799824,0.799824,0.000001,0.000000,0.000000,0.000000,0,1,0,1,20.099190,0,0,0,0
60.7486,,0.799824,0.799824,0.799824,0.000001,0.000000,0.000000,0.000000,0,1,0,1,20.191181,0,0,0,0
60.7686,,0.799824,0.799824,0.799824,0.000001,0.000000,0.000000,0.000000,0,1,0,1,20.195591,0,0,0,0
60.7896,,0.799824,0.799824,0.799824,0.000001,0.000000,0.000000,0.000000,0,1,0,1,20.230013,0,0,0,0
60.8094,,0.799824,0.799824,0.799824,0.000001,0.000000,0.000000,0.000000,0,1,0,1,20.204574,0,0,0,0
60.8296,,0.799824,0.799824,0.799824,0.000001,0.000000,0.000000,0.000000,0,1,0,1,20.263088,0,0,0,0
60.8496,,0.799824,0.799824,0.799824,0.000001,0.000000,0.000000,0.000000,0,1,0,1,20.113555,0,0,0,0
60.8695,,0.799824,0.799824,0.799824,0.000001,0.000000,0.000000,0.000000,0,1,0,1,20.079807,0,0,0,0
60.8895,,0.799824,0.799824,0.799824,0.000001,0.000000,0.000000,0.000000,0,1,0,1,20.104137,0,0,0,0
60.9106,,0.799824,0.799824,0.799824,0.000001,0.000000,0.000000,0.000000,0,1,0,1,20.080547,0,0,0,0
60.9306,,0.799824,0.799824,0.799824,0.000001,0.000000,0.000000,0.000000,0,1,0,1,20.089278,0,0,0,0
60.9507,,0.799824,0.799824,0.799824,0.000001,0.000000,0.000000,0.000000,0,1,0,1,20.081438,0,0,0,0
60.9707,,0.799824,0.799824,0.799824,0.000001,0.000000,0.000000,0.000000,0,1,0,1,20.128158,0,0,0,0
60.9906,,0.799824,0.799824,0.799824,0.000001,0.000000,0.000000,0.000000,0,1,0,1,20.068950,0,0,0,0
61.0105,,0.799824,0.799824,0.799824,0.000001,0.000000,0.000000,0.000000,0,1,0,1,20.364778,0,0,0,0
61.0306,,0.799824,0.799824,0.799824,0.000001,0.000000,0.000000,0.000000,0,1,0,1,20.088785,0,0,0,0
61.0505,,0.799824,0.799824,0.799824,0.000001,0.000000,0.000000,0.000000,0,1,0,1,20.070646,0,0,0,0
61.0716,,0.799824,0.799824,0.799824,0.000001,0.000000,0.000000,0.000000,0,1,0,1,20.265979,0,0,0,0
61.0917,,0.799824,0.799824,0.799824,0.000001,0.000000,0.000000,0.000000,0,1,0,1,20.136783,0,0,0,0
61.1117,,0.799824,0.799824,0.799824,0.000001,0.000000,0.000000,0.000000,0,1,0,1,20.072238,0,0,0,0
61.1316,,0.799824,0.799824,0.799824,0.000001,0.000000,0.000000,0.000000,0,1,0,1,20.079397,0,0,0,0
61.1515,,0.799824,0.799824,0.799824,0.000001,0.000000,0.000000,0.000000,0,1,0,1,20.066179,0,0,0,0
61.1716,,0.799824,0.799824,0.799824,0.000001,0.000000,0.000000,0.000000,0,1,0,1,20.077897,0,0,0,0
61.1918,,0.799824,0.799824,0.799824,0.000001,0.000000,0.000000,0.000000,0,1,0,1,20.140116,0,0,0,0
61.2117,,0.799824,0.799824,0.799824,0.000001,0.000000,0.000000,0.000000,0,1,0,1,20.204743,0,0,0,0
61.2326,,0.799824,0.799824,0.799824,0.000001,0.000000,0.000000,0.000000,0,1,0,1,20.189017,0,0,0,0
61.2527,,0.799824,0.799824,0.799824,0.000001,0.000000,0.000000,0.000000,0,1,0,1,20.202605,0,0,0,0
61.2726,,0.799824,0.799824,0.799824,0.000001,0.000000,0.000000,0.000000,0,1,0,1,20.100641,0,0,0,0
61.2926,,0.799824,0.799824,0.799824,0.000001,0.000000,0.000000,0.000000,0,1,0,1,20.090393,0,0,0,0
61.3126,,0.799824,0.799824,0.799824,0.000001,0.000000,0.000000,0.000000,0,1,0,1,20.192933,0,0,0,0
61.3335,,0.799824,0.799824,0.799824,0.000001,0.000000,0.000000,0.000000,0,1,0,1,20.294613,0,0,0,0
61.3536,,0.799824,0.799824,0.799824,0.000001,0.000000,0.000000,0.000000,0,1,0,1,20.324988,0,0,0,0
61.3735,,0.799824,0.799824,0.799824,0.000001,0.000000,0.000000,0.000000,0,1,0,1,20.063245,0,0,0,0
61.3936,,0.799824,0.799824,0.799824,0.000001,0.000000,0.000000,0.000000,0,1,0,1,20.084691,0,0,0,0
61.4136,,0.799824,0.799824,0.799824,0.000001,0.000000,0.000000,0.000000,0,1,0,1,20.105982,0,0,0,0
61.4337,,0.799824,0.799824,0.799824,0.000001,0.000000,0.000000,0.000000,0,1,0,1,20.065143,0,0,0,0
61.4536,,0.799824,0.799824,0.799824,0.000001,0.000000,0.000000,0.000000,0,1,0,1,20.071052,0,0,0,0
61.4737,,0.799824,0.799824,0.799824,0.000001,0.000000,0.000000,0.000000,0,1,0,1,20.089397,0,0,0,0
61.4946,,0.799824,0.799824,0.799824,0.000001,0.000000,0.000000,0.000000,0,1,0,1,20.200826,0,0,0,0
61.5144,,0.799824,0.799824,0.799824,0.000001,0.000000,0.000000,0.000000,0,1,0,1,20.225722,0,0,0,0
61.5345,,0.799824,0.799824,0.799824,0.000001,0.000000,0.000000,0.000000,0,1,0,1,20.074633,0,0,0,0
61.5544,,0.799824,0.799824,0.799824,0.000001,0.000000,0.000000,0.000000,0,1,0,1,20.205680,0,0,0,0
61.5746,,0.799824,0.799824,0.799824,0.000001,0.000000,0.000000,0.000000,0,1,0,1,20.122423,0,0,0,0
61.5946,,0.799824,0.799824,0.799824,0.000001,0.000000,0.000000,0.000000,0,1,0,1,20.114711,0,0,0,0
61.6144,,0.799824,0.799824,0.799824,0.000001,0.000000,0.000000,0.000000,0,1,0,1,20.111776,0,0,0,0
61.6347,,0.799824,0.799824,0.799824,0.000001,0.000000,0.000000,0.000000,0,1,0,1,20.077319,0,0,0,0
61.6556,,0.799824,0.799824,0.799824,0.000001,0.000000,0.000000,0.000000,0,1,0,1,20.079726,0,0,0,0
61.6756,,0.799824,0.799824,0.799824,0.000001,0.000000,0.000000,0.000000,0,1,0,1,20.211212,0,0,0,0
61.6956,,0.799824,0.799824,0.799824,0.000001,0.000000,0.000000,0.000000,0,1,0,1,20.211014,0,0,0,0
61.7156,,0.799824,0.799824,0.799824,0.000001,0.000000,0.000000,0.000000,0,1,0,1,20.186031,0,0,0,0
61.7356,,0.799824,0.799824,0.799824,0.000001,0.000000,0.000000,0.000000,0,1,0,1,20.261139,0,0,0,0
61.7566,,0.799824,0.799824,0.799824,0.000001,0.000000,0.000000,0.000000,0,1,0,1,20.187542,0,0,0,0
61.7766,,0.799824,0.799824,0.799824,0.000001,0.000000,0.000000,0.000000,0,1,0,1,20.091112,0,0,0,0
61.7966,,0.799824,0.799824,0.799824,0.000001,0.000000,0.000000,0.000000,0,1,0,1,20.208328,0,0,0,0
61.8167,,0.799824,0.799824,0.799824,0.000001,0.000000,0.000000,0.000000,0,1,0,1,20.217684,0,0,0,0
61.8365,,0.799824,0.799824,0.799824,0.000001,0.000000,0.000000,0.000000,0,1,0,1,20.202827,0,0,0,0
61.8576,,0.799824,0.799824,0.799824,0.000001,0.000000,0.000000,0.000000,0,1,0,1,20.205331,0,0,0,0
61.8776,,0.799824,0.799824,0.799824,0.000001,0.000000,0.000000,0.000000,0,1,0,1,20.148140,0,0,0,0
61.8976,,0.799824,0.799824,0.799824,0.000001,0.000000,0.000000,0.000000,0,1,0,1,20.244839,0,0,0,0
61.9176,,0.799824,0.799824,0.799824,0.000001,0.000000,0.000000,0.000000,0,1,0,1,20.214472,0,0,0,0
61.9375,,0.799824,0.799824,0.799824,0.000001,0.000000,0.000000,0.000000,0,1,0,1,20.109355,0,0,0,0
61.9576,,0.799824,0.799824,0.799824,0.000001,0.000000,0.000000,0.000000,0,1,0,1,20.193101,0,0,0,0
61.9785,,0.799824,0.799824,0.799824,0.000001,0.000000,0.000000,0.000000,0,1,0,1,20.211347,0,0,0,0
61.9985,,0.799824,0.799824,0.799824,0.000001,0.000000,0.000000,0.000000,0,1,0,1,20.218290,0,0,0,0
62.0185,,0.799824,0.799824,0.799824,0.000001,0.000000,0.000000,0.000000,0,1,0,1,20.171892,0,0,0,0
62.0386,,0.799824,0.799824,0.799824,0.000001,0.000000,0.000000,0.000000,0,1,0,1,20.175932,0,0,0,0
62.0586,,0.799824,0.799824,0.799824,0.000001,0.000000,0.000000,0.000000,0,1,0,1,20.071270,0,0,0,0
62.0785,,0.799824,0.799824,0.799824,0.000001,0.000000,0.000000,0.000000,0,1,0,1,20.073818,0,0,0,0
62.0985,,0.799824,0.799824,0.799824,0.000001,0.000000,0.000000,0.000000,0,1,0,1,20.067879,0,0,0,0
62.1195,,0.799824,0.799824,0.799824,0.000001,0.000000,0.000000,0.000000,0,1,0,1,20.067926,0,0,0,0
62.1395,,0.799824,0.799824,0.799824,0.000001,0.000000,0.000000,0.000000,0,1,0,1,20.297426,0,0,0,0
62.1595,,0.799824,0.799824,0.799824,0.000001,0.000000,0.000000,0.000000,0,1,0,1,20.219888,0,0,0,0
62.1794,,0.799824,0.799824,0.799824,0.000001,0.000000,0.000000,0.000000,0,1,0,1,20.184653,0,0,0,0
62.1994,,0.799824,0.799824,0.799824,0.000001,0.000000,0.000000,0.000000,0,1,0,1,20.073939,0,0,0,0
62.2194,,0.799824,0.799824,0.799824,0.000001,0.000000,0.000000,0.000000,0,1,0,1,20.075910,0,0,0,0
62.2405,,0.799824,0.799824,0.799824,0.000001,0.000000,0.000000,0.000000,0,1,0,1,20.194944,0,0,0,0
62.2605,,0.799824,0.799824,0.799824,0.000001,0.000000,0.000000,0.000000,0,1,0,1,20.400736,0,0,0,0
62.2805,,0.799824,0.799824,0.799824,0.000001,0.000000,0.000000,0.000000,0,1,0,1,20.196062,0,0,0,0
62.3005,,0.799824,0.799824,0.799824,0.000001,0.000000,0.000000,0.000000,0,1,0,1,20.222981,0,0,0,0
62.3216,,0.799824,0.799824,0.799824,0.000001,0.000000,0.000000,0.000000,0,1,0,1,20.226473,0,0,0,0
62.3415,,0.799824,0.799824,0.799824,0.000001,0.000000,0.000000,0.000000,0,1,0,1,20.218597,0,0,0,0
62.3615,,0.799824,0.799824,0.799824,0.000001,0.000000,0.000000,0.000000,0,1,0,1,20.265324,0,0,0,0
62.3816,,0.799824,0.799824,0.799824,0.000001,0.000000,0.000000,0.000000,0,1,0,1,20.193347,0,0,0,0
62.4016,,0.799824,0.799824,0.799824,0.000001,0.000000,0.000000,0.000000,0,1,0,1,20.184034,0,0,0,0
62.4227,,0.799824,0.799824,0.799824,0.000001,0.000000,0.000000,0.000000,0,1,0,1,20.215840,0,0,0,0
62.4424,,0.799824,0.799824,0.799824,0.000001,0.000000,0.000000,0.000000,0,1,0,1,20.178589,0,0,0,0
62.4624,,0.799824,0.799824,0.799824,0.000001,0.000000,0.000000,0.000000,0,1,0,1,20.231244,0,0,0,0
62.4826,,0.799824,0.799824,0.799824,0.000001,0.000000,0.000000,0.000000,0,1,0,1,20.261326,0,0,0,0
62.5035,,0.799824,0.799824,0.799824,0.000001,0.000000,0.000000,0.000000,0,1,0,1,20.154749,0,0,0,0
62.5234,,0.799824,0.799824,0.799824,0.000001,0.000000,0.000000,0.000000,0,1,0,1,20.264397,0,0,0,0
62.5435,,0.799824,0.799824,0.799824,0.000001,0.000000,0.000000,0.000000,0,1,0,1,20.229385,0,0,0,0
62.5634,,0.799824,0.799824,0.799824,0.000001,0.000000,0.000000,0.000000,0,1,0,1,20.246853,0,0,0,0
62.5834,,0.799824,0.799824,0.799824,0.000001,0.000000,0.000000,0.000000,0,1,0,1,20.131443,0,0,0,0
62.6046,,0.799824,0.799824,0.799824,0.000001,0.000000,0.000000,0.000000,0,1,0,1,20.220383,0,0,0,0
62.6246,,0.799824,0.799824,0.799824,0.000001,0.000000,0.000000,0.000000,0,1,0,1,20.210643,0,0,0,0
62.6446,,0.799824,0.799824,0.799824,0.000001,0.000000,0.000000,0.000000,0,1,0,1,20.252646,0,0,0,0
62.6647,,0.799824,0.799824,0.799824,0.000001,0.000000,0.000000,0.000000,0,1,0,1,20.080685,0,0,0,0
62.6846,,0.799824,0.799824,0.799824,0.000001,0.000000,0.000000,0.000000,0,1,0,1,20.177313,0,0,0,0
62.7045,,0.799824,0.799824,0.799824,0.000001,0.000000,0.000000,0.000000,0,1,0,1,20.090733,0,0,0,0
62.7245,,0.799824,0.799824,0.799824,0.000001,0.000000,0.000000,0.000000,0,1,0,1,20.097021,0,0,0,0
62.7455,,0.799824,0.799824,0.799824,0.000001,0.000000,0.000000,0.000000,0,1,0,1,20.101537,0,0,0,0
62.7656,,0.799824,0.799824,0.799824,0.000001,0.000000,0.000000,0.000000,0,1,0,1,20.080486,0,0,0,0
62.7855,,0.799824,0.799824,0.799824,0.000001,0.000000,0.000000,0.000000,0,1,0,1,20.085792,0,0,0,0
62.8055,,0.799824,0.799824,0.799824,0.000001,0.000000,0.000000,0.000000,0,1,0,1,20.068640,0,0,0,0
62.8256,,0.799824,0.799824,0.799824,0.000001,0.000000,0.000000,0.000000,0,1,0,1,20.215751,0,0,0,0
62.8455,,0.799824,0.799824,0.799824,0.000001,0.000000,0.000000,0.000000,0,1,0,1,20.103895,0,0,0,0
62.8654,,0.799824,0.799824,0.799824,0.000001,0.000000,0.000000,0.000000,0,1,0,1,20.087006,0,0,0,0
62.8856,,0.799824,0.799824,0.799824,0.000001,0.000000,0.000000,0.000000,0,1,0,1,20.174443,0,0,0,0
62.9067,,0.799824,0.799824,0.799824,0.000001,0.000000,0.000000,0.000000,0,1,0,1,20.158005,0,0,0,0
62.9266,,0.799824,0.799824,0.799824,0.000001,0.000000,0.000000,0.000000,0,1,0,1,20.247948,0,0,0,0
62.9467,,0.799824,0.799824,0.799824,0.000001,0.000000,0.000000,0.000000,0,1,0,1,20.068698,0,0,0,0
62.9666,,0.799824,0.799824,0.799824,0.000001,0.000000,0.000000,0.000000,0,1,0,1,20.208261,0,0,0,0
62.9867,,0.799824,0.799824,0.799824,0.000001,0.000000,0.000000,0.000000,0,1,0,1,20.184609,0,0,0,0
63.0065,,0.799824,0.799824,0.799824,0.000001,0.000000,0.000000,0.000000,0,1,0,1,20.069578,0,0,0,0
63.0275,,0.799824,0.799824,0.799824,0.000001,0.000000,0.000000,0.000000,0,1,0,1,20.389169,0,0,0,0
63.0475,,0.799824,0.799824,0.799824,0.000001,0.000000,0.000000,0.000000,0,1,0,1,20.142542,0,0,0,0
63.0675,,0.799824,0.799824,0.799824,0.000001,0.000000,0.000000,0.000000,0,1,0,1,20.236086,0,0,0,0
63.0876,,0.799824,0.799824,0.799824,0.000001,0.000000,0.000000,0.000000,0,1,0,1,20.161110,0,0,0,0
63.1086,,0.799824,0.799824,0.799824,0.000001,0.000000,0.000000,0.000000,0,1,0,1,20.210103,0,0,0,0
63.1285,,0.799824,0.799824,0.799824,0.000001,0.000000,0.000000,0.000000,0,1,0,1,20.265735,0,0,0,0
63.1486,,0.799824,0.799824,0.799824,0.000001,0.000000,0.000000,0.000000,0,1,0,1,20.184548,0,0,0,0
63.1685,,0.799824,0.799824,0.799824,0.000001,0.000000,0.000000,0.000000,0,1,0,1,20.182646,0,0,0,0
63.1886,,0.799824,0.799824,0.799824,0.000001,0.000000,0.000000,0.000000,0,1,0,1,20.227768,0,0,0,0
63.2095,,0.799824,0.799824,0.799824,0.000001,0.000000,0.000000,0.000000,0,1,0,1,20.265231,0,0,0,0
63.2296,,0.799824,0.799824,0.799824,0.000001,0.000000,0.000000,0.000000,0,1,0,1,20.249124,0,0,0,0
63.2495,,0.799824,0.799824,0.799824,0.000001,0.000000,0.000000,0.000000,0,1,0,1,20.213609,0,0,0,0
63.2697,,0.799824,0.799824,0.799824,0.000001,0.000000,0.000000,0.000000,0,1,0,1,20.143630,0,0,0,0
63.2905,,0.799824,0.799824,0.799824,0.000001,0.000000,0.000000,0.000000,0,1,0,1,20.258721,0,0,0,0
63.3105,,0.799824,0.799824,0.799824,0.000001,0.000000,0.000000,0.000000,0,1,0,1,20.208428,0,0,0,0
63.3305,,0.799824,0.799824,0.799824,0.000001,0.000000,0.000000,0.000000,0,1,0,1,20.081072,0,0,0,0
63.3505,,0.799824,0.799824,0.799824,0.000001,0.000000,0.000000,0.000000,0,1,0,1,20.200355,0,0,0,0
63.3706,,0.799824,0.799824,0.799824,0.000001,0.000000,0.000000,0.000000,0,1,0,1,20.111608,0,0,0,0
63.3905,,0.799824,0.799824,0.799824,0.000001,0.000000,0.000000,0.000000,0,1,0,1,20.202483,0,0,0,0
63.4115,,0.799824,0.799824,0.799824,0.000001,0.000000,0.000000,0.000000,0,1,0,1,20.182577,0,0,0,0
63.4316,,0.799824,0.799824,0.799824,0.000001,0.000000,0.000000,0.000000,0,1,0,1,20.205013,0,0,0,0
63.4515,,0.799824,0.799824,0.799824,0.000001,0.000000,0.000000,0.000000,0,1,0,1,20.250274,0,0,0,0
63.4716,,0.799824,0.799824,0.799824,0.000001,0.000000,0.000000,0.000000,0,1,0,1,20.224289,0,0,0,0
63.4915,,0.799824,0.799824,0.799824,0.000001,0.000000,0.000000,0.000000,0,1,0,1,20.208173,0,0,0,0
63.5125,,0.799824,0.799824,0.799824,0.000001,0.000000,0.000000,0.000000,0,1,0,1,20.187610,0,0,0,0
63.5325,,0.799824,0.799824,0.799824,0.000001,0.000000,0.000000,0.000000,0,1,0,1,20.231091,0,0,0,0
63.5528,,0.799824,0.799824,0.799824,0.000001,0.000000,0.000000,0.000000,0,1,0,1,20.204794,0,0,0,0
63.5726,,0.799824,0.799824,0.799824,0.000001,0.000000,0.000000,0.000000,0,1,0,1,20.203274,0,0,0,0
63.5935,,0.799824,0.799824,0.799824,0.000001,0.000000,0.000000,0.000000,0,1,0,1,20.283078,0,0,0,0
63.6135,,0.799824,0.799824,0.799824,0.000001,0.000000,0.000000,0.000000,0,1,0,1,20.197820,0,0,0,0
63.6335,,0.799824,0.799824,0.799824,0.000001,0.000000,0.000000,0.000000,0,1,0,1,20.284280,0,0,0,0
63.6536,,0.799824,0.799824,0.799824,0.000001,0.000000,0.000000,0.000000,0,1,0,1,20.167373,0,0,0,0
63.6734,,0.799824,0.799824,0.799824,0.000001,0.000000,0.000000,0.000000,0,1,0,1,20.206914,0,0,0,0
63.6945,,0.799824,0.799824,0.799824,0.000001,0.000000,0.000000,0.000000,0,1,0,1,20.199855,0,0,0,0
63.7145,,0.799824,0.799824,0.799824,0.000001,0.000000,0.000000,0.000000,0,1,0,1,20.267179,0,0,0,0
63.7345,,0.799824,0.799824,0.799824,0.000001,0.000000,0.000000,0.000000,0,1,0,1,20.221220,0,0,0,0
63.7544,,0.799824,0.799824,0.799824,0.000001,0.000000,0.000000,0.000000,0,1,0,1,20.195275,0,0,0,0
63.7755,,0.799824,0.799824,0.799824,0.000001,0.000000,0.000000,0.000000,0,1,0,1,20.212992,0,0,0,0
63.7954,,0.799824,0.799824,0.799824,0.000001,0.000000,0.000000,0.000000,0,1,0,1,20.080033,0,0,0,0
63.8154,,0.799824,0.799824,0.799824,0.000001,0.000000,0.000000,0.000000,0,1,0,1,20.079132,0,0,0,0
63.8355,,0.799824,0.799824,0.799824,0.000001,0.000000,0.000000,0.000000,0,1,0,1,20.075261,0,0,0,0
63.8555,,0.799824,0.799824,0.799824,0.000001,0.000000,0.000000,0.000000,0,1,0,1,20.120743,0,0,0,0
63.8754,,0.799824,0.799824,0.799824,0.000001,0.000000,0.000000,0.000000,0,1,0,1,20.080971,0,0,0,0
63.8956,,0.799824,0.799824,0.799824,0.000001,0.000000,0.000000,0.000000,0,1,0,1,20.091500,0,0,0,0
63.9157,,0.799824,0.799824,0.799824,0.000001,0.000000,0.000000,0.000000,0,1,0,1,20.202442,0,0,0,0
63.9356,,0.799824,0.799824,0.799824,0.000001,0.000000,0.000000,0.000000,0,1,0,1,20.263904,0,0,0,0
63.9565,,0.799824,0.799824,0.799824,0.000001,0.000000,0.000000,0.000000,0,1,0,1,20.072156,0,0,0,0
63.9765,,0.799824,0.799824,0.799824,0.000001,0.000000,0.000000,0.000000,0,1,0,1,20.264653,0,0,0,0
63.9966,,0.799824,0.799824,0.799824,0.000001,0.000000,0.000000,0.000000,0,1,0,1,20.216966,0,0,0,0
64.0165,,0.799824,0.799824,0.799824,0.000001,0.000000,0.000000,0.000000,0,1,0,1,20.172008,0,0,0,0
64.0366,,0.799824,0.799824,0.799824,0.000001,0.000000,0.000000,0.000000,0,1,0,1,20.225074,0,0,0,0
64.0575,,0.799824,0.799824,0.799824,0.000001,0.000000,0.000000,0.000000,0,1,0,1,20.142004,0,0,0,0
64.0775,,0.799824,0.799824,0.799824,0.000001,0.000000,0.000000,0.000000,0,1,0,1,20.253548,0,0,0,0
64.0976,,0.799824,0.799824,0.799824,0.000001,0.000000,0.000000,0.000000,0,1,0,1,20.077856,0,0,0,0
64.1174,,0.799824,0.799824,0.799824,0.000001,0.000000,0.000000,0.000000,0,1,0,1,20.250401,0,0,0,0
64.1374,,0.799824,0.799824,0.799824,0.000001,0.000000,0.000000,0.000000,0,1,0,1,20.200516,0,0,0,0
64.1586,,0.799824,0.799824,0.799824,0.000001,0.000000,0.000000,0.000000,0,1,0,1,20.274259,0,0,0,0
64.1785,,0.799824,0.799824,0.799824,0.000001,0.000000,0.000000,0.000000,0,1,0,1,20.202636,0,0,0,0
64.1986,,0.799824,0.799824,0.799824,0.000001,0.000000,0.000000,0.000000,0,1,0,1,20.192042,0,0,0,0
64.2186,,0.799824,0.799824,0.799824,0.000001,0.000000,0.000000,0.000000,0,1,0,1,20.205176,0,0,0,0
64.2385,,0.799824,0.799824,0.799824,0.000001,0.000000,0.000000,0.000000,0,1,0,1,20.203002,0,0,0,0
64.2596,,0.799824,0.799824,0.799824,0.000001,0.000000,0.000000,0.000000,0,1,0,1,20.225404,0,0,0,0
64.2796,,0.799824,0.799824,0.799824,0.000001,0.000000,0.000000,0.000000,0,1,0,1,20.287585,0,0,0,0
64.2995,,0.799824,0.799824,0.799824,0.000001,0.000000,0.000000,0.000000,0,1,0,1,20.097377,0,0,0,0
64.3195,,0.799824,0.799824,0.799824,0.000001,0.000000,0.000000,0.000000,0,1,0,1,20.174497,0,0,0,0
64.3395,,0.799824,0.799824,0.799824,0.000001,0.000000,0.000000,0.000000,0,1,0,1,20.059946,0,0,0,0
64.3595,,0.799824,0.799824,0.799824,0.000001,0.000000,0.000000,0.000000,0,1,0,1,20.064989,0,0,0,0
64.3794,,0.799824,0.799824,0.799824,0.000001,0.000000,0.000000,0.000000,0,1,0,1,20.098366,0,0,0,0
64.3995,,0.799824,0.799824,0.799824,0.000001,0.000000,0.000000,0.000000,0,1,0,1,20.091930,0,0,0,0
64.4205,,0.799824,0.799824,0.799824,0.000001,0.000000,0.000000,0.000000,0,1,0,1,20.058728,0,0,0,0
64.4404,,0.799824,0.799824,0.799824,0.000001,0.000000,0.000000,0.000000,0,1,0,1,20.270693,0,0,0,0
64.4604,,0.799824,0.799824,0.799824,0.000001,0.000000,0.000000,0.000000,0,1,0,1,20.306586,0,0,0,0
64.4806,,0.799824,0.799824,0.799824,0.000001,0.000000,0.000000,0.000000,0,1,0,1,20.321023,0,0,0,0
64.5014,,0.799824,0.799824,0.799824,0.000001,0.000000,0.000000,0.000000,0,1,0,1,20.356235,0,0,0,0
64.5216,,0.799824,0.799824,0.799824,0.000001,0.000000,0.000000,0.000000,0,1,0,1,20.087975,0,0,0,0
64.5417,,0.799824,0.799824,0.799824,0.000001,0.000000,0.000000,0.000000,0,1,0,1,20.295265,0,0,0,0
64.5616,,0.799824,0.799824,0.799824,0.000001,0.000000,0.000000,0.000000,0,1,0,1,20.254832,0,0,0,0
64.5825,,0.799824,0.799824,0.799824,0.000001,0.000000,0.000000,0.000000,0,1,0,1,20.163330,0,0,0,0
64.6026,,0.799824,0.799824,0.799824,0.000001,0.000000,0.000000,0.000000,0,1,0,1,20.188474,0,0,0,0
64.6225,,0.799824,0.799824,0.799824,0.000001,0.000000,0.000000,0.000000,0,1,0,1,20.252004,0,0,0,0
64.6424,,0.799824,0.799824,0.799824,0.000001,0.000000,0.000000,0.000000,0,1,0,1,20.193758,0,0,0,0
64.6626,,0.799824,0.799824,0.799824,0.000001,0.000000,0.000000,0.000000,0,1,0,1,20.190948,0,0,0,0
64.6836,,0.799824,0.799824,0.799824,0.000001,0.000000,0.000000,0.000000,0,1,0,1,20.230715,0,0,0,0
64.7036,,0.799824,0.799824,0.799824,0.000001,0.000000,0.000000,0.000000,0,1,0,1,20.275702,0,0,0,0
64.7236,,0.799824,0.799824,0.799824,0.000001,0.000000,0.000000,0.000000,0,1,0,1,20.224016,0,0,0,0
64.7437,,0.799824,0.799824,0.799824,0.000001,0.000000,0.000000,0.000000,0,1,0,1,20.212275,0,0,0,0
64.7646,,0.799824,0.799824,0.799824,0.000001,0.000000,0.000000,0.000000,0,1,0,1,20.174280,0,0,0,0
64.7845,,0.799824,0.799824,0.799824,0.000001,0.000000,0.000000,0.000000,0,1,0,1,20.268390,0,0,0,0
64.8045,,0.799824,0.799824,0.799824,0.000001,0.000000,0.000000,0.000000,0,1,0,1,20.235745,0,0,0,0
64.8246,,0.799824,0.799824,0.799824,0.000001,0.000000,0.000000,0.000000,0,1,0,1,20.202682,0,0,0,0
64.8444,,0.799824,0.799824,0.799824,0.000001,0.000000,0.000000,0.000000,0,1,0,1,20.129536,0,0,0,0
64.8655,,0.799824,0.799824,0.799824,0.000001,0.000000,0.000000,0.000000,0,1,0,1,20.135065,0,0,0,0
64.8855,,0.799824,0.799824,0.799824,0.000001,0.000000,0.000000,0.000000,0,1,0,1,20.231229,0,0,0,0
64.9055,,0.799824,0.799824,0.799824,0.000001,0.000000,0.000000,0.000000,0,1,0,1,20.364245,0,0,0,0
64.9266,,0.799824,0.799824,0.799824,0.000001,0.000000,0.000000,0.000000,0,1,0,1,20.395007,0,0,0,0
64.9465,,0.799824,0.799824,0.799824,0.000001,0.000000,0.000000,0.000000,0,1,0,1,20.202206,0,0,0,0
64.9665,,0.799824,0.799824,0.799824,0.000001,0.000000,0.000000,0.000000,0,1,0,1,20.183734,0,0,0,0
64.9865,,0.799824,0.799824,0.799824,0.000001,0.000000,0.000000,0.000000,0,1,0,1,20.189456,0,0,0,0
65.0066,,0.799824,0.799824,0.799824,0.000001,0.000000,0.000000,0.000000,0,1,0,1,20.137613,0,0,0,0
65.0265,,0.799824,0.799824,0.799824,0.000001,0.000000,0.000000,0.000000,0,1,0,1,20.130873,0,0,0,0
65.0475,,0.799824,0.799824,0.799824,0.000001,0.000000,0.000000,0.000000,0,1,0,1,20.200940,0,0,0,0
65.0675,,0.799824,0.799824,0.799824,0.000001,0.000000,0.000000,0.000000,0,1,0,1,20.250408,0,0,0,0
65.0879,,0.799824,0.799824,0.799824,0.000001,0.000000,0.000000,0.000000,0,1,0,1,20.075340,0,0,0,0
65.1076,,0.799824,0.799824,0.799824,0.000001,0.000000,0.000000,0.000000,0,1,0,1,20.076409,0,0,0,0
65.1275,,0.799824,0.799824,0.799824,0.000001,0.000000,0.000000,0.000000,0,1,0,1,20.168778,0,0,0,0
65.1475,,0.799824,0.799824,0.799824,0.000001,0.000000,0.000000,0.000000,0,1,0,1,20.221843,0,0,0,0
65.1685,,0.799824,0.799824,0.799824,0.000001,0.000000,0.000000,0.000000,0,1,0,1,20.193398,0,0,0,0
65.1885,,0.799824,0.799824,0.799824,0.000001,0.000000,0.000000,0.000000,0,1,0,1,20.207082,0,0,0,0
65.2085,,0.799824,0.799824,0.799824,0.000001,0.000000,0.000000,0.000000,0,1,0,1,20.178140,0,0,0,0
65.2286,,0.799824,0.799824,0.799824,0.000001,0.000000,0.000000,0.000000,0,1,0,1,20.074546,0,0,0,0
65.2486,,0.799824,0.799824,0.799824,0.000001,0.000000,0.000000,0.000000,0,1,0,1,20.115544,0,0,0,0
65.2686,,0.799824,0.799824,0.799824,0.000001,0.000000,0.000000,0.000000,0,1,0,1,20.204044,0,0,0,0
65.2886,,0.799824,0.799824,0.799824,0.000001,0.000000,0.000000,0.000000,0,1,0,1,20.143724,0,0,0,0
65.3095,,0.799824,0.799824,0.799824,0.000001,0.000000,0.000000,0.000000,0,1,0,1,20.070576,0,0,0,0
65.3295,,0.799824,0.799824,0.799824,0.000001,0.000000,0.000000,0.000000,0,1,0,1,20.252683,0,0,0,0
65.3496,,0.799824,0.799824,0.799824,0.000001,0.000000,0.000000,0.000000,0,1,0,1,20.190439,0,0,0,0
65.3695,,0.799824,0.799824,0.799824,0.000001,0.000000,0.000000,0.000000,0,1,0,1,20.165104,0,0,0,0
65.3894,,0.799824,0.799824,0.799824,0.000001,0.000000,0.000000,0.000000,0,1,0,1,20.177309,0,0,0,0
65.4094,,0.799824,0.799824,0.799824,0.000001,0.000000,0.000000,0.000000,0,1,0,1,20.139985,0,0,0,0
65.4305,,0.799824,0.799824,0.799824,0.000001,0.000000,0.000000,0.000000,0,1,0,1,20.163770,0,0,0,0
65.4505,,0.799824,0.799824,0.799824,0.000001,0.000000,0.000000,0.000000,0,1,0,1,20.217737,0,0,0,0
65.4706,,0.799824,0.799824,0.799824,0.000001,0.000000,0.000000,0.000000,0,1,0,1,20.210594,0,0,0,0
65.4906,,0.799824,0.799824,0.799824,0.000001,0.000000,0.000000,0.000000,0,1,0,1,20.325206,0,0,0,0
65.5116,,0.799824,0.799824,0.799824,0.000001,0.000000,0.000000,0.000000,0,1,0,1,20.181511,0,0,0,0
65.5315,,0.799824,0.799824,0.799824,0.000001,0.000000,0.000000,0.000000,0,1,0,1,20.179950,0,0,0,0
65.5517,,0.799824,0.799824,0.799824,0.000001,0.000000,0.000000,0.000000,0,1,0,1,20.197000,0,0,0,0
65.5715,,0.799824,0.799824,0.799824,0.000001,0.000000,0.000000,0.000000,0,1,0,1,20.164352,0,0,0,0
65.5914,,0.799824,0.799824,0.799824,0.000001,0.000000,0.000000,0.000000,0,1,0,1,20.139059,0,0,0,0
65.6115,,0.799824,0.799824,0.799824,0.000001,0.000000,0.000000,0.000000,0,1,0,1,20.177636,0,0,0,0
65.6329,,0.799824,0.799824,0.799824,0.000001,0.000000,0.000000,0.000000,0,1,0,1,20.210007,0,0,0,0
65.6526,,0.799824,0.799824,0.799824,0.000001,0.000000,0.000000,0.000000,0,1,0,1,20.180060,0,0,0,0
65.6724,,0.799824,0.799824,0.799824,0.000001,0.000000,0.000000,0.000000,0,1,0,1,20.074486,0,0,0,0
65.6923,,0.799824,0.799824,0.799824,0.000001,0.000000,0.000000,0.000000,0,1,0,1,20.073795,0,0,0,0
65.7124,,0.799824,0.799824,0.799824,0.000001,0.000000,0.000000,0.000000,0,1,0,1,20.107641,0,0,0,0
65.7324,,0.799824,0.799824,0.799824,0.000001,0.000000,0.000000,0.000000,0,1,0,1,20.103630,0,0,0,0
65.7524,,0.799824,0.799824,0.799824,0.000001,0.000000,0.000000,0.000000,0,1,0,1,20.068785,0,0,0,0
65.7724,,0.799824,0.799824,0.799824,0.000001,0.000000,0.000000,0.000000,0,1,0,1,20.102258,0,0,0,0
65.7925,,0.799824,0.799824,0.799824,0.000001,0.000000,0.000000,0.000000,0,1,0,1,20.108429,0,0,0,0
65.8136,,0.799824,0.799824,0.799824,0.000001,0.000000,0.000000,0.000000,0,1,0,1,20.251898,0,0,0,0
65.8334,,0.799824,0.799824,0.799824,0.000001,0.000000,0.000000,0.000000,0,1,0,1,20.072006,0,0,0,0
65.8535,,0.799824,0.799824,0.799824,0.000001,0.000000,0.000000,0.000000,0,1,0,1,20.191014,0,0,0,0
65.8735,,0.799824,0.799824,0.799824,0.000001,0.000000,0.000000,0.000000,0,1,0,1,20.084582,0,0,0,0
65.8935,,0.799824,0.799824,0.799824,0.000001,0.000000,0.000000,0.000000,0,1,0,1,20.113437,0,0,0,0
65.9135,,0.799824,0.799824,0.799824,0.000001,0.000000,0.000000,0.000000,0,1,0,1,20.108809,0,0,0,0
65.9344,,0.799824,0.799824,0.799824,0.000001,0.000000,0.000000,0.000000,0,1,0,1,20.229393,0,0,0,0
65.9545,,0.799824,0.799824,0.799824,0.000001,0.000000,0.000000,0.000000,0,1,0,1,20.208631,0,0,0,0
65.9745,,0.799824,0.799824,0.799824,0.000001,0.000000,0.000000,0.000000,0,1,0,1,20.118822,0,0,0,0
65.9944,,0.799824,0.799824,0.799824,0.000001,0.000000,0.000000,0.000000,0,1,0,1,20.074298,0,0,0,0
66.0146,,0.799824,0.799824,0.799824,0.000001,0.000000,0.000000,0.000000,0,1,0,1,20.074622,0,0,0,0
66.0345,,0.799824,0.799824,0.799824,0.000001,0.000000,0.000000,0.000000,0,1,0,1,20.141566,0,0,0,0
66.0544,,0.799824,0.799824,0.799824,0.000001,0.000000,0.000000,0.000000,0,1,0,1,20.145913,0,0,0,0
66.0745,,0.799824,0.799824,0.799824,0.000001,0.000000,0.000000,0.000000,0,1,0,1,20.059258,0,0,0,0
66.0945,,0.799824,0.799824,0.799824,0.000001,0.000000,0.000000,0.000000,0,1,0,1,20.129295,0,0,0,0
66.1155,,0.799824,0.799824,0.799824,0.000001,0.000000,0.000000,0.000000,0,1,0,1,20.554766,0,0,0,0
66.1354,,0.799824,0.799824,0.799824,0.000001,0.000000,0.000000,0.000000,0,1,0,1,20.103607,0,0,0,0
66.1556,,0.799824,0.799824,0.799824,0.000001,0.000000,0.000000,0.000000,0,1,0,1,20.125690,0,0,0,0
66.1756,,0.799824,0.799824,0.799824,0.000001,0.000000,0.000000,0.000000,0,1,0,1,20.156600,0,0,0,0
66.1965,,0.799824,0.799824,0.799824,0.000001,0.000000,0.000000,0.000000,0,1,0,1,20.198944,0,0,0,0
66.2165,,0.799824,0.799824,0.799824,0.000001,0.000000,0.000000,0.000000,0,1,0,1,20.186022,0,0,0,0
66.2365,,0.799824,0.799824,0.799824,0.000001,0.000000,0.000000,0.000000,0,1,0,1,20.192623,0,0,0,0
66.2565,,0.799824,0.799824,0.799824,0.000001,0.000000,0.000000,0.000000,0,1,0,1,20.134170,0,0,0,0
66.2765,,0.799824,0.799824,0.799824,0.000001,0.000000,0.000000,0.000000,0,1,0,1,20.163171,0,0,0,0
66.2964,,0.799824,0.799824,0.799824,0.000001,0.000000,0.000000,0.000000,0,1,0,1,20.107776,0,0,0,0
66.3176,,0.799824,0.799824,0.799824,0.000001,0.000000,0.000000,0.000000,0,1,0,1,20.272093,0,0,0,0
66.3377,,0.799824,0.799824,0.799824,0.000001,0.000000,0.000000,0.000000,0,1,0,1,20.288660,0,0,0,0
66.3575,,0.799824,0.799824,0.799824,0.000001,0.000000,0.000000,0.000000,0,1,0,1,20.070915,0,0,0,0
66.3775,,0.799824,0.799824,0.799824,0.000001,0.000000,0.000000,0.000000,0,1,0,1,20.064937,0,0,0,0
66.3976,,0.799824,0.799824,0.799824,0.000001,0.000000,0.000000,0.000000,0,1,0,1,20.094805,0,0,0,0
66.4176,,0.799824,0.799824,0.799824,0.000001,0.000000,0.000000,0.000000,0,1,0,1,20.106603,0,0,0,0
66.4375,,0.799824,0.799824,0.799824,0.000001,0.000000,0.000000,0.000000,0,1,0,1,20.093736,0,0,0,0
66.4585,,0.799824,0.799824,0.799824,0.000001,0.000000,0.000000,0.000000,0,1,0,1,20.084922,0,0,0,0
66.4785,,0.799824,0.799824,0.799824,0.000001,0.000000,0.000000,0.000000,0,1,0,1,20.100027,0,0,0,0
66.4986,,0.799824,0.799824,0.799824,0.000001,0.000000,0.000000,0.000000,0,1,0,1,20.229059,0,0,0,0
66.5185,,0.799824,0.799824,0.799824,0.000001,0.000000,0.000000,0.000000,0,1,0,1,20.108214,0,0,0,0
66.5383,,0.799824,0.799824,0.799824,0.000001,0.000000,0.000000,0.000000,0,1,0,1,20.068788,0,0,0,0
66.5586,,0.799824,0.799824,0.799824,0.000001,0.000000,0.000000,0.000000,0,1,0,1,20.080067,0,0,0,0
66.5785,,0.799824,0.799824,0.799824,0.000001,0.000000,0.000000,0.000000,0,1,0,1,20.112320,0,0,0,0
66.5986,,0.799824,0.799824,0.799824,0.000001,0.000000,0.000000,0.000000,0,1,0,1,20.100789,0,0,0,0
66.6184,,0.799824,0.799824,0.799824,0.000001,0.000000,0.000000,0.000000,0,1,0,1,20.079826,0,0,0,0
66.6395,,0.799824,0.799824,0.799824,0.000001,0.000000,0.000000,0.000000,0,1,0,1,20.177082,0,0,0,0
66.6595,,0.799824,0.799824,0.799824,0.000001,0.000000,0.000000,0.000000,0,1,0,1,20.211181,0,0,0,0
66.6794,,0.799824,0.799824,0.799824,0.000001,0.000000,0.000000,0.000000,0,1,0,1,20.244256,0,0,0,0
66.6994,,0.799824,0.799824,0.799824,0.000001,0.000000,0.000000,0.000000,0,1,0,1,20.232433,0,0,0,0
66.7195,,0.799824,0.799824,0.799824,0.000001,0.000000,0.000000,0.000000,0,1,0,1,20.234453,0,0,0,0
66.7406,,0.799824,0.799824,0.799824,0.000001,0.000000,0.000000,0.000000,0,1,0,1,20.096204,0,0,0,0
66.7605,,0.799824,0.799824,0.799824,0.000001,0.000000,0.000000,0.000000,0,1,0,1,20.189870,0,0,0,0
66.7805,,0.799824,0.799824,0.799824,0.000001,0.000000,0.000000,0.000000,0,1,0,1,20.276622,0,0,0,0
66.8004,,0.799824,0.799824,0.799824,0.000001,0.000000,0.000000,0.000000,0,1,0,1,20.207967,0,0,0,0
66.8205,,0.799824,0.799824,0.799824,0.000001,0.000000,0.000000,0.000000,0,1,0,1,20.174353,0,0,0,0
66.8415,,0.799824,0.799824,0.799824,0.000001,0.000000,0.000000,0.000000,0,1,0,1,20.190173,0,0,0,0
66.8615,,0.799824,0.799824,0.799824,0.000001,0.000000,0.000000,0.000000,0,1,0,1,20.252833,0,0,0,0
66.8815,,0.799824,0.799824,0.799824,0.000001,0.000000,0.000000,0.000000,0,1,0,1,20.219804,0,0,0,0
66.9016,,0.799824,0.799824,0.799824,0.000001,0.000000,0.000000,0.000000,0,1,0,1,20.186400,0,0,0,0
66.9214,,0.799824,0.799824,0.799824,0.000001,0.000000,0.000000,0.000000,0,1,0,1,20.189422,0,0,0,0
66.9425,,0.799824,0.799824,0.799824,0.000001,0.000000,0.000000,0.000000,0,1,0,1,20.277293,0,0,0,0
66.9624,,0.799824,0.799824,0.799824,0.000001,0.000000,0.000000,0.000000,0,1,0,1,20.235315,0,0,0,0
66.9826,,0.799824,0.799824,0.799824,0.000001,0.000000,0.000000,0.000000,0,1,0,1,20.150934,0,0,0,0
67.0027,,0.799824,0.799824,0.799824,0.000001,0.000000,0.000000,0.000000,0,1,0,1,20.250212,0,0,0,0
67.0235,,0.799824,0.799824,0.799824,0.000001,0.000000,0.000000,0.000000,0,1,0,1,20.200146,0,0,0,0
67.0435,,0.799824,0.799824,0.799824,0.000001,0.000000,0.000000,0.000000,0,1,0,1,20.220332,0,0,0,0
67.0634,,0.799824,0.799824,0.799824,0.000001,0.000000,0.000000,0.000000,0,1,0,1,20.076519,0,0,0,0
67.0835,,0.799824,0.799824,0.799824,0.000001,0.000000,0.000000,0.000000,0,1,0,1,20.268538,0,0,0,0
67.1034,,0.799824,0.799824,0.799824,0.000001,0.000000,0.000000,0.000000,0,1,0,1,20.233734,0,0,0,0
67.1245,,0.799824,0.799824,0.799824,0.000001,0.000000,0.000000,0.000000,0,1,0,1,20.293036,0,0,0,0
67.1444,,0.799824,0.799824,0.799824,0.000001,0.000000,0.000000,0.000000,0,1,0,1,20.279429,0,0,0,0
67.1647,,0.799824,0.799824,0.799824,0.000001,0.000000,0.000000,0.000000,0,1,0,1,20.078976,0,0,0,0
67.1845,,0.799824,0.799824,0.799824,0.000001,0.000000,0.000000,0.000000,0,1,0,1,20.066687,0,0,0,0
67.2045,,0.799824,0.799824,0.799824,0.000001,0.000000,0.000000,0.000000,0,1,0,1,20.271702,0,0,0,0
67.2255,,0.799824,0.799824,0.799824,0.000001,0.000000,0.000000,0.000000,0,1,0,1,20.270619,0,0,0,0
67.2456,,0.799824,0.799824,0.799824,0.000001,0.000000,0.000000,0.000000,0,1,0,1,20.120862,0,0,0,0
67.2655,,0.799824,0.799824,0.799824,0.000001,0.000000,0.000000,0.000000,0,1,0,1,20.412282,0,0,0,0
67.2856,,0.799824,0.799824,0.799824,0.000001,0.000000,0.000000,0.000000,0,1,0,1,20.227257,0,0,0,0
67.3066,,0.799824,0.799824,0.799824,0.000001,0.000000,0.000000,0.000000,0,1,0,1,20.171502,0,0,0,0
67.3266,,0.799824,0.799824,0.799824,0.000001,0.000000,0.000000,0.000000,0,1,0,1,20.192329,0,0,0,0
67.3466,,0.799824,0.799824,0.799824,0.000001,0.000000,0.000000,0.000000,0,1,0,1,20.073276,0,0,0,0
67.3666,,0.799824,0.799824,0.799824,0.000001,0.000000,0.000000,0.000000,0,1,0,1,20.069808,0,0,0,0
67.3865,,0.799824,0.799824,0.799824,0.000001,0.000000,0.000000,0.000000,0,1,0,1,20.067222,0,0,0,0
67.4065,,0.799824,0.799824,0.799824,0.000001,0.000000,0.000000,0.000000,0,1,0,1,20.098171,0,0,0,0
67.4265,,0.799824,0.799824,0.799824,0.000001,0.000000,0.000000,0.000000,0,1,0,1,20.082784,0,0,0,0
67.4465,,0.799824,0.799824,0.799824,0.000001,0.000000,0.000000,0.000000,0,1,0,1,20.080810,0,0,0,0
67.4665,,0.799824,0.799824,0.799824,0.000001,0.000000,0.000000,0.000000,0,1,0,1,20.098557,0,0,0,0
67.4865,,0.799824,0.799824,0.799824,0.000001,0.000000,0.000000,0.000000,0,1,0,1,20.091102,0,0,0,0
67.5075,,0.799824,0.799824,0.799824,0.000001,0.000000,0.000000,0.000000,0,1,0,1,20.093081,0,0,0,0
67.5274,,0.799824,0.799824,0.799824,0.000001,0.000000,0.000000,0.000000,0,1,0,1,20.090062,0,0,0,0
67.5475,,0.799824,0.799824,0.799824,0.000001,0.000000,0.000000,0.000000,0,1,0,1,20.073381,0,0,0,0
67.5675,,0.799824,0.799824,0.799824,0.000001,0.000000,0.000000,0.000000,0,1,0,1,20.094187,0,0,0,0
67.5875,,0.799824,0.799824,0.799824,0.000001,0.000000,0.000000,0.000000,0,1,0,1,20.069285,0,0,0,0
67.6074,,0.799824,0.799824,0.799824,0.000001,0.000000,0.000000,0.000000,0,1,0,1,20.060702,0,0,0,0
67.6275,,0.799824,0.799824,0.799824,0.000001,0.000000,0.000000,0.000000,0,1,0,1,20.260212,0,0,0,0
67.6475,,0.799824,0.799824,0.799824,0.000001,0.000000,0.000000,0.000000,0,1,0,1,20.092427,0,0,0,0
67.6674,,0.799824,0.799824,0.799824,0.000001,0.000000,0.000000,0.000000,0,1,0,1,20.064726,0,0,0,0
67.6875,,0.799824,0.799824,0.799824,0.000001,0.000000,0.000000,0.000000,0,1,0,1,20.106230,0,0,0,0
67.7087,,0.799824,0.799824,0.799824,0.000001,0.000000,0.000000,0.000000,0,1,0,1,20.113827,0,0,0,0
67.7287,,0.799824,0.799824,0.799824,0.000001,0.000000,0.000000,0.000000,0,1,0,1,20.220746,0,0,0,0
67.7486,,0.799824,0.799824,0.799824,0.000001,0.000000,0.000000,0.000000,0,1,0,1,20.067304,0,0,0,0
67.7686,,0.799824,0.799824,0.799824,0.000001,0.000000,0.000000,0.000000,0,1,0,1,20.068325,0,0,0,0
67.7886,,0.799824,0.799824,0.799824,0.000001,0.000000,0.000000,0.000000,0,1,0,1,20.069044,0,0,0,0
67.8087,,0.799824,0.799824,0.799824,0.000001,0.000000,0.000000,0.000000,0,1,0,1,20.069614,0,0,0,0
67.8286,,0.799824,0.799824,0.799824,0.000001,0.000000,0.000000,0.000000,0,1,0,1,20.109436,0,0,0,0
67.8486,,0.799824,0.799824,0.799824,0.000001,0.000000,0.000000,0.000000,0,1,0,1,20.108882,0,0,0,0
67.8686,,0.799824,0.799824,0.799824,0.000001,0.000000,0.000000,0.000000,0,1,0,1,20.110257,0,0,0,0
67.8895,,0.799824,0.799824,0.799824,0.000001,0.000000,0.000000,0.000000,0,1,0,1,20.184463,0,0,0,0
67.9097,,0.799824,0.799824,0.799824,0.000001,0.000000,0.000000,0.000000,0,1,0,1,20.185592,0,0,0,0
67.9296,,0.799824,0.799824,0.799824,0.000001,0.000000,0.000000,0.000000,0,1,0,1,20.106758,0,0,0,0
67.9496,,0.799824,0.799824,0.799824,0.000001,0.000000,0.000000,0.000000,0,1,0,1,20.068760,0,0,0,0
67.9696,,0.799824,0.799824,0.799824,0.000001,0.000000,0.000000,0.000000,0,1,0,1,20.066847,0,0,0,0
67.9895,,0.799824,0.799824,0.799824,0.000001,0.000000,0.000000,0.000000,0,1,0,1,20.112788,0,0,0,0
68.0095,,0.799824,0.799824,0.799824,0.000001,0.000000,0.000000,0.000000,0,1,0,1,20.100380,0,0,0,0
68.0305,,0.799824,0.799824,0.799824,0.000001,0.000000,0.000000,0.000000,0,1,0,1,20.200018,0,0,0,0
68.0505,,0.799824,0.799824,0.799824,0.000001,0.000000,0.000000,0.000000,0,1,0,1,20.181534,0,0,0,0
68.0706,,0.799824,0.799824,0.799824,0.000001,0.000000,0.000000,0.000000,0,1,0,1,20.179576,0,0,0,0
68.0904,,0.799824,0.799824,0.799824,0.000001,0.000000,0.000000,0.000000,0,1,0,1,20.101742,0,0,0,0
68.1106,,0.799824,0.799824,0.799824,0.000001,0.000000,0.000000,0.000000,0,1,0,1,20.110439,0,0,0,0
68.1306,,0.799824,0.799824,0.799824,0.000001,0.000000,0.000000,0.000000,0,1,0,1,20.067859,0,0,0,0
68.1505,,0.799824,0.799824,0.799824,0.000001,0.000000,0.000000,0.000000,0,1,0,1,20.090823,0,0,0,0
68.1706,,0.799824,0.799824,0.799824,0.000001,0.000000,0.000000,0.000000,0,1,0,1,20.065629,0,0,0,0
68.1906,,0.799824,0.799824,0.799824,0.000001,0.000000,0.000000,0.000000,0,1,0,1,20.065274,0,0,0,0
68.2105,,0.799824,0.799824,0.799824,0.000001,0.000000,0.000000,0.000000,0,1,0,1,20.157775,0,0,0,0
68.2316,,0.799824,0.799824,0.799824,0.000001,0.000000,0.000000,0.000000,0,1,0,1,20.165257,0,0,0,0
68.2516,,0.799824,0.799824,0.799824,0.000001,0.000000,0.000000,0.000000,0,1,0,1,20.263652,0,0,0,0
68.2716,,0.799824,0.799824,0.799824,0.000001,0.000000,0.000000,0.000000,0,1,0,1,20.071213,0,0,0,0
68.2915,,0.799824,0.799824,0.799824,0.000001,0.000000,0.000000,0.000000,0,1,0,1,20.065869,0,0,0,0
68.3115,,0.799824,0.799824,0.799824,0.000001,0.000000,0.000000,0.000000,0,1,0,1,20.067086,0,0,0,0
68.3315,,0.799824,0.799824,0.799824,0.000001,0.000000,0.000000,0.000000,0,1,0,1,20.178270,0,0,0,0
68.3515,,0.799824,0.799824,0.799824,0.000001,0.000000,0.000000,0.000000,0,1,0,1,20.183034,0,0,0,0
68.3725,,0.799824,0.799824,0.799824,0.000001,0.000000,0.000000,0.000000,0,1,0,1,20.182231,0,0,0,0
68.3925,,0.799824,0.799824,0.799824,0.000001,0.000000,0.000000,0.000000,0,1,0,1,20.112541,0,0,0,0
68.4127,,0.799824,0.799824,0.799824,0.000001,0.000000,0.000000,0.000000,0,1,0,1,20.093727,0,0,0,0
68.4325,,0.799824,0.799824,0.799824,0.000001,0.000000,0.000000,0.000000,0,1,0,1,20.066334,0,0,0,0
68.4528,,0.799824,0.799824,0.799824,0.000001,0.000000,0.000000,0.000000,0,1,0,1,20.064927,0,0,0,0
68.4726,,0.799824,0.799824,0.799824,0.000001,0.000000,0.000000,0.000000,0,1,0,1,20.076315,0,0,0,0
68.4924,,0.799824,0.799824,0.799824,0.000001,0.000000,0.000000,0.000000,0,1,0,1,20.076025,0,0,0,0
68.5123,,0.799824,0.799824,0.799824,0.000001,0.000000,0.000000,0.000000,0,1,0,1,20.079413,0,0,0,0
68.5325,,0.799824,0.799824,0.799824,0.000001,0.000000,0.000000,0.000000,0,1,0,1,20.080410,0,0,0,0
68.5526,,0.799824,0.799824,0.799824,0.000001,0.000000,0.000000,0.000000,0,1,0,1,20.221236,0,0,0,0
68.5733,,0.799824,0.799824,0.799824,0.000001,0.000000,0.000000,0.000000,0,1,0,1,20.074162,0,0,0,0
68.5933,,0.799824,0.799824,0.799824,0.000001,0.000000,0.000000,0.000000,0,1,0,1,20.207126,0,0,0,0
68.6134,,0.799824,0.799824,0.799824,0.000001,0.000000,0.000000,0.000000,0,1,0,1,20.075130,0,0,0,0
68.6335,,0.799824,0.799824,0.799824,0.000001,0.000000,0.000000,0.000000,0,1,0,1,20.075845,0,0,0,0
68.6535,,0.799824,0.799824,0.799824,0.000001,0.000000,0.000000,0.000000,0,1,0,1,20.099619,0,0,0,0
68.6735,,0.799824,0.799824,0.799824,0.000001,0.000000,0.000000,0.000000,0,1,0,1,20.107200,0,0,0,0
68.6936,,0.799824,0.799824,0.799824,0.000001,0.000000,0.000000,0.000000,0,1,0,1,20.313494,0,0,0,0
68.7145,,0.799824,0.799824,0.799824,0.000001,0.000000,0.000000,0.000000,0,1,0,1,20.152933,0,0,0,0
68.7344,,0.799824,0.799824,0.799824,0.000001,0.000000,0.000000,0.000000,0,1,0,1,20.169555,0,0,0,0
68.7546,,0.799824,0.799824,0.799824,0.000001,0.000000,0.000000,0.000000,0,1,0,1,20.214012,0,0,0,0
68.7745,,0.799824,0.799824,0.799824,0.000001,0.000000,0.000000,0.000000,0,1,0,1,20.282738,0,0,0,0
68.7944,,0.799824,0.799824,0.799824,0.000001,0.000000,0.000000,0.000000,0,1,0,1,20.145352,0,0,0,0
68.8154,,0.799824,0.799824,0.799824,0.000001,0.000000,0.000000,0.000000,0,1,0,1,20.286805,0,0,0,0
68.8355,,0.799824,0.799824,0.799824,0.000001,0.000000,0.000000,0.000000,0,1,0,1,20.174143,0,0,0,0
68.8555,,0.799824,0.799824,0.799824,0.000001,0.000000,0.000000,0.000000,0,1,0,1,20.077247,0,0,0,0
68.8755,,0.799824,0.799824,0.799824,0.000001,0.000000,0.000000,0.000000,0,1,0,1,20.081507,0,0,0,0
68.8956,,0.799824,0.799824,0.799824,0.000001,0.000000,0.000000,0.000000,0,1,0,1,20.277779,0,0,0,0
68.9165,,0.799824,0.799824,0.799824,0.000001,0.000000,0.000000,0.000000,0,1,0,1,20.268130,0,0,0,0
68.9363,,0.799824,0.799824,0.799824,0.000001,0.000000,0.000000,0.000000,0,1,0,1,20.079531,0,0,0,0
68.9564,,0.799824,0.799824,0.799824,0.000001,0.000000,0.000000,0.000000,0,1,0,1,20.083586,0,0,0,0
68.9766,,0.799824,0.799824,0.799824,0.000001,0.000000,0.000000,0.000000,0,1,0,1,20.208954,0,0,0,0
68.9966,,0.799824,0.799824,0.799824,0.000001,0.000000,0.000000,0.000000,0,1,0,1,20.182522,0,0,0,0
69.0164,,0.799824,0.799824,0.799824,0.000001,0.000000,0.000000,0.000000,0,1,0,1,20.172762,0,0,0,0
69.0364,,0.799824,0.799824,0.799824,0.000001,0.000000,0.000000,0.000000,0,1,0,1,20.072283,0,0,0,0
69.0565,,0.799824,0.799824,0.799824,0.000001,0.000000,0.000000,0.000000,0,1,0,1,20.101901,0,0,0,0
69.0774,,0.799824,0.799824,0.799824,0.000001,0.000000,0.000000,0.000000,0,1,0,1,20.081881,0,0,0,0
69.0975,,0.799824,0.799824,0.799824,0.000001,0.000000,0.000000,0.000000,0,1,0,1,20.099308,0,0,0,0
69.1175,,0.799824,0.799824,0.799824,0.000001,0.000000,0.000000,0.000000,0,1,0,1,20.073257,0,0,0,0
69.1375,,0.799824,0.799824,0.799824,0.000001,0.000000,0.000000,0.000000,0,1,0,1,20.072014,0,0,0,0
69.1574,,0.799824,0.799824,0.799824,0.000001,0.000000,0.000000,0.000000,0,1,0,1,20.075475,0,0,0,0
69.1778,,0.799824,0.799824,0.799824,0.000001,0.000000,0.000000,0.000000,0,1,0,1,20.078173,0,0,0,0
69.1976,,0.799824,0.799824,0.799824,0.000001,0.000000,0.000000,0.000000,0,1,0,1,20.064190,0,0,0,0
69.2176,,0.799824,0.799824,0.799824,0.000001,0.000000,0.000000,0.000000,0,1,0,1,20.210402,0,0,0,0
69.2376,,0.799824,0.799824,0.799824,0.000001,0.000000,0.000000,0.000000,0,1,0,1,20.201338,0,0,0,0
69.2576,,0.799824,0.799824,0.799824,0.000001,0.000000,0.000000,0.000000,0,1,0,1,20.076626,0,0,0,0
69.2785,,0.799824,0.799824,0.799824,0.000001,0.000000,0.000000,0.000000,0,1,0,1,20.266969,0,0,0,0
69.2985,,0.799824,0.799824,0.799824,0.000001,0.000000,0.000000,0.000000,0,1,0,1,20.211971,0,0,0,0
69.3185,,0.799824,0.799824,0.799824,0.000001,0.000000,0.000000,0.000000,0,1,0,1,20.214845,0,0,0,0
69.3383,,0.799824,0.799824,0.799824,0.000001,0.000000,0.000000,0.000000,0,1,0,1,20.191395,0,0,0,0
69.3594,,0.799824,0.799824,0.799824,0.000001,0.000000,0.000000,0.000000,0,1,0,1,20.198987,0,0,0,0
69.3795,,0.799824,0.799824,0.799824,0.000001,0.000000,0.000000,0.000000,0,1,0,1,20.193406,0,0,0,0
69.3993,,0.799824,0.799824,0.799824,0.000001,0.000000,0.000000,0.000000,0,1,0,1,20.271054,0,0,0,0
69.4193,,0.799824,0.799824,0.799824,0.000001,0.000000,0.000000,0.000000,0,1,0,1,20.114273,0,0,0,0
69.4395,,0.799824,0.799824,0.799824,0.000001,0.000000,0.000000,0.000000,0,1,0,1,20.250611,0,0,0,0
69.4595,,0.799824,0.799824,0.799824,0.000001,0.000000,0.000000,0.000000,0,1,0,1,20.074847,0,0,0,0
69.4805,,0.799824,0.799824,0.799824,0.000001,0.000000,0.000000,0.000000,0,1,0,1,20.084364,0,0,0,0
69.5005,,0.799824,0.799824,0.799824,0.000001,0.000000,0.000000,0.000000,0,1,0,1,20.076368,0,0,0,0
69.5205,,0.799824,0.799824,0.799824,0.000001,0.000000,0.000000,0.000000,0,1,0,1,20.441057,0,0,0,0
69.5405,,0.799824,0.799824,0.799824,0.000001,0.000000,0.000000,0.000000,0,1,0,1,20.189948,0,0,0,0
69.5615,,0.799824,0.799824,0.799824,0.000001,0.000000,0.000000,0.000000,0,1,0,1,20.283005,0,0,0,0
69.5814,,0.799824,0.799824,0.799824,0.000001,0.000000,0.000000,0.000000,0,1,0,1,20.241206,0,0,0,0
69.6014,,0.799824,0.799824,0.799824,0.000001,0.000000,0.000000,0.000000,0,1,0,1,20.223915,0,0,0,0
69.6213,,0.799824,0.799824,0.799824,0.000001,0.000000,0.000000,0.000000,0,1,0,1,20.330719,0,0,0,0
69.6424,,0.799824,0.799824,0.799824,0.000001,0.000000,0.000000,0.000000,0,1,0,1,20.211369,0,0,0,0
69.6628,,0.799824,0.799824,0.799824,0.000001,0.000000,0.000000,0.000000,0,1,0,1,20.283182,0,0,0,0
69.6825,,0.799824,0.799824,0.799824,0.000001,0.000000,0.000000,0.000000,0,1,0,1,20.068789,0,0,0,0
69.7028,,0.799824,0.799824,0.799824,0.000001,0.000000,0.000000,0.000000,0,1,0,1,20.074976,0,0,0,0
69.7225,,0.799824,0.799824,0.799824,0.000001,0.000000,0.000000,0.000000,0,1,0,1,20.074275,0,0,0,0
69.7425,,0.799824,0.799824,0.799824,0.000001,0.000000,0.000000,0.000000,0,1,0,1,20.101590,0,0,0,0
69.7625,,0.799824,0.799824,0.799824,0.000001,0.000000,0.000000,0.000000,0,1,0,1,20.067814,0,0,0,0
69.7825,,0.799824,0.799824,0.799824,0.000001,0.000000,0.000000,0.000000,0,1,0,1,20.044503,0,0,0,0
69.8024,,0.799824,0.799824,0.799824,0.000001,0.000000,0.000000,0.000000,0,1,0,1,20.073012,0,0,0,0
69.8225,,0.799824,0.799824,0.799824,0.000001,0.000000,0.000000,0.000000,0,1,0,1,20.091473,0,0,0,0
69.8435,,0.799824,0.799824,0.799824,0.000001,0.000000,0.000000,0.000000,0,1,0,1,20.079941,0,0,0,0
69.8635,,0.799824,0.799824,0.799824,0.000001,0.000000,0.000000,0.000000,0,1,0,1,20.066832,0,0,0,0
69.8836,,0.799824,0.799824,0.799824,0.000001,0.000000,0.000000,0.000000,0,1,0,1,20.071223,0,0,0,0
69.9037,,0.799824,0.799824,0.799824,0.000001,0.000000,0.000000,0.000000,0,1,0,1,20.081308,0,0,0,0
69.9236,,0.799824,0.799824,0.799824,0.000001,0.000000,0.000000,0.000000,0,1,0,1,20.069481,0,0,0,0
69.9437,,0.799824,0.799824,0.799824,0.000001,0.000000,0.000000,0.000000,0,1,0,1,20.128045,0,0,0,0
69.9636,,0.799824,0.799824,0.799824,0.000001,0.000000,0.000000,0.000000,0,1,0,1,20.076004,0,0,0,0
69.9836,,0.799824,0.799824,0.799824,0.000001,0.000000,0.000000,0.000000,0,1,0,1,20.074522,0,0,0,0
70.0034,,0.799824,0.799824,0.799824,0.000001,0.000000,0.000000,0.000000,0,1,0,1,20.074403,0,0,0,0
70.0235,,0.799824,0.799824,0.799824,0.000001,0.000000,0.000000,0.000000,0,1,0,1,20.218048,0,0,0,0
70.0446,,0.799824,0.799824,0.799824,0.000001,0.000000,0.000000,0.000000,0,1,0,1,20.204414,0,0,0,0
70.0646,,0.799824,0.799824,0.799824,0.000001,0.000000,0.000000,0.000000,0,1,0,1,20.250753,0,0,0,0
70.0846,,0.799824,0.799824,0.799824,0.000001,0.000000,0.000000,0.000000,0,1,0,1,20.256716,0,0,0,0
70.1045,,0.799824,0.799824,0.799824,0.000001,0.000000,0.000000,0.000000,0,1,0,1,20.212017,0,0,0,0
70.1255,,0.799824,0.799824,0.799824,0.000001,0.000000,0.000000,0.000000,0,1,0,1,20.253007,0,0,0,0
70.1455,,0.799824,0.799824,0.799824,0.000001,0.000000,0.000000,0.000000,0,1,0,1,20.195580,0,0,0,0
70.1655,,0.799824,0.799824,0.799824,0.000001,0.000000,0.000000,0.000000,0,1,0,1,20.226875,0,0,0,0
70.1855,,0.799824,0.799824,0.799824,0.000001,0.000000,0.000000,0.000000,0,1,0,1,20.273205,0,0,0,0
70.2065,,0.799824,0.799824,0.799824,0.000001,0.000000,0.000000,0.000000,0,1,0,1,20.268130,0,0,0,0
70.2265,,0.799824,0.799824,0.799824,0.000001,0.000000,0.000000,0.000000,0,1,0,1,20.262239,0,0,0,0
70.2465,,0.799824,0.799824,0.799824,0.000001,0.000000,0.000000,0.000000,0,1,0,1,20.200823,0,0,0,0
70.2665,,0.799824,0.799824,0.799824,0.000001,0.000000,0.000000,0.000000,0,1,0,1,20.263588,0,0,0,0
70.2866,,0.799824,0.799824,0.799824,0.000001,0.000000,0.000000,0.000000,0,1,0,1,20.189701,0,0,0,0
70.3076,,0.799824,0.799824,0.799824,0.000001,0.000000,0.000000,0.000000,0,1,0,1,20.234767,0,0,0,0
70.3276,,0.799824,0.799824,0.799824,0.000001,0.000000,0.000000,0.000000,0,1,0,1,20.261487,0,0,0,0
70.3475,,0.799824,0.799824,0.799824,0.000001,0.000000,0.000000,0.000000,0,1,0,1,20.078594,0,0,0,0
70.3676,,0.799824,0.799824,0.799824,0.000001,0.000000,0.000000,0.000000,0,1,0,1,20.248127,0,0,0,0
70.3886,,0.799824,0.799824,0.799824,0.000001,0.000000,0.000000,0.000000,0,1,0,1,20.233943,0,0,0,0
70.4085,,0.799824,0.799824,0.799824,0.000001,0.000000,0.000000,0.000000,0,1,0,1,20.247233,0,0,0,0
70.4285,,0.799824,0.799824,0.799824,0.000001,0.000000,0.000000,0.000000,0,1,0,1,20.215317,0,0,0,0
70.4485,,0.799824,0.799824,0.799824,0.000001,0.000000,0.000000,0.000000,0,1,0,1,20.145226,0,0,0,0
70.4685,,0.799824,0.799824,0.799824,0.000001,0.000000,0.000000,0.000000,0,1,0,1,20.276354,0,0,0,0
70.4883,,0.799824,0.799824,0.799824,0.000001,0.000000,0.000000,0.000000,0,1,0,1,20.084363,0,0,0,0
70.5095,,0.799824,0.799824,0.799824,0.000001,0.000000,0.000000,0.000000,0,1,0,1,20.292384,0,0,0,0
70.5295,,0.799824,0.799824,0.799824,0.000001,0.000000,0.000000,0.000000,0,1,0,1,20.199025,0,0,0,0
70.5495,,0.799824,0.799824,0.799824,0.000001,0.000000,0.000000,0.000000,0,1,0,1,20.162136,0,0,0,0
70.5696,,0.799824,0.799824,0.799824,0.000001,0.000000,0.000000,0.000000,0,1,0,1,20.131264,0,0,0,0
70.5906,,0.799824,0.799824,0.799824,0.000001,0.000000,0.000000,0.000000,0,1,0,1,20.266096,0,0,0,0
70.6105,,0.799824,0.799824,0.799824,0.000001,0.000000,0.000000,0.000000,0,1,0,1,20.148088,0,0,0,0
70.6305,,0.799824,0.799824,0.799824,0.000001,0.000000,0.000000,0.000000,0,1,0,1,20.351559,0,0,0,0
70.6506,,0.799824,0.799824,0.799824,0.000001,0.000000,0.000000,0.000000,0,1,0,1,20.183781,0,0,0,0
70.6715,,0.799824,0.799824,0.799824,0.000001,0.000000,0.000000,0.000000,0,1,0,1,20.327853,0,0,0,0
70.6915,,0.799824,0.799824,0.799824,0.000001,0.000000,0.000000,0.000000,0,1,0,1,20.204969,0,0,0,0
70.7115,,0.799824,0.799824,0.799824,0.000001,0.000000,0.000000,0.000000,0,1,0,1,20.256674,0,0,0,0
70.7315,,0.799824,0.799824,0.799824,0.000001,0.000000,0.000000,0.000000,0,1,0,1,20.242519,0,0,0,0
70.7515,,0.799824,0.799824,0.799824,0.000001,0.000000,0.000000,0.000000,0,1,0,1,20.193206,0,0,0,0
70.7725,,0.799824,0.799824,0.799824,0.000001,0.000000,0.000000,0.000000,0,1,0,1,20.210431,0,0,0,0
70.7925,,0.799824,0.799824,0.799824,0.000001,0.000000,0.000000,0.000000,0,1,0,1,20.276883,0,0,0,0
70.8126,,0.799824,0.799824,0.799824,0.000001,0.000000,0.000000,0.000000,0,1,0,1,20.274524,0,0,0,0
70.8326,,0.799824,0.799824,0.799824,0.000001,0.000000,0.000000,0.000000,0,1,0,1,20.231703,0,0,0,0
70.8536,,0.799824,0.799824,0.799824,0.000001,0.000000,0.000000,0.000000,0,1,0,1,20.236025,0,0,0,0
70.8735,,0.799824,0.799824,0.799824,0.000001,0.000000,0.000000,0.000000,0,1,0,1,20.204489,0,0,0,0
70.8935,,0.799824,0.799824,0.799824,0.000001,0.000000,0.000000,0.000000,0,1,0,1,20.210498,0,0,0,0
70.9135,,0.799824,0.799824,0.799824,0.000001,0.000000,0.000000,0.000000,0,1,0,1,20.239540,0,0,0,0
70.9345,,0.799824,0.799824,0.799824,0.000001,0.000000,0.000000,0.000000,0,1,0,1,20.224334,0,0,0,0
70.9546,,0.799824,0.799824,0.799824,0.000001,0.000000,0.000000,0.000000,0,1,0,1,20.243802,0,0,0,0
70.9746,,0.799824,0.799824,0.799824,0.000001,0.000000,0.000000,0.000000,0,1,0,1,20.079951,0,0,0,0
70.9945,,0.799824,0.799824,0.799824,0.000001,0.000000,0.000000,0.000000,0,1,0,1,20.068159,0,0,0,0
71.0146,,0.799824,0.799824,0.799824,0.000001,0.000000,0.000000,0.000000,0,1,0,1,20.236736,0,0,0,0
71.0345,,0.799824,0.799824,0.799824,0.000001,0.000000,0.000000,0.000000,0,1,0,1,20.068039,0,0,0,0
71.0546,,0.799824,0.799824,0.799824,0.000001,0.000000,0.000000,0.000000,0,1,0,1,20.192873,0,0,0,0
71.0756,,0.799824,0.799824,0.799824,0.000001,0.000000,0.000000,0.000000,0,1,0,1,20.227844,0,0,0,0
71.0955,,0.799824,0.799824,0.799824,0.000001,0.000000,0.000000,0.000000,0,1,0,1,20.035997,0,0,0,0
71.1154,,0.799824,0.799824,0.799824,0.000001,0.000000,0.000000,0.000000,0,1,0,1,20.164302,0,0,0,0
71.1355,,0.799824,0.799824,0.799824,0.000001,0.000000,0.000000,0.000000,0,1,0,1,20.475323,0,0,0,0
71.1555,,0.799824,0.799824,0.799824,0.000001,0.000000,0.000000,0.000000,0,1,0,1,20.079469,0,0,0,0
71.1766,,0.799824,0.799824,0.799824,0.000001,0.000000,0.000000,0.000000,0,1,0,1,20.201619,0,0,0,0
71.1965,,0.799824,0.799824,0.799824,0.000001,0.000000,0.000000,0.000000,0,1,0,1,20.207458,0,0,0,0
71.2166,,0.799824,0.799824,0.799824,0.000001,0.000000,0.000000,0.000000,0,1,0,1,20.067511,0,0,0,0
71.2364,,0.799824,0.799824,0.799824,0.000001,0.000000,0.000000,0.000000,0,1,0,1,20.070670,0,0,0,0
71.2564,,0.799824,0.799824,0.799824,0.000001,0.000000,0.000000,0.000000,0,1,0,1,20.040443,0,0,0,0
71.2763,,0.799824,0.799824,0.799824,0.000001,0.000000,0.000000,0.000000,0,1,0,1,20.068679,0,0,0,0
71.2964,,0.799824,0.799824,0.799824,0.000001,0.000000,0.000000,0.000000,0,1,0,1,20.094613,0,0,0,0
71.3165,,0.799824,0.799824,0.799824,0.000001,0.000000,0.000000,0.000000,0,1,0,1,20.101348,0,0,0,0
71.3365,,0.799824,0.799824,0.799824,0.000001,0.000000,0.000000,0.000000,0,1,0,1,20.078742,0,0,0,0
71.3575,,0.799824,0.799824,0.799824,0.000001,0.000000,0.000000,0.000000,0,1,0,1,20.213705,0,0,0,0
71.3775,,0.799824,0.799824,0.799824,0.000001,0.000000,0.000000,0.000000,0,1,0,1,20.207963,0,0,0,0
71.3974,,0.799824,0.799824,0.799824,0.000001,0.000000,0.000000,0.000000,0,1,0,1,20.164048,0,0,0,0
71.4175,,0.799824,0.799824,0.799824,0.000001,0.000000,0.000000,0.000000,0,1,0,1,20.073547,0,0,0,0
71.4377,,0.799824,0.799824,0.799824,0.000001,0.000000,0.000000,0.000000,0,1,0,1,20.236210,0,0,0,0
71.4576,,0.799824,0.799824,0.799824,0.000001,0.000000,0.000000,0.000000,0,1,0,1,20.112001,0,0,0,0
71.4784,,0.799824,0.799824,0.799824,0.000001,0.000000,0.000000,0.000000,0,1,0,1,20.197848,0,0,0,0
71.4983,,0.799824,0.799824,0.799824,0.000001,0.000000,0.000000,0.000000,0,1,0,1,20.264733,0,0,0,0
71.5184,,0.799824,0.799824,0.799824,0.000001,0.000000,0.000000,0.000000,0,1,0,1,20.098399,0,0,0,0
71.5384,,0.799824,0.799824,0.799824,0.000001,0.000000,0.000000,0.000000,0,1,0,1,20.239130,0,0,0,0
71.5583,,0.799824,0.799824,0.799824,0.000001,0.000000,0.000000,0.000000,0,1,0,1,20.236960,0,0,0,0
71.5793,,0.799824,0.799824,0.799824,0.000001,0.000000,0.000000,0.000000,0,1,0,1,20.117570,0,0,0,0
71.5994,,0.799824,0.799824,0.799824,0.000001,0.000000,0.000000,0.000000,0,1,0,1,20.211914,0,0,0,0
71.6194,,0.799824,0.799824,0.799824,0.000001,0.000000,0.000000,0.000000,0,1,0,1,20.329645,0,0,0,0
71.6394,,0.799824,0.799824,0.799824,0.000001,0.000000,0.000000,0.000000,0,1,0,1,20.071630,0,0,0,0
71.6594,,0.799824,0.799824,0.799824,0.000001,0.000000,0.000000,0.000000,0,1,0,1,20.091945,0,0,0,0
71.6796,,0.799824,0.799824,0.799824,0.000001,0.000000,0.000000,0.000000,0,1,0,1,20.269582,0,0,0,0
71.7006,,0.799824,0.799824,0.799824,0.000001,0.000000,0.000000,0.000000,0,1,0,1,20.221122,0,0,0,0
71.7204,,0.799824,0.799824,0.799824,0.000001,0.000000,0.000000,0.000000,0,1,0,1,20.166775,0,0,0,0
71.7405,,0.799824,0.799824,0.799824,0.000001,0.000000,0.000000,0.000000,0,1,0,1,20.108660,0,0,0,0
71.7604,,0.799824,0.799824,0.799824,0.000001,0.000000,0.000000,0.000000,0,1,0,1,20.207984,0,0,0,0
71.7806,,0.799824,0.799824,0.799824,0.000001,0.000000,0.000000,0.000000,0,1,0,1,20.100100,0,0,0,0
71.8015,,0.799824,0.799824,0.799824,0.000001,0.000000,0.000000,0.000000,0,1,0,1,20.267001,0,0,0,0
71.8214,,0.799824,0.799824,0.799824,0.000001,0.000000,0.000000,0.000000,0,1,0,1,20.236315,0,0,0,0
71.8414,,0.799824,0.799824,0.799824,0.000001,0.000000,0.000000,0.000000,0,1,0,1,20.063534,0,0,0,0
71.8614,,0.799824,0.799824,0.799824,0.000001,0.000000,0.000000,0.000000,0,1,0,1,20.067186,0,0,0,0
71.8815,,0.799824,0.799824,0.799824,0.000001,0.000000,0.000000,0.000000,0,1,0,1,20.261920,0,0,0,0
71.9013,,0.799824,0.799824,0.799824,0.000001,0.000000,0.000000,0.000000,0,1,0,1,20.192140,0,0,0,0
71.9225,,0.799824,0.799824,0.799824,0.000001,0.000000,0.000000,0.000000,0,1,0,1,20.186981,0,0,0,0
71.9424,,0.799824,0.799824,0.799824,0.000001,0.000000,0.000000,0.000000,0,1,0,1,20.220756,0,0,0,0
71.9624,,0.799824,0.799824,0.799824,0.000001,0.000000,0.000000,0.000000,0,1,0,1,20.184936,0,0,0,0
71.9824,,0.799824,0.799824,0.799824,0.000001,0.000000,0.000000,0.000000,0,1,0,1,20.229056,0,0,0,0
72.0025,,0.799824,0.799824,0.799824,0.000001,0.000000,0.000000,0.000000,0,1,0,1,20.194860,0,0,0,0
72.0235,,0.799824,0.799824,0.799824,0.000001,0.000000,0.000000,0.000000,0,1,0,1,20.121657,0,0,0,0
72.0434,,0.799824,0.799824,0.799824,0.000001,0.000000,0.000000,0.000000,0,1,0,1,20.223803,0,0,0,0
72.0634,,0.799824,0.799824,0.799824,0.000001,0.000000,0.000000,0.000000,0,1,0,1,20.227277,0,0,0,0
72.0834,,0.799824,0.799824,0.799824,0.000001,0.000000,0.000000,0.000000,0,1,0,1,20.232929,0,0,0,0
72.1033,,0.799824,0.799824,0.799824,0.000001,0.000000,0.000000,0.000000,0,1,0,1,20.190569,0,0,0,0
72.1245,,0.799824,0.799824,0.799824,0.000001,0.000000,0.000000,0.000000,0,1,0,1,20.204800,0,0,0,0
72.1444,,0.799824,0.799824,0.799824,0.000001,0.000000,0.000000,0.000000,0,1,0,1,20.238630,0,0,0,0
72.1643,,0.799824,0.799824,0.799824,0.000001,0.000000,0.000000,0.000000,0,1,0,1,20.214882,0,0,0,0
72.1843,,0.799824,0.799824,0.799824,0.000001,0.000000,0.000000,0.000000,0,1,0,1,20.196852,0,0,0,0
72.2044,,0.799824,0.799824,0.799824,0.000001,0.000000,0.000000,0.000000,0,1,0,1,20.220094,0,0,0,0
72.2254,,0.799824,0.799824,0.799824,0.000001,0.000000,0.000000,0.000000,0,1,0,1,20.040903,0,0,0,0
72.2454,,0.799824,0.799824,0.799824,0.000001,0.000000,0.000000,0.000000,0,1,0,1,20.087840,0,0,0,0
72.2654,,0.799824,0.799824,0.799824,0.000001,0.000000,0.000000,0.000000,0,1,0,1,20.086361,0,0,0,0
72.2855,,0.799824,0.799824,0.799824,0.000001,0.000000,0.000000,0.000000,0,1,0,1,20.090000,0,0,0,0
72.3054,,0.799824,0.799824,0.799824,0.000001,0.000000,0.000000,0.000000,0,1,0,1,20.119415,0,0,0,0
72.3253,,0.799824,0.799824,0.799824,0.000001,0.000000,0.000000,0.000000,0,1,0,1,20.280554,0,0,0,0
72.3453,,0.799824,0.799824,0.799824,0.000001,0.000000,0.000000,0.000000,0,1,0,1,20.074269,0,0,0,0
72.3653,,0.799824,0.799824,0.799824,0.000001,0.000000,0.000000,0.000000,0,1,0,1,20.066740,0,0,0,0
72.3853,,0.799824,0.799824,0.799824,0.000001,0.000000,0.000000,0.000000,0,1,0,1,20.075843,0,0,0,0
72.4054,,0.799824,0.799824,0.799824,0.000001,0.000000,0.000000,0.000000,0,1,0,1,20.130671,0,0,0,0
72.4263,,0.799824,0.799824,0.799824,0.000001,0.000000,0.000000,0.000000,0,1,0,1,20.128478,0,0,0,0
72.4463,,0.799824,0.799824,0.799824,0.000001,0.000000,0.000000,0.000000,0,1,0,1,20.053013,0,0,0,0
72.4664,,0.799824,0.799824,0.799824,0.000001,0.000000,0.000000,0.000000,0,1,0,1,20.088533,0,0,0,0
72.4864,,0.799824,0.799824,0.799824,0.000001,0.000000,0.000000,0.000000,0,1,0,1,20.081314,0,0,0,0
72.5063,,0.799824,0.799824,0.799824,0.000001,0.000000,0.000000,0.000000,0,1,0,1,20.121567,0,0,0,0
72.5263,,0.799824,0.799824,0.799824,0.000001,0.000000,0.000000,0.000000,0,1,0,1,20.082969,0,0,0,0
72.5463,,0.799824,0.799824,0.799824,0.000001,0.000000,0.000000,0.000000,0,1,0,1,20.109941,0,0,0,0
72.5664,,0.799824,0.799824,0.799824,0.000001,0.000000,0.000000,0.000000,0,1,0,1,20.100623,0,0,0,0
72.5865,,0.799824,0.799824,0.799824,0.000001,0.000000,0.000000,0.000000,0,1,0,1,20.185482,0,0,0,0
72.6074,,0.799824,0.799824,0.799824,0.000001,0.000000,0.000000,0.000000,0,1,0,1,20.243861,0,0,0,0
72.6273,,0.799824,0.799824,0.799824,0.000001,0.000000,0.000000,0.000000,0,1,0,1,20.036616,0,0,0,0
72.6474,,0.799824,0.799824,0.799824,0.000001,0.000000,0.000000,0.000000,0,1,0,1,20.072062,0,0,0,0
72.6674,,0.799824,0.799824,0.799824,0.000001,0.000000,0.000000,0.000000,0,1,0,1,20.085685,0,0,0,0
72.6875,,0.799824,0.799824,0.799824,0.000001,0.000000,0.000000,0.000000,0,1,0,1,20.087290,0,0,0,0
72.7074,,0.799824,0.799824,0.799824,0.000001,0.000000,0.000000,0.000000,0,1,0,1,20.077924,0,0,0,0
72.7275,,0.799824,0.799824,0.799824,0.000001,0.000000,0.000000,0.000000,0,1,0,1,20.109953,0,0,0,0
72.7475,,0.799824,0.799824,0.799824,0.000001,0.000000,0.000000,0.000000,0,1,0,1,20.186113,0,0,0,0
72.7674,,0.799824,0.799824,0.799824,0.000001,0.000000,0.000000,0.000000,0,1,0,1,20.077036,0,0,0,0
72.7883,,0.799824,0.799824,0.799824,0.000001,0.000000,0.000000,0.000000,0,1,0,1,20.090818,0,0,0,0
72.8084,,0.799824,0.799824,0.799824,0.000001,0.000000,0.000000,0.000000,0,1,0,1,20.178837,0,0,0,0
72.8285,,0.799824,0.799824,0.799824,0.000001,0.000000,0.000000,0.000000,0,1,0,1,20.095015,0,0,0,0
72.8484,,0.799824,0.799824,0.799824,0.000001,0.000000,0.000000,0.000000,0,1,0,1,20.086695,0,0,0,0
72.8685,,0.799824,0.799824,0.799824,0.000001,0.000000,0.000000,0.000000,0,1,0,1,20.075268,0,0,0,0
72.8886,,0.799824,0.799824,0.799824,0.000001,0.000000,0.000000,0.000000,0,1,0,1,20.080989,0,0,0,0
72.9086,,0.799824,0.799824,0.799824,0.000001,0.000000,0.000000,0.000000,0,1,0,1,20.111480,0,0,0,0
72.9285,,0.799824,0.799824,0.799824,0.000001,0.000000,0.000000,0.000000,0,1,0,1,20.067693,0,0,0,0
72.9484,,0.799824,0.799824,0.799824,0.000001,0.000000,0.000000,0.000000,0,1,0,1,20.179336,0,0,0,0
72.9684,,0.799824,0.799824,0.799824,0.000001,0.000000,0.000000,0.000000,0,1,0,1,20.071669,0,0,0,0
72.9895,,0.799824,0.799824,0.799824,0.000001,0.000000,0.000000,0.000000,0,1,0,1,20.090454,0,0,0,0
73.0094,,0.799824,0.799824,0.799824,0.000001,0.000000,0.000000,0.000000,0,1,0,1,20.190854,0,0,0,0
73.0295,,0.799824,0.799824,0.799824,0.000001,0.000000,0.000000,0.000000,0,1,0,1,20.066845,0,0,0,0
73.0495,,0.799824,0.799824,0.799824,0.000001,0.000000,0.000000,0.000000,0,1,0,1,20.062588,0,0,0,0
73.0694,,0.799824,0.799824,0.799824,0.000001,0.000000,0.000000,0.000000,0,1,0,1,20.070643,0,0,0,0
73.0893,,0.799824,0.799824,0.799824,0.000001,0.000000,0.000000,0.000000,0,1,0,1,20.068030,0,0,0,0
73.1094,,0.799824,0.799824,0.799824,0.000001,0.000000,0.000000,0.000000,0,1,0,1,20.069186,0,0,0,0
73.1294,,0.799824,0.799824,0.799824,0.000001,0.000000,0.000000,0.000000,0,1,0,1,20.243178,0,0,0,0
73.1493,,0.799824,0.799824,0.799824,0.000001,0.000000,0.000000,0.000000,0,1,0,1,20.123082,0,0,0,0
73.1704,,0.799824,0.799824,0.799824,0.000001,0.000000,0.000000,0.000000,0,1,0,1,20.179044,0,0,0,0
73.1906,,0.799824,0.799824,0.799824,0.000001,0.000000,0.000000,0.000000,0,1,0,1,20.121101,0,0,0,0
73.2103,,0.799824,0.799824,0.799824,0.000001,0.000000,0.000000,0.000000,0,1,0,1,20.234388,0,0,0,0
73.2303,,0.799824,0.799824,0.799824,0.000001,0.000000,0.000000,0.000000,0,1,0,1,20.200948,0,0,0,0
73.2515,,0.799824,0.799824,0.799824,0.000001,0.000000,0.000000,0.000000,0,1,0,1,20.304453,0,0,0,0
73.2713,,0.799824,0.799824,0.799824,0.000001,0.000000,0.000000,0.000000,0,1,0,1,20.230899,0,0,0,0
73.2917,,0.799824,0.799824,0.799824,0.000001,0.000000,0.000000,0.000000,0,1,0,1,20.109219,0,0,0,0
73.3116,,0.799824,0.799824,0.799824,0.000001,0.000000,0.000000,0.000000,0,1,0,1,20.068168,0,0,0,0
73.3316,,0.799824,0.799824,0.799824,0.000001,0.000000,0.000000,0.000000,0,1,0,1,20.089079,0,0,0,0
73.3514,,0.799824,0.799824,0.799824,0.000001,0.000000,0.000000,0.000000,0,1,0,1,20.177981,0,0,0,0
73.3715,,0.799824,0.799824,0.799824,0.000001,0.000000,0.000000,0.000000,0,1,0,1,20.077236,0,0,0,0
73.3917,,0.799824,0.799824,0.799824,0.000001,0.000000,0.000000,0.000000,0,1,0,1,20.076228,0,0,0,0
73.4125,,0.799824,0.799824,0.799824,0.000001,0.000000,0.000000,0.000000,0,1,0,1,20.217644,0,0,0,0
73.4324,,0.799824,0.799824,0.799824,0.000001,0.000000,0.000000,0.000000,0,1,0,1,20.233243,0,0,0,0
73.4524,,0.799824,0.799824,0.799824,0.000001,0.000000,0.000000,0.000000,0,1,0,1,20.207894,0,0,0,0
73.4725,,0.799824,0.799824,0.799824,0.000001,0.000000,0.000000,0.000000,0,1,0,1,20.304906,0,0,0,0
73.4934,,0.799824,0.799824,0.799824,0.000001,0.000000,0.000000,0.000000,0,1,0,1,20.218557,0,0,0,0
73.5135,,0.799824,0.799824,0.799824,0.000001,0.000000,0.000000,0.000000,0,1,0,1,20.171510,0,0,0,0
73.5335,,0.799824,0.799824,0.799824,0.000001,0.000000,0.000000,0.000000,0,1,0,1,20.222037,0,0,0,0
73.5535,,0.799824,0.799824,0.799824,0.000001,0.000000,0.000000,0.000000,0,1,0,1,20.247961,0,0,0,0
73.5735,,0.799824,0.799824,0.799824,0.000001,0.000000,0.000000,0.000000,0,1,0,1,20.229093,0,0,0,0
73.5945,,0.799824,0.799824,0.799824,0.000001,0.000000,0.000000,0.000000,0,1,0,1,20.206087,0,0,0,0
73.6143,,0.799824,0.799824,0.799824,0.000001,0.000000,0.000000,0.000000,0,1,0,1,20.217981,0,0,0,0
73.6344,,0.799824,0.799824,0.799824,0.000001,0.000000,0.000000,0.000000,0,1,0,1,20.063076,0,0,0,0
73.6544,,0.799824,0.799824,0.799824,0.000001,0.000000,0.000000,0.000000,0,1,0,1,20.073384,0,0,0,0
73.6744,,0.799824,0.799824,0.799824,0.000001,0.000000,0.000000,0.000000,0,1,0,1,20.066012,0,0,0,0
73.6945,,0.799824,0.799824,0.799824,0.000001,0.000000,0.000000,0.000000,0,1,0,1,20.066987,0,0,0,0
73.7144,,0.799824,0.799824,0.799824,0.000001,0.000000,0.000000,0.000000,0,1,0,1,20.093476,0,0,0,0
73.7345,,0.799824,0.799824,0.799824,0.000001,0.000000,0.000000,0.000000,0,1,0,1,20.064697,0,0,0,0
73.7545,,0.799824,0.799824,0.799824,0.000001,0.000000,0.000000,0.000000,0,1,0,1,20.111579,0,0,0,0
73.7755,,0.799824,0.799824,0.799824,0.000001,0.000000,0.000000,0.000000,0,1,0,1,20.198693,0,0,0,0
73.7956,,0.799824,0.799824,0.799824,0.000001,0.000000,0.000000,0.000000,0,1,0,1,20.176373,0,0,0,0
73.8155,,0.799824,0.799824,0.799824,0.000001,0.000000,0.000000,0.000000,0,1,0,1,20.058575,0,0,0,0
73.8355,,0.799824,0.799824,0.799824,0.000001,0.000000,0.000000,0.000000,0,1,0,1,20.068915,0,0,0,0
73.8554,,0.799824,0.799824,0.799824,0.000001,0.000000,0.000000,0.000000,0,1,0,1,20.069526,0,0,0,0
73.8755,,0.799824,0.799824,0.799824,0.000001,0.000000,0.000000,0.000000,0,1,0,1,20.218595,0,0,0,0
73.8956,,0.799824,0.799824,0.799824,0.000001,0.000000,0.000000,0.000000,0,1,0,1,20.069708,0,0,0,0
73.9154,,0.799824,0.799824,0.799824,0.000001,0.000000,0.000000,0.000000,0,1,0,1,20.063915,0,0,0,0
73.9364,,0.799824,0.799824,0.799824,0.000001,0.000000,0.000000,0.000000,0,1,0,1,20.165496,0,0,0,0
73.9566,,0.799824,0.799824,0.799824,0.000001,0.000000,0.000000,0.000000,0,1,0,1,20.200933,0,0,0,0
73.9765,,0.799824,0.799824,0.799824,0.000001,0.000000,0.000000,0.000000,0,1,0,1,20.288558,0,0,0,0
73.9964,,0.799824,0.799824,0.799824,0.000001,0.000000,0.000000,0.000000,0,1,0,1,20.069066,0,0,0,0
74.0165,,0.799824,0.799824,0.799824,0.000001,0.000000,0.000000,0.000000,0,1,0,1,20.119095,0,0,0,0
74.0365,,0.799824,0.799824,0.799824,0.000001,0.000000,0.000000,0.000000,0,1,0,1,20.088847,0,0,0,0
74.0565,,0.799824,0.799824,0.799824,0.000001,0.000000,0.000000,0.000000,0,1,0,1,20.098103,0,0,0,0
74.0775,,0.799824,0.799824,0.799824,0.000001,0.000000,0.000000,0.000000,0,1,0,1,20.212968,0,0,0,0
74.0973,,0.799824,0.799824,0.799824,0.000001,0.000000,0.000000,0.000000,0,1,0,1,20.178868,0,0,0,0
74.1174,,0.799824,0.799824,0.799824,0.000001,0.000000,0.000000,0.000000,0,1,0,1,20.140738,0,0,0,0
74.1374,,0.799824,0.799824,0.799824,0.000001,0.000000,0.000000,0.000000,0,1,0,1,20.191852,0,0,0,0
74.1573,,0.799824,0.799824,0.799824,0.000001,0.000000,0.000000,0.000000,0,1,0,1,20.075720,0,0,0,0
74.1773,,0.799824,0.799824,0.799824,0.000001,0.000000,0.000000,0.000000,0,1,0,1,20.236413,0,0,0,0
74.1973,,0.799824,0.799824,0.799824,0.000001,0.000000,0.000000,0.000000,0,1,0,1,20.108711,0,0,0,0
74.2184,,0.799824,0.799824,0.799824,0.000001,0.000000,0.000000,0.000000,0,1,0,1,20.205954,0,0,0,0
74.2384,,0.799824,0.799824,0.799824,0.000001,0.000000,0.000000,0.000000,0,1,0,1,20.182619,0,0,0,0
74.2584,,0.799824,0.799824,0.799824,0.000001,0.000000,0.000000,0.000000,0,1,0,1,20.090884,0,0,0,0
74.2785,,0.799824,0.799824,0.799824,0.000001,0.000000,0.000000,0.000000,0,1,0,1,20.077492,0,0,0,0
74.2985,,0.799824,0.799824,0.799824,0.000001,0.000000,0.000000,0.000000,0,1,0,1,20.085408,0,0,0,0
74.3184,,0.799824,0.799824,0.799824,0.000001,0.000000,0.000000,0.000000,0,1,0,1,20.066458,0,0,0,0
74.3384,,0.799824,0.799824,0.799824,0.000001,0.000000,0.000000,0.000000,0,1,0,1,20.059233,0,0,0,0
74.3585,,0.799824,0.799824,0.799824,0.000001,0.000000,0.000000,0.000000,0,1,0,1,20.068982,0,0,0,0
74.3784,,0.799824,0.799824,0.799824,0.000001,0.000000,0.000000,0.000000,0,1,0,1,20.064100,0,0,0,0
74.3984,,0.799824,0.799824,0.799824,0.000001,0.000000,0.000000,0.000000,0,1,0,1,20.088451,0,0,0,0
74.4195,,0.799824,0.799824,0.799824,0.000001,0.000000,0.000000,0.000000,0,1,0,1,20.142436,0,0,0,0
74.4394,,0.799824,0.799824,0.799824,0.000001,0.000000,0.000000,0.000000,0,1,0,1,20.180771,0,0,0,0
74.4594,,0.799824,0.799824,0.799824,0.000001,0.000000,0.000000,0.000000,0,1,0,1,20.112066,0,0,0,0
74.4795,,0.799824,0.799824,0.799824,0.000001,0.000000,0.000000,0.000000,0,1,0,1,20.070149,0,0,0,0
74.4995,,0.799824,0.799824,0.799824,0.000001,0.000000,0.000000,0.000000,0,1,0,1,20.070267,0,0,0,0
74.5193,,0.799824,0.799824,0.799824,0.000001,0.000000,0.000000,0.000000,0,1,0,1,20.244813,0,0,0,0
74.5393,,0.799824,0.799824,0.799824,0.000001,0.000000,0.000000,0.000000,0,1,0,1,20.082166,0,0,0,0
74.5593,,0.799824,0.799824,0.799824,0.000001,0.000000,0.000000,0.000000,0,1,0,1,20.127079,0,0,0,0
74.5804,,0.799824,0.799824,0.799824,0.000001,0.000000,0.000000,0.000000,0,1,0,1,20.061411,0,0,0,0
74.6003,,0.799824,0.799824,0.799824,0.000001,0.000000,0.000000,0.000000,0,1,0,1,20.080716,0,0,0,0
74.6206,,0.799824,0.799824,0.799824,0.000001,0.000000,0.000000,0.000000,0,1,0,1,20.102861,0,0,0,0
74.6407,,0.799824,0.799824,0.799824,0.000001,0.000000,0.000000,0.000000,0,1,0,1,20.116597,0,0,0,0
74.6603,,0.799824,0.799824,0.799824,0.000001,0.000000,0.000000,0.000000,0,1,0,1,20.102943,0,0,0,0
74.6804,,0.799824,0.799824,0.799824,0.000001,0.000000,0.000000,0.000000,0,1,0,1,20.112730,0,0,0,0
74.7004,,0.799824,0.799824,0.799824,0.000001,0.000000,0.000000,0.000000,0,1,0,1,20.309556,0,0,0,0
74.7214,,0.799824,0.799824,0.799824,0.000001,0.000000,0.000000,0.000000,0,1,0,1,20.150661,0,0,0,0
74.7415,,0.799824,0.799824,0.799824,0.000001,0.000000,0.000000,0.000000,0,1,0,1,20.176713,0,0,0,0
74.7614,,0.799824,0.799824,0.799824,0.000001,0.000000,0.000000,0.000000,0,1,0,1,20.092472,0,0,0,0
74.7814,,0.799824,0.799824,0.799824,0.000001,0.000000,0.000000,0.000000,0,1,0,1,20.256564,0,0,0,0
74.8014,,0.799824,0.799824,0.799824,0.000001,0.000000,0.000000,0.000000,0,1,0,1,20.206128,0,0,0,0
74.8224,,0.799824,0.799824,0.799824,0.000001,0.000000,0.000000,0.000000,0,1,0,1,20.280312,0,0,0,0
74.8424,,0.799824,0.799824,0.799824,0.000001,0.000000,0.000000,0.000000,0,1,0,1,20.205218,0,0,0,0
74.8624,,0.799824,0.799824,0.799824,0.000001,0.000000,0.000000,0.000000,0,1,0,1,20.207215,0,0,0,0
74.8825,,0.799824,0.799824,0.799824,0.000001,0.000000,0.000000,0.000000,0,1,0,1,20.263377,0,0,0,0
74.9024,,0.799824,0.799824,0.799824,0.000001,0.000000,0.000000,0.000000,0,1,0,1,20.232671,0,0,0,0
74.9234,,0.799824,0.799824,0.799824,0.000001,0.000000,0.000000,0.000000,0,1,0,1,20.280033,0,0,0,0
74.9434,,0.799824,0.799824,0.799824,0.000001,0.000000,0.000000,0.000000,0,1,0,1,20.295140,0,0,0,0
74.9632,,0.799824,0.799824,0.799824,0.000001,0.000000,0.000000,0.000000,0,1,0,1,20.269685,0,0,0,0
74.9833,,0.799824,0.799824,0.799824,0.000001,0.000000,0.000000,0.000000,0,1,0,1,20.114186,0,0,0,0
75.0044,,0.799824,0.799824,0.799824,0.000001,0.000000,0.000000,0.000000,0,1,0,1,20.186845,0,0,0,0
75.0244,,0.799824,0.799824,0.799824,0.000001,0.000000,0.000000,0.000000,0,1,0,1,20.188275,0,0,0,0
75.0442,,0.799824,0.799824,0.799824,0.000001,0.000000,0.000000,0.000000,0,1,0,1,20.182087,0,0,0,0
75.0645,,0.799824,0.799824,0.799824,0.000001,0.000000,0.000000,0.000000,0,1,0,1,20.189776,0,0,0,0
75.0844,,0.799824,0.799824,0.799824,0.000001,0.000000,0.000000,0.000000,0,1,0,1,20.220362,0,0,0,0
75.1054,,0.799824,0.799824,0.799824,0.000001,0.000000,0.000000,0.000000,0,1,0,1,20.130644,0,0,0,0
75.1254,,0.799824,0.799824,0.799824,0.000001,0.000000,0.000000,0.000000,0,1,0,1,20.076682,0,0,0,0
75.1454,,0.799824,0.799824,0.799824,0.000001,0.000000,0.000000,0.000000,0,1,0,1,20.321361,0,0,0,0
75.1654,,0.799824,0.799824,0.799824,0.000001,0.000000,0.000000,0.000000,0,1,0,1,20.206423,0,0,0,0
75.1864,,0.799824,0.799824,0.799824,0.000001,0.000000,0.000000,0.000000,0,1,0,1,20.449212,0,0,0,0
75.2064,,0.799824,0.799824,0.799824,0.000001,0.000000,0.000000,0.000000,0,1,0,1,20.202411,0,0,0,0
75.2264,,0.799824,0.799824,0.799824,0.000001,0.000000,0.000000,0.000000,0,1,0,1,20.245717,0,0,0,0
75.2463,,0.799824,0.799824,0.799824,0.000001,0.000000,0.000000,0.000000,0,1,0,1,20.233347,0,0,0,0
75.2665,,0.799824,0.799824,0.799824,0.000001,0.000000,0.000000,0.000000,0,1,0,1,20.177694,0,0,0,0
75.2877,,0.799824,0.799824,0.799824,0.000001,0.000000,0.000000,0.000000,0,1,0,1,20.208274,0,0,0,0
75.3074,,0.799824,0.799824,0.799824,0.000001,0.000000,0.000000,0.000000,0,1,0,1,20.208044,0,0,0,0
75.3274,,0.799824,0.799824,0.799824,0.000001,0.000000,0.000000,0.000000,0,1,0,1,20.181395,0,0,0,0
75.3476,,0.799824,0.799824,0.799824,0.000001,0.000000,0.000000,0.000000,0,1,0,1,20.219946,0,0,0,0
75.3684,,0.799824,0.799824,0.799824,0.000001,0.000000,0.000000,0.000000,0,1,0,1,20.269711,0,0,0,0
75.3883,,0.799824,0.799824,0.799824,0.000001,0.000000,0.000000,0.000000,0,1,0,1,20.204913,0,0,0,0
75.4084,,0.799824,0.799824,0.799824,0.000001,0.000000,0.000000,0.000000,0,1,0,1,20.233741,0,0,0,0
75.4283,,0.799824,0.799824,0.799824,0.000001,0.000000,0.000000,0.000000,0,1,0,1,20.245416,0,0,0,0
75.4482,,0.799824,0.799824,0.799824,0.000001,0.000000,0.000000,0.000000,0,1,0,1,20.215146,0,0,0,0
75.4694,,0.799824,0.799824,0.799824,0.000001,0.000000,0.000000,0.000000,0,1,0,1,20.316540,0,0,0,0
75.4893,,0.799824,0.799824,0.799824,0.000001,0.000000,0.000000,0.000000,0,1,0,1,20.235588,0,0,0,0
75.5093,,0.799824,0.799824,0.799824,0.000001,0.000000,0.000000,0.000000,0,1,0,1,20.275496,0,0,0,0
75.5294,,0.799824,0.799824,0.799824,0.000001,0.000000,0.000000,0.000000,0,1,0,1,20.053807,0,0,0,0
75.5493,,0.799824,0.799824,0.799824,0.000001,0.000000,0.000000,0.000000,0,1,0,1,20.080558,0,0,0,0
75.5704,,0.799824,0.799824,0.799824,0.000001,0.000000,0.000000,0.000000,0,1,0,1,20.153750,0,0,0,0
75.5904,,0.799824,0.799824,0.799824,0.000001,0.000000,0.000000,0.000000,0,1,0,1,20.076595,0,0,0,0
75.6104,,0.799824,0.799824,0.799824,0.000001,0.000000,0.000000,0.000000,0,1,0,1,20.075600,0,0,0,0
75.6304,,0.799824,0.799824,0.799824,0.000001,0.000000,0.000000,0.000000,0,1,0,1,20.091935,0,0,0,0
75.6504,,0.799824,0.799824,0.799824,0.000001,0.000000,0.000000,0.000000,0,1,0,1,20.261085,0,0,0,0
75.6704,,0.799824,0.799824,0.799824,0.000001,0.000000,0.000000,0.000000,0,1,0,1,20.221946,0,0,0,0
75.6904,,0.799824,0.799824,0.799824,0.000001,0.000000,0.000000,0.000000,0,1,0,1,20.187646,0,0,0,0
75.7114,,0.799824,0.799824,0.799824,0.000001,0.000000,0.000000,0.000000,0,1,0,1,20.089501,0,0,0,0
75.7313,,0.799824,0.799824,0.799824,0.000001,0.000000,0.000000,0.000000,0,1,0,1,20.092979,0,0,0,0
75.7515,,0.799824,0.799824,0.799824,0.000001,0.000000,0.000000,0.000000,0,1,0,1,20.202582,0,0,0,0
75.7716,,0.799824,0.799824,0.799824,0.000001,0.000000,0.000000,0.000000,0,1,0,1,20.110776,0,0,0,0
75.7915,,0.799824,0.799824,0.799824,0.000001,0.000000,0.000000,0.000000,0,1,0,1,20.192949,0,0,0,0
75.8115,,0.799824,0.799824,0.799824,0.000001,0.000000,0.000000,0.000000,0,1,0,1,20.201758,0,0,0,0
75.8315,,0.799824,0.799824,0.799824,0.000001,0.000000,0.000000,0.000000,0,1,0,1,20.162505,0,0,0,0
75.8525,,0.799824,0.799824,0.799824,0.000001,0.000000,0.000000,0.000000,0,1,0,1,20.252024,0,0,0,0
75.8725,,0.799824,0.799824,0.799824,0.000001,0.000000,0.000000,0.000000,0,1,0,1,20.203071,0,0,0,0
75.8925,,0.799824,0.799824,0.799824,0.000001,0.000000,0.000000,0.000000,0,1,0,1,20.214003,0,0,0,0
75.9127,,0.799824,0.799824,0.799824,0.000001,0.000000,0.000000,0.000000,0,1,0,1,20.102244,0,0,0,0
75.9326,,0.799824,0.799824,0.799824,0.000001,0.000000,0.000000,0.000000,0,1,0,1,20.200178,0,0,0,0
75.9534,,0.799824,0.799824,0.799824,0.000001,0.000000,0.000000,0.000000,0,1,0,1,20.069656,0,0,0,0
75.9734,,0.799824,0.799824,0.799824,0.000001,0.000000,0.000000,0.000000,0,1,0,1,20.066204,0,0,0,0
75.9934,,0.799824,0.799824,0.799824,0.000001,0.000000,0.000000,0.000000,0,1,0,1,20.068339,0,0,0,0
76.0134,,0.799824,0.799824,0.799824,0.000001,0.000000,0.000000,0.000000,0,1,0,1,20.039516,0,0,0,0
76.0333,,0.799824,0.799824,0.799824,0.000001,0.000000,0.000000,0.000000,0,1,0,1,20.061342,0,0,0,0
76.0533,,0.799824,0.799824,0.799824,0.000001,0.000000,0.000000,0.000000,0,1,0,1,20.078996,0,0,0,0
76.0734,,0.799824,0.799824,0.799824,0.000001,0.000000,0.000000,0.000000,0,1,0,1,20.066090,0,0,0,0
76.0934,,0.799824,0.799824,0.799824,0.000001,0.000000,0.000000,0.000000,0,1,0,1,20.063915,0,0,0,0
76.1134,,0.799824,0.799824,0.799824,0.000001,0.000000,0.000000,0.000000,0,1,0,1,20.066096,0,0,0,0
76.1334,,0.799824,0.799824,0.799824,0.000001,0.000000,0.000000,0.000000,0,1,0,1,20.058415,0,0,0,0
76.1534,,0.799824,0.799824,0.799824,0.000001,0.000000,0.000000,0.000000,0,1,0,1,20.061911,0,0,0,0
76.1734,,0.799824,0.799824,0.799824,0.000001,0.000000,0.000000,0.000000,0,1,0,1,20.081556,0,0,0,0
76.1934,,0.799824,0.799824,0.799824,0.000001,0.000000,0.000000,0.000000,0,1,0,1,20.073572,0,0,0,0
76.2135,,0.799824,0.799824,0.799824,0.000001,0.000000,0.000000,0.000000,0,1,0,1,20.137387,0,0,0,0
76.2345,,0.799824,0.799824,0.799824,0.000001,0.000000,0.000000,0.000000,0,1,0,1,20.068297,0,0,0,0
76.2544,,0.799824,0.799824,0.799824,0.000001,0.000000,0.000000,0.000000,0,1,0,1,20.081890,0,0,0,0
76.2746,,0.799824,0.799824,0.799824,0.000001,0.000000,0.000000,0.000000,0,1,0,1,20.215953,0,0,0,0
76.2944,,0.799824,0.799824,0.799824,0.000001,0.000000,0.000000,0.000000,0,1,0,1,20.068539,0,0,0,0
76.3146,,0.799824,0.799824,0.799824,0.000001,0.000000,0.000000,0.000000,0,1,0,1,20.064742,0,0,0,0
76.3344,,0.799824,0.799824,0.799824,0.000001,0.000000,0.000000,0.000000,0,1,0,1,20.116422,0,0,0,0
76.3545,,0.799824,0.799824,0.799824,0.000001,0.000000,0.000000,0.000000,0,1,0,1,20.086283,0,0,0,0
76.3744,,0.799824,0.799824,0.799824,0.000001,0.000000,0.000000,0.000000,0,1,0,1,20.100896,0,0,0,0
76.3945,,0.799824,0.799824,0.799824,0.000001,0.000000,0.000000,0.000000,0,1,0,1,20.191288,0,0,0,0
76.4156,,0.799824,0.799824,0.799824,0.000001,0.000000,0.000000,0.000000,0,1,0,1,20.102055,0,0,0,0
76.4355,,0.799824,0.799824,0.799824,0.000001,0.000000,0.000000,0.000000,0,1,0,1,20.186521,0,0,0,0
76.4553,,0.799824,0.799824,0.799824,0.000001,0.000000,0.000000,0.000000,0,1,0,1,20.121363,0,0,0,0
76.4754,,0.799824,0.799824,0.799824,0.000001,0.000000,0.000000,0.000000,0,1,0,1,20.242931,0,0,0,0
76.4954,,0.799824,0.799824,0.799824,0.000001,0.000000,0.000000,0.000000,0,1,0,1,20.232578,0,0,0,0
76.5154,,0.799824,0.799824,0.799824,0.000001,0.000000,0.000000,0.000000,0,1,0,1,20.066882,0,0,0,0
76.5364,,0.799824,0.799824,0.799824,0.000001,0.000000,0.000000,0.000000,0,1,0,1,20.284789,0,0,0,0
76.5564,,0.799824,0.799824,0.799824,0.000001,0.000000,0.000000,0.000000,0,1,0,1,20.208051,0,0,0,0
76.5764,,0.799824,0.799824,0.799824,0.000001,0.000000,0.000000,0.000000,0,1,0,1,20.080199,0,0,0,0
76.5964,,0.799824,0.799824,0.799824,0.000001,0.000000,0.000000,0.000000,0,1,0,1,20.073996,0,0,0,0
76.6166,,0.799824,0.799824,0.799824,0.000001,0.000000,0.000000,0.000000,0,1,0,1,20.076077,0,0,0,0
76.6364,,0.799824,0.799824,0.799824,0.000001,0.000000,0.000000,0.000000,0,1,0,1,20.069276,0,0,0,0
76.6564,,0.799824,0.799824,0.799824,0.000001,0.000000,0.000000,0.000000,0,1,0,1,20.074631,0,0,0,0
76.6764,,0.799824,0.799824,0.799824,0.000001,0.000000,0.000000,0.000000,0,1,0,1,20.108051,0,0,0,0
76.6976,,0.799824,0.799824,0.799824,0.000001,0.000000,0.000000,0.000000,0,1,0,1,20.216380,0,0,0,0
76.7175,,0.799824,0.799824,0.799824,0.000001,0.000000,0.000000,0.000000,0,1,0,1,20.254262,0,0,0,0
76.7375,,0.799824,0.799824,0.799824,0.000001,0.000000,0.000000,0.000000,0,1,0,1,20.080304,0,0,0,0
76.7576,,0.799824,0.799824,0.799824,0.000001,0.000000,0.000000,0.000000,0,1,0,1,20.069897,0,0,0,0
76.7774,,0.799824,0.799824,0.799824,0.000001,0.000000,0.000000,0.000000,0,1,0,1,20.067660,0,0,0,0
76.7976,,0.799824,0.799824,0.799824,0.000001,0.000000,0.000000,0.000000,0,1,0,1,20.219347,0,0,0,0
76.8187,,0.799824,0.799824,0.799824,0.000001,0.000000,0.000000,0.000000,0,1,0,1,20.255114,0,0,0,0
76.8384,,0.799824,0.799824,0.799824,0.000001,0.000000,0.000000,0.000000,0,1,0,1,20.196033,0,0,0,0
76.8585,,0.799824,0.799824,0.799824,0.000001,0.000000,0.000000,0.000000,0,1,0,1,20.112284,0,0,0,0
76.8784,,0.799824,0.799824,0.799824,0.000001,0.000000,0.000000,0.000000,0,1,0,1,20.071758,0,0,0,0
76.8987,,0.799824,0.799824,0.799824,0.000001,0.000000,0.000000,0.000000,0,1,0,1,20.071726,0,0,0,0
76.9185,,0.799824,0.799824,0.799824,0.000001,0.000000,0.000000,0.000000,0,1,0,1,20.119571,0,0,0,0
76.9386,,0.799824,0.799824,0.799824,0.000001,0.000000,0.000000,0.000000,0,1,0,1,20.076546,0,0,0,0
76.9585,,0.799824,0.799824,0.799824,0.000001,0.000000,0.000000,0.000000,0,1,0,1,20.072267,0,0,0,0
76.9784,,0.799824,0.799824,0.799824,0.000001,0.000000,0.000000,0.000000,0,1,0,1,20.166534,0,0,0,0
76.9994,,0.799824,0.799824,0.799824,0.000001,0.000000,0.000000,0.000000,0,1,0,1,20.230047,0,0,0,0
77.0195,,0.799824,0.799824,0.799824,0.000001,0.000000,0.000000,0.000000,0,1,0,1,20.260008,0,0,0,0
77.0395,,0.799824,0.799824,0.799824,0.000001,0.000000,0.000000,0.000000,0,1,0,1,20.082291,0,0,0,0
77.0596,,0.799824,0.799824,0.799824,0.000001,0.000000,0.000000,0.000000,0,1,0,1,20.075172,0,0,0,0
77.0793,,0.799824,0.799824,0.799824,0.000001,0.000000,0.000000,0.000000,0,1,0,1,20.070815,0,0,0,0
77.0994,,0.799824,0.799824,0.799824,0.000001,0.000000,0.000000,0.000000,0,1,0,1,20.065998,0,0,0,0
77.1195,,0.799824,0.799824,0.799824,0.000001,0.000000,0.000000,0.000000,0,1,0,1,20.108753,0,0,0,0
77.1404,,0.799824,0.799824,0.799824,0.000001,0.000000,0.000000,0.000000,0,1,0,1,20.322728,0,0,0,0
77.1604,,0.799824,0.799824,0.799824,0.000001,0.000000,0.000000,0.000000,0,1,0,1,20.332535,0,0,0,0
77.1804,,0.799824,0.799824,0.799824,0.000001,0.000000,0.000000,0.000000,0,1,0,1,20.266786,0,0,0,0
77.2004,,0.799824,0.799824,0.799824,0.000001,0.000000,0.000000,0.000000,0,1,0,1,20.206425,0,0,0,0
77.2216,,0.799824,0.799824,0.799824,0.000001,0.000000,0.000000,0.000000,0,1,0,1,20.181399,0,0,0,0
77.2415,,0.799824,0.799824,0.799824,0.000001,0.000000,0.000000,0.000000,0,1,0,1,20.104266,0,0,0,0
77.2615,,0.799824,0.799824,0.799824,0.000001,0.000000,0.000000,0.000000,0,1,0,1,20.133570,0,0,0,0
77.2814,,0.799824,0.799824,0.799824,0.000001,0.000000,0.000000,0.000000,0,1,0,1,20.076464,0,0,0,0
77.3015,,0.799824,0.799824,0.799824,0.000001,0.000000,0.000000,0.000000,0,1,0,1,20.131817,0,0,0,0
77.3215,,0.799824,0.799824,0.799824,0.000001,0.000000,0.000000,0.000000,0,1,0,1,20.103930,0,0,0,0
77.3416,,0.799824,0.799824,0.799824,0.000001,0.000000,0.000000,0.000000,0,1,0,1,20.104138,0,0,0,0
77.3615,,0.799824,0.799824,0.799824,0.000001,0.000000,0.000000,0.000000,0,1,0,1,20.165760,0,0,0,0
77.3824,,0.799824,0.799824,0.799824,0.000001,0.000000,0.000000,0.000000,0,1,0,1,20.097584,0,0,0,0
77.4025,,0.799824,0.799824,0.799824,0.000001,0.000000,0.000000,0.000000,0,1,0,1,20.122336,0,0,0,0
77.4224,,0.799824,0.799824,0.799824,0.000001,0.000000,0.000000,0.000000,0,1,0,1,20.069437,0,0,0,0
77.4424,,0.799824,0.799824,0.799824,0.000001,0.000000,0.000000,0.000000,0,1,0,1,20.097168,0,0,0,0
77.4624,,0.799824,0.799824,0.799824,0.000001,0.000000,0.000000,0.000000,0,1,0,1,20.071440,0,0,0,0
77.4825,,0.799824,0.799824,0.799824,0.000001,0.000000,0.000000,0.000000,0,1,0,1,20.071951,0,0,0,0
77.5025,,0.799824,0.799824,0.799824,0.000001,0.000000,0.000000,0.000000,0,1,0,1,20.076154,0,0,0,0
77.5226,,0.799824,0.799824,0.799824,0.000001,0.000000,0.000000,0.000000,0,1,0,1,20.093344,0,0,0,0
77.5423,,0.799824,0.799824,0.799824,0.000001,0.000000,0.000000,0.000000,0,1,0,1,20.202861,0,0,0,0
77.5633,,0.799824,0.799824,0.799824,0.000001,0.000000,0.000000,0.000000,0,1,0,1,20.186663,0,0,0,0
77.5833,,0.799824,0.799824,0.799824,0.000001,0.000000,0.000000,0.000000,0,1,0,1,20.235794,0,0,0,0
77.6033,,0.799824,0.799824,0.799824,0.000001,0.000000,0.000000,0.000000,0,1,0,1,20.090959,0,0,0,0
77.6232,,0.799824,0.799824,0.799824,0.000001,0.000000,0.000000,0.000000,0,1,0,1,20.082320,0,0,0,0
77.6433,,0.799824,0.799824,0.799824,0.000001,0.000000,0.000000,0.000000,0,1,0,1,20.075360,0,0,0,0
77.6633,,0.799824,0.799824,0.799824,0.000001,0.000000,0.000000,0.000000,0,1,0,1,20.076432,0,0,0,0
77.6834,,0.799824,0.799824,0.799824,0.000001,0.000000,0.000000,0.000000,0,1,0,1,20.113984,0,0,0,0
77.7033,,0.799824,0.799824,0.799824,0.000001,0.000000,0.000000,0.000000,0,1,0,1,20.110688,0,0,0,0
77.7235,,0.799824,0.799824,0.799824,0.000001,0.000000,0.000000,0.000000,0,1,0,1,20.118053,0,0,0,0
77.7444,,0.799824,0.799824,0.799824,0.000001,0.000000,0.000000,0.000000,0,1,0,1,20.210180,0,0,0,0
77.7643,,0.799824,0.799824,0.799824,0.000001,0.000000,0.000000,0.000000,0,1,0,1,20.093435,0,0,0,0
77.7842,,0.799824,0.799824,0.799824,0.000001,0.000000,0.000000,0.000000,0,1,0,1,20.114863,0,0,0,0
77.8044,,0.799824,0.799824,0.799824,0.000001,0.000000,0.000000,0.000000,0,1,0,1,20.074837,0,0,0,0
77.8244,,0.799824,0.799824,0.799824,0.000001,0.000000,0.000000,0.000000,0,1,0,1,20.070970,0,0,0,0
77.8442,,0.799824,0.799824,0.799824,0.000001,0.000000,0.000000,0.000000,0,1,0,1,20.074028,0,0,0,0
77.8644,,0.799824,0.799824,0.799824,0.000001,0.000000,0.000000,0.000000,0,1,0,1,20.073718,0,0,0,0
77.8845,,0.799824,0.799824,0.799824,0.000001,0.000000,0.000000,0.000000,0,1,0,1,20.111590,0,0,0,0
77.9054,,0.799824,0.799824,0.799824,0.000001,0.000000,0.000000,0.000000,0,1,0,1,20.236345,0,0,0,0
77.9253,,0.799824,0.799824,0.799824,0.000001,0.000000,0.000000,0.000000,0,1,0,1,20.082704,0,0,0,0
77.9454,,0.799824,0.799824,0.799824,0.000001,0.000000,0.000000,0.000000,0,1,0,1,20.350160,0,0,0,0
77.9657,,0.799824,0.799824,0.799824,0.000001,0.000000,0.000000,0.000000,0,1,0,1,20.070106,0,0,0,0
77.9854,,0.799824,0.799824,0.799824,0.000001,0.000000,0.000000,0.000000,0,1,0,1,20.069158,0,0,0,0
78.0055,,0.799824,0.799824,0.799824,0.000001,0.000000,0.000000,0.000000,0,1,0,1,20.110300,0,0,0,0
78.0255,,0.799824,0.799824,0.799824,0.000001,0.000000,0.000000,0.000000,0,1,0,1,20.106018,0,0,0,0
78.0454,,0.799824,0.799824,0.799824,0.000001,0.000000,0.000000,0.000000,0,1,0,1,20.104334,0,0,0,0
78.0663,,0.799824,0.799824,0.799824,0.000001,0.000000,0.000000,0.000000,0,1,0,1,20.163607,0,0,0,0
78.0865,,0.799824,0.799824,0.799824,0.000001,0.000000,0.000000,0.000000,0,1,0,1,20.234358,0,0,0,0
78.1064,,0.799824,0.799824,0.799824,0.000001,0.000000,0.000000,0.000000,0,1,0,1,20.258191,0,0,0,0
78.1264,,0.799824,0.799824,0.799824,0.000001,0.000000,0.000000,0.000000,0,1,0,1,20.194987,0,0,0,0
78.1464,,0.799824,0.799824,0.799824,0.000001,0.000000,0.000000,0.000000,0,1,0,1,20.206457,0,0,0,0
78.1674,,0.799824,0.799824,0.799824,0.000001,0.000000,0.000000,0.000000,0,1,0,1,20.199997,0,0,0,0
78.1876,,0.799824,0.799824,0.799824,0.000001,0.000000,0.000000,0.000000,0,1,0,1,20.305481,0,0,0,0
78.2075,,0.799824,0.799824,0.799824,0.000001,0.000000,0.000000,0.000000,0,1,0,1,20.183387,0,0,0,0
78.2274,,0.799824,0.799824,0.799824,0.000001,0.000000,0.000000,0.000000,0,1,0,1,20.203328,0,0,0,0
78.2484,,0.799824,0.799824,0.799824,0.000001,0.000000,0.000000,0.000000,0,1,0,1,20.187652,0,0,0,0
78.2684,,0.799824,0.799824,0.799824,0.000001,0.000000,0.000000,0.000000,0,1,0,1,20.189806,0,0,0,0
78.2885,,0.799824,0.799824,0.799824,0.000001,0.000000,0.000000,0.000000,0,1,0,1,20.244762,0,0,0,0
78.3085,,0.799824,0.799824,0.799824,0.000001,0.000000,0.000000,0.000000,0,1,0,1,20.208156,0,0,0,0
78.3284,,0.799824,0.799824,0.799824,0.000001,0.000000,0.000000,0.000000,0,1,0,1,20.185207,0,0,0,0
78.3495,,0.799824,0.799824,0.799824,0.000001,0.000000,0.000000,0.000000,0,1,0,1,20.203982,0,0,0,0
78.3694,,0.799824,0.799824,0.799824,0.000001,0.000000,0.000000,0.000000,0,1,0,1,20.224935,0,0,0,0
78.3894,,0.799824,0.799824,0.799824,0.000001,0.000000,0.000000,0.000000,0,1,0,1,20.223174,0,0,0,0
78.4094,,0.799824,0.799824,0.799824,0.000001,0.000000,0.000000,0.000000,0,1,0,1,20.222401,0,0,0,0
78.4295,,0.799824,0.799824,0.799824,0.000001,0.000000,0.000000,0.000000,0,1,0,1,20.198349,0,0,0,0
78.4503,,0.799824,0.799824,0.799824,0.000001,0.000000,0.000000,0.000000,0,1,0,1,20.142221,0,0,0,0
78.4705,,0.799824,0.799824,0.799824,0.000001,0.000000,0.000000,0.000000,0,1,0,1,20.481297,0,0,0,0
78.4904,,0.799824,0.799824,0.799824,0.000001,0.000000,0.000000,0.000000,0,1,0,1,20.269563,0,0,0,0
78.5115,,0.799824,0.799824,0.799824,0.000001,0.000000,0.000000,0.000000,0,1,0,1,20.242935,0,0,0,0
78.5315,,0.799824,0.799824,0.799824,0.000001,0.000000,0.000000,0.000000,0,1,0,1,20.234527,0,0,0,0
78.5513,,0.799824,0.799824,0.799824,0.000001,0.000000,0.000000,0.000000,0,1,0,1,20.210039,0,0,0,0
78.5714,,0.799824,0.799824,0.799824,0.000001,0.000000,0.000000,0.000000,0,1,0,1,20.083062,0,0,0,0
78.5915,,0.799824,0.799824,0.799824,0.000001,0.000000,0.000000,0.000000,0,1,0,1,20.203981,0,0,0,0
78.6126,,0.799824,0.799824,0.799824,0.000001,0.000000,0.000000,0.000000,0,1,0,1,20.210349,0,0,0,0
78.6325,,0.799824,0.799824,0.799824,0.000001,0.000000,0.000000,0.000000,0,1,0,1,20.256153,0,0,0,0
78.6525,,0.799824,0.799824,0.799824,0.000001,0.000000,0.000000,0.000000,0,1,0,1,20.184737,0,0,0,0
78.6726,,0.799824,0.799824,0.799824,0.000001,0.000000,0.000000,0.000000,0,1,0,1,20.205805,0,0,0,0
78.6925,,0.799824,0.799824,0.799824,0.000001,0.000000,0.000000,0.000000,0,1,0,1,20.175899,0,0,0,0
78.7134,,0.799824,0.799824,0.799824,0.000001,0.000000,0.000000,0.000000,0,1,0,1,20.234786,0,0,0,0
78.7334,,0.799824,0.799824,0.799824,0.000001,0.000000,0.000000,0.000000,0,1,0,1,20.227473,0,0,0,0
78.7534,,0.799824,0.799824,0.799824,0.000001,0.000000,0.000000,0.000000,0,1,0,1,20.185352,0,0,0,0
78.7735,,0.799824,0.799824,0.799824,0.000001,0.000000,0.000000,0.000000,0,1,0,1,20.147172,0,0,0,0
78.7934,,0.799824,0.799824,0.799824,0.000001,0.000000,0.000000,0.000000,0,1,0,1,20.236831,0,0,0,0
78.8145,,0.799824,0.799824,0.799824,0.000001,0.000000,0.000000,0.000000,0,1,0,1,20.190834,0,0,0,0
78.8345,,0.799824,0.799824,0.799824,0.000001,0.000000,0.000000,0.000000,0,1,0,1,20.219875,0,0,0,0
78.8544,,0.799824,0.799824,0.799824,0.000001,0.000000,0.000000,0.000000,0,1,0,1,20.243392,0,0,0,0
78.8743,,0.799824,0.799824,0.799824,0.000001,0.000000,0.000000,0.000000,0,1,0,1,20.255960,0,0,0,0
78.8944,,0.799824,0.799824,0.799824,0.000001,0.000000,0.000000,0.000000,0,1,0,1,20.161618,0,0,0,0
78.9154,,0.799824,0.799824,0.799824,0.000001,0.000000,0.000000,0.000000,0,1,0,1,20.121654,0,0,0,0
78.9355,,0.799824,0.799824,0.799824,0.000001,0.000000,0.000000,0.000000,0,1,0,1,20.195246,0,0,0,0
78.9555,,0.799824,0.799824,0.799824,0.000001,0.000000,0.000000,0.000000,0,1,0,1,20.246369,0,0,0,0
78.9753,,0.799824,0.799824,0.799824,0.000001,0.000000,0.000000,0.000000,0,1,0,1,20.358548,0,0,0,0
78.9964,,0.799824,0.799824,0.799824,0.000001,0.000000,0.000000,0.000000,0,1,0,1,20.191624,0,0,0,0
79.0164,,0.799824,0.799824,0.799824,0.000001,0.000000,0.000000,0.000000,0,1,0,1,20.223555,0,0,0,0
79.0365,,0.799824,0.799824,0.799824,0.000001,0.000000,0.000000,0.000000,0,1,0,1,20.255908,0,0,0,0
79.0564,,0.799824,0.799824,0.799824,0.000001,0.000000,0.000000,0.000000,0,1,0,1,20.215059,0,0,0,0
79.0774,,0.799824,0.799824,0.799824,0.000001,0.000000,0.000000,0.000000,0,1,0,1,20.240098,0,0,0,0
79.0974,,0.799824,0.799824,0.799824,0.000001,0.000000,0.000000,0.000000,0,1,0,1,20.177625,0,0,0,0
79.1174,,0.799824,0.799824,0.799824,0.000001,0.000000,0.000000,0.000000,0,1,0,1,20.058557,0,0,0,0
79.1374,,0.799824,0.799824,0.799824,0.000001,0.000000,0.000000,0.000000,0,1,0,1,20.201602,0,0,0,0
79.1575,,0.799824,0.799824,0.799824,0.000001,0.000000,0.000000,0.000000,0,1,0,1,20.242111,0,0,0,0
79.1775,,0.799824,0.799824,0.799824,0.000001,0.000000,0.000000,0.000000,0,1,0,1,20.190072,0,0,0,0
79.1984,,0.799824,0.799824,0.799824,0.000001,0.000000,0.000000,0.000000,0,1,0,1,20.243592,0,0,0,0
79.2184,,0.799824,0.799824,0.799824,0.000001,0.000000,0.000000,0.000000,0,1,0,1,20.222015,0,0,0,0
79.2385,,0.799824,0.799824,0.799824,0.000001,0.000000,0.000000,0.000000,0,1,0,1,20.227148,0,0,0,0
79.2584,,0.799824,0.799824,0.799824,0.000001,0.000000,0.000000,0.000000,0,1,0,1,20.252773,0,0,0,0
79.2795,,0.799824,0.799824,0.799824,0.000001,0.000000,0.000000,0.000000,0,1,0,1,20.206707,0,0,0,0
79.2994,,0.799824,0.799824,0.799824,0.000001,0.000000,0.000000,0.000000,0,1,0,1,20.217279,0,0,0,0
79.3194,,0.799824,0.799824,0.799824,0.000001,0.000000,0.000000,0.000000,0,1,0,1,20.245710,0,0,0,0
79.3395,,0.799824,0.799824,0.799824,0.000001,0.000000,0.000000,0.000000,0,1,0,1,20.144797,0,0,0,0
79.3595,,0.799824,0.799824,0.799824,0.000001,0.000000,0.000000,0.000000,0,1,0,1,20.213111,0,0,0,0
79.3805,,0.799824,0.799824,0.799824,0.000001,0.000000,0.000000,0.000000,0,1,0,1,20.152292,0,0,0,0
79.4004,,0.799824,0.799824,0.799824,0.000001,0.000000,0.000000,0.000000,0,1,0,1,20.200155,0,0,0,0
79.4203,,0.799824,0.799824,0.799824,0.000001,0.000000,0.000000,0.000000,0,1,0,1,20.235837,0,0,0,0
79.4405,,0.799824,0.799824,0.799824,0.000001,0.000000,0.000000,0.000000,0,1,0,1,20.212222,0,0,0,0
79.4605,,0.799824,0.799824,0.799824,0.000001,0.000000,0.000000,0.000000,0,1,0,1,20.193391,0,0,0,0
79.4814,,0.799824,0.799824,0.799824,0.000001,0.000000,0.000000,0.000000,0,1,0,1,20.191966,0,0,0,0
79.5016,,0.799824,0.799824,0.799824,0.000001,0.000000,0.000000,0.000000,0,1,0,1,20.227437,0,0,0,0
79.5215,,0.799824,0.799824,0.799824,0.000001,0.000000,0.000000,0.000000,0,1,0,1,20.264652,0,0,0,0
79.5414,,0.799824,0.799824,0.799824,0.000001,0.000000,0.000000,0.000000,0,1,0,1,20.209407,0,0,0,0
79.5614,,0.799824,0.799824,0.799824,0.000001,0.000000,0.000000,0.000000,0,1,0,1,20.196232,0,0,0,0
79.5826,,0.799824,0.799824,0.799824,0.000001,0.000000,0.000000,0.000000,0,1,0,1,20.237663,0,0,0,0
79.6026,,0.799824,0.799824,0.799824,0.000001,0.000000,0.000000,0.000000,0,1,0,1,20.310879,0,0,0,0
79.6225,,0.799824,0.799824,0.799824,0.000001,0.000000,0.000000,0.000000,0,1,0,1,20.262606,0,0,0,0
79.6423,,0.799824,0.799824,0.799824,0.000001,0.000000,0.000000,0.000000,0,1,0,1,20.150717,0,0,0,0
79.6633,,0.799824,0.799824,0.799824,0.000001,0.000000,0.000000,0.000000,0,1,0,1,20.186386,0,0,0,0
79.6835,,0.799824,0.799824,0.799824,0.000001,0.000000,0.000000,0.000000,0,1,0,1,20.202303,0,0,0,0
79.7035,,0.799824,0.799824,0.799824,0.000001,0.000000,0.000000,0.000000,0,1,0,1,20.431917,0,0,0,0
79.7244,,0.799824,0.799824,0.799824,0.000001,0.000000,0.000000,0.000000,0,1,0,1,20.273793,0,0,0,0
79.7443,,0.799824,0.799824,0.799824,0.000001,0.000000,0.000000,0.000000,0,1,0,1,20.353534,0,0,0,0
79.7642,,0.799824,0.799824,0.799824,0.000001,0.000000,0.000000,0.000000,0,1,0,1,20.299225,0,0,0,0
79.7844,,0.799824,0.799824,0.799824,0.000001,0.000000,0.000000,0.000000,0,1,0,1,20.272307,0,0,0,0
79.8054,,0.799824,0.799824,0.799824,0.000001,0.000000,0.000000,0.000000,0,1,0,1,20.249006,0,0,0,0
79.8254,,0.799824,0.799824,0.799824,0.000001,0.000000,0.000000,0.000000,0,1,0,1,20.289321,0,0,0,0
79.8453,,0.799824,0.799824,0.799824,0.000001,0.000000,0.000000,0.000000,0,1,0,1,20.293067,0,0,0,0
79.8663,,0.799824,0.799824,0.799824,0.000001,0.000000,0.000000,0.000000,0,1,0,1,20.228467,0,0,0,0
79.8864,,0.799824,0.799824,0.799824,0.000001,0.000000,0.000000,0.000000,0,1,0,1,20.215400,0,0,0,0
79.9063,,0.799824,0.799824,0.799824,0.000001,0.000000,0.000000,0.000000,0,1,0,1,20.283956,0,0,0,0
79.9263,,0.799824,0.799824,0.799824,0.000001,0.000000,0.000000,0.000000,0,1,0,1,20.267367,0,0,0,0
79.9462,,0.799824,0.799824,0.799824,0.000001,0.000000,0.000000,0.000000,0,1,0,1,20.219152,0,0,0,0
79.9674,,0.799824,0.799824,0.799824,0.000001,0.000000,0.000000,0.000000,0,1,0,1,20.177514,0,0,0,0
79.9874,,0.799824,0.799824,0.799824,0.000001,0.000000,0.000000,0.000000,0,1,0,1,20.203409,0,0,0,0
80.0074,,0.799824,0.799824,0.799824,0.000001,0.000000,0.000000,0.000000,0,1,0,1,20.300571,0,0,0,0
80.0274,,0.799824,0.799824,0.799824,0.000001,0.000000,0.000000,0.000000,0,1,0,1,20.235284,0,0,0,0
80.0483,,0.799824,0.799824,0.799824,0.000001,0.000000,0.000000,0.000000,0,1,0,1,20.212074,0,0,0,0
80.0683,,0.799824,0.799824,0.799824,0.000001,0.000000,0.000000,0.000000,0,1,0,1,20.202793,0,0,0,0
80.0885,,0.799824,0.799824,0.799824,0.000001,0.000000,0.000000,0.000000,0,1,0,1,20.077533,0,0,0,0
80.1084,,0.799824,0.799824,0.799824,0.000001,0.000000,0.000000,0.000000,0,1,0,1,20.297018,0,0,0,0
80.1282,,0.799824,0.799824,0.799824,0.000001,0.000000,0.000000,0.000000,0,1,0,1,20.201284,0,0,0,0
80.1495,,0.799824,0.799824,0.799824,0.000001,0.000000,0.000000,0.000000,0,1,0,1,20.184369,0,0,0,0
80.1693,,0.799824,0.799824,0.799824,0.000001,0.000000,0.000000,0.000000,0,1,0,1,20.293207,0,0,0,0
80.1894,,0.799824,0.799824,0.799824,0.000001,0.000000,0.000000,0.000000,0,1,0,1,20.304839,0,0,0,0
80.2092,,0.799824,0.799824,0.799824,0.000001,0.000000,0.000000,0.000000,0,1,0,1,20.247944,0,0,0,0
80.2295,,0.799824,0.799824,0.799824,0.000001,0.000000,0.000000,0.000000,0,1,0,1,20.078564,0,0,0,0
80.2504,,0.799824,0.799824,0.799824,0.000001,0.000000,0.000000,0.000000,0,1,0,1,20.077905,0,0,0,0
80.2704,,0.799824,0.799824,0.799824,0.000001,0.000000,0.000000,0.000000,0,1,0,1,20.078461,0,0,0,0
80.2904,,0.799824,0.799824,0.799824,0.000001,0.000000,0.000000,0.000000,0,1,0,1,20.080299,0,0,0,0
80.3103,,0.799824,0.799824,0.799824,0.000001,0.000000,0.000000,0.000000,0,1,0,1,20.070514,0,0,0,0
80.3304,,0.799824,0.799824,0.799824,0.000001,0.000000,0.000000,0.000000,0,1,0,1,20.232809,0,0,0,0
80.3504,,0.799824,0.799824,0.799824,0.000001,0.000000,0.000000,0.000000,0,1,0,1,20.271237,0,0,0,0
80.3715,,0.799824,0.799824,0.799824,0.000001,0.000000,0.000000,0.000000,0,1,0,1,20.242567,0,0,0,0
80.3913,,0.799824,0.799824,0.799824,0.000001,0.000000,0.000000,0.000000,0,1,0,1,20.298083,0,0,0,0
80.4114,,0.799824,0.799824,0.799824,0.000001,0.000000,0.000000,0.000000,0,1,0,1,20.253258,0,0,0,0
80.4314,,0.799824,0.799824,0.799824,0.000001,0.000000,0.000000,0.000000,0,1,0,1,20.298715,0,0,0,0
80.4523,,0.799824,0.799824,0.799824,0.000001,0.000000,0.000000,0.000000,0,1,0,1,20.228632,0,0,0,0
80.4725,,0.799824,0.799824,0.799824,0.000001,0.000000,0.000000,0.000000,0,1,0,1,20.195683,0,0,0,0
80.4923,,0.799824,0.799824,0.799824,0.000001,0.000000,0.000000,0.000000,0,1,0,1,20.122054,0,0,0,0
80.5124,,0.799824,0.799824,0.799824,0.000001,0.000000,0.000000,0.000000,0,1,0,1,20.231976,0,0,0,0
80.5325,,0.799824,0.799824,0.799824,0.000001,0.000000,0.000000,0.000000,0,1,0,1,20.211372,0,0,0,0
80.5534,,0.799824,0.799824,0.799824,0.000001,0.000000,0.000000,0.000000,0,1,0,1,20.336194,0,0,0,0
80.5734,,0.799824,0.799824,0.799824,0.000001,0.000000,0.000000,0.000000,0,1,0,1,20.137448,0,0,0,0
80.5933,,0.799824,0.799824,0.799824,0.000001,0.000000,0.000000,0.000000,0,1,0,1,20.097378,0,0,0,0
80.6132,,0.799824,0.799824,0.799824,0.000001,0.000000,0.000000,0.000000,0,1,0,1,20.284447,0,0,0,0
80.6344,,0.799824,0.799824,0.799824,0.000001,0.000000,0.000000,0.000000,0,1,0,1,20.292069,0,0,0,0
80.6545,,0.799824,0.799824,0.799824,0.000001,0.000000,0.000000,0.000000,0,1,0,1,20.287907,0,0,0,0
80.6747,,0.799824,0.799824,0.799824,0.000001,0.000000,0.000000,0.000000,0,1,0,1,20.026074,0,0,0,0
80.6944,,0.799824,0.799824,0.799824,0.000001,0.000000,0.000000,0.000000,0,1,0,1,20.219680,0,0,0,0
80.7144,,0.799824,0.799824,0.799824,0.000001,0.000000,0.000000,0.000000,0,1,0,1,20.079421,0,0,0,0
80.7346,,0.799824,0.799824,0.799824,0.000001,0.000000,0.000000,0.000000,0,1,0,1,20.103060,0,0,0,0
80.7546,,0.799824,0.799824,0.799824,0.000001,0.000000,0.000000,0.000000,0,1,0,1,20.171637,0,0,0,0
80.7754,,0.799824,0.799824,0.799824,0.000001,0.000000,0.000000,0.000000,0,1,0,1,20.170614,0,0,0,0
80.7954,,0.799824,0.799824,0.799824,0.000001,0.000000,0.000000,0.000000,0,1,0,1,20.169149,0,0,0,0
80.8155,,0.799824,0.799824,0.799824,0.000001,0.000000,0.000000,0.000000,0,1,0,1,20.075594,0,0,0,0
80.8357,,0.799824,0.799824,0.799824,0.000001,0.000000,0.000000,0.000000,0,1,0,1,20.075804,0,0,0,0
80.8555,,0.799824,0.799824,0.799824,0.000001,0.000000,0.000000,0.000000,0,1,0,1,20.108509,0,0,0,0
80.8766,,0.799824,0.799824,0.799824,0.000001,0.000000,0.000000,0.000000,0,1,0,1,20.535924,0,0,0,0
80.8967,,0.799824,0.799824,0.799824,0.000001,0.000000,0.000000,0.000000,0,1,0,1,20.208863,0,0,0,0
80.9163,,0.799824,0.799824,0.799824,0.000001,0.000000,0.000000,0.000000,0,1,0,1,20.069503,0,0,0,0
80.9363,,0.799824,0.799824,0.799824,0.000001,0.000000,0.000000,0.000000,0,1,0,1,20.200313,0,0,0,0
80.9566,,0.799824,0.799824,0.799824,0.000001,0.000000,0.000000,0.000000,0,1,0,1,20.163450,0,0,0,0
80.9766,,0.799824,0.799824,0.799824,0.000001,0.000000,0.000000,0.000000,0,1,0,1,20.214358,0,0,0,0
80.9974,,0.799824,0.799824,0.799824,0.000001,0.000000,0.000000,0.000000,0,1,0,1,20.192124,0,0,0,0
81.0176,,0.799824,0.799824,0.799824,0.000001,0.000000,0.000000,0.000000,0,1,0,1,20.195170,0,0,0,0
81.0376,,0.799824,0.799824,0.799824,0.000001,0.000000,0.000000,0.000000,0,1,0,1,20.215315,0,0,0,0
81.0576,,0.799824,0.799824,0.799824,0.000001,0.000000,0.000000,0.000000,0,1,0,1,20.270390,0,0,0,0
81.0786,,0.799824,0.799824,0.799824,0.000001,0.000000,0.000000,0.000000,0,1,0,1,20.203235,0,0,0,0
81.0984,,0.799824,0.799824,0.799824,0.000001,0.000000,0.000000,0.000000,0,1,0,1,20.184507,0,0,0,0
81.1185,,0.799824,0.799824,0.799824,0.000001,0.000000,0.000000,0.000000,0,1,0,1,20.121735,0,0,0,0
81.1387,,0.799824,0.799824,0.799824,0.000001,0.000000,0.000000,0.000000,0,1,0,1,20.246405,0,0,0,0
81.1585,,0.799824,0.799824,0.799824,0.000001,0.000000,0.000000,0.000000,0,1,0,1,20.079432,0,0,0,0
81.1784,,0.799824,0.799824,0.799824,0.000001,0.000000,0.000000,0.000000,0,1,0,1,20.076296,0,0,0,0
81.1985,,0.799824,0.799824,0.799824,0.000001,0.000000,0.000000,0.000000,0,1,0,1,20.089176,0,0,0,0
81.2186,,0.799824,0.799824,0.799824,0.000001,0.000000,0.000000,0.000000,0,1,0,1,20.067024,0,0,0,0
81.2386,,0.799824,0.799824,0.799824,0.000001,0.000000,0.000000,0.000000,0,1,0,1,20.084642,0,0,0,0
81.2597,,0.799824,0.799824,0.799824,0.000001,0.000000,0.000000,0.000000,0,1,0,1,20.164675,0,0,0,0
81.2794,,0.799824,0.799824,0.799824,0.000001,0.000000,0.000000,0.000000,0,1,0,1,20.143600,0,0,0,0
81.2994,,0.799824,0.799824,0.799824,0.000001,0.000000,0.000000,0.000000,0,1,0,1,20.084048,0,0,0,0
81.3195,,0.799824,0.799824,0.799824,0.000001,0.000000,0.000000,0.000000,0,1,0,1,20.070795,0,0,0,0
81.3396,,0.799824,0.799824,0.799824,0.000001,0.000000,0.000000,0.000000,0,1,0,1,20.073741,0,0,0,0
81.3596,,0.799824,0.799824,0.799824,0.000001,0.000000,0.000000,0.000000,0,1,0,1,20.069920,0,0,0,0
81.3796,,0.799824,0.799824,0.799824,0.000001,0.000000,0.000000,0.000000,0,1,0,1,20.066039,0,0,0,0
81.3996,,0.799824,0.799824,0.799824,0.000001,0.000000,0.000000,0.000000,0,1,0,1,20.103005,0,0,0,0
81.4194,,0.799824,0.799824,0.799824,0.000001,0.000000,0.000000,0.000000,0,1,0,1,20.201963,0,0,0,0
81.4406,,0.799824,0.799824,0.799824,0.000001,0.000000,0.000000,0.000000,0,1,0,1,20.276759,0,0,0,0
81.4607,,0.799824,0.799824,0.799824,0.000001,0.000000,0.000000,0.000000,0,1,0,1,20.051742,0,0,0,0
81.4804,,0.799824,0.799824,0.799824,0.000001,0.000000,0.000000,0.000000,0,1,0,1,20.070248,0,0,0,0
81.5007,,0.799824,0.799824,0.799824,0.000001,0.000000,0.000000,0.000000,0,1,0,1,20.065719,0,0,0,0
81.5206,,0.799824,0.799824,0.799824,0.000001,0.000000,0.000000,0.000000,0,1,0,1,20.080127,0,0,0,0
81.5405,,0.799824,0.799824,0.799824,0.000001,0.000000,0.000000,0.000000,0,1,0,1,20.067832,0,0,0,0
81.5607,,0.799824,0.799824,0.799824,0.000001,0.000000,0.000000,0.000000,0,1,0,1,20.066064,0,0,0,0
81.5806,,0.799824,0.799824,0.799824,0.000001,0.000000,0.000000,0.000000,0,1,0,1,20.083389,0,0,0,0
81.6005,,0.799824,0.799824,0.799824,0.000001,0.000000,0.000000,0.000000,0,1,0,1,20.134419,0,0,0,0
81.6216,,0.799824,0.799824,0.799824,0.000001,0.000000,0.000000,0.000000,0,1,0,1,20.156109,0,0,0,0
81.6416,,0.799824,0.799824,0.799824,0.000001,0.000000,0.000000,0.000000,0,1,0,1,20.068293,0,0,0,0
81.6615,,0.799824,0.799824,0.799824,0.000001,0.000000,0.000000,0.000000,0,1,0,1,20.066936,0,0,0,0
81.6814,,0.799824,0.799824,0.799824,0.000001,0.000000,0.000000,0.000000,0,1,0,1,20.061979,0,0,0,0
81.7013,,0.799824,0.799824,0.799824,0.000001,0.000000,0.000000,0.000000,0,1,0,1,20.071090,0,0,0,0
81.7213,,0.799824,0.799824,0.799824,0.000001,0.000000,0.000000,0.000000,0,1,0,1,20.085607,0,0,0,0
81.7414,,0.799824,0.799824,0.799824,0.000001,0.000000,0.000000,0.000000,0,1,0,1,20.069558,0,0,0,0
81.7616,,0.799824,0.799824,0.799824,0.000001,0.000000,0.000000,0.000000,0,1,0,1,20.082735,0,0,0,0
81.7816,,0.799824,0.799824,0.799824,0.000001,0.000000,0.000000,0.000000,0,1,0,1,20.069098,0,0,0,0
81.8013,,0.799824,0.799824,0.799824,0.000001,0.000000,0.000000,0.000000,0,1,0,1,20.065603,0,0,0,0
81.8217,,0.799824,0.799824,0.799824,0.000001,0.000000,0.000000,0.000000,0,1,0,1,20.068152,0,0,0,0
81.8417,,0.799824,0.799824,0.799824,0.000001,0.000000,0.000000,0.000000,0,1,0,1,20.068033,0,0,0,0
81.8616,,0.799824,0.799824,0.799824,0.000001,0.000000,0.000000,0.000000,0,1,0,1,20.077291,0,0,0,0
81.8815,,0.799824,0.799824,0.799824,0.000001,0.000000,0.000000,0.000000,0,1,0,1,20.083598,0,0,0,0
81.9013,,0.799824,0.799824,0.799824,0.000001,0.000000,0.000000,0.000000,0,1,0,1,20.065419,0,0,0,0
81.9225,,0.799824,0.799824,0.799824,0.000001,0.000000,0.000000,0.000000,0,1,0,1,20.078855,0,0,0,0
81.9425,,0.799824,0.799824,0.799824,0.000001,0.000000,0.000000,0.000000,0,1,0,1,20.066440,0,0,0,0
81.9623,,0.799824,0.799824,0.799824,0.000001,0.000000,0.000000,0.000000,0,1,0,1,20.062100,0,0,0,0
81.9826,,0.799824,0.799824,0.799824,0.000001,0.000000,0.000000,0.000000,0,1,0,1,20.166484,0,0,0,0
82.0027,,0.799824,0.799824,0.799824,0.000001,0.000000,0.000000,0.000000,0,1,0,1,20.065078,0,0,0,0
82.0225,,0.799824,0.799824,0.799824,0.000001,0.000000,0.000000,0.000000,0,1,0,1,20.071187,0,0,0,0
82.0428,,0.799824,0.799824,0.799824,0.000001,0.000000,0.000000,0.000000,0,1,0,1,20.071060,0,0,0,0
82.0626,,0.799824,0.799824,0.799824,0.000001,0.000000,0.000000,0.000000,0,1,0,1,20.099103,0,0,0,0
82.0825,,0.799824,0.799824,0.799824,0.000001,0.000000,0.000000,0.000000,0,1,0,1,20.070895,0,0,0,0
82.1023,,0.799824,0.799824,0.799824,0.000001,0.000000,0.000000,0.000000,0,1,0,1,20.075096,0,0,0,0
82.1225,,0.799824,0.799824,0.799824,0.000001,0.000000,0.000000,0.000000,0,1,0,1,20.070087,0,0,0,0
82.1423,,0.799824,0.799824,0.799824,0.000001,0.000000,0.000000,0.000000,0,1,0,1,20.066171,0,0,0,0
82.1636,,0.799824,0.799824,0.799824,0.000001,0.000000,0.000000,0.000000,0,1,0,1,20.062890,0,0,0,0
82.1835,,0.799824,0.799824,0.799824,0.000001,0.000000,0.000000,0.000000,0,1,0,1,20.062815,0,0,0,0
82.2036,,0.799824,0.799824,0.799824,0.000001,0.000000,0.000000,0.000000,0,1,0,1,20.085071,0,0,0,0
82.2236,,0.799824,0.799824,0.799824,0.000001,0.000000,0.000000,0.000000,0,1,0,1,20.080885,0,0,0,0
82.2433,,0.799824,0.799824,0.799824,0.000001,0.000000,0.000000,0.000000,0,1,0,1,20.034687,0,0,0,0
82.2635,,0.799824,0.799824,0.799824,0.000001,0.000000,0.000000,0.000000,0,1,0,1,20.081150,0,0,0,0
82.2836,,0.799824,0.799824,0.799824,0.000001,0.000000,0.000000,0.000000,0,1,0,1,20.062146,0,0,0,0
82.3034,,0.799824,0.799824,0.799824,0.000001,0.000000,0.000000,0.000000,0,1,0,1,20.071494,0,0,0,0
82.3235,,0.799824,0.799824,0.799824,0.000001,0.000000,0.000000,0.000000,0,1,0,1,20.066538,0,0,0,0
82.3434,,0.799824,0.799824,0.799824,0.000001,0.000000,0.000000,0.000000,0,1,0,1,20.067478,0,0,0,0
82.3634,,0.799824,0.799824,0.799824,0.000001,0.000000,0.000000,0.000000,0,1,0,1,20.087425,0,0,0,0
82.3836,,0.799824,0.799824,0.799824,0.000001,0.000000,0.000000,0.000000,0,1,0,1,20.104294,0,0,0,0
82.4035,,0.799824,0.799824,0.799824,0.000001,0.000000,0.000000,0.000000,0,1,0,1,20.073580,0,0,0,0
82.4243,,0.799824,0.799824,0.799824,0.000001,0.000000,0.000000,0.000000,0,1,0,1,20.102833,0,0,0,0
82.4446,,0.799824,0.799824,0.799824,0.000001,0.000000,0.000000,0.000000,0,1,0,1,20.068116,0,0,0,0
82.4645,,0.799824,0.799824,0.799824,0.000001,0.000000,0.000000,0.000000,0,1,0,1,20.203127,0,0,0,0
82.4846,,0.799824,0.799824,0.799824,0.000001,0.000000,0.000000,0.000000,0,1,0,1,20.064670,0,0,0,0
82.5045,,0.799824,0.799824,0.799824,0.000001,0.000000,0.000000,0.000000,0,1,0,1,20.094898,0,0,0,0
82.5243,,0.799824,0.799824,0.799824,0.000001,0.000000,0.000000,0.000000,0,1,0,1,20.083031,0,0,0,0
82.5444,,0.799824,0.799824,0.799824,0.000001,0.000000,0.000000,0.000000,0,1,0,1,20.217146,0,0,0,0
82.5644,,0.799824,0.799824,0.799824,0.000001,0.000000,0.000000,0.000000,0,1,0,1,20.129351,0,0,0,0
82.5842,,0.799824,0.799824,0.799824,0.000001,0.000000,0.000000,0.000000,0,1,0,1,20.076303,0,0,0,0
82.6054,,0.799824,0.799824,0.799824,0.000001,0.000000,0.000000,0.000000,0,1,0,1,20.082717,0,0,0,0
82.6255,,0.799824,0.799824,0.799824,0.000001,0.000000,0.000000,0.000000,0,1,0,1,20.075242,0,0,0,0
82.6455,,0.799824,0.799824,0.799824,0.000001,0.000000,0.000000,0.000000,0,1,0,1,20.076196,0,0,0,0
82.6654,,0.799824,0.799824,0.799824,0.000001,0.000000,0.000000,0.000000,0,1,0,1,20.149731,0,0,0,0
82.6856,,0.799824,0.799824,0.799824,0.000001,0.000000,0.000000,0.000000,0,1,0,1,20.103544,0,0,0,0
82.7055,,0.799824,0.799824,0.799824,0.000001,0.000000,0.000000,0.000000,0,1,0,1,20.079486,0,0,0,0
82.7256,,0.799824,0.799824,0.799824,0.000001,0.000000,0.000000,0.000000,0,1,0,1,20.210936,0,0,0,0
82.7456,,0.799824,0.799824,0.799824,0.000001,0.000000,0.000000,0.000000,0,1,0,1,20.237709,0,0,0,0
82.7665,,0.799824,0.799824,0.799824,0.000001,0.000000,0.000000,0.000000,0,1,0,1,20.200836,0,0,0,0
82.7866,,0.799824,0.799824,0.799824,0.000001,0.000000,0.000000,0.000000,0,1,0,1,20.224642,0,0,0,0
82.8066,,0.799824,0.799824,0.799824,0.000001,0.000000,0.000000,0.000000,0,1,0,1,20.214315,0,0,0,0
82.8266,,0.799824,0.799824,0.799824,0.000001,0.000000,0.000000,0.000000,0,1,0,1,20.288116,0,0,0,0
82.8477,,0.799824,0.799824,0.799824,0.000001,0.000000,0.000000,0.000000,0,1,0,1,20.225700,0,0,0,0
82.8676,,0.799824,0.799824,0.799824,0.000001,0.000000,0.000000,0.000000,0,1,0,1,20.209325,0,0,0,0
82.8875,,0.799824,0.799824,0.799824,0.000001,0.000000,0.000000,0.000000,0,1,0,1,20.094157,0,0,0,0
82.9076,,0.799824,0.799824,0.799824,0.000001,0.000000,0.000000,0.000000,0,1,0,1,20.098898,0,0,0,0
82.9276,,0.799824,0.799824,0.799824,0.000001,0.000000,0.000000,0.000000,0,1,0,1,20.071935,0,0,0,0
82.9475,,0.799824,0.799824,0.799824,0.000001,0.000000,0.000000,0.000000,0,1,0,1,20.099371,0,0,0,0
82.9675,,0.799824,0.799824,0.799824,0.000001,0.000000,0.000000,0.000000,0,1,0,1,20.155858,0,0,0,0
82.9877,,0.799824,0.799824,0.799824,0.000001,0.000000,0.000000,0.000000,0,1,0,1,20.101814,0,0,0,0
83.0086,,0.799824,0.799824,0.799824,0.000001,0.000000,0.000000,0.000000,0,1,0,1,20.169647,0,0,0,0
83.0286,,0.799824,0.799824,0.799824,0.000001,0.000000,0.000000,0.000000,0,1,0,1,20.097116,0,0,0,0
83.0485,,0.799824,0.799824,0.799824,0.000001,0.000000,0.000000,0.000000,0,1,0,1,20.120285,0,0,0,0
83.0685,,0.799824,0.799824,0.799824,0.000001,0.000000,0.000000,0.000000,0,1,0,1,20.062391,0,0,0,0
83.0884,,0.799824,0.799824,0.799824,0.000001,0.000000,0.000000,0.000000,0,1,0,1,20.108954,0,0,0,0
83.1085,,0.799824,0.799824,0.799824,0.000001,0.000000,0.000000,0.000000,0,1,0,1,20.072202,0,0,0,0
83.1286,,0.799824,0.799824,0.799824,0.000001,0.000000,0.000000,0.000000,0,1,0,1,20.075655,0,0,0,0
83.1486,,0.799824,0.799824,0.799824,0.000001,0.000000,0.000000,0.000000,0,1,0,1,20.069834,0,0,0,0
83.1684,,0.799824,0.799824,0.799824,0.000001,0.000000,0.000000,0.000000,0,1,0,1,20.074961,0,0,0,0
83.1895,,0.799824,0.799824,0.799824,0.000001,0.000000,0.000000,0.000000,0,1,0,1,20.234785,0,0,0,0
83.2093,,0.799824,0.799824,0.799824,0.000001,0.000000,0.000000,0.000000,0,1,0,1,20.180816,0,0,0,0
83.2295,,0.799824,0.799824,0.799824,0.000001,0.000000,0.000000,0.000000,0,1,0,1,20.237509,0,0,0,0
83.2495,,0.799824,0.799824,0.799824,0.000001,0.000000,0.000000,0.000000,0,1,0,1,20.071495,0,0,0,0
83.2695,,0.799824,0.799824,0.799824,0.000001,0.000000,0.000000,0.000000,0,1,0,1,20.081099,0,0,0,0
83.2896,,0.799824,0.799824,0.799824,0.000001,0.000000,0.000000,0.000000,0,1,0,1,20.102742,0,0,0,0
83.3094,,0.799824,0.799824,0.799824,0.000001,0.000000,0.000000,0.000000,0,1,0,1,20.140079,0,0,0,0
83.3292,,0.799824,0.799824,0.799824,0.000001,0.000000,0.000000,0.000000,0,1,0,1,20.069750,0,0,0,0
83.3505,,0.799824,0.799824,0.799824,0.000001,0.000000,0.000000,0.000000,0,1,0,1,20.148819,0,0,0,0
83.3705,,0.799824,0.799824,0.799824,0.000001,0.000000,0.000000,0.000000,0,1,0,1,20.529945,0,0,0,0
83.3904,,0.799824,0.799824,0.799824,0.000001,0.000000,0.000000,0.000000,0,1,0,1,20.212589,0,0,0,0
83.4116,,0.799824,0.799824,0.799824,0.000001,0.000000,0.000000,0.000000,0,1,0,1,20.261928,0,0,0,0
83.4317,,0.799824,0.799824,0.799824,0.000001,0.000000,0.000000,0.000000,0,1,0,1,20.242296,0,0,0,0
83.4516,,0.799824,0.799824,0.799824,0.000001,0.000000,0.000000,0.000000,0,1,0,1,20.239353,0,0,0,0
83.4716,,0.799824,0.799824,0.799824,0.000001,0.000000,0.000000,0.000000,0,1,0,1,20.193154,0,0,0,0
83.4919,,0.799824,0.799824,0.799824,0.000001,0.000000,0.000000,0.000000,0,1,0,1,20.205129,0,0,0,0
83.5125,,0.799824,0.799824,0.799824,0.000001,0.000000,0.000000,0.000000,0,1,0,1,20.184153,0,0,0,0
83.5327,,0.799824,0.799824,0.799824,0.000001,0.000000,0.000000,0.000000,0,1,0,1,20.410693,0,0,0,0
83.5524,,0.799824,0.799824,0.799824,0.000001,0.000000,0.000000,0.000000,0,1,0,1,20.101176,0,0,0,0
83.5726,,0.799824,0.799824,0.799824,0.000001,0.000000,0.000000,0.000000,0,1,0,1,20.099712,0,0,0,0
83.5925,,0.799824,0.799824,0.799824,0.000001,0.000000,0.000000,0.000000,0,1,0,1,20.095337,0,0,0,0
83.6127,,0.799824,0.799824,0.799824,0.000001,0.000000,0.000000,0.000000,0,1,0,1,20.059714,0,0,0,0
83.6326,,0.799824,0.799824,0.799824,0.000001,0.000000,0.000000,0.000000,0,1,0,1,20.100121,0,0,0,0
83.6537,,0.799824,0.799824,0.799824,0.000001,0.000000,0.000000,0.000000,0,1,0,1,20.066776,0,0,0,0
83.6737,,0.799824,0.799824,0.799824,0.000001,0.000000,0.000000,0.000000,0,1,0,1,20.078979,0,0,0,0
83.6936,,0.799824,0.799824,0.799824,0.000001,0.000000,0.000000,0.000000,0,1,0,1,20.182013,0,0,0,0
83.7133,,0.799824,0.799824,0.799824,0.000001,0.000000,0.000000,0.000000,0,1,0,1,20.275193,0,0,0,0
83.7336,,0.799824,0.799824,0.799824,0.000001,0.000000,0.000000,0.000000,0,1,0,1,20.188892,0,0,0,0
83.7545,,0.799824,0.799824,0.799824,0.000001,0.000000,0.000000,0.000000,0,1,0,1,20.209191,0,0,0,0
83.7746,,0.799824,0.799824,0.799824,0.000001,0.000000,0.000000,0.000000,0,1,0,1,20.304746,0,0,0,0
83.7945,,0.799824,0.799824,0.799824,0.000001,0.000000,0.000000,0.000000,0,1,0,1,20.250004,0,0,0,0
83.8145,,0.799824,0.799824,0.799824,0.000001,0.000000,0.000000,0.000000,0,1,0,1,20.206645,0,0,0,0
83.8345,,0.799824,0.799824,0.799824,0.000001,0.000000,0.000000,0.000000,0,1,0,1,20.191470,0,0,0,0
83.8556,,0.799824,0.799824,0.799824,0.000001,0.000000,0.000000,0.000000,0,1,0,1,20.089320,0,0,0,0
83.8756,,0.799824,0.799824,0.799824,0.000001,0.000000,0.000000,0.000000,0,1,0,1,20.077075,0,0,0,0
83.8955,,0.799824,0.799824,0.799824,0.000001,0.000000,0.000000,0.000000,0,1,0,1,20.079801,0,0,0,0
83.9155,,0.799824,0.799824,0.799824,0.000001,0.000000,0.000000,0.000000,0,1,0,1,20.079102,0,0,0,0
83.9355,,0.799824,0.799824,0.799824,0.000001,0.000000,0.000000,0.000000,0,1,0,1,20.093899,0,0,0,0
83.9556,,0.799824,0.799824,0.799824,0.000001,0.000000,0.000000,0.000000,0,1,0,1,20.287271,0,0,0,0
83.9756,,0.799824,0.799824,0.799824,0.000001,0.000000,0.000000,0.000000,0,1,0,1,20.254878,0,0,0,0
83.9966,,0.799824,0.799824,0.799824,0.000001,0.000000,0.000000,0.000000,0,1,0,1,20.192079,0,0,0,0
84.0166,,0.799824,0.799824,0.799824,0.000001,0.000000,0.000000,0.000000,0,1,0,1,20.191738,0,0,0,0
84.0366,,0.799824,0.799824,0.799824,0.000001,0.000000,0.000000,0.000000,0,1,0,1,20.226361,0,0,0,0
84.0566,,0.799824,0.799824,0.799824,0.000001,0.000000,0.000000,0.000000,0,1,0,1,20.191626,0,0,0,0
84.0765,,0.799824,0.799824,0.799824,0.000001,0.000000,0.000000,0.000000,0,1,0,1,20.220679,0,0,0,0
84.0976,,0.799824,0.799824,0.799824,0.000001,0.000000,0.000000,0.000000,0,1,0,1,20.203426,0,0,0,0
84.1175,,0.799824,0.799824,0.799824,0.000001,0.000000,0.000000,0.000000,0,1,0,1,20.210725,0,0,0,0
84.1380,,0.799824,0.799824,0.799824,0.000001,0.000000,0.000000,0.000000,0,1,0,1,20.101775,0,0,0,0
84.1575,,0.799824,0.799824,0.799824,0.000001,0.000000,0.000000,0.000000,0,1,0,1,20.070292,0,0,0,0
84.1776,,0.799824,0.799824,0.799824,0.000001,0.000000,0.000000,0.000000,0,1,0,1,20.067183,0,0,0,0
84.1976,,0.799824,0.799824,0.799824,0.000001,0.000000,0.000000,0.000000,0,1,0,1,20.071197,0,0,0,0
84.2176,,0.799824,0.799824,0.799824,0.000001,0.000000,0.000000,0.000000,0,1,0,1,20.111631,0,0,0,0
84.2375,,0.799824,0.799824,0.799824,0.000001,0.000000,0.000000,0.000000,0,1,0,1,20.101039,0,0,0,0
84.2575,,0.799824,0.799824,0.799824,0.000001,0.000000,0.000000,0.000000,0,1,0,1,20.077309,0,0,0,0
84.2786,,0.799824,0.799824,0.799824,0.000001,0.000000,0.000000,0.000000,0,1,0,1,20.071105,0,0,0,0
84.2985,,0.799824,0.799824,0.799824,0.000001,0.000000,0.000000,0.000000,0,1,0,1,20.102820,0,0,0,0
84.3186,,0.799824,0.799824,0.799824,0.000001,0.000000,0.000000,0.000000,0,1,0,1,20.109355,0,0,0,0
84.3385,,0.799824,0.799824,0.799824,0.000001,0.000000,0.000000,0.000000,0,1,0,1,20.048411,0,0,0,0
84.3585,,0.799824,0.799824,0.799824,0.000001,0.000000,0.000000,0.000000,0,1,0,1,20.077917,0,0,0,0
84.3786,,0.799824,0.799824,0.799824,0.000001,0.000000,0.000000,0.000000,0,1,0,1,20.225928,0,0,0,0
84.3984,,0.799824,0.799824,0.799824,0.000001,0.000000,0.000000,0.000000,0,1,0,1,20.252120,0,0,0,0
84.4196,,0.799824,0.799824,0.799824,0.000001,0.000000,0.000000,0.000000,0,1,0,1,20.194064,0,0,0,0
84.4394,,0.799824,0.799824,0.799824,0.000001,0.000000,0.000000,0.000000,0,1,0,1,20.123709,0,0,0,0
84.4595,,0.799824,0.799824,0.799824,0.000001,0.000000,0.000000,0.000000,0,1,0,1,20.254278,0,0,0,0
84.4795,,0.799824,0.799824,0.799824,0.000001,0.000000,0.000000,0.000000,0,1,0,1,20.235438,0,0,0,0
84.4995,,0.799824,0.799824,0.799824,0.000001,0.000000,0.000000,0.000000,0,1,0,1,20.194313,0,0,0,0
84.5196,,0.799824,0.799824,0.799824,0.000001,0.000000,0.000000,0.000000,0,1,0,1,20.124721,0,0,0,0
84.5406,,0.799824,0.799824,0.799824,0.000001,0.000000,0.000000,0.000000,0,1,0,1,20.084181,0,0,0,0
84.5605,,0.799824,0.799824,0.799824,0.000001,0.000000,0.000000,0.000000,0,1,0,1,20.088352,0,0,0,0
84.5804,,0.799824,0.799824,0.799824,0.000001,0.000000,0.000000,0.000000,0,1,0,1,20.078882,0,0,0,0
84.6005,,0.799824,0.799824,0.799824,0.000001,0.000000,0.000000,0.000000,0,1,0,1,20.452156,0,0,0,0
84.6205,,0.799824,0.799824,0.799824,0.000001,0.000000,0.000000,0.000000,0,1,0,1,20.102350,0,0,0,0
84.6415,,0.799824,0.799824,0.799824,0.000001,0.000000,0.000000,0.000000,0,1,0,1,20.236016,0,0,0,0
84.6615,,0.799824,0.799824,0.799824,0.000001,0.000000,0.000000,0.000000,0,1,0,1,20.413046,0,0,0,0
84.6816,,0.799824,0.799824,0.799824,0.000001,0.000000,0.000000,0.000000,0,1,0,1,20.214700,0,0,0,0
84.7015,,0.799824,0.799824,0.799824,0.000001,0.000000,0.000000,0.000000,0,1,0,1,20.070292,0,0,0,0
84.7215,,0.799824,0.799824,0.799824,0.000001,0.000000,0.000000,0.000000,0,1,0,1,20.077447,0,0,0,0
84.7415,,0.799824,0.799824,0.799824,0.000001,0.000000,0.000000,0.000000,0,1,0,1,20.105177,0,0,0,0
84.7625,,0.799824,0.799824,0.799824,0.000001,0.000000,0.000000,0.000000,0,1,0,1,20.120838,0,0,0,0
84.7826,,0.799824,0.799824,0.799824,0.000001,0.000000,0.000000,0.000000,0,1,0,1,20.100191,0,0,0,0
84.8026,,0.799824,0.799824,0.799824,0.000001,0.000000,0.000000,0.000000,0,1,0,1,20.079649,0,0,0,0
84.8224,,0.799824,0.799824,0.799824,0.000001,0.000000,0.000000,0.000000,0,1,0,1,20.108819,0,0,0,0
84.8425,,0.799824,0.799824,0.799824,0.000001,0.000000,0.000000,0.000000,0,1,0,1,20.126785,0,0,0,0
84.8625,,0.799824,0.799824,0.799824,0.000001,0.000000,0.000000,0.000000,0,1,0,1,20.251473,0,0,0,0
84.8826,,0.799824,0.799824,0.799824,0.000001,0.000000,0.000000,0.000000,0,1,0,1,20.072388,0,0,0,0
84.9026,,0.799824,0.799824,0.799824,0.000001,0.000000,0.000000,0.000000,0,1,0,1,20.224376,0,0,0,0
84.9236,,0.799824,0.799824,0.799824,0.000001,0.000000,0.000000,0.000000,0,1,0,1,20.134426,0,0,0,0
84.9436,,0.799824,0.799824,0.799824,0.000001,0.000000,0.000000,0.000000,0,1,0,1,20.239482,0,0,0,0
84.9636,,0.799824,0.799824,0.799824,0.000001,0.000000,0.000000,0.000000,0,1,0,1,20.272031,0,0,0,0
84.9835,,0.799824,0.799824,0.799824,0.000001,0.000000,0.000000,0.000000,0,1,0,1,20.077450,0,0,0,0
85.0034,,0.799824,0.799824,0.799824,0.000001,0.000000,0.000000,0.000000,0,1,0,1,20.233254,0,0,0,0
85.0246,,0.799824,0.799824,0.799824,0.000001,0.000000,0.000000,0.000000,0,1,0,1,20.254901,0,0,0,0
85.0445,,0.799824,0.799824,0.799824,0.000001,0.000000,0.000000,0.000000,0,1,0,1,20.209056,0,0,0,0
85.0645,,0.799824,0.799824,0.799824,0.000001,0.000000,0.000000,0.000000,0,1,0,1,20.083512,0,0,0,0
85.0846,,0.799824,0.799824,0.799824,0.000001,0.000000,0.000000,0.000000,0,1,0,1,20.074840,0,0,0,0
85.1046,,0.799824,0.799824,0.799824,0.000001,0.000000,0.000000,0.000000,0,1,0,1,20.287219,0,0,0,0
85.1256,,0.799824,0.799824,0.799824,0.000001,0.000000,0.000000,0.000000,0,1,0,1,20.225413,0,0,0,0
85.1454,,0.799824,0.799824,0.799824,0.000001,0.000000,0.000000,0.000000,0,1,0,1,20.081577,0,0,0,0
85.1656,,0.799824,0.799824,0.799824,0.000001,0.000000,0.000000,0.000000,0,1,0,1,20.106074,0,0,0,0
85.1856,,0.799824,0.799824,0.799824,0.000001,0.000000,0.000000,0.000000,0,1,0,1,20.260823,0,0,0,0
85.2055,,0.799824,0.799824,0.799824,0.000001,0.000000,0.000000,0.000000,0,1,0,1,20.074869,0,0,0,0
85.2255,,0.799824,0.799824,0.799824,0.000001,0.000000,0.000000,0.000000,0,1,0,1,20.326002,0,0,0,0
85.2466,,0.799824,0.799824,0.799824,0.000001,0.000000,0.000000,0.000000,0,1,0,1,20.158747,0,0,0,0
85.2664,,0.799824,0.799824,0.799824,0.000001,0.000000,0.000000,0.000000,0,1,0,1,20.166792,0,0,0,0
85.2865,,0.799824,0.799824,0.799824,0.000001,0.000000,0.000000,0.000000,0,1,0,1,20.235972,0,0,0,0
85.3065,,0.799824,0.799824,0.799824,0.000001,0.000000,0.000000,0.000000,0,1,0,1,20.233400,0,0,0,0
85.3264,,0.799824,0.799824,0.799824,0.000001,0.000000,0.000000,0.000000,0,1,0,1,20.117449,0,0,0,0
85.3465,,0.799824,0.799824,0.799824,0.000001,0.000000,0.000000,0.000000,0,1,0,1,20.113679,0,0,0,0
85.3675,,0.799824,0.799824,0.799824,0.000001,0.000000,0.000000,0.000000,0,1,0,1,20.253235,0,0,0,0
85.3874,,0.799824,0.799824,0.799824,0.000001,0.000000,0.000000,0.000000,0,1,0,1,20.217778,0,0,0,0
85.4075,,0.799824,0.799824,0.799824,0.000001,0.000000,0.000000,0.000000,0,1,0,1,20.076831,0,0,0,0
85.4276,,0.799824,0.799824,0.799824,0.000001,0.000000,0.000000,0.000000,0,1,0,1,20.199833,0,0,0,0
85.4476,,0.799824,0.799824,0.799824,0.000001,0.000000,0.000000,0.000000,0,1,0,1,20.103821,0,0,0,0
85.4686,,0.799824,0.799824,0.799824,0.000001,0.000000,0.000000,0.000000,0,1,0,1,20.248612,0,0,0,0
85.4885,,0.799824,0.799824,0.799824,0.000001,0.000000,0.000000,0.000000,0,1,0,1,20.315286,0,0,0,0
85.5085,,0.799824,0.799824,0.799824,0.000001,0.000000,0.000000,0.000000,0,1,0,1,20.115423,0,0,0,0
85.5285,,0.799824,0.799824,0.799824,0.000001,0.000000,0.000000,0.000000,0,1,0,1,20.080800,0,0,0,0
85.5485,,0.799824,0.799824,0.799824,0.000001,0.000000,0.000000,0.000000,0,1,0,1,20.071014,0,0,0,0
85.5684,,0.799824,0.799824,0.799824,0.000001,0.000000,0.000000,0.000000,0,1,0,1,20.237841,0,0,0,0
85.5895,,0.799824,0.799824,0.799824,0.000001,0.000000,0.000000,0.000000,0,1,0,1,20.215245,0,0,0,0
85.6096,,0.799824,0.799824,0.799824,0.000001,0.000000,0.000000,0.000000,0,1,0,1,20.202803,0,0,0,0
85.6296,,0.799824,0.799824,0.799824,0.000001,0.000000,0.000000,0.000000,0,1,0,1,20.231742,0,0,0,0
85.6495,,0.799824,0.799824,0.799824,0.000001,0.000000,0.000000,0.000000,0,1,0,1,20.279892,0,0,0,0
85.6694,,0.799824,0.799824,0.799824,0.000001,0.000000,0.000000,0.000000,0,1,0,1,20.160264,0,0,0,0
85.6905,,0.799824,0.799824,0.799824,0.000001,0.000000,0.000000,0.000000,0,1,0,1,20.075119,0,0,0,0
85.7105,,0.799824,0.799824,0.799824,0.000001,0.000000,0.000000,0.000000,0,1,0,1,20.095899,0,0,0,0
85.7305,,0.799824,0.799824,0.799824,0.000001,0.000000,0.000000,0.000000,0,1,0,1,20.318621,0,0,0,0
85.7505,,0.799824,0.799824,0.799824,0.000001,0.000000,0.000000,0.000000,0,1,0,1,20.075766,0,0,0,0
85.7704,,0.799824,0.799824,0.799824,0.000001,0.000000,0.000000,0.000000,0,1,0,1,20.193259,0,0,0,0
85.7905,,0.799824,0.799824,0.799824,0.000001,0.000000,0.000000,0.000000,0,1,0,1,20.115709,0,0,0,0
85.8104,,0.799824,0.799824,0.799824,0.000001,0.000000,0.000000,0.000000,0,1,0,1,20.078150,0,0,0,0
85.8314,,0.799824,0.799824,0.799824,0.000001,0.000000,0.000000,0.000000,0,1,0,1,20.073100,0,0,0,0
85.8514,,0.799824,0.799824,0.799824,0.000001,0.000000,0.000000,0.000000,0,1,0,1,20.078714,0,0,0,0
85.8717,,0.799824,0.799824,0.799824,0.000001,0.000000,0.000000,0.000000,0,1,0,1,20.127854,0,0,0,0
85.8915,,0.799824,0.799824,0.799824,0.000001,0.000000,0.000000,0.000000,0,1,0,1,20.287648,0,0,0,0
85.9115,,0.799824,0.799824,0.799824,0.000001,0.000000,0.000000,0.000000,0,1,0,1,20.281221,0,0,0,0
85.9316,,0.799824,0.799824,0.799824,0.000001,0.000000,0.000000,0.000000,0,1,0,1,20.191237,0,0,0,0
85.9525,,0.799824,0.799824,0.799824,0.000001,0.000000,0.000000,0.000000,0,1,0,1,20.243851,0,0,0,0
85.9726,,0.799824,0.799824,0.799824,0.000001,0.000000,0.000000,0.000000,0,1,0,1,20.345842,0,0,0,0
85.9926,,0.799824,0.799824,0.799824,0.000001,0.000000,0.000000,0.000000,0,1,0,1,20.242630,0,0,0,0
86.0126,,0.799824,0.799824,0.799824,0.000001,0.000000,0.000000,0.000000,0,1,0,1,20.135919,0,0,0,0
86.0334,,0.799824,0.799824,0.799824,0.000001,0.000000,0.000000,0.000000,0,1,0,1,20.077145,0,0,0,0
86.0534,,0.799824,0.799824,0.799824,0.000001,0.000000,0.000000,0.000000,0,1,0,1,20.109162,0,0,0,0
86.0735,,0.799824,0.799824,0.799824,0.000001,0.000000,0.000000,0.000000,0,1,0,1,20.190543,0,0,0,0
86.0935,,0.799824,0.799824,0.799824,0.000001,0.000000,0.000000,0.000000,0,1,0,1,20.106095,0,0,0,0
86.1135,,0.799824,0.799824,0.799824,0.000001,0.000000,0.000000,0.000000,0,1,0,1,20.085346,0,0,0,0
86.1334,,0.799824,0.799824,0.799824,0.000001,0.000000,0.000000,0.000000,0,1,0,1,20.099232,0,0,0,0
86.1534,,0.799824,0.799824,0.799824,0.000001,0.000000,0.000000,0.000000,0,1,0,1,20.099539,0,0,0,0
86.1735,,0.799824,0.799824,0.799824,0.000001,0.000000,0.000000,0.000000,0,1,0,1,20.109344,0,0,0,0
86.1937,,0.799824,0.799824,0.799824,0.000001,0.000000,0.000000,0.000000,0,1,0,1,20.129891,0,0,0,0
86.2147,,0.799824,0.799824,0.799824,0.000001,0.000000,0.000000,0.000000,0,1,0,1,20.229214,0,0,0,0
86.2345,,0.799824,0.799824,0.799824,0.000001,0.000000,0.000000,0.000000,0,1,0,1,20.067791,0,0,0,0
86.2545,,0.799824,0.799824,0.799824,0.000001,0.000000,0.000000,0.000000,0,1,0,1,20.077527,0,0,0,0
86.2744,,0.799824,0.799824,0.799824,0.000001,0.000000,0.000000,0.000000,0,1,0,1,20.244673,0,0,0,0
86.2946,,0.799824,0.799824,0.799824,0.000001,0.000000,0.000000,0.000000,0,1,0,1,20.097408,0,0,0,0
86.3144,,0.799824,0.799824,0.799824,0.000001,0.000000,0.000000,0.000000,0,1,0,1,20.097527,0,0,0,0
86.3355,,0.799824,0.799824,0.799824,0.000001,0.000000,0.000000,0.000000,0,1,0,1,20.058694,0,0,0,0
86.3556,,0.799824,0.799824,0.799824,0.000001,0.000000,0.000000,0.000000,0,1,0,1,20.212712,0,0,0,0
86.3755,,0.799824,0.799824,0.799824,0.000001,0.000000,0.000000,0.000000,0,1,0,1,20.051637,0,0,0,0
86.3954,,0.799824,0.799824,0.799824,0.000001,0.000000,0.000000,0.000000,0,1,0,1,20.256041,0,0,0,0
86.4154,,0.799824,0.799824,0.799824,0.000001,0.000000,0.000000,0.000000,0,1,0,1,20.085611,0,0,0,0
86.4355,,0.799824,0.799824,0.799824,0.000001,0.000000,0.000000,0.000000,0,1,0,1,20.089464,0,0,0,0
86.4554,,0.799824,0.799824,0.799824,0.000001,0.000000,0.000000,0.000000,0,1,0,1,20.238296,0,0,0,0
86.4754,,0.799824,0.799824,0.799824,0.000001,0.000000,0.000000,0.000000,0,1,0,1,20.071649,0,0,0,0
86.4955,,0.799824,0.799824,0.799824,0.000001,0.000000,0.000000,0.000000,0,1,0,1,20.080750,0,0,0,0
86.5164,,0.799824,0.799824,0.799824,0.000001,0.000000,0.000000,0.000000,0,1,0,1,20.073565,0,0,0,0
86.5365,,0.799824,0.799824,0.799824,0.000001,0.000000,0.000000,0.000000,0,1,0,1,20.170537,0,0,0,0
86.5564,,0.799824,0.799824,0.799824,0.000001,0.000000,0.000000,0.000000,0,1,0,1,20.289206,0,0,0,0
86.5764,,0.799824,0.799824,0.799824,0.000001,0.000000,0.000000,0.000000,0,1,0,1,20.081634,0,0,0,0
86.5965,,0.799824,0.799824,0.799824,0.000001,0.000000,0.000000,0.000000,0,1,0,1,20.084860,0,0,0,0
86.6164,,0.799824,0.799824,0.799824,0.000001,0.000000,0.000000,0.000000,0,1,0,1,20.076969,0,0,0,0
86.6365,,0.799824,0.799824,0.799824,0.000001,0.000000,0.000000,0.000000,0,1,0,1,20.080021,0,0,0,0
86.6564,,0.799824,0.799824,0.799824,0.000001,0.000000,0.000000,0.000000,0,1,0,1,20.127398,0,0,0,0
86.6778,,0.799824,0.799824,0.799824,0.000001,0.000000,0.000000,0.000000,0,1,0,1,20.124617,0,0,0,0
86.6975,,0.799824,0.799824,0.799824,0.000001,0.000000,0.000000,0.000000,0,1,0,1,20.306605,0,0,0,0
86.7174,,0.799824,0.799824,0.799824,0.000001,0.000000,0.000000,0.000000,0,1,0,1,20.094156,0,0,0,0
86.7378,,0.799824,0.799824,0.799824,0.000001,0.000000,0.000000,0.000000,0,1,0,1,20.091939,0,0,0,0
86.7574,,0.799824,0.799824,0.799824,0.000001,0.000000,0.000000,0.000000,0,1,0,1,20.092627,0,0,0,0
86.7776,,0.799824,0.799824,0.799824,0.000001,0.000000,0.000000,0.000000,0,1,0,1,20.174927,0,0,0,0
86.7985,,0.799824,0.799824,0.799824,0.000001,0.000000,0.000000,0.000000,0,1,0,1,20.248982,0,0,0,0
86.8183,,0.799824,0.799824,0.799824,0.000001,0.000000,0.000000,0.000000,0,1,0,1,20.308533,0,0,0,0
86.8384,,0.799824,0.799824,0.799824,0.000001,0.000000,0.000000,0.000000,0,1,0,1,20.085433,0,0,0,0
86.8583,,0.799824,0.799824,0.799824,0.000001,0.000000,0.000000,0.000000,0,1,0,1,20.071176,0,0,0,0
86.8784,,0.799824,0.799824,0.799824,0.000001,0.000000,0.000000,0.000000,0,1,0,1,20.066471,0,0,0,0
86.8985,,0.799824,0.799824,0.799824,0.000001,0.000000,0.000000,0.000000,0,1,0,1,20.076562,0,0,0,0
86.9184,,0.799824,0.799824,0.799824,0.000001,0.000000,0.000000,0.000000,0,1,0,1,20.069590,0,0,0,0
86.9384,,0.799824,0.799824,0.799824,0.000001,0.000000,0.000000,0.000000,0,1,0,1,20.110113,0,0,0,0
86.9583,,0.799824,0.799824,0.799824,0.000001,0.000000,0.000000,0.000000,0,1,0,1,20.076060,0,0,0,0
86.9783,,0.799824,0.799824,0.799824,0.000001,0.000000,0.000000,0.000000,0,1,0,1,20.068519,0,0,0,0
86.9992,,0.799824,0.799824,0.799824,0.000001,0.000000,0.000000,0.000000,0,1,0,1,20.097478,0,0,0,0
87.0192,,0.799824,0.799824,0.799824,0.000001,0.000000,0.000000,0.000000,0,1,0,1,20.087557,0,0,0,0
87.0393,,0.799824,0.799824,0.799824,0.000001,0.000000,0.000000,0.000000,0,1,0,1,20.096547,0,0,0,0
87.0592,,0.799824,0.799824,0.799824,0.000001,0.000000,0.000000,0.000000,0,1,0,1,20.095874,0,0,0,0
87.0792,,0.799824,0.799824,0.799824,0.000001,0.000000,0.000000,0.000000,0,1,0,1,20.098374,0,0,0,0
87.0992,,0.799824,0.799824,0.799824,0.000001,0.000000,0.000000,0.000000,0,1,0,1,20.074066,0,0,0,0
87.1192,,0.799824,0.799824,0.799824,0.000001,0.000000,0.000000,0.000000,0,1,0,1,20.085261,0,0,0,0
87.1392,,0.799824,0.799824,0.799824,0.000001,0.000000,0.000000,0.000000,0,1,0,1,20.096360,0,0,0,0
87.1593,,0.799824,0.799824,0.799824,0.000001,0.000000,0.000000,0.000000,0,1,0,1,20.106851,0,0,0,0
87.1792,,0.799824,0.799824,0.799824,0.000001,0.000000,0.000000,0.000000,0,1,0,1,20.098441,0,0,0,0
87.1993,,0.799824,0.799824,0.799824,0.000001,0.000000,0.000000,0.000000,0,1,0,1,20.037915,0,0,0,0
87.2203,,0.799824,0.799824,0.799824,0.000001,0.000000,0.000000,0.000000,0,1,0,1,20.078403,0,0,0,0
87.2402,,0.799824,0.799824,0.799824,0.000001,0.000000,0.000000,0.000000,0,1,0,1,20.071698,0,0,0,0
87.2603,,0.799824,0.799824,0.799824,0.000001,0.000000,0.000000,0.000000,0,1,0,1,20.074218,0,0,0,0
87.2804,,0.799824,0.799824,0.799824,0.000001,0.000000,0.000000,0.000000,0,1,0,1,20.105940,0,0,0,0
87.3003,,0.799824,0.799824,0.799824,0.000001,0.000000,0.000000,0.000000,0,1,0,1,20.043186,0,0,0,0
87.3203,,0.799824,0.799824,0.799824,0.000001,0.000000,0.000000,0.000000,0,1,0,1,20.239113,0,0,0,0
87.3403,,0.799824,0.799824,0.799824,0.000001,0.000000,0.000000,0.000000,0,1,0,1,20.108680,0,0,0,0
87.3603,,0.799824,0.799824,0.799824,0.000001,0.000000,0.000000,0.000000,0,1,0,1,20.080242,0,0,0,0
87.3804,,0.799824,0.799824,0.799824,0.000001,0.000000,0.000000,0.000000,0,1,0,1,20.030090,0,0,0,0
87.4004,,0.799824,0.799824,0.799824,0.000001,0.000000,0.000000,0.000000,0,1,0,1,20.069720,0,0,0,0
87.4203,,0.799824,0.799824,0.799824,0.000001,0.000000,0.000000,0.000000,0,1,0,1,20.087040,0,0,0,0
87.4414,,0.799824,0.799824,0.799824,0.000001,0.000000,0.000000,0.000000,0,1,0,1,20.089665,0,0,0,0
87.4614,,0.799824,0.799824,0.799824,0.000001,0.000000,0.000000,0.000000,0,1,0,1,20.076935,0,0,0,0
87.4813,,0.799824,0.799824,0.799824,0.000001,0.000000,0.000000,0.000000,0,1,0,1,20.089974,0,0,0,0
87.5014,,0.799824,0.799824,0.799824,0.000001,0.000000,0.000000,0.000000,0,1,0,1,20.076840,0,0,0,0
87.5216,,0.799824,0.799824,0.799824,0.000001,0.000000,0.000000,0.000000,0,1,0,1,20.102870,0,0,0,0
87.5414,,0.799824,0.799824,0.799824,0.000001,0.000000,0.000000,0.000000,0,1,0,1,20.061559,0,0,0,0
87.5614,,0.799824,0.799824,0.799824,0.000001,0.000000,0.000000,0.000000,0,1,0,1,20.071979,0,0,0,0
87.5814,,0.799824,0.799824,0.799824,0.000001,0.000000,0.000000,0.000000,0,1,0,1,20.072066,0,0,0,0
87.6015,,0.799824,0.799824,0.799824,0.000001,0.000000,0.000000,0.000000,0,1,0,1,20.071413,0,0,0,0
87.6214,,0.799824,0.799824,0.799824,0.000001,0.000000,0.000000,0.000000,0,1,0,1,20.153670,0,0,0,0
87.6424,,0.799824,0.799824,0.799824,0.000001,0.000000,0.000000,0.000000,0,1,0,1,20.214490,0,0,0,0
87.6623,,0.799824,0.799824,0.799824,0.000001,0.000000,0.000000,0.000000,0,1,0,1,20.167138,0,0,0,0
87.6823,,0.799824,0.799824,0.799824,0.000001,0.000000,0.000000,0.000000,0,1,0,1,20.224495,0,0,0,0
87.7025,,0.799824,0.799824,0.799824,0.000001,0.000000,0.000000,0.000000,0,1,0,1,20.176389,0,0,0,0
87.7223,,0.799824,0.799824,0.799824,0.000001,0.000000,0.000000,0.000000,0,1,0,1,20.068642,0,0,0,0
87.7424,,0.799824,0.799824,0.799824,0.000001,0.000000,0.000000,0.000000,0,1,0,1,20.073528,0,0,0,0
87.7624,,0.799824,0.799824,0.799824,0.000001,0.000000,0.000000,0.000000,0,1,0,1,20.168445,0,0,0,0
87.7822,,0.799824,0.799824,0.799824,0.000001,0.000000,0.000000,0.000000,0,1,0,1,20.100653,0,0,0,0
87.8033,,0.799824,0.799824,0.799824,0.000001,0.000000,0.000000,0.000000,0,1,0,1,20.108216,0,0,0,0
87.8234,,0.799824,0.799824,0.799824,0.000001,0.000000,0.000000,0.000000,0,1,0,1,20.213326,0,0,0,0
87.8432,,0.799824,0.799824,0.799824,0.000001,0.000000,0.000000,0.000000,0,1,0,1,20.066530,0,0,0,0
87.8633,,0.799824,0.799824,0.799824,0.000001,0.000000,0.000000,0.000000,0,1,0,1,20.223110,0,0,0,0
87.8832,,0.799824,0.799824,0.799824,0.000001,0.000000,0.000000,0.000000,0,1,0,1,20.228301,0,0,0,0
87.9032,,0.799824,0.799824,0.799824,0.000001,0.000000,0.000000,0.000000,0,1,0,1,20.173568,0,0,0,0
87.9244,,0.799824,0.799824,0.799824,0.000001,0.000000,0.000000,0.000000,0,1,0,1,20.237420,0,0,0,0
87.9443,,0.799824,0.799824,0.799824,0.000001,0.000000,0.000000,0.000000,0,1,0,1,20.111289,0,0,0,0
87.9643,,0.799824,0.799824,0.799824,0.000001,0.000000,0.000000,0.000000,0,1,0,1,20.192558,0,0,0,0
87.9843,,0.799824,0.799824,0.799824,0.000001,0.000000,0.000000,0.000000,0,1,0,1,20.141221,0,0,0,0
88.0044,,0.799824,0.799824,0.799824,0.000001,0.000000,0.000000,0.000000,0,1,0,1,20.177833,0,0,0,0
88.0243,,0.799824,0.799824,0.799824,0.000001,0.000000,0.000000,0.000000,0,1,0,1,20.076471,0,0,0,0
88.0454,,0.799824,0.799824,0.799824,0.000001,0.000000,0.000000,0.000000,0,1,0,1,20.073119,0,0,0,0
88.0655,,0.799824,0.799824,0.799824,0.000001,0.000000,0.000000,0.000000,0,1,0,1,20.071391,0,0,0,0
88.0852,,0.799824,0.799824,0.799824,0.000001,0.000000,0.000000,0.000000,0,1,0,1,20.060420,0,0,0,0
88.1054,,0.799824,0.799824,0.799824,0.000001,0.000000,0.000000,0.000000,0,1,0,1,20.106828,0,0,0,0
88.1253,,0.799824,0.799824,0.799824,0.000001,0.000000,0.000000,0.000000,0,1,0,1,20.103503,0,0,0,0
88.1453,,0.799824,0.799824,0.799824,0.000001,0.000000,0.000000,0.000000,0,1,0,1,20.395682,0,0,0,0
88.1665,,0.799824,0.799824,0.799824,0.000001,0.000000,0.000000,0.000000,0,1,0,1,20.081568,0,0,0,0
88.1864,,0.799824,0.799824,0.799824,0.000001,0.000000,0.000000,0.000000,0,1,0,1,20.459054,0,0,0,0
88.2064,,0.799824,0.799824,0.799824,0.000001,0.000000,0.000000,0.000000,0,1,0,1,20.237160,0,0,0,0
88.2264,,0.799824,0.799824,0.799824,0.000001,0.000000,0.000000,0.000000,0,1,0,1,20.152003,0,0,0,0
88.2462,,0.799824,0.799824,0.799824,0.000001,0.000000,0.000000,0.000000,0,1,0,1,20.079401,0,0,0,0
88.2663,,0.799824,0.799824,0.799824,0.000001,0.000000,0.000000,0.000000,0,1,0,1,20.066322,0,0,0,0
88.2864,,0.799824,0.799824,0.799824,0.000001,0.000000,0.000000,0.000000,0,1,0,1,20.146232,0,0,0,0
88.3074,,0.799824,0.799824,0.799824,0.000001,0.000000,0.000000,0.000000,0,1,0,1,20.103356,0,0,0,0
88.3274,,0.799824,0.799824,0.799824,0.000001,0.000000,0.000000,0.000000,0,1,0,1,20.075545,0,0,0,0
88.3474,,0.799824,0.799824,0.799824,0.000001,0.000000,0.000000,0.000000,0,1,0,1,20.085050,0,0,0,0
88.3674,,0.799824,0.799824,0.799824,0.000001,0.000000,0.000000,0.000000,0,1,0,1,20.075412,0,0,0,0
88.3874,,0.799824,0.799824,0.799824,0.000001,0.000000,0.000000,0.000000,0,1,0,1,20.101994,0,0,0,0
88.4074,,0.799824,0.799824,0.799824,0.000001,0.000000,0.000000,0.000000,0,1,0,1,20.260149,0,0,0,0
88.4276,,0.799824,0.799824,0.799824,0.000001,0.000000,0.000000,0.000000,0,1,0,1,20.167538,0,0,0,0
88.4483,,0.799824,0.799824,0.799824,0.000001,0.000000,0.000000,0.000000,0,1,0,1,20.167855,0,0,0,0
88.4684,,0.799824,0.799824,0.799824,0.000001,0.000000,0.000000,0.000000,0,1,0,1,20.234653,0,0,0,0
88.4884,,0.799824,0.799824,0.799824,0.000001,0.000000,0.000000,0.000000,0,1,0,1,20.308554,0,0,0,0
88.5084,,0.799824,0.799824,0.799824,0.000001,0.000000,0.000000,0.000000,0,1,0,1,20.079191,0,0,0,0
88.5283,,0.799824,0.799824,0.799824,0.000001,0.000000,0.000000,0.000000,0,1,0,1,20.078289,0,0,0,0
88.5483,,0.799824,0.799824,0.799824,0.000001,0.000000,0.000000,0.000000,0,1,0,1,20.076398,0,0,0,0
88.5684,,0.799824,0.799824,0.799824,0.000001,0.000000,0.000000,0.000000,0,1,0,1,20.089457,0,0,0,0
88.5894,,0.799824,0.799824,0.799824,0.000001,0.000000,0.000000,0.000000,0,1,0,1,20.148053,0,0,0,0
88.6093,,0.799824,0.799824,0.799824,0.000001,0.000000,0.000000,0.000000,0,1,0,1,20.208855,0,0,0,0
88.6294,,0.799824,0.799824,0.799824,0.000001,0.000000,0.000000,0.000000,0,1,0,1,20.275865,0,0,0,0
88.6495,,0.799824,0.799824,0.799824,0.000001,0.000000,0.000000,0.000000,0,1,0,1,20.182485,0,0,0,0
88.6692,,0.799824,0.799824,0.799824,0.000001,0.000000,0.000000,0.000000,0,1,0,1,20.104225,0,0,0,0
88.6892,,0.799824,0.799824,0.799824,0.000001,0.000000,0.000000,0.000000,0,1,0,1,20.093911,0,0,0,0
88.7093,,0.799824,0.799824,0.799824,0.000001,0.000000,0.000000,0.000000,0,1,0,1,20.075059,0,0,0,0
88.7303,,0.799824,0.799824,0.799824,0.000001,0.000000,0.000000,0.000000,0,1,0,1,20.075473,0,0,0,0
88.7503,,0.799824,0.799824,0.799824,0.000001,0.000000,0.000000,0.000000,0,1,0,1,20.075387,0,0,0,0
88.7704,,0.799824,0.799824,0.799824,0.000001,0.000000,0.000000,0.000000,0,1,0,1,20.076844,0,0,0,0
88.7902,,0.799824,0.799824,0.799824,0.000001,0.000000,0.000000,0.000000,0,1,0,1,20.201237,0,0,0,0
88.8103,,0.799824,0.799824,0.799824,0.000001,0.000000,0.000000,0.000000,0,1,0,1,20.261282,0,0,0,0
88.8304,,0.799824,0.799824,0.799824,0.000001,0.000000,0.000000,0.000000,0,1,0,1,20.219327,0,0,0,0
88.8514,,0.799824,0.799824,0.799824,0.000001,0.000000,0.000000,0.000000,0,1,0,1,20.202727,0,0,0,0
88.8714,,0.799824,0.799824,0.799824,0.000001,0.000000,0.000000,0.000000,0,1,0,1,20.263451,0,0,0,0
88.8914,,0.799824,0.799824,0.799824,0.000001,0.000000,0.000000,0.000000,0,1,0,1,20.237853,0,0,0,0
88.9112,,0.799824,0.799824,0.799824,0.000001,0.000000,0.000000,0.000000,0,1,0,1,20.201406,0,0,0,0
88.9313,,0.799824,0.799824,0.799824,0.000001,0.000000,0.000000,0.000000,0,1,0,1,20.190515,0,0,0,0
88.9526,,0.799824,0.799824,0.799824,0.000001,0.000000,0.000000,0.000000,0,1,0,1,20.187841,0,0,0,0
88.9724,,0.799824,0.799824,0.799824,0.000001,0.000000,0.000000,0.000000,0,1,0,1,20.111517,0,0,0,0
88.9924,,0.799824,0.799824,0.799824,0.000001,0.000000,0.000000,0.000000,0,1,0,1,20.217535,0,0,0,0
89.0125,,0.799824,0.799824,0.799824,0.000001,0.000000,0.000000,0.000000,0,1,0,1,20.191269,0,0,0,0
89.0324,,0.799824,0.799824,0.799824,0.000001,0.000000,0.000000,0.000000,0,1,0,1,20.290359,0,0,0,0
89.0533,,0.799824,0.799824,0.799824,0.000001,0.000000,0.000000,0.000000,0,1,0,1,20.192843,0,0,0,0
89.0734,,0.799824,0.799824,0.799824,0.000001,0.000000,0.000000,0.000000,0,1,0,1,20.113749,0,0,0,0
89.0933,,0.799824,0.799824,0.799824,0.000001,0.000000,0.000000,0.000000,0,1,0,1,20.260112,0,0,0,0
89.1134,,0.799824,0.799824,0.799824,0.000001,0.000000,0.000000,0.000000,0,1,0,1,20.216287,0,0,0,0
89.1344,,0.799824,0.799824,0.799824,0.000001,0.000000,0.000000,0.000000,0,1,0,1,20.240241,0,0,0,0
89.1543,,0.799824,0.799824,0.799824,0.000001,0.000000,0.000000,0.000000,0,1,0,1,20.195119,0,0,0,0
89.1744,,0.799824,0.799824,0.799824,0.000001,0.000000,0.000000,0.000000,0,1,0,1,20.243824,0,0,0,0
89.1944,,0.799824,0.799824,0.799824,0.000001,0.000000,0.000000,0.000000,0,1,0,1,20.220086,0,0,0,0
89.2144,,0.799824,0.799824,0.799824,0.000001,0.000000,0.000000,0.000000,0,1,0,1,20.226804,0,0,0,0
89.2343,,0.799824,0.799824,0.799824,0.000001,0.000000,0.000000,0.000000,0,1,0,1,20.076682,0,0,0,0
89.2554,,0.799824,0.799824,0.799824,0.000001,0.000000,0.000000,0.000000,0,1,0,1,20.077605,0,0,0,0
89.2754,,0.799824,0.799824,0.799824,0.000001,0.000000,0.000000,0.000000,0,1,0,1,20.114135,0,0,0,0
89.2953,,0.799824,0.799824,0.799824,0.000001,0.000000,0.000000,0.000000,0,1,0,1,20.077660,0,0,0,0
89.3154,,0.799824,0.799824,0.799824,0.000001,0.000000,0.000000,0.000000,0,1,0,1,20.241251,0,0,0,0
89.3354,,0.799824,0.799824,0.799824,0.000001,0.000000,0.000000,0.000000,0,1,0,1,20.263266,0,0,0,0
89.3553,,0.799824,0.799824,0.799824,0.000001,0.000000,0.000000,0.000000,0,1,0,1,20.206920,0,0,0,0
89.3764,,0.799824,0.799824,0.799824,0.000001,0.000000,0.000000,0.000000,0,1,0,1,20.110031,0,0,0,0
89.3964,,0.799824,0.799824,0.799824,0.000001,0.000000,0.000000,0.000000,0,1,0,1,20.238720,0,0,0,0
89.4164,,0.799824,0.799824,0.799824,0.000001,0.000000,0.000000,0.000000,0,1,0,1,20.235178,0,0,0,0
89.4364,,0.799824,0.799824,0.799824,0.000001,0.000000,0.000000,0.000000,0,1,0,1,20.214588,0,0,0,0
89.4574,,0.799824,0.799824,0.799824,0.000001,0.000000,0.000000,0.000000,0,1,0,1,20.297860,0,0,0,0
89.4774,,0.799824,0.799824,0.799824,0.000001,0.000000,0.000000,0.000000,0,1,0,1,20.213348,0,0,0,0
89.4974,,0.799824,0.799824,0.799824,0.000001,0.000000,0.000000,0.000000,0,1,0,1,20.208423,0,0,0,0
89.5174,,0.799824,0.799824,0.799824,0.000001,0.000000,0.000000,0.000000,0,1,0,1,20.275531,0,0,0,0
89.5385,,0.799824,0.799824,0.799824,0.000001,0.000000,0.000000,0.000000,0,1,0,1,20.243546,0,0,0,0
89.5583,,0.799824,0.799824,0.799824,0.000001,0.000000,0.000000,0.000000,0,1,0,1,20.118781,0,0,0,0
89.5783,,0.799824,0.799824,0.799824,0.000001,0.000000,0.000000,0.000000,0,1,0,1,20.201718,0,0,0,0
89.5983,,0.799824,0.799824,0.799824,0.000001,0.000000,0.000000,0.000000,0,1,0,1,20.223689,0,0,0,0
89.6184,,0.799824,0.799824,0.799824,0.000001,0.000000,0.000000,0.000000,0,1,0,1,20.214121,0,0,0,0
89.6383,,0.799824,0.799824,0.799824,0.000001,0.000000,0.000000,0.000000,0,1,0,1,20.072437,0,0,0,0
89.6586,,0.799824,0.799824,0.799824,0.000001,0.000000,0.000000,0.000000,0,1,0,1,20.178577,0,0,0,0
89.6795,,0.799824,0.799824,0.799824,0.000001,0.000000,0.000000,0.000000,0,1,0,1,20.120654,0,0,0,0
89.6994,,0.799824,0.799824,0.799824,0.000001,0.000000,0.000000,0.000000,0,1,0,1,20.191199,0,0,0,0
89.7194,,0.799824,0.799824,0.799824,0.000001,0.000000,0.000000,0.000000,0,1,0,1,20.156540,0,0,0,0
89.7393,,0.799824,0.799824,0.799824,0.000001,0.000000,0.000000,0.000000,0,1,0,1,20.264952,0,0,0,0
89.7594,,0.799824,0.799824,0.799824,0.000001,0.000000,0.000000,0.000000,0,1,0,1,20.255255,0,0,0,0
89.7802,,0.799824,0.799824,0.799824,0.000001,0.000000,0.000000,0.000000,0,1,0,1,20.079339,0,0,0,0
89.8004,,0.799824,0.799824,0.799824,0.000001,0.000000,0.000000,0.000000,0,1,0,1,20.076596,0,0,0,0
89.8203,,0.799824,0.799824,0.799824,0.000001,0.000000,0.000000,0.000000,0,1,0,1,20.078171,0,0,0,0
89.8405,,0.799824,0.799824,0.799824,0.000001,0.000000,0.000000,0.000000,0,1,0,1,20.087525,0,0,0,0
89.8604,,0.799824,0.799824,0.799824,0.000001,0.000000,0.000000,0.000000,0,1,0,1,20.041864,0,0,0,0
89.8805,,0.799824,0.799824,0.799824,0.000001,0.000000,0.000000,0.000000,0,1,0,1,20.131756,0,0,0,0
89.9004,,0.799824,0.799824,0.799824,0.000001,0.000000,0.000000,0.000000,0,1,0,1,20.069895,0,0,0,0
89.9203,,0.799824,0.799824,0.799824,0.000001,0.000000,0.000000,0.000000,0,1,0,1,20.083660,0,0,0,0
89.9405,,0.799824,0.799824,0.799824,0.000001,0.000000,0.000000,0.000000,0,1,0,1,20.090651,0,0,0,0
89.9613,,0.799824,0.799824,0.799824,0.000001,0.000000,0.000000,0.000000,0,1,0,1,20.302874,0,0,0,0
89.9813,,0.799824,0.799824,0.799824,0.000001,0.000000,0.000000,0.000000,0,1,0,1,20.184251,0,0,0,0
90.0014,,0.799824,0.799824,0.799824,0.000001,0.000000,0.000000,0.000000,0,1,0,1,20.362882,0,0,0,0
90.0215,,0.799824,0.799824,0.799824,0.000001,0.000000,0.000000,0.000000,0,1,0,1,20.254626,0,0,0,0
90.0424,,0.799824,0.799824,0.799824,0.000001,0.000000,0.000000,0.000000,0,1,0,1,20.260481,0,0,0,0
90.0624,,0.799824,0.799824,0.799824,0.000001,0.000000,0.000000,0.000000,0,1,0,1,20.311922,0,0,0,0
90.0825,,0.799824,0.799824,0.799824,0.000001,0.000000,0.000000,0.000000,0,1,0,1,20.303429,0,0,0,0
90.1025,,0.799824,0.799824,0.799824,0.000001,0.000000,0.000000,0.000000,0,1,0,1,20.200024,0,0,0,0
90.1235,,0.799824,0.799824,0.799824,0.000001,0.000000,0.000000,0.000000,0,1,0,1,20.200885,0,0,0,0
90.1434,,0.799824,0.799824,0.799824,0.000001,0.000000,0.000000,0.000000,0,1,0,1,20.266670,0,0,0,0
90.1633,,0.799824,0.799824,0.799824,0.000001,0.000000,0.000000,0.000000,0,1,0,1,20.083198,0,0,0,0
90.1834,,0.799824,0.799824,0.799824,0.000001,0.000000,0.000000,0.000000,0,1,0,1,20.148148,0,0,0,0
90.2034,,0.799824,0.799824,0.799824,0.000001,0.000000,0.000000,0.000000,0,1,0,1,20.178773,0,0,0,0
90.2233,,0.799824,0.799824,0.799824,0.000001,0.000000,0.000000,0.000000,0,1,0,1,20.074555,0,0,0,0
90.2443,,0.799824,0.799824,0.799824,0.000001,0.000000,0.000000,0.000000,0,1,0,1,20.172541,0,0,0,0
90.2644,,0.799824,0.799824,0.799824,0.000001,0.000000,0.000000,0.000000,0,1,0,1,20.174700,0,0,0,0
90.2845,,0.799824,0.799824,0.799824,0.000001,0.000000,0.000000,0.000000,0,1,0,1,20.273768,0,0,0,0
90.3042,,0.799824,0.799824,0.799824,0.000001,0.000000,0.000000,0.000000,0,1,0,1,20.109435,0,0,0,0
90.3242,,0.799824,0.799824,0.799824,0.000001,0.000000,0.000000,0.000000,0,1,0,1,20.088884,0,0,0,0
90.3454,,0.799824,0.799824,0.799824,0.000001,0.000000,0.000000,0.000000,0,1,0,1,20.282653,0,0,0,0
90.3654,,0.799824,0.799824,0.799824,0.000001,0.000000,0.000000,0.000000,0,1,0,1,20.408857,0,0,0,0
90.3855,,0.799824,0.799824,0.799824,0.000001,0.000000,0.000000,0.000000,0,1,0,1,20.121431,0,0,0,0
90.4054,,0.799824,0.799824,0.799824,0.000001,0.000000,0.000000,0.000000,0,1,0,1,20.082449,0,0,0,0
90.4254,,0.799824,0.799824,0.799824,0.000001,0.000000,0.000000,0.000000,0,1,0,1,20.224564,0,0,0,0
90.4454,,0.799824,0.799824,0.799824,0.000001,0.000000,0.000000,0.000000,0,1,0,1,20.153043,0,0,0,0
90.4665,,0.799824,0.799824,0.799824,0.000001,0.000000,0.000000,0.000000,0,1,0,1,20.229649,0,0,0,0
90.4864,,0.799824,0.799824,0.799824,0.000001,0.000000,0.000000,0.000000,0,1,0,1,20.207587,0,0,0,0
90.5064,,0.799824,0.799824,0.799824,0.000001,0.000000,0.000000,0.000000,0,1,0,1,20.119675,0,0,0,0
90.5265,,0.799824,0.799824,0.799824,0.000001,0.000000,0.000000,0.000000,0,1,0,1,20.219829,0,0,0,0
90.5475,,0.799824,0.799824,0.799824,0.000001,0.000000,0.000000,0.000000,0,1,0,1,20.277231,0,0,0,0
90.5674,,0.799824,0.799824,0.799824,0.000001,0.000000,0.000000,0.000000,0,1,0,1,20.229660,0,0,0,0
90.5874,,0.799824,0.799824,0.799824,0.000001,0.000000,0.000000,0.000000,0,1,0,1,20.208856,0,0,0,0
90.6073,,0.799824,0.799824,0.799824,0.000001,0.000000,0.000000,0.000000,0,1,0,1,20.076143,0,0,0,0
90.6275,,0.799824,0.799824,0.799824,0.000001,0.000000,0.000000,0.000000,0,1,0,1,20.191139,0,0,0,0
90.6474,,0.799824,0.799824,0.799824,0.000001,0.000000,0.000000,0.000000,0,1,0,1,20.191443,0,0,0,0
90.6684,,0.799824,0.799824,0.799824,0.000001,0.000000,0.000000,0.000000,0,1,0,1,20.177684,0,0,0,0
90.6884,,0.799824,0.799824,0.799824,0.000001,0.000000,0.000000,0.000000,0,1,0,1,20.220995,0,0,0,0
90.7084,,0.799824,0.799824,0.799824,0.000001,0.000000,0.000000,0.000000,0,1,0,1,20.196707,0,0,0,0
90.7285,,0.799824,0.799824,0.799824,0.000001,0.000000,0.000000,0.000000,0,1,0,1,20.210885,0,0,0,0
90.7484,,0.799824,0.799824,0.799824,0.000001,0.000000,0.000000,0.000000,0,1,0,1,20.112586,0,0,0,0
90.7684,,0.799824,0.799824,0.799824,0.000001,0.000000,0.000000,0.000000,0,1,0,1,20.113795,0,0,0,0
90.7895,,0.799824,0.799824,0.799824,0.000001,0.000000,0.000000,0.000000,0,1,0,1,20.191542,0,0,0,0
90.8093,,0.799824,0.799824,0.799824,0.000001,0.000000,0.000000,0.000000,0,1,0,1,20.184427,0,0,0,0
90.8293,,0.799824,0.799824,0.799824,0.000001,0.000000,0.000000,0.000000,0,1,0,1,20.289940,0,0,0,0
90.8494,,0.799824,0.799824,0.799824,0.000001,0.000000,0.000000,0.000000,0,1,0,1,20.207189,0,0,0,0
90.8704,,0.799824,0.799824,0.799824,0.000001,0.000000,0.000000,0.000000,0,1,0,1,20.282968,0,0,0,0
90.8904,,0.799824,0.799824,0.799824,0.000001,0.000000,0.000000,0.000000,0,1,0,1,20.164576,0,0,0,0
90.9105,,0.799824,0.799824,0.799824,0.000001,0.000000,0.000000,0.000000,0,1,0,1,20.194183,0,0,0,0
90.9303,,0.799824,0.799824,0.799824,0.000001,0.000000,0.000000,0.000000,0,1,0,1,20.410625,0,0,0,0
90.9504,,0.799824,0.799824,0.799824,0.000001,0.000000,0.000000,0.000000,0,1,0,1,20.110281,0,0,0,0
90.9714,,0.799824,0.799824,0.799824,0.000001,0.000000,0.000000,0.000000,0,1,0,1,20.271291,0,0,0,0
90.9915,,0.799824,0.799824,0.799824,0.000001,0.000000,0.000000,0.000000,0,1,0,1,20.270530,0,0,0,0
91.0115,,0.799824,0.799824,0.799824,0.000001,0.000000,0.000000,0.000000,0,1,0,1,20.234054,0,0,0,0
91.0325,,0.799824,0.799824,0.799824,0.000001,0.000000,0.000000,0.000000,0,1,0,1,20.247453,0,0,0,0
91.0524,,0.799824,0.799824,0.799824,0.000001,0.000000,0.000000,0.000000,0,1,0,1,20.259303,0,0,0,0
91.0726,,0.799824,0.799824,0.799824,0.000001,0.000000,0.000000,0.000000,0,1,0,1,20.247550,0,0,0,0
91.0926,,0.799824,0.799824,0.799824,0.000001,0.000000,0.000000,0.000000,0,1,0,1,20.176779,0,0,0,0
91.1124,,0.799824,0.799824,0.799824,0.000001,0.000000,0.000000,0.000000,0,1,0,1,20.222975,0,0,0,0
91.1335,,0.799824,0.799824,0.799824,0.000001,0.000000,0.000000,0.000000,0,1,0,1,20.223785,0,0,0,0
91.1535,,0.799824,0.799824,0.799824,0.000001,0.000000,0.000000,0.000000,0,1,0,1,20.131197,0,0,0,0
91.1735,,0.799824,0.799824,0.799824,0.000001,0.000000,0.000000,0.000000,0,1,0,1,20.245223,0,0,0,0
91.1935,,0.799824,0.799824,0.799824,0.000001,0.000000,0.000000,0.000000,0,1,0,1,20.220538,0,0,0,0
91.2134,,0.799824,0.799824,0.799824,0.000001,0.000000,0.000000,0.000000,0,1,0,1,20.095142,0,0,0,0
91.2345,,0.799824,0.799824,0.799824,0.000001,0.000000,0.000000,0.000000,0,1,0,1,20.256192,0,0,0,0
91.2542,,0.799824,0.799824,0.799824,0.000001,0.000000,0.000000,0.000000,0,1,0,1,20.078464,0,0,0,0
91.2744,,0.799824,0.799824,0.799824,0.000001,0.000000,0.000000,0.000000,0,1,0,1,20.084958,0,0,0,0
91.2944,,0.799824,0.799824,0.799824,0.000001,0.000000,0.000000,0.000000,0,1,0,1,20.091864,0,0,0,0
91.3143,,0.799824,0.799824,0.799824,0.000001,0.000000,0.000000,0.000000,0,1,0,1,20.091457,0,0,0,0
91.3343,,0.799824,0.799824,0.799824,0.000001,0.000000,0.000000,0.000000,0,1,0,1,20.113206,0,0,0,0
91.3547,,0.799824,0.799824,0.799824,0.000001,0.000000,0.000000,0.000000,0,1,0,1,20.108983,0,0,0,0
91.3743,,0.799824,0.799824,0.799824,0.000001,0.000000,0.000000,0.000000,0,1,0,1,20.073815,0,0,0,0
91.3942,,0.799824,0.799824,0.799824,0.000001,0.000000,0.000000,0.000000,0,1,0,1,20.078103,0,0,0,0
91.4143,,0.799824,0.799824,0.799824,0.000001,0.000000,0.000000,0.000000,0,1,0,1,20.091661,0,0,0,0
91.4354,,0.799824,0.799824,0.799824,0.000001,0.000000,0.000000,0.000000,0,1,0,1,20.129514,0,0,0,0
91.4555,,0.799824,0.799824,0.799824,0.000001,0.000000,0.000000,0.000000,0,1,0,1,20.293505,0,0,0,0
91.4755,,0.799824,0.799824,0.799824,0.000001,0.000000,0.000000,0.000000,0,1,0,1,20.253576,0,0,0,0
91.4955,,0.799824,0.799824,0.799824,0.000001,0.000000,0.000000,0.000000,0,1,0,1,20.075864,0,0,0,0
91.5165,,0.799824,0.799824,0.799824,0.000001,0.000000,0.000000,0.000000,0,1,0,1,20.347892,0,0,0,0
91.5364,,0.799824,0.799824,0.799824,0.000001,0.000000,0.000000,0.000000,0,1,0,1,20.246350,0,0,0,0
91.5565,,0.799824,0.799824,0.799824,0.000001,0.000000,0.000000,0.000000,0,1,0,1,20.209079,0,0,0,0
91.5764,,0.799824,0.799824,0.799824,0.000001,0.000000,0.000000,0.000000,0,1,0,1,20.100014,0,0,0,0
91.5964,,0.799824,0.799824,0.799824,0.000001,0.000000,0.000000,0.000000,0,1,0,1,20.173445,0,0,0,0
91.6165,,0.799824,0.799824,0.799824,0.000001,0.000000,0.000000,0.000000,0,1,0,1,20.111001,0,0,0,0
91.6375,,0.799824,0.799824,0.799824,0.000001,0.000000,0.000000,0.000000,0,1,0,1,20.228006,0,0,0,0
91.6574,,0.799824,0.799824,0.799824,0.000001,0.000000,0.000000,0.000000,0,1,0,1,20.138210,0,0,0,0
91.6773,,0.799824,0.799824,0.799824,0.000001,0.000000,0.000000,0.000000,0,1,0,1,20.181275,0,0,0,0
91.6974,,0.799824,0.799824,0.799824,0.000001,0.000000,0.000000,0.000000,0,1,0,1,20.231059,0,0,0,0
91.7174,,0.799824,0.799824,0.799824,0.000001,0.000000,0.000000,0.000000,0,1,0,1,20.193753,0,0,0,0
91.7384,,0.799824,0.799824,0.799824,0.000001,0.000000,0.000000,0.000000,0,1,0,1,20.249189,0,0,0,0
91.7584,,0.799824,0.799824,0.799824,0.000001,0.000000,0.000000,0.000000,0,1,0,1,20.240313,0,0,0,0
91.7784,,0.799824,0.799824,0.799824,0.000001,0.000000,0.000000,0.000000,0,1,0,1,20.246664,0,0,0,0
91.7984,,0.799824,0.799824,0.799824,0.000001,0.000000,0.000000,0.000000,0,1,0,1,20.072792,0,0,0,0
91.8183,,0.799824,0.799824,0.799824,0.000001,0.000000,0.000000,0.000000,0,1,0,1,20.076227,0,0,0,0
91.8384,,0.799824,0.799824,0.799824,0.000001,0.000000,0.000000,0.000000,0,1,0,1,20.109912,0,0,0,0
91.8594,,0.799824,0.799824,0.799824,0.000001,0.000000,0.000000,0.000000,0,1,0,1,20.231754,0,0,0,0
91.8794,,0.799824,0.799824,0.799824,0.000001,0.000000,0.000000,0.000000,0,1,0,1,20.184648,0,0,0,0
91.8994,,0.799824,0.799824,0.799824,0.000001,0.000000,0.000000,0.000000,0,1,0,1,20.329972,0,0,0,0
91.9194,,0.799824,0.799824,0.799824,0.000001,0.000000,0.000000,0.000000,0,1,0,1,20.188432,0,0,0,0
91.9394,,0.799824,0.799824,0.799824,0.000001,0.000000,0.000000,0.000000,0,1,0,1,20.092467,0,0,0,0
91.9594,,0.799824,0.799824,0.799824,0.000001,0.000000,0.000000,0.000000,0,1,0,1,20.138957,0,0,0,0
91.9804,,0.799824,0.799824,0.799824,0.000001,0.000000,0.000000,0.000000,0,1,0,1,20.079049,0,0,0,0
92.0004,,0.799824,0.799824,0.799824,0.000001,0.000000,0.000000,0.000000,0,1,0,1,20.073710,0,0,0,0
92.0204,,0.799824,0.799824,0.799824,0.000001,0.000000,0.000000,0.000000,0,1,0,1,20.113633,0,0,0,0
92.0405,,0.799824,0.799824,0.799824,0.000001,0.000000,0.000000,0.000000,0,1,0,1,20.143191,0,0,0,0
92.0604,,0.799824,0.799824,0.799824,0.000001,0.000000,0.000000,0.000000,0,1,0,1,20.168484,0,0,0,0
92.0803,,0.799824,0.799824,0.799824,0.000001,0.000000,0.000000,0.000000,0,1,0,1,20.082347,0,0,0,0
92.1002,,0.799824,0.799824,0.799824,0.000001,0.000000,0.000000,0.000000,0,1,0,1,20.079525,0,0,0,0
92.1203,,0.799824,0.799824,0.799824,0.000001,0.000000,0.000000,0.000000,0,1,0,1,20.106870,0,0,0,0
92.1415,,0.799824,0.799824,0.799824,0.000001,0.000000,0.000000,0.000000,0,1,0,1,20.347670,0,0,0,0
92.1613,,0.799824,0.799824,0.799824,0.000001,0.000000,0.000000,0.000000,0,1,0,1,20.189119,0,0,0,0
92.1813,,0.799824,0.799824,0.799824,0.000001,0.000000,0.000000,0.000000,0,1,0,1,20.052752,0,0,0,0
92.2015,,0.799824,0.799824,0.799824,0.000001,0.000000,0.000000,0.000000,0,1,0,1,20.154471,0,0,0,0
92.2215,,0.799824,0.799824,0.799824,0.000001,0.000000,0.000000,0.000000,0,1,0,1,20.211993,0,0,0,0
92.2414,,0.799824,0.799824,0.799824,0.000001,0.000000,0.000000,0.000000,0,1,0,1,20.153506,0,0,0,0
92.2625,,0.799824,0.799824,0.799824,0.000001,0.000000,0.000000,0.000000,0,1,0,1,20.108122,0,0,0,0
92.2824,,0.799824,0.799824,0.799824,0.000001,0.000000,0.000000,0.000000,0,1,0,1,20.128633,0,0,0,0
92.3024,,0.799824,0.799824,0.799824,0.000001,0.000000,0.000000,0.000000,0,1,0,1,20.151551,0,0,0,0
92.3227,,0.799824,0.799824,0.799824,0.000001,0.000000,0.000000,0.000000,0,1,0,1,20.304227,0,0,0,0
92.3424,,0.799824,0.799824,0.799824,0.000001,0.000000,0.000000,0.000000,0,1,0,1,20.208605,0,0,0,0
92.3634,,0.799824,0.799824,0.799824,0.000001,0.000000,0.000000,0.000000,0,1,0,1,20.198770,0,0,0,0
92.3835,,0.799824,0.799824,0.799824,0.000001,0.000000,0.000000,0.000000,0,1,0,1,20.240858,0,0,0,0
92.4034,,0.799824,0.799824,0.799824,0.000001,0.000000,0.000000,0.000000,0,1,0,1,20.198596,0,0,0,0
92.4233,,0.799824,0.799824,0.799824,0.000001,0.000000,0.000000,0.000000,0,1,0,1,20.190047,0,0,0,0
92.4434,,0.799824,0.799824,0.799824,0.000001,0.000000,0.000000,0.000000,0,1,0,1,20.192499,0,0,0,0
92.4643,,0.799824,0.799824,0.799824,0.000001,0.000000,0.000000,0.000000,0,1,0,1,20.187532,0,0,0,0
92.4844,,0.799824,0.799824,0.799824,0.000001,0.000000,0.000000,0.000000,0,1,0,1,20.194802,0,0,0,0
92.5044,,0.799824,0.799824,0.799824,0.000001,0.000000,0.000000,0.000000,0,1,0,1,20.119902,0,0,0,0
92.5244,,0.799824,0.799824,0.799824,0.000001,0.000000,0.000000,0.000000,0,1,0,1,20.272983,0,0,0,0
92.5445,,0.799824,0.799824,0.799824,0.000001,0.000000,0.000000,0.000000,0,1,0,1,20.181096,0,0,0,0
92.5654,,0.799824,0.799824,0.799824,0.000001,0.000000,0.000000,0.000000,0,1,0,1,20.294515,0,0,0,0
92.5854,,0.799824,0.799824,0.799824,0.000001,0.000000,0.000000,0.000000,0,1,0,1,20.213599,0,0,0,0
92.6056,,0.799824,0.799824,0.799824,0.000001,0.000000,0.000000,0.000000,0,1,0,1,20.245587,0,0,0,0
92.6254,,0.799824,0.799824,0.799824,0.000001,0.000000,0.000000,0.000000,0,1,0,1,20.187721,0,0,0,0
92.6454,,0.799824,0.799824,0.799824,0.000001,0.000000,0.000000,0.000000,0,1,0,1,20.200305,0,0,0,0
92.6664,,0.799824,0.799824,0.799824,0.000001,0.000000,0.000000,0.000000,0,1,0,1,20.080237,0,0,0,0
92.6864,,0.799824,0.799824,0.799824,0.000001,0.000000,0.000000,0.000000,0,1,0,1,20.179956,0,0,0,0
92.7063,,0.799824,0.799824,0.799824,0.000001,0.000000,0.000000,0.000000,0,1,0,1,20.117132,0,0,0,0
92.7265,,0.799824,0.799824,0.799824,0.000001,0.000000,0.000000,0.000000,0,1,0,1,20.158951,0,0,0,0
92.7463,,0.799824,0.799824,0.799824,0.000001,0.000000,0.000000,0.000000,0,1,0,1,20.089941,0,0,0,0
92.7664,,0.799824,0.799824,0.799824,0.000001,0.000000,0.000000,0.000000,0,1,0,1,20.189568,0,0,0,0
92.7876,,0.799824,0.799824,0.799824,0.000001,0.000000,0.000000,0.000000,0,1,0,1,20.291036,0,0,0,0
92.8074,,0.799824,0.799824,0.799824,0.000001,0.000000,0.000000,0.000000,0,1,0,1,20.151771,0,0,0,0
92.8274,,0.799824,0.799824,0.799824,0.000001,0.000000,0.000000,0.000000,0,1,0,1,20.234145,0,0,0,0
92.8474,,0.799824,0.799824,0.799824,0.000001,0.000000,0.000000,0.000000,0,1,0,1,20.081479,0,0,0,0
92.8672,,0.799824,0.799824,0.799824,0.000001,0.000000,0.000000,0.000000,0,1,0,1,20.195042,0,0,0,0
92.8872,,0.799824,0.799824,0.799824,0.000001,0.000000,0.000000,0.000000,0,1,0,1,20.220151,0,0,0,0
92.9085,,0.799824,0.799824,0.799824,0.000001,0.000000,0.000000,0.000000,0,1,0,1,20.105889,0,0,0,0
92.9284,,0.799824,0.799824,0.799824,0.000001,0.000000,0.000000,0.000000,0,1,0,1,20.128598,0,0,0,0
92.9482,,0.799824,0.799824,0.799824,0.000001,0.000000,0.000000,0.000000,0,1,0,1,20.232593,0,0,0,0
92.9682,,0.799824,0.799824,0.799824,0.000001,0.000000,0.000000,0.000000,0,1,0,1,20.255565,0,0,0,0
92.9882,,0.799824,0.799824,0.799824,0.000001,0.000000,0.000000,0.000000,0,1,0,1,20.077937,0,0,0,0
93.0082,,0.799824,0.799824,0.799824,0.000001,0.000000,0.000000,0.000000,0,1,0,1,20.217736,0,0,0,0
93.0292,,0.799824,0.799824,0.799824,0.000001,0.000000,0.000000,0.000000,0,1,0,1,20.233830,0,0,0,0
93.0493,,0.799824,0.799824,0.799824,0.000001,0.000000,0.000000,0.000000,0,1,0,1,20.254062,0,0,0,0
93.0692,,0.799824,0.799824,0.799824,0.000001,0.000000,0.000000,0.000000,0,1,0,1,20.188713,0,0,0,0
93.0892,,0.799824,0.799824,0.799824,0.000001,0.000000,0.000000,0.000000,0,1,0,1,20.261229,0,0,0,0
93.1091,,0.799824,0.799824,0.799824,0.000001,0.000000,0.000000,0.000000,0,1,0,1,20.067126,0,0,0,0
93.1303,,0.799824,0.799824,0.799824,0.000001,0.000000,0.000000,0.000000,0,1,0,1,20.079080,0,0,0,0
93.1502,,0.799824,0.799824,0.799824,0.000001,0.000000,0.000000,0.000000,0,1,0,1,20.074905,0,0,0,0
93.1702,,0.799824,0.799824,0.799824,0.000001,0.000000,0.000000,0.000000,0,1,0,1,20.112919,0,0,0,0
93.1901,,0.799824,0.799824,0.799824,0.000001,0.000000,0.000000,0.000000,0,1,0,1,20.224575,0,0,0,0
93.2101,,0.799824,0.799824,0.799824,0.000001,0.000000,0.000000,0.000000,0,1,0,1,20.444787,0,0,0,0
93.2312,,0.799824,0.799824,0.799824,0.000001,0.000000,0.000000,0.000000,0,1,0,1,20.258883,0,0,0,0
93.2512,,0.799824,0.799824,0.799824,0.000001,0.000000,0.000000,0.000000,0,1,0,1,20.191720,0,0,0,0
93.2712,,0.799824,0.799824,0.799824,0.000001,0.000000,0.000000,0.000000,0,1,0,1,20.080927,0,0,0,0
93.2913,,0.799824,0.799824,0.799824,0.000001,0.000000,0.000000,0.000000,0,1,0,1,20.287476,0,0,0,0
93.3113,,0.799824,0.799824,0.799824,0.000001,0.000000,0.000000,0.000000,0,1,0,1,20.275176,0,0,0,0
93.3322,,0.799824,0.799824,0.799824,0.000001,0.000000,0.000000,0.000000,0,1,0,1,20.188705,0,0,0,0
93.3523,,0.799824,0.799824,0.799824,0.000001,0.000000,0.000000,0.000000,0,1,0,1,20.281989,0,0,0,0
93.3722,,0.799824,0.799824,0.799824,0.000001,0.000000,0.000000,0.000000,0,1,0,1,20.200939,0,0,0,0
93.3922,,0.799824,0.799824,0.799824,0.000001,0.000000,0.000000,0.000000,0,1,0,1,20.079814,0,0,0,0
93.4121,,0.799824,0.799824,0.799824,0.000001,0.000000,0.000000,0.000000,0,1,0,1,20.085451,0,0,0,0
93.4332,,0.799824,0.799824,0.799824,0.000001,0.000000,0.000000,0.000000,0,1,0,1,20.244436,0,0,0,0
93.4532,,0.799824,0.799824,0.799824,0.000001,0.000000,0.000000,0.000000,0,1,0,1,20.223339,0,0,0,0
93.4732,,0.799824,0.799824,0.799824,0.000001,0.000000,0.000000,0.000000,0,1,0,1,20.272362,0,0,0,0
93.4931,,0.799824,0.799824,0.799824,0.000001,0.000000,0.000000,0.000000,0,1,0,1,20.228733,0,0,0,0
93.5143,,0.799824,0.799824,0.799824,0.000001,0.000000,0.000000,0.000000,0,1,0,1,20.217369,0,0,0,0
93.5342,,0.799824,0.799824,0.799824,0.000001,0.000000,0.000000,0.000000,0,1,0,1,20.266366,0,0,0,0
93.5543,,0.799824,0.799824,0.799824,0.000001,0.000000,0.000000,0.000000,0,1,0,1,20.222909,0,0,0,0
93.5742,,0.799824,0.799824,0.799824,0.000001,0.000000,0.000000,0.000000,0,1,0,1,20.236702,0,0,0,0
93.5943,,0.799824,0.799824,0.799824,0.000001,0.000000,0.000000,0.000000,0,1,0,1,20.133390,0,0,0,0
93.6154,,0.799824,0.799824,0.799824,0.000001,0.000000,0.000000,0.000000,0,1,0,1,20.197129,0,0,0,0
93.6353,,0.799824,0.799824,0.799824,0.000001,0.000000,0.000000,0.000000,0,1,0,1,20.167470,0,0,0,0
93.6554,,0.799824,0.799824,0.799824,0.000001,0.000000,0.000000,0.000000,0,1,0,1,20.233753,0,0,0,0
93.6753,,0.799824,0.799824,0.799824,0.000001,0.000000,0.000000,0.000000,0,1,0,1,20.072350,0,0,0,0
93.6953,,0.799824,0.799824,0.799824,0.000001,0.000000,0.000000,0.000000,0,1,0,1,20.102276,0,0,0,0
93.7153,,0.799824,0.799824,0.799824,0.000001,0.000000,0.000000,0.000000,0,1,0,1,20.072769,0,0,0,0
93.7354,,0.799824,0.799824,0.799824,0.000001,0.000000,0.000000,0.000000,0,1,0,1,20.107507,0,0,0,0
93.7564,,0.799824,0.799824,0.799824,0.000001,0.000000,0.000000,0.000000,0,1,0,1,20.270600,0,0,0,0
93.7764,,0.799824,0.799824,0.799824,0.000001,0.000000,0.000000,0.000000,0,1,0,1,20.285761,0,0,0,0
93.7964,,0.799824,0.799824,0.799824,0.000001,0.000000,0.000000,0.000000,0,1,0,1,20.120285,0,0,0,0
93.8164,,0.799824,0.799824,0.799824,0.000001,0.000000,0.000000,0.000000,0,1,0,1,20.073358,0,0,0,0
93.8363,,0.799824,0.799824,0.799824,0.000001,0.000000,0.000000,0.000000,0,1,0,1,20.069975,0,0,0,0
93.8562,,0.799824,0.799824,0.799824,0.000001,0.000000,0.000000,0.000000,0,1,0,1,20.080030,0,0,0,0
93.8763,,0.799824,0.799824,0.799824,0.000001,0.000000,0.000000,0.000000,0,1,0,1,20.183041,0,0,0,0
93.8974,,0.799824,0.799824,0.799824,0.000001,0.000000,0.000000,0.000000,0,1,0,1,20.177999,0,0,0,0
93.9173,,0.799824,0.799824,0.799824,0.000001,0.000000,0.000000,0.000000,0,1,0,1,20.480550,0,0,0,0
93.9375,,0.799824,0.799824,0.799824,0.000001,0.000000,0.000000,0.000000,0,1,0,1,20.070137,0,0,0,0
93.9573,,0.799824,0.799824,0.799824,0.000001,0.000000,0.000000,0.000000,0,1,0,1,20.161173,0,0,0,0
93.9773,,0.799824,0.799824,0.799824,0.000001,0.000000,0.000000,0.000000,0,1,0,1,20.072886,0,0,0,0
93.9973,,0.799824,0.799824,0.799824,0.000001,0.000000,0.000000,0.000000,0,1,0,1,20.067968,0,0,0,0
94.0183,,0.799824,0.799824,0.799824,0.000001,0.000000,0.000000,0.000000,0,1,0,1,20.082623,0,0,0,0
94.0383,,0.799824,0.799824,0.799824,0.000001,0.000000,0.000000,0.000000,0,1,0,1,20.179661,0,0,0,0
94.0583,,0.799824,0.799824,0.799824,0.000001,0.000000,0.000000,0.000000,0,1,0,1,20.067286,0,0,0,0
94.0783,,0.799824,0.799824,0.799824,0.000001,0.000000,0.000000,0.000000,0,1,0,1,20.081263,0,0,0,0
94.0982,,0.799824,0.799824,0.799824,0.000001,0.000000,0.000000,0.000000,0,1,0,1,20.149113,0,0,0,0
94.1183,,0.799824,0.799824,0.799824,0.000001,0.000000,0.000000,0.000000,0,1,0,1,20.180367,0,0,0,0
94.1384,,0.799824,0.799824,0.799824,0.000001,0.000000,0.000000,0.000000,0,1,0,1,20.070379,0,0,0,0
94.1581,,0.799824,0.799824,0.799824,0.000001,0.000000,0.000000,0.000000,0,1,0,1,20.070873,0,0,0,0
94.1782,,0.799824,0.799824,0.799824,0.000001,0.000000,0.000000,0.000000,0,1,0,1,20.098827,0,0,0,0
94.1991,,0.799824,0.799824,0.799824,0.000001,0.000000,0.000000,0.000000,0,1,0,1,20.109895,0,0,0,0
94.2191,,0.799824,0.799824,0.799824,0.000001,0.000000,0.000000,0.000000,0,1,0,1,20.194603,0,0,0,0
94.2393,,0.799824,0.799824,0.799824,0.000001,0.000000,0.000000,0.000000,0,1,0,1,20.122058,0,0,0,0
94.2593,,0.799824,0.799824,0.799824,0.000001,0.000000,0.000000,0.000000,0,1,0,1,20.170644,0,0,0,0
94.2792,,0.799824,0.799824,0.799824,0.000001,0.000000,0.000000,0.000000,0,1,0,1,20.072805,0,0,0,0
94.2992,,0.799824,0.799824,0.799824,0.000001,0.000000,0.000000,0.000000,0,1,0,1,20.071572,0,0,0,0
94.3192,,0.799824,0.799824,0.799824,0.000001,0.000000,0.000000,0.000000,0,1,0,1,20.178791,0,0,0,0
94.3392,,0.799824,0.799824,0.799824,0.000001,0.000000,0.000000,0.000000,0,1,0,1,20.076946,0,0,0,0
94.3591,,0.799824,0.799824,0.799824,0.000001,0.000000,0.000000,0.000000,0,1,0,1,20.074647,0,0,0,0
94.3802,,0.799824,0.799824,0.799824,0.000001,0.000000,0.000000,0.000000,0,1,0,1,20.075225,0,0,0,0
94.4003,,0.799824,0.799824,0.799824,0.000001,0.000000,0.000000,0.000000,0,1,0,1,20.164515,0,0,0,0
94.4203,,0.799824,0.799824,0.799824,0.000001,0.000000,0.000000,0.000000,0,1,0,1,20.178392,0,0,0,0
94.4402,,0.799824,0.799824,0.799824,0.000001,0.000000,0.000000,0.000000,0,1,0,1,20.156078,0,0,0,0
94.4612,,0.799824,0.799824,0.799824,0.000001,0.000000,0.000000,0.000000,0,1,0,1,20.082914,0,0,0,0
94.4801,,0.799824,0.799824,0.799824,0.000001,0.000000,0.000000,0.000000,0,1,0,1,20.104505,0,0,0,0
94.5013,,0.799824,0.799824,0.799824,0.000001,0.000000,0.000000,0.000000,0,1,0,1,20.225971,0,0,0,0
94.5213,,0.799824,0.799824,0.799824,0.000001,0.000000,0.000000,0.000000,0,1,0,1,20.398283,0,0,0,0
94.5414,,0.799824,0.799824,0.799824,0.000001,0.000000,0.000000,0.000000,0,1,0,1,20.212431,0,0,0,0
94.5614,,0.799824,0.799824,0.799824,0.000001,0.000000,0.000000,0.000000,0,1,0,1,20.175355,0,0,0,0
94.5812,,0.799824,0.799824,0.799824,0.000001,0.000000,0.000000,0.000000,0,1,0,1,20.116136,0,0,0,0
94.6022,,0.799824,0.799824,0.799824,0.000001,0.000000,0.000000,0.000000,0,1,0,1,20.150134,0,0,0,0
94.6222,,0.799824,0.799824,0.799824,0.000001,0.000000,0.000000,0.000000,0,1,0,1,20.205405,0,0,0,0
94.6425,,0.799824,0.799824,0.799824,0.000001,0.000000,0.000000,0.000000,0,1,0,1,20.205574,0,0,0,0
94.6624,,0.799824,0.799824,0.799824,0.000001,0.000000,0.000000,0.000000,0,1,0,1,20.253001,0,0,0,0
94.6824,,0.799824,0.799824,0.799824,0.000001,0.000000,0.000000,0.000000,0,1,0,1,20.094951,0,0,0,0
94.7021,,0.799824,0.799824,0.799824,0.000001,0.000000,0.000000,0.000000,0,1,0,1,20.073596,0,0,0,0
94.7221,,0.799824,0.799824,0.799824,0.000001,0.000000,0.000000,0.000000,0,1,0,1,20.084719,0,0,0,0
94.7431,,0.799824,0.799824,0.799824,0.000001,0.000000,0.000000,0.000000,0,1,0,1,20.161661,0,0,0,0
94.7632,,0.799824,0.799824,0.799824,0.000001,0.000000,0.000000,0.000000,0,1,0,1,20.110637,0,0,0,0
94.7831,,0.799824,0.799824,0.799824,0.000001,0.000000,0.000000,0.000000,0,1,0,1,20.276212,0,0,0,0
94.8032,,0.799824,0.799824,0.799824,0.000001,0.000000,0.000000,0.000000,0,1,0,1,20.304542,0,0,0,0
94.8231,,0.799824,0.799824,0.799824,0.000001,0.000000,0.000000,0.000000,0,1,0,1,20.085468,0,0,0,0
94.8443,,0.799824,0.799824,0.799824,0.000001,0.000000,0.000000,0.000000,0,1,0,1,20.307364,0,0,0,0
94.8642,,0.799824,0.799824,0.799824,0.000001,0.000000,0.000000,0.000000,0,1,0,1,20.254717,0,0,0,0
94.8842,,0.799824,0.799824,0.799824,0.000001,0.000000,0.000000,0.000000,0,1,0,1,20.238491,0,0,0,0
94.9041,,0.799824,0.799824,0.799824,0.000001,0.000000,0.000000,0.000000,0,1,0,1,20.213986,0,0,0,0
94.9252,,0.799824,0.799824,0.799824,0.000001,0.000000,0.000000,0.000000,0,1,0,1,20.074455,0,0,0,0
94.9453,,0.799824,0.799824,0.799824,0.000001,0.000000,0.000000,0.000000,0,1,0,1,20.077764,0,0,0,0
94.9652,,0.799824,0.799824,0.799824,0.000001,0.000000,0.000000,0.000000,0,1,0,1,20.082472,0,0,0,0
94.9853,,0.799824,0.799824,0.799824,0.000001,0.000000,0.000000,0.000000,0,1,0,1,20.159637,0,0,0,0
95.0052,,0.799824,0.799824,0.799824,0.000001,0.000000,0.000000,0.000000,0,1,0,1,20.118542,0,0,0,0
95.0253,,0.799824,0.799824,0.799824,0.000001,0.000000,0.000000,0.000000,0,1,0,1,20.145056,0,0,0,0
95.0453,,0.799824,0.799824,0.799824,0.000001,0.000000,0.000000,0.000000,0,1,0,1,20.075009,0,0,0,0
95.0652,,0.799824,0.799824,0.799824,0.000001,0.000000,0.000000,0.000000,0,1,0,1,20.074203,0,0,0,0
95.0851,,0.799824,0.799824,0.799824,0.000001,0.000000,0.000000,0.000000,0,1,0,1,20.092538,0,0,0,0
95.1051,,0.799824,0.799824,0.799824,0.000001,0.000000,0.000000,0.000000,0,1,0,1,20.110429,0,0,0,0
95.1262,,0.799824,0.799824,0.799824,0.000001,0.000000,0.000000,0.000000,0,1,0,1,20.104706,0,0,0,0
95.1463,,0.799824,0.799824,0.799824,0.000001,0.000000,0.000000,0.000000,0,1,0,1,20.533078,0,0,0,0
95.1662,,0.799824,0.799824,0.799824,0.000001,0.000000,0.000000,0.000000,0,1,0,1,20.073454,0,0,0,0
95.1863,,0.799824,0.799824,0.799824,0.000001,0.000000,0.000000,0.000000,0,1,0,1,20.078750,0,0,0,0
95.2061,,0.799824,0.799824,0.799824,0.000001,0.000000,0.000000,0.000000,0,1,0,1,20.089164,0,0,0,0
95.2262,,0.799824,0.799824,0.799824,0.000001,0.000000,0.000000,0.000000,0,1,0,1,20.116867,0,0,0,0
95.2472,,0.799824,0.799824,0.799824,0.000001,0.000000,0.000000,0.000000,0,1,0,1,20.115277,0,0,0,0
95.2671,,0.799824,0.799824,0.799824,0.000001,0.000000,0.000000,0.000000,0,1,0,1,20.114966,0,0,0,0
95.2873,,0.799824,0.799824,0.799824,0.000001,0.000000,0.000000,0.000000,0,1,0,1,20.090343,0,0,0,0
95.3072,,0.799824,0.799824,0.799824,0.000001,0.000000,0.000000,0.000000,0,1,0,1,20.197162,0,0,0,0
95.3273,,0.799824,0.799824,0.799824,0.000001,0.000000,0.000000,0.000000,0,1,0,1,20.187188,0,0,0,0
95.3473,,0.799824,0.799824,0.799824,0.000001,0.000000,0.000000,0.000000,0,1,0,1,20.218612,0,0,0,0
95.3683,,0.799824,0.799824,0.799824,0.000001,0.000000,0.000000,0.000000,0,1,0,1,20.163936,0,0,0,0
95.3884,,0.799824,0.799824,0.799824,0.000001,0.000000,0.000000,0.000000,0,1,0,1,20.166465,0,0,0,0
95.4083,,0.799824,0.799824,0.799824,0.000001,0.000000,0.000000,0.000000,0,1,0,1,20.189553,0,0,0,0
95.4283,,0.799824,0.799824,0.799824,0.000001,0.000000,0.000000,0.000000,0,1,0,1,20.247597,0,0,0,0
95.4483,,0.799824,0.799824,0.799824,0.000001,0.000000,0.000000,0.000000,0,1,0,1,20.081602,0,0,0,0
95.4682,,0.799824,0.799824,0.799824,0.000001,0.000000,0.000000,0.000000,0,1,0,1,20.080517,0,0,0,0
95.4892,,0.799824,0.799824,0.799824,0.000001,0.000000,0.000000,0.000000,0,1,0,1,20.213352,0,0,0,0
95.5094,,0.799824,0.799824,0.799824,0.000001,0.000000,0.000000,0.000000,0,1,0,1,20.239128,0,0,0,0
95.5292,,0.799824,0.799824,0.799824,0.000001,0.000000,0.000000,0.000000,0,1,0,1,20.203442,0,0,0,0
95.5492,,0.799824,0.799824,0.799824,0.000001,0.000000,0.000000,0.000000,0,1,0,1,20.228748,0,0,0,0
95.5693,,0.799824,0.799824,0.799824,0.000001,0.000000,0.000000,0.000000,0,1,0,1,20.210836,0,0,0,0
95.5903,,0.799824,0.799824,0.799824,0.000001,0.000000,0.000000,0.000000,0,1,0,1,20.236661,0,0,0,0
95.6102,,0.799824,0.799824,0.799824,0.000001,0.000000,0.000000,0.000000,0,1,0,1,20.146086,0,0,0,0
95.6302,,0.799824,0.799824,0.799824,0.000001,0.000000,0.000000,0.000000,0,1,0,1,20.199509,0,0,0,0
95.6502,,0.799824,0.799824,0.799824,0.000001,0.000000,0.000000,0.000000,0,1,0,1,20.442175,0,0,0,0
95.6714,,0.799824,0.799824,0.799824,0.000001,0.000000,0.000000,0.000000,0,1,0,1,20.213655,0,0,0,0
95.6913,,0.799824,0.799824,0.799824,0.000001,0.000000,0.000000,0.000000,0,1,0,1,20.197598,0,0,0,0
95.7113,,0.799824,0.799824,0.799824,0.000001,0.000000,0.000000,0.000000,0,1,0,1,20.278259,0,0,0,0
95.7314,,0.799824,0.799824,0.799824,0.000001,0.000000,0.000000,0.000000,0,1,0,1,20.218784,0,0,0,0
95.7513,,0.799824,0.799824,0.799824,0.000001,0.000000,0.000000,0.000000,0,1,0,1,20.115403,0,0,0,0
95.7725,,0.799824,0.799824,0.799824,0.000001,0.000000,0.000000,0.000000,0,1,0,1,20.264824,0,0,0,0
95.7923,,0.799824,0.799824,0.799824,0.000001,0.000000,0.000000,0.000000,0,1,0,1,20.239236,0,0,0,0
95.8125,,0.799824,0.799824,0.799824,0.000001,0.000000,0.000000,0.000000,0,1,0,1,20.245619,0,0,0,0
95.8324,,0.799824,0.799824,0.799824,0.000001,0.000000,0.000000,0.000000,0,1,0,1,20.194030,0,0,0,0
95.8534,,0.799824,0.799824,0.799824,0.000001,0.000000,0.000000,0.000000,0,1,0,1,20.114922,0,0,0,0
95.8733,,0.799824,0.799824,0.799824,0.000001,0.000000,0.000000,0.000000,0,1,0,1,20.257932,0,0,0,0
95.8934,,0.799824,0.799824,0.799824,0.000001,0.000000,0.000000,0.000000,0,1,0,1,20.271830,0,0,0,0
95.9133,,0.799824,0.799824,0.799824,0.000001,0.000000,0.000000,0.000000,0,1,0,1,20.185287,0,0,0,0
95.9333,,0.799824,0.799824,0.799824,0.000001,0.000000,0.000000,0.000000,0,1,0,1,20.079480,0,0,0,0
95.9544,,0.799824,0.799824,0.799824,0.000001,0.000000,0.000000,0.000000,0,1,0,1,20.270078,0,0,0,0
95.9743,,0.799824,0.799824,0.799824,0.000001,0.000000,0.000000,0.000000,0,1,0,1,20.264314,0,0,0,0
95.9943,,0.799824,0.799824,0.799824,0.000001,0.000000,0.000000,0.000000,0,1,0,1,20.234535,0,0,0,0
96.0143,,0.799824,0.799824,0.799824,0.000001,0.000000,0.000000,0.000000,0,1,0,1,20.245676,0,0,0,0
96.0344,,0.799824,0.799824,0.799824,0.000001,0.000000,0.000000,0.000000,0,1,0,1,20.168065,0,0,0,0
96.0552,,0.799824,0.799824,0.799824,0.000001,0.000000,0.000000,0.000000,0,1,0,1,20.163855,0,0,0,0
96.0753,,0.799824,0.799824,0.799824,0.000001,0.000000,0.000000,0.000000,0,1,0,1,20.203857,0,0,0,0
96.0954,,0.799824,0.799824,0.799824,0.000001,0.000000,0.000000,0.000000,0,1,0,1,20.264591,0,0,0,0
96.1154,,0.799824,0.799824,0.799824,0.000001,0.000000,0.000000,0.000000,0,1,0,1,20.201770,0,0,0,0
96.1363,,0.799824,0.799824,0.799824,0.000001,0.000000,0.000000,0.000000,0,1,0,1,20.230157,0,0,0,0
96.1564,,0.799824,0.799824,0.799824,0.000001,0.000000,0.000000,0.000000,0,1,0,1,20.197436,0,0,0,0
96.1764,,0.799824,0.799824,0.799824,0.000001,0.000000,0.000000,0.000000,0,1,0,1,20.263236,0,0,0,0
96.1964,,0.799824,0.799824,0.799824,0.000001,0.000000,0.000000,0.000000,0,1,0,1,20.221422,0,0,0,0
96.2162,,0.799824,0.799824,0.799824,0.000001,0.000000,0.000000,0.000000,0,1,0,1,20.179195,0,0,0,0
96.2374,,0.799824,0.799824,0.799824,0.000001,0.000000,0.000000,0.000000,0,1,0,1,20.193521,0,0,0,0
96.2574,,0.799824,0.799824,0.799824,0.000001,0.000000,0.000000,0.000000,0,1,0,1,20.227714,0,0,0,0
96.2775,,0.799824,0.799824,0.799824,0.000001,0.000000,0.000000,0.000000,0,1,0,1,20.256246,0,0,0,0
96.2974,,0.799824,0.799824,0.799824,0.000001,0.000000,0.000000,0.000000,0,1,0,1,20.202061,0,0,0,0
96.3183,,0.799824,0.799824,0.799824,0.000001,0.000000,0.000000,0.000000,0,1,0,1,20.237719,0,0,0,0
96.3384,,0.799824,0.799824,0.799824,0.000001,0.000000,0.000000,0.000000,0,1,0,1,20.294131,0,0,0,0
96.3585,,0.799824,0.799824,0.799824,0.000001,0.000000,0.000000,0.000000,0,1,0,1,20.341535,0,0,0,0
96.3784,,0.799824,0.799824,0.799824,0.000001,0.000000,0.000000,0.000000,0,1,0,1,20.229948,0,0,0,0
96.3994,,0.799824,0.799824,0.799824,0.000001,0.000000,0.000000,0.000000,0,1,0,1,20.226132,0,0,0,0
96.4193,,0.799824,0.799824,0.799824,0.000001,0.000000,0.000000,0.000000,0,1,0,1,20.252800,0,0,0,0
96.4394,,0.799824,0.799824,0.799824,0.000001,0.000000,0.000000,0.000000,0,1,0,1,20.109547,0,0,0,0
96.4594,,0.799824,0.799824,0.799824,0.000001,0.000000,0.000000,0.000000,0,1,0,1,20.103225,0,0,0,0
96.4792,,0.799824,0.799824,0.799824,0.000001,0.000000,0.000000,0.000000,0,1,0,1,20.079142,0,0,0,0
96.4992,,0.799824,0.799824,0.799824,0.000001,0.000000,0.000000,0.000000,0,1,0,1,20.071131,0,0,0,0
96.5194,,0.799824,0.799824,0.799824,0.000001,0.000000,0.000000,0.000000,0,1,0,1,20.209481,0,0,0,0
96.5403,,0.799824,0.799824,0.799824,0.000001,0.000000,0.000000,0.000000,0,1,0,1,20.153183,0,0,0,0
96.5603,,0.799824,0.799824,0.799824,0.000001,0.000000,0.000000,0.000000,0,1,0,1,20.156785,0,0,0,0
96.5804,,0.799824,0.799824,0.799824,0.000001,0.000000,0.000000,0.000000,0,1,0,1,20.174845,0,0,0,0
96.6003,,0.799824,0.799824,0.799824,0.000001,0.000000,0.000000,0.000000,0,1,0,1,20.126647,0,0,0,0
96.6203,,0.799824,0.799824,0.799824,0.000001,0.000000,0.000000,0.000000,0,1,0,1,20.067905,0,0,0,0
96.6412,,0.799824,0.799824,0.799824,0.000001,0.000000,0.000000,0.000000,0,1,0,1,20.228163,0,0,0,0
96.6602,,0.799824,0.799824,0.799824,0.000001,0.000000,0.000000,0.000000,0,1,0,1,20.109248,0,0,0,0
96.6813,,0.799824,0.799824,0.799824,0.000001,0.000000,0.000000,0.000000,0,1,0,1,20.182220,0,0,0,0
96.7013,,0.799824,0.799824,0.799824,0.000001,0.000000,0.000000,0.000000,0,1,0,1,20.161886,0,0,0,0
96.7213,,0.799824,0.799824,0.799824,0.000001,0.000000,0.000000,0.000000,0,1,0,1,20.149586,0,0,0,0
96.7414,,0.799824,0.799824,0.799824,0.000001,0.000000,0.000000,0.000000,0,1,0,1,20.183521,0,0,0,0
96.7614,,0.799824,0.799824,0.799824,0.000001,0.000000,0.000000,0.000000,0,1,0,1,20.163151,0,0,0,0
96.7814,,0.799824,0.799824,0.799824,0.000001,0.000000,0.000000,0.000000,0,1,0,1,20.110110,0,0,0,0
96.8022,,0.799824,0.799824,0.799824,0.000001,0.000000,0.000000,0.000000,0,1,0,1,20.233213,0,0,0,0
96.8223,,0.799824,0.799824,0.799824,0.000001,0.000000,0.000000,0.000000,0,1,0,1,20.156661,0,0,0,0
96.8424,,0.799824,0.799824,0.799824,0.000001,0.000000,0.000000,0.000000,0,1,0,1,20.208309,0,0,0,0
96.8624,,0.799824,0.799824,0.799824,0.000001,0.000000,0.000000,0.000000,0,1,0,1,20.116169,0,0,0,0
96.8825,,0.799824,0.799824,0.799824,0.000001,0.000000,0.000000,0.000000,0,1,0,1,20.187577,0,0,0,0
96.9033,,0.799824,0.799824,0.799824,0.000001,0.000000,0.000000,0.000000,0,1,0,1,20.190807,0,0,0,0
96.9233,,0.799824,0.799824,0.799824,0.000001,0.000000,0.000000,0.000000,0,1,0,1,20.209422,0,0,0,0
96.9434,,0.799824,0.799824,0.799824,0.000001,0.000000,0.000000,0.000000,0,1,0,1,20.234882,0,0,0,0
96.9631,,0.799824,0.799824,0.799824,0.000001,0.000000,0.000000,0.000000,0,1,0,1,20.133693,0,0,0,0
96.9832,,0.799824,0.799824,0.799824,0.000001,0.000000,0.000000,0.000000,0,1,0,1,20.076138,0,0,0,0
97.0031,,0.799824,0.799824,0.799824,0.000001,0.000000,0.000000,0.000000,0,1,0,1,20.210398,0,0,0,0
97.0243,,0.799824,0.799824,0.799824,0.000001,0.000000,0.000000,0.000000,0,1,0,1,20.188549,0,0,0,0
97.0442,,0.799824,0.799824,0.799824,0.000001,0.000000,0.000000,0.000000,0,1,0,1,20.073246,0,0,0,0
97.0643,,0.799824,0.799824,0.799824,0.000001,0.000000,0.000000,0.000000,0,1,0,1,20.122409,0,0,0,0
97.0843,,0.799824,0.799824,0.799824,0.000001,0.000000,0.000000,0.000000,0,1,0,1,20.231508,0,0,0,0
97.1043,,0.799824,0.799824,0.799824,0.000001,0.000000,0.000000,0.000000,0,1,0,1,20.079663,0,0,0,0
97.1242,,0.799824,0.799824,0.799824,0.000001,0.000000,0.000000,0.000000,0,1,0,1,20.075607,0,0,0,0
97.1443,,0.799824,0.799824,0.799824,0.000001,0.000000,0.000000,0.000000,0,1,0,1,20.226818,0,0,0,0
97.1652,,0.799824,0.799824,0.799824,0.000001,0.000000,0.000000,0.000000,0,1,0,1,20.229302,0,0,0,0
97.1853,,0.799824,0.799824,0.799824,0.000001,0.000000,0.000000,0.000000,0,1,0,1,20.185593,0,0,0,0
97.2053,,0.799824,0.799824,0.799824,0.000001,0.000000,0.000000,0.000000,0,1,0,1,20.154640,0,0,0,0
97.2254,,0.799824,0.799824,0.799824,0.000001,0.000000,0.000000,0.000000,0,1,0,1,20.221144,0,0,0,0
97.2453,,0.799824,0.799824,0.799824,0.000001,0.000000,0.000000,0.000000,0,1,0,1,20.073867,0,0,0,0
97.2663,,0.799824,0.799824,0.799824,0.000001,0.000000,0.000000,0.000000,0,1,0,1,20.241141,0,0,0,0
97.2862,,0.799824,0.799824,0.799824,0.000001,0.000000,0.000000,0.000000,0,1,0,1,20.229966,0,0,0,0
97.3063,,0.799824,0.799824,0.799824,0.000001,0.000000,0.000000,0.000000,0,1,0,1,20.142040,0,0,0,0
97.3263,,0.799824,0.799824,0.799824,0.000001,0.000000,0.000000,0.000000,0,1,0,1,20.316168,0,0,0,0
97.3474,,0.799824,0.799824,0.799824,0.000001,0.000000,0.000000,0.000000,0,1,0,1,20.397389,0,0,0,0
97.3675,,0.799824,0.799824,0.799824,0.000001,0.000000,0.000000,0.000000,0,1,0,1,20.165943,0,0,0,0
97.3873,,0.799824,0.799824,0.799824,0.000001,0.000000,0.000000,0.000000,0,1,0,1,20.094264,0,0,0,0
97.4072,,0.799824,0.799824,0.799824,0.000001,0.000000,0.000000,0.000000,0,1,0,1,20.089415,0,0,0,0
97.4273,,0.799824,0.799824,0.799824,0.000001,0.000000,0.000000,0.000000,0,1,0,1,20.148977,0,0,0,0
97.4473,,0.799824,0.799824,0.799824,0.000001,0.000000,0.000000,0.000000,0,1,0,1,20.068910,0,0,0,0
97.4671,,0.799824,0.799824,0.799824,0.000001,0.000000,0.000000,0.000000,0,1,0,1,20.063386,0,0,0,0
97.4874,,0.799824,0.799824,0.799824,0.000001,0.000000,0.000000,0.000000,0,1,0,1,20.060876,0,0,0,0
97.5073,,0.799824,0.799824,0.799824,0.000001,0.000000,0.000000,0.000000,0,1,0,1,20.065410,0,0,0,0
97.5272,,0.799824,0.799824,0.799824,0.000001,0.000000,0.000000,0.000000,0,1,0,1,20.071930,0,0,0,0
97.5473,,0.799824,0.799824,0.799824,0.000001,0.000000,0.000000,0.000000,0,1,0,1,20.097965,0,0,0,0
97.5682,,0.799824,0.799824,0.799824,0.000001,0.000000,0.000000,0.000000,0,1,0,1,20.108101,0,0,0,0
97.5881,,0.799824,0.799824,0.799824,0.000001,0.000000,0.000000,0.000000,0,1,0,1,20.222332,0,0,0,0
97.6083,,0.799824,0.799824,0.799824,0.000001,0.000000,0.000000,0.000000,0,1,0,1,20.235365,0,0,0,0
97.6282,,0.799824,0.799824,0.799824,0.000001,0.000000,0.000000,0.000000,0,1,0,1,20.115967,0,0,0,0
97.6481,,0.799824,0.799824,0.799824,0.000001,0.000000,0.000000,0.000000,0,1,0,1,20.240767,0,0,0,0
97.6692,,0.799824,0.799824,0.799824,0.000001,0.000000,0.000000,0.000000,0,1,0,1,20.228621,0,0,0,0
97.6892,,0.799824,0.799824,0.799824,0.000001,0.000000,0.000000,0.000000,0,1,0,1,20.236063,0,0,0,0
97.7092,,0.799824,0.799824,0.799824,0.000001,0.000000,0.000000,0.000000,0,1,0,1,20.266998,0,0,0,0
97.7291,,0.799824,0.799824,0.799824,0.000001,0.000000,0.000000,0.000000,0,1,0,1,20.217478,0,0,0,0
97.7491,,0.799824,0.799824,0.799824,0.000001,0.000000,0.000000,0.000000,0,1,0,1,20.073034,0,0,0,0
97.7702,,0.799824,0.799824,0.799824,0.000001,0.000000,0.000000,0.000000,0,1,0,1,20.083468,0,0,0,0
97.7902,,0.799824,0.799824,0.799824,0.000001,0.000000,0.000000,0.000000,0,1,0,1,20.076754,0,0,0,0
97.8102,,0.799824,0.799824,0.799824,0.000001,0.000000,0.000000,0.000000,0,1,0,1,20.115168,0,0,0,0
97.8303,,0.799824,0.799824,0.799824,0.000001,0.000000,0.000000,0.000000,0,1,0,1,20.330815,0,0,0,0
97.8502,,0.799824,0.799824,0.799824,0.000001,0.000000,0.000000,0.000000,0,1,0,1,20.194990,0,0,0,0
97.8703,,0.799824,0.799824,0.799824,0.000001,0.000000,0.000000,0.000000,0,1,0,1,20.200203,0,0,0,0
97.8911,,0.799824,0.799824,0.799824,0.000001,0.000000,0.000000,0.000000,0,1,0,1,20.158547,0,0,0,0
97.9112,,0.799824,0.799824,0.799824,0.000001,0.000000,0.000000,0.000000,0,1,0,1,20.175725,0,0,0,0
97.9312,,0.799824,0.799824,0.799824,0.000001,0.000000,0.000000,0.000000,0,1,0,1,20.215236,0,0,0,0
97.9513,,0.799824,0.799824,0.799824,0.000001,0.000000,0.000000,0.000000,0,1,0,1,20.037316,0,0,0,0
97.9712,,0.799824,0.799824,0.799824,0.000001,0.000000,0.000000,0.000000,0,1,0,1,20.186051,0,0,0,0
97.9912,,0.799824,0.799824,0.799824,0.000001,0.000000,0.000000,0.000000,0,1,0,1,20.076240,0,0,0,0
98.0112,,0.799824,0.799824,0.799824,0.000001,0.000000,0.000000,0.000000,0,1,0,1,20.195334,0,0,0,0
98.0322,,0.799824,0.799824,0.799824,0.000001,0.000000,0.000000,0.000000,0,1,0,1,20.210407,0,0,0,0
98.0521,,0.799824,0.799824,0.799824,0.000001,0.000000,0.000000,0.000000,0,1,0,1,20.182699,0,0,0,0
98.0722,,0.799824,0.799824,0.799824,0.000001,0.000000,0.000000,0.000000,0,1,0,1,20.206439,0,0,0,0
98.0922,,0.799824,0.799824,0.799824,0.000001,0.000000,0.000000,0.000000,0,1,0,1,20.242607,0,0,0,0
98.1132,,0.799824,0.799824,0.799824,0.000001,0.000000,0.000000,0.000000,0,1,0,1,20.202963,0,0,0,0
98.1332,,0.799824,0.799824,0.799824,0.000001,0.000000,0.000000,0.000000,0,1,0,1,20.116393,0,0,0,0
98.1534,,0.799824,0.799824,0.799824,0.000001,0.000000,0.000000,0.000000,0,1,0,1,20.200458,0,0,0,0
98.1733,,0.799824,0.799824,0.799824,0.000001,0.000000,0.000000,0.000000,0,1,0,1,20.284996,0,0,0,0
98.1933,,0.799824,0.799824,0.799824,0.000001,0.000000,0.000000,0.000000,0,1,0,1,20.270443,0,0,0,0
98.2143,,0.799824,0.799824,0.799824,0.000001,0.000000,0.000000,0.000000,0,1,0,1,20.301883,0,0,0,0
98.2343,,0.799824,0.799824,0.799824,0.000001,0.000000,0.000000,0.000000,0,1,0,1,20.099576,0,0,0,0
98.2541,,0.799824,0.799824,0.799824,0.000001,0.000000,0.000000,0.000000,0,1,0,1,20.229368,0,0,0,0
98.2742,,0.799824,0.799824,0.799824,0.000001,0.000000,0.000000,0.000000,0,1,0,1,20.204509,0,0,0,0
98.2943,,0.799824,0.799824,0.799824,0.000001,0.000000,0.000000,0.000000,0,1,0,1,20.251943,0,0,0,0
98.3153,,0.799824,0.799824,0.799824,0.000001,0.000000,0.000000,0.000000,0,1,0,1,20.121047,0,0,0,0
98.3352,,0.799824,0.799824,0.799824,0.000001,0.000000,0.000000,0.000000,0,1,0,1,20.148059,0,0,0,0
98.3553,,0.799824,0.799824,0.799824,0.000001,0.000000,0.000000,0.000000,0,1,0,1,20.128993,0,0,0,0
98.3753,,0.799824,0.799824,0.799824,0.000001,0.000000,0.000000,0.000000,0,1,0,1,20.238693,0,0,0,0
98.3954,,0.799824,0.799824,0.799824,0.000001,0.000000,0.000000,0.000000,0,1,0,1,20.241857,0,0,0,0
98.4154,,0.799824,0.799824,0.799824,0.000001,0.000000,0.000000,0.000000,0,1,0,1,20.081119,0,0,0,0
98.4362,,0.799824,0.799824,0.799824,0.000001,0.000000,0.000000,0.000000,0,1,0,1,20.108259,0,0,0,0
98.4562,,0.799824,0.799824,0.799824,0.000001,0.000000,0.000000,0.000000,0,1,0,1,20.162248,0,0,0,0
98.4762,,0.799824,0.799824,0.799824,0.000001,0.000000,0.000000,0.000000,0,1,0,1,20.074099,0,0,0,0
98.4963,,0.799824,0.799824,0.799824,0.000001,0.000000,0.000000,0.000000,0,1,0,1,20.174033,0,0,0,0
98.5162,,0.799824,0.799824,0.799824,0.000001,0.000000,0.000000,0.000000,0,1,0,1,20.109948,0,0,0,0
98.5362,,0.799824,0.799824,0.799824,0.000001,0.000000,0.000000,0.000000,0,1,0,1,20.267169,0,0,0,0
98.5572,,0.799824,0.799824,0.799824,0.000001,0.000000,0.000000,0.000000,0,1,0,1,20.196407,0,0,0,0
98.5773,,0.799824,0.799824,0.799824,0.000001,0.000000,0.000000,0.000000,0,1,0,1,20.198466,0,0,0,0
98.5976,,0.799824,0.799824,0.799824,0.000001,0.000000,0.000000,0.000000,0,1,0,1,20.255384,0,0,0,0
98.6172,,0.799824,0.799824,0.799824,0.000001,0.000000,0.000000,0.000000,0,1,0,1,20.216607,0,0,0,0
98.6382,,0.799824,0.799824,0.799824,0.000001,0.000000,0.000000,0.000000,0,1,0,1,20.260453,0,0,0,0
98.6583,,0.799824,0.799824,0.799824,0.000001,0.000000,0.000000,0.000000,0,1,0,1,20.189733,0,0,0,0
98.6781,,0.799824,0.799824,0.799824,0.000001,0.000000,0.000000,0.000000,0,1,0,1,20.074171,0,0,0,0
98.6982,,0.799824,0.799824,0.799824,0.000001,0.000000,0.000000,0.000000,0,1,0,1,20.181255,0,0,0,0
98.7182,,0.799824,0.799824,0.799824,0.000001,0.000000,0.000000,0.000000,0,1,0,1,20.232936,0,0,0,0
98.7385,,0.799824,0.799824,0.799824,0.000001,0.000000,0.000000,0.000000,0,1,0,1,20.073957,0,0,0,0
98.7584,,0.799824,0.799824,0.799824,0.000001,0.000000,0.000000,0.000000,0,1,0,1,20.070848,0,0,0,0
98.7784,,0.799824,0.799824,0.799824,0.000001,0.000000,0.000000,0.000000,0,1,0,1,20.110867,0,0,0,0
98.7993,,0.799824,0.799824,0.799824,0.000001,0.000000,0.000000,0.000000,0,1,0,1,20.266356,0,0,0,0
98.8194,,0.799824,0.799824,0.799824,0.000001,0.000000,0.000000,0.000000,0,1,0,1,20.181176,0,0,0,0
98.8392,,0.799824,0.799824,0.799824,0.000001,0.000000,0.000000,0.000000,0,1,0,1,20.172926,0,0,0,0
98.8594,,0.799824,0.799824,0.799824,0.000001,0.000000,0.000000,0.000000,0,1,0,1,20.070031,0,0,0,0
98.8792,,0.799824,0.799824,0.799824,0.000001,0.000000,0.000000,0.000000,0,1,0,1,20.082634,0,0,0,0
98.8993,,0.799824,0.799824,0.799824,0.000001,0.000000,0.000000,0.000000,0,1,0,1,20.072168,0,0,0,0
98.9191,,0.799824,0.799824,0.799824,0.000001,0.000000,0.000000,0.000000,0,1,0,1,20.149593,0,0,0,0
98.9391,,0.799824,0.799824,0.799824,0.000001,0.000000,0.000000,0.000000,0,1,0,1,20.080258,0,0,0,0
98.9601,,0.799824,0.799824,0.799824,0.000001,0.000000,0.000000,0.000000,0,1,0,1,20.041032,0,0,0,0
98.9802,,0.799824,0.799824,0.799824,0.000001,0.000000,0.000000,0.000000,0,1,0,1,20.078012,0,0,0,0
99.0002,,0.799824,0.799824,0.799825,0.000001,0.000000,0.000000,0.000000,0,1,0,1,20.073862,0,0,0,0
99.0203,,0.799824,0.799824,0.799824,0.000001,0.000000,0.000000,0.000000,0,1,0,1,20.311640,0,0,0,0
99.0403,,0.799824,0.799824,0.799824,0.000001,0.000000,0.000000,0.000000,0,1,0,1,20.192311,0,0,0,0
99.0602,,0.799824,0.799824,0.799824,0.000001,0.000000,0.000000,0.000000,0,1,0,1,20.067511,0,0,0,0
99.0813,,0.799824,0.799824,0.799824,0.000001,0.000000,0.000000,0.000000,0,1,0,1,20.462097,0,0,0,0
99.1013,,0.799824,0.799824,0.799824,0.000001,0.000000,0.000000,0.000000,0,1,0,1,20.210817,0,0,0,0
99.1213,,0.799824,0.799824,0.799824,0.000001,0.000000,0.000000,0.000000,0,1,0,1,20.067402,0,0,0,0
99.1413,,0.799824,0.799824,0.799824,0.000001,0.000000,0.000000,0.000000,0,1,0,1,20.069854,0,0,0,0
99.1614,,0.799824,0.799824,0.799824,0.000001,0.000000,0.000000,0.000000,0,1,0,1,20.232551,0,0,0,0
99.1814,,0.799824,0.799824,0.799824,0.000001,0.000000,0.000000,0.000000,0,1,0,1,20.101563,0,0,0,0
99.2013,,0.799824,0.799824,0.799824,0.000001,0.000000,0.000000,0.000000,0,1,0,1,20.109421,0,0,0,0
99.2223,,0.799824,0.799824,0.799824,0.000001,0.000000,0.000000,0.000000,0,1,0,1,20.182460,0,0,0,0
99.2424,,0.799824,0.799824,0.799824,0.000001,0.000000,0.000000,0.000000,0,1,0,1,20.184200,0,0,0,0
99.2624,,0.799824,0.799824,0.799824,0.000001,0.000000,0.000000,0.000000,0,1,0,1,20.195561,0,0,0,0
99.2824,,0.799824,0.799824,0.799824,0.000001,0.000000,0.000000,0.000000,0,1,0,1,20.166634,0,0,0,0
99.3022,,0.799824,0.799824,0.799824,0.000001,0.000000,0.000000,0.000000,0,1,0,1,20.209414,0,0,0,0
99.3231,,0.799824,0.799824,0.799824,0.000001,0.000000,0.000000,0.000000,0,1,0,1,20.145242,0,0,0,0
99.3433,,0.799824,0.799824,0.799824,0.000001,0.000000,0.000000,0.000000,0,1,0,1,20.199417,0,0,0,0
99.3632,,0.799824,0.799824,0.799825,0.000001,0.000000,0.000000,0.000000,0,1,0,1,20.129622,0,0,0,0
99.3833,,0.799824,0.799824,0.799825,0.000001,0.000000,0.000000,0.000000,0,1,0,1,20.253608,0,0,0,0
99.4035,,0.799824,0.799824,0.799825,0.000001,0.000000,0.000000,0.000000,0,1,0,1,20.214405,0,0,0,0
99.4243,,0.799824,0.799824,0.799824,0.000001,0.000000,0.000000,0.000000,0,1,0,1,20.204955,0,0,0,0
99.4444,,0.799824,0.799824,0.799824,0.000001,0.000000,0.000000,0.000000,0,1,0,1,20.315746,0,0,0,0
99.4643,,0.799824,0.799824,0.799824,0.000001,0.000000,0.000000,0.000000,0,1,0,1,20.295362,0,0,0,0
99.4843,,0.799824,0.799824,0.799825,0.000001,0.000000,0.000000,0.000000,0,1,0,1,20.244047,0,0,0,0
99.5053,,0.799824,0.799824,0.799825,0.000001,0.000000,0.000000,0.000000,0,1,0,1,20.163078,0,0,0,0
99.5252,,0.799824,0.799824,0.799824,0.000001,0.000000,0.000000,0.000000,0,1,0,1,20.261868,0,0,0,0
99.5454,,0.799824,0.799824,0.799825,0.000001,0.000000,0.000000,0.000000,0,1,0,1,20.247224,0,0,0,0
99.5653,,0.799824,0.799824,0.799825,0.000001,0.000000,0.000000,0.000000,0,1,0,1,20.265120,0,0,0,0
99.5863,,0.799824,0.799824,0.799824,0.000001,0.000000,0.000000,0.000000,0,1,0,1,20.311011,0,0,0,0
99.6063,,0.799824,0.799824,0.799825,0.000001,0.000000,0.000000,0.000000,0,1,0,1,20.175484,0,0,0,0
99.6263,,0.799824,0.799824,0.799825,0.000001,0.000000,0.000000,0.000000,0,1,0,1,20.295909,0,0,0,0
99.6463,,0.799824,0.799824,0.799824,0.000001,0.000000,0.000000,0.000000,0,1,0,1,20.078620,0,0,0,0
99.6673,,0.799824,0.799824,0.799825,0.000001,0.000000,0.000000,0.000000,0,1,0,1,20.233581,0,0,0,0
99.6873,,0.799824,0.799824,0.799824,0.000001,0.000000,0.000000,0.000000,0,1,0,1,20.279299,0,0,0,0
99.7074,,0.799824,0.799824,0.799825,0.000001,0.000000,0.000000,0.000000,0,1,0,1,20.231601,0,0,0,0
99.7271,,0.799824,0.799824,0.799825,0.000001,0.000000,0.000000,0.000000,0,1,0,1,20.071702,0,0,0,0
99.7473,,0.799824,0.799824,0.799824,0.000001,0.000000,0.000000,0.000000,0,1,0,1,20.205637,0,0,0,0
99.7682,,0.799824,0.799824,0.799824,0.000001,0.000000,0.000000,0.000000,0,1,0,1,20.212780,0,0,0,0
99.7882,,0.799824,0.799824,0.799824,0.000001,0.000000,0.000000,0.000000,0,1,0,1,20.218684,0,0,0,0
99.8083,,0.799824,0.799824,0.799825,0.000001,0.000000,0.000000,0.000000,0,1,0,1,20.191527,0,0,0,0
99.8284,,0.799824,0.799824,0.799825,0.000001,0.000000,0.000000,0.000000,0,1,0,1,20.146963,0,0,0,0
99.8485,,0.799824,0.799824,0.799824,0.000001,0.000000,0.000000,0.000000,0,1,0,1,20.136758,0,0,0,0
99.8683,,0.799824,0.799824,0.799825,0.000001,0.000000,0.000000,0.000000,0,1,0,1,20.123687,0,0,0,0
99.8882,,0.799824,0.799824,0.799825,0.000001,0.000000,0.000000,0.000000,0,1,0,1,20.104152,0,0,0,0
99.9092,,0.799824,0.799824,0.799824,0.000001,0.000000,0.000000,0.000000,0,1,0,1,20.078418,0,0,0,0
99.9293,,0.799824,0.799824,0.799824,0.000001,0.000000,0.000000,0.000000,0,1,0,1,20.177214,0,0,0,0
99.9493,,0.799824,0.799824,0.799825,0.000001,0.000000,0.000000,0.000000,0,1,0,1,20.162805,0,0,0,0
99.9691,,0.799824,0.799824,0.799824,0.000001,0.000000,0.000000,0.000000,0,1,0,1,20.107881,0,0,0,0
99.9893,,0.799824,0.799824,0.799824,0.000001,0.000000,0.000000,0.000000,0,1,0,1,20.280216,0,0,0,0
100.0103,,0.799824,0.799824,0.799824,0.000001,0.000000,0.000000,0.000000,0,1,0,1,20.209390,0,0,0,0
100.0302,,0.799824,0.799824,0.799824,0.000001,0.000000,0.000000,0.000000,0,1,0,1,20.320261,0,0,0,0
100.0502,,0.799824,0.799824,0.799825,0.000001,0.000000,0.000000,0.000000,0,1,0,1,20.249921,0,0,0,0
100.0703,,0.799824,0.799824,0.799824,0.000001,0.000000,0.000000,0.000000,0,1,0,1,20.090680,0,0,0,0
100.0903,,0.799824,0.799824,0.799825,0.000001,0.000000,0.000000,0.000000,0,1,0,1,20.224909,0,0,0,0
100.1102,,0.799824,0.799824,0.799825,0.000001,0.000000,0.000000,0.000000,0,1,0,1,20.180795,0,0,0,0
100.1311,,0.799824,0.799824,0.799824,0.000001,0.000000,0.000000,0.000000,0,1,0,1,20.104201,0,0,0,0
100.1513,,0.799824,0.799824,0.799825,0.000001,0.000000,0.000000,0.000000,0,1,0,1,20.132488,0,0,0,0
100.1713,,0.799824,0.799824,0.799825,0.000001,0.000000,0.000000,0.000000,0,1,0,1,20.221770,0,0,0,0
100.1913,,0.799824,0.799824,0.799825,0.000001,0.000000,0.000000,0.000000,0,1,0,1,20.204897,0,0,0,0
100.2112,,0.799824,0.799824,0.799825,0.000001,0.000000,0.000000,0.000000,0,1,0,1,20.225147,0,0,0,0
100.2322,,0.799824,0.799824,0.799825,0.000001,0.000000,0.000000,0.000000,0,1,0,1,20.225333,0,0,0,0
100.2523,,0.799824,0.799824,0.799824,0.000001,0.000000,0.000000,0.000000,0,1,0,1,20.198786,0,0,0,0
100.2721,,0.799824,0.799824,0.799824,0.000001,0.000000,0.000000,0.000000,0,1,0,1,20.081574,0,0,0,0
100.2922,,0.799824,0.799824,0.799825,0.000001,0.000000,0.000000,0.000000,0,1,0,1,20.152542,0,0,0,0
100.3122,,0.799824,0.799824,0.799825,0.000001,0.000000,0.000000,0.000000,0,1,0,1,20.203088,0,0,0,0
100.3333,,0.799824,0.799824,0.799825,0.000001,0.000000,0.000000,0.000000,0,1,0,1,20.241949,0,0,0,0
100.3532,,0.799824,0.799824,0.799825,0.000001,0.000000,0.000000,0.000000,0,1,0,1,20.194210,0,0,0,0
100.3732,,0.799824,0.799824,0.799824,0.000001,0.000000,0.000000,0.000000,0,1,0,1,20.181888,0,0,0,0
100.3933,,0.799824,0.799824,0.799825,0.000001,0.000000,0.000000,0.000000,0,1,0,1,20.230400,0,0,0,0
100.4131,,0.799824,0.799824,0.799825,0.000001,0.000000,0.000000,0.000000,0,1,0,1,20.190323,0,0,0,0
100.4342,,0.799824,0.799824,0.799825,0.000001,0.000000,0.000000,0.000000,0,1,0,1,20.252492,0,0,0,0
100.4542,,0.799824,0.799824,0.799825,0.000001,0.000000,0.000000,0.000000,0,1,0,1,20.109513,0,0,0,0
100.4742,,0.799824,0.799824,0.799825,0.000001,0.000000,0.000000,0.000000,0,1,0,1,20.191110,0,0,0,0
100.4943,,0.799824,0.799824,0.799825,0.000001,0.000000,0.000000,0.000000,0,1,0,1,20.245670,0,0,0,0
100.5142,,0.799824,0.799824,0.799825,0.000001,0.000000,0.000000,0.000000,0,1,0,1,20.112748,0,0,0,0
100.5353,,0.799824,0.799824,0.799825,0.000001,0.000000,0.000000,0.000000,0,1,0,1,20.322184,0,0,0,0
100.5553,,0.799824,0.799824,0.799825,0.000001,0.000000,0.000000,0.000000,0,1,0,1,20.079043,0,0,0,0
100.5752,,0.799824,0.799824,0.799825,0.000001,0.000000,0.000000,0.000000,0,1,0,1,20.082986,0,0,0,0
100.5952,,0.799824,0.799824,0.799825,0.000001,0.000000,0.000000,0.000000,0,1,0,1,20.080817,0,0,0,0
100.6152,,0.799824,0.799824,0.799824,0.000001,0.000000,0.000000,0.000000,0,1,0,1,20.224565,0,0,0,0
100.6352,,0.799824,0.799824,0.799824,0.000001,0.000000,0.000000,0.000000,0,1,0,1,20.214683,0,0,0,0
100.6562,,0.799824,0.799824,0.799825,0.000001,0.000000,0.000000,0.000000,0,1,0,1,20.489930,0,0,0,0
100.6762,,0.799824,0.799824,0.799824,0.000001,0.000000,0.000000,0.000000,0,1,0,1,20.209776,0,0,0,0
100.6962,,0.799824,0.799824,0.799825,0.000001,0.000000,0.000000,0.000000,0,1,0,1,20.261226,0,0,0,0
100.7163,,0.799824,0.799824,0.799825,0.000001,0.000000,0.000000,0.000000,0,1,0,1,20.078117,0,0,0,0
100.7364,,0.799824,0.799824,0.799825,0.000001,0.000000,0.000000,0.000000,0,1,0,1,20.080782,0,0,0,0
100.7561,,0.799824,0.799824,0.799824,0.000001,0.000000,0.000000,0.000000,0,1,0,1,20.112992,0,0,0,0
100.7771,,0.799824,0.799824,0.799825,0.000001,0.000000,0.000000,0.000000,0,1,0,1,20.082072,0,0,0,0
100.7970,,0.799824,0.799824,0.799824,0.000001,0.000000,0.000000,0.000000,0,1,0,1,20.110452,0,0,0,0
100.8172,,0.799824,0.799824,0.799824,0.000001,0.000000,0.000000,0.000000,0,1,0,1,20.068493,0,0,0,0
100.8371,,0.799824,0.799824,0.799824,0.000001,0.000000,0.000000,0.000000,0,1,0,1,20.102499,0,0,0,0
100.8572,,0.799824,0.799824,0.799824,0.000001,0.000000,0.000000,0.000000,0,1,0,1,20.218979,0,0,0,0
100.8772,,0.799824,0.799824,0.799824,0.000001,0.000000,0.000000,0.000000,0,1,0,1,20.238635,0,0,0,0
100.8973,,0.799824,0.799824,0.799825,0.000001,0.000000,0.000000,0.000000,0,1,0,1,20.073162,0,0,0,0
100.9172,,0.799824,0.799824,0.799825,0.000001,0.000000,0.000000,0.000000,0,1,0,1,20.109403,0,0,0,0
100.9383,,0.799824,0.799824,0.799825,0.000001,0.000000,0.000000,0.000000,0,1,0,1,20.072732,0,0,0,0
100.9583,,0.799824,0.799824,0.799824,0.000001,0.000000,0.000000,0.000000,0,1,0,1,20.072062,0,0,0,0
100.9783,,0.799824,0.799824,0.799824,0.000001,0.000000,0.000000,0.000000,0,1,0,1,20.076179,0,0,0,0
100.9982,,0.799824,0.799824,0.799824,0.000001,0.000000,0.000000,0.000000,0,1,0,1,20.068627,0,0,0,0
101.0182,,0.799824,0.799824,0.799825,0.000001,0.000000,0.000000,0.000000,0,1,0,1,20.066638,0,0,0,0
101.0382,,0.799824,0.799824,0.799825,0.000001,0.000000,0.000000,0.000000,0,1,0,1,20.096496,0,0,0,0
101.0582,,0.799824,0.799824,0.799825,0.000001,0.000000,0.000000,0.000000,0,1,0,1,20.028497,0,0,0,0
101.0782,,0.799824,0.799824,0.799825,0.000001,0.000000,0.000000,0.000000,0,1,0,1,20.084642,0,0,0,0
101.0982,,0.799824,0.799824,0.799825,0.000001,0.000000,0.000000,0.000000,0,1,0,1,20.235325,0,0,0,0
101.1181,,0.799824,0.799824,0.799825,0.000001,0.000000,0.000000,0.000000,0,1,0,1,20.205360,0,0,0,0
101.1392,,0.799824,0.799824,0.799825,0.000001,0.000000,0.000000,0.000000,0,1,0,1,20.117349,0,0,0,0
101.1592,,0.799824,0.799824,0.799824,0.000001,0.000000,0.000000,0.000000,0,1,0,1,20.191051,0,0,0,0
101.1791,,0.799824,0.799824,0.799825,0.000001,0.000000,0.000000,0.000000,0,1,0,1,20.189845,0,0,0,0
101.1992,,0.799824,0.799824,0.799825,0.000001,0.000000,0.000000,0.000000,0,1,0,1,20.234183,0,0,0,0
101.2192,,0.799824,0.799824,0.799824,0.000001,0.000000,0.000000,0.000000,0,1,0,1,20.210120,0,0,0,0
101.2403,,0.799824,0.799824,0.799825,0.000001,0.000000,0.000000,0.000000,0,1,0,1,20.231957,0,0,0,0
101.2602,,0.799824,0.799824,0.799825,0.000001,0.000000,0.000000,0.000000,0,1,0,1,20.204877,0,0,0,0
101.2803,,0.799824,0.799824,0.799825,0.000001,0.000000,0.000000,0.000000,0,1,0,1,20.120536,0,0,0,0
101.3003,,0.799824,0.799824,0.799825,0.000001,0.000000,0.000000,0.000000,0,1,0,1,20.075756,0,0,0,0
101.3202,,0.799824,0.799824,0.799825,0.000001,0.000000,0.000000,0.000000,0,1,0,1,20.280096,0,0,0,0
101.3402,,0.799824,0.799824,0.799825,0.000001,0.000000,0.000000,0.000000,0,1,0,1,20.107684,0,0,0,0
101.3613,,0.799824,0.799824,0.799825,0.000001,0.000000,0.000000,0.000000,0,1,0,1,20.120701,0,0,0,0
101.3813,,0.799824,0.799824,0.799825,0.000001,0.000000,0.000000,0.000000,0,1,0,1,20.189796,0,0,0,0
101.4014,,0.799824,0.799824,0.799825,0.000001,0.000000,0.000000,0.000000,0,1,0,1,20.203943,0,0,0,0
101.4213,,0.799824,0.799824,0.799825,0.000001,0.000000,0.000000,0.000000,0,1,0,1,20.214637,0,0,0,0
101.4413,,0.799824,0.799824,0.799825,0.000001,0.000000,0.000000,0.000000,0,1,0,1,20.189427,0,0,0,0
101.4612,,0.799824,0.799824,0.799825,0.000001,0.000000,0.000000,0.000000,0,1,0,1,20.090394,0,0,0,0
101.4824,,0.799824,0.799824,0.799825,0.000001,0.000000,0.000000,0.000000,0,1,0,1,20.213024,0,0,0,0
101.5024,,0.799824,0.799824,0.799825,0.000001,0.000000,0.000000,0.000000,0,1,0,1,20.206406,0,0,0,0
101.5226,,0.799824,0.799824,0.799825,0.000001,0.000000,0.000000,0.000000,0,1,0,1,20.226197,0,0,0,0
101.5422,,0.799824,0.799824,0.799825,0.000001,0.000000,0.000000,0.000000,0,1,0,1,20.191376,0,0,0,0
101.5624,,0.799824,0.799824,0.799825,0.000001,0.000000,0.000000,0.000000,0,1,0,1,20.080816,0,0,0,0
101.5833,,0.799824,0.799824,0.799825,0.000001,0.000000,0.000000,0.000000,0,1,0,1,20.191330,0,0,0,0
101.6033,,0.799824,0.799824,0.799825,0.000001,0.000000,0.000000,0.000000,0,1,0,1,20.207581,0,0,0,0
101.6232,,0.799824,0.799824,0.799825,0.000001,0.000000,0.000000,0.000000,0,1,0,1,20.271938,0,0,0,0
101.6434,,0.799824,0.799824,0.799824,0.000001,0.000000,0.000000,0.000000,0,1,0,1,20.243899,0,0,0,0
101.6633,,0.799824,0.799824,0.799825,0.000001,0.000000,0.000000,0.000000,0,1,0,1,20.175438,0,0,0,0
101.6843,,0.799824,0.799824,0.799824,0.000001,0.000000,0.000000,0.000000,0,1,0,1,20.210210,0,0,0,0
101.7043,,0.799824,0.799824,0.799825,0.000001,0.000000,0.000000,0.000000,0,1,0,1,20.187263,0,0,0,0
101.7244,,0.799824,0.799824,0.799824,0.000001,0.000000,0.000000,0.000000,0,1,0,1,20.320776,0,0,0,0
101.7442,,0.799824,0.799824,0.799825,0.000001,0.000000,0.000000,0.000000,0,1,0,1,20.220470,0,0,0,0
101.7652,,0.799824,0.799824,0.799825,0.000001,0.000000,0.000000,0.000000,0,1,0,1,20.147088,0,0,0,0
101.7853,,0.799824,0.799824,0.799825,0.000001,0.000000,0.000000,0.000000,0,1,0,1,20.162684,0,0,0,0
101.8053,,0.799824,0.799824,0.799825,0.000001,0.000000,0.000000,0.000000,0,1,0,1,20.274716,0,0,0,0
101.8253,,0.799824,0.799824,0.799825,0.000001,0.000000,0.000000,0.000000,0,1,0,1,20.401982,0,0,0,0
101.8453,,0.799824,0.799824,0.799825,0.000001,0.000000,0.000000,0.000000,0,1,0,1,20.115912,0,0,0,0
101.8664,,0.799824,0.799824,0.799825,0.000001,0.000000,0.000000,0.000000,0,1,0,1,20.220958,0,0,0,0
101.8864,,0.799824,0.799824,0.799825,0.000001,0.000000,0.000000,0.000000,0,1,0,1,20.266519,0,0,0,0
101.9063,,0.799824,0.799824,0.799824,0.000001,0.000000,0.000000,0.000000,0,1,0,1,20.244511,0,0,0,0
101.9263,,0.799824,0.799824,0.799824,0.000001,0.000000,0.000000,0.000000,0,1,0,1,20.194385,0,0,0,0
101.9473,,0.799824,0.799824,0.799825,0.000001,0.000000,0.000000,0.000000,0,1,0,1,20.220038,0,0,0,0
101.9673,,0.799824,0.799824,0.799825,0.000001,0.000000,0.000000,0.000000,0,1,0,1,20.486768,0,0,0,0
101.9872,,0.799824,0.799824,0.799825,0.000001,0.000000,0.000000,0.000000,0,1,0,1,20.068953,0,0,0,0
102.0076,,0.799824,0.799824,0.799825,0.000001,0.000000,0.000000,0.000000,0,1,0,1,20.080127,0,0,0,0
102.0273,,0.799824,0.799824,0.799825,0.000001,0.000000,0.000000,0.000000,0,1,0,1,20.074620,0,0,0,0
102.0482,,0.799824,0.799824,0.799825,0.000001,0.000000,0.000000,0.000000,0,1,0,1,20.195169,0,0,0,0
102.0683,,0.799824,0.799824,0.799825,0.000001,0.000000,0.000000,0.000000,0,1,0,1,20.263339,0,0,0,0
102.0883,,0.799824,0.799824,0.799825,0.000001,0.000000,0.000000,0.000000,0,1,0,1,20.231931,0,0,0,0
102.1082,,0.799824,0.799824,0.799825,0.000001,0.000000,0.000000,0.000000,0,1,0,1,20.226844,0,0,0,0
102.1292,,0.799824,0.799824,0.799825,0.000001,0.000000,0.000000,0.000000,0,1,0,1,20.255265,0,0,0,0
102.1494,,0.799824,0.799824,0.799825,0.000001,0.000000,0.000000,0.000000,0,1,0,1,20.267348,0,0,0,0
102.1694,,0.799824,0.799824,0.799825,0.000001,0.000000,0.000000,0.000000,0,1,0,1,20.337794,0,0,0,0
102.1894,,0.799824,0.799824,0.799825,0.000001,0.000000,0.000000,0.000000,0,1,0,1,20.277685,0,0,0,0
102.2104,,0.799824,0.799824,0.799825,0.000001,0.000000,0.000000,0.000000,0,1,0,1,20.184254,0,0,0,0
102.2304,,0.799824,0.799824,0.799824,0.000001,0.000000,0.000000,0.000000,0,1,0,1,20.192468,0,0,0,0
102.2501,,0.799824,0.799824,0.799825,0.000001,0.000000,0.000000,0.000000,0,1,0,1,20.212612,0,0,0,0
102.2701,,0.799824,0.799824,0.799825,0.000001,0.000000,0.000000,0.000000,0,1,0,1,20.235088,0,0,0,0
102.2903,,0.799824,0.799824,0.799825,0.000001,0.000000,0.000000,0.000000,0,1,0,1,20.171593,0,0,0,0
102.3114,,0.799824,0.799824,0.799825,0.000001,0.000000,0.000000,0.000000,0,1,0,1,20.258321,0,0,0,0
102.3312,,0.799824,0.799824,0.799825,0.000001,0.000000,0.000000,0.000000,0,1,0,1,20.203127,0,0,0,0
102.3514,,0.799824,0.799824,0.799825,0.000001,0.000000,0.000000,0.000000,0,1,0,1,20.180655,0,0,0,0
102.3712,,0.799824,0.799824,0.799825,0.000001,0.000000,0.000000,0.000000,0,1,0,1,20.069576,0,0,0,0
102.3913,,0.799824,0.799824,0.799825,0.000001,0.000000,0.000000,0.000000,0,1,0,1,20.069236,0,0,0,0
102.4111,,0.799824,0.799824,0.799824,0.000001,0.000000,0.000000,0.000000,0,1,0,1,20.069101,0,0,0,0
102.4312,,0.799824,0.799824,0.799825,0.000001,0.000000,0.000000,0.000000,0,1,0,1,20.105393,0,0,0,0
102.4513,,0.799824,0.799824,0.799825,0.000001,0.000000,0.000000,0.000000,0,1,0,1,20.098603,0,0,0,0
102.4714,,0.799824,0.799824,0.799825,0.000001,0.000000,0.000000,0.000000,0,1,0,1,20.066512,0,0,0,0
102.4923,,0.799824,0.799824,0.799825,0.000001,0.000000,0.000000,0.000000,0,1,0,1,20.111066,0,0,0,0
102.5123,,0.799824,0.799824,0.799824,0.000001,0.000000,0.000000,0.000000,0,1,0,1,20.202493,0,0,0,0
102.5322,,0.799824,0.799824,0.799824,0.000001,0.000000,0.000000,0.000000,0,1,0,1,20.202897,0,0,0,0
102.5521,,0.799824,0.799824,0.799825,0.000001,0.000000,0.000000,0.000000,0,1,0,1,20.117081,0,0,0,0
102.5724,,0.799824,0.799824,0.799825,0.000001,0.000000,0.000000,0.000000,0,1,0,1,20.067176,0,0,0,0
102.5924,,0.799824,0.799824,0.799825,0.000001,0.000000,0.000000,0.000000,0,1,0,1,20.072603,0,0,0,0
102.6126,,0.799824,0.799824,0.799825,0.000001,0.000000,0.000000,0.000000,0,1,0,1,20.108430,0,0,0,0
102.6332,,0.799824,0.799824,0.799825,0.000001,0.000000,0.000000,0.000000,0,1,0,1,20.200650,0,0,0,0
102.6533,,0.799824,0.799824,0.799825,0.000001,0.000000,0.000000,0.000000,0,1,0,1,20.084666,0,0,0,0
102.6733,,0.799824,0.799824,0.799825,0.000001,0.000000,0.000000,0.000000,0,1,0,1,20.064091,0,0,0,0
102.6932,,0.799824,0.799824,0.799825,0.000001,0.000000,0.000000,0.000000,0,1,0,1,20.068429,0,0,0,0
102.7132,,0.799824,0.799824,0.799825,0.000001,0.000000,0.000000,0.000000,0,1,0,1,20.252641,0,0,0,0
102.7333,,0.799824,0.799824,0.799825,0.000001,0.000000,0.000000,0.000000,0,1,0,1,20.067125,0,0,0,0
102.7532,,0.799824,0.799824,0.799825,0.000001,0.000000,0.000000,0.000000,0,1,0,1,20.074417,0,0,0,0
102.7731,,0.799824,0.799824,0.799825,0.000001,0.000000,0.000000,0.000000,0,1,0,1,20.188944,0,0,0,0
102.7933,,0.799824,0.799824,0.799825,0.000001,0.000000,0.000000,0.000000,0,1,0,1,20.103276,0,0,0,0
102.8144,,0.799824,0.799824,0.799825,0.000001,0.000000,0.000000,0.000000,0,1,0,1,20.171050,0,0,0,0
102.8341,,0.799824,0.799824,0.799825,0.000001,0.000000,0.000000,0.000000,0,1,0,1,20.077413,0,0,0,0
102.8542,,0.799824,0.799824,0.799825,0.000001,0.000000,0.000000,0.000000,0,1,0,1,20.157951,0,0,0,0
102.8742,,0.799824,0.799824,0.799825,0.000001,0.000000,0.000000,0.000000,0,1,0,1,20.339470,0,0,0,0
102.8943,,0.799824,0.799824,0.799825,0.000001,0.000000,0.000000,0.000000,0,1,0,1,20.082138,0,0,0,0
102.9144,,0.799824,0.799824,0.799825,0.000001,0.000000,0.000000,0.000000,0,1,0,1,20.117089,0,0,0,0
102.9352,,0.799824,0.799824,0.799825,0.000001,0.000000,0.000000,0.000000,0,1,0,1,20.110678,0,0,0,0
102.9552,,0.799824,0.799824,0.799825,0.000001,0.000000,0.000000,0.000000,0,1,0,1,20.068511,0,0,0,0
102.9752,,0.799824,0.799824,0.799825,0.000001,0.000000,0.000000,0.000000,0,1,0,1,20.060766,0,0,0,0
102.9952,,0.799824,0.799824,0.799825,0.000001,0.000000,0.000000,0.000000,0,1,0,1,20.104357,0,0,0,0
103.0154,,0.799824,0.799824,0.799825,0.000001,0.000000,0.000000,0.000000,0,1,0,1,20.094318,0,0,0,0
103.0352,,0.799824,0.799824,0.799825,0.000001,0.000000,0.000000,0.000000,0,1,0,1,20.261117,0,0,0,0
103.0552,,0.799824,0.799824,0.799825,0.000001,0.000000,0.000000,0.000000,0,1,0,1,20.316353,0,0,0,0
103.0763,,0.799824,0.799824,0.799825,0.000001,0.000000,0.000000,0.000000,0,1,0,1,20.247573,0,0,0,0
103.0962,,0.799824,0.799824,0.799825,0.000001,0.000000,0.000000,0.000000,0,1,0,1,20.268156,0,0,0,0
103.1162,,0.799824,0.799824,0.799825,0.000001,0.000000,0.000000,0.000000,0,1,0,1,20.262751,0,0,0,0
103.1363,,0.799824,0.799824,0.799825,0.000001,0.000000,0.000000,0.000000,0,1,0,1,20.197145,0,0,0,0
103.1572,,0.799824,0.799824,0.799825,0.000001,0.000000,0.000000,0.000000,0,1,0,1,20.208821,0,0,0,0
103.1773,,0.799824,0.799824,0.799824,0.000001,0.000000,0.000000,0.000000,0,1,0,1,20.314055,0,0,0,0
103.1972,,0.799824,0.799824,0.799825,0.000001,0.000000,0.000000,0.000000,0,1,0,1,20.210673,0,0,0,0
103.2173,,0.799824,0.799824,0.799825,0.000001,0.000000,0.000000,0.000000,0,1,0,1,20.285262,0,0,0,0
103.2383,,0.799824,0.799824,0.799824,0.000001,0.000000,0.000000,0.000000,0,1,0,1,20.209243,0,0,0,0
103.2583,,0.799824,0.799824,0.799825,0.000001,0.000000,0.000000,0.000000,0,1,0,1,20.191025,0,0,0,0
103.2782,,0.799824,0.799824,0.799824,0.000001,0.000000,0.000000,0.000000,0,1,0,1,20.211071,0,0,0,0
103.2982,,0.799824,0.799824,0.799825,0.000001,0.000000,0.000000,0.000000,0,1,0,1,20.081721,0,0,0,0
103.3182,,0.799824,0.799824,0.799824,0.000001,0.000000,0.000000,0.000000,0,1,0,1,20.077598,0,0,0,0
103.3384,,0.799824,0.799824,0.799825,0.000001,0.000000,0.000000,0.000000,0,1,0,1,20.076398,0,0,0,0
103.3594,,0.799824,0.799824,0.799824,0.000001,0.000000,0.000000,0.000000,0,1,0,1,20.228435,0,0,0,0
103.3793,,0.799824,0.799824,0.799825,0.000001,0.000000,0.000000,0.000000,0,1,0,1,20.202500,0,0,0,0
103.3994,,0.799824,0.799824,0.799825,0.000001,0.000000,0.000000,0.000000,0,1,0,1,20.209132,0,0,0,0
103.4192,,0.799824,0.799824,0.799825,0.000001,0.000000,0.000000,0.000000,0,1,0,1,20.118489,0,0,0,0
103.4394,,0.799824,0.799824,0.799825,0.000001,0.000000,0.000000,0.000000,0,1,0,1,20.094723,0,0,0,0
103.4593,,0.799824,0.799824,0.799824,0.000001,0.000000,0.000000,0.000000,0,1,0,1,20.072587,0,0,0,0
103.4791,,0.799824,0.799824,0.799825,0.000001,0.000000,0.000000,0.000000,0,1,0,1,20.073746,0,0,0,0
103.4992,,0.799824,0.799824,0.799825,0.000001,0.000000,0.000000,0.000000,0,1,0,1,20.106304,0,0,0,0
103.5202,,0.799824,0.799824,0.799825,0.000001,0.000000,0.000000,0.000000,0,1,0,1,20.111746,0,0,0,0
103.5403,,0.799824,0.799824,0.799825,0.000001,0.000000,0.000000,0.000000,0,1,0,1,20.212470,0,0,0,0
103.5602,,0.799824,0.799824,0.799825,0.000001,0.000000,0.000000,0.000000,0,1,0,1,20.208419,0,0,0,0
103.5803,,0.799824,0.799824,0.799825,0.000001,0.000000,0.000000,0.000000,0,1,0,1,20.107517,0,0,0,0
103.6001,,0.799824,0.799824,0.799825,0.000001,0.000000,0.000000,0.000000,0,1,0,1,20.210407,0,0,0,0
103.6202,,0.799824,0.799824,0.799825,0.000001,0.000000,0.000000,0.000000,0,1,0,1,20.068816,0,0,0,0
103.6413,,0.799824,0.799824,0.799825,0.000001,0.000000,0.000000,0.000000,0,1,0,1,20.381136,0,0,0,0
103.6613,,0.799824,0.799824,0.799825,0.000001,0.000000,0.000000,0.000000,0,1,0,1,20.162504,0,0,0,0
103.6814,,0.799824,0.799824,0.799825,0.000001,0.000000,0.000000,0.000000,0,1,0,1,20.236704,0,0,0,0
103.7013,,0.799824,0.799824,0.799825,0.000001,0.000000,0.000000,0.000000,0,1,0,1,20.069902,0,0,0,0
103.7213,,0.799824,0.799824,0.799824,0.000001,0.000000,0.000000,0.000000,0,1,0,1,20.068418,0,0,0,0
103.7412,,0.799824,0.799824,0.799825,0.000001,0.000000,0.000000,0.000000,0,1,0,1,20.071043,0,0,0,0
103.7613,,0.799824,0.799824,0.799824,0.000001,0.000000,0.000000,0.000000,0,1,0,1,20.171722,0,0,0,0
103.7825,,0.799824,0.799824,0.799825,0.000001,0.000000,0.000000,0.000000,0,1,0,1,20.195182,0,0,0,0
103.8022,,0.799824,0.799824,0.799825,0.000001,0.000000,0.000000,0.000000,0,1,0,1,20.198138,0,0,0,0
103.8222,,0.799824,0.799824,0.799825,0.000001,0.000000,0.000000,0.000000,0,1,0,1,20.180378,0,0,0,0
103.8423,,0.799824,0.799824,0.799825,0.000001,0.000000,0.000000,0.000000,0,1,0,1,20.153625,0,0,0,0
103.8621,,0.799824,0.799824,0.799825,0.000001,0.000000,0.000000,0.000000,0,1,0,1,20.219091,0,0,0,0
103.8832,,0.799824,0.799824,0.799825,0.000001,0.000000,0.000000,0.000000,0,1,0,1,20.111046,0,0,0,0
103.9032,,0.799824,0.799824,0.799824,0.000001,0.000000,0.000000,0.000000,0,1,0,1,20.192376,0,0,0,0
103.9233,,0.799824,0.799824,0.799825,0.000001,0.000000,0.000000,0.000000,0,1,0,1,20.188063,0,0,0,0
103.9431,,0.799824,0.799824,0.799825,0.000001,0.000000,0.000000,0.000000,0,1,0,1,20.268056,0,0,0,0
103.9631,,0.799824,0.799824,0.799824,0.000001,0.000000,0.000000,0.000000,0,1,0,1,20.208204,0,0,0,0
103.9845,,0.799824,0.799824,0.799825,0.000001,0.000000,0.000000,0.000000,0,1,0,1,20.225099,0,0,0,0
104.0042,,0.799824,0.799824,0.799825,0.000001,0.000000,0.000000,0.000000,0,1,0,1,20.215886,0,0,0,0
104.0243,,0.799824,0.799824,0.799825,0.000001,0.000000,0.000000,0.000000,0,1,0,1,20.204794,0,0,0,0
104.0443,,0.799824,0.799824,0.799825,0.000001,0.000000,0.000000,0.000000,0,1,0,1,20.119819,0,0,0,0
104.0643,,0.799824,0.799824,0.799825,0.000001,0.000000,0.000000,0.000000,0,1,0,1,20.288344,0,0,0,0
104.0854,,0.799824,0.799824,0.799825,0.000001,0.000000,0.000000,0.000000,0,1,0,1,20.123286,0,0,0,0
104.1055,,0.799824,0.799824,0.799825,0.000001,0.000000,0.000000,0.000000,0,1,0,1,20.232572,0,0,0,0
104.1253,,0.799824,0.799824,0.799825,0.000001,0.000000,0.000000,0.000000,0,1,0,1,20.202190,0,0,0,0
104.1453,,0.799824,0.799824,0.799824,0.000001,0.000000,0.000000,0.000000,0,1,0,1,20.075329,0,0,0,0
104.1653,,0.799824,0.799824,0.799825,0.000001,0.000000,0.000000,0.000000,0,1,0,1,20.079922,0,0,0,0
104.1852,,0.799824,0.799824,0.799825,0.000001,0.000000,0.000000,0.000000,0,1,0,1,20.073075,0,0,0,0
104.2053,,0.799824,0.799824,0.799825,0.000001,0.000000,0.000000,0.000000,0,1,0,1,20.070144,0,0,0,0
104.2262,,0.799824,0.799824,0.799825,0.000001,0.000000,0.000000,0.000000,0,1,0,1,20.182070,0,0,0,0
104.2463,,0.799824,0.799824,0.799825,0.000001,0.000000,0.000000,0.000000,0,1,0,1,20.477521,0,0,0,0
104.2665,,0.799824,0.799824,0.799824,0.000001,0.000000,0.000000,0.000000,0,1,0,1,20.180739,0,0,0,0
104.2862,,0.799824,0.799824,0.799825,0.000001,0.000000,0.000000,0.000000,0,1,0,1,20.125234,0,0,0,0
104.3072,,0.799824,0.799824,0.799824,0.000001,0.000000,0.000000,0.000000,0,1,0,1,20.213777,0,0,0,0
104.3272,,0.799824,0.799824,0.799824,0.000001,0.000000,0.000000,0.000000,0,1,0,1,20.203898,0,0,0,0
104.3473,,0.799824,0.799824,0.799825,0.000001,0.000000,0.000000,0.000000,0,1,0,1,20.257935,0,0,0,0
104.3675,,0.799824,0.799824,0.799825,0.000001,0.000000,0.000000,0.000000,0,1,0,1,20.276481,0,0,0,0
104.3872,,0.799824,0.799824,0.799825,0.000001,0.000000,0.000000,0.000000,0,1,0,1,20.241201,0,0,0,0
104.4083,,0.799824,0.799824,0.799825,0.000001,0.000000,0.000000,0.000000,0,1,0,1,20.080952,0,0,0,0
104.4283,,0.799824,0.799824,0.799824,0.000001,0.000000,0.000000,0.000000,0,1,0,1,20.223487,0,0,0,0
104.4482,,0.799824,0.799824,0.799825,0.000001,0.000000,0.000000,0.000000,0,1,0,1,20.225080,0,0,0,0
104.4681,,0.799824,0.799824,0.799824,0.000001,0.000000,0.000000,0.000000,0,1,0,1,20.196839,0,0,0,0
104.4883,,0.799824,0.799824,0.799824,0.000001,0.000000,0.000000,0.000000,0,1,0,1,20.198098,0,0,0,0
104.5091,,0.799824,0.799824,0.799824,0.000001,0.000000,0.000000,0.000000,0,1,0,1,20.117468,0,0,0,0
104.5291,,0.799824,0.799824,0.799824,0.000001,0.000000,0.000000,0.000000,0,1,0,1,20.195498,0,0,0,0
104.5494,,0.799824,0.799824,0.799824,0.000001,0.000000,0.000000,0.000000,0,1,0,1,20.184224,0,0,0,0
104.5692,,0.799824,0.799824,0.799825,0.000001,0.000000,0.000000,0.000000,0,1,0,1,20.186416,0,0,0,0
104.5893,,0.799824,0.799824,0.799824,0.000001,0.000000,0.000000,0.000000,0,1,0,1,20.069353,0,0,0,0
104.6093,,0.799824,0.799824,0.799825,0.000001,0.000000,0.000000,0.000000,0,1,0,1,20.066938,0,0,0,0
104.6292,,0.799824,0.799824,0.799824,0.000001,0.000000,0.000000,0.000000,0,1,0,1,20.071275,0,0,0,0
104.6495,,0.799824,0.799824,0.799825,0.000001,0.000000,0.000000,0.000000,0,1,0,1,20.103106,0,0,0,0
104.6693,,0.799824,0.799824,0.799824,0.000001,0.000000,0.000000,0.000000,0,1,0,1,20.066695,0,0,0,0
104.6903,,0.799824,0.799824,0.799825,0.000001,0.000000,0.000000,0.000000,0,1,0,1,20.364883,0,0,0,0
104.7101,,0.799824,0.799824,0.799825,0.000001,0.000000,0.000000,0.000000,0,1,0,1,20.348928,0,0,0,0
104.7303,,0.799824,0.799824,0.799825,0.000001,0.000000,0.000000,0.000000,0,1,0,1,20.087228,0,0,0,0
104.7504,,0.799824,0.799824,0.799825,0.000001,0.000000,0.000000,0.000000,0,1,0,1,20.205634,0,0,0,0
104.7711,,0.799824,0.799824,0.799825,0.000001,0.000000,0.000000,0.000000,0,1,0,1,20.116123,0,0,0,0
104.7914,,0.799824,0.799824,0.799825,0.000001,0.000000,0.000000,0.000000,0,1,0,1,20.171757,0,0,0,0
104.8112,,0.799824,0.799824,0.799824,0.000001,0.000000,0.000000,0.000000,0,1,0,1,20.312820,0,0,0,0
104.8315,,0.799824,0.799824,0.799825,0.000001,0.000000,0.000000,0.000000,0,1,0,1,20.075280,0,0,0,0
104.8511,,0.799824,0.799824,0.799825,0.000001,0.000000,0.000000,0.000000,0,1,0,1,20.101162,0,0,0,0
104.8710,,0.799824,0.799824,0.799825,0.000001,0.000000,0.000000,0.000000,0,1,0,1,20.080515,0,0,0,0
104.8911,,0.799824,0.799824,0.799825,0.000001,0.000000,0.000000,0.000000,0,1,0,1,20.098851,0,0,0,0
104.9125,,0.799824,0.799824,0.799824,0.000001,0.000000,0.000000,0.000000,0,1,0,1,20.101605,0,0,0,0
104.9323,,0.799824,0.799824,0.799825,0.000001,0.000000,0.000000,0.000000,0,1,0,1,20.183266,0,0,0,0
104.9523,,0.799824,0.799824,0.799825,0.000001,0.000000,0.000000,0.000000,0,1,0,1,20.115633,0,0,0,0
104.9722,,0.799824,0.799824,0.799825,0.000001,0.000000,0.000000,0.000000,0,1,0,1,20.136750,0,0,0,0
104.9921,,0.799824,0.799824,0.799825,0.000001,0.000000,0.000000,0.000000,0,1,0,1,20.227677,0,0,0,0
105.0124,,0.799824,0.799824,0.799825,0.000001,0.000000,0.000000,0.000000,0,1,0,1,20.188068,0,0,0,0
105.0331,,0.799824,0.799824,0.799824,0.000001,0.000000,0.000000,0.000000,0,1,0,1,20.114725,0,0,0,0
105.0531,,0.799824,0.799824,0.799824,0.000001,0.000000,0.000000,0.000000,0,1,0,1,20.323337,0,0,0,0
105.0733,,0.799824,0.799824,0.799825,0.000001,0.000000,0.000000,0.000000,0,1,0,1,20.084548,0,0,0,0
105.0932,,0.799824,0.799824,0.799825,0.000001,0.000000,0.000000,0.000000,0,1,0,1,20.033735,0,0,0,0
105.1131,,0.799824,0.799824,0.799825,0.000001,0.000000,0.000000,0.000000,0,1,0,1,20.061970,0,0,0,0
105.1332,,0.799824,0.799824,0.799825,0.000001,0.000000,0.000000,0.000000,0,1,0,1,20.088360,0,0,0,0
105.1532,,0.799824,0.799824,0.799825,0.000001,0.000000,0.000000,0.000000,0,1,0,1,20.072074,0,0,0,0
105.1732,,0.799824,0.799824,0.799825,0.000001,0.000000,0.000000,0.000000,0,1,0,1,20.063588,0,0,0,0
105.1931,,0.799824,0.799824,0.799824,0.000001,0.000000,0.000000,0.000000,0,1,0,1,20.071290,0,0,0,0
105.2131,,0.799824,0.799824,0.799824,0.000001,0.000000,0.000000,0.000000,0,1,0,1,20.088475,0,0,0,0
105.2330,,0.799824,0.799824,0.799825,0.000001,0.000000,0.000000,0.000000,0,1,0,1,20.099732,0,0,0,0
105.2542,,0.799824,0.799824,0.799825,0.000001,0.000000,0.000000,0.000000,0,1,0,1,20.085173,0,0,0,0
105.2742,,0.799824,0.799824,0.799825,0.000001,0.000000,0.000000,0.000000,0,1,0,1,20.108913,0,0,0,0
105.2941,,0.799824,0.799824,0.799824,0.000001,0.000000,0.000000,0.000000,0,1,0,1,20.099331,0,0,0,0
105.3142,,0.799824,0.799824,0.799825,0.000001,0.000000,0.000000,0.000000,0,1,0,1,20.100500,0,0,0,0
105.3342,,0.799824,0.799824,0.799824,0.000001,0.000000,0.000000,0.000000,0,1,0,1,20.119341,0,0,0,0
105.3540,,0.799824,0.799824,0.799825,0.000001,0.000000,0.000000,0.000000,0,1,0,1,20.070103,0,0,0,0
105.3742,,0.799824,0.799824,0.799824,0.000001,0.000000,0.000000,0.000000,0,1,0,1,20.149049,0,0,0,0
105.3942,,0.799824,0.799824,0.799825,0.000001,0.000000,0.000000,0.000000,0,1,0,1,20.069391,0,0,0,0
105.4141,,0.799824,0.799824,0.799825,0.000001,0.000000,0.000000,0.000000,0,1,0,1,20.070657,0,0,0,0
105.4343,,0.799824,0.799824,0.799824,0.000001,0.000000,0.000000,0.000000,0,1,0,1,20.070019,0,0,0,0
105.4552,,0.799824,0.799824,0.799824,0.000001,0.000000,0.000000,0.000000,0,1,0,1,20.229034,0,0,0,0
105.4751,,0.799824,0.799824,0.799824,0.000001,0.000000,0.000000,0.000000,0,1,0,1,20.209418,0,0,0,0
105.4950,,0.799824,0.799824,0.799824,0.000001,0.000000,0.000000,0.000000,0,1,0,1,20.231392,0,0,0,0
105.5153,,0.799824,0.799824,0.799825,0.000001,0.000000,0.000000,0.000000,0,1,0,1,20.083737,0,0,0,0
105.5355,,0.799824,0.799824,0.799824,0.000001,0.000000,0.000000,0.000000,0,1,0,1,20.213547,0,0,0,0
105.5564,,0.799824,0.799824,0.799825,0.000001,0.000000,0.000000,0.000000,0,1,0,1,20.211465,0,0,0,0
105.5761,,0.799824,0.799824,0.799824,0.000001,0.000000,0.000000,0.000000,0,1,0,1,20.191954,0,0,0,0
105.5962,,0.799824,0.799824,0.799825,0.000001,0.000000,0.000000,0.000000,0,1,0,1,20.231793,0,0,0,0
105.6164,,0.799824,0.799824,0.799825,0.000001,0.000000,0.000000,0.000000,0,1,0,1,20.067821,0,0,0,0
105.6363,,0.799824,0.799824,0.799824,0.000001,0.000000,0.000000,0.000000,0,1,0,1,20.065727,0,0,0,0
105.6563,,0.799824,0.799824,0.799824,0.000001,0.000000,0.000000,0.000000,0,1,0,1,20.174354,0,0,0,0
105.6762,,0.799824,0.799824,0.799824,0.000001,0.000000,0.000000,0.000000,0,1,0,1,20.156384,0,0,0,0
105.6972,,0.799824,0.799824,0.799824,0.000001,0.000000,0.000000,0.000000,0,1,0,1,20.172006,0,0,0,0
105.7171,,0.799824,0.799824,0.799825,0.000001,0.000000,0.000000,0.000000,0,1,0,1,20.066351,0,0,0,0
105.7371,,0.799824,0.799824,0.799824,0.000001,0.000000,0.000000,0.000000,0,1,0,1,20.066985,0,0,0,0
105.7572,,0.799824,0.799824,0.799825,0.000001,0.000000,0.000000,0.000000,0,1,0,1,20.067781,0,0,0,0
105.7771,,0.799824,0.799824,0.799824,0.000001,0.000000,0.000000,0.000000,0,1,0,1,20.071419,0,0,0,0
105.7975,,0.799824,0.799824,0.799824,0.000001,0.000000,0.000000,0.000000,0,1,0,1,20.069166,0,0,0,0
105.8176,,0.799824,0.799824,0.799824,0.000001,0.000000,0.000000,0.000000,0,1,0,1,20.102640,0,0,0,0
105.8372,,0.799824,0.799824,0.799824,0.000001,0.000000,0.000000,0.000000,0,1,0,1,20.067339,0,0,0,0
105.8571,,0.799824,0.799824,0.799824,0.000001,0.000000,0.000000,0.000000,0,1,0,1,20.099040,0,0,0,0
105.8771,,0.799824,0.799824,0.799824,0.000001,0.000000,0.000000,0.000000,0,1,0,1,20.076129,0,0,0,0
105.8973,,0.799824,0.799824,0.799825,0.000001,0.000000,0.000000,0.000000,0,1,0,1,20.083737,0,0,0,0
105.9182,,0.799824,0.799824,0.799824,0.000001,0.000000,0.000000,0.000000,0,1,0,1,20.121503,0,0,0,0
105.9382,,0.799824,0.799824,0.799825,0.000001,0.000000,0.000000,0.000000,0,1,0,1,20.203454,0,0,0,0
105.9586,,0.799824,0.799824,0.799824,0.000001,0.000000,0.000000,0.000000,0,1,0,1,20.238252,0,0,0,0
105.9783,,0.799824,0.799824,0.799825,0.000001,0.000000,0.000000,0.000000,0,1,0,1,20.028003,0,0,0,0
105.9986,,0.799824,0.799824,0.799824,0.000001,0.000000,0.000000,0.000000,0,1,0,1,20.067772,0,0,0,0
106.0181,,0.799824,0.799824,0.799824,0.000001,0.000000,0.000000,0.000000,0,1,0,1,20.306314,0,0,0,0
106.0392,,0.799824,0.799824,0.799824,0.000001,0.000000,0.000000,0.000000,0,1,0,1,20.179558,0,0,0,0
106.0593,,0.799824,0.799824,0.799825,0.000001,0.000000,0.000000,0.000000,0,1,0,1,20.280738,0,0,0,0
106.0793,,0.799824,0.799824,0.799824,0.000001,0.000000,0.000000,0.000000,0,1,0,1,20.190014,0,0,0,0
106.0992,,0.799824,0.799824,0.799824,0.000001,0.000000,0.000000,0.000000,0,1,0,1,20.062218,0,0,0,0
106.1192,,0.799824,0.799824,0.799825,0.000001,0.000000,0.000000,0.000000,0,1,0,1,20.065914,0,0,0,0
106.1392,,0.799824,0.799824,0.799825,0.000001,0.000000,0.000000,0.000000,0,1,0,1,20.071641,0,0,0,0
106.1596,,0.799824,0.799824,0.799825,0.000001,0.000000,0.000000,0.000000,0,1,0,1,20.070625,0,0,0,0
106.1792,,0.799824,0.799824,0.799825,0.000001,0.000000,0.000000,0.000000,0,1,0,1,20.099737,0,0,0,0
106.2001,,0.799824,0.799824,0.799825,0.000001,0.000000,0.000000,0.000000,0,1,0,1,20.111922,0,0,0,0
106.2204,,0.799824,0.799824,0.799825,0.000001,0.000000,0.000000,0.000000,0,1,0,1,20.174994,0,0,0,0
106.2403,,0.799824,0.799824,0.799825,0.000001,0.000000,0.000000,0.000000,0,1,0,1,20.169392,0,0,0,0
106.2604,,0.799824,0.799824,0.799825,0.000001,0.000000,0.000000,0.000000,0,1,0,1,20.241187,0,0,0,0
106.2802,,0.799824,0.799824,0.799824,0.000001,0.000000,0.000000,0.000000,0,1,0,1,20.071567,0,0,0,0
106.3000,,0.799824,0.799824,0.799825,0.000001,0.000000,0.000000,0.000000,0,1,0,1,20.070033,0,0,0,0
106.3201,,0.799824,0.799824,0.799825,0.000001,0.000000,0.000000,0.000000,0,1,0,1,20.072379,0,0,0,0
106.3414,,0.799824,0.799824,0.799824,0.000001,0.000000,0.000000,0.000000,0,1,0,1,20.216640,0,0,0,0
106.3614,,0.799824,0.799824,0.799825,0.000001,0.000000,0.000000,0.000000,0,1,0,1,20.124056,0,0,0,0
106.3813,,0.799824,0.799824,0.799824,0.000001,0.000000,0.000000,0.000000,0,1,0,1,20.195027,0,0,0,0
106.4013,,0.799824,0.799824,0.799825,0.000001,0.000000,0.000000,0.000000,0,1,0,1,20.255778,0,0,0,0
106.4218,,0.799824,0.799824,0.799825,0.000001,0.000000,0.000000,0.000000,0,1,0,1,20.074322,0,0,0,0
106.4414,,0.799824,0.799824,0.799825,0.000001,0.000000,0.000000,0.000000,0,1,0,1,20.179611,0,0,0,0
106.4623,,0.799824,0.799824,0.799825,0.000001,0.000000,0.000000,0.000000,0,1,0,1,20.107826,0,0,0,0
106.4822,,0.799824,0.799824,0.799825,0.000001,0.000000,0.000000,0.000000,0,1,0,1,20.207047,0,0,0,0
106.5023,,0.799824,0.799824,0.799825,0.000001,0.000000,0.000000,0.000000,0,1,0,1,20.168847,0,0,0,0
106.5225,,0.799824,0.799824,0.799824,0.000001,0.000000,0.000000,0.000000,0,1,0,1,20.118760,0,0,0,0
106.5424,,0.799824,0.799824,0.799824,0.000001,0.000000,0.000000,0.000000,0,1,0,1,20.123126,0,0,0,0
106.5624,,0.799824,0.799824,0.799824,0.000001,0.000000,0.000000,0.000000,0,1,0,1,20.147479,0,0,0,0
106.5821,,0.799824,0.799824,0.799824,0.000001,0.000000,0.000000,0.000000,0,1,0,1,20.179422,0,0,0,0
106.6034,,0.799824,0.799824,0.799824,0.000001,0.000000,0.000000,0.000000,0,1,0,1,20.076256,0,0,0,0
106.6233,,0.799824,0.799824,0.799825,0.000001,0.000000,0.000000,0.000000,0,1,0,1,20.220480,0,0,0,0
106.6433,,0.799824,0.799824,0.799824,0.000001,0.000000,0.000000,0.000000,0,1,0,1,20.202296,0,0,0,0
106.6636,,0.799824,0.799824,0.799824,0.000001,0.000000,0.000000,0.000000,0,1,0,1,20.223720,0,0,0,0
106.6834,,0.799824,0.799824,0.799825,0.000001,0.000000,0.000000,0.000000,0,1,0,1,20.207610,0,0,0,0
106.7043,,0.799824,0.799824,0.799824,0.000001,0.000000,0.000000,0.000000,0,1,0,1,20.199670,0,0,0,0
106.7245,,0.799824,0.799824,0.799824,0.000001,0.000000,0.000000,0.000000,0,1,0,1,20.194762,0,0,0,0
106.7444,,0.799824,0.799824,0.799824,0.000001,0.000000,0.000000,0.000000,0,1,0,1,20.189021,0,0,0,0
106.7643,,0.799824,0.799824,0.799825,0.000001,0.000000,0.000000,0.000000,0,1,0,1,20.219983,0,0,0,0
106.7843,,0.799824,0.799824,0.799824,0.000001,0.000000,0.000000,0.000000,0,1,0,1,20.152854,0,0,0,0
106.8044,,0.799824,0.799824,0.799824,0.000001,0.000000,0.000000,0.000000,0,1,0,1,20.079626,0,0,0,0
106.8253,,0.799824,0.799824,0.799824,0.000001,0.000000,0.000000,0.000000,0,1,0,1,20.165647,0,0,0,0
106.8453,,0.799824,0.799824,0.799824,0.000001,0.000000,0.000000,0.000000,0,1,0,1,20.271521,0,0,0,0
106.8665,,0.799824,0.799824,0.799824,0.000001,0.000000,0.000000,0.000000,0,1,0,1,20.258558,0,0,0,0
106.8854,,0.799824,0.799824,0.799824,0.000001,0.000000,0.000000,0.000000,0,1,0,1,20.185347,0,0,0,0
106.9063,,0.799824,0.799824,0.799824,0.000001,0.000000,0.000000,0.000000,0,1,0,1,20.306155,0,0,0,0
106.9265,,0.799824,0.799824,0.799824,0.000001,0.000000,0.000000,0.000000,0,1,0,1,20.224528,0,0,0,0
106.9464,,0.799824,0.799824,0.799824,0.000001,0.000000,0.000000,0.000000,0,1,0,1,20.184080,0,0,0,0
106.9664,,0.799824,0.799824,0.799824,0.000001,0.000000,0.000000,0.000000,0,1,0,1,20.150731,0,0,0,0
106.9864,,0.799824,0.799824,0.799824,0.000001,0.000000,0.000000,0.000000,0,1,0,1,20.079521,0,0,0,0
107.0063,,0.799824,0.799824,0.799824,0.000001,0.000000,0.000000,0.000000,0,1,0,1,20.079163,0,0,0,0
107.0263,,0.799824,0.799824,0.799824,0.000001,0.000000,0.000000,0.000000,0,1,0,1,20.109385,0,0,0,0
107.0474,,0.799824,0.799824,0.799824,0.000001,0.000000,0.000000,0.000000,0,1,0,1,20.117632,0,0,0,0
107.0673,,0.799824,0.799824,0.799824,0.000001,0.000000,0.000000,0.000000,0,1,0,1,20.113709,0,0,0,0
107.0876,,0.799824,0.799824,0.799824,0.000001,0.000000,0.000000,0.000000,0,1,0,1,20.213629,0,0,0,0
107.1074,,0.799824,0.799824,0.799824,0.000001,0.000000,0.000000,0.000000,0,1,0,1,20.118888,0,0,0,0
107.1274,,0.799824,0.799824,0.799824,0.000001,0.000000,0.000000,0.000000,0,1,0,1,20.204872,0,0,0,0
107.1473,,0.799824,0.799824,0.799824,0.000001,0.000000,0.000000,0.000000,0,1,0,1,20.081186,0,0,0,0
107.1684,,0.799824,0.799824,0.799825,0.000001,0.000000,0.000000,0.000000,0,1,0,1,20.273177,0,0,0,0
107.1885,,0.799824,0.799824,0.799824,0.000001,0.000000,0.000000,0.000000,0,1,0,1,20.211399,0,0,0,0
107.2084,,0.799824,0.799824,0.799825,0.000001,0.000000,0.000000,0.000000,0,1,0,1,20.181550,0,0,0,0
107.2284,,0.799824,0.799824,0.799825,0.000001,0.000000,0.000000,0.000000,0,1,0,1,20.192011,0,0,0,0
107.2483,,0.799824,0.799824,0.799824,0.000001,0.000000,0.000000,0.000000,0,1,0,1,20.076214,0,0,0,0
107.2684,,0.799824,0.799824,0.799824,0.000001,0.000000,0.000000,0.000000,0,1,0,1,20.075348,0,0,0,0
107.2884,,0.799824,0.799824,0.799824,0.000001,0.000000,0.000000,0.000000,0,1,0,1,20.197766,0,0,0,0
107.3094,,0.799824,0.799824,0.799824,0.000001,0.000000,0.000000,0.000000,0,1,0,1,20.199270,0,0,0,0
107.3293,,0.799824,0.799824,0.799825,0.000001,0.000000,0.000000,0.000000,0,1,0,1,20.185122,0,0,0,0
107.3494,,0.799824,0.799824,0.799825,0.000001,0.000000,0.000000,0.000000,0,1,0,1,20.212096,0,0,0,0
107.3694,,0.799824,0.799824,0.799825,0.000001,0.000000,0.000000,0.000000,0,1,0,1,20.084861,0,0,0,0
107.3894,,0.799824,0.799824,0.799825,0.000001,0.000000,0.000000,0.000000,0,1,0,1,20.083711,0,0,0,0
107.4094,,0.799824,0.799824,0.799825,0.000001,0.000000,0.000000,0.000000,0,1,0,1,20.188989,0,0,0,0
107.4304,,0.799824,0.799824,0.799825,0.000001,0.000000,0.000000,0.000000,0,1,0,1,20.156929,0,0,0,0
107.4504,,0.799824,0.799824,0.799824,0.000001,0.000000,0.000000,0.000000,0,1,0,1,20.226416,0,0,0,0
107.4704,,0.799824,0.799824,0.799824,0.000001,0.000000,0.000000,0.000000,0,1,0,1,20.228089,0,0,0,0
107.4903,,0.799824,0.799824,0.799824,0.000001,0.000000,0.000000,0.000000,0,1,0,1,20.108090,0,0,0,0
107.5104,,0.799824,0.799824,0.799825,0.000001,0.000000,0.000000,0.000000,0,1,0,1,20.319620,0,0,0,0
107.5313,,0.799824,0.799824,0.799824,0.000001,0.000000,0.000000,0.000000,0,1,0,1,20.104340,0,0,0,0
107.5513,,0.799824,0.799824,0.799824,0.000001,0.000000,0.000000,0.000000,0,1,0,1,20.153693,0,0,0,0
107.5714,,0.799824,0.799824,0.799825,0.000001,0.000000,0.000000,0.000000,0,1,0,1,20.399115,0,0,0,0
107.5914,,0.799824,0.799824,0.799825,0.000001,0.000000,0.000000,0.000000,0,1,0,1,20.068144,0,0,0,0
107.6115,,0.799824,0.799824,0.799824,0.000001,0.000000,0.000000,0.000000,0,1,0,1,20.064713,0,0,0,0
107.6313,,0.799824,0.799824,0.799825,0.000001,0.000000,0.000000,0.000000,0,1,0,1,20.068741,0,0,0,0
107.6524,,0.799824,0.799824,0.799824,0.000001,0.000000,0.000000,0.000000,0,1,0,1,20.212372,0,0,0,0
107.6723,,0.799824,0.799824,0.799824,0.000001,0.000000,0.000000,0.000000,0,1,0,1,20.160625,0,0,0,0
107.6924,,0.799824,0.799824,0.799825,0.000001,0.000000,0.000000,0.000000,0,1,0,1,20.169278,0,0,0,0
107.7124,,0.799824,0.799824,0.799825,0.000001,0.000000,0.000000,0.000000,0,1,0,1,20.185298,0,0,0,0
107.7322,,0.799824,0.799824,0.799824,0.000001,0.000000,0.000000,0.000000,0,1,0,1,20.249526,0,0,0,0
107.7533,,0.799824,0.799824,0.799825,0.000001,0.000000,0.000000,0.000000,0,1,0,1,20.272316,0,0,0,0
107.7733,,0.799824,0.799824,0.799825,0.000001,0.000000,0.000000,0.000000,0,1,0,1,20.196915,0,0,0,0
107.7934,,0.799824,0.799824,0.799825,0.000001,0.000000,0.000000,0.000000,0,1,0,1,20.239786,0,0,0,0
107.8132,,0.799824,0.799824,0.799825,0.000001,0.000000,0.000000,0.000000,0,1,0,1,20.279686,0,0,0,0
107.8343,,0.799824,0.799824,0.799825,0.000001,0.000000,0.000000,0.000000,0,1,0,1,20.223865,0,0,0,0
107.8543,,0.799824,0.799824,0.799825,0.000001,0.000000,0.000000,0.000000,0,1,0,1,20.106441,0,0,0,0
107.8743,,0.799824,0.799824,0.799825,0.000001,0.000000,0.000000,0.000000,0,1,0,1,20.113832,0,0,0,0
107.8943,,0.799824,0.799824,0.799825,0.000001,0.000000,0.000000,0.000000,0,1,0,1,20.214650,0,0,0,0
107.9143,,0.799824,0.799824,0.799825,0.000001,0.000000,0.000000,0.000000,0,1,0,1,20.178318,0,0,0,0
107.9343,,0.799824,0.799824,0.799825,0.000001,0.000000,0.000000,0.000000,0,1,0,1,20.073867,0,0,0,0
107.9542,,0.799824,0.799824,0.799825,0.000001,0.000000,0.000000,0.000000,0,1,0,1,20.073236,0,0,0,0
107.9742,,0.799824,0.799824,0.799825,0.000001,0.000000,0.000000,0.000000,0,1,0,1,20.077676,0,0,0,0
107.9942,,0.799824,0.799824,0.799825,0.000001,0.000000,0.000000,0.000000,0,1,0,1,20.073991,0,0,0,0
108.0152,,0.799824,0.799824,0.799825,0.000001,0.000000,0.000000,0.000000,0,1,0,1,20.074704,0,0,0,0
108.0352,,0.799824,0.799824,0.799825,0.000001,0.000000,0.000000,0.000000,0,1,0,1,20.099199,0,0,0,0
108.0552,,0.799824,0.799824,0.799824,0.000001,0.000000,0.000000,0.000000,0,1,0,1,20.106646,0,0,0,0
108.0752,,0.799824,0.799824,0.799824,0.000001,0.000000,0.000000,0.000000,0,1,0,1,20.106583,0,0,0,0
108.0953,,0.799824,0.799824,0.799824,0.000001,0.000000,0.000000,0.000000,0,1,0,1,20.107155,0,0,0,0
108.1152,,0.799824,0.799824,0.799824,0.000001,0.000000,0.000000,0.000000,0,1,0,1,20.069697,0,0,0,0
108.1354,,0.799824,0.799824,0.799825,0.000001,0.000000,0.000000,0.000000,0,1,0,1,20.088694,0,0,0,0
108.1552,,0.799824,0.799824,0.799824,0.000001,0.000000,0.000000,0.000000,0,1,0,1,20.077173,0,0,0,0
108.1752,,0.799824,0.799824,0.799824,0.000001,0.000000,0.000000,0.000000,0,1,0,1,20.076334,0,0,0,0
108.1952,,0.799824,0.799824,0.799825,0.000001,0.000000,0.000000,0.000000,0,1,0,1,20.160016,0,0,0,0
108.2152,,0.799824,0.799824,0.799825,0.000001,0.000000,0.000000,0.000000,0,1,0,1,20.068773,0,0,0,0
108.2363,,0.799824,0.799824,0.799824,0.000001,0.000000,0.000000,0.000000,0,1,0,1,20.097817,0,0,0,0
108.2563,,0.799824,0.799824,0.799824,0.000001,0.000000,0.000000,0.000000,0,1,0,1,20.109675,0,0,0,0
108.2763,,0.799824,0.799824,0.799825,0.000001,0.000000,0.000000,0.000000,0,1,0,1,20.074631,0,0,0,0
108.2963,,0.799824,0.799824,0.799825,0.000001,0.000000,0.000000,0.000000,0,1,0,1,20.269069,0,0,0,0
108.3164,,0.799824,0.799824,0.799825,0.000001,0.000000,0.000000,0.000000,0,1,0,1,20.154132,0,0,0,0
108.3363,,0.799824,0.799824,0.799825,0.000001,0.000000,0.000000,0.000000,0,1,0,1,20.154465,0,0,0,0
108.3573,,0.799824,0.799824,0.799825,0.000001,0.000000,0.000000,0.000000,0,1,0,1,20.248932,0,0,0,0
108.3773,,0.799824,0.799824,0.799825,0.000001,0.000000,0.000000,0.000000,0,1,0,1,20.241554,0,0,0,0
108.3974,,0.799824,0.799824,0.799825,0.000001,0.000000,0.000000,0.000000,0,1,0,1,20.197155,0,0,0,0
108.4173,,0.799824,0.799824,0.799825,0.000001,0.000000,0.000000,0.000000,0,1,0,1,20.122984,0,0,0,0
108.4376,,0.799824,0.799824,0.799824,0.000001,0.000000,0.000000,0.000000,0,1,0,1,20.273358,0,0,0,0
108.4584,,0.799824,0.799824,0.799825,0.000001,0.000000,0.000000,0.000000,0,1,0,1,20.219829,0,0,0,0
108.4784,,0.799824,0.799824,0.799825,0.000001,0.000000,0.000000,0.000000,0,1,0,1,20.169334,0,0,0,0
108.4984,,0.799824,0.799824,0.799825,0.000001,0.000000,0.000000,0.000000,0,1,0,1,20.173044,0,0,0,0
108.5183,,0.799824,0.799824,0.799824,0.000001,0.000000,0.000000,0.000000,0,1,0,1,20.178226,0,0,0,0
108.5382,,0.799824,0.799824,0.799824,0.000001,0.000000,0.000000,0.000000,0,1,0,1,20.205494,0,0,0,0
108.5592,,0.799824,0.799824,0.799824,0.000001,0.000000,0.000000,0.000000,0,1,0,1,20.210696,0,0,0,0
108.5793,,0.799824,0.799824,0.799825,0.000001,0.000000,0.000000,0.000000,0,1,0,1,20.190656,0,0,0,0
108.5993,,0.799824,0.799824,0.799825,0.000001,0.000000,0.000000,0.000000,0,1,0,1,20.209517,0,0,0,0
108.6192,,0.799824,0.799824,0.799824,0.000001,0.000000,0.000000,0.000000,0,1,0,1,20.281550,0,0,0,0
108.6403,,0.799824,0.799824,0.799824,0.000001,0.000000,0.000000,0.000000,0,1,0,1,20.229737,0,0,0,0
108.6602,,0.799824,0.799824,0.799825,0.000001,0.000000,0.000000,0.000000,0,1,0,1,20.237898,0,0,0,0
108.6803,,0.799824,0.799824,0.799824,0.000001,0.000000,0.000000,0.000000,0,1,0,1,20.115822,0,0,0,0
108.7003,,0.799824,0.799824,0.799824,0.000001,0.000000,0.000000,0.000000,0,1,0,1,20.239606,0,0,0,0
108.7204,,0.799824,0.799824,0.799824,0.000001,0.000000,0.000000,0.000000,0,1,0,1,20.217374,0,0,0,0
108.7413,,0.799824,0.799824,0.799824,0.000001,0.000000,0.000000,0.000000,0,1,0,1,20.217167,0,0,0,0
108.7613,,0.799824,0.799824,0.799824,0.000001,0.000000,0.000000,0.000000,0,1,0,1,20.223284,0,0,0,0
108.7813,,0.799824,0.799824,0.799824,0.000001,0.000000,0.000000,0.000000,0,1,0,1,20.201627,0,0,0,0
108.8014,,0.799824,0.799824,0.799825,0.000001,0.000000,0.000000,0.000000,0,1,0,1,20.196991,0,0,0,0
108.8213,,0.799824,0.799824,0.799825,0.000001,0.000000,0.000000,0.000000,0,1,0,1,20.078271,0,0,0,0
108.8414,,0.799824,0.799824,0.799824,0.000001,0.000000,0.000000,0.000000,0,1,0,1,20.083083,0,0,0,0
108.8624,,0.799824,0.799824,0.799824,0.000001,0.000000,0.000000,0.000000,0,1,0,1,20.272540,0,0,0,0
108.8824,,0.799824,0.799824,0.799825,0.000001,0.000000,0.000000,0.000000,0,1,0,1,20.074562,0,0,0,0
108.9025,,0.799824,0.799824,0.799824,0.000001,0.000000,0.000000,0.000000,0,1,0,1,20.266770,0,0,0,0
108.9225,,0.799824,0.799824,0.799824,0.000001,0.000000,0.000000,0.000000,0,1,0,1,20.226850,0,0,0,0
108.9423,,0.799824,0.799824,0.799824,0.000001,0.000000,0.000000,0.000000,0,1,0,1,20.161665,0,0,0,0
108.9625,,0.799824,0.799824,0.799824,0.000001,0.000000,0.000000,0.000000,0,1,0,1,20.082943,0,0,0,0
108.9834,,0.799824,0.799824,0.799824,0.000001,0.000000,0.000000,0.000000,0,1,0,1,20.085566,0,0,0,0
109.0033,,0.799824,0.799824,0.799824,0.000001,0.000000,0.000000,0.000000,0,1,0,1,20.112936,0,0,0,0
109.0234,,0.799824,0.799824,0.799824,0.000001,0.000000,0.000000,0.000000,0,1,0,1,20.205726,0,0,0,0
109.0434,,0.799824,0.799824,0.799824,0.000001,0.000000,0.000000,0.000000,0,1,0,1,20.218638,0,0,0,0
109.0633,,0.799824,0.799824,0.799825,0.000001,0.000000,0.000000,0.000000,0,1,0,1,20.106777,0,0,0,0
109.0833,,0.799824,0.799824,0.799825,0.000001,0.000000,0.000000,0.000000,0,1,0,1,20.068398,0,0,0,0
109.1033,,0.799824,0.799824,0.799824,0.000001,0.000000,0.000000,0.000000,0,1,0,1,20.070289,0,0,0,0
109.1234,,0.799824,0.799824,0.799824,0.000001,0.000000,0.000000,0.000000,0,1,0,1,20.130526,0,0,0,0
109.1432,,0.799824,0.799824,0.799825,0.000001,0.000000,0.000000,0.000000,0,1,0,1,20.090479,0,0,0,0
109.1643,,0.799824,0.799824,0.799825,0.000001,0.000000,0.000000,0.000000,0,1,0,1,20.182259,0,0,0,0
109.1843,,0.799824,0.799824,0.799825,0.000001,0.000000,0.000000,0.000000,0,1,0,1,20.101008,0,0,0,0
109.2042,,0.799824,0.799824,0.799824,0.000001,0.000000,0.000000,0.000000,0,1,0,1,20.087573,0,0,0,0
109.2244,,0.799824,0.799824,0.799824,0.000001,0.000000,0.000000,0.000000,0,1,0,1,20.148225,0,0,0,0
109.2442,,0.799824,0.799824,0.799824,0.000001,0.000000,0.000000,0.000000,0,1,0,1,20.066428,0,0,0,0
109.2643,,0.799824,0.799824,0.799825,0.000001,0.000000,0.000000,0.000000,0,1,0,1,20.071263,0,0,0,0
109.2844,,0.799824,0.799824,0.799825,0.000001,0.000000,0.000000,0.000000,0,1,0,1,20.075723,0,0,0,0
109.3043,,0.799824,0.799824,0.799825,0.000001,0.000000,0.000000,0.000000,0,1,0,1,20.075910,0,0,0,0
109.3253,,0.799824,0.799824,0.799825,0.000001,0.000000,0.000000,0.000000,0,1,0,1,20.213366,0,0,0,0
109.3453,,0.799824,0.799824,0.799825,0.000001,0.000000,0.000000,0.000000,0,1,0,1,20.075945,0,0,0,0
109.3653,,0.799824,0.799824,0.799825,0.000001,0.000000,0.000000,0.000000,0,1,0,1,20.078584,0,0,0,0
109.3854,,0.799824,0.799824,0.799825,0.000001,0.000000,0.000000,0.000000,0,1,0,1,20.077109,0,0,0,0
109.4053,,0.799824,0.799824,0.799825,0.000001,0.000000,0.000000,0.000000,0,1,0,1,20.371889,0,0,0,0
109.4252,,0.799824,0.799824,0.799824,0.000001,0.000000,0.000000,0.000000,0,1,0,1,20.081962,0,0,0,0
109.4453,,0.799824,0.799824,0.799824,0.000001,0.000000,0.000000,0.000000,0,1,0,1,20.080558,0,0,0,0
109.4652,,0.799824,0.799824,0.799824,0.000001,0.000000,0.000000,0.000000,0,1,0,1,20.198245,0,0,0,0
109.4863,,0.799824,0.799824,0.799825,0.000001,0.000000,0.000000,0.000000,0,1,0,1,20.119915,0,0,0,0
109.5063,,0.799824,0.799824,0.799825,0.000001,0.000000,0.000000,0.000000,0,1,0,1,20.119151,0,0,0,0
109.5264,,0.799824,0.799824,0.799825,0.000001,0.000000,0.000000,0.000000,0,1,0,1,20.170879,0,0,0,0
109.5465,,0.799824,0.799824,0.799825,0.000001,0.000000,0.000000,0.000000,0,1,0,1,20.133113,0,0,0,0
109.5663,,0.799824,0.799824,0.799825,0.000001,0.000000,0.000000,0.000000,0,1,0,1,20.074737,0,0,0,0
109.5863,,0.799824,0.799824,0.799825,0.000001,0.000000,0.000000,0.000000,0,1,0,1,20.113433,0,0,0,0
109.6063,,0.799824,0.799824,0.799825,0.000001,0.000000,0.000000,0.000000,0,1,0,1,20.116555,0,0,0,0
109.6264,,0.799824,0.799824,0.799825,0.000001,0.000000,0.000000,0.000000,0,1,0,1,20.076193,0,0,0,0
109.6473,,0.799824,0.799824,0.799825,0.000001,0.000000,0.000000,0.000000,0,1,0,1,20.148450,0,0,0,0
109.6673,,0.799824,0.799824,0.799825,0.000001,0.000000,0.000000,0.000000,0,1,0,1,20.196648,0,0,0,0
109.6873,,0.799824,0.799824,0.799825,0.000001,0.000000,0.000000,0.000000,0,1,0,1,20.227090,0,0,0,0
109.7074,,0.799824,0.799824,0.799825,0.000001,0.000000,0.000000,0.000000,0,1,0,1,20.153114,0,0,0,0
109.7273,,0.799824,0.799824,0.799825,0.000001,0.000000,0.000000,0.000000,0,1,0,1,20.105528,0,0,0,0
109.7472,,0.799824,0.799824,0.799825,0.000001,0.000000,0.000000,0.000000,0,1,0,1,20.188744,0,0,0,0
109.7683,,0.799824,0.799824,0.799825,0.000001,0.000000,0.000000,0.000000,0,1,0,1,20.226113,0,0,0,0
109.7884,,0.799824,0.799824,0.799825,0.000001,0.000000,0.000000,0.000000,0,1,0,1,20.218503,0,0,0,0
109.8083,,0.799824,0.799824,0.799825,0.000001,0.000000,0.000000,0.000000,0,1,0,1,20.202047,0,0,0,0
109.8283,,0.799824,0.799824,0.799825,0.000001,0.000000,0.000000,0.000000,0,1,0,1,20.218945,0,0,0,0
109.8493,,0.799824,0.799824,0.799825,0.000001,0.000000,0.000000,0.000000,0,1,0,1,20.220285,0,0,0,0
109.8693,,0.799824,0.799824,0.799825,0.000001,0.000000,0.000000,0.000000,0,1,0,1,20.230159,0,0,0,0
109.8894,,0.799824,0.799824,0.799825,0.000001,0.000000,0.000000,0.000000,0,1,0,1,20.196287,0,0,0,0
109.9092,,0.799824,0.799824,0.799825,0.000001,0.000000,0.000000,0.000000,0,1,0,1,20.256740,0,0,0,0
109.9293,,0.799824,0.799824,0.799825,0.000001,0.000000,0.000000,0.000000,0,1,0,1,20.197873,0,0,0,0
109.9504,,0.799824,0.799824,0.799825,0.000001,0.000000,0.000000,0.000000,0,1,0,1,20.170753,0,0,0,0
109.9703,,0.799824,0.799824,0.799825,0.000001,0.000000,0.000000,0.000000,0,1,0,1,20.049177,0,0,0,0
109.9903,,0.799824,0.799824,0.799825,0.000001,0.000000,0.000000,0.000000,0,1,0,1,20.077326,0,0,0,0
110.0103,,0.799824,0.799824,0.799825,0.000001,0.000000,0.000000,0.000000,0,1,0,1,20.082420,0,0,0,0
110.0304,,0.799824,0.799824,0.799825,0.000001,0.000000,0.000000,0.000000,0,1,0,1,20.126257,0,0,0,0
110.0502,,0.799824,0.799824,0.799825,0.000001,0.000000,0.000000,0.000000,0,1,0,1,20.208141,0,0,0,0
110.0703,,0.799824,0.799824,0.799825,0.000001,0.000000,0.000000,0.000000,0,1,0,1,20.192013,0,0,0,0
110.0914,,0.799824,0.799824,0.799825,0.000001,0.000000,0.000000,0.000000,0,1,0,1,20.199068,0,0,0,0
110.1114,,0.799824,0.799824,0.799825,0.000001,0.000000,0.000000,0.000000,0,1,0,1,20.208462,0,0,0,0
110.1313,,0.799824,0.799824,0.799825,0.000001,0.000000,0.000000,0.000000,0,1,0,1,20.187426,0,0,0,0
110.1514,,0.799824,0.799824,0.799825,0.000001,0.000000,0.000000,0.000000,0,1,0,1,20.205932,0,0,0,0
110.1712,,0.799824,0.799824,0.799825,0.000001,0.000000,0.000000,0.000000,0,1,0,1,20.280285,0,0,0,0
110.1924,,0.799824,0.799824,0.799825,0.000001,0.000000,0.000000,0.000000,0,1,0,1,20.194955,0,0,0,0
110.2123,,0.799824,0.799824,0.799825,0.000001,0.000000,0.000000,0.000000,0,1,0,1,20.184184,0,0,0,0
110.2323,,0.799824,0.799824,0.799824,0.000001,0.000000,0.000000,0.000000,0,1,0,1,20.250137,0,0,0,0
110.2524,,0.799824,0.799824,0.799825,0.000001,0.000000,0.000000,0.000000,0,1,0,1,20.223830,0,0,0,0
110.2722,,0.799824,0.799824,0.799824,0.000001,0.000000,0.000000,0.000000,0,1,0,1,20.198886,0,0,0,0
110.2933,,0.799824,0.799824,0.799824,0.000001,0.000000,0.000000,0.000000,0,1,0,1,20.109300,0,0,0,0
110.3134,,0.799824,0.799824,0.799825,0.000001,0.000000,0.000000,0.000000,0,1,0,1,20.086124,0,0,0,0
110.3332,,0.799824,0.799824,0.799824,0.000001,0.000000,0.000000,0.000000,0,1,0,1,20.112361,0,0,0,0
110.3533,,0.799824,0.799824,0.799824,0.000001,0.000000,0.000000,0.000000,0,1,0,1,20.218958,0,0,0,0
110.3733,,0.799824,0.799824,0.799825,0.000001,0.000000,0.000000,0.000000,0,1,0,1,20.256860,0,0,0,0
110.3932,,0.799824,0.799824,0.799825,0.000001,0.000000,0.000000,0.000000,0,1,0,1,20.208990,0,0,0,0
110.4144,,0.799824,0.799824,0.799825,0.000001,0.000000,0.000000,0.000000,0,1,0,1,20.203657,0,0,0,0
110.4344,,0.799824,0.799824,0.799825,0.000001,0.000000,0.000000,0.000000,0,1,0,1,20.183075,0,0,0,0
110.4544,,0.799824,0.799824,0.799825,0.000001,0.000000,0.000000,0.000000,0,1,0,1,20.207637,0,0,0,0
110.4745,,0.799824,0.799824,0.799825,0.000001,0.000000,0.000000,0.000000,0,1,0,1,20.260803,0,0,0,0
110.4944,,0.799824,0.799824,0.799825,0.000001,0.000000,0.000000,0.000000,0,1,0,1,20.198764,0,0,0,0
110.5154,,0.799824,0.799824,0.799825,0.000001,0.000000,0.000000,0.000000,0,1,0,1,20.281578,0,0,0,0
110.5354,,0.799824,0.799824,0.799825,0.000001,0.000000,0.000000,0.000000,0,1,0,1,20.271945,0,0,0,0
110.5554,,0.799824,0.799824,0.799825,0.000001,0.000000,0.000000,0.000000,0,1,0,1,20.218287,0,0,0,0
110.5764,,0.799824,0.799824,0.799825,0.000001,0.000000,0.000000,0.000000,0,1,0,1,20.231031,0,0,0,0
110.5965,,0.799824,0.799824,0.799825,0.000001,0.000000,0.000000,0.000000,0,1,0,1,20.125727,0,0,0,0
110.6164,,0.799824,0.799824,0.799825,0.000001,0.000000,0.000000,0.000000,0,1,0,1,20.242324,0,0,0,0
110.6365,,0.799824,0.799824,0.799825,0.000001,0.000000,0.000000,0.000000,0,1,0,1,20.219906,0,0,0,0
110.6564,,0.799824,0.799824,0.799825,0.000001,0.000000,0.000000,0.000000,0,1,0,1,20.231942,0,0,0,0
110.6762,,0.799824,0.799824,0.799825,0.000001,0.000000,0.000000,0.000000,0,1,0,1,20.083849,0,0,0,0
110.6962,,0.799824,0.799824,0.799825,0.000001,0.000000,0.000000,0.000000,0,1,0,1,20.109608,0,0,0,0
110.7176,,0.799824,0.799824,0.799825,0.000001,0.000000,0.000000,0.000000,0,1,0,1,20.074406,0,0,0,0
110.7376,,0.799824,0.799824,0.799825,0.000001,0.000000,0.000000,0.000000,0,1,0,1,20.069728,0,0,0,0
110.7575,,0.799824,0.799824,0.799825,0.000001,0.000000,0.000000,0.000000,0,1,0,1,20.155224,0,0,0,0
110.7774,,0.799824,0.799824,0.799825,0.000001,0.000000,0.000000,0.000000,0,1,0,1,20.192938,0,0,0,0
110.7974,,0.799824,0.799824,0.799825,0.000001,0.000000,0.000000,0.000000,0,1,0,1,20.164411,0,0,0,0
110.8172,,0.799824,0.799824,0.799825,0.000001,0.000000,0.000000,0.000000,0,1,0,1,20.110914,0,0,0,0
110.8384,,0.799824,0.799824,0.799825,0.000001,0.000000,0.000000,0.000000,0,1,0,1,20.261810,0,0,0,0
110.8584,,0.799824,0.799824,0.799825,0.000001,0.000000,0.000000,0.000000,0,1,0,1,20.100251,0,0,0,0
110.8783,,0.799824,0.799824,0.799825,0.000001,0.000000,0.000000,0.000000,0,1,0,1,20.073641,0,0,0,0
110.8982,,0.799824,0.799824,0.799825,0.000001,0.000000,0.000000,0.000000,0,1,0,1,20.062706,0,0,0,0
110.9183,,0.799824,0.799824,0.799825,0.000001,0.000000,0.000000,0.000000,0,1,0,1,20.077019,0,0,0,0
110.9383,,0.799824,0.799824,0.799825,0.000001,0.000000,0.000000,0.000000,0,1,0,1,20.076008,0,0,0,0
110.9583,,0.799824,0.799824,0.799825,0.000001,0.000000,0.000000,0.000000,0,1,0,1,20.205490,0,0,0,0
110.9785,,0.799824,0.799824,0.799825,0.000001,0.000000,0.000000,0.000000,0,1,0,1,20.274606,0,0,0,0
110.9994,,0.799824,0.799824,0.799825,0.000001,0.000000,0.000000,0.000000,0,1,0,1,20.197273,0,0,0,0
111.0195,,0.799824,0.799824,0.799825,0.000001,0.000000,0.000000,0.000000,0,1,0,1,20.212829,0,0,0,0
111.0395,,0.799824,0.799824,0.799825,0.000001,0.000000,0.000000,0.000000,0,1,0,1,20.228132,0,0,0,0
111.0594,,0.799824,0.799824,0.799825,0.000001,0.000000,0.000000,0.000000,0,1,0,1,20.287658,0,0,0,0
111.0804,,0.799824,0.799824,0.799825,0.000001,0.000000,0.000000,0.000000,0,1,0,1,20.179741,0,0,0,0
111.1004,,0.799824,0.799824,0.799825,0.000001,0.000000,0.000000,0.000000,0,1,0,1,20.400915,0,0,0,0
111.1204,,0.799824,0.799824,0.799825,0.000001,0.000000,0.000000,0.000000,0,1,0,1,20.301053,0,0,0,0
111.1404,,0.799824,0.799824,0.799825,0.000001,0.000000,0.000000,0.000000,0,1,0,1,20.203582,0,0,0,0
111.1614,,0.799824,0.799824,0.799824,0.000001,0.000000,0.000000,0.000000,0,1,0,1,20.283066,0,0,0,0
111.1813,,0.799824,0.799824,0.799825,0.000001,0.000000,0.000000,0.000000,0,1,0,1,20.218247,0,0,0,0
111.2015,,0.799824,0.799824,0.799825,0.000001,0.000000,0.000000,0.000000,0,1,0,1,20.254341,0,0,0,0
111.2214,,0.799824,0.799824,0.799825,0.000001,0.000000,0.000000,0.000000,0,1,0,1,20.247339,0,0,0,0
111.2423,,0.799824,0.799824,0.799825,0.000001,0.000000,0.000000,0.000000,0,1,0,1,20.229226,0,0,0,0
111.2624,,0.799824,0.799824,0.799825,0.000001,0.000000,0.000000,0.000000,0,1,0,1,20.196197,0,0,0,0
111.2825,,0.799824,0.799824,0.799825,0.000001,0.000000,0.000000,0.000000,0,1,0,1,20.267219,0,0,0,0
111.3025,,0.799824,0.799824,0.799825,0.000001,0.000000,0.000000,0.000000,0,1,0,1,20.262919,0,0,0,0
111.3234,,0.799824,0.799824,0.799825,0.000001,0.000000,0.000000,0.000000,0,1,0,1,20.216913,0,0,0,0
111.3435,,0.799824,0.799824,0.799825,0.000001,0.000000,0.000000,0.000000,0,1,0,1,20.198024,0,0,0,0
111.3635,,0.799824,0.799824,0.799825,0.000001,0.000000,0.000000,0.000000,0,1,0,1,20.209030,0,0,0,0
111.3833,,0.799824,0.799824,0.799825,0.000001,0.000000,0.000000,0.000000,0,1,0,1,20.218918,0,0,0,0
111.4032,,0.799824,0.799824,0.799825,0.000001,0.000000,0.000000,0.000000,0,1,0,1,20.077773,0,0,0,0
111.4244,,0.799824,0.799824,0.799825,0.000001,0.000000,0.000000,0.000000,0,1,0,1,20.314859,0,0,0,0
111.4444,,0.799824,0.799824,0.799825,0.000001,0.000000,0.000000,0.000000,0,1,0,1,20.193258,0,0,0,0
111.4645,,0.799824,0.799824,0.799825,0.000001,0.000000,0.000000,0.000000,0,1,0,1,20.220659,0,0,0,0
111.4844,,0.799824,0.799824,0.799825,0.000001,0.000000,0.000000,0.000000,0,1,0,1,20.283970,0,0,0,0
111.5054,,0.799824,0.799824,0.799825,0.000001,0.000000,0.000000,0.000000,0,1,0,1,20.213624,0,0,0,0
111.5254,,0.799824,0.799824,0.799825,0.000001,0.000000,0.000000,0.000000,0,1,0,1,20.187788,0,0,0,0
111.5454,,0.799824,0.799824,0.799825,0.000001,0.000000,0.000000,0.000000,0,1,0,1,20.244014,0,0,0,0
111.5654,,0.799824,0.799824,0.799825,0.000001,0.000000,0.000000,0.000000,0,1,0,1,20.350434,0,0,0,0
111.5865,,0.799824,0.799824,0.799825,0.000001,0.000000,0.000000,0.000000,0,1,0,1,20.313461,0,0,0,0
111.6064,,0.799824,0.799824,0.799825,0.000001,0.000000,0.000000,0.000000,0,1,0,1,20.279475,0,0,0,0
111.6264,,0.799824,0.799824,0.799825,0.000001,0.000000,0.000000,0.000000,0,1,0,1,20.256308,0,0,0,0
111.6464,,0.799824,0.799824,0.799824,0.000001,0.000000,0.000000,0.000000,0,1,0,1,20.190378,0,0,0,0
111.6677,,0.799824,0.799824,0.799825,0.000001,0.000000,0.000000,0.000000,0,1,0,1,20.137011,0,0,0,0
111.6874,,0.799824,0.799824,0.799825,0.000001,0.000000,0.000000,0.000000,0,1,0,1,20.140239,0,0,0,0
111.7073,,0.799824,0.799824,0.799825,0.000001,0.000000,0.000000,0.000000,0,1,0,1,20.288052,0,0,0,0
111.7273,,0.799824,0.799824,0.799825,0.000001,0.000000,0.000000,0.000000,0,1,0,1,20.219724,0,0,0,0
111.7473,,0.799824,0.799824,0.799825,0.000001,0.000000,0.000000,0.000000,0,1,0,1,20.109503,0,0,0,0
111.7672,,0.799824,0.799824,0.799825,0.000001,0.000000,0.000000,0.000000,0,1,0,1,20.211161,0,0,0,0
111.7884,,0.799824,0.799824,0.799825,0.000001,0.000000,0.000000,0.000000,0,1,0,1,20.091207,0,0,0,0
111.8083,,0.799824,0.799824,0.799825,0.000001,0.000000,0.000000,0.000000,0,1,0,1,20.194635,0,0,0,0
111.8283,,0.799824,0.799824,0.799824,0.000001,0.000000,0.000000,0.000000,0,1,0,1,20.191212,0,0,0,0
111.8483,,0.799824,0.799824,0.799825,0.000001,0.000000,0.000000,0.000000,0,1,0,1,20.223095,0,0,0,0
111.8682,,0.799824,0.799824,0.799824,0.000001,0.000000,0.000000,0.000000,0,1,0,1,20.286292,0,0,0,0
111.8893,,0.799824,0.799824,0.799825,0.000001,0.000000,0.000000,0.000000,0,1,0,1,20.109497,0,0,0,0
111.9094,,0.799824,0.799824,0.799825,0.000001,0.000000,0.000000,0.000000,0,1,0,1,20.229372,0,0,0,0
111.9293,,0.799824,0.799824,0.799825,0.000001,0.000000,0.000000,0.000000,0,1,0,1,20.226507,0,0,0,0
111.9494,,0.799824,0.799824,0.799825,0.000001,0.000000,0.000000,0.000000,0,1,0,1,20.225400,0,0,0,0
111.9702,,0.799824,0.799824,0.799825,0.000001,0.000000,0.000000,0.000000,0,1,0,1,20.260885,0,0,0,0
111.9904,,0.799824,0.799824,0.799825,0.000001,0.000000,0.000000,0.000000,0,1,0,1,20.166881,0,0,0,0
112.0104,,0.799824,0.799824,0.799825,0.000001,0.000000,0.000000,0.000000,0,1,0,1,20.188561,0,0,0,0
112.0304,,0.799824,0.799824,0.799825,0.000001,0.000000,0.000000,0.000000,0,1,0,1,20.306907,0,0,0,0
112.0504,,0.799824,0.799824,0.799825,0.000001,0.000000,0.000000,0.000000,0,1,0,1,20.200362,0,0,0,0
112.0705,,0.799824,0.799824,0.799825,0.000001,0.000000,0.000000,0.000000,0,1,0,1,20.083176,0,0,0,0
112.0914,,0.799824,0.799824,0.799825,0.000001,0.000000,0.000000,0.000000,0,1,0,1,20.236766,0,0,0,0
112.1113,,0.799824,0.799824,0.799825,0.000001,0.000000,0.000000,0.000000,0,1,0,1,20.194738,0,0,0,0
112.1315,,0.799824,0.799824,0.799825,0.000001,0.000000,0.000000,0.000000,0,1,0,1,20.287547,0,0,0,0
112.1513,,0.799824,0.799824,0.799825,0.000001,0.000000,0.000000,0.000000,0,1,0,1,20.077641,0,0,0,0
112.1725,,0.799824,0.799824,0.799825,0.000001,0.000000,0.000000,0.000000,0,1,0,1,20.289774,0,0,0,0
112.1924,,0.799824,0.799824,0.799825,0.000001,0.000000,0.000000,0.000000,0,1,0,1,20.219648,0,0,0,0
112.2123,,0.799824,0.799824,0.799825,0.000001,0.000000,0.000000,0.000000,0,1,0,1,20.184695,0,0,0,0
112.2322,,0.799824,0.799824,0.799825,0.000001,0.000000,0.000000,0.000000,0,1,0,1,20.222890,0,0,0,0
112.2522,,0.799824,0.799824,0.799825,0.000001,0.000000,0.000000,0.000000,0,1,0,1,20.235891,0,0,0,0
112.2732,,0.799824,0.799824,0.799825,0.000001,0.000000,0.000000,0.000000,0,1,0,1,20.204244,0,0,0,0
112.2932,,0.799824,0.799824,0.799825,0.000001,0.000000,0.000000,0.000000,0,1,0,1,20.272302,0,0,0,0
112.3132,,0.799824,0.799824,0.799825,0.000001,0.000000,0.000000,0.000000,0,1,0,1,20.240245,0,0,0,0
112.3332,,0.799824,0.799824,0.799825,0.000001,0.000000,0.000000,0.000000,0,1,0,1,20.123391,0,0,0,0
112.3535,,0.799824,0.799824,0.799825,0.000001,0.000000,0.000000,0.000000,0,1,0,1,20.070206,0,0,0,0
112.3735,,0.799824,0.799824,0.799825,0.000001,0.000000,0.000000,0.000000,0,1,0,1,20.085105,0,0,0,0
112.3933,,0.799824,0.799824,0.799825,0.000001,0.000000,0.000000,0.000000,0,1,0,1,20.104146,0,0,0,0
112.4144,,0.799824,0.799824,0.799825,0.000001,0.000000,0.000000,0.000000,0,1,0,1,20.101960,0,0,0,0
112.4343,,0.799824,0.799824,0.799825,0.000001,0.000000,0.000000,0.000000,0,1,0,1,20.083471,0,0,0,0
112.4545,,0.799824,0.799824,0.799825,0.000001,0.000000,0.000000,0.000000,0,1,0,1,20.097678,0,0,0,0
112.4742,,0.799824,0.799824,0.799825,0.000001,0.000000,0.000000,0.000000,0,1,0,1,20.193617,0,0,0,0
112.4943,,0.799824,0.799824,0.799825,0.000001,0.000000,0.000000,0.000000,0,1,0,1,20.215833,0,0,0,0
112.5144,,0.799824,0.799824,0.799825,0.000001,0.000000,0.000000,0.000000,0,1,0,1,20.077054,0,0,0,0
112.5342,,0.799824,0.799824,0.799825,0.000001,0.000000,0.000000,0.000000,0,1,0,1,20.219555,0,0,0,0
112.5553,,0.799824,0.799824,0.799825,0.000001,0.000000,0.000000,0.000000,0,1,0,1,20.162270,0,0,0,0
112.5753,,0.799824,0.799824,0.799825,0.000001,0.000000,0.000000,0.000000,0,1,0,1,20.087650,0,0,0,0
112.5952,,0.799824,0.799824,0.799825,0.000001,0.000000,0.000000,0.000000,0,1,0,1,20.077408,0,0,0,0
112.6152,,0.799824,0.799824,0.799825,0.000001,0.000000,0.000000,0.000000,0,1,0,1,20.119739,0,0,0,0
112.6352,,0.799824,0.799824,0.799825,0.000001,0.000000,0.000000,0.000000,0,1,0,1,20.317944,0,0,0,0
112.6551,,0.799824,0.799824,0.799825,0.000001,0.000000,0.000000,0.000000,0,1,0,1,20.235704,0,0,0,0
112.6763,,0.799824,0.799824,0.799825,0.000001,0.000000,0.000000,0.000000,0,1,0,1,20.186175,0,0,0,0
112.6962,,0.799824,0.799824,0.799825,0.000001,0.000000,0.000000,0.000000,0,1,0,1,20.183247,0,0,0,0
112.7163,,0.799824,0.799824,0.799825,0.000001,0.000000,0.000000,0.000000,0,1,0,1,20.209682,0,0,0,0
112.7363,,0.799824,0.799824,0.799825,0.000001,0.000000,0.000000,0.000000,0,1,0,1,20.066769,0,0,0,0
112.7563,,0.799824,0.799824,0.799825,0.000001,0.000000,0.000000,0.000000,0,1,0,1,20.074634,0,0,0,0
112.7763,,0.799824,0.799824,0.799825,0.000001,0.000000,0.000000,0.000000,0,1,0,1,20.082525,0,0,0,0
112.7963,,0.799824,0.799824,0.799825,0.000001,0.000000,0.000000,0.000000,0,1,0,1,20.073633,0,0,0,0
112.8162,,0.799824,0.799824,0.799825,0.000001,0.000000,0.000000,0.000000,0,1,0,1,20.071590,0,0,0,0
112.8371,,0.799824,0.799824,0.799825,0.000001,0.000000,0.000000,0.000000,0,1,0,1,20.111292,0,0,0,0
112.8571,,0.799824,0.799824,0.799825,0.000001,0.000000,0.000000,0.000000,0,1,0,1,20.099305,0,0,0,0
112.8774,,0.799824,0.799824,0.799825,0.000001,0.000000,0.000000,0.000000,0,1,0,1,20.180244,0,0,0,0
112.8974,,0.799824,0.799824,0.799825,0.000001,0.000000,0.000000,0.000000,0,1,0,1,20.395425,0,0,0,0
112.9172,,0.799824,0.799824,0.799825,0.000001,0.000000,0.000000,0.000000,0,1,0,1,20.080764,0,0,0,0
112.9372,,0.799824,0.799824,0.799824,0.000001,0.000000,0.000000,0.000000,0,1,0,1,20.072543,0,0,0,0
112.9582,,0.799824,0.799824,0.799825,0.000001,0.000000,0.000000,0.000000,0,1,0,1,20.185196,0,0,0,0
112.9782,,0.799824,0.799824,0.799825,0.000001,0.000000,0.000000,0.000000,0,1,0,1,20.089187,0,0,0,0
112.9982,,0.799824,0.799824,0.799825,0.000001,0.000000,0.000000,0.000000,0,1,0,1,20.178354,0,0,0,0
113.0183,,0.799824,0.799824,0.799825,0.000001,0.000000,0.000000,0.000000,0,1,0,1,20.163973,0,0,0,0
113.0382,,0.799824,0.799824,0.799825,0.000001,0.000000,0.000000,0.000000,0,1,0,1,20.057809,0,0,0,0
113.0582,,0.799824,0.799824,0.799825,0.000001,0.000000,0.000000,0.000000,0,1,0,1,20.192098,0,0,0,0
113.0782,,0.799824,0.799824,0.799825,0.000001,0.000000,0.000000,0.000000,0,1,0,1,20.076383,0,0,0,0
113.0983,,0.799824,0.799824,0.799825,0.000001,0.000000,0.000000,0.000000,0,1,0,1,20.147861,0,0,0,0
113.1192,,0.799824,0.799824,0.799825,0.000001,0.000000,0.000000,0.000000,0,1,0,1,20.068043,0,0,0,0
113.1392,,0.799824,0.799824,0.799825,0.000001,0.000000,0.000000,0.000000,0,1,0,1,20.105706,0,0,0,0
113.1592,,0.799824,0.799824,0.799825,0.000001,0.000000,0.000000,0.000000,0,1,0,1,20.093197,0,0,0,0
113.1793,,0.799824,0.799824,0.799825,0.000001,0.000000,0.000000,0.000000,0,1,0,1,20.065497,0,0,0,0
113.1994,,0.799824,0.799824,0.799825,0.000001,0.000000,0.000000,0.000000,0,1,0,1,20.193638,0,0,0,0
113.2194,,0.799824,0.799824,0.799825,0.000001,0.000000,0.000000,0.000000,0,1,0,1,20.144060,0,0,0,0
113.2393,,0.799824,0.799824,0.799825,0.000001,0.000000,0.000000,0.000000,0,1,0,1,20.228822,0,0,0,0
113.2602,,0.799824,0.799824,0.799825,0.000001,0.000000,0.000000,0.000000,0,1,0,1,20.209046,0,0,0,0
113.2803,,0.799824,0.799824,0.799825,0.000001,0.000000,0.000000,0.000000,0,1,0,1,20.160967,0,0,0,0
113.3003,,0.799824,0.799824,0.799825,0.000001,0.000000,0.000000,0.000000,0,1,0,1,20.422743,0,0,0,0
113.3203,,0.799824,0.799824,0.799824,0.000001,0.000000,0.000000,0.000000,0,1,0,1,20.309435,0,0,0,0
113.3413,,0.799824,0.799824,0.799825,0.000001,0.000000,0.000000,0.000000,0,1,0,1,20.225202,0,0,0,0
113.3613,,0.799824,0.799824,0.799825,0.000001,0.000000,0.000000,0.000000,0,1,0,1,20.207502,0,0,0,0
113.3813,,0.799824,0.799824,0.799825,0.000001,0.000000,0.000000,0.000000,0,1,0,1,20.216211,0,0,0,0
113.4014,,0.799824,0.799824,0.799825,0.000001,0.000000,0.000000,0.000000,0,1,0,1,20.206313,0,0,0,0
113.4211,,0.799824,0.799824,0.799825,0.000001,0.000000,0.000000,0.000000,0,1,0,1,20.077332,0,0,0,0
113.4421,,0.799824,0.799824,0.799825,0.000001,0.000000,0.000000,0.000000,0,1,0,1,20.079430,0,0,0,0
113.4622,,0.799824,0.799824,0.799825,0.000001,0.000000,0.000000,0.000000,0,1,0,1,20.216597,0,0,0,0
113.4824,,0.799824,0.799824,0.799825,0.000001,0.000000,0.000000,0.000000,0,1,0,1,20.165560,0,0,0,0
113.5023,,0.799824,0.799824,0.799825,0.000001,0.000000,0.000000,0.000000,0,1,0,1,20.225686,0,0,0,0
113.5223,,0.799824,0.799824,0.799825,0.000001,0.000000,0.000000,0.000000,0,1,0,1,20.102692,0,0,0,0
113.5422,,0.799824,0.799824,0.799825,0.000001,0.000000,0.000000,0.000000,0,1,0,1,20.081566,0,0,0,0
113.5621,,0.799824,0.799824,0.799825,0.000001,0.000000,0.000000,0.000000,0,1,0,1,20.161352,0,0,0,0
113.5832,,0.799824,0.799824,0.799825,0.000001,0.000000,0.000000,0.000000,0,1,0,1,20.267103,0,0,0,0
113.6032,,0.799824,0.799824,0.799825,0.000001,0.000000,0.000000,0.000000,0,1,0,1,20.072942,0,0,0,0
113.6232,,0.799824,0.799824,0.799825,0.000001,0.000000,0.000000,0.000000,0,1,0,1,20.175584,0,0,0,0
113.6431,,0.799824,0.799824,0.799825,0.000001,0.000000,0.000000,0.000000,0,1,0,1,20.074373,0,0,0,0
113.6631,,0.799824,0.799824,0.799825,0.000001,0.000000,0.000000,0.000000,0,1,0,1,20.188364,0,0,0,0
113.6831,,0.799824,0.799824,0.799825,0.000001,0.000000,0.000000,0.000000,0,1,0,1,20.259143,0,0,0,0
113.7042,,0.799824,0.799824,0.799825,0.000001,0.000000,0.000000,0.000000,0,1,0,1,20.208517,0,0,0,0
113.7243,,0.799824,0.799824,0.799825,0.000001,0.000000,0.000000,0.000000,0,1,0,1,20.281202,0,0,0,0
113.7442,,0.799824,0.799824,0.799825,0.000001,0.000000,0.000000,0.000000,0,1,0,1,20.237137,0,0,0,0
113.7643,,0.799824,0.799824,0.799825,0.000001,0.000000,0.000000,0.000000,0,1,0,1,20.092048,0,0,0,0
113.7842,,0.799824,0.799824,0.799825,0.000001,0.000000,0.000000,0.000000,0,1,0,1,20.071843,0,0,0,0
113.8052,,0.799824,0.799824,0.799825,0.000001,0.000000,0.000000,0.000000,0,1,0,1,20.218654,0,0,0,0
113.8251,,0.799824,0.799824,0.799825,0.000001,0.000000,0.000000,0.000000,0,1,0,1,20.168049,0,0,0,0
113.8452,,0.799824,0.799824,0.799825,0.000001,0.000000,0.000000,0.000000,0,1,0,1,20.097072,0,0,0,0
113.8652,,0.799824,0.799824,0.799825,0.000001,0.000000,0.000000,0.000000,0,1,0,1,20.067102,0,0,0,0
113.8852,,0.799824,0.799824,0.799825,0.000001,0.000000,0.000000,0.000000,0,1,0,1,20.285225,0,0,0,0
113.9051,,0.799824,0.799824,0.799825,0.000001,0.000000,0.000000,0.000000,0,1,0,1,20.076390,0,0,0,0
113.9252,,0.799824,0.799824,0.799825,0.000001,0.000000,0.000000,0.000000,0,1,0,1,20.189309,0,0,0,0
113.9462,,0.799824,0.799824,0.799825,0.000001,0.000000,0.000000,0.000000,0,1,0,1,20.334494,0,0,0,0
113.9662,,0.799824,0.799824,0.799825,0.000001,0.000000,0.000000,0.000000,0,1,0,1,20.317027,0,0,0,0
113.9862,,0.799824,0.799824,0.799825,0.000001,0.000000,0.000000,0.000000,0,1,0,1,20.081187,0,0,0,0
114.0064,,0.799824,0.799824,0.799825,0.000001,0.000000,0.000000,0.000000,0,1,0,1,20.202521,0,0,0,0
114.0274,,0.799824,0.799824,0.799825,0.000001,0.000000,0.000000,0.000000,0,1,0,1,20.069890,0,0,0,0
114.0473,,0.799824,0.799824,0.799825,0.000001,0.000000,0.000000,0.000000,0,1,0,1,20.107840,0,0,0,0
114.0673,,0.799824,0.799824,0.799825,0.000001,0.000000,0.000000,0.000000,0,1,0,1,20.210513,0,0,0,0
114.0872,,0.799824,0.799824,0.799825,0.000001,0.000000,0.000000,0.000000,0,1,0,1,20.311783,0,0,0,0
114.1075,,0.799824,0.799824,0.799825,0.000001,0.000000,0.000000,0.000000,0,1,0,1,20.227191,0,0,0,0
114.1283,,0.799824,0.799824,0.799825,0.000001,0.000000,0.000000,0.000000,0,1,0,1,20.318368,0,0,0,0
114.1482,,0.799824,0.799824,0.799825,0.000001,0.000000,0.000000,0.000000,0,1,0,1,20.184803,0,0,0,0
114.1682,,0.799824,0.799824,0.799825,0.000001,0.000000,0.000000,0.000000,0,1,0,1,20.276961,0,0,0,0
114.1881,,0.799824,0.799824,0.799825,0.000001,0.000000,0.000000,0.000000,0,1,0,1,20.215735,0,0,0,0
114.2081,,0.799824,0.799824,0.799825,0.000001,0.000000,0.000000,0.000000,0,1,0,1,20.113513,0,0,0,0
114.2292,,0.799824,0.799824,0.799825,0.000001,0.000000,0.000000,0.000000,0,1,0,1,20.145990,0,0,0,0
114.2492,,0.799824,0.799824,0.799825,0.000001,0.000000,0.000000,0.000000,0,1,0,1,20.203064,0,0,0,0
114.2693,,0.799824,0.799824,0.799825,0.000001,0.000000,0.000000,0.000000,0,1,0,1,20.182680,0,0,0,0
114.2893,,0.799824,0.799824,0.799825,0.000001,0.000000,0.000000,0.000000,0,1,0,1,20.311001,0,0,0,0
114.3102,,0.799824,0.799824,0.799825,0.000001,0.000000,0.000000,0.000000,0,1,0,1,20.250963,0,0,0,0
114.3304,,0.799824,0.799824,0.799824,0.000001,0.000000,0.000000,0.000000,0,1,0,1,20.113254,0,0,0,0
114.3501,,0.799824,0.799824,0.799825,0.000001,0.000000,0.000000,0.000000,0,1,0,1,20.281742,0,0,0,0
114.3704,,0.799824,0.799824,0.799825,0.000001,0.000000,0.000000,0.000000,0,1,0,1,20.204409,0,0,0,0
114.3913,,0.799824,0.799824,0.799825,0.000001,0.000000,0.000000,0.000000,0,1,0,1,20.454783,0,0,0,0
114.4114,,0.799824,0.799824,0.799824,0.000001,0.000000,0.000000,0.000000,0,1,0,1,20.220168,0,0,0,0
114.4313,,0.799824,0.799824,0.799824,0.000001,0.000000,0.000000,0.000000,0,1,0,1,20.248886,0,0,0,0
114.4513,,0.799824,0.799824,0.799824,0.000001,0.000000,0.000000,0.000000,0,1,0,1,20.139109,0,0,0,0
114.4713,,0.799824,0.799824,0.799825,0.000001,0.000000,0.000000,0.000000,0,1,0,1,20.231055,0,0,0,0
114.4923,,0.799824,0.799824,0.799825,0.000001,0.000000,0.000000,0.000000,0,1,0,1,20.190905,0,0,0,0
114.5123,,0.799824,0.799824,0.799825,0.000001,0.000000,0.000000,0.000000,0,1,0,1,20.195165,0,0,0,0
114.5326,,0.799824,0.799824,0.799825,0.000001,0.000000,0.000000,0.000000,0,1,0,1,20.195980,0,0,0,0
114.5523,,0.799824,0.799824,0.799824,0.000001,0.000000,0.000000,0.000000,0,1,0,1,20.312861,0,0,0,0
114.5724,,0.799824,0.799824,0.799825,0.000001,0.000000,0.000000,0.000000,0,1,0,1,20.072019,0,0,0,0
114.5933,,0.799824,0.799824,0.799825,0.000001,0.000000,0.000000,0.000000,0,1,0,1,20.100982,0,0,0,0
114.6134,,0.799824,0.799824,0.799824,0.000001,0.000000,0.000000,0.000000,0,1,0,1,20.270681,0,0,0,0
114.6331,,0.799824,0.799824,0.799825,0.000001,0.000000,0.000000,0.000000,0,1,0,1,20.138411,0,0,0,0
114.6532,,0.799824,0.799824,0.799825,0.000001,0.000000,0.000000,0.000000,0,1,0,1,20.148573,0,0,0,0
114.6731,,0.799824,0.799824,0.799825,0.000001,0.000000,0.000000,0.000000,0,1,0,1,20.118418,0,0,0,0
114.6931,,0.799824,0.799824,0.799825,0.000001,0.000000,0.000000,0.000000,0,1,0,1,20.240165,0,0,0,0
114.7142,,0.799824,0.799824,0.799824,0.000001,0.000000,0.000000,0.000000,0,1,0,1,20.258941,0,0,0,0
114.7343,,0.799824,0.799824,0.799825,0.000001,0.000000,0.000000,0.000000,0,1,0,1,20.161209,0,0,0,0
114.7542,,0.799824,0.799824,0.799825,0.000001,0.000000,0.000000,0.000000,0,1,0,1,20.245197,0,0,0,0
114.7743,,0.799824,0.799824,0.799825,0.000001,0.000000,0.000000,0.000000,0,1,0,1,20.195880,0,0,0,0
114.7943,,0.799824,0.799824,0.799825,0.000001,0.000000,0.000000,0.000000,0,1,0,1,20.142467,0,0,0,0
114.8152,,0.799824,0.799824,0.799825,0.000001,0.000000,0.000000,0.000000,0,1,0,1,20.343945,0,0,0,0
114.8352,,0.799824,0.799824,0.799825,0.000001,0.000000,0.000000,0.000000,0,1,0,1,20.232566,0,0,0,0
114.8551,,0.799824,0.799824,0.799825,0.000001,0.000000,0.000000,0.000000,0,1,0,1,20.038664,0,0,0,0
114.8751,,0.799824,0.799824,0.799825,0.000001,0.000000,0.000000,0.000000,0,1,0,1,20.145319,0,0,0,0
114.8950,,0.799824,0.799824,0.799825,0.000001,0.000000,0.000000,0.000000,0,1,0,1,20.073033,0,0,0,0
114.9151,,0.799824,0.799824,0.799825,0.000001,0.000000,0.000000,0.000000,0,1,0,1,20.173345,0,0,0,0
114.9362,,0.799824,0.799824,0.799825,0.000001,0.000000,0.000000,0.000000,0,1,0,1,20.071230,0,0,0,0
114.9560,,0.799824,0.799824,0.799825,0.000001,0.000000,0.000000,0.000000,0,1,0,1,20.073508,0,0,0,0
114.9761,,0.799824,0.799824,0.799825,0.000001,0.000000,0.000000,0.000000,0,1,0,1,20.100844,0,0,0,0
114.9962,,0.799824,0.799824,0.799825,0.000001,0.000000,0.000000,0.000000,0,1,0,1,20.102695,0,0,0,0
115.0163,,0.799824,0.799824,0.799825,0.000001,0.000000,0.000000,0.000000,0,1,0,1,20.200417,0,0,0,0
115.0363,,0.799824,0.799824,0.799825,0.000001,0.000000,0.000000,0.000000,0,1,0,1,20.179693,0,0,0,0
115.0563,,0.799824,0.799824,0.799825,0.000001,0.000000,0.000000,0.000000,0,1,0,1,20.084342,0,0,0,0
115.0764,,0.799824,0.799824,0.799825,0.000001,0.000000,0.000000,0.000000,0,1,0,1,20.189289,0,0,0,0
115.0975,,0.799824,0.799824,0.799825,0.000001,0.000000,0.000000,0.000000,0,1,0,1,20.106900,0,0,0,0
115.1173,,0.799824,0.799824,0.799825,0.000001,0.000000,0.000000,0.000000,0,1,0,1,20.196425,0,0,0,0
115.1373,,0.799824,0.799824,0.799824,0.000001,0.000000,0.000000,0.000000,0,1,0,1,20.066765,0,0,0,0
115.1573,,0.799824,0.799824,0.799825,0.000001,0.000000,0.000000,0.000000,0,1,0,1,20.161238,0,0,0,0
115.1775,,0.799824,0.799824,0.799825,0.000001,0.000000,0.000000,0.000000,0,1,0,1,20.266845,0,0,0,0
115.1972,,0.799824,0.799824,0.799825,0.000001,0.000000,0.000000,0.000000,0,1,0,1,20.063404,0,0,0,0
115.2172,,0.799824,0.799824,0.799825,0.000001,0.000000,0.000000,0.000000,0,1,0,1,20.066717,0,0,0,0
115.2381,,0.799824,0.799824,0.799825,0.000001,0.000000,0.000000,0.000000,0,1,0,1,20.173377,0,0,0,0
115.2584,,0.799824,0.799824,0.799825,0.000001,0.000000,0.000000,0.000000,0,1,0,1,20.200473,0,0,0,0
115.2783,,0.799824,0.799824,0.799825,0.000001,0.000000,0.000000,0.000000,0,1,0,1,20.198488,0,0,0,0
115.2982,,0.799824,0.799824,0.799825,0.000001,0.000000,0.000000,0.000000,0,1,0,1,20.122796,0,0,0,0
115.3182,,0.799824,0.799824,0.799825,0.000001,0.000000,0.000000,0.000000,0,1,0,1,20.101010,0,0,0,0
115.3383,,0.799824,0.799824,0.799825,0.000001,0.000000,0.000000,0.000000,0,1,0,1,20.062273,0,0,0,0
115.3582,,0.799824,0.799824,0.799825,0.000001,0.000000,0.000000,0.000000,0,1,0,1,20.076803,0,0,0,0
115.3782,,0.799824,0.799824,0.799825,0.000001,0.000000,0.000000,0.000000,0,1,0,1,20.082307,0,0,0,0
115.3993,,0.799824,0.799824,0.799825,0.000001,0.000000,0.000000,0.000000,0,1,0,1,20.100223,0,0,0,0
115.4194,,0.799824,0.799824,0.799825,0.000001,0.000000,0.000000,0.000000,0,1,0,1,20.129564,0,0,0,0
115.4393,,0.799824,0.799824,0.799825,0.000001,0.000000,0.000000,0.000000,0,1,0,1,20.277721,0,0,0,0
115.4593,,0.799824,0.799824,0.799825,0.000001,0.000000,0.000000,0.000000,0,1,0,1,20.360403,0,0,0,0
115.4794,,0.799824,0.799824,0.799825,0.000001,0.000000,0.000000,0.000000,0,1,0,1,20.080869,0,0,0,0
115.4991,,0.799824,0.799824,0.799825,0.000001,0.000000,0.000000,0.000000,0,1,0,1,20.081107,0,0,0,0
115.5203,,0.799824,0.799824,0.799825,0.000001,0.000000,0.000000,0.000000,0,1,0,1,20.118618,0,0,0,0
115.5404,,0.799824,0.799824,0.799825,0.000001,0.000000,0.000000,0.000000,0,1,0,1,20.074018,0,0,0,0
115.5604,,0.799824,0.799824,0.799825,0.000001,0.000000,0.000000,0.000000,0,1,0,1,20.183930,0,0,0,0
115.5803,,0.799824,0.799824,0.799825,0.000001,0.000000,0.000000,0.000000,0,1,0,1,20.196056,0,0,0,0
115.6003,,0.799824,0.799824,0.799825,0.000001,0.000000,0.000000,0.000000,0,1,0,1,20.138845,0,0,0,0
115.6203,,0.799824,0.799824,0.799825,0.000001,0.000000,0.000000,0.000000,0,1,0,1,20.326906,0,0,0,0
115.6413,,0.799824,0.799824,0.799825,0.000001,0.000000,0.000000,0.000000,0,1,0,1,20.076529,0,0,0,0
115.6613,,0.799824,0.799824,0.799825,0.000001,0.000000,0.000000,0.000000,0,1,0,1,20.188449,0,0,0,0
115.6813,,0.799824,0.799824,0.799825,0.000001,0.000000,0.000000,0.000000,0,1,0,1,20.109722,0,0,0,0
115.7013,,0.799824,0.799824,0.799825,0.000001,0.000000,0.000000,0.000000,0,1,0,1,20.193912,0,0,0,0
115.7214,,0.799824,0.799824,0.799825,0.000001,0.000000,0.000000,0.000000,0,1,0,1,20.146783,0,0,0,0
115.7413,,0.799824,0.799824,0.799825,0.000001,0.000000,0.000000,0.000000,0,1,0,1,20.088375,0,0,0,0
115.7612,,0.799824,0.799824,0.799825,0.000001,0.000000,0.000000,0.000000,0,1,0,1,20.075782,0,0,0,0
115.7812,,0.799824,0.799824,0.799825,0.000001,0.000000,0.000000,0.000000,0,1,0,1,20.075157,0,0,0,0
115.8022,,0.799824,0.799824,0.799825,0.000001,0.000000,0.000000,0.000000,0,1,0,1,20.265106,0,0,0,0
115.8223,,0.799824,0.799824,0.799825,0.000001,0.000000,0.000000,0.000000,0,1,0,1,20.249498,0,0,0,0
115.8422,,0.799824,0.799824,0.799825,0.000001,0.000000,0.000000,0.000000,0,1,0,1,20.256878,0,0,0,0
115.8622,,0.799824,0.799824,0.799825,0.000001,0.000000,0.000000,0.000000,0,1,0,1,20.176857,0,0,0,0
115.8832,,0.799824,0.799824,0.799825,0.000001,0.000000,0.000000,0.000000,0,1,0,1,20.194080,0,0,0,0
115.9032,,0.799824,0.799824,0.799825,0.000001,0.000000,0.000000,0.000000,0,1,0,1,20.243865,0,0,0,0
115.9232,,0.799824,0.799824,0.799825,0.000001,0.000000,0.000000,0.000000,0,1,0,1,20.237875,0,0,0,0
115.9432,,0.799824,0.799824,0.799825,0.000001,0.000000,0.000000,0.000000,0,1,0,1,20.215391,0,0,0,0
115.9631,,0.799824,0.799824,0.799825,0.000001,0.000000,0.000000,0.000000,0,1,0,1,20.191953,0,0,0,0
115.9842,,0.799824,0.799824,0.799825,0.000001,0.000000,0.000000,0.000000,0,1,0,1,20.254153,0,0,0,0
116.0042,,0.799824,0.799824,0.799825,0.000001,0.000000,0.000000,0.000000,0,1,0,1,20.178844,0,0,0,0
116.0242,,0.799824,0.799824,0.799825,0.000001,0.000000,0.000000,0.000000,0,1,0,1,20.212963,0,0,0,0
116.0441,,0.799824,0.799824,0.799825,0.000001,0.000000,0.000000,0.000000,0,1,0,1,20.249876,0,0,0,0
116.0652,,0.799824,0.799824,0.799825,0.000001,0.000000,0.000000,0.000000,0,1,0,1,20.292090,0,0,0,0
116.0852,,0.799824,0.799824,0.799825,0.000001,0.000000,0.000000,0.000000,0,1,0,1,20.075327,0,0,0,0
116.1053,,0.799824,0.799824,0.799825,0.000001,0.000000,0.000000,0.000000,0,1,0,1,20.075053,0,0,0,0
116.1253,,0.799824,0.799824,0.799825,0.000001,0.000000,0.000000,0.000000,0,1,0,1,20.403921,0,0,0,0
116.1452,,0.799824,0.799824,0.799825,0.000001,0.000000,0.000000,0.000000,0,1,0,1,20.238792,0,0,0,0
116.1662,,0.799824,0.799824,0.799825,0.000001,0.000000,0.000000,0.000000,0,1,0,1,20.216961,0,0,0,0
116.1863,,0.799824,0.799824,0.799825,0.000001,0.000000,0.000000,0.000000,0,1,0,1,20.127908,0,0,0,0
116.2061,,0.799824,0.799824,0.799825,0.000001,0.000000,0.000000,0.000000,0,1,0,1,20.203414,0,0,0,0
116.2262,,0.799824,0.799824,0.799825,0.000001,0.000000,0.000000,0.000000,0,1,0,1,20.090565,0,0,0,0
116.2460,,0.799824,0.799824,0.799825,0.000001,0.000000,0.000000,0.000000,0,1,0,1,20.069355,0,0,0,0
116.2660,,0.799824,0.799824,0.799825,0.000001,0.000000,0.000000,0.000000,0,1,0,1,20.062930,0,0,0,0
116.2862,,0.799824,0.799824,0.799825,0.000001,0.000000,0.000000,0.000000,0,1,0,1,20.062947,0,0,0,0
116.3060,,0.799824,0.799824,0.799825,0.000001,0.000000,0.000000,0.000000,0,1,0,1,20.221930,0,0,0,0
116.3271,,0.799824,0.799824,0.799825,0.000001,0.000000,0.000000,0.000000,0,1,0,1,20.258481,0,0,0,0
116.3472,,0.799824,0.799824,0.799825,0.000001,0.000000,0.000000,0.000000,0,1,0,1,20.247675,0,0,0,0
116.3671,,0.799824,0.799824,0.799824,0.000001,0.000000,0.000000,0.000000,0,1,0,1,20.067747,0,0,0,0
116.3871,,0.799824,0.799824,0.799825,0.000001,0.000000,0.000000,0.000000,0,1,0,1,20.263683,0,0,0,0
116.4082,,0.799824,0.799824,0.799825,0.000001,0.000000,0.000000,0.000000,0,1,0,1,20.213999,0,0,0,0
116.4282,,0.799824,0.799824,0.799825,0.000001,0.000000,0.000000,0.000000,0,1,0,1,20.246919,0,0,0,0
116.4483,,0.799824,0.799824,0.799824,0.000001,0.000000,0.000000,0.000000,0,1,0,1,20.232343,0,0,0,0
116.4681,,0.799824,0.799824,0.799824,0.000001,0.000000,0.000000,0.000000,0,1,0,1,20.258022,0,0,0,0
116.4881,,0.799824,0.799824,0.799825,0.000001,0.000000,0.000000,0.000000,0,1,0,1,20.198137,0,0,0,0
116.5091,,0.799824,0.799824,0.799825,0.000001,0.000000,0.000000,0.000000,0,1,0,1,20.131741,0,0,0,0
116.5293,,0.799824,0.799824,0.799825,0.000001,0.000000,0.000000,0.000000,0,1,0,1,20.121709,0,0,0,0
116.5490,,0.799824,0.799824,0.799825,0.000001,0.000000,0.000000,0.000000,0,1,0,1,20.247229,0,0,0,0
116.5691,,0.799824,0.799824,0.799825,0.000001,0.000000,0.000000,0.000000,0,1,0,1,20.239958,0,0,0,0
116.5902,,0.799824,0.799824,0.799825,0.000001,0.000000,0.000000,0.000000,0,1,0,1,20.327354,0,0,0,0
116.6101,,0.799824,0.799824,0.799825,0.000001,0.000000,0.000000,0.000000,0,1,0,1,20.102942,0,0,0,0
116.6301,,0.799824,0.799824,0.799825,0.000001,0.000000,0.000000,0.000000,0,1,0,1,20.052609,0,0,0,0
116.6503,,0.799824,0.799824,0.799825,0.000001,0.000000,0.000000,0.000000,0,1,0,1,20.076590,0,0,0,0
116.6703,,0.799824,0.799824,0.799825,0.000001,0.000000,0.000000,0.000000,0,1,0,1,20.265413,0,0,0,0
116.6912,,0.799824,0.799824,0.799825,0.000001,0.000000,0.000000,0.000000,0,1,0,1,20.280738,0,0,0,0
116.7102,,0.799824,0.799824,0.799825,0.000001,0.000000,0.000000,0.000000,0,1,0,1,20.180153,0,0,0,0
116.7312,,0.799824,0.799824,0.799825,0.000001,0.000000,0.000000,0.000000,0,1,0,1,20.278166,0,0,0,0
116.7511,,0.799824,0.799824,0.799825,0.000001,0.000000,0.000000,0.000000,0,1,0,1,20.113795,0,0,0,0
116.7711,,0.799824,0.799824,0.799825,0.000001,0.000000,0.000000,0.000000,0,1,0,1,20.288365,0,0,0,0
116.7912,,0.799824,0.799824,0.799825,0.000001,0.000000,0.000000,0.000000,0,1,0,1,20.075969,0,0,0,0
116.8112,,0.799824,0.799824,0.799825,0.000001,0.000000,0.000000,0.000000,0,1,0,1,20.222562,0,0,0,0
116.8323,,0.799824,0.799824,0.799825,0.000001,0.000000,0.000000,0.000000,0,1,0,1,20.111884,0,0,0,0
116.8524,,0.799824,0.799824,0.799825,0.000001,0.000000,0.000000,0.000000,0,1,0,1,20.251362,0,0,0,0
116.8725,,0.799824,0.799824,0.799825,0.000001,0.000000,0.000000,0.000000,0,1,0,1,20.079419,0,0,0,0
116.8921,,0.799824,0.799824,0.799825,0.000001,0.000000,0.000000,0.000000,0,1,0,1,20.088713,0,0,0,0
116.9121,,0.799824,0.799824,0.799825,0.000001,0.000000,0.000000,0.000000,0,1,0,1,20.162057,0,0,0,0
116.9322,,0.799824,0.799824,0.799824,0.000001,0.000000,0.000000,0.000000,0,1,0,1,20.072215,0,0,0,0
116.9520,,0.799824,0.799824,0.799825,0.000001,0.000000,0.000000,0.000000,0,1,0,1,20.079837,0,0,0,0
116.9724,,0.799824,0.799824,0.799825,0.000001,0.000000,0.000000,0.000000,0,1,0,1,20.076311,0,0,0,0
116.9931,,0.799824,0.799824,0.799825,0.000001,0.000000,0.000000,0.000000,0,1,0,1,20.106989,0,0,0,0
117.0133,,0.799824,0.799824,0.799825,0.000001,0.000000,0.000000,0.000000,0,1,0,1,20.119238,0,0,0,0
117.0333,,0.799824,0.799824,0.799825,0.000001,0.000000,0.000000,0.000000,0,1,0,1,20.235945,0,0,0,0
117.0533,,0.799824,0.799824,0.799825,0.000001,0.000000,0.000000,0.000000,0,1,0,1,20.191927,0,0,0,0
117.0733,,0.799824,0.799824,0.799825,0.000001,0.000000,0.000000,0.000000,0,1,0,1,20.097535,0,0,0,0
117.0933,,0.799824,0.799824,0.799824,0.000001,0.000000,0.000000,0.000000,0,1,0,1,20.066988,0,0,0,0
117.1133,,0.799824,0.799824,0.799825,0.000001,0.000000,0.000000,0.000000,0,1,0,1,20.072781,0,0,0,0
117.1332,,0.799824,0.799824,0.799825,0.000001,0.000000,0.000000,0.000000,0,1,0,1,20.109040,0,0,0,0
117.1533,,0.799824,0.799824,0.799825,0.000001,0.000000,0.000000,0.000000,0,1,0,1,20.087939,0,0,0,0
117.1742,,0.799824,0.799824,0.799824,0.000001,0.000000,0.000000,0.000000,0,1,0,1,20.102956,0,0,0,0
117.1942,,0.799824,0.799824,0.799825,0.000001,0.000000,0.000000,0.000000,0,1,0,1,20.177226,0,0,0,0
117.2143,,0.799824,0.799824,0.799825,0.000001,0.000000,0.000000,0.000000,0,1,0,1,20.158585,0,0,0,0
117.2344,,0.799824,0.799824,0.799825,0.000001,0.000000,0.000000,0.000000,0,1,0,1,20.224735,0,0,0,0
117.2543,,0.799824,0.799824,0.799825,0.000001,0.000000,0.000000,0.000000,0,1,0,1,20.106570,0,0,0,0
117.2743,,0.799824,0.799824,0.799825,0.000001,0.000000,0.000000,0.000000,0,1,0,1,20.067904,0,0,0,0
117.2943,,0.799824,0.799824,0.799825,0.000001,0.000000,0.000000,0.000000,0,1,0,1,20.104412,0,0,0,0
117.3152,,0.799824,0.799824,0.799825,0.000001,0.000000,0.000000,0.000000,0,1,0,1,20.104363,0,0,0,0
117.3352,,0.799824,0.799824,0.799825,0.000001,0.000000,0.000000,0.000000,0,1,0,1,20.174806,0,0,0,0
117.3553,,0.799824,0.799824,0.799825,0.000001,0.000000,0.000000,0.000000,0,1,0,1,20.116855,0,0,0,0
117.3752,,0.799824,0.799824,0.799825,0.000001,0.000000,0.000000,0.000000,0,1,0,1,20.134820,0,0,0,0
117.3951,,0.799824,0.799824,0.799825,0.000001,0.000000,0.000000,0.000000,0,1,0,1,20.133760,0,0,0,0
117.4153,,0.799824,0.799824,0.799825,0.000001,0.000000,0.000000,0.000000,0,1,0,1,20.068713,0,0,0,0
117.4352,,0.799824,0.799824,0.799825,0.000001,0.000000,0.000000,0.000000,0,1,0,1,20.200148,0,0,0,0
117.4552,,0.799824,0.799824,0.799825,0.000001,0.000000,0.000000,0.000000,0,1,0,1,20.072543,0,0,0,0
117.4763,,0.799824,0.799824,0.799825,0.000001,0.000000,0.000000,0.000000,0,1,0,1,20.282793,0,0,0,0
117.4963,,0.799824,0.799824,0.799825,0.000001,0.000000,0.000000,0.000000,0,1,0,1,20.167869,0,0,0,0
117.5162,,0.799824,0.799824,0.799825,0.000001,0.000000,0.000000,0.000000,0,1,0,1,20.465087,0,0,0,0
117.5364,,0.799824,0.799824,0.799825,0.000001,0.000000,0.000000,0.000000,0,1,0,1,20.077221,0,0,0,0
117.5572,,0.799824,0.799824,0.799825,0.000001,0.000000,0.000000,0.000000,0,1,0,1,20.110532,0,0,0,0
117.5775,,0.799824,0.799824,0.799825,0.000001,0.000000,0.000000,0.000000,0,1,0,1,20.082515,0,0,0,0
117.5973,,0.799824,0.799824,0.799825,0.000001,0.000000,0.000000,0.000000,0,1,0,1,20.110755,0,0,0,0
117.6172,,0.799824,0.799824,0.799825,0.000001,0.000000,0.000000,0.000000,0,1,0,1,20.224258,0,0,0,0
117.6372,,0.799824,0.799824,0.799825,0.000001,0.000000,0.000000,0.000000,0,1,0,1,20.195089,0,0,0,0
117.6573,,0.799824,0.799824,0.799825,0.000001,0.000000,0.000000,0.000000,0,1,0,1,20.076627,0,0,0,0
117.6772,,0.799824,0.799824,0.799825,0.000001,0.000000,0.000000,0.000000,0,1,0,1,20.070413,0,0,0,0
117.6982,,0.799824,0.799824,0.799825,0.000001,0.000000,0.000000,0.000000,0,1,0,1,20.207216,0,0,0,0
117.7181,,0.799824,0.799824,0.799825,0.000001,0.000000,0.000000,0.000000,0,1,0,1,20.196808,0,0,0,0
117.7383,,0.799824,0.799824,0.799825,0.000001,0.000000,0.000000,0.000000,0,1,0,1,20.201867,0,0,0,0
117.7583,,0.799824,0.799824,0.799825,0.000001,0.000000,0.000000,0.000000,0,1,0,1,20.219630,0,0,0,0
117.7783,,0.799824,0.799824,0.799825,0.000001,0.000000,0.000000,0.000000,0,1,0,1,20.096452,0,0,0,0
117.7982,,0.799824,0.799824,0.799825,0.000001,0.000000,0.000000,0.000000,0,1,0,1,20.086223,0,0,0,0
117.8182,,0.799824,0.799824,0.799825,0.000001,0.000000,0.000000,0.000000,0,1,0,1,20.074790,0,0,0,0
117.8382,,0.799824,0.799824,0.799825,0.000001,0.000000,0.000000,0.000000,0,1,0,1,20.075082,0,0,0,0
117.8593,,0.799824,0.799824,0.799825,0.000001,0.000000,0.000000,0.000000,0,1,0,1,20.071869,0,0,0,0
117.8793,,0.799824,0.799824,0.799825,0.000001,0.000000,0.000000,0.000000,0,1,0,1,20.120577,0,0,0,0
117.8993,,0.799824,0.799824,0.799825,0.000001,0.000000,0.000000,0.000000,0,1,0,1,20.184846,0,0,0,0
117.9192,,0.799824,0.799824,0.799825,0.000001,0.000000,0.000000,0.000000,0,1,0,1,20.244125,0,0,0,0
117.9393,,0.799824,0.799824,0.799825,0.000001,0.000000,0.000000,0.000000,0,1,0,1,20.067069,0,0,0,0
117.9591,,0.799824,0.799824,0.799825,0.000001,0.000000,0.000000,0.000000,0,1,0,1,20.078146,0,0,0,0
117.9793,,0.799824,0.799824,0.799825,0.000001,0.000000,0.000000,0.000000,0,1,0,1,20.069298,0,0,0,0
117.9992,,0.799824,0.799824,0.799824,0.000001,0.000000,0.000000,0.000000,0,1,0,1,20.067861,0,0,0,0
118.0192,,0.799824,0.799824,0.799825,0.000001,0.000000,0.000000,0.000000,0,1,0,1,20.073121,0,0,0,0
118.0403,,0.799824,0.799824,0.799825,0.000001,0.000000,0.000000,0.000000,0,1,0,1,20.113233,0,0,0,0
118.0604,,0.799824,0.799824,0.799825,0.000001,0.000000,0.000000,0.000000,0,1,0,1,20.102885,0,0,0,0
118.0803,,0.799824,0.799824,0.799824,0.000001,0.000000,0.000000,0.000000,0,1,0,1,20.099021,0,0,0,0
118.1003,,0.799824,0.799824,0.799825,0.000001,0.000000,0.000000,0.000000,0,1,0,1,20.100098,0,0,0,0
118.1201,,0.799824,0.799824,0.799825,0.000001,0.000000,0.000000,0.000000,0,1,0,1,20.094622,0,0,0,0
118.1402,,0.799824,0.799824,0.799825,0.000001,0.000000,0.000000,0.000000,0,1,0,1,20.073719,0,0,0,0
118.1603,,0.799824,0.799824,0.799825,0.000001,0.000000,0.000000,0.000000,0,1,0,1,20.148076,0,0,0,0
118.1803,,0.799824,0.799824,0.799825,0.000001,0.000000,0.000000,0.000000,0,1,0,1,20.068230,0,0,0,0
118.2002,,0.799824,0.799824,0.799825,0.000001,0.000000,0.000000,0.000000,0,1,0,1,20.069850,0,0,0,0
118.2202,,0.799824,0.799824,0.799825,0.000001,0.000000,0.000000,0.000000,0,1,0,1,20.100741,0,0,0,0
118.2403,,0.799824,0.799824,0.799825,0.000001,0.000000,0.000000,0.000000,0,1,0,1,20.071509,0,0,0,0
118.2613,,0.799824,0.799824,0.799825,0.000001,0.000000,0.000000,0.000000,0,1,0,1,20.218143,0,0,0,0
118.2813,,0.799824,0.799824,0.799825,0.000001,0.000000,0.000000,0.000000,0,1,0,1,20.185772,0,0,0,0
118.3014,,0.799824,0.799824,0.799825,0.000001,0.000000,0.000000,0.000000,0,1,0,1,20.144221,0,0,0,0
118.3212,,0.799824,0.799824,0.799825,0.000001,0.000000,0.000000,0.000000,0,1,0,1,20.142629,0,0,0,0
118.3412,,0.799824,0.799824,0.799824,0.000001,0.000000,0.000000,0.000000,0,1,0,1,20.077252,0,0,0,0
118.3612,,0.799824,0.799824,0.799825,0.000001,0.000000,0.000000,0.000000,0,1,0,1,20.070195,0,0,0,0
118.3812,,0.799824,0.799824,0.799824,0.000001,0.000000,0.000000,0.000000,0,1,0,1,20.072349,0,0,0,0
118.4012,,0.799824,0.799824,0.799825,0.000001,0.000000,0.000000,0.000000,0,1,0,1,20.069462,0,0,0,0
118.4222,,0.799824,0.799824,0.799825,0.000001,0.000000,0.000000,0.000000,0,1,0,1,20.104738,0,0,0,0
118.4421,,0.799824,0.799824,0.799824,0.000001,0.000000,0.000000,0.000000,0,1,0,1,20.244686,0,0,0,0
118.4621,,0.799824,0.799824,0.799825,0.000001,0.000000,0.000000,0.000000,0,1,0,1,20.339272,0,0,0,0
118.4821,,0.799824,0.799824,0.799825,0.000001,0.000000,0.000000,0.000000,0,1,0,1,20.222457,0,0,0,0
118.5033,,0.799824,0.799824,0.799825,0.000001,0.000000,0.000000,0.000000,0,1,0,1,20.227169,0,0,0,0
118.5233,,0.799824,0.799824,0.799825,0.000001,0.000000,0.000000,0.000000,0,1,0,1,20.173144,0,0,0,0
118.5432,,0.799824,0.799824,0.799824,0.000001,0.000000,0.000000,0.000000,0,1,0,1,20.246167,0,0,0,0
118.5633,,0.799824,0.799824,0.799824,0.000001,0.000000,0.000000,0.000000,0,1,0,1,20.275942,0,0,0,0
118.5841,,0.799824,0.799824,0.799825,0.000001,0.000000,0.000000,0.000000,0,1,0,1,20.258437,0,0,0,0
118.6041,,0.799824,0.799824,0.799825,0.000001,0.000000,0.000000,0.000000,0,1,0,1,20.207762,0,0,0,0
118.6240,,0.799824,0.799824,0.799825,0.000001,0.000000,0.000000,0.000000,0,1,0,1,20.195940,0,0,0,0
118.6439,,0.799824,0.799824,0.799825,0.000001,0.000000,0.000000,0.000000,0,1,0,1,20.212326,0,0,0,0
118.6641,,0.799824,0.799824,0.799825,0.000001,0.000000,0.000000,0.000000,0,1,0,1,20.150406,0,0,0,0
118.6851,,0.799824,0.799824,0.799824,0.000001,0.000000,0.000000,0.000000,0,1,0,1,20.205230,0,0,0,0
118.7052,,0.799824,0.799824,0.799824,0.000001,0.000000,0.000000,0.000000,0,1,0,1,20.084826,0,0,0,0
118.7251,,0.799824,0.799824,0.799825,0.000001,0.000000,0.000000,0.000000,0,1,0,1,20.080726,0,0,0,0
118.7451,,0.799824,0.799824,0.799825,0.000001,0.000000,0.000000,0.000000,0,1,0,1,20.073342,0,0,0,0
118.7651,,0.799824,0.799824,0.799825,0.000001,0.000000,0.000000,0.000000,0,1,0,1,20.074246,0,0,0,0
118.7851,,0.799824,0.799824,0.799825,0.000001,0.000000,0.000000,0.000000,0,1,0,1,20.455337,0,0,0,0
118.8062,,0.799824,0.799824,0.799825,0.000001,0.000000,0.000000,0.000000,0,1,0,1,20.200218,0,0,0,0
118.8260,,0.799824,0.799824,0.799825,0.000001,0.000000,0.000000,0.000000,0,1,0,1,20.214448,0,0,0,0
118.8461,,0.799824,0.799824,0.799824,0.000001,0.000000,0.000000,0.000000,0,1,0,1,20.193717,0,0,0,0
118.8663,,0.799824,0.799824,0.799824,0.000001,0.000000,0.000000,0.000000,0,1,0,1,20.269867,0,0,0,0
118.8860,,0.799824,0.799824,0.799825,0.000001,0.000000,0.000000,0.000000,0,1,0,1,20.082336,0,0,0,0
118.9060,,0.799824,0.799824,0.799825,0.000001,0.000000,0.000000,0.000000,0,1,0,1,20.081882,0,0,0,0
118.9262,,0.799824,0.799824,0.799825,0.000001,0.000000,0.000000,0.000000,0,1,0,1,20.090793,0,0,0,0
118.9473,,0.799824,0.799824,0.799825,0.000001,0.000000,0.000000,0.000000,0,1,0,1,20.203023,0,0,0,0
118.9671,,0.799824,0.799824,0.799825,0.000001,0.000000,0.000000,0.000000,0,1,0,1,20.310392,0,0,0,0
118.9874,,0.799824,0.799824,0.799825,0.000001,0.000000,0.000000,0.000000,0,1,0,1,20.327843,0,0,0,0
119.0082,,0.799824,0.799824,0.799825,0.000001,0.000000,0.000000,0.000000,0,1,0,1,20.251807,0,0,0,0
119.0283,,0.799824,0.799824,0.799825,0.000001,0.000000,0.000000,0.000000,0,1,0,1,20.184597,0,0,0,0
119.0480,,0.799824,0.799824,0.799825,0.000001,0.000000,0.000000,0.000000,0,1,0,1,20.186721,0,0,0,0
119.0682,,0.799824,0.799824,0.799824,0.000001,0.000000,0.000000,0.000000,0,1,0,1,20.230872,0,0,0,0
119.0883,,0.799824,0.799824,0.799825,0.000001,0.000000,0.000000,0.000000,0,1,0,1,20.310758,0,0,0,0
119.1092,,0.799824,0.799824,0.799825,0.000001,0.000000,0.000000,0.000000,0,1,0,1,20.222376,0,0,0,0
119.1293,,0.799824,0.799824,0.799825,0.000001,0.000000,0.000000,0.000000,0,1,0,1,20.213123,0,0,0,0
119.1493,,0.799824,0.799824,0.799825,0.000001,0.000000,0.000000,0.000000,0,1,0,1,20.189590,0,0,0,0
119.1691,,0.799824,0.799824,0.799825,0.000001,0.000000,0.000000,0.000000,0,1,0,1,20.254968,0,0,0,0
119.1903,,0.799824,0.799824,0.799825,0.000001,0.000000,0.000000,0.000000,0,1,0,1,20.170409,0,0,0,0
119.2103,,0.799824,0.799824,0.799825,0.000001,0.000000,0.000000,0.000000,0,1,0,1,20.245835,0,0,0,0
119.2303,,0.799824,0.799824,0.799825,0.000001,0.000000,0.000000,0.000000,0,1,0,1,20.158831,0,0,0,0
119.2513,,0.799824,0.799824,0.799825,0.000001,0.000000,0.000000,0.000000,0,1,0,1,20.265165,0,0,0,0
119.2703,,0.799824,0.799824,0.799825,0.000001,0.000000,0.000000,0.000000,0,1,0,1,20.302846,0,0,0,0
119.2913,,0.799824,0.799824,0.799825,0.000001,0.000000,0.000000,0.000000,0,1,0,1,20.107043,0,0,0,0
119.3114,,0.799824,0.799824,0.799825,0.000001,0.000000,0.000000,0.000000,0,1,0,1,20.105635,0,0,0,0
119.3311,,0.799824,0.799824,0.799825,0.000001,0.000000,0.000000,0.000000,0,1,0,1,20.202372,0,0,0,0
119.3512,,0.799824,0.799824,0.799825,0.000001,0.000000,0.000000,0.000000,0,1,0,1,20.204072,0,0,0,0
119.3712,,0.799824,0.799824,0.799825,0.000001,0.000000,0.000000,0.000000,0,1,0,1,20.131038,0,0,0,0
119.3913,,0.799824,0.799824,0.799825,0.000001,0.000000,0.000000,0.000000,0,1,0,1,20.080418,0,0,0,0
119.4113,,0.799824,0.799824,0.799825,0.000001,0.000000,0.000000,0.000000,0,1,0,1,20.084261,0,0,0,0
119.4312,,0.799824,0.799824,0.799825,0.000001,0.000000,0.000000,0.000000,0,1,0,1,20.105379,0,0,0,0
119.4521,,0.799824,0.799824,0.799825,0.000001,0.000000,0.000000,0.000000,0,1,0,1,20.072278,0,0,0,0
119.4722,,0.799824,0.799824,0.799825,0.000001,0.000000,0.000000,0.000000,0,1,0,1,20.253653,0,0,0,0
119.4920,,0.799824,0.799824,0.799825,0.000001,0.000000,0.000000,0.000000,0,1,0,1,20.184137,0,0,0,0
119.5122,,0.799824,0.799824,0.799825,0.000001,0.000000,0.000000,0.000000,0,1,0,1,20.196081,0,0,0,0
119.5322,,0.799824,0.799824,0.799825,0.000001,0.000000,0.000000,0.000000,0,1,0,1,20.173470,0,0,0,0
119.5532,,0.799824,0.799824,0.799825,0.000001,0.000000,0.000000,0.000000,0,1,0,1,20.183921,0,0,0,0
119.5731,,0.799824,0.799824,0.799825,0.000001,0.000000,0.000000,0.000000,0,1,0,1,20.203401,0,0,0,0
119.5932,,0.799824,0.799824,0.799825,0.000001,0.000000,0.000000,0.000000,0,1,0,1,20.193217,0,0,0,0
119.6132,,0.799824,0.799824,0.799825,0.000001,0.000000,0.000000,0.000000,0,1,0,1,20.198285,0,0,0,0
119.6332,,0.799824,0.799824,0.799825,0.000001,0.000000,0.000000,0.000000,0,1,0,1,20.074779,0,0,0,0
119.6532,,0.799824,0.799824,0.799825,0.000001,0.000000,0.000000,0.000000,0,1,0,1,20.068949,0,0,0,0
119.6732,,0.799824,0.799824,0.799825,0.000001,0.000000,0.000000,0.000000,0,1,0,1,20.068725,0,0,0,0
119.6932,,0.799824,0.799824,0.799825,0.000001,0.000000,0.000000,0.000000,0,1,0,1,20.076687,0,0,0,0
119.7132,,0.799824,0.799824,0.799825,0.000001,0.000000,0.000000,0.000000,0,1,0,1,20.070769,0,0,0,0
119.7341,,0.799824,0.799824,0.799825,0.000001,0.000000,0.000000,0.000000,0,1,0,1,20.068658,0,0,0,0
119.7541,,0.799824,0.799824,0.799825,0.000001,0.000000,0.000000,0.000000,0,1,0,1,20.154622,0,0,0,0
119.7741,,0.799824,0.799824,0.799825,0.000001,0.000000,0.000000,0.000000,0,1,0,1,20.164022,0,0,0,0
119.7939,,0.799824,0.799824,0.799825,0.000001,0.000000,0.000000,0.000000,0,1,0,1,20.090498,0,0,0,0
119.8141,,0.799824,0.799824,0.799825,0.000001,0.000000,0.000000,0.000000,0,1,0,1,20.262837,0,0,0,0
119.8341,,0.799824,0.799824,0.799825,0.000001,0.000000,0.000000,0.000000,0,1,0,1,20.112826,0,0,0,0
119.8550,,0.799824,0.799824,0.799825,0.000001,0.000000,0.000000,0.000000,0,1,0,1,20.122759,0,0,0,0
119.8751,,0.799824,0.799824,0.799825,0.000001,0.000000,0.000000,0.000000,0,1,0,1,20.083072,0,0,0,0
119.8950,,0.799824,0.799824,0.799825,0.000001,0.000000,0.000000,0.000000,0,1,0,1,20.189249,0,0,0,0
119.9151,,0.799824,0.799824,0.799825,0.000001,0.000000,0.000000,0.000000,0,1,0,1,20.235747,0,0,0,0
119.9351,,0.799824,0.799824,0.799825,0.000001,0.000000,0.000000,0.000000,0,1,0,1,20.285745,0,0,0,0
119.9551,,0.799824,0.799824,0.799825,0.000001,0.000000,0.000000,0.000000,0,1,0,1,20.118676,0,0,0,0
119.9752,,0.799824,0.799824,0.799825,0.000001,0.000000,0.000000,0.000000,0,1,0,1,20.077133,0,0,0,0
119.9961,,0.799824,0.799824,0.799825,0.000001,0.000000,0.000000,0.000000,0,1,0,1,20.220808,0,0,0,0
120.0161,,0.799824,0.799824,0.799825,0.000001,0.000000,0.000000,0.000000,0,1,0,1,20.108772,0,0,0,0
120.0361,,0.799824,0.799824,0.799825,0.000001,0.000000,0.000000,0.000000,0,1,0,1,20.109621,0,0,0,0
120.0562,,0.799824,0.799824,0.799825,0.000001,0.000000,0.000000,0.000000,0,1,0,1,20.073142,0,0,0,0
120.0761,,0.799824,0.799824,0.799825,0.000001,0.000000,0.000000,0.000000,0,1,0,1,20.192218,0,0,0,0
120.0961,,0.799824,0.799824,0.799825,0.000001,0.000000,0.000000,0.000000,0,1,0,1,20.194221,0,0,0,0
120.1174,,0.799824,0.799824,0.799825,0.000001,0.000000,0.000000,0.000000,0,1,0,1,20.206183,0,0,0,0
120.1374,,0.799824,0.799824,0.799825,0.000001,0.000000,0.000000,0.000000,0,1,0,1,20.255560,0,0,0,0
120.1571,,0.799824,0.799824,0.799825,0.000001,0.000000,0.000000,0.000000,0,1,0,1,20.197281,0,0,0,0
120.1772,,0.799824,0.799824,0.799825,0.000001,0.000000,0.000000,0.000000,0,1,0,1,20.247053,0,0,0,0
120.1972,,0.799824,0.799824,0.799825,0.000001,0.000000,0.000000,0.000000,0,1,0,1,20.160971,0,0,0,0
120.2181,,0.799824,0.799824,0.799825,0.000001,0.000000,0.000000,0.000000,0,1,0,1,20.211630,0,0,0,0
120.2381,,0.799824,0.799824,0.799825,0.000001,0.000000,0.000000,0.000000,0,1,0,1,20.100770,0,0,0,0
120.2581,,0.799824,0.799824,0.799825,0.000001,0.000000,0.000000,0.000000,0,1,0,1,20.117371,0,0,0,0
120.2782,,0.799824,0.799824,0.799825,0.000001,0.000000,0.000000,0.000000,0,1,0,1,20.108974,0,0,0,0
120.2982,,0.799824,0.799824,0.799825,0.000001,0.000000,0.000000,0.000000,0,1,0,1,20.289801,0,0,0,0
120.3191,,0.799824,0.799824,0.799825,0.000001,0.000000,0.000000,0.000000,0,1,0,1,20.228544,0,0,0,0
120.3391,,0.799824,0.799824,0.799825,0.000001,0.000000,0.000000,0.000000,0,1,0,1,20.070564,0,0,0,0
120.3591,,0.799824,0.799824,0.799825,0.000001,0.000000,0.000000,0.000000,0,1,0,1,20.094180,0,0,0,0
120.3791,,0.799824,0.799824,0.799825,0.000001,0.000000,0.000000,0.000000,0,1,0,1,20.098680,0,0,0,0
120.3991,,0.799824,0.799824,0.799825,0.000001,0.000000,0.000000,0.000000,0,1,0,1,20.066421,0,0,0,0
120.4192,,0.799824,0.799824,0.799825,0.000001,0.000000,0.000000,0.000000,0,1,0,1,20.108279,0,0,0,0
120.4390,,0.799824,0.799824,0.799825,0.000001,0.000000,0.000000,0.000000,0,1,0,1,20.073124,0,0,0,0
120.4591,,0.799824,0.799824,0.799825,0.000001,0.000000,0.000000,0.000000,0,1,0,1,20.051940,0,0,0,0
120.4791,,0.799824,0.799824,0.799825,0.000001,0.000000,0.000000,0.000000,0,1,0,1,20.133560,0,0,0,0
120.4991,,0.799824,0.799824,0.799825,0.000001,0.000000,0.000000,0.000000,0,1,0,1,20.072544,0,0,0,0
120.5191,,0.799824,0.799824,0.799825,0.000001,0.000000,0.000000,0.000000,0,1,0,1,20.074738,0,0,0,0
120.5391,,0.799824,0.799824,0.799825,0.000001,0.000000,0.000000,0.000000,0,1,0,1,20.097126,0,0,0,0
120.5600,,0.799824,0.799824,0.799825,0.000001,0.000000,0.000000,0.000000,0,1,0,1,20.083216,0,0,0,0
120.5801,,0.799824,0.799824,0.799825,0.000001,0.000000,0.000000,0.000000,0,1,0,1,20.091421,0,0,0,0
120.6000,,0.799824,0.799824,0.799825,0.000001,0.000000,0.000000,0.000000,0,1,0,1,20.077190,0,0,0,0
120.6202,,0.799824,0.799824,0.799825,0.000001,0.000000,0.000000,0.000000,0,1,0,1,20.096803,0,0,0,0
120.6401,,0.799824,0.799824,0.799825,0.000001,0.000000,0.000000,0.000000,0,1,0,1,20.166692,0,0,0,0
120.6600,,0.799824,0.799824,0.799825,0.000001,0.000000,0.000000,0.000000,0,1,0,1,20.103929,0,0,0,0
120.6800,,0.799824,0.799824,0.799825,0.000001,0.000000,0.000000,0.000000,0,1,0,1,20.185715,0,0,0,0
120.7001,,0.799824,0.799824,0.799825,0.000001,0.000000,0.000000,0.000000,0,1,0,1,20.063447,0,0,0,0
120.7201,,0.799824,0.799824,0.799825,0.000001,0.000000,0.000000,0.000000,0,1,0,1,20.076777,0,0,0,0
120.7400,,0.799824,0.799824,0.799825,0.000001,0.000000,0.000000,0.000000,0,1,0,1,20.080890,0,0,0,0
120.8077,STOP,0.799824,0.799824,0.799825,,,,,0,0,0,1,,0,0,0,0
