# SMPL-X canonical T-pose exported by anatomy_retarget
v 0.06236839 0.28568870 -0.00942715
v 0.06643970 0.28469172 -0.00839628
v 0.06701954 0.28614119 -0.00823774
v 0.06272664 0.28701183 -0.00917264
v 0.07470850 0.28663355 -0.01912877
v 0.07478096 0.29019409 -0.01541014
v 0.07439201 0.29296756 -0.01523362
v 0.07425990 0.29272780 -0.01816591
v 0.02810219 0.24631019 -0.07375795
v 0.01317362 0.24543832 -0.07914232
v 0.01338557 0.23610520 -0.07649928
v 0.02770798 0.23422423 -0.07066521
v 0.04764655 0.21138234 -0.04952304
v 0.04294028 0.21898028 -0.05579681
v 0.04148456 0.20845658 -0.05884345
v 0.05069070 0.20357838 -0.04654345
v 0.03939775 0.34907949 0.07827596
v 0.04684799 0.34730259 0.07267276
v 0.04550088 0.34120059 0.07648826
v -0.06236667 0.28568584 -0.00943258
v -0.06643799 0.28468868 -0.00840178
v -0.06701806 0.28613806 -0.00824339
v -0.06272527 0.28700888 -0.00917803
v -0.07470797 0.28663000 -0.01913433
v -0.07478063 0.29019070 -0.01541547
v -0.07439114 0.29296428 -0.01523909
v -0.07425982 0.29272449 -0.01817120
v 0.03834347 0.34223333 0.08093715
v 0.09420446 0.30829132 -0.03113271
v 0.09430401 0.30545792 -0.03228493
v 0.09455048 0.30395889 -0.03031000
v 0.09435220 0.30644587 -0.02934474
v 0.09031416 0.28961760 -0.02884210
v 0.09022541 0.29712793 -0.03063536
v 0.09144830 0.29977089 -0.03147665
v 0.09168704 0.29757687 -0.03057507
v 0.09019125 0.27904776 -0.02531945
v 0.08916601 0.27973336 -0.02492207
v 0.09077488 0.28427628 -0.02691637
v 0.09182290 0.28391632 -0.02760905
v 0.07543404 0.26042497 -0.00147460
v 0.07816003 0.26255551 -0.00347264
v 0.07855731 0.26013875 -0.00469373
v 0.07396417 0.25874856 -0.00308949
v 0.07099317 0.25997150 -0.00399831
v 0.07536618 0.25925916 -0.00828659
v 0.07483696 0.26226240 -0.00934056
v 0.07140660 0.26232520 -0.00589494
v 0.08903930 0.31880757 -0.01649605
v 0.08934971 0.31547946 -0.01594603
v 0.08757807 0.31467670 -0.01348528
v 0.08719575 0.31809998 -0.01364106
v 0.07470067 0.28492993 -0.02529970
v 0.07351907 0.27830359 -0.02306313
v 0.07971121 0.28298497 -0.02623191
v 0.07994432 0.28591719 -0.02673396
v 0.08722966 0.30798545 -0.02377788
v 0.08823055 0.30874342 -0.02722436
v 0.08871236 0.30652183 -0.02832823
v 0.08763291 0.30506274 -0.02567250
v 0.09057003 0.31006503 -0.03222471
v 0.09083080 0.30689648 -0.03348665
v 0.07354293 0.26920709 0.00030699
v 0.07249025 0.27291551 0.00111968
v 0.07294812 0.27454644 -0.00030040
v 0.07345945 0.27340385 -0.00168835
v 0.07349946 0.28653187 -0.01565088
v 0.07519160 0.29080063 -0.01391258
v 0.08614099 0.26885962 -0.01970926
v 0.08603357 0.27077737 -0.01895312
v 0.08817664 0.27467385 -0.02247882
v 0.08836037 0.27325463 -0.02357814
v 0.08305269 0.27340519 -0.01725454
v 0.08532149 0.27584419 -0.02085684
v 0.08637121 0.27639461 -0.02262411
v 0.08534797 0.27433482 -0.02047316
v 0.09015777 0.31127533 -0.02339473
v 0.08817862 0.31360728 -0.01872868
v 0.08914863 0.31321371 -0.01849386
v 0.09113296 0.31071851 -0.02322849
v 0.08187941 0.29812834 -0.02654320
v 0.08057585 0.30327350 -0.02470128
v 0.07955123 0.30259815 -0.02456098
v 0.08080628 0.29809237 -0.02625950
v 0.09061518 0.30760929 -0.03009509
v 0.09094655 0.30488366 -0.03106222
v 0.08920724 0.30379641 -0.02954085
v 0.07700878 0.30581501 -0.01219239
v 0.07777393 0.30673930 -0.01344193
v 0.07814497 0.30512097 -0.01390297
v 0.07774918 0.30387071 -0.01278492
v 0.07810090 0.25897110 -0.00812371
v 0.07170772 0.26946342 -0.01671254
v 0.07356379 0.27004528 -0.01827029
v 0.07640635 0.27408251 -0.02126108
v 0.07501230 0.27520266 -0.02163582
v 0.07106325 0.26184317 0.00058925
v 0.07411512 0.26217189 0.00069750
v 0.07490952 0.26102325 -0.00046720
v 0.07179739 0.26034033 -0.00092214
v 0.08021557 0.31019270 -0.01378047
v 0.08260081 0.30952522 -0.01600638
v 0.08060344 0.30856729 -0.01527502
v 0.07907094 0.30892691 -0.01347927
v 0.08903870 0.29525369 -0.02891468
v 0.08797865 0.30212131 -0.02723720
v 0.08855583 0.28612316 -0.02316021
v 0.08857132 0.28617492 -0.02612801
v 0.08788858 0.28212029 -0.02459183
v -0.02810534 0.24630766 -0.07375918
v -0.01317675 0.24543731 -0.07914308
v -0.01338809 0.23610416 -0.07650019
v -0.02770978 0.23422211 -0.07066627
v 0.08784798 0.28214571 -0.02174317
v 0.08836389 0.29431954 -0.02337879
v 0.08862723 0.29420817 -0.02679920
v 0.09203697 0.30329484 -0.02890074
v 0.09221387 0.29705858 -0.02914800
v 0.09158514 0.30383900 -0.02978171
v 0.07817804 0.30675647 -0.02243576
v 0.07809674 0.30984852 -0.02654206
v 0.07737862 0.30298874 -0.02809228
v 0.07843006 0.30413458 -0.02379667
v 0.07352207 0.27862406 -0.00091668
v 0.07478933 0.28076094 -0.00232634
v 0.07369560 0.27843079 -0.00375840
v 0.07295745 0.27615309 -0.00315650
v 0.07706526 0.27215061 -0.01985646
v 0.07433399 0.26899561 -0.01737048
v 0.07486681 0.26854569 -0.01656264
v 0.07758584 0.27048883 -0.01829485
v 0.08507854 0.31067795 -0.01815379
v 0.08520651 0.30548838 -0.01887485
v 0.08345826 0.30551019 -0.01742532
v 0.07918242 0.27508932 -0.00889417
v 0.07979193 0.27634951 -0.01086697
v 0.08102666 0.27324176 -0.01260623
v 0.08048470 0.27129081 -0.01081756
v 0.08224872 0.26259029 -0.01366765
v 0.07984103 0.26229215 -0.01436924
v 0.07762768 0.26034197 -0.01109622
v 0.08018067 0.26027301 -0.01076394
v 0.07321740 0.27503213 -0.00234752
v 0.07309487 0.27599829 -0.00063873
v 0.08394129 0.29834911 -0.02848865
v 0.08295181 0.30457062 -0.02639899
v 0.08706307 0.30348819 -0.02331168
v 0.08749212 0.30093560 -0.02467239
v 0.07584837 0.29123393 -0.00699283
v 0.07340011 0.29174078 -0.00825012
v 0.07333961 0.29089129 -0.00821799
v 0.07640160 0.28958344 -0.00681615
v 0.07630276 0.29121909 -0.00555391
v 0.07677499 0.28956565 -0.00541406
v 0.07641637 0.28940970 -0.00420965
v 0.07608882 0.29033762 -0.00406635
v 0.07254208 0.29196897 -0.00875928
v 0.07284227 0.29167908 -0.00845232
v 0.07316038 0.29225108 -0.00878431
v 0.07723249 0.29473880 -0.02127398
v 0.07851280 0.28670654 -0.02267953
v 0.07646520 0.28654915 -0.02166033
v 0.07517866 0.29358634 -0.02004742
v 0.08925581 0.28720713 -0.02780459
v 0.08389423 0.31449565 -0.00927147
v 0.08224307 0.31672066 -0.00931522
v 0.08497871 0.32001737 -0.01381351
v 0.07400794 0.27755895 -0.01305094
v 0.07688362 0.27853012 -0.01022335
v 0.07543977 0.27835000 -0.00859540
v 0.07365327 0.27728572 -0.01124285
v 0.07307290 0.28257480 -0.00662724
v 0.07116011 0.27927700 -0.00575638
v 0.07521603 0.28104854 -0.00508812
v 0.07608368 0.29734993 -0.00552758
v 0.07463874 0.29341939 -0.00814673
v 0.07553861 0.29229474 -0.00671156
v 0.07595279 0.29273754 -0.00535801
v 0.09019867 0.27823177 -0.02666640
v 0.09171087 0.28341949 -0.02923232
v 0.09002057 0.28319344 -0.03074228
v 0.08859475 0.27766749 -0.02808104
v 0.07175343 0.26557919 0.00213261
v 0.06881414 0.26277047 -0.00088824
v 0.07105040 0.26873589 0.00280026
v 0.09326524 0.31534061 -0.02566265
v 0.08980118 0.31763715 -0.02611366
v 0.09023660 0.31541035 -0.02855160
v 0.09380868 0.31323197 -0.02795604
v 0.07339425 0.29839146 -0.01449788
v 0.07347992 0.29634911 -0.01393395
v 0.07378122 0.29781550 -0.01259920
v 0.07357474 0.29973540 -0.01291452
v 0.05318441 0.26077682 -0.05642466
v 0.06287231 0.26165757 -0.03773152
v 0.06619915 0.27471912 -0.04629908
v 0.05890296 0.27309880 -0.06222948
v 0.08320978 0.26543233 -0.01316206
v 0.08229589 0.26338241 -0.01044342
v 0.07746186 0.30508441 -0.00451236
v 0.07680643 0.30713129 -0.00311541
v 0.07789513 0.31259650 -0.00479988
v 0.07864557 0.30918992 -0.00488812
v 0.09146857 0.29864806 -0.03447174
v 0.09432933 0.29793838 -0.03291179
v 0.07966498 0.31073368 -0.01215019
v 0.08318815 0.31404141 -0.01537948
v 0.08107299 0.31160450 -0.01429882
v 0.07931956 0.31018287 -0.01245610
v 0.07889526 0.30237252 -0.00983317
v 0.07959945 0.30366591 -0.00950913
v 0.07785179 0.30456758 -0.00975063
v 0.07681684 0.30317491 -0.00989300
v 0.07625393 0.31210735 -0.00200180
v 0.07794134 0.31693718 -0.00550376
v 0.06991725 0.26905942 -0.01599590
v 0.07904399 0.30387318 -0.00708344
v 0.07997441 0.30648452 -0.00673523
v 0.08053166 0.30529797 -0.00923903
v -0.04764654 0.21137780 -0.04952507
v -0.04294092 0.21897566 -0.05579850
v -0.04148351 0.20845236 -0.05884525
v -0.05069077 0.20357293 -0.04654598
v 0.07171398 0.27389354 0.00327780
v 0.07254707 0.27561328 0.00104750
v 0.07859674 0.30928543 -0.01226121
v 0.07784807 0.30807987 -0.01220493
v 0.07637147 0.30430943 -0.01127251
v 0.07693150 0.30229354 -0.01266375
v 0.08356248 0.29549009 -0.01978903
v 0.08545899 0.28692394 -0.02117047
v 0.06952366 0.27608642 -0.03193019
v 0.06620140 0.26230121 -0.01670068
v 0.07671478 0.30490774 -0.00998193
v 0.07666055 0.30527127 -0.01023991
v 0.07585841 0.30432296 -0.01061292
v 0.07581900 0.30379403 -0.01022479
v 0.08111740 0.26171988 -0.00794229
v 0.08209877 0.30198076 -0.01748269
v 0.07903032 0.30012372 -0.01542496
v 0.07971482 0.30236942 -0.01475049
v 0.09201711 0.28884506 -0.02788090
v 0.09324531 0.29690400 -0.02893515
v 0.09466017 0.29726148 -0.03057116
v 0.09327707 0.28866991 -0.02919755
v 0.06945884 0.26127192 -0.00228692
v 0.07350680 0.29557535 -0.01480771
v 0.07474576 0.29394761 -0.01400165
v 0.07447995 0.30101743 -0.01316650
v 0.07476068 0.30265284 -0.01128716
v 0.07280426 0.27869624 0.00135672
v 0.08960129 0.31175244 -0.02732079
v 0.09017275 0.30982330 -0.02877365
v 0.08803300 0.31043479 -0.02590868
v 0.08770258 0.31168026 -0.02429999
v 0.08689706 0.31343240 -0.02123544
v 0.08698312 0.31497112 -0.02082828
v 0.08879285 0.31348664 -0.02532983
v 0.07782165 0.30116653 -0.01395740
v 0.07874018 0.30287406 -0.01359252
v 0.07875336 0.27388436 -0.00741017
v 0.07959221 0.26796681 -0.00805052
v 0.08662643 0.27871305 -0.02224749
v 0.08635580 0.27946666 -0.01938478
v 0.08727612 0.28904253 -0.03166728
v 0.08711998 0.29833844 -0.03256970
v 0.08553279 0.29820192 -0.03034410
v 0.08603968 0.28935933 -0.03020363
v 0.07974759 0.29184142 -0.02700831
v 0.07622173 0.29272872 -0.02676401
v 0.07564867 0.29144502 -0.00357106
v 0.07496888 0.29543114 -0.00164137
v 0.07400555 0.30036327 -0.01314249
v 0.07435448 0.30202055 -0.01136043
v 0.08120807 0.27467853 -0.02248446
v 0.07713886 0.26775134 -0.01476471
v 0.08128334 0.27264160 -0.02052066
v 0.07302112 0.26707637 -0.01268432
v 0.07269952 0.26623443 -0.01028095
v 0.07525936 0.26616687 -0.01192938
v 0.08314679 0.27538827 -0.01639581
v 0.08503471 0.27648014 -0.01916631
v 0.07213519 0.29171476 -0.00933764
v 0.07059103 0.29015449 -0.01050819
v 0.07116858 0.29142624 -0.00881307
v 0.08685386 0.29470947 -0.02121603
v 0.08770679 0.28657022 -0.02150318
v 0.07939363 0.30588642 -0.00989008
v 0.07720470 0.29599765 -0.01009873
v 0.07816541 0.29954058 -0.00821141
v 0.08283688 0.30924654 -0.00946588
v 0.08111762 0.30760789 -0.01015170
v 0.08043577 0.30671057 -0.00993755
v 0.08155750 0.30719829 -0.00903833
v 0.06529301 0.28213170 -0.00895002
v 0.06859452 0.28047904 -0.00741625
v 0.07016299 0.28362808 -0.00733494
v 0.08598867 0.31464192 -0.01911993
v 0.08637746 0.31256101 -0.02026726
v 0.08441012 0.30519760 -0.02828198
v 0.07862984 0.30698016 -0.01447810
v 0.07908246 0.30544308 -0.01535799
v 0.08001858 0.31871659 -0.02110722
v 0.07951108 0.31683001 -0.01761664
v 0.07956575 0.31715509 -0.01629288
v 0.08027218 0.32136858 -0.01650921
v 0.07191352 0.26369905 -0.00701599
v 0.07457840 0.26398131 -0.00978171
v 0.07439337 0.26513043 -0.01026786
v 0.07237121 0.26503390 -0.00830313
v 0.07476607 0.27802807 -0.00788919
v 0.07344562 0.27710047 -0.01019254
v 0.08786396 0.27982560 -0.02501036
v 0.08709481 0.27906635 -0.02396753
v 0.08837182 0.28298807 -0.02621445
v 0.08933437 0.28418529 -0.02710365
v 0.07448222 0.29907629 -0.01702350
v 0.07373451 0.29800069 -0.01664822
v 0.07988492 0.31081700 -0.01877956
v 0.08218917 0.31309098 -0.02023696
v 0.08112100 0.31606132 -0.01672435
v 0.07944652 0.31400490 -0.01649919
v 0.08598581 0.30588603 -0.03055560
v 0.07912217 0.30401936 -0.01494067
v 0.07976980 0.30415243 -0.01607602
v 0.07867518 0.30446115 -0.01442545
v 0.07611500 0.30226779 -0.01013912
v 0.07816410 0.30116847 -0.01036976
v 0.08223660 0.30938005 -0.01104002
v 0.08590852 0.31279755 -0.01431281
v 0.08496377 0.31284654 -0.01457504
v 0.08165981 0.31011695 -0.01139963
v 0.07712096 0.30678064 -0.01111507
v 0.01494685 0.25499287 -0.08602504
v 0.01694256 0.26436350 -0.09295768
v -0.03939934 0.34907755 0.07827178
v -0.04684983 0.34730029 0.07266871
v -0.04550266 0.34119835 0.07648438
v -0.03834496 0.34223136 0.08093303
v 0.08015083 0.31680965 -0.00914086
v 0.08093657 0.31835818 -0.01315048
v 0.08202564 0.31920880 -0.01361525
v 0.08072913 0.31756261 -0.01015215
v 0.08743137 0.31049883 -0.02374013
v 0.09134287 0.30644950 -0.02889946
v 0.07582739 0.29247746 -0.01228278
v 0.07259175 0.28952619 -0.01209942
v 0.06249316 0.28828597 -0.01067540
v 0.06286649 0.28948551 -0.01068312
v 0.06338067 0.28906628 -0.01191379
v 0.06302342 0.28776261 -0.01212919
v 0.06597804 0.28308925 -0.01249801
v 0.06877792 0.28205633 -0.01117272
v 0.06802550 0.28015366 -0.00970185
v 0.06530764 0.28096190 -0.01177659
v 0.06192078 0.28516889 -0.01107628
v 0.06221303 0.28677770 -0.01078261
v 0.06283867 0.28608084 -0.01236981
v 0.06266019 0.28422913 -0.01289816
v 0.08535884 0.31467068 -0.01696408
v 0.08720125 0.31454030 -0.01871165
v 0.09282121 0.30550367 -0.02780935
v 0.09305665 0.30317491 -0.02867560
v 0.09066743 0.31054777 -0.02606250
v 0.09106294 0.30867293 -0.02753701
v 0.07516809 0.28345966 -0.00230796
v 0.07616292 0.28358817 -0.00414320
v 0.07574327 0.28194937 -0.00403864
v 0.09393420 0.30868587 -0.02795308
v 0.09403748 0.31078190 -0.02965816
v 0.07429483 0.26584014 0.00076226
v 0.07328111 0.26436508 0.00158398
v 0.04643550 0.19218916 0.01819093
v 0.05611536 0.19813135 0.00540352
v 0.05530095 0.18803099 0.00579681
v 0.04580528 0.18208985 0.01789817
v 0.08241486 0.31200027 -0.00792461
v 0.08099772 0.31461880 -0.00772167
v 0.06212341 0.28355733 -0.01005320
v 0.06197499 0.28267029 -0.01154640
v 0.06478592 0.28115079 -0.01039759
v 0.06741540 0.28765464 -0.00839796
v 0.06320774 0.28833655 -0.00915568
v 0.06614830 0.28484327 -0.01246215
v 0.06702143 0.28989741 -0.01135207
v 0.06744815 0.29098064 -0.00988165
v 0.07038900 0.27683011 -0.00678516
v 0.07192257 0.27623597 -0.00892817
v 0.07350153 0.27628887 -0.00565196
v 0.06264526 0.28224292 -0.01266755
v 0.07445986 0.30013457 -0.01484745
v 0.06930297 0.28568327 -0.01195510
v 0.07216930 0.28312328 -0.01374574
v 0.07184704 0.28094670 -0.01278866
v 0.06903055 0.28371727 -0.01181301
v 0.08158653 0.27263278 -0.01437216
v 0.08175395 0.27448609 -0.01432750
v 0.07453290 0.27834058 -0.01520851
v 0.07802515 0.27851635 -0.01316171
v 0.07541902 0.29544115 -0.01295217
v 0.07690589 0.29862475 -0.01139488
v 0.07266561 0.29187703 -0.00948116
v 0.06984430 0.28783908 -0.01146220
v 0.07224280 0.28562349 -0.01350548
v 0.06765331 0.28897107 -0.00868443
v 0.07143098 0.28899294 -0.00793965
v 0.07119841 0.29009303 -0.00820074
v 0.06764182 0.28994131 -0.00900821
v 0.08165634 0.30549645 -0.01666558
v 0.07974800 0.31243658 -0.00614189
v 0.08119459 0.30933869 -0.00702777
v 0.08080483 0.32238773 -0.03350702
v 0.07889288 0.31388786 -0.03831985
v 0.07944884 0.31538317 -0.02497515
v 0.06634060 0.28668267 -0.01224093
v 0.06350073 0.29040420 -0.01050111
v 0.06407302 0.28991807 -0.00951944
v 0.08734342 0.27587143 -0.02232983
v 0.07435049 0.27585700 -0.00530820
v 0.07479219 0.30038428 -0.01083298
v 0.08676320 0.28376642 -0.02989028
v 0.08560021 0.27854761 -0.02747237
v 0.07421086 0.30158865 -0.01128315
v 0.07493947 0.30270803 -0.01069815
v 0.07282325 0.27653351 -0.00971776
v 0.07429912 0.27718258 -0.00690020
v 0.07521830 0.30309284 -0.01050254
v 0.07583535 0.28299999 -0.00548819
v 0.08687192 0.30511075 -0.02203201
v 0.07830902 0.26468855 -0.01485844
v 0.07647056 0.26327568 -0.01187690
v 0.06369386 0.28932253 -0.00921854
v 0.06732813 0.28040034 -0.00901064
v 0.06674393 0.28839064 -0.01188413
v 0.07405877 0.28676769 -0.00717692
v 0.07368615 0.28462723 -0.00675084
v 0.07613920 0.28523827 -0.00563459
v 0.07940917 0.27895358 -0.01505059
v 0.07521053 0.28000680 -0.01761205
v 0.07650542 0.28080812 -0.01990165
v 0.08127153 0.27963862 -0.01685497
v 0.08414157 0.27384195 -0.02475674
v 0.08241432 0.26966333 -0.02114870
v 0.08458065 0.26813105 -0.02091808
v 0.08685631 0.27246365 -0.02483229
v 0.08061199 0.33746845 -0.04234657
v 0.08187425 0.32853371 -0.02671522
v 0.08219879 0.34478286 -0.03107295
v 0.08505986 0.31439930 -0.02571080
v 0.08528139 0.31189603 -0.02743657
v 0.09037336 0.31281891 -0.03058673
v 0.07934423 0.31976202 -0.01078917
v 0.07960857 0.31712627 -0.01455900
v 0.08005738 0.31796119 -0.01265746
v 0.09078389 0.28871131 -0.03284377
v 0.07666422 0.30128565 -0.00476212
v 0.07850716 0.30167270 -0.00743727
v 0.08023252 0.27580944 -0.02343410
v 0.08188640 0.27780437 -0.01472376
v 0.08421044 0.27827212 -0.01681142
v 0.09089416 0.31529045 -0.01874673
v 0.08767005 0.31350631 -0.01621866
v 0.01067645 0.18005846 0.04754982
v 0.01038880 0.17262988 0.04396287
v 0.00827971 0.29260197 0.10083051
v 0.00971708 0.29241201 0.09933756
v 0.00846100 0.29429698 0.09827420
v 0.00782447 0.29431403 0.09901350
v 0.00868053 0.28339061 0.09959361
v 0.00805080 0.28496161 0.09846003
v 0.00902690 0.28467676 0.09747333
v 0.00991626 0.28334585 0.09865408
v 0.00538373 0.29392955 0.09820775
v 0.00392617 0.29136503 0.10088068
v 0.00550722 0.29232776 0.10230163
v 0.00650022 0.29449105 0.09893568
v 0.09080967 0.31857762 -0.01969272
v 0.01206019 0.28313512 0.09925700
v 0.01103272 0.28495049 0.09803872
v 0.01171363 0.28548607 0.09991553
v 0.01339120 0.28407308 0.10097940
v 0.00482364 0.28425717 0.10771187
v 0.00589162 0.28639728 0.10779927
v 0.00480315 0.28551832 0.10542569
v 0.00480700 0.28349802 0.10511439
v 0.00761555 0.28688201 0.10712092
v 0.00950915 0.28654945 0.10890478
v 0.01122021 0.28642559 0.10713179
v 0.00904191 0.28671953 0.10555970
v 0.00444524 0.28770593 0.10036021
v 0.00582779 0.28579041 0.10180657
v 0.00371895 0.28796989 0.10397477
v 0.01193738 0.28777701 0.09798837
v 0.01062008 0.28670201 0.09656614
v 0.00950278 0.29049093 0.09595624
v 0.01074973 0.29131329 0.09685334
v 0.04999296 0.20899984 0.01905595
v 0.05784404 0.21188593 0.00383661
v 0.03467734 0.30483747 0.07677231
v 0.03391716 0.30209509 0.07806747
v 0.02975930 0.30338058 0.07881613
v 0.03069263 0.30578369 0.07768539
v 0.07687197 0.28754452 -0.00488847
v 0.07635859 0.28843048 -0.00373399
v 0.08534870 0.30901131 -0.02907978
v 0.08984922 0.31221339 -0.02397382
v 0.08490720 0.31629360 -0.02350565
v 0.08371045 0.31855610 -0.01877413
v 0.08222380 0.31719697 -0.01768712
v 0.08325952 0.31462887 -0.02171678
v 0.09298098 0.31236723 -0.02433579
v 0.07565999 0.27446628 -0.00497143
v 0.08456275 0.30115873 -0.01916629
v 0.08290582 0.31910485 -0.01614361
v 0.08640658 0.32063019 -0.01690660
v 0.09097873 0.28899959 -0.02792464
v 0.09346059 0.31074044 -0.02634533
v 0.09173127 0.30935353 -0.02507520
v 0.08425035 0.31143382 -0.01022711
v 0.07808456 0.28336415 -0.02220400
v 0.08476833 0.28335711 -0.02008702
v 0.08323460 0.28081363 -0.01849714
v -0.09420308 0.30828756 -0.03113963
v -0.09430260 0.30545413 -0.03229183
v -0.09454847 0.30395511 -0.03031663
v -0.09435050 0.30644211 -0.02935152
v -0.09031321 0.28961381 -0.02884820
v -0.09022458 0.29712412 -0.03064171
v -0.09144697 0.29976720 -0.03148309
v -0.09168620 0.29757312 -0.03058157
v 0.07748852 0.28154171 -0.02116508
v 0.07347121 0.29694149 -0.01600073
v 0.07258251 0.27948931 0.00385991
v 0.08131057 0.26825172 -0.01151603
v -0.09019018 0.27904397 -0.02532478
v -0.08916502 0.27972955 -0.02492754
v -0.09077408 0.28427249 -0.02692186
v -0.09182209 0.28391257 -0.02761428
v 0.08224335 0.26920742 -0.01401262
v 0.03159510 0.25653908 -0.07960504
v 0.03576346 0.26652724 -0.08612330
v 0.09297530 0.28859907 -0.03130544
v 0.08524817 0.31415048 -0.01794676
v 0.07760681 0.27400064 -0.00637448
v 0.07729067 0.26833183 -0.00528879
v 0.07563910 0.26884335 -0.00327007
v 0.07950751 0.30461967 -0.01578600
v 0.07949544 0.27699140 -0.02367819
v 0.07950170 0.27929410 -0.02487274
v 0.06372509 0.28976592 -0.01151634
v 0.08167046 0.27123362 -0.02063597
v 0.07785401 0.26621646 -0.01479633
v 0.06182692 0.21551262 -0.01083988
v 0.05947160 0.21838965 -0.02680409
v -0.07543299 0.26042071 -0.00148023
v -0.07815879 0.26255125 -0.00347822
v -0.07855590 0.26013440 -0.00469947
v -0.07396311 0.25874409 -0.00309500
v 0.05957596 0.20715906 -0.02424932
v 0.06093781 0.20311436 -0.00917749
v 0.07401481 0.29373261 0.00227093
v 0.07447446 0.28633511 -0.00027898
v 0.07383395 0.28522840 0.00177013
v 0.02504157 0.18967113 0.04195199
v 0.02217280 0.17728564 0.03817591
v 0.07276750 0.28026944 0.00808399
v 0.07275249 0.28016144 0.01904736
v 0.07393554 0.29611671 0.01841724
v 0.07366920 0.29023999 0.00829676
v 0.06083493 0.33000261 0.05389049
v 0.06279229 0.33044797 0.04933690
v 0.06321732 0.32067186 0.04960622
v 0.06091005 0.32216790 0.05336884
v 0.02043993 0.38991699 0.06863546
v 0.00996025 0.39061177 0.07101431
v 0.01020872 0.39856583 0.06459767
v 0.02091624 0.39757141 0.06203401
v 0.03759301 0.27497149 -0.09001740
v 0.03889159 0.28572208 -0.09421441
v 0.01891872 0.28206748 -0.10152906
v 0.01787522 0.27218553 -0.09678681
v 0.02134893 0.41546732 0.03919856
v 0.01047403 0.41739157 0.04214372
v 0.01055725 0.42212290 0.03159650
v -0.07099283 0.25996688 -0.00400378
v -0.07536504 0.25925413 -0.00829224
v -0.07483619 0.26225746 -0.00934641
v -0.07140658 0.26232055 -0.00590057
v 0.02157816 0.41986790 0.02901290
v 0.05346134 0.30163041 0.06739802
v 0.05557108 0.29509547 0.06759890
v 0.05154698 0.29482988 0.07133792
v 0.04992554 0.30130261 0.07037285
v 0.07718849 0.26393563 -0.00233075
v 0.07603661 0.26475775 -0.00102817
v -0.08903859 0.31880379 -0.01650263
v -0.08934861 0.31547573 -0.01595281
v -0.08757666 0.31467319 -0.01349227
v -0.08719494 0.31809640 -0.01364765
v -0.07470581 0.28492495 -0.02530627
v -0.07352317 0.27829859 -0.02306941
v -0.07971492 0.28298029 -0.02623822
v -0.07994808 0.28591290 -0.02674026
v 0.01070642 0.42583296 0.01926974
v 0.02190919 0.42331001 0.01707689
v 0.01255286 0.31290969 0.08469728
v -0.08722794 0.30798191 -0.02378468
v -0.08822935 0.30873969 -0.02723095
v -0.08871090 0.30651814 -0.02833481
v -0.08763129 0.30505911 -0.02567907
v -0.09056927 0.31006140 -0.03223159
v -0.09082977 0.30689284 -0.03349374
v -0.07354228 0.26920277 0.00030089
v -0.07248998 0.27291131 0.00111394
v -0.07294732 0.27454245 -0.00030635
v -0.07345834 0.27339971 -0.00169442
v -0.07349847 0.28652841 -0.01565626
v -0.07519037 0.29079726 -0.01391806
v -0.08613878 0.26885572 -0.01971575
v -0.08603191 0.27077356 -0.01895903
v -0.08817515 0.27467021 -0.02248434
v -0.08835829 0.27325088 -0.02358444
v 0.01299503 0.31466901 0.08173852
v 0.01668969 0.31131706 0.08039626
v 0.01625130 0.30938673 0.08282320
v 0.00752480 0.36291748 0.08376417
v 0.00844320 0.37065241 0.08067253
v 0.01751254 0.37053007 0.07896899
v 0.01606621 0.36293256 0.08265857
v 0.02108832 0.30860752 0.07904272
v 0.02017875 0.30670390 0.08078124
v 0.01026293 0.40565774 0.05806240
v 0.02118301 0.40435335 0.05519426
v 0.02096021 0.42710912 -0.03478760
v -0.08305135 0.27340132 -0.01726032
v -0.08532023 0.27584019 -0.02086255
v -0.08636992 0.27639073 -0.02262989
v -0.08534677 0.27433088 -0.02047887
v 0.02147727 0.42736891 -0.02601692
v 0.01008277 0.43017820 -0.02649759
v -0.09015661 0.31127158 -0.02340144
v -0.08817757 0.31360355 -0.01873536
v -0.08914741 0.31321001 -0.01850065
v -0.09113159 0.31071496 -0.02323542
v 0.01108519 0.42909986 -0.03933373
v 0.07118260 0.29253888 -0.05453476
v 0.07430933 0.29241768 -0.03870061
v 0.07673883 0.30448446 -0.04042846
v 0.07432766 0.30947280 -0.05738270
v 0.03656613 0.19684833 0.03224135
v 0.03411620 0.18415892 0.02898033
v -0.08188224 0.29812464 -0.02654946
v -0.08057867 0.30326995 -0.02470738
v -0.07955541 0.30259445 -0.02456675
v -0.08081057 0.29808855 -0.02626557
v -0.09061384 0.30760562 -0.03010170
v -0.09094519 0.30487993 -0.03106874
v -0.08920587 0.30379269 -0.02954732
v -0.07700837 0.30581167 -0.01219828
v -0.07777376 0.30673590 -0.01344783
v -0.07814471 0.30511752 -0.01390883
v -0.07774892 0.30386722 -0.01279076
v -0.07809938 0.25896651 -0.00812953
v -0.07170982 0.26945865 -0.01671883
v -0.07356551 0.27004072 -0.01827676
v -0.07640858 0.27407807 -0.02126741
v -0.07501490 0.27519792 -0.02164235
v 0.05401302 0.35293764 0.06042366
v 0.05615219 0.35819459 0.05557053
v 0.05944421 0.35062268 0.05224136
v 0.05715621 0.34634635 0.05742561
v 0.00598785 0.35036871 0.08844704
v 0.01350626 0.35036671 0.08797669
v 0.01156787 0.34403664 0.08885355
v 0.00523657 0.34391913 0.08937240
v -0.07106306 0.26183861 0.00058344
v -0.07411442 0.26216739 0.00069168
v -0.07490858 0.26101866 -0.00047283
v -0.07179685 0.26033559 -0.00092761
v 0.06046598 0.31471249 0.05406494
v 0.06323376 0.31143731 0.05139033
v 0.06215239 0.30340680 0.05638475
v 0.05912998 0.30774131 0.05801445
v 0.05611353 0.30284017 0.06418703
v -0.08021519 0.31018943 -0.01378650
v -0.08260015 0.30952185 -0.01601259
v -0.08060293 0.30856395 -0.01528102
v -0.07907068 0.30892360 -0.01348518
v 0.05853546 0.29669192 0.06393351
v -0.08903786 0.29524982 -0.02892085
v -0.08797742 0.30211756 -0.02724351
v 0.01914784 0.38002047 0.07483324
v 0.00924711 0.38049856 0.07688785
v 0.06151087 0.34099838 0.04989519
v 0.05948694 0.33837569 0.05523761
v 0.00970029 0.31627050 0.08738277
v 0.01039882 0.31752551 0.08358078
v 0.00763634 0.32231823 0.08610865
v -0.08855501 0.28611913 -0.02316601
v -0.08857013 0.28617102 -0.02613394
v -0.08788740 0.28211629 -0.02459757
v -0.08784705 0.28214172 -0.02174884
v 0.00408744 0.32237545 0.09233849
v 0.00377132 0.32625285 0.09061892
v 0.00696669 0.32594967 0.08678285
v 0.03435812 0.36213124 0.07562988
v 0.03610953 0.36916867 0.07149918
v 0.04397011 0.36746165 0.06605339
v 0.04219396 0.36083263 0.07038170
v 0.02132622 0.41024673 0.04782039
v -0.08836245 0.29431543 -0.02338508
v -0.08862621 0.29420424 -0.02680528
v 0.01039237 0.41189110 0.05085490
v 0.00414363 0.33562744 0.08913948
v 0.00845452 0.33560091 0.08752287
v 0.00744291 0.33198836 0.08661065
v -0.09203585 0.30329120 -0.02890729
v -0.09221318 0.29705483 -0.02915439
v -0.09158397 0.30383539 -0.02978823
v -0.07818180 0.30675325 -0.02244145
v -0.07810155 0.30984539 -0.02654717
v -0.07738402 0.30298519 -0.02809748
v -0.07843437 0.30413106 -0.02380232
v 0.00402863 0.33224955 0.08902749
v 0.02496628 0.30477843 0.07971396
v 0.02585006 0.30691597 0.07848734
v 0.06915840 0.26337269 -0.00572554
v 0.07021866 0.26277867 -0.00515626
v 0.07482456 0.31186014 0.00467816
v 0.07392419 0.30102411 0.00696732
v 0.07410783 0.30965409 0.01692083
v 0.07392001 0.32272914 0.01406322
v 0.07652384 0.33430487 0.01002180
v 0.07883754 0.34350589 0.00391630
v 0.07893562 0.32718360 -0.00277362
v 0.07696455 0.32082817 0.00199979
v 0.05445679 0.21011709 -0.03770556
v 0.05240619 0.22002812 -0.04169223
v 0.00407620 0.31950721 0.09544148
v 0.00397064 0.31670496 0.09817409
v 0.02102358 0.32450205 -0.11426293
v -0.07352054 0.27862072 -0.00092300
v -0.07478786 0.28075752 -0.00233278
v -0.07369388 0.27842745 -0.00376475
v -0.07295635 0.27614945 -0.00316262
v 0.02041180 0.31059855 -0.11176139
v 0.04127938 0.31539762 -0.10369211
v 0.04155967 0.32876474 -0.10563109
v 0.06832437 0.28205502 -0.05044682
v -0.07706707 0.27214625 -0.01986265
v -0.07433549 0.26899111 -0.01737675
v -0.07486793 0.26854113 -0.01656890
v -0.07758690 0.27048454 -0.01830114
v 0.07206072 0.28360519 -0.03579562
v 0.01055294 0.28924590 0.10128813
v 0.00730543 0.29372445 0.09644414
v 0.00748340 0.29018798 0.09594116
v 0.00711578 0.29287857 0.09626304
v 0.01056289 0.28628194 0.10328481
v 0.01287992 0.28569904 0.10460953
v 0.00831242 0.28640246 0.09622505
v 0.00740653 0.28661567 0.09681603
v 0.00669437 0.29049581 0.09624957
v 0.00843316 0.29413897 0.09709262
v 0.00194086 0.28248629 0.11009450
v 0.00249469 0.28408599 0.11301185
v 0.00638920 0.28542772 0.11181787
v 0.00492230 0.28388840 0.10976619
v 0.00513574 0.29308036 0.09779539
v 0.00419817 0.29085010 0.09867248
v 0.00507287 0.28892049 0.10602164
v 0.00691117 0.29256606 0.10189407
v 0.00720035 0.29450133 0.09909644
v 0.00690036 0.28953290 0.10517257
v 0.00604609 0.28343683 0.10251243
v 0.00867609 0.28960511 0.10353949
v -0.08507710 0.31067461 -0.01816054
v -0.08520520 0.30548486 -0.01888138
v -0.08345734 0.30550668 -0.01743168
v -0.07918024 0.27508521 -0.00890080
v -0.07979012 0.27634543 -0.01087341
v -0.08102452 0.27323774 -0.01261262
v -0.08048228 0.27128673 -0.01082409
v 0.08043625 0.27716824 -0.01283945
v 0.06027729 0.22926411 0.01034136
v 0.06458934 0.24396083 0.00193587
v 0.06356513 0.24338162 -0.00473399
v -0.08224628 0.26258609 -0.01367426
v -0.07983945 0.26228753 -0.01437582
v -0.07762653 0.26033747 -0.01110232
v -0.08017871 0.26026869 -0.01077026
v -0.07321654 0.27502823 -0.00235345
v -0.07309390 0.27599457 -0.00064473
v -0.08394266 0.29834542 -0.02849527
v -0.08295368 0.30456704 -0.02640530
v 0.06103063 0.22807015 -0.00017731
v 0.08196377 0.30385610 -0.01718724
v 0.06813648 0.35628313 0.03344249
v 0.07003965 0.36798948 0.02296869
v 0.07622986 0.35584432 0.01218416
v -0.08706162 0.30348444 -0.02331819
v -0.08749059 0.30093175 -0.02467865
v 0.07464056 0.34476751 0.01833696
v 0.06993342 0.37728220 0.01433947
v 0.07637165 0.36646762 0.00426624
v 0.08031564 0.35382307 -0.00482314
v 0.08200558 0.33228093 -0.01818257
v 0.04291392 0.31803083 0.07154599
v 0.04316403 0.31780812 0.07171340
v 0.04162921 0.31753516 0.07301414
v -0.07584739 0.29123038 -0.00699882
v -0.07339912 0.29173738 -0.00825600
v -0.07333852 0.29088786 -0.00822388
v -0.07640043 0.28957987 -0.00682219
v 0.04163380 0.31770894 0.07283129
v 0.04242971 0.31810963 0.07094298
v 0.04108024 0.31765029 0.07202482
v -0.07630190 0.29121551 -0.00556000
v -0.07677387 0.28956208 -0.00542021
v -0.07641535 0.28940609 -0.00421587
v -0.07608791 0.29033402 -0.00407256
v 0.04330333 0.31850207 0.06995621
v 0.04385978 0.31831011 0.07045802
v 0.04413918 0.31804541 0.07059725
v 0.02546727 0.31884769 0.07484367
v 0.02617417 0.31916097 0.07412572
v 0.02883229 0.31826264 0.07444412
v 0.02812417 0.31824571 0.07555403
v 0.02521846 0.31856969 0.07530671
v 0.02807713 0.31791922 0.07598890
v -0.07254100 0.29196560 -0.00876503
v -0.07284121 0.29167572 -0.00845813
v -0.07315937 0.29224771 -0.00879011
v -0.07723149 0.29473582 -0.02128049
v -0.07851179 0.28670314 -0.02268562
v -0.07646396 0.28654563 -0.02166636
v -0.07517816 0.29358304 -0.02005298
v 0.02931176 0.32077387 0.06851335
v 0.02878059 0.32106465 0.06839798
v -0.08925478 0.28720334 -0.02781047
v 0.03014885 0.32041171 0.06869011
v 0.02362626 0.32082683 0.07244451
v 0.02367530 0.32183713 0.07258549
v -0.08389378 0.31449211 -0.00927789
v -0.08224297 0.31671703 -0.00932127
v -0.08497883 0.32001370 -0.01381961
v 0.02845051 0.32182342 0.06850972
v 0.02845330 0.32131529 0.06835634
v 0.02399686 0.32034150 0.07264923
v -0.07400609 0.27755499 -0.01305733
v -0.07688183 0.27852610 -0.01022974
v -0.07543755 0.27834624 -0.00860167
v -0.07365157 0.27728197 -0.01124901
v -0.07307126 0.28257141 -0.00663342
v -0.07115844 0.27927363 -0.00576263
v -0.07521447 0.28104502 -0.00509454
v -0.07608309 0.29734650 -0.00553356
v -0.07463772 0.29341599 -0.00815257
v -0.07553784 0.29229122 -0.00671755
v -0.07595222 0.29273400 -0.00536401
v -0.09019686 0.27822804 -0.02667237
v -0.09170924 0.28341585 -0.02923801
v -0.09001914 0.28318945 -0.03074918
v -0.08859327 0.27766329 -0.02808824
v 0.02239787 0.32010472 0.07276998
v 0.02142215 0.32043594 0.07237045
v -0.07175310 0.26557466 0.00212661
v -0.06881504 0.26276571 -0.00089370
v -0.07105091 0.26873150 0.00279451
v -0.09326439 0.31533676 -0.02566943
v -0.08980065 0.31763330 -0.02612021
v -0.09023619 0.31540659 -0.02855826
v -0.09380797 0.31322822 -0.02796290
v -0.07339354 0.29838824 -0.01450344
v -0.07347897 0.29634592 -0.01393947
v -0.07378019 0.29781225 -0.01260484
v -0.07357401 0.29973212 -0.01292010
v 0.02147442 0.32183102 0.07259557
v 0.03327956 0.31685334 0.07610180
v 0.03347192 0.31602773 0.07619034
v 0.02874674 0.31640840 0.07642890
v 0.02836645 0.31731510 0.07628837
v 0.03307485 0.31734341 0.07589758
v 0.03652669 0.31740075 0.07498830
v 0.03660167 0.31687066 0.07517361
v 0.03673621 0.31606406 0.07519048
v -0.05318780 0.26077318 -0.05642622
v -0.06287617 0.26165307 -0.03773431
v -0.06620297 0.27471486 -0.04630178
v -0.05890506 0.27309564 -0.06223121
v -0.08320723 0.26542845 -0.01316840
v -0.08229336 0.26337841 -0.01044979
v -0.07746145 0.30508101 -0.00451878
v -0.07680699 0.30712777 -0.00312087
v -0.07789536 0.31259316 -0.00480508
v -0.07864510 0.30918655 -0.00489426
v 0.02542549 0.31734961 0.07615298
v 0.02533678 0.31821713 0.07577264
v 0.03677215 0.31532371 0.07517571
v 0.03369082 0.31527874 0.07610947
v -0.09146732 0.29864424 -0.03447923
v -0.09432755 0.29793456 -0.03291831
v 0.02892740 0.31566274 0.07641380
v 0.02539042 0.31685805 0.07626558
v 0.02256542 0.31804776 0.07553880
v 0.02373565 0.31833285 0.07556333
v 0.03375319 0.31440875 0.07592261
v 0.03359290 0.31342900 0.07580785
v 0.02874808 0.31376627 0.07635832
v 0.02892191 0.31475291 0.07635304
v -0.07966443 0.31073034 -0.01215640
v -0.08318686 0.31403810 -0.01538623
v -0.08107208 0.31160125 -0.01430522
v -0.07931907 0.31017959 -0.01246224
v -0.07889448 0.30236903 -0.00983955
v -0.07959869 0.30366248 -0.00951564
v -0.07785101 0.30456424 -0.00975701
v -0.07681613 0.30317158 -0.00989920
v 0.03684074 0.31449187 0.07489200
v 0.03674444 0.31351632 0.07475013
v -0.07625511 0.31210378 -0.00200640
v -0.07794096 0.31693402 -0.00550868
v 0.04527280 0.31803724 0.06889659
v 0.04574281 0.31846809 0.06793722
v 0.04574969 0.31791258 0.06808378
v -0.06991974 0.26905468 -0.01600143
v 0.04546922 0.31750095 0.06861525
v 0.04820526 0.31495857 0.06544014
v 0.04907236 0.31620121 0.06430259
v 0.05076868 0.31531912 0.06296083
v -0.07904314 0.30386978 -0.00709013
v -0.07997349 0.30648115 -0.00674210
v -0.08053072 0.30529460 -0.00924580
v -0.07171429 0.27388939 0.00327221
v -0.07254659 0.27560934 0.00104164
v -0.07859635 0.30928221 -0.01226724
v -0.07784773 0.30807662 -0.01221087
v -0.07637099 0.30430603 -0.01127842
v -0.07693119 0.30228999 -0.01266933
v 0.04968249 0.31390056 0.06434860
v -0.08356195 0.29548663 -0.01979555
v -0.08545781 0.28692016 -0.02117633
v 0.05794452 0.30471420 0.06100391
v 0.05195208 0.31090668 0.06384420
v 0.05331063 0.31233856 0.06178690
v 0.04480566 0.31783468 0.06972495
v 0.04417102 0.31758088 0.07066499
v 0.04469748 0.31822389 0.06965962
v 0.04512862 0.31849957 0.06869731
v 0.04499051 0.31712484 0.06945378
v 0.04430147 0.31685567 0.07053582
v 0.04324340 0.31740627 0.07177344
v 0.04333313 0.31657526 0.07176165
v 0.04170909 0.31627086 0.07310043
v 0.04160344 0.31709895 0.07310447
v 0.03947384 0.31694999 0.07416964
v -0.06952844 0.27608162 -0.03193462
v -0.06620373 0.26229674 -0.01670443
v 0.03978442 0.31747085 0.07394064
v 0.03960296 0.31611148 0.07415272
v 0.04185041 0.31558114 0.07288878
v 0.03972992 0.31539196 0.07405560
v 0.04340218 0.31585768 0.07143193
v 0.04442795 0.31623715 0.07017410
v 0.04516648 0.31661019 0.06901266
v 0.04578143 0.31701362 0.06814782
v 0.04617720 0.31764320 0.06749925
v 0.04550689 0.31599599 0.06843444
v 0.04614922 0.31517157 0.06761749
v 0.04494528 0.31466842 0.06906045
v 0.04463214 0.31558159 0.06972463
v 0.04630724 0.31651744 0.06743389
v 0.04712045 0.31580216 0.06645259
v -0.07671402 0.30490446 -0.00998822
v -0.07665981 0.30526796 -0.01024615
v -0.07585786 0.30431968 -0.01061893
v -0.07581837 0.30379069 -0.01023089
v 0.04355890 0.31523579 0.07100779
v 0.04363577 0.31438971 0.07058165
v 0.04189558 0.31403521 0.07215614
v 0.04191217 0.31485650 0.07256036
v -0.08111546 0.26171580 -0.00794841
v -0.08209811 0.30197728 -0.01748898
v -0.07902988 0.30012032 -0.01543093
v -0.07971457 0.30236590 -0.01475627
v 0.03977719 0.31465438 0.07375181
v 0.03986921 0.31370440 0.07340810
v -0.09201644 0.28884131 -0.02788615
v -0.09324463 0.29690024 -0.02894098
v -0.09465843 0.29725766 -0.03057746
v -0.09327590 0.28866619 -0.02920292
v 0.03301842 0.31746373 0.07561994
v 0.03272737 0.31754002 0.07444733
v 0.03624251 0.31729960 0.07384428
v 0.03658785 0.31752533 0.07468519
v 0.03981892 0.31757498 0.07375460
v -0.06945895 0.26126727 -0.00229248
v -0.07350592 0.29557204 -0.01481318
v -0.07474455 0.29394427 -0.01400711
v 0.03921757 0.31731874 0.07298704
v 0.03613228 0.31722018 0.07270373
v 0.03440399 0.31943271 0.06854168
v 0.03575095 0.31941891 0.06818285
v 0.03879898 0.31725734 0.07195219
v -0.07447965 0.30101392 -0.01317192
v -0.07476015 0.30264944 -0.01129295
v 0.03296968 0.31756264 0.07322070
v 0.03285773 0.31962687 0.06877942
v 0.02965384 0.31841269 0.07325197
v -0.07280388 0.27869254 0.00135081
v 0.03135127 0.31998345 0.06882415
v 0.02697221 0.31921104 0.07337262
v 0.03436321 0.32965165 0.07543974
v 0.03443501 0.32984236 0.07574456
v 0.03901622 0.32919127 0.07521091
v 0.03857081 0.32893556 0.07474640
v 0.05226747 0.28980809 -0.08425836
v 0.05333509 0.30481958 -0.09000018
v 0.04038739 0.29946581 -0.09928495
v 0.04162111 0.32653734 0.07380979
v 0.04154542 0.32744610 0.07338830
v 0.04397351 0.32610184 0.07202623
v 0.04382458 0.32525671 0.07212765
v 0.04163440 0.32554275 0.07417942
v -0.08960014 0.31174874 -0.02732746
v -0.09017137 0.30981961 -0.02878030
v -0.08803174 0.31043112 -0.02591534
v -0.08770141 0.31167665 -0.02430664
v -0.08689608 0.31342891 -0.02124201
v -0.08698227 0.31496751 -0.02083490
v -0.08879172 0.31348306 -0.02533652
v -0.07782126 0.30116290 -0.01396286
v -0.07873995 0.30287042 -0.01359816
v 0.04358659 0.32423174 0.07226999
v 0.03890861 0.32681251 0.07592078
v -0.07875109 0.27388018 -0.00741689
v -0.07959028 0.26796278 -0.00805678
v -0.08662493 0.27870905 -0.02225320
v -0.08635515 0.27946249 -0.01939026
v -0.08727559 0.28903866 -0.03167425
v -0.08711970 0.29833460 -0.03257651
v -0.08553324 0.29819816 -0.03035095
v -0.08604019 0.28935537 -0.03021023
v 0.03886410 0.32792035 0.07542260
v 0.03866183 0.32868296 0.07484021
v 0.04284754 0.32274833 0.06794847
v 0.04209040 0.32372236 0.06864773
v -0.07975177 0.29183745 -0.02701468
v -0.07622649 0.29272482 -0.02676985
v -0.07564820 0.29144141 -0.00357722
v -0.07496915 0.29542762 -0.00164726
v -0.07400504 0.30035985 -0.01314809
v -0.07435393 0.30201715 -0.01136615
v -0.08120969 0.27467427 -0.02249059
v -0.07713933 0.26774681 -0.01477115
v -0.08128420 0.27263722 -0.02052711
v -0.07302205 0.26707187 -0.01269040
v -0.07270017 0.26622993 -0.01028698
v -0.07525962 0.26616234 -0.01193566
v 0.04265665 0.32359850 0.07012423
v 0.04369795 0.32278562 0.06885859
v 0.04348266 0.32204923 0.06733930
v 0.04434738 0.32202250 0.06793343
v 0.03829702 0.32188511 0.06581391
v 0.03794642 0.32227042 0.06612159
v 0.03739491 0.32273519 0.06654526
v -0.08314557 0.27538437 -0.01640170
v -0.08503358 0.27647611 -0.01917204
v 0.03847595 0.32155842 0.06562681
v -0.07213406 0.29171136 -0.00934324
v -0.07058985 0.29015103 -0.01051358
v -0.07116738 0.29142281 -0.00881876
v -0.08685292 0.29470548 -0.02122207
v -0.08770570 0.28656629 -0.02150904
v -0.07939275 0.30588305 -0.00989666
v 0.03855427 0.32126123 0.06554354
v -0.07720362 0.29599428 -0.01010458
v -0.07816444 0.29953715 -0.00821757
v -0.08283570 0.30924305 -0.00947288
v -0.08111662 0.30760437 -0.01015856
v -0.08043472 0.30670717 -0.00994436
v -0.08155627 0.30719495 -0.00904539
v -0.06529108 0.28212872 -0.00895549
v -0.06859256 0.28047588 -0.00742192
v -0.07016125 0.28362477 -0.00734065
v 0.03853668 0.32099047 0.06556961
v 0.03843554 0.32073486 0.06572795
v 0.06068777 0.28787738 0.06154992
v 0.06062597 0.29936412 0.06024555
v -0.08598739 0.31463847 -0.01912674
v -0.08637605 0.31255758 -0.02027406
v -0.08441041 0.30519399 -0.02828865
v 0.06314135 0.29101363 0.05736004
v 0.04438783 0.31854501 0.06945502
v -0.07862973 0.30697668 -0.01448399
v -0.07908207 0.30543962 -0.01536393
v 0.04485767 0.31888387 0.06853189
v -0.08002032 0.31871399 -0.02111208
v -0.07951233 0.31682712 -0.01762180
v -0.07956642 0.31715217 -0.01629810
v -0.08027215 0.32136598 -0.01651403
v 0.04378969 0.31882721 0.06905027
v -0.07191369 0.26369432 -0.00702176
v -0.07457825 0.26397672 -0.00978786
v -0.07439350 0.26512581 -0.01027404
v -0.07237158 0.26502907 -0.00830897
v -0.07476406 0.27802438 -0.00789535
v -0.07344405 0.27709672 -0.01019861
v 0.04423778 0.31920040 0.06824655
v -0.08786298 0.27982163 -0.02501608
v -0.08709357 0.27906248 -0.02397327
v -0.08837073 0.28298417 -0.02622023
v -0.08933354 0.28418139 -0.02710956
v 0.04535327 0.31936982 0.06763265
v 0.04574825 0.31909183 0.06762458
v 0.04179728 0.31808260 0.07018132
v 0.03742792 0.31976303 0.06725948
v 0.03784992 0.32002053 0.06679489
v -0.07448158 0.29907286 -0.01702916
v -0.07373392 0.29799753 -0.01665392
v -0.07988614 0.31081375 -0.01878541
v -0.08218947 0.31308764 -0.02024308
v -0.08112109 0.31605807 -0.01673032
v -0.07944756 0.31400168 -0.01650482
v -0.08598557 0.30588239 -0.03056225
v 0.04249827 0.31866932 0.06926906
v 0.04052068 0.31759143 0.07108113
v 0.03672702 0.31955457 0.06773710
v 0.03806570 0.32024866 0.06639617
v 0.03827195 0.32048419 0.06602916
v -0.07912194 0.30401585 -0.01494644
v -0.07976951 0.30414900 -0.01608192
v 0.04280316 0.31901425 0.06851885
v -0.07867494 0.30445766 -0.01443125
v 0.04325227 0.31939900 0.06777526
v 0.04460179 0.31976947 0.06764432
v -0.07611430 0.30226433 -0.01014512
v -0.07816332 0.30116495 -0.01037597
v -0.08223552 0.30937642 -0.01104695
v -0.08590719 0.31279397 -0.01431981
v -0.08496263 0.31284294 -0.01458194
v -0.08165888 0.31011337 -0.01140634
v 0.04378163 0.32039589 0.06687538
v 0.04385376 0.32089111 0.06684405
v 0.04479656 0.32028013 0.06741925
v -0.07712043 0.30677739 -0.01112119
v 0.04484551 0.32078838 0.06732573
v 0.04360181 0.31990352 0.06715290
v -0.01494966 0.25499222 -0.08602519
v -0.01694511 0.26436400 -0.09295698
v 0.04375305 0.32145062 0.06698640
v 0.04469097 0.32133752 0.06752140
v 0.04602315 0.31856209 0.06751098
v 0.04598946 0.31937280 0.06720906
v 0.04649267 0.32037944 0.06663381
v 0.04645448 0.31853509 0.06697270
v -0.08015075 0.31680608 -0.00914663
v -0.08093666 0.31835470 -0.01315626
v -0.08202574 0.31920525 -0.01362120
v -0.08072911 0.31755909 -0.01015800
v -0.08742984 0.31049529 -0.02374696
v 0.04712722 0.31847039 0.06621831
v 0.04677843 0.31727165 0.06664877
v 0.04746757 0.32094342 0.06621509
v 0.04883778 0.32129189 0.06541833
v -0.09134169 0.30644590 -0.02890601
v -0.07582607 0.29247406 -0.01228845
v -0.07259062 0.28952283 -0.01210492
v 0.04838125 0.31832471 0.06509385
v 0.04775785 0.31688410 0.06559617
v 0.04561897 0.31987274 0.06721493
v -0.06249186 0.28828296 -0.01068076
v -0.06286532 0.28948241 -0.01068851
v -0.06337938 0.28906325 -0.01191901
v -0.06302200 0.28775963 -0.01213443
v 0.04577954 0.32053259 0.06698120
v 0.04684572 0.32206306 0.06755742
v -0.06597595 0.28308618 -0.01250281
v -0.06877583 0.28205311 -0.01117799
v -0.06802341 0.28015044 -0.00970738
v -0.06530543 0.28095901 -0.01178171
v 0.04763191 0.32287964 0.06742415
v 0.04618090 0.32153544 0.06763998
v 0.04564921 0.32231101 0.06891424
v 0.04611814 0.32302821 0.06896368
v -0.06191898 0.28516614 -0.01108144
v -0.06221155 0.28677484 -0.01078787
v -0.06283708 0.28607798 -0.01237486
v -0.06265814 0.28422633 -0.01290327
v 0.04670685 0.32377517 0.06895716
v 0.04519080 0.32400247 0.07051681
v -0.08535752 0.31466717 -0.01697092
v -0.08720002 0.31453675 -0.01871846
v 0.04558200 0.32485381 0.07053322
v 0.04483762 0.32314029 0.07045354
v 0.04557060 0.32133713 0.06757943
v -0.09281988 0.30550000 -0.02781592
v -0.09305522 0.30317122 -0.02868210
v -0.09066636 0.31054407 -0.02606909
v -0.09106171 0.30866936 -0.02754362
v 0.04506994 0.32205296 0.06855228
v 0.04430682 0.32282224 0.06987381
v 0.04322604 0.32347319 0.07175682
v -0.07516681 0.28345621 -0.00231449
v -0.07616142 0.28358468 -0.00414963
v -0.07574168 0.28194591 -0.00404514
v -0.09393274 0.30868211 -0.02795986
v -0.09403639 0.31077823 -0.02966510
v -0.07429393 0.26583552 0.00075609
v -0.07328054 0.26436049 0.00157791
v -0.04642900 0.19218411 0.01818925
v -0.05610915 0.19812608 0.00540157
v -0.05529352 0.18802513 0.00579486
v -0.04579724 0.18208493 0.01789626
v -0.08241404 0.31199676 -0.00793131
v -0.08099734 0.31461519 -0.00772779
v 0.04136211 0.32459655 0.07374992
v 0.04064158 0.32454807 0.07177490
v 0.03865700 0.32593465 0.07547452
v -0.06212144 0.28355446 -0.01005854
v -0.06197271 0.28266749 -0.01155167
v -0.06478379 0.28114784 -0.01040283
v -0.06741407 0.28765145 -0.00840365
v -0.06320648 0.28833354 -0.00916127
v 0.03785125 0.32548535 0.07337524
v 0.03503549 0.33045888 0.07703897
v 0.04007043 0.33003083 0.07643373
v 0.03750545 0.32543164 0.07146367
v 0.03505674 0.32353362 0.06783250
v 0.03347511 0.32364082 0.06837796
v 0.03423429 0.32550874 0.07250879
v -0.06614652 0.28484014 -0.01246704
v 0.02428618 0.32254782 0.07303320
v 0.02511567 0.32335865 0.07342765
v -0.06702020 0.28989401 -0.01135722
v -0.06744692 0.29097724 -0.00988721
v -0.07038798 0.27682680 -0.00679105
v -0.07192133 0.27623245 -0.00893399
v -0.07350035 0.27628529 -0.00565792
v -0.06264307 0.28224033 -0.01267290
v -0.07445943 0.30013111 -0.01485284
v 0.02907615 0.32254210 0.06880447
v 0.02869161 0.32215002 0.06865288
v 0.02279377 0.32263505 0.07365698
v 0.02415508 0.32342675 0.07427293
v -0.06930136 0.28567997 -0.01196029
v -0.07216741 0.28311986 -0.01375137
v -0.07184491 0.28094316 -0.01279440
v -0.06902872 0.28371400 -0.01181821
v -0.08158491 0.27262878 -0.01437815
v -0.08175240 0.27448216 -0.01433359
v -0.07453037 0.27833664 -0.01521511
v -0.07802307 0.27851227 -0.01316839
v -0.07541773 0.29543796 -0.01295779
v -0.07690492 0.29862136 -0.01140083
v -0.07266457 0.29187360 -0.00948678
v -0.06984288 0.28783569 -0.01146750
v -0.07224118 0.28562006 -0.01351105
v -0.06765211 0.28896776 -0.00869019
v -0.07142976 0.28898957 -0.00794549
v -0.07119725 0.29008961 -0.00820653
v -0.06764064 0.28993794 -0.00901386
v -0.08165577 0.30549291 -0.01667156
v -0.07974753 0.31243315 -0.00614775
v -0.08119345 0.30933526 -0.00703465
v -0.08080860 0.32238504 -0.03351109
v -0.07889776 0.31388509 -0.03832394
v -0.07945257 0.31538022 -0.02497993
v -0.06633911 0.28667939 -0.01224579
v -0.06349962 0.29040092 -0.01050650
v -0.06407186 0.28991476 -0.00952501
v -0.08734212 0.27586764 -0.02233547
v -0.07434932 0.27585316 -0.00531420
v -0.07479142 0.30038095 -0.01083884
v -0.08676291 0.28376228 -0.02989742
v -0.08559970 0.27854320 -0.02747966
v -0.07421023 0.30158529 -0.01128887
v -0.07493892 0.30270463 -0.01070404
v -0.07282189 0.27652967 -0.00972366
v -0.07429720 0.27717903 -0.00690634
v -0.07521772 0.30308941 -0.01050846
v -0.07583373 0.28299657 -0.00549455
v -0.08687044 0.30510712 -0.02203861
v 0.02848896 0.32500231 0.07359032
v 0.03063426 0.32334483 0.06899315
v -0.07830784 0.26468387 -0.01486534
v -0.07646963 0.26327106 -0.01188335
v 0.02966965 0.32296771 0.06893569
v -0.06369271 0.28931937 -0.00922417
v 0.02672714 0.32419455 0.07339771
v -0.06732608 0.28039724 -0.00901610
v -0.06674259 0.28838736 -0.01188920
v 0.02784091 0.32551521 0.07541807
v 0.02559972 0.32431641 0.07475217
v 0.03437722 0.32602045 0.07451884
v -0.07405735 0.28676429 -0.00718308
v -0.07368458 0.28462386 -0.00675703
v -0.07613768 0.28523481 -0.00564090
v 0.02181073 0.36195886 -0.11163742
v 0.02170962 0.34527004 -0.11434993
v -0.07940729 0.27894956 -0.01505717
v -0.07520828 0.28000280 -0.01761880
v -0.07650366 0.28080446 -0.01990824
v -0.08127007 0.27963445 -0.01686156
v -0.08414064 0.27383745 -0.02476420
v -0.08241330 0.26965865 -0.02115600
v -0.08457883 0.26812637 -0.02092522
v -0.08685453 0.27245924 -0.02483975
v 0.04130088 0.34812546 -0.10564625
v 0.04076015 0.36277238 -0.10333978
v -0.08061701 0.33746597 -0.04235058
v -0.08187634 0.32853130 -0.02671937
v -0.08220303 0.34478033 -0.03107693
v -0.08505975 0.31439579 -0.02571721
v -0.08528142 0.31189248 -0.02744297
v -0.09037293 0.31281528 -0.03059351
v -0.07934375 0.31975895 -0.01079425
v -0.07960860 0.31712317 -0.01456432
v -0.08005722 0.31795779 -0.01266293
v -0.09078249 0.28870723 -0.03285113
v 0.04001225 0.32469657 0.07016730
v 0.03638453 0.32319507 0.06720849
v 0.05066472 0.36479002 -0.09550384
v 0.04951000 0.37434325 -0.09303433
v 0.04094256 0.37575805 -0.09900546
v 0.03852868 0.23303989 -0.06080832
v 0.02888358 0.22244792 -0.06918871
v -0.07666374 0.30128223 -0.00476827
v -0.07850637 0.30166921 -0.00744368
v 0.02066533 0.32244444 0.07472416
v -0.08023471 0.27580512 -0.02344017
v 0.02240415 0.32378581 0.07509881
v -0.08188517 0.27780041 -0.01472983
v -0.08420943 0.27826816 -0.01681728
v -0.09089301 0.31528670 -0.01875356
v -0.08766843 0.31350279 -0.01622565
v 0.01949904 0.32124615 0.07447715
v 0.01881204 0.32107896 0.07465415
v 0.01991176 0.32250488 0.07478715
v 0.02142496 0.32392517 0.07510166
v 0.02452654 0.32493794 0.07558983
v 0.02378792 0.32528013 0.07596552
v 0.02722439 0.32676008 0.07701723
v 0.02735951 0.32604507 0.07666539
v 0.03465815 0.32672480 0.07650348
v 0.03473201 0.32761335 0.07695525
v 0.02673765 0.32746828 0.07639845
v 0.02320873 0.32571614 0.07539845
v 0.02620640 0.32821143 0.07572617
v 0.02302480 0.32663256 0.07506853
v 0.03441608 0.32933462 0.07574196
v 0.03468195 0.32859695 0.07641944
v 0.02240208 0.31898221 0.07496966
v 0.02017441 0.31925300 0.07483016
v 0.02293512 0.31935233 0.07471067
v 0.02051164 0.31960720 0.07446366
v 0.02411428 0.31969106 0.07363684
v 0.01967333 0.32006386 0.07431024
v 0.01897980 0.31982440 0.07465271
v -0.01067074 0.18005715 0.04754962
v -0.01038140 0.17262855 0.04396273
v 0.02499292 0.31984055 0.07313236
v 0.01915577 0.32257104 0.07447033
v 0.01788626 0.32092553 0.07467973
v 0.01789892 0.32306424 0.07372253
v 0.01709900 0.32108173 0.07434059
v 0.02023227 0.32529566 0.07409440
v 0.02068451 0.32418346 0.07446205
v 0.01799310 0.31965098 0.07467362
v 0.01861069 0.31908050 0.07479928
v 0.01729837 0.31954217 0.07469935
v 0.01792584 0.31882134 0.07482942
v 0.02513540 0.31610209 0.07633632
v 0.02485490 0.31528926 0.07633527
v 0.02180533 0.31743231 0.07568319
v 0.02118682 0.31689900 0.07563236
v 0.03330816 0.31236872 0.07572470
v 0.03649362 0.31241655 0.07458046
v 0.03287420 0.31115022 0.07570132
v -0.00827988 0.29260156 0.10082959
v -0.00971721 0.29241160 0.09933659
v -0.00846125 0.29429659 0.09827326
v -0.00782471 0.29431364 0.09901256
v 0.03628368 0.31106034 0.07453986
v 0.02784275 0.31175065 0.07645348
v 0.02845676 0.31272617 0.07639581
v 0.03397590 0.17595500 0.02763684
v 0.04698746 0.31410912 0.06691330
v 0.04808581 0.31281134 0.06623028
v 0.04638546 0.31212187 0.06810552
v 0.04552291 0.31360850 0.06844835
v 0.04388848 0.31323147 0.07010102
v -0.00868029 0.28339016 0.09959272
v -0.00805059 0.28496119 0.09845912
v -0.00902668 0.28467634 0.09747245
v -0.00991601 0.28334537 0.09865309
v 0.04430664 0.31166396 0.06994560
v 0.04188784 0.31131789 0.07174537
v 0.04185046 0.31286269 0.07185052
v 0.03975760 0.31259131 0.07315615
v 0.03946824 0.31102106 0.07317553
v 0.05000026 0.31777793 0.06357769
v 0.05129008 0.32106036 0.06328755
v 0.05184276 0.31721112 0.06201370
v 0.05356776 0.32070747 0.06114273
v 0.01618840 0.32403064 0.07395077
v -0.00538388 0.29392919 0.09820690
v -0.00392625 0.29136473 0.10087995
v -0.00550737 0.29232740 0.10230080
v -0.00650038 0.29449064 0.09893478
v 0.01585018 0.32151914 0.07406108
v 0.01424284 0.32497481 0.07527401
v 0.01426103 0.32197499 0.07503447
v 0.01569197 0.32804340 0.07633187
v 0.01769873 0.32694790 0.07468072
v 0.01640907 0.31948555 0.07468728
v 0.01715460 0.31854257 0.07487871
v 0.01509754 0.31947771 0.07503448
v 0.01613298 0.31800771 0.07518445
v 0.02427916 0.31443352 0.07636359
v 0.02368893 0.31351289 0.07639164
v 0.02055228 0.31629559 0.07573693
v 0.01961321 0.31548291 0.07590358
v 0.05122133 0.27862784 -0.07948881
v 0.05428401 0.32075951 -0.09360193
v 0.04775466 0.33436194 0.07394963
v 0.04538631 0.33144304 0.07470968
v 0.04174072 0.33264279 0.07701545
v 0.04375638 0.33634689 0.07716311
v 0.05066372 0.33835772 0.07176331
v 0.05309050 0.33457398 0.06894640
v 0.05046604 0.33184633 0.07096140
v 0.04806286 0.32965872 0.07226857
v 0.05197303 0.32400677 0.06432723
v 0.05003293 0.32400662 0.06608232
v 0.05005860 0.32588661 0.06764432
v 0.05202845 0.32644600 0.06619588
v 0.05434142 0.32396340 0.06230532
v 0.05464759 0.32723314 0.06422781
v 0.05148394 0.32891873 0.06858946
v 0.04931270 0.32763749 0.06982509
v 0.05419802 0.33054721 0.06669915
v 0.02403316 0.33230346 0.07858316
v 0.02483740 0.33044785 0.07700730
v 0.02154228 0.32870838 0.07565987
v 0.01996874 0.32974041 0.07635754
v 0.02266501 0.33411002 0.08013719
v 0.01775983 0.33094466 0.07784867
v 0.03704072 0.33689979 0.07996161
v 0.03611138 0.33345684 0.07869806
v 0.02593092 0.32866839 0.07546181
v 0.02378197 0.32762995 0.07518425
v 0.02571915 0.32891738 0.07545259
v 0.02307619 0.32755467 0.07495511
v 0.05781702 0.38729203 -0.07554832
v 0.06029571 0.39391923 -0.06312811
v 0.04457068 0.40637264 -0.07111564
v 0.04348261 0.39754614 -0.08331329
v 0.04155741 0.32782036 0.07341466
v 0.04219342 0.32822040 0.07386447
v 0.04472030 0.32697260 0.07238540
v 0.04411295 0.32651833 0.07216872
v 0.04593667 0.32540250 0.07065630
v 0.04662983 0.32586533 0.07070087
v 0.04776497 0.32477015 0.06886755
v 0.04715998 0.32445380 0.06913558
v 0.04779347 0.32367027 0.06787547
v 0.04841994 0.32362714 0.06732535
v 0.02341990 0.32845205 0.07553729
v 0.02565750 0.32925847 0.07599059
v 0.05275393 0.35201997 -0.09657229
v 0.04605119 0.37468177 0.06038703
v 0.05315114 0.37066567 0.05396273
v 0.05089490 0.36444288 0.06014993
v 0.04341934 0.32914975 0.07469180
v 0.04600424 0.32788062 0.07270621
v 0.04771386 0.32662505 0.07053012
v 0.04864631 0.32543340 0.06857838
v 0.04907745 0.32442832 0.06732864
v 0.07327850 0.28226426 0.00192617
v 0.07375073 0.28219479 -0.00003534
v 0.08168196 0.29116806 -0.02690738
v 0.07975981 0.29792991 -0.02615618
v 0.07851813 0.30154243 -0.02497752
v 0.08021995 0.31077978 -0.01170499
v 0.08367449 0.31385747 -0.01472671
v 0.08543134 0.27278212 -0.01920100
v 0.08218760 0.27113533 -0.01528776
v -0.09080873 0.31857356 -0.01969933
v 0.08534308 0.27365437 -0.01981008
v 0.09090594 0.30963582 -0.02535367
v 0.09131930 0.30785498 -0.02676157
v 0.09228834 0.30755177 -0.02643650
v 0.04356198 0.25857598 -0.06891057
v 0.04917430 0.26985285 -0.07549689
v 0.09175988 0.30572209 -0.02804361
v 0.07572114 0.28685465 -0.00291628
v 0.08303946 0.29049808 -0.02714568
v 0.08484405 0.28973839 -0.02893873
v 0.08573817 0.28438997 -0.02882893
v 0.08493201 0.28502986 -0.02800635
v 0.08482562 0.27947962 -0.02659158
v 0.08425823 0.28038830 -0.02611607
v 0.08693359 0.27621827 -0.02253444
v 0.08842521 0.27988020 -0.02498979
v 0.08497814 0.31423357 -0.01602406
v 0.08429112 0.31339940 -0.01459434
v 0.08579443 0.31406710 -0.01624817
v 0.07645172 0.28554010 -0.00426677
v 0.07833410 0.30884174 -0.01150606
v 0.07782814 0.30669355 -0.01013267
v 0.07751271 0.30704084 -0.01063116
v 0.07261024 0.29044110 -0.00810370
v 0.07261579 0.29134524 -0.00837916
v 0.07397239 0.28888234 -0.00786268
v 0.07652111 0.28746605 -0.00635641
v 0.07018056 0.27984101 -0.00639137
v 0.06960283 0.27855328 -0.00832490
v 0.07013892 0.27760586 -0.00757618
v 0.08781105 0.32046112 -0.02012938
v 0.07795571 0.30574626 -0.00977640
v 0.07934279 0.30684844 -0.00987897
v 0.07983118 0.30805466 -0.01020277
v 0.08669157 0.31360218 -0.01645662
v 0.08016817 0.30898401 -0.01053953
v 0.07928820 0.30891210 -0.01062947
v 0.08097377 0.31055367 -0.01151809
v 0.07869709 0.30889237 -0.01096313
v 0.07638277 0.28323007 -0.02099329
v 0.07493188 0.28310287 -0.01874495
v 0.07458527 0.30370346 0.00045538
v 0.07547876 0.30120191 -0.00196387
v 0.08122873 0.27067366 -0.01298104
v 0.07801370 0.30872241 -0.02097454
v 0.07823944 0.31164140 -0.02248866
v 0.08996815 0.28434435 -0.02690929
v 0.08289836 0.27929893 -0.01654347
v 0.08063859 0.27872565 -0.01463172
v 0.08502971 0.28032029 -0.01843343
v 0.08671346 0.28284627 -0.02026468
v 0.07390394 0.29933202 -0.01474980
v 0.08548842 0.30323994 -0.01979067
v 0.08626037 0.30088544 -0.02097384
v 0.08376225 0.30345228 -0.01826731
v 0.07909578 0.31545815 -0.02063678
v 0.07894367 0.31550732 -0.01825756
v 0.07886422 0.31017604 -0.01901251
v 0.07863224 0.31360167 -0.01765703
v 0.07205633 0.28328559 -0.00677272
v 0.07168875 0.27711317 -0.00992697
v 0.07140842 0.27905574 -0.01094810
v 0.07279836 0.27707762 -0.01086341
v 0.07283934 0.27800676 -0.01237367
v 0.07323393 0.27945045 -0.01411829
v 0.07365041 0.28136659 -0.01558495
v 0.07368816 0.28386548 -0.01617389
v 0.07145310 0.28740492 -0.00762798
v 0.07919277 0.31562823 -0.00768401
v 0.07095486 0.28558561 -0.00737825
v 0.07292890 0.28903562 -0.00784337
v 0.07306410 0.28725553 -0.00739691
v 0.07273243 0.28533420 -0.00688480
v 0.07777347 0.27620921 -0.00805561
v 0.07843429 0.27774259 -0.01052388
v 0.07636417 0.27689603 -0.00726096
v 0.07921734 0.27815697 -0.01276197
v 0.07512398 0.27713835 -0.00683515
v 0.07850542 0.31001389 -0.01976834
v 0.07853612 0.31341222 -0.01971417
v 0.07348286 0.28587809 0.00390688
v 0.06520698 0.29628593 0.05241506
v 0.06667174 0.30582830 0.04678418
v 0.02602022 0.24591789 0.07643321
v 0.02522661 0.24278909 0.07685646
v 0.05734229 0.28512496 0.06604508
v 0.05249590 0.28287837 0.07154699
v 0.02526175 0.25155619 0.08803251
v 0.02443515 0.25068986 0.08822152
v 0.02350008 0.25128153 0.08846329
v 0.02430505 0.25173047 0.08809897
v 0.02201777 0.25178346 0.08675324
v 0.02283246 0.25181401 0.08605132
v 0.02303757 0.25185555 0.08697166
v 0.02231057 0.25179693 0.08764818
v 0.02884278 0.26826838 0.08843576
v 0.03221326 0.27229887 0.08599998
v 0.03518971 0.26755720 0.08512946
v 0.03189024 0.26410288 0.08756199
v 0.02460098 0.25058076 0.07875384
v 0.02431818 0.25225684 0.07921307
v 0.02324469 0.25216848 0.08311597
v 0.02356642 0.25143450 0.08267657
v 0.02443096 0.24796775 0.07889917
v 0.02344951 0.25011924 0.08227141
v 0.02610696 0.24990651 0.07630652
v 0.02556199 0.25247526 0.07663301
v 0.03456842 0.24491733 0.08405596
v 0.03088796 0.24714766 0.08572734
v 0.03193386 0.25055054 0.08614147
v 0.03556128 0.24974924 0.08441994
v 0.02532881 0.28028470 0.08643299
v 0.02904143 0.27628160 0.08631619
v 0.02607466 0.27221474 0.08835027
v 0.02233542 0.27666867 0.08825248
v 0.01854614 0.28168833 0.08888280
v 0.02139691 0.28444281 0.08683041
v 0.01741229 0.29010713 0.09255397
v 0.01788234 0.28647774 0.09412763
v 0.01732059 0.28576088 0.09764018
v 0.01776833 0.28796700 0.09619622
v 0.01536475 0.28166258 0.09612157
v 0.01778416 0.28414506 0.09271025
v 0.01139167 0.28047931 0.09665120
v -0.01205999 0.28313461 0.09925598
v -0.01103255 0.28495005 0.09803776
v -0.01171354 0.28548560 0.09991457
v -0.01339108 0.28407258 0.10097840
v 0.01114324 0.28131795 0.09768226
v 0.01542136 0.28082755 0.09449404
v -0.00482349 0.28425682 0.10771123
v -0.00589152 0.28639677 0.10779854
v -0.00480314 0.28551790 0.10542499
v -0.00480691 0.28349760 0.10511380
v 0.01557669 0.27974358 0.09259056
v 0.01169672 0.27956283 0.09548909
v 0.01048882 0.28241301 0.09871665
v 0.01329643 0.28232548 0.09882337
v -0.00761545 0.28688139 0.10712011
v -0.00950907 0.28654882 0.10890404
v -0.01122020 0.28642508 0.10713096
v -0.00904182 0.28671893 0.10555889
v -0.00444517 0.28770566 0.10035938
v -0.00582767 0.28579006 0.10180578
v -0.00371891 0.28796959 0.10397402
v -0.01193737 0.28777653 0.09798738
v -0.01061995 0.28670159 0.09656521
v -0.00950282 0.29049051 0.09595528
v -0.01074988 0.29131281 0.09685236
v 0.01488612 0.28429264 0.10030656
v 0.00430292 0.28309473 0.10746934
v 0.00551157 0.28450319 0.10945032
v 0.00970319 0.31445810 0.09077029
v 0.01247112 0.31065345 0.08752380
v 0.00965123 0.31188631 0.09312520
v 0.01234439 0.30848074 0.08995165
v 0.01404650 0.28651860 0.10405701
v 0.01567237 0.28845382 0.10215829
v 0.01163565 0.28782797 0.10789859
v 0.01283534 0.29061159 0.10722376
v 0.00381577 0.32932109 0.08955569
v 0.00213047 0.27952111 0.10321036
v 0.00238344 0.27869198 0.10266833
v 0.00180891 0.28060415 0.10516832
v 0.02247282 0.38846815 -0.10174925
v 0.02306082 0.40295732 -0.09148294
v 0.02269494 0.41966799 -0.06848853
v 0.02019584 0.42437977 -0.05553793
v 0.00576761 0.26152295 0.10360923
v 0.00543185 0.26429442 0.10355671
v 0.01287585 0.25652429 0.08686341
v 0.00734953 0.25687182 0.08835075
v 0.00696978 0.25512502 0.09296812
v 0.01228563 0.25490966 0.09166987
v 0.01631100 0.25457627 0.08959472
v 0.01722797 0.25600517 0.08482236
v 0.01323674 0.25772792 0.08430503
v 0.00748823 0.25813547 0.08565351
v 0.01183533 0.25402877 0.09605984
v 0.00659399 0.25440922 0.09816387
v 0.00646320 0.25627211 0.10085342
v 0.01189547 0.25564381 0.09823177
v 0.01838218 0.27499941 0.09137478
v 0.01419422 0.27590308 0.09404600
v 0.01004421 0.27628830 0.09770169
v 0.00670864 0.27625152 0.10040087
v 0.00604654 0.27839777 0.10072462
v 0.00863083 0.27899131 0.09837279
v 0.00577944 0.27935788 0.10113199
v 0.00833264 0.27992105 0.09899712
v 0.00823156 0.28086078 0.09964693
v 0.00870336 0.28238863 0.09991578
v 0.00686048 0.28220859 0.10123976
v 0.00728121 0.28341836 0.10080380
v 0.00572194 0.28032479 0.10149224
v 0.00423862 0.30666414 0.10666827
v 0.00398239 0.31037706 0.10366917
v 0.01018930 0.26583806 0.10154016
v 0.00518205 0.26653689 0.10281635
v 0.00440779 0.27074963 0.10196794
v 0.00890621 0.27059266 0.10061161
v 0.01356321 0.26961368 0.09819201
v 0.01530776 0.26387271 0.09898750
v 0.00272292 0.27779651 0.10225417
v 0.01053487 0.26344800 0.10183126
v 0.01082930 0.26076984 0.10159388
v 0.01574645 0.26133296 0.09908956
v 0.01591058 0.25893316 0.09860223
v 0.02004704 0.26102671 0.09578226
v 0.01896234 0.26738974 0.09526987
v 0.02471918 0.26493490 0.09184424
v 0.02393672 0.25793427 0.09250925
v 0.03183815 0.25397348 0.08710612
v 0.02673494 0.25131249 0.08776950
v 0.02688491 0.25280792 0.08830879
v 0.02658492 0.25420171 0.08925389
v 0.03095119 0.25734928 0.08832404
v 0.03531408 0.25467938 0.08545896
v 0.03409928 0.25954577 0.08661106
v 0.02886298 0.26090524 0.08976489
v 0.02582281 0.25582737 0.09048515
v 0.02543490 0.25249469 0.08854355
v 0.02440169 0.25219265 0.08839621
v 0.02522124 0.25338161 0.08938612
v 0.02418305 0.25272039 0.08911043
v 0.02464633 0.25426912 0.09048215
v 0.02372786 0.25324720 0.09001453
v 0.02275544 0.25410146 0.09140993
v 0.02341128 0.25569427 0.09212036
v 0.02217428 0.25234631 0.08699937
v 0.02120209 0.25254488 0.08809318
v 0.02135019 0.25259089 0.08939455
v 0.02227084 0.25232297 0.08820437
v 0.02279317 0.25211659 0.08629049
v 0.02278378 0.25214842 0.08751982
v 0.02273197 0.25283894 0.08391902
v 0.02175084 0.25319821 0.08474733
v -0.04998879 0.20899542 0.01905449
v -0.05783943 0.21188140 0.00383433
v 0.02331362 0.25186846 0.08557007
v 0.02336728 0.25193462 0.08660834
v 0.02342542 0.25197372 0.08798490
v 0.02333221 0.25230911 0.08843606
v 0.02286658 0.25262707 0.08921199
v 0.02198596 0.25306565 0.09038045
v 0.01586585 0.25679600 0.09742757
v 0.01953364 0.25665304 0.09523349
v 0.01920750 0.25484157 0.09389771
v 0.01570855 0.25455233 0.09548890
v 0.01877640 0.25352350 0.09238002
v 0.01778304 0.25705692 0.08241044
v 0.01541790 0.25351000 0.09368997
v 0.02084944 0.25486279 0.08235377
v 0.02179885 0.25586301 0.07988063
v 0.01982377 0.25381616 0.08664078
v 0.02376964 0.25345957 0.08015393
v 0.02274236 0.25376865 0.08072651
v 0.02467054 0.25433326 0.07768909
v 0.02344135 0.25497392 0.07864496
v 0.01863480 0.25287366 0.09058624
v 0.01991254 0.25862506 0.09577280
v 0.01126913 0.25822943 0.10025619
v 0.00605356 0.25896415 0.10247615
v -0.03467812 0.30483603 0.07676844
v -0.03391791 0.30209371 0.07806379
v -0.02976026 0.30337965 0.07881324
v -0.03069356 0.30578268 0.07768220
v 0.00490290 0.29901844 0.11351437
v 0.00466726 0.30315340 0.10985753
v 0.02277756 0.25164548 0.08840714
v 0.01136395 0.16718590 0.04038353
v -0.07687073 0.28754091 -0.00489478
v -0.07635762 0.28842691 -0.00374020
v -0.08534886 0.30900773 -0.02908630
v 0.02587817 0.24995615 0.08778667
v 0.02383760 0.24555397 0.07900759
v 0.02265505 0.24906808 0.08265048
v 0.03158235 0.24018462 0.08483743
v 0.02707492 0.23590524 0.08746047
v 0.02485888 0.24015555 0.08906934
v 0.02852792 0.24360715 0.08658084
v 0.02190896 0.24644332 0.09128040
v 0.02443654 0.24836403 0.08899634
v -0.08984812 0.31220961 -0.02398043
v 0.02313877 0.24968927 0.08966581
v 0.02076721 0.24858172 0.09190556
v 0.01982888 0.25022820 0.09224850
v 0.02213656 0.25075421 0.08977416
v 0.01782278 0.25200194 0.09070136
v 0.01346222 0.25246498 0.09343534
v 0.01292288 0.24877584 0.08871897
v 0.01758353 0.24843965 0.08634345
v 0.02151231 0.24866199 0.08383940
v 0.02104538 0.25180966 0.08767908
v -0.08490703 0.31628999 -0.02351194
v -0.08371075 0.31855226 -0.01878015
v -0.08222374 0.31719354 -0.01769328
v -0.08325945 0.31462541 -0.02172306
v 0.01845489 0.25204545 0.09155157
v 0.02127390 0.25179976 0.08866782
v 0.01394999 0.25255302 0.09464657
v 0.02251155 0.17050937 0.03540901
v 0.02159848 0.25150225 0.08944973
v 0.01895644 0.25158587 0.09192177
v 0.01472180 0.25172615 0.09538700
v 0.01576700 0.24980320 0.09593418
v 0.01671316 0.24746925 0.09604463
v 0.01750904 0.24457498 0.09520049
v 0.01943901 0.23713231 0.09245544
v 0.02080370 0.23188293 0.09138557
v 0.01324777 0.23541218 0.09524007
v 0.01424114 0.22998032 0.09516630
v 0.01228203 0.24328767 0.09859869
v 0.01190479 0.24685498 0.09996530
v 0.01114412 0.24960090 0.09953545
v 0.01041608 0.25178987 0.09854329
v 0.00327730 0.27599677 0.10184535
v 0.00557897 0.28212747 0.10263273
v 0.00443953 0.28231028 0.10498302
v 0.00767374 0.28599244 0.11026193
v 0.00173256 0.28146309 0.10745589
v 0.01019194 0.28771999 0.10972597
v 0.00854402 0.28717008 0.11124145
v 0.00927121 0.28900111 0.11208592
v 0.01047555 0.28966013 0.11070797
v 0.00705147 0.28654441 0.11256014
v 0.00835857 0.28881738 0.11320844
v 0.00289877 0.28544515 0.11437842
v 0.00376470 0.28920180 0.11639515
v 0.00472755 0.29518780 0.11585641
v 0.00416375 0.29157344 0.11676131
v 0.00967129 0.29082572 0.11255795
v 0.01108619 0.29273102 0.11061248
v -0.09297982 0.31236351 -0.02434260
v 0.01137342 0.29578990 0.10805221
v 0.01353961 0.29330745 0.10436761
v 0.01075178 0.42997733 -0.01014745
v 0.00965089 0.25286007 0.09751349
v 0.00871669 0.25279614 0.09560659
v -0.07565869 0.27446216 -0.00497753
v -0.08456146 0.30115512 -0.01917296
v 0.01281105 0.23871081 0.08211859
v 0.01281149 0.24299152 0.08450522
v 0.00807011 0.24285248 0.08595278
v -0.08290608 0.31910121 -0.01614961
v -0.08640663 0.32062635 -0.01691276
v 0.00805182 0.23873864 0.08370229
v 0.00477087 0.25283462 0.09642397
v -0.09097793 0.28899577 -0.02793054
v -0.09345928 0.31073675 -0.02635217
v -0.09173011 0.30934989 -0.02508196
v -0.08424916 0.31143028 -0.01023412
v -0.07808330 0.28336042 -0.02221010
v -0.08476717 0.28335315 -0.02009290
v -0.08323345 0.28080949 -0.01850344
v -0.07748703 0.28153786 -0.02117141
v -0.07347075 0.29693824 -0.01600618
v 0.00453282 0.24904358 0.09122322
v 0.00826499 0.24906527 0.09045169
v 0.00505106 0.25301227 0.09873942
v 0.00557842 0.25181526 0.10011696
v 0.00615792 0.24954627 0.10141991
v 0.00434314 0.24275300 0.08663524
v 0.00445350 0.23849662 0.08436471
v -0.07258292 0.27948552 0.00385432
v 0.02221799 0.24406664 0.08007548
v -0.08130830 0.26824775 -0.01152227
v -0.08224143 0.26920351 -0.01401864
v -0.03159771 0.25653732 -0.07960515
v -0.03576530 0.26652622 -0.08612291
v -0.09297333 0.28859538 -0.03131147
v 0.02275056 0.24041785 0.07804656
v 0.01771226 0.24301051 0.08256777
v 0.01802867 0.23922344 0.08039439
v 0.00773722 0.22972760 0.09801670
v 0.00697770 0.23501369 0.09730597
v 0.00652325 0.24628198 0.10178111
v 0.00664152 0.24244396 0.10015137
v 0.02315562 0.41262615 -0.08064412
v 0.06422450 0.37561998 0.03006152
v 0.06268449 0.36888945 0.03858590
v -0.08524687 0.31414717 -0.01795357
v 0.05581874 0.37707868 0.04515732
v 0.05750129 0.38242394 0.03750908
v 0.06456693 0.38296044 0.02140428
v 0.05797624 0.38876155 0.02938634
v 0.04023908 0.41959167 -0.02988938
v 0.04070749 0.41928473 -0.01540555
v 0.02206599 0.42719296 -0.01149592
v 0.03555666 0.42064640 -0.04447760
v 0.04782356 0.41135731 -0.05353040
v 0.04961503 0.41324762 -0.03353158
v 0.04936300 0.41335928 -0.01801703
v -0.07760513 0.27399623 -0.00638092
v -0.07728934 0.26832756 -0.00529495
v -0.07563770 0.26883912 -0.00327630
v -0.07950710 0.30461621 -0.01579196
v 0.02871648 0.20760447 -0.06966472
v 0.05426583 0.33390349 -0.09559265
v 0.04807599 0.41299182 -0.00404051
v 0.04011336 0.41813040 -0.00132182
v 0.03978280 0.41573101 0.01143558
v 0.04685332 0.41131100 0.00787715
v 0.02201584 0.42573172 0.00352774
v 0.01075133 0.42840061 0.00557550
v 0.01981030 0.29477677 -0.10709214
v 0.00386159 0.31381866 0.10077450
v 0.04939512 0.24544123 -0.05113033
v 0.06051773 0.24416950 -0.03312600
v 0.06039966 0.19310032 -0.00842684
v 0.07197876 0.26765910 -0.01369452
v 0.07163864 0.26827404 -0.01459464
v 0.06285853 0.22964540 -0.01326120
v 0.06418648 0.24323681 -0.01467858
v 0.03929495 0.24578561 -0.06323725
v 0.08119182 0.27887604 -0.02501995
v 0.08180946 0.28267699 -0.02635528
v 0.08246671 0.27796823 -0.02462327
v 0.08326007 0.28195554 -0.02621754
v 0.08331696 0.28621975 -0.02703518
v 0.08309836 0.27624360 -0.02368334
v 0.07928417 0.31554565 -0.01555870
v 0.08066908 0.31716824 -0.01482406
v -0.07949779 0.27698690 -0.02368461
v -0.07950468 0.27928948 -0.02487908
v 0.07161616 0.26614448 -0.00916697
v 0.07144956 0.26674858 -0.01090435
v -0.06372391 0.28976271 -0.01152150
v 0.07094780 0.26640481 -0.00995728
v 0.07075435 0.26595592 -0.00861233
v 0.07133763 0.26528594 -0.00757263
v 0.07064574 0.26540369 -0.00745588
v 0.08098228 0.33242702 -0.00897333
v 0.06922704 0.26562428 -0.01117580
v 0.07092784 0.26779941 -0.01394220
v 0.07101248 0.26716834 -0.01232225
v 0.07030739 0.26639652 -0.01080403
v 0.06999575 0.26543444 -0.00875003
v 0.06999936 0.26461145 -0.00692149
v 0.07088090 0.26411083 -0.00637800
v -0.08167051 0.27122906 -0.02064282
v -0.07785366 0.26621184 -0.01480303
v -0.06182506 0.21550749 -0.01084245
v -0.05947418 0.21838413 -0.02680669
v -0.05957759 0.20715356 -0.02425258
v -0.06093419 0.20310907 -0.00918012
v -0.07401600 0.29372907 0.00226516
v -0.07447419 0.28633165 -0.00028534
v -0.07383456 0.28522477 0.00176407
v 0.08341789 0.27516380 -0.02397710
v 0.07596868 0.26495674 -0.01203084
v -0.02503696 0.18966779 0.04195189
v -0.02216609 0.17728296 0.03817539
v 0.08002804 0.30739558 -0.02174866
v 0.08011455 0.30559146 -0.02316817
v 0.08251843 0.30716100 -0.02482405
v 0.08229280 0.30945554 -0.02343440
v 0.06137849 0.28094578 -0.06675247
v 0.06264068 0.29188865 -0.07184455
v 0.01449971 0.21187896 -0.07478248
v 0.01401566 0.22457175 -0.07532435
v 0.07628389 0.32654363 -0.05713998
v 0.07988187 0.30916086 -0.02024758
v 0.08222117 0.31132141 -0.02192071
v 0.08204699 0.28691027 -0.02701718
v 0.07889354 0.30855572 -0.02021157
v 0.07906517 0.30680642 -0.02169124
v 0.08341081 0.31296968 -0.02359040
v 0.08358286 0.31072000 -0.02527541
v 0.08368107 0.30816314 -0.02678202
v 0.07914002 0.30485940 -0.02310763
v -0.07276872 0.28026566 0.00807873
v -0.07275368 0.28015772 0.01904220
v -0.07393734 0.29611310 0.01841230
v -0.07367098 0.29023641 0.00829136
v 0.07901822 0.31385586 -0.02252019
v 0.08069175 0.35888237 -0.03414306
v 0.07909472 0.35201192 -0.04796936
v 0.07632209 0.37571493 -0.03828850
v 0.07507541 0.36987859 -0.05330281
v 0.07068665 0.36295223 -0.06921568
v 0.07465424 0.34363052 -0.06391554
v 0.07896491 0.31540018 -0.01682753
v 0.08162948 0.31805921 -0.01543508
v 0.06443612 0.38876164 0.01315153
v 0.06966098 0.38318932 0.00612151
v 0.05772462 0.39411184 0.02184305
v 0.05708486 0.39884648 0.01471435
v 0.06317125 0.39429271 0.00575829
v 0.07055648 0.38671306 -0.00602910
v 0.08208673 0.35050991 -0.01880590
v 0.07982752 0.36513773 -0.02016764
v 0.07731733 0.37009978 -0.00670955
v -0.06083713 0.32999980 0.05388670
v -0.06279444 0.33044514 0.04933302
v -0.06321862 0.32066891 0.04960169
v -0.06091155 0.32216504 0.05336452
v 0.07477657 0.38143110 -0.02301837
v 0.06590066 0.39567637 -0.01299863
v 0.06959118 0.39143920 -0.02734699
v 0.05894211 0.40440583 -0.01721098
v 0.06123805 0.40213349 -0.03183329
v 0.06126015 0.39955989 -0.04797622
v 0.07096609 0.38715759 -0.04228186
v 0.06097554 0.39946637 -0.00081689
v 0.05518154 0.40323839 0.00892817
v 0.05597940 0.40600985 -0.00452327
v 0.05280134 0.40708154 0.00418723
v 0.07520769 0.37235045 0.00039860
v 0.06659784 0.25924483 -0.00582127
v 0.06833749 0.25929257 -0.00040158
v -0.02044313 0.38991573 0.06863296
v -0.00996415 0.39061099 0.07101307
v -0.01021191 0.39856502 0.06459762
v -0.02091995 0.39757013 0.06203215
v 0.07159355 0.27132225 0.00681697
v -0.03759523 0.27497080 -0.09001758
v -0.03889432 0.28572097 -0.09421455
v -0.01892123 0.28206739 -0.10152867
v -0.01787690 0.27218580 -0.09678560
v 0.06946570 0.29848179 0.04034312
v 0.06977315 0.31119820 0.03761552
v 0.07306921 0.30261052 0.02749367
v 0.07169800 0.28755489 0.02971714
v -0.02135395 0.41546693 0.03919775
v -0.01047880 0.41739157 0.04214335
v -0.01056204 0.42212269 0.03159608
v -0.02158312 0.41986746 0.02901220
v -0.05346182 0.30162778 0.06739312
v -0.05557139 0.29509288 0.06759400
v -0.05154736 0.29482746 0.07133317
v -0.04992601 0.30130023 0.07036813
v 0.06874574 0.32503155 0.03540020
v 0.07237182 0.31700441 0.02544252
v 0.07228868 0.33131850 0.02265802
v 0.06849826 0.33970511 0.03395487
v 0.06253614 0.35655624 -0.08461027
v 0.06514676 0.33915868 -0.08229361
v -0.07718742 0.26393124 -0.00233644
v -0.07603554 0.26475316 -0.00103418
v 0.06576368 0.32612994 -0.07990287
v 0.04920372 0.35853809 0.06462527
v -0.01071124 0.42583254 0.01926933
v -0.02191420 0.42330974 0.01707631
v 0.02215489 0.37743038 -0.10678744
v 0.04839040 0.38204882 0.05244607
v 0.05433290 0.37881121 -0.08612364
v -0.00000096 0.22530350 -0.07670636
v 0.04178184 0.38501930 -0.09397897
v 0.06992648 0.38168409 -0.05713064
v 0.06654390 0.37565055 -0.07041189
v 0.05914594 0.36836731 -0.08544887
v 0.06459610 0.30985314 -0.07724983
v 0.04776107 0.40794811 0.01582158
v 0.05697932 0.32386881 0.05934315
v 0.05606816 0.31929064 0.05850181
v 0.05732241 0.32876441 0.06092877
v 0.05432010 0.31455722 0.06011293
v 0.01588115 0.30726168 0.08501475
v 0.01537607 0.30533037 0.08721016
v 0.01507813 0.30271414 0.08919650
v 0.01863061 0.30246019 0.08485456
v 0.01805121 0.29934558 0.08675016
v 0.01186771 0.30336466 0.09500539
v 0.01219411 0.30591241 0.09227701
v 0.01452591 0.30022702 0.09144115
v 0.01424781 0.29695439 0.09350105
v 0.01196956 0.30008546 0.09741788
v 0.01816150 0.28363937 0.09018076
v 0.01911299 0.28844237 0.08787769
v 0.01684607 0.29309115 0.09009479
v 0.02174998 0.29618087 0.08518187
v 0.02064378 0.29263940 0.08663010
v 0.01740419 0.29651904 0.08846933
v 0.02283940 0.29972360 0.08322953
v 0.01543961 0.29340634 0.09620912
v 0.01637725 0.29037026 0.09960179
v 0.01280373 0.29664469 0.10090885
v 0.01091008 0.29895118 0.10438489
v 0.01015426 0.30261898 0.10104433
v 0.01936773 0.30461851 0.08286488
v 0.02404004 0.30223235 0.08149254
v 0.02408462 0.28877559 0.08588786
v 0.02853086 0.28514072 0.08555073
v 0.02626567 0.29336861 0.08425237
v 0.03050501 0.29034472 0.08390060
v 0.02742512 0.29721919 0.08238117
v 0.03189156 0.29441535 0.08185469
v 0.03259549 0.28123450 0.08525623
v 0.03600322 0.27691579 0.08438710
v 0.03917434 0.27159274 0.08297395
v 0.03896067 0.28216553 0.08244386
v 0.04258441 0.27639335 0.08074436
v 0.04095859 0.28739432 0.08016098
v 0.04524757 0.28207690 0.07827532
v -0.01255421 0.31290928 0.08469559
v -0.01299637 0.31466857 0.08173662
v -0.01669094 0.31131649 0.08039407
v -0.01625249 0.30938616 0.08282122
v -0.00752684 0.36291713 0.08376326
v -0.00844560 0.37065208 0.08067143
v -0.01751519 0.37052935 0.07896697
v -0.01606822 0.36293173 0.08265676
v 0.03509494 0.28659892 0.08341203
v 0.03675657 0.29110017 0.08114235
v 0.03309041 0.29831317 0.07979398
v 0.02867996 0.30049253 0.08050202
v 0.04219583 0.29892850 0.07589963
v 0.04198677 0.29320455 0.07795158
v 0.03761609 0.29588902 0.07893264
v 0.03814125 0.30056015 0.07697017
v 0.04690393 0.28908306 0.07584894
v 0.04668355 0.29696441 0.07417208
v 0.04589636 0.30217505 0.07262138
v 0.03211358 0.30923608 0.07633874
v 0.02721700 0.31000394 0.07707112
v 0.03570312 0.30884883 0.07526432
v 0.04191545 0.30313364 0.07440505
v 0.03846187 0.30401441 0.07572177
v 0.04999551 0.30976778 0.06607486
v 0.04767790 0.30900902 0.06839678
v 0.04196106 0.30857056 0.07258262
v 0.03908123 0.30864736 0.07406288
v 0.04498176 0.30873659 0.07065327
v 0.02271655 0.31178498 0.07710133
v 0.01814811 0.31388089 0.07716745
v 0.05971718 0.23137729 -0.02980200
v 0.00973183 0.30619144 0.09860626
v 0.00964998 0.30906990 0.09584973
v 0.01485529 0.33137304 0.08010120
v 0.01282614 0.32847562 0.07906362
v 0.00692284 0.32906508 0.08667028
v 0.01912244 0.33526334 0.08274236
v 0.01490559 0.31641391 0.07727825
v -0.02108949 0.30860692 0.07904034
v -0.02017982 0.30670327 0.08077893
v 0.01297416 0.31898874 0.07733741
v 0.01186251 0.32197765 0.07766993
v 0.01165937 0.32528877 0.07817200
v -0.01026706 0.40565765 0.05806215
v -0.02118727 0.40435266 0.05519303
v -0.02096440 0.42710713 -0.03478837
v -0.02148150 0.42736700 -0.02601779
v -0.01008705 0.43017668 -0.02649807
v -0.01108948 0.42909878 -0.03933415
v 0.03064035 0.34975985 0.08335309
v 0.02719812 0.34319282 0.08568986
v 0.05948567 0.36265641 0.04803898
v 0.06308901 0.35366306 0.04472121
v 0.05166211 0.34369093 0.06825843
v 0.05483918 0.33913109 0.06550130
v 0.05675129 0.33394593 0.06297579
v 0.06479925 0.34161171 0.04264914
v 0.06567064 0.32886401 0.04272386
v 0.06645483 0.31693628 0.04407895
v -0.07118527 0.29253593 -0.05453712
v -0.07431396 0.29241407 -0.03870472
v -0.07674393 0.30448136 -0.04043258
v -0.07433150 0.30947027 -0.05738571
v 0.04985983 0.39395979 0.03788581
v -0.03656230 0.19684386 0.03224075
v -0.03410976 0.18415482 0.02897933
v 0.00000015 0.21543515 -0.07647409
v 0.04958654 0.39932805 0.03066699
v 0.04943319 0.38808319 0.04513912
v 0.03987298 0.41249010 0.02137949
v 0.04021565 0.40858585 0.03024134
v 0.04890389 0.40399525 0.02335494
v 0.04088874 0.40379548 0.03795464
v 0.04125123 0.39827853 0.04498525
v 0.04087743 0.39231548 0.05226301
v 0.03996583 0.38584715 0.05931718
v 0.03802376 0.37742123 0.06661754
v 0.04907552 0.23240656 -0.04804114
v 0.00770082 0.29439196 0.09747800
v 0.00699778 0.29454345 0.09819353
v -0.05401495 0.35293505 0.06041942
v -0.05615434 0.35819209 0.05556635
v -0.05944628 0.35062000 0.05223759
v -0.05715834 0.34634367 0.05742167
v 0.00661853 0.29402116 0.09691954
v 0.00591025 0.29414135 0.09761067
v 0.00565330 0.29275858 0.09721408
v 0.00691608 0.28537446 0.09984034
v 0.00542157 0.28728890 0.09852310
v 0.00502323 0.29075429 0.09740084
v 0.07070041 0.26440349 0.00496604
v -0.00598947 0.35036847 0.08844601
v -0.01350795 0.35036603 0.08797463
v -0.01156931 0.34403607 0.08885188
v -0.00523795 0.34391892 0.08937156
v -0.06046665 0.31470951 0.05406005
v -0.06323440 0.31143412 0.05138541
v -0.06215294 0.30340374 0.05637990
v -0.05913041 0.30773836 0.05800951
v -0.05611399 0.30283743 0.06418207
v -0.05853586 0.29668903 0.06392857
v -0.01915041 0.38001961 0.07483038
v -0.00924980 0.38049814 0.07688647
v -0.06151293 0.34099561 0.04989146
v -0.05948932 0.33837295 0.05523387
v -0.00970166 0.31627020 0.08738141
v -0.01040031 0.31752518 0.08357918
v -0.00763758 0.32231778 0.08610756
v -0.00408748 0.32237500 0.09233741
v -0.00377086 0.32625228 0.09061740
v -0.00696727 0.32594907 0.08678150
v -0.03436020 0.36212960 0.07562637
v -0.03611176 0.36916685 0.07149542
v -0.04397210 0.36745951 0.06604883
v -0.04219574 0.36083043 0.07037763
v -0.02133082 0.41024601 0.04781937
v -0.01039684 0.41189098 0.05085460
v -0.00414410 0.33562717 0.08913808
v -0.00845548 0.33560038 0.08752118
v -0.00744362 0.33198777 0.08660898
v -0.00402871 0.33224922 0.08902583
v -0.02496742 0.30477774 0.07971155
v -0.02585123 0.30691531 0.07848469
v -0.06916030 0.26336762 -0.00573042
v -0.07021930 0.26277393 -0.00516167
v -0.07482631 0.31185630 0.00467368
v -0.07392615 0.30102062 0.00696252
v -0.07410985 0.30965030 0.01691629
v -0.07392163 0.32272518 0.01405869
v -0.07652406 0.33430159 0.01001699
v -0.07883878 0.34350258 0.00391197
v -0.07893516 0.32718036 -0.00277840
v -0.07696445 0.32082480 0.00199491
v -0.05445871 0.21011187 -0.03770820
v -0.05240852 0.22002269 -0.04169474
v -0.00407583 0.31950668 0.09544062
v -0.00397005 0.31670451 0.09817332
v -0.02102685 0.32450119 -0.11426198
v -0.02041480 0.31059802 -0.11176060
v -0.04128313 0.31539625 -0.10369270
v -0.04156320 0.32876313 -0.10563139
v -0.06832616 0.28205219 -0.05044934
v -0.07206549 0.28360081 -0.03580007
v -0.01055298 0.28924540 0.10128719
v -0.00730560 0.29372415 0.09644324
v -0.00748338 0.29018766 0.09594026
v -0.00711581 0.29287818 0.09626215
v -0.01056287 0.28628159 0.10328394
v -0.01287988 0.28569850 0.10460865
v -0.00831227 0.28640214 0.09622418
v -0.00740640 0.28661534 0.09681516
v -0.00669438 0.29049543 0.09624869
v -0.00843339 0.29413861 0.09709169
v -0.00194024 0.28248623 0.11009429
v -0.00249386 0.28408611 0.11301147
v -0.00638869 0.28542739 0.11181720
v -0.00492188 0.28388810 0.10976558
v -0.00513585 0.29308009 0.09779458
v -0.00419824 0.29084983 0.09867170
v -0.00507288 0.28892004 0.10602086
v -0.00691134 0.29256564 0.10189319
v -0.00720056 0.29450098 0.09909555
v -0.00690038 0.28953242 0.10517170
v -0.00604599 0.28343639 0.10251181
v -0.00867609 0.28960466 0.10353857
v -0.08043461 0.27716434 -0.01284579
v -0.06027508 0.22925933 0.01033864
v -0.06459156 0.24395557 0.00193283
v -0.06356678 0.24337678 -0.00473671
v -0.06102872 0.22806509 -0.00018017
v -0.08196314 0.30385256 -0.01719331
v -0.06813859 0.35628036 0.03343866
v -0.07004143 0.36798644 0.02296475
v -0.07623152 0.35584116 0.01217967
v -0.07464194 0.34476435 0.01833253
v -0.06993602 0.37727937 0.01433579
v -0.07637375 0.36646470 0.00426234
v -0.08031783 0.35381991 -0.00482725
v -0.08200645 0.33227825 -0.01818668
v -0.04291523 0.31802917 0.07154216
v -0.04316530 0.31780645 0.07170954
v -0.04163051 0.31753361 0.07301031
v -0.04163511 0.31770739 0.07282748
v -0.04243101 0.31810808 0.07093921
v -0.04108154 0.31764877 0.07202106
v -0.04330468 0.31850052 0.06995251
v -0.04386111 0.31830850 0.07045422
v -0.04414046 0.31804374 0.07059339
v -0.02546862 0.31884643 0.07483991
v -0.02617555 0.31915984 0.07412206
v -0.02883366 0.31826150 0.07444043
v -0.02812552 0.31824452 0.07555029
v -0.02521977 0.31856847 0.07530294
v -0.02807843 0.31791797 0.07598507
v -0.02931315 0.32077280 0.06850974
v -0.02878196 0.32106349 0.06839433
v -0.03015029 0.32041058 0.06868654
v -0.02362760 0.32082587 0.07244095
v -0.02367673 0.32183626 0.07258195
v -0.02845190 0.32182238 0.06850617
v -0.02845464 0.32131422 0.06835277
v -0.02399824 0.32034051 0.07264557
v -0.02239921 0.32010373 0.07276631
v -0.02142343 0.32043505 0.07236690
v -0.02147585 0.32183027 0.07259208
v -0.03328083 0.31685194 0.07609789
v -0.03347317 0.31602636 0.07618647
v -0.02874801 0.31640720 0.07642508
v -0.02836772 0.31731376 0.07628454
v -0.03307614 0.31734201 0.07589370
v -0.03652796 0.31739926 0.07498436
v -0.03660293 0.31686917 0.07516966
v -0.03673745 0.31606260 0.07518651
v -0.02542675 0.31734848 0.07614927
v -0.02533806 0.31821594 0.07576891
v -0.03677337 0.31532225 0.07517175
v -0.03369205 0.31527740 0.07610556
v -0.02892866 0.31566155 0.07640998
v -0.02539171 0.31685695 0.07626183
v -0.02256666 0.31804681 0.07553502
v -0.02373686 0.31833175 0.07555950
v -0.03375434 0.31440747 0.07591864
v -0.03359402 0.31342772 0.07580389
v -0.02874930 0.31376523 0.07635465
v -0.02892316 0.31475177 0.07634933
v -0.03684188 0.31449044 0.07488795
v -0.03674549 0.31351489 0.07474598
v -0.04527406 0.31803557 0.06889272
v -0.04574410 0.31846631 0.06793338
v -0.04575096 0.31791079 0.06807990
v -0.04547047 0.31749919 0.06861135
v -0.04820658 0.31495652 0.06543616
v -0.04907359 0.31619915 0.06429853
v -0.05076981 0.31531692 0.06295659
v -0.04968363 0.31389844 0.06434440
v -0.05794506 0.30471140 0.06099905
v -0.05195304 0.31090429 0.06383970
v -0.05331161 0.31233609 0.06178236
v -0.04480691 0.31783295 0.06972106
v -0.04417226 0.31757918 0.07066108
v -0.04469877 0.31822219 0.06965579
v -0.04512993 0.31849787 0.06869350
v -0.04499182 0.31712303 0.06944986
v -0.04430267 0.31685400 0.07053185
v -0.04324466 0.31740460 0.07176954
v -0.04333433 0.31657359 0.07175770
v -0.04171029 0.31626922 0.07309648
v -0.04160471 0.31709737 0.07310058
v -0.03947508 0.31694847 0.07416568
v -0.03978568 0.31746930 0.07393675
v -0.03960417 0.31610993 0.07414880
v -0.04185157 0.31557950 0.07288478
v -0.03973109 0.31539038 0.07405160
v -0.04340334 0.31585601 0.07142787
v -0.04442910 0.31623542 0.07017007
v -0.04516777 0.31660837 0.06900872
v -0.04578272 0.31701177 0.06814393
v -0.04617852 0.31764141 0.06749538
v -0.04550822 0.31599414 0.06843050
v -0.04615058 0.31516963 0.06761353
v -0.04494653 0.31466654 0.06905644
v -0.04463329 0.31557983 0.06972060
v -0.04630857 0.31651556 0.06742997
v -0.04712180 0.31580019 0.06644864
v -0.04356003 0.31523409 0.07100368
v -0.04363687 0.31438795 0.07057749
v -0.04189666 0.31403354 0.07215200
v -0.04191332 0.31485480 0.07255627
v -0.03977835 0.31465280 0.07374778
v -0.03987031 0.31370282 0.07340396
v -0.03301973 0.31746250 0.07561610
v -0.03272870 0.31753877 0.07444357
v -0.03624379 0.31729823 0.07384050
v -0.03658913 0.31752399 0.07468134
v -0.03982021 0.31757349 0.07375077
v -0.03921884 0.31731725 0.07298326
v -0.03613353 0.31721881 0.07269996
v -0.03440538 0.31943139 0.06853804
v -0.03575229 0.31941754 0.06817925
v -0.03880022 0.31725585 0.07194847
v -0.03297099 0.31756139 0.07321703
v -0.03285909 0.31962562 0.06877583
v -0.02965523 0.31841165 0.07324839
v -0.03135265 0.31998229 0.06882060
v -0.02697360 0.31920999 0.07336903
v -0.03436498 0.32965034 0.07543592
v -0.03443674 0.32984111 0.07574072
v -0.03901789 0.32918975 0.07520711
v -0.03857252 0.32893413 0.07474259
v -0.05227085 0.28980616 -0.08425915
v -0.05333875 0.30481783 -0.09000139
v -0.04039089 0.29946467 -0.09928523
v -0.04162271 0.32653570 0.07380593
v -0.04154707 0.32744446 0.07338447
v -0.04397507 0.32610005 0.07202237
v -0.04382610 0.32525495 0.07212375
v -0.04163599 0.32554111 0.07417558
v -0.04358797 0.32423007 0.07226609
v -0.03891028 0.32681105 0.07591694
v -0.03886579 0.32791883 0.07541874
v -0.03866355 0.32868147 0.07483640
v -0.04284902 0.32274666 0.06794487
v -0.04209194 0.32372063 0.06864411
v -0.04265819 0.32359675 0.07012058
v -0.04369942 0.32278386 0.06885492
v -0.04348410 0.32204756 0.06733569
v -0.04434884 0.32202074 0.06792979
v -0.03829842 0.32188362 0.06581037
v -0.03794784 0.32226893 0.06611805
v -0.03739635 0.32273376 0.06654172
v -0.03847736 0.32155690 0.06562328
v -0.03855568 0.32125974 0.06554000
v -0.03853806 0.32098904 0.06556609
v -0.03843694 0.32073346 0.06572443
v -0.06068811 0.28787434 0.06154505
v -0.06062653 0.29936117 0.06024072
v -0.06314173 0.29101056 0.05735514
v -0.04438916 0.31854337 0.06945125
v -0.04485903 0.31888220 0.06852819
v -0.04379106 0.31882569 0.06904661
v -0.04423915 0.31919879 0.06824291
v -0.04535467 0.31936815 0.06762897
v -0.04574960 0.31909004 0.06762081
v -0.04179857 0.31808111 0.07017763
v -0.03742922 0.31976169 0.06725591
v -0.03785126 0.32001919 0.06679133
v -0.04249960 0.31866783 0.06926542
v -0.04052195 0.31759000 0.07107747
v -0.03672833 0.31955320 0.06773350
v -0.03806705 0.32024732 0.06639262
v -0.03827330 0.32048276 0.06602559
v -0.04280451 0.31901270 0.06851523
v -0.04325363 0.31939739 0.06777165
v -0.04460319 0.31976780 0.06764068
v -0.04378301 0.32039425 0.06687178
v -0.04385519 0.32088947 0.06684047
v -0.04479799 0.32027850 0.06741562
v -0.04484694 0.32078665 0.06732208
v -0.04360319 0.31990188 0.06714930
v -0.04375447 0.32144889 0.06698278
v -0.04469242 0.32133579 0.06751777
v -0.04602448 0.31856030 0.06750716
v -0.04599086 0.31937101 0.06720531
v -0.04649409 0.32037762 0.06663005
v -0.04645584 0.31853318 0.06696887
v -0.04712860 0.31846845 0.06621444
v -0.04677977 0.31726974 0.06664487
v -0.04746907 0.32094148 0.06621130
v -0.04883912 0.32128993 0.06541435
v -0.04838269 0.31832269 0.06509002
v -0.04775921 0.31688213 0.06559224
v -0.04562040 0.31987101 0.06721124
v -0.04578096 0.32053083 0.06697751
v -0.04684720 0.32206118 0.06755359
v -0.04763342 0.32287779 0.06742027
v -0.04618236 0.32153359 0.06763624
v -0.04565067 0.32230920 0.06891048
v -0.04611959 0.32302642 0.06895981
v -0.04670838 0.32377335 0.06895331
v -0.04519223 0.32400069 0.07051294
v -0.04558355 0.32485199 0.07052939
v -0.04483907 0.32313848 0.07044973
v -0.04557204 0.32133535 0.06757575
v -0.04507140 0.32205114 0.06854858
v -0.04430832 0.32282040 0.06987011
v -0.04322750 0.32347143 0.07175302
v -0.04136352 0.32459494 0.07374603
v -0.04064307 0.32454649 0.07177120
v -0.03865846 0.32593319 0.07547064
v -0.03785264 0.32548392 0.07337142
v -0.03503712 0.33045751 0.07703509
v -0.04007199 0.33002925 0.07642987
v -0.03750703 0.32543018 0.07146008
v -0.03505822 0.32353231 0.06782901
v -0.03347658 0.32363954 0.06837443
v -0.03423587 0.32550740 0.07250524
v -0.02428765 0.32254699 0.07302964
v -0.02511718 0.32335779 0.07342403
v -0.02907758 0.32254106 0.06880088
v -0.02869302 0.32214901 0.06864931
v -0.02279525 0.32263431 0.07365344
v -0.02415659 0.32342604 0.07426929
v -0.02849058 0.32500121 0.07358669
v -0.03063575 0.32334366 0.06898958
v -0.02967109 0.32296664 0.06893208
v -0.02672870 0.32419360 0.07339406
v -0.02784256 0.32551426 0.07541431
v -0.02560118 0.32431570 0.07474834
v -0.03437880 0.32601917 0.07451505
v -0.02181435 0.36195800 -0.11163674
v -0.02171291 0.34526920 -0.11434922
v -0.04130462 0.34812397 -0.10564644
v -0.04076370 0.36277068 -0.10333976
v -0.04001383 0.32469499 0.07016370
v -0.03638602 0.32319361 0.06720495
v -0.05066909 0.36478856 -0.09550488
v -0.04951479 0.37434193 -0.09303579
v -0.04094682 0.37575656 -0.09900589
v -0.03853076 0.23303625 -0.06081015
v -0.02888428 0.22244552 -0.06918963
v -0.02066679 0.32244378 0.07472073
v -0.02240568 0.32378513 0.07509524
v -0.01950042 0.32124546 0.07447375
v -0.01881348 0.32107827 0.07465091
v -0.01991324 0.32250416 0.07478386
v -0.02142653 0.32392442 0.07509825
v -0.02452814 0.32493713 0.07558610
v -0.02378958 0.32527924 0.07596187
v -0.02722612 0.32675907 0.07701341
v -0.02736119 0.32604423 0.07666156
v -0.03465979 0.32672358 0.07649957
v -0.03473374 0.32761204 0.07695138
v -0.02673939 0.32746720 0.07639475
v -0.02321033 0.32571527 0.07539503
v -0.02620810 0.32821044 0.07572245
v -0.02302638 0.32663170 0.07506502
v -0.03441786 0.32933334 0.07573824
v -0.03468370 0.32859564 0.07641572
v -0.02240330 0.31898120 0.07496584
v -0.02017580 0.31925216 0.07482652
v -0.02293631 0.31935117 0.07470682
v -0.02051297 0.31960633 0.07446001
v -0.02411556 0.31968993 0.07363307
v -0.01967466 0.32006308 0.07430673
v -0.01898120 0.31982368 0.07464927
v -0.02499430 0.31983954 0.07312871
v -0.01915727 0.32257038 0.07446721
v -0.01788775 0.32092488 0.07467664
v -0.01790047 0.32306358 0.07371964
v -0.01710055 0.32108107 0.07433762
v -0.02023378 0.32529497 0.07409110
v -0.02068606 0.32418272 0.07445882
v -0.01799457 0.31965032 0.07467037
v -0.01861215 0.31907973 0.07479586
v -0.01729988 0.31954154 0.07469624
v -0.01792733 0.31882069 0.07482623
v -0.02513668 0.31610110 0.07633262
v -0.02485619 0.31528831 0.07633166
v -0.02180670 0.31743142 0.07567955
v -0.02118821 0.31689817 0.07562888
v -0.03330925 0.31236747 0.07572087
v -0.03649462 0.31241509 0.07457630
v -0.03287515 0.31114900 0.07569746
v -0.03628464 0.31105888 0.07453571
v -0.02784390 0.31174973 0.07645004
v -0.02845789 0.31272516 0.07639214
v -0.03396736 0.17595117 0.02763543
v -0.04698874 0.31410721 0.06690933
v -0.04808696 0.31280932 0.06622615
v -0.04638658 0.31211990 0.06810135
v -0.04552406 0.31360656 0.06844430
v -0.04388959 0.31322959 0.07009686
v -0.04430766 0.31166214 0.06994145
v -0.04188877 0.31131616 0.07174114
v -0.04185147 0.31286100 0.07184631
v -0.03975861 0.31258970 0.07315192
v -0.03946915 0.31101948 0.07317129
v -0.05000154 0.31777579 0.06357366
v -0.05129142 0.32105821 0.06328347
v -0.05184399 0.31720886 0.06200949
v -0.05356907 0.32070521 0.06113853
v -0.01619005 0.32402995 0.07394810
v -0.01585185 0.32151851 0.07405838
v -0.01424467 0.32497400 0.07527206
v -0.01426289 0.32197437 0.07503228
v -0.01569352 0.32804236 0.07632972
v -0.01770039 0.32694709 0.07467797
v -0.01641064 0.31948495 0.07468445
v -0.01715614 0.31854194 0.07487575
v -0.01509920 0.31947717 0.07503190
v -0.01613459 0.31800714 0.07518177
v -0.02428044 0.31443262 0.07636014
v -0.02369017 0.31351212 0.07638846
v -0.02055370 0.31629488 0.07573377
v -0.01961468 0.31548229 0.07590075
v -0.05122425 0.27862576 -0.07948996
v -0.05428788 0.32075763 -0.09360323
v -0.04775640 0.33435982 0.07394575
v -0.04538776 0.33144119 0.07470571
v -0.04174220 0.33264109 0.07701149
v -0.04375796 0.33634493 0.07715899
v -0.05066586 0.33835548 0.07175963
v -0.05309268 0.33457178 0.06894274
v -0.05046778 0.33184427 0.07095762
v -0.04806444 0.32965675 0.07226481
v -0.05197452 0.32400459 0.06432322
v -0.05003450 0.32400453 0.06607841
v -0.05006019 0.32588458 0.06764046
v -0.05203014 0.32644385 0.06619210
v -0.05434291 0.32396111 0.06230121
v -0.05464934 0.32723087 0.06422392
v -0.05148562 0.32891667 0.06858566
v -0.04931428 0.32763553 0.06982133
v -0.05419988 0.33054495 0.06669533
v -0.02403466 0.33230215 0.07857994
v -0.02483899 0.33044687 0.07700369
v -0.02154391 0.32870758 0.07565647
v -0.01997038 0.32973936 0.07635465
v -0.02266649 0.33410868 0.08013427
v -0.01776136 0.33094344 0.07784615
v -0.03704221 0.33689812 0.07995753
v -0.03611289 0.33345523 0.07869432
v -0.02593260 0.32866746 0.07545807
v -0.02378359 0.32762912 0.07518063
v -0.02572082 0.32891649 0.07544886
v -0.02307778 0.32755381 0.07495148
v -0.05782256 0.38729063 -0.07555089
v -0.06030127 0.39391747 -0.06313099
v -0.04457612 0.40637100 -0.07111768
v -0.04348789 0.39754456 -0.08331506
v -0.04155907 0.32781875 0.07341084
v -0.04219505 0.32821876 0.07386065
v -0.04472191 0.32697082 0.07238158
v -0.04411453 0.32651657 0.07216490
v -0.04593822 0.32540062 0.07065246
v -0.04663140 0.32586345 0.07069705
v -0.04776652 0.32476822 0.06886368
v -0.04716152 0.32445192 0.06913172
v -0.04779499 0.32366836 0.06787159
v -0.04842148 0.32362521 0.06732145
v -0.02342152 0.32845125 0.07553365
v -0.02565916 0.32925758 0.07598682
v -0.05275836 0.35201830 -0.09657337
v -0.04605389 0.37467998 0.06038297
v -0.05315372 0.37066349 0.05395896
v -0.05089700 0.36444053 0.06014557
v -0.04342093 0.32914799 0.07468791
v -0.04600583 0.32787877 0.07270236
v -0.04771540 0.32662308 0.07052628
v -0.04864786 0.32543135 0.06857450
v -0.04907899 0.32442629 0.06732476
v -0.07327873 0.28226060 0.00192021
v -0.07375024 0.28219128 -0.00004160
v -0.08168530 0.29116416 -0.02691373
v -0.07976453 0.29792607 -0.02616261
v -0.07852312 0.30153871 -0.02498332
v -0.08021923 0.31077635 -0.01171141
v -0.08367329 0.31385401 -0.01473354
v -0.08543007 0.27277836 -0.01920665
v -0.08218618 0.27113152 -0.01529357
v -0.08534183 0.27365050 -0.01981578
v -0.09090479 0.30963218 -0.02536044
v -0.09131804 0.30785140 -0.02676837
v -0.09228699 0.30754822 -0.02644327
v -0.04356508 0.25857294 -0.06891153
v -0.04917668 0.26985070 -0.07549787
v -0.09175867 0.30571851 -0.02805033
v -0.07572012 0.28685120 -0.00292275
v -0.08304188 0.29049420 -0.02715194
v -0.08484549 0.28973451 -0.02894512
v -0.08573879 0.28438583 -0.02883561
v -0.08493343 0.28502581 -0.02801269
v -0.08482615 0.27947533 -0.02659834
v -0.08425952 0.28038415 -0.02612244
v -0.08693235 0.27621439 -0.02254018
v -0.08842407 0.27987635 -0.02499557
v -0.08497685 0.31423002 -0.01603095
v -0.08429008 0.31339583 -0.01460114
v -0.08579317 0.31406352 -0.01625510
v -0.07645041 0.28553668 -0.00427324
v -0.07833364 0.30883840 -0.01151225
v -0.07782729 0.30669025 -0.01013913
v -0.07751196 0.30703756 -0.01063750
v -0.07260911 0.29043767 -0.00810952
v -0.07261470 0.29134181 -0.00838495
v -0.07397114 0.28887886 -0.00786874
v -0.07651976 0.28746250 -0.00636255
v -0.07017872 0.27983773 -0.00639736
v -0.06960082 0.27855003 -0.00833068
v -0.07013713 0.27760261 -0.00758210
v -0.08781057 0.32045716 -0.02013580
v -0.07795484 0.30574295 -0.00978289
v -0.07934181 0.30684504 -0.00988568
v -0.07983030 0.30805117 -0.01020942
v -0.08669017 0.31359860 -0.01646361
v -0.08016726 0.30898052 -0.01054618
v -0.07928743 0.30890867 -0.01063591
v -0.08097296 0.31055018 -0.01152464
v -0.07869645 0.30888891 -0.01096947
v -0.07638153 0.28322631 -0.02099945
v -0.07493046 0.28309903 -0.01875114
v -0.07458664 0.30369988 0.00045048
v -0.07547919 0.30119833 -0.00196962
v -0.08122685 0.27066973 -0.01298718
v -0.07801684 0.30871913 -0.02098030
v -0.07824246 0.31163824 -0.02249436
v -0.08996723 0.28434038 -0.02691503
v -0.08289716 0.27929497 -0.01654961
v -0.08063702 0.27872169 -0.01463806
v -0.08502895 0.28031614 -0.01843921
v -0.08671252 0.28284222 -0.02027036
v -0.07390328 0.29932874 -0.01475540
v -0.08548693 0.30323631 -0.01979734
v -0.08625887 0.30088156 -0.02098034
v -0.08376109 0.30344877 -0.01827385
v -0.07909794 0.31545526 -0.02064204
v -0.07894538 0.31550431 -0.01826285
v -0.07886609 0.31017289 -0.01901833
v -0.07863379 0.31359854 -0.01766251
v -0.07205468 0.28328222 -0.00677878
v -0.07168740 0.27710944 -0.00993274
v -0.07140636 0.27905229 -0.01095393
v -0.07279678 0.27707395 -0.01086941
v -0.07283708 0.27800310 -0.01237982
v -0.07323156 0.27944666 -0.01412455
v -0.07364827 0.28136292 -0.01559108
v -0.07368656 0.28386196 -0.01617966
v -0.07145180 0.28740159 -0.00763398
v -0.07919274 0.31562486 -0.00768932
v -0.07095338 0.28558236 -0.00738413
v -0.07292767 0.28903216 -0.00784935
v -0.07306278 0.28725213 -0.00740305
v -0.07273100 0.28533086 -0.00689094
v -0.07777163 0.27620521 -0.00806210
v -0.07843264 0.27773860 -0.01053031
v -0.07636195 0.27689222 -0.00726735
v -0.07921550 0.27815303 -0.01276845
v -0.07512202 0.27713472 -0.00684138
v -0.07850802 0.31001067 -0.01977414
v -0.07853857 0.31340906 -0.01971954
v -0.07348409 0.28587431 0.00390122
v -0.06520760 0.29628259 0.05241022
v -0.06667265 0.30582491 0.04677942
v -0.02601849 0.24591596 0.07643180
v -0.02522457 0.24278718 0.07685518
v -0.05734246 0.28512216 0.06604034
v -0.05249596 0.28287584 0.07154239
v -0.02526037 0.25155473 0.08803041
v -0.02443386 0.25068825 0.08821964
v -0.02349883 0.25127989 0.08846159
v -0.02430375 0.25172895 0.08809711
v -0.02201657 0.25178176 0.08675183
v -0.02283121 0.25181234 0.08604993
v -0.02303633 0.25185391 0.08697020
v -0.02230938 0.25179517 0.08764669
v -0.02884249 0.26826718 0.08843300
v -0.03221310 0.27229750 0.08599640
v -0.03518913 0.26755559 0.08512585
v -0.03188968 0.26410145 0.08755912
v -0.02459950 0.25057918 0.07875232
v -0.02431686 0.25225535 0.07921157
v -0.02324352 0.25216702 0.08311450
v -0.02356524 0.25143290 0.08267512
v -0.02442930 0.24796608 0.07889778
v -0.02344816 0.25011757 0.08226998
v -0.02610551 0.24990472 0.07630502
v -0.02556069 0.25247368 0.07663142
v -0.03456627 0.24491531 0.08405226
v -0.03088602 0.24714597 0.08572387
v -0.03193230 0.25054899 0.08613825
v -0.03555968 0.24974738 0.08441654
v -0.02532941 0.28028369 0.08642979
v -0.02904162 0.27628037 0.08631269
v -0.02607455 0.27221373 0.08834741
v -0.02233563 0.27666786 0.08824980
v -0.01854704 0.28168783 0.08888094
v -0.02139795 0.28444210 0.08682796
v -0.01741394 0.29010668 0.09255263
v -0.01788333 0.28647715 0.09412627
v -0.01732090 0.28576040 0.09763888
v -0.01776922 0.28796643 0.09619493
v -0.01536486 0.28166226 0.09612022
v -0.01778505 0.28414446 0.09270889
v -0.01139154 0.28047919 0.09664979
v -0.01114302 0.28131771 0.09768103
v -0.01542182 0.28082716 0.09449257
v -0.01557723 0.27974319 0.09258889
v -0.01169669 0.27956268 0.09548752
v -0.01048856 0.28241259 0.09871566
v -0.01329624 0.28232506 0.09882230
v -0.01488600 0.28429213 0.10030548
v -0.00430261 0.28309441 0.10746884
v -0.00551128 0.28450271 0.10944965
v -0.00970428 0.31445777 0.09076913
v -0.01247235 0.31065306 0.08752230
v -0.00965230 0.31188595 0.09312414
v -0.01234554 0.30848026 0.08995026
v -0.01404648 0.28651810 0.10405609
v -0.01567270 0.28845334 0.10215721
v -0.01163573 0.28782740 0.10789789
v -0.01283577 0.29061115 0.10722300
v -0.00381545 0.32932058 0.08955398
v -0.00213001 0.27952093 0.10321013
v -0.00238290 0.27869192 0.10266796
v -0.00180851 0.28060398 0.10516821
v -0.02247692 0.38846695 -0.10174929
v -0.02306531 0.40295574 -0.09148344
v -0.02269928 0.41966605 -0.06848950
v -0.02020019 0.42437792 -0.05553856
v -0.00576576 0.26152283 0.10360816
v -0.00543025 0.26429412 0.10355528
v -0.01287436 0.25652403 0.08686244
v -0.00734792 0.25687167 0.08835030
v -0.00696801 0.25512484 0.09296762
v -0.01228397 0.25490937 0.09166901
v -0.01630952 0.25457579 0.08959357
v -0.01722648 0.25600466 0.08482123
v -0.01323524 0.25772762 0.08430406
v -0.00748672 0.25813529 0.08565296
v -0.01183361 0.25402850 0.09605893
v -0.00659207 0.25440913 0.09816331
v -0.00646132 0.25627214 0.10085267
v -0.01189373 0.25564367 0.09823069
v -0.01838213 0.27499881 0.09137256
v -0.01419407 0.27590269 0.09404420
v -0.01004376 0.27628806 0.09770010
v -0.00670785 0.27625129 0.10039935
v -0.00604593 0.27839759 0.10072342
v -0.00863046 0.27899113 0.09837139
v -0.00577895 0.27935776 0.10113116
v -0.00833224 0.27992094 0.09899590
v -0.00823117 0.28086054 0.09964596
v -0.00870310 0.28238824 0.09991492
v -0.00686019 0.28220820 0.10123900
v -0.00728101 0.28341794 0.10080303
v -0.00572154 0.28032455 0.10149166
v -0.00423803 0.30666348 0.10666741
v -0.00398196 0.31037652 0.10366838
v -0.01018794 0.26583758 0.10153834
v -0.00518073 0.26653659 0.10281496
v -0.00440673 0.27074945 0.10196682
v -0.00890523 0.27059233 0.10060997
v -0.01356253 0.26961327 0.09819036
v -0.01530645 0.26387224 0.09898562
v -0.00272226 0.27779648 0.10225356
v -0.01053330 0.26344773 0.10182960
v -0.01082754 0.26076961 0.10159238
v -0.01574495 0.26133251 0.09908775
v -0.01590897 0.25893277 0.09860056
v -0.02004572 0.26102605 0.09578030
v -0.01896155 0.26738903 0.09526779
v -0.02471838 0.26493394 0.09184203
v -0.02393560 0.25793332 0.09250730
v -0.03183696 0.25397199 0.08710334
v -0.02673345 0.25131118 0.08776696
v -0.02688370 0.25280651 0.08830649
v -0.02658371 0.25420043 0.08925164
v -0.03095028 0.25734782 0.08832143
v -0.03531304 0.25467765 0.08545604
v -0.03409857 0.25954413 0.08660831
v -0.02886214 0.26090395 0.08976235
v -0.02582162 0.25582621 0.09048294
v -0.02543355 0.25249335 0.08854143
v -0.02440035 0.25219122 0.08839434
v -0.02521989 0.25338039 0.08938412
v -0.02418167 0.25271913 0.08910857
v -0.02464496 0.25426799 0.09048019
v -0.02372644 0.25324613 0.09001271
v -0.02275403 0.25410047 0.09140823
v -0.02340997 0.25569323 0.09211858
v -0.02217294 0.25234514 0.08699795
v -0.02120070 0.25254390 0.08809182
v -0.02134875 0.25258991 0.08939310
v -0.02226946 0.25232178 0.08820289
v -0.02279190 0.25211513 0.08628904
v -0.02278246 0.25214705 0.08751832
v -0.02273074 0.25283760 0.08391757
v -0.02174956 0.25319704 0.08474594
v -0.02331244 0.25186688 0.08556864
v -0.02336604 0.25193307 0.08660687
v -0.02342417 0.25197220 0.08798330
v -0.02333086 0.25230777 0.08843441
v -0.02286516 0.25262591 0.08921035
v -0.02198446 0.25306469 0.09037883
v -0.01586418 0.25679567 0.09742609
v -0.01953220 0.25665238 0.09523173
v -0.01920597 0.25484100 0.09389607
v -0.01570687 0.25455207 0.09548750
v -0.01877487 0.25352290 0.09237853
v -0.01778159 0.25705644 0.08240930
v -0.01541631 0.25350970 0.09368878
v -0.02084815 0.25486183 0.08235244
v -0.02179764 0.25586203 0.07987925
v -0.01982238 0.25381535 0.08663955
v -0.02376834 0.25345823 0.08015243
v -0.02274110 0.25376746 0.08072510
v -0.02466930 0.25433186 0.07768752
v -0.02344006 0.25497273 0.07864346
v -0.01863334 0.25287303 0.09058495
v -0.01991120 0.25862437 0.09577091
v -0.01126740 0.25822923 0.10025494
v -0.00605168 0.25896415 0.10247530
v -0.00490200 0.29901782 0.11351360
v -0.00466663 0.30315271 0.10985668
v -0.02277634 0.25164369 0.08840559
v -0.01135547 0.16718450 0.04038300
v -0.02587669 0.24995464 0.08778441
v -0.02383577 0.24555221 0.07900628
v -0.02265357 0.24906640 0.08264909
v -0.03157998 0.24018244 0.08483417
v -0.02707235 0.23590326 0.08745780
v -0.02485679 0.24015380 0.08906702
v -0.02852581 0.24360529 0.08657792
v -0.02190761 0.24644162 0.09127877
v -0.02443516 0.24836241 0.08899437
v -0.02313758 0.24968755 0.08966409
v -0.02076601 0.24857998 0.09190400
v -0.01982768 0.25022647 0.09224697
v -0.02213541 0.25075248 0.08977263
v -0.01782174 0.25200027 0.09070008
v -0.01346117 0.25246346 0.09343427
v -0.01292137 0.24877454 0.08871799
v -0.01758209 0.24843805 0.08634228
v -0.02151083 0.24866024 0.08383809
v -0.02104421 0.25180790 0.08767772
v -0.01845383 0.25204372 0.09155019
v -0.02127274 0.25179788 0.08866640
v -0.01394886 0.25255150 0.09464537
v -0.02250225 0.17050710 0.03540813
v -0.02159733 0.25150037 0.08944824
v -0.01895536 0.25158414 0.09192030
v -0.01472062 0.25172463 0.09538557
v -0.01576570 0.24980170 0.09593258
v -0.01671180 0.24746770 0.09604304
v -0.01750754 0.24457341 0.09519900
v -0.01943666 0.23713079 0.09245350
v -0.02080054 0.23188128 0.09138323
v -0.01324519 0.23541100 0.09523847
v -0.01423773 0.22997908 0.09516440
v -0.01228027 0.24328649 0.09859728
v -0.01190335 0.24685389 0.09996372
v -0.01114278 0.24959964 0.09953387
v -0.01041489 0.25178853 0.09854195
v -0.00327647 0.27599669 0.10184438
v -0.00557874 0.28212705 0.10263217
v -0.00443932 0.28230980 0.10498265
v -0.00767351 0.28599182 0.11026125
v -0.00173208 0.28146297 0.10745573
v -0.01019192 0.28771928 0.10972538
v -0.00854379 0.28716946 0.11124084
v -0.00927108 0.28900054 0.11208534
v -0.01047565 0.28965956 0.11070734
v -0.00705095 0.28654397 0.11255949
v -0.00835813 0.28881675 0.11320786
v -0.00289775 0.28544521 0.11437794
v -0.00376346 0.28920171 0.11639453
v -0.00472629 0.29518721 0.11585548
v -0.00416243 0.29157314 0.11676059
v -0.00967110 0.29082513 0.11255740
v -0.01108630 0.29273042 0.11061184
v -0.01137395 0.29578945 0.10805149
v -0.01354040 0.29330707 0.10436673
v -0.01075606 0.42997581 -0.01014798
v -0.00964982 0.25285882 0.09751245
v -0.00871566 0.25279504 0.09560584
v -0.01280870 0.23870964 0.08211764
v -0.01280954 0.24299029 0.08450417
v -0.00806788 0.24285159 0.08595202
v -0.00804924 0.23873782 0.08370148
v -0.00476969 0.25283414 0.09642359
v -0.00453141 0.24904317 0.09122280
v -0.00826349 0.24906443 0.09045097
v -0.00504991 0.25301167 0.09873888
v -0.00557711 0.25181445 0.10011606
v -0.00615642 0.24954537 0.10141871
v -0.00434098 0.24275245 0.08663481
v -0.00445078 0.23849605 0.08436427
v -0.02221599 0.24406488 0.08007428
v -0.02274854 0.24041599 0.07804534
v -0.01771030 0.24300894 0.08256665
v -0.01802648 0.23922192 0.08039330
v -0.00773393 0.22972681 0.09801520
v -0.00697515 0.23501310 0.09730465
v -0.00652152 0.24628131 0.10177971
v -0.00663951 0.24244350 0.10015020
v -0.02316046 0.41262487 -0.08064497
v -0.06422741 0.37561753 0.03005849
v -0.06268726 0.36888695 0.03858268
v -0.05582163 0.37707630 0.04515390
v -0.05750432 0.38242158 0.03750566
v -0.06457046 0.38295826 0.02140150
v -0.05797993 0.38875961 0.02938385
v -0.04024337 0.41958883 -0.02989101
v -0.04071186 0.41928229 -0.01540723
v -0.02207038 0.42719114 -0.01149678
v -0.03556132 0.42064393 -0.04447889
v -0.04782877 0.41135529 -0.05353248
v -0.04961925 0.41324425 -0.03353384
v -0.04936729 0.41335651 -0.01801916
v -0.02871513 0.20760117 -0.06966628
v -0.05427001 0.33390161 -0.09559412
v -0.04808046 0.41298953 -0.00404237
v -0.04011793 0.41812864 -0.00132330
v -0.03978752 0.41572952 0.01143411
v -0.04685791 0.41130909 0.00787532
v -0.02202067 0.42573088 0.00352707
v -0.01075593 0.42839977 0.00557506
v -0.01981329 0.29477614 -0.10709203
v -0.00386108 0.31381816 0.10077374
v -0.04939702 0.24543750 -0.05113174
v -0.06052089 0.24416478 -0.03312825
v -0.06039421 0.19309455 -0.00842899
v -0.07198020 0.26765451 -0.01370064
v -0.07164037 0.26826945 -0.01460087
v -0.06285891 0.22963952 -0.01326383
v -0.06418902 0.24323188 -0.01468113
v -0.03929738 0.24578221 -0.06323864
v -0.08119428 0.27887172 -0.02502611
v -0.08181245 0.28267270 -0.02636130
v -0.08246841 0.27796409 -0.02462943
v -0.08326222 0.28195137 -0.02622350
v -0.08331918 0.28621572 -0.02704137
v -0.08309930 0.27623937 -0.02368985
v -0.07928481 0.31554252 -0.01556425
v -0.08066934 0.31716493 -0.01482971
v -0.07161736 0.26613984 -0.00917266
v -0.07145100 0.26674402 -0.01091018
v -0.07094937 0.26640004 -0.00996283
v -0.07075582 0.26595116 -0.00861784
v -0.07133848 0.26528123 -0.00757826
v -0.07064698 0.26539886 -0.00746143
v -0.08098315 0.33242396 -0.00897762
v -0.06922891 0.26561955 -0.01118086
v -0.07092977 0.26779467 -0.01394818
v -0.07101405 0.26716363 -0.01232811
v -0.07030930 0.26639166 -0.01080943
v -0.06999709 0.26542938 -0.00875528
v -0.07000050 0.26460636 -0.00692670
v -0.07088179 0.26410607 -0.00638340
v -0.08341806 0.27515951 -0.02398395
v -0.07596835 0.26495221 -0.01203721
v -0.08003017 0.30739227 -0.02175461
v -0.08011714 0.30558804 -0.02317411
v -0.08252004 0.30715758 -0.02483029
v -0.08229383 0.30945215 -0.02344064
v -0.06138101 0.28094292 -0.06675427
v -0.06264371 0.29188630 -0.07184603
v -0.01449917 0.21187739 -0.07478404
v -0.01401691 0.22457093 -0.07532547
v -0.07628833 0.32654136 -0.05714322
v -0.07988346 0.30915758 -0.02025350
v -0.08222176 0.31131813 -0.02192689
v -0.08204999 0.28690624 -0.02702337
v -0.07889597 0.30855250 -0.02021732
v -0.07906808 0.30680323 -0.02169706
v -0.08341070 0.31296629 -0.02359676
v -0.08358297 0.31071663 -0.02528184
v -0.08368203 0.30815962 -0.02678838
v -0.07914335 0.30485603 -0.02311349
v -0.07902120 0.31385285 -0.02252538
v -0.08069625 0.35887972 -0.03414688
v -0.07909987 0.35200968 -0.04797312
v -0.07632633 0.37571210 -0.03829177
v -0.07508110 0.36987644 -0.05330642
v -0.07069211 0.36295021 -0.06921881
v -0.07465922 0.34362835 -0.06391864
v -0.07896600 0.31539723 -0.01683291
v -0.08162978 0.31805578 -0.01544092
v -0.06443987 0.38875943 0.01314879
v -0.06966422 0.38318655 0.00611823
v -0.05772866 0.39410999 0.02184064
v -0.05708933 0.39884475 0.01471217
v -0.06317545 0.39429054 0.00575574
v -0.07056064 0.38671064 -0.00603193
v -0.08208995 0.35050705 -0.01880983
v -0.07983084 0.36513507 -0.02017120
v -0.07732060 0.37009698 -0.00671297
v -0.07478050 0.38142839 -0.02302146
v -0.06590515 0.39567393 -0.01300120
v -0.06959535 0.39143637 -0.02734994
v -0.05894651 0.40440300 -0.01721334
v -0.06124254 0.40213063 -0.03183599
v -0.06126533 0.39955750 -0.04797908
v -0.07097055 0.38715494 -0.04228494
v -0.06098027 0.39946431 -0.00081921
v -0.05518615 0.40323660 0.00892603
v -0.05598392 0.40600744 -0.00452535
v -0.05280600 0.40707961 0.00418528
v -0.07521030 0.37234756 0.00039499
v -0.06660076 0.25923985 -0.00582464
v -0.06834129 0.25928724 -0.00040612
v -0.07159417 0.27131808 0.00681156
v -0.06946622 0.29847813 0.04033814
v -0.06977428 0.31119487 0.03761084
v -0.07307005 0.30260688 0.02748875
v -0.07169832 0.28755128 0.02971222
v -0.06874790 0.32502839 0.03539639
v -0.07237355 0.31700084 0.02543803
v -0.07228973 0.33131528 0.02265347
v -0.06850065 0.33970213 0.03395097
v -0.06254098 0.35655442 -0.08461198
v -0.06515101 0.33915666 -0.08229521
v -0.06576711 0.32612780 -0.07990463
v -0.04920545 0.35853565 0.06462090
v -0.02215877 0.37742928 -0.10678674
v -0.04839345 0.38204688 0.05244283
v -0.05433802 0.37880993 -0.08612563
v -0.04178660 0.38501784 -0.09398002
v -0.06993192 0.38168207 -0.05713402
v -0.06654919 0.37564865 -0.07041466
v -0.05915093 0.36836582 -0.08545084
v -0.06459979 0.30985081 -0.07725143
v -0.04776562 0.40794638 0.01581971
v -0.05698084 0.32386640 0.05933908
v -0.05606933 0.31928816 0.05849745
v -0.05732438 0.32876199 0.06092496
v -0.05432109 0.31455472 0.06010846
v -0.01588229 0.30726114 0.08501288
v -0.01537718 0.30532983 0.08720852
v -0.01507918 0.30271354 0.08919474
v -0.01863151 0.30245948 0.08485243
v -0.01805210 0.29934484 0.08674800
v -0.01186887 0.30336431 0.09500422
v -0.01219525 0.30591199 0.09227562
v -0.01452713 0.30022654 0.09143963
v -0.01424921 0.29695404 0.09349974
v -0.01197096 0.30008519 0.09741680
v -0.01816295 0.28363881 0.09017934
v -0.01911472 0.28844181 0.08787603
v -0.01684775 0.29309064 0.09009339
v -0.02175072 0.29617995 0.08517911
v -0.02064487 0.29263863 0.08662767
v -0.01740541 0.29651842 0.08846746
v -0.02284016 0.29972270 0.08322698
v -0.01544094 0.29340595 0.09620792
v -0.01637796 0.29036975 0.09960066
v -0.01280495 0.29664442 0.10090787
v -0.01091092 0.29895085 0.10438409
v -0.01015525 0.30261874 0.10104347
v -0.01936873 0.30461782 0.08286263
v -0.02404106 0.30223158 0.08149011
v -0.02408548 0.28877467 0.08588473
v -0.02853166 0.28513956 0.08554717
v -0.02626642 0.29336753 0.08424915
v -0.03050567 0.29034346 0.08389701
v -0.02742591 0.29721823 0.08237833
v -0.03189221 0.29441407 0.08185121
v -0.03259590 0.28123304 0.08525225
v -0.03600317 0.27691415 0.08438287
v -0.03917383 0.27159092 0.08296978
v -0.03896072 0.28216386 0.08243962
v -0.04258416 0.27639133 0.08074000
v -0.04095885 0.28739253 0.08015681
v -0.04524757 0.28207487 0.07827094
v -0.03509533 0.28659746 0.08340806
v -0.03675705 0.29109862 0.08113845
v -0.03309105 0.29831186 0.07979052
v -0.02868089 0.30049163 0.08049928
v -0.04219623 0.29892656 0.07589515
v -0.04198710 0.29320276 0.07794736
v -0.03761651 0.29588738 0.07892856
v -0.03814168 0.30055839 0.07696581
v -0.04690406 0.28908095 0.07584446
v -0.04668383 0.29696232 0.07416750
v -0.04589684 0.30217296 0.07261680
v -0.03211449 0.30923495 0.07633506
v -0.02721814 0.31000310 0.07706787
v -0.03570399 0.30884740 0.07526029
v -0.04191596 0.30313176 0.07440060
v -0.03846245 0.30401272 0.07571747
v -0.04999639 0.30976555 0.06607046
v -0.04767879 0.30900693 0.06839245
v -0.04196192 0.30856878 0.07257835
v -0.03908203 0.30864576 0.07405861
v -0.04498260 0.30873469 0.07064899
v -0.02271777 0.31178436 0.07709839
v -0.01814954 0.31388038 0.07716490
v -0.05972056 0.23137145 -0.02980459
v -0.00973268 0.30619106 0.09860530
v -0.00965100 0.30906957 0.09584867
v -0.01485681 0.33137181 0.08009923
v -0.01282773 0.32847458 0.07906216
v -0.00692323 0.32906446 0.08666862
v -0.01912390 0.33526212 0.08273979
v -0.01490715 0.31641349 0.07727583
v -0.01297586 0.31898838 0.07733526
v -0.01186447 0.32197711 0.07766833
v -0.01166125 0.32528797 0.07817055
v -0.03064194 0.34975842 0.08334950
v -0.02719949 0.34319156 0.08568617
v -0.05948826 0.36265397 0.04803567
v -0.06309156 0.35366043 0.04471805
v -0.05166436 0.34368849 0.06825470
v -0.05484179 0.33912876 0.06549776
v -0.05675372 0.33394358 0.06297214
v -0.06480166 0.34160885 0.04264562
v -0.06567284 0.32886097 0.04272007
v -0.06645611 0.31693313 0.04407441
v -0.04986336 0.39395809 0.03788318
v -0.04959072 0.39932653 0.03066500
v -0.04943629 0.38808125 0.04513602
v -0.03987741 0.41248876 0.02137792
v -0.04021976 0.40858442 0.03023955
v -0.04890826 0.40399361 0.02335296
v -0.04089271 0.40379411 0.03795254
v -0.04125541 0.39827710 0.04498312
v -0.04088064 0.39231399 0.05226007
v -0.03996913 0.38584560 0.05931379
v -0.03802643 0.37741953 0.06661395
v -0.04907816 0.23240216 -0.04804378
v -0.00770102 0.29439169 0.09747706
v -0.00699796 0.29454312 0.09819260
v -0.00661870 0.29402086 0.09691864
v -0.00591041 0.29414108 0.09760977
v -0.00565339 0.29275835 0.09721320
v -0.00691591 0.28537416 0.09983946
v -0.00542150 0.28728876 0.09852224
v -0.00502325 0.29075411 0.09740000
v -0.07070161 0.26439914 0.00496061
v -0.05970610 0.19743244 -0.02326865
v -0.05607443 0.20189175 -0.03508889
v 0.05970558 0.19743770 -0.02326484
v 0.05607276 0.20189731 -0.03508563
v 0.02282790 0.16334893 0.03304937
v 0.03410235 0.16794994 0.02658120
v 0.03552429 0.15994009 0.02512890
v 0.02396058 0.15541539 0.03099927
v 0.06154465 0.17939995 -0.02692222
v 0.06051179 0.18723968 -0.02010251
v 0.05720581 0.19270650 -0.03677145
v 0.05934327 0.18429562 -0.04297594
v 0.05037981 0.19559473 -0.05169339
v 0.05321971 0.18705878 -0.05695603
v 0.04235582 0.18741617 -0.06751815
v 0.04066283 0.19737676 -0.06294679
v 0.02888265 0.19526395 -0.07146336
v 0.03164018 0.18473658 -0.07500643
v 0.04531858 0.17303029 0.01785760
v 0.05482639 0.17841828 0.00603953
v 0.05309556 0.16819724 0.00837462
v 0.04421689 0.16542374 0.01850728
v 0.06001323 0.18426551 -0.00645317
v 0.06064416 0.17462550 -0.00809859
v 0.01643109 0.18571559 -0.07896233
v 0.01471071 0.19927455 -0.07539081
v 0.02743514 0.13682549 0.02873673
v 0.01371162 0.13366681 0.03241058
v 0.01295945 0.14302133 0.03302770
v 0.02580531 0.14625640 0.02953605
v 0.06075247 0.14001204 0.00569017
v 0.07552652 0.14791952 -0.01270587
v 0.08069490 0.13786682 -0.00537411
v 0.06563476 0.12899289 0.01115603
v 0.07638463 0.10945530 0.02956310
v 0.10139821 0.11681113 0.01159211
v 0.09899097 0.09722237 0.03296280
v 0.07763315 0.09243167 0.04088232
v 0.09686507 0.07909928 0.04731881
v 0.07716892 0.07561538 0.05223979
v 0.08909072 0.02895374 0.08013276
v 0.07133798 0.02801544 0.08353382
v 0.07345207 0.04359572 0.07346316
v 0.09178898 0.04513432 0.07014243
v 0.09981944 -0.06645045 0.10180025
v 0.08677672 -0.06283713 0.10725238
v 0.09378945 -0.04703778 0.10740276
v 0.10563431 -0.04912484 0.10376020
v 0.16603638 0.04668784 0.04624251
v 0.16841953 0.06453967 0.03815061
v 0.18247306 0.05164208 0.03769725
v 0.17784432 0.03357803 0.04290976
v 0.11658315 0.14991230 -0.03949455
v 0.11114881 0.13587500 -0.01500146
v 0.09850003 0.14107057 -0.02046167
v 0.10364696 0.15390134 -0.04199464
v 0.15223913 -0.04002518 0.05540631
v 0.14604437 -0.05151156 0.06389348
v 0.14227848 -0.04194976 0.07181595
v 0.14770237 -0.03055777 0.06523005
v 0.12650135 -0.15751132 0.07266798
v 0.11099353 -0.15836351 0.09080402
v 0.11155498 -0.13668317 0.08941497
v 0.12665987 -0.13609381 0.07243529
v 0.16469927 -0.11478507 -0.00235219
v 0.16631526 -0.11708067 -0.03056432
v 0.16284017 -0.13431373 -0.02875470
v 0.16185661 -0.13393950 -0.00032861
v 0.12073219 0.02810816 0.07147136
v 0.10567670 0.02908846 0.07597928
v 0.10900923 0.04560247 0.06630059
v 0.12453108 0.04484892 0.06227068
v 0.35755765 0.05765099 -0.00627112
v 0.35957295 0.03980146 -0.00541980
v 0.33492219 0.04235616 -0.00356488
v 0.33299965 0.06017719 -0.00465118
v 0.15871750 -0.23243564 0.01105002
v 0.15790679 -0.22835523 -0.01583598
v 0.16211650 -0.24725419 -0.01458874
v 0.16171856 -0.25215799 0.01338469
v 0.20763119 0.11103026 0.00632285
v 0.20757405 0.12876630 -0.01612838
v 0.22035953 0.12258992 -0.01501275
v 0.22203267 0.10353278 0.00530759
v 0.15692690 0.01685061 0.05719979
v 0.16205160 0.03148768 0.05243459
v 0.17137206 0.02006879 0.04653504
v 0.16517708 0.00788389 0.04969378
v 0.17354518 -0.08535141 -0.03595242
v 0.17185342 -0.08237144 -0.01318128
v 0.17496395 -0.06617049 -0.01932380
v 0.17758654 -0.06936217 -0.03971655
v 0.16835468 -0.09874725 -0.00744586
v 0.16985285 -0.10156361 -0.03291358
v 0.14630987 0.02280994 0.06245922
v 0.13423558 0.02611189 0.06699253
v 0.13831602 0.04313698 0.05864888
v 0.15027012 0.03986440 0.05561803
v 0.09479038 -0.08198372 0.09972246
v 0.07882770 -0.07738980 0.10659166
v 0.15387067 -0.25803024 0.04003833
v 0.14059788 -0.26441807 0.06305104
v 0.14059408 -0.24248584 0.06064270
v 0.15251595 -0.23720226 0.03734367
v 0.09465506 -0.11622404 0.10069454
v 0.09333757 -0.09768880 0.09939107
v 0.10863721 -0.09889776 0.08907146
v 0.11085846 -0.11722903 0.08836180
v 0.12350600 -0.27009964 0.08274794
v 0.10492177 -0.27477178 0.10085000
v 0.10556882 -0.25066003 0.09885332
v 0.12429453 -0.24723232 0.08077890
v 0.09450157 0.06174838 0.05926277
v 0.07549980 0.05930917 0.06299511
v 0.12181175 -0.06699935 0.08774178
v 0.11159749 -0.06736819 0.09521642
v 0.11660022 -0.05008063 0.09783641
v 0.12542349 -0.05050268 0.09021861
v 0.18507916 0.01726996 0.03408998
v 0.19667852 0.03341950 0.03018364
v 0.19289345 0.00862677 0.01475039
v 0.18381470 0.00162461 0.01922178
v 0.16466089 -0.26617327 -0.01246317
v 0.16280748 -0.27195391 0.01573984
v 0.12223684 -0.29332057 0.08346658
v 0.10384608 -0.29896832 0.10092959
v 0.21170194 -0.01532678 -0.03965189
v 0.22340366 -0.00789629 -0.04290336
v 0.22626022 -0.01022282 -0.05625512
v 0.21621956 -0.01693598 -0.05428392
v 0.05435414 -0.04529901 0.11209770
v 0.06950708 -0.03623813 0.11114224
v 0.07531992 -0.05281381 0.11110544
v 0.06357785 -0.06562920 0.11087972
v 0.11987901 -0.08290242 0.08277742
v 0.12158522 -0.09812995 0.07779053
v 0.10827330 -0.08325636 0.09161413
v 0.03852880 -0.05576647 0.11007795
v 0.05010393 -0.08313324 0.11119620
v 0.05588109 0.05652746 0.06694745
v 0.05434627 0.04149963 0.07653435
v 0.05683896 0.07161154 0.05751072
v 0.03665214 0.06824564 0.06230601
v 0.03590467 0.08325856 0.05353592
v 0.05620956 0.08711737 0.04805309
v 0.03400085 0.09808627 0.04578565
v 0.05417047 0.10257752 0.03961645
v 0.04427553 0.13136254 0.01940783
v 0.04768236 0.12218511 0.02374710
v 0.17648976 0.00671956 0.03656514
v 0.16955560 -0.00319135 0.03894511
v 0.13968790 -0.28668642 0.06425972
v 0.12291428 0.07242489 -0.13235638
v 0.11931114 0.05423123 -0.13745004
v 0.13879763 0.05733636 -0.12889621
v 0.14261937 0.07486395 -0.12419194
v 0.12750015 0.14981833 -0.03801674
v 0.12574804 0.13669768 -0.01280522
v 0.18922424 -0.01058355 -0.10149234
v 0.20108171 -0.00590448 -0.09678357
v 0.19940472 0.00260696 -0.10064546
v 0.18661144 -0.00135661 -0.10585043
v 0.22829467 0.00087731 -0.08295055
v 0.22851072 -0.00535867 -0.07655568
v 0.24843396 0.00139920 -0.07976435
v 0.24689223 0.00848585 -0.08693811
v 0.15552109 -0.24346675 -0.04037440
v 0.15069407 -0.22493920 -0.04120632
v 0.14039196 -0.10429288 -0.09920965
v 0.00000320 0.17980491 -0.08422574
v 0.00000254 0.19148001 -0.07876073
v 0.15347292 -0.11173245 -0.07913848
v 0.15979701 -0.09466525 -0.07799356
v 0.14888072 -0.08719474 -0.09621532
v 0.01760172 0.04960192 -0.13194951
v 0.01711093 0.03408932 -0.13388266
v 0.03629804 0.03714187 -0.13931790
v 0.03705017 0.05325582 -0.13719490
v 0.08053384 0.08074535 -0.13819200
v 0.08224113 0.09703884 -0.13275947
v 0.05798524 0.09014352 -0.13418630
v 0.05771711 0.07462762 -0.13837759
v 0.10102742 0.06842308 -0.13911226
v 0.09778975 0.05014481 -0.14352965
v 0.17767951 -0.06912750 -0.05932082
v 0.17156723 -0.08358997 -0.05745587
v 0.18954179 -0.03909782 -0.04811432
v 0.19067079 -0.03914377 -0.06482771
v 0.18631034 -0.04695508 -0.06340899
v 0.18565877 -0.04657843 -0.04593519
v 0.09527342 0.15913354 -0.04704762
v 0.09034788 0.16360512 -0.06552247
v 0.10148631 0.16003333 -0.06387923
v 0.05386773 0.14212145 -0.10604081
v 0.05367723 0.13508922 -0.11159287
v 0.06760035 0.14052619 -0.10693470
v 0.06387492 0.14643857 -0.10190827
v 0.04124893 -0.03649231 -0.14153185
v 0.01956541 -0.03702189 -0.13693522
v 0.02049921 -0.05824337 -0.13514572
v 0.04431115 -0.05940918 -0.13966005
v 0.20374906 -0.01912404 -0.08583707
v 0.19367148 -0.02489979 -0.08863602
v 0.19565871 -0.03003225 -0.07888448
v 0.20436993 -0.02445239 -0.07728885
v 0.18377520 -0.04426213 -0.07809404
v 0.18906175 -0.03639232 -0.07876785
v 0.18590997 -0.03154101 -0.09005225
v 0.17936495 -0.03919299 -0.09079484
v 0.15814812 -0.07220463 -0.09344525
v 0.16647251 -0.07852110 -0.07658730
v 0.17434822 -0.06509509 -0.07687674
v 0.16756077 -0.05921178 -0.09271330
v 0.01955727 -0.13314945 -0.12117276
v 0.04045295 -0.13678445 -0.12536183
v 0.04160994 -0.11023995 -0.13097794
v 0.01980210 -0.10694253 -0.12705486
v 0.23932408 0.00981301 -0.02108528
v 0.23851077 0.01802749 -0.00683200
v 0.25439885 0.01906268 -0.01124673
v 0.25798011 0.01114347 -0.02616859
v 0.26176807 0.04564050 -0.10446474
v 0.25078052 0.03935765 -0.10365889
v 0.25272480 0.03225414 -0.10200937
v 0.26332721 0.03904222 -0.10367563
v 0.28148502 0.00381759 -0.04373859
v 0.27659863 0.01072845 -0.03000770
v 0.29769224 0.00952815 -0.03296728
v 0.30202642 0.00237020 -0.04708726
v 0.13927144 0.14744447 -0.06571896
v 0.13977760 0.15043354 -0.03648014
v 0.12797642 0.15199177 -0.06469020
v 0.28466225 -0.00239840 -0.06885321
v 0.28320023 0.00091749 -0.08034109
v 0.26591843 -0.00081671 -0.07540718
v 0.26675624 -0.00244181 -0.06413235
v 0.33186570 0.07677755 -0.01500683
v 0.35625368 0.07451627 -0.01619517
v 0.32565662 -0.00080053 -0.06297064
v 0.32659039 0.00125768 -0.07618223
v 0.30527410 -0.00134508 -0.07305523
v 0.30502731 -0.00183791 -0.06058662
v 0.13322198 -0.12223869 -0.09970041
v 0.14763111 -0.12906691 -0.07931022
v 0.12630072 -0.23946443 -0.08010051
v 0.14309934 -0.24099328 -0.06270902
v 0.13762432 -0.22187431 -0.06329753
v 0.12140470 -0.21949264 -0.08084309
v 0.15909313 -0.26245725 -0.03929803
v 0.13036452 -0.25943944 -0.07923361
v 0.14710563 -0.26015094 -0.06178184
v 0.07117029 0.17115276 -0.06049705
v 0.05773172 0.17141615 -0.07521138
v 0.06800342 0.16531880 -0.07921039
v 0.07990134 0.16638362 -0.06755473
v 0.17364153 -0.37778348 -0.03799356
v 0.17249990 -0.40684068 -0.04241643
v 0.18011403 -0.40930551 -0.01216556
v 0.17893831 -0.38133413 -0.00752528
v 0.03876426 0.15548122 -0.09577406
v 0.05429597 0.16269821 -0.08671221
v 0.04349803 0.16740938 -0.08444501
v 0.03028337 0.16320372 -0.09100531
v 0.17527364 -0.35598052 -0.00689079
v 0.17119658 -0.35068575 -0.03604416
v 0.08451308 0.16286212 -0.04675435
v 0.07436130 0.16676146 -0.04020454
v 0.08046158 0.15672173 -0.02867696
v 0.07183547 0.15944920 -0.02258667
v 0.06482090 0.15295888 -0.00526995
v 0.18190095 -0.41761544 0.01793600
v 0.17835182 -0.38998219 0.02020405
v 0.05698962 0.17916363 -0.06457051
v 0.04433620 0.17776076 -0.07514635
v 0.02868059 0.17404397 -0.08339938
v 0.01248907 0.17409261 -0.08643161
v 0.15969042 -0.28110915 -0.03733857
v 0.16387969 -0.28485999 -0.01032294
v 0.11858206 -0.51362455 -0.11061408
v 0.09203340 -0.51695228 -0.11872594
v 0.08948289 -0.53104979 -0.10882586
v 0.12040900 -0.53077424 -0.10051101
v 0.02708194 -0.50382787 -0.11965653
v 0.02388620 -0.51620686 -0.10419891
v 0.05647918 -0.52590322 -0.10939863
v 0.06076280 -0.51350415 -0.12194428
v 0.06158845 -0.38467413 -0.14475282
v 0.06178879 -0.36189458 -0.13702004
v 0.03293891 -0.36294007 -0.13811563
v 0.03238829 -0.38569391 -0.14531541
v 0.13287614 -0.27881855 -0.07833765
v 0.14894538 -0.27907518 -0.06033875
v 0.16062337 -0.29099002 0.01714673
v 0.18425581 -0.55321711 -0.01171436
v 0.18005337 -0.59002018 -0.01320565
v 0.17859437 -0.59951741 0.02498685
v 0.18123019 -0.56257862 0.02857165
v 0.14551084 -0.58109725 -0.07282160
v 0.14873238 -0.55026746 -0.07590857
v 0.11778335 -0.55286574 -0.09293757
v 0.11481745 -0.57904291 -0.08840263
v 0.08492040 -0.30387607 0.11763524
v 0.10181760 -0.32113317 0.09842227
v 0.08244818 -0.32694250 0.11364613
v 0.02366609 -0.31444198 0.14255691
v 0.04586777 -0.31165761 0.13954641
v 0.04171008 -0.33501014 0.13317367
v 0.02096940 -0.33753914 0.13638058
v 0.02561530 -0.45620263 0.11794385
v 0.01178877 -0.45736858 0.12016917
v 0.01394043 -0.43186694 0.11901414
v 0.03034221 -0.42933294 0.11665552
v 0.17025748 -0.40006629 0.04653492
v 0.15266903 -0.41001937 0.06785393
v 0.14779560 -0.38608339 0.06580865
v 0.16435923 -0.37597236 0.04563938
v 0.02162596 -0.52675289 -0.08579922
v 0.05115286 -0.53799289 -0.09556843
v 0.16431546 -0.60761982 0.06029433
v 0.16504641 -0.57088172 0.06474427
v 0.13801202 -0.61282051 0.08530460
v 0.10533800 -0.61149234 0.09505742
v 0.10732417 -0.57993263 0.09850419
v 0.13926844 -0.57788771 0.08881093
v 0.02834717 -0.53602529 0.09373578
v 0.01287083 -0.54940814 0.06753482
v 0.01084258 -0.54665923 0.07707816
v 0.02302797 -0.52564788 0.10465518
v 0.02924540 -0.49045017 -0.13105977
v 0.06145370 -0.49760848 -0.13304049
v 0.06083066 -0.47903812 -0.14145491
v 0.02964164 -0.47430336 -0.13954920
v 0.11053663 -0.25966647 -0.09148408
v 0.11335349 -0.27988458 -0.09138975
v 0.08972783 -0.26014593 -0.09909189
v 0.10735437 -0.23830506 -0.09192214
v 0.08665916 -0.23794566 -0.09898128
v 0.09236877 -0.10125496 -0.12562510
v 0.11436485 -0.11272158 -0.11502016
v 0.12265338 -0.09466716 -0.11592852
v 0.10127194 -0.08130629 -0.12825666
v 0.05640540 0.04142490 -0.14405949
v 0.05734107 0.05837245 -0.14167456
v 0.07942808 -0.57204425 -0.09343665
v 0.04046725 -0.55714458 -0.08330729
v 0.04823108 -0.59739316 -0.08289979
v 0.08205730 -0.60373968 -0.09068018
v 0.16313612 -0.61749411 -0.04779217
v 0.16871901 -0.58324760 -0.04754318
v 0.14202200 -0.61310726 -0.07171272
v 0.17493039 -0.62553060 -0.01470994
v 0.17502537 -0.63509214 0.02248885
v 0.13491979 -0.64669859 0.08186640
v 0.10199305 -0.64398968 0.09050635
v 0.02288109 -0.60025561 0.05441393
v 0.04460303 -0.60392714 0.07342582
v 0.04258321 -0.63053155 0.06588884
v 0.02211462 -0.62415481 0.04432952
v 0.06548561 -0.45922226 0.10860610
v 0.09995297 -0.43709886 0.09645017
v 0.10329107 -0.46509534 0.09812542
v 0.07426307 -0.48736039 0.10599051
v 0.02965929 -0.28864247 0.14592035
v 0.04829394 -0.28513604 0.14263400
v 0.06550359 -0.30817550 0.13141565
v 0.06697012 -0.28167903 0.13379365
v 0.08602349 -0.27839458 0.11875553
v 0.04889221 -0.18127659 0.13566175
v 0.07169373 -0.18147302 0.12533566
v 0.06931064 -0.20524321 0.12877676
v 0.04714445 -0.20576079 0.13926338
v 0.05081302 -0.15690659 0.13081717
v 0.07406820 -0.15742587 0.12133920
v 0.05144336 -0.10964017 0.11665098
v 0.07407691 -0.09371037 0.10745314
v 0.07479785 -0.11337917 0.11023520
v 0.03600878 0.05346676 0.07080881
v 0.03504764 0.03837525 0.07884019
v 0.17478167 -0.42703983 0.04575211
v 0.01282183 -0.56655723 -0.05521023
v 0.00213927 -0.57807612 -0.02484933
v 0.00640038 -0.60444152 -0.03468942
v 0.02098024 -0.59842181 -0.06220172
v 0.17293321 -0.36545569 0.02067939
v 0.15379509 -0.27912804 0.04189768
v 0.15082684 -0.29879540 0.04198685
v 0.15367267 -0.13246880 0.02804917
v 0.15495752 -0.10796113 0.02996898
v 0.08390565 -0.03134274 0.10838034
v 0.08482483 -0.04374670 0.10955968
v 0.17326820 -0.54770309 -0.04825093
v 0.12363329 -0.70739806 0.07113986
v 0.09108168 -0.70527917 0.07740445
v 0.09695432 -0.67545062 0.08443000
v 0.12986040 -0.67826670 0.07693366
v 0.01185327 -0.64646852 0.00998228
v 0.02274016 -0.65158856 0.03379718
v 0.02531197 -0.68081111 0.02394241
v 0.01703235 -0.67604524 -0.00030145
v 0.02152096 -0.70616031 -0.00769423
v 0.02673769 -0.71196705 0.01701092
v 0.02697567 -0.74194878 0.00841975
v 0.02389349 -0.73573565 -0.01510735
v 0.16070344 -0.64387727 0.05698052
v 0.16404666 -0.69949079 0.02033909
v 0.15041758 -0.70599145 0.05030700
v 0.15618728 -0.67619354 0.05397157
v 0.16988838 -0.66900116 0.02145953
v 0.11449505 -0.60956109 -0.08634844
v 0.00876969 -0.61906207 0.02083865
v 0.00807823 -0.59647900 0.03190373
v 0.02228170 -0.66901225 -0.04869461
v 0.03744525 -0.66689092 -0.07062954
v 0.02889996 -0.63378817 -0.06735517
v 0.01359056 -0.63667959 -0.04239054
v 0.13944866 -0.67430395 -0.06855147
v 0.15567146 -0.68041146 -0.04429171
v 0.15941177 -0.65004826 -0.04567854
v 0.14069410 -0.64444023 -0.07025009
v 0.16402388 -0.68963879 -0.01264717
v 0.16991231 -0.65882754 -0.01327448
v 0.15176456 -0.75774813 0.01751627
v 0.13570730 -0.76321322 0.04329010
v 0.14349723 -0.73501432 0.04686022
v 0.15802591 -0.72884423 0.01895383
v 0.15348399 -0.74795204 -0.01355866
v 0.15856662 -0.71888000 -0.01294185
v 0.15269305 -0.70928413 -0.04337929
v 0.14971423 -0.73838842 -0.04199482
v 0.13564937 -0.73116004 -0.06307582
v 0.13792193 -0.70267445 -0.06610692
v 0.11650852 -0.69878238 -0.08185457
v 0.11651823 -0.72660965 -0.07831206
v 0.09221129 -0.69641232 -0.08786097
v 0.06718040 -0.69555539 -0.08360791
v 0.07245062 -0.72359371 -0.08139426
v 0.09491645 -0.72430509 -0.08440821
v 0.03557835 -0.72758526 -0.05701823
v 0.05137058 -0.72490382 -0.07262918
v 0.04503237 -0.69672763 -0.07194129
v 0.02980823 -0.69916737 -0.05293339
v 0.05698340 -0.83889085 -0.07074539
v 0.07385616 -0.83569843 -0.07519283
v 0.06792165 -0.80725867 -0.07407954
v 0.04973011 -0.81009471 -0.06874561
v 0.09051097 -0.83380085 -0.08075565
v 0.10812249 -0.83400148 -0.08008915
v 0.10305163 -0.80627948 -0.07795045
v 0.08562462 -0.80598164 -0.07780108
v 0.13376197 -0.81378770 -0.05589502
v 0.11933849 -0.80847752 -0.07101694
v 0.12441423 -0.83620828 -0.07284044
v 0.13757281 -0.84139198 -0.05741874
v 0.14981040 -0.84840804 -0.03830952
v 0.14858766 -0.82096541 -0.03843588
v 0.14636329 -0.85605222 -0.01533509
v 0.14922354 -0.82909364 -0.01594324
v 0.13521603 -0.83723766 0.01167561
v 0.13512304 -0.86320347 0.01181255
v 0.03396228 -0.85471827 -0.02688720
v 0.03397824 -0.84811789 -0.04639910
v 0.02753108 -0.82000697 -0.03985095
v 0.03001085 -0.82678229 -0.02053828
v 0.05583876 -0.83718097 0.01891861
v 0.07155529 -0.84053743 0.04343348
v 0.07108053 -0.86701900 0.03292522
v 0.05727787 -0.86426234 0.00917367
v 0.15006438 -0.77528012 -0.01444814
v 0.14534546 -0.78504264 0.01525136
v 0.13324909 -0.75902265 -0.05978095
v 0.14747065 -0.76641023 -0.04034053
v 0.04030983 -0.75495887 -0.06109910
v 0.05705805 -0.75214690 -0.07333136
v 0.02695543 -0.77083629 -0.00105198
v 0.02453212 -0.76428723 -0.02303786
v 0.10396598 -0.79099977 0.05632850
v 0.12836890 -0.78991073 0.04066104
v 0.12456866 -0.81650472 0.03942811
v 0.10081726 -0.81753278 0.05448933
v 0.14900814 -0.80284506 -0.01550474
v 0.14710958 -0.79360175 -0.03935551
v 0.13232227 -0.78644472 -0.05703701
v 0.11722938 -0.78129548 -0.07199954
v 0.09962924 -0.77906263 -0.07825308
v 0.08162189 -0.77857488 -0.07736359
v 0.06264625 -0.77954394 -0.07372557
v 0.04471539 -0.78218305 -0.06492089
v 0.02567468 -0.79217094 -0.03170204
v 0.02853671 -0.79899096 -0.01150468
v 0.09728363 -0.84324443 0.05158404
v 0.12376569 -0.84249479 0.03877085
v 0.12272993 -0.86698413 0.03394388
v 0.09543256 -0.86753565 0.04280365
v 0.09544494 -0.88903403 0.03090987
v 0.07504854 -0.88769299 0.02034567
v 0.09582723 -0.86254215 -0.08480841
v 0.11357465 -0.86282521 -0.08301651
v 0.12947470 -0.86511898 -0.07508731
v 0.15081765 -0.87541640 -0.03990765
v 0.14527987 -0.88354290 -0.01296213
v 0.13233572 -0.88934636 0.01057184
v 0.11766271 -0.88870162 0.02686769
v 0.04896580 -0.90531254 -0.05434269
v 0.04264823 -0.87618458 -0.04996296
v 0.04142206 -0.88141745 -0.03219146
v 0.04846521 -0.90965372 -0.03629090
v 0.06726453 -0.89834529 -0.08095886
v 0.08274364 -0.89497256 -0.09082333
v 0.07927345 -0.86465454 -0.07995336
v 0.06458300 -0.86811042 -0.07101313
v 0.10124948 -0.89306587 -0.09408616
v 0.11976568 -0.89303607 -0.09031201
v 0.13699317 -0.89436066 -0.08134650
v 0.14343306 -0.86910677 -0.06095020
v 0.15013996 -0.89791119 -0.06475806
v 0.15322918 -0.90455580 -0.04009474
v 0.14700158 -0.91250038 -0.00797848
v 0.12869526 -0.94897908 0.00982239
v 0.12552676 -0.91889083 0.01278602
v 0.15063041 -0.94250703 -0.00851067
v 0.10299071 -1.04944074 -0.00209382
v 0.12799376 -1.04755652 -0.00185788
v 0.12395580 -1.08340371 -0.00858502
v 0.10205898 -1.08552659 -0.00861161
v 0.05070808 -0.93918538 -0.04039169
v 0.04957917 -0.93654549 -0.06061564
v 0.06698103 -0.93043274 -0.09061469
v 0.08482810 -0.92716247 -0.10015335
v 0.16425750 -0.96704119 -0.04363624
v 0.15982522 -0.93499935 -0.03982725
v 0.15690491 -0.92867500 -0.06742150
v 0.16093810 -0.96164876 -0.07180507
v 0.04787970 -1.04039407 -0.05143558
v 0.04739789 -1.03845251 -0.07235874
v 0.04488519 -1.00383437 -0.07040983
v 0.04543539 -1.00577879 -0.04766046
v 0.06552362 -0.96440476 -0.09775352
v 0.06493153 -0.99914563 -0.10218155
v 0.08380830 -0.99598688 -0.11170044
v 0.08405625 -0.96103293 -0.10760923
v 0.15998411 -1.03853023 -0.04942964
v 0.16443971 -1.00174749 -0.04697191
v 0.16165118 -0.99719805 -0.07481419
v 0.15776236 -1.03502965 -0.07551322
v 0.15427065 -0.97378832 -0.01281169
v 0.15372202 -1.00717533 -0.01728260
v 0.13117169 -1.01287317 0.00276229
v 0.12996171 -0.97957772 0.00756240
v 0.10360437 -1.01434159 0.00340648
v 0.10213935 -0.98118526 0.00699806
v -0.00000135 -0.54115200 0.08611225
v -0.00000208 -0.55151790 0.06065476
v -0.00000198 -0.54899561 0.03970494
v 0.06231224 -1.11455214 -0.07084698
v 0.05543122 -1.07560885 -0.07162757
v 0.05482481 -1.07845831 -0.05256290
v 0.06196844 -1.11806178 -0.05421928
v 0.08654444 -1.03296852 -0.11053123
v 0.06766013 -1.03492022 -0.10239003
v 0.07338881 -1.07267654 -0.09769218
v 0.08946194 -1.07145631 -0.10518999
v 0.14720361 -1.11817181 -0.05227770
v 0.15391478 -1.07746828 -0.05105532
v 0.15161356 -1.07510042 -0.07472706
v 0.14430615 -1.11574733 -0.07402438
v 0.12066252 -1.12248063 -0.01595159
v 0.14547041 -1.08021617 -0.02433374
v 0.13971956 -1.12054622 -0.02993458
v 0.11620342 -1.16119003 -0.01984868
v 0.09893215 -1.16282260 -0.01922023
v 0.10052967 -1.12411427 -0.01534805
v 0.06756025 -1.15573692 -0.05472443
v 0.06644704 -1.15283430 -0.07019313
v 0.08919948 -1.14828634 -0.09802666
v 0.09045136 -1.11042511 -0.10065220
v 0.07625522 -1.11169589 -0.09333652
v 0.07655835 -1.14991045 -0.09076279
v 0.12357562 -1.11296809 -0.09822962
v 0.10701088 -1.11099243 -0.10239188
v 0.10493599 -1.14864123 -0.09946639
v 0.12017556 -1.15082788 -0.09478702
v 0.13709407 -1.15301919 -0.07252047
v 0.13620201 -1.11431944 -0.08887519
v 0.13008904 -1.15197790 -0.08561066
v 0.14025943 -1.15510440 -0.05234808
v 0.13363995 -1.15856683 -0.03174128
v 0.00201440 -0.54240251 -0.02853691
v -0.00043600 -0.55506825 0.00173401
v 0.00083449 -0.56219673 -0.01187897
v 0.00719440 -0.54702449 -0.04227686
v 0.04156828 -0.65916222 0.05808286
v 0.04039297 -0.68985099 0.04898890
v 0.03744928 -0.74997950 0.03222780
v 0.03944974 -0.72064096 0.04119013
v 0.03766248 -0.77838141 0.02140714
v 0.03895420 -0.80624264 0.00979039
v 0.04045513 -0.83361185 -0.00153106
v 0.04300183 -0.86029851 -0.00956419
v 0.04897064 -0.88647330 -0.01430929
v 0.05593967 -0.91417968 -0.01659469
v 0.05844070 -0.97365624 -0.02418667
v 0.04757691 -0.97177565 -0.04380231
v 0.06002855 -0.94242632 -0.02110237
v 0.05868751 -1.04355693 -0.02931703
v 0.05689548 -1.00759292 -0.02636016
v 0.06358699 -1.08221734 -0.03322394
v 0.06960857 -1.12186790 -0.03772101
v 0.07482657 -1.15920162 -0.03936402
v 0.07730810 -0.55428040 0.09730067
v 0.04964174 -0.55942678 0.08650201
v 0.05165255 -0.54296738 0.09274456
v 0.07845656 -0.53180557 0.09984253
v 0.00546151 -0.55054015 0.04727281
v 0.00118069 -0.54701197 0.02953361
v 0.00188863 -0.54691917 0.03555733
v 0.00552609 -0.55014747 0.05438694
v 0.13933770 -0.81067508 0.01301418
v 0.11664071 -0.75418049 -0.07443433
v 0.09742519 -0.75175411 -0.08054234
v 0.07716610 -0.75100243 -0.07893351
v -0.00000153 -0.54096901 0.02011479
v 0.05382435 -0.78501076 0.04368258
v 0.07622370 -0.78906459 0.05725016
v 0.07331523 -0.81521374 0.05062800
v 0.05173283 -0.81247008 0.03366788
v 0.09945361 -0.95325530 0.00950236
v 0.07883545 -0.97792125 -0.00781097
v 0.07741614 -0.94817317 -0.00330149
v 0.09886961 -0.92836267 0.01517408
v 0.12651505 -0.92395651 -0.09852960
v 0.14434539 -0.92503816 -0.08737718
v 0.12963277 -0.95696449 -0.10621123
v 0.10563379 -0.92463964 -0.10257965
v 0.10706840 -0.95825315 -0.11071856
v 0.05917705 -0.72927243 0.06075020
v 0.08546045 -0.73399884 0.06984852
v 0.08092781 -0.76183242 0.06247704
v 0.05575828 -0.75718778 0.05190621
v 0.13324897 -0.20363063 -0.06532118
v 0.11748198 -0.20026951 -0.08268010
v 0.14110246 -0.07370632 0.06308267
v 0.14667559 -0.08861818 0.05003697
v 0.13457702 -0.09513237 0.06428584
v 0.13079669 -0.08020185 0.07301369
v 0.14944835 -0.06400868 0.05356479
v 0.15509194 -0.07794800 0.03886259
v 0.15576020 -0.05220059 0.04415029
v 0.00000348 0.12421544 -0.11023984
v 0.00000383 0.13669135 -0.10589002
v 0.16100773 -0.06511294 0.02924719
v 0.18198942 -0.00996437 0.00204750
v 0.18936422 -0.00553391 -0.00293261
v 0.05180921 -0.13303965 0.12453080
v 0.02643778 -0.13404651 0.12855189
v 0.02652741 -0.11130641 0.12093996
v 0.06220041 -0.33165154 0.12579268
v 0.04222047 -0.45735481 0.11442830
v 0.04948888 -0.42667180 0.11221624
v 0.07226840 -0.42143404 0.10519611
v 0.00751660 -0.52910393 0.10121278
v 0.06449126 -0.11543018 -0.12878653
v 0.06229079 -0.14175549 -0.12384818
v 0.03741356 0.06869210 -0.13430251
v 0.01790790 0.06459603 -0.12949602
v 0.03706502 0.09747521 -0.12694916
v 0.03640544 0.11014413 -0.12261678
v 0.01769784 0.10532358 -0.11950045
v 0.00000446 -0.18276779 0.14116877
v 0.00000415 -0.20639062 0.14459953
v 0.01796001 0.09267182 -0.12327562
v 0.02084829 0.15534931 -0.09742672
v 0.00000411 -0.11405098 0.12075624
v 0.00000469 -0.13623846 0.12843721
v 0.01576061 0.16445564 -0.09212158
v 0.00048503 -0.54873127 0.02365106
v -0.00099063 -0.54078901 -0.00022127
v -0.00070956 -0.54112184 0.01030167
v 0.02492269 -0.57988900 0.06338161
v 0.00944940 -0.57897550 0.04230801
v 0.01147807 -0.56625307 0.05101717
v 0.02740187 -0.56426740 0.07097124
v 0.18211906 -0.52597845 0.03300072
v 0.18652223 -0.51572734 -0.00709843
v 0.08461630 -0.54878217 -0.09991104
v 0.37267274 0.00503431 -0.07833426
v 0.37307265 0.01437880 -0.08870070
v 0.34921318 0.01153046 -0.08878662
v 0.34902892 0.00315726 -0.07776543
v 0.06536972 -0.03543335 -0.14339919
v 0.07547965 -0.06249723 -0.13762461
v 0.08966161 0.14958571 -0.02696865
v 0.16469377 0.14647979 -0.03122425
v 0.16274700 0.13788944 -0.00424382
v 0.15158734 0.13924699 -0.00789339
v 0.15214421 0.14887786 -0.03435819
v -0.00000092 -0.53271908 0.00212050
v 0.16029432 0.09359392 -0.10967740
v 0.16123064 0.11064560 -0.09821974
v 0.14796902 0.11143367 -0.10508812
v 0.14583062 0.09289148 -0.11661228
v 0.03112186 -0.40968439 -0.14932206
v 0.06048143 -0.40890029 -0.14980204
v 0.04091749 -0.21242751 -0.10656389
v 0.06239921 -0.21445875 -0.10584852
v 0.06063479 -0.19144619 -0.11156225
v -0.00000075 -0.52503312 -0.05324732
v -0.00000022 -0.51814783 -0.06522398
v 0.03965554 -0.18825500 -0.11249495
v 0.09980173 -0.04924710 -0.13660313
v 0.11677355 -0.06551988 -0.12611748
v 0.03335715 -0.01034190 0.10084087
v 0.05097213 -0.00574372 0.10197406
v 0.05140914 -0.02406514 0.10834672
v 0.03433751 -0.03048633 0.10711132
v 0.31420302 0.03877644 -0.10298744
v 0.29432133 0.02692992 -0.10114151
v 0.30014339 0.01411816 -0.09468096
v 0.32213011 0.01963634 -0.09724461
v 0.17500450 -0.50705129 -0.05013244
v 0.14964530 -0.52257854 -0.08281270
v 0.14991198 -0.16968384 -0.05092459
v 0.13701671 -0.16577591 -0.07470342
v 0.13351144 -0.18525864 -0.07004341
v 0.14696969 -0.18892509 -0.04720573
v 0.16205333 -0.11571366 -0.05642709
v 0.15768510 -0.13288066 -0.05507677
v 0.16668600 -0.09960571 -0.05681068
v 0.21781361 -0.01546607 -0.06652934
v 0.22769623 -0.00953832 -0.06779442
v 0.21809702 -0.01097856 -0.07572518
v 0.04696832 -0.57979405 0.08079962
v 0.04945711 -0.51312530 0.10691826
v 0.04271427 -0.49673462 0.11312000
v 0.00056559 -0.54056799 0.01722210
v 0.06462696 0.16565035 -0.01600719
v 0.05846861 0.16078229 0.00095675
v 0.26563141 0.00003483 -0.05217239
v 0.28442118 -0.00093849 -0.05672709
v 0.19871219 -0.02515583 -0.03634583
v 0.20316933 -0.02834907 -0.05249619
v 0.19488080 -0.03389714 -0.05039249
v 0.19055852 -0.03001697 -0.03282868
v 0.20480177 -0.02766036 -0.06619798
v 0.19640248 -0.03334712 -0.06604733
v 0.14116682 0.06037199 0.04907133
v 0.14361975 0.07708158 0.03813118
v 0.15566188 0.07270231 0.03746326
v 0.15360363 0.05561785 0.04739745
v 0.12764113 0.06220818 0.05175117
v 0.11207982 0.06270278 0.05538239
v 0.11481673 0.08034666 0.04283575
v 0.13029315 0.07957213 0.03978464
v 0.07205693 0.12149242 0.01994476
v 0.08878788 0.13025962 0.00183929
v 0.05144185 0.11395402 0.03143221
v 0.03258573 0.10905758 0.03871999
v 0.02158619 0.14319339 -0.10437990
v 0.01847330 0.12928465 -0.11064567
v 0.03873783 0.13404100 -0.11116868
v 0.04168052 0.14503932 -0.10386477
v 0.05241770 0.15012352 0.00991363
v 0.04101845 0.14180470 0.01995824
v 0.02874882 0.12698327 0.02904282
v 0.33166826 0.08770048 -0.03028674
v 0.35515419 0.08503272 -0.03028858
v 0.06504694 0.17718185 -0.04998765
v 0.06678397 0.17170799 -0.03318952
v 0.33182874 0.09385985 -0.04790449
v 0.35590905 0.09040599 -0.04764165
v 0.13955444 0.13831592 -0.01056696
v 0.14970523 0.11968607 0.01158253
v 0.13714969 0.11810666 0.00956016
v 0.04755097 0.15832646 0.01475448
v 0.03801895 0.15110561 0.02277065
v 0.18597274 -0.47951025 0.00262650
v 0.18062755 -0.49029672 0.03789547
v 0.15112086 -0.21711838 0.03474704
v 0.15622035 -0.21335469 0.00875449
v 0.02476739 -0.18190974 0.14059775
v 0.02349950 -0.20671369 0.14431508
v 0.01208919 0.15234269 0.03501497
v 0.04660538 -0.25787514 0.14258616
v 0.02323636 -0.26199761 0.14640465
v 0.02298428 -0.23307417 0.14612506
v 0.04601945 -0.23124152 0.14123960
v 0.01316991 -0.30371222 0.14372501
v 0.01473577 -0.28964674 0.14432786
v 0.01000610 -0.47898132 0.12120008
v 0.02077250 -0.47871822 0.11968347
v 0.25471726 0.07185001 0.00529732
v 0.25131220 0.09183814 -0.00209418
v 0.26861304 0.08779594 -0.00702579
v 0.27115932 0.06906815 0.00150410
v 0.06677819 -0.25490785 0.13267744
v 0.08660103 -0.25282863 0.11693145
v 0.17649907 -0.01659669 0.00497732
v 0.17649758 -0.00623792 0.02193572
v 0.02548524 -0.08756945 0.11271276
v 0.06821362 -0.01913968 0.10723229
v 0.06850817 -0.00297791 0.10084865
v 0.08500234 -0.00149363 0.09772596
v 0.08400289 -0.01634090 0.10420334
v 0.00053547 -0.53754419 0.00669148
v 0.24382988 0.06923033 -0.10322792
v 0.25597680 0.07423130 -0.10108570
v 0.25271663 0.08374041 -0.09712976
v 0.24078485 0.08028326 -0.09968451
v 0.00133593 -0.57372016 0.01710985
v 0.00180931 -0.58919668 0.00528810
v 0.01646390 -0.53397548 -0.06578854
v 0.00391843 -0.53166413 -0.04904426
v 0.06955173 -0.63796812 0.08347102
v 0.07292061 -0.60758924 0.08958716
v 0.06617035 -0.66881639 0.07612769
v 0.06288495 -0.69930470 0.06862953
v 0.06256682 -0.88868517 0.00265857
v 0.07357515 -0.91776603 0.00343542
v 0.07968093 -1.01147485 -0.01144667
v -0.00000017 -0.51507455 -0.08148941
v 0.08068870 -1.04694068 -0.01548055
v 0.08218753 -1.08461368 -0.02031107
v 0.08376826 -1.12412536 -0.02493400
v 0.08536064 -1.16219318 -0.02694356
v 0.35810861 0.08825524 -0.06518667
v 0.33287710 0.09302188 -0.06702249
v 0.33593935 0.08240657 -0.08281004
v 0.36163279 0.07993378 -0.08034026
v 0.32313603 0.00240115 -0.04948640
v 0.31972259 0.00941355 -0.03532409
v 0.34178239 0.00754364 -0.03672390
v 0.34435540 0.00186791 -0.05093196
v 0.36734435 0.00007447 -0.05213029
v 0.37033281 -0.00026836 -0.06581604
v 0.34695053 -0.00000022 -0.06478379
v 0.37161618 0.02735552 -0.09604306
v 0.36934799 0.04136121 -0.09916186
v 0.34366640 0.04058370 -0.10094201
v 0.34718266 0.02365946 -0.09679420
v 0.36425555 0.06827547 -0.09163277
v 0.33957008 0.06896861 -0.09386867
v 0.34178090 0.05496705 -0.09979372
v 0.36684462 0.05456838 -0.09786496
v 0.36119828 0.02421494 -0.01226378
v 0.36284328 0.01285040 -0.02389369
v 0.33919275 0.01580830 -0.02277691
v 0.33698839 0.02705824 -0.01055292
v 0.24934119 0.11043695 -0.01774950
v 0.26695693 0.10364974 -0.02146984
v 0.20384671 0.01637826 0.00529667
v 0.20720172 0.03128869 0.01917779
v 0.22215477 0.03138367 0.01237139
v 0.21535547 0.01604712 -0.00190311
v 0.30814421 0.07906889 -0.01323214
v 0.28712407 0.08316731 -0.01047096
v 0.28631979 0.09623385 -0.02558909
v 0.30817395 0.09058676 -0.02860512
v 0.31332737 0.02928797 -0.00902137
v -0.00000083 -0.52725518 -0.04013374
v 0.31616375 0.01824953 -0.02135333
v 0.29359800 0.01915022 -0.01865568
v 0.29135731 0.03074498 -0.00647726
v 0.32576221 0.00846158 -0.08789829
v 0.30354670 0.00443964 -0.08469160
v 0.25644973 0.05127346 0.00727388
v 0.27287376 0.04890834 0.00321257
v 0.17009607 -0.01549412 0.02416949
v 0.18166189 -0.04245010 -0.02721355
v 0.18538046 -0.03531789 -0.02988750
v 0.13060097 -0.06516199 0.08007359
v 0.13275769 -0.05052353 0.08270239
v 0.16730301 -0.07562194 0.00963983
v 0.17057721 -0.05993817 0.00151115
v 0.13869528 -0.06039108 0.07214895
v 0.13788234 -0.05040717 0.07638244
v 0.09477185 -0.13609983 0.10388986
v 0.03035688 0.11814148 0.03275773
v 0.28897208 0.06581040 -0.00096769
v 0.28987163 0.04665482 0.00018413
v 0.26156783 0.01363578 -0.09289225
v 0.26379094 0.00525981 -0.08508894
v 0.28065133 0.00932690 -0.09037031
v -0.00000007 -0.50576729 -0.09565476
v 0.00000095 -0.49373215 -0.11054953
v 0.27729413 0.01969195 -0.09761211
v 0.13735214 -0.02897628 -0.12820777
v 0.11935529 -0.03857135 -0.13314284
v 0.13253374 -0.05226696 -0.12191259
v 0.14816436 -0.04135835 -0.11806956
v 0.25226581 0.09985728 -0.08510444
v 0.25581726 0.10632541 -0.07506368
v 0.23983882 0.10991985 -0.07542262
v 0.23871455 0.10090759 -0.08654432
v 0.26049048 0.11143140 -0.06029528
v 0.26498288 0.11200044 -0.04143216
v 0.24658114 0.11959761 -0.03947531
v 0.24241400 0.11747503 -0.05993281
v 0.17104201 -0.43544438 -0.04911236
v 0.18047868 -0.43964458 -0.01957406
v 0.13671388 -0.30726108 0.06301042
v 0.11985813 -0.31469145 0.08143111
v 0.09923896 -0.40968156 0.09482896
v 0.02886129 -0.54366499 0.08546351
v 0.01223281 -0.55262643 0.06186902
v 0.00391894 -0.61226350 -0.00593287
v 0.18477364 -0.44613796 0.01117895
v 0.00926315 -0.64141315 -0.01561080
v 0.01625114 -0.67205840 -0.02430155
v 0.06148179 -0.66629589 -0.08516495
v 0.08906043 -0.66769469 -0.09019884
v 0.08560251 -0.63701379 -0.09081079
v 0.05495838 -0.63393182 -0.08470070
v 0.11617923 -0.67041498 -0.08442632
v 0.11536826 -0.64070219 -0.08570294
v 0.10968063 -0.76346391 0.05919687
v 0.10700103 -0.99392587 -0.11455072
v 0.12834667 -1.03195131 -0.10766371
v 0.12984821 -0.99289984 -0.10979311
v 0.10767464 -1.03193688 -0.11252047
v 0.14900371 -0.99402642 -0.09598728
v 0.14814724 -0.95811379 -0.09313056
v 0.15014072 -1.04264927 -0.02014211
v 0.10812873 -1.07126236 -0.10717513
v 0.12642373 -1.07237363 -0.10244327
v 0.14204277 -1.07341039 -0.09148812
v 0.14643490 -1.03270423 -0.09461277
v 0.00217670 -0.56371951 0.02793716
v 0.16444162 -0.53565156 0.06816158
v 0.16195258 -0.50276160 0.07066560
v 0.10619292 -0.49380520 0.09933069
v 0.07770871 -0.51043916 0.10297018
v 0.10677423 -0.22776338 0.09655377
v 0.12505876 -0.22545566 0.07854117
v 0.12625152 -0.18020871 0.07415833
v 0.14074756 -0.17797393 0.05374307
v 0.14045089 -0.19999696 0.05591596
v 0.12576304 -0.20329970 0.07636936
v 0.15699670 -0.17429762 0.00392929
v 0.15650158 -0.17237766 -0.02418929
v 0.15449482 -0.19168568 -0.02097388
v 0.15561469 -0.19410309 0.00636798
v 0.15489882 -0.21000482 -0.01800431
v 0.14699174 -0.20705862 -0.04332277
v 0.08136851 -0.17172059 -0.11168623
v 0.10030299 -0.17612843 -0.10136481
v 0.10274184 -0.15390724 -0.10723670
v 0.08327862 -0.14760952 -0.11727858
v 0.03176421 -0.48420921 0.11706333
v 0.00419108 -0.55298144 0.04231475
v 0.07561252 -0.57933265 0.09429240
v 0.10795834 -0.54979187 0.10046965
v 0.13890179 -0.54452884 0.09111053
v 0.26251623 0.00475558 -0.03950788
v 0.17851678 -0.01636047 -0.10599235
v 0.17524129 -0.00587033 -0.11122070
v 0.28021422 0.10502047 -0.06323853
v 0.28481224 0.10470496 -0.04484112
v 0.27246827 0.03121213 -0.00234633
v 0.23623967 0.09672961 0.00277158
v 0.23938669 0.07454193 0.01076673
v 0.22429468 0.07857540 0.01707898
v 0.12842694 -0.42222729 0.08359098
v 0.15716873 -0.43771926 0.07016557
v 0.13182850 -0.44988319 0.08717119
v 0.00087485 -0.53220075 -0.03341788
v 0.05207304 -0.52808601 0.09952243
v 0.02188807 -0.70224971 -0.03095492
v 0.02589522 -0.73124123 -0.03729466
v 0.02886018 -0.75903022 -0.04366930
v 0.03155468 -0.78660834 -0.05019151
v 0.03518232 -0.81445342 -0.05687237
v 0.04242810 -0.84248078 -0.06173965
v 0.05155722 -0.87152094 -0.06284146
v 0.05550444 -0.90155512 -0.06900281
v 0.04665929 -0.96956009 -0.06607223
v 0.05276312 -0.96714520 -0.08359006
v 0.05480824 -0.93341035 -0.07720051
v 0.05172388 -1.00188661 -0.08806424
v 0.05463288 -1.03678417 -0.08898394
v 0.06202013 -1.07397342 -0.08613283
v 0.06982882 -1.15102994 -0.08159698
v 0.06758246 -1.11264288 -0.08331574
v -0.00006325 -0.53391814 -0.00624335
v 0.00015793 -0.53286636 -0.01921361
v 0.12251351 0.11592786 0.00808009
v 0.18508130 -0.02113472 -0.01545868
v 0.19262688 -0.01746977 -0.01985543
v 0.25550714 0.03183159 0.00211953
v 0.31586164 0.06848214 -0.09579703
v 0.31196120 0.08426883 -0.08662926
v 0.27237970 0.01917950 -0.01513230
v 0.21313611 0.00437093 -0.01550126
v 0.20255871 0.00200986 -0.00875073
v 0.56392896 0.07683798 -0.04873971
v 0.56087875 0.08056889 -0.06294064
v 0.58227336 0.07692887 -0.06112812
v 0.58458400 0.07218710 -0.04813919
v 0.56592703 0.06690319 -0.03798399
v 0.58598000 0.06222392 -0.03885072
v 0.56618494 0.00218982 -0.05570233
v 0.56592393 0.01183863 -0.04332625
v 0.58649325 0.01215999 -0.04783030
v 0.58662283 0.00387593 -0.06034650
v 0.60634387 0.04628051 -0.03515089
v 0.60624695 0.03384195 -0.03656993
v 0.58650243 0.03609403 -0.03381203
v 0.58668625 0.04965839 -0.03367036
v 0.56216115 0.00352477 -0.08769233
v 0.55858761 0.01330034 -0.09925040
v 0.53822953 0.00913272 -0.09670316
v 0.54218721 -0.00023567 -0.08349325
v 0.48212290 0.00966888 -0.03313204
v 0.48354137 -0.00150697 -0.04418960
v 0.46671742 0.00094835 -0.03749812
v 0.46484527 0.01310120 -0.02781784
v 0.52167457 0.08483092 -0.04905410
v 0.51726586 0.08544502 -0.06501030
v 0.53903919 0.08340656 -0.06433794
v 0.54281402 0.08089307 -0.04903290
v 0.52496338 0.04598537 -0.02470003
v 0.52380681 0.02935207 -0.02789923
v 0.50193286 0.03350724 -0.02538345
v 0.50286847 0.05027100 -0.02253804
v 0.49973097 0.08867606 -0.04965397
v 0.49571240 0.08579117 -0.06517876
v 0.56641716 0.03894623 -0.03030958
v 0.56582683 0.02444251 -0.03487656
v 0.54509032 0.02635357 -0.03079933
v 0.54617000 0.04209901 -0.02700060
v 0.60246933 0.01165083 -0.09107913
v 0.59987390 0.02124261 -0.09986780
v 0.57925630 0.01743865 -0.10010231
v 0.58238333 0.00766434 -0.09007681
v 0.60620677 0.02264082 -0.04250646
v 0.60644710 0.01295159 -0.05172968
v 0.58621204 0.02338051 -0.03905104
v 0.59954852 0.06848815 -0.08551446
v 0.60132432 0.07340370 -0.07281002
v 0.57944405 0.07592440 -0.07563838
v 0.57708013 0.06927580 -0.08915484
v 0.52392727 0.00236939 -0.04438619
v 0.52357805 0.01424660 -0.03400482
v 0.54499763 0.01231610 -0.03831788
v 0.54520571 0.00177723 -0.05028810
v 0.52435648 0.07623589 -0.03541804
v 0.54540515 0.07147588 -0.03674937
v 0.55465931 0.06925008 -0.09195200
v 0.55740219 0.07768712 -0.07792574
v 0.53545123 0.07810744 -0.07903598
v 0.53246331 0.06813421 -0.09373918
v 0.50984108 0.05131149 -0.10297237
v 0.51094013 0.03450318 -0.10462196
v 0.53205675 0.03838703 -0.10547890
v 0.53131258 0.05457897 -0.10264609
v 0.50277925 0.00537860 -0.03863926
v 0.50331467 -0.00384116 -0.05221843
v 0.52206546 -0.00309970 -0.07772261
v 0.51803070 0.00515271 -0.09275082
v 0.49828839 0.00141807 -0.08694795
v 0.50206774 -0.00544067 -0.07016151
v 0.46077934 0.07451643 -0.02438138
v 0.45978954 0.08643907 -0.03583650
v 0.47909641 0.08494937 -0.03502340
v 0.48034540 0.07174049 -0.02401167
v 0.47712746 0.09030886 -0.05062306
v 0.45671147 0.09051452 -0.05239687
v 0.42573279 0.07970424 -0.07054155
v 0.42600054 0.06801669 -0.08044371
v 0.43676487 0.06834013 -0.07857915
v 0.43830895 0.08124556 -0.06837580
v 0.46934116 0.04210473 -0.10408397
v 0.47074509 0.02410981 -0.10129534
v 0.49045986 0.02964099 -0.10327700
v 0.48899820 0.04726818 -0.10394181
v 0.45967889 0.00311598 -0.08797894
v 0.46533465 -0.00603113 -0.07259184
v 0.48031950 -0.00249644 -0.07971612
v 0.47492394 0.00870373 -0.09315965
v 0.41070837 -0.00051335 -0.06926291
v 0.40970790 -0.00298811 -0.05525145
v 0.42519855 -0.00527030 -0.05628291
v 0.42576608 -0.00241562 -0.07145506
v 0.40551785 0.00920122 -0.02670333
v 0.40424249 0.02105591 -0.01665469
v 0.41977844 0.01999987 -0.01807711
v 0.42114174 0.00771267 -0.02744701
v 0.40170336 0.08052903 -0.02956785
v 0.40037835 0.08636561 -0.04628784
v 0.41368702 0.08766072 -0.04360337
v 0.41542321 0.07949042 -0.02784539
v 0.45330983 0.03757608 -0.10334046
v 0.45220041 0.01761711 -0.09924582
v 0.43624908 0.00593236 -0.02911191
v 0.43445098 0.01831466 -0.02009559
v 0.44894382 0.01575477 -0.02342795
v 0.45109165 0.00320204 -0.03252288
v 0.00000328 0.06244333 -0.12613826
v 0.00000300 0.07648816 -0.12341662
v 0.42978489 0.04865582 -0.01800719
v 0.43000975 0.06295282 -0.01947133
v 0.44323295 0.06159422 -0.02067126
v 0.44495443 0.04496959 -0.02020852
v 0.42825276 0.07852867 -0.02675813
v 0.42653969 0.08748044 -0.04025336
v 0.44182107 0.08739670 -0.03783265
v 0.44303003 0.07677796 -0.02556636
v 0.43508664 0.04570985 -0.09661306
v 0.43723446 0.03265937 -0.10115344
v 0.00000146 -0.32011500 0.14044841
v 0.00000138 -0.30452150 0.14155874
v 0.44393778 0.03577015 -0.10260892
v 0.44211403 0.04888249 -0.09717125
v 0.44843167 -0.00008354 -0.08118539
v 0.45217213 -0.00726189 -0.06574737
v -0.00000026 -0.31973404 -0.11934648
v -0.00000064 -0.30341396 -0.10921833
v 0.46098393 0.04208769 -0.02319658
v 0.46269247 0.02727980 -0.02406256
v 0.44666958 0.03040490 -0.02060998
v 0.43975249 0.08961182 -0.05427558
v 0.41140023 0.00692474 -0.08081853
v 0.41154534 0.01580571 -0.09050015
v 0.39547706 0.01595264 -0.08936252
v 0.39537778 0.00694396 -0.07960125
v 0.39396194 0.00051175 -0.06779221
v 0.39190885 -0.00082214 -0.05393725
v 0.38673061 0.01091530 -0.02513587
v 0.38496032 0.02242882 -0.01432043
v 0.38348767 0.03815277 -0.00844574
v 0.38155934 0.05576456 -0.00942843
v 0.40146211 0.05434929 -0.01352223
v 0.40316430 0.03681304 -0.01187121
v 0.37960303 0.08738699 -0.04711908
v 0.37920734 0.08275338 -0.03007547
v 0.38233405 0.08416222 -0.06360114
v 0.40094796 0.08353542 -0.06132128
v 0.43820083 -0.00382237 -0.04273798
v 0.00000075 -0.40756884 0.12106014
v 0.00000075 -0.43398431 0.11977827
v 0.42337623 -0.00139633 -0.04047677
v 0.55311400 0.05693384 -0.10195092
v 0.55338949 0.04172845 -0.10536993
v 0.57527083 0.04424014 -0.10405318
v 0.57552218 0.05827242 -0.09952911
v 0.59786439 0.03343622 -0.10315914
v 0.57664120 0.03026888 -0.10462891
v 0.56684959 0.05366215 -0.03134890
v 0.54640841 0.05789190 -0.02912772
v 0.60559279 0.05814373 -0.03913875
v 0.46072537 0.05831707 -0.02108524
v 0.48012996 0.05468359 -0.02151626
v 0.42661673 0.05630052 -0.08990044
v 0.41577774 0.06754387 -0.08299426
v 0.41780317 0.05595294 -0.09197098
v 0.46934465 0.05929817 -0.09569713
v 0.47140864 0.07228516 -0.07879993
v 0.45039937 0.06666049 -0.08058355
v 0.45247146 0.05389356 -0.09663582
v 0.43094951 0.03003325 -0.09903523
v 0.42850956 0.04374294 -0.09615135
v 0.41992566 0.04258420 -0.09641893
v 0.42221966 0.02867189 -0.09721849
v 0.41631731 0.06537693 -0.01898939
v 0.40151986 0.06856731 -0.01881470
v 0.40394607 0.06687996 -0.08557136
v 0.40243238 0.07582162 -0.07396914
v 0.38614354 0.07650045 -0.07769509
v 0.38769507 0.06711854 -0.08897514
v 0.41458404 0.07735173 -0.07178576
v 0.40589130 0.05549322 -0.09378886
v 0.38967168 0.05515856 -0.09589215
v 0.37997240 0.07151099 -0.01694730
v 0.40982887 0.02820738 -0.09643667
v 0.40806293 0.04201015 -0.09702607
v 0.39172471 0.04172648 -0.09810457
v 0.39382833 0.02783796 -0.09607690
v 0.55540681 0.02693427 -0.10478892
v 0.53442532 0.02309322 -0.10361509
v 0.46781188 -0.00749321 -0.05397605
v 0.48360211 -0.00765926 -0.06161643
v 0.45289785 -0.00593852 -0.04743939
v 0.56510383 -0.00091693 -0.07172846
v 0.58512384 0.00241478 -0.07568169
v 0.52407426 -0.00462577 -0.05977802
v 0.54472053 -0.00330542 -0.06635235
v 0.51088971 0.06601249 -0.09440928
v 0.43610811 0.00679265 -0.08696333
v 0.43848845 -0.00245477 -0.07527573
v 0.44362116 0.00977253 -0.09257500
v 0.38848078 0.00298064 -0.03875926
v 0.40783027 0.00061777 -0.03995657
v 0.44404840 0.02411422 -0.10195118
v 0.36478955 0.00521120 -0.03773968
v 0.45355621 0.08268708 -0.06707365
v 0.42575267 0.08754978 -0.05648088
v 0.41381902 0.08538950 -0.05876439
v 0.60306507 0.07332737 -0.05915613
v 0.52546841 0.06232285 -0.02704511
v 0.47914791 0.03846048 -0.02420455
v 0.48018855 0.02326039 -0.02735392
v 0.43335265 0.01707365 -0.09592171
v 0.42432857 0.01587568 -0.09244718
v 0.42551991 0.00628156 -0.08298845
v 0.41594797 0.05239942 -0.01608782
v 0.41823450 0.03546542 -0.01414820
v 0.60480726 0.00635051 -0.07817151
v 0.43228352 0.03300789 -0.01676138
v 0.47335824 0.08498410 -0.06575681
v 0.01788172 0.07896485 -0.12652093
v 0.16246408 -0.09104528 0.01839967
v 0.12557724 -0.11618009 0.07314743
v 0.14019440 -0.11332534 0.05497382
v 0.17570265 -0.03436777 -0.00884095
v 0.17986026 -0.02639297 -0.01204466
v 0.20594934 -0.00855597 -0.02390327
v 0.21748978 -0.00350984 -0.02904066
v 0.16486594 -0.05140182 0.02018419
v 0.01285711 -0.27503553 0.14402181
v 0.04964967 -0.28462452 -0.10413880
v 0.02544764 -0.28574187 -0.10356423
v 0.02778543 -0.30351043 -0.10994874
v 0.05323851 -0.30285740 -0.10892658
v 0.03038157 -0.32130763 -0.11994693
v 0.16114661 -0.35158890 -0.06374457
v 0.15597132 -0.33019641 -0.06121940
v 0.14133647 -0.33241904 -0.08413435
v 0.14553067 -0.35474038 -0.08855464
v 0.16071303 -0.31363940 -0.03497434
v 0.15072750 -0.31214097 -0.05928763
v 0.16562741 -0.33062997 -0.03494544
v 0.16945641 -0.33546510 -0.00705853
v 0.16439618 -0.31759650 -0.00791123
v 0.16661386 -0.34436667 0.01949642
v 0.16116422 -0.32509825 0.01850707
v 0.15801093 -0.35441640 0.04366386
v 0.14298244 -0.36437801 0.06416442
v 0.12500149 -0.39700302 0.08138281
v 0.09906954 -0.38369715 0.09406008
v 0.12208189 -0.37426242 0.08061889
v 0.05325539 -0.39818776 0.11279654
v 0.07530170 -0.39220318 0.10484824
v 0.01583315 -0.40529513 0.12048832
v 0.03369046 -0.40224180 0.11776520
v 0.11773355 0.09800082 0.02741357
v 0.10542543 0.15110509 -0.08567069
v 0.11608027 0.15636191 -0.06347325
v 0.09104940 0.15648447 -0.08341665
v 0.12679671 0.09119793 -0.12514311
v 0.12991191 0.11070076 -0.11438467
v 0.10809317 0.10461891 -0.12568778
v 0.10514351 0.08667732 -0.13342769
v 0.07906421 0.14796302 -0.09788028
v 0.07129704 0.14982744 -0.09730084
v 0.09001147 0.14168282 -0.10208374
v 0.05504246 0.12641336 -0.11757123
v 0.07394575 0.13309516 -0.11320098
v 0.16417529 0.14192697 -0.05907056
v 0.16228575 0.12788117 -0.08191319
v 0.17295912 0.12665471 -0.07649930
v 0.17659599 0.14130022 -0.05454756
v 0.15838285 0.07654623 -0.11692631
v 0.15579866 0.05975202 -0.12121032
v 0.16896473 0.06175735 -0.11561029
v 0.17035338 0.07795442 -0.11158832
v 0.20508140 0.13367689 -0.04151551
v 0.20179957 0.12652254 -0.06410866
v 0.21324269 0.12500454 -0.06170171
v 0.21707681 0.12977633 -0.03951356
v 0.17078188 0.09442015 -0.10437573
v 0.08825842 -0.03001445 -0.14338756
v 0.12787221 -0.01524308 -0.13549596
v 0.10923225 -0.02236128 -0.14064382
v 0.17159064 0.00588774 -0.11521882
v 0.15945727 0.00062914 -0.12117043
v 0.16397390 -0.01213740 -0.11675680
v 0.19502188 0.01321364 -0.10452757
v 0.18337494 0.01008469 -0.10954706
v 0.22569941 0.05382379 0.02051065
v 0.21116394 0.05683118 0.02730882
v 0.20880648 0.08470885 0.02084081
v 0.21239163 0.00671790 -0.09225391
v 0.22430351 0.01197957 -0.09142617
v 0.22170022 0.01751866 -0.09476586
v 0.20874932 0.01252359 -0.09539627
v 0.15129448 0.14427939 -0.06302229
v 0.20069489 0.11312039 -0.08028950
v 0.19988032 0.09984978 -0.09210704
v 0.21203505 0.10148079 -0.09056605
v 0.21283577 0.11361827 -0.07835320
v 0.20167881 0.08477548 -0.10107680
v 0.20204875 0.06968494 -0.10615510
v 0.21488902 0.07337514 -0.10397412
v 0.21405296 0.08746947 -0.09921855
v 0.22084109 0.02442379 -0.09830943
v 0.20499663 0.01961794 -0.09860542
v 0.23415160 0.11652133 -0.01525183
v 0.18655849 0.14094746 -0.02227183
v 0.18306044 0.12819828 0.00272072
v 0.17317358 0.13427812 -0.00040512
v 0.17654714 0.14437710 -0.02696038
v 0.24559437 -0.00128823 -0.04811579
v 0.24122521 0.00309202 -0.03480689
v 0.24797331 -0.00388577 -0.06025988
v 0.21786597 -0.00459237 -0.08335177
v 0.24915987 -0.00323175 -0.07091834
v 0.23892973 0.03182647 0.00666142
v 0.24057800 0.05238161 0.01236192
v 0.18026814 0.10358557 0.01921156
v 0.16986041 0.11182708 0.01679190
v 0.23072496 0.12522836 -0.03880590
v 0.22677042 0.12176264 -0.06045040
v 0.24251577 0.01921440 -0.09560692
v 0.25533667 0.02664504 -0.10030349
v 0.23978509 0.02425612 -0.09841505
v 0.20265034 -0.01267123 -0.09222100
v 0.21541364 0.00141589 -0.08820340
v 0.18611963 0.13958703 -0.04984725
v 0.22485565 0.11272254 -0.07656971
v 0.22478360 0.10105388 -0.08929342
v 0.19033143 0.08212020 -0.10376827
v 0.18904619 0.09764542 -0.09512328
v 0.17970794 0.09602682 -0.09929640
v 0.18025471 0.07986688 -0.10733139
v 0.22843492 0.07735557 -0.10251370
v 0.23065391 0.06352297 -0.10488538
v 0.19075853 0.06641086 -0.10854253
v 0.18005595 0.06380072 -0.11159295
v 0.23768988 0.03121223 -0.10118933
v 0.16025876 0.11761820 0.01393296
v 0.15776482 0.09381880 0.02588552
v 0.14643504 0.09676393 0.02485463
v 0.18114828 0.07666425 0.03045109
v 0.16849151 0.08670177 0.02826094
v 0.19639367 0.06463844 0.03046608
v 0.13381577 0.09718493 0.02536780
v 0.44036722 0.02044512 -0.09996505
v 0.26717645 0.03424319 -0.10291294
v 0.25890619 0.02143276 -0.09782891
v 0.27220148 0.02810335 -0.10127753
v 0.31723300 0.05459845 -0.10061876
v 0.43460780 0.05719132 -0.08849837
v 0.44145769 0.05738921 -0.08868039
v 0.48975119 0.06305948 -0.09489165
v 0.51317936 0.07781857 -0.07983024
v 0.49179238 0.07608120 -0.07944237
v 0.50215083 0.08146144 -0.03440800
v 0.50328434 0.06734507 -0.02479867
v 0.50215727 0.01809667 -0.03036077
v 0.49359491 0.01403703 -0.09777898
v 0.64508373 0.06175058 -0.04199881
v 0.64451987 0.06797630 -0.05264537
v 0.66536301 0.06539770 -0.04948876
v 0.66554993 0.05796703 -0.04006862
v 0.68478143 0.04415520 -0.03480627
v 0.66537946 0.04758450 -0.03593259
v 0.68565279 0.05502896 -0.03701987
v 0.68372363 0.03424680 -0.03775791
v 0.66486990 0.03734943 -0.03769130
v 0.68290079 0.02657810 -0.04467490
v 0.68269056 0.02062553 -0.05308720
v 0.66444659 0.02133451 -0.05094261
v 0.66447282 0.02833203 -0.04309255
v 0.66460162 0.01682080 -0.06063561
v 0.66433781 0.01503834 -0.07139701
v 0.64500332 0.01216998 -0.06920973
v 0.64530498 0.01547253 -0.05785212
v 0.68219745 0.02617959 -0.08995906
v 0.68148583 0.03468000 -0.09307504
v 0.66175050 0.03201132 -0.09537847
v 0.66266221 0.02266250 -0.09119495
v 0.64073533 0.05065449 -0.09468253
v 0.64046156 0.03954258 -0.09783300
v 0.66146815 0.04269400 -0.09498185
v 0.66171771 0.05322001 -0.09199528
v 0.68142056 0.05566956 -0.09092928
v 0.68237656 0.06247989 -0.08238128
v 0.66267639 0.06090808 -0.08481328
v 0.60457599 0.06792634 -0.04725519
v 0.62477136 0.06494293 -0.04482355
v 0.62547165 0.05484515 -0.03782197
v 0.62548792 0.03161012 -0.03919172
v 0.62549567 0.04297274 -0.03643885
v 0.64520365 0.03994118 -0.03683655
v 0.64508981 0.02970862 -0.04095434
v 0.60617381 0.00649934 -0.06423585
v 0.62576050 0.01417480 -0.05523292
v 0.62567717 0.00943238 -0.06694511
v 0.64521998 0.02158629 -0.04828476
v 0.62560189 0.02201110 -0.04585099
v 0.64394993 0.01333535 -0.08125665
v 0.66356802 0.01699654 -0.08237437
v 0.64398462 0.06890228 -0.06516288
v 0.64307475 0.06620722 -0.07733981
v 0.66406327 0.06532062 -0.07367723
v 0.66491938 0.06731926 -0.06155176
v 0.62452972 0.01021387 -0.07966345
v 0.62162089 0.06747265 -0.08132701
v 0.62287647 0.07111712 -0.06901426
v 0.64177287 0.06019570 -0.08785035
v 0.62019014 0.05951232 -0.09168445
v 0.68488282 0.06649660 -0.05850020
v 0.68575573 0.06341060 -0.04641008
v 0.62381500 0.07065372 -0.05599254
v 0.64255112 0.01890625 -0.09155374
v 0.64116144 0.02841281 -0.09738212
v 0.62056482 0.02484437 -0.09880812
v 0.62260485 0.01541067 -0.09142791
v 0.59726053 0.04622721 -0.10150778
v 0.61932838 0.03635306 -0.10053608
v 0.61929709 0.04827511 -0.09802226
v 0.68126941 0.04501452 -0.09327357
v 0.59798688 0.05888500 -0.09590009
v 0.76629436 0.01190633 -0.03540674
v 0.77599502 0.01541643 -0.03837873
v 0.77050304 0.01706511 -0.04803323
v 0.76069999 0.01381036 -0.04598274
v 0.73571759 0.00702888 -0.02012245
v 0.74560702 0.00856992 -0.01043028
v 0.75329143 0.00444420 -0.01726370
v 0.74517155 0.00313505 -0.02799438
v 0.77036679 0.01227574 -0.02649743
v 0.77958465 0.01708792 -0.02929809
v 0.78765899 0.02225991 -0.03096201
v 0.77759057 0.02212900 -0.02263139
v 0.78705108 0.02968237 -0.02638231
v 0.78114587 0.04114583 -0.02748050
v 0.79385793 0.04259582 -0.03201401
v 0.79543287 0.03324749 -0.02864197
v 0.77461112 0.05336311 -0.05362283
v 0.77143025 0.05362731 -0.06504744
v 0.78683311 0.05187828 -0.06583053
v 0.78956985 0.05090030 -0.05415048
v 0.77727133 0.04631115 -0.08553354
v 0.78328228 0.04886866 -0.07555549
v 0.76769745 0.05158943 -0.07418256
v 0.76301438 0.04898661 -0.08311948
v 0.75563854 0.01692648 -0.05650719
v 0.76542407 0.01921930 -0.05700715
v 0.76327640 0.01984163 -0.06345721
v 0.75277460 0.01836054 -0.06373531
v 0.77637380 0.03008393 -0.02001897
v 0.77481365 0.02184929 -0.01194894
v 0.77329397 0.02584532 -0.01004503
v 0.77024031 0.03411617 -0.01796636
v 0.71603525 0.01356274 -0.06697160
v 0.72695673 0.01100296 -0.07004778
v 0.72730029 0.00985521 -0.07801133
v 0.71501625 0.01230119 -0.07599621
v 0.71508694 0.01339456 -0.04474707
v 0.70950121 0.02451468 -0.03395109
v 0.71597940 0.02194115 -0.02794171
v 0.72016996 0.00887916 -0.03639178
v 0.72293597 0.01943095 -0.02164887
v 0.73201478 0.01843098 -0.01511295
v 0.72716278 0.00693729 -0.02864879
v 0.74271202 0.01800775 -0.00625150
v 0.72232449 0.01329995 -0.09086055
v 0.71380860 0.01632118 -0.08744625
v 0.84156299 0.02108126 -0.03902071
v 0.84095579 0.02302036 -0.03361892
v 0.84668767 0.02259939 -0.03419868
v 0.84744304 0.02095137 -0.03966476
v 0.71414042 0.04356796 -0.09435640
v 0.71314293 0.03350897 -0.09568687
v 0.72002870 0.03377113 -0.09773698
v 0.72153503 0.04373191 -0.09448139
v 0.72893327 0.03413442 -0.10084040
v 0.73090976 0.04425288 -0.09521051
v 0.84221303 0.03302780 -0.03029793
v 0.84338802 0.03760050 -0.03282547
v 0.84949923 0.03633517 -0.03261779
v 0.84812897 0.03164547 -0.03046042
v 0.78021163 0.01867270 -0.04821303
v 0.78508562 0.01781085 -0.03913622
v 0.79417330 0.01951689 -0.03811425
v 0.80279177 0.02151834 -0.03657624
v 0.80430633 0.01935652 -0.04318356
v 0.79223597 0.01917804 -0.04787793
v 0.77682102 0.02065041 -0.06035797
v 0.78847235 0.02006982 -0.06100398
v 0.78371304 0.02029815 -0.06842053
v 0.77256775 0.02051594 -0.06804434
v 0.77770108 0.01563388 -0.08864737
v 0.76876217 0.01473882 -0.08739264
v 0.76898974 0.01704512 -0.08102857
v 0.77951115 0.01769353 -0.08160280
v 0.80956256 0.02256780 -0.08294516
v 0.79977041 0.01964900 -0.08236978
v 0.80133116 0.01997173 -0.07682066
v 0.81142551 0.02223134 -0.07745583
v 0.70636064 0.04470843 -0.09429634
v 0.70591331 0.03434353 -0.09448345
v 0.77261436 0.02849857 -0.11281291
v 0.77706832 0.03677749 -0.10647731
v 0.76723641 0.03838813 -0.10293005
v 0.76242954 0.03038371 -0.10902070
v 0.72431302 0.05190779 -0.08735842
v 0.71628469 0.05268053 -0.08807974
v 0.84479272 0.04033735 -0.03787716
v 0.85077888 0.03900542 -0.03777483
v 0.73373598 0.03085296 -0.01701969
v 0.74498475 0.02861242 -0.00771072
v 0.72438782 0.03297106 -0.02423528
v 0.71022266 0.03800097 -0.03135765
v 0.71733123 0.03522365 -0.02909785
v 0.79734701 0.01924266 -0.05334938
v 0.77382636 0.01990987 -0.05559460
v 0.76138961 0.01941845 -0.06840383
v 0.75224036 0.01043541 -0.08873633
v 0.75938302 0.01130742 -0.09142976
v 0.75666958 0.01083026 -0.09894993
v 0.74830222 0.01081341 -0.09857132
v 0.77273345 0.01417334 -0.10803507
v 0.77128118 0.01978667 -0.11298505
v 0.76140815 0.02050152 -0.11026160
v 0.76371092 0.01383157 -0.10603718
v 0.77080286 0.02952435 -0.00567387
v 0.76371777 0.03549534 -0.01375190
v 0.71288329 0.02382174 -0.09340286
v 0.72010565 0.02294970 -0.09694898
v 0.70587939 0.02593302 -0.09089806
v 0.72824997 0.00965183 -0.05749789
v 0.74131978 0.01418926 -0.06242943
v 0.73975849 0.01446608 -0.06756631
v 0.72704887 0.01152268 -0.06438085
v 0.75021887 0.00772140 -0.04380358
v 0.73761481 0.00382256 -0.03915220
v 0.75660205 0.00640755 -0.03260009
v 0.71574879 0.01370067 -0.05784905
v 0.70697474 0.01759575 -0.05542091
v 0.70703495 0.01719316 -0.06559894
v 0.70644003 0.01696978 -0.07583726
v 0.70631468 0.02021470 -0.08534222
v 0.69717544 0.01969174 -0.05452788
v 0.69750506 0.01863651 -0.06457848
v 0.69737685 0.01926107 -0.07523527
v 0.69723320 0.02209467 -0.08417506
v 0.70726866 0.05479791 -0.08880860
v 0.69626665 0.05654224 -0.08996481
v 0.69598711 0.04552084 -0.09385702
v 0.70747930 0.02024710 -0.04488940
v 0.69782555 0.02409098 -0.04523398
v 0.69908971 0.03028937 -0.03614121
v 0.70074302 0.04130373 -0.03312493
v 0.76936543 0.00859614 -0.00871886
v 0.76550859 0.00892409 -0.01524044
v 0.75880295 0.00621940 -0.00957364
v 0.76399738 0.00639129 -0.00327060
v 0.80330276 0.02715756 -0.03155103
v 0.79508650 0.02536462 -0.03128157
v 0.80399215 0.03488674 -0.03040433
v 0.73614562 0.00941241 -0.08396047
v 0.73163319 0.01223099 -0.09481636
v 0.80693698 0.01973245 -0.04888090
v 0.82120281 0.03453460 -0.03096712
v 0.82289416 0.04038637 -0.03382850
v 0.83595210 0.03893077 -0.03332645
v 0.83479440 0.03388674 -0.03041170
v 0.82162571 0.02148121 -0.04569413
v 0.82453364 0.02559065 -0.04999365
v 0.81694359 0.02397737 -0.05202877
v 0.81408149 0.02133088 -0.04671503
v 0.80535054 0.02057598 -0.08969717
v 0.79722011 0.01814870 -0.08931850
v 0.80360109 0.04787754 -0.04277491
v 0.79144585 0.05022363 -0.04171154
v 0.80466050 0.04445242 -0.05500108
v 0.78983498 0.01834036 -0.08206543
v 0.78110230 0.01928818 -0.07537597
v 0.79130054 0.01929098 -0.07625282
v 0.80516821 0.02088198 -0.06019107
v 0.79699647 0.01993596 -0.06126557
v 0.80086029 0.01974391 -0.05615067
v 0.80799216 0.02070469 -0.05402044
v 0.75055981 0.03259945 -0.10642853
v 0.74957633 0.01960702 -0.10774309
v 0.84119445 0.02769624 -0.03055216
v 0.84710145 0.02674701 -0.03109763
v 0.69633299 0.03523901 -0.09288242
v 0.69695890 0.02739795 -0.08978704
v 0.77018309 0.01919299 -0.07446337
v 0.77730584 0.05059170 -0.04097998
v 0.75960499 0.01795281 -0.07378580
v 0.80317527 0.02862257 -0.09842861
v 0.80409425 0.03545710 -0.09684630
v 0.79554826 0.03572439 -0.09585508
v 0.79511064 0.02833935 -0.10034899
v 0.84295648 0.02306441 -0.04433297
v 0.84434736 0.02774097 -0.04777242
v 0.83688098 0.02735910 -0.04827559
v 0.83521575 0.02269441 -0.04446987
v 0.81924123 0.02301866 -0.03486486
v 0.82008529 0.02062267 -0.04029225
v 0.81162912 0.02102380 -0.04141189
v 0.81030720 0.02309190 -0.03571306
v 0.81087470 0.02850702 -0.03197522
v 0.81979370 0.02851387 -0.03163077
v 0.82559496 0.04073046 -0.04698267
v 0.82667148 0.03336135 -0.05039837
v 0.83838803 0.03411729 -0.04914756
v 0.83825326 0.04017119 -0.04509331
v 0.74913156 0.05178549 -0.08089874
v 0.74555939 0.04820554 -0.08971085
v 0.75898820 0.04527134 -0.09226463
v 0.77230263 0.04240979 -0.09508970
v 0.78489399 0.03728636 -0.09711118
v 0.79033929 0.04376328 -0.08759433
v 0.75497448 0.04088065 -0.09954216
v 0.81379753 0.04021350 -0.05948767
v 0.81534410 0.03387860 -0.05810853
v 0.81519133 0.03998735 -0.05078701
v 0.75795788 0.01512919 -0.08126698
v 0.83370548 0.02830430 -0.03059216
v 0.72233790 0.05564500 -0.04193079
v 0.72249192 0.06115511 -0.05432094
v 0.73296899 0.05963020 -0.05480077
v 0.73151571 0.05299303 -0.04055965
v 0.83383203 0.02107182 -0.03913942
v 0.83343184 0.02282249 -0.03359316
v 0.80379570 0.02245524 -0.09936439
v 0.79758447 0.02020175 -0.10152031
v 0.79636079 0.01800918 -0.09622979
v 0.80360055 0.02071276 -0.09529610
v 0.74232382 0.04361885 -0.09688060
v 0.78392017 0.03508746 -0.10991892
v 0.78077883 0.02644857 -0.11571035
v 0.72705740 0.05701325 -0.07761230
v 0.73369235 0.05065101 -0.08792970
v 0.73677349 0.05474415 -0.07900641
v 0.79979104 0.04366287 -0.07646478
v 0.75306219 0.05428043 -0.07281344
v 0.74012816 0.05678799 -0.07079973
v 0.72927999 0.05938163 -0.06813370
v 0.72043461 0.06148642 -0.06715711
v 0.71866167 0.05873726 -0.07738345
v 0.84574556 0.03911905 -0.04418461
v 0.83737087 0.04176111 -0.03867140
v 0.70887887 0.06069872 -0.07781427
v 0.69727129 0.06268545 -0.07990360
v 0.71060348 0.06338347 -0.06711040
v 0.69868982 0.06490686 -0.06860506
v 0.74332237 0.05801218 -0.06170525
v 0.74555320 0.05695704 -0.05184460
v 0.75644094 0.05569738 -0.06394825
v 0.75989801 0.05510633 -0.05314092
v 0.80084521 0.04900241 -0.06618558
v 0.85079014 0.02814311 -0.04796281
v 0.86007595 0.02843233 -0.04771411
v 0.86082101 0.03305607 -0.04651399
v 0.85186458 0.03383860 -0.04719809
v 0.84553087 0.03382415 -0.04791842
v 0.85186386 0.03811274 -0.04365605
v 0.76262105 0.05129638 -0.04030182
v 0.81346476 0.02340806 -0.05938147
v 0.74582988 0.04956246 -0.03706553
v 0.76752174 0.04497733 -0.02664996
v 0.75596780 0.04311118 -0.02325387
v 0.72760034 0.04462701 -0.02960574
v 0.73779017 0.04143012 -0.02340339
v 0.71226346 0.04920669 -0.03484941
v 0.71987993 0.04700506 -0.03332044
v 0.70181614 0.05195228 -0.03539073
v 0.74844265 0.03763905 -0.01409431
v 0.85510814 0.02144598 -0.03537280
v 0.85584879 0.02059758 -0.04093840
v 0.70193094 0.06075207 -0.04377475
v 0.71343225 0.05771082 -0.04269386
v 0.76214373 0.00720163 -0.02304147
v 0.74949735 0.01640128 -0.07290070
v 0.74793047 0.01344268 -0.07859767
v 0.74488801 0.00983843 -0.08655971
v 0.74054897 0.01137296 -0.09766879
v 0.70056587 0.06555281 -0.05604392
v 0.68305695 0.01801706 -0.06290763
v 0.68293977 0.01819696 -0.07349115
v 0.68353587 0.06522451 -0.07094762
v 0.85560215 0.02525968 -0.03187507
v 0.81525385 0.02836677 -0.07910735
v 0.81365621 0.02937723 -0.08203541
v 0.75285035 0.00918098 -0.00330119
v 0.76014376 0.00940642 0.00169102
v 0.75109643 0.01713905 0.00051895
v 0.75357735 0.02646442 -0.00020661
v 0.76243681 0.02340738 0.00436832
v 0.76005822 0.01587481 0.00451523
v 0.73891824 0.01347231 -0.07175829
v 0.73829192 0.01168177 -0.07706229
v 0.73844737 0.02139078 -0.10528235
v 0.73923397 0.03403707 -0.10385361
v 0.81197900 0.03539732 -0.03119344
v 0.80420089 0.04250934 -0.03419892
v 0.81292218 0.04135964 -0.03475369
v 0.82390726 0.04338258 -0.04017684
v 0.81911480 0.03165256 -0.05274519
v 0.81688213 0.02888482 -0.05756355
v 0.73211753 0.00652048 -0.04906669
v 0.74494857 0.01142110 -0.05451011
v 0.77147156 0.01410720 -0.01920489
v 0.77360559 0.01522018 -0.01288560
v 0.79330099 0.01981626 -0.06863363
v 0.81265634 0.04207251 -0.07430261
v 0.81223089 0.04623858 -0.06644634
v 0.80244815 0.02062822 -0.06861586
v 0.85844392 0.03448264 -0.03287470
v 0.85702342 0.02973473 -0.03096045
v 0.81367618 0.04503961 -0.04186780
v 0.78763849 0.01649994 -0.08929713
v 0.80755401 0.03875260 -0.08156557
v 0.81467795 0.03568406 -0.07762432
v 0.77825707 0.01929401 -0.11426996
v 0.71274287 0.06301373 -0.05468386
v 0.85754865 0.02281849 -0.04591846
v 0.84912610 0.02298834 -0.04518412
v 0.86035991 0.03633307 -0.04326940
v 0.85918838 0.03720457 -0.03790439
v 0.72896004 0.02234624 -0.10144287
v 0.75101727 0.01801647 -0.06844194
v 0.68259186 0.02072282 -0.08310713
v 0.76644963 0.02938185 0.00035519
v 0.75760478 0.03388788 -0.00577606
v 0.81083041 0.02185074 -0.06872862
v 0.78957093 0.03313909 -0.10362978
v 0.80740291 0.04129365 -0.09129762
v 0.81193632 0.03955077 -0.08512297
v 0.79979289 0.04221940 -0.08944055
v 0.81504619 0.03443832 -0.08365544
v 0.86753523 0.03551281 -0.04332151
v 0.86639470 0.03634368 -0.03796115
v 0.86606634 0.03372474 -0.03279716
v 0.86397058 0.02892664 -0.03132392
v 0.86180466 0.02468535 -0.03257078
v 0.86781269 0.03223912 -0.04650155
v 0.86699378 0.02784603 -0.04764812
v 0.86375648 0.02278757 -0.04598276
v 0.87357336 0.03101392 -0.04679925
v 0.87481862 0.03419142 -0.04347531
v 0.87747008 0.03315920 -0.03521302
v 0.88136446 0.03214485 -0.03492912
v 0.87954724 0.03001187 -0.03260334
v 0.87400150 0.03265781 -0.03320202
v 0.88462150 0.02845523 -0.03362313
v 0.88607109 0.03122315 -0.03551320
v 0.87684876 0.03449984 -0.03826699
v 0.88171530 0.03388518 -0.03877505
v 0.88643241 0.03246849 -0.04327628
v 0.88679260 0.03316572 -0.03933277
v 0.88153565 0.03302595 -0.04272044
v 0.87764853 0.03400107 -0.04166593
v 0.87319410 0.03528516 -0.03807210
v 0.89087594 0.03196566 -0.03963123
v 0.89171523 0.02866818 -0.04013573
v 0.88898748 0.02790999 -0.03578817
v 0.88934499 0.03066571 -0.03631021
v 0.87045681 0.02811044 -0.03168269
v 0.87745738 0.02660379 -0.03253390
v 0.88322181 0.02515930 -0.03417660
v 0.88782239 0.02477011 -0.03666257
v 0.88240886 0.02237191 -0.03608214
v 0.87651855 0.02295115 -0.03422607
v 0.88626397 0.02241834 -0.03843562
v 0.88224179 0.02059315 -0.03888635
v 0.87640452 0.02023714 -0.03752069
v 0.86719060 0.02087242 -0.03621548
v 0.86802399 0.02410342 -0.03296882
v 0.88507396 0.02130889 -0.03988657
v 0.89041239 0.02564315 -0.04107255
v 0.88042033 0.03191322 -0.04554338
v 0.88588452 0.03057195 -0.04579594
v 0.87960076 0.02951324 -0.04727918
v 0.88514459 0.02807654 -0.04710083
v 0.89000696 0.03204149 -0.04317211
v 0.89027292 0.02972476 -0.04464955
v 0.86067289 0.02119352 -0.03604823
v 0.86159134 0.02077411 -0.04164451
v 0.86776781 0.02012498 -0.04178934
v 0.87672335 0.01946140 -0.04263635
v 0.86959487 0.02237056 -0.04610709
v 0.87250376 0.02693512 -0.04781645
v 0.87889063 0.02630134 -0.04775886
v 0.87756860 0.02227589 -0.04664923
v 0.88317311 0.02231839 -0.04596122
v 0.88411915 0.02510574 -0.04716352
v 0.88271737 0.02049740 -0.04268280
v 0.88752121 0.02424967 -0.04541354
v 0.88925105 0.02692042 -0.04539799
v 0.88592446 0.02259737 -0.04486325
v 0.88591355 0.02177102 -0.04238898
v 0.88821512 0.02332919 -0.04189460
v 0.84624517 0.02431317 -0.07307989
v 0.84676099 0.02546954 -0.06787784
v 0.85438472 0.02460250 -0.06950843
v 0.85403126 0.02348062 -0.07497597
v 0.84787327 0.03415802 -0.06309105
v 0.84796983 0.04011237 -0.06474227
v 0.85508102 0.03838180 -0.06560634
v 0.85506344 0.03235865 -0.06442077
v 0.84749842 0.04337094 -0.07055834
v 0.85452682 0.04145986 -0.07128168
v 0.82481784 0.03414946 -0.06062993
v 0.82480258 0.04064844 -0.06166446
v 0.83975303 0.04111991 -0.06345334
v 0.83965874 0.03483078 -0.06195356
v 0.82164001 0.02430636 -0.07565630
v 0.82321370 0.02875348 -0.07858001
v 0.84741193 0.02911161 -0.06468169
v 0.85485888 0.02760287 -0.06611925
v 0.84644312 0.02588551 -0.07787078
v 0.84690416 0.02991629 -0.08111194
v 0.83806562 0.02974318 -0.07978514
v 0.83749145 0.02559453 -0.07662389
v 0.82252377 0.02447939 -0.06322351
v 0.82140696 0.02298706 -0.06954110
v 0.82403910 0.02883407 -0.06097543
v 0.82438952 0.04222449 -0.07471313
v 0.82444108 0.03594973 -0.07846162
v 0.83884960 0.03573729 -0.08025117
v 0.83917332 0.04164885 -0.07684429
v 0.83895534 0.02944297 -0.06322210
v 0.83721447 0.02404907 -0.07148570
v 0.83805704 0.02521789 -0.06620243
v 0.84747422 0.04052609 -0.07767542
v 0.83918726 0.04431665 -0.06965058
v 0.85448998 0.02914623 -0.08251292
v 0.86494440 0.02907593 -0.08376091
v 0.86481559 0.03387957 -0.08223973
v 0.85474759 0.03419214 -0.08173107
v 0.84747565 0.03496976 -0.08100000
v 0.85455906 0.03918489 -0.07808353
v 0.86556375 0.02348043 -0.07198505
v 0.86534774 0.02289766 -0.07750146
v 0.86588955 0.02623629 -0.06836934
v 0.82439303 0.04539175 -0.06757692
v 0.86532331 0.03652673 -0.06737323
v 0.86573845 0.03060586 -0.06675625
v 0.86500615 0.02465659 -0.08196421
v 0.85413587 0.02505339 -0.07969669
v 0.86444306 0.03807309 -0.07877842
v 0.86424708 0.03988685 -0.07254683
v 0.87264621 0.03684311 -0.07982746
v 0.87248993 0.03848076 -0.07407129
v 0.87369806 0.03547757 -0.06905357
v 0.87328136 0.02985653 -0.06832308
v 0.87251389 0.02581370 -0.06992883
v 0.87279010 0.03332659 -0.08309886
v 0.87241334 0.02921036 -0.08462932
v 0.87147254 0.02477144 -0.08297348
v 0.87999052 0.03258711 -0.08468360
v 0.88114834 0.03595766 -0.08166490
v 0.88939780 0.03454214 -0.07430190
v 0.89481974 0.03419387 -0.07514003
v 0.89413780 0.03108581 -0.07372619
v 0.88838160 0.03236772 -0.07183169
v 0.88543862 0.03553937 -0.07394724
v 0.88221353 0.03469603 -0.07129952
v 0.88469654 0.03663023 -0.07694404
v 0.88949913 0.03660832 -0.07803198
v 0.89425057 0.03584934 -0.08334040
v 0.89530283 0.03677870 -0.07923501
v 0.88863409 0.03540451 -0.08177269
v 0.88471544 0.03585651 -0.08028186
v 0.89894551 0.03103521 -0.07668905
v 0.89879286 0.03391829 -0.07652327
v 0.88037324 0.03751097 -0.07588891
v 0.87965828 0.02967538 -0.06994335
v 0.88700581 0.02858735 -0.07163539
v 0.89339763 0.02768766 -0.07430246
v 0.89814639 0.02774115 -0.07778079
v 0.89266074 0.02467389 -0.07604674
v 0.88610876 0.02480455 -0.07353102
v 0.89654654 0.02541060 -0.07922406
v 0.89209229 0.02279199 -0.07914994
v 0.88551396 0.02202376 -0.07717127
v 0.87698746 0.02292781 -0.07508473
v 0.87802774 0.02557543 -0.07146142
v 0.89510566 0.02412719 -0.08050391
v 0.90124887 0.03277072 -0.08107278
v 0.90002537 0.02932301 -0.08200250
v 0.90056974 0.03628815 -0.08002222
v 0.88769269 0.03374099 -0.08369411
v 0.89371145 0.03346808 -0.08501438
v 0.88706040 0.03179874 -0.08596197
v 0.89341205 0.03138176 -0.08674871
v 0.89864588 0.03592553 -0.08381694
v 0.89883626 0.03356542 -0.08497323
v 0.87174970 0.02332016 -0.07353155
v 0.87126905 0.02289807 -0.07863668
v 0.87648672 0.02237485 -0.08019118
v 0.88507026 0.02184656 -0.08222783
v 0.87686402 0.02461458 -0.08427745
v 0.87875074 0.02887739 -0.08575772
v 0.88601911 0.02864826 -0.08684549
v 0.88511717 0.02472009 -0.08591291
v 0.89141667 0.02531916 -0.08632959
v 0.89242160 0.02855657 -0.08711576
v 0.89151430 0.02286019 -0.08325011
v 0.89660347 0.02804309 -0.08596043
v 0.89818770 0.03078634 -0.08575892
v 0.89482665 0.02581810 -0.08562212
v 0.89535522 0.02460429 -0.08317810
v 0.89796072 0.02663052 -0.08268074
v 0.83435023 0.02152759 -0.09772601
v 0.83651489 0.02438257 -0.09343943
v 0.84248042 0.02390279 -0.09529170
v 0.84054661 0.02092136 -0.09974802
v 0.83785003 0.03345536 -0.09108897
v 0.83640039 0.03768500 -0.09276413
v 0.84299672 0.03615018 -0.09513431
v 0.84381229 0.03265978 -0.09330186
v 0.83442223 0.03921672 -0.09808866
v 0.84167284 0.03764178 -0.09987924
v 0.82064098 0.03360721 -0.08611177
v 0.81907868 0.03916709 -0.08768976
v 0.82950616 0.03859090 -0.09061278
v 0.83130312 0.03367652 -0.08880094
v 0.83786571 0.02874490 -0.09151094
v 0.84367520 0.02831171 -0.09354202
v 0.83294129 0.02169627 -0.10226155
v 0.83246028 0.02428809 -0.10532384
v 0.82469571 0.02397903 -0.10303060
v 0.82516956 0.02165454 -0.09994425
v 0.81376791 0.02158970 -0.09188972
v 0.81676012 0.02392409 -0.08762515
v 0.81949061 0.02825272 -0.08614212
v 0.81355631 0.03601315 -0.09928733
v 0.81245410 0.02919142 -0.10050792
v 0.82481438 0.02936253 -0.10464352
v 0.82517207 0.03627441 -0.10242809
v 0.83120948 0.02869092 -0.08928032
v 0.82705712 0.02114545 -0.09549802
v 0.82952905 0.02403752 -0.09114190
v 0.83280927 0.03562687 -0.10401730
v 0.82692254 0.03998901 -0.09620530
v 0.83896959 0.02397103 -0.10760620
v 0.85024953 0.02458655 -0.11049452
v 0.85038060 0.02918166 -0.11031862
v 0.83905071 0.02922012 -0.10819044
v 0.83230036 0.02937384 -0.10671652
v 0.83993262 0.03483192 -0.10539861
v 0.85228217 0.02285844 -0.09843495
v 0.85083866 0.02045147 -0.10289999
v 0.85315037 0.02699159 -0.09659064
v 0.81614459 0.04075599 -0.09345493
v 0.81172991 0.02325718 -0.09967776
v 0.85330069 0.03416735 -0.09794191
v 0.85357559 0.03078403 -0.09638454
v 0.84999150 0.02106953 -0.10768468
v 0.83923697 0.02114459 -0.10451649
v 0.85085195 0.03383383 -0.10751665
v 0.85182649 0.03622974 -0.10228321
v 0.85815257 0.03308374 -0.10904405
v 0.85910064 0.03523044 -0.10387087
v 0.86078310 0.03330237 -0.09936332
v 0.86050856 0.02960030 -0.09809775
v 0.85947126 0.02595212 -0.09846638
v 0.85778409 0.02873144 -0.11173981
v 0.85756993 0.02471394 -0.11175635
v 0.85608983 0.02119625 -0.10902034
v 0.86314988 0.02811886 -0.11311236
v 0.86496037 0.03206169 -0.11019839
v 0.87410319 0.03123559 -0.10375573
v 0.87908059 0.03130926 -0.10488477
v 0.87918121 0.02959455 -0.10326035
v 0.87392557 0.03029982 -0.10169537
v 0.87020904 0.03233111 -0.10321749
v 0.86764216 0.03229511 -0.10108753
v 0.86882007 0.03331704 -0.10594591
v 0.87341124 0.03317215 -0.10728212
v 0.87637734 0.03123003 -0.11233217
v 0.87839037 0.03297298 -0.10857503
v 0.87156373 0.03121589 -0.11093859
v 0.86809158 0.03241975 -0.10927641
v 0.88285434 0.02960510 -0.10576306
v 0.88223708 0.03137550 -0.10634238
v 0.86520821 0.03390733 -0.10508045
v 0.86622036 0.02864957 -0.09930990
v 0.87286627 0.02740615 -0.10070626
v 0.87849879 0.02665392 -0.10280469
v 0.88207400 0.02635650 -0.10579685
v 0.87706202 0.02371620 -0.10373237
v 0.87140739 0.02402081 -0.10159445
v 0.88020456 0.02362648 -0.10642072
v 0.87567937 0.02148794 -0.10562549
v 0.86994499 0.02119707 -0.10362609
v 0.86275899 0.02200146 -0.10183851
v 0.86452043 0.02504933 -0.09985356
v 0.87843132 0.02220753 -0.10719987
v 0.88352060 0.02997278 -0.11024953
v 0.88268048 0.02638257 -0.11070463
v 0.88242710 0.03255295 -0.10970493
v 0.87003934 0.02987497 -0.11303761
v 0.87544715 0.02926552 -0.11412525
v 0.86896354 0.02708636 -0.11426570
v 0.87480688 0.02676071 -0.11498018
v 0.88008744 0.03147011 -0.11267226
v 0.88010263 0.02962779 -0.11369106
v 0.85780317 0.02259022 -0.10037097
v 0.85634804 0.02064453 -0.10443608
v 0.86138099 0.02022891 -0.10566022
v 0.86895275 0.01969322 -0.10765091
v 0.86099023 0.02094468 -0.11004404
v 0.86242890 0.02425586 -0.11269198
v 0.86846870 0.02408499 -0.11386736
v 0.86815298 0.02101642 -0.11169492
v 0.87380463 0.02150236 -0.11272880
v 0.87414765 0.02402081 -0.11448544
v 0.87467676 0.02042524 -0.10915351
v 0.87826669 0.02406072 -0.11359431
v 0.87940276 0.02683688 -0.11416973
v 0.87707078 0.02220058 -0.11250684
v 0.87825906 0.02194209 -0.10986868
v 0.88060027 0.02368414 -0.11033063
v 0.81191397 0.02176090 -0.09629392
v 0.80904961 0.01610601 -0.12164511
v 0.81125581 0.01828657 -0.11885681
v 0.81550217 0.01782723 -0.12206026
v 0.81317419 0.01554044 -0.12471367
v 0.81338137 0.02648640 -0.11748555
v 0.81192869 0.03023550 -0.11987112
v 0.81654948 0.02892522 -0.12336563
v 0.81787539 0.02557436 -0.12102358
v 0.80878967 0.03061881 -0.12456013
v 0.81371588 0.02915797 -0.12754872
v 0.79916292 0.02744075 -0.10741550
v 0.79649925 0.03210532 -0.10931176
v 0.80638391 0.03092252 -0.11602128
v 0.80801046 0.02693887 -0.11360694
v 0.79269153 0.01577702 -0.11606371
v 0.79062372 0.01791814 -0.11917127
v 0.78407347 0.01875291 -0.11576699
v 0.78531861 0.01610403 -0.11179866
v 0.81297964 0.02203030 -0.11735408
v 0.81725425 0.02146845 -0.12085792
v 0.80681324 0.01548128 -0.12483491
v 0.80500048 0.01713915 -0.12784712
v 0.79979092 0.01760371 -0.12463634
v 0.80186427 0.01557979 -0.12159053
v 0.79740977 0.01833827 -0.10881250
v 0.79526216 0.01585124 -0.11263387
v 0.78850824 0.01523630 -0.10790741
v 0.79234409 0.01674311 -0.10395463
v 0.79918617 0.02188229 -0.10743156
v 0.78929371 0.02766401 -0.11966930
v 0.78939402 0.02207699 -0.12054046
v 0.79899210 0.02181036 -0.12612772
v 0.80013406 0.02725015 -0.12495682
v 0.80790687 0.02236717 -0.11372948
v 0.80421036 0.01601489 -0.11824576
v 0.80643821 0.01850705 -0.11519664
v 0.80589813 0.02643192 -0.12825958
v 0.80292910 0.03162542 -0.12074050
v 0.80922896 0.01646406 -0.13124825
v 0.81558204 0.01582602 -0.13570744
v 0.81558061 0.01928012 -0.13678697
v 0.80890763 0.02048344 -0.13257810
v 0.80430973 0.02122205 -0.12949906
v 0.81057304 0.02542874 -0.13142319
v 0.82183075 0.01692168 -0.12638718
v 0.81904924 0.01461191 -0.12898910
v 0.82335836 0.02034585 -0.12535654
v 0.79224974 0.03357929 -0.11455049
v 0.82308203 0.02704359 -0.12777238
v 0.82414228 0.02392738 -0.12571441
v 0.81693202 0.01427536 -0.13258736
v 0.81096441 0.01497770 -0.12804355
v 0.81714272 0.02371849 -0.13552758
v 0.82004124 0.02729250 -0.13166551
v 0.82237166 0.02281961 -0.13874902
v 0.82505298 0.02646963 -0.13475716
v 0.82803172 0.02582950 -0.13071893
v 0.82855684 0.02296919 -0.12848331
v 0.82737958 0.01960630 -0.12812935
v 0.82068831 0.01847551 -0.13983679
v 0.82049251 0.01557909 -0.13825327
v 0.82124454 0.01439424 -0.13505974
v 0.82534444 0.01799249 -0.14209434
v 0.82778662 0.02231340 -0.14138873
v 0.83719331 0.02369727 -0.13700701
v 0.84052819 0.02331822 -0.13865186
v 0.84117615 0.02197015 -0.13734755
v 0.83759511 0.02300748 -0.13506411
v 0.83398747 0.02467192 -0.13602242
v 0.83272827 0.02466699 -0.13365346
v 0.83188844 0.02475523 -0.13833664
v 0.83541203 0.02458428 -0.14006573
v 0.83702731 0.02179000 -0.14513284
v 0.83900362 0.02452880 -0.14210987
v 0.83342195 0.02232464 -0.14333497
v 0.83079565 0.02329472 -0.14124186
v 0.84385705 0.02163239 -0.14024231
v 0.84292233 0.02338172 -0.14051560
v 0.82936084 0.02528036 -0.13695940
v 0.83252907 0.02215307 -0.13105647
v 0.83748400 0.02100293 -0.13370961
v 0.84169728 0.01982487 -0.13681756
v 0.84381783 0.01898510 -0.14031871
v 0.84032673 0.01753079 -0.13675392
v 0.83596039 0.01852452 -0.13338003
v 0.84221876 0.01692599 -0.13998847
v 0.83840448 0.01565995 -0.13725343
v 0.83388734 0.01595801 -0.13396916
v 0.82882494 0.01637724 -0.13105629
v 0.83103734 0.01930276 -0.13036597
v 0.84058118 0.01576982 -0.13956235
v 0.84329218 0.02118817 -0.14427048
v 0.84295279 0.01834926 -0.14372973
v 0.84212440 0.02386543 -0.14394414
v 0.83182806 0.02027256 -0.14452307
v 0.83634710 0.01956668 -0.14639911
v 0.83037442 0.01739789 -0.14434589
v 0.83584648 0.01699576 -0.14605156
v 0.83987284 0.02205877 -0.14596784
v 0.84029138 0.01996917 -0.14647232
v 0.82562327 0.01652846 -0.12909694
v 0.82306349 0.01460085 -0.13150603
v 0.82654399 0.01425319 -0.13346729
v 0.83172613 0.01382794 -0.13613036
v 0.82493883 0.01374400 -0.13705178
v 0.82449037 0.01508702 -0.14030023
v 0.82994616 0.01487249 -0.14275622
v 0.83033913 0.01326516 -0.13978446
v 0.83582163 0.01372572 -0.14188862
v 0.83559895 0.01493197 -0.14441898
v 0.83686823 0.01405067 -0.13902517
v 0.83967453 0.01575794 -0.14417079
v 0.84023827 0.01746880 -0.14572588
v 0.83893257 0.01474048 -0.14261499
v 0.84001082 0.01512279 -0.14114676
v 0.84172976 0.01641134 -0.14257209
v 0.78424287 0.02209846 -0.11749887
v 0.78170091 0.02359408 -0.00299951
v 0.77958113 0.02639631 0.00145455
v 0.77610528 0.00710308 -0.00136209
v 0.77994049 0.01244589 -0.00455635
v 0.77194476 0.00568348 0.00417115
v 0.77015996 0.01432481 0.01089201
v 0.77008319 0.00904956 0.00840785
v 0.78206706 0.01869088 -0.00513012
v 0.77608830 0.02661270 0.00669690
v 0.77198493 0.02136450 0.01066050
v 0.78385723 0.02497959 0.01347962
v 0.78054041 0.01963883 0.01765697
v 0.77804822 0.01225136 0.01839712
v 0.77740735 0.00677944 0.01453642
v 0.77810854 0.00397731 0.00921958
v 0.78681731 0.02554595 0.00692113
v 0.78797436 0.02280753 0.00174103
v 0.78713644 0.01705916 -0.00063664
v 0.79379553 0.02441895 0.01210621
v 0.79433542 0.02314255 0.02048101
v 0.79369682 0.01206527 0.03045943
v 0.79762727 0.01199644 0.03312086
v 0.79755610 0.00801451 0.03101342
v 0.79250550 0.00796829 0.02835001
v 0.79159719 0.01330357 0.02792992
v 0.78785133 0.01059662 0.02516428
v 0.79593104 0.01830809 0.03037521
v 0.79339695 0.01819083 0.02725473
v 0.79591686 0.02197833 0.02540552
v 0.79897070 0.02277972 0.02708728
v 0.79955786 0.01817047 0.03366832
v 0.80358863 0.01701058 0.03486751
v 0.80133313 0.01272310 0.03474435
v 0.80262291 0.01007794 0.03282225
v 0.79007971 0.01819333 0.02388524
v 0.78473920 0.00533936 0.02004438
v 0.79180014 0.00440180 0.02428688
v 0.00000327 0.10270911 -0.11704148
v 0.00000349 0.11444087 -0.11351289
v 0.79848182 0.00520542 0.02724982
v 0.80389118 0.00840845 0.02884026
v 0.79991019 0.00484969 0.02204273
v 0.79296929 0.00251276 0.01859797
v 0.80421948 0.00822223 0.02398081
v 0.80132991 0.00682246 0.01786993
v 0.79513776 0.00438217 0.01297367
v 0.78607076 0.00431173 0.00715215
v 0.78417540 0.00260806 0.01361434
v 0.80410504 0.00886049 0.02071001
v 0.80693173 0.01491279 0.03279096
v 0.80750388 0.01340892 0.02823989
v 0.80044210 0.02369969 0.02235581
v 0.80459309 0.02284631 0.02559031
v 0.80237275 0.02238016 0.02999398
v 0.80080593 0.02326159 0.01683665
v 0.80574822 0.02150265 0.02125644
v 0.80483210 0.02085407 0.03247193
v 0.80721653 0.02021903 0.02948214
v 0.78079641 0.00543230 0.00340429
v 0.78429651 0.01068150 -0.00009830
v 0.78945357 0.01014907 0.00363196
v 0.79763198 0.00991513 0.00952091
v 0.79255444 0.01664972 0.00317955
v 0.79400545 0.02232399 0.00641748
v 0.80118436 0.02083447 0.01231596
v 0.80005550 0.01598882 0.00931963
v 0.80463028 0.01521374 0.01543305
v 0.80569279 0.01873462 0.01758400
v 0.80300009 0.01078131 0.01578081
v 0.80737901 0.01607877 0.02143947
v 0.80818975 0.01833976 0.02527203
v 0.80614859 0.01441586 0.01915550
v 0.80542260 0.01162400 0.02007467
v 0.80673391 0.01231210 0.02367409
v 0.77944607 0.01466346 -0.10970333
v 0.78248751 0.01351071 -0.10424413
v 0.77490687 0.01297903 -0.10236564
v 0.76581424 0.01164322 -0.10052599
v 0.75621247 0.01332325 -0.10458181
v 0.76771414 0.01249478 -0.09385906
v 0.77689159 0.01369972 -0.09598070
v 0.78721827 0.01512134 -0.09785768
v 0.76204008 0.01352185 -0.08650794
v 0.01748981 0.08012247 0.05602820
v 0.01768537 0.06502459 0.06516261
v 0.31121123 0.04478638 -0.00217597
v 0.30934754 0.06267580 -0.00293682
v 0.30709371 0.09875648 -0.04723053
v 0.30391136 0.09839720 -0.07015556
v 0.06743018 -0.22947185 0.13086100
v 0.11760703 -0.18094762 -0.08812694
v 0.12084924 -0.16039224 -0.09386054
v 0.03973293 -0.16303697 -0.11923125
v 0.06091521 -0.16734099 -0.11819914
v 0.15076670 -0.19672267 0.03222298
v 0.15154508 -0.17588849 0.03012849
v 0.10837714 -0.20507546 0.09459732
v 0.11000694 -0.18164355 0.09257411
v 0.14044809 -0.22136769 0.05813480
v 0.08356978 -0.21614926 -0.10196251
v 0.10331044 -0.21778414 -0.09386973
v 0.10026900 -0.19714062 -0.09656738
v 0.08134538 -0.19436224 -0.10630032
v 0.01939676 -0.15925080 -0.11467759
v 0.01948506 -0.18489508 -0.10829234
v 0.15940964 -0.15389206 0.00139974
v 0.15952891 -0.15292832 -0.02698507
v 0.14194226 -0.14665419 -0.07810082
v 0.12644178 -0.14051008 -0.09773480
v 0.10774154 -0.13218482 -0.11173040
v 0.08678123 -0.12330595 -0.12177491
v 0.09427501 -0.15817557 0.10742790
v 0.07509077 -0.13451295 0.11578902
v 0.15254901 -0.15447102 0.02858793
v 0.02604938 -0.15752430 0.13527441
v 0.06829860 -0.08965468 -0.13320851
v 0.04298626 -0.08438712 -0.13571046
v 0.15351896 -0.15064119 -0.05390549
v 0.03390005 0.02283144 0.08662705
v 0.05281102 0.02632996 0.08588319
v 0.05162975 0.01066792 0.09434593
v 0.03315569 0.00646272 0.09404153
v 0.06950946 0.01266503 0.09281342
v 0.08663196 0.01350342 0.08963212
v 0.10252708 0.01336482 0.08534984
v 0.14100268 0.00740427 0.06922289
v 0.12966965 0.01036655 0.07503788
v 0.15880977 -0.00384605 0.05384374
v 0.15088202 0.00288938 0.06247896
v 0.16345610 -0.01446206 0.04236695
v 0.16484517 -0.02664081 0.02823311
v 0.17131416 -0.02604301 0.00767390
v 0.16765615 -0.03870796 0.01304438
v 0.16046733 -0.03934076 0.03509204
v 0.15772650 -0.02716695 0.04794493
v 0.15305780 -0.01725885 0.05924062
v 0.02069616 -0.06209664 0.10682406
v 0.01744773 -0.03686108 0.10253353
v 0.01634047 0.09438990 0.04734416
v 0.51348251 0.01895668 -0.10130359
v 0.64555526 0.05155687 -0.03619665
v 0.01762559 0.11707966 -0.11539041
v 0.03667901 0.12137444 -0.11802844
v 0.10120995 0.13371150 -0.10827102
v 0.11712059 0.14392139 -0.08954164
v 0.07939642 0.12428408 -0.11970885
v 0.05750282 0.11630666 -0.12379732
v 0.14106531 -0.13421042 0.05223879
v 0.03777875 0.08373111 -0.13075419
v 0.05871473 0.10422418 -0.12939899
v 0.08181707 0.11217126 -0.12616508
v 0.10656856 0.12186292 -0.11559132
v 0.13124605 0.13276264 -0.09602663
v 0.14974068 0.13027303 -0.08795978
v 0.17101875 0.11076476 -0.09242304
v 0.18951932 0.11253335 -0.08361534
v 0.19164953 0.12721518 -0.06746957
v 0.18251808 0.12706958 -0.07173757
v 0.17964666 0.11166140 -0.08729816
v 0.27195060 0.10221831 -0.07771918
v 0.29417661 0.08348735 -0.09165322
v 0.28636348 0.09477706 -0.08305908
v 0.29732096 0.06865666 -0.09825748
v 0.29833549 0.05716401 -0.10209034
v 0.29468700 0.04549065 -0.10386798
v 0.28459689 0.03559136 -0.10332680
v 0.24514106 0.01473730 -0.09274285
v 0.22756830 0.00767792 -0.08829790
v 0.19186412 -0.01867943 -0.09566580
v 0.18232650 -0.02519365 -0.09886000
v 0.15901363 -0.05165748 -0.10589481
v 0.14647515 -0.06326339 -0.10802727
v 0.00000417 0.15320429 -0.09880823
v 0.13412815 -0.07781281 -0.11240553
v 0.00000167 -0.05712334 -0.12997919
v 0.00000217 -0.03667977 -0.13221914
v -0.00000002 -0.13049601 -0.11463311
v 0.00000045 -0.10462936 -0.12110719
v 0.11886884 -0.31510806 -0.09592535
v 0.11529329 -0.29800728 -0.09163140
v 0.09570224 -0.29970556 -0.10131983
v -0.00000096 -0.28611773 -0.10098412
v -0.00000153 -0.26202473 -0.09616373
v -0.00000125 -0.20802261 -0.09620677
v -0.00000054 -0.18201207 -0.10149976
v 0.09964268 -0.31761670 -0.10724234
v 0.04618471 -0.26155159 -0.10267036
v 0.00000317 0.00061900 -0.13318966
v 0.00000341 0.01695688 -0.13206084
v 0.00000338 0.03277821 -0.13054705
v 0.02337234 -0.26222318 -0.10025469
v 0.15846358 -0.29764721 -0.03520556
v 0.16181540 -0.30144075 -0.00884695
v 0.13348718 -0.29620451 -0.07709786
v 0.14839487 -0.29608479 -0.05835782
v 0.15806164 -0.30779934 0.01752233
v 0.09944605 -0.34161228 0.09564855
v 0.07941677 -0.34773013 0.10938082
v 0.03844217 -0.35567769 0.12688062
v 0.01881297 -0.35832864 0.13041271
v 0.14869393 -0.31606576 0.04145196
v 0.05866837 -0.35236043 0.12005772
v 0.13521041 -0.32529652 0.06165886
v 0.11808126 -0.33411074 0.07960387
v 0.06839009 -0.26081547 -0.10253967
v 0.07152676 -0.28267214 -0.10353220
v 0.00000537 0.13913807 0.03339499
v 0.00000524 0.12972656 0.03226294
v 0.09261433 -0.28114486 -0.09969261
v 0.05890100 -0.01420006 -0.14588295
v 0.03770119 -0.01583710 -0.14208984
v 0.08039368 -0.01094711 -0.14713468
v 0.09814893 0.01227465 -0.14677958
v 0.10165722 -0.00561716 -0.14482740
v 0.12133697 0.00053335 -0.13962120
v 0.00000538 0.14839485 0.03578238
v 0.00000386 0.07867285 0.05660930
v 0.00000362 0.06340975 0.06612647
v 0.11800028 0.01800132 -0.14123073
v 0.00000299 -0.04080689 0.09986891
v 0.00000429 -0.06556056 0.10464587
v 0.00000436 0.09293885 0.04755720
v 0.00000468 -0.09093338 0.11280797
v 0.15310773 0.02810640 -0.12459622
v 0.15510173 0.01385667 -0.12396698
v 0.16846512 0.01821906 -0.11754575
v 0.16719648 0.03182933 -0.11819390
v 0.19180889 0.02490337 -0.10671271
v 0.18057427 0.02182396 -0.11180777
v 0.20385773 0.02888825 -0.10196527
v 0.22001442 0.03360439 -0.10216699
v 0.21610636 0.05968016 -0.10622235
v 0.20249891 0.05485140 -0.10756719
v 0.15347338 0.04364625 -0.12352570
v 0.13635600 0.04030538 -0.13198945
v 0.03542189 0.02059248 -0.14065963
v 0.01679573 0.01815400 -0.13543594
v 0.17273481 -0.04665335 -0.00444657
v 0.17790037 -0.05338070 -0.02382680
v 0.18153268 -0.05689926 -0.04304069
v 0.18129134 -0.05615529 -0.06066594
v 0.17933206 -0.05369928 -0.07730471
v 0.17408505 -0.04838582 -0.09146577
v 0.17429498 -0.03240645 -0.10136209
v 0.16724375 -0.04088751 -0.10362981
v 0.00000097 -0.48196900 -0.12296955
v 0.16912985 -0.02367673 -0.10995424
v 0.15986547 -0.03180213 -0.11377355
v 0.14473967 -0.00715150 -0.12805350
v 0.15222561 -0.02040096 -0.12184871
v 0.13918105 0.00750388 -0.13193080
v 0.13623852 0.02345532 -0.13313428
v 0.11724228 0.03604545 -0.14063707
v 0.09711669 0.03125733 -0.14636287
v 0.07799390 0.06365784 -0.14266063
v 0.07697693 0.04588789 -0.14625727
v 0.07625306 0.02710772 -0.14802293
v 0.07661203 0.00801191 -0.14839900
v 0.07845128 0.15913026 -0.08463601
v 0.05949946 0.15344681 -0.09557851
v 0.27645335 0.04114008 -0.10397177
v 0.28197277 0.04865615 -0.10410745
v 0.00000165 -0.43442979 -0.14629555
v 0.00000144 -0.41079673 -0.14792730
v 0.27190912 0.04920927 -0.10437747
v 0.27081198 0.04377957 -0.10427255
v 0.28386688 0.05762765 -0.10335191
v 0.28296962 0.06881473 -0.10082044
v 0.27079567 0.06737810 -0.10238680
v 0.27179837 0.05652966 -0.10425781
v 0.27997085 0.08116005 -0.09607664
v 0.26776457 0.07836711 -0.09882093
v 0.27370736 0.09119248 -0.09050591
v 0.26431650 0.09756245 -0.08642507
v 0.25974557 0.09320371 -0.09093864
v 0.26365513 0.08754915 -0.09475055
v 0.22682871 0.08946124 -0.09720519
v 0.23918757 0.09132064 -0.09414813
v 0.25119561 0.09247428 -0.09192216
v 0.23589689 0.04016572 -0.10345066
v 0.24925825 0.04834996 -0.10467593
v 0.26075265 0.05418697 -0.10473189
v 0.25918189 0.06455354 -0.10383519
v 0.24707603 0.05845844 -0.10462407
v 0.00000161 -0.45460469 -0.14047609
v 0.23356740 0.05101704 -0.10496710
v 0.05537392 0.00540263 -0.14623554
v 0.03529298 0.00334881 -0.14147753
v 0.00000098 -0.48122367 0.12177709
v 0.00000080 -0.49909246 0.11868700
v 0.19000131 0.03728823 -0.10808985
v 0.00000033 -0.51504368 0.11122194
v 0.00000009 -0.52927065 0.10082445
v 0.17954448 0.03483809 -0.11285807
v 0.20242637 0.04047761 -0.10530874
v 0.21803908 0.04542915 -0.10507543
v 0.19055407 0.05148673 -0.10936540
v 0.17947586 0.04891282 -0.11278839
v 0.16741590 0.04647150 -0.11754322
v 0.05550643 0.02367432 -0.14555389
v 0.01685629 0.00146630 -0.13650049
v 0.00000056 -0.36297321 -0.13804765
v 0.00000028 -0.34077463 -0.12926884
v 0.00000092 -0.38248944 0.12496231
v 0.00000443 0.15745239 0.03861935
v 0.00000117 0.20332120 -0.07662414
v 0.00000503 0.12020523 0.03303749
v 0.00000458 0.11102754 0.03642209
v -0.00000049 -0.53076470 -0.01258762
v 0.00000448 0.10125858 0.04226728
v -0.00000033 -0.53005791 -0.02543662
v -0.00000032 -0.15628289 -0.10776503
v 0.19330285 0.09381747 0.02143893
v 0.19401047 0.11982749 0.00538589
v 0.19645938 0.13516387 -0.01861286
v 0.19516324 0.13667282 -0.04506554
v 0.43912065 -0.00687563 -0.05992941
v 0.02022470 -0.21025395 -0.10263763
v 0.02160153 -0.23597549 -0.09938493
v 0.04336682 -0.23671889 -0.10242742
v 0.02030816 -0.08161698 -0.13165824
v 0.01806124 -0.01712914 -0.13728780
v 0.11095110 -0.01721693 0.09565811
v 0.09824519 -0.01620505 0.10043684
v 0.10002726 -0.00147199 0.09366553
v 0.11351500 -0.00255386 0.08860353
v 0.13207377 -0.02050889 0.08240518
v 0.12225873 -0.01861260 0.08945520
v 0.12564896 -0.00429545 0.08264765
v 0.13626248 -0.00687322 0.07595032
v 0.14065424 -0.02417531 0.07450961
v 0.14548810 -0.01089544 0.06839362
v 0.11966224 -0.03360528 0.09520686
v 0.10889538 -0.03250366 0.10135430
v 0.09666349 -0.03141129 0.10533106
v 0.13627931 -0.03716684 0.08011755
v 0.12864865 -0.03492303 0.08795905
v 0.01137564 0.16044235 0.03748148
v 0.01481207 0.11516778 0.03600111
v 0.01425647 0.12423736 0.03333533
v 0.01607890 -0.01642545 0.09738529
v 0.01589344 0.01774420 0.08567500
v 0.01629229 0.03335065 0.07961878
v 0.01694722 0.04927082 0.07308322
v 0.01580778 0.10514580 0.04082286
v 0.01578473 0.00113369 0.09177177
v 0.16076951 -0.48732880 -0.07567140
v 0.14245555 -0.50396711 -0.09561694
v 0.14930877 -0.47680029 -0.09315735
v 0.13563690 -0.48948213 -0.10668521
v 0.16126463 -0.40652147 -0.06963932
v 0.15945485 -0.43345630 -0.07543032
v 0.16252658 -0.37837657 -0.06608995
v 0.11616999 -0.49737120 -0.11935181
v 0.09153974 -0.50027502 -0.12862736
v 0.09003756 -0.48071101 -0.13683756
v 0.14704587 -0.38083762 -0.09122841
v 0.14674951 -0.40789184 -0.09435166
v 0.15611257 -0.45756641 -0.08330519
v 0.14419642 -0.45608521 -0.10116863
v 0.14204460 -0.47090831 -0.10300763
v 0.11389036 -0.47951797 -0.12677711
v 0.13139267 -0.47608629 -0.11377101
v 0.03256232 -0.34156662 -0.12930465
v 0.06050806 -0.34109953 -0.12772833
v 0.05727935 -0.32125139 -0.11828674
v 0.12360648 -0.33479685 -0.10187595
v 0.13641268 -0.31303972 -0.07974621
v 0.13035724 -0.45805058 -0.11703626
v 0.11227860 -0.45877492 -0.13158508
v 0.08809448 -0.45861128 -0.14266932
v 0.08724413 -0.38413867 -0.13875327
v 0.08677971 -0.40838942 -0.14376290
v 0.10966989 -0.40941694 -0.13246705
v 0.10980443 -0.38383904 -0.12772310
v 0.12744676 -0.35729253 -0.10773332
v 0.12940833 -0.38308403 -0.11200351
v 0.08635120 -0.36059436 -0.13161753
v 0.10797068 -0.35904449 -0.12175030
v 0.10422140 -0.33700389 -0.11449097
v 0.12983504 -0.40976000 -0.11564161
v 0.05888739 -0.43373793 -0.15097825
v 0.08690099 -0.43409121 -0.14531836
v 0.02985104 -0.43329436 -0.14943801
v 0.08360395 -0.33889794 -0.12296013
v 0.07954694 -0.31945363 -0.11406049
v 0.07507013 -0.30110994 -0.10661895
v 0.06534247 -0.23736550 -0.10210107
v 0.11670811 -0.73562473 0.06479818
v -0.00036910 -0.55110657 0.01484991
v -0.00050209 -0.54151446 -0.01238807
v 0.17778847 -0.45762369 0.04346199
v 0.18001089 -0.47091860 -0.03122964
v 0.16853869 -0.46267742 -0.05970066
v 0.02903751 -0.55264485 0.07821885
v 0.01239293 -0.55784762 0.05753605
v 0.15991451 -0.46874905 0.07101478
v 0.10797972 -0.52159101 0.10039543
v 0.00286623 -0.55689889 0.03662886
v 0.14615184 -0.43353724 -0.09779464
v 0.13038141 -0.43554169 -0.11728919
v 0.11096498 -0.43516016 -0.13355407
v 0.05951009 -0.45738307 -0.14779225
v 0.02944753 -0.45540714 -0.14586675
v 0.02044742 -0.50436562 0.11558954
v 0.01639124 -0.49314332 0.11913690
v 0.00852380 -0.49656707 0.11910625
v 0.00885902 -0.51265532 0.11269255
v 0.09814374 -0.36194870 0.09358019
v 0.07681229 -0.36863053 0.10575801
v 0.03584680 -0.37751979 0.12095438
v 0.01726048 -0.38042751 0.12423529
v 0.15218695 -0.33463457 0.04211894
v 0.05567032 -0.37379700 0.11496708
v 0.13821648 -0.34457523 0.06221172
v 0.11892820 -0.35393283 0.07916641
v 0.07246149 -1.18895805 -0.05249713
v 0.07159691 -1.21925342 -0.04808078
v 0.07298033 -1.21744955 -0.06376118
v 0.07068486 -1.18669796 -0.06795299
v 0.08715405 -1.18238509 -0.09638424
v 0.07572491 -1.18427122 -0.08859681
v 0.10195569 -1.18226063 -0.09798390
v 0.09877435 -1.21361983 -0.09754542
v 0.11011153 -1.21434450 -0.08976875
v 0.11540755 -1.18357646 -0.09244973
v 0.12448727 -1.18474913 -0.08298001
v 0.12685364 -1.21668446 -0.05093171
v 0.13303994 -1.18759739 -0.05125858
v 0.13077275 -1.18584943 -0.07104483
v 0.12624098 -1.21624935 -0.06993690
v 0.12690473 -1.19153988 -0.03090095
v 0.12142796 -1.21948493 -0.03077399
v 0.11137860 -1.19454825 -0.02015733
v 0.07722402 -1.19233608 -0.03668446
v 0.07467405 -1.22142255 -0.03085774
v 0.08521479 -1.21376359 -0.09667533
v 0.07581684 -1.21547890 -0.08669785
v 0.07086529 -1.18572962 -0.07879392
v 0.07439781 -1.21638644 -0.07504340
v 0.06959613 -1.24811757 -0.05940694
v 0.06218445 -1.24876547 -0.04233240
v 0.08317870 -1.24437308 -0.09727838
v 0.07803771 -1.24603331 -0.08357007
v 0.10451750 -1.24489737 -0.08721112
v 0.09550378 -1.24395680 -0.09921846
v 0.12621625 -1.24551189 -0.06945422
v 0.11939590 -1.21521783 -0.08072743
v 0.11660673 -1.24501646 -0.07888677
v 0.12685610 -1.24533021 -0.05074287
v 0.12099656 -1.24673164 -0.02671632
v 0.06864616 -1.24830151 -0.02333544
v 0.07444554 -1.24755895 -0.07167093
v 0.12365013 -1.33395779 0.13758470
v 0.12833567 -1.33386147 0.13670738
v 0.12983793 -1.33860326 0.13750494
v 0.12262484 -1.33939672 0.13886113
v 0.07608414 -1.32983136 0.14992334
v 0.08509494 -1.32791960 0.15208004
v 0.08745340 -1.33752120 0.15033124
v 0.07509372 -1.34027421 0.14791939
v 0.11306017 -1.34305429 0.14484930
v 0.10793526 -1.34300900 0.14524925
v 0.10672301 -1.33901083 0.14895059
v 0.11521214 -1.33891189 0.14836268
v 0.15593198 -1.34024191 0.10094445
v 0.15166309 -1.34054530 0.10236251
v 0.15130973 -1.33577788 0.10485283
v 0.15700628 -1.33605063 0.10223209
v 0.14289817 -1.34314084 0.11997981
v 0.13881634 -1.34388208 0.12136312
v 0.13837063 -1.33903265 0.12440383
v 0.14455092 -1.33935773 0.12182520
v 0.08820596 -1.32418060 0.12691468
v 0.08765467 -1.32459986 0.14215806
v 0.07402369 -1.32766593 0.13958992
v 0.07278317 -1.32322323 0.12423786
v 0.06726746 -1.33763468 0.13572800
v 0.07562667 -1.34340286 0.13310733
v 0.07460190 -1.34417820 0.11783601
v 0.06622994 -1.33538938 0.11901656
v 0.08873497 -1.34334791 0.13549682
v 0.08889082 -1.34341276 0.12146537
v 0.09583686 -1.33417416 0.12610668
v 0.09734262 -1.33393025 0.14132239
v 0.11663771 -1.33402824 0.12673987
v 0.12001064 -1.33627415 0.13962385
v 0.11341064 -1.33014786 0.14080314
v 0.11141913 -1.32610071 0.12762594
v 0.10484944 -1.33056521 0.14186375
v 0.09990720 -1.32691109 0.12915722
v 0.09665904 -1.33700931 0.12814409
v 0.09903364 -1.33777618 0.14198789
v 0.10487252 -1.34341657 0.13825062
v 0.10189521 -1.34268320 0.12454575
v 0.11158635 -1.34159851 0.12400591
v 0.11433660 -1.34323180 0.13719578
v 0.12169631 -1.33232558 0.13145736
v 0.11908860 -1.32781839 0.12164532
v 0.12989855 -1.32649779 0.11936519
v 0.12946917 -1.33171320 0.13054813
v 0.12135221 -1.34265888 0.11914489
v 0.11591873 -1.33778715 0.12184487
v 0.11747890 -1.33996189 0.13173258
v 0.12293936 -1.34402764 0.13005963
v 0.13069743 -1.34371829 0.12930720
v 0.13079837 -1.34148836 0.11778028
v 0.13489920 -1.33385849 0.11931333
v 0.13478042 -1.33740425 0.13037497
v 0.14533217 -1.33190095 0.11576954
v 0.14663166 -1.32639849 0.10551326
v 0.15026262 -1.33387792 0.10454942
v 0.14849992 -1.33802474 0.11452778
v 0.13836955 -1.32723713 0.10934432
v 0.13910490 -1.33145928 0.11761992
v 0.13799201 -1.34182131 0.10767073
v 0.13522980 -1.33398545 0.11128243
v 0.13444994 -1.33661413 0.11837868
v 0.13708569 -1.34389377 0.11598594
v 0.14467123 -1.34398019 0.11418571
v 0.14617659 -1.34177494 0.10401993
v 0.16069397 -1.33520627 0.09522472
v 0.15877530 -1.32921767 0.09676941
v 0.16037579 -1.32612848 0.08770633
v 0.16154227 -1.33357477 0.08476873
v 0.15348162 -1.32578933 0.09274299
v 0.15273243 -1.32856536 0.09919505
v 0.15112281 -1.34023476 0.09096303
v 0.15071186 -1.33237755 0.09422442
v 0.14892146 -1.33407056 0.09935614
v 0.15009093 -1.34118354 0.09731495
v 0.15723106 -1.34128177 0.09516624
v 0.15760121 -1.33965933 0.08643456
v 0.07347386 -1.31988442 0.10909803
v 0.09273773 -1.32387471 0.11205890
v 0.07822708 -1.34273160 0.14298433
v 0.06747624 -1.33401775 0.10365318
v 0.08547431 -1.34244204 0.14418966
v 0.09399278 -1.34316134 0.10807725
v 0.07621712 -1.34312165 0.10250784
v 0.09518384 -1.33464408 0.11899175
v 0.11318456 -1.33337462 0.14776677
v 0.11466241 -1.33503449 0.11648386
v 0.11499067 -1.34261930 0.10663017
v 0.10805975 -1.33353233 0.14821506
v 0.11289330 -1.32374763 0.10995654
v 0.13175385 -1.32461143 0.10072562
v 0.12463883 -1.34356642 0.13612127
v 0.12879716 -1.34320521 0.13570648
v 0.13416700 -1.34237671 0.09954420
v 0.13534768 -1.33271110 0.10933383
v 0.14370693 -1.33485532 0.12139975
v 0.15135111 -1.33187234 0.09453081
v 0.14911984 -1.34142721 0.08772480
v 0.14010108 -1.33446062 0.12241995
v 0.14884910 -1.32322121 0.08852232
v 0.15594578 -1.33224428 0.10128899
v 0.15885380 -1.34052837 0.07523442
v 0.16349214 -1.33250833 0.07189688
v 0.15301196 -1.33150804 0.10310333
v 0.16055121 -1.32357216 0.07646623
v 0.08529490 -1.19503415 -0.02458718
v 0.08331957 -1.22267067 -0.01902185
v 0.09672412 -1.19602084 -0.01883200
v 0.10811943 -1.22215199 -0.01802498
v 0.09516042 -1.22325897 -0.01452419
v 0.08038887 -1.24850702 -0.00993840
v 0.10718423 -1.24867797 -0.01206800
v 0.09348260 -1.24805474 -0.00600010
v 0.12800039 -1.26768339 -0.07209678
v 0.13055681 -1.26857674 -0.05342479
v 0.11394618 -1.26725900 -0.08117616
v 0.09484448 -1.26655710 -0.10311267
v 0.10342651 -1.26704562 -0.09138285
v 0.07870810 -1.26803899 0.00141437
v 0.06824419 -1.27083445 -0.01722846
v 0.09382197 -1.26572216 0.00732805
v 0.11006754 -1.26699483 -0.00118688
v 0.06955815 -1.31473958 0.09148402
v 0.07014039 -1.31371415 0.06942417
v 0.08523086 -1.30253518 0.07277346
v 0.08932666 -1.31238317 0.09280661
v 0.10519577 -1.30314910 0.06889673
v 0.10877398 -1.31536078 0.08886993
v 0.12317372 -1.30712402 0.06064882
v 0.12719044 -1.31701863 0.08090013
v 0.13939062 -1.31122851 0.05069425
v 0.14439084 -1.31813955 0.07044644
v 0.15324926 -1.31750846 0.04044029
v 0.15858518 -1.32094896 0.06060940
v 0.16173327 -1.32770181 0.03498860
v 0.16538568 -1.33057976 0.05562650
v 0.06396099 -1.33275735 0.08568415
v 0.06572014 -1.33065581 0.06354013
v 0.07547331 -1.34521854 0.08281127
v 0.07651350 -1.34471571 0.06081344
v 0.09416214 -1.34541273 0.08173579
v 0.09412715 -1.34543324 0.05911085
v 0.15794447 -1.34065545 0.03697243
v 0.15985620 -1.34219134 0.05841671
v 0.11402754 -1.34423923 0.07744955
v 0.11324429 -1.34355772 0.05459664
v 0.13213909 -1.34499216 0.07121551
v 0.13081400 -1.34417403 0.04839795
v 0.14742537 -1.34485853 0.06433184
v 0.14585878 -1.34428668 0.04194187
v 0.08061095 -1.29492116 0.04897166
v 0.10061076 -1.28930032 0.04751265
v 0.00000509 0.16829927 -0.09105244
v 0.00000308 0.09007605 -0.12033129
v 0.11810979 -1.29413092 0.03801850
v 0.13349849 -1.30164897 0.02675032
v 0.14576872 -1.31270754 0.01632802
v 0.15629618 -1.32371950 0.01122812
v 0.13215193 -1.28865814 -0.00254300
v 0.13963541 -1.30965960 -0.01077698
v 0.14750880 -1.32282555 -0.01308730
v 0.13479680 -1.30795443 -0.03780289
v 0.14018837 -1.32166564 -0.03816077
v 0.00000115 -0.47031263 -0.13226412
v 0.00000371 0.04793844 -0.12846510
v 0.12491978 -1.30803847 -0.08126880
v 0.00000092 -0.38657680 -0.14453672
v 0.00000354 0.04714566 0.07356390
v 0.00000293 0.03047828 0.07952203
v 0.00000277 0.01501014 0.08472707
v 0.00000234 -0.00175042 0.09000754
v 0.00000132 -0.28880492 0.13934474
v 0.00000226 -0.27251348 0.13914692
v -0.00000169 -0.23493409 -0.09359443
v 0.00000142 -0.33965722 0.13614564
v 0.00000222 -0.25549847 0.14540426
v 0.00000106 -0.07986860 -0.12631340
v 0.00000228 -0.01926566 0.09478442
v 0.00000114 -0.36044300 0.13093962
v 0.00000267 -0.01735296 -0.13343446
v 0.00000292 -0.23117881 0.14635274
v 0.00000103 -0.45929664 0.12087731
v 0.00000457 -0.15915592 0.13547730
v -0.02281810 0.16334739 0.03304858
v -0.03409314 0.16794695 0.02657958
v -0.03551378 0.15993744 0.02512724
v -0.02394984 0.15541361 0.03099831
v -0.06153947 0.17939451 -0.02692578
v -0.06050849 0.18723394 -0.02010555
v -0.05720517 0.19270104 -0.03677483
v -0.05934086 0.18429060 -0.04297958
v -0.05037853 0.19559027 -0.05169661
v -0.05321540 0.18705493 -0.05695831
v -0.04235231 0.18741266 -0.06752034
v -0.04066104 0.19737324 -0.06294930
v -0.02888026 0.19526145 -0.07146514
v -0.03163616 0.18473399 -0.07500800
v -0.04530976 0.17302641 0.01785550
v -0.05481819 0.17841333 0.00603739
v -0.05308611 0.16819291 0.00837282
v -0.04420711 0.16542026 0.01850539
v -0.06000661 0.18426037 -0.00645507
v -0.06063601 0.17462063 -0.00810064
v -0.01642772 0.18571414 -0.07896245
v -0.01470875 0.19927379 -0.07539128
v -0.02742456 0.13682459 0.02873538
v -0.01370048 0.13366643 0.03240938
v -0.01294848 0.14302078 0.03302714
v -0.02579443 0.14625499 0.02953442
v -0.06074207 0.14000954 0.00568788
v -0.07551610 0.14791611 -0.01270879
v -0.08068566 0.13786398 -0.00537613
v -0.06562527 0.12899099 0.01115403
v -0.07637712 0.10945661 0.02956190
v -0.10139242 0.11681115 0.01159215
v -0.09898376 0.09722250 0.03296128
v -0.07762484 0.09243240 0.04087936
v -0.09685743 0.07909960 0.04731546
v -0.07716036 0.07561526 0.05223465
v -0.08908353 0.02895321 0.08012579
v -0.07133125 0.02801446 0.08352680
v -0.07344443 0.04359496 0.07345674
v -0.09178110 0.04513417 0.07013588
v -0.09981522 -0.06645151 0.10179245
v -0.08677220 -0.06283744 0.10724507
v -0.09378603 -0.04703887 0.10739444
v -0.10563089 -0.04912633 0.10375101
v -0.16603142 0.04668425 0.04624178
v -0.16841687 0.06453495 0.03815191
v -0.18247198 0.05163775 0.03769789
v -0.17784002 0.03357558 0.04290722
v -0.11657907 0.14991234 -0.03949021
v -0.11114407 0.13587451 -0.01499867
v -0.09849346 0.14106882 -0.02046091
v -0.10364109 0.15390056 -0.04199185
v -0.15223342 -0.04002660 0.05539665
v -0.14603925 -0.05151298 0.06388326
v -0.14227271 -0.04195222 0.07180548
v -0.14769597 -0.03055989 0.06522011
v -0.12649499 -0.15751070 0.07266042
v -0.11098637 -0.15836295 0.09079680
v -0.11154706 -0.13668346 0.08940787
v -0.12665294 -0.13609423 0.07242791
v -0.16469839 -0.11478478 -0.00236133
v -0.16631880 -0.11708133 -0.03057542
v -0.16284330 -0.13431469 -0.02876407
v -0.16185525 -0.13393903 -0.00033600
v -0.12072431 0.02810772 0.07146451
v -0.10566916 0.02908826 0.07597216
v -0.10900131 0.04560297 0.06629495
v -0.12452284 0.04484909 0.06226609
v -0.35755518 0.05764982 -0.00626873
v -0.35957065 0.03979938 -0.00541666
v -0.33491966 0.04235481 -0.00356207
v -0.33299708 0.06017614 -0.00464907
v -0.15871823 -0.23243234 0.01104286
v -0.15790971 -0.22835177 -0.01584333
v -0.16212028 -0.24725099 -0.01459590
v -0.16171962 -0.25215566 0.01337799
v -0.20763366 0.11102811 0.00632156
v -0.20757723 0.12876390 -0.01612980
v -0.22036135 0.12258764 -0.01501360
v -0.22203319 0.10353063 0.00530760
v -0.15691921 0.01684948 0.05719379
v -0.16204482 0.03148579 0.05243110
v -0.17136595 0.02006773 0.04653004
v -0.16517013 0.00788324 0.04968702
v -0.17354894 -0.08535417 -0.03596241
v -0.17185287 -0.08237316 -0.01319048
v -0.17496258 -0.06617247 -0.01933375
v -0.17758951 -0.06936462 -0.03972702
v -0.16835383 -0.09874834 -0.00745467
v -0.16985624 -0.10156600 -0.03292324
v -0.14630146 0.02280899 0.06245327
v -0.13422732 0.02611125 0.06698622
v -0.13830750 0.04313617 0.05864530
v -0.15026215 0.03986262 0.05561513
v -0.09478368 -0.08198472 0.09971621
v -0.07882120 -0.07739006 0.10658556
v -0.15387173 -0.25802732 0.04003188
v -0.14059865 -0.26441535 0.06304502
v -0.14059421 -0.24248251 0.06063652
v -0.15251625 -0.23719880 0.03733689
v -0.09464613 -0.11622453 0.10068913
v -0.09332958 -0.09768958 0.09938505
v -0.10862932 -0.09889925 0.08906503
v -0.11085018 -0.11723004 0.08835518
v -0.12350643 -0.27009729 0.08274281
v -0.10492196 -0.27477011 0.10084680
v -0.10556818 -0.25065804 0.09884999
v -0.12429430 -0.24722937 0.08077376
v -0.09449331 0.06174826 0.05925743
v -0.07549143 0.05930845 0.06298894
v -0.12180669 -0.06700097 0.08773343
v -0.11159281 -0.06736938 0.09520818
v -0.11659572 -0.05008237 0.09782591
v -0.12541862 -0.05050465 0.09020764
v -0.18507533 0.01726893 0.03408645
v -0.19667828 0.03341712 0.03018287
v -0.19289258 0.00862543 0.01474800
v -0.18381113 0.00162460 0.01921698
v -0.16466500 -0.26617181 -0.01246960
v -0.16280839 -0.27195215 0.01573391
v -0.12223712 -0.29331961 0.08346214
v -0.10384595 -0.29896793 0.10092592
v -0.21170586 -0.01532661 -0.03965336
v -0.22340743 -0.00789542 -0.04290456
v -0.22626449 -0.01022204 -0.05625665
v -0.21622451 -0.01693560 -0.05428601
v -0.05435019 -0.04529960 0.11209285
v -0.06950349 -0.03623953 0.11113520
v -0.07531648 -0.05281438 0.11109842
v -0.06357326 -0.06562980 0.11087397
v -0.11987356 -0.08290449 0.08276903
v -0.12157868 -0.09813211 0.07778279
v -0.10826787 -0.08325832 0.09160628
v -0.03852361 -0.05576634 0.11007501
v -0.05009812 -0.08313339 0.11119259
v -0.05587312 0.05652655 0.06694180
v -0.05433923 0.04149868 0.07652830
v -0.05683038 0.07161102 0.05750589
v -0.03664408 0.06824537 0.06230280
v -0.03589614 0.08325862 0.05353345
v -0.05620072 0.08711748 0.04804960
v -0.03399140 0.09808646 0.04578396
v -0.05416121 0.10257816 0.03961445
v -0.04426513 0.13136135 0.01940617
v -0.04767261 0.12218454 0.02374582
v -0.17648397 0.00671970 0.03655909
v -0.16954932 -0.00319163 0.03893773
v -0.13968842 -0.28668508 0.06425390
v -0.12291358 0.07242882 -0.13235401
v -0.11931019 0.05423425 -0.13744831
v -0.13879795 0.05733876 -0.12889570
v -0.14262062 0.07486689 -0.12419067
v -0.12749745 0.14981839 -0.03801216
v -0.12574491 0.13669723 -0.01280173
v -0.18922812 -0.01058472 -0.10149746
v -0.20108519 -0.00590508 -0.09678933
v -0.19940789 0.00260657 -0.10065156
v -0.18661477 -0.00135712 -0.10585609
v -0.22829744 0.00087847 -0.08295325
v -0.22851416 -0.00535842 -0.07655771
v -0.24843562 0.00139994 -0.07976627
v -0.24689350 0.00848716 -0.08694030
v -0.15552408 -0.24346443 -0.04038032
v -0.15069628 -0.22493571 -0.04121263
v -0.14039786 -0.10429549 -0.09921794
v -0.15347864 -0.11173454 -0.07914708
v -0.15980408 -0.09466883 -0.07800265
v -0.14888841 -0.08719891 -0.09622338
v -0.01759503 0.04960196 -0.13195188
v -0.01710406 0.03408931 -0.13388552
v -0.03629256 0.03714184 -0.13932049
v -0.03704568 0.05325622 -0.13719654
v -0.08053132 0.08074815 -0.13818811
v -0.08223925 0.09704316 -0.13275498
v -0.05798285 0.09014529 -0.13418360
v -0.05771447 0.07462905 -0.13837582
v -0.10102586 0.06842706 -0.13910913
v -0.09778956 0.05014717 -0.14352804
v -0.17768660 -0.06913111 -0.05933106
v -0.17157561 -0.08359414 -0.05746612
v -0.18954423 -0.03909884 -0.04811951
v -0.19067585 -0.03914406 -0.06483295
v -0.18631551 -0.04695809 -0.06341575
v -0.18566114 -0.04658062 -0.04594241
v -0.09526587 0.15913236 -0.04704598
v -0.09034050 0.16360357 -0.06552052
v -0.10147926 0.16003229 -0.06387498
v -0.05385900 0.14212088 -0.10604065
v -0.05366635 0.13508882 -0.11159164
v -0.06759237 0.14052552 -0.10693271
v -0.06386620 0.14643757 -0.10190758
v -0.04124631 -0.03649301 -0.14153498
v -0.01956162 -0.03702234 -0.13693765
v -0.02049647 -0.05824437 -0.13514908
v -0.04430993 -0.05941024 -0.13966365
v -0.20375484 -0.01912487 -0.08584104
v -0.19367662 -0.02490128 -0.08864052
v -0.19566408 -0.03003298 -0.07888879
v -0.20437618 -0.02445309 -0.07729242
v -0.18378140 -0.04426510 -0.07810061
v -0.18906759 -0.03639425 -0.07877336
v -0.18591511 -0.03154312 -0.09005746
v -0.17937070 -0.03919643 -0.09080081
v -0.15815695 -0.07220896 -0.09345345
v -0.16648118 -0.07852469 -0.07659713
v -0.17435722 -0.06509941 -0.07688594
v -0.16757049 -0.05921726 -0.09272311
v -0.01955717 -0.13315022 -0.12117564
v -0.04045396 -0.13678512 -0.12536633
v -0.04161057 -0.11024094 -0.13098180
v -0.01980165 -0.10694349 -0.12705763
v -0.23932527 0.00981305 -0.02108561
v -0.23850954 0.01802724 -0.00683178
v -0.25439766 0.01906233 -0.01124670
v -0.25798008 0.01114361 -0.02616920
v -0.26177010 0.04564249 -0.10446679
v -0.25078267 0.03935943 -0.10366102
v -0.25272697 0.03225566 -0.10201158
v -0.26332906 0.03904384 -0.10367740
v -0.28148472 0.00381807 -0.04373969
v -0.27659798 0.01072977 -0.03000875
v -0.29769090 0.00952966 -0.03296836
v -0.30202529 0.00237090 -0.04708859
v -0.13927129 0.14744347 -0.06571370
v -0.13977697 0.15043209 -0.03647551
v -0.12797438 0.15199247 -0.06468467
v -0.28466225 -0.00239932 -0.06885398
v -0.28320029 0.00091686 -0.08034288
v -0.26591933 -0.00081686 -0.07540924
v -0.26675752 -0.00244203 -0.06413382
v -0.33186331 0.07677554 -0.01500565
v -0.35625142 0.07451469 -0.01619435
v -0.32565680 -0.00080026 -0.06296974
v -0.32659137 0.00125734 -0.07618126
v -0.30527425 -0.00134321 -0.07305466
v -0.30502713 -0.00183690 -0.06058690
v -0.13322787 -0.12223980 -0.09971036
v -0.14763689 -0.12906732 -0.07932013
v -0.12630285 -0.23946294 -0.08010454
v -0.14310127 -0.24099132 -0.06271378
v -0.13762620 -0.22187206 -0.06330325
v -0.12140710 -0.21949090 -0.08084853
v -0.15909635 -0.26245537 -0.03930293
v -0.13036740 -0.25943613 -0.07923569
v -0.14710808 -0.26014766 -0.06178489
v -0.07116048 0.17114946 -0.06049671
v -0.05772264 0.17141247 -0.07521161
v -0.06799471 0.16531633 -0.07921018
v -0.07989292 0.16638108 -0.06755400
v -0.17364642 -0.37778267 -0.03799994
v -0.17250338 -0.40684000 -0.04242172
v -0.18011804 -0.40930581 -0.01217198
v -0.17894180 -0.38133425 -0.00753249
v -0.03875475 0.15548047 -0.09577501
v -0.05428649 0.16269666 -0.08671297
v -0.04348888 0.16740775 -0.08444571
v -0.03027497 0.16320300 -0.09100723
v -0.17527825 -0.35598069 -0.00689777
v -0.17120153 -0.35068530 -0.03604966
v -0.08450521 0.16286092 -0.04675427
v -0.07435434 0.16675974 -0.04020556
v -0.08045203 0.15671940 -0.02867866
v -0.07182532 0.15944529 -0.02258927
v -0.06481051 0.15295511 -0.00527251
v -0.18190177 -0.41761509 0.01792864
v -0.17835355 -0.38998333 0.02019596
v -0.05698199 0.17916097 -0.06457157
v -0.04432980 0.17775823 -0.07514793
v -0.02867375 0.17404242 -0.08340023
v -0.01248329 0.17409135 -0.08643210
v -0.15969443 -0.28110790 -0.03734276
v -0.16388384 -0.28485927 -0.01032863
v -0.11858236 -0.51362646 -0.11062092
v -0.09203364 -0.51695460 -0.11873239
v -0.08948374 -0.53105223 -0.10883332
v -0.12041023 -0.53077596 -0.10051869
v -0.02708044 -0.50382817 -0.11965887
v -0.02388508 -0.51620698 -0.10420109
v -0.05647812 -0.52590525 -0.10940308
v -0.06076226 -0.51350510 -0.12194828
v -0.06158738 -0.38467413 -0.14475392
v -0.06178839 -0.36189416 -0.13702112
v -0.03293810 -0.36294004 -0.13811630
v -0.03238679 -0.38569373 -0.14531690
v -0.13287942 -0.27881622 -0.07833962
v -0.14894913 -0.27907276 -0.06034188
v -0.16062404 -0.29098940 0.01714114
v -0.18425834 -0.55321449 -0.01171701
v -0.18005687 -0.59001821 -0.01320761
v -0.17859516 -0.59951425 0.02498352
v -0.18122979 -0.56257504 0.02856820
v -0.14551385 -0.58109659 -0.07282384
v -0.14873375 -0.55026716 -0.07591230
v -0.11778551 -0.55286700 -0.09294369
v -0.11482025 -0.57904452 -0.08840608
v -0.08491926 -0.30387568 0.11763244
v -0.10181712 -0.32113418 0.09841728
v -0.08244706 -0.32694271 0.11364176
v -0.02366362 -0.31444165 0.14255662
v -0.04586494 -0.31165689 0.13954484
v -0.04170756 -0.33500996 0.13317049
v -0.02096695 -0.33753964 0.13637853
v -0.02561422 -0.45620164 0.11793785
v -0.01178698 -0.45736808 0.12016492
v -0.01393908 -0.43186644 0.11901017
v -0.03034135 -0.42933190 0.11665044
v -0.17025931 -0.40006691 0.04652745
v -0.15266989 -0.41001943 0.06784713
v -0.14779708 -0.38608441 0.06580082
v -0.16436109 -0.37597349 0.04563125
v -0.02162629 -0.52675295 -0.08580206
v -0.05115250 -0.53799599 -0.09557432
v -0.16431339 -0.60761595 0.06029355
v -0.16504377 -0.57087761 0.06474155
v -0.13800886 -0.61281669 0.08530276
v -0.10533330 -0.61148936 0.09505492
v -0.10731951 -0.57992905 0.09850079
v -0.13926435 -0.57788372 0.08880744
v -0.02834922 -0.53601992 0.09372732
v -0.01287431 -0.54940349 0.06752981
v -0.01084626 -0.54665536 0.07707380
v -0.02302963 -0.52564466 0.10464869
v -0.02924380 -0.49044988 -0.13106182
v -0.06145280 -0.49760902 -0.13304481
v -0.06082909 -0.47903904 -0.14145835
v -0.02963931 -0.47430339 -0.13955082
v -0.11054073 -0.25966460 -0.09148614
v -0.11335690 -0.27988291 -0.09139099
v -0.08973142 -0.26014429 -0.09909290
v -0.10735744 -0.23830287 -0.09192590
v -0.08666348 -0.23794331 -0.09898445
v -0.09237278 -0.10125624 -0.12563258
v -0.11437037 -0.11272288 -0.11502947
v -0.12265858 -0.09466949 -0.11593691
v -0.10127531 -0.08130820 -0.12826310
v -0.05640113 0.04142480 -0.14406045
v -0.05733725 0.05837306 -0.14167406
v -0.07943046 -0.57204670 -0.09344172
v -0.04046808 -0.55714905 -0.08331171
v -0.04823499 -0.59739554 -0.08290272
v -0.08206098 -0.60374129 -0.09068250
v -0.16313937 -0.61749250 -0.04779224
v -0.16872129 -0.58324593 -0.04754472
v -0.14202568 -0.61310732 -0.07171283
v -0.17493422 -0.62552845 -0.01471012
v -0.17502686 -0.63508952 0.02248712
v -0.13491718 -0.64669544 0.08186532
v -0.10198842 -0.64398724 0.09050415
v -0.02287723 -0.60025680 0.05441362
v -0.04459878 -0.60392725 0.07342444
v -0.04257919 -0.63053161 0.06588694
v -0.02211114 -0.62415570 0.04432878
v -0.06548458 -0.45922044 0.10859863
v -0.09995157 -0.43709782 0.09644379
v -0.10328829 -0.46509254 0.09811863
v -0.07426134 -0.48735538 0.10598116
v -0.02965515 -0.28864148 0.14592083
v -0.04829009 -0.28513488 0.14263327
v -0.06550071 -0.30817491 0.13141280
v -0.06696741 -0.28167787 0.13379212
v -0.08602258 -0.27839330 0.11875376
v -0.04888378 -0.18127578 0.13565838
v -0.07168587 -0.18147191 0.12533052
v -0.06930365 -0.20524195 0.12877280
v -0.04713665 -0.20575997 0.13926081
v -0.05080431 -0.15690593 0.13081360
v -0.07405990 -0.15742505 0.12133338
v -0.05143632 -0.10964024 0.11664764
v -0.07407023 -0.09371096 0.10744771
v -0.07479041 -0.11337911 0.11023004
v -0.03600152 0.05346648 0.07080481
v -0.03504138 0.03837472 0.07883557
v -0.17478225 -0.42703971 0.04574621
v -0.01282365 -0.56656021 -0.05521326
v -0.00213912 -0.57807863 -0.02485153
v -0.00640204 -0.60444450 -0.03469148
v -0.02098266 -0.59842485 -0.06220353
v -0.17293529 -0.36545634 0.02067215
v -0.15379602 -0.27912617 0.04189163
v -0.15082739 -0.29879475 0.04198101
v -0.15366937 -0.13246845 0.02804186
v -0.15495522 -0.10796117 0.02996040
v -0.08390187 -0.03134391 0.10837193
v -0.08482112 -0.04374761 0.10955166
v -0.17326945 -0.54770106 -0.04825378
v -0.12363113 -0.70739537 0.07113943
v -0.09107758 -0.70527697 0.07740295
v -0.09695006 -0.67544800 0.08442826
v -0.12985714 -0.67826450 0.07693296
v -0.01185314 -0.64647001 0.00998180
v -0.02273744 -0.65158993 0.03379630
v -0.02531071 -0.68081284 0.02394125
v -0.01703289 -0.67604715 -0.00030285
v -0.02152208 -0.70616245 -0.00769595
v -0.02673912 -0.71196842 0.01700894
v -0.02697711 -0.74195057 0.00841871
v -0.02389679 -0.73573792 -0.01510925
v -0.16070248 -0.64387393 0.05698121
v -0.16405010 -0.69948906 0.02034006
v -0.15041797 -0.70598924 0.05030829
v -0.15618643 -0.67619020 0.05397180
v -0.16989055 -0.66899830 0.02145915
v -0.11449897 -0.60956216 -0.08634948
v -0.00876747 -0.61906439 0.02083865
v -0.00807496 -0.59648079 0.03190372
v -0.02228431 -0.66901505 -0.04869676
v -0.03744904 -0.66689366 -0.07063129
v -0.02890305 -0.63379085 -0.06735765
v -0.01359226 -0.63668257 -0.04239301
v -0.13945261 -0.67430419 -0.06854896
v -0.15567538 -0.68041039 -0.04428929
v -0.15941522 -0.65004706 -0.04567664
v -0.14069825 -0.64444029 -0.07024859
v -0.16402839 -0.68963724 -0.01264567
v -0.16991565 -0.65882599 -0.01327341
v -0.15176840 -0.75774747 0.01751892
v -0.13570817 -0.76321197 0.04329249
v -0.14349781 -0.73501241 0.04686182
v -0.15802945 -0.72884297 0.01895604
v -0.15348944 -0.74795139 -0.01355544
v -0.15857126 -0.71887875 -0.01293943
v -0.15269639 -0.70928383 -0.04337619
v -0.14971815 -0.73838830 -0.04199139
v -0.13565360 -0.73116022 -0.06307212
v -0.13792579 -0.70267475 -0.06610361
v -0.11651389 -0.69878328 -0.08185213
v -0.11652353 -0.72661036 -0.07830927
v -0.09221714 -0.69641376 -0.08785951
v -0.06718589 -0.69555682 -0.08360786
v -0.07245675 -0.72359508 -0.08139297
v -0.09492206 -0.72430599 -0.08440598
v -0.03558245 -0.72758722 -0.05701975
v -0.05137595 -0.72490543 -0.07262891
v -0.04503672 -0.69672960 -0.07194223
v -0.02981140 -0.69916981 -0.05293556
v -0.05698961 -0.83889133 -0.07074469
v -0.07386216 -0.83569908 -0.07519114
v -0.06792733 -0.80725932 -0.07407808
v -0.04973592 -0.81009501 -0.06874494
v -0.09051673 -0.83380198 -0.08075153
v -0.10812879 -0.83400291 -0.08008264
v -0.10305750 -0.80628061 -0.07794607
v -0.08562994 -0.80598253 -0.07779800
v -0.13376756 -0.81378919 -0.05588886
v -0.11934384 -0.80847842 -0.07101221
v -0.12441938 -0.83620995 -0.07283270
v -0.13757883 -0.84139377 -0.05741107
v -0.14981396 -0.84840935 -0.03830018
v -0.14859217 -0.82096660 -0.03842866
v -0.14636901 -0.85605329 -0.01532686
v -0.14923002 -0.82909387 -0.01593515
v -0.13522026 -0.83723843 0.01168306
v -0.13512565 -0.86320436 0.01182023
v -0.03396758 -0.85471839 -0.02688908
v -0.03398412 -0.84811765 -0.04639962
v -0.02753585 -0.82000703 -0.03985252
v -0.03001609 -0.82678306 -0.02054032
v -0.05583917 -0.83718204 0.01891869
v -0.07155263 -0.84053940 0.04343522
v -0.07107810 -0.86702108 0.03292710
v -0.05727882 -0.86426377 0.00917397
v -0.15007018 -0.77528095 -0.01444364
v -0.14534923 -0.78504187 0.01525562
v -0.13325357 -0.75902289 -0.05977727
v -0.14747466 -0.76641041 -0.04033651
v -0.04031482 -0.75496000 -0.06109917
v -0.05706338 -0.75214767 -0.07332959
v -0.02695726 -0.77083808 -0.00105294
v -0.02453565 -0.76428860 -0.02303972
v -0.10396606 -0.79099929 0.05633037
v -0.12837048 -0.78990990 0.04066421
v -0.12457085 -0.81650531 0.03943298
v -0.10081676 -0.81753367 0.05449232
v -0.14901376 -0.80284518 -0.01549893
v -0.14711383 -0.79360235 -0.03935037
v -0.13232709 -0.78644538 -0.05703258
v -0.11723433 -0.78129601 -0.07199552
v -0.09963428 -0.77906317 -0.07824991
v -0.08162821 -0.77857584 -0.07736158
v -0.06265253 -0.77954447 -0.07372405
v -0.04472077 -0.78218335 -0.06491974
v -0.02567895 -0.79217196 -0.03170387
v -0.02853986 -0.79899204 -0.01150574
v -0.09728146 -0.84324563 0.05158708
v -0.12376614 -0.84249598 0.03877599
v -0.12272882 -0.86698544 0.03395022
v -0.09542929 -0.86753708 0.04280648
v -0.09544158 -0.88903558 0.03091318
v -0.07504709 -0.88769478 0.02034757
v -0.09583233 -0.86254185 -0.08480497
v -0.11358061 -0.86282635 -0.08300981
v -0.12947951 -0.86512053 -0.07507840
v -0.15082377 -0.87541771 -0.03989687
v -0.14528559 -0.88354397 -0.01295388
v -0.13233685 -0.88934720 0.01057798
v -0.11766119 -0.88870317 0.02687250
v -0.04897045 -0.90531206 -0.05434478
v -0.04265182 -0.87618440 -0.04996454
v -0.04142779 -0.88141704 -0.03219358
v -0.04847174 -0.90965354 -0.03629234
v -0.06726856 -0.89834464 -0.08095840
v -0.08274840 -0.89497149 -0.09082194
v -0.07927825 -0.86465430 -0.07995144
v -0.06458778 -0.86810970 -0.07101405
v -0.10125555 -0.89306569 -0.09408099
v -0.11977087 -0.89303637 -0.09030391
v -0.13699768 -0.89436191 -0.08133679
v -0.14343581 -0.86910808 -0.06094086
v -0.15014306 -0.89791280 -0.06474887
v -0.15323667 -0.90455699 -0.04008505
v -0.14700505 -0.91250217 -0.00797152
v -0.12869738 -0.94898045 0.00982857
v -0.12552844 -0.91889179 0.01279114
v -0.15063412 -0.94250840 -0.00850496
v -0.10299035 -1.04944122 -0.00209075
v -0.12799618 -1.04755747 -0.00185482
v -0.12395781 -1.08340430 -0.00858324
v -0.10205837 -1.08552706 -0.00861013
v -0.05071387 -0.93918467 -0.04039275
v -0.04958305 -0.93654358 -0.06061774
v -0.06698443 -0.93043101 -0.09061377
v -0.08483255 -0.92716122 -0.10015089
v -0.16426346 -0.96704251 -0.04362763
v -0.15983172 -0.93500036 -0.03981855
v -0.15690893 -0.92867672 -0.06741275
v -0.16094302 -0.96165019 -0.07179638
v -0.04788489 -1.04039264 -0.05143698
v -0.04740177 -1.03845036 -0.07236219
v -0.04488925 -1.00383270 -0.07041360
v -0.04544136 -1.00577784 -0.04766260
v -0.06552704 -0.96440309 -0.09775367
v -0.06493486 -0.99914372 -0.10218260
v -0.08381341 -0.99598521 -0.11169937
v -0.08406129 -0.96103203 -0.10760696
v -0.15998970 -1.03853142 -0.04942377
v -0.16444618 -1.00174892 -0.04696411
v -0.16165720 -0.99719912 -0.07480599
v -0.15776771 -1.03503072 -0.07550697
v -0.15427488 -0.97378945 -0.01280618
v -0.15372615 -1.00717664 -0.01727791
v -0.13117447 -1.01287460 0.00276669
v -0.12996404 -0.97957903 0.00756747
v -0.10360418 -1.01434255 0.00341078
v -0.10213850 -0.98118657 0.00700314
v -0.06231412 -1.11455131 -0.07084992
v -0.05543418 -1.07560742 -0.07163040
v -0.05482892 -1.07845688 -0.05256449
v -0.06197245 -1.11806059 -0.05422235
v -0.08654931 -1.03296757 -0.11053039
v -0.06766438 -1.03491843 -0.10239106
v -0.07339165 -1.07267547 -0.09769257
v -0.08946547 -1.07145584 -0.10518952
v -0.14720689 -1.11817300 -0.05227480
v -0.15391922 -1.07746935 -0.05105079
v -0.15161750 -1.07510114 -0.07472248
v -0.14430940 -1.11574817 -0.07402215
v -0.12066381 -1.12248135 -0.01595104
v -0.14547302 -1.08021688 -0.02433159
v -0.13972183 -1.12054729 -0.02993323
v -0.11620367 -1.16119039 -0.01984899
v -0.09893034 -1.16282237 -0.01922009
v -0.10052846 -1.12411439 -0.01534835
v -0.06756162 -1.15573645 -0.05472782
v -0.06644826 -1.15283382 -0.07019642
v -0.08920016 -1.14828634 -0.09802883
v -0.09045336 -1.11042500 -0.10065318
v -0.07625636 -1.11169541 -0.09333815
v -0.07655833 -1.14991033 -0.09076503
v -0.12357939 -1.11296868 -0.09822940
v -0.10701410 -1.11099231 -0.10239227
v -0.10493790 -1.14864159 -0.09946831
v -0.12017789 -1.15082896 -0.09478811
v -0.13709550 -1.15302014 -0.07252024
v -0.13620594 -1.11432016 -0.08887380
v -0.13009140 -1.15197897 -0.08561111
v -0.14026129 -1.15510571 -0.05234681
v -0.13364191 -1.15856814 -0.03174150
v -0.00201526 -0.54240292 -0.02853710
v 0.00043624 -0.55506873 0.00173433
v -0.00083342 -0.56219834 -0.01188012
v -0.00719192 -0.54702634 -0.04228063
v -0.04156515 -0.65916198 0.05808073
v -0.04039049 -0.68985081 0.04898741
v -0.03744812 -0.74998039 0.03222757
v -0.03944854 -0.72064102 0.04118877
v -0.03766403 -0.77838284 0.02140575
v -0.03895712 -0.80624330 0.00978900
v -0.04045854 -0.83361286 -0.00153286
v -0.04300505 -0.86029899 -0.00956550
v -0.04897379 -0.88647360 -0.01430993
v -0.05594351 -0.91418034 -0.01659545
v -0.05844442 -0.97365606 -0.02418833
v -0.04758236 -0.97177500 -0.04380367
v -0.06003279 -0.94242662 -0.02110319
v -0.05868984 -1.04355645 -0.02931890
v -0.05689859 -1.00759220 -0.02636172
v -0.06358904 -1.08221662 -0.03322636
v -0.06961065 -1.12186706 -0.03772463
v -0.07482572 -1.15920091 -0.03936681
v -0.07730424 -0.55427730 0.09729794
v -0.04963800 -0.55942476 0.08650134
v -0.05165072 -0.54296333 0.09273952
v -0.07845438 -0.53180087 0.09983659
v -0.00546553 -0.55053663 0.04727039
v -0.00118371 -0.54700965 0.02953294
v -0.00189237 -0.54691756 0.03555673
v -0.00553050 -0.55014414 0.05438466
v -0.13934053 -0.81067491 0.01302026
v -0.11664648 -0.75418031 -0.07443044
v -0.09743132 -0.75175512 -0.08054010
v -0.07717168 -0.75100309 -0.07893103
v -0.05382347 -0.78501177 0.04368385
v -0.07622259 -0.78906482 0.05725155
v -0.07331339 -0.81521481 0.05062980
v -0.05173201 -0.81247181 0.03366890
v -0.09945281 -0.95325691 0.00950719
v -0.07883692 -0.97792196 -0.00780953
v -0.07741719 -0.94817436 -0.00329935
v -0.09886828 -0.92836469 0.01517862
v -0.12652098 -0.92395735 -0.09852001
v -0.14435029 -0.92503941 -0.08736768
v -0.12963989 -0.95696521 -0.10620303
v -0.10564021 -0.92463958 -0.10257436
v -0.10707441 -0.95825243 -0.11071272
v -0.05917489 -0.72927159 0.06074958
v -0.08545800 -0.73399746 0.06984794
v -0.08092632 -0.76183164 0.06247738
v -0.05575732 -0.75718784 0.05190621
v -0.13325098 -0.20362791 -0.06532741
v -0.11748511 -0.20026764 -0.08268684
v -0.14109872 -0.07370763 0.06307338
v -0.14667162 -0.08861961 0.05002846
v -0.13457054 -0.09513448 0.06427944
v -0.13079131 -0.08020337 0.07300610
v -0.14944464 -0.06400971 0.05355454
v -0.15508872 -0.07794908 0.03885338
v -0.15575552 -0.05220179 0.04414013
v -0.16100390 -0.06511426 0.02923746
v -0.18198712 -0.00996468 0.00204255
v -0.18936463 -0.00553484 -0.00293523
v -0.05180087 -0.13303927 0.12452755
v -0.02642883 -0.13404615 0.12855102
v -0.02651975 -0.11130618 0.12093947
v -0.06219756 -0.33165160 0.12578796
v -0.04222055 -0.45735326 0.11442072
v -0.04948833 -0.42667025 0.11220986
v -0.07226773 -0.42143279 0.10518953
v -0.00751789 -0.52910268 0.10121102
v -0.06449330 -0.11543124 -0.12879215
v -0.06229327 -0.14175582 -0.12385428
v -0.03740768 0.06869238 -0.13430278
v -0.01790181 0.06459607 -0.12949789
v -0.03705812 0.09747624 -0.12694764
v -0.03639762 0.11014528 -0.12261483
v -0.01769136 0.10532434 -0.11950069
v -0.01795401 0.09267248 -0.12327627
v -0.02084011 0.15534915 -0.09742755
v -0.01575243 0.16445486 -0.09212213
v -0.00048693 -0.54872948 0.02365118
v 0.00098910 -0.54078799 -0.00022059
v 0.00070757 -0.54112077 0.01030161
v -0.02491836 -0.57988960 0.06338196
v -0.00944627 -0.57897657 0.04230827
v -0.01147641 -0.56625229 0.05101710
v -0.02739912 -0.56426603 0.07097153
v -0.18211628 -0.52597463 0.03299645
v -0.18652281 -0.51572466 -0.00710253
v -0.08461722 -0.54878449 -0.09991773
v -0.37267423 0.00503531 -0.07833341
v -0.37307388 0.01438036 -0.08869979
v -0.34921414 0.01153144 -0.08878579
v -0.34903017 0.00315709 -0.07776470
v -0.06536828 -0.03543475 -0.14340171
v -0.07548039 -0.06249904 -0.13762860
v -0.08965284 0.14958344 -0.02696930
v -0.16469441 0.14647746 -0.03122053
v -0.16274652 0.13788660 -0.00424170
v -0.15158717 0.13924421 -0.00789103
v -0.15214516 0.14887637 -0.03435408
v -0.16029738 0.09359498 -0.10967682
v -0.16123353 0.11064694 -0.09821946
v -0.14797135 0.11143568 -0.10508601
v -0.14583294 0.09289363 -0.11661047
v -0.03111963 -0.40968472 -0.14932306
v -0.06048006 -0.40890056 -0.14980334
v -0.04092072 -0.21242720 -0.10656575
v -0.06240276 -0.21445815 -0.10585244
v -0.06063823 -0.19144584 -0.11156768
v -0.03965807 -0.18825491 -0.11249854
v -0.09980416 -0.04924970 -0.13660826
v -0.11677870 -0.06552320 -0.12612499
v -0.03335305 -0.01034400 0.10083687
v -0.05096786 -0.00574432 0.10196848
v -0.05140481 -0.02406646 0.10834111
v -0.03433340 -0.03048810 0.10710853
v -0.31420344 0.03877899 -0.10298791
v -0.29432189 0.02693162 -0.10114288
v -0.30014363 0.01411989 -0.09468128
v -0.32213077 0.01963837 -0.09724440
v -0.17500345 -0.50704938 -0.05013516
v -0.14964586 -0.52257854 -0.08281697
v -0.14991495 -0.16968276 -0.05093239
v -0.13701986 -0.16577508 -0.07471132
v -0.13351452 -0.18525636 -0.07005079
v -0.14697208 -0.18892263 -0.04721300
v -0.16205968 -0.11571457 -0.05643823
v -0.15768990 -0.13288277 -0.05508512
v -0.16669339 -0.09960915 -0.05682073
v -0.21781892 -0.01546595 -0.06653208
v -0.22770046 -0.00953801 -0.06779648
v -0.21810232 -0.01097798 -0.07572872
v -0.04696423 -0.57979304 0.08079822
v -0.04945787 -0.51311970 0.10690758
v -0.04271569 -0.49673057 0.11310925
v -0.00056824 -0.54056698 0.01722164
v -0.06461744 0.16564640 -0.01600935
v -0.05845914 0.16077857 0.00095464
v -0.26563290 0.00003560 -0.05217336
v -0.28442150 -0.00093839 -0.05672788
v -0.19871530 -0.02515689 -0.03634842
v -0.20317429 -0.02835016 -0.05249881
v -0.19488427 -0.03389825 -0.05039683
v -0.19056047 -0.03001789 -0.03283312
v -0.20480753 -0.02766120 -0.06620080
v -0.19640762 -0.03334781 -0.06605171
v -0.14115927 0.06037006 0.04907033
v -0.14361362 0.07707869 0.03813159
v -0.15565695 0.07269795 0.03746447
v -0.15359734 0.05561488 0.04739723
v -0.12763311 0.06220766 0.05174882
v -0.11207183 0.06270298 0.05537839
v -0.11480980 0.08034637 0.04283394
v -0.13028632 0.07957041 0.03978407
v -0.07204898 0.12149239 0.01994403
v -0.08878105 0.13025880 0.00183935
v -0.05143279 0.11395425 0.03143093
v -0.03257618 0.10905774 0.03871881
v -0.02157748 0.14319335 -0.10438024
v -0.01846588 0.12928520 -0.11064612
v -0.03873170 0.13404150 -0.11116968
v -0.04167179 0.14503945 -0.10386585
v -0.05240773 0.15012036 0.00991136
v -0.04100792 0.14180247 0.01995626
v -0.02873846 0.12698287 0.02904191
v -0.33166665 0.08769796 -0.03028573
v -0.35515279 0.08503048 -0.03028853
v -0.06503934 0.17717850 -0.04998878
v -0.06677648 0.17170401 -0.03319176
v -0.33182815 0.09385713 -0.04790518
v -0.35590789 0.09040297 -0.04764291
v -0.13955361 0.13831437 -0.01056398
v -0.14970322 0.11968342 0.01158488
v -0.13714629 0.11810471 0.00956256
v -0.04754088 0.15832321 0.01475263
v -0.03800820 0.15110315 0.02276897
v -0.18597265 -0.47950757 0.00262195
v -0.18062481 -0.49029317 0.03789100
v -0.15112056 -0.21711484 0.03474048
v -0.15622042 -0.21335112 0.00874726
v -0.02475867 -0.18190944 0.14059666
v -0.02349178 -0.20671301 0.14431433
v -0.01207981 0.15234202 0.03501492
v -0.04660007 -0.25787398 0.14258501
v -0.02323138 -0.26199642 0.14640477
v -0.02297789 -0.23307328 0.14612465
v -0.04601334 -0.23124021 0.14123762
v -0.01316722 -0.30371150 0.14372548
v -0.01473254 -0.28964582 0.14432910
v -0.01000469 -0.47898000 0.12119457
v -0.02077144 -0.47871661 0.11967535
v -0.25471535 0.07184671 0.00529739
v -0.25131124 0.09183469 -0.00209312
v -0.26861185 0.08779228 -0.00702462
v -0.27115732 0.06906521 0.00150502
v -0.06677463 -0.25490621 0.13267560
v -0.08659909 -0.25282681 0.11692903
v -0.17649493 -0.01659670 0.00497037
v -0.17649271 -0.00623801 0.02192937
v -0.02547908 -0.08756942 0.11271220
v -0.06820930 -0.01914034 0.10722546
v -0.06850298 -0.00297846 0.10084175
v -0.08499669 -0.00149445 0.09771806
v -0.08399803 -0.01634153 0.10419556
v -0.00053735 -0.53754342 0.00669116
v -0.24383157 0.06923346 -0.10323003
v -0.25597823 0.07423476 -0.10108761
v -0.25271785 0.08374425 -0.09713160
v -0.24078646 0.08028667 -0.09968673
v -0.00133391 -0.57372171 0.01711004
v -0.00180904 -0.58919871 0.00528733
v -0.01646129 -0.53397638 -0.06579423
v -0.00392050 -0.53166366 -0.04904414
v -0.06954668 -0.63796693 0.08346959
v -0.07291590 -0.60758752 0.08958523
v -0.06616599 -0.66881531 0.07612594
v -0.06288168 -0.69930404 0.06862836
v -0.06256771 -0.88868660 0.00265923
v -0.07357521 -0.91776752 0.00343791
v -0.07968260 -1.01147497 -0.01144565
v -0.08069045 -1.04694045 -0.01548032
v -0.08218874 -1.08461320 -0.02031247
v -0.08376844 -1.12412453 -0.02493574
v -0.08535831 -1.16219223 -0.02694453
v -0.35810846 0.08825643 -0.06518929
v -0.33287734 0.09302332 -0.06702598
v -0.33593965 0.08241045 -0.08281278
v -0.36163244 0.07993633 -0.08034241
v -0.32313535 0.00240214 -0.04948607
v -0.31972122 0.00941473 -0.03532417
v -0.34178084 0.00754295 -0.03672278
v -0.34435502 0.00186805 -0.05093079
v -0.36734384 0.00007386 -0.05212831
v -0.37033355 -0.00026912 -0.06581427
v -0.34695181 -0.00000025 -0.06478278
v -0.37161687 0.02735798 -0.09604325
v -0.36934862 0.04136438 -0.09916265
v -0.34366745 0.04058590 -0.10094184
v -0.34718385 0.02366112 -0.09679316
v -0.36425588 0.06827936 -0.09163520
v -0.33957049 0.06897335 -0.09387180
v -0.34178162 0.05497168 -0.09979565
v -0.36684528 0.05457203 -0.09786683
v -0.36119589 0.02421240 -0.01226145
v -0.36284116 0.01284822 -0.02389164
v -0.33919010 0.01580692 -0.02277537
v -0.33698541 0.02705723 -0.01055051
v -0.24934089 0.11043479 -0.01774865
v -0.26695612 0.10364658 -0.02146986
v -0.20384908 0.01637774 0.00529601
v -0.20720278 0.03128796 0.01917706
v -0.22215489 0.03138303 0.01237153
v -0.21535710 0.01604681 -0.00190311
v -0.30814251 0.07906720 -0.01323085
v -0.28712273 0.08316495 -0.01046977
v -0.28631911 0.09623129 -0.02558830
v -0.30817273 0.09058429 -0.02860441
v -0.31332546 0.02928836 -0.00902008
v -0.31616178 0.01825105 -0.02135378
v -0.29359636 0.01915275 -0.01865639
v -0.29135531 0.03074547 -0.00647600
v -0.32576287 0.00846379 -0.08789758
v -0.30354705 0.00444157 -0.08469111
v -0.25644767 0.05127091 0.00727502
v -0.27287197 0.04890693 0.00321337
v -0.17009027 -0.01549373 0.02416150
v -0.18166234 -0.04244998 -0.02722168
v -0.18538187 -0.03531741 -0.02989353
v -0.13059703 -0.06516321 0.08006325
v -0.13275222 -0.05052497 0.08269197
v -0.16730019 -0.07562325 0.00963053
v -0.17057350 -0.05993952 0.00150221
v -0.13869077 -0.06039226 0.07213865
v -0.13787673 -0.05040858 0.07637230
v -0.09476366 -0.13609959 0.10388334
v -0.03034703 0.11814105 0.03275600
v -0.28896981 0.06580766 -0.00096669
v -0.28986883 0.04665230 0.00018619
v -0.26156899 0.01363677 -0.09289451
v -0.26379204 0.00526052 -0.08509107
v -0.28065178 0.00932701 -0.09037250
v -0.27729484 0.01969317 -0.09761374
v -0.13735758 -0.02897958 -0.12821370
v -0.11936046 -0.03857306 -0.13314830
v -0.13254172 -0.05226943 -0.12191932
v -0.14817284 -0.04136341 -0.11807694
v -0.25226596 0.09986041 -0.08510546
v -0.25581816 0.10633053 -0.07506641
v -0.23983994 0.10992510 -0.07542574
v -0.23871502 0.10091054 -0.08654564
v -0.26049021 0.11143631 -0.06029723
v -0.26498124 0.11199956 -0.04143202
v -0.24658109 0.11959696 -0.03947698
v -0.24241538 0.11748071 -0.05993657
v -0.17104308 -0.43544370 -0.04911669
v -0.18048078 -0.43964323 -0.01957894
v -0.13671441 -0.30726075 0.06300463
v -0.11985856 -0.31469211 0.08142532
v -0.09923884 -0.40968120 0.09482101
v -0.02886255 -0.54366034 0.08545770
v -0.01223463 -0.55262280 0.06186668
v -0.00392146 -0.61226559 -0.00593419
v -0.18477479 -0.44613633 0.01117223
v -0.00926511 -0.64141530 -0.01561264
v -0.01625302 -0.67206079 -0.02430358
v -0.06148691 -0.66629791 -0.08516549
v -0.08906578 -0.66769630 -0.09019807
v -0.08560690 -0.63701558 -0.09081113
v -0.05496271 -0.63393408 -0.08470242
v -0.11618429 -0.67041606 -0.08442454
v -0.11537275 -0.64070338 -0.08570205
v -0.10967972 -0.76346248 0.05919775
v -0.10700683 -0.99392509 -0.11454660
v -0.12835322 -1.03195179 -0.10766031
v -0.12985551 -0.99289984 -0.10978701
v -0.10768054 -1.03193641 -0.11251785
v -0.14901084 -0.99402708 -0.09598087
v -0.14815359 -0.95811498 -0.09312278
v -0.15014409 -1.04265010 -0.02013907
v -0.10813374 -1.07126224 -0.10717382
v -0.12642917 -1.07237411 -0.10244143
v -0.14204800 -1.07341111 -0.09148426
v -0.14644146 -1.03270495 -0.09460780
v -0.00217551 -0.56371975 0.02793804
v -0.16443865 -0.53564745 0.06815740
v -0.16194971 -0.50275779 0.07066153
v -0.10618965 -0.49380139 0.09932456
v -0.07770656 -0.51043403 0.10296257
v -0.10677215 -0.22776082 0.09654954
v -0.12505731 -0.22545259 0.07853568
v -0.12624745 -0.18020676 0.07415167
v -0.14074419 -0.17797172 0.05373611
v -0.14044881 -0.19999371 0.05590941
v -0.12576003 -0.20329672 0.07636334
v -0.15699515 -0.17429546 0.00392177
v -0.15650401 -0.17237628 -0.02419759
v -0.15449698 -0.19168307 -0.02098163
v -0.15561402 -0.19409986 0.00636041
v -0.15490089 -0.21000084 -0.01801137
v -0.14699329 -0.20705475 -0.04332910
v -0.08137217 -0.17172018 -0.11169346
v -0.10030717 -0.17612740 -0.10137287
v -0.10274585 -0.15390716 -0.10724524
v -0.08328220 -0.14760968 -0.11728619
v -0.03176359 -0.48420697 0.11705350
v -0.00419329 -0.55297863 0.04231438
v -0.07560787 -0.57933056 0.09429043
v -0.10795396 -0.54978794 0.10046574
v -0.13889770 -0.54452461 0.09110639
v -0.26251650 0.00475631 -0.03950855
v -0.17852110 -0.01636156 -0.10599732
v -0.17524494 -0.00587088 -0.11122532
v -0.28021589 0.10502181 -0.06324136
v -0.28481314 0.10470190 -0.04484271
v -0.27246597 0.03121141 -0.00234565
v -0.23623912 0.09672732 0.00277218
v -0.23938531 0.07453927 0.01076749
v -0.22429401 0.07857414 0.01707864
v -0.12842686 -0.42222703 0.08358474
v -0.15716815 -0.43771833 0.07015902
v -0.13182700 -0.44988182 0.08716389
v -0.00087653 -0.53220057 -0.03341787
v -0.05207386 -0.52808082 0.09951371
v -0.02189005 -0.70225191 -0.03095667
v -0.02589754 -0.73124331 -0.03729686
v -0.02886390 -0.75903153 -0.04367066
v -0.03155976 -0.78660887 -0.05019206
v -0.03518770 -0.81445348 -0.05687282
v -0.04243390 -0.84248078 -0.06173992
v -0.05156193 -0.87152064 -0.06284098
v -0.05550766 -0.90155417 -0.06900347
v -0.04666398 -0.96955860 -0.06607527
v -0.05276509 -0.96714365 -0.08359184
v -0.05481093 -0.93340892 -0.07720167
v -0.05172527 -1.00188494 -0.08806671
v -0.05463616 -1.03678191 -0.08898547
v -0.06202231 -1.07397199 -0.08613431
v -0.06982823 -1.15102971 -0.08159915
v -0.06758273 -1.11264205 -0.08331738
v 0.00006127 -0.53391755 -0.00624308
v -0.00015963 -0.53286594 -0.01921313
v -0.12250923 0.11592591 0.00808137
v -0.18508165 -0.02113433 -0.01546293
v -0.19262925 -0.01746949 -0.01985775
v -0.25550526 0.03183071 0.00212026
v -0.31586239 0.06848782 -0.09580141
v -0.31196129 0.08427505 -0.08663391
v -0.27237859 0.01918082 -0.01513267
v -0.21313873 0.00437106 -0.01550154
v -0.20256156 0.00200966 -0.00875161
v -0.56392801 0.07683688 -0.04874066
v -0.56087744 0.08056723 -0.06294338
v -0.58227229 0.07692627 -0.06113011
v -0.58458310 0.07218539 -0.04813964
v -0.56592631 0.06690266 -0.03798326
v -0.58597898 0.06222262 -0.03884991
v -0.56618589 0.00218609 -0.05570012
v -0.56592435 0.01183573 -0.04332391
v -0.58649325 0.01215719 -0.04782844
v -0.58662337 0.00387252 -0.06034520
v -0.60634291 0.04627806 -0.03514832
v -0.60624653 0.03383923 -0.03656700
v -0.58650196 0.03609131 -0.03380911
v -0.58668536 0.04965632 -0.03366814
v -0.56216133 0.00352432 -0.08769199
v -0.55858755 0.01330014 -0.09925112
v -0.53822941 0.00913246 -0.09670357
v -0.54218787 -0.00023663 -0.08349191
v -0.48212385 0.00966548 -0.03312846
v -0.48354167 -0.00151086 -0.04418617
v -0.46671799 0.00094406 -0.03749430
v -0.46484664 0.01309642 -0.02781330
v -0.52167392 0.08482983 -0.04905527
v -0.51726568 0.08544536 -0.06501304
v -0.53903764 0.08340576 -0.06434122
v -0.54281282 0.08089226 -0.04903417
v -0.52496332 0.04598416 -0.02469786
v -0.52380729 0.02935037 -0.02789674
v -0.50193280 0.03350529 -0.02538048
v -0.50286865 0.05026967 -0.02253574
v -0.49972832 0.08867479 -0.04965660
v -0.49571145 0.08579356 -0.06518265
v -0.56641710 0.03894383 -0.03030624
v -0.56582665 0.02444022 -0.03487389
v -0.54509056 0.02635151 -0.03079648
v -0.54616970 0.04209735 -0.02699791
v -0.60246921 0.01165009 -0.09107924
v -0.59987354 0.02124250 -0.09986903
v -0.57925653 0.01743880 -0.10010311
v -0.58238381 0.00766372 -0.09007660
v -0.60620618 0.02263817 -0.04250444
v -0.60644692 0.01294850 -0.05172779
v -0.58621186 0.02337783 -0.03904852
v -0.59954858 0.06849056 -0.08551824
v -0.60132378 0.07340220 -0.07281233
v -0.57944316 0.07592468 -0.07564206
v -0.57707971 0.06927857 -0.08915894
v -0.52392781 0.00236637 -0.04438344
v -0.52357835 0.01424400 -0.03400173
v -0.54499769 0.01231361 -0.03831532
v -0.54520583 0.00177446 -0.05028623
v -0.52435613 0.07623532 -0.03541694
v -0.54540491 0.07147522 -0.03674821
v -0.55465859 0.06925280 -0.09195597
v -0.55740142 0.07768942 -0.07793026
v -0.53545034 0.07811051 -0.07904010
v -0.53246248 0.06813696 -0.09374286
v -0.50984061 0.05131407 -0.10297563
v -0.51093960 0.03450530 -0.10462335
v -0.53205603 0.03838929 -0.10548111
v -0.53131205 0.05458140 -0.10264941
v -0.50278002 0.00537512 -0.03863590
v -0.50331569 -0.00384494 -0.05221525
v -0.52206606 -0.00310058 -0.07772084
v -0.51803070 0.00515223 -0.09275091
v -0.49828848 0.00141739 -0.08694740
v -0.50206780 -0.00544181 -0.07015931
v -0.46077573 0.07451628 -0.02438052
v -0.45978698 0.08643802 -0.03583723
v -0.47909650 0.08494856 -0.03502248
v -0.48034334 0.07174079 -0.02400954
v -0.47712672 0.09030845 -0.05062525
v -0.45670965 0.09051403 -0.05240071
v -0.42573091 0.07970524 -0.07054559
v -0.42599976 0.06801802 -0.08044752
v -0.43676347 0.06834164 -0.07858381
v -0.43830764 0.08124715 -0.06838100
v -0.46934143 0.04210628 -0.10408567
v -0.47074550 0.02411100 -0.10129467
v -0.49045998 0.02964273 -0.10327719
v -0.48899782 0.04727049 -0.10394447
v -0.45967904 0.00311549 -0.08797778
v -0.46533567 -0.00603291 -0.07258948
v -0.48032004 -0.00249735 -0.07971451
v -0.47492418 0.00870358 -0.09315898
v -0.41071039 -0.00051553 -0.06925993
v -0.40970898 -0.00298988 -0.05524806
v -0.42520073 -0.00527268 -0.05627887
v -0.42576891 -0.00241796 -0.07145236
v -0.40551746 0.00919765 -0.02670001
v -0.40424171 0.02105295 -0.01665216
v -0.41977787 0.01999490 -0.01807232
v -0.42114183 0.00770809 -0.02744301
v -0.40170217 0.08052645 -0.02956966
v -0.40037745 0.08636365 -0.04629164
v -0.41368544 0.08765975 -0.04360745
v -0.41542146 0.07948713 -0.02784751
v -0.45331037 0.03757736 -0.10334215
v -0.45220038 0.01761856 -0.09924573
v -0.43624914 0.00592695 -0.02910851
v -0.43445063 0.01830862 -0.02009114
v -0.44894385 0.01574961 -0.02342448
v -0.45109197 0.00319618 -0.03251867
v -0.42978320 0.04865116 -0.01800600
v -0.43000671 0.06294907 -0.01947161
v -0.44322816 0.06159253 -0.02067230
v -0.44495323 0.04496529 -0.02020621
v -0.42824948 0.07852610 -0.02676052
v -0.42653620 0.08747800 -0.04025735
v -0.44181928 0.08739432 -0.03783538
v -0.44302523 0.07677650 -0.02556857
v -0.43508622 0.04570972 -0.09661431
v -0.43723378 0.03265887 -0.10115427
v -0.44393739 0.03577033 -0.10261059
v -0.44211388 0.04888158 -0.09717185
v -0.44843203 -0.00008519 -0.08118424
v -0.45217291 -0.00726464 -0.06574474
v -0.46098217 0.04208511 -0.02319391
v -0.46269044 0.02727705 -0.02405951
v -0.44666776 0.03040105 -0.02060776
v -0.43974942 0.08961230 -0.05428197
v -0.41140205 0.00692298 -0.08081749
v -0.41154665 0.01580484 -0.09049939
v -0.39547810 0.01595224 -0.08936181
v -0.39537865 0.00694376 -0.07959981
v -0.39396295 0.00051240 -0.06779028
v -0.39190996 -0.00082235 -0.05393470
v -0.38672897 0.01091174 -0.02513307
v -0.38495907 0.02242588 -0.01431827
v -0.38348576 0.03814946 -0.00844303
v -0.38155705 0.05576209 -0.00942560
v -0.40146056 0.05434634 -0.01352002
v -0.40316302 0.03680978 -0.01186860
v -0.37960243 0.08738589 -0.04712178
v -0.37920696 0.08275192 -0.03007614
v -0.38233382 0.08416393 -0.06360509
v -0.40094712 0.08353762 -0.06132606
v -0.43820068 -0.00382754 -0.04273412
v -0.42337614 -0.00140045 -0.04047265
v -0.55311364 0.05693652 -0.10195424
v -0.55338895 0.04173101 -0.10537257
v -0.57527053 0.04424259 -0.10405619
v -0.57552207 0.05827520 -0.09953286
v -0.59786439 0.03343675 -0.10316106
v -0.57664096 0.03027028 -0.10463077
v -0.56684929 0.05366047 -0.03134692
v -0.54640716 0.05789163 -0.02912673
v -0.60559231 0.05814203 -0.03913632
v -0.46072346 0.05831543 -0.02108426
v -0.48013023 0.05468249 -0.02151383
v -0.42661595 0.05630094 -0.08990269
v -0.41577771 0.06754562 -0.08299778
v -0.41780350 0.05595411 -0.09197303
v -0.46934450 0.05929897 -0.09569886
v -0.47140718 0.07228722 -0.07880311
v -0.45039845 0.06666157 -0.08058724
v -0.45247141 0.05389386 -0.09663693
v -0.43094960 0.03003187 -0.09903549
v -0.42850941 0.04374259 -0.09615227
v -0.41992652 0.04258420 -0.09641965
v -0.42222038 0.02867133 -0.09721777
v -0.41631556 0.06537342 -0.01899001
v -0.40151876 0.06856521 -0.01881467
v -0.40394616 0.06688118 -0.08557399
v -0.40243205 0.07582379 -0.07397326
v -0.38614336 0.07650330 -0.07769865
v -0.38769552 0.06712097 -0.08897755
v -0.41458309 0.07735330 -0.07179011
v -0.40589207 0.05549382 -0.09379019
v -0.38967261 0.05515994 -0.09589351
v -0.37997091 0.07150918 -0.01694622
v -0.40982997 0.02820766 -0.09643543
v -0.40806377 0.04201028 -0.09702601
v -0.39172566 0.04172731 -0.09810419
v -0.39382935 0.02783802 -0.09607549
v -0.55540669 0.02693550 -0.10479016
v -0.53442508 0.02309434 -0.10361601
v -0.46781281 -0.00749708 -0.05397245
v -0.48360312 -0.00766257 -0.06161241
v -0.45289817 -0.00594359 -0.04743524
v -0.56510484 -0.00091932 -0.07172678
v -0.58512449 0.00241258 -0.07568058
v -0.52407503 -0.00462859 -0.05977527
v -0.54472172 -0.00330849 -0.06634973
v -0.51089060 0.06601372 -0.09441192
v -0.43610930 0.00678984 -0.08696350
v -0.43849000 -0.00245740 -0.07527351
v -0.44362101 0.00977199 -0.09257477
v -0.38847983 0.00297856 -0.03875694
v -0.40783042 0.00061435 -0.03995263
v -0.44404793 0.02411470 -0.10195277
v -0.36478734 0.00520971 -0.03773826
v -0.45355380 0.08269083 -0.06707888
v -0.42574957 0.08754942 -0.05648555
v -0.41381738 0.08539015 -0.05876897
v -0.60306466 0.07332414 -0.05915662
v -0.52546889 0.06232192 -0.02704349
v -0.47914594 0.03845977 -0.02420207
v -0.48018697 0.02325844 -0.02735073
v -0.43335244 0.01707165 -0.09592343
v -0.42432964 0.01587461 -0.09244711
v -0.42552134 0.00628004 -0.08298784
v -0.41594678 0.05239588 -0.01608618
v -0.41823387 0.03546131 -0.01414522
v -0.60480762 0.00634854 -0.07817020
v -0.43228200 0.03300241 -0.01675781
v -0.47335461 0.08498856 -0.06576198
v -0.01787533 0.07896505 -0.12652218
v -0.16246186 -0.09104598 0.01839077
v -0.12557045 -0.11618023 0.07313929
v -0.14018914 -0.11332528 0.05496562
v -0.17570040 -0.03436725 -0.00884909
v -0.17985895 -0.02639210 -0.01205086
v -0.20595309 -0.00855402 -0.02390364
v -0.21749306 -0.00350846 -0.02904100
v -0.16486079 -0.05140345 0.02017458
v -0.01285321 -0.27503535 0.14402211
v -0.04965238 -0.28462398 -0.10413862
v -0.02544921 -0.28574112 -0.10356400
v -0.02778639 -0.30350938 -0.10994922
v -0.05324015 -0.30285731 -0.10892630
v -0.03038175 -0.32130724 -0.11994777
v -0.16115004 -0.35158804 -0.06374963
v -0.15597369 -0.33019519 -0.06122314
v -0.14133774 -0.33241779 -0.08413734
v -0.14553331 -0.35473913 -0.08855920
v -0.16071679 -0.31363887 -0.03497874
v -0.15073019 -0.31214002 -0.05929092
v -0.16563118 -0.33062917 -0.03495008
v -0.16946043 -0.33546454 -0.00706427
v -0.16440021 -0.31759560 -0.00791678
v -0.16661735 -0.34436682 0.01949017
v -0.16116706 -0.32509795 0.01850160
v -0.15801345 -0.35441679 0.04365701
v -0.14298372 -0.36437929 0.06415648
v -0.12500213 -0.39700332 0.08137476
v -0.09906893 -0.38369718 0.09405257
v -0.12208205 -0.37426373 0.08061108
v -0.05325419 -0.39818639 0.11278988
v -0.07530073 -0.39220220 0.10484146
v -0.01583164 -0.40529430 0.12048353
v -0.03368902 -0.40224057 0.11775909
v -0.11772776 0.09799872 0.02741384
v -0.10542309 0.15110491 -0.08566733
v -0.11607639 0.15636232 -0.06346788
v -0.09104402 0.15648308 -0.08341517
v -0.12679589 0.09120193 -0.12513949
v -0.12991109 0.11070415 -0.11438031
v -0.10809381 0.10462216 -0.12568323
v -0.10514450 0.08668054 -0.13342388
v -0.07905796 0.14796165 -0.09787881
v -0.07128954 0.14982596 -0.09730055
v -0.09000807 0.14168233 -0.10208044
v -0.05503954 0.12641326 -0.11757090
v -0.07393823 0.13309459 -0.11319757
v -0.16417703 0.14192505 -0.05906722
v -0.16228847 0.12788068 -0.08191086
v -0.17296124 0.12665680 -0.07649821
v -0.17659718 0.14130159 -0.05454548
v -0.15838443 0.07654813 -0.11692563
v -0.15579963 0.05975350 -0.12121055
v -0.16896652 0.06175847 -0.11561193
v -0.17035471 0.07795642 -0.11158872
v -0.20508477 0.13367845 -0.04151817
v -0.20180351 0.12652630 -0.06411151
v -0.21324588 0.12500934 -0.06170537
v -0.21707897 0.12977786 -0.03951598
v -0.17078339 0.09442272 -0.10437606
v -0.08825941 -0.03001611 -0.14339001
v -0.12787618 -0.01524489 -0.13550034
v -0.10923536 -0.02236311 -0.14064813
v -0.17159326 0.00588783 -0.11522371
v -0.15946034 0.00062855 -0.12117493
v -0.16397810 -0.01213812 -0.11676254
v -0.19502442 0.01321340 -0.10453365
v -0.18337716 0.01008478 -0.10955295
v -0.22569868 0.05382177 0.02050850
v -0.21116428 0.05682923 0.02730754
v -0.20880689 0.08470697 0.02084194
v -0.21239507 0.00671732 -0.09225959
v -0.22430655 0.01198000 -0.09142999
v -0.22170292 0.01751920 -0.09476978
v -0.20875224 0.01252352 -0.09540179
v -0.15129597 0.14427733 -0.06301809
v -0.20069739 0.11312296 -0.08029190
v -0.19988181 0.09985151 -0.09210937
v -0.21203554 0.10148308 -0.09056716
v -0.21283743 0.11362132 -0.07835476
v -0.20167929 0.08477696 -0.10107873
v -0.20205073 0.06968672 -0.10615836
v -0.21489055 0.07337724 -0.10397688
v -0.21405448 0.08747125 -0.09922221
v -0.22084343 0.02442444 -0.09831306
v -0.20499878 0.01961887 -0.09861109
v -0.23415194 0.11651957 -0.01525116
v -0.18655945 0.14094402 -0.02227137
v -0.18306150 0.12819541 0.00272147
v -0.17317322 0.13427559 -0.00040361
v -0.17654590 0.14437532 -0.02695765
v -0.24559642 -0.00128648 -0.04811705
v -0.24122594 0.00309353 -0.03480793
v -0.24797416 -0.00388443 -0.06026096
v -0.21787068 -0.00459160 -0.08335532
v -0.24916211 -0.00323160 -0.07091993
v -0.23892809 0.03182589 0.00666208
v -0.24057595 0.05238028 0.01236217
v -0.18026829 0.10358214 0.01921236
v -0.16985923 0.11182366 0.01679311
v -0.23072569 0.12522930 -0.03880803
v -0.22677243 0.12176831 -0.06045408
v -0.24251756 0.01921576 -0.09560976
v -0.25533834 0.02664635 -0.10030578
v -0.23978730 0.02425741 -0.09841777
v -0.20265515 -0.01267146 -0.09222566
v -0.21541676 0.00141615 -0.08820836
v -0.18612273 0.13958891 -0.04984701
v -0.22485736 0.11272588 -0.07657389
v -0.22478358 0.10105661 -0.08929471
v -0.19033386 0.08212228 -0.10377046
v -0.18904926 0.09764767 -0.09512556
v -0.17971095 0.09602924 -0.09929766
v -0.18025723 0.07986905 -0.10733295
v -0.22843528 0.07735702 -0.10251641
v -0.23065546 0.06352540 -0.10488791
v -0.19076155 0.06641207 -0.10854615
v -0.18005897 0.06380182 -0.11159571
v -0.23769206 0.03121400 -0.10119164
v -0.16025656 0.11761528 0.01393471
v -0.15776131 0.09381478 0.02588698
v -0.14643089 0.09676027 0.02485620
v -0.18114814 0.07666030 0.03045241
v -0.16848941 0.08669789 0.02826216
v -0.19639449 0.06463502 0.03046656
v -0.13381043 0.09718234 0.02536844
v -0.44036719 0.02044404 -0.09996674
v -0.26717824 0.03424504 -0.10291471
v -0.25890726 0.02143403 -0.09783137
v -0.27220267 0.02810505 -0.10127922
v -0.31723353 0.05460132 -0.10062020
v -0.43460685 0.05719091 -0.08850005
v -0.44145703 0.05738866 -0.08868130
v -0.48975122 0.06306072 -0.09489392
v -0.51317704 0.07782224 -0.07983461
v -0.49178988 0.07608420 -0.07944620
v -0.50214976 0.08146156 -0.03440693
v -0.50328362 0.06734526 -0.02479729
v -0.50215691 0.01809416 -0.03035713
v -0.49359456 0.01403789 -0.09777900
v -0.64508295 0.06174813 -0.04199682
v -0.64451945 0.06797286 -0.05264448
v -0.66536200 0.06539434 -0.04948789
v -0.66554856 0.05796424 -0.04006648
v -0.68477923 0.04415141 -0.03480190
v -0.66537774 0.04758126 -0.03592850
v -0.68565083 0.05502526 -0.03701691
v -0.68372196 0.03424288 -0.03775430
v -0.66486853 0.03734607 -0.03768774
v -0.68289959 0.02657448 -0.04467227
v -0.68268961 0.02062106 -0.05308500
v -0.66444570 0.02133098 -0.05094042
v -0.66447198 0.02832885 -0.04308972
v -0.66460109 0.01681609 -0.06063379
v -0.66433734 0.01503415 -0.07139587
v -0.64500308 0.01216569 -0.06920836
v -0.64530456 0.01546870 -0.05785028
v -0.68219721 0.02617625 -0.08996005
v -0.68148571 0.03467776 -0.09307713
v -0.66175026 0.03200969 -0.09538065
v -0.66266179 0.02266037 -0.09119564
v -0.64073527 0.05065561 -0.09468551
v -0.64046150 0.03954252 -0.09783567
v -0.66146785 0.04269331 -0.09498477
v -0.66171747 0.05322006 -0.09199847
v -0.68142003 0.05566839 -0.09093288
v -0.68237591 0.06247825 -0.08238436
v -0.66267622 0.06090867 -0.08481652
v -0.60457581 0.06792414 -0.04725410
v -0.62477118 0.06494083 -0.04482165
v -0.62547129 0.05484322 -0.03781878
v -0.62548727 0.03160749 -0.03918882
v -0.62549502 0.04297024 -0.03643562
v -0.64520264 0.03993826 -0.03683322
v -0.64508927 0.02970567 -0.04095148
v -0.60617435 0.00649581 -0.06423419
v -0.62576026 0.01417150 -0.05523109
v -0.62567723 0.00942842 -0.06694382
v -0.64521945 0.02158323 -0.04828249
v -0.62560147 0.02200858 -0.04584876
v -0.64394939 0.01333309 -0.08125609
v -0.66356736 0.01699402 -0.08237403
v -0.64398420 0.06889941 -0.06516396
v -0.64307439 0.06620740 -0.07734254
v -0.66406262 0.06531992 -0.07368006
v -0.66491884 0.06731620 -0.06155294
v -0.62452960 0.01021111 -0.07966214
v -0.62162048 0.06747395 -0.08133078
v -0.62287581 0.07111459 -0.06901604
v -0.64177251 0.06019682 -0.08785389
v -0.62018925 0.05951435 -0.09168859
v -0.68488169 0.06649183 -0.05850133
v -0.68575472 0.06340615 -0.04640922
v -0.62381458 0.07065015 -0.05599237
v -0.64255065 0.01890483 -0.09155396
v -0.64116108 0.02841207 -0.09738354
v -0.62056452 0.02484408 -0.09880937
v -0.62260467 0.01540950 -0.09142800
v -0.59726000 0.04622930 -0.10151139
v -0.61932826 0.03635337 -0.10053845
v -0.61929697 0.04827681 -0.09802558
v -0.68126887 0.04501292 -0.09327646
v -0.59798640 0.05888754 -0.09590384
v -0.76629370 0.01190768 -0.03540546
v -0.77599418 0.01541952 -0.03837629
v -0.77050257 0.01706733 -0.04803082
v -0.76069975 0.01381161 -0.04598076
v -0.73571646 0.00702496 -0.02012183
v -0.74560624 0.00856684 -0.01042968
v -0.75329155 0.00444206 -0.01726306
v -0.74517095 0.00313341 -0.02799441
v -0.77036572 0.01227723 -0.02649616
v -0.77958345 0.01709046 -0.02929596
v -0.78765774 0.02226247 -0.03095843
v -0.77758920 0.02213013 -0.02262968
v -0.78704947 0.02968426 -0.02637834
v -0.78114319 0.04114683 -0.02747859
v -0.79385561 0.04259799 -0.03201115
v -0.79543108 0.03324976 -0.02863745
v -0.77460939 0.05336265 -0.05362364
v -0.77142942 0.05362747 -0.06504933
v -0.78683245 0.05188021 -0.06583202
v -0.78956854 0.05090054 -0.05415031
v -0.77727276 0.04631547 -0.08553713
v -0.78328246 0.04887254 -0.07555822
v -0.76769716 0.05159140 -0.07418536
v -0.76301515 0.04898909 -0.08312302
v -0.75563896 0.01692684 -0.05650514
v -0.76542431 0.01922021 -0.05700502
v -0.76327735 0.01984119 -0.06345567
v -0.75277573 0.01835936 -0.06373360
v -0.77637136 0.03008414 -0.02001767
v -0.77481115 0.02184915 -0.01194858
v -0.77329022 0.02584375 -0.01004465
v -0.77023697 0.03411573 -0.01796515
v -0.71603549 0.01355881 -0.06697065
v -0.72695804 0.01099937 -0.07004743
v -0.72730184 0.00985052 -0.07801148
v -0.71501702 0.01229685 -0.07599597
v -0.71508551 0.01339159 -0.04474421
v -0.70949912 0.02451058 -0.03394694
v -0.71597552 0.02193837 -0.02793828
v -0.72016746 0.00887641 -0.03638923
v -0.72293174 0.01942755 -0.02164606
v -0.73201090 0.01842682 -0.01511106
v -0.72716063 0.00693393 -0.02864735
v -0.74270886 0.01800386 -0.00624984
v -0.72232610 0.01329585 -0.09086122
v -0.71380913 0.01631729 -0.08744664
v -0.84156257 0.02108335 -0.03901861
v -0.84095508 0.02302209 -0.03361565
v -0.84668761 0.02260096 -0.03419567
v -0.84744358 0.02095277 -0.03966296
v -0.71414030 0.04356611 -0.09435885
v -0.71314323 0.03350631 -0.09568796
v -0.72002995 0.03376885 -0.09773783
v -0.72153538 0.04373031 -0.09448391
v -0.72893494 0.03413244 -0.10084146
v -0.73091012 0.04425192 -0.09521319
v -0.84221166 0.03302980 -0.03029392
v -0.84338623 0.03760290 -0.03282213
v -0.84949821 0.03633719 -0.03261392
v -0.84812844 0.03164727 -0.03045556
v -0.78021115 0.01867524 -0.04821049
v -0.78508461 0.01781389 -0.03913334
v -0.79417253 0.01951999 -0.03811069
v -0.80279094 0.02152130 -0.03657238
v -0.80430567 0.01935983 -0.04318084
v -0.79223561 0.01918095 -0.04787531
v -0.77682155 0.02065129 -0.06035621
v -0.78847283 0.02007139 -0.06100265
v -0.78371429 0.02029821 -0.06841989
v -0.77256936 0.02051481 -0.06804355
v -0.77770489 0.01563161 -0.08864827
v -0.76876605 0.01473582 -0.08739345
v -0.76899284 0.01704210 -0.08102871
v -0.77951396 0.01769183 -0.08160324
v -0.80956340 0.02256931 -0.08294606
v -0.79977202 0.01964999 -0.08237077
v -0.80133212 0.01997351 -0.07682088
v -0.81142575 0.02223332 -0.07745646
v -0.70636034 0.04470594 -0.09429915
v -0.70591360 0.03434041 -0.09448479
v -0.77261829 0.02850012 -0.11281525
v -0.77707142 0.03678133 -0.10648055
v -0.76723897 0.03839104 -0.10293342
v -0.76243287 0.03038492 -0.10902306
v -0.72431242 0.05190680 -0.08736204
v -0.71628386 0.05267922 -0.08808390
v -0.84479159 0.04033962 -0.03787453
v -0.85077840 0.03900669 -0.03777163
v -0.73373091 0.03084904 -0.01701694
v -0.74498057 0.02860825 -0.00770893
v -0.72438288 0.03296725 -0.02423146
v -0.71021950 0.03799631 -0.03135294
v -0.71732646 0.03521958 -0.02909310
v -0.79734689 0.01924557 -0.05334723
v -0.77382630 0.01991142 -0.05559216
v -0.76139158 0.01941605 -0.06840277
v -0.75224382 0.01043111 -0.08873696
v -0.75938731 0.01130387 -0.09143104
v -0.75667381 0.01082696 -0.09895114
v -0.74830568 0.01080980 -0.09857205
v -0.77273762 0.01417184 -0.10803732
v -0.77128524 0.01978594 -0.11298759
v -0.76141238 0.02050102 -0.11026351
v -0.76371527 0.01383014 -0.10603924
v -0.77079833 0.02952245 -0.00567381
v -0.76371360 0.03549343 -0.01375141
v -0.71288431 0.02381784 -0.09340383
v -0.72010738 0.02294608 -0.09694977
v -0.70588022 0.02592903 -0.09089892
v -0.72825044 0.00965076 -0.05749590
v -0.74132061 0.01418841 -0.06242744
v -0.73976004 0.01446373 -0.06756485
v -0.72704977 0.01152032 -0.06437951
v -0.75021851 0.00772171 -0.04380210
v -0.73761368 0.00382093 -0.03915086
v -0.75660205 0.00640728 -0.03259926
v -0.71574855 0.01369748 -0.05784726
v -0.70697415 0.01759144 -0.05541866
v -0.70703477 0.01718900 -0.06559760
v -0.70644003 0.01696524 -0.07583685
v -0.70631486 0.02021060 -0.08534247
v -0.69717443 0.01968731 -0.05452562
v -0.69750410 0.01863231 -0.06457690
v -0.69737625 0.01925723 -0.07523448
v -0.69723296 0.02209093 -0.08417519
v -0.70726788 0.05479658 -0.08881338
v -0.69626600 0.05654072 -0.08996874
v -0.69598705 0.04551823 -0.09385942
v -0.70747745 0.02024318 -0.04488612
v -0.69782406 0.02408681 -0.04523100
v -0.69908756 0.03028519 -0.03613754
v -0.70074046 0.04129956 -0.03312035
v -0.76936388 0.00859657 -0.00871819
v -0.76550817 0.00892362 -0.01523966
v -0.75880206 0.00621871 -0.00957275
v -0.76399541 0.00639169 -0.00326989
v -0.80330122 0.02715982 -0.03154667
v -0.79508537 0.02536702 -0.03127659
v -0.80399001 0.03488901 -0.03040058
v -0.73614758 0.00940699 -0.08396091
v -0.73163515 0.01222708 -0.09481674
v -0.80693686 0.01973535 -0.04887917
v -0.82120067 0.03453569 -0.03096207
v -0.82289147 0.04038795 -0.03382440
v -0.83595008 0.03893301 -0.03332201
v -0.83479255 0.03388862 -0.03040651
v -0.82162541 0.02148234 -0.04569327
v -0.82453310 0.02559252 -0.04999329
v -0.81694329 0.02397942 -0.05202810
v -0.81408077 0.02133239 -0.04671396
v -0.80535203 0.02057662 -0.08969826
v -0.79722232 0.01814905 -0.08931986
v -0.80359864 0.04787853 -0.04277355
v -0.79144347 0.05022522 -0.04171016
v -0.80465901 0.04445365 -0.05500007
v -0.78983730 0.01834009 -0.08206625
v -0.78110421 0.01928725 -0.07537590
v -0.79130220 0.01929144 -0.07625308
v -0.80516839 0.02088505 -0.06018988
v -0.79699695 0.01993833 -0.06126437
v -0.80086046 0.01974690 -0.05614896
v -0.80799234 0.02070749 -0.05401904
v -0.75056249 0.03259919 -0.10643114
v -0.74957985 0.01960533 -0.10774434
v -0.84119320 0.02769784 -0.03054774
v -0.84710085 0.02674859 -0.03109325
v -0.69633275 0.03523649 -0.09288353
v -0.69695866 0.02739463 -0.08978795
v -0.77018541 0.01919059 -0.07446307
v -0.77730340 0.05059195 -0.04097960
v -0.75960761 0.01794927 -0.07378517
v -0.80317736 0.02862496 -0.09843021
v -0.80409575 0.03546068 -0.09684774
v -0.79555047 0.03572808 -0.09585834
v -0.79511333 0.02834137 -0.10035087
v -0.84295630 0.02306662 -0.04433217
v -0.84434754 0.02774347 -0.04777220
v -0.83688056 0.02736141 -0.04827450
v -0.83521551 0.02269655 -0.04446829
v -0.81923985 0.02302030 -0.03486176
v -0.82008451 0.02062413 -0.04029033
v -0.81162852 0.02102536 -0.04141016
v -0.81030577 0.02309360 -0.03571030
v -0.81087267 0.02850796 -0.03197161
v -0.81979209 0.02851476 -0.03162599
v -0.82559294 0.04073216 -0.04698159
v -0.82667023 0.03336346 -0.05039821
v -0.83838737 0.03412005 -0.04914660
v -0.83825201 0.04017374 -0.04509118
v -0.74913168 0.05178665 -0.08090232
v -0.74556023 0.04820628 -0.08971448
v -0.75898957 0.04527333 -0.09226829
v -0.77230483 0.04241394 -0.09509332
v -0.78489673 0.03729159 -0.09711483
v -0.79034066 0.04376775 -0.08759767
v -0.75497633 0.04088211 -0.09954587
v -0.81379735 0.04021505 -0.05948583
v -0.81534415 0.03388020 -0.05810670
v -0.81519026 0.03998871 -0.05078607
v -0.75796092 0.01512532 -0.08126678
v -0.83370382 0.02830610 -0.03058679
v -0.72233480 0.05563988 -0.04192999
v -0.72248918 0.06114922 -0.05432202
v -0.73296577 0.05962553 -0.05480176
v -0.73151171 0.05298960 -0.04055867
v -0.83383155 0.02107435 -0.03913675
v -0.83343071 0.02282489 -0.03358940
v -0.80379796 0.02245604 -0.09936506
v -0.79758751 0.02020202 -0.10152170
v -0.79636359 0.01800925 -0.09623133
v -0.80360270 0.02071288 -0.09529737
v -0.74232507 0.04361862 -0.09688395
v -0.78392333 0.03508911 -0.10992078
v -0.78078246 0.02644858 -0.11571091
v -0.72705668 0.05701172 -0.07761586
v -0.73369265 0.05065048 -0.08793302
v -0.73677325 0.05474385 -0.07900978
v -0.79979128 0.04366722 -0.07646671
v -0.75306153 0.05428028 -0.07281592
v -0.74012685 0.05678646 -0.07080244
v -0.72927839 0.05937827 -0.06813632
v -0.72043294 0.06148184 -0.06716012
v -0.71866101 0.05873518 -0.07738785
v -0.84574562 0.03912083 -0.04418280
v -0.83736879 0.04176377 -0.03866841
v -0.70887840 0.06069677 -0.07781929
v -0.69727033 0.06268386 -0.07990825
v -0.71060139 0.06337833 -0.06711359
v -0.69868892 0.06490269 -0.06860831
v -0.74332058 0.05800834 -0.06170700
v -0.74555051 0.05695382 -0.05184504
v -0.75643951 0.05569526 -0.06395014
v -0.75989592 0.05510434 -0.05314197
v -0.80084449 0.04900545 -0.06618563
v -0.85079104 0.02814508 -0.04796252
v -0.86007655 0.02843401 -0.04771351
v -0.86082172 0.03305804 -0.04651267
v -0.85186577 0.03383955 -0.04719739
v -0.84553128 0.03382664 -0.04791813
v -0.85186392 0.03811483 -0.04365385
v -0.76261872 0.05129558 -0.04030135
v -0.81346452 0.02341055 -0.05938071
v -0.74582696 0.04956022 -0.03706392
v -0.76751852 0.04497649 -0.02664886
v -0.75596416 0.04310952 -0.02325252
v -0.72759658 0.04462286 -0.02960272
v -0.73778623 0.04142611 -0.02340098
v -0.71226084 0.04920144 -0.03484656
v -0.71987647 0.04700020 -0.03331689
v -0.70181370 0.05194767 -0.03538819
v -0.74843830 0.03763520 -0.01409308
v -0.85510784 0.02144758 -0.03537019
v -0.85584867 0.02059891 -0.04093697
v -0.70192885 0.06074679 -0.04377403
v -0.71342999 0.05770517 -0.04269304
v -0.76214415 0.00720067 -0.02304074
v -0.74949986 0.01639752 -0.07289966
v -0.74793303 0.01343835 -0.07859725
v -0.74489063 0.00983326 -0.08655997
v -0.74055129 0.01136910 -0.09766891
v -0.70056415 0.06554668 -0.05604505
v -0.68305612 0.01801228 -0.06290568
v -0.68293893 0.01819307 -0.07348988
v -0.68353504 0.06522161 -0.07095051
v -0.85560167 0.02526085 -0.03187091
v -0.81525415 0.02836919 -0.07910854
v -0.81365669 0.02937930 -0.08203617
v -0.75284785 0.00917970 -0.00330043
v -0.76014018 0.00940674 0.00169189
v -0.75109237 0.01713671 0.00052128
v -0.75357324 0.02646112 -0.00020467
v -0.76243258 0.02340613 0.00436996
v -0.76005435 0.01587415 0.00451741
v -0.73892021 0.01346889 -0.07175743
v -0.73829406 0.01167721 -0.07706208
v -0.73845011 0.02138850 -0.10528312
v -0.73923594 0.03403630 -0.10385577
v -0.81197673 0.03539814 -0.03118962
v -0.80419809 0.04251040 -0.03419689
v -0.81291938 0.04136032 -0.03475078
v -0.82390434 0.04338405 -0.04017407
v -0.81911415 0.03165449 -0.05274465
v -0.81688213 0.02888666 -0.05756240
v -0.73211712 0.00651951 -0.04906440
v -0.74494880 0.01142133 -0.05450785
v -0.77147067 0.01410785 -0.01920374
v -0.77360392 0.01522075 -0.01288490
v -0.79330206 0.01981751 -0.06863317
v -0.81265676 0.04207599 -0.07430404
v -0.81223112 0.04624047 -0.06644598
v -0.80244887 0.02063058 -0.06861526
v -0.85844344 0.03448373 -0.03286990
v -0.85702282 0.02973583 -0.03095532
v -0.81367320 0.04504010 -0.04186643
v -0.78764170 0.01649899 -0.08929833
v -0.80755460 0.03875551 -0.08156726
v -0.81467843 0.03568733 -0.07762632
v -0.77826101 0.01929328 -0.11427161
v -0.71274090 0.06300712 -0.05468498
v -0.85754877 0.02282002 -0.04591786
v -0.84912634 0.02299005 -0.04518353
v -0.86035979 0.03633490 -0.04326678
v -0.85918808 0.03720561 -0.03790061
v -0.72896206 0.02234312 -0.10144345
v -0.75101906 0.01801369 -0.06844057
v -0.68259108 0.02071947 -0.08310696
v -0.76644516 0.02937961 0.00035541
v -0.75760001 0.03388488 -0.00577562
v -0.81083035 0.02185294 -0.06872842
v -0.78957397 0.03314172 -0.10363156
v -0.80740339 0.04129760 -0.09129844
v -0.81193620 0.03955416 -0.08512334
v -0.79979396 0.04222294 -0.08944340
v -0.81504625 0.03444093 -0.08365532
v -0.86753500 0.03551521 -0.04331889
v -0.86639482 0.03634477 -0.03795659
v -0.86606562 0.03372546 -0.03279178
v -0.86396974 0.02892676 -0.03131839
v -0.86180389 0.02468571 -0.03256677
v -0.86781269 0.03224183 -0.04650048
v -0.86699331 0.02784877 -0.04764841
v -0.86375582 0.02278891 -0.04598262
v -0.87357342 0.03101721 -0.04679989
v -0.87481862 0.03419420 -0.04347426
v -0.87747002 0.03316068 -0.03520998
v -0.88136429 0.03214632 -0.03492624
v -0.87954706 0.03001309 -0.03260025
v -0.87400126 0.03265915 -0.03319816
v -0.88462120 0.02845645 -0.03362082
v -0.88607091 0.03122455 -0.03551098
v -0.87684900 0.03450163 -0.03826446
v -0.88171548 0.03388699 -0.03877283
v -0.88643271 0.03247076 -0.04327498
v -0.88679272 0.03316747 -0.03933085
v -0.88153595 0.03302829 -0.04271906
v -0.87764883 0.03400325 -0.04166421
v -0.87319398 0.03528741 -0.03806936
v -0.89087576 0.03196722 -0.03962959
v -0.89171493 0.02866991 -0.04013465
v -0.88898718 0.02791124 -0.03578668
v -0.88934475 0.03066689 -0.03630843
v -0.87045604 0.02811132 -0.03167852
v -0.87745702 0.02660482 -0.03253071
v -0.88322133 0.02516068 -0.03417456
v -0.88782191 0.02477154 -0.03666153
v -0.88240814 0.02237346 -0.03608157
v -0.87651795 0.02295238 -0.03422409
v -0.88626349 0.02241991 -0.03843544
v -0.88224125 0.02059468 -0.03888681
v -0.87640375 0.02023848 -0.03752051
v -0.86718911 0.02087350 -0.03621414
v -0.86802274 0.02410421 -0.03296565
v -0.88507348 0.02131056 -0.03988705
v -0.89041215 0.02564500 -0.04107215
v -0.88042080 0.03191571 -0.04554295
v -0.88588488 0.03057447 -0.04579553
v -0.87960118 0.02951595 -0.04727994
v -0.88514495 0.02807918 -0.04710132
v -0.89000702 0.03204365 -0.04317075
v -0.89027309 0.02972718 -0.04464894
v -0.86067206 0.02119445 -0.03604602
v -0.86159039 0.02077467 -0.04164333
v -0.86776638 0.02012609 -0.04178977
v -0.87672263 0.01946272 -0.04263752
v -0.86959398 0.02237286 -0.04610856
v -0.87250358 0.02693850 -0.04781801
v -0.87889105 0.02630355 -0.04776022
v -0.87756842 0.02227795 -0.04665082
v -0.88317305 0.02232061 -0.04596253
v -0.88411927 0.02510834 -0.04716475
v -0.88271695 0.02049924 -0.04268377
v -0.88752121 0.02425197 -0.04541428
v -0.88925093 0.02692288 -0.04539816
v -0.88592434 0.02259958 -0.04486417
v -0.88591325 0.02177298 -0.04238969
v -0.88821483 0.02333102 -0.04189487
v -0.84624439 0.02431288 -0.07308038
v -0.84676069 0.02546951 -0.06787702
v -0.85438484 0.02460087 -0.06950860
v -0.85403073 0.02347843 -0.07497748
v -0.84787405 0.03415753 -0.06308904
v -0.84797120 0.04011175 -0.06474186
v -0.85508192 0.03838011 -0.06560562
v -0.85506439 0.03235671 -0.06441863
v -0.84750021 0.04337090 -0.07055941
v -0.85452747 0.04145920 -0.07128274
v -0.82481855 0.03414944 -0.06062691
v -0.82480383 0.04064851 -0.06166175
v -0.83975482 0.04111934 -0.06345246
v -0.83965993 0.03482995 -0.06195105
v -0.82163960 0.02430709 -0.07565732
v -0.82321364 0.02875533 -0.07858146
v -0.84741223 0.02911116 -0.06467940
v -0.85485947 0.02760086 -0.06611778
v -0.84644246 0.02588539 -0.07787231
v -0.84690404 0.02991672 -0.08111419
v -0.83806545 0.02974428 -0.07978716
v -0.83749074 0.02559473 -0.07662550
v -0.82252336 0.02447979 -0.06322307
v -0.82140636 0.02298739 -0.06954139
v -0.82403928 0.02883420 -0.06097367
v -0.82439017 0.04222726 -0.07471468
v -0.82444161 0.03595221 -0.07846365
v -0.83884984 0.03573921 -0.08025403
v -0.83917427 0.04165085 -0.07684635
v -0.83895564 0.02944222 -0.06322037
v -0.83721364 0.02404851 -0.07148682
v -0.83805650 0.02521766 -0.06620254
v -0.84747511 0.04052727 -0.07767770
v -0.83918881 0.04431673 -0.06965130
v -0.85448867 0.02914589 -0.08251666
v -0.86494327 0.02907497 -0.08376490
v -0.86481434 0.03387908 -0.08224386
v -0.85474634 0.03419214 -0.08173502
v -0.84747565 0.03497095 -0.08100292
v -0.85455823 0.03918485 -0.07808645
v -0.86556411 0.02347860 -0.07198621
v -0.86534780 0.02289546 -0.07750377
v -0.86589038 0.02623407 -0.06836908
v -0.82439417 0.04539241 -0.06757649
v -0.86532336 0.03652462 -0.06737308
v -0.86573923 0.03060355 -0.06675495
v -0.86500567 0.02465458 -0.08196741
v -0.85413486 0.02505158 -0.07969957
v -0.86444175 0.03807246 -0.07878193
v -0.86424643 0.03988550 -0.07254878
v -0.87264496 0.03684278 -0.07983112
v -0.87248957 0.03847943 -0.07407337
v -0.87369788 0.03547668 -0.06905387
v -0.87328207 0.02985523 -0.06832241
v -0.87251490 0.02581225 -0.06992950
v -0.87278914 0.03332657 -0.08310292
v -0.87241304 0.02920904 -0.08463296
v -0.87147266 0.02476943 -0.08297661
v -0.87998992 0.03258738 -0.08468680
v -0.88114756 0.03595796 -0.08166776
v -0.88939703 0.03454434 -0.07430296
v -0.89481884 0.03419723 -0.07514147
v -0.89413762 0.03108923 -0.07372674
v -0.88838142 0.03237000 -0.07183185
v -0.88543773 0.03554083 -0.07394839
v -0.88221282 0.03469709 -0.07129968
v -0.88469541 0.03663144 -0.07694593
v -0.88949776 0.03661031 -0.07803386
v -0.89424938 0.03585179 -0.08334243
v -0.89530134 0.03678164 -0.07923677
v -0.88863260 0.03540667 -0.08177509
v -0.88471425 0.03585798 -0.08028440
v -0.89894509 0.03103927 -0.07669047
v -0.89879197 0.03392220 -0.07652479
v -0.88037205 0.03751143 -0.07589104
v -0.87965822 0.02967567 -0.06994208
v -0.88700610 0.02858922 -0.07163449
v -0.89339799 0.02769085 -0.07430293
v -0.89814651 0.02774515 -0.07778217
v -0.89266115 0.02467692 -0.07604773
v -0.88610899 0.02480609 -0.07353099
v -0.89654672 0.02541418 -0.07922562
v -0.89209288 0.02279451 -0.07915141
v -0.88551438 0.02202510 -0.07717235
v -0.87698764 0.02292737 -0.07508595
v -0.87802798 0.02557524 -0.07146110
v -0.89510614 0.02413033 -0.08050551
v -0.90124786 0.03277468 -0.08107436
v -0.90002501 0.02932712 -0.08200425
v -0.90056813 0.03629184 -0.08002383
v -0.88769162 0.03374313 -0.08369724
v -0.89371079 0.03347073 -0.08501728
v -0.88705975 0.03180053 -0.08596534
v -0.89341176 0.03138424 -0.08675162
v -0.89864433 0.03592831 -0.08381864
v -0.89883518 0.03356859 -0.08497529
v -0.87175041 0.02331873 -0.07353339
v -0.87126964 0.02289605 -0.07863919
v -0.87648684 0.02237385 -0.08019332
v -0.88507056 0.02184684 -0.08222958
v -0.87686396 0.02461375 -0.08428040
v -0.87875021 0.02887768 -0.08576111
v -0.88601887 0.02864971 -0.08684876
v -0.88511723 0.02472083 -0.08591549
v -0.89141715 0.02532130 -0.08633225
v -0.89242172 0.02855889 -0.08711868
v -0.89151490 0.02286232 -0.08325204
v -0.89660341 0.02804642 -0.08596274
v -0.89818722 0.03078964 -0.08576114
v -0.89482689 0.02582109 -0.08562440
v -0.89535558 0.02460749 -0.08317996
v -0.89796084 0.02663434 -0.08268262
v -0.83435088 0.02152804 -0.09772499
v -0.83651549 0.02438305 -0.09343818
v -0.84248120 0.02390265 -0.09529115
v -0.84054732 0.02092077 -0.09974787
v -0.83785117 0.03345652 -0.09108736
v -0.83640188 0.03768693 -0.09276293
v -0.84299785 0.03615161 -0.09513348
v -0.84381330 0.03266033 -0.09330045
v -0.83442396 0.03921959 -0.09808762
v -0.84167445 0.03764391 -0.09987881
v -0.82064092 0.03360983 -0.08611105
v -0.81907874 0.03917025 -0.08768953
v -0.82950628 0.03859375 -0.09061173
v -0.83130306 0.03367880 -0.08879931
v -0.83786666 0.02874558 -0.09150930
v -0.84367609 0.02831184 -0.09354075
v -0.83294225 0.02169624 -0.10226109
v -0.83246154 0.02428851 -0.10532405
v -0.82469708 0.02397964 -0.10303061
v -0.82517028 0.02165411 -0.09994426
v -0.81376851 0.02158959 -0.09188960
v -0.81676030 0.02392518 -0.08762475
v -0.81949061 0.02825454 -0.08614147
v -0.81355739 0.03601643 -0.09928805
v -0.81245553 0.02919349 -0.10050844
v -0.82481575 0.02936483 -0.10464379
v -0.82517302 0.03627789 -0.10242846
v -0.83120924 0.02869246 -0.08927894
v -0.82705712 0.02114551 -0.09549753
v -0.82952869 0.02403845 -0.09114109
v -0.83281106 0.03562981 -0.10401749
v -0.82692295 0.03999259 -0.09620497
v -0.83897078 0.02397076 -0.10760729
v -0.85025066 0.02458627 -0.11049547
v -0.85038197 0.02918274 -0.11031947
v -0.83905220 0.02922136 -0.10819115
v -0.83230209 0.02937566 -0.10671683
v -0.83993417 0.03483399 -0.10539884
v -0.85228252 0.02285776 -0.09843475
v -0.85083908 0.02045027 -0.10290034
v -0.85315102 0.02699127 -0.09658957
v -0.81614494 0.04075976 -0.09345530
v -0.81173146 0.02325766 -0.09967832
v -0.85330200 0.03416795 -0.09794103
v -0.85357660 0.03078387 -0.09638311
v -0.84999192 0.02106826 -0.10768566
v -0.83923793 0.02114328 -0.10451717
v -0.85085350 0.03383538 -0.10751703
v -0.85182786 0.03623121 -0.10228265
v -0.85815388 0.03308549 -0.10904569
v -0.85910231 0.03523153 -0.10387152
v -0.86078471 0.03330312 -0.09936379
v -0.86050975 0.02959990 -0.09809761
v -0.85947204 0.02595142 -0.09846664
v -0.85778499 0.02873266 -0.11174185
v -0.85757035 0.02471447 -0.11175872
v -0.85609019 0.02119491 -0.10902200
v -0.86315048 0.02812060 -0.11311499
v -0.86496150 0.03206402 -0.11020060
v -0.87410432 0.03123694 -0.10375709
v -0.87908155 0.03131017 -0.10488660
v -0.87918204 0.02959527 -0.10326193
v -0.87392688 0.03030094 -0.10169637
v -0.87021053 0.03233286 -0.10321874
v -0.86764371 0.03229683 -0.10108833
v -0.86882156 0.03331892 -0.10594729
v -0.87341231 0.03317378 -0.10728391
v -0.87637812 0.03123124 -0.11233459
v -0.87839115 0.03297411 -0.10857704
v -0.87156457 0.03121751 -0.11094096
v -0.86809254 0.03242193 -0.10927857
v -0.88285494 0.02960557 -0.10576506
v -0.88223785 0.03137615 -0.10634446
v -0.86520976 0.03390969 -0.10508183
v -0.86622149 0.02865098 -0.09931004
v -0.87286741 0.02740705 -0.10070701
v -0.87849951 0.02665439 -0.10280595
v -0.88207442 0.02635678 -0.10579869
v -0.87706274 0.02371656 -0.10373368
v -0.87140828 0.02402154 -0.10159517
v -0.88020498 0.02362688 -0.10642255
v -0.87567985 0.02148825 -0.10562719
v -0.86994547 0.02119735 -0.10362729
v -0.86275935 0.02200167 -0.10183971
v -0.86452127 0.02505033 -0.09985396
v -0.87843162 0.02220776 -0.10720190
v -0.88352102 0.02997335 -0.11025168
v -0.88268089 0.02638284 -0.11070696
v -0.88242769 0.03255365 -0.10970715
v -0.87004000 0.02987659 -0.11304031
v -0.87544775 0.02926647 -0.11412789
v -0.86896372 0.02708708 -0.11426856
v -0.87480718 0.02676111 -0.11498301
v -0.88008785 0.03147096 -0.11267448
v -0.88010317 0.02962860 -0.11369364
v -0.85780346 0.02258903 -0.10037144
v -0.85634840 0.02064288 -0.10443699
v -0.86138111 0.02022842 -0.10566209
v -0.86895293 0.01969241 -0.10765293
v -0.86099017 0.02094451 -0.11004691
v -0.86242902 0.02425675 -0.11269499
v -0.86846900 0.02408374 -0.11387020
v -0.86815298 0.02101526 -0.11169762
v -0.87380463 0.02150174 -0.11273161
v -0.87414771 0.02402081 -0.11448835
v -0.87467688 0.02042486 -0.10915568
v -0.87826675 0.02406074 -0.11359701
v -0.87940305 0.02683729 -0.11417249
v -0.87707084 0.02220027 -0.11250941
v -0.87825924 0.02194203 -0.10987101
v -0.88060057 0.02368417 -0.11033293
v -0.81191534 0.02176029 -0.09629417
v -0.80905157 0.01610501 -0.12164448
v -0.81125808 0.01828641 -0.11885596
v -0.81550449 0.01782676 -0.12205959
v -0.81317627 0.01553927 -0.12471313
v -0.81338423 0.02648768 -0.11748426
v -0.81193233 0.03023748 -0.11986928
v -0.81655294 0.02892676 -0.12336413
v -0.81787831 0.02557528 -0.12102244
v -0.80879343 0.03062090 -0.12455817
v -0.81372005 0.02915913 -0.12754622
v -0.79916501 0.02744223 -0.10741495
v -0.79650187 0.03210722 -0.10931137
v -0.80638689 0.03092453 -0.11602002
v -0.80801237 0.02694032 -0.11360585
v -0.79269373 0.01577447 -0.11606334
v -0.79062623 0.01791619 -0.11917057
v -0.78407663 0.01875160 -0.11576688
v -0.78532177 0.01610207 -0.11179959
v -0.81298214 0.02203107 -0.11735301
v -0.81725693 0.02146866 -0.12085698
v -0.80681515 0.01547941 -0.12483426
v -0.80500281 0.01713753 -0.12784621
v -0.79979271 0.01760199 -0.12463538
v -0.80186552 0.01557774 -0.12158961
v -0.79741234 0.01833673 -0.10881268
v -0.79526442 0.01584912 -0.11263334
v -0.78851128 0.01523460 -0.10790850
v -0.79234713 0.01674247 -0.10395619
v -0.79918838 0.02188227 -0.10743166
v -0.78929728 0.02766469 -0.11966758
v -0.78939676 0.02207666 -0.12053925
v -0.79899496 0.02180972 -0.12612577
v -0.80013782 0.02725063 -0.12495422
v -0.80790830 0.02236772 -0.11372848
v -0.80421144 0.01601338 -0.11824446
v -0.80643958 0.01850610 -0.11519554
v -0.80590212 0.02643269 -0.12825678
v -0.80293244 0.03162731 -0.12073898
v -0.80923128 0.01646264 -0.13124765
v -0.81558442 0.01582440 -0.13570665
v -0.81558371 0.01927923 -0.13678502
v -0.80891103 0.02048296 -0.13257623
v -0.80431259 0.02122184 -0.12949774
v -0.81057692 0.02542932 -0.13142081
v -0.82183272 0.01692027 -0.12638685
v -0.81905115 0.01461016 -0.12898880
v -0.82336068 0.02034514 -0.12535590
v -0.79225266 0.03358076 -0.11454979
v -0.82308537 0.02704444 -0.12777095
v -0.82414508 0.02392752 -0.12571339
v -0.81693399 0.01427329 -0.13258712
v -0.81096643 0.01497601 -0.12804313
v -0.81714648 0.02371840 -0.13552517
v -0.82004493 0.02729332 -0.13166365
v -0.82237500 0.02281955 -0.13874649
v -0.82505631 0.02647040 -0.13475524
v -0.82803488 0.02582982 -0.13071723
v -0.82855946 0.02296847 -0.12848237
v -0.82738173 0.01960480 -0.12812883
v -0.82069087 0.01847449 -0.13983488
v -0.82049453 0.01557751 -0.13825253
v -0.82124639 0.01439246 -0.13505954
v -0.82534635 0.01799205 -0.14209338
v -0.82778871 0.02231369 -0.14138740
v -0.83719474 0.02369796 -0.13700633
v -0.84052902 0.02331884 -0.13865146
v -0.84117699 0.02197059 -0.13734743
v -0.83759636 0.02300814 -0.13506356
v -0.83398932 0.02467269 -0.13602133
v -0.83273035 0.02466756 -0.13365228
v -0.83189034 0.02475598 -0.13833539
v -0.83541346 0.02458501 -0.14006481
v -0.83702803 0.02179016 -0.14513253
v -0.83900434 0.02452968 -0.14210959
v -0.83342320 0.02232490 -0.14333420
v -0.83079743 0.02329510 -0.14124064
v -0.84385741 0.02163256 -0.14024247
v -0.84292299 0.02338207 -0.14051540
v -0.82936352 0.02528092 -0.13695762
v -0.83253092 0.02215294 -0.13105574
v -0.83748502 0.02100299 -0.13370928
v -0.84169799 0.01982481 -0.13681771
v -0.84381807 0.01898500 -0.14031923
v -0.84032708 0.01753052 -0.13675445
v -0.83596134 0.01852418 -0.13338014
v -0.84221876 0.01692578 -0.13998924
v -0.83840454 0.01565977 -0.13725419
v -0.83388805 0.01595731 -0.13396940
v -0.82882631 0.01637606 -0.13105614
v -0.83103895 0.01930187 -0.13036567
v -0.84058112 0.01576959 -0.13956319
v -0.84329212 0.02118830 -0.14427064
v -0.84295261 0.01834936 -0.14373030
v -0.84212482 0.02386556 -0.14394394
v -0.83182931 0.02027256 -0.14452228
v -0.83634740 0.01956704 -0.14639898
v -0.83037561 0.01739754 -0.14434545
v -0.83584690 0.01699616 -0.14605191
v -0.83987302 0.02205900 -0.14596768
v -0.84029132 0.01996934 -0.14647244
v -0.82562524 0.01652648 -0.12909687
v -0.82306534 0.01459897 -0.13150580
v -0.82654536 0.01425150 -0.13346747
v -0.83172667 0.01382670 -0.13613084
v -0.82493997 0.01374210 -0.13705194
v -0.82449174 0.01508559 -0.14030008
v -0.82994682 0.01487143 -0.14275660
v -0.83033949 0.01326358 -0.13978520
v -0.83582169 0.01372486 -0.14188954
v -0.83559912 0.01493163 -0.14441971
v -0.83686829 0.01405000 -0.13902594
v -0.83967441 0.01575791 -0.14417158
v -0.84023809 0.01746907 -0.14572640
v -0.83893245 0.01474010 -0.14261594
v -0.84001064 0.01512248 -0.14114764
v -0.84172958 0.01641129 -0.14257294
v -0.78424603 0.02209796 -0.11749830
v -0.78169781 0.02359348 -0.00299954
v -0.77957767 0.02639515 0.00145463
v -0.77610421 0.00710445 -0.00136135
v -0.77993900 0.01244668 -0.00455624
v -0.77194327 0.00568541 0.00417163
v -0.77015680 0.01432594 0.01089399
v -0.77008069 0.00905106 0.00840863
v -0.78206509 0.01869096 -0.00513025
v -0.77608466 0.02661157 0.00669729
v -0.77198160 0.02136451 0.01066240
v -0.78385526 0.02497934 0.01348087
v -0.78053802 0.01963942 0.01765939
v -0.77804607 0.01225281 0.01839945
v -0.77740580 0.00678105 0.01453710
v -0.77810705 0.00397909 0.00921969
v -0.78681529 0.02554471 0.00692148
v -0.78797215 0.02280712 0.00174058
v -0.78713489 0.01705928 -0.00063724
v -0.79379427 0.02441926 0.01210663
v -0.79433453 0.02314289 0.02048182
v -0.79369497 0.01206578 0.03046074
v -0.79762536 0.01199652 0.03312352
v -0.79755443 0.00801483 0.03101454
v -0.79250395 0.00796921 0.02835057
v -0.79159564 0.01330421 0.02793055
v -0.78784978 0.01059810 0.02516506
v -0.79592985 0.01830793 0.03037637
v -0.79339582 0.01819095 0.02725510
v -0.79591596 0.02197820 0.02540593
v -0.79897010 0.02277917 0.02708803
v -0.79955637 0.01817061 0.03367105
v -0.80358738 0.01701058 0.03486981
v -0.80133164 0.01272317 0.03474703
v -0.80262154 0.01007769 0.03282407
v -0.79007798 0.01819419 0.02388638
v -0.78473747 0.00534107 0.02004483
v -0.79179877 0.00440313 0.02428680
v -0.79848051 0.00520543 0.02725016
v -0.80388963 0.00840878 0.02884109
v -0.79990894 0.00484968 0.02204263
v -0.79296798 0.00251341 0.01859752
v -0.80421871 0.00822167 0.02398106
v -0.80132914 0.00682207 0.01786938
v -0.79513669 0.00438233 0.01297320
v -0.78606951 0.00431274 0.00715223
v -0.78417385 0.00260928 0.01361436
v -0.80410421 0.00886010 0.02070985
v -0.80693048 0.01491249 0.03279258
v -0.80750293 0.01340843 0.02824092
v -0.80044150 0.02369951 0.02235652
v -0.80459219 0.02284600 0.02559135
v -0.80237180 0.02237991 0.02999567
v -0.80080527 0.02326157 0.01683718
v -0.80574757 0.02150250 0.02125704
v -0.80483085 0.02085372 0.03247385
v -0.80721539 0.02021850 0.02948351
v -0.78079522 0.00543382 0.00340465
v -0.78429496 0.01068224 -0.00009831
v -0.78945202 0.01014940 0.00363148
v -0.79763114 0.00991528 0.00952022
v -0.79255348 0.01664974 0.00317881
v -0.79400456 0.02232438 0.00641687
v -0.80118394 0.02083492 0.01231581
v -0.80005503 0.01598913 0.00931884
v -0.80462986 0.01521396 0.01543271
v -0.80569220 0.01873491 0.01758401
v -0.80299944 0.01078121 0.01578042
v -0.80737817 0.01607877 0.02143971
v -0.80818892 0.01833934 0.02527272
v -0.80614805 0.01441583 0.01915551
v -0.80542207 0.01162380 0.02007462
v -0.80673337 0.01231173 0.02367432
v -0.77945000 0.01466185 -0.10970511
v -0.78249139 0.01350924 -0.10424594
v -0.77491111 0.01297699 -0.10236745
v -0.76581848 0.01164053 -0.10052764
v -0.75621653 0.01332136 -0.10458314
v -0.76771837 0.01249188 -0.09386048
v -0.77689582 0.01369757 -0.09598239
v -0.78722197 0.01512021 -0.09785931
v -0.76204395 0.01351825 -0.08650862
v -0.01748162 0.08012179 0.05602698
v -0.01767766 0.06502406 0.06516109
v -0.31120810 0.04478411 -0.00217355
v -0.30934489 0.06267408 -0.00293508
v -0.30709302 0.09875338 -0.04723101
v -0.30391136 0.09839810 -0.07015810
v -0.06742498 -0.22946984 0.13085811
v -0.11761111 -0.18094616 -0.08813664
v -0.12085330 -0.16039188 -0.09387058
v -0.03973474 -0.16303712 -0.11923808
v -0.06091839 -0.16734056 -0.11820687
v -0.15076569 -0.19671899 0.03221547
v -0.15154281 -0.17588602 0.03012085
v -0.10837352 -0.20507278 0.09459204
v -0.11000194 -0.18164136 0.09256719
v -0.14044717 -0.22136424 0.05812826
v -0.08357380 -0.21614918 -0.10196958
v -0.10331390 -0.21778350 -0.09387690
v -0.10027304 -0.19714014 -0.09657609
v -0.08134955 -0.19436239 -0.10630880
v -0.01939742 -0.15925105 -0.11468201
v -0.01948702 -0.18489520 -0.10829598
v -0.15940809 -0.15389092 0.00139151
v -0.15953197 -0.15292828 -0.02699455
v -0.14194620 -0.14665470 -0.07811058
v -0.12644610 -0.14051114 -0.09774515
v -0.10774605 -0.13218595 -0.11174034
v -0.08678479 -0.12330674 -0.12178309
v -0.09426740 -0.15817460 0.10742046
v -0.07508272 -0.13451254 0.11578303
v -0.15254593 -0.15446985 0.02858030
v -0.02604013 -0.15752366 0.13527313
v -0.06830025 -0.08965589 -0.13321365
v -0.04298627 -0.08438805 -0.13571475
v -0.15352289 -0.15064150 -0.05391497
v -0.03389396 0.02283047 0.08662208
v -0.05280454 0.02632912 0.08587728
v -0.05162433 0.01066725 0.09434015
v -0.03315055 0.00646178 0.09403688
v -0.06950349 0.01266459 0.09280714
v -0.08662555 0.01350308 0.08962539
v -0.10252021 0.01336435 0.08534277
v -0.14099392 0.00740343 0.06921566
v -0.12966138 0.01036554 0.07503030
v -0.15880242 -0.00384680 0.05383598
v -0.15087397 0.00288820 0.06247146
v -0.16344933 -0.01446268 0.04235900
v -0.16483872 -0.02664184 0.02822466
v -0.17130911 -0.02604301 0.00766586
v -0.16765048 -0.03870940 0.01303553
v -0.16046116 -0.03934178 0.03508283
v -0.15771976 -0.02716829 0.04793611
v -0.15305051 -0.01726021 0.05923255
v -0.02068876 -0.06209674 0.10682285
v -0.01744374 -0.03686099 0.10253202
v -0.01633201 0.09438970 0.04734293
v -0.51348245 0.01895755 -0.10130423
v -0.64555418 0.05155407 -0.03619343
v -0.01761872 0.11708000 -0.11539061
v -0.03667235 0.12137516 -0.11802766
v -0.10120732 0.13371290 -0.10826588
v -0.11711908 0.14392315 -0.08953590
v -0.07939290 0.12428550 -0.11970548
v -0.05749855 0.11630780 -0.12379454
v -0.14106014 -0.13421018 0.05223089
v -0.03777408 0.08373200 -0.13075359
v -0.05871163 0.10422524 -0.12939586
v -0.08181266 0.11217424 -0.12615979
v -0.10656394 0.12186580 -0.11558515
v -0.13124426 0.13276470 -0.09602139
v -0.14974296 0.13027260 -0.08795667
v -0.17102066 0.11076672 -0.09242290
v -0.18952058 0.11253563 -0.08361506
v -0.19165395 0.12721777 -0.06747136
v -0.18252175 0.12707143 -0.07173754
v -0.17964993 0.11166351 -0.08729846
v -0.27195168 0.10222212 -0.07772165
v -0.29417747 0.08348977 -0.09165527
v -0.28636387 0.09477887 -0.08305920
v -0.29732078 0.06865871 -0.09825879
v -0.29833674 0.05716803 -0.10209296
v -0.29468819 0.04549418 -0.10387011
v -0.28459796 0.03559316 -0.10332829
v -0.24514286 0.01473863 -0.09274556
v -0.22757098 0.00767956 -0.08830117
v -0.19186994 -0.01868097 -0.09566951
v -0.18233228 -0.02519532 -0.09886421
v -0.15902542 -0.05166312 -0.10590162
v -0.14648737 -0.06326874 -0.10803389
v -0.13413589 -0.07781616 -0.11241329
v -0.11887039 -0.31510606 -0.09592760
v -0.11529510 -0.29800683 -0.09163354
v -0.09570475 -0.29970464 -0.10132078
v -0.09964382 -0.31761497 -0.10724376
v -0.04618707 -0.26155114 -0.10267068
v -0.02337468 -0.26222306 -0.10025492
v -0.15846780 -0.29764560 -0.03520936
v -0.16181958 -0.30143949 -0.00885213
v -0.13348950 -0.29620209 -0.07709973
v -0.14839776 -0.29608265 -0.05836036
v -0.15806340 -0.30779833 0.01751698
v -0.09944562 -0.34161359 0.09564218
v -0.07941556 -0.34773058 0.10937489
v -0.03843993 -0.35567805 0.12687622
v -0.01881090 -0.35832870 0.13040853
v -0.14869507 -0.31606561 0.04144653
v -0.05866640 -0.35236061 0.12005243
v -0.13521130 -0.32529771 0.06165197
v -0.11808183 -0.33411255 0.07959728
v -0.06839369 -0.26081437 -0.10254069
v -0.07152931 -0.28267074 -0.10353197
v -0.09261787 -0.28114370 -0.09969369
v -0.05889862 -0.01420067 -0.14588453
v -0.03769757 -0.01583743 -0.14209253
v -0.08039317 -0.01094802 -0.14713612
v -0.09814946 0.01227528 -0.14677970
v -0.10165916 -0.00561721 -0.14482935
v -0.12133943 0.00053303 -0.13962352
v -0.11800169 0.01800190 -0.14123148
v -0.15310951 0.02810686 -0.12459801
v -0.15510407 0.01385638 -0.12396956
v -0.16846724 0.01821968 -0.11754937
v -0.16719876 0.03182963 -0.11819687
v -0.19181168 0.02490335 -0.10671857
v -0.18057682 0.02182396 -0.11181251
v -0.20386024 0.02888898 -0.10197061
v -0.22001629 0.03360566 -0.10217042
v -0.21610786 0.05968223 -0.10622524
v -0.20250094 0.05485250 -0.10757133
v -0.15347448 0.04364700 -0.12352677
v -0.13635580 0.04030624 -0.13198903
v -0.03541654 0.02059239 -0.14066264
v -0.01678929 0.01815381 -0.13543887
v -0.17273144 -0.04665442 -0.00445527
v -0.17789975 -0.05338199 -0.02383586
v -0.18153568 -0.05690105 -0.04304912
v -0.18129769 -0.05615477 -0.06067333
v -0.17934150 -0.05370210 -0.07731271
v -0.17409466 -0.04838869 -0.09147274
v -0.17430146 -0.03241002 -0.10136718
v -0.16725291 -0.04089047 -0.10363644
v -0.16913526 -0.02367874 -0.10995879
v -0.15987305 -0.03180492 -0.11377966
v -0.14474370 -0.00715289 -0.12805736
v -0.15223147 -0.02040324 -0.12185382
v -0.13918346 0.00750371 -0.13193299
v -0.13623990 0.02345605 -0.13313511
v -0.11724273 0.03604698 -0.14063647
v -0.09711687 0.03125856 -0.14636232
v -0.07799339 0.06365927 -0.14265849
v -0.07697743 0.04588936 -0.14625660
v -0.07625192 0.02710801 -0.14802305
v -0.07660996 0.00801113 -0.14840016
v -0.07844435 0.15912840 -0.08463551
v -0.05949133 0.15344553 -0.09557959
v -0.27645499 0.04114208 -0.10397343
v -0.28197429 0.04865828 -0.10410950
v -0.27191088 0.04921141 -0.10437950
v -0.27081388 0.04378155 -0.10427433
v -0.28386894 0.05763059 -0.10335542
v -0.28297079 0.06881758 -0.10082372
v -0.27079818 0.06738137 -0.10239030
v -0.27179953 0.05653189 -0.10426050
v -0.27997178 0.08116214 -0.09607883
v -0.26776609 0.07836960 -0.09882378
v -0.27370822 0.09119526 -0.09050772
v -0.26431736 0.09756606 -0.08642695
v -0.25974607 0.09320632 -0.09093998
v -0.26365578 0.08755138 -0.09475196
v -0.22682945 0.08946287 -0.09720754
v -0.23918788 0.09132256 -0.09414968
v -0.25119615 0.09247666 -0.09192383
v -0.23589869 0.04016756 -0.10345281
v -0.24925995 0.04835195 -0.10467792
v -0.26075485 0.05418929 -0.10473426
v -0.25918451 0.06455707 -0.10383885
v -0.24707773 0.05846090 -0.10462605
v -0.23356907 0.05101907 -0.10496948
v -0.05537045 0.00540248 -0.14623752
v -0.03528797 0.00334883 -0.14148071
v -0.19000420 0.03728845 -0.10809509
v -0.17954692 0.03483833 -0.11286238
v -0.20242876 0.04047847 -0.10531329
v -0.21804075 0.04543075 -0.10507875
v -0.19055668 0.05148762 -0.10936969
v -0.17947842 0.04891360 -0.11279217
v -0.16741781 0.04647205 -0.11754583
v -0.05550299 0.02367389 -0.14555557
v -0.01685049 0.00146655 -0.13650312
v -0.19330396 0.09381440 0.02143829
v -0.19401206 0.11982463 0.00538496
v -0.19646119 0.13516144 -0.01861323
v -0.19516779 0.13667426 -0.04506727
v -0.43912196 -0.00687852 -0.05992650
v -0.02022769 -0.21025385 -0.10264001
v -0.02160483 -0.23597531 -0.09938604
v -0.04336981 -0.23671849 -0.10242991
v -0.02030703 -0.08161768 -0.13166143
v -0.01805669 -0.01712914 -0.13729008
v -0.11094540 -0.01721781 0.09564959
v -0.09824019 -0.01620623 0.10042831
v -0.10002114 -0.00147280 0.09365774
v -0.11350812 -0.00255486 0.08859521
v -0.13206676 -0.02051057 0.08239581
v -0.12225243 -0.01861392 0.08944595
v -0.12564139 -0.00429680 0.08263905
v -0.13625437 -0.00687466 0.07594177
v -0.14064695 -0.02417713 0.07450051
v -0.14548010 -0.01089692 0.06838510
v -0.11965645 -0.03360626 0.09519673
v -0.10889064 -0.03250464 0.10134482
v -0.09665979 -0.03141247 0.10532197
v -0.13627291 -0.03716830 0.08010751
v -0.12864245 -0.03492433 0.08794867
v -0.01136687 0.16044107 0.03748051
v -0.01480223 0.11516781 0.03600100
v -0.01424609 0.12423699 0.03333450
v -0.01607449 -0.01642586 0.09738352
v -0.01588756 0.01774320 0.08567197
v -0.01628599 0.03334953 0.07961604
v -0.01694005 0.04926987 0.07308081
v -0.01579839 0.10514581 0.04082229
v -0.01577956 0.00113341 0.09176953
v -0.16076782 -0.48732784 -0.07567558
v -0.14245683 -0.50396812 -0.09562148
v -0.14930862 -0.47680020 -0.09316187
v -0.13563716 -0.48948246 -0.10669015
v -0.16126719 -0.40652081 -0.06964452
v -0.15945534 -0.43345588 -0.07543515
v -0.16253020 -0.37837577 -0.06609563
v -0.11616972 -0.49737254 -0.11935729
v -0.09153941 -0.50027627 -0.12863232
v -0.09003706 -0.48071158 -0.13684104
v -0.14704797 -0.38083598 -0.09123332
v -0.14675100 -0.40789106 -0.09435660
v -0.15611249 -0.45756602 -0.08330806
v -0.14419560 -0.45608518 -0.10117252
v -0.14204375 -0.47090861 -0.10301202
v -0.11389101 -0.47951865 -0.12678154
v -0.13139205 -0.47608694 -0.11377541
v -0.03256211 -0.34156576 -0.12930577
v -0.06050839 -0.34109861 -0.12772939
v -0.05728022 -0.32125095 -0.11828738
v -0.12360758 -0.33479559 -0.10187823
v -0.13641484 -0.31303832 -0.07974825
v -0.13035624 -0.45805088 -0.11703978
v -0.11227768 -0.45877525 -0.13158782
v -0.08809366 -0.45861188 -0.14267285
v -0.08724390 -0.38413876 -0.13875578
v -0.08677854 -0.40838981 -0.14376554
v -0.10966925 -0.40941727 -0.13247007
v -0.10980473 -0.38383871 -0.12772672
v -0.12744857 -0.35729113 -0.10773732
v -0.12940930 -0.38308275 -0.11200809
v -0.08635177 -0.36059412 -0.13161965
v -0.10797177 -0.35904369 -0.12175351
v -0.10422237 -0.33700287 -0.11449270
v -0.12983516 -0.40975961 -0.11564570
v -0.05888582 -0.43373841 -0.15098089
v -0.08690016 -0.43409181 -0.14532118
v -0.02984870 -0.43329543 -0.14943895
v -0.08360559 -0.33889708 -0.12296115
v -0.07954893 -0.31945235 -0.11406044
v -0.07507229 -0.30110887 -0.10661812
v -0.06534692 -0.23736414 -0.10210430
v -0.11670620 -0.73562360 0.06479830
v 0.00036819 -0.55110538 0.01485133
v 0.00050115 -0.54151374 -0.01238674
v -0.17778607 -0.45762181 0.04345779
v -0.18001077 -0.47091624 -0.03123327
v -0.16853763 -0.46267569 -0.05970445
v -0.02903618 -0.55264157 0.07821652
v -0.01239255 -0.55784512 0.05753640
v -0.15991154 -0.46874672 0.07100888
v -0.10797584 -0.52158689 0.10039090
v -0.00286690 -0.55689591 0.03662880
v -0.14615099 -0.43353638 -0.09779893
v -0.13038027 -0.43554175 -0.11729233
v -0.11096405 -0.43516037 -0.13355745
v -0.05950832 -0.45738360 -0.14779486
v -0.02944516 -0.45540738 -0.14586742
v -0.02044752 -0.50436336 0.11558065
v -0.01639046 -0.49314144 0.11912815
v -0.00852290 -0.49656567 0.11910087
v -0.00885907 -0.51265413 0.11268891
v -0.09814370 -0.36194995 0.09357359
v -0.07681159 -0.36863071 0.10575186
v -0.03584519 -0.37751877 0.12094896
v -0.01725875 -0.38042659 0.12423068
v -0.15218988 -0.33463490 0.04211308
v -0.05566901 -0.37379619 0.11496118
v -0.13821878 -0.34457648 0.06220504
v -0.11892917 -0.35393456 0.07916019
v -0.07246382 -1.18895757 -0.05250014
v -0.07159959 -1.21925235 -0.04808369
v -0.07298391 -1.21744943 -0.06376456
v -0.07068907 -1.18669736 -0.06795646
v -0.08715295 -1.18238556 -0.09638706
v -0.07572322 -1.18427122 -0.08859976
v -0.10195585 -1.18226135 -0.09798638
v -0.09877295 -1.21362102 -0.09754820
v -0.11011104 -1.21434605 -0.08977211
v -0.11540833 -1.18357790 -0.09245230
v -0.12448803 -1.18475080 -0.08298226
v -0.12685309 -1.21668565 -0.05093272
v -0.13304040 -1.18759894 -0.05125896
v -0.13077268 -1.18585086 -0.07104637
v -0.12623820 -1.21625090 -0.06993895
v -0.12690686 -1.19154096 -0.03090316
v -0.12143166 -1.21948552 -0.03077593
v -0.11137816 -1.19454873 -0.02015961
v -0.07722409 -1.19233549 -0.03668652
v -0.07467416 -1.22142172 -0.03085984
v -0.08521181 -1.21376443 -0.09667943
v -0.07581387 -1.21547890 -0.08670157
v -0.07086358 -1.18572962 -0.07879674
v -0.07439952 -1.21638644 -0.07504700
v -0.06959913 -1.24811673 -0.05940888
v -0.06218616 -1.24876213 -0.04233439
v -0.08317401 -1.24437368 -0.09728234
v -0.07803538 -1.24603343 -0.08357322
v -0.10451438 -1.24490023 -0.08721534
v -0.09549973 -1.24395859 -0.09922043
v -0.12621073 -1.24551439 -0.06945676
v -0.11939461 -1.21521962 -0.08073000
v -0.11660390 -1.24501884 -0.07888976
v -0.12685607 -1.24533117 -0.05074298
v -0.12100034 -1.24673235 -0.02671870
v -0.06864580 -1.24829888 -0.02333753
v -0.07444885 -1.24755836 -0.07167229
v -0.12365056 -1.33395493 0.13758187
v -0.12833627 -1.33385837 0.13670482
v -0.12983872 -1.33859992 0.13750246
v -0.12262545 -1.33939362 0.13885830
v -0.07607905 -1.32983005 0.14991656
v -0.08508996 -1.32791817 0.15207288
v -0.08744952 -1.33751941 0.15032472
v -0.07508922 -1.34027362 0.14791328
v -0.11305986 -1.34305179 0.14484586
v -0.10793487 -1.34300673 0.14524560
v -0.10672201 -1.33900869 0.14894667
v -0.11521128 -1.33890927 0.14835908
v -0.15593579 -1.34023786 0.10094533
v -0.15166682 -1.34054148 0.10236318
v -0.15131295 -1.33577371 0.10485353
v -0.15700975 -1.33604622 0.10223290
v -0.14290220 -1.34313655 0.11997984
v -0.13882011 -1.34387851 0.12136267
v -0.13837382 -1.33902895 0.12440369
v -0.14455380 -1.33935380 0.12182471
v -0.08820411 -1.32417905 0.12691011
v -0.08765121 -1.32459784 0.14215259
v -0.07401967 -1.32766545 0.13958445
v -0.07278090 -1.32322228 0.12423322
v -0.06726378 -1.33763528 0.13572291
v -0.07562464 -1.34340322 0.13310245
v -0.07460164 -1.34417868 0.11783177
v -0.06622941 -1.33538949 0.11901238
v -0.08873377 -1.34334707 0.13549241
v -0.08889072 -1.34341228 0.12146113
v -0.09583607 -1.33417249 0.12610222
v -0.09734094 -1.33392811 0.14131813
v -0.11663862 -1.33402526 0.12673685
v -0.12001058 -1.33627117 0.13962063
v -0.11341023 -1.33014500 0.14079969
v -0.11141944 -1.32609773 0.12762263
v -0.10484847 -1.33056283 0.14185980
v -0.09990706 -1.32690883 0.12915336
v -0.09665944 -1.33700800 0.12813990
v -0.09903316 -1.33777440 0.14198415
v -0.10487297 -1.34341443 0.13824733
v -0.10189640 -1.34268153 0.12454219
v -0.11158786 -1.34159625 0.12400286
v -0.11433721 -1.34322906 0.13719276
v -0.12169724 -1.33232319 0.13145439
v -0.11909007 -1.32781613 0.12164248
v -0.12990071 -1.32649469 0.11936322
v -0.12947023 -1.33171034 0.13054569
v -0.12135519 -1.34265614 0.11914274
v -0.11592095 -1.33778477 0.12184212
v -0.11748041 -1.33995986 0.13172963
v -0.12294186 -1.34402466 0.13005748
v -0.13069993 -1.34371483 0.12930545
v -0.13080172 -1.34148502 0.11777874
v -0.13490193 -1.33385515 0.11931177
v -0.13478248 -1.33740115 0.13037315
v -0.14533550 -1.33189714 0.11576900
v -0.14663568 -1.32639372 0.10551300
v -0.15026753 -1.33387351 0.10454962
v -0.14850424 -1.33802056 0.11452775
v -0.13837296 -1.32723331 0.10934345
v -0.13910805 -1.33145583 0.11761898
v -0.13799666 -1.34181786 0.10767013
v -0.13523357 -1.33398235 0.11128145
v -0.13445343 -1.33661115 0.11837774
v -0.13709019 -1.34389019 0.11598556
v -0.14467558 -1.34397614 0.11418559
v -0.14618169 -1.34177101 0.10401994
v -0.16069818 -1.33520210 0.09522552
v -0.15877880 -1.32921338 0.09677004
v -0.16037977 -1.32612395 0.08770692
v -0.16154613 -1.33357084 0.08476935
v -0.15348531 -1.32578504 0.09274336
v -0.15273571 -1.32856143 0.09919547
v -0.15112768 -1.34023130 0.09096348
v -0.15071605 -1.33237374 0.09422474
v -0.14892520 -1.33406699 0.09935655
v -0.15009530 -1.34118009 0.09731552
v -0.15723546 -1.34127808 0.09516698
v -0.15760602 -1.33965540 0.08643523
v -0.07347364 -1.31988299 0.10909425
v -0.09273820 -1.32387304 0.11205514
v -0.07822423 -1.34273100 0.14297900
v -0.06747796 -1.33401668 0.10365018
v -0.08547184 -1.34244072 0.14418438
v -0.09399493 -1.34316027 0.10807381
v -0.07621923 -1.34312117 0.10250486
v -0.09518428 -1.33464277 0.11898766
v -0.11318307 -1.33337224 0.14776275
v -0.11466444 -1.33503211 0.11648097
v -0.11499402 -1.34261703 0.10662784
v -0.10805839 -1.33352983 0.14821091
v -0.11289504 -1.32374465 0.10995372
v -0.13175698 -1.32460749 0.10072424
v -0.12464003 -1.34356332 0.13611862
v -0.12879828 -1.34320176 0.13570404
v -0.13417171 -1.34237373 0.09954329
v -0.13535123 -1.33270764 0.10933272
v -0.14370984 -1.33485103 0.12139929
v -0.15135594 -1.33186793 0.09453111
v -0.14912507 -1.34142375 0.08772504
v -0.14010389 -1.33445704 0.12241929
v -0.14885291 -1.32321656 0.08852226
v -0.15594904 -1.33224022 0.10128952
v -0.15885852 -1.34052479 0.07523503
v -0.16349553 -1.33250511 0.07189731
v -0.15301503 -1.33150411 0.10310386
v -0.16055451 -1.32356882 0.07646648
v -0.08529243 -1.19503391 -0.02458728
v -0.08331750 -1.22266960 -0.01902378
v -0.09672244 -1.19602060 -0.01883263
v -0.10811964 -1.22215211 -0.01802876
v -0.09516016 -1.22325778 -0.01452723
v -0.08038805 -1.24850416 -0.00994151
v -0.10718577 -1.24867737 -0.01207210
v -0.09348378 -1.24805212 -0.00600328
v -0.12799586 -1.26768708 -0.07210134
v -0.13055608 -1.26857817 -0.05342555
v -0.11394282 -1.26726139 -0.08118062
v -0.09483804 -1.26656091 -0.10311548
v -0.10342198 -1.26704752 -0.09138530
v -0.07870853 -1.26803517 0.00141231
v -0.06824611 -1.27083051 -0.01722976
v -0.09382437 -1.26572049 0.00732526
v -0.11007106 -1.26699340 -0.00118968
v -0.06955988 -1.31473756 0.09148110
v -0.07014458 -1.31371152 0.06942257
v -0.08523335 -1.30253267 0.07277090
v -0.08932783 -1.31238163 0.09280329
v -0.10519898 -1.30314684 0.06889435
v -0.10877609 -1.31535876 0.08886722
v -0.12317815 -1.30712020 0.06064785
v -0.12719391 -1.31701505 0.08089887
v -0.13939512 -1.31122506 0.05069381
v -0.14439464 -1.31813586 0.07044613
v -0.15325172 -1.31750894 0.04043939
v -0.15858856 -1.32094705 0.06060933
v -0.16173612 -1.32770300 0.03498751
v -0.16538973 -1.33057880 0.05562623
v -0.06396473 -1.33275592 0.08568242
v -0.06572560 -1.33065331 0.06353953
v -0.07547736 -1.34521723 0.08280988
v -0.07651918 -1.34471393 0.06081311
v -0.09416664 -1.34541166 0.08173364
v -0.09413283 -1.34543180 0.05911018
v -0.15794887 -1.34065592 0.03697192
v -0.15986107 -1.34218919 0.05841701
v -0.11403310 -1.34423780 0.07744810
v -0.11325021 -1.34355628 0.05459617
v -0.13214514 -1.34499002 0.07121506
v -0.13081975 -1.34417272 0.04839792
v -0.14743127 -1.34485614 0.06433206
v -0.14586382 -1.34428608 0.04194185
v -0.08061459 -1.29491735 0.04897041
v -0.10061520 -1.28929770 0.04751055
v -0.11811491 -1.29412723 0.03801757
v -0.13350207 -1.30164683 0.02675004
v -0.14576773 -1.31270981 0.01632707
v -0.15629657 -1.32372200 0.01122681
v -0.13215238 -1.28865743 -0.00254325
v -0.13963194 -1.30966294 -0.01077805
v -0.14750673 -1.32282913 -0.01308839
v -0.13479060 -1.30795729 -0.03780457
v -0.14018251 -1.32166994 -0.03816162
v -0.12491025 -1.30804324 -0.08126959
v -0.13136840 -1.32292330 -0.08357645
v -0.13582633 -1.32072985 -0.06298305
v -0.12944232 -1.30740798 -0.06201763
v -0.13030459 -1.28896809 -0.03282999
v -0.12698266 -1.28856111 -0.05780230
v -0.12087440 -1.28763521 -0.07572508
v -0.12494262 -1.32396507 -0.09768067
v -0.11991580 -1.30816174 -0.09557576
v -0.11209453 -1.30743265 -0.10825180
v -0.11416645 -1.32422006 -0.10811781
v -0.09484562 -1.30867898 -0.11501610
v -0.09657823 -1.32606566 -0.11305249
v -0.07839575 -1.31131732 -0.10501060
v -0.07935885 -1.32812059 -0.10417393
v -0.10710023 -1.28663242 -0.09961041
v -0.11328484 -1.28803003 -0.08753559
v -0.09542194 -1.28645062 -0.10829159
v -0.08032380 -1.28861809 -0.10054579
v -0.07628997 -1.29000223 -0.08238002
v -0.07248586 -1.31247175 -0.08456755
v -0.07092208 -1.32889628 -0.08557329
v -0.07093918 -1.31209099 0.04345478
v -0.07058004 -1.32627451 0.03832478
v -0.11496390 -1.27899182 0.01735370
v -0.09611700 -1.27656579 0.02612481
v -0.07657417 -1.28597784 0.01837039
v -0.06805422 -1.30925703 0.01510508
v -0.07270578 -1.32471919 0.01051777
v -0.07274498 -1.32498217 -0.01457439
v -0.06618673 -1.31105077 -0.01199761
v -0.07954138 -1.33760071 0.03502690
v -0.08237658 -1.33212936 0.00781029
v -0.08166348 -1.33208978 -0.01691988
v -0.07080391 -1.32631993 -0.03683453
v -0.06637123 -1.31225479 -0.03496502
v -0.07012793 -1.32714927 -0.05475322
v -0.06916891 -1.31199944 -0.05371348
v -0.07098565 -1.31213748 -0.06857358
v -0.06963004 -1.32808673 -0.06968989
v -0.06985427 -1.29144394 -0.05466729
v -0.07284074 -1.29053044 -0.06817881
v -0.06631286 -1.29233241 -0.03534222
v -0.06677186 -1.29059970 -0.01135012
v -0.15348004 -1.33698702 0.01212950
v -0.14691769 -1.33391869 -0.01251083
v -0.13897319 -1.33160448 -0.03679259
v -0.13349985 -1.33268118 -0.06102210
v -0.12743470 -1.33468854 -0.08045847
v -0.12082139 -1.33564746 -0.09251238
v -0.09709319 -1.33588302 -0.10482328
v -0.11155679 -1.33573747 -0.10176087
v -0.08438995 -1.33704805 -0.09897755
v -0.07851219 -1.33888006 -0.08401405
v -0.07669026 -1.33962274 -0.07024770
v -0.07866272 -1.33530056 -0.03899592
v -0.07673667 -1.33843029 -0.05612972
v -0.06076290 -1.27208853 -0.03873420
v -0.06660966 -1.27115452 -0.05702793
v -0.07215323 -1.27011156 -0.06946031
v -0.08165996 -1.26767814 -0.09749717
v -0.07788302 -1.26905978 -0.08125345
v -0.09454716 -1.34137034 0.03225091
v -0.11237189 -1.34073937 0.02766176
v -0.12885869 -1.34111440 0.02185510
v -0.14261746 -1.34094870 0.01646793
v -0.13785073 -1.33816993 -0.00924082
v -0.12546717 -1.33871484 -0.00520062
v -0.10996237 -1.33901477 -0.00037814
v -0.09449197 -1.33651757 0.00459020
v -0.13115497 -1.33692098 -0.03351731
v -0.12025067 -1.33830762 -0.02969293
v -0.10581172 -1.33895624 -0.02585696
v -0.09257610 -1.33715665 -0.02042417
v -0.08868467 -1.34039032 -0.04269867
v -0.10031688 -1.34110379 -0.04834915
v -0.11380773 -1.33978117 -0.05196088
v -0.12406337 -1.33783400 -0.05659987
v -0.11807809 -1.33864594 -0.07460275
v -0.10832030 -1.34012687 -0.06921322
v -0.09631766 -1.34151661 -0.06520963
v -0.08654756 -1.34169972 -0.05996462
v -0.11307891 -1.33896136 -0.08503929
v -0.09824695 -1.33933425 -0.09638959
v -0.10714888 -1.33913100 -0.09262730
v -0.08998217 -1.34039187 -0.09332222
v -0.08677403 -1.34133959 -0.08286297
v -0.08608693 -1.34185505 -0.07183005
v -0.09482992 -1.34122729 -0.07507243
v -0.09406075 -1.34085023 -0.08302310
v -0.10514588 -1.33995223 -0.07892704
v -0.10204448 -1.33979225 -0.08621137
v -0.09406459 -1.34040105 -0.08925194
v -0.09838898 -1.33980334 -0.09071542
v -0.12176819 -1.27008045 -0.02339883
v -0.09734953 -0.90722483 0.02076311
v -0.08294511 -0.90347081 0.01449350
v -0.11350195 -0.90576506 0.02205859
v -0.13504645 -0.48047426 0.09025700
v -0.08811991 -0.22855857 0.11469337
v -0.09247759 -0.18180531 0.10999908
v -0.09017663 -0.20525149 0.11256520
v -0.13719361 -0.51272917 0.09198548
v -0.14093442 -0.15602796 0.05227214
v -0.11700033 0.01244256 0.08029810
v 0.13137808 -1.32291663 -0.08357567
v 0.13583583 -1.32072461 -0.06298232
v 0.12945166 -1.30740440 -0.06201669
v -0.00686924 0.29270554 0.09637033
v -0.06969324 0.26302445 0.02681995
v -0.06908012 0.25489503 0.01995265
v -0.06536796 0.24384239 0.02727563
v -0.06648117 0.25286490 0.03482566
v -0.05996790 0.23363344 0.03556505
v -0.06291332 0.24423985 0.04129175
v -0.05359893 0.22549178 0.04493134
v -0.05798079 0.23633955 0.04886249
v -0.04812190 0.22080351 0.05535978
v -0.05280166 0.23126310 0.05748556
v -0.03355020 0.21701717 0.07770125
v -0.03163894 0.21149226 0.07429282
v -0.02521998 0.20878430 0.08186493
v -0.02602598 0.21319401 0.08585116
v -0.01785976 0.20685543 0.08857944
v -0.01855908 0.21102504 0.09240668
v -0.00963227 0.20612481 0.09226350
v -0.00971972 0.20995404 0.09630788
v 0.00000275 0.20612073 0.09378178
v 0.00000276 0.21001577 0.09782248
v 0.00000224 0.21991456 0.10064634
v -0.00895945 0.21981853 0.09971729
v -0.00948337 0.21471642 0.09881569
v 0.00000256 0.21446112 0.09987023
v -0.01666787 0.22059877 0.09599248
v -0.01806173 0.21540688 0.09470752
v -0.02334125 0.22300334 0.09063958
v -0.02531508 0.21786845 0.08863743
v -0.03129882 0.22734952 0.08379564
v -0.03326245 0.22201239 0.08086310
v -0.03751791 0.23292203 0.07957851
v -0.04046609 0.22948168 0.07514054
v -0.00868087 0.20274822 0.08616690
v 0.00000278 0.20286381 0.08838717
v -0.01606054 0.20334375 0.08262806
v -0.02276227 0.20479202 0.07708258
v -0.02823405 0.20665309 0.07047658
v -0.04114499 0.21744733 0.06538367
v -0.03453468 0.20904797 0.06195762
v -0.04255444 0.21356919 0.05294226
v -0.04886141 0.21806008 0.04142265
v -0.05648039 0.22663331 0.03050552
v -0.06347576 0.23779450 0.02041943
v -0.06761058 0.25002062 0.01244988
v -0.07075478 0.26275221 0.01417457
v -0.01552774 0.22516267 0.09577451
v -0.00837678 0.22468382 0.09925583
v -0.02178973 0.22711502 0.09123643
v -0.02896617 0.23159416 0.08587778
v -0.03441460 0.23654608 0.08267468
v -0.03936036 0.24891011 0.08181562
v -0.03808171 0.24241839 0.08159205
v -0.03760258 0.26185647 0.08398426
v -0.03905085 0.25541684 0.08283123
v -0.04547908 0.26881537 0.07826360
v -0.04735225 0.25965101 0.07564159
v -0.04316338 0.25694203 0.07949486
v -0.04162565 0.26482102 0.08119361
v -0.04904556 0.27453136 0.07501992
v -0.05145247 0.26410049 0.07133548
v -0.00773920 0.20003550 0.08080047
v 0.00000288 0.19993590 0.08185457
v -0.01410863 0.20052400 0.07738509
v -0.01966072 0.20112282 0.07192268
v -0.02393668 0.20165981 0.06526484
v -0.02877558 0.20263687 0.05768409
v -0.03514829 0.20474067 0.04862140
v -0.04320246 0.20939499 0.03752374
v -0.05239174 0.21843305 0.02544728
v -0.06141206 0.23246410 0.01422662
v -0.06595016 0.24538215 0.00629119
v -0.02112076 0.19436948 0.05149798
v -0.01689360 0.19535747 0.05826173
v -0.01356035 0.19626063 0.06394393
v -0.01057454 0.19676040 0.06843026
v -0.00620096 0.19564196 0.06787409
v 0.00000343 0.19504231 0.06757094
v -0.00552433 0.19226982 0.05977602
v 0.00000408 0.19212230 0.06015511
v -0.00786677 0.18918125 0.05498689
v 0.00000436 0.18831307 0.05516067
v -0.01017600 0.18581195 0.05114350
v 0.00000330 0.18337034 0.05033570
v -0.04187525 0.24024689 0.07802887
v -0.04571341 0.23916703 0.07315776
v -0.04769691 0.24956629 0.07364296
v -0.05223171 0.25253445 0.06823149
v -0.05033939 0.24009933 0.06687398
v -0.04343992 0.24844617 0.07832687
v -0.05611685 0.24370301 0.05915301
v -0.05710977 0.25714064 0.06213622
v -0.05557849 0.26986003 0.06678675
v -0.06072516 0.26257899 0.05673026
v -0.06066811 0.24944618 0.05176413
v -0.05937079 0.27422366 0.06188793
v -0.06236133 0.27839518 0.05729879
v -0.06328430 0.26749572 0.05198574
v -0.06369955 0.25574097 0.04659911
v -0.04442449 0.22656170 0.06815223
v -0.06613019 0.26209798 0.04098996
v -0.06467148 0.28275853 0.05269306
v -0.06545670 0.27280572 0.04678460
v -0.06696391 0.28848490 0.04701522
v -0.06822711 0.27897334 0.03911160
v -0.06911042 0.27016532 0.03242206
v -0.07215521 0.27140936 0.01790338
v 0.00000176 0.22485130 0.10029765
v 0.13030927 -1.28896630 -0.03282789
v 0.12699029 -1.28855777 -0.05780020
v 0.12088067 -1.28763092 -0.07572269
v 0.12495137 -1.32395744 -0.09767966
v 0.11992497 -1.30815566 -0.09557518
v 0.11210287 -1.30742705 -0.10825092
v 0.11417478 -1.32421339 -0.10811687
v 0.09485496 -1.30867529 -0.11501502
v 0.09658733 -1.32606137 -0.11305410
v 0.07840586 -1.31131530 -0.10500988
v 0.07936865 -1.32811749 -0.10417530
v 0.10710769 -1.28662848 -0.09961015
v 0.11329082 -1.28802609 -0.08753350
v 0.09542860 -1.28644812 -0.10828916
v 0.08033060 -1.28861690 -0.10054331
v 0.07628880 -1.29000163 -0.08237930
v 0.07248708 -1.31247008 -0.08456783
v 0.07092830 -1.32889450 -0.08557452
v 0.07093422 -1.31209445 0.04345539
v 0.07057481 -1.32627761 0.03832465
v 0.11495897 -1.27899492 0.01735501
v 0.09611338 -1.27656806 0.02612698
v 0.07657169 -1.28598201 0.01837113
v 0.06805046 -1.30926061 0.01510504
v 0.07270236 -1.32472181 0.01051691
v 0.07274324 -1.32498395 -0.01457631
v 0.06618428 -1.31105351 -0.01199856
v 0.07953636 -1.33760297 0.03502652
v 0.08237328 -1.33213103 0.00780898
v 0.08166236 -1.33209014 -0.01692224
v 0.07080346 -1.32632053 -0.03683700
v 0.06636921 -1.31225646 -0.03496663
v 0.07012819 -1.32714891 -0.05475581
v 0.06916709 -1.31200016 -0.05371527
v 0.07098508 -1.31213748 -0.06857495
v 0.06963171 -1.32808590 -0.06969178
v 0.06985151 -1.29144585 -0.05466826
v 0.07283887 -1.29053104 -0.06817920
v 0.06630893 -1.29233515 -0.03534239
v 0.06676849 -1.29060280 -0.01134933
v 0.15347762 -1.33698511 0.01213027
v 0.14691827 -1.33391571 -0.01251019
v 0.13897721 -1.33160031 -0.03679205
v 0.13350815 -1.33267617 -0.06102199
v 0.12744369 -1.33468270 -0.08045838
v 0.12083025 -1.33564103 -0.09251221
v 0.09710225 -1.33587849 -0.10482496
v 0.11156578 -1.33573127 -0.10176114
v 0.08439828 -1.33704448 -0.09897943
v 0.07851876 -1.33887744 -0.08401641
v 0.07669464 -1.33962083 -0.07025024
v 0.07866361 -1.33529925 -0.03899888
v 0.07673915 -1.33842885 -0.05613269
v 0.06076265 -1.27209306 -0.03873489
v 0.06660902 -1.27115691 -0.05702706
v 0.07215133 -1.27011240 -0.06945956
v 0.08166558 -1.26767766 -0.09749395
v 0.07788443 -1.26905978 -0.08125112
v 0.09454226 -1.34137177 0.03225042
v 0.11236732 -1.34073985 0.02766131
v 0.12885469 -1.34111404 0.02185484
v 0.14261441 -1.34094763 0.01646808
v 0.13785003 -1.33816731 -0.00924078
v 0.12546563 -1.33871293 -0.00520119
v 0.10996038 -1.33901346 -0.00037933
v 0.09448920 -1.33651805 0.00458876
v 0.13115712 -1.33691716 -0.03351738
v 0.12025163 -1.33830452 -0.02969375
v 0.10581241 -1.33895350 -0.02585874
v 0.09257591 -1.33715498 -0.02042656
v 0.08868703 -1.34038770 -0.04270150
v 0.10032034 -1.34110057 -0.04835129
v 0.11381131 -1.33977699 -0.05196207
v 0.12406877 -1.33782935 -0.05660036
v 0.11808572 -1.33864105 -0.07460343
v 0.10832621 -1.34012246 -0.06921459
v 0.09632283 -1.34151328 -0.06521182
v 0.08655163 -1.34169698 -0.05996732
v 0.11308736 -1.33895588 -0.08504003
v 0.09825567 -1.33932936 -0.09639104
v 0.10715760 -1.33912563 -0.09262823
v 0.08999044 -1.34038770 -0.09332412
v 0.08678128 -1.34133589 -0.08286526
v 0.08609268 -1.34185207 -0.07183250
v 0.09483649 -1.34122360 -0.07507450
v 0.09406849 -1.34084606 -0.08302509
v 0.10515335 -1.33994758 -0.07892840
v -0.06618257 0.26060551 -0.01119263
v -0.02184613 0.26952013 0.09180891
v -0.01673901 0.27196896 0.09455323
v 0.10205277 -1.33978736 -0.08621275
v 0.09407277 -1.34039664 -0.08925376
v -0.01174732 0.27297956 0.09791808
v -0.00778070 0.27348447 0.10044187
v -0.00376106 0.27334604 0.10187044
v 0.09839746 -1.33979857 -0.09071699
v 0.12176573 -1.27008092 -0.02339783
v 0.09735171 -0.90722287 0.02075897
v 0.08294699 -0.90346897 0.01449021
v 0.00000380 0.17131743 0.04552863
v -0.00000068 0.34356746 0.08955848
v 0.00000338 0.17820425 0.04876762
v 0.00000129 0.23837826 0.08463439
v -0.00000230 0.42953697 0.00690392
v 0.00000144 0.22996040 0.09954532
v 0.00000098 0.24301752 0.08707279
v 0.00000040 0.30383599 0.11159055
v 0.00000116 0.23497899 0.09819393
v 0.00000088 0.24586940 0.10229533
v 0.00000051 0.25162458 0.10050698
v -0.00000151 0.38016221 0.07792193
v 0.00000073 0.24917188 0.10198282
v 0.00000042 0.27575022 0.10202321
v 0.00000054 0.29973996 0.11508199
v 0.00000043 0.25305200 0.09897302
v -0.00000157 0.24516517 -0.08025579
v 0.00000102 0.24244444 0.10078332
v 0.00000090 0.24940369 0.09162904
v 0.00000054 0.25289544 0.09689558
v 0.00000074 0.25809962 0.08603524
v 0.00000050 0.27291864 0.10178786
v 0.00000029 0.32105407 0.09654747
v -0.00000162 0.28084928 -0.10349874
v 0.00000036 0.31818560 0.09922649
v -0.00000177 0.40566897 0.05917403
v -0.00000137 0.39062339 0.07208420
v 0.00000032 0.30787352 0.10810017
v -0.00000193 0.34407604 -0.11739950
v -0.00000200 0.36155531 -0.11510747
v -0.00000101 0.36286023 0.08422530
v -0.00000211 0.42627448 -0.05888565
v 0.00000070 0.29577097 0.11748077
v 0.00000022 0.28102872 0.10753582
v -0.00000229 0.42281452 0.03295204
v -0.00000155 0.30913720 -0.11400279
v -0.00000226 0.41413113 -0.08431993
v 0.00000091 0.25612089 0.10151739
v -0.00000234 0.42670906 0.02050879
v 0.00000093 0.25433531 0.09861866
v 0.00000048 0.28493765 0.11494796
v -0.00000161 0.29371721 -0.10917141
v -0.00000166 0.32307270 -0.11650881
v 0.00000065 0.26614717 0.10257117
v 0.00000053 0.27024537 0.10169861
v -0.00000236 0.42176229 -0.07237769
v -0.00000084 0.35002720 0.08851128
v 0.00000078 0.26377842 0.10372775
v 0.00000021 0.32941651 0.09081116
v 0.00000088 0.26103845 0.10414940
v 0.00000398 0.16432686 0.04143860
v -0.00000203 0.38926286 -0.10473665
v 0.00000091 0.25844738 0.10298701
v 0.00000094 0.25539663 0.09356869
v 0.00000034 0.31168264 0.10479284
v 0.00000081 0.25664076 0.08904541
v -0.00000124 0.37039959 0.08142681
v 0.00000028 0.27849621 0.10321470
v 0.00000026 0.27925473 0.10385974
v 0.00000032 0.32656759 0.09214427
v -0.00000153 0.39855611 0.06578606
v 0.00000002 0.33217096 0.09028378
v 0.00000033 0.27761912 0.10263082
v -0.00000206 0.37788388 -0.11001218
v -0.00000218 0.43018493 -0.04055932
v -0.00000221 0.43138844 -0.02700308
v 0.00000030 0.32370660 0.09403624
v 0.00000042 0.31524846 0.10180552
v -0.00000134 0.23761930 -0.07814138
v 0.00000062 0.28869140 0.11755089
v 0.00000073 0.29180744 0.11825856
v -0.00000218 0.41780502 0.04359803
v -0.00000203 0.27132460 -0.09824069
v -0.00000225 0.43132028 -0.00912794
v -0.00000209 0.41214195 0.05223817
v -0.00000156 0.25434053 -0.08776792
v -0.00000199 0.26337239 -0.09461544
v 0.00000035 0.28351343 0.11323472
v -0.00000019 0.33555195 0.09004585
v 0.00000026 0.28198636 0.11013500
v -0.00000203 0.40420479 -0.09467781
v 0.00000024 0.28014904 0.10535201
v 0.11350377 -0.90576380 0.02205452
v 0.13504919 -0.48047689 0.09026393
v 0.08812473 -0.22856078 0.11469678
v 0.09248505 -0.18180732 0.11000567
v 0.09018298 -0.20525362 0.11257006
v 0.13719745 -0.51273334 0.09199083
v 0.14093904 -0.15602943 0.05227977
v 0.11700869 0.01244328 0.08030503
v 0.00686922 0.29270589 0.09637125
v 0.06969378 0.26302832 0.02682500
v 0.06907956 0.25489941 0.01995760
v 0.06536915 0.24384642 0.02728001
v 0.06648266 0.25286865 0.03483036
v 0.05997015 0.23363730 0.03556884
v 0.06291533 0.24424353 0.04129604
v 0.05360214 0.22549598 0.04493449
v 0.05798304 0.23634315 0.04886638
v -0.00445732 0.28476131 0.11244243
v -0.00344320 0.28317407 0.10994966
v 0.04812578 0.22080731 0.05536262
v 0.05280479 0.23126657 0.05748899
v -0.01605149 0.32050571 0.07434700
v -0.00850616 0.28185594 0.09985178
v -0.00720182 0.30508074 0.10422286
v -0.01467642 0.32066518 0.07501144
v 0.03355424 0.21702044 0.07770365
v 0.03164340 0.21149595 0.07429465
v 0.02522470 0.20878722 0.08186658
v 0.02603079 0.21319664 0.08585334
v -0.01079180 0.28204262 0.09844613
v 0.01786496 0.20685728 0.08858077
v 0.01856429 0.21102667 0.09240845
v 0.00963756 0.20612559 0.09226439
v 0.00972506 0.20995466 0.09630920
v -0.00674287 0.31196287 0.09851343
v -0.00863572 0.32009757 0.08498649
v 0.00896389 0.21981926 0.09971902
v 0.00948840 0.21471699 0.09881737
v -0.00684842 0.30862227 0.10161348
v -0.01610431 0.28482443 0.09886451
v -0.01442951 0.28212142 0.09763481
v -0.00702483 0.29127541 0.11477208
v -0.00794904 0.29421633 0.11352202
v 0.01667216 0.22060017 0.09599444
v -0.00781722 0.28781700 0.11301949
v -0.00503196 0.28604344 0.11354079
v 0.01806653 0.21540847 0.09470930
v -0.01775386 0.32031733 0.07468199
v -0.02834678 0.32154706 0.06838449
v -0.00624715 0.28912866 0.11476514
v -0.00328466 0.28694326 0.11546245
v -0.02104572 0.32114446 0.07230172
v -0.01707483 0.32036281 0.07454227
v -0.01222579 0.28932074 0.10774433
v -0.00733252 0.31932691 0.08952992
v 0.02334540 0.22300534 0.09064203
v 0.02531965 0.21787083 0.08863974
v 0.03130246 0.22735213 0.08379856
v 0.03326643 0.22201537 0.08086594
v -0.01485531 0.28758931 0.10329723
v 0.03752098 0.23292477 0.07958199
v 0.04046933 0.22948468 0.07514381
v 0.00868660 0.20274927 0.08616752
v -0.01864229 0.32043266 0.07456814
v -0.01924097 0.32061377 0.07433841
v -0.00794415 0.30118909 0.10732696
v 0.01606593 0.20334598 0.08262908
v 0.02276736 0.20479521 0.07708389
v 0.02823839 0.20665705 0.07047791
v 0.04114903 0.21745111 0.06538624
v -0.02354965 0.32133099 0.07242253
v -0.00312248 0.28144994 0.10509188
v -0.01039240 0.28873834 0.11026443
v -0.00899269 0.28823149 0.11181939
v -0.00371256 0.28091723 0.10304892
v 0.03453951 0.20905249 0.06195933
v 0.04255857 0.21357368 0.05294437
v -0.01233488 0.32048810 0.07757602
v 0.04886494 0.21806486 0.04142515
v -0.00697731 0.31735891 0.09334987
v -0.00677748 0.31486037 0.09639986
v 0.05648291 0.22663751 0.03050865
v 0.06347641 0.23779896 0.02042325
v -0.00303691 0.28226849 0.10747230
v 0.06760815 0.25002572 0.01245480
v 0.07075403 0.26275674 0.01418000
v 0.01553168 0.22516404 0.09577652
v 0.00838069 0.22468461 0.09925746
v 0.02179349 0.22711688 0.09123887
v -0.00827520 0.29765621 0.11099631
v 0.02896939 0.23159650 0.08588060
v 0.03441748 0.23654851 0.08267809
v 0.03936209 0.24891232 0.08181928
v -0.00617462 0.28149182 0.10142230
v 0.03808411 0.24242075 0.08159594
v 0.03760327 0.26185837 0.08398751
v 0.03905197 0.25541890 0.08283454
v 0.04547979 0.26881760 0.07826789
v 0.04735356 0.25965351 0.07564571
v 0.04316465 0.25694430 0.07949864
v 0.00000059 0.28665280 0.11644551
v -0.00558286 0.28739768 0.11427708
v 0.04162643 0.26482308 0.08119749
v 0.04904596 0.27453369 0.07502440
v 0.05145355 0.26410314 0.07133992
v 0.00774488 0.20003688 0.08080091
v -0.03034063 0.33502546 0.08011267
v -0.03036182 0.33232310 0.07838912
v 0.01411402 0.20052636 0.07738587
v 0.01966633 0.20112614 0.07192349
v 0.02394229 0.20166382 0.06526580
v 0.02878081 0.20264140 0.05768501
v 0.03515307 0.20474589 0.04862244
v 0.04320653 0.20940046 0.03752537
v -0.02292879 0.33889329 0.08445232
v -0.00462352 0.33946013 0.08915634
v -0.00982936 0.33952558 0.08817324
v 0.05239592 0.21843749 0.02544964
v -0.03064421 0.32803637 0.07649862
v -0.03086908 0.32596335 0.07507062
v -0.03022005 0.33009523 0.07664753
v -0.03092786 0.32637855 0.07660370
v -0.03094222 0.32714882 0.07703762
v 0.06141301 0.23246895 0.01422990
v -0.02998473 0.32938787 0.07559301
v 0.06594808 0.24538738 0.00629502
v -0.03008026 0.32914275 0.07547256
v 0.02112719 0.19437355 0.05149806
v -0.02821584 0.33783284 0.08207583
v 0.01690015 0.19536103 0.05826187
v 0.01356677 0.19626345 0.06394430
v -0.03026006 0.32876417 0.07578138
v -0.03108739 0.32546967 0.07327992
v 0.01058106 0.19676267 0.06843064
v -0.03193264 0.32358915 0.06879252
v 0.00620772 0.19564350 0.06787425
v -0.00000044 0.33944613 0.08976234
v -0.02174068 0.35020059 0.08657387
v -0.05251615 0.34788138 0.06452207
v 0.00553212 0.19227137 0.05977624
v -0.05563922 0.34218872 0.06198881
v 0.00787461 0.18918291 0.05498714
v -0.04862460 0.30555248 0.06925247
v -0.05132802 0.30650014 0.06662359
v -0.01886763 0.34385684 0.08786847
v 0.01018379 0.18581370 0.05114415
v 0.04187774 0.24024960 0.07803259
v 0.04571581 0.23917001 0.07316136
v 0.04769858 0.24956904 0.07364674
v 0.05223332 0.25253731 0.06823545
v -0.02695321 0.36999166 0.07609802
v -0.03169330 0.41633728 0.02550537
v -0.02539687 0.36274529 0.08008224
v -0.04025933 0.35453475 0.07483748
v 0.05034177 0.24010240 0.06687762
v -0.03189264 0.41217858 0.03508165
v 0.04344198 0.24844867 0.07833072
v 0.05611886 0.24370639 0.05915687
v 0.05711108 0.25714386 0.06214057
v 0.05557910 0.26986292 0.06679134
v 0.06072600 0.26258248 0.05673483
v -0.04765273 0.35264024 0.06861127
v 0.06066978 0.24944976 0.05176843
v -0.05621368 0.31186587 0.05915712
v -0.00656293 0.35625482 0.08650362
v -0.05778230 0.31750846 0.05661542
v 0.05937118 0.27422675 0.06189268
v -0.01482139 0.35634786 0.08588797
v -0.02782139 0.42437217 -0.03919749
v 0.06236157 0.27839845 0.05730367
v 0.06328499 0.26749927 0.05199052
v 0.06370094 0.25574461 0.04660373
v 0.04442829 0.22656496 0.06815548
v -0.01338201 0.33539882 0.08540834
v 0.06613130 0.26210159 0.04099489
v -0.03883293 0.30662453 0.07473637
v -0.04186913 0.30614075 0.07336311
v 0.06467146 0.28276178 0.05269802
v -0.03161211 0.42378795 -0.02764248
v -0.05515401 0.30934453 0.06145199
v -0.03077281 0.38841811 0.06482203
v -0.00957107 0.32879409 0.08327125
v -0.01104019 0.33174953 0.08346930
v -0.03147773 0.39552373 0.05792812
v 0.06545719 0.27280924 0.04678954
v 0.06696349 0.28848827 0.04702012
v 0.06822709 0.27897689 0.03911645
v -0.03185380 0.40180635 0.05090452
v 0.06911091 0.27016893 0.03242693
v 0.07215492 0.27141333 0.01790862
v -0.03186615 0.41968247 0.01433018
v -0.02191070 0.31020081 0.07777002
v 0.06618062 0.26060969 -0.01118903
v 0.02184654 0.26952094 0.09181129
v 0.01673941 0.27196947 0.09455518
v -0.05788822 0.33584648 0.05975050
v -0.05882590 0.32931465 0.05810528
v -0.03222866 0.42348629 -0.01337426
v -0.03146108 0.30766371 0.07689786
v -0.05860854 0.32325393 0.05689449
v -0.01585357 0.42665762 -0.04748988
v 0.01174786 0.27297986 0.09791976
v -0.05363718 0.30757418 0.06401182
v 0.00778161 0.27348474 0.10044346
v 0.00376206 0.27334613 0.10187154
v -0.03257788 0.35573971 0.07974958
v -0.03527938 0.30700147 0.07586069
v -0.00908883 0.32560676 0.08249081
v -0.01734218 0.31252921 0.07826640
v -0.01403509 0.31556630 0.07902762
v -0.03192254 0.40730843 0.04344828
v -0.01150558 0.31846607 0.08013061
v -0.00947669 0.32217476 0.08171441
v -0.02658277 0.30859697 0.07765405
v -0.02902805 0.37911591 0.07149319
v -0.03194217 0.42213008 0.00113797
v -0.04522550 0.30584478 0.07149549
v -0.00000207 0.42807215 -0.05057967
v -0.00000094 0.35611132 0.08665952
v -0.01030565 0.32027143 0.08108516
v -0.01605510 0.33939439 0.08668432
v -0.02383742 0.35623014 0.08387128
v 0.00000117 0.23890303 0.09897342
v -0.02712949 0.25800970 0.09050447
v -0.02844994 0.25553194 0.08901078
v -0.02791223 0.24885044 0.08697999
v -0.01988340 0.26403823 0.09562070
v -0.02428003 0.26086360 0.09265994
v -0.01834492 0.24117994 0.09386466
v -0.02897168 0.25331140 0.08788701
v -0.01268222 0.23970227 0.09688322
v -0.02886437 0.25102371 0.08711504
v -0.00677951 0.23905905 0.09837918
v 0.00000058 0.26824483 0.10214651
v -0.00959903 0.26832560 0.10109610
v -0.00475769 0.26871794 0.10240314
v -0.01467081 0.26674962 0.09861194
v -0.02610209 0.24634549 0.08798182
v -0.02322012 0.24364214 0.09019729
v 0.00445806 0.28476140 0.11244296
v 0.00344380 0.28317416 0.10995007
v 0.01604988 0.32050633 0.07434972
v 0.00850647 0.28185630 0.09985268
v 0.00720159 0.30508116 0.10422364
v 0.01467466 0.32066578 0.07501386
v 0.01079203 0.28204295 0.09844718
v 0.00674243 0.31196329 0.09851432
v 0.00863419 0.32009792 0.08498781
v 0.00684829 0.30862275 0.10161438
v 0.01610429 0.28482488 0.09886571
v 0.01442961 0.28212184 0.09763596
v 0.00702558 0.29127598 0.11477266
v 0.00794951 0.29421696 0.11352261
v 0.00781771 0.28781754 0.11302009
v 0.00503280 0.28604358 0.11354140
v 0.01775236 0.32031798 0.07468515
v 0.02834543 0.32154813 0.06838802
v 0.00624799 0.28912908 0.11476574
v 0.00328579 0.28694326 0.11546299
v 0.02104444 0.32114521 0.07230524
v 0.01707328 0.32036343 0.07454526
v 0.01222561 0.28932124 0.10774509
v 0.00733145 0.31932721 0.08953103
v 0.01485519 0.28758979 0.10329824
v 0.01864084 0.32043335 0.07457145
v 0.01923965 0.32061446 0.07434186
v 0.00794381 0.30118945 0.10732767
v 0.02354830 0.32133186 0.07242605
v 0.00312283 0.28145024 0.10509209
v 0.01039239 0.28873891 0.11026510
v 0.00899291 0.28823209 0.11182002
v 0.00371287 0.28091758 0.10304929
v 0.01233309 0.32048845 0.07757795
v 0.00697669 0.31735921 0.09335083
v 0.00677727 0.31486079 0.09640076
v 0.00303734 0.28226873 0.10747262
v 0.00827535 0.29765677 0.11099701
v 0.00617490 0.28149211 0.10142295
v 0.00558374 0.28739795 0.11427774
v 0.03033916 0.33502701 0.08011620
v 0.03036027 0.33232450 0.07839276
v 0.02292741 0.33889437 0.08445553
v 0.00462252 0.33946034 0.08915731
v 0.00982815 0.33952609 0.08817486
v 0.03064247 0.32803753 0.07650231
v 0.03086743 0.32596451 0.07507432
v 0.03021839 0.33009633 0.07665142
v 0.03092618 0.32637960 0.07660750
v 0.03094049 0.32714996 0.07704142
v 0.02998304 0.32938895 0.07559683
v 0.03007855 0.32914388 0.07547642
v 0.02821441 0.33783433 0.08207941
v 0.03025831 0.32876536 0.07578515
v 0.03108578 0.32547098 0.07328349
v 0.03193116 0.32359043 0.06879605
v 0.02173903 0.35020158 0.08657679
v 0.05251405 0.34788394 0.06452604
v 0.05563673 0.34219122 0.06199247
v 0.04862396 0.30555472 0.06925699
v 0.05132734 0.30650258 0.06662824
v 0.01886619 0.34385762 0.08787122
v 0.02695077 0.36999303 0.07610121
v 0.03168844 0.41633803 0.02550646
v 0.02539479 0.36274651 0.08008508
v 0.04025751 0.35453668 0.07484135
v 0.03188811 0.41217974 0.03508304
v 0.04765115 0.35264277 0.06861550
v 0.05621301 0.31186855 0.05916189
v 0.00656115 0.35625517 0.08650463
v 0.05778135 0.31751114 0.05662009
v 0.01481968 0.35634875 0.08589011
v 0.02781708 0.42437437 -0.03919648
v 0.01338075 0.33539963 0.08541045
v 0.03883222 0.30662614 0.07474062
v 0.04186844 0.30614254 0.07336745
v 0.03160784 0.42379043 -0.02764139
v 0.05515332 0.30934721 0.06145674
v 0.03076996 0.38841963 0.06482527
v 0.00956989 0.32879496 0.08327270
v 0.01103890 0.33175051 0.08347091
v 0.03147438 0.39552516 0.05793070
v 0.03184989 0.40180767 0.05090658
v 0.03186104 0.41968304 0.01433106
v 0.02190949 0.31020135 0.07777266
v 0.05788559 0.33584908 0.05975410
v 0.05882375 0.32931721 0.05810905
v 0.03222411 0.42348808 -0.01337313
v 0.03146016 0.30766475 0.07690129
v 0.05860703 0.32325655 0.05689869
v 0.01584924 0.42665875 -0.04748924
v 0.05363655 0.30757675 0.06401654
v 0.03257602 0.35574129 0.07975321
v 0.03527854 0.30700290 0.07586463
v 0.00908721 0.32560748 0.08249198
v 0.01734078 0.31252968 0.07826874
v 0.01403355 0.31556672 0.07902972
v 0.03191819 0.40730947 0.04344998
v 0.01150395 0.31846640 0.08013248
v 0.00947486 0.32217526 0.08171570
v 0.02658160 0.30859774 0.07765696
v 0.02902545 0.37911740 0.07149658
v 0.03193730 0.42213121 0.00113900
v 0.04522481 0.30584675 0.07149988
v 0.01030391 0.32027179 0.08108674
v 0.01605382 0.33939520 0.08668682
v 0.02383568 0.35623142 0.08387417
v 0.02713055 0.25801089 0.09050690
v 0.02845107 0.25553331 0.08901328
v 0.02791405 0.24885194 0.08698293
v 0.01988453 0.26403895 0.09562273
v 0.02428114 0.26086456 0.09266207
v 0.01834674 0.24118145 0.09386623
v 0.02897298 0.25331274 0.08788968
v 0.01268443 0.23970345 0.09688461
v 0.02886603 0.25102511 0.08711801
v 0.00678176 0.23905961 0.09838051
v 0.00960017 0.26832601 0.10109781
v 0.00475884 0.26871824 0.10240436
v 0.01467181 0.26675022 0.09861375
v 0.02610381 0.24634717 0.08798419
v 0.02322178 0.24364381 0.09019922
v 0.03218327 0.32184249 0.06336531
v -0.03218463 0.32184130 0.06336183
v 0.03065271 0.32188877 0.07619243
v 0.02909504 0.32192382 0.07570066
v 0.02766038 0.32194829 0.07491770
v 0.02645898 0.32196054 0.07391356
v 0.03069278 0.32220235 0.07618558
v 0.02917165 0.32254013 0.07568792
v 0.02777204 0.32284260 0.07489942
v 0.02660103 0.32308835 0.07388953
v 0.03079170 0.32250324 0.07618038
v 0.02936846 0.32312751 0.07567647
v 0.02805754 0.32369643 0.07488286
v 0.02695985 0.32416400 0.07386977
v 0.03094841 0.32277709 0.07617591
v 0.02967636 0.32366696 0.07566827
v 0.02850444 0.32447809 0.07487121
v 0.02752394 0.32515016 0.07385422
v 0.03115713 0.32301515 0.07617278
v 0.03008506 0.32413393 0.07566305
v 0.02909703 0.32515761 0.07486327
v 0.02827016 0.32600731 0.07384507
v 0.03140744 0.32320929 0.07617167
v 0.03057605 0.32451305 0.07566066
v 0.02981095 0.32570842 0.07485949
v 0.02917144 0.32670158 0.07383990
v 0.03169145 0.32335028 0.07617221
v 0.03113376 0.32478949 0.07566141
v 0.03062022 0.32610944 0.07486113
v 0.03019199 0.32720754 0.07384180
v 0.03199886 0.32343355 0.07617439
v 0.03173496 0.32495302 0.07566570
v 0.03149315 0.32634577 0.07486698
v 0.03129174 0.32750472 0.07384851
v 0.03231560 0.32345453 0.07617753
v 0.03235693 0.32499468 0.07567215
v 0.03239645 0.32640696 0.07487678
v 0.03243082 0.32758319 0.07386179
v 0.03263089 0.32341450 0.07618268
v 0.03297652 0.32491586 0.07568187
v 0.03329534 0.32629204 0.07489102
v 0.03356421 0.32743752 0.07387936
v 0.03293353 0.32331327 0.07618858
v 0.03356790 0.32471824 0.07569412
v 0.03415485 0.32600459 0.07490808
v 0.03464733 0.32707593 0.07390112
v 0.03320996 0.32315657 0.07619575
v 0.03411093 0.32440925 0.07570813
v 0.03494256 0.32555681 0.07492825
v 0.03564067 0.32651100 0.07392717
v 0.03344992 0.32294735 0.07620312
v 0.03458212 0.32400107 0.07572246
v 0.03562785 0.32496458 0.07495042
v 0.03650551 0.32576454 0.07395489
v 0.03364620 0.32269779 0.07621132
v 0.03496582 0.32351002 0.07573854
v 0.03618423 0.32425150 0.07497311
v 0.03720673 0.32486400 0.07398390
v 0.03378846 0.32241416 0.07621891
v 0.03524564 0.32295427 0.07575382
v 0.03659057 0.32344410 0.07499590
v 0.03772041 0.32384649 0.07401360
v 0.03387352 0.32210836 0.07622670
v 0.03541232 0.32235563 0.07576971
v 0.03683233 0.32257482 0.07501867
v 0.03802354 0.32275051 0.07404196
v 0.03389620 0.32179299 0.07623377
v 0.03545700 0.32173643 0.07578366
v 0.03689811 0.32167554 0.07503941
v 0.03810875 0.32161659 0.07406885
v 0.03385913 0.32148021 0.07623858
v 0.03538165 0.32111990 0.07579431
v 0.03678750 0.32078192 0.07505509
v 0.03796641 0.32048869 0.07408928
v 0.03375854 0.32117939 0.07624392
v 0.03518530 0.32053253 0.07580416
v 0.03650206 0.31992766 0.07506999
v 0.03760857 0.31941280 0.07410794
v 0.03360199 0.32090464 0.07624763
v 0.03487753 0.31999373 0.07581197
v 0.03605497 0.31914559 0.07508213
v 0.03704418 0.31842721 0.07412187
v 0.03339346 0.32066709 0.07625051
v 0.03446957 0.31952673 0.07581748
v 0.03546382 0.31846657 0.07508934
v 0.03629860 0.31756949 0.07413246
v 0.03314327 0.32047305 0.07625151
v 0.03397852 0.31914663 0.07581961
v 0.03474972 0.31791586 0.07509278
v 0.03539720 0.31687599 0.07413566
v 0.03285947 0.32033244 0.07625150
v 0.03342084 0.31887025 0.07581864
v 0.03394062 0.31751546 0.07509146
v 0.03437689 0.31637004 0.07413413
v 0.03255230 0.32024938 0.07624923
v 0.03282058 0.31870785 0.07581545
v 0.03306811 0.31727904 0.07508627
v 0.03327724 0.31607288 0.07412656
v 0.03223561 0.32022786 0.07624587
v 0.03219809 0.31866565 0.07580823
v 0.03216488 0.31721735 0.07507637
v 0.03213833 0.31599429 0.07411487
v 0.03192056 0.32026801 0.07624080
v 0.03157892 0.31874454 0.07579891
v 0.03126622 0.31733173 0.07506294
v 0.03100503 0.31614050 0.07409731
v 0.03161788 0.32036915 0.07623495
v 0.03098792 0.31894261 0.07578760
v 0.03040672 0.31761929 0.07504537
v 0.02992212 0.31650174 0.07407535
v 0.03134163 0.32052627 0.07622845
v 0.03044471 0.31925157 0.07577436
v 0.02961916 0.31806749 0.07502563
v 0.02892896 0.31706724 0.07405033
v 0.03110144 0.32073483 0.07622078
v 0.02997321 0.31965914 0.07575899
v 0.02893383 0.31865966 0.07500440
v 0.02806436 0.31781349 0.07402366
v 0.03090513 0.32098490 0.07621329
v 0.02958938 0.32015046 0.07574428
v 0.02837764 0.31937307 0.07498193
v 0.02736277 0.31871349 0.07399490
v 0.03227573 0.32184482 0.07637017
v 0.03076181 0.32126594 0.07620683
v 0.02930916 0.32070628 0.07572806
v 0.02797048 0.32017991 0.07495890
v 0.02684945 0.31973150 0.07396633
v 0.03067641 0.32157329 0.07619922
v 0.02914096 0.32130429 0.07571471
v 0.02772704 0.32104906 0.07493871
v 0.02654463 0.32082525 0.07394020
v 0.02528892 0.32197431 0.07304910
v 0.02347784 0.32199454 0.07158525
v 0.02193446 0.32199576 0.06968192
v 0.02079103 0.32197881 0.06751901
v 0.02009229 0.32194448 0.06517800
v 0.01986245 0.32189423 0.06275154
v 0.02011278 0.32183015 0.06033083
v 0.02083059 0.32175419 0.05801000
v 0.02199156 0.32166922 0.05587701
v 0.02354910 0.32157937 0.05401563
v 0.02544305 0.32148692 0.05249554
v 0.02760355 0.32139608 0.05137652
v 0.02994409 0.32131040 0.05070104
v 0.02545767 0.32332930 0.07302105
v 0.02369055 0.32370070 0.07154974
v 0.02218470 0.32400277 0.06964098
v 0.02106901 0.32420832 0.06747264
v 0.02038720 0.32431141 0.06512921
v 0.02016433 0.32430759 0.06270125
v 0.02040761 0.32419667 0.06028168
v 0.02110860 0.32398361 0.05796413
v 0.02224153 0.32367611 0.05583525
v 0.02376204 0.32328546 0.05397989
v 0.02561130 0.32282791 0.05246771
v 0.02771715 0.32231966 0.05135699
v 0.03000235 0.32178086 0.05069178
v 0.02589040 0.32462373 0.07299687
v 0.02423399 0.32533258 0.07152028
v 0.02282465 0.32592061 0.06960551
v 0.02178030 0.32633904 0.06743316
v 0.02114174 0.32657444 0.06508799
v 0.02093226 0.32661495 0.06265926
v 0.02116070 0.32645980 0.06024061
v 0.02181890 0.32611442 0.05792501
v 0.02288067 0.32559401 0.05580069
v 0.02430506 0.32491723 0.05395059
v 0.02603725 0.32410863 0.05244437
v 0.02801196 0.32320261 0.05134090
v 0.03015250 0.32223117 0.05068330
v 0.02656678 0.32580909 0.07297897
v 0.02508752 0.32682487 0.07149696
v 0.02382835 0.32767516 0.06957874
v 0.02289562 0.32828948 0.06740361
v 0.02232495 0.32864410 0.06505656
v 0.02213901 0.32872507 0.06262715
v 0.02234493 0.32852939 0.06020925
v 0.02293383 0.32806537 0.05789576
v 0.02388367 0.32734916 0.05577401
v 0.02515718 0.32640976 0.05392839
v 0.02670722 0.32528186 0.05242681
v 0.02847364 0.32400963 0.05132905
v 0.03038729 0.32264277 0.05067739
v 0.02746473 0.32683885 0.07296674
v 0.02621787 0.32812086 0.07148115
v 0.02515714 0.32920018 0.06956105
v 0.02437219 0.32998389 0.06738400
v 0.02389295 0.33044258 0.06503620
v 0.02373754 0.33055940 0.06260634
v 0.02391225 0.33032793 0.06018898
v 0.02441008 0.32975936 0.05787638
v 0.02521189 0.32887423 0.05575719
v 0.02628773 0.32770637 0.05391393
v 0.02759532 0.32630119 0.05241562
v 0.02908445 0.32471246 0.05132116
v 0.03069961 0.32300043 0.05067305
v 0.02854742 0.32767314 0.07296191
v 0.02758138 0.32917273 0.07147509
v 0.02676012 0.33043614 0.06955307
v 0.02615362 0.33135754 0.06737553
v 0.02578386 0.33190182 0.06502724
v 0.02566541 0.33204687 0.06259752
v 0.02580349 0.33178714 0.06018021
v 0.02619122 0.33113348 0.05786866
v 0.02681507 0.33011019 0.05575007
v 0.02765039 0.32875824 0.05390764
v 0.02866654 0.32712689 0.05241045
v 0.02982348 0.32528087 0.05131806
v 0.03107499 0.32329068 0.05067156
v 0.02977397 0.32828027 0.07296326
v 0.02912659 0.32993770 0.07147727
v 0.02857649 0.33133647 0.06955616
v 0.02817165 0.33235812 0.06737881
v 0.02792577 0.33296382 0.06503083
v 0.02784979 0.33312947 0.06260116
v 0.02794418 0.33284929 0.06018381
v 0.02820879 0.33213374 0.05787209
v 0.02863059 0.33101016 0.05575287
v 0.02919525 0.32952327 0.05390982
v 0.02988015 0.32772839 0.05241216
v 0.03065883 0.32569548 0.05131922
v 0.03150125 0.32350144 0.05067225
v 0.03109638 0.32863766 0.07297125
v 0.03079349 0.33038774 0.07148798
v 0.03053606 0.33186626 0.06956918
v 0.03034907 0.33294702 0.06739333
v 0.03023758 0.33358839 0.06504623
v 0.03020610 0.33376506 0.06261721
v 0.03025641 0.33347377 0.06019978
v 0.03038602 0.33272210 0.05788629
v 0.03059035 0.33153996 0.05576609
v 0.03086176 0.32997289 0.05392161
v 0.03118860 0.32808194 0.05242119
v 0.03156010 0.32593942 0.05132527
v 0.03196115 0.32362586 0.05067542
v 0.03246538 0.32873115 0.07298720
v 0.03251745 0.33050552 0.07150753
v 0.03256350 0.33200482 0.06959174
v 0.03260095 0.33310029 0.06741847
v 0.03262787 0.33375052 0.06507321
v 0.03264332 0.33393186 0.06264458
v 0.03264720 0.33363634 0.06022637
v 0.03263784 0.33287591 0.05791198
v 0.03261700 0.33167857 0.05578880
v 0.03258507 0.33009070 0.05394072
v 0.03254325 0.32817486 0.05243637
v 0.03249318 0.32600316 0.05133580
v 0.03243668 0.32365847 0.05068081
v 0.03382760 0.32855675 0.07300831
v 0.03423195 0.33028647 0.07153457
v 0.03458092 0.33174652 0.06962340
v 0.03484168 0.33281350 0.06745357
v 0.03500693 0.33344674 0.06511025
v 0.03506922 0.33362174 0.06268252
v 0.03502561 0.33333215 0.06026381
v 0.03487843 0.33258966 0.05794707
v 0.03463409 0.33142030 0.05582041
v 0.03429981 0.32987162 0.05396726
v 0.03389119 0.32800195 0.05245797
v 0.03342164 0.32588437 0.05135026
v 0.03290992 0.32359779 0.05068764
v 0.03513036 0.32812116 0.07303447
v 0.03587402 0.32973847 0.07156727
v 0.03651075 0.33110166 0.06966253
v 0.03698606 0.33209723 0.06749706
v 0.03728363 0.33268681 0.06515639
v 0.03739043 0.33284664 0.06272925
v 0.03730222 0.33257231 0.06030987
v 0.03702255 0.33187288 0.05799038
v 0.03656359 0.33077589 0.05585937
v 0.03594150 0.32932362 0.05400085
v 0.03517972 0.32757157 0.05248379
v 0.03430963 0.32558694 0.05136824
v 0.03336285 0.32344636 0.05069727
v 0.03632391 0.32744288 0.07306550
v 0.03737773 0.32888272 0.07160641
v 0.03827861 0.33009565 0.06970800
v 0.03895037 0.33097929 0.06754717
v 0.03936800 0.33149922 0.06520951
v 0.03951564 0.33163649 0.06278399
v 0.03938598 0.33138472 0.06036300
v 0.03898645 0.33075434 0.05804043
v 0.03833067 0.32976988 0.05590417
v 0.03744474 0.32846791 0.05403911
v 0.03636150 0.32689962 0.05251371
v 0.03512270 0.32512453 0.05138869
v 0.03377777 0.32321069 0.05070787
v 0.03736269 0.32654524 0.07309922
v 0.03868587 0.32775223 0.07164865
v 0.03981644 0.32876670 0.06975742
v 0.04065959 0.32950178 0.06760193
v 0.04118234 0.32993129 0.06526774
v 0.04136511 0.33003721 0.06284357
v 0.04120097 0.32981670 0.06042109
v 0.04069532 0.32927790 0.05809547
v 0.03986864 0.32844046 0.05595390
v 0.03875241 0.32733738 0.05408070
v 0.03738862 0.32601133 0.05254652
v 0.03583125 0.32451275 0.05141124
v 0.03413780 0.32289815 0.05071972
v 0.03820687 0.32546422 0.07313439
v 0.03974916 0.32639021 0.07169320
v 0.04106626 0.32716483 0.06980904
v 0.04204802 0.32772303 0.06766003
v 0.04265704 0.32804179 0.06532914
v 0.04286836 0.32811150 0.06290612
v 0.04267510 0.32792714 0.06048272
v 0.04208323 0.32749811 0.05815282
v 0.04111743 0.32683909 0.05600580
v 0.03981486 0.32597539 0.05412511
v 0.03822364 0.32494149 0.05258134
v 0.03640595 0.32377484 0.05143552
v 0.03443154 0.32252309 0.05073168
v 0.03882241 0.32424098 0.07316970
v 0.04052565 0.32484940 0.07173768
v 0.04197910 0.32535288 0.06986210
v 0.04306295 0.32570887 0.06771898
v 0.04373376 0.32590511 0.06539094
v 0.04396635 0.32593155 0.06296884
v 0.04375160 0.32579115 0.06054398
v 0.04309754 0.32548457 0.05821123
v 0.04203046 0.32502717 0.05605774
v 0.04059052 0.32443467 0.05416965
v 0.03883309 0.32372993 0.05261614
v 0.03682545 0.32294121 0.05145920
v 0.03464504 0.32209769 0.05074408
v 0.03918884 0.32292297 0.07320458
v 0.04098703 0.32318786 0.07178260
v 0.04252163 0.32339987 0.06991333
v 0.04366555 0.32353911 0.06777708
v 0.04437198 0.32360128 0.06545111
v 0.04461598 0.32358363 0.06302992
v 0.04438938 0.32348675 0.06060384
v 0.04369869 0.32331440 0.05826699
v 0.04257081 0.32307434 0.05610867
v 0.04104993 0.32277322 0.05421241
v 0.03919389 0.32242587 0.05265006
v 0.03707498 0.32204267 0.05148261
v 0.03477209 0.32163966 0.05075582
v 0.03928974 0.32156107 0.07323781
v 0.04111392 0.32147276 0.07182368
v 0.04267162 0.32138291 0.06996198
v 0.04383120 0.32129771 0.06782918
v 0.04454707 0.32122028 0.06550762
v 0.04479484 0.32115546 0.06308665
v 0.04456301 0.32110584 0.06065925
v 0.04386312 0.32107237 0.05831933
v 0.04271952 0.32105565 0.05615532
v 0.04117544 0.32105711 0.05425225
v 0.03929341 0.32107696 0.05268147
v 0.03714273 0.32111326 0.05150409
v 0.03480702 0.32116601 0.05076682
v 0.03911972 0.32020503 0.07326424
v 0.04090039 0.31976578 0.07185867
v 0.04242034 0.31937402 0.07000291
v 0.04355268 0.31906679 0.06787561
v 0.04425206 0.31885317 0.06555591
v 0.04449318 0.31874293 0.06313594
v 0.04426877 0.31873935 0.06070800
v 0.04358509 0.31884292 0.05836575
v 0.04246858 0.31904885 0.05619654
v 0.04096249 0.31935105 0.05428744
v 0.03912504 0.31973597 0.05270927
v 0.03702789 0.32018971 0.05152307
v 0.03474812 0.32069555 0.05077659
v 0.03868668 0.31891015 0.07328597
v 0.04035494 0.31813395 0.07188546
v 0.04177917 0.31745616 0.07003633
v 0.04284097 0.31693608 0.06791324
v 0.04349788 0.31659064 0.06559650
v 0.04372515 0.31643575 0.06317744
v 0.04351518 0.31647637 0.06074890
v 0.04287477 0.31671169 0.05840425
v 0.04182992 0.31713098 0.05623151
v 0.04041942 0.31771931 0.05431673
v 0.03869905 0.31845525 0.05273261
v 0.03673311 0.31930721 0.05153964
v 0.03459797 0.32024524 0.05078455
v 0.03801006 0.31772554 0.07330337
v 0.03950129 0.31664124 0.07190739
v 0.04077490 0.31570166 0.07006150
v 0.04172553 0.31498525 0.06794143
v 0.04231377 0.31452125 0.06562724
v 0.04251816 0.31432530 0.06320901
v 0.04233137 0.31440693 0.06077988
v 0.04176033 0.31476182 0.05843321
v 0.04082626 0.31537637 0.05625803
v 0.03956718 0.31622681 0.05433931
v 0.03802902 0.31728151 0.05275014
v 0.03627144 0.31849971 0.05155148
v 0.03436320 0.31983313 0.05079092
v 0.03711211 0.31669563 0.07331442
v 0.03837012 0.31534433 0.07192081
v 0.03944632 0.31417680 0.07007808
v 0.04024805 0.31329149 0.06795997
v 0.04074532 0.31272298 0.06564660
v 0.04092013 0.31249145 0.06322946
v 0.04076340 0.31260851 0.06079964
v 0.04028348 0.31306687 0.05845187
v 0.03949798 0.31385130 0.05627523
v 0.03843714 0.31493020 0.05435419
v 0.03714138 0.31626225 0.05276174
v 0.03566060 0.31779692 0.05155930
v 0.03405087 0.31947598 0.05079477
v 0.03602929 0.31586134 0.07331909
v 0.03700639 0.31429306 0.07192668
v 0.03784277 0.31294101 0.07008427
v 0.03846661 0.31191754 0.06796765
v 0.03885397 0.31126383 0.06565491
v 0.03899207 0.31100404 0.06323795
v 0.03887190 0.31114927 0.06080812
v 0.03850267 0.31169370 0.05845993
v 0.03789476 0.31261536 0.05628223
v 0.03707394 0.31387877 0.05435985
v 0.03606969 0.31543654 0.05276638
v 0.03492206 0.31722847 0.05156238
v 0.03367551 0.31918576 0.05079669
v 0.03237609 0.32123247 0.05049475
v 0.03480303 0.31525436 0.07331608
v 0.03546195 0.31352821 0.07192343
v 0.03602589 0.31204060 0.07008173
v 0.03644745 0.31091732 0.06796395
v 0.03671236 0.31020159 0.06565115
v 0.03680749 0.30992135 0.06323398
v 0.03673042 0.31008708 0.06080430
v 0.03648391 0.31069300 0.05845675
v 0.03607922 0.31171486 0.05627885
v 0.03552957 0.31311327 0.05435714
v 0.03485606 0.31483498 0.05276413
v 0.03408673 0.31681478 0.05156121
v 0.03324922 0.31897447 0.05079597
v 0.03348024 0.31489632 0.07330806
v 0.03379456 0.31307858 0.07191220
v 0.03406671 0.31151086 0.07006828
v 0.03427035 0.31032902 0.06794906
v 0.03440043 0.30957693 0.06563551
v 0.03445089 0.30928555 0.06321783
v 0.03441909 0.30946234 0.06078884
v 0.03430657 0.31010404 0.05844153
v 0.03411989 0.31118506 0.05626551
v 0.03386252 0.31266364 0.05434630
v 0.03354762 0.31448150 0.05275507
v 0.03318495 0.31656989 0.05155510
v 0.03278930 0.31885052 0.05079231
v 0.03211140 0.31480271 0.07329276
v 0.03207111 0.31296036 0.07189316
v 0.03203925 0.31137279 0.07004508
v 0.03201891 0.31017467 0.06792384
v 0.03200952 0.30941448 0.06560829
v 0.03201279 0.30911800 0.06319068
v 0.03202834 0.30930027 0.06076228
v 0.03205577 0.30995074 0.05841634
v 0.03209271 0.31104645 0.05624285
v 0.03213921 0.31254536 0.05432668
v 0.03219292 0.31438902 0.05273991
v 0.03225186 0.31650719 0.05154456
v 0.03231370 0.31881791 0.05078740
v 0.03074922 0.31497708 0.07327137
v 0.03035672 0.31317988 0.07186625
v 0.03002189 0.31163064 0.07001370
v 0.02977823 0.31046146 0.06788836
v 0.02963106 0.30971819 0.06557161
v 0.02958726 0.30942902 0.06315303
v 0.02964939 0.30960411 0.06072475
v 0.02981517 0.31023699 0.05838174
v 0.03007613 0.31130478 0.05621172
v 0.03042447 0.31276491 0.05429963
v 0.03084501 0.31456199 0.05271929
v 0.03132338 0.31662503 0.05153010
v 0.03184053 0.31887811 0.05078005
v 0.02944706 0.31541282 0.07324560
v 0.02871425 0.31372797 0.07183291
v 0.02809277 0.31227553 0.06997503
v 0.02763403 0.31117833 0.06784577
v 0.02735447 0.31047824 0.06552557
v 0.02726782 0.31020382 0.06310583
v 0.02737333 0.31036422 0.06067919
v 0.02767111 0.31095389 0.05833793
v 0.02814626 0.31194976 0.05617285
v 0.02878333 0.31331295 0.05426710
v 0.02955699 0.31499237 0.05269250
v 0.03043589 0.31692237 0.05151220
v 0.03138762 0.31902954 0.05077048
v 0.02825325 0.31609088 0.07321589
v 0.02721138 0.31458357 0.07179574
v 0.02632498 0.31328157 0.06993050
v 0.02566944 0.31229702 0.06779555
v 0.02526975 0.31166607 0.06547254
v 0.02514062 0.31141421 0.06305191
v 0.02528932 0.31155196 0.06062574
v 0.02570686 0.31207210 0.05828812
v 0.02637918 0.31295580 0.05612713
v 0.02728016 0.31416875 0.05422890
v 0.02837526 0.31566480 0.05266308
v 0.02962285 0.31738484 0.05149176
v 0.03097269 0.31926525 0.05075989
v 0.02721443 0.31698895 0.07318310
v 0.02590337 0.31571406 0.07175405
v 0.02478633 0.31461036 0.06988166
v 0.02396051 0.31377342 0.06774079
v 0.02345586 0.31323451 0.06541485
v 0.02329177 0.31301403 0.06299265
v 0.02347507 0.31311992 0.06056790
v 0.02399821 0.31354955 0.05823367
v 0.02484125 0.31428474 0.05607795
v 0.02597249 0.31529918 0.05418685
v 0.02734769 0.31655264 0.05262982
v 0.02891382 0.31799710 0.05146923
v 0.03061265 0.31957829 0.05074906
v 0.02637044 0.31806955 0.07314842
v 0.02484044 0.31707555 0.07171067
v 0.02353781 0.31621236 0.06983004
v 0.02257233 0.31555322 0.06768437
v 0.02198152 0.31512353 0.06535384
v 0.02178862 0.31493914 0.06293061
v 0.02200105 0.31500944 0.06050726
v 0.02261022 0.31532830 0.05817604
v 0.02359253 0.31588608 0.05602664
v 0.02491006 0.31666121 0.05414304
v 0.02651264 0.31762201 0.05259507
v 0.02833962 0.31873453 0.05144501
v 0.03031895 0.31995291 0.05073660
v 0.02575487 0.31929329 0.07311351
v 0.02406415 0.31861633 0.07166671
v 0.02262495 0.31802416 0.06977814
v 0.02155784 0.31756660 0.06762665
v 0.02090479 0.31725988 0.06529251
v 0.02069137 0.31711882 0.06286800
v 0.02092420 0.31714538 0.06044576
v 0.02159606 0.31734174 0.05811842
v 0.02268010 0.31769842 0.05597486
v 0.02413446 0.31820190 0.05409861
v 0.02590371 0.31883353 0.05256085
v 0.02791962 0.31956813 0.05142085
v 0.03010544 0.32037824 0.05072423
v 0.02538884 0.32061148 0.07308037
v 0.02360406 0.32027835 0.07162420
v 0.02208333 0.31997699 0.06972843
v 0.02095590 0.31973618 0.06757103
v 0.02026684 0.31956401 0.06523362
v 0.02004133 0.31946695 0.06280780
v 0.02028649 0.31944945 0.06038625
v 0.02099495 0.31951171 0.05806234
v 0.02213930 0.31965119 0.05592405
v 0.02367508 0.31986332 0.05405589
v 0.02554289 0.32013753 0.05252698
v 0.02767008 0.32046673 0.05139794
v 0.02997836 0.32083625 0.05071249
v -0.03389560 0.32179105 0.07623319
v -0.03545643 0.32173458 0.07578316
v -0.03689762 0.32167384 0.07503897
v -0.03810835 0.32161501 0.07406845
v -0.03387291 0.32210642 0.07622616
v -0.03541176 0.32235381 0.07576929
v -0.03683182 0.32257313 0.07501836
v -0.03802312 0.32274899 0.07404172
v -0.03378785 0.32241225 0.07621841
v -0.03524506 0.32295245 0.07575347
v -0.03659007 0.32344243 0.07499569
v -0.03771998 0.32384500 0.07401349
v -0.03364558 0.32269585 0.07621085
v -0.03496524 0.32350820 0.07573827
v -0.03618370 0.32424983 0.07497299
v -0.03720630 0.32486251 0.07398392
v -0.03344930 0.32294542 0.07620268
v -0.03458153 0.32399926 0.07572223
v -0.03562732 0.32496294 0.07495036
v -0.03650506 0.32576305 0.07395498
v -0.03320934 0.32315466 0.07619532
v -0.03411034 0.32440743 0.07570792
v -0.03494202 0.32555518 0.07492823
v -0.03564021 0.32650951 0.07392731
v -0.03293291 0.32331133 0.07618815
v -0.03356730 0.32471642 0.07569391
v -0.03415431 0.32600290 0.07490809
v -0.03464686 0.32707444 0.07390127
v -0.03263026 0.32341257 0.07618225
v -0.03297593 0.32491404 0.07568165
v -0.03329480 0.32629034 0.07489099
v -0.03356373 0.32743600 0.07387949
v -0.03231498 0.32345262 0.07617708
v -0.03235633 0.32499284 0.07567191
v -0.03239591 0.32640526 0.07487673
v -0.03243035 0.32758164 0.07386187
v -0.03199823 0.32343161 0.07617392
v -0.03173436 0.32495117 0.07566542
v -0.03149259 0.32634404 0.07486687
v -0.03129126 0.32750314 0.07384851
v -0.03169082 0.32334834 0.07617171
v -0.03113316 0.32478765 0.07566106
v -0.03061967 0.32610768 0.07486092
v -0.03019151 0.32720593 0.07384169
v -0.03140682 0.32320735 0.07617113
v -0.03057545 0.32451117 0.07566024
v -0.02981040 0.32570663 0.07485916
v -0.02917096 0.32669997 0.07383966
v -0.03115650 0.32301319 0.07617220
v -0.03008446 0.32413203 0.07566255
v -0.02909648 0.32515582 0.07486283
v -0.02826969 0.32600564 0.07384466
v -0.03094779 0.32277513 0.07617528
v -0.02967577 0.32366502 0.07566767
v -0.02850390 0.32447627 0.07487063
v -0.02752348 0.32514846 0.07385364
v -0.03079108 0.32250124 0.07617971
v -0.02936787 0.32312554 0.07567578
v -0.02805701 0.32369459 0.07488215
v -0.02695939 0.32416224 0.07386903
v -0.03069216 0.32220036 0.07618486
v -0.02917106 0.32253817 0.07568714
v -0.02777152 0.32284072 0.07489857
v -0.02660059 0.32308656 0.07388861
v -0.03065210 0.32188675 0.07619166
v -0.02909446 0.32192183 0.07569978
v -0.02765987 0.32194635 0.07491671
v -0.02645854 0.32195869 0.07391249
v -0.03067579 0.32157126 0.07619840
v -0.02914039 0.32130229 0.07571375
v -0.02772653 0.32104713 0.07493760
v -0.02654421 0.32082340 0.07393896
v -0.03076121 0.32126391 0.07620598
v -0.02930861 0.32070428 0.07572702
v -0.02796999 0.32017794 0.07495768
v -0.02684905 0.31972963 0.07396496
v -0.03090454 0.32098287 0.07621239
v -0.02958883 0.32014844 0.07574318
v -0.02837716 0.31937107 0.07498062
v -0.02736237 0.31871161 0.07399341
v -0.03110084 0.32073280 0.07621987
v -0.02997266 0.31965715 0.07575785
v -0.02893335 0.31865770 0.07500303
v -0.02806398 0.31781161 0.07402209
v -0.03134103 0.32052425 0.07622753
v -0.03044417 0.31924951 0.07577319
v -0.02961869 0.31806552 0.07502422
v -0.02892858 0.31706533 0.07404871
v -0.03161728 0.32036713 0.07623402
v -0.03098738 0.31894058 0.07578641
v -0.03040625 0.31761733 0.07504395
v -0.02992175 0.31649986 0.07407372
v -0.03191997 0.32026598 0.07623988
v -0.03157839 0.31874251 0.07579774
v -0.03126577 0.31732979 0.07506153
v -0.03100467 0.31613863 0.07409570
v -0.03223503 0.32022583 0.07624496
v -0.03219756 0.31866363 0.07580709
v -0.03216443 0.31721541 0.07507500
v -0.03213797 0.31599244 0.07411331
v -0.03255171 0.32024738 0.07624835
v -0.03282005 0.31870589 0.07581435
v -0.03306765 0.31727710 0.07508497
v -0.03327688 0.31607106 0.07412508
v -0.03285888 0.32033044 0.07625064
v -0.03342031 0.31886831 0.07581761
v -0.03394016 0.31751353 0.07509024
v -0.03437653 0.31636828 0.07413275
v -0.03314268 0.32047105 0.07625069
v -0.03397799 0.31914470 0.07581865
v -0.03474926 0.31791401 0.07509167
v -0.03539684 0.31687427 0.07413442
v -0.03339287 0.32066509 0.07624973
v -0.03446903 0.31952482 0.07581660
v -0.03546336 0.31846476 0.07508835
v -0.03629823 0.31756780 0.07413137
v -0.03360140 0.32090268 0.07624690
v -0.03487699 0.31999183 0.07581118
v -0.03605450 0.31914380 0.07508127
v -0.03704381 0.31842554 0.07412094
v -0.03227511 0.32184282 0.07636949
v -0.03375795 0.32117745 0.07624324
v -0.03518475 0.32053065 0.07580347
v -0.03650158 0.31992590 0.07506928
v -0.03760819 0.31941116 0.07410720
v -0.03385854 0.32147828 0.07623795
v -0.03538110 0.32111803 0.07579371
v -0.03678703 0.32078016 0.07505451
v -0.03796602 0.32048711 0.07408871
v -0.03928941 0.32155964 0.07323745
v -0.04111372 0.32147157 0.07182339
v -0.04267159 0.32138199 0.06996171
v -0.04383135 0.32129711 0.06782892
v -0.04454742 0.32121998 0.06550733
v -0.04479540 0.32115549 0.06308630
v -0.04456378 0.32110617 0.06065882
v -0.04386408 0.32107300 0.05831880
v -0.04272066 0.32105654 0.05615466
v -0.04117674 0.32105818 0.05425144
v -0.03929483 0.32107821 0.05268051
v -0.03714425 0.32111460 0.05150297
v -0.03480859 0.32116738 0.05076554
v -0.03918851 0.32292157 0.07320441
v -0.04098682 0.32318670 0.07178254
v -0.04252157 0.32339901 0.06991334
v -0.04366568 0.32353857 0.06777713
v -0.04437232 0.32360104 0.06545115
v -0.04461652 0.32358372 0.06302990
v -0.04439012 0.32348713 0.06060374
v -0.04369963 0.32331508 0.05826677
v -0.04257193 0.32307529 0.05610828
v -0.04105122 0.32277435 0.05421184
v -0.03919530 0.32242712 0.05264929
v -0.03707649 0.32204401 0.05148162
v -0.03477366 0.32164103 0.05075461
v -0.03882206 0.32423964 0.07316969
v -0.04052543 0.32484829 0.07173783
v -0.04197904 0.32535207 0.06986237
v -0.04306306 0.32570836 0.06771930
v -0.04373408 0.32590494 0.06539126
v -0.04396687 0.32593170 0.06296913
v -0.04375232 0.32579160 0.06054416
v -0.04309846 0.32548529 0.05821127
v -0.04203157 0.32502815 0.05605760
v -0.04059178 0.32443583 0.05416929
v -0.03883448 0.32373121 0.05261553
v -0.03682695 0.32294258 0.05145832
v -0.03464660 0.32209909 0.05074293
v -0.03820651 0.32546288 0.07313452
v -0.03974892 0.32638910 0.07169351
v -0.04106617 0.32716402 0.06980950
v -0.04204811 0.32772252 0.06766056
v -0.04265733 0.32804164 0.06532970
v -0.04286886 0.32811165 0.06290663
v -0.04267580 0.32792762 0.06048314
v -0.04208413 0.32749885 0.05815308
v -0.04111852 0.32684010 0.05600585
v -0.03981611 0.32597658 0.05412491
v -0.03822503 0.32494283 0.05258086
v -0.03640744 0.32377625 0.05143473
v -0.03443310 0.32252449 0.05073057
v -0.03736231 0.32654390 0.07309944
v -0.03868560 0.32775113 0.07164908
v -0.03981633 0.32876593 0.06975802
v -0.04065966 0.32950133 0.06760263
v -0.04118261 0.32993117 0.06526848
v -0.04136559 0.33003739 0.06284427
v -0.04120164 0.32981718 0.06042169
v -0.04069620 0.32927868 0.05809589
v -0.03986971 0.32844144 0.05595410
v -0.03875364 0.32733861 0.05408063
v -0.03738999 0.32601261 0.05254614
v -0.03583273 0.32451412 0.05141052
v -0.03413936 0.32289958 0.05071865
v -0.03632353 0.32744157 0.07306579
v -0.03737745 0.32888165 0.07160693
v -0.03827848 0.33009484 0.06970870
v -0.03895042 0.33097881 0.06754798
v -0.03936825 0.33149907 0.06521035
v -0.03951609 0.33163667 0.06278481
v -0.03938664 0.33138520 0.06036370
v -0.03898731 0.33075511 0.05804095
v -0.03833172 0.32977089 0.05590447
v -0.03744597 0.32846913 0.05403912
v -0.03636286 0.32690096 0.05251339
v -0.03512418 0.32512593 0.05138801
v -0.03377932 0.32321209 0.05070681
v -0.03512996 0.32811981 0.07303477
v -0.03587373 0.32973737 0.07156781
v -0.03651061 0.33110085 0.06966326
v -0.03698609 0.33209676 0.06749789
v -0.03728385 0.33268666 0.06515727
v -0.03739086 0.33284679 0.06273010
v -0.03730286 0.33257279 0.06031061
v -0.03702339 0.33187363 0.05799095
v -0.03656462 0.33077690 0.05585970
v -0.03594271 0.32932481 0.05400088
v -0.03518107 0.32757288 0.05248349
v -0.03431110 0.32558835 0.05136758
v -0.03336440 0.32344779 0.05069624
v -0.03382720 0.32855538 0.07300860
v -0.03423165 0.33028531 0.07153510
v -0.03458076 0.33174568 0.06962410
v -0.03484170 0.33281299 0.06745438
v -0.03500715 0.33344653 0.06511110
v -0.03506964 0.33362183 0.06268334
v -0.03502624 0.33333260 0.06026452
v -0.03487926 0.33259034 0.05794760
v -0.03463513 0.33142129 0.05582071
v -0.03430101 0.32987279 0.05396727
v -0.03389254 0.32800320 0.05245765
v -0.03342311 0.32588574 0.05134958
v -0.03291146 0.32359919 0.05068659
v -0.03246497 0.32872975 0.07298743
v -0.03251715 0.33050436 0.07150798
v -0.03256334 0.33200395 0.06959235
v -0.03260096 0.33309972 0.06741919
v -0.03262807 0.33375028 0.06507395
v -0.03264373 0.33393195 0.06264529
v -0.03264781 0.33363673 0.06022698
v -0.03263867 0.33287656 0.05791242
v -0.03261802 0.33167949 0.05578901
v -0.03258627 0.33009183 0.05394066
v -0.03254459 0.32817614 0.05243600
v -0.03249463 0.32600451 0.05133509
v -0.03243823 0.32365987 0.05067974
v -0.03109597 0.32863626 0.07297137
v -0.03079318 0.33038655 0.07148830
v -0.03053590 0.33186534 0.06956965
v -0.03034908 0.33294639 0.06739388
v -0.03023778 0.33358809 0.06504681
v -0.03020651 0.33376509 0.06261775
v -0.03025703 0.33347410 0.06020022
v -0.03038684 0.33272269 0.05788657
v -0.03059136 0.33154082 0.05576615
v -0.03086294 0.32997397 0.05392143
v -0.03118993 0.32808316 0.05242072
v -0.03156156 0.32594076 0.05132449
v -0.03196269 0.32362726 0.05067432
v -0.02977356 0.32827878 0.07296326
v -0.02912628 0.32993644 0.07147742
v -0.02857633 0.33133551 0.06955643
v -0.02817166 0.33235747 0.06737915
v -0.02792597 0.33296347 0.06503117
v -0.02785020 0.33312941 0.06260146
v -0.02794479 0.33284953 0.06018401
v -0.02820961 0.33213428 0.05787215
v -0.02863160 0.33101097 0.05575274
v -0.02919644 0.32952431 0.05390947
v -0.02988149 0.32772961 0.05241155
v -0.03066029 0.32569680 0.05131835
v -0.03150279 0.32350281 0.05067110
v -0.02854701 0.32767162 0.07296176
v -0.02758107 0.32917145 0.07147504
v -0.02675996 0.33043507 0.06955310
v -0.02615364 0.33135676 0.06737559
v -0.02578407 0.33190137 0.06502730
v -0.02566582 0.33204675 0.06259753
v -0.02580411 0.33178732 0.06018013
v -0.02619204 0.33113396 0.05786845
v -0.02681609 0.33011091 0.05574971
v -0.02765159 0.32875922 0.05390709
v -0.02866788 0.32712805 0.05240969
v -0.02982494 0.32528216 0.05131708
v -0.03107653 0.32329205 0.05067036
v -0.02746432 0.32683730 0.07296640
v -0.02621757 0.32811949 0.07148086
v -0.02515699 0.32919908 0.06956081
v -0.02437221 0.32998306 0.06738376
v -0.02389317 0.33044201 0.06503593
v -0.02373796 0.33055919 0.06260602
v -0.02391287 0.33032802 0.06018858
v -0.02441091 0.32975978 0.05787586
v -0.02521291 0.32887492 0.05575655
v -0.02628893 0.32770729 0.05391314
v -0.02759667 0.32630232 0.05241467
v -0.02908592 0.32471371 0.05132006
v -0.03070116 0.32300174 0.05067179
v -0.02656639 0.32580748 0.07297842
v -0.02508723 0.32682344 0.07149642
v -0.02382821 0.32767397 0.06957821
v -0.02289565 0.32828856 0.06740305
v -0.02232518 0.32864347 0.06505596
v -0.02213944 0.32872477 0.06262649
v -0.02234557 0.32852942 0.06020850
v -0.02293467 0.32806569 0.05789492
v -0.02388470 0.32734978 0.05577308
v -0.02515839 0.32641062 0.05392734
v -0.02670858 0.32528293 0.05242566
v -0.02847511 0.32401085 0.05132781
v -0.03038884 0.32264411 0.05067606
v -0.02589002 0.32462206 0.07299611
v -0.02423371 0.32533109 0.07151949
v -0.02282452 0.32591933 0.06960466
v -0.02178034 0.32633802 0.06743226
v -0.02114198 0.32657376 0.06508702
v -0.02093270 0.32661456 0.06265821
v -0.02116135 0.32645974 0.06023949
v -0.02181976 0.32611465 0.05792383
v -0.02288173 0.32559454 0.05579944
v -0.02430628 0.32491803 0.05394928
v -0.02603861 0.32410964 0.05244302
v -0.02801344 0.32320380 0.05133951
v -0.03015404 0.32223246 0.05068189
v -0.02545729 0.32332760 0.07302008
v -0.02369029 0.32369918 0.07154869
v -0.02218458 0.32400146 0.06963982
v -0.02106907 0.32420725 0.06747139
v -0.02038746 0.32431066 0.06512787
v -0.02016480 0.32430714 0.06269983
v -0.02040829 0.32419652 0.06028020
v -0.02110948 0.32398376 0.05796260
v -0.02224260 0.32367656 0.05583369
v -0.02376327 0.32328615 0.05397832
v -0.02561268 0.32282886 0.05246616
v -0.02771863 0.32232082 0.05135547
v -0.03000390 0.32178214 0.05069030
v -0.02528856 0.32197258 0.07304794
v -0.02347759 0.32199293 0.07158393
v -0.02193436 0.32199433 0.06968047
v -0.02079111 0.32197767 0.06751743
v -0.02009257 0.32194361 0.06517631
v -0.01986294 0.32189369 0.06274977
v -0.02011348 0.32182994 0.06032900
v -0.02083149 0.32175431 0.05800815
v -0.02199265 0.32166964 0.05587516
v -0.02355035 0.32158005 0.05401381
v -0.02544443 0.32148787 0.05249378
v -0.02760504 0.32139722 0.05137485
v -0.02994565 0.32131165 0.05069949
v -0.02538849 0.32060966 0.07307900
v -0.02360383 0.32027671 0.07162265
v -0.02208325 0.31997555 0.06972671
v -0.02095601 0.31973502 0.06756913
v -0.02026714 0.31956312 0.06523160
v -0.02004184 0.31946635 0.06280570
v -0.02028720 0.31944919 0.06038409
v -0.02099587 0.31951177 0.05806018
v -0.02214040 0.31965154 0.05592192
v -0.02367634 0.31986398 0.05405384
v -0.02554429 0.32013842 0.05252504
v -0.02767158 0.32046783 0.05139615
v -0.02997992 0.32083750 0.05071088
v -0.02575453 0.31929150 0.07311200
v -0.02406394 0.31861466 0.07166496
v -0.02262490 0.31802267 0.06977616
v -0.02155798 0.31756538 0.06762449
v -0.02090511 0.31725889 0.06529021
v -0.02069190 0.31711820 0.06286559
v -0.02092494 0.31714505 0.06044332
v -0.02159700 0.31734174 0.05811599
v -0.02268122 0.31769875 0.05597249
v -0.02413574 0.31820253 0.05409635
v -0.02590512 0.31883439 0.05255875
v -0.02792113 0.31956920 0.05141895
v -0.03010700 0.32037950 0.05072256
v -0.02637012 0.31806773 0.07314677
v -0.02484024 0.31707385 0.07170875
v -0.02353778 0.31621087 0.06982786
v -0.02257248 0.31555194 0.06768199
v -0.02198187 0.31512254 0.06535130
v -0.02178918 0.31493846 0.06292797
v -0.02200182 0.31500909 0.06050458
v -0.02261119 0.31532827 0.05817338
v -0.02359368 0.31588635 0.05602407
v -0.02491135 0.31666180 0.05414062
v -0.02651406 0.31762287 0.05259283
v -0.02834114 0.31873560 0.05144301
v -0.03032051 0.31995413 0.05073488
v -0.02721412 0.31698713 0.07318135
v -0.02590318 0.31571236 0.07175200
v -0.02478631 0.31460884 0.06987934
v -0.02396068 0.31377217 0.06773824
v -0.02345623 0.31323352 0.06541213
v -0.02329235 0.31301335 0.06298984
v -0.02347586 0.31311953 0.06056504
v -0.02399919 0.31354952 0.05823085
v -0.02484241 0.31428501 0.05607523
v -0.02597380 0.31529978 0.05418429
v -0.02734913 0.31655350 0.05262748
v -0.02891535 0.31799817 0.05146717
v -0.03061422 0.31957948 0.05074731
v -0.02825294 0.31608906 0.07321408
v -0.02721121 0.31458187 0.07179361
v -0.02632498 0.31328005 0.06992809
v -0.02566964 0.31229576 0.06779291
v -0.02527015 0.31166506 0.06546971
v -0.02514123 0.31141353 0.06304899
v -0.02529013 0.31155160 0.06062278
v -0.02570787 0.31207207 0.05828520
v -0.02638036 0.31295606 0.05612432
v -0.02728149 0.31416932 0.05422626
v -0.02837671 0.31566566 0.05266069
v -0.02962438 0.31738591 0.05148965
v -0.03097427 0.31926650 0.05075811
v -0.03237768 0.32123384 0.05049333
v -0.02944677 0.31541100 0.07324377
v -0.02871409 0.31372631 0.07183076
v -0.02809278 0.31227404 0.06997257
v -0.02763424 0.31117707 0.06784308
v -0.02735488 0.31047726 0.06552271
v -0.02726844 0.31020314 0.06310286
v -0.02737416 0.31036386 0.06067619
v -0.02767213 0.31095389 0.05833497
v -0.02814745 0.31195006 0.05617001
v -0.02878466 0.31331354 0.05426444
v -0.02955845 0.31499323 0.05269009
v -0.03043743 0.31692344 0.05151008
v -0.03138920 0.31903076 0.05076869
v -0.03074893 0.31497529 0.07326955
v -0.03035657 0.31317824 0.07186412
v -0.03002192 0.31162915 0.07001129
v -0.02977845 0.31046024 0.06788570
v -0.02963148 0.30971724 0.06556877
v -0.02958789 0.30942839 0.06315009
v -0.02965023 0.30960378 0.06072178
v -0.02981620 0.31023702 0.05837881
v -0.03007733 0.31130511 0.05620891
v -0.03042582 0.31276554 0.05429699
v -0.03084647 0.31456289 0.05271688
v -0.03132493 0.31662613 0.05152799
v -0.03184212 0.31887937 0.05077828
v -0.03211112 0.31480095 0.07329100
v -0.03207097 0.31295872 0.07189110
v -0.03203928 0.31137136 0.07004274
v -0.03201913 0.31017351 0.06792128
v -0.03200995 0.30941355 0.06560557
v -0.03201342 0.30911741 0.06318785
v -0.03202918 0.30930001 0.06075942
v -0.03205681 0.30995080 0.05841351
v -0.03209392 0.31104684 0.05624012
v -0.03214056 0.31254601 0.05432411
v -0.03219439 0.31438994 0.05273757
v -0.03225341 0.31650829 0.05154249
v -0.03231528 0.31881917 0.05078565
v -0.03347996 0.31489456 0.07330640
v -0.03379443 0.31307700 0.07191026
v -0.03406674 0.31150946 0.07006609
v -0.03427058 0.31032786 0.06794666
v -0.03440087 0.30957609 0.06563296
v -0.03445154 0.30928501 0.06321517
v -0.03441994 0.30946213 0.06078615
v -0.03430760 0.31010416 0.05843886
v -0.03412111 0.31118548 0.05626292
v -0.03386388 0.31266433 0.05434386
v -0.03354909 0.31448245 0.05275282
v -0.03318650 0.31657103 0.05155309
v -0.03279089 0.31885180 0.05079058
v -0.03480275 0.31525266 0.07331455
v -0.03546181 0.31352669 0.07192165
v -0.03602593 0.31203926 0.07007973
v -0.03644767 0.31091627 0.06796177
v -0.03671280 0.31020078 0.06564882
v -0.03680814 0.30992091 0.06323156
v -0.03673127 0.31008697 0.06080184
v -0.03648495 0.31069314 0.05845430
v -0.03608043 0.31171533 0.05627647
v -0.03553092 0.31311402 0.05435487
v -0.03485753 0.31483597 0.05276202
v -0.03408828 0.31681594 0.05155930
v -0.03325080 0.31897575 0.05079429
v -0.03602901 0.31585968 0.07331772
v -0.03700624 0.31429160 0.07192513
v -0.03784280 0.31293976 0.07008251
v -0.03846683 0.31191656 0.06796574
v -0.03885440 0.31126311 0.06565287
v -0.03899271 0.31100368 0.06323582
v -0.03887274 0.31114921 0.06080594
v -0.03850370 0.31169394 0.05845774
v -0.03789597 0.31261590 0.05628007
v -0.03707530 0.31387958 0.05435777
v -0.03607116 0.31543759 0.05276442
v -0.03492361 0.31722966 0.05156058
v -0.03367709 0.31918707 0.05079507
v -0.03711182 0.31669402 0.07331324
v -0.03836998 0.31534290 0.07191948
v -0.03944634 0.31417564 0.07007660
v -0.04024826 0.31329060 0.06795836
v -0.04074574 0.31272236 0.06564489
v -0.04092076 0.31249118 0.06322765
v -0.04076424 0.31260851 0.06079777
v -0.04028450 0.31306720 0.05844999
v -0.03949918 0.31385192 0.05627335
v -0.03843848 0.31493106 0.05435235
v -0.03714284 0.31626332 0.05275997
v -0.03566214 0.31779814 0.05155763
v -0.03405245 0.31947729 0.05079321
v -0.03800976 0.31772399 0.07330240
v -0.03950113 0.31663990 0.07190631
v -0.04077492 0.31570056 0.07006032
v -0.04172574 0.31498444 0.06794015
v -0.04231417 0.31452075 0.06562587
v -0.04251877 0.31432509 0.06320757
v -0.04233219 0.31440702 0.06077836
v -0.04176134 0.31476220 0.05843166
v -0.04082745 0.31537703 0.05625645
v -0.03956852 0.31622773 0.05433773
v -0.03803048 0.31728265 0.05274856
v -0.03627298 0.31850097 0.05154995
v -0.03436478 0.31983447 0.05078943
v -0.03868637 0.31890863 0.07328520
v -0.04035477 0.31813267 0.07188465
v -0.04177917 0.31745514 0.07003545
v -0.04284116 0.31693533 0.06791230
v -0.04349827 0.31659022 0.06559549
v -0.04372574 0.31643564 0.06317636
v -0.04351598 0.31647658 0.06074775
v -0.04287577 0.31671217 0.05840303
v -0.04183110 0.31713176 0.05623024
v -0.04042075 0.31772029 0.05431540
v -0.03870050 0.31845641 0.05273125
v -0.03673465 0.31930852 0.05153825
v -0.03459955 0.32024658 0.05078314
v -0.03911940 0.32020357 0.07326368
v -0.04090020 0.31976452 0.07185812
v -0.04242033 0.31937304 0.07000235
v -0.04355285 0.31906614 0.06787501
v -0.04425243 0.31885278 0.06555527
v -0.04449376 0.31874287 0.06313524
v -0.04426956 0.31873959 0.06070722
v -0.04358607 0.31884348 0.05836488
v -0.04246974 0.31904969 0.05619558
v -0.04096381 0.31935206 0.05428638
v -0.03912648 0.31973717 0.05270812
v -0.03702942 0.32019103 0.05152182
v -0.03474970 0.32069692 0.05077524
f 4 2 1
f 8 6 5
f 13 15 14
f 17 19 18
f 32 30 29
f 36 34 33
f 37 39 38
f 21 23 20
f 25 27 24
f 41 43 42
f 48 46 45
f 52 50 49
f 53 55 54
f 60 58 57
f 29 62 61
f 66 64 63
f 67 6 68
f 72 70 69
f 76 74 73
f 77 79 78
f 81 83 82
f 59 86 85
f 88 90 89
f 96 94 93
f 100 98 97
f 101 103 102
f 106 34 87
f 108 115 107
f 117 36 118
f 124 126 125
f 131 129 128
f 132 134 133
f 142 140 139
f 148 60 147
f 144 127 124
f 149 151 150
f 156 154 153
f 159 158 157
f 116 164 105
f 171 169 168
f 174 173 172
f 179 181 180
f 186 188 187
f 194 196 195
f 199 139 198
f 206 208 207
f 213 211 210
f 202 214 201
f 96 216 54
f 92 43 44
f 97 246 100
f 250 229 228
f 252 58 253
f 258 256 255
f 260 229 259
f 110 112 113
f 114 263 109
f 265 267 266
f 56 270 269
f 274 249 250
f 185 63 64
f 280 278 276
f 285 283 157
f 288 211 212
f 141 92 46
f 289 175 176
f 148 105 106
f 312 170 171
f 238 42 43
f 318 160 317
f 310 308 307
f 241 325 324
f 160 240 317
f 47 307 308
f 108 315 164
f 345 86 119
f 348 350 349
f 356 358 357
f 355 353 352
f 363 32 362
f 149 150 176
f 364 253 365
f 366 368 367
f 183 371 63
f 163 161 160
f 209 101 208
f 378 165 166
f 379 381 380
f 383 3 4
f 284 386 385
f 387 389 388
f 391 229 249
f 73 397 396
f 405 407 406
f 203 411 410
f 414 413 412
f 1 357 4
f 277 131 275
f 254 57 58
f 358 415 351
f 417 386 408
f 401 192 420
f 419 127 143
f 421 182 422
f 103 302 409
f 428 368 174
f 380 359 356
f 62 266 323
f 140 431 430
f 357 351 348
f 356 379 380
f 415 403 434
f 437 436 435
f 438 440 439
f 188 450 449
f 452 454 453
f 265 181 421
f 224 64 225
f 237 213 427
f 275 128 458
f 281 460 459
f 50 79 461
f 73 282 281
f 468 466 465
f 390 352 359
f 482 484 483
f 489 487 486
f 493 495 494
f 472 470 469
f 502 500 499
f 220 222 223
f 512 143 66
f 518 511 80
f 513 230 286
f 205 31 244
f 189 451 188
f 163 532 8
f 533 225 251
f 446 447 412
f 335 540 334
f 544 546 545
f 329 291 292
f 199 262 238
f 385 416 550
f 532 191 247
f 363 118 243
f 236 237 250
f 578 580 579
f 573 571 570
f 561 562 272
f 241 259 240
f 590 592 591
f 545 595 594
f 503 155 504
f 606 624 623
f 478 480 479
f 646 648 647
f 590 689 684
f 564 651 650
f 728 184 727
f 714 716 715
f 692 575 693
f 541 581 578
f 346 248 400
f 161 230 160
f 128 94 95
f 698 704 703
f 574 576 575
f 290 401 328
f 630 725 726
f 733 735 734
f 755 496 493
f 759 481 760
f 757 762 761
f 764 466 467
f 768 9260 9261
f 759 488 489
f 492 475 771
f 474 769 473
f 773 465 772
f 771 486 483
f 484 775 491
f 774 489 486
f 495 764 756
f 495 761 494
f 137 784 136
f 325 797 547
f 165 51 52
f 369 29 370
f 730 568 569
f 90 301 89
f 243 516 242
f 800 806 805
f 817 808 816
f 816 823 822
f 306 447 807
f 815 809 808
f 829 828 825
f 726 501 502
f 274 424 423
f 879 881 880
f 884 879 885
f 219 217 211
f 906 904 897
f 455 205 542
f 898 830 829
f 903 880 881
f 906 897 898
f 377 519 165
f 923 948 946
f 946 951 950
f 8963 739 8961
f 900 886 880
f 225 65 144
f 182 442 422
f 809 947 824
f 954 962 961
f 927 965 966
f 885 880 886
f 925 966 967
f 343 341 340
f 965 971 968
f 968 970 969
f 972 969 973
f 963 981 978
f 336 338 339
f 992 827 828
f 810 996 959
f 1007 1002 1008
f 1012 827 1009
f 1011 1007 1008
f 294 292 291
f 907 920 919
f 1017 1019 1018
f 1020 1022 1021
f 1035 1020 1044
f 1061 1047 1046
f 1063 1046 1062
f 1044 1021 1045
f 1102 1097 1109
f 1116 1118 1117
f 1016 1014 1013
f 881 904 903
f 816 1127 817
f 1094 949 1097
f 514 167 515
f 146 81 82
f 1133 1130 1129
f 1102 1126 822
f 822 1116 816
f 1145 1148 1136
f 1076 1151 1069
f 1148 1086 1087
f 1109 1114 1136
f 1154 1156 1155
f 1153 967 1156
f 8815 463 9166
f 1144 1152 1151
f 1156 1163 1162
f 1164 1169 1165
f 1145 1176 1147
f 1114 1154 1171
f 1183 1164 1177
f 1184 1177 1185
f 1069 1062 1064
f 1023 1194 1022
f 1162 1170 1169
f 1195 1185 1191
f 1183 1176 1155
f 1201 1152 1196
f 1061 1201 1202
f 9277 843 9288
f 1203 1195 1034
f 1202 1184 1195
f 1218 1203 1217
f 1060 1202 1203
f 1225 1217 1219
f 671 694 670
f 1219 1024 1035
f 1217 1034 1024
f 1226 1015 1227
f 1243 1234 1233
f 1231 1229 1228
f 847 1233 843
f 843 1244 878
f 1233 1245 1244
f 1923 233 216
f 2100 499 500
f 9366 2135 9352
f 61 323 505
f 210 217 457
f 1299 1309 1300
f 9315 1231 9314
f 1066 1321 1322
f 1322 1228 1229
f 1060 1321 1047
f 1325 1323 1310
f 1244 1332 1330
f 1290 1242 1288
f 1337 1339 1338
f 1330 1340 1339
f 1341 1245 1294
f 1342 1332 1341
f 1343 1341 1344
f 1344 1294 1293
f 9309 1345 1346
f 1347 1342 1343
f 9308 1295 1345
f 1349 1348 1347
f 9313 1347 9305
f 9305 1343 9309
f 906 829 1353
f 905 1353 1354
f 865 1355 1357
f 1355 829 825
f 1357 825 826
f 1356 1353 1355
f 9286 1338 9285
f 866 1356 865
f 1358 1354 1356
f 9280 1337 9286
f 838 1012 841
f 1363 1338 1339
f 1368 1339 1340
f 1348 1340 1342
f 1371 9276 9281
f 524 526 523
f 528 530 527
f 1372 1369 1371
f 535 537 538
f 1367 1348 1350
f 1370 1359 1369
f 1369 9285 9276
f 1373 903 904
f 555 557 558
f 1374 910 1373
f 1373 905 1375
f 1374 1375 1376
f 1375 1354 1370
f 1378 908 1377
f 376 651 1387
f 1388 973 969
f 586 588 585
f 1390 1388 1391
f 1391 969 970
f 597 599 596
f 600 602 603
f 1392 970 979
f 608 610 607
f 612 523 611
f 614 616 613
f 617 25 24
f 620 622 619
f 1397 1391 1392
f 1398 1392 1399
f 1400 920 1378
f 1402 1165 1169
f 636 638 635
f 930 1402 929
f 641 643 644
f 929 1169 1170
f 1404 1403 1402
f 1411 1365 1406
f 1412 1415 1414
f 652 654 655
f 609 657 658
f 659 661 662
f 558 586 585
f 665 667 664
f 1413 1406 1412
f 1418 9262 9265
f 1417 1371 1416
f 1416 9281 9262
f 1419 1416 1418
f 1386 1374 1420
f 677 679 676
f 1385 1420 1421
f 1420 1376 1422
f 685 687 688
f 1421 1422 1423
f 528 691 658
f 1422 1372 1417
f 1018 747 1425
f 699 701 702
f 1424 579 1017
f 9115 1767 9112
f 700 711 712
f 1093 9206 1571
f 717 530 719
f 721 723 720
f 704 8987 8998
f 19 1426 1430
f 1429 1427 1426
f 1658 8986 8988
f 1439 1434 1438
f 1437 1435 1434
f 1426 1433 1432
f 1442 1432 1440
f 742 744 745
f 1432 1441 1440
f 751 753 750
f 1438 1403 1405
f 1446 1444 1443
f 1447 1446 1443
f 9312 1443 9300
f 1415 1445 1446
f 1414 1446 1448
f 2173 469 470
f 777 779 686
f 780 782 783
f 1676 1806 1675
f 9311 1349 9313
f 789 791 788
f 745 793 742
f 652 795 653
f 1455 1457 1456
f 1454 1350 1452
f 610 802 801
f 9283 698 703
f 1352 1045 1351
f 1015 1459 1460
f 811 813 814
f 2118 9269 2117
f 819 821 818
f 1466 1194 1190
f 1467 1465 1466
f 1182 1468 1467
f 832 833 831
f 835 837 834
f 1467 1190 1182
f 1469 1444 1445
f 840 712 690
f 1453 1469 1454
f 599 845 846
f 1226 9301 9307
f 851 853 850
f 855 856 854
f 858 860 857
f 861 863 864
f 1014 9307 9310
f 867 868 869
f 870 872 873
f 874 876 877
f 1310 1471 1309
f 1476 1427 1475
f 1461 1475 1460
f 887 889 890
f 788 892 891
f 894 896 893
f 1460 1227 1015
f 901 524 612
f 1465 1477 1464
f 1865 8944 1864
f 911 913 914
f 916 918 915
f 1850 8951 1851
f 921 895 894
f 1479 1436 1478
f 926 667 601
f 1481 563 1480
f 269 84 1482
f 931 933 916
f 934 614 869
f 936 688 937
f 938 662 939
f 1484 122 123
f 941 835 834
f 320 509 510
f 1849 8949 1850
f 84 1484 83
f 1487 1488 539
f 1757 8946 8953
f 365 1491 364
f 461 80 511
f 117 362 1496
f 1494 541 1495
f 926 957 958
f 1477 1433 1476
f 1709 1585 1700
f 119 1496 345
f 271 504 156
f 511 189 186
f 345 1492 365
f 255 344 254
f 57 299 132
f 1501 268 1500
f 267 1499 145
f 974 976 977
f 1678 1693 1676
f 9298 1807 9292
f 557 663 558
f 983 984 985
f 1443 9301 9300
f 421 268 265
f 989 991 988
f 1490 418 1504
f 279 309 310
f 997 676 679
f 998 999 875
f 1504 38 1505
f 1506 1507 1486
f 360 1508 1506
f 1506 207 360
f 939 1006 938
f 270 1483 269
f 66 546 512
f 1010 793 935
f 367 437 1509
f 244 363 243
f 1670 8978 1669
f 209 1510 226
f 235 1512 1511
f 1511 234 235
f 388 426 425
f 427 250 237
f 161 521 231
f 100 45 44
f 1025 608 1027
f 1029 1031 1028
f 939 1033 1032
f 41 594 99
f 1036 783 1037
f 702 1038 1039
f 1040 1042 1043
f 362 369 1493
f 187 477 186
f 70 539 198
f 1511 1521 234
f 1049 603 1048
f 613 869 614
f 860 1051 857
f 1005 1053 1006
f 753 1056 1054
f 1057 1059 1055
f 293 1522 292
f 288 1521 1522
f 292 1523 329
f 331 1508 1524
f 306 453 305
f 100 41 99
f 462 78 79
f 330 1524 462
f 635 1068 636
f 1485 1526 1528
f 206 1528 1510
f 1070 1072 831
f 942 1073 1074
f 916 1075 917
f 440 1530 439
f 157 1514 285
f 1529 5 1530
f 371 546 63
f 790 663 791
f 1077 857 1078
f 1403 1435 1165
f 1080 1082 1079
f 531 1529 440
f 21 1084 1085
f 272 1531 561
f 137 396 397
f 690 802 691
f 335 9011 581
f 1090 1029 1091
f 1092 794 1042
f 1533 137 138
f 661 1095 1096
f 69 445 72
f 1099 1101 1098
f 38 1536 1505
f 1104 1106 1103
f 852 1108 853
f 1377 909 1386
f 291 411 294
f 316 516 33
f 539 1533 534
f 1505 316 313
f 1110 1112 1113
f 1539 460 264
f 522 1537 1539
f 834 1120 1119
f 1122 1124 1121
f 612 1041 901
f 935 615 614
f 276 130 131
f 1686 8966 1685
f 193 1541 273
f 231 1540 287
f 556 982 557
f 365 85 345
f 190 318 1541
f 1810 9018 8972
f 9376 8956 9243
f 1132 985 1131
f 208 102 132
f 1134 662 661
f 1491 80 77
f 429 1542 147
f 1137 915 918
f 172 428 174
f 1139 1141 1142
f 549 54 55
f 1517 1518 296
f 976 1146 938
f 834 984 941
f 1543 286 115
f 1544 239 513
f 133 1544 1542
f 506 257 258
f 420 328 401
f 1158 1160 1157
f 587 1103 588
f 1513 1514 151
f 607 1027 608
f 304 1545 303
f 364 77 506
f 69 198 139
f 1006 976 938
f 700 1112 701
f 9329 8969 9239
f 1166 657 656
f 1167 858 1077
f 1300 8968 1299
f 1172 1174 1175
f 218 200 217
f 1179 1181 1178
f 372 97 98
f 89 227 88
f 1186 1188 1189
f 172 1517 1549
f 1482 81 1498
f 1090 1193 1030
f 394 353 1551
f 526 1198 1197
f 811 858 812
f 1199 1026 1025
f 606 697 696
f 1204 1206 743
f 1207 523 526
f 1209 867 613
f 914 685 936
f 1478 1441 1477
f 1029 1161 1091
f 1211 1213 1214
f 9310 1451 9311
f 844 1216 845
f 423 273 274
f 1220 1222 1083
f 22 1224 23
f 882 897 881
f 1519 173 387
f 1189 1232 1178
f 349 550 416
f 1071 1236 1072
f 1237 1239 745
f 1221 1189 1240
f 1510 1512 333
f 939 1241 1005
f 1556 5 67
f 1553 394 1551
f 404 67 347
f 1247 1249 1246
f 142 238 92
f 1251 635 1250
f 850 1253 851
f 1254 1077 1255
f 57 133 429
f 443 552 551
f 1187 1175 1188
f 1256 831 833
f 432 382 383
f 741 747 746
f 434 351 415
f 349 383 348
f 251 1481 1480
f 395 352 353
f 1518 1550 1551
f 1558 378 340
f 109 314 315
f 285 1513 407
f 395 393 392
f 202 410 1558
f 417 405 432
f 1246 1258 1247
f 3 297 2
f 1259 1261 1262
f 403 347 284
f 955 953 952
f 462 51 330
f 1096 687 1263
f 429 60 57
f 896 1265 932
f 1267 1268 1266
f 423 327 420
f 37 180 40
f 20 1187 1186
f 1256 1071 1070
f 155 156 504
f 1188 1269 1232
f 1236 1271 1262
f 1272 535 621
f 565 463 464
f 1273 745 1239
f 876 1255 1274
f 316 164 315
f 437 503 1509
f 194 1495 197
f 1275 864 863
f 624 631 630
f 1277 1137 1278
f 569 567 566
f 1481 125 366
f 324 547 326
f 1279 1107 1280
f 1525 329 1523
f 1281 1137 918
f 171 1553 1552
f 1488 396 1533
f 1557 1562 1559
f 1282 1206 1205
f 1053 1278 1281
f 778 607 1283
f 713 9010 9013
f 251 144 124
f 4 348 383
f 709 707 706
f 728 45 246
f 261 1563 544
f 789 1287 790
f 74 263 282
f 403 385 434
f 1178 1240 1189
f 1223 1289 1224
f 158 150 151
f 1220 1186 1221
f 296 354 433
f 784 1538 1566
f 1181 1291 1222
f 1269 1257 1246
f 1566 438 399
f 136 1566 1564
f 1563 169 1565
f 107 109 108
f 1297 1298 1296
f 1464 1476 1461
f 1520 507 508
f 1301 1303 1304
f 1306 1308 1305
f 175 1532 272
f 1532 200 201
f 1311 1312 1313
f 872 1315 1316
f 1317 1318 1319
f 9288 878 9280
f 1305 864 1276
f 1040 863 1320
f 1564 399 169
f 592 1575 591
f 591 1088 689
f 1581 1583 1582
f 1196 1147 1176
f 710 583 713
f 285 408 386
f 953 961 963
f 1594 1589 1593
f 1585 1587 1586
f 1592 1590 1589
f 9337 944 9351
f 1600 1598 1597
f 1604 1602 1601
f 1399 979 980
f 1589 1596 1595
f 1610 1608 1607
f 298 361 360
f 551 276 277
f 1627 9266 9271
f 859 818 860
f 1078 1328 1329
f 1555 1530 1556
f 572 680 681
f 772 776 774
f 977 918 917
f 404 392 393
f 1054 750 753
f 1644 1643 1642
f 932 1082 933
f 1067 1334 1068
f 1540 264 114
f 597 643 1336
f 471 762 470
f 1642 9283 9294
f 1644 9294 9295
f 923 950 927
f 96 548 95
f 520 522 521
f 445 443 442
f 849 848 842
f 480 755 493
f 1646 481 1639
f 311 1567 170
f 464 8941 8939
f 8941 1361 8939
f 234 236 235
f 190 192 191
f 153 152 149
f 231 286 230
f 1552 1551 1550
f 760 1648 488
f 9284 1649 9282
f 828 826 825
f 52 166 165
f 1663 1661 1660
f 287 115 286
f 668 670 669
f 634 640 639
f 553 559 554
f 118 33 516
f 492 491 490
f 8996 1651 8997
f 582 584 583
f 384 392 415
f 1381 1383 1380
f 1562 435 436
f 952 951 947
f 8973 583 584
f 1660 1667 1666
f 1394 1396 1393
f 1660 1664 1663
f 1671 1669 1668
f 1624 1673 1672
f 1407 1409 1410
f 1677 1675 1674
f 1613 1677 1625
f 1679 1676 1677
f 1626 9263 9266
f 534 198 539
f 176 150 159
f 803 734 800
f 400 191 192
f 65 143 144
f 8970 1656 8984
f 402 157 283
f 629 627 626
f 461 49 50
f 758 495 756
f 796 786 785
f 406 1513 1560
f 342 166 167
f 1694 1658 1695
f 1692 1694 1696
f 9001 1652 8996
f 9373 1703 9375
f 326 302 90
f 9368 1702 1706
f 9371 1698 1701
f 1699 9379 9370
f 1557 1560 1561
f 1127 1117 1128
f 400 289 346
f 1706 1707 1708
f 1707 1599 1600
f 1709 1708 1588
f 1714 1711 1713
f 9371 1709 1700
f 1704 1577 1703
f 1716 1713 1715
f 1559 1549 297
f 1722 1720 1719
f 1335 596 1489
f 410 377 378
f 973 1163 972
f 168 399 398
f 1571 1089 1093
f 1572 682 1571
f 749 647 754
f 1730 1723 1729
f 1594 1729 1592
f 1729 1591 1592
f 1731 1730 1583
f 1384 1377 1379
f 1732 1712 1714
f 1724 1731 1732
f 1712 1731 1580
f 1722 1732 1733
f 1721 1733 1734
f 1734 1716 1717
f 1735 1736 1697
f 1733 1714 1716
f 1663 1741 1668
f 1742 1740 1743
f 1738 1737 1735
f 1665 1666 1740
f 1665 1744 1664
f 1725 1746 1745
f 1591 1745 1590
f 1590 1747 1596
f 1745 1748 1747
f 1659 8982 8986
f 5650 8989 5617
f 1185 1182 1190
f 1664 1749 1741
f 1741 1739 1738
f 1746 1743 1748
f 1726 1742 1746
f 1153 924 925
f 1115 1153 1154
f 1654 9019 1655
f 1896 8993 1686
f 1720 1744 1726
f 1721 1749 1720
f 1750 1701 1698
f 1697 1750 1696
f 1151 1063 1062
f 1751 1670 1671
f 1695 1752 1751
f 961 986 981
f 1770 1768 1767
f 1766 1593 1765
f 1731 1579 1580
f 1579 1774 1578
f 9380 1771 9381
f 1764 9380 9369
f 1777 1775 1774
f 9214 1699 1700
f 1004 1128 1003
f 1774 1771 1772
f 987 1399 980
f 1578 1772 1764
f 1783 1781 1778
f 1597 1770 1767
f 639 9347 9336
f 9380 1769 1770
f 1793 1789 1788
f 9381 1798 1769
f 8952 9225 1806
f 1802 9376 9374
f 1788 1794 1793
f 1793 1795 1776
f 9225 1675 1806
f 1584 1783 1789
f 1771 9372 9381
f 1801 1798 1800
f 1768 1798 1799
f 1775 1797 1771
f 508 515 1520
f 1796 1802 1797
f 1800 9372 9374
f 1794 1804 1795
f 8976 1752 8991
f 485 1807 775
f 9261 1640 768
f 9289 1810 1653
f 485 1640 1808
f 1690 9222 9224
f 487 1648 1811
f 9291 1816 9274
f 9290 1648 9282
f 9291 1811 9290
f 1812 487 1811
f 1641 767 768
f 465 755 776
f 767 9275 9260
f 9274 9278 9299
f 1809 1815 767
f 9289 1651 9292
f 675 8985 8940
f 1814 1822 1821
f 1821 9273 9272
f 1824 1649 1825
f 1827 1850 1805
f 1668 1662 1663
f 1779 1848 1828
f 1790 1805 1794
f 1833 1853 1852
f 8965 693 575
f 1614 1616 1617
f 1852 8942 8945
f 1620 1622 1623
f 1855 1574 1861
f 1847 8945 8957
f 1766 1855 1782
f 1629 1631 1628
f 1633 1634 1632
f 1635 1637 1638
f 1848 1852 1847
f 1855 1863 1862
f 1803 1867 1802
f 1862 1831 1832
f 1782 1862 1781
f 9374 1865 1800
f 1873 1870 1869
f 1874 799 804
f 2045 9349 2044
f 1219 1295 1225
f 1615 1396 1395
f 9336 1877 1876
f 645 9238 9003
f 1345 1035 1346
f 634 9336 9332
f 15 1327 14
f 9362 1878 1893
f 1894 605 1893
f 8950 627 693
f 9004 645 9003
f 340 454 1558
f 1897 195 1898
f 1889 1877 1890
f 1901 129 1900
f 196 754 232
f 1705 9373 9368
f 340 166 343
f 1570 563 561
f 1904 194 1897
f 1781 1832 1780
f 1905 55 1906
f 1000 995 996
f 986 920 987
f 1191 1190 1194
f 2094 2075 2093
f 1920 1919 1915
f 453 1912 1911
f 1915 1918 1916
f 9334 2106 9353
f 1655 8975 1868
f 1916 1926 1925
f 704 9005 703
f 278 1925 1900
f 9009 1818 1820
f 1097 1115 1114
f 1927 727 1923
f 9030 9106 9210
f 1920 307 1929
f 1929 48 728
f 503 1497 1509
f 1902 787 796
f 1816 9272 9278
f 1925 1923 1924
f 1535 1568 1534
f 254 258 255
f 1509 366 367
f 119 35 36
f 219 293 294
f 141 47 431
f 542 244 245
f 1940 430 431
f 1779 1827 1790
f 1701 9367 9371
f 1661 8959 1667
f 270 754 647
f 197 749 196
f 1727 1212 1211
f 53 232 754
f 1465 1479 1478
f 1284 9306 1293
f 1951 412 413
f 168 1554 1553
f 1486 206 207
f 506 78 361
f 994 1007 993
f 951 963 964
f 1013 9313 1351
f 9278 1820 1818
f 1498 1954 1482
f 299 543 132
f 1754 1756 1753
f 1681 1683 1682
f 1696 1695 1697
f 13 738 737
f 473 475 474
f 482 768 1640
f 204 30 205
f 1761 820 819
f 611 1125 612
f 1501 1908 1909
f 1074 711 699
f 1960 82 83
f 120 1960 123
f 35 87 34
f 1773 1025 1031
f 1965 1569 1535
f 494 471 479
f 1966 1969 1968
f 446 1971 1967
f 174 125 126
f 1580 1578 1577
f 1785 1787 1784
f 1972 304 305
f 1254 875 999
f 1973 342 514
f 321 1973 509
f 1910 275 1907
f 509 514 508
f 1486 1527 1485
f 1974 804 1975
f 1977 1974 1978
f 1980 1966 1981
f 379 2 295
f 1718 1710 1701
f 884 992 883
f 1680 1678 1679
f 902 525 524
f 344 256 299
f 135 137 136
f 236 228 333
f 448 1967 1966
f 589 604 584
f 910 908 907
f 1981 1968 1987
f 1982 1987 1979
f 1988 1987 1989
f 1990 1989 1991
f 1991 1993 1992
f 322 320 319
f 992 830 883
f 1144 1086 1143
f 1995 1978 1994
f 1133 1118 1126
f 1997 1994 1996
f 870 1335 1489
f 805 1982 1998
f 727 2000 1999
f 1996 1988 1990
f 1994 1979 1988
f 1829 792 1273
f 1830 941 983
f 798 800 799
f 729 731 730
f 2011 2023 2022
f 1834 846 1159
f 402 284 347
f 2022 2024 2025
f 1838 989 988
f 810 952 809
f 1823 1840 644
f 1430 1432 1431
f 1215 1841 1079
f 149 176 177
f 1316 873 872
f 2112 1384 2106
f 1842 1844 1845
f 1159 845 1160
f 837 1846 1120
f 1971 2030 2027
f 517 370 189
f 858 833 812
f 1471 2027 1888
f 8995 626 627
f 2174 770 490
f 935 1854 1010
f 1613 1611 1618
f 1231 1225 1295
f 1856 891 892
f 1300 748 741
f 1150 1858 1859
f 1643 696 1642
f 1215 1264 1216
f 1320 902 901
f 1956 1944 1960
f 2031 669 1474
f 2034 1310 1299
f 1879 1656 1657
f 40 242 39
f 1992 2039 1456
f 888 957 889
f 1882 1996 1990
f 1078 1255 1077
f 1871 1192 1090
f 294 218 219
f 1323 2026 1471
f 123 83 1484
f 1324 2041 1323
f 384 359 352
f 1324 2038 2036
f 1883 1885 1829
f 287 114 107
f 1096 1134 661
f 915 931 916
f 806 1981 1982
f 8977 584 604
f 1425 2042 1018
f 1018 1948 1017
f 9006 740 8963
f 1948 649 646
f 1881 1990 1991
f 1900 130 278
f 992 994 993
f 923 925 924
f 9330 2047 9328
f 1643 625 606
f 2050 2051 2049
f 2045 1404 2047
f 9328 945 9337
f 1139 1079 1841
f 1037 892 982
f 2055 2057 2056
f 1198 718 717
f 1619 1612 1611
f 2058 1606 2059
f 2059 1607 2058
f 2058 1624 1605
f 71 179 37
f 405 1557 382
f 976 1006 977
f 322 1972 1911
f 2061 2063 2062
f 2066 2067 1825
f 2052 2064 2051
f 1609 2066 1647
f 1515 152 1516
f 1009 993 1007
f 1644 9267 2118
f 279 1916 278
f 1285 9314 1284
f 1647 1825 1649
f 2056 2067 2065
f 319 1953 1952
f 667 1913 1914
f 2070 625 2048
f 2052 2055 2063
f 2038 1655 1458
f 1606 2073 2072
f 1235 1270 1236
f 2072 2075 2074
f 2059 2072 2062
f 2074 2077 2076
f 1601 2078 2073
f 2049 1643 1645
f 1000 1001 994
f 1089 684 689
f 1931 1306 1930
f 1462 1021 1022
f 1932 1934 1935
f 875 1846 998
f 1936 1937 1938
f 44 46 92
f 1534 1956 120
f 1541 317 391
f 2081 2084 2083
f 146 1959 300
f 1360 1942 1361
f 985 1032 1033
f 1995 1892 2043
f 2079 2082 2081
f 2095 2076 2077
f 2081 2078 2079
f 2055 2054 2053
f 501 2095 500
f 2097 2099 2098
f 2098 2094 2083
f 2140 9345 9318
f 2141 9346 9345
f 2051 2048 2049
f 592 2101 1576
f 2071 2076 2096
f 2102 2098 2101
f 593 2102 592
f 1019 746 747
f 1950 12 1327
f 725 2096 501
f 1385 2104 1379
f 1379 2106 1384
f 2107 2100 2097
f 9360 502 9348
f 9348 499 9353
f 940 2109 944
f 928 1170 973
f 9320 684 9351
f 1962 1964 1961
f 9330 573 9349
f 2039 1968 1969
f 1389 2110 2109
f 1398 2113 1397
f 9209 9205 9195
f 9363 2107 2103
f 949 924 1115
f 260 324 326
f 1390 2113 2110
f 2070 2064 2071
f 9319 2103 593
f 2105 1421 2114
f 2114 1423 2115
f 9344 2115 9355
f 9360 2114 9344
f 554 1902 553
f 972 967 966
f 1765 1573 1574
f 1984 1986 1983
f 2053 2069 2057
f 9017 724 714
f 1625 1674 1673
f 9333 2119 2122
f 9355 2123 9356
f 56 1906 55
f 626 9331 629
f 2001 2003 2004
f 9364 2127 9359
f 2006 2008 2009
f 2127 1412 2128
f 2014 2016 2017
f 2018 2020 2021
f 1495 1947 197
f 1379 1386 1385
f 9266 1680 1618
f 2029 1884 2028
f 9354 2120 9339
f 629 9366 9324
f 682 943 1089
f 724 2121 716
f 1757 9273 9297
f 765 9296 9261
f 9303 715 9304
f 706 9322 9324
f 981 987 980
f 1457 1656 1880
f 2017 2032 2033
f 1458 1868 1457
f 1776 1792 1793
f 1959 1946 1958
f 9115 9177 9113
f 9365 2122 9302
f 1093 689 1088
f 966 968 972
f 9304 9333 9365
f 2172 2170 2171
f 670 2137 669
f 9213 1903 233
f 1429 28 1449
f 964 978 971
f 9293 1413 2127
f 1473 669 2137
f 9286 1359 1358
f 2138 1870 2137
f 1872 2137 1870
f 715 9340 9333
f 1881 1992 1880
f 9295 739 740
f 1837 8957 8958
f 253 59 85
f 1808 9292 1807
f 1647 9270 1609
f 9317 671 668
f 2112 9335 2111
f 1405 2044 1438
f 9281 1364 1366
f 273 391 249
f 576 8964 8999
f 9327 668 2031
f 1430 2140 2139
f 2136 9312 28
f 1430 18 19
f 9345 570 695
f 1442 2046 2141
f 1431 2141 2140
f 9321 9302 2136
f 9260 1817 766
f 9318 695 671
f 2142 798 2138
f 571 2142 694
f 9271 1618 1611
f 2143 2025 2142
f 694 2138 670
f 681 2144 572
f 2144 2022 2143
f 328 457 290
f 1572 2011 2144
f 630 9355 624
f 2085 2087 2088
f 2090 2092 2089
f 572 2143 571
f 1875 2153 2149
f 1873 2149 2154
f 2103 2097 2102
f 2157 2155 2156
f 2128 1414 2120
f 9326 589 582
f 9324 628 629
f 2149 2158 2159
f 2159 9357 9342
f 698 9354 705
f 9275 9279 1817
f 2158 9326 9357
f 1438 2046 1439
f 2035 2160 2161
f 2161 9341 9338
f 9323 605 589
f 9325 18 9327
f 370 61 451
f 649 413 648
f 2153 2156 2158
f 1428 1449 1450
f 1490 73 1488
f 9342 710 633
f 2155 9343 9323
f 1456 1880 1992
f 2125 2087 2124
f 2160 9342 9341
f 300 505 323
f 1064 1046 1065
f 2043 1891 2155
f 2129 2004 2003
f 2131 2133 2134
f 9300 1450 1449
f 1998 804 805
f 9331 9316 9366
f 474 490 770
f 1164 1182 1177
f 707 9361 9322
f 708 2162 707
f 2162 9338 9361
f 548 1905 458
f 1145 1114 1171
f 705 1650 704
f 2043 1977 1995
f 737 554 559
f 1034 1191 1023
f 458 1907 275
f 195 232 233
f 2040 1969 1970
f 2145 2147 2148
f 2054 2049 1645
f 9284 1639 9270
f 9 11 10
f 252 506 258
f 472 479 471
f 1865 9243 8947
f 900 910 907
f 1941 2151 1942
f 1921 1927 1919
f 2163 1898 2116
f 271 153 178
f 1904 12 9
f 282 264 460
f 1872 2154 2035
f 1326 1897 2163
f 628 693 627
f 1724 1719 1723
f 1549 436 172
f 1582 1730 1729
f 1921 1929 1928
f 9007 10 11
f 2152 1950 1949
f 475 774 771
f 769 2171 473
f 2171 476 473
f 476 772 475
f 1791 464 1760
f 2166 2168 2169
f 595 372 98
f 483 1641 482
f 762 2173 470
f 771 484 492
f 486 1809 483
f 297 1517 296
f 763 2174 762
f 776 759 489
f 184 2176 2000
f 412 303 414
f 2005 185 224
f 9263 1682 9298
f 2164 756 764
f 1472 2161 2162
f 950 964 965
f 2177 2179 2180
f 227 1510 333
f 764 467 2164
f 2182 2184 2181
f 2186 2018 2185
f 1985 2181 1986
f 214 729 1531
f 1545 1546 1569
f 865 842 866
f 849 1357 1362
f 452 1558 454
f 559 3188 737
f 16 737 3188
f 560 498 374
f 3193 3195 3194
f 3200 3198 3199
f 3211 3213 3212
f 3215 3217 3216
f 2187 2002 2001
f 3233 3235 3234
f 3223 3222 3224
f 3229 3231 3230
f 3245 3247 3246
f 2169 2189 2190
f 2192 2085 2191
f 2193 2195 2196
f 2198 2200 2197
f 1998 1979 1975
f 9116 9120 9123
f 3253 3255 3254
f 2116 1903 1902
f 1859 2009 1150
f 9356 2126 9358
f 1135 1087 1130
f 2201 2015 2014
f 1149 110 1858
f 3261 3263 3262
f 3269 3271 3270
f 3265 3267 3266
f 3229 3284 3283
f 3289 3291 3290
f 3299 3301 3300
f 3307 3264 3308
f 3293 3295 3294
f 3297 3224 3298
f 3319 3291 3320
f 3322 3318 3315
f 3314 3312 3311
f 3285 3287 3286
f 3332 3218 3215
f 3329 3330 3328
f 3324 3227 3298
f 3298 3326 3324
f 2203 2205 2206
f 579 1895 1019
f 1755 2208 1756
f 3337 3339 3338
f 9343 1893 605
f 1211 2150 1727
f 868 2210 2209
f 3347 3349 3348
f 944 930 940
f 2130 2202 2201
f 233 1898 195
f 665 750 666
f 1167 999 618
f 2211 2213 2214
f 2215 2217 2218
f 9319 590 9320
f 2220 220 2219
f 823 948 1094
f 3375 3377 3376
f 3393 3391 3390
f 3353 3357 3356
f 3363 3365 3364
f 3402 3404 3403
f 266 455 265
f 9334 2107 9335
f 2221 8963 8961
f 2223 2225 2226
f 2207 2124 2208
f 3293 3336 3286
f 673 9321 9316
f 817 996 815
f 2227 2146 2145
f 1947 646 749
f 9352 17 9325
f 2229 1638 1381
f 1679 1618 1680
f 1637 2232 2230
f 2233 1617 1616
f 2231 2236 2237
f 3406 3408 3407
f 1381 2238 1382
f 9038 2242 9039
f 3414 3341 3415
f 1630 2233 1631
f 1681 472 469
f 1408 2243 2244
f 3423 3425 3424
f 3433 3263 3307
f 3434 3430 3435
f 3440 3442 3441
f 3444 3446 3445
f 3436 3450 3439
f 3442 3456 3455
f 1637 2238 1638
f 3445 3437 3438
f 3448 3440 3449
f 1409 1634 2245
f 1380 2247 2246
f 1628 2245 1621
f 3463 3465 3464
f 3308 3462 3307
f 2249 1622 1633
f 1632 1408 2244
f 2248 1631 2250
f 3478 3480 3479
f 3509 3511 3510
f 2235 1637 1636
f 3505 3507 3506
f 3457 3199 3198
f 631 2071 725
f 515 52 49
f 782 2251 1251
f 2253 2255 2252
f 397 459 784
f 1456 2040 1455
f 2040 2036 1455
f 3434 3518 3517
f 1401 2111 1398
f 2041 1970 2026
f 3367 3338 3368
f 1535 414 1965
f 1586 2080 2079
f 2256 1132 1886
f 3528 3530 3529
f 3519 3520 3517
f 3537 3506 3538
f 3543 3545 3544
f 1700 9370 9371
f 3486 3550 3549
f 3455 3497 3563
f 3558 3559 3323
f 3456 3500 3497
f 3572 3252 3249
f 3308 3285 3569
f 3316 3574 3573
f 3575 3479 3533
f 3576 3578 3577
f 3580 3582 3581
f 3584 3586 3585
f 3505 3588 3503
f 3589 3591 3590
f 3600 3602 3601
f 3542 3595 3594
f 3604 3592 3589
f 3611 3613 3612
f 3622 3624 3623
f 3618 3620 3619
f 3626 3628 3627
f 3644 3646 3645
f 3634 3636 3635
f 3638 3641 3640
f 9267 1686 9269
f 1263 1886 1096
f 3613 3654 3614
f 598 844 599
f 2257 2259 2260
f 2258 2262 2259
f 2259 2263 2216
f 2260 2216 2215
f 1967 1970 1969
f 2212 1963 2213
f 922 2218 2217
f 1312 1101 2264
f 1307 1286 789
f 1548 1546 1972
f 2266 2268 2265
f 2265 2270 2269
f 2272 2269 2271
f 2273 2265 2272
f 2275 2277 2274
f 2278 2277 2279
f 2284 9069 9091
f 2287 2286 2281
f 2288 2283 2287
f 2290 9091 9072
f 2291 2293 2294
f 2295 2294 2279
f 2296 2291 2295
f 2297 2292 2291
f 2294 2299 2300
f 2279 2300 2278
f 2298 2302 2292
f 2292 2303 2293
f 2293 2304 2299
f 2304 2306 2299
f 2306 2300 2299
f 2308 2310 2307
f 2302 2310 2303
f 2301 2307 2302
f 2312 2307 2311
f 2313 2315 2316
f 2318 2320 2317
f 9200 2322 2323
f 2324 2273 2326
f 2313 2326 2327
f 2328 2313 2316
f 2329 2324 2328
f 2331 2333 2330
f 2330 2267 2266
f 2325 2266 2273
f 2329 2330 2325
f 2333 2335 2267
f 2336 2333 2332
f 2338 2332 2337
f 2331 2337 2332
f 2329 2339 2331
f 2328 2340 2329
f 2316 2341 2328
f 2342 2315 2343
f 2344 2346 2347
f 2341 2347 2340
f 2342 2344 2341
f 2348 2345 2344
f 2350 2352 2353
f 2339 2353 2337
f 2340 2350 2339
f 2347 2351 2350
f 2337 2354 2338
f 2353 2355 2354
f 2356 2276 2357
f 2356 2358 2359
f 2356 2296 2295
f 2279 2356 2295
f 2360 2270 2268
f 2267 2360 2268
f 2362 2364 2365
f 2362 2361 2358
f 2366 2358 2357
f 2366 2363 2362
f 2357 2368 2366
f 2366 2369 2367
f 2276 2370 2368
f 2368 2282 2369
f 2372 2374 2371
f 2375 2377 2007
f 2378 2380 2381
f 2382 2381 2383
f 2384 2378 2382
f 2385 2379 2378
f 2388 2390 2387
f 2387 2392 2391
f 2393 2387 2391
f 2394 2388 2387
f 2186 2402 2400
f 2403 2327 2326
f 2272 2326 2273
f 2271 2403 2272
f 2405 2404 2403
f 2404 2408 2327
f 2409 2411 2412
f 2409 2271 2269
f 2413 2269 2270
f 2413 2410 2409
f 2417 2416 2418
f 2417 2406 2405
f 2412 2405 2271
f 2411 2417 2412
f 2406 2407 2404
f 9013 632 713
f 2420 2397 2421
f 2420 2423 2422
f 2424 2422 2419
f 2424 2398 2420
f 2425 2392 2426
f 2421 2426 2423
f 2397 2425 2421
f 2396 2391 2425
f 2427 2315 2314
f 2427 2408 2428
f 2430 2428 2429
f 2343 2427 2430
f 2432 2430 2431
f 2431 2429 2433
f 2435 2433 2434
f 2436 2431 2435
f 2428 2407 2437
f 2422 2407 2419
f 2438 2422 2423
f 2429 2437 2438
f 2440 2433 2439
f 2441 2433 2429
f 2442 2439 2441
f 2443 2440 2439
f 2445 2444 2443
f 2447 2443 2442
f 2383 2445 2447
f 2381 2446 2445
f 2448 2423 2426
f 2449 2426 2392
f 2441 2449 2442
f 2441 2438 2448
f 2449 2390 2450
f 2450 2389 2451
f 2447 2451 2383
f 2442 2450 2447
f 2451 2453 2452
f 2452 2455 2454
f 2382 2454 2384
f 2383 2452 2382
f 2456 2373 2372
f 2459 2461 2458
f 2463 2465 2462
f 2462 2285 2284
f 2466 2284 2290
f 2467 2462 2466
f 2461 9155 9153
f 2468 2470 2471
f 2472 2471 2473
f 2474 9153 9140
f 2475 2477 2478
f 2458 2453 2479
f 2479 2389 2388
f 2395 2479 2388
f 2480 2458 2479
f 2481 2483 2478
f 2484 2485 221
f 2471 2464 2463
f 2473 2463 2467
f 2487 2466 2486
f 2486 2290 2488
f 2490 2488 2489
f 2491 2486 2490
f 2492 2467 2487
f 2493 2487 2491
f 2494 2492 2493
f 2495 2473 2492
f 9142 2474 9140
f 9143 2496 9142
f 2498 2493 2499
f 2500 2499 2501
f 9152 2498 2500
f 9139 2494 2498
f 2306 2278 2300
f 2305 2504 2306
f 2504 2507 2506
f 2506 2288 2508
f 2274 2508 2275
f 2278 2506 2274
f 9085 2489 2488
f 9072 2488 2290
f 2507 2289 2288
f 2505 2509 2507
f 2508 2287 2511
f 2511 2281 2280
f 2370 2280 2282
f 2275 2511 2370
f 2512 2489 2513
f 2514 2513 2515
f 2517 2514 2516
f 2517 2490 2512
f 2499 2491 2517
f 2499 2516 2501
f 2510 2519 2518
f 2518 2521 2520
f 9068 2520 9073
f 9084 2518 9068
f 2522 2303 2310
f 2523 2310 2309
f 2305 2522 2524
f 2524 2523 2525
f 2519 2525 2521
f 2505 2524 2519
f 2308 2527 2526
f 2526 2529 2528
f 2531 2528 2530
f 2309 2526 2531
f 1214 2151 1211
f 2419 2418 2424
f 2533 2349 2317
f 2534 2317 2320
f 2535 2533 2534
f 2536 2345 2533
f 2537 2346 2536
f 2538 2536 2535
f 2539 2537 2538
f 2540 2351 2537
f 2312 2541 2527
f 2527 2542 2529
f 2543 2434 2544
f 2545 2544 2546
f 2319 2543 2545
f 2318 2435 2543
f 2514 2548 2547
f 2547 2550 2549
f 2552 2549 2551
f 2552 2514 2547
f 2520 2554 2553
f 2553 2556 2555
f 9042 2555 9045
f 9073 2553 9042
f 2523 2531 2557
f 2557 2530 2558
f 2525 2557 2559
f 2559 2558 2560
f 2554 2560 2556
f 2521 2559 2554
f 2561 2007 2006
f 2376 2225 2377
f 2564 2566 2563
f 2563 338 2567
f 2569 2567 2568
f 2570 2563 2569
f 2572 2574 2571
f 2571 2576 2575
f 2544 2575 2546
f 2544 2572 2571
f 2578 2569 2577
f 2579 2569 2568
f 2574 2579 2576
f 2573 2577 2574
f 2581 2583 2580
f 2584 2583 2585
f 9149 2580 2584
f 9128 2580 9127
f 2582 2552 2583
f 2583 2551 2585
f 2500 2589 2588
f 2590 2589 2591
f 9145 2588 2590
f 9147 2500 2588
f 2501 2591 2589
f 2592 2594 2595
f 2386 2503 2502
f 2596 2386 2374
f 2596 2373 2597
f 2599 2597 2598
f 2599 2379 2596
f 2600 2380 2599
f 2600 2598 2601
f 2603 2601 2602
f 2603 2446 2600
f 2604 2602 2605
f 2440 2605 2434
f 2444 2604 2440
f 2606 2581 2607
f 2606 2590 2591
f 2591 2582 2606
f 9128 2456 9141
f 9141 2372 9145
f 2478 2608 2481
f 2609 2611 2199
f 2564 2613 2612
f 2612 2598 2597
f 2457 2597 2373
f 2565 2612 2457
f 2614 2570 2578
f 2615 2578 2573
f 2602 2614 2615
f 2601 2613 2614
f 2572 2605 2616
f 2616 2602 2615
f 2573 2616 2615
f 1459 1045 1021
f 1265 1079 1082
f 1612 1609 1611
f 2067 2069 2068
f 1135 1136 1148
f 1938 2618 2617
f 95 458 128
f 2058 1608 1612
f 1454 1445 1367
f 655 1048 2619
f 722 2621 723
f 3665 3634 3666
f 1131 1033 1134
f 562 366 1497
f 1723 1725 1591
f 1786 1122 1787
f 267 323 266
f 1325 1654 2038
f 1468 1435 1479
f 658 529 528
f 8 247 7
f 382 1559 3
f 3631 3680 3630
f 788 1307 789
f 940 929 928
f 911 2623 912
f 2621 655 654
f 2624 2625 2626
f 998 27 26
f 635 2626 2625
f 2627 644 1840
f 2628 1840 2629
f 1200 2627 2628
f 1199 641 2627
f 1520 49 477
f 1452 1349 1451
f 2630 1859 1858
f 644 1335 1823
f 3683 3699 3698
f 1197 717 2632
f 2632 719 1166
f 2628 1166 1200
f 2629 2632 2628
f 1762 1050 821
f 1823 873 1839
f 2634 794 652
f 1028 1027 1161
f 1042 2635 1043
f 93 1901 1924
f 2036 1458 1455
f 1527 1525 1526
f 877 1274 1277
f 134 797 1544
f 1328 931 1329
f 607 1091 1161
f 1043 2637 2636
f 2636 2639 2638
f 1275 2638 1276
f 1275 1043 2636
f 1272 2626 2640
f 2640 638 637
f 1110 2640 637
f 536 2640 2641
f 1472 1474 1473
f 2042 1951 649
f 3668 3633 3669
f 1058 1105 1059
f 2642 2643 2644
f 1192 2644 1193
f 912 2642 1192
f 9350 8970 9238
f 1049 2620 2621
f 616 1885 613
f 1331 666 750
f 990 1198 525
f 1911 321 322
f 1298 1205 2645
f 76 1504 75
f 1502 421 422
f 610 658 691
f 1146 659 938
f 2646 914 936
f 1280 1238 1279
f 975 2647 2648
f 2647 975 974
f 1453 1452 1451
f 1514 158 151
f 835 1843 1842
f 1271 1173 1289
f 2649 813 2650
f 1893 1826 1894
f 1050 1937 1051
f 2651 814 813
f 1006 1281 977
f 2653 2654 2655
f 1001 1003 1002
f 585 679 558
f 2624 621 620
f 555 2028 556
f 1207 1197 2629
f 1626 478 472
f 3729 3731 3730
f 3746 3748 3747
f 3770 3750 3753
f 426 419 1567
f 1030 1773 1031
f 9350 634 9332
f 534 138 262
f 1125 1042 1041
f 333 88 227
f 569 561 730
f 3691 3693 3692
f 1489 871 870
f 1857 620 891
f 1673 9222 9215
f 622 864 1308
f 2647 974 2657
f 619 891 620
f 261 545 262
f 393 1556 404
f 2658 2647 2657
f 1075 2657 917
f 1081 2658 1075
f 1080 2659 2658
f 2644 1141 2660
f 2660 1140 1336
f 642 1336 643
f 1193 2660 642
f 679 555 558
f 3762 3764 3763
f 1503 1500 1502
f 1318 1101 1100
f 2661 1139 1142
f 2661 2663 2662
f 2662 2659 2661
f 2662 2622 2664
f 2664 911 2646
f 2648 2646 1146
f 2648 2662 2664
f 3586 3779 3777
f 2083 2093 2081
f 1442 1437 1439
f 3732 3733 3731
f 519 330 51
f 1885 1209 613
f 799 805 804
f 1946 1952 1953
f 1302 1253 1252
f 3741 3757 3756
f 3660 3662 3661
f 566 224 533
f 1389 928 1388
f 683 681 680
f 836 1842 2665
f 2665 1845 1303
f 2666 1303 1302
f 24 2665 2666
f 831 2650 832
f 1845 1304 1303
f 2010 2012 2011
f 1051 2667 2668
f 1522 1511 1523
f 531 441 522
f 782 1251 1250
f 1250 2625 2669
f 2669 1857 1856
f 783 1856 1037
f 782 2669 783
f 720 2671 721
f 1055 1930 1056
f 1333 1251 2251
f 619 1308 1307
f 652 2619 2634
f 521 1539 1540
f 1838 537 2672
f 2672 536 2641
f 1113 2641 1110
f 1113 1838 2672
f 1016 1351 1045
f 9349 570 9346
f 226 104 101
f 9008 9279 1818
f 1036 1884 1883
f 2674 1304 2673
f 2673 1844 2675
f 1334 2675 1039
f 1333 2673 1334
f 2676 1039 2675
f 1843 2675 1844
f 942 2676 1843
f 1074 702 2676
f 811 859 858
f 752 1055 753
f 1200 656 1026
f 1120 874 2677
f 2677 877 1052
f 1241 1052 1005
f 1119 2677 1241
f 1560 151 1515
f 1208 611 523
f 215 736 214
f 1460 1462 1461
f 3717 3719 3718
f 1208 1839 873
f 854 1282 1297
f 3682 3696 3681
f 72 182 179
f 544 1565 512
f 217 456 457
f 3673 3781 3780
f 2047 930 945
f 1204 1937 2633
f 913 686 685
f 3705 3707 3706
f 840 1113 1112
f 1531 730 561
f 2678 1283 801
f 601 1914 602
f 1537 459 460
f 1819 8953 8971
f 991 862 538
f 2679 1073 1830
f 3776 3581 3582
f 2680 983 2256
f 779 2256 1263
f 778 2680 779
f 2678 1830 2680
f 180 245 40
f 1886 1131 1134
f 3766 3767 3749
f 1138 1274 1255
f 3777 3585 3586
f 1841 1140 1139
f 75 314 74
f 193 420 192
f 2681 1099 1098
f 3658 3587 3659
f 170 1565 169
f 349 417 432
f 1121 2684 2683
f 547 409 302
f 123 121 120
f 2643 1142 1141
f 1542 513 1543
f 899 907 919
f 1210 676 867
f 791 982 892
f 24 837 836
f 893 932 931
f 1860 863 862
f 535 862 861
f 3640 3683 3638
f 832 813 812
f 2650 813 832
f 1569 1547 1568
f 181 542 180
f 660 937 688
f 2013 568 2012
f 3781 3644 3782
f 887 2631 2630
f 1524 361 78
f 520 162 1529
f 2653 854 2685
f 1238 2655 2686
f 718 527 530
f 1492 518 1491
f 792 615 793
f 599 1835 596
f 290 456 175
f 312 1552 425
f 1248 1179 1249
f 153 177 178
f 1240 1222 1221
f 1257 1235 1071
f 1291 1083 1222
f 1052 1277 1053
f 743 2618 1204
f 444 430 443
f 23 1172 1187
f 2687 1180 1179
f 102 409 134
f 1283 610 801
f 373 650 651
f 1180 1084 1291
f 855 2655 1237
f 1173 1917 1174
f 2689 853 2688
f 2688 1108 1279
f 2686 1279 1238
f 2687 2688 2686
f 2691 1252 2690
f 2690 850 2689
f 1248 2689 2687
f 1248 2691 2690
f 2692 24 2666
f 2691 2666 1302
f 1247 2692 2691
f 1258 617 2692
f 394 1555 393
f 2693 1259 1223
f 1072 1262 1261
f 1257 1168 1258
f 398 1555 1554
f 871 1314 872
f 1178 1249 1179
f 1224 1173 1172
f 1010 2618 742
f 1175 1292 1269
f 2654 2686 2655
f 2694 1216 1264
f 71 1487 70
f 701 1111 1038
f 1072 2649 2650
f 1085 22 21
f 895 1264 896
f 1601 1605 1604
f 1259 1271 1289
f 21 1220 1083
f 988 538 537
f 3533 3535 3532
f 598 1336 1140
f 820 1762 821
f 1050 818 821
f 1298 1761 2652
f 1168 618 617
f 3629 3670 3628
f 858 1256 833
f 39 516 1536
f 2652 819 814
f 313 315 314
f 2026 1971 2027
f 2656 596 1835
f 814 818 811
f 2696 813 2649
f 1260 2649 1261
f 2693 2696 1260
f 2697 2651 2696
f 381 390 380
f 9270 1611 1609
f 1475 1428 1227
f 1292 1917 1235
f 1551 354 1518
f 1526 1523 1511
f 1593 1595 1573
f 1232 1246 1249
f 2695 1223 22
f 2698 1296 2697
f 2698 2693 2695
f 2685 2695 1085
f 2685 1297 2698
f 562 271 272
f 2652 1296 1298
f 1365 1364 1363
f 1958 1953 1957
f 585 2210 997
f 1561 1515 435
f 975 1146 976
f 347 68 346
f 1038 636 1068
f 2700 780 2699
f 2699 1036 1883
f 2701 1883 1829
f 851 2699 2701
f 2674 2251 2702
f 2702 781 2700
f 1253 2700 851
f 1301 2702 1253
f 1519 388 1550
f 1273 1280 2703
f 2703 1107 852
f 2701 852 851
f 1829 2703 2701
f 91 326 90
f 1784 2656 1785
f 2683 2705 2704
f 604 8943 8977
f 1669 8992 1662
f 2062 2060 2059
f 621 861 622
f 2023 732 2024
f 686 1263 687
f 857 2668 1328
f 883 882 879
f 3648 3650 3649
f 637 1111 1110
f 2668 893 1328
f 3692 3711 3691
f 2667 894 2668
f 1039 1068 1334
f 313 1504 1505
f 1911 305 453
f 1936 1964 2212
f 2707 2401 2183
f 2708 2183 2182
f 738 2116 554
f 3785 3709 3786
f 2349 2432 2436
f 2711 2020 2019
f 2400 2019 2186
f 2714 2716 2713
f 2717 2719 2720
f 2721 2723 2724
f 2726 2728 2725
f 2725 2730 2729
f 2731 2729 2709
f 2732 2725 2731
f 2734 2736 2733
f 2738 2740 2737
f 2737 2741 2742
f 2744 2746 2743
f 2745 2748 2747
f 2749 2747 2751
f 2753 2751 2752
f 2250 2246 2248
f 3417 3419 3418
f 2754 1614 2755
f 9050 2755 9061
f 9060 2747 9061
f 1617 2755 1614
f 2242 1620 2757
f 3429 3431 3430
f 2191 2760 2759
f 2761 2760 2762
f 9100 2761 9101
f 9075 2759 9100
f 3209 3354 3355
f 1395 2236 2235
f 1395 1636 1615
f 3741 3790 3740
f 1616 2229 2233
f 3410 3412 3411
f 1617 2763 2756
f 2756 9080 9060
f 2765 2234 1630
f 2766 9080 9074
f 3202 3458 3459
f 1516 435 1515
f 2768 8996 8997
f 1495 578 1424
f 2135 28 17
f 8970 2773 2774
f 1690 9378 9377
f 2778 2780 2777
f 2777 2781 2782
f 2784 2777 2783
f 8999 575 576
f 1494 9 540
f 8973 2015 9010
f 451 505 450
f 2786 2788 2785
f 2779 2785 2780
f 2789 2741 2740
f 2790 2752 2789
f 2792 2794 2791
f 2793 2796 2794
f 2796 2750 2749
f 2794 2749 2753
f 2798 1396 2754
f 9043 2754 9050
f 2798 2800 1393
f 9043 2799 2798
f 2797 2795 2801
f 2791 2753 2790
f 216 232 54
f 9256 2807 9255
f 9257 2804 9255
f 2769 9001 8996
f 183 184 97
f 2811 2775 2776
f 2804 2776 2805
f 2809 2811 2804
f 2812 2813 2814
f 9257 2816 9247
f 9248 2815 9247
f 9250 2820 2821
f 9245 2819 9250
f 2824 2735 2819
f 2823 2824 2819
f 2825 2826 2724
f 9245 2827 9244
f 9248 2826 9244
f 2713 2829 2828
f 2828 2831 2830
f 2822 2828 2830
f 2821 2713 2828
f 2832 2822 2830
f 2833 2830 2831
f 2834 2832 2833
f 2835 2827 2832
f 2837 2839 2836
f 2836 2841 2840
f 2842 2840 2727
f 2843 2836 2842
f 2840 2845 2844
f 2718 2845 2719
f 2730 2844 2718
f 2727 2844 2728
f 2846 2719 2845
f 2846 2841 2847
f 2829 2847 2831
f 2829 2716 2846
f 2847 2839 2848
f 2848 2838 2849
f 2833 2849 2834
f 2831 2848 2833
f 2850 2851 2852
f 2853 2852 2854
f 2783 2782 2855
f 2785 2853 2856
f 2780 2856 2781
f 2857 2855 2782
f 2859 2782 2781
f 2861 2842 2860
f 2860 2727 2726
f 2862 2726 2732
f 2863 2860 2862
f 2861 2858 2857
f 2843 2857 2859
f 2856 2854 2864
f 2781 2864 2859
f 2837 2859 2864
f 2838 2864 2854
f 2852 2834 2849
f 2854 2849 2838
f 2865 2818 2835
f 2851 2835 2834
f 2813 2815 2865
f 2814 2865 2851
f 2866 2814 2850
f 2788 2850 2853
f 2866 2787 2867
f 2812 2867 2775
f 1892 1890 1891
f 2720 2846 2870
f 298 256 257
f 2872 2713 2820
f 9246 2735 2734
f 2729 2874 2873
f 2846 2715 2870
f 2876 2878 2875
f 2733 2878 2734
f 9258 2879 2880
f 9258 2872 9246
f 2882 2884 2881
f 2881 2715 2714
f 2880 2714 2872
f 2879 2881 2880
f 2885 2887 2888
f 2888 2890 2885
f 2885 2892 2891
f 2893 2885 2891
f 1942 2532 2894
f 2895 2720 2870
f 2884 2870 2715
f 2883 2895 2884
f 2896 2892 2895
f 2889 2717 2890
f 2890 2720 2892
f 2897 2891 2896
f 2898 2896 2883
f 2899 2883 2882
f 2900 2882 2879
f 9249 2879 9259
f 2876 2901 2877
f 2901 2904 2903
f 1785 1835 1834
f 2905 2899 2900
f 2907 2897 2898
f 9249 2903 9251
f 632 577 633
f 8976 2867 2787
f 434 550 350
f 2768 9092 9095
f 2910 1623 2249
f 2241 2758 2242
f 9092 2913 9104
f 1623 2757 1620
f 9039 2757 9104
f 2229 1380 2250
f 2765 1629 2914
f 2915 1629 2912
f 9094 2914 2915
f 9093 2765 2914
f 2919 9094 9065
f 2918 2912 2241
f 9066 2241 9038
f 9070 9065 9122
f 8985 2180 8940
f 8965 2188 8950
f 3694 3627 3693
f 9157 714 9303
f 2925 2917 2924
f 2924 2916 2919
f 9062 2919 9070
f 9063 2924 9062
f 2926 2766 2925
f 9110 2925 9063
f 1715 1705 1710
f 785 498 796
f 1387 565 1791
f 374 1899 560
f 9017 2206 9000
f 2929 2886 2893
f 2932 2934 2931
f 1905 1908 1907
f 2930 2936 2937
f 2938 2930 2929
f 1493 517 518
f 1603 1586 1602
f 2939 2929 2908
f 2940 2908 2907
f 9117 1600 9113
f 2886 2937 2887
f 2906 2898 2899
f 2908 2893 2897
f 2942 2933 2941
f 2941 2937 2936
f 8945 2936 8957
f 8942 2941 8945
f 2943 2710 2873
f 2943 2874 2889
f 2945 2889 2888
f 2946 2943 2945
f 2932 2888 2887
f 2931 2945 2932
f 727 1929 728
f 2903 2947 2948
f 545 42 262
f 1480 533 251
f 2907 2949 2940
f 2906 2950 2949
f 1558 215 202
f 9251 2948 9253
f 2054 1644 2118
f 9157 2203 9017
f 1828 1849 1827
f 2953 2955 2952
f 2952 2957 2956
f 2956 2258 2952
f 2953 2258 2257
f 2454 2474 2496
f 9199 2959 9218
f 9199 2131 9189
f 2961 2963 2958
f 2958 2964 2959
f 222 2485 2965
f 2477 2966 2608
f 2631 2006 1859
f 2384 2496 2497
f 2967 2959 2964
f 2968 2970 2969
f 9211 2971 9236
f 9236 2960 9218
f 2972 2033 2032
f 2007 2973 2008
f 9004 2134 2133
f 1836 1832 1831
f 8950 2090 8995
f 955 959 956
f 672 674 673
f 633 713 632
f 2024 733 803
f 2025 803 798
f 425 1550 388
f 2975 888 887
f 1319 1157 2694
f 1212 2977 1213
f 889 2228 2227
f 1978 1975 1979
f 1138 1329 915
f 751 2979 2978
f 1619 1625 1624
f 2252 1728 1727
f 1157 845 1216
f 2706 1938 2617
f 2980 2254 2981
f 2982 887 2630
f 802 711 2679
f 678 2029 2028
f 527 690 528
f 1839 2629 1840
f 2983 602 1914
f 2983 1913 1331
f 2985 1331 1054
f 2986 2983 2985
f 2987 2635 2634
f 2985 2639 2986
f 2990 1318 2989
f 2991 2993 2994
f 2995 2994 2996
f 1106 2991 2995
f 1058 2992 2991
f 1415 1365 1367
f 1317 2217 2997
f 1932 2255 2980
f 926 2999 664
f 3001 2992 3000
f 3000 1057 2978
f 2999 2978 2979
f 2998 3000 2999
f 3002 2209 3003
f 3002 2996 2994
f 2993 3002 2994
f 3001 2998 3002
f 1103 2995 3004
f 3004 2996 3003
f 2209 3004 3003
f 588 3004 2210
f 295 433 381
f 2638 2988 3005
f 3005 1056 1930
f 1305 1930 1306
f 1276 3005 1305
f 1987 1993 1989
f 2633 1761 2645
f 1423 1417 1419
f 9005 739 703
f 2671 2704 2705
f 1473 2035 1472
f 922 2694 895
f 1401 1378 1384
f 556 1884 1037
f 842 9277 9288
f 1854 2617 1010
f 933 1081 1075
f 1440 1436 1437
f 529 719 530
f 1031 1027 1028
f 777 912 1871
f 2645 1204 2633
f 441 1538 1537
f 3771 3773 3772
f 790 587 586
f 2065 1610 1607
f 1860 990 902
f 60 87 59
f 1424 1948 1947
f 332 1507 331
f 261 138 135
f 187 449 507
f 1719 1726 1725
f 1931 1059 3006
f 3006 1105 1104
f 1287 1104 587
f 1286 3006 1287
f 3007 3009 3010
f 3009 653 795
f 618 26 25
f 2029 1210 1209
f 957 600 2228
f 1049 2228 600
f 2631 3011 2561
f 890 2227 3011
f 3011 2145 3012
f 2561 3012 2375
f 1026 609 608
f 2706 1961 1964
f 3013 2485 3014
f 2148 1267 3015
f 3015 1266 1311
f 2997 1101 1317
f 642 1773 1193
f 186 461 511
f 1041 1320 901
f 1121 3017 1122
f 2984 2987 3018
f 3018 2634 2619
f 1048 3018 2619
f 603 2984 3018
f 2679 801 802
f 2062 2074 2061
f 2061 2076 2064
f 414 1545 1965
f 3016 2683 3019
f 3019 2704 2670
f 3020 2670 720
f 3007 3019 3020
f 1871 1091 777
f 3021 1122 3017
f 3022 3017 3010
f 1314 3022 1315
f 1784 3021 1314
f 1316 1763 611
f 3023 3010 3009
f 3023 795 1092
f 1763 1092 1125
f 1315 3023 1763
f 3016 3010 3017
f 752 2978 1057
f 2986 2637 2987
f 3024 653 3008
f 3020 3008 3007
f 720 3024 3020
f 723 654 3024
f 2681 1268 3025
f 2671 1268 721
f 2705 3025 2671
f 1313 3027 1311
f 3026 3029 3027
f 3027 3030 3031
f 1311 3031 3015
f 2012 731 2023
f 917 974 977
f 3742 3744 3743
f 743 856 744
f 1888 2030 1425
f 2682 2684 3032
f 3032 1124 2989
f 1100 2989 1318
f 1099 3032 1100
f 1123 2989 1124
f 3033 1159 1158
f 2990 1158 1319
f 1123 3033 2990
f 1786 1834 3033
f 1054 2988 2985
f 2979 664 2999
f 2623 2663 2643
f 1095 688 687
f 3034 2261 2956
f 3036 2956 2957
f 3037 3034 3036
f 3038 3035 3034
f 3040 3026 1313
f 2263 3041 3040
f 3042 3043 3041
f 3041 3028 3026
f 3044 3043 3039
f 3046 3045 3044
f 3047 3049 3045
f 3043 3049 3028
f 3038 3051 3050
f 3050 3053 3052
f 3052 3044 3050
f 3039 3050 3044
f 3054 3039 3042
f 3042 2262 3054
f 2261 3054 2262
f 2216 2997 2217
f 2212 2667 1936
f 3056 2209 3055
f 934 1961 1854
f 2013 9209 567
f 3058 3060 3061
f 3059 3063 3060
f 3060 2213 1963
f 3061 1963 1962
f 3063 2214 2213
f 3062 3064 3063
f 3065 2260 3064
f 3064 2215 2214
f 3066 3031 3030
f 2608 3067 3066
f 2966 3068 3067
f 3031 3068 3015
f 2455 2461 2474
f 2476 2226 2477
f 8995 2089 8969
f 8970 9221 9238
f 433 355 381
f 2115 1419 2123
f 8953 2922 8971
f 9221 2131 2134
f 3069 2167 2166
f 2971 2928 2960
f 2961 2773 2962
f 3070 2478 2483
f 2610 3071 2954
f 2502 2374 2386
f 3072 2595 3073
f 2964 3052 2967
f 3048 3074 3049
f 2593 3075 3074
f 3075 3029 3074
f 3074 3028 3049
f 3072 3075 2592
f 3076 2482 2481
f 2481 3066 3076
f 3076 3030 3075
f 2967 3053 2970
f 2482 3073 2483
f 479 493 494
f 706 9325 709
f 9005 2221 8961
f 2013 9206 9207
f 8977 2016 8973
f 9006 2222 2974
f 1171 1155 1176
f 3782 3689 3783
f 2586 2565 2587
f 2982 113 2484
f 2562 3077 3068
f 2376 3012 3077
f 3012 2148 3077
f 3077 3015 3068
f 2963 3046 2964
f 3051 2970 3053
f 1683 491 775
f 9302 1447 9312
f 1986 9186 9220
f 3079 2546 2575
f 3081 2575 2576
f 1983 9220 9217
f 3082 2319 2545
f 3080 2545 2546
f 9186 3082 3080
f 9184 2323 3082
f 1309 1888 748
f 3073 2772 2771
f 2760 3084 2762
f 2760 2088 3083
f 3085 3086 3087
f 3089 3090 3088
f 3089 3084 3085
f 3092 3090 3091
f 3093 2744 2743
f 2751 2748 3093
f 3093 2752 2751
f 2742 3093 3094
f 3094 2743 3095
f 3096 3098 3087
f 3099 3087 3086
f 3097 3095 3098
f 3100 2746 3101
f 3101 3102 3100
f 2764 2927 3101
f 2745 3101 2746
f 3102 3091 3100
f 3100 3095 2743
f 2869 9044 9086
f 3102 3104 3092
f 9110 2869 9086
f 2927 3103 3102
f 3098 3091 3090
f 3087 3090 3085
f 2088 3105 3083
f 3083 3086 3084
f 2483 2771 3070
f 2401 2185 2321
f 3099 3105 3106
f 2125 3106 3105
f 3108 2742 3107
f 3107 3094 3097
f 3110 3107 3109
f 3109 3097 3096
f 3111 3096 3099
f 3112 3109 3111
f 3113 2737 3108
f 3115 2722 3114
f 3117 3114 3116
f 3119 3116 3118
f 3118 3120 3121
f 3116 3113 3120
f 3122 3111 3123
f 3122 1755 1754
f 3124 3126 3127
f 3125 3121 3126
f 3128 3118 3125
f 3129 3125 3124
f 2020 3128 3129
f 9305 1346 1352
f 1065 1047 1066
f 1814 9282 1649
f 2021 3129 3130
f 3111 3106 3123
f 3123 2207 1755
f 2377 2224 2973
f 3014 113 112
f 1756 9234 9219
f 3131 2530 2528
f 3133 2528 2529
f 1753 9219 9227
f 3134 3127 3135
f 2327 2314 2313
f 2436 2317 2349
f 2018 9163 9164
f 2534 3137 2535
f 2320 3136 2534
f 2185 9164 9223
f 3138 2542 2539
f 3134 9196 9197
f 9237 3134 9197
f 3140 2539 2538
f 2535 3140 2538
f 9163 3130 9237
f 2558 3132 3141
f 9234 3141 3132
f 2560 3141 3142
f 9212 3142 3141
f 958 2976 2981
f 1933 2980 3143
f 3714 3729 3713
f 2399 2418 2416
f 2348 2343 2432
f 2322 2319 2323
f 2718 2874 2730
f 2709 2873 2710
f 2894 1361 1942
f 3788 3720 3717
f 346 176 347
f 1876 1882 1881
f 2802 9059 9044
f 3104 3088 3092
f 2974 9101 9055
f 3089 2761 2762
f 3088 3145 3089
f 2803 9055 9059
f 9322 692 628
f 2123 1418 2126
f 1365 1368 1367
f 3346 3344 3343
f 1581 1782 1783
f 9013 2129 8964
f 8999 2002 8965
f 3146 2551 3147
f 9203 3147 9202
f 9194 3146 9203
f 3149 2585 3146
f 3196 3197 3195
f 9056 2191 9075
f 3142 2556 2560
f 9229 3150 3142
f 9098 2550 9045
f 3150 2555 2556
f 9230 3151 3150
f 9240 3152 9098
f 3153 2551 2549
f 3152 2549 2550
f 9233 3153 3152
f 9228 3147 3153
f 3148 2206 2205
f 2183 2321 2184
f 2132 2928 2133
f 3299 3321 3319
f 9136 2204 2203
f 9171 2197 9173
f 2594 2773 2951
f 2595 2951 2772
f 1870 799 1869
f 3257 3259 3258
f 9165 2178 9158
f 9158 9188 9242
f 336 9226 9174
f 339 3154 336
f 9241 3149 9194
f 9135 2584 3149
f 2963 3048 3047
f 9174 337 336
f 339 2566 2586
f 3156 2168 2167
f 2610 2167 2611
f 2954 3156 2610
f 3157 2953 2257
f 9159 2169 9161
f 2567 3159 2568
f 337 2567 338
f 9182 2166 9159
f 9216 1983 9217
f 2579 3081 2576
f 2568 3160 2579
f 9161 2190 9216
f 3065 3162 3161
f 3161 1984 2189
f 3157 2189 2168
f 2257 3161 3157
f 734 1922 806
f 3059 2708 3163
f 3163 2182 1985
f 3162 1985 1984
f 3062 3163 3162
f 3203 3205 3204
f 3806 3808 3807
f 2122 1448 1447
f 9269 1685 9264
f 139 444 69
f 1570 566 533
f 2957 3165 3036
f 2955 3164 2957
f 1912 341 1973
f 3130 3124 3134
f 1548 319 1547
f 1949 1327 1887
f 2969 3078 3167
f 3167 3169 3168
f 9176 2017 9172
f 9172 2033 9211
f 3168 3165 3170
f 3170 3164 3171
f 9231 3171 9208
f 9176 3170 9231
f 3171 3166 3172
f 3172 3071 3173
f 9204 3173 9201
f 9208 3172 9204
f 3169 3036 3165
f 2593 2962 2594
f 3173 2609 3174
f 3174 2199 2198
f 9235 2198 9171
f 9201 3174 9235
f 2190 1984 1983
f 2196 2767 3148
f 3326 3328 3327
f 2119 1414 1448
f 1464 1466 1465
f 2199 3069 2200
f 2457 2587 2565
f 2226 2562 2966
f 481 1627 1639
f 333 235 236
f 3078 3037 3169
f 3040 2997 2263
f 3351 3262 3263
f 2219 1933 2220
f 2385 2497 2503
f 221 3175 2484
f 2220 3143 3175
f 3175 2976 2975
f 2484 2975 2982
f 2954 3166 2955
f 2630 110 2982
f 1547 1952 1955
f 2091 2188 2187
f 9185 2178 2177
f 1918 1927 1926
f 9007 111 8955
f 3398 3400 3399
f 955 960 954
f 2037 112 9007
f 3143 2981 2976
f 2218 2214 2215
f 672 9239 8985
f 2152 3014 2037
f 1147 1143 1145
f 2248 1409 2245
f 1615 1635 1616
f 1410 2246 2247
f 3486 3487 3310
f 3468 3502 3501
f 3451 3452 3450
f 3177 1383 1382
f 2238 3176 1382
f 3176 2230 3178
f 1410 3179 1407
f 3179 2243 1407
f 1633 2800 2249
f 3816 3817 3814
f 1621 2758 2912
f 3642 3662 3675
f 3422 3260 3257
f 1622 2245 1634
f 2236 3181 3182
f 3793 3795 3794
f 3493 3495 3494
f 2237 3182 3183
f 3513 3515 3514
f 2250 2233 2229
f 3654 3667 3802
f 2912 1628 1621
f 3819 3821 3820
f 3432 3823 3431
f 135 1564 1563
f 1567 512 1565
f 1085 2653 2685
f 3184 868 3056
f 869 3057 934
f 3389 3387 3386
f 1266 1098 1312
f 1267 722 721
f 937 2646 936
f 2146 722 2147
f 2211 921 2667
f 1957 507 449
f 1313 2264 3040
f 1496 1493 1492
f 2681 2705 2682
f 2887 2933 2932
f 1687 1659 1694
f 145 1498 81
f 1317 1319 2694
f 3831 3830 3834
f 37 418 71
f 1935 3185 2977
f 104 301 103
f 2101 2083 2084
f 543 360 207
f 1934 3186 3185
f 234 212 237
f 9297 1822 1824
f 3825 3827 3826
f 1976 1874 1974
f 223 2219 220
f 9107 9057 9064
f 468 773 2165
f 3673 3659 3672
f 1935 1728 1932
f 3490 3840 3549
f 3362 3848 3847
f 3862 3864 3863
f 3465 3484 3868
f 3893 3525 3874
f 3352 3430 3431
f 3869 3871 3870
f 3529 3567 3564
f 3420 3922 3921
f 3304 3236 3303
f 3929 3931 3930
f 3324 3327 3561
f 3219 3939 3331
f 3220 3937 3219
f 3450 3376 3439
f 3942 3833 3941
f 3215 3454 3945
f 3946 3215 3945
f 3422 3948 3421
f 3950 3198 3196
f 3205 3957 3920
f 3261 3961 3288
f 3852 3964 3963
f 3214 3946 3958
f 3965 3214 3192
f 3797 3799 3798
f 3988 3990 3989
f 3777 3806 3822
f 3855 3447 3444
f 3737 3800 3736
f 3949 3952 3948
f 3651 3783 4000
f 4001 3787 3812
f 4019 4021 4020
f 4027 4029 4028
f 3258 4030 4027
f 4033 4035 4034
f 3424 4047 4046
f 3242 4058 4057
f 3970 3547 3971
f 3829 4057 3825
f 3333 3947 4060
f 4063 4065 4064
f 4073 4075 4074
f 3568 3443 3448
f 3981 3335 4050
f 3540 3862 3539
f 4078 4031 4032
f 3565 4088 3993
f 3442 4089 4082
f 4092 4094 4093
f 4093 4097 4096
f 3619 3623 3624
f 3660 3821 3807
f 3809 3649 3808
f 3610 3655 3613
f 3656 3623 3657
f 3621 3804 3620
f 3503 3481 3504
f 3436 3438 3437
f 3356 3427 3353
f 3628 3669 3633
f 3734 4002 3733
f 3276 3370 3369
f 3763 4107 3762
f 4006 3754 3755
f 3747 3752 3746
f 3863 4110 3992
f 3994 4003 3501
f 3653 3664 3652
f 3296 4115 3295
f 4117 4119 4118
f 3249 3251 3250
f 4127 4129 4128
f 3478 3903 3867
f 3410 3921 3922
f 3977 4038 3976
f 3216 3453 3454
f 3967 3548 3966
f 4140 4032 4039
f 3509 4149 3916
f 4151 3659 3587
f 4153 3656 3671
f 4153 3646 3672
f 4156 3645 4155
f 4139 4078 4140
f 3743 4163 4162
f 3861 3987 4166
f 3468 4067 3467
f 3306 3980 3835
f 4172 4010 4024
f 4169 3836 3835
f 4187 4189 4188
f 4213 4215 4214
f 4220 4222 4221
f 4225 4211 4204
f 4230 4232 4231
f 4240 4242 4241
f 3606 3608 3607
f 4250 4252 4251
f 4258 4260 4259
f 4077 4079 4078
f 4276 4278 4277
f 4308 4263 4309
f 4017 3872 3869
f 3196 3951 3950
f 4316 4270 4271
f 3870 4307 3869
f 4324 4326 4325
f 4333 4247 4244
f 4338 4340 4339
f 4348 4350 4349
f 4283 4289 4286
f 4356 4358 4357
f 4359 4020 4358
f 4362 4196 4197
f 4320 4279 4276
f 4370 4296 4371
f 4377 4303 4249
f 4231 4201 4178
f 4203 4331 4381
f 4037 4039 4038
f 4371 4386 4370
f 4387 4347 4314
f 3309 3294 3310
f 4099 3724 3818
f 4355 3257 4313
f 3630 3693 3627
f 4277 4302 4390
f 4350 4319 4349
f 4353 4351 4348
f 3637 3639 3638
f 4394 3827 3320
f 3311 4399 4398
f 3755 4005 4006
f 4363 4259 4260
f 3454 3919 3920
f 3446 3459 3458
f 4298 4404 4406
f 3749 3769 3766
f 3791 3756 3792
f 3643 3684 3640
f 3845 3399 3400
f 4313 3258 4312
f 4411 4408 4412
f 3843 4423 3842
f 4214 4329 4328
f 4431 4433 4432
f 3918 3798 3799
f 3927 3388 3389
f 4453 3874 3873
f 4138 4457 4456
f 3346 4459 3345
f 4100 4108 4107
f 3974 3976 3975
f 3665 3652 3664
f 3773 3993 3992
f 3945 3920 3957
f 4144 4462 4461
f 4464 4466 4465
f 3268 4479 3267
f 4484 4136 4485
f 3348 4487 3347
f 3313 3912 3913
f 3803 3617 3802
f 4086 3510 4087
f 4034 3305 4033
f 3403 4171 4489
f 4481 4492 4491
f 4177 4179 4178
f 4398 3923 3311
f 4451 4494 4450
f 4501 4076 4502
f 4509 4506 4503
f 3304 4462 4517
f 4485 3312 4484
f 3419 3349 4064
f 4356 4385 4305
f 4026 4358 4020
f 4354 4357 4358
f 3599 4091 4090
f 4341 4254 4274
f 4251 4524 4335
f 3482 3484 3483
f 3843 3544 4085
f 4295 4274 4294
f 4381 4206 4203
f 4204 4531 4225
f 4533 4535 4534
f 4542 4544 4543
f 4546 4548 4547
f 4573 4547 4548
f 4575 4577 4576
f 4221 4580 4220
f 4587 4589 4588
f 4328 4589 4214
f 4187 4563 4332
f 4595 4593 4591
f 4597 4604 4596
f 4609 4611 4610
f 4620 4622 4621
f 4612 4614 4613
f 4636 4600 4637
f 4649 4650 4648
f 4652 4654 4653
f 4662 4664 4663
f 4666 4668 4667
f 4637 4685 4684
f 4627 4700 4626
f 4684 4636 4637
f 4663 4661 4662
f 4699 4697 4696
f 4647 4703 4702
f 4709 4603 4710
f 4724 4726 4725
f 4742 4744 4743
f 3311 3924 3314
f 4698 4758 4679
f 4749 4609 4610
f 4342 4344 4343
f 4797 4799 4798
f 4490 3974 4143
f 4019 4306 3870
f 4512 4514 4513
f 3991 4508 4507
f 4692 4694 4693
f 4680 4818 4810
f 4821 4824 4823
f 4367 4243 4240
f 4833 4831 4830
f 4837 4757 4754
f 4332 4562 4561
f 4683 4819 4682
f 4845 4850 4849
f 4751 4752 4669
f 4854 4695 4692
f 4858 4718 4857
f 4822 4859 4824
f 4674 4647 4675
f 4771 4773 4772
f 4726 4537 4540
f 4714 4719 4715
f 4633 4688 4687
f 4616 4618 4617
f 4686 4842 4841
f 4869 4708 4629
f 3502 3528 3529
f 4777 4737 4745
f 4734 4779 4873
f 4883 4663 4664
f 4375 4274 4275
f 4290 4335 4524
f 4799 4826 4825
f 4816 4812 4810
f 4778 4732 4659
f 4158 4160 4159
f 4195 4197 4196
f 3860 4166 4167
f 3758 3763 3764
f 3694 4157 4156
f 4249 4391 4377
f 3467 3469 3468
f 4209 4211 4210
f 4142 4144 4143
f 3615 3617 3616
f 3479 3536 3535
f 4883 4672 4886
f 4802 4642 4643
f 3698 3638 3683
f 4105 3726 3730
f 4848 4896 4895
f 4878 4744 4837
f 4610 4748 4749
f 4036 4489 4035
f 4355 4314 4347
f 4171 4049 4048
f 3875 3216 3217
f 4868 4863 4864
f 4623 4691 4622
f 3629 4155 4154
f 4654 4898 4683
f 4012 4014 4013
f 4902 4866 4867
f 4768 4908 4906
f 4370 4385 4384
f 4888 4914 4913
f 3546 3917 3916
f 4932 4931 4919
f 3625 4151 4150
f 3804 3670 3657
f 3816 4103 4101
f 4911 4887 4912
f 4928 4927 4929
f 4925 4927 4921
f 3655 3666 3654
f 4932 4910 4911
f 4937 4912 4913
f 4939 4942 4941
f 4228 4530 4381
f 4946 4942 4947
f 4938 4923 4937
f 4942 4937 4947
f 4951 4930 4928
f 4955 4928 4954
f 4748 4615 4749
f 4914 4847 4956
f 4824 4584 4856
f 4940 4941 4943
f 4916 4960 4917
f 4909 4891 4862
f 4971 4968 4949
f 4966 4948 4944
f 4962 4953 4965
f 4940 4924 4939
f 4831 4917 4895
f 4935 4925 4924
f 4275 4261 4258
f 4679 4791 4678
f 4016 4373 4376
f 4668 4766 4795
f 4539 4727 4845
f 4929 4936 4933
f 4607 4882 4881
f 4775 4801 4802
f 4801 4742 4774
f 4732 4611 4733
f 4985 4983 4982
f 4534 4562 4533
f 4847 4645 4848
f 4788 4619 4616
f 4787 4678 4791
f 4657 4605 4597
f 4994 4878 4837
f 5006 5008 5007
f 5001 4973 4988
f 4814 4619 4785
f 5014 4974 5012
f 5003 4972 4973
f 5019 5007 5018
f 5024 5017 5025
f 5036 5035 5032
f 4990 4975 4972
f 5045 5034 5044
f 5048 5034 5035
f 5025 5014 5026
f 5046 5043 5031
f 5051 5055 5054
f 5044 5060 5059
f 5011 5021 5020
f 5013 5068 5012
f 5028 5072 5029
f 5077 5064 5065
f 5065 5079 5077
f 5083 5080 5060
f 5063 5080 5065
f 5054 5071 5078
f 4602 4711 4851
f 5058 5083 5053
f 4982 4792 4793
f 5041 5045 5061
f 3909 3278 3250
f 3471 3473 3472
f 5002 4994 4995
f 5060 5067 5059
f 4892 4862 4891
f 4891 4884 4892
f 4996 5003 5001
f 4997 5005 5000
f 4813 4614 4829
f 4618 4827 4613
f 5089 5093 5092
f 3303 3305 3304
f 5100 5102 5101
f 5107 5109 5108
f 5110 5092 5114
f 4610 4734 4874
f 5112 5100 5084
f 5088 5090 5089
f 5119 5117 5116
f 5092 5096 5089
f 3826 3829 3825
f 5108 5102 5126
f 5100 5087 5084
f 5118 5133 5138
f 3783 3690 3784
f 4444 4446 4445
f 5151 5150 5152
f 4790 4617 4813
f 4332 4190 4187
f 3266 4451 4448
f 3211 3332 3946
f 4741 4760 4652
f 4775 4777 4776
f 4764 4691 4766
f 4489 4048 4490
f 4466 4511 4497
f 4518 3930 4514
f 4786 4791 4807
f 4980 4984 4977
f 5144 5150 5143
f 5159 5148 5158
f 5121 5120 5114
f 5169 5162 5165
f 5016 4979 5017
f 5123 5179 5122
f 5181 5140 5183
f 5175 5184 5141
f 4575 4586 4534
f 4984 4976 4977
f 4596 4598 4597
f 5182 5183 5186
f 4785 4787 4786
f 5137 5122 5179
f 5167 5180 5181
f 4835 4898 4897
f 4687 4726 4633
f 4176 4170 4398
f 4760 4655 4652
f 4681 4649 4646
f 5121 5132 5131
f 5171 5178 5170
f 5174 5191 5176
f 5169 5194 5164
f 4909 5095 4907
f 5105 5112 5113
f 4767 5126 4803
f 5201 5205 5204
f 5219 5217 5216
f 5229 5200 5209
f 5234 5236 5235
f 4069 4071 4070
f 4724 4717 4713
f 5108 4768 5107
f 5103 5126 5102
f 5227 5211 5226
f 5015 4884 4885
f 4997 4892 4884
f 5197 5215 5214
f 5241 5247 5246
f 5013 5019 5018
f 5205 5232 5204
f 4969 4971 4970
f 5239 5249 5248
f 4808 5225 4809
f 5216 5199 5196
f 5253 5242 5254
f 5235 5255 5256
f 5135 5157 5134
f 5264 5267 5266
f 5245 5215 5242
f 5260 5269 5267
f 5264 5274 5265
f 5154 5173 5142
f 5287 5278 5288
f 5256 5300 5257
f 5173 5176 5175
f 4631 4629 4628
f 4781 4783 4782
f 5309 5311 5310
f 5155 5144 5145
f 4826 4827 4825
f 5291 5308 5293
f 5310 5281 5286
f 5311 5308 5288
f 4036 4176 4175
f 4641 4704 4702
f 5220 4804 5223
f 4770 5207 4905
f 5188 5175 5176
f 5180 5129 5140
f 4626 5314 5313
f 4731 5315 5317
f 5222 5210 5221
f 4728 5316 5315
f 5230 5216 5196
f 5297 5240 5241
f 5204 5208 5201
f 5318 4864 5319
f 5273 5287 5289
f 5221 5219 5230
f 4700 5321 5314
f 5313 5328 5329
f 5157 5154 5142
f 5275 5263 5265
f 5324 5318 5325
f 5323 5331 5328
f 5343 5345 5344
f 5306 5286 5282
f 5278 5311 5288
f 4882 5320 5316
f 5109 5114 5120
f 5123 5130 5129
f 5299 5284 5298
f 5240 5199 5241
f 5229 5197 5214
f 5305 5292 5293
f 5233 5225 5243
f 5192 5194 5193
f 5104 4670 4746
f 5146 5160 5145
f 5337 5347 5338
f 5347 5341 5332
f 5353 5335 5352
f 5349 5354 5352
f 5355 5357 5354
f 5358 5360 5359
f 5355 5348 5360
f 5342 5365 5364
f 5345 5362 5344
f 5332 5367 5331
f 5372 5315 5316
f 5370 5366 5369
f 5361 5354 5357
f 5364 5368 5367
f 5369 5362 5370
f 5316 5330 5372
f 5373 5371 5372
f 5341 5364 5332
f 5374 5359 5373
f 5329 5375 5330
f 5377 5379 5378
f 5377 5331 5367
f 5380 5367 5368
f 5363 5370 5362
f 5357 5374 5381
f 5381 5361 5357
f 4814 4825 4827
f 4825 4816 4799
f 4806 4747 4805
f 5119 5131 5118
f 4696 4893 5387
f 4696 5390 4699
f 5213 5388 5387
f 5393 5388 5394
f 5380 5384 5379
f 5213 4893 5212
f 4813 4908 4790
f 5390 4693 4694
f 5294 5287 5295
f 5184 5186 5183
f 5285 5253 5254
f 4769 4790 4908
f 5327 5359 5360
f 4598 4690 4656
f 4608 4733 4611
f 4627 4609 4839
f 4596 4851 4711
f 4900 4706 4707
f 4668 5395 4667
f 4863 4639 4601
f 5392 4666 4667
f 4872 4651 4807
f 4807 4758 4872
f 5348 5325 5326
f 5176 5190 5188
f 5046 5022 5023
f 4853 4869 4870
f 5346 5363 5362
f 4709 4620 4599
f 4672 4904 4886
f 4680 4651 4649
f 4841 4688 4686
f 4823 4818 4821
f 4729 4602 4851
f 4881 4851 4604
f 5360 5326 5327
f 4852 4707 4869
f 4890 4669 4666
f 5392 5389 5393
f 5189 5186 5187
f 4881 4605 4607
f 5343 5369 5366
f 4607 4625 4882
f 5056 5052 5057
f 4850 4798 4894
f 3260 5398 3259
f 4855 4899 4871
f 5339 5366 5342
f 4789 4808 4677
f 5400 3948 3952
f 3872 4046 3871
f 4018 3424 3872
f 4025 4172 4024
f 4011 4024 4010
f 4065 3900 3901
f 3413 4013 3412
f 5056 5069 5070
f 5055 5070 5071
f 4062 5399 4061
f 5269 5294 5268
f 4685 4903 4846
f 5254 5240 5296
f 4606 4658 4733
f 4729 4882 4728
f 4030 4043 4029
f 4664 4753 4883
f 3575 3904 3903
f 3413 3922 3426
f 4949 4955 4934
f 4947 4913 4914
f 4849 4894 4856
f 4143 3975 4142
f 4912 4932 4911
f 3774 3995 3994
f 3956 3342 4168
f 4871 4758 4759
f 4270 4272 4271
f 4039 5400 4140
f 3555 5402 3554
f 5403 3906 3907
f 3908 3823 3907
f 4124 5408 5407
f 3901 4046 4047
f 4120 5410 5409
f 4124 4125 4123
f 5420 5404 5421
f 5424 5425 3557
f 3400 5428 3845
f 5432 5435 3226
f 4941 4945 4944
f 4935 4949 4934
f 3895 3897 3896
f 5426 4121 5418
f 5430 3906 5420
f 4045 5398 4062
f 5395 5392 4667
f 4846 4701 4840
f 4880 4710 4879
f 4624 4608 4609
f 4656 4662 4661
f 5305 5309 5304
f 5220 5222 5221
f 4230 4327 4324
f 5030 5028 5027
f 5213 5211 5210
f 5440 3269 5441
f 4396 3980 5444
f 5447 3244 3241
f 3328 5451 5396
f 4208 4248 4207
f 4599 4621 4598
f 4528 4391 4208
f 4529 4199 4207
f 4526 4339 4528
f 4256 5452 4532
f 4532 4241 4242
f 3834 5446 3831
f 5443 5444 4050
f 4530 4334 4206
f 4754 4904 4837
f 4229 4381 4331
f 4205 4383 4531
f 4892 4987 4861
f 4039 3976 4038
f 4738 4796 4741
f 4833 4897 4832
f 4232 4200 4201
f 4194 4241 4193
f 4889 4750 4748
f 4194 4365 4368
f 4531 4195 4238
f 5043 5062 5031
f 4182 4561 4180
f 5446 3241 3831
f 5237 5248 5236
f 4206 4382 4205
f 5210 5218 5219
f 3426 3417 3425
f 4216 4192 4215
f 4219 4184 4185
f 4180 4380 4179
f 4327 4591 4326
f 4223 4231 4222
f 4215 4360 4329
f 4186 4218 4185
f 4190 4209 4189
f 4223 4595 4327
f 4326 4328 4329
f 4366 4568 4186
f 4570 4549 4569
f 4579 4548 4570
f 4563 4533 4562
f 4583 4220 4580
f 4586 4561 4562
f 4239 4363 4243
f 4572 4567 4564
f 4536 4585 4535
f 4538 4566 4541
f 4536 5453 4538
f 3573 3983 3316
f 5427 3552 3556
f 4553 4588 4552
f 4593 4555 4592
f 4368 4183 4227
f 4361 4235 4236
f 4233 4527 4232
f 4233 4324 4237
f 4212 4330 4331
f 4237 4325 4236
f 4193 5452 4361
f 4983 4885 4792
f 5002 4986 4993
f 5074 5076 5075
f 4698 5391 4759
f 5391 5390 4694
f 4871 4650 4872
f 4546 4543 4544
f 4553 4901 4574
f 4552 4555 4556
f 5223 4805 5394
f 5386 5383 5363
f 5317 5371 5327
f 3240 4429 3377
f 5384 5381 5379
f 3938 3218 3937
f 3942 5455 5454
f 5361 5386 5356
f 4542 4541 4545
f 3910 5420 3428
f 3939 4060 3940
f 3851 5351 5454
f 3838 3556 3837
f 4547 4857 4546
f 5442 4050 3335
f 3385 5428 5429
f 4257 4235 4256
f 5312 4893 4809
f 4212 4204 4211
f 3854 5461 4392
f 4226 4210 4211
f 4202 4178 4201
f 3316 3897 3315
f 5464 4432 4433
f 5465 3883 4432
f 4472 4449 4450
f 4501 4450 4494
f 4074 4080 4077
f 5473 5401 4173
f 4173 5475 5473
f 3432 3520 5413
f 3462 5504 3461
f 4075 4494 4080
f 5482 3387 3392
f 5468 5470 5469
f 3427 5422 3523
f 4498 4487 3386
f 5403 5414 4128
f 3382 5522 3873
f 3492 5511 3491
f 3429 3517 3520
f 3873 5524 4453
f 5480 3350 3347
f 3477 5505 3462
f 4507 5544 4475
f 4396 5551 4051
f 3374 5553 3373
f 3373 5554 3390
f 5479 4063 3350
f 3390 5555 3393
f 5531 5566 5565
f 3368 5567 3367
f 5556 5560 5559
f 3393 5557 5556
f 4433 5463 5464
f 5464 5458 5456
f 4435 4439 3380
f 4055 3277 3274
f 3273 3911 3370
f 3395 3358 3394
f 5486 4071 5484
f 5526 4453 5524
f 5525 5569 5566
f 5568 3527 5567
f 3527 3847 3366
f 3365 3849 5462
f 5462 3850 5459
f 4435 5571 4430
f 3378 3943 3944
f 5573 5577 5574
f 4438 3943 3379
f 5477 5579 5476
f 5582 5580 5579
f 5583 5581 5584
f 5586 5588 5587
f 4074 5586 4073
f 5583 5474 5473
f 4507 5590 3991
f 5573 4522 4520
f 3989 5596 3988
f 5594 3407 5593
f 4436 5572 5571
f 5591 3991 5590
f 4507 4476 5589
f 3990 5587 5588
f 5578 3406 5577
f 5595 5584 5581
f 5484 3358 5486
f 4441 5467 3882
f 5472 4077 4139
f 5522 5570 5524
f 5486 3353 3524
f 5481 3386 3387
f 3475 5492 3518
f 5476 3899 5477
f 5540 5606 5603
f 5542 5603 5607
f 5608 5542 5607
f 5608 5545 5544
f 5607 5609 5545
f 5599 5548 5612
f 5598 5543 5608
f 5595 5593 5596
f 5588 3989 3990
f 5626 3266 5627
f 5627 4448 5628
f 5469 4469 5468
f 4515 5625 4491
f 4503 4474 4509
f 4481 5627 4480
f 4500 5469 5470
f 3414 5466 5465
f 5594 5581 5582
f 3376 4430 5571
f 3444 3941 3855
f 5572 3444 3445
f 4273 4287 4272
f 4345 4357 4344
f 4386 4305 4385
f 4517 4463 5625
f 4352 4319 4379
f 4352 4251 4336
f 4268 4390 4388
f 4264 4320 4323
f 4346 4282 4283
f 4337 4343 4344
f 4289 4245 4288
f 4303 4287 4288
f 4343 4291 4342
f 4284 4244 4289
f 4375 4291 4294
f 4379 4271 4272
f 4337 4348 4336
f 4524 4295 4290
f 4364 4197 4279
f 4285 4390 4302
f 5206 5208 5207
f 4297 4371 4296
f 4346 4286 4273
f 4285 4333 4284
f 3571 4395 5460
f 5341 5339 5342
f 5346 5334 5335
f 5269 5273 5289
f 4510 5609 5610
f 4509 5545 5609
f 4445 5611 5546
f 5566 5568 3368
f 5349 5338 5348
f 5489 3401 3398
f 5565 3368 3338
f 5496 5417 5630
f 5523 3383 5634
f 5325 5347 5324
f 5523 5599 5522
f 5429 3401 5633
f 3887 5631 5630
f 5634 5600 5523
f 5276 5279 5277
f 5298 5257 5300
f 5087 5085 5084
f 3361 5612 5548
f 5041 5066 5040
f 5487 3383 3384
f 5101 5130 5100
f 5299 5300 5303
f 5333 5335 5334
f 5302 5304 5303
f 5234 5216 5217
f 5301 5255 5258
f 4868 5322 4867
f 5281 5277 5279
f 5323 5322 5324
f 5298 5296 5297
f 4885 4750 4792
f 5231 5196 5197
f 4625 5313 5320
f 5111 5085 5098
f 5600 5549 5548
f 5531 5563 5527
f 5165 5182 5189
f 5283 5285 5284
f 4269 4277 4268
f 5610 5603 5606
f 5127 5091 5128
f 4907 5125 4906
f 5277 5272 5262
f 5596 5592 5598
f 5212 5226 5211
f 5273 5262 5272
f 5302 5258 5292
f 5635 5645 5640
f 4250 4379 4378
f 4485 3405 3402
f 4354 4023 4351
f 4265 4304 4386
f 4388 4282 4387
f 4345 4384 4385
f 4362 4297 4259
f 4836 4612 4828
f 4360 4236 4325
f 4369 4237 4234
f 5647 3986 3573
f 5650 3192 3189
f 5337 5336 5333
f 4467 4477 4466
f 4253 4340 4252
f 4429 5457 4428
f 3997 3915 3540
f 5535 3839 3982
f 5538 4460 4456
f 3439 5571 3438
f 5570 5526 5524
f 3438 5572 3445
f 4440 3879 3876
f 3440 4407 3449
f 3886 5695 5694
f 5534 5396 5451
f 5685 3471 5684
f 4278 4301 4302
f 5628 4449 5469
f 3579 3538 3578
f 4480 5628 4500
f 4402 5517 5518
f 4279 4198 4278
f 3603 3532 3602
f 3580 4088 4090
f 4095 3531 4094
f 5248 5251 5250
f 3778 3999 3776
f 4617 4613 4614
f 4375 4372 4519
f 3411 4136 3410
f 5094 5111 5097
f 3602 3535 3605
f 4023 4350 4351
f 4349 4336 4348
f 3605 3536 3592
f 4469 4471 4470
f 4094 3593 4097
f 4248 4245 4246
f 3519 5518 5517
f 5254 5284 5285
f 4852 4795 4766
f 4265 5629 4264
f 5632 5503 5631
f 3604 3612 3601
f 5549 5502 3360
f 3653 3607 3661
f 4780 4873 4779
f 4988 4979 4976
f 4491 5626 4481
f 4837 4995 4994
f 4615 4765 4749
f 5468 4470 4504
f 3514 3467 3513
f 5491 4409 5679
f 4093 3619 4092
f 4364 5629 4297
f 3488 5509 3487
f 5606 5611 5610
f 4210 4189 4209
f 4600 4602 4601
f 5242 5198 5240
f 5073 5075 5072
f 5651 3940 4060
f 3996 3775 3998
f 5200 5202 5201
f 5525 5527 5526
f 3364 4434 3363
f 3775 3542 3581
f 3941 5485 3855
f 3731 4105 3730
f 4997 4999 4998
f 4508 5608 5544
f 4101 3818 3816
f 3728 4103 3727
f 4591 4592 4328
f 4539 4538 4537
f 4550 4552 4551
f 4541 4567 4545
f 4389 4570 4568
f 4582 4580 4576
f 4976 4978 4977
f 4705 4707 4706
f 4797 4843 4844
f 3713 3730 3726
f 4675 4702 4704
f 4977 4981 4980
f 4810 4817 4816
f 4786 4812 4785
f 4715 4628 4714
f 4978 5021 4981
f 5010 5006 4991
f 3722 4162 4161
f 4558 4560 4559
f 4568 4569 4218
f 4584 4535 4585
f 4641 4715 4716
f 5026 5012 5068
f 4776 4745 4742
f 4714 4712 4713
f 4982 5001 4985
f 4576 4560 4582
f 4564 4566 4565
f 5069 5018 5029
f 5057 5048 5047
f 4810 4811 4680
f 3710 3786 3709
f 4991 4999 5010
f 5011 5010 5004
f 5008 5022 5027
f 5066 5063 5040
f 5047 5024 5025
f 5050 5051 5053
f 5023 5016 5024
f 5045 5059 5061
f 5047 5026 5057
f 3711 3724 3721
f 5048 5037 5047
f 5042 5063 5062
f 5058 5051 5054
f 5036 5046 5037
f 3715 3700 3714
f 5235 5257 5246
f 3732 3704 3702
f 5030 5062 5064
f 5020 5023 5022
f 5263 5261 5260
f 5049 5044 5034
f 5236 5250 5255
f 5031 5027 5022
f 5043 5039 5042
f 5320 5329 5330
f 5049 5052 5051
f 5326 5317 5327
f 3264 3288 3285
f 5264 5263 5260
f 4998 4992 4987
f 5009 5020 5008
f 5036 5039 5038
f 5032 5034 5033
f 4355 3949 3422
f 4269 4374 4323
f 4253 4378 4303
f 4525 4252 4340
f 3960 4111 3866
f 4372 4258 4296
f 5681 5673 5675
f 4378 4272 4287
f 4270 4346 4273
f 3244 5644 5643
f 4899 4648 4650
f 3734 3702 3810
f 4138 3343 4137
f 4192 4361 4360
f 3813 3812 3810
f 3817 3696 3814
f 5668 5682 5674
f 5690 5687 5684
f 5499 5700 5517
f 3999 3820 3577
f 3745 4102 4106
f 5684 3472 5690
f 5702 3860 5703
f 5712 5693 5670
f 3249 4393 3572
f 5695 5715 5694
f 5694 5716 5696
f 5719 5601 5602
f 4918 4950 4952
f 4774 4743 4773
f 3844 5605 3735
f 5505 4411 5504
f 3583 3585 3582
f 3710 4157 4160
f 5513 4417 5508
f 5704 4146 5709
f 4141 4062 4049
f 5669 5688 4410
f 3898 5653 5450
f 5718 3972 5719
f 5684 5686 5685
f 3917 5717 3512
f 3463 5662 5660
f 5492 5680 5491
f 4931 4950 4919
f 5665 3441 5663
f 3788 3740 3790
f 3501 3529 3994
f 3569 3477 3308
f 5516 5727 5515
f 3564 3566 3565
f 3892 5406 3889
f 3962 5407 3961
f 4126 4123 4125
f 4116 3287 5411
f 3892 5630 5417
f 3824 5413 5414
f 4408 5680 4412
f 3969 3978 5402
f 4408 3449 4407
f 4414 3449 4413
f 3962 3262 4125
f 4425 5616 4321
f 4418 5727 4419
f 5716 5575 5696
f 5719 5717 5718
f 5698 5692 5697
f 3880 4166 3987
f 5652 5520 5619
f 5621 4167 4166
f 5679 4410 5688
f 3210 3355 5618
f 5622 5451 5657
f 5416 5497 5624
f 5729 5731 5730
f 5733 3761 3758
f 5735 5737 5736
f 5750 5751 5734
f 5744 5740 5741
f 5744 3753 5746
f 5753 5730 5731
f 5757 5736 5737
f 5731 5765 5753
f 5774 5776 5775
f 5790 5792 5791
f 5796 5787 5797
f 5817 5819 5818
f 5828 5830 5829
f 3725 3751 3747
f 4874 4873 4875
f 4700 4903 4902
f 4740 4876 4739
f 3199 3201 3200
f 4100 4099 4101
f 3749 4108 3748
f 3695 3712 3692
f 3378 3380 3379
f 5504 4412 5507
f 4405 5518 5699
f 5838 5835 5836
f 4705 4712 4708
f 5832 5828 5833
f 5697 5678 5698
f 3791 4005 3790
f 5848 5794 5850
f 3714 3701 3704
f 3995 4042 3890
f 3329 3224 3222
f 4005 3705 4004
f 4551 4763 4550
f 5855 5808 5856
f 5851 5792 5852
f 5803 5858 5847
f 5844 5840 5845
f 5762 5743 5740
f 5808 5806 5807
f 4012 3426 3423
f 5558 3467 4067
f 4550 4720 4901
f 4950 4953 4952
f 3885 5694 5696
f 5705 4081 4082
f 5508 4415 5505
f 3745 3760 3744
f 5507 5680 5506
f 3592 3588 3591
f 3895 5658 5653
f 5613 5501 5549
f 3834 4393 4055
f 5527 4455 5526
f 5775 5809 5774
f 5766 5813 5810
f 5858 5812 5859
f 5855 5811 5858
f 5863 5819 5862
f 5826 5863 5829
f 5862 5833 5828
f 5870 5837 5845
f 5782 5831 5832
f 5868 5836 5873
f 5778 5843 5844
f 5866 5845 5840
f 5785 5867 5784
f 5790 5789 5793
f 5796 5794 5795
f 5821 5819 5820
f 5657 5620 5622
f 5793 5852 5792
f 5855 5801 5798
f 5853 5786 5796
f 5804 5802 5803
f 5827 5864 5822
f 5767 5821 5813
f 5854 5776 5777
f 5860 5818 5861
f 5782 5825 5785
f 5781 5844 5834
f 5810 5815 5816
f 5867 5830 5784
f 5809 5798 5799
f 5828 5863 5862
f 5865 5838 5868
f 5801 5802 5800
f 4086 3795 4149
f 5779 5842 5843
f 5827 5829 5830
f 5839 5869 5835
f 5814 5855 5856
f 5711 3859 5702
f 4958 4917 4960
f 5861 5821 5768
f 5863 5812 5820
f 5865 5823 5824
f 5873 5837 5871
f 5872 5842 5780
f 4089 3563 5704
f 3812 3785 3811
f 5770 5787 5788
f 5789 5847 5846
f 5793 5846 5849
f 4145 4146 3498
f 5848 5790 5791
f 3953 4009 3952
f 5748 5874 5747
f 4624 4626 4625
f 4665 4752 4664
f 4775 4779 4778
f 4746 4671 4747
f 4637 4601 4639
f 4828 4613 4827
f 4704 4762 4675
f 4843 4727 4687
f 4543 4725 4542
f 4731 4863 4730
f 4723 4558 4722
f 4842 4840 4838
f 4717 4857 4718
f 4865 4867 4866
f 5841 5866 5840
f 4725 4540 4542
f 4798 4816 4817
f 4632 4634 4633
f 4720 4715 4719
f 4642 4644 4643
f 3754 5874 5876
f 4860 4644 4847
f 4674 4722 4721
f 4808 4676 4677
f 4721 4822 4821
f 5876 5877 5746
f 4836 4840 4839
f 4658 4660 4659
f 4826 4800 4838
f 4877 4743 4744
f 4948 4971 4943
f 4875 4876 4889
f 4954 4934 4955
f 5773 5788 5790
f 5825 5833 5824
f 5834 5836 5835
f 5834 5845 5837
f 3359 3361 3360
f 5732 3756 3757
f 3394 3396 3395
f 3766 5741 5742
f 5774 5799 5777
f 5805 5857 5802
f 5813 5820 5812
f 3969 3964 3968
f 5667 5674 5666
f 5729 3792 3756
f 3770 5741 3769
f 4741 4739 4738
f 4689 4660 4661
f 5772 5787 5771
f 5735 3758 3764
f 5850 5773 5848
f 5617 3965 5650
f 5799 5854 5777
f 5875 5764 5879
f 5840 5842 5841
f 5861 5769 5860
f 5807 5853 5851
f 5869 5834 5835
f 3765 5739 5738
f 5882 5761 5759
f 5881 5887 5889
f 5895 5898 5897
f 5907 5906 5908
f 5909 5908 5910
f 4234 4526 4369
f 3912 3389 3914
f 5934 8730 8729
f 8730 5930 5931
f 4920 4922 4921
f 8845 8853 8851
f 4141 3404 4174
f 3733 3706 3731
f 8849 8848 8850
f 4234 4236 4235
f 8863 5919 8862
f 3733 4004 3705
f 5908 8859 8867
f 8865 8871 8870
f 8859 8863 8864
f 5927 5925 5928
f 5911 5904 5912
f 8878 8866 8879
f 5635 5637 5636
f 5745 5746 5877
f 3552 3554 3553
f 8857 8890 8875
f 5924 8860 5923
f 3553 3556 3552
f 5919 8861 8862
f 8869 8870 8891
f 8873 8878 8876
f 8856 8875 8874
f 8862 5889 5887
f 8846 8844 8843
f 8864 8866 8865
f 8729 8883 8884
f 8848 8887 8886
f 8878 5888 8893
f 8896 8855 8897
f 8853 8896 5885
f 8841 5882 5883
f 3489 3491 3490
f 8867 8864 8868
f 5910 8867 8898
f 5914 8898 8899
f 5916 8899 8900
f 5889 8860 5890
f 8876 8893 8894
f 5918 8900 8901
f 4424 5726 4423
f 8904 8900 8899
f 8909 8904 8905
f 8908 8903 8904
f 8869 8905 8868
f 3632 3667 3635
f 3687 3689 3688
f 3636 3681 3631
f 3664 3639 3665
f 4304 4306 4305
f 8909 8891 8910
f 3681 3695 3680
f 3758 3760 3759
f 3684 3700 3683
f 3721 3723 3722
f 3941 3943 3942
f 3738 3740 3739
f 3687 3709 3690
f 3238 3938 3220
f 4249 4288 4245
f 4499 3344 4464
f 4240 4368 4367
f 3453 3951 3919
f 4401 3547 3967
f 3950 3451 3436
f 3702 3701 3703
f 3725 3727 3726
f 3194 3208 3193
f 4034 4461 4462
f 3914 3913 3912
f 3483 3533 3482
f 3191 3957 3206
f 4292 3970 4293
f 3909 3428 3356
f 3959 3866 3867
f 4017 4309 4016
f 4316 4008 3953
f 4448 4450 4449
f 4414 4417 4416
f 3435 3351 3433
f 4413 4415 4414
f 3899 3901 3900
f 3780 3648 3809
f 3474 3886 3885
f 3958 3192 3214
f 3221 3935 4427
f 3905 3907 3906
f 3913 4486 3313
f 4420 4421 4085
f 3881 3883 3882
f 4004 3790 4005
f 4271 4318 4316
f 4259 4296 4258
f 3501 4066 3468
f 5897 5900 5899
f 5901 5904 5903
f 8854 8856 8855
f 3789 3786 3720
f 3651 3781 3782
f 5924 5901 5925
f 8870 8873 8872
f 8876 8874 8873
f 5912 5918 5911
f 3805 3799 3737
f 3369 3395 3396
f 3923 3925 3924
f 3916 3512 3509
f 3641 3801 3642
f 4276 4323 4320
f 4181 4331 4330
f 4428 3377 4429
f 3495 4321 4322
f 4436 3380 3381
f 4430 4437 4435
f 3945 3958 3946
f 4065 4047 3418
f 4495 3408 4496
f 8913 8915 8914
f 8911 8917 8916
f 8889 8923 8890
f 8919 8931 8921
f 8884 8918 8885
f 8922 8931 8925
f 5852 5909 5851
f 5866 5915 5917
f 8926 8914 8915
f 8914 8883 8913
f 8886 8921 8888
f 5846 5894 5891
f 5873 5900 5868
f 8893 5764 5754
f 8894 5754 5753
f 5890 5927 8936
f 5885 5755 5758
f 5871 5902 5873
f 5763 5883 5762
f 5880 8936 5763
f 4175 4398 4399
f 4274 4255 4275
f 8883 5931 8882
f 8868 8898 8867
f 3289 3247 3292
f 3858 5485 5921
f 8850 8886 8888
f 4116 5409 4115
f 3889 4127 5415
f 3678 8938 8937
f 8857 8888 8889
f 3979 3294 3295
f 4126 3431 3823
f 3651 3679 3650
f 3460 5921 3354
f 4084 3310 3487
f 8905 8899 8898
f 3561 5397 5656
f 3213 5528 5519
f 4191 4193 4192
f 5449 5532 5533
f 4142 4031 4479
f 4060 5652 5651
f 4480 4482 4481
f 5519 3212 3213
f 5657 3330 3940
f 4473 4475 4474
f 3514 5668 5667
f 5663 5669 5665
f 8881 5926 8880
f 5734 5749 5750
f 4788 4677 4678
f 3997 3538 3506
f 3551 3310 3294
f 3577 3998 3999
f 4893 4676 4809
f 4753 4671 4672
f 8729 8885 8843
f 3813 9021 8937
f 8938 3813 8937
f 8882 5929 8881
f 4098 3820 3821
f 3399 5416 3398
f 5494 5503 4403
f 5880 5878 5881
f 4986 4861 4987
f 4999 5004 5010
f 4985 4988 4976
f 5816 5766 5810
f 4372 4384 4519
f 5688 5692 5679
f 8903 8901 8900
f 8879 5887 5888
f 8902 8880 8901
f 5919 5895 5920
f 4519 4342 4291
f 8847 8854 8853
f 5925 5903 5926
f 4021 4523 4025
f 5678 5676 4406
f 4424 4085 4421
f 5701 3577 3820
f 5928 5926 5929
f 5000 4980 5004
f 9022 3545 4113
f 9024 5409 5410
f 4008 4010 4009
f 3931 4516 4513
f 3822 3807 3821
f 8851 8844 8845
f 5728 5509 5721
f 9025 4115 5409
f 5209 5201 5208
f 4820 4653 4682
f 3988 5598 4508
f 3370 3357 3395
f 5639 5641 5640
f 5592 4477 5543
f 3378 5572 3381
f 5625 3265 5626
f 5594 5577 3406
f 3302 5645 3301
f 3274 3278 3273
f 5207 5233 5243
f 5071 5072 5075
f 4815 4785 4812
f 4796 4643 4760
f 3243 5643 5648
f 5301 5303 5300
f 5431 5655 5654
f 5251 5244 5252
f 3353 3523 3524
f 4174 3405 3411
f 3546 4113 3545
f 4002 3788 4004
f 4196 4238 4195
f 3232 5647 3231
f 4373 4266 4310
f 4867 5321 4902
f 5648 4058 3243
f 4455 3893 4453
f 5593 4511 5592
f 5275 5252 5253
f 5252 5274 5251
f 4092 3624 3597
f 3723 3743 3722
f 4780 4802 4796
f 4059 3560 5425
f 4317 4347 4270
f 5188 5192 5187
f 5570 5612 5569
f 3385 5633 3384
f 3526 5569 5612
f 3576 3608 3590
f 3581 3594 3580
f 5239 5238 5232
f 5081 5083 5082
f 4369 4528 4527
f 4325 4329 4360
f 3569 3286 3336
f 9022 4112 5709
f 3661 3801 3653
f 5074 5030 5064
f 5064 5063 5065
f 3563 3498 4146
f 3961 4119 5411
f 4854 4870 4735
f 5018 5028 5029
f 5007 5027 5028
f 5040 5039 5041
f 3240 3875 3239
f 5070 5029 5072
f 3504 3866 4111
f 3537 3591 3588
f 5033 5039 5032
f 4710 4635 4879
f 5017 4989 5014
f 5024 5046 5023
f 4991 5019 4990
f 4587 4574 4573
f 4996 4793 4878
f 5066 5059 5067
f 5221 5231 5220
f 5068 5057 5026
f 3675 3643 3642
f 3663 3675 3662
f 4722 4559 4822
f 3579 3590 3591
f 3686 3677 3678
f 4422 3499 4419
f 5142 5138 5133
f 5078 5075 5076
f 3609 3590 3608
f 3288 5411 3287
f 5424 5410 3246
f 5152 5156 5172
f 3960 5709 4112
f 4946 4957 4958
f 3867 5705 3959
f 9026 4113 5710
f 5192 5189 5187
f 5161 5194 5171
f 3637 3682 3636
f 4392 3847 3848
f 3796 4149 3795
f 4104 3727 4103
f 3594 3993 4088
f 3796 4134 5710
f 3687 4156 4157
f 3760 4164 4165
f 4464 3345 4467
f 3485 3868 3484
f 3846 5423 4130
f 3409 4496 3408
f 3767 3765 3762
f 3711 4159 4160
f 3797 4087 3510
f 4072 5562 5560
f 4502 5590 5589
f 5408 9027 4118
f 5683 5714 5682
f 5702 4110 5711
f 5623 4148 4167
f 5428 3525 3522
f 3668 3802 3667
f 4000 8938 3679
f 4221 4179 4380
f 4267 4388 4315
f 3721 4161 4159
f 3903 5706 5705
f 3583 4090 4091
f 3894 3524 3525
f 4635 4636 4634
f 4173 4009 4010
f 4890 5393 5394
f 5290 5293 5292
f 5339 5337 5333
f 5458 4438 4439
f 3251 5430 3910
f 3252 5419 3251
f 3428 5421 3427
f 3571 5418 3252
f 4583 4554 4593
f 4239 4224 4238
f 3322 5450 5449
f 5309 5306 5304
f 4109 3748 4108
f 5707 3794 3795
f 5139 5183 5140
f 5271 5290 5259
f 5280 5282 5279
f 5110 5125 5115
f 5319 4731 5317
f 5334 5339 5333
f 5423 3523 5422
f 5376 5378 5375
f 4721 4646 4674
f 3719 4159 4161
f 4853 4692 4795
f 5373 5330 5375
f 4428 5456 4437
f 5376 5328 5331
f 3337 4434 4431
f 4692 5395 4795
f 5475 4523 5476
f 5478 4068 4522
f 5421 4129 5422
f 5374 5375 5378
f 5283 5306 5282
f 5246 5234 5235
f 5154 5150 5153
f 4458 5561 4457
f 5163 5158 5168
f 5381 5378 5379
f 3397 5484 5483
f 4457 5563 5537
f 5147 5150 5149
f 4474 5544 5545
f 5325 5319 5326
f 5223 5388 5222
f 5517 3521 3519
f 4499 3347 4487
f 5404 4128 4129
f 3476 5506 3475
f 4084 5515 4083
f 3900 5477 3899
f 5536 5547 5546
f 5491 5493 5492
f 5474 4139 5401
f 4063 4522 4068
f 4459 5541 5540
f 5548 3360 3361
f 5444 5550 4396
f 3888 5415 5412
f 5546 3339 4445
f 5536 5538 5537
f 3570 5508 3477
f 4471 5589 4476
f 4280 3359 5933
f 5499 4403 5503
f 5189 5169 5165
f 5543 4478 5542
f 4051 5552 3374
f 3461 5507 3476
f 4629 4870 4869
f 5106 4909 4862
f 5286 5279 5282
f 5462 3364 3365
f 3491 5514 3840
f 5224 5231 5229
f 4478 5540 5542
f 4099 3742 3723
f 4803 4805 4804
f 4130 5422 4129
f 4470 4476 4473
f 4924 4921 4922
f 4920 4927 4926
f 4993 4987 4992
f 4887 4913 4912
f 3894 4070 4071
f 5472 5585 5586
f 3508 4134 3507
f 3603 4096 4097
f 3772 3992 4110
f 5712 5671 5672
f 3739 4162 4163
f 5683 3515 5715
f 5480 4495 5479
f 5698 5493 5498
f 3578 3996 3998
f 3645 4154 4155
f 5660 3466 3463
f 4135 5710 4134
f 5587 4073 5586
f 5687 5693 5686
f 3584 4091 4150
f 5585 5584 5588
f 4128 5415 4127
f 4257 4338 4526
f 4222 4178 4179
f 4366 4191 4216
f 5098 5091 5088
f 5761 5737 5760
f 5760 5738 5739
f 8852 5934 8844
f 8874 8855 8856
f 8895 8855 8877
f 5884 8842 8852
f 4557 4582 4560
f 8890 8917 8892
f 8918 8930 8920
f 8924 8915 8916
f 4182 4330 4190
f 3864 5711 4110
f 3574 3230 3231
f 3342 3415 3341
f 3488 3549 3840
f 4317 3953 3949
f 3672 4152 4153
f 5708 3865 5707
f 9021 3685 3686
f 3621 3616 3617
f 5728 4419 5727
f 4311 4028 4310
f 4131 3543 3841
f 4426 3842 4423
f 4518 4168 4427
f 5457 5464 5456
f 5425 3558 3837
f 5458 4437 5456
f 3416 5465 5457
f 5638 5437 5637
f 3985 5636 5637
f 5646 5636 5647
f 9023 3554 5402
f 5722 5514 5726
f 3256 3934 3255
f 4164 5734 5751
f 8885 8920 8887
f 3282 3929 3281
f 3292 3320 3291
f 3232 3300 3301
f 3303 3271 3334
f 3562 5432 3325
f 3392 3388 3391
f 3854 5350 3851
f 5463 5459 5458
f 5935 3885 5576
f 3879 3954 3878
f 3928 3391 3388
f 4137 4458 4138
f 5454 3850 3851
f 3548 3549 3550
f 4443 5470 4442
f 4452 4506 4447
f 4468 3415 3879
f 4443 3876 4483
f 3234 4515 4516
f 5434 3896 5433
f 5448 5441 5644
f 5447 5443 5442
f 4442 5471 5467
f 5550 3275 5551
f 5578 4520 3409
f 3464 5666 3463
f 4701 4839 4840
f 3259 4041 4030
f 4015 3423 4018
f 3558 3982 3839
f 4856 4823 4824
f 4741 4653 4740
f 3759 4106 3763
f 3560 3290 3559
f 9024 3557 3553
f 5438 3280 5439
f 3321 3290 3291
f 5557 4072 5560
f 5553 3396 5554
f 4045 4174 4044
f 4539 4849 4585
f 3536 3503 3588
f 5478 5574 5477
f 3800 3510 3511
f 4755 4886 4754
f 5561 5527 5563
f 5752 5732 5751
f 5752 5756 5765
f 3518 5493 5521
f 3767 4107 4108
f 3534 4097 3593
f 4395 3826 3827
f 3926 3371 3925
f 4446 5610 5611
f 4050 3980 3981
f 8887 8843 8885
f 5649 5640 5645
f 4643 4761 4760
f 3709 3784 3690
f 4778 4660 4777
f 5649 4054 5648
f 5646 3301 5645
f 3250 3910 3909
f 5884 5757 5761
f 5655 5936 5937
f 4224 4226 4225
f 4043 3412 4013
f 4286 4288 4287
f 4267 4310 4266
f 4493 4080 4494
f 3325 3226 3227
f 3925 3372 3928
f 4312 4314 4313
f 3996 3540 3541
f 8908 8912 8907
f 4023 4025 4024
f 3995 3891 3994
f 5482 5559 4137
f 4486 3921 4484
f 4300 4302 4301
f 5438 5644 5441
f 3233 3282 3270
f 3225 3227 3226
f 5446 5445 5443
f 5554 3397 5555
f 4834 4830 4772
f 4064 3350 4063
f 3596 3598 3597
f 5639 5648 5643
f 5434 5654 5658
f 4895 4830 4831
f 3674 3676 3675
f 3551 3978 3550
f 3835 3305 3306
f 3813 3702 3703
f 3691 4160 4157
f 4109 4101 4103
f 4565 4188 4564
f 3490 3547 3489
f 3672 3647 3673
f 8906 8912 8913
f 3810 3811 3734
f 4051 4397 4396
f 3566 4090 4088
f 5580 5476 5579
f 4456 5537 5538
f 5539 5546 5611
f 8844 8729 8843
f 8872 8874 8875
f 4383 4198 4195
f 4931 4927 4930
f 5529 5397 5396
f 5314 5323 5328
f 5347 5323 5324
f 4711 4599 4596
f 5387 5389 4696
f 5259 5292 5258
f 5195 4803 5126
f 5195 4746 4806
f 4639 4866 4685
f 4821 4681 4721
f 3421 5399 3260
f 4730 4601 4602
f 4807 4811 4786
f 4040 3421 3948
f 4844 4800 4797
f 3936 3929 3930
f 4894 4817 4823
f 5365 5383 5368
f 4657 4661 4658
f 5224 4770 4804
f 5368 5382 5380
f 5336 5352 5335
f 5353 5386 5363
f 4070 4454 4069
f 5396 3327 3328
f 5225 5312 4809
f 5384 5386 5385
f 5391 4695 4759
f 4735 4870 4630
f 4407 4409 4408
f 4623 4880 4706
f 5356 5352 5354
f 4578 4859 4577
f 3239 3217 3938
f 3937 3333 3939
f 4578 4534 4535
f 5467 4505 4452
f 4836 4826 4838
f 4422 5721 4421
f 3392 5556 5482
f 5564 5565 5547
f 3807 3663 3660
f 5922 4392 4281
f 3680 3692 3693
f 3630 3632 3631
f 4416 5725 4418
f 4033 3836 4176
f 3238 4168 3342
f 3466 3483 3484
f 3678 3650 3679
f 3677 3649 3650
f 3340 4431 3884
f 3562 5656 5655
f 5658 5938 5939
f 3642 3640 3641
f 3306 3334 3981
f 3256 3280 3281
f 8910 8892 8917
f 5868 5898 5859
f 8924 8922 8925
f 8935 8925 8931
f 8882 8913 8883
f 8925 8926 8924
f 8840 8936 5927
f 5852 5905 5907
f 5136 5124 5137
f 4243 4260 4242
f 5238 5228 5232
f 5642 5643 5644
f 3924 3928 3927
f 5412 5700 3888
f 3750 3751 3707
f 3746 3770 3769
f 3859 3861 3860
f 3972 3493 3494
f 5923 8861 5920
f 4945 4958 4959
f 3296 3286 3287
f 3824 3907 3823
f 3671 4154 4153
f 4137 5481 5482
f 3614 3802 3617
f 3283 3559 3290
f 4936 4934 4933
f 5511 5726 5514
f 4170 3926 3923
f 3572 3830 3826
f 3459 3858 3460
f 3496 4425 3495
f 3457 3436 3437
f 3984 3986 3985
f 3914 3386 4487
f 5512 5723 5511
f 4500 4483 4480
f 4501 4471 4472
f 4503 4505 4504
f 4143 4461 4490
f 3331 3222 3219
f 4016 4018 4017
f 3998 3776 3999
f 4114 5710 4113
f 4405 4406 4404
f 5602 5720 5719
f 4767 4804 4770
f 4929 4954 4928
f 4410 5665 5669
f 3888 5632 3887
f 4048 3977 3974
f 3947 3212 5652
f 5676 3472 3473
f 5782 5784 5783
f 4315 4311 4267
f 5699 5521 5493
f 5864 5825 5822
f 5826 5822 5823
f 5775 5805 5806
f 3236 3270 3271
f 5823 5859 5826
f 4957 4895 4917
f 8868 8865 8869
f 4281 3848 4280
f 4940 4971 4949
f 4013 4029 4043
f 3685 3701 3684
f 4339 4377 4391
f 8891 8872 8892
f 3753 3755 3754
f 4427 3220 3221
f 3809 3779 3780
f 3568 4418 3500
f 3880 3918 3805
f 3543 3842 3841
f 4646 4648 4647
f 4656 4597 4598
f 4781 4820 4784
f 4972 4974 4973
f 5101 5109 5120
f 5095 5115 5125
f 5090 5132 5093
f 5131 5134 5133
f 5134 5127 5135
f 5117 5140 5129
f 3539 3863 3595
f 4006 3792 4007
f 5128 5099 5124
f 5097 5089 5096
f 5274 5271 5259
f 4571 4569 4549
f 4225 4238 4224
f 5156 5170 5172
f 4538 4540 4537
f 4622 4665 4662
f 4981 5004 4980
f 5012 4975 5013
f 5148 5149 5157
f 5157 5133 5134
f 5161 5145 5160
f 4261 4242 4260
f 5294 5291 5268
f 4255 4532 4261
f 5274 5250 5251
f 4246 4207 4248
f 3314 3927 3912
f 4670 4672 4671
f 4995 4673 4986
f 4638 4603 4600
f 4341 4525 4340
f 5163 5165 5162
f 4834 4784 4819
f 4784 4682 4819
f 4844 4687 4688
f 5280 5275 5285
f 4217 4564 4188
f 4554 4556 4555
f 4551 4556 4594
f 4549 4544 4571
f 5141 5173 5175
f 4653 4683 4682
f 4973 4989 4988
f 4984 5015 4983
f 5177 5170 5178
f 5166 5181 5182
f 5141 5139 5138
f 5178 5151 5177
f 5244 5203 5245
f 5252 5245 5253
f 4479 4079 4493
f 4402 4404 4403
f 3500 4419 3499
f 5856 5909 5913
f 4488 3348 3349
f 8851 5885 5886
f 3607 5701 4098
f 3508 3503 3504
f 5847 5896 5894
f 4374 4309 4263
f 3380 4438 3379
f 9025 3553 3554
f 5718 4131 3973
f 3300 3283 3321
f 5551 3276 5552
f 5552 3369 5553
f 5555 5483 5557
f 5859 5896 5858
f 4133 3794 3915
f 3606 3652 3610
f 4900 4766 4691
f 4616 4789 4788
f 3738 4164 3757
f 4774 4642 4801
f 4399 3402 4175
f 5853 5795 5851
f 3936 4427 3935
f 3418 4064 4065
f 5510 3840 5514
f 3270 3279 3269
f 3274 4056 4055
f 4359 4305 4306
f 4135 3504 4111
f 3610 3609 3606
f 3837 3557 5425
f 5940 4401 5941
f 5853 5803 5847
f 5725 5515 5727
f 3246 4117 3245
f 5713 5672 5681
f 4918 4916 4915
f 4148 3771 5703
f 5106 5113 5111
f 4147 5709 4146
f 5152 5177 5151
f 9026 4111 4112
f 5104 5103 5112
f 3531 3485 3593
f 3713 3715 3714
f 3699 3815 3697
f 4467 4459 4478
f 4703 4736 4640
f 5405 3846 5406
f 3555 3963 3964
f 4120 5411 4119
f 4217 4185 4218
f 3279 5441 3269
f 4944 4959 4966
f 4353 4344 4357
f 3815 3716 4104
f 3374 4052 4051
f 4491 4516 4515
f 5865 5833 5866
f 5819 5856 5862
f 5807 5856 5808
f 3933 3281 3929
f 3208 3920 3919
f 8907 8902 8903
f 5288 5295 5287
f 3728 3747 3748
f 3309 4083 3336
f 5119 5101 5120
f 3811 3789 4002
f 3595 3992 3993
f 4106 4100 4107
f 5696 5576 3885
f 3708 3750 3707
f 3744 4165 4163
f 5905 5892 5906
f 3403 4175 3402
f 4133 3506 3507
f 4147 3544 3545
f 3561 3325 3324
f 3237 3239 3238
f 4877 4793 4794
f 3241 3243 3242
f 3597 3625 3596
f 3279 3281 3280
f 3371 3373 3372
f 3599 3567 3598
f 3975 4032 4031
f 3277 3250 3278
f 3774 3565 3773
f 3658 3780 3779
f 4961 4963 4960
f 3600 3616 4096
f 4228 4202 4199
f 4011 4318 4350
f 4307 4262 4308
f 4838 4841 4842
f 4782 4773 4743
f 4914 4946 4947
f 4839 4765 4836
f 4771 4645 4642
f 4962 4964 4963
f 4966 4963 4964
f 3601 3615 3600
f 5878 5879 5881
f 5890 5881 5889
f 3720 4158 3719
f 4755 4689 4663
f 3740 3718 3739
f 5695 5686 5714
f 5740 5742 5741
f 5733 5736 5749
f 5755 5750 5749
f 5745 5762 5740
f 5798 5800 5799
f 4706 4879 4705
f 5651 5619 5620
f 5850 5797 5772
f 5804 5806 5805
f 4087 5707 4086
f 5915 5914 5916
f 5703 4167 4148
f 5893 5896 5895
f 5892 5919 8858
f 5706 5664 4081
f 5786 5788 5787
f 3973 3841 3493
f 4831 4915 4916
f 5906 8858 8859
f 4965 4969 4964
f 4684 4846 4842
f 3589 3611 3604
f 3596 4150 4091
f 5877 5763 5745
f 4121 4123 4122
f 3469 3868 3502
f 3204 3208 3207
f 3716 3726 3727
f 5460 5426 3571
f 3465 3470 3464
f 5738 3764 3765
f 4887 4655 4888
f 4203 4205 4204
f 3959 4082 4089
f 5758 5886 5885
f 5781 5872 5780
f 4675 4723 4674
f 3757 5751 5732
f 3334 3272 3335
f 8880 5903 5911
f 5615 3473 5614
f 5759 5760 5743
f 8845 8848 8847
f 5778 5780 5779
f 8857 8849 8850
f 4132 3798 3859
f 5839 5841 5842
f 560 3187 559
f 5747 4007 3792
f 5928 8840 5927
f 5766 5768 5767
f 4848 4956 4847
f 4953 4967 4965
f 4832 4910 4915
f 5879 5888 5887
f 3598 3530 4095
f 5747 5730 5748
f 5754 5748 5730
f 5810 5812 5811
f 5758 5749 5736
f 4315 4387 4314
f 5917 5916 5918
f 5913 5910 5914
f 5930 8841 8840
f 4951 4968 4953
f 3209 3201 3202
f 4059 3246 3247
f 8731 8842 8841
f 3776 3585 3778
f 5770 5772 5771
f 5891 5893 5892
f 9028 5641 5439
f 5814 5816 5815
f 5662 5673 5661
f 3522 3524 3523
f 5630 5942 5496
f 5791 5795 5794
f 5746 3754 5876
f 5928 5931 5930
f 5743 5739 5742
f 5876 5875 5878
f 3678 9021 3686
f 4200 4207 4199
f 4114 3916 4149
f 3601 3605 3604
f 3818 3712 3817
f 3315 3317 3316
f 5899 5902 5901
f 8840 5883 8936
f 5562 5559 5560
f 4416 3448 4414
f 3189 3191 3190
f 4751 4747 4671
f 4181 4180 4177
f 3832 5454 5351
f 3362 3526 3361
f 5678 5699 5698
f 3497 3499 3498
f 448 807 447
f 647 122 270
f 5690 5677 5697
f 4183 4185 4184
f 1833 1780 1832
f 5920 5897 5923
f 510 508 507
f 4401 5944 5941
f 5656 5530 5936
f 3970 5940 4293
f 5653 5939 5946
f 5450 5946 5532
f 3384 5945 5487
f 4403 4299 5494
f 5944 3968 5949
f 3963 5951 3852
f 5614 3474 5935
f 5427 3857 5951
f 3210 1887 3201
f 1887 3200 3201
f 15 3197 3200
f 16 3195 3197
f 3195 3187 3194
f 3194 1899 3207
f 3207 375 3204
f 387 126 127
f 3189 1760 5650
f 9029 757 758
f 763 2172 2175
f 9035 9032 9033
f 9033 9031 9030
f 9046 9048 9047
f 8751 9054 8752
f 9078 9077 9079
f 9083 9051 9053
f 9088 9047 9048
f 9099 9040 9097
f 9102 9036 9099
f 9105 9032 9103
f 9105 9106 9031
f 1801 9108 9107
f 9103 9034 9102
f 9096 9047 9089
f 1767 9111 9112
f 1597 9113 1600
f 1708 9117 9116
f 9123 9119 9118
f 9118 9125 9124
f 1588 9116 1587
f 2080 9118 2082
f 2082 9124 2084
f 9126 9087 9083
f 9129 9088 9087
f 5512 5943 5947
f 5634 5488 5948
f 5724 5947 5616
f 9134 9097 9133
f 9144 9102 9138
f 9133 9096 9132
f 786 9144 785
f 9146 9103 9144
f 785 9138 497
f 497 9134 650
f 650 9133 564
f 9148 9133 9132
f 8756 9057 8753
f 9154 9130 9129
f 9151 9131 9130
f 9097 9090 9096
f 1799 9111 1768
f 5949 3964 3853
f 9160 8809 8811
f 8813 9160 8811
f 9166 564 9148
f 9067 9054 9052
f 9162 9148 9150
f 9087 9048 9051
f 9081 9079 9082
f 9049 9051 9048
f 9082 9167 9081
f 9079 9049 9046
f 9169 9175 9170
f 9167 9112 9081
f 9168 9177 9167
f 9120 9113 9177
f 9120 9169 9119
f 9119 9170 9125
f 9179 9125 9170
f 9180 9124 9125
f 9178 9170 9175
f 1576 2084 9124
f 9179 9183 9181
f 3203 1387 3190
f 3190 1791 3189
f 5618 1949 3210
f 317 259 391
f 2000 9105 9146
f 9053 9052 9054
f 9041 9036 9037
f 9029 756 2170
f 9037 9034 9035
f 9130 9089 9088
f 3204 376 3203
f 1801 9109 1799
f 9181 9180 9179
f 1575 9190 1088
f 9187 1576 9180
f 1776 1796 1775
f 1293 1290 1284
f 1326 1327 12
f 1294 1234 1290
f 878 1330 1337
f 5633 5490 5945
f 5933 3360 5502
f 5613 5948 5500
f 5604 3844 5720
f 3972 5950 5601
f 3494 4322 5950
f 4406 5615 4298
f 3492 4292 5943
f 5631 5495 5942
f 497 374 498
f 122 413 121
f 5624 3398 5416
f 9151 9156 9160
f 9058 8752 9054
f 9160 9150 9151
f 8815 9162 8813
f 9156 8794 8809
f 439 399 438
f 1512 1526 1511
f 1668 1738 1671
f 839 1362 838
f 1362 826 1012
f 3425 3418 4047
f 4905 5243 4808
f 4621 4662 4690
f 5582 5574 5577
f 4754 4756 4755
f 3902 4021 4022
f 9295 1896 9267
f 2053 2118 2117
f 9340 2120 2119
f 696 9268 9283
f 4922 4939 4924
f 4365 4186 4183
f 5105 4862 4670
f 5228 5226 5225
f 4781 4877 4794
f 5218 5238 5217
f 4990 4992 4991
f 4335 4336 4251
f 4993 4972 5002
f 4794 4792 4750
f 5886 8852 8851
f 5405 5417 5416
f 4669 4764 4668
f 4676 4698 4679
f 1826 639 640
f 9192 9181 9183
f 5232 5233 5204
f 5418 4122 5419
f 956 886 960
f 5720 3512 5717
f 4728 4730 4729
f 8879 8863 8862
f 1980 1922 807
f 4969 4966 4964
f 33 105 164
f 9028 3254 5437
f 3837 3839 3838
f 4382 4301 4383
f 3908 4122 4123
f 4290 4294 4291
f 4400 4055 4056
f 3219 3221 3220
f 8894 8877 8876
f 4640 4735 4630
f 4389 4216 4213
f 3267 4493 4451
f 3268 4463 4144
f 5097 5098 5088
f 5094 5096 5095
f 5654 5937 5938
f 4089 3960 3959
f 5159 5162 5160
f 5202 5249 5205
f 5412 5414 5413
f 5715 3516 5716
f 5723 4423 5726
f 4263 4323 4374
f 3994 3564 3774
f 1343 9308 9309
f 3470 5667 3464
f 5659 5671 5706
f 3319 4053 3299
f 9359 2128 9354
f 1766 1582 1594
f 14 2163 738
f 595 99 594
f 5703 3772 5702
f 5206 5229 5209
f 3437 3458 3457
f 5516 3487 5509
f 5122 5087 5123
f 3223 3934 3935
f 3979 5402 3978
f 3828 3320 3827
f 5663 4081 5664
f 4035 4490 4461
f 4426 5724 4425
f 3881 4447 4444
f 5407 4118 4119
f 5691 5689 5687
f 5661 5672 5671
f 5911 8901 8880
f 3902 3871 4046
f 5541 5539 5606
f 4069 5561 5562
f 3248 3292 3247
f 1346 1044 1352
f 748 1425 747
f 3297 3255 3934
f 5445 4056 5550
f 5783 5830 5831
f 4310 4376 4373
f 5857 5800 5802
f 3882 4452 3881
f 3193 3919 3951
f 3190 3206 3203
f 4266 4268 4267
f 4488 3420 4486
f 3331 3940 3330
f 4282 4284 4283
f 4606 4607 4605
f 4628 4708 4712
f 4659 4733 4658
f 4615 4829 4614
f 4718 4713 4717
f 5722 4421 5721
f 3307 3461 3433
f 4686 4634 4636
f 3966 3550 3978
f 4738 4875 4873
f 3416 3237 3341
f 4527 4208 4200
f 5093 5114 5092
f 5124 5086 5122
f 5117 5138 5139
f 4631 4640 4630
f 5166 5168 5167
f 5185 5187 5186
f 5194 5191 5171
f 3245 4118 9027
f 5214 5203 5200
f 3230 3318 3284
f 5237 5217 5238
f 5250 5258 5255
f 5113 5084 5085
f 5270 5269 5268
f 4906 5107 4768
f 5271 5267 5270
f 5276 5262 5263
f 5153 5174 5173
f 5290 5268 5291
f 5306 5303 5304
f 5147 5146 5143
f 4585 4856 4584
f 3226 5436 3225
f 4473 4504 4470
f 5765 8897 8895
f 4529 4247 4530
f 8923 8916 8917
f 5713 5682 5714
f 3315 3898 3322
f 5564 5537 5563
f 4468 4441 5466
f 3738 4163 4165
f 4577 4559 4560
f 5567 3366 3363
f 3587 4150 4151
f 5471 4504 4505
f 5860 5816 5817
f 3516 5558 5932
f 5436 5637 5437
f 5050 5083 5060
f 5547 3338 3339
f 9023 3295 4115
f 5708 4132 5711
f 4104 3814 3815
f 3718 4161 4162
f 5498 5679 5692
f 3884 4432 3883
f 3955 3877 3878
f 4049 4061 3977
f 8892 8875 8890
f 4572 4218 4569
f 4440 4442 4441
f 4497 3407 3408
f 4632 4633 4724
f 8906 8881 8902
f 5664 5670 5663
f 3751 3706 3707
f 3511 3736 3800
f 5129 5116 5117
f 5086 5098 5085
f 5135 5128 5136
f 5143 5145 5144
f 5168 5136 5137
f 5297 5246 5257
f 5164 5160 5162
f 5155 5171 5170
f 5137 5167 5168
f 5293 5307 5305
f 5513 4083 5515
f 4053 3825 4057
f 3228 3298 3227
f 3631 3635 3636
f 5689 5670 5693
f 5759 5883 5882
f 3793 3507 4134
f 4906 4891 4907
f 4719 4901 4720
f 3597 4095 4092
f 3352 4125 3262
f 9064 9058 9067
f 9076 9067 9077
f 9083 8794 9126
f 9131 9096 9089
f 9138 9099 9134
f 9154 9126 9156
f 9077 9052 9049
f 9053 8766 9083
f 9191 9187 9181
f 9082 9046 9193
f 9193 9168 9082
f 1284 1288 1285
f 9150 9132 9131
f 3841 3496 3493
f 3570 3336 4083
f 4027 4312 3258
f 4889 4781 4794
f 4041 4044 4043
f 4885 4813 4829
f 5419 3905 5430
f 4367 4227 4224
f 1778 1780 1779
f 1792 1584 1789
f 4308 3869 4307
f 4594 4762 4551
f 4767 4769 4768
f 5461 3366 3847
f 4763 4716 4720
f 4919 4915 4910
f 4300 4334 4333
f 5196 5198 5197
f 5158 5135 5136
f 5431 5433 5432
f 4545 4571 4544
f 4557 4594 4556
f 695 571 694
f 4156 3626 3694
f 4861 4670 4862
f 5681 5674 5682
f 5473 5580 5583
f 3622 4152 4151
f 5647 3574 3231
f 3674 3808 3649
f 4420 3498 3499
f 5675 5666 5674
f 3253 5439 3280
f 5870 5917 5912
f 8887 8919 8886
f 5862 5913 5915
f 3534 3485 3482
f 3313 4484 3312
f 9090 9046 9047
f 4871 4695 4855
f 3778 3822 3819
f 4889 4874 4875
f 4000 3784 4001
f 4897 4911 4910
f 3856 3838 3839
f 4772 4896 4771
f 4015 4376 4014
f 3433 3476 3435
f 4053 3302 3299
f 3367 3363 4434
f 3242 3831 3241
f 3441 4082 4081
f 4735 4855 4854
f 4756 4737 4689
f 3382 3384 3383
f 3698 3697 3682
f 4676 4678 4677
f 4948 4941 4944
f 4890 4805 4747
f 4757 4745 4737
f 4581 4380 4586
f 5716 5932 5597
f 4923 4926 4932
f 5077 5081 5076
f 5078 5058 5054
f 4009 5400 3952
f 5081 5078 5076
f 3930 4513 4514
f 4014 4028 4029
f 4025 4020 4021
f 3618 4096 3616
f 4581 4576 4580
f 4219 4188 4189
f 5440 3335 3272
f 5449 3323 3322
f 4229 4177 4202
f 4590 4214 4589
f 4227 4184 4226
f 4574 4858 4547
f 4565 5453 4563
f 4592 4588 4589
f 4590 4573 4579
f 3517 5521 3519
f 3845 3522 5423
f 4444 3884 3881
f 3982 5533 5535
f 4465 4497 4495
f 4520 4521 4496
f 4076 5591 5590
f 3635 3666 3634
f 3343 4498 5481
f 4022 3870 3871
f 3661 4098 3660
f 5691 5697 5692
f 3768 5742 5739
f 4514 3956 4518
f 3697 3814 3696
f 4394 5460 4395
f 4054 4057 4058
f 3284 3323 3559
f 4052 4169 4397
f 4447 4510 4446
f 4456 3346 4138
f 4483 3877 4482
f 4482 4512 4492
f 4492 4513 4516
f 5642 5439 5641
f 5448 5442 5440
f 5466 3882 3883
f 3340 4445 3339
f 8908 8910 8911
f 4397 3835 3980
f 5413 3521 5412
f 3234 3932 3233
f 5753 8895 8894
f 8896 5756 5755
f 8921 8889 8888
f 8915 8911 8916
f 3933 3935 3934
f 3620 3657 3623
f 3966 3968 3967
f 4905 4769 4770
f 3225 5437 3254
f 5433 3984 5435
f 5714 5693 5713
f 5435 3985 5436
f 3954 3955 3878
f 4713 4632 4724
f 4879 4632 4705
f 3983 3896 3897
f 9027 3248 3245
f 5871 5912 5904
f 5849 5891 5905
f 4702 4640 4641
f 4213 4579 4389
f 3644 3688 3689
f 9193 9040 9041
f 8920 8935 8919
f 5406 4130 4127
f 4140 5401 4139
f 5659 3904 5660
f 4772 4783 4834
f 4244 4246 4245
f 4061 4037 4038
f 3669 3803 3668
f 3459 3209 3202
f 4072 5484 4071
f 4835 4834 4819
f 5660 5661 5659
f 4262 4264 4263
f 3633 3627 3628
f 3685 3676 3686
f 4517 3235 3304
f 4145 4085 3544
f 5455 5459 3850
f 5638 5640 5641
f 3228 3254 3255
f 4044 3411 3412
f 3614 3612 3613
f 3273 3275 3274
f 4952 4961 4918
f 4959 4960 4963
f 4888 4761 4860
f 4254 4256 4255
f 4199 4201 4200
f 4499 4465 5480
f 5479 4496 4521
f 5952 5954 5955
f 5956 5958 5959
f 5959 5960 5961
f 5962 5964 5965
f 5966 5968 5969
f 5967 5971 5968
f 5963 5961 5960
f 5972 5964 5973
f 5974 5976 5977
f 5978 5980 5981
f 5982 5984 5985
f 5986 5985 5984
f 5988 5990 5991
f 5992 5994 5995
f 5996 5998 5999
f 6000 6002 6003
f 6004 6006 6007
f 6008 6010 6011
f 6012 6014 6015
f 6016 6018 6019
f 6020 6022 6023
f 6024 6026 6027
f 6028 6030 6031
f 6032 6034 6035
f 6036 6038 6039
f 6040 6013 6012
f 6042 6044 6045
f 5992 6047 5993
f 6048 6050 6051
f 6052 6054 6055
f 6056 6058 6059
f 6060 5987 5986
f 6062 6064 6065
f 6066 6068 6069
f 6070 6027 6026
f 6072 6057 6056
f 6075 6077 6074
f 6078 6080 6081
f 6082 6054 6084
f 6085 6081 6086
f 6087 5990 6088
f 6061 6089 5987
f 6089 6091 6092
f 6092 6093 6094
f 6095 5981 6096
f 6062 6084 6063
f 6097 6035 6034
f 6056 6099 6072
f 6100 6102 6103
f 6001 6104 6105
f 6107 6109 6106
f 6110 6112 6113
f 6114 6025 6115
f 6116 6118 6119
f 6120 6122 6123
f 6124 6126 6127
f 6128 6101 6100
f 6039 6131 6036
f 6132 6134 6135
f 6136 6138 6003
f 6139 6141 6142
f 6143 6145 6146
f 6148 6150 6147
f 6152 6154 6151
f 6155 6157 6158
f 6159 6161 6162
f 6163 6165 6166
f 6167 6169 6170
f 6171 6173 6174
f 6175 6104 6177
f 6178 6180 6181
f 6023 6183 6020
f 6184 6186 6187
f 6117 6188 6189
f 6190 6192 6193
f 6194 6026 6114
f 6195 6191 6190
f 6197 6199 6200
f 6201 6203 6204
f 6205 6207 6208
f 6209 6201 6204
f 6197 6211 6212
f 6212 6213 6214
f 5979 6214 6213
f 6203 6217 6204
f 6206 6198 6207
f 6218 5962 6219
f 5965 6219 5962
f 5972 3354 6221
f 6070 6222 6223
f 6224 6226 6227
f 6228 6230 6231
f 6232 6234 6235
f 6196 6236 6237
f 6071 6223 6238
f 6239 6241 6242
f 6243 6245 6246
f 6247 6248 6249
f 6250 6252 6253
f 6254 6256 6257
f 6258 6260 6261
f 6229 6263 6230
f 6264 6242 6241
f 6266 6268 6269
f 6270 6272 6273
f 6274 6276 6277
f 6195 6279 6236
f 6280 6281 6282
f 6283 6285 6286
f 6123 6287 6288
f 6289 6291 6292
f 6293 6243 6295
f 6240 6297 6241
f 6298 6267 6266
f 6300 6302 6303
f 6304 6306 6307
f 6251 6308 6309
f 6247 6311 6312
f 6313 6315 6316
f 6314 6317 6318
f 6319 6320 6321
f 6322 6088 6323
f 6216 6258 6217
f 6325 6327 6328
f 6217 6261 6329
f 6330 6238 6331
f 6071 6048 6027
f 6015 6333 6012
f 6079 6335 6080
f 6336 6240 6239
f 6294 6296 6240
f 6337 6339 6340
f 6341 6343 6344
f 6345 6347 6348
f 6266 6349 6298
f 6350 6352 6353
f 6295 6246 6354
f 6303 6356 6300
f 6357 6359 6360
f 6361 6363 6364
f 6365 6353 6366
f 6367 6369 6370
f 6371 6370 6372
f 6372 6374 6371
f 6375 6373 6376
f 6376 6378 6375
f 6379 6381 6382
f 6383 6385 6386
f 6387 6389 6390
f 6391 6393 6394
f 6395 6397 6398
f 6398 6400 6395
f 6399 6402 6400
f 6403 6401 6404
f 6405 6407 6408
f 6409 6411 6412
f 6367 6413 6414
f 6374 6415 6416
f 6417 6384 6383
f 6419 6348 6347
f 6421 6423 6424
f 6425 6400 6402
f 6426 6395 6400
f 6393 6428 6429
f 6429 6394 6393
f 6390 6431 6432
f 6433 6408 6407
f 6435 6437 6438
f 6439 6411 6438
f 6392 6441 6442
f 6397 6442 6443
f 6401 6444 6445
f 6446 6437 6404
f 6448 6450 6451
f 6452 6454 6455
f 6442 6456 6457
f 6443 6457 6458
f 6444 6460 6461
f 6445 6461 6462
f 6463 6462 6465
f 6446 6462 6464
f 6466 6468 6469
f 6448 6470 6471
f 6453 6472 6473
f 6474 6476 6477
f 6478 6480 6481
f 6482 6484 6485
f 6486 6488 6489
f 6490 6492 6493
f 6493 6494 6495
f 6496 6498 6499
f 6500 6502 6503
f 6504 6506 6507
f 6508 6509 6510
f 6511 6513 6508
f 6499 6515 6496
f 6516 6518 6519
f 6520 6522 6523
f 6524 6525 6526
f 6507 6527 6504
f 6504 6528 6510
f 6528 6508 6510
f 6529 6531 6532
f 6342 6534 6343
f 6535 6346 6536
f 6347 6537 6419
f 6434 6539 6408
f 6539 6405 6408
f 6541 6451 6450
f 6543 6470 6545
f 6546 6481 6547
f 6499 6548 6549
f 6549 6514 6499
f 6551 6553 6554
f 6555 6557 6558
f 6403 6423 6559
f 6426 6413 6416
f 6415 6428 6427
f 6430 6561 6562
f 6434 6420 6419
f 6563 6565 6566
f 6404 6445 6446
f 6459 6399 6398
f 6455 6388 6387
f 6405 6449 6406
f 6540 6450 6405
f 6567 6568 6569
f 6570 6463 6567
f 6475 6490 6465
f 6458 6571 6572
f 6573 6574 6575
f 6576 6578 6579
f 6193 6580 6581
f 6582 6584 6585
f 6583 6586 6587
f 6588 6587 6586
f 6590 6068 6591
f 6592 6594 6319
f 6251 6595 6252
f 6304 6597 6598
f 6272 6599 6273
f 3737 6558 6557
f 6600 6160 6601
f 6123 6603 6120
f 6604 6606 6607
f 6608 6208 6609
f 5972 6220 5965
f 6610 6612 6556
f 6613 6615 6616
f 6242 6618 6239
f 6226 6245 6227
f 6620 6622 6623
f 6624 6146 6625
f 6626 6211 6136
f 6627 6629 6630
f 6631 6633 6634
f 6235 6636 6232
f 6637 6639 6640
f 6641 6286 6642
f 6643 6645 6646
f 6647 6649 6650
f 6244 6294 6336
f 6336 6652 6244
f 6194 6237 6222
f 6196 6114 6191
f 6115 6191 6114
f 6653 6655 6656
f 6657 6189 6658
f 6117 6659 6118
f 6130 6156 6131
f 6133 6151 6134
f 6661 6662 6660
f 6663 6616 6552
f 6664 6273 6665
f 6418 6432 6431
f 6290 6328 6291
f 6666 6556 6612
f 6557 3805 3737
f 5971 6668 5968
f 6181 6670 6178
f 6671 6673 6674
f 6676 6672 6675
f 6675 6149 6676
f 6067 5999 5998
f 6677 6679 6680
f 6681 6683 6684
f 6087 6090 6089
f 5983 6685 6686
f 5982 6687 6685
f 6094 6688 6687
f 6211 6137 6136
f 6689 6691 6692
f 6690 3833 3832
f 6001 6686 6002
f 5978 6215 5979
f 6694 5978 6095
f 5974 6095 6695
f 6183 6696 6697
f 6698 5961 6218
f 5959 6699 5956
f 6697 6700 6701
f 6702 6703 6704
f 5968 6705 5969
f 6706 5955 5954
f 6707 6617 6708
f 6024 6709 6710
f 6402 6559 6425
f 3852 6712 3853
f 3856 6593 3857
f 5977 6694 5974
f 6713 5977 5976
f 6714 6716 6717
f 6718 6308 6250
f 6720 6254 6721
f 6722 6724 6725
f 6312 6726 6727
f 6069 6728 6729
f 6319 6730 6086
f 6731 6644 6732
f 6732 6734 6731
f 6046 6320 6047
f 3880 6666 6735
f 6736 6738 6739
f 6531 6741 6326
f 6300 6614 6613
f 6742 6325 6290
f 6743 3891 3890
f 6744 6301 6745
f 6746 6534 6533
f 6536 6579 6535
f 6535 6563 6537
f 6566 6537 6563
f 6538 6409 6539
f 6412 6539 6409
f 6412 6541 6540
f 6748 6542 6541
f 6749 6545 6542
f 6568 6547 6543
f 6751 6548 6546
f 6753 6550 6549
f 6755 6757 6758
f 6759 6761 6762
f 6763 6765 6762
f 6764 6623 6765
f 6766 6768 6769
f 6770 6772 6773
f 6774 6776 6777
f 6021 6777 6022
f 6723 6779 6724
f 6780 6782 6783
f 6784 6786 6787
f 6788 6790 6791
f 6185 6793 6186
f 6794 6725 6795
f 6729 6098 6097
f 6135 6798 6132
f 6799 6065 6800
f 6037 6802 6038
f 6005 6588 6586
f 6005 6804 6006
f 6052 6010 6805
f 6586 6803 6005
f 6092 5987 6089
f 6094 5985 6092
f 6096 6695 6095
f 6082 6799 6585
f 6657 6041 6659
f 6013 6658 6014
f 6795 6807 6808
f 6809 6811 6812
f 6813 6815 6816
f 6817 6819 6820
f 6821 6823 6824
f 6329 6204 6217
f 6202 6826 6203
f 6072 6827 6828
f 6598 6305 6304
f 6301 6613 6663
f 6830 6271 6270
f 6822 6778 6823
f 6326 6832 6327
f 6203 6833 6216
f 6027 6051 6024
f 6360 6835 6357
f 6836 6838 6839
f 6837 6841 6838
f 6362 6366 6363
f 6380 6384 6381
f 6421 6578 6842
f 6566 6410 6409
f 6394 6388 6391
f 6414 6368 6367
f 6371 6416 6413
f 6561 6378 6382
f 6382 6562 6561
f 6381 6418 6562
f 6389 6430 6431
f 6391 6454 6441
f 6441 6453 6456
f 6456 6473 6574
f 6495 6750 6568
f 6843 6485 6484
f 6844 6843 6846
f 6573 6847 6848
f 6849 6487 6486
f 6513 6752 6469
f 6517 6850 6503
f 6521 6851 6850
f 6844 6852 6853
f 6505 6510 6509
f 6753 6512 6754
f 6516 6521 6517
f 6614 6854 6615
f 6742 4003 3891
f 6708 6855 6856
f 6307 6857 6858
f 6307 6665 6304
f 6414 6425 6559
f 6416 6427 6426
f 6562 6431 6430
f 6419 6538 6434
f 6358 6839 6359
f 6059 6859 6860
f 6861 6863 6864
f 6865 6867 6868
f 6115 6869 6870
f 6871 6873 6874
f 6721 6596 6875
f 6876 6556 6555
f 6877 6552 6551
f 6551 6268 6877
f 6879 6265 6269
f 6239 6651 6336
f 6230 6619 6226
f 6171 6669 6880
f 6106 6882 6881
f 6883 6822 6821
f 6759 6187 6174
f 6725 6785 6807
f 6885 6808 6791
f 6886 6888 6031
f 6701 6756 6755
f 6884 6779 6822
f 6715 6309 6308
f 6889 6890 6891
f 6743 4042 6892
f 6270 6893 6830
f 6386 6895 6383
f 6895 6420 6896
f 6897 6417 6896
f 6897 6407 6898
f 6390 6899 6387
f 6900 6406 6449
f 6455 6901 6452
f 6902 6904 6471
f 6482 6905 6483
f 6501 6907 6502
f 6496 6908 6909
f 6532 6326 6325
f 6532 6743 6529
f 6612 6735 6666
f 6611 6910 6612
f 6626 5979 6213
f 6704 6105 6702
f 6913 6591 6914
f 6915 6795 6885
f 6229 4067 4066
f 6263 6289 6619
f 6745 6663 6877
f 6916 6757 6917
f 6885 6165 6915
f 6920 6783 6919
f 6921 6923 6924
f 6925 6924 6926
f 6927 6929 6930
f 6931 6933 6934
f 6935 6937 6938
f 6939 6941 6942
f 6943 6945 6946
f 6947 6949 6950
f 6944 6951 6952
f 6953 6955 6956
f 6957 6959 6960
f 6961 6929 6963
f 6964 6966 6967
f 6968 6970 6971
f 6969 6955 6970
f 6972 6946 6973
f 6974 6976 6977
f 6978 6980 6981
f 6940 6982 6983
f 6984 6986 6987
f 6988 6990 6991
f 6992 6989 6993
f 6994 6996 6997
f 6998 7000 7001
f 7002 7004 7005
f 7006 7008 7009
f 7010 7012 7013
f 7014 7016 7017
f 7018 6999 6998
f 7020 7022 7023
f 7024 7026 7027
f 7028 7030 7031
f 7032 7034 7035
f 7003 7036 7037
f 7038 7040 7027
f 6993 7030 7041
f 7042 7044 7045
f 7046 7007 7006
f 7011 7048 7049
f 7050 7052 7053
f 7054 7014 7055
f 7015 7056 7057
f 6621 7045 7044
f 7049 6775 6774
f 7051 6021 6020
f 7055 6701 7054
f 7054 6755 7056
f 6764 7047 7046
f 7020 7059 7013
f 7060 7062 7063
f 6958 7065 6959
f 6925 7067 6973
f 7068 6934 6926
f 7069 6991 7070
f 7071 7072 7073
f 7074 7076 7077
f 7078 7080 7081
f 7014 7082 7083
f 7084 7086 7087
f 7025 7031 7026
f 7085 7072 7088
f 7089 7087 7090
f 7055 7083 7091
f 7090 6770 6773
f 7092 7094 7095
f 7091 6697 7055
f 6770 7086 6758
f 7095 6767 6766
f 7096 6980 7097
f 7098 6940 7099
f 7058 7023 7100
f 7101 6930 7102
f 6974 7063 6967
f 7103 6971 7104
f 7105 6981 6977
f 7106 7036 7108
f 7109 7010 7110
f 7111 7018 7034
f 7098 7037 7100
f 7048 7112 6775
f 7113 7041 6997
f 6994 7115 7088
f 6965 6923 6966
f 6975 6945 6976
f 7061 7065 7062
f 6954 6933 6963
f 6763 7109 7047
f 7046 6620 6764
f 6947 7067 6956
f 6758 7056 6755
f 7118 7039 7038
f 7038 7070 7118
f 7106 7121 7122
f 7123 7053 7052
f 7123 7083 7082
f 7045 7006 7042
f 7107 7122 7009
f 7091 7052 7051
f 7091 6020 6183
f 6936 7097 6937
f 7125 6960 7102
f 6774 7050 7049
f 7119 6942 7039
f 7019 7005 6999
f 7011 7124 7012
f 7021 7040 7022
f 7114 7016 7115
f 7053 7049 7050
f 7086 7057 7056
f 6993 7127 6992
f 7075 7113 7076
f 4281 6603 7128
f 6012 7129 6040
f 7130 6584 7131
f 6797 7133 6798
f 6074 7135 6075
f 6789 6173 6790
f 6760 6776 6761
f 7136 6801 6589
f 6914 6674 6913
f 7007 7059 7008
f 7099 7003 7098
f 6984 7104 6938
f 7110 7047 7109
f 6333 6587 7129
f 5956 6667 5971
f 5957 5971 5970
f 7137 6308 6719
f 4292 6718 6250
f 6693 6668 6215
f 6215 6667 6214
f 6214 6699 6212
f 6698 6212 6699
f 6219 6198 6218
f 6207 6220 6208
f 6220 6609 6208
f 6262 4066 4003
f 7138 7140 7141
f 4298 7140 4299
f 7143 7145 7146
f 7147 7144 7149
f 7149 7151 7147
f 7150 7153 7151
f 6329 7154 7152
f 6261 7155 7154
f 7156 7157 7158
f 6598 7159 7160
f 6257 7161 7162
f 6256 4321 7161
f 6693 6706 6705
f 5954 6705 6706
f 5953 5969 5954
f 7163 5983 6912
f 7164 6138 7166
f 7167 7169 7170
f 6141 7172 6142
f 7166 7173 7164
f 6141 7174 7175
f 7176 7178 7179
f 7180 7182 7183
f 7184 7186 7187
f 6631 7183 7188
f 6218 6197 6698
f 6625 7189 6624
f 6814 7190 7191
f 6882 7193 7194
f 7195 6109 6108
f 6888 7198 7199
f 7200 7202 7203
f 7176 6630 7204
f 6029 7187 6030
f 7205 7207 7208
f 7209 7211 7212
f 7203 7213 7214
f 6886 6778 6723
f 6031 7215 6886
f 7216 7218 7219
f 7220 6880 6669
f 6076 7220 7222
f 6074 6672 6671
f 6147 6662 7223
f 7223 6111 6110
f 6810 6113 6112
f 6920 6914 6591
f 6077 6675 6672
f 6660 6076 6661
f 7222 6669 6181
f 7224 6181 6180
f 6660 6150 6675
f 7225 6794 6915
f 6783 7225 6164
f 6781 6068 6067
f 7217 7228 7218
f 6031 7199 6028
f 6887 6723 6722
f 6164 6915 6165
f 6780 6591 6068
f 7134 6671 6914
f 7229 6824 6823
f 7187 7230 7229
f 7226 6722 6794
f 7231 6169 7233
f 7201 7233 7202
f 6107 7235 7200
f 7215 6823 6778
f 6030 7229 7215
f 7236 7219 7179
f 7237 6820 6819
f 7237 7207 7238
f 7239 7241 7242
f 6739 7244 6736
f 7245 7242 7246
f 7233 6168 7247
f 7247 7202 7233
f 7195 7203 7214
f 7248 7250 6703
f 7227 7252 7228
f 7253 5998 7251
f 6067 7198 6781
f 6781 7197 6782
f 5984 6683 5986
f 7254 6678 6684
f 6679 7252 5997
f 6887 7197 6888
f 6782 7226 7225
f 7135 6163 7221
f 7221 6075 7135
f 6661 7222 7224
f 7224 6111 6661
f 6180 6112 7224
f 6179 6810 6180
f 6811 6793 6649
f 6650 6622 6769
f 6766 7044 7095
f 7095 7043 7092
f 7092 7121 7081
f 7078 7255 7033
f 7256 7257 7258
f 6768 7259 6647
f 6773 7094 7090
f 7090 7093 7089
f 7089 7080 7073
f 7071 7032 7260
f 7077 6998 7074
f 6995 7260 6996
f 7077 7261 7035
f 7035 7018 7077
f 7108 7111 7255
f 6978 7262 7001
f 7105 7264 7262
f 7263 6952 7264
f 6990 6951 7265
f 6972 7266 7265
f 7117 6950 7266
f 6948 7267 6949
f 6969 6982 7267
f 7103 6987 6983
f 7005 6986 7268
f 6999 7268 7000
f 7269 7271 7272
f 7274 7275 7273
f 7274 7276 7277
f 7278 7280 7281
f 7282 7284 7285
f 7286 7288 7289
f 7290 7292 7293
f 7294 7296 7293
f 7068 7298 7299
f 7300 7302 7303
f 7304 7305 7306
f 7307 7305 7308
f 7309 7283 7310
f 7311 7313 7314
f 7125 7306 7315
f 7285 7280 7282
f 7277 7303 7302
f 6965 7316 7317
f 7318 7316 7319
f 7320 7271 7314
f 7312 7296 7313
f 7270 7298 7322
f 7311 7322 7317
f 6961 7300 7308
f 7323 7325 7326
f 7327 7328 7329
f 7064 7325 7328
f 7287 7292 7288
f 6931 7299 7301
f 7331 7329 7319
f 7332 7334 7335
f 7336 7338 7339
f 7340 7333 7332
f 7342 7343 7344
f 7345 7347 7344
f 7348 7350 7351
f 7352 7354 7355
f 7356 7358 7359
f 7360 7362 7363
f 7365 7367 7364
f 7368 7370 7371
f 7372 7336 7374
f 7373 7337 7336
f 7367 7376 7377
f 7378 7380 7381
f 7382 7384 7385
f 7386 7385 7384
f 7388 7390 7391
f 7392 7333 7393
f 7394 7396 7397
f 7398 7400 7401
f 7402 7404 7405
f 7406 7408 7409
f 7410 7383 7382
f 7412 7414 7415
f 7385 7417 7382
f 7389 7419 7390
f 7373 7421 7375
f 7420 7372 7422
f 7369 7424 7370
f 7399 7397 7425
f 7393 7341 7342
f 7398 7357 7426
f 7358 7401 7427
f 7428 7430 7431
f 7433 7435 7432
f 7363 7436 7437
f 7383 7439 7384
f 7411 7438 7383
f 7441 7443 7444
f 7445 7339 7447
f 7374 7339 7446
f 7444 7364 7448
f 7448 7450 7449
f 7364 7451 7450
f 7451 7377 7452
f 7449 7454 7453
f 7455 7450 7451
f 7456 7451 7452
f 7410 7458 7459
f 7460 7462 7369
f 7423 7462 7463
f 7464 7466 7467
f 7468 7347 7470
f 7376 7471 7472
f 7425 7396 7473
f 7475 7477 7474
f 7478 7480 7481
f 7482 7407 7406
f 7484 7351 7486
f 7487 7488 7489
f 7490 7492 7493
f 7412 7434 7433
f 7494 7434 7415
f 7496 7391 7497
f 7440 7498 7499
f 7401 7488 7500
f 7485 7345 7501
f 7500 7427 7401
f 7395 7469 7468
f 7503 7505 7506
f 7507 7509 7510
f 7511 7513 7514
f 7511 7515 7516
f 7517 7519 7520
f 7521 7523 7355
f 7352 7525 7526
f 7415 7527 7494
f 7528 7530 7486
f 7404 7502 7500
f 7477 7496 7532
f 7512 7481 7513
f 7405 7500 7488
f 7533 7535 7536
f 7378 7510 7537
f 7532 7379 7538
f 7539 7541 7542
f 7524 7355 7523
f 7351 7501 7348
f 7414 7523 7527
f 7522 7527 7523
f 7544 7412 7545
f 7546 7547 7548
f 7526 7353 7352
f 7550 7355 7354
f 7521 7551 7548
f 7552 7548 7551
f 7546 7553 7554
f 7522 7548 7547
f 7418 7520 7555
f 7416 7554 7417
f 7457 7558 7458
f 7557 7560 7558
f 7535 7561 7562
f 7562 7563 7564
f 7564 7349 7348
f 7351 7565 7486
f 7567 7569 7566
f 7570 7520 7519
f 7419 7555 7571
f 7572 7348 7501
f 7389 7556 7418
f 7573 7493 7480
f 7552 7534 7553
f 7562 7536 7535
f 7572 7576 7574
f 7422 7578 7420
f 7423 7580 7424
f 7579 7463 7581
f 7578 7576 7582
f 7583 7381 7380
f 7586 7581 7585
f 7533 7579 7586
f 7447 7338 7587
f 7588 7531 7589
f 7590 7431 7591
f 7321 7592 7585
f 7275 7463 7273
f 7461 7276 7462
f 7279 7461 7453
f 7453 7593 7279
f 7594 7454 7455
f 7330 7498 7459
f 7459 7294 7330
f 7558 7595 7295
f 7560 7320 7595
f 7275 7585 7581
f 7462 7273 7463
f 7596 7380 7497
f 7597 7406 7409
f 7467 7599 7600
f 7601 7603 7604
f 7605 7444 7443
f 7365 7606 7366
f 7607 7494 7608
f 7513 7473 7396
f 7396 7514 7513
f 7514 7468 7515
f 7470 7515 7468
f 7610 7609 7470
f 7612 7476 7475
f 7613 7529 7614
f 7442 7615 7616
f 7343 7617 7618
f 7574 7577 7536
f 7619 7399 7491
f 7518 7509 7519
f 7491 7425 7492
f 7549 7621 7565
f 7491 7622 7619
f 7377 7440 7452
f 7379 7497 7380
f 7453 7460 7449
f 7411 7459 7498
f 7623 7391 7390
f 7625 7610 7484
f 7487 7483 7626
f 7619 7408 7489
f 7627 7620 7549
f 7538 7378 7537
f 7389 7477 7476
f 7629 7412 7433
f 7489 7407 7487
f 7628 7598 7597
f 7413 7524 7414
f 7592 7559 7630
f 7584 7632 7381
f 7569 7633 7571
f 7570 7566 7569
f 7631 7566 7632
f 7508 7519 7509
f 7614 7480 7613
f 7346 7470 7347
f 7572 7562 7564
f 7571 7634 7419
f 7346 7484 7610
f 7607 7431 7495
f 7585 7630 7586
f 7624 7497 7391
f 7635 7384 7439
f 7636 7502 7588
f 7323 7310 7289
f 7420 7582 7421
f 7637 7455 7456
f 7287 7499 7498
f 7458 7295 7294
f 7439 7472 7635
f 7599 7604 7600
f 7359 7427 7636
f 7436 7639 7437
f 7490 7640 7622
f 7481 7493 7473
f 7641 7505 7525
f 7642 7627 7644
f 7492 7473 7493
f 7517 7625 7530
f 7625 7486 7530
f 7634 7390 7419
f 7474 7532 7516
f 7448 7441 7444
f 7368 7449 7460
f 7615 7368 7371
f 7638 7602 7639
f 7575 7501 7345
f 7571 7570 7569
f 7400 7489 7488
f 7508 7632 7566
f 7503 7540 7539
f 6957 7315 7326
f 7376 7438 7377
f 7507 7381 7632
f 7499 7452 7440
f 7286 7456 7499
f 7504 7644 7505
f 7368 7460 7369
f 7645 7627 7643
f 7647 7633 7646
f 7647 7623 7634
f 7649 7623 7648
f 7650 7624 7649
f 7646 7568 7651
f 7651 7567 7652
f 7653 7567 7631
f 7651 7655 7646
f 7656 7658 7659
f 7660 7657 7661
f 7663 7656 7662
f 7664 7663 7666
f 7667 7663 7662
f 7667 7668 7655
f 7663 7661 7657
f 7670 7672 7669
f 7661 7671 7660
f 7659 7662 7656
f 7648 7668 7659
f 7648 7673 7649
f 7659 7674 7673
f 7658 7675 7674
f 7668 7646 7655
f 7660 7676 7675
f 7675 7678 7674
f 7677 7676 7679
f 7677 7681 7678
f 7682 7678 7681
f 7677 7684 7680
f 7673 7678 7683
f 7683 7649 7673
f 7685 7671 7670
f 7667 7686 7666
f 7666 7687 7664
f 7654 7686 7655
f 7689 7686 7688
f 7664 7691 7690
f 7650 7583 7596
f 7693 7631 7584
f 7584 7692 7693
f 7693 7682 7694
f 7694 7681 7695
f 7694 7653 7693
f 7650 7682 7692
f 7696 7652 7653
f 7654 7652 7697
f 7688 7697 7698
f 7699 7697 7696
f 7700 7698 7699
f 7695 7696 7694
f 7699 7702 7700
f 7689 7698 7701
f 7689 7703 7704
f 7705 7707 7703
f 7701 7705 7703
f 7704 7707 7685
f 7685 7691 7704
f 7687 7704 7691
f 7680 7695 7681
f 7684 7702 7680
f 7702 7705 7700
f 7684 7707 7706
f 7676 7707 7679
f 7665 7672 7661
f 7670 7690 7691
f 7665 7690 7669
f 7611 7474 7609
f 7510 7479 7478
f 7511 7537 7512
f 7516 7538 7511
f 7517 7613 7518
f 7537 7478 7512
f 7611 7612 7475
f 7613 7479 7518
f 7556 7517 7520
f 7516 7609 7474
f 7708 7710 7711
f 7712 7714 7715
f 7713 7717 7714
f 7719 7721 7718
f 7722 7597 7409
f 7724 7715 7725
f 7726 7728 7729
f 7731 7573 7730
f 7730 7614 7732
f 7733 7735 7736
f 7721 7724 7737
f 7731 7409 7640
f 7708 7729 7738
f 7737 7709 7739
f 7716 7736 7740
f 7742 7744 7745
f 7740 7735 7746
f 7717 7740 7747
f 7716 7720 7741
f 7748 7711 7710
f 7750 7710 7725
f 7720 7751 7741
f 7734 7728 7735
f 7709 7725 7710
f 7752 7715 7714
f 7739 7708 7738
f 7720 7712 7721
f 7749 7755 7711
f 7745 7756 7747
f 7746 7742 7745
f 7743 7755 7754
f 7727 7735 7728
f 7747 7757 7717
f 7753 7725 7715
f 7751 7620 7733
f 7757 7714 7717
f 7718 7737 7732
f 7747 7746 7745
f 7727 7755 7742
f 7726 7711 7755
f 7759 7756 7758
f 7759 7752 7757
f 7760 7753 7752
f 7761 7750 7753
f 7758 7744 7763
f 7763 7743 7764
f 7754 7764 7743
f 7763 7767 7758
f 7768 7770 7771
f 7772 7771 7773
f 7775 7772 7774
f 7776 7775 7778
f 7779 7775 7774
f 7775 7769 7768
f 7770 7781 7780
f 7782 7772 7773
f 7760 7782 7773
f 7760 7783 7761
f 7773 7784 7783
f 7770 7784 7771
f 7779 7782 7767
f 7782 7758 7767
f 7785 7780 7786
f 7785 7788 7784
f 7787 7786 7789
f 7787 7791 7788
f 7792 7788 7791
f 7787 7794 7790
f 7793 7784 7788
f 7762 7783 7793
f 7796 7780 7795
f 7795 7781 7797
f 7779 7798 7778
f 7799 7778 7798
f 7766 7798 7767
f 7800 7799 7798
f 7802 7799 7803
f 7795 7802 7803
f 7762 7748 7750
f 7805 7754 7749
f 7749 7804 7805
f 7805 7792 7806
f 7806 7791 7807
f 7806 7765 7805
f 7793 7804 7762
f 7808 7764 7765
f 7766 7764 7809
f 7766 7810 7800
f 7811 7809 7808
f 7812 7810 7811
f 7807 7808 7806
f 7811 7814 7812
f 7813 7800 7810
f 7801 7815 7816
f 7817 7819 7815
f 7813 7817 7815
f 7816 7819 7796
f 7796 7803 7816
f 7799 7816 7803
f 7790 7807 7791
f 7794 7814 7790
f 7814 7817 7812
f 7794 7819 7818
f 7786 7819 7789
f 7777 7781 7769
f 7777 7802 7797
f 7528 7718 7529
f 7729 7723 7722
f 7738 7730 7739
f 7732 7739 7730
f 7733 7628 7734
f 7722 7738 7729
f 7621 7719 7528
f 7628 7723 7734
f 7733 7741 7751
f 7732 7529 7718
f 7486 7621 7528
f 7549 7350 7353
f 7353 7349 7354
f 7354 7563 7550
f 7821 7823 7820
f 7824 7826 7827
f 7825 7829 7826
f 7830 7832 7833
f 7834 7827 7835
f 7836 7838 7839
f 7840 7406 7841
f 7841 7598 7842
f 7843 7845 7846
f 7833 7834 7847
f 7848 7836 7839
f 7847 7821 7849
f 7828 7846 7850
f 7853 7855 7852
f 7850 7845 7856
f 7829 7850 7857
f 7828 7832 7851
f 7858 7823 7822
f 7860 7822 7835
f 7831 7851 7832
f 7844 7838 7845
f 7834 7822 7821
f 7863 7827 7826
f 7849 7820 7848
f 7825 7833 7832
f 7859 7866 7823
f 7855 7867 7857
f 7837 7855 7856
f 7865 7852 7866
f 7837 7845 7838
f 7857 7868 7829
f 7864 7835 7827
f 7843 7642 7504
f 7868 7826 7829
f 7830 7847 7842
f 7857 7856 7855
f 7837 7866 7852
f 7836 7823 7866
f 7870 7867 7869
f 7870 7863 7868
f 7871 7864 7863
f 7872 7860 7864
f 7869 7854 7874
f 7874 7853 7875
f 7876 7853 7865
f 7874 7878 7869
f 7879 7881 7882
f 7883 7882 7884
f 7886 7883 7885
f 7887 7886 7889
f 7890 7886 7885
f 7886 7880 7879
f 7891 7880 7892
f 7884 7885 7883
f 7871 7893 7884
f 7871 7894 7872
f 7884 7895 7894
f 7882 7896 7895
f 7890 7893 7878
f 7893 7869 7878
f 7881 7897 7896
f 7898 7895 7896
f 7900 7896 7897
f 7901 7899 7898
f 7904 7902 7903
f 7898 7905 7901
f 7894 7899 7904
f 7904 7872 7894
f 7907 7891 7906
f 7906 7892 7908
f 7890 7909 7889
f 7910 7889 7909
f 7877 7909 7878
f 7912 7909 7911
f 7887 7914 7913
f 7906 7913 7914
f 7873 7858 7860
f 7916 7865 7859
f 7859 7915 7916
f 7916 7903 7917
f 7917 7902 7918
f 7917 7876 7916
f 7873 7903 7915
f 7919 7875 7876
f 7877 7875 7920
f 7911 7920 7921
f 7922 7920 7919
f 7923 7921 7922
f 7918 7919 7917
f 7922 7925 7923
f 7924 7911 7921
f 7912 7926 7927
f 7928 7930 7926
f 7924 7928 7926
f 7927 7930 7907
f 7907 7914 7927
f 7910 7927 7914
f 7901 7918 7902
f 7905 7925 7901
f 7925 7928 7923
f 7905 7930 7929
f 7897 7930 7900
f 7888 7892 7880
f 7888 7913 7908
f 7645 7831 7830
f 7839 7862 7931
f 7841 7848 7840
f 7842 7849 7841
f 7504 7844 7843
f 7839 7840 7848
f 7643 7861 7831
f 7503 7862 7844
f 7846 7861 7843
f 7842 7645 7830
f 7932 7934 7935
f 7936 7938 7939
f 7937 7941 7938
f 7942 7944 7945
f 7947 7949 7946
f 7950 7939 7951
f 7953 7955 7952
f 7956 7958 7959
f 7956 7540 7960
f 7962 7964 7961
f 7936 7965 7945
f 7946 7958 7957
f 7966 7952 7955
f 7965 7933 7967
f 7968 7969 7964
f 7970 7972 7973
f 7974 7964 7963
f 7941 7968 7975
f 7940 7944 7969
f 7976 7935 7934
f 7978 7934 7951
f 7943 7969 7944
f 7947 7963 7962
f 7933 7951 7934
f 7980 7939 7938
f 7967 7932 7966
f 7937 7945 7944
f 7977 7983 7935
f 7973 7984 7975
f 7953 7973 7974
f 7982 7970 7983
f 7974 7954 7953
f 7975 7985 7941
f 7981 7951 7939
f 7961 7544 7545
f 7985 7938 7941
f 7942 7965 7960
f 7975 7974 7973
f 7952 7970 7953
f 7952 7935 7983
f 7987 7984 7986
f 7987 7980 7985
f 7988 7981 7980
f 7989 7978 7981
f 7986 7972 7991
f 7991 7971 7992
f 7993 7971 7982
f 7986 7994 7995
f 7997 7999 7996
f 8000 7999 8001
f 8003 8000 8002
f 8005 8006 8004
f 8007 8003 8002
f 7996 8005 7997
f 7998 8009 8008
f 8010 8000 8001
f 7988 8010 8001
f 7988 8011 7989
f 8011 7999 8012
f 7998 8012 7999
f 8007 8010 7995
f 8010 7986 7995
f 8013 8008 8014
f 8015 8012 8013
f 8017 8013 8014
f 8018 8016 8015
f 8021 8019 8020
f 8015 8022 8018
f 8011 8016 8021
f 8021 7989 8011
f 8023 8014 8008
f 8023 8009 8025
f 8007 8026 8006
f 8026 8004 8006
f 8028 7995 7994
f 8029 8026 8028
f 8030 8027 8031
f 8023 8030 8031
f 7990 7976 7978
f 8033 7982 7977
f 7976 8033 7977
f 8034 8032 8020
f 8035 8020 8019
f 8034 7993 8033
f 7990 8020 8032
f 8036 7992 7993
f 7991 8037 7994
f 7994 8038 8028
f 8039 8037 8036
f 8040 8038 8039
f 8035 8036 8034
f 8039 8042 8040
f 8041 8028 8038
f 8029 8043 8044
f 8045 8047 8043
f 8041 8045 8043
f 8044 8047 8024
f 8024 8031 8044
f 8027 8044 8031
f 8042 8019 8018
f 8022 8042 8018
f 8042 8045 8040
f 8017 8046 8022
f 8014 8047 8017
f 8005 8009 7997
f 8005 8030 8025
f 7506 7943 7942
f 7954 7946 7955
f 7967 7957 7956
f 7960 7967 7956
f 7948 7962 8048
f 7955 7957 7966
f 7641 7979 7943
f 7969 7961 7964
f 7960 7506 7942
f 7362 8050 7436
f 8052 7464 8051
f 8051 7467 8053
f 8054 7600 7604
f 8056 7618 8052
f 7436 8057 7638
f 8049 7361 8056
f 8057 7603 7638
f 8055 7467 7600
f 8058 7604 7603
f 8059 8058 8057
f 8060 8054 8058
f 8061 8055 8054
f 8062 8053 8055
f 8059 8050 8064
f 8064 8049 8065
f 8056 8065 8049
f 8059 8067 8068
f 8069 8071 8072
f 8073 8072 8074
f 8075 8073 8076
f 8077 8075 8076
f 8075 8070 8069
f 8079 8081 8070
f 8082 8070 8081
f 8083 8073 8074
f 8061 8083 8074
f 8061 8084 8062
f 8074 8085 8084
f 8072 8086 8085
f 8077 8083 8068
f 8083 8059 8068
f 8071 8087 8086
f 8088 8085 8086
f 8090 8086 8087
f 8091 8089 8088
f 8094 8092 8093
f 8088 8095 8091
f 8084 8089 8094
f 8094 8062 8084
f 8097 8082 8096
f 8096 8081 8080
f 8077 8098 8078
f 8099 8078 8098
f 8101 8068 8067
f 8102 8098 8101
f 8100 8104 8103
f 8096 8103 8104
f 8075 8100 8079
f 8079 8103 8080
f 8105 8053 8063
f 8066 8052 8106
f 8051 8106 8052
f 8107 8105 8093
f 8108 8093 8092
f 8107 8066 8106
f 8063 8093 8105
f 8109 8065 8066
f 8064 8110 8067
f 8067 8111 8101
f 8112 8110 8109
f 8113 8111 8112
f 8108 8109 8107
f 8112 8115 8113
f 8114 8101 8111
f 8102 8116 8117
f 8118 8120 8116
f 8114 8118 8116
f 8117 8120 8097
f 8097 8104 8117
f 8099 8117 8104
f 8091 8108 8092
f 8095 8115 8091
f 8115 8118 8113
f 8095 8120 8119
f 8087 8120 8090
f 7550 7561 7551
f 7552 7561 7535
f 7931 7539 7542
f 7640 7408 7622
f 7549 7644 7627
f 7525 7544 7641
f 7931 7482 7840
f 7483 7542 7541
f 7626 7405 7487
f 7629 7432 8121
f 7629 7949 7948
f 8122 7949 8121
f 8123 8121 7432
f 8124 7432 7435
f 7434 8125 7435
f 8125 8124 7435
f 8124 7429 8126
f 8123 8126 8127
f 8122 8127 8128
f 7541 7959 8128
f 7404 8129 7531
f 8125 7431 7430
f 7526 7505 7644
f 7626 7541 8128
f 7959 8122 8128
f 7961 8048 7962
f 7629 8048 7545
f 8127 7626 8128
f 7402 8126 7403
f 8129 8126 7429
f 7428 8129 7429
f 7589 7428 7590
f 7471 7366 7606
f 7334 7426 7357
f 7335 7357 7356
f 7616 7446 7445
f 7392 7398 7426
f 7393 7397 7392
f 7342 7394 7393
f 7344 7469 7342
f 7343 7361 7360
f 7360 7344 7343
f 7363 7345 7360
f 7437 7575 7363
f 7582 7437 7639
f 7421 7639 7602
f 7375 7602 7601
f 7599 7375 7601
f 7465 7618 7617
f 7332 7587 7340
f 7447 7335 7445
f 7445 7356 7616
f 7359 7616 7356
f 7636 7442 7359
f 7588 7443 7636
f 7589 7605 7588
f 7590 7606 7589
f 7471 7591 7472
f 7446 7371 7374
f 7371 7372 7374
f 7422 7370 7424
f 7577 7424 7580
f 7536 7580 7533
f 7591 7635 7472
f 7607 7386 7635
f 7543 7494 7527
f 7547 7543 7522
f 7608 7387 7386
f 7387 7416 7385
f 7457 7382 7417
f 7557 7417 7554
f 7559 7554 7553
f 7630 7553 7534
f 7534 7586 7630
f 7466 7337 7599
f 7465 7338 7466
f 7617 7587 7465
f 7341 7617 7343
f 8130 6090 8131
f 6023 8132 8133
f 6182 8133 6784
f 6623 6792 6185
f 6787 6182 6784
f 8134 6696 6787
f 6917 6756 8135
f 6762 7112 6763
f 6762 6184 6759
f 6765 6185 6184
f 6650 6768 6647
f 6772 6916 7259
f 6777 6789 6788
f 6022 6788 8132
f 6756 8134 8135
f 6758 6771 6770
f 6761 6775 7112
f 6769 6621 6766
f 6772 6767 6773
f 6174 6760 6759
f 6187 6178 6670
f 6811 6648 6812
f 6786 6724 6779
f 6791 6918 6885
f 6186 6179 6178
f 6808 8133 8132
f 6884 8135 8134
f 6174 6670 6171
f 6807 6784 8133
f 6791 8132 6788
f 6786 8134 6787
f 6790 6172 6918
f 6649 6792 6650
f 6316 8136 6717
f 8137 6654 8138
f 8139 6601 6160
f 6656 6580 6870
f 6868 8142 6865
f 6316 6711 6313
f 6864 8144 6861
f 6864 8145 6860
f 6868 6869 6710
f 6656 6866 6653
f 8146 8148 8149
f 8139 8151 6640
f 8152 6866 6865
f 8154 8138 6654
f 6874 8156 8157
f 8158 8159 6805
f 8160 6865 8142
f 8161 6313 6711
f 6161 8162 8163
f 8164 6654 6653
f 8153 6653 6866
f 8165 8167 8168
f 8166 8169 8167
f 5989 8170 8169
f 5988 8171 8170
f 8172 6043 6042
f 8174 6032 6035
f 8174 6098 8176
f 8176 6796 8177
f 8177 8178 8179
f 7132 6728 7133
f 6589 8180 7136
f 8180 6004 8181
f 8181 6007 8182
f 6334 6731 6734
f 6079 6645 6731
f 6078 6646 6645
f 6085 8184 6646
f 6091 8185 6093
f 6086 8183 6085
f 6950 7118 7070
f 6952 6992 7127
f 6983 6968 7103
f 6987 7004 7099
f 7001 6979 6978
f 7001 7074 6998
f 7262 7075 7074
f 7264 7127 7075
f 7265 6943 6972
f 7265 6991 6990
f 7266 7070 6991
f 6949 7119 7118
f 7267 6939 7119
f 6983 7099 6940
f 7268 6985 8186
f 7000 8186 6979
f 6938 6985 6984
f 6946 6922 6921
f 6956 6948 6947
f 6971 6928 6927
f 6970 6954 6928
f 6973 6921 6925
f 6977 7263 7105
f 6981 7061 7060
f 6973 7117 6972
f 7097 6979 8186
f 7104 6927 7101
f 6977 7060 6974
f 6976 6944 7263
f 6956 7066 6953
f 6937 8186 6985
f 6938 7101 6935
f 6924 7116 7297
f 6926 7297 7068
f 6930 6962 7304
f 6934 6953 7066
f 6960 6936 6935
f 6963 6928 6954
f 6967 6975 6974
f 7063 7327 7331
f 6959 7096 6936
f 6926 7066 6925
f 7102 7304 7125
f 6967 7331 6964
f 6966 6922 6975
f 7062 7064 7327
f 6963 6932 6961
f 7102 6935 7101
f 7299 7269 8187
f 7301 6932 6931
f 7306 7285 7284
f 7308 6962 6961
f 7315 7284 7309
f 7317 7312 7311
f 7319 6964 7331
f 7322 7297 7116
f 7317 7116 6965
f 7308 7303 7307
f 7326 6958 6957
f 7329 7291 7290
f 7328 7324 7291
f 7301 8187 7302
f 7319 7290 7318
f 7326 7309 7323
f 7272 7321 7275
f 7272 8187 7269
f 7274 7302 8187
f 7281 7307 7303
f 7283 7593 7594
f 7289 7324 7323
f 7293 7330 7294
f 7293 7318 7290
f 7310 7594 7637
f 7314 7595 7320
f 7282 7279 7593
f 7278 7277 7276
f 7314 7270 7311
f 7313 7295 7595
f 7288 7291 7324
f 7289 7637 7286
f 6003 6626 6136
f 6003 7165 6000
f 6690 8189 6691
f 6686 5981 5980
f 6685 6096 5981
f 6687 6806 6096
f 6002 5980 6626
f 6606 5351 5350
f 7164 8190 8191
f 8192 7174 8193
f 6015 8153 8152
f 6189 8155 8154
f 8157 6284 6283
f 6332 8152 8160
f 6593 6317 8161
f 6658 8154 8164
f 6014 8164 8153
f 6332 7131 6333
f 6805 6321 6052
f 6146 8162 6625
f 6607 8195 6604
f 8196 6125 8197
f 8198 7168 8199
f 8199 6633 8200
f 7177 8201 7178
f 8202 8204 8205
f 7208 7185 7205
f 7237 7186 7208
f 6819 7230 7237
f 6818 6824 6819
f 8206 6821 6818
f 8207 8135 8208
f 6917 8209 6916
f 8209 7259 6916
f 8210 6647 7259
f 6812 8212 7258
f 6809 7258 7257
f 6809 8213 6113
f 6113 8214 6110
f 7235 6110 8214
f 7223 7234 6147
f 6147 8215 6148
f 6148 8216 6153
f 8218 6158 8217
f 8219 6116 6119
f 6284 6116 6285
f 6188 8156 8155
f 8155 6873 8138
f 8138 6872 8137
f 8137 8148 6581
f 6193 6281 6190
f 6190 6278 6195
f 8220 8222 8223
f 8224 7139 7138
f 6223 8226 8227
f 6237 8228 8229
f 6238 8227 8230
f 6249 8231 8232
f 6253 8233 8234
f 6236 8221 8228
f 6331 8230 8235
f 6252 8236 8233
f 6222 8229 8226
f 6828 8237 8238
f 6280 8240 8241
f 8208 6883 8206
f 6648 8211 8212
f 6143 8242 8243
f 6624 8244 8242
f 8245 8247 8248
f 8249 8251 8252
f 7195 8254 7196
f 7214 8253 7195
f 8256 7214 7213
f 7243 8257 7244
f 7210 8257 7211
f 8259 6102 8260
f 8261 6121 8262
f 8178 8263 8179
f 7132 8264 8263
f 6797 8265 8264
f 6135 8266 8265
f 6134 8267 8266
f 6151 8268 8267
f 6154 8270 8268
f 8269 8272 8270
f 7194 8273 8274
f 7193 8275 8273
f 8249 8260 8276
f 8248 8278 8245
f 6129 8279 8280
f 7169 8197 6125
f 8198 8192 8197
f 7171 7175 7173
f 6589 7129 6587
f 6801 6040 7129
f 6037 6041 6040
f 6036 6659 6041
f 6131 6118 6659
f 6156 6119 6118
f 8218 6119 6155
f 8219 6815 6642
f 7191 6641 6814
f 8246 7189 7191
f 8245 8281 8282
f 8280 6288 6287
f 6125 7170 7169
f 6288 6602 6123
f 6126 6604 8195
f 8196 6605 6604
f 7174 6691 8189
f 6691 6139 6692
f 7171 8283 7172
f 7172 8284 6142
f 6139 8284 6692
f 8285 8287 8288
f 8211 8289 8286
f 8290 8292 8289
f 8293 8291 8290
f 8293 8208 8295
f 8296 8298 8295
f 6818 8296 8206
f 8285 7258 8212
f 7243 7212 7211
f 7243 8300 8299
f 8301 6739 6738
f 8302 7213 7247
f 8303 7247 6168
f 8304 6168 6167
f 6738 8297 8301
f 8288 6167 6170
f 8304 8291 8305
f 8305 8294 6737
f 6737 8306 8305
f 6736 8307 8306
f 8243 8308 8309
f 8242 8282 8308
f 8247 7191 7190
f 7196 8251 7192
f 8253 8311 8254
f 8255 8310 8253
f 8313 8255 8256
f 7244 8313 8307
f 8313 8258 8312
f 8312 8314 8310
f 8315 8310 8314
f 8311 8316 8252
f 8282 8317 8308
f 8308 8261 8309
f 8309 8262 8318
f 8248 8275 8276
f 8282 8246 8245
f 8307 8256 8302
f 8306 8302 8303
f 8305 8303 8304
f 8298 6737 8294
f 8287 8304 6167
f 7253 7199 7198
f 8319 6028 7199
f 8320 6029 6028
f 8321 7184 6029
f 8322 7185 7184
f 8203 7205 7185
f 8202 7206 7205
f 7239 7210 7209
f 7251 8319 7253
f 7227 8320 8319
f 7217 8321 8320
f 7216 8322 8321
f 7236 8203 8322
f 6175 8200 7204
f 7165 8191 6177
f 6137 7166 6138
f 6200 8283 6137
f 6199 8284 8283
f 8284 6205 6692
f 6205 6689 6692
f 6689 5485 3833
f 7009 8323 7107
f 7013 7021 7020
f 7017 7029 7028
f 7013 7110 7010
f 7073 7084 7089
f 7081 7093 7092
f 7082 7028 7025
f 7088 6995 6994
f 7088 7057 7085
f 7122 7043 7042
f 7124 7024 7126
f 7082 7024 7123
f 7009 7042 7006
f 7012 7126 7021
f 7115 7015 7057
f 7008 7058 8323
f 7081 7120 7078
f 7073 7079 7071
f 6997 7076 7113
f 7023 6942 6941
f 7027 7069 7038
f 7031 6989 6988
f 7079 7033 7032
f 7037 7107 8323
f 7027 7126 7024
f 7041 7029 7114
f 7026 6988 7069
f 7100 6941 7098
f 7108 7002 7019
f 7100 8323 7058
f 6997 7114 6994
f 7022 7039 6942
f 7111 7033 7255
f 7035 7260 7032
f 7261 6996 7260
f 7108 7120 7106
f 7245 8258 7210
f 7246 8314 7245
f 7181 8316 7182
f 8277 6129 8278
f 8278 8280 8281
f 6287 8281 8280
f 6122 8317 6287
f 5487 6144 5488
f 5489 6162 5490
f 6637 8325 8326
f 8326 8225 8224
f 5494 8225 5495
f 6160 8150 8139
f 5496 8151 5497
f 8163 6162 6161
f 6146 8327 8163
f 8243 6144 6143
f 8328 8309 8318
f 8318 5501 5500
f 8262 5502 5501
f 8329 8331 8332
f 8333 8335 8336
f 8338 6007 8337
f 8329 8339 8340
f 8341 6734 8330
f 6006 8337 6007
f 8342 6804 6800
f 6065 8339 8343
f 5995 8341 8340
f 6918 6166 6165
f 7221 6166 6880
f 6172 6880 6166
f 8344 5955 6713
f 5519 5975 5520
f 6806 8346 6695
f 6646 8347 6643
f 8165 8349 6323
f 6322 8131 6090
f 8345 6688 8351
f 6695 5975 5974
f 5976 5528 6713
f 5529 8131 5530
f 6643 8352 8168
f 8183 5532 8184
f 5534 8130 5529
f 6730 5533 8183
f 8351 6093 8185
f 5535 6594 3856
f 8353 6652 6651
f 8354 8355 8356
f 8357 6825 6202
f 8359 6202 6201
f 6224 8356 8360
f 6275 8362 6276
f 6201 7143 8359
f 7146 8359 7143
f 8357 8363 8364
f 8355 8366 8367
f 8361 8368 8362
f 8356 8367 8369
f 8370 8372 7142
f 8220 7145 8374
f 6275 6228 6231
f 5558 6228 6274
f 8375 8367 8366
f 8362 8376 8377
f 8378 8380 8381
f 8363 8382 8383
f 8384 8381 8385
f 8382 8386 8385
f 8383 8364 8363
f 6226 6231 6230
f 6231 8361 6275
f 6636 8389 8379
f 6635 8388 6636
f 8390 5576 5575
f 8379 6232 6636
f 8378 6233 6232
f 8384 8371 6233
f 8372 8393 7141
f 7138 8239 8224
f 8224 8394 8326
f 8146 8394 6282
f 6638 8326 8394
f 6340 6299 6298
f 6747 6577 6576
f 6344 6346 6345
f 6342 6355 6303
f 6353 6349 6297
f 6337 6369 8395
f 6360 6328 6327
f 6358 6386 6385
f 6364 6293 6295
f 6362 6376 6373
f 6366 6297 6296
f 6350 6372 6370
f 6533 6303 6302
f 6534 6346 6343
f 6744 6533 6302
f 6536 6747 6576
f 6357 6894 6386
f 6341 6832 6355
f 6839 6292 6291
f 6837 6380 6379
f 6838 6354 6292
f 6361 6377 6376
f 6363 6296 6293
f 6365 6373 6372
f 6359 6291 6328
f 6836 6385 6380
f 6481 6902 6544
f 6484 6501 6500
f 6477 6487 6474
f 6849 6492 6491
f 6494 6467 6466
f 6547 6544 6543
f 6750 6546 6547
f 6494 6751 6750
f 6843 6500 6846
f 6845 6575 6843
f 6489 6847 6853
f 6474 6491 6490
f 6483 6906 6501
f 6493 6465 6490
f 6471 6544 6902
f 6472 6485 6473
f 6476 6461 6460
f 6470 6542 6545
f 6570 6569 6749
f 6495 6463 6493
f 6475 6462 6461
f 6572 6477 6476
f 6574 6457 6456
f 6569 6543 6545
f 6575 6473 6485
f 6471 6901 6448
f 6469 6508 6513
f 6498 6479 6478
f 6503 6518 6517
f 6489 6505 6486
f 6467 6509 6468
f 6546 6498 6478
f 6549 6752 6753
f 6752 6466 6469
f 6503 6846 6500
f 6850 6844 6846
f 6507 6852 6525
f 6486 6509 6849
f 6502 6909 6518
f 6858 6664 6307
f 8396 6611 6610
f 6833 6324 6216
f 8399 6825 8400
f 6831 8401 8402
f 6707 6826 8399
f 8398 6890 6324
f 6858 8404 6554
f 8405 6610 6876
f 6830 6553 8401
f 8397 6911 6611
f 8400 8358 8365
f 8358 8364 8406
f 8406 8387 8407
f 8389 8380 8379
f 8389 8409 8377
f 8388 8410 8409
f 5575 8410 8390
f 6665 8411 6875
f 8412 6720 6721
f 8413 5601 6720
f 8411 8413 8412
f 6262 6290 6263
f 5602 8414 5604
f 6599 3735 5605
f 7141 7142 8372
f 8393 8241 8240
f 8227 7147 7151
f 8229 8374 7148
f 8230 7151 7153
f 8232 8415 8416
f 8234 8417 8418
f 8221 8374 8228
f 8235 7153 8419
f 8233 8420 8417
f 8226 7148 7147
f 8238 8421 8422
f 7141 8240 7138
f 6581 6655 8137
f 6640 8140 8139
f 6710 8141 6868
f 6717 6712 6316
f 6860 8143 6864
f 6870 6867 6656
f 6717 6726 6714
f 6870 6192 6115
f 6860 6050 6059
f 6710 6025 6024
f 6639 6871 8140
f 6640 8324 6637
f 6581 8147 6193
f 5615 6234 8370
f 7144 8374 7145
f 7144 6210 7149
f 7150 6210 6209
f 7152 6209 6329
f 7152 8419 7153
f 7154 8421 8419
f 7158 8415 8422
f 7160 8420 8416
f 7162 8418 8417
f 7161 5616 8418
f 8370 6233 8371
f 8373 7146 7145
f 8392 8386 8223
f 8391 8372 8371
f 5617 6713 5528
f 5973 3355 5972
f 8345 5619 8346
f 3880 6910 5621
f 8351 5620 8345
f 8346 5520 5975
f 5621 6911 5623
f 5622 8185 5534
f 8150 5497 8151
f 8423 8425 8426
f 8427 6519 8428
f 8429 8431 8432
f 6523 8433 6526
f 8434 8436 8437
f 8438 8434 8439
f 8438 6511 6528
f 8441 8424 8423
f 8427 8430 8429
f 8444 8445 8446
f 8447 8424 8448
f 8449 8444 8450
f 8451 8430 8452
f 8453 8454 8455
f 8456 8437 8453
f 8439 8456 8457
f 8448 8442 8458
f 8452 8443 8449
f 8425 8459 8446
f 8460 8462 8463
f 8464 8466 8467
f 8468 8470 8471
f 8472 8474 8475
f 8476 8478 8479
f 8480 8482 8483
f 8484 8486 8487
f 8485 8489 8486
f 8490 8481 8480
f 8492 8494 8495
f 8495 8496 8497
f 8498 8500 8501
f 8502 8500 8503
f 8504 8506 8507
f 8508 8510 8511
f 8513 8511 8512
f 8507 8514 8515
f 8516 8518 8519
f 8520 8516 8521
f 8522 8524 8525
f 8526 8522 8525
f 8528 8530 8531
f 8532 8529 8533
f 8534 8536 8537
f 8538 8534 8537
f 8464 8481 8465
f 8483 8541 8480
f 8542 8484 8467
f 8487 8540 8483
f 8488 8542 8544
f 8545 8486 8489
f 8481 8466 8465
f 8547 8489 8490
f 8548 8493 8471
f 8549 8502 8492
f 8551 8494 8548
f 8497 8552 8495
f 8469 8499 8470
f 8547 8497 8498
f 8469 8503 8500
f 8501 8550 8545
f 8460 8507 8461
f 8552 8506 8505
f 8554 8510 8463
f 8549 8505 8509
f 8554 8512 8511
f 8513 8550 8508
f 8461 8515 8462
f 8557 8513 8514
f 8558 8519 8479
f 8559 8527 8518
f 8521 8558 8561
f 8553 8517 8520
f 8477 8524 8478
f 8520 8557 8553
f 8476 8525 8477
f 8527 8556 8522
f 8563 8528 8475
f 8564 8531 8565
f 8533 8563 8566
f 8562 8530 8532
f 8473 8536 8474
f 8559 8532 8535
f 8472 8537 8473
f 8560 8539 8564
f 8463 8555 8554
f 8544 8467 8466
f 8470 8548 8471
f 8475 8566 8563
f 8479 8561 8558
f 8484 8483 8482
f 8490 8488 8491
f 8503 8492 8502
f 8498 8496 8499
f 8504 8509 8505
f 8515 8513 8512
f 8519 8527 8526
f 8521 8523 8520
f 8528 8539 8538
f 8533 8535 8532
f 8467 8482 8464
f 8487 8546 8543
f 8544 8491 8488
f 8480 8547 8490
f 8493 8468 8471
f 8495 8549 8492
f 8551 8499 8496
f 8501 8547 8498
f 8460 8510 8504
f 8508 8549 8509
f 8555 8515 8512
f 8506 8557 8514
f 8519 8476 8479
f 8517 8559 8518
f 8561 8524 8521
f 8522 8557 8523
f 8475 8538 8472
f 8567 8531 8530
f 8566 8536 8533
f 8560 8535 8534
f 8442 8568 8569
f 6512 8568 6754
f 8570 8571 8572
f 8426 6514 8423
f 8428 8443 8427
f 6522 8432 6523
f 8437 8433 8454
f 6524 8435 6527
f 6528 8435 8438
f 8423 6550 8441
f 8429 6516 8427
f 6515 8445 6908
f 8441 6754 8568
f 8570 8569 8568
f 8440 6512 6511
f 8569 8458 8442
f 8574 8572 8571
f 8572 8573 8569
f 8453 8577 8456
f 8576 8455 8578
f 8452 8580 8451
f 8573 8582 8458
f 8575 8581 8573
f 8584 8575 8574
f 8571 8457 8574
f 8439 8440 8438
f 8585 8587 8588
f 8587 8590 8588
f 8589 8592 8590
f 8591 8594 8592
f 8593 8596 8594
f 8595 8598 8596
f 8599 8586 8585
f 8601 8600 8599
f 8603 8602 8601
f 8605 8598 8597
f 8607 8604 8603
f 8609 8608 8607
f 8611 8610 8609
f 8606 8612 8611
f 8613 8589 8587
f 8614 8591 8589
f 8615 8593 8591
f 8616 8595 8593
f 8617 8597 8595
f 8619 8617 8616
f 8620 8618 8617
f 8620 8623 8621
f 8624 8626 8627
f 8626 8622 8627
f 8620 8628 8622
f 8622 8629 8627
f 8627 8630 8624
f 8632 8634 8631
f 8636 8633 8635
f 8637 8636 8635
f 8639 8632 8640
f 8633 8641 8635
f 8635 8642 8637
f 8642 8644 8637
f 8645 8637 8644
f 8586 8613 8587
f 8600 8646 8586
f 8616 8648 8619
f 8615 8649 8648
f 8613 8649 8614
f 8651 8613 8646
f 8647 8651 8646
f 8652 8654 8651
f 8602 8647 8600
f 8655 8652 8647
f 8656 8653 8652
f 8653 8659 8654
f 8658 8661 8659
f 8644 8663 8645
f 8664 8662 8665
f 8661 8666 8659
f 8666 8654 8659
f 8667 8651 8654
f 8668 8597 8618
f 8669 8618 8621
f 8670 8621 8623
f 8671 8623 8626
f 8671 8625 8672
f 8625 8673 8672
f 8636 8675 8634
f 8638 8674 8636
f 8645 8676 8638
f 8645 8678 8677
f 8679 8660 8658
f 8657 8658 8653
f 8583 8648 8649
f 8650 8583 8649
f 8667 8581 8650
f 8666 8582 8667
f 8664 8681 8666
f 8682 8665 8683
f 8684 8643 8642
f 8684 8641 8579
f 8639 8579 8641
f 8580 8640 8578
f 8629 8576 8630
f 8604 8655 8602
f 8608 8686 8604
f 8610 8687 8608
f 8612 8688 8610
f 8605 8689 8612
f 8690 8668 8669
f 8691 8689 8690
f 8692 8688 8691
f 8693 8687 8692
f 8656 8686 8693
f 8694 8669 8670
f 8695 8690 8694
f 8696 8691 8695
f 8697 8692 8696
f 8657 8693 8697
f 8697 8679 8657
f 8696 8698 8697
f 8696 8700 8699
f 8694 8700 8695
f 8670 8701 8694
f 8702 8671 8672
f 8701 8703 8700
f 8703 8699 8700
f 8699 8705 8698
f 8698 8680 8679
f 8672 8706 8702
f 8675 8707 8708
f 8674 8709 8707
f 8709 8677 8710
f 8677 8711 8710
f 8712 8710 8711
f 8702 8714 8703
f 8713 8714 8715
f 8707 8716 8717
f 8717 8713 8715
f 8710 8716 8709
f 8708 8717 8715
f 8546 8599 8543
f 8546 8603 8601
f 8550 8603 8545
f 8556 8607 8550
f 8560 8609 8556
f 8564 8611 8560
f 8565 8606 8564
f 8565 8596 8598
f 8567 8594 8596
f 8562 8592 8594
f 8553 8590 8592
f 8590 8541 8588
f 8540 8588 8541
f 8543 8585 8540
f 8684 8450 8685
f 8579 8449 8684
f 8682 8448 8681
f 8447 8683 8459
f 8681 8458 8582
f 8628 8619 8718
f 8584 8619 8648
f 8628 8577 8629
f 8457 8577 8718
f 8574 8718 8584
f 7134 6919 7135
f 6164 6919 6783
f 5485 6609 5921
f 3832 8188 6690
f 5921 6221 3354
f 5922 7128 6607
f 6439 8720 6440
f 8720 6570 6749
f 6570 8721 6464
f 6439 8721 8719
f 6727 6057 6312
f 6312 6073 6247
f 6828 6073 6072
f 6877 6267 6745
f 6745 6299 6744
f 6891 6305 6889
f 6338 6746 6339
f 6438 6410 6435
f 6412 6440 6748
f 6564 6424 6565
f 6842 6577 8395
f 6889 6829 7156
f 6579 6564 6563
f 6435 6565 6424
f 8722 6306 6891
f 8723 6058 6727
f 6269 6878 6879
f 7160 6829 6598
f 8724 8143 8725
f 8238 6248 6828
f 6339 6744 6299
f 8395 6338 6337
f 6879 8404 8726
f 8422 8231 8238
f 8725 6859 8723
f 8416 7157 7160
f 6059 6049 6056
f 6330 6049 6048
f 7156 6259 6889
f 6269 6264 6266
f 6297 6264 6241
f 6340 6351 6337
f 6368 8395 6369
f 6422 6559 6423
f 6436 6404 6437
f 6447 6438 6437
f 6424 6436 6435
f 6331 6099 6330
f 6422 6842 6368
f 8722 6856 8726
f 8141 6862 8142
f 6265 6617 6242
f 6324 6259 6258
f 7158 6260 7156
f 6709 6863 8141
f 8235 6827 6331
f 6298 6352 6340
f 6370 6351 6350
f 6891 8403 8722
f 8419 8237 8235
f 6051 8145 6709
f 8422 7155 7158
f 8721 6446 6464
f 6748 8720 6749
f 8727 6011 8194
f 8158 8144 8724
f 6009 6861 8144
f 6008 6862 6861
f 8142 8727 8160
f 6554 6893 6858
f 6833 6708 8398
f 6708 8403 8398
f 5623 6892 4042
f 8406 8365 8358
f 8407 8366 8406
f 8377 8408 8389
f 8397 6530 6529
f 6651 8400 8353
f 8402 6616 6615
f 6618 8399 6651
f 6554 6878 6551
f 8396 6854 6530
f 8401 6552 6616
f 6892 6529 6743
f 8353 8365 8355
f 8377 6276 8362
f 8409 6277 6276
f 8410 5932 6277
f 8726 6857 8722
f 8726 6855 6879
f 7234 6106 8215
f 8279 6127 6288
f 8354 6227 6652
f 6246 6619 6289
f 8239 6282 8394
f 8162 6286 6625
f 6292 6246 6289
f 6382 6377 6379
f 6392 6396 6393
f 6396 6427 6428
f 6398 6443 6459
f 6459 6458 6460
f 6525 6523 6526
f 6558 6271 6555
f 6429 6560 6561
f 6460 6572 6476
f 6272 3736 3735
f 7128 6602 8195
f 6227 6244 6652
f 7180 6634 6103
f 6642 6285 8219
f 6356 6740 6614
f 6816 8218 8217
f 6820 8301 6817
f 6355 6741 6356
f 6344 6834 6341
f 6364 6840 6361
f 6375 6560 6415
f 6848 6488 6477
f 6853 6506 6489
f 6530 6740 6531
f 8140 6874 6601
f 6555 6831 6876
f 8215 6881 8216
f 6348 6894 6345
f 6383 6896 6417
f 6433 6896 6420
f 6432 6898 6390
f 6406 6898 6407
f 6900 6387 6899
f 6900 6448 6901
f 6472 6903 6482
f 6480 6903 6902
f 6497 6906 6479
f 6908 6518 6909
f 4280 6120 6603
f 6100 7170 6128
f 6632 7188 8201
f 7235 7201 7200
f 7206 7212 7207
f 8213 7232 7231
f 8214 7231 7201
f 6108 7200 7203
f 7238 8300 6820
f 7207 8299 7238
f 8205 7240 8202
f 6170 7232 7256
f 6638 8149 6639
f 6601 8157 6600
f 6600 6283 8162
f 8392 8222 8393
f 6278 8241 6279
f 6816 8274 6813
f 6642 6814 6641
f 6128 6124 8279
f 8195 6127 6126
f 8212 8286 8285
f 8292 8286 8289
f 8290 8210 8209
f 8207 8290 8209
f 8294 8295 8298
f 8206 8295 8208
f 6817 8297 8296
f 8288 7256 8285
f 7209 7240 7239
f 6225 8360 8361
f 8369 8360 8356
f 8375 8368 8369
f 8381 8387 8383
f 8385 8383 8382
f 8385 8391 8384
f 8147 6282 6281
f 6345 6835 6344
f 6327 6834 6360
f 6295 6841 6364
f 6379 6840 6837
f 6853 6845 6844
f 6479 6905 6480
f 6848 6571 6573
f 6452 6904 6472
f 6525 6851 6520
f 6496 6907 6497
f 8402 6876 6831
f 8408 8387 8380
f 6279 8222 8221
f 6872 8149 8148
f 8223 8373 8220
f 6526 8436 6524
f 8446 8426 8425
f 8455 8431 8451
f 8446 8450 8444
f 8454 8432 8431
f 6908 8428 6519
f 8578 8451 8580
f 8632 8625 8624
f 8640 8624 8630
f 8660 8662 8661
f 8662 8643 8665
f 8675 8631 8634
f 8680 8663 8660
f 8683 8643 8685
f 8578 8630 8576
f 8673 8708 8706
f 8678 8705 8711
f 8711 8704 8712
f 8706 8715 8714
f 8703 8712 8704
f 8459 8685 8450
f 8407 8376 8375
f 6615 8405 8402
f 5993 6335 5994
f 6060 6018 5991
f 5993 6081 6080
f 6105 6176 6702
f 6177 6000 7165
f 6309 6310 6251
f 8725 6314 8724
f 8724 6318 8158
f 6321 6053 6052
f 6249 6310 6247
f 6596 6257 6597
f 8188 6605 8189
f 5986 6682 6060
f 6714 6311 6309
f 6047 6086 6081
f 6875 6304 6665
f 6001 6912 5983
f 7162 6597 6257
f 7254 6912 6704
f 6684 7163 7254
f 8723 6315 8725
f 6592 6318 6317
f 8332 8171 8728
f 6607 5350 5922
f 8191 8198 8199
f 8197 8193 8196
f 8159 6319 6321
f 8232 6595 6249
f 8192 7173 7175
f 8189 8193 7174
f 6177 8199 6175
f 6733 8330 6734
f 8340 8330 8329
f 8341 6335 6334
f 8412 6875 8411
f 8414 6273 6599
f 8416 8236 8232
f 6727 8136 8723
f 8417 7159 7162
f 6277 5558 6274
f 5935 6635 6235
f 5991 6061 6060
f 6019 6682 6681
f 5999 6033 5996
f 6045 6677 6680
f 6055 6083 7130
f 5995 6063 5992
f 6084 6053 6046
f 6088 5989 8166
f 6063 6046 5992
f 6066 6034 5999
f 6103 7181 7180
f 6673 6133 6132
f 6149 6153 6152
f 6323 8166 8165
f 6585 6083 6082
f 6630 6702 6176
f 6634 7168 7167
f 6676 6152 6133
f 6703 6628 7248
f 6796 6728 8178
f 6069 6097 6066
f 6132 6674 6673
f 6803 6800 6804
f 6011 6055 7130
f 6799 6582 6585
f 7194 6881 6882
f 7131 6583 6333
f 6798 6913 6674
f 7179 8204 7236
f 7183 7246 7242
f 7188 7242 7241
f 6109 7192 6882
f 7204 6176 6175
f 7219 6628 6627
f 7218 7248 6628
f 7179 6627 7176
f 7250 6704 6703
f 7228 7249 7248
f 6678 7249 6679
f 5997 7251 5998
f 8168 6644 6643
f 8167 6732 6644
f 8169 6733 6732
f 8170 8331 6733
f 8336 8173 8172
f 8182 8175 8174
f 8182 8176 8181
f 8181 8177 8180
f 8180 8179 7136
f 7133 6590 6913
f 7130 8194 6011
f 8200 6632 7177
f 7178 8205 8204
f 8269 6153 8216
f 8254 8252 8251
f 8260 6101 8277
f 8179 6802 7136
f 8263 6038 6802
f 8264 6039 6038
f 8265 6130 6039
f 8266 6157 6130
f 8267 6158 6157
f 8268 8217 6158
f 8270 6816 8217
f 6813 8273 7190
f 8273 8247 7190
f 8276 8277 8248
f 7192 8250 7193
f 8252 8259 8249
f 8276 8250 8249
f 7204 7177 7176
f 7182 8315 7246
f 8343 8334 8333
f 8333 8342 8343
f 8343 6800 6065
f 8340 6064 5995
f 6323 8350 6322
f 8168 8348 8165
f 8349 5936 8350
f 8352 5938 8348
f 6103 7167 6100
f 8271 8216 6881
f 8201 7241 8205
f 8274 8271 7194
f 5991 6017 5988
f 8728 6017 6016
f 5997 6680 6679
f 5996 6045 6680
f 6033 6042 6045
f 6042 8175 8172
f 8172 8338 8336
f 8336 8337 8333
f 6684 6677 6681
f 6681 6044 6019
f 6019 6043 6016
f 6016 8173 8728
f 8728 8335 8332
f 8332 8334 8329
f 8194 8160 8727
f 6805 6009 8158
f 5940 7137 6719
f 8324 5942 8325
f 8325 5495 8225
f 6253 4292 6250
f 7137 5944 6715
f 8348 5937 8349
f 8350 5530 8131
f 5624 6159 5489
f 6718 5940 6719
f 8327 5490 6162
f 8347 5939 8352
f 5933 6121 6120
f 8184 5946 8347
f 7142 5615 8370
f 6145 5945 8327
f 8234 5943 6253
f 8328 5488 6144
f 8318 5948 8328
f 7139 4299 7140
f 8418 5947 8234
f 5604 6599 5605
f 5949 6712 6716
f 5944 6716 6715
f 6720 5950 6255
f 6255 4322 6256
f 5614 6235 6234
f 6711 5951 8161
f 8161 3857 6593
f 5973 2965 3013
f 2965 5963 222
f 222 5960 223
f 223 5958 3186
f 5958 3185 3186
f 5957 2977 3185
f 5970 1213 2977
f 5967 1214 1213
f 2532 5966 5953
f 2894 5953 5952
f 2871 5952 8344
f 5510 5721 5509
f 5822 5824 5823
f 3511 3844 3735
f 3887 3889 3888
f 3876 3878 3877
f 3356 3911 3909
f 3372 3390 3391
f 3849 3851 3850
f 3481 3867 3866
f 3873 3385 3382
f 3875 3450 3452
f 3915 3865 3862
f 3657 3671 3656
f 5618 3013 2152
f 1997 1889 1892
f 1237 744 855
f 1535 120 121
f 1531 201 214
f 1119 1032 984
f 946 824 947
f 163 5 162
f 9041 9175 9193
f 1155 1162 1164
f 427 327 424
f 553 796 498
f 8732 2231 2237
f 8732 2230 2232
f 2237 3180 8732
f 8734 8736 8733
f 8735 8738 8736
f 8737 8740 8738
f 8739 8742 8740
f 8743 8745 8746
f 8746 8747 8748
f 8749 8748 8747
f 8751 8750 8749
f 8754 8756 8753
f 8757 8755 8754
f 8759 8758 8757
f 8761 8760 8759
f 8763 8762 8761
f 8766 8749 8765
f 8765 8747 8767
f 8767 8745 8768
f 8768 8744 8769
f 8744 8771 8769
f 8770 8772 8771
f 8741 8773 8772
f 8739 8774 8773
f 8737 8775 8774
f 8735 8776 8775
f 8776 8777 3184
f 2904 8779 2947
f 8780 2904 2902
f 8781 2902 2876
f 2875 8781 2876
f 8783 2733 2736
f 2825 8786 2824
f 8788 8790 8787
f 8792 8787 8791
f 2724 8785 2825
f 8787 3115 3117
f 8791 3117 3119
f 8794 8765 8793
f 8793 8767 8795
f 8795 8768 8796
f 8796 8769 8797
f 8797 8771 8798
f 8771 8799 8798
f 8772 8800 8799
f 8773 8801 8800
f 8774 8802 8801
f 8775 8803 8802
f 8776 3056 8803
f 8802 2253 2252
f 8801 2252 1727
f 8800 1727 2150
f 8799 2150 1941
f 8804 8799 1941
f 8805 8798 8804
f 8806 8797 8805
f 8807 8796 8806
f 8793 8807 8808
f 8794 8808 8809
f 8810 8809 8808
f 8808 8806 8810
f 8810 8805 8812
f 8813 8810 8812
f 8812 8804 8814
f 8815 8812 8814
f 8814 1941 1360
f 8755 8752 8756
f 8758 8750 8755
f 8760 8748 8758
f 8762 8746 8760
f 8816 8764 8763
f 8818 8820 8817
f 8816 8782 8784
f 8821 8817 8816
f 8789 8783 8786
f 8818 8789 8788
f 8819 8788 8792
f 8822 8819 8823
f 8823 8792 8824
f 8824 8791 2712
f 2712 3119 3128
f 8826 8823 8825
f 8825 8824 8827
f 8827 2712 2711
f 8828 2711 2400
f 8829 8827 8828
f 8830 8825 8829
f 8743 8764 8831
f 8817 8831 8764
f 8770 8743 8831
f 8741 8831 8742
f 8820 8742 8831
f 8740 8822 8826
f 8738 8826 8830
f 8736 8830 8832
f 8833 2400 2402
f 8834 8828 8833
f 8832 8829 8834
f 8835 2402 2707
f 3058 2707 2708
f 3061 8835 3058
f 8836 8833 8835
f 8733 8832 8837
f 8837 8834 8836
f 8777 8733 8838
f 8838 8837 1962
f 8837 3061 1962
f 1961 8838 1962
f 3057 8777 8838
f 8779 8753 8839
f 8778 8754 8779
f 8780 8757 8778
f 8781 8759 8780
f 8782 8761 8781
f 8821 8784 8783
f 8785 8789 8786
f 2723 8790 8785
f 2875 8784 8782
f 2736 8786 8783
f 2947 8839 8944
f 8815 1360 8941
f 1900 1924 1901
f 1736 1718 1750
f 1955 1943 1956
f 1671 1735 1751
f 1696 1698 1692
f 1800 1864 1801
f 2063 2056 2060
f 1737 1717 1736
f 1751 1697 1695
f 943 9351 684
f 9108 8753 9057
f 1577 1764 1703
f 9369 1599 9375
f 1945 82 1944
f 68 7 248
f 147 1543 148
f 1109 1133 1102
f 1503 1907 1908
f 1499 1909 1498
f 452 735 215
f 1824 9287 9297
f 1825 2068 1824
f 1463 1022 1194
f 841 1009 1011
f 1568 1955 1534
f 1926 1927 1923
f 1910 1502 1939
f 1939 422 442
f 309 1940 308
f 1804 1866 1803
f 269 1954 56
f 2065 2060 2056
f 9264 1758 9287
f 280 552 1940
f 1875 1869 1874
f 1739 1734 1737
f 5923 5899 5924
f 1778 1790 1788
f 310 1915 279
f 1909 1906 1954
f 1789 1778 1788
f 978 980 979
f 1584 1731 1583
f 425 311 312
f 148 115 116
f 2044 9346 2046
f 277 1939 551
f 1943 1945 1944
f 1461 1463 1464
f 2253 3056 3055
f 2981 8927 958
f 2209 8927 3055
f 2254 3055 8927
f 2998 958 8927
f 2826 2721 2724
f 8928 2721 2817
f 2816 8928 2817
f 2334 2296 2335
f 2298 2334 2336
f 2301 2336 2338
f 2311 2338 2354
f 2312 2354 2355
f 2359 2361 2360
f 2335 2359 2360
f 2414 2365 2364
f 2413 2361 2365
f 2355 2540 2541
f 2541 2539 2542
f 2722 2739 2738
f 3114 2738 3113
f 3110 3121 3120
f 3108 3120 3113
f 3122 3127 3126
f 3112 3126 3121
f 3127 1753 3135
f 3139 2529 2542
f 9196 3133 3139
f 8928 2740 2739
f 8929 2789 8928
f 228 91 88
f 245 243 242
f 248 247 191
f 2 296 295
f 145 300 267
f 327 210 328
f 329 331 330
f 250 228 236
f 239 240 230
f 373 375 374
f 178 176 175
f 1218 1228 1321
f 9314 1295 9306
f 808 824 823
f 9310 1013 1014
f 9265 1411 1413
f 2154 2159 2160
f 9297 1758 1757
f 306 1922 452
f 2157 1976 1977
f 708 2031 1474
f 1450 1227 1428
f 1672 1605 1624
f 1813 1821 1816
f 1717 1715 1718
f 176 402 347
f 1710 9368 9367
f 1712 1577 1711
f 1705 1711 1704
f 3435 3475 3434
f 971 979 970
f 822 1094 1102
f 2909 2793 2792
f 2810 2795 2793
f 2799 2249 2800
f 9114 2910 2799
f 2769 2801 2795
f 3177 3178 3179
f 3178 3180 3179
f 3181 1393 2800
f 3181 1632 3182
f 3182 2244 3183
f 3183 2243 3180
f 8932 2790 8929
f 2808 8929 2816
f 2239 9016 2240
f 1149 9015 9014
f 1150 9011 9015
f 2202 9010 2015
f 2921 9009 2923
f 9012 2133 2928
f 1777 1759 1792
f 1201 1183 1184
f 9005 2195 2194
f 8997 2770 2768
f 9379 1687 1692
f 1516 154 503
f 8993 2974 2803
f 8994 2779 2778
f 2771 9019 8990
f 3070 8990 9002
f 8991 2775 2867
f 1376 1370 1372
f 2767 9000 2206
f 2195 8987 2767
f 2775 8986 2776
f 8344 8989 2871
f 9256 8983 2806
f 2776 8982 2805
f 2240 8979 2920
f 2920 9121 9071
f 8992 2786 2779
f 1805 1851 1804
f 8978 2787 2786
f 2951 8984 8975
f 2772 8975 9019
f 2973 8974 8980
f 2224 8981 8974
f 1957 320 510
f 306 304 303
f 2770 8972 2913
f 2913 9018 2239
f 2923 8971 2922
f 308 431 47
f 207 132 543
f 1879 1881 1880
f 9185 8969 2089
f 2475 9002 8968
f 2476 8968 8967
f 2223 8967 8981
f 8966 2803 2802
f 2037 11 1950
f 1959 450 505
f 2003 8964 2129
f 9 334 540
f 2009 8962 9011
f 2008 8980 8962
f 9329 673 9331
f 8959 2778 2784
f 2935 8957 2936
f 111 9014 8955
f 3238 3341 3237
f 8954 2935 2938
f 683 9337 943
f 8952 2810 2909
f 736 732 729
f 1795 1803 1796
f 8949 2938 2939
f 8951 2939 2940
f 2950 8948 2949
f 2940 8948 8951
f 9253 8956 2950
f 2868 8946 2869
f 2869 8966 2802
f 1024 1023 1020
f 8944 2948 2947
f 551 442 443
f 2972 9012 2928
f 2032 8943 2972
f 216 1924 1923
f 3532 3482 3533
f 203 201 200
f 3539 3541 3540
f 1828 1847 1837
f 1958 449 450
f 272 178 175
f 2871 8939 1361
f 9071 9008 2921
f 2801 9095 9114
f 2005 9106 2176
f 960 899 962
f 9109 9064 9076
f 9232 9098 3151
f 3151 9045 2555
f 2193 9075 2194
f 9059 3145 3144
f 9055 2761 3145
f 9044 3144 3104
f 2926 9086 3103
f 9086 3104 3103
f 9207 9198 9205
f 566 9210 2005
f 8839 1864 8944
f 1602 2079 2078
f 2868 9063 2922
f 2922 9062 2923
f 2923 9070 2921
f 9122 2918 9066
f 9071 9066 2920
f 2921 9122 9071
f 2920 9038 2240
f 9065 2915 2918
f 2917 9074 9093
f 2916 9093 9094
f 2239 9104 2913
f 2911 9104 2757
f 9095 2911 2910
f 2797 9114 9043
f 2797 9050 2750
f 9074 2763 2765
f 9060 2764 2745
f 2194 9100 2221
f 2221 9101 2222
f 2756 9061 2755
f 2750 9061 2747
f 9121 1817 9279
f 9215 1691 1699
f 2515 9042 2548
f 2548 9045 2550
f 2513 9084 9068
f 2513 9073 2515
f 2509 9072 2289
f 2510 9085 2509
f 2289 9091 2283
f 2283 9069 2286
f 2240 9039 2239
f 9111 9076 9078
f 716 9339 9340
f 727 9213 1923
f 2165 2170 2164
f 9112 9078 9081
f 9195 9030 9209
f 2175 769 770
f 2100 2095 2099
f 9210 9209 9030
f 640 9012 1826
f 1653 8997 1651
f 1895 8974 746
f 746 8981 741
f 1653 8972 9020
f 9214 1604 1672
f 2093 2073 2078
f 959 995 884
f 962 919 986
f 1400 1398 1399
f 1000 1127 1004
f 956 884 885
f 1662 8994 1661
f 2034 8990 1654
f 9378 8983 9254
f 8979 766 1817
f 9016 765 766
f 334 9015 335
f 1868 8984 1656
f 1684 1652 1678
f 1682 775 1807
f 1585 9214 1700
f 9215 1672 1673
f 2173 490 491
f 1658 8991 1752
f 9000 1650 724
f 1571 2010 1572
f 1587 9123 2080
f 2099 2077 2094
f 787 1999 786
f 2000 786 1999
f 3155 9149 9135
f 9165 9135 9241
f 2180 9137 9136
f 8940 9136 9157
f 1684 9292 1651
f 1760 8939 8989
f 2607 9145 2590
f 2581 9141 2607
f 2371 9152 9147
f 2371 9145 2372
f 2587 9127 2586
f 2586 9149 339
f 2497 9139 2503
f 2502 9139 9152
f 2494 9142 2495
f 9142 2472 2495
f 9140 2468 2472
f 9153 2469 2468
f 726 9344 630
f 581 8962 580
f 10 9014 334
f 1837 8954 1849
f 741 8967 1300
f 1299 9002 2034
f 1851 8948 1866
f 8971 1820 1819
f 580 8980 1895
f 1758 8966 8946
f 1693 8952 1806
f 8948 1867 1866
f 1894 9012 8943
f 2126 9265 9293
f 9358 9293 9364
f 2113 9319 2110
f 2179 9241 9137
f 624 9356 623
f 2192 9240 9232
f 2177 9239 9185
f 1364 9285 1338
f 9310 1470 1453
f 3135 9227 9196
f 2069 9287 2068
f 1351 9305 1352
f 2108 9353 499
f 2089 9188 9185
f 9280 1358 866
f 2001 9235 2187
f 2187 9171 2091
f 2130 9204 2004
f 2004 9201 2001
f 2014 9231 2201
f 2201 9208 2130
f 3167 9211 2969
f 3168 9172 3167
f 3159 9216 3160
f 3160 9217 3081
f 9182 3158 337
f 3158 9161 3159
f 2200 9182 9174
f 9137 9194 2204
f 9174 2197 2200
f 9242 2092 9173
f 9226 9173 2197
f 3154 9242 9226
f 3155 9158 3154
f 2091 9173 2092
f 2196 9202 9228
f 2193 9228 9233
f 9056 9233 9240
f 2086 9232 9230
f 2087 9230 9229
f 2204 9203 2205
f 2205 9202 3148
f 9361 574 692
f 2124 9229 9212
f 2208 9212 9234
f 9163 3140 3137
f 9237 3138 3140
f 9197 3139 3138
f 9223 3136 2322
f 9164 3137 3136
f 9227 3131 3133
f 9219 3132 3131
f 1813 9290 1814
f 1293 9308 1344
f 2184 9200 9184
f 2181 9184 9186
f 9217 3079 3081
f 9220 3080 3079
f 709 9327 2031
f 2774 9189 9221
f 9238 2134 9003
f 9261 766 765
f 2968 9218 2959
f 2969 9236 2968
f 2958 9189 2961
f 2132 9218 2960
f 2321 9223 9200
f 9312 1449 28
f 9357 582 710
f 9338 577 574
f 9299 1818 9279
f 705 9339 2121
f 9268 9359 698
f 2111 9363 2113
f 9262 1366 1411
f 1812 9274 1815
f 675 9304 674
f 8940 9303 675
f 2110 9320 2109
f 2104 9353 2106
f 2109 9351 944
f 9294 703 739
f 1680 9298 1684
f 1639 9271 9270
f 623 9358 697
f 2139 9318 9317
f 1808 9296 9289
f 9272 1819 1820
f 9324 9352 706
f 1646 9282 1648
f 9341 633 577
f 2139 9327 18
f 2156 9323 9326
f 674 9365 9321
f 2117 9264 2069
f 1815 9299 9275
f 9307 1444 1470
f 697 9364 9268
f 866 9288 9280
f 9316 2136 2135
f 9037 9178 9041
f 9035 9183 9037
f 9205 9190 9191
f 9192 9033 9195
f 1088 9198 1093
f 9191 9195 9205
f 2791 8933 2792
f 8932 2807 8933
f 2792 8934 2909
f 8933 2806 8934
f 8952 8934 8960
f 8960 2806 8983
f 2948 9243 9253
f 2105 9348 2104
f 8982 9256 2805
f 680 9328 683
f 1891 9362 9343
f 2905 9253 2950
f 2900 9251 2905
f 2901 9259 2877
f 2734 9258 9246
f 2877 9258 2878
f 2820 9246 2872
f 2818 9244 2827
f 2823 9244 2826
f 2822 9250 2821
f 2819 9252 9250
f 2817 9247 2816
f 2809 9247 2815
f 2808 9255 2807
f 2805 9255 2804
f 1702 9375 1599
f 9374 1797 1802
f 9367 1706 1709
f 9370 1692 1698
f 1657 9332 1879
f 1890 9347 9362
f 9224 1674 1675
f 1689 9224 9225
f 9378 8982 1688
f 8960 1689 9225
f 9369 1703 1764
f 1598 9380 1770
f 9332 1876 1879
f 1691 9377 9379
f 9377 1688 1687
f 1117 1118 9382
f 1066 1322 9382
f 1243 847 9382
f 9277 848 9382
f 1128 1117 9382
f 1129 1130 9382
f 841 1011 9382
f 1230 9315 9382
f 1242 1243 9382
f 1322 1229 9382
f 1064 1065 9382
f 1003 1128 9382
f 1229 1230 9382
f 9315 1285 9382
f 1285 1288 9382
f 848 839 9382
f 847 9277 9382
f 1118 1129 9382
f 1065 1066 9382
f 1087 1086 9382
f 1008 1002 9382
f 1011 1008 9382
f 1002 1003 9382
f 1076 1069 9382
f 838 841 9382
f 839 838 9382
f 1288 1242 9382
f 1130 1087 9382
f 1086 1076 9382
f 1069 1064 9382
f 2410 2414 9383
f 2411 2410 9383
f 9069 2285 9383
f 2394 2393 9383
f 2393 2396 9383
f 2281 2286 9383
f 2282 2280 9383
f 2398 2399 9383
f 2465 2464 9383
f 2396 2397 9383
f 2470 2469 9383
f 2399 2416 9383
f 2480 2395 9383
f 2459 2480 9383
f 2369 2282 9383
f 2460 2459 9383
f 2415 2411 9383
f 2416 2415 9383
f 2364 2363 9383
f 2286 9069 9383
f 2464 2470 9383
f 2469 9155 9383
f 2285 2465 9383
f 2414 2364 9383
f 2395 2394 9383
f 2363 2367 9383
f 2397 2398 9383
f 2280 2281 9383
f 9155 2460 9383
f 2367 2369 9383
f 9386 9389 9390
f 9386 9391 9387
f 9384 9389 9385
f 9390 9395 9391
f 9389 9392 9393
f 9389 9394 9390
f 9394 9399 9395
f 9393 9396 9397
f 9394 9397 9398
f 9399 9402 9403
f 9396 9401 9397
f 9397 9402 9398
f 9402 9407 9403
f 9401 9404 9405
f 9402 9405 9406
f 9407 9410 9411
f 9405 9408 9409
f 9405 9410 9406
f 9411 9414 9415
f 9409 9412 9413
f 9410 9413 9414
f 9414 9419 9415
f 9412 9417 9413
f 9413 9418 9414
f 9418 9423 9419
f 9417 9420 9421
f 9418 9421 9422
f 9422 9427 9423
f 9420 9425 9421
f 9421 9426 9422
f 9426 9431 9427
f 9425 9428 9429
f 9426 9429 9430
f 9431 9434 9435
f 9428 9433 9429
f 9429 9434 9430
f 9434 9439 9435
f 9433 9436 9437
f 9434 9437 9438
f 9439 9442 9443
f 9436 9441 9437
f 9437 9442 9438
f 9443 9446 9447
f 9441 9444 9445
f 9442 9445 9446
f 9447 9450 9451
f 9444 9449 9445
f 9445 9450 9446
f 9450 9455 9451
f 9449 9452 9453
f 9450 9453 9454
f 9454 9459 9455
f 9452 9457 9453
f 9453 9458 9454
f 9458 9463 9459
f 9457 9460 9461
f 9458 9461 9462
f 9463 9466 9467
f 9460 9465 9461
f 9461 9466 9462
f 9466 9471 9467
f 9465 9468 9469
f 9466 9469 9470
f 9471 9474 9475
f 9468 9473 9469
f 9469 9474 9470
f 9475 9478 9479
f 9473 9476 9477
f 9474 9477 9478
f 9479 9482 9483
f 9476 9481 9477
f 9477 9482 9478
f 9483 9486 9487
f 9481 9484 9485
f 9482 9485 9486
f 9486 9491 9487
f 9484 9489 9485
f 9485 9490 9486
f 9490 9495 9491
f 9489 9492 9493
f 9490 9493 9494
f 9495 9498 9499
f 9492 9497 9493
f 9493 9498 9494
f 9498 9503 9499
f 9497 9500 9501
f 9498 9501 9502
f 9503 9507 9508
f 9500 9506 9501
f 9501 9507 9502
f 9508 9511 9512
f 9505 9510 9506
f 9507 9510 9511
f 9384 9504 9388
f 9388 9504 9392
f 9392 9504 9396
f 9396 9504 9400
f 9400 9504 9404
f 9404 9504 9408
f 9408 9504 9412
f 9412 9504 9416
f 9416 9504 9420
f 9420 9504 9424
f 9424 9504 9428
f 9428 9504 9432
f 9432 9504 9436
f 9436 9504 9440
f 9440 9504 9444
f 9444 9504 9448
f 9448 9504 9452
f 9452 9504 9456
f 9456 9504 9460
f 9460 9504 9464
f 9464 9504 9468
f 9468 9504 9472
f 9472 9504 9476
f 9476 9504 9480
f 9480 9504 9484
f 9484 9504 9488
f 9488 9504 9492
f 9492 9504 9496
f 9496 9504 9500
f 9500 9504 9505
f 9505 9504 9509
f 9512 9386 9387
f 9510 9384 9385
f 9510 9386 9511
f 9509 9504 9384
f 9521 9533 9534
f 9518 9532 9519
f 9517 9529 9530
f 9515 9527 9528
f 9523 9537 9524
f 9521 9535 9522
f 9519 9533 9520
f 9518 9530 9531
f 9515 9529 9516
f 9513 9527 9514
f 9524 9538 9525
f 9523 9535 9536
f 9528 9542 9529
f 9526 9540 9527
f 9538 9550 9551
f 9535 9549 9536
f 9534 9546 9547
f 9531 9545 9532
f 9530 9542 9543
f 9528 9540 9541
f 9537 9549 9550
f 9534 9548 9535
f 9532 9546 9533
f 9531 9543 9544
f 9541 9555 9542
f 9540 9552 9553
f 9550 9564 9551
f 9548 9562 9549
f 9547 9559 9560
f 9544 9558 9545
f 9542 9556 9543
f 9541 9553 9554
f 9549 9563 9550
f 9547 9561 9548
f 9546 9558 9559
f 9544 9556 9557
f 9555 9567 9568
f 9552 9566 9553
f 9564 9576 9577
f 9562 9574 9575
f 9559 9573 9560
f 9557 9571 9558
f 9555 9569 9556
f 9553 9567 9554
f 9562 9576 9563
f 9561 9573 9574
f 9559 9571 9572
f 9557 9569 9570
f 9567 9581 9568
f 9566 9578 9579
f 9576 9590 9577
f 9575 9587 9588
f 9572 9586 9573
f 9571 9583 9584
f 9569 9581 9582
f 9566 9580 9567
f 9576 9588 9589
f 9574 9586 9587
f 9571 9585 9572
f 9569 9583 9570
f 9581 9593 9594
f 9578 9592 9579
f 9590 9602 9603
f 9588 9600 9601
f 9585 9599 9586
f 9583 9597 9584
f 9582 9594 9595
f 9579 9593 9580
f 9589 9601 9602
f 9587 9599 9600
f 9584 9598 9585
f 9583 9595 9596
f 9594 9606 9607
f 9592 9604 9605
f 9602 9616 9603
f 9601 9613 9614
f 9598 9612 9599
f 9596 9610 9597
f 9594 9608 9595
f 9592 9606 9593
f 9601 9615 9602
f 9600 9612 9613
f 9598 9610 9611
f 9596 9608 9609
f 9607 9619 9620
f 9605 9617 9618
f 9615 9629 9616
f 9613 9627 9614
f 9611 9625 9612
f 9610 9622 9623
f 9607 9621 9608
f 9605 9619 9606
f 9615 9627 9628
f 9613 9625 9626
f 9611 9623 9624
f 9608 9622 9609
f 9619 9633 9620
f 9617 9631 9618
f 9628 9642 9629
f 9627 9639 9640
f 9625 9637 9638
f 9622 9636 9623
f 9621 9633 9634
f 9619 9631 9632
f 9627 9641 9628
f 9625 9639 9626
f 9623 9637 9624
f 9622 9634 9635
f 9632 9646 9633
f 9630 9644 9631
f 9642 9654 9655
f 9639 9653 9640
f 9638 9650 9651
f 9635 9649 9636
f 9634 9646 9647
f 9632 9644 9645
f 9641 9653 9654
f 9638 9652 9639
f 9636 9650 9637
f 9635 9647 9648
f 9645 9659 9646
f 9644 9656 9657
f 9654 9668 9655
f 9652 9666 9653
f 9651 9663 9664
f 9648 9662 9649
f 9646 9660 9647
f 9645 9657 9658
f 9653 9667 9654
f 9651 9665 9652
f 9650 9662 9663
f 9648 9660 9661
f 9659 9671 9672
f 9656 9670 9657
f 9668 9680 9681
f 9665 9679 9666
f 9663 9677 9664
f 9661 9675 9662
f 9659 9673 9660
f 9657 9671 9658
f 9666 9680 9667
f 9665 9677 9678
f 9663 9675 9676
f 9661 9673 9674
f 9671 9685 9672
f 9670 9682 9683
f 9680 9694 9681
f 9678 9692 9679
f 9677 9689 9690
f 9675 9687 9688
f 9673 9685 9686
f 9670 9684 9671
f 9680 9692 9693
f 9678 9690 9691
f 9675 9689 9676
f 9673 9687 9674
f 9685 9697 9698
f 9682 9696 9683
f 9694 9706 9707
f 9692 9704 9705
f 9689 9703 9690
f 9687 9701 9688
f 9686 9698 9699
f 9683 9697 9684
f 9693 9705 9706
f 9691 9703 9704
f 9688 9702 9689
f 9687 9699 9700
f 9698 9710 9711
f 9696 9708 9709
f 9706 9720 9707
f 9705 9717 9718
f 9702 9716 9703
f 9700 9714 9701
f 9698 9712 9699
f 9696 9710 9697
f 9705 9719 9706
f 9704 9716 9717
f 9702 9714 9715
f 9700 9712 9713
f 9711 9723 9724
f 9709 9721 9722
f 9719 9733 9720
f 9717 9731 9718
f 9715 9729 9716
f 9714 9726 9727
f 9711 9725 9712
f 9709 9723 9710
f 9718 9732 9719
f 9717 9729 9730
f 9715 9727 9728
f 9712 9726 9713
f 9723 9737 9724
f 9721 9735 9722
f 9733 9745 9746
f 9731 9743 9744
f 9729 9741 9742
f 9726 9740 9727
f 9725 9737 9738
f 9723 9735 9736
f 9732 9744 9745
f 9729 9743 9730
f 9727 9741 9728
f 9726 9738 9739
f 9736 9750 9737
f 9734 9748 9735
f 9746 9758 9759
f 9743 9757 9744
f 9742 9754 9755
f 9739 9753 9740
f 9738 9750 9751
f 9736 9748 9749
f 9745 9757 9758
f 9742 9756 9743
f 9740 9754 9741
f 9739 9751 9752
f 9749 9763 9750
f 9748 9760 9761
f 9758 9772 9759
f 9756 9770 9757
f 9755 9767 9768
f 9752 9766 9753
f 9750 9764 9751
f 9749 9761 9762
f 9757 9771 9758
f 9756 9768 9769
f 9754 9766 9767
f 9752 9764 9765
f 9762 9776 9763
f 9760 9774 9761
f 9772 9784 9785
f 9770 9782 9783
f 9768 9780 9781
f 9765 9779 9766
f 9763 9777 9764
f 9762 9774 9775
f 9770 9784 9771
f 9768 9782 9769
f 9767 9779 9780
f 9764 9778 9765
f 9775 9789 9776
f 9774 9786 9787
f 9784 9798 9785
f 9782 9796 9783
f 9781 9793 9794
f 9779 9791 9792
f 9777 9789 9790
f 9774 9788 9775
f 9784 9796 9797
f 9782 9794 9795
f 9779 9793 9780
f 9777 9791 9778
f 9789 9802 9803
f 9786 9801 9787
f 9798 9811 9812
f 9796 9809 9810
f 9793 9808 9794
f 9792 9805 9806
f 9790 9803 9804
f 9787 9802 9788
f 9797 9810 9811
f 9795 9808 9809
f 9792 9807 9793
f 9790 9805 9791
f 9803 9815 9816
f 9801 9813 9814
f 9811 9825 9812
f 9810 9822 9823
f 9807 9821 9808
f 9806 9818 9819
f 9803 9817 9804
f 9801 9815 9802
f 9810 9824 9811
f 9809 9821 9822
f 9807 9819 9820
f 9804 9818 9805
f 9816 9828 9829
f 9814 9826 9827
f 9825 9837 9838
f 9822 9836 9823
f 9820 9834 9821
f 9819 9831 9832
f 9816 9830 9817
f 9814 9828 9815
f 9824 9836 9837
f 9822 9834 9835
f 9820 9832 9833
f 9817 9831 9818
f 9828 9842 9829
f 9826 9840 9827
f 9837 9851 9838
f 9836 9848 9849
f 9834 9846 9847
f 9831 9845 9832
f 9830 9842 9843
f 9828 9840 9841
f 9836 9850 9837
f 9834 9848 9835
f 9832 9846 9833
f 9831 9843 9844
f 9841 9855 9842
f 9839 9853 9840
f 9851 9863 9864
f 9848 9862 9849
f 9847 9859 9860
f 9845 9857 9858
f 9843 9855 9856
f 9841 9853 9854
f 9850 9862 9863
f 9847 9861 9848
f 9845 9859 9846
f 9843 9857 9844
f 9854 9868 9855
f 9853 9865 9866
f 9863 9877 9864
f 9861 9875 9862
f 9860 9872 9873
f 9858 9870 9871
f 9855 9869 9856
f 9854 9866 9867
f 9862 9876 9863
f 9860 9874 9861
f 9859 9871 9872
f 9856 9870 9857
f 9868 9880 9881
f 9865 9879 9866
f 9877 9889 9890
f 9875 9887 9888
f 9873 9885 9886
f 9870 9884 9871
f 9868 9882 9869
f 9867 9879 9880
f 9875 9889 9876
f 9873 9887 9874
f 9872 9884 9885
f 9870 9882 9883
f 9880 9894 9881
f 9878 9892 9879
f 9889 9903 9890
f 9887 9901 9888
f 9886 9898 9899
f 9884 9896 9897
f 9882 9894 9895
f 9879 9893 9880
f 9889 9901 9902
f 9887 9899 9900
f 9884 9898 9885
f 9882 9896 9883
f 9894 9906 9907
f 9891 9905 9892
f 9903 9915 9916
f 9901 9913 9914
f 9898 9912 9899
f 9896 9910 9897
f 9895 9907 9908
f 9892 9906 9893
f 9902 9914 9915
f 9899 9913 9900
f 9897 9911 9898
f 9896 9908 9909
f 9907 9919 9920
f 9905 9917 9918
f 9915 9929 9916
f 9914 9926 9927
f 9911 9925 9912
f 9909 9923 9910
f 9907 9921 9908
f 9905 9919 9906
f 9914 9928 9915
f 9913 9925 9926
f 9911 9923 9924
f 9909 9921 9922
f 9799 9525 9538
f 9799 9538 9551
f 9799 9551 9564
f 9799 9564 9577
f 9799 9577 9590
f 9799 9590 9603
f 9799 9603 9616
f 9799 9616 9629
f 9799 9629 9642
f 9799 9642 9655
f 9799 9655 9668
f 9799 9668 9681
f 9799 9681 9694
f 9799 9694 9707
f 9799 9707 9720
f 9799 9720 9733
f 9799 9733 9746
f 9799 9746 9759
f 9799 9759 9772
f 9799 9772 9785
f 9799 9785 9798
f 9799 9798 9812
f 9799 9812 9825
f 9799 9825 9838
f 9799 9838 9851
f 9799 9851 9864
f 9799 9864 9877
f 9799 9877 9890
f 9799 9890 9903
f 9799 9903 9916
f 9799 9916 9929
f 9920 9515 9516
f 9918 9513 9514
f 9929 9524 9525
f 9926 9523 9927
f 9924 9521 9925
f 9923 9518 9519
f 9920 9517 9921
f 9918 9515 9919
f 9799 9929 9525
f 9928 9523 9524
f 9926 9521 9522
f 9924 9519 9520
f 9921 9518 9922
f 9387 9917 9512
f 9917 9508 9512
f 9904 9503 9508
f 9891 9499 9503
f 9499 9865 9495
f 9495 9852 9491
f 9491 9839 9487
f 9839 9483 9487
f 9483 9813 9479
f 9813 9475 9479
f 9800 9471 9475
f 9786 9467 9471
f 9467 9760 9463
f 9463 9747 9459
f 9459 9734 9455
f 9734 9451 9455
f 9451 9708 9447
f 9708 9443 9447
f 9695 9439 9443
f 9682 9435 9439
f 9435 9656 9431
f 9431 9643 9427
f 9427 9630 9423
f 9630 9419 9423
f 9419 9604 9415
f 9604 9411 9415
f 9591 9407 9411
f 9578 9403 9407
f 9403 9552 9399
f 9399 9539 9395
f 9395 9526 9391
f 9526 9387 9391
f 9932 9935 9936
f 9932 9937 9933
f 9931 9934 9935
f 9936 9941 9937
f 9934 9939 9935
f 9935 9940 9936
f 9940 9945 9941
f 9939 9942 9943
f 9940 9943 9944
f 9945 9948 9949
f 9942 9947 9943
f 9943 9948 9944
f 9948 9953 9949
f 9947 9950 9951
f 9948 9951 9952
f 9953 9956 9957
f 9950 9955 9951
f 9951 9956 9952
f 9957 9960 9961
f 9955 9958 9959
f 9956 9959 9960
f 9961 9964 9965
f 9958 9963 9959
f 9959 9964 9960
f 9965 9968 9969
f 9963 9966 9967
f 9964 9967 9968
f 9968 9973 9969
f 9966 9971 9967
f 9967 9972 9968
f 9972 9977 9973
f 9970 9975 9971
f 9972 9975 9976
f 9977 9980 9981
f 9974 9979 9975
f 9975 9980 9976
f 9980 9985 9981
f 9979 9982 9983
f 9980 9983 9984
f 9985 9988 9989
f 9982 9987 9983
f 9983 9988 9984
f 9989 9992 9993
f 9986 9991 9987
f 9988 9991 9992
f 9993 9996 9997
f 9991 9994 9995
f 9991 9996 9992
f 9996 10001 9997
f 9994 9999 9995
f 9996 9999 10000
f 10000 10005 10001
f 9999 10002 10003
f 9999 10004 10000
f 10004 10009 10005
f 10003 10006 10007
f 10004 10007 10008
f 10009 10012 10013
f 10006 10011 10007
f 10007 10012 10008
f 10012 10017 10013
f 10011 10014 10015
f 10012 10015 10016
f 10017 10020 10021
f 10014 10019 10015
f 10015 10020 10016
f 10021 10024 10025
f 10019 10022 10023
f 10020 10023 10024
f 10024 10029 10025
f 10022 10027 10023
f 10023 10028 10024
f 10028 10033 10029
f 10027 10030 10031
f 10028 10031 10032
f 10032 10037 10033
f 10030 10035 10031
f 10031 10036 10032
f 10036 10041 10037
f 10035 10038 10039
f 10036 10039 10040
f 10041 10044 10045
f 10038 10043 10039
f 10039 10044 10040
f 10044 10049 10045
f 10043 10046 10047
f 10044 10047 10048
f 10049 10053 10054
f 10046 10052 10047
f 10047 10053 10048
f 10054 10057 10058
f 10052 10055 10056
f 10053 10056 10057
f 9930 10050 9934
f 9934 10050 9938
f 9938 10050 9942
f 9942 10050 9946
f 9946 10050 9950
f 9950 10050 9954
f 9954 10050 9958
f 9958 10050 9962
f 9962 10050 9966
f 9966 10050 9970
f 9970 10050 9974
f 9974 10050 9978
f 9978 10050 9982
f 9982 10050 9986
f 9986 10050 9990
f 9990 10050 9994
f 9994 10050 9998
f 9998 10050 10002
f 10002 10050 10006
f 10006 10050 10010
f 10010 10050 10014
f 10014 10050 10018
f 10018 10050 10022
f 10022 10050 10026
f 10026 10050 10030
f 10030 10050 10034
f 10034 10050 10038
f 10038 10050 10042
f 10042 10050 10046
f 10046 10050 10051
f 10051 10050 10055
f 10058 9932 9933
f 10055 9931 10056
f 10056 9932 10057
f 10055 10050 9930
f 10067 10079 10080
f 10064 10078 10065
f 10063 10075 10076
f 10061 10073 10074
f 10070 10082 10083
f 10067 10081 10068
f 10065 10079 10066
f 10064 10076 10077
f 10061 10075 10062
f 10059 10073 10060
f 10071 10083 10084
f 10069 10081 10082
f 10074 10088 10075
f 10072 10086 10073
f 10084 10096 10097
f 10081 10095 10082
f 10080 10092 10093
f 10078 10090 10091
f 10076 10088 10089
f 10074 10086 10087
f 10083 10095 10096
f 10080 10094 10081
f 10078 10092 10079
f 10076 10090 10077
f 10087 10101 10088
f 10086 10098 10099
f 10096 10110 10097
f 10094 10108 10095
f 10093 10105 10106
f 10091 10103 10104
f 10088 10102 10089
f 10087 10099 10100
f 10095 10109 10096
f 10094 10106 10107
f 10092 10104 10105
f 10089 10103 10090
f 10100 10114 10101
f 10098 10112 10099
f 10110 10122 10123
f 10108 10120 10121
f 10105 10119 10106
f 10103 10117 10104
f 10101 10115 10102
f 10100 10112 10113
f 10108 10122 10109
f 10106 10120 10107
f 10105 10117 10118
f 10103 10115 10116
f 10113 10127 10114
f 10112 10124 10125
f 10122 10136 10123
f 10120 10134 10121
f 10119 10131 10132
f 10117 10129 10130
f 10115 10127 10128
f 10113 10125 10126
f 10122 10134 10135
f 10119 10133 10120
f 10117 10131 10118
f 10115 10129 10116
f 10127 10139 10140
f 10124 10138 10125
f 10136 10148 10149
f 10134 10146 10147
f 10131 10145 10132
f 10130 10142 10143
f 10128 10140 10141
f 10125 10139 10126
f 10135 10147 10148
f 10133 10145 10146
f 10130 10144 10131
f 10128 10142 10129
f 10140 10152 10153
f 10138 10150 10151
f 10148 10162 10149
f 10147 10159 10160
f 10144 10158 10145
f 10143 10155 10156
f 10140 10154 10141
f 10138 10152 10139
f 10147 10161 10148
f 10146 10158 10159
f 10144 10156 10157
f 10141 10155 10142
f 10153 10165 10166
f 10151 10163 10164
f 10162 10174 10175
f 10159 10173 10160
f 10157 10171 10158
f 10156 10168 10169
f 10153 10167 10154
f 10151 10165 10152
f 10161 10173 10174
f 10159 10171 10172
f 10157 10169 10170
f 10154 10168 10155
f 10165 10179 10166
f 10163 10177 10164
f 10175 10187 10188
f 10173 10185 10186
f 10171 10183 10184
f 10168 10182 10169
f 10167 10179 10180
f 10165 10177 10178
f 10173 10187 10174
f 10171 10185 10172
f 10169 10183 10170
f 10168 10180 10181
f 10178 10192 10179
f 10176 10190 10177
f 10188 10200 10201
f 10185 10199 10186
f 10184 10196 10197
f 10182 10194 10195
f 10180 10192 10193
f 10178 10190 10191
f 10187 10199 10200
f 10184 10198 10185
f 10182 10196 10183
f 10180 10194 10181
f 10191 10205 10192
f 10190 10202 10203
f 10200 10214 10201
f 10198 10212 10199
f 10197 10209 10210
f 10195 10207 10208
f 10192 10206 10193
f 10191 10203 10204
f 10199 10213 10200
f 10197 10211 10198
f 10196 10208 10209
f 10193 10207 10194
f 10205 10217 10218
f 10202 10216 10203
f 10214 10226 10227
f 10211 10225 10212
f 10210 10222 10223
f 10207 10221 10208
f 10205 10219 10206
f 10204 10216 10217
f 10212 10226 10213
f 10210 10224 10211
f 10209 10221 10222
f 10207 10219 10220
f 10217 10231 10218
f 10216 10228 10229
f 10226 10240 10227
f 10224 10238 10225
f 10223 10235 10236
f 10221 10233 10234
f 10219 10231 10232
f 10217 10229 10230
f 10226 10238 10239
f 10223 10237 10224
f 10221 10235 10222
f 10219 10233 10220
f 10231 10243 10244
f 10228 10242 10229
f 10240 10252 10253
f 10238 10250 10251
f 10235 10249 10236
f 10234 10246 10247
f 10232 10244 10245
f 10229 10243 10230
f 10239 10251 10252
f 10237 10249 10250
f 10234 10248 10235
f 10232 10246 10233
f 10244 10256 10257
f 10242 10254 10255
f 10252 10266 10253
f 10251 10263 10264
f 10248 10262 10249
f 10247 10259 10260
f 10244 10258 10245
f 10242 10256 10243
f 10251 10265 10252
f 10250 10262 10263
f 10248 10260 10261
f 10245 10259 10246
f 10257 10269 10270
f 10255 10267 10268
f 10266 10278 10279
f 10263 10277 10264
f 10261 10275 10262
f 10260 10272 10273
f 10257 10271 10258
f 10255 10269 10256
f 10265 10277 10278
f 10263 10275 10276
f 10261 10273 10274
f 10258 10272 10259
f 10269 10283 10270
f 10267 10281 10268
f 10278 10292 10279
f 10277 10289 10290
f 10275 10287 10288
f 10272 10286 10273
f 10271 10283 10284
f 10269 10281 10282
f 10277 10291 10278
f 10275 10289 10276
f 10273 10287 10274
f 10272 10284 10285
f 10282 10296 10283
f 10280 10294 10281
f 10292 10304 10305
f 10289 10303 10290
f 10288 10300 10301
f 10286 10298 10299
f 10284 10296 10297
f 10282 10294 10295
f 10291 10303 10304
f 10288 10302 10289
f 10286 10300 10287
f 10284 10298 10285
f 10295 10309 10296
f 10294 10306 10307
f 10304 10318 10305
f 10302 10316 10303
f 10301 10313 10314
f 10299 10311 10312
f 10296 10310 10297
f 10295 10307 10308
f 10303 10317 10304
f 10301 10315 10302
f 10300 10312 10313
f 10297 10311 10298
f 10309 10321 10322
f 10307 10319 10320
f 10318 10330 10331
f 10316 10328 10329
f 10314 10326 10327
f 10311 10325 10312
f 10309 10323 10310
f 10308 10320 10321
f 10316 10330 10317
f 10314 10328 10315
f 10313 10325 10326
f 10311 10323 10324
f 10321 10335 10322
f 10320 10332 10333
f 10330 10344 10331
f 10329 10341 10342
f 10326 10340 10327
f 10325 10337 10338
f 10323 10335 10336
f 10320 10334 10321
f 10330 10342 10343
f 10328 10340 10341
f 10325 10339 10326
f 10323 10337 10324
f 10335 10348 10349
f 10332 10347 10333
f 10344 10357 10358
f 10342 10355 10356
f 10339 10354 10340
f 10337 10352 10338
f 10336 10349 10350
f 10333 10348 10334
f 10343 10356 10357
f 10341 10354 10355
f 10338 10353 10339
f 10337 10350 10351
f 10349 10361 10362
f 10347 10359 10360
f 10357 10371 10358
f 10356 10368 10369
f 10353 10367 10354
f 10351 10365 10352
f 10349 10363 10350
f 10347 10361 10348
f 10356 10370 10357
f 10355 10367 10368
f 10353 10365 10366
f 10351 10363 10364
f 10362 10374 10375
f 10360 10372 10373
f 10371 10383 10384
f 10368 10382 10369
f 10366 10380 10367
f 10365 10377 10378
f 10362 10376 10363
f 10360 10374 10361
f 10370 10382 10383
f 10368 10380 10381
f 10366 10378 10379
f 10363 10377 10364
f 10374 10388 10375
f 10372 10386 10373
f 10383 10397 10384
f 10382 10394 10395
f 10380 10392 10393
f 10377 10391 10378
f 10376 10388 10389
f 10374 10386 10387
f 10382 10396 10383
f 10380 10394 10381
f 10378 10392 10379
f 10377 10389 10390
f 10387 10401 10388
f 10385 10399 10386
f 10397 10409 10410
f 10394 10408 10395
f 10393 10405 10406
f 10390 10404 10391
f 10389 10401 10402
f 10387 10399 10400
f 10396 10408 10409
f 10393 10407 10394
f 10391 10405 10392
f 10390 10402 10403
f 10400 10414 10401
f 10399 10411 10412
f 10409 10423 10410
f 10407 10421 10408
f 10406 10418 10419
f 10403 10417 10404
f 10401 10415 10402
f 10400 10412 10413
f 10408 10422 10409
f 10406 10420 10407
f 10405 10417 10418
f 10403 10415 10416
f 10414 10426 10427
f 10411 10425 10412
f 10423 10435 10436
f 10420 10434 10421
f 10418 10432 10419
f 10416 10430 10417
f 10414 10428 10415
f 10412 10426 10413
f 10421 10435 10422
f 10419 10433 10420
f 10418 10430 10431
f 10416 10428 10429
f 10427 10439 10440
f 10425 10437 10438
f 10435 10449 10436
f 10433 10447 10434
f 10431 10445 10432
f 10430 10442 10443
f 10428 10440 10441
f 10425 10439 10426
f 10435 10447 10448
f 10433 10445 10446
f 10430 10444 10431
f 10428 10442 10429
f 10440 10452 10453
f 10437 10451 10438
f 10449 10461 10462
f 10447 10459 10460
f 10444 10458 10445
f 10443 10455 10456
f 10441 10453 10454
f 10438 10452 10439
f 10448 10460 10461
f 10446 10458 10459
f 10443 10457 10444
f 10441 10455 10442
f 10453 10465 10466
f 10451 10463 10464
f 10461 10475 10462
f 10460 10472 10473
f 10457 10471 10458
f 10456 10468 10469
f 10453 10467 10454
f 10451 10465 10452
f 10460 10474 10461
f 10459 10471 10472
f 10457 10469 10470
f 10454 10468 10455
f 10345 10071 10084
f 10345 10084 10097
f 10345 10097 10110
f 10345 10110 10123
f 10345 10123 10136
f 10345 10136 10149
f 10345 10149 10162
f 10345 10162 10175
f 10345 10175 10188
f 10345 10188 10201
f 10345 10201 10214
f 10345 10214 10227
f 10345 10227 10240
f 10345 10240 10253
f 10345 10253 10266
f 10345 10266 10279
f 10345 10279 10292
f 10345 10292 10305
f 10345 10305 10318
f 10345 10318 10331
f 10345 10331 10344
f 10345 10344 10358
f 10345 10358 10371
f 10345 10371 10384
f 10345 10384 10397
f 10345 10397 10410
f 10345 10410 10423
f 10345 10423 10436
f 10345 10436 10449
f 10345 10449 10462
f 10345 10462 10475
f 10466 10061 10062
f 10464 10059 10060
f 10474 10071 10475
f 10472 10069 10473
f 10470 10067 10471
f 10469 10064 10065
f 10466 10063 10467
f 10464 10061 10465
f 10345 10475 10071
f 10473 10070 10474
f 10472 10067 10068
f 10470 10065 10066
f 10467 10064 10468
f 9933 10463 10058
f 10463 10054 10058
f 10450 10049 10054
f 10437 10045 10049
f 10045 10411 10041
f 10041 10398 10037
f 10037 10385 10033
f 10385 10029 10033
f 10029 10359 10025
f 10359 10021 10025
f 10346 10017 10021
f 10332 10013 10017
f 10013 10306 10009
f 10009 10293 10005
f 10005 10280 10001
f 10280 9997 10001
f 9997 10254 9993
f 10254 9989 9993
f 10241 9985 9989
f 10228 9981 9985
f 9981 10202 9977
f 9977 10189 9973
f 9973 10176 9969
f 10176 9965 9969
f 9965 10150 9961
f 10150 9957 9961
f 10137 9953 9957
f 10124 9949 9953
f 9949 10098 9945
f 9945 10085 9941
f 9941 10072 9937
f 10072 9933 9937
f 4 3 2
f 8 7 6
f 13 16 15
f 17 28 19
f 32 31 30
f 36 35 34
f 37 40 39
f 21 22 23
f 25 26 27
f 41 44 43
f 48 47 46
f 52 51 50
f 53 56 55
f 60 59 58
f 29 30 62
f 66 65 64
f 67 5 6
f 72 71 70
f 76 75 74
f 77 80 79
f 81 84 83
f 59 87 86
f 88 91 90
f 96 95 94
f 100 99 98
f 101 104 103
f 106 105 34
f 108 116 115
f 117 119 36
f 124 127 126
f 131 130 129
f 132 102 134
f 142 141 140
f 148 106 60
f 144 143 127
f 149 152 151
f 156 155 154
f 159 150 158
f 116 108 164
f 171 170 169
f 174 126 173
f 179 182 181
f 186 189 188
f 194 197 196
f 199 142 139
f 206 209 208
f 213 212 211
f 202 215 214
f 96 93 216
f 92 238 43
f 97 184 246
f 250 249 229
f 252 254 58
f 258 257 256
f 260 91 229
f 110 111 112
f 114 264 263
f 265 268 267
f 56 53 270
f 274 273 249
f 185 183 63
f 280 279 278
f 285 284 283
f 288 219 211
f 141 142 92
f 289 290 175
f 148 116 105
f 312 311 170
f 238 262 42
f 318 163 160
f 310 309 308
f 241 239 325
f 160 230 240
f 47 48 307
f 108 109 315
f 345 85 86
f 348 351 350
f 356 359 358
f 355 354 353
f 363 31 32
f 364 252 253
f 366 125 368
f 183 372 371
f 163 162 161
f 209 226 101
f 378 377 165
f 379 295 381
f 383 382 3
f 284 285 386
f 387 127 389
f 391 259 229
f 73 281 397
f 405 408 407
f 203 218 411
f 414 121 413
f 1 356 357
f 277 276 131
f 254 344 57
f 358 384 415
f 417 416 386
f 401 400 192
f 419 389 127
f 421 181 182
f 103 301 302
f 428 367 368
f 380 390 359
f 62 204 266
f 140 141 431
f 357 358 351
f 356 1 379
f 415 392 403
f 437 428 436
f 438 441 440
f 188 451 450
f 265 455 181
f 224 185 64
f 237 212 213
f 275 131 128
f 281 282 460
f 50 462 79
f 73 74 282
f 468 467 466
f 390 355 352
f 482 485 484
f 489 488 487
f 493 496 495
f 472 471 470
f 502 501 500
f 220 221 222
f 512 419 143
f 518 517 511
f 513 239 230
f 205 30 31
f 189 370 451
f 163 318 532
f 533 224 225
f 446 448 447
f 335 541 540
f 544 512 546
f 329 519 291
f 199 534 262
f 385 386 416
f 532 190 191
f 363 117 118
f 578 581 580
f 573 572 571
f 561 563 562
f 241 260 259
f 590 593 592
f 545 546 595
f 503 154 155
f 606 625 624
f 478 481 480
f 646 649 648
f 590 591 689
f 564 565 651
f 728 246 184
f 714 724 716
f 692 574 575
f 541 335 581
f 346 68 248
f 161 231 230
f 128 129 94
f 698 705 704
f 574 577 576
f 290 289 401
f 630 631 725
f 733 736 735
f 755 466 496
f 759 480 481
f 757 763 762
f 764 496 466
f 768 767 9260
f 759 760 488
f 492 474 475
f 474 770 769
f 773 468 465
f 771 774 486
f 484 485 775
f 774 776 489
f 495 496 764
f 495 757 761
f 137 397 784
f 325 239 797
f 165 519 51
f 369 32 29
f 730 731 568
f 90 302 301
f 243 118 516
f 800 734 806
f 817 815 808
f 816 808 823
f 306 303 447
f 815 810 809
f 829 830 828
f 726 725 501
f 274 427 424
f 879 882 881
f 884 883 879
f 219 218 217
f 906 905 904
f 455 204 205
f 898 882 830
f 903 900 880
f 377 291 519
f 923 949 948
f 946 947 951
f 8963 740 739
f 900 899 886
f 225 64 65
f 182 445 442
f 809 952 947
f 954 960 962
f 927 950 965
f 885 879 880
f 925 927 966
f 343 342 341
f 965 964 971
f 968 971 970
f 972 968 969
f 963 961 981
f 336 337 338
f 992 993 827
f 810 815 996
f 1007 1001 1002
f 1012 826 827
f 1011 1009 1007
f 294 293 292
f 907 908 920
f 1017 579 1019
f 1020 1023 1022
f 1035 1024 1020
f 1061 1060 1047
f 1063 1061 1046
f 1044 1020 1021
f 1102 1094 1097
f 1116 1126 1118
f 1016 1015 1014
f 881 897 904
f 816 1116 1127
f 1094 948 949
f 514 342 167
f 146 145 81
f 1133 1135 1130
f 1102 1133 1126
f 822 1126 1116
f 1145 1143 1148
f 1076 1144 1151
f 1148 1143 1086
f 1109 1097 1114
f 1154 1153 1156
f 1153 925 967
f 8815 8941 463
f 1144 1147 1152
f 1156 967 1163
f 1164 1162 1169
f 1145 1171 1176
f 1114 1115 1154
f 1183 1155 1164
f 1184 1183 1177
f 1069 1151 1062
f 1023 1191 1194
f 1162 1163 1170
f 1195 1184 1185
f 1183 1196 1176
f 1201 1063 1152
f 1061 1063 1201
f 9277 847 843
f 1203 1202 1195
f 1202 1201 1184
f 1218 1060 1203
f 1060 1061 1202
f 1225 1218 1217
f 671 695 694
f 1219 1217 1024
f 1217 1203 1034
f 1226 1014 1015
f 1243 1242 1234
f 1231 1230 1229
f 847 1243 1233
f 843 1233 1244
f 1233 1234 1245
f 1923 9213 233
f 2100 2108 499
f 9366 9316 2135
f 61 62 323
f 210 211 217
f 1299 1310 1309
f 9315 1230 1231
f 1066 1047 1321
f 1322 1321 1228
f 1060 1218 1321
f 1325 1324 1323
f 1244 1245 1332
f 1290 1234 1242
f 1337 1330 1339
f 1330 1332 1340
f 1341 1332 1245
f 1342 1340 1332
f 1343 1342 1341
f 1344 1341 1294
f 9309 9308 1345
f 1347 1348 1342
f 9308 9306 1295
f 1349 1350 1348
f 9313 1349 1347
f 9305 1347 1343
f 906 898 829
f 905 906 1353
f 865 1356 1355
f 1355 1353 829
f 1357 1355 825
f 1356 1354 1353
f 9286 1337 1338
f 866 1358 1356
f 1358 1359 1354
f 9280 878 1337
f 838 1362 1012
f 1363 1364 1338
f 1368 1363 1339
f 1348 1368 1340
f 1371 1369 9276
f 524 525 526
f 528 529 530
f 1372 1370 1369
f 535 536 537
f 1367 1368 1348
f 1370 1354 1359
f 1369 1359 9285
f 1373 910 903
f 555 556 557
f 1374 909 910
f 1373 904 905
f 1374 1373 1375
f 1375 905 1354
f 1378 920 908
f 376 373 651
f 1388 928 973
f 586 587 588
f 1390 1389 1388
f 1391 1388 969
f 597 598 599
f 600 601 602
f 1392 1391 970
f 608 609 610
f 612 524 523
f 614 615 616
f 617 618 25
f 620 621 622
f 1397 1390 1391
f 1398 1397 1392
f 1400 987 920
f 1402 1403 1165
f 636 637 638
f 930 1404 1402
f 641 642 643
f 929 1402 1169
f 1404 1405 1403
f 1411 1366 1365
f 1412 1406 1415
f 652 653 654
f 609 656 657
f 659 660 661
f 558 663 586
f 665 666 667
f 1413 1411 1406
f 1418 1416 9262
f 1417 1372 1371
f 1416 1371 9281
f 1419 1417 1416
f 1386 909 1374
f 677 678 679
f 1385 1386 1420
f 1420 1374 1376
f 685 686 687
f 1421 1420 1422
f 528 690 691
f 1422 1376 1372
f 1018 1019 747
f 699 700 701
f 1424 578 579
f 9115 1597 1767
f 700 699 711
f 1093 9198 9206
f 717 718 530
f 721 722 723
f 704 1650 8987
f 19 1429 1426
f 1429 1428 1427
f 1658 1659 8986
f 1439 1437 1434
f 1437 1436 1435
f 1426 1427 1433
f 1442 1431 1432
f 742 743 744
f 1432 1433 1441
f 751 752 753
f 1438 1434 1403
f 1446 1445 1444
f 1447 1448 1446
f 9312 1447 1443
f 1415 1367 1445
f 1414 1415 1446
f 2173 1683 469
f 777 778 779
f 780 781 782
f 1676 1693 1806
f 9311 1451 1349
f 789 790 791
f 745 792 793
f 652 794 795
f 1455 1458 1457
f 1454 1367 1350
f 610 691 802
f 9283 9268 698
f 1352 1044 1045
f 1015 1016 1459
f 811 812 813
f 2118 9267 9269
f 819 820 821
f 1466 1463 1194
f 1467 1468 1465
f 1182 1165 1468
f 832 812 833
f 835 836 837
f 1467 1466 1190
f 1469 1470 1444
f 840 700 712
f 1453 1470 1469
f 599 844 845
f 1226 1450 9301
f 851 852 853
f 855 744 856
f 858 859 860
f 861 862 863
f 1014 1226 9307
f 867 676 868
f 870 871 872
f 874 875 876
f 1310 1323 1471
f 1476 1433 1427
f 1461 1476 1475
f 887 888 889
f 788 791 892
f 894 895 896
f 1460 1475 1227
f 901 902 524
f 1465 1478 1477
f 1865 8947 8944
f 911 912 913
f 916 917 918
f 1850 8949 8951
f 921 922 895
f 1479 1435 1436
f 926 664 667
f 1481 562 563
f 269 1483 84
f 931 932 933
f 934 935 614
f 936 685 688
f 938 659 662
f 1484 270 122
f 941 942 835
f 320 321 509
f 1849 8954 8949
f 84 1483 1484
f 1487 1490 1488
f 1757 1758 8946
f 365 1492 1491
f 461 79 80
f 117 363 362
f 1494 540 541
f 926 601 957
f 1477 1441 1433
f 1709 1588 1585
f 119 117 1496
f 271 1497 504
f 511 517 189
f 345 1496 1492
f 57 344 299
f 1501 1499 268
f 267 268 1499
f 974 975 976
f 1678 1652 1693
f 9298 1682 1807
f 557 982 663
f 983 941 984
f 1443 1444 9301
f 421 1500 268
f 989 990 991
f 1490 1487 418
f 279 280 309
f 997 868 676
f 998 26 999
f 1504 418 38
f 1506 1508 1507
f 360 361 1508
f 1506 1486 207
f 939 1005 1006
f 270 1484 1483
f 66 63 546
f 1010 742 793
f 367 428 437
f 244 31 363
f 1670 8976 8978
f 209 206 1510
f 388 389 426
f 427 274 250
f 161 520 521
f 100 246 45
f 1025 1026 608
f 1029 1030 1031
f 939 662 1033
f 41 42 594
f 1036 780 783
f 702 701 1038
f 1040 1041 1042
f 362 32 369
f 187 1520 477
f 70 1487 539
f 1049 600 603
f 613 867 869
f 860 1050 1051
f 1005 1052 1053
f 753 1055 1056
f 1057 1058 1059
f 293 288 1522
f 288 212 1521
f 292 1522 1523
f 331 1507 1508
f 306 452 453
f 100 44 41
f 462 1524 78
f 330 331 1524
f 635 1067 1068
f 1485 1527 1526
f 206 1485 1528
f 1070 1071 1072
f 942 941 1073
f 916 933 1075
f 440 1529 1530
f 157 158 1514
f 1529 162 5
f 371 595 546
f 790 586 663
f 1077 858 857
f 1403 1434 1435
f 1080 1081 1082
f 531 520 1529
f 21 1083 1084
f 272 1532 1531
f 690 712 802
f 335 9015 9011
f 1090 1030 1029
f 1092 795 794
f 1533 396 137
f 661 660 1095
f 69 444 445
f 1099 1100 1101
f 38 39 1536
f 1104 1105 1106
f 852 1107 1108
f 1377 908 909
f 291 377 411
f 316 1536 516
f 539 1488 1533
f 1505 1536 316
f 1110 1111 1112
f 1539 1537 460
f 522 441 1537
f 834 837 1120
f 1122 1123 1124
f 612 1125 1041
f 935 793 615
f 276 278 130
f 1686 8993 8966
f 193 190 1541
f 231 521 1540
f 556 1037 982
f 365 253 85
f 190 532 318
f 1810 765 9018
f 9376 1867 8956
f 1132 983 985
f 208 101 102
f 1134 1033 662
f 1491 518 80
f 429 133 1542
f 1137 1138 915
f 172 436 428
f 1139 1140 1141
f 549 96 54
f 1517 1519 1518
f 834 1119 984
f 1543 513 286
f 1544 797 239
f 133 134 1544
f 506 361 257
f 420 327 328
f 1158 1159 1160
f 587 1104 1103
f 607 1161 1027
f 304 1546 1545
f 364 1491 77
f 69 70 198
f 700 840 1112
f 9329 626 8969
f 1166 719 657
f 1167 1168 858
f 1300 8967 8968
f 1172 1173 1174
f 218 203 200
f 1179 1180 1181
f 372 183 97
f 89 104 227
f 1186 1187 1188
f 172 173 1517
f 1482 84 81
f 1090 1192 1193
f 394 395 353
f 526 525 1198
f 1199 1200 1026
f 606 623 697
f 1204 1205 1206
f 1207 1208 523
f 1209 1210 867
f 914 913 685
f 1478 1436 1441
f 1029 1028 1161
f 1211 1212 1213
f 9310 1453 1451
f 844 1215 1216
f 423 193 273
f 1220 1221 1222
f 22 1223 1224
f 882 898 897
f 1519 1517 173
f 1189 1188 1232
f 349 350 550
f 1071 1235 1236
f 1237 1238 1239
f 1221 1186 1189
f 1510 1528 1512
f 939 1032 1241
f 1556 1530 5
f 1553 1554 394
f 404 1556 67
f 1247 1248 1249
f 142 199 238
f 1251 1067 635
f 850 1252 1253
f 1254 1167 1077
f 57 132 133
f 443 430 552
f 1187 1172 1175
f 1256 1070 831
f 432 405 382
f 741 748 747
f 434 350 351
f 349 432 383
f 251 124 1481
f 395 384 352
f 1518 1519 1550
f 1558 410 378
f 109 263 314
f 285 1514 1513
f 395 394 393
f 202 203 410
f 417 408 405
f 1246 1257 1258
f 3 1559 297
f 1259 1260 1261
f 403 404 347
f 955 954 953
f 462 50 51
f 1096 1095 687
f 429 147 60
f 896 1264 1265
f 1267 721 1268
f 423 424 327
f 37 179 180
f 20 23 1187
f 1256 1168 1071
f 1188 1175 1269
f 1236 1270 1271
f 1272 536 535
f 565 564 463
f 1273 792 745
f 876 1254 1255
f 316 33 164
f 437 1516 503
f 194 1494 1495
f 1275 1276 864
f 624 625 631
f 1277 1274 1137
f 569 568 567
f 1481 124 125
f 324 325 547
f 1279 1108 1107
f 1525 332 329
f 1281 1278 1137
f 171 168 1553
f 1488 73 396
f 1557 1561 1562
f 1282 856 1206
f 1053 1277 1278
f 778 777 607
f 713 583 9010
f 251 225 144
f 4 357 348
f 709 708 707
f 728 48 45
f 261 135 1563
f 789 1286 1287
f 74 314 263
f 403 284 385
f 1178 1181 1240
f 1223 1259 1289
f 1220 20 1186
f 296 1518 354
f 784 459 1538
f 1181 1180 1291
f 1269 1292 1257
f 1566 1538 438
f 136 784 1566
f 1563 1564 169
f 107 114 109
f 1297 1282 1298
f 1464 1477 1476
f 1520 187 507
f 1301 1302 1303
f 1306 1307 1308
f 175 456 1532
f 1532 456 200
f 1311 1266 1312
f 872 1314 1315
f 9288 843 878
f 1305 1308 864
f 1040 1275 863
f 1564 1566 399
f 592 1576 1575
f 591 1575 1088
f 1581 1584 1583
f 1196 1152 1147
f 710 582 583
f 285 407 408
f 953 954 961
f 1594 1592 1589
f 1585 1588 1587
f 1592 1591 1590
f 9337 945 944
f 1600 1599 1598
f 1604 1603 1602
f 1399 1392 979
f 1589 1590 1596
f 1610 1609 1608
f 298 257 361
f 551 552 276
f 1627 1626 9266
f 859 811 818
f 1078 857 1328
f 1555 439 1530
f 572 573 680
f 772 465 776
f 977 1281 918
f 404 403 392
f 1054 1331 750
f 1644 1645 1643
f 932 1265 1082
f 1067 1333 1334
f 1540 1539 264
f 597 1335 643
f 471 761 762
f 1642 696 9283
f 1644 1642 9294
f 923 946 950
f 96 549 548
f 520 531 522
f 445 444 443
f 849 839 848
f 480 759 755
f 1646 760 481
f 311 426 1567
f 464 463 8941
f 8941 1360 1361
f 234 237 236
f 190 193 192
f 153 154 152
f 231 287 286
f 1552 1553 1551
f 760 1646 1648
f 9284 1647 1649
f 828 827 826
f 52 167 166
f 1663 1662 1661
f 287 107 115
f 668 671 670
f 634 645 640
f 553 560 559
f 118 36 33
f 492 484 491
f 8996 1652 1651
f 582 589 584
f 384 395 392
f 1381 1382 1383
f 1562 1561 435
f 952 953 951
f 8973 9010 583
f 1660 1661 1667
f 1394 1395 1396
f 1660 1665 1664
f 1671 1670 1669
f 1624 1625 1673
f 1407 1408 1409
f 1677 1676 1675
f 1613 1679 1677
f 1679 1678 1676
f 1626 1681 9263
f 534 199 198
f 803 733 734
f 400 248 191
f 65 66 143
f 8970 1657 1656
f 402 159 157
f 629 628 627
f 461 477 49
f 758 757 495
f 796 787 786
f 406 407 1513
f 342 343 166
f 1694 1659 1658
f 1692 1687 1694
f 9001 1693 1652
f 9373 1704 1703
f 326 547 302
f 9368 9373 1702
f 9371 9370 1698
f 1699 1691 9379
f 1557 406 1560
f 1127 1116 1117
f 400 401 289
f 1706 1702 1707
f 1707 1702 1599
f 1709 1706 1708
f 1714 1712 1711
f 9371 9367 1709
f 1704 1711 1577
f 1716 1714 1713
f 1559 1562 1549
f 1722 1721 1720
f 1335 597 596
f 410 411 377
f 973 1170 1163
f 168 169 399
f 1571 682 1089
f 1572 681 682
f 749 646 647
f 1730 1724 1723
f 1594 1582 1729
f 1729 1723 1591
f 1384 1378 1377
f 1732 1731 1712
f 1724 1730 1731
f 1722 1724 1732
f 1721 1722 1733
f 1734 1733 1716
f 1735 1737 1736
f 1733 1732 1714
f 1663 1664 1741
f 1742 1665 1740
f 1738 1739 1737
f 1665 1660 1666
f 1665 1742 1744
f 1725 1726 1746
f 1591 1725 1745
f 1590 1745 1747
f 1745 1746 1748
f 1659 1688 8982
f 5650 1760 8989
f 1185 1177 1182
f 1664 1744 1749
f 1741 1749 1739
f 1746 1742 1743
f 1726 1744 1742
f 1115 924 1153
f 1654 8990 9019
f 1896 9006 8993
f 1720 1749 1744
f 1721 1739 1749
f 1750 1718 1701
f 1697 1736 1750
f 1151 1152 1063
f 1751 1752 1670
f 1695 1658 1752
f 961 962 986
f 1770 1769 1768
f 1766 1594 1593
f 1731 1759 1579
f 1579 1777 1774
f 9380 1772 1771
f 1764 1772 9380
f 1777 1776 1775
f 9214 9215 1699
f 1004 1127 1128
f 1774 1775 1771
f 987 1400 1399
f 1578 1774 1772
f 1783 1782 1781
f 1597 1598 1770
f 639 1878 9347
f 9380 9381 1769
f 1793 1792 1789
f 9381 9372 1798
f 8952 8960 9225
f 1802 1867 9376
f 1788 1790 1794
f 1793 1794 1795
f 9225 9224 1675
f 1584 1581 1783
f 1771 1797 9372
f 1801 1799 1798
f 1768 1769 1798
f 1775 1796 1797
f 508 514 515
f 1796 1803 1802
f 1800 1798 9372
f 1794 1805 1804
f 8976 1670 1752
f 485 1808 1807
f 9261 9296 1640
f 9289 9296 1810
f 485 482 1640
f 1690 1691 9222
f 487 488 1648
f 9291 1813 1816
f 9290 1811 1648
f 9291 1812 1811
f 1812 1809 487
f 1641 1809 767
f 465 466 755
f 767 1815 9275
f 9274 1816 9278
f 1809 1812 1815
f 9289 1653 1651
f 675 672 8985
f 1814 1649 1822
f 1821 1822 9273
f 1824 1822 1649
f 1827 1849 1850
f 1668 1669 1662
f 1779 1780 1848
f 1790 1827 1805
f 1833 1836 1853
f 8965 8950 693
f 1614 1615 1616
f 1852 1853 8942
f 1620 1621 1622
f 1855 1765 1574
f 1847 1852 8945
f 1766 1765 1855
f 1629 1630 1631
f 1633 1622 1634
f 1635 1636 1637
f 1848 1833 1852
f 1855 1861 1863
f 1803 1866 1867
f 1862 1863 1831
f 1782 1855 1862
f 9374 9376 1865
f 1873 1872 1870
f 1874 1869 799
f 2045 9330 9349
f 1219 1345 1295
f 1615 1614 1396
f 9336 9347 1877
f 645 9350 9238
f 1345 1219 1035
f 634 639 9336
f 15 1887 1327
f 9362 9347 1878
f 1894 604 605
f 8950 8995 627
f 9004 640 645
f 340 341 454
f 1897 194 195
f 1889 1882 1877
f 1901 94 129
f 196 749 754
f 1705 1704 9373
f 340 378 166
f 1570 1480 563
f 1904 1494 194
f 1781 1862 1832
f 1905 549 55
f 1000 994 995
f 986 919 920
f 1191 1185 1190
f 2094 2077 2075
f 1920 1921 1919
f 453 454 1912
f 1915 1919 1918
f 9334 2112 2106
f 1655 9019 8975
f 1916 1918 1926
f 704 8998 9005
f 278 1916 1925
f 9009 9008 1818
f 1097 949 1115
f 1927 1928 727
f 9030 9031 9106
f 1920 310 307
f 1929 307 48
f 503 504 1497
f 1902 1903 787
f 1816 1821 9272
f 1925 1926 1923
f 1535 1569 1568
f 254 252 258
f 1509 1497 366
f 119 86 35
f 219 288 293
f 141 46 47
f 542 205 244
f 1940 552 430
f 1779 1828 1827
f 1701 1710 9367
f 1661 8994 8959
f 270 53 754
f 197 1947 749
f 1727 1728 1212
f 53 54 232
f 1465 1468 1479
f 1284 9314 9306
f 1951 446 412
f 168 398 1554
f 1486 1485 206
f 506 77 78
f 994 1001 1007
f 951 953 963
f 1013 9311 9313
f 9278 9272 1820
f 1498 1909 1954
f 299 298 543
f 1754 1755 1756
f 1681 469 1683
f 1696 1694 1695
f 13 14 738
f 473 476 475
f 482 1641 768
f 204 62 30
f 1761 1762 820
f 611 1763 1125
f 1501 1503 1908
f 1074 1073 711
f 1960 1944 82
f 120 1956 1960
f 35 86 87
f 1773 1199 1025
f 1965 1545 1569
f 494 761 471
f 1966 1967 1969
f 446 1951 1971
f 174 368 125
f 1580 1579 1578
f 1785 1786 1787
f 1972 1546 304
f 1254 876 875
f 1973 341 342
f 321 1912 1973
f 1910 277 275
f 509 1973 514
f 1486 1507 1527
f 1974 1874 804
f 1977 1976 1974
f 1980 448 1966
f 379 1 2
f 1718 1715 1710
f 884 995 992
f 1680 1684 1678
f 902 990 525
f 344 255 256
f 135 138 137
f 448 446 1967
f 589 605 604
f 910 909 908
f 1981 1966 1968
f 1982 1981 1987
f 1988 1979 1987
f 1990 1988 1989
f 1991 1989 1993
f 322 321 320
f 992 828 830
f 1144 1076 1086
f 1995 1977 1978
f 1133 1129 1118
f 1997 1995 1994
f 870 1823 1335
f 805 806 1982
f 727 184 2000
f 1996 1994 1988
f 1994 1978 1979
f 1829 616 792
f 1830 1073 941
f 798 803 800
f 729 732 731
f 2011 2012 2023
f 1834 1835 846
f 402 283 284
f 2022 2023 2024
f 1838 718 989
f 810 955 952
f 1823 1839 1840
f 1430 1426 1432
f 1215 844 1841
f 1316 1208 873
f 2112 1401 1384
f 1842 1843 1844
f 1159 846 845
f 837 27 1846
f 1971 1951 2030
f 517 369 370
f 1471 2026 2027
f 8995 8969 626
f 2174 2175 770
f 935 934 1854
f 1613 1619 1611
f 1231 1228 1225
f 1856 1857 891
f 1300 1309 748
f 1150 1149 1858
f 1643 606 696
f 1215 1265 1264
f 1320 1860 902
f 1956 1943 1944
f 2031 668 669
f 2034 1325 1310
f 1879 1880 1656
f 40 245 242
f 1992 1993 2039
f 888 958 957
f 1882 1889 1996
f 1078 1138 1255
f 1871 912 1192
f 294 411 218
f 1323 2041 2026
f 123 1960 83
f 1324 2036 2041
f 384 358 359
f 1324 1325 2038
f 1883 1884 1885
f 287 1540 114
f 1096 1886 1134
f 915 1329 931
f 806 1980 1981
f 8977 8973 584
f 1425 2030 2042
f 1018 2042 1948
f 9006 1896 740
f 1948 2042 649
f 1881 1882 1990
f 1900 129 130
f 992 995 994
f 923 927 925
f 9330 2045 2047
f 1643 2048 625
f 2050 2052 2051
f 2045 1405 1404
f 9328 2047 945
f 1139 1080 1079
f 1037 1856 892
f 2055 2053 2057
f 1198 989 718
f 1619 2058 1612
f 2058 1605 1606
f 2059 2060 1607
f 2058 1619 1624
f 71 72 179
f 405 406 1557
f 322 1548 1972
f 2061 2052 2063
f 2066 2065 2067
f 2052 2061 2064
f 1609 1610 2066
f 1515 151 152
f 1009 827 993
f 1644 9295 9267
f 279 1915 1916
f 1285 9315 9314
f 1647 2066 1825
f 2056 2057 2067
f 319 320 1953
f 667 666 1913
f 2070 631 625
f 2052 2050 2055
f 2038 1654 1655
f 1606 1601 2073
f 1235 1917 1270
f 2072 2073 2075
f 2059 1606 2072
f 2074 2075 2077
f 1601 1602 2078
f 2049 2048 1643
f 1000 1004 1001
f 1089 943 684
f 1931 1286 1306
f 1462 1459 1021
f 1932 1933 1934
f 875 874 1846
f 1936 1051 1937
f 44 45 46
f 1534 1955 1956
f 1541 318 317
f 2081 2082 2084
f 146 1945 1959
f 1360 1941 1942
f 985 984 1032
f 1995 1997 1892
f 2079 2080 2082
f 2095 2096 2076
f 2081 2093 2078
f 2055 2050 2054
f 501 2096 2095
f 2097 2100 2099
f 2098 2099 2094
f 2140 2141 9345
f 2141 2046 9346
f 2051 2070 2048
f 592 2102 2101
f 2071 2064 2076
f 2102 2097 2098
f 593 2103 2102
f 1019 1895 746
f 1950 11 12
f 725 2071 2096
f 1385 2105 2104
f 1379 2104 2106
f 2107 2108 2100
f 9360 726 502
f 9348 502 499
f 940 1389 2109
f 928 929 1170
f 9320 590 684
f 1962 1963 1964
f 9330 680 573
f 2039 1993 1968
f 1389 1390 2110
f 1398 2111 2113
f 9209 9207 9205
f 9363 9335 2107
f 949 923 924
f 260 241 324
f 1390 1397 2113
f 2070 2051 2064
f 9319 9363 2103
f 2105 1385 1421
f 2114 1421 1423
f 9344 2114 2115
f 9360 2105 2114
f 554 2116 1902
f 972 1163 967
f 1765 1593 1573
f 1984 1985 1986
f 2053 2117 2069
f 9017 9000 724
f 1625 1677 1674
f 9333 9340 2119
f 9355 2115 2123
f 56 1954 1906
f 626 9329 9331
f 2001 2002 2003
f 9364 9293 2127
f 2006 2007 2008
f 2127 1413 1412
f 2014 2015 2016
f 2018 2019 2020
f 1495 1424 1947
f 1379 1377 1386
f 9266 9263 1680
f 2029 1885 1884
f 9354 2128 2120
f 629 9331 9366
f 682 683 943
f 724 1650 2121
f 1757 1819 9273
f 765 1810 9296
f 9303 714 715
f 706 707 9322
f 981 986 987
f 1457 1868 1656
f 2017 2016 2032
f 1458 1655 1868
f 1776 1777 1792
f 1959 1945 1946
f 9115 9167 9177
f 9365 9333 2122
f 1093 1089 689
f 966 965 968
f 9304 715 9333
f 2172 9029 2170
f 670 2138 2137
f 9213 787 1903
f 1429 19 28
f 964 963 978
f 9293 9265 1413
f 1473 1474 669
f 9286 9285 1359
f 2138 798 1870
f 1872 1473 2137
f 715 716 9340
f 1881 1991 1992
f 9295 9294 739
f 1837 1847 8957
f 253 58 59
f 1808 9289 9292
f 1647 9284 9270
f 9317 9318 671
f 2112 9334 9335
f 1405 2045 2044
f 9281 9276 1364
f 273 1541 391
f 576 632 8964
f 9327 9317 668
f 1430 1431 2140
f 2136 9302 9312
f 1430 2139 18
f 9345 9346 570
f 1442 1439 2046
f 1431 1442 2141
f 9321 9365 9302
f 9260 9275 1817
f 9318 9345 695
f 2142 2025 798
f 571 2143 2142
f 9271 9266 1618
f 2143 2022 2025
f 694 2142 2138
f 681 1572 2144
f 2144 2011 2022
f 328 210 457
f 1572 2010 2011
f 630 9344 9355
f 2085 2086 2087
f 2090 2091 2092
f 572 2144 2143
f 1875 1976 2153
f 1873 1875 2149
f 2103 2107 2097
f 2157 2043 2155
f 2128 1412 1414
f 9326 9323 589
f 9324 9322 628
f 2149 2153 2158
f 2159 2158 9357
f 698 9359 9354
f 9275 9299 9279
f 2158 2156 9326
f 1438 2044 2046
f 2035 2154 2160
f 2161 2160 9341
f 9323 9343 605
f 9325 17 18
f 370 29 61
f 649 1951 413
f 2153 2157 2156
f 1428 1429 1449
f 1490 76 73
f 9342 9357 710
f 2155 1891 9343
f 1456 1457 1880
f 2125 2088 2087
f 2160 2159 9342
f 300 1959 505
f 1064 1062 1046
f 2043 1892 1891
f 2129 2130 2004
f 2131 2132 2133
f 9300 9301 1450
f 1998 1975 804
f 9331 673 9316
f 474 492 490
f 1164 1165 1182
f 707 2162 9361
f 708 1472 2162
f 2162 2161 9338
f 548 549 1905
f 1145 1136 1114
f 705 2121 1650
f 2043 2157 1977
f 737 738 554
f 1034 1195 1191
f 458 1905 1907
f 195 196 232
f 2040 2039 1969
f 2145 2146 2147
f 2054 2050 2049
f 9284 1646 1639
f 9 12 11
f 252 364 506
f 472 478 479
f 1865 9376 9243
f 900 903 910
f 1941 2150 2151
f 1921 1928 1927
f 2163 1897 1898
f 271 156 153
f 1904 1326 12
f 282 263 264
f 1872 1873 2154
f 1326 1904 1897
f 628 692 693
f 1724 1722 1719
f 1549 1562 436
f 1582 1583 1730
f 1921 1920 1929
f 9007 8955 10
f 2152 2037 1950
f 475 772 774
f 769 2172 2171
f 2171 2165 476
f 476 773 772
f 1791 565 464
f 2166 2167 2168
f 595 371 372
f 483 1809 1641
f 762 2174 2173
f 771 483 484
f 486 487 1809
f 297 1549 1517
f 763 2175 2174
f 776 755 759
f 184 185 2176
f 412 447 303
f 2005 2176 185
f 9263 1681 1682
f 2164 2170 756
f 1472 2035 2161
f 950 951 964
f 2177 2178 2179
f 227 226 1510
f 2182 2183 2184
f 2186 2019 2018
f 1985 2182 2181
f 214 736 729
f 865 849 842
f 849 865 1357
f 559 3187 3188
f 16 13 737
f 560 553 498
f 3193 3196 3195
f 3200 3197 3198
f 3211 3214 3213
f 3215 3218 3217
f 2187 2188 2002
f 3233 3236 3235
f 3223 3221 3222
f 3229 3232 3231
f 3245 3248 3247
f 2169 2168 2189
f 2192 2086 2085
f 2193 2194 2195
f 2198 2199 2200
f 1998 1982 1979
f 9116 9117 9120
f 3253 3256 3255
f 2116 1898 1903
f 1859 2006 2009
f 9356 2123 2126
f 1135 1148 1087
f 2201 2202 2015
f 1149 111 110
f 3261 3264 3263
f 3269 3272 3271
f 3265 3268 3267
f 3229 3230 3284
f 3289 3292 3291
f 3299 3302 3301
f 3307 3263 3264
f 3293 3296 3295
f 3297 3223 3224
f 3319 3321 3291
f 3322 3323 3318
f 3314 3313 3312
f 3285 3288 3287
f 3332 3333 3218
f 3329 3331 3330
f 3324 3325 3227
f 3298 3224 3326
f 2203 2204 2205
f 579 580 1895
f 1755 2207 2208
f 3337 3340 3339
f 9343 9362 1893
f 1211 2151 2150
f 868 997 2210
f 3347 3350 3349
f 944 945 930
f 2130 2129 2202
f 233 1903 1898
f 665 751 750
f 1167 1254 999
f 2211 2212 2213
f 2215 2216 2217
f 9319 593 590
f 2220 221 220
f 823 824 948
f 3375 3240 3377
f 3393 3392 3391
f 3353 3358 3357
f 3363 3366 3365
f 3402 3405 3404
f 266 204 455
f 9334 2108 2107
f 2221 2222 8963
f 2223 2224 2225
f 2207 2125 2124
f 3293 3309 3336
f 673 674 9321
f 817 1000 996
f 2227 2228 2146
f 1947 1948 646
f 9352 2135 17
f 2229 1635 1638
f 1679 1613 1618
f 1637 2231 2232
f 2233 2234 1617
f 2231 2235 2236
f 3406 3409 3408
f 1381 1638 2238
f 9038 2241 2242
f 3414 3416 3341
f 1630 2234 2233
f 1681 1626 472
f 1408 1407 2243
f 3423 3426 3425
f 3433 3351 3263
f 3434 3429 3430
f 3440 3443 3442
f 3444 3447 3446
f 3436 3451 3450
f 3442 3443 3456
f 1637 2230 2238
f 3445 3446 3437
f 3448 3443 3440
f 1409 1408 1634
f 1380 1383 2247
f 1628 2248 2245
f 3463 3466 3465
f 3308 3477 3462
f 2249 1623 1622
f 1632 1634 1408
f 2248 1628 1631
f 3478 3481 3480
f 3509 3512 3511
f 2235 2231 1637
f 3505 3508 3507
f 3457 3458 3199
f 631 2070 2071
f 515 167 52
f 782 781 2251
f 2253 2254 2255
f 397 281 459
f 1456 2039 2040
f 2040 2041 2036
f 3434 3475 3518
f 1401 2112 2111
f 2041 2040 1970
f 3367 3337 3338
f 1535 121 414
f 1586 1587 2080
f 2256 983 1132
f 3528 3531 3530
f 3519 3521 3520
f 3537 3505 3506
f 3543 3546 3545
f 1700 1699 9370
f 3486 3551 3550
f 3455 3456 3497
f 3558 3560 3559
f 3456 3568 3500
f 3572 3571 3252
f 3308 3264 3285
f 3316 3317 3574
f 3575 3478 3479
f 3576 3579 3578
f 3580 3583 3582
f 3584 3587 3586
f 3505 3537 3588
f 3589 3592 3591
f 3600 3603 3602
f 3542 3539 3595
f 3604 3605 3592
f 3611 3610 3613
f 3622 3625 3624
f 3618 3621 3620
f 3626 3629 3628
f 3644 3647 3646
f 3634 3637 3636
f 3638 3639 3641
f 9267 1896 1686
f 1263 2256 1886
f 3613 3655 3654
f 598 1841 844
f 2257 2258 2259
f 2258 2261 2262
f 2259 2262 2263
f 2260 2259 2216
f 1967 1971 1970
f 2212 1964 1963
f 922 921 2218
f 1312 1098 1101
f 1307 1306 1286
f 1548 1569 1546
f 2266 2267 2268
f 2265 2268 2270
f 2272 2265 2269
f 2273 2266 2265
f 2275 2276 2277
f 2278 2274 2277
f 2284 2285 9069
f 2287 2283 2286
f 2288 2289 2283
f 2290 2284 9091
f 2291 2292 2293
f 2295 2291 2294
f 2296 2297 2291
f 2297 2298 2292
f 2294 2293 2299
f 2279 2294 2300
f 2298 2301 2302
f 2292 2302 2303
f 2293 2303 2304
f 2304 2305 2306
f 2308 2309 2310
f 2302 2307 2310
f 2301 2311 2307
f 2312 2308 2307
f 2313 2314 2315
f 2318 2319 2320
f 9200 9223 2322
f 2324 2325 2273
f 2313 2324 2326
f 2328 2324 2313
f 2329 2325 2324
f 2331 2332 2333
f 2330 2333 2267
f 2325 2330 2266
f 2329 2331 2330
f 2333 2334 2335
f 2336 2334 2333
f 2338 2336 2332
f 2331 2339 2337
f 2329 2340 2339
f 2328 2341 2340
f 2316 2342 2341
f 2342 2316 2315
f 2344 2345 2346
f 2341 2344 2347
f 2342 2348 2344
f 2348 2349 2345
f 2350 2351 2352
f 2339 2350 2353
f 2340 2347 2350
f 2347 2346 2351
f 2337 2353 2354
f 2353 2352 2355
f 2356 2277 2276
f 2356 2357 2358
f 2356 2359 2296
f 2279 2277 2356
f 2360 2361 2270
f 2267 2335 2360
f 2362 2363 2364
f 2362 2365 2361
f 2366 2362 2358
f 2366 2367 2363
f 2357 2276 2368
f 2366 2368 2369
f 2276 2275 2370
f 2368 2370 2282
f 2372 2373 2374
f 2375 2376 2377
f 2378 2379 2380
f 2382 2378 2381
f 2384 2385 2378
f 2385 2386 2379
f 2388 2389 2390
f 2387 2390 2392
f 2393 2394 2387
f 2394 2395 2388
f 2186 2401 2402
f 2403 2404 2327
f 2272 2403 2326
f 2271 2405 2403
f 2405 2406 2404
f 2404 2407 2408
f 2409 2410 2411
f 2409 2412 2271
f 2413 2409 2269
f 2413 2414 2410
f 2417 2415 2416
f 2417 2418 2406
f 2412 2417 2405
f 2411 2415 2417
f 2406 2419 2407
f 9013 8964 632
f 2420 2398 2397
f 2420 2421 2423
f 2424 2420 2422
f 2424 2399 2398
f 2425 2391 2392
f 2421 2425 2426
f 2397 2396 2425
f 2396 2393 2391
f 2427 2314 2408
f 2430 2427 2428
f 2343 2315 2427
f 2432 2343 2430
f 2431 2430 2429
f 2435 2431 2433
f 2436 2432 2431
f 2428 2408 2407
f 2422 2437 2407
f 2438 2437 2422
f 2429 2428 2437
f 2440 2434 2433
f 2441 2439 2433
f 2442 2443 2439
f 2443 2444 2440
f 2445 2446 2444
f 2447 2445 2443
f 2383 2381 2445
f 2381 2380 2446
f 2448 2438 2423
f 2449 2448 2426
f 2441 2448 2449
f 2441 2429 2438
f 2449 2392 2390
f 2450 2390 2389
f 2447 2450 2451
f 2442 2449 2450
f 2451 2389 2453
f 2452 2453 2455
f 2382 2452 2454
f 2383 2451 2452
f 2456 2457 2373
f 2459 2460 2461
f 2463 2464 2465
f 2462 2465 2285
f 2466 2462 2284
f 2467 2463 2462
f 2461 2460 9155
f 2468 2469 2470
f 2472 2468 2471
f 2474 2461 9153
f 2475 2476 2477
f 2458 2455 2453
f 2479 2453 2389
f 2395 2480 2479
f 2480 2459 2458
f 2481 2482 2483
f 2484 113 2485
f 2471 2470 2464
f 2473 2471 2463
f 2487 2467 2466
f 2486 2466 2290
f 2490 2486 2488
f 2491 2487 2486
f 2492 2473 2467
f 2493 2492 2487
f 2494 2495 2492
f 2495 2472 2473
f 9142 2496 2474
f 9143 2497 2496
f 2498 2494 2493
f 2500 2498 2499
f 9152 9139 2498
f 9139 9143 2494
f 2306 2504 2278
f 2305 2505 2504
f 2504 2505 2507
f 2506 2507 2288
f 2274 2506 2508
f 2278 2504 2506
f 9085 9084 2489
f 9072 9085 2488
f 2507 2509 2289
f 2505 2510 2509
f 2508 2288 2287
f 2511 2287 2281
f 2370 2511 2280
f 2275 2508 2511
f 2512 2490 2489
f 2514 2512 2513
f 2517 2512 2514
f 2517 2491 2490
f 2499 2493 2491
f 2499 2517 2516
f 2510 2505 2519
f 2518 2519 2521
f 9068 2518 2520
f 9084 2510 2518
f 2522 2304 2303
f 2523 2522 2310
f 2305 2304 2522
f 2524 2522 2523
f 2519 2524 2525
f 2505 2305 2524
f 2308 2312 2527
f 2526 2527 2529
f 2531 2526 2528
f 2309 2308 2526
f 1214 2532 2151
f 2419 2406 2418
f 2533 2345 2349
f 2534 2533 2317
f 2535 2536 2533
f 2536 2346 2345
f 2537 2351 2346
f 2538 2537 2536
f 2539 2540 2537
f 2540 2352 2351
f 2312 2355 2541
f 2527 2541 2542
f 2543 2435 2434
f 2545 2543 2544
f 2319 2318 2543
f 2318 2436 2435
f 2514 2515 2548
f 2547 2548 2550
f 2552 2547 2549
f 2552 2516 2514
f 2520 2521 2554
f 2553 2554 2556
f 9042 2553 2555
f 9073 2520 2553
f 2523 2309 2531
f 2557 2531 2530
f 2525 2523 2557
f 2559 2557 2558
f 2554 2559 2560
f 2521 2525 2559
f 2561 2375 2007
f 2376 2562 2225
f 2564 2565 2566
f 2563 2566 338
f 2569 2563 2567
f 2570 2564 2563
f 2572 2573 2574
f 2571 2574 2576
f 2544 2571 2575
f 2544 2434 2572
f 2578 2570 2569
f 2579 2577 2569
f 2574 2577 2579
f 2573 2578 2577
f 2581 2582 2583
f 2584 2580 2583
f 9149 9127 2580
f 9128 2581 2580
f 2582 2516 2552
f 2583 2552 2551
f 2500 2501 2589
f 2590 2588 2589
f 9145 9147 2588
f 9147 9152 2500
f 2501 2516 2591
f 2592 2593 2594
f 2386 2385 2503
f 2596 2379 2386
f 2596 2374 2373
f 2599 2596 2597
f 2599 2380 2379
f 2600 2446 2380
f 2600 2599 2598
f 2603 2600 2601
f 2603 2444 2446
f 2604 2603 2602
f 2440 2604 2605
f 2444 2603 2604
f 2606 2582 2581
f 2606 2607 2590
f 2591 2516 2582
f 9128 2587 2456
f 9141 2456 2372
f 2478 2477 2608
f 2609 2610 2611
f 2564 2570 2613
f 2612 2613 2598
f 2457 2612 2597
f 2565 2564 2612
f 2614 2613 2570
f 2615 2614 2578
f 2602 2601 2614
f 2601 2598 2613
f 2572 2434 2605
f 2616 2605 2602
f 2573 2572 2616
f 1459 1016 1045
f 1265 1215 1079
f 1612 1608 1609
f 2067 2057 2069
f 1135 1109 1136
f 1938 1937 2618
f 95 548 458
f 2058 1607 1608
f 1454 1469 1445
f 655 2620 1048
f 722 1049 2621
f 3665 3639 3634
f 1131 985 1033
f 562 1481 366
f 1723 1719 1725
f 1786 1123 1122
f 267 300 323
f 1325 2034 1654
f 1468 1165 1435
f 658 657 529
f 8 532 247
f 382 1557 1559
f 3631 3681 3680
f 788 619 1307
f 940 930 929
f 911 2622 2623
f 2621 2620 655
f 2624 1857 2625
f 998 1846 27
f 635 638 2626
f 2627 641 644
f 2628 2627 1840
f 1200 1199 2627
f 1199 1773 641
f 1520 515 49
f 1452 1350 1349
f 2630 2631 1859
f 644 643 1335
f 3683 3700 3699
f 1197 1198 717
f 2632 717 719
f 2628 2632 1166
f 2629 1197 2632
f 1762 2633 1050
f 1823 870 873
f 2634 2635 794
f 1042 794 2635
f 93 94 1901
f 2036 2038 1458
f 1527 332 1525
f 877 876 1274
f 134 409 797
f 1328 893 931
f 607 777 1091
f 1043 2635 2637
f 2636 2637 2639
f 1275 2636 2638
f 1275 1040 1043
f 1272 2624 2626
f 2640 2626 638
f 1110 2641 2640
f 536 1272 2640
f 1472 708 1474
f 2042 2030 1951
f 3668 3632 3633
f 1058 1106 1105
f 2642 2623 2643
f 1192 2642 2644
f 912 2623 2642
f 9350 1657 8970
f 1049 1048 2620
f 616 1829 1885
f 1331 1913 666
f 990 989 1198
f 1911 1912 321
f 1298 1282 1205
f 76 1490 1504
f 1502 1500 421
f 610 609 658
f 1146 937 659
f 2646 911 914
f 1280 1239 1238
f 1453 1454 1452
f 835 942 1843
f 1271 1270 1173
f 1893 1878 1826
f 1050 2633 1937
f 2651 2652 814
f 1006 1053 1281
f 2653 1084 2654
f 1001 1004 1003
f 585 997 679
f 2624 1272 621
f 555 678 2028
f 1207 526 1197
f 1626 1627 478
f 3729 3732 3731
f 3746 3749 3748
f 3770 3752 3750
f 426 389 419
f 1030 1193 1773
f 9350 645 634
f 534 1533 138
f 1125 1092 1042
f 333 228 88
f 569 1570 561
f 3691 3694 3693
f 1489 2656 871
f 1857 2624 620
f 1673 1674 9222
f 622 861 864
f 619 788 891
f 261 544 545
f 393 1555 1556
f 2658 2659 2647
f 1075 2658 2657
f 1081 1080 2658
f 1080 1139 2659
f 2644 2643 1141
f 2660 1141 1140
f 642 2660 1336
f 1193 2644 2660
f 679 678 555
f 3762 3765 3764
f 1503 1501 1500
f 1318 1317 1101
f 2661 2659 1139
f 2661 1142 2663
f 2662 2647 2659
f 2662 2663 2622
f 2664 2622 911
f 2648 2664 2646
f 2648 2647 2662
f 3586 3658 3779
f 2083 2094 2093
f 1442 1440 1437
f 3732 3734 3733
f 519 329 330
f 1885 2029 1209
f 799 800 805
f 1946 1943 1952
f 1302 1301 1253
f 3741 3738 3757
f 3660 3663 3662
f 566 2005 224
f 1389 940 928
f 683 682 681
f 836 835 1842
f 2665 1842 1845
f 2666 2665 1303
f 24 836 2665
f 831 1072 2650
f 1845 1844 1304
f 2010 2013 2012
f 1051 1936 2667
f 1522 1521 1511
f 531 440 441
f 1250 635 2625
f 2669 2625 1857
f 783 2669 1856
f 782 1250 2669
f 720 2670 2671
f 1055 1931 1930
f 1333 1067 1251
f 619 622 1308
f 652 655 2619
f 521 522 1539
f 1838 988 537
f 2672 537 536
f 1113 2672 2641
f 1113 527 1838
f 1016 1013 1351
f 9349 573 570
f 226 227 104
f 9008 9121 9279
f 1036 1037 1884
f 2674 1301 1304
f 2673 1304 1844
f 1334 2673 2675
f 1333 2674 2673
f 2676 702 1039
f 1843 2676 2675
f 942 1074 2676
f 1074 699 702
f 752 1057 1055
f 1200 1166 656
f 1120 1846 874
f 2677 874 877
f 1241 2677 1052
f 1119 1120 2677
f 1560 1513 151
f 1208 1316 611
f 215 735 736
f 1460 1459 1462
f 3717 3720 3719
f 1208 1207 1839
f 854 856 1282
f 3682 3697 3696
f 72 445 182
f 544 1563 1565
f 217 200 456
f 3673 3647 3781
f 2047 1404 930
f 1204 2618 1937
f 913 777 686
f 3705 3708 3707
f 840 527 1113
f 1531 729 730
f 2678 778 1283
f 601 667 1914
f 1537 1538 459
f 1819 1757 8953
f 991 1860 862
f 2679 711 1073
f 3776 3775 3581
f 2680 1830 983
f 779 2680 2256
f 778 2678 2680
f 2678 2679 1830
f 180 542 245
f 1886 1132 1131
f 3766 3768 3767
f 1138 1137 1274
f 3777 3778 3585
f 1841 598 1140
f 75 313 314
f 193 423 420
f 2681 2682 1099
f 3658 3586 3587
f 170 1567 1565
f 349 416 417
f 1121 1124 2684
f 547 797 409
f 123 122 121
f 2643 2663 1142
f 1542 1544 513
f 899 900 907
f 1210 677 676
f 791 663 982
f 24 27 837
f 893 896 932
f 1860 1320 863
f 535 538 862
f 3640 3684 3683
f 1569 1548 1547
f 181 455 542
f 660 659 937
f 2013 567 568
f 3781 3647 3644
f 887 890 2631
f 1524 1508 361
f 520 161 162
f 2653 855 854
f 1238 1237 2655
f 718 1838 527
f 1492 1493 518
f 792 616 615
f 599 846 1835
f 290 457 456
f 312 171 1552
f 1248 2687 1179
f 153 149 177
f 1240 1181 1222
f 1257 1292 1235
f 1291 1084 1083
f 1052 877 1277
f 743 742 2618
f 444 140 430
f 23 1224 1172
f 2687 2654 1180
f 102 103 409
f 1283 607 610
f 373 497 650
f 1180 2654 1084
f 855 2653 2655
f 1173 1270 1917
f 2689 850 853
f 2688 853 1108
f 2686 2688 1279
f 2687 2689 2688
f 2691 1302 1252
f 2690 1252 850
f 1248 2690 2689
f 1248 1247 2691
f 2692 617 24
f 2691 2692 2666
f 1247 1258 2692
f 1258 1168 617
f 394 1554 1555
f 2693 1260 1259
f 1072 1236 1262
f 1257 1071 1168
f 398 439 1555
f 871 1784 1314
f 1178 1232 1249
f 1224 1289 1173
f 1010 2617 2618
f 1175 1174 1292
f 2654 2687 2686
f 2694 1157 1216
f 71 418 1487
f 701 1112 1111
f 1072 1261 2649
f 1085 2695 22
f 895 2694 1264
f 1601 1606 1605
f 1259 1262 1271
f 21 20 1220
f 988 991 538
f 3533 3479 3535
f 598 597 1336
f 1050 860 818
f 1298 2645 1761
f 1168 1167 618
f 3629 3671 3670
f 858 1168 1256
f 39 242 516
f 2652 1761 819
f 313 316 315
f 2026 1970 1971
f 2656 1489 596
f 814 819 818
f 2696 2651 813
f 1260 2696 2649
f 2693 2697 2696
f 2697 1296 2651
f 381 355 390
f 9270 9271 1611
f 1475 1427 1428
f 1292 1174 1917
f 1551 353 354
f 1526 1525 1523
f 1593 1589 1595
f 1232 1269 1246
f 2695 2693 1223
f 2698 1297 1296
f 2698 2697 2693
f 2685 2698 2695
f 2685 854 1297
f 562 1497 271
f 2652 2651 1296
f 1365 1366 1364
f 1958 1946 1953
f 585 588 2210
f 1561 1560 1515
f 975 2648 1146
f 347 67 68
f 1038 1111 636
f 2700 781 780
f 2699 780 1036
f 2701 2699 1883
f 851 2700 2699
f 2674 1333 2251
f 2702 2251 781
f 1253 2702 2700
f 1301 2674 2702
f 1519 387 388
f 1273 1239 1280
f 2703 1280 1107
f 2701 2703 852
f 1829 1273 2703
f 91 260 326
f 1784 871 2656
f 2683 2684 2705
f 604 1894 8943
f 1669 8978 8992
f 2062 2063 2060
f 621 535 861
f 2023 731 732
f 686 779 1263
f 857 1051 2668
f 883 830 882
f 3648 3651 3650
f 637 636 1111
f 2668 894 893
f 3692 3712 3711
f 2667 921 894
f 1039 1038 1068
f 313 75 1504
f 1911 1972 305
f 1936 2706 1964
f 2707 2402 2401
f 2708 2707 2183
f 738 2163 2116
f 3785 3787 3709
f 2349 2348 2432
f 2711 2712 2020
f 2400 2711 2019
f 2714 2715 2716
f 2717 2718 2719
f 2721 2722 2723
f 2726 2727 2728
f 2725 2728 2730
f 2731 2725 2729
f 2732 2726 2725
f 2734 2735 2736
f 2738 2739 2740
f 2737 2740 2741
f 2744 2745 2746
f 2745 2744 2748
f 2749 2750 2747
f 2753 2749 2751
f 2250 1380 2246
f 3417 3420 3419
f 2754 1396 1614
f 9050 2754 2755
f 9060 2745 2747
f 1617 2756 2755
f 2242 2758 1620
f 3429 3432 3431
f 2191 2085 2760
f 2761 2759 2760
f 9100 2759 2761
f 9075 2191 2759
f 3209 3460 3354
f 1395 1394 2236
f 1395 2235 1636
f 3741 3791 3790
f 1616 1635 2229
f 3410 3413 3412
f 1617 2234 2763
f 2756 2763 9080
f 2765 2763 2234
f 2766 2764 9080
f 3202 3199 3458
f 1516 437 435
f 2768 2769 8996
f 1495 541 578
f 2135 2136 28
f 8970 8984 2773
f 1690 1689 9378
f 2778 2779 2780
f 2777 2780 2781
f 2784 2778 2777
f 8999 8965 575
f 1494 1904 9
f 8973 2016 2015
f 451 61 505
f 2786 2787 2788
f 2779 2786 2785
f 2789 2752 2741
f 2790 2753 2752
f 2792 2793 2794
f 2793 2795 2796
f 2796 2797 2750
f 2794 2796 2749
f 2798 1393 1396
f 9043 2798 2754
f 2798 2799 2800
f 9043 9114 2799
f 2797 2796 2795
f 2791 2794 2753
f 216 233 232
f 9256 2806 2807
f 9257 2809 2804
f 2769 2810 9001
f 183 185 184
f 2811 2812 2775
f 2804 2811 2776
f 2809 2813 2811
f 2812 2811 2813
f 9257 2808 2816
f 9248 2818 2815
f 9250 9252 2820
f 9245 2823 2819
f 2824 2736 2735
f 2823 2825 2824
f 2825 2823 2826
f 9245 2822 2827
f 9248 2817 2826
f 2713 2716 2829
f 2828 2829 2831
f 2822 2821 2828
f 2821 2820 2713
f 2832 2827 2822
f 2833 2832 2830
f 2834 2835 2832
f 2835 2818 2827
f 2837 2838 2839
f 2836 2839 2841
f 2842 2836 2840
f 2843 2837 2836
f 2840 2841 2845
f 2718 2844 2845
f 2730 2728 2844
f 2727 2840 2844
f 2846 2845 2841
f 2829 2846 2847
f 2847 2841 2839
f 2848 2839 2838
f 2833 2848 2849
f 2831 2847 2848
f 2850 2814 2851
f 2853 2850 2852
f 2783 2777 2782
f 2785 2788 2853
f 2780 2785 2856
f 2857 2858 2855
f 2859 2857 2782
f 2861 2843 2842
f 2860 2842 2727
f 2862 2860 2726
f 2863 2861 2860
f 2861 2863 2858
f 2843 2861 2857
f 2856 2853 2854
f 2781 2856 2864
f 2837 2843 2859
f 2838 2837 2864
f 2852 2851 2834
f 2854 2852 2849
f 2865 2815 2818
f 2851 2865 2835
f 2813 2809 2815
f 2814 2813 2865
f 2866 2812 2814
f 2788 2866 2850
f 2866 2788 2787
f 2812 2866 2867
f 1892 1889 1890
f 2720 2719 2846
f 298 299 256
f 2872 2714 2713
f 9246 9252 2735
f 2729 2730 2874
f 2846 2716 2715
f 2876 2877 2878
f 2733 2875 2878
f 9258 9259 2879
f 9258 2880 2872
f 2882 2883 2884
f 2881 2884 2715
f 2880 2881 2714
f 2879 2882 2881
f 2885 2886 2887
f 2888 2889 2890
f 2885 2890 2892
f 2893 2886 2885
f 1942 2151 2532
f 2895 2892 2720
f 2884 2895 2870
f 2883 2896 2895
f 2896 2891 2892
f 2889 2874 2717
f 2890 2717 2720
f 2897 2893 2891
f 2898 2897 2896
f 2899 2898 2883
f 2900 2899 2882
f 9249 2900 2879
f 2876 2902 2901
f 2901 2902 2904
f 1785 2656 1835
f 2905 2906 2899
f 2907 2908 2897
f 9249 2901 2903
f 632 576 577
f 8976 8991 2867
f 434 385 550
f 2768 2770 9092
f 2910 2911 1623
f 2241 2912 2758
f 9092 2770 2913
f 1623 2911 2757
f 9039 2242 2757
f 2229 1381 1380
f 2765 1630 1629
f 2915 2914 1629
f 9094 9093 2914
f 9093 9074 2765
f 2919 2916 9094
f 2918 2915 2912
f 9066 2918 2241
f 9070 2919 9065
f 8985 2177 2180
f 8965 2002 2188
f 3694 3626 3627
f 9157 9017 714
f 2925 2766 2917
f 2924 2917 2916
f 9062 2924 2919
f 9063 2925 2924
f 2926 2927 2766
f 9110 2926 2925
f 1715 1713 1705
f 785 497 498
f 1387 651 565
f 374 375 1899
f 9017 2203 2206
f 2929 2930 2886
f 2932 2933 2934
f 1905 1906 1908
f 2930 2935 2936
f 2938 2935 2930
f 1493 369 517
f 1603 1585 1586
f 2939 2938 2929
f 2940 2939 2908
f 9117 1707 1600
f 2886 2930 2937
f 2906 2907 2898
f 2908 2929 2893
f 2942 2934 2933
f 2941 2933 2937
f 8945 2941 2936
f 8942 2942 2941
f 2943 2944 2710
f 2943 2873 2874
f 2945 2943 2889
f 2946 2944 2943
f 2932 2945 2888
f 2931 2946 2945
f 727 1928 1929
f 2903 2904 2947
f 545 594 42
f 1480 1570 533
f 2907 2906 2949
f 2906 2905 2950
f 1558 452 215
f 9251 2903 2948
f 2054 1645 1644
f 9157 9136 2203
f 1828 1837 1849
f 2953 2954 2955
f 2952 2955 2957
f 2956 2261 2258
f 2953 2952 2258
f 2454 2455 2474
f 9199 2958 2959
f 9199 2132 2131
f 2961 2962 2963
f 2958 2963 2964
f 222 221 2485
f 2477 2226 2966
f 2631 2561 2006
f 2384 2454 2496
f 2967 2968 2959
f 2968 2967 2970
f 9211 2033 2971
f 9236 2971 2960
f 2972 2971 2033
f 2007 2377 2973
f 9004 9003 2134
f 1836 1833 1832
f 8950 2188 2090
f 955 810 959
f 672 675 674
f 633 710 713
f 2024 732 733
f 2025 2024 803
f 425 1552 1550
f 2975 2976 888
f 1319 1158 1157
f 1212 1935 2977
f 889 957 2228
f 1978 1974 1975
f 1138 1078 1329
f 751 665 2979
f 1619 1613 1625
f 2252 2255 1728
f 1157 1160 845
f 2706 1936 1938
f 2980 2255 2254
f 2982 2975 887
f 802 712 711
f 678 677 2029
f 527 840 690
f 1839 1207 2629
f 2983 2984 602
f 2983 1914 1913
f 2985 2983 1331
f 2986 2984 2983
f 2987 2637 2635
f 2985 2988 2639
f 2990 1319 1318
f 2991 2992 2993
f 2995 2991 2994
f 1106 1058 2991
f 1058 1057 2992
f 1415 1406 1365
f 1317 922 2217
f 1932 1728 2255
f 926 2998 2999
f 3001 2993 2992
f 3000 2992 1057
f 2999 3000 2978
f 2998 3001 3000
f 3002 2998 2209
f 3002 3003 2996
f 2993 3001 3002
f 1103 1106 2995
f 3004 2995 2996
f 2209 2210 3004
f 588 1103 3004
f 295 296 433
f 2638 2639 2988
f 3005 2988 1056
f 1305 3005 1930
f 1276 2638 3005
f 1987 1968 1993
f 2633 1762 1761
f 1423 1422 1417
f 9005 8961 739
f 2671 2670 2704
f 1473 1872 2035
f 922 1317 2694
f 1401 1400 1378
f 556 2028 1884
f 842 848 9277
f 1854 2706 2617
f 933 1082 1081
f 1440 1441 1436
f 529 657 719
f 1031 1025 1027
f 777 913 912
f 2645 1205 1204
f 441 438 1538
f 3771 3774 3773
f 790 1287 587
f 2065 2066 1610
f 1860 991 990
f 60 106 87
f 1424 1017 1948
f 332 1527 1507
f 261 262 138
f 187 188 449
f 1719 1720 1726
f 1931 1055 1059
f 3006 1059 1105
f 1287 3006 1104
f 1286 1931 3006
f 3007 3008 3009
f 3009 3008 653
f 618 999 26
f 2029 677 1210
f 957 601 600
f 1049 2146 2228
f 2631 890 3011
f 890 889 2227
f 3011 2227 2145
f 2561 3011 3012
f 1026 656 609
f 2706 1854 1961
f 3013 2965 2485
f 2148 2147 1267
f 3015 1267 1266
f 2997 2264 1101
f 642 641 1773
f 186 477 461
f 1041 1040 1320
f 1121 3016 3017
f 2984 2986 2987
f 3018 2987 2634
f 1048 603 3018
f 603 602 2984
f 2679 2678 801
f 2062 2072 2074
f 2061 2074 2076
f 414 303 1545
f 3016 1121 2683
f 3019 2683 2704
f 3020 3019 2670
f 3007 3016 3019
f 1871 1090 1091
f 3021 1787 1122
f 3022 3021 3017
f 1314 3021 3022
f 1784 1787 3021
f 1316 1315 1763
f 3023 3022 3010
f 3023 3009 795
f 1763 3023 1092
f 1315 3022 3023
f 3016 3007 3010
f 752 751 2978
f 2986 2639 2637
f 3024 654 653
f 3020 3024 3008
f 720 723 3024
f 723 2621 654
f 2681 1098 1268
f 2671 3025 1268
f 2705 2681 3025
f 1313 3026 3027
f 3026 3028 3029
f 3027 3029 3030
f 1311 3027 3031
f 2012 568 731
f 917 2657 974
f 3742 3745 3744
f 743 1206 856
f 1888 2027 2030
f 2682 2705 2684
f 3032 2684 1124
f 1100 3032 2989
f 1099 2682 3032
f 1123 2990 2989
f 3033 1834 1159
f 2990 3033 1158
f 1123 1786 3033
f 1786 1785 1834
f 1054 1056 2988
f 2979 665 664
f 2623 2622 2663
f 1095 660 688
f 3034 3035 2261
f 3036 3034 2956
f 3037 3038 3034
f 3038 3039 3035
f 3040 3041 3026
f 2263 3042 3041
f 3042 3039 3043
f 3041 3043 3028
f 3044 3045 3043
f 3046 3047 3045
f 3047 3048 3049
f 3043 3045 3049
f 3038 3037 3051
f 3050 3051 3053
f 3052 3046 3044
f 3039 3038 3050
f 3054 3035 3039
f 3042 2263 2262
f 2261 3035 3054
f 2216 2263 2997
f 2212 2211 2667
f 3056 868 2209
f 934 3057 1961
f 2013 9207 9209
f 3058 3059 3060
f 3059 3062 3063
f 3060 3063 2213
f 3061 3060 1963
f 3063 3064 2214
f 3062 3065 3064
f 3065 2257 2260
f 3064 2260 2215
f 3066 3067 3031
f 2608 2966 3067
f 2966 2562 3068
f 3031 3067 3068
f 2455 2458 2461
f 2476 2223 2226
f 8995 2090 2089
f 8970 2774 9221
f 433 354 355
f 2115 1423 1419
f 8953 2868 2922
f 9221 9189 2131
f 3069 2611 2167
f 2971 2972 2928
f 2961 2774 2773
f 3070 2475 2478
f 2610 2609 3071
f 2502 2371 2374
f 3072 2592 2595
f 2964 3046 3052
f 3048 2593 3074
f 2593 2592 3075
f 3075 3030 3029
f 3074 3029 3028
f 3072 3076 3075
f 3076 3072 2482
f 2481 2608 3066
f 3076 3066 3030
f 2967 3052 3053
f 2482 3072 3073
f 479 480 493
f 706 9352 9325
f 9005 2194 2221
f 2013 2010 9206
f 8977 2032 2016
f 9006 8963 2222
f 1171 1154 1155
f 3782 3644 3689
f 2586 2566 2565
f 2982 110 113
f 2562 2376 3077
f 2376 2375 3012
f 3012 2145 2148
f 3077 2148 3015
f 2963 3047 3046
f 3051 3078 2970
f 1683 2173 491
f 9302 2122 1447
f 1986 2181 9186
f 3079 3080 2546
f 3081 3079 2575
f 1983 1986 9220
f 3082 2323 2319
f 3080 3082 2545
f 9186 9184 3082
f 9184 9200 2323
f 1309 1471 1888
f 3073 2595 2772
f 2760 3083 3084
f 2760 2085 2088
f 3085 3084 3086
f 3089 3085 3090
f 3089 2762 3084
f 3092 3088 3090
f 3093 2748 2744
f 2751 2747 2748
f 3093 2741 2752
f 2742 2741 3093
f 3094 3093 2743
f 3096 3097 3098
f 3099 3096 3087
f 3097 3094 3095
f 3100 2743 2746
f 3101 2927 3102
f 2764 2766 2927
f 2745 2764 3101
f 3102 3092 3091
f 3100 3091 3095
f 2869 2802 9044
f 3102 3103 3104
f 9110 2868 2869
f 2927 2926 3103
f 3098 3095 3091
f 3087 3098 3090
f 2088 2125 3105
f 3083 3105 3086
f 2483 3073 2771
f 2401 2186 2185
f 3099 3086 3105
f 2125 2207 3106
f 3108 2737 2742
f 3107 2742 3094
f 3110 3108 3107
f 3109 3107 3097
f 3111 3109 3096
f 3112 3110 3109
f 3113 2738 2737
f 3115 2723 2722
f 3117 3115 3114
f 3119 3117 3116
f 3118 3116 3120
f 3116 3114 3113
f 3122 3112 3111
f 3122 3123 1755
f 3124 3125 3126
f 3125 3118 3121
f 3128 3119 3118
f 3129 3128 3125
f 2020 2712 3128
f 9305 9309 1346
f 1065 1046 1047
f 1814 9290 9282
f 2021 2020 3129
f 3111 3099 3106
f 3123 3106 2207
f 2377 2225 2224
f 3014 2485 113
f 1756 2208 9234
f 3131 3132 2530
f 3133 3131 2528
f 1753 1756 9219
f 3134 3124 3127
f 2327 2408 2314
f 2436 2318 2317
f 2018 2021 9163
f 2534 3136 3137
f 2320 2322 3136
f 2185 2018 9164
f 3138 3139 2542
f 3134 3135 9196
f 9237 3130 3134
f 3140 3138 2539
f 2535 3137 3140
f 9163 2021 3130
f 2558 2530 3132
f 9234 9212 3141
f 2560 2558 3141
f 9212 9229 3142
f 958 888 2976
f 1933 1932 2980
f 3714 3704 3729
f 2399 2424 2418
f 2348 2342 2343
f 2322 2320 2319
f 2718 2717 2874
f 2709 2729 2873
f 2894 2871 1361
f 3788 3789 3720
f 346 289 176
f 1876 1877 1882
f 2802 2803 9059
f 3104 3144 3088
f 2974 2222 9101
f 3089 3145 2761
f 3088 3144 3145
f 2803 2974 9055
f 9322 9361 692
f 2123 1419 1418
f 1365 1363 1368
f 3346 3345 3344
f 1581 1766 1782
f 9013 2202 2129
f 8999 2003 2002
f 3146 2585 2551
f 9203 3146 3147
f 9194 3149 3146
f 3149 2584 2585
f 3196 3198 3197
f 9056 2192 2191
f 3142 3150 2556
f 9229 9230 3150
f 9098 3152 2550
f 3150 3151 2555
f 9230 9232 3151
f 9240 9233 3152
f 3153 3147 2551
f 3152 3153 2549
f 9233 9228 3153
f 9228 9202 3147
f 3148 2767 2206
f 2183 2401 2321
f 2132 2960 2928
f 3299 3300 3321
f 9136 9137 2204
f 9171 2198 2197
f 2594 2962 2773
f 2595 2594 2951
f 1870 798 799
f 3257 3260 3259
f 9165 2179 2178
f 9158 2178 9188
f 336 3154 9226
f 339 3155 3154
f 9241 9135 3149
f 9135 9149 2584
f 2963 2962 3048
f 9174 9182 337
f 339 338 2566
f 3156 3157 2168
f 2610 3156 2167
f 2954 2953 3156
f 3157 3156 2953
f 9159 2166 2169
f 2567 3158 3159
f 337 3158 2567
f 9182 3069 2166
f 9216 2190 1983
f 2579 3160 3081
f 2568 3159 3160
f 9161 2169 2190
f 3065 3062 3162
f 3161 3162 1984
f 3157 3161 2189
f 2257 3065 3161
f 734 735 1922
f 3059 3058 2708
f 3163 2708 2182
f 3162 3163 1985
f 3062 3059 3163
f 3203 3206 3205
f 3806 3809 3808
f 2122 2119 1448
f 9269 1686 1685
f 139 140 444
f 1570 569 566
f 2957 3164 3165
f 2955 3166 3164
f 1912 454 341
f 3130 3129 3124
f 1548 322 319
f 1949 1950 1327
f 2969 2970 3078
f 3167 3078 3169
f 9176 2014 2017
f 9172 2017 2033
f 3168 3169 3165
f 3170 3165 3164
f 9231 3170 3171
f 9176 3168 3170
f 3171 3164 3166
f 3172 3166 3071
f 9204 3172 3173
f 9208 3171 3172
f 3169 3037 3036
f 2593 3048 2962
f 3173 3071 2609
f 3174 2609 2199
f 9235 3174 2198
f 9201 3173 3174
f 2190 2189 1984
f 2196 2195 2767
f 3326 3329 3328
f 2119 2120 1414
f 1464 1463 1466
f 2199 2611 3069
f 2457 2456 2587
f 2226 2225 2562
f 481 478 1627
f 333 1512 235
f 3078 3051 3037
f 3040 2264 2997
f 3351 3352 3262
f 2219 1934 1933
f 2385 2384 2497
f 221 2220 3175
f 2220 1933 3143
f 3175 3143 2976
f 2484 3175 2975
f 2954 3071 3166
f 2630 1858 110
f 1547 319 1952
f 2091 2090 2188
f 9185 9188 2178
f 1918 1919 1927
f 9007 112 111
f 3398 3401 3400
f 955 956 960
f 2037 3014 112
f 3143 2980 2981
f 2218 2211 2214
f 672 9329 9239
f 2152 3013 3014
f 1147 1144 1143
f 2248 2246 1409
f 1615 1636 1635
f 1410 1409 2246
f 3486 3488 3487
f 3468 3469 3502
f 3451 3453 3452
f 1382 3176 3177
f 3177 1410 2247
f 2247 1383 3177
f 3176 2238 2230
f 1410 3177 3179
f 3179 3180 2243
f 1633 3181 2800
f 3816 3818 3817
f 1621 1620 2758
f 3642 3801 3662
f 3422 3421 3260
f 1622 1621 2245
f 2236 1394 3181
f 3793 3796 3795
f 3493 3496 3495
f 2237 2236 3182
f 3513 3516 3515
f 2250 1631 2233
f 3654 3666 3667
f 2912 1629 1628
f 3819 3822 3821
f 3432 3824 3823
f 135 136 1564
f 1567 419 512
f 1085 1084 2653
f 3184 869 868
f 869 3184 3057
f 3389 3388 3387
f 1266 1268 1098
f 1267 2147 722
f 937 1146 2646
f 2146 1049 722
f 2211 2218 921
f 1957 510 507
f 1313 1312 2264
f 1496 362 1493
f 2887 2937 2933
f 1687 1688 1659
f 145 1499 1498
f 3831 3829 3830
f 37 38 418
f 1935 1934 3185
f 104 89 301
f 2101 2098 2083
f 543 298 360
f 1934 2219 3186
f 234 1521 212
f 9297 9273 1822
f 3825 3828 3827
f 1976 1875 1874
f 223 3186 2219
f 9107 9108 9057
f 2165 2164 467
f 467 468 2165
f 773 476 2165
f 3673 3658 3659
f 1935 1212 1728
f 3490 3491 3840
f 3362 3359 3848
f 3862 3865 3864
f 3465 3466 3484
f 3893 3894 3525
f 3352 3351 3430
f 3869 3872 3871
f 3529 3530 3567
f 3420 3417 3922
f 3304 3235 3236
f 3929 3932 3931
f 3324 3326 3327
f 3219 3937 3939
f 3220 3938 3937
f 3450 3375 3376
f 3942 3832 3833
f 3215 3216 3454
f 3946 3332 3215
f 3422 3949 3948
f 3950 3457 3198
f 3205 3206 3957
f 3261 3962 3961
f 3852 3853 3964
f 3214 3211 3946
f 3965 3213 3214
f 3797 3800 3799
f 3988 3991 3990
f 3777 3779 3806
f 3855 3858 3447
f 3737 3799 3800
f 3949 3953 3952
f 3651 3782 3783
f 4001 3784 3787
f 4019 4022 4021
f 4027 4030 4029
f 3258 3259 4030
f 4033 4036 4035
f 3424 3425 4047
f 3242 3243 4058
f 3970 3489 3547
f 3829 3242 4057
f 3333 3332 3947
f 4063 4068 4065
f 4073 4076 4075
f 3568 3456 3443
f 3981 3334 3335
f 3540 3915 3862
f 4078 4079 4031
f 3565 3566 4088
f 3442 3455 4089
f 4092 4095 4094
f 4093 4094 4097
f 3619 3620 3623
f 3660 4098 3821
f 3809 3648 3649
f 3610 3652 3655
f 3656 3622 3623
f 3621 3803 3804
f 3503 3480 3481
f 3436 3439 3438
f 3356 3428 3427
f 3628 3670 3669
f 3734 3811 4002
f 3276 3273 3370
f 3763 4106 4107
f 4006 4007 3754
f 3747 3751 3752
f 3863 3864 4110
f 3994 3891 4003
f 3653 3801 3664
f 3296 4116 4115
f 4117 4120 4119
f 3249 3252 3251
f 4127 4130 4129
f 3478 3575 3903
f 3410 4136 3921
f 3977 4061 4038
f 3216 3452 3453
f 3967 3547 3548
f 4140 4078 4032
f 3509 4086 4149
f 4151 4152 3659
f 4153 4152 3656
f 4153 4154 3646
f 4156 3688 3645
f 4139 4077 4078
f 3743 3744 4163
f 3861 3918 3987
f 3468 4066 4067
f 3306 3981 3980
f 4172 4173 4010
f 4169 4170 3836
f 4187 4190 4189
f 4213 4216 4215
f 4220 4223 4222
f 4225 4226 4211
f 4230 4233 4232
f 4240 4243 4242
f 3606 3609 3608
f 4250 4253 4252
f 4258 4261 4260
f 4077 4080 4079
f 4276 4279 4278
f 4308 4262 4263
f 4017 4018 3872
f 3196 3193 3951
f 4316 4317 4270
f 3870 4306 4307
f 4324 4327 4326
f 4333 4334 4247
f 4338 4341 4340
f 4348 4351 4350
f 4283 4284 4289
f 4356 4359 4358
f 4359 4019 4020
f 4362 4363 4196
f 4320 4364 4279
f 4370 4372 4296
f 4377 4253 4303
f 4231 4232 4201
f 4203 4212 4331
f 4037 4040 4039
f 4371 4265 4386
f 4387 4346 4347
f 3309 3293 3294
f 4099 3723 3724
f 4355 3422 3257
f 3630 3680 3693
f 4277 4278 4302
f 4350 4318 4319
f 4353 4354 4351
f 3637 3634 3639
f 4394 4395 3827
f 3311 3312 4399
f 3755 3708 4005
f 4363 4362 4259
f 3454 3453 3919
f 3446 3447 3459
f 4298 4299 4404
f 3749 3746 3769
f 3791 3741 3756
f 3643 3685 3684
f 3845 3846 3399
f 4313 3257 3258
f 4411 4413 4408
f 3843 4424 4423
f 4214 4215 4329
f 4431 4434 4433
f 3918 3861 3798
f 3927 3928 3388
f 4453 3893 3874
f 4138 4458 4457
f 3346 4460 4459
f 4100 4109 4108
f 3974 3977 3976
f 3665 3655 3652
f 3773 3565 3993
f 3945 3454 3920
f 4144 4463 4462
f 4464 4467 4466
f 3268 4142 4479
f 4484 3921 4136
f 3348 3914 4487
f 3313 3314 3912
f 3803 3621 3617
f 4086 3509 3510
f 4034 3304 3305
f 3403 3404 4171
f 4481 4482 4492
f 4177 4180 4179
f 4398 4170 3923
f 4451 4493 4494
f 4501 4075 4076
f 4509 4510 4506
f 3304 4034 4462
f 4485 4399 3312
f 3419 4488 3349
f 4356 4345 4385
f 4026 4354 4358
f 4354 4353 4357
f 3599 3596 4091
f 4341 4338 4254
f 4251 4252 4524
f 3482 3485 3484
f 3843 3543 3544
f 4295 4341 4274
f 4381 4530 4206
f 4204 4205 4531
f 4533 4536 4535
f 4542 4545 4544
f 4546 4549 4548
f 4573 4574 4547
f 4575 4578 4577
f 4221 4581 4580
f 4587 4590 4589
f 4328 4592 4589
f 4187 4565 4563
f 4595 4583 4593
f 4597 4605 4604
f 4609 4608 4611
f 4620 4623 4622
f 4612 4615 4614
f 4636 4638 4600
f 4649 4651 4650
f 4652 4655 4654
f 4662 4665 4664
f 4666 4669 4668
f 4637 4639 4685
f 4627 4701 4700
f 4684 4686 4636
f 4663 4689 4661
f 4699 4698 4697
f 4647 4648 4703
f 4709 4711 4603
f 4724 4633 4726
f 4742 4745 4744
f 3311 3923 3924
f 4698 4759 4758
f 4749 4765 4609
f 4342 4345 4344
f 4797 4800 4799
f 4490 4048 3974
f 4019 4359 4306
f 4512 3955 4514
f 3991 3988 4508
f 4692 4695 4694
f 4680 4681 4818
f 4821 4822 4824
f 4367 4239 4243
f 4833 4832 4831
f 4837 4744 4757
f 4332 4563 4562
f 4683 4835 4819
f 4845 4843 4850
f 4751 4753 4752
f 4854 4855 4695
f 4858 4719 4718
f 4822 4559 4859
f 4674 4646 4647
f 4771 4774 4773
f 4726 4727 4537
f 4714 4718 4719
f 4633 4634 4688
f 4616 4619 4618
f 4686 4684 4842
f 4869 4707 4708
f 3502 3868 3528
f 4777 4660 4737
f 4734 4732 4779
f 4883 4755 4663
f 4375 4294 4274
f 4290 4343 4335
f 4816 4815 4812
f 4778 4779 4732
f 4158 3710 4160
f 4195 4198 4197
f 3860 3861 4166
f 3758 3759 3763
f 3694 3691 4157
f 4249 4248 4391
f 3467 3470 3469
f 4209 4212 4211
f 4142 3268 4144
f 3615 3614 3617
f 3479 3480 3536
f 4883 4753 4672
f 4802 4801 4642
f 3698 3637 3638
f 4105 3725 3726
f 4848 4645 4896
f 4878 4877 4744
f 4610 4874 4748
f 4036 3403 4489
f 4355 4313 4314
f 4171 4141 4049
f 3875 3452 3216
f 4868 4865 4863
f 4623 4900 4691
f 3629 3626 4155
f 4654 4887 4898
f 4012 4015 4014
f 4902 4903 4866
f 4768 4769 4908
f 4370 4386 4385
f 4888 4860 4914
f 3546 3543 3917
f 4932 4926 4931
f 3625 3622 4151
f 3804 3669 3670
f 3816 4104 4103
f 4911 4898 4887
f 4928 4930 4927
f 4925 4929 4927
f 3655 3665 3666
f 4932 4919 4910
f 4937 4923 4912
f 4939 4938 4942
f 4228 4529 4530
f 4946 4945 4942
f 4938 4922 4923
f 4942 4938 4937
f 4951 4950 4930
f 4955 4951 4928
f 4748 4750 4615
f 4914 4860 4847
f 4824 4859 4584
f 4940 4939 4941
f 4916 4961 4960
f 4909 4907 4891
f 4971 4967 4968
f 4966 4970 4948
f 4962 4952 4953
f 4940 4935 4924
f 4831 4916 4917
f 4935 4936 4925
f 4275 4255 4261
f 4679 4758 4791
f 4016 4309 4373
f 4668 4764 4766
f 4539 4537 4727
f 4929 4925 4936
f 4775 4776 4801
f 4801 4776 4742
f 4732 4734 4611
f 4985 4984 4983
f 4534 4586 4562
f 4847 4644 4645
f 4788 4787 4619
f 4787 4788 4678
f 4657 4606 4605
f 4994 4996 4878
f 5006 5009 5008
f 5001 5003 4973
f 4814 4618 4619
f 5014 4989 4974
f 5003 5002 4972
f 5019 5006 5007
f 5024 5016 5017
f 5036 5037 5035
f 4990 5019 4975
f 5045 5033 5034
f 5048 5049 5034
f 5025 5017 5014
f 5046 5038 5043
f 5051 5052 5055
f 5044 5050 5060
f 5011 4981 5021
f 5013 5069 5068
f 5028 5073 5072
f 5077 5074 5064
f 5065 5080 5079
f 5083 5079 5080
f 5063 5067 5080
f 5054 5055 5071
f 4602 4603 4711
f 5058 5082 5083
f 4982 4983 4792
f 5041 5033 5045
f 3909 3911 3278
f 3471 3474 3473
f 5002 5003 4994
f 5060 5080 5067
f 4892 4861 4862
f 4891 4813 4884
f 4996 4994 5003
f 4997 5015 5005
f 4813 4617 4614
f 4618 4814 4827
f 5089 5090 5093
f 3303 3306 3305
f 5100 5103 5102
f 5107 5110 5109
f 5110 5115 5092
f 4610 4611 4734
f 5112 5103 5100
f 5088 5091 5090
f 5119 5118 5117
f 5092 5115 5096
f 3826 3830 3829
f 5108 5109 5102
f 5100 5130 5087
f 5118 5131 5133
f 3783 3689 3690
f 4444 4447 4446
f 5151 5153 5150
f 4790 4616 4617
f 4332 4182 4190
f 3266 3267 4451
f 3211 3947 3332
f 4741 4796 4760
f 4775 4778 4777
f 4764 4665 4691
f 4489 4171 4048
f 4466 4477 4511
f 4518 3936 3930
f 4786 4787 4791
f 4980 5005 4984
f 5144 5152 5150
f 5159 5146 5148
f 5121 5119 5120
f 5169 5164 5162
f 5016 4978 4979
f 5123 5180 5179
f 5181 5180 5140
f 5175 5185 5184
f 4575 4581 4586
f 4984 4985 4976
f 4596 4599 4598
f 5182 5181 5183
f 4785 4619 4787
f 5137 5124 5122
f 5167 5179 5180
f 4835 4683 4898
f 4687 4727 4726
f 4176 3836 4170
f 4760 4761 4655
f 4681 4680 4649
f 5121 5093 5132
f 5171 5191 5178
f 5174 5178 5191
f 5169 5193 5194
f 4909 5094 5095
f 5105 5104 5112
f 4767 5108 5126
f 5201 5202 5205
f 5219 5218 5217
f 5229 5214 5200
f 5234 5237 5236
f 4069 4072 4071
f 4724 4725 4717
f 5108 4767 4768
f 5103 5195 5126
f 5227 5218 5211
f 5015 4997 4884
f 4997 4998 4892
f 5197 5198 5215
f 5241 5199 5247
f 5013 4975 5019
f 5205 5239 5232
f 4969 4967 4971
f 5239 5205 5249
f 4808 5243 5225
f 5216 5247 5199
f 5253 5245 5242
f 5235 5236 5255
f 5135 5148 5157
f 5264 5260 5267
f 5245 5203 5215
f 5260 5261 5269
f 5264 5266 5274
f 5154 5153 5173
f 5287 5272 5278
f 5256 5301 5300
f 5173 5174 5176
f 4631 4630 4629
f 4781 4784 4783
f 5309 5307 5311
f 5155 5156 5144
f 4826 4828 4827
f 5291 5295 5308
f 5310 5311 5281
f 5311 5307 5308
f 4036 4033 4176
f 4641 4716 4704
f 5220 5224 4804
f 4770 5206 5207
f 5188 5185 5175
f 5180 5123 5129
f 4626 4700 5314
f 4731 4728 5315
f 5222 5213 5210
f 4728 4882 5316
f 5230 5219 5216
f 5297 5296 5240
f 5204 5233 5208
f 5318 4868 4864
f 5273 5272 5287
f 5221 5210 5219
f 4700 4902 5321
f 5313 5314 5328
f 5157 5149 5154
f 5275 5276 5263
f 5324 5322 5318
f 5323 5332 5331
f 5343 5334 5345
f 5306 5310 5286
f 5278 5281 5311
f 4882 4625 5320
f 5109 5110 5114
f 5123 5087 5130
f 5299 5283 5284
f 5240 5198 5199
f 5229 5231 5197
f 5305 5302 5292
f 5233 5228 5225
f 5192 5190 5194
f 5104 5105 4670
f 5146 5159 5160
f 5337 5340 5347
f 5347 5340 5341
f 5353 5346 5335
f 5349 5355 5354
f 5355 5358 5357
f 5358 5355 5360
f 5355 5349 5348
f 5342 5366 5365
f 5345 5346 5362
f 5332 5364 5367
f 5372 5371 5315
f 5370 5365 5366
f 5361 5356 5354
f 5364 5365 5368
f 5369 5344 5362
f 5316 5320 5330
f 5373 5359 5371
f 5341 5342 5364
f 5374 5358 5359
f 5329 5376 5375
f 5377 5380 5379
f 5377 5376 5331
f 5380 5377 5367
f 5363 5383 5370
f 5357 5358 5374
f 5381 5385 5361
f 4814 4815 4825
f 4825 4815 4816
f 4806 4746 4747
f 5119 5121 5131
f 4696 4697 4893
f 4696 5389 5390
f 5213 5222 5388
f 5393 5389 5388
f 5380 5382 5384
f 5213 5387 4893
f 4813 4891 4908
f 5390 5392 4693
f 5294 5289 5287
f 5184 5185 5186
f 5285 5275 5253
f 4769 4789 4790
f 5327 5371 5359
f 4598 4621 4690
f 4608 4606 4733
f 4627 4624 4609
f 4596 4604 4851
f 4900 4623 4706
f 4668 4795 5395
f 4863 4865 4639
f 5392 5393 4666
f 4872 4650 4651
f 4807 4791 4758
f 5348 5338 5325
f 5176 5191 5190
f 5046 5031 5022
f 4853 4852 4869
f 5346 5353 5363
f 4709 4880 4620
f 4672 4673 4904
f 4680 4811 4651
f 4841 4844 4688
f 4823 4817 4818
f 4729 4730 4602
f 4881 4729 4851
f 5360 5348 5326
f 4852 4900 4707
f 4890 4751 4669
f 5392 5390 5389
f 5189 5182 5186
f 4881 4604 4605
f 5343 5344 5369
f 4607 4624 4625
f 5056 5055 5052
f 4850 4797 4798
f 3260 5399 5398
f 4855 4736 4899
f 5339 5343 5366
f 4789 4905 4808
f 5400 4040 3948
f 3872 3424 4046
f 4018 3423 3424
f 4025 4523 4172
f 4011 4023 4024
f 4065 4068 3900
f 3413 4012 4013
f 5056 5068 5069
f 5055 5056 5070
f 4062 5398 5399
f 5269 5289 5294
f 4685 4866 4903
f 5254 5242 5240
f 4606 4657 4658
f 4729 4881 4882
f 4030 4041 4043
f 4664 4752 4753
f 3575 3483 3904
f 3413 3410 3922
f 4949 4968 4955
f 4947 4937 4913
f 4849 4850 4894
f 4143 3974 3975
f 4912 4923 4932
f 3774 3771 3995
f 3956 3954 3342
f 4871 4872 4758
f 4270 4273 4272
f 4039 4040 5400
f 3555 3969 5402
f 5403 5404 3906
f 3908 4126 3823
f 4124 4121 5408
f 3901 3902 4046
f 4120 4117 5410
f 4124 3962 4125
f 5420 3906 5404
f 5424 4059 5425
f 3400 5429 5428
f 5432 5433 5435
f 4941 4942 4945
f 4935 4940 4949
f 3895 3898 3897
f 5426 5408 4121
f 5430 3905 3906
f 4045 4041 5398
f 5395 4693 5392
f 4846 4903 4701
f 4880 4709 4710
f 4624 4607 4608
f 4656 4690 4662
f 5305 5307 5309
f 5220 5223 5222
f 4230 4223 4327
f 5030 5073 5028
f 5213 5212 5211
f 5440 3272 3269
f 4396 4397 3980
f 5447 5448 3244
f 3328 3330 5451
f 4208 4391 4248
f 4599 4620 4621
f 4528 4339 4391
f 4529 4228 4199
f 4526 4338 4339
f 4256 4235 5452
f 4532 5452 4241
f 3834 4400 5446
f 5443 5445 5444
f 4530 4247 4334
f 4754 4886 4904
f 4229 4228 4381
f 4205 4382 4383
f 4892 4998 4987
f 4039 4032 3976
f 4738 4780 4796
f 4833 4835 4897
f 4232 4527 4200
f 4194 4240 4241
f 4889 4794 4750
f 4194 4191 4365
f 4531 4383 4195
f 5043 5042 5062
f 4182 4332 4561
f 5446 5447 3241
f 5237 5239 5248
f 4206 4334 4382
f 5210 5211 5218
f 3426 3922 3417
f 4216 4191 4192
f 4219 4210 4184
f 4180 4561 4380
f 4327 4595 4591
f 4223 4230 4231
f 4215 4192 4360
f 4186 4568 4218
f 4190 4330 4209
f 4223 4220 4595
f 4326 4591 4328
f 4366 4389 4568
f 4570 4548 4549
f 4579 4573 4548
f 4563 5453 4533
f 4583 4595 4220
f 4586 4380 4561
f 4239 4196 4363
f 4572 4571 4567
f 4536 4539 4585
f 4538 5453 4566
f 4536 4533 5453
f 3573 3986 3983
f 5427 3963 3552
f 4553 4587 4588
f 4593 4554 4555
f 4368 4365 4183
f 4361 5452 4235
f 4233 4369 4527
f 4233 4230 4324
f 4212 4209 4330
f 4237 4324 4325
f 4193 4241 5452
f 4983 5015 4885
f 5002 4995 4986
f 5074 5077 5076
f 4698 4699 5391
f 5391 4699 5390
f 4871 4899 4650
f 4546 4857 4543
f 4553 4550 4901
f 4552 4588 4555
f 5223 4804 4805
f 5386 5382 5383
f 5317 5315 5371
f 3240 3237 4429
f 5384 5385 5381
f 3938 3217 3218
f 3942 3943 5455
f 5361 5385 5386
f 4542 4540 4541
f 3910 5430 5420
f 3939 3333 4060
f 3851 5350 5351
f 3838 5427 3556
f 4547 4858 4857
f 5442 5443 4050
f 3385 3874 5428
f 4257 4234 4235
f 5312 5212 4893
f 4212 4203 4204
f 3854 3849 5461
f 4226 4184 4210
f 4202 4177 4178
f 3316 3983 3897
f 5464 5465 4432
f 5465 5466 3883
f 4472 4469 4449
f 4501 4472 4450
f 4074 4075 4080
f 5473 5474 5401
f 4173 4172 5475
f 3432 3429 3520
f 3462 5505 5504
f 4075 4501 4494
f 5482 5481 3387
f 5468 5471 5470
f 3427 5421 5422
f 4498 4499 4487
f 5403 3824 5414
f 3382 5523 5522
f 3492 5512 5511
f 3429 3434 3517
f 3873 5522 5524
f 5480 5479 3350
f 3477 5508 5505
f 4507 4508 5544
f 4396 5550 5551
f 3374 5552 5553
f 3373 5553 5554
f 5479 4521 4063
f 3390 5554 5555
f 5531 5525 5566
f 3368 5568 5567
f 5556 5557 5560
f 3393 5555 5557
f 4433 3364 5463
f 5464 5463 5458
f 4435 4437 4439
f 4055 4393 3277
f 3273 3278 3911
f 3395 3357 3358
f 5486 3894 4071
f 5526 4455 4453
f 5525 5570 5569
f 5568 3526 3527
f 3527 3362 3847
f 3365 5461 3849
f 5462 3849 3850
f 4435 4436 5571
f 3378 3379 3943
f 5573 5578 5577
f 4438 5455 3943
f 5477 5574 5579
f 5582 5581 5580
f 5583 5580 5581
f 5586 5585 5588
f 4074 5472 5586
f 5583 5585 5474
f 4507 5589 5590
f 5573 5478 4522
f 3989 5595 5596
f 5594 3406 3407
f 4436 3381 5572
f 5591 3990 3991
f 4507 4475 4476
f 3990 5591 5587
f 5578 3409 3406
f 5595 3989 5584
f 5484 3394 3358
f 4441 4442 5467
f 5472 4074 4077
f 5522 5599 5570
f 5486 3358 3353
f 5481 4498 3386
f 3475 5506 5492
f 5476 4523 3899
f 5540 5541 5606
f 5542 5540 5603
f 5608 5543 5542
f 5608 5607 5545
f 5607 5603 5609
f 5599 5600 5548
f 5598 5592 5543
f 5595 5594 5593
f 5588 5584 3989
f 5626 3265 3266
f 5627 3266 4448
f 5469 4449 4469
f 4515 4517 5625
f 4503 4473 4474
f 4481 5626 5627
f 4500 5628 5469
f 3414 4468 5466
f 5594 5595 5581
f 3376 3377 4430
f 3444 3944 3941
f 5572 3944 3444
f 4273 4286 4287
f 4345 4356 4357
f 4386 4304 4305
f 4517 4462 4463
f 4352 4349 4319
f 4352 4250 4251
f 4268 4277 4390
f 4264 5629 4320
f 4346 4387 4282
f 4337 4335 4343
f 4289 4244 4245
f 4303 4378 4287
f 4343 4290 4291
f 4284 4333 4244
f 4375 4519 4291
f 4379 4319 4271
f 4337 4353 4348
f 4524 4525 4295
f 4364 4362 4197
f 4285 4282 4390
f 5206 5209 5208
f 4297 5629 4371
f 4346 4283 4286
f 4285 4300 4333
f 3571 3572 4395
f 5341 5340 5339
f 5346 5345 5334
f 5269 5261 5273
f 4510 4509 5609
f 4509 4474 5545
f 4445 4446 5611
f 5566 5569 5568
f 5349 5336 5338
f 5489 5490 3401
f 5565 5566 3368
f 5496 5497 5417
f 5523 3382 3383
f 5325 5338 5347
f 5523 5600 5599
f 5429 3400 3401
f 3887 5632 5631
f 5634 5613 5600
f 5276 5280 5279
f 5298 5297 5257
f 5087 5086 5085
f 3361 3526 5612
f 5041 5061 5066
f 5487 5488 3383
f 5101 5116 5130
f 5299 5298 5300
f 5333 5336 5335
f 5302 5305 5304
f 5234 5247 5216
f 5301 5256 5255
f 4868 5318 5322
f 5281 5278 5277
f 5323 5321 5322
f 5298 5284 5296
f 4885 4829 4750
f 5231 5230 5196
f 4625 4626 5313
f 5111 5113 5085
f 5600 5613 5549
f 5531 5564 5563
f 5165 5166 5182
f 5283 5280 5285
f 4269 4276 4277
f 5610 5609 5603
f 5127 5090 5091
f 4907 5095 5125
f 5277 5278 5272
f 5596 5593 5592
f 5212 5312 5226
f 5273 5261 5262
f 5302 5301 5258
f 5635 5646 5645
f 4250 4352 4379
f 4485 4136 3405
f 4354 4026 4023
f 4265 4262 4304
f 4388 4390 4282
f 4345 4342 4384
f 4362 4364 4297
f 4836 4765 4612
f 4360 4361 4236
f 4369 4233 4237
f 5647 5636 3986
f 5650 3965 3192
f 5337 5338 5336
f 4467 4478 4477
f 4253 4377 4340
f 4429 3416 5457
f 3997 4133 3915
f 5535 3856 3839
f 5538 5541 4460
f 3439 3376 5571
f 5570 5525 5526
f 3438 5571 5572
f 4440 4468 3879
f 3440 5665 4407
f 3886 5685 5695
f 5534 5529 5396
f 5685 3886 3471
f 4278 4198 4301
f 5628 4448 4449
f 3579 3537 3538
f 4480 5627 5628
f 4402 5499 5517
f 4279 4197 4198
f 3603 3534 3532
f 3580 3594 4088
f 4095 3530 3531
f 5248 5249 5251
f 3778 3819 3999
f 4617 4618 4613
f 4375 4275 4372
f 3411 3405 4136
f 5094 5106 5111
f 3602 3532 3535
f 4023 4011 4350
f 4349 4352 4336
f 3605 3535 3536
f 4469 4472 4471
f 4094 3531 3593
f 4248 4249 4245
f 3519 5521 5518
f 5254 5296 5284
f 4852 4853 4795
f 4265 4371 5629
f 5632 5499 5503
f 3604 3611 3612
f 5549 5501 5502
f 3653 3606 3607
f 4780 4738 4873
f 4988 4989 4979
f 4491 5625 5626
f 4837 4904 4995
f 4615 4612 4765
f 5468 4469 4470
f 3514 3470 3467
f 5491 5680 4409
f 4093 3618 3619
f 4364 4320 5629
f 3488 5510 5509
f 5606 5539 5611
f 4210 4219 4189
f 4600 4603 4602
f 5242 5215 5198
f 5073 5074 5075
f 5651 5657 3940
f 3996 3541 3775
f 5200 5203 5202
f 5525 5531 5527
f 3364 4433 4434
f 3775 3541 3542
f 3941 3833 5485
f 3731 3706 4105
f 4997 5000 4999
f 4508 5598 5608
f 4101 4099 3818
f 3728 4109 4103
f 4591 4593 4592
f 4539 4536 4538
f 4550 4553 4552
f 4541 4566 4567
f 4389 4579 4570
f 4582 4583 4580
f 4976 4979 4978
f 4705 4708 4707
f 4797 4850 4843
f 3713 3729 3730
f 4675 4647 4702
f 4977 4978 4981
f 4810 4818 4817
f 4786 4811 4812
f 4715 4631 4628
f 4978 5016 5021
f 5010 5009 5006
f 3722 3743 4162
f 4558 4557 4560
f 4568 4570 4569
f 4584 4578 4535
f 4641 4631 4715
f 5026 5014 5012
f 4776 4777 4745
f 4714 4628 4712
f 4982 4996 5001
f 4576 4577 4560
f 4564 4567 4566
f 5069 5013 5018
f 5057 5052 5048
f 4810 4812 4811
f 3710 4158 3786
f 4991 4992 4999
f 5011 5009 5010
f 5008 5020 5022
f 5066 5067 5063
f 5047 5037 5024
f 5050 5049 5051
f 5023 5021 5016
f 5045 5044 5059
f 5047 5025 5026
f 3711 3712 3724
f 5048 5035 5037
f 5042 5040 5063
f 5058 5053 5051
f 5036 5038 5046
f 3715 3699 3700
f 5235 5256 5257
f 3732 3729 3704
f 5030 5031 5062
f 5020 5021 5023
f 5263 5262 5261
f 5049 5050 5044
f 5236 5248 5250
f 5031 5030 5027
f 5043 5038 5039
f 5320 5313 5329
f 5049 5048 5052
f 5326 5319 5317
f 3264 3261 3288
f 5264 5265 5263
f 4998 4999 4992
f 5009 5011 5020
f 5036 5032 5039
f 5032 5035 5034
f 4355 4317 3949
f 4269 4266 4374
f 4253 4250 4378
f 4525 4524 4252
f 3960 4112 4111
f 4372 4275 4258
f 5681 5672 5673
f 4378 4379 4272
f 4270 4347 4346
f 3244 5448 5644
f 4899 4703 4648
f 3734 3732 3702
f 4138 3346 3343
f 4192 4193 4361
f 3813 4001 3812
f 3817 3695 3696
f 5668 5683 5682
f 5690 5691 5687
f 5499 5632 5700
f 3999 3819 3820
f 3745 3742 4102
f 5684 3471 3472
f 5702 3859 3860
f 5712 5713 5693
f 3249 3277 4393
f 5695 5683 5715
f 5694 5715 5716
f 5719 3972 5601
f 4918 4919 4950
f 4774 4742 4743
f 5505 4415 4411
f 3583 3584 3585
f 3710 3687 4157
f 5513 5725 4417
f 5704 3563 4146
f 4141 4045 4062
f 5669 5689 5688
f 3898 3895 5653
f 5718 3973 3972
f 5684 5687 5686
f 3917 4131 5717
f 3463 5666 5662
f 5492 5506 5680
f 4931 4930 4950
f 5665 3440 3441
f 3788 3717 3740
f 3501 3502 3529
f 3569 3570 3477
f 5516 5728 5727
f 3564 3567 3566
f 3892 5405 5406
f 3962 4124 5407
f 4126 3908 4123
f 4116 3296 3287
f 3892 3887 5630
f 3824 3432 5413
f 4408 4409 5680
f 3969 3966 3978
f 4408 4413 3449
f 4414 3448 3449
f 3962 3261 3262
f 4425 5724 5616
f 4418 5725 5727
f 5716 5597 5575
f 5719 5720 5717
f 5698 5498 5692
f 3880 5621 4166
f 5652 3212 5520
f 5621 5623 4167
f 5679 4409 4410
f 3210 3209 3355
f 5622 5534 5451
f 5416 5417 5497
f 5729 5732 5731
f 5733 5734 3761
f 5735 5738 5737
f 5750 5752 5751
f 5744 5745 5740
f 5744 3770 3753
f 5753 5754 5730
f 5757 5758 5736
f 5731 5752 5765
f 5774 5777 5776
f 5790 5793 5792
f 5796 5786 5787
f 5817 5814 5819
f 5828 5831 5830
f 3725 4105 3751
f 4874 4734 4873
f 4700 4701 4903
f 4740 4820 4876
f 3199 3202 3201
f 4100 4102 4099
f 3749 3767 4108
f 3695 3817 3712
f 3378 3381 3380
f 5504 4411 4412
f 4405 4402 5518
f 5838 5839 5835
f 4705 4632 4712
f 5832 5831 5828
f 5697 5677 5678
f 3791 4006 4005
f 5848 5791 5794
f 3714 3700 3701
f 3995 4148 4042
f 3329 3326 3224
f 4005 3708 3705
f 4551 4762 4763
f 5855 5798 5808
f 5851 5795 5792
f 5803 5801 5858
f 5844 5843 5840
f 5762 5759 5743
f 5808 5809 5806
f 4012 3413 3426
f 5558 3513 3467
f 4550 4763 4720
f 4950 4951 4953
f 3885 3886 5694
f 5705 5706 4081
f 5508 4417 4415
f 3745 3759 3760
f 5507 4412 5680
f 3592 3536 3588
f 3895 5434 5658
f 5613 5500 5501
f 3834 3830 4393
f 5527 4454 4455
f 5775 5806 5809
f 5766 5767 5813
f 5858 5811 5812
f 5855 5815 5811
f 5863 5820 5819
f 5826 5859 5863
f 5862 5866 5833
f 5870 5871 5837
f 5782 5783 5831
f 5868 5838 5836
f 5778 5779 5843
f 5866 5870 5845
f 5785 5864 5867
f 5790 5788 5789
f 5796 5797 5794
f 5821 5818 5819
f 5657 5651 5620
f 5793 5849 5852
f 5855 5858 5801
f 5853 5847 5786
f 5804 5805 5802
f 5827 5867 5864
f 5767 5768 5821
f 5854 5857 5776
f 5860 5817 5818
f 5782 5832 5825
f 5781 5778 5844
f 5810 5811 5815
f 5867 5827 5830
f 5809 5808 5798
f 5828 5829 5863
f 5865 5841 5838
f 5801 5803 5802
f 4086 5707 3795
f 5779 5780 5842
f 5827 5826 5829
f 5839 5872 5869
f 5814 5815 5855
f 5711 4132 3859
f 4958 4957 4917
f 5861 5818 5821
f 5863 5859 5812
f 5865 5868 5823
f 5873 5836 5837
f 5872 5839 5842
f 4089 3455 3563
f 3812 3787 3785
f 5770 5771 5787
f 5789 5786 5847
f 5793 5789 5846
f 4145 4147 4146
f 5848 5773 5790
f 3953 4008 4009
f 5748 5875 5874
f 4624 4627 4626
f 4665 4764 4752
f 4775 4780 4779
f 4746 4670 4671
f 4637 4600 4601
f 4828 4612 4613
f 4704 4763 4762
f 4843 4845 4727
f 4543 4717 4725
f 4731 4864 4863
f 4723 4594 4558
f 4842 4846 4840
f 4717 4543 4857
f 4865 4868 4867
f 5841 5865 5866
f 4725 4726 4540
f 4798 4799 4816
f 4632 4635 4634
f 4720 4716 4715
f 4642 4645 4644
f 3754 4007 5874
f 4860 4761 4644
f 4674 4723 4722
f 4808 4809 4676
f 4721 4722 4822
f 5876 5878 5877
f 4836 4838 4840
f 4658 4661 4660
f 4826 4799 4800
f 4877 4782 4743
f 4948 4970 4971
f 4875 4739 4876
f 4954 4933 4934
f 5773 5770 5788
f 5825 5832 5833
f 5834 5837 5836
f 5834 5844 5845
f 3359 3362 3361
f 5732 5729 3756
f 3394 3397 3396
f 3766 3769 5741
f 5774 5809 5799
f 5805 5776 5857
f 5813 5821 5820
f 3969 3555 3964
f 5667 5668 5674
f 5729 5747 3792
f 3770 5744 5741
f 4741 4740 4739
f 4689 4737 4660
f 5772 5797 5787
f 5735 5733 3758
f 5850 5772 5773
f 5617 5528 3965
f 5799 5800 5854
f 5875 5748 5764
f 5840 5843 5842
f 5861 5768 5769
f 5807 5804 5853
f 5869 5781 5834
f 3765 3768 5739
f 5882 5884 5761
f 5881 5879 5887
f 5895 5896 5898
f 5907 5905 5906
f 5909 5907 5908
f 4234 4257 4526
f 3912 3927 3389
f 5934 8731 8730
f 8730 8731 5930
f 4920 4923 4922
f 8845 8847 8853
f 4141 4171 3404
f 3733 3705 3706
f 8849 8847 8848
f 4234 4237 4236
f 8863 8858 5919
f 3733 4002 4004
f 5908 5906 8859
f 8865 8866 8871
f 8859 8858 8863
f 5927 5924 5925
f 5911 5903 5904
f 8878 8871 8866
f 5635 5638 5637
f 5745 5744 5746
f 3552 3555 3554
f 8857 8889 8890
f 5924 5927 8860
f 3553 3557 3556
f 5919 5920 8861
f 8869 8865 8870
f 8873 8871 8878
f 8856 8857 8875
f 8862 8861 5889
f 8846 8845 8844
f 8864 8863 8866
f 8729 8730 8883
f 8848 8846 8887
f 8878 8879 5888
f 8896 8854 8855
f 8853 8854 8896
f 8841 8842 5882
f 3489 3492 3491
f 8867 8859 8864
f 5910 5908 8867
f 5914 5910 8898
f 5916 5914 8899
f 5889 8861 8860
f 8876 8878 8893
f 5918 5916 8900
f 4424 5722 5726
f 8904 8903 8900
f 8909 8908 8904
f 8908 8907 8903
f 8869 8909 8905
f 3632 3668 3667
f 3687 3690 3689
f 3636 3682 3681
f 3664 3641 3639
f 4304 4307 4306
f 8909 8869 8891
f 3681 3696 3695
f 3758 3761 3760
f 3684 3701 3700
f 3721 3724 3723
f 3941 3944 3943
f 3738 3741 3740
f 3687 3710 3709
f 3238 3239 3938
f 4249 4303 4288
f 4499 4498 3344
f 4240 4194 4368
f 3453 3451 3951
f 4401 3971 3547
f 3950 3951 3451
f 3702 3704 3701
f 3725 3728 3727
f 3194 3207 3208
f 4034 4035 4461
f 3914 3348 3913
f 3483 3575 3533
f 3191 3958 3957
f 4292 3489 3970
f 3909 3910 3428
f 3959 3960 3866
f 4017 4308 4309
f 4316 4318 4008
f 4448 4451 4450
f 4414 4415 4417
f 3435 3430 3351
f 4413 4411 4415
f 3899 3902 3901
f 3780 3781 3648
f 3474 3471 3886
f 3958 3191 3192
f 3221 3223 3935
f 3905 3908 3907
f 3913 4488 4486
f 4420 4422 4421
f 3881 3884 3883
f 4004 3788 3790
f 4271 4319 4318
f 4259 4297 4296
f 3501 4003 4066
f 5897 5898 5900
f 5901 5902 5904
f 8854 8849 8856
f 3789 3785 3786
f 3651 3648 3781
f 5924 5899 5901
f 8870 8871 8873
f 8876 8877 8874
f 5912 5917 5918
f 3805 3918 3799
f 3369 3370 3395
f 3923 3926 3925
f 3916 3917 3512
f 3641 3664 3801
f 4276 4269 4323
f 4181 4229 4331
f 4428 4430 3377
f 3495 4425 4321
f 4436 4435 3380
f 4430 4428 4437
f 3945 3957 3958
f 4065 3901 4047
f 4495 4497 3408
f 8913 8912 8915
f 8911 8910 8917
f 8889 8922 8923
f 8919 8935 8931
f 8884 8914 8918
f 8922 8921 8931
f 5852 5907 5909
f 5866 5862 5915
f 8926 8918 8914
f 8914 8884 8883
f 8886 8919 8921
f 5846 5847 5894
f 5873 5902 5900
f 8893 5888 5764
f 8894 8893 5754
f 5890 8860 5927
f 5885 8896 5755
f 5871 5904 5902
f 5763 8936 5883
f 5880 5890 8936
f 4175 4176 4398
f 4274 4254 4255
f 8883 8730 5931
f 8868 8905 8898
f 3289 4059 3247
f 3858 3855 5485
f 8850 8848 8886
f 4116 4120 5409
f 3889 5406 4127
f 3678 3679 8938
f 8857 8850 8888
f 3979 3551 3294
f 4126 3352 3431
f 3651 4000 3679
f 3460 3858 5921
f 4084 3309 3310
f 8905 8904 8899
f 3561 3327 5397
f 3213 3965 5528
f 4191 4194 4193
f 5449 5450 5532
f 4142 3975 4031
f 4060 3947 5652
f 4480 4483 4482
f 5519 5520 3212
f 5657 5451 3330
f 4473 4476 4475
f 3514 3515 5668
f 5663 5670 5669
f 8881 5929 5926
f 5734 5733 5749
f 4788 4789 4677
f 3997 3996 3538
f 3551 3486 3310
f 3577 3578 3998
f 4893 4697 4676
f 4753 4751 4671
f 8729 8884 8885
f 3813 3703 9021
f 8938 4001 3813
f 8882 5931 5929
f 4098 5701 3820
f 3399 5405 5416
f 5494 5495 5503
f 5880 5877 5878
f 4986 4673 4861
f 4999 5000 5004
f 4985 5001 4988
f 5816 5769 5766
f 4372 4370 4384
f 5688 5691 5692
f 8903 8902 8901
f 8879 8862 5887
f 8902 8881 8880
f 5919 5893 5895
f 4519 4384 4342
f 8847 8849 8854
f 5925 5901 5903
f 4021 3899 4523
f 5678 5677 5676
f 4424 3843 4085
f 5701 3576 3577
f 5928 5925 5926
f 5000 5005 4980
f 9022 4147 3545
f 9024 9025 5409
f 4008 4011 4010
f 3931 3234 4516
f 3822 3806 3807
f 8851 8852 8844
f 5728 5516 5509
f 9025 9023 4115
f 5209 5200 5201
f 4820 4740 4653
f 3988 5596 5598
f 3370 3911 3357
f 5639 5642 5641
f 5592 4511 4477
f 3378 3944 5572
f 5625 4463 3265
f 5594 5582 5577
f 3302 5649 5645
f 3274 3277 3278
f 5207 5208 5233
f 5071 5070 5072
f 4815 4814 4785
f 4796 4802 4643
f 3243 3244 5643
f 5301 5302 5303
f 5431 3562 5655
f 5251 5249 5244
f 3353 3427 3523
f 4174 3404 3405
f 3546 4114 4113
f 4002 3789 3788
f 4196 4239 4238
f 3232 5646 5647
f 4373 4374 4266
f 4867 5322 5321
f 5648 4054 4058
f 4455 4070 3893
f 5593 3407 4511
f 5275 5265 5252
f 5252 5265 5274
f 4092 3619 3624
f 3723 3742 3743
f 4780 4775 4802
f 4059 3289 3560
f 4317 4355 4347
f 5188 5190 5192
f 5570 5599 5612
f 3385 5429 5633
f 3526 5568 5569
f 3576 5701 3608
f 3581 3542 3594
f 5239 5237 5238
f 5081 5079 5083
f 4369 4526 4528
f 4325 4326 4329
f 3569 3285 3286
f 9022 9026 4112
f 3661 3662 3801
f 5074 5073 5030
f 5064 5062 5063
f 3563 3497 3498
f 3961 5407 4119
f 4854 4853 4870
f 5018 5007 5028
f 5007 5008 5027
f 5040 5042 5039
f 3240 3375 3875
f 5070 5069 5029
f 3504 3481 3866
f 3537 3579 3591
f 5033 5041 5039
f 4710 4638 4635
f 5017 4979 4989
f 5024 5037 5046
f 4991 5006 5019
f 4587 4553 4574
f 4996 4982 4793
f 5066 5061 5059
f 5221 5230 5231
f 5068 5056 5057
f 3675 3676 3643
f 3663 3674 3675
f 4722 4558 4559
f 3579 3576 3590
f 3686 3676 3677
f 4422 4420 3499
f 5142 5141 5138
f 5078 5071 5075
f 3609 3589 3590
f 3288 3961 5411
f 5424 9024 5410
f 5152 5144 5156
f 3960 5704 5709
f 4946 4956 4957
f 3867 3903 5705
f 9026 9022 4113
f 5192 5193 5189
f 5161 5164 5194
f 3637 3698 3682
f 4392 5461 3847
f 3796 4114 4149
f 4104 3716 3727
f 3594 3595 3993
f 3796 3793 4134
f 3687 3688 4156
f 3760 3761 4164
f 4464 3344 3345
f 3485 3528 3868
f 3846 3845 5423
f 3409 4520 4496
f 3767 3768 3765
f 3711 3721 4159
f 3797 4132 4087
f 4072 4069 5562
f 4502 4076 5590
f 5408 5426 9027
f 5683 5695 5714
f 5702 3772 4110
f 5623 4042 4148
f 5428 3874 3525
f 3668 3803 3802
f 4000 4001 8938
f 4221 4222 4179
f 4267 4268 4388
f 3721 3722 4161
f 3903 5659 5706
f 3583 3580 4090
f 3894 5486 3524
f 4635 4638 4636
f 4173 5401 4009
f 4890 4666 5393
f 5290 5291 5293
f 5339 5340 5337
f 5458 5459 4438
f 3251 5419 5430
f 3252 5418 5419
f 3428 5420 5421
f 3571 5426 5418
f 4583 4582 4554
f 4239 4367 4224
f 3322 3898 5450
f 5309 5310 5306
f 4109 3728 3748
f 5707 3865 3794
f 5139 5184 5183
f 5271 5270 5290
f 5280 5283 5282
f 5110 5107 5125
f 5319 4864 4731
f 5334 5343 5339
f 5423 3522 3523
f 5376 5377 5378
f 4721 4681 4646
f 3719 4158 4159
f 4853 4854 4692
f 5373 5372 5330
f 4428 5457 5456
f 5376 5329 5328
f 3337 3367 4434
f 4692 4693 5395
f 5475 4172 4523
f 5478 3900 4068
f 5421 5404 4129
f 5374 5373 5375
f 5283 5299 5306
f 5246 5247 5234
f 5154 5149 5150
f 4458 5562 5561
f 5163 5159 5158
f 5381 5374 5378
f 3397 3394 5484
f 4457 5561 5563
f 5147 5143 5150
f 4474 4475 5544
f 5325 5318 5319
f 5223 5394 5388
f 5517 5700 3521
f 4499 5480 3347
f 5404 5403 4128
f 3476 5507 5506
f 4084 5516 5515
f 3900 5478 5477
f 5536 5564 5547
f 5491 5498 5493
f 5474 5472 4139
f 4063 4521 4522
f 4459 4460 5541
f 5548 5549 3360
f 5444 5445 5550
f 3888 3889 5415
f 5546 5547 3339
f 5536 5539 5538
f 3570 5513 5508
f 4471 4502 5589
f 4280 3848 3359
f 5499 4402 4403
f 5189 5193 5169
f 5543 4477 4478
f 4051 5551 5552
f 3461 5504 5507
f 4629 4630 4870
f 5106 5094 4909
f 5286 5281 5279
f 5462 5463 3364
f 3491 5511 5514
f 5224 5220 5231
f 4478 4459 5540
f 4099 4102 3742
f 4803 4806 4805
f 4130 5423 5422
f 4470 4471 4476
f 4924 4925 4921
f 4920 4921 4927
f 4993 4986 4987
f 4887 4888 4913
f 3894 3893 4070
f 5472 5474 5585
f 3508 4135 4134
f 3603 3600 4096
f 3772 3773 3992
f 5712 5664 5671
f 3739 3718 4162
f 5683 5668 3515
f 5480 4465 4495
f 5698 5699 5493
f 3578 3538 3996
f 3645 3646 4154
f 5660 3904 3466
f 4135 9026 5710
f 5587 5591 4073
f 5687 5689 5693
f 3584 3583 4091
f 5585 5583 5584
f 4128 5414 5415
f 4257 4254 4338
f 4222 4231 4178
f 4366 4365 4191
f 5098 5099 5091
f 5761 5757 5737
f 5760 5737 5738
f 8852 8842 5934
f 8874 8877 8855
f 8895 8897 8855
f 5884 5882 8842
f 4557 4554 4582
f 8890 8923 8917
f 8918 8926 8930
f 8924 8926 8915
f 4182 4181 4330
f 3864 5708 5711
f 3574 3317 3230
f 3342 3954 3415
f 3488 3486 3549
f 4317 4316 3953
f 3672 3659 4152
f 5708 3864 3865
f 9021 3703 3685
f 3621 3618 3616
f 5728 4422 4419
f 4311 4027 4028
f 4131 3917 3543
f 4426 3496 3842
f 4518 3956 4168
f 5457 5465 5464
f 5425 3560 3558
f 5458 4439 4437
f 3416 3414 5465
f 5638 9028 5437
f 3985 3986 5636
f 5646 5635 5636
f 9023 9025 3554
f 5722 5510 5514
f 3256 3933 3934
f 4164 3761 5734
f 8885 8918 8920
f 3282 3932 3929
f 3292 4394 3320
f 3232 3229 3300
f 3303 3236 3271
f 3562 5431 5432
f 3392 3387 3388
f 3854 5922 5350
f 5463 5462 5459
f 5935 3474 3885
f 3879 3415 3954
f 3928 3372 3391
f 4137 5559 4458
f 5454 5455 3850
f 3548 3490 3549
f 4443 4500 5470
f 4452 4505 4506
f 4468 3414 3415
f 4443 4440 3876
f 3234 3235 4515
f 5434 3895 3896
f 5448 5440 5441
f 5447 5446 5443
f 4442 5470 5471
f 5550 4056 3275
f 5578 5573 4520
f 3464 5667 5666
f 4701 4627 4839
f 3259 5398 4041
f 4015 4012 3423
f 3558 3323 3982
f 4856 4894 4823
f 4741 4652 4653
f 3759 3745 4106
f 3560 3289 3290
f 9024 5424 3557
f 5438 3279 3280
f 3321 3283 3290
f 5557 5483 4072
f 5553 3369 3396
f 4045 4141 4174
f 4539 4845 4849
f 3536 3480 3503
f 5478 5573 5574
f 3800 3797 3510
f 4755 4883 4886
f 5561 4454 5527
f 5752 5731 5732
f 5752 5750 5756
f 3518 5492 5493
f 3767 3762 4107
f 3534 3603 4097
f 4395 3572 3826
f 3926 4052 3371
f 4446 4510 5610
f 4050 5444 3980
f 8887 8846 8843
f 5649 5639 5640
f 4643 4644 4761
f 3709 3787 3784
f 4778 4659 4660
f 5649 3302 4054
f 5646 3232 3301
f 3250 3251 3910
f 5884 5886 5757
f 5655 5656 5936
f 4224 4227 4226
f 4043 4044 3412
f 4286 4289 4288
f 4267 4311 4310
f 4493 4079 4080
f 3325 5432 3226
f 3925 3371 3372
f 4312 4315 4314
f 3996 3997 3540
f 8908 8911 8912
f 4023 4026 4025
f 3995 3890 3891
f 5482 5556 5559
f 4486 3420 3921
f 4300 4285 4302
f 5438 5642 5644
f 3233 3932 3282
f 3225 3228 3227
f 5446 4400 5445
f 5554 3396 3397
f 4834 4833 4830
f 4064 3349 3350
f 3596 3599 3598
f 5639 5649 5648
f 5434 5431 5654
f 4895 4896 4830
f 3674 3677 3676
f 3551 3979 3978
f 3835 3836 3305
f 3813 3810 3702
f 3691 3711 4160
f 4109 4100 4101
f 4565 4187 4188
f 3490 3548 3547
f 3672 3646 3647
f 8906 8907 8912
f 3810 3812 3811
f 4051 4052 4397
f 3566 3599 4090
f 5580 5475 5476
f 4456 4457 5537
f 5539 5536 5546
f 8844 5934 8729
f 8872 8873 8874
f 4383 4301 4198
f 4931 4926 4927
f 5529 5530 5397
f 5314 5321 5323
f 5347 5332 5323
f 4711 4709 4599
f 5387 5388 5389
f 5259 5290 5292
f 5195 4806 4803
f 5195 5104 4746
f 4639 4865 4866
f 4821 4818 4681
f 3421 4037 5399
f 4730 4863 4601
f 4807 4651 4811
f 4040 4037 3421
f 4844 4841 4800
f 3936 3933 3929
f 4894 4798 4817
f 5365 5370 5383
f 4657 4656 4661
f 5224 5206 4770
f 5368 5383 5382
f 5336 5349 5352
f 5353 5356 5386
f 4070 4455 4454
f 5396 5397 3327
f 5225 5226 5312
f 5384 5382 5386
f 5391 4694 4695
f 4407 4410 4409
f 4623 4620 4880
f 5356 5353 5352
f 4578 4584 4859
f 3239 3875 3217
f 3937 3218 3333
f 4578 4575 4534
f 5467 5471 4505
f 4836 4828 4826
f 4422 5728 5721
f 3392 3393 5556
f 5564 5531 5565
f 3807 3808 3663
f 5922 3854 4392
f 3680 3695 3692
f 3630 3633 3632
f 4416 4417 5725
f 4033 3305 3836
f 3238 3220 4168
f 3466 3904 3483
f 3678 3677 3650
f 3677 3674 3649
f 3340 3337 4431
f 3562 3561 5656
f 5658 5654 5938
f 3642 3643 3640
f 3306 3303 3334
f 3256 3253 3280
f 8910 8891 8892
f 5868 5900 5898
f 8924 8923 8922
f 8935 8930 8925
f 8882 8906 8913
f 8925 8930 8926
f 5852 5849 5905
f 5136 5128 5124
f 4243 4363 4260
f 5238 5227 5228
f 5642 5639 5643
f 3924 3925 3928
f 5412 3521 5700
f 3750 3752 3751
f 3746 3752 3770
f 3859 3798 3861
f 3972 3973 3493
f 5923 8860 8861
f 4945 4946 4958
f 3296 3293 3286
f 3824 5403 3907
f 3671 3629 4154
f 4137 3343 5481
f 3614 3654 3802
f 3283 3284 3559
f 4936 4935 4934
f 5511 5723 5726
f 4170 4169 3926
f 3572 4393 3830
f 3459 3447 3858
f 3496 4426 4425
f 3457 3950 3436
f 3984 3983 3986
f 3914 3389 3386
f 5512 5724 5723
f 4500 4443 4483
f 4501 4502 4471
f 4503 4506 4505
f 4143 4144 4461
f 3331 3329 3222
f 4016 4015 4018
f 3998 3775 3776
f 4114 3796 5710
f 4405 5678 4406
f 5602 5604 5720
f 4767 4803 4804
f 4929 4933 4954
f 4410 4407 5665
f 3888 5700 5632
f 4048 4049 3977
f 3947 3211 3212
f 5676 5677 3472
f 5782 5785 5784
f 4315 4312 4311
f 5699 5518 5521
f 5864 5785 5825
f 5826 5827 5822
f 5775 5776 5805
f 3236 3233 3270
f 5823 5868 5859
f 4957 4848 4895
f 8868 8864 8865
f 4281 4392 3848
f 4940 4943 4971
f 4013 4014 4029
f 3685 3703 3701
f 4339 4340 4377
f 8891 8870 8872
f 3753 3750 3755
f 4427 4168 3220
f 3809 3806 3779
f 3568 4416 4418
f 3880 3987 3918
f 3543 3843 3842
f 4646 4649 4648
f 4656 4657 4597
f 4781 4876 4820
f 4972 4975 4974
f 5101 5102 5109
f 5095 5096 5115
f 5090 5127 5132
f 5131 5132 5134
f 5134 5132 5127
f 5117 5139 5140
f 3539 3862 3863
f 4006 3791 3792
f 5128 5091 5099
f 5097 5088 5089
f 5274 5266 5271
f 4571 4572 4569
f 4225 4531 4238
f 5156 5155 5170
f 4538 4541 4540
f 4622 4691 4665
f 4981 5011 5004
f 5012 4974 4975
f 5148 5147 5149
f 5157 5142 5133
f 5161 5155 5145
f 4261 4532 4242
f 5294 5295 5291
f 4255 4256 4532
f 5274 5259 5250
f 4246 4529 4207
f 3314 3924 3927
f 4670 4673 4672
f 4995 4904 4673
f 4638 4710 4603
f 4341 4295 4525
f 5163 5166 5165
f 4834 4783 4784
f 4784 4820 4682
f 4844 4843 4687
f 5280 5276 5275
f 4217 4572 4564
f 4554 4557 4556
f 4551 4552 4556
f 4549 4546 4544
f 5141 5142 5173
f 4653 4654 4683
f 4973 4974 4989
f 4984 5005 5015
f 5177 5172 5170
f 5166 5167 5181
f 5141 5184 5139
f 5178 5174 5151
f 5244 5202 5203
f 5252 5244 5245
f 4479 4031 4079
f 4402 4405 4404
f 3500 4418 4419
f 5856 5851 5909
f 4488 3913 3348
f 8851 8853 5885
f 3607 3608 5701
f 3508 3505 3503
f 5847 5858 5896
f 4374 4373 4309
f 3380 4439 4438
f 9025 9024 3553
f 5718 5717 4131
f 3300 3229 3283
f 5551 3275 3276
f 5552 3276 3369
f 5555 3397 5483
f 5859 5898 5896
f 4133 3793 3794
f 3606 3653 3652
f 4900 4852 4766
f 4616 4790 4789
f 3738 4165 4164
f 4774 4771 4642
f 4399 4485 3402
f 5853 5796 5795
f 3936 4518 4427
f 3418 3419 4064
f 5510 3488 3840
f 3270 3282 3279
f 3274 3275 4056
f 4359 4356 4305
f 4135 3508 3504
f 3610 3611 3609
f 3837 3556 3557
f 5940 3971 4401
f 5853 5804 5803
f 5725 5513 5515
f 3246 5410 4117
f 5713 5712 5672
f 4918 4961 4916
f 4148 3995 3771
f 5106 5105 5113
f 4147 9022 5709
f 5152 5172 5177
f 9026 4135 4111
f 5104 5195 5103
f 3531 3528 3485
f 3713 3716 3715
f 3699 3715 3815
f 4467 3345 4459
f 4703 4899 4736
f 5405 3399 3846
f 3555 3552 3963
f 4120 4116 5411
f 4217 4219 4185
f 3279 5438 5441
f 4944 4945 4959
f 4353 4337 4344
f 3815 3715 3716
f 3374 3371 4052
f 4491 4492 4516
f 5865 5824 5833
f 5819 5814 5856
f 5807 5851 5856
f 3933 3256 3281
f 3208 3205 3920
f 8907 8906 8902
f 5288 5308 5295
f 3728 3725 3747
f 3309 4084 4083
f 5119 5116 5101
f 3811 3785 3789
f 3595 3863 3992
f 4106 4102 4100
f 5696 5575 5576
f 3708 3755 3750
f 3744 3760 4165
f 5905 5891 5892
f 3403 4036 4175
f 4133 3997 3506
f 4147 4145 3544
f 3561 3562 3325
f 3237 3240 3239
f 4877 4878 4793
f 3241 3244 3243
f 3597 3624 3625
f 3279 3282 3281
f 3371 3374 3373
f 3599 3566 3567
f 3975 3976 4032
f 3277 3249 3250
f 3774 3564 3565
f 3658 3673 3780
f 4961 4962 4963
f 3600 3615 3616
f 4228 4229 4202
f 4011 4008 4318
f 4307 4304 4262
f 4838 4800 4841
f 4782 4783 4773
f 4914 4956 4946
f 4839 4609 4765
f 4771 4896 4645
f 4962 4965 4964
f 4966 4959 4963
f 3601 3612 3615
f 5878 5875 5879
f 5890 5880 5881
f 3720 3786 4158
f 4755 4756 4689
f 3740 3717 3718
f 5695 5685 5686
f 5740 5743 5742
f 5733 5735 5736
f 5755 5756 5750
f 5745 5763 5762
f 5798 5801 5800
f 4706 4880 4879
f 5651 5652 5619
f 5850 5794 5797
f 5804 5807 5806
f 4087 5708 5707
f 5915 5913 5914
f 5703 3860 4167
f 5893 5894 5896
f 5892 5893 5919
f 5706 5671 5664
f 5786 5789 5788
f 3973 4131 3841
f 4831 4832 4915
f 5906 5892 8858
f 4965 4967 4969
f 4684 4685 4846
f 3589 3609 3611
f 3596 3625 4150
f 5877 5880 5763
f 4121 4124 4123
f 3469 3465 3868
f 3204 3205 3208
f 3716 3713 3726
f 5460 9027 5426
f 3465 3469 3470
f 5738 5735 3764
f 4887 4654 4655
f 4203 4206 4205
f 3959 5705 4082
f 5758 5757 5886
f 5781 5869 5872
f 4675 4762 4723
f 3757 4164 5751
f 3334 3271 3272
f 8880 5926 5903
f 5615 5676 3473
f 5759 5761 5760
f 8845 8846 8848
f 5778 5781 5780
f 8857 8856 8849
f 4132 3797 3798
f 5839 5838 5841
f 560 1899 3187
f 5747 5874 4007
f 5928 5930 8840
f 5766 5769 5768
f 4848 4957 4956
f 4953 4968 4967
f 4832 4897 4910
f 5879 5764 5888
f 3598 3567 3530
f 5747 5729 5730
f 5754 5764 5748
f 5810 5813 5812
f 5758 5755 5749
f 4315 4388 4387
f 5917 5915 5916
f 5913 5909 5910
f 5930 8731 8841
f 4951 4955 4968
f 3209 3210 3201
f 4059 5424 3246
f 8731 5934 8842
f 3776 3582 3585
f 5770 5773 5772
f 5891 5894 5893
f 9028 5638 5641
f 5814 5817 5816
f 5662 5675 5673
f 3522 3525 3524
f 5630 5631 5942
f 5791 5792 5795
f 5746 3753 3754
f 5928 5929 5931
f 5743 5760 5739
f 5876 5874 5875
f 3678 8937 9021
f 4200 4208 4207
f 4114 3546 3916
f 3601 3602 3605
f 3818 3724 3712
f 3315 3318 3317
f 5899 5900 5902
f 8840 8841 5883
f 5562 4458 5559
f 4416 3568 3448
f 3189 3192 3191
f 4751 4890 4747
f 4181 4182 4180
f 3832 3942 5454
f 3362 3527 3526
f 5678 4405 5699
f 3497 3500 3499
f 448 1980 807
f 647 648 122
f 5690 3472 5677
f 4183 4186 4185
f 1833 1848 1780
f 5920 5895 5897
f 510 509 508
f 4401 3967 5944
f 5656 5397 5530
f 3970 3971 5940
f 5653 5658 5939
f 5450 5653 5946
f 3384 5633 5945
f 4403 4404 4299
f 5944 3967 3968
f 3963 5427 5951
f 5614 3473 3474
f 5427 3838 3857
f 3210 1949 1887
f 1887 15 3200
f 15 16 3197
f 16 3188 3195
f 3195 3188 3187
f 3194 3187 1899
f 3207 1899 375
f 387 173 126
f 3189 1791 1760
f 9029 763 757
f 763 9029 2172
f 9035 9034 9032
f 9033 9032 9031
f 9046 9049 9048
f 8751 9053 9054
f 9078 9076 9077
f 9083 9087 9051
f 9088 9089 9047
f 9099 9036 9040
f 9102 9034 9036
f 9105 9031 9032
f 9105 2176 9106
f 1801 1864 9108
f 9103 9032 9034
f 9096 9090 9047
f 1767 1768 9111
f 1597 9115 9113
f 1708 1707 9117
f 9123 9120 9119
f 9118 9119 9125
f 1588 1708 9116
f 2080 9123 9118
f 2082 9118 9124
f 9126 9129 9087
f 9129 9130 9088
f 5512 3492 5943
f 5634 3383 5488
f 5724 5512 5947
f 9134 9099 9097
f 9144 9103 9102
f 9133 9097 9096
f 786 9146 9144
f 9146 9105 9103
f 785 9144 9138
f 497 9138 9134
f 650 9134 9133
f 9148 564 9133
f 8756 9058 9057
f 9154 9151 9130
f 9151 9150 9131
f 9097 9040 9090
f 1799 9109 9111
f 5949 3968 3964
f 9160 9156 8809
f 8813 9162 9160
f 9166 463 564
f 9067 9058 9054
f 9162 9166 9148
f 9087 9088 9048
f 9081 9078 9079
f 9049 9052 9051
f 9082 9168 9167
f 9079 9077 9049
f 9169 9168 9175
f 9167 9115 9112
f 9168 9169 9177
f 9120 9117 9113
f 9120 9177 9169
f 9119 9169 9170
f 9179 9180 9125
f 9180 1576 9124
f 9178 9179 9170
f 1576 2101 2084
f 9179 9178 9183
f 3203 376 1387
f 3190 1387 1791
f 5618 2152 1949
f 317 240 259
f 2000 2176 9105
f 9053 9051 9052
f 9041 9040 9036
f 9029 758 756
f 9037 9036 9034
f 9130 9131 9089
f 3204 375 376
f 1801 9107 9109
f 9181 9187 9180
f 1575 9187 9190
f 9187 1575 1576
f 1776 1795 1796
f 1293 1294 1290
f 1326 14 1327
f 1294 1245 1234
f 878 1244 1330
f 5633 3401 5490
f 5933 3359 3360
f 5613 5634 5948
f 5604 5605 3844
f 3972 3494 5950
f 3494 3495 4322
f 4406 5676 5615
f 3492 3489 4292
f 5631 5503 5495
f 497 373 374
f 122 648 413
f 5624 5489 3398
f 9151 9154 9156
f 9058 8756 8752
f 9160 9162 9150
f 8815 9166 9162
f 9156 9126 8794
f 439 398 399
f 1512 1528 1526
f 1668 1741 1738
f 839 849 1362
f 1362 1357 826
f 3425 3417 3418
f 4905 5207 5243
f 4621 4622 4662
f 5582 5579 5574
f 4754 4757 4756
f 3902 3899 4021
f 9295 740 1896
f 2053 2054 2118
f 9340 9339 2120
f 696 697 9268
f 4922 4938 4939
f 4365 4366 4186
f 5105 5106 4862
f 5228 5227 5226
f 4781 4782 4877
f 5218 5227 5238
f 4990 4993 4992
f 4335 4337 4336
f 4993 4990 4972
f 4794 4793 4792
f 5886 5884 8852
f 5405 3892 5417
f 4669 4752 4764
f 4676 4697 4698
f 1826 1878 639
f 9192 9191 9181
f 5232 5228 5233
f 5418 4121 4122
f 956 885 886
f 5720 3844 3512
f 4728 4731 4730
f 8879 8866 8863
f 1980 806 1922
f 4969 4970 4966
f 33 34 105
f 9028 3253 3254
f 3837 3558 3839
f 4382 4300 4301
f 3908 3905 4122
f 4290 4295 4294
f 4400 3834 4055
f 3219 3222 3221
f 8894 8895 8877
f 4640 4736 4735
f 4389 4366 4216
f 3267 4479 4493
f 3268 3265 4463
f 5097 5111 5098
f 5094 5097 5096
f 5654 5655 5937
f 4089 5704 3960
f 5159 5163 5162
f 5202 5244 5249
f 5412 5415 5414
f 5715 3515 3516
f 5723 4426 4423
f 4263 4264 4323
f 3994 3529 3564
f 1343 1344 9308
f 3470 3514 5667
f 5659 5661 5671
f 3319 3828 4053
f 9359 2127 2128
f 1766 1581 1582
f 14 1326 2163
f 595 98 99
f 5703 3771 3772
f 5206 5224 5229
f 3437 3446 3458
f 5516 4084 3487
f 5122 5086 5087
f 3223 3297 3934
f 3979 9023 5402
f 3828 3319 3320
f 5663 3441 4081
f 4035 4489 4490
f 4426 5723 5724
f 3881 4452 4447
f 5407 5408 4118
f 5691 5688 5689
f 5661 5673 5672
f 5911 5918 8901
f 3902 4022 3871
f 5541 5538 5539
f 4069 4454 5561
f 3248 4394 3292
f 1346 1035 1044
f 748 1888 1425
f 3297 3228 3255
f 5445 4400 4056
f 5783 5784 5830
f 4310 4028 4376
f 5857 5854 5800
f 3882 5467 4452
f 3193 3208 3919
f 3190 3191 3206
f 4266 4269 4268
f 4488 3419 3420
f 3331 3939 3940
f 4282 4285 4284
f 4606 4608 4607
f 4628 4629 4708
f 4659 4732 4733
f 4615 4750 4829
f 4718 4714 4713
f 5722 4424 4421
f 3307 3462 3461
f 4686 4688 4634
f 3966 3548 3550
f 4738 4739 4875
f 3416 4429 3237
f 4527 4528 4208
f 5093 5121 5114
f 5124 5099 5086
f 5117 5118 5138
f 4631 4641 4640
f 5166 5163 5168
f 5185 5188 5187
f 5194 5190 5191
f 3245 4117 4118
f 5214 5215 5203
f 3230 3317 3318
f 5237 5234 5217
f 5250 5259 5258
f 5113 5112 5084
f 5270 5267 5269
f 4906 5125 5107
f 5271 5266 5267
f 5276 5277 5262
f 5153 5151 5174
f 5290 5270 5268
f 5306 5299 5303
f 5147 5148 5146
f 4585 4849 4856
f 3226 5435 5436
f 4473 4503 4504
f 5765 5756 8897
f 4529 4246 4247
f 8923 8924 8916
f 5713 5681 5682
f 3315 3897 3898
f 5564 5536 5537
f 4468 4440 4441
f 3738 3739 4163
f 4577 4859 4559
f 5567 3527 3366
f 3587 3584 4150
f 5471 5468 4504
f 5860 5769 5816
f 3516 3513 5558
f 5436 3985 5637
f 5050 5053 5083
f 5547 5565 3338
f 9023 3979 3295
f 5708 4087 4132
f 4104 3816 3814
f 3718 3719 4161
f 5498 5491 5679
f 3884 4431 4432
f 3955 4512 3877
f 4049 4062 4061
f 8892 8872 8875
f 4572 4217 4218
f 4440 4443 4442
f 4497 4511 3407
f 8906 8882 8881
f 5664 5712 5670
f 3751 4105 3706
f 3511 3735 3736
f 5129 5130 5116
f 5086 5099 5098
f 5135 5127 5128
f 5143 5146 5145
f 5168 5158 5136
f 5297 5241 5246
f 5164 5161 5160
f 5155 5161 5171
f 5137 5179 5167
f 5293 5308 5307
f 5513 3570 4083
f 4053 3828 3825
f 3228 3297 3298
f 3631 3632 3635
f 5689 5669 5670
f 5759 5762 5883
f 3793 4133 3507
f 4906 4908 4891
f 4719 4858 4901
f 3597 3598 4095
f 3352 4126 4125
f 9064 9057 9058
f 9076 9064 9067
f 9083 8766 8794
f 9131 9132 9096
f 9138 9102 9099
f 9154 9129 9126
f 9077 9067 9052
f 9053 8751 8766
f 9191 9190 9187
f 9082 9079 9046
f 9193 9175 9168
f 1284 1290 1288
f 9150 9148 9132
f 3841 3842 3496
f 3570 3569 3336
f 4027 4311 4312
f 4889 4876 4781
f 4041 4045 4044
f 4885 4884 4813
f 5419 4122 3905
f 4367 4368 4227
f 1778 1781 1780
f 1792 1759 1584
f 4308 4017 3869
f 4594 4723 4762
f 4767 4770 4769
f 5461 3365 3366
f 4763 4704 4716
f 4919 4918 4915
f 4300 4382 4334
f 5196 5199 5198
f 5158 5148 5135
f 5431 5434 5433
f 4545 4567 4571
f 4557 4558 4594
f 695 570 571
f 4156 4155 3626
f 4861 4673 4670
f 5681 5675 5674
f 5473 5475 5580
f 3622 3656 4152
f 5647 3573 3574
f 3674 3663 3808
f 4420 4145 3498
f 5675 5662 5666
f 3253 9028 5439
f 5870 5866 5917
f 8887 8920 8919
f 5862 5856 5913
f 3534 3593 3485
f 3313 4486 4484
f 9090 9193 9046
f 4871 4759 4695
f 3778 3777 3822
f 4889 4748 4874
f 4000 3783 3784
f 4897 4898 4911
f 3856 3857 3838
f 4772 4830 4896
f 4015 4016 4376
f 3433 3461 3476
f 4053 4054 3302
f 3367 5567 3363
f 3242 3829 3831
f 3441 3442 4082
f 4735 4736 4855
f 4756 4757 4737
f 3382 3385 3384
f 3698 3699 3697
f 4676 4679 4678
f 4948 4943 4941
f 4890 5394 4805
f 4757 4744 4745
f 4581 4221 4380
f 5716 3516 5932
f 4923 4920 4926
f 5077 5079 5081
f 5078 5082 5058
f 4009 5401 5400
f 5081 5082 5078
f 3930 3931 4513
f 4014 4376 4028
f 4025 4026 4020
f 3618 4093 4096
f 4581 4575 4576
f 4219 4217 4188
f 5440 5442 3335
f 5449 3982 3323
f 4229 4181 4177
f 4590 4213 4214
f 4227 4183 4184
f 4574 4901 4858
f 4565 4566 5453
f 4592 4555 4588
f 4590 4587 4573
f 3517 3518 5521
f 3845 5428 3522
f 4444 3340 3884
f 3982 5449 5533
f 4465 4466 4497
f 4520 4522 4521
f 4076 4073 5591
f 3635 3667 3666
f 3343 3344 4498
f 4022 4019 3870
f 3661 3607 4098
f 5691 5690 5697
f 3768 3766 5742
f 4514 3955 3956
f 3697 3815 3814
f 4394 3248 5460
f 4054 4053 4057
f 3284 3318 3323
f 4052 3926 4169
f 4447 4506 4510
f 4456 4460 3346
f 4483 3876 3877
f 4482 3877 4512
f 4492 4512 4513
f 5642 5438 5439
f 5448 5447 5442
f 5466 4441 3882
f 3340 4444 4445
f 8908 8909 8910
f 4397 4169 3835
f 5413 3520 3521
f 3234 3931 3932
f 5753 5765 8895
f 8896 8897 5756
f 8921 8922 8889
f 8915 8912 8911
f 3933 3936 3935
f 3620 3804 3657
f 3966 3969 3968
f 4905 4789 4769
f 3225 5436 5437
f 5433 3896 3984
f 5714 5686 5693
f 5435 3984 3985
f 3954 3956 3955
f 4713 4712 4632
f 4879 4635 4632
f 3983 3984 3896
f 9027 5460 3248
f 5871 5870 5912
f 5849 5846 5891
f 4702 4703 4640
f 4213 4590 4579
f 3644 3645 3688
f 9193 9090 9040
f 8920 8930 8935
f 5406 3846 4130
f 4140 5400 5401
f 5659 3903 3904
f 4772 4773 4783
f 4244 4247 4246
f 4061 5399 4037
f 3669 3804 3803
f 3459 3460 3209
f 4072 5483 5484
f 4835 4833 4834
f 5660 5662 5661
f 4262 4265 4264
f 3633 3630 3627
f 3685 3643 3676
f 4517 4515 3235
f 4145 4420 4085
f 5455 4438 5459
f 5638 5635 5640
f 3228 3225 3254
f 4044 4174 3411
f 3614 3615 3612
f 3273 3276 3275
f 4952 4962 4961
f 4959 4958 4960
f 4888 4655 4761
f 4254 4257 4256
f 4199 4202 4201
f 4499 4464 4465
f 5479 4495 4496
f 5952 5953 5954
f 5956 5957 5958
f 5959 5958 5960
f 5962 5963 5964
f 5966 5967 5968
f 5967 5970 5971
f 5963 5962 5961
f 5972 5965 5964
f 5974 5975 5976
f 5978 5979 5980
f 5982 5983 5984
f 5986 5987 5985
f 5988 5989 5990
f 5992 5993 5994
f 5996 5997 5998
f 6000 6001 6002
f 6004 6005 6006
f 6008 6009 6010
f 6012 6013 6014
f 6016 6017 6018
f 6020 6021 6022
f 6024 6025 6026
f 6028 6029 6030
f 6032 6033 6034
f 6036 6037 6038
f 6040 6041 6013
f 6042 6043 6044
f 5992 6046 6047
f 6048 6049 6050
f 6052 6053 6054
f 6056 6057 6058
f 6060 6061 5987
f 6062 6063 6064
f 6066 6067 6068
f 6070 6071 6027
f 6072 6073 6057
f 6075 6076 6077
f 6078 6079 6080
f 6082 6083 6054
f 6085 6078 6081
f 6087 6061 5990
f 6061 6087 6089
f 6089 6090 6091
f 6092 6091 6093
f 6095 5978 5981
f 6062 6082 6084
f 6097 6098 6035
f 6056 6049 6099
f 6100 6101 6102
f 6001 6000 6104
f 6107 6108 6109
f 6110 6111 6112
f 6114 6026 6025
f 6116 6117 6118
f 6120 6121 6122
f 6124 6125 6126
f 6128 6129 6101
f 6039 6130 6131
f 6132 6133 6134
f 6136 6137 6138
f 6139 6140 6141
f 6143 6144 6145
f 6148 6149 6150
f 6152 6153 6154
f 6155 6156 6157
f 6159 6160 6161
f 6163 6164 6165
f 6167 6168 6169
f 6171 6172 6173
f 6175 6176 6104
f 6178 6179 6180
f 6023 6182 6183
f 6184 6185 6186
f 6117 6116 6188
f 6190 6191 6192
f 6194 6070 6026
f 6195 6196 6191
f 6197 6198 6199
f 6201 6202 6203
f 6205 6206 6207
f 6209 6210 6201
f 6197 6200 6211
f 6212 6211 6213
f 5979 6215 6214
f 6203 6216 6217
f 6206 6199 6198
f 6218 5961 5962
f 5965 6220 6219
f 5972 3355 3354
f 6070 6194 6222
f 6224 6225 6226
f 6228 6229 6230
f 6232 6233 6234
f 6196 6195 6236
f 6071 6070 6223
f 6239 6240 6241
f 6243 6244 6245
f 6247 6073 6248
f 6250 6251 6252
f 6254 6255 6256
f 6258 6259 6260
f 6229 6262 6263
f 6264 6265 6242
f 6266 6267 6268
f 6270 6271 6272
f 6274 6275 6276
f 6195 6278 6279
f 6280 6278 6281
f 6283 6284 6285
f 6123 6122 6287
f 6289 6290 6291
f 6293 6294 6243
f 6240 6296 6297
f 6298 6299 6267
f 6300 6301 6302
f 6304 6305 6306
f 6251 6250 6308
f 6247 6310 6311
f 6313 6314 6315
f 6314 6313 6317
f 6319 6086 6320
f 6322 6087 6088
f 6216 6324 6258
f 6325 6326 6327
f 6217 6258 6261
f 6330 6071 6238
f 6071 6330 6048
f 6015 6332 6333
f 6079 6334 6335
f 6336 6294 6240
f 6294 6293 6296
f 6337 6338 6339
f 6341 6342 6343
f 6345 6346 6347
f 6266 6264 6349
f 6350 6351 6352
f 6295 6243 6246
f 6303 6355 6356
f 6357 6358 6359
f 6361 6362 6363
f 6365 6350 6353
f 6367 6368 6369
f 6371 6367 6370
f 6372 6373 6374
f 6375 6374 6373
f 6376 6377 6378
f 6379 6380 6381
f 6383 6384 6385
f 6387 6388 6389
f 6391 6392 6393
f 6395 6396 6397
f 6398 6399 6400
f 6399 6401 6402
f 6403 6402 6401
f 6405 6406 6407
f 6409 6410 6411
f 6367 6371 6413
f 6374 6375 6415
f 6417 6418 6384
f 6419 6420 6348
f 6421 6422 6423
f 6425 6426 6400
f 6426 6427 6395
f 6393 6396 6428
f 6429 6430 6394
f 6390 6389 6431
f 6433 6434 6408
f 6435 6436 6437
f 6439 6440 6411
f 6392 6391 6441
f 6397 6392 6442
f 6401 6399 6444
f 6446 6447 6437
f 6448 6449 6450
f 6452 6453 6454
f 6442 6441 6456
f 6443 6442 6457
f 6444 6459 6460
f 6445 6444 6461
f 6463 6464 6462
f 6446 6445 6462
f 6466 6467 6468
f 6448 6451 6470
f 6453 6452 6472
f 6474 6475 6476
f 6478 6479 6480
f 6482 6483 6484
f 6486 6487 6488
f 6490 6491 6492
f 6493 6492 6494
f 6496 6497 6498
f 6500 6501 6502
f 6504 6505 6506
f 6508 6468 6509
f 6511 6512 6513
f 6499 6514 6515
f 6516 6517 6518
f 6520 6521 6522
f 6524 6507 6525
f 6507 6524 6527
f 6504 6527 6528
f 6528 6511 6508
f 6529 6530 6531
f 6342 6533 6534
f 6535 6347 6346
f 6347 6535 6537
f 6434 6538 6539
f 6539 6540 6405
f 6541 6542 6451
f 6543 6544 6470
f 6546 6478 6481
f 6499 6498 6548
f 6549 6550 6514
f 6551 6552 6553
f 6555 6556 6557
f 6403 6436 6423
f 6426 6425 6413
f 6415 6560 6428
f 6430 6429 6561
f 6434 6433 6420
f 6563 6564 6565
f 6404 6401 6445
f 6459 6444 6399
f 6455 6454 6388
f 6405 6450 6449
f 6540 6541 6450
f 6567 6495 6568
f 6570 6464 6463
f 6475 6474 6490
f 6458 6457 6571
f 6573 6571 6574
f 6576 6577 6578
f 6193 6192 6580
f 6582 6583 6584
f 6583 6582 6586
f 6588 6589 6587
f 6590 6069 6068
f 6592 6593 6594
f 6251 6310 6595
f 6304 6596 6597
f 6272 3735 6599
f 3737 3736 6558
f 6600 6161 6160
f 6123 6602 6603
f 6604 6605 6606
f 6608 6205 6208
f 5972 6221 6220
f 6610 6611 6612
f 6613 6614 6615
f 6242 6617 6618
f 6226 6619 6245
f 6620 6621 6622
f 6624 6143 6146
f 6626 6213 6211
f 6627 6628 6629
f 6631 6632 6633
f 6235 6635 6636
f 6637 6638 6639
f 6641 6625 6286
f 6643 6644 6645
f 6647 6648 6649
f 6244 6243 6294
f 6336 6651 6652
f 6194 6196 6237
f 6196 6194 6114
f 6115 6192 6191
f 6653 6654 6655
f 6657 6117 6189
f 6117 6657 6659
f 6130 6157 6156
f 6133 6152 6151
f 6661 6111 6662
f 6663 6613 6616
f 6664 6270 6273
f 6418 6417 6432
f 6290 6325 6328
f 6666 6557 6556
f 6557 6666 3805
f 5971 6667 6668
f 6181 6669 6670
f 6671 6672 6673
f 6676 6673 6672
f 6675 6150 6149
f 6067 6066 5999
f 6677 6678 6679
f 6681 6682 6683
f 6087 6322 6090
f 5983 5982 6685
f 5982 6094 6687
f 6094 6093 6688
f 6211 6200 6137
f 6689 6690 6691
f 6690 6689 3833
f 6001 5983 6686
f 5978 6693 6215
f 6694 6693 5978
f 5974 6694 6095
f 6183 6182 6696
f 6698 5959 5961
f 5959 6698 6699
f 6697 6696 6700
f 6702 6629 6703
f 5968 6668 6705
f 6706 5977 5955
f 6707 6618 6617
f 6024 6051 6709
f 6402 6403 6559
f 3852 6711 6712
f 3856 6594 6593
f 5977 6706 6694
f 6713 5955 5977
f 6714 6715 6716
f 6718 6719 6308
f 6720 6255 6254
f 6722 6723 6724
f 6312 6311 6726
f 6069 6590 6728
f 6319 6594 6730
f 6731 6645 6644
f 6732 6733 6734
f 6046 6053 6320
f 3880 3805 6666
f 6736 6737 6738
f 6531 6740 6741
f 6300 6356 6614
f 6742 6532 6325
f 6743 6742 3891
f 6744 6302 6301
f 6746 6747 6534
f 6536 6576 6579
f 6535 6579 6563
f 6566 6538 6537
f 6538 6566 6409
f 6412 6540 6539
f 6412 6748 6541
f 6748 6749 6542
f 6749 6569 6545
f 6568 6750 6547
f 6751 6752 6548
f 6753 6754 6550
f 6755 6756 6757
f 6759 6760 6761
f 6763 6764 6765
f 6764 6620 6623
f 6766 6767 6768
f 6770 6771 6772
f 6774 6775 6776
f 6021 6774 6777
f 6723 6778 6779
f 6780 6781 6782
f 6784 6785 6786
f 6788 6789 6790
f 6185 6792 6793
f 6794 6722 6725
f 6729 6796 6098
f 6135 6797 6798
f 6799 6062 6065
f 6037 6801 6802
f 6005 6004 6588
f 6005 6803 6804
f 6052 6055 6010
f 6586 6582 6803
f 6092 5985 5987
f 6094 5982 5985
f 6096 6806 6695
f 6082 6062 6799
f 6657 6013 6041
f 6013 6657 6658
f 6795 6725 6807
f 6809 6810 6811
f 6813 6814 6815
f 6817 6818 6819
f 6821 6822 6823
f 6329 6209 6204
f 6202 6825 6826
f 6072 6099 6827
f 6598 6829 6305
f 6301 6300 6613
f 6830 6831 6271
f 6822 6779 6778
f 6326 6741 6832
f 6203 6826 6833
f 6027 6048 6051
f 6360 6834 6835
f 6836 6837 6838
f 6837 6840 6841
f 6362 6365 6366
f 6380 6385 6384
f 6421 6564 6578
f 6566 6565 6410
f 6394 6389 6388
f 6414 6422 6368
f 6371 6374 6416
f 6561 6560 6378
f 6382 6381 6562
f 6381 6384 6418
f 6389 6394 6430
f 6391 6388 6454
f 6441 6454 6453
f 6456 6453 6473
f 6495 6494 6750
f 6843 6575 6485
f 6844 6845 6843
f 6573 6845 6847
f 6849 6491 6487
f 6513 6753 6752
f 6517 6521 6850
f 6521 6520 6851
f 6844 6851 6852
f 6505 6504 6510
f 6753 6513 6512
f 6516 6522 6521
f 6614 6740 6854
f 6742 6262 4003
f 6708 6617 6855
f 6307 6306 6857
f 6307 6664 6665
f 6414 6413 6425
f 6416 6415 6427
f 6562 6418 6431
f 6419 6537 6538
f 6358 6836 6839
f 6059 6058 6859
f 6861 6862 6863
f 6865 6866 6867
f 6115 6025 6869
f 6871 6872 6873
f 6721 6254 6596
f 6876 6610 6556
f 6877 6663 6552
f 6551 6878 6268
f 6879 6855 6265
f 6239 6618 6651
f 6230 6263 6619
f 6171 6670 6669
f 6106 6109 6882
f 6883 6884 6822
f 6759 6184 6187
f 6725 6724 6785
f 6885 6795 6808
f 6886 6887 6888
f 6701 6700 6756
f 6884 6786 6779
f 6715 6714 6309
f 6889 6259 6890
f 6743 3890 4042
f 6270 6664 6893
f 6386 6894 6895
f 6895 6348 6420
f 6897 6432 6417
f 6897 6433 6407
f 6390 6898 6899
f 6900 6899 6406
f 6455 6900 6901
f 6902 6903 6904
f 6482 6903 6905
f 6501 6906 6907
f 6496 6515 6908
f 6532 6531 6326
f 6532 6742 6743
f 6612 6910 6735
f 6611 6911 6910
f 6626 5980 5979
f 6704 6912 6105
f 6913 6590 6591
f 6915 6794 6795
f 6229 6228 4067
f 6263 6290 6289
f 6745 6301 6663
f 6916 6771 6757
f 6885 6918 6165
f 6920 6780 6783
f 6921 6922 6923
f 6925 6921 6924
f 6927 6928 6929
f 6931 6932 6933
f 6935 6936 6937
f 6939 6940 6941
f 6943 6944 6945
f 6947 6948 6949
f 6944 6943 6951
f 6953 6954 6955
f 6957 6958 6959
f 6961 6962 6929
f 6964 6965 6966
f 6968 6969 6970
f 6969 6948 6955
f 6972 6943 6946
f 6974 6975 6976
f 6978 6979 6980
f 6940 6939 6982
f 6984 6985 6986
f 6988 6989 6990
f 6992 6990 6989
f 6994 6995 6996
f 6998 6999 7000
f 7002 7003 7004
f 7006 7007 7008
f 7010 7011 7012
f 7014 7015 7016
f 7018 7019 6999
f 7020 7021 7022
f 7024 7025 7026
f 7028 7029 7030
f 7032 7033 7034
f 7003 7002 7036
f 7038 7039 7040
f 6993 6989 7030
f 7042 7043 7044
f 7046 7047 7007
f 7011 7010 7048
f 7050 7051 7052
f 7054 7015 7014
f 7015 7054 7056
f 6621 6620 7045
f 7049 7048 6775
f 7051 7050 6021
f 7055 6697 6701
f 7054 6701 6755
f 6764 6763 7047
f 7020 7058 7059
f 7060 7061 7062
f 6958 7064 7065
f 6925 7066 7067
f 7068 6931 6934
f 7069 6988 6991
f 7071 6995 7072
f 7074 7075 7076
f 7078 7079 7080
f 7014 7017 7082
f 7084 7085 7086
f 7025 7028 7031
f 7085 7084 7072
f 7089 7084 7087
f 7055 7014 7083
f 7090 7087 6770
f 7092 7093 7094
f 7091 6183 6697
f 6770 7087 7086
f 7095 7094 6767
f 7096 7061 6980
f 7098 6941 6940
f 7058 7020 7023
f 7101 6927 6930
f 6974 7060 7063
f 7103 6968 6971
f 7105 6978 6981
f 7106 7107 7036
f 7109 7048 7010
f 7111 7019 7018
f 7098 7003 7037
f 7048 7109 7112
f 7113 6993 7041
f 6994 7114 7115
f 6965 7116 6923
f 6975 6922 6945
f 7061 7096 7065
f 6954 6953 6933
f 6763 7112 7109
f 7046 7045 6620
f 6947 7117 7067
f 6758 7086 7056
f 7118 7119 7039
f 7038 7069 7070
f 7106 7120 7121
f 7123 7124 7053
f 7123 7052 7083
f 7045 7046 7006
f 7107 7106 7122
f 7091 7083 7052
f 7091 7051 6020
f 6936 7096 7097
f 7125 6957 6960
f 6774 6021 7050
f 7119 6939 6942
f 7019 7002 7005
f 7011 7053 7124
f 7021 7126 7040
f 7114 7029 7016
f 7053 7011 7049
f 7086 7085 7057
f 6993 7113 7127
f 7075 7127 7113
f 4281 4280 6603
f 6012 6333 7129
f 7130 6083 6584
f 6797 7132 7133
f 6074 7134 7135
f 6789 6760 6173
f 6760 6789 6776
f 7136 6802 6801
f 6914 6671 6674
f 7007 7110 7059
f 7099 7004 7003
f 6984 7103 7104
f 7110 7007 7047
f 6333 6583 6587
f 5956 6699 6667
f 5957 5956 5971
f 7137 6715 6308
f 4292 4293 6718
f 6693 6705 6668
f 6215 6668 6667
f 6214 6667 6699
f 6698 6197 6212
f 6219 6207 6198
f 6207 6219 6220
f 6220 6221 6609
f 6262 6229 4066
f 7138 7139 7140
f 4298 7142 7140
f 7143 7144 7145
f 7147 7148 7144
f 7149 7150 7151
f 7150 7152 7153
f 6329 6261 7154
f 6261 6260 7155
f 7156 6829 7157
f 6598 6597 7159
f 6257 6256 7161
f 6256 4322 4321
f 6693 6694 6706
f 5954 5969 6705
f 5953 5966 5969
f 7163 5984 5983
f 7164 7165 6138
f 7167 7168 7169
f 6141 7171 7172
f 7166 7171 7173
f 6141 6140 7174
f 7176 7177 7178
f 7180 7181 7182
f 7184 7185 7186
f 6631 7180 7183
f 6218 6198 6197
f 6625 6641 7189
f 6814 6813 7190
f 6882 7192 7193
f 7195 7196 6109
f 6888 7197 7198
f 7200 7201 7202
f 7176 6627 6630
f 6029 7184 7187
f 7205 7206 7207
f 7209 7210 7211
f 7203 7202 7213
f 6886 7215 6778
f 6031 6030 7215
f 7216 7217 7218
f 7220 7221 6880
f 6076 6075 7220
f 6074 6077 6672
f 6147 6150 6662
f 7223 6662 6111
f 6810 6809 6113
f 6920 7134 6914
f 6077 6660 6675
f 6660 6077 6076
f 7222 7220 6669
f 7224 7222 6181
f 6660 6662 6150
f 7225 7226 6794
f 6783 6782 7225
f 6781 6780 6068
f 7217 7227 7228
f 6031 6888 7199
f 6887 6886 6723
f 6164 7225 6915
f 6780 6920 6591
f 7134 6074 6671
f 7229 7230 6824
f 7187 7186 7230
f 7226 6887 6722
f 7231 7232 6169
f 7201 7231 7233
f 6107 7234 7235
f 7215 7229 6823
f 6030 7187 7229
f 7236 7216 7219
f 7237 7238 6820
f 7237 7208 7207
f 7239 7240 7241
f 6739 7243 7244
f 7245 7239 7242
f 7233 6169 6168
f 7247 7213 7202
f 7195 6108 7203
f 7248 7249 7250
f 7227 7251 7252
f 7253 6067 5998
f 6067 7253 7198
f 6781 7198 7197
f 5984 7163 6683
f 7254 7250 6678
f 6679 7249 7252
f 6887 7226 7197
f 6782 7197 7226
f 7135 6919 6163
f 7221 7220 6075
f 6661 6076 7222
f 7224 6112 6111
f 6180 6810 6112
f 6179 6811 6810
f 6811 6179 6793
f 6650 6792 6622
f 6766 6621 7044
f 7095 7044 7043
f 7092 7043 7121
f 7078 7120 7255
f 7256 7232 7257
f 6768 6772 7259
f 6773 6767 7094
f 7090 7094 7093
f 7089 7093 7080
f 7071 7079 7032
f 7077 7018 6998
f 6995 7071 7260
f 7077 7076 7261
f 7035 7034 7018
f 7108 7019 7111
f 6978 7105 7262
f 7105 7263 7264
f 7263 6944 6952
f 6990 6992 6951
f 6972 7117 7266
f 7117 6947 6950
f 6948 6969 7267
f 6969 6968 6982
f 7103 6984 6987
f 7005 7004 6986
f 6999 7005 7268
f 7269 7270 7271
f 7274 7272 7275
f 7274 7273 7276
f 7278 7279 7280
f 7282 7283 7284
f 7286 7287 7288
f 7290 7291 7292
f 7294 7295 7296
f 7068 7297 7298
f 7300 7301 7302
f 7304 6962 7305
f 7307 7285 7305
f 7309 7284 7283
f 7311 7312 7313
f 7125 7304 7306
f 7285 7307 7280
f 7277 7281 7303
f 6965 6964 7316
f 7318 7312 7316
f 7320 7321 7271
f 7312 7318 7296
f 7270 7269 7298
f 7311 7270 7322
f 6961 6932 7300
f 7323 7324 7325
f 7327 7064 7328
f 7064 6958 7325
f 7287 7330 7292
f 6931 7068 7299
f 7331 7327 7329
f 7332 7333 7334
f 7336 7337 7338
f 7340 7341 7333
f 7342 7341 7343
f 7345 7346 7347
f 7348 7349 7350
f 7352 7353 7354
f 7356 7357 7358
f 7360 7361 7362
f 7365 7366 7367
f 7368 7369 7370
f 7372 7373 7336
f 7373 7375 7337
f 7367 7366 7376
f 7378 7379 7380
f 7382 7383 7384
f 7386 7387 7385
f 7388 7389 7390
f 7392 7334 7333
f 7394 7395 7396
f 7398 7399 7400
f 7402 7403 7404
f 7406 7407 7408
f 7410 7411 7383
f 7412 7413 7414
f 7385 7416 7417
f 7389 7418 7419
f 7373 7420 7421
f 7420 7373 7372
f 7369 7423 7424
f 7399 7398 7397
f 7393 7333 7341
f 7398 7358 7357
f 7358 7398 7401
f 7428 7429 7430
f 7433 7434 7435
f 7363 7362 7436
f 7383 7438 7439
f 7411 7440 7438
f 7441 7442 7443
f 7445 7446 7339
f 7374 7336 7339
f 7444 7365 7364
f 7448 7364 7450
f 7364 7367 7451
f 7451 7367 7377
f 7449 7450 7454
f 7455 7454 7450
f 7456 7455 7451
f 7410 7457 7458
f 7460 7461 7462
f 7423 7369 7462
f 7464 7465 7466
f 7468 7469 7347
f 7376 7366 7471
f 7425 7397 7396
f 7475 7476 7477
f 7478 7479 7480
f 7482 7483 7407
f 7484 7485 7351
f 7487 7405 7488
f 7490 7491 7492
f 7412 7415 7434
f 7494 7495 7434
f 7496 7388 7391
f 7440 7411 7498
f 7401 7400 7488
f 7485 7346 7345
f 7500 7502 7427
f 7395 7394 7469
f 7503 7504 7505
f 7507 7508 7509
f 7511 7512 7513
f 7511 7514 7515
f 7517 7518 7519
f 7521 7522 7523
f 7352 7524 7525
f 7415 7414 7527
f 7528 7529 7530
f 7404 7531 7502
f 7477 7388 7496
f 7512 7478 7481
f 7405 7404 7500
f 7533 7534 7535
f 7378 7507 7510
f 7532 7496 7379
f 7539 7540 7541
f 7524 7352 7355
f 7351 7485 7501
f 7414 7524 7523
f 7522 7543 7527
f 7544 7413 7412
f 7546 7416 7547
f 7526 7549 7353
f 7550 7521 7355
f 7521 7550 7551
f 7552 7546 7548
f 7546 7552 7553
f 7522 7521 7548
f 7418 7556 7520
f 7416 7546 7554
f 7457 7557 7558
f 7557 7559 7560
f 7562 7561 7563
f 7564 7563 7349
f 7351 7350 7565
f 7567 7568 7569
f 7570 7555 7520
f 7419 7418 7555
f 7572 7564 7348
f 7389 7476 7556
f 7573 7490 7493
f 7552 7535 7534
f 7562 7574 7536
f 7572 7575 7576
f 7422 7577 7578
f 7423 7579 7580
f 7579 7423 7463
f 7578 7574 7576
f 7583 7584 7381
f 7586 7579 7581
f 7533 7580 7579
f 7447 7339 7338
f 7588 7502 7531
f 7590 7428 7431
f 7321 7320 7592
f 7275 7581 7463
f 7461 7278 7276
f 7279 7278 7461
f 7453 7454 7593
f 7594 7593 7454
f 7330 7287 7498
f 7459 7458 7294
f 7558 7560 7595
f 7560 7592 7320
f 7275 7321 7585
f 7462 7276 7273
f 7596 7583 7380
f 7597 7598 7406
f 7467 7466 7599
f 7601 7602 7603
f 7605 7365 7444
f 7365 7605 7606
f 7607 7495 7494
f 7513 7481 7473
f 7396 7395 7514
f 7514 7395 7468
f 7470 7609 7515
f 7610 7611 7609
f 7612 7556 7476
f 7613 7530 7529
f 7442 7441 7615
f 7574 7578 7577
f 7619 7400 7399
f 7518 7479 7509
f 7491 7399 7425
f 7549 7620 7621
f 7491 7490 7622
f 7377 7438 7440
f 7379 7496 7497
f 7453 7461 7460
f 7411 7410 7459
f 7623 7624 7391
f 7625 7611 7610
f 7487 7407 7483
f 7619 7622 7408
f 7627 7628 7620
f 7538 7379 7378
f 7389 7388 7477
f 7629 7545 7412
f 7489 7408 7407
f 7628 7627 7598
f 7413 7525 7524
f 7592 7560 7559
f 7584 7631 7632
f 7569 7568 7633
f 7570 7508 7566
f 7631 7567 7566
f 7508 7570 7519
f 7614 7573 7480
f 7346 7610 7470
f 7572 7574 7562
f 7571 7633 7634
f 7346 7485 7484
f 7607 7591 7431
f 7585 7592 7630
f 7624 7596 7497
f 7635 7386 7384
f 7636 7427 7502
f 7323 7309 7310
f 7420 7578 7582
f 7637 7594 7455
f 7287 7286 7499
f 7458 7558 7295
f 7439 7376 7472
f 7599 7601 7604
f 7359 7358 7427
f 7436 7638 7639
f 7490 7573 7640
f 7481 7480 7493
f 7641 7506 7505
f 7642 7643 7627
f 7492 7425 7473
f 7517 7612 7625
f 7625 7484 7486
f 7634 7623 7390
f 7474 7477 7532
f 7448 7368 7441
f 7368 7448 7449
f 7615 7441 7368
f 7638 7603 7602
f 7575 7572 7501
f 7571 7555 7570
f 7400 7619 7489
f 7508 7507 7632
f 7503 7506 7540
f 6957 7125 7315
f 7376 7439 7438
f 7507 7378 7381
f 7499 7456 7452
f 7286 7637 7456
f 7504 7642 7644
f 7645 7598 7627
f 7647 7634 7633
f 7647 7648 7623
f 7649 7624 7623
f 7650 7596 7624
f 7646 7633 7568
f 7651 7568 7567
f 7653 7652 7567
f 7651 7654 7655
f 7656 7657 7658
f 7660 7658 7657
f 7663 7657 7656
f 7664 7665 7663
f 7667 7666 7663
f 7667 7662 7668
f 7663 7665 7661
f 7670 7671 7672
f 7661 7672 7671
f 7659 7668 7662
f 7648 7647 7668
f 7648 7659 7673
f 7659 7658 7674
f 7658 7660 7675
f 7668 7647 7646
f 7660 7671 7676
f 7675 7677 7678
f 7677 7675 7676
f 7677 7680 7681
f 7682 7683 7678
f 7677 7679 7684
f 7673 7674 7678
f 7683 7650 7649
f 7685 7676 7671
f 7667 7655 7686
f 7666 7686 7687
f 7654 7688 7686
f 7689 7687 7686
f 7664 7687 7691
f 7650 7692 7583
f 7693 7653 7631
f 7584 7583 7692
f 7693 7692 7682
f 7694 7682 7681
f 7694 7696 7653
f 7650 7683 7682
f 7696 7697 7652
f 7654 7651 7652
f 7688 7654 7697
f 7699 7698 7697
f 7700 7701 7698
f 7695 7699 7696
f 7699 7695 7702
f 7689 7688 7698
f 7689 7701 7703
f 7705 7706 7707
f 7701 7700 7705
f 7704 7703 7707
f 7685 7670 7691
f 7687 7689 7704
f 7680 7702 7695
f 7684 7706 7702
f 7702 7706 7705
f 7684 7679 7707
f 7676 7685 7707
f 7665 7669 7672
f 7670 7669 7690
f 7665 7664 7690
f 7611 7475 7474
f 7510 7509 7479
f 7511 7538 7537
f 7516 7532 7538
f 7517 7530 7613
f 7537 7510 7478
f 7611 7625 7612
f 7613 7480 7479
f 7556 7612 7517
f 7516 7515 7609
f 7708 7709 7710
f 7712 7713 7714
f 7713 7716 7717
f 7719 7720 7721
f 7722 7723 7597
f 7724 7712 7715
f 7726 7727 7728
f 7731 7640 7573
f 7730 7573 7614
f 7733 7734 7735
f 7721 7712 7724
f 7731 7722 7409
f 7708 7726 7729
f 7737 7724 7709
f 7716 7741 7736
f 7742 7743 7744
f 7740 7736 7735
f 7717 7716 7740
f 7716 7713 7720
f 7748 7749 7711
f 7750 7748 7710
f 7720 7719 7751
f 7734 7723 7728
f 7709 7724 7725
f 7752 7753 7715
f 7739 7709 7708
f 7720 7713 7712
f 7749 7754 7755
f 7745 7744 7756
f 7746 7727 7742
f 7743 7742 7755
f 7727 7746 7735
f 7747 7756 7757
f 7753 7750 7725
f 7751 7621 7620
f 7757 7752 7714
f 7718 7721 7737
f 7747 7740 7746
f 7727 7726 7755
f 7726 7708 7711
f 7759 7757 7756
f 7759 7760 7752
f 7760 7761 7753
f 7761 7762 7750
f 7758 7756 7744
f 7763 7744 7743
f 7754 7765 7764
f 7763 7766 7767
f 7768 7769 7770
f 7772 7768 7771
f 7775 7768 7772
f 7776 7777 7775
f 7779 7778 7775
f 7775 7777 7769
f 7770 7769 7781
f 7782 7774 7772
f 7760 7759 7782
f 7760 7773 7783
f 7773 7771 7784
f 7770 7785 7784
f 7779 7774 7782
f 7782 7759 7758
f 7785 7770 7780
f 7785 7787 7788
f 7787 7785 7786
f 7787 7790 7791
f 7792 7793 7788
f 7787 7789 7794
f 7793 7783 7784
f 7762 7761 7783
f 7796 7786 7780
f 7795 7780 7781
f 7779 7767 7798
f 7799 7776 7778
f 7766 7800 7798
f 7800 7801 7799
f 7802 7776 7799
f 7795 7797 7802
f 7762 7804 7748
f 7805 7765 7754
f 7749 7748 7804
f 7805 7804 7792
f 7806 7792 7791
f 7806 7808 7765
f 7793 7792 7804
f 7808 7809 7764
f 7766 7763 7764
f 7766 7809 7810
f 7811 7810 7809
f 7812 7813 7810
f 7807 7811 7808
f 7811 7807 7814
f 7813 7801 7800
f 7801 7813 7815
f 7817 7818 7819
f 7813 7812 7817
f 7816 7815 7819
f 7796 7795 7803
f 7799 7801 7816
f 7790 7814 7807
f 7794 7818 7814
f 7814 7818 7817
f 7794 7789 7819
f 7786 7796 7819
f 7777 7797 7781
f 7777 7776 7802
f 7528 7719 7718
f 7729 7728 7723
f 7738 7731 7730
f 7732 7737 7739
f 7733 7620 7628
f 7722 7731 7738
f 7621 7751 7719
f 7628 7597 7723
f 7733 7736 7741
f 7732 7614 7529
f 7486 7565 7621
f 7549 7565 7350
f 7353 7350 7349
f 7354 7349 7563
f 7821 7822 7823
f 7824 7825 7826
f 7825 7828 7829
f 7830 7831 7832
f 7834 7824 7827
f 7836 7837 7838
f 7840 7482 7406
f 7841 7406 7598
f 7843 7844 7845
f 7833 7824 7834
f 7848 7820 7836
f 7847 7834 7821
f 7828 7851 7846
f 7853 7854 7855
f 7850 7846 7845
f 7829 7828 7850
f 7828 7825 7832
f 7858 7859 7823
f 7860 7858 7822
f 7831 7861 7851
f 7844 7862 7838
f 7834 7835 7822
f 7863 7864 7827
f 7849 7821 7820
f 7825 7824 7833
f 7859 7865 7866
f 7855 7854 7867
f 7837 7852 7855
f 7865 7853 7852
f 7837 7856 7845
f 7857 7867 7868
f 7864 7860 7835
f 7843 7861 7642
f 7868 7863 7826
f 7830 7833 7847
f 7857 7850 7856
f 7837 7836 7866
f 7836 7820 7823
f 7870 7868 7867
f 7870 7871 7863
f 7871 7872 7864
f 7872 7873 7860
f 7869 7867 7854
f 7874 7854 7853
f 7876 7875 7853
f 7874 7877 7878
f 7879 7880 7881
f 7883 7879 7882
f 7886 7879 7883
f 7887 7888 7886
f 7890 7889 7886
f 7886 7888 7880
f 7891 7881 7880
f 7884 7893 7885
f 7871 7870 7893
f 7871 7884 7894
f 7884 7882 7895
f 7882 7881 7896
f 7890 7885 7893
f 7893 7870 7869
f 7881 7891 7897
f 7898 7899 7895
f 7900 7898 7896
f 7901 7902 7899
f 7904 7899 7902
f 7898 7900 7905
f 7894 7895 7899
f 7904 7873 7872
f 7907 7897 7891
f 7906 7891 7892
f 7890 7878 7909
f 7910 7887 7889
f 7877 7911 7909
f 7912 7910 7909
f 7887 7910 7914
f 7906 7908 7913
f 7873 7915 7858
f 7916 7876 7865
f 7859 7858 7915
f 7916 7915 7903
f 7917 7903 7902
f 7917 7919 7876
f 7873 7904 7903
f 7919 7920 7875
f 7877 7874 7875
f 7911 7877 7920
f 7922 7921 7920
f 7923 7924 7921
f 7918 7922 7919
f 7922 7918 7925
f 7924 7912 7911
f 7912 7924 7926
f 7928 7929 7930
f 7924 7923 7928
f 7927 7926 7930
f 7907 7906 7914
f 7910 7912 7927
f 7901 7925 7918
f 7905 7929 7925
f 7925 7929 7928
f 7905 7900 7930
f 7897 7907 7930
f 7888 7908 7892
f 7888 7887 7913
f 7645 7643 7831
f 7839 7838 7862
f 7841 7849 7848
f 7842 7847 7849
f 7504 7503 7844
f 7839 7931 7840
f 7643 7642 7861
f 7503 7539 7862
f 7846 7851 7861
f 7842 7598 7645
f 7932 7933 7934
f 7936 7937 7938
f 7937 7940 7941
f 7942 7943 7944
f 7947 7948 7949
f 7950 7936 7939
f 7953 7954 7955
f 7956 7957 7958
f 7956 7959 7540
f 7962 7963 7964
f 7936 7950 7965
f 7946 7949 7958
f 7966 7932 7952
f 7965 7950 7933
f 7968 7940 7969
f 7970 7971 7972
f 7974 7968 7964
f 7941 7940 7968
f 7940 7937 7944
f 7976 7977 7935
f 7978 7976 7934
f 7943 7979 7969
f 7947 7954 7963
f 7933 7950 7951
f 7980 7981 7939
f 7967 7933 7932
f 7937 7936 7945
f 7977 7982 7983
f 7973 7972 7984
f 7953 7970 7973
f 7982 7971 7970
f 7974 7963 7954
f 7975 7984 7985
f 7981 7978 7951
f 7961 7979 7544
f 7985 7980 7938
f 7942 7945 7965
f 7975 7968 7974
f 7952 7983 7970
f 7952 7932 7935
f 7987 7985 7984
f 7987 7988 7980
f 7988 7989 7981
f 7989 7990 7978
f 7986 7984 7972
f 7991 7972 7971
f 7993 7992 7971
f 7986 7991 7994
f 7997 7998 7999
f 8000 7996 7999
f 8003 7996 8000
f 8005 8003 8006
f 8007 8006 8003
f 7996 8003 8005
f 7998 7997 8009
f 8010 8002 8000
f 7988 7987 8010
f 7988 8001 8011
f 8011 8001 7999
f 7998 8013 8012
f 8007 8002 8010
f 8010 7987 7986
f 8013 7998 8008
f 8015 8016 8012
f 8017 8015 8013
f 8018 8019 8016
f 8021 8016 8019
f 8015 8017 8022
f 8011 8012 8016
f 8021 7990 7989
f 8023 8024 8014
f 8023 8008 8009
f 8007 7995 8026
f 8026 8027 8004
f 8028 8026 7995
f 8029 8027 8026
f 8030 8004 8027
f 8023 8025 8030
f 7990 8032 7976
f 8033 7993 7982
f 7976 8032 8033
f 8034 8033 8032
f 8035 8034 8020
f 8034 8036 7993
f 7990 8021 8020
f 8036 8037 7992
f 7991 7992 8037
f 7994 8037 8038
f 8039 8038 8037
f 8040 8041 8038
f 8035 8039 8036
f 8039 8035 8042
f 8041 8029 8028
f 8029 8041 8043
f 8045 8046 8047
f 8041 8040 8045
f 8044 8043 8047
f 8024 8023 8031
f 8027 8029 8044
f 8042 8035 8019
f 8022 8046 8042
f 8042 8046 8045
f 8017 8047 8046
f 8014 8024 8047
f 8005 8025 8009
f 8005 8004 8030
f 7506 7641 7943
f 7954 7947 7946
f 7967 7966 7957
f 7960 7965 7967
f 7948 7947 7962
f 7955 7946 7957
f 7641 7544 7979
f 7969 7979 7961
f 7960 7540 7506
f 7362 8049 8050
f 8052 7618 7464
f 8051 7464 7467
f 8054 8055 7600
f 8056 7361 7618
f 7436 8050 8057
f 8049 7362 7361
f 8057 8058 7603
f 8055 8053 7467
f 8058 8054 7604
f 8059 8060 8058
f 8060 8061 8054
f 8061 8062 8055
f 8062 8063 8053
f 8059 8057 8050
f 8064 8050 8049
f 8056 8066 8065
f 8059 8064 8067
f 8069 8070 8071
f 8073 8069 8072
f 8075 8069 8073
f 8077 8078 8075
f 8075 8079 8070
f 8079 8080 8081
f 8082 8071 8070
f 8083 8076 8073
f 8061 8060 8083
f 8061 8074 8084
f 8074 8072 8085
f 8072 8071 8086
f 8077 8076 8083
f 8083 8060 8059
f 8071 8082 8087
f 8088 8089 8085
f 8090 8088 8086
f 8091 8092 8089
f 8094 8089 8092
f 8088 8090 8095
f 8084 8085 8089
f 8094 8063 8062
f 8097 8087 8082
f 8096 8082 8081
f 8077 8068 8098
f 8099 8100 8078
f 8101 8098 8068
f 8102 8099 8098
f 8100 8099 8104
f 8096 8080 8103
f 8075 8078 8100
f 8079 8100 8103
f 8105 8051 8053
f 8066 8056 8052
f 8051 8105 8106
f 8107 8106 8105
f 8108 8107 8093
f 8107 8109 8066
f 8063 8094 8093
f 8109 8110 8065
f 8064 8065 8110
f 8067 8110 8111
f 8112 8111 8110
f 8113 8114 8111
f 8108 8112 8109
f 8112 8108 8115
f 8114 8102 8101
f 8102 8114 8116
f 8118 8119 8120
f 8114 8113 8118
f 8117 8116 8120
f 8097 8096 8104
f 8099 8102 8117
f 8091 8115 8108
f 8095 8119 8115
f 8115 8119 8118
f 8095 8090 8120
f 8087 8097 8120
f 7550 7563 7561
f 7552 7551 7561
f 7931 7862 7539
f 7640 7409 7408
f 7549 7526 7644
f 7525 7413 7544
f 7931 7542 7482
f 7483 7482 7542
f 7626 7402 7405
f 7629 7433 7432
f 7629 8121 7949
f 8122 7958 7949
f 8123 8122 8121
f 8124 8123 7432
f 7434 7495 8125
f 8125 7430 8124
f 8124 7430 7429
f 8123 8124 8126
f 8122 8123 8127
f 7541 7540 7959
f 7404 7403 8129
f 8125 7495 7431
f 7526 7525 7505
f 7626 7483 7541
f 7959 7958 8122
f 7961 7545 8048
f 7629 7948 8048
f 8127 7402 7626
f 7402 8127 8126
f 8129 7403 8126
f 7428 7531 8129
f 7589 7531 7428
f 7334 7392 7426
f 7335 7334 7357
f 7616 7615 7446
f 7392 7397 7398
f 7393 7394 7397
f 7342 7469 7394
f 7344 7347 7469
f 7343 7618 7361
f 7360 7345 7344
f 7363 7575 7345
f 7437 7576 7575
f 7582 7576 7437
f 7421 7582 7639
f 7375 7421 7602
f 7599 7337 7375
f 7465 7464 7618
f 7332 7447 7587
f 7447 7332 7335
f 7445 7335 7356
f 7359 7442 7616
f 7636 7443 7442
f 7588 7605 7443
f 7589 7606 7605
f 7590 7471 7606
f 7471 7590 7591
f 7446 7615 7371
f 7371 7370 7372
f 7422 7372 7370
f 7577 7422 7424
f 7536 7577 7580
f 7591 7607 7635
f 7607 7608 7386
f 7543 7608 7494
f 7547 7387 7543
f 7608 7543 7387
f 7387 7547 7416
f 7457 7410 7382
f 7557 7457 7417
f 7559 7557 7554
f 7630 7559 7553
f 7534 7533 7586
f 7466 7338 7337
f 7465 7587 7338
f 7617 7340 7587
f 7341 7340 7617
f 8130 6091 6090
f 6023 6022 8132
f 6182 6023 8133
f 6623 6622 6792
f 6787 6696 6182
f 8134 6700 6696
f 6917 6757 6756
f 6762 6761 7112
f 6762 6765 6184
f 6765 6623 6185
f 6650 6769 6768
f 6772 6771 6916
f 6777 6776 6789
f 6022 6777 6788
f 6756 6700 8134
f 6758 6757 6771
f 6761 6776 6775
f 6769 6622 6621
f 6772 6768 6767
f 6174 6173 6760
f 6187 6186 6178
f 6811 6649 6648
f 6786 6785 6724
f 6791 6790 6918
f 6186 6793 6179
f 6808 6807 8133
f 6884 6883 8135
f 6174 6187 6670
f 6807 6785 6784
f 6791 6808 8132
f 6786 6884 8134
f 6790 6173 6172
f 6649 6793 6792
f 6316 6315 8136
f 8137 6655 6654
f 8139 8140 6601
f 6656 6655 6580
f 6868 8141 8142
f 6316 6712 6711
f 6864 8143 8144
f 6864 6863 8145
f 6868 6867 6869
f 6656 6867 6866
f 8146 8147 8148
f 8139 8150 8151
f 8152 8153 6866
f 8154 8155 8138
f 6874 6873 8156
f 8158 6318 8159
f 8160 8152 6865
f 8161 6317 6313
f 6161 6600 8162
f 8164 8154 6654
f 8153 8164 6653
f 8165 8166 8167
f 8166 5989 8169
f 5989 5988 8170
f 5988 6017 8171
f 8172 8173 6043
f 8174 8175 6032
f 8174 6035 6098
f 8176 6098 6796
f 8177 6796 8178
f 7132 8178 6728
f 6589 6588 8180
f 8180 6588 6004
f 8181 6004 6007
f 6334 6079 6731
f 6079 6078 6645
f 6078 6085 6646
f 6085 8183 8184
f 6091 8130 8185
f 6086 6730 8183
f 6950 6949 7118
f 6952 6951 6992
f 6983 6982 6968
f 6987 6986 7004
f 7001 7000 6979
f 7001 7262 7074
f 7262 7264 7075
f 7264 6952 7127
f 7265 6951 6943
f 7265 7266 6991
f 7266 6950 7070
f 6949 7267 7119
f 7267 6982 6939
f 6983 6987 7099
f 7268 6986 6985
f 7000 7268 8186
f 6938 6937 6985
f 6946 6945 6922
f 6956 6955 6948
f 6971 6970 6928
f 6970 6955 6954
f 6973 6946 6921
f 6977 6976 7263
f 6981 6980 7061
f 6973 7067 7117
f 7097 6980 6979
f 7104 6971 6927
f 6977 6981 7060
f 6976 6945 6944
f 6956 7067 7066
f 6937 7097 8186
f 6938 7104 7101
f 6924 6923 7116
f 6926 6924 7297
f 6930 6929 6962
f 6934 6933 6953
f 6960 6959 6936
f 6963 6929 6928
f 6967 6966 6975
f 7063 7062 7327
f 6959 7065 7096
f 6926 6934 7066
f 7102 6930 7304
f 6967 7063 7331
f 6966 6923 6922
f 7062 7065 7064
f 6963 6933 6932
f 7102 6960 6935
f 7299 7298 7269
f 7301 7300 6932
f 7306 7305 7285
f 7308 7305 6962
f 7315 7306 7284
f 7317 7316 7312
f 7319 7316 6964
f 7322 7298 7297
f 7317 7322 7116
f 7308 7300 7303
f 7326 7325 6958
f 7329 7328 7291
f 7328 7325 7324
f 7301 7299 8187
f 7319 7329 7290
f 7326 7315 7309
f 7272 7271 7321
f 7272 7274 8187
f 7274 7277 7302
f 7281 7280 7307
f 7283 7282 7593
f 7289 7288 7324
f 7293 7292 7330
f 7293 7296 7318
f 7310 7283 7594
f 7314 7313 7595
f 7282 7280 7279
f 7278 7281 7277
f 7314 7271 7270
f 7313 7296 7295
f 7288 7292 7291
f 7289 7310 7637
f 6003 6002 6626
f 6003 6138 7165
f 6690 8188 8189
f 6686 6685 5981
f 6685 6687 6096
f 6687 6688 6806
f 6002 6686 5980
f 6606 8188 5351
f 7164 7173 8190
f 8192 7175 7174
f 6015 6014 8153
f 6189 6188 8155
f 8157 8156 6284
f 6332 6015 8152
f 6593 6592 6317
f 6658 6189 8154
f 6014 6658 8164
f 6332 8194 7131
f 6805 8159 6321
f 6146 8163 8162
f 6607 7128 8195
f 8196 6126 6125
f 8198 7169 7168
f 8199 7168 6633
f 7177 6632 8201
f 8202 8203 8204
f 7208 7186 7185
f 7237 7230 7186
f 6819 6824 7230
f 6818 6821 6824
f 8206 6883 6821
f 8207 6917 8135
f 6917 8207 8209
f 8209 8210 7259
f 8210 8211 6647
f 6812 6648 8212
f 6809 6812 7258
f 6809 7257 8213
f 6113 8213 8214
f 7235 7223 6110
f 7223 7235 7234
f 6147 7234 8215
f 6148 8215 8216
f 8218 6155 6158
f 8219 6285 6116
f 6284 6188 6116
f 6188 6284 8156
f 8155 8156 6873
f 8138 6873 6872
f 8137 6872 8148
f 6193 8147 6281
f 6190 6281 6278
f 8220 8221 8222
f 8224 8225 7139
f 6223 6222 8226
f 6237 6236 8228
f 6238 6223 8227
f 6249 6248 8231
f 6253 6252 8233
f 6236 6279 8221
f 6331 6238 8230
f 6252 6595 8236
f 6222 6237 8229
f 6828 6827 8237
f 6280 8239 8240
f 8208 8135 6883
f 6648 6647 8211
f 6143 6624 8242
f 6624 7189 8244
f 8245 8246 8247
f 8249 8250 8251
f 7195 8253 8254
f 7214 8255 8253
f 8256 8255 7214
f 7243 7211 8257
f 7210 8258 8257
f 8259 7181 6102
f 8261 6122 6121
f 8178 7132 8263
f 7132 6797 8264
f 6797 6135 8265
f 6135 6134 8266
f 6134 6151 8267
f 6151 6154 8268
f 6154 8269 8270
f 8269 8271 8272
f 7194 7193 8273
f 7193 8250 8275
f 8249 8259 8260
f 8248 8277 8278
f 6129 6128 8279
f 7169 8198 8197
f 8198 8190 8192
f 7171 6141 7175
f 6589 6801 7129
f 6801 6037 6040
f 6037 6036 6041
f 6036 6131 6659
f 6131 6156 6118
f 6156 6155 6119
f 8218 8219 6119
f 8219 8218 6815
f 7191 7189 6641
f 8246 8244 7189
f 8245 8278 8281
f 8280 8279 6288
f 6125 6124 7170
f 6288 6127 6602
f 6126 8196 6604
f 8196 8193 6605
f 7174 6140 6691
f 6691 6140 6139
f 7171 7166 8283
f 7172 8283 8284
f 6139 6142 8284
f 8285 8286 8287
f 8211 8210 8289
f 8290 8291 8292
f 8293 8294 8291
f 8293 8207 8208
f 8296 8297 8298
f 6818 6817 8296
f 8285 7256 7258
f 7243 8299 7212
f 7243 6739 8300
f 8301 8300 6739
f 8302 8256 7213
f 8303 8302 7247
f 8304 8303 6168
f 6738 8298 8297
f 8288 8287 6167
f 8304 8292 8291
f 8305 8291 8294
f 6737 6736 8306
f 6736 7244 8307
f 8243 8242 8308
f 8242 8244 8282
f 8247 8246 7191
f 7196 8254 8251
f 8253 8310 8311
f 8255 8312 8310
f 8313 8312 8255
f 7244 8257 8313
f 8313 8257 8258
f 8312 8258 8314
f 8315 8311 8310
f 8311 8315 8316
f 8282 8281 8317
f 8308 8317 8261
f 8309 8261 8262
f 8248 8247 8275
f 8282 8244 8246
f 8307 8313 8256
f 8306 8307 8302
f 8305 8306 8303
f 8298 6738 6737
f 8287 8292 8304
f 7253 8319 7199
f 8319 8320 6028
f 8320 8321 6029
f 8321 8322 7184
f 8322 8203 7185
f 8203 8202 7205
f 8202 7240 7206
f 7239 7245 7210
f 7251 7227 8319
f 7227 7217 8320
f 7217 7216 8321
f 7216 7236 8322
f 7236 8204 8203
f 6175 8199 8200
f 7165 7164 8191
f 6137 8283 7166
f 6200 6199 8283
f 6199 6206 8284
f 8284 6206 6205
f 6205 6608 6689
f 6689 6608 5485
f 7009 7008 8323
f 7013 7012 7021
f 7017 7016 7029
f 7013 7059 7110
f 7073 7072 7084
f 7081 7080 7093
f 7082 7017 7028
f 7088 7072 6995
f 7088 7115 7057
f 7122 7121 7043
f 7124 7123 7024
f 7082 7025 7024
f 7009 7122 7042
f 7012 7124 7126
f 7115 7016 7015
f 7008 7059 7058
f 7081 7121 7120
f 7073 7080 7079
f 6997 6996 7076
f 7023 7022 6942
f 7027 7026 7069
f 7031 7030 6989
f 7079 7078 7033
f 7037 7036 7107
f 7027 7040 7126
f 7041 7030 7029
f 7026 7031 6988
f 7100 7023 6941
f 7108 7036 7002
f 7100 7037 8323
f 6997 7041 7114
f 7022 7040 7039
f 7111 7034 7033
f 7035 7261 7260
f 7261 7076 6996
f 7108 7255 7120
f 7245 8314 8258
f 7246 8315 8314
f 7181 8259 8316
f 8277 6101 6129
f 8278 6129 8280
f 6287 8317 8281
f 6122 8261 8317
f 5487 6145 6144
f 5489 6159 6162
f 6637 8324 8325
f 8326 8325 8225
f 5494 7139 8225
f 6160 6159 8150
f 5496 8324 8151
f 8163 8327 6162
f 6146 6145 8327
f 8243 8328 6144
f 8328 8243 8309
f 8318 8262 5501
f 8262 6121 5502
f 8329 8330 8331
f 8333 8334 8335
f 8338 8182 6007
f 8329 8334 8339
f 8341 6334 6734
f 6006 8342 8337
f 8342 6006 6804
f 6065 6064 8339
f 5995 5994 8341
f 6918 6172 6166
f 7221 6163 6166
f 6172 6171 6880
f 8344 5952 5955
f 5519 5976 5975
f 6806 8345 8346
f 6646 8184 8347
f 8165 8348 8349
f 6322 8350 8131
f 8345 6806 6688
f 6695 8346 5975
f 5976 5519 5528
f 5529 8130 8131
f 6643 8347 8352
f 8183 5533 5532
f 5534 8185 8130
f 6730 5535 5533
f 8351 6688 6093
f 5535 6730 6594
f 8353 8354 6652
f 8354 8353 8355
f 8357 8358 6825
f 8359 8357 6202
f 6224 8354 8356
f 6275 8361 8362
f 6201 6210 7143
f 7146 8363 8359
f 8357 8359 8363
f 8355 8365 8366
f 8361 8360 8368
f 8356 8355 8367
f 8370 8371 8372
f 8220 8373 7145
f 6275 6274 6228
f 5558 4067 6228
f 8375 8369 8367
f 8362 8368 8376
f 8378 8379 8380
f 8363 7146 8382
f 8384 8378 8381
f 8382 8373 8386
f 8383 8387 8364
f 6226 6225 6231
f 6231 6225 8361
f 6636 8388 8389
f 6635 8390 8388
f 8390 6635 5576
f 8379 8378 6232
f 8378 8384 6233
f 8384 8391 8371
f 8372 8392 8393
f 7138 8240 8239
f 8224 8239 8394
f 8146 6638 8394
f 6638 6637 8326
f 6340 6339 6299
f 6747 6338 6577
f 6344 6343 6346
f 6342 6341 6355
f 6353 6352 6349
f 6337 6351 6369
f 6360 6359 6328
f 6358 6357 6386
f 6364 6363 6293
f 6362 6361 6376
f 6366 6353 6297
f 6350 6365 6372
f 6533 6342 6303
f 6534 6536 6346
f 6744 6746 6533
f 6536 6534 6747
f 6357 6835 6894
f 6341 6834 6832
f 6839 6838 6292
f 6837 6836 6380
f 6838 6841 6354
f 6361 6840 6377
f 6363 6366 6296
f 6365 6362 6373
f 6359 6839 6291
f 6836 6358 6385
f 6481 6480 6902
f 6484 6483 6501
f 6477 6488 6487
f 6849 6467 6492
f 6494 6492 6467
f 6547 6481 6544
f 6750 6751 6546
f 6494 6466 6751
f 6843 6484 6500
f 6845 6573 6575
f 6489 6488 6847
f 6474 6487 6491
f 6483 6905 6906
f 6493 6463 6465
f 6471 6470 6544
f 6472 6482 6485
f 6476 6475 6461
f 6470 6451 6542
f 6570 6567 6569
f 6495 6567 6463
f 6475 6465 6462
f 6572 6848 6477
f 6574 6571 6457
f 6569 6568 6543
f 6575 6574 6473
f 6471 6904 6901
f 6469 6468 6508
f 6498 6497 6479
f 6503 6502 6518
f 6489 6506 6505
f 6467 6849 6509
f 6546 6548 6498
f 6549 6548 6752
f 6752 6751 6466
f 6503 6850 6846
f 6850 6851 6844
f 6507 6506 6852
f 6486 6505 6509
f 6502 6907 6909
f 6858 6893 6664
f 8396 8397 6611
f 6833 8398 6324
f 8399 6826 6825
f 6831 6830 8401
f 6707 6833 6826
f 8398 8403 6890
f 6858 6857 8404
f 8405 8396 6610
f 6830 6893 6553
f 8397 6892 6911
f 8400 6825 8358
f 8358 8357 8364
f 8406 8364 8387
f 8389 8408 8380
f 8389 8388 8409
f 8388 8390 8410
f 5575 5597 8410
f 6665 6273 8411
f 8412 8413 6720
f 8413 5602 5601
f 8411 8414 8413
f 6262 6742 6290
f 5602 8413 8414
f 7141 7140 7142
f 8393 8222 8241
f 8227 8226 7147
f 8229 8228 8374
f 8230 8227 7151
f 8232 8231 8415
f 8234 8233 8417
f 8221 8220 8374
f 8235 8230 7153
f 8233 8236 8420
f 8226 8229 7148
f 8238 8237 8421
f 7141 8393 8240
f 6581 6580 6655
f 6640 6639 8140
f 6710 6709 8141
f 6717 6716 6712
f 6860 6859 8143
f 6870 6869 6867
f 6717 8136 6726
f 6870 6580 6192
f 6860 8145 6050
f 6710 6869 6025
f 6639 8149 6871
f 6640 8151 8324
f 6581 8148 8147
f 5615 5614 6234
f 7144 7148 8374
f 7144 7143 6210
f 7150 7149 6210
f 7152 7150 6209
f 7152 7154 8419
f 7154 7155 8421
f 7158 7157 8415
f 7160 7159 8420
f 7162 7161 8418
f 7161 4321 5616
f 8370 6234 6233
f 8373 8382 7146
f 8392 8391 8386
f 8391 8392 8372
f 5617 8344 6713
f 5973 5618 3355
f 8345 5620 5619
f 3880 6735 6910
f 8351 5622 5620
f 8346 5619 5520
f 5621 6910 6911
f 5622 8351 8185
f 8150 5624 5497
f 8423 8424 8425
f 8427 6516 6519
f 8429 8430 8431
f 6523 8432 8433
f 8434 8435 8436
f 8438 8435 8434
f 8438 8440 6511
f 8441 8442 8424
f 8427 8443 8430
f 8444 8428 8445
f 8447 8425 8424
f 8449 8443 8444
f 8451 8431 8430
f 8453 8437 8454
f 8456 8434 8437
f 8439 8434 8456
f 8448 8424 8442
f 8452 8430 8443
f 8425 8447 8459
f 8460 8461 8462
f 8464 8465 8466
f 8468 8469 8470
f 8472 8473 8474
f 8476 8477 8478
f 8480 8481 8482
f 8484 8485 8486
f 8485 8488 8489
f 8490 8491 8481
f 8492 8493 8494
f 8495 8494 8496
f 8498 8499 8500
f 8502 8501 8500
f 8504 8505 8506
f 8508 8509 8510
f 8513 8508 8511
f 8507 8506 8514
f 8516 8517 8518
f 8520 8517 8516
f 8522 8523 8524
f 8526 8527 8522
f 8528 8529 8530
f 8532 8530 8529
f 8534 8535 8536
f 8538 8539 8534
f 8464 8482 8481
f 8483 8540 8541
f 8542 8485 8484
f 8487 8543 8540
f 8488 8485 8542
f 8545 8546 8486
f 8481 8491 8466
f 8547 8545 8489
f 8548 8494 8493
f 8549 8550 8502
f 8551 8496 8494
f 8497 8541 8552
f 8469 8500 8499
f 8547 8541 8497
f 8469 8468 8503
f 8501 8502 8550
f 8460 8504 8507
f 8552 8553 8506
f 8554 8511 8510
f 8549 8552 8505
f 8554 8555 8512
f 8513 8556 8550
f 8461 8507 8515
f 8557 8556 8513
f 8558 8516 8519
f 8559 8560 8527
f 8521 8516 8558
f 8553 8562 8517
f 8477 8525 8524
f 8520 8523 8557
f 8476 8526 8525
f 8527 8560 8556
f 8563 8529 8528
f 8564 8539 8531
f 8533 8529 8563
f 8562 8567 8530
f 8473 8537 8536
f 8559 8562 8532
f 8472 8538 8537
f 8560 8534 8539
f 8463 8462 8555
f 8544 8542 8467
f 8470 8551 8548
f 8475 8474 8566
f 8479 8478 8561
f 8484 8487 8483
f 8490 8489 8488
f 8503 8493 8492
f 8498 8497 8496
f 8504 8510 8509
f 8515 8514 8513
f 8519 8518 8527
f 8521 8524 8523
f 8528 8531 8539
f 8533 8536 8535
f 8467 8484 8482
f 8487 8486 8546
f 8544 8466 8491
f 8480 8541 8547
f 8493 8503 8468
f 8495 8552 8549
f 8551 8470 8499
f 8501 8545 8547
f 8460 8463 8510
f 8508 8550 8549
f 8555 8462 8515
f 8506 8553 8557
f 8519 8526 8476
f 8517 8562 8559
f 8561 8478 8524
f 8522 8556 8557
f 8475 8528 8538
f 8567 8565 8531
f 8566 8474 8536
f 8560 8559 8535
f 8442 8441 8568
f 6512 8570 8568
f 8570 8440 8571
f 8426 6515 6514
f 8428 8444 8443
f 6522 8429 8432
f 8437 8436 8433
f 6524 8436 8435
f 6528 6527 8435
f 8423 6514 6550
f 8429 6522 6516
f 6515 8426 8445
f 8441 6550 6754
f 8570 8572 8569
f 8440 8570 6512
f 8569 8573 8458
f 8574 8575 8572
f 8572 8575 8573
f 8453 8576 8577
f 8576 8453 8455
f 8452 8579 8580
f 8573 8581 8582
f 8575 8583 8581
f 8584 8583 8575
f 8571 8439 8457
f 8439 8571 8440
f 8585 8586 8587
f 8587 8589 8590
f 8589 8591 8592
f 8591 8593 8594
f 8593 8595 8596
f 8595 8597 8598
f 8599 8600 8586
f 8601 8602 8600
f 8603 8604 8602
f 8605 8606 8598
f 8607 8608 8604
f 8609 8610 8608
f 8611 8612 8610
f 8606 8605 8612
f 8613 8614 8589
f 8614 8615 8591
f 8615 8616 8593
f 8616 8617 8595
f 8617 8618 8597
f 8619 8620 8617
f 8620 8621 8618
f 8620 8622 8623
f 8624 8625 8626
f 8626 8623 8622
f 8620 8619 8628
f 8622 8628 8629
f 8627 8629 8630
f 8632 8633 8634
f 8636 8634 8633
f 8637 8638 8636
f 8639 8633 8632
f 8633 8639 8641
f 8635 8641 8642
f 8642 8643 8644
f 8645 8638 8637
f 8586 8646 8613
f 8600 8647 8646
f 8616 8615 8648
f 8615 8614 8649
f 8613 8650 8649
f 8651 8650 8613
f 8647 8652 8651
f 8652 8653 8654
f 8602 8655 8647
f 8655 8656 8652
f 8656 8657 8653
f 8653 8658 8659
f 8658 8660 8661
f 8644 8662 8663
f 8664 8661 8662
f 8661 8664 8666
f 8666 8667 8654
f 8667 8650 8651
f 8668 8605 8597
f 8669 8668 8618
f 8670 8669 8621
f 8671 8670 8623
f 8671 8626 8625
f 8625 8631 8673
f 8636 8674 8675
f 8638 8676 8674
f 8645 8677 8676
f 8645 8663 8678
f 8679 8680 8660
f 8657 8679 8658
f 8583 8584 8648
f 8650 8581 8583
f 8667 8582 8581
f 8666 8681 8582
f 8664 8682 8681
f 8682 8664 8665
f 8684 8685 8643
f 8684 8642 8641
f 8639 8580 8579
f 8580 8639 8640
f 8629 8577 8576
f 8604 8686 8655
f 8608 8687 8686
f 8610 8688 8687
f 8612 8689 8688
f 8605 8668 8689
f 8690 8689 8668
f 8691 8688 8689
f 8692 8687 8688
f 8693 8686 8687
f 8656 8655 8686
f 8694 8690 8669
f 8695 8691 8690
f 8696 8692 8691
f 8697 8693 8692
f 8657 8656 8693
f 8697 8698 8679
f 8696 8699 8698
f 8696 8695 8700
f 8694 8701 8700
f 8670 8671 8701
f 8702 8701 8671
f 8701 8702 8703
f 8703 8704 8699
f 8699 8704 8705
f 8698 8705 8680
f 8672 8673 8706
f 8675 8674 8707
f 8674 8676 8709
f 8709 8676 8677
f 8677 8678 8711
f 8712 8713 8710
f 8702 8706 8714
f 8713 8712 8714
f 8707 8709 8716
f 8717 8716 8713
f 8710 8713 8716
f 8708 8707 8717
f 8546 8601 8599
f 8546 8545 8603
f 8550 8607 8603
f 8556 8609 8607
f 8560 8611 8609
f 8564 8606 8611
f 8565 8598 8606
f 8565 8567 8596
f 8567 8562 8594
f 8562 8553 8592
f 8553 8552 8590
f 8590 8552 8541
f 8540 8585 8588
f 8543 8599 8585
f 8684 8449 8450
f 8579 8452 8449
f 8682 8447 8448
f 8447 8682 8683
f 8681 8448 8458
f 8584 8718 8619
f 8628 8718 8577
f 8457 8456 8577
f 8574 8457 8718
f 7134 6920 6919
f 6164 6163 6919
f 5485 6608 6609
f 3832 5351 8188
f 5921 6609 6221
f 5922 4281 7128
f 6439 8719 8720
f 8720 8719 6570
f 6570 8719 8721
f 6439 6447 8721
f 6727 6058 6057
f 6312 6057 6073
f 6828 6248 6073
f 6877 6268 6267
f 6745 6267 6299
f 6891 6306 6305
f 6338 6747 6746
f 6438 6411 6410
f 6412 6411 6440
f 6564 6421 6424
f 6842 6578 6577
f 6889 6305 6829
f 6579 6578 6564
f 6435 6410 6565
f 8722 6857 6306
f 8723 6859 6058
f 6269 6268 6878
f 7160 7157 6829
f 8724 8144 8143
f 8238 8231 6248
f 6339 6746 6744
f 8395 6577 6338
f 6879 6878 8404
f 8422 8415 8231
f 8725 8143 6859
f 8416 8415 7157
f 6059 6050 6049
f 6330 6099 6049
f 7156 6260 6259
f 6269 6265 6264
f 6297 6349 6264
f 6340 6352 6351
f 6368 6842 8395
f 6422 6414 6559
f 6436 6403 6404
f 6447 6439 6438
f 6424 6423 6436
f 6331 6827 6099
f 6422 6421 6842
f 8722 8403 6856
f 8141 6863 6862
f 6265 6855 6617
f 6324 6890 6259
f 7158 7155 6260
f 6709 8145 6863
f 8235 8237 6827
f 6298 6349 6352
f 6370 6369 6351
f 6891 6890 8403
f 8419 8421 8237
f 6051 6050 8145
f 8422 8421 7155
f 8721 6447 6446
f 6748 6440 8720
f 8727 6008 6011
f 8158 6009 8144
f 6009 6008 6861
f 6008 8727 6862
f 8142 6862 8727
f 6554 6553 6893
f 6833 6707 6708
f 6708 6856 8403
f 5623 6911 6892
f 8406 8366 8365
f 8407 8375 8366
f 8377 8376 8408
f 8397 8396 6530
f 6651 8399 8400
f 8402 8401 6616
f 6618 6707 8399
f 6554 8404 6878
f 8396 8405 6854
f 8401 6553 6552
f 6892 8397 6529
f 8353 8400 8365
f 8377 8409 6276
f 8409 8410 6277
f 8410 5597 5932
f 8726 8404 6857
f 8726 6856 6855
f 7234 6107 6106
f 8279 6124 6127
f 8354 6224 6227
f 6246 6245 6619
f 8239 6280 6282
f 8162 6283 6286
f 6292 6354 6246
f 6382 6378 6377
f 6392 6397 6396
f 6396 6395 6427
f 6398 6397 6443
f 6459 6443 6458
f 6525 6520 6523
f 6558 6272 6271
f 6429 6428 6560
f 6460 6458 6572
f 6272 6558 3736
f 7128 6603 6602
f 6227 6245 6244
f 7180 6631 6634
f 6642 6286 6285
f 6356 6741 6740
f 6816 6815 8218
f 6820 8300 8301
f 6355 6832 6741
f 6344 6835 6834
f 6364 6841 6840
f 6375 6378 6560
f 6848 6847 6488
f 6853 6852 6506
f 6530 6854 6740
f 8140 6871 6874
f 6555 6271 6831
f 8215 6106 6881
f 6348 6895 6894
f 6383 6895 6896
f 6433 6897 6896
f 6432 6897 6898
f 6406 6899 6898
f 6900 6455 6387
f 6900 6449 6448
f 6472 6904 6903
f 6480 6905 6903
f 6497 6907 6906
f 6908 6519 6518
f 4280 5933 6120
f 6100 7167 7170
f 6632 6631 7188
f 7235 8214 7201
f 7206 7209 7212
f 8213 7257 7232
f 8214 8213 7231
f 6108 6107 7200
f 7238 8299 8300
f 7207 7212 8299
f 8205 7241 7240
f 6170 6169 7232
f 6638 8146 8149
f 6601 6874 8157
f 6600 8157 6283
f 8392 8223 8222
f 6278 6280 8241
f 6816 8272 8274
f 6642 6815 6814
f 6128 7170 6124
f 8195 6602 6127
f 8212 8211 8286
f 8292 8287 8286
f 8290 8289 8210
f 8207 8293 8290
f 8294 8293 8295
f 8206 8296 8295
f 6817 8301 8297
f 8288 6170 7256
f 7209 7206 7240
f 6225 6224 8360
f 8369 8368 8360
f 8375 8376 8368
f 8381 8380 8387
f 8385 8381 8383
f 8385 8386 8391
f 8147 8146 6282
f 6345 6894 6835
f 6327 6832 6834
f 6295 6354 6841
f 6379 6377 6840
f 6853 6847 6845
f 6479 6906 6905
f 6848 6572 6571
f 6452 6901 6904
f 6525 6852 6851
f 6496 6909 6907
f 8402 8405 6876
f 8408 8407 8387
f 6279 8241 8222
f 6872 6871 8149
f 8223 8386 8373
f 6526 8433 8436
f 8446 8445 8426
f 8455 8454 8431
f 8446 8459 8450
f 8454 8433 8432
f 6908 8445 8428
f 8578 8455 8451
f 8632 8631 8625
f 8640 8632 8624
f 8660 8663 8662
f 8662 8644 8643
f 8675 8673 8631
f 8680 8678 8663
f 8683 8665 8643
f 8578 8640 8630
f 8673 8675 8708
f 8678 8680 8705
f 8711 8705 8704
f 8706 8708 8715
f 8703 8714 8712
f 8459 8683 8685
f 8407 8408 8376
f 6615 6854 8405
f 5993 6080 6335
f 6060 6682 6018
f 5993 6047 6081
f 6105 6104 6176
f 6177 6104 6000
f 6309 6311 6310
f 8725 6315 6314
f 8724 6314 6318
f 6321 6320 6053
f 6249 6595 6310
f 6596 6254 6257
f 8188 6606 6605
f 5986 6683 6682
f 6714 6726 6311
f 6047 6320 6086
f 6875 6596 6304
f 6001 6105 6912
f 7162 7159 6597
f 7254 7163 6912
f 6684 6683 7163
f 8723 8136 6315
f 6592 8159 6318
f 8332 8331 8171
f 6607 6606 5350
f 8191 8190 8198
f 8197 8192 8193
f 8159 6592 6319
f 8232 8236 6595
f 8192 8190 7173
f 8189 6605 8193
f 6177 8191 8199
f 6733 8331 8330
f 8340 8341 8330
f 8341 5994 6335
f 8412 6721 6875
f 8414 8411 6273
f 8416 8420 8236
f 6727 6726 8136
f 8417 8420 7159
f 6277 5932 5558
f 5935 5576 6635
f 5991 5990 6061
f 6019 6018 6682
f 5999 6034 6033
f 6045 6044 6677
f 6055 6054 6083
f 5995 6064 6063
f 6084 6054 6053
f 6088 5990 5989
f 6063 6084 6046
f 6066 6097 6034
f 6103 6102 7181
f 6673 6676 6133
f 6149 6148 6153
f 6323 6088 8166
f 6585 6584 6083
f 6630 6629 6702
f 6634 6633 7168
f 6676 6149 6152
f 6703 6629 6628
f 6796 6729 6728
f 6069 6729 6097
f 6132 6798 6674
f 6803 6799 6800
f 6011 6010 6055
f 6799 6803 6582
f 7194 8271 6881
f 7131 6584 6583
f 6798 7133 6913
f 7179 7178 8204
f 7183 7182 7246
f 7188 7183 7242
f 6109 7196 7192
f 7204 6630 6176
f 7219 7218 6628
f 7218 7228 7248
f 7179 7219 6627
f 7250 7254 6704
f 7228 7252 7249
f 6678 7250 7249
f 5997 7252 7251
f 8168 8167 6644
f 8167 8169 6732
f 8169 8170 6733
f 8170 8171 8331
f 8336 8335 8173
f 8182 8338 8175
f 8182 8174 8176
f 8181 8176 8177
f 8180 8177 8179
f 7133 6728 6590
f 7130 7131 8194
f 8200 6633 6632
f 7178 8201 8205
f 8269 6154 6153
f 8254 8311 8252
f 8260 6102 6101
f 8179 8263 6802
f 8263 8264 6038
f 8264 8265 6039
f 8265 8266 6130
f 8266 8267 6157
f 8267 8268 6158
f 8268 8270 8217
f 8270 8272 6816
f 6813 8274 8273
f 8273 8275 8247
f 8276 8260 8277
f 7192 8251 8250
f 8252 8316 8259
f 8276 8275 8250
f 7204 8200 7177
f 7182 8316 8315
f 8343 8339 8334
f 8333 8337 8342
f 8343 8342 6800
f 8340 8339 6064
f 6323 8349 8350
f 8168 8352 8348
f 8349 5937 5936
f 8352 5939 5938
f 6103 6634 7167
f 8271 8269 8216
f 8201 7188 7241
f 8274 8272 8271
f 5991 6018 6017
f 8728 8171 6017
f 5997 5996 6680
f 5996 6033 6045
f 6033 6032 6042
f 6042 6032 8175
f 8172 8175 8338
f 8336 8338 8337
f 6684 6678 6677
f 6681 6677 6044
f 6019 6044 6043
f 6016 6043 8173
f 8728 8173 8335
f 8332 8335 8334
f 8194 6332 8160
f 6805 6010 6009
f 5940 5941 7137
f 8324 5496 5942
f 8325 5942 5495
f 6253 5943 4292
f 7137 5941 5944
f 8348 5938 5937
f 8350 5936 5530
f 5624 8150 6159
f 6718 4293 5940
f 8327 5945 5490
f 8347 5946 5939
f 5933 5502 6121
f 8184 5532 5946
f 7142 4298 5615
f 6145 5487 5945
f 8234 5947 5943
f 8328 5948 5488
f 8318 5500 5948
f 7139 5494 4299
f 8418 5616 5947
f 5604 8414 6599
f 5949 3853 6712
f 5944 5949 6716
f 6720 5601 5950
f 6255 5950 4322
f 5614 5935 6235
f 6711 3852 5951
f 8161 5951 3857
f 5973 5964 2965
f 2965 5964 5963
f 222 5963 5960
f 223 5960 5958
f 5958 5957 3185
f 5957 5970 2977
f 5970 5967 1213
f 5967 5966 1214
f 2532 1214 5966
f 2894 2532 5953
f 2871 2894 5952
f 5510 5722 5721
f 5822 5825 5824
f 3511 3512 3844
f 3887 3892 3889
f 3876 3879 3878
f 3356 3357 3911
f 3372 3373 3390
f 3849 3854 3851
f 3481 3478 3867
f 3873 3874 3385
f 3875 3375 3450
f 3915 3794 3865
f 3657 3670 3671
f 5618 5973 3013
f 1997 1996 1889
f 1237 745 744
f 1535 1534 120
f 1531 1532 201
f 1119 1241 1032
f 946 948 824
f 163 8 5
f 9041 9178 9175
f 1155 1156 1162
f 427 213 327
f 553 1902 796
f 8732 2232 2231
f 8732 3178 2230
f 2237 3183 3180
f 8734 8735 8736
f 8735 8737 8738
f 8737 8739 8740
f 8739 8741 8742
f 8743 8744 8745
f 8746 8745 8747
f 8749 8750 8748
f 8751 8752 8750
f 8754 8755 8756
f 8757 8758 8755
f 8759 8760 8758
f 8761 8762 8760
f 8763 8764 8762
f 8766 8751 8749
f 8765 8749 8747
f 8767 8747 8745
f 8768 8745 8744
f 8744 8770 8771
f 8770 8741 8772
f 8741 8739 8773
f 8739 8737 8774
f 8737 8735 8775
f 8735 8734 8776
f 8776 8734 8777
f 2904 8778 8779
f 8780 8778 2904
f 8781 8780 2902
f 2875 8782 8781
f 8783 8784 2733
f 2825 8785 8786
f 8788 8789 8790
f 8792 8788 8787
f 2724 2723 8785
f 8787 8790 3115
f 8791 8787 3117
f 8794 8766 8765
f 8793 8765 8767
f 8795 8767 8768
f 8796 8768 8769
f 8797 8769 8771
f 8771 8772 8799
f 8772 8773 8800
f 8773 8774 8801
f 8774 8775 8802
f 8775 8776 8803
f 8776 3184 3056
f 8802 8803 2253
f 8801 8802 2252
f 8800 8801 1727
f 8799 8800 2150
f 8804 8798 8799
f 8805 8797 8798
f 8806 8796 8797
f 8807 8795 8796
f 8793 8795 8807
f 8794 8793 8808
f 8810 8811 8809
f 8808 8807 8806
f 8810 8806 8805
f 8813 8811 8810
f 8812 8805 8804
f 8815 8813 8812
f 8814 8804 1941
f 8755 8750 8752
f 8758 8748 8750
f 8760 8746 8748
f 8762 8743 8746
f 8816 8817 8764
f 8818 8819 8820
f 8816 8763 8782
f 8821 8818 8817
f 8789 8821 8783
f 8818 8821 8789
f 8819 8818 8788
f 8822 8820 8819
f 8823 8819 8792
f 8824 8792 8791
f 2712 8791 3119
f 8826 8822 8823
f 8825 8823 8824
f 8827 8824 2712
f 8828 8827 2711
f 8829 8825 8827
f 8830 8826 8825
f 8743 8762 8764
f 8817 8820 8831
f 8770 8744 8743
f 8741 8770 8831
f 8820 8822 8742
f 8740 8742 8822
f 8738 8740 8826
f 8736 8738 8830
f 8833 8828 2400
f 8834 8829 8828
f 8832 8830 8829
f 8835 8833 2402
f 3058 8835 2707
f 3061 8836 8835
f 8836 8834 8833
f 8733 8736 8832
f 8837 8832 8834
f 8777 8734 8733
f 8838 8733 8837
f 8837 8836 3061
f 1961 3057 8838
f 3057 3184 8777
f 8779 8754 8753
f 8778 8757 8754
f 8780 8759 8757
f 8781 8761 8759
f 8782 8763 8761
f 8821 8816 8784
f 8785 8790 8789
f 2723 3115 8790
f 2875 2733 8784
f 2736 2824 8786
f 2947 8779 8839
f 8815 8814 1360
f 1900 1925 1924
f 1736 1717 1718
f 1955 1952 1943
f 1671 1738 1735
f 1696 1750 1698
f 1800 1865 1864
f 2063 2055 2056
f 1737 1734 1717
f 1751 1735 1697
f 943 9337 9351
f 9108 8839 8753
f 1577 1578 1764
f 9369 1598 1599
f 1945 146 82
f 68 6 7
f 147 1542 1543
f 1109 1135 1133
f 1503 1910 1907
f 1499 1501 1909
f 452 1922 735
f 1824 2068 9287
f 1825 2067 2068
f 1463 1462 1022
f 841 1012 1009
f 1568 1547 1955
f 1910 1503 1502
f 1939 1502 422
f 309 280 1940
f 1804 1851 1866
f 269 1482 1954
f 2065 1607 2060
f 9264 1685 1758
f 280 276 552
f 1875 1873 1869
f 1739 1721 1734
f 5923 5897 5899
f 1778 1779 1790
f 310 1920 1915
f 1909 1908 1906
f 1789 1783 1778
f 978 981 980
f 1584 1759 1731
f 425 426 311
f 148 1543 115
f 2044 9349 9346
f 277 1910 1939
f 1943 1946 1945
f 1461 1462 1463
f 2253 8803 3056
f 2981 2254 8927
f 2209 2998 8927
f 2254 2253 3055
f 2998 926 958
f 2826 2817 2721
f 8928 2739 2721
f 2816 8929 8928
f 2334 2297 2296
f 2298 2297 2334
f 2301 2298 2336
f 2311 2301 2338
f 2312 2311 2354
f 2359 2358 2361
f 2335 2296 2359
f 2414 2413 2365
f 2413 2270 2361
f 2355 2352 2540
f 2541 2540 2539
f 2722 2721 2739
f 3114 2722 2738
f 3110 3112 3121
f 3108 3110 3120
f 3122 1754 3127
f 3112 3122 3126
f 3127 1754 1753
f 3139 3133 2529
f 9196 9227 3133
f 8928 2789 2740
f 8929 2790 2789
f 228 229 91
f 245 244 243
f 248 7 247
f 2 297 296
f 145 146 300
f 327 213 210
f 329 332 331
f 239 241 240
f 373 376 375
f 178 177 176
f 1218 1225 1228
f 9314 1231 1295
f 808 809 824
f 9310 9311 1013
f 9265 9262 1411
f 2154 2149 2159
f 9297 9287 1758
f 306 807 1922
f 2157 2153 1976
f 708 709 2031
f 1450 1226 1227
f 1672 1604 1605
f 1813 1814 1821
f 1717 1716 1715
f 176 159 402
f 1710 1705 9368
f 1712 1580 1577
f 1705 1713 1711
f 3435 3476 3475
f 971 978 979
f 822 823 1094
f 2909 2810 2793
f 2810 2769 2795
f 2799 2910 2249
f 9114 9095 2910
f 2769 2768 2801
f 3177 3176 3178
f 3178 8732 3180
f 3181 1394 1393
f 3181 1633 1632
f 3182 1632 2244
f 3183 2244 2243
f 8932 2791 2790
f 2808 8932 8929
f 2239 9018 9016
f 1149 1150 9015
f 1150 2009 9011
f 2202 9013 9010
f 2921 9008 9009
f 9012 9004 2133
f 1777 1579 1759
f 1201 1196 1183
f 9005 8998 2195
f 8997 9020 2770
f 9379 9377 1687
f 1516 152 154
f 8993 9006 2974
f 8994 8992 2779
f 2771 2772 9019
f 3070 2771 8990
f 8991 8988 2775
f 1376 1375 1370
f 2767 8987 9000
f 2195 8998 8987
f 2775 8988 8986
f 8344 5617 8989
f 9256 9254 8983
f 2776 8986 8982
f 2240 9016 8979
f 2920 8979 9121
f 8992 8978 2786
f 1805 1850 1851
f 8978 8976 2787
f 2951 2773 8984
f 2772 2951 8975
f 2973 2224 8974
f 2224 2223 8981
f 1957 1953 320
f 306 305 304
f 2770 9020 8972
f 2913 8972 9018
f 2923 9009 8971
f 308 1940 431
f 207 208 132
f 1879 1876 1881
f 9185 9239 8969
f 2475 3070 9002
f 2476 2475 8968
f 2223 2476 8967
f 8966 8993 2803
f 2037 9007 11
f 1959 1958 450
f 2003 8999 8964
f 9 10 334
f 2009 2008 8962
f 2008 2973 8980
f 9329 672 673
f 8959 8994 2778
f 2935 8958 8957
f 111 1149 9014
f 3238 3342 3341
f 8954 8958 2935
f 683 9328 9337
f 8952 9001 2810
f 736 733 732
f 1795 1804 1803
f 8949 8954 2938
f 8951 8949 2939
f 2950 8956 8948
f 2940 2949 8948
f 9253 9243 8956
f 2868 8953 8946
f 2869 8946 8966
f 1024 1034 1023
f 8944 8947 2948
f 551 1939 442
f 2972 8943 9012
f 2032 8977 8943
f 216 93 1924
f 3532 3534 3482
f 203 202 201
f 3539 3542 3541
f 1828 1848 1847
f 1958 1957 449
f 272 271 178
f 2871 8989 8939
f 9071 9121 9008
f 2801 2768 9095
f 2005 9210 9106
f 960 886 899
f 9109 9107 9064
f 9232 9240 9098
f 3151 9098 9045
f 2193 9056 9075
f 9059 9055 3145
f 9055 9101 2761
f 9044 9059 3144
f 2926 9110 9086
f 9086 9044 3104
f 9207 9206 9198
f 566 567 9210
f 8839 9108 1864
f 1602 1586 2079
f 2868 9110 9063
f 2922 9063 9062
f 2923 9062 9070
f 9122 9065 2918
f 9071 9122 9066
f 2921 9070 9122
f 2920 9066 9038
f 9065 9094 2915
f 2917 2766 9074
f 2916 2917 9093
f 2239 9039 9104
f 2911 9092 9104
f 9095 9092 2911
f 2797 2801 9114
f 2797 9043 9050
f 9074 9080 2763
f 9060 9080 2764
f 2194 9075 9100
f 2221 9100 9101
f 2756 9060 9061
f 2750 9050 9061
f 9121 8979 1817
f 9215 9222 1691
f 2515 9073 9042
f 2548 9042 9045
f 2513 2489 9084
f 2513 9068 9073
f 2509 9085 9072
f 2510 9084 9085
f 2289 9072 9091
f 2283 9091 9069
f 2240 9038 9039
f 9111 9109 9076
f 716 2121 9339
f 727 1999 9213
f 2165 2171 2170
f 9112 9111 9078
f 9195 9033 9030
f 2175 2172 769
f 2100 500 2095
f 9210 567 9209
f 640 9004 9012
f 1653 9020 8997
f 1895 8980 8974
f 746 8974 8981
f 1653 1810 8972
f 9214 1603 1604
f 2093 2075 2073
f 959 996 995
f 962 899 919
f 1400 1401 1398
f 1000 817 1127
f 956 959 884
f 1662 8992 8994
f 2034 9002 8990
f 9378 1689 8983
f 8979 9016 766
f 9016 9018 765
f 334 9014 9015
f 1868 8975 8984
f 1684 1651 1652
f 1682 1683 775
f 1585 1603 9214
f 9215 9214 1672
f 2173 2174 490
f 1658 8988 8991
f 9000 8987 1650
f 1571 9206 2010
f 1587 9116 9123
f 2099 2095 2077
f 787 9213 1999
f 2000 9146 786
f 3155 339 9149
f 9165 3155 9135
f 2180 2179 9137
f 8940 2180 9136
f 1684 9298 9292
f 1760 464 8939
f 2607 9141 9145
f 2581 9128 9141
f 2371 2502 9152
f 2371 9147 9145
f 2587 9128 9127
f 2586 9127 9149
f 2497 9143 9139
f 2502 2503 9139
f 2494 9143 9142
f 9142 9140 2472
f 9140 9153 2468
f 9153 9155 2469
f 726 9360 9344
f 581 9011 8962
f 10 8955 9014
f 1837 8958 8954
f 741 8981 8967
f 1299 8968 9002
f 1851 8951 8948
f 8971 9009 1820
f 580 8962 8980
f 1758 1685 8966
f 1693 9001 8952
f 8948 8956 1867
f 1894 1826 9012
f 2126 1418 9265
f 9358 2126 9293
f 2113 9363 9319
f 2179 9165 9241
f 624 9355 9356
f 2192 9056 9240
f 2177 8985 9239
f 1364 9276 9285
f 9310 9307 1470
f 3135 1753 9227
f 2069 9264 9287
f 1351 9313 9305
f 2108 9334 9353
f 2089 2092 9188
f 9280 9286 1358
f 2001 9201 9235
f 2187 9235 9171
f 2130 9208 9204
f 2004 9204 9201
f 2014 9176 9231
f 2201 9231 9208
f 3167 9172 9211
f 3168 9176 9172
f 3159 9161 9216
f 3160 9216 9217
f 9182 9159 3158
f 3158 9159 9161
f 2200 3069 9182
f 9137 9241 9194
f 9174 9226 2197
f 9242 9188 2092
f 9226 9242 9173
f 3154 9158 9242
f 3155 9165 9158
f 2091 9171 9173
f 2196 3148 9202
f 2193 2196 9228
f 9056 2193 9233
f 2086 2192 9232
f 2087 2086 9230
f 2204 9194 9203
f 2205 9203 9202
f 9361 9338 574
f 2124 2087 9229
f 2208 2124 9212
f 9163 9237 3140
f 9237 9197 3138
f 9197 9196 3139
f 9223 9164 3136
f 9164 9163 3137
f 9227 9219 3131
f 9219 9234 3132
f 1813 9291 9290
f 1293 9306 9308
f 2184 2321 9200
f 2181 2184 9184
f 9217 9220 3079
f 9220 9186 3080
f 709 9325 9327
f 2774 2961 9189
f 9238 9221 2134
f 9261 9260 766
f 2968 9236 9218
f 2969 9211 9236
f 2958 9199 9189
f 2132 9199 9218
f 2321 2185 9223
f 9312 9300 1449
f 9357 9326 582
f 9338 9341 577
f 9299 9278 1818
f 705 9354 9339
f 9268 9364 9359
f 2111 9335 9363
f 9262 9281 1366
f 1812 9291 9274
f 675 9303 9304
f 8940 9157 9303
f 2110 9319 9320
f 2104 9348 9353
f 2109 9320 9351
f 9294 9283 703
f 1680 9263 9298
f 1639 1627 9271
f 623 9356 9358
f 2139 2140 9318
f 1808 1640 9296
f 9272 9273 1819
f 9324 9366 9352
f 1646 9284 9282
f 9341 9342 633
f 2139 9317 9327
f 2156 2155 9323
f 674 9304 9365
f 2117 9269 9264
f 1815 9274 9299
f 9307 9301 1444
f 697 9358 9364
f 866 842 9288
f 9316 9321 2136
f 9037 9183 9178
f 9035 9192 9183
f 9205 9198 9190
f 9192 9035 9033
f 1088 9190 9198
f 9191 9192 9195
f 2791 8932 8933
f 8932 2808 2807
f 2792 8933 8934
f 8933 2807 2806
f 8952 2909 8934
f 8960 8934 2806
f 2948 8947 9243
f 2105 9360 9348
f 8982 9254 9256
f 680 9330 9328
f 1891 1890 9362
f 2905 9251 9253
f 2900 9249 9251
f 2901 9249 9259
f 2734 2878 9258
f 2877 9259 9258
f 2820 9252 9246
f 2818 9248 9244
f 2823 9245 9244
f 2822 9245 9250
f 2819 2735 9252
f 2817 9248 9247
f 2809 9257 9247
f 2808 9257 9255
f 2805 9256 9255
f 1702 9373 9375
f 9374 9372 1797
f 9367 9368 1706
f 9370 9379 1692
f 1657 9350 9332
f 1890 1877 9347
f 9224 9222 1674
f 1689 1690 9224
f 9378 9254 8982
f 8960 8983 1689
f 9369 9375 1703
f 1598 9369 9380
f 9332 9336 1876
f 1691 1690 9377
f 9377 9378 1688
f 9386 9385 9389
f 9386 9390 9391
f 9384 9388 9389
f 9390 9394 9395
f 9389 9388 9392
f 9389 9393 9394
f 9394 9398 9399
f 9393 9392 9396
f 9394 9393 9397
f 9399 9398 9402
f 9396 9400 9401
f 9397 9401 9402
f 9402 9406 9407
f 9401 9400 9404
f 9402 9401 9405
f 9407 9406 9410
f 9405 9404 9408
f 9405 9409 9410
f 9411 9410 9414
f 9409 9408 9412
f 9410 9409 9413
f 9414 9418 9419
f 9412 9416 9417
f 9413 9417 9418
f 9418 9422 9423
f 9417 9416 9420
f 9418 9417 9421
f 9422 9426 9427
f 9420 9424 9425
f 9421 9425 9426
f 9426 9430 9431
f 9425 9424 9428
f 9426 9425 9429
f 9431 9430 9434
f 9428 9432 9433
f 9429 9433 9434
f 9434 9438 9439
f 9433 9432 9436
f 9434 9433 9437
f 9439 9438 9442
f 9436 9440 9441
f 9437 9441 9442
f 9443 9442 9446
f 9441 9440 9444
f 9442 9441 9445
f 9447 9446 9450
f 9444 9448 9449
f 9445 9449 9450
f 9450 9454 9455
f 9449 9448 9452
f 9450 9449 9453
f 9454 9458 9459
f 9452 9456 9457
f 9453 9457 9458
f 9458 9462 9463
f 9457 9456 9460
f 9458 9457 9461
f 9463 9462 9466
f 9460 9464 9465
f 9461 9465 9466
f 9466 9470 9471
f 9465 9464 9468
f 9466 9465 9469
f 9471 9470 9474
f 9468 9472 9473
f 9469 9473 9474
f 9475 9474 9478
f 9473 9472 9476
f 9474 9473 9477
f 9479 9478 9482
f 9476 9480 9481
f 9477 9481 9482
f 9483 9482 9486
f 9481 9480 9484
f 9482 9481 9485
f 9486 9490 9491
f 9484 9488 9489
f 9485 9489 9490
f 9490 9494 9495
f 9489 9488 9492
f 9490 9489 9493
f 9495 9494 9498
f 9492 9496 9497
f 9493 9497 9498
f 9498 9502 9503
f 9497 9496 9500
f 9498 9497 9501
f 9503 9502 9507
f 9500 9505 9506
f 9501 9506 9507
f 9508 9507 9511
f 9505 9509 9510
f 9507 9506 9510
f 9512 9511 9386
f 9510 9509 9384
f 9510 9385 9386
f 9521 9520 9533
f 9518 9531 9532
f 9517 9516 9529
f 9515 9514 9527
f 9523 9536 9537
f 9521 9534 9535
f 9519 9532 9533
f 9518 9517 9530
f 9515 9528 9529
f 9513 9526 9527
f 9524 9537 9538
f 9523 9522 9535
f 9528 9541 9542
f 9526 9539 9540
f 9538 9537 9550
f 9535 9548 9549
f 9534 9533 9546
f 9531 9544 9545
f 9530 9529 9542
f 9528 9527 9540
f 9537 9536 9549
f 9534 9547 9548
f 9532 9545 9546
f 9531 9530 9543
f 9541 9554 9555
f 9540 9539 9552
f 9550 9563 9564
f 9548 9561 9562
f 9547 9546 9559
f 9544 9557 9558
f 9542 9555 9556
f 9541 9540 9553
f 9549 9562 9563
f 9547 9560 9561
f 9546 9545 9558
f 9544 9543 9556
f 9555 9554 9567
f 9552 9565 9566
f 9564 9563 9576
f 9562 9561 9574
f 9559 9572 9573
f 9557 9570 9571
f 9555 9568 9569
f 9553 9566 9567
f 9562 9575 9576
f 9561 9560 9573
f 9559 9558 9571
f 9557 9556 9569
f 9567 9580 9581
f 9566 9565 9578
f 9576 9589 9590
f 9575 9574 9587
f 9572 9585 9586
f 9571 9570 9583
f 9569 9568 9581
f 9566 9579 9580
f 9576 9575 9588
f 9574 9573 9586
f 9571 9584 9585
f 9569 9582 9583
f 9581 9580 9593
f 9578 9591 9592
f 9590 9589 9602
f 9588 9587 9600
f 9585 9598 9599
f 9583 9596 9597
f 9582 9581 9594
f 9579 9592 9593
f 9589 9588 9601
f 9587 9586 9599
f 9584 9597 9598
f 9583 9582 9595
f 9594 9593 9606
f 9592 9591 9604
f 9602 9615 9616
f 9601 9600 9613
f 9598 9611 9612
f 9596 9609 9610
f 9594 9607 9608
f 9592 9605 9606
f 9601 9614 9615
f 9600 9599 9612
f 9598 9597 9610
f 9596 9595 9608
f 9607 9606 9619
f 9605 9604 9617
f 9615 9628 9629
f 9613 9626 9627
f 9611 9624 9625
f 9610 9609 9622
f 9607 9620 9621
f 9605 9618 9619
f 9615 9614 9627
f 9613 9612 9625
f 9611 9610 9623
f 9608 9621 9622
f 9619 9632 9633
f 9617 9630 9631
f 9628 9641 9642
f 9627 9626 9639
f 9625 9624 9637
f 9622 9635 9636
f 9621 9620 9633
f 9619 9618 9631
f 9627 9640 9641
f 9625 9638 9639
f 9623 9636 9637
f 9622 9621 9634
f 9632 9645 9646
f 9630 9643 9644
f 9642 9641 9654
f 9639 9652 9653
f 9638 9637 9650
f 9635 9648 9649
f 9634 9633 9646
f 9632 9631 9644
f 9641 9640 9653
f 9638 9651 9652
f 9636 9649 9650
f 9635 9634 9647
f 9645 9658 9659
f 9644 9643 9656
f 9654 9667 9668
f 9652 9665 9666
f 9651 9650 9663
f 9648 9661 9662
f 9646 9659 9660
f 9645 9644 9657
f 9653 9666 9667
f 9651 9664 9665
f 9650 9649 9662
f 9648 9647 9660
f 9659 9658 9671
f 9656 9669 9670
f 9668 9667 9680
f 9665 9678 9679
f 9663 9676 9677
f 9661 9674 9675
f 9659 9672 9673
f 9657 9670 9671
f 9666 9679 9680
f 9665 9664 9677
f 9663 9662 9675
f 9661 9660 9673
f 9671 9684 9685
f 9670 9669 9682
f 9680 9693 9694
f 9678 9691 9692
f 9677 9676 9689
f 9675 9674 9687
f 9673 9672 9685
f 9670 9683 9684
f 9680 9679 9692
f 9678 9677 9690
f 9675 9688 9689
f 9673 9686 9687
f 9685 9684 9697
f 9682 9695 9696
f 9694 9693 9706
f 9692 9691 9704
f 9689 9702 9703
f 9687 9700 9701
f 9686 9685 9698
f 9683 9696 9697
f 9693 9692 9705
f 9691 9690 9703
f 9688 9701 9702
f 9687 9686 9699
f 9698 9697 9710
f 9696 9695 9708
f 9706 9719 9720
f 9705 9704 9717
f 9702 9715 9716
f 9700 9713 9714
f 9698 9711 9712
f 9696 9709 9710
f 9705 9718 9719
f 9704 9703 9716
f 9702 9701 9714
f 9700 9699 9712
f 9711 9710 9723
f 9709 9708 9721
f 9719 9732 9733
f 9717 9730 9731
f 9715 9728 9729
f 9714 9713 9726
f 9711 9724 9725
f 9709 9722 9723
f 9718 9731 9732
f 9717 9716 9729
f 9715 9714 9727
f 9712 9725 9726
f 9723 9736 9737
f 9721 9734 9735
f 9733 9732 9745
f 9731 9730 9743
f 9729 9728 9741
f 9726 9739 9740
f 9725 9724 9737
f 9723 9722 9735
f 9732 9731 9744
f 9729 9742 9743
f 9727 9740 9741
f 9726 9725 9738
f 9736 9749 9750
f 9734 9747 9748
f 9746 9745 9758
f 9743 9756 9757
f 9742 9741 9754
f 9739 9752 9753
f 9738 9737 9750
f 9736 9735 9748
f 9745 9744 9757
f 9742 9755 9756
f 9740 9753 9754
f 9739 9738 9751
f 9749 9762 9763
f 9748 9747 9760
f 9758 9771 9772
f 9756 9769 9770
f 9755 9754 9767
f 9752 9765 9766
f 9750 9763 9764
f 9749 9748 9761
f 9757 9770 9771
f 9756 9755 9768
f 9754 9753 9766
f 9752 9751 9764
f 9762 9775 9776
f 9760 9773 9774
f 9772 9771 9784
f 9770 9769 9782
f 9768 9767 9780
f 9765 9778 9779
f 9763 9776 9777
f 9762 9761 9774
f 9770 9783 9784
f 9768 9781 9782
f 9767 9766 9779
f 9764 9777 9778
f 9775 9788 9789
f 9774 9773 9786
f 9784 9797 9798
f 9782 9795 9796
f 9781 9780 9793
f 9779 9778 9791
f 9777 9776 9789
f 9774 9787 9788
f 9784 9783 9796
f 9782 9781 9794
f 9779 9792 9793
f 9777 9790 9791
f 9789 9788 9802
f 9786 9800 9801
f 9798 9797 9811
f 9796 9795 9809
f 9793 9807 9808
f 9792 9791 9805
f 9790 9789 9803
f 9787 9801 9802
f 9797 9796 9810
f 9795 9794 9808
f 9792 9806 9807
f 9790 9804 9805
f 9803 9802 9815
f 9801 9800 9813
f 9811 9824 9825
f 9810 9809 9822
f 9807 9820 9821
f 9806 9805 9818
f 9803 9816 9817
f 9801 9814 9815
f 9810 9823 9824
f 9809 9808 9821
f 9807 9806 9819
f 9804 9817 9818
f 9816 9815 9828
f 9814 9813 9826
f 9825 9824 9837
f 9822 9835 9836
f 9820 9833 9834
f 9819 9818 9831
f 9816 9829 9830
f 9814 9827 9828
f 9824 9823 9836
f 9822 9821 9834
f 9820 9819 9832
f 9817 9830 9831
f 9828 9841 9842
f 9826 9839 9840
f 9837 9850 9851
f 9836 9835 9848
f 9834 9833 9846
f 9831 9844 9845
f 9830 9829 9842
f 9828 9827 9840
f 9836 9849 9850
f 9834 9847 9848
f 9832 9845 9846
f 9831 9830 9843
f 9841 9854 9855
f 9839 9852 9853
f 9851 9850 9863
f 9848 9861 9862
f 9847 9846 9859
f 9845 9844 9857
f 9843 9842 9855
f 9841 9840 9853
f 9850 9849 9862
f 9847 9860 9861
f 9845 9858 9859
f 9843 9856 9857
f 9854 9867 9868
f 9853 9852 9865
f 9863 9876 9877
f 9861 9874 9875
f 9860 9859 9872
f 9858 9857 9870
f 9855 9868 9869
f 9854 9853 9866
f 9862 9875 9876
f 9860 9873 9874
f 9859 9858 9871
f 9856 9869 9870
f 9868 9867 9880
f 9865 9878 9879
f 9877 9876 9889
f 9875 9874 9887
f 9873 9872 9885
f 9870 9883 9884
f 9868 9881 9882
f 9867 9866 9879
f 9875 9888 9889
f 9873 9886 9887
f 9872 9871 9884
f 9870 9869 9882
f 9880 9893 9894
f 9878 9891 9892
f 9889 9902 9903
f 9887 9900 9901
f 9886 9885 9898
f 9884 9883 9896
f 9882 9881 9894
f 9879 9892 9893
f 9889 9888 9901
f 9887 9886 9899
f 9884 9897 9898
f 9882 9895 9896
f 9894 9893 9906
f 9891 9904 9905
f 9903 9902 9915
f 9901 9900 9913
f 9898 9911 9912
f 9896 9909 9910
f 9895 9894 9907
f 9892 9905 9906
f 9902 9901 9914
f 9899 9912 9913
f 9897 9910 9911
f 9896 9895 9908
f 9907 9906 9919
f 9905 9904 9917
f 9915 9928 9929
f 9914 9913 9926
f 9911 9924 9925
f 9909 9922 9923
f 9907 9920 9921
f 9905 9918 9919
f 9914 9927 9928
f 9913 9912 9925
f 9911 9910 9923
f 9909 9908 9921
f 9920 9919 9515
f 9918 9917 9513
f 9929 9928 9524
f 9926 9522 9523
f 9924 9520 9521
f 9923 9922 9518
f 9920 9516 9517
f 9918 9514 9515
f 9928 9927 9523
f 9926 9925 9521
f 9924 9923 9519
f 9921 9517 9518
f 9387 9513 9917
f 9917 9904 9508
f 9904 9891 9503
f 9891 9878 9499
f 9499 9878 9865
f 9495 9865 9852
f 9491 9852 9839
f 9839 9826 9483
f 9483 9826 9813
f 9813 9800 9475
f 9800 9786 9471
f 9786 9773 9467
f 9467 9773 9760
f 9463 9760 9747
f 9459 9747 9734
f 9734 9721 9451
f 9451 9721 9708
f 9708 9695 9443
f 9695 9682 9439
f 9682 9669 9435
f 9435 9669 9656
f 9431 9656 9643
f 9427 9643 9630
f 9630 9617 9419
f 9419 9617 9604
f 9604 9591 9411
f 9591 9578 9407
f 9578 9565 9403
f 9403 9565 9552
f 9399 9552 9539
f 9395 9539 9526
f 9526 9513 9387
f 9932 9931 9935
f 9932 9936 9937
f 9931 9930 9934
f 9936 9940 9941
f 9934 9938 9939
f 9935 9939 9940
f 9940 9944 9945
f 9939 9938 9942
f 9940 9939 9943
f 9945 9944 9948
f 9942 9946 9947
f 9943 9947 9948
f 9948 9952 9953
f 9947 9946 9950
f 9948 9947 9951
f 9953 9952 9956
f 9950 9954 9955
f 9951 9955 9956
f 9957 9956 9960
f 9955 9954 9958
f 9956 9955 9959
f 9961 9960 9964
f 9958 9962 9963
f 9959 9963 9964
f 9965 9964 9968
f 9963 9962 9966
f 9964 9963 9967
f 9968 9972 9973
f 9966 9970 9971
f 9967 9971 9972
f 9972 9976 9977
f 9970 9974 9975
f 9972 9971 9975
f 9977 9976 9980
f 9974 9978 9979
f 9975 9979 9980
f 9980 9984 9985
f 9979 9978 9982
f 9980 9979 9983
f 9985 9984 9988
f 9982 9986 9987
f 9983 9987 9988
f 9989 9988 9992
f 9986 9990 9991
f 9988 9987 9991
f 9993 9992 9996
f 9991 9990 9994
f 9991 9995 9996
f 9996 10000 10001
f 9994 9998 9999
f 9996 9995 9999
f 10000 10004 10005
f 9999 9998 10002
f 9999 10003 10004
f 10004 10008 10009
f 10003 10002 10006
f 10004 10003 10007
f 10009 10008 10012
f 10006 10010 10011
f 10007 10011 10012
f 10012 10016 10017
f 10011 10010 10014
f 10012 10011 10015
f 10017 10016 10020
f 10014 10018 10019
f 10015 10019 10020
f 10021 10020 10024
f 10019 10018 10022
f 10020 10019 10023
f 10024 10028 10029
f 10022 10026 10027
f 10023 10027 10028
f 10028 10032 10033
f 10027 10026 10030
f 10028 10027 10031
f 10032 10036 10037
f 10030 10034 10035
f 10031 10035 10036
f 10036 10040 10041
f 10035 10034 10038
f 10036 10035 10039
f 10041 10040 10044
f 10038 10042 10043
f 10039 10043 10044
f 10044 10048 10049
f 10043 10042 10046
f 10044 10043 10047
f 10049 10048 10053
f 10046 10051 10052
f 10047 10052 10053
f 10054 10053 10057
f 10052 10051 10055
f 10053 10052 10056
f 10058 10057 9932
f 10055 9930 9931
f 10056 9931 9932
f 10067 10066 10079
f 10064 10077 10078
f 10063 10062 10075
f 10061 10060 10073
f 10070 10069 10082
f 10067 10080 10081
f 10065 10078 10079
f 10064 10063 10076
f 10061 10074 10075
f 10059 10072 10073
f 10071 10070 10083
f 10069 10068 10081
f 10074 10087 10088
f 10072 10085 10086
f 10084 10083 10096
f 10081 10094 10095
f 10080 10079 10092
f 10078 10077 10090
f 10076 10075 10088
f 10074 10073 10086
f 10083 10082 10095
f 10080 10093 10094
f 10078 10091 10092
f 10076 10089 10090
f 10087 10100 10101
f 10086 10085 10098
f 10096 10109 10110
f 10094 10107 10108
f 10093 10092 10105
f 10091 10090 10103
f 10088 10101 10102
f 10087 10086 10099
f 10095 10108 10109
f 10094 10093 10106
f 10092 10091 10104
f 10089 10102 10103
f 10100 10113 10114
f 10098 10111 10112
f 10110 10109 10122
f 10108 10107 10120
f 10105 10118 10119
f 10103 10116 10117
f 10101 10114 10115
f 10100 10099 10112
f 10108 10121 10122
f 10106 10119 10120
f 10105 10104 10117
f 10103 10102 10115
f 10113 10126 10127
f 10112 10111 10124
f 10122 10135 10136
f 10120 10133 10134
f 10119 10118 10131
f 10117 10116 10129
f 10115 10114 10127
f 10113 10112 10125
f 10122 10121 10134
f 10119 10132 10133
f 10117 10130 10131
f 10115 10128 10129
f 10127 10126 10139
f 10124 10137 10138
f 10136 10135 10148
f 10134 10133 10146
f 10131 10144 10145
f 10130 10129 10142
f 10128 10127 10140
f 10125 10138 10139
f 10135 10134 10147
f 10133 10132 10145
f 10130 10143 10144
f 10128 10141 10142
f 10140 10139 10152
f 10138 10137 10150
f 10148 10161 10162
f 10147 10146 10159
f 10144 10157 10158
f 10143 10142 10155
f 10140 10153 10154
f 10138 10151 10152
f 10147 10160 10161
f 10146 10145 10158
f 10144 10143 10156
f 10141 10154 10155
f 10153 10152 10165
f 10151 10150 10163
f 10162 10161 10174
f 10159 10172 10173
f 10157 10170 10171
f 10156 10155 10168
f 10153 10166 10167
f 10151 10164 10165
f 10161 10160 10173
f 10159 10158 10171
f 10157 10156 10169
f 10154 10167 10168
f 10165 10178 10179
f 10163 10176 10177
f 10175 10174 10187
f 10173 10172 10185
f 10171 10170 10183
f 10168 10181 10182
f 10167 10166 10179
f 10165 10164 10177
f 10173 10186 10187
f 10171 10184 10185
f 10169 10182 10183
f 10168 10167 10180
f 10178 10191 10192
f 10176 10189 10190
f 10188 10187 10200
f 10185 10198 10199
f 10184 10183 10196
f 10182 10181 10194
f 10180 10179 10192
f 10178 10177 10190
f 10187 10186 10199
f 10184 10197 10198
f 10182 10195 10196
f 10180 10193 10194
f 10191 10204 10205
f 10190 10189 10202
f 10200 10213 10214
f 10198 10211 10212
f 10197 10196 10209
f 10195 10194 10207
f 10192 10205 10206
f 10191 10190 10203
f 10199 10212 10213
f 10197 10210 10211
f 10196 10195 10208
f 10193 10206 10207
f 10205 10204 10217
f 10202 10215 10216
f 10214 10213 10226
f 10211 10224 10225
f 10210 10209 10222
f 10207 10220 10221
f 10205 10218 10219
f 10204 10203 10216
f 10212 10225 10226
f 10210 10223 10224
f 10209 10208 10221
f 10207 10206 10219
f 10217 10230 10231
f 10216 10215 10228
f 10226 10239 10240
f 10224 10237 10238
f 10223 10222 10235
f 10221 10220 10233
f 10219 10218 10231
f 10217 10216 10229
f 10226 10225 10238
f 10223 10236 10237
f 10221 10234 10235
f 10219 10232 10233
f 10231 10230 10243
f 10228 10241 10242
f 10240 10239 10252
f 10238 10237 10250
f 10235 10248 10249
f 10234 10233 10246
f 10232 10231 10244
f 10229 10242 10243
f 10239 10238 10251
f 10237 10236 10249
f 10234 10247 10248
f 10232 10245 10246
f 10244 10243 10256
f 10242 10241 10254
f 10252 10265 10266
f 10251 10250 10263
f 10248 10261 10262
f 10247 10246 10259
f 10244 10257 10258
f 10242 10255 10256
f 10251 10264 10265
f 10250 10249 10262
f 10248 10247 10260
f 10245 10258 10259
f 10257 10256 10269
f 10255 10254 10267
f 10266 10265 10278
f 10263 10276 10277
f 10261 10274 10275
f 10260 10259 10272
f 10257 10270 10271
f 10255 10268 10269
f 10265 10264 10277
f 10263 10262 10275
f 10261 10260 10273
f 10258 10271 10272
f 10269 10282 10283
f 10267 10280 10281
f 10278 10291 10292
f 10277 10276 10289
f 10275 10274 10287
f 10272 10285 10286
f 10271 10270 10283
f 10269 10268 10281
f 10277 10290 10291
f 10275 10288 10289
f 10273 10286 10287
f 10272 10271 10284
f 10282 10295 10296
f 10280 10293 10294
f 10292 10291 10304
f 10289 10302 10303
f 10288 10287 10300
f 10286 10285 10298
f 10284 10283 10296
f 10282 10281 10294
f 10291 10290 10303
f 10288 10301 10302
f 10286 10299 10300
f 10284 10297 10298
f 10295 10308 10309
f 10294 10293 10306
f 10304 10317 10318
f 10302 10315 10316
f 10301 10300 10313
f 10299 10298 10311
f 10296 10309 10310
f 10295 10294 10307
f 10303 10316 10317
f 10301 10314 10315
f 10300 10299 10312
f 10297 10310 10311
f 10309 10308 10321
f 10307 10306 10319
f 10318 10317 10330
f 10316 10315 10328
f 10314 10313 10326
f 10311 10324 10325
f 10309 10322 10323
f 10308 10307 10320
f 10316 10329 10330
f 10314 10327 10328
f 10313 10312 10325
f 10311 10310 10323
f 10321 10334 10335
f 10320 10319 10332
f 10330 10343 10344
f 10329 10328 10341
f 10326 10339 10340
f 10325 10324 10337
f 10323 10322 10335
f 10320 10333 10334
f 10330 10329 10342
f 10328 10327 10340
f 10325 10338 10339
f 10323 10336 10337
f 10335 10334 10348
f 10332 10346 10347
f 10344 10343 10357
f 10342 10341 10355
f 10339 10353 10354
f 10337 10351 10352
f 10336 10335 10349
f 10333 10347 10348
f 10343 10342 10356
f 10341 10340 10354
f 10338 10352 10353
f 10337 10336 10350
f 10349 10348 10361
f 10347 10346 10359
f 10357 10370 10371
f 10356 10355 10368
f 10353 10366 10367
f 10351 10364 10365
f 10349 10362 10363
f 10347 10360 10361
f 10356 10369 10370
f 10355 10354 10367
f 10353 10352 10365
f 10351 10350 10363
f 10362 10361 10374
f 10360 10359 10372
f 10371 10370 10383
f 10368 10381 10382
f 10366 10379 10380
f 10365 10364 10377
f 10362 10375 10376
f 10360 10373 10374
f 10370 10369 10382
f 10368 10367 10380
f 10366 10365 10378
f 10363 10376 10377
f 10374 10387 10388
f 10372 10385 10386
f 10383 10396 10397
f 10382 10381 10394
f 10380 10379 10392
f 10377 10390 10391
f 10376 10375 10388
f 10374 10373 10386
f 10382 10395 10396
f 10380 10393 10394
f 10378 10391 10392
f 10377 10376 10389
f 10387 10400 10401
f 10385 10398 10399
f 10397 10396 10409
f 10394 10407 10408
f 10393 10392 10405
f 10390 10403 10404
f 10389 10388 10401
f 10387 10386 10399
f 10396 10395 10408
f 10393 10406 10407
f 10391 10404 10405
f 10390 10389 10402
f 10400 10413 10414
f 10399 10398 10411
f 10409 10422 10423
f 10407 10420 10421
f 10406 10405 10418
f 10403 10416 10417
f 10401 10414 10415
f 10400 10399 10412
f 10408 10421 10422
f 10406 10419 10420
f 10405 10404 10417
f 10403 10402 10415
f 10414 10413 10426
f 10411 10424 10425
f 10423 10422 10435
f 10420 10433 10434
f 10418 10431 10432
f 10416 10429 10430
f 10414 10427 10428
f 10412 10425 10426
f 10421 10434 10435
f 10419 10432 10433
f 10418 10417 10430
f 10416 10415 10428
f 10427 10426 10439
f 10425 10424 10437
f 10435 10448 10449
f 10433 10446 10447
f 10431 10444 10445
f 10430 10429 10442
f 10428 10427 10440
f 10425 10438 10439
f 10435 10434 10447
f 10433 10432 10445
f 10430 10443 10444
f 10428 10441 10442
f 10440 10439 10452
f 10437 10450 10451
f 10449 10448 10461
f 10447 10446 10459
f 10444 10457 10458
f 10443 10442 10455
f 10441 10440 10453
f 10438 10451 10452
f 10448 10447 10460
f 10446 10445 10458
f 10443 10456 10457
f 10441 10454 10455
f 10453 10452 10465
f 10451 10450 10463
f 10461 10474 10475
f 10460 10459 10472
f 10457 10470 10471
f 10456 10455 10468
f 10453 10466 10467
f 10451 10464 10465
f 10460 10473 10474
f 10459 10458 10471
f 10457 10456 10469
f 10454 10467 10468
f 10466 10465 10061
f 10464 10463 10059
f 10474 10070 10071
f 10472 10068 10069
f 10470 10066 10067
f 10469 10468 10064
f 10466 10062 10063
f 10464 10060 10061
f 10473 10069 10070
f 10472 10471 10067
f 10470 10469 10065
f 10467 10063 10064
f 9933 10059 10463
f 10463 10450 10054
f 10450 10437 10049
f 10437 10424 10045
f 10045 10424 10411
f 10041 10411 10398
f 10037 10398 10385
f 10385 10372 10029
f 10029 10372 10359
f 10359 10346 10021
f 10346 10332 10017
f 10332 10319 10013
f 10013 10319 10306
f 10009 10306 10293
f 10005 10293 10280
f 10280 10267 9997
f 9997 10267 10254
f 10254 10241 9989
f 10241 10228 9985
f 10228 10215 9981
f 9981 10215 10202
f 9977 10202 10189
f 9973 10189 10176
f 10176 10163 9965
f 9965 10163 10150
f 10150 10137 9957
f 10137 10124 9953
f 10124 10111 9949
f 9949 10111 10098
f 9945 10098 10085
f 9941 10085 10072
f 10072 10059 9933
