# Mandible rest
v 0.015081 0.206138 0.042145
v 0.015131 0.204379 0.041350
v 0.013717 0.202770 0.043632
v 0.013499 0.204515 0.045041
v 0.016354 0.208570 0.038573
v 0.016412 0.206689 0.037789
v 0.033405 0.217368 0.028945
v 0.032337 0.218960 0.029166
v 0.029973 0.216183 0.032532
v 0.031313 0.214582 0.033299
v 0.023973 0.211491 0.038432
v 0.023803 0.211053 0.039089
v 0.024792 0.210302 0.040586
v 0.026395 0.212286 0.038353
v 0.011783 0.201546 0.052420
v 0.010802 0.201080 0.052933
v 0.011438 0.200336 0.053895
v 0.012373 0.200750 0.052932
v 0.018767 0.175905 0.034549
v 0.019010 0.174873 0.032042
v 0.021712 0.176840 0.030208
v 0.021866 0.178249 0.032668
v 0.018874 0.174904 0.030858
v 0.021395 0.176691 0.029158
v 0.029499 0.190574 0.017045
v 0.030281 0.189810 0.017309
v 0.027574 0.185999 0.020237
v 0.026736 0.186725 0.019994
v 0.026846 0.194385 0.017977
v 0.024038 0.190601 0.020902
v 0.017300 0.182809 0.038265
v 0.017636 0.180999 0.037515
v 0.020841 0.183379 0.035742
v 0.020525 0.185177 0.036653
v 0.008352 0.201589 0.050633
v 0.008303 0.198885 0.046989
v 0.004338 0.196975 0.048275
v 0.004074 0.200551 0.051928
v 0.013167 0.179186 0.029800
v 0.014373 0.174619 0.030292
v 0.011494 0.173079 0.032498
v 0.010659 0.177723 0.031133
v 0.022024 0.205620 0.025241
v 0.024124 0.200362 0.021174
v 0.021513 0.196714 0.024401
v 0.019930 0.202532 0.029123
v 0.025815 0.217700 0.030413
v 0.026315 0.216225 0.028382
v 0.024722 0.216724 0.028255
v 0.023468 0.217878 0.029532
v 0.025485 0.197381 0.019577
v 0.022775 0.193666 0.022654
v 0.009601 0.198404 0.054245
v 0.009900 0.199145 0.055311
v 0.009990 0.200063 0.054326
v 0.009630 0.199065 0.053519
v 0.024558 0.222654 0.022319
v 0.022181 0.224646 0.018801
v 0.023605 0.221618 0.023179
v 0.024671 0.222369 0.022838
v 0.028799 0.218341 0.030356
v 0.027995 0.216027 0.033700
v 0.026550 0.210069 0.040044
v 0.022432 0.218882 0.027786
v 0.023806 0.217468 0.026785
v 0.024402 0.218327 0.024733
v 0.022985 0.219899 0.025927
v 0.015929 0.196945 0.035440
v 0.017050 0.190475 0.029816
v 0.015539 0.189256 0.030666
v 0.014466 0.196038 0.036519
v 0.022169 0.219998 0.025518
v 0.021618 0.218610 0.027759
v 0.028903 0.221993 0.025597
v 0.029729 0.219707 0.027833
v 0.030582 0.219875 0.028281
v 0.029829 0.222293 0.025399
v 0.018958 0.183945 0.026072
v 0.021457 0.179639 0.025446
v 0.019760 0.177986 0.026838
v 0.017453 0.182525 0.027228
v 0.019688 0.203080 0.049627
v 0.020694 0.202420 0.049760
v 0.021612 0.204203 0.047600
v 0.020472 0.204717 0.047354
v 0.016234 0.197663 0.052009
v 0.016259 0.195664 0.048478
v 0.019516 0.197372 0.046978
v 0.019764 0.199342 0.050045
v 0.021202 0.211364 0.037761
v 0.021428 0.211676 0.037283
v 0.019392 0.211784 0.035349
v 0.019028 0.211031 0.037541
v 0.027622 0.222735 0.023574
v 0.027728 0.222930 0.023204
v 0.031044 0.228625 0.020852
v 0.031904 0.226640 0.021777
v 0.034913 0.227492 0.020586
v 0.033779 0.231047 0.019119
v 0.029368 0.231936 0.017196
v 0.031526 0.231759 0.019111
v 0.032842 0.232899 0.018675
v 0.030510 0.232643 0.016794
v 0.024579 0.207494 0.043710
v 0.023855 0.208475 0.043163
v 0.021851 0.206668 0.045168
v 0.022467 0.205480 0.046017
v 0.018004 0.187220 0.027949
v 0.016497 0.185900 0.028951
v 0.033071 0.194236 0.025214
v 0.032878 0.195698 0.026549
v 0.029782 0.192221 0.029151
v 0.029985 0.190713 0.027860
v 0.029053 0.212943 0.036952
v 0.027807 0.213772 0.036415
v -0.000167 0.189420 0.047669
v -0.000222 0.184869 0.046255
v 0.003877 0.185749 0.045512
v 0.001132 0.189553 0.047749
v 0.032638 0.203178 0.011050
v 0.035734 0.200572 0.009100
v 0.032671 0.195583 0.013084
v 0.029813 0.198758 0.014505
v 0.022795 0.216112 0.021025
v 0.025220 0.211648 0.017790
v 0.024044 0.208651 0.021728
v 0.021462 0.213442 0.025317
v 0.008516 0.200824 0.053156
v 0.009576 0.200592 0.053551
v 0.010097 0.200734 0.053273
v 0.008891 0.201444 0.052427
v 0.017739 0.206513 0.044874
v 0.019207 0.205885 0.045741
v 0.019806 0.205918 0.045665
v 0.017839 0.206663 0.044491
v 0.037975 0.239305 0.018441
v 0.039573 0.244370 0.019846
v 0.039139 0.243908 0.019144
v 0.036882 0.238746 0.017848
v 0.041154 0.248197 0.021922
v 0.041121 0.247653 0.021101
v 0.042245 0.250706 0.024199
v 0.042514 0.250082 0.022338
v 0.045026 0.257306 0.028295
v 0.044459 0.258445 0.033185
v 0.045389 0.262712 0.036996
v 0.048071 0.263905 0.028619
v 0.048988 0.259663 0.022988
v 0.050514 0.260149 0.022583
v 0.052375 0.259583 0.016372
v 0.050739 0.259062 0.016236
v 0.048390 0.256138 0.016013
v 0.046575 0.254946 0.021221
v 0.058677 0.270622 0.007897
v 0.056784 0.270204 0.007808
v 0.053210 0.262763 0.011752
v 0.055086 0.263116 0.012102
v 0.057497 0.275667 0.008208
v 0.055097 0.270432 0.007404
v 0.059611 0.275513 0.008069
v 0.063821 0.283441 0.005423
v 0.063520 0.282540 0.004939
v 0.060795 0.284159 0.003079
v 0.061045 0.285498 0.004009
v 0.055284 0.285569 0.002969
v 0.056154 0.283998 0.002298
v 0.052321 0.282487 0.002913
v 0.052215 0.283787 0.003008
v 0.054833 0.275875 0.007471
v 0.053221 0.276809 0.006203
v 0.052921 0.272532 0.005102
v 0.053102 0.271052 0.006734
v 0.053734 0.285215 0.009970
v 0.053911 0.282219 0.011761
v 0.058567 0.282166 0.012146
v 0.059343 0.284927 0.011013
v 0.062373 0.281200 0.010253
v 0.064188 0.282705 0.009389
v 0.057000 0.282615 0.001755
v 0.060515 0.282834 0.002496
v 0.059123 0.267125 0.006568
v 0.061835 0.276278 0.004765
v 0.061698 0.275855 0.006073
v 0.059363 0.269711 0.007183
v 0.054806 0.259821 0.010050
v 0.055284 0.262051 0.011401
v 0.048671 0.268807 0.038027
v 0.048884 0.268004 0.037636
v 0.049168 0.266741 0.034544
v 0.049240 0.268354 0.034421
v 0.049527 0.263179 0.028618
v 0.048238 0.264265 0.036433
v 0.048124 0.261611 0.031390
v 0.049957 0.256211 0.020502
v 0.050593 0.258814 0.022863
v 0.030376 0.209952 0.036207
v 0.030714 0.207533 0.034856
v 0.033352 0.211042 0.032185
v 0.032414 0.212808 0.033025
v 0.048050 0.267671 0.040320
v 0.047514 0.268377 0.040615
v 0.047771 0.268473 0.037694
v 0.046239 0.265844 0.039445
v 0.046072 0.265942 0.040842
v 0.046953 0.268018 0.040084
v 0.046265 0.265702 0.041673
v 0.047004 0.264946 0.040677
v 0.045511 0.257996 0.035614
v 0.045957 0.260184 0.038091
v 0.044609 0.260190 0.038996
v 0.044324 0.258112 0.036279
v 0.047992 0.265506 0.038646
v 0.044256 0.258890 0.035203
v 0.044915 0.261469 0.038119
v 0.052541 0.279098 0.007016
v 0.054752 0.279592 0.008899
v 0.054333 0.280739 0.010693
v 0.051899 0.280354 0.007679
v 0.061168 0.286746 0.006858
v 0.064580 0.283136 0.007414
v 0.054456 0.286806 0.005691
v 0.050916 0.284171 0.004609
v 0.050388 0.283339 0.006506
v 0.058194 0.280829 0.011103
v 0.057544 0.281172 0.001449
v 0.053592 0.280234 0.002376
v 0.052679 0.281397 0.002539
v 0.051663 0.279954 0.005818
v 0.050333 0.281661 0.005888
v 0.050802 0.282264 0.004468
v 0.062269 0.280842 0.003249
v 0.060285 0.281221 0.002126
v 0.062983 0.281757 0.004139
v 0.063052 0.280206 0.006718
v 0.063362 0.280989 0.005464
v 0.064570 0.281797 0.006984
v 0.064365 0.281365 0.008411
v 0.052693 0.278780 0.005483
v 0.003598 0.189798 0.047897
v 0.003429 0.192791 0.052418
v 0.000977 0.192970 0.051563
v 0.006611 0.200591 0.053804
v 0.006146 0.200071 0.054642
v 0.005591 0.199348 0.053796
v 0.005773 0.199799 0.052931
v 0.014752 0.173608 0.030966
v 0.011720 0.172312 0.033177
v 0.008877 0.183053 0.043230
v 0.009319 0.179186 0.042212
v 0.013830 0.181113 0.039958
v 0.013483 0.184875 0.041376
v 0.018096 0.208323 0.033325
v 0.019795 0.211005 0.029042
v 0.015252 0.202880 0.040502
v 0.014074 0.201551 0.042206
v 0.029071 0.207393 0.014489
v 0.026661 0.203830 0.017802
v 0.005536 0.190236 0.047785
v 0.015714 0.206020 0.045491
v 0.015397 0.206040 0.045124
v 0.017092 0.204309 0.045401
v 0.018286 0.203897 0.045832
v 0.014669 0.202549 0.050259
v 0.015248 0.201707 0.051533
v 0.016224 0.202017 0.051093
v 0.015319 0.202927 0.049707
v 0.041259 0.239147 0.020715
v 0.041895 0.243821 0.022719
v 0.040523 0.244384 0.021360
v 0.039485 0.239469 0.019650
v 0.042854 0.247935 0.024901
v 0.041653 0.248412 0.023776
v 0.043409 0.251226 0.027952
v 0.042579 0.251939 0.027043
v -0.000081 0.195286 0.046675
v -0.000076 0.196152 0.048144
v 0.004376 0.196033 0.046821
v 0.004989 0.184042 0.033862
v 0.004580 0.191210 0.040572
v 0.008761 0.193073 0.039318
v 0.009421 0.185628 0.033346
v 0.013330 0.188777 0.043166
v 0.010815 0.191328 0.046743
v 0.009603 0.191100 0.047145
v 0.008319 0.187601 0.044934
v 0.018737 0.174936 0.029670
v 0.018340 0.175609 0.028703
v 0.020425 0.177104 0.027263
v 0.021078 0.176543 0.028105
v 0.008254 0.197932 0.045479
v 0.031081 0.189360 0.017977
v 0.031659 0.189584 0.019009
v 0.028950 0.185840 0.021905
v 0.028426 0.185600 0.020888
v 0.028237 0.201299 0.016156
v 0.032238 0.189810 0.020038
v 0.033111 0.191644 0.022584
v 0.030217 0.187914 0.025408
v 0.029474 0.186080 0.022919
v 0.005697 0.171923 0.034714
v 0.005505 0.175772 0.032933
v 0.023287 0.217315 0.030208
v 0.036598 0.200017 0.009153
v 0.033490 0.194932 0.013252
v 0.019518 0.204543 0.047268
v 0.039911 0.203420 0.018223
v 0.039849 0.201307 0.014862
v 0.044141 0.209044 0.008374
v 0.043534 0.210493 0.012774
v 0.013608 0.202756 0.050040
v 0.013053 0.203341 0.049530
v 0.043997 0.224262 0.014021
v 0.045307 0.230705 0.011898
v 0.042734 0.232032 0.018531
v 0.041502 0.225570 0.019474
v 0.046323 0.238143 0.012400
v 0.046797 0.242491 0.014031
v 0.043824 0.243052 0.021390
v 0.043354 0.238484 0.019303
v 0.047131 0.246382 0.016512
v 0.044164 0.246910 0.024068
v 0.047134 0.249455 0.019213
v 0.044636 0.250487 0.027136
v 0.047449 0.255888 0.025939
v -0.000343 0.172173 0.035191
v -0.000290 0.175252 0.032964
v 0.010040 0.181684 0.032236
v 0.005247 0.179912 0.033388
v 0.032684 0.197153 0.027878
v 0.032105 0.200619 0.030290
v 0.029072 0.197408 0.032588
v 0.029580 0.193721 0.030436
v 0.031558 0.203729 0.032726
v 0.028579 0.200694 0.034850
v 0.016293 0.192778 0.044493
v 0.013757 0.194626 0.049571
v 0.013368 0.191801 0.045718
v 0.027803 0.204182 0.037205
v 0.038946 0.199973 0.011716
v 0.036572 0.196466 0.018767
v 0.035660 0.194904 0.015914
v 0.027922 0.207054 0.038981
v 0.037465 0.199675 0.009648
v 0.038205 0.199823 0.010684
v 0.034988 0.194723 0.014877
v 0.034316 0.194544 0.013836
v 0.019356 0.194365 0.043588
v 0.036727 0.198746 0.021810
v 0.047433 0.218350 0.000982
v 0.047323 0.219597 0.006436
v 0.013892 0.201217 0.050268
v 0.014699 0.200509 0.051188
v 0.016209 0.200752 0.052731
v 0.015023 0.201207 0.052497
v 0.044537 0.221384 0.010892
v 0.046324 0.227844 0.008041
v 0.048850 0.240520 0.009682
v 0.048230 0.236019 0.008501
v 0.049376 0.244912 0.011390
v 0.049611 0.248293 0.013084
v 0.049707 0.253563 0.017677
v -0.000116 0.190559 0.040469
v 0.005715 0.170762 0.036530
v 0.005723 0.171190 0.035523
v 0.011813 0.171797 0.034105
v 0.039643 0.204690 0.019826
v 0.036553 0.200097 0.023292
v 0.039376 0.205955 0.021420
v 0.038655 0.208836 0.024327
v 0.035733 0.204601 0.027414
v 0.036380 0.201442 0.024767
v 0.016507 0.189828 0.041866
v 0.019266 0.191598 0.040831
v 0.037429 0.211882 0.027504
v 0.034870 0.207704 0.030119
v 0.017861 0.176564 0.028155
v 0.015900 0.204281 0.045317
v 0.035613 0.215082 0.029183
v 0.013907 0.204919 0.046769
v 0.015358 0.204947 0.047295
v 0.035168 0.234456 0.012919
v 0.037628 0.239616 0.013366
v 0.039057 0.240229 0.010373
v 0.036981 0.234430 0.009723
v 0.022560 0.222915 0.019741
v 0.018349 0.210935 0.035085
v 0.012740 0.201436 0.049941
v 0.047600 0.231925 0.007967
v 0.048702 0.231833 0.005105
v 0.049514 0.236223 0.005396
v 0.052062 0.241137 0.003719
v 0.050459 0.240980 0.006431
v 0.050793 0.236176 0.002737
v 0.052920 0.246270 0.005174
v 0.051143 0.245707 0.007949
v 0.053004 0.251199 0.006174
v 0.051254 0.249502 0.009313
v 0.051617 0.254353 0.012114
v 0.052094 0.256539 0.014149
v -0.000186 0.183232 0.034142
v 0.005585 0.170943 0.038575
v 0.005650 0.170853 0.037554
v 0.011444 0.171524 0.035488
v 0.011075 0.171254 0.036867
v 0.015070 0.172958 0.033219
v 0.015061 0.172926 0.032022
v 0.014689 0.174398 0.036780
v 0.015079 0.172991 0.034413
v 0.012438 0.183038 0.031068
v 0.005233 0.172500 0.040583
v 0.010585 0.172660 0.039040
v 0.034454 0.216343 0.028984
v 0.017303 0.201019 0.049276
v 0.017859 0.203553 0.048594
v 0.018888 0.203903 0.048229
v 0.019109 0.201473 0.048120
v 0.050021 0.263153 0.008260
v 0.051553 0.266561 0.005475
v 0.049785 0.262655 0.004690
v 0.046997 0.258046 0.009601
v 0.021132 0.216148 0.030489
v 0.020912 0.216802 0.028215
v 0.020833 0.215555 0.027033
v 0.021767 0.218176 0.023861
v 0.046544 0.217823 -0.005156
v 0.048693 0.226939 -0.009438
v 0.049465 0.226777 -0.008295
v 0.047447 0.217794 -0.004051
v 0.049920 0.231737 0.002245
v 0.051408 0.231921 -0.002655
v 0.052199 0.236784 -0.001694
v 0.053108 0.242557 -0.000265
v 0.054352 0.249149 0.001471
v 0.054649 0.255775 0.002300
v 0.053767 0.257246 0.008420
v 0.057964 0.263666 0.005206
v -0.000238 0.179247 0.033546
v 0.004889 0.175018 0.042304
v 0.009995 0.175398 0.040760
v 0.011977 0.196448 0.054099
v 0.011427 0.194057 0.050810
v 0.013994 0.196861 0.053085
v 0.010596 0.202613 0.049115
v 0.010350 0.200156 0.045964
v 0.004561 0.178125 0.043555
v 0.004725 0.176574 0.042930
v 0.009657 0.177295 0.041486
v 0.019283 0.202780 0.046791
v 0.033256 0.222496 0.024127
v 0.004265 0.181633 0.044495
v 0.014457 0.203262 0.046452
v 0.050106 0.226701 -0.002653
v 0.048075 0.217744 -0.003075
v 0.050237 0.226627 -0.007167
v 0.050875 0.232355 -0.006538
v 0.051413 0.238827 -0.005290
v 0.052683 0.245390 -0.003286
v 0.053750 0.254159 -0.001432
v 0.054669 0.261128 -0.000621
v 0.060202 0.270544 0.003714
v -0.000369 0.170978 0.037192
v -0.000357 0.171447 0.036121
v 0.019056 0.200731 0.051888
v 0.016227 0.198976 0.053416
v 0.008122 0.190822 0.047637
v 0.008147 0.193340 0.052042
v 0.006794 0.193525 0.052038
v 0.006706 0.190501 0.047718
v 0.004573 0.198172 0.057105
v 0.005051 0.198899 0.056044
v 0.004592 0.198911 0.056014
v 0.003831 0.198274 0.056682
v 0.010240 0.199203 0.044432
v 0.010750 0.194301 0.038333
v 0.008077 0.199746 0.052544
v 0.008983 0.199520 0.052939
v 0.024620 0.223581 0.020829
v 0.022625 0.224881 0.019015
v 0.015800 0.181227 0.028282
v 0.029304 0.224226 0.022384
v 0.028012 0.223569 0.022013
v 0.030400 0.224010 0.023095
v 0.011728 0.202598 0.050103
v 0.012171 0.202454 0.050523
v 0.050296 0.232689 -0.007572
v 0.050803 0.239415 -0.006229
v 0.052116 0.246644 -0.004040
v 0.052305 0.257825 -0.003482
v 0.053027 0.255955 -0.002407
v 0.051548 0.247906 -0.004787
v 0.054143 0.264497 -0.002382
v 0.054409 0.262841 -0.001527
v 0.060006 0.272904 0.002813
v 0.061585 0.276727 0.003487
v -0.000380 0.170976 0.039396
v -0.000374 0.170977 0.038296
v 0.003138 0.199856 0.054625
v 0.003499 0.199231 0.053316
v 0.003957 0.198796 0.054069
v 0.004248 0.199844 0.054864
v 0.009874 0.193535 0.051617
v 0.014054 0.179226 0.039309
v 0.003679 0.200820 0.053447
v 0.001994 0.201061 0.053028
v 0.002319 0.199844 0.054575
v 0.008538 0.198450 0.056093
v 0.008693 0.197965 0.057051
v 0.010459 0.198874 0.055858
v 0.005449 0.193375 0.052197
v 0.040326 0.219965 -0.000434
v 0.043217 0.218455 -0.004435
v 0.040867 0.209318 0.002022
v 0.037334 0.211782 0.004808
v 0.014413 0.199688 0.052171
v 0.042152 0.228705 -0.003312
v 0.045788 0.227707 -0.008841
v 0.049719 0.233067 -0.008678
v 0.048048 0.233367 -0.008897
v 0.048626 0.240248 -0.007418
v 0.050192 0.240008 -0.007166
v 0.050032 0.248394 -0.005234
v 0.049703 0.257672 -0.003680
v 0.051031 0.258089 -0.003908
v 0.048577 0.248361 -0.004882
v 0.052282 0.264583 -0.002930
v 0.053316 0.264818 -0.002852
v 0.061669 0.279136 0.002783
v 0.059857 0.279416 0.001876
v -0.000371 0.172351 0.041523
v 0.005096 0.200418 0.054245
v 0.005582 0.198914 0.055908
v 0.006616 0.199100 0.055231
v 0.006539 0.197594 0.055289
v 0.005908 0.198099 0.054803
v 0.007345 0.198528 0.055842
v 0.001075 0.197450 0.057376
v -0.000090 0.198088 0.056484
v -0.000107 0.196855 0.056487
v 0.000732 0.196352 0.057178
v 0.000846 0.195211 0.055386
v 0.003327 0.194841 0.055896
v 0.003076 0.196281 0.057699
v 0.049915 0.258772 0.012588
v 0.049658 0.259829 0.011295
v 0.002870 0.197298 0.057872
v 0.005082 0.197048 0.056818
v 0.006221 0.198233 0.056796
v 0.006450 0.197075 0.056560
v 0.008645 0.196660 0.057108
v 0.057951 0.279630 0.009577
v 0.027388 0.225854 0.011244
v 0.031334 0.224190 0.007860
v 0.027687 0.218249 0.011164
v 0.024317 0.220636 0.014960
v 0.014162 0.200778 0.052944
v 0.014344 0.199484 0.054640
v 0.032643 0.230087 0.010839
v 0.035926 0.229636 0.007115
v 0.043752 0.234257 -0.002762
v 0.042225 0.234479 -0.000491
v 0.043697 0.241150 0.000655
v 0.045012 0.240894 -0.001354
v 0.045321 0.247749 0.001294
v 0.046617 0.247647 -0.000723
v 0.045860 0.253867 0.004178
v 0.046844 0.254866 0.001920
v 0.044024 0.247791 0.003442
v 0.047691 0.258756 0.004617
v 0.048880 0.260611 0.002033
v 0.054136 0.273061 0.001886
v 0.053010 0.269729 0.003522
v 0.053815 0.274186 0.003676
v 0.054593 0.275899 0.002212
v -0.000346 0.174770 0.043244
v 0.010556 0.197639 0.055975
v 0.012118 0.199272 0.055111
v 0.012073 0.197865 0.055117
v 0.014403 0.197918 0.054808
v 0.061760 0.280390 0.009257
v 0.061226 0.275637 0.007203
v 0.054591 0.278378 0.002436
v 0.053672 0.277500 0.003863
v 0.044665 0.254153 0.011442
v 0.045311 0.255250 0.010848
v 0.044869 0.253940 0.009136
v 0.036258 0.221900 0.004230
v 0.032974 0.215316 0.008505
v 0.038818 0.220922 0.002121
v 0.035227 0.213540 0.006689
v 0.011651 0.201383 0.049854
v 0.039382 0.228598 0.002158
v 0.040809 0.234513 0.002131
v 0.038823 0.234447 0.006391
v 0.040697 0.240797 0.006821
v 0.042377 0.241248 0.002965
v 0.042505 0.247047 0.007462
v 0.044289 0.252088 0.008455
v -0.000313 0.177696 0.044581
v -0.000329 0.176235 0.043914
v 0.017915 0.201828 0.051117
v 0.061132 0.279416 0.008524
v 0.018049 0.207283 0.043514
v 0.016653 0.207830 0.042327
v 0.051338 0.281622 0.008325
v -0.000041 0.200591 0.053465
v -0.000036 0.200344 0.051602
v 0.014277 0.177333 0.038659
v 0.044876 0.218079 -0.005129
v 0.041831 0.208754 0.001822
v 0.007612 0.200671 0.053251
v 0.006728 0.201637 0.052269
v 0.005219 0.201275 0.053144
v 0.041142 0.228641 -0.000574
v 0.041261 0.246403 0.011550
v 0.043134 0.250240 0.015791
v 0.043243 0.250659 0.012367
v 0.040207 0.245405 0.014496
v 0.053037 0.276344 0.005091
v 0.049653 0.261269 0.009874
v 0.030127 0.226703 0.018576
v 0.029479 0.227733 0.020879
v 0.028761 0.228971 0.019848
v 0.029722 0.227739 0.017843
v 0.030518 0.224828 0.019514
v 0.029800 0.225817 0.021830
v 0.011709 0.186872 0.032338
v 0.010229 0.195512 0.055019
v 0.029783 0.211560 0.036773
v -0.000272 0.180993 0.045572
v 0.004644 0.200120 0.054506
v 0.047804 0.255757 -0.000421
v 0.049800 0.262304 -0.000769
v 0.047303 0.240262 -0.006788
v 0.047014 0.227322 -0.009554
v 0.013746 0.198894 0.052809
v -0.000115 0.195862 0.055202
v -0.000131 0.193323 0.051424
v 0.025707 0.204005 0.041913
v 0.025281 0.201149 0.039280
v 0.025873 0.217387 0.030933
v 0.025461 0.217042 0.031362
v 0.028093 0.218112 0.029526
v 0.019742 0.212712 0.030453
v 0.023382 0.216805 0.030905
v 0.008367 0.195294 0.055347
v 0.002862 0.196545 0.056154
v 0.002698 0.197941 0.056909
v 0.003966 0.197375 0.055646
v 0.037616 0.231927 0.018669
v 0.035311 0.232282 0.018449
v 0.036271 0.227497 0.020063
v 0.037455 0.227248 0.019967
v 0.007782 0.197130 0.055491
v 0.010725 0.200018 0.054412
v 0.015443 0.204610 0.047969
v 0.013679 0.203744 0.048771
v 0.030285 0.230229 0.019831
v 0.006711 0.199920 0.052168
v 0.029704 0.223456 0.020467
v 0.028783 0.222900 0.020467
v 0.026306 0.223262 0.019543
v 0.039458 0.244216 0.017165
v 0.041741 0.248449 0.018426
v 0.036836 0.238836 0.015942
v 0.033496 0.234574 0.015722
v 0.044706 0.252220 0.016061
v 0.043453 0.250873 0.018825
v 0.056196 0.274241 0.000438
v 0.057354 0.277580 0.001055
v 0.023236 0.226722 0.017615
v 0.022996 0.227119 0.017024
v 0.021822 0.219429 0.024740
v 0.016812 0.186511 0.039874
v 0.017972 0.179182 0.036764
v 0.021156 0.181574 0.034828
v 0.021963 0.212152 0.036707
v 0.024291 0.211932 0.037398
v 0.025722 0.210942 0.035775
v 0.024246 0.210436 0.036157
v 0.025665 0.212738 0.036756
v 0.020404 0.207473 0.043235
v 0.020384 0.206391 0.042246
v 0.018957 0.206642 0.042095
v 0.018924 0.207971 0.042797
v 0.019452 0.213982 0.032250
v 0.019625 0.213762 0.031254
v 0.011825 0.201966 0.051598
v 0.010376 0.201979 0.051724
v 0.049540 0.264317 0.027742
v 0.052548 0.258436 0.015973
v 0.047890 0.267308 0.034699
v 0.039350 0.226484 0.020457
v 0.040133 0.231943 0.019988
v 0.034976 0.221641 0.024266
v 0.036430 0.220783 0.024261
v 0.037871 0.220580 0.025053
v 0.016742 0.202651 0.050023
v 0.015590 0.203461 0.049159
v 0.019580 0.188461 0.038563
v 0.018071 0.208255 0.041922
v 0.012198 0.201305 0.045013
v 0.012090 0.203194 0.048131
v 0.024845 0.227110 0.014284
v 0.028142 0.230876 0.014602
v 0.039892 0.218261 0.023509
v 0.048964 0.227188 0.002874
v 0.041461 0.215319 0.020275
v 0.042471 0.212769 0.016768
v 0.013271 0.200656 0.052933
v 0.027322 0.230695 0.015615
v 0.024048 0.227386 0.015994
v 0.025753 0.229965 0.016750
v 0.027791 0.230923 0.017906
v 0.025794 0.219816 0.023177
v 0.024285 0.221138 0.024339
v 0.010961 0.200773 0.051145
v 0.026748 0.229582 0.018210
v 0.004078 0.198110 0.054947
v 0.038735 0.235373 0.018980
v 0.036216 0.234877 0.018268
v 0.040468 0.235235 0.020051
v 0.043115 0.235222 0.018735
v 0.045790 0.234486 0.011667
v 0.046979 0.233470 -0.008219
v 0.035020 0.234878 0.017938
v 0.047644 0.227488 0.005508
v 0.045927 0.220347 0.008925
v 0.043805 0.208149 0.004593
v 0.043291 0.208223 0.003393
v 0.043002 0.211632 0.014776
v 0.022885 0.222334 0.017941
v 0.030855 0.205287 0.012772
v 0.046456 0.262570 0.039821
v 0.045336 0.263009 0.040987
v 0.045493 0.263792 0.039837
v 0.045948 0.264802 0.038601
v 0.051810 0.267067 0.000560
v 0.050823 0.264870 0.002697
v 0.053045 0.279565 0.003867
v 0.057568 0.279437 0.001268
v 0.044841 0.252376 0.019852
v 0.046108 0.253675 0.016199
v 0.043639 0.252774 0.024294
v 0.043314 0.254112 0.028105
v 0.043403 0.255478 0.031186
v 0.043804 0.254873 0.032351
v 0.045040 0.254793 0.032172
v 0.047117 0.252288 0.022557
v 0.049665 0.250475 0.014641
v 0.053002 0.254649 0.007280
v 0.051212 0.251911 0.010524
v 0.055988 0.260089 0.003393
v 0.057182 0.265896 0.001261
v 0.056617 0.269535 -0.000555
v 0.056912 0.267815 0.000333
v 0.054459 0.269850 -0.001240
v 0.055663 0.270009 -0.001074
v 0.060896 0.277183 0.002473
v 0.059085 0.274095 0.001225
v 0.057829 0.274521 0.000467
v 0.059241 0.277621 0.001630
v 0.012476 0.199112 0.052945
v 0.042777 0.208299 0.002191
v 0.025440 0.224304 0.017947
v 0.026023 0.225783 0.016719
v 0.027320 0.227637 0.016475
v 0.025284 0.228867 0.017483
v 0.028303 0.228273 0.016716
v 0.006664 0.195516 0.055470
v 0.005485 0.195497 0.055443
v 0.023311 0.216162 0.031503
v 0.025315 0.216488 0.032238
v 0.027995 0.216864 0.027937
v 0.026856 0.215623 0.033732
v 0.016982 0.203709 0.048460
v 0.017125 0.209429 0.039432
v 0.018158 0.206651 0.041389
v 0.018308 0.207489 0.039314
v 0.017992 0.209099 0.039906
v 0.021398 0.206635 0.042016
v 0.021566 0.207657 0.043099
v 0.018173 0.209663 0.034370
v 0.011543 0.199467 0.052664
v 0.014551 0.202656 0.047909
v 0.029415 0.218092 0.026071
v 0.029244 0.220102 0.023896
v 0.022997 0.206783 0.041492
v 0.023090 0.208537 0.042200
v 0.023590 0.209931 0.040473
v 0.023431 0.208305 0.039713
v 0.025226 0.221652 0.024130
v 0.026782 0.220642 0.022562
v 0.028183 0.220950 0.022674
v 0.027257 0.222400 0.024335
v 0.022510 0.211114 0.035634
v 0.020162 0.206458 0.045031
v 0.020480 0.212066 0.035226
v 0.021402 0.211202 0.034078
v 0.015949 0.204146 0.048510
v 0.024261 0.214724 0.030785
v 0.025723 0.214670 0.031126
v 0.021897 0.215606 0.031258
v 0.021045 0.210912 0.038447
v 0.022754 0.210595 0.039509
v 0.022707 0.209017 0.038712
v 0.011290 0.200136 0.052215
v 0.026904 0.213931 0.032284
v 0.026689 0.213969 0.035695
v 0.019429 0.210507 0.038221
v 0.019919 0.209011 0.037749
v 0.021371 0.209343 0.037861
v 0.022923 0.214164 0.030741
v 0.020332 0.213432 0.032611
v 0.027021 0.211949 0.034350
v 0.015303 0.202183 0.048787
v 0.021786 0.212360 0.031668
v 0.016078 0.201204 0.049316
v 0.012746 0.195342 0.037394
v 0.013819 0.188195 0.031314
v 0.002090 0.199372 0.052861
v 0.012256 0.200368 0.043493
v 0.014809 0.184720 0.029800
v 0.000883 0.198404 0.056142
v 0.001020 0.197337 0.055372
v 0.000737 0.198589 0.054355
v 0.000748 0.199061 0.055461
v 0.001675 0.196925 0.055855
v 0.001418 0.197761 0.056769
v -0.000073 0.199031 0.055563
v 0.001413 0.199703 0.054705
v 0.001277 0.199070 0.053378
v 0.022538 0.197676 0.041526
v 0.023089 0.200976 0.044586
v 0.021757 0.199180 0.045688
v 0.021292 0.196118 0.042595
v 0.022384 0.194639 0.039029
v 0.021130 0.193209 0.039919
v 0.022165 0.188407 0.036423
v 0.021388 0.189934 0.037637
v 0.022659 0.192433 0.037620
v 0.022433 0.202978 0.046532
v 0.021655 0.200866 0.048368
v 0.024154 0.179132 0.028285
v 0.024667 0.180967 0.030677
v 0.023181 0.178438 0.026455
v 0.023667 0.178784 0.027372
v 0.024119 0.184228 0.032786
v 0.023844 0.185959 0.033819
v 0.022297 0.178844 0.025756
v 0.023835 0.192071 0.034204
v 0.023388 0.192188 0.034048
v 0.023913 0.192877 0.032989
v 0.024360 0.192760 0.033145
v 0.023568 0.187682 0.034848
v 0.023425 0.188481 0.035335
v 0.024050 0.191367 0.033908
v 0.024575 0.192057 0.032847
v 0.026279 0.190409 0.032878
v 0.024365 0.190429 0.034924
v 0.026548 0.188829 0.031682
v 0.027239 0.184212 0.028185
v 0.026816 0.187240 0.030481
v 0.026619 0.182379 0.025744
v 0.026147 0.182128 0.024750
v 0.024767 0.182226 0.023118
v 0.025675 0.181877 0.023752
v 0.021149 0.186847 0.023803
v 0.023872 0.182917 0.022899
v 0.020011 0.189946 0.025703
v 0.017585 0.199454 0.032897
v 0.018873 0.193027 0.027594
v 0.016521 0.205434 0.037354
v 0.024038 0.192117 0.035872
v 0.023944 0.196127 0.038015
v 0.024001 0.199495 0.040254
v 0.024398 0.202491 0.043248
v 0.023732 0.204524 0.045087
v 0.027515 0.208914 0.039672
v 0.025313 0.206052 0.043143
v 0.025865 0.194253 0.034716
v 0.025552 0.197659 0.036976
v 0.022110 0.190254 0.036788
v 0.022696 0.191466 0.036409
v 0.022331 0.189062 0.036502
v 0.023316 0.188977 0.035611
v 0.024113 0.190421 0.035211
v 0.023659 0.191512 0.035645
v 0.022477 0.191180 0.034866
v 0.022969 0.191496 0.035186
v 0.022710 0.190466 0.034550
v 0.023303 0.190293 0.034716
v 0.023779 0.190754 0.034983
v 0.023563 0.191455 0.035279
v 0.023058 0.191953 0.033666
v 0.023290 0.191237 0.033351
v 0.023723 0.190985 0.033573
v 0.023583 0.192643 0.032606
v 0.023816 0.191926 0.032288
v 0.024247 0.191674 0.032510
v 0.044423 0.253797 0.013670
v 0.046114 0.254838 0.014292
v 0.046176 0.256323 0.011976
v 0.046148 0.255481 0.013278
v 0.045095 0.253616 0.014773
v 0.044843 0.254553 0.013288
v 0.045135 0.254327 0.014007
v 0.062651 0.279264 0.005601
v 0.062200 0.278705 0.003784
v 0.062647 0.280220 0.004385
v 0.052173 0.280772 0.004003
v 0.018864 0.206570 0.035031
v 0.021087 0.206716 0.035691
v 0.022012 0.206480 0.036327
v 0.018763 0.205396 0.036651
v 0.022686 0.205964 0.037066
v 0.018456 0.204641 0.038414
v 0.022360 0.204629 0.038701
v 0.018936 0.204260 0.039446
v 0.021083 0.203905 0.039798
v 0.020240 0.203625 0.040041
v 0.028077 0.215447 0.023975
v 0.027163 0.215245 0.024146
v 0.026191 0.215656 0.023902
v 0.028827 0.216286 0.022652
v 0.025429 0.216015 0.022899
v 0.028853 0.217519 0.021371
v 0.025727 0.216724 0.021488
v 0.028324 0.218114 0.020580
v 0.026767 0.217853 0.020268
v 0.027514 0.218234 0.020120
v 0.012098 0.197152 0.050228
v 0.011354 0.197545 0.049886
v 0.011051 0.198166 0.049425
v 0.013282 0.196783 0.050307
v 0.010884 0.198790 0.048378
v 0.014018 0.197598 0.049476
v 0.011424 0.199191 0.047360
v 0.013957 0.198391 0.048630
v 0.012444 0.199260 0.047384
v 0.013267 0.198960 0.047892
v 0.027907 0.222386 0.016078
v 0.027278 0.223190 0.015192
v 0.027540 0.224262 0.014157
v 0.029387 0.222021 0.016633
v 0.028439 0.225318 0.013854
v 0.029958 0.222393 0.016606
v 0.029302 0.225703 0.014065
v 0.030581 0.223375 0.015927
v 0.030291 0.225337 0.014742
v 0.030522 0.224678 0.015199
v 0.017015 0.201944 0.042926
v 0.017894 0.201585 0.043341
v 0.016110 0.201925 0.042856
v 0.018713 0.200734 0.044058
v 0.014954 0.201138 0.043742
v 0.018596 0.199737 0.045064
v 0.014990 0.200658 0.044912
v 0.017220 0.199343 0.046020
v 0.015405 0.200114 0.045885
v 0.016119 0.199358 0.046258
v 0.007696 0.195549 0.052311
v 0.006723 0.195915 0.052151
v 0.008836 0.196482 0.051427
v 0.006229 0.196310 0.051766
v 0.008726 0.196986 0.050929
v 0.005981 0.197290 0.050967
v 0.008405 0.197356 0.050406
v 0.006123 0.197638 0.050282
v 0.007927 0.197592 0.049976
v 0.006858 0.197726 0.049679
v 0.022315 0.209814 0.030896
v 0.020957 0.210520 0.028333
v 0.023625 0.211971 0.027852
v 0.022963 0.209421 0.032073
v 0.024781 0.212441 0.027877
v 0.024252 0.208741 0.032576
v 0.025790 0.212253 0.028553
v 0.025410 0.209036 0.032332
v 0.026538 0.211577 0.029459
v 0.026602 0.209862 0.031156
v 0.003657 0.196705 0.051352
v 0.003752 0.196170 0.052048
v 0.003298 0.197041 0.050756
v 0.003664 0.195594 0.052602
v 0.002196 0.197148 0.050396
v 0.002800 0.194940 0.053005
v 0.001559 0.196913 0.050806
v 0.001854 0.195196 0.052807
v 0.001136 0.196543 0.051579
v 0.001358 0.195561 0.052385
v 0.018481 0.204216 0.032561
v 0.018763 0.204293 0.032640
v 0.021496 0.203825 0.033904
v 0.018757 0.203338 0.033834
v 0.022035 0.203392 0.034478
v 0.019003 0.202686 0.035392
v 0.022053 0.202354 0.035718
v 0.019419 0.202372 0.036206
v 0.021223 0.201929 0.036529
v 0.020500 0.201834 0.036676
v 0.028458 0.213353 0.022067
v 0.027416 0.213208 0.022309
v 0.026338 0.213862 0.021997
v 0.029363 0.214364 0.020438
v 0.025119 0.214313 0.019879
v 0.029373 0.215898 0.018917
v 0.025345 0.215023 0.018466
v 0.028696 0.216722 0.017974
v 0.026561 0.216461 0.017440
v 0.027452 0.216959 0.017199
v 0.011952 0.194588 0.046967
v 0.011384 0.194851 0.046693
v 0.011187 0.195306 0.046362
v 0.012697 0.194622 0.046773
v 0.011209 0.195803 0.045562
v 0.013223 0.195400 0.046081
v 0.011697 0.196171 0.044756
v 0.013321 0.195882 0.045536
v 0.012426 0.196287 0.044754
v 0.012971 0.196129 0.045107
v 0.028217 0.221319 0.013457
v 0.027990 0.222195 0.012637
v 0.028343 0.223021 0.012100
v 0.030081 0.220529 0.014842
v 0.028829 0.223832 0.011786
v 0.030755 0.220929 0.014909
v 0.029296 0.224281 0.011702
v 0.031404 0.222066 0.014259
v 0.030160 0.224253 0.012225
v 0.031174 0.223612 0.013517
v 0.016970 0.199063 0.040397
v 0.017605 0.198857 0.040676
v 0.016291 0.198993 0.040366
v 0.018161 0.198287 0.041163
v 0.015364 0.198347 0.041045
v 0.018005 0.197549 0.041895
v 0.015340 0.197998 0.041940
v 0.016984 0.197169 0.042654
v 0.015513 0.197683 0.042668
v 0.016083 0.197123 0.042886
v 0.007576 0.193119 0.048854
v 0.006799 0.193392 0.048758
v 0.008370 0.193677 0.048371
v 0.006400 0.193671 0.048500
v 0.008365 0.194100 0.047961
v 0.006185 0.194358 0.047989
v 0.008103 0.194354 0.047598
v 0.006290 0.194582 0.047508
v 0.007718 0.194516 0.047292
v 0.006865 0.194616 0.047068
v 0.021898 0.208273 0.027476
v 0.021887 0.208824 0.026160
v 0.022960 0.209613 0.025430
v 0.023200 0.207837 0.028941
v 0.024160 0.209960 0.025517
v 0.024262 0.207281 0.029421
v 0.025630 0.209877 0.026317
v 0.025140 0.207451 0.029208
v 0.026184 0.209352 0.027018
v 0.026172 0.208072 0.028318
v 0.003200 0.193689 0.048449
v 0.003294 0.193247 0.048989
v 0.002935 0.193983 0.047976
v 0.003263 0.192783 0.049409
v 0.002174 0.194120 0.047666
v 0.002703 0.192292 0.049685
v 0.001755 0.193950 0.047970
v 0.002047 0.192536 0.049514
v 0.001493 0.193657 0.048567
v 0.001690 0.192854 0.049179
v 0.020565 0.201582 0.033145
v 0.028394 0.213790 0.018116
v 0.012244 0.194055 0.044192
v 0.029918 0.221762 0.011964
v 0.016775 0.196807 0.039770
v 0.007257 0.192671 0.046280
v 0.023271 0.207778 0.025496
v 0.002445 0.191944 0.047037
v 0.062422 0.277971 0.004963
v -0.014895 0.206550 0.041999
v -0.013386 0.204884 0.044911
v -0.013638 0.203146 0.043499
v -0.014986 0.204793 0.041204
v -0.016066 0.209015 0.038415
v -0.016168 0.207136 0.037631
v -0.032775 0.218277 0.028624
v -0.030803 0.215435 0.032998
v -0.029412 0.216998 0.032245
v -0.031666 0.219839 0.028856
v -0.023601 0.212144 0.038202
v -0.025999 0.213005 0.038099
v -0.024473 0.210979 0.040347
v -0.023449 0.211702 0.038860
v -0.011825 0.201870 0.052306
v -0.012440 0.201091 0.052812
v -0.011527 0.200651 0.053784
v -0.010861 0.201377 0.052827
v -0.019336 0.176429 0.034364
v -0.022351 0.178856 0.032453
v -0.022212 0.177443 0.029995
v -0.019583 0.175403 0.031855
v -0.021889 0.177285 0.028948
v -0.019434 0.175430 0.030672
v -0.029491 0.191384 0.016759
v -0.026864 0.187461 0.019734
v -0.027723 0.186759 0.019969
v -0.030296 0.190642 0.017015
v -0.026743 0.195121 0.017717
v -0.024069 0.191262 0.020668
v -0.017717 0.183290 0.038095
v -0.020859 0.185746 0.036453
v -0.021215 0.183957 0.035538
v -0.018095 0.181489 0.037342
v -0.008376 0.201819 0.050551
v -0.004142 0.200664 0.051888
v -0.004468 0.197096 0.048232
v -0.008366 0.199114 0.046908
v -0.013602 0.179554 0.029670
v -0.011148 0.178022 0.031027
v -0.012124 0.173403 0.032383
v -0.014938 0.175021 0.030150
v -0.021685 0.206220 0.025029
v -0.019715 0.203076 0.028931
v -0.021411 0.197304 0.024192
v -0.023889 0.201021 0.020942
v -0.025193 0.218400 0.030166
v -0.022834 0.218514 0.029307
v -0.024106 0.217395 0.028018
v -0.025714 0.216939 0.028130
v -0.022740 0.194291 0.022433
v -0.025316 0.198079 0.019331
v -0.009747 0.198669 0.054151
v -0.009751 0.199331 0.053425
v -0.010092 0.200339 0.054229
v -0.010036 0.199419 0.055214
v -0.023723 0.223317 0.022085
v -0.023848 0.223035 0.022603
v -0.022807 0.222256 0.022954
v -0.021258 0.225243 0.018590
v -0.027450 0.216788 0.033431
v -0.028157 0.219123 0.030079
v -0.026231 0.210793 0.039788
v -0.021754 0.219489 0.027572
v -0.022260 0.220521 0.025707
v -0.023708 0.218987 0.024499
v -0.023157 0.218112 0.026558
v -0.015930 0.197383 0.035286
v -0.014503 0.196436 0.036378
v -0.015706 0.189685 0.030515
v -0.017173 0.190945 0.029650
v -0.020947 0.219194 0.027553
v -0.021439 0.220597 0.025307
v -0.028115 0.222776 0.025320
v -0.029031 0.223102 0.025114
v -0.029878 0.220706 0.027987
v -0.029026 0.220514 0.027548
v -0.019224 0.184470 0.025887
v -0.017770 0.183008 0.027057
v -0.020196 0.178534 0.026644
v -0.021835 0.180234 0.025236
v -0.019656 0.203620 0.049436
v -0.020373 0.205278 0.047156
v -0.021529 0.204795 0.047390
v -0.020682 0.202988 0.049560
v -0.016376 0.198111 0.051851
v -0.019839 0.199886 0.049853
v -0.019616 0.197909 0.046788
v -0.016422 0.196113 0.048319
v -0.020827 0.211941 0.037557
v -0.018661 0.211548 0.037358
v -0.018983 0.212311 0.035163
v -0.021040 0.212259 0.037078
v -0.026892 0.223680 0.022940
v -0.026795 0.223482 0.023310
v -0.030027 0.229464 0.020556
v -0.032678 0.231959 0.018797
v -0.033923 0.228437 0.020252
v -0.030950 0.227503 0.021473
v -0.028226 0.232727 0.016917
v -0.029344 0.233465 0.016504
v -0.031686 0.233785 0.018362
v -0.030406 0.232610 0.018811
v -0.024367 0.208166 0.043472
v -0.022334 0.206095 0.045799
v -0.021677 0.207265 0.044957
v -0.023611 0.209127 0.042933
v -0.016738 0.186356 0.028789
v -0.018199 0.187717 0.027774
v -0.033040 0.195144 0.024894
v -0.030077 0.191538 0.027569
v -0.029846 0.193039 0.028862
v -0.032820 0.196600 0.026230
v -0.027350 0.214529 0.036147
v -0.028624 0.213735 0.036672
v -0.001462 0.189588 0.047736
v -0.004288 0.185861 0.045472
v -0.032225 0.204069 0.010735
v -0.029555 0.199573 0.014217
v -0.032486 0.196478 0.012769
v -0.035371 0.201548 0.008756
v -0.022127 0.216729 0.020808
v -0.020909 0.214023 0.025112
v -0.023588 0.209305 0.021497
v -0.024642 0.212333 0.017548
v -0.008585 0.201059 0.053073
v -0.008936 0.201689 0.052340
v -0.010169 0.201013 0.053174
v -0.009655 0.200856 0.053457
v -0.017568 0.206998 0.044703
v -0.017661 0.207150 0.044319
v -0.019658 0.206460 0.045473
v -0.019061 0.206411 0.045556
v -0.036639 0.240330 0.018079
v -0.035556 0.239741 0.017497
v -0.037683 0.244963 0.018772
v -0.038111 0.245436 0.019469
v -0.039580 0.248761 0.020710
v -0.039606 0.249306 0.021530
v -0.040650 0.251844 0.023797
v -0.040918 0.251228 0.021933
v -0.043288 0.258519 0.027867
v -0.046154 0.265199 0.028162
v -0.043587 0.263934 0.036565
v -0.042737 0.259642 0.032762
v -0.047133 0.260983 0.022522
v -0.048833 0.260429 0.015753
v -0.050456 0.260995 0.015873
v -0.048640 0.261511 0.022102
v -0.044832 0.256202 0.020778
v -0.046564 0.257441 0.015553
v -0.056370 0.272201 0.007339
v -0.053028 0.264601 0.011578
v -0.051158 0.264196 0.011245
v -0.054489 0.271732 0.007269
v -0.055055 0.277213 0.007662
v -0.057170 0.277117 0.007503
v -0.052792 0.271913 0.006881
v -0.061136 0.285157 0.004818
v -0.058291 0.287137 0.003431
v -0.058069 0.285791 0.002503
v -0.060855 0.284248 0.004336
v -0.052521 0.287049 0.002446
v -0.049501 0.285183 0.002515
v -0.049643 0.283887 0.002418
v -0.053427 0.285503 0.001766
v -0.052379 0.277347 0.006951
v -0.050774 0.272479 0.006230
v -0.050537 0.273952 0.004601
v -0.050730 0.278237 0.005699
v -0.051049 0.286654 0.009461
v -0.056673 0.286520 0.010451
v -0.055984 0.283739 0.011590
v -0.051325 0.283665 0.011250
v -0.061561 0.284432 0.008779
v -0.059797 0.282878 0.009661
v -0.054305 0.284143 0.001215
v -0.057819 0.284459 0.001922
v -0.056899 0.268718 0.006005
v -0.057074 0.271310 0.006618
v -0.059229 0.277515 0.005486
v -0.059341 0.277942 0.004177
v -0.052818 0.261299 0.009528
v -0.053248 0.263541 0.010874
v -0.046710 0.270117 0.037564
v -0.047257 0.269679 0.033953
v -0.047230 0.268065 0.034077
v -0.046941 0.269320 0.037172
v -0.047629 0.264513 0.028147
v -0.046296 0.262908 0.030932
v -0.046387 0.265565 0.035974
v -0.048758 0.260178 0.022382
v -0.048171 0.257559 0.020026
v -0.030021 0.210781 0.035914
v -0.031949 0.213692 0.032713
v -0.032927 0.211952 0.031863
v -0.030413 0.208372 0.034560
v -0.046143 0.268964 0.039863
v -0.045590 0.269656 0.040164
v -0.045817 0.269758 0.037240
v -0.045034 0.269281 0.039638
v -0.044218 0.267182 0.040404
v -0.044374 0.267088 0.039006
v -0.045176 0.266212 0.040230
v -0.044426 0.266948 0.041233
v -0.043825 0.259223 0.035181
v -0.042642 0.259306 0.035857
v -0.042896 0.261391 0.038572
v -0.044234 0.261422 0.037653
v -0.046128 0.266799 0.038190
v -0.043158 0.262679 0.037692
v -0.042542 0.260082 0.034782
v -0.049995 0.280506 0.006518
v -0.049325 0.281744 0.007188
v -0.051777 0.282196 0.010178
v -0.052210 0.281061 0.008380
v -0.061922 0.284873 0.006801
v -0.058407 0.288388 0.006278
v -0.051685 0.288263 0.005177
v -0.047722 0.284686 0.006030
v -0.048208 0.285533 0.004128
v -0.055638 0.282392 0.010551
v -0.054885 0.282716 0.000903
v -0.050027 0.282808 0.002041
v -0.050970 0.281670 0.001869
v -0.049083 0.281338 0.005329
v -0.047707 0.283008 0.005412
v -0.048145 0.283623 0.003988
v -0.059634 0.282516 0.002658
v -0.060332 0.283451 0.003541
v -0.057630 0.282840 0.001554
v -0.060468 0.281903 0.006119
v -0.061765 0.283097 0.007799
v -0.061945 0.283534 0.006370
v -0.060744 0.282693 0.004863
v -0.050141 0.280192 0.004984
v -0.003921 0.189901 0.047860
v -0.001250 0.193000 0.051553
v -0.003714 0.192889 0.052383
v -0.006694 0.200773 0.053740
v -0.005869 0.199959 0.052874
v -0.005708 0.199503 0.053741
v -0.006252 0.200242 0.054582
v -0.012377 0.172643 0.033060
v -0.015351 0.174021 0.030820
v -0.009338 0.183303 0.043141
v -0.013874 0.185251 0.041243
v -0.014311 0.181500 0.039822
v -0.009877 0.179449 0.042118
v -0.019346 0.211542 0.028852
v -0.017763 0.208816 0.033151
v -0.015140 0.203297 0.040355
v -0.014016 0.201937 0.042070
v -0.026298 0.204558 0.017545
v -0.028577 0.208185 0.014209
v -0.005845 0.190393 0.047730
v -0.015564 0.206450 0.045340
v -0.015243 0.206461 0.044975
v -0.018197 0.204399 0.045655
v -0.016987 0.204777 0.045236
v -0.014660 0.202951 0.050116
v -0.015294 0.203347 0.049558
v -0.016238 0.202463 0.050936
v -0.015275 0.202126 0.051385
v -0.039948 0.240262 0.020321
v -0.038156 0.240535 0.019274
v -0.039075 0.245477 0.020974
v -0.040475 0.244952 0.022319
v -0.040117 0.249535 0.023379
v -0.041341 0.249092 0.024493
v -0.041835 0.252397 0.027538
v -0.040977 0.253087 0.026638
v -0.004517 0.196155 0.046778
v -0.005334 0.184184 0.033812
v -0.009715 0.185891 0.033253
v -0.008909 0.193316 0.039232
v -0.004793 0.191339 0.040527
v -0.013631 0.189147 0.043035
v -0.008672 0.187834 0.044851
v -0.009881 0.191368 0.047051
v -0.011082 0.191629 0.046637
v -0.019285 0.175458 0.029486
v -0.021566 0.177128 0.027898
v -0.020890 0.177671 0.027063
v -0.018861 0.176119 0.028522
v -0.008329 0.198160 0.045399
v -0.031114 0.190214 0.017676
v -0.028592 0.186383 0.020611
v -0.029119 0.186637 0.021624
v -0.031697 0.190454 0.018702
v -0.027926 0.202070 0.015883
v -0.032279 0.190696 0.019725
v -0.029647 0.186892 0.022632
v -0.030363 0.188745 0.025114
v -0.033126 0.192553 0.022263
v -0.006383 0.172089 0.034656
v -0.006067 0.175931 0.032877
v -0.022675 0.217946 0.029986
v -0.033324 0.195850 0.012928
v -0.036251 0.201017 0.008800
v -0.019424 0.205078 0.047079
v -0.039557 0.204512 0.017838
v -0.042932 0.211681 0.012355
v -0.043536 0.210248 0.007949
v -0.039521 0.202397 0.014477
v -0.013592 0.203129 0.049908
v -0.013017 0.203699 0.049403
v -0.043028 0.225457 0.013599
v -0.040552 0.226697 0.019076
v -0.041597 0.233190 0.018122
v -0.044141 0.231934 0.011465
v -0.044956 0.239397 0.011957
v -0.042046 0.239656 0.018889
v -0.042411 0.244236 0.020971
v -0.045327 0.243757 0.013585
v -0.045578 0.247655 0.016062
v -0.042670 0.248103 0.023647
v -0.045523 0.250727 0.018764
v -0.043074 0.251692 0.026710
v -0.045726 0.257167 0.025487
v -0.005701 0.180062 0.033335
v -0.010432 0.181965 0.032137
v -0.032599 0.198049 0.027561
v -0.029615 0.194534 0.030149
v -0.029028 0.198206 0.032307
v -0.031949 0.201499 0.029980
v -0.028466 0.201477 0.034574
v -0.031340 0.204593 0.032421
v -0.016496 0.193229 0.044334
v -0.013611 0.192171 0.045587
v -0.013960 0.195007 0.049436
v -0.027617 0.204943 0.036937
v -0.038624 0.201038 0.011340
v -0.035519 0.195881 0.015568
v -0.036416 0.197469 0.018413
v -0.027675 0.207817 0.038711
v -0.037132 0.200699 0.009287
v -0.034165 0.195485 0.013504
v -0.034842 0.195682 0.014538
v -0.037878 0.200868 0.010315
v -0.019505 0.194898 0.043399
v -0.036537 0.199752 0.021454
v -0.046408 0.220884 0.005982
v -0.046499 0.219640 0.000526
v -0.014756 0.200913 0.051046
v -0.013921 0.201599 0.050133
v -0.016273 0.201198 0.052573
v -0.015072 0.201621 0.052351
v -0.045198 0.229101 0.007597
v -0.043617 0.222594 0.010465
v -0.047391 0.241842 0.009216
v -0.046883 0.237325 0.008040
v -0.047813 0.246246 0.010919
v -0.047971 0.249633 0.012611
v -0.047966 0.254905 0.017204
v -0.006450 0.170929 0.036471
v -0.012494 0.172130 0.033987
v -0.006436 0.171357 0.035464
v -0.036341 0.201098 0.022938
v -0.039270 0.205773 0.019443
v -0.038984 0.207031 0.021040
v -0.036146 0.202438 0.024415
v -0.035437 0.205579 0.027069
v -0.038212 0.209892 0.023954
v -0.019465 0.192130 0.040643
v -0.016765 0.190285 0.041705
v -0.034517 0.208657 0.029783
v -0.036934 0.212903 0.027144
v -0.018350 0.177061 0.027979
v -0.015796 0.204716 0.045164
v -0.035047 0.216053 0.028840
v -0.015255 0.205367 0.047146
v -0.013800 0.205300 0.046635
v -0.033912 0.235404 0.012584
v -0.035695 0.235428 0.009371
v -0.037617 0.241282 0.010001
v -0.036235 0.240630 0.013008
v -0.021693 0.223522 0.019526
v -0.017961 0.211434 0.034909
v -0.012760 0.201786 0.049817
v -0.046361 0.233215 0.007511
v -0.048131 0.237564 0.004922
v -0.047437 0.233153 0.004639
v -0.050526 0.242546 0.003221
v -0.049385 0.237552 0.002252
v -0.048955 0.242345 0.005949
v -0.051257 0.247701 0.004668
v -0.049524 0.247089 0.007461
v -0.051216 0.252630 0.005669
v -0.049544 0.250886 0.008824
v -0.050237 0.257944 0.013652
v -0.049800 0.255745 0.011622
v -0.006335 0.171107 0.038518
v -0.011798 0.171568 0.036756
v -0.012146 0.171848 0.035373
v -0.006393 0.171018 0.037496
v -0.015689 0.173348 0.031872
v -0.015709 0.173381 0.033070
v -0.015728 0.173414 0.034264
v -0.015323 0.174811 0.036635
v -0.012780 0.183385 0.030945
v -0.005960 0.172654 0.040528
v -0.011291 0.172960 0.038934
v -0.033852 0.217281 0.028653
v -0.017326 0.201494 0.049108
v -0.019107 0.201998 0.047935
v -0.018821 0.204421 0.048047
v -0.017805 0.204042 0.048421
v -0.047926 0.264498 0.007785
v -0.045057 0.259310 0.009154
v -0.047669 0.263993 0.004217
v -0.049337 0.267946 0.004986
v -0.020295 0.217368 0.028015
v -0.020555 0.216720 0.030286
v -0.021070 0.218765 0.023653
v -0.020240 0.216120 0.026834
v -0.045565 0.219088 -0.005603
v -0.046479 0.219083 -0.004507
v -0.048209 0.228118 -0.008768
v -0.047422 0.228259 -0.009904
v -0.048630 0.233091 0.001767
v -0.050731 0.238197 -0.002193
v -0.050065 0.233314 -0.003147
v -0.051495 0.243994 -0.000772
v -0.052574 0.250618 0.000952
v -0.052697 0.257249 0.001780
v -0.051835 0.258696 0.007908
v -0.055822 0.265229 0.004654
v -0.005564 0.175162 0.042253
v -0.010642 0.175681 0.040660
v -0.012175 0.196779 0.053981
v -0.014169 0.197248 0.052948
v -0.011659 0.194374 0.050698
v -0.010368 0.200440 0.045864
v -0.010577 0.202904 0.049013
v -0.005163 0.178259 0.043508
v -0.010260 0.177568 0.041390
v -0.005363 0.176712 0.042881
v -0.019232 0.203308 0.046605
v -0.032438 0.223398 0.023808
v -0.004780 0.181757 0.044451
v -0.014392 0.203659 0.046312
v -0.048906 0.228061 -0.003133
v -0.048996 0.227990 -0.007648
v -0.047118 0.219051 -0.003537
v -0.049854 0.240218 -0.005781
v -0.049482 0.233733 -0.007025
v -0.050963 0.246814 -0.003789
v -0.051807 0.255609 -0.001944
v -0.052541 0.262600 -0.001141
v -0.057856 0.272165 0.003142
v -0.016347 0.199423 0.053258
v -0.019112 0.201255 0.051703
v -0.008413 0.191049 0.047557
v -0.007007 0.190690 0.047651
v -0.007054 0.193716 0.051971
v -0.008412 0.193568 0.051962
v -0.004756 0.198300 0.057060
v -0.004006 0.198381 0.056644
v -0.004743 0.199039 0.055969
v -0.005203 0.199040 0.055995
v -0.010854 0.194597 0.038228
v -0.010269 0.199484 0.044332
v -0.009086 0.199768 0.052852
v -0.008171 0.199969 0.052465
v -0.023744 0.224246 0.020595
v -0.021697 0.225489 0.018800
v -0.016163 0.181666 0.028127
v -0.028424 0.225019 0.022104
v -0.029532 0.224833 0.022805
v -0.027146 0.224327 0.021745
v -0.012169 0.202789 0.050405
v -0.011718 0.202920 0.049989
v -0.049219 0.240789 -0.006714
v -0.048884 0.234051 -0.008053
v -0.050354 0.248051 -0.004536
v -0.050242 0.259233 -0.003979
v -0.049745 0.249297 -0.005278
v -0.051025 0.257384 -0.002912
v -0.051906 0.265954 -0.002896
v -0.052226 0.264305 -0.002044
v -0.059066 0.278384 0.002902
v -0.057586 0.274519 0.002243
v -0.003250 0.199944 0.054594
v -0.004363 0.199962 0.054823
v -0.004093 0.198907 0.054030
v -0.003616 0.199329 0.053282
v -0.010129 0.193809 0.051520
v -0.014580 0.179619 0.039170
v -0.003753 0.200922 0.053411
v -0.002432 0.199909 0.054552
v -0.002059 0.201116 0.053009
v -0.010608 0.199164 0.055756
v -0.008879 0.198206 0.056966
v -0.008702 0.198687 0.056010
v -0.005715 0.193528 0.052142
v -0.039337 0.221059 -0.000821
v -0.036621 0.212797 0.004450
v -0.040193 0.210431 0.001629
v -0.042230 0.219628 -0.004849
v -0.014502 0.200085 0.052031
v -0.044502 0.228947 -0.009279
v -0.040894 0.229845 -0.003715
v -0.048286 0.234413 -0.009153
v -0.048583 0.241364 -0.007645
v -0.047009 0.241562 -0.007881
v -0.046606 0.234666 -0.009356
v -0.048211 0.249743 -0.005710
v -0.047643 0.259008 -0.004152
v -0.046761 0.249670 -0.005344
v -0.048957 0.259462 -0.004393
v -0.050038 0.265988 -0.003426
v -0.051066 0.266251 -0.003359
v -0.057250 0.281024 0.001309
v -0.059077 0.280794 0.002198
v -0.006754 0.199284 0.055166
v -0.005732 0.199070 0.055853
v -0.005189 0.200560 0.054196
v -0.006719 0.197776 0.055225
v -0.007504 0.198732 0.055770
v -0.006070 0.198263 0.054745
v -0.001282 0.197483 0.057364
v -0.000967 0.196376 0.057170
v -0.001095 0.195238 0.055377
v -0.003317 0.196369 0.057668
v -0.003590 0.194936 0.055862
v -0.047982 0.260116 0.012113
v -0.047684 0.261166 0.010823
v -0.005292 0.197191 0.056767
v -0.003084 0.197379 0.057843
v -0.006398 0.198407 0.056735
v -0.006657 0.197255 0.056496
v -0.008867 0.196900 0.057023
v -0.055414 0.281187 0.009027
v -0.026356 0.226592 0.010983
v -0.023466 0.221292 0.014728
v -0.026862 0.218998 0.010899
v -0.030313 0.225037 0.007561
v -0.014462 0.199880 0.054500
v -0.014229 0.201168 0.052806
v -0.034747 0.230607 0.006772
v -0.031489 0.230967 0.010528
v -0.042346 0.235440 -0.003179
v -0.043438 0.242109 -0.001782
v -0.042135 0.242328 0.000239
v -0.040836 0.235619 -0.000894
v -0.044862 0.248903 -0.001167
v -0.043583 0.248970 0.000863
v -0.043982 0.255101 0.003742
v -0.042306 0.248976 0.003023
v -0.044916 0.256126 0.001475
v -0.045683 0.260039 0.004164
v -0.046795 0.261925 0.001569
v -0.051705 0.274515 0.001373
v -0.052088 0.277364 0.001695
v -0.051371 0.275631 0.003166
v -0.050688 0.271153 0.003019
v -0.010739 0.197931 0.055872
v -0.012248 0.199607 0.054993
v -0.012241 0.198199 0.054999
v -0.014566 0.198316 0.054668
v -0.059197 0.282051 0.008671
v -0.058774 0.277285 0.006621
v -0.052020 0.279842 0.001919
v -0.051139 0.278939 0.003355
v -0.042850 0.255354 0.011018
v -0.043038 0.255147 0.008709
v -0.043460 0.256469 0.010418
v -0.032203 0.216211 0.008189
v -0.035263 0.222882 0.003884
v -0.034485 0.214498 0.006351
v -0.037828 0.221974 0.001749
v -0.011672 0.201703 0.049741
v -0.038182 0.229663 0.001782
v -0.039445 0.235615 0.001742
v -0.040836 0.242391 0.002561
v -0.039206 0.241895 0.006434
v -0.037503 0.235495 0.006021
v -0.040848 0.248191 0.007058
v -0.042503 0.253280 0.008035
v -0.017933 0.202320 0.050944
v -0.058588 0.281060 0.007944
v -0.016422 0.208284 0.042167
v -0.017844 0.207775 0.043340
v -0.048736 0.282996 0.007840
v -0.014848 0.177733 0.038518
v -0.041171 0.209894 0.001420
v -0.043892 0.219298 -0.005560
v -0.005278 0.201419 0.053094
v -0.006767 0.201823 0.052204
v -0.007687 0.200881 0.053177
v -0.039913 0.229754 -0.000967
v -0.039661 0.247515 0.011157
v -0.041470 0.251402 0.015381
v -0.038664 0.246488 0.014113
v -0.041534 0.251823 0.011956
v -0.050548 0.277766 0.004588
v -0.047626 0.262605 0.009402
v -0.029141 0.227516 0.018288
v -0.028701 0.228541 0.017560
v -0.027726 0.229747 0.019574
v -0.028488 0.228529 0.020598
v -0.029593 0.225653 0.019222
v -0.028871 0.226623 0.021545
v -0.011958 0.187197 0.032224
v -0.010462 0.195796 0.054919
v -0.029390 0.212373 0.036486
v -0.004748 0.200249 0.054461
v -0.047641 0.263642 -0.001242
v -0.045829 0.257043 -0.000875
v -0.045691 0.241539 -0.007239
v -0.045731 0.228596 -0.010004
v -0.013863 0.199273 0.052675
v -0.025573 0.204709 0.041664
v -0.025200 0.201842 0.039036
v -0.025265 0.218090 0.030685
v -0.024867 0.217733 0.031118
v -0.027450 0.218875 0.029257
v -0.019260 0.213247 0.030264
v -0.022790 0.217439 0.030681
v -0.008610 0.195527 0.055265
v -0.003081 0.196627 0.056125
v -0.004156 0.197487 0.055607
v -0.002886 0.198018 0.056882
v -0.036485 0.232945 0.018310
v -0.036465 0.228263 0.019609
v -0.035275 0.228479 0.019716
v -0.034169 0.233236 0.018112
v -0.007976 0.197347 0.055415
v -0.010828 0.200314 0.054308
v -0.015355 0.205033 0.047820
v -0.013624 0.204119 0.048639
v -0.029214 0.231046 0.019543
v -0.006797 0.200105 0.052102
v -0.028826 0.224260 0.020184
v -0.025426 0.223973 0.019292
v -0.027921 0.223679 0.020192
v -0.040152 0.249573 0.018029
v -0.037974 0.245280 0.016790
v -0.035489 0.239830 0.015592
v -0.032265 0.235477 0.015403
v -0.042989 0.253424 0.015635
v -0.041800 0.252044 0.018412
v -0.053718 0.275750 -0.000095
v -0.054790 0.279120 0.000511
v -0.021987 0.227736 0.016806
v -0.022243 0.227346 0.017394
v -0.021099 0.220019 0.024532
v -0.017143 0.186978 0.039709
v -0.018473 0.179683 0.036588
v -0.021571 0.182161 0.034621
v -0.021557 0.212750 0.036496
v -0.023896 0.212594 0.037165
v -0.025338 0.211643 0.035528
v -0.025241 0.213437 0.036509
v -0.023880 0.211097 0.035923
v -0.020190 0.208031 0.043038
v -0.018693 0.208487 0.042615
v -0.018755 0.207160 0.041912
v -0.020190 0.206948 0.042049
v -0.019123 0.214294 0.031066
v -0.018952 0.214510 0.032064
v -0.011846 0.202291 0.051483
v -0.010400 0.202264 0.051623
v -0.047602 0.265651 0.027271
v -0.050656 0.259854 0.015472
v -0.045938 0.268597 0.034244
v -0.038385 0.227552 0.020080
v -0.039014 0.233030 0.019604
v -0.034183 0.222591 0.023930
v -0.037113 0.221610 0.024689
v -0.035659 0.221772 0.023911
v -0.016728 0.203111 0.049861
v -0.015546 0.203888 0.049008
v -0.019843 0.189002 0.038372
v -0.017824 0.208747 0.041748
v -0.012044 0.203525 0.048014
v -0.012174 0.201640 0.044894
v -0.027004 0.231633 0.014335
v -0.023809 0.227778 0.014048
v -0.039182 0.219347 0.023125
v -0.047805 0.228517 0.002405
v -0.041845 0.213927 0.016359
v -0.040800 0.216449 0.019876
v -0.013341 0.201022 0.052804
v -0.026200 0.231430 0.015356
v -0.024662 0.230657 0.016506
v -0.023021 0.228032 0.015766
v -0.026684 0.231671 0.017642
v -0.023511 0.221794 0.024107
v -0.025044 0.220515 0.022930
v -0.011012 0.201075 0.051038
v -0.025681 0.230302 0.017956
v -0.004242 0.198224 0.054907
v -0.035001 0.235854 0.017923
v -0.037512 0.236420 0.018611
v -0.039258 0.236330 0.019664
v -0.041892 0.236390 0.018323
v -0.044517 0.235726 0.011229
v -0.045541 0.234740 -0.008667
v -0.033801 0.235823 0.017605
v -0.046502 0.228781 0.005051
v -0.045016 0.221595 0.008484
v -0.043188 0.209344 0.004171
v -0.042660 0.209403 0.002976
v -0.042388 0.212804 0.014362
v -0.022016 0.222951 0.017723
v -0.030401 0.206128 0.012475
v -0.044684 0.263821 0.039379
v -0.043565 0.264229 0.040556
v -0.043689 0.265016 0.039405
v -0.044104 0.266039 0.038165
v -0.049532 0.268459 0.000069
v -0.048627 0.266236 0.002214
v -0.050455 0.280987 0.003365
v -0.054955 0.280983 0.000723
v -0.043157 0.253584 0.019425
v -0.044352 0.254918 0.015761
v -0.041987 0.253950 0.023878
v -0.041662 0.255279 0.027693
v -0.041744 0.256647 0.030773
v -0.042173 0.256054 0.031934
v -0.043408 0.256008 0.031743
v -0.045460 0.253560 0.022108
v -0.047981 0.251816 0.014168
v -0.051130 0.256079 0.006775
v -0.049447 0.253293 0.010036
v -0.053927 0.261598 0.002860
v -0.054941 0.267436 0.000718
v -0.054258 0.271057 -0.001093
v -0.054610 0.269346 -0.000208
v -0.052086 0.271313 -0.001757
v -0.053287 0.271505 -0.001602
v -0.058355 0.278821 0.001895
v -0.056681 0.279213 0.001068
v -0.055343 0.276075 -0.000081
v -0.056618 0.275684 0.000664
v -0.012589 0.199456 0.052823
v -0.042133 0.209465 0.001779
v -0.025046 0.226484 0.016471
v -0.024517 0.224990 0.017705
v -0.024231 0.229547 0.017243
v -0.026289 0.228373 0.016215
v -0.027257 0.229036 0.016446
v -0.006903 0.195702 0.055404
v -0.005724 0.195651 0.055389
v -0.022743 0.216794 0.031280
v -0.024745 0.217176 0.031996
v -0.027371 0.217625 0.027669
v -0.026323 0.216353 0.033474
v -0.016924 0.204175 0.048296
v -0.016821 0.209895 0.039267
v -0.017702 0.209589 0.039733
v -0.018056 0.207989 0.039138
v -0.017950 0.207147 0.041213
v -0.021194 0.207219 0.041810
v -0.021345 0.208246 0.042891
v -0.017814 0.210157 0.034196
v -0.011644 0.199785 0.052552
v -0.014517 0.203056 0.047768
v -0.028739 0.218891 0.025789
v -0.028492 0.220895 0.023616
v -0.022783 0.207411 0.041270
v -0.023159 0.208945 0.039487
v -0.023280 0.210574 0.040246
v -0.022836 0.209168 0.041978
v -0.024435 0.222334 0.023889
v -0.026446 0.223138 0.024075
v -0.027397 0.221713 0.022405
v -0.026003 0.221367 0.022306
v -0.022122 0.211727 0.035418
v -0.019993 0.207009 0.044836
v -0.020062 0.212623 0.035030
v -0.020996 0.211784 0.033873
v -0.015879 0.204583 0.048355
v -0.025191 0.215370 0.030879
v -0.023726 0.215383 0.030552
v -0.021342 0.216200 0.031048
v -0.020690 0.211485 0.038244
v -0.022416 0.211216 0.039290
v -0.022405 0.209636 0.038493
v -0.011368 0.200447 0.052105
v -0.026404 0.214663 0.032026
v -0.026221 0.214696 0.035438
v -0.019083 0.211036 0.038034
v -0.021053 0.209926 0.037655
v -0.019610 0.209554 0.037557
v -0.022403 0.214786 0.030521
v -0.019851 0.213983 0.032416
v -0.026595 0.212685 0.034090
v -0.015290 0.202603 0.048639
v -0.021325 0.212952 0.031459
v -0.016097 0.201645 0.049160
v -0.012811 0.195693 0.037270
v -0.014021 0.188577 0.031179
v -0.002200 0.199431 0.052840
v -0.012242 0.200704 0.043374
v -0.015092 0.185131 0.029655
v -0.001052 0.198431 0.056133
v -0.000892 0.199084 0.055453
v -0.000883 0.198611 0.054347
v -0.001210 0.197367 0.055361
v -0.001881 0.196974 0.055838
v -0.001610 0.197803 0.056755
v -0.001531 0.199744 0.054690
v -0.001400 0.199106 0.053365
v -0.022575 0.198296 0.041308
v -0.021383 0.196704 0.042388
v -0.021793 0.199778 0.045477
v -0.023065 0.201610 0.044363
v -0.022480 0.195255 0.038812
v -0.021275 0.193791 0.039714
v -0.021601 0.190524 0.037429
v -0.022408 0.189019 0.036207
v -0.022803 0.193058 0.037399
v -0.021672 0.201461 0.048158
v -0.022373 0.203593 0.046315
v -0.024571 0.179801 0.028049
v -0.025057 0.181650 0.030436
v -0.023600 0.179080 0.026228
v -0.024086 0.179440 0.027140
v -0.024440 0.184895 0.032550
v -0.024127 0.186618 0.033586
v -0.022699 0.179462 0.025538
v -0.023955 0.192727 0.033973
v -0.024451 0.193430 0.032909
v -0.023999 0.193535 0.032757
v -0.023503 0.192832 0.033821
v -0.023814 0.188333 0.034618
v -0.023654 0.189127 0.035106
v -0.024186 0.192030 0.033674
v -0.024682 0.192733 0.032608
v -0.024537 0.191100 0.034687
v -0.026431 0.191133 0.032622
v -0.026731 0.189560 0.031424
v -0.027031 0.187980 0.030219
v -0.027515 0.184964 0.027919
v -0.026922 0.183114 0.025485
v -0.026447 0.182850 0.024495
v -0.025973 0.182586 0.023501
v -0.025049 0.182910 0.022877
v -0.024134 0.183576 0.022666
v -0.021312 0.187430 0.023597
v -0.020108 0.190497 0.025509
v -0.018905 0.193546 0.027410
v -0.017492 0.199936 0.032727
v -0.016307 0.205885 0.037194
v -0.023990 0.196785 0.037783
v -0.024172 0.192779 0.035638
v -0.023976 0.200154 0.040022
v -0.024319 0.203160 0.043011
v -0.023615 0.205175 0.044857
v -0.027224 0.209666 0.039406
v -0.025135 0.206744 0.042899
v -0.025929 0.194964 0.034465
v -0.025545 0.198361 0.036728
v -0.022854 0.192092 0.036188
v -0.022305 0.190864 0.036573
v -0.022556 0.189678 0.036285
v -0.023534 0.189620 0.035384
v -0.024288 0.191086 0.034976
v -0.023808 0.192164 0.035415
v -0.023115 0.192128 0.034962
v -0.022629 0.191799 0.034648
v -0.022878 0.191092 0.034329
v -0.023477 0.190936 0.034489
v -0.023942 0.191409 0.034752
v -0.023711 0.192105 0.035050
v -0.023176 0.192588 0.033442
v -0.023425 0.191879 0.033125
v -0.023866 0.191639 0.033342
v -0.023672 0.193292 0.032377
v -0.023921 0.192582 0.032057
v -0.024361 0.192342 0.032274
v -0.042640 0.254992 0.013247
v -0.044308 0.256080 0.013853
v -0.044306 0.257566 0.011537
v -0.044314 0.256724 0.012839
v -0.043327 0.254830 0.014344
v -0.043340 0.255542 0.013578
v -0.043035 0.255760 0.012862
v -0.060083 0.280949 0.005006
v -0.059629 0.280378 0.003193
v -0.060041 0.281905 0.003790
v -0.049553 0.282169 0.003510
v -0.020820 0.207292 0.035488
v -0.018596 0.207085 0.034850
v -0.021757 0.207082 0.036115
v -0.018542 0.205908 0.036470
v -0.022453 0.206584 0.036847
v -0.018273 0.205145 0.038236
v -0.022179 0.205241 0.038485
v -0.018774 0.204778 0.039263
v -0.020933 0.204482 0.039594
v -0.020101 0.204179 0.039845
v -0.026548 0.215983 0.023886
v -0.027454 0.216210 0.023705
v -0.025562 0.216367 0.023651
v -0.028168 0.217069 0.022376
v -0.024781 0.216704 0.022656
v -0.028147 0.218301 0.021094
v -0.025046 0.217422 0.021242
v -0.027595 0.218882 0.020309
v -0.026042 0.218578 0.020012
v -0.026777 0.218980 0.019856
v -0.011481 0.197858 0.049775
v -0.012239 0.197487 0.050110
v -0.011156 0.198471 0.049317
v -0.013433 0.197150 0.050178
v -0.010962 0.199090 0.048272
v -0.014138 0.197984 0.049339
v -0.011481 0.199506 0.047249
v -0.014047 0.198775 0.048494
v -0.012499 0.199602 0.047263
v -0.013334 0.199325 0.047763
v -0.026357 0.223927 0.014932
v -0.027017 0.223140 0.015811
v -0.026580 0.225006 0.013894
v -0.028512 0.222816 0.016352
v -0.027446 0.226085 0.013583
v -0.029072 0.223203 0.016320
v -0.028300 0.226494 0.013786
v -0.029661 0.224202 0.015635
v -0.029306 0.226155 0.014453
v -0.029560 0.225503 0.014908
v -0.017843 0.202076 0.043168
v -0.016951 0.202410 0.042761
v -0.016046 0.202367 0.042700
v -0.018692 0.201248 0.043877
v -0.014920 0.201549 0.043597
v -0.018613 0.200248 0.044884
v -0.014981 0.201070 0.044767
v -0.017258 0.199816 0.045853
v -0.015421 0.200537 0.045736
v -0.016159 0.199801 0.046102
v -0.006919 0.196102 0.052085
v -0.007903 0.195763 0.052236
v -0.009008 0.196727 0.051340
v -0.006411 0.196483 0.051704
v -0.008879 0.197228 0.050844
v -0.006127 0.197457 0.050908
v -0.008543 0.197588 0.050324
v -0.006254 0.197808 0.050222
v -0.008055 0.197811 0.049899
v -0.006980 0.197915 0.049612
v -0.020515 0.211089 0.028132
v -0.021916 0.210422 0.030681
v -0.023137 0.212613 0.027626
v -0.022586 0.210047 0.031852
v -0.024279 0.213115 0.027639
v -0.023898 0.209402 0.032342
v -0.025300 0.212955 0.028305
v -0.025045 0.209729 0.032087
v -0.026075 0.212300 0.029204
v -0.026202 0.210587 0.030900
v -0.003941 0.196276 0.052010
v -0.003824 0.196807 0.051315
v -0.003450 0.197134 0.050723
v -0.003874 0.195698 0.052565
v -0.002342 0.197210 0.050374
v -0.003032 0.195020 0.052977
v -0.001716 0.196958 0.050790
v -0.002078 0.195250 0.052788
v -0.001311 0.196577 0.051567
v -0.001567 0.195601 0.052371
v -0.018534 0.204805 0.032459
v -0.018253 0.204721 0.032383
v -0.021291 0.204413 0.033697
v -0.018566 0.203850 0.033653
v -0.021848 0.203994 0.034265
v -0.018844 0.203205 0.035208
v -0.021906 0.202957 0.035505
v -0.019277 0.202903 0.036018
v -0.021096 0.202510 0.036324
v -0.020377 0.202395 0.036477
v -0.026839 0.213953 0.022046
v -0.027874 0.214126 0.021794
v -0.025740 0.214578 0.021744
v -0.028735 0.215162 0.020157
v -0.024489 0.214994 0.019639
v -0.028688 0.216695 0.018635
v -0.024682 0.215710 0.018223
v -0.027980 0.217501 0.017699
v -0.025847 0.217181 0.017185
v -0.026722 0.217703 0.016937
v -0.011554 0.195166 0.046582
v -0.012132 0.194919 0.046850
v -0.011341 0.195616 0.046253
v -0.012873 0.194973 0.046649
v -0.011341 0.196113 0.045453
v -0.013371 0.195765 0.045952
v -0.011811 0.196493 0.044642
v -0.013451 0.196250 0.045406
v -0.012538 0.196630 0.044633
v -0.013089 0.196486 0.044981
v -0.027072 0.222951 0.012370
v -0.027330 0.222082 0.013188
v -0.027396 0.223786 0.011829
v -0.029228 0.221344 0.014554
v -0.027857 0.224611 0.011511
v -0.029892 0.221761 0.014615
v -0.028311 0.225072 0.011422
v -0.030503 0.222917 0.013959
v -0.029181 0.225068 0.011938
v -0.030224 0.224455 0.013220
v -0.017603 0.199341 0.040506
v -0.016961 0.199529 0.040232
v -0.016284 0.199441 0.040208
v -0.018179 0.198786 0.040987
v -0.015381 0.198769 0.040896
v -0.018051 0.198044 0.041720
v -0.015375 0.198419 0.041791
v -0.017048 0.197637 0.042489
v -0.015564 0.198109 0.042518
v -0.016151 0.197566 0.042730
v -0.007031 0.193581 0.048691
v -0.007816 0.193331 0.048779
v -0.008590 0.193910 0.048289
v -0.006622 0.193850 0.048437
v -0.008569 0.194333 0.047879
v -0.006384 0.194530 0.047928
v -0.008296 0.194579 0.047519
v -0.006478 0.194758 0.047446
v -0.007904 0.194731 0.047216
v -0.007047 0.194807 0.047001
v -0.021469 0.209420 0.025949
v -0.021508 0.208869 0.027265
v -0.022513 0.210238 0.025210
v -0.022836 0.208469 0.028718
v -0.023704 0.210618 0.025284
v -0.023917 0.207943 0.029187
v -0.025184 0.210575 0.026070
v -0.024789 0.208137 0.028966
v -0.025759 0.210065 0.026766
v -0.025794 0.208785 0.028066
v -0.003534 0.193341 0.048956
v -0.003422 0.193780 0.048417
v -0.003144 0.194067 0.047947
v -0.003519 0.192877 0.049376
v -0.002377 0.194182 0.047644
v -0.002976 0.192370 0.049657
v -0.001966 0.194002 0.047952
v -0.002312 0.192596 0.049493
v -0.001718 0.193701 0.048552
v -0.001942 0.192904 0.049162
v -0.020415 0.202144 0.032947
v -0.027759 0.214561 0.017844
v -0.012411 0.194394 0.044073
v -0.029004 0.222571 0.011678
v -0.016822 0.197268 0.039607
v -0.007484 0.192873 0.046208
v -0.022876 0.208412 0.025272
v -0.002702 0.192014 0.047011
v -0.059883 0.279650 0.004370
f 1 2 3
f 1 3 4
f 5 6 2
f 5 2 1
f 7 8 9
f 7 9 10
f 11 12 13
f 11 13 14
f 15 16 17
f 15 17 18
f 19 20 21
f 19 21 22
f 20 23 24
f 20 24 21
f 25 26 27
f 25 27 28
f 29 25 28
f 29 28 30
f 31 32 33
f 31 33 34
f 35 36 37
f 35 37 38
f 39 40 41
f 39 41 42
f 43 44 45
f 43 45 46
f 47 48 49
f 47 49 50
f 44 51 52
f 44 52 45
f 53 54 55
f 53 55 56
f 57 58 59
f 57 59 60
f 9 61 62
f 14 13 63
f 64 65 66
f 64 66 67
f 68 69 70
f 68 70 71
f 64 67 72
f 64 72 73
f 74 75 76
f 74 76 77
f 78 79 80
f 78 80 81
f 82 83 84
f 82 84 85
f 86 87 88
f 86 88 89
f 90 91 92
f 90 92 93
f 60 94 95
f 60 95 57
f 96 97 98
f 96 98 99
f 100 101 102
f 100 102 103
f 104 105 106
f 104 106 107
f 64 50 49
f 64 49 65
f 69 108 109
f 69 109 70
f 110 111 112
f 110 112 113
f 63 114 115
f 63 115 14
f 116 117 118
f 116 118 119
f 120 121 122
f 120 122 123
f 124 125 126
f 124 126 127
f 128 129 130
f 128 130 131
f 132 133 134
f 132 134 135
f 136 137 138
f 136 138 139
f 138 137 140
f 138 140 141
f 142 143 141
f 142 141 140
f 144 145 146
f 144 146 147
f 148 149 150
f 148 150 151
f 151 152 153
f 151 153 148
f 154 155 156
f 154 156 157
f 158 159 155
f 158 155 160
f 161 162 163
f 161 163 164
f 165 166 167
f 165 167 168
f 169 170 171
f 169 171 172
f 173 174 175
f 173 175 176
f 175 177 178
f 175 178 176
f 179 166 163
f 179 163 180
f 181 182 183
f 181 183 184
f 185 181 184
f 185 184 186
f 187 188 189
f 187 189 190
f 191 189 192
f 191 192 193
f 193 194 195
f 193 195 191
f 196 197 198
f 196 198 199
f 200 188 187
f 200 187 201
f 202 203 204
f 202 204 205
f 201 206 207
f 201 207 200
f 208 209 210
f 208 210 211
f 188 200 207
f 188 207 212
f 146 145 213
f 146 213 214
f 215 216 217
f 215 217 218
f 164 219 220
f 164 220 161
f 176 219 221
f 176 221 173
f 173 221 222
f 173 222 223
f 175 174 217
f 175 217 224
f 225 226 227
f 225 227 179
f 228 215 218
f 228 218 229
f 168 167 230
f 168 230 222
f 231 232 180
f 231 180 233
f 234 235 236
f 234 236 237
f 170 215 228
f 170 228 238
f 239 240 241
f 239 241 119
f 242 243 244
f 242 244 245
f 40 246 247
f 40 247 41
f 248 249 250
f 248 250 251
f 43 46 252
f 43 252 253
f 254 68 71
f 254 71 255
f 125 256 257
f 125 257 126
f 239 118 258
f 259 132 135
f 259 135 260
f 132 261 262
f 132 262 133
f 263 264 265
f 263 265 266
f 267 268 269
f 267 269 270
f 269 268 271
f 269 271 272
f 273 274 272
f 273 272 271
f 213 211 210
f 213 210 214
f 275 276 37
f 275 37 277
f 278 279 280
f 278 280 281
f 282 283 284
f 282 284 285
f 286 287 288
f 286 288 289
f 290 280 279
f 290 279 277
f 291 292 293
f 291 293 294
f 29 51 295
f 29 295 123
f 296 297 298
f 296 298 299
f 300 301 42
f 300 42 41
f 50 64 73
f 50 73 302
f 121 303 304
f 121 304 122
f 85 134 133
f 85 133 305
f 297 110 113
f 297 113 298
f 306 307 308
f 306 308 309
f 310 263 266
f 310 266 311
f 312 313 314
f 312 314 315
f 316 317 318
f 316 318 319
f 320 321 318
f 320 318 317
f 322 323 321
f 322 321 320
f 208 324 193
f 208 193 209
f 325 326 301
f 325 301 300
f 278 281 327
f 278 327 328
f 329 330 331
f 329 331 332
f 330 333 334
f 330 334 331
f 335 87 336
f 335 336 337
f 333 197 338
f 333 338 334
f 339 307 340
f 339 340 341
f 197 196 342
f 197 342 338
f 343 344 345
f 343 345 346
f 87 335 347
f 87 347 88
f 307 306 348
f 307 348 340
f 309 308 349
f 309 349 350
f 263 351 352
f 263 352 264
f 353 265 264
f 353 264 354
f 312 355 356
f 312 356 313
f 357 317 316
f 357 316 358
f 359 320 317
f 359 317 357
f 360 322 320
f 360 320 359
f 324 361 194
f 324 194 193
f 362 275 277
f 362 277 279
f 363 364 247
f 363 247 365
f 306 366 367
f 306 367 348
f 368 369 370
f 368 370 371
f 335 372 373
f 335 373 347
f 369 374 375
f 369 375 370
f 376 287 246
f 376 246 40
f 259 377 261
f 259 261 132
f 374 378 198
f 374 198 375
f 260 379 380
f 260 380 259
f 381 382 383
f 381 383 384
f 59 58 385
f 386 93 92
f 310 387 351
f 310 351 263
f 388 389 390
f 388 390 358
f 391 392 390
f 391 390 393
f 394 395 392
f 394 392 391
f 396 397 395
f 396 395 394
f 361 398 399
f 361 399 194
f 279 278 400
f 279 400 362
f 401 402 403
f 401 403 404
f 286 23 405
f 286 405 406
f 20 19 407
f 20 407 408
f 42 327 409
f 42 409 39
f 410 401 404
f 410 404 411
f 378 412 199
f 378 199 198
f 413 414 415
f 413 415 416
f 417 418 419
f 417 419 420
f 421 73 422
f 124 127 423
f 124 423 424
f 425 426 427
f 425 427 428
f 429 430 431
f 429 431 393
f 393 431 432
f 393 432 391
f 433 394 391
f 433 391 432
f 434 396 394
f 434 394 433
f 435 436 181
f 435 181 185
f 301 326 437
f 301 437 328
f 438 410 411
f 438 411 439
f 372 335 337
f 372 337 282
f 440 441 336
f 440 336 442
f 35 443 444
f 35 444 36
f 445 446 447
f 445 447 249
f 448 305 133
f 448 133 262
f 305 415 82
f 305 82 85
f 77 76 8
f 77 8 449
f 450 445 249
f 450 249 248
f 380 451 377
f 380 377 259
f 452 349 453
f 452 453 454
f 430 455 456
f 430 456 431
f 431 456 457
f 431 457 432
f 458 433 432
f 458 432 457
f 459 434 433
f 459 433 458
f 436 460 182
f 436 182 181
f 461 462 364
f 461 364 363
f 285 118 450
f 285 450 248
f 86 89 463
f 86 463 464
f 465 466 467
f 465 467 468
f 469 470 471
f 469 471 472
f 280 290 473
f 280 473 474
f 128 475 476
f 128 476 129
f 416 415 305
f 416 305 448
f 477 478 58
f 477 58 57
f 479 376 40
f 479 40 39
f 480 481 95
f 480 95 482
f 311 483 484
f 311 484 310
f 455 485 486
f 455 486 456
f 457 456 486
f 457 486 487
f 488 489 487
f 488 487 490
f 491 492 489
f 491 489 488
f 460 493 494
f 460 494 182
f 495 496 402
f 495 402 401
f 497 498 499
f 497 499 500
f 283 441 501
f 283 501 284
f 249 447 502
f 249 502 250
f 465 468 285
f 503 504 505
f 503 505 497
f 8 76 61
f 8 61 9
f 481 477 57
f 481 57 95
f 449 482 77
f 54 506 507
f 54 507 508
f 509 258 468
f 509 468 467
f 510 511 512
f 510 512 513
f 514 354 264
f 514 264 352
f 511 510 515
f 511 515 516
f 517 518 519
f 517 519 520
f 490 520 519
f 490 519 521
f 522 523 521
f 522 521 524
f 525 526 523
f 525 523 522
f 231 527 528
f 231 528 232
f 529 495 401
f 529 401 410
f 243 530 531
f 243 531 532
f 533 534 532
f 533 532 535
f 536 537 538
f 536 538 539
f 540 541 542
f 540 542 539
f 543 156 155
f 543 155 544
f 469 545 542
f 469 542 546
f 547 469 546
f 547 546 548
f 507 547 548
f 507 548 549
f 169 158 550
f 169 550 216
f 551 552 553
f 551 553 554
f 354 555 556
f 354 556 353
f 552 551 557
f 552 557 558
f 559 560 561
f 559 561 562
f 562 561 563
f 562 563 564
f 565 566 563
f 565 563 567
f 568 569 566
f 568 566 565
f 570 571 572
f 570 572 573
f 574 529 410
f 574 410 438
f 508 507 549
f 508 549 575
f 576 508 575
f 576 575 577
f 556 576 577
f 556 577 578
f 177 175 224
f 177 224 579
f 154 580 160
f 154 160 155
f 170 169 216
f 170 216 215
f 581 573 572
f 581 572 582
f 583 584 568
f 583 568 585
f 552 586 587
f 552 587 553
f 586 588 589
f 586 589 587
f 484 590 387
f 484 387 310
f 586 552 558
f 586 558 591
f 592 593 594
f 592 594 595
f 595 594 596
f 595 596 567
f 597 565 567
f 597 567 596
f 169 172 159
f 169 159 158
f 418 417 172
f 418 172 171
f 598 599 446
f 598 446 445
f 600 353 464
f 600 464 463
f 86 464 578
f 86 578 442
f 601 234 237
f 601 237 579
f 158 160 601
f 158 601 550
f 135 602 603
f 135 603 260
f 223 604 174
f 223 174 173
f 605 504 606
f 407 607 439
f 407 439 411
f 511 608 609
f 511 609 512
f 242 610 611
f 242 611 612
f 586 591 613
f 586 613 588
f 593 384 383
f 593 383 594
f 594 383 614
f 594 614 596
f 615 616 614
f 615 614 617
f 170 238 618
f 170 618 171
f 417 619 159
f 417 159 172
f 131 611 610
f 131 610 128
f 411 404 408
f 411 408 407
f 532 534 244
f 532 244 243
f 620 621 622
f 620 622 623
f 624 625 621
f 624 621 620
f 440 442 578
f 440 578 577
f 406 405 403
f 406 403 365
f 474 626 281
f 474 281 280
f 441 440 627
f 441 627 501
f 628 10 9
f 628 9 114
f 629 598 445
f 629 445 450
f 500 471 470
f 500 470 630
f 525 522 631
f 525 631 632
f 522 524 564
f 522 564 631
f 562 564 524
f 562 524 633
f 425 608 634
f 425 634 426
f 635 555 354
f 635 354 514
f 540 636 637
f 540 637 241
f 638 639 338
f 638 338 342
f 640 641 62
f 640 62 61
f 642 47 640
f 642 640 61
f 253 643 423
f 253 423 127
f 248 251 282
f 248 282 285
f 644 302 73
f 644 73 421
f 501 627 645
f 501 645 466
f 646 647 472
f 646 472 648
f 270 269 137
f 270 137 136
f 649 650 651
f 649 651 652
f 653 506 54
f 653 54 53
f 130 654 17
f 130 17 16
f 655 380 379
f 655 379 656
f 96 657 622
f 96 622 621
f 610 658 475
f 610 475 128
f 659 480 625
f 659 625 624
f 481 660 661
f 481 661 477
f 617 662 663
f 617 663 615
f 664 662 617
f 664 617 382
f 381 665 664
f 381 664 382
f 666 615 663
f 666 663 667
f 142 140 272
f 142 272 274
f 668 570 573
f 668 573 669
f 478 670 671
f 478 671 58
f 385 672 72
f 385 72 59
f 117 629 450
f 117 450 118
f 31 673 251
f 31 251 250
f 465 285 284
f 95 94 77
f 95 77 482
f 674 19 22
f 674 22 675
f 676 91 11
f 676 11 677
f 621 625 97
f 621 97 96
f 678 679 677
f 678 677 680
f 681 682 683
f 681 683 684
f 92 685 686
f 92 686 386
f 319 318 268
f 319 268 267
f 687 484 483
f 687 483 688
f 273 271 321
f 273 321 323
f 689 191 195
f 689 195 149
f 194 399 690
f 194 690 195
f 201 205 204
f 201 204 206
f 197 333 375
f 197 375 198
f 187 190 691
f 187 691 202
f 205 201 187
f 205 187 202
f 269 272 140
f 269 140 137
f 321 271 268
f 321 268 318
f 692 693 649
f 692 649 652
f 315 314 693
f 315 693 692
f 8 7 694
f 8 694 449
f 652 695 696
f 652 696 692
f 697 698 266
f 697 266 265
f 600 82 415
f 600 415 414
f 466 465 284
f 466 284 501
f 31 34 699
f 31 699 673
f 602 684 700
f 602 700 603
f 4 3 701
f 4 701 702
f 239 119 118
f 372 673 699
f 372 699 373
f 551 703 704
f 551 704 557
f 315 692 696
f 315 696 705
f 349 452 706
f 349 706 350
f 355 312 707
f 355 707 708
f 659 660 481
f 659 481 480
f 576 556 555
f 576 555 709
f 710 711 671
f 710 671 712
f 712 713 100
f 712 100 710
f 713 657 101
f 713 101 100
f 99 101 657
f 99 657 96
f 283 282 337
f 637 116 119
f 637 119 241
f 67 66 714
f 67 714 715
f 241 240 541
f 241 541 540
f 687 716 590
f 687 590 484
f 717 622 657
f 717 657 713
f 497 500 630
f 497 630 503
f 441 283 337
f 441 337 336
f 470 469 547
f 470 547 531
f 503 630 530
f 503 530 612
f 654 508 576
f 654 576 17
f 131 130 16
f 131 16 688
f 265 353 600
f 265 600 697
f 311 266 698
f 311 698 656
f 630 470 531
f 630 531 530
f 547 507 506
f 547 506 535
f 242 245 658
f 242 658 610
f 500 499 718
f 500 718 471
f 148 153 144
f 148 144 147
f 141 143 667
f 141 667 663
f 662 138 141
f 662 141 663
f 664 139 138
f 664 138 662
f 149 148 147
f 149 147 689
f 99 650 102
f 99 102 101
f 649 719 720
f 649 720 650
f 721 719 649
f 721 649 693
f 314 722 721
f 314 721 693
f 313 723 722
f 313 722 314
f 388 723 313
f 388 313 356
f 559 562 633
f 559 633 724
f 358 316 723
f 358 723 388
f 722 723 316
f 722 316 319
f 721 722 319
f 721 319 267
f 267 270 719
f 267 719 721
f 720 719 270
f 720 270 136
f 725 720 136
f 725 136 139
f 665 725 139
f 665 139 664
f 356 726 389
f 356 389 388
f 706 452 430
f 706 430 429
f 452 454 455
f 452 455 430
f 454 427 485
f 454 485 455
f 426 634 518
f 426 518 517
f 515 559 724
f 515 724 516
f 515 613 560
f 515 560 559
f 591 558 593
f 591 593 592
f 256 125 553
f 256 553 587
f 665 381 704
f 665 704 103
f 355 727 726
f 355 726 356
f 728 729 428
f 728 428 453
f 308 728 453
f 308 453 349
f 708 730 727
f 708 727 355
f 125 124 554
f 125 554 553
f 121 120 513
f 121 513 512
f 711 703 731
f 711 731 385
f 339 344 729
f 339 729 728
f 307 339 728
f 307 728 308
f 120 732 589
f 120 589 513
f 209 193 192
f 209 192 733
f 210 209 733
f 210 733 734
f 214 210 734
f 214 734 735
f 146 214 735
f 146 735 736
f 147 146 736
f 147 736 691
f 737 632 569
f 737 569 738
f 226 581 582
f 226 582 739
f 740 225 232
f 740 232 528
f 741 742 666
f 741 666 667
f 743 741 667
f 743 667 143
f 744 743 143
f 744 143 142
f 745 744 142
f 745 142 274
f 746 745 274
f 746 274 273
f 747 746 273
f 747 273 323
f 748 747 323
f 748 323 322
f 749 748 322
f 749 322 360
f 750 751 397
f 750 397 396
f 752 750 396
f 752 396 434
f 753 752 434
f 753 434 459
f 754 755 492
f 754 492 491
f 756 757 526
f 756 526 525
f 737 756 525
f 737 525 632
f 570 737 738
f 570 738 571
f 758 759 760
f 758 760 761
f 758 761 528
f 758 528 527
f 741 153 152
f 741 152 742
f 741 743 144
f 741 144 153
f 145 144 743
f 145 743 744
f 745 213 145
f 745 145 744
f 745 746 211
f 745 211 213
f 747 208 211
f 747 211 746
f 747 748 324
f 747 324 208
f 324 748 749
f 324 749 361
f 361 749 751
f 361 751 398
f 435 750 752
f 435 752 436
f 436 752 753
f 436 753 460
f 753 755 493
f 753 493 460
f 668 756 737
f 668 737 570
f 759 754 757
f 759 757 760
f 16 15 687
f 16 687 688
f 762 709 555
f 762 555 635
f 98 97 482
f 98 482 449
f 652 651 694
f 652 694 695
f 412 378 696
f 412 696 695
f 705 707 312
f 705 312 315
f 671 711 385
f 671 385 58
f 374 369 707
f 374 707 705
f 369 368 708
f 369 708 707
f 368 366 730
f 368 730 708
f 378 374 705
f 378 705 696
f 343 303 609
f 343 609 763
f 478 764 765
f 478 765 670
f 576 709 18
f 576 18 17
f 670 765 766
f 670 766 767
f 767 766 768
f 767 768 717
f 717 768 623
f 717 623 622
f 712 671 670
f 712 670 767
f 530 243 242
f 530 242 612
f 767 717 713
f 767 713 712
f 627 440 577
f 627 577 575
f 627 575 549
f 627 549 645
f 645 549 548
f 645 548 769
f 769 548 546
f 769 546 770
f 770 546 542
f 770 542 541
f 285 468 258
f 285 258 118
f 545 536 539
f 545 539 542
f 540 539 538
f 540 538 636
f 59 72 67
f 59 67 715
f 771 772 641
f 771 641 644
f 240 509 770
f 240 770 541
f 509 467 769
f 509 769 770
f 644 641 640
f 644 640 302
f 87 86 442
f 87 442 336
f 773 48 47
f 773 47 642
f 466 645 769
f 466 769 467
f 129 476 56
f 129 56 55
f 73 72 672
f 73 672 422
f 62 641 772
f 62 772 774
f 62 115 114
f 62 114 9
f 600 414 775
f 600 775 697
f 593 558 557
f 593 557 384
f 776 93 386
f 776 386 5
f 700 777 778
f 700 778 779
f 672 424 423
f 672 423 422
f 776 5 1
f 776 1 603
f 780 682 681
f 780 681 781
f 700 779 776
f 700 776 603
f 157 156 151
f 157 151 150
f 382 617 614
f 382 614 383
f 686 643 782
f 686 782 386
f 597 596 614
f 597 614 616
f 762 783 18
f 762 18 709
f 655 784 451
f 655 451 380
f 785 75 74
f 785 74 786
f 787 788 789
f 787 789 790
f 791 792 793
f 791 793 794
f 233 180 163
f 233 163 162
f 152 151 156
f 152 156 543
f 677 679 795
f 677 795 676
f 791 794 94
f 791 94 60
f 684 602 796
f 684 796 681
f 797 676 795
f 797 795 798
f 786 74 794
f 786 794 793
f 533 535 506
f 533 506 653
f 77 94 794
f 77 794 74
f 61 76 75
f 61 75 642
f 698 799 655
f 698 655 656
f 104 63 13
f 104 13 105
f 672 385 731
f 672 731 424
f 715 714 792
f 715 792 791
f 715 791 60
f 715 60 59
f 47 50 302
f 47 302 640
f 700 684 683
f 700 683 777
f 771 800 801
f 771 801 772
f 240 239 258
f 240 258 509
f 802 771 644
f 802 644 421
f 422 686 685
f 422 685 421
f 4 260 603
f 4 603 1
f 547 535 532
f 547 532 531
f 478 477 661
f 478 661 764
f 803 804 12
f 803 12 90
f 790 789 804
f 790 804 805
f 773 642 75
f 773 75 785
f 482 97 625
f 482 625 480
f 687 15 806
f 687 806 716
f 807 774 772
f 807 772 801
f 774 808 115
f 774 115 62
f 106 781 681
f 106 681 796
f 106 105 788
f 106 788 781
f 508 654 55
f 508 55 54
f 809 810 811
f 809 811 803
f 11 91 90
f 11 90 12
f 802 812 800
f 802 800 771
f 803 811 805
f 803 805 804
f 421 685 813
f 421 813 802
f 789 788 105
f 789 105 13
f 814 808 774
f 814 774 807
f 655 799 815
f 655 815 784
f 780 781 788
f 780 788 787
f 13 12 804
f 13 804 789
f 93 776 779
f 93 779 809
f 18 783 806
f 18 806 15
f 813 816 812
f 813 812 802
f 129 55 654
f 129 654 130
f 799 698 697
f 799 697 775
f 413 817 775
f 413 775 414
f 14 115 808
f 14 808 680
f 779 778 810
f 779 810 809
f 85 84 107
f 85 107 106
f 809 803 90
f 809 90 93
f 775 817 815
f 775 815 799
f 797 813 685
f 797 685 92
f 678 680 808
f 678 808 814
f 14 680 677
f 14 677 11
f 85 106 796
f 85 796 134
f 648 472 471
f 648 471 718
f 91 676 797
f 91 797 92
f 797 798 816
f 797 816 813
f 818 819 626
f 818 626 474
f 472 647 545
f 472 545 469
f 505 820 498
f 505 498 497
f 19 674 607
f 19 607 407
f 674 32 502
f 674 502 607
f 821 818 474
f 821 474 473
f 702 701 444
f 702 444 443
f 819 822 409
f 819 409 626
f 353 556 578
f 353 578 464
f 602 135 134
f 602 134 796
f 823 824 825
f 823 825 826
f 827 824 823
f 827 823 828
f 826 829 537
f 826 537 823
f 830 826 825
f 830 825 831
f 536 828 823
f 536 823 537
f 827 828 647
f 827 647 646
f 829 826 830
f 829 830 605
f 830 831 820
f 830 820 505
f 536 545 647
f 536 647 828
f 673 372 282
f 673 282 251
f 830 505 504
f 830 504 605
f 600 463 83
f 600 83 82
f 832 833 834
f 832 834 835
f 836 832 835
f 836 835 837
f 34 838 839
f 34 839 699
f 840 836 837
f 840 837 839
f 833 841 842
f 833 842 834
f 88 347 835
f 88 835 834
f 347 373 837
f 347 837 835
f 84 83 842
f 84 842 841
f 373 699 839
f 373 839 837
f 89 88 834
f 89 834 842
f 89 842 83
f 89 83 463
f 843 844 22
f 843 22 21
f 845 846 24
f 845 24 289
f 847 848 33
f 847 33 675
f 819 818 71
f 819 71 70
f 376 479 81
f 376 81 80
f 479 822 109
f 479 109 81
f 818 821 255
f 818 255 71
f 79 849 288
f 79 288 80
f 844 847 675
f 844 675 22
f 850 851 852
f 850 852 853
f 854 855 838
f 854 838 34
f 856 850 853
f 856 853 857
f 855 854 858
f 855 858 859
f 854 848 860
f 854 860 858
f 847 844 861
f 847 861 862
f 844 843 863
f 844 863 861
f 843 846 864
f 843 864 863
f 845 849 865
f 845 865 866
f 79 78 867
f 79 867 868
f 78 108 869
f 78 869 867
f 69 68 870
f 69 870 871
f 68 254 872
f 68 872 870
f 386 782 6
f 386 6 5
f 836 840 873
f 836 873 874
f 832 836 874
f 832 874 875
f 833 832 875
f 833 875 876
f 833 876 877
f 833 877 841
f 114 63 878
f 114 878 628
f 107 877 879
f 107 879 104
f 104 879 878
f 104 878 63
f 412 7 10
f 412 10 199
f 84 841 877
f 84 877 107
f 873 859 858
f 873 858 880
f 874 873 880
f 874 880 881
f 875 874 881
f 875 881 639
f 876 875 639
f 876 639 638
f 877 876 638
f 877 638 879
f 840 839 882
f 840 882 883
f 839 838 884
f 839 884 882
f 838 855 885
f 838 885 884
f 855 859 886
f 855 886 885
f 859 873 887
f 859 887 886
f 873 840 883
f 873 883 887
f 883 882 888
f 883 888 889
f 882 884 890
f 882 890 888
f 884 885 891
f 884 891 890
f 885 886 892
f 885 892 891
f 886 887 893
f 886 893 892
f 887 883 889
f 887 889 893
f 889 888 894
f 889 894 851
f 888 890 895
f 888 895 894
f 890 891 896
f 890 896 895
f 891 892 856
f 891 856 896
f 892 893 850
f 892 850 856
f 893 889 851
f 893 851 850
f 851 894 897
f 851 897 852
f 894 895 898
f 894 898 897
f 895 896 899
f 895 899 898
f 896 856 857
f 896 857 899
f 196 628 878
f 196 878 342
f 879 638 342
f 879 342 878
f 866 865 27
f 866 27 294
f 868 867 30
f 868 30 28
f 871 870 46
f 871 46 45
f 867 869 52
f 867 52 30
f 858 860 112
f 858 112 332
f 870 872 252
f 870 252 46
f 863 864 293
f 863 293 299
f 861 863 299
f 861 299 298
f 862 861 298
f 862 298 113
f 880 858 332
f 880 332 331
f 881 880 331
f 881 331 334
f 639 881 334
f 639 334 338
f 196 199 10
f 196 10 628
f 412 695 694
f 412 694 7
f 98 449 694
f 98 694 651
f 99 98 651
f 99 651 650
f 149 195 690
f 149 690 150
f 720 725 102
f 720 102 650
f 725 665 103
f 725 103 102
f 710 100 103
f 710 103 704
f 381 384 557
f 381 557 704
f 711 710 704
f 711 704 703
f 551 554 731
f 551 731 703
f 252 872 6
f 252 6 782
f 554 124 424
f 554 424 731
f 254 255 3
f 254 3 2
f 872 254 2
f 872 2 6
f 290 277 37
f 290 37 36
f 606 38 37
f 606 37 276
f 473 290 36
f 473 36 444
f 686 422 423
f 686 423 643
f 255 821 701
f 255 701 3
f 253 252 782
f 253 782 643
f 821 473 444
f 821 444 701
f 25 29 123
f 25 123 122
f 43 253 127
f 43 127 126
f 44 43 126
f 44 126 257
f 256 732 295
f 256 295 257
f 291 26 304
f 291 304 346
f 297 296 341
f 297 341 340
f 296 292 345
f 296 345 341
f 110 297 340
f 110 340 348
f 329 111 367
f 329 367 371
f 330 329 371
f 330 371 370
f 333 330 370
f 333 370 375
f 188 212 192
f 188 192 189
f 689 147 691
f 689 691 190
f 191 689 190
f 191 190 189
f 202 691 736
f 202 736 203
f 206 204 735
f 206 735 734
f 207 206 734
f 207 734 733
f 204 203 736
f 204 736 735
f 212 207 733
f 212 733 192
f 580 154 184
f 580 184 183
f 157 150 690
f 157 690 186
f 154 157 186
f 154 186 184
f 669 740 528
f 669 528 761
f 669 573 581
f 669 581 740
f 544 155 159
f 544 159 619
f 615 900 583
f 615 583 616
f 152 543 901
f 152 901 742
f 568 584 420
f 568 420 419
f 619 417 420
f 619 420 902
f 544 903 901
f 544 901 543
f 742 901 904
f 742 904 666
f 666 904 900
f 666 900 615
f 619 902 903
f 619 903 544
f 903 902 905
f 903 905 906
f 902 420 584
f 902 584 905
f 565 597 585
f 565 585 568
f 900 904 906
f 900 906 905
f 583 900 905
f 583 905 584
f 901 903 906
f 901 906 904
f 616 583 585
f 616 585 597
f 225 740 581
f 225 581 226
f 580 183 907
f 580 907 234
f 504 503 38
f 225 179 180
f 225 180 232
f 758 527 908
f 758 908 494
f 231 909 908
f 231 908 527
f 291 294 27
f 291 27 26
f 406 365 247
f 406 247 246
f 376 80 288
f 376 288 287
f 343 346 304
f 343 304 303
f 300 41 247
f 300 247 364
f 286 406 246
f 286 246 287
f 325 300 364
f 325 364 462
f 724 633 519
f 724 519 518
f 633 524 521
f 633 521 519
f 488 490 521
f 488 521 523
f 491 488 523
f 491 523 526
f 425 763 609
f 425 609 608
f 511 516 634
f 511 634 608
f 516 724 518
f 516 518 634
f 754 491 526
f 754 526 757
f 756 668 760
f 756 760 757
f 121 512 609
f 121 609 303
f 845 289 288
f 845 288 849
f 79 868 865
f 79 865 849
f 868 28 27
f 868 27 865
f 25 122 304
f 25 304 26
f 668 669 761
f 668 761 760
f 907 909 235
f 907 235 234
f 503 612 38
f 226 739 910
f 226 910 227
f 611 35 38
f 612 611 38
f 611 131 35
f 131 688 35
f 379 4 702
f 379 702 656
f 160 580 234
f 160 234 601
f 311 656 702
f 483 311 702
f 483 702 443
f 688 483 443
f 688 443 35
f 379 260 4
f 504 38 606
f 811 810 911
f 811 911 912
f 805 811 912
f 805 912 913
f 810 778 914
f 810 914 911
f 790 805 913
f 790 913 915
f 778 777 916
f 778 916 914
f 787 790 915
f 787 915 917
f 777 683 918
f 777 918 916
f 780 787 917
f 780 917 919
f 683 682 920
f 683 920 918
f 682 780 919
f 682 919 920
f 48 773 921
f 48 921 922
f 49 48 922
f 49 922 923
f 773 785 924
f 773 924 921
f 65 49 923
f 65 923 925
f 785 786 926
f 785 926 924
f 66 65 925
f 66 925 927
f 786 793 928
f 786 928 926
f 714 66 927
f 714 927 929
f 793 792 930
f 793 930 928
f 792 714 929
f 792 929 930
f 783 762 931
f 783 931 932
f 806 783 932
f 806 932 933
f 762 635 934
f 762 934 931
f 716 806 933
f 716 933 935
f 635 514 936
f 635 936 934
f 590 716 935
f 590 935 937
f 514 352 938
f 514 938 936
f 387 590 937
f 387 937 939
f 352 351 940
f 352 940 938
f 351 387 939
f 351 939 940
f 764 661 941
f 764 941 942
f 765 764 942
f 765 942 943
f 661 660 944
f 661 944 941
f 766 765 943
f 766 943 945
f 660 659 946
f 660 946 944
f 768 766 945
f 768 945 947
f 659 624 948
f 659 948 946
f 623 768 947
f 623 947 949
f 624 620 950
f 624 950 948
f 620 623 949
f 620 949 950
f 262 261 951
f 262 951 952
f 261 377 953
f 261 953 951
f 448 262 952
f 448 952 954
f 377 451 955
f 377 955 953
f 416 448 954
f 416 954 956
f 451 784 957
f 451 957 955
f 413 416 956
f 413 956 958
f 784 815 959
f 784 959 957
f 817 413 958
f 817 958 960
f 815 817 960
f 815 960 959
f 533 653 961
f 533 961 962
f 653 53 963
f 653 963 961
f 534 533 962
f 534 962 964
f 53 56 965
f 53 965 963
f 244 534 964
f 244 964 966
f 56 476 967
f 56 967 965
f 245 244 966
f 245 966 968
f 476 475 969
f 476 969 967
f 658 245 968
f 658 968 970
f 475 658 970
f 475 970 969
f 816 798 971
f 816 971 972
f 812 816 972
f 812 972 973
f 798 795 974
f 798 974 971
f 800 812 973
f 800 973 975
f 795 679 976
f 795 976 974
f 801 800 975
f 801 975 977
f 679 678 978
f 679 978 976
f 807 801 977
f 807 977 979
f 678 814 980
f 678 980 978
f 814 807 979
f 814 979 980
f 718 499 981
f 718 981 982
f 499 498 983
f 499 983 981
f 648 718 982
f 648 982 984
f 498 820 985
f 498 985 983
f 646 648 984
f 646 984 986
f 820 831 987
f 820 987 985
f 827 646 986
f 827 986 988
f 831 825 989
f 831 989 987
f 824 827 988
f 824 988 990
f 825 824 990
f 825 990 989
f 912 911 991
f 912 991 992
f 913 912 992
f 913 992 993
f 911 914 994
f 911 994 991
f 915 913 993
f 915 993 995
f 914 916 996
f 914 996 994
f 917 915 995
f 917 995 997
f 916 918 998
f 916 998 996
f 919 917 997
f 919 997 999
f 918 920 1000
f 918 1000 998
f 920 919 999
f 920 999 1000
f 922 921 1001
f 922 1001 1002
f 923 922 1002
f 923 1002 1003
f 921 924 1004
f 921 1004 1001
f 925 923 1003
f 925 1003 1005
f 924 926 1006
f 924 1006 1004
f 927 925 1005
f 927 1005 1007
f 926 928 1008
f 926 1008 1006
f 929 927 1007
f 929 1007 1009
f 928 930 1010
f 928 1010 1008
f 930 929 1009
f 930 1009 1010
f 932 931 1011
f 932 1011 1012
f 933 932 1012
f 933 1012 1013
f 931 934 1014
f 931 1014 1011
f 935 933 1013
f 935 1013 1015
f 934 936 1016
f 934 1016 1014
f 937 935 1015
f 937 1015 1017
f 936 938 1018
f 936 1018 1016
f 939 937 1017
f 939 1017 1019
f 938 940 1020
f 938 1020 1018
f 940 939 1019
f 940 1019 1020
f 942 941 1021
f 942 1021 1022
f 943 942 1022
f 943 1022 1023
f 941 944 1024
f 941 1024 1021
f 945 943 1023
f 945 1023 1025
f 944 946 1026
f 944 1026 1024
f 947 945 1025
f 947 1025 1027
f 946 948 1028
f 946 1028 1026
f 949 947 1027
f 949 1027 1029
f 948 950 1030
f 948 1030 1028
f 950 949 1029
f 950 1029 1030
f 952 951 1031
f 952 1031 1032
f 951 953 1033
f 951 1033 1031
f 954 952 1032
f 954 1032 1034
f 953 955 1035
f 953 1035 1033
f 956 954 1034
f 956 1034 1036
f 955 957 1037
f 955 1037 1035
f 958 956 1036
f 958 1036 1038
f 957 959 1039
f 957 1039 1037
f 960 958 1038
f 960 1038 1040
f 959 960 1040
f 959 1040 1039
f 962 961 1041
f 962 1041 1042
f 961 963 1043
f 961 1043 1041
f 964 962 1042
f 964 1042 1044
f 963 965 1045
f 963 1045 1043
f 966 964 1044
f 966 1044 1046
f 965 967 1047
f 965 1047 1045
f 968 966 1046
f 968 1046 1048
f 967 969 1049
f 967 1049 1047
f 970 968 1048
f 970 1048 1050
f 969 970 1050
f 969 1050 1049
f 972 971 1051
f 972 1051 1052
f 973 972 1052
f 973 1052 1053
f 971 974 1054
f 971 1054 1051
f 975 973 1053
f 975 1053 1055
f 974 976 1056
f 974 1056 1054
f 977 975 1055
f 977 1055 1057
f 976 978 1058
f 976 1058 1056
f 979 977 1057
f 979 1057 1059
f 978 980 1060
f 978 1060 1058
f 980 979 1059
f 980 1059 1060
f 982 981 1061
f 982 1061 1062
f 981 983 1063
f 981 1063 1061
f 984 982 1062
f 984 1062 1064
f 983 985 1065
f 983 1065 1063
f 986 984 1064
f 986 1064 1066
f 985 987 1067
f 985 1067 1065
f 988 986 1066
f 988 1066 1068
f 987 989 1069
f 987 1069 1067
f 990 988 1068
f 990 1068 1070
f 989 990 1070
f 989 1070 1069
f 992 991 1071
f 993 992 1071
f 991 994 1071
f 995 993 1071
f 994 996 1071
f 997 995 1071
f 996 998 1071
f 999 997 1071
f 998 1000 1071
f 1000 999 1071
f 1002 1001 1072
f 1003 1002 1072
f 1001 1004 1072
f 1005 1003 1072
f 1004 1006 1072
f 1007 1005 1072
f 1006 1008 1072
f 1009 1007 1072
f 1008 1010 1072
f 1010 1009 1072
f 1012 1011 1073
f 1013 1012 1073
f 1011 1014 1073
f 1015 1013 1073
f 1014 1016 1073
f 1017 1015 1073
f 1016 1018 1073
f 1019 1017 1073
f 1018 1020 1073
f 1020 1019 1073
f 1022 1021 1074
f 1023 1022 1074
f 1021 1024 1074
f 1025 1023 1074
f 1024 1026 1074
f 1027 1025 1074
f 1026 1028 1074
f 1029 1027 1074
f 1028 1030 1074
f 1030 1029 1074
f 1032 1031 1075
f 1031 1033 1075
f 1034 1032 1075
f 1033 1035 1075
f 1036 1034 1075
f 1035 1037 1075
f 1038 1036 1075
f 1037 1039 1075
f 1040 1038 1075
f 1039 1040 1075
f 1042 1041 1076
f 1041 1043 1076
f 1044 1042 1076
f 1043 1045 1076
f 1046 1044 1076
f 1045 1047 1076
f 1048 1046 1076
f 1047 1049 1076
f 1050 1048 1076
f 1049 1050 1076
f 1052 1051 1077
f 1053 1052 1077
f 1051 1054 1077
f 1055 1053 1077
f 1054 1056 1077
f 1057 1055 1077
f 1056 1058 1077
f 1059 1057 1077
f 1058 1060 1077
f 1060 1059 1077
f 1062 1061 1078
f 1061 1063 1078
f 1064 1062 1078
f 1063 1065 1078
f 1066 1064 1078
f 1065 1067 1078
f 1068 1066 1078
f 1067 1069 1078
f 1070 1068 1078
f 1069 1070 1078
f 176 178 220
f 176 220 219
f 164 165 221
f 164 221 219
f 165 168 222
f 165 222 221
f 228 229 230
f 228 230 910
f 233 162 236
f 233 236 235
f 231 233 235
f 231 235 909
f 238 228 910
f 238 910 739
f 179 227 167
f 179 167 166
f 165 164 163
f 165 163 166
f 582 572 171
f 582 171 618
f 739 582 618
f 739 618 238
f 291 346 345
f 291 345 292
f 120 123 295
f 120 295 732
f 866 294 293
f 866 293 864
f 871 45 52
f 871 52 869
f 69 871 869
f 69 869 108
f 845 866 864
f 845 864 846
f 819 70 109
f 819 109 822
f 843 21 24
f 843 24 846
f 479 39 409
f 479 409 822
f 754 759 493
f 754 493 755
f 419 418 571
f 419 571 738
f 753 459 492
f 753 492 755
f 568 419 738
f 568 738 569
f 256 587 589
f 256 589 732
f 343 763 729
f 343 729 344
f 763 425 428
f 763 428 729
f 591 592 560
f 591 560 613
f 426 517 485
f 426 485 427
f 408 404 403
f 408 403 405
f 515 510 588
f 515 588 613
f 510 513 589
f 510 589 588
f 418 171 572
f 418 572 571
f 632 631 566
f 632 566 569
f 631 564 563
f 631 563 566
f 595 567 563
f 595 563 561
f 592 595 561
f 592 561 560
f 461 363 402
f 461 402 496
f 759 758 494
f 759 494 493
f 459 458 489
f 459 489 492
f 458 457 487
f 458 487 489
f 520 490 487
f 520 487 486
f 517 520 486
f 517 486 485
f 400 278 328
f 400 328 437
f 454 453 428
f 454 428 427
f 281 626 409
f 281 409 327
f 20 408 405
f 20 405 23
f 363 365 403
f 363 403 402
f 339 341 345
f 339 345 344
f 42 301 328
f 42 328 327
f 44 257 295
f 44 295 51
f 296 299 293
f 296 293 292
f 78 81 109
f 78 109 108
f 29 30 52
f 29 52 51
f 286 289 24
f 286 24 23
f 161 220 236
f 161 236 162
f 223 222 230
f 223 230 229
f 178 177 579
f 178 579 237
f 550 601 579
f 550 579 224
f 220 178 237
f 220 237 236
f 227 910 230
f 227 230 167
f 604 223 229
f 604 229 218
f 216 550 224
f 216 224 217
f 174 604 218
f 174 218 217
f 907 1079 908
f 907 908 909
f 908 1079 182
f 908 182 494
f 182 1079 907
f 182 907 183
f 110 348 367
f 110 367 111
f 862 113 112
f 862 112 860
f 847 862 860
f 847 860 848
f 854 34 33
f 854 33 848
f 31 250 502
f 31 502 32
f 306 309 730
f 306 730 366
f 750 435 398
f 750 398 751
f 749 360 397
f 749 397 751
f 309 350 727
f 309 727 730
f 350 706 726
f 350 726 727
f 706 429 389
f 706 389 726
f 185 186 690
f 185 690 399
f 574 438 446
f 574 446 599
f 439 607 502
f 439 502 447
f 438 439 447
f 438 447 446
f 435 185 399
f 435 399 398
f 360 359 395
f 360 395 397
f 359 357 392
f 359 392 395
f 357 358 390
f 357 390 392
f 429 393 390
f 429 390 389
f 368 371 367
f 368 367 366
f 329 332 112
f 329 112 111
f 674 675 33
f 674 33 32
f 1080 1081 1082
f 1080 1082 1083
f 1084 1080 1083
f 1084 1083 1085
f 1086 1087 1088
f 1086 1088 1089
f 1090 1091 1092
f 1090 1092 1093
f 1094 1095 1096
f 1094 1096 1097
f 1098 1099 1100
f 1098 1100 1101
f 1101 1100 1102
f 1101 1102 1103
f 1104 1105 1106
f 1104 1106 1107
f 1108 1109 1105
f 1108 1105 1104
f 1110 1111 1112
f 1110 1112 1113
f 1114 1115 1116
f 1114 1116 1117
f 1118 1119 1120
f 1118 1120 1121
f 1122 1123 1124
f 1122 1124 1125
f 1126 1127 1128
f 1126 1128 1129
f 1125 1124 1130
f 1125 1130 1131
f 1132 1133 1134
f 1132 1134 1135
f 1136 1137 1138
f 1136 1138 1139
f 1140 1141 1088
f 1142 1092 1091
f 1143 1144 1145
f 1143 1145 1146
f 1147 1148 1149
f 1147 1149 1150
f 1143 1151 1152
f 1143 1152 1144
f 1153 1154 1155
f 1153 1155 1156
f 1157 1158 1159
f 1157 1159 1160
f 1161 1162 1163
f 1161 1163 1164
f 1165 1166 1167
f 1165 1167 1168
f 1169 1170 1171
f 1169 1171 1172
f 1137 1136 1173
f 1137 1173 1174
f 1175 1176 1177
f 1175 1177 1178
f 1179 1180 1181
f 1179 1181 1182
f 1183 1184 1185
f 1183 1185 1186
f 1143 1146 1128
f 1143 1128 1127
f 1150 1149 1187
f 1150 1187 1188
f 1189 1190 1191
f 1189 1191 1192
f 1142 1091 1193
f 1142 1193 1194
f 116 1195 1196
f 116 1196 117
f 1197 1198 1199
f 1197 1199 1200
f 1201 1202 1203
f 1201 1203 1204
f 1205 1206 1207
f 1205 1207 1208
f 1209 1210 1211
f 1209 1211 1212
f 1213 1214 1215
f 1213 1215 1216
f 1215 1217 1218
f 1215 1218 1216
f 1219 1218 1217
f 1219 1217 1220
f 1221 1222 1223
f 1221 1223 1224
f 1225 1226 1227
f 1225 1227 1228
f 1226 1225 1229
f 1226 1229 1230
f 1231 1232 1233
f 1231 1233 1234
f 1235 1236 1234
f 1235 1234 1237
f 1238 1239 1240
f 1238 1240 1241
f 1242 1243 1244
f 1242 1244 1245
f 1246 1247 1248
f 1246 1248 1249
f 1250 1251 1252
f 1250 1252 1253
f 1252 1251 1254
f 1252 1254 1255
f 1256 1257 1240
f 1256 1240 1245
f 1258 1259 1260
f 1258 1260 1261
f 1262 1263 1259
f 1262 1259 1258
f 1264 1265 1266
f 1264 1266 1267
f 1268 1269 1270
f 1268 1270 1266
f 1269 1268 1271
f 1269 1271 1272
f 1273 1274 1275
f 1273 1275 1276
f 1277 1278 1264
f 1277 1264 1267
f 1279 1280 1281
f 1279 1281 1282
f 1278 1277 1283
f 1278 1283 1284
f 1285 1286 1287
f 1285 1287 1288
f 1267 1289 1283
f 1267 1283 1277
f 1223 1290 1291
f 1223 1291 1224
f 1292 1293 1294
f 1292 1294 1295
f 1239 1238 1296
f 1239 1296 1297
f 1251 1250 1298
f 1251 1298 1297
f 1250 1299 1300
f 1250 1300 1298
f 1252 1301 1294
f 1252 1294 1253
f 1302 1256 1303
f 1302 1303 1304
f 1305 1306 1293
f 1305 1293 1292
f 1243 1300 1307
f 1243 1307 1244
f 1308 1309 1257
f 1308 1257 1310
f 1311 1312 1313
f 1311 1313 1314
f 1249 1315 1305
f 1249 1305 1292
f 1316 1195 1317
f 1316 1317 1318
f 1319 1320 1321
f 1319 1321 1322
f 1121 1120 1323
f 1121 1323 1324
f 1325 1326 1327
f 1325 1327 1328
f 1122 1329 1330
f 1122 1330 1123
f 1331 1332 1148
f 1331 1148 1147
f 1204 1203 1333
f 1204 1333 1334
f 1335 1196 1316
f 1336 1337 1210
f 1336 1210 1209
f 1209 1212 1338
f 1209 1338 1339
f 1340 1341 1342
f 1340 1342 1343
f 1344 1345 1346
f 1344 1346 1347
f 1346 1348 1349
f 1346 1349 1347
f 1350 1349 1348
f 1350 1348 1351
f 1291 1290 1287
f 1291 1287 1286
f 275 1352 1116
f 275 1116 276
f 1353 1354 1355
f 1353 1355 1356
f 1357 1358 1359
f 1357 1359 1360
f 1361 1362 1363
f 1361 1363 1364
f 1365 1352 1356
f 1365 1356 1355
f 1366 1367 1368
f 1366 1368 1369
f 1108 1198 1370
f 1108 1370 1131
f 1371 1372 1373
f 1371 1373 1374
f 1375 1120 1119
f 1375 1119 1376
f 1127 1377 1151
f 1127 1151 1143
f 1200 1199 1378
f 1200 1378 1379
f 1162 1380 1212
f 1162 1212 1211
f 1374 1373 1190
f 1374 1190 1189
f 1381 1382 1383
f 1381 1383 1384
f 1385 1386 1341
f 1385 1341 1340
f 1387 1388 1389
f 1387 1389 1390
f 1391 1392 1393
f 1391 1393 1394
f 1395 1394 1393
f 1395 1393 1396
f 1397 1395 1396
f 1397 1396 1398
f 1285 1288 1269
f 1285 1269 1399
f 325 1375 1376
f 325 1376 326
f 1353 1400 1401
f 1353 1401 1354
f 1402 1403 1404
f 1402 1404 1405
f 1405 1404 1406
f 1405 1406 1407
f 1408 1409 1410
f 1408 1410 1168
f 1407 1406 1411
f 1407 1411 1276
f 1412 1413 1414
f 1412 1414 1384
f 1276 1411 1415
f 1276 1415 1273
f 1416 1417 1418
f 1416 1418 1419
f 1168 1167 1420
f 1168 1420 1408
f 1384 1414 1421
f 1384 1421 1381
f 1382 1422 1423
f 1382 1423 1383
f 1340 1343 1424
f 1340 1424 1425
f 1426 1427 1343
f 1426 1343 1342
f 1387 1390 1428
f 1387 1428 1429
f 1430 1431 1391
f 1430 1391 1394
f 1432 1430 1394
f 1432 1394 1395
f 1433 1432 1395
f 1433 1395 1397
f 1399 1269 1272
f 1399 1272 1434
f 362 1356 1352
f 362 1352 275
f 1435 1436 1323
f 1435 1323 1437
f 1381 1421 1438
f 1381 1438 1439
f 1440 1441 1442
f 1440 1442 1443
f 1408 1420 1444
f 1408 1444 1445
f 1443 1442 1446
f 1443 1446 1447
f 1448 1121 1324
f 1448 1324 1364
f 1336 1209 1339
f 1336 1339 1449
f 1447 1446 1275
f 1447 1275 1450
f 1337 1336 1451
f 1337 1451 1452
f 1453 1454 1455
f 1453 1455 1456
f 1457 1139 1138
f 1171 1170 1458
f 1385 1340 1425
f 1385 1425 1459
f 1460 1431 1461
f 1460 1461 1462
f 1463 1464 1461
f 1463 1461 1465
f 1466 1463 1465
f 1466 1465 1467
f 1468 1466 1467
f 1468 1467 1469
f 1434 1272 1470
f 1434 1470 1471
f 1356 362 400
f 1356 400 1353
f 1472 1473 1474
f 1472 1474 1475
f 1361 1476 1477
f 1361 1477 1103
f 1101 1478 1479
f 1101 1479 1098
f 1119 1118 1480
f 1119 1480 1401
f 1481 1482 1473
f 1481 1473 1472
f 1450 1275 1274
f 1450 1274 1483
f 1484 1485 1486
f 1484 1486 1487
f 1488 1489 1490
f 1488 1490 1491
f 1492 1151 1493
f 1201 1494 1495
f 1201 1495 1202
f 1496 1497 1498
f 1496 1498 1499
f 1500 1464 1501
f 1500 1501 1502
f 1464 1463 1503
f 1464 1503 1501
f 1504 1503 1463
f 1504 1463 1466
f 1505 1504 1466
f 1505 1466 1468
f 1506 1262 1258
f 1506 1258 1507
f 1376 1400 437
f 1376 437 326
f 1508 1509 1482
f 1508 1482 1481
f 1445 1357 1409
f 1445 1409 1408
f 1510 1511 1410
f 1510 1410 1512
f 1114 1117 1513
f 1114 1513 1514
f 1515 1328 1516
f 1515 1516 1517
f 1518 1338 1212
f 1518 1212 1380
f 1380 1162 1161
f 1380 1161 1486
f 1154 1519 1089
f 1154 1089 1155
f 1520 1325 1328
f 1520 1328 1515
f 1451 1336 1449
f 1451 1449 1521
f 1522 1523 1524
f 1522 1524 1423
f 1502 1501 1525
f 1502 1525 1526
f 1501 1503 1527
f 1501 1527 1525
f 1528 1527 1503
f 1528 1503 1504
f 1529 1528 1504
f 1529 1504 1505
f 1507 1258 1261
f 1507 1261 1530
f 461 1435 1437
f 461 1437 462
f 1358 1325 1520
f 1358 1520 1196
f 1165 1531 1532
f 1165 1532 1166
f 1533 1534 1535
f 1533 1535 1536
f 1537 1538 1539
f 1537 1539 1540
f 1355 1541 1542
f 1355 1542 1365
f 1205 1208 1543
f 1205 1543 1544
f 1485 1518 1380
f 1485 1380 1486
f 1545 1136 1139
f 1545 1139 1546
f 1547 1118 1121
f 1547 1121 1448
f 1548 1549 1173
f 1548 1173 1550
f 1386 1385 1551
f 1386 1551 1552
f 1526 1525 1553
f 1526 1553 1554
f 1527 1555 1553
f 1527 1553 1525
f 1556 1557 1555
f 1556 1555 1558
f 1559 1556 1558
f 1559 1558 1560
f 1530 1261 1561
f 1530 1561 1562
f 495 1472 1475
f 495 1475 496
f 1563 1564 1565
f 1563 1565 1566
f 1360 1359 1567
f 1360 1567 1512
f 1328 1327 1568
f 1328 1568 1516
f 1358 1534 1533
f 1569 1563 1570
f 1569 1570 1571
f 1089 1088 1141
f 1089 1141 1155
f 1550 1173 1136
f 1550 1136 1545
f 1154 1549 1519
f 1135 1572 1573
f 1135 1573 1574
f 1575 1535 1534
f 1575 1534 1335
f 1576 1577 1578
f 1576 1578 1579
f 1580 1424 1343
f 1580 1343 1427
f 1579 1581 1582
f 1579 1582 1576
f 1583 1584 1585
f 1583 1585 1586
f 1557 1587 1585
f 1557 1585 1584
f 1588 1589 1587
f 1588 1587 1590
f 1591 1588 1590
f 1591 1590 1592
f 1308 1310 1593
f 1308 1593 1594
f 529 1481 1472
f 529 1472 495
f 1322 1595 1596
f 1322 1596 1597
f 1598 1599 1595
f 1598 1595 1600
f 1601 1602 538
f 1601 538 537
f 1603 1602 1604
f 1603 1604 1605
f 1606 1607 1234
f 1606 1234 1233
f 1537 1608 1604
f 1537 1604 1609
f 1610 1611 1608
f 1610 1608 1537
f 1573 1612 1611
f 1573 1611 1610
f 1246 1295 1613
f 1246 1613 1235
f 1614 1615 1616
f 1614 1616 1617
f 1427 1426 1618
f 1427 1618 1619
f 1617 1620 1621
f 1617 1621 1614
f 1622 1623 1624
f 1622 1624 1625
f 1623 1626 1627
f 1623 1627 1624
f 1628 1629 1627
f 1628 1627 1630
f 1631 1628 1630
f 1631 1630 1632
f 1633 1634 1635
f 1633 1635 1636
f 574 1508 1481
f 574 1481 529
f 1572 1637 1612
f 1572 1612 1573
f 1638 1639 1637
f 1638 1637 1572
f 1618 1640 1639
f 1618 1639 1638
f 1255 1641 1301
f 1255 1301 1252
f 1231 1234 1236
f 1231 1236 1642
f 1249 1292 1295
f 1249 1295 1246
f 1643 1644 1635
f 1643 1635 1634
f 1645 1646 1631
f 1645 1631 1647
f 1617 1616 1648
f 1617 1648 1649
f 1649 1648 1650
f 1649 1650 1651
f 1551 1385 1459
f 1551 1459 1652
f 1649 1653 1620
f 1649 1620 1617
f 1654 1655 1656
f 1654 1656 1657
f 1655 1629 1658
f 1655 1658 1656
f 1659 1658 1629
f 1659 1629 1628
f 1246 1235 1237
f 1246 1237 1247
f 1491 1248 1247
f 1491 1247 1488
f 598 1515 1517
f 598 1517 599
f 1660 1532 1531
f 1660 1531 1426
f 1165 1511 1640
f 1165 1640 1531
f 1661 1641 1312
f 1661 1312 1311
f 1235 1613 1661
f 1235 1661 1236
f 1210 1337 1662
f 1210 1662 1663
f 1299 1250 1253
f 1299 1253 1664
f 606 1571 605
f 1479 1482 1509
f 1479 1509 1665
f 1579 1578 1666
f 1579 1666 1667
f 1319 1668 1669
f 1319 1669 1670
f 1649 1651 1671
f 1649 1671 1653
f 1657 1656 1455
f 1657 1455 1454
f 1656 1658 1672
f 1656 1672 1455
f 1673 1674 1672
f 1673 1672 1675
f 1249 1248 1676
f 1249 1676 1315
f 1488 1247 1237
f 1488 1237 1677
f 1206 1205 1670
f 1206 1670 1669
f 1482 1479 1478
f 1482 1478 1473
f 1595 1322 1321
f 1595 1321 1600
f 1678 1679 1680
f 1678 1680 1681
f 1682 1678 1681
f 1682 1681 1683
f 1510 1639 1640
f 1510 1640 1511
f 1476 1436 1474
f 1476 1474 1477
f 1541 1355 1354
f 1541 1354 1684
f 1512 1567 1685
f 1512 1685 1510
f 1686 1194 1088
f 1686 1088 1087
f 629 1520 1515
f 629 1515 598
f 1564 1687 1540
f 1564 1540 1539
f 1591 1688 1689
f 1591 1689 1588
f 1588 1689 1626
f 1588 1626 1589
f 1623 1690 1589
f 1623 1589 1626
f 1496 1499 1691
f 1496 1691 1667
f 1692 1580 1427
f 1692 1427 1619
f 1603 1317 637
f 1603 637 636
f 1693 1415 1411
f 1693 1411 1694
f 1695 1141 1140
f 1695 1140 1696
f 1697 1141 1695
f 1697 1695 1126
f 1329 1202 1495
f 1329 1495 1698
f 1325 1358 1357
f 1325 1357 1326
f 1699 1493 1151
f 1699 1151 1377
f 1567 1536 1700
f 1567 1700 1685
f 1701 1702 1538
f 1701 1538 1703
f 1345 1213 1216
f 1345 1216 1346
f 1704 1705 1706
f 1704 1706 1707
f 1708 1132 1135
f 1708 1135 1574
f 1207 1097 1096
f 1207 1096 1709
f 1710 1711 1452
f 1710 1452 1451
f 1175 1681 1680
f 1175 1680 1712
f 1670 1205 1544
f 1670 1544 1713
f 1714 1682 1683
f 1714 1683 1548
f 1550 1545 1715
f 1550 1715 1716
f 1674 1673 1717
f 1674 1717 1718
f 1719 1456 1674
f 1719 1674 1718
f 1453 1456 1719
f 1453 1719 1720
f 1721 1722 1717
f 1721 1717 1673
f 1219 1351 1348
f 1219 1348 1218
f 1723 1724 1634
f 1723 1634 1633
f 1546 1139 1725
f 1546 1725 1726
f 1457 1138 1152
f 1457 1152 1727
f 117 1196 1520
f 117 1520 629
f 1110 1327 1326
f 1110 1326 1728
f 1359 1358 1533
f 1173 1549 1154
f 1173 1154 1174
f 1729 1730 1099
f 1729 1099 1098
f 1731 1732 1090
f 1731 1090 1172
f 1681 1175 1178
f 1681 1178 1683
f 1733 1734 1732
f 1733 1732 1735
f 1736 1737 1738
f 1736 1738 1739
f 1171 1458 1740
f 1171 1740 1741
f 1392 1344 1347
f 1392 1347 1393
f 1742 1743 1552
f 1742 1552 1551
f 1350 1398 1396
f 1350 1396 1349
f 1744 1228 1271
f 1744 1271 1268
f 1272 1271 1745
f 1272 1745 1470
f 1278 1284 1281
f 1278 1281 1280
f 1276 1275 1446
f 1276 1446 1407
f 1264 1279 1746
f 1264 1746 1265
f 1280 1279 1264
f 1280 1264 1278
f 1346 1216 1218
f 1346 1218 1348
f 1396 1393 1347
f 1396 1347 1349
f 1747 1705 1704
f 1747 1704 1748
f 1388 1747 1748
f 1388 1748 1389
f 1089 1519 1749
f 1089 1749 1086
f 1705 1747 1750
f 1705 1750 1751
f 1752 1342 1341
f 1752 1341 1753
f 1660 1487 1486
f 1660 1486 1161
f 1536 1567 1359
f 1536 1359 1533
f 1110 1728 1754
f 1110 1754 1111
f 1663 1662 1755
f 1663 1755 1737
f 1081 1756 1757
f 1081 1757 1082
f 1196 1195 1316
f 1445 1444 1754
f 1445 1754 1728
f 1614 1621 1758
f 1614 1758 1759
f 1388 1760 1750
f 1388 1750 1747
f 1423 1422 1761
f 1423 1761 1522
f 1429 1762 1763
f 1429 1763 1387
f 1714 1548 1550
f 1714 1550 1716
f 1638 1764 1619
f 1638 1619 1618
f 1765 1766 1725
f 1765 1725 1767
f 1766 1765 1179
f 1766 1179 1768
f 1768 1179 1182
f 1768 1182 1712
f 1176 1175 1712
f 1176 1712 1182
f 1409 1357 1360
f 637 1317 1195
f 637 1195 116
f 1144 1769 1770
f 1144 1770 1145
f 1317 1603 1605
f 1317 1605 1318
f 1742 1551 1652
f 1742 1652 1771
f 1772 1768 1712
f 1772 1712 1680
f 1563 1569 1687
f 1563 1687 1564
f 1512 1410 1409
f 1512 1409 1360
f 1540 1596 1610
f 1540 1610 1537
f 1569 1668 1597
f 1569 1597 1687
f 1709 1096 1638
f 1709 1638 1572
f 1206 1743 1097
f 1206 1097 1207
f 1342 1752 1660
f 1342 1660 1426
f 1386 1711 1753
f 1386 1753 1341
f 1687 1597 1596
f 1687 1596 1540
f 1610 1599 1574
f 1610 1574 1573
f 1319 1670 1713
f 1319 1713 1320
f 1564 1539 1773
f 1564 1773 1565
f 1225 1222 1221
f 1225 1221 1229
f 1217 1717 1722
f 1217 1722 1220
f 1718 1717 1217
f 1718 1217 1215
f 1719 1718 1215
f 1719 1215 1214
f 1228 1744 1222
f 1228 1222 1225
f 1176 1182 1181
f 1176 1181 1707
f 1704 1707 1774
f 1704 1774 1775
f 1776 1748 1704
f 1776 1704 1775
f 1389 1748 1776
f 1389 1776 1777
f 1390 1389 1777
f 1390 1777 1778
f 1460 1428 1390
f 1460 1390 1778
f 1622 1779 1690
f 1622 1690 1623
f 1431 1460 1778
f 1431 1778 1391
f 1777 1392 1391
f 1777 1391 1778
f 1776 1344 1392
f 1776 1392 1777
f 1344 1776 1775
f 1344 1775 1345
f 1774 1213 1345
f 1774 1345 1775
f 1780 1214 1213
f 1780 1213 1774
f 1720 1719 1214
f 1720 1214 1780
f 1428 1460 1462
f 1428 1462 1781
f 1761 1500 1502
f 1761 1502 1522
f 1522 1502 1526
f 1522 1526 1523
f 1523 1526 1554
f 1523 1554 1498
f 1499 1583 1586
f 1499 1586 1691
f 1582 1581 1779
f 1582 1779 1622
f 1582 1622 1625
f 1582 1625 1671
f 1653 1654 1657
f 1653 1657 1620
f 1334 1648 1616
f 1334 1616 1204
f 1720 1180 1758
f 1720 1758 1453
f 1429 1428 1781
f 1429 1781 1782
f 1783 1524 1497
f 1783 1497 1784
f 1383 1423 1524
f 1383 1524 1783
f 1762 1429 1782
f 1762 1782 1785
f 1204 1616 1615
f 1204 1615 1201
f 1200 1578 1577
f 1200 1577 1197
f 1767 1457 1786
f 1767 1786 1759
f 1412 1783 1784
f 1412 1784 1419
f 1384 1383 1783
f 1384 1783 1412
f 1197 1577 1650
f 1197 1650 1787
f 1288 1788 1270
f 1288 1270 1269
f 1287 1789 1788
f 1287 1788 1288
f 1290 1790 1789
f 1290 1789 1287
f 1223 1791 1790
f 1223 1790 1290
f 1222 1746 1791
f 1222 1791 1223
f 1792 1793 1632
f 1792 1632 1688
f 1304 1794 1644
f 1304 1644 1643
f 1795 1593 1310
f 1795 1310 1302
f 1796 1722 1721
f 1796 1721 1797
f 1798 1220 1722
f 1798 1722 1796
f 1799 1219 1220
f 1799 1220 1798
f 1800 1351 1219
f 1800 1219 1799
f 1801 1350 1351
f 1801 1351 1800
f 1802 1398 1350
f 1802 1350 1801
f 1803 1397 1398
f 1803 1398 1802
f 1804 1433 1397
f 1804 1397 1803
f 1805 1468 1469
f 1805 1469 1806
f 1807 1505 1468
f 1807 1468 1805
f 1808 1529 1505
f 1808 1505 1807
f 1809 1559 1560
f 1809 1560 1810
f 1811 1591 1592
f 1811 1592 1812
f 1792 1688 1591
f 1792 1591 1811
f 1633 1636 1793
f 1633 1793 1792
f 1813 1814 1815
f 1813 1815 1816
f 1813 1594 1593
f 1813 1593 1814
f 1796 1797 1230
f 1796 1230 1229
f 1796 1229 1221
f 1796 1221 1798
f 1224 1799 1798
f 1224 1798 1221
f 1800 1799 1224
f 1800 1224 1291
f 1800 1291 1286
f 1800 1286 1801
f 1802 1801 1286
f 1802 1286 1285
f 1802 1285 1399
f 1802 1399 1803
f 1399 1434 1804
f 1399 1804 1803
f 1434 1471 1806
f 1434 1806 1804
f 1506 1507 1807
f 1506 1807 1805
f 1507 1530 1808
f 1507 1808 1807
f 1808 1530 1562
f 1808 1562 1810
f 1723 1633 1792
f 1723 1792 1811
f 1816 1815 1812
f 1816 1812 1809
f 1097 1743 1742
f 1097 1742 1094
f 1817 1692 1619
f 1817 1619 1764
f 1177 1519 1549
f 1177 1549 1178
f 1705 1751 1749
f 1705 1749 1706
f 1483 1751 1750
f 1483 1750 1450
f 1760 1388 1387
f 1760 1387 1763
f 1725 1139 1457
f 1725 1457 1767
f 1447 1760 1763
f 1447 1763 1443
f 1443 1763 1762
f 1443 1762 1440
f 1440 1762 1785
f 1440 1785 1439
f 1450 1750 1760
f 1450 1760 1447
f 1416 1818 1666
f 1416 1666 1379
f 1546 1726 1819
f 1546 1819 1820
f 1638 1096 1095
f 1638 1095 1764
f 1726 1821 1822
f 1726 1822 1819
f 1821 1772 1823
f 1821 1823 1822
f 1772 1680 1679
f 1772 1679 1823
f 1766 1821 1726
f 1766 1726 1725
f 1597 1668 1319
f 1597 1319 1322
f 1821 1766 1768
f 1821 1768 1772
f 1685 1637 1639
f 1685 1639 1510
f 1685 1700 1612
f 1685 1612 1637
f 1700 1824 1611
f 1700 1611 1612
f 1824 1825 1608
f 1824 1608 1611
f 1825 1605 1604
f 1825 1604 1608
f 1358 1196 1335
f 1358 1335 1534
f 1609 1604 1602
f 1609 1602 1601
f 1603 636 538
f 1603 538 1602
f 1138 1769 1144
f 1138 1144 1152
f 1826 1699 1696
f 1826 1696 1827
f 1318 1605 1825
f 1318 1825 1575
f 1575 1825 1824
f 1575 1824 1535
f 1699 1377 1695
f 1699 1695 1696
f 1168 1410 1511
f 1168 1511 1165
f 1828 1697 1126
f 1828 1126 1129
f 1536 1535 1824
f 1536 1824 1700
f 1208 1134 1133
f 1208 1133 1543
f 1151 1492 1727
f 1151 1727 1152
f 1140 1829 1827
f 1140 1827 1696
f 1140 1088 1194
f 1140 1194 1193
f 1660 1752 1830
f 1660 1830 1487
f 1657 1454 1621
f 1657 1621 1620
f 1831 1084 1458
f 1831 1458 1170
f 1755 1832 1833
f 1755 1833 1834
f 1727 1492 1495
f 1727 1495 1494
f 1831 1662 1080
f 1831 1080 1084
f 1835 1836 1736
f 1835 1736 1739
f 1755 1662 1831
f 1755 1831 1832
f 1232 1227 1226
f 1232 1226 1233
f 1456 1455 1672
f 1456 1672 1674
f 1740 1458 1837
f 1740 1837 1698
f 1659 1675 1672
f 1659 1672 1658
f 1817 1764 1095
f 1817 1095 1838
f 1710 1451 1521
f 1710 1521 1839
f 1840 1841 1153
f 1840 1153 1156
f 1842 1843 1844
f 1842 1844 1845
f 1846 1847 1848
f 1846 1848 1849
f 1309 1241 1240
f 1309 1240 1257
f 1230 1606 1233
f 1230 1233 1226
f 1732 1731 1850
f 1732 1850 1735
f 1846 1137 1174
f 1846 1174 1847
f 1737 1736 1851
f 1737 1851 1663
f 1852 1853 1850
f 1852 1850 1731
f 1841 1848 1847
f 1841 1847 1153
f 1598 1708 1574
f 1598 1574 1599
f 1154 1153 1847
f 1154 1847 1174
f 1141 1697 1156
f 1141 1156 1155
f 1753 1711 1710
f 1753 1710 1854
f 1183 1186 1092
f 1183 1092 1142
f 1727 1494 1786
f 1727 1786 1457
f 1769 1846 1849
f 1769 1849 1770
f 1769 1138 1137
f 1769 1137 1846
f 1126 1695 1377
f 1126 1377 1127
f 1755 1834 1738
f 1755 1738 1737
f 1826 1827 1855
f 1826 1855 1856
f 1318 1575 1335
f 1318 1335 1316
f 1857 1493 1699
f 1857 1699 1826
f 1492 1493 1741
f 1492 1741 1740
f 1081 1080 1662
f 1081 1662 1337
f 1610 1596 1595
f 1610 1595 1599
f 1546 1820 1715
f 1546 1715 1545
f 1858 1169 1093
f 1858 1093 1859
f 1843 1860 1859
f 1843 1859 1844
f 1828 1840 1156
f 1828 1156 1697
f 1549 1548 1683
f 1549 1683 1178
f 1742 1771 1861
f 1742 1861 1094
f 1862 1855 1827
f 1862 1827 1829
f 1829 1140 1193
f 1829 1193 1863
f 1185 1851 1736
f 1185 1736 1836
f 1185 1836 1845
f 1185 1845 1186
f 1572 1135 1134
f 1572 1134 1709
f 1864 1858 1865
f 1864 1865 1866
f 1090 1093 1169
f 1090 1169 1172
f 1857 1826 1856
f 1857 1856 1867
f 1858 1859 1860
f 1858 1860 1865
f 1493 1857 1868
f 1493 1868 1741
f 1844 1092 1186
f 1844 1186 1845
f 1869 1862 1829
f 1869 1829 1863
f 1710 1839 1870
f 1710 1870 1854
f 1835 1842 1845
f 1835 1845 1836
f 1092 1844 1859
f 1092 1859 1093
f 1170 1864 1832
f 1170 1832 1831
f 1095 1094 1861
f 1095 1861 1838
f 1868 1857 1867
f 1868 1867 1871
f 1208 1207 1709
f 1208 1709 1134
f 1854 1830 1752
f 1854 1752 1753
f 1484 1487 1830
f 1484 1830 1872
f 1091 1734 1863
f 1091 1863 1193
f 1832 1864 1866
f 1832 1866 1833
f 1162 1185 1184
f 1162 1184 1163
f 1864 1170 1169
f 1864 1169 1858
f 1830 1854 1870
f 1830 1870 1872
f 1852 1171 1741
f 1852 1741 1868
f 1733 1869 1863
f 1733 1863 1734
f 1091 1090 1732
f 1091 1732 1734
f 1162 1211 1851
f 1162 1851 1185
f 1702 1773 1539
f 1702 1539 1538
f 1172 1171 1852
f 1172 1852 1731
f 1852 1868 1871
f 1852 1871 1853
f 1873 1541 1684
f 1873 1684 1874
f 1538 1537 1609
f 1538 1609 1703
f 1570 1563 1566
f 1570 1566 1875
f 1098 1479 1665
f 1098 1665 1729
f 1729 1665 1568
f 1729 1568 1113
f 1876 1542 1541
f 1876 1541 1873
f 1756 1514 1513
f 1756 1513 1757
f 1874 1684 1480
f 1874 1480 1877
f 1426 1531 1640
f 1426 1640 1618
f 1663 1851 1211
f 1663 1211 1210
f 1878 1879 1880
f 1878 1880 1881
f 1882 1883 1878
f 1882 1878 1881
f 1879 1878 537
f 1879 537 829
f 1884 1885 1880
f 1884 1880 1879
f 1601 537 1878
f 1601 1878 1883
f 1882 1701 1703
f 1882 1703 1883
f 829 605 1884
f 829 1884 1879
f 1884 1570 1875
f 1884 1875 1885
f 1601 1883 1703
f 1601 1703 1609
f 1728 1326 1357
f 1728 1357 1445
f 1884 605 1571
f 1884 1571 1570
f 1660 1161 1164
f 1660 1164 1532
f 1886 1887 1888
f 1886 1888 1889
f 1890 1891 1887
f 1890 1887 1886
f 1111 1754 1892
f 1111 1892 1893
f 1894 1892 1891
f 1894 1891 1890
f 1889 1888 1895
f 1889 1895 1896
f 1167 1888 1887
f 1167 1887 1420
f 1420 1887 1891
f 1420 1891 1444
f 1163 1896 1895
f 1163 1895 1164
f 1444 1891 1892
f 1444 1892 1754
f 1166 1895 1888
f 1166 1888 1167
f 1166 1532 1164
f 1166 1164 1895
f 1897 1100 1099
f 1897 1099 1898
f 1899 1362 1102
f 1899 1102 1900
f 1901 1730 1112
f 1901 1112 1902
f 1874 1149 1148
f 1874 1148 1873
f 1448 1159 1158
f 1448 1158 1547
f 1547 1158 1187
f 1547 1187 1877
f 1873 1148 1332
f 1873 1332 1876
f 1160 1159 1363
f 1160 1363 1903
f 1898 1099 1730
f 1898 1730 1901
f 1904 1905 1906
f 1904 1906 1907
f 1908 1111 1893
f 1908 1893 1909
f 1910 1911 1905
f 1910 1905 1904
f 1909 1912 1913
f 1909 1913 1908
f 1908 1913 1914
f 1908 1914 1902
f 1901 1915 1916
f 1901 1916 1898
f 1898 1916 1917
f 1898 1917 1897
f 1897 1917 1918
f 1897 1918 1900
f 1899 1919 1920
f 1899 1920 1903
f 1160 1921 1922
f 1160 1922 1157
f 1157 1922 1923
f 1157 1923 1188
f 1150 1924 1925
f 1150 1925 1147
f 1147 1925 1926
f 1147 1926 1331
f 1458 1084 1085
f 1458 1085 1837
f 1890 1927 1928
f 1890 1928 1894
f 1886 1929 1927
f 1886 1927 1890
f 1889 1930 1929
f 1889 1929 1886
f 1889 1896 1931
f 1889 1931 1930
f 1194 1686 1932
f 1194 1932 1142
f 1184 1183 1933
f 1184 1933 1931
f 1183 1142 1932
f 1183 1932 1933
f 1483 1274 1087
f 1483 1087 1086
f 1163 1184 1931
f 1163 1931 1896
f 1928 1934 1913
f 1928 1913 1912
f 1927 1935 1934
f 1927 1934 1928
f 1929 1694 1935
f 1929 1935 1927
f 1930 1693 1694
f 1930 1694 1929
f 1931 1933 1693
f 1931 1693 1930
f 1894 1936 1937
f 1894 1937 1892
f 1892 1937 1938
f 1892 1938 1893
f 1893 1938 1939
f 1893 1939 1909
f 1909 1939 1940
f 1909 1940 1912
f 1912 1940 1941
f 1912 1941 1928
f 1928 1941 1936
f 1928 1936 1894
f 1936 1942 1943
f 1936 1943 1937
f 1937 1943 1944
f 1937 1944 1938
f 1938 1944 1945
f 1938 1945 1939
f 1939 1945 1946
f 1939 1946 1940
f 1940 1946 1947
f 1940 1947 1941
f 1941 1947 1942
f 1941 1942 1936
f 1942 1907 1948
f 1942 1948 1943
f 1943 1948 1949
f 1943 1949 1944
f 1944 1949 1950
f 1944 1950 1945
f 1945 1950 1910
f 1945 1910 1946
f 1946 1910 1904
f 1946 1904 1947
f 1947 1904 1907
f 1947 1907 1942
f 1907 1906 1951
f 1907 1951 1948
f 1948 1951 1952
f 1948 1952 1949
f 1949 1952 1953
f 1949 1953 1950
f 1950 1953 1911
f 1950 1911 1910
f 1273 1415 1932
f 1273 1932 1686
f 1933 1932 1415
f 1933 1415 1693
f 1919 1367 1106
f 1919 1106 1920
f 1921 1105 1109
f 1921 1109 1922
f 1924 1124 1123
f 1924 1123 1925
f 1922 1109 1130
f 1922 1130 1923
f 1913 1403 1191
f 1913 1191 1914
f 1925 1123 1330
f 1925 1330 1926
f 1917 1372 1368
f 1917 1368 1918
f 1916 1373 1372
f 1916 1372 1917
f 1915 1190 1373
f 1915 1373 1916
f 1934 1404 1403
f 1934 1403 1913
f 1935 1406 1404
f 1935 1404 1934
f 1694 1411 1406
f 1694 1406 1935
f 1273 1686 1087
f 1273 1087 1274
f 1483 1086 1749
f 1483 1749 1751
f 1177 1706 1749
f 1177 1749 1519
f 1176 1707 1706
f 1176 1706 1177
f 1228 1227 1745
f 1228 1745 1271
f 1774 1707 1181
f 1774 1181 1780
f 1780 1181 1180
f 1780 1180 1720
f 1765 1758 1180
f 1765 1180 1179
f 1453 1758 1621
f 1453 1621 1454
f 1767 1759 1758
f 1767 1758 1765
f 1614 1759 1786
f 1614 1786 1615
f 1330 1837 1085
f 1330 1085 1926
f 1615 1786 1494
f 1615 1494 1201
f 1331 1083 1082
f 1331 1082 1332
f 1926 1085 1083
f 1926 1083 1331
f 1365 1117 1116
f 1365 1116 1352
f 606 276 1116
f 606 1116 1115
f 1542 1513 1117
f 1542 1117 1365
f 1740 1698 1495
f 1740 1495 1492
f 1332 1082 1757
f 1332 1757 1876
f 1329 1698 1837
f 1329 1837 1330
f 1876 1757 1513
f 1876 1513 1542
f 1104 1199 1198
f 1104 1198 1108
f 1122 1203 1202
f 1122 1202 1329
f 1125 1333 1203
f 1125 1203 1122
f 1334 1333 1370
f 1334 1370 1787
f 1366 1417 1378
f 1366 1378 1107
f 1374 1414 1413
f 1374 1413 1371
f 1371 1413 1418
f 1371 1418 1369
f 1189 1421 1414
f 1189 1414 1374
f 1402 1441 1438
f 1402 1438 1192
f 1405 1442 1441
f 1405 1441 1402
f 1407 1446 1442
f 1407 1442 1405
f 1267 1266 1270
f 1267 1270 1289
f 1744 1265 1746
f 1744 1746 1222
f 1268 1266 1265
f 1268 1265 1744
f 1279 1282 1791
f 1279 1791 1746
f 1284 1789 1790
f 1284 1790 1281
f 1283 1788 1789
f 1283 1789 1284
f 1281 1790 1791
f 1281 1791 1282
f 1289 1270 1788
f 1289 1788 1283
f 1642 1260 1259
f 1642 1259 1231
f 1232 1263 1745
f 1232 1745 1227
f 1231 1259 1263
f 1231 1263 1232
f 1724 1814 1593
f 1724 1593 1795
f 1724 1795 1643
f 1724 1643 1634
f 1607 1677 1237
f 1607 1237 1234
f 1673 1675 1645
f 1673 1645 1954
f 1230 1797 1955
f 1230 1955 1606
f 1631 1490 1489
f 1631 1489 1647
f 1677 1956 1489
f 1677 1489 1488
f 1607 1606 1955
f 1607 1955 1957
f 1797 1721 1958
f 1797 1958 1955
f 1721 1673 1954
f 1721 1954 1958
f 1677 1607 1957
f 1677 1957 1956
f 1957 1959 1960
f 1957 1960 1956
f 1956 1960 1647
f 1956 1647 1489
f 1628 1631 1646
f 1628 1646 1659
f 1954 1960 1959
f 1954 1959 1958
f 1645 1647 1960
f 1645 1960 1954
f 1955 1958 1959
f 1955 1959 1957
f 1675 1659 1646
f 1675 1646 1645
f 1302 1304 1643
f 1302 1643 1795
f 1642 1311 1961
f 1642 1961 1260
f 1115 1569 1571
f 1302 1310 1257
f 1302 1257 1256
f 1813 1561 1962
f 1813 1962 1594
f 1308 1594 1962
f 1308 1962 1963
f 1366 1107 1106
f 1366 1106 1367
f 1476 1324 1323
f 1476 1323 1436
f 1448 1364 1363
f 1448 1363 1159
f 1416 1379 1378
f 1416 1378 1417
f 1375 1437 1323
f 1375 1323 1120
f 1361 1364 1324
f 1361 1324 1476
f 325 462 1437
f 325 1437 1375
f 1779 1586 1585
f 1779 1585 1690
f 1690 1585 1587
f 1690 1587 1589
f 1556 1590 1587
f 1556 1587 1557
f 1559 1592 1590
f 1559 1590 1556
f 1496 1667 1666
f 1496 1666 1818
f 1579 1667 1691
f 1579 1691 1581
f 1581 1691 1586
f 1581 1586 1779
f 1809 1812 1592
f 1809 1592 1559
f 1811 1812 1815
f 1811 1815 1723
f 1200 1379 1666
f 1200 1666 1578
f 1899 1903 1363
f 1899 1363 1362
f 1160 1903 1920
f 1160 1920 1921
f 1921 1920 1106
f 1921 1106 1105
f 1104 1107 1378
f 1104 1378 1199
f 1723 1815 1814
f 1723 1814 1724
f 1961 1311 1314
f 1961 1314 1963
f 1115 1668 1569
f 1304 1303 1964
f 1304 1964 1794
f 1115 1114 1669
f 1115 1669 1668
f 1114 1206 1669
f 1114 1743 1206
f 1452 1711 1756
f 1452 1756 1081
f 1236 1661 1311
f 1236 1311 1642
f 1756 1711 1386
f 1552 1514 1756
f 1552 1756 1386
f 1743 1114 1514
f 1743 1514 1552
f 1081 1337 1452
f 606 1115 1571
f 1865 1965 1966
f 1865 1966 1866
f 1860 1967 1965
f 1860 1965 1865
f 1866 1966 1968
f 1866 1968 1833
f 1843 1969 1967
f 1843 1967 1860
f 1833 1968 1970
f 1833 1970 1834
f 1842 1971 1969
f 1842 1969 1843
f 1834 1970 1972
f 1834 1972 1738
f 1835 1973 1971
f 1835 1971 1842
f 1738 1972 1974
f 1738 1974 1739
f 1739 1974 1973
f 1739 1973 1835
f 1129 1975 1976
f 1129 1976 1828
f 1128 1977 1975
f 1128 1975 1129
f 1828 1976 1978
f 1828 1978 1840
f 1146 1979 1977
f 1146 1977 1128
f 1840 1978 1980
f 1840 1980 1841
f 1145 1981 1979
f 1145 1979 1146
f 1841 1980 1982
f 1841 1982 1848
f 1770 1983 1981
f 1770 1981 1145
f 1848 1982 1984
f 1848 1984 1849
f 1849 1984 1983
f 1849 1983 1770
f 1838 1985 1986
f 1838 1986 1817
f 1861 1987 1985
f 1861 1985 1838
f 1817 1986 1988
f 1817 1988 1692
f 1771 1989 1987
f 1771 1987 1861
f 1692 1988 1990
f 1692 1990 1580
f 1652 1991 1989
f 1652 1989 1771
f 1580 1990 1992
f 1580 1992 1424
f 1459 1993 1991
f 1459 1991 1652
f 1424 1992 1994
f 1424 1994 1425
f 1425 1994 1993
f 1425 1993 1459
f 1820 1995 1996
f 1820 1996 1715
f 1819 1997 1995
f 1819 1995 1820
f 1715 1996 1998
f 1715 1998 1716
f 1822 1999 1997
f 1822 1997 1819
f 1716 1998 2000
f 1716 2000 1714
f 1823 2001 1999
f 1823 1999 1822
f 1714 2000 2002
f 1714 2002 1682
f 1679 2003 2001
f 1679 2001 1823
f 1682 2002 2004
f 1682 2004 1678
f 1678 2004 2003
f 1678 2003 1679
f 1338 2005 2006
f 1338 2006 1339
f 1339 2006 2007
f 1339 2007 1449
f 1518 2008 2005
f 1518 2005 1338
f 1449 2007 2009
f 1449 2009 1521
f 1485 2010 2008
f 1485 2008 1518
f 1521 2009 2011
f 1521 2011 1839
f 1484 2012 2010
f 1484 2010 1485
f 1839 2011 2013
f 1839 2013 1870
f 1872 2014 2012
f 1872 2012 1484
f 1870 2013 2014
f 1870 2014 1872
f 1598 2015 2016
f 1598 2016 1708
f 1708 2016 2017
f 1708 2017 1132
f 1600 2018 2015
f 1600 2015 1598
f 1132 2017 2019
f 1132 2019 1133
f 1321 2020 2018
f 1321 2018 1600
f 1133 2019 2021
f 1133 2021 1543
f 1320 2022 2020
f 1320 2020 1321
f 1543 2021 2023
f 1543 2023 1544
f 1713 2024 2022
f 1713 2022 1320
f 1544 2023 2024
f 1544 2024 1713
f 1871 2025 2026
f 1871 2026 1853
f 1867 2027 2025
f 1867 2025 1871
f 1853 2026 2028
f 1853 2028 1850
f 1856 2029 2027
f 1856 2027 1867
f 1850 2028 2030
f 1850 2030 1735
f 1855 2031 2029
f 1855 2029 1856
f 1735 2030 2032
f 1735 2032 1733
f 1862 2033 2031
f 1862 2031 1855
f 1733 2032 2034
f 1733 2034 1869
f 1869 2034 2033
f 1869 2033 1862
f 1773 2035 2036
f 1773 2036 1565
f 1565 2036 2037
f 1565 2037 1566
f 1702 2038 2035
f 1702 2035 1773
f 1566 2037 2039
f 1566 2039 1875
f 1701 2040 2038
f 1701 2038 1702
f 1875 2039 2041
f 1875 2041 1885
f 1882 2042 2040
f 1882 2040 1701
f 1885 2041 2043
f 1885 2043 1880
f 1881 2044 2042
f 1881 2042 1882
f 1880 2043 2044
f 1880 2044 1881
f 1965 2045 2046
f 1965 2046 1966
f 1967 2047 2045
f 1967 2045 1965
f 1966 2046 2048
f 1966 2048 1968
f 1969 2049 2047
f 1969 2047 1967
f 1968 2048 2050
f 1968 2050 1970
f 1971 2051 2049
f 1971 2049 1969
f 1970 2050 2052
f 1970 2052 1972
f 1973 2053 2051
f 1973 2051 1971
f 1972 2052 2054
f 1972 2054 1974
f 1974 2054 2053
f 1974 2053 1973
f 1975 2055 2056
f 1975 2056 1976
f 1977 2057 2055
f 1977 2055 1975
f 1976 2056 2058
f 1976 2058 1978
f 1979 2059 2057
f 1979 2057 1977
f 1978 2058 2060
f 1978 2060 1980
f 1981 2061 2059
f 1981 2059 1979
f 1980 2060 2062
f 1980 2062 1982
f 1983 2063 2061
f 1983 2061 1981
f 1982 2062 2064
f 1982 2064 1984
f 1984 2064 2063
f 1984 2063 1983
f 1985 2065 2066
f 1985 2066 1986
f 1987 2067 2065
f 1987 2065 1985
f 1986 2066 2068
f 1986 2068 1988
f 1989 2069 2067
f 1989 2067 1987
f 1988 2068 2070
f 1988 2070 1990
f 1991 2071 2069
f 1991 2069 1989
f 1990 2070 2072
f 1990 2072 1992
f 1993 2073 2071
f 1993 2071 1991
f 1992 2072 2074
f 1992 2074 1994
f 1994 2074 2073
f 1994 2073 1993
f 1995 2075 2076
f 1995 2076 1996
f 1997 2077 2075
f 1997 2075 1995
f 1996 2076 2078
f 1996 2078 1998
f 1999 2079 2077
f 1999 2077 1997
f 1998 2078 2080
f 1998 2080 2000
f 2001 2081 2079
f 2001 2079 1999
f 2000 2080 2082
f 2000 2082 2002
f 2003 2083 2081
f 2003 2081 2001
f 2002 2082 2084
f 2002 2084 2004
f 2004 2084 2083
f 2004 2083 2003
f 2005 2085 2086
f 2005 2086 2006
f 2006 2086 2087
f 2006 2087 2007
f 2008 2088 2085
f 2008 2085 2005
f 2007 2087 2089
f 2007 2089 2009
f 2010 2090 2088
f 2010 2088 2008
f 2009 2089 2091
f 2009 2091 2011
f 2012 2092 2090
f 2012 2090 2010
f 2011 2091 2093
f 2011 2093 2013
f 2014 2094 2092
f 2014 2092 2012
f 2013 2093 2094
f 2013 2094 2014
f 2015 2095 2096
f 2015 2096 2016
f 2016 2096 2097
f 2016 2097 2017
f 2018 2098 2095
f 2018 2095 2015
f 2017 2097 2099
f 2017 2099 2019
f 2020 2100 2098
f 2020 2098 2018
f 2019 2099 2101
f 2019 2101 2021
f 2022 2102 2100
f 2022 2100 2020
f 2021 2101 2103
f 2021 2103 2023
f 2024 2104 2102
f 2024 2102 2022
f 2023 2103 2104
f 2023 2104 2024
f 2025 2105 2106
f 2025 2106 2026
f 2027 2107 2105
f 2027 2105 2025
f 2026 2106 2108
f 2026 2108 2028
f 2029 2109 2107
f 2029 2107 2027
f 2028 2108 2110
f 2028 2110 2030
f 2031 2111 2109
f 2031 2109 2029
f 2030 2110 2112
f 2030 2112 2032
f 2033 2113 2111
f 2033 2111 2031
f 2032 2112 2114
f 2032 2114 2034
f 2034 2114 2113
f 2034 2113 2033
f 2035 2115 2116
f 2035 2116 2036
f 2036 2116 2117
f 2036 2117 2037
f 2038 2118 2115
f 2038 2115 2035
f 2037 2117 2119
f 2037 2119 2039
f 2040 2120 2118
f 2040 2118 2038
f 2039 2119 2121
f 2039 2121 2041
f 2042 2122 2120
f 2042 2120 2040
f 2041 2121 2123
f 2041 2123 2043
f 2044 2124 2122
f 2044 2122 2042
f 2043 2123 2124
f 2043 2124 2044
f 2125 2046 2045
f 2125 2045 2047
f 2125 2048 2046
f 2125 2047 2049
f 2125 2050 2048
f 2125 2049 2051
f 2125 2052 2050
f 2125 2051 2053
f 2125 2054 2052
f 2125 2053 2054
f 2126 2056 2055
f 2126 2055 2057
f 2126 2058 2056
f 2126 2057 2059
f 2126 2060 2058
f 2126 2059 2061
f 2126 2062 2060
f 2126 2061 2063
f 2126 2064 2062
f 2126 2063 2064
f 2127 2066 2065
f 2127 2065 2067
f 2127 2068 2066
f 2127 2067 2069
f 2127 2070 2068
f 2127 2069 2071
f 2127 2072 2070
f 2127 2071 2073
f 2127 2074 2072
f 2127 2073 2074
f 2128 2076 2075
f 2128 2075 2077
f 2128 2078 2076
f 2128 2077 2079
f 2128 2080 2078
f 2128 2079 2081
f 2128 2082 2080
f 2128 2081 2083
f 2128 2084 2082
f 2128 2083 2084
f 2129 2086 2085
f 2129 2087 2086
f 2129 2085 2088
f 2129 2089 2087
f 2129 2088 2090
f 2129 2091 2089
f 2129 2090 2092
f 2129 2093 2091
f 2129 2092 2094
f 2129 2094 2093
f 2130 2096 2095
f 2130 2097 2096
f 2130 2095 2098
f 2130 2099 2097
f 2130 2098 2100
f 2130 2101 2099
f 2130 2100 2102
f 2130 2103 2101
f 2130 2102 2104
f 2130 2104 2103
f 2131 2106 2105
f 2131 2105 2107
f 2131 2108 2106
f 2131 2107 2109
f 2131 2110 2108
f 2131 2109 2111
f 2131 2112 2110
f 2131 2111 2113
f 2131 2114 2112
f 2131 2113 2114
f 2132 2116 2115
f 2132 2117 2116
f 2132 2115 2118
f 2132 2119 2117
f 2132 2118 2120
f 2132 2121 2119
f 2132 2120 2122
f 2132 2123 2121
f 2132 2122 2124
f 2132 2124 2123
f 1251 1297 1296
f 1251 1296 1254
f 1239 1297 1298
f 1239 1298 1242
f 1242 1298 1300
f 1242 1300 1243
f 1305 1964 1307
f 1305 1307 1306
f 1309 1314 1313
f 1309 1313 1241
f 1308 1963 1314
f 1308 1314 1309
f 1315 1794 1964
f 1315 1964 1305
f 1256 1245 1244
f 1256 1244 1303
f 1242 1245 1240
f 1242 1240 1239
f 1644 1676 1248
f 1644 1248 1635
f 1794 1315 1676
f 1794 1676 1644
f 1366 1369 1418
f 1366 1418 1417
f 1197 1787 1370
f 1197 1370 1198
f 1919 1918 1368
f 1919 1368 1367
f 1924 1923 1130
f 1924 1130 1124
f 1150 1188 1923
f 1150 1923 1924
f 1899 1900 1918
f 1899 1918 1919
f 1874 1877 1187
f 1874 1187 1149
f 1897 1900 1102
f 1897 1102 1100
f 1547 1877 1480
f 1547 1480 1118
f 1809 1810 1562
f 1809 1562 1816
f 1490 1793 1636
f 1490 1636 1491
f 1808 1810 1560
f 1808 1560 1529
f 1631 1632 1793
f 1631 1793 1490
f 1334 1787 1650
f 1334 1650 1648
f 1416 1419 1784
f 1416 1784 1818
f 1818 1784 1497
f 1818 1497 1496
f 1653 1671 1625
f 1653 1625 1654
f 1499 1498 1554
f 1499 1554 1583
f 1478 1477 1474
f 1478 1474 1473
f 1582 1671 1651
f 1582 1651 1576
f 1576 1651 1650
f 1576 1650 1577
f 1491 1636 1635
f 1491 1635 1248
f 1688 1632 1630
f 1688 1630 1689
f 1689 1630 1627
f 1689 1627 1626
f 1655 1624 1627
f 1655 1627 1629
f 1654 1625 1624
f 1654 1624 1655
f 461 496 1475
f 461 1475 1435
f 1816 1562 1561
f 1816 1561 1813
f 1529 1560 1558
f 1529 1558 1528
f 1528 1558 1555
f 1528 1555 1527
f 1584 1553 1555
f 1584 1555 1557
f 1583 1554 1553
f 1583 1553 1584
f 400 437 1400
f 400 1400 1353
f 1523 1498 1497
f 1523 1497 1524
f 1354 1401 1480
f 1354 1480 1684
f 1101 1103 1477
f 1101 1477 1478
f 1435 1475 1474
f 1435 1474 1436
f 1412 1419 1418
f 1412 1418 1413
f 1119 1401 1400
f 1119 1400 1376
f 1125 1131 1370
f 1125 1370 1333
f 1371 1369 1368
f 1371 1368 1372
f 1157 1188 1187
f 1157 1187 1158
f 1108 1131 1130
f 1108 1130 1109
f 1361 1103 1102
f 1361 1102 1362
f 1238 1241 1313
f 1238 1313 1296
f 1299 1306 1307
f 1299 1307 1300
f 1254 1312 1641
f 1254 1641 1255
f 1613 1301 1641
f 1613 1641 1661
f 1296 1313 1312
f 1296 1312 1254
f 1303 1244 1307
f 1303 1307 1964
f 1664 1293 1306
f 1664 1306 1299
f 1295 1294 1301
f 1295 1301 1613
f 1253 1294 1293
f 1253 1293 1664
f 1961 1963 1962
f 1961 1962 2133
f 1962 1561 1261
f 1962 1261 2133
f 1261 1260 1961
f 1261 1961 2133
f 1189 1192 1438
f 1189 1438 1421
f 1915 1914 1191
f 1915 1191 1190
f 1901 1902 1914
f 1901 1914 1915
f 1908 1902 1112
f 1908 1112 1111
f 1110 1113 1568
f 1110 1568 1327
f 1381 1439 1785
f 1381 1785 1382
f 1805 1806 1471
f 1805 1471 1506
f 1804 1806 1469
f 1804 1469 1433
f 1382 1785 1782
f 1382 1782 1422
f 1422 1782 1781
f 1422 1781 1761
f 1761 1781 1462
f 1761 1462 1500
f 1262 1470 1745
f 1262 1745 1263
f 574 599 1517
f 574 1517 1508
f 1509 1516 1568
f 1509 1568 1665
f 1508 1517 1516
f 1508 1516 1509
f 1506 1471 1470
f 1506 1470 1262
f 1433 1469 1467
f 1433 1467 1432
f 1432 1467 1465
f 1432 1465 1430
f 1430 1465 1461
f 1430 1461 1431
f 1500 1462 1461
f 1500 1461 1464
f 1440 1439 1438
f 1440 1438 1441
f 1402 1192 1191
f 1402 1191 1403
f 1729 1113 1112
f 1729 1112 1730
