# Sacrum rest
v 0.020685 -0.452585 -0.039355
v 0.017451 -0.449925 -0.040264
v 0.013833 -0.450388 -0.037079
v 0.020043 -0.453857 -0.037000
v 0.018421 -0.450456 -0.043788
v 0.021178 -0.452621 -0.042332
v 0.024801 -0.451773 -0.038435
v 0.025216 -0.452742 -0.036014
v 0.024928 -0.451644 -0.040979
v 0.027941 -0.448459 -0.038756
v 0.029426 -0.448665 -0.036109
v 0.027552 -0.448421 -0.041339
v 0.027374 -0.444349 -0.040612
v 0.029662 -0.443019 -0.038226
v 0.026879 -0.445199 -0.043553
v 0.008160 -0.469323 -0.042718
v 0.007140 -0.468410 -0.040812
v 0.004699 -0.466408 -0.041274
v 0.005066 -0.466823 -0.043276
v 0.008418 -0.472454 -0.041202
v 0.007527 -0.470989 -0.038902
v 0.006157 -0.469526 -0.037569
v 0.005969 -0.468152 -0.038700
v 0.005683 -0.474533 -0.039410
v 0.005317 -0.472639 -0.037252
v 0.001608 -0.474976 -0.038491
v 0.001649 -0.473025 -0.036436
v 0.001437 -0.465726 -0.041190
v 0.001381 -0.466036 -0.043194
v 0.004188 -0.467360 -0.038363
v 0.004425 -0.469841 -0.036538
v 0.001626 -0.469982 -0.036174
v 0.001538 -0.467096 -0.038187
v 0.010290 -0.486888 -0.032460
v 0.001910 -0.487675 -0.032528
v 0.001827 -0.485709 -0.034683
v 0.009853 -0.485087 -0.034916
v 0.010378 -0.491725 -0.029354
v 0.002020 -0.492871 -0.030532
v 0.001949 -0.489294 -0.031737
v 0.010302 -0.488374 -0.031210
v 0.000676 -0.312090 -0.014957
v 0.012371 -0.313835 -0.013384
v 0.012091 -0.320186 -0.018220
v 0.000621 -0.317896 -0.018698
v 0.020341 -0.315067 -0.008706
v 0.021599 -0.316555 -0.012101
v 0.028362 -0.316475 -0.001583
v 0.034492 -0.316593 -0.006591
v 0.032676 -0.319251 0.006312
v 0.039959 -0.323191 0.001512
v 0.032608 -0.321976 0.014260
v 0.036331 -0.329336 0.010926
v 0.028578 -0.324015 0.020619
v 0.030324 -0.333204 0.016858
v 0.021779 -0.325862 0.025451
v 0.022196 -0.336821 0.019809
v 0.012928 -0.327169 0.029873
v 0.012877 -0.339127 0.020872
v 0.002220 -0.327404 0.032373
v 0.002052 -0.339993 0.022393
v 0.026689 -0.319616 0.014496
v 0.025529 -0.320581 0.019344
v 0.020062 -0.321467 0.022040
v 0.025869 -0.319353 0.008241
v 0.022805 -0.318555 0.001403
v 0.012039 -0.322867 0.025875
v 0.019445 -0.321523 0.014773
v 0.002051 -0.323318 0.028003
v 0.000824 -0.313488 -0.010397
v 0.010351 -0.314976 -0.009144
v 0.017342 -0.317084 -0.004858
v 0.018761 -0.321898 0.008542
v 0.011077 -0.323451 0.015868
v 0.001733 -0.324111 0.016924
v 0.014411 -0.319700 -0.002281
v 0.016922 -0.321323 0.002610
v 0.010528 -0.323622 0.008621
v 0.001507 -0.324196 0.009184
v 0.001046 -0.319095 -0.004741
v 0.008852 -0.319398 -0.004255
v 0.009689 -0.322588 0.002356
v 0.001301 -0.323065 0.002571
v 0.067640 -0.357754 -0.013162
v 0.068975 -0.359251 -0.006299
v 0.065851 -0.368391 -0.005666
v 0.065267 -0.365305 -0.015772
v 0.071305 -0.351163 -0.004508
v 0.069525 -0.349291 -0.011170
v 0.070272 -0.358464 0.008484
v 0.072072 -0.353575 0.002774
v 0.075219 -0.346306 0.009259
v 0.073137 -0.353067 0.013577
v 0.072316 -0.344325 -0.001974
v 0.069692 -0.342670 -0.009402
v 0.072143 -0.338694 -0.001617
v 0.075966 -0.338682 0.005736
v 0.074999 -0.343158 0.013185
v 0.072375 -0.349506 0.016009
v 0.070087 -0.358047 0.015763
v 0.066926 -0.363356 0.014518
v 0.069560 -0.338154 -0.007571
v 0.076333 -0.336829 0.008767
v 0.071771 -0.334452 -0.002077
v 0.070071 -0.335166 -0.005617
v 0.074549 -0.334672 0.002383
v 0.074108 -0.332308 0.003166
v 0.068224 -0.356399 0.017504
v 0.069093 -0.332536 -0.007718
v 0.070485 -0.329967 -0.003435
v 0.067993 -0.336414 -0.010866
v 0.067571 -0.341310 -0.012881
v 0.063606 -0.363585 0.017420
v 0.060108 -0.370563 0.014584
v 0.063984 -0.369266 0.011685
v 0.067119 -0.348232 -0.014487
v 0.058623 -0.376623 0.007287
v 0.062604 -0.374530 0.004553
v 0.063119 -0.377097 -0.013806
v 0.062804 -0.373743 -0.021233
v 0.065159 -0.356560 -0.016718
v 0.062956 -0.363384 -0.019756
v 0.061896 -0.380713 -0.005292
v 0.060678 -0.371805 -0.024890
v 0.058308 -0.382424 -0.002697
v 0.060927 -0.384594 -0.019710
v 0.061330 -0.382012 -0.026052
v 0.060316 -0.387561 -0.013185
v 0.057517 -0.389369 -0.011087
v 0.059882 -0.380500 -0.029906
v 0.058439 -0.390402 -0.023141
v 0.059368 -0.388075 -0.028623
v 0.058017 -0.393736 -0.018121
v 0.058783 -0.387317 -0.032959
v 0.055783 -0.395480 -0.016605
v 0.056525 -0.398295 -0.020981
v 0.056711 -0.395232 -0.024839
v 0.057490 -0.393106 -0.029270
v 0.054574 -0.400325 -0.020370
v 0.056995 -0.393562 -0.033841
v 0.056377 -0.400021 -0.025775
v 0.056610 -0.397936 -0.028483
v 0.054824 -0.404370 -0.023885
v 0.056193 -0.400944 -0.023006
v 0.055931 -0.400632 -0.031934
v 0.055550 -0.404871 -0.028274
v 0.054193 -0.379612 -0.032746
v 0.053660 -0.386736 -0.037823
v 0.055418 -0.371267 -0.027041
v 0.057814 -0.362786 -0.021380
v 0.060208 -0.356056 -0.017824
v 0.062307 -0.347300 -0.015205
v 0.063544 -0.338724 -0.014576
v 0.064567 -0.332946 -0.014884
v 0.064644 -0.326310 -0.014817
v 0.066142 -0.323991 -0.010778
v 0.065046 -0.326719 -0.003561
v 0.066757 -0.330628 0.002042
v 0.050168 -0.409891 -0.029923
v 0.052283 -0.411659 -0.034184
v 0.052740 -0.405145 -0.039566
v 0.053109 -0.394877 -0.040678
v 0.046909 -0.317147 -0.020582
v 0.054987 -0.314324 -0.025800
v 0.057104 -0.322861 -0.021815
v 0.046632 -0.326263 -0.022936
v 0.059649 -0.314659 -0.024098
v 0.062466 -0.317692 -0.017875
v 0.058348 -0.329957 -0.019120
v 0.051314 -0.334460 -0.021776
v 0.037490 -0.338784 -0.025163
v 0.045285 -0.348549 -0.023195
v 0.056554 -0.347286 -0.016247
v 0.058256 -0.336963 -0.016447
v 0.051703 -0.361009 -0.022256
v 0.051050 -0.348696 -0.019559
v 0.055950 -0.355401 -0.018395
v 0.053476 -0.339116 -0.018952
v 0.045863 -0.361316 -0.024492
v 0.013476 -0.335465 -0.036579
v 0.024801 -0.340638 -0.031882
v 0.019685 -0.351790 -0.035567
v 0.014846 -0.348999 -0.037955
v 0.008340 -0.336191 -0.041236
v 0.010606 -0.346716 -0.040521
v 0.048488 -0.410779 -0.045160
v 0.040009 -0.409696 -0.049283
v 0.042050 -0.396354 -0.046642
v 0.048497 -0.396047 -0.044910
v 0.049665 -0.418662 -0.037538
v 0.046617 -0.424477 -0.044194
v 0.047621 -0.427830 -0.038896
v 0.044133 -0.436810 -0.038356
v 0.042996 -0.435427 -0.042336
v 0.036912 -0.430917 -0.048382
v 0.041443 -0.421565 -0.048470
v 0.031808 -0.406543 -0.050989
v 0.032592 -0.399658 -0.049649
v 0.043822 -0.386433 -0.042111
v 0.048463 -0.386455 -0.041027
v 0.048176 -0.379041 -0.035317
v 0.040895 -0.378581 -0.037383
v 0.049282 -0.371157 -0.028928
v 0.042360 -0.370849 -0.031024
v 0.032379 -0.376203 -0.038098
v 0.032157 -0.371296 -0.035562
v 0.002186 -0.497859 -0.026601
v 0.002120 -0.496234 -0.028291
v 0.010302 -0.494880 -0.026668
v 0.010060 -0.496467 -0.024813
v 0.033606 -0.452054 -0.034163
v 0.027051 -0.457560 -0.034764
v 0.027319 -0.457262 -0.037429
v 0.033175 -0.451537 -0.037418
v 0.039075 -0.445037 -0.036099
v 0.037890 -0.444463 -0.039841
v 0.032212 -0.440761 -0.046828
v 0.026491 -0.437807 -0.052702
v 0.028589 -0.430669 -0.053453
v 0.031034 -0.449130 -0.041715
v 0.026566 -0.455027 -0.040753
v 0.020491 -0.462970 -0.040418
v 0.019893 -0.458758 -0.044824
v 0.017729 -0.464431 -0.045260
v 0.016288 -0.461028 -0.048625
v 0.018931 -0.439006 -0.056649
v 0.020868 -0.425513 -0.058034
v 0.001607 -0.477136 -0.039271
v 0.006460 -0.476430 -0.040074
v 0.001693 -0.481423 -0.037784
v 0.009393 -0.480158 -0.038578
v 0.010233 -0.473271 -0.041715
v 0.014668 -0.473482 -0.040010
v 0.010299 -0.469145 -0.044414
v 0.015252 -0.468269 -0.043281
v 0.005355 -0.466666 -0.046366
v 0.008081 -0.467036 -0.051629
v 0.011367 -0.468140 -0.048526
v 0.014365 -0.467002 -0.048447
v 0.001299 -0.465930 -0.045947
v 0.001078 -0.463638 -0.052683
v 0.003322 -0.463817 -0.052994
v 0.005538 -0.464364 -0.054029
v 0.000869 -0.458579 -0.058054
v 0.005486 -0.459363 -0.055888
v 0.007109 -0.461867 -0.055278
v 0.007814 -0.452691 -0.056422
v 0.010157 -0.453639 -0.053757
v 0.000741 -0.454650 -0.061080
v 0.006241 -0.451532 -0.059881
v 0.002010 -0.477828 -0.025737
v 0.002067 -0.480355 -0.024620
v 0.011109 -0.480805 -0.025671
v 0.011190 -0.478130 -0.026317
v 0.018150 -0.483461 -0.030183
v 0.018925 -0.479130 -0.028561
v 0.018078 -0.475655 -0.030044
v 0.023444 -0.477414 -0.031193
v 0.023255 -0.475031 -0.032415
v 0.024758 -0.478477 -0.033282
v 0.021732 -0.473823 -0.033657
v 0.025347 -0.475168 -0.035245
v 0.023107 -0.473625 -0.036103
v 0.018681 -0.474989 -0.038212
v 0.019174 -0.472921 -0.036012
v 0.022382 -0.474770 -0.037718
v 0.023510 -0.476769 -0.037290
v 0.002123 -0.482177 -0.023284
v 0.010862 -0.482678 -0.024463
v 0.015052 -0.485352 -0.028073
v 0.002796 -0.506571 -0.008812
v 0.002709 -0.508088 -0.012276
v 0.006684 -0.507142 -0.012804
v 0.007889 -0.505628 -0.010788
v 0.002761 -0.499418 -0.007489
v 0.002822 -0.503038 -0.006709
v 0.006792 -0.503142 -0.008420
v 0.007751 -0.500663 -0.009296
v 0.002586 -0.506927 -0.016043
v 0.007671 -0.505868 -0.015255
v 0.009711 -0.503580 -0.012784
v 0.002684 -0.497010 -0.009236
v 0.008512 -0.498206 -0.010814
v 0.002631 -0.495296 -0.010395
v 0.009092 -0.496405 -0.011958
v 0.010498 -0.501300 -0.014561
v 0.011280 -0.499668 -0.016046
v 0.008292 -0.503789 -0.017568
v 0.002408 -0.489865 -0.016004
v 0.002523 -0.492528 -0.013031
v 0.009564 -0.493587 -0.014521
v 0.009936 -0.490767 -0.017465
v 0.012159 -0.496819 -0.018485
v 0.012742 -0.493582 -0.021034
v 0.008770 -0.502591 -0.019742
v 0.009684 -0.499705 -0.022545
v 0.010529 -0.488481 -0.018711
v 0.002349 -0.487622 -0.017255
v 0.013665 -0.491540 -0.022653
v 0.011075 -0.485183 -0.021276
v 0.002244 -0.484253 -0.019748
v 0.014437 -0.488398 -0.025355
v 0.002486 -0.505012 -0.018809
v 0.002405 -0.503901 -0.021177
v 0.002282 -0.501077 -0.024407
v 0.017824 -0.482951 -0.034483
v 0.023281 -0.479431 -0.035320
v 0.011836 -0.458481 -0.051926
v 0.014321 -0.454459 -0.050182
v 0.015820 -0.464981 -0.048915
v 0.013586 -0.462967 -0.052269
v 0.017185 -0.479394 -0.037780
v 0.010741 -0.465130 -0.053205
v 0.010585 -0.460788 -0.053834
v 0.009894 -0.445322 -0.058100
v 0.012218 -0.445896 -0.056140
v 0.007899 -0.445999 -0.061099
v 0.000597 -0.451513 -0.064934
v 0.004471 -0.450479 -0.063776
v 0.014811 -0.446886 -0.053966
v 0.013355 -0.436195 -0.059226
v 0.007605 -0.435213 -0.061445
v 0.005465 -0.440535 -0.063339
v 0.005006 -0.447361 -0.065114
v 0.013584 -0.422195 -0.060304
v 0.007319 -0.417298 -0.063205
v 0.004046 -0.443911 -0.065677
v 0.000481 -0.438922 -0.064575
v 0.000442 -0.432837 -0.063631
v 0.000510 -0.447821 -0.066639
v 0.000466 -0.443716 -0.066734
v 0.000260 -0.420951 -0.065259
v 0.013909 -0.410134 -0.059081
v 0.019233 -0.414585 -0.057210
v 0.008947 -0.403026 -0.061799
v 0.007686 -0.394625 -0.060466
v 0.014837 -0.401024 -0.057363
v 0.023053 -0.405797 -0.054697
v 0.004008 -0.406939 -0.066450
v 0.005456 -0.397068 -0.065200
v 0.000089 -0.411065 -0.067425
v 0.004404 -0.391985 -0.064094
v 0.014535 -0.392829 -0.054291
v 0.022637 -0.394899 -0.052005
v 0.007567 -0.389568 -0.057198
v -0.000009 -0.390305 -0.064474
v 0.000061 -0.390619 -0.062289
v 0.000072 -0.388919 -0.061078
v 0.014536 -0.381744 -0.049088
v 0.019696 -0.384120 -0.047479
v 0.009848 -0.378348 -0.051632
v -0.000041 -0.401927 -0.068700
v 0.002320 -0.400767 -0.068073
v -0.000097 -0.394239 -0.068270
v 0.002807 -0.394281 -0.067514
v -0.000070 -0.390850 -0.066513
v 0.002622 -0.391401 -0.066193
v -0.000044 -0.384569 -0.062453
v 0.004704 -0.383032 -0.059555
v 0.006742 -0.374730 -0.055552
v 0.007828 -0.363150 -0.049652
v 0.015206 -0.370225 -0.044474
v 0.023381 -0.375135 -0.042001
v 0.005127 -0.363436 -0.055361
v 0.015055 -0.360091 -0.040876
v 0.022052 -0.364646 -0.038757
v -0.000257 -0.375864 -0.064881
v 0.003014 -0.376102 -0.062769
v 0.003818 -0.369490 -0.061544
v -0.000401 -0.366593 -0.064908
v -0.000431 -0.359732 -0.062804
v 0.003171 -0.362852 -0.060772
v -0.000305 -0.357654 -0.057962
v -0.000212 -0.356309 -0.054775
v -0.000152 -0.352594 -0.052281
v 0.008258 -0.353804 -0.044958
v 0.004907 -0.348042 -0.049226
v -0.000193 -0.348844 -0.053325
v 0.007087 -0.344033 -0.045377
v 0.005375 -0.336102 -0.046567
v -0.000014 -0.329610 -0.042241
v -0.000167 -0.330758 -0.047119
v 0.002903 -0.344315 -0.053122
v 0.003445 -0.340293 -0.052708
v 0.003004 -0.335717 -0.051800
v -0.000279 -0.344310 -0.055291
v -0.000332 -0.333099 -0.052908
v -0.000355 -0.338470 -0.055651
v -0.007094 -0.322756 0.002849
v -0.007542 -0.323802 0.009153
v -0.014322 -0.321633 0.003529
v -0.015798 -0.322238 0.009559
v -0.006710 -0.319553 -0.003797
v -0.012136 -0.319964 -0.001501
v -0.008581 -0.315165 -0.008589
v -0.015265 -0.317406 -0.003900
v -0.007668 -0.323639 0.016419
v -0.016123 -0.321874 0.015818
v -0.020320 -0.318976 0.002673
v -0.022961 -0.319824 0.009678
v -0.008054 -0.323068 0.026471
v -0.016314 -0.321822 0.023115
v -0.023407 -0.320100 0.015965
v -0.010870 -0.314068 -0.012707
v -0.018526 -0.315446 -0.007567
v -0.026084 -0.317004 0.000021
v -0.008622 -0.327384 0.030521
v -0.021946 -0.321041 0.020740
v -0.017742 -0.326239 0.026632
v -0.029871 -0.319860 0.008154
v -0.029282 -0.322569 0.016079
v -0.024847 -0.324524 0.022199
v -0.008859 -0.339345 0.021517
v -0.018270 -0.337217 0.021016
v -0.026627 -0.333758 0.018549
v -0.033047 -0.330019 0.012971
v -0.037343 -0.323957 0.003786
v -0.032512 -0.317249 -0.004616
v -0.019980 -0.316958 -0.010881
v -0.010749 -0.320413 -0.017552
v -0.006275 -0.491891 -0.028864
v -0.006374 -0.488540 -0.030720
v -0.006466 -0.487056 -0.031968
v -0.006210 -0.485247 -0.034443
v -0.001111 -0.467413 -0.038207
v -0.001811 -0.466473 -0.041083
v -0.001191 -0.469897 -0.036373
v -0.002068 -0.472713 -0.037035
v -0.004403 -0.471108 -0.038551
v -0.002987 -0.469617 -0.037300
v -0.002893 -0.468240 -0.038439
v -0.004180 -0.468523 -0.040479
v -0.002286 -0.466896 -0.043060
v -0.002522 -0.474615 -0.039169
v -0.005399 -0.472592 -0.040796
v -0.005292 -0.469457 -0.042322
v -0.024982 -0.448944 -0.039794
v -0.024504 -0.445711 -0.042042
v -0.024843 -0.444869 -0.039077
v -0.025218 -0.448989 -0.037193
v -0.027013 -0.443584 -0.036560
v -0.026541 -0.449223 -0.034464
v -0.022277 -0.452114 -0.039591
v -0.021999 -0.452240 -0.037060
v -0.022252 -0.453215 -0.034619
v -0.018595 -0.453018 -0.041163
v -0.017929 -0.452970 -0.038219
v -0.017124 -0.454228 -0.035908
v -0.015972 -0.450799 -0.042777
v -0.014808 -0.450246 -0.039316
v -0.011000 -0.450636 -0.036349
v -0.015894 -0.447554 -0.044421
v -0.014495 -0.446371 -0.040703
v -0.010218 -0.445001 -0.037943
v -0.021452 -0.442659 -0.041396
v -0.021851 -0.444227 -0.044814
v -0.022396 -0.439598 -0.039722
v -0.018328 -0.445003 -0.045590
v -0.017111 -0.443381 -0.042017
v -0.014125 -0.439784 -0.039585
v -0.015530 -0.452072 -0.046242
v -0.018672 -0.454728 -0.043517
v -0.012175 -0.454723 -0.049403
v -0.017337 -0.459129 -0.043729
v -0.023113 -0.453250 -0.041164
v -0.023832 -0.455529 -0.039272
v -0.026254 -0.449096 -0.041684
v -0.028465 -0.449723 -0.039966
v -0.015585 -0.447965 -0.048696
v -0.013038 -0.447164 -0.053148
v -0.018641 -0.444407 -0.049958
v -0.017464 -0.439369 -0.055579
v -0.022936 -0.443064 -0.048576
v -0.024802 -0.438319 -0.051194
v -0.026104 -0.444772 -0.044937
v -0.030108 -0.441382 -0.044996
v -0.027103 -0.428364 -0.045072
v -0.022967 -0.426147 -0.045805
v -0.024134 -0.424612 -0.049223
v -0.027723 -0.426716 -0.047974
v -0.026559 -0.434492 -0.040297
v -0.018039 -0.431225 -0.040425
v -0.031408 -0.427233 -0.042726
v -0.031318 -0.425671 -0.045677
v -0.033836 -0.431590 -0.038574
v -0.022901 -0.420134 -0.048550
v -0.022065 -0.421564 -0.044535
v -0.016908 -0.423898 -0.038522
v -0.025186 -0.416037 -0.046359
v -0.024581 -0.417069 -0.042395
v -0.019948 -0.415918 -0.037043
v -0.033643 -0.423762 -0.041454
v -0.033353 -0.422322 -0.044884
v -0.037174 -0.425930 -0.037504
v -0.032950 -0.419555 -0.041116
v -0.032667 -0.418160 -0.044847
v -0.036112 -0.419373 -0.037097
v -0.029208 -0.415651 -0.045208
v -0.029160 -0.416824 -0.041277
v -0.030348 -0.413882 -0.036745
v -0.022251 -0.418409 -0.052270
v -0.023897 -0.424344 -0.052585
v -0.018285 -0.414959 -0.056107
v -0.019748 -0.425918 -0.056840
v -0.024743 -0.413378 -0.049961
v -0.022126 -0.406248 -0.053369
v -0.028099 -0.427345 -0.050444
v -0.027083 -0.431225 -0.051816
v -0.032824 -0.426399 -0.047733
v -0.035087 -0.431635 -0.046266
v -0.035623 -0.421650 -0.047118
v -0.039803 -0.422376 -0.046082
v -0.034307 -0.415495 -0.047369
v -0.038654 -0.410477 -0.046970
v -0.029656 -0.412542 -0.048179
v -0.030631 -0.407165 -0.049153
v -0.030633 -0.400924 -0.037258
v -0.026652 -0.399329 -0.037055
v -0.027095 -0.394618 -0.041121
v -0.030871 -0.397025 -0.040483
v -0.030362 -0.406861 -0.035513
v -0.021443 -0.407130 -0.033555
v -0.034530 -0.399037 -0.035698
v -0.034408 -0.395590 -0.039019
v -0.036813 -0.403002 -0.032831
v -0.036210 -0.395309 -0.032628
v -0.036126 -0.391666 -0.036795
v -0.039491 -0.397523 -0.028220
v -0.034633 -0.393259 -0.028642
v -0.034416 -0.389467 -0.033868
v -0.038078 -0.393172 -0.021873
v -0.025304 -0.391429 -0.039095
v -0.024729 -0.396591 -0.034044
v -0.018407 -0.402883 -0.027443
v -0.026960 -0.389256 -0.035386
v -0.026110 -0.394322 -0.029881
v -0.020843 -0.396719 -0.022070
v -0.030378 -0.392934 -0.027387
v -0.030760 -0.388690 -0.032928
v -0.030468 -0.392432 -0.021442
v -0.025955 -0.383049 -0.039072
v -0.023291 -0.387200 -0.043352
v -0.022318 -0.375590 -0.040657
v -0.018783 -0.384504 -0.046347
v -0.025564 -0.392658 -0.046029
v -0.021769 -0.395342 -0.050700
v -0.031367 -0.396222 -0.044931
v -0.031471 -0.400294 -0.047765
v -0.036853 -0.394153 -0.042511
v -0.040796 -0.397159 -0.044201
v -0.038976 -0.388407 -0.039314
v -0.036344 -0.384361 -0.036352
v -0.042485 -0.387279 -0.039570
v -0.039442 -0.379380 -0.035021
v -0.031250 -0.382579 -0.036021
v -0.031044 -0.376835 -0.036234
v -0.007555 -0.468187 -0.033564
v -0.008588 -0.463885 -0.033638
v -0.016757 -0.462997 -0.035005
v -0.012463 -0.467982 -0.034979
v -0.017590 -0.463350 -0.039299
v -0.013704 -0.468142 -0.038026
v -0.015090 -0.464758 -0.044296
v -0.012425 -0.468545 -0.042467
v -0.013179 -0.471276 -0.036429
v -0.011644 -0.470781 -0.034129
v -0.011546 -0.473743 -0.039239
v -0.013460 -0.473582 -0.031852
v -0.006800 -0.473013 -0.030150
v -0.006924 -0.470588 -0.033099
v -0.015819 -0.473270 -0.034983
v 0.001711 -0.470651 -0.033517
v 0.001678 -0.468374 -0.033870
v 0.001637 -0.464026 -0.033780
v -0.016662 -0.457746 -0.034504
v -0.022793 -0.455274 -0.033109
v -0.023913 -0.458068 -0.033266
v -0.024343 -0.457777 -0.035910
v -0.009142 -0.457792 -0.034554
v 0.001833 -0.472879 -0.030127
v -0.014320 -0.475978 -0.029091
v -0.007007 -0.475337 -0.027776
v 0.001923 -0.474996 -0.027790
v -0.015415 -0.475328 -0.037210
v -0.019736 -0.474052 -0.034844
v -0.018216 -0.474221 -0.032482
v -0.019639 -0.475458 -0.031154
v 0.001554 -0.457730 -0.034494
v 0.001458 -0.449680 -0.035034
v 0.001364 -0.444330 -0.036403
v -0.007178 -0.478313 -0.025777
v -0.015010 -0.479468 -0.027563
v -0.032730 -0.442957 -0.034071
v -0.028674 -0.450437 -0.032315
v 0.001283 -0.439344 -0.037453
v 0.001235 -0.432009 -0.036620
v 0.001248 -0.425653 -0.034008
v -0.036243 -0.445788 -0.033885
v -0.030530 -0.452693 -0.032278
v -0.038333 -0.436270 -0.035083
v -0.041587 -0.437668 -0.035837
v 0.001237 -0.418233 -0.031886
v 0.001273 -0.411366 -0.028302
v 0.001379 -0.406661 -0.023114
v 0.001460 -0.400006 -0.018104
v -0.042343 -0.427953 -0.034474
v -0.043726 -0.417993 -0.032033
v -0.045278 -0.428777 -0.036172
v -0.047422 -0.419669 -0.034696
v -0.039275 -0.408757 -0.030996
v -0.044581 -0.401081 -0.023719
v -0.047653 -0.410915 -0.027062
v -0.049981 -0.412731 -0.031193
v -0.045686 -0.394757 -0.017241
v -0.051629 -0.401239 -0.017201
v -0.052033 -0.405474 -0.020755
v -0.052716 -0.396367 -0.013353
v -0.030365 -0.385042 -0.017252
v -0.039896 -0.382680 -0.014348
v -0.047226 -0.388510 -0.010609
v -0.054268 -0.390426 -0.007782
v -0.043449 -0.374938 -0.006460
v -0.048336 -0.380596 -0.002372
v -0.036736 -0.372216 -0.017071
v -0.038785 -0.367678 -0.012763
v -0.030720 -0.375681 -0.018609
v -0.054717 -0.383546 0.000628
v -0.018905 -0.386237 -0.013370
v 0.001606 -0.391233 -0.010149
v 0.001794 -0.383694 -0.001231
v -0.013992 -0.379870 -0.003935
v -0.024188 -0.375976 -0.015833
v -0.020217 -0.372930 -0.010000
v 0.001860 -0.373602 0.004462
v -0.014692 -0.370726 0.002656
v 0.001911 -0.366340 0.008665
v -0.012292 -0.364889 0.008128
v -0.020630 -0.367963 -0.005264
v -0.034223 -0.365170 -0.005939
v -0.037098 -0.361501 -0.017917
v -0.032906 -0.358319 -0.014467
v -0.038723 -0.369961 0.003855
v -0.036550 -0.366739 -0.019376
v -0.032837 -0.370585 -0.021339
v -0.027338 -0.370900 -0.021544
v -0.022497 -0.367798 -0.019294
v -0.021246 -0.362686 -0.015969
v -0.026666 -0.364693 -0.004039
v -0.025712 -0.358306 -0.013914
v -0.027099 -0.366241 0.003814
v -0.036121 -0.368401 -0.025038
v -0.039183 -0.363101 -0.021513
v -0.040684 -0.371677 -0.028582
v -0.043997 -0.362212 -0.021850
v -0.029669 -0.369005 -0.028466
v -0.023327 -0.364545 -0.029376
v -0.021009 -0.365075 -0.037491
v -0.030773 -0.371923 -0.033712
v -0.021267 -0.357387 -0.027135
v -0.018716 -0.352173 -0.034438
v -0.033099 -0.351136 -0.021698
v -0.025484 -0.351601 -0.024165
v -0.036134 -0.339518 -0.022999
v -0.023828 -0.341122 -0.030452
v -0.038545 -0.355602 -0.021212
v -0.043604 -0.349435 -0.020582
v -0.010452 -0.357863 0.012288
v -0.021362 -0.355371 0.013527
v -0.026673 -0.362130 0.010305
v -0.032743 -0.358370 0.014742
v -0.040477 -0.360315 0.016566
v -0.038584 -0.366119 0.012861
v -0.031113 -0.352223 0.016079
v 0.001953 -0.358765 0.012635
v 0.001972 -0.350063 0.016247
v -0.009377 -0.349252 0.015915
v -0.019291 -0.346741 0.016383
v -0.030226 -0.342643 0.016046
v -0.042169 -0.352970 0.017228
v -0.047493 -0.369391 0.015710
v -0.046882 -0.374773 0.007715
v -0.049935 -0.362594 0.018865
v -0.053947 -0.355190 0.018772
v -0.055738 -0.371717 0.017991
v -0.054561 -0.377750 0.010616
v -0.059206 -0.364808 0.021033
v -0.045001 -0.345926 0.015809
v -0.058370 -0.348015 0.017131
v -0.063955 -0.357713 0.021402
v -0.068322 -0.350901 0.020159
v -0.039307 -0.337121 0.012008
v -0.050123 -0.340528 0.012401
v -0.061898 -0.341933 0.014674
v -0.046099 -0.332032 0.006196
v -0.054385 -0.335280 0.008200
v -0.064024 -0.336403 0.010881
v -0.071237 -0.344603 0.017497
v -0.072960 -0.338307 0.013162
v -0.054606 -0.325936 -0.001359
v -0.057257 -0.331101 0.004317
v -0.063918 -0.331923 0.005886
v -0.048799 -0.320220 -0.006713
v -0.071151 -0.333754 0.007436
v -0.062595 -0.327991 0.000190
v -0.058905 -0.319198 -0.010981
v -0.062136 -0.324027 -0.005385
v -0.055610 -0.313898 -0.018441
v -0.064131 -0.325290 -0.006956
v -0.067948 -0.331349 0.000632
v -0.043912 -0.317277 -0.011331
v -0.052371 -0.313562 -0.019998
v -0.058650 -0.315838 -0.020640
v -0.060999 -0.318925 -0.014259
v -0.054117 -0.315413 -0.022595
v 0.000376 -0.324229 -0.028641
v -0.006308 -0.323688 -0.026426
v -0.008350 -0.324766 -0.030596
v -0.014304 -0.322489 -0.021664
v 0.000119 -0.326577 -0.037298
v -0.019234 -0.315835 -0.014890
v -0.028575 -0.314532 -0.013098
v -0.034298 -0.315108 -0.016577
v -0.020526 -0.312441 -0.026439
v -0.018265 -0.315653 -0.024217
v -0.020065 -0.317035 -0.027632
v -0.022059 -0.313473 -0.029827
v -0.019749 -0.309589 -0.024072
v -0.018440 -0.311799 -0.022574
v -0.021010 -0.307323 -0.025647
v -0.021903 -0.308181 -0.027616
v -0.023121 -0.305667 -0.027787
v -0.021532 -0.304897 -0.024519
v -0.019892 -0.306233 -0.021444
v -0.022737 -0.309874 -0.029726
v -0.024026 -0.308317 -0.030404
v -0.023705 -0.313126 -0.031643
v -0.020249 -0.319400 -0.027978
v -0.016781 -0.317555 -0.022011
v -0.018035 -0.310352 -0.019774
v -0.024971 -0.305737 -0.026767
v -0.023270 -0.304818 -0.023316
v -0.025914 -0.308434 -0.029524
v -0.025808 -0.313626 -0.031066
v -0.021515 -0.321952 -0.027823
v -0.016401 -0.319433 -0.021085
v -0.019365 -0.310791 -0.016739
v -0.021556 -0.305992 -0.019949
v -0.026295 -0.325091 -0.026899
v -0.019173 -0.325199 -0.026717
v -0.015853 -0.328675 -0.031011
v -0.024591 -0.331147 -0.028783
v -0.034683 -0.322412 -0.023573
v -0.029268 -0.315285 -0.027433
v -0.026235 -0.321123 -0.027786
v -0.036162 -0.317051 -0.020175
v -0.030657 -0.312714 -0.023336
v -0.032510 -0.330682 -0.024759
v -0.045377 -0.327180 -0.020233
v -0.029434 -0.311337 -0.020032
v -0.026258 -0.307803 -0.022048
v -0.027537 -0.308788 -0.025026
v -0.027732 -0.310253 -0.027586
v -0.045697 -0.318070 -0.017860
v -0.025421 -0.310751 -0.017206
v -0.024418 -0.307763 -0.019738
v -0.012915 -0.335729 -0.035802
v -0.008064 -0.336355 -0.040754
v -0.066552 -0.360273 0.003885
v -0.068721 -0.354954 0.006934
v -0.068436 -0.352508 -0.000361
v -0.066044 -0.360591 -0.002325
v -0.064179 -0.364990 0.008166
v -0.066487 -0.359822 0.012514
v -0.059807 -0.370501 0.015323
v -0.062697 -0.364647 0.018330
v -0.062704 -0.369672 -0.001887
v -0.058738 -0.375738 0.008121
v -0.065145 -0.359075 -0.009257
v -0.062777 -0.366581 -0.012008
v -0.067083 -0.350635 -0.007140
v -0.069156 -0.354477 0.017778
v -0.071632 -0.347726 0.013615
v -0.069449 -0.345634 0.002277
v -0.067290 -0.343981 -0.005333
v -0.072742 -0.340130 0.010132
v -0.069360 -0.340037 0.002596
v -0.065886 -0.359400 0.019771
v -0.067138 -0.339473 -0.003521
v -0.069078 -0.335847 0.002070
v -0.067578 -0.336525 -0.001563
v -0.071591 -0.336122 0.006684
v -0.066774 -0.333888 -0.003725
v -0.065813 -0.337735 -0.006932
v -0.065412 -0.342624 -0.008971
v -0.064898 -0.349546 -0.010606
v -0.060466 -0.374971 -0.017609
v -0.060274 -0.378324 -0.010178
v -0.062901 -0.357836 -0.012953
v -0.060743 -0.364617 -0.016119
v -0.058484 -0.381909 -0.001752
v -0.058594 -0.372993 -0.021384
v -0.059113 -0.383202 -0.022509
v -0.058280 -0.385759 -0.016198
v -0.057225 -0.388689 -0.009716
v -0.057920 -0.381660 -0.026438
v -0.057178 -0.389200 -0.025185
v -0.055860 -0.391458 -0.019755
v -0.055061 -0.394698 -0.014746
v -0.056870 -0.388412 -0.029541
v -0.054121 -0.396260 -0.021558
v -0.053628 -0.399254 -0.017700
v -0.055237 -0.394191 -0.025944
v -0.055018 -0.394618 -0.030530
v -0.054218 -0.399029 -0.025222
v -0.053762 -0.401118 -0.022537
v -0.053384 -0.402021 -0.019780
v -0.053707 -0.401716 -0.028708
v -0.053017 -0.406003 -0.025097
v -0.052408 -0.380658 -0.029607
v -0.052046 -0.387723 -0.034695
v -0.053464 -0.372351 -0.023840
v -0.055710 -0.363918 -0.018043
v -0.058033 -0.357235 -0.014349
v -0.060166 -0.348521 -0.011610
v -0.061601 -0.339965 -0.010921
v -0.062752 -0.334206 -0.011162
v -0.062868 -0.327575 -0.011075
v -0.050886 -0.406168 -0.036516
v -0.051517 -0.395849 -0.037581
v -0.055841 -0.323983 -0.018500
v -0.056842 -0.331101 -0.015752
v -0.049831 -0.335468 -0.018806
v -0.054481 -0.348392 -0.012987
v -0.056465 -0.338102 -0.013100
v -0.049697 -0.362020 -0.019275
v -0.053827 -0.356496 -0.015167
v -0.049143 -0.349695 -0.016614
v -0.051740 -0.340164 -0.015866
v -0.014082 -0.349287 -0.037104
v -0.010045 -0.346922 -0.039914
v -0.046854 -0.411726 -0.042355
v -0.047135 -0.396954 -0.042084
v -0.044657 -0.425392 -0.041512
v -0.040714 -0.436262 -0.039876
v -0.047050 -0.387370 -0.038209
v -0.046562 -0.379979 -0.032530
v -0.047449 -0.372121 -0.026085
v -0.005596 -0.496623 -0.024353
v -0.005978 -0.495043 -0.026189
v -0.030302 -0.452170 -0.035552
v -0.035291 -0.445193 -0.037689
v -0.013917 -0.461329 -0.047737
v -0.003299 -0.476528 -0.039787
v 0.023816 -0.421107 -0.045884
v 0.026363 -0.416562 -0.043893
v 0.022032 -0.415500 -0.038277
v 0.019069 -0.423539 -0.039580
v 0.026714 -0.415519 -0.047885
v 0.024387 -0.419662 -0.049940
v 0.024734 -0.425671 -0.047207
v 0.020232 -0.430843 -0.041550
v 0.025667 -0.424116 -0.050687
v 0.033360 -0.426586 -0.044629
v 0.028948 -0.427805 -0.046720
v 0.028808 -0.433940 -0.041925
v 0.036115 -0.430889 -0.040629
v 0.033067 -0.425029 -0.047570
v 0.029364 -0.426146 -0.049653
v 0.028286 -0.444229 -0.046536
v 0.024876 -0.442587 -0.049982
v 0.028714 -0.448548 -0.043300
v 0.035027 -0.351563 0.014135
v 0.036697 -0.357678 0.012700
v 0.044562 -0.359467 0.014067
v 0.046144 -0.352090 0.014632
v 0.025207 -0.354906 0.012158
v 0.033948 -0.342005 0.014155
v 0.023135 -0.346319 0.015132
v 0.013264 -0.349026 0.015249
v 0.014295 -0.357616 0.011560
v 0.016027 -0.364607 0.007295
v 0.030453 -0.361560 0.008626
v 0.030579 -0.365666 0.002119
v 0.018218 -0.370398 0.001688
v 0.042257 -0.369154 0.001475
v 0.042571 -0.365310 0.010475
v 0.031304 -0.368397 -0.030258
v 0.037937 -0.367663 -0.027215
v 0.040322 -0.354816 -0.023530
v 0.034768 -0.350459 -0.023693
v 0.039189 -0.360740 -0.020160
v 0.035144 -0.357640 -0.016468
v 0.041092 -0.362300 -0.023873
v 0.035597 -0.423065 -0.043488
v 0.035077 -0.421640 -0.046896
v 0.039397 -0.425140 -0.039746
v 0.034841 -0.418873 -0.043107
v 0.034311 -0.417491 -0.046816
v 0.038230 -0.418607 -0.039275
v 0.030789 -0.415053 -0.046972
v 0.030994 -0.416224 -0.043045
v 0.032390 -0.413266 -0.038592
v 0.023485 -0.417953 -0.053615
v 0.025228 -0.423854 -0.054029
v 0.026007 -0.412872 -0.051453
v 0.029607 -0.426770 -0.052140
v 0.034464 -0.425728 -0.049711
v 0.037198 -0.420925 -0.049259
v 0.035747 -0.414796 -0.049429
v 0.030999 -0.411937 -0.049962
v 0.032382 -0.400301 -0.039112
v 0.032352 -0.396396 -0.042342
v 0.028497 -0.394064 -0.042755
v 0.028388 -0.398781 -0.038673
v 0.023553 -0.406682 -0.034878
v 0.032337 -0.406254 -0.037362
v 0.036334 -0.398364 -0.037792
v 0.035944 -0.394898 -0.041090
v 0.038871 -0.402328 -0.035082
v 0.038129 -0.394621 -0.034830
v 0.037716 -0.390943 -0.038970
v 0.041725 -0.396834 -0.030647
v 0.036745 -0.392584 -0.030751
v 0.036129 -0.388769 -0.035944
v 0.040599 -0.392468 -0.024212
v 0.026766 -0.390910 -0.040626
v 0.026592 -0.396080 -0.035553
v 0.020798 -0.402492 -0.028596
v 0.028592 -0.388702 -0.037020
v 0.028171 -0.393781 -0.031477
v 0.023423 -0.396278 -0.023371
v 0.032555 -0.392313 -0.029239
v 0.032515 -0.388060 -0.034788
v 0.032992 -0.391809 -0.023310
v 0.024424 -0.386725 -0.044755
v 0.027251 -0.382519 -0.040636
v 0.026645 -0.392138 -0.047564
v 0.032572 -0.395586 -0.046811
v 0.038152 -0.393413 -0.044719
v 0.040350 -0.387622 -0.041647
v 0.037811 -0.383623 -0.038533
v 0.032705 -0.381941 -0.037902
v 0.035684 -0.321708 -0.025631
v 0.027176 -0.324544 -0.028470
v 0.026990 -0.320576 -0.029347
v 0.029922 -0.314688 -0.029151
v 0.031495 -0.312102 -0.025146
v 0.037241 -0.316318 -0.022327
v 0.033597 -0.330023 -0.026701
v 0.025461 -0.330648 -0.030256
v 0.030440 -0.310752 -0.021772
v 0.035526 -0.314413 -0.018635
v 0.028240 -0.308224 -0.026645
v 0.027131 -0.307270 -0.023595
v 0.028295 -0.309692 -0.029212
v 0.026322 -0.307907 -0.031046
v 0.025509 -0.305219 -0.028234
v 0.026219 -0.313089 -0.032588
v 0.022276 -0.321500 -0.029116
v 0.026583 -0.310251 -0.018726
v 0.029951 -0.313966 -0.014836
v 0.025417 -0.307273 -0.021191
v 0.045487 -0.316387 -0.013962
v 0.023990 -0.304335 -0.024690
v 0.022483 -0.305542 -0.021233
v 0.020541 -0.310376 -0.017894
v 0.020565 -0.315445 -0.016054
v 0.020073 -0.324798 -0.027870
v 0.016558 -0.328352 -0.031966
v 0.008999 -0.324596 -0.031111
v 0.015444 -0.322184 -0.022531
v 0.017507 -0.319036 -0.022053
v 0.053351 -0.312504 -0.023121
v 0.069840 -0.358919 -0.000129
v 0.067818 -0.363675 0.004285
v 0.038662 -0.365989 -0.021587
v 0.039096 -0.371461 -0.019301
v 0.041300 -0.366879 -0.015117
v 0.037095 -0.364459 -0.008035
v 0.046475 -0.374042 -0.009104
v 0.017313 -0.379558 -0.004856
v 0.023033 -0.372499 -0.011271
v 0.023623 -0.367522 -0.006565
v 0.021790 -0.385831 -0.014566
v 0.026714 -0.375469 -0.017329
v 0.032985 -0.384411 -0.019115
v 0.033067 -0.375045 -0.020484
v 0.051708 -0.379604 -0.005314
v 0.050294 -0.387589 -0.013492
v 0.042636 -0.381866 -0.016777
v 0.010907 -0.468003 -0.034107
v 0.015719 -0.467701 -0.035807
v 0.019903 -0.462632 -0.036082
v 0.011849 -0.463681 -0.034239
v 0.016782 -0.467838 -0.038923
v 0.015008 -0.470515 -0.034913
v 0.016414 -0.470981 -0.037299
v 0.050726 -0.373800 0.004845
v 0.051696 -0.368402 0.012793
v 0.054183 -0.361556 0.015803
v 0.058033 -0.354076 0.015476
v 0.062207 -0.346819 0.013579
v 0.048747 -0.344993 0.013052
v 0.053550 -0.339496 0.009351
v 0.042665 -0.336305 0.009597
v 0.065459 -0.340672 0.010921
v 0.057452 -0.334170 0.004907
v 0.049002 -0.331085 0.003399
v 0.067241 -0.335105 0.007015
v 0.060008 -0.329937 0.000866
v 0.056935 -0.324824 -0.004640
v 0.050701 -0.319228 -0.009642
v 0.064208 -0.322764 -0.009096
v 0.060557 -0.318001 -0.014493
v 0.056690 -0.312774 -0.021749
v 0.007191 -0.323552 -0.026821
v 0.020714 -0.305799 -0.022620
v 0.022149 -0.304429 -0.025789
v 0.024038 -0.443769 -0.046163
v 0.020536 -0.444016 -0.051110
v 0.020491 -0.444616 -0.046732
v 0.017630 -0.447634 -0.049673
v 0.018182 -0.447214 -0.045422
v 0.017801 -0.451740 -0.047222
v 0.025692 -0.452764 -0.042599
v 0.021151 -0.454331 -0.044688
v 0.016980 -0.446058 -0.041628
v 0.019454 -0.443016 -0.043092
v 0.016545 -0.439478 -0.040487
v 0.012846 -0.444771 -0.038621
v 0.023809 -0.442207 -0.042727
v 0.024789 -0.439127 -0.041110
v -0.003788 -0.340365 -0.052494
v -0.003420 -0.335781 -0.051610
v -0.003215 -0.344375 -0.052942
v -0.005429 -0.336210 -0.046250
v -0.004891 -0.348138 -0.048939
v -0.006872 -0.344171 -0.044967
v -0.005353 -0.397175 -0.064883
v -0.004344 -0.392073 -0.063838
v -0.002708 -0.391455 -0.066037
v -0.002912 -0.394338 -0.067346
v -0.007143 -0.389715 -0.056766
v -0.004572 -0.383124 -0.059283
v -0.009311 -0.378539 -0.051069
v -0.006514 -0.374862 -0.055163
v -0.010598 -0.446124 -0.055469
v -0.012106 -0.436449 -0.058477
v -0.006519 -0.435353 -0.061030
v -0.008404 -0.445505 -0.057563
v -0.004387 -0.440633 -0.063049
v -0.006576 -0.446143 -0.060674
v -0.003897 -0.447450 -0.064852
v -0.003222 -0.450556 -0.063550
v -0.004739 -0.451641 -0.059558
v -0.012677 -0.422457 -0.059532
v -0.006699 -0.417438 -0.062793
v -0.003041 -0.443981 -0.065469
v -0.013170 -0.410404 -0.058285
v -0.008519 -0.403200 -0.061285
v -0.014177 -0.401313 -0.056510
v -0.007351 -0.394775 -0.060025
v -0.003799 -0.407017 -0.066221
v -0.013858 -0.393112 -0.053456
v -0.013774 -0.382026 -0.048256
v -0.002345 -0.400814 -0.067936
v 0.035502 -0.442277 -0.036077
v 0.031705 -0.449835 -0.034090
v 0.040901 -0.435474 -0.037411
v 0.025886 -0.454789 -0.034540
v 0.044774 -0.427043 -0.037022
v 0.046099 -0.417043 -0.034657
v 0.041547 -0.408017 -0.033393
v 0.047135 -0.400306 -0.026461
v 0.048505 -0.393986 -0.020064
v -0.006083 -0.452830 -0.056013
v -0.008246 -0.453823 -0.053216
v -0.011396 -0.463216 -0.051535
v -0.008536 -0.460978 -0.053272
v -0.005130 -0.461989 -0.054918
v -0.008568 -0.465322 -0.052637
v -0.009718 -0.458696 -0.051293
v -0.013388 -0.465272 -0.048056
v -0.011868 -0.467263 -0.047676
v -0.005782 -0.467174 -0.051221
v -0.008858 -0.468341 -0.047931
v -0.003595 -0.459454 -0.055621
v -0.003438 -0.464454 -0.053765
v -0.013810 -0.479703 -0.036869
v -0.006064 -0.480312 -0.038124
v -0.014182 -0.483270 -0.033543
v -0.020145 -0.477204 -0.036007
v -0.019749 -0.479860 -0.034055
v -0.019085 -0.475184 -0.036499
v -0.014245 -0.483784 -0.029230
v -0.021121 -0.478935 -0.031934
v -0.021890 -0.475639 -0.033856
v -0.010991 -0.485612 -0.027307
v -0.005023 -0.499852 -0.022113
v -0.003888 -0.502717 -0.019370
v -0.003260 -0.503904 -0.017228
v -0.002463 -0.505969 -0.014957
v -0.010157 -0.488643 -0.024632
v -0.009165 -0.491767 -0.021981
v -0.006629 -0.485360 -0.020755
v -0.006652 -0.482852 -0.023948
v -0.005869 -0.488644 -0.018229
v -0.008108 -0.493789 -0.020421
v -0.005159 -0.490918 -0.017021
v -0.007312 -0.497013 -0.017912
v -0.006235 -0.499842 -0.015531
v -0.005335 -0.501457 -0.014096
v -0.004558 -0.493728 -0.014106
v -0.003878 -0.496535 -0.011576
v -0.004400 -0.503721 -0.012369
v -0.003195 -0.498323 -0.010470
v 0.027032 -0.351077 -0.025709
v 0.022764 -0.356948 -0.028429
v 0.027995 -0.357770 -0.015493
v 0.023504 -0.362240 -0.017284
v 0.024831 -0.364065 -0.030792
v 0.024660 -0.367328 -0.020681
v 0.029421 -0.370334 -0.023213
v 0.034917 -0.369909 -0.023330
v 0.029655 -0.364131 -0.005694
v -0.007223 -0.473445 -0.041202
v -0.007531 -0.469323 -0.043889
v -0.002760 -0.466747 -0.046127
v -0.001177 -0.463862 -0.052861
v -0.007007 -0.480985 -0.025139
v -0.019709 -0.477844 -0.029924
v -0.002423 -0.505731 -0.010485
v -0.001308 -0.507222 -0.012569
v -0.014401 -0.370521 -0.043603
v -0.007528 -0.363303 -0.049202
v -0.005197 -0.363539 -0.055062
v -0.014240 -0.360383 -0.040014
v -0.007860 -0.353965 -0.044485
v -0.003268 -0.376163 -0.062584
v -0.004123 -0.369568 -0.061310
v -0.003632 -0.362921 -0.060572
v -0.002297 -0.500763 -0.009000
v -0.001239 -0.503222 -0.008184
v 0.010353 -0.470416 -0.033607
v 0.010451 -0.472841 -0.030657
v 0.017010 -0.473278 -0.032748
v 0.019734 -0.457383 -0.035574
v 0.012227 -0.457579 -0.035183
v 0.010843 -0.475159 -0.028301
v 0.019039 -0.309939 -0.020831
v 0.017811 -0.317127 -0.022995
v 0.020956 -0.318957 -0.029197
v 0.024075 -0.312634 -0.033057
v 0.024362 -0.307819 -0.031837
v 0.023564 -0.305171 -0.029157
v 0.020485 -0.309136 -0.025250
v 0.019330 -0.311349 -0.023675
v 0.019168 -0.315157 -0.025298
v 0.020763 -0.316546 -0.028833
v 0.022537 -0.312975 -0.031140
v 0.023140 -0.309390 -0.031087
v 0.021199 -0.311943 -0.027651
v 0.022395 -0.307701 -0.028922
v 0.021594 -0.306857 -0.026896
v 0.018829 -0.451575 -0.039794
v 0.016322 -0.449847 -0.038720
v 0.017300 -0.452704 -0.037187
v 0.020356 -0.452996 -0.038079
v 0.018132 -0.450120 -0.041987
v 0.020970 -0.452437 -0.040825
v 0.019564 -0.451825 -0.043056
v 0.022738 -0.452587 -0.038828
v 0.022686 -0.453782 -0.036505
v 0.024966 -0.452145 -0.037158
v 0.024781 -0.451580 -0.039735
v 0.023052 -0.452510 -0.041547
v 0.026685 -0.450336 -0.038398
v 0.027619 -0.451000 -0.035841
v 0.028562 -0.448499 -0.037410
v 0.027577 -0.448426 -0.040064
v 0.026546 -0.450178 -0.040907
v 0.028122 -0.446326 -0.039550
v 0.030172 -0.445844 -0.036943
v 0.028211 -0.443649 -0.039372
v 0.026910 -0.444925 -0.042014
v 0.027589 -0.446682 -0.042281
v 0.007635 -0.468899 -0.041839
v 0.006099 -0.467277 -0.041191
v 0.004902 -0.466558 -0.042344
v 0.006828 -0.467909 -0.043109
v 0.007979 -0.471781 -0.040122
v 0.007646 -0.469725 -0.039945
v 0.008692 -0.470918 -0.042050
v 0.006818 -0.470151 -0.037956
v 0.006102 -0.468758 -0.037997
v 0.006513 -0.468137 -0.039610
v 0.005535 -0.473672 -0.038341
v 0.006692 -0.471974 -0.037996
v 0.007331 -0.473688 -0.040270
v 0.001631 -0.474090 -0.037427
v 0.003578 -0.472949 -0.036696
v 0.003726 -0.474901 -0.038780
v 0.001405 -0.465784 -0.042271
v 0.003238 -0.466213 -0.043269
v 0.003113 -0.465890 -0.041252
v 0.005261 -0.467702 -0.038518
v 0.004408 -0.466674 -0.039835
v 0.004195 -0.468473 -0.037194
v 0.005493 -0.469666 -0.036962
v 0.004873 -0.471296 -0.036604
v 0.003093 -0.469942 -0.036282
v 0.001647 -0.471585 -0.036010
v 0.001588 -0.468424 -0.036953
v 0.002914 -0.467156 -0.038252
v 0.001484 -0.466180 -0.039713
v 0.006128 -0.487507 -0.032658
v 0.001876 -0.486907 -0.033417
v 0.005828 -0.485549 -0.034856
v 0.010124 -0.486223 -0.033506
v 0.006469 -0.492583 -0.030320
v 0.001980 -0.490930 -0.031263
v 0.006313 -0.489083 -0.031738
v 0.010339 -0.489905 -0.030411
v 0.006842 -0.312720 -0.014617
v 0.012422 -0.316334 -0.015283
v 0.006299 -0.318721 -0.018700
v 0.000656 -0.314418 -0.016402
v 0.016580 -0.314541 -0.011400
v 0.021274 -0.315717 -0.010380
v 0.016964 -0.318164 -0.015003
v 0.024526 -0.315644 -0.005345
v 0.031191 -0.316598 -0.003538
v 0.027439 -0.315991 -0.009229
v 0.031075 -0.317763 0.002313
v 0.035649 -0.320888 0.004288
v 0.037956 -0.319224 -0.002609
v 0.034479 -0.325329 0.012682
v 0.038248 -0.326675 0.006910
v 0.033174 -0.320682 0.010385
v 0.029517 -0.328309 0.019069
v 0.033653 -0.331399 0.014259
v 0.031017 -0.323052 0.017665
v 0.025467 -0.324970 0.023141
v 0.022068 -0.331015 0.023194
v 0.026453 -0.335090 0.018671
v 0.012944 -0.332787 0.026022
v 0.017709 -0.338160 0.020382
v 0.017608 -0.326631 0.027766
v 0.002153 -0.333308 0.028094
v 0.007587 -0.339744 0.021764
v 0.007717 -0.327364 0.031555
v 0.026202 -0.319910 0.017270
v 0.027020 -0.321451 0.020292
v 0.029918 -0.320122 0.014635
v 0.020941 -0.322846 0.024712
v 0.023302 -0.320744 0.020418
v 0.029356 -0.318831 0.007570
v 0.025584 -0.317249 0.000097
v 0.024638 -0.319040 0.004831
v 0.026565 -0.319488 0.011474
v 0.012568 -0.324073 0.029336
v 0.016318 -0.322232 0.023988
v 0.019649 -0.321222 0.018501
v 0.023203 -0.320305 0.014531
v 0.002173 -0.324345 0.031812
v 0.007195 -0.323201 0.027317
v 0.000736 -0.311956 -0.012876
v 0.005781 -0.313956 -0.010161
v 0.011516 -0.313635 -0.011326
v 0.020306 -0.317909 -0.001887
v 0.018967 -0.315707 -0.006757
v 0.014114 -0.316063 -0.007327
v 0.022397 -0.320543 0.008504
v 0.019196 -0.321786 0.011536
v 0.015401 -0.322610 0.015252
v 0.011518 -0.322921 0.020953
v 0.001892 -0.323511 0.022539
v 0.006478 -0.323935 0.016519
v 0.015529 -0.320596 -0.000199
v 0.019973 -0.320024 0.002236
v 0.015659 -0.318642 -0.003332
v 0.018001 -0.321750 0.005545
v 0.010790 -0.323676 0.011916
v 0.014781 -0.322917 0.008539
v 0.006071 -0.324038 0.008916
v 0.001610 -0.324305 0.012663
v 0.005081 -0.319173 -0.004708
v 0.009364 -0.317102 -0.006872
v 0.000928 -0.316157 -0.007756
v 0.012083 -0.319678 -0.003262
v 0.009106 -0.321254 -0.001038
v 0.001176 -0.321433 -0.001140
v 0.005576 -0.322916 0.002417
v 0.013482 -0.322117 0.002535
v 0.010162 -0.323319 0.005505
v 0.001407 -0.323884 0.005916
v 0.068381 -0.358623 -0.009948
v 0.067600 -0.363375 -0.006244
v 0.065738 -0.366824 -0.011774
v 0.066488 -0.361553 -0.014212
v 0.070255 -0.355116 -0.005644
v 0.068736 -0.353489 -0.012141
v 0.070478 -0.350157 -0.008118
v 0.071475 -0.355789 0.005692
v 0.073537 -0.350245 0.005820
v 0.074377 -0.349935 0.011887
v 0.071836 -0.355646 0.011040
v 0.071926 -0.352167 -0.000752
v 0.071985 -0.347582 -0.003118
v 0.073855 -0.345230 0.003276
v 0.069759 -0.345693 -0.010270
v 0.070909 -0.343448 -0.006210
v 0.072315 -0.341339 -0.001575
v 0.074116 -0.338851 0.002250
v 0.075884 -0.341944 0.007600
v 0.076044 -0.344609 0.012275
v 0.073844 -0.346313 0.014782
v 0.073675 -0.351100 0.015386
v 0.071535 -0.356052 0.014919
v 0.068735 -0.360441 0.015306
v 0.068604 -0.361253 0.011631
v 0.069580 -0.340195 -0.008528
v 0.070645 -0.338509 -0.004943
v 0.077096 -0.337889 0.007924
v 0.075984 -0.339894 0.011158
v 0.071960 -0.336459 -0.001797
v 0.069772 -0.336430 -0.006454
v 0.070683 -0.334817 -0.004130
v 0.073286 -0.334419 0.000353
v 0.075347 -0.336163 0.003829
v 0.074907 -0.333521 0.002877
v 0.075576 -0.334270 0.006079
v 0.070447 -0.352888 0.016926
v 0.069913 -0.357483 0.016889
v 0.069807 -0.334213 -0.006244
v 0.069801 -0.331075 -0.005852
v 0.071586 -0.332495 -0.002420
v 0.072321 -0.331037 0.000099
v 0.068825 -0.337488 -0.009341
v 0.068470 -0.334342 -0.009416
v 0.068725 -0.342063 -0.011518
v 0.067720 -0.338675 -0.011985
v 0.065693 -0.363971 0.016534
v 0.065873 -0.359983 0.017716
v 0.061640 -0.367153 0.016476
v 0.062358 -0.370475 0.013829
v 0.065295 -0.366360 0.013479
v 0.068524 -0.348702 -0.013252
v 0.067463 -0.344508 -0.013661
v 0.059143 -0.373692 0.011442
v 0.060956 -0.376163 0.006823
v 0.063131 -0.371889 0.008634
v 0.064280 -0.373038 -0.009888
v 0.063147 -0.375298 -0.017921
v 0.063961 -0.369432 -0.018324
v 0.066660 -0.357064 -0.015354
v 0.066261 -0.352446 -0.015521
v 0.064419 -0.364155 -0.018270
v 0.064081 -0.359986 -0.018035
v 0.064250 -0.372001 0.000029
v 0.062272 -0.377491 -0.000332
v 0.062736 -0.378988 -0.009215
v 0.062076 -0.372579 -0.023420
v 0.061712 -0.367415 -0.022166
v 0.058425 -0.379440 0.002357
v 0.060497 -0.382010 -0.003183
v 0.062040 -0.381006 -0.017081
v 0.061209 -0.383195 -0.023111
v 0.062029 -0.378051 -0.023869
v 0.061235 -0.384134 -0.009599
v 0.060727 -0.386109 -0.016163
v 0.058030 -0.385857 -0.007223
v 0.059402 -0.388771 -0.011493
v 0.061050 -0.381142 -0.028223
v 0.060183 -0.376284 -0.027553
v 0.059669 -0.387685 -0.021694
v 0.058908 -0.389038 -0.025975
v 0.060401 -0.385282 -0.027606
v 0.059163 -0.390802 -0.015984
v 0.058251 -0.392091 -0.020386
v 0.059525 -0.387586 -0.030819
v 0.059432 -0.384102 -0.031698
v 0.056690 -0.392589 -0.014155
v 0.057408 -0.394964 -0.016757
v 0.057117 -0.396243 -0.019723
v 0.056632 -0.396774 -0.022703
v 0.057413 -0.392868 -0.024158
v 0.057098 -0.393914 -0.027063
v 0.058356 -0.390603 -0.029193
v 0.055030 -0.398005 -0.018614
v 0.056054 -0.399551 -0.019998
v 0.057587 -0.393095 -0.031355
v 0.057889 -0.390371 -0.033720
v 0.056457 -0.397641 -0.025279
v 0.056470 -0.398965 -0.027209
v 0.056898 -0.395820 -0.028805
v 0.054560 -0.402599 -0.022059
v 0.055897 -0.402293 -0.022919
v 0.056300 -0.399862 -0.022086
v 0.056317 -0.400621 -0.024174
v 0.056475 -0.399001 -0.029553
v 0.056347 -0.397188 -0.033186
v 0.055202 -0.405182 -0.026052
v 0.056201 -0.402299 -0.026625
v 0.055729 -0.403274 -0.030265
v 0.057341 -0.379998 -0.031383
v 0.056543 -0.387010 -0.035435
v 0.053893 -0.383215 -0.035449
v 0.054669 -0.375572 -0.029941
v 0.058321 -0.371418 -0.026056
v 0.056537 -0.366867 -0.024057
v 0.060637 -0.363006 -0.020717
v 0.059035 -0.359438 -0.019403
v 0.062852 -0.356246 -0.017446
v 0.061339 -0.351870 -0.016340
v 0.064953 -0.347721 -0.015000
v 0.062992 -0.342765 -0.014671
v 0.065793 -0.340097 -0.013814
v 0.064117 -0.335639 -0.014754
v 0.066618 -0.334832 -0.012760
v 0.064753 -0.330082 -0.014646
v 0.067465 -0.330153 -0.010402
v 0.065851 -0.324935 -0.012602
v 0.068134 -0.327097 -0.007088
v 0.068157 -0.328058 -0.003261
v 0.065905 -0.328689 -0.000693
v 0.070963 -0.331349 0.002778
v 0.052642 -0.406947 -0.026652
v 0.051398 -0.411868 -0.031880
v 0.054049 -0.408136 -0.031165
v 0.052633 -0.409216 -0.037068
v 0.054554 -0.402763 -0.035658
v 0.052897 -0.400057 -0.040711
v 0.055320 -0.394188 -0.037255
v 0.053381 -0.390530 -0.039640
v 0.051343 -0.315763 -0.023143
v 0.056053 -0.318293 -0.024122
v 0.052516 -0.323833 -0.022565
v 0.047014 -0.320534 -0.022092
v 0.061854 -0.319666 -0.020222
v 0.060969 -0.323923 -0.019233
v 0.057633 -0.314024 -0.025895
v 0.061401 -0.316031 -0.021077
v 0.064132 -0.320316 -0.015000
v 0.061705 -0.330957 -0.017099
v 0.057873 -0.326632 -0.020326
v 0.054812 -0.331038 -0.020662
v 0.049363 -0.331020 -0.022592
v 0.042199 -0.332646 -0.023959
v 0.048070 -0.340480 -0.022510
v 0.041960 -0.343212 -0.023930
v 0.057447 -0.341931 -0.015971
v 0.060976 -0.337493 -0.015426
v 0.059460 -0.347105 -0.015516
v 0.050982 -0.354727 -0.020614
v 0.053732 -0.347993 -0.017710
v 0.056043 -0.352221 -0.017288
v 0.054274 -0.357623 -0.019772
v 0.052190 -0.342987 -0.019009
v 0.055552 -0.337692 -0.017723
v 0.048481 -0.361220 -0.023756
v 0.045860 -0.355700 -0.023359
v 0.048564 -0.348866 -0.021445
v 0.057695 -0.355921 -0.018137
v 0.052671 -0.337098 -0.020231
v 0.058516 -0.333186 -0.017662
v 0.019221 -0.338223 -0.034493
v 0.021279 -0.346219 -0.033905
v 0.017331 -0.350183 -0.037067
v 0.014711 -0.342619 -0.037200
v 0.010180 -0.336033 -0.039054
v 0.012611 -0.347863 -0.039045
v 0.010193 -0.341565 -0.040511
v 0.044611 -0.409937 -0.047578
v 0.041136 -0.402901 -0.048232
v 0.045645 -0.396308 -0.045921
v 0.048380 -0.402646 -0.045639
v 0.050881 -0.407527 -0.042501
v 0.050910 -0.395534 -0.043196
v 0.050841 -0.415009 -0.036213
v 0.049687 -0.415884 -0.041045
v 0.047435 -0.418210 -0.044865
v 0.048700 -0.423092 -0.038442
v 0.047680 -0.426437 -0.041388
v 0.046100 -0.432404 -0.038871
v 0.044191 -0.436500 -0.040029
v 0.045089 -0.430202 -0.043352
v 0.040453 -0.433408 -0.045203
v 0.039989 -0.426396 -0.048126
v 0.044247 -0.422789 -0.046658
v 0.041368 -0.416097 -0.048870
v 0.035820 -0.407459 -0.050038
v 0.032264 -0.403033 -0.050557
v 0.037245 -0.399023 -0.048294
v 0.043660 -0.390874 -0.044305
v 0.046030 -0.386366 -0.041791
v 0.048535 -0.390785 -0.043299
v 0.050986 -0.386565 -0.039696
v 0.048249 -0.382656 -0.038317
v 0.051207 -0.379318 -0.034084
v 0.042871 -0.382566 -0.039787
v 0.044896 -0.378706 -0.036366
v 0.048529 -0.375264 -0.032175
v 0.052382 -0.371204 -0.027972
v 0.041511 -0.374735 -0.034426
v 0.046189 -0.371057 -0.029992
v 0.036570 -0.377091 -0.037296
v 0.032288 -0.373604 -0.037178
v 0.037120 -0.371898 -0.033594
v 0.050414 -0.366551 -0.025615
v 0.054837 -0.362488 -0.021971
v 0.044765 -0.366239 -0.027097
v 0.002154 -0.497049 -0.027416
v 0.006536 -0.495863 -0.027897
v 0.010193 -0.495661 -0.025693
v 0.006493 -0.497442 -0.026126
v 0.002071 -0.494740 -0.029436
v 0.010365 -0.493476 -0.027997
v 0.030419 -0.454958 -0.034195
v 0.027329 -0.457782 -0.035877
v 0.030414 -0.454494 -0.037032
v 0.033676 -0.452167 -0.035479
v 0.036431 -0.448727 -0.034920
v 0.035560 -0.448219 -0.038476
v 0.039052 -0.445214 -0.037528
v 0.041717 -0.441043 -0.037338
v 0.040482 -0.440190 -0.041147
v 0.035576 -0.442634 -0.043081
v 0.034624 -0.436095 -0.047698
v 0.029510 -0.438535 -0.050172
v 0.027577 -0.434172 -0.053344
v 0.032423 -0.431304 -0.050992
v 0.032226 -0.450307 -0.039681
v 0.031967 -0.445420 -0.043767
v 0.027014 -0.456260 -0.039137
v 0.029160 -0.452325 -0.040653
v 0.023928 -0.460009 -0.038722
v 0.020720 -0.460873 -0.042648
v 0.023470 -0.457257 -0.042189
v 0.018801 -0.463936 -0.043041
v 0.017472 -0.462688 -0.046858
v 0.017739 -0.460138 -0.046743
v 0.022997 -0.437860 -0.054848
v 0.019987 -0.432206 -0.057770
v 0.024837 -0.429009 -0.055793
v 0.001598 -0.475876 -0.039136
v 0.005915 -0.475364 -0.040000
v 0.004082 -0.477017 -0.039532
v 0.001640 -0.479101 -0.038801
v 0.007547 -0.478001 -0.039597
v 0.005264 -0.481174 -0.038055
v 0.009087 -0.472936 -0.041731
v 0.008659 -0.475099 -0.040802
v 0.012103 -0.473503 -0.041159
v 0.012316 -0.476805 -0.039506
v 0.008877 -0.469403 -0.043472
v 0.010737 -0.471194 -0.042811
v 0.012898 -0.469138 -0.044036
v 0.014749 -0.470702 -0.041395
v 0.005238 -0.466903 -0.044303
v 0.007930 -0.467920 -0.045433
v 0.006824 -0.467027 -0.049297
v 0.010004 -0.467885 -0.050004
v 0.011041 -0.468477 -0.046835
v 0.012880 -0.467827 -0.048558
v 0.014969 -0.467483 -0.046003
v 0.001353 -0.466165 -0.044196
v 0.003120 -0.466057 -0.046074
v 0.001197 -0.465089 -0.049116
v 0.002198 -0.463668 -0.052731
v 0.003968 -0.465380 -0.049915
v 0.004453 -0.464123 -0.053656
v 0.006439 -0.465668 -0.053161
v 0.000971 -0.461570 -0.055627
v 0.003551 -0.459116 -0.056748
v 0.003683 -0.461817 -0.055155
v 0.006127 -0.460714 -0.055570
v 0.005956 -0.463215 -0.054948
v 0.004898 -0.455793 -0.057323
v 0.008833 -0.453212 -0.055066
v 0.007931 -0.456588 -0.054634
v 0.000804 -0.456122 -0.059432
v 0.003763 -0.453680 -0.060547
v 0.007002 -0.452116 -0.058001
v 0.002042 -0.479175 -0.025097
v 0.006725 -0.480366 -0.024861
v 0.011199 -0.479562 -0.025915
v 0.006692 -0.477847 -0.025888
v 0.014949 -0.481983 -0.027414
v 0.018915 -0.480964 -0.029011
v 0.015317 -0.478811 -0.027275
v 0.018605 -0.477294 -0.029035
v 0.021864 -0.478326 -0.029976
v 0.023668 -0.476209 -0.031678
v 0.020982 -0.475388 -0.031158
v 0.022187 -0.480810 -0.031891
v 0.024395 -0.477830 -0.032031
v 0.022542 -0.474237 -0.033087
v 0.024738 -0.474938 -0.033839
v 0.024501 -0.474211 -0.035829
v 0.022568 -0.473609 -0.034729
v 0.025622 -0.476593 -0.034398
v 0.019192 -0.473620 -0.037327
v 0.021187 -0.473309 -0.036019
v 0.022977 -0.474078 -0.037203
v 0.020881 -0.474889 -0.037979
v 0.024998 -0.475778 -0.036446
v 0.023035 -0.475512 -0.037759
v 0.002090 -0.481312 -0.024151
v 0.006761 -0.482216 -0.023593
v 0.010949 -0.481761 -0.025274
v 0.013893 -0.483817 -0.026112
v 0.015819 -0.484504 -0.029027
v 0.002758 -0.507658 -0.010445
v 0.005089 -0.507792 -0.012508
v 0.007480 -0.506677 -0.011965
v 0.005617 -0.506292 -0.009532
v 0.002799 -0.501137 -0.006823
v 0.005221 -0.503077 -0.007345
v 0.007348 -0.502061 -0.008677
v 0.005469 -0.499744 -0.008041
v 0.002819 -0.504940 -0.007469
v 0.007559 -0.504293 -0.009389
v 0.002648 -0.507747 -0.014215
v 0.005337 -0.506610 -0.015878
v 0.007248 -0.506761 -0.013900
v 0.009107 -0.504693 -0.011840
v 0.009202 -0.502063 -0.011011
v 0.009165 -0.504854 -0.014211
v 0.002721 -0.498064 -0.008386
v 0.008147 -0.499347 -0.010073
v 0.005877 -0.497304 -0.009684
v 0.002659 -0.496194 -0.009765
v 0.008821 -0.497335 -0.011322
v 0.006170 -0.495546 -0.010823
v 0.010143 -0.502385 -0.013714
v 0.010042 -0.499674 -0.012596
v 0.010872 -0.500516 -0.015258
v 0.010787 -0.497913 -0.013852
v 0.008017 -0.504772 -0.016464
v 0.009913 -0.502674 -0.016238
v 0.002461 -0.491127 -0.014652
v 0.006364 -0.492757 -0.013445
v 0.009742 -0.492110 -0.016123
v 0.006511 -0.490059 -0.016432
v 0.002583 -0.493996 -0.011548
v 0.009343 -0.495087 -0.013078
v 0.011740 -0.498387 -0.017170
v 0.011490 -0.495079 -0.016322
v 0.012447 -0.495111 -0.019845
v 0.012014 -0.492036 -0.019089
v 0.008499 -0.503236 -0.018608
v 0.010593 -0.501267 -0.018079
v 0.009231 -0.501333 -0.021129
v 0.011591 -0.498392 -0.020647
v 0.009925 -0.497949 -0.023768
v 0.012116 -0.495119 -0.023029
v 0.010208 -0.489670 -0.018129
v 0.006789 -0.487785 -0.017661
v 0.002377 -0.488815 -0.016683
v 0.013181 -0.492550 -0.021834
v 0.012874 -0.489828 -0.020496
v 0.012743 -0.493332 -0.024815
v 0.010870 -0.486864 -0.019806
v 0.007031 -0.484434 -0.020178
v 0.002302 -0.485935 -0.018286
v 0.014092 -0.490078 -0.023900
v 0.013637 -0.486612 -0.023130
v 0.002179 -0.483079 -0.021615
v 0.010988 -0.483803 -0.022979
v 0.014674 -0.486736 -0.026798
v 0.013192 -0.490216 -0.027564
v 0.013535 -0.487000 -0.029881
v 0.002532 -0.505916 -0.017543
v 0.005642 -0.504638 -0.018494
v 0.002448 -0.504510 -0.019934
v 0.005855 -0.503519 -0.020828
v 0.002346 -0.502678 -0.022794
v 0.006336 -0.500665 -0.023914
v 0.002229 -0.499336 -0.025637
v 0.010317 -0.487487 -0.031794
v 0.014344 -0.485624 -0.031596
v 0.001930 -0.488340 -0.032063
v 0.001761 -0.483753 -0.036275
v 0.009509 -0.483074 -0.036672
v 0.018238 -0.483523 -0.032659
v 0.013930 -0.484258 -0.034636
v 0.024357 -0.479034 -0.034525
v 0.023715 -0.478221 -0.036370
v 0.021299 -0.481055 -0.034927
v 0.014355 -0.459479 -0.050234
v 0.013005 -0.456917 -0.050822
v 0.016954 -0.456861 -0.047617
v 0.016753 -0.464803 -0.047414
v 0.015045 -0.464159 -0.050553
v 0.014932 -0.461970 -0.050627
v 0.016882 -0.466226 -0.044160
v 0.015403 -0.465944 -0.048706
v 0.016550 -0.474619 -0.038804
v 0.017824 -0.477075 -0.038385
v 0.013579 -0.480018 -0.038088
v 0.020701 -0.478143 -0.037624
v 0.017329 -0.481464 -0.036335
v 0.008749 -0.463503 -0.054559
v 0.009383 -0.466269 -0.052827
v 0.008895 -0.458475 -0.053945
v 0.010995 -0.459782 -0.053144
v 0.008900 -0.461070 -0.054790
v 0.011886 -0.453934 -0.052321
v 0.012785 -0.466257 -0.051007
v 0.012166 -0.464025 -0.053074
v 0.011901 -0.461679 -0.053403
v 0.009439 -0.449223 -0.056850
v 0.011011 -0.445497 -0.057050
v 0.011447 -0.450010 -0.054524
v 0.007613 -0.448908 -0.060192
v 0.008921 -0.445514 -0.059426
v 0.000667 -0.453134 -0.063097
v 0.002910 -0.451149 -0.064570
v 0.005372 -0.450986 -0.062138
v 0.013458 -0.446379 -0.055234
v 0.014207 -0.450552 -0.052107
v 0.012885 -0.441496 -0.057810
v 0.015927 -0.437349 -0.058227
v 0.016353 -0.443299 -0.055509
v 0.009297 -0.440920 -0.059668
v 0.010701 -0.435282 -0.060198
v 0.007118 -0.442996 -0.062222
v 0.006270 -0.438535 -0.062221
v 0.004923 -0.449193 -0.064486
v 0.006637 -0.446703 -0.063191
v 0.013533 -0.429382 -0.060075
v 0.016844 -0.424013 -0.059352
v 0.007441 -0.426844 -0.062340
v 0.010602 -0.419948 -0.061485
v 0.004657 -0.445450 -0.065601
v 0.004741 -0.442499 -0.064746
v 0.003134 -0.439254 -0.064227
v 0.000477 -0.436414 -0.063808
v 0.003918 -0.433149 -0.063072
v 0.000546 -0.449727 -0.066041
v 0.002877 -0.447711 -0.066280
v 0.000481 -0.445839 -0.066951
v 0.002586 -0.443795 -0.066438
v 0.000472 -0.441383 -0.065746
v 0.000360 -0.427165 -0.064229
v 0.003697 -0.420023 -0.064673
v 0.013669 -0.415773 -0.059860
v 0.016600 -0.412622 -0.058219
v 0.019465 -0.419497 -0.057922
v 0.008539 -0.409324 -0.062534
v 0.011298 -0.406714 -0.060295
v 0.008817 -0.398504 -0.061109
v 0.011368 -0.398091 -0.058692
v 0.014424 -0.405294 -0.058305
v 0.018600 -0.403355 -0.056202
v 0.020500 -0.410162 -0.056156
v 0.005340 -0.411197 -0.064990
v 0.005051 -0.402021 -0.065829
v 0.007035 -0.399734 -0.063527
v 0.000170 -0.415747 -0.066378
v 0.002228 -0.409993 -0.067114
v 0.005324 -0.393908 -0.064513
v 0.005683 -0.393223 -0.062535
v 0.014771 -0.397094 -0.056085
v 0.018195 -0.393940 -0.053259
v 0.022959 -0.400302 -0.053688
v 0.007668 -0.392670 -0.058837
v 0.011184 -0.391294 -0.055464
v 0.027814 -0.398250 -0.051002
v 0.027662 -0.405823 -0.052512
v 0.002449 -0.390744 -0.064272
v 0.000029 -0.390550 -0.063349
v 0.003768 -0.391581 -0.061693
v 0.000079 -0.390063 -0.061439
v 0.003680 -0.389345 -0.060011
v 0.014438 -0.387555 -0.051798
v 0.017106 -0.383009 -0.048293
v 0.020326 -0.389107 -0.049930
v 0.009242 -0.384486 -0.054083
v 0.012046 -0.380113 -0.050209
v 0.000017 -0.406421 -0.068238
v 0.001308 -0.401443 -0.068537
v 0.002993 -0.403239 -0.067555
v -0.000079 -0.397698 -0.068693
v 0.001380 -0.394113 -0.068098
v 0.002597 -0.397624 -0.067981
v -0.000091 -0.392053 -0.067487
v 0.001520 -0.390938 -0.066407
v 0.002822 -0.392208 -0.066816
v 0.004106 -0.395258 -0.066539
v 0.003392 -0.391349 -0.065362
v -0.000043 -0.390336 -0.065519
v 0.000030 -0.387220 -0.061485
v 0.002502 -0.384391 -0.061550
v 0.005811 -0.386126 -0.058112
v 0.006139 -0.379617 -0.057330
v 0.008155 -0.376679 -0.053334
v 0.009435 -0.371211 -0.050215
v 0.011679 -0.367035 -0.046480
v 0.014889 -0.375870 -0.046645
v 0.018897 -0.372675 -0.043261
v 0.020872 -0.379569 -0.044836
v 0.006448 -0.368952 -0.054897
v 0.006135 -0.363622 -0.052759
v 0.015201 -0.365104 -0.042583
v 0.018257 -0.362355 -0.040046
v 0.022849 -0.369811 -0.040530
v -0.000149 -0.380569 -0.063776
v 0.001629 -0.375893 -0.064218
v 0.003762 -0.379167 -0.061478
v 0.003524 -0.373215 -0.062333
v 0.005384 -0.372125 -0.058522
v -0.000342 -0.371101 -0.065196
v 0.001783 -0.367453 -0.063916
v -0.000435 -0.362652 -0.064202
v 0.001644 -0.360717 -0.062210
v 0.003627 -0.365469 -0.061264
v 0.004081 -0.362866 -0.058584
v -0.000376 -0.358289 -0.060442
v 0.002650 -0.359336 -0.056937
v -0.000253 -0.357157 -0.056208
v 0.003669 -0.358021 -0.052998
v -0.000173 -0.354621 -0.053258
v 0.003884 -0.353076 -0.050005
v 0.008005 -0.358432 -0.047234
v 0.011903 -0.357190 -0.042342
v 0.010020 -0.350593 -0.042008
v 0.014949 -0.354773 -0.039256
v 0.006275 -0.350316 -0.046970
v -0.000162 -0.350733 -0.052466
v 0.002529 -0.348705 -0.051936
v 0.019954 -0.357836 -0.037170
v 0.006448 -0.346556 -0.046803
v 0.008810 -0.345499 -0.042567
v 0.006756 -0.340256 -0.045656
v 0.006774 -0.336229 -0.043735
v 0.004607 -0.331650 -0.041952
v 0.002863 -0.332447 -0.047038
v -0.000086 -0.330159 -0.044543
v 0.003774 -0.345919 -0.051554
v 0.003276 -0.342665 -0.053027
v 0.005298 -0.342137 -0.049143
v 0.003308 -0.337628 -0.052472
v 0.004038 -0.335770 -0.049753
v -0.000233 -0.346735 -0.054370
v 0.001558 -0.344313 -0.054559
v 0.001569 -0.334013 -0.052711
v -0.000258 -0.331624 -0.050141
v -0.000323 -0.341476 -0.055780
v 0.001531 -0.338983 -0.054914
v -0.000361 -0.335530 -0.054719
v 0.028086 -0.375357 -0.039647
v 0.027189 -0.369020 -0.037304
v -0.007366 -0.323493 0.006021
v -0.003068 -0.324129 0.009185
v -0.002978 -0.323001 0.002669
v -0.010878 -0.322360 0.003251
v -0.015218 -0.322078 0.006522
v -0.011806 -0.323181 0.009321
v -0.009871 -0.319896 -0.002616
v -0.013112 -0.320880 0.000643
v -0.006738 -0.321412 -0.000572
v -0.002977 -0.319254 -0.004471
v -0.007421 -0.317269 -0.006379
v -0.012208 -0.316324 -0.006554
v -0.013465 -0.318931 -0.002475
v -0.004100 -0.314055 -0.009871
v -0.007609 -0.323860 0.012457
v -0.003030 -0.324030 0.016799
v -0.016059 -0.322133 0.012572
v -0.012037 -0.322883 0.016059
v -0.017416 -0.320392 0.003337
v -0.021939 -0.319491 0.006203
v -0.019457 -0.320949 0.009736
v -0.018032 -0.318286 -0.000759
v -0.007820 -0.323114 0.021524
v -0.003126 -0.323305 0.027623
v -0.016114 -0.321573 0.019554
v -0.012448 -0.322516 0.024840
v -0.023463 -0.319970 0.012944
v -0.019912 -0.320725 0.015797
v -0.009900 -0.313849 -0.010700
v -0.014941 -0.314852 -0.010479
v -0.017024 -0.316061 -0.005702
v -0.022494 -0.316101 -0.003963
v -0.023196 -0.317724 0.001534
v -0.005446 -0.312843 -0.014260
v -0.008355 -0.324282 0.029962
v -0.003317 -0.327476 0.031887
v -0.022753 -0.320384 0.018706
v -0.019657 -0.321161 0.021683
v -0.017009 -0.323211 0.025840
v -0.013427 -0.326933 0.028697
v -0.026491 -0.319371 0.009214
v -0.030100 -0.321294 0.012246
v -0.026611 -0.320664 0.016294
v -0.028538 -0.318343 0.004069
v -0.023362 -0.321934 0.021776
v -0.021576 -0.325418 0.024540
v -0.027473 -0.323610 0.019388
v -0.008751 -0.333004 0.026671
v -0.003514 -0.339857 0.022093
v -0.018060 -0.331402 0.024394
v -0.013730 -0.338471 0.021318
v -0.025790 -0.328840 0.020709
v -0.022620 -0.335568 0.020133
v -0.031175 -0.325966 0.014615
v -0.030138 -0.332023 0.016146
v -0.032924 -0.321561 0.006307
v -0.035249 -0.327401 0.009073
v -0.029026 -0.317186 -0.001765
v -0.035669 -0.319950 -0.000441
v -0.019554 -0.316113 -0.009183
v -0.025651 -0.316507 -0.007665
v -0.010984 -0.316567 -0.014600
v -0.015479 -0.318481 -0.014053
v -0.005028 -0.318834 -0.018370
v -0.006334 -0.490071 -0.029921
v -0.002410 -0.489170 -0.031481
v -0.002413 -0.492671 -0.030059
v -0.006375 -0.486388 -0.033021
v -0.002180 -0.485629 -0.034621
v -0.002311 -0.487591 -0.032409
v 0.000163 -0.467184 -0.038171
v -0.001431 -0.466732 -0.039664
v -0.000237 -0.465923 -0.041153
v 0.000156 -0.469972 -0.036196
v -0.001028 -0.468525 -0.037041
v -0.000293 -0.472988 -0.036582
v -0.001613 -0.471361 -0.036414
v -0.003497 -0.472075 -0.037697
v -0.003656 -0.470255 -0.037648
v -0.002285 -0.469744 -0.036734
v -0.002973 -0.468849 -0.037730
v -0.002184 -0.467776 -0.038299
v -0.003489 -0.468237 -0.039316
v -0.003186 -0.467369 -0.040918
v -0.002073 -0.466627 -0.042139
v -0.000474 -0.466250 -0.043159
v -0.000524 -0.474943 -0.038655
v -0.002329 -0.473750 -0.038110
v -0.004234 -0.473803 -0.039930
v -0.004910 -0.471910 -0.039743
v -0.004608 -0.469847 -0.039584
v -0.005752 -0.471062 -0.041625
v -0.004725 -0.469022 -0.041476
v -0.004014 -0.468017 -0.042790
v -0.025109 -0.447207 -0.040731
v -0.024451 -0.445437 -0.040505
v -0.025488 -0.446860 -0.037974
v -0.024932 -0.448949 -0.038520
v -0.025619 -0.444185 -0.037789
v -0.027390 -0.446418 -0.035251
v -0.025758 -0.449041 -0.035813
v -0.023918 -0.450681 -0.039424
v -0.023906 -0.450840 -0.036911
v -0.022060 -0.452047 -0.038358
v -0.024674 -0.451522 -0.034303
v -0.022081 -0.452614 -0.035775
v -0.020422 -0.452943 -0.040269
v -0.019947 -0.453013 -0.037573
v -0.018302 -0.452829 -0.039671
v -0.019735 -0.454205 -0.035258
v -0.017517 -0.453374 -0.036965
v -0.017043 -0.452190 -0.041980
v -0.016122 -0.451923 -0.038766
v -0.015584 -0.450456 -0.040996
v -0.014420 -0.453020 -0.036255
v -0.013592 -0.450145 -0.037841
v -0.015592 -0.449184 -0.043609
v -0.014267 -0.448313 -0.039970
v -0.015412 -0.447025 -0.042465
v -0.010034 -0.447507 -0.037168
v -0.013072 -0.445654 -0.039215
v -0.023411 -0.443429 -0.040324
v -0.023372 -0.444699 -0.043535
v -0.021547 -0.443695 -0.042962
v -0.021626 -0.441314 -0.040318
v -0.025200 -0.441199 -0.038285
v -0.016869 -0.446115 -0.045158
v -0.015488 -0.444670 -0.041489
v -0.017831 -0.444413 -0.043684
v -0.019225 -0.442676 -0.041973
v -0.020079 -0.444351 -0.045488
v -0.016139 -0.441974 -0.040673
v -0.019049 -0.439111 -0.040167
v -0.011313 -0.442602 -0.038782
v -0.016024 -0.451299 -0.044555
v -0.016796 -0.453780 -0.044892
v -0.018764 -0.453606 -0.042538
v -0.014278 -0.453235 -0.047748
v -0.014606 -0.457175 -0.046689
v -0.018180 -0.456521 -0.043819
v -0.020892 -0.454463 -0.042134
v -0.022669 -0.452518 -0.040682
v -0.020782 -0.457698 -0.040888
v -0.023492 -0.454305 -0.040571
v -0.024995 -0.451360 -0.041027
v -0.025449 -0.448998 -0.041018
v -0.026469 -0.452879 -0.039018
v -0.027320 -0.449226 -0.041286
v -0.015139 -0.450060 -0.047547
v -0.016008 -0.447898 -0.046490
v -0.014452 -0.447665 -0.051066
v -0.012253 -0.450816 -0.051329
v -0.016831 -0.446006 -0.049576
v -0.018629 -0.445083 -0.047651
v -0.018268 -0.442728 -0.052604
v -0.014739 -0.443609 -0.054594
v -0.020780 -0.443391 -0.049611
v -0.022304 -0.444056 -0.046751
v -0.023775 -0.441128 -0.050093
v -0.021440 -0.438303 -0.053541
v -0.026607 -0.446763 -0.043094
v -0.025066 -0.445516 -0.043660
v -0.024795 -0.443531 -0.046891
v -0.029591 -0.446034 -0.041958
v -0.027586 -0.443399 -0.045455
v -0.027653 -0.439105 -0.048492
v -0.024803 -0.427639 -0.045702
v -0.023739 -0.425081 -0.047675
v -0.025781 -0.426039 -0.048812
v -0.027427 -0.427147 -0.046673
v -0.026729 -0.430724 -0.042867
v -0.022465 -0.432919 -0.041204
v -0.021637 -0.428193 -0.043240
v -0.029398 -0.428175 -0.043926
v -0.029629 -0.426550 -0.046781
v -0.031111 -0.426130 -0.044321
v -0.032310 -0.429169 -0.040731
v -0.030762 -0.433347 -0.039415
v -0.023112 -0.422525 -0.049133
v -0.022061 -0.424033 -0.045369
v -0.022710 -0.420785 -0.046713
v -0.016859 -0.427354 -0.039542
v -0.020720 -0.422660 -0.041685
v -0.023686 -0.417794 -0.047477
v -0.022957 -0.419010 -0.043444
v -0.025110 -0.416740 -0.044471
v -0.017546 -0.420154 -0.037765
v -0.023286 -0.416935 -0.040014
v -0.032851 -0.425699 -0.041931
v -0.032612 -0.424206 -0.045109
v -0.033118 -0.422945 -0.043264
v -0.035058 -0.424805 -0.039492
v -0.036010 -0.429019 -0.037939
v -0.033699 -0.421610 -0.041206
v -0.033383 -0.420185 -0.044809
v -0.032532 -0.419037 -0.043047
v -0.034034 -0.419635 -0.039207
v -0.037219 -0.422618 -0.037263
v -0.027121 -0.415391 -0.045638
v -0.026780 -0.416442 -0.041689
v -0.029138 -0.416572 -0.043315
v -0.031326 -0.417911 -0.041113
v -0.031166 -0.416611 -0.044962
v -0.025646 -0.414176 -0.037453
v -0.029276 -0.416120 -0.039168
v -0.033820 -0.416484 -0.036887
v -0.022623 -0.421528 -0.052747
v -0.024330 -0.424360 -0.050820
v -0.022886 -0.419422 -0.050376
v -0.020584 -0.416851 -0.054311
v -0.018461 -0.419875 -0.056807
v -0.022403 -0.424583 -0.054636
v -0.023049 -0.415531 -0.051206
v -0.025122 -0.415051 -0.048176
v -0.023875 -0.410616 -0.051756
v -0.019576 -0.410561 -0.054978
v -0.025803 -0.426308 -0.051735
v -0.028013 -0.426714 -0.049278
v -0.023508 -0.429490 -0.054371
v -0.027786 -0.428810 -0.051332
v -0.030544 -0.427378 -0.048960
v -0.031928 -0.425664 -0.046951
v -0.030751 -0.431934 -0.049134
v -0.033893 -0.428163 -0.047609
v -0.034628 -0.424396 -0.047211
v -0.034213 -0.421863 -0.046280
v -0.038234 -0.427176 -0.045827
v -0.037503 -0.421764 -0.047068
v -0.035478 -0.418439 -0.047177
v -0.033238 -0.417002 -0.046364
v -0.039860 -0.416907 -0.046481
v -0.035936 -0.413570 -0.047633
v -0.027054 -0.412434 -0.048946
v -0.029369 -0.414344 -0.046879
v -0.030108 -0.410136 -0.048959
v -0.026597 -0.406364 -0.050916
v -0.032220 -0.413545 -0.047678
v -0.034561 -0.408159 -0.047968
v -0.028511 -0.400444 -0.037458
v -0.027197 -0.396645 -0.038992
v -0.028878 -0.396136 -0.041027
v -0.030730 -0.398664 -0.038684
v -0.030519 -0.403714 -0.036123
v -0.026731 -0.407219 -0.035451
v -0.025242 -0.402735 -0.035185
v -0.032734 -0.400373 -0.036669
v -0.032770 -0.396779 -0.039825
v -0.034135 -0.397186 -0.037297
v -0.035554 -0.400906 -0.034194
v -0.033883 -0.405337 -0.034532
v -0.035734 -0.397162 -0.034351
v -0.035622 -0.393653 -0.038027
v -0.035739 -0.393598 -0.034822
v -0.037570 -0.396469 -0.030435
v -0.038675 -0.400211 -0.030735
v -0.035824 -0.394039 -0.030529
v -0.035637 -0.390326 -0.035268
v -0.034193 -0.391683 -0.031479
v -0.035816 -0.393866 -0.025650
v -0.039283 -0.395496 -0.025266
v -0.025828 -0.392981 -0.040426
v -0.025336 -0.397978 -0.035834
v -0.025432 -0.393862 -0.036736
v -0.019090 -0.404872 -0.030372
v -0.022925 -0.399752 -0.030802
v -0.025749 -0.390162 -0.037279
v -0.024996 -0.395369 -0.031934
v -0.026818 -0.392003 -0.032863
v -0.018751 -0.400326 -0.024914
v -0.024669 -0.396062 -0.026414
v -0.032696 -0.392879 -0.027553
v -0.032722 -0.388919 -0.033014
v -0.030515 -0.391219 -0.030345
v -0.028735 -0.388783 -0.033827
v -0.028043 -0.393463 -0.028264
v -0.030407 -0.393478 -0.024357
v -0.034247 -0.392106 -0.021491
v -0.026423 -0.393757 -0.021697
v -0.026707 -0.386229 -0.037478
v -0.024114 -0.384770 -0.041231
v -0.024619 -0.389156 -0.041338
v -0.024602 -0.379843 -0.040105
v -0.019892 -0.379975 -0.043637
v -0.021235 -0.385720 -0.045025
v -0.023842 -0.389952 -0.045079
v -0.026561 -0.393185 -0.043563
v -0.019456 -0.389503 -0.048761
v -0.024070 -0.393352 -0.048231
v -0.028254 -0.394952 -0.045822
v -0.031118 -0.396102 -0.042735
v -0.026811 -0.398795 -0.049396
v -0.031518 -0.397717 -0.046560
v -0.034360 -0.395861 -0.043830
v -0.035388 -0.394486 -0.040887
v -0.036048 -0.399744 -0.046136
v -0.038583 -0.394871 -0.043500
v -0.038141 -0.386080 -0.037654
v -0.035218 -0.386940 -0.035514
v -0.037338 -0.389848 -0.038321
v -0.041475 -0.383399 -0.037306
v -0.037536 -0.381986 -0.036319
v -0.040640 -0.387609 -0.039683
v -0.038469 -0.391383 -0.040969
v -0.042368 -0.391712 -0.041770
v -0.028457 -0.382422 -0.037229
v -0.031055 -0.385706 -0.034829
v -0.026870 -0.375905 -0.038031
v -0.031195 -0.379619 -0.036479
v -0.033962 -0.383210 -0.035769
v -0.035158 -0.377806 -0.035188
v -0.008094 -0.466294 -0.033542
v -0.012758 -0.463605 -0.034173
v -0.014127 -0.465876 -0.035190
v -0.010560 -0.468057 -0.034037
v -0.017705 -0.463442 -0.036701
v -0.015273 -0.466044 -0.038729
v -0.013450 -0.468010 -0.036321
v -0.016039 -0.464283 -0.042016
v -0.014144 -0.466535 -0.043248
v -0.013407 -0.468378 -0.040059
v -0.013011 -0.469865 -0.037251
v -0.012759 -0.470905 -0.035153
v -0.011693 -0.469506 -0.034689
v -0.011764 -0.470967 -0.040615
v -0.012973 -0.472139 -0.037895
v -0.012145 -0.472141 -0.033110
v -0.010238 -0.473275 -0.030793
v -0.006808 -0.471794 -0.031759
v -0.009769 -0.470657 -0.033418
v -0.014193 -0.472437 -0.035588
v -0.015006 -0.473176 -0.033570
v -0.007169 -0.469502 -0.033559
v -0.002902 -0.470628 -0.033253
v 0.001688 -0.469645 -0.033972
v -0.003261 -0.468326 -0.033630
v 0.001662 -0.466466 -0.033754
v -0.003664 -0.464021 -0.033598
v -0.019790 -0.456836 -0.033885
v -0.023353 -0.456831 -0.032906
v -0.020550 -0.460419 -0.034321
v -0.016784 -0.460193 -0.034411
v -0.024253 -0.458296 -0.034361
v -0.020980 -0.460457 -0.037402
v -0.008840 -0.461024 -0.033995
v -0.013230 -0.457927 -0.034648
v -0.002659 -0.472912 -0.030007
v 0.001768 -0.471764 -0.031961
v -0.013804 -0.474724 -0.030280
v -0.010893 -0.475732 -0.028294
v -0.006883 -0.474137 -0.028881
v -0.002658 -0.475099 -0.027671
v 0.001881 -0.473894 -0.028835
v -0.013330 -0.474917 -0.037926
v -0.015900 -0.473970 -0.036295
v -0.017821 -0.473697 -0.034872
v -0.019118 -0.474025 -0.033504
v -0.016440 -0.474067 -0.032117
v -0.018983 -0.474651 -0.031866
v -0.017290 -0.475770 -0.030033
v 0.001599 -0.461155 -0.034103
v -0.004045 -0.457753 -0.034459
v -0.016807 -0.455721 -0.035045
v -0.009792 -0.454269 -0.035254
v -0.004861 -0.449979 -0.035388
v 0.001506 -0.453626 -0.034725
v -0.005008 -0.444543 -0.036828
v 0.001410 -0.446730 -0.035657
v -0.022458 -0.454085 -0.033705
v -0.007120 -0.476786 -0.026660
v -0.002670 -0.477940 -0.025613
v 0.001968 -0.476371 -0.026696
v -0.014754 -0.477626 -0.028054
v -0.011339 -0.479076 -0.026491
v -0.024090 -0.437445 -0.039606
v -0.029989 -0.438587 -0.037084
v -0.029258 -0.443263 -0.035306
v -0.030985 -0.447190 -0.032842
v -0.027556 -0.449654 -0.033229
v -0.025849 -0.453136 -0.032495
v 0.001321 -0.442035 -0.037076
v -0.006675 -0.439382 -0.038082
v -0.015527 -0.435734 -0.039673
v 0.001252 -0.435762 -0.037308
v -0.008644 -0.431843 -0.037720
v -0.008860 -0.425107 -0.035406
v 0.001240 -0.428810 -0.035371
v -0.035123 -0.444810 -0.033365
v -0.033461 -0.449423 -0.032865
v -0.029764 -0.451676 -0.031926
v -0.036008 -0.434150 -0.036492
v -0.035706 -0.439578 -0.034774
v -0.040320 -0.437374 -0.034947
v -0.039032 -0.441848 -0.034964
v -0.027294 -0.455533 -0.032498
v 0.001246 -0.414565 -0.030336
v -0.010418 -0.410131 -0.029944
v -0.019923 -0.411781 -0.034871
v -0.009715 -0.417413 -0.033524
v 0.001242 -0.422028 -0.032978
v -0.030138 -0.410191 -0.035661
v -0.009565 -0.405520 -0.024398
v 0.001324 -0.408977 -0.025759
v -0.009981 -0.398940 -0.019204
v 0.001418 -0.403679 -0.020777
v -0.039803 -0.426995 -0.035617
v -0.040626 -0.432326 -0.034968
v -0.039511 -0.418869 -0.034562
v -0.043239 -0.423354 -0.033651
v -0.044194 -0.428758 -0.034719
v -0.043667 -0.433310 -0.036236
v -0.046221 -0.419826 -0.032685
v -0.046423 -0.424071 -0.035655
v -0.035275 -0.411528 -0.033943
v -0.041310 -0.412922 -0.031202
v -0.042047 -0.405179 -0.027880
v -0.046231 -0.406689 -0.025273
v -0.045792 -0.414055 -0.029649
v -0.048959 -0.412938 -0.028951
v -0.048593 -0.416048 -0.033305
v -0.037915 -0.405535 -0.031652
v -0.041644 -0.398921 -0.025960
v -0.042065 -0.393728 -0.019497
v -0.045186 -0.397395 -0.020287
v -0.051683 -0.403610 -0.018919
v -0.049980 -0.408018 -0.023650
v -0.048649 -0.401257 -0.019723
v -0.049531 -0.395813 -0.014911
v -0.052025 -0.398877 -0.015404
v -0.030423 -0.389379 -0.018827
v -0.034995 -0.383912 -0.016737
v -0.038948 -0.388755 -0.017634
v -0.043778 -0.386003 -0.012366
v -0.046405 -0.391860 -0.014061
v -0.051002 -0.389979 -0.008853
v -0.053546 -0.393556 -0.010872
v -0.042616 -0.378296 -0.010508
v -0.045769 -0.378042 -0.004217
v -0.048031 -0.384517 -0.006753
v -0.037952 -0.376747 -0.015415
v -0.038486 -0.369862 -0.015313
v -0.040940 -0.371323 -0.009522
v -0.030390 -0.380143 -0.017459
v -0.034005 -0.374244 -0.018278
v -0.051584 -0.382558 -0.000505
v -0.054632 -0.386961 -0.003904
v -0.019240 -0.392094 -0.017374
v -0.025473 -0.385765 -0.016353
v 0.001524 -0.395617 -0.014455
v -0.008835 -0.389833 -0.011048
v -0.006847 -0.382573 -0.001941
v -0.015497 -0.383049 -0.008287
v 0.001707 -0.387574 -0.005505
v -0.022331 -0.380380 -0.013994
v -0.027311 -0.376261 -0.017740
v -0.018065 -0.376420 -0.006574
v -0.021761 -0.374815 -0.013050
v -0.006295 -0.372868 0.004017
v -0.013458 -0.375602 -0.000513
v 0.001837 -0.378645 0.001965
v -0.005213 -0.365952 0.008411
v -0.013276 -0.367793 0.005837
v 0.001886 -0.369739 0.006640
v -0.018810 -0.369828 -0.001172
v -0.019747 -0.370471 -0.007293
v -0.037168 -0.366162 -0.009180
v -0.037527 -0.364481 -0.015546
v -0.035557 -0.359569 -0.016165
v -0.033288 -0.361855 -0.010268
v -0.041959 -0.372384 -0.001567
v -0.036038 -0.367879 -0.001456
v -0.037338 -0.364064 -0.018769
v -0.036276 -0.369071 -0.018305
v -0.035006 -0.369004 -0.020390
v -0.031582 -0.372654 -0.019865
v -0.030173 -0.371205 -0.021746
v -0.025856 -0.372947 -0.018413
v -0.024654 -0.369707 -0.020666
v -0.021603 -0.370109 -0.014358
v -0.021240 -0.365349 -0.017616
v -0.021213 -0.365455 -0.010330
v -0.030540 -0.364560 -0.004413
v -0.029340 -0.357799 -0.013779
v -0.026155 -0.361780 -0.008771
v -0.022875 -0.360136 -0.014690
v -0.023150 -0.365932 -0.004251
v -0.027009 -0.366168 0.000127
v -0.032783 -0.367182 0.004169
v -0.021193 -0.367446 0.003317
v -0.038110 -0.366228 -0.023027
v -0.037537 -0.364647 -0.020543
v -0.034346 -0.368996 -0.023139
v -0.042949 -0.367114 -0.024518
v -0.041436 -0.362406 -0.021991
v -0.038173 -0.369317 -0.026807
v -0.033140 -0.369350 -0.026945
v -0.028635 -0.369445 -0.025039
v -0.026211 -0.367297 -0.029318
v -0.023175 -0.365840 -0.024452
v -0.025963 -0.369550 -0.035742
v -0.030363 -0.370006 -0.031392
v -0.022646 -0.364225 -0.033608
v -0.021577 -0.361066 -0.028511
v -0.021417 -0.360037 -0.021780
v -0.018958 -0.358224 -0.036026
v -0.020338 -0.354613 -0.031406
v -0.032753 -0.354947 -0.018561
v -0.029218 -0.350680 -0.022750
v -0.025570 -0.355143 -0.019313
v -0.034214 -0.346280 -0.023024
v -0.029889 -0.340281 -0.026397
v -0.025210 -0.346985 -0.027668
v -0.022702 -0.354034 -0.025657
v -0.020320 -0.346633 -0.032682
v -0.039413 -0.359292 -0.021095
v -0.037431 -0.358506 -0.019925
v -0.044042 -0.356597 -0.020716
v -0.040462 -0.352896 -0.021419
v -0.036324 -0.352830 -0.021299
v -0.040436 -0.344033 -0.021508
v -0.035592 -0.372623 -0.031457
v -0.011312 -0.361584 0.010294
v -0.016114 -0.356804 0.012656
v -0.023340 -0.358841 0.012004
v -0.019244 -0.363397 0.008714
v -0.030445 -0.359913 0.013179
v -0.036015 -0.359255 0.015557
v -0.039428 -0.363446 0.015217
v -0.033258 -0.364138 0.011408
v -0.038372 -0.368321 0.009208
v -0.026853 -0.364944 0.007114
v -0.026219 -0.353561 0.014834
v -0.031933 -0.355911 0.015464
v -0.004352 -0.358548 0.012486
v 0.001935 -0.362691 0.010700
v -0.003819 -0.349878 0.016128
v -0.009824 -0.353711 0.014058
v 0.001961 -0.354537 0.014357
v -0.014447 -0.348229 0.016094
v -0.020099 -0.351235 0.014875
v -0.024170 -0.344723 0.016501
v -0.030447 -0.347923 0.016228
v -0.036476 -0.352202 0.016763
v -0.041306 -0.356734 0.017197
v -0.043183 -0.367847 0.014280
v -0.046890 -0.372175 0.012202
v -0.043200 -0.372634 0.005988
v -0.045102 -0.361426 0.017648
v -0.048503 -0.366142 0.017832
v -0.048056 -0.353996 0.017817
v -0.051804 -0.358915 0.019106
v -0.051951 -0.370818 0.017192
v -0.054895 -0.374827 0.014796
v -0.050941 -0.376687 0.009508
v -0.055021 -0.363824 0.020279
v -0.057226 -0.368337 0.019972
v -0.047659 -0.377464 0.002654
v -0.054597 -0.380566 0.005681
v -0.043320 -0.349291 0.016778
v -0.051903 -0.346983 0.016196
v -0.056197 -0.351506 0.018079
v -0.037859 -0.344505 0.015690
v -0.059649 -0.356464 0.020332
v -0.061524 -0.361250 0.021468
v -0.064207 -0.349360 0.018891
v -0.066277 -0.354245 0.020959
v -0.035222 -0.339431 0.014323
v -0.044334 -0.339243 0.012020
v -0.047457 -0.343107 0.014284
v 0.001997 -0.345396 0.018685
v -0.009062 -0.344613 0.018167
v -0.018681 -0.342200 0.018388
v -0.027795 -0.338156 0.016960
v -0.035651 -0.333892 0.012213
v -0.056065 -0.341243 0.013305
v -0.060280 -0.344869 0.016032
v -0.042734 -0.334694 0.009320
v -0.050150 -0.334140 0.007184
v -0.052434 -0.337885 0.010362
v -0.041987 -0.328521 0.005017
v -0.059050 -0.335888 0.009458
v -0.063199 -0.339071 0.012948
v -0.067362 -0.343139 0.016454
v -0.069925 -0.347735 0.019023
v -0.069189 -0.337263 0.012390
v -0.072408 -0.341361 0.015530
v -0.049997 -0.329021 0.002575
v -0.055912 -0.329320 0.002343
v -0.055971 -0.332814 0.005947
v -0.059997 -0.331344 0.004900
v -0.064219 -0.334044 0.008503
v -0.043448 -0.322503 -0.001460
v -0.051366 -0.322836 -0.004244
v -0.068057 -0.332731 0.006866
v -0.072412 -0.335739 0.010432
v -0.059093 -0.326744 -0.000756
v -0.063257 -0.329973 0.003104
v -0.057029 -0.321868 -0.006782
v -0.060725 -0.321961 -0.007554
v -0.062291 -0.325773 -0.002826
v -0.052817 -0.316736 -0.013007
v -0.057222 -0.316245 -0.014974
v -0.063291 -0.324490 -0.005824
v -0.065857 -0.328434 -0.003154
v -0.065652 -0.329392 0.000670
v -0.038428 -0.317663 -0.007242
v -0.046392 -0.318374 -0.008874
v -0.049537 -0.315021 -0.016576
v -0.054002 -0.312949 -0.020291
v -0.057283 -0.313555 -0.021113
v -0.060169 -0.317244 -0.017522
v -0.060291 -0.318368 -0.013532
v -0.062436 -0.321579 -0.011291
v -0.053327 -0.313424 -0.022232
v -0.056766 -0.315164 -0.022544
v 0.000514 -0.321481 -0.023332
v -0.003594 -0.324083 -0.027783
v -0.008043 -0.322635 -0.022767
v -0.006979 -0.324067 -0.028605
v -0.011433 -0.323955 -0.026267
v -0.012727 -0.321736 -0.019713
v 0.000247 -0.325196 -0.032964
v -0.005014 -0.325774 -0.034035
v -0.016187 -0.318765 -0.017550
v -0.019679 -0.316875 -0.012992
v -0.023841 -0.314670 -0.013318
v -0.030686 -0.315904 -0.009555
v -0.032004 -0.314682 -0.014490
v -0.038415 -0.316484 -0.013607
v -0.019415 -0.314234 -0.025407
v -0.019104 -0.316829 -0.026049
v -0.021040 -0.315654 -0.028833
v -0.021241 -0.313187 -0.028144
v -0.020031 -0.311201 -0.025196
v -0.019014 -0.310804 -0.023222
v -0.018192 -0.313628 -0.023147
v -0.020471 -0.308305 -0.025030
v -0.021305 -0.310270 -0.027162
v -0.021406 -0.307626 -0.026565
v -0.022474 -0.306633 -0.027840
v -0.022369 -0.305039 -0.026190
v -0.021168 -0.306098 -0.025237
v -0.020723 -0.305275 -0.022898
v -0.019672 -0.307727 -0.022726
v -0.022377 -0.309102 -0.028843
v -0.023266 -0.309110 -0.030200
v -0.023675 -0.306752 -0.029189
v -0.022556 -0.311431 -0.030016
v -0.022860 -0.313331 -0.031005
v -0.024166 -0.310387 -0.031439
v -0.020069 -0.318237 -0.027873
v -0.022252 -0.316701 -0.030361
v -0.017366 -0.316700 -0.023021
v -0.018142 -0.319512 -0.024877
v -0.018151 -0.311029 -0.021371
v -0.017022 -0.314047 -0.020332
v -0.018994 -0.307836 -0.020274
v -0.024171 -0.305052 -0.025078
v -0.022226 -0.304447 -0.023895
v -0.023950 -0.305327 -0.027410
v -0.024921 -0.308100 -0.030163
v -0.025529 -0.306838 -0.028234
v -0.024656 -0.313226 -0.031701
v -0.026194 -0.310600 -0.030685
v -0.020712 -0.320432 -0.027932
v -0.024194 -0.317800 -0.030021
v -0.016575 -0.318397 -0.021383
v -0.018119 -0.321685 -0.024407
v -0.018380 -0.310319 -0.018315
v -0.017042 -0.315425 -0.018432
v -0.020503 -0.305727 -0.020514
v -0.020667 -0.307757 -0.018198
v -0.022411 -0.305072 -0.021631
v -0.022579 -0.325515 -0.027308
v -0.017569 -0.326685 -0.028495
v -0.020158 -0.330277 -0.030233
v -0.025463 -0.327805 -0.027631
v -0.031648 -0.318640 -0.025351
v -0.027852 -0.318832 -0.027855
v -0.026487 -0.322822 -0.027211
v -0.030180 -0.323841 -0.025678
v -0.036081 -0.319185 -0.021875
v -0.032939 -0.315049 -0.021904
v -0.030416 -0.313893 -0.025224
v -0.029216 -0.331053 -0.026508
v -0.033954 -0.327331 -0.024000
v -0.034201 -0.333734 -0.024009
v -0.040885 -0.333474 -0.021518
v -0.039763 -0.324913 -0.021576
v -0.035626 -0.315795 -0.018440
v -0.031457 -0.313294 -0.018611
v -0.030365 -0.311883 -0.021631
v -0.027771 -0.309530 -0.021163
v -0.027017 -0.308200 -0.023510
v -0.028942 -0.310657 -0.024272
v -0.026190 -0.307019 -0.025915
v -0.026968 -0.309294 -0.028537
v -0.027764 -0.309517 -0.026505
v -0.028391 -0.311968 -0.027700
v -0.027258 -0.314322 -0.029625
v -0.024384 -0.321557 -0.028209
v -0.045821 -0.321459 -0.019365
v -0.040699 -0.318110 -0.018347
v -0.026758 -0.312713 -0.015492
v -0.027758 -0.311010 -0.018462
v -0.024751 -0.308949 -0.018710
v -0.025317 -0.307644 -0.020731
v -0.045059 -0.316839 -0.015439
v -0.024686 -0.306084 -0.022733
v -0.023107 -0.306810 -0.019763
v -0.019230 -0.313808 -0.015945
v -0.022508 -0.310409 -0.016548
v -0.020369 -0.323809 -0.026587
v -0.014319 -0.331574 -0.033354
v -0.018462 -0.338598 -0.033385
v -0.024279 -0.335295 -0.029730
v -0.016214 -0.324227 -0.024939
v -0.011613 -0.326570 -0.031265
v -0.015916 -0.320870 -0.021063
v -0.006920 -0.330208 -0.037009
v -0.050298 -0.316776 -0.020155
v -0.004530 -0.331741 -0.041684
v -0.009770 -0.336232 -0.038467
v 0.000054 -0.328897 -0.040037
v -0.067499 -0.358023 0.004932
v -0.068813 -0.353530 0.003418
v -0.067370 -0.356466 -0.001580
v -0.066379 -0.360563 0.001197
v -0.065221 -0.362486 0.010568
v -0.067906 -0.357166 0.009804
v -0.065702 -0.362274 0.005461
v -0.062035 -0.368002 0.011854
v -0.061070 -0.367620 0.017192
v -0.064583 -0.362579 0.015550
v -0.064585 -0.364692 -0.002358
v -0.063383 -0.367300 0.004151
v -0.060698 -0.373246 0.003703
v -0.059079 -0.373107 0.012227
v -0.063981 -0.362853 -0.010376
v -0.062981 -0.368106 -0.007990
v -0.065678 -0.359956 -0.006004
v -0.067841 -0.351500 -0.004023
v -0.066265 -0.354828 -0.008167
v -0.067954 -0.357032 0.015164
v -0.070558 -0.351357 0.016173
v -0.070074 -0.351638 0.010075
v -0.070653 -0.346588 0.007591
v -0.069114 -0.348907 0.001096
v -0.068307 -0.344748 -0.002048
v -0.067341 -0.347022 -0.006209
v -0.072486 -0.343378 0.011997
v -0.071099 -0.340245 0.006560
v -0.069484 -0.342658 0.002669
v -0.069625 -0.352520 0.019616
v -0.072308 -0.346063 0.016659
v -0.064516 -0.361768 0.019229
v -0.067419 -0.357434 0.019017
v -0.068062 -0.339831 -0.000819
v -0.067176 -0.341504 -0.004466
v -0.073753 -0.339374 0.012371
v -0.068106 -0.336191 -0.000043
v -0.067311 -0.337772 -0.002406
v -0.069221 -0.337831 0.002381
v -0.072279 -0.337617 0.008181
v -0.070450 -0.335845 0.004583
v -0.071940 -0.334983 0.007194
v -0.065657 -0.358830 0.020886
v -0.068944 -0.333897 0.001710
v -0.067388 -0.332444 -0.001822
v -0.067369 -0.335576 -0.002209
v -0.069563 -0.332451 0.004268
v -0.066232 -0.335677 -0.005457
v -0.066522 -0.338812 -0.005346
v -0.065566 -0.339989 -0.008066
v -0.066459 -0.343381 -0.007524
v -0.061335 -0.365236 0.020270
v -0.058032 -0.371675 0.017368
v -0.065277 -0.345824 -0.009758
v -0.066217 -0.350038 -0.009285
v -0.056926 -0.377337 0.010290
v -0.061538 -0.370682 -0.014634
v -0.060580 -0.376530 -0.014283
v -0.061286 -0.374290 -0.006196
v -0.064014 -0.353744 -0.011691
v -0.064310 -0.358369 -0.011504
v -0.061834 -0.361241 -0.014333
v -0.062101 -0.365416 -0.014551
v -0.059585 -0.380205 -0.005618
v -0.058633 -0.378696 0.003223
v -0.059558 -0.368623 -0.018601
v -0.059892 -0.373794 -0.019834
v -0.056939 -0.383176 0.000271
v -0.059761 -0.379261 -0.020288
v -0.058792 -0.384376 -0.019578
v -0.059310 -0.382208 -0.013511
v -0.057840 -0.387257 -0.012667
v -0.058007 -0.385309 -0.006089
v -0.056188 -0.389871 -0.008079
v -0.058166 -0.377459 -0.024073
v -0.058978 -0.382328 -0.024691
v -0.058209 -0.386441 -0.024112
v -0.056535 -0.390137 -0.022565
v -0.057069 -0.388793 -0.018246
v -0.055466 -0.393099 -0.017004
v -0.056157 -0.391843 -0.012560
v -0.057506 -0.385231 -0.028249
v -0.057479 -0.388710 -0.027366
v -0.054352 -0.395891 -0.013413
v -0.054835 -0.393897 -0.020831
v -0.053872 -0.397764 -0.019421
v -0.054192 -0.397180 -0.016397
v -0.056148 -0.391703 -0.025814
v -0.054682 -0.394978 -0.023762
v -0.053085 -0.400492 -0.016743
v -0.055964 -0.391439 -0.030352
v -0.055467 -0.394176 -0.028017
v -0.054565 -0.396906 -0.025520
v -0.053973 -0.400060 -0.023960
v -0.053849 -0.398699 -0.022024
v -0.053444 -0.400886 -0.018838
v -0.053069 -0.403395 -0.019721
v -0.053586 -0.401714 -0.020943
v -0.054264 -0.398252 -0.029922
v -0.054135 -0.400095 -0.026298
v -0.053606 -0.403423 -0.023406
v -0.052528 -0.406319 -0.022904
v -0.053351 -0.404384 -0.027066
v -0.052202 -0.384231 -0.032317
v -0.054783 -0.388053 -0.032142
v -0.055471 -0.381106 -0.028062
v -0.056309 -0.372559 -0.022686
v -0.052797 -0.376639 -0.026780
v -0.058489 -0.364194 -0.017215
v -0.054502 -0.367974 -0.020793
v -0.060647 -0.357477 -0.013816
v -0.056885 -0.360594 -0.015996
v -0.062782 -0.348993 -0.011248
v -0.059161 -0.353072 -0.012799
v -0.063745 -0.341381 -0.010020
v -0.060942 -0.343997 -0.011044
v -0.064612 -0.336132 -0.008915
v -0.062254 -0.336890 -0.011064
v -0.065352 -0.331473 -0.006502
v -0.062941 -0.331346 -0.010904
v -0.063943 -0.326226 -0.008793
v -0.051633 -0.409244 -0.028075
v -0.052514 -0.403821 -0.032507
v -0.050550 -0.410268 -0.034042
v -0.053536 -0.395203 -0.034033
v -0.051209 -0.401050 -0.037637
v -0.051807 -0.391501 -0.036525
v -0.051283 -0.324866 -0.019517
v -0.055005 -0.319398 -0.020862
v -0.059522 -0.325119 -0.015698
v -0.060522 -0.320883 -0.016640
v -0.056475 -0.327767 -0.016975
v -0.060068 -0.332163 -0.013541
v -0.047995 -0.331990 -0.019732
v -0.053353 -0.332114 -0.017493
v -0.046505 -0.341423 -0.019730
v -0.057346 -0.348269 -0.012088
v -0.059120 -0.338684 -0.011924
v -0.055498 -0.343055 -0.012667
v -0.052190 -0.358684 -0.016642
v -0.053920 -0.353318 -0.014055
v -0.051730 -0.349044 -0.014612
v -0.049012 -0.355724 -0.017674
v -0.053793 -0.338780 -0.014524
v -0.050369 -0.344010 -0.015997
v -0.046767 -0.349816 -0.018642
v -0.046566 -0.362168 -0.020962
v -0.055545 -0.357050 -0.014808
v -0.051044 -0.338131 -0.017187
v -0.056876 -0.334331 -0.014294
v -0.014031 -0.342906 -0.036355
v -0.016486 -0.350520 -0.036073
v -0.009738 -0.341763 -0.039926
v -0.011937 -0.348108 -0.038323
v -0.046934 -0.403566 -0.042827
v -0.044342 -0.397172 -0.043265
v -0.039850 -0.403695 -0.045848
v -0.043142 -0.410806 -0.044996
v -0.049455 -0.396473 -0.040227
v -0.049153 -0.408516 -0.039557
v -0.047706 -0.416874 -0.038187
v -0.045513 -0.427377 -0.038651
v -0.045637 -0.419142 -0.042130
v -0.042968 -0.431083 -0.040764
v -0.041750 -0.437359 -0.037503
v -0.042471 -0.423655 -0.044109
v -0.038384 -0.434194 -0.042885
v -0.031130 -0.403664 -0.048692
v -0.047177 -0.391691 -0.040471
v -0.044669 -0.387246 -0.039118
v -0.049489 -0.387512 -0.036726
v -0.049508 -0.380310 -0.031119
v -0.046745 -0.383582 -0.035519
v -0.043363 -0.379582 -0.033771
v -0.050485 -0.372229 -0.024948
v -0.046802 -0.376213 -0.029372
v -0.044432 -0.371960 -0.027329
v -0.039958 -0.375548 -0.032031
v -0.030952 -0.374235 -0.035318
v -0.052778 -0.363561 -0.018807
v -0.048486 -0.367538 -0.022708
v -0.002094 -0.497528 -0.025873
v -0.005797 -0.495820 -0.025223
v -0.002272 -0.495950 -0.027638
v -0.006147 -0.493640 -0.027512
v -0.030675 -0.452809 -0.033588
v -0.027465 -0.455071 -0.035330
v -0.036300 -0.445965 -0.035312
v -0.032811 -0.448901 -0.036466
v -0.038040 -0.440972 -0.038838
v -0.032659 -0.436765 -0.045720
v -0.033209 -0.443319 -0.041059
v -0.025996 -0.434706 -0.051769
v -0.029512 -0.450923 -0.037866
v -0.024159 -0.456770 -0.037632
v -0.017992 -0.461259 -0.041510
v -0.015272 -0.460467 -0.045773
v -0.014962 -0.463012 -0.045904
v -0.018720 -0.432592 -0.056632
v -0.000881 -0.477066 -0.039386
v -0.002771 -0.475450 -0.039745
v 0.024720 -0.418535 -0.044846
v 0.025208 -0.416452 -0.041440
v 0.019676 -0.419782 -0.038859
v 0.022663 -0.422227 -0.042960
v 0.026763 -0.416223 -0.045996
v 0.024317 -0.420316 -0.048096
v 0.025187 -0.417307 -0.048914
v 0.023813 -0.423575 -0.046718
v 0.019029 -0.426996 -0.040597
v 0.023598 -0.427742 -0.044570
v 0.025373 -0.424591 -0.049119
v 0.024611 -0.422049 -0.050536
v 0.031303 -0.427569 -0.045711
v 0.028752 -0.430171 -0.044499
v 0.033032 -0.432711 -0.041290
v 0.034416 -0.428501 -0.042692
v 0.032949 -0.425491 -0.046205
v 0.031333 -0.425942 -0.048573
v 0.029154 -0.426582 -0.048337
v 0.026602 -0.427127 -0.047213
v 0.024637 -0.432450 -0.042588
v 0.027363 -0.425510 -0.050375
v 0.026841 -0.443016 -0.048409
v 0.025587 -0.440636 -0.051544
v 0.029708 -0.442828 -0.047140
v 0.028936 -0.446209 -0.044727
v 0.029803 -0.448656 -0.042965
v 0.035882 -0.355235 0.013470
v 0.040029 -0.358497 0.013321
v 0.045355 -0.355870 0.014649
v 0.040419 -0.351436 0.014502
v 0.030095 -0.353000 0.013178
v 0.034285 -0.347278 0.014323
v 0.027972 -0.344204 0.014963
v 0.023943 -0.350795 0.013579
v 0.013689 -0.353476 0.013367
v 0.019947 -0.356445 0.011596
v 0.018314 -0.347902 0.015129
v 0.008233 -0.358422 0.012116
v 0.007742 -0.349762 0.015788
v 0.008999 -0.365810 0.007993
v 0.015111 -0.361321 0.009518
v 0.027161 -0.358337 0.010520
v 0.034343 -0.359267 0.011275
v 0.030502 -0.364373 0.005428
v 0.022970 -0.362976 0.007473
v 0.016933 -0.367492 0.004949
v 0.024680 -0.366989 0.001969
v 0.036292 -0.366493 0.002139
v 0.042189 -0.367518 0.006840
v 0.037130 -0.363436 0.009339
v 0.043498 -0.362620 0.012779
v 0.031846 -0.369385 -0.033221
v 0.034867 -0.368672 -0.028944
v 0.039904 -0.368538 -0.029102
v 0.042169 -0.352073 -0.023849
v 0.038044 -0.352088 -0.023485
v 0.035706 -0.345583 -0.025080
v 0.039343 -0.357740 -0.022182
v 0.037714 -0.358839 -0.018319
v 0.034683 -0.354275 -0.020544
v 0.043301 -0.361561 -0.024482
v 0.041269 -0.358488 -0.023467
v 0.034951 -0.422264 -0.045264
v 0.034362 -0.423538 -0.047078
v 0.034817 -0.425021 -0.043919
v 0.038271 -0.428263 -0.040118
v 0.037145 -0.424070 -0.041610
v 0.034301 -0.418369 -0.045011
v 0.035069 -0.419502 -0.046821
v 0.035624 -0.420912 -0.043242
v 0.039390 -0.421824 -0.039506
v 0.036037 -0.418922 -0.041263
v 0.030848 -0.415974 -0.045079
v 0.028587 -0.415891 -0.043317
v 0.028675 -0.414835 -0.047278
v 0.032776 -0.415973 -0.046842
v 0.033188 -0.417264 -0.043008
v 0.031221 -0.415518 -0.040947
v 0.027660 -0.413649 -0.039021
v 0.035898 -0.415782 -0.038935
v 0.024250 -0.418952 -0.051762
v 0.025764 -0.423860 -0.052292
v 0.023891 -0.421065 -0.054114
v 0.023620 -0.424125 -0.055989
v 0.021670 -0.416430 -0.055553
v 0.026524 -0.414536 -0.049694
v 0.024287 -0.415059 -0.052597
v 0.024981 -0.410129 -0.053192
v 0.029577 -0.426140 -0.050971
v 0.027219 -0.425779 -0.053293
v 0.029272 -0.428241 -0.053010
v 0.033600 -0.425011 -0.048878
v 0.032135 -0.426754 -0.050803
v 0.035573 -0.427471 -0.049651
v 0.035845 -0.421165 -0.048339
v 0.036254 -0.423690 -0.049295
v 0.039079 -0.421001 -0.049320
v 0.034769 -0.416323 -0.048363
v 0.036986 -0.417717 -0.049307
v 0.037319 -0.412840 -0.049786
v 0.030825 -0.413744 -0.048648
v 0.028355 -0.411881 -0.050575
v 0.031357 -0.409524 -0.050766
v 0.033607 -0.412889 -0.049613
v 0.032349 -0.398037 -0.040539
v 0.030312 -0.395545 -0.042767
v 0.028765 -0.396087 -0.040638
v 0.030242 -0.399859 -0.039186
v 0.027160 -0.402214 -0.036726
v 0.028721 -0.406671 -0.037083
v 0.032393 -0.403099 -0.037977
v 0.035805 -0.396507 -0.039359
v 0.034282 -0.396116 -0.041798
v 0.034506 -0.399721 -0.038652
v 0.035884 -0.404689 -0.036598
v 0.037487 -0.400237 -0.036361
v 0.037489 -0.392895 -0.036984
v 0.037178 -0.392940 -0.040171
v 0.037584 -0.396477 -0.036521
v 0.040808 -0.399527 -0.033106
v 0.039649 -0.395786 -0.032733
v 0.036098 -0.391001 -0.033551
v 0.037288 -0.389609 -0.037415
v 0.037842 -0.393352 -0.032710
v 0.041652 -0.394802 -0.027682
v 0.038124 -0.393186 -0.027842
v 0.027080 -0.393339 -0.038280
v 0.027120 -0.397456 -0.037376
v 0.027242 -0.392452 -0.041987
v 0.025046 -0.399274 -0.032213
v 0.021347 -0.404469 -0.031561
v 0.028653 -0.391451 -0.034494
v 0.026959 -0.394851 -0.033461
v 0.027291 -0.389633 -0.038838
v 0.026972 -0.395547 -0.027933
v 0.021238 -0.399927 -0.026090
v 0.032477 -0.390594 -0.032198
v 0.034474 -0.388252 -0.034991
v 0.034863 -0.392225 -0.029546
v 0.030180 -0.392883 -0.029976
v 0.030444 -0.388193 -0.035567
v 0.036765 -0.391433 -0.023590
v 0.032779 -0.392857 -0.026217
v 0.028959 -0.393205 -0.023326
v 0.025906 -0.388652 -0.042823
v 0.025322 -0.384278 -0.042685
v 0.028157 -0.385682 -0.039091
v 0.022245 -0.385286 -0.046303
v 0.025777 -0.379341 -0.041586
v 0.027794 -0.392643 -0.045161
v 0.024928 -0.389466 -0.046512
v 0.025039 -0.392862 -0.049674
v 0.032448 -0.395469 -0.044604
v 0.029387 -0.394377 -0.047517
v 0.032657 -0.397079 -0.048447
v 0.036790 -0.393772 -0.043011
v 0.035617 -0.395168 -0.045888
v 0.039836 -0.394102 -0.045809
v 0.038800 -0.389095 -0.040562
v 0.036783 -0.386224 -0.037631
v 0.039566 -0.385308 -0.039940
v 0.041977 -0.386793 -0.042113
v 0.038962 -0.381225 -0.038568
v 0.039804 -0.390610 -0.043273
v 0.032639 -0.385071 -0.036701
v 0.029843 -0.381840 -0.038943
v 0.032568 -0.378983 -0.038353
v 0.035442 -0.382518 -0.037809
v 0.031099 -0.323221 -0.027473
v 0.027311 -0.322269 -0.028791
v 0.028556 -0.318254 -0.029502
v 0.032481 -0.317996 -0.027220
v 0.031168 -0.313281 -0.027014
v 0.033890 -0.314387 -0.023857
v 0.037110 -0.318454 -0.024017
v 0.035022 -0.326642 -0.026022
v 0.030211 -0.330460 -0.028255
v 0.026344 -0.327282 -0.029154
v 0.040911 -0.324108 -0.023942
v 0.035387 -0.333041 -0.026054
v 0.031286 -0.311278 -0.023424
v 0.032552 -0.312663 -0.020486
v 0.036773 -0.315072 -0.020568
v 0.029706 -0.310073 -0.025976
v 0.027806 -0.307648 -0.025099
v 0.028708 -0.308975 -0.022799
v 0.028384 -0.308953 -0.028135
v 0.027456 -0.308748 -0.030117
v 0.025993 -0.306315 -0.029733
v 0.026810 -0.306479 -0.027453
v 0.028973 -0.311393 -0.029364
v 0.027767 -0.313758 -0.031227
v 0.026571 -0.310062 -0.032224
v 0.025121 -0.321048 -0.029666
v 0.024746 -0.317295 -0.031460
v 0.041894 -0.317285 -0.020772
v 0.028852 -0.310463 -0.020112
v 0.028000 -0.312187 -0.017107
v 0.033320 -0.314042 -0.016425
v 0.026265 -0.307135 -0.022231
v 0.025824 -0.308458 -0.020185
v 0.039839 -0.315705 -0.015913
v 0.046386 -0.315927 -0.018129
v 0.024795 -0.304549 -0.026500
v 0.025481 -0.305579 -0.024189
v 0.023230 -0.304606 -0.022960
v 0.024078 -0.306340 -0.021141
v 0.023694 -0.309954 -0.017896
v 0.020480 -0.313407 -0.017101
v 0.025214 -0.314196 -0.014767
v 0.021718 -0.307323 -0.019430
v 0.023449 -0.325044 -0.028661
v 0.021246 -0.323379 -0.027811
v 0.020935 -0.329867 -0.031443
v 0.025175 -0.334803 -0.031185
v 0.014940 -0.331284 -0.034217
v 0.031072 -0.339674 -0.028190
v 0.018390 -0.326323 -0.029553
v 0.012259 -0.326334 -0.031971
v 0.012334 -0.323717 -0.026967
v 0.017201 -0.323883 -0.025917
v 0.018215 -0.315029 -0.019441
v 0.017053 -0.320507 -0.022014
v 0.017458 -0.318426 -0.018529
v 0.019076 -0.321273 -0.025488
v 0.007268 -0.330067 -0.037427
v 0.005456 -0.325672 -0.034346
v 0.050750 -0.314018 -0.019538
v 0.054175 -0.312349 -0.025403
v 0.069515 -0.359213 -0.002802
v 0.070800 -0.356656 0.000856
v 0.069125 -0.360932 0.001495
v 0.068948 -0.361151 0.006619
v 0.065954 -0.366726 0.008092
v 0.066835 -0.366002 0.000323
v 0.038499 -0.368326 -0.020503
v 0.040897 -0.369070 -0.017647
v 0.039816 -0.363710 -0.017819
v 0.039430 -0.363299 -0.021026
v 0.039224 -0.367129 -0.003669
v 0.039864 -0.365394 -0.011445
v 0.043716 -0.370479 -0.012010
v 0.045221 -0.371515 -0.004130
v 0.035841 -0.361166 -0.012300
v 0.021155 -0.376029 -0.007727
v 0.022673 -0.370048 -0.008540
v 0.022085 -0.369420 -0.002375
v 0.016897 -0.375299 -0.001405
v 0.009959 -0.372706 0.003540
v 0.010353 -0.382401 -0.002446
v 0.025056 -0.379908 -0.015387
v 0.024431 -0.374355 -0.014408
v 0.018623 -0.382709 -0.009290
v 0.028164 -0.385231 -0.017930
v 0.032896 -0.379512 -0.019319
v 0.029725 -0.375693 -0.019417
v 0.011947 -0.389626 -0.011659
v 0.012793 -0.398713 -0.019874
v 0.022007 -0.391683 -0.018586
v 0.033039 -0.388752 -0.020694
v 0.051233 -0.383545 -0.009677
v 0.054190 -0.388988 -0.011964
v 0.055096 -0.381500 -0.003643
v 0.040504 -0.375965 -0.017722
v 0.036338 -0.373543 -0.020346
v 0.037621 -0.383193 -0.018873
v 0.045480 -0.377421 -0.013099
v 0.013876 -0.467813 -0.034755
v 0.017325 -0.465562 -0.036115
v 0.015974 -0.463318 -0.035017
v 0.011409 -0.466099 -0.034116
v 0.016626 -0.467710 -0.037205
v 0.018265 -0.465710 -0.039715
v 0.020759 -0.463058 -0.037831
v 0.016370 -0.468081 -0.040934
v 0.014998 -0.469240 -0.035473
v 0.016062 -0.470618 -0.036000
v 0.016170 -0.469574 -0.038109
v 0.046905 -0.371736 0.003339
v 0.050944 -0.371200 0.009325
v 0.047279 -0.366945 0.011621
v 0.052764 -0.365132 0.014854
v 0.049264 -0.360485 0.014874
v 0.055989 -0.357841 0.015935
v 0.052075 -0.352998 0.014873
v 0.054922 -0.375632 0.006394
v 0.056263 -0.369740 0.014010
v 0.059367 -0.362685 0.016914
v 0.048986 -0.377100 -0.007003
v 0.051259 -0.376478 -0.000254
v 0.060164 -0.350350 0.014653
v 0.055678 -0.345914 0.013030
v 0.047192 -0.348389 0.014116
v 0.041583 -0.343714 0.013353
v 0.063840 -0.355237 0.016694
v 0.068163 -0.348048 0.014989
v 0.051052 -0.342126 0.011386
v 0.047725 -0.338326 0.009313
v 0.038770 -0.338695 0.012144
v 0.012988 -0.344392 0.017516
v 0.022553 -0.341791 0.017165
v 0.031485 -0.337571 0.015205
v 0.038963 -0.333152 0.010016
v 0.063984 -0.343638 0.012371
v 0.059545 -0.340097 0.009900
v 0.055684 -0.336810 0.007180
v 0.053145 -0.333112 0.004145
v 0.045879 -0.333811 0.006714
v 0.044758 -0.327658 0.002466
v 0.066595 -0.337789 0.009123
v 0.062188 -0.334688 0.005887
v 0.071040 -0.341770 0.012375
v 0.072502 -0.335860 0.008219
v 0.058854 -0.331674 0.002567
v 0.058517 -0.328182 -0.001024
v 0.052621 -0.327999 -0.000443
v 0.067249 -0.332742 0.004633
v 0.062777 -0.330126 0.001288
v 0.053466 -0.321790 -0.007329
v 0.045714 -0.321617 -0.004083
v 0.061468 -0.325542 -0.004300
v 0.064536 -0.324507 -0.006551
v 0.062634 -0.320727 -0.011178
v 0.058968 -0.320708 -0.010194
v 0.058568 -0.315086 -0.018380
v 0.054274 -0.315665 -0.016163
v 0.065352 -0.323205 -0.009599
v 0.048132 -0.317433 -0.011657
v 0.040253 -0.316886 -0.009560
v 0.054950 -0.311858 -0.023510
v 0.061791 -0.317146 -0.017113
v 0.058204 -0.312400 -0.024500
v 0.009128 -0.322462 -0.023267
v 0.004398 -0.324002 -0.028015
v 0.013963 -0.321470 -0.020493
v 0.007738 -0.323920 -0.029038
v 0.021377 -0.305289 -0.021729
v 0.022887 -0.303974 -0.025205
v 0.021441 -0.304823 -0.024122
v 0.027340 -0.444994 -0.045200
v 0.025641 -0.444210 -0.044975
v 0.024373 -0.443591 -0.048123
v 0.027947 -0.448465 -0.042588
v 0.022671 -0.442958 -0.050889
v 0.019974 -0.442347 -0.053728
v 0.022232 -0.443929 -0.046732
v 0.020673 -0.444691 -0.048806
v 0.018783 -0.445651 -0.050623
v 0.016354 -0.447358 -0.051971
v 0.019083 -0.445757 -0.046215
v 0.018181 -0.447557 -0.047495
v 0.017294 -0.449737 -0.048501
v 0.016487 -0.452928 -0.048652
v 0.017961 -0.448850 -0.044595
v 0.018379 -0.450956 -0.045566
v 0.027541 -0.450836 -0.042572
v 0.026126 -0.453810 -0.042030
v 0.025262 -0.452040 -0.042091
v 0.023442 -0.454021 -0.043438
v 0.020678 -0.456134 -0.044962
v 0.021278 -0.453207 -0.043716
v 0.019179 -0.453421 -0.045950
v 0.017892 -0.444337 -0.042471
v 0.018536 -0.441628 -0.041693
v 0.013843 -0.442351 -0.039522
v 0.015633 -0.445367 -0.040059
v 0.021553 -0.442270 -0.043172
v 0.024019 -0.440859 -0.041659
v 0.021412 -0.438708 -0.041357
v 0.020096 -0.444035 -0.044799
v 0.023833 -0.443243 -0.044296
v 0.017806 -0.446694 -0.043441
v 0.025843 -0.442938 -0.041772
v 0.027703 -0.440672 -0.039840
v 0.016834 -0.448003 -0.040884
v 0.012759 -0.447280 -0.037838
v -0.021806 -0.370257 -0.039217
v -0.003699 -0.337698 -0.052265
v -0.002144 -0.334050 -0.052600
v -0.002125 -0.339019 -0.054806
v -0.002018 -0.344348 -0.054454
v -0.003592 -0.342733 -0.052824
v -0.003101 -0.332507 -0.046863
v -0.004302 -0.335853 -0.049508
v -0.003941 -0.345995 -0.051328
v -0.002765 -0.348757 -0.051781
v -0.006638 -0.340390 -0.045263
v -0.005353 -0.342242 -0.048830
v -0.005244 -0.394013 -0.064202
v -0.003424 -0.391418 -0.065162
v -0.002926 -0.392266 -0.066647
v -0.004123 -0.395340 -0.066297
v -0.002436 -0.390792 -0.064129
v -0.001641 -0.390970 -0.066315
v -0.005518 -0.386239 -0.057780
v -0.002507 -0.384441 -0.061403
v -0.003450 -0.389416 -0.059802
v -0.008727 -0.384665 -0.053555
v -0.007753 -0.376837 -0.052867
v -0.005921 -0.379737 -0.056976
v -0.011773 -0.446631 -0.054492
v -0.014592 -0.437653 -0.057329
v -0.011449 -0.441738 -0.057095
v -0.009533 -0.435484 -0.059603
v -0.007988 -0.441093 -0.059160
v -0.009455 -0.445701 -0.056448
v -0.005166 -0.438649 -0.061885
v -0.005922 -0.443126 -0.061839
v -0.007507 -0.445678 -0.058943
v -0.005426 -0.446823 -0.062837
v -0.003741 -0.449279 -0.064232
v -0.004016 -0.451079 -0.061862
v -0.006180 -0.449045 -0.059786
v -0.015839 -0.424339 -0.058391
v -0.012470 -0.429641 -0.059310
v -0.009816 -0.420152 -0.060885
v -0.006579 -0.426984 -0.061928
v -0.003708 -0.442583 -0.064498
v -0.003616 -0.445532 -0.065358
v -0.002984 -0.433218 -0.062869
v -0.002139 -0.439307 -0.064072
v -0.001833 -0.447758 -0.066141
v -0.001698 -0.451195 -0.064435
v -0.001631 -0.443838 -0.066314
v -0.003140 -0.420091 -0.064472
v -0.015755 -0.412945 -0.057268
v -0.012864 -0.416038 -0.059080
v -0.010704 -0.406933 -0.059649
v -0.008030 -0.409489 -0.062047
v -0.013735 -0.405574 -0.057477
v -0.010851 -0.398313 -0.058039
v -0.008439 -0.398676 -0.060602
v -0.017818 -0.403718 -0.055131
v -0.006777 -0.399872 -0.063121
v -0.004889 -0.402120 -0.065537
v -0.004955 -0.411300 -0.064688
v -0.002030 -0.410036 -0.066988
v -0.005503 -0.393335 -0.062207
v -0.022082 -0.400751 -0.052363
v -0.017428 -0.394295 -0.052212
v -0.014115 -0.397382 -0.055236
v -0.010613 -0.391511 -0.054823
v -0.007278 -0.392819 -0.058398
v -0.003580 -0.391655 -0.061478
v -0.016268 -0.383342 -0.047311
v -0.013719 -0.387835 -0.050970
v -0.011387 -0.380346 -0.049520
v -0.002929 -0.403298 -0.067381
v -0.001369 -0.401469 -0.068458
v -0.002668 -0.397677 -0.067826
v -0.001549 -0.394143 -0.068011
v 0.011027 -0.431647 -0.038298
v 0.011244 -0.424906 -0.035997
v 0.033917 -0.446543 -0.034751
v 0.032841 -0.451052 -0.033766
v 0.037969 -0.444081 -0.035514
v 0.032502 -0.437964 -0.038921
v 0.038364 -0.438839 -0.036951
v 0.038456 -0.433402 -0.038679
v 0.042915 -0.436539 -0.037393
v 0.026487 -0.456334 -0.034371
v 0.028929 -0.452590 -0.034105
v 0.012055 -0.417196 -0.034164
v 0.022052 -0.411364 -0.036105
v 0.012821 -0.409900 -0.030627
v 0.032171 -0.409589 -0.037498
v 0.012204 -0.405303 -0.025038
v 0.043119 -0.431469 -0.037423
v 0.042152 -0.426140 -0.038014
v 0.045625 -0.422414 -0.036246
v 0.041762 -0.418021 -0.036940
v 0.046624 -0.427819 -0.037379
v 0.048587 -0.418824 -0.035455
v 0.043641 -0.412082 -0.033702
v 0.037430 -0.410838 -0.036092
v 0.048221 -0.413068 -0.032398
v 0.048784 -0.405777 -0.028079
v 0.044433 -0.404414 -0.030454
v 0.040091 -0.404844 -0.033973
v 0.044035 -0.398209 -0.028525
v 0.047878 -0.396643 -0.023080
v 0.044736 -0.392992 -0.022090
v 0.051440 -0.400400 -0.022711
v 0.052501 -0.394985 -0.017971
v 0.041625 -0.387999 -0.020018
v 0.049347 -0.391019 -0.016912
v 0.046698 -0.385134 -0.015036
v -0.005377 -0.452239 -0.057637
v -0.007799 -0.449395 -0.056343
v -0.009652 -0.450220 -0.053904
v -0.007010 -0.453370 -0.054600
v -0.009806 -0.461896 -0.052765
v -0.006904 -0.461227 -0.054325
v -0.006691 -0.463656 -0.054105
v -0.010004 -0.464246 -0.052422
v -0.012112 -0.459743 -0.049456
v -0.008924 -0.459981 -0.052559
v -0.012662 -0.462245 -0.049815
v -0.012727 -0.464436 -0.049737
v -0.010456 -0.466489 -0.050324
v -0.012940 -0.466227 -0.047873
v -0.007167 -0.466434 -0.052340
v -0.007590 -0.468061 -0.049487
v -0.010376 -0.468059 -0.047874
v -0.006901 -0.458632 -0.053480
v -0.010851 -0.457155 -0.050121
v -0.009881 -0.454151 -0.051681
v -0.006017 -0.456727 -0.054224
v -0.004190 -0.460817 -0.055266
v -0.003933 -0.463314 -0.054657
v -0.004261 -0.465775 -0.052846
v -0.010216 -0.480256 -0.037388
v -0.006009 -0.483229 -0.036216
v -0.010279 -0.484499 -0.033924
v -0.013827 -0.481774 -0.035419
v -0.017334 -0.478522 -0.036506
v -0.017715 -0.481444 -0.033780
v -0.020267 -0.478659 -0.035077
v -0.014529 -0.477397 -0.037433
v -0.019724 -0.475938 -0.036502
v -0.017600 -0.475272 -0.036847
v -0.009102 -0.477019 -0.038876
v -0.014235 -0.465112 -0.046503
v -0.012317 -0.467755 -0.045201
v -0.014477 -0.483850 -0.031697
v -0.018427 -0.481215 -0.030697
v -0.020784 -0.479484 -0.033198
v -0.022087 -0.477069 -0.032995
v -0.021601 -0.476242 -0.035076
v -0.010486 -0.485872 -0.030866
v -0.001892 -0.481245 -0.037844
v -0.006442 -0.487654 -0.031302
v -0.009550 -0.487230 -0.029202
v -0.011830 -0.484780 -0.028214
v -0.001743 -0.500746 -0.023676
v -0.005370 -0.498101 -0.023319
v -0.001025 -0.503587 -0.020626
v -0.004456 -0.501470 -0.020726
v -0.003539 -0.503356 -0.018254
v -0.000652 -0.504701 -0.018309
v -0.000155 -0.506665 -0.015716
v -0.002901 -0.504881 -0.016143
v -0.010512 -0.486987 -0.026057
v -0.009008 -0.490437 -0.026912
v -0.008336 -0.493542 -0.024195
v -0.009694 -0.490314 -0.023201
v -0.006669 -0.483979 -0.022460
v -0.009750 -0.484053 -0.025417
v -0.009264 -0.486840 -0.022457
v -0.002521 -0.482308 -0.023320
v -0.002552 -0.484530 -0.019896
v -0.008283 -0.490039 -0.019874
v -0.006305 -0.487035 -0.019301
v -0.002098 -0.487874 -0.017400
v -0.008614 -0.492767 -0.021193
v -0.007570 -0.495316 -0.022450
v -0.005491 -0.489826 -0.017667
v -0.007299 -0.492229 -0.018521
v -0.001703 -0.490141 -0.016191
v -0.007714 -0.495312 -0.019252
v -0.006841 -0.498576 -0.020105
v -0.006785 -0.498571 -0.016625
v -0.005637 -0.501429 -0.017601
v -0.004822 -0.502821 -0.015804
v -0.005765 -0.500682 -0.014768
v -0.004859 -0.492255 -0.015694
v -0.006552 -0.495259 -0.015791
v -0.004222 -0.495222 -0.012680
v -0.005650 -0.498077 -0.013369
v -0.001325 -0.492834 -0.013219
v -0.000918 -0.495617 -0.010615
v -0.004909 -0.502535 -0.013271
v -0.003913 -0.504984 -0.013827
v -0.004797 -0.499822 -0.012160
v -0.003551 -0.497458 -0.010959
v 0.039536 -0.363878 -0.022809
v 0.026461 -0.346470 -0.029187
v 0.024216 -0.353566 -0.027036
v 0.021531 -0.354196 -0.032637
v 0.027473 -0.354615 -0.020873
v 0.025154 -0.359658 -0.016102
v 0.023281 -0.359591 -0.023094
v 0.030823 -0.350082 -0.024515
v 0.031614 -0.357191 -0.015571
v 0.023066 -0.360621 -0.029824
v 0.023896 -0.363761 -0.034977
v 0.023455 -0.364903 -0.018930
v 0.024994 -0.365359 -0.025868
v 0.027768 -0.366759 -0.030905
v 0.026770 -0.369194 -0.022177
v 0.030481 -0.368855 -0.026777
v 0.032246 -0.370583 -0.023581
v 0.036287 -0.368291 -0.025216
v 0.039997 -0.365449 -0.025324
v 0.037107 -0.368285 -0.022510
v 0.026157 -0.365441 -0.005701
v 0.030271 -0.365597 -0.001557
v 0.033496 -0.363921 -0.006296
v 0.028809 -0.361232 -0.010387
v 0.023857 -0.365006 -0.011655
v 0.024103 -0.369653 -0.015702
v 0.028167 -0.372408 -0.020001
v 0.033792 -0.372002 -0.021787
v -0.004325 -0.478119 -0.039248
v -0.005562 -0.475241 -0.040384
v -0.006088 -0.473087 -0.041285
v -0.009052 -0.473713 -0.040537
v -0.007832 -0.471379 -0.042265
v -0.006051 -0.469552 -0.043033
v -0.010102 -0.469368 -0.043360
v -0.005250 -0.468051 -0.045045
v -0.002517 -0.466980 -0.044075
v -0.008426 -0.468671 -0.046263
v -0.004391 -0.467138 -0.048968
v -0.000525 -0.466094 -0.045967
v -0.001609 -0.465436 -0.049751
v -0.000043 -0.463690 -0.052665
v -0.002339 -0.464191 -0.053456
v -0.001704 -0.461871 -0.054997
v -0.001719 -0.459168 -0.056594
v -0.003164 -0.455874 -0.057086
v -0.002262 -0.453740 -0.060370
v -0.007135 -0.479745 -0.025376
v -0.002594 -0.480459 -0.024587
v -0.014989 -0.481302 -0.028014
v -0.010917 -0.482241 -0.026654
v -0.019985 -0.476644 -0.030395
v -0.018042 -0.478724 -0.028803
v -0.020699 -0.478279 -0.030705
v -0.021100 -0.474666 -0.034489
v -0.021205 -0.475396 -0.032488
v -0.019662 -0.474503 -0.035950
v -0.006805 -0.481938 -0.024752
v -0.000068 -0.506349 -0.009365
v -0.002063 -0.506772 -0.011685
v 0.000314 -0.507840 -0.012368
v -0.014099 -0.376159 -0.045792
v -0.011068 -0.367262 -0.045811
v -0.008965 -0.371395 -0.049675
v -0.017964 -0.373043 -0.042177
v -0.006036 -0.363743 -0.052404
v -0.006311 -0.369079 -0.054525
v -0.017342 -0.362710 -0.038999
v -0.014387 -0.365399 -0.041713
v -0.006275 -0.346682 -0.046430
v -0.006650 -0.336363 -0.043341
v -0.008396 -0.345671 -0.042062
v -0.006081 -0.350439 -0.046608
v -0.009474 -0.350788 -0.041435
v -0.003841 -0.379242 -0.061255
v -0.002044 -0.375929 -0.064110
v -0.005397 -0.372231 -0.058206
v -0.003795 -0.373287 -0.062117
v -0.002414 -0.367494 -0.063792
v -0.004015 -0.365546 -0.061038
v -0.002351 -0.360758 -0.062092
v -0.004368 -0.362952 -0.058337
v -0.003057 -0.359393 -0.056772
v -0.003847 -0.358096 -0.052778
v -0.007671 -0.358589 -0.046774
v -0.003951 -0.353154 -0.049776
v -0.011243 -0.357421 -0.041662
v -0.014145 -0.355063 -0.038401
v 0.000035 -0.499798 -0.007881
v -0.001830 -0.502153 -0.008407
v 0.000391 -0.503125 -0.007203
v -0.002038 -0.504389 -0.009107
v -0.001943 -0.506853 -0.013630
v -0.003818 -0.502193 -0.010628
v -0.003719 -0.504821 -0.011463
v -0.000521 -0.497368 -0.009496
v -0.002765 -0.499455 -0.009752
v 0.016140 -0.471848 -0.038751
v 0.013175 -0.470428 -0.034092
v 0.010340 -0.471624 -0.032264
v 0.013849 -0.473035 -0.031501
v 0.015595 -0.471864 -0.033926
v 0.018443 -0.472842 -0.034553
v 0.017499 -0.472121 -0.036519
v 0.010549 -0.469326 -0.034080
v 0.006621 -0.468228 -0.033920
v 0.006331 -0.470536 -0.033525
v 0.006939 -0.463915 -0.033910
v 0.019910 -0.459827 -0.035490
v 0.023679 -0.459978 -0.035621
v 0.022874 -0.456411 -0.035139
v 0.016304 -0.457632 -0.035516
v 0.012022 -0.460816 -0.034609
v 0.006324 -0.472823 -0.030271
v 0.010631 -0.473962 -0.029396
v 0.014699 -0.475477 -0.029047
v 0.017467 -0.474412 -0.031199
v 0.006503 -0.475007 -0.027941
v 0.019978 -0.473704 -0.033188
v 0.007144 -0.457641 -0.034788
v 0.012764 -0.454044 -0.035917
v 0.019807 -0.455356 -0.036121
v 0.007749 -0.449853 -0.035758
v 0.007703 -0.444416 -0.037202
v 0.025493 -0.453607 -0.035115
v 0.011050 -0.476605 -0.027194
v 0.031970 -0.442653 -0.037106
v 0.026444 -0.436941 -0.041092
v 0.030521 -0.449075 -0.034937
v 0.009190 -0.439224 -0.038548
v 0.017859 -0.435401 -0.040655
v 0.019462 -0.309909 -0.019397
v 0.019916 -0.307417 -0.021393
v 0.017646 -0.317985 -0.022356
v 0.018074 -0.313628 -0.021326
v 0.021437 -0.319990 -0.029177
v 0.019038 -0.319079 -0.025958
v 0.025023 -0.312716 -0.033164
v 0.022766 -0.316233 -0.031696
v 0.025276 -0.307589 -0.031637
v 0.024488 -0.309888 -0.032880
v 0.024427 -0.304822 -0.028822
v 0.024054 -0.306253 -0.030597
v 0.022893 -0.304554 -0.027511
v 0.019836 -0.310354 -0.024361
v 0.019085 -0.310600 -0.022447
v 0.020446 -0.307288 -0.023894
v 0.018344 -0.316237 -0.024044
v 0.019104 -0.313156 -0.024231
v 0.019909 -0.316331 -0.027187
v 0.020768 -0.317770 -0.029080
v 0.023267 -0.312839 -0.032370
v 0.021631 -0.315157 -0.030090
v 0.022977 -0.310942 -0.031363
v 0.023626 -0.308624 -0.031594
v 0.021874 -0.309783 -0.028426
v 0.022817 -0.308621 -0.030181
v 0.021822 -0.312685 -0.029401
v 0.022923 -0.306147 -0.029178
v 0.021113 -0.307845 -0.026248
v 0.021755 -0.305632 -0.026491
v 0.021942 -0.307152 -0.027839
v 0.020745 -0.310724 -0.026384
v 0.020208 -0.313730 -0.026554
v 0.032311 -0.315291 -0.011421
v 0.021150 -0.316479 -0.014189
v 0.018086 -0.451784 -0.038386
v 0.019319 -0.451571 -0.041396
v 0.022686 -0.453032 -0.037581
v 0.022866 -0.452387 -0.040193
v 0.027084 -0.450587 -0.037076
v 0.026486 -0.450177 -0.039684
v 0.028923 -0.446023 -0.038232
v 0.027649 -0.446572 -0.040895
v 0.006466 -0.467582 -0.042220
v 0.008159 -0.470372 -0.041074
v 0.006936 -0.469167 -0.038869
v 0.007037 -0.472904 -0.039177
v 0.003676 -0.474015 -0.037716
v 0.003190 -0.465964 -0.042335
v 0.005626 -0.467296 -0.039856
v 0.005218 -0.468554 -0.037478
v 0.006081 -0.470850 -0.037197
v 0.003343 -0.471520 -0.036194
v 0.002948 -0.468429 -0.037028
v 0.002995 -0.466298 -0.039775
v 0.005996 -0.486755 -0.033569
v 0.006397 -0.490684 -0.031161
v 0.006809 -0.315241 -0.016270
v 0.016920 -0.316200 -0.013211
v 0.026455 -0.315761 -0.007120
v 0.034209 -0.318490 0.000257
v 0.035654 -0.323241 0.008574
v 0.032382 -0.326932 0.016178
v 0.026039 -0.329719 0.021363
v 0.017721 -0.332053 0.024691
v 0.007679 -0.333173 0.027349
v 0.028896 -0.320775 0.017657
v 0.024319 -0.322145 0.022542
v 0.027873 -0.318053 0.003827
v 0.030054 -0.319498 0.011223
v 0.017032 -0.323540 0.027104
v 0.023120 -0.320266 0.017621
v 0.007525 -0.324289 0.031023
v 0.006397 -0.312504 -0.012537
v 0.022470 -0.316508 -0.003515
v 0.015511 -0.314726 -0.009381
v 0.022979 -0.320454 0.011527
v 0.015788 -0.322158 0.019699
v 0.006819 -0.323353 0.021997
v 0.018055 -0.319401 -0.000721
v 0.021408 -0.320402 0.005359
v 0.015118 -0.322876 0.011657
v 0.006255 -0.324137 0.012341
v 0.005301 -0.316441 -0.007622
v 0.012790 -0.317855 -0.005412
v 0.005247 -0.321366 -0.001207
v 0.012540 -0.321106 -0.000503
v 0.014233 -0.322692 0.005524
v 0.005848 -0.323719 0.005700
v 0.067085 -0.362738 -0.010535
v 0.069581 -0.354305 -0.009102
v 0.073036 -0.352735 0.008773
v 0.073031 -0.348670 0.001525
v 0.070864 -0.346555 -0.007115
v 0.074191 -0.341870 0.003234
v 0.075013 -0.347903 0.014012
v 0.070245 -0.358485 0.013276
v 0.070781 -0.340783 -0.005520
v 0.076870 -0.341128 0.010218
v 0.070668 -0.336572 -0.004381
v 0.073705 -0.336433 0.001173
v 0.076326 -0.335317 0.005474
v 0.071927 -0.354287 0.016356
v 0.070528 -0.333089 -0.004484
v 0.073186 -0.332610 0.000140
v 0.069216 -0.335692 -0.007888
v 0.068704 -0.339569 -0.010527
v 0.067778 -0.360707 0.016955
v 0.063829 -0.367283 0.015608
v 0.068760 -0.345100 -0.012385
v 0.061453 -0.373379 0.010850
v 0.064382 -0.371053 -0.014576
v 0.067734 -0.352889 -0.014241
v 0.065572 -0.360628 -0.016594
v 0.063519 -0.375345 -0.004701
v 0.063152 -0.368216 -0.020692
v 0.060714 -0.378993 0.001900
v 0.062162 -0.379431 -0.020791
v 0.061810 -0.382630 -0.013040
v 0.060076 -0.385352 -0.007690
v 0.061496 -0.377012 -0.026014
v 0.060072 -0.386334 -0.024805
v 0.059471 -0.389265 -0.018574
v 0.060380 -0.384596 -0.029798
v 0.058429 -0.392019 -0.014464
v 0.057275 -0.394579 -0.021712
v 0.057878 -0.391497 -0.026720
v 0.056593 -0.397473 -0.018527
v 0.058528 -0.390327 -0.031371
v 0.056683 -0.396493 -0.027026
v 0.055862 -0.401203 -0.021397
v 0.056414 -0.398719 -0.023506
v 0.056905 -0.396166 -0.030674
v 0.056039 -0.402684 -0.024761
v 0.056293 -0.401058 -0.028213
v 0.056982 -0.383627 -0.033625
v 0.057712 -0.375833 -0.028817
v 0.059393 -0.367036 -0.023231
v 0.061760 -0.359646 -0.018887
v 0.063999 -0.352095 -0.016100
v 0.065465 -0.343649 -0.014297
v 0.066196 -0.337284 -0.013371
v 0.067006 -0.332366 -0.011773
v 0.068098 -0.328463 -0.008642
v 0.069608 -0.329729 -0.000202
v 0.053425 -0.408386 -0.028831
v 0.054353 -0.406111 -0.033595
v 0.054868 -0.398543 -0.036891
v 0.055934 -0.390437 -0.036707
v 0.051841 -0.319418 -0.023248
v 0.059383 -0.318708 -0.022774
v 0.063488 -0.320170 -0.017482
v 0.061640 -0.327805 -0.017725
v 0.053659 -0.327658 -0.021764
v 0.045351 -0.336857 -0.023360
v 0.060267 -0.342101 -0.015160
v 0.053502 -0.353458 -0.018797
v 0.054686 -0.342526 -0.017310
v 0.048418 -0.355243 -0.022220
v 0.058671 -0.351802 -0.016603
v 0.050167 -0.342415 -0.020901
v 0.061469 -0.333982 -0.016202
v 0.018098 -0.343941 -0.035780
v 0.012182 -0.341958 -0.038714
v 0.045062 -0.402912 -0.047099
v 0.050863 -0.401560 -0.043568
v 0.051036 -0.412231 -0.039551
v 0.048709 -0.420904 -0.041550
v 0.046174 -0.431631 -0.040879
v 0.042712 -0.428331 -0.045970
v 0.044609 -0.416610 -0.047313
v 0.036830 -0.403154 -0.049323
v 0.046039 -0.390898 -0.044089
v 0.050948 -0.390654 -0.041827
v 0.051031 -0.382911 -0.037038
v 0.045405 -0.382393 -0.039211
v 0.051640 -0.375414 -0.031062
v 0.045239 -0.375031 -0.033273
v 0.037087 -0.374399 -0.035701
v 0.053485 -0.366694 -0.024812
v 0.047504 -0.366472 -0.026584
v 0.056329 -0.359190 -0.019836
v 0.055518 -0.334123 -0.019078
v 0.006526 -0.496649 -0.026972
v 0.006517 -0.494408 -0.029123
v 0.030614 -0.455074 -0.035362
v 0.036428 -0.448900 -0.036304
v 0.041729 -0.441054 -0.038840
v 0.037917 -0.438192 -0.044310
v 0.031191 -0.434931 -0.050679
v 0.033900 -0.446686 -0.041307
v 0.029892 -0.453456 -0.038897
v 0.023706 -0.458845 -0.040583
v 0.018808 -0.462005 -0.044745
v 0.023739 -0.433285 -0.055784
v 0.003816 -0.475792 -0.039410
v 0.004658 -0.478905 -0.039073
v 0.007788 -0.474372 -0.040809
v 0.010195 -0.476010 -0.040260
v 0.009464 -0.471171 -0.042664
v 0.012775 -0.471048 -0.042388
v 0.007287 -0.467954 -0.044023
v 0.008842 -0.468006 -0.047811
v 0.013157 -0.468264 -0.046188
v 0.003274 -0.466326 -0.044298
v 0.002604 -0.465162 -0.049247
v 0.005249 -0.465716 -0.051478
v 0.002377 -0.461603 -0.055440
v 0.004775 -0.462299 -0.055131
v 0.006130 -0.456353 -0.056033
v 0.004207 -0.454841 -0.058797
v 0.006724 -0.479189 -0.025289
v 0.015264 -0.480529 -0.027296
v 0.021489 -0.476790 -0.030304
v 0.022150 -0.479741 -0.030634
v 0.023937 -0.474114 -0.034436
v 0.025074 -0.476203 -0.033068
v 0.021173 -0.473847 -0.037213
v 0.024250 -0.474729 -0.036965
v 0.006718 -0.481324 -0.024422
v 0.014395 -0.482932 -0.027016
v 0.005373 -0.507349 -0.010959
v 0.005271 -0.501348 -0.007412
v 0.005451 -0.504797 -0.008189
v 0.005137 -0.507449 -0.014218
v 0.008657 -0.503304 -0.010263
v 0.008604 -0.505844 -0.013080
v 0.005679 -0.498397 -0.008882
v 0.006039 -0.496461 -0.010197
v 0.009650 -0.500804 -0.011833
v 0.010418 -0.498823 -0.013168
v 0.009581 -0.503709 -0.015267
v 0.006431 -0.491341 -0.015074
v 0.006278 -0.494235 -0.011967
v 0.011158 -0.496610 -0.014952
v 0.011740 -0.493484 -0.017813
v 0.010223 -0.502009 -0.017114
v 0.011105 -0.499998 -0.019312
v 0.011883 -0.496640 -0.021918
v 0.006636 -0.488986 -0.017098
v 0.012416 -0.490947 -0.019811
v 0.012426 -0.494207 -0.023887
v 0.006955 -0.486116 -0.018711
v 0.013315 -0.488288 -0.021663
v 0.006916 -0.483193 -0.021991
v 0.013735 -0.485083 -0.024715
v 0.012999 -0.491919 -0.026134
v 0.013320 -0.488467 -0.028826
v 0.005508 -0.505569 -0.017277
v 0.005731 -0.504130 -0.019607
v 0.006098 -0.502282 -0.022371
v 0.006449 -0.498917 -0.025136
v 0.013987 -0.486146 -0.030688
v 0.006228 -0.488154 -0.032142
v 0.005619 -0.483539 -0.036500
v 0.014273 -0.485153 -0.032954
v 0.025226 -0.477201 -0.035592
v 0.021814 -0.481313 -0.033365
v 0.015640 -0.458275 -0.048780
v 0.016219 -0.463368 -0.048972
v 0.016252 -0.466252 -0.046419
v 0.014943 -0.477184 -0.038863
v 0.020707 -0.476406 -0.038124
v 0.020913 -0.479846 -0.036453
v 0.013470 -0.482461 -0.036513
v 0.007531 -0.464734 -0.054185
v 0.008423 -0.459842 -0.054635
v 0.010329 -0.456565 -0.052835
v 0.011394 -0.467231 -0.050861
v 0.013951 -0.465177 -0.051068
v 0.013178 -0.460633 -0.051913
v 0.010315 -0.462560 -0.054292
v 0.010376 -0.449590 -0.055622
v 0.008563 -0.448992 -0.058350
v 0.003270 -0.452492 -0.062664
v 0.012725 -0.450402 -0.053415
v 0.014697 -0.442274 -0.056892
v 0.010988 -0.440944 -0.058701
v 0.008104 -0.441725 -0.060814
v 0.006453 -0.448981 -0.062446
v 0.016632 -0.430867 -0.059072
v 0.010548 -0.427861 -0.061161
v 0.006049 -0.444373 -0.063976
v 0.003577 -0.436859 -0.063355
v 0.002862 -0.449522 -0.065685
v 0.002704 -0.445820 -0.066623
v 0.002766 -0.441587 -0.065447
v 0.003978 -0.426872 -0.063618
v 0.016593 -0.417970 -0.058986
v 0.010939 -0.412812 -0.061062
v 0.011422 -0.401918 -0.059587
v 0.017585 -0.407857 -0.057294
v 0.006606 -0.405550 -0.064218
v 0.003013 -0.414595 -0.065917
v 0.006848 -0.395827 -0.062841
v 0.018695 -0.398797 -0.054934
v 0.011192 -0.394901 -0.057365
v 0.027561 -0.401898 -0.052120
v 0.003179 -0.391314 -0.062983
v 0.003912 -0.390851 -0.060566
v 0.017426 -0.388541 -0.050941
v 0.011633 -0.386216 -0.052847
v 0.001641 -0.405620 -0.068027
v 0.001284 -0.397428 -0.068527
v 0.001406 -0.392035 -0.067349
v 0.003784 -0.399267 -0.067083
v 0.004055 -0.392766 -0.065854
v 0.001881 -0.390563 -0.065398
v 0.003144 -0.387285 -0.060438
v 0.007496 -0.382326 -0.055501
v 0.011933 -0.373431 -0.048245
v 0.017957 -0.377757 -0.045627
v 0.007742 -0.369978 -0.052342
v 0.018849 -0.367656 -0.041512
v 0.001951 -0.380380 -0.063048
v 0.004914 -0.376239 -0.059800
v 0.001672 -0.371570 -0.064347
v 0.001665 -0.363584 -0.063404
v 0.005149 -0.367354 -0.058149
v 0.002050 -0.359603 -0.059727
v 0.003213 -0.359010 -0.054817
v 0.003951 -0.355764 -0.051109
v 0.011671 -0.361787 -0.044441
v 0.012367 -0.352745 -0.040399
v 0.003296 -0.350794 -0.050543
v 0.017567 -0.356426 -0.038527
v 0.008104 -0.348570 -0.044137
v 0.008426 -0.341047 -0.042785
v 0.003679 -0.332061 -0.044363
v 0.004883 -0.344431 -0.050023
v 0.005060 -0.339045 -0.049249
v 0.001926 -0.346592 -0.053399
v 0.002097 -0.332926 -0.050066
v 0.001494 -0.341729 -0.055044
v 0.001469 -0.336221 -0.054232
v 0.027435 -0.371935 -0.038936
v -0.003040 -0.323807 0.005961
v -0.011440 -0.322948 0.006279
v -0.010136 -0.321331 0.000163
v -0.002893 -0.321447 -0.000968
v -0.010739 -0.318089 -0.004720
v -0.003422 -0.316528 -0.007366
v -0.003048 -0.324230 0.012615
v -0.011960 -0.323145 0.012453
v -0.018657 -0.320793 0.006539
v -0.015688 -0.319734 0.000271
v -0.003060 -0.323452 0.022289
v -0.012171 -0.322436 0.020524
v -0.019861 -0.320870 0.012786
v -0.013750 -0.315016 -0.008524
v -0.020314 -0.316926 -0.002256
v -0.004884 -0.312617 -0.012208
v -0.003217 -0.324398 0.031345
v -0.019649 -0.320683 0.018877
v -0.012953 -0.323833 0.027999
v -0.026960 -0.320046 0.012898
v -0.025246 -0.318568 0.005392
v -0.020521 -0.322575 0.023869
v -0.025402 -0.321295 0.019252
v -0.003410 -0.333286 0.027680
v -0.013613 -0.332360 0.025630
v -0.022157 -0.330181 0.022799
v -0.028846 -0.327522 0.017986
v -0.032630 -0.323908 0.010583
v -0.031773 -0.319137 0.002201
v -0.024531 -0.316257 -0.005621
v -0.015360 -0.316517 -0.012267
v -0.005460 -0.315364 -0.015912
v -0.002429 -0.490772 -0.030901
v -0.002248 -0.486838 -0.033326
v -0.000025 -0.466329 -0.039686
v 0.000226 -0.468456 -0.036948
v -0.000057 -0.471554 -0.036094
v -0.002862 -0.470939 -0.036934
v -0.002063 -0.468627 -0.037264
v -0.002635 -0.467378 -0.039614
v -0.000376 -0.466000 -0.042230
v -0.000430 -0.474056 -0.037596
v -0.003892 -0.473013 -0.038855
v -0.003848 -0.469275 -0.038552
v -0.005173 -0.470505 -0.040682
v -0.003607 -0.467682 -0.041924
v -0.025090 -0.447098 -0.039345
v -0.026216 -0.446573 -0.036611
v -0.023786 -0.450679 -0.038206
v -0.024221 -0.451099 -0.035568
v -0.020159 -0.452816 -0.038929
v -0.019813 -0.453456 -0.036331
v -0.016706 -0.451930 -0.040337
v -0.015294 -0.452117 -0.037405
v -0.015153 -0.448742 -0.041715
v -0.012861 -0.447919 -0.038461
v -0.023207 -0.444277 -0.041822
v -0.023992 -0.442370 -0.039171
v -0.016360 -0.445540 -0.043215
v -0.019657 -0.443769 -0.043591
v -0.018812 -0.441203 -0.040790
v -0.014195 -0.443565 -0.040050
v -0.017132 -0.452755 -0.043558
v -0.015857 -0.455417 -0.045807
v -0.020708 -0.453471 -0.041465
v -0.020849 -0.455981 -0.041892
v -0.024355 -0.450913 -0.040532
v -0.025738 -0.452003 -0.040404
v -0.015654 -0.449616 -0.045562
v -0.013843 -0.450542 -0.049537
v -0.017073 -0.446336 -0.047249
v -0.016003 -0.444929 -0.052227
v -0.020461 -0.444290 -0.047504
v -0.021015 -0.441457 -0.051779
v -0.025635 -0.447110 -0.042141
v -0.023898 -0.444481 -0.045333
v -0.027968 -0.446124 -0.043113
v -0.026077 -0.441755 -0.047884
v -0.025412 -0.426473 -0.047413
v -0.023849 -0.429933 -0.043330
v -0.029392 -0.426984 -0.045490
v -0.029697 -0.430403 -0.041851
v -0.022803 -0.423087 -0.047424
v -0.020673 -0.425667 -0.042597
v -0.023570 -0.418468 -0.045595
v -0.021539 -0.419472 -0.040788
v -0.032389 -0.424729 -0.043628
v -0.034122 -0.427220 -0.039959
v -0.033190 -0.420942 -0.043085
v -0.035038 -0.422174 -0.039286
v -0.027058 -0.416205 -0.043741
v -0.031072 -0.417549 -0.043104
v -0.026116 -0.415875 -0.039469
v -0.032014 -0.417495 -0.039125
v -0.023205 -0.422041 -0.050869
v -0.020907 -0.420880 -0.054885
v -0.023615 -0.416938 -0.049325
v -0.021685 -0.413205 -0.053188
v -0.026018 -0.425944 -0.050247
v -0.024817 -0.427251 -0.053291
v -0.030058 -0.426591 -0.048039
v -0.030949 -0.429187 -0.049240
v -0.033393 -0.424027 -0.046437
v -0.036211 -0.425516 -0.047033
v -0.034148 -0.419355 -0.046264
v -0.037369 -0.417424 -0.047272
v -0.027137 -0.414223 -0.047390
v -0.026819 -0.409755 -0.050255
v -0.031523 -0.415300 -0.046553
v -0.033331 -0.411274 -0.048140
v -0.028862 -0.397946 -0.039072
v -0.027693 -0.403615 -0.036092
v -0.032555 -0.398342 -0.038107
v -0.033265 -0.402702 -0.035441
v -0.035270 -0.395398 -0.036215
v -0.037007 -0.398651 -0.032533
v -0.035327 -0.392406 -0.033083
v -0.037188 -0.394893 -0.027881
v -0.025984 -0.395214 -0.038169
v -0.023622 -0.401407 -0.033237
v -0.025750 -0.392797 -0.034829
v -0.023246 -0.397893 -0.028435
v -0.032499 -0.391289 -0.030494
v -0.028513 -0.391467 -0.031252
v -0.033405 -0.393332 -0.024521
v -0.027276 -0.394489 -0.025022
v -0.025236 -0.387449 -0.039440
v -0.022287 -0.382238 -0.042573
v -0.025132 -0.391148 -0.042791
v -0.021905 -0.389632 -0.047104
v -0.028694 -0.395025 -0.043418
v -0.027502 -0.396254 -0.047821
v -0.033422 -0.395850 -0.041897
v -0.035433 -0.397117 -0.045129
v -0.036692 -0.388133 -0.036811
v -0.039634 -0.384419 -0.037742
v -0.036799 -0.392225 -0.039688
v -0.040304 -0.391397 -0.041643
v -0.028756 -0.385694 -0.035833
v -0.027717 -0.379190 -0.037975
v -0.033274 -0.386126 -0.034788
v -0.034596 -0.380469 -0.035912
v -0.011705 -0.466059 -0.034103
v -0.015181 -0.465884 -0.036773
v -0.014806 -0.466314 -0.040933
v -0.012684 -0.469601 -0.035809
v -0.012762 -0.470409 -0.038989
v -0.009918 -0.471967 -0.032241
v -0.013549 -0.472174 -0.034267
v -0.009949 -0.469472 -0.033913
v -0.003072 -0.469602 -0.033704
v -0.003470 -0.466440 -0.033540
v -0.020137 -0.458800 -0.033796
v -0.020849 -0.460903 -0.035637
v -0.013091 -0.460821 -0.034311
v -0.002756 -0.471765 -0.031768
v -0.010570 -0.474455 -0.029486
v -0.002640 -0.473965 -0.028730
v -0.014145 -0.473299 -0.036951
v -0.017082 -0.473679 -0.033483
v -0.016687 -0.474748 -0.030994
v -0.003813 -0.461143 -0.033966
v -0.013703 -0.455141 -0.035316
v -0.004487 -0.453794 -0.034893
v -0.004885 -0.447022 -0.036067
v -0.019692 -0.455318 -0.034407
v -0.002672 -0.476484 -0.026566
v -0.011185 -0.477331 -0.027190
v -0.027283 -0.440015 -0.037589
v -0.029128 -0.446580 -0.033885
v -0.025206 -0.452176 -0.033241
v -0.005675 -0.442160 -0.037568
v -0.020565 -0.436164 -0.040227
v -0.007794 -0.435714 -0.038167
v -0.008836 -0.428456 -0.036638
v -0.032520 -0.448379 -0.032449
v -0.033064 -0.436684 -0.036769
v -0.037793 -0.441193 -0.034287
v -0.026635 -0.454475 -0.032180
v -0.010222 -0.413514 -0.032021
v -0.009207 -0.421352 -0.034510
v -0.025950 -0.411015 -0.036009
v -0.009991 -0.407745 -0.027232
v -0.009762 -0.402621 -0.021953
v -0.038321 -0.430828 -0.036098
v -0.040251 -0.422927 -0.035078
v -0.042496 -0.433197 -0.035080
v -0.045290 -0.424151 -0.033899
v -0.037428 -0.415063 -0.034149
v -0.043934 -0.409752 -0.028340
v -0.047427 -0.416235 -0.031143
v -0.034323 -0.408282 -0.034052
v -0.040325 -0.402193 -0.028931
v -0.041967 -0.396381 -0.022813
v -0.049128 -0.404869 -0.021708
v -0.048883 -0.398387 -0.017454
v -0.034846 -0.388657 -0.018560
v -0.042712 -0.390119 -0.016019
v -0.050297 -0.393086 -0.012105
v -0.045138 -0.381829 -0.008524
v -0.040294 -0.374018 -0.012926
v -0.034491 -0.378801 -0.017029
v -0.051467 -0.386264 -0.004976
v -0.025697 -0.390478 -0.018464
v -0.009622 -0.394370 -0.015457
v -0.007767 -0.386256 -0.006314
v -0.026124 -0.380733 -0.016395
v -0.019645 -0.378891 -0.010411
v -0.006500 -0.377719 0.001386
v -0.005799 -0.369192 0.006303
v -0.017589 -0.373120 -0.003407
v -0.035998 -0.362875 -0.012838
v -0.039309 -0.369369 -0.005164
v -0.037501 -0.366695 -0.017207
v -0.034206 -0.371163 -0.019323
v -0.028692 -0.373230 -0.019538
v -0.023393 -0.371856 -0.016564
v -0.020786 -0.367853 -0.012164
v -0.029770 -0.361397 -0.009019
v -0.023153 -0.363282 -0.009203
v -0.031759 -0.366573 -0.000004
v -0.022321 -0.367382 -0.000128
v -0.036313 -0.367218 -0.021707
v -0.040380 -0.366458 -0.024105
v -0.031659 -0.369748 -0.024323
v -0.025656 -0.368058 -0.025067
v -0.026133 -0.367810 -0.032969
v -0.021641 -0.363041 -0.023241
v -0.020636 -0.359558 -0.032898
v -0.029138 -0.354476 -0.018649
v -0.029631 -0.345660 -0.025198
v -0.022861 -0.357201 -0.020413
v -0.021987 -0.350196 -0.029700
v -0.037993 -0.361515 -0.020163
v -0.041549 -0.357642 -0.021275
v -0.035601 -0.356303 -0.019189
v -0.037921 -0.348900 -0.021883
v -0.034605 -0.370503 -0.029287
v -0.017674 -0.360362 0.010821
v -0.034614 -0.361914 0.013885
v -0.032965 -0.366132 0.008071
v -0.020292 -0.365938 0.006238
v -0.027829 -0.357115 0.013763
v -0.004735 -0.362410 0.010507
v -0.004051 -0.354346 0.014243
v -0.015095 -0.352691 0.014316
v -0.025067 -0.349290 0.015592
v -0.036444 -0.355952 0.016476
v -0.042817 -0.370333 0.010622
v -0.043977 -0.364835 0.016511
v -0.046461 -0.357749 0.018027
v -0.051180 -0.373852 0.013838
v -0.053246 -0.367428 0.019245
v -0.044653 -0.375091 0.000831
v -0.051242 -0.379477 0.004525
v -0.049890 -0.350360 0.017190
v -0.036685 -0.348201 0.016540
v -0.057232 -0.360150 0.020575
v -0.062041 -0.352828 0.019747
v -0.040785 -0.341673 0.014095
v -0.003645 -0.345218 0.018494
v -0.014000 -0.343625 0.018284
v -0.023323 -0.340282 0.018023
v -0.031968 -0.336103 0.014965
v -0.054036 -0.344008 0.014889
v -0.047375 -0.336756 0.009729
v -0.038655 -0.331286 0.008877
v -0.057766 -0.338494 0.011480
v -0.065946 -0.346177 0.017834
v -0.068556 -0.340106 0.014630
v -0.052899 -0.331327 0.004351
v -0.059823 -0.333551 0.007280
v -0.046657 -0.325831 0.000699
v -0.068921 -0.334797 0.009764
v -0.059479 -0.329127 0.002271
v -0.059659 -0.324041 -0.004328
v -0.054816 -0.319155 -0.009979
v -0.064506 -0.327165 -0.002480
v -0.040941 -0.319787 -0.004084
v -0.050828 -0.315442 -0.014956
v -0.058798 -0.315564 -0.017699
v -0.061837 -0.321450 -0.009540
v -0.055668 -0.312855 -0.022843
v -0.004251 -0.321910 -0.022836
v -0.009923 -0.323192 -0.024264
v -0.003515 -0.324848 -0.031684
v -0.015770 -0.319215 -0.016004
v -0.025081 -0.315964 -0.010530
v -0.035205 -0.316116 -0.011001
v -0.020176 -0.315121 -0.027138
v -0.019107 -0.312660 -0.024265
v -0.020797 -0.309424 -0.026039
v -0.021862 -0.306098 -0.026547
v -0.020433 -0.306689 -0.023919
v -0.022964 -0.307647 -0.029106
v -0.021889 -0.311065 -0.028617
v -0.023313 -0.310991 -0.030974
v -0.021661 -0.316167 -0.029869
v -0.018437 -0.318275 -0.025327
v -0.017455 -0.313929 -0.021742
v -0.018900 -0.309068 -0.021788
v -0.023132 -0.304645 -0.025699
v -0.024538 -0.306468 -0.028872
v -0.025123 -0.310256 -0.031359
v -0.023027 -0.317297 -0.030428
v -0.018183 -0.320593 -0.024606
v -0.017019 -0.314463 -0.019199
v -0.019522 -0.307494 -0.018993
v -0.021377 -0.304760 -0.022158
v -0.021371 -0.327576 -0.028479
v -0.029398 -0.320904 -0.026521
v -0.032734 -0.316647 -0.023708
v -0.029781 -0.327210 -0.025912
v -0.037610 -0.329711 -0.022570
v -0.032549 -0.313971 -0.020253
v -0.028579 -0.309995 -0.022664
v -0.026623 -0.307907 -0.027351
v -0.028894 -0.311515 -0.025976
v -0.027387 -0.311417 -0.029367
v -0.025960 -0.318054 -0.029092
v -0.040691 -0.320915 -0.020169
v -0.029560 -0.312899 -0.016838
v -0.026483 -0.309263 -0.019781
v -0.040093 -0.316891 -0.016107
v -0.025507 -0.306395 -0.024332
v -0.023842 -0.306140 -0.021252
v -0.022951 -0.312667 -0.015132
v -0.022611 -0.308345 -0.018143
v -0.023420 -0.323777 -0.027416
v -0.019301 -0.333938 -0.031876
v -0.029501 -0.335411 -0.026752
v -0.014119 -0.325299 -0.027718
v -0.016688 -0.317180 -0.018121
v -0.017505 -0.322959 -0.024177
v -0.009086 -0.328435 -0.034333
v -0.049630 -0.315218 -0.018622
v -0.005494 -0.331205 -0.039382
v -0.067648 -0.357061 0.001797
v -0.066677 -0.359941 0.007697
v -0.063171 -0.365329 0.014019
v -0.065023 -0.363980 0.001897
v -0.061264 -0.370515 0.008212
v -0.064336 -0.364048 -0.006671
v -0.066915 -0.355650 -0.005077
v -0.069346 -0.354135 0.012980
v -0.069860 -0.350028 0.005779
v -0.068247 -0.347876 -0.002973
v -0.071060 -0.343243 0.007564
v -0.071107 -0.349343 0.018328
v -0.066179 -0.359842 0.017295
v -0.068191 -0.342086 -0.001369
v -0.073327 -0.342602 0.014653
v -0.068080 -0.337922 -0.000278
v -0.070790 -0.337846 0.005441
v -0.073175 -0.336797 0.009874
v -0.067761 -0.355674 0.020477
v -0.068000 -0.334470 -0.000413
v -0.070393 -0.334042 0.004359
v -0.066855 -0.337033 -0.003879
v -0.066432 -0.340885 -0.006534
v -0.063458 -0.362014 0.020820
v -0.059461 -0.368512 0.019232
v -0.066479 -0.346430 -0.008396
v -0.057242 -0.374562 0.014340
v -0.061704 -0.372310 -0.010869
v -0.065400 -0.354214 -0.010325
v -0.063225 -0.361912 -0.012808
v -0.060176 -0.376578 -0.001064
v -0.060895 -0.369452 -0.017045
v -0.056917 -0.380165 0.005359
v -0.059683 -0.380640 -0.017207
v -0.058812 -0.383822 -0.009490
v -0.056713 -0.386499 -0.004252
v -0.059375 -0.378214 -0.022459
v -0.057689 -0.387474 -0.021333
v -0.056651 -0.390341 -0.015135
v -0.058333 -0.385752 -0.026299
v -0.055311 -0.393028 -0.011082
v -0.054506 -0.395559 -0.018386
v -0.055494 -0.392569 -0.023370
v -0.053580 -0.398380 -0.015228
v -0.056461 -0.391424 -0.027975
v -0.054217 -0.397569 -0.023757
v -0.052952 -0.402226 -0.018178
v -0.053667 -0.399757 -0.020252
v -0.054686 -0.397248 -0.027384
v -0.053320 -0.403813 -0.021559
v -0.053826 -0.402168 -0.024979
v -0.055176 -0.384703 -0.030315
v -0.055773 -0.376959 -0.025479
v -0.057308 -0.368199 -0.019801
v -0.059573 -0.360856 -0.015320
v -0.061798 -0.353349 -0.012403
v -0.063354 -0.344929 -0.010520
v -0.064185 -0.338575 -0.009553
v -0.064962 -0.333675 -0.007901
v -0.065894 -0.329798 -0.004707
v -0.066901 -0.331089 0.003810
v -0.050867 -0.409497 -0.025787
v -0.052123 -0.407198 -0.030473
v -0.052982 -0.399573 -0.033707
v -0.054186 -0.391458 -0.033446
v -0.050729 -0.320440 -0.020235
v -0.058237 -0.319877 -0.019327
v -0.061960 -0.321420 -0.013809
v -0.060064 -0.329011 -0.014160
v -0.052317 -0.328712 -0.018655
v -0.043914 -0.337747 -0.020736
v -0.058269 -0.343280 -0.011694
v -0.051446 -0.354504 -0.015712
v -0.052789 -0.343597 -0.014160
v -0.046537 -0.356189 -0.019428
v -0.056513 -0.352951 -0.013217
v -0.048466 -0.343398 -0.018002
v -0.059737 -0.335183 -0.012667
v -0.017301 -0.344294 -0.034739
v -0.011610 -0.342195 -0.038014
v -0.043702 -0.403776 -0.044483
v -0.049315 -0.402519 -0.040611
v -0.049040 -0.413250 -0.036615
v -0.046660 -0.421870 -0.038751
v -0.043876 -0.432535 -0.038234
v -0.040787 -0.429165 -0.043516
v -0.042994 -0.417484 -0.044737
v -0.035612 -0.403870 -0.047191
v -0.044729 -0.391771 -0.041411
v -0.049503 -0.391590 -0.038854
v -0.049441 -0.383879 -0.034075
v -0.043968 -0.383271 -0.036580
v -0.049838 -0.376422 -0.028078
v -0.043595 -0.375916 -0.030662
v -0.035633 -0.375124 -0.033563
v -0.051500 -0.367741 -0.021726
v -0.045643 -0.367401 -0.023845
v -0.054213 -0.360292 -0.016586
v -0.053913 -0.335212 -0.015876
v -0.002192 -0.496736 -0.026716
v -0.002354 -0.494496 -0.028862
v -0.027554 -0.455653 -0.033652
v -0.033536 -0.449597 -0.034248
v -0.039131 -0.441861 -0.036463
v -0.035706 -0.438926 -0.042145
v -0.029432 -0.435536 -0.048897
v -0.031350 -0.447337 -0.039389
v -0.027074 -0.454024 -0.037222
v -0.020891 -0.459290 -0.039271
v -0.016184 -0.462354 -0.043716
v -0.022326 -0.433745 -0.054430
v -0.000634 -0.475836 -0.039279
v 0.023470 -0.419024 -0.042111
v 0.025194 -0.417982 -0.047029
v 0.022623 -0.425236 -0.043869
v 0.024413 -0.422616 -0.048812
v 0.031768 -0.429790 -0.043658
v 0.031181 -0.426380 -0.047270
v 0.025835 -0.429438 -0.044791
v 0.027085 -0.425950 -0.048956
v 0.028026 -0.441215 -0.049474
v 0.030281 -0.445543 -0.044825
v 0.040445 -0.355186 0.014215
v 0.028905 -0.348752 0.014004
v 0.018945 -0.352351 0.013315
v 0.007951 -0.354226 0.013890
v 0.008575 -0.362277 0.010116
v 0.031710 -0.356522 0.012012
v 0.023922 -0.365497 0.004939
v 0.036682 -0.365437 0.006024
v 0.038585 -0.361185 0.011734
v 0.021467 -0.359972 0.009670
v 0.036218 -0.369797 -0.031369
v 0.039525 -0.348128 -0.024160
v 0.037515 -0.355574 -0.021339
v 0.043358 -0.356796 -0.023772
v 0.034237 -0.424064 -0.045586
v 0.036232 -0.426509 -0.042025
v 0.034993 -0.420260 -0.045089
v 0.037085 -0.421438 -0.041401
v 0.028740 -0.415649 -0.045382
v 0.032810 -0.416911 -0.044981
v 0.028044 -0.415337 -0.041062
v 0.033984 -0.416831 -0.041063
v 0.024592 -0.421565 -0.052274
v 0.022039 -0.420452 -0.056147
v 0.024990 -0.416453 -0.050754
v 0.022762 -0.412762 -0.054494
v 0.027514 -0.425411 -0.051821
v 0.026162 -0.426743 -0.054790
v 0.031689 -0.425975 -0.049854
v 0.032558 -0.428554 -0.051107
v 0.035060 -0.423345 -0.048449
v 0.037867 -0.424778 -0.049211
v 0.035731 -0.418659 -0.048319
v 0.038847 -0.416665 -0.049513
v 0.028565 -0.413668 -0.049028
v 0.027991 -0.409208 -0.051867
v 0.033013 -0.414657 -0.048450
v 0.034644 -0.410597 -0.050139
v 0.030447 -0.397355 -0.040815
v 0.029570 -0.403047 -0.037777
v 0.034200 -0.397686 -0.040072
v 0.035158 -0.402054 -0.037463
v 0.036970 -0.394702 -0.038347
v 0.039000 -0.397971 -0.034792
v 0.037154 -0.391708 -0.035221
v 0.039388 -0.394207 -0.030157
v 0.027574 -0.394680 -0.039743
v 0.025631 -0.400916 -0.034685
v 0.027488 -0.392266 -0.036395
v 0.025469 -0.397408 -0.029867
v 0.034453 -0.390631 -0.032465
v 0.030430 -0.390880 -0.032985
v 0.035766 -0.392674 -0.026564
v 0.029628 -0.393922 -0.026695
v 0.026599 -0.386933 -0.040964
v 0.023370 -0.381783 -0.043915
v 0.026373 -0.390634 -0.044305
v 0.022870 -0.389186 -0.048421
v 0.029967 -0.394440 -0.045142
v 0.028546 -0.395695 -0.049469
v 0.034793 -0.395174 -0.043904
v 0.036638 -0.396406 -0.047250
v 0.038207 -0.387391 -0.039014
v 0.041023 -0.383619 -0.040114
v 0.038227 -0.391484 -0.041895
v 0.041598 -0.390593 -0.044055
v 0.030287 -0.385105 -0.037569
v 0.028999 -0.378625 -0.039642
v 0.034866 -0.385447 -0.036791
v 0.036016 -0.379765 -0.037988
v 0.030217 -0.320298 -0.028264
v 0.033617 -0.315986 -0.025643
v 0.030743 -0.326602 -0.027689
v 0.038798 -0.328948 -0.024813
v 0.033569 -0.313317 -0.022187
v 0.029431 -0.309420 -0.024346
v 0.027165 -0.307364 -0.028913
v 0.029571 -0.310931 -0.027674
v 0.027859 -0.310858 -0.030972
v 0.026574 -0.317514 -0.030630
v 0.041839 -0.320091 -0.022590
v 0.030738 -0.312313 -0.018611
v 0.027501 -0.308738 -0.021349
v 0.041389 -0.316077 -0.018504
v 0.026213 -0.305869 -0.025832
v 0.024722 -0.305653 -0.022666
v 0.024214 -0.312209 -0.016517
v 0.023692 -0.307886 -0.019494
v 0.024251 -0.323287 -0.028820
v 0.020053 -0.333547 -0.033034
v 0.030566 -0.334813 -0.028519
v 0.014960 -0.325007 -0.028574
v 0.017902 -0.316812 -0.019119
v 0.018507 -0.322574 -0.025227
v 0.009574 -0.328251 -0.034885
v 0.050731 -0.314215 -0.021581
v 0.005708 -0.331093 -0.039711
v 0.070743 -0.355700 -0.002286
v 0.070182 -0.358583 0.003666
v 0.067161 -0.364030 0.010186
v 0.068272 -0.362651 -0.002021
v 0.065023 -0.369256 0.004500
v 0.039738 -0.365925 -0.019478
v 0.042303 -0.368556 -0.007563
v 0.038416 -0.362133 -0.015025
v 0.020800 -0.372737 -0.004536
v 0.009525 -0.369039 0.005853
v 0.010106 -0.377554 0.000898
v 0.022555 -0.378470 -0.011652
v 0.028710 -0.380186 -0.018007
v 0.011088 -0.386068 -0.006869
v 0.012564 -0.394148 -0.016109
v 0.028359 -0.389939 -0.020053
v 0.054798 -0.385225 -0.008106
v 0.036993 -0.378088 -0.019131
v 0.042931 -0.373188 -0.015372
v 0.014976 -0.465793 -0.034887
v 0.018285 -0.465550 -0.037757
v 0.017675 -0.465990 -0.041888
v 0.015923 -0.469315 -0.036650
v 0.046749 -0.369441 0.007989
v 0.048143 -0.363917 0.013803
v 0.050569 -0.356781 0.015174
v 0.055358 -0.372791 0.010705
v 0.057607 -0.366324 0.015985
v 0.048105 -0.374166 -0.001896
v 0.054987 -0.378419 0.001401
v 0.053795 -0.349328 0.014140
v 0.040535 -0.347431 0.014269
v 0.061517 -0.358968 0.017079
v 0.066120 -0.351556 0.015970
v 0.044354 -0.340824 0.011591
v 0.007614 -0.345104 0.018162
v 0.017904 -0.343307 0.017339
v 0.027126 -0.339784 0.016528
v 0.035493 -0.335436 0.012974
v 0.057670 -0.342900 0.011601
v 0.050577 -0.335780 0.006847
v 0.041713 -0.330487 0.006512
v 0.061080 -0.337317 0.007980
v 0.069772 -0.344833 0.013833
v 0.072061 -0.338714 0.010488
v 0.055667 -0.330246 0.001157
v 0.062785 -0.332337 0.003671
v 0.049113 -0.324877 -0.002118
v 0.072032 -0.333399 0.005617
v 0.062068 -0.327918 -0.001304
v 0.061785 -0.322827 -0.007898
v 0.056507 -0.318042 -0.013256
v 0.066799 -0.325854 -0.006336
v 0.043000 -0.318955 -0.006554
v 0.052143 -0.314413 -0.017995
v 0.059980 -0.314376 -0.021182
v 0.063632 -0.320195 -0.013222
v 0.056468 -0.311734 -0.026142
v 0.005315 -0.321813 -0.023114
v 0.010929 -0.322983 -0.024875
v 0.004088 -0.324772 -0.031908
v 0.022205 -0.327135 -0.029761
v 0.022141 -0.304304 -0.023422
v 0.026055 -0.443983 -0.046802
v 0.028029 -0.446575 -0.043718
v 0.022739 -0.441021 -0.053066
v 0.022493 -0.443862 -0.048767
v 0.017780 -0.444592 -0.053220
v 0.019168 -0.445975 -0.048315
v 0.015894 -0.450246 -0.050411
v 0.017917 -0.449281 -0.046549
v 0.028332 -0.451464 -0.041994
v 0.026921 -0.450402 -0.042040
v 0.023444 -0.455539 -0.043194
v 0.023278 -0.453032 -0.042759
v 0.018220 -0.455077 -0.046809
v 0.019572 -0.452389 -0.044637
v 0.016664 -0.443257 -0.040958
v 0.021181 -0.440804 -0.041966
v 0.021911 -0.443355 -0.044814
v 0.018678 -0.445191 -0.044245
v 0.026469 -0.441867 -0.040654
v 0.025568 -0.443790 -0.043256
v 0.015512 -0.447636 -0.039295
v 0.017625 -0.448416 -0.042679
v -0.026247 -0.372470 -0.037358
v -0.002086 -0.336257 -0.054126
v -0.002034 -0.341763 -0.054940
v -0.002524 -0.332972 -0.049930
v -0.002279 -0.346633 -0.053276
v -0.005191 -0.339147 -0.048948
v -0.004081 -0.392848 -0.065615
v -0.001945 -0.390601 -0.065285
v -0.002998 -0.387347 -0.060258
v -0.007110 -0.382472 -0.055072
v -0.013188 -0.442552 -0.056073
v -0.009619 -0.441150 -0.058096
v -0.006849 -0.441873 -0.060375
v -0.005153 -0.449097 -0.062105
v -0.015475 -0.431187 -0.058129
v -0.009585 -0.428062 -0.060569
v -0.004931 -0.444482 -0.063653
v -0.002581 -0.436920 -0.063174
v -0.001748 -0.449568 -0.065550
v -0.001719 -0.445864 -0.066493
v -0.001797 -0.441632 -0.065313
v -0.003212 -0.426944 -0.063407
v -0.015687 -0.418291 -0.058037
v -0.010269 -0.413023 -0.060439
v -0.010881 -0.402140 -0.058931
v -0.016780 -0.408200 -0.056284
v -0.006276 -0.405679 -0.063840
v -0.002646 -0.414652 -0.065751
v -0.006628 -0.395962 -0.062445
v -0.017929 -0.399162 -0.053858
v -0.010661 -0.395119 -0.056722
v -0.026552 -0.402438 -0.050529
v -0.003075 -0.391377 -0.062799
v -0.003675 -0.390926 -0.060343
v -0.016632 -0.388880 -0.049940
v -0.011007 -0.386442 -0.052182
v -0.001589 -0.405652 -0.067932
v -0.001420 -0.397455 -0.068448
v -0.001566 -0.392066 -0.067262
v -0.003756 -0.399342 -0.066861
v 0.011214 -0.428256 -0.037227
v 0.035496 -0.447701 -0.034449
v 0.035551 -0.436000 -0.038787
v 0.040507 -0.440412 -0.036588
v 0.029759 -0.453913 -0.033838
v 0.012571 -0.413287 -0.032691
v 0.011568 -0.421145 -0.035121
v 0.027985 -0.410483 -0.037596
v 0.012507 -0.407521 -0.027894
v 0.012487 -0.402399 -0.022607
v 0.040722 -0.430019 -0.038415
v 0.042550 -0.422056 -0.037498
v 0.044996 -0.432307 -0.037647
v 0.047674 -0.423177 -0.036618
v 0.039635 -0.414292 -0.036414
v 0.046368 -0.408873 -0.031003
v 0.049807 -0.415201 -0.033982
v 0.036411 -0.407627 -0.036147
v 0.042599 -0.401486 -0.031407
v 0.044496 -0.395666 -0.025402
v 0.051858 -0.403904 -0.024692
v 0.051757 -0.397576 -0.020474
v 0.037465 -0.387957 -0.020693
v 0.045509 -0.389322 -0.018639
v 0.053368 -0.392181 -0.015194
v 0.048187 -0.380908 -0.011271
v -0.007018 -0.449148 -0.057892
v -0.008655 -0.449779 -0.055062
v -0.008257 -0.462745 -0.053746
v -0.011014 -0.460874 -0.051201
v -0.011645 -0.465432 -0.050316
v -0.009040 -0.467435 -0.050260
v -0.008306 -0.456751 -0.052287
v -0.006443 -0.459991 -0.054198
v -0.005430 -0.464864 -0.053804
v -0.009966 -0.482695 -0.035824
v -0.017443 -0.480228 -0.035325
v -0.017404 -0.476786 -0.037004
v -0.011679 -0.477449 -0.038080
v -0.013647 -0.466550 -0.045540
v -0.013821 -0.463667 -0.048089
v -0.013334 -0.458563 -0.047929
v -0.018131 -0.481711 -0.032190
v -0.021750 -0.477669 -0.034211
v -0.010505 -0.485400 -0.032226
v -0.002108 -0.483616 -0.036273
v -0.002368 -0.488239 -0.031889
v -0.010066 -0.486386 -0.029981
v -0.001962 -0.499001 -0.024889
v -0.001382 -0.502356 -0.022151
v -0.000817 -0.504195 -0.019414
v -0.000429 -0.505629 -0.017102
v -0.009245 -0.488691 -0.028163
v -0.008697 -0.492136 -0.025496
v -0.009485 -0.485314 -0.024032
v -0.002565 -0.483288 -0.021713
v -0.008823 -0.488509 -0.021013
v -0.002357 -0.486209 -0.018437
v -0.007948 -0.494410 -0.023288
v -0.007764 -0.491149 -0.019217
v -0.001888 -0.489072 -0.016848
v -0.007242 -0.496831 -0.021355
v -0.006245 -0.500171 -0.018802
v -0.005196 -0.502163 -0.016661
v -0.006922 -0.493670 -0.017265
v -0.006111 -0.496782 -0.014445
v -0.001121 -0.494309 -0.011750
v -0.001517 -0.491420 -0.014840
v -0.004413 -0.503849 -0.014856
v -0.005223 -0.498978 -0.012708
v 0.039950 -0.360738 -0.022454
v 0.023189 -0.349745 -0.031029
v 0.024746 -0.356726 -0.021813
v 0.030992 -0.345056 -0.026980
v 0.031061 -0.353876 -0.020419
v 0.021839 -0.359135 -0.034147
v 0.023479 -0.362591 -0.024568
v 0.027485 -0.367276 -0.034546
v 0.027479 -0.367528 -0.026629
v 0.033549 -0.369098 -0.026240
v 0.042207 -0.365634 -0.026533
v 0.038299 -0.366474 -0.023901
v 0.025601 -0.366905 -0.001537
v 0.035013 -0.365907 -0.001967
v 0.025817 -0.362794 -0.010643
v 0.032395 -0.360778 -0.010846
v 0.023372 -0.367413 -0.013463
v 0.025795 -0.371366 -0.018010
v 0.030938 -0.372636 -0.021291
v 0.036415 -0.370458 -0.021399
v -0.001392 -0.478966 -0.038895
v -0.004708 -0.474497 -0.040442
v -0.007045 -0.476182 -0.039753
v -0.006553 -0.471331 -0.042193
v -0.009845 -0.471274 -0.041723
v -0.004525 -0.468072 -0.043676
v -0.006299 -0.468157 -0.047366
v -0.010505 -0.468500 -0.045492
v -0.000568 -0.466364 -0.044185
v -0.000213 -0.465190 -0.049164
v -0.002973 -0.465798 -0.051237
v -0.000421 -0.461631 -0.055358
v -0.002783 -0.462374 -0.054909
v -0.004307 -0.456457 -0.055726
v -0.002580 -0.454909 -0.058598
v -0.002641 -0.479282 -0.025014
v -0.011253 -0.480793 -0.026517
v -0.017717 -0.477180 -0.029151
v -0.018338 -0.480144 -0.029443
v -0.020457 -0.474557 -0.033131
v -0.021470 -0.476667 -0.031700
v -0.017866 -0.474236 -0.036065
v -0.020906 -0.475179 -0.035638
v -0.002543 -0.481416 -0.024150
v -0.010322 -0.483178 -0.026289
v 0.000113 -0.507401 -0.010805
v -0.011294 -0.373663 -0.047562
v -0.017064 -0.378106 -0.044597
v -0.007426 -0.370129 -0.051899
v -0.017913 -0.368023 -0.040431
v -0.004951 -0.344528 -0.049734
v -0.003751 -0.332136 -0.044146
v -0.008117 -0.341212 -0.042299
v -0.007728 -0.348728 -0.043672
v -0.002165 -0.380421 -0.062927
v -0.004923 -0.376336 -0.059512
v -0.002216 -0.371608 -0.064233
v -0.002369 -0.363625 -0.063285
v -0.005251 -0.367458 -0.057845
v -0.002629 -0.359651 -0.059591
v -0.003491 -0.359077 -0.054622
v -0.004047 -0.355843 -0.050874
v -0.011045 -0.362014 -0.043773
v -0.011678 -0.352985 -0.039692
v -0.003423 -0.350861 -0.050346
v -0.016683 -0.356767 -0.037520
v 0.000302 -0.501398 -0.007266
v 0.000146 -0.504849 -0.008033
v 0.000158 -0.507498 -0.014072
v -0.003205 -0.503422 -0.009914
v -0.003267 -0.505962 -0.012731
v -0.000253 -0.498456 -0.008708
v -0.000731 -0.496529 -0.009998
v -0.004338 -0.500943 -0.011422
v 0.015830 -0.470124 -0.039829
v 0.013419 -0.471734 -0.032927
v 0.016928 -0.471870 -0.035163
v 0.013302 -0.469240 -0.034596
v 0.006453 -0.469507 -0.033984
v 0.006797 -0.466338 -0.033842
v 0.023265 -0.458368 -0.035072
v 0.023909 -0.460456 -0.036953
v 0.016242 -0.460529 -0.035173
v 0.006295 -0.471675 -0.032034
v 0.014281 -0.474207 -0.030217
v 0.006401 -0.473875 -0.028996
v -0.001919 -0.452544 -0.062512
v -0.010853 -0.450637 -0.052722
v 0.017387 -0.472984 -0.037878
v 0.020531 -0.473304 -0.034589
v 0.020304 -0.474379 -0.032082
v 0.007009 -0.461036 -0.034285
v 0.016681 -0.454839 -0.036209
v 0.007481 -0.453674 -0.035244
v 0.007674 -0.446897 -0.036436
v 0.022715 -0.454895 -0.035654
v 0.006610 -0.476392 -0.026839
v 0.015087 -0.477069 -0.027962
v 0.029800 -0.439446 -0.039268
v 0.031989 -0.445970 -0.035682
v 0.028225 -0.451644 -0.034812
v 0.008278 -0.442021 -0.037978
v 0.022864 -0.435732 -0.041504
v 0.010229 -0.435534 -0.038697
v 0.020514 -0.307072 -0.020148
v 0.018135 -0.314056 -0.020196
v 0.019108 -0.320171 -0.025689
v 0.023547 -0.316819 -0.031805
v 0.025451 -0.309740 -0.032846
v 0.024944 -0.305958 -0.030321
v 0.023695 -0.304153 -0.027061
v 0.019762 -0.308638 -0.022911
v 0.018442 -0.313483 -0.022771
v 0.019302 -0.317809 -0.026426
v 0.022195 -0.315688 -0.031168
v 0.023670 -0.310501 -0.032368
v 0.022387 -0.310575 -0.029919
v 0.023359 -0.307161 -0.030479
v 0.021111 -0.306237 -0.025131
v 0.022373 -0.305620 -0.027844
v 0.021408 -0.308951 -0.027275
v 0.019924 -0.312181 -0.025402
v 0.020873 -0.314613 -0.028335
v 0.036759 -0.315407 -0.013129
v 0.026657 -0.315464 -0.012058
v 0.017144 -0.318891 -0.016966
f 1165 2 1166
f 1165 1166 3521
f 1166 3 1167
f 1166 1167 3521
f 1167 4 1168
f 1167 1168 3521
f 1168 1 1165
f 1168 1165 3521
f 1169 2 1165
f 1169 1165 3522
f 1165 1 1170
f 1165 1170 3522
f 1170 6 1171
f 1170 1171 3522
f 1171 5 1169
f 1171 1169 3522
f 1172 1 1168
f 1172 1168 3523
f 1168 4 1173
f 1168 1173 3523
f 1173 8 1174
f 1173 1174 3523
f 1174 7 1172
f 1174 1172 3523
f 1170 1 1172
f 1170 1172 3524
f 1172 7 1175
f 1172 1175 3524
f 1175 9 1176
f 1175 1176 3524
f 1176 6 1170
f 1176 1170 3524
f 1177 7 1174
f 1177 1174 3525
f 1174 8 1178
f 1174 1178 3525
f 1178 11 1179
f 1178 1179 3525
f 1179 10 1177
f 1179 1177 3525
f 1175 7 1177
f 1175 1177 3526
f 1177 10 1180
f 1177 1180 3526
f 1180 12 1181
f 1180 1181 3526
f 1181 9 1175
f 1181 1175 3526
f 1182 10 1179
f 1182 1179 3527
f 1179 11 1183
f 1179 1183 3527
f 1183 14 1184
f 1183 1184 3527
f 1184 13 1182
f 1184 1182 3527
f 1180 10 1182
f 1180 1182 3528
f 1182 13 1185
f 1182 1185 3528
f 1185 15 1186
f 1185 1186 3528
f 1186 12 1180
f 1186 1180 3528
f 1187 17 1188
f 1187 1188 3529
f 1188 18 1189
f 1188 1189 3529
f 1189 19 1190
f 1189 1190 3529
f 1190 16 1187
f 1190 1187 3529
f 1191 21 1192
f 1191 1192 3530
f 1192 17 1187
f 1192 1187 3530
f 1187 16 1193
f 1187 1193 3530
f 1193 20 1191
f 1193 1191 3530
f 1194 22 1195
f 1194 1195 3531
f 1195 23 1196
f 1195 1196 3531
f 1196 17 1192
f 1196 1192 3531
f 1192 21 1194
f 1192 1194 3531
f 1197 25 1198
f 1197 1198 3532
f 1198 21 1191
f 1198 1191 3532
f 1191 20 1199
f 1191 1199 3532
f 1199 24 1197
f 1199 1197 3532
f 1200 27 1201
f 1200 1201 3533
f 1201 25 1197
f 1201 1197 3533
f 1197 24 1202
f 1197 1202 3533
f 1202 26 1200
f 1202 1200 3533
f 1203 29 1204
f 1203 1204 3534
f 1204 19 1189
f 1204 1189 3534
f 1189 18 1205
f 1189 1205 3534
f 1205 28 1203
f 1205 1203 3534
f 1206 30 1207
f 1206 1207 3535
f 1207 18 1188
f 1207 1188 3535
f 1188 17 1196
f 1188 1196 3535
f 1196 23 1206
f 1196 1206 3535
f 1208 30 1206
f 1208 1206 3536
f 1206 23 1195
f 1206 1195 3536
f 1195 22 1209
f 1195 1209 3536
f 1209 31 1208
f 1209 1208 3536
f 1210 31 1209
f 1210 1209 3537
f 1209 22 1194
f 1209 1194 3537
f 1194 21 1198
f 1194 1198 3537
f 1198 25 1210
f 1198 1210 3537
f 1211 31 1210
f 1211 1210 3538
f 1210 25 1201
f 1210 1201 3538
f 1201 27 1212
f 1201 1212 3538
f 1212 32 1211
f 1212 1211 3538
f 1208 31 1211
f 1208 1211 3539
f 1211 32 1213
f 1211 1213 3539
f 1213 33 1214
f 1213 1214 3539
f 1214 30 1208
f 1214 1208 3539
f 1215 28 1205
f 1215 1205 3540
f 1205 18 1207
f 1205 1207 3540
f 1207 30 1214
f 1207 1214 3540
f 1214 33 1215
f 1214 1215 3540
f 1216 35 1217
f 1216 1217 3541
f 1217 36 1218
f 1217 1218 3541
f 1218 37 1219
f 1218 1219 3541
f 1219 34 1216
f 1219 1216 3541
f 1220 39 1221
f 1220 1221 3542
f 1221 40 1222
f 1221 1222 3542
f 1222 41 1223
f 1222 1223 3542
f 1223 38 1220
f 1223 1220 3542
f 1224 43 1225
f 1224 1225 3543
f 1225 44 1226
f 1225 1226 3543
f 1226 45 1227
f 1226 1227 3543
f 1227 42 1224
f 1227 1224 3543
f 1228 46 1229
f 1228 1229 3544
f 1229 47 1230
f 1229 1230 3544
f 1230 44 1225
f 1230 1225 3544
f 1225 43 1228
f 1225 1228 3544
f 1231 48 1232
f 1231 1232 3545
f 1232 49 1233
f 1232 1233 3545
f 1233 47 1229
f 1233 1229 3545
f 1229 46 1231
f 1229 1231 3545
f 1234 50 1235
f 1234 1235 3546
f 1235 51 1236
f 1235 1236 3546
f 1236 49 1232
f 1236 1232 3546
f 1232 48 1234
f 1232 1234 3546
f 1237 53 1238
f 1237 1238 3547
f 1238 51 1235
f 1238 1235 3547
f 1235 50 1239
f 1235 1239 3547
f 1239 52 1237
f 1239 1237 3547
f 1240 55 1241
f 1240 1241 3548
f 1241 53 1237
f 1241 1237 3548
f 1237 52 1242
f 1237 1242 3548
f 1242 54 1240
f 1242 1240 3548
f 1243 56 1244
f 1243 1244 3549
f 1244 57 1245
f 1244 1245 3549
f 1245 55 1240
f 1245 1240 3549
f 1240 54 1243
f 1240 1243 3549
f 1246 59 1247
f 1246 1247 3550
f 1247 57 1244
f 1247 1244 3550
f 1244 56 1248
f 1244 1248 3550
f 1248 58 1246
f 1248 1246 3550
f 1249 61 1250
f 1249 1250 3551
f 1250 59 1246
f 1250 1246 3551
f 1246 58 1251
f 1246 1251 3551
f 1251 60 1249
f 1251 1249 3551
f 1252 63 1253
f 1252 1253 3552
f 1253 54 1242
f 1253 1242 3552
f 1242 52 1254
f 1242 1254 3552
f 1254 62 1252
f 1254 1252 3552
f 1255 56 1243
f 1255 1243 3553
f 1243 54 1253
f 1243 1253 3553
f 1253 63 1256
f 1253 1256 3553
f 1256 64 1255
f 1256 1255 3553
f 1257 50 1234
f 1257 1234 3554
f 1234 48 1258
f 1234 1258 3554
f 1258 66 1259
f 1258 1259 3554
f 1259 65 1257
f 1259 1257 3554
f 1260 62 1254
f 1260 1254 3555
f 1254 52 1239
f 1254 1239 3555
f 1239 50 1257
f 1239 1257 3555
f 1257 65 1260
f 1257 1260 3555
f 1261 58 1248
f 1261 1248 3556
f 1248 56 1255
f 1248 1255 3556
f 1255 64 1262
f 1255 1262 3556
f 1262 67 1261
f 1262 1261 3556
f 1263 64 1256
f 1263 1256 3557
f 1256 63 1252
f 1256 1252 3557
f 1252 62 1264
f 1252 1264 3557
f 1264 68 1263
f 1264 1263 3557
f 1265 60 1251
f 1265 1251 3558
f 1251 58 1261
f 1251 1261 3558
f 1261 67 1266
f 1261 1266 3558
f 1266 69 1265
f 1266 1265 3558
f 1267 70 1268
f 1267 1268 3559
f 1268 71 1269
f 1268 1269 3559
f 1269 43 1224
f 1269 1224 3559
f 1224 42 1267
f 1224 1267 3559
f 1270 66 1258
f 1270 1258 3560
f 1258 48 1231
f 1258 1231 3560
f 1231 46 1271
f 1231 1271 3560
f 1271 72 1270
f 1271 1270 3560
f 1271 46 1228
f 1271 1228 3561
f 1228 43 1269
f 1228 1269 3561
f 1269 71 1272
f 1269 1272 3561
f 1272 72 1271
f 1272 1271 3561
f 1273 73 1274
f 1273 1274 3562
f 1274 68 1264
f 1274 1264 3562
f 1264 62 1260
f 1264 1260 3562
f 1260 65 1273
f 1260 1273 3562
f 1275 74 1276
f 1275 1276 3563
f 1276 67 1262
f 1276 1262 3563
f 1262 64 1263
f 1262 1263 3563
f 1263 68 1275
f 1263 1275 3563
f 1277 69 1266
f 1277 1266 3564
f 1266 67 1276
f 1266 1276 3564
f 1276 74 1278
f 1276 1278 3564
f 1278 75 1277
f 1278 1277 3564
f 1279 77 1280
f 1279 1280 3565
f 1280 66 1270
f 1280 1270 3565
f 1270 72 1281
f 1270 1281 3565
f 1281 76 1279
f 1281 1279 3565
f 1282 73 1273
f 1282 1273 3566
f 1273 65 1259
f 1273 1259 3566
f 1259 66 1280
f 1259 1280 3566
f 1280 77 1282
f 1280 1282 3566
f 1283 74 1275
f 1283 1275 3567
f 1275 68 1274
f 1275 1274 3567
f 1274 73 1284
f 1274 1284 3567
f 1284 78 1283
f 1284 1283 3567
f 1285 79 1286
f 1285 1286 3568
f 1286 75 1278
f 1286 1278 3568
f 1278 74 1283
f 1278 1283 3568
f 1283 78 1285
f 1283 1285 3568
f 1287 81 1288
f 1287 1288 3569
f 1288 71 1268
f 1288 1268 3569
f 1268 70 1289
f 1268 1289 3569
f 1289 80 1287
f 1289 1287 3569
f 1290 76 1281
f 1290 1281 3570
f 1281 72 1272
f 1281 1272 3570
f 1272 71 1288
f 1272 1288 3570
f 1288 81 1290
f 1288 1290 3570
f 1291 81 1287
f 1291 1287 3571
f 1287 80 1292
f 1287 1292 3571
f 1292 83 1293
f 1292 1293 3571
f 1293 82 1291
f 1293 1291 3571
f 1291 82 1294
f 1291 1294 3572
f 1294 77 1279
f 1294 1279 3572
f 1279 76 1290
f 1279 1290 3572
f 1290 81 1291
f 1290 1291 3572
f 1295 78 1284
f 1295 1284 3573
f 1284 73 1282
f 1284 1282 3573
f 1282 77 1294
f 1282 1294 3573
f 1294 82 1295
f 1294 1295 3573
f 1293 83 1296
f 1293 1296 3574
f 1296 79 1285
f 1296 1285 3574
f 1285 78 1295
f 1285 1295 3574
f 1295 82 1293
f 1295 1293 3574
f 1297 85 1298
f 1297 1298 3575
f 1298 86 1299
f 1298 1299 3575
f 1299 87 1300
f 1299 1300 3575
f 1300 84 1297
f 1300 1297 3575
f 1301 85 1297
f 1301 1297 3576
f 1297 84 1302
f 1297 1302 3576
f 1302 89 1303
f 1302 1303 3576
f 1303 88 1301
f 1303 1301 3576
f 1304 91 1305
f 1304 1305 3577
f 1305 92 1306
f 1305 1306 3577
f 1306 93 1307
f 1306 1307 3577
f 1307 90 1304
f 1307 1304 3577
f 1308 88 1309
f 1308 1309 3578
f 1309 94 1310
f 1309 1310 3578
f 1310 92 1305
f 1310 1305 3578
f 1305 91 1308
f 1305 1308 3578
f 1309 88 1303
f 1309 1303 3579
f 1303 89 1311
f 1303 1311 3579
f 1311 95 1312
f 1311 1312 3579
f 1312 94 1309
f 1312 1309 3579
f 1310 94 1313
f 1310 1313 3580
f 1313 96 1314
f 1313 1314 3580
f 1314 97 1315
f 1314 1315 3580
f 1315 92 1310
f 1315 1310 3580
f 1316 98 1317
f 1316 1317 3581
f 1317 99 1318
f 1317 1318 3581
f 1318 93 1306
f 1318 1306 3581
f 1306 92 1316
f 1306 1316 3581
f 1307 93 1319
f 1307 1319 3582
f 1319 100 1320
f 1319 1320 3582
f 1320 101 1321
f 1320 1321 3582
f 1321 90 1307
f 1321 1307 3582
f 1313 94 1312
f 1313 1312 3583
f 1312 95 1322
f 1312 1322 3583
f 1322 102 1323
f 1322 1323 3583
f 1323 96 1313
f 1323 1313 3583
f 1315 97 1324
f 1315 1324 3584
f 1324 103 1325
f 1324 1325 3584
f 1325 98 1316
f 1325 1316 3584
f 1316 92 1315
f 1316 1315 3584
f 1326 96 1323
f 1326 1323 3585
f 1323 102 1327
f 1323 1327 3585
f 1327 105 1328
f 1327 1328 3585
f 1328 104 1326
f 1328 1326 3585
f 1314 96 1326
f 1314 1326 3586
f 1326 104 1329
f 1326 1329 3586
f 1329 106 1330
f 1329 1330 3586
f 1330 97 1314
f 1330 1314 3586
f 1330 106 1331
f 1330 1331 3587
f 1331 107 1332
f 1331 1332 3587
f 1332 103 1324
f 1332 1324 3587
f 1324 97 1330
f 1324 1330 3587
f 1318 99 1333
f 1318 1333 3588
f 1333 108 1334
f 1333 1334 3588
f 1334 100 1319
f 1334 1319 3588
f 1319 93 1318
f 1319 1318 3588
f 1328 105 1335
f 1328 1335 3589
f 1335 109 1336
f 1335 1336 3589
f 1336 110 1337
f 1336 1337 3589
f 1337 104 1328
f 1337 1328 3589
f 1337 110 1338
f 1337 1338 3590
f 1338 107 1331
f 1338 1331 3590
f 1331 106 1329
f 1331 1329 3590
f 1329 104 1337
f 1329 1337 3590
f 1339 111 1340
f 1339 1340 3591
f 1340 109 1335
f 1340 1335 3591
f 1335 105 1327
f 1335 1327 3591
f 1327 102 1339
f 1327 1339 3591
f 1322 95 1341
f 1322 1341 3592
f 1341 112 1342
f 1341 1342 3592
f 1342 111 1339
f 1342 1339 3592
f 1339 102 1322
f 1339 1322 3592
f 1343 101 1320
f 1343 1320 3593
f 1320 100 1334
f 1320 1334 3593
f 1334 108 1344
f 1334 1344 3593
f 1344 113 1343
f 1344 1343 3593
f 1343 113 1345
f 1343 1345 3594
f 1345 114 1346
f 1345 1346 3594
f 1346 115 1347
f 1346 1347 3594
f 1347 101 1343
f 1347 1343 3594
f 1311 89 1348
f 1311 1348 3595
f 1348 116 1349
f 1348 1349 3595
f 1349 112 1341
f 1349 1341 3595
f 1341 95 1311
f 1341 1311 3595
f 1346 114 1350
f 1346 1350 3596
f 1350 117 1351
f 1350 1351 3596
f 1351 118 1352
f 1351 1352 3596
f 1352 115 1346
f 1352 1346 3596
f 1353 119 1354
f 1353 1354 3597
f 1354 120 1355
f 1354 1355 3597
f 1355 87 1299
f 1355 1299 3597
f 1299 86 1353
f 1299 1353 3597
f 1302 84 1356
f 1302 1356 3598
f 1356 121 1357
f 1356 1357 3598
f 1357 116 1348
f 1357 1348 3598
f 1348 89 1302
f 1348 1302 3598
f 1300 87 1358
f 1300 1358 3599
f 1358 122 1359
f 1358 1359 3599
f 1359 121 1356
f 1359 1356 3599
f 1356 84 1300
f 1356 1300 3599
f 1360 118 1361
f 1360 1361 3600
f 1361 123 1362
f 1361 1362 3600
f 1362 119 1353
f 1362 1353 3600
f 1353 86 1360
f 1353 1360 3600
f 1355 120 1363
f 1355 1363 3601
f 1363 124 1364
f 1363 1364 3601
f 1364 122 1358
f 1364 1358 3601
f 1358 87 1355
f 1358 1355 3601
f 1351 117 1365
f 1351 1365 3602
f 1365 125 1366
f 1365 1366 3602
f 1366 123 1361
f 1366 1361 3602
f 1361 118 1351
f 1361 1351 3602
f 1354 119 1367
f 1354 1367 3603
f 1367 126 1368
f 1367 1368 3603
f 1368 127 1369
f 1368 1369 3603
f 1369 120 1354
f 1369 1354 3603
f 1367 119 1362
f 1367 1362 3604
f 1362 123 1370
f 1362 1370 3604
f 1370 128 1371
f 1370 1371 3604
f 1371 126 1367
f 1371 1367 3604
f 1366 125 1372
f 1366 1372 3605
f 1372 129 1373
f 1372 1373 3605
f 1373 128 1370
f 1373 1370 3605
f 1370 123 1366
f 1370 1366 3605
f 1369 127 1374
f 1369 1374 3606
f 1374 130 1375
f 1374 1375 3606
f 1375 124 1363
f 1375 1363 3606
f 1363 120 1369
f 1363 1369 3606
f 1368 126 1376
f 1368 1376 3607
f 1376 131 1377
f 1376 1377 3607
f 1377 132 1378
f 1377 1378 3607
f 1378 127 1368
f 1378 1368 3607
f 1376 126 1371
f 1376 1371 3608
f 1371 128 1379
f 1371 1379 3608
f 1379 133 1380
f 1379 1380 3608
f 1380 131 1376
f 1380 1376 3608
f 1378 132 1381
f 1378 1381 3609
f 1381 134 1382
f 1381 1382 3609
f 1382 130 1374
f 1382 1374 3609
f 1374 127 1378
f 1374 1378 3609
f 1373 129 1383
f 1373 1383 3610
f 1383 135 1384
f 1383 1384 3610
f 1384 133 1379
f 1384 1379 3610
f 1379 128 1373
f 1379 1373 3610
f 1380 133 1385
f 1380 1385 3611
f 1385 136 1386
f 1385 1386 3611
f 1386 137 1387
f 1386 1387 3611
f 1387 131 1380
f 1387 1380 3611
f 1387 137 1388
f 1387 1388 3612
f 1388 138 1389
f 1388 1389 3612
f 1389 132 1377
f 1389 1377 3612
f 1377 131 1387
f 1377 1387 3612
f 1384 135 1390
f 1384 1390 3613
f 1390 139 1391
f 1390 1391 3613
f 1391 136 1385
f 1391 1385 3613
f 1385 133 1384
f 1385 1384 3613
f 1389 138 1392
f 1389 1392 3614
f 1392 140 1393
f 1392 1393 3614
f 1393 134 1381
f 1393 1381 3614
f 1381 132 1389
f 1381 1389 3614
f 1394 141 1395
f 1394 1395 3615
f 1395 142 1396
f 1395 1396 3615
f 1396 138 1388
f 1396 1388 3615
f 1388 137 1394
f 1388 1394 3615
f 1391 139 1397
f 1391 1397 3616
f 1397 143 1398
f 1397 1398 3616
f 1398 144 1399
f 1398 1399 3616
f 1399 136 1391
f 1399 1391 3616
f 1386 136 1399
f 1386 1399 3617
f 1399 144 1400
f 1399 1400 3617
f 1400 141 1394
f 1400 1394 3617
f 1394 137 1386
f 1394 1386 3617
f 1396 142 1401
f 1396 1401 3618
f 1401 145 1402
f 1401 1402 3618
f 1402 140 1392
f 1402 1392 3618
f 1392 138 1396
f 1392 1396 3618
f 1400 144 1398
f 1400 1398 3619
f 1398 143 1403
f 1398 1403 3619
f 1403 146 1404
f 1403 1404 3619
f 1404 141 1400
f 1404 1400 3619
f 1404 146 1405
f 1404 1405 3620
f 1405 145 1401
f 1405 1401 3620
f 1401 142 1395
f 1401 1395 3620
f 1395 141 1404
f 1395 1404 3620
f 1406 130 1382
f 1406 1382 3621
f 1382 134 1407
f 1382 1407 3621
f 1407 148 1408
f 1407 1408 3621
f 1408 147 1406
f 1408 1406 3621
f 1375 130 1406
f 1375 1406 3622
f 1406 147 1409
f 1406 1409 3622
f 1409 149 1410
f 1409 1410 3622
f 1410 124 1375
f 1410 1375 3622
f 1364 124 1410
f 1364 1410 3623
f 1410 149 1411
f 1410 1411 3623
f 1411 150 1412
f 1411 1412 3623
f 1412 122 1364
f 1412 1364 3623
f 1359 122 1412
f 1359 1412 3624
f 1412 150 1413
f 1412 1413 3624
f 1413 151 1414
f 1413 1414 3624
f 1414 121 1359
f 1414 1359 3624
f 1357 121 1414
f 1357 1414 3625
f 1414 151 1415
f 1414 1415 3625
f 1415 152 1416
f 1415 1416 3625
f 1416 116 1357
f 1416 1357 3625
f 1349 116 1416
f 1349 1416 3626
f 1416 152 1417
f 1416 1417 3626
f 1417 153 1418
f 1417 1418 3626
f 1418 112 1349
f 1418 1349 3626
f 1418 153 1419
f 1418 1419 3627
f 1419 154 1420
f 1419 1420 3627
f 1420 111 1342
f 1420 1342 3627
f 1342 112 1418
f 1342 1418 3627
f 1340 111 1420
f 1340 1420 3628
f 1420 154 1421
f 1420 1421 3628
f 1421 155 1422
f 1421 1422 3628
f 1422 109 1340
f 1422 1340 3628
f 1336 109 1422
f 1336 1422 3629
f 1422 155 1423
f 1422 1423 3629
f 1423 156 1424
f 1423 1424 3629
f 1424 110 1336
f 1424 1336 3629
f 1425 157 1426
f 1425 1426 3630
f 1426 158 1427
f 1426 1427 3630
f 1427 107 1338
f 1427 1338 3630
f 1338 110 1425
f 1338 1425 3630
f 1428 159 1429
f 1428 1429 3631
f 1429 160 1430
f 1429 1430 3631
f 1430 146 1403
f 1430 1403 3631
f 1403 143 1428
f 1403 1428 3631
f 1405 146 1430
f 1405 1430 3632
f 1430 160 1431
f 1430 1431 3632
f 1431 161 1432
f 1431 1432 3632
f 1432 145 1405
f 1432 1405 3632
f 1402 145 1432
f 1402 1432 3633
f 1432 161 1433
f 1432 1433 3633
f 1433 162 1434
f 1433 1434 3633
f 1434 140 1402
f 1434 1402 3633
f 1393 140 1434
f 1393 1434 3634
f 1434 162 1435
f 1434 1435 3634
f 1435 148 1407
f 1435 1407 3634
f 1407 134 1393
f 1407 1393 3634
f 1436 164 1437
f 1436 1437 3635
f 1437 165 1438
f 1437 1438 3635
f 1438 166 1439
f 1438 1439 3635
f 1439 163 1436
f 1439 1436 3635
f 1440 155 1441
f 1440 1441 3636
f 1441 165 1437
f 1441 1437 3636
f 1437 164 1442
f 1437 1442 3636
f 1442 167 1440
f 1442 1440 3636
f 1440 167 1443
f 1440 1443 3637
f 1443 168 1444
f 1443 1444 3637
f 1444 156 1423
f 1444 1423 3637
f 1423 155 1440
f 1423 1440 3637
f 1441 155 1421
f 1441 1421 3638
f 1421 154 1445
f 1421 1445 3638
f 1445 169 1446
f 1445 1446 3638
f 1446 165 1441
f 1446 1441 3638
f 1438 165 1446
f 1438 1446 3639
f 1446 169 1447
f 1446 1447 3639
f 1447 170 1448
f 1447 1448 3639
f 1448 166 1438
f 1448 1438 3639
f 1449 166 1448
f 1449 1448 3640
f 1448 170 1450
f 1448 1450 3640
f 1450 172 1451
f 1450 1451 3640
f 1451 171 1449
f 1451 1449 3640
f 1452 174 1453
f 1452 1453 3641
f 1453 153 1417
f 1453 1417 3641
f 1417 152 1454
f 1417 1454 3641
f 1454 173 1452
f 1454 1452 3641
f 1455 176 1456
f 1455 1456 3642
f 1456 173 1457
f 1456 1457 3642
f 1457 177 1458
f 1457 1458 3642
f 1458 175 1455
f 1458 1455 3642
f 1456 176 1459
f 1456 1459 3643
f 1459 178 1460
f 1459 1460 3643
f 1460 174 1452
f 1460 1452 3643
f 1452 173 1456
f 1452 1456 3643
f 1455 175 1461
f 1455 1461 3644
f 1461 179 1462
f 1461 1462 3644
f 1462 172 1463
f 1462 1463 3644
f 1463 176 1455
f 1463 1455 3644
f 1415 151 1464
f 1415 1464 3645
f 1464 177 1457
f 1464 1457 3645
f 1457 173 1454
f 1457 1454 3645
f 1454 152 1415
f 1454 1415 3645
f 1463 172 1450
f 1463 1450 3646
f 1450 170 1465
f 1450 1465 3646
f 1465 178 1459
f 1465 1459 3646
f 1459 176 1463
f 1459 1463 3646
f 1419 153 1453
f 1419 1453 3647
f 1453 174 1466
f 1453 1466 3647
f 1466 169 1445
f 1466 1445 3647
f 1445 154 1419
f 1445 1419 3647
f 1467 181 1468
f 1467 1468 3648
f 1468 182 1469
f 1468 1469 3648
f 1469 183 1470
f 1469 1470 3648
f 1470 180 1467
f 1470 1467 3648
f 1471 180 1470
f 1471 1470 3649
f 1470 183 1472
f 1470 1472 3649
f 1472 185 1473
f 1472 1473 3649
f 1473 184 1471
f 1473 1471 3649
f 1474 187 1475
f 1474 1475 3650
f 1475 188 1476
f 1475 1476 3650
f 1476 189 1477
f 1476 1477 3650
f 1477 186 1474
f 1477 1474 3650
f 1478 186 1477
f 1478 1477 3651
f 1477 189 1479
f 1477 1479 3651
f 1479 162 1433
f 1479 1433 3651
f 1433 161 1478
f 1433 1478 3651
f 1478 161 1431
f 1478 1431 3652
f 1431 160 1480
f 1431 1480 3652
f 1480 190 1481
f 1480 1481 3652
f 1481 186 1478
f 1481 1478 3652
f 1482 186 1481
f 1482 1481 3653
f 1481 190 1483
f 1481 1483 3653
f 1483 192 1484
f 1483 1484 3653
f 1484 191 1482
f 1484 1482 3653
f 1484 192 1485
f 1484 1485 3654
f 1485 193 1486
f 1485 1486 3654
f 1486 194 1487
f 1486 1487 3654
f 1487 191 1484
f 1487 1484 3654
f 1487 194 1488
f 1487 1488 3655
f 1488 195 1489
f 1488 1489 3655
f 1489 196 1490
f 1489 1490 3655
f 1490 191 1487
f 1490 1487 3655
f 1482 191 1490
f 1482 1490 3656
f 1490 196 1491
f 1490 1491 3656
f 1491 187 1474
f 1491 1474 3656
f 1474 186 1482
f 1474 1482 3656
f 1475 187 1492
f 1475 1492 3657
f 1492 197 1493
f 1492 1493 3657
f 1493 198 1494
f 1493 1494 3657
f 1494 188 1475
f 1494 1475 3657
f 1476 188 1495
f 1476 1495 3658
f 1495 199 1496
f 1495 1496 3658
f 1496 200 1497
f 1496 1497 3658
f 1497 189 1476
f 1497 1476 3658
f 1497 200 1498
f 1497 1498 3659
f 1498 148 1435
f 1498 1435 3659
f 1435 162 1479
f 1435 1479 3659
f 1479 189 1497
f 1479 1497 3659
f 1498 200 1499
f 1498 1499 3660
f 1499 201 1500
f 1499 1500 3660
f 1500 147 1408
f 1500 1408 3660
f 1408 148 1498
f 1408 1498 3660
f 1499 200 1496
f 1499 1496 3661
f 1496 199 1501
f 1496 1501 3661
f 1501 202 1502
f 1501 1502 3661
f 1502 201 1499
f 1502 1499 3661
f 1500 201 1503
f 1500 1503 3662
f 1503 203 1504
f 1503 1504 3662
f 1504 149 1409
f 1504 1409 3662
f 1409 147 1500
f 1409 1500 3662
f 1503 201 1502
f 1503 1502 3663
f 1502 202 1505
f 1502 1505 3663
f 1505 204 1506
f 1505 1506 3663
f 1506 203 1503
f 1506 1503 3663
f 1505 202 1507
f 1505 1507 3664
f 1507 205 1508
f 1507 1508 3664
f 1508 206 1509
f 1508 1509 3664
f 1509 204 1505
f 1509 1505 3664
f 1504 203 1510
f 1504 1510 3665
f 1510 175 1511
f 1510 1511 3665
f 1511 150 1411
f 1511 1411 3665
f 1411 149 1504
f 1411 1504 3665
f 1510 203 1506
f 1510 1506 3666
f 1506 204 1512
f 1506 1512 3666
f 1512 179 1461
f 1512 1461 3666
f 1461 175 1510
f 1461 1510 3666
f 1458 177 1464
f 1458 1464 3667
f 1464 151 1413
f 1464 1413 3667
f 1413 150 1511
f 1413 1511 3667
f 1511 175 1458
f 1511 1458 3667
f 1466 174 1460
f 1466 1460 3668
f 1460 178 1465
f 1460 1465 3668
f 1465 170 1447
f 1465 1447 3668
f 1447 169 1466
f 1447 1466 3668
f 1513 208 1514
f 1513 1514 3669
f 1514 209 1515
f 1514 1515 3669
f 1515 210 1516
f 1515 1516 3669
f 1516 207 1513
f 1516 1513 3669
f 1517 39 1220
f 1517 1220 3670
f 1220 38 1518
f 1220 1518 3670
f 1518 209 1514
f 1518 1514 3670
f 1514 208 1517
f 1514 1517 3670
f 1519 212 1520
f 1519 1520 3671
f 1520 213 1521
f 1520 1521 3671
f 1521 214 1522
f 1521 1522 3671
f 1522 211 1519
f 1522 1519 3671
f 1523 211 1522
f 1523 1522 3672
f 1522 214 1524
f 1522 1524 3672
f 1524 216 1525
f 1524 1525 3672
f 1525 215 1523
f 1525 1523 3672
f 1526 215 1525
f 1526 1525 3673
f 1525 216 1527
f 1525 1527 3673
f 1527 194 1486
f 1527 1486 3673
f 1486 193 1526
f 1486 1526 3673
f 1488 194 1527
f 1488 1527 3674
f 1527 216 1528
f 1527 1528 3674
f 1528 217 1529
f 1528 1529 3674
f 1529 195 1488
f 1529 1488 3674
f 1529 217 1530
f 1529 1530 3675
f 1530 218 1531
f 1530 1531 3675
f 1531 219 1532
f 1531 1532 3675
f 1532 195 1529
f 1532 1529 3675
f 1528 216 1524
f 1528 1524 3676
f 1524 214 1533
f 1524 1533 3676
f 1533 220 1534
f 1533 1534 3676
f 1534 217 1528
f 1534 1528 3676
f 1533 214 1521
f 1533 1521 3677
f 1521 213 1535
f 1521 1535 3677
f 1535 221 1536
f 1535 1536 3677
f 1536 220 1533
f 1536 1533 3677
f 1535 213 1537
f 1535 1537 3678
f 1537 222 1538
f 1537 1538 3678
f 1538 223 1539
f 1538 1539 3678
f 1539 221 1535
f 1539 1535 3678
f 1538 222 1540
f 1538 1540 3679
f 1540 224 1541
f 1540 1541 3679
f 1541 225 1542
f 1541 1542 3679
f 1542 223 1538
f 1542 1538 3679
f 1543 226 1544
f 1543 1544 3680
f 1544 227 1545
f 1544 1545 3680
f 1545 219 1531
f 1545 1531 3680
f 1531 218 1543
f 1531 1543 3680
f 1546 26 1202
f 1546 1202 3681
f 1202 24 1547
f 1202 1547 3681
f 1547 229 1548
f 1547 1548 3681
f 1548 228 1546
f 1548 1546 3681
f 1549 228 1548
f 1549 1548 3682
f 1548 229 1550
f 1548 1550 3682
f 1550 231 1551
f 1550 1551 3682
f 1551 230 1549
f 1551 1549 3682
f 1199 20 1552
f 1199 1552 3683
f 1552 232 1553
f 1552 1553 3683
f 1553 229 1547
f 1553 1547 3683
f 1547 24 1199
f 1547 1199 3683
f 1550 229 1553
f 1550 1553 3684
f 1553 232 1554
f 1553 1554 3684
f 1554 233 1555
f 1554 1555 3684
f 1555 231 1550
f 1555 1550 3684
f 1193 16 1556
f 1193 1556 3685
f 1556 234 1557
f 1556 1557 3685
f 1557 232 1552
f 1557 1552 3685
f 1552 20 1193
f 1552 1193 3685
f 1554 232 1557
f 1554 1557 3686
f 1557 234 1558
f 1557 1558 3686
f 1558 235 1559
f 1558 1559 3686
f 1559 233 1554
f 1559 1554 3686
f 1190 19 1560
f 1190 1560 3687
f 1560 236 1561
f 1560 1561 3687
f 1561 234 1556
f 1561 1556 3687
f 1556 16 1190
f 1556 1190 3687
f 1561 236 1562
f 1561 1562 3688
f 1562 237 1563
f 1562 1563 3688
f 1563 238 1564
f 1563 1564 3688
f 1564 234 1561
f 1564 1561 3688
f 1564 238 1565
f 1564 1565 3689
f 1565 239 1566
f 1565 1566 3689
f 1566 235 1558
f 1566 1558 3689
f 1558 234 1564
f 1558 1564 3689
f 1204 29 1567
f 1204 1567 3690
f 1567 240 1568
f 1567 1568 3690
f 1568 236 1560
f 1568 1560 3690
f 1560 19 1204
f 1560 1204 3690
f 1568 240 1569
f 1568 1569 3691
f 1569 241 1570
f 1569 1570 3691
f 1570 242 1571
f 1570 1571 3691
f 1571 236 1568
f 1571 1568 3691
f 1571 242 1572
f 1571 1572 3692
f 1572 243 1573
f 1572 1573 3692
f 1573 237 1562
f 1573 1562 3692
f 1562 236 1571
f 1562 1571 3692
f 1570 241 1574
f 1570 1574 3693
f 1574 244 1575
f 1574 1575 3693
f 1575 245 1576
f 1575 1576 3693
f 1576 242 1570
f 1576 1570 3693
f 1572 242 1576
f 1572 1576 3694
f 1576 245 1577
f 1576 1577 3694
f 1577 246 1578
f 1577 1578 3694
f 1578 243 1572
f 1578 1572 3694
f 1575 244 1579
f 1575 1579 3695
f 1579 247 1580
f 1579 1580 3695
f 1580 248 1581
f 1580 1581 3695
f 1581 245 1575
f 1581 1575 3695
f 1579 244 1582
f 1579 1582 3696
f 1582 249 1583
f 1582 1583 3696
f 1583 250 1584
f 1583 1584 3696
f 1584 247 1579
f 1584 1579 3696
f 1585 252 1586
f 1585 1586 3697
f 1586 253 1587
f 1586 1587 3697
f 1587 254 1588
f 1587 1588 3697
f 1588 251 1585
f 1588 1585 3697
f 1587 253 1589
f 1587 1589 3698
f 1589 255 1590
f 1589 1590 3698
f 1590 256 1591
f 1590 1591 3698
f 1591 254 1587
f 1591 1587 3698
f 1592 256 1593
f 1592 1593 3699
f 1593 258 1594
f 1593 1594 3699
f 1594 259 1595
f 1594 1595 3699
f 1595 257 1592
f 1595 1592 3699
f 1590 255 1596
f 1590 1596 3700
f 1596 260 1597
f 1596 1597 3700
f 1597 258 1593
f 1597 1593 3700
f 1593 256 1590
f 1593 1590 3700
f 1598 259 1599
f 1598 1599 3701
f 1599 262 1600
f 1599 1600 3701
f 1600 263 1601
f 1600 1601 3701
f 1601 261 1598
f 1601 1598 3701
f 1594 258 1597
f 1594 1597 3702
f 1597 260 1602
f 1597 1602 3702
f 1602 262 1599
f 1602 1599 3702
f 1599 259 1594
f 1599 1594 3702
f 1603 265 1604
f 1603 1604 3703
f 1604 263 1605
f 1604 1605 3703
f 1605 266 1606
f 1605 1606 3703
f 1606 264 1603
f 1606 1603 3703
f 1605 263 1600
f 1605 1600 3704
f 1600 262 1607
f 1600 1607 3704
f 1607 267 1608
f 1607 1608 3704
f 1608 266 1605
f 1608 1605 3704
f 1609 268 1610
f 1609 1610 3705
f 1610 269 1611
f 1610 1611 3705
f 1611 253 1586
f 1611 1586 3705
f 1586 252 1609
f 1586 1609 3705
f 1611 269 1612
f 1611 1612 3706
f 1612 270 1613
f 1612 1613 3706
f 1613 255 1589
f 1613 1589 3706
f 1589 253 1611
f 1589 1611 3706
f 1614 272 1615
f 1614 1615 3707
f 1615 273 1616
f 1615 1616 3707
f 1616 274 1617
f 1616 1617 3707
f 1617 271 1614
f 1617 1614 3707
f 1618 276 1619
f 1618 1619 3708
f 1619 277 1620
f 1619 1620 3708
f 1620 278 1621
f 1620 1621 3708
f 1621 275 1618
f 1621 1618 3708
f 1622 271 1617
f 1622 1617 3709
f 1617 274 1623
f 1617 1623 3709
f 1623 277 1619
f 1623 1619 3709
f 1619 276 1622
f 1619 1622 3709
f 1615 272 1624
f 1615 1624 3710
f 1624 279 1625
f 1624 1625 3710
f 1625 280 1626
f 1625 1626 3710
f 1626 273 1615
f 1626 1615 3710
f 1623 274 1627
f 1623 1627 3711
f 1627 281 1628
f 1627 1628 3711
f 1628 278 1620
f 1628 1620 3711
f 1620 277 1623
f 1620 1623 3711
f 1616 273 1626
f 1616 1626 3712
f 1626 280 1629
f 1626 1629 3712
f 1629 281 1627
f 1629 1627 3712
f 1627 274 1616
f 1627 1616 3712
f 1630 275 1621
f 1630 1621 3713
f 1621 278 1631
f 1621 1631 3713
f 1631 283 1632
f 1631 1632 3713
f 1632 282 1630
f 1632 1630 3713
f 1633 282 1632
f 1633 1632 3714
f 1632 283 1634
f 1632 1634 3714
f 1634 285 1635
f 1634 1635 3714
f 1635 284 1633
f 1635 1633 3714
f 1628 281 1636
f 1628 1636 3715
f 1636 286 1637
f 1636 1637 3715
f 1637 283 1631
f 1637 1631 3715
f 1631 278 1628
f 1631 1628 3715
f 1634 283 1637
f 1634 1637 3716
f 1637 286 1638
f 1637 1638 3716
f 1638 287 1639
f 1638 1639 3716
f 1639 285 1634
f 1639 1634 3716
f 1629 280 1640
f 1629 1640 3717
f 1640 288 1641
f 1640 1641 3717
f 1641 286 1636
f 1641 1636 3717
f 1636 281 1629
f 1636 1629 3717
f 1642 290 1643
f 1642 1643 3718
f 1643 291 1644
f 1643 1644 3718
f 1644 292 1645
f 1644 1645 3718
f 1645 289 1642
f 1645 1642 3718
f 1646 284 1635
f 1646 1635 3719
f 1635 285 1647
f 1635 1647 3719
f 1647 291 1643
f 1647 1643 3719
f 1643 290 1646
f 1643 1646 3719
f 1639 287 1648
f 1639 1648 3720
f 1648 293 1649
f 1648 1649 3720
f 1649 291 1647
f 1649 1647 3720
f 1647 285 1639
f 1647 1639 3720
f 1649 293 1650
f 1649 1650 3721
f 1650 294 1651
f 1650 1651 3721
f 1651 292 1644
f 1651 1644 3721
f 1644 291 1649
f 1644 1649 3721
f 1638 286 1641
f 1638 1641 3722
f 1641 288 1652
f 1641 1652 3722
f 1652 295 1653
f 1652 1653 3722
f 1653 287 1638
f 1653 1638 3722
f 1653 295 1654
f 1653 1654 3723
f 1654 296 1655
f 1654 1655 3723
f 1655 293 1648
f 1655 1648 3723
f 1648 287 1653
f 1648 1653 3723
f 1655 296 1656
f 1655 1656 3724
f 1656 210 1657
f 1656 1657 3724
f 1657 294 1650
f 1657 1650 3724
f 1650 293 1655
f 1650 1655 3724
f 1645 292 1658
f 1645 1658 3725
f 1658 297 1659
f 1658 1659 3725
f 1659 298 1660
f 1659 1660 3725
f 1660 289 1645
f 1660 1645 3725
f 1651 294 1661
f 1651 1661 3726
f 1661 299 1662
f 1661 1662 3726
f 1662 297 1658
f 1662 1658 3726
f 1658 292 1651
f 1658 1651 3726
f 1657 210 1515
f 1657 1515 3727
f 1515 209 1663
f 1515 1663 3727
f 1663 299 1661
f 1663 1661 3727
f 1661 294 1657
f 1661 1657 3727
f 1664 300 1665
f 1664 1665 3728
f 1665 301 1666
f 1665 1666 3728
f 1666 298 1659
f 1666 1659 3728
f 1659 297 1664
f 1659 1664 3728
f 1664 297 1662
f 1664 1662 3729
f 1662 299 1667
f 1662 1667 3729
f 1667 302 1668
f 1667 1668 3729
f 1668 300 1664
f 1668 1664 3729
f 1669 301 1665
f 1669 1665 3730
f 1665 300 1670
f 1665 1670 3730
f 1670 269 1610
f 1670 1610 3730
f 1610 268 1669
f 1610 1669 3730
f 1668 302 1671
f 1668 1671 3731
f 1671 270 1612
f 1671 1612 3731
f 1612 269 1670
f 1612 1670 3731
f 1670 300 1668
f 1670 1668 3731
f 1667 299 1663
f 1667 1663 3732
f 1663 209 1518
f 1663 1518 3732
f 1518 38 1672
f 1518 1672 3732
f 1672 302 1667
f 1672 1667 3732
f 1672 38 1223
f 1672 1223 3733
f 1223 41 1673
f 1223 1673 3733
f 1673 270 1671
f 1673 1671 3733
f 1671 302 1672
f 1671 1672 3733
f 1640 280 1625
f 1640 1625 3734
f 1625 279 1674
f 1625 1674 3734
f 1674 303 1675
f 1674 1675 3734
f 1675 288 1640
f 1675 1640 3734
f 1675 303 1676
f 1675 1676 3735
f 1676 304 1677
f 1676 1677 3735
f 1677 295 1652
f 1677 1652 3735
f 1652 288 1675
f 1652 1675 3735
f 1654 295 1677
f 1654 1677 3736
f 1677 304 1678
f 1677 1678 3736
f 1678 305 1679
f 1678 1679 3736
f 1679 296 1654
f 1679 1654 3736
f 1656 296 1679
f 1656 1679 3737
f 1679 305 1680
f 1679 1680 3737
f 1680 207 1516
f 1680 1516 3737
f 1516 210 1656
f 1516 1656 3737
f 1613 270 1673
f 1613 1673 3738
f 1673 41 1681
f 1673 1681 3738
f 1681 34 1682
f 1681 1682 3738
f 1682 255 1613
f 1682 1613 3738
f 1681 41 1222
f 1681 1222 3739
f 1222 40 1683
f 1222 1683 3739
f 1683 35 1216
f 1683 1216 3739
f 1216 34 1681
f 1216 1681 3739
f 1684 230 1551
f 1684 1551 3740
f 1551 231 1685
f 1551 1685 3740
f 1685 37 1218
f 1685 1218 3740
f 1218 36 1684
f 1218 1684 3740
f 1686 255 1682
f 1686 1682 3741
f 1682 34 1219
f 1682 1219 3741
f 1219 37 1687
f 1219 1687 3741
f 1687 306 1686
f 1687 1686 3741
f 1607 262 1602
f 1607 1602 3742
f 1602 260 1688
f 1602 1688 3742
f 1688 307 1689
f 1688 1689 3742
f 1689 267 1607
f 1689 1607 3742
f 1688 260 1596
f 1688 1596 3743
f 1596 255 1686
f 1596 1686 3743
f 1686 306 1690
f 1686 1690 3743
f 1690 307 1688
f 1690 1688 3743
f 1542 225 1691
f 1542 1691 3744
f 1691 308 1692
f 1691 1692 3744
f 1692 309 1693
f 1692 1693 3744
f 1693 223 1542
f 1693 1542 3744
f 1541 224 1694
f 1541 1694 3745
f 1694 310 1695
f 1694 1695 3745
f 1695 311 1696
f 1695 1696 3745
f 1696 225 1541
f 1696 1541 3745
f 1697 235 1566
f 1697 1566 3746
f 1566 239 1698
f 1566 1698 3746
f 1698 310 1694
f 1698 1694 3746
f 1694 224 1697
f 1694 1697 3746
f 1699 264 1700
f 1699 1700 3747
f 1700 312 1701
f 1700 1701 3747
f 1701 231 1555
f 1701 1555 3747
f 1555 233 1699
f 1555 1699 3747
f 1606 266 1608
f 1606 1608 3748
f 1608 267 1702
f 1608 1702 3748
f 1702 312 1700
f 1702 1700 3748
f 1700 264 1606
f 1700 1606 3748
f 1689 307 1690
f 1689 1690 3749
f 1690 306 1703
f 1690 1703 3749
f 1703 312 1702
f 1703 1702 3749
f 1702 267 1689
f 1702 1689 3749
f 1703 306 1687
f 1703 1687 3750
f 1687 37 1685
f 1687 1685 3750
f 1685 231 1701
f 1685 1701 3750
f 1701 312 1703
f 1701 1703 3750
f 1704 313 1705
f 1704 1705 3751
f 1705 237 1573
f 1705 1573 3751
f 1573 243 1578
f 1573 1578 3751
f 1578 246 1704
f 1578 1704 3751
f 1577 245 1706
f 1577 1706 3752
f 1706 308 1707
f 1706 1707 3752
f 1707 314 1708
f 1707 1708 3752
f 1708 246 1577
f 1708 1577 3752
f 1581 248 1709
f 1581 1709 3753
f 1709 309 1692
f 1709 1692 3753
f 1692 308 1706
f 1692 1706 3753
f 1706 245 1581
f 1706 1581 3753
f 1565 238 1563
f 1565 1563 3754
f 1563 237 1705
f 1563 1705 3754
f 1705 313 1710
f 1705 1710 3754
f 1710 239 1565
f 1710 1565 3754
f 1698 239 1710
f 1698 1710 3755
f 1710 313 1711
f 1710 1711 3755
f 1711 311 1695
f 1711 1695 3755
f 1695 310 1698
f 1695 1698 3755
f 1696 311 1712
f 1696 1712 3756
f 1712 314 1707
f 1712 1707 3756
f 1707 308 1691
f 1707 1691 3756
f 1691 225 1696
f 1691 1696 3756
f 1711 313 1704
f 1711 1704 3757
f 1704 246 1708
f 1704 1708 3757
f 1708 314 1712
f 1708 1712 3757
f 1712 311 1711
f 1712 1711 3757
f 1580 247 1713
f 1580 1713 3758
f 1713 315 1714
f 1713 1714 3758
f 1714 316 1715
f 1714 1715 3758
f 1715 248 1580
f 1715 1580 3758
f 1713 247 1584
f 1713 1584 3759
f 1584 250 1716
f 1584 1716 3759
f 1716 317 1717
f 1716 1717 3759
f 1717 315 1713
f 1717 1713 3759
f 1583 249 1718
f 1583 1718 3760
f 1718 318 1719
f 1718 1719 3760
f 1719 319 1720
f 1719 1720 3760
f 1720 250 1583
f 1720 1583 3760
f 1709 248 1715
f 1709 1715 3761
f 1715 316 1721
f 1715 1721 3761
f 1721 320 1722
f 1721 1722 3761
f 1722 309 1709
f 1722 1709 3761
f 1723 321 1724
f 1723 1724 3762
f 1724 226 1725
f 1724 1725 3762
f 1725 320 1721
f 1725 1721 3762
f 1721 316 1723
f 1721 1723 3762
f 1714 315 1726
f 1714 1726 3763
f 1726 322 1727
f 1726 1727 3763
f 1727 321 1723
f 1727 1723 3763
f 1723 316 1714
f 1723 1714 3763
f 1717 317 1728
f 1717 1728 3764
f 1728 323 1729
f 1728 1729 3764
f 1729 322 1726
f 1729 1726 3764
f 1726 315 1717
f 1726 1717 3764
f 1716 250 1720
f 1716 1720 3765
f 1720 319 1730
f 1720 1730 3765
f 1730 324 1731
f 1730 1731 3765
f 1731 317 1716
f 1731 1716 3765
f 1724 321 1732
f 1724 1732 3766
f 1732 325 1733
f 1732 1733 3766
f 1733 227 1544
f 1733 1544 3766
f 1544 226 1724
f 1544 1724 3766
f 1727 322 1734
f 1727 1734 3767
f 1734 326 1735
f 1734 1735 3767
f 1735 325 1732
f 1735 1732 3767
f 1732 321 1727
f 1732 1727 3767
f 1731 324 1736
f 1731 1736 3768
f 1736 327 1737
f 1736 1737 3768
f 1737 323 1728
f 1737 1728 3768
f 1728 317 1731
f 1728 1731 3768
f 1729 323 1738
f 1729 1738 3769
f 1738 328 1739
f 1738 1739 3769
f 1739 329 1740
f 1739 1740 3769
f 1740 322 1729
f 1740 1729 3769
f 1719 318 1741
f 1719 1741 3770
f 1741 330 1742
f 1741 1742 3770
f 1742 324 1730
f 1742 1730 3770
f 1730 319 1719
f 1730 1719 3770
f 1742 330 1743
f 1742 1743 3771
f 1743 331 1744
f 1743 1744 3771
f 1744 327 1736
f 1744 1736 3771
f 1736 324 1742
f 1736 1742 3771
f 1744 331 1745
f 1744 1745 3772
f 1745 328 1738
f 1745 1738 3772
f 1738 323 1737
f 1738 1737 3772
f 1737 327 1744
f 1737 1744 3772
f 1740 329 1746
f 1740 1746 3773
f 1746 332 1747
f 1746 1747 3773
f 1747 326 1734
f 1747 1734 3773
f 1734 322 1740
f 1734 1740 3773
f 1748 333 1749
f 1748 1749 3774
f 1749 334 1750
f 1749 1750 3774
f 1750 227 1733
f 1750 1733 3774
f 1733 325 1748
f 1733 1748 3774
f 1748 325 1735
f 1748 1735 3775
f 1735 326 1751
f 1735 1751 3775
f 1751 335 1752
f 1751 1752 3775
f 1752 333 1748
f 1752 1748 3775
f 1752 335 1753
f 1752 1753 3776
f 1753 336 1754
f 1753 1754 3776
f 1754 337 1755
f 1754 1755 3776
f 1755 333 1752
f 1755 1752 3776
f 1755 337 1756
f 1755 1756 3777
f 1756 338 1757
f 1756 1757 3777
f 1757 334 1749
f 1757 1749 3777
f 1749 333 1755
f 1749 1755 3777
f 1758 339 1759
f 1758 1759 3778
f 1759 340 1760
f 1759 1760 3778
f 1760 335 1751
f 1760 1751 3778
f 1751 326 1758
f 1751 1758 3778
f 1747 332 1761
f 1747 1761 3779
f 1761 341 1762
f 1761 1762 3779
f 1762 339 1758
f 1762 1758 3779
f 1758 326 1747
f 1758 1747 3779
f 1760 340 1763
f 1760 1763 3780
f 1763 342 1764
f 1763 1764 3780
f 1764 336 1753
f 1764 1753 3780
f 1753 335 1760
f 1753 1760 3780
f 1756 337 1765
f 1756 1765 3781
f 1765 343 1766
f 1765 1766 3781
f 1766 344 1767
f 1766 1767 3781
f 1767 338 1756
f 1767 1756 3781
f 1754 336 1768
f 1754 1768 3782
f 1768 345 1769
f 1768 1769 3782
f 1769 343 1765
f 1769 1765 3782
f 1765 337 1754
f 1765 1754 3782
f 1767 344 1770
f 1767 1770 3783
f 1770 198 1493
f 1770 1493 3783
f 1493 197 1771
f 1493 1771 3783
f 1771 338 1767
f 1771 1767 3783
f 1764 342 1772
f 1764 1772 3784
f 1772 346 1773
f 1772 1773 3784
f 1773 347 1774
f 1773 1774 3784
f 1774 336 1764
f 1774 1764 3784
f 1774 347 1775
f 1774 1775 3785
f 1775 348 1776
f 1775 1776 3785
f 1776 345 1768
f 1776 1768 3785
f 1768 336 1774
f 1768 1774 3785
f 1777 349 1778
f 1777 1778 3786
f 1778 350 1779
f 1778 1779 3786
f 1779 344 1766
f 1779 1766 3786
f 1766 343 1777
f 1766 1777 3786
f 1777 343 1769
f 1777 1769 3787
f 1769 345 1780
f 1769 1780 3787
f 1780 351 1781
f 1780 1781 3787
f 1781 349 1777
f 1781 1777 3787
f 1782 352 1783
f 1782 1783 3788
f 1783 353 1784
f 1783 1784 3788
f 1784 339 1762
f 1784 1762 3788
f 1762 341 1782
f 1762 1782 3788
f 1785 354 1786
f 1785 1786 3789
f 1786 355 1787
f 1786 1787 3789
f 1787 353 1783
f 1787 1783 3789
f 1783 352 1785
f 1783 1785 3789
f 1786 354 1788
f 1786 1788 3790
f 1788 356 1789
f 1788 1789 3790
f 1789 357 1790
f 1789 1790 3790
f 1790 355 1786
f 1790 1786 3790
f 1784 353 1787
f 1784 1787 3791
f 1787 355 1791
f 1787 1791 3791
f 1791 340 1759
f 1791 1759 3791
f 1759 339 1784
f 1759 1784 3791
f 1791 355 1790
f 1791 1790 3792
f 1790 357 1792
f 1790 1792 3792
f 1792 342 1763
f 1792 1763 3792
f 1763 340 1791
f 1763 1791 3792
f 1792 357 1789
f 1792 1789 3793
f 1789 356 1793
f 1789 1793 3793
f 1793 346 1772
f 1793 1772 3793
f 1772 342 1792
f 1772 1792 3793
f 1776 348 1794
f 1776 1794 3794
f 1794 358 1795
f 1794 1795 3794
f 1795 359 1796
f 1795 1796 3794
f 1796 345 1776
f 1796 1776 3794
f 1796 359 1797
f 1796 1797 3795
f 1797 360 1798
f 1797 1798 3795
f 1798 351 1780
f 1798 1780 3795
f 1780 345 1796
f 1780 1796 3795
f 1781 351 1799
f 1781 1799 3796
f 1799 361 1800
f 1799 1800 3796
f 1800 362 1801
f 1800 1801 3796
f 1801 349 1781
f 1801 1781 3796
f 1778 349 1801
f 1778 1801 3797
f 1801 362 1802
f 1801 1802 3797
f 1802 363 1803
f 1802 1803 3797
f 1803 350 1778
f 1803 1778 3797
f 1798 360 1804
f 1798 1804 3798
f 1804 364 1805
f 1804 1805 3798
f 1805 361 1799
f 1805 1799 3798
f 1799 351 1798
f 1799 1798 3798
f 1802 362 1806
f 1802 1806 3799
f 1806 365 1807
f 1806 1807 3799
f 1807 366 1808
f 1807 1808 3799
f 1808 363 1802
f 1808 1802 3799
f 1795 358 1809
f 1795 1809 3800
f 1809 367 1810
f 1809 1810 3800
f 1810 368 1811
f 1810 1811 3800
f 1811 359 1795
f 1811 1795 3800
f 1811 368 1812
f 1811 1812 3801
f 1812 369 1813
f 1812 1813 3801
f 1813 360 1797
f 1813 1797 3801
f 1797 359 1811
f 1797 1811 3801
f 1810 367 1814
f 1810 1814 3802
f 1814 370 1815
f 1814 1815 3802
f 1815 369 1812
f 1815 1812 3802
f 1812 368 1810
f 1812 1810 3802
f 1816 371 1817
f 1816 1817 3803
f 1817 372 1818
f 1817 1818 3803
f 1818 369 1815
f 1818 1815 3803
f 1815 370 1816
f 1815 1816 3803
f 1818 372 1819
f 1818 1819 3804
f 1819 364 1804
f 1819 1804 3804
f 1804 360 1813
f 1804 1813 3804
f 1813 369 1818
f 1813 1818 3804
f 1819 372 1817
f 1819 1817 3805
f 1817 371 1820
f 1817 1820 3805
f 1820 373 1821
f 1820 1821 3805
f 1821 364 1819
f 1821 1819 3805
f 1821 373 1822
f 1821 1822 3806
f 1822 374 1823
f 1822 1823 3806
f 1823 361 1805
f 1823 1805 3806
f 1805 364 1821
f 1805 1821 3806
f 1823 374 1824
f 1823 1824 3807
f 1824 375 1825
f 1824 1825 3807
f 1825 376 1826
f 1825 1826 3807
f 1826 361 1823
f 1826 1823 3807
f 1826 376 1827
f 1826 1827 3808
f 1827 365 1806
f 1827 1806 3808
f 1806 362 1800
f 1806 1800 3808
f 1800 361 1826
f 1800 1826 3808
f 1827 376 1828
f 1827 1828 3809
f 1828 185 1472
f 1828 1472 3809
f 1472 183 1829
f 1472 1829 3809
f 1829 365 1827
f 1829 1827 3809
f 1830 376 1825
f 1830 1825 3810
f 1825 375 1831
f 1825 1831 3810
f 1831 378 1832
f 1831 1832 3810
f 1832 377 1830
f 1832 1830 3810
f 1807 365 1829
f 1807 1829 3811
f 1829 183 1469
f 1829 1469 3811
f 1469 182 1833
f 1469 1833 3811
f 1833 366 1807
f 1833 1807 3811
f 1828 376 1830
f 1828 1830 3812
f 1830 377 1834
f 1830 1834 3812
f 1834 379 1835
f 1834 1835 3812
f 1835 185 1828
f 1835 1828 3812
f 1473 185 1835
f 1473 1835 3813
f 1835 379 1836
f 1835 1836 3813
f 1836 380 1837
f 1836 1837 3813
f 1837 184 1473
f 1837 1473 3813
f 1838 184 1837
f 1838 1837 3814
f 1837 380 1839
f 1837 1839 3814
f 1839 382 1840
f 1839 1840 3814
f 1840 381 1838
f 1840 1838 3814
f 1834 377 1841
f 1834 1841 3815
f 1841 383 1842
f 1841 1842 3815
f 1842 384 1843
f 1842 1843 3815
f 1843 379 1834
f 1843 1834 3815
f 1843 384 1844
f 1843 1844 3816
f 1844 385 1845
f 1844 1845 3816
f 1845 380 1836
f 1845 1836 3816
f 1836 379 1843
f 1836 1843 3816
f 1832 378 1846
f 1832 1846 3817
f 1846 386 1847
f 1846 1847 3817
f 1847 383 1841
f 1847 1841 3817
f 1841 377 1832
f 1841 1832 3817
f 1845 385 1848
f 1845 1848 3818
f 1848 387 1849
f 1848 1849 3818
f 1849 382 1839
f 1849 1839 3818
f 1839 380 1845
f 1839 1845 3818
f 1842 383 1847
f 1842 1847 3819
f 1847 386 1850
f 1847 1850 3819
f 1850 388 1851
f 1850 1851 3819
f 1851 384 1842
f 1851 1842 3819
f 1851 388 1852
f 1851 1852 3820
f 1852 387 1848
f 1852 1848 3820
f 1848 385 1844
f 1848 1844 3820
f 1844 384 1851
f 1844 1851 3820
f 1853 363 1808
f 1853 1808 3821
f 1808 366 1854
f 1808 1854 3821
f 1854 206 1508
f 1854 1508 3821
f 1508 205 1853
f 1508 1853 3821
f 1855 390 1856
f 1855 1856 3822
f 1856 79 1296
f 1856 1296 3822
f 1296 83 1857
f 1296 1857 3822
f 1857 389 1855
f 1857 1855 3822
f 1858 391 1859
f 1858 1859 3823
f 1859 392 1860
f 1859 1860 3823
f 1860 390 1855
f 1860 1855 3823
f 1855 389 1858
f 1855 1858 3823
f 1861 394 1862
f 1861 1862 3824
f 1862 391 1858
f 1862 1858 3824
f 1858 389 1863
f 1858 1863 3824
f 1863 393 1861
f 1863 1861 3824
f 1857 83 1292
f 1857 1292 3825
f 1292 80 1864
f 1292 1864 3825
f 1864 393 1863
f 1864 1863 3825
f 1863 389 1857
f 1863 1857 3825
f 1865 395 1866
f 1865 1866 3826
f 1866 396 1867
f 1866 1867 3826
f 1867 394 1861
f 1867 1861 3826
f 1861 393 1865
f 1861 1865 3826
f 1289 70 1868
f 1289 1868 3827
f 1868 395 1865
f 1868 1865 3827
f 1865 393 1864
f 1865 1864 3827
f 1864 80 1289
f 1864 1289 3827
f 1869 397 1870
f 1869 1870 3828
f 1870 75 1286
f 1870 1286 3828
f 1286 79 1856
f 1286 1856 3828
f 1856 390 1869
f 1856 1869 3828
f 1860 392 1871
f 1860 1871 3829
f 1871 398 1872
f 1871 1872 3829
f 1872 397 1869
f 1872 1869 3829
f 1869 390 1860
f 1869 1860 3829
f 1873 399 1874
f 1873 1874 3830
f 1874 400 1875
f 1874 1875 3830
f 1875 392 1859
f 1875 1859 3830
f 1859 391 1873
f 1859 1873 3830
f 1867 396 1876
f 1867 1876 3831
f 1876 399 1873
f 1876 1873 3831
f 1873 391 1862
f 1873 1862 3831
f 1862 394 1867
f 1862 1867 3831
f 1870 397 1877
f 1870 1877 3832
f 1877 401 1878
f 1877 1878 3832
f 1878 69 1277
f 1878 1277 3832
f 1277 75 1870
f 1277 1870 3832
f 1879 402 1880
f 1879 1880 3833
f 1880 401 1877
f 1880 1877 3833
f 1877 397 1872
f 1877 1872 3833
f 1872 398 1879
f 1872 1879 3833
f 1881 403 1882
f 1881 1882 3834
f 1882 398 1871
f 1882 1871 3834
f 1871 392 1875
f 1871 1875 3834
f 1875 400 1881
f 1875 1881 3834
f 1866 395 1883
f 1866 1883 3835
f 1883 404 1884
f 1883 1884 3835
f 1884 405 1885
f 1884 1885 3835
f 1885 396 1866
f 1885 1866 3835
f 1885 405 1886
f 1885 1886 3836
f 1886 406 1887
f 1886 1887 3836
f 1887 399 1876
f 1887 1876 3836
f 1876 396 1885
f 1876 1885 3836
f 1888 404 1883
f 1888 1883 3837
f 1883 395 1868
f 1883 1868 3837
f 1868 70 1267
f 1868 1267 3837
f 1267 42 1888
f 1267 1888 3837
f 1878 401 1889
f 1878 1889 3838
f 1889 407 1890
f 1889 1890 3838
f 1890 60 1265
f 1890 1265 3838
f 1265 69 1878
f 1265 1878 3838
f 1882 403 1891
f 1882 1891 3839
f 1891 408 1892
f 1891 1892 3839
f 1892 402 1879
f 1892 1879 3839
f 1879 398 1882
f 1879 1882 3839
f 1880 402 1893
f 1880 1893 3840
f 1893 409 1894
f 1893 1894 3840
f 1894 407 1889
f 1894 1889 3840
f 1889 401 1880
f 1889 1880 3840
f 1895 410 1896
f 1895 1896 3841
f 1896 411 1897
f 1896 1897 3841
f 1897 403 1881
f 1897 1881 3841
f 1881 400 1895
f 1881 1895 3841
f 1874 399 1887
f 1874 1887 3842
f 1887 406 1898
f 1887 1898 3842
f 1898 410 1895
f 1898 1895 3842
f 1895 400 1874
f 1895 1874 3842
f 1892 408 1899
f 1892 1899 3843
f 1899 412 1900
f 1899 1900 3843
f 1900 409 1893
f 1900 1893 3843
f 1893 402 1892
f 1893 1892 3843
f 1897 411 1901
f 1897 1901 3844
f 1901 412 1899
f 1901 1899 3844
f 1899 408 1891
f 1899 1891 3844
f 1891 403 1897
f 1891 1897 3844
f 1890 407 1902
f 1890 1902 3845
f 1902 413 1903
f 1902 1903 3845
f 1903 61 1249
f 1903 1249 3845
f 1249 60 1890
f 1249 1890 3845
f 1894 409 1904
f 1894 1904 3846
f 1904 414 1905
f 1904 1905 3846
f 1905 413 1902
f 1905 1902 3846
f 1902 407 1894
f 1902 1894 3846
f 1906 415 1907
f 1906 1907 3847
f 1907 414 1904
f 1907 1904 3847
f 1904 409 1900
f 1904 1900 3847
f 1900 412 1906
f 1900 1906 3847
f 1901 411 1908
f 1901 1908 3848
f 1908 416 1909
f 1908 1909 3848
f 1909 415 1906
f 1909 1906 3848
f 1906 412 1901
f 1906 1901 3848
f 1896 410 1910
f 1896 1910 3849
f 1910 417 1911
f 1910 1911 3849
f 1911 416 1908
f 1911 1908 3849
f 1908 411 1896
f 1908 1896 3849
f 1912 418 1913
f 1912 1913 3850
f 1913 417 1910
f 1913 1910 3850
f 1910 410 1898
f 1910 1898 3850
f 1898 406 1912
f 1898 1912 3850
f 1914 419 1915
f 1914 1915 3851
f 1915 418 1912
f 1915 1912 3851
f 1912 406 1886
f 1912 1886 3851
f 1886 405 1914
f 1886 1914 3851
f 1916 420 1917
f 1916 1917 3852
f 1917 419 1914
f 1917 1914 3852
f 1914 405 1884
f 1914 1884 3852
f 1884 404 1916
f 1884 1916 3852
f 1227 45 1918
f 1227 1918 3853
f 1918 420 1916
f 1918 1916 3853
f 1916 404 1888
f 1916 1888 3853
f 1888 42 1227
f 1888 1227 3853
f 1919 422 1920
f 1919 1920 3854
f 1920 40 1221
f 1920 1221 3854
f 1221 39 1921
f 1221 1921 3854
f 1921 421 1919
f 1921 1919 3854
f 1922 424 1923
f 1922 1923 3855
f 1923 36 1217
f 1923 1217 3855
f 1217 35 1924
f 1217 1924 3855
f 1924 423 1922
f 1924 1922 3855
f 1925 425 1926
f 1925 1926 3856
f 1926 426 1927
f 1926 1927 3856
f 1927 28 1215
f 1927 1215 3856
f 1215 33 1925
f 1215 1925 3856
f 1925 33 1213
f 1925 1213 3857
f 1213 32 1928
f 1213 1928 3857
f 1928 427 1929
f 1928 1929 3857
f 1929 425 1925
f 1929 1925 3857
f 1212 27 1930
f 1212 1930 3858
f 1930 428 1931
f 1930 1931 3858
f 1931 427 1928
f 1931 1928 3858
f 1928 32 1212
f 1928 1212 3858
f 1932 429 1933
f 1932 1933 3859
f 1933 430 1934
f 1933 1934 3859
f 1934 427 1931
f 1934 1931 3859
f 1931 428 1932
f 1931 1932 3859
f 1934 430 1935
f 1934 1935 3860
f 1935 431 1936
f 1935 1936 3860
f 1936 425 1929
f 1936 1929 3860
f 1929 427 1934
f 1929 1934 3860
f 1937 432 1938
f 1937 1938 3861
f 1938 426 1926
f 1938 1926 3861
f 1926 425 1936
f 1926 1936 3861
f 1936 431 1937
f 1936 1937 3861
f 1927 426 1939
f 1927 1939 3862
f 1939 433 1940
f 1939 1940 3862
f 1940 29 1203
f 1940 1203 3862
f 1203 28 1927
f 1203 1927 3862
f 1941 434 1942
f 1941 1942 3863
f 1942 428 1930
f 1942 1930 3863
f 1930 27 1200
f 1930 1200 3863
f 1200 26 1941
f 1200 1941 3863
f 1943 435 1944
f 1943 1944 3864
f 1944 429 1932
f 1944 1932 3864
f 1932 428 1942
f 1932 1942 3864
f 1942 434 1943
f 1942 1943 3864
f 1945 432 1937
f 1945 1937 3865
f 1937 431 1935
f 1937 1935 3865
f 1935 430 1933
f 1935 1933 3865
f 1933 429 1945
f 1933 1945 3865
f 1946 436 1947
f 1946 1947 3866
f 1947 432 1945
f 1947 1945 3866
f 1945 429 1944
f 1945 1944 3866
f 1944 435 1946
f 1944 1946 3866
f 1948 433 1939
f 1948 1939 3867
f 1939 426 1938
f 1939 1938 3867
f 1938 432 1947
f 1938 1947 3867
f 1947 436 1948
f 1947 1948 3867
f 1949 438 1950
f 1949 1950 3868
f 1950 439 1951
f 1950 1951 3868
f 1951 440 1952
f 1951 1952 3868
f 1952 437 1949
f 1952 1949 3868
f 1953 441 1954
f 1953 1954 3869
f 1954 442 1955
f 1954 1955 3869
f 1955 440 1951
f 1955 1951 3869
f 1951 439 1953
f 1951 1953 3869
f 1956 437 1952
f 1956 1952 3870
f 1952 440 1957
f 1952 1957 3870
f 1957 444 1958
f 1957 1958 3870
f 1958 443 1956
f 1958 1956 3870
f 1955 442 1959
f 1955 1959 3871
f 1959 445 1960
f 1959 1960 3871
f 1960 444 1957
f 1960 1957 3871
f 1957 440 1955
f 1957 1955 3871
f 1961 443 1958
f 1961 1958 3872
f 1958 444 1962
f 1958 1962 3872
f 1962 447 1963
f 1962 1963 3872
f 1963 446 1961
f 1963 1961 3872
f 1960 445 1964
f 1960 1964 3873
f 1964 448 1965
f 1964 1965 3873
f 1965 447 1962
f 1965 1962 3873
f 1962 444 1960
f 1962 1960 3873
f 1966 446 1963
f 1966 1963 3874
f 1963 447 1967
f 1963 1967 3874
f 1967 450 1968
f 1967 1968 3874
f 1968 449 1966
f 1968 1966 3874
f 1965 448 1969
f 1965 1969 3875
f 1969 451 1970
f 1969 1970 3875
f 1970 450 1967
f 1970 1967 3875
f 1967 447 1965
f 1967 1965 3875
f 1971 449 1968
f 1971 1968 3876
f 1968 450 1972
f 1968 1972 3876
f 1972 453 1973
f 1972 1973 3876
f 1973 452 1971
f 1973 1971 3876
f 1970 451 1974
f 1970 1974 3877
f 1974 454 1975
f 1974 1975 3877
f 1975 453 1972
f 1975 1972 3877
f 1972 450 1970
f 1972 1970 3877
f 1976 439 1950
f 1976 1950 3878
f 1950 438 1977
f 1950 1977 3878
f 1977 456 1978
f 1977 1978 3878
f 1978 455 1976
f 1978 1976 3878
f 1979 457 1980
f 1979 1980 3879
f 1980 441 1953
f 1980 1953 3879
f 1953 439 1976
f 1953 1976 3879
f 1976 455 1979
f 1976 1979 3879
f 1981 452 1973
f 1981 1973 3880
f 1973 453 1982
f 1973 1982 3880
f 1982 459 1983
f 1982 1983 3880
f 1983 458 1981
f 1983 1981 3880
f 1984 455 1978
f 1984 1978 3881
f 1978 456 1985
f 1978 1985 3881
f 1985 458 1983
f 1985 1983 3881
f 1983 459 1984
f 1983 1984 3881
f 1986 460 1987
f 1986 1987 3882
f 1987 457 1979
f 1987 1979 3882
f 1979 455 1984
f 1979 1984 3882
f 1984 459 1986
f 1984 1986 3882
f 1975 454 1988
f 1975 1988 3883
f 1988 460 1986
f 1988 1986 3883
f 1986 459 1982
f 1986 1982 3883
f 1982 453 1975
f 1982 1975 3883
f 1966 449 1989
f 1966 1989 3884
f 1989 461 1990
f 1989 1990 3884
f 1990 462 1991
f 1990 1991 3884
f 1991 446 1966
f 1991 1966 3884
f 1992 463 1993
f 1992 1993 3885
f 1993 464 1994
f 1993 1994 3885
f 1994 462 1990
f 1994 1990 3885
f 1990 461 1992
f 1990 1992 3885
f 1961 446 1991
f 1961 1991 3886
f 1991 462 1995
f 1991 1995 3886
f 1995 465 1996
f 1995 1996 3886
f 1996 443 1961
f 1996 1961 3886
f 1994 464 1997
f 1994 1997 3887
f 1997 466 1998
f 1997 1998 3887
f 1998 465 1995
f 1998 1995 3887
f 1995 462 1994
f 1995 1994 3887
f 1956 443 1996
f 1956 1996 3888
f 1996 465 1999
f 1996 1999 3888
f 1999 467 2000
f 1999 2000 3888
f 2000 437 1956
f 2000 1956 3888
f 1998 466 2001
f 1998 2001 3889
f 2001 468 2002
f 2001 2002 3889
f 2002 467 1999
f 2002 1999 3889
f 1999 465 1998
f 1999 1998 3889
f 2003 461 1989
f 2003 1989 3890
f 1989 449 1971
f 1989 1971 3890
f 1971 452 2004
f 1971 2004 3890
f 2004 469 2003
f 2004 2003 3890
f 2005 470 2006
f 2005 2006 3891
f 2006 463 1992
f 2006 1992 3891
f 1992 461 2003
f 1992 2003 3891
f 2003 469 2005
f 2003 2005 3891
f 2007 469 2004
f 2007 2004 3892
f 2004 452 1981
f 2004 1981 3892
f 1981 458 2008
f 1981 2008 3892
f 2008 471 2007
f 2008 2007 3892
f 2009 472 2010
f 2009 2010 3893
f 2010 470 2005
f 2010 2005 3893
f 2005 469 2007
f 2005 2007 3893
f 2007 471 2009
f 2007 2009 3893
f 2011 471 2008
f 2011 2008 3894
f 2008 458 1985
f 2008 1985 3894
f 1985 456 2012
f 1985 2012 3894
f 2012 473 2011
f 2012 2011 3894
f 2013 474 2014
f 2013 2014 3895
f 2014 472 2009
f 2014 2009 3895
f 2009 471 2011
f 2009 2011 3895
f 2011 473 2013
f 2011 2013 3895
f 1949 437 2000
f 1949 2000 3896
f 2000 467 2015
f 2000 2015 3896
f 2015 475 2016
f 2015 2016 3896
f 2016 438 1949
f 2016 1949 3896
f 2017 473 2012
f 2017 2012 3897
f 2012 456 1977
f 2012 1977 3897
f 1977 438 2016
f 1977 2016 3897
f 2016 475 2017
f 2016 2017 3897
f 2002 468 2018
f 2002 2018 3898
f 2018 476 2019
f 2018 2019 3898
f 2019 475 2015
f 2019 2015 3898
f 2015 467 2002
f 2015 2002 3898
f 2019 476 2020
f 2019 2020 3899
f 2020 474 2013
f 2020 2013 3899
f 2013 473 2017
f 2013 2017 3899
f 2017 475 2019
f 2017 2019 3899
f 2021 478 2022
f 2021 2022 3900
f 2022 479 2023
f 2022 2023 3900
f 2023 480 2024
f 2023 2024 3900
f 2024 477 2021
f 2024 2021 3900
f 2025 481 2026
f 2025 2026 3901
f 2026 482 2027
f 2026 2027 3901
f 2027 478 2021
f 2027 2021 3901
f 2021 477 2025
f 2021 2025 3901
f 2028 477 2024
f 2028 2024 3902
f 2024 480 2029
f 2024 2029 3902
f 2029 484 2030
f 2029 2030 3902
f 2030 483 2028
f 2030 2028 3902
f 2031 485 2032
f 2031 2032 3903
f 2032 481 2025
f 2032 2025 3903
f 2025 477 2028
f 2025 2028 3903
f 2028 483 2031
f 2028 2031 3903
f 2033 479 2022
f 2033 2022 3904
f 2022 478 2034
f 2022 2034 3904
f 2034 487 2035
f 2034 2035 3904
f 2035 486 2033
f 2035 2033 3904
f 2027 482 2036
f 2027 2036 3905
f 2036 488 2037
f 2036 2037 3905
f 2037 487 2034
f 2037 2034 3905
f 2034 478 2027
f 2034 2027 3905
f 2038 486 2035
f 2038 2035 3906
f 2035 487 2039
f 2035 2039 3906
f 2039 490 2040
f 2039 2040 3906
f 2040 489 2038
f 2040 2038 3906
f 2037 488 2041
f 2037 2041 3907
f 2041 491 2042
f 2041 2042 3907
f 2042 490 2039
f 2042 2039 3907
f 2039 487 2037
f 2039 2037 3907
f 2043 483 2030
f 2043 2030 3908
f 2030 484 2044
f 2030 2044 3908
f 2044 493 2045
f 2044 2045 3908
f 2045 492 2043
f 2045 2043 3908
f 2046 494 2047
f 2046 2047 3909
f 2047 485 2031
f 2047 2031 3909
f 2031 483 2043
f 2031 2043 3909
f 2043 492 2046
f 2043 2046 3909
f 2048 492 2045
f 2048 2045 3910
f 2045 493 2049
f 2045 2049 3910
f 2049 496 2050
f 2049 2050 3910
f 2050 495 2048
f 2050 2048 3910
f 2051 497 2052
f 2051 2052 3911
f 2052 494 2046
f 2052 2046 3911
f 2046 492 2048
f 2046 2048 3911
f 2048 495 2051
f 2048 2051 3911
f 2053 489 2040
f 2053 2040 3912
f 2040 490 2054
f 2040 2054 3912
f 2054 499 2055
f 2054 2055 3912
f 2055 498 2053
f 2055 2053 3912
f 2056 495 2050
f 2056 2050 3913
f 2050 496 2057
f 2050 2057 3913
f 2057 498 2055
f 2057 2055 3913
f 2055 499 2056
f 2055 2056 3913
f 2042 491 2058
f 2042 2058 3914
f 2058 500 2059
f 2058 2059 3914
f 2059 499 2054
f 2059 2054 3914
f 2054 490 2042
f 2054 2042 3914
f 2059 500 2060
f 2059 2060 3915
f 2060 497 2051
f 2060 2051 3915
f 2051 495 2056
f 2051 2056 3915
f 2056 499 2059
f 2056 2059 3915
f 2061 502 2062
f 2061 2062 3916
f 2062 479 2033
f 2062 2033 3916
f 2033 486 2063
f 2033 2063 3916
f 2063 501 2061
f 2063 2061 3916
f 2064 503 2065
f 2064 2065 3917
f 2065 504 2066
f 2065 2066 3917
f 2066 502 2061
f 2066 2061 3917
f 2061 501 2064
f 2061 2064 3917
f 2067 501 2063
f 2067 2063 3918
f 2063 486 2038
f 2063 2038 3918
f 2038 489 2068
f 2038 2068 3918
f 2068 505 2067
f 2068 2067 3918
f 2069 506 2070
f 2069 2070 3919
f 2070 503 2064
f 2070 2064 3919
f 2064 501 2067
f 2064 2067 3919
f 2067 505 2069
f 2067 2069 3919
f 2023 479 2062
f 2023 2062 3920
f 2062 502 2071
f 2062 2071 3920
f 2071 507 2072
f 2071 2072 3920
f 2072 480 2023
f 2072 2023 3920
f 2066 504 2073
f 2066 2073 3921
f 2073 508 2074
f 2073 2074 3921
f 2074 507 2071
f 2074 2071 3921
f 2071 502 2066
f 2071 2066 3921
f 2029 480 2072
f 2029 2072 3922
f 2072 507 2075
f 2072 2075 3922
f 2075 509 2076
f 2075 2076 3922
f 2076 484 2029
f 2076 2029 3922
f 2074 508 2077
f 2074 2077 3923
f 2077 510 2078
f 2077 2078 3923
f 2078 509 2075
f 2078 2075 3923
f 2075 507 2074
f 2075 2074 3923
f 2044 484 2076
f 2044 2076 3924
f 2076 509 2079
f 2076 2079 3924
f 2079 511 2080
f 2079 2080 3924
f 2080 493 2044
f 2080 2044 3924
f 2078 510 2081
f 2078 2081 3925
f 2081 512 2082
f 2081 2082 3925
f 2082 511 2079
f 2082 2079 3925
f 2079 509 2078
f 2079 2078 3925
f 2049 493 2080
f 2049 2080 3926
f 2080 511 2083
f 2080 2083 3926
f 2083 513 2084
f 2083 2084 3926
f 2084 496 2049
f 2084 2049 3926
f 2083 511 2082
f 2083 2082 3927
f 2082 512 2085
f 2082 2085 3927
f 2085 514 2086
f 2085 2086 3927
f 2086 513 2083
f 2086 2083 3927
f 2087 505 2068
f 2087 2068 3928
f 2068 489 2053
f 2068 2053 3928
f 2053 498 2088
f 2053 2088 3928
f 2088 515 2087
f 2088 2087 3928
f 2089 516 2090
f 2089 2090 3929
f 2090 506 2069
f 2090 2069 3929
f 2069 505 2087
f 2069 2087 3929
f 2087 515 2089
f 2087 2089 3929
f 2057 496 2084
f 2057 2084 3930
f 2084 513 2091
f 2084 2091 3930
f 2091 515 2088
f 2091 2088 3930
f 2088 498 2057
f 2088 2057 3930
f 2091 513 2086
f 2091 2086 3931
f 2086 514 2092
f 2086 2092 3931
f 2092 516 2089
f 2092 2089 3931
f 2089 515 2091
f 2089 2091 3931
f 2093 518 2094
f 2093 2094 3932
f 2094 519 2095
f 2094 2095 3932
f 2095 520 2096
f 2095 2096 3932
f 2096 517 2093
f 2096 2093 3932
f 2097 521 2098
f 2097 2098 3933
f 2098 522 2099
f 2098 2099 3933
f 2099 518 2093
f 2099 2093 3933
f 2093 517 2097
f 2093 2097 3933
f 2100 517 2096
f 2100 2096 3934
f 2096 520 2101
f 2096 2101 3934
f 2101 524 2102
f 2101 2102 3934
f 2102 523 2100
f 2102 2100 3934
f 2103 525 2104
f 2103 2104 3935
f 2104 521 2097
f 2104 2097 3935
f 2097 517 2100
f 2097 2100 3935
f 2100 523 2103
f 2100 2103 3935
f 2105 523 2102
f 2105 2102 3936
f 2102 524 2106
f 2102 2106 3936
f 2106 527 2107
f 2106 2107 3936
f 2107 526 2105
f 2107 2105 3936
f 2108 528 2109
f 2108 2109 3937
f 2109 525 2103
f 2109 2103 3937
f 2103 523 2105
f 2103 2105 3937
f 2105 526 2108
f 2105 2108 3937
f 2110 526 2107
f 2110 2107 3938
f 2107 527 2111
f 2107 2111 3938
f 2111 530 2112
f 2111 2112 3938
f 2112 529 2110
f 2112 2110 3938
f 2113 531 2114
f 2113 2114 3939
f 2114 528 2108
f 2114 2108 3939
f 2108 526 2110
f 2108 2110 3939
f 2110 529 2113
f 2110 2113 3939
f 2115 519 2094
f 2115 2094 3940
f 2094 518 2116
f 2094 2116 3940
f 2116 533 2117
f 2116 2117 3940
f 2117 532 2115
f 2117 2115 3940
f 2099 522 2118
f 2099 2118 3941
f 2118 534 2119
f 2118 2119 3941
f 2119 533 2116
f 2119 2116 3941
f 2116 518 2099
f 2116 2099 3941
f 2120 532 2117
f 2120 2117 3942
f 2117 533 2121
f 2117 2121 3942
f 2121 536 2122
f 2121 2122 3942
f 2122 535 2120
f 2122 2120 3942
f 2119 534 2123
f 2119 2123 3943
f 2123 537 2124
f 2123 2124 3943
f 2124 536 2121
f 2124 2121 3943
f 2121 533 2119
f 2121 2119 3943
f 2125 529 2112
f 2125 2112 3944
f 2112 530 2126
f 2112 2126 3944
f 2126 539 2127
f 2126 2127 3944
f 2127 538 2125
f 2127 2125 3944
f 2128 535 2122
f 2128 2122 3945
f 2122 536 2129
f 2122 2129 3945
f 2129 538 2127
f 2129 2127 3945
f 2127 539 2128
f 2127 2128 3945
f 2130 540 2131
f 2130 2131 3946
f 2131 531 2113
f 2131 2113 3946
f 2113 529 2125
f 2113 2125 3946
f 2125 538 2130
f 2125 2130 3946
f 2124 537 2132
f 2124 2132 3947
f 2132 540 2130
f 2132 2130 3947
f 2130 538 2129
f 2130 2129 3947
f 2129 536 2124
f 2129 2124 3947
f 2120 535 2133
f 2120 2133 3948
f 2133 541 2134
f 2133 2134 3948
f 2134 542 2135
f 2134 2135 3948
f 2135 532 2120
f 2135 2120 3948
f 2134 541 2136
f 2134 2136 3949
f 2136 543 2137
f 2136 2137 3949
f 2137 544 2138
f 2137 2138 3949
f 2138 542 2134
f 2138 2134 3949
f 2115 532 2135
f 2115 2135 3950
f 2135 542 2139
f 2135 2139 3950
f 2139 545 2140
f 2139 2140 3950
f 2140 519 2115
f 2140 2115 3950
f 2139 542 2138
f 2139 2138 3951
f 2138 544 2141
f 2138 2141 3951
f 2141 546 2142
f 2141 2142 3951
f 2142 545 2139
f 2142 2139 3951
f 2095 519 2140
f 2095 2140 3952
f 2140 545 2143
f 2140 2143 3952
f 2143 547 2144
f 2143 2144 3952
f 2144 520 2095
f 2144 2095 3952
f 2143 545 2142
f 2143 2142 3953
f 2142 546 2145
f 2142 2145 3953
f 2145 548 2146
f 2145 2146 3953
f 2146 547 2143
f 2146 2143 3953
f 2101 520 2144
f 2101 2144 3954
f 2144 547 2147
f 2144 2147 3954
f 2147 549 2148
f 2147 2148 3954
f 2148 524 2101
f 2148 2101 3954
f 2147 547 2146
f 2147 2146 3955
f 2146 548 2149
f 2146 2149 3955
f 2149 550 2150
f 2149 2150 3955
f 2150 549 2147
f 2150 2147 3955
f 2151 552 2152
f 2151 2152 3956
f 2152 530 2111
f 2152 2111 3956
f 2111 527 2153
f 2111 2153 3956
f 2153 551 2151
f 2153 2151 3956
f 2154 554 2155
f 2154 2155 3957
f 2155 552 2151
f 2155 2151 3957
f 2151 551 2156
f 2151 2156 3957
f 2156 553 2154
f 2156 2154 3957
f 2106 524 2148
f 2106 2148 3958
f 2148 549 2157
f 2148 2157 3958
f 2157 551 2153
f 2157 2153 3958
f 2153 527 2106
f 2153 2106 3958
f 2157 549 2150
f 2157 2150 3959
f 2150 550 2158
f 2150 2158 3959
f 2158 553 2156
f 2158 2156 3959
f 2156 551 2157
f 2156 2157 3959
f 2159 541 2133
f 2159 2133 3960
f 2133 535 2128
f 2133 2128 3960
f 2128 539 2160
f 2128 2160 3960
f 2160 555 2159
f 2160 2159 3960
f 2161 543 2136
f 2161 2136 3961
f 2136 541 2159
f 2136 2159 3961
f 2159 555 2162
f 2159 2162 3961
f 2162 556 2161
f 2162 2161 3961
f 2126 530 2152
f 2126 2152 3962
f 2152 552 2163
f 2152 2163 3962
f 2163 555 2160
f 2163 2160 3962
f 2160 539 2126
f 2160 2126 3962
f 2163 552 2155
f 2163 2155 3963
f 2155 554 2164
f 2155 2164 3963
f 2164 556 2162
f 2164 2162 3963
f 2162 555 2163
f 2162 2163 3963
f 2165 558 2166
f 2165 2166 3964
f 2166 559 2167
f 2166 2167 3964
f 2167 560 2168
f 2167 2168 3964
f 2168 557 2165
f 2168 2165 3964
f 2167 559 2169
f 2167 2169 3965
f 2169 561 2170
f 2169 2170 3965
f 2170 562 2171
f 2170 2171 3965
f 2171 560 2167
f 2171 2167 3965
f 2172 563 2173
f 2172 2173 3966
f 2173 564 2174
f 2173 2174 3966
f 2174 562 2170
f 2174 2170 3966
f 2170 561 2172
f 2170 2172 3966
f 2175 565 2176
f 2175 2176 3967
f 2176 566 2177
f 2176 2177 3967
f 2177 560 2171
f 2177 2171 3967
f 2171 562 2175
f 2171 2175 3967
f 2178 567 2179
f 2178 2179 3968
f 2179 565 2175
f 2179 2175 3968
f 2175 562 2174
f 2175 2174 3968
f 2174 564 2178
f 2174 2178 3968
f 2180 568 2181
f 2180 2181 3969
f 2181 569 2182
f 2181 2182 3969
f 2182 570 2183
f 2182 2183 3969
f 2183 566 2180
f 2183 2180 3969
f 2184 571 2185
f 2184 2185 3970
f 2185 568 2180
f 2185 2180 3970
f 2180 566 2176
f 2180 2176 3970
f 2176 565 2184
f 2176 2184 3970
f 2177 566 2183
f 2177 2183 3971
f 2183 570 2186
f 2183 2186 3971
f 2186 557 2168
f 2186 2168 3971
f 2168 560 2177
f 2168 2177 3971
f 2187 572 2188
f 2187 2188 3972
f 2188 573 2189
f 2188 2189 3972
f 2189 557 2186
f 2189 2186 3972
f 2186 570 2187
f 2186 2187 3972
f 2189 573 2190
f 2189 2190 3973
f 2190 574 2191
f 2190 2191 3973
f 2191 558 2165
f 2191 2165 3973
f 2165 557 2189
f 2165 2189 3973
f 2192 576 2193
f 2192 2193 3974
f 2193 577 2194
f 2193 2194 3974
f 2194 559 2195
f 2194 2195 3974
f 2195 575 2192
f 2195 2192 3974
f 2196 578 2197
f 2196 2197 3975
f 2197 561 2169
f 2197 2169 3975
f 2169 559 2194
f 2169 2194 3975
f 2194 577 2196
f 2194 2196 3975
f 2198 579 2199
f 2198 2199 3976
f 2199 575 2195
f 2199 2195 3976
f 2195 559 2166
f 2195 2166 3976
f 2166 558 2198
f 2166 2198 3976
f 2200 580 2201
f 2200 2201 3977
f 2201 572 2187
f 2201 2187 3977
f 2187 570 2182
f 2187 2182 3977
f 2182 569 2200
f 2182 2200 3977
f 2181 568 2202
f 2181 2202 3978
f 2202 581 2203
f 2202 2203 3978
f 2203 582 2204
f 2203 2204 3978
f 2204 569 2181
f 2204 2181 3978
f 2204 582 2205
f 2204 2205 3979
f 2205 583 2206
f 2205 2206 3979
f 2206 580 2200
f 2206 2200 3979
f 2200 569 2204
f 2200 2204 3979
f 2207 584 2208
f 2207 2208 3980
f 2208 571 2184
f 2208 2184 3980
f 2184 565 2179
f 2184 2179 3980
f 2179 567 2207
f 2179 2207 3980
f 2209 585 2210
f 2209 2210 3981
f 2210 586 2211
f 2210 2211 3981
f 2211 568 2185
f 2211 2185 3981
f 2185 571 2209
f 2185 2209 3981
f 2211 586 2212
f 2211 2212 3982
f 2212 587 2213
f 2212 2213 3982
f 2213 581 2202
f 2213 2202 3982
f 2202 568 2211
f 2202 2211 3982
f 2214 588 2215
f 2214 2215 3983
f 2215 579 2198
f 2215 2198 3983
f 2198 558 2191
f 2198 2191 3983
f 2191 574 2214
f 2191 2214 3983
f 1969 448 2216
f 1969 2216 3984
f 2216 575 2199
f 2216 2199 3984
f 2199 579 2217
f 2199 2217 3984
f 2217 451 1969
f 2217 1969 3984
f 2218 451 2217
f 2218 2217 3985
f 2217 579 2215
f 2217 2215 3985
f 2215 588 2219
f 2215 2219 3985
f 2219 589 2218
f 2219 2218 3985
f 2220 454 1974
f 2220 1974 3986
f 1974 451 2218
f 1974 2218 3986
f 2218 589 2221
f 2218 2221 3986
f 2221 590 2220
f 2221 2220 3986
f 1964 445 2222
f 1964 2222 3987
f 2222 576 2192
f 2222 2192 3987
f 2192 575 2216
f 2192 2216 3987
f 2216 448 1964
f 2216 1964 3987
f 2205 582 2223
f 2205 2223 3988
f 2223 591 2224
f 2223 2224 3988
f 2224 251 2225
f 2224 2225 3988
f 2225 583 2205
f 2225 2205 3988
f 2203 581 2226
f 2203 2226 3989
f 2226 592 2227
f 2226 2227 3989
f 2227 591 2223
f 2227 2223 3989
f 2223 582 2203
f 2223 2203 3989
f 1980 457 2228
f 1980 2228 3990
f 2228 481 2229
f 2228 2229 3990
f 2229 593 2230
f 2229 2230 3990
f 2230 441 1980
f 2230 1980 3990
f 2231 594 2232
f 2231 2232 3991
f 2232 442 1954
f 2232 1954 3991
f 1954 441 2230
f 1954 2230 3991
f 2230 593 2231
f 2230 2231 3991
f 2232 594 2233
f 2232 2233 3992
f 2233 576 2222
f 2233 2222 3992
f 2222 445 1959
f 2222 1959 3992
f 1959 442 2232
f 1959 2232 3992
f 2234 595 2235
f 2234 2235 3993
f 2235 460 1988
f 2235 1988 3993
f 1988 454 2220
f 1988 2220 3993
f 2220 590 2234
f 2220 2234 3993
f 2236 482 2026
f 2236 2026 3994
f 2026 481 2228
f 2026 2228 3994
f 2228 457 1987
f 2228 1987 3994
f 1987 460 2236
f 1987 2236 3994
f 2237 596 2238
f 2237 2238 3995
f 2238 482 2236
f 2238 2236 3995
f 2236 460 2235
f 2236 2235 3995
f 2235 595 2237
f 2235 2237 3995
f 2239 488 2036
f 2239 2036 3996
f 2036 482 2238
f 2036 2238 3996
f 2238 596 2240
f 2238 2240 3996
f 2240 597 2239
f 2240 2239 3996
f 2241 598 2242
f 2241 2242 3997
f 2242 599 2243
f 2242 2243 3997
f 2243 594 2231
f 2243 2231 3997
f 2231 593 2241
f 2231 2241 3997
f 2032 485 2244
f 2032 2244 3998
f 2244 600 2245
f 2244 2245 3998
f 2245 593 2229
f 2245 2229 3998
f 2229 481 2032
f 2229 2032 3998
f 2245 600 2246
f 2245 2246 3999
f 2246 601 2247
f 2246 2247 3999
f 2247 598 2241
f 2247 2241 3999
f 2241 593 2245
f 2241 2245 3999
f 2233 594 2243
f 2233 2243 4000
f 2243 599 2248
f 2243 2248 4000
f 2248 577 2193
f 2248 2193 4000
f 2193 576 2233
f 2193 2233 4000
f 2249 603 2250
f 2249 2250 4001
f 2250 522 2251
f 2250 2251 4001
f 2251 491 2252
f 2251 2252 4001
f 2252 602 2249
f 2252 2249 4001
f 2252 491 2041
f 2252 2041 4002
f 2041 488 2239
f 2041 2239 4002
f 2239 597 2253
f 2239 2253 4002
f 2253 602 2252
f 2253 2252 4002
f 2098 521 2254
f 2098 2254 4003
f 2254 500 2058
f 2254 2058 4003
f 2058 491 2251
f 2058 2251 4003
f 2251 522 2098
f 2251 2098 4003
f 2255 534 2118
f 2255 2118 4004
f 2118 522 2250
f 2118 2250 4004
f 2250 603 2256
f 2250 2256 4004
f 2256 604 2255
f 2256 2255 4004
f 2257 537 2123
f 2257 2123 4005
f 2123 534 2255
f 2123 2255 4005
f 2255 604 2258
f 2255 2258 4005
f 2258 605 2257
f 2258 2257 4005
f 2259 606 2260
f 2259 2260 4006
f 2260 600 2244
f 2260 2244 4006
f 2244 485 2047
f 2244 2047 4006
f 2047 494 2259
f 2047 2259 4006
f 2052 497 2261
f 2052 2261 4007
f 2261 607 2262
f 2261 2262 4007
f 2262 606 2259
f 2262 2259 4007
f 2259 494 2052
f 2259 2052 4007
f 2260 606 2263
f 2260 2263 4008
f 2263 608 2264
f 2263 2264 4008
f 2264 601 2246
f 2264 2246 4008
f 2246 600 2260
f 2246 2260 4008
f 2265 609 2266
f 2265 2266 4009
f 2266 608 2263
f 2266 2263 4009
f 2263 606 2262
f 2263 2262 4009
f 2262 607 2265
f 2262 2265 4009
f 2060 500 2267
f 2060 2267 4010
f 2267 610 2268
f 2267 2268 4010
f 2268 607 2261
f 2268 2261 4010
f 2261 497 2060
f 2261 2060 4010
f 2269 611 2270
f 2269 2270 4011
f 2270 612 2271
f 2270 2271 4011
f 2271 607 2268
f 2271 2268 4011
f 2268 610 2269
f 2268 2269 4011
f 2271 612 2272
f 2271 2272 4012
f 2272 613 2273
f 2272 2273 4012
f 2273 609 2265
f 2273 2265 4012
f 2265 607 2271
f 2265 2271 4012
f 2104 525 2274
f 2104 2274 4013
f 2274 610 2267
f 2274 2267 4013
f 2267 500 2254
f 2267 2254 4013
f 2254 521 2104
f 2254 2104 4013
f 2109 528 2275
f 2109 2275 4014
f 2275 611 2269
f 2275 2269 4014
f 2269 610 2274
f 2269 2274 4014
f 2274 525 2109
f 2274 2109 4014
f 2114 531 2276
f 2114 2276 4015
f 2276 614 2277
f 2276 2277 4015
f 2277 611 2275
f 2277 2275 4015
f 2275 528 2114
f 2275 2114 4015
f 2278 616 2279
f 2278 2279 4016
f 2279 612 2270
f 2279 2270 4016
f 2270 611 2280
f 2270 2280 4016
f 2280 615 2278
f 2280 2278 4016
f 2281 617 2282
f 2281 2282 4017
f 2282 615 2280
f 2282 2280 4017
f 2280 611 2277
f 2280 2277 4017
f 2277 614 2281
f 2277 2281 4017
f 2131 540 2283
f 2131 2283 4018
f 2283 618 2284
f 2283 2284 4018
f 2284 619 2285
f 2284 2285 4018
f 2285 531 2131
f 2285 2131 4018
f 2285 619 2286
f 2285 2286 4019
f 2286 620 2287
f 2286 2287 4019
f 2287 614 2276
f 2287 2276 4019
f 2276 531 2285
f 2276 2285 4019
f 2288 621 2289
f 2288 2289 4020
f 2289 617 2281
f 2289 2281 4020
f 2281 614 2287
f 2281 2287 4020
f 2287 620 2288
f 2287 2288 4020
f 2290 622 2291
f 2290 2291 4021
f 2291 623 2292
f 2291 2292 4021
f 2292 620 2286
f 2292 2286 4021
f 2286 619 2290
f 2286 2290 4021
f 2293 624 2294
f 2293 2294 4022
f 2294 625 2295
f 2294 2295 4022
f 2295 622 2290
f 2295 2290 4022
f 2290 619 2293
f 2290 2293 4022
f 2284 618 2296
f 2284 2296 4023
f 2296 626 2297
f 2296 2297 4023
f 2297 624 2293
f 2297 2293 4023
f 2293 619 2284
f 2293 2284 4023
f 2298 627 2299
f 2298 2299 4024
f 2299 621 2288
f 2299 2288 4024
f 2288 620 2292
f 2288 2292 4024
f 2292 623 2298
f 2292 2298 4024
f 2300 628 2301
f 2300 2301 4025
f 2301 618 2283
f 2301 2283 4025
f 2283 540 2132
f 2283 2132 4025
f 2132 537 2300
f 2132 2300 4025
f 2302 629 2303
f 2302 2303 4026
f 2303 628 2300
f 2303 2300 4026
f 2300 537 2257
f 2300 2257 4026
f 2257 605 2302
f 2257 2302 4026
f 2304 631 2305
f 2304 2305 4027
f 2305 628 2303
f 2305 2303 4027
f 2303 629 2306
f 2303 2306 4027
f 2306 630 2304
f 2306 2304 4027
f 2307 632 2308
f 2307 2308 4028
f 2308 626 2296
f 2308 2296 4028
f 2296 618 2301
f 2296 2301 4028
f 2301 628 2307
f 2301 2307 4028
f 2305 631 2309
f 2305 2309 4029
f 2309 633 2310
f 2309 2310 4029
f 2310 632 2307
f 2310 2307 4029
f 2307 628 2305
f 2307 2305 4029
f 2311 635 2312
f 2311 2312 4030
f 2312 631 2304
f 2312 2304 4030
f 2304 630 2313
f 2304 2313 4030
f 2313 634 2311
f 2313 2311 4030
f 2314 637 2315
f 2314 2315 4031
f 2315 635 2311
f 2315 2311 4031
f 2311 634 2316
f 2311 2316 4031
f 2316 636 2314
f 2316 2314 4031
f 2312 635 2317
f 2312 2317 4032
f 2317 638 2318
f 2317 2318 4032
f 2318 633 2309
f 2318 2309 4032
f 2309 631 2312
f 2309 2312 4032
f 2319 625 2320
f 2319 2320 4033
f 2320 640 2321
f 2320 2321 4033
f 2321 641 2322
f 2321 2322 4033
f 2322 639 2319
f 2322 2319 4033
f 2323 622 2295
f 2323 2295 4034
f 2295 625 2319
f 2295 2319 4034
f 2319 639 2324
f 2319 2324 4034
f 2324 642 2323
f 2324 2323 4034
f 2325 640 2320
f 2325 2320 4035
f 2320 625 2294
f 2320 2294 4035
f 2294 624 2326
f 2294 2326 4035
f 2326 643 2325
f 2326 2325 4035
f 2327 643 2326
f 2327 2326 4036
f 2326 624 2297
f 2326 2297 4036
f 2297 626 2328
f 2297 2328 4036
f 2328 644 2327
f 2328 2327 4036
f 2329 644 2328
f 2329 2328 4037
f 2328 626 2308
f 2328 2308 4037
f 2308 632 2330
f 2308 2330 4037
f 2330 645 2329
f 2330 2329 4037
f 2331 645 2330
f 2331 2330 4038
f 2330 632 2310
f 2330 2310 4038
f 2310 633 2332
f 2310 2332 4038
f 2332 646 2331
f 2332 2331 4038
f 2333 646 2332
f 2333 2332 4039
f 2332 633 2318
f 2332 2318 4039
f 2318 638 2334
f 2318 2334 4039
f 2334 647 2333
f 2334 2333 4039
f 2335 639 2322
f 2335 2322 4040
f 2322 641 2336
f 2322 2336 4040
f 2336 649 2337
f 2336 2337 4040
f 2337 648 2335
f 2337 2335 4040
f 2338 647 2334
f 2338 2334 4041
f 2334 638 2339
f 2334 2339 4041
f 2339 648 2337
f 2339 2337 4041
f 2337 649 2338
f 2337 2338 4041
f 2340 650 2341
f 2340 2341 4042
f 2341 642 2324
f 2341 2324 4042
f 2324 639 2335
f 2324 2335 4042
f 2335 648 2340
f 2335 2340 4042
f 2317 635 2342
f 2317 2342 4043
f 2342 650 2340
f 2342 2340 4043
f 2340 648 2339
f 2340 2339 4043
f 2339 638 2317
f 2339 2317 4043
f 2343 652 2344
f 2343 2344 4044
f 2344 643 2327
f 2344 2327 4044
f 2327 644 2345
f 2327 2345 4044
f 2345 651 2343
f 2345 2343 4044
f 2346 654 2347
f 2346 2347 4045
f 2347 652 2343
f 2347 2343 4045
f 2343 651 2348
f 2343 2348 4045
f 2348 653 2346
f 2348 2346 4045
f 2349 651 2345
f 2349 2345 4046
f 2345 644 2329
f 2345 2329 4046
f 2329 645 2350
f 2329 2350 4046
f 2350 655 2349
f 2350 2349 4046
f 2351 655 2350
f 2351 2350 4047
f 2350 645 2331
f 2350 2331 4047
f 2331 646 2352
f 2331 2352 4047
f 2352 656 2351
f 2352 2351 4047
f 2353 658 2354
f 2353 2354 4048
f 2354 655 2351
f 2354 2351 4048
f 2351 656 2355
f 2351 2355 4048
f 2355 657 2353
f 2355 2353 4048
f 2356 656 2352
f 2356 2352 4049
f 2352 646 2333
f 2352 2333 4049
f 2333 647 2357
f 2333 2357 4049
f 2357 659 2356
f 2357 2356 4049
f 2358 657 2355
f 2358 2355 4050
f 2355 656 2356
f 2355 2356 4050
f 2356 659 2359
f 2356 2359 4050
f 2359 660 2358
f 2359 2358 4050
f 2336 641 2360
f 2336 2360 4051
f 2360 661 2361
f 2360 2361 4051
f 2361 662 2362
f 2361 2362 4051
f 2362 649 2336
f 2362 2336 4051
f 2363 663 2364
f 2363 2364 4052
f 2364 664 2365
f 2364 2365 4052
f 2365 662 2361
f 2365 2361 4052
f 2361 661 2363
f 2361 2363 4052
f 2366 659 2357
f 2366 2357 4053
f 2357 647 2338
f 2357 2338 4053
f 2338 649 2362
f 2338 2362 4053
f 2362 662 2366
f 2362 2366 4053
f 2367 660 2359
f 2367 2359 4054
f 2359 659 2366
f 2359 2366 4054
f 2366 662 2365
f 2366 2365 4054
f 2365 664 2367
f 2365 2367 4054
f 2325 643 2344
f 2325 2344 4055
f 2344 652 2368
f 2344 2368 4055
f 2368 665 2369
f 2368 2369 4055
f 2369 640 2325
f 2369 2325 4055
f 2368 652 2347
f 2368 2347 4056
f 2347 654 2370
f 2347 2370 4056
f 2370 666 2371
f 2370 2371 4056
f 2371 665 2368
f 2371 2368 4056
f 2372 661 2360
f 2372 2360 4057
f 2360 641 2321
f 2360 2321 4057
f 2321 640 2369
f 2321 2369 4057
f 2369 665 2372
f 2369 2372 4057
f 2373 663 2363
f 2373 2363 4058
f 2363 661 2372
f 2363 2372 4058
f 2372 665 2371
f 2372 2371 4058
f 2371 666 2373
f 2371 2373 4058
f 2374 653 2348
f 2374 2348 4059
f 2348 651 2349
f 2348 2349 4059
f 2349 655 2354
f 2349 2354 4059
f 2354 658 2374
f 2354 2374 4059
f 2375 667 2376
f 2375 2376 4060
f 2376 668 2377
f 2376 2377 4060
f 2377 669 2378
f 2377 2378 4060
f 2378 637 2375
f 2378 2375 4060
f 2379 670 2380
f 2379 2380 4061
f 2380 671 2381
f 2380 2381 4061
f 2381 672 2382
f 2381 2382 4061
f 2382 669 2379
f 2382 2379 4061
f 2382 672 2383
f 2382 2383 4062
f 2383 642 2341
f 2383 2341 4062
f 2341 650 2384
f 2341 2384 4062
f 2384 669 2382
f 2384 2382 4062
f 2342 635 2315
f 2342 2315 4063
f 2315 637 2378
f 2315 2378 4063
f 2378 669 2384
f 2378 2384 4063
f 2384 650 2342
f 2384 2342 4063
f 2385 673 2386
f 2385 2386 4064
f 2386 670 2379
f 2386 2379 4064
f 2379 669 2377
f 2379 2377 4064
f 2377 668 2385
f 2377 2385 4064
f 2387 667 2375
f 2387 2375 4065
f 2375 637 2314
f 2375 2314 4065
f 2314 636 2388
f 2314 2388 4065
f 2388 674 2387
f 2388 2387 4065
f 2389 676 2390
f 2389 2390 4066
f 2390 667 2387
f 2390 2387 4066
f 2387 674 2391
f 2387 2391 4066
f 2391 675 2389
f 2391 2389 4066
f 2392 677 2393
f 2392 2393 4067
f 2393 668 2376
f 2393 2376 4067
f 2376 667 2390
f 2376 2390 4067
f 2390 676 2392
f 2390 2392 4067
f 2393 677 2394
f 2393 2394 4068
f 2394 678 2395
f 2394 2395 4068
f 2395 673 2385
f 2395 2385 4068
f 2385 668 2393
f 2385 2393 4068
f 2396 679 2397
f 2396 2397 4069
f 2397 671 2380
f 2397 2380 4069
f 2380 670 2386
f 2380 2386 4069
f 2386 673 2396
f 2386 2396 4069
f 2398 680 2399
f 2398 2399 4070
f 2399 681 2400
f 2399 2400 4070
f 2400 642 2383
f 2400 2383 4070
f 2383 672 2398
f 2383 2398 4070
f 2381 671 2401
f 2381 2401 4071
f 2401 682 2402
f 2401 2402 4071
f 2402 680 2398
f 2402 2398 4071
f 2398 672 2381
f 2398 2381 4071
f 2403 683 2404
f 2403 2404 4072
f 2404 682 2401
f 2404 2401 4072
f 2401 671 2397
f 2401 2397 4072
f 2397 679 2403
f 2397 2403 4072
f 2405 684 2406
f 2405 2406 4073
f 2406 685 2407
f 2406 2407 4073
f 2407 681 2399
f 2407 2399 4073
f 2399 680 2405
f 2399 2405 4073
f 2408 686 2409
f 2408 2409 4074
f 2409 684 2405
f 2409 2405 4074
f 2405 680 2402
f 2405 2402 4074
f 2402 682 2408
f 2402 2408 4074
f 2410 623 2291
f 2410 2291 4075
f 2291 622 2323
f 2291 2323 4075
f 2323 642 2400
f 2323 2400 4075
f 2400 681 2410
f 2400 2410 4075
f 2411 627 2298
f 2411 2298 4076
f 2298 623 2410
f 2298 2410 4076
f 2410 681 2407
f 2410 2407 4076
f 2407 685 2411
f 2407 2411 4076
f 2412 687 2413
f 2412 2413 4077
f 2413 688 2414
f 2413 2414 4077
f 2414 683 2403
f 2414 2403 4077
f 2403 679 2412
f 2403 2412 4077
f 2395 678 2415
f 2395 2415 4078
f 2415 687 2412
f 2415 2412 4078
f 2412 679 2396
f 2412 2396 4078
f 2396 673 2395
f 2396 2395 4078
f 2416 689 2417
f 2416 2417 4079
f 2417 686 2408
f 2417 2408 4079
f 2408 682 2404
f 2408 2404 4079
f 2404 683 2416
f 2404 2416 4079
f 2418 690 2419
f 2418 2419 4080
f 2419 689 2416
f 2419 2416 4080
f 2416 683 2414
f 2416 2414 4080
f 2414 688 2418
f 2414 2418 4080
f 2420 691 2421
f 2420 2421 4081
f 2421 692 2422
f 2421 2422 4081
f 2422 687 2415
f 2422 2415 4081
f 2415 678 2420
f 2415 2420 4081
f 2423 61 1903
f 2423 1903 4082
f 1903 413 2424
f 1903 2424 4082
f 2424 676 2389
f 2424 2389 4082
f 2389 675 2423
f 2389 2423 4082
f 2424 413 1905
f 2424 1905 4083
f 1905 414 2425
f 1905 2425 4083
f 2425 677 2392
f 2425 2392 4083
f 2392 676 2424
f 2392 2424 4083
f 1907 415 2426
f 1907 2426 4084
f 2426 678 2394
f 2426 2394 4084
f 2394 677 2425
f 2394 2425 4084
f 2425 414 1907
f 2425 1907 4084
f 2426 415 1909
f 2426 1909 4085
f 1909 416 2427
f 1909 2427 4085
f 2427 691 2420
f 2427 2420 4085
f 2420 678 2426
f 2420 2426 4085
f 2422 692 2428
f 2422 2428 4086
f 2428 693 2429
f 2428 2429 4086
f 2429 688 2413
f 2429 2413 4086
f 2413 687 2422
f 2413 2422 4086
f 2430 694 2431
f 2430 2431 4087
f 2431 695 2432
f 2431 2432 4087
f 2432 692 2421
f 2432 2421 4087
f 2421 691 2430
f 2421 2430 4087
f 1911 417 2433
f 1911 2433 4088
f 2433 694 2430
f 2433 2430 4088
f 2430 691 2427
f 2430 2427 4088
f 2427 416 1911
f 2427 1911 4088
f 2432 695 2434
f 2432 2434 4089
f 2434 696 2435
f 2434 2435 4089
f 2435 693 2428
f 2435 2428 4089
f 2428 692 2432
f 2428 2432 4089
f 2436 697 2437
f 2436 2437 4090
f 2437 690 2418
f 2437 2418 4090
f 2418 688 2429
f 2418 2429 4090
f 2429 693 2436
f 2429 2436 4090
f 2435 696 2438
f 2435 2438 4091
f 2438 698 2439
f 2438 2439 4091
f 2439 697 2436
f 2439 2436 4091
f 2436 693 2435
f 2436 2435 4091
f 2440 699 2441
f 2440 2441 4092
f 2441 700 2442
f 2441 2442 4092
f 2442 695 2431
f 2442 2431 4092
f 2431 694 2440
f 2431 2440 4092
f 2443 701 2444
f 2443 2444 4093
f 2444 696 2434
f 2444 2434 4093
f 2434 695 2442
f 2434 2442 4093
f 2442 700 2443
f 2442 2443 4093
f 2433 417 2445
f 2433 2445 4094
f 2445 702 2446
f 2445 2446 4094
f 2446 699 2440
f 2446 2440 4094
f 2440 694 2433
f 2440 2433 4094
f 2447 703 2448
f 2447 2448 4095
f 2448 698 2438
f 2448 2438 4095
f 2438 696 2444
f 2438 2444 4095
f 2444 701 2447
f 2444 2447 4095
f 2449 704 2450
f 2449 2450 4096
f 2450 701 2443
f 2450 2443 4096
f 2443 700 2441
f 2443 2441 4096
f 2441 699 2449
f 2441 2449 4096
f 2451 705 2452
f 2451 2452 4097
f 2452 706 2453
f 2452 2453 4097
f 2453 704 2449
f 2453 2449 4097
f 2449 699 2451
f 2449 2451 4097
f 2446 702 2454
f 2446 2454 4098
f 2454 707 2455
f 2454 2455 4098
f 2455 705 2451
f 2455 2451 4098
f 2451 699 2446
f 2451 2446 4098
f 2453 706 2456
f 2453 2456 4099
f 2456 708 2457
f 2456 2457 4099
f 2457 709 2458
f 2457 2458 4099
f 2458 704 2453
f 2458 2453 4099
f 1913 418 2459
f 1913 2459 4100
f 2459 710 2460
f 2459 2460 4100
f 2460 702 2445
f 2460 2445 4100
f 2445 417 1913
f 2445 1913 4100
f 2460 710 2461
f 2460 2461 4101
f 2461 711 2462
f 2461 2462 4101
f 2462 707 2454
f 2462 2454 4101
f 2454 702 2460
f 2454 2460 4101
f 2463 712 2464
f 2463 2464 4102
f 2464 713 2465
f 2464 2465 4102
f 2465 705 2455
f 2465 2455 4102
f 2455 707 2463
f 2455 2463 4102
f 2465 713 2466
f 2465 2466 4103
f 2466 708 2456
f 2466 2456 4103
f 2456 706 2452
f 2456 2452 4103
f 2452 705 2465
f 2452 2465 4103
f 2467 714 2468
f 2467 2468 4104
f 2468 712 2463
f 2468 2463 4104
f 2463 707 2462
f 2463 2462 4104
f 2462 711 2467
f 2462 2467 4104
f 1918 45 2469
f 1918 2469 4105
f 2469 715 2470
f 2469 2470 4105
f 2470 716 2471
f 2470 2471 4105
f 2471 420 1918
f 2471 1918 4105
f 2472 717 2473
f 2472 2473 4106
f 2473 718 2474
f 2473 2474 4106
f 2474 420 2471
f 2474 2471 4106
f 2471 716 2472
f 2471 2472 4106
f 2475 719 2476
f 2475 2476 4107
f 2476 717 2472
f 2476 2472 4107
f 2472 716 2470
f 2472 2470 4107
f 2470 715 2475
f 2470 2475 4107
f 2474 718 2477
f 2474 2477 4108
f 2477 720 2478
f 2477 2478 4108
f 2478 419 1917
f 2478 1917 4108
f 1917 420 2474
f 1917 2474 4108
f 2478 720 2479
f 2478 2479 4109
f 2479 721 2480
f 2479 2480 4109
f 2480 418 1915
f 2480 1915 4109
f 1915 419 2478
f 1915 2478 4109
f 2480 721 2481
f 2480 2481 4110
f 2481 722 2482
f 2481 2482 4110
f 2482 710 2459
f 2482 2459 4110
f 2459 418 2480
f 2459 2480 4110
f 2483 724 2484
f 2483 2484 4111
f 2484 725 2485
f 2484 2485 4111
f 2485 726 2486
f 2485 2486 4111
f 2486 723 2483
f 2486 2483 4111
f 2487 727 2488
f 2487 2488 4112
f 2488 728 2489
f 2488 2489 4112
f 2489 724 2483
f 2489 2483 4112
f 2483 723 2487
f 2483 2487 4112
f 2490 727 2487
f 2490 2487 4113
f 2487 723 2491
f 2487 2491 4113
f 2491 730 2492
f 2491 2492 4113
f 2492 729 2490
f 2492 2490 4113
f 2493 731 2494
f 2493 2494 4114
f 2494 732 2495
f 2494 2495 4114
f 2495 729 2492
f 2495 2492 4114
f 2492 730 2493
f 2492 2493 4114
f 2495 732 2496
f 2495 2496 4115
f 2496 733 2497
f 2496 2497 4115
f 2497 727 2490
f 2497 2490 4115
f 2490 729 2495
f 2490 2495 4115
f 2498 734 2499
f 2498 2499 4116
f 2499 735 2500
f 2499 2500 4116
f 2500 731 2493
f 2500 2493 4116
f 2493 730 2498
f 2493 2498 4116
f 2486 726 2501
f 2486 2501 4117
f 2501 734 2498
f 2501 2498 4117
f 2498 730 2491
f 2498 2491 4117
f 2491 723 2486
f 2491 2486 4117
f 2502 736 2503
f 2502 2503 4118
f 2503 735 2499
f 2503 2499 4118
f 2499 734 2501
f 2499 2501 4118
f 2501 726 2502
f 2501 2502 4118
f 2485 725 2504
f 2485 2504 4119
f 2504 737 2505
f 2504 2505 4119
f 2505 736 2502
f 2505 2502 4119
f 2502 726 2485
f 2502 2485 4119
f 2506 738 2507
f 2506 2507 4120
f 2507 737 2504
f 2507 2504 4120
f 2504 725 2484
f 2504 2484 4120
f 2484 724 2506
f 2484 2506 4120
f 2489 728 2508
f 2489 2508 4121
f 2508 739 2509
f 2508 2509 4121
f 2509 738 2506
f 2509 2506 4121
f 2506 724 2489
f 2506 2489 4121
f 2497 733 2510
f 2497 2510 4122
f 2510 739 2508
f 2510 2508 4122
f 2508 728 2488
f 2508 2488 4122
f 2488 727 2497
f 2488 2497 4122
f 2511 741 2512
f 2511 2512 4123
f 2512 732 2494
f 2512 2494 4123
f 2494 731 2513
f 2494 2513 4123
f 2513 740 2511
f 2513 2511 4123
f 2500 735 2514
f 2500 2514 4124
f 2514 742 2515
f 2514 2515 4124
f 2515 740 2513
f 2515 2513 4124
f 2513 731 2500
f 2513 2500 4124
f 2503 736 2516
f 2503 2516 4125
f 2516 743 2517
f 2516 2517 4125
f 2517 742 2514
f 2517 2514 4125
f 2514 735 2503
f 2514 2503 4125
f 2505 737 2518
f 2505 2518 4126
f 2518 744 2519
f 2518 2519 4126
f 2519 743 2516
f 2519 2516 4126
f 2516 736 2505
f 2516 2505 4126
f 2507 738 2520
f 2507 2520 4127
f 2520 745 2521
f 2520 2521 4127
f 2521 744 2518
f 2521 2518 4127
f 2518 737 2507
f 2518 2507 4127
f 2509 739 2522
f 2509 2522 4128
f 2522 746 2523
f 2522 2523 4128
f 2523 745 2520
f 2523 2520 4128
f 2520 738 2509
f 2520 2509 4128
f 2510 733 2524
f 2510 2524 4129
f 2524 747 2525
f 2524 2525 4129
f 2525 746 2522
f 2525 2522 4129
f 2522 739 2510
f 2522 2510 4129
f 2496 732 2512
f 2496 2512 4130
f 2512 741 2526
f 2512 2526 4130
f 2526 747 2524
f 2526 2524 4130
f 2524 733 2496
f 2524 2496 4130
f 2527 749 2528
f 2527 2528 4131
f 2528 750 2529
f 2528 2529 4131
f 2529 751 2530
f 2529 2530 4131
f 2530 748 2527
f 2530 2527 4131
f 2531 753 2532
f 2531 2532 4132
f 2532 754 2533
f 2532 2533 4132
f 2533 748 2534
f 2533 2534 4132
f 2534 752 2531
f 2534 2531 4132
f 2535 755 2536
f 2535 2536 4133
f 2536 756 2537
f 2536 2537 4133
f 2537 753 2531
f 2537 2531 4133
f 2531 752 2535
f 2531 2535 4133
f 2530 751 2538
f 2530 2538 4134
f 2538 757 2539
f 2538 2539 4134
f 2539 752 2534
f 2539 2534 4134
f 2534 748 2530
f 2534 2530 4134
f 2540 663 2541
f 2540 2541 4135
f 2541 758 2542
f 2541 2542 4135
f 2542 752 2539
f 2542 2539 4135
f 2539 757 2540
f 2539 2540 4135
f 2543 722 2544
f 2543 2544 4136
f 2544 759 2545
f 2544 2545 4136
f 2545 756 2536
f 2545 2536 4136
f 2536 755 2543
f 2536 2543 4136
f 2546 760 2547
f 2546 2547 4137
f 2547 761 2548
f 2547 2548 4137
f 2548 756 2545
f 2548 2545 4137
f 2545 759 2546
f 2545 2546 4137
f 2549 740 2515
f 2549 2515 4138
f 2515 742 2550
f 2515 2550 4138
f 2550 762 2551
f 2550 2551 4138
f 2551 761 2549
f 2551 2549 4138
f 2548 761 2551
f 2548 2551 4139
f 2551 762 2552
f 2551 2552 4139
f 2552 753 2537
f 2552 2537 4139
f 2537 756 2548
f 2537 2548 4139
f 2550 742 2517
f 2550 2517 4140
f 2517 743 2553
f 2517 2553 4140
f 2553 753 2552
f 2553 2552 4140
f 2552 762 2550
f 2552 2550 4140
f 2519 744 2554
f 2519 2554 4141
f 2554 754 2532
f 2554 2532 4141
f 2532 753 2553
f 2532 2553 4141
f 2553 743 2519
f 2553 2519 4141
f 2542 758 2555
f 2542 2555 4142
f 2555 763 2556
f 2555 2556 4142
f 2556 755 2535
f 2556 2535 4142
f 2535 752 2542
f 2535 2542 4142
f 2481 721 2557
f 2481 2557 4143
f 2557 764 2558
f 2557 2558 4143
f 2558 759 2544
f 2558 2544 4143
f 2544 722 2481
f 2544 2481 4143
f 2558 764 2559
f 2558 2559 4144
f 2559 765 2560
f 2559 2560 4144
f 2560 760 2546
f 2560 2546 4144
f 2546 759 2558
f 2546 2558 4144
f 2556 763 2561
f 2556 2561 4145
f 2561 710 2482
f 2561 2482 4145
f 2482 722 2543
f 2482 2543 4145
f 2543 755 2556
f 2543 2556 4145
f 2562 741 2511
f 2562 2511 4146
f 2511 740 2549
f 2511 2549 4146
f 2549 761 2547
f 2549 2547 4146
f 2547 760 2562
f 2547 2562 4146
f 2563 747 2526
f 2563 2526 4147
f 2526 741 2562
f 2526 2562 4147
f 2562 760 2560
f 2562 2560 4147
f 2560 765 2563
f 2560 2563 4147
f 2479 720 2564
f 2479 2564 4148
f 2564 746 2565
f 2564 2565 4148
f 2565 764 2557
f 2565 2557 4148
f 2557 721 2479
f 2557 2479 4148
f 2525 747 2563
f 2525 2563 4149
f 2563 765 2559
f 2563 2559 4149
f 2559 764 2565
f 2559 2565 4149
f 2565 746 2525
f 2565 2525 4149
f 2554 744 2566
f 2554 2566 4150
f 2566 749 2527
f 2566 2527 4150
f 2527 748 2533
f 2527 2533 4150
f 2533 754 2554
f 2533 2554 4150
f 2567 766 2568
f 2567 2568 4151
f 2568 664 2569
f 2568 2569 4151
f 2569 751 2529
f 2569 2529 4151
f 2529 750 2567
f 2529 2567 4151
f 2364 663 2540
f 2364 2540 4152
f 2540 757 2538
f 2540 2538 4152
f 2538 751 2569
f 2538 2569 4152
f 2569 664 2364
f 2569 2364 4152
f 2570 718 2473
f 2570 2473 4153
f 2473 717 2571
f 2473 2571 4153
f 2571 750 2528
f 2571 2528 4153
f 2528 749 2570
f 2528 2570 4153
f 2477 718 2572
f 2477 2572 4154
f 2572 745 2523
f 2572 2523 4154
f 2523 746 2564
f 2523 2564 4154
f 2564 720 2477
f 2564 2477 4154
f 2521 745 2572
f 2521 2572 4155
f 2572 718 2570
f 2572 2570 4155
f 2570 749 2566
f 2570 2566 4155
f 2566 744 2521
f 2566 2521 4155
f 2476 719 2573
f 2476 2573 4156
f 2573 766 2567
f 2573 2567 4156
f 2567 750 2571
f 2567 2571 4156
f 2571 717 2476
f 2571 2476 4156
f 2574 714 2467
f 2574 2467 4157
f 2467 711 2461
f 2467 2461 4157
f 2461 710 2561
f 2461 2561 4157
f 2561 763 2574
f 2561 2574 4157
f 2575 767 2576
f 2575 2576 4158
f 2576 766 2573
f 2576 2573 4158
f 2573 719 2577
f 2573 2577 4158
f 2577 381 2575
f 2577 2575 4158
f 2578 769 2579
f 2578 2579 4159
f 2579 770 2580
f 2579 2580 4159
f 2580 771 2581
f 2580 2581 4159
f 2581 768 2578
f 2581 2578 4159
f 2582 773 2583
f 2582 2583 4160
f 2583 769 2578
f 2583 2578 4160
f 2578 768 2584
f 2578 2584 4160
f 2584 772 2582
f 2584 2582 4160
f 2585 774 2586
f 2585 2586 4161
f 2586 775 2587
f 2586 2587 4161
f 2587 773 2582
f 2587 2582 4161
f 2582 772 2585
f 2582 2585 4161
f 2581 771 2588
f 2581 2588 4162
f 2588 776 2589
f 2588 2589 4162
f 2589 772 2584
f 2589 2584 4162
f 2584 768 2581
f 2584 2581 4162
f 2589 776 2590
f 2589 2590 4163
f 2590 777 2591
f 2590 2591 4163
f 2591 774 2585
f 2591 2585 4163
f 2585 772 2589
f 2585 2589 4163
f 2592 779 2593
f 2592 2593 4164
f 2593 776 2588
f 2593 2588 4164
f 2588 771 2594
f 2588 2594 4164
f 2594 778 2592
f 2594 2592 4164
f 2595 780 2596
f 2595 2596 4165
f 2596 778 2594
f 2596 2594 4165
f 2594 771 2580
f 2594 2580 4165
f 2580 770 2595
f 2580 2595 4165
f 2597 781 2598
f 2597 2598 4166
f 2598 782 2599
f 2598 2599 4166
f 2599 769 2583
f 2599 2583 4166
f 2583 773 2597
f 2583 2597 4166
f 2599 782 2600
f 2599 2600 4167
f 2600 783 2601
f 2600 2601 4167
f 2601 770 2579
f 2601 2579 4167
f 2579 769 2599
f 2579 2599 4167
f 2602 784 2603
f 2602 2603 4168
f 2603 780 2595
f 2603 2595 4168
f 2595 770 2601
f 2595 2601 4168
f 2601 783 2602
f 2601 2602 4168
f 2604 785 2605
f 2604 2605 4169
f 2605 786 2606
f 2605 2606 4169
f 2606 783 2600
f 2606 2600 4169
f 2600 782 2604
f 2600 2604 4169
f 2598 781 2607
f 2598 2607 4170
f 2607 690 2437
f 2607 2437 4170
f 2437 697 2608
f 2437 2608 4170
f 2608 782 2598
f 2608 2598 4170
f 2587 775 2609
f 2587 2609 4171
f 2609 787 2610
f 2609 2610 4171
f 2610 781 2597
f 2610 2597 4171
f 2597 773 2587
f 2597 2587 4171
f 2611 788 2612
f 2611 2612 4172
f 2612 784 2602
f 2612 2602 4172
f 2602 783 2606
f 2602 2606 4172
f 2606 786 2611
f 2606 2611 4172
f 2608 697 2439
f 2608 2439 4173
f 2439 698 2613
f 2439 2613 4173
f 2613 785 2604
f 2613 2604 4173
f 2604 782 2608
f 2604 2608 4173
f 2614 790 2615
f 2614 2615 4174
f 2615 788 2611
f 2615 2611 4174
f 2611 786 2616
f 2611 2616 4174
f 2616 789 2614
f 2616 2614 4174
f 2617 791 2618
f 2617 2618 4175
f 2618 789 2616
f 2618 2616 4175
f 2616 786 2605
f 2616 2605 4175
f 2605 785 2617
f 2605 2617 4175
f 2613 698 2448
f 2613 2448 4176
f 2448 703 2619
f 2448 2619 4176
f 2619 791 2617
f 2619 2617 4176
f 2617 785 2613
f 2617 2613 4176
f 2610 787 2620
f 2610 2620 4177
f 2620 689 2419
f 2620 2419 4177
f 2419 690 2607
f 2419 2607 4177
f 2607 781 2610
f 2607 2610 4177
f 2621 709 2622
f 2621 2622 4178
f 2622 792 2623
f 2622 2623 4178
f 2623 790 2614
f 2623 2614 4178
f 2614 789 2621
f 2614 2621 4178
f 2618 791 2619
f 2618 2619 4179
f 2619 703 2624
f 2619 2624 4179
f 2624 709 2621
f 2624 2621 4179
f 2621 789 2618
f 2621 2618 4179
f 2615 790 2623
f 2615 2623 4180
f 2623 792 2625
f 2623 2625 4180
f 2625 793 2626
f 2625 2626 4180
f 2626 788 2615
f 2626 2615 4180
f 2626 793 2627
f 2626 2627 4181
f 2627 794 2628
f 2627 2628 4181
f 2628 784 2612
f 2628 2612 4181
f 2612 788 2626
f 2612 2626 4181
f 2417 689 2620
f 2417 2620 4182
f 2620 787 2609
f 2620 2609 4182
f 2609 775 2629
f 2609 2629 4182
f 2629 686 2417
f 2629 2417 4182
f 2586 774 2630
f 2586 2630 4183
f 2630 684 2409
f 2630 2409 4183
f 2409 686 2629
f 2409 2629 4183
f 2629 775 2586
f 2629 2586 4183
f 2628 794 2631
f 2628 2631 4184
f 2631 795 2632
f 2631 2632 4184
f 2632 780 2603
f 2632 2603 4184
f 2603 784 2628
f 2603 2628 4184
f 2591 777 2633
f 2591 2633 4185
f 2633 685 2406
f 2633 2406 4185
f 2406 684 2630
f 2406 2630 4185
f 2630 774 2591
f 2630 2591 4185
f 2593 779 2634
f 2593 2634 4186
f 2634 796 2635
f 2634 2635 4186
f 2635 797 2636
f 2635 2636 4186
f 2636 776 2593
f 2636 2593 4186
f 2632 795 2637
f 2632 2637 4187
f 2637 798 2638
f 2637 2638 4187
f 2638 778 2596
f 2638 2596 4187
f 2596 780 2632
f 2596 2632 4187
f 2638 798 2639
f 2638 2639 4188
f 2639 799 2640
f 2639 2640 4188
f 2640 779 2592
f 2640 2592 4188
f 2592 778 2638
f 2592 2638 4188
f 2636 797 2641
f 2636 2641 4189
f 2641 800 2642
f 2641 2642 4189
f 2642 777 2590
f 2642 2590 4189
f 2590 776 2636
f 2590 2636 4189
f 2640 799 2643
f 2640 2643 4190
f 2643 801 2644
f 2643 2644 4190
f 2644 796 2634
f 2644 2634 4190
f 2634 779 2640
f 2634 2640 4190
f 2642 800 2645
f 2642 2645 4191
f 2645 627 2411
f 2645 2411 4191
f 2411 685 2633
f 2411 2633 4191
f 2633 777 2642
f 2633 2642 4191
f 2646 802 2647
f 2646 2647 4192
f 2647 803 2648
f 2647 2648 4192
f 2648 797 2635
f 2648 2635 4192
f 2635 796 2646
f 2635 2646 4192
f 2649 804 2650
f 2649 2650 4193
f 2650 800 2641
f 2650 2641 4193
f 2641 797 2648
f 2641 2648 4193
f 2648 803 2649
f 2648 2649 4193
f 2650 804 2651
f 2650 2651 4194
f 2651 621 2299
f 2651 2299 4194
f 2299 627 2645
f 2299 2645 4194
f 2645 800 2650
f 2645 2650 4194
f 2644 801 2652
f 2644 2652 4195
f 2652 805 2653
f 2652 2653 4195
f 2653 802 2646
f 2653 2646 4195
f 2646 796 2644
f 2646 2644 4195
f 2654 806 2655
f 2654 2655 4196
f 2655 807 2656
f 2655 2656 4196
f 2656 803 2647
f 2656 2647 4196
f 2647 802 2654
f 2647 2654 4196
f 2657 808 2658
f 2657 2658 4197
f 2658 804 2649
f 2658 2649 4197
f 2649 803 2656
f 2649 2656 4197
f 2656 807 2657
f 2656 2657 4197
f 2653 805 2659
f 2653 2659 4198
f 2659 809 2660
f 2659 2660 4198
f 2660 806 2654
f 2660 2654 4198
f 2654 802 2653
f 2654 2653 4198
f 2658 808 2661
f 2658 2661 4199
f 2661 617 2289
f 2661 2289 4199
f 2289 621 2651
f 2289 2651 4199
f 2651 804 2658
f 2651 2658 4199
f 2662 810 2663
f 2662 2663 4200
f 2663 811 2664
f 2663 2664 4200
f 2664 808 2657
f 2664 2657 4200
f 2657 807 2662
f 2657 2662 4200
f 2655 806 2665
f 2655 2665 4201
f 2665 812 2666
f 2665 2666 4201
f 2666 810 2662
f 2666 2662 4201
f 2662 807 2655
f 2662 2655 4201
f 2664 811 2667
f 2664 2667 4202
f 2667 615 2282
f 2667 2282 4202
f 2282 617 2661
f 2282 2661 4202
f 2661 808 2664
f 2661 2664 4202
f 2660 809 2668
f 2660 2668 4203
f 2668 813 2669
f 2668 2669 4203
f 2669 812 2665
f 2669 2665 4203
f 2665 806 2660
f 2665 2660 4203
f 2666 812 2670
f 2666 2670 4204
f 2670 814 2671
f 2670 2671 4204
f 2671 815 2672
f 2671 2672 4204
f 2672 810 2666
f 2672 2666 4204
f 2673 816 2674
f 2673 2674 4205
f 2674 616 2278
f 2674 2278 4205
f 2278 615 2667
f 2278 2667 4205
f 2667 811 2673
f 2667 2673 4205
f 2672 815 2675
f 2672 2675 4206
f 2675 816 2673
f 2675 2673 4206
f 2673 811 2663
f 2673 2663 4206
f 2663 810 2672
f 2663 2672 4206
f 2669 813 2676
f 2669 2676 4207
f 2676 817 2677
f 2676 2677 4207
f 2677 814 2670
f 2677 2670 4207
f 2670 812 2669
f 2670 2669 4207
f 2678 818 2679
f 2678 2679 4208
f 2679 616 2674
f 2679 2674 4208
f 2674 816 2675
f 2674 2675 4208
f 2675 815 2678
f 2675 2678 4208
f 2671 814 2677
f 2671 2677 4209
f 2677 817 2680
f 2677 2680 4209
f 2680 818 2678
f 2680 2678 4209
f 2678 815 2671
f 2678 2671 4209
f 2681 820 2682
f 2681 2682 4210
f 2682 809 2659
f 2682 2659 4210
f 2659 805 2683
f 2659 2683 4210
f 2683 819 2681
f 2683 2681 4210
f 2684 821 2685
f 2684 2685 4211
f 2685 819 2683
f 2685 2683 4211
f 2683 805 2652
f 2683 2652 4211
f 2652 801 2684
f 2652 2684 4211
f 2686 822 2687
f 2686 2687 4212
f 2687 821 2684
f 2687 2684 4212
f 2684 801 2643
f 2684 2643 4212
f 2643 799 2686
f 2643 2686 4212
f 2688 823 2689
f 2688 2689 4213
f 2689 822 2686
f 2689 2686 4213
f 2686 799 2639
f 2686 2639 4213
f 2639 798 2688
f 2639 2688 4213
f 2690 824 2691
f 2690 2691 4214
f 2691 823 2688
f 2691 2688 4214
f 2688 798 2637
f 2688 2637 4214
f 2637 795 2690
f 2637 2690 4214
f 2692 825 2693
f 2692 2693 4215
f 2693 824 2690
f 2693 2690 4215
f 2690 795 2631
f 2690 2631 4215
f 2631 794 2692
f 2631 2692 4215
f 2627 793 2694
f 2627 2694 4216
f 2694 826 2695
f 2694 2695 4216
f 2695 825 2692
f 2695 2692 4216
f 2692 794 2627
f 2692 2627 4216
f 2696 827 2697
f 2696 2697 4217
f 2697 826 2694
f 2697 2694 4217
f 2694 793 2625
f 2694 2625 4217
f 2625 792 2696
f 2625 2696 4217
f 2457 708 2698
f 2457 2698 4218
f 2698 827 2696
f 2698 2696 4218
f 2696 792 2622
f 2696 2622 4218
f 2622 709 2457
f 2622 2457 4218
f 2624 703 2447
f 2624 2447 4219
f 2447 701 2450
f 2447 2450 4219
f 2450 704 2458
f 2450 2458 4219
f 2458 709 2624
f 2458 2624 4219
f 2679 818 2699
f 2679 2699 4220
f 2699 613 2272
f 2699 2272 4220
f 2272 612 2279
f 2272 2279 4220
f 2279 616 2679
f 2279 2679 4220
f 2700 828 2701
f 2700 2701 4221
f 2701 613 2699
f 2701 2699 4221
f 2699 818 2680
f 2699 2680 4221
f 2680 817 2700
f 2680 2700 4221
f 2702 829 2703
f 2702 2703 4222
f 2703 828 2700
f 2703 2700 4222
f 2700 817 2676
f 2700 2676 4222
f 2676 813 2702
f 2676 2702 4222
f 2682 820 2704
f 2682 2704 4223
f 2704 829 2702
f 2704 2702 4223
f 2702 813 2668
f 2702 2668 4223
f 2668 809 2682
f 2668 2682 4223
f 2555 758 2705
f 2555 2705 4224
f 2705 830 2706
f 2705 2706 4224
f 2706 714 2574
f 2706 2574 4224
f 2574 763 2555
f 2574 2555 4224
f 2468 714 2706
f 2468 2706 4225
f 2706 830 2707
f 2706 2707 4225
f 2707 827 2708
f 2707 2708 4225
f 2708 712 2468
f 2708 2468 4225
f 2698 708 2466
f 2698 2466 4226
f 2466 713 2464
f 2466 2464 4226
f 2464 712 2708
f 2464 2708 4226
f 2708 827 2698
f 2708 2698 4226
f 2709 831 2710
f 2709 2710 4227
f 2710 826 2697
f 2710 2697 4227
f 2697 827 2707
f 2697 2707 4227
f 2707 830 2709
f 2707 2709 4227
f 2711 832 2712
f 2711 2712 4228
f 2712 831 2709
f 2712 2709 4228
f 2709 830 2705
f 2709 2705 4228
f 2705 758 2711
f 2705 2711 4228
f 2373 666 2713
f 2373 2713 4229
f 2713 832 2711
f 2713 2711 4229
f 2711 758 2541
f 2711 2541 4229
f 2541 663 2373
f 2541 2373 4229
f 2714 824 2693
f 2714 2693 4230
f 2693 825 2715
f 2693 2715 4230
f 2715 834 2716
f 2715 2716 4230
f 2716 833 2714
f 2716 2714 4230
f 2717 836 2718
f 2717 2718 4231
f 2718 833 2719
f 2718 2719 4231
f 2719 837 2720
f 2719 2720 4231
f 2720 835 2717
f 2720 2717 4231
f 2716 834 2721
f 2716 2721 4232
f 2721 838 2722
f 2721 2722 4232
f 2722 837 2719
f 2722 2719 4232
f 2719 833 2716
f 2719 2716 4232
f 2723 666 2370
f 2723 2370 4233
f 2370 654 2724
f 2370 2724 4233
f 2724 835 2720
f 2724 2720 4233
f 2720 837 2723
f 2720 2723 4233
f 2714 833 2718
f 2714 2718 4234
f 2718 836 2725
f 2718 2725 4234
f 2725 823 2691
f 2725 2691 4234
f 2691 824 2714
f 2691 2714 4234
f 2722 838 2726
f 2722 2726 4235
f 2726 832 2713
f 2726 2713 4235
f 2713 666 2723
f 2713 2723 4235
f 2723 837 2722
f 2723 2722 4235
f 2710 831 2727
f 2710 2727 4236
f 2727 834 2715
f 2727 2715 4236
f 2715 825 2695
f 2715 2695 4236
f 2695 826 2710
f 2695 2710 4236
f 2728 839 2729
f 2728 2729 4237
f 2729 660 2367
f 2729 2367 4237
f 2367 664 2568
f 2367 2568 4237
f 2568 766 2728
f 2568 2728 4237
f 2730 840 2731
f 2730 2731 4238
f 2731 839 2728
f 2731 2728 4238
f 2728 766 2576
f 2728 2576 4238
f 2576 767 2730
f 2576 2730 4238
f 2732 842 2733
f 2732 2733 4239
f 2733 550 2734
f 2733 2734 4239
f 2734 514 2735
f 2734 2735 4239
f 2735 841 2732
f 2735 2732 4239
f 2703 829 2736
f 2703 2736 4240
f 2736 842 2732
f 2736 2732 4240
f 2732 841 2737
f 2732 2737 4240
f 2737 828 2703
f 2737 2703 4240
f 2738 609 2273
f 2738 2273 4241
f 2273 613 2701
f 2273 2701 4241
f 2701 828 2737
f 2701 2737 4241
f 2737 841 2738
f 2737 2738 4241
f 2739 608 2266
f 2739 2266 4242
f 2266 609 2738
f 2266 2738 4242
f 2738 841 2740
f 2738 2740 4242
f 2740 843 2739
f 2740 2739 4242
f 2741 844 2742
f 2741 2742 4243
f 2742 601 2264
f 2742 2264 4243
f 2264 608 2739
f 2264 2739 4243
f 2739 843 2741
f 2739 2741 4243
f 2743 512 2081
f 2743 2081 4244
f 2081 510 2744
f 2081 2744 4244
f 2744 844 2741
f 2744 2741 4244
f 2741 843 2743
f 2741 2743 4244
f 2735 514 2085
f 2735 2085 4245
f 2085 512 2743
f 2085 2743 4245
f 2743 843 2740
f 2743 2740 4245
f 2740 841 2735
f 2740 2735 4245
f 2149 548 2745
f 2149 2745 4246
f 2745 516 2092
f 2745 2092 4246
f 2092 514 2734
f 2092 2734 4246
f 2734 550 2149
f 2734 2149 4246
f 2746 845 2747
f 2746 2747 4247
f 2747 553 2158
f 2747 2158 4247
f 2158 550 2733
f 2158 2733 4247
f 2733 842 2746
f 2733 2746 4247
f 2736 829 2704
f 2736 2704 4248
f 2704 820 2748
f 2704 2748 4248
f 2748 845 2746
f 2748 2746 4248
f 2746 842 2736
f 2746 2736 4248
f 2681 819 2749
f 2681 2749 4249
f 2749 846 2750
f 2749 2750 4249
f 2750 845 2748
f 2750 2748 4249
f 2748 820 2681
f 2748 2681 4249
f 2751 554 2154
f 2751 2154 4250
f 2154 553 2747
f 2154 2747 4250
f 2747 845 2750
f 2747 2750 4250
f 2750 846 2751
f 2750 2751 4250
f 2685 821 2752
f 2685 2752 4251
f 2752 847 2753
f 2752 2753 4251
f 2753 846 2749
f 2753 2749 4251
f 2749 819 2685
f 2749 2685 4251
f 2754 653 2755
f 2754 2755 4252
f 2755 554 2751
f 2755 2751 4252
f 2751 846 2753
f 2751 2753 4252
f 2753 847 2754
f 2753 2754 4252
f 2374 658 2756
f 2374 2756 4253
f 2756 556 2164
f 2756 2164 4253
f 2164 554 2755
f 2164 2755 4253
f 2755 653 2374
f 2755 2374 4253
f 2687 822 2757
f 2687 2757 4254
f 2757 835 2758
f 2757 2758 4254
f 2758 847 2752
f 2758 2752 4254
f 2752 821 2687
f 2752 2687 4254
f 2724 654 2346
f 2724 2346 4255
f 2346 653 2754
f 2346 2754 4255
f 2754 847 2758
f 2754 2758 4255
f 2758 835 2724
f 2758 2724 4255
f 2757 822 2689
f 2757 2689 4256
f 2689 823 2725
f 2689 2725 4256
f 2725 836 2717
f 2725 2717 4256
f 2717 835 2757
f 2717 2757 4256
f 2712 832 2726
f 2712 2726 4257
f 2726 838 2721
f 2726 2721 4257
f 2721 834 2727
f 2721 2727 4257
f 2727 831 2712
f 2727 2712 4257
f 2759 848 2760
f 2759 2760 4258
f 2760 849 2761
f 2760 2761 4258
f 2761 208 1513
f 2761 1513 4258
f 1513 207 2759
f 1513 2759 4258
f 2761 849 2762
f 2761 2762 4259
f 2762 421 1921
f 2762 1921 4259
f 1921 39 1517
f 1921 1517 4259
f 1517 208 2761
f 1517 2761 4259
f 2763 850 2764
f 2763 2764 4260
f 2764 578 2196
f 2764 2196 4260
f 2196 577 2248
f 2196 2248 4260
f 2248 599 2763
f 2248 2763 4260
f 2765 851 2766
f 2765 2766 4261
f 2766 850 2763
f 2766 2763 4261
f 2763 599 2242
f 2763 2242 4261
f 2242 598 2765
f 2242 2765 4261
f 2742 844 2767
f 2742 2767 4262
f 2767 851 2765
f 2767 2765 4262
f 2765 598 2247
f 2765 2247 4262
f 2247 601 2742
f 2247 2742 4262
f 2768 476 2769
f 2768 2769 4263
f 2769 851 2767
f 2769 2767 4263
f 2767 844 2744
f 2767 2744 4263
f 2744 510 2768
f 2744 2768 4263
f 2077 508 2770
f 2077 2770 4264
f 2770 474 2020
f 2770 2020 4264
f 2020 476 2768
f 2020 2768 4264
f 2768 510 2077
f 2768 2077 4264
f 2018 468 2771
f 2018 2771 4265
f 2771 850 2766
f 2771 2766 4265
f 2766 851 2769
f 2766 2769 4265
f 2769 476 2018
f 2769 2018 4265
f 2001 466 2772
f 2001 2772 4266
f 2772 578 2764
f 2772 2764 4266
f 2764 850 2771
f 2764 2771 4266
f 2771 468 2001
f 2771 2001 4266
f 1997 464 2773
f 1997 2773 4267
f 2773 561 2197
f 2773 2197 4267
f 2197 578 2772
f 2197 2772 4267
f 2772 466 1997
f 2772 1997 4267
f 2774 852 2775
f 2774 2775 4268
f 2775 563 2172
f 2775 2172 4268
f 2172 561 2773
f 2172 2773 4268
f 2773 464 2774
f 2773 2774 4268
f 2770 508 2073
f 2770 2073 4269
f 2073 504 2776
f 2073 2776 4269
f 2776 472 2014
f 2776 2014 4269
f 2014 474 2770
f 2014 2770 4269
f 2777 853 2778
f 2777 2778 4270
f 2778 434 1941
f 2778 1941 4270
f 1941 26 1546
f 1941 1546 4270
f 1546 228 2777
f 1546 2777 4270
f 2779 855 2780
f 2779 2780 4271
f 2780 856 2781
f 2780 2781 4271
f 2781 857 2782
f 2781 2782 4271
f 2782 854 2779
f 2782 2779 4271
f 2783 855 2779
f 2783 2779 4272
f 2779 854 2784
f 2779 2784 4272
f 2784 859 2785
f 2784 2785 4272
f 2785 858 2783
f 2785 2783 4272
f 2786 854 2782
f 2786 2782 4273
f 2782 857 2787
f 2782 2787 4273
f 2787 861 2788
f 2787 2788 4273
f 2788 860 2786
f 2788 2786 4273
f 2784 854 2786
f 2784 2786 4274
f 2786 860 2789
f 2786 2789 4274
f 2789 862 2790
f 2789 2790 4274
f 2790 859 2784
f 2790 2784 4274
f 2791 864 2792
f 2791 2792 4275
f 2792 865 2793
f 2792 2793 4275
f 2793 866 2794
f 2793 2794 4275
f 2794 863 2791
f 2794 2791 4275
f 2795 867 2796
f 2795 2796 4276
f 2796 868 2797
f 2796 2797 4276
f 2797 864 2791
f 2797 2791 4276
f 2791 863 2795
f 2791 2795 4276
f 2798 860 2788
f 2798 2788 4277
f 2788 861 2799
f 2788 2799 4277
f 2799 865 2792
f 2799 2792 4277
f 2792 864 2798
f 2792 2798 4277
f 2797 868 2800
f 2797 2800 4278
f 2800 862 2789
f 2800 2789 4278
f 2789 860 2798
f 2789 2798 4278
f 2798 864 2797
f 2798 2797 4278
f 2801 870 2802
f 2801 2802 4279
f 2802 218 1530
f 2802 1530 4279
f 1530 217 2803
f 1530 2803 4279
f 2803 869 2801
f 2803 2801 4279
f 2804 869 2803
f 2804 2803 4280
f 2803 217 1534
f 2803 1534 4280
f 1534 220 2805
f 1534 2805 4280
f 2805 871 2804
f 2805 2804 4280
f 2806 873 2807
f 2806 2807 4281
f 2807 874 2808
f 2807 2808 4281
f 2808 875 2809
f 2808 2809 4281
f 2809 872 2806
f 2809 2806 4281
f 2810 872 2811
f 2810 2811 4282
f 2811 877 2812
f 2811 2812 4282
f 2812 878 2813
f 2812 2813 4282
f 2813 876 2810
f 2813 2810 4282
f 2814 880 2815
f 2814 2815 4283
f 2815 876 2813
f 2815 2813 4283
f 2813 878 2816
f 2813 2816 4283
f 2816 879 2814
f 2816 2814 4283
f 2391 674 2817
f 2391 2817 4284
f 2817 880 2814
f 2817 2814 4284
f 2814 879 2818
f 2814 2818 4284
f 2818 675 2391
f 2818 2391 4284
f 2388 636 2819
f 2388 2819 4285
f 2819 881 2820
f 2819 2820 4285
f 2820 880 2817
f 2820 2817 4285
f 2817 674 2388
f 2817 2388 4285
f 2821 882 2822
f 2821 2822 4286
f 2822 873 2806
f 2822 2806 4286
f 2806 872 2810
f 2806 2810 4286
f 2810 876 2821
f 2810 2821 4286
f 2823 882 2824
f 2823 2824 4287
f 2824 881 2825
f 2824 2825 4287
f 2825 884 2826
f 2825 2826 4287
f 2826 883 2823
f 2826 2823 4287
f 2823 883 2827
f 2823 2827 4288
f 2827 885 2828
f 2827 2828 4288
f 2828 886 2829
f 2828 2829 4288
f 2829 882 2823
f 2829 2823 4288
f 2829 886 2830
f 2829 2830 4289
f 2830 874 2807
f 2830 2807 4289
f 2807 873 2822
f 2807 2822 4289
f 2822 882 2829
f 2822 2829 4289
f 2824 882 2821
f 2824 2821 4290
f 2821 876 2815
f 2821 2815 4290
f 2815 880 2820
f 2815 2820 4290
f 2820 881 2824
f 2820 2824 4290
f 2831 887 2832
f 2831 2832 4291
f 2832 888 2833
f 2832 2833 4291
f 2833 204 1509
f 2833 1509 4291
f 1509 206 2831
f 1509 2831 4291
f 2834 889 2835
f 2834 2835 4292
f 2835 890 2836
f 2835 2836 4292
f 2836 171 1451
f 2836 1451 4292
f 1451 172 2834
f 1451 2834 4292
f 2837 891 2838
f 2837 2838 4293
f 2838 892 2839
f 2838 2839 4293
f 2839 890 2835
f 2839 2835 4293
f 2835 889 2837
f 2835 2837 4293
f 2834 172 1462
f 2834 1462 4294
f 1462 179 2840
f 1462 2840 4294
f 2840 893 2841
f 2840 2841 4294
f 2841 889 2834
f 2841 2834 4294
f 2842 895 2843
f 2842 2843 4295
f 2843 867 2795
f 2843 2795 4295
f 2795 863 2844
f 2795 2844 4295
f 2844 894 2842
f 2844 2842 4295
f 2844 863 2794
f 2844 2794 4296
f 2794 866 2845
f 2794 2845 4296
f 2845 896 2846
f 2845 2846 4296
f 2846 894 2844
f 2846 2844 4296
f 2847 898 2848
f 2847 2848 4297
f 2848 895 2842
f 2848 2842 4297
f 2842 894 2849
f 2842 2849 4297
f 2849 897 2847
f 2849 2847 4297
f 2849 894 2846
f 2849 2846 4298
f 2846 896 2850
f 2846 2850 4298
f 2850 899 2851
f 2850 2851 4298
f 2851 897 2849
f 2851 2849 4298
f 2852 901 2853
f 2852 2853 4299
f 2853 855 2783
f 2853 2783 4299
f 2783 858 2854
f 2783 2854 4299
f 2854 900 2852
f 2854 2852 4299
f 2852 900 2855
f 2852 2855 4300
f 2855 898 2847
f 2855 2847 4300
f 2847 897 2856
f 2847 2856 4300
f 2856 901 2852
f 2856 2852 4300
f 2853 901 2857
f 2853 2857 4301
f 2857 902 2858
f 2857 2858 4301
f 2858 856 2780
f 2858 2780 4301
f 2780 855 2853
f 2780 2853 4301
f 2856 897 2851
f 2856 2851 4302
f 2851 899 2859
f 2851 2859 4302
f 2859 902 2857
f 2859 2857 4302
f 2857 901 2856
f 2857 2856 4302
f 2860 859 2790
f 2860 2790 4303
f 2790 862 2861
f 2790 2861 4303
f 2861 904 2862
f 2861 2862 4303
f 2862 903 2860
f 2862 2860 4303
f 2862 904 2863
f 2862 2863 4304
f 2863 227 1750
f 2863 1750 4304
f 1750 334 2864
f 1750 2864 4304
f 2864 903 2862
f 2864 2862 4304
f 2865 858 2785
f 2865 2785 4305
f 2785 859 2860
f 2785 2860 4305
f 2860 903 2866
f 2860 2866 4305
f 2866 905 2865
f 2866 2865 4305
f 2866 903 2864
f 2866 2864 4306
f 2864 334 1757
f 2864 1757 4306
f 1757 338 2867
f 1757 2867 4306
f 2867 905 2866
f 2867 2866 4306
f 2868 906 2869
f 2868 2869 4307
f 2869 904 2861
f 2869 2861 4307
f 2861 862 2800
f 2861 2800 4307
f 2800 868 2868
f 2800 2868 4307
f 2869 906 2870
f 2869 2870 4308
f 2870 219 1545
f 2870 1545 4308
f 1545 227 2863
f 1545 2863 4308
f 2863 904 2869
f 2863 2869 4308
f 2871 907 2872
f 2871 2872 4309
f 2872 906 2868
f 2872 2868 4309
f 2868 868 2796
f 2868 2796 4309
f 2796 867 2871
f 2796 2871 4309
f 2872 907 2873
f 2872 2873 4310
f 2873 195 1532
f 2873 1532 4310
f 1532 219 2870
f 1532 2870 4310
f 2870 906 2872
f 2870 2872 4310
f 2874 908 2875
f 2874 2875 4311
f 2875 907 2871
f 2875 2871 4311
f 2871 867 2843
f 2871 2843 4311
f 2843 895 2874
f 2843 2874 4311
f 2875 908 2876
f 2875 2876 4312
f 2876 196 1489
f 2876 1489 4312
f 1489 195 2873
f 1489 2873 4312
f 2873 907 2875
f 2873 2875 4312
f 2877 909 2878
f 2877 2878 4313
f 2878 908 2874
f 2878 2874 4313
f 2874 895 2848
f 2874 2848 4313
f 2848 898 2877
f 2848 2877 4313
f 2879 187 1491
f 2879 1491 4314
f 1491 196 2876
f 1491 2876 4314
f 2876 908 2878
f 2876 2878 4314
f 2878 909 2879
f 2878 2879 4314
f 2880 900 2854
f 2880 2854 4315
f 2854 858 2865
f 2854 2865 4315
f 2865 905 2881
f 2865 2881 4315
f 2881 910 2880
f 2881 2880 4315
f 2881 905 2867
f 2881 2867 4316
f 2867 338 1771
f 2867 1771 4316
f 1771 197 2882
f 1771 2882 4316
f 2882 910 2881
f 2882 2881 4316
f 2880 910 2883
f 2880 2883 4317
f 2883 909 2877
f 2883 2877 4317
f 2877 898 2855
f 2877 2855 4317
f 2855 900 2880
f 2855 2880 4317
f 2882 197 1492
f 2882 1492 4318
f 1492 187 2879
f 1492 2879 4318
f 2879 909 2883
f 2879 2883 4318
f 2883 910 2882
f 2883 2882 4318
f 2884 912 2885
f 2884 2885 4319
f 2885 913 2886
f 2885 2886 4319
f 2886 914 2887
f 2886 2887 4319
f 2887 911 2884
f 2887 2884 4319
f 2887 914 2888
f 2887 2888 4320
f 2888 915 2889
f 2888 2889 4320
f 2889 916 2890
f 2889 2890 4320
f 2890 911 2887
f 2890 2887 4320
f 2891 918 2892
f 2891 2892 4321
f 2892 912 2884
f 2892 2884 4321
f 2884 911 2893
f 2884 2893 4321
f 2893 917 2891
f 2893 2891 4321
f 2893 911 2890
f 2893 2890 4322
f 2890 916 2894
f 2890 2894 4322
f 2894 919 2895
f 2894 2895 4322
f 2895 917 2893
f 2895 2893 4322
f 2896 921 2897
f 2896 2897 4323
f 2897 918 2891
f 2897 2891 4323
f 2891 917 2898
f 2891 2898 4323
f 2898 920 2896
f 2898 2896 4323
f 2898 917 2895
f 2898 2895 4324
f 2895 919 2899
f 2895 2899 4324
f 2899 922 2900
f 2899 2900 4324
f 2900 920 2898
f 2900 2898 4324
f 2901 924 2902
f 2901 2902 4325
f 2902 921 2896
f 2902 2896 4325
f 2896 920 2903
f 2896 2903 4325
f 2903 923 2901
f 2903 2901 4325
f 2903 920 2900
f 2903 2900 4326
f 2900 922 2904
f 2900 2904 4326
f 2904 925 2905
f 2904 2905 4326
f 2905 923 2903
f 2905 2903 4326
f 2906 927 2907
f 2906 2907 4327
f 2907 914 2886
f 2907 2886 4327
f 2886 913 2908
f 2886 2908 4327
f 2908 926 2906
f 2908 2906 4327
f 2907 927 2909
f 2907 2909 4328
f 2909 928 2910
f 2909 2910 4328
f 2910 915 2888
f 2910 2888 4328
f 2888 914 2907
f 2888 2907 4328
f 2911 930 2912
f 2911 2912 4329
f 2912 927 2906
f 2912 2906 4329
f 2906 926 2913
f 2906 2913 4329
f 2913 929 2911
f 2913 2911 4329
f 2912 930 2914
f 2912 2914 4330
f 2914 931 2915
f 2914 2915 4330
f 2915 928 2909
f 2915 2909 4330
f 2909 927 2912
f 2909 2912 4330
f 2916 933 2917
f 2916 2917 4331
f 2917 924 2901
f 2917 2901 4331
f 2901 923 2918
f 2901 2918 4331
f 2918 932 2916
f 2918 2916 4331
f 2916 932 2919
f 2916 2919 4332
f 2919 930 2911
f 2919 2911 4332
f 2911 929 2920
f 2911 2920 4332
f 2920 933 2916
f 2920 2916 4332
f 2918 923 2905
f 2918 2905 4333
f 2905 925 2921
f 2905 2921 4333
f 2921 934 2922
f 2921 2922 4333
f 2922 932 2918
f 2922 2918 4333
f 2919 932 2922
f 2919 2922 4334
f 2922 934 2923
f 2922 2923 4334
f 2923 931 2914
f 2923 2914 4334
f 2914 930 2919
f 2914 2919 4334
f 2924 935 2925
f 2924 2925 4335
f 2925 936 2926
f 2925 2926 4335
f 2926 929 2913
f 2926 2913 4335
f 2913 926 2924
f 2913 2924 4335
f 2927 350 1803
f 2927 1803 4336
f 1803 363 2928
f 1803 2928 4336
f 2928 936 2925
f 2928 2925 4336
f 2925 935 2927
f 2925 2927 4336
f 2929 937 2930
f 2929 2930 4337
f 2930 935 2924
f 2930 2924 4337
f 2924 926 2908
f 2924 2908 4337
f 2908 913 2929
f 2908 2929 4337
f 2931 344 1779
f 2931 1779 4338
f 1779 350 2927
f 1779 2927 4338
f 2927 935 2930
f 2927 2930 4338
f 2930 937 2931
f 2930 2931 4338
f 2932 938 2933
f 2932 2933 4339
f 2933 937 2929
f 2933 2929 4339
f 2929 913 2885
f 2929 2885 4339
f 2885 912 2932
f 2885 2932 4339
f 2934 198 1770
f 2934 1770 4340
f 1770 344 2931
f 1770 2931 4340
f 2931 937 2933
f 2931 2933 4340
f 2933 938 2934
f 2933 2934 4340
f 2935 939 2936
f 2935 2936 4341
f 2936 938 2932
f 2936 2932 4341
f 2932 912 2892
f 2932 2892 4341
f 2892 918 2935
f 2892 2935 4341
f 2937 188 1494
f 2937 1494 4342
f 1494 198 2934
f 1494 2934 4342
f 2934 938 2936
f 2934 2936 4342
f 2936 939 2937
f 2936 2937 4342
f 2938 921 2902
f 2938 2902 4343
f 2902 924 2939
f 2902 2939 4343
f 2939 941 2940
f 2939 2940 4343
f 2940 940 2938
f 2940 2938 4343
f 2941 940 2940
f 2941 2940 4344
f 2940 941 2942
f 2940 2942 4344
f 2942 202 1501
f 2942 1501 4344
f 1501 199 2941
f 1501 2941 4344
f 2938 940 2943
f 2938 2943 4345
f 2943 939 2935
f 2943 2935 4345
f 2935 918 2897
f 2935 2897 4345
f 2897 921 2938
f 2897 2938 4345
f 2941 199 1495
f 2941 1495 4346
f 1495 188 2937
f 1495 2937 4346
f 2937 939 2943
f 2937 2943 4346
f 2943 940 2941
f 2943 2941 4346
f 2944 933 2920
f 2944 2920 4347
f 2920 929 2926
f 2920 2926 4347
f 2926 936 2945
f 2926 2945 4347
f 2945 942 2944
f 2945 2944 4347
f 2946 942 2945
f 2946 2945 4348
f 2945 936 2928
f 2945 2928 4348
f 2928 363 1853
f 2928 1853 4348
f 1853 205 2946
f 1853 2946 4348
f 2944 942 2947
f 2944 2947 4349
f 2947 941 2939
f 2947 2939 4349
f 2939 924 2917
f 2939 2917 4349
f 2917 933 2944
f 2917 2944 4349
f 2946 205 1507
f 2946 1507 4350
f 1507 202 2942
f 1507 2942 4350
f 2942 941 2947
f 2942 2947 4350
f 2947 942 2946
f 2947 2946 4350
f 2948 944 2949
f 2948 2949 4351
f 2949 945 2950
f 2949 2950 4351
f 2950 946 2951
f 2950 2951 4351
f 2951 943 2948
f 2951 2948 4351
f 2951 946 2952
f 2951 2952 4352
f 2952 947 2953
f 2952 2953 4352
f 2953 948 2954
f 2953 2954 4352
f 2954 943 2951
f 2954 2951 4352
f 2948 943 2955
f 2948 2955 4353
f 2955 949 2956
f 2955 2956 4353
f 2956 950 2957
f 2956 2957 4353
f 2957 944 2948
f 2957 2948 4353
f 2955 943 2958
f 2955 2958 4354
f 2958 166 1449
f 2958 1449 4354
f 1449 171 2959
f 1449 2959 4354
f 2959 949 2955
f 2959 2955 4354
f 2953 947 2960
f 2953 2960 4355
f 2960 951 2961
f 2960 2961 4355
f 2961 952 2962
f 2961 2962 4355
f 2962 948 2953
f 2962 2953 4355
f 2960 947 2963
f 2960 2963 4356
f 2963 953 2964
f 2963 2964 4356
f 2964 954 2965
f 2964 2965 4356
f 2965 951 2960
f 2965 2960 4356
f 2966 955 2967
f 2966 2967 4357
f 2967 956 2968
f 2967 2968 4357
f 2968 957 2969
f 2968 2969 4357
f 2969 953 2966
f 2969 2966 4357
f 2952 946 2970
f 2952 2970 4358
f 2970 955 2966
f 2970 2966 4358
f 2966 953 2963
f 2966 2963 4358
f 2963 947 2952
f 2963 2952 4358
f 2970 946 2971
f 2970 2971 4359
f 2971 958 2972
f 2971 2972 4359
f 2972 956 2967
f 2972 2967 4359
f 2967 955 2970
f 2967 2970 4359
f 2971 946 2950
f 2971 2950 4360
f 2950 945 2973
f 2950 2973 4360
f 2973 959 2974
f 2973 2974 4360
f 2974 958 2971
f 2974 2971 4360
f 2954 948 2975
f 2954 2975 4361
f 2975 163 1439
f 2975 1439 4361
f 1439 166 2958
f 1439 2958 4361
f 2958 943 2954
f 2958 2954 4361
f 2961 951 2976
f 2961 2976 4362
f 2976 960 2977
f 2976 2977 4362
f 2977 961 2978
f 2977 2978 4362
f 2978 952 2961
f 2978 2961 4362
f 2965 954 2979
f 2965 2979 4363
f 2979 962 2980
f 2979 2980 4363
f 2980 960 2976
f 2980 2976 4363
f 2976 951 2965
f 2976 2965 4363
f 2962 952 2981
f 2962 2981 4364
f 2981 963 2982
f 2981 2982 4364
f 2982 163 2975
f 2982 2975 4364
f 2975 948 2962
f 2975 2962 4364
f 2964 953 2969
f 2964 2969 4365
f 2969 957 2983
f 2969 2983 4365
f 2983 964 2984
f 2983 2984 4365
f 2984 954 2964
f 2984 2964 4365
f 2979 954 2984
f 2979 2984 4366
f 2984 964 2985
f 2984 2985 4366
f 2985 965 2986
f 2985 2986 4366
f 2986 962 2979
f 2986 2979 4366
f 2977 960 2987
f 2977 2987 4367
f 2987 966 2988
f 2987 2988 4367
f 2988 967 2989
f 2988 2989 4367
f 2989 961 2977
f 2989 2977 4367
f 2987 960 2980
f 2987 2980 4368
f 2980 962 2986
f 2980 2986 4368
f 2986 965 2990
f 2986 2990 4368
f 2990 966 2987
f 2990 2987 4368
f 2949 944 2991
f 2949 2991 4369
f 2991 968 2992
f 2991 2992 4369
f 2992 959 2973
f 2992 2973 4369
f 2973 945 2949
f 2973 2949 4369
f 2993 950 2994
f 2993 2994 4370
f 2994 181 1467
f 2994 1467 4370
f 1467 180 2995
f 1467 2995 4370
f 2995 969 2993
f 2995 2993 4370
f 2994 950 2956
f 2994 2956 4371
f 2956 949 2959
f 2956 2959 4371
f 2959 171 2996
f 2959 2996 4371
f 2996 181 2994
f 2996 2994 4371
f 2997 969 2998
f 2997 2998 4372
f 2998 970 2999
f 2998 2999 4372
f 2999 971 3000
f 2999 3000 4372
f 3000 968 2997
f 3000 2997 4372
f 2988 966 3001
f 2988 3001 4373
f 3001 972 3002
f 3001 3002 4373
f 3002 971 3003
f 3002 3003 4373
f 3003 967 2988
f 3003 2988 4373
f 2992 968 3000
f 2992 3000 4374
f 3000 971 3002
f 3000 3002 4374
f 3002 972 3004
f 3002 3004 4374
f 3004 959 2992
f 3004 2992 4374
f 2998 969 2995
f 2998 2995 4375
f 2995 180 3005
f 2995 3005 4375
f 3005 719 3006
f 3005 3006 4375
f 3006 970 2998
f 3006 2998 4375
f 2982 963 3007
f 2982 3007 4376
f 3007 973 3008
f 3007 3008 4376
f 3008 164 1436
f 3008 1436 4376
f 1436 163 2982
f 1436 2982 4376
f 2577 719 3005
f 2577 3005 4377
f 3005 180 1471
f 3005 1471 4377
f 1471 184 1838
f 1471 1838 4377
f 1838 381 2577
f 1838 2577 4377
f 3009 85 1301
f 3009 1301 4378
f 1301 88 1308
f 1301 1308 4378
f 1308 91 3010
f 1308 3010 4378
f 3010 974 3009
f 3010 3009 4378
f 3011 974 3010
f 3011 3010 4379
f 3010 91 1304
f 3010 1304 4379
f 1304 90 3012
f 1304 3012 4379
f 3012 975 3011
f 3012 3011 4379
f 3012 90 1321
f 3012 1321 4380
f 1321 101 1347
f 1321 1347 4380
f 1347 115 3013
f 1347 3013 4380
f 3013 975 3012
f 3013 3012 4380
f 3011 975 3014
f 3011 3014 4381
f 3014 86 1298
f 3014 1298 4381
f 1298 85 3009
f 1298 3009 4381
f 3009 974 3011
f 3009 3011 4381
f 3013 115 1352
f 3013 1352 4382
f 1352 118 1360
f 1352 1360 4382
f 1360 86 3014
f 1360 3014 4382
f 3014 975 3013
f 3014 3013 4382
f 3015 977 3016
f 3015 3016 4383
f 3016 978 3017
f 3016 3017 4383
f 3017 891 3018
f 3017 3018 4383
f 3018 976 3015
f 3018 3015 4383
f 3019 979 3020
f 3019 3020 4384
f 3020 978 3021
f 3020 3021 4384
f 3021 980 3022
f 3021 3022 4384
f 3022 885 3019
f 3022 3019 4384
f 3023 892 2838
f 3023 2838 4385
f 2838 891 3017
f 2838 3017 4385
f 3017 978 3020
f 3017 3020 4385
f 3020 979 3023
f 3020 3023 4385
f 3024 982 3025
f 3024 3025 4386
f 3025 983 3026
f 3025 3026 4386
f 3026 884 3027
f 3026 3027 4386
f 3027 981 3024
f 3027 3024 4386
f 2316 634 3028
f 2316 3028 4387
f 3028 884 2825
f 3028 2825 4387
f 2825 881 2819
f 2825 2819 4387
f 2819 636 2316
f 2819 2316 4387
f 2313 630 3029
f 2313 3029 4388
f 3029 981 3027
f 3029 3027 4388
f 3027 884 3028
f 3027 3028 4388
f 3028 634 2313
f 3028 2313 4388
f 3030 985 3031
f 3030 3031 4389
f 3031 982 3024
f 3031 3024 4389
f 3024 981 3032
f 3024 3032 4389
f 3032 984 3030
f 3032 3030 4389
f 3033 986 3034
f 3033 3034 4390
f 3034 987 3035
f 3034 3035 4390
f 3035 985 3030
f 3035 3030 4390
f 3030 984 3033
f 3030 3033 4390
f 2306 629 3036
f 2306 3036 4391
f 3036 984 3032
f 3036 3032 4391
f 3032 981 3029
f 3032 3029 4391
f 3029 630 2306
f 3029 2306 4391
f 3037 931 3038
f 3037 3038 4392
f 3038 984 3036
f 3038 3036 4392
f 3036 629 2302
f 3036 2302 4392
f 2302 605 3037
f 2302 3037 4392
f 2923 934 3039
f 2923 3039 4393
f 3039 986 3033
f 3039 3033 4393
f 3033 984 3038
f 3033 3038 4393
f 3038 931 2923
f 3038 2923 4393
f 3040 989 3041
f 3040 3041 4394
f 3041 129 1372
f 3041 1372 4394
f 1372 125 3042
f 1372 3042 4394
f 3042 988 3040
f 3042 3040 4394
f 3043 977 3044
f 3043 3044 4395
f 3044 987 3034
f 3044 3034 4395
f 3034 986 3045
f 3034 3045 4395
f 3045 990 3043
f 3045 3043 4395
f 3046 980 3021
f 3046 3021 4396
f 3021 978 3016
f 3021 3016 4396
f 3016 977 3043
f 3016 3043 4396
f 3043 990 3046
f 3043 3046 4396
f 3047 992 3048
f 3047 3048 4397
f 3048 993 3049
f 3048 3049 4397
f 3049 994 3050
f 3049 3050 4397
f 3050 991 3047
f 3050 3047 4397
f 3051 995 3052
f 3051 3052 4398
f 3052 222 3053
f 3052 3053 4398
f 3053 993 3048
f 3053 3048 4398
f 3048 992 3051
f 3048 3051 4398
f 3052 995 3054
f 3052 3054 4399
f 3054 235 1697
f 3054 1697 4399
f 1697 224 1540
f 1697 1540 4399
f 1540 222 3052
f 1540 3052 4399
f 3051 992 3055
f 3051 3055 4400
f 3055 996 3056
f 3055 3056 4400
f 3056 997 3057
f 3056 3057 4400
f 3057 995 3051
f 3057 3051 4400
f 2828 885 3058
f 2828 3058 4401
f 3058 998 3059
f 3058 3059 4401
f 3059 999 3060
f 3059 3060 4401
f 3060 886 2828
f 3060 2828 4401
f 3060 999 3061
f 3060 3061 4402
f 3061 1000 3062
f 3061 3062 4402
f 3062 874 2830
f 3062 2830 4402
f 2830 886 3060
f 2830 3060 4402
f 2808 874 3062
f 2808 3062 4403
f 3062 1000 3063
f 3062 3063 4403
f 3063 1001 3064
f 3063 3064 4403
f 3064 875 2808
f 3064 2808 4403
f 3059 998 3065
f 3059 3065 4404
f 3065 117 1350
f 3065 1350 4404
f 1350 114 3066
f 1350 3066 4404
f 3066 999 3059
f 3066 3059 4404
f 3061 999 3066
f 3061 3066 4405
f 3066 114 1345
f 3066 1345 4405
f 1345 113 3067
f 1345 3067 4405
f 3067 1000 3061
f 3067 3061 4405
f 3058 885 3022
f 3058 3022 4406
f 3022 980 3068
f 3022 3068 4406
f 3068 988 3069
f 3068 3069 4406
f 3069 998 3058
f 3069 3058 4406
f 3065 998 3069
f 3065 3069 4407
f 3069 988 3042
f 3069 3042 4407
f 3042 125 1365
f 3042 1365 4407
f 1365 117 3065
f 1365 3065 4407
f 3064 1001 3070
f 3064 3070 4408
f 3070 1002 3071
f 3070 3071 4408
f 3071 1003 3072
f 3071 3072 4408
f 3072 875 3064
f 3072 3064 4408
f 2809 875 3072
f 2809 3072 4409
f 3072 1003 3073
f 3072 3073 4409
f 3073 877 2811
f 3073 2811 4409
f 2811 872 2809
f 2811 2809 4409
f 3063 1000 3067
f 3063 3067 4410
f 3067 113 1344
f 3067 1344 4410
f 1344 108 3074
f 1344 3074 4410
f 3074 1001 3063
f 3074 3063 4410
f 3070 1001 3074
f 3070 3074 4411
f 3074 108 1333
f 3074 1333 4411
f 1333 99 3075
f 1333 3075 4411
f 3075 1002 3070
f 3075 3070 4411
f 3073 1003 3076
f 3073 3076 4412
f 3076 1004 3077
f 3076 3077 4412
f 3077 1005 3078
f 3077 3078 4412
f 3078 877 3073
f 3078 3073 4412
f 2818 879 3079
f 2818 3079 4413
f 3079 59 1250
f 3079 1250 4413
f 1250 61 2423
f 1250 2423 4413
f 2423 675 2818
f 2423 2818 4413
f 2816 878 3080
f 2816 3080 4414
f 3080 57 1247
f 3080 1247 4414
f 1247 59 3079
f 1247 3079 4414
f 3079 879 2816
f 3079 2816 4414
f 3080 878 2812
f 3080 2812 4415
f 2812 877 3081
f 2812 3081 4415
f 3081 55 1245
f 3081 1245 4415
f 1245 57 3080
f 1245 3080 4415
f 3078 1005 3082
f 3078 3082 4416
f 3082 53 1241
f 3082 1241 4416
f 1241 55 3081
f 1241 3081 4416
f 3081 877 3078
f 3081 3078 4416
f 3071 1002 3083
f 3071 3083 4417
f 3083 1006 3084
f 3083 3084 4417
f 3084 1004 3076
f 3084 3076 4417
f 3076 1003 3071
f 3076 3071 4417
f 3077 1004 3085
f 3077 3085 4418
f 3085 1007 3086
f 3085 3086 4418
f 3086 1008 3087
f 3086 3087 4418
f 3087 1005 3077
f 3087 3077 4418
f 3082 1005 3087
f 3082 3087 4419
f 3087 1008 3088
f 3087 3088 4419
f 3088 51 1238
f 3088 1238 4419
f 1238 53 3082
f 1238 3082 4419
f 3084 1006 3089
f 3084 3089 4420
f 3089 1009 3090
f 3089 3090 4420
f 3090 1007 3085
f 3090 3085 4420
f 3085 1004 3084
f 3085 3084 4420
f 3083 1002 3075
f 3083 3075 4421
f 3075 99 1317
f 3075 1317 4421
f 1317 98 3091
f 1317 3091 4421
f 3091 1006 3083
f 3091 3083 4421
f 3091 98 1325
f 3091 1325 4422
f 1325 103 3092
f 1325 3092 4422
f 3092 1009 3089
f 3092 3089 4422
f 3089 1006 3091
f 3089 3091 4422
f 3086 1007 3093
f 3086 3093 4423
f 3093 1010 3094
f 3093 3094 4423
f 3094 1011 3095
f 3094 3095 4423
f 3095 1008 3086
f 3095 3086 4423
f 3093 1007 3090
f 3093 3090 4424
f 3090 1009 3096
f 3090 3096 4424
f 3096 158 3097
f 3096 3097 4424
f 3097 1010 3093
f 3097 3093 4424
f 3095 1011 3098
f 3095 3098 4425
f 3098 1012 3099
f 3098 3099 4425
f 3099 51 3088
f 3099 3088 4425
f 3088 1008 3095
f 3088 3095 4425
f 3096 1009 3092
f 3096 3092 4426
f 3092 103 1332
f 3092 1332 4426
f 1332 107 1427
f 1332 1427 4426
f 1427 158 3096
f 1427 3096 4426
f 3094 1010 3097
f 3094 3097 4427
f 3097 158 1426
f 3097 1426 4427
f 1426 157 3100
f 1426 3100 4427
f 3100 1011 3094
f 3100 3094 4427
f 3100 157 3101
f 3100 3101 4428
f 3101 1013 3102
f 3101 3102 4428
f 3102 1014 3103
f 3102 3103 4428
f 3103 1011 3100
f 3103 3100 4428
f 3103 1014 3104
f 3103 3104 4429
f 3104 1015 3105
f 3104 3105 4429
f 3105 1012 3098
f 3105 3098 4429
f 3098 1011 3103
f 3098 3103 4429
f 1425 110 1424
f 1425 1424 4430
f 1424 156 3106
f 1424 3106 4430
f 3106 1013 3101
f 3106 3101 4430
f 3101 157 1425
f 3101 1425 4430
f 3099 1012 3107
f 3099 3107 4431
f 3107 963 3108
f 3107 3108 4431
f 3108 49 1236
f 3108 1236 4431
f 1236 51 3099
f 1236 3099 4431
f 3105 1015 3109
f 3105 3109 4432
f 3109 973 3007
f 3109 3007 4432
f 3007 963 3107
f 3007 3107 4432
f 3107 1012 3105
f 3107 3105 4432
f 3104 1014 3110
f 3104 3110 4433
f 3110 168 1443
f 3110 1443 4433
f 1443 167 3111
f 1443 3111 4433
f 3111 1015 3104
f 3111 3104 4433
f 3102 1013 3106
f 3102 3106 4434
f 3106 156 1444
f 3106 1444 4434
f 1444 168 3110
f 1444 3110 4434
f 3110 1014 3102
f 3110 3102 4434
f 3109 1015 3111
f 3109 3111 4435
f 3111 167 1442
f 3111 1442 4435
f 1442 164 3008
f 1442 3008 4435
f 3008 973 3109
f 3008 3109 4435
f 3112 1016 3113
f 3112 3113 4436
f 3113 715 2469
f 3113 2469 4436
f 2469 45 1226
f 2469 1226 4436
f 1226 44 3112
f 1226 3112 4436
f 3112 44 3114
f 3112 3114 4437
f 3114 971 2999
f 3114 2999 4437
f 2999 970 3115
f 2999 3115 4437
f 3115 1016 3112
f 3115 3112 4437
f 3113 1016 3115
f 3113 3115 4438
f 3115 970 3006
f 3115 3006 4438
f 3006 719 2475
f 3006 2475 4438
f 2475 715 3113
f 2475 3113 4438
f 2957 950 2993
f 2957 2993 4439
f 2993 969 2997
f 2993 2997 4439
f 2997 968 2991
f 2997 2991 4439
f 2991 944 2957
f 2991 2957 4439
f 3116 965 2985
f 3116 2985 4440
f 2985 964 3117
f 2985 3117 4440
f 3117 1018 3118
f 3117 3118 4440
f 3118 1017 3116
f 3118 3116 4440
f 3119 15 3120
f 3119 3120 4441
f 3120 1019 3121
f 3120 3121 4441
f 3121 870 2801
f 3121 2801 4441
f 2801 869 3119
f 2801 3119 4441
f 3119 869 2804
f 3119 2804 4442
f 2804 871 3122
f 2804 3122 4442
f 3122 12 1186
f 3122 1186 4442
f 1186 15 3119
f 1186 3119 4442
f 3123 1020 3124
f 3123 3124 4443
f 3124 226 1543
f 3124 1543 4443
f 1543 218 2802
f 1543 2802 4443
f 2802 870 3123
f 2802 3123 4443
f 3121 1019 3125
f 3121 3125 4444
f 3125 1021 3126
f 3125 3126 4444
f 3126 1020 3123
f 3126 3123 4444
f 3123 870 3121
f 3123 3121 4444
f 3127 1022 3128
f 3127 3128 4445
f 3128 320 1725
f 3128 1725 4445
f 1725 226 3124
f 1725 3124 4445
f 3124 1020 3127
f 3124 3127 4445
f 3126 1021 3129
f 3126 3129 4446
f 3129 1023 3130
f 3129 3130 4446
f 3130 1022 3127
f 3130 3127 4446
f 3127 1020 3126
f 3127 3126 4446
f 3131 1024 3132
f 3131 3132 4447
f 3132 309 1722
f 3132 1722 4447
f 1722 320 3128
f 1722 3128 4447
f 3128 1022 3131
f 3128 3131 4447
f 3130 1023 3133
f 3130 3133 4448
f 3133 5 3134
f 3133 3134 4448
f 3134 1024 3131
f 3134 3131 4448
f 3131 1022 3130
f 3131 3130 4448
f 3135 871 2805
f 3135 2805 4449
f 2805 220 1536
f 2805 1536 4449
f 1536 221 3136
f 1536 3136 4449
f 3136 1025 3135
f 3136 3135 4449
f 3122 871 3135
f 3122 3135 4450
f 3135 1025 3137
f 3135 3137 4450
f 3137 9 1181
f 3137 1181 4450
f 1181 12 3122
f 1181 3122 4450
f 3138 1025 3136
f 3138 3136 4451
f 3136 221 1539
f 3136 1539 4451
f 1539 223 3139
f 1539 3139 4451
f 3139 1026 3138
f 3139 3138 4451
f 3137 1025 3138
f 3137 3138 4452
f 3138 1026 3140
f 3138 3140 4452
f 3140 6 1176
f 3140 1176 4452
f 1176 9 3137
f 1176 3137 4452
f 3141 1026 3139
f 3141 3139 4453
f 3139 223 1693
f 3139 1693 4453
f 1693 309 3132
f 1693 3132 4453
f 3132 1024 3141
f 3132 3141 4453
f 3140 1026 3141
f 3140 3141 4454
f 3141 1024 3134
f 3141 3134 4454
f 3134 5 1171
f 3134 1171 4454
f 1171 6 3140
f 1171 3140 4454
f 3142 1028 3143
f 3142 3143 4455
f 3143 1029 3144
f 3143 3144 4455
f 3144 1030 3145
f 3144 3145 4455
f 3145 1027 3142
f 3145 3142 4455
f 3146 1031 3147
f 3146 3147 4456
f 3147 1032 3148
f 3147 3148 4456
f 3148 1029 3143
f 3148 3143 4456
f 3143 1028 3146
f 3143 3146 4456
f 3149 1021 3125
f 3149 3125 4457
f 3125 1019 3150
f 3125 3150 4457
f 3150 1031 3146
f 3150 3146 4457
f 3146 1028 3149
f 3146 3149 4457
f 3149 1028 3142
f 3149 3142 4458
f 3142 1027 3151
f 3142 3151 4458
f 3151 1023 3129
f 3151 3129 4458
f 3129 1021 3149
f 3129 3149 4458
f 3152 13 1184
f 3152 1184 4459
f 1184 14 3153
f 1184 3153 4459
f 3153 1032 3147
f 3153 3147 4459
f 3147 1031 3152
f 3147 3152 4459
f 3150 1019 3120
f 3150 3120 4460
f 3120 15 1185
f 3120 1185 4460
f 1185 13 3152
f 1185 3152 4460
f 3152 1031 3150
f 3152 3150 4460
f 3154 1027 3145
f 3154 3145 4461
f 3145 1030 3155
f 3145 3155 4461
f 3155 3 1166
f 3155 1166 4461
f 1166 2 3154
f 1166 3154 4461
f 3151 1027 3154
f 3151 3154 4462
f 3154 2 1169
f 3154 1169 4462
f 1169 5 3133
f 1169 3133 4462
f 3133 1023 3151
f 3133 3151 4462
f 2756 658 2353
f 2756 2353 4463
f 2353 657 3156
f 2353 3156 4463
f 3156 543 2161
f 3156 2161 4463
f 2161 556 2756
f 2161 2756 4463
f 3157 1034 3158
f 3157 3158 4464
f 3158 387 1852
f 3158 1852 4464
f 1852 388 3159
f 1852 3159 4464
f 3159 1033 3157
f 3159 3157 4464
f 3159 388 1850
f 3159 1850 4465
f 1850 386 3160
f 1850 3160 4465
f 3160 1035 3161
f 3160 3161 4465
f 3161 1033 3159
f 3161 3159 4465
f 3162 382 1849
f 3162 1849 4466
f 1849 387 3158
f 1849 3158 4466
f 3158 1034 3163
f 3158 3163 4466
f 3163 1036 3162
f 3163 3162 4466
f 3164 1035 3160
f 3164 3160 4467
f 3160 386 1846
f 3160 1846 4467
f 1846 378 3165
f 1846 3165 4467
f 3165 1037 3164
f 3165 3164 4467
f 3166 1036 3163
f 3166 3163 4468
f 3163 1034 3157
f 3163 3157 4468
f 3157 1033 3167
f 3157 3167 4468
f 3167 1038 3166
f 3167 3166 4468
f 3168 1040 3169
f 3168 3169 4469
f 3169 1041 3170
f 3169 3170 4469
f 3170 1042 3171
f 3170 3171 4469
f 3171 1039 3168
f 3171 3168 4469
f 3172 346 1793
f 3172 1793 4470
f 1793 356 3173
f 1793 3173 4470
f 3173 1041 3169
f 3173 3169 4470
f 3169 1040 3172
f 3169 3172 4470
f 3174 1044 3175
f 3174 3175 4471
f 3175 358 1794
f 3175 1794 4471
f 1794 348 3176
f 1794 3176 4471
f 3176 1043 3174
f 3176 3174 4471
f 3177 1045 3178
f 3177 3178 4472
f 3178 1046 3179
f 3178 3179 4472
f 3179 1044 3174
f 3179 3174 4472
f 3174 1043 3177
f 3174 3177 4472
f 3180 470 2010
f 3180 2010 4473
f 2010 472 3181
f 2010 3181 4473
f 3181 1048 3182
f 3181 3182 4473
f 3182 1047 3180
f 3182 3180 4473
f 3182 1048 3183
f 3182 3183 4474
f 3183 1049 3184
f 3183 3184 4474
f 3184 1050 3185
f 3184 3185 4474
f 3185 1047 3182
f 3185 3182 4474
f 3184 1049 3186
f 3184 3186 4475
f 3186 1051 3187
f 3186 3187 4475
f 3187 1052 3188
f 3187 3188 4475
f 3188 1050 3184
f 3188 3184 4475
f 3189 1053 3190
f 3189 3190 4476
f 3190 1054 3191
f 3190 3191 4476
f 3191 1055 3192
f 3191 3192 4476
f 3192 1052 3189
f 3192 3189 4476
f 2776 504 3193
f 2776 3193 4477
f 3193 1056 3194
f 3193 3194 4477
f 3194 1048 3181
f 3194 3181 4477
f 3181 472 2776
f 3181 2776 4477
f 3194 1056 3195
f 3194 3195 4478
f 3195 1057 3196
f 3195 3196 4478
f 3196 1049 3183
f 3196 3183 4478
f 3183 1048 3194
f 3183 3194 4478
f 3187 1051 3197
f 3187 3197 4479
f 3197 1058 3198
f 3197 3198 4479
f 3198 1053 3189
f 3198 3189 4479
f 3189 1052 3187
f 3189 3187 4479
f 3199 329 1739
f 3199 1739 4480
f 1739 328 3200
f 1739 3200 4480
f 3200 1051 3186
f 3200 3186 4480
f 3186 1049 3199
f 3186 3199 4480
f 3190 1053 3201
f 3190 3201 4481
f 3201 330 1741
f 3201 1741 4481
f 1741 318 3202
f 1741 3202 4481
f 3202 1054 3190
f 3202 3190 4481
f 3198 1058 3203
f 3198 3203 4482
f 3203 331 1743
f 3203 1743 4482
f 1743 330 3201
f 1743 3201 4482
f 3201 1053 3198
f 3201 3198 4482
f 3197 1051 3200
f 3197 3200 4483
f 3200 328 1745
f 3200 1745 4483
f 1745 331 3203
f 1745 3203 4483
f 3203 1058 3197
f 3203 3197 4483
f 3196 1057 3204
f 3196 3204 4484
f 3204 332 1746
f 3204 1746 4484
f 1746 329 3199
f 1746 3199 4484
f 3199 1049 3196
f 3199 3196 4484
f 3193 504 2065
f 3193 2065 4485
f 2065 503 3205
f 2065 3205 4485
f 3205 1059 3206
f 3205 3206 4485
f 3206 1056 3193
f 3206 3193 4485
f 3207 1060 3208
f 3207 3208 4486
f 3208 1057 3195
f 3208 3195 4486
f 3195 1056 3206
f 3195 3206 4486
f 3206 1059 3207
f 3206 3207 4486
f 3209 1061 3210
f 3209 3210 4487
f 3210 1062 3211
f 3210 3211 4487
f 3211 1060 3207
f 3211 3207 4487
f 3207 1059 3209
f 3207 3209 4487
f 3205 503 2070
f 3205 2070 4488
f 2070 506 3212
f 2070 3212 4488
f 3212 1061 3209
f 3212 3209 4488
f 3209 1059 3205
f 3209 3205 4488
f 3208 1060 3213
f 3208 3213 4489
f 3213 1039 3214
f 3213 3214 4489
f 3214 1063 3215
f 3214 3215 4489
f 3215 1057 3208
f 3215 3208 4489
f 3215 1063 3216
f 3215 3216 4490
f 3216 341 1761
f 3216 1761 4490
f 1761 332 3204
f 1761 3204 4490
f 3204 1057 3215
f 3204 3215 4490
f 3211 1062 3217
f 3211 3217 4491
f 3217 1040 3168
f 3217 3168 4491
f 3168 1039 3213
f 3168 3213 4491
f 3213 1060 3211
f 3213 3211 4491
f 3218 546 3219
f 3218 3219 4492
f 3219 1064 3220
f 3219 3220 4492
f 3220 1061 3212
f 3220 3212 4492
f 3212 506 3218
f 3212 3218 4492
f 3220 1064 3221
f 3220 3221 4493
f 3221 1043 3222
f 3221 3222 4493
f 3222 1062 3210
f 3222 3210 4493
f 3210 1061 3220
f 3210 3220 4493
f 2090 516 2745
f 2090 2745 4494
f 2745 548 2145
f 2745 2145 4494
f 2145 546 3218
f 2145 3218 4494
f 3218 506 2090
f 3218 2090 4494
f 3223 347 1773
f 3223 1773 4495
f 1773 346 3172
f 1773 3172 4495
f 3172 1040 3217
f 3172 3217 4495
f 3217 1062 3223
f 3217 3223 4495
f 3222 1043 3176
f 3222 3176 4496
f 3176 348 1775
f 3176 1775 4496
f 1775 347 3223
f 1775 3223 4496
f 3223 1062 3222
f 3223 3222 4496
f 3219 546 2141
f 3219 2141 4497
f 2141 544 3224
f 2141 3224 4497
f 3224 1065 3225
f 3224 3225 4497
f 3225 1064 3219
f 3225 3219 4497
f 3226 1045 3177
f 3226 3177 4498
f 3177 1043 3221
f 3177 3221 4498
f 3221 1064 3225
f 3221 3225 4498
f 3225 1065 3226
f 3225 3226 4498
f 3216 1063 3227
f 3216 3227 4499
f 3227 1066 3228
f 3227 3228 4499
f 3228 352 1782
f 3228 1782 4499
f 1782 341 3216
f 1782 3216 4499
f 3228 1066 3229
f 3228 3229 4500
f 3229 1042 3230
f 3229 3230 4500
f 3230 354 1785
f 3230 1785 4500
f 1785 352 3228
f 1785 3228 4500
f 3170 1041 3173
f 3170 3173 4501
f 3173 356 1788
f 3173 1788 4501
f 1788 354 3230
f 1788 3230 4501
f 3230 1042 3170
f 3230 3170 4501
f 3214 1039 3171
f 3214 3171 4502
f 3171 1042 3229
f 3171 3229 4502
f 3229 1066 3227
f 3229 3227 4502
f 3227 1063 3214
f 3227 3214 4502
f 2240 596 3231
f 2240 3231 4503
f 3231 861 2787
f 3231 2787 4503
f 2787 857 3232
f 2787 3232 4503
f 3232 597 2240
f 3232 2240 4503
f 3233 1068 3234
f 3233 3234 4504
f 3234 211 1523
f 3234 1523 4504
f 1523 215 3235
f 1523 3235 4504
f 3235 1067 3233
f 3235 3233 4504
f 3236 1067 3237
f 3236 3237 4505
f 3237 1069 3238
f 3237 3238 4505
f 3238 866 2793
f 3238 2793 4505
f 2793 865 3236
f 2793 3236 4505
f 3235 215 1526
f 3235 1526 4506
f 1526 193 3239
f 1526 3239 4506
f 3239 1069 3237
f 3239 3237 4506
f 3237 1067 3235
f 3237 3235 4506
f 3240 212 1519
f 3240 1519 4507
f 1519 211 3234
f 1519 3234 4507
f 3234 1068 3241
f 3234 3241 4507
f 3241 1070 3240
f 3241 3240 4507
f 3242 856 3243
f 3242 3243 4508
f 3243 915 3244
f 3243 3244 4508
f 3244 603 2249
f 3244 2249 4508
f 2249 602 3242
f 2249 3242 4508
f 2253 597 3232
f 2253 3232 4509
f 3232 857 2781
f 3232 2781 4509
f 2781 856 3242
f 2781 3242 4509
f 3242 602 2253
f 3242 2253 4509
f 3243 856 2858
f 3243 2858 4510
f 2858 902 3245
f 2858 3245 4510
f 3245 916 2889
f 3245 2889 4510
f 2889 915 3243
f 2889 3243 4510
f 2256 603 3244
f 2256 3244 4511
f 3244 915 2910
f 3244 2910 4511
f 2910 928 3246
f 2910 3246 4511
f 3246 604 2256
f 3246 2256 4511
f 2258 604 3246
f 2258 3246 4512
f 3246 928 2915
f 3246 2915 4512
f 2915 931 3037
f 2915 3037 4512
f 3037 605 2258
f 3037 2258 4512
f 2845 866 3238
f 2845 3238 4513
f 3238 1069 3247
f 3238 3247 4513
f 3247 1071 3248
f 3247 3248 4513
f 3248 896 2845
f 3248 2845 4513
f 3248 1071 3249
f 3248 3249 4514
f 3249 1072 3250
f 3249 3250 4514
f 3250 899 2850
f 3250 2850 4514
f 2850 896 3248
f 2850 3248 4514
f 3239 193 1485
f 3239 1485 4515
f 1485 192 3251
f 1485 3251 4515
f 3251 1071 3247
f 3251 3247 4515
f 3247 1069 3239
f 3247 3239 4515
f 3249 1071 3251
f 3249 3251 4516
f 3251 192 1483
f 3251 1483 4516
f 1483 190 3252
f 1483 3252 4516
f 3252 1072 3249
f 3252 3249 4516
f 3250 1072 3253
f 3250 3253 4517
f 3253 1073 3254
f 3253 3254 4517
f 3254 902 2859
f 3254 2859 4517
f 2859 899 3250
f 2859 3250 4517
f 3253 1072 3255
f 3253 3255 4518
f 3255 159 3256
f 3255 3256 4518
f 3256 1074 3257
f 3256 3257 4518
f 3257 1073 3253
f 3257 3253 4518
f 3252 190 1480
f 3252 1480 4519
f 1480 160 1429
f 1480 1429 4519
f 1429 159 3255
f 1429 3255 4519
f 3255 1072 3252
f 3255 3252 4519
f 3245 902 3254
f 3245 3254 4520
f 3254 1073 3258
f 3254 3258 4520
f 3258 919 2894
f 3258 2894 4520
f 2894 916 3245
f 2894 3245 4520
f 3258 1073 3257
f 3258 3257 4521
f 3257 1074 3259
f 3257 3259 4521
f 3259 922 2899
f 3259 2899 4521
f 2899 919 3258
f 2899 3258 4521
f 3259 1074 3260
f 3259 3260 4522
f 3260 1075 3261
f 3260 3261 4522
f 3261 925 2904
f 3261 2904 4522
f 2904 922 3259
f 2904 3259 4522
f 3262 1074 3256
f 3262 3256 4523
f 3256 159 1428
f 3256 1428 4523
f 1428 143 1397
f 1428 1397 4523
f 1397 139 3262
f 1397 3262 4523
f 3260 1074 3262
f 3260 3262 4524
f 3262 139 1390
f 3262 1390 4524
f 1390 135 3263
f 1390 3263 4524
f 3263 1075 3260
f 3263 3260 4524
f 3264 990 3045
f 3264 3045 4525
f 3045 986 3039
f 3045 3039 4525
f 3039 934 2921
f 3039 2921 4525
f 2921 925 3264
f 2921 3264 4525
f 3261 1075 3265
f 3261 3265 4526
f 3265 989 3266
f 3265 3266 4526
f 3266 990 3264
f 3266 3264 4526
f 3264 925 3261
f 3264 3261 4526
f 3265 1075 3263
f 3265 3263 4527
f 3263 135 1383
f 3263 1383 4527
f 1383 129 3041
f 1383 3041 4527
f 3041 989 3265
f 3041 3265 4527
f 3266 989 3040
f 3266 3040 4528
f 3040 988 3068
f 3040 3068 4528
f 3068 980 3046
f 3068 3046 4528
f 3046 990 3266
f 3046 3266 4528
f 3188 1052 3192
f 3188 3192 4529
f 3192 1055 3267
f 3192 3267 4529
f 3267 1076 3268
f 3267 3268 4529
f 3268 1050 3188
f 3268 3188 4529
f 3269 1047 3185
f 3269 3185 4530
f 3185 1050 3268
f 3185 3268 4530
f 3268 1076 3270
f 3268 3270 4530
f 3270 1077 3269
f 3270 3269 4530
f 3271 1079 3272
f 3271 3272 4531
f 3272 1080 3273
f 3272 3273 4531
f 3273 1081 3274
f 3273 3274 4531
f 3274 1078 3271
f 3274 3271 4531
f 3275 1082 3276
f 3275 3276 4532
f 3276 1079 3271
f 3276 3271 4532
f 3271 1078 3277
f 3271 3277 4532
f 3277 852 3275
f 3277 3275 4532
f 3278 1078 3274
f 3278 3274 4533
f 3274 1081 3279
f 3274 3279 4533
f 3279 1084 3280
f 3279 3280 4533
f 3280 1083 3278
f 3280 3278 4533
f 3279 1081 3281
f 3279 3281 4534
f 3281 1085 3282
f 3281 3282 4534
f 3282 1086 3283
f 3282 3283 4534
f 3283 1084 3279
f 3283 3279 4534
f 3284 1082 3285
f 3284 3285 4535
f 3285 463 3286
f 3285 3286 4535
f 3286 1077 3287
f 3286 3287 4535
f 3287 1087 3284
f 3287 3284 4535
f 3272 1079 3276
f 3272 3276 4536
f 3276 1082 3284
f 3276 3284 4536
f 3284 1087 3288
f 3284 3288 4536
f 3288 1080 3272
f 3288 3272 4536
f 3289 1088 3290
f 3289 3290 4537
f 3290 1085 3281
f 3290 3281 4537
f 3281 1081 3273
f 3281 3273 4537
f 3273 1080 3289
f 3273 3289 4537
f 3291 1090 3292
f 3291 3292 4538
f 3292 424 3293
f 3292 3293 4538
f 3293 1091 3294
f 3293 3294 4538
f 3294 1089 3291
f 3294 3291 4538
f 3295 1089 3294
f 3295 3294 4539
f 3294 1091 3296
f 3294 3296 4539
f 3296 1093 3297
f 3296 3297 4539
f 3297 1092 3295
f 3297 3295 4539
f 3298 1089 3295
f 3298 3295 4540
f 3295 1092 3299
f 3295 3299 4540
f 3299 1094 3300
f 3299 3300 4540
f 3300 584 3298
f 3300 3298 4540
f 3301 1090 3291
f 3301 3291 4541
f 3291 1089 3298
f 3291 3298 4541
f 3298 584 2207
f 3298 2207 4541
f 2207 567 3301
f 2207 3301 4541
f 3302 1083 3280
f 3302 3280 4542
f 3280 1084 3303
f 3280 3303 4542
f 3303 564 2173
f 3303 2173 4542
f 2173 563 3302
f 2173 3302 4542
f 3277 1078 3278
f 3277 3278 4543
f 3278 1083 3302
f 3278 3302 4543
f 3302 563 2775
f 3302 2775 4543
f 2775 852 3277
f 2775 3277 4543
f 1993 463 3285
f 1993 3285 4544
f 3285 1082 3275
f 3285 3275 4544
f 3275 852 2774
f 3275 2774 4544
f 2774 464 1993
f 2774 1993 4544
f 3296 1091 3304
f 3296 3304 4545
f 3304 1095 3305
f 3304 3305 4545
f 3305 1096 3306
f 3305 3306 4545
f 3306 1093 3296
f 3306 3296 4545
f 3297 1093 3306
f 3297 3306 4546
f 3306 1096 3307
f 3306 3307 4546
f 3307 1097 3308
f 3307 3308 4546
f 3308 1092 3297
f 3308 3297 4546
f 3293 424 1922
f 3293 1922 4547
f 1922 423 3309
f 1922 3309 4547
f 3309 1095 3304
f 3309 3304 4547
f 3304 1091 3293
f 3304 3293 4547
f 1923 424 3292
f 1923 3292 4548
f 3292 1090 3310
f 3292 3310 4548
f 3310 230 1684
f 3310 1684 4548
f 1684 36 1923
f 1684 1923 4548
f 1924 35 1683
f 1924 1683 4549
f 1683 40 1920
f 1683 1920 4549
f 1920 422 3311
f 1920 3311 4549
f 3311 423 1924
f 3311 1924 4549
f 3309 423 3311
f 3309 3311 4550
f 3311 422 3312
f 3311 3312 4550
f 3312 1098 3313
f 3312 3313 4550
f 3313 1095 3309
f 3313 3309 4550
f 2759 207 1680
f 2759 1680 4551
f 1680 305 3314
f 1680 3314 4551
f 3314 1099 3315
f 3314 3315 4551
f 3315 848 2759
f 3315 2759 4551
f 3314 305 1678
f 3314 1678 4552
f 1678 304 3316
f 1678 3316 4552
f 3316 1100 3317
f 3316 3317 4552
f 3317 1099 3314
f 3317 3314 4552
f 3318 1100 3316
f 3318 3316 4553
f 3316 304 1676
f 3316 1676 4553
f 1676 303 3319
f 1676 3319 4553
f 3319 1101 3318
f 3319 3318 4553
f 3319 303 1674
f 3319 1674 4554
f 1674 279 3320
f 1674 3320 4554
f 3320 1102 3321
f 3320 3321 4554
f 3321 1101 3319
f 3321 3319 4554
f 3322 1098 3312
f 3322 3312 4555
f 3312 422 1919
f 3312 1919 4555
f 1919 421 3323
f 1919 3323 4555
f 3323 1103 3322
f 3323 3322 4555
f 3323 421 2762
f 3323 2762 4556
f 2762 849 3324
f 2762 3324 4556
f 3324 1104 3325
f 3324 3325 4556
f 3325 1103 3323
f 3325 3323 4556
f 3326 1106 3327
f 3326 3327 4557
f 3327 1098 3322
f 3327 3322 4557
f 3322 1103 3328
f 3322 3328 4557
f 3328 1105 3326
f 3328 3326 4557
f 3329 1106 3326
f 3329 3326 4558
f 3326 1105 3330
f 3326 3330 4558
f 3330 301 1669
f 3330 1669 4558
f 1669 268 3329
f 1669 3329 4558
f 3328 1103 3325
f 3328 3325 4559
f 3325 1104 3331
f 3325 3331 4559
f 3331 1107 3332
f 3331 3332 4559
f 3332 1105 3328
f 3332 3328 4559
f 3333 298 1666
f 3333 1666 4560
f 1666 301 3330
f 1666 3330 4560
f 3330 1105 3332
f 3330 3332 4560
f 3332 1107 3333
f 3332 3333 4560
f 3334 1104 3324
f 3334 3324 4561
f 3324 849 2760
f 3324 2760 4561
f 2760 848 3335
f 2760 3335 4561
f 3335 1108 3334
f 3335 3334 4561
f 3336 1107 3331
f 3336 3331 4562
f 3331 1104 3334
f 3331 3334 4562
f 3334 1108 3337
f 3334 3337 4562
f 3337 1109 3336
f 3337 3336 4562
f 1660 298 3333
f 1660 3333 4563
f 3333 1107 3336
f 3333 3336 4563
f 3336 1109 3338
f 3336 3338 4563
f 3338 289 1660
f 3338 1660 4563
f 3339 1108 3335
f 3339 3335 4564
f 3335 848 3315
f 3335 3315 4564
f 3315 1099 3340
f 3315 3340 4564
f 3340 1110 3339
f 3340 3339 4564
f 3341 1110 3340
f 3341 3340 4565
f 3340 1099 3317
f 3340 3317 4565
f 3317 1100 3342
f 3317 3342 4565
f 3342 1111 3341
f 3342 3341 4565
f 3342 1100 3318
f 3342 3318 4566
f 3318 1101 3343
f 3318 3343 4566
f 3343 1112 3344
f 3343 3344 4566
f 3344 1111 3342
f 3344 3342 4566
f 3345 1109 3337
f 3345 3337 4567
f 3337 1108 3339
f 3337 3339 4567
f 3339 1110 3346
f 3339 3346 4567
f 3346 1113 3345
f 3346 3345 4567
f 3347 1113 3346
f 3347 3346 4568
f 3346 1110 3341
f 3346 3341 4568
f 3341 1111 3348
f 3341 3348 4568
f 3348 1114 3347
f 3348 3347 4568
f 3349 1113 3347
f 3349 3347 4569
f 3347 1114 3350
f 3347 3350 4569
f 3350 284 1646
f 3350 1646 4569
f 1646 290 3349
f 1646 3349 4569
f 3338 1109 3345
f 3338 3345 4570
f 3345 1113 3349
f 3345 3349 4570
f 3349 290 1642
f 3349 1642 4570
f 1642 289 3338
f 1642 3338 4570
f 3351 1112 3343
f 3351 3343 4571
f 3343 1101 3321
f 3343 3321 4571
f 3321 1102 3352
f 3321 3352 4571
f 3352 1115 3351
f 3352 3351 4571
f 3348 1111 3344
f 3348 3344 4572
f 3344 1112 3353
f 3344 3353 4572
f 3353 1116 3354
f 3353 3354 4572
f 3354 1114 3348
f 3354 3348 4572
f 2837 889 2841
f 2837 2841 4573
f 2841 893 3355
f 2841 3355 4573
f 3355 976 3018
f 3355 3018 4573
f 3018 891 2837
f 3018 2837 4573
f 3356 1117 3357
f 3356 3357 4574
f 3357 1118 3358
f 3357 3358 4574
f 3358 182 1468
f 3358 1468 4574
f 1468 181 3356
f 1468 3356 4574
f 3359 1119 3360
f 3359 3360 4575
f 3360 1120 3361
f 3360 3361 4575
f 3361 1118 3357
f 3361 3357 4575
f 3357 1117 3359
f 3357 3359 4575
f 3362 1117 3356
f 3362 3356 4576
f 3356 181 2996
f 3356 2996 4576
f 2996 171 2836
f 2996 2836 4576
f 2836 890 3362
f 2836 3362 4576
f 3359 1117 3362
f 3359 3362 4577
f 3362 890 2839
f 3362 2839 4577
f 2839 892 3363
f 2839 3363 4577
f 3363 1119 3359
f 3363 3359 4577
f 3358 1118 3364
f 3358 3364 4578
f 3364 1121 3365
f 3364 3365 4578
f 3365 366 1833
f 3365 1833 4578
f 1833 182 3358
f 1833 3358 4578
f 3361 1120 3366
f 3361 3366 4579
f 3366 1122 3367
f 3366 3367 4579
f 3367 1121 3364
f 3367 3364 4579
f 3364 1118 3361
f 3364 3361 4579
f 3365 1121 3368
f 3365 3368 4580
f 3368 887 2831
f 3368 2831 4580
f 2831 206 1854
f 2831 1854 4580
f 1854 366 3365
f 1854 3365 4580
f 3367 1122 3369
f 3367 3369 4581
f 3369 1123 3370
f 3369 3370 4581
f 3370 887 3368
f 3370 3368 4581
f 3368 1121 3367
f 3368 3367 4581
f 3370 1123 3371
f 3370 3371 4582
f 3371 1124 3372
f 3371 3372 4582
f 3372 888 2832
f 3372 2832 4582
f 2832 887 3370
f 2832 3370 4582
f 2833 888 3373
f 2833 3373 4583
f 3373 893 2840
f 3373 2840 4583
f 2840 179 1512
f 2840 1512 4583
f 1512 204 2833
f 1512 2833 4583
f 3372 1124 3374
f 3372 3374 4584
f 3374 976 3355
f 3374 3355 4584
f 3355 893 3373
f 3355 3373 4584
f 3373 888 3372
f 3373 3372 4584
f 3375 1125 3376
f 3375 3376 4585
f 3376 883 2826
f 3376 2826 4585
f 2826 884 3026
f 2826 3026 4585
f 3026 983 3375
f 3026 3375 4585
f 3377 979 3019
f 3377 3019 4586
f 3019 885 2827
f 3019 2827 4586
f 2827 883 3376
f 2827 3376 4586
f 3376 1125 3377
f 3376 3377 4586
f 3378 1125 3375
f 3378 3375 4587
f 3375 983 3379
f 3375 3379 4587
f 3379 1120 3360
f 3379 3360 4587
f 3360 1119 3378
f 3360 3378 4587
f 3378 1119 3363
f 3378 3363 4588
f 3363 892 3023
f 3363 3023 4588
f 3023 979 3377
f 3023 3377 4588
f 3377 1125 3378
f 3377 3378 4588
f 3379 983 3025
f 3379 3025 4589
f 3025 982 3380
f 3025 3380 4589
f 3380 1122 3366
f 3380 3366 4589
f 3366 1120 3379
f 3366 3379 4589
f 3380 982 3031
f 3380 3031 4590
f 3031 985 3381
f 3031 3381 4590
f 3381 1123 3369
f 3381 3369 4590
f 3369 1122 3380
f 3369 3380 4590
f 3381 985 3035
f 3381 3035 4591
f 3035 987 3382
f 3035 3382 4591
f 3382 1124 3371
f 3382 3371 4591
f 3371 1123 3381
f 3371 3381 4591
f 3382 987 3044
f 3382 3044 4592
f 3044 977 3015
f 3044 3015 4592
f 3015 976 3374
f 3015 3374 4592
f 3374 1124 3382
f 3374 3382 4592
f 3310 1090 3383
f 3310 3383 4593
f 3383 853 2777
f 3383 2777 4593
f 2777 228 1549
f 2777 1549 4593
f 1549 230 3310
f 1549 3310 4593
f 2778 853 3384
f 2778 3384 4594
f 3384 1126 3385
f 3384 3385 4594
f 3385 435 1943
f 3385 1943 4594
f 1943 434 2778
f 1943 2778 4594
f 3301 567 3386
f 3301 3386 4595
f 3386 1126 3384
f 3386 3384 4595
f 3384 853 3383
f 3384 3383 4595
f 3383 1090 3301
f 3383 3301 4595
f 3385 1126 3387
f 3385 3387 4596
f 3387 1127 3388
f 3387 3388 4596
f 3388 436 1946
f 3388 1946 4596
f 1946 435 3385
f 1946 3385 4596
f 2178 564 3389
f 2178 3389 4597
f 3389 1127 3387
f 3389 3387 4597
f 3387 1126 3386
f 3387 3386 4597
f 3386 567 2178
f 3386 2178 4597
f 3388 1127 3390
f 3388 3390 4598
f 3390 1128 3391
f 3390 3391 4598
f 3391 433 1948
f 3391 1948 4598
f 1948 436 3388
f 1948 3388 4598
f 3392 1086 3282
f 3392 3282 4599
f 3282 1085 3393
f 3282 3393 4599
f 3393 1128 3390
f 3393 3390 4599
f 3390 1127 3392
f 3390 3392 4599
f 3389 564 3303
f 3389 3303 4600
f 3303 1084 3283
f 3303 3283 4600
f 3283 1086 3392
f 3283 3392 4600
f 3392 1127 3389
f 3392 3389 4600
f 3391 1128 3394
f 3391 3394 4601
f 3394 240 1567
f 3394 1567 4601
f 1567 29 1940
f 1567 1940 4601
f 1940 433 3391
f 1940 3391 4601
f 3395 1129 3396
f 3395 3396 4602
f 3396 241 1569
f 3396 1569 4602
f 1569 240 3394
f 1569 3394 4602
f 3394 1128 3395
f 3394 3395 4602
f 3393 1085 3290
f 3393 3290 4603
f 3290 1088 3397
f 3290 3397 4603
f 3397 1129 3395
f 3397 3395 4603
f 3395 1128 3393
f 3395 3393 4603
f 3398 1087 3399
f 3398 3399 4604
f 3399 244 1574
f 3399 1574 4604
f 1574 241 3396
f 1574 3396 4604
f 3396 1129 3398
f 3396 3398 4604
f 3289 1080 3288
f 3289 3288 4605
f 3288 1087 3398
f 3288 3398 4605
f 3398 1129 3397
f 3398 3397 4605
f 3397 1088 3289
f 3397 3289 4605
f 3287 1077 3270
f 3287 3270 4606
f 3270 1076 3400
f 3270 3400 4606
f 3400 244 3399
f 3400 3399 4606
f 3399 1087 3287
f 3399 3287 4606
f 3267 1055 3401
f 3267 3401 4607
f 3401 249 1582
f 3401 1582 4607
f 1582 244 3400
f 1582 3400 4607
f 3400 1076 3267
f 3400 3267 4607
f 2224 591 3402
f 2224 3402 4608
f 3402 1130 3403
f 3402 3403 4608
f 3403 252 1585
f 3403 1585 4608
f 1585 251 2224
f 1585 2224 4608
f 2227 592 3404
f 2227 3404 4609
f 3404 1095 3405
f 3404 3405 4609
f 3405 1130 3402
f 3405 3402 4609
f 3402 591 2227
f 3402 2227 4609
f 2213 587 3406
f 2213 3406 4610
f 3406 1131 3407
f 3406 3407 4610
f 3407 592 2226
f 3407 2226 4610
f 2226 581 2213
f 2226 2213 4610
f 3407 1131 3408
f 3407 3408 4611
f 3408 1096 3305
f 3408 3305 4611
f 3305 1095 3404
f 3305 3404 4611
f 3404 592 3407
f 3404 3407 4611
f 2210 585 3409
f 2210 3409 4612
f 3409 1097 3410
f 3409 3410 4612
f 3410 587 2212
f 3410 2212 4612
f 2212 586 2210
f 2212 2210 4612
f 3410 1097 3307
f 3410 3307 4613
f 3307 1096 3408
f 3307 3408 4613
f 3408 1131 3406
f 3408 3406 4613
f 3406 587 3410
f 3406 3410 4613
f 3300 1094 3411
f 3300 3411 4614
f 3411 585 2209
f 3411 2209 4614
f 2209 571 2208
f 2209 2208 4614
f 2208 584 3300
f 2208 3300 4614
f 3299 1092 3308
f 3299 3308 4615
f 3308 1097 3409
f 3308 3409 4615
f 3409 585 3411
f 3409 3411 4615
f 3411 1094 3299
f 3411 3299 4615
f 3403 1130 3412
f 3403 3412 4616
f 3412 1106 3329
f 3412 3329 4616
f 3329 268 1609
f 3329 1609 4616
f 1609 252 3403
f 1609 3403 4616
f 3405 1095 3313
f 3405 3313 4617
f 3313 1098 3327
f 3313 3327 4617
f 3327 1106 3412
f 3327 3412 4617
f 3412 1130 3405
f 3412 3405 4617
f 3413 1132 3414
f 3413 3414 4618
f 3414 1133 3415
f 3414 3415 4618
f 3415 272 1614
f 3415 1614 4618
f 1614 271 3413
f 1614 3413 4618
f 3416 1134 3417
f 3416 3417 4619
f 3417 1135 3418
f 3417 3418 4619
f 3418 1045 3226
f 3418 3226 4619
f 3226 1065 3416
f 3226 3416 4619
f 2137 543 3419
f 2137 3419 4620
f 3419 1134 3416
f 3419 3416 4620
f 3416 1065 3224
f 3416 3224 4620
f 3224 544 2137
f 3224 2137 4620
f 3418 1135 3420
f 3418 3420 4621
f 3420 1136 3421
f 3420 3421 4621
f 3421 1046 3178
f 3421 3178 4621
f 3178 1045 3418
f 3178 3418 4621
f 3156 657 3422
f 3156 3422 4622
f 3422 1137 3423
f 3422 3423 4622
f 3423 1134 3419
f 3423 3419 4622
f 3419 543 3156
f 3419 3156 4622
f 3167 1033 3161
f 3167 3161 4623
f 3161 1035 3164
f 3161 3164 4623
f 3164 1037 3424
f 3164 3424 4623
f 3424 1038 3167
f 3424 3167 4623
f 1840 382 3162
f 1840 3162 4624
f 3162 1036 3425
f 3162 3425 4624
f 3425 767 2575
f 3425 2575 4624
f 2575 381 1840
f 2575 1840 4624
f 3425 1036 3166
f 3425 3166 4625
f 3166 1038 3426
f 3166 3426 4625
f 3426 840 2730
f 3426 2730 4625
f 2730 767 3425
f 2730 3425 4625
f 3426 1038 3424
f 3426 3424 4626
f 3424 1037 3427
f 3424 3427 4626
f 3427 1138 3428
f 3427 3428 4626
f 3428 840 3426
f 3428 3426 4626
f 3429 1139 3430
f 3429 3430 4627
f 3430 367 1809
f 3430 1809 4627
f 1809 358 3175
f 1809 3175 4627
f 3175 1044 3429
f 3175 3429 4627
f 3179 1046 3431
f 3179 3431 4628
f 3431 1140 3432
f 3431 3432 4628
f 3432 1139 3429
f 3432 3429 4628
f 3429 1044 3179
f 3429 3179 4628
f 3432 1140 3433
f 3432 3433 4629
f 3433 370 1814
f 3433 1814 4629
f 1814 367 3430
f 1814 3430 4629
f 3430 1139 3432
f 3430 3432 4629
f 3433 1140 3434
f 3433 3434 4630
f 3434 1141 3435
f 3434 3435 4630
f 3435 371 1816
f 3435 1816 4630
f 1816 370 3433
f 1816 3433 4630
f 3431 1046 3421
f 3431 3421 4631
f 3421 1136 3436
f 3421 3436 4631
f 3436 1141 3434
f 3436 3434 4631
f 3434 1140 3431
f 3434 3431 4631
f 3437 373 1820
f 3437 1820 4632
f 1820 371 3435
f 1820 3435 4632
f 3435 1141 3436
f 3435 3436 4632
f 3436 1136 3437
f 3436 3437 4632
f 3420 1135 3438
f 3420 3438 4633
f 3438 374 1822
f 3438 1822 4633
f 1822 373 3437
f 1822 3437 4633
f 3437 1136 3420
f 3437 3420 4633
f 3439 1138 3440
f 3439 3440 4634
f 3440 375 1824
f 3440 1824 4634
f 1824 374 3438
f 1824 3438 4634
f 3438 1135 3439
f 3438 3439 4634
f 3417 1134 3423
f 3417 3423 4635
f 3423 1137 3441
f 3423 3441 4635
f 3441 1138 3439
f 3441 3439 4635
f 3439 1135 3417
f 3439 3417 4635
f 3442 839 2731
f 3442 2731 4636
f 2731 840 3428
f 2731 3428 4636
f 3428 1138 3441
f 3428 3441 4636
f 3441 1137 3442
f 3441 3442 4636
f 3165 378 1831
f 3165 1831 4637
f 1831 375 3440
f 1831 3440 4637
f 3440 1138 3427
f 3440 3427 4637
f 3427 1037 3165
f 3427 3165 4637
f 2358 660 2729
f 2358 2729 4638
f 2729 839 3442
f 2729 3442 4638
f 3442 1137 3422
f 3442 3422 4638
f 3422 657 2358
f 3422 2358 4638
f 3443 1142 3444
f 3443 3444 4639
f 3444 1143 3445
f 3444 3445 4639
f 3445 276 1618
f 3445 1618 4639
f 1618 275 3443
f 1618 3443 4639
f 3445 1143 3446
f 3445 3446 4640
f 3446 1132 3413
f 3446 3413 4640
f 3413 271 1622
f 3413 1622 4640
f 1622 276 3445
f 1622 3445 4640
f 3447 1102 3320
f 3447 3320 4641
f 3320 279 1624
f 3320 1624 4641
f 1624 272 3415
f 1624 3415 4641
f 3415 1133 3447
f 3415 3447 4641
f 3444 1142 3448
f 3444 3448 4642
f 3448 1115 3449
f 3448 3449 4642
f 3449 1132 3446
f 3449 3446 4642
f 3446 1143 3444
f 3446 3444 4642
f 3449 1115 3352
f 3449 3352 4643
f 3352 1102 3447
f 3352 3447 4643
f 3447 1133 3414
f 3447 3414 4643
f 3414 1132 3449
f 3414 3449 4643
f 3450 1116 3451
f 3450 3451 4644
f 3451 1142 3443
f 3451 3443 4644
f 3443 275 1630
f 3443 1630 4644
f 1630 282 3450
f 1630 3450 4644
f 3350 1114 3354
f 3350 3354 4645
f 3354 1116 3450
f 3354 3450 4645
f 3450 282 1633
f 3450 1633 4645
f 1633 284 3350
f 1633 3350 4645
f 3451 1116 3353
f 3451 3353 4646
f 3353 1112 3351
f 3353 3351 4646
f 3351 1115 3448
f 3351 3448 4646
f 3448 1142 3451
f 3448 3451 4646
f 3054 995 3057
f 3054 3057 4647
f 3057 997 3452
f 3057 3452 4647
f 3452 233 1559
f 3452 1559 4647
f 1559 235 3054
f 1559 3054 4647
f 3453 1144 3454
f 3453 3454 4648
f 3454 1145 3455
f 3454 3455 4648
f 3455 1146 3456
f 3455 3456 4648
f 3456 996 3453
f 3456 3453 4648
f 3056 996 3456
f 3056 3456 4649
f 3456 1146 3457
f 3456 3457 4649
f 3457 265 3458
f 3457 3458 4649
f 3458 997 3056
f 3458 3056 4649
f 3047 991 3459
f 3047 3459 4650
f 3459 1144 3453
f 3459 3453 4650
f 3453 996 3055
f 3453 3055 4650
f 3055 992 3047
f 3055 3047 4650
f 3459 991 3460
f 3459 3460 4651
f 3460 573 2188
f 3460 2188 4651
f 2188 572 3461
f 2188 3461 4651
f 3461 1144 3459
f 3461 3459 4651
f 3050 994 3462
f 3050 3462 4652
f 3462 574 2190
f 3462 2190 4652
f 2190 573 3460
f 2190 3460 4652
f 3460 991 3050
f 3460 3050 4652
f 3463 993 3464
f 3463 3464 4653
f 3464 212 3240
f 3464 3240 4653
f 3240 1070 3465
f 3240 3465 4653
f 3465 1147 3463
f 3465 3463 4653
f 3464 993 3053
f 3464 3053 4654
f 3053 222 1537
f 3053 1537 4654
f 1537 213 1520
f 1537 1520 4654
f 1520 212 3464
f 1520 3464 4654
f 3049 993 3463
f 3049 3463 4655
f 3463 1147 3466
f 3463 3466 4655
f 3466 1148 3467
f 3466 3467 4655
f 3467 994 3049
f 3467 3049 4655
f 3454 1144 3461
f 3454 3461 4656
f 3461 572 2201
f 3461 2201 4656
f 2201 580 3468
f 2201 3468 4656
f 3468 1145 3454
f 3468 3454 4656
f 3469 1149 3470
f 3469 3470 4657
f 3470 257 3471
f 3470 3471 4657
f 3471 1146 3455
f 3471 3455 4657
f 3455 1145 3469
f 3455 3469 4657
f 3468 580 2206
f 3468 2206 4658
f 2206 583 3472
f 2206 3472 4658
f 3472 1149 3469
f 3472 3469 4658
f 3469 1145 3468
f 3469 3468 4658
f 3191 1054 3202
f 3191 3202 4659
f 3202 318 1718
f 3202 1718 4659
f 1718 249 3401
f 1718 3401 4659
f 3401 1055 3191
f 3401 3191 4659
f 2006 470 3180
f 2006 3180 4660
f 3180 1047 3269
f 3180 3269 4660
f 3269 1077 3286
f 3269 3286 4660
f 3286 463 2006
f 3286 2006 4660
f 3452 997 3458
f 3452 3458 4661
f 3458 265 1603
f 3458 1603 4661
f 1603 264 1699
f 1603 1699 4661
f 1699 233 3452
f 1699 3452 4661
f 3457 1146 3473
f 3457 3473 4662
f 3473 261 1601
f 3473 1601 4662
f 1601 263 1604
f 1601 1604 4662
f 1604 265 3457
f 1604 3457 4662
f 3471 257 1595
f 3471 1595 4663
f 1595 259 1598
f 1595 1598 4663
f 1598 261 3473
f 1598 3473 4663
f 3473 1146 3471
f 3473 3471 4663
f 3462 994 3467
f 3462 3467 4664
f 3467 1148 3474
f 3467 3474 4664
f 3474 588 2214
f 3474 2214 4664
f 2214 574 3462
f 2214 3462 4664
f 3475 1148 3466
f 3475 3466 4665
f 3466 1147 3476
f 3466 3476 4665
f 3476 4 1167
f 3476 1167 4665
f 1167 3 3475
f 1167 3475 4665
f 2219 588 3474
f 2219 3474 4666
f 3474 1148 3475
f 3474 3475 4666
f 3475 3 3477
f 3475 3477 4666
f 3477 589 2219
f 3477 2219 4666
f 2221 589 3477
f 2221 3477 4667
f 3477 3 3155
f 3477 3155 4667
f 3155 1030 3478
f 3155 3478 4667
f 3478 590 2221
f 3478 2221 4667
f 3476 1147 3465
f 3476 3465 4668
f 3465 1070 3479
f 3465 3479 4668
f 3479 8 1173
f 3479 1173 4668
f 1173 4 3476
f 1173 3476 4668
f 2225 251 1588
f 2225 1588 4669
f 1588 254 3480
f 1588 3480 4669
f 3480 1149 3472
f 3480 3472 4669
f 3472 583 2225
f 3472 2225 4669
f 3480 254 1591
f 3480 1591 4670
f 1591 256 1592
f 1591 1592 4670
f 1592 257 3470
f 1592 3470 4670
f 3470 1149 3480
f 3470 3480 4670
f 3481 1067 3236
f 3481 3236 4671
f 3236 865 3482
f 3236 3482 4671
f 3482 1032 3153
f 3482 3153 4671
f 3153 14 3481
f 3153 3481 4671
f 3481 14 1183
f 3481 1183 4672
f 1183 11 3483
f 1183 3483 4672
f 3483 1068 3233
f 3483 3233 4672
f 3233 1067 3481
f 3233 3481 4672
f 1178 8 3479
f 1178 3479 4673
f 3479 1070 3241
f 3479 3241 4673
f 3241 1068 3483
f 3241 3483 4673
f 3483 11 1178
f 3483 1178 4673
f 3478 1030 3144
f 3478 3144 4674
f 3144 1029 3484
f 3144 3484 4674
f 3484 595 2234
f 3484 2234 4674
f 2234 590 3478
f 2234 3478 4674
f 3148 1032 3482
f 3148 3482 4675
f 3482 865 2799
f 3482 2799 4675
f 2799 861 3485
f 2799 3485 4675
f 3485 1029 3148
f 3485 3148 4675
f 3484 1029 3485
f 3484 3485 4676
f 3485 861 3231
f 3485 3231 4676
f 3231 596 2237
f 3231 2237 4676
f 2237 595 3484
f 2237 3484 4676
f 3486 966 2990
f 3486 2990 4677
f 2990 965 3116
f 2990 3116 4677
f 3116 1017 3487
f 3116 3487 4677
f 3487 1150 3486
f 3487 3486 4677
f 3488 972 3001
f 3488 3001 4678
f 3001 966 3486
f 3001 3486 4678
f 3486 1150 3489
f 3486 3489 4678
f 3489 1151 3488
f 3489 3488 4678
f 3490 959 3004
f 3490 3004 4679
f 3004 972 3488
f 3004 3488 4679
f 3488 1151 3491
f 3488 3491 4679
f 3491 1152 3490
f 3491 3490 4679
f 3492 958 2974
f 3492 2974 4680
f 2974 959 3490
f 2974 3490 4680
f 3490 1152 3493
f 3490 3493 4680
f 3493 1153 3492
f 3493 3492 4680
f 3494 956 2972
f 3494 2972 4681
f 2972 958 3492
f 2972 3492 4681
f 3492 1153 3495
f 3492 3495 4681
f 3495 1154 3494
f 3495 3494 4681
f 3496 957 2968
f 3496 2968 4682
f 2968 956 3494
f 2968 3494 4682
f 3494 1154 3497
f 3494 3497 4682
f 3497 1155 3496
f 3497 3496 4682
f 3496 1155 3498
f 3496 3498 4683
f 3498 1018 3117
f 3498 3117 4683
f 3117 964 2983
f 3117 2983 4683
f 2983 957 3496
f 2983 3496 4683
f 3499 1157 3500
f 3499 3500 4684
f 3500 1150 3487
f 3500 3487 4684
f 3487 1017 3501
f 3487 3501 4684
f 3501 1156 3499
f 3501 3499 4684
f 3502 1151 3489
f 3502 3489 4685
f 3489 1150 3500
f 3489 3500 4685
f 3500 1157 3503
f 3500 3503 4685
f 3503 1158 3502
f 3503 3502 4685
f 3504 1159 3505
f 3504 3505 4686
f 3505 1152 3491
f 3505 3491 4686
f 3491 1151 3502
f 3491 3502 4686
f 3502 1158 3504
f 3502 3504 4686
f 3506 1153 3493
f 3506 3493 4687
f 3493 1152 3505
f 3493 3505 4687
f 3505 1159 3507
f 3505 3507 4687
f 3507 1160 3506
f 3507 3506 4687
f 3508 1161 3509
f 3508 3509 4688
f 3509 1154 3495
f 3509 3495 4688
f 3495 1153 3506
f 3495 3506 4688
f 3506 1160 3508
f 3506 3508 4688
f 3510 1163 3511
f 3510 3511 4689
f 3511 1161 3508
f 3511 3508 4689
f 3508 1160 3512
f 3508 3512 4689
f 3512 1162 3510
f 3512 3510 4689
f 3513 1155 3497
f 3513 3497 4690
f 3497 1154 3509
f 3497 3509 4690
f 3509 1161 3511
f 3509 3511 4690
f 3511 1163 3513
f 3511 3513 4690
f 3514 1156 3501
f 3514 3501 4691
f 3501 1017 3118
f 3501 3118 4691
f 3118 1018 3515
f 3118 3515 4691
f 3515 1164 3514
f 3515 3514 4691
f 3516 1164 3515
f 3516 3515 4692
f 3515 1018 3498
f 3515 3498 4692
f 3498 1155 3513
f 3498 3513 4692
f 3513 1163 3516
f 3513 3516 4692
f 3516 1163 3510
f 3516 3510 4693
f 3510 1162 3517
f 3510 3517 4693
f 3517 1156 3514
f 3517 3514 4693
f 3514 1164 3516
f 3514 3516 4693
f 3518 1158 3503
f 3518 3503 4694
f 3503 1157 3499
f 3503 3499 4694
f 3499 1156 3517
f 3499 3517 4694
f 3517 1162 3518
f 3517 3518 4694
f 3512 1160 3507
f 3512 3507 4695
f 3507 1159 3504
f 3507 3504 4695
f 3504 1158 3518
f 3504 3518 4695
f 3518 1162 3512
f 3518 3512 4695
f 3108 963 2981
f 3108 2981 4696
f 2981 952 2978
f 2981 2978 4696
f 2978 961 3519
f 2978 3519 4696
f 3519 49 3108
f 3519 3108 4696
f 1233 49 3519
f 1233 3519 4697
f 3519 961 2989
f 3519 2989 4697
f 2989 967 3520
f 2989 3520 4697
f 3520 47 1233
f 3520 1233 4697
f 1230 47 3520
f 1230 3520 4698
f 3520 967 3003
f 3520 3003 4698
f 3003 971 3114
f 3003 3114 4698
f 3114 44 1230
f 3114 1230 4698
