# Upper_Skull posed
v -0.731197 -0.106176 0.398352
v -0.730452 -0.107640 0.399302
v -0.731218 -0.107599 0.396218
v -0.731377 -0.106132 0.397489
v -0.738330 -0.102130 0.382304
v -0.738593 -0.102549 0.381930
v -0.738860 -0.102271 0.380828
v -0.738501 -0.101751 0.381891
v -0.728641 -0.104777 0.407059
v -0.729152 -0.102743 0.406431
v -0.730798 -0.102889 0.407052
v -0.730914 -0.104513 0.407205
v -0.741153 -0.101458 0.380201
v -0.740508 -0.101364 0.380529
v -0.739232 -0.101339 0.379505
v -0.739677 -0.101293 0.378888
v -0.727664 -0.100706 0.413684
v -0.727680 -0.101002 0.413506
v -0.728432 -0.099588 0.412497
v -0.727874 -0.098382 0.414336
v -0.728394 -0.106327 0.406766
v -0.728479 -0.107414 0.406956
v -0.729076 -0.108581 0.405167
v -0.728835 -0.107995 0.405111
v -0.730833 -0.108911 0.398289
v -0.731449 -0.108460 0.396006
v -0.729631 -0.100545 0.407555
v -0.729221 -0.099596 0.409899
v -0.731046 -0.100235 0.410067
v -0.731050 -0.100968 0.408149
v -0.729918 -0.100360 0.407055
v -0.729381 -0.099254 0.409829
v -0.727361 -0.105218 0.413124
v -0.727540 -0.106596 0.411026
v -0.727850 -0.106083 0.410843
v -0.727576 -0.105113 0.412523
v -0.735533 -0.107432 0.387770
v -0.734352 -0.107135 0.389838
v -0.734731 -0.107799 0.390112
v -0.736072 -0.108070 0.387816
v -0.731775 -0.104247 0.397754
v -0.732387 -0.103041 0.397098
v -0.732085 -0.102421 0.399304
v -0.731853 -0.104229 0.398480
v -0.727530 -0.103064 0.414329
v -0.727386 -0.103314 0.413839
v -0.727230 -0.104604 0.418209
v -0.727806 -0.105454 0.418424
v -0.728237 -0.106406 0.416200
v -0.727298 -0.104855 0.416396
v -0.732426 -0.109096 0.393797
v -0.733517 -0.107950 0.391794
v -0.733272 -0.107333 0.391876
v -0.732229 -0.108595 0.393832
v -0.729659 -0.109101 0.401764
v -0.729884 -0.109749 0.401596
v -0.739017 -0.100053 0.380424
v -0.738807 -0.100090 0.380874
v -0.738911 -0.101080 0.380633
v -0.738998 -0.100907 0.380168
v -0.733989 -0.104206 0.390965
v -0.733916 -0.104094 0.391489
v -0.733880 -0.105892 0.391069
v -0.734037 -0.105745 0.390829
v -0.739522 -0.098176 0.379197
v -0.740364 -0.097919 0.379802
v -0.740624 -0.097971 0.379030
v -0.739843 -0.098076 0.378311
v -0.734249 -0.103646 0.390522
v -0.734225 -0.103171 0.391311
v -0.735336 -0.105498 0.391185
v -0.735143 -0.104132 0.391635
v -0.737000 -0.104148 0.384620
v -0.736855 -0.104325 0.384930
v -0.737045 -0.105182 0.384105
v -0.737178 -0.104961 0.383858
v -0.729198 -0.102760 0.406060
v -0.734496 -0.106607 0.389715
v -0.737131 -0.103020 0.384729
v -0.736600 -0.102858 0.385881
v -0.738160 -0.104956 0.384519
v -0.737898 -0.104030 0.385196
v -0.737728 -0.105424 0.382762
v -0.737831 -0.104978 0.382750
v -0.735449 -0.103384 0.391332
v -0.734942 -0.102757 0.389559
v -0.734967 -0.101993 0.389766
v -0.729297 -0.098090 0.412034
v -0.729127 -0.097339 0.414074
v -0.733362 -0.101293 0.397271
v -0.733020 -0.101205 0.399423
v -0.737959 -0.102876 0.385533
v -0.737146 -0.105904 0.387789
v -0.736611 -0.106704 0.389164
v -0.735476 -0.106692 0.388002
v -0.736015 -0.106106 0.386825
v -0.730192 -0.101543 0.404816
v -0.731419 -0.100710 0.404652
v -0.731048 -0.099625 0.406578
v -0.735865 -0.106556 0.390395
v -0.727353 -0.105069 0.414490
v -0.727785 -0.106982 0.411126
v -0.736104 -0.102727 0.390178
v -0.741883 -0.096653 0.375310
v -0.741819 -0.096160 0.375523
v -0.741051 -0.096138 0.376351
v -0.740949 -0.096658 0.376496
v -0.739918 -0.100868 0.380701
v -0.739744 -0.100130 0.381178
v -0.727745 -0.100704 0.413981
v -0.727968 -0.098652 0.414774
v -0.727471 -0.103913 0.415433
v -0.727958 -0.102897 0.414774
v -0.737664 -0.101945 0.384161
v -0.737685 -0.101627 0.384382
v -0.740579 -0.094652 0.377475
v -0.740598 -0.095759 0.377016
v -0.741874 -0.095689 0.377790
v -0.741374 -0.094685 0.378093
v -0.740228 -0.094663 0.378194
v -0.741081 -0.092653 0.377432
v -0.740852 -0.092234 0.377917
v -0.727714 -0.106615 0.409291
v -0.728003 -0.107167 0.409377
v -0.728280 -0.107200 0.408041
v -0.728082 -0.106318 0.408008
v -0.752418 -0.099494 0.388586
v -0.752541 -0.101223 0.389102
v -0.752231 -0.100516 0.393377
v -0.751147 -0.098747 0.392453
v -0.739671 -0.101936 0.378863
v -0.740662 -0.100955 0.377717
v -0.740485 -0.100669 0.378042
v -0.738852 -0.105150 0.383358
v -0.740323 -0.098456 0.377736
v -0.740477 -0.098036 0.377355
v -0.740005 -0.097429 0.378155
v -0.741942 -0.099193 0.378545
v -0.740717 -0.099247 0.377529
v -0.741551 -0.098224 0.378595
v -0.742963 -0.092489 0.373979
v -0.743641 -0.092331 0.373729
v -0.743689 -0.090605 0.373261
v -0.742645 -0.090291 0.374197
v -0.742847 -0.097000 0.375115
v -0.743705 -0.094663 0.373721
v -0.743026 -0.094630 0.373779
v -0.741002 -0.099152 0.376910
v -0.742046 -0.099509 0.376452
v -0.741510 -0.101399 0.377562
v -0.738341 -0.104477 0.381494
v -0.738343 -0.104193 0.381860
v -0.740503 -0.102965 0.378937
v -0.738672 -0.103211 0.381032
v -0.739781 -0.103915 0.380386
v -0.739258 -0.105224 0.381383
v -0.738328 -0.101700 0.385104
v -0.736195 -0.106480 0.386279
v -0.736931 -0.107250 0.386270
v -0.738520 -0.106279 0.382926
v -0.733848 -0.102970 0.393290
v -0.733713 -0.103921 0.392551
v -0.708551 -0.106273 0.496906
v -0.711626 -0.112490 0.492028
v -0.711517 -0.111491 0.486348
v -0.708783 -0.105730 0.489998
v -0.739440 -0.097583 0.379357
v -0.739016 -0.098658 0.380410
v -0.739211 -0.098853 0.380140
v -0.729720 -0.103494 0.417921
v -0.729915 -0.102722 0.419043
v -0.727330 -0.103323 0.419830
v -0.727306 -0.104095 0.417995
v -0.729377 -0.103789 0.416721
v -0.727317 -0.104190 0.416542
v -0.740456 -0.096040 0.377325
v -0.739439 -0.104380 0.382451
v -0.728570 -0.105192 0.406509
v -0.728523 -0.105530 0.406255
v -0.728498 -0.105382 0.407630
v -0.729243 -0.103315 0.405709
v -0.743976 -0.094785 0.375195
v -0.743026 -0.095876 0.376224
v -0.742828 -0.094614 0.374049
v -0.742165 -0.100489 0.379276
v -0.739154 -0.101633 0.379720
v -0.735942 -0.102662 0.387344
v -0.736147 -0.102292 0.387111
v -0.727207 -0.103676 0.420133
v -0.740162 -0.098681 0.380720
v -0.729233 -0.103537 0.415734
v -0.729460 -0.100810 0.415056
v -0.729512 -0.102789 0.414980
v -0.727818 -0.097817 0.417669
v -0.728013 -0.098152 0.417625
v -0.737346 -0.098705 0.395496
v -0.737826 -0.098746 0.392453
v -0.740247 -0.096946 0.392620
v -0.739653 -0.097133 0.395442
v -0.731768 -0.104226 0.399098
v -0.731198 -0.106150 0.399126
v -0.732494 -0.107826 0.400200
v -0.730666 -0.107329 0.399852
v -0.732939 -0.106623 0.399517
v -0.733569 -0.105729 0.392418
v -0.733577 -0.103883 0.392824
v -0.734648 -0.104033 0.393444
v -0.734771 -0.105684 0.393010
v -0.732558 -0.100793 0.402020
v -0.731338 -0.101302 0.402032
v -0.738042 -0.101790 0.383175
v -0.738138 -0.101276 0.382977
v -0.736413 -0.105421 0.385748
v -0.736578 -0.104417 0.385509
v -0.733654 -0.103272 0.393558
v -0.738646 -0.103173 0.381728
v -0.727313 -0.097902 0.420153
v -0.727238 -0.098447 0.419821
v -0.728798 -0.097171 0.417564
v -0.726943 -0.099993 0.421840
v -0.726915 -0.100100 0.421198
v -0.727307 -0.102377 0.421686
v -0.727148 -0.102153 0.421184
v -0.727509 -0.104192 0.420486
v -0.728577 -0.100170 0.412151
v -0.730343 -0.100531 0.412144
v -0.738618 -0.101358 0.383947
v -0.727217 -0.101994 0.420783
v -0.727039 -0.100183 0.420653
v -0.742297 -0.096183 0.377094
v -0.739463 -0.103167 0.382235
v -0.728679 -0.107047 0.413616
v -0.729962 -0.098900 0.417471
v -0.729734 -0.099195 0.415689
v -0.727329 -0.098769 0.419613
v -0.729544 -0.099458 0.418908
v -0.729276 -0.100529 0.419418
v -0.729594 -0.101679 0.419411
v -0.729402 -0.103633 0.405475
v -0.728600 -0.105455 0.406004
v -0.730724 -0.105210 0.407976
v -0.740102 -0.094237 0.379306
v -0.740983 -0.092063 0.378747
v -0.741052 -0.092467 0.380489
v -0.740544 -0.093747 0.381041
v -0.728814 -0.107580 0.404799
v -0.736284 -0.105291 0.386255
v -0.734205 -0.101010 0.395172
v -0.733375 -0.102363 0.395203
v -0.733379 -0.102866 0.395197
v -0.734620 -0.103106 0.395756
v -0.734837 -0.103411 0.394139
v -0.735032 -0.101512 0.393083
v -0.734669 -0.106735 0.393114
v -0.733348 -0.107147 0.392344
v -0.739316 -0.102195 0.382430
v -0.736815 -0.102986 0.388139
v -0.729710 -0.104677 0.411713
v -0.730054 -0.105292 0.410760
v -0.734062 -0.107578 0.394571
v -0.733124 -0.107158 0.396641
v -0.731616 -0.107325 0.396108
v -0.732415 -0.108149 0.394077
v -0.727877 -0.101220 0.413251
v -0.727296 -0.103439 0.413482
v -0.729530 -0.103315 0.412597
v -0.729820 -0.101621 0.412817
v -0.732879 -0.104841 0.399777
v -0.733466 -0.105936 0.391965
v -0.732001 -0.102822 0.399769
v -0.733063 -0.103674 0.400720
v -0.728309 -0.105685 0.408263
v -0.736313 -0.104514 0.386163
v -0.730645 -0.105943 0.405694
v -0.731090 -0.104092 0.405725
v -0.730258 -0.102421 0.404082
v -0.735079 -0.101438 0.392025
v -0.731900 -0.104359 0.397211
v -0.731459 -0.105980 0.397142
v -0.732948 -0.105856 0.397319
v -0.730397 -0.105640 0.409756
v -0.728034 -0.106153 0.409302
v -0.730574 -0.105544 0.408802
v -0.738852 -0.101837 0.383099
v -0.730808 -0.107750 0.404411
v -0.729862 -0.108408 0.401786
v -0.732512 -0.103411 0.396721
v -0.733127 -0.104580 0.397685
v -0.733607 -0.103529 0.397455
v -0.731884 -0.102784 0.404617
v -0.731397 -0.102030 0.401953
v -0.731775 -0.108668 0.401967
v -0.737116 -0.104120 0.387392
v -0.732878 -0.103208 0.402663
v -0.737210 -0.104937 0.387421
v -0.741872 -0.092918 0.377627
v -0.742358 -0.091724 0.374732
v -0.741754 -0.091471 0.375901
v -0.742718 -0.091550 0.376463
v -0.743441 -0.091905 0.375533
v -0.743873 -0.092796 0.375099
v -0.742819 -0.092711 0.374361
v -0.741711 -0.089780 0.376386
v -0.741521 -0.091828 0.376759
v -0.742183 -0.092027 0.376975
v -0.741257 -0.090991 0.377458
v -0.736819 -0.127031 0.466872
v -0.736627 -0.123485 0.467070
v -0.736852 -0.126068 0.470635
v -0.737130 -0.127089 0.468736
v -0.738258 -0.129690 0.471478
v -0.738615 -0.129856 0.468116
v -0.737543 -0.130001 0.462759
v -0.736282 -0.127017 0.464617
v -0.738905 -0.130076 0.464880
v -0.737785 -0.127991 0.460611
v -0.737204 -0.125599 0.461152
v -0.736800 -0.126148 0.462023
v -0.737190 -0.128963 0.461176
v -0.739081 -0.097857 0.381414
v -0.738804 -0.098932 0.382272
v -0.738325 -0.099494 0.383410
v -0.736843 -0.100903 0.387655
v -0.735721 -0.100693 0.390036
v -0.737277 -0.101018 0.386649
v -0.737583 -0.100129 0.385093
v -0.732193 -0.093373 0.418475
v -0.728113 -0.094546 0.421882
v -0.728121 -0.095580 0.420506
v -0.732370 -0.093904 0.417114
v -0.740452 -0.126486 0.460343
v -0.738414 -0.124244 0.459682
v -0.736179 -0.104884 0.397918
v -0.736521 -0.104148 0.397761
v -0.736066 -0.105740 0.397634
v -0.737254 -0.103604 0.396544
v -0.736185 -0.106531 0.397139
v -0.737392 -0.103830 0.395299
v -0.736816 -0.106959 0.395745
v -0.737247 -0.104428 0.394796
v -0.737221 -0.106402 0.394705
v -0.737328 -0.105646 0.394529
v -0.733482 -0.104337 0.408316
v -0.733323 -0.105226 0.408821
v -0.733321 -0.103026 0.408363
v -0.733237 -0.105427 0.409553
v -0.733537 -0.101660 0.409111
v -0.733122 -0.105358 0.410333
v -0.732891 -0.105038 0.411086
v -0.733622 -0.101114 0.410533
v -0.732606 -0.104588 0.411767
v -0.732489 -0.103521 0.412441
v -0.733086 -0.101328 0.412137
v -0.732689 -0.102214 0.412634
v -0.741493 -0.102110 0.384226
v -0.741643 -0.102968 0.383976
v -0.741172 -0.101651 0.384636
v -0.741675 -0.104048 0.384130
v -0.740909 -0.101400 0.385509
v -0.741149 -0.104473 0.384957
v -0.740717 -0.101744 0.386417
v -0.740680 -0.104232 0.385778
v -0.740514 -0.102613 0.386593
v -0.740471 -0.103498 0.386352
v -0.732279 -0.100348 0.415999
v -0.732140 -0.101485 0.415391
v -0.732605 -0.100122 0.417245
v -0.732331 -0.103128 0.415129
v -0.732528 -0.100499 0.418452
v -0.732361 -0.103787 0.415551
v -0.732431 -0.101398 0.418766
v -0.732535 -0.103976 0.416610
v -0.732443 -0.102791 0.418489
v -0.732456 -0.102124 0.418688
v -0.732467 -0.103444 0.417831
v -0.738179 -0.105845 0.391690
v -0.738103 -0.104921 0.391942
v -0.738294 -0.104164 0.391802
v -0.738562 -0.106789 0.391136
v -0.738807 -0.103687 0.390905
v -0.739120 -0.106983 0.390184
v -0.739005 -0.103762 0.389810
v -0.739450 -0.106083 0.389173
v -0.739173 -0.104377 0.389083
v -0.739509 -0.105282 0.388883
v -0.743251 -0.099279 0.380247
v -0.743313 -0.100335 0.380384
v -0.742735 -0.100961 0.381137
v -0.743063 -0.098692 0.380520
v -0.742370 -0.100930 0.381691
v -0.742527 -0.098274 0.381163
v -0.742136 -0.100591 0.382175
v -0.742374 -0.098250 0.381775
v -0.742018 -0.099974 0.382634
v -0.742305 -0.098831 0.382379
v -0.735466 -0.104272 0.403430
v -0.735525 -0.104618 0.401992
v -0.734792 -0.104000 0.404812
v -0.735378 -0.105548 0.401233
v -0.734118 -0.105152 0.405636
v -0.735419 -0.106965 0.401095
v -0.733794 -0.106547 0.405484
v -0.735047 -0.107925 0.401687
v -0.733905 -0.107732 0.404577
v -0.734532 -0.108562 0.403025
v -0.744548 -0.095379 0.377560
v -0.744229 -0.095140 0.378244
v -0.744151 -0.094424 0.378600
v -0.744997 -0.095214 0.376977
v -0.744333 -0.093037 0.378772
v -0.745640 -0.094447 0.376397
v -0.744656 -0.092268 0.378174
v -0.745668 -0.093285 0.376403
v -0.744995 -0.092035 0.377367
v -0.745508 -0.092565 0.376718
v -0.739909 -0.105029 0.398493
v -0.740106 -0.104487 0.398409
v -0.739846 -0.105648 0.398306
v -0.740512 -0.104103 0.397644
v -0.739923 -0.106222 0.397999
v -0.740574 -0.104282 0.396844
v -0.740296 -0.106586 0.397138
v -0.740501 -0.104782 0.396490
v -0.740515 -0.106219 0.396461
v -0.740579 -0.105671 0.396317
v -0.735641 -0.104419 0.409257
v -0.735588 -0.105113 0.409623
v -0.735464 -0.103389 0.409310
v -0.735614 -0.105159 0.410162
v -0.735571 -0.102331 0.409904
v -0.735500 -0.105127 0.410790
v -0.735039 -0.104946 0.411339
v -0.735629 -0.101854 0.411024
v -0.735107 -0.104468 0.411911
v -0.734949 -0.103616 0.412452
v -0.735275 -0.101947 0.412251
v -0.735032 -0.102608 0.412624
v -0.744918 -0.101957 0.386577
v -0.745006 -0.102531 0.386422
v -0.744686 -0.101664 0.386880
v -0.744985 -0.103264 0.386568
v -0.744479 -0.101520 0.387533
v -0.744566 -0.103581 0.387188
v -0.744298 -0.101772 0.388233
v -0.744233 -0.103413 0.387765
v -0.744123 -0.102360 0.388379
v -0.744102 -0.102918 0.388165
v -0.734206 -0.101089 0.416396
v -0.734171 -0.101920 0.415754
v -0.734418 -0.100965 0.417272
v -0.734376 -0.103407 0.415471
v -0.734291 -0.101332 0.418164
v -0.734388 -0.104032 0.415773
v -0.734210 -0.101874 0.418458
v -0.734454 -0.104208 0.416640
v -0.734184 -0.103088 0.418198
v -0.733977 -0.102432 0.418447
v -0.734259 -0.103700 0.417668
v -0.742297 -0.106250 0.392852
v -0.742296 -0.105624 0.392978
v -0.742465 -0.105055 0.392867
v -0.742528 -0.106891 0.392497
v -0.742831 -0.104614 0.392273
v -0.742940 -0.106990 0.391785
v -0.742948 -0.104705 0.391450
v -0.743197 -0.106302 0.391023
v -0.743030 -0.105097 0.390910
v -0.743271 -0.105643 0.390736
v -0.745664 -0.099318 0.382462
v -0.745713 -0.099961 0.382478
v -0.745320 -0.100532 0.383013
v -0.745539 -0.098908 0.382655
v -0.745074 -0.100455 0.383408
v -0.745201 -0.098582 0.383084
v -0.744942 -0.100178 0.383769
v -0.745095 -0.098592 0.383514
v -0.744899 -0.099739 0.384036
v -0.745030 -0.099104 0.383980
v -0.737648 -0.105093 0.403921
v -0.737699 -0.105339 0.402905
v -0.737181 -0.105233 0.404805
v -0.737593 -0.106086 0.402349
v -0.736746 -0.106074 0.405276
v -0.737575 -0.107165 0.402275
v -0.736535 -0.106981 0.405167
v -0.737305 -0.107915 0.402718
v -0.736563 -0.107798 0.404743
v -0.736953 -0.108407 0.403699
v -0.748650 -0.094789 0.379750
v -0.748442 -0.094558 0.380220
v -0.748380 -0.094127 0.380591
v -0.748957 -0.094849 0.379326
v -0.748486 -0.093266 0.380725
v -0.749397 -0.094349 0.378918
v -0.748632 -0.092815 0.380377
v -0.749393 -0.093588 0.378946
v -0.748800 -0.092670 0.379802
v -0.749249 -0.093074 0.379221
v -0.741924 -0.105145 0.397810
v -0.737087 -0.103336 0.411454
v -0.746040 -0.102465 0.388166
v -0.736079 -0.102894 0.416894
v -0.744254 -0.105537 0.392623
v -0.746615 -0.099539 0.384292
v -0.738733 -0.106679 0.404246
v -0.750380 -0.093813 0.380729
v -0.738817 -0.091699 0.413607
v -0.738337 -0.092117 0.413524
v -0.738827 -0.089974 0.413115
v -0.729323 -0.102833 0.421876
v -0.730318 -0.102480 0.422060
v -0.730708 -0.103657 0.421537
v -0.741288 -0.089597 0.401113
v -0.742012 -0.090355 0.398793
v -0.741768 -0.087740 0.399337
v -0.741160 -0.087314 0.401556
v -0.742316 -0.086377 0.396866
v -0.741565 -0.085796 0.399616
v -0.742434 -0.088182 0.396889
v -0.713798 -0.084951 0.467529
v -0.715796 -0.085347 0.464503
v -0.716471 -0.085485 0.464830
v -0.714479 -0.085091 0.467902
v -0.746912 -0.122120 0.455906
v -0.743988 -0.120270 0.453625
v -0.740429 -0.123088 0.458716
v -0.742020 -0.124447 0.461248
v -0.739501 -0.119898 0.457957
v -0.742179 -0.118054 0.453264
v -0.721015 -0.083503 0.457181
v -0.723885 -0.081156 0.453394
v -0.724984 -0.081465 0.452799
v -0.721728 -0.083593 0.457371
v -0.727382 -0.081479 0.451930
v -0.728914 -0.075878 0.446720
v -0.721429 -0.085945 0.454653
v -0.722871 -0.085277 0.451960
v -0.722811 -0.081854 0.452617
v -0.726028 -0.075041 0.449107
v -0.726056 -0.074925 0.449814
v -0.708712 -0.067518 0.478121
v -0.708237 -0.072754 0.477813
v -0.708569 -0.072823 0.478323
v -0.709012 -0.067478 0.478622
v -0.711378 -0.110789 0.479736
v -0.708972 -0.105364 0.483380
v -0.769826 -0.105463 0.421174
v -0.772784 -0.102980 0.423195
v -0.773322 -0.103940 0.421494
v -0.769945 -0.105617 0.419211
v -0.709139 -0.078920 0.475909
v -0.709607 -0.079056 0.476373
v -0.717949 -0.088074 0.461625
v -0.717932 -0.089673 0.461170
v -0.719550 -0.088626 0.458035
v -0.719559 -0.087083 0.458673
v -0.707943 -0.081557 0.476674
v -0.709573 -0.083592 0.474578
v -0.709660 -0.082127 0.473860
v -0.708422 -0.079444 0.475933
v -0.716646 -0.095946 0.463907
v -0.722164 -0.097303 0.463476
v -0.723829 -0.096919 0.460210
v -0.719895 -0.095922 0.460104
v -0.722054 -0.094604 0.455553
v -0.724666 -0.095583 0.456542
v -0.726644 -0.093159 0.452569
v -0.723247 -0.091076 0.450841
v -0.708187 -0.072909 0.478787
v -0.708525 -0.067316 0.479148
v -0.725361 -0.081701 0.452402
v -0.727409 -0.075223 0.449253
v -0.727999 -0.075403 0.448708
v -0.742864 -0.125342 0.463334
v -0.748396 -0.123547 0.457706
v -0.706486 -0.099157 0.492259
v -0.707016 -0.099676 0.485828
v -0.709400 -0.079323 0.476775
v -0.710411 -0.081601 0.473884
v -0.715708 -0.088370 0.464350
v -0.715568 -0.089979 0.464257
v -0.721952 -0.083828 0.457090
v -0.738450 -0.116723 0.458406
v -0.739823 -0.115100 0.454053
v -0.737070 -0.112819 0.459863
v -0.738053 -0.111239 0.454813
v -0.716514 -0.085835 0.464826
v -0.714499 -0.085442 0.467979
v -0.711386 -0.084607 0.472000
v -0.713214 -0.087512 0.467959
v -0.712847 -0.085445 0.467192
v -0.711269 -0.083567 0.471348
v -0.710988 -0.081711 0.474352
v -0.710891 -0.082004 0.474709
v -0.707601 -0.067317 0.478333
v -0.707534 -0.073220 0.477884
v -0.790100 -0.106305 0.419848
v -0.792248 -0.109168 0.420535
v -0.794724 -0.108875 0.418110
v -0.792583 -0.105383 0.417341
v -0.765503 -0.133570 0.417565
v -0.768636 -0.133721 0.419971
v -0.767349 -0.130825 0.423057
v -0.764242 -0.130130 0.420200
v -0.775589 -0.102176 0.423795
v -0.776741 -0.102682 0.422022
v -0.705683 -0.087123 0.515087
v -0.703609 -0.087572 0.508542
v -0.702598 -0.073280 0.508008
v -0.705050 -0.073667 0.515278
v -0.729043 -0.094108 0.423176
v -0.730562 -0.093848 0.424474
v -0.731035 -0.095240 0.424471
v -0.729637 -0.095522 0.423151
v -0.719947 -0.084236 0.456364
v -0.735378 -0.107270 0.458146
v -0.736349 -0.107021 0.455447
v -0.743291 -0.126370 0.465759
v -0.747978 -0.125358 0.461550
v -0.714805 -0.085924 0.464083
v -0.712074 -0.083058 0.471492
v -0.713476 -0.097201 0.473443
v -0.713000 -0.095823 0.472899
v -0.712975 -0.094604 0.474476
v -0.712676 -0.095047 0.476363
v -0.734551 -0.092805 0.421271
v -0.733178 -0.092999 0.419926
v -0.738097 -0.092999 0.424059
v -0.740768 -0.093257 0.425767
v -0.736438 -0.092955 0.430195
v -0.734103 -0.093181 0.427887
v -0.754602 -0.090493 0.394358
v -0.758127 -0.090850 0.388499
v -0.756626 -0.091853 0.387694
v -0.753570 -0.091064 0.393669
v -0.736130 -0.092841 0.422567
v -0.739511 -0.093279 0.419536
v -0.741146 -0.093511 0.421011
v -0.743074 -0.093891 0.418934
v -0.741572 -0.093610 0.417638
v -0.744570 -0.094323 0.416851
v -0.743202 -0.094032 0.415734
v -0.745468 -0.094683 0.415005
v -0.744565 -0.094499 0.414113
v -0.744179 -0.094236 0.410788
v -0.746109 -0.095786 0.407758
v -0.747676 -0.095979 0.408947
v -0.745302 -0.094779 0.412114
v -0.747429 -0.098011 0.404385
v -0.749268 -0.097948 0.405499
v -0.744631 -0.093636 0.428328
v -0.740554 -0.092901 0.433659
v -0.748438 -0.092546 0.429761
v -0.743819 -0.092179 0.435680
v -0.740902 -0.126905 0.462399
v -0.729670 -0.097883 0.455830
v -0.729462 -0.099619 0.459098
v -0.727065 -0.088550 0.450569
v -0.723963 -0.087902 0.449623
v -0.739947 -0.095130 0.381631
v -0.740171 -0.095639 0.383590
v -0.739346 -0.096308 0.380321
v -0.740583 -0.086946 0.403057
v -0.740763 -0.089086 0.402698
v -0.738592 -0.089906 0.412534
v -0.738274 -0.086486 0.413349
v -0.739255 -0.086512 0.413917
v -0.739185 -0.095448 0.402355
v -0.740580 -0.092690 0.402532
v -0.740297 -0.091941 0.404233
v -0.739105 -0.094623 0.404417
v -0.738222 -0.098819 0.387504
v -0.738598 -0.098272 0.386698
v -0.736724 -0.095428 0.413715
v -0.735873 -0.095110 0.415042
v -0.729151 -0.096833 0.418298
v -0.712694 -0.083148 0.471956
v -0.712658 -0.083453 0.472244
v -0.733148 -0.097217 0.423295
v -0.731567 -0.097707 0.422136
v -0.733130 -0.090956 0.451161
v -0.734208 -0.086815 0.451628
v -0.727362 -0.085845 0.451913
v -0.750015 -0.107880 0.433511
v -0.747183 -0.105849 0.435847
v -0.745958 -0.108819 0.439743
v -0.748391 -0.111407 0.437299
v -0.712362 -0.092109 0.475698
v -0.709375 -0.086572 0.476388
v -0.708743 -0.085589 0.478202
v -0.731346 -0.101526 0.422081
v -0.729093 -0.099007 0.421874
v -0.730222 -0.098229 0.421642
v -0.735572 -0.100004 0.422937
v -0.733140 -0.100946 0.422305
v -0.736184 -0.095733 0.428418
v -0.737734 -0.095139 0.431984
v -0.740463 -0.095962 0.432302
v -0.739572 -0.097232 0.427801
v -0.744527 -0.090203 0.442068
v -0.742539 -0.094614 0.438833
v -0.741891 -0.094270 0.437696
v -0.745394 -0.090613 0.440035
v -0.742265 -0.095825 0.435912
v -0.740999 -0.095275 0.435150
v -0.739210 -0.094659 0.434892
v -0.739060 -0.093579 0.434811
v -0.741509 -0.092402 0.436782
v -0.734658 -0.096497 0.425413
v -0.737759 -0.098774 0.424491
v -0.728338 -0.099377 0.422100
v -0.728277 -0.102605 0.421866
v -0.727691 -0.099706 0.422172
v -0.740547 -0.094464 0.436292
v -0.727494 -0.097517 0.420549
v -0.733514 -0.118925 0.472225
v -0.733035 -0.119036 0.470827
v -0.733337 -0.115331 0.470332
v -0.733752 -0.115681 0.471596
v -0.733223 -0.118788 0.473502
v -0.733494 -0.115129 0.472551
v -0.731990 -0.118393 0.474591
v -0.732324 -0.115264 0.473629
v -0.737574 -0.107945 0.416004
v -0.739995 -0.107822 0.417142
v -0.741298 -0.110546 0.415242
v -0.738494 -0.109927 0.413916
v -0.729715 -0.118071 0.473290
v -0.730505 -0.114506 0.472424
v -0.808859 -0.075125 0.556024
v -0.794593 -0.073431 0.561545
v -0.795010 -0.066142 0.561026
v -0.809676 -0.069312 0.555245
v -0.815535 -0.099939 0.410016
v -0.816424 -0.095333 0.408981
v -0.811811 -0.095249 0.405448
v -0.811154 -0.098673 0.406094
v -0.807388 -0.097738 0.403129
v -0.806501 -0.103419 0.405062
v -0.809920 -0.102140 0.406789
v -0.749903 -0.132284 0.424311
v -0.756295 -0.132701 0.420257
v -0.756017 -0.135024 0.424134
v -0.754123 -0.136122 0.429146
v -0.847006 -0.099326 0.440608
v -0.845916 -0.104775 0.442568
v -0.851443 -0.102244 0.451959
v -0.852582 -0.097713 0.450900
v -0.849932 -0.107168 0.453159
v -0.844503 -0.110321 0.444941
v -0.857305 -0.091274 0.468127
v -0.856096 -0.092610 0.459328
v -0.855573 -0.096278 0.459981
v -0.856776 -0.094954 0.468573
v -0.856638 -0.093657 0.477688
v -0.857266 -0.089695 0.477308
v -0.856630 -0.088343 0.484655
v -0.855892 -0.092819 0.485035
v -0.746727 -0.118603 0.447654
v -0.750680 -0.120510 0.447791
v -0.754872 -0.117633 0.437044
v -0.751387 -0.114374 0.436439
v -0.744522 -0.116389 0.447899
v -0.855629 -0.087091 0.491112
v -0.854740 -0.092027 0.491703
v -0.853428 -0.091088 0.498300
v -0.854455 -0.085827 0.497480
v -0.852313 -0.090405 0.503165
v -0.853406 -0.084827 0.502412
v -0.850058 -0.089427 0.509326
v -0.851241 -0.083463 0.508515
v -0.846957 -0.088336 0.515630
v -0.848346 -0.081997 0.514570
v -0.742325 -0.131370 0.482567
v -0.739887 -0.130093 0.476895
v -0.735336 -0.130112 0.486388
v -0.737577 -0.131099 0.490006
v -0.742962 -0.133754 0.496788
v -0.739076 -0.132260 0.505711
v -0.750478 -0.134597 0.512186
v -0.755195 -0.136537 0.502712
v -0.737520 -0.092961 0.417004
v -0.738436 -0.093104 0.418307
v -0.703565 -0.088074 0.500952
v -0.701932 -0.073372 0.500798
v -0.833531 -0.082511 0.535447
v -0.826905 -0.079766 0.543319
v -0.828298 -0.074311 0.542156
v -0.835021 -0.076698 0.534021
v -0.819300 -0.077296 0.549810
v -0.820308 -0.071977 0.548880
v -0.842844 -0.115407 0.447929
v -0.848126 -0.111308 0.453934
v -0.837223 -0.113995 0.437805
v -0.834664 -0.119694 0.441095
v -0.853214 -0.093770 0.450034
v -0.847830 -0.094782 0.439487
v -0.714219 -0.097378 0.470055
v -0.713642 -0.095689 0.470490
v -0.852577 -0.106090 0.460241
v -0.854494 -0.100632 0.460387
v -0.855730 -0.099412 0.468343
v -0.855496 -0.098634 0.477280
v -0.853198 -0.106424 0.466825
v -0.852318 -0.108286 0.474277
v -0.741517 -0.094212 0.387847
v -0.740766 -0.095806 0.387742
v -0.740865 -0.095201 0.386321
v -0.741438 -0.094001 0.386608
v -0.848479 -0.113097 0.457718
v -0.840720 -0.120103 0.452081
v -0.847678 -0.115889 0.462935
v -0.846680 -0.119090 0.469757
v -0.838480 -0.124034 0.457214
v -0.836239 -0.128026 0.463845
v -0.851468 -0.109606 0.482372
v -0.854476 -0.098627 0.484386
v -0.845239 -0.122170 0.478478
v -0.852901 -0.099127 0.491517
v -0.850933 -0.099389 0.498729
v -0.849545 -0.099059 0.503845
v -0.846915 -0.111445 0.498795
v -0.845001 -0.111233 0.504589
v -0.741464 -0.113484 0.449685
v -0.739339 -0.109847 0.451036
v -0.743561 -0.106454 0.442655
v -0.737787 -0.106403 0.452586
v -0.741587 -0.103932 0.444682
v -0.761679 -0.124022 0.440717
v -0.758327 -0.120809 0.438211
v -0.753703 -0.122658 0.448282
v -0.756230 -0.125285 0.450170
v -0.706734 -0.066925 0.479874
v -0.706215 -0.074781 0.479401
v -0.740782 -0.130300 0.464781
v -0.740543 -0.130278 0.467558
v -0.727503 -0.117741 0.471118
v -0.728575 -0.114419 0.470621
v -0.727790 -0.116752 0.469614
v -0.728620 -0.114836 0.469504
v -0.731048 -0.118564 0.469664
v -0.731612 -0.115171 0.469396
v -0.732103 -0.118886 0.470095
v -0.732545 -0.115228 0.469729
v -0.721737 -0.103702 0.470293
v -0.719639 -0.101394 0.469457
v -0.718951 -0.101031 0.471060
v -0.720736 -0.102510 0.471716
v -0.722930 -0.102282 0.466115
v -0.723836 -0.103954 0.467674
v -0.724167 -0.102960 0.464732
v -0.724641 -0.103825 0.465540
v -0.718716 -0.102130 0.473002
v -0.720123 -0.105499 0.471257
v -0.717184 -0.098242 0.469894
v -0.720193 -0.097332 0.468729
v -0.723251 -0.105485 0.467135
v -0.723161 -0.101289 0.465566
v -0.724291 -0.104808 0.464141
v -0.724330 -0.103138 0.462709
v -0.782603 -0.104756 0.417203
v -0.779776 -0.104698 0.416288
v -0.779651 -0.102329 0.423246
v -0.741297 -0.127302 0.464489
v -0.723749 -0.120707 0.471974
v -0.723703 -0.119472 0.469010
v -0.722059 -0.115226 0.469502
v -0.722387 -0.120591 0.473365
v -0.741539 -0.129036 0.463674
v -0.741462 -0.128915 0.465475
v -0.726434 -0.111490 0.465994
v -0.724670 -0.113524 0.467215
v -0.724870 -0.116788 0.466686
v -0.727813 -0.112202 0.465726
v -0.741649 -0.094298 0.389365
v -0.742476 -0.091921 0.389154
v -0.742771 -0.091707 0.390927
v -0.741778 -0.094321 0.390937
v -0.743123 -0.089646 0.388794
v -0.743462 -0.087979 0.388498
v -0.743496 -0.087633 0.390566
v -0.743286 -0.089312 0.390772
v -0.740623 -0.096278 0.389256
v -0.740433 -0.096681 0.390831
v -0.739780 -0.096722 0.385155
v -0.739689 -0.097183 0.387207
v -0.742844 -0.091417 0.393203
v -0.741803 -0.094310 0.392970
v -0.743241 -0.087165 0.393075
v -0.743162 -0.088880 0.393231
v -0.738752 -0.097978 0.385268
v -0.736177 -0.097390 0.402760
v -0.735887 -0.096879 0.404798
v -0.733714 -0.094564 0.415925
v -0.728812 -0.096536 0.419179
v -0.742475 -0.090885 0.396497
v -0.741548 -0.094285 0.395901
v -0.742198 -0.092114 0.387522
v -0.742000 -0.092251 0.386254
v -0.777852 -0.099537 0.389247
v -0.781319 -0.098811 0.387532
v -0.780808 -0.098562 0.387615
v -0.777364 -0.099271 0.389269
v -0.738085 -0.111752 0.399958
v -0.739437 -0.111912 0.399979
v -0.741255 -0.111629 0.399376
v -0.738554 -0.111072 0.398442
v -0.738246 -0.112930 0.401598
v -0.739870 -0.112881 0.401161
v -0.747144 -0.113292 0.401385
v -0.742862 -0.113782 0.401514
v -0.743371 -0.114941 0.402313
v -0.748206 -0.115011 0.402258
v -0.758341 -0.123888 0.402891
v -0.750799 -0.120101 0.402681
v -0.750065 -0.123845 0.403810
v -0.756970 -0.127141 0.404951
v -0.762330 -0.125699 0.402947
v -0.761479 -0.129067 0.405738
v -0.763863 -0.121178 0.400471
v -0.762992 -0.125353 0.403794
v -0.764460 -0.121147 0.401168
v -0.754811 -0.114387 0.401425
v -0.754386 -0.112671 0.401502
v -0.740914 -0.113869 0.402648
v -0.742399 -0.115641 0.403071
v -0.741059 -0.117306 0.403516
v -0.741428 -0.119717 0.404554
v -0.742788 -0.120798 0.403771
v -0.742683 -0.118145 0.402989
v -0.744337 -0.118917 0.402602
v -0.744334 -0.121918 0.403455
v -0.762265 -0.128619 0.406402
v -0.757327 -0.122112 0.420983
v -0.757709 -0.114863 0.423161
v -0.758957 -0.116679 0.425160
v -0.759601 -0.123600 0.422544
v -0.760861 -0.119188 0.400837
v -0.766393 -0.115776 0.398874
v -0.763926 -0.114168 0.398670
v -0.763263 -0.132553 0.413513
v -0.761982 -0.133190 0.413525
v -0.763842 -0.134887 0.418245
v -0.756696 -0.134931 0.416828
v -0.755408 -0.132562 0.411418
v -0.748388 -0.130931 0.409603
v -0.748195 -0.133014 0.415554
v -0.749422 -0.127173 0.405376
v -0.743982 -0.124539 0.404645
v -0.742803 -0.127719 0.407875
v -0.742599 -0.123259 0.404949
v -0.741609 -0.126735 0.407859
v -0.768934 -0.111596 0.398492
v -0.766606 -0.109844 0.397630
v -0.754127 -0.137292 0.421555
v -0.758337 -0.136421 0.420213
v -0.789181 -0.132945 0.437062
v -0.795459 -0.136050 0.443849
v -0.797121 -0.137064 0.443835
v -0.790245 -0.134551 0.435322
v -0.739850 -0.128457 0.412999
v -0.741192 -0.129420 0.413132
v -0.753188 -0.138077 0.427448
v -0.747271 -0.135720 0.423303
v -0.772926 -0.138346 0.424818
v -0.773013 -0.135663 0.420953
v -0.768229 -0.135612 0.420241
v -0.766860 -0.137531 0.424461
v -0.746153 -0.080175 0.436559
v -0.744246 -0.079426 0.439290
v -0.745015 -0.084992 0.440637
v -0.746960 -0.085678 0.438478
v -0.799408 -0.117117 0.409206
v -0.800976 -0.117590 0.407752
v -0.801515 -0.111547 0.406137
v -0.799483 -0.111567 0.407620
v -0.743559 -0.089918 0.444188
v -0.743117 -0.084407 0.442983
v -0.737301 -0.083216 0.444524
v -0.742485 -0.089072 0.448105
v -0.765041 -0.125958 0.421105
v -0.764461 -0.128061 0.420790
v -0.767416 -0.128801 0.423619
v -0.767794 -0.126683 0.423699
v -0.782345 -0.138242 0.422743
v -0.781489 -0.135873 0.420922
v -0.789679 -0.134327 0.419007
v -0.788282 -0.133887 0.418027
v -0.795704 -0.129026 0.414357
v -0.794517 -0.129048 0.413454
v -0.810031 -0.067031 0.403070
v -0.809238 -0.066955 0.401577
v -0.809156 -0.067174 0.401725
v -0.809842 -0.067249 0.403075
v -0.810061 -0.068899 0.402899
v -0.810293 -0.069089 0.402875
v -0.796933 -0.122915 0.411360
v -0.793118 -0.128150 0.414083
v -0.798322 -0.123852 0.410371
v -0.786806 -0.132924 0.418150
v -0.780700 -0.134095 0.420729
v -0.772745 -0.133772 0.421205
v -0.756026 -0.136454 0.423685
v -0.758888 -0.134346 0.423566
v -0.758345 -0.136409 0.422517
v -0.804585 -0.138954 0.448196
v -0.805754 -0.137688 0.443854
v -0.801703 -0.138360 0.444047
v -0.800568 -0.138489 0.445732
v -0.792405 -0.135989 0.451602
v -0.800490 -0.139070 0.452551
v -0.798675 -0.138015 0.447212
v -0.794837 -0.136423 0.446839
v -0.729567 -0.108150 0.408009
v -0.729276 -0.107904 0.409478
v -0.731175 -0.108688 0.409327
v -0.731462 -0.109193 0.407684
v -0.730740 -0.107552 0.413343
v -0.730199 -0.106714 0.415918
v -0.733090 -0.108285 0.412986
v -0.732221 -0.107121 0.415691
v -0.734584 -0.107461 0.415416
v -0.735547 -0.109021 0.413025
v -0.739746 -0.113662 0.403420
v -0.738158 -0.113789 0.404534
v -0.739766 -0.115809 0.405599
v -0.739418 -0.114727 0.407499
v -0.737178 -0.112773 0.406610
v -0.736681 -0.111777 0.408532
v -0.739442 -0.113409 0.409289
v -0.740552 -0.118041 0.406841
v -0.730420 -0.098508 0.409272
v -0.735448 -0.096438 0.407304
v -0.736132 -0.096168 0.409445
v -0.741386 -0.090932 0.378592
v -0.738942 -0.098122 0.388577
v -0.741879 -0.091065 0.381139
v -0.742425 -0.090593 0.382992
v -0.741489 -0.092777 0.383866
v -0.741023 -0.093339 0.382359
v -0.745022 -0.109928 0.397411
v -0.745902 -0.108928 0.395552
v -0.741419 -0.109302 0.394450
v -0.740501 -0.109802 0.395892
v -0.744033 -0.110774 0.398648
v -0.739578 -0.110189 0.397076
v -0.741863 -0.115647 0.410371
v -0.741034 -0.116786 0.408609
v -0.736744 -0.098200 0.400396
v -0.746984 -0.087361 0.406856
v -0.749198 -0.088418 0.403472
v -0.748236 -0.088995 0.403125
v -0.746140 -0.087971 0.406521
v -0.745212 -0.114422 0.414551
v -0.743792 -0.110850 0.416814
v -0.746211 -0.110451 0.418338
v -0.750555 -0.116206 0.417388
v -0.750582 -0.123395 0.415892
v -0.744795 -0.119002 0.412151
v -0.741073 -0.120414 0.408052
v -0.742468 -0.119467 0.409484
v -0.742007 -0.122841 0.410232
v -0.740677 -0.123955 0.409669
v -0.740672 -0.125547 0.408240
v -0.741462 -0.122061 0.405765
v -0.748000 -0.128670 0.416977
v -0.743428 -0.124984 0.412349
v -0.757182 -0.127614 0.419742
v -0.762459 -0.101531 0.392165
v -0.762298 -0.102430 0.392728
v -0.768520 -0.100756 0.392367
v -0.768422 -0.100281 0.391912
v -0.781883 -0.099002 0.387993
v -0.785043 -0.097455 0.385627
v -0.784529 -0.097437 0.385195
v -0.743089 -0.128416 0.422399
v -0.740312 -0.125313 0.413285
v -0.757089 -0.104221 0.391758
v -0.759731 -0.102891 0.391950
v -0.759836 -0.102275 0.392038
v -0.757477 -0.103382 0.391870
v -0.751112 -0.089253 0.400348
v -0.750078 -0.089766 0.400005
v -0.748297 -0.109157 0.419789
v -0.752910 -0.111571 0.420463
v -0.764733 -0.134769 0.424081
v -0.764269 -0.130253 0.424055
v -0.772044 -0.132156 0.427025
v -0.771653 -0.135715 0.427905
v -0.782248 -0.133263 0.430406
v -0.782383 -0.136396 0.430375
v -0.742051 -0.131413 0.422306
v -0.740880 -0.130426 0.422386
v -0.743480 -0.132202 0.430081
v -0.744799 -0.133587 0.429963
v -0.748450 -0.137764 0.434868
v -0.748397 -0.136840 0.430238
v -0.745567 -0.135642 0.434917
v -0.753153 -0.138377 0.431890
v -0.744128 -0.137717 0.438691
v -0.746752 -0.138580 0.438668
v -0.747281 -0.138036 0.442424
v -0.749688 -0.138558 0.439073
v -0.744837 -0.138207 0.442405
v -0.743588 -0.135580 0.450001
v -0.745396 -0.137205 0.446176
v -0.742914 -0.137342 0.446309
v -0.741549 -0.135865 0.449728
v -0.742430 -0.137744 0.442262
v -0.741532 -0.136743 0.438439
v -0.740194 -0.137004 0.441778
v -0.739015 -0.135639 0.449559
v -0.740622 -0.137012 0.446073
v -0.738271 -0.136037 0.445630
v -0.736112 -0.134495 0.448801
v -0.736847 -0.132062 0.457382
v -0.737170 -0.133956 0.453271
v -0.733974 -0.132979 0.452294
v -0.733833 -0.131267 0.455845
v -0.740334 -0.129456 0.422756
v -0.739243 -0.127352 0.413110
v -0.745103 -0.130691 0.429689
v -0.743296 -0.131316 0.430403
v -0.745059 -0.132656 0.434213
v -0.747374 -0.132093 0.429206
v -0.752882 -0.136121 0.432849
v -0.750968 -0.136205 0.436475
v -0.743908 -0.134877 0.438839
v -0.741320 -0.135775 0.438669
v -0.742764 -0.133278 0.434938
v -0.735503 -0.133450 0.448211
v -0.737815 -0.135160 0.445434
v -0.739983 -0.134487 0.445553
v -0.737432 -0.132792 0.448398
v -0.733347 -0.129997 0.455174
v -0.733261 -0.131769 0.451725
v -0.734871 -0.130938 0.451949
v -0.734467 -0.129138 0.455084
v -0.742404 -0.135393 0.442289
v -0.749467 -0.136370 0.439222
v -0.748459 -0.136332 0.441828
v -0.746229 -0.135494 0.445689
v -0.784147 -0.139040 0.425625
v -0.772665 -0.138405 0.427306
v -0.766541 -0.137628 0.426722
v -0.809343 -0.068799 0.401543
v -0.809461 -0.068963 0.401350
v -0.759735 -0.128642 0.421157
v -0.761141 -0.124663 0.423937
v -0.761198 -0.129122 0.421980
v -0.711627 -0.088960 0.472439
v -0.710921 -0.086477 0.473688
v -0.732206 -0.082184 0.445210
v -0.751586 -0.128051 0.464270
v -0.760464 -0.127933 0.452233
v -0.751003 -0.137027 0.438938
v -0.751935 -0.138616 0.435781
v -0.753080 -0.137233 0.435927
v -0.754329 -0.137322 0.432618
v -0.754900 -0.137313 0.429341
v -0.741261 -0.128653 0.460204
v -0.740757 -0.130599 0.461490
v -0.740361 -0.130223 0.470682
v -0.741230 -0.128742 0.467063
v -0.741485 -0.127604 0.466607
v -0.741485 -0.128766 0.469971
v -0.743805 -0.128660 0.471397
v -0.748230 -0.131543 0.476225
v -0.757521 -0.130959 0.466329
v -0.744205 -0.133797 0.449846
v -0.742534 -0.131690 0.453940
v -0.774200 -0.100195 0.391154
v -0.773861 -0.099937 0.390696
v -0.799822 -0.106707 0.405167
v -0.797599 -0.107464 0.406771
v -0.719342 -0.114629 0.511099
v -0.715548 -0.107606 0.515817
v -0.721543 -0.108947 0.524352
v -0.725224 -0.116335 0.518561
v -0.736697 -0.098827 0.397639
v -0.712091 -0.099282 0.519633
v -0.709278 -0.087195 0.522235
v -0.715637 -0.087921 0.531848
v -0.718341 -0.100228 0.528810
v -0.773473 -0.099618 0.390797
v -0.777254 -0.102047 0.425270
v -0.704733 -0.089734 0.487867
v -0.703943 -0.088835 0.494204
v -0.702889 -0.073804 0.493621
v -0.703908 -0.074660 0.487082
v -0.704507 -0.065485 0.486361
v -0.703740 -0.064522 0.491338
v -0.715998 -0.094337 0.464206
v -0.714241 -0.095195 0.467649
v -0.714876 -0.096862 0.467167
v -0.708167 -0.073757 0.522650
v -0.708374 -0.060056 0.521582
v -0.714796 -0.059225 0.532032
v -0.714103 -0.074222 0.532884
v -0.728440 -0.122464 0.511721
v -0.722969 -0.120770 0.504767
v -0.722318 -0.122959 0.481570
v -0.720924 -0.120391 0.475509
v -0.714586 -0.117285 0.486699
v -0.716323 -0.119050 0.492714
v -0.741798 -0.093422 0.413610
v -0.742508 -0.093848 0.414670
v -0.740622 -0.093395 0.416579
v -0.739837 -0.093072 0.415371
v -0.707079 -0.091620 0.481452
v -0.705423 -0.075945 0.481116
v -0.715643 -0.116539 0.476337
v -0.713607 -0.115305 0.483171
v -0.738380 -0.098539 0.390548
v -0.735515 -0.099781 0.396686
v -0.736764 -0.095890 0.411442
v -0.732284 -0.114287 0.470824
v -0.732645 -0.109347 0.395965
v -0.733456 -0.109753 0.394053
v -0.734487 -0.108630 0.392072
v -0.736842 -0.108349 0.388083
v -0.737679 -0.107507 0.386534
v -0.740704 -0.104195 0.380558
v -0.741413 -0.103251 0.379241
v -0.742381 -0.101569 0.377717
v -0.743076 -0.099641 0.376589
v -0.743965 -0.097090 0.375297
v -0.741700 -0.096773 0.441284
v -0.741538 -0.097639 0.437959
v -0.739398 -0.101112 0.429965
v -0.741199 -0.098631 0.434737
v -0.739553 -0.100889 0.434438
v -0.737671 -0.103147 0.431364
v -0.732587 -0.105959 0.427670
v -0.732323 -0.106424 0.427027
v -0.731895 -0.105397 0.425322
v -0.732808 -0.105157 0.426080
v -0.735125 -0.104698 0.426395
v -0.733472 -0.105913 0.428856
v -0.734892 -0.105310 0.429771
v -0.737218 -0.103637 0.427230
v -0.738824 -0.093925 0.405950
v -0.732267 -0.093537 0.425975
v -0.767834 -0.111053 0.409562
v -0.765654 -0.112400 0.409527
v -0.765045 -0.111495 0.415113
v -0.766479 -0.110196 0.415249
v -0.738794 -0.093350 0.408055
v -0.705879 -0.098864 0.499924
v -0.738874 -0.093038 0.410317
v -0.738623 -0.092521 0.412566
v -0.736163 -0.099489 0.395458
v -0.742918 -0.089225 0.380694
v -0.743294 -0.088964 0.382555
v -0.741016 -0.094431 0.385045
v -0.732797 -0.076971 0.443719
v -0.733898 -0.106777 0.425253
v -0.732844 -0.105545 0.423869
v -0.736706 -0.105490 0.422975
v -0.734881 -0.104978 0.422171
v -0.736716 -0.104229 0.420714
v -0.738786 -0.104010 0.421345
v -0.738017 -0.104856 0.419351
v -0.740389 -0.104572 0.420057
v -0.742086 -0.107468 0.418592
v -0.740794 -0.102724 0.425090
v -0.737447 -0.105842 0.427751
v -0.740905 -0.102252 0.429480
v -0.744352 -0.100041 0.427506
v -0.742025 -0.113256 0.412851
v -0.739138 -0.111908 0.411503
v -0.736188 -0.110578 0.410702
v -0.734211 -0.110272 0.408498
v -0.733718 -0.109467 0.410583
v -0.731002 -0.108373 0.411166
v -0.728972 -0.107817 0.411257
v -0.745086 -0.092131 0.373704
v -0.745154 -0.090794 0.373432
v -0.735488 -0.108293 0.390534
v -0.735478 -0.105126 0.418907
v -0.738344 -0.084658 0.413704
v -0.738751 -0.086839 0.410537
v -0.738384 -0.085077 0.410827
v -0.736416 -0.099866 0.393741
v -0.730023 -0.104384 0.420767
v -0.731021 -0.105622 0.418591
v -0.729494 -0.105644 0.418529
v -0.728884 -0.104436 0.420791
v -0.737426 -0.108736 0.391257
v -0.736689 -0.109358 0.392700
v -0.729751 -0.108513 0.406915
v -0.730219 -0.109369 0.405155
v -0.730853 -0.110259 0.401641
v -0.731988 -0.109679 0.398076
v -0.709899 -0.106671 0.503271
v -0.712574 -0.113293 0.498818
v -0.711992 -0.107091 0.509755
v -0.715113 -0.113922 0.504728
v -0.781710 -0.095985 0.390126
v -0.783483 -0.097096 0.385515
v -0.784525 -0.094756 0.384556
v -0.782240 -0.093586 0.389423
v -0.743514 -0.101239 0.432322
v -0.747255 -0.100623 0.430603
v -0.739735 -0.088081 0.406050
v -0.739231 -0.087350 0.408428
v -0.739842 -0.090611 0.407888
v -0.740108 -0.091416 0.405517
v -0.734712 -0.110056 0.396315
v -0.733923 -0.110582 0.398175
v -0.739426 -0.090126 0.410125
v -0.735195 -0.125944 0.517911
v -0.733361 -0.129474 0.499289
v -0.739380 -0.096429 0.399946
v -0.740846 -0.093441 0.400571
v -0.739241 -0.096912 0.397572
v -0.741147 -0.094022 0.398240
v -0.742686 -0.090306 0.384489
v -0.742812 -0.090123 0.385660
v -0.741806 -0.092409 0.385139
v -0.743392 -0.088700 0.384192
v -0.743390 -0.088512 0.385292
v -0.739365 -0.084611 0.414453
v -0.740198 -0.088553 0.404377
v -0.738756 -0.085514 0.408832
v -0.739319 -0.086108 0.406466
v -0.751851 -0.091177 0.377044
v -0.747895 -0.090995 0.374651
v -0.747739 -0.092541 0.374803
v -0.751716 -0.092832 0.377496
v -0.747368 -0.094856 0.375354
v -0.751471 -0.094690 0.378535
v -0.746544 -0.097037 0.376603
v -0.750973 -0.096292 0.379705
v -0.750195 -0.098083 0.380942
v -0.745362 -0.099295 0.377885
v -0.749460 -0.099812 0.382005
v -0.744374 -0.101213 0.379051
v -0.748674 -0.101514 0.383095
v -0.743315 -0.103017 0.380392
v -0.742568 -0.103986 0.381658
v -0.747832 -0.102843 0.384211
v -0.741892 -0.104844 0.382936
v -0.747024 -0.103861 0.385185
v -0.741045 -0.105878 0.384433
v -0.745955 -0.105071 0.386542
v -0.739563 -0.107437 0.387311
v -0.744670 -0.106551 0.388778
v -0.738673 -0.108293 0.388865
v -0.743713 -0.107550 0.390501
v -0.785977 -0.094957 0.384650
v -0.786409 -0.097153 0.388480
v -0.787247 -0.094634 0.387653
v -0.742432 -0.108588 0.392905
v -0.735590 -0.110106 0.394579
v -0.732733 -0.105551 0.418646
v -0.732934 -0.110818 0.401339
v -0.732284 -0.110394 0.404369
v -0.736035 -0.112263 0.404230
v -0.731576 -0.109716 0.406245
v -0.734902 -0.111255 0.406563
v -0.739727 -0.098947 0.447608
v -0.730388 -0.095521 0.453193
v -0.739893 -0.086514 0.404775
v -0.745528 -0.128233 0.524082
v -0.711335 -0.105138 0.477657
v -0.709038 -0.100473 0.479694
v -0.741344 -0.087117 0.412437
v -0.740684 -0.089448 0.412025
v -0.741403 -0.093748 0.385687
v -0.745877 -0.094736 0.402729
v -0.747557 -0.095120 0.399401
v -0.747905 -0.097905 0.399922
v -0.746371 -0.097234 0.403533
v -0.748823 -0.099206 0.400726
v -0.750749 -0.099606 0.402006
v -0.750666 -0.099931 0.397174
v -0.752551 -0.100717 0.398492
v -0.754105 -0.101282 0.394390
v -0.753747 -0.103136 0.390063
v -0.750984 -0.102081 0.386237
v -0.750540 -0.103365 0.386994
v -0.740060 -0.105296 0.381827
v -0.747988 -0.106638 0.391201
v -0.748872 -0.105659 0.389383
v -0.739235 -0.106341 0.383368
v -0.783252 -0.099416 0.390433
v -0.774777 -0.101200 0.393094
v -0.779419 -0.100541 0.392171
v -0.778450 -0.099773 0.389785
v -0.746455 -0.108224 0.394224
v -0.755597 -0.111140 0.400582
v -0.757929 -0.107034 0.397551
v -0.751835 -0.106136 0.395808
v -0.749836 -0.107758 0.398318
v -0.753327 -0.095426 0.387174
v -0.754664 -0.093837 0.386179
v -0.753534 -0.095252 0.382748
v -0.752658 -0.096847 0.383875
v -0.751945 -0.098775 0.384798
v -0.752699 -0.097493 0.388027
v -0.755674 -0.093119 0.384979
v -0.754147 -0.094116 0.381832
v -0.744865 -0.094721 0.373958
v -0.754736 -0.092756 0.380410
v -0.741837 -0.089467 0.378329
v -0.742700 -0.104086 0.420813
v -0.744280 -0.106888 0.419758
v -0.738515 -0.082908 0.413913
v -0.739879 -0.082907 0.415109
v -0.738155 -0.083348 0.411023
v -0.744754 -0.086327 0.410078
v -0.744011 -0.087008 0.409748
v -0.766417 -0.130902 0.454735
v -0.774927 -0.133684 0.457813
v -0.781169 -0.133631 0.448869
v -0.772462 -0.130623 0.445846
v -0.744468 -0.104157 0.438078
v -0.762250 -0.131189 0.409555
v -0.760821 -0.127127 0.412333
v -0.760737 -0.125341 0.409936
v -0.742376 -0.085098 0.413157
v -0.741754 -0.085938 0.412704
v -0.756518 -0.114814 0.430918
v -0.753193 -0.110900 0.431906
v -0.785877 -0.135719 0.461168
v -0.763471 -0.099240 0.397816
v -0.763192 -0.099836 0.395008
v -0.767504 -0.099099 0.394682
v -0.766691 -0.098544 0.398038
v -0.741072 -0.085359 0.401762
v -0.761326 -0.131655 0.409170
v -0.745907 -0.103288 0.421872
v -0.747328 -0.106383 0.420879
v -0.779409 -0.097236 0.390756
v -0.780206 -0.098280 0.387824
v -0.736632 -0.092963 0.414503
v -0.731539 -0.104481 0.420453
v -0.749574 -0.082829 0.423995
v -0.751241 -0.084148 0.423681
v -0.750985 -0.084463 0.421350
v -0.748910 -0.082960 0.422643
v -0.755010 -0.086586 0.424202
v -0.756387 -0.086915 0.422296
v -0.764126 -0.089338 0.423908
v -0.762026 -0.088502 0.426679
v -0.761850 -0.091938 0.427266
v -0.763263 -0.092458 0.424096
v -0.755399 -0.093020 0.424890
v -0.757734 -0.093987 0.422400
v -0.753920 -0.094150 0.420737
v -0.752060 -0.093567 0.423425
v -0.750538 -0.095133 0.419489
v -0.748794 -0.094538 0.422166
v -0.747080 -0.094780 0.417974
v -0.745532 -0.094268 0.420427
v -0.757675 -0.091171 0.382158
v -0.756950 -0.092153 0.383431
v -0.757616 -0.091529 0.385603
v -0.758316 -0.090817 0.384794
v -0.772764 -0.094200 0.402741
v -0.771175 -0.096496 0.401794
v -0.776304 -0.097561 0.394150
v -0.779242 -0.095466 0.395168
v -0.779037 -0.092951 0.393866
v -0.770911 -0.091924 0.401834
v -0.752602 -0.091977 0.392989
v -0.750823 -0.091219 0.396665
v -0.751760 -0.090484 0.397014
v -0.749149 -0.090532 0.399770
v -0.747378 -0.089850 0.402910
v -0.745416 -0.088827 0.406348
v -0.743403 -0.087948 0.409618
v -0.742515 -0.089858 0.409431
v -0.744320 -0.090697 0.406101
v -0.741238 -0.092667 0.412640
v -0.739306 -0.092510 0.414308
v -0.740804 -0.091359 0.412132
v -0.756845 -0.092102 0.385973
v -0.746012 -0.091919 0.402601
v -0.749419 -0.092906 0.396068
v -0.747731 -0.092379 0.399413
v -0.756261 -0.129465 0.407038
v -0.729363 -0.127947 0.492526
v -0.748052 -0.095314 0.414685
v -0.743340 -0.093415 0.410011
v -0.736788 -0.092743 0.415856
v -0.738576 -0.104887 0.423845
v -0.735348 -0.107187 0.426684
v -0.728683 -0.095948 0.422126
v -0.765140 -0.135613 0.517604
v -0.759398 -0.128755 0.530247
v -0.733031 -0.103425 0.423991
v -0.731555 -0.103750 0.423641
v -0.732578 -0.094785 0.426282
v -0.713656 -0.109604 0.474641
v -0.738653 -0.101162 0.425012
v -0.735917 -0.102542 0.424138
v -0.733096 -0.106841 0.428820
v -0.752824 -0.089986 0.397436
v -0.723260 -0.108516 0.465979
v -0.725370 -0.107332 0.464174
v -0.736311 -0.093931 0.431497
v -0.734223 -0.094269 0.428665
v -0.764403 -0.113851 0.418810
v -0.765246 -0.112034 0.419136
v -0.763720 -0.113288 0.415035
v -0.741856 -0.102329 0.439779
v -0.744104 -0.102115 0.434404
v -0.741274 -0.101709 0.435807
v -0.779902 -0.135862 0.521472
v -0.773281 -0.127977 0.535058
v -0.786240 -0.124902 0.538092
v -0.794300 -0.133224 0.524968
v -0.717407 -0.085606 0.460689
v -0.757175 -0.111316 0.427044
v -0.759211 -0.119518 0.429266
v -0.739699 -0.100470 0.437343
v -0.742027 -0.093878 0.446528
v -0.774992 -0.102561 0.395006
v -0.769686 -0.104725 0.395566
v -0.770573 -0.106627 0.397160
v -0.774845 -0.104221 0.396833
v -0.794859 -0.105034 0.414697
v -0.796886 -0.109049 0.415537
v -0.773707 -0.106689 0.399905
v -0.776260 -0.105034 0.400310
v -0.777560 -0.104132 0.398506
v -0.774496 -0.105744 0.398413
v -0.778682 -0.102623 0.396649
v -0.779442 -0.101384 0.394576
v -0.794473 -0.104170 0.405981
v -0.791505 -0.101347 0.413636
v -0.778866 -0.103846 0.400927
v -0.780550 -0.102942 0.399188
v -0.782085 -0.101609 0.397368
v -0.784353 -0.099705 0.394060
v -0.762558 -0.104566 0.394036
v -0.764560 -0.108047 0.396267
v -0.768901 -0.102307 0.393682
v -0.713900 -0.101587 0.474611
v -0.761573 -0.116454 0.411164
v -0.761824 -0.117566 0.407531
v -0.760397 -0.120902 0.410214
v -0.760488 -0.119402 0.413413
v -0.760321 -0.123228 0.412450
v -0.760535 -0.121207 0.414996
v -0.786682 -0.101826 0.403669
v -0.790261 -0.102482 0.404505
v -0.791380 -0.101541 0.402569
v -0.787747 -0.101023 0.401780
v -0.793093 -0.099525 0.401186
v -0.788789 -0.099285 0.400075
v -0.800984 -0.099028 0.401161
v -0.802013 -0.096582 0.400886
v -0.795141 -0.097813 0.400555
v -0.796531 -0.095858 0.400472
v -0.792183 -0.095707 0.398749
v -0.790400 -0.097727 0.399010
v -0.784132 -0.101608 0.400517
v -0.782687 -0.102668 0.402339
v -0.785496 -0.100136 0.398625
v -0.786881 -0.098616 0.396587
v -0.789045 -0.096157 0.395814
v -0.762979 -0.100306 0.392802
v -0.762686 -0.100951 0.392259
v -0.768276 -0.099887 0.391991
v -0.768034 -0.099463 0.392487
v -0.772976 -0.099282 0.391078
v -0.776873 -0.098943 0.389515
v -0.798108 -0.137881 0.443041
v -0.784145 -0.097277 0.385350
v -0.785144 -0.094885 0.384344
v -0.752920 -0.105672 0.391437
v -0.753102 -0.104898 0.390334
v -0.753443 -0.104092 0.390098
v -0.757932 -0.102453 0.392131
v -0.758115 -0.100604 0.395541
v -0.771269 -0.098337 0.394903
v -0.768569 -0.097852 0.400489
v -0.756716 -0.099537 0.400085
v -0.761987 -0.098973 0.401785
v -0.764805 -0.098468 0.402556
v -0.767155 -0.097596 0.403552
v -0.769374 -0.095898 0.404910
v -0.770468 -0.093650 0.405870
v -0.761104 -0.095309 0.415573
v -0.763279 -0.093708 0.416407
v -0.762164 -0.093118 0.420213
v -0.759372 -0.094784 0.419278
v -0.755991 -0.095030 0.417791
v -0.758048 -0.095973 0.414339
v -0.752387 -0.095694 0.416495
v -0.754579 -0.096446 0.413057
v -0.750627 -0.096237 0.411194
v -0.745083 -0.095096 0.406960
v -0.742725 -0.091847 0.409520
v -0.744383 -0.093128 0.406244
v -0.747015 -0.085947 0.411717
v -0.749427 -0.087041 0.408383
v -0.747453 -0.084434 0.417892
v -0.745893 -0.083006 0.419745
v -0.766738 -0.090884 0.391757
v -0.774027 -0.091849 0.392454
v -0.773230 -0.090953 0.393967
v -0.766066 -0.090094 0.392978
v -0.762314 -0.090613 0.398200
v -0.760416 -0.089941 0.400890
v -0.764947 -0.090199 0.403469
v -0.767209 -0.090958 0.400521
v -0.753937 -0.085803 0.417782
v -0.758301 -0.087709 0.419339
v -0.760702 -0.088667 0.415981
v -0.756809 -0.086921 0.414237
v -0.762654 -0.090289 0.420192
v -0.763682 -0.091368 0.416607
v -0.765271 -0.094379 0.412544
v -0.763083 -0.095971 0.411575
v -0.760290 -0.096938 0.410515
v -0.757025 -0.097347 0.409291
v -0.752900 -0.097382 0.407463
v -0.751204 -0.093842 0.392060
v -0.751869 -0.088159 0.404885
v -0.760676 -0.090589 0.391030
v -0.757581 -0.090393 0.395909
v -0.773082 -0.091942 0.394135
v -0.744550 -0.084685 0.414881
v -0.742995 -0.083123 0.416556
v -0.755832 -0.089845 0.398757
v -0.763376 -0.089687 0.412299
v -0.759802 -0.088117 0.410392
v -0.766013 -0.092236 0.413030
v -0.762662 -0.097824 0.406465
v -0.759566 -0.098283 0.405502
v -0.750233 -0.093119 0.426168
v -0.747020 -0.094386 0.424705
v -0.765930 -0.091010 0.393135
v -0.795415 -0.138966 0.464761
v -0.743660 -0.093839 0.422704
v -0.749657 -0.082610 0.425347
v -0.751140 -0.083979 0.425371
v -0.753700 -0.086394 0.426022
v -0.758988 -0.087883 0.429570
v -0.759390 -0.091281 0.431045
v -0.753339 -0.092338 0.427489
v -0.767438 -0.095136 0.408586
v -0.765242 -0.096809 0.407433
v -0.768420 -0.093000 0.409264
v -0.768302 -0.091534 0.405085
v -0.766054 -0.090702 0.408433
v -0.762639 -0.089249 0.406611
v -0.760812 -0.089669 0.390873
v -0.761433 -0.090405 0.389931
v -0.754006 -0.089065 0.401644
v -0.779620 -0.118496 0.428492
v -0.775729 -0.118047 0.427598
v -0.774637 -0.119085 0.427022
v -0.775819 -0.120185 0.427252
v -0.749043 -0.095569 0.395833
v -0.749595 -0.098236 0.396257
v -0.754940 -0.098606 0.403914
v -0.758303 -0.089076 0.403804
v -0.755720 -0.088049 0.407312
v -0.750143 -0.085681 0.414569
v -0.777447 -0.113675 0.428045
v -0.776710 -0.113010 0.427865
v -0.775349 -0.113582 0.426943
v -0.775503 -0.114155 0.427100
v -0.800881 -0.118902 0.539857
v -0.809447 -0.127158 0.527819
v -0.752891 -0.086838 0.411049
v -0.773502 -0.113640 0.425858
v -0.773141 -0.115043 0.426116
v -0.775802 -0.115192 0.427434
v -0.751688 -0.091815 0.429283
v -0.757411 -0.090770 0.431728
v -0.731304 -0.123298 0.477777
v -0.727667 -0.122616 0.475689
v -0.726422 -0.123268 0.476857
v -0.730368 -0.124241 0.479418
v -0.776854 -0.105681 0.414530
v -0.713301 -0.089151 0.467777
v -0.712044 -0.090478 0.471498
v -0.718436 -0.084946 0.461189
v -0.712464 -0.092826 0.474111
v -0.805951 -0.142431 0.470890
v -0.811237 -0.140800 0.460447
v -0.820827 -0.137366 0.466181
v -0.817399 -0.140564 0.476859
v -0.720774 -0.097133 0.466370
v -0.728628 -0.124800 0.481916
v -0.733314 -0.128052 0.482096
v -0.733513 -0.125757 0.479224
v -0.763635 -0.115837 0.417228
v -0.762696 -0.115704 0.415363
v -0.742164 -0.078895 0.440601
v -0.737466 -0.078127 0.441035
v -0.747022 -0.090727 0.437132
v -0.749260 -0.091456 0.433189
v -0.751105 -0.085423 0.432165
v -0.748831 -0.086238 0.435613
v -0.762621 -0.124531 0.418604
v -0.761201 -0.122634 0.416600
v -0.760666 -0.124800 0.414447
v -0.761766 -0.126525 0.417047
v -0.750793 -0.089797 0.430428
v -0.755610 -0.089373 0.431823
v -0.755549 -0.088341 0.431299
v -0.751714 -0.087389 0.429853
v -0.719588 -0.115002 0.470938
v -0.716761 -0.115383 0.472791
v -0.773761 -0.107116 0.412882
v -0.771375 -0.108644 0.411270
v -0.768606 -0.107526 0.417154
v -0.736728 -0.121563 0.462760
v -0.737277 -0.116474 0.464456
v -0.737081 -0.117696 0.465204
v -0.736758 -0.121929 0.464127
v -0.736348 -0.121443 0.467809
v -0.734157 -0.121847 0.467816
v -0.732581 -0.123128 0.468753
v -0.735142 -0.124341 0.470603
v -0.736745 -0.122268 0.464998
v -0.736892 -0.118917 0.465929
v -0.730003 -0.121312 0.467007
v -0.729715 -0.121242 0.468256
v -0.731954 -0.122824 0.469301
v -0.728853 -0.121015 0.474366
v -0.731667 -0.121448 0.476061
v -0.730353 -0.112604 0.465295
v -0.729950 -0.117940 0.466147
v -0.725798 -0.100708 0.465821
v -0.729253 -0.101376 0.465857
v -0.732121 -0.113013 0.465103
v -0.732604 -0.117965 0.465774
v -0.725184 -0.120016 0.469578
v -0.725181 -0.120552 0.471559
v -0.733417 -0.121959 0.475314
v -0.720015 -0.104341 0.455482
v -0.720368 -0.105006 0.456263
v -0.720928 -0.104672 0.456194
v -0.726462 -0.108050 0.463300
v -0.724037 -0.106502 0.460909
v -0.722908 -0.105784 0.461688
v -0.721874 -0.105514 0.458506
v -0.719476 -0.104699 0.456458
v -0.720817 -0.105017 0.458955
v -0.719407 -0.104016 0.456553
v -0.720152 -0.103510 0.456513
v -0.720969 -0.103473 0.456390
v -0.721255 -0.104056 0.456238
v -0.733034 -0.120389 0.466469
v -0.761690 -0.136882 0.421900
v -0.733924 -0.122220 0.473452
v -0.733167 -0.122236 0.471151
v -0.730411 -0.120345 0.469063
v -0.726776 -0.119393 0.469724
v -0.731935 -0.121330 0.469822
v -0.726572 -0.119976 0.471457
v -0.722968 -0.103534 0.460827
v -0.722484 -0.104520 0.461746
v -0.720766 -0.104158 0.459142
v -0.721671 -0.103537 0.458943
v -0.724668 -0.106128 0.460324
v -0.722572 -0.105207 0.458335
v -0.724748 -0.104966 0.459930
v -0.722994 -0.104417 0.458351
v -0.722660 -0.103625 0.458592
v -0.723947 -0.103773 0.459890
v -0.761227 -0.137075 0.424060
v -0.814741 -0.110893 0.540945
v -0.824500 -0.099093 0.539335
v -0.832725 -0.104976 0.528141
v -0.823183 -0.117314 0.529027
v -0.737992 -0.117941 0.459310
v -0.738426 -0.120445 0.458972
v -0.739074 -0.122800 0.458981
v -0.737416 -0.116872 0.460217
v -0.733746 -0.124271 0.471277
v -0.734783 -0.124300 0.474718
v -0.736908 -0.112025 0.462052
v -0.735628 -0.111149 0.463316
v -0.737376 -0.116506 0.461968
v -0.732337 -0.106330 0.462241
v -0.727342 -0.103958 0.461878
v -0.728374 -0.106680 0.461651
v -0.727788 -0.107903 0.462274
v -0.739350 -0.132348 0.458344
v -0.738314 -0.130728 0.460047
v -0.739675 -0.131164 0.461059
v -0.736165 -0.127033 0.475992
v -0.737523 -0.129263 0.476401
v -0.734268 -0.129514 0.484108
v -0.726094 -0.125055 0.485362
v -0.829683 -0.126802 0.444612
v -0.719170 -0.085432 0.461387
v -0.719103 -0.085083 0.461472
v -0.730054 -0.101179 0.463452
v -0.734489 -0.107271 0.461179
v -0.724568 -0.123398 0.478474
v -0.765856 -0.110567 0.419447
v -0.766531 -0.109355 0.419719
v -0.767482 -0.108971 0.415797
v -0.766262 -0.136409 0.427383
v -0.761376 -0.135101 0.424853
v -0.735477 -0.125020 0.474924
v -0.772155 -0.131409 0.424726
v -0.837922 -0.093968 0.526468
v -0.830329 -0.089577 0.537318
v -0.841035 -0.085850 0.524997
v -0.792943 -0.113254 0.421117
v -0.790810 -0.112585 0.423842
v -0.789618 -0.115083 0.425418
v -0.792582 -0.117607 0.422904
v -0.721606 -0.074337 0.540337
v -0.722365 -0.088471 0.539418
v -0.720531 -0.108885 0.468406
v -0.718248 -0.109004 0.470447
v -0.719058 -0.120030 0.498131
v -0.842541 -0.079573 0.523715
v -0.731709 -0.104031 0.422748
v -0.737755 -0.130254 0.459472
v -0.737149 -0.129577 0.461775
v -0.728065 -0.096892 0.421287
v -0.833637 -0.132009 0.472509
v -0.830198 -0.134850 0.482910
v -0.763234 -0.117635 0.417627
v -0.762094 -0.117977 0.416642
v -0.749107 -0.081802 0.429603
v -0.751226 -0.084562 0.428153
v -0.749443 -0.082215 0.427479
v -0.736539 -0.092589 0.414998
v -0.772949 -0.116329 0.426221
v -0.776037 -0.116556 0.427753
v -0.727727 -0.097310 0.420892
v -0.732741 -0.104198 0.421643
v -0.849450 -0.111107 0.490423
v -0.742129 -0.096745 0.432805
v -0.741094 -0.099114 0.427958
v -0.749792 -0.104473 0.387918
v -0.733600 -0.124212 0.477275
v -0.748266 -0.099879 0.425471
v -0.751612 -0.100880 0.428581
v -0.743167 -0.134308 0.434658
v -0.739950 -0.136059 0.442007
v -0.741452 -0.129850 0.458122
v -0.740916 -0.131742 0.458728
v -0.741978 -0.133391 0.454255
v -0.739690 -0.134026 0.453798
v -0.756834 -0.109268 0.425001
v -0.755158 -0.104128 0.426704
v -0.754862 -0.106526 0.428649
v -0.766152 -0.127253 0.443150
v -0.778656 -0.127978 0.427717
v -0.771847 -0.127217 0.426180
v -0.771937 -0.129421 0.425763
v -0.779277 -0.130002 0.426419
v -0.752713 -0.086332 0.427949
v -0.777933 -0.105871 0.426101
v -0.775743 -0.106007 0.425788
v -0.775539 -0.106538 0.425663
v -0.779403 -0.107627 0.426302
v -0.774403 -0.104566 0.425060
v -0.774157 -0.105454 0.425077
v -0.748086 -0.081047 0.433136
v -0.740407 -0.084983 0.403387
v -0.842433 -0.124322 0.487802
v -0.789815 -0.122156 0.424496
v -0.790933 -0.123839 0.422315
v -0.794190 -0.118931 0.420677
v -0.781185 -0.102066 0.412986
v -0.777731 -0.103475 0.411004
v -0.795369 -0.113927 0.419010
v -0.797264 -0.093998 0.400111
v -0.793132 -0.093659 0.398505
v -0.743401 -0.088299 0.386559
v -0.742939 -0.089932 0.386968
v -0.722130 -0.059028 0.539549
v -0.771358 -0.128509 0.428869
v -0.764669 -0.126410 0.426239
v -0.763546 -0.123710 0.432649
v -0.769113 -0.127292 0.435670
v -0.781231 -0.130777 0.432196
v -0.776767 -0.130360 0.439048
v -0.760975 -0.133852 0.422315
v -0.739974 -0.100621 0.441984
v -0.761490 -0.128630 0.415492
v -0.759130 -0.133392 0.421333
v -0.759149 -0.117851 0.400814
v -0.751446 -0.100517 0.385500
v -0.747759 -0.109658 0.399729
v -0.745949 -0.111805 0.399774
v -0.756977 -0.105041 0.392623
v -0.742169 -0.112813 0.400530
v -0.757670 -0.111633 0.400245
v -0.760183 -0.109511 0.398371
v -0.761900 -0.107434 0.396061
v -0.760462 -0.105800 0.394794
v -0.762311 -0.112772 0.398130
v -0.756063 -0.111336 0.401059
v -0.755024 -0.112632 0.401945
v -0.759116 -0.113455 0.404934
v -0.759502 -0.113056 0.404568
v -0.766905 -0.115867 0.399794
v -0.769208 -0.111732 0.399621
v -0.740677 -0.101773 0.433665
v -0.751438 -0.103324 0.430488
v -0.747543 -0.102429 0.432562
v -0.797437 -0.114693 0.416724
v -0.795444 -0.120124 0.418196
v -0.791748 -0.125314 0.419838
v -0.785855 -0.129847 0.421990
v -0.779808 -0.131673 0.424523
v -0.763662 -0.114173 0.409397
v -0.766083 -0.111819 0.406257
v -0.764237 -0.114544 0.406116
v -0.771353 -0.108994 0.399677
v -0.766828 -0.111388 0.403084
v -0.768731 -0.109091 0.403254
v -0.770648 -0.106237 0.403907
v -0.775259 -0.102053 0.405966
v -0.778609 -0.100266 0.407826
v -0.783112 -0.099561 0.409872
v -0.787319 -0.100107 0.411598
v -0.774804 -0.105073 0.409237
v -0.772092 -0.106664 0.407775
v -0.784999 -0.102423 0.414409
v -0.769955 -0.108273 0.407009
v -0.769224 -0.109751 0.410311
v -0.755056 -0.091227 0.379545
v -0.790207 -0.136887 0.435120
v -0.791108 -0.138819 0.433911
v -0.782862 -0.138421 0.429520
v -0.759886 -0.103608 0.392672
v -0.772587 -0.117577 0.426086
v -0.772168 -0.118930 0.425705
v -0.779484 -0.116117 0.429091
v -0.716487 -0.105418 0.472962
v -0.750777 -0.096284 0.392035
v -0.769259 -0.118459 0.423759
v -0.769567 -0.116785 0.423816
v -0.736294 -0.126733 0.463145
v -0.797764 -0.134390 0.426838
v -0.803436 -0.128137 0.421802
v -0.798629 -0.129515 0.416580
v -0.792365 -0.135040 0.421215
v -0.787540 -0.096698 0.392280
v -0.788497 -0.094120 0.391755
v -0.847166 -0.098168 0.510156
v -0.842411 -0.110165 0.511174
v -0.836161 -0.125314 0.504218
v -0.833486 -0.123872 0.511020
v -0.822907 -0.135996 0.501737
v -0.819702 -0.134748 0.508614
v -0.808344 -0.141864 0.497330
v -0.804132 -0.140600 0.505465
v -0.785039 -0.140335 0.510918
v -0.799990 -0.137976 0.514164
v -0.789195 -0.142657 0.502046
v -0.815768 -0.132181 0.517020
v -0.829898 -0.121929 0.518451
v -0.839309 -0.108624 0.517938
v -0.844047 -0.096933 0.516741
v -0.769846 -0.139437 0.507440
v -0.817237 -0.083164 0.550824
v -0.808214 -0.081438 0.556281
v -0.812452 -0.090176 0.552255
v -0.808002 -0.086469 0.555687
v -0.772200 -0.122949 0.425127
v -0.768825 -0.123108 0.423181
v -0.766426 -0.122640 0.421561
v -0.764720 -0.122038 0.420152
v -0.823885 -0.086145 0.544850
v -0.771333 -0.108089 0.398503
v -0.736647 -0.121232 0.461328
v -0.799693 -0.138432 0.441750
v -0.826292 -0.125239 0.439551
v -0.821522 -0.127350 0.436561
v -0.819631 -0.131826 0.442153
v -0.723927 -0.085810 0.450339
v -0.772320 -0.137538 0.428521
v -0.785497 -0.094963 0.384195
v -0.758986 -0.090470 0.387414
v -0.784982 -0.126143 0.426157
v -0.785540 -0.128097 0.424235
v -0.738140 -0.103796 0.431120
v -0.734613 -0.106367 0.429909
v -0.793061 -0.138295 0.431290
v -0.764985 -0.119397 0.420039
v -0.818117 -0.094656 0.546931
v -0.786670 -0.118565 0.426752
v -0.782230 -0.121509 0.427616
v -0.759699 -0.101696 0.392359
v -0.826749 -0.136180 0.492483
v -0.838892 -0.125610 0.496946
v -0.789531 -0.110362 0.424025
v -0.787483 -0.112642 0.426772
v -0.794593 -0.111913 0.549040
v -0.808099 -0.105049 0.549024
v -0.789455 -0.103821 0.555352
v -0.802644 -0.097945 0.554210
v -0.785470 -0.094475 0.560363
v -0.799308 -0.089645 0.558215
v -0.781461 -0.084403 0.563331
v -0.796603 -0.082021 0.560492
v -0.781323 -0.072483 0.563214
v -0.782122 -0.063920 0.562853
v -0.778520 -0.114427 0.428499
v -0.754017 -0.074527 0.559876
v -0.754683 -0.060481 0.559216
v -0.767682 -0.061940 0.561955
v -0.767099 -0.073285 0.562917
v -0.839312 -0.107796 0.435521
v -0.731339 -0.088864 0.546284
v -0.731189 -0.074798 0.546523
v -0.785296 -0.133352 0.442686
v -0.831511 -0.115900 0.433544
v -0.829222 -0.121338 0.436646
v -0.826791 -0.130978 0.451473
v -0.824165 -0.134388 0.457848
v -0.813149 -0.141884 0.487037
v -0.787633 -0.107993 0.423903
v -0.785824 -0.110370 0.427380
v -0.780653 -0.117200 0.547839
v -0.776016 -0.108134 0.554732
v -0.771305 -0.099068 0.560139
v -0.767681 -0.087486 0.563040
v -0.783114 -0.108591 0.426759
v -0.781002 -0.112077 0.428431
v -0.783096 -0.113715 0.429342
v -0.842099 -0.095103 0.432651
v -0.841028 -0.101353 0.433920
v -0.800384 -0.143420 0.481895
v -0.794431 -0.143418 0.492881
v -0.784953 -0.106017 0.423665
v -0.785796 -0.105337 0.418979
v -0.767993 -0.120231 0.544468
v -0.763014 -0.111594 0.551690
v -0.758557 -0.101744 0.556479
v -0.754574 -0.089057 0.559436
v -0.742772 -0.089308 0.553282
v -0.742316 -0.075084 0.553784
v -0.781600 -0.103665 0.423080
v -0.737386 -0.129586 0.458964
v -0.739649 -0.084575 0.405127
v -0.814649 -0.138443 0.453134
v -0.816851 -0.135577 0.447574
v -0.833199 -0.110284 0.430936
v -0.836940 -0.095282 0.427122
v -0.833357 -0.095377 0.423454
v -0.831772 -0.103202 0.424648
v -0.835487 -0.102810 0.428602
v -0.828833 -0.095509 0.418740
v -0.827378 -0.103323 0.420223
v -0.828889 -0.111383 0.427319
v -0.824545 -0.111839 0.423299
v -0.822204 -0.117483 0.425881
v -0.826931 -0.117086 0.429799
v -0.819353 -0.122791 0.428959
v -0.824460 -0.122490 0.433052
v -0.816434 -0.127968 0.432627
v -0.811904 -0.133499 0.437610
v -0.808595 -0.069244 0.406007
v -0.808403 -0.067651 0.406185
v -0.809026 -0.067558 0.409193
v -0.809262 -0.069504 0.408974
v -0.806991 -0.067811 0.406222
v -0.807302 -0.067752 0.409238
v -0.813447 -0.111243 0.413411
v -0.807122 -0.110978 0.408072
v -0.765600 -0.117069 0.421611
v -0.767016 -0.117771 0.422647
v -0.767312 -0.115848 0.422662
v -0.765582 -0.114962 0.421613
v -0.769103 -0.120464 0.423479
v -0.766804 -0.119965 0.422104
v -0.788730 -0.139357 0.477215
v -0.781469 -0.140151 0.488652
v -0.775086 -0.140742 0.498328
v -0.774597 -0.111488 0.426138
v -0.778448 -0.111460 0.427689
v -0.771651 -0.109898 0.424418
v -0.754554 -0.121445 0.538918
v -0.749808 -0.112492 0.545633
v -0.745982 -0.102461 0.550293
v -0.742523 -0.059713 0.553165
v -0.823559 -0.095533 0.414017
v -0.822318 -0.102244 0.415386
v -0.819602 -0.111903 0.418649
v -0.817085 -0.117340 0.421302
v -0.814396 -0.122506 0.424223
v -0.810897 -0.127430 0.427806
v -0.806316 -0.133395 0.433249
v -0.801805 -0.138091 0.439395
v -0.767838 -0.114306 0.422561
v -0.766206 -0.113379 0.421480
v -0.777128 -0.136519 0.473035
v -0.768468 -0.136632 0.484427
v -0.761229 -0.136314 0.493973
v -0.772164 -0.104606 0.424126
v -0.768437 -0.107648 0.422020
v -0.769142 -0.108305 0.422616
v -0.773164 -0.104829 0.424605
v -0.763306 -0.119066 0.418156
v -0.741467 -0.120703 0.531762
v -0.737213 -0.111800 0.538048
v -0.733880 -0.102009 0.543016
v -0.731405 -0.059269 0.546152
v -0.810857 -0.116730 0.416270
v -0.807602 -0.122333 0.418891
v -0.768020 -0.112769 0.422725
v -0.766606 -0.111888 0.421616
v -0.766922 -0.110792 0.421743
v -0.768095 -0.110972 0.422825
v -0.766057 -0.134307 0.469222
v -0.756422 -0.134653 0.480606
v -0.748708 -0.134193 0.489119
v -0.737715 -0.128670 0.458625
v -0.763958 -0.118331 0.418540
v -0.781357 -0.105263 0.424662
v -0.731894 -0.118874 0.525045
v -0.728113 -0.110487 0.531147
v -0.724997 -0.101238 0.535894
v -0.803479 -0.111387 0.406340
v -0.802821 -0.105421 0.404656
v -0.807158 -0.069354 0.406049
v -0.807505 -0.069639 0.409025
v -0.809333 -0.069068 0.403459
v -0.809105 -0.067171 0.403655
v -0.772229 -0.120479 0.425382
v -0.768231 -0.109662 0.422416
v -0.766510 -0.109951 0.421097
v -0.778750 -0.104853 0.425786
v -0.790100 -0.093701 0.395613
v -0.802551 -0.094670 0.400771
v -0.807897 -0.095126 0.402758
v -0.798724 -0.101305 0.402380
v -0.796075 -0.103379 0.403873
v -0.760882 -0.122548 0.407127
v -0.752941 -0.107014 0.422556
v -0.751498 -0.102698 0.423943
v -0.737437 -0.120696 0.459808
v -0.771996 -0.103796 0.423905
v -0.773200 -0.103873 0.424490
v -0.777062 -0.122734 0.427020
v -0.770091 -0.113942 0.424151
v -0.770167 -0.112071 0.424222
v -0.708636 -0.098991 0.513295
v -0.702299 -0.062974 0.499168
v -0.771181 -0.110424 0.424186
v -0.768250 -0.108501 0.422088
v -0.766991 -0.108152 0.421053
v -0.774241 -0.112126 0.425988
v -0.776972 -0.112282 0.427680
v -0.706656 -0.098767 0.506654
v -0.743495 -0.101425 0.423115
v -0.762561 -0.118937 0.404061
v -0.788772 -0.102926 0.416520
v -0.768274 -0.110186 0.406305
v -0.757347 -0.087801 0.430398
v -0.760576 -0.100628 0.394505
v -0.738422 -0.083712 0.409120
v -0.705859 -0.066503 0.481583
v -0.702874 -0.061605 0.507307
v -0.705368 -0.060813 0.514540
v -0.740761 -0.103104 0.422031
v -0.764908 -0.114784 0.402887
v -0.768200 -0.107779 0.419707
v -0.772855 -0.103966 0.404806
v -0.773913 -0.113098 0.425442
v -0.770514 -0.111072 0.423983
v -0.743217 -0.116180 0.402853
v -0.769963 -0.115419 0.423903
v -0.739012 -0.084203 0.406755
v -0.734056 -0.104321 0.420410
v -0.778585 -0.103677 0.425317
v -0.764660 -0.114550 0.420616
v -0.765260 -0.112797 0.420418
v -0.784467 -0.115804 0.428549
v -0.765723 -0.110968 0.420811
v -0.764878 -0.116494 0.420996
v -0.764846 -0.118051 0.419977
v -0.755209 -0.114190 0.401670
v -0.759269 -0.114265 0.404688
v -0.757669 -0.111848 0.400649
v -0.758153 -0.113512 0.400269
v -0.758118 -0.113404 0.400942
v -0.756833 -0.114962 0.400669
v -0.757019 -0.114591 0.401140
v -0.749420 -0.117210 0.402555
v -0.759850 -0.114624 0.404186
v -0.760348 -0.113964 0.404090
v -0.760150 -0.113243 0.404252
v -0.743909 -0.116305 0.402665
v -0.719117 -0.094343 0.460340
v -0.721140 -0.093176 0.456133
v -0.722312 -0.090090 0.451900
v -0.723085 -0.087959 0.450905
v -0.723045 -0.087043 0.451334
v -0.721416 -0.087443 0.454004
v -0.722616 -0.086687 0.452024
v -0.712798 -0.093212 0.471301
v -0.713700 -0.092139 0.467731
v -0.715548 -0.092079 0.464369
v -0.718084 -0.092022 0.460651
v -0.719896 -0.090883 0.456790
v -0.721886 -0.088603 0.452655
v -0.765994 -0.107908 0.422474
v -0.767220 -0.108262 0.423487
v -0.773805 -0.104317 0.426669
v -0.772554 -0.103653 0.426094
v -0.763410 -0.118505 0.420816
v -0.762782 -0.117982 0.419781
v -0.763613 -0.116379 0.422196
v -0.765442 -0.109501 0.422413
v -0.764518 -0.110898 0.422077
v -0.763568 -0.114039 0.421889
v -0.764169 -0.112286 0.421690
v -0.779798 -0.102808 0.426259
v -0.779151 -0.104601 0.427468
v -0.777286 -0.100385 0.425059
v -0.770232 -0.110470 0.425598
v -0.767158 -0.109213 0.423724
v -0.772878 -0.112386 0.426632
v -0.774339 -0.113473 0.428338
v -0.765014 -0.108529 0.419553
v -0.766874 -0.106725 0.419343
v -0.768949 -0.104113 0.420580
v -0.776089 -0.111890 0.429104
v -0.775696 -0.112902 0.429254
v -0.773454 -0.111916 0.427513
v -0.770175 -0.110182 0.425587
v -0.771311 -0.103583 0.425493
v -0.763667 -0.111375 0.419415
v -0.764343 -0.109741 0.419284
v -0.777727 -0.105704 0.427806
v -0.761874 -0.117130 0.418582
v -0.775536 -0.105837 0.427500
v -0.761994 -0.115482 0.417608
v -0.762830 -0.113193 0.419093
v -0.775201 -0.100663 0.423133
v -0.771898 -0.101632 0.422596
v -0.801768 -0.119694 0.410219
v -0.800342 -0.118438 0.411417
v -0.801929 -0.118827 0.411943
v -0.802550 -0.119367 0.411503
v -0.801137 -0.121048 0.410910
v -0.799641 -0.119975 0.412190
v -0.737342 -0.064888 0.391322
v -0.737460 -0.065259 0.390532
v -0.737662 -0.064302 0.388849
v -0.737088 -0.063048 0.391708
v -0.742256 -0.075769 0.377812
v -0.742292 -0.076294 0.377553
v -0.742734 -0.076271 0.376397
v -0.742609 -0.075587 0.377335
v -0.734911 -0.062598 0.399859
v -0.737020 -0.063434 0.400192
v -0.736442 -0.064915 0.400568
v -0.734795 -0.064781 0.399950
v -0.744672 -0.077856 0.376179
v -0.743147 -0.078013 0.374920
v -0.742763 -0.077645 0.375467
v -0.744043 -0.077652 0.376488
v -0.733139 -0.063842 0.407376
v -0.732715 -0.065786 0.408756
v -0.733502 -0.065453 0.406656
v -0.733229 -0.063637 0.407112
v -0.735100 -0.061226 0.399070
v -0.735915 -0.060384 0.396992
v -0.736315 -0.059906 0.396867
v -0.735498 -0.060208 0.398901
v -0.738117 -0.063660 0.388380
v -0.737764 -0.062339 0.390362
v -0.734686 -0.066533 0.401743
v -0.736192 -0.066362 0.402235
v -0.736073 -0.066399 0.404280
v -0.734136 -0.066512 0.404240
v -0.734189 -0.066889 0.404293
v -0.734884 -0.066944 0.401345
v -0.734100 -0.059868 0.405375
v -0.734246 -0.060219 0.404851
v -0.734703 -0.059968 0.402966
v -0.734560 -0.059359 0.402957
v -0.741338 -0.068420 0.381123
v -0.742036 -0.067982 0.380984
v -0.740786 -0.067101 0.383179
v -0.740223 -0.067682 0.383118
v -0.737321 -0.066985 0.391411
v -0.737425 -0.066788 0.392104
v -0.737175 -0.068217 0.393477
v -0.737535 -0.068459 0.391211
v -0.733619 -0.061359 0.406664
v -0.733710 -0.061467 0.407216
v -0.734048 -0.058730 0.410369
v -0.734097 -0.059113 0.408578
v -0.735427 -0.058043 0.407940
v -0.734852 -0.058056 0.410326
v -0.739125 -0.064081 0.386132
v -0.738797 -0.064466 0.386318
v -0.739344 -0.066535 0.384929
v -0.739749 -0.066075 0.384662
v -0.737249 -0.060241 0.393162
v -0.736858 -0.060707 0.393519
v -0.742236 -0.078447 0.376741
v -0.742448 -0.077754 0.376222
v -0.742436 -0.077423 0.376601
v -0.742067 -0.078208 0.377144
v -0.739103 -0.069856 0.385117
v -0.739577 -0.068524 0.384491
v -0.739480 -0.068270 0.384663
v -0.739027 -0.069766 0.385645
v -0.742130 -0.080681 0.376214
v -0.742367 -0.081149 0.375425
v -0.743121 -0.081232 0.376176
v -0.742893 -0.080955 0.376910
v -0.739172 -0.070578 0.384893
v -0.739053 -0.070743 0.385792
v -0.740219 -0.070032 0.385829
v -0.740768 -0.068999 0.384969
v -0.741663 -0.072821 0.379282
v -0.742027 -0.072386 0.378306
v -0.741974 -0.072069 0.378462
v -0.741588 -0.072521 0.379510
v -0.734826 -0.064898 0.399597
v -0.740206 -0.068240 0.383180
v -0.741473 -0.073841 0.379756
v -0.740976 -0.073463 0.380873
v -0.742518 -0.072995 0.379907
v -0.743000 -0.072454 0.378981
v -0.742634 -0.072480 0.377148
v -0.742606 -0.072914 0.377286
v -0.740285 -0.070891 0.385799
v -0.739356 -0.072519 0.384749
v -0.739538 -0.071889 0.384304
v -0.733608 -0.067167 0.408910
v -0.733885 -0.067201 0.406748
v -0.737731 -0.069540 0.394028
v -0.737982 -0.070256 0.391987
v -0.742265 -0.073944 0.380602
v -0.742451 -0.070250 0.381712
v -0.741379 -0.070061 0.380683
v -0.741085 -0.068996 0.381579
v -0.742231 -0.068930 0.382727
v -0.735375 -0.066682 0.398865
v -0.735735 -0.068082 0.401188
v -0.736307 -0.067834 0.399040
v -0.741534 -0.068452 0.383903
v -0.734117 -0.059555 0.406712
v -0.734909 -0.059047 0.402940
v -0.740672 -0.072044 0.384953
v -0.743776 -0.083981 0.373149
v -0.742940 -0.083327 0.374222
v -0.742883 -0.083872 0.374258
v -0.743585 -0.084338 0.373506
v -0.742991 -0.078339 0.377464
v -0.743345 -0.077877 0.376782
v -0.733231 -0.063770 0.407661
v -0.732903 -0.065427 0.409088
v -0.733949 -0.060324 0.407981
v -0.734095 -0.061593 0.407712
v -0.741593 -0.075366 0.379906
v -0.741653 -0.075146 0.379593
v -0.742065 -0.084714 0.375779
v -0.742865 -0.084709 0.376390
v -0.743613 -0.084043 0.375803
v -0.742374 -0.083870 0.374987
v -0.741764 -0.084372 0.376438
v -0.741661 -0.086827 0.376995
v -0.741976 -0.086671 0.376411
v -0.734650 -0.059953 0.401324
v -0.734857 -0.060742 0.400229
v -0.735298 -0.059992 0.399984
v -0.735086 -0.059510 0.401241
v -0.755313 -0.080093 0.385282
v -0.754073 -0.079150 0.389117
v -0.755655 -0.077562 0.389468
v -0.755948 -0.078400 0.385216
v -0.743705 -0.079079 0.374362
v -0.743940 -0.078976 0.373971
v -0.743322 -0.077439 0.374688
v -0.743663 -0.072852 0.377854
v -0.742332 -0.081829 0.375495
v -0.742919 -0.081673 0.374566
v -0.742908 -0.081128 0.374782
v -0.744708 -0.080659 0.375386
v -0.744061 -0.081406 0.375728
v -0.743501 -0.080594 0.374350
v -0.743563 -0.088469 0.373293
v -0.744156 -0.088885 0.373141
v -0.744222 -0.086624 0.372414
v -0.744879 -0.086805 0.372381
v -0.744788 -0.084003 0.372898
v -0.743718 -0.080960 0.373809
v -0.744797 -0.081082 0.373310
v -0.744872 -0.078866 0.373723
v -0.742832 -0.074056 0.376725
v -0.742893 -0.073918 0.376286
v -0.744417 -0.076723 0.374465
v -0.742830 -0.075304 0.376277
v -0.744063 -0.075192 0.375492
v -0.743979 -0.073540 0.375985
v -0.742265 -0.075249 0.380596
v -0.741630 -0.069952 0.380054
v -0.743644 -0.071880 0.377065
v -0.742553 -0.069468 0.379831
v -0.738835 -0.069519 0.386696
v -0.738731 -0.070175 0.387709
v -0.720434 -0.026411 0.483263
v -0.720173 -0.029214 0.476921
v -0.724251 -0.025988 0.471733
v -0.724906 -0.023265 0.476785
v -0.742068 -0.079676 0.376871
v -0.741838 -0.079709 0.377180
v -0.741891 -0.081140 0.376554
v -0.736108 -0.060529 0.410580
v -0.733967 -0.059280 0.410334
v -0.733862 -0.059387 0.412321
v -0.736132 -0.060916 0.411901
v -0.735805 -0.060556 0.409334
v -0.733934 -0.059670 0.408932
v -0.742332 -0.083477 0.375182
v -0.743964 -0.074006 0.377276
v -0.734935 -0.062382 0.399203
v -0.734973 -0.062146 0.398852
v -0.734973 -0.061827 0.400195
v -0.735010 -0.064525 0.399088
v -0.745244 -0.086293 0.373745
v -0.744042 -0.086494 0.372664
v -0.744694 -0.084708 0.374316
v -0.745325 -0.079317 0.375668
v -0.742782 -0.077289 0.375571
v -0.740362 -0.072978 0.382289
v -0.740442 -0.073446 0.382198
v -0.733859 -0.058935 0.412486
v -0.742959 -0.079912 0.377521
v -0.735547 -0.061064 0.408476
v -0.735565 -0.062063 0.408019
v -0.734958 -0.063809 0.408729
v -0.732944 -0.064964 0.411947
v -0.732665 -0.065197 0.412087
v -0.740980 -0.074296 0.391343
v -0.742741 -0.076385 0.391909
v -0.743121 -0.077640 0.389332
v -0.741305 -0.075384 0.388476
v -0.737372 -0.066565 0.392684
v -0.737373 -0.064661 0.392061
v -0.739138 -0.063169 0.392594
v -0.739192 -0.064601 0.392361
v -0.737231 -0.063211 0.392338
v -0.739201 -0.067890 0.385976
v -0.740367 -0.068079 0.386606
v -0.739804 -0.069393 0.387547
v -0.738707 -0.069426 0.386959
v -0.736273 -0.068128 0.396374
v -0.737295 -0.068937 0.396587
v -0.741925 -0.075712 0.378730
v -0.741862 -0.076267 0.378715
v -0.741515 -0.071141 0.379907
v -0.741378 -0.072172 0.380015
v -0.738643 -0.069760 0.387855
v -0.742827 -0.075105 0.376945
v -0.732327 -0.064171 0.414384
v -0.733416 -0.066092 0.412247
v -0.732392 -0.063765 0.413888
v -0.732618 -0.061734 0.414638
v -0.732646 -0.061630 0.415281
v -0.733423 -0.059951 0.413970
v -0.733663 -0.059631 0.414380
v -0.734311 -0.058440 0.412668
v -0.735583 -0.065257 0.406111
v -0.733789 -0.065081 0.406147
v -0.742391 -0.076014 0.379628
v -0.732734 -0.061871 0.414102
v -0.733424 -0.060245 0.413647
v -0.744125 -0.083943 0.375005
v -0.743633 -0.075177 0.377466
v -0.735907 -0.058431 0.405316
v -0.734796 -0.065138 0.409865
v -0.735018 -0.064890 0.411656
v -0.734846 -0.063801 0.412813
v -0.732561 -0.063568 0.413591
v -0.734917 -0.062593 0.412934
v -0.735547 -0.061647 0.412571
v -0.735242 -0.064359 0.398773
v -0.735014 -0.062317 0.398643
v -0.737071 -0.062501 0.400684
v -0.741575 -0.084361 0.377620
v -0.741942 -0.084366 0.379440
v -0.742042 -0.085841 0.379358
v -0.741778 -0.086749 0.377841
v -0.735763 -0.060853 0.396831
v -0.741379 -0.071058 0.380421
v -0.738609 -0.071432 0.390140
v -0.738199 -0.069967 0.389691
v -0.739843 -0.069781 0.388414
v -0.739627 -0.069470 0.390032
v -0.738345 -0.069516 0.389522
v -0.739442 -0.071893 0.388043
v -0.740571 -0.067068 0.386358
v -0.739387 -0.066573 0.385435
v -0.743226 -0.075949 0.377958
v -0.741327 -0.072675 0.382975
v -0.736131 -0.061479 0.404335
v -0.736588 -0.061332 0.403254
v -0.740299 -0.065662 0.387432
v -0.738860 -0.064841 0.386703
v -0.737960 -0.064698 0.388853
v -0.739382 -0.065103 0.389481
v -0.733468 -0.063578 0.406810
v -0.735423 -0.063908 0.406369
v -0.735615 -0.062369 0.405600
v -0.733551 -0.061338 0.406283
v -0.738642 -0.066107 0.393179
v -0.739139 -0.067822 0.385475
v -0.737230 -0.067680 0.393782
v -0.738533 -0.066905 0.394454
v -0.734908 -0.061295 0.400685
v -0.741183 -0.071796 0.380589
v -0.736999 -0.064343 0.398941
v -0.737096 -0.062559 0.398292
v -0.735652 -0.066147 0.397892
v -0.739416 -0.072316 0.387069
v -0.737446 -0.067096 0.390869
v -0.737480 -0.065531 0.390258
v -0.738879 -0.066009 0.390537
v -0.736967 -0.061442 0.402210
v -0.737063 -0.061888 0.401349
v -0.734826 -0.060458 0.401499
v -0.742711 -0.075923 0.378683
v -0.737702 -0.061392 0.396506
v -0.736858 -0.061382 0.393774
v -0.737741 -0.068284 0.390742
v -0.738858 -0.068249 0.391449
v -0.738706 -0.067091 0.391303
v -0.737337 -0.066108 0.398358
v -0.736531 -0.067514 0.396067
v -0.738772 -0.061632 0.393953
v -0.741899 -0.071979 0.381915
v -0.738316 -0.066642 0.396428
v -0.742221 -0.071260 0.381682
v -0.742817 -0.086593 0.376547
v -0.742803 -0.088743 0.374223
v -0.743931 -0.088628 0.374974
v -0.743182 -0.088442 0.375933
v -0.742210 -0.088423 0.375382
v -0.744576 -0.088087 0.374295
v -0.743507 -0.088105 0.373575
v -0.742130 -0.087757 0.376065
v -0.742830 -0.087695 0.376236
v -0.741673 -0.088211 0.376984
v -0.751955 -0.025413 0.449511
v -0.752362 -0.024845 0.451266
v -0.751896 -0.025078 0.453383
v -0.750773 -0.028496 0.450842
v -0.754535 -0.022967 0.449861
v -0.754313 -0.021928 0.453066
v -0.753285 -0.024272 0.444707
v -0.754713 -0.023897 0.446748
v -0.751325 -0.026006 0.447369
v -0.752843 -0.026827 0.443347
v -0.752575 -0.025628 0.443537
v -0.751444 -0.027785 0.445233
v -0.751639 -0.028617 0.444606
v -0.741802 -0.078798 0.378840
v -0.741722 -0.080125 0.378391
v -0.741557 -0.077787 0.379710
v -0.739724 -0.073817 0.385462
v -0.740742 -0.074719 0.383196
v -0.741141 -0.075065 0.382228
v -0.741106 -0.076458 0.381059
v -0.735643 -0.070192 0.414517
v -0.735896 -0.070202 0.413066
v -0.732461 -0.066385 0.415514
v -0.732228 -0.066872 0.417152
v -0.754958 -0.029048 0.443709
v -0.752337 -0.030712 0.443720
v -0.741837 -0.068419 0.391677
v -0.741725 -0.067607 0.391570
v -0.741845 -0.066894 0.391017
v -0.742325 -0.069511 0.390737
v -0.742158 -0.066375 0.390299
v -0.742461 -0.069750 0.389494
v -0.742816 -0.066619 0.388872
v -0.742467 -0.069333 0.388817
v -0.742995 -0.067574 0.388089
v -0.742876 -0.068344 0.388173
v -0.739611 -0.062947 0.401609
v -0.739487 -0.063958 0.401427
v -0.738963 -0.065079 0.401886
v -0.739621 -0.062503 0.402231
v -0.738819 -0.066129 0.403044
v -0.739529 -0.062279 0.402985
v -0.739254 -0.062257 0.403787
v -0.738816 -0.066183 0.404567
v -0.738504 -0.063071 0.405536
v -0.738886 -0.062361 0.404561
v -0.738441 -0.065316 0.405987
v -0.738335 -0.064243 0.406150
v -0.745751 -0.075409 0.379281
v -0.745375 -0.076059 0.379787
v -0.744957 -0.076250 0.380308
v -0.746095 -0.074394 0.379077
v -0.744676 -0.076118 0.381200
v -0.745750 -0.073593 0.379695
v -0.744632 -0.075460 0.381938
v -0.745271 -0.073411 0.380527
v -0.744691 -0.074561 0.381812
v -0.744890 -0.073828 0.381296
v -0.737737 -0.063848 0.408962
v -0.737578 -0.064716 0.409912
v -0.737888 -0.064607 0.411179
v -0.738373 -0.062506 0.408193
v -0.737981 -0.063853 0.412195
v -0.738609 -0.061782 0.408380
v -0.738157 -0.062912 0.412195
v -0.738881 -0.061317 0.409329
v -0.738550 -0.061748 0.411482
v -0.738383 -0.062289 0.411887
v -0.738725 -0.061380 0.410650
v -0.743288 -0.070059 0.386000
v -0.743610 -0.069328 0.385466
v -0.743251 -0.070841 0.386123
v -0.744216 -0.068765 0.384654
v -0.743563 -0.071708 0.385454
v -0.744760 -0.069058 0.383718
v -0.743721 -0.072052 0.384405
v -0.744774 -0.070291 0.383071
v -0.744022 -0.071781 0.383526
v -0.744590 -0.071124 0.383060
v -0.746434 -0.079421 0.376820
v -0.746069 -0.080400 0.377029
v -0.746094 -0.078449 0.377302
v -0.745735 -0.080788 0.377468
v -0.745761 -0.078193 0.377817
v -0.745133 -0.080804 0.378186
v -0.745463 -0.078276 0.378373
v -0.745009 -0.080585 0.378765
v -0.745197 -0.078651 0.379000
v -0.745137 -0.079845 0.379143
v -0.741218 -0.066340 0.395467
v -0.741133 -0.066168 0.396933
v -0.740477 -0.065773 0.398292
v -0.741304 -0.065706 0.394444
v -0.740196 -0.064275 0.398665
v -0.741738 -0.064486 0.393858
v -0.740274 -0.062975 0.398055
v -0.741681 -0.063321 0.394088
v -0.740672 -0.062233 0.396822
v -0.741434 -0.062166 0.395120
v -0.745734 -0.085057 0.376522
v -0.746075 -0.085153 0.375812
v -0.745473 -0.085565 0.377086
v -0.746429 -0.085617 0.375337
v -0.745263 -0.086811 0.377708
v -0.746799 -0.086678 0.375069
v -0.745325 -0.087788 0.377408
v -0.746497 -0.087731 0.375453
v -0.745544 -0.088355 0.376738
v -0.746154 -0.088233 0.375977
v -0.745396 -0.068918 0.392350
v -0.745365 -0.068346 0.392244
v -0.745471 -0.067830 0.391864
v -0.745640 -0.069627 0.391770
v -0.745693 -0.067433 0.391391
v -0.745711 -0.069742 0.390958
v -0.746111 -0.067489 0.390476
v -0.745764 -0.069385 0.390458
v -0.746184 -0.068102 0.389966
v -0.746083 -0.068661 0.390010
v -0.741791 -0.063428 0.402517
v -0.741627 -0.064189 0.402398
v -0.741168 -0.065050 0.402772
v -0.741855 -0.063219 0.403013
v -0.741000 -0.065841 0.403680
v -0.741767 -0.063011 0.403611
v -0.741301 -0.062865 0.404165
v -0.740975 -0.065923 0.404894
v -0.740892 -0.063677 0.405640
v -0.741258 -0.063129 0.404862
v -0.740721 -0.065340 0.406005
v -0.740694 -0.064554 0.406132
v -0.748968 -0.075960 0.381895
v -0.748729 -0.076403 0.382224
v -0.748438 -0.076504 0.382593
v -0.749163 -0.075246 0.381795
v -0.748229 -0.076363 0.383246
v -0.748880 -0.074640 0.382258
v -0.748159 -0.075857 0.383817
v -0.748540 -0.074510 0.382840
v -0.748165 -0.075230 0.383755
v -0.748293 -0.074790 0.383371
v -0.739826 -0.063912 0.409266
v -0.739656 -0.064463 0.410144
v -0.739867 -0.064351 0.411022
v -0.740430 -0.062721 0.408529
v -0.739893 -0.063693 0.411741
v -0.740634 -0.062062 0.408614
v -0.739983 -0.063085 0.411838
v -0.740790 -0.061640 0.409379
v -0.740290 -0.062067 0.411198
v -0.739918 -0.062519 0.411636
v -0.740509 -0.061708 0.410504
v -0.747555 -0.070273 0.386954
v -0.747728 -0.069750 0.386632
v -0.747551 -0.070870 0.387041
v -0.748115 -0.069352 0.386101
v -0.747750 -0.071565 0.386641
v -0.748505 -0.069611 0.385417
v -0.747848 -0.071783 0.385840
v -0.748520 -0.070551 0.384932
v -0.748012 -0.071629 0.385207
v -0.748391 -0.071261 0.384878
v -0.748728 -0.079759 0.379035
v -0.748497 -0.080329 0.379226
v -0.748538 -0.078959 0.379338
v -0.748270 -0.080601 0.379534
v -0.748301 -0.078830 0.379723
v -0.747875 -0.080661 0.380029
v -0.748114 -0.078926 0.380149
v -0.747797 -0.080482 0.380428
v -0.747961 -0.079224 0.380541
v -0.747903 -0.079851 0.380700
v -0.743551 -0.066008 0.396207
v -0.743482 -0.065885 0.397242
v -0.743117 -0.065338 0.398009
v -0.743634 -0.065485 0.395435
v -0.742962 -0.064304 0.398161
v -0.743919 -0.064530 0.395016
v -0.743011 -0.063461 0.397754
v -0.743895 -0.063634 0.395179
v -0.743249 -0.062870 0.397092
v -0.743744 -0.062771 0.395929
v -0.749698 -0.086132 0.378779
v -0.749940 -0.086135 0.378270
v -0.749535 -0.086383 0.379267
v -0.750231 -0.086305 0.377865
v -0.749398 -0.087145 0.379679
v -0.750490 -0.087012 0.377663
v -0.749393 -0.087706 0.379503
v -0.750272 -0.087688 0.377937
v -0.749485 -0.088070 0.379015
v -0.750001 -0.088021 0.378356
v -0.747296 -0.069033 0.391658
v -0.742815 -0.064859 0.404896
v -0.750026 -0.075746 0.383616
v -0.741988 -0.063202 0.410125
v -0.749394 -0.071020 0.386743
v -0.749558 -0.079807 0.380930
v -0.744989 -0.064655 0.397093
v -0.751367 -0.087186 0.379595
v -0.740777 -0.076876 0.410879
v -0.740934 -0.074667 0.410546
v -0.741280 -0.075154 0.410784
v -0.737281 -0.059485 0.413995
v -0.736599 -0.060267 0.414852
v -0.735736 -0.059727 0.414513
v -0.742445 -0.081806 0.399780
v -0.741698 -0.083686 0.400935
v -0.742295 -0.084191 0.398729
v -0.743242 -0.082080 0.397379
v -0.742941 -0.084775 0.396308
v -0.718006 -0.056648 0.462702
v -0.718716 -0.056593 0.463044
v -0.720587 -0.057798 0.460111
v -0.719887 -0.057838 0.459812
v -0.759694 -0.036267 0.441258
v -0.755947 -0.030879 0.445279
v -0.753906 -0.032541 0.443267
v -0.756258 -0.037852 0.439567
v -0.752068 -0.035482 0.443556
v -0.753880 -0.039458 0.439857
v -0.724013 -0.063362 0.453738
v -0.724729 -0.063420 0.453924
v -0.727026 -0.067752 0.450450
v -0.725914 -0.067527 0.451060
v -0.729285 -0.068698 0.449743
v -0.726041 -0.063984 0.448316
v -0.724977 -0.062096 0.450577
v -0.725047 -0.066846 0.450044
v -0.710091 -0.062622 0.476576
v -0.709728 -0.062756 0.476100
v -0.719929 -0.031739 0.470803
v -0.723589 -0.028705 0.465723
v -0.775244 -0.069055 0.414958
v -0.775306 -0.069586 0.413058
v -0.778177 -0.071315 0.415924
v -0.777471 -0.071478 0.417816
v -0.712765 -0.057919 0.472757
v -0.712262 -0.058061 0.472341
v -0.722579 -0.056920 0.456315
v -0.723700 -0.059231 0.453921
v -0.724097 -0.058042 0.452818
v -0.722993 -0.055619 0.455368
v -0.711884 -0.055093 0.472144
v -0.711807 -0.057384 0.472193
v -0.713553 -0.055976 0.469387
v -0.713919 -0.054395 0.469588
v -0.723665 -0.048698 0.455866
v -0.726590 -0.050879 0.452425
v -0.730647 -0.051059 0.452392
v -0.729317 -0.049180 0.455278
v -0.728069 -0.054159 0.448650
v -0.727987 -0.059216 0.445395
v -0.731914 -0.057732 0.446519
v -0.730895 -0.053691 0.449395
v -0.709772 -0.062286 0.476968
v -0.727435 -0.067774 0.450017
v -0.761609 -0.034798 0.442560
v -0.757114 -0.029593 0.446994
v -0.716212 -0.033751 0.481094
v -0.716556 -0.035510 0.474879
v -0.712657 -0.057489 0.473038
v -0.714125 -0.056654 0.469620
v -0.720648 -0.055132 0.458687
v -0.720964 -0.053670 0.458072
v -0.724997 -0.063363 0.453593
v -0.750178 -0.037931 0.444965
v -0.750824 -0.041197 0.441446
v -0.747821 -0.040588 0.447541
v -0.748070 -0.043931 0.443331
v -0.718838 -0.056255 0.463004
v -0.720726 -0.057494 0.459997
v -0.715816 -0.054826 0.466916
v -0.715379 -0.055944 0.466631
v -0.717220 -0.056043 0.462175
v -0.718191 -0.054029 0.462251
v -0.714737 -0.056157 0.470293
v -0.714731 -0.056565 0.470056
v -0.708999 -0.062101 0.475898
v -0.794841 -0.074458 0.414418
v -0.796837 -0.076803 0.412468
v -0.799913 -0.074006 0.412165
v -0.797742 -0.072256 0.414242
v -0.778878 -0.043637 0.402221
v -0.776826 -0.045529 0.405764
v -0.780136 -0.044855 0.408388
v -0.782038 -0.043607 0.404595
v -0.781122 -0.073247 0.416998
v -0.779959 -0.072803 0.418780
v -0.713154 -0.036979 0.506529
v -0.708851 -0.048815 0.511282
v -0.706091 -0.050784 0.504581
v -0.710978 -0.038077 0.500152
v -0.733059 -0.067112 0.418567
v -0.734029 -0.066010 0.418113
v -0.735353 -0.066231 0.419521
v -0.734506 -0.067354 0.419953
v -0.723158 -0.062665 0.452674
v -0.744546 -0.045671 0.447633
v -0.745275 -0.047047 0.445213
v -0.757932 -0.027961 0.448978
v -0.761922 -0.031701 0.445564
v -0.719080 -0.057174 0.459179
v -0.716013 -0.056583 0.466973
v -0.721447 -0.043578 0.464308
v -0.720214 -0.044352 0.467720
v -0.720283 -0.045446 0.466100
v -0.720678 -0.044869 0.464263
v -0.737877 -0.070462 0.417458
v -0.736551 -0.070336 0.416059
v -0.741464 -0.070380 0.420199
v -0.737874 -0.067847 0.423564
v -0.740159 -0.067959 0.425929
v -0.744178 -0.070347 0.421858
v -0.755129 -0.086956 0.393755
v -0.754267 -0.086370 0.392869
v -0.757131 -0.088462 0.387116
v -0.758322 -0.089532 0.388274
v -0.739463 -0.070454 0.418747
v -0.744383 -0.071769 0.417301
v -0.742680 -0.071996 0.415904
v -0.746236 -0.072646 0.415311
v -0.744656 -0.072895 0.414103
v -0.747691 -0.073356 0.413276
v -0.746244 -0.073594 0.412248
v -0.748564 -0.073884 0.411459
v -0.747604 -0.074084 0.410632
v -0.746999 -0.075291 0.407557
v -0.748292 -0.074689 0.408689
v -0.750752 -0.075306 0.405424
v -0.749140 -0.075422 0.404286
v -0.752666 -0.075101 0.401607
v -0.750870 -0.074888 0.400447
v -0.744254 -0.068046 0.429419
v -0.748109 -0.070267 0.424344
v -0.747272 -0.068966 0.431723
v -0.751515 -0.071865 0.426238
v -0.755607 -0.028124 0.445531
v -0.736308 -0.053270 0.448214
v -0.736757 -0.050586 0.450731
v -0.727716 -0.062682 0.445308
v -0.730915 -0.062664 0.446146
v -0.741789 -0.082759 0.379521
v -0.741484 -0.081951 0.377872
v -0.742242 -0.081728 0.381218
v -0.741874 -0.081605 0.401417
v -0.741114 -0.083369 0.402444
v -0.740245 -0.079864 0.412782
v -0.739270 -0.079794 0.412207
v -0.740504 -0.077059 0.410342
v -0.742146 -0.075528 0.398952
v -0.741935 -0.075578 0.401162
v -0.742311 -0.078396 0.401918
v -0.742711 -0.078353 0.400081
v -0.741465 -0.077038 0.383794
v -0.741630 -0.077899 0.383227
v -0.740336 -0.071158 0.409573
v -0.733696 -0.066260 0.413069
v -0.739495 -0.070775 0.410889
v -0.716654 -0.056526 0.467416
v -0.716719 -0.056146 0.467587
v -0.736448 -0.064909 0.416539
v -0.737880 -0.065422 0.417869
v -0.730500 -0.064755 0.448309
v -0.737317 -0.065904 0.448063
v -0.737436 -0.062015 0.446220
v -0.757550 -0.057262 0.424879
v -0.757176 -0.052392 0.427233
v -0.754230 -0.053245 0.430264
v -0.754374 -0.057534 0.427607
v -0.719050 -0.047128 0.468032
v -0.713864 -0.051181 0.472324
v -0.714659 -0.051060 0.470325
v -0.737315 -0.061412 0.415233
v -0.735282 -0.064217 0.415833
v -0.734431 -0.063119 0.415742
v -0.740976 -0.063703 0.416742
v -0.738882 -0.062370 0.415722
v -0.740617 -0.065954 0.423336
v -0.744256 -0.065759 0.422432
v -0.744967 -0.065696 0.427140
v -0.742105 -0.065770 0.426974
v -0.747700 -0.068879 0.438434
v -0.748548 -0.069414 0.436423
v -0.746115 -0.065878 0.432855
v -0.746887 -0.065384 0.433849
v -0.745422 -0.065543 0.430081
v -0.746827 -0.065159 0.430684
v -0.743523 -0.065677 0.429949
v -0.743070 -0.066636 0.430215
v -0.745176 -0.067752 0.432580
v -0.739226 -0.065810 0.420176
v -0.742797 -0.064927 0.418716
v -0.733822 -0.062498 0.415798
v -0.733299 -0.061994 0.415726
v -0.734666 -0.059640 0.414525
v -0.744815 -0.065777 0.431401
v -0.732411 -0.064442 0.414893
v -0.746744 -0.030055 0.457052
v -0.746021 -0.033252 0.457525
v -0.745463 -0.033863 0.456424
v -0.746249 -0.030273 0.455673
v -0.746487 -0.029695 0.458290
v -0.745662 -0.033377 0.458596
v -0.745247 -0.029353 0.459388
v -0.744631 -0.032577 0.459515
v -0.744805 -0.059359 0.407725
v -0.746147 -0.058511 0.405159
v -0.749072 -0.058314 0.406346
v -0.747145 -0.059785 0.408957
v -0.742913 -0.029421 0.458154
v -0.742616 -0.033137 0.458533
v -0.810580 -0.063581 0.554056
v -0.796704 -0.059278 0.559131
v -0.816927 -0.090588 0.408422
v -0.812183 -0.091762 0.404915
v -0.808168 -0.092504 0.402236
v -0.812016 -0.088059 0.404389
v -0.809017 -0.086499 0.402179
v -0.763897 -0.038192 0.408263
v -0.769262 -0.034358 0.411792
v -0.770524 -0.037509 0.407501
v -0.769945 -0.040940 0.404603
v -0.848379 -0.090083 0.439029
v -0.853764 -0.089752 0.449541
v -0.854006 -0.085002 0.449016
v -0.848971 -0.084223 0.439060
v -0.853986 -0.079747 0.448456
v -0.849285 -0.078053 0.439415
v -0.857861 -0.087658 0.467328
v -0.856591 -0.088957 0.458761
v -0.857805 -0.085820 0.476350
v -0.857209 -0.083972 0.483525
v -0.758122 -0.042073 0.434599
v -0.760846 -0.050843 0.425605
v -0.765137 -0.048687 0.425282
v -0.762456 -0.041421 0.434299
v -0.755393 -0.043366 0.435442
v -0.855000 -0.080522 0.496498
v -0.856203 -0.082193 0.490026
v -0.853973 -0.079240 0.501260
v -0.851833 -0.077480 0.507288
v -0.848857 -0.075539 0.513445
v -0.759220 -0.017967 0.463195
v -0.754954 -0.014466 0.470080
v -0.752349 -0.015893 0.466879
v -0.756246 -0.020270 0.458128
v -0.761196 -0.011393 0.475887
v -0.773985 -0.010405 0.481175
v -0.769372 -0.007760 0.490529
v -0.757479 -0.008742 0.484610
v -0.740559 -0.072543 0.413520
v -0.741540 -0.072250 0.414748
v -0.710698 -0.040105 0.492707
v -0.704996 -0.052964 0.497317
v -0.835309 -0.070569 0.533407
v -0.828567 -0.068616 0.541417
v -0.820897 -0.066589 0.547985
v -0.849284 -0.072028 0.440509
v -0.853465 -0.075255 0.447761
v -0.842343 -0.068071 0.432274
v -0.843016 -0.075003 0.431135
v -0.722042 -0.044723 0.461092
v -0.721033 -0.045942 0.462022
v -0.856715 -0.084634 0.457719
v -0.856557 -0.079154 0.455620
v -0.858058 -0.081146 0.474245
v -0.858108 -0.083421 0.465615
v -0.857581 -0.072522 0.468129
v -0.857486 -0.076884 0.461672
v -0.743332 -0.082015 0.385767
v -0.743136 -0.082585 0.384661
v -0.742914 -0.081433 0.383973
v -0.743059 -0.080399 0.385116
v -0.854490 -0.072506 0.450769
v -0.848781 -0.065839 0.442803
v -0.855031 -0.062671 0.460075
v -0.854692 -0.068064 0.454672
v -0.847944 -0.059988 0.446208
v -0.847287 -0.053593 0.451105
v -0.857466 -0.078548 0.480958
v -0.857176 -0.068481 0.474866
v -0.854581 -0.056672 0.466836
v -0.854977 -0.072192 0.494089
v -0.856325 -0.075337 0.487329
v -0.853789 -0.070431 0.498947
v -0.852915 -0.057928 0.495474
v -0.854405 -0.060169 0.489901
v -0.751727 -0.044539 0.437923
v -0.748725 -0.046778 0.440276
v -0.751405 -0.053755 0.433665
v -0.746338 -0.048941 0.442782
v -0.748897 -0.054814 0.436302
v -0.773638 -0.043655 0.427009
v -0.769233 -0.037902 0.435264
v -0.765981 -0.040171 0.434210
v -0.769400 -0.046419 0.425522
v -0.708443 -0.059840 0.476839
v -0.756567 -0.024260 0.446675
v -0.756468 -0.023309 0.449289
v -0.740594 -0.029796 0.456105
v -0.740655 -0.033253 0.456765
v -0.740516 -0.031245 0.455019
v -0.740763 -0.033250 0.455576
v -0.744156 -0.030517 0.454631
v -0.743719 -0.033831 0.455509
v -0.744645 -0.033928 0.455849
v -0.745278 -0.030384 0.454985
v -0.731052 -0.041083 0.459616
v -0.729824 -0.041414 0.461299
v -0.727662 -0.042452 0.461077
v -0.728346 -0.042838 0.459478
v -0.731588 -0.044053 0.456189
v -0.733007 -0.042299 0.457160
v -0.732900 -0.044241 0.454720
v -0.733638 -0.043334 0.455224
v -0.727843 -0.040767 0.462543
v -0.730060 -0.038690 0.459866
v -0.725121 -0.044840 0.460803
v -0.727690 -0.046893 0.460143
v -0.732853 -0.040925 0.456126
v -0.731503 -0.045192 0.456004
v -0.733514 -0.042802 0.453563
v -0.733010 -0.044782 0.452753
v -0.787092 -0.074598 0.412059
v -0.783867 -0.073993 0.418410
v -0.784322 -0.074146 0.411074
v -0.756199 -0.027195 0.447393
v -0.737876 -0.025776 0.455774
v -0.736578 -0.025239 0.457061
v -0.734581 -0.031063 0.455143
v -0.737340 -0.027841 0.453369
v -0.756860 -0.025477 0.447811
v -0.756881 -0.025977 0.446076
v -0.737550 -0.036783 0.453241
v -0.739061 -0.036620 0.452823
v -0.737586 -0.031345 0.452099
v -0.736497 -0.034055 0.453651
v -0.743556 -0.081483 0.387181
v -0.743763 -0.080988 0.388666
v -0.743973 -0.083630 0.389552
v -0.743665 -0.083928 0.387791
v -0.743623 -0.086282 0.388219
v -0.743781 -0.085988 0.390206
v -0.743129 -0.079441 0.386387
v -0.743138 -0.078512 0.387736
v -0.742249 -0.080133 0.382327
v -0.742391 -0.079026 0.384113
v -0.744072 -0.083174 0.391800
v -0.743882 -0.080344 0.390592
v -0.743660 -0.085544 0.392664
v -0.741625 -0.078672 0.381977
v -0.739507 -0.072510 0.400632
v -0.739833 -0.072793 0.398560
v -0.733330 -0.066147 0.413982
v -0.737313 -0.070372 0.411793
v -0.743772 -0.079343 0.393358
v -0.743726 -0.082477 0.395063
v -0.743375 -0.084206 0.386172
v -0.743163 -0.084437 0.384920
v -0.779718 -0.087033 0.387117
v -0.779177 -0.087128 0.387201
v -0.782190 -0.089277 0.386035
v -0.782746 -0.089223 0.385900
v -0.745593 -0.061289 0.391363
v -0.745776 -0.062527 0.390172
v -0.748564 -0.062485 0.391002
v -0.746934 -0.061520 0.391396
v -0.747679 -0.060386 0.392219
v -0.746161 -0.059740 0.392541
v -0.754770 -0.061997 0.392639
v -0.756317 -0.060461 0.392956
v -0.751670 -0.059141 0.392803
v -0.750814 -0.060304 0.392400
v -0.768569 -0.055118 0.391165
v -0.768280 -0.051125 0.391992
v -0.760673 -0.052514 0.391647
v -0.760258 -0.056463 0.391828
v -0.772910 -0.054597 0.390826
v -0.773181 -0.050410 0.392328
v -0.772986 -0.059914 0.390032
v -0.773582 -0.059884 0.390728
v -0.773487 -0.054822 0.391771
v -0.761543 -0.064565 0.393299
v -0.762432 -0.063164 0.392691
v -0.750974 -0.057988 0.393247
v -0.749030 -0.059306 0.393353
v -0.750185 -0.055961 0.393065
v -0.751951 -0.055834 0.392370
v -0.752844 -0.053217 0.392254
v -0.751273 -0.053553 0.393281
v -0.753735 -0.055730 0.391831
v -0.754624 -0.052747 0.391665
v -0.773841 -0.050821 0.393138
v -0.767979 -0.050550 0.408773
v -0.770652 -0.049344 0.409874
v -0.768203 -0.054561 0.414564
v -0.766397 -0.056495 0.413204
v -0.769562 -0.060740 0.390876
v -0.770980 -0.066837 0.390608
v -0.773808 -0.066017 0.390400
v -0.776252 -0.045240 0.398622
v -0.777621 -0.041752 0.402325
v -0.775205 -0.044298 0.398365
v -0.770791 -0.040156 0.400663
v -0.762040 -0.039892 0.399674
v -0.761350 -0.043761 0.394740
v -0.768617 -0.043685 0.396258
v -0.761074 -0.048821 0.392017
v -0.755010 -0.045642 0.393884
v -0.755088 -0.049897 0.391923
v -0.753589 -0.046198 0.394131
v -0.753418 -0.050562 0.392560
v -0.772271 -0.071827 0.391157
v -0.775037 -0.070623 0.391516
v -0.772950 -0.038177 0.403453
v -0.769226 -0.035765 0.404237
v -0.802328 -0.044571 0.421982
v -0.803719 -0.043989 0.419869
v -0.811432 -0.040898 0.427426
v -0.809553 -0.041338 0.427687
v -0.754199 -0.041941 0.398218
v -0.752637 -0.042475 0.398342
v -0.768835 -0.032881 0.409509
v -0.762294 -0.034675 0.406070
v -0.787695 -0.039071 0.407878
v -0.781634 -0.038204 0.407514
v -0.782197 -0.041697 0.404217
v -0.786832 -0.042771 0.405103
v -0.748576 -0.074814 0.436628
v -0.746623 -0.074182 0.438796
v -0.806302 -0.070787 0.401309
v -0.804727 -0.076334 0.401617
v -0.806595 -0.077406 0.400321
v -0.807868 -0.071276 0.399859
v -0.746795 -0.068175 0.440482
v -0.745716 -0.067363 0.444400
v -0.738918 -0.072345 0.442664
v -0.744752 -0.073413 0.441111
v -0.776456 -0.049226 0.408012
v -0.779423 -0.048510 0.410360
v -0.779656 -0.046517 0.409578
v -0.776480 -0.047266 0.407003
v -0.795012 -0.044990 0.405416
v -0.796591 -0.042502 0.406407
v -0.800824 -0.049640 0.403652
v -0.802334 -0.049320 0.404501
v -0.805206 -0.057257 0.401208
v -0.806380 -0.057318 0.402125
v -0.807229 -0.064023 0.400169
v -0.808396 -0.064033 0.401020
v -0.809155 -0.071499 0.400191
v -0.805680 -0.064155 0.401339
v -0.803642 -0.057466 0.402026
v -0.799143 -0.050052 0.404009
v -0.793745 -0.046434 0.405772
v -0.786053 -0.044320 0.405942
v -0.770914 -0.036367 0.406614
v -0.773066 -0.037442 0.405635
v -0.773055 -0.039116 0.407321
v -0.819330 -0.039883 0.431286
v -0.815230 -0.039970 0.428920
v -0.816199 -0.040955 0.427425
v -0.819882 -0.042768 0.427653
v -0.806985 -0.038007 0.434884
v -0.809207 -0.039853 0.430362
v -0.813354 -0.039381 0.430382
v -0.815650 -0.037204 0.435167
v -0.736798 -0.059512 0.399710
v -0.738895 -0.059213 0.399162
v -0.738557 -0.059052 0.400861
v -0.736520 -0.059173 0.401161
v -0.738014 -0.058648 0.404999
v -0.737383 -0.058412 0.407674
v -0.740459 -0.058767 0.404544
v -0.743025 -0.058785 0.404467
v -0.741777 -0.059142 0.407181
v -0.739427 -0.058690 0.407430
v -0.748625 -0.056270 0.395459
v -0.746462 -0.057985 0.395033
v -0.747892 -0.058911 0.394095
v -0.748079 -0.056532 0.397590
v -0.747816 -0.057144 0.399711
v -0.744674 -0.058082 0.399391
v -0.745339 -0.057949 0.397279
v -0.750071 -0.054075 0.395945
v -0.739768 -0.071709 0.405265
v -0.739084 -0.071969 0.403120
v -0.734946 -0.068037 0.404059
v -0.741835 -0.087934 0.378080
v -0.742009 -0.077522 0.385068
v -0.742468 -0.087128 0.380467
v -0.742349 -0.084442 0.380841
v -0.742709 -0.084592 0.382469
v -0.742947 -0.087108 0.382398
v -0.751597 -0.065723 0.389877
v -0.747156 -0.065049 0.388266
v -0.747827 -0.066228 0.387111
v -0.752071 -0.067476 0.388489
v -0.750946 -0.064278 0.390722
v -0.746439 -0.064056 0.389216
v -0.750809 -0.055533 0.400134
v -0.750263 -0.054769 0.398047
v -0.740493 -0.072991 0.396097
v -0.747549 -0.083569 0.406209
v -0.746897 -0.082889 0.405654
v -0.749030 -0.083659 0.402216
v -0.749804 -0.084340 0.402777
v -0.753885 -0.056152 0.404627
v -0.759643 -0.055131 0.406977
v -0.753900 -0.058783 0.409537
v -0.751602 -0.058233 0.407843
v -0.754666 -0.052681 0.400850
v -0.761628 -0.049138 0.403229
v -0.751302 -0.051688 0.396344
v -0.752000 -0.047854 0.396700
v -0.752986 -0.049053 0.397657
v -0.752440 -0.052471 0.398071
v -0.752031 -0.051055 0.393666
v -0.752376 -0.046881 0.394833
v -0.755053 -0.046833 0.399026
v -0.760695 -0.043295 0.402417
v -0.769334 -0.045948 0.405810
v -0.765673 -0.079929 0.388483
v -0.771026 -0.082829 0.388938
v -0.771277 -0.082281 0.389219
v -0.765803 -0.078890 0.388716
v -0.785319 -0.092131 0.384292
v -0.785838 -0.092120 0.384719
v -0.783364 -0.089061 0.386301
v -0.752206 -0.045350 0.399656
v -0.756178 -0.040372 0.407383
v -0.761284 -0.076119 0.386972
v -0.761422 -0.076950 0.387367
v -0.763369 -0.078557 0.387995
v -0.763440 -0.078001 0.387708
v -0.750861 -0.084498 0.399106
v -0.751722 -0.085142 0.399646
v -0.760735 -0.058982 0.411497
v -0.755602 -0.060068 0.411426
v -0.778797 -0.040220 0.407949
v -0.785882 -0.040080 0.411587
v -0.785206 -0.043691 0.411930
v -0.777076 -0.044172 0.409368
v -0.796475 -0.041702 0.414217
v -0.795462 -0.044481 0.415256
v -0.756025 -0.037405 0.406274
v -0.754629 -0.037938 0.406611
v -0.759646 -0.033743 0.412941
v -0.757996 -0.034579 0.413434
v -0.764547 -0.029424 0.416406
v -0.761183 -0.030500 0.416985
v -0.764027 -0.031736 0.412317
v -0.769112 -0.031151 0.413609
v -0.763325 -0.026966 0.419610
v -0.760568 -0.026996 0.419805
v -0.763978 -0.026400 0.423413
v -0.761630 -0.025549 0.423196
v -0.766327 -0.027706 0.420238
v -0.760038 -0.025086 0.431149
v -0.758150 -0.024341 0.430700
v -0.759751 -0.024511 0.427081
v -0.762083 -0.025388 0.427114
v -0.759269 -0.025335 0.423141
v -0.756778 -0.025528 0.422772
v -0.757796 -0.027223 0.419764
v -0.755649 -0.023885 0.430494
v -0.752508 -0.024346 0.430012
v -0.754855 -0.024596 0.426624
v -0.757405 -0.024235 0.426836
v -0.752941 -0.023969 0.438936
v -0.749755 -0.024337 0.437596
v -0.750205 -0.023980 0.433696
v -0.753589 -0.023679 0.434454
v -0.751750 -0.043264 0.398777
v -0.753852 -0.038540 0.407250
v -0.757586 -0.035221 0.414016
v -0.759105 -0.036531 0.413634
v -0.759838 -0.033278 0.417269
v -0.766615 -0.031019 0.418544
v -0.768251 -0.032809 0.415235
v -0.761654 -0.036064 0.412833
v -0.757851 -0.031828 0.417637
v -0.757352 -0.027959 0.420287
v -0.759579 -0.029444 0.420856
v -0.751600 -0.025309 0.429765
v -0.753269 -0.026384 0.430245
v -0.756032 -0.026499 0.427124
v -0.754161 -0.025321 0.426701
v -0.748897 -0.025561 0.437350
v -0.749720 -0.026680 0.437599
v -0.750467 -0.026186 0.434076
v -0.749151 -0.025053 0.433516
v -0.758469 -0.027433 0.423880
v -0.764697 -0.028465 0.423514
v -0.765355 -0.029554 0.421014
v -0.762308 -0.027314 0.427230
v -0.798682 -0.041357 0.408956
v -0.787583 -0.038134 0.410198
v -0.781466 -0.037291 0.409603
v -0.808441 -0.078042 0.400659
v -0.772138 -0.045282 0.406934
v -0.773715 -0.044996 0.407626
v -0.772495 -0.048368 0.410920
v -0.715981 -0.052457 0.467883
v -0.717298 -0.050819 0.465936
v -0.733782 -0.071613 0.443400
v -0.766274 -0.029380 0.447431
v -0.774132 -0.036040 0.436556
v -0.766999 -0.029490 0.420608
v -0.768456 -0.029358 0.417264
v -0.769966 -0.032209 0.414696
v -0.768903 -0.030865 0.417794
v -0.770297 -0.033437 0.411604
v -0.756468 -0.025058 0.443475
v -0.756338 -0.027377 0.442915
v -0.756436 -0.022298 0.452251
v -0.756666 -0.025051 0.449357
v -0.756567 -0.026285 0.449306
v -0.759344 -0.024165 0.453601
v -0.757061 -0.024157 0.452102
v -0.764611 -0.021531 0.457437
v -0.772862 -0.027897 0.448740
v -0.758116 -0.027024 0.436079
v -0.760105 -0.026918 0.431606
v -0.776080 -0.085074 0.388162
v -0.776501 -0.084789 0.388527
v -0.803555 -0.081611 0.400892
v -0.801719 -0.079779 0.402054
v -0.733839 -0.017311 0.494445
v -0.740316 -0.015045 0.501244
v -0.734976 -0.018749 0.508949
v -0.728440 -0.021030 0.501019
v -0.740495 -0.073306 0.393292
v -0.722943 -0.026328 0.507180
v -0.729659 -0.024265 0.515825
v -0.723735 -0.033630 0.522579
v -0.716967 -0.035612 0.513418
v -0.775623 -0.085220 0.388342
v -0.781588 -0.072912 0.420296
v -0.711644 -0.043152 0.479936
v -0.710932 -0.041683 0.486184
v -0.705664 -0.055163 0.490448
v -0.706548 -0.056771 0.484154
v -0.722386 -0.046311 0.458562
v -0.721330 -0.047481 0.459525
v -0.722604 -0.049871 0.456635
v -0.712103 -0.047286 0.518129
v -0.718424 -0.045218 0.527924
v -0.738729 -0.015004 0.486657
v -0.744783 -0.012743 0.492962
v -0.737616 -0.020243 0.464023
v -0.731292 -0.018486 0.475543
v -0.728856 -0.021525 0.470322
v -0.735253 -0.024110 0.459077
v -0.744624 -0.074437 0.410370
v -0.742732 -0.073628 0.412052
v -0.743634 -0.073164 0.413127
v -0.745476 -0.073908 0.411268
v -0.708096 -0.058008 0.478046
v -0.714128 -0.044208 0.473362
v -0.727179 -0.024161 0.467599
v -0.729138 -0.025816 0.460857
v -0.741684 -0.076347 0.386769
v -0.739588 -0.072420 0.392028
v -0.740395 -0.071489 0.407275
v -0.744180 -0.034355 0.457178
v -0.739509 -0.063212 0.388109
v -0.740308 -0.063696 0.386208
v -0.740882 -0.065646 0.384750
v -0.743355 -0.069363 0.380032
v -0.742864 -0.067863 0.381182
v -0.745384 -0.076624 0.374705
v -0.745035 -0.075145 0.375608
v -0.745762 -0.078909 0.373855
v -0.745827 -0.081209 0.373446
v -0.745893 -0.084179 0.373095
v -0.746813 -0.062405 0.435421
v -0.746743 -0.062654 0.431993
v -0.745292 -0.061502 0.423210
v -0.744281 -0.058720 0.423788
v -0.745592 -0.060298 0.427516
v -0.746544 -0.062705 0.428611
v -0.740030 -0.055941 0.419137
v -0.739938 -0.057245 0.417905
v -0.739095 -0.057017 0.417067
v -0.739879 -0.055655 0.418366
v -0.740922 -0.055848 0.420316
v -0.742043 -0.058212 0.418465
v -0.742155 -0.056496 0.421446
v -0.743787 -0.059493 0.419700
v -0.741544 -0.075630 0.402824
v -0.736123 -0.067628 0.421553
v -0.774354 -0.067207 0.402083
v -0.773090 -0.065756 0.407662
v -0.772078 -0.064223 0.407043
v -0.772646 -0.065388 0.401508
v -0.741456 -0.075457 0.404999
v -0.715917 -0.031353 0.488401
v -0.741555 -0.075028 0.407243
v -0.741276 -0.074694 0.409524
v -0.740068 -0.073266 0.390997
v -0.742779 -0.082585 0.383025
v -0.739975 -0.057626 0.415693
v -0.741400 -0.056361 0.416653
v -0.741686 -0.059266 0.414373
v -0.743617 -0.059058 0.415055
v -0.743161 -0.060935 0.413329
v -0.745112 -0.061513 0.414096
v -0.744518 -0.061182 0.411904
v -0.746744 -0.061878 0.412776
v -0.749117 -0.060224 0.410541
v -0.746851 -0.062026 0.418149
v -0.749615 -0.064671 0.421476
v -0.747034 -0.061057 0.422456
v -0.744655 -0.057396 0.419489
v -0.750420 -0.056854 0.403249
v -0.747208 -0.057692 0.402272
v -0.743968 -0.058318 0.401803
v -0.741279 -0.058660 0.401926
v -0.741878 -0.058752 0.399721
v -0.738392 -0.058689 0.402692
v -0.736291 -0.058587 0.402854
v -0.745481 -0.089481 0.373251
v -0.741671 -0.066733 0.383452
v -0.742141 -0.060364 0.411274
v -0.738836 -0.081349 0.413139
v -0.738854 -0.081915 0.410287
v -0.739691 -0.080523 0.409459
v -0.740333 -0.073556 0.389264
v -0.736791 -0.058885 0.412997
v -0.735714 -0.058509 0.412946
v -0.736532 -0.058328 0.410449
v -0.737993 -0.058759 0.410593
v -0.743685 -0.066647 0.384082
v -0.743225 -0.065408 0.385209
v -0.737025 -0.059591 0.398570
v -0.737631 -0.059524 0.396656
v -0.738323 -0.060042 0.393087
v -0.739076 -0.062043 0.389966
v -0.722155 -0.024388 0.489210
v -0.726380 -0.020602 0.483000
v -0.724604 -0.022492 0.495286
v -0.729279 -0.018843 0.488471
v -0.782449 -0.091044 0.389284
v -0.784234 -0.092038 0.384654
v -0.752709 -0.063966 0.424354
v -0.749384 -0.061791 0.425596
v -0.740769 -0.081135 0.404864
v -0.742044 -0.078400 0.403293
v -0.741676 -0.078283 0.405784
v -0.740193 -0.080881 0.407324
v -0.741704 -0.063044 0.388306
v -0.741187 -0.061745 0.389856
v -0.741249 -0.077878 0.408035
v -0.750904 -0.011730 0.479168
v -0.752555 -0.009382 0.498002
v -0.743082 -0.078389 0.397999
v -0.742494 -0.075482 0.396372
v -0.742385 -0.075777 0.393971
v -0.743424 -0.078707 0.395628
v -0.743186 -0.086956 0.383917
v -0.742969 -0.084601 0.383807
v -0.743310 -0.086778 0.385088
v -0.739838 -0.081437 0.413911
v -0.741264 -0.081383 0.403150
v -0.739238 -0.082273 0.408279
v -0.739832 -0.082664 0.405878
v -0.752213 -0.089498 0.376925
v -0.748191 -0.089507 0.374284
v -0.752555 -0.087416 0.377290
v -0.748519 -0.087135 0.374035
v -0.752590 -0.085451 0.377853
v -0.748410 -0.084532 0.374467
v -0.752414 -0.083215 0.378405
v -0.747980 -0.081748 0.374892
v -0.752252 -0.081104 0.378817
v -0.747635 -0.079361 0.375326
v -0.752035 -0.078994 0.379259
v -0.747197 -0.077000 0.375960
v -0.751660 -0.077197 0.379844
v -0.746816 -0.075504 0.376806
v -0.751225 -0.075733 0.380397
v -0.746472 -0.074125 0.377702
v -0.750607 -0.073898 0.381234
v -0.746023 -0.072467 0.378741
v -0.749899 -0.071472 0.382804
v -0.745179 -0.069706 0.380880
v -0.749345 -0.069741 0.384061
v -0.744641 -0.068177 0.382026
v -0.787200 -0.091854 0.387577
v -0.748524 -0.067661 0.385932
v -0.742474 -0.063812 0.386691
v -0.739618 -0.059289 0.410754
v -0.740460 -0.060226 0.392722
v -0.739861 -0.059440 0.395685
v -0.743983 -0.058861 0.395139
v -0.739082 -0.059241 0.397640
v -0.742725 -0.058691 0.397612
v -0.745844 -0.057833 0.440594
v -0.736199 -0.056459 0.446522
v -0.740414 -0.083008 0.404176
v -0.763394 -0.008238 0.503589
v -0.718427 -0.037350 0.468922
v -0.721847 -0.034451 0.465601
v -0.742354 -0.078228 0.410111
v -0.742346 -0.080387 0.411289
v -0.742988 -0.083102 0.383871
v -0.748377 -0.077941 0.399868
v -0.749596 -0.075566 0.399844
v -0.751077 -0.076569 0.396284
v -0.749932 -0.079153 0.396680
v -0.754382 -0.075161 0.397835
v -0.752363 -0.075393 0.396665
v -0.756258 -0.075812 0.394245
v -0.754166 -0.076417 0.393165
v -0.757716 -0.077073 0.390266
v -0.757695 -0.076701 0.385563
v -0.754538 -0.076586 0.382435
v -0.754559 -0.078117 0.382156
v -0.744791 -0.073558 0.376419
v -0.753704 -0.073268 0.383868
v -0.753220 -0.071544 0.385225
v -0.744368 -0.071882 0.377497
v -0.784914 -0.088284 0.388537
v -0.777433 -0.083417 0.390061
v -0.780386 -0.086815 0.387578
v -0.781648 -0.085623 0.389629
v -0.752340 -0.068698 0.387491
v -0.762228 -0.066588 0.392986
v -0.755640 -0.068749 0.391668
v -0.756980 -0.071592 0.389921
v -0.763158 -0.071940 0.391569
v -0.754962 -0.084476 0.385307
v -0.754569 -0.084074 0.381699
v -0.754900 -0.086125 0.381193
v -0.755743 -0.086608 0.384946
v -0.754988 -0.082158 0.385415
v -0.754475 -0.081836 0.381912
v -0.756451 -0.087931 0.384095
v -0.755120 -0.087620 0.380725
v -0.746018 -0.087003 0.372642
v -0.755227 -0.089476 0.379851
v -0.751111 -0.060987 0.411935
v -0.748856 -0.062724 0.413760
v -0.745275 -0.082828 0.409480
v -0.744740 -0.082111 0.408912
v -0.780797 -0.034230 0.438243
v -0.786081 -0.039079 0.430233
v -0.795421 -0.037848 0.432528
v -0.789888 -0.033126 0.440660
v -0.751401 -0.057568 0.430130
v -0.774704 -0.047471 0.395279
v -0.771620 -0.052198 0.397464
v -0.772321 -0.049831 0.399151
v -0.742797 -0.082268 0.412674
v -0.742417 -0.081481 0.411944
v -0.765618 -0.053683 0.420492
v -0.761373 -0.055958 0.422539
v -0.801119 -0.033298 0.443689
v -0.766271 -0.080450 0.394615
v -0.769172 -0.081918 0.395208
v -0.769947 -0.082737 0.391896
v -0.766037 -0.080745 0.391754
v -0.773932 -0.046914 0.394720
v -0.753942 -0.061939 0.413304
v -0.751752 -0.064009 0.415177
v -0.780632 -0.089060 0.389363
v -0.781545 -0.089293 0.386295
v -0.739588 -0.073104 0.411113
v -0.738257 -0.059329 0.412745
v -0.751261 -0.082612 0.421035
v -0.751529 -0.082212 0.423351
v -0.757174 -0.081623 0.421394
v -0.755854 -0.080911 0.423235
v -0.765350 -0.081111 0.422506
v -0.763236 -0.080371 0.425294
v -0.765416 -0.077988 0.421631
v -0.764069 -0.077029 0.424726
v -0.760472 -0.075589 0.419266
v -0.758081 -0.074991 0.421819
v -0.756785 -0.074900 0.417458
v -0.754967 -0.074026 0.420096
v -0.753763 -0.073459 0.415797
v -0.752053 -0.072632 0.418434
v -0.750279 -0.073289 0.414311
v -0.748769 -0.072516 0.416719
v -0.757887 -0.089713 0.385294
v -0.757323 -0.089666 0.383007
v -0.773980 -0.086032 0.401348
v -0.780182 -0.089181 0.394096
v -0.777914 -0.086790 0.392313
v -0.773064 -0.083817 0.399633
v -0.771516 -0.087855 0.401140
v -0.779208 -0.091813 0.393671
v -0.753567 -0.085494 0.391883
v -0.752530 -0.085297 0.396129
v -0.751825 -0.084482 0.395516
v -0.750178 -0.083619 0.398592
v -0.748440 -0.082715 0.401694
v -0.746438 -0.081967 0.405177
v -0.744418 -0.081133 0.408455
v -0.744099 -0.079217 0.407615
v -0.745905 -0.080049 0.404284
v -0.743827 -0.075275 0.409671
v -0.742012 -0.074331 0.411205
v -0.743016 -0.076499 0.409596
v -0.757329 -0.088858 0.385419
v -0.747702 -0.080561 0.400664
v -0.749324 -0.081671 0.397589
v -0.750930 -0.082760 0.394338
v -0.768359 -0.048147 0.393174
v -0.746292 -0.014366 0.473057
v -0.751202 -0.074150 0.411079
v -0.745926 -0.076048 0.407048
v -0.739740 -0.072907 0.412471
v -0.745279 -0.059849 0.416163
v -0.742975 -0.055934 0.417942
v -0.733185 -0.065686 0.416956
v -0.783971 -0.009215 0.496029
v -0.777129 -0.009666 0.509921
v -0.738221 -0.058957 0.415996
v -0.739562 -0.059551 0.416504
v -0.736790 -0.066488 0.421453
v -0.725184 -0.032058 0.461421
v -0.742084 -0.061118 0.417069
v -0.744355 -0.062856 0.418477
v -0.740823 -0.054914 0.419962
v -0.753429 -0.085910 0.396740
v -0.733666 -0.038568 0.454045
v -0.735265 -0.040821 0.452824
v -0.740376 -0.066618 0.426837
v -0.738335 -0.066645 0.423950
v -0.772311 -0.060717 0.409741
v -0.771312 -0.062258 0.406326
v -0.772619 -0.062490 0.410680
v -0.748463 -0.057925 0.432203
v -0.747538 -0.059604 0.428625
v -0.750296 -0.060496 0.427306
v -0.798377 -0.011895 0.500308
v -0.790451 -0.012721 0.515383
v -0.811582 -0.017186 0.505156
v -0.802136 -0.018151 0.519866
v -0.721320 -0.059301 0.456199
v -0.769447 -0.050738 0.417536
v -0.765070 -0.058283 0.418001
v -0.745753 -0.059777 0.430402
v -0.746562 -0.063409 0.441329
v -0.778117 -0.081628 0.391438
v -0.778533 -0.079493 0.392619
v -0.775138 -0.076005 0.391943
v -0.773675 -0.077991 0.391012
v -0.801910 -0.075302 0.409783
v -0.798790 -0.078623 0.410194
v -0.778287 -0.075943 0.394668
v -0.778705 -0.077506 0.393602
v -0.781187 -0.079798 0.394359
v -0.780284 -0.078029 0.395709
v -0.781746 -0.082082 0.393147
v -0.782025 -0.084090 0.391627
v -0.794481 -0.081345 0.410226
v -0.797753 -0.082124 0.402225
v -0.783746 -0.081497 0.395532
v -0.782472 -0.079639 0.396802
v -0.784752 -0.083727 0.394319
v -0.786226 -0.087161 0.391923
v -0.766725 -0.076612 0.389271
v -0.772147 -0.080564 0.389977
v -0.769738 -0.073313 0.390351
v -0.723152 -0.039365 0.464007
v -0.769965 -0.060051 0.401545
v -0.769871 -0.056357 0.402661
v -0.770053 -0.056019 0.399151
v -0.770343 -0.060296 0.397765
v -0.770503 -0.054226 0.403572
v -0.770746 -0.053171 0.400504
v -0.789516 -0.082786 0.400421
v -0.790217 -0.084425 0.398951
v -0.793881 -0.084728 0.399706
v -0.793169 -0.082935 0.401173
v -0.790641 -0.086842 0.397956
v -0.794884 -0.087481 0.399136
v -0.802301 -0.090169 0.399651
v -0.802582 -0.092756 0.400234
v -0.796330 -0.089812 0.399193
v -0.797105 -0.091995 0.399814
v -0.791691 -0.089049 0.397533
v -0.792815 -0.091462 0.398027
v -0.785865 -0.081327 0.398700
v -0.786862 -0.083285 0.397393
v -0.787660 -0.085613 0.396150
v -0.788458 -0.088039 0.394785
v -0.789796 -0.091121 0.394956
v -0.765856 -0.080976 0.389507
v -0.770451 -0.083271 0.389729
v -0.770779 -0.083118 0.389134
v -0.765732 -0.080486 0.388771
v -0.775066 -0.085292 0.388692
v -0.778626 -0.087206 0.387515
v -0.812570 -0.040698 0.426458
v -0.784913 -0.092116 0.384472
v -0.757686 -0.073733 0.386000
v -0.757590 -0.074841 0.385218
v -0.757677 -0.075741 0.385273
v -0.761419 -0.078442 0.391764
v -0.761605 -0.077831 0.387937
v -0.773347 -0.084419 0.392533
v -0.770891 -0.082279 0.397836
v -0.759988 -0.077533 0.396331
v -0.764960 -0.078983 0.398374
v -0.767556 -0.079986 0.399405
v -0.769607 -0.081115 0.400741
v -0.771316 -0.082836 0.402680
v -0.771774 -0.084863 0.404370
v -0.763743 -0.077566 0.412545
v -0.762115 -0.076347 0.416137
v -0.764363 -0.078341 0.417696
v -0.765413 -0.079359 0.413957
v -0.760944 -0.076501 0.411019
v -0.758875 -0.075648 0.414490
v -0.757694 -0.075507 0.409490
v -0.755548 -0.074449 0.412876
v -0.753760 -0.075179 0.407607
v -0.747923 -0.076014 0.403706
v -0.746661 -0.077825 0.403633
v -0.744868 -0.077449 0.407063
v -0.749872 -0.084053 0.407874
v -0.747412 -0.083275 0.411262
v -0.747702 -0.082760 0.417607
v -0.800052 -0.117113 0.414193
v -0.801396 -0.117632 0.414258
v -0.762735 -0.087784 0.397718
v -0.767633 -0.088105 0.400035
v -0.765394 -0.087193 0.402956
v -0.760856 -0.086980 0.400385
v -0.754295 -0.083397 0.417372
v -0.757191 -0.084352 0.413800
v -0.761498 -0.083315 0.415069
v -0.759090 -0.082410 0.418436
v -0.765147 -0.081520 0.414927
v -0.764030 -0.081040 0.418616
v -0.767324 -0.080569 0.410185
v -0.765631 -0.078826 0.408649
v -0.763178 -0.077506 0.407199
v -0.760106 -0.076609 0.405752
v -0.756078 -0.076003 0.403817
v -0.752716 -0.083720 0.390336
v -0.752358 -0.084872 0.404325
v -0.758029 -0.087385 0.395397
v -0.744847 -0.082694 0.414541
v -0.756335 -0.086461 0.398180
v -0.760210 -0.085370 0.409923
v -0.764170 -0.084346 0.411387
v -0.767453 -0.082556 0.411375
v -0.762621 -0.077714 0.401989
v -0.765505 -0.078692 0.403200
v -0.750434 -0.071443 0.420795
v -0.753224 -0.073022 0.422744
v -0.811345 -0.031923 0.446500
v -0.746965 -0.071635 0.418918
v -0.751466 -0.081787 0.424998
v -0.754633 -0.080122 0.424954
v -0.760290 -0.079129 0.428078
v -0.761708 -0.075698 0.428390
v -0.756041 -0.074179 0.424396
v -0.769423 -0.081783 0.406307
v -0.767737 -0.080025 0.404569
v -0.769792 -0.083769 0.407689
v -0.766836 -0.085442 0.407535
v -0.769063 -0.086414 0.404211
v -0.763066 -0.086378 0.406121
v -0.799464 -0.118401 0.414851
v -0.754504 -0.085711 0.401071
v -0.788666 -0.057692 0.418117
v -0.785441 -0.055495 0.416214
v -0.783986 -0.056227 0.416297
v -0.784766 -0.057287 0.417230
v -0.751312 -0.080328 0.393235
v -0.752617 -0.077940 0.392798
v -0.758204 -0.076628 0.400161
v -0.758728 -0.086217 0.403316
v -0.756133 -0.085274 0.406839
v -0.750471 -0.083475 0.414193
v -0.785196 -0.061573 0.419153
v -0.783424 -0.060897 0.418011
v -0.783107 -0.061421 0.418041
v -0.784293 -0.062023 0.419163
v -0.824511 -0.025993 0.510549
v -0.814550 -0.027110 0.524186
v -0.753261 -0.084352 0.410625
v -0.781303 -0.061197 0.416909
v -0.784020 -0.059937 0.418004
v -0.781366 -0.059745 0.416679
v -0.754399 -0.073601 0.426180
v -0.759702 -0.075375 0.429105
v -0.746134 -0.023757 0.460767
v -0.745588 -0.022052 0.461967
v -0.741400 -0.022641 0.459677
v -0.742350 -0.024013 0.458843
v -0.781717 -0.073002 0.408952
v -0.718729 -0.052633 0.461553
v -0.718080 -0.049871 0.464578
v -0.722142 -0.060024 0.456937
v -0.719178 -0.047015 0.466267
v -0.826825 -0.036124 0.442577
v -0.822720 -0.029761 0.451647
v -0.835163 -0.040065 0.449419
v -0.833394 -0.032737 0.458387
v -0.728077 -0.048003 0.458002
v -0.749023 -0.021638 0.461436
v -0.749620 -0.018575 0.463396
v -0.744183 -0.020624 0.464031
v -0.772060 -0.059224 0.407568
v -0.771033 -0.059685 0.405806
v -0.749999 -0.070712 0.433722
v -0.750388 -0.075770 0.433830
v -0.752169 -0.078269 0.430947
v -0.752160 -0.071968 0.429870
v -0.773615 -0.050642 0.405996
v -0.773284 -0.049107 0.403839
v -0.771617 -0.051199 0.401895
v -0.771622 -0.052604 0.404654
v -0.753025 -0.074797 0.427873
v -0.753197 -0.077418 0.428155
v -0.757210 -0.077178 0.429398
v -0.757585 -0.076095 0.429561
v -0.732222 -0.030076 0.456453
v -0.729709 -0.028328 0.457943
v -0.779081 -0.071365 0.406779
v -0.774465 -0.068151 0.410429
v -0.777148 -0.069832 0.404647
v -0.750111 -0.031663 0.447416
v -0.750311 -0.030897 0.448586
v -0.749471 -0.034461 0.451001
v -0.749277 -0.035861 0.450701
v -0.749960 -0.030024 0.452198
v -0.749766 -0.026168 0.453833
v -0.746879 -0.027141 0.452355
v -0.747979 -0.029042 0.451963
v -0.749671 -0.033071 0.451280
v -0.750437 -0.030303 0.449296
v -0.743807 -0.028613 0.451173
v -0.746218 -0.027062 0.452942
v -0.743571 -0.028192 0.452363
v -0.742974 -0.026170 0.458171
v -0.745877 -0.026027 0.459767
v -0.741588 -0.037118 0.452407
v -0.742755 -0.031915 0.451460
v -0.737382 -0.046755 0.456536
v -0.733878 -0.046386 0.456557
v -0.743388 -0.037313 0.452180
v -0.745287 -0.032764 0.451232
v -0.738938 -0.027619 0.453802
v -0.739182 -0.026496 0.455501
v -0.747662 -0.026305 0.458979
v -0.729874 -0.044545 0.445922
v -0.729435 -0.044063 0.445851
v -0.728871 -0.044816 0.445312
v -0.736473 -0.040767 0.451815
v -0.732349 -0.042323 0.450856
v -0.733597 -0.042249 0.449939
v -0.731130 -0.043305 0.447882
v -0.729997 -0.043307 0.448418
v -0.728503 -0.044022 0.446093
v -0.728248 -0.044588 0.446403
v -0.728817 -0.045269 0.446566
v -0.729583 -0.045574 0.446501
v -0.730015 -0.045179 0.446181
v -0.746422 -0.030475 0.451113
v -0.776374 -0.038161 0.405058
v -0.748131 -0.026817 0.457160
v -0.747301 -0.027335 0.454945
v -0.744022 -0.028936 0.453452
v -0.740298 -0.028551 0.454217
v -0.745800 -0.028234 0.453923
v -0.740351 -0.027405 0.455655
v -0.731727 -0.044649 0.450778
v -0.730396 -0.044888 0.448930
v -0.729714 -0.044007 0.448873
v -0.731587 -0.043323 0.451302
v -0.731704 -0.043836 0.447854
v -0.734068 -0.042955 0.449537
v -0.731884 -0.044663 0.448147
v -0.733795 -0.044154 0.449547
v -0.731352 -0.045204 0.448617
v -0.732688 -0.045015 0.449860
v -0.776090 -0.037155 0.407014
v -0.825614 -0.037882 0.528484
v -0.834944 -0.038352 0.515546
v -0.840548 -0.052451 0.519173
v -0.831545 -0.051801 0.531260
v -0.751239 -0.034368 0.444288
v -0.750129 -0.036409 0.445401
v -0.752534 -0.032368 0.443551
v -0.749318 -0.036914 0.446577
v -0.748440 -0.025621 0.454425
v -0.749608 -0.024774 0.457717
v -0.747546 -0.040549 0.449857
v -0.749261 -0.036666 0.448346
v -0.746133 -0.040569 0.451271
v -0.741564 -0.044331 0.451656
v -0.737839 -0.043081 0.450792
v -0.736089 -0.045168 0.451845
v -0.737654 -0.041609 0.450955
v -0.755463 -0.024105 0.439873
v -0.755570 -0.024382 0.442834
v -0.754095 -0.024720 0.441954
v -0.751767 -0.022280 0.458094
v -0.753721 -0.020514 0.457819
v -0.751047 -0.016873 0.464866
v -0.742005 -0.018178 0.467109
v -0.839757 -0.059105 0.433046
v -0.722992 -0.059729 0.457004
v -0.722832 -0.059998 0.457194
v -0.737976 -0.047938 0.454367
v -0.743841 -0.044436 0.450454
v -0.739724 -0.021800 0.461054
v -0.772804 -0.063885 0.411480
v -0.773732 -0.066969 0.408625
v -0.773120 -0.065082 0.412162
v -0.780886 -0.038098 0.410610
v -0.775713 -0.038720 0.408411
v -0.750487 -0.024252 0.457708
v -0.784988 -0.045145 0.410006
v -0.842325 -0.064387 0.521415
v -0.834335 -0.062681 0.532725
v -0.842935 -0.073067 0.522812
v -0.799593 -0.068575 0.413500
v -0.800567 -0.063966 0.413760
v -0.797133 -0.064592 0.416809
v -0.797492 -0.067694 0.416188
v -0.730837 -0.032564 0.530024
v -0.726011 -0.044806 0.535286
v -0.731271 -0.036674 0.456090
v -0.729214 -0.035260 0.457875
v -0.734426 -0.016726 0.480467
v -0.738406 -0.059037 0.415068
v -0.752739 -0.024866 0.443900
v -0.753397 -0.025178 0.441539
v -0.732818 -0.064930 0.415823
v -0.846046 -0.046479 0.457569
v -0.844275 -0.039544 0.466522
v -0.772205 -0.057357 0.407341
v -0.771163 -0.057046 0.406246
v -0.751848 -0.080382 0.427441
v -0.739417 -0.073255 0.411699
v -0.784647 -0.058669 0.417875
v -0.781552 -0.058496 0.416353
v -0.732592 -0.064584 0.415296
v -0.739389 -0.059537 0.414022
v -0.856339 -0.063914 0.482220
v -0.746255 -0.064440 0.422044
v -0.746808 -0.065297 0.427443
v -0.754182 -0.075075 0.382913
v -0.748574 -0.023690 0.460104
v -0.753220 -0.066587 0.419798
v -0.756859 -0.065628 0.422573
v -0.758514 -0.031103 0.417060
v -0.756260 -0.026230 0.423268
v -0.756758 -0.027031 0.440575
v -0.756047 -0.024159 0.435051
v -0.758081 -0.025230 0.435798
v -0.756810 -0.024972 0.440508
v -0.764064 -0.060702 0.416722
v -0.761574 -0.061431 0.420962
v -0.761084 -0.064313 0.419918
v -0.778951 -0.041209 0.428477
v -0.790391 -0.049112 0.414258
v -0.791498 -0.047879 0.412404
v -0.784266 -0.046541 0.411621
v -0.783576 -0.048371 0.412725
v -0.753763 -0.079273 0.426746
v -0.783360 -0.069384 0.419873
v -0.785274 -0.068150 0.419565
v -0.781235 -0.068246 0.419127
v -0.781285 -0.068743 0.419427
v -0.779560 -0.069900 0.419142
v -0.779577 -0.069023 0.418858
v -0.853229 -0.050883 0.475116
v -0.802374 -0.063948 0.411304
v -0.800724 -0.058066 0.411098
v -0.799282 -0.058563 0.413652
v -0.781762 -0.076385 0.406379
v -0.784768 -0.077992 0.408878
v -0.802005 -0.069339 0.411407
v -0.743440 -0.086563 0.386392
v -0.783605 -0.046191 0.414824
v -0.781439 -0.044446 0.421539
v -0.774947 -0.047084 0.419580
v -0.776477 -0.047045 0.412698
v -0.793869 -0.045858 0.417707
v -0.789803 -0.042746 0.424105
v -0.774853 -0.040557 0.406398
v -0.746283 -0.058217 0.434749
v -0.773539 -0.047636 0.401676
v -0.772909 -0.040770 0.405532
v -0.767540 -0.061467 0.391203
v -0.754524 -0.079897 0.381987
v -0.753127 -0.063526 0.391543
v -0.754252 -0.065990 0.392283
v -0.761451 -0.075067 0.387518
v -0.749830 -0.061302 0.391751
v -0.766060 -0.070075 0.391650
v -0.764339 -0.066840 0.392607
v -0.765107 -0.074662 0.389489
v -0.767007 -0.073183 0.390225
v -0.769012 -0.067816 0.390472
v -0.762752 -0.066389 0.393394
v -0.766703 -0.064671 0.396318
v -0.766462 -0.064082 0.396515
v -0.762165 -0.064637 0.393761
v -0.774368 -0.065781 0.391264
v -0.775393 -0.070211 0.392551
v -0.746882 -0.060070 0.426553
v -0.757477 -0.062754 0.423573
v -0.753591 -0.061786 0.425631
v -0.804093 -0.069978 0.409099
v -0.803792 -0.064031 0.408631
v -0.801802 -0.057769 0.408319
v -0.797546 -0.051315 0.408592
v -0.792390 -0.047134 0.410097
v -0.771232 -0.063269 0.400714
v -0.771734 -0.064166 0.397527
v -0.772739 -0.067096 0.398634
v -0.776675 -0.073269 0.393592
v -0.774360 -0.071278 0.396813
v -0.773180 -0.068726 0.395816
v -0.775419 -0.074185 0.398447
v -0.781540 -0.080559 0.404463
v -0.778748 -0.078600 0.401968
v -0.785754 -0.081808 0.406842
v -0.790023 -0.081945 0.408501
v -0.777106 -0.072954 0.402026
v -0.779323 -0.074685 0.404052
v -0.788591 -0.078288 0.410293
v -0.775354 -0.068534 0.403279
v -0.775478 -0.071145 0.400679
v -0.797465 -0.040289 0.412777
v -0.805687 -0.040841 0.417195
v -0.804334 -0.041937 0.418920
v -0.763829 -0.077165 0.388166
v -0.781551 -0.057311 0.415802
v -0.781514 -0.056096 0.414983
v -0.787891 -0.059606 0.419449
v -0.726634 -0.037178 0.461332
v -0.753000 -0.081405 0.389503
v -0.778502 -0.056328 0.413157
v -0.778327 -0.057907 0.413769
v -0.751182 -0.026747 0.446075
v -0.810474 -0.049009 0.412268
v -0.805216 -0.048721 0.406486
v -0.809429 -0.056982 0.404208
v -0.813896 -0.057890 0.409817
v -0.788337 -0.091352 0.391370
v -0.851575 -0.068508 0.505093
v -0.850466 -0.056017 0.501927
v -0.845791 -0.041200 0.496898
v -0.848412 -0.042868 0.490120
v -0.835549 -0.028295 0.490437
v -0.838626 -0.030317 0.483679
v -0.822135 -0.019654 0.484813
v -0.826127 -0.022350 0.476911
v -0.804045 -0.012736 0.489136
v -0.808247 -0.014702 0.480196
v -0.817854 -0.018019 0.493683
v -0.831464 -0.026755 0.499016
v -0.842172 -0.039518 0.504378
v -0.847392 -0.054329 0.508668
v -0.848557 -0.066597 0.511561
v -0.789070 -0.010392 0.485411
v -0.811818 -0.057617 0.552273
v -0.820686 -0.060381 0.546989
v -0.813088 -0.053209 0.550147
v -0.818272 -0.052238 0.545951
v -0.779374 -0.052198 0.411081
v -0.782653 -0.052667 0.413134
v -0.776866 -0.052466 0.409586
v -0.774995 -0.052983 0.408368
v -0.827556 -0.061512 0.540646
v -0.776343 -0.074463 0.392775
v -0.749871 -0.032404 0.446170
v -0.814183 -0.041069 0.425136
v -0.831435 -0.052534 0.428614
v -0.831709 -0.058920 0.424877
v -0.835825 -0.061205 0.428619
v -0.727125 -0.064329 0.446661
v -0.787066 -0.038423 0.411610
v -0.795861 -0.053060 0.413690
v -0.796856 -0.052077 0.411266
v -0.744902 -0.058348 0.423369
v -0.742193 -0.055418 0.421219
v -0.807284 -0.042715 0.414983
v -0.774496 -0.055479 0.409132
v -0.824548 -0.051531 0.539578
v -0.791980 -0.055993 0.416441
v -0.795361 -0.060184 0.416796
v -0.763089 -0.078937 0.388480
v -0.850631 -0.045745 0.483161
v -0.841797 -0.034255 0.474956
v -0.794462 -0.065753 0.418775
v -0.795646 -0.069280 0.417021
v -0.817995 -0.038645 0.537703
v -0.807003 -0.028650 0.534839
v -0.811300 -0.041821 0.544936
v -0.800488 -0.032435 0.543568
v -0.805903 -0.047063 0.551204
v -0.794245 -0.038108 0.551118
v -0.801239 -0.052437 0.555670
v -0.787681 -0.045088 0.557008
v -0.783807 -0.055850 0.560371
v -0.786459 -0.061051 0.419390
v -0.758060 -0.047407 0.555256
v -0.770393 -0.051226 0.559143
v -0.843161 -0.081929 0.431106
v -0.740021 -0.032508 0.536929
v -0.735621 -0.045081 0.541441
v -0.798995 -0.041278 0.426976
v -0.837384 -0.066495 0.427285
v -0.837884 -0.073058 0.426230
v -0.838485 -0.052287 0.438004
v -0.837247 -0.046397 0.442808
v -0.830172 -0.027032 0.467346
v -0.793152 -0.070922 0.417582
v -0.792259 -0.067138 0.420007
v -0.795087 -0.020352 0.531314
v -0.788839 -0.024963 0.540970
v -0.782015 -0.030042 0.548808
v -0.775409 -0.038524 0.555111
v -0.790686 -0.062713 0.420641
v -0.788170 -0.063895 0.420210
v -0.789126 -0.068181 0.419864
v -0.842904 -0.088748 0.431769
v -0.818180 -0.023709 0.461431
v -0.813027 -0.018469 0.471546
v -0.790011 -0.072026 0.417867
v -0.790401 -0.074400 0.413704
v -0.783650 -0.015156 0.526540
v -0.777190 -0.019167 0.536324
v -0.770385 -0.025224 0.543851
v -0.763117 -0.034584 0.550588
v -0.751537 -0.033043 0.544068
v -0.746710 -0.045596 0.548756
v -0.786103 -0.073392 0.417914
v -0.752830 -0.025844 0.441261
v -0.829069 -0.041589 0.436599
v -0.830097 -0.046600 0.432381
v -0.837787 -0.079448 0.425676
v -0.837750 -0.087598 0.426008
v -0.834111 -0.087478 0.421966
v -0.829721 -0.087566 0.417536
v -0.833792 -0.078412 0.421701
v -0.833650 -0.071907 0.422099
v -0.829047 -0.071484 0.418039
v -0.829564 -0.078079 0.417548
v -0.827971 -0.064886 0.419079
v -0.832976 -0.065274 0.423290
v -0.826822 -0.058201 0.420718
v -0.824288 -0.050316 0.423409
v -0.810412 -0.064163 0.404297
v -0.816099 -0.065252 0.409158
v -0.811349 -0.071879 0.403782
v -0.817502 -0.072075 0.408657
v -0.811900 -0.078878 0.402604
v -0.818293 -0.078688 0.407864
v -0.774502 -0.057244 0.411403
v -0.773889 -0.059139 0.412087
v -0.775847 -0.058488 0.412873
v -0.776107 -0.056674 0.412222
v -0.778906 -0.054566 0.412235
v -0.776497 -0.054812 0.410986
v -0.805661 -0.025578 0.457790
v -0.799485 -0.019123 0.467986
v -0.794015 -0.013646 0.476626
v -0.785511 -0.063971 0.419584
v -0.781756 -0.063359 0.417924
v -0.778403 -0.064517 0.416673
v -0.770841 -0.012074 0.520257
v -0.764409 -0.016609 0.529589
v -0.758174 -0.023057 0.537114
v -0.824335 -0.088680 0.413077
v -0.824627 -0.078132 0.412893
v -0.823883 -0.071653 0.413513
v -0.822913 -0.065280 0.414463
v -0.821134 -0.058682 0.416073
v -0.818695 -0.050243 0.419057
v -0.815997 -0.042740 0.423123
v -0.774033 -0.060787 0.412505
v -0.775909 -0.060062 0.413304
v -0.793539 -0.026241 0.454208
v -0.785833 -0.019991 0.464507
v -0.779278 -0.015145 0.473285
v -0.777383 -0.069532 0.418139
v -0.778427 -0.069460 0.418567
v -0.775463 -0.065828 0.415366
v -0.774574 -0.066415 0.414982
v -0.772704 -0.055914 0.407379
v -0.757748 -0.011380 0.513091
v -0.751625 -0.016159 0.521884
v -0.745988 -0.022438 0.529663
v -0.774000 -0.062201 0.413137
v -0.775657 -0.061447 0.413967
v -0.773999 -0.063238 0.413627
v -0.775225 -0.063057 0.414648
v -0.782126 -0.026352 0.450797
v -0.773546 -0.019619 0.460969
v -0.766448 -0.015103 0.468791
v -0.752868 -0.026875 0.441254
v -0.773139 -0.056637 0.408011
v -0.786399 -0.071368 0.418877
v -0.747735 -0.012503 0.506878
v -0.742044 -0.017018 0.515194
v -0.736767 -0.022927 0.522623
v -0.806039 -0.083786 0.400970
v -0.807479 -0.067303 0.403209
v -0.781995 -0.054820 0.414178
v -0.774965 -0.064410 0.414693
v -0.773335 -0.064091 0.413271
v -0.783839 -0.070636 0.419946
v -0.800839 -0.087081 0.399957
v -0.798962 -0.083974 0.400568
v -0.770833 -0.055673 0.395725
v -0.759578 -0.062421 0.414956
v -0.757040 -0.065454 0.417598
v -0.750406 -0.033569 0.444943
v -0.776983 -0.070287 0.418185
v -0.778185 -0.070369 0.418770
v -0.787344 -0.053621 0.415227
v -0.777587 -0.062199 0.415711
v -0.778040 -0.060512 0.415033
v -0.719257 -0.027687 0.501111
v -0.778090 -0.063984 0.416261
v -0.774639 -0.065570 0.414760
v -0.773286 -0.065864 0.413835
v -0.781589 -0.062731 0.417558
v -0.784329 -0.062815 0.419237
v -0.716972 -0.029490 0.494812
v -0.748974 -0.064605 0.416837
v -0.771273 -0.060398 0.394082
v -0.792451 -0.078213 0.412307
v -0.774377 -0.069170 0.399313
v -0.758736 -0.078468 0.428809
v -0.763731 -0.079452 0.390896
v -0.746779 -0.062666 0.415134
v -0.772293 -0.065189 0.394436
v -0.774272 -0.066980 0.412742
v -0.776932 -0.076569 0.400137
v -0.781523 -0.061938 0.416711
v -0.777625 -0.063277 0.415827
v -0.751899 -0.057803 0.392904
v -0.778323 -0.059224 0.414313
v -0.740624 -0.060199 0.412883
v -0.783327 -0.071803 0.419875
v -0.772841 -0.059572 0.411234
v -0.772911 -0.061389 0.411645
v -0.792554 -0.061472 0.419281
v -0.772856 -0.063043 0.412631
v -0.773618 -0.057758 0.410973
v -0.773979 -0.056675 0.409503
v -0.766825 -0.063475 0.396027
v -0.762769 -0.063374 0.393005
v -0.764427 -0.066516 0.392924
v -0.765335 -0.065276 0.392046
v -0.765316 -0.065145 0.392720
v -0.764497 -0.063463 0.391888
v -0.764621 -0.063699 0.392474
v -0.758116 -0.058723 0.392582
v -0.767460 -0.063479 0.395466
v -0.767748 -0.064247 0.395615
v -0.767362 -0.064789 0.395991
v -0.752588 -0.057946 0.392718
v -0.801881 -0.120736 0.412195
v -0.801181 -0.120410 0.412733
v -0.725409 -0.052007 0.453126
v -0.726816 -0.055002 0.449620
v -0.726863 -0.059498 0.446673
v -0.726953 -0.061965 0.446460
v -0.726677 -0.062642 0.447159
v -0.725357 -0.060950 0.449479
v -0.726197 -0.062617 0.447908
v -0.719564 -0.047678 0.463546
v -0.719953 -0.050062 0.460564
v -0.721544 -0.051730 0.457497
v -0.723777 -0.053708 0.454125
v -0.725006 -0.056506 0.450929
v -0.726071 -0.060476 0.447847
v -0.773654 -0.065040 0.416111
v -0.772331 -0.065340 0.415209
v -0.777582 -0.069864 0.420327
v -0.778995 -0.069432 0.420715
v -0.771974 -0.056215 0.409241
v -0.772773 -0.055586 0.410079
v -0.772433 -0.057113 0.412083
v -0.771744 -0.062353 0.413793
v -0.772249 -0.063767 0.414608
v -0.771714 -0.059311 0.412550
v -0.771783 -0.061127 0.412960
v -0.784232 -0.070431 0.421635
v -0.784287 -0.072624 0.421106
v -0.781138 -0.074490 0.420638
v -0.773874 -0.064087 0.416023
v -0.777263 -0.063216 0.417534
v -0.780388 -0.061900 0.418017
v -0.782177 -0.060780 0.419346
v -0.772685 -0.067674 0.412675
v -0.771426 -0.065451 0.412199
v -0.773992 -0.070218 0.414792
v -0.783358 -0.061382 0.420462
v -0.783441 -0.062455 0.420668
v -0.780849 -0.062202 0.419030
v -0.777127 -0.063462 0.417615
v -0.776343 -0.069771 0.419723
v -0.771113 -0.064254 0.411520
v -0.770935 -0.062546 0.411082
v -0.783197 -0.068923 0.421527
v -0.770806 -0.057117 0.408342
v -0.781122 -0.068281 0.421090
v -0.770407 -0.058956 0.407963
v -0.770633 -0.060773 0.410148
v -0.779128 -0.074274 0.418627
v -0.776212 -0.072640 0.417645
v -0.801612 -0.123285 0.414380
v -0.802000 -0.120988 0.412270
v -0.801146 -0.121318 0.410845
v -0.799484 -0.123896 0.411228
v -0.804670 -0.116755 0.411430
v -0.802825 -0.119268 0.411429
v -0.807678 -0.069141 0.403012
v -0.801919 -0.119643 0.409989
v -0.802252 -0.116622 0.417010
v -0.801486 -0.118240 0.417836
v -0.800769 -0.118956 0.414935
v -0.799890 -0.117562 0.417732
v -0.800609 -0.115988 0.416930
v -0.802288 -0.117644 0.408055
f 1 2 3
f 1 3 4
f 5 6 7
f 5 7 8
f 9 10 11
f 9 11 12
f 13 14 15
f 13 15 16
f 17 18 19
f 17 19 20
f 21 22 23
f 21 23 24
f 2 25 26
f 2 26 3
f 27 28 29
f 27 29 30
f 27 31 32
f 27 32 28
f 33 34 35
f 33 35 36
f 37 38 39
f 37 39 40
f 41 42 43
f 41 43 44
f 18 17 45
f 18 45 46
f 47 48 49
f 47 49 50
f 51 52 53
f 51 53 54
f 27 30 11
f 27 11 10
f 25 2 55
f 25 55 56
f 57 58 59
f 57 59 60
f 61 62 63
f 61 63 64
f 65 66 67
f 65 67 68
f 69 70 62
f 69 62 61
f 61 64 71
f 61 71 72
f 73 74 75
f 73 75 76
f 10 77 31
f 10 31 27
f 38 78 64
f 38 64 63
f 79 80 74
f 79 74 73
f 73 76 81
f 73 81 82
f 83 84 76
f 83 76 75
f 69 61 72
f 69 72 85
f 70 69 86
f 70 86 87
f 19 88 89
f 19 89 20
f 42 90 91
f 42 91 43
f 79 73 82
f 79 82 92
f 93 94 95
f 93 95 96
f 97 98 99
f 97 99 31
f 100 71 64
f 100 64 78
f 78 38 37
f 78 37 95
f 101 102 34
f 101 34 33
f 86 69 85
f 86 85 103
f 104 105 106
f 104 106 107
f 57 60 108
f 57 108 109
f 94 100 78
f 94 78 95
f 110 17 20
f 110 20 111
f 112 101 45
f 112 45 113
f 80 79 114
f 80 114 115
f 116 117 118
f 116 118 119
f 120 116 121
f 120 121 122
f 123 124 125
f 123 125 126
f 113 45 17
f 113 17 110
f 127 128 129
f 127 129 130
f 16 131 132
f 16 132 133
f 134 81 76
f 134 76 84
f 68 135 136
f 68 136 137
f 138 139 135
f 138 135 140
f 141 142 143
f 141 143 144
f 104 145 146
f 104 146 147
f 148 149 145
f 148 145 104
f 132 150 149
f 132 149 148
f 84 83 151
f 84 151 152
f 131 153 150
f 131 150 132
f 154 155 153
f 154 153 131
f 151 156 155
f 151 155 154
f 114 79 92
f 114 92 157
f 158 159 160
f 158 160 83
f 62 70 161
f 62 161 162
f 163 164 165
f 163 165 166
f 65 167 168
f 65 168 169
f 58 57 169
f 58 169 168
f 135 68 67
f 135 67 140
f 170 171 172
f 170 172 173
f 174 170 173
f 174 173 175
f 117 176 107
f 117 107 106
f 177 134 84
f 177 84 152
f 178 21 24
f 178 24 179
f 180 21 178
f 180 178 9
f 181 97 31
f 181 31 77
f 182 183 105
f 182 105 184
f 185 13 16
f 185 16 133
f 59 8 7
f 59 7 186
f 187 188 87
f 187 87 86
f 47 173 172
f 47 172 189
f 169 57 109
f 169 109 190
f 191 174 175
f 191 175 112
f 113 110 192
f 113 192 193
f 111 20 194
f 111 194 195
f 196 197 198
f 196 198 199
f 45 101 33
f 45 33 46
f 200 201 1
f 200 1 44
f 173 47 50
f 173 50 175
f 202 203 201
f 202 201 204
f 205 206 207
f 205 207 208
f 43 91 209
f 43 209 210
f 211 212 115
f 211 115 114
f 213 75 74
f 213 74 214
f 158 96 95
f 158 95 37
f 162 161 215
f 162 215 206
f 191 112 113
f 191 113 193
f 154 216 152
f 154 152 151
f 217 218 194
f 217 194 219
f 218 217 220
f 218 220 221
f 220 222 223
f 220 223 221
f 48 47 189
f 48 189 224
f 28 225 226
f 28 226 29
f 211 114 157
f 211 157 227
f 221 223 228
f 221 228 229
f 116 120 176
f 116 176 117
f 107 136 148
f 107 148 104
f 120 167 137
f 120 137 176
f 186 7 154
f 186 154 131
f 58 212 8
f 58 8 59
f 75 213 158
f 75 158 83
f 80 188 214
f 80 214 74
f 176 137 136
f 176 136 107
f 148 139 133
f 148 133 132
f 65 169 190
f 65 190 66
f 117 106 230
f 117 230 118
f 8 212 211
f 8 211 5
f 231 177 152
f 231 152 216
f 49 232 101
f 49 101 50
f 194 20 89
f 194 89 219
f 111 195 233
f 111 233 234
f 154 7 6
f 154 6 216
f 195 235 236
f 195 236 233
f 235 229 237
f 235 237 236
f 172 171 238
f 172 238 228
f 218 235 195
f 218 195 194
f 137 167 65
f 137 65 68
f 235 218 221
f 235 221 229
f 147 146 142
f 147 142 141
f 19 225 28
f 19 28 32
f 239 181 179
f 239 179 240
f 181 77 178
f 181 178 179
f 241 180 9
f 241 9 12
f 60 15 14
f 60 14 108
f 242 243 244
f 242 244 245
f 24 246 240
f 24 240 179
f 24 23 56
f 24 56 55
f 158 213 247
f 158 247 96
f 248 90 42
f 248 42 249
f 215 250 251
f 215 251 252
f 249 161 253
f 249 253 248
f 254 255 205
f 254 205 208
f 215 161 249
f 215 249 250
f 231 216 6
f 231 6 256
f 187 86 103
f 187 103 257
f 258 36 35
f 258 35 259
f 260 261 262
f 260 262 263
f 264 265 266
f 264 266 267
f 201 200 268
f 201 268 204
f 264 18 46
f 264 46 265
f 206 205 269
f 206 269 162
f 270 271 268
f 270 268 200
f 258 266 265
f 258 265 36
f 138 185 133
f 138 133 139
f 33 36 265
f 33 265 46
f 180 272 126
f 180 126 21
f 214 188 187
f 214 187 273
f 54 3 26
f 54 26 51
f 225 264 267
f 225 267 226
f 225 19 18
f 225 18 264
f 9 178 77
f 9 77 10
f 215 252 207
f 215 207 206
f 239 240 274
f 239 274 275
f 276 97 181
f 276 181 239
f 98 97 210
f 98 210 209
f 253 161 70
f 253 70 277
f 148 136 135
f 148 135 139
f 111 234 192
f 111 192 110
f 278 41 4
f 278 4 279
f 261 280 279
f 261 279 262
f 281 282 272
f 281 272 283
f 101 112 175
f 101 175 50
f 211 227 284
f 211 284 5
f 285 274 240
f 285 240 246
f 246 24 55
f 246 55 286
f 53 269 205
f 53 205 255
f 53 255 263
f 53 263 54
f 131 16 15
f 131 15 186
f 287 278 288
f 287 288 289
f 1 4 41
f 1 41 44
f 276 239 275
f 276 275 290
f 278 279 280
f 278 280 288
f 97 276 291
f 97 291 210
f 262 3 54
f 262 54 263
f 292 285 246
f 292 246 286
f 187 257 293
f 187 293 273
f 254 260 263
f 254 263 255
f 3 262 279
f 3 279 4
f 42 287 250
f 42 250 249
f 6 5 284
f 6 284 256
f 291 276 290
f 291 290 294
f 60 59 186
f 60 186 15
f 273 247 213
f 273 213 214
f 93 96 247
f 93 247 295
f 2 203 286
f 2 286 55
f 250 287 289
f 250 289 251
f 38 53 52
f 38 52 39
f 287 42 41
f 287 41 278
f 247 273 293
f 247 293 295
f 270 43 210
f 270 210 291
f 202 292 286
f 202 286 203
f 2 1 201
f 2 201 203
f 38 63 269
f 38 269 53
f 183 230 106
f 183 106 105
f 44 43 270
f 44 270 200
f 270 291 294
f 270 294 271
f 105 104 147
f 105 147 184
f 121 116 119
f 121 119 296
f 83 160 156
f 83 156 151
f 162 269 63
f 162 63 62
f 297 298 299
f 297 299 300
f 301 302 297
f 301 297 300
f 298 297 144
f 298 144 303
f 304 305 299
f 304 299 298
f 141 144 297
f 141 297 302
f 301 182 184
f 301 184 302
f 306 304 298
f 306 298 303
f 304 121 296
f 304 296 305
f 141 302 184
f 141 184 147
f 122 121 304
f 122 304 306
f 158 37 40
f 158 40 159
f 307 308 309
f 307 309 310
f 309 311 312
f 309 312 310
f 313 314 307
f 313 307 315
f 316 317 318
f 316 318 319
f 168 320 321
f 168 321 58
f 58 321 322
f 58 322 212
f 188 323 324
f 188 324 87
f 80 325 323
f 80 323 188
f 115 326 325
f 115 325 80
f 327 328 329
f 327 329 330
f 87 324 277
f 87 277 70
f 331 332 317
f 331 317 316
f 288 333 334
f 288 334 289
f 280 335 333
f 280 333 288
f 289 334 336
f 289 336 251
f 261 337 335
f 261 335 280
f 251 336 338
f 251 338 252
f 260 339 337
f 260 337 261
f 252 338 340
f 252 340 207
f 254 341 339
f 254 339 260
f 207 340 342
f 207 342 208
f 208 342 341
f 208 341 254
f 12 343 344
f 12 344 241
f 11 345 343
f 11 343 12
f 344 346 283
f 344 283 241
f 30 347 345
f 30 345 11
f 348 349 259
f 348 259 281
f 29 350 347
f 29 347 30
f 258 351 352
f 258 352 266
f 226 353 350
f 226 350 29
f 266 352 354
f 266 354 267
f 267 354 353
f 267 353 226
f 256 355 356
f 256 356 231
f 284 357 355
f 284 355 256
f 231 356 358
f 231 358 177
f 227 359 357
f 227 357 284
f 177 358 360
f 177 360 134
f 157 361 359
f 157 359 227
f 134 360 362
f 134 362 81
f 92 363 361
f 92 361 157
f 81 362 364
f 81 364 82
f 82 364 363
f 82 363 92
f 234 365 366
f 234 366 192
f 233 367 365
f 233 365 234
f 192 366 368
f 192 368 193
f 236 369 367
f 236 367 233
f 193 368 370
f 193 370 191
f 237 371 369
f 237 369 236
f 191 370 372
f 191 372 174
f 373 374 238
f 373 238 171
f 174 372 375
f 174 375 170
f 170 375 373
f 170 373 171
f 71 376 377
f 71 377 72
f 72 377 378
f 72 378 85
f 100 379 376
f 100 376 71
f 85 378 380
f 85 380 103
f 94 381 379
f 94 379 100
f 103 380 382
f 103 382 257
f 93 383 381
f 93 381 94
f 257 382 384
f 257 384 293
f 295 385 383
f 295 383 93
f 293 384 385
f 293 385 295
f 138 386 387
f 138 387 185
f 185 387 388
f 185 388 13
f 140 389 386
f 140 386 138
f 13 388 390
f 13 390 14
f 67 391 389
f 67 389 140
f 14 390 392
f 14 392 108
f 66 393 391
f 66 391 67
f 108 392 394
f 108 394 109
f 190 395 393
f 190 393 66
f 109 394 395
f 109 395 190
f 294 396 397
f 294 397 271
f 290 398 396
f 290 396 294
f 271 397 399
f 271 399 268
f 275 400 398
f 275 398 290
f 268 399 401
f 268 401 204
f 274 402 400
f 274 400 275
f 204 401 403
f 204 403 202
f 285 404 402
f 285 402 274
f 202 403 405
f 202 405 292
f 292 405 404
f 292 404 285
f 230 406 407
f 230 407 118
f 118 407 408
f 118 408 119
f 183 409 406
f 183 406 230
f 119 408 410
f 119 410 296
f 182 411 409
f 182 409 183
f 296 410 412
f 296 412 305
f 301 413 411
f 301 411 182
f 305 412 414
f 305 414 299
f 300 415 413
f 300 413 301
f 299 414 415
f 299 415 300
f 333 416 417
f 333 417 334
f 335 418 416
f 335 416 333
f 334 417 419
f 334 419 336
f 337 420 418
f 337 418 335
f 336 419 421
f 336 421 338
f 339 422 420
f 339 420 337
f 338 421 423
f 338 423 340
f 341 424 422
f 341 422 339
f 340 423 425
f 340 425 342
f 342 425 424
f 342 424 341
f 343 426 427
f 343 427 344
f 345 428 426
f 345 426 343
f 427 429 346
f 427 346 344
f 347 430 428
f 347 428 345
f 431 432 349
f 431 349 348
f 350 433 430
f 350 430 347
f 351 434 435
f 351 435 352
f 353 436 433
f 353 433 350
f 352 435 437
f 352 437 354
f 354 437 436
f 354 436 353
f 355 438 439
f 355 439 356
f 357 440 438
f 357 438 355
f 356 439 441
f 356 441 358
f 359 442 440
f 359 440 357
f 358 441 443
f 358 443 360
f 361 444 442
f 361 442 359
f 360 443 445
f 360 445 362
f 363 446 444
f 363 444 361
f 362 445 447
f 362 447 364
f 364 447 446
f 364 446 363
f 365 448 449
f 365 449 366
f 367 450 448
f 367 448 365
f 366 449 451
f 366 451 368
f 369 452 450
f 369 450 367
f 368 451 453
f 368 453 370
f 371 454 452
f 371 452 369
f 370 453 455
f 370 455 372
f 456 457 374
f 456 374 373
f 372 455 458
f 372 458 375
f 375 458 456
f 375 456 373
f 376 459 460
f 376 460 377
f 377 460 461
f 377 461 378
f 379 462 459
f 379 459 376
f 378 461 463
f 378 463 380
f 381 464 462
f 381 462 379
f 380 463 465
f 380 465 382
f 383 466 464
f 383 464 381
f 382 465 467
f 382 467 384
f 385 468 466
f 385 466 383
f 384 467 468
f 384 468 385
f 386 469 470
f 386 470 387
f 387 470 471
f 387 471 388
f 389 472 469
f 389 469 386
f 388 471 473
f 388 473 390
f 391 474 472
f 391 472 389
f 390 473 475
f 390 475 392
f 393 476 474
f 393 474 391
f 392 475 477
f 392 477 394
f 395 478 476
f 395 476 393
f 394 477 478
f 394 478 395
f 396 479 480
f 396 480 397
f 398 481 479
f 398 479 396
f 397 480 482
f 397 482 399
f 400 483 481
f 400 481 398
f 399 482 484
f 399 484 401
f 402 485 483
f 402 483 400
f 401 484 486
f 401 486 403
f 404 487 485
f 404 485 402
f 403 486 488
f 403 488 405
f 405 488 487
f 405 487 404
f 406 489 490
f 406 490 407
f 407 490 491
f 407 491 408
f 409 492 489
f 409 489 406
f 408 491 493
f 408 493 410
f 411 494 492
f 411 492 409
f 410 493 495
f 410 495 412
f 413 496 494
f 413 494 411
f 412 495 497
f 412 497 414
f 415 498 496
f 415 496 413
f 414 497 498
f 414 498 415
f 499 417 416
f 499 416 418
f 499 419 417
f 499 418 420
f 499 421 419
f 499 420 422
f 499 423 421
f 499 422 424
f 499 425 423
f 499 424 425
f 500 427 426
f 500 426 428
f 500 429 427
f 500 428 430
f 500 434 432
f 500 432 431
f 500 430 433
f 500 435 434
f 500 433 436
f 500 437 435
f 500 436 437
f 501 439 438
f 501 438 440
f 501 441 439
f 501 440 442
f 501 443 441
f 501 442 444
f 501 445 443
f 501 444 446
f 501 447 445
f 501 446 447
f 502 449 448
f 502 448 450
f 502 451 449
f 502 450 452
f 502 453 451
f 502 452 454
f 502 455 453
f 502 454 457
f 502 457 456
f 502 458 455
f 502 456 458
f 503 460 459
f 503 461 460
f 503 459 462
f 503 463 461
f 503 462 464
f 503 465 463
f 503 464 466
f 503 467 465
f 503 466 468
f 503 468 467
f 504 470 469
f 504 471 470
f 504 469 472
f 504 473 471
f 504 472 474
f 504 475 473
f 504 474 476
f 504 477 475
f 504 476 478
f 504 478 477
f 505 480 479
f 505 479 481
f 505 482 480
f 505 481 483
f 505 484 482
f 505 483 485
f 505 486 484
f 505 485 487
f 505 488 486
f 505 487 488
f 506 490 489
f 506 491 490
f 506 489 492
f 506 493 491
f 506 492 494
f 506 495 493
f 506 494 496
f 506 497 495
f 506 496 498
f 506 498 497
f 507 508 509
f 510 511 512
f 513 514 515
f 513 515 516
f 517 518 515
f 517 515 519
f 520 521 522
f 520 522 523
f 524 525 526
f 524 526 527
f 528 526 525
f 528 525 529
f 530 531 532
f 530 532 533
f 534 535 536
f 534 536 537
f 531 538 539
f 531 539 540
f 541 542 543
f 541 543 544
f 166 165 545
f 166 545 546
f 547 548 549
f 547 549 550
f 542 551 552
f 542 552 543
f 553 554 555
f 553 555 556
f 557 558 559
f 557 559 560
f 561 562 563
f 561 563 564
f 565 566 567
f 565 567 568
f 544 543 569
f 544 569 570
f 571 532 572
f 571 572 573
f 531 540 572
f 531 572 532
f 524 527 574
f 524 574 575
f 576 166 546
f 576 546 577
f 543 552 578
f 543 578 569
f 551 560 559
f 551 559 579
f 580 581 554
f 580 554 553
f 533 532 571
f 533 571 582
f 583 528 529
f 583 529 584
f 585 583 584
f 585 584 586
f 523 522 587
f 523 587 588
f 589 590 591
f 589 591 592
f 578 552 593
f 578 593 594
f 595 596 542
f 595 542 541
f 597 598 599
f 597 599 600
f 601 602 603
f 601 603 604
f 548 605 606
f 548 606 549
f 607 608 609
f 607 609 610
f 596 560 551
f 596 551 542
f 551 579 593
f 551 593 552
f 611 612 613
f 611 613 614
f 615 538 531
f 615 531 530
f 616 585 586
f 616 586 617
f 618 619 575
f 618 575 574
f 591 620 521
f 591 521 520
f 592 591 520
f 592 520 621
f 622 623 624
f 622 624 625
f 626 612 611
f 626 611 627
f 628 629 630
f 628 630 631
f 632 633 634
f 632 634 635
f 636 637 638
f 636 638 628
f 639 638 637
f 639 637 640
f 641 639 640
f 641 640 642
f 643 641 642
f 643 642 644
f 645 646 647
f 645 647 648
f 646 649 650
f 646 650 647
f 629 651 652
f 629 652 630
f 651 653 654
f 651 654 652
f 527 526 331
f 527 331 655
f 656 566 563
f 656 563 657
f 567 658 659
f 567 659 568
f 660 661 320
f 660 320 662
f 513 516 663
f 513 663 664
f 509 665 666
f 509 666 667
f 668 669 670
f 668 670 671
f 672 325 326
f 672 326 673
f 674 675 676
f 674 676 219
f 677 523 588
f 677 588 678
f 621 520 523
f 621 523 677
f 614 613 679
f 614 679 680
f 658 681 682
f 658 682 683
f 684 685 686
f 684 686 687
f 688 689 690
f 688 690 625
f 691 511 692
f 691 692 693
f 694 695 680
f 694 680 679
f 696 697 698
f 696 698 699
f 700 701 702
f 700 702 703
f 702 701 704
f 702 704 705
f 697 706 705
f 697 705 698
f 707 652 654
f 707 654 708
f 709 696 699
f 709 699 710
f 511 510 711
f 511 711 692
f 679 709 710
f 679 710 694
f 693 680 695
f 693 695 691
f 510 712 713
f 510 713 711
f 703 702 714
f 703 714 708
f 282 123 126
f 282 126 272
f 217 715 713
f 217 713 220
f 716 717 718
f 716 718 719
f 720 716 719
f 720 719 721
f 722 720 721
f 722 721 723
f 724 725 726
f 724 726 727
f 434 351 349
f 434 349 432
f 351 258 259
f 351 259 349
f 728 722 723
f 728 723 729
f 730 731 732
f 730 732 733
f 734 735 736
f 734 736 737
f 738 739 740
f 738 740 737
f 741 742 743
f 741 743 744
f 745 746 747
f 745 747 748
f 749 747 746
f 749 746 750
f 751 752 753
f 751 753 754
f 751 754 755
f 751 755 756
f 757 756 755
f 757 755 758
f 759 760 761
f 759 761 762
f 763 759 762
f 763 762 687
f 764 765 766
f 764 766 767
f 767 766 768
f 767 768 769
f 769 768 770
f 769 770 771
f 771 770 772
f 771 772 773
f 774 775 776
f 774 776 777
f 778 779 780
f 778 780 781
f 782 783 626
f 782 626 627
f 784 785 609
f 784 609 608
f 786 787 788
f 786 788 789
f 788 787 790
f 788 790 791
f 791 790 730
f 791 730 733
f 792 793 749
f 792 749 750
f 750 794 795
f 750 795 792
f 796 797 745
f 796 745 748
f 798 799 623
f 798 623 622
f 747 749 800
f 747 800 801
f 754 802 803
f 754 803 755
f 802 804 805
f 802 805 803
f 754 753 801
f 754 801 802
f 806 807 808
f 806 808 809
f 749 793 810
f 749 810 800
f 793 792 811
f 793 811 810
f 804 812 813
f 804 813 805
f 814 815 813
f 814 813 812
f 803 805 816
f 803 816 817
f 813 818 816
f 813 816 805
f 758 755 803
f 758 803 817
f 765 819 820
f 765 820 766
f 766 820 821
f 766 821 768
f 820 822 823
f 820 823 821
f 824 763 687
f 824 687 686
f 825 824 686
f 825 686 826
f 827 825 826
f 827 826 828
f 829 830 831
f 829 831 832
f 539 538 536
f 539 536 535
f 596 595 833
f 596 833 834
f 835 315 312
f 835 312 836
f 837 728 729
f 837 729 838
f 839 837 838
f 839 838 840
f 841 839 840
f 841 840 842
f 717 843 844
f 717 844 718
f 845 846 847
f 845 847 848
f 849 846 845
f 849 845 850
f 851 849 850
f 851 850 852
f 853 854 845
f 853 845 848
f 855 856 798
f 855 798 622
f 854 857 850
f 854 850 845
f 858 855 846
f 858 846 849
f 857 859 852
f 857 852 850
f 860 858 849
f 860 849 851
f 859 860 851
f 859 851 852
f 861 862 606
f 861 606 863
f 527 655 864
f 527 864 574
f 865 866 867
f 865 867 868
f 655 869 870
f 655 870 864
f 871 872 873
f 871 873 874
f 875 876 877
f 875 877 878
f 879 880 881
f 879 881 882
f 876 879 882
f 876 882 877
f 875 883 807
f 875 807 806
f 875 878 884
f 875 884 883
f 885 808 807
f 885 807 886
f 887 888 878
f 887 878 877
f 889 890 882
f 889 882 881
f 890 887 877
f 890 877 882
f 886 673 891
f 886 891 885
f 98 892 893
f 98 893 99
f 676 675 894
f 676 894 895
f 888 887 896
f 888 896 897
f 898 806 809
f 898 809 899
f 900 901 902
f 900 902 903
f 904 905 906
f 904 906 907
f 904 908 909
f 904 909 905
f 910 911 912
f 910 912 913
f 914 915 916
f 914 916 917
f 918 914 917
f 918 917 919
f 920 918 921
f 920 921 922
f 910 913 923
f 910 923 924
f 911 925 926
f 911 926 912
f 927 928 929
f 927 929 930
f 931 932 916
f 931 916 915
f 918 919 933
f 918 933 921
f 934 935 936
f 934 936 937
f 938 920 939
f 938 939 940
f 941 942 943
f 941 943 601
f 944 945 946
f 944 946 947
f 948 949 950
f 948 950 946
f 949 951 952
f 949 952 950
f 939 953 954
f 939 954 940
f 944 947 955
f 944 955 956
f 957 958 959
f 957 959 960
f 950 952 961
f 950 961 962
f 963 955 947
f 963 947 964
f 965 966 967
f 965 967 968
f 601 943 967
f 601 967 602
f 969 970 971
f 969 971 972
f 973 974 975
f 973 975 976
f 977 978 979
f 977 979 980
f 981 982 983
f 981 983 984
f 966 965 985
f 966 985 986
f 986 985 987
f 986 987 988
f 988 987 989
f 988 989 990
f 991 992 993
f 991 993 994
f 994 995 996
f 994 996 991
f 997 998 990
f 997 990 999
f 988 990 998
f 988 998 1000
f 986 988 1000
f 986 1000 1001
f 966 986 1001
f 966 1001 1002
f 997 999 974
f 997 974 973
f 1003 743 1004
f 1003 1004 1005
f 1006 1007 1008
f 1006 1008 1009
f 1010 1011 1012
f 1010 1012 1013
f 1014 1015 1016
f 1014 1016 1017
f 1018 232 49
f 1018 49 1019
f 1020 1021 1022
f 1020 1022 1023
f 217 219 676
f 217 676 715
f 927 1024 1025
f 927 1025 1026
f 1027 1028 1029
f 1027 1029 1030
f 727 1023 1022
f 727 1022 724
f 927 1026 1031
f 927 1031 928
f 88 1032 1033
f 88 1033 1034
f 122 306 1035
f 122 1035 243
f 886 1036 672
f 886 672 673
f 1037 1038 1039
f 1037 1039 1040
f 1041 1042 1043
f 1041 1043 1044
f 1045 1041 1044
f 1045 1044 1046
f 1047 1048 1027
f 1047 1027 1030
f 1049 892 98
f 1049 98 209
f 1050 1051 1052
f 1050 1052 1053
f 1054 1055 1056
f 1054 1056 1057
f 1054 1057 1058
f 1054 1058 1059
f 1060 1061 1062
f 1060 1062 1063
f 1060 1063 1064
f 1060 1064 1065
f 1059 1058 1066
f 1059 1066 1067
f 742 1066 1058
f 742 1058 1068
f 1069 1070 1071
f 1069 1071 1072
f 901 1073 1074
f 901 1074 1075
f 1067 1066 1076
f 1067 1076 1077
f 1063 1062 1067
f 1063 1067 1077
f 1078 1079 1080
f 1078 1080 1081
f 1051 1082 1083
f 1051 1083 1052
f 1056 1084 1085
f 1056 1085 1057
f 1086 1087 1088
f 1086 1088 1089
f 1089 1088 1090
f 1089 1090 1091
f 1092 964 947
f 1092 947 962
f 962 961 1093
f 962 1093 1092
f 1092 1093 1094
f 1092 1094 1095
f 1096 1097 1095
f 1096 1095 1098
f 964 1097 1099
f 964 1099 963
f 1096 1098 1100
f 1096 1100 1101
f 1102 1103 1101
f 1102 1101 1104
f 1105 1106 1107
f 1105 1107 1108
f 1109 1100 1110
f 1109 1110 1111
f 1112 1113 1114
f 1112 1114 1115
f 1116 1117 1118
f 1116 1118 1119
f 1076 1120 1121
f 1076 1121 1077
f 1120 1076 1122
f 1120 1122 1123
f 1124 1125 1126
f 1124 1126 1127
f 1124 1128 1129
f 1124 1129 1130
f 1077 1121 1064
f 1077 1064 1063
f 1131 1132 1133
f 1131 1133 1134
f 1135 1136 1137
f 1135 1137 1138
f 1139 1128 1140
f 1139 1140 1141
f 1139 1141 1142
f 1139 1142 1133
f 1143 985 965
f 1143 965 1144
f 1144 965 968
f 1144 968 1145
f 995 1146 1147
f 995 1147 996
f 1148 937 1149
f 1148 1149 1150
f 688 1151 1152
f 688 1152 689
f 683 682 1153
f 683 1153 534
f 1154 1155 832
f 1154 832 619
f 1102 1141 1156
f 1102 1156 1103
f 1157 1158 1159
f 1157 1159 1099
f 963 1160 1003
f 963 1003 955
f 956 955 1003
f 956 1003 1005
f 835 869 1161
f 835 1161 1162
f 1163 1164 870
f 1163 870 836
f 1165 1166 1167
f 1165 1167 618
f 1167 1166 1163
f 1167 1163 775
f 1167 775 774
f 1167 774 1168
f 1167 1168 1169
f 1167 1169 1154
f 1134 1170 1171
f 1134 1171 1137
f 1072 1071 1172
f 1072 1172 1173
f 1174 1175 976
f 1174 976 975
f 1158 1156 1140
f 1158 1140 1127
f 1160 1159 1126
f 1160 1126 744
f 1176 1177 1178
f 1176 1178 1179
f 209 91 1180
f 209 1180 1049
f 1181 1182 1183
f 1181 1183 1184
f 1173 900 903
f 1173 903 1185
f 605 1186 863
f 605 863 606
f 1187 1188 576
f 1187 576 577
f 1189 785 784
f 1189 784 1188
f 869 835 836
f 869 836 870
f 315 307 310
f 315 310 312
f 1190 1191 1192
f 1190 1192 1189
f 561 1193 1194
f 561 1194 1195
f 1196 1197 1198
f 1196 1198 1199
f 1179 1200 1201
f 1179 1201 1176
f 1202 1203 1204
f 1202 1204 1205
f 1184 1178 1177
f 1184 1177 1181
f 1206 1207 1208
f 1206 1208 1209
f 1187 1210 1211
f 1187 1211 1190
f 1204 1203 1212
f 1204 1212 1213
f 1036 883 884
f 1036 884 1214
f 1215 1180 91
f 1215 91 90
f 89 1216 674
f 89 674 219
f 1034 1216 89
f 1034 89 88
f 838 729 1217
f 721 1217 729
f 721 729 723
f 1218 1219 51
f 1218 51 26
f 1219 1220 52
f 1219 52 51
f 40 1221 1222
f 40 1222 159
f 155 1223 1224
f 155 1224 153
f 1225 150 153
f 1225 153 1224
f 1226 1227 145
f 1226 145 149
f 1228 1229 704
f 1228 704 701
f 977 1228 701
f 977 701 700
f 1230 1231 1232
f 1230 1232 1233
f 1234 1235 1236
f 1234 1236 1237
f 1237 1238 1239
f 1237 1239 1234
f 1240 1239 1238
f 1240 1238 1241
f 1241 1230 1233
f 1241 1233 1240
f 671 1242 1033
f 671 1033 893
f 1243 612 626
f 1243 626 636
f 168 167 662
f 168 662 320
f 244 243 1035
f 244 1035 1037
f 122 243 242
f 122 242 120
f 893 1033 1032
f 893 1032 99
f 1244 1245 1246
f 1244 1246 1247
f 1242 1248 1034
f 1242 1034 1033
f 1249 163 166
f 1249 166 576
f 1034 1248 1250
f 1034 1250 1216
f 660 662 242
f 660 242 245
f 1250 1251 674
f 1250 674 1216
f 330 329 895
f 330 895 894
f 90 248 1252
f 90 1252 1215
f 627 611 328
f 627 328 327
f 1253 1254 1038
f 1253 1038 1037
f 1040 1039 1255
f 1040 1255 661
f 887 890 519
f 887 519 896
f 1256 535 534
f 1256 534 1153
f 906 1045 1046
f 906 1046 907
f 1235 1257 1258
f 1235 1258 1236
f 1257 1259 1260
f 1257 1260 1258
f 1261 1260 1259
f 1261 1259 1262
f 1263 1261 1262
f 1263 1262 1264
f 725 1263 1264
f 725 1264 1265
f 1265 1055 726
f 1265 726 725
f 1266 1267 1268
f 1266 1268 1269
f 1270 726 1055
f 1270 1055 1054
f 1270 1054 1059
f 1270 1059 1047
f 1270 1047 1030
f 1270 1030 1271
f 1030 1029 1272
f 1030 1272 1271
f 1272 1029 1273
f 1272 1273 1274
f 1273 1016 1275
f 1273 1275 1274
f 1016 1015 1276
f 1016 1276 1275
f 1015 124 102
f 1015 102 1276
f 142 1277 1278
f 142 1278 143
f 1220 1279 39
f 1220 39 52
f 724 1280 1263
f 724 1263 725
f 1281 666 1282
f 1281 1282 1283
f 39 1279 1221
f 39 1221 40
f 253 1284 1252
f 253 1252 248
f 1285 1286 1287
f 1285 1287 1288
f 1289 1279 1220
f 1289 1220 1290
f 348 281 283
f 348 283 346
f 124 123 34
f 124 34 102
f 232 1276 102
f 232 102 101
f 125 124 1015
f 125 1015 1014
f 1014 1291 22
f 1014 22 125
f 1291 1292 23
f 1291 23 22
f 1292 1293 56
f 1292 56 23
f 56 1293 1294
f 56 1294 25
f 1295 1296 164
f 1295 164 163
f 1297 1298 1296
f 1297 1296 1295
f 1299 1300 1301
f 1299 1301 1302
f 326 115 212
f 326 212 322
f 197 1284 253
f 197 253 277
f 324 1214 197
f 324 197 277
f 282 281 259
f 282 259 35
f 1269 1268 1303
f 1269 1303 1304
f 123 282 35
f 123 35 34
f 760 759 525
f 760 525 524
f 1305 1306 1307
f 1305 1307 1308
f 1309 1218 1294
f 1309 1294 1310
f 1309 1310 907
f 1309 907 1046
f 1248 1307 1311
f 1248 1311 1250
f 1200 1312 779
f 1200 779 1313
f 1242 1308 1307
f 1242 1307 1248
f 671 670 1308
f 671 1308 1242
f 669 668 1314
f 669 1314 1315
f 196 1252 1284
f 196 1284 197
f 1316 1317 1315
f 1316 1315 1314
f 180 241 283
f 180 283 272
f 199 897 1317
f 199 1317 1316
f 885 891 322
f 885 322 321
f 661 660 245
f 661 245 1040
f 515 514 896
f 515 896 519
f 1318 1319 899
f 1318 899 1320
f 1321 1322 1319
f 1321 1319 1318
f 666 1281 1323
f 666 1323 667
f 1324 670 669
f 1324 669 664
f 1306 1325 1283
f 1306 1283 1282
f 1305 1326 1325
f 1305 1325 1306
f 1327 1328 1329
f 1327 1329 1330
f 1330 1329 1331
f 1330 1331 1332
f 1332 1331 1333
f 1332 1333 1334
f 1335 1334 1333
f 1335 1333 1336
f 1337 1335 1336
f 1337 1336 1338
f 1339 1337 1338
f 1339 1338 1340
f 1340 1341 1342
f 1340 1342 1339
f 1341 1343 1344
f 1341 1344 1342
f 1343 1345 1346
f 1343 1346 1344
f 1345 1347 1348
f 1345 1348 1346
f 1348 1347 1349
f 1348 1349 1350
f 1349 1221 1279
f 1349 1279 1289
f 1351 1074 1352
f 1351 1352 1353
f 1289 1290 1043
f 1289 1043 1354
f 325 672 1036
f 325 1036 323
f 1043 1290 1355
f 1043 1355 1044
f 1044 1355 1309
f 1044 1309 1046
f 26 25 1294
f 26 1294 1218
f 1022 1356 1280
f 1022 1280 724
f 907 1310 1357
f 907 1357 904
f 904 1357 1358
f 904 1358 908
f 1359 908 1358
f 1359 1358 1360
f 1361 1359 1360
f 1361 1360 1017
f 1017 1016 1273
f 1017 1273 1361
f 1274 1275 1018
f 1274 1018 1020
f 1020 1018 1019
f 1020 1019 1021
f 199 1316 1180
f 199 1180 196
f 1362 1363 827
f 1362 827 828
f 1324 1364 1326
f 1324 1326 1305
f 779 1312 1365
f 779 1365 780
f 577 546 1366
f 577 1366 1367
f 667 1368 1369
f 667 1369 509
f 514 513 1315
f 514 1315 1317
f 1317 897 896
f 1317 896 514
f 1320 899 809
f 1320 809 1370
f 1371 1372 1373
f 1371 1373 1374
f 649 1375 1376
f 649 1376 650
f 1375 1377 1378
f 1375 1378 1376
f 1377 129 1379
f 1377 1379 1378
f 129 128 1380
f 129 1380 1379
f 128 1381 1382
f 128 1382 1380
f 1381 1342 1344
f 1381 1344 1382
f 1383 1343 1341
f 1383 1341 1223
f 155 156 1383
f 155 1383 1223
f 1350 1384 1385
f 1350 1385 1348
f 1222 1347 1345
f 1222 1345 1386
f 1386 160 159
f 1386 159 1222
f 1386 1383 156
f 1386 156 160
f 1387 1352 1074
f 1387 1074 1073
f 1388 1389 1390
f 1388 1390 1172
f 1043 1042 1391
f 1043 1391 1354
f 1392 1393 1394
f 1392 1394 1395
f 1396 1397 1398
f 1396 1398 1399
f 1396 1399 1400
f 1396 1400 1401
f 1399 1335 1337
f 1399 1337 1400
f 1338 1336 1226
f 1338 1226 1225
f 1225 1226 149
f 1225 149 150
f 1402 1403 1398
f 1402 1398 1397
f 1403 1332 1334
f 1403 1334 1398
f 1331 1404 1227
f 1331 1227 1333
f 1227 1404 146
f 1227 146 145
f 1405 1330 1332
f 1405 1332 1403
f 1329 1277 1404
f 1329 1404 1331
f 1404 1277 142
f 1404 142 146
f 1214 324 323
f 1214 323 1036
f 321 320 661
f 321 661 885
f 322 891 673
f 322 673 326
f 1035 1406 1253
f 1035 1253 1037
f 628 631 1243
f 628 1243 636
f 1176 1298 1297
f 1176 1297 1177
f 32 1032 88
f 32 88 19
f 1265 1264 1407
f 1265 1407 1408
f 1409 1410 1323
f 1409 1323 1281
f 567 1363 681
f 567 681 658
f 1032 32 31
f 1032 31 99
f 1286 1356 1022
f 1286 1022 1021
f 897 199 198
f 897 198 888
f 657 616 617
f 657 617 656
f 1310 1294 1293
f 1310 1293 1357
f 1283 1411 1409
f 1283 1409 1281
f 1056 1055 1265
f 1056 1265 1408
f 1275 1276 232
f 1275 232 1018
f 1274 1020 1023
f 1274 1023 1272
f 1271 1272 1023
f 1271 1023 727
f 1270 1271 727
f 1270 727 726
f 1412 1050 1053
f 1412 1053 1413
f 1414 1415 1416
f 1414 1416 1417
f 685 1418 826
f 685 826 686
f 1419 1420 1421
f 1419 1421 933
f 1060 1065 928
f 1060 928 1031
f 1060 1031 1048
f 1060 1048 1061
f 1026 1027 1048
f 1026 1048 1031
f 1026 1025 1028
f 1026 1028 1027
f 1028 1025 1359
f 1028 1359 1361
f 1017 1360 1291
f 1017 1291 1014
f 1360 1358 1292
f 1360 1292 1291
f 1357 1293 1292
f 1357 1292 1358
f 1422 1412 1413
f 1422 1413 1423
f 1424 1425 762
f 1424 762 761
f 1416 1415 1426
f 1416 1426 1010
f 1040 245 244
f 1040 244 1037
f 22 21 126
f 22 126 125
f 1427 1428 1429
f 1427 1429 1430
f 1252 196 1180
f 1252 1180 1215
f 431 348 346
f 431 346 429
f 1431 516 515
f 1431 515 518
f 1432 1419 933
f 1432 933 919
f 949 948 916
f 949 916 932
f 1408 1407 1433
f 1408 1433 1434
f 1435 1436 1300
f 1435 1300 1299
f 675 508 1437
f 675 1437 894
f 824 825 586
f 824 586 584
f 517 519 890
f 517 890 889
f 1311 1307 1306
f 1311 1306 1282
f 431 429 500
f 1285 510 512
f 1285 512 1438
f 1285 1438 1356
f 1285 1356 1286
f 1209 1208 783
f 1209 783 782
f 1439 1440 1441
f 1439 1441 1442
f 1440 1443 1444
f 1440 1444 1441
f 1445 1444 1443
f 1445 1443 1446
f 1446 1447 1448
f 1446 1448 1445
f 1447 1449 1450
f 1447 1450 1448
f 1451 1450 1449
f 1451 1449 1452
f 1453 1451 1452
f 1453 1452 1454
f 1455 1453 1454
f 1455 1454 1456
f 1455 1456 639
f 1455 639 641
f 642 640 1208
f 642 1208 1207
f 1282 666 665
f 1282 665 1311
f 1457 1458 1459
f 1457 1459 1460
f 1461 1462 1463
f 1461 1463 1464
f 1464 1465 1466
f 1464 1466 1461
f 1308 670 1324
f 1308 1324 1305
f 1467 1468 1469
f 1467 1469 635
f 1468 1470 1083
f 1468 1083 1469
f 1470 1471 1052
f 1470 1052 1083
f 1471 1472 1053
f 1471 1053 1052
f 1472 1473 1413
f 1472 1413 1053
f 1368 1423 1413
f 1368 1413 1473
f 1474 1473 1472
f 1474 1472 1475
f 1251 1250 1311
f 1251 1311 665
f 1368 667 1323
f 1368 1323 1423
f 1476 1206 1209
f 1476 1209 1477
f 1477 507 1478
f 1477 1478 1476
f 507 509 1369
f 507 1369 1478
f 1065 951 929
f 1065 929 928
f 509 508 1251
f 509 1251 665
f 1402 1479 1459
f 1402 1459 1458
f 1475 1472 1471
f 1475 1471 1480
f 1468 1481 1482
f 1468 1482 1470
f 664 669 1315
f 664 1315 513
f 1483 1432 919
f 1483 919 917
f 167 120 242
f 167 242 662
f 1313 777 776
f 1313 776 1484
f 644 648 1485
f 644 1485 643
f 644 642 1207
f 644 1207 648
f 640 637 783
f 640 783 1208
f 1206 1476 1486
f 1206 1486 645
f 1477 1209 782
f 1477 782 1487
f 783 637 636
f 783 636 626
f 1487 782 627
f 1487 627 327
f 1474 1369 1368
f 1474 1368 1473
f 948 1483 917
f 948 917 916
f 1488 1489 1267
f 1488 1267 1266
f 328 611 614
f 328 614 1490
f 1490 614 680
f 1490 680 693
f 1491 780 1365
f 1491 1365 1492
f 691 695 1493
f 691 1493 1494
f 1494 1493 1237
f 1494 1237 1236
f 1243 1495 613
f 1243 613 612
f 1495 709 679
f 1495 679 613
f 546 545 1496
f 546 1496 1366
f 694 710 1497
f 694 1497 1498
f 1493 1498 1238
f 1493 1238 1237
f 1499 1235 1234
f 1499 1234 1239
f 1082 1500 1469
f 1082 1469 1083
f 1500 632 635
f 1500 635 1469
f 1501 1502 859
f 1501 859 857
f 707 706 697
f 707 697 1503
f 630 652 707
f 630 707 1503
f 631 630 1503
f 631 1503 1504
f 631 1504 1495
f 631 1495 1243
f 1505 1506 1246
f 1505 1246 1507
f 1508 1418 1509
f 1508 1509 1510
f 1511 1491 1492
f 1511 1492 1512
f 1511 1512 1513
f 1511 1513 1514
f 553 556 615
f 553 615 1515
f 936 1516 1424
f 936 1424 1517
f 1231 1229 1518
f 1231 1518 1232
f 1363 1362 1519
f 1363 1519 681
f 1520 1521 1522
f 1520 1522 1523
f 976 1175 1524
f 976 1524 1525
f 1526 1527 1528
f 1526 1528 1529
f 1528 1530 1523
f 1528 1523 1529
f 1530 1531 1520
f 1530 1520 1523
f 1175 1532 1533
f 1175 1533 1524
f 1527 1534 1535
f 1527 1535 1528
f 1536 1537 1531
f 1536 1531 1530
f 1538 1539 1521
f 1538 1521 1540
f 1541 853 622
f 1541 622 625
f 682 681 1519
f 682 1519 980
f 1542 1543 1544
f 1542 1544 1545
f 1545 1544 1546
f 1545 1546 1547
f 1548 1549 1550
f 1548 1550 1551
f 1551 1550 1552
f 1551 1552 1553
f 1554 739 738
f 1554 738 1555
f 1556 1554 1555
f 1556 1555 1557
f 1556 1557 1558
f 1556 1558 1559
f 1548 1551 1560
f 1548 1560 1561
f 1562 1560 1551
f 1562 1551 1553
f 1562 1553 1559
f 1562 1559 1563
f 1563 1559 1558
f 1563 1558 1564
f 1172 1071 1540
f 1172 1540 1388
f 1565 1566 1567
f 1565 1567 1568
f 1568 1567 1185
f 1568 1185 1569
f 1569 1185 903
f 1569 903 1570
f 1570 903 902
f 1570 902 1436
f 1571 959 1012
f 1571 1012 1009
f 1436 902 1572
f 1436 1572 1300
f 1300 1572 1573
f 1300 1573 1301
f 1540 1071 1070
f 1540 1070 1538
f 1073 1390 1389
f 1073 1389 1387
f 1391 1394 1574
f 1391 1574 1384
f 1575 1078 1081
f 1575 1081 1576
f 1380 1577 1578
f 1380 1578 1379
f 1579 1463 1462
f 1579 1462 1580
f 1435 1299 1464
f 1435 1464 1463
f 1581 1578 1427
f 1581 1427 1582
f 1582 1427 1430
f 1582 1430 1583
f 1584 1583 1430
f 1584 1430 1580
f 1585 1584 1580
f 1585 1580 1462
f 1462 1461 1586
f 1462 1586 1585
f 1587 1588 1589
f 1587 1589 1590
f 1590 1591 1592
f 1590 1592 1587
f 1591 1593 1594
f 1591 1594 1592
f 1593 1485 1595
f 1593 1595 1594
f 1485 648 647
f 1485 647 1595
f 1596 646 645
f 1596 645 1486
f 1486 1597 1598
f 1486 1598 1596
f 1597 1474 1475
f 1597 1475 1598
f 1482 1480 1471
f 1482 1471 1470
f 1412 1599 1600
f 1412 1600 1050
f 1580 1430 1429
f 1580 1429 1579
f 1441 1601 1602
f 1441 1602 1442
f 1603 1604 1605
f 1603 1605 1606
f 1607 1608 1609
f 1607 1609 1610
f 1611 1612 1613
f 1611 1613 1614
f 1612 1615 1616
f 1612 1616 1613
f 1615 1589 1588
f 1615 1588 1616
f 1617 1588 1587
f 1617 1587 1618
f 1587 1592 1619
f 1587 1619 1618
f 1592 1594 1620
f 1592 1620 1619
f 1594 1595 1621
f 1594 1621 1620
f 647 650 1621
f 647 1621 1595
f 1374 649 646
f 1374 646 1596
f 1598 1475 1480
f 1598 1480 1371
f 1622 1481 1468
f 1622 1468 1467
f 1050 1600 1623
f 1050 1623 1051
f 1624 633 632
f 1624 632 1625
f 1465 1626 1610
f 1465 1610 1466
f 1627 1628 1602
f 1627 1602 1601
f 1625 1629 1608
f 1625 1608 1607
f 1614 1613 1630
f 1614 1630 1631
f 1613 1616 1632
f 1613 1632 1630
f 1616 1588 1617
f 1616 1617 1632
f 1583 1633 1634
f 1583 1634 1582
f 1620 1634 1633
f 1620 1633 1619
f 1453 1593 1591
f 1453 1591 1451
f 1454 1452 1635
f 1454 1635 1636
f 1607 1637 1624
f 1607 1624 1625
f 1610 1626 1637
f 1610 1637 1607
f 1396 1622 1467
f 1396 1467 1397
f 1010 1426 1638
f 1010 1638 1011
f 1639 629 628
f 1639 628 638
f 1639 1636 651
f 1639 651 629
f 1636 1635 653
f 1636 653 651
f 1640 1641 1440
f 1640 1440 1439
f 1641 1642 1443
f 1641 1443 1440
f 1446 1443 1642
f 1446 1642 1643
f 1644 1447 1446
f 1644 1446 1643
f 1590 1589 1448
f 1590 1448 1450
f 1644 1645 1449
f 1644 1449 1447
f 1646 1647 1584
f 1646 1584 1585
f 1585 1586 1648
f 1585 1648 1646
f 1648 1586 1649
f 1648 1649 1650
f 1650 1649 1609
f 1650 1609 1651
f 1568 1569 1579
f 1568 1579 1429
f 1251 508 675
f 1251 675 674
f 1467 635 634
f 1467 634 1397
f 1606 1652 1653
f 1606 1653 1603
f 1082 1654 1629
f 1082 1629 1500
f 1655 1656 1657
f 1655 1657 1658
f 1482 1481 1659
f 1482 1659 1372
f 1372 1659 1660
f 1372 1660 1373
f 1660 1377 1375
f 1660 1375 1373
f 1376 1378 1581
f 1376 1581 1661
f 1661 1581 1582
f 1661 1582 1634
f 1647 1633 1583
f 1647 1583 1584
f 1617 1618 1647
f 1617 1647 1646
f 1445 1448 1589
f 1445 1589 1615
f 1445 1615 1612
f 1445 1612 1444
f 1444 1612 1611
f 1444 1611 1441
f 1662 1654 1623
f 1662 1623 1663
f 1651 1662 1663
f 1651 1663 1631
f 1664 1599 1627
f 1664 1627 1601
f 1611 1664 1601
f 1611 1601 1441
f 1422 1627 1599
f 1422 1599 1412
f 1665 1666 1667
f 1665 1667 1668
f 1369 1474 1597
f 1369 1597 1478
f 1478 1597 1486
f 1478 1486 1476
f 1207 1206 645
f 1207 645 648
f 1455 641 643
f 1455 643 1485
f 1455 1485 1593
f 1455 1593 1453
f 1451 1591 1590
f 1451 1590 1450
f 1514 1513 1669
f 1514 1669 1670
f 1619 1633 1647
f 1619 1647 1618
f 1632 1617 1646
f 1632 1646 1648
f 1632 1648 1650
f 1632 1650 1630
f 1630 1650 1651
f 1630 1651 1631
f 1608 1629 1654
f 1608 1654 1662
f 1609 1608 1662
f 1609 1662 1651
f 1671 1614 1631
f 1671 1631 1663
f 1671 1663 1623
f 1671 1623 1600
f 1051 1623 1654
f 1051 1654 1082
f 1672 1673 1674
f 1672 1674 1668
f 1480 1482 1372
f 1480 1372 1371
f 1371 1374 1596
f 1371 1596 1598
f 1373 1375 649
f 1373 649 1374
f 650 1376 1661
f 650 1661 1621
f 1621 1661 1634
f 1621 1634 1620
f 1635 1645 1675
f 1635 1675 653
f 1645 1644 1676
f 1645 1676 1675
f 1677 1678 1679
f 1677 1679 1680
f 1681 549 606
f 1681 606 862
f 590 1682 581
f 590 581 580
f 1151 1683 1682
f 1151 1682 590
f 1684 1515 615
f 1684 615 530
f 688 1685 1683
f 688 1683 1151
f 625 624 1685
f 625 1685 688
f 1011 1638 1686
f 1011 1686 1687
f 1688 1687 1686
f 1688 1686 1689
f 566 565 564
f 566 564 563
f 1195 1690 562
f 1195 562 561
f 1320 1370 1255
f 1320 1255 1039
f 1680 1691 1692
f 1680 1692 1693
f 1694 1505 1507
f 1694 1507 1695
f 979 978 1696
f 979 1696 1697
f 700 703 972
f 700 972 971
f 1697 1256 1153
f 1697 1153 979
f 1698 1699 1700
f 1698 1700 1701
f 1702 1703 1704
f 1702 1704 1705
f 1706 1707 1708
f 1706 1708 1709
f 1710 1711 1212
f 1710 1212 1203
f 1712 1713 1714
f 1712 1714 550
f 1715 1716 1717
f 1715 1717 1718
f 1719 1720 1721
f 1719 1721 1722
f 308 1723 1724
f 308 1724 1719
f 1725 1726 1727
f 1725 1727 1721
f 1728 1729 722
f 1728 722 728
f 1730 874 873
f 1730 873 1731
f 856 1732 1733
f 856 1733 1690
f 855 858 1732
f 855 1732 856
f 1734 1730 1731
f 1734 1731 1735
f 1726 1725 866
f 1726 866 1736
f 1736 866 865
f 1736 865 1737
f 1729 1738 720
f 1729 720 722
f 1739 1740 1741
f 1742 1743 1744
f 1742 1744 1502
f 1745 1740 1746
f 1745 1746 1747
f 1739 1748 1746
f 1739 1749 1748
f 1739 1750 1749
f 1739 1751 1750
f 1739 1741 1751
f 1752 1724 1717
f 1752 1717 1735
f 1725 1752 1735
f 1725 1735 1731
f 944 956 1753
f 944 1753 943
f 866 1725 1731
f 866 1731 873
f 868 867 1710
f 868 1710 1203
f 1754 1755 717
f 1754 717 716
f 1756 1757 839
f 1756 839 841
f 1755 1758 843
f 1755 843 717
f 874 1742 1502
f 874 1502 871
f 1759 1728 728
f 1759 728 837
f 1743 1745 1747
f 1743 1747 1744
f 1739 1746 1740
f 1321 1318 1038
f 1321 1038 1254
f 1760 1761 1762
f 1760 1762 1763
f 1747 1762 1761
f 1747 1761 1744
f 1318 1320 1039
f 1318 1039 1038
f 1743 1764 1765
f 1743 1765 1745
f 1764 1766 1767
f 1764 1767 1765
f 1768 1767 1766
f 1768 1766 1769
f 1769 1760 1763
f 1769 1763 1768
f 718 844 842
f 718 842 1217
f 718 1217 721
f 718 721 719
f 840 838 1217
f 840 1217 842
f 956 1005 1770
f 956 1770 1753
f 1771 1772 1773
f 1771 1773 1774
f 1726 1756 1758
f 1726 1758 1727
f 1748 1749 1763
f 1748 1763 1762
f 1736 1757 1756
f 1736 1756 1726
f 528 583 1775
f 528 1775 1776
f 526 528 1776
f 526 1776 1777
f 585 1778 1775
f 585 1775 583
f 1779 1755 1754
f 1779 1754 1780
f 1781 1782 1716
f 1781 1716 1783
f 1784 1785 1786
f 1784 1786 1782
f 1786 1787 1730
f 1786 1730 1734
f 1716 1734 1735
f 1716 1735 1717
f 883 1036 886
f 883 886 807
f 1730 1787 1742
f 1730 1742 874
f 1788 1116 1789
f 1788 1789 1790
f 1791 1792 311
f 1791 311 309
f 1489 1488 1259
f 1489 1259 1257
f 1793 1794 1484
f 1793 1484 776
f 1795 811 792
f 1795 792 795
f 779 778 777
f 779 777 1313
f 1796 1797 533
f 1796 533 582
f 1684 530 533
f 1684 533 1797
f 1678 1737 865
f 1678 865 1679
f 563 562 1798
f 563 1798 657
f 1799 1781 585
f 1799 585 616
f 1784 1782 1781
f 1784 1781 1799
f 1786 1766 1764
f 1786 1764 1787
f 1751 1741 1765
f 1751 1765 1767
f 1072 1173 1185
f 1072 1185 1567
f 1680 1679 1800
f 1680 1800 1691
f 966 1002 602
f 966 602 967
f 867 866 873
f 867 873 872
f 1801 1802 1803
f 1801 1803 1247
f 1670 1669 1771
f 1670 1771 1774
f 1804 1145 1770
f 1804 1770 1805
f 1692 1791 1806
f 1692 1806 1693
f 1002 1807 603
f 1002 603 602
f 1679 865 868
f 1679 868 1800
f 868 1203 1202
f 868 1202 1800
f 1691 1800 1202
f 1691 1202 1794
f 1808 1773 1772
f 1808 1772 1809
f 1808 1809 786
f 1808 786 1810
f 1212 545 165
f 1212 165 1213
f 1811 1812 1813
f 1811 1813 1814
f 1199 1815 1816
f 1199 1816 1183
f 1817 1818 1710
f 1817 1710 867
f 1710 1818 1496
f 1710 1496 1711
f 1195 1194 799
f 1195 799 798
f 1201 1200 1313
f 1201 1313 1484
f 1212 1711 1496
f 1212 1496 545
f 1794 1202 1205
f 1794 1205 1819
f 1819 1201 1484
f 1819 1484 1794
f 165 164 1204
f 165 1204 1213
f 164 1296 1205
f 164 1205 1204
f 1296 1298 1819
f 1296 1819 1205
f 1298 1176 1201
f 1298 1201 1819
f 621 677 593
f 621 593 579
f 1810 786 789
f 1810 789 1820
f 668 671 893
f 668 893 892
f 1504 1503 697
f 1504 697 696
f 1821 1494 1236
f 1821 1236 1258
f 313 1789 1822
f 313 1822 1823
f 1824 1490 693
f 1824 693 692
f 329 328 1490
f 329 1490 1824
f 1825 1688 1689
f 1825 1689 1826
f 1699 1706 1709
f 1699 1709 1700
f 1827 1694 1695
f 1827 1695 1828
f 1829 1700 1830
f 1829 1830 1831
f 1569 1570 1463
f 1569 1463 1579
f 1832 507 1477
f 1832 1477 1487
f 1489 1257 1235
f 1489 1235 1499
f 1437 1832 330
f 1437 330 894
f 1673 1833 1834
f 1673 1834 1674
f 1832 1487 327
f 1832 327 330
f 1116 1119 1822
f 1116 1822 1789
f 895 329 1824
f 895 1824 1835
f 1835 1824 692
f 1835 692 711
f 677 678 594
f 677 594 593
f 1836 512 511
f 1836 511 1821
f 1836 1821 1258
f 1836 1258 1260
f 1837 819 817
f 1837 817 816
f 699 698 1838
f 699 1838 1839
f 1348 1385 1840
f 1348 1840 1346
f 596 834 557
f 596 557 560
f 661 1255 808
f 661 808 885
f 1780 1841 1693
f 1780 1693 1806
f 977 700 971
f 977 971 978
f 1230 1839 1838
f 1230 1838 1231
f 1842 1269 1304
f 1842 1304 1843
f 1664 1611 1614
f 1664 1614 1671
f 1599 1664 1671
f 1599 1671 1600
f 1109 1104 1101
f 1109 1101 1100
f 1157 1096 1101
f 1157 1101 1103
f 1098 1844 1110
f 1098 1110 1100
f 1139 1845 1129
f 1139 1129 1128
f 1124 1127 1140
f 1124 1140 1128
f 1158 1157 1103
f 1158 1103 1156
f 1141 1140 1156
f 1102 1104 1107
f 1102 1107 1106
f 1109 1111 1114
f 1109 1114 1113
f 1112 1115 1118
f 1112 1118 1117
f 1845 1139 1133
f 1845 1133 1132
f 1131 1134 1137
f 1131 1137 1136
f 1170 1134 1133
f 1170 1133 1142
f 1846 1138 1137
f 1846 1137 1171
f 1788 1847 1848
f 1788 1848 1849
f 1141 1102 1106
f 1141 1106 1142
f 1850 1851 1852
f 1850 1852 1516
f 1061 1059 1067
f 1061 1067 1062
f 1047 1059 1061
f 1047 1061 1048
f 1841 1738 1729
f 1841 1729 1677
f 1853 1155 1414
f 1853 1414 1417
f 1703 1547 1546
f 1703 1546 1704
f 1854 1855 1856
f 1854 1856 1857
f 1069 1072 1567
f 1069 1567 1566
f 1698 1701 972
f 1698 972 703
f 761 760 831
f 761 831 830
f 758 817 819
f 758 819 765
f 1155 1853 829
f 1155 829 832
f 1709 1858 1830
f 1709 1830 1700
f 224 222 712
f 224 712 1288
f 591 590 580
f 591 580 620
f 1859 1860 1861
f 1859 1861 1862
f 1863 1864 1861
f 1863 1861 1860
f 615 556 536
f 615 536 538
f 1380 1382 1840
f 1380 1840 1576
f 943 1753 968
f 943 968 967
f 1696 978 971
f 1696 971 970
f 969 972 1701
f 969 1701 1865
f 1431 1866 663
f 1431 663 516
f 1826 1867 818
f 1826 818 1825
f 1814 1868 1869
f 1814 1869 1870
f 1681 862 1871
f 1681 1871 1872
f 1742 1787 1764
f 1742 1764 1743
f 1784 1733 1732
f 1784 1732 1785
f 592 621 579
f 592 579 559
f 589 592 559
f 589 559 558
f 872 1501 1817
f 872 1817 867
f 1501 857 854
f 1501 854 1817
f 818 1867 1837
f 818 1837 816
f 1811 1814 1870
f 1811 1870 1873
f 1557 1874 1875
f 1557 1875 1558
f 1876 1877 1319
f 1876 1319 1322
f 1199 1198 1878
f 1199 1878 1815
f 1879 1880 1881
f 1879 1881 1882
f 1883 1879 1882
f 1883 1882 1884
f 1087 1086 1885
f 1087 1885 1150
f 598 1811 1873
f 598 1873 599
f 1510 1518 1886
f 1510 1886 1508
f 935 934 1057
f 935 1057 1085
f 830 829 1881
f 830 1881 1517
f 853 848 847
f 853 847 622
f 1173 1172 1390
f 1173 1390 900
f 1829 1865 1701
f 1829 1701 1700
f 682 980 979
f 682 979 1153
f 943 942 945
f 943 945 944
f 942 1432 1483
f 942 1483 945
f 941 601 604
f 941 604 1887
f 1004 1888 1885
f 1004 1885 1805
f 938 1889 915
f 938 915 914
f 918 920 938
f 918 938 914
f 1890 1400 1337
f 1890 1337 1339
f 924 1891 1892
f 924 1892 910
f 1890 1381 128
f 1890 128 127
f 1385 1575 1576
f 1385 1576 1840
f 1575 1385 1384
f 1575 1384 1574
f 1893 1574 1394
f 1893 1394 1393
f 1041 1891 1395
f 1041 1395 1042
f 1045 906 1894
f 1045 1894 1892
f 1398 1334 1335
f 1398 1335 1399
f 1029 1028 1361
f 1029 1361 1273
f 1025 1024 908
f 1025 908 1359
f 1894 909 925
f 1894 925 911
f 1892 1894 911
f 1892 911 910
f 924 1392 1395
f 924 1395 1891
f 1393 1392 1895
f 1393 1895 1896
f 1393 1896 1897
f 1393 1897 1898
f 1899 940 954
f 1899 954 1539
f 1900 1901 1902
f 1900 1902 1903
f 1005 1004 1805
f 1005 1805 1770
f 1702 1705 982
f 1702 982 981
f 935 1850 1516
f 935 1516 936
f 920 922 1904
f 920 1904 939
f 1904 1905 953
f 1904 953 939
f 1145 968 1753
f 1145 1753 1770
f 1880 1087 1150
f 1880 1150 1149
f 1303 1906 1510
f 1303 1510 1509
f 684 1425 1852
f 684 1852 1907
f 1304 1303 1509
f 1304 1509 1908
f 685 684 1907
f 685 1907 1908
f 1843 1304 1908
f 1843 1908 1907
f 1418 685 1908
f 1418 1908 1509
f 973 976 1525
f 973 1525 1909
f 1851 1843 1907
f 1851 1907 1852
f 997 973 1909
f 997 1909 1910
f 998 997 1910
f 998 1910 1911
f 1000 998 1911
f 1000 1911 1912
f 1001 1000 1912
f 1001 1912 1913
f 941 1887 1420
f 941 1420 1419
f 1914 1245 1915
f 1914 1915 1916
f 1917 1905 1918
f 1917 1918 1919
f 1526 1917 1919
f 1526 1919 1920
f 1561 1534 1921
f 1561 1921 1922
f 1548 1561 1922
f 1548 1922 1923
f 1532 1549 1924
f 1532 1924 1533
f 1713 1712 1925
f 1713 1925 1926
f 1914 1916 1543
f 1914 1543 1542
f 861 1927 1871
f 861 1871 862
f 1713 1926 1928
f 1713 1928 1929
f 964 1092 1095
f 964 1095 1097
f 1930 1327 1330
f 1930 1330 1405
f 1405 1458 1457
f 1405 1457 1930
f 1091 1931 1932
f 1091 1932 1933
f 1393 1898 1934
f 1393 1934 1893
f 900 1390 1073
f 900 1073 901
f 1463 1570 1436
f 1463 1436 1435
f 1833 1935 1656
f 1833 1656 1834
f 1299 1302 1465
f 1299 1465 1464
f 1935 1936 1657
f 1935 1657 1656
f 1847 1846 1171
f 1847 1171 1848
f 1937 1834 1656
f 1937 1656 1655
f 1366 1496 1818
f 1366 1818 1938
f 1112 1108 1107
f 1112 1107 1113
f 1938 1818 1817
f 1938 1817 854
f 871 1502 1501
f 871 1501 872
f 1659 1939 130
f 1659 130 1660
f 1939 1401 127
f 1939 127 130
f 1401 1400 1890
f 1401 1890 127
f 1586 1461 1466
f 1586 1466 1649
f 1609 1649 1466
f 1609 1466 1610
f 1108 1112 1117
f 1108 1117 1849
f 632 1500 1629
f 632 1629 1625
f 1940 1936 1935
f 1940 1935 1941
f 1481 1622 1939
f 1481 1939 1659
f 130 129 1377
f 130 1377 1660
f 318 1715 1718
f 318 1718 1942
f 1626 1465 1302
f 1626 1302 1604
f 1879 1883 1090
f 1879 1090 1088
f 1931 1091 1090
f 1931 1090 960
f 1877 898 899
f 1877 899 1319
f 1195 798 856
f 1195 856 1690
f 1350 1349 1289
f 1350 1289 1354
f 1520 1388 1540
f 1520 1540 1521
f 1388 1520 1531
f 1388 1531 1389
f 1943 1944 1945
f 1943 1945 1946
f 1387 1537 1947
f 1387 1947 1352
f 1352 1947 1948
f 1352 1948 1353
f 768 821 1949
f 768 1949 770
f 821 823 1950
f 821 1950 1949
f 823 1951 1952
f 823 1952 1950
f 1951 1953 1954
f 1951 1954 1952
f 1953 1955 1956
f 1953 1956 1954
f 1957 1958 1956
f 1957 1956 1959
f 1956 1958 1960
f 1956 1960 1954
f 1954 1960 1961
f 1954 1961 1952
f 1952 1961 1962
f 1952 1962 1950
f 1962 1963 1949
f 1962 1949 1950
f 770 1949 1963
f 770 1963 772
f 1964 781 780
f 1964 780 1491
f 1957 1964 1491
f 1957 1491 1511
f 1957 1511 1514
f 1957 1514 1958
f 1960 1958 1514
f 1960 1514 1670
f 1774 1773 1962
f 1774 1962 1961
f 790 1965 1966
f 790 1966 730
f 1965 1967 1968
f 1965 1968 1966
f 1670 1774 1961
f 1670 1961 1960
f 1773 1808 1963
f 1773 1963 1962
f 1855 1969 1970
f 1855 1970 984
f 984 1970 1971
f 984 1971 981
f 981 1971 1972
f 981 1972 1702
f 1973 787 786
f 1973 786 1809
f 1855 984 983
f 1855 983 1856
f 315 1790 1789
f 315 1789 313
f 1788 1849 1117
f 1788 1117 1116
f 1104 1109 1113
f 1104 1113 1107
f 1105 1848 1171
f 1105 1171 1170
f 1105 1170 1142
f 1105 1142 1106
f 946 950 962
f 946 962 947
f 1529 1523 1522
f 1529 1522 1974
f 946 945 1483
f 946 1483 948
f 1419 1432 942
f 1419 942 941
f 1096 1157 1099
f 1096 1099 1097
f 741 744 1126
f 741 1126 1125
f 1002 1001 1913
f 1002 1913 1807
f 1086 1804 1805
f 1086 1805 1885
f 1148 1150 1885
f 1148 1885 1888
f 1917 1974 953
f 1917 953 1905
f 1066 742 741
f 1066 741 1076
f 741 1125 1122
f 741 1122 1076
f 1628 1627 1422
f 1628 1422 1410
f 1975 1783 1716
f 1975 1716 1715
f 1124 1122 1125
f 1340 1338 1225
f 1340 1225 1224
f 1223 1341 1340
f 1223 1340 1224
f 1339 1342 1381
f 1339 1381 1890
f 1394 1391 1042
f 1394 1042 1395
f 1041 1045 1892
f 1041 1892 1891
f 1355 1219 1218
f 1355 1218 1309
f 959 958 1013
f 959 1013 1012
f 1976 1571 1009
f 1976 1009 1008
f 1795 1977 1978
f 1795 1978 1979
f 1384 1350 1354
f 1384 1354 1391
f 1164 1163 1166
f 1164 1166 1165
f 1164 1165 864
f 1164 864 870
f 655 331 1161
f 655 1161 869
f 575 831 760
f 575 760 524
f 1980 683 534
f 1980 534 537
f 1167 1154 619
f 1167 619 618
f 758 765 764
f 758 764 757
f 633 1459 1479
f 633 1479 634
f 1169 1414 1155
f 1169 1155 1154
f 1086 1089 1981
f 1086 1981 1804
f 1144 1981 1933
f 1144 1933 1143
f 742 1068 1148
f 742 1148 1888
f 1852 1425 1424
f 1852 1424 1516
f 1075 1074 1351
f 1075 1351 1982
f 1078 1575 1574
f 1078 1574 1893
f 1124 1130 1123
f 1124 1123 1122
f 1983 633 1624
f 1983 1624 1653
f 1984 1854 1857
f 1984 1857 1985
f 1130 1844 1094
f 1130 1094 1123
f 1986 1987 1240
f 1986 1240 1233
f 1734 1716 1782
f 1734 1782 1786
f 1821 511 691
f 1821 691 1494
f 1933 1932 1988
f 1933 1988 1143
f 1499 1239 1240
f 1499 1240 1987
f 526 1777 332
f 526 332 331
f 1703 1702 1972
f 1703 1972 1989
f 1973 1990 1967
f 1973 1967 1965
f 1973 1809 1772
f 1973 1772 1990
f 1868 1991 1992
f 1868 1992 1984
f 1814 1813 1991
f 1814 1991 1868
f 819 1837 822
f 819 822 820
f 633 1983 1460
f 633 1460 1459
f 787 1973 1965
f 787 1965 790
f 1565 1993 1080
f 1565 1080 1566
f 815 1825 818
f 815 818 813
f 1826 1994 1995
f 1826 1995 1867
f 1994 1953 1951
f 1994 1951 1995
f 1808 1810 772
f 1808 772 1963
f 1813 1812 1996
f 1813 1996 1997
f 1669 1998 1999
f 1669 1999 1771
f 1998 2000 2001
f 1998 2001 1999
f 2000 2002 2003
f 2000 2003 2001
f 2002 2004 2005
f 2002 2005 2003
f 2004 2006 731
f 2004 731 2005
f 731 2006 2007
f 731 2007 732
f 1665 1668 1674
f 1665 1674 2008
f 1867 1995 822
f 1867 822 1837
f 1995 1951 823
f 1995 823 822
f 772 1810 1820
f 772 1820 773
f 598 1996 1812
f 598 1812 1811
f 1771 1999 1990
f 1771 1990 1772
f 1999 2001 1967
f 1999 1967 1990
f 2001 2003 1968
f 2001 1968 1967
f 2003 2005 1966
f 2003 1966 1968
f 731 730 1966
f 731 1966 2005
f 1456 1639 638
f 1456 638 639
f 2009 2010 2011
f 2009 2011 2012
f 746 2013 794
f 746 794 750
f 2014 1816 1815
f 2014 1815 2015
f 1416 1010 1013
f 1416 1013 2016
f 794 2017 2018
f 794 2018 795
f 2019 2020 815
f 2019 815 814
f 2020 1688 1825
f 2020 1825 815
f 1397 634 1479
f 1397 1479 1402
f 1689 2021 1994
f 1689 1994 1826
f 2021 1955 1953
f 2021 1953 1994
f 303 1406 1035
f 303 1035 306
f 2022 2023 1997
f 2022 1997 1996
f 597 2022 1996
f 597 1996 598
f 1513 2024 1998
f 1513 1998 1669
f 2024 2025 2000
f 2024 2000 1998
f 2025 2026 2002
f 2025 2002 2000
f 2026 2027 2004
f 2026 2004 2002
f 2012 2006 2004
f 2012 2004 2027
f 2023 2028 2029
f 2023 2029 2030
f 619 832 831
f 619 831 575
f 797 2031 2032
f 797 2032 745
f 1364 1324 664
f 1364 664 663
f 1686 2033 2021
f 1686 2021 1689
f 2033 2034 1955
f 2033 1955 2021
f 2034 1959 1956
f 2034 1956 1955
f 1692 1691 1794
f 1692 1794 1793
f 957 1883 1884
f 957 1884 2016
f 2028 2023 2022
f 2028 2022 2035
f 2036 2035 2022
f 2036 2022 597
f 1512 2037 2024
f 1512 2024 1513
f 2037 2038 2025
f 2037 2025 2024
f 2038 2039 2026
f 2038 2026 2025
f 2039 2040 2027
f 2039 2027 2026
f 2041 2014 2015
f 2041 2015 2042
f 861 863 2043
f 861 2043 2036
f 2040 2041 2042
f 2040 2042 2009
f 1135 2044 1822
f 1135 1822 1119
f 2045 1364 663
f 2045 663 1866
f 2046 1006 1011
f 2046 1011 1687
f 2047 1007 1006
f 2047 1006 2046
f 2020 2019 2047
f 2020 2047 2046
f 2046 1687 1688
f 2046 1688 2020
f 1979 2047 2019
f 1979 2019 1795
f 748 747 801
f 748 801 753
f 796 748 753
f 796 753 752
f 794 2013 2048
f 794 2048 2017
f 2044 319 1823
f 2044 1823 1822
f 1724 1723 1718
f 1724 1718 1717
f 2049 2050 2051
f 2049 2051 2052
f 2050 2053 2054
f 2050 2054 2051
f 949 932 929
f 949 929 951
f 1136 1135 1119
f 1136 1119 1118
f 2055 2056 2057
f 2055 2057 2058
f 2059 2060 2058
f 2059 2058 2057
f 2060 2059 2061
f 2060 2061 1978
f 1978 2061 2062
f 1978 2062 1979
f 1979 2062 1007
f 1979 1007 2047
f 1146 993 992
f 1146 992 1147
f 2063 2064 2065
f 2063 2065 2066
f 2064 2067 2068
f 2064 2068 2065
f 2069 740 739
f 2069 739 2070
f 2071 2072 2073
f 2071 2073 2074
f 2075 1940 2072
f 2075 2072 2076
f 1686 1638 2077
f 1686 2077 2033
f 2033 2077 2078
f 2033 2078 2034
f 2034 2078 2079
f 2034 2079 1959
f 1959 2079 1964
f 1959 1964 1957
f 1853 1417 1884
f 1853 1884 1882
f 829 1853 1882
f 829 1882 1881
f 1861 2080 2081
f 1861 2081 1862
f 1864 2082 2080
f 1864 2080 1861
f 1512 1492 2083
f 1512 2083 2037
f 2083 2084 2038
f 2083 2038 2037
f 2084 2085 2039
f 2084 2039 2038
f 2085 2041 2040
f 2085 2040 2039
f 2027 2040 2009
f 2027 2009 2012
f 1542 1695 1507
f 1542 1507 1914
f 1182 607 610
f 1182 610 1196
f 2042 2086 2010
f 2042 2010 2009
f 2053 2087 2088
f 2053 2088 2054
f 2069 2089 2088
f 2069 2088 734
f 2054 2088 2089
f 2054 2089 2056
f 2056 2089 2090
f 2056 2090 2057
f 2091 2059 2057
f 2091 2057 2090
f 2059 2091 2092
f 2059 2092 2061
f 2061 2092 2093
f 2061 2093 2062
f 2062 2093 2094
f 2062 2094 1007
f 1089 1091 1933
f 1089 1933 1981
f 1144 1145 1804
f 1144 1804 1981
f 1537 1387 1389
f 1537 1389 1531
f 1160 744 743
f 1160 743 1003
f 1989 2076 2072
f 1989 2072 2071
f 2074 2073 2095
f 2074 2095 2096
f 1638 1426 2097
f 1638 2097 2077
f 2077 2097 2098
f 2077 2098 2078
f 2078 2098 2099
f 2078 2099 2079
f 2079 2099 781
f 2079 781 1964
f 1880 1149 1517
f 1880 1517 1881
f 1149 937 936
f 1149 936 1517
f 2100 2101 2102
f 2100 2102 2103
f 1703 1989 2104
f 1703 2104 1547
f 1492 1365 2105
f 1492 2105 2083
f 2105 2106 2084
f 2105 2084 2083
f 2106 2107 2085
f 2106 2085 2084
f 2107 2014 2041
f 2107 2041 2085
f 690 1211 1210
f 690 1210 625
f 775 1163 311
f 775 311 1792
f 1182 1196 1199
f 1182 1199 1183
f 2015 2108 2086
f 2015 2086 2042
f 2087 735 734
f 2087 734 2088
f 2051 2054 2056
f 2051 2056 2055
f 2055 2048 2052
f 2055 2052 2051
f 2069 2109 2090
f 2069 2090 2089
f 2110 2091 2090
f 2110 2090 2109
f 2110 1944 2092
f 2110 2092 2091
f 1944 1943 2093
f 1944 2093 2092
f 1943 1988 2094
f 1943 2094 2093
f 1988 1932 1976
f 1988 1976 2094
f 1932 1931 1571
f 1932 1571 1976
f 1931 960 959
f 1931 959 1571
f 957 2016 1013
f 957 1013 958
f 2096 2095 2111
f 2096 2111 2112
f 2113 2112 2111
f 2113 2111 2114
f 1415 2115 2097
f 1415 2097 1426
f 2115 2116 2098
f 2115 2098 2097
f 2116 2117 2099
f 2116 2099 2098
f 2117 778 781
f 2117 781 2099
f 761 830 1517
f 761 1517 1424
f 1135 1138 2118
f 1135 2118 2044
f 1827 1828 2104
f 1827 2104 2119
f 1862 2028 2035
f 1862 2035 2120
f 1312 2121 2105
f 1312 2105 1365
f 2121 2122 2106
f 2121 2106 2105
f 2122 2123 2107
f 2122 2107 2106
f 2123 1816 2014
f 2123 2014 2107
f 1190 1189 1188
f 1190 1188 1187
f 776 775 1792
f 776 1792 1793
f 1725 1721 1720
f 1725 1720 1752
f 1815 1878 2108
f 1815 2108 2015
f 1522 1521 1539
f 1522 1539 954
f 742 1888 1004
f 742 1004 743
f 2124 2070 739
f 2124 739 2125
f 2126 2063 2066
f 2126 2066 2127
f 2067 2126 2127
f 2067 2127 2068
f 2128 2129 2064
f 2128 2064 2063
f 987 1946 1945
f 987 1945 989
f 985 1143 1946
f 985 1946 987
f 1988 1943 1946
f 1988 1946 1143
f 1883 957 960
f 1883 960 1090
f 1417 1416 2016
f 1417 2016 1884
f 2075 2130 1936
f 2075 1936 1940
f 2130 1658 1657
f 2130 1657 1936
f 1169 2115 1415
f 1169 1415 1414
f 1168 2116 2115
f 1168 2115 1169
f 774 2117 2116
f 774 2116 1168
f 777 778 2117
f 777 2117 774
f 2131 2132 2113
f 2131 2113 2114
f 825 827 617
f 825 617 586
f 1859 1862 2120
f 1859 2120 2133
f 2043 2120 2035
f 2043 2035 2036
f 1200 1179 2121
f 1200 2121 1312
f 1179 1178 2122
f 1179 2122 2121
f 1178 1184 2123
f 1178 2123 2122
f 1184 1183 1816
f 1184 1816 2123
f 1724 1752 1720
f 1724 1720 1719
f 1793 1792 1791
f 1793 1791 1692
f 1755 1779 1727
f 1755 1727 1758
f 1948 1947 1564
f 1948 1564 2134
f 1875 2134 1564
f 1875 1564 1558
f 1557 1555 2135
f 1557 2135 1874
f 1555 738 2136
f 1555 2136 2135
f 2125 739 1554
f 2125 1554 2137
f 1554 1556 1552
f 1554 1552 2137
f 1550 2138 2137
f 1550 2137 1552
f 1556 1559 1553
f 1556 1553 1552
f 1174 975 2124
f 1174 2124 2125
f 1947 1537 1563
f 1947 1563 1564
f 1069 1079 1934
f 1069 1934 1070
f 1880 1879 1088
f 1880 1088 1087
f 1160 963 1099
f 1160 1099 1159
f 1158 1127 1126
f 1158 1126 1159
f 1889 938 940
f 1889 940 1899
f 2094 1976 1008
f 2094 1008 1007
f 1006 1009 1012
f 1006 1012 1011
f 1577 1380 1576
f 1577 1576 1081
f 921 933 1421
f 921 1421 2139
f 1974 1522 954
f 1974 954 953
f 1057 934 1068
f 1057 1068 1058
f 1537 1536 1562
f 1537 1562 1563
f 1075 1982 1573
f 1075 1573 1572
f 1410 1422 1423
f 1410 1423 1323
f 2140 2141 1851
f 2140 1851 1850
f 1232 1906 1986
f 1232 1986 1233
f 1536 1530 1528
f 1536 1528 1535
f 1541 1367 1366
f 1541 1366 1938
f 585 1781 1783
f 585 1783 1778
f 1846 1847 1162
f 1846 1162 1161
f 1165 618 574
f 1165 574 864
f 1138 1846 1161
f 1138 1161 2118
f 316 319 2044
f 316 2044 2118
f 1105 1108 1849
f 1105 1849 1848
f 311 1163 836
f 311 836 312
f 1847 1788 1790
f 1847 1790 1162
f 314 313 1823
f 314 1823 1942
f 2142 1778 1783
f 2142 1783 1975
f 1776 1775 1778
f 1776 1778 2142
f 763 824 584
f 763 584 529
f 1378 1379 1578
f 1378 1578 1581
f 1622 1396 1401
f 1622 1401 1939
f 2143 2100 2103
f 2143 2103 2144
f 1801 1247 1246
f 1801 1246 1506
f 2072 1940 1941
f 2072 1941 2073
f 1854 2145 1969
f 1854 1969 1855
f 1497 1839 1230
f 1497 1230 1241
f 710 699 1839
f 710 1839 1497
f 1504 696 709
f 1504 709 1495
f 1713 1929 1803
f 1713 1803 1714
f 1268 1267 1987
f 1268 1987 1986
f 1489 1499 1987
f 1489 1987 1267
f 2114 2111 2146
f 2114 2146 2147
f 828 1508 1886
f 828 1886 1362
f 977 980 1519
f 977 1519 1228
f 617 827 1363
f 617 1363 656
f 2147 2146 1673
f 2147 1673 1672
f 1547 2104 1828
f 1547 1828 1545
f 657 1798 1799
f 657 1799 616
f 1784 1799 1798
f 1784 1798 1733
f 1746 1748 1762
f 1746 1762 1747
f 1749 1750 1768
f 1749 1768 1763
f 198 197 1214
f 198 1214 884
f 1741 1740 1745
f 1741 1745 1765
f 1751 1767 1768
f 1751 1768 1750
f 888 198 884
f 888 884 878
f 1744 1761 859
f 1744 859 1502
f 1769 1766 1786
f 1769 1786 1785
f 859 1761 1760
f 859 1760 860
f 1785 860 1760
f 1785 1760 1769
f 860 1785 1732
f 860 1732 858
f 1737 1759 1757
f 1737 1757 1736
f 1780 1754 1738
f 1780 1738 1841
f 315 835 1162
f 315 1162 1790
f 1541 1938 854
f 1541 854 853
f 1665 2008 2029
f 1665 2029 2081
f 1182 1181 2148
f 1182 2148 607
f 1192 2149 785
f 1192 785 1189
f 2150 2082 2102
f 2150 2102 2151
f 1677 1729 1728
f 1677 1728 1678
f 2143 2152 2101
f 2143 2101 2100
f 1367 1210 1187
f 1367 1187 577
f 2153 2080 2082
f 2153 2082 2150
f 1367 1541 625
f 1367 625 1210
f 689 558 557
f 689 557 690
f 1678 1728 1759
f 1678 1759 1737
f 2154 2081 2080
f 2154 2080 2153
f 608 607 2148
f 608 2148 2155
f 784 608 2155
f 784 2155 1249
f 1188 784 1249
f 1188 1249 576
f 1666 1665 2081
f 1666 2081 2154
f 1984 1992 2145
f 1984 2145 1854
f 1868 1984 1985
f 1868 1985 1869
f 1712 1681 1872
f 1712 1872 1925
f 2156 1266 1269
f 2156 1269 1842
f 1536 1535 1560
f 1536 1560 1562
f 1550 1549 1532
f 1550 1532 2138
f 922 921 2139
f 922 2139 2157
f 2036 597 600
f 2036 600 2158
f 1970 2075 2076
f 1970 2076 1971
f 1969 2130 2075
f 1969 2075 1970
f 331 316 2118
f 331 2118 1161
f 1244 1929 1928
f 1244 1928 2159
f 1437 508 507
f 1437 507 1832
f 1418 1508 828
f 1418 828 826
f 1405 1403 1402
f 1405 1402 1458
f 1328 1278 1277
f 1328 1277 1329
f 1268 1986 1906
f 1268 1906 1303
f 1643 1642 1858
f 1643 1858 2160
f 1578 2161 1428
f 1578 1428 1427
f 48 224 1288
f 48 1288 1287
f 1255 1370 809
f 1255 809 808
f 2162 1411 1283
f 2162 1283 1325
f 1177 1297 2148
f 1177 2148 1181
f 2138 1174 2125
f 2138 2125 2137
f 1535 1534 1561
f 1535 1561 1560
f 895 1835 715
f 895 715 676
f 1835 711 713
f 1835 713 715
f 222 220 713
f 222 713 712
f 1297 1295 2155
f 1297 2155 2148
f 1021 1019 1287
f 1021 1287 1286
f 510 1285 1288
f 510 1288 712
f 454 371 374
f 454 374 457
f 371 237 238
f 371 238 374
f 237 229 228
f 237 228 238
f 189 172 228
f 189 228 223
f 224 189 223
f 224 223 222
f 1806 1722 1779
f 1806 1779 1780
f 1806 1791 309
f 1806 309 1722
f 1719 1722 309
f 1719 309 308
f 1211 2163 1191
f 1211 1191 1190
f 2149 2164 609
f 2149 609 785
f 610 609 2164
f 610 2164 2165
f 1196 610 2165
f 1196 2165 1197
f 879 876 898
f 879 898 1877
f 1644 1643 2160
f 1644 2160 1676
f 48 1287 1019
f 48 1019 49
f 1693 1841 1677
f 1693 1677 1680
f 1336 1333 1227
f 1336 1227 1226
f 1346 1840 1382
f 1346 1382 1344
f 2145 1658 2130
f 2145 2130 1969
f 1232 1518 1510
f 1232 1510 1906
f 1526 1529 1974
f 1526 1974 1917
f 2166 1488 1266
f 2166 1266 2156
f 1905 1904 2167
f 1905 2167 1918
f 1245 1244 2159
f 1245 2159 1915
f 317 1975 1715
f 317 1715 318
f 332 2142 1975
f 332 1975 317
f 1777 1776 2142
f 1777 2142 332
f 547 550 1714
f 547 1714 2168
f 2168 1714 1803
f 2168 1803 1802
f 759 763 529
f 759 529 525
f 1527 1526 1920
f 1527 1920 2169
f 1798 562 1690
f 1798 1690 1733
f 1756 841 843
f 1756 843 1758
f 2170 1672 1668
f 2170 1668 1667
f 2171 2147 1672
f 2171 1672 2170
f 1779 1722 1721
f 1779 1721 1727
f 2131 2114 2147
f 2131 2147 2171
f 841 842 844
f 841 844 843
f 926 927 930
f 926 930 2172
f 319 318 1942
f 319 1942 1823
f 1098 1095 1094
f 1098 1094 1844
f 876 875 806
f 876 806 898
f 1833 2173 1941
f 1833 1941 1935
f 1972 1971 2076
f 1972 2076 1989
f 1992 1655 1658
f 1992 1658 2145
f 1425 684 687
f 1425 687 762
f 934 937 1148
f 934 1148 1068
f 307 314 1723
f 307 1723 308
f 2173 2095 2073
f 2173 2073 1941
f 2141 1842 1843
f 2141 1843 1851
f 2045 2174 1326
f 2045 1326 1364
f 1433 2156 1842
f 1433 1842 2141
f 1407 2166 2156
f 1407 2156 1433
f 1264 1262 2166
f 1264 2166 1407
f 1280 2175 1261
f 1280 1261 1263
f 1356 1438 2175
f 1356 2175 1280
f 1434 1433 2141
f 1434 2141 2140
f 2008 1674 1834
f 2008 1834 1937
f 1186 2176 2043
f 1186 2043 863
f 2176 2133 2120
f 2176 2120 2043
f 1452 1449 1645
f 1452 1645 1635
f 1673 2146 2173
f 1673 2173 1833
f 1241 1238 1498
f 1241 1498 1497
f 1757 1759 837
f 1757 837 839
f 1262 1259 1488
f 1262 1488 2166
f 2138 1532 1175
f 2138 1175 1174
f 2177 2074 2096
f 2177 2096 2178
f 1363 567 566
f 1363 566 656
f 1813 1997 2179
f 1813 2179 1991
f 2179 2030 1937
f 2179 1937 1655
f 1997 2023 2030
f 1997 2030 2179
f 683 1980 659
f 683 659 658
f 1914 1507 1246
f 1914 1246 1245
f 1244 1247 1803
f 1244 1803 1929
f 1386 1345 1343
f 1386 1343 1383
f 1549 1548 1923
f 1549 1923 1924
f 1904 922 2157
f 1904 2157 2167
f 2008 1937 2030
f 2008 2030 2029
f 2178 2096 2112
f 2178 2112 2180
f 2181 2071 2074
f 2181 2074 2177
f 935 1085 2140
f 935 2140 1850
f 1862 2081 2029
f 1862 2029 2028
f 2180 2112 2113
f 2180 2113 2132
f 1084 1056 1408
f 1084 1408 1434
f 1085 1084 1434
f 1085 1434 2140
f 2174 2162 1325
f 2174 1325 1326
f 1314 668 892
f 1314 892 1049
f 880 879 1877
f 880 1877 1876
f 1456 1454 1636
f 1456 1636 1639
f 2146 2111 2095
f 2146 2095 2173
f 695 694 1498
f 695 1498 1493
f 1738 1754 716
f 1738 716 720
f 2175 1836 1260
f 2175 1260 1261
f 1290 1220 1219
f 1290 1219 1355
f 901 1075 1572
f 901 1572 902
f 1362 1886 1228
f 1362 1228 1519
f 1991 2179 1655
f 1991 1655 1992
f 1347 1222 1221
f 1347 1221 1349
f 2155 1295 163
f 2155 163 1249
f 1681 1712 550
f 1681 550 549
f 1545 1828 1695
f 1545 1695 1542
f 1438 512 1836
f 1438 1836 2175
f 1534 1527 2169
f 1534 2169 1921
f 861 2036 2158
f 861 2158 1927
f 1316 1314 1049
f 1316 1049 1180
f 1723 314 1942
f 1723 1942 1718
f 2182 1989 2071
f 2182 2071 2181
f 2182 2119 2104
f 2182 2104 1989
f 1131 1136 1118
f 1131 1118 1115
f 1845 1132 1114
f 1845 1114 1111
f 1130 1129 1110
f 1130 1110 1844
f 2019 814 811
f 2019 811 1795
f 814 812 810
f 814 810 811
f 812 804 800
f 812 800 810
f 804 802 801
f 804 801 800
f 2058 2060 2018
f 2058 2018 2017
f 2055 2058 2017
f 2055 2017 2048
f 745 2032 2013
f 745 2013 746
f 1978 1977 2018
f 1978 2018 2060
f 1977 1795 795
f 1977 795 2018
f 1132 1131 1115
f 1132 1115 1114
f 1129 1845 1111
f 1129 1111 1110
f 1120 1123 1094
f 1120 1094 1093
f 1121 1120 1093
f 1121 1093 961
f 1064 1121 961
f 1064 961 952
f 1065 1064 952
f 1065 952 951
f 932 931 930
f 932 930 929
f 1538 1898 1897
f 1538 1897 1539
f 1565 1568 1429
f 1565 1429 1428
f 1565 1428 2161
f 1565 2161 1993
f 1577 1081 1080
f 1577 1080 1993
f 1069 1566 1080
f 1069 1080 1079
f 1078 1893 1934
f 1078 1934 1079
f 1538 1070 1934
f 1538 1934 1898
f 1577 1993 2161
f 1577 2161 1578
f 1901 2183 2184
f 1901 2184 1902
f 1392 924 1901
f 1392 1901 1900
f 1895 1392 1900
f 1895 1900 2185
f 2186 1895 2185
f 2186 2185 2187
f 2188 2186 2187
f 2188 2187 2189
f 923 2188 2189
f 923 2189 2183
f 924 923 2183
f 924 2183 1901
f 2190 2188 923
f 2190 923 913
f 2183 2189 2191
f 2183 2191 2184
f 2189 2187 2192
f 2189 2192 2191
f 2187 2185 2193
f 2187 2193 2192
f 2185 1900 1903
f 2185 1903 2193
f 2194 2190 913
f 2194 913 912
f 1539 1897 1896
f 1539 1896 1899
f 2186 1899 1896
f 2186 1896 1895
f 2194 912 926
f 2194 926 2172
f 931 2194 2172
f 931 2172 930
f 1894 906 905
f 1894 905 909
f 908 1024 925
f 908 925 909
f 1024 927 926
f 1024 926 925
f 931 915 2190
f 931 2190 2194
f 915 1889 2188
f 915 2188 2190
f 1889 1899 2186
f 1889 2186 2188
f 2136 738 737
f 2136 737 736
f 2052 2048 2013
f 2052 2013 2032
f 2049 2052 2032
f 2049 2032 2031
f 734 737 740
f 734 740 2069
f 2012 2011 2007
f 2012 2007 2006
f 1604 1603 1637
f 1604 1637 1626
f 1603 1653 1624
f 1603 1624 1637
f 1211 690 557
f 1211 557 834
f 2163 1211 834
f 2163 834 833
f 1708 1707 1676
f 1708 1676 2160
f 1709 1708 2160
f 1709 2160 1858
f 1642 1641 1830
f 1642 1830 1858
f 1641 1640 1831
f 1641 1831 1830
f 1707 1706 1675
f 1707 1675 1676
f 1706 1699 653
f 1706 653 1675
f 1699 1698 654
f 1699 654 653
f 706 707 708
f 706 708 714
f 1698 703 708
f 1698 708 654
f 1228 1886 1518
f 1228 1518 1229
f 1231 1838 704
f 1231 704 1229
f 714 702 705
f 714 705 706
f 1838 698 705
f 1838 705 704
f 855 622 847
f 855 847 846
f 589 558 689
f 589 689 1152
f 590 589 1152
f 590 1152 1151
f 553 1515 620
f 553 620 580
f 1515 1684 521
f 1515 521 620
f 1797 1796 587
f 1797 587 522
f 1684 1797 522
f 1684 522 521
f 564 2195 1193
f 564 1193 561
f 565 2196 2195
f 565 2195 564
f 568 2197 2196
f 568 2196 565
f 659 2198 2197
f 659 2197 568
f 1980 2199 2198
f 1980 2198 659
f 556 555 2200
f 556 2200 536
f 536 2200 2201
f 536 2201 537
f 624 623 799
f 624 799 2202
f 624 2202 1683
f 624 1683 1685
f 1682 1683 2202
f 1682 2202 2203
f 2203 2202 799
f 2203 799 1194
f 1194 1193 2204
f 1194 2204 2203
f 1682 2203 2204
f 1682 2204 581
f 2204 2205 554
f 2204 554 581
f 2195 2205 2204
f 2195 2204 1193
f 2196 2206 2205
f 2196 2205 2195
f 2199 2201 2200
f 2199 2200 2207
f 2205 2206 555
f 2205 555 554
f 555 2206 2207
f 555 2207 2200
f 2196 2197 2207
f 2196 2207 2206
f 2199 2207 2197
f 2199 2197 2198
f 537 2201 2199
f 537 2199 1980
f 1533 1924 1927
f 1533 1927 2158
f 1919 1918 1915
f 1919 1915 2159
f 1920 1919 2159
f 1920 2159 1928
f 1524 1533 2158
f 1524 2158 600
f 1922 1921 1925
f 1922 1925 1872
f 1912 1911 1869
f 1912 1869 1985
f 1913 1912 1985
f 1913 1985 1857
f 603 1807 1856
f 603 1856 983
f 2169 1920 1928
f 2169 1928 1926
f 1924 1923 1871
f 1924 1871 1927
f 2167 2157 1543
f 2167 1543 1916
f 1921 2169 1926
f 1921 1926 1925
f 1918 2167 1916
f 1918 1916 1915
f 1887 604 982
f 1887 982 1705
f 1909 1525 599
f 1909 599 1873
f 1910 1909 1873
f 1910 1873 1870
f 1923 1922 1872
f 1923 1872 1871
f 1911 1910 1870
f 1911 1870 1869
f 1807 1913 1857
f 1807 1857 1856
f 1421 1420 1704
f 1421 1704 1546
f 1420 1887 1705
f 1420 1705 1704
f 2139 1421 1546
f 2139 1546 1544
f 2157 2139 1544
f 2157 1544 1543
f 604 603 983
f 604 983 982
f 1525 1524 600
f 1525 600 599
f 2152 2208 2209
f 2152 2209 2151
f 1863 2210 2211
f 1863 2211 2144
f 2101 2152 2151
f 2101 2151 2102
f 1864 1863 2144
f 1864 2144 2103
f 2082 1864 2103
f 2082 2103 2102
f 2119 2182 2212
f 2119 2212 2213
f 2182 2181 2214
f 2182 2214 2212
f 2180 2132 2215
f 2180 2215 2216
f 2181 2177 2217
f 2181 2217 2214
f 2178 2180 2216
f 2178 2216 2218
f 2177 2178 2218
f 2177 2218 2217
f 2133 2176 2219
f 2133 2219 2220
f 2176 1186 2221
f 2176 2221 2219
f 2131 2171 2222
f 2131 2222 2223
f 2171 2170 2224
f 2171 2224 2222
f 2170 1667 2225
f 2170 2225 2224
f 2168 1802 2226
f 2168 2226 2227
f 547 2168 2227
f 547 2227 2228
f 1666 2154 2229
f 1666 2229 2230
f 2154 2153 2231
f 2154 2231 2229
f 2153 2150 2232
f 2153 2232 2231
f 2152 2143 2233
f 2152 2233 2208
f 2150 2151 2209
f 2150 2209 2232
f 1801 1506 2234
f 1801 2234 2235
f 2143 2144 2211
f 2143 2211 2233
f 1859 2133 2220
f 1859 2220 2236
f 2132 2131 2223
f 2132 2223 2215
f 1827 2119 2213
f 1827 2213 2237
f 1863 1860 2238
f 1863 2238 2210
f 1860 1859 2236
f 1860 2236 2238
f 1694 1827 2237
f 1694 2237 2239
f 1802 1801 2235
f 1802 2235 2226
f 1505 1694 2239
f 1505 2239 2240
f 1667 1666 2230
f 1667 2230 2225
f 1506 1505 2240
f 1506 2240 2234
f 1186 605 2241
f 1186 2241 2221
f 605 548 2242
f 605 2242 2241
f 548 547 2228
f 548 2228 2242
f 2243 2244 2245
f 2243 2245 2246
f 2247 2248 2244
f 2247 2244 2243
f 2249 2250 2251
f 2249 2251 2252
f 2253 2254 2255
f 2253 2255 2256
f 2257 2258 2259
f 2257 2259 2260
f 2261 2262 2263
f 2261 2263 2264
f 2265 2266 2267
f 2265 2267 2268
f 2269 2270 2271
f 2269 2271 2272
f 2252 2251 2273
f 2252 2273 2274
f 2275 2276 2277
f 2275 2277 2278
f 2275 2278 2279
f 2275 2279 2280
f 2281 2282 2283
f 2281 2283 2284
f 2285 2286 2287
f 2285 2287 2288
f 2289 2290 2291
f 2289 2291 2292
f 2268 2293 2294
f 2268 2294 2265
f 2295 2296 2297
f 2295 2297 2298
f 2299 2300 2301
f 2299 2301 2302
f 2275 2260 2259
f 2275 2259 2276
f 2274 2303 2304
f 2274 2304 2252
f 2305 2306 2307
f 2305 2307 2308
f 2309 2310 2311
f 2309 2311 2312
f 2313 2314 2315
f 2313 2315 2316
f 2317 2309 2312
f 2317 2312 2318
f 2309 2319 2320
f 2309 2320 2310
f 2321 2322 2323
f 2321 2323 2324
f 2260 2275 2280
f 2260 2280 2325
f 2288 2311 2310
f 2288 2310 2326
f 2327 2321 2324
f 2327 2324 2328
f 2321 2329 2330
f 2321 2330 2322
f 2331 2323 2322
f 2331 2322 2332
f 2317 2333 2319
f 2317 2319 2309
f 2318 2334 2335
f 2318 2335 2317
f 2267 2266 2336
f 2267 2336 2337
f 2292 2291 2338
f 2292 2338 2339
f 2327 2340 2329
f 2327 2329 2321
f 2341 2342 2343
f 2341 2343 2344
f 2345 2280 2346
f 2345 2346 2347
f 2348 2326 2310
f 2348 2310 2320
f 2326 2343 2285
f 2326 2285 2288
f 2349 2281 2284
f 2349 2284 2350
f 2335 2351 2333
f 2335 2333 2317
f 2352 2353 2354
f 2352 2354 2355
f 2305 2356 2357
f 2305 2357 2306
f 2344 2343 2326
f 2344 2326 2348
f 2358 2359 2266
f 2358 2266 2265
f 2360 2361 2294
f 2360 2294 2349
f 2328 2362 2363
f 2328 2363 2327
f 2364 2365 2366
f 2364 2366 2367
f 2368 2369 2370
f 2368 2370 2364
f 2371 2372 2373
f 2371 2373 2374
f 2361 2358 2265
f 2361 2265 2294
f 2375 2376 2377
f 2375 2377 2378
f 2262 2379 2380
f 2262 2380 2381
f 2382 2332 2322
f 2382 2322 2330
f 2314 2383 2384
f 2314 2384 2385
f 2386 2387 2385
f 2386 2385 2388
f 2389 144 143
f 2389 143 2390
f 2352 2391 2392
f 2352 2392 2393
f 2394 2352 2393
f 2394 2393 2395
f 2380 2394 2395
f 2380 2395 2396
f 2332 2397 2398
f 2332 2398 2331
f 2381 2380 2396
f 2381 2396 2399
f 2400 2381 2399
f 2400 2399 2401
f 2398 2400 2401
f 2398 2401 2402
f 2363 2403 2340
f 2363 2340 2327
f 2404 2331 2405
f 2404 2405 2406
f 2312 2407 2408
f 2312 2408 2318
f 2409 2410 2411
f 2409 2411 2412
f 2313 2413 2414
f 2313 2414 2415
f 2308 2414 2413
f 2308 2413 2305
f 2385 2387 2315
f 2385 2315 2314
f 2416 2417 2418
f 2416 2418 2419
f 2420 2421 2417
f 2420 2417 2416
f 2367 2354 2353
f 2367 2353 2422
f 2423 2397 2332
f 2423 2332 2382
f 2424 2425 2270
f 2424 2270 2269
f 2426 2257 2424
f 2426 2424 2269
f 2427 2325 2280
f 2427 2280 2345
f 2428 2429 2355
f 2428 2355 2430
f 2431 2379 2262
f 2431 2262 2261
f 2307 2432 2255
f 2307 2255 2254
f 2433 2335 2334
f 2433 2334 2434
f 2295 2435 2418
f 2295 2418 2417
f 2413 2436 2356
f 2413 2356 2305
f 2437 2360 2421
f 2437 2421 2420
f 2361 2438 2439
f 2361 2439 2358
f 2359 2440 2441
f 2359 2441 2266
f 2442 2443 2444
f 2442 2444 2445
f 2294 2293 2281
f 2294 2281 2349
f 2446 2290 2249
f 2446 2249 2447
f 2417 2421 2296
f 2417 2296 2295
f 2448 2449 2447
f 2448 2447 2450
f 2451 2452 2453
f 2451 2453 2454
f 2291 2455 2456
f 2291 2456 2338
f 2457 2363 2362
f 2457 2362 2458
f 2459 2460 2324
f 2459 2324 2323
f 2404 2285 2343
f 2404 2343 2342
f 2407 2454 2461
f 2407 2461 2408
f 2437 2438 2361
f 2437 2361 2360
f 2400 2398 2397
f 2400 2397 2462
f 2463 2464 2441
f 2463 2441 2465
f 2465 2466 2467
f 2465 2467 2463
f 2467 2466 2468
f 2467 2468 2469
f 2298 2470 2435
f 2298 2435 2295
f 2278 2277 2471
f 2278 2471 2472
f 2457 2473 2403
f 2457 2403 2363
f 2466 2474 2475
f 2466 2475 2468
f 2364 2367 2422
f 2364 2422 2368
f 2353 2352 2394
f 2353 2394 2384
f 2368 2422 2383
f 2368 2383 2415
f 2432 2381 2400
f 2432 2400 2255
f 2308 2307 2254
f 2308 2254 2458
f 2323 2331 2404
f 2323 2404 2459
f 2328 2324 2460
f 2328 2460 2434
f 2422 2353 2384
f 2422 2384 2383
f 2394 2380 2379
f 2394 2379 2388
f 2313 2316 2436
f 2313 2436 2413
f 2367 2366 2476
f 2367 2476 2354
f 2254 2253 2457
f 2254 2457 2458
f 2477 2462 2397
f 2477 2397 2423
f 2297 2296 2349
f 2297 2349 2478
f 2441 2464 2336
f 2441 2336 2266
f 2359 2479 2480
f 2359 2480 2440
f 2400 2462 2256
f 2400 2256 2255
f 2440 2480 2481
f 2440 2481 2482
f 2482 2481 2483
f 2482 2483 2474
f 2418 2475 2484
f 2418 2484 2419
f 2465 2441 2440
f 2465 2440 2482
f 2383 2314 2313
f 2383 2313 2415
f 2482 2474 2466
f 2482 2466 2465
f 2391 2389 2390
f 2391 2390 2392
f 2267 2279 2278
f 2267 2278 2472
f 2485 2486 2425
f 2485 2425 2427
f 2427 2425 2424
f 2427 2424 2325
f 2487 2258 2257
f 2487 2257 2426
f 2306 2357 2264
f 2306 2264 2263
f 2488 2489 2490
f 2488 2490 2491
f 2270 2425 2486
f 2270 2486 2492
f 2270 2304 2303
f 2270 2303 2271
f 2404 2342 2493
f 2404 2493 2459
f 2494 2495 2292
f 2494 2292 2339
f 2461 2496 2497
f 2461 2497 2498
f 2495 2494 2499
f 2495 2499 2408
f 2500 2452 2451
f 2500 2451 2501
f 2461 2498 2495
f 2461 2495 2408
f 2477 2502 2256
f 2477 2256 2462
f 2433 2503 2351
f 2433 2351 2335
f 2504 2505 2283
f 2504 2283 2282
f 2506 2507 2508
f 2506 2508 2509
f 2510 2511 2512
f 2510 2512 2513
f 2447 2449 2514
f 2447 2514 2446
f 2510 2513 2293
f 2510 2293 2268
f 2454 2407 2515
f 2454 2515 2451
f 2516 2446 2514
f 2516 2514 2517
f 2504 2282 2513
f 2504 2513 2512
f 2386 2388 2379
f 2386 2379 2431
f 2281 2293 2513
f 2281 2513 2282
f 2426 2269 2372
f 2426 2372 2518
f 2460 2519 2433
f 2460 2433 2434
f 2300 2299 2273
f 2300 2273 2251
f 2472 2471 2511
f 2472 2511 2510
f 2472 2510 2268
f 2472 2268 2267
f 2257 2260 2325
f 2257 2325 2424
f 2461 2454 2453
f 2461 2453 2496
f 2485 2520 2521
f 2485 2521 2486
f 2522 2485 2427
f 2522 2427 2345
f 2347 2456 2455
f 2347 2455 2345
f 2499 2523 2318
f 2499 2318 2408
f 2394 2388 2385
f 2394 2385 2384
f 2359 2358 2439
f 2359 2439 2479
f 2524 2525 2250
f 2524 2250 2289
f 2509 2508 2525
f 2509 2525 2526
f 2527 2528 2518
f 2527 2518 2529
f 2349 2296 2421
f 2349 2421 2360
f 2457 2253 2530
f 2457 2530 2473
f 2531 2492 2486
f 2531 2486 2521
f 2492 2532 2304
f 2492 2304 2270
f 2301 2501 2451
f 2301 2451 2515
f 2301 2300 2507
f 2301 2507 2501
f 2381 2432 2263
f 2381 2263 2262
f 2533 2534 2535
f 2533 2535 2524
f 2249 2290 2289
f 2249 2289 2250
f 2522 2536 2520
f 2522 2520 2485
f 2524 2535 2526
f 2524 2526 2525
f 2345 2455 2537
f 2345 2537 2522
f 2508 2507 2300
f 2508 2300 2251
f 2538 2532 2492
f 2538 2492 2531
f 2433 2519 2539
f 2433 2539 2503
f 2500 2501 2507
f 2500 2507 2506
f 2251 2250 2525
f 2251 2525 2508
f 2292 2495 2498
f 2292 2498 2533
f 2256 2502 2530
f 2256 2530 2253
f 2537 2540 2536
f 2537 2536 2522
f 2306 2263 2432
f 2306 2432 2307
f 2519 2460 2459
f 2519 2459 2493
f 2341 2541 2493
f 2341 2493 2342
f 2252 2304 2532
f 2252 2532 2450
f 2498 2497 2534
f 2498 2534 2533
f 2288 2287 2302
f 2288 2302 2301
f 2533 2524 2289
f 2533 2289 2292
f 2493 2541 2539
f 2493 2539 2519
f 2516 2537 2455
f 2516 2455 2291
f 2448 2450 2532
f 2448 2532 2538
f 2252 2450 2447
f 2252 2447 2249
f 2288 2301 2515
f 2288 2515 2311
f 2430 2355 2354
f 2430 2354 2476
f 2290 2446 2516
f 2290 2516 2291
f 2516 2517 2540
f 2516 2540 2537
f 2355 2429 2391
f 2355 2391 2352
f 2370 2542 2365
f 2370 2365 2364
f 2331 2398 2402
f 2331 2402 2405
f 2407 2312 2311
f 2407 2311 2515
f 2543 2544 2545
f 2543 2545 2546
f 2547 2544 2543
f 2547 2543 2548
f 2546 303 144
f 2546 144 2543
f 2549 2546 2545
f 2549 2545 2550
f 2389 2548 2543
f 2389 2543 144
f 2547 2548 2429
f 2547 2429 2428
f 2551 303 2546
f 2551 2546 2549
f 2549 2550 2542
f 2549 2542 2370
f 2389 2391 2429
f 2389 2429 2548
f 2369 2551 2549
f 2369 2549 2370
f 2404 2406 2286
f 2404 2286 2285
f 2552 2553 2554
f 2552 2554 2555
f 2554 2553 2556
f 2554 2556 2557
f 2558 2559 2552
f 2558 2552 2560
f 2561 2562 2563
f 2561 2563 2564
f 2414 2308 2565
f 2414 2565 2566
f 2308 2458 2567
f 2308 2567 2565
f 2434 2334 2568
f 2434 2568 2569
f 2328 2434 2569
f 2328 2569 2570
f 2362 2328 2570
f 2362 2570 2571
f 2572 2573 2574
f 2572 2574 2575
f 2334 2318 2523
f 2334 2523 2568
f 2576 2561 2564
f 2576 2564 2577
f 2535 2534 2578
f 2535 2578 2579
f 2526 2535 2579
f 2526 2579 2580
f 2534 2497 2581
f 2534 2581 2578
f 2509 2526 2580
f 2509 2580 2582
f 2497 2496 2583
f 2497 2583 2581
f 2506 2509 2582
f 2506 2582 2584
f 2496 2453 2585
f 2496 2585 2583
f 2500 2506 2584
f 2500 2584 2586
f 2453 2452 2587
f 2453 2587 2585
f 2452 2500 2586
f 2452 2586 2587
f 2258 2487 2588
f 2258 2588 2589
f 2259 2258 2589
f 2259 2589 2590
f 2588 2487 2528
f 2588 2528 2591
f 2276 2259 2590
f 2276 2590 2592
f 2593 2527 2505
f 2593 2505 2594
f 2277 2276 2592
f 2277 2592 2595
f 2504 2512 2596
f 2504 2596 2597
f 2471 2277 2595
f 2471 2595 2598
f 2512 2511 2599
f 2512 2599 2596
f 2511 2471 2598
f 2511 2598 2599
f 2502 2477 2600
f 2502 2600 2601
f 2530 2502 2601
f 2530 2601 2602
f 2477 2423 2603
f 2477 2603 2600
f 2473 2530 2602
f 2473 2602 2604
f 2423 2382 2605
f 2423 2605 2603
f 2403 2473 2604
f 2403 2604 2606
f 2382 2330 2607
f 2382 2607 2605
f 2340 2403 2606
f 2340 2606 2608
f 2330 2329 2609
f 2330 2609 2607
f 2329 2340 2608
f 2329 2608 2609
f 2479 2439 2610
f 2479 2610 2611
f 2480 2479 2611
f 2480 2611 2612
f 2439 2438 2613
f 2439 2613 2610
f 2481 2480 2612
f 2481 2612 2614
f 2438 2437 2615
f 2438 2615 2613
f 2483 2481 2614
f 2483 2614 2616
f 2437 2420 2617
f 2437 2617 2615
f 2618 2419 2484
f 2618 2484 2619
f 2420 2416 2620
f 2420 2620 2617
f 2416 2419 2618
f 2416 2618 2620
f 2320 2319 2621
f 2320 2621 2622
f 2319 2333 2623
f 2319 2623 2621
f 2348 2320 2622
f 2348 2622 2624
f 2333 2351 2625
f 2333 2625 2623
f 2344 2348 2624
f 2344 2624 2626
f 2351 2503 2627
f 2351 2627 2625
f 2341 2344 2626
f 2341 2626 2628
f 2503 2539 2629
f 2503 2629 2627
f 2541 2341 2628
f 2541 2628 2630
f 2539 2541 2630
f 2539 2630 2629
f 2386 2431 2631
f 2386 2631 2632
f 2431 2261 2633
f 2431 2633 2631
f 2387 2386 2632
f 2387 2632 2634
f 2261 2264 2635
f 2261 2635 2633
f 2315 2387 2634
f 2315 2634 2636
f 2264 2357 2637
f 2264 2637 2635
f 2316 2315 2636
f 2316 2636 2638
f 2357 2356 2639
f 2357 2639 2637
f 2436 2316 2638
f 2436 2638 2640
f 2356 2436 2640
f 2356 2640 2639
f 2540 2517 2641
f 2540 2641 2642
f 2536 2540 2642
f 2536 2642 2643
f 2517 2514 2644
f 2517 2644 2641
f 2520 2536 2643
f 2520 2643 2645
f 2514 2449 2646
f 2514 2646 2644
f 2521 2520 2645
f 2521 2645 2647
f 2449 2448 2648
f 2449 2648 2646
f 2531 2521 2647
f 2531 2647 2649
f 2448 2538 2650
f 2448 2650 2648
f 2538 2531 2649
f 2538 2649 2650
f 2476 2366 2651
f 2476 2651 2652
f 2366 2365 2653
f 2366 2653 2651
f 2430 2476 2652
f 2430 2652 2654
f 2365 2542 2655
f 2365 2655 2653
f 2428 2430 2654
f 2428 2654 2656
f 2542 2550 2657
f 2542 2657 2655
f 2547 2428 2656
f 2547 2656 2658
f 2550 2545 2659
f 2550 2659 2657
f 2544 2547 2658
f 2544 2658 2660
f 2545 2544 2660
f 2545 2660 2659
f 2579 2578 2661
f 2579 2661 2662
f 2580 2579 2662
f 2580 2662 2663
f 2578 2581 2664
f 2578 2664 2661
f 2582 2580 2663
f 2582 2663 2665
f 2581 2583 2666
f 2581 2666 2664
f 2584 2582 2665
f 2584 2665 2667
f 2583 2585 2668
f 2583 2668 2666
f 2586 2584 2667
f 2586 2667 2669
f 2585 2587 2670
f 2585 2670 2668
f 2587 2586 2669
f 2587 2669 2670
f 2589 2588 2671
f 2589 2671 2672
f 2590 2589 2672
f 2590 2672 2673
f 2671 2588 2591
f 2671 2591 2674
f 2592 2590 2673
f 2592 2673 2675
f 2676 2593 2594
f 2676 2594 2677
f 2595 2592 2675
f 2595 2675 2678
f 2597 2596 2679
f 2597 2679 2680
f 2598 2595 2678
f 2598 2678 2681
f 2596 2599 2682
f 2596 2682 2679
f 2599 2598 2681
f 2599 2681 2682
f 2601 2600 2683
f 2601 2683 2684
f 2602 2601 2684
f 2602 2684 2685
f 2600 2603 2686
f 2600 2686 2683
f 2604 2602 2685
f 2604 2685 2687
f 2603 2605 2688
f 2603 2688 2686
f 2606 2604 2687
f 2606 2687 2689
f 2605 2607 2690
f 2605 2690 2688
f 2608 2606 2689
f 2608 2689 2691
f 2607 2609 2692
f 2607 2692 2690
f 2609 2608 2691
f 2609 2691 2692
f 2611 2610 2693
f 2611 2693 2694
f 2612 2611 2694
f 2612 2694 2695
f 2610 2613 2696
f 2610 2696 2693
f 2614 2612 2695
f 2614 2695 2697
f 2613 2615 2698
f 2613 2698 2696
f 2616 2614 2697
f 2616 2697 2699
f 2615 2617 2700
f 2615 2700 2698
f 2701 2618 2619
f 2701 2619 2702
f 2617 2620 2703
f 2617 2703 2700
f 2620 2618 2701
f 2620 2701 2703
f 2622 2621 2704
f 2622 2704 2705
f 2621 2623 2706
f 2621 2706 2704
f 2624 2622 2705
f 2624 2705 2707
f 2623 2625 2708
f 2623 2708 2706
f 2626 2624 2707
f 2626 2707 2709
f 2625 2627 2710
f 2625 2710 2708
f 2628 2626 2709
f 2628 2709 2711
f 2627 2629 2712
f 2627 2712 2710
f 2630 2628 2711
f 2630 2711 2713
f 2629 2630 2713
f 2629 2713 2712
f 2632 2631 2714
f 2632 2714 2715
f 2631 2633 2716
f 2631 2716 2714
f 2634 2632 2715
f 2634 2715 2717
f 2633 2635 2718
f 2633 2718 2716
f 2636 2634 2717
f 2636 2717 2719
f 2635 2637 2720
f 2635 2720 2718
f 2638 2636 2719
f 2638 2719 2721
f 2637 2639 2722
f 2637 2722 2720
f 2640 2638 2721
f 2640 2721 2723
f 2639 2640 2723
f 2639 2723 2722
f 2642 2641 2724
f 2642 2724 2725
f 2643 2642 2725
f 2643 2725 2726
f 2641 2644 2727
f 2641 2727 2724
f 2645 2643 2726
f 2645 2726 2728
f 2644 2646 2729
f 2644 2729 2727
f 2647 2645 2728
f 2647 2728 2730
f 2646 2648 2731
f 2646 2731 2729
f 2649 2647 2730
f 2649 2730 2732
f 2648 2650 2733
f 2648 2733 2731
f 2650 2649 2732
f 2650 2732 2733
f 2652 2651 2734
f 2652 2734 2735
f 2651 2653 2736
f 2651 2736 2734
f 2654 2652 2735
f 2654 2735 2737
f 2653 2655 2738
f 2653 2738 2736
f 2656 2654 2737
f 2656 2737 2739
f 2655 2657 2740
f 2655 2740 2738
f 2658 2656 2739
f 2658 2739 2741
f 2657 2659 2742
f 2657 2742 2740
f 2660 2658 2741
f 2660 2741 2743
f 2659 2660 2743
f 2659 2743 2742
f 2662 2661 2744
f 2663 2662 2744
f 2661 2664 2744
f 2665 2663 2744
f 2664 2666 2744
f 2667 2665 2744
f 2666 2668 2744
f 2669 2667 2744
f 2668 2670 2744
f 2670 2669 2744
f 2672 2671 2745
f 2673 2672 2745
f 2671 2674 2745
f 2675 2673 2745
f 2745 2676 2677
f 2745 2677 2680
f 2678 2675 2745
f 2680 2679 2745
f 2681 2678 2745
f 2679 2682 2745
f 2682 2681 2745
f 2684 2683 2746
f 2685 2684 2746
f 2683 2686 2746
f 2687 2685 2746
f 2686 2688 2746
f 2689 2687 2746
f 2688 2690 2746
f 2691 2689 2746
f 2690 2692 2746
f 2692 2691 2746
f 2694 2693 2747
f 2695 2694 2747
f 2693 2696 2747
f 2697 2695 2747
f 2696 2698 2747
f 2699 2697 2747
f 2698 2700 2747
f 2747 2701 2702
f 2747 2702 2699
f 2700 2703 2747
f 2703 2701 2747
f 2705 2704 2748
f 2704 2706 2748
f 2707 2705 2748
f 2706 2708 2748
f 2709 2707 2748
f 2708 2710 2748
f 2711 2709 2748
f 2710 2712 2748
f 2713 2711 2748
f 2712 2713 2748
f 2715 2714 2749
f 2714 2716 2749
f 2717 2715 2749
f 2716 2718 2749
f 2719 2717 2749
f 2718 2720 2749
f 2721 2719 2749
f 2720 2722 2749
f 2723 2721 2749
f 2722 2723 2749
f 2725 2724 2750
f 2726 2725 2750
f 2724 2727 2750
f 2728 2726 2750
f 2727 2729 2750
f 2730 2728 2750
f 2729 2731 2750
f 2732 2730 2750
f 2731 2733 2750
f 2733 2732 2750
f 2735 2734 2751
f 2734 2736 2751
f 2737 2735 2751
f 2736 2738 2751
f 2739 2737 2751
f 2738 2740 2751
f 2741 2739 2751
f 2740 2742 2751
f 2743 2741 2751
f 2742 2743 2751
f 2752 2753 2754
f 2755 2756 2757
f 2758 2759 2760
f 2758 2760 2761
f 517 2762 2760
f 517 2760 518
f 2763 2764 2765
f 2763 2765 2766
f 2767 2768 2769
f 2767 2769 2770
f 2771 2772 2770
f 2771 2770 2769
f 2773 2774 2775
f 2773 2775 2776
f 2777 2778 2779
f 2777 2779 535
f 2776 540 539
f 2776 539 2780
f 541 544 2781
f 541 2781 2782
f 2410 2783 2784
f 2410 2784 2411
f 2785 2786 2787
f 2785 2787 2788
f 2782 2781 2789
f 2782 2789 2790
f 2791 2792 2793
f 2791 2793 2794
f 2795 2796 2797
f 2795 2797 2798
f 2799 2800 2801
f 2799 2801 2802
f 2803 2804 2805
f 2803 2805 2806
f 544 570 2807
f 544 2807 2781
f 2808 573 572
f 2808 572 2775
f 2776 2775 572
f 2776 572 540
f 2767 2809 2810
f 2767 2810 2768
f 2811 2812 2783
f 2811 2783 2410
f 2781 2807 2813
f 2781 2813 2789
f 2790 2814 2797
f 2790 2797 2796
f 2815 2791 2794
f 2815 2794 2816
f 2774 2817 2808
f 2774 2808 2775
f 2818 2819 2772
f 2818 2772 2771
f 2820 2821 2819
f 2820 2819 2818
f 2764 2822 2823
f 2764 2823 2765
f 2824 2825 2826
f 2824 2826 2827
f 2813 2828 2829
f 2813 2829 2789
f 595 541 2782
f 595 2782 2830
f 2831 2832 2833
f 2831 2833 2834
f 2835 2836 2837
f 2835 2837 2838
f 2788 2787 2839
f 2788 2839 2840
f 2841 2842 2843
f 2841 2843 2844
f 2830 2782 2790
f 2830 2790 2796
f 2790 2789 2829
f 2790 2829 2814
f 2845 2846 2847
f 2845 2847 2848
f 2849 2773 2776
f 2849 2776 2780
f 2850 2851 2821
f 2850 2821 2820
f 2852 2810 2809
f 2852 2809 2853
f 2826 2763 2766
f 2826 2766 2854
f 2825 2855 2763
f 2825 2763 2826
f 2856 2857 2858
f 2856 2858 2859
f 2860 2861 2845
f 2860 2845 2848
f 2862 2863 2864
f 2862 2864 2865
f 2866 2867 2868
f 2866 2868 2869
f 2870 2862 2871
f 2870 2871 2872
f 2873 2874 2872
f 2873 2872 2871
f 2875 2876 2874
f 2875 2874 2873
f 2877 2878 2876
f 2877 2876 2875
f 2879 2880 2881
f 2879 2881 2882
f 2882 2881 2883
f 2882 2883 2884
f 2865 2864 2885
f 2865 2885 2886
f 2886 2885 2887
f 2886 2887 2888
f 2768 2889 2576
f 2768 2576 2769
f 2890 2891 2801
f 2890 2801 2806
f 2805 2804 2892
f 2805 2892 2893
f 2894 2895 2566
f 2894 2566 2896
f 2758 2897 2898
f 2758 2898 2759
f 2752 2899 2900
f 2752 2900 2901
f 2902 2903 2904
f 2902 2904 2905
f 2906 2907 2571
f 2906 2571 2570
f 2908 2464 2909
f 2908 2909 2910
f 2911 2912 2822
f 2911 2822 2764
f 2855 2911 2764
f 2855 2764 2763
f 2846 2913 2914
f 2846 2914 2847
f 2893 2915 2916
f 2893 2916 2917
f 2918 2919 2920
f 2918 2920 2921
f 2922 2857 2923
f 2922 2923 2924
f 2925 2926 2927
f 2925 2927 2756
f 2928 2914 2913
f 2928 2913 2929
f 2930 2931 2932
f 2930 2932 2933
f 2934 2935 2936
f 2934 2936 2937
f 2936 2938 2939
f 2936 2939 2937
f 2933 2932 2938
f 2933 2938 2940
f 2941 2942 2887
f 2941 2887 2885
f 2943 2944 2931
f 2943 2931 2930
f 2756 2927 2945
f 2756 2945 2757
f 2914 2928 2944
f 2914 2944 2943
f 2926 2925 2929
f 2926 2929 2913
f 2757 2945 2946
f 2757 2946 2947
f 2935 2942 2948
f 2935 2948 2936
f 2529 2518 2372
f 2529 2372 2371
f 2463 2467 2946
f 2463 2946 2949
f 2950 2951 2952
f 2950 2952 2953
f 2954 2955 2951
f 2954 2951 2950
f 2956 2957 2955
f 2956 2955 2954
f 2958 2959 2960
f 2958 2960 2961
f 2680 2677 2594
f 2680 2594 2597
f 2597 2594 2505
f 2597 2505 2504
f 2962 2963 2957
f 2962 2957 2956
f 2964 733 732
f 2964 732 2965
f 2966 2967 736
f 2966 736 735
f 2968 2967 2969
f 2968 2969 2970
f 2971 2972 2973
f 2971 2973 2974
f 2975 2976 2977
f 2975 2977 2978
f 2979 2980 2978
f 2979 2978 2977
f 751 2981 2982
f 751 2982 752
f 751 756 2983
f 751 2983 2981
f 757 2984 2983
f 757 2983 756
f 2985 2986 2987
f 2985 2987 2988
f 2989 2919 2986
f 2989 2986 2985
f 764 767 2990
f 764 2990 2991
f 767 769 2992
f 767 2992 2990
f 769 771 2993
f 769 2993 2992
f 771 773 2994
f 771 2994 2993
f 2995 2996 2997
f 2995 2997 2998
f 2999 3000 3001
f 2999 3001 3002
f 3003 2861 2860
f 3003 2860 3004
f 3005 2844 2843
f 3005 2843 3006
f 3007 789 788
f 3007 788 3008
f 788 791 3009
f 788 3009 3008
f 791 733 2964
f 791 2964 3009
f 3010 2980 2979
f 3010 2979 3011
f 2980 3010 3012
f 2980 3012 3013
f 796 2976 2975
f 796 2975 797
f 3014 2856 2859
f 3014 2859 3015
f 2977 3016 3017
f 2977 3017 2979
f 2981 2983 3018
f 2981 3018 3019
f 3019 3018 3020
f 3019 3020 3021
f 2981 3019 3016
f 2981 3016 2982
f 3022 3023 3024
f 3022 3024 3025
f 2979 3017 3026
f 2979 3026 3011
f 3011 3026 3027
f 3011 3027 3010
f 3021 3020 3028
f 3021 3028 3029
f 3030 3029 3028
f 3030 3028 3031
f 3018 3032 3033
f 3018 3033 3020
f 3028 3020 3033
f 3028 3033 3034
f 2984 3032 3018
f 2984 3018 2983
f 2991 2990 3035
f 2991 3035 3036
f 2990 2992 3037
f 2990 3037 3035
f 3035 3037 3038
f 3035 3038 3039
f 3040 2920 2919
f 3040 2919 2989
f 3041 3042 2920
f 3041 2920 3040
f 3043 3044 3042
f 3043 3042 3041
f 3045 3046 3047
f 3045 3047 3048
f 539 535 2779
f 539 2779 2780
f 2830 3049 833
f 2830 833 595
f 3050 3051 2556
f 3050 2556 2559
f 3052 3053 2963
f 3052 2963 2962
f 3054 3055 3053
f 3054 3053 3052
f 3056 3057 3055
f 3056 3055 3054
f 2953 2952 3058
f 2953 3058 3059
f 3060 3061 3062
f 3060 3062 3063
f 3064 3065 3060
f 3064 3060 3063
f 3066 3067 3065
f 3066 3065 3064
f 3068 3061 3060
f 3068 3060 3069
f 3070 2856 3014
f 3070 3014 3071
f 3069 3060 3065
f 3069 3065 3072
f 3073 3064 3063
f 3073 3063 3070
f 3072 3065 3067
f 3072 3067 3074
f 3075 3066 3064
f 3075 3064 3073
f 3074 3067 3066
f 3074 3066 3075
f 3076 3077 2839
f 3076 2839 3078
f 2768 2810 3079
f 2768 3079 2889
f 3080 3081 3082
f 3080 3082 3083
f 2889 3079 3084
f 2889 3084 3085
f 3086 3087 3088
f 3086 3088 3089
f 3090 3091 3092
f 3090 3092 3093
f 3094 3095 881
f 3094 881 880
f 3093 3092 3095
f 3093 3095 3094
f 3090 3022 3025
f 3090 3025 3096
f 3090 3096 3097
f 3090 3097 3091
f 3098 3099 3025
f 3098 3025 3024
f 3100 3092 3091
f 3100 3091 3101
f 889 881 3095
f 889 3095 3102
f 3102 3095 3092
f 3102 3092 3100
f 3099 3098 3103
f 3099 3103 2907
f 2347 2346 3104
f 2347 3104 3105
f 2909 3106 3107
f 2909 3107 2910
f 3101 3108 3109
f 3101 3109 3100
f 3110 3111 3023
f 3110 3023 3022
f 3112 3113 3114
f 3112 3114 3115
f 3116 3117 3118
f 3116 3118 3119
f 3116 3119 3120
f 3116 3120 3121
f 3122 3123 3124
f 3122 3124 3125
f 3126 3127 3128
f 3126 3128 3129
f 3130 3131 3127
f 3130 3127 3126
f 3132 3133 3134
f 3132 3134 3130
f 3122 3135 3136
f 3122 3136 3123
f 3125 3124 3137
f 3125 3137 3138
f 3139 3140 3141
f 3139 3141 3142
f 3143 3129 3128
f 3143 3128 3144
f 3130 3134 3145
f 3130 3145 3131
f 3146 3147 3148
f 3146 3148 3149
f 3150 3151 3152
f 3150 3152 3132
f 3153 2835 3154
f 3153 3154 3155
f 3156 3157 3158
f 3156 3158 3159
f 3160 3158 3161
f 3160 3161 3162
f 3162 3161 3163
f 3162 3163 3164
f 3152 3151 3165
f 3152 3165 3166
f 3156 3167 3168
f 3156 3168 3157
f 3169 3170 3171
f 3169 3171 3172
f 3161 3173 3174
f 3161 3174 3163
f 3175 3176 3157
f 3175 3157 3168
f 3177 3178 3179
f 3177 3179 3180
f 2835 2838 3179
f 2835 3179 3154
f 969 3181 3182
f 969 3182 970
f 3183 3184 3185
f 3183 3185 3186
f 3187 3188 3189
f 3187 3189 3190
f 3191 3192 3193
f 3191 3193 3194
f 3180 3195 3196
f 3180 3196 3177
f 3195 3197 3198
f 3195 3198 3196
f 3197 3199 3200
f 3197 3200 3198
f 3201 3202 3200
f 3201 3200 3199
f 3201 3186 3203
f 3201 3203 3202
f 3204 3201 3199
f 3204 3199 3205
f 3197 3206 3205
f 3197 3205 3199
f 3195 3207 3206
f 3195 3206 3197
f 3180 3208 3207
f 3180 3207 3195
f 3204 3183 3186
f 3204 3186 3201
f 3209 3210 3211
f 3209 3211 2973
f 3212 3213 3214
f 3212 3214 3215
f 3216 3217 3218
f 3216 3218 3219
f 3220 3221 3222
f 3220 3222 3223
f 3224 3225 2297
f 3224 2297 2478
f 3226 3227 3228
f 3226 3228 3229
f 2463 2949 2909
f 2463 2909 2464
f 3139 3230 3231
f 3139 3231 3232
f 3233 3234 3235
f 3233 3235 3236
f 2959 2958 3228
f 2959 3228 3227
f 3139 3142 3237
f 3139 3237 3230
f 2337 3238 3239
f 2337 3239 3240
f 2369 2491 3241
f 2369 3241 2551
f 3099 2907 2906
f 3099 2906 3242
f 3243 3244 3245
f 3243 3245 3246
f 3247 3248 3249
f 3247 3249 3250
f 3251 3252 3248
f 3251 3248 3247
f 3253 3234 3233
f 3253 3233 3254
f 3255 2456 2347
f 3255 2347 3105
f 3256 3257 3258
f 3256 3258 3259
f 3260 3261 3262
f 3260 3262 3263
f 3260 3264 3265
f 3260 3265 3261
f 3266 3267 3268
f 3266 3268 3269
f 3266 3270 3271
f 3266 3271 3267
f 3264 3272 3273
f 3264 3273 3265
f 2974 3274 3265
f 2974 3265 3273
f 3275 3276 3277
f 3275 3277 3278
f 3115 3279 3280
f 3115 3280 3281
f 3272 3282 3283
f 3272 3283 3273
f 3267 3282 3272
f 3267 3272 3268
f 3284 3285 3286
f 3284 3286 3287
f 3259 3258 3288
f 3259 3288 3289
f 3262 3261 3290
f 3262 3290 3291
f 3292 3293 3294
f 3292 3294 3295
f 3293 3296 3297
f 3293 3297 3294
f 3298 3173 3157
f 3298 3157 3176
f 3173 3298 3299
f 3173 3299 3174
f 3298 3300 3301
f 3298 3301 3299
f 3302 3303 3300
f 3302 3300 3304
f 3176 3175 3305
f 3176 3305 3304
f 3302 3306 3307
f 3302 3307 3303
f 3308 3309 3306
f 3308 3306 3310
f 3311 3312 3313
f 3311 3313 3314
f 3315 3316 3317
f 3315 3317 3307
f 3318 3319 3320
f 3318 3320 3321
f 3322 3323 3324
f 3322 3324 3325
f 3283 3282 3326
f 3283 3326 3327
f 3327 3328 3329
f 3327 3329 3283
f 3330 3331 3332
f 3330 3332 3333
f 3330 3334 3335
f 3330 3335 3336
f 3282 3267 3271
f 3282 3271 3326
f 3337 3338 3339
f 3337 3339 3340
f 3341 3342 3343
f 3341 3343 3344
f 3345 3346 3347
f 3345 3347 3336
f 3345 3339 3348
f 3345 3348 3346
f 3349 3350 3177
f 3349 3177 3196
f 3350 3351 3178
f 3350 3178 3177
f 3185 3352 3203
f 3185 3203 3186
f 3353 3354 3355
f 3353 3355 3147
f 2922 2924 3356
f 2922 3356 3357
f 2915 2777 3358
f 2915 3358 2916
f 3359 2853 3046
f 3359 3046 3360
f 3308 3310 3361
f 3308 3361 3346
f 3362 3305 3363
f 3362 3363 3364
f 3175 3168 3209
f 3175 3209 3365
f 3167 3210 3209
f 3167 3209 3168
f 3050 3366 3367
f 3050 3367 3085
f 3368 3051 3084
f 3368 3084 3369
f 3370 2852 3371
f 3370 3371 3372
f 3371 2998 3368
f 3371 3368 3372
f 3371 3373 2995
f 3371 2995 2998
f 3371 3359 3374
f 3371 3374 3373
f 3338 3343 3375
f 3338 3375 3376
f 3276 3377 3378
f 3276 3378 3277
f 3379 3185 3184
f 3379 3184 3380
f 3364 3331 3347
f 3364 3347 3361
f 3365 2972 3332
f 3365 3332 3363
f 3381 3382 3383
f 3381 3383 3384
f 2456 3255 3385
f 2456 3385 2338
f 3386 3387 3388
f 3386 3388 3389
f 3377 3390 3113
f 3377 3113 3112
f 2840 2839 3077
f 2840 3077 3391
f 3392 2812 2811
f 3392 2811 3393
f 3394 3393 3005
f 3394 3005 3006
f 3085 3084 3051
f 3085 3051 3050
f 2559 2556 2553
f 2559 2553 2552
f 3395 3394 1192
f 3395 1192 1191
f 2799 3396 3397
f 2799 3397 3398
f 3399 3400 1198
f 3399 1198 1197
f 3382 3381 3401
f 3382 3401 3402
f 3403 3404 3405
f 3403 3405 3406
f 3387 3386 3384
f 3387 3384 3383
f 3407 3408 3409
f 3407 3409 3410
f 3392 3395 3411
f 3392 3411 3412
f 3405 3413 3414
f 3405 3414 3406
f 3242 3415 3097
f 3242 3097 3096
f 3416 2339 2338
f 3416 2338 3385
f 2336 2464 2908
f 2336 2908 3417
f 3238 2337 2336
f 3238 2336 3417
f 3418 2963 3053
f 2955 2957 2963
f 2955 2963 3418
f 3419 2273 2299
f 3419 2299 3420
f 3420 2299 2302
f 3420 2302 3421
f 2286 2406 3422
f 2286 3422 3423
f 2401 2399 3424
f 2401 3424 3425
f 3426 3424 2399
f 3426 2399 2396
f 3427 2395 2393
f 3427 2393 3428
f 3429 2937 2939
f 3429 2939 3430
f 3187 2934 2937
f 3187 2937 3429
f 3431 3432 3433
f 3431 3433 3434
f 3435 3436 3437
f 3435 3437 3438
f 3436 3435 3439
f 3436 3439 3440
f 3441 3442 3440
f 3441 3440 3439
f 3442 3441 3432
f 3442 3432 3431
f 2903 3104 3239
f 2903 3239 3443
f 3444 2870 2860
f 3444 2860 2848
f 2414 2566 2895
f 2414 2895 2415
f 2490 3243 3241
f 2490 3241 2491
f 2369 2368 2488
f 2369 2488 2491
f 3104 2346 3240
f 3104 3240 3239
f 3445 3446 3447
f 3445 3447 3448
f 3443 3239 3238
f 3443 3238 3449
f 3450 2811 2410
f 3450 2410 2409
f 3238 3417 3451
f 3238 3451 3449
f 2894 2489 2488
f 2894 2488 2895
f 3451 3417 2908
f 3451 2908 3452
f 2573 3107 3106
f 2573 3106 2574
f 2339 3416 3453
f 2339 3453 2494
f 2861 2572 2575
f 2861 2575 2845
f 1253 3243 3246
f 1253 3246 1254
f 3244 2896 3454
f 3244 3454 3245
f 3100 3109 2762
f 3100 2762 3102
f 1256 3358 2777
f 1256 2777 535
f 3118 3117 3252
f 3118 3252 3251
f 3438 3437 3455
f 3438 3455 3456
f 3456 3455 3457
f 3456 3457 3458
f 3459 3460 3458
f 3459 3458 3457
f 3461 3462 3460
f 3461 3460 3459
f 2961 3463 3462
f 2961 3462 3461
f 3463 2961 2960
f 3463 2960 3263
f 3464 3465 3466
f 3464 3466 3467
f 3468 3260 3263
f 3468 3263 2960
f 3468 3253 3264
f 3468 3264 3260
f 3468 3469 3234
f 3468 3234 3253
f 3234 3469 3470
f 3234 3470 3235
f 3470 3471 3472
f 3470 3472 3235
f 3472 3471 3473
f 3472 3473 3222
f 3222 3473 3474
f 3222 3474 3223
f 3223 3474 2350
f 3223 2350 2374
f 2390 143 1278
f 2390 1278 3475
f 3421 2302 2287
f 3421 2287 3476
f 2958 2961 3461
f 2958 3461 3477
f 3478 3479 3480
f 3478 3480 2900
f 2287 2286 3423
f 2287 3423 3476
f 2499 2494 3453
f 2499 3453 3481
f 3482 3483 3484
f 3482 3484 3485
f 3486 3487 3421
f 3486 3421 3476
f 2593 2591 2528
f 2593 2528 2527
f 2374 2350 2284
f 2374 2284 2371
f 2478 2349 2350
f 2478 2350 3474
f 2373 3220 3223
f 2373 3223 2374
f 3220 2373 2272
f 3220 2272 3488
f 3488 2272 2271
f 3488 2271 3489
f 3489 2271 2303
f 3489 2303 3490
f 2303 2274 3491
f 2303 3491 3490
f 3492 2409 2412
f 3492 2412 3493
f 3494 3492 3493
f 3494 3493 3495
f 3496 1302 1301
f 3496 1301 3497
f 2571 2567 2458
f 2571 2458 2362
f 2445 2523 2499
f 2445 2499 3481
f 2568 2523 2445
f 2568 2445 3415
f 2529 2283 2505
f 2529 2505 2527
f 3465 3498 3499
f 3465 3499 3466
f 2371 2284 2283
f 2371 2283 2529
f 2988 2767 2770
f 2988 2770 2985
f 3500 3501 3502
f 3500 3502 3503
f 3504 3505 3491
f 3504 3491 3419
f 3504 3252 3117
f 3504 3117 3505
f 3449 3451 3506
f 3449 3506 3502
f 3402 3507 3002
f 3402 3002 3508
f 3443 3449 3502
f 3443 3502 3501
f 2903 3443 3501
f 2903 3501 2904
f 2905 3509 3510
f 2905 3510 2902
f 2442 2445 3481
f 2442 3481 3453
f 3511 3510 3509
f 3511 3509 3512
f 2426 2518 2528
f 2426 2528 2487
f 2443 3511 3512
f 2443 3512 3108
f 3098 2565 2567
f 3098 2567 3103
f 2896 3244 2489
f 2896 2489 2894
f 2760 2762 3109
f 2760 3109 2761
f 3513 3514 3111
f 3513 3111 3515
f 1321 3513 3515
f 1321 3515 1322
f 2900 2899 3516
f 2900 3516 3478
f 3517 2897 2905
f 3517 2905 2904
f 3503 3480 3479
f 3503 3479 3518
f 3500 3503 3518
f 3500 3518 3519
f 1327 3520 3521
f 1327 3521 1328
f 3520 3522 3523
f 3520 3523 3521
f 3522 3524 3525
f 3522 3525 3523
f 3526 3527 3525
f 3526 3525 3524
f 3528 3529 3527
f 3528 3527 3526
f 3530 3531 3529
f 3530 3529 3528
f 3531 3530 3532
f 3531 3532 3533
f 3533 3532 3534
f 3533 3534 3535
f 3535 3534 3536
f 3535 3536 3537
f 3537 3536 3538
f 3537 3538 3539
f 3538 3540 3541
f 3538 3541 3539
f 3541 3486 3476
f 3541 3476 3423
f 1351 1353 3542
f 1351 3542 3280
f 3486 3543 3249
f 3486 3249 3487
f 2570 2569 3242
f 2570 3242 2906
f 3249 3248 3544
f 3249 3544 3487
f 3248 3252 3504
f 3248 3504 3544
f 2273 3419 3491
f 2273 3491 2274
f 3228 2958 3477
f 3228 3477 3545
f 3117 3116 3546
f 3117 3546 3505
f 3116 3121 3547
f 3116 3547 3546
f 3548 3549 3547
f 3548 3547 3121
f 3550 3221 3549
f 3550 3549 3548
f 3221 3550 3472
f 3221 3472 3222
f 3471 3226 3224
f 3471 3224 3473
f 3226 3229 3225
f 3226 3225 3224
f 2443 2442 3385
f 2443 3385 3511
f 3551 3044 3043
f 3551 3043 3552
f 3517 3500 3519
f 3517 3519 3553
f 3002 3001 3554
f 3002 3554 3508
f 2812 3555 3556
f 2812 3556 2783
f 2899 2752 3557
f 2899 3557 3558
f 2761 3512 3509
f 2761 3509 2758
f 3512 2761 3109
f 3512 3109 3108
f 3514 3559 3023
f 3514 3023 3111
f 3560 3561 3562
f 3560 3562 3563
f 2884 2883 3564
f 2884 3564 3565
f 3565 3564 3566
f 3565 3566 3567
f 3567 3566 3568
f 3567 3568 2377
f 2377 3568 3569
f 2377 3569 2378
f 2378 3569 3570
f 2378 3570 3571
f 3571 3570 3534
f 3571 3534 3532
f 3572 3425 3533
f 3572 3533 3535
f 2401 3425 3572
f 2401 3572 2402
f 3540 3538 3573
f 3540 3573 3574
f 3422 3575 3537
f 3422 3537 3539
f 3575 3422 2406
f 3575 2406 2405
f 3575 2405 2402
f 3575 2402 3572
f 3576 3281 3280
f 3576 3280 3542
f 3577 3378 3578
f 3577 3578 3579
f 3249 3543 3580
f 3249 3580 3250
f 3581 3582 3583
f 3581 3583 3584
f 3585 3586 3587
f 3585 3587 3588
f 3585 3589 3590
f 3585 3590 3586
f 3586 3590 3528
f 3586 3528 3526
f 3529 3426 3427
f 3529 3427 3527
f 3426 2396 2395
f 3426 2395 3427
f 3591 3588 3587
f 3591 3587 3592
f 3592 3587 3524
f 3592 3524 3522
f 3523 3525 3428
f 3523 3428 3593
f 3428 2393 2392
f 3428 2392 3593
f 3594 3592 3522
f 3594 3522 3520
f 3521 3523 3593
f 3521 3593 3475
f 3593 2392 2390
f 3593 2390 3475
f 3415 3242 2569
f 3415 2569 2568
f 2565 3098 2896
f 2565 2896 2566
f 2567 2571 2907
f 2567 2907 3103
f 3241 3243 1253
f 3241 1253 1406
f 2862 2870 3444
f 2862 3444 2863
f 3381 3384 3494
f 3381 3494 3495
f 2279 2267 2337
f 2279 2337 3240
f 3463 3595 3596
f 3463 3596 3462
f 1409 3478 3516
f 1409 3516 1410
f 2805 2893 2917
f 2805 2917 3552
f 3240 2346 2280
f 3240 2280 2279
f 3485 3229 3228
f 3485 3228 3545
f 3108 3101 2444
f 3108 2444 2443
f 2891 2890 2851
f 2891 2851 2850
f 3505 3546 3490
f 3505 3490 3491
f 3479 3478 1409
f 3479 1409 1411
f 3262 3595 3463
f 3262 3463 3263
f 3473 3224 2478
f 3473 2478 3474
f 3471 3470 3227
f 3471 3227 3226
f 3469 2959 3227
f 3469 3227 3470
f 3468 2960 2959
f 3468 2959 3469
f 3597 3598 3257
f 3597 3257 3256
f 3599 3600 3601
f 3599 3601 3602
f 2921 2920 3042
f 2921 3042 3603
f 3604 3145 3605
f 3604 3605 3606
f 3266 3237 3142
f 3266 3142 3270
f 3266 3269 3254
f 3266 3254 3237
f 3230 3237 3254
f 3230 3254 3233
f 3230 3233 3236
f 3230 3236 3231
f 3236 3550 3548
f 3236 3548 3231
f 3221 3220 3488
f 3221 3488 3549
f 3549 3488 3489
f 3549 3489 3547
f 3546 3547 3489
f 3546 3489 3490
f 3607 3608 3598
f 3607 3598 3597
f 3609 2987 2986
f 3609 2986 3610
f 3601 3216 3611
f 3601 3611 3602
f 3244 3243 2490
f 3244 2490 2489
f 2272 2373 2372
f 2272 2372 2269
f 3612 3613 3614
f 3612 3614 3615
f 3453 3416 3385
f 3453 3385 2442
f 2676 2674 2591
f 2676 2591 2593
f 1431 518 2760
f 1431 2760 2759
f 3616 3131 3145
f 3616 3145 3604
f 3162 3144 3128
f 3162 3128 3160
f 3595 3617 3618
f 3595 3618 3596
f 3619 3496 3497
f 3619 3497 3620
f 2910 3107 3621
f 2910 3621 2753
f 3040 2819 2821
f 3040 2821 3041
f 517 889 3102
f 517 3102 2762
f 3506 3480 3503
f 3506 3503 3502
f 2745 2674 2676
f 3482 3622 2755
f 3482 2755 2757
f 3482 3485 3545
f 3482 3545 3622
f 3408 3003 3004
f 3408 3004 3409
f 1439 1442 3623
f 1439 3623 3624
f 3624 3623 3625
f 3624 3625 3626
f 3627 3628 3626
f 3627 3626 3625
f 3628 3627 3629
f 3628 3629 3630
f 3630 3629 3631
f 3630 3631 3632
f 3633 3634 3632
f 3633 3632 3631
f 3635 3636 3634
f 3635 3634 3633
f 3637 3638 3636
f 3637 3636 3635
f 3637 2875 2873
f 3637 2873 3638
f 2876 3410 3409
f 2876 3409 2874
f 3480 3506 2901
f 3480 2901 2900
f 1457 1460 3639
f 1457 3639 3640
f 3641 3642 3643
f 3641 3643 3644
f 3642 3641 3645
f 3642 3645 3646
f 3501 3500 3517
f 3501 3517 2904
f 3647 2867 3648
f 3647 3648 3649
f 3649 3648 3288
f 3649 3288 3650
f 3650 3288 3258
f 3650 3258 3651
f 3651 3258 3257
f 3651 3257 3652
f 3652 3257 3598
f 3652 3598 3653
f 3558 3653 3598
f 3558 3598 3608
f 3654 3655 3652
f 3654 3652 3653
f 3452 2901 3506
f 3452 3506 3451
f 3558 3608 3516
f 3558 3516 2899
f 3656 3657 3408
f 3656 3408 3407
f 3657 3656 3658
f 3657 3658 2754
f 2754 3658 3557
f 2754 3557 2752
f 3270 3142 3141
f 3270 3141 3164
f 2752 2901 3452
f 2752 3452 2753
f 3591 3640 3639
f 3591 3639 3659
f 3655 3660 3651
f 3655 3651 3652
f 3649 3650 3661
f 3649 3661 3662
f 2897 2758 3509
f 2897 3509 2905
f 3663 3127 3131
f 3663 3131 3616
f 2415 2895 2488
f 2415 2488 2368
f 3507 3664 2997
f 3507 2997 2996
f 2878 2877 3665
f 2878 3665 2880
f 2878 2880 3410
f 2878 3410 2876
f 2874 3409 3004
f 2874 3004 2872
f 3407 2879 3666
f 3407 3666 3656
f 3657 3667 3003
f 3657 3003 3408
f 3004 2860 2870
f 3004 2870 2872
f 3667 2572 2861
f 3667 2861 3003
f 3654 3653 3558
f 3654 3558 3557
f 3160 3128 3127
f 3160 3127 3663
f 3668 3464 3467
f 3668 3467 3669
f 2575 3670 2846
f 2575 2846 2845
f 3670 2926 2913
f 3670 2913 2846
f 3671 3672 3554
f 3671 3554 3001
f 2925 3673 3674
f 2925 3674 2929
f 3673 3437 3436
f 3673 3436 3674
f 3444 2848 2847
f 3444 2847 3675
f 3675 2847 2914
f 3675 2914 2943
f 2783 3556 3676
f 2783 3676 2784
f 2928 3677 3678
f 2928 3678 2944
f 3674 3436 3440
f 3674 3440 3677
f 3679 3439 3435
f 3679 3435 3438
f 3289 3288 3648
f 3289 3648 3680
f 3680 3648 2867
f 3680 2867 2866
f 3681 3072 3074
f 3681 3074 3682
f 2941 3683 2933
f 2941 2933 2940
f 2864 3683 2941
f 2864 2941 2885
f 2863 3684 3683
f 2863 3683 2864
f 2863 3444 3675
f 2863 3675 3684
f 3685 3686 3447
f 3685 3447 3687
f 3688 3689 3690
f 3688 3690 3603
f 3691 3692 3672
f 3691 3672 3671
f 3691 3693 3694
f 3691 3694 3692
f 2791 3695 2849
f 2791 2849 2792
f 3148 3696 3609
f 3148 3609 3697
f 3434 3433 3698
f 3434 3698 3430
f 3552 2917 3699
f 3552 3699 3551
f 3700 3701 3702
f 3700 3702 3703
f 3184 3704 3705
f 3184 3705 3380
f 3706 3707 3708
f 3706 3708 3709
f 3708 3707 3701
f 3708 3701 3710
f 3710 3701 3700
f 3710 3700 3711
f 3380 3705 3712
f 3380 3712 3713
f 3709 3708 3714
f 3709 3714 3715
f 3716 3710 3711
f 3716 3711 3717
f 3718 3719 3703
f 3718 3703 3720
f 3721 2857 2856
f 3721 2856 3068
f 2916 3188 3699
f 2916 3699 2917
f 3722 3723 3724
f 3722 3724 3725
f 3723 3726 3727
f 3723 3727 3724
f 3728 3729 3730
f 3728 3730 3731
f 3729 3732 3733
f 3729 3733 3730
f 3734 3735 2968
f 3734 2968 2970
f 3736 3737 3735
f 3736 3735 3734
f 3736 3738 3739
f 3736 3739 3737
f 3728 3740 3741
f 3728 3741 3729
f 3742 3732 3729
f 3742 3729 3741
f 3742 3743 3738
f 3742 3738 3732
f 3743 3744 3739
f 3743 3739 3738
f 3378 3577 3719
f 3378 3719 3277
f 3745 3746 3747
f 3745 3747 3748
f 3746 3749 3390
f 3746 3390 3747
f 3749 3750 3113
f 3749 3113 3390
f 3750 3620 3114
f 3750 3114 3113
f 3751 3213 3218
f 3751 3218 3171
f 3620 3497 3752
f 3620 3752 3114
f 3497 1301 1573
f 3497 1573 3752
f 3719 3718 3278
f 3719 3278 3277
f 3281 3576 3579
f 3281 3579 3578
f 3580 3574 3753
f 3580 3753 3583
f 3754 3755 3285
f 3754 3285 3284
f 3569 3568 3756
f 3569 3756 3757
f 3758 3759 3644
f 3758 3644 3643
f 3619 3643 3642
f 3619 3642 3496
f 3760 3761 3612
f 3760 3612 3756
f 3761 3762 3613
f 3761 3613 3612
f 3763 3759 3613
f 3763 3613 3762
f 3764 3644 3759
f 3764 3759 3763
f 3644 3764 3765
f 3644 3765 3641
f 3766 3767 3768
f 3766 3768 3769
f 3767 3766 3770
f 3767 3770 3771
f 3771 3770 3772
f 3771 3772 3773
f 3773 3772 3774
f 3773 3774 3665
f 3665 3774 2881
f 3665 2881 2880
f 3775 3666 2879
f 3775 2879 2882
f 3666 3775 3776
f 3666 3776 3777
f 3777 3776 3655
f 3777 3655 3654
f 3661 3650 3651
f 3661 3651 3660
f 3597 3256 3778
f 3597 3778 3779
f 3759 3758 3614
f 3759 3614 3613
f 3623 1442 1602
f 3623 1602 3780
f 2244 3781 3782
f 2244 3782 2245
f 3783 3784 3785
f 3783 3785 3786
f 3787 3788 3789
f 3787 3789 3790
f 3790 3789 3791
f 3790 3791 3792
f 3792 3791 3769
f 3792 3769 3768
f 3793 3794 3766
f 3793 3766 3769
f 3766 3794 3795
f 3766 3795 3770
f 3770 3795 3796
f 3770 3796 3772
f 3772 3796 3797
f 3772 3797 3774
f 2881 3774 3797
f 2881 3797 2883
f 3561 3775 2882
f 3561 2882 2884
f 3776 3560 3660
f 3776 3660 3655
f 3798 3647 3649
f 3798 3649 3662
f 3256 3259 3799
f 3256 3799 3778
f 1652 3800 2866
f 1652 2866 2869
f 3646 3645 3784
f 3646 3784 1605
f 3801 3780 1602
f 3801 1602 1628
f 3800 3783 3786
f 3800 3786 3802
f 3788 3803 3804
f 3788 3804 3789
f 3789 3804 3805
f 3789 3805 3791
f 3791 3805 3793
f 3791 3793 3769
f 3762 3761 3806
f 3762 3806 3807
f 3796 3795 3807
f 3796 3807 3806
f 3635 3633 3771
f 3635 3771 3773
f 3636 3808 3809
f 3636 3809 3634
f 3783 3800 1652
f 3783 1652 1606
f 3784 3783 1606
f 3784 1606 1605
f 3585 3588 3647
f 3585 3647 3798
f 3216 3219 3810
f 3216 3810 3611
f 3811 2871 2862
f 3811 2862 2865
f 3811 2865 2886
f 3811 2886 3808
f 3808 2886 2888
f 3808 2888 3809
f 1640 1439 3624
f 1640 3624 3812
f 3812 3624 3626
f 3812 3626 3813
f 3628 3814 3813
f 3628 3813 3626
f 3815 3814 3628
f 3815 3628 3630
f 3767 3631 3629
f 3767 3629 3768
f 3815 3630 3632
f 3815 3632 3816
f 3817 3764 3763
f 3817 3763 3818
f 3764 3817 3819
f 3764 3819 3765
f 3819 3820 3821
f 3819 3821 3765
f 3820 3822 3785
f 3820 3785 3821
f 3746 3614 3758
f 3746 3758 3749
f 3452 2908 2910
f 3452 2910 2753
f 3647 3588 2868
f 3647 2868 2867
f 2248 3823 3781
f 2248 3781 2244
f 3289 3680 3802
f 3289 3802 3824
f 3825 3826 3827
f 3825 3827 3828
f 3661 3563 3829
f 3661 3829 3662
f 3563 3562 3830
f 3563 3830 3829
f 3830 3562 3565
f 3830 3565 3567
f 3564 3831 3760
f 3564 3760 3566
f 3831 3806 3761
f 3831 3761 3760
f 3818 3763 3762
f 3818 3762 3807
f 3793 3817 3818
f 3793 3818 3794
f 3627 3792 3768
f 3627 3768 3629
f 3627 3625 3790
f 3627 3790 3792
f 3625 3623 3787
f 3625 3787 3790
f 3832 3833 3799
f 3832 3799 3824
f 3822 3803 3833
f 3822 3833 3832
f 3834 3780 3801
f 3834 3801 3779
f 3787 3623 3780
f 3787 3780 3834
f 3607 3597 3779
f 3607 3779 3801
f 3835 3836 3837
f 3835 3837 3838
f 3557 3658 3777
f 3557 3777 3654
f 3658 3656 3666
f 3658 3666 3777
f 3410 2880 2879
f 3410 2879 3407
f 3637 3665 2877
f 3637 2877 2875
f 3637 3635 3773
f 3637 3773 3665
f 3633 3631 3767
f 3633 3767 3771
f 3693 3839 3840
f 3693 3840 3694
f 3795 3794 3818
f 3795 3818 3807
f 3805 3819 3817
f 3805 3817 3793
f 3805 3804 3820
f 3805 3820 3819
f 3804 3803 3822
f 3804 3822 3820
f 3786 3832 3824
f 3786 3824 3802
f 3785 3822 3832
f 3785 3832 3786
f 3841 3833 3803
f 3841 3803 3788
f 3841 3778 3799
f 3841 3799 3833
f 3259 3289 3824
f 3259 3824 3799
f 3842 3836 3843
f 3842 3843 3844
f 3660 3560 3563
f 3660 3563 3661
f 3560 3776 3775
f 3560 3775 3561
f 3562 3561 2884
f 3562 2884 3565
f 2883 3797 3831
f 2883 3831 3564
f 3797 3796 3806
f 3797 3806 3831
f 3809 2888 3845
f 3809 3845 3816
f 3816 3845 3846
f 3816 3846 3815
f 3847 3848 3849
f 3847 3849 3850
f 3851 3078 2839
f 3851 2839 2787
f 2827 2815 2816
f 2827 2816 3852
f 3357 2827 3852
f 3357 3852 3853
f 3854 2773 2849
f 3854 2849 3695
f 2922 3357 3853
f 2922 3853 3855
f 2857 2922 3855
f 2857 3855 2858
f 3219 3856 3857
f 3219 3857 3810
f 3858 3859 3857
f 3858 3857 3856
f 2806 2801 2800
f 2806 2800 2803
f 3396 2799 2802
f 3396 2802 3860
f 3514 3245 3454
f 3514 3454 3559
f 3848 3861 3862
f 3848 3862 3863
f 3864 3865 3686
f 3864 3686 3685
f 3189 1697 1696
f 3189 1696 3190
f 2934 3182 3181
f 2934 3181 2935
f 1697 3189 3358
f 1697 3358 1256
f 3866 3867 3868
f 3866 3868 3869
f 3870 3871 3872
f 3870 3872 3873
f 3874 3875 3876
f 3874 3876 3877
f 3878 3406 3414
f 3878 3414 3879
f 3880 2786 3881
f 3880 3881 3882
f 3883 3884 3885
f 3883 3885 3886
f 3887 3888 3889
f 3887 3889 3890
f 2555 3887 3891
f 2555 3891 3892
f 3893 3889 3894
f 3893 3894 3895
f 3896 2962 2956
f 3896 2956 3897
f 3898 3899 3088
f 3898 3088 3087
f 3071 3860 3900
f 3071 3900 3901
f 3070 3071 3901
f 3070 3901 3073
f 3902 3903 3899
f 3902 3899 3898
f 3895 3904 3083
f 3895 3083 3893
f 3904 3905 3080
f 3904 3080 3083
f 3897 2956 2954
f 3897 2954 3906
f 3907 3908 3909
f 3910 3682 3911
f 3910 3911 3912
f 3913 3914 3915
f 3913 3915 3908
f 3915 3916 3909
f 3916 3917 3909
f 3917 3918 3909
f 3918 3919 3909
f 3919 3907 3909
f 3920 3903 3885
f 3920 3885 3891
f 3893 3899 3903
f 3893 3903 3920
f 3156 3154 3921
f 3156 3921 3167
f 3083 3088 3899
f 3083 3899 3893
f 3081 3406 3878
f 3081 3878 3082
f 3922 2950 2953
f 3922 2953 3923
f 3924 3056 3054
f 3924 3054 3925
f 3923 2953 3059
f 3923 3059 3926
f 3087 3086 3682
f 3087 3682 3910
f 3927 3052 2962
f 3927 2962 3896
f 3912 3911 3914
f 3912 3914 3913
f 3908 3915 3909
f 1321 1254 3246
f 1321 3246 3513
f 3928 3929 3930
f 3928 3930 3931
f 3914 3911 3931
f 3914 3931 3930
f 3513 3246 3245
f 3513 3245 3514
f 3912 3913 3932
f 3912 3932 3933
f 3933 3932 3934
f 3933 3934 3935
f 3936 3937 3935
f 3936 3935 3934
f 3937 3936 3929
f 3937 3929 3928
f 2952 3418 3057
f 2952 3057 3058
f 2952 2951 2955
f 2952 2955 3418
f 3055 3057 3418
f 3055 3418 3053
f 3167 3921 3938
f 3167 3938 3210
f 3939 3940 3941
f 3939 3941 3942
f 3895 3894 3926
f 3895 3926 3924
f 3916 3930 3929
f 3916 3929 3917
f 3904 3895 3924
f 3904 3924 3925
f 2771 3943 3944
f 2771 3944 2818
f 2769 3945 3943
f 2769 3943 2771
f 2820 2818 3944
f 2820 3944 3946
f 3947 3948 3922
f 3947 3922 3923
f 3949 3950 3886
f 3949 3886 3951
f 3952 3951 3953
f 3952 3953 3954
f 3953 3902 3898
f 3953 3898 3955
f 3886 3885 3903
f 3886 3903 3902
f 3096 3025 3099
f 3096 3099 3242
f 3898 3087 3910
f 3898 3910 3955
f 3956 3957 3958
f 3956 3958 3322
f 3959 2554 2557
f 3959 2557 3960
f 3669 3456 3458
f 3669 3458 3668
f 3961 2997 3664
f 3961 3664 3962
f 3963 3012 3010
f 3963 3010 3027
f 3002 3507 2996
f 3002 2996 2999
f 3964 2817 2774
f 3964 2774 3965
f 3854 3965 2774
f 3854 2774 2773
f 3850 3849 3080
f 3850 3080 3905
f 2801 2891 3966
f 2801 3966 2802
f 3967 2850 2820
f 3967 2820 3949
f 3952 3967 3949
f 3952 3949 3951
f 3953 3955 3933
f 3953 3933 3935
f 3919 3934 3932
f 3919 3932 3907
f 3276 3747 3390
f 3276 3390 3377
f 3848 3863 3968
f 3848 3968 3849
f 3180 3179 2838
f 3180 2838 3208
f 3082 3089 3088
f 3082 3088 3083
f 3969 3446 3970
f 3969 3970 3971
f 3839 3940 3939
f 3839 3939 3840
f 3972 3973 3938
f 3972 3938 3351
f 3862 3861 3974
f 3862 3974 3959
f 3208 2838 2837
f 3208 2837 3975
f 3849 3968 3081
f 3849 3081 3080
f 3081 3968 3403
f 3081 3403 3406
f 3863 3962 3403
f 3863 3403 3968
f 3976 3977 3942
f 3976 3942 3941
f 3976 3978 3007
f 3976 3007 3977
f 3414 3413 2411
f 3414 2411 2784
f 3979 3980 3981
f 3979 3981 3982
f 3400 3388 3983
f 3400 3983 3984
f 3985 3082 3878
f 3985 3878 3986
f 3878 3879 3676
f 3878 3676 3986
f 3396 3014 3015
f 3396 3015 3397
f 3401 3664 3507
f 3401 3507 3402
f 3414 2784 3676
f 3414 3676 3879
f 3962 3987 3404
f 3962 3404 3403
f 3987 3962 3664
f 3987 3664 3401
f 2411 3413 3405
f 2411 3405 2412
f 2412 3405 3404
f 2412 3404 3493
f 3493 3404 3987
f 3493 3987 3495
f 3495 3987 3401
f 3495 3401 3381
f 2855 2814 2829
f 2855 2829 2911
f 3978 1820 789
f 3978 789 3007
f 2902 3105 3104
f 2902 3104 2903
f 3684 2930 2933
f 3684 2933 3683
f 3988 3455 3437
f 3988 3437 3673
f 2558 3989 3990
f 2558 3990 3958
f 3991 2927 2926
f 3991 2926 3670
f 2574 3991 3670
f 2574 3670 2575
f 3992 3993 3859
f 3992 3859 3858
f 3869 3868 3875
f 3869 3875 3874
f 3994 3995 3865
f 3994 3865 3864
f 1829 1831 3996
f 1829 3996 3868
f 3749 3758 3643
f 3749 3643 3750
f 3997 3667 3657
f 3997 3657 2754
f 3669 3679 3438
f 3669 3438 3456
f 3621 3107 2573
f 3621 2573 3997
f 3844 3843 3998
f 3844 3998 3999
f 3997 2573 2572
f 3997 2572 3667
f 3322 3958 3990
f 3322 3990 3323
f 3106 4000 3991
f 3106 3991 2574
f 4000 2945 2927
f 4000 2927 3991
f 2911 2829 2828
f 2911 2828 2912
f 4001 3988 2756
f 4001 2756 2755
f 4001 3457 3455
f 4001 3455 3988
f 4002 3033 3032
f 4002 3032 3036
f 2931 4003 4004
f 2931 4004 2932
f 3538 3536 4005
f 3538 4005 3573
f 2830 2796 2795
f 2830 2795 3049
f 2896 3098 3024
f 2896 3024 3454
f 3948 3974 3861
f 3948 3861 4006
f 3187 3190 3182
f 3187 3182 2934
f 3431 3434 4004
f 3431 4004 4003
f 4007 4008 3498
f 4007 3498 3465
f 3834 3841 3788
f 3834 3788 3787
f 3779 3778 3841
f 3779 3841 3834
f 3315 3307 3306
f 3315 3306 3309
f 3362 3310 3306
f 3362 3306 3302
f 3303 3307 3317
f 3303 3317 4009
f 3345 3336 3335
f 3345 3335 4010
f 3330 3336 3347
f 3330 3347 3331
f 3364 3361 3310
f 3364 3310 3362
f 3361 3347 3346
f 3308 3314 3313
f 3308 3313 3309
f 3315 3321 3320
f 3315 3320 3316
f 3318 3325 3324
f 3318 3324 3319
f 4010 3340 3339
f 4010 3339 3345
f 3337 3344 3343
f 3337 3343 3338
f 3376 3348 3339
f 3376 3339 3338
f 4011 3375 3343
f 4011 3343 3342
f 3956 4012 4013
f 3956 4013 4014
f 3346 3348 3314
f 3346 3314 3308
f 4015 3697 4016
f 4015 4016 4017
f 3269 3268 3272
f 3269 3272 3264
f 3253 3254 3269
f 3253 3269 3264
f 4006 3847 3897
f 4006 3897 3906
f 4018 3600 3599
f 4018 3599 3360
f 3873 3872 3727
f 3873 3727 3726
f 4019 4020 4021
f 4019 4021 4022
f 3275 3748 3747
f 3275 3747 3276
f 3866 2935 3181
f 3866 3181 3867
f 2987 3048 3047
f 2987 3047 2988
f 2984 2991 3036
f 2984 3036 3032
f 3360 3046 3045
f 3360 3045 4018
f 3875 3868 3996
f 3875 3996 4023
f 2470 3483 2947
f 2470 2947 2469
f 2826 2854 2815
f 2826 2815 2827
f 4024 4025 4026
f 4024 4026 4027
f 4028 4027 4026
f 4028 4026 4029
f 2849 2780 2779
f 2849 2779 2792
f 3569 3755 4005
f 3569 4005 3570
f 3154 3179 3178
f 3154 3178 3921
f 1696 970 3182
f 1696 3182 3190
f 969 1865 3867
f 969 3867 3181
f 1431 2759 2898
f 1431 2898 1866
f 3993 3992 3034
f 3993 3034 4030
f 3980 4031 4032
f 3980 4032 4033
f 3851 4034 4035
f 3851 4035 3078
f 3910 3912 3933
f 3910 3933 3955
f 3952 3954 3901
f 3952 3901 3900
f 2825 2797 2814
f 2825 2814 2855
f 2824 2798 2797
f 2824 2797 2825
f 3089 3082 3985
f 3089 3985 3681
f 3681 3985 3069
f 3681 3069 3072
f 3034 3033 4002
f 3034 4002 4030
f 3979 4036 4031
f 3979 4031 3980
f 3737 3739 1875
f 3737 1875 1874
f 1876 1322 3515
f 1876 3515 4037
f 3400 3984 1878
f 3400 1878 1198
f 4038 4039 4040
f 4038 4040 4041
f 4042 4043 4039
f 4042 4039 4038
f 3295 3354 4044
f 3295 4044 3292
f 2834 2833 4036
f 2834 4036 3979
f 3689 3688 4045
f 3689 4045 3698
f 3149 3290 3261
f 3149 3261 3146
f 3048 3696 4040
f 3048 4040 3045
f 3068 2856 3062
f 3068 3062 3061
f 3377 3112 3578
f 3377 3578 3378
f 1829 3868 3867
f 1829 3867 1865
f 2916 3358 3189
f 2916 3189 3188
f 3154 3156 3159
f 3154 3159 3155
f 3155 3159 3663
f 3155 3663 3616
f 3153 4046 2836
f 3153 2836 2835
f 3211 3973 4044
f 3211 4044 4047
f 3150 3126 3129
f 3150 3129 4048
f 3130 3126 3150
f 3130 3150 3132
f 4049 3530 3528
f 4049 3528 3590
f 3135 3122 4050
f 3135 4050 4051
f 4049 2375 2378
f 4049 2378 3571
f 3573 4005 3755
f 3573 3755 3754
f 3754 3753 3574
f 3754 3574 3573
f 4052 3584 3583
f 4052 3583 3753
f 3247 3250 3582
f 3247 3582 4051
f 3251 4050 4053
f 3251 4053 3118
f 3587 3586 3526
f 3587 3526 3524
f 3235 3472 3550
f 3235 3550 3236
f 3231 3548 3121
f 3231 3121 3232
f 4053 3125 3138
f 4053 3138 3120
f 4050 3122 3125
f 4050 3125 4053
f 3135 4051 3582
f 3135 3582 3581
f 3584 4054 4055
f 3584 4055 3581
f 3584 4056 4057
f 3584 4057 4054
f 4058 3720 3165
f 4058 3165 3151
f 4059 4060 4061
f 4059 4061 4062
f 3210 3938 3973
f 3210 3973 3211
f 3870 3191 3194
f 3870 3194 3871
f 3149 3148 3697
f 3149 3697 4015
f 3132 3152 4063
f 3132 4063 3133
f 4063 3152 3166
f 4063 3166 4064
f 3351 3938 3921
f 3351 3921 3178
f 4041 3355 3354
f 4041 3354 3295
f 3499 3690 3689
f 3499 3689 4065
f 2918 4066 4016
f 2918 4016 3610
f 3498 4067 3690
f 3498 3690 3499
f 2921 4067 4066
f 2921 4066 2918
f 4008 4066 4067
f 4008 4067 3498
f 3603 3690 4067
f 3603 4067 2921
f 3183 4068 3704
f 3183 3704 3184
f 4017 4016 4066
f 4017 4066 4008
f 3204 4069 4068
f 3204 4068 3183
f 3205 4070 4069
f 3205 4069 3204
f 3206 4071 4070
f 3206 4070 3205
f 3207 4072 4071
f 3207 4071 3206
f 3153 3604 3606
f 3153 3606 4046
f 4073 4074 4075
f 4073 4075 3448
f 4076 4077 4078
f 4076 4078 4064
f 3706 4079 4077
f 3706 4077 4076
f 3740 4080 4081
f 3740 4081 3715
f 3728 4082 4080
f 3728 4080 3740
f 3713 3712 4083
f 3713 4083 3731
f 3882 4084 4085
f 3882 4085 3880
f 4073 3722 3725
f 4073 3725 4074
f 3076 3078 4035
f 3076 4035 4086
f 3882 4087 4088
f 3882 4088 4084
f 3176 3304 3300
f 3176 3300 3298
f 1930 3594 3520
f 1930 3520 1327
f 3594 1930 1457
f 3594 1457 3640
f 3296 4089 4090
f 3296 4090 4091
f 3584 4052 4092
f 3584 4092 4056
f 3112 3115 3281
f 3112 3281 3578
f 3643 3619 3620
f 3643 3620 3750
f 3999 3998 3828
f 3999 3828 4093
f 3496 3642 3646
f 3496 3646 1302
f 4093 3828 3827
f 4093 3827 4094
f 4014 4013 3375
f 4014 3375 4011
f 4095 3825 3828
f 4095 3828 3998
f 3556 4096 3986
f 3556 3986 3676
f 3318 3321 3313
f 3318 3313 3312
f 4096 3069 3985
f 4096 3985 3986
f 3086 3089 3681
f 3086 3681 3682
f 3829 3830 2376
f 3829 2376 4097
f 4097 2376 2375
f 4097 2375 3589
f 3589 2375 4049
f 3589 4049 3590
f 3765 3821 3645
f 3765 3645 3641
f 3785 3784 3645
f 3785 3645 3821
f 3312 4012 3325
f 3312 3325 3318
f 2866 3800 3802
f 2866 3802 3680
f 4098 4099 4093
f 4098 4093 4094
f 3662 3829 4097
f 3662 4097 3798
f 2376 3830 3567
f 2376 3567 2377
f 2563 4100 3884
f 2563 3884 3883
f 1605 1604 1302
f 1605 1302 3646
f 4038 3294 3297
f 4038 3297 4042
f 4091 3170 3297
f 4091 3297 3296
f 4037 3515 3111
f 4037 3111 3110
f 3396 3860 3071
f 3396 3071 3014
f 3540 3543 3486
f 3540 3486 3541
f 3700 3703 3719
f 3700 3719 3577
f 3577 3579 3711
f 3577 3711 3700
f 4101 4102 4103
f 4101 4103 4104
f 3576 3542 4105
f 3576 4105 3717
f 3542 1353 1948
f 3542 1948 4105
f 2992 2993 4106
f 2992 4106 3037
f 3037 4106 4107
f 3037 4107 3038
f 3038 4107 4108
f 3038 4108 4109
f 4109 4108 4110
f 4109 4110 4111
f 4111 4110 4112
f 4111 4112 4113
f 4114 4115 4112
f 4114 4112 4116
f 4112 4110 4117
f 4112 4117 4116
f 4110 4108 4118
f 4110 4118 4117
f 4108 4107 4119
f 4108 4119 4118
f 4119 4107 4106
f 4119 4106 4120
f 2993 2994 4120
f 2993 4120 4106
f 4121 3671 3001
f 4121 3001 3000
f 4114 3691 3671
f 4114 3671 4121
f 4114 4116 3693
f 4114 3693 3691
f 4117 3839 3693
f 4117 3693 4116
f 3940 4118 4119
f 3940 4119 3941
f 3009 2964 4122
f 3009 4122 4123
f 4123 4122 4124
f 4123 4124 4125
f 3839 4117 4118
f 3839 4118 3940
f 3941 4119 4120
f 3941 4120 3976
f 4022 3192 4126
f 4022 4126 4127
f 3192 3191 4128
f 3192 4128 4126
f 3191 3870 4129
f 3191 4129 4128
f 4130 3977 3007
f 4130 3007 3008
f 4022 4021 3193
f 4022 3193 3192
f 2559 2558 3958
f 2559 3958 3957
f 3956 3322 3325
f 3956 3325 4012
f 3309 3313 3321
f 3309 3321 3315
f 3311 3376 3375
f 3311 3375 4013
f 3311 3314 3348
f 3311 3348 3376
f 3158 3157 3173
f 3158 3173 3161
f 3707 4131 3702
f 3707 3702 3701
f 3158 3160 3663
f 3158 3663 3159
f 3604 3153 3155
f 3604 3155 3616
f 3302 3304 3305
f 3302 3305 3362
f 2971 3333 3332
f 2971 3332 2972
f 3208 3975 4072
f 3208 4072 3207
f 3292 4044 3973
f 3292 3973 3972
f 3353 4047 4044
f 3353 4044 3354
f 4076 4064 3166
f 4076 3166 4131
f 3273 3283 2971
f 3273 2971 2974
f 2971 3283 3329
f 2971 3329 3333
f 1628 1410 3607
f 1628 3607 3801
f 4132 3883 3886
f 4132 3886 3950
f 3333 3329 3330
f 3531 3424 3426
f 3531 3426 3529
f 3425 3424 3531
f 3425 3531 3533
f 3530 4049 3571
f 3530 3571 3532
f 3583 3582 3250
f 3583 3250 3580
f 3247 4051 4050
f 3247 4050 3251
f 3544 3504 3419
f 3544 3419 3420
f 3171 3218 3217
f 3171 3217 3172
f 4133 3214 3213
f 4133 3213 3751
f 3963 4134 4135
f 3963 4135 4136
f 3574 3580 3543
f 3574 3543 3540
f 3369 3370 3372
f 3369 3372 3368
f 3369 3084 3079
f 3369 3079 3370
f 2889 3085 3367
f 2889 3367 2576
f 2809 2767 2988
f 2809 2988 3047
f 4137 2778 2777
f 4137 2777 2915
f 3371 2852 2853
f 3371 2853 3359
f 2984 757 764
f 2984 764 2991
f 2869 2868 3659
f 2869 3659 3639
f 3374 3359 3360
f 3374 3360 3599
f 3292 3972 4138
f 3292 4138 3293
f 3350 3349 4089
f 3350 4089 4138
f 2974 4047 3353
f 2974 3353 3274
f 4016 3697 3609
f 4016 3609 3610
f 3279 1982 1351
f 3279 1351 3280
f 3284 4052 3753
f 3284 3753 3754
f 3330 3329 3328
f 3330 3328 3334
f 1983 1653 1652
f 1983 1652 2869
f 4139 4140 4020
f 4139 4020 4019
f 3334 3328 3301
f 3334 3301 4009
f 4141 3432 3441
f 4141 3441 4142
f 3902 3953 3951
f 3902 3951 3886
f 3988 3673 2925
f 3988 2925 2756
f 4089 3349 4143
f 4089 4143 4090
f 3679 4142 3441
f 3679 3441 3439
f 2769 2576 2577
f 2769 2577 3945
f 3873 4144 4129
f 3873 4129 3870
f 4130 4123 4125
f 4130 4125 4145
f 4130 4145 3942
f 4130 3942 3977
f 4033 4139 4146
f 4033 4146 4147
f 3980 4033 4147
f 3980 4147 3981
f 3036 3035 3039
f 3036 3039 4002
f 2869 3639 1460
f 2869 1460 1983
f 3008 3009 4123
f 3008 4123 4130
f 3745 3748 3286
f 3745 3286 4148
f 3031 3028 3034
f 3031 3034 3992
f 3993 4030 4149
f 3993 4149 4150
f 4150 4149 4109
f 4150 4109 4111
f 3976 4120 2994
f 3976 2994 3978
f 3981 4151 4152
f 3981 4152 3982
f 3840 3939 4153
f 3840 4153 4154
f 4154 4153 4155
f 4154 4155 4156
f 4156 4155 4157
f 4156 4157 4158
f 4158 4157 4159
f 4158 4159 4160
f 4160 4159 2965
f 4160 2965 4161
f 2965 732 2007
f 2965 2007 4161
f 3835 4162 3843
f 3835 3843 3836
f 4030 4002 3039
f 4030 3039 4149
f 4149 3039 3038
f 4149 3038 4109
f 2994 773 1820
f 2994 1820 3978
f 2834 3979 3982
f 2834 3982 4152
f 3939 3942 4145
f 3939 4145 4153
f 4153 4145 4125
f 4153 4125 4155
f 4155 4125 4124
f 4155 4124 4157
f 4157 4124 4122
f 4157 4122 4159
f 2965 4159 4122
f 2965 4122 2964
f 3638 2873 2871
f 3638 2871 3811
f 4163 4164 2011
f 4163 2011 2010
f 2978 2980 3013
f 2978 3013 4165
f 4166 4167 3984
f 4166 3984 3983
f 3601 4168 3217
f 3601 3217 3216
f 3013 3012 4169
f 3013 4169 4170
f 4171 3030 3031
f 4171 3031 4172
f 4172 3031 3992
f 4172 3992 3858
f 3588 3591 3659
f 3588 3659 2868
f 3859 3993 4150
f 3859 4150 4173
f 4173 4150 4111
f 4173 4111 4113
f 303 2551 3241
f 303 3241 1406
f 4174 4152 4151
f 4174 4151 4175
f 2831 2834 4152
f 2831 4152 4174
f 3694 3840 4154
f 3694 4154 4176
f 4176 4154 4156
f 4176 4156 4177
f 4177 4156 4158
f 4177 4158 4178
f 4178 4158 4160
f 4178 4160 4179
f 4164 4179 4160
f 4164 4160 4161
f 4175 4180 4181
f 4175 4181 4182
f 2853 2809 3047
f 2853 3047 3046
f 797 2975 4183
f 797 4183 2031
f 3553 2898 2897
f 3553 2897 3517
f 3857 3859 4173
f 3857 4173 4184
f 4184 4173 4113
f 4184 4113 4185
f 4185 4113 4112
f 4185 4112 4115
f 3862 3961 3962
f 3862 3962 3863
f 3169 4168 4043
f 3169 4043 4042
f 4182 4186 4174
f 4182 4174 4175
f 4187 2831 4174
f 4187 4174 4186
f 3692 3694 4176
f 3692 4176 4188
f 4188 4176 4177
f 4188 4177 4189
f 4189 4177 4178
f 4189 4178 4190
f 4190 4178 4179
f 4190 4179 4191
f 4192 4193 4167
f 4192 4167 4166
f 3076 4187 4194
f 3076 4194 3077
f 4191 4163 4193
f 4191 4193 4192
f 3341 3323 3990
f 3341 3990 4195
f 2045 1866 2898
f 2045 2898 3553
f 4196 3856 3219
f 4196 3219 3212
f 4197 4196 3212
f 4197 3212 3215
f 4172 4196 4197
f 4172 4197 4171
f 4196 4172 3858
f 4196 3858 3856
f 4134 3963 4171
f 4134 4171 4197
f 2976 2982 3016
f 2976 3016 2977
f 796 752 2982
f 796 2982 2976
f 3013 4170 4198
f 3013 4198 4165
f 4195 3990 3989
f 4195 3989 2562
f 3891 3885 3884
f 3891 3884 3892
f 2049 4199 4200
f 2049 4200 2050
f 2050 4200 4201
f 2050 4201 2053
f 3162 3164 3141
f 3162 3141 3144
f 3344 3324 3323
f 3344 3323 3341
f 4202 4203 4204
f 4202 4204 4205
f 4206 4204 4203
f 4206 4203 4207
f 4207 4135 4208
f 4207 4208 4206
f 4135 4134 4209
f 4135 4209 4208
f 4134 4197 3215
f 4134 3215 4209
f 4104 4103 4210
f 4104 4210 4211
f 4211 4210 4212
f 4211 4212 4213
f 4213 4212 4214
f 4213 4214 4215
f 4215 4214 2970
f 4215 2970 2969
f 4216 4217 4218
f 4216 4218 4219
f 4220 4221 4219
f 4220 4219 4098
f 3857 4184 4222
f 3857 4222 3810
f 4184 4185 4223
f 4184 4223 4222
f 4185 4115 4224
f 4185 4224 4223
f 4115 4114 4121
f 4115 4121 4224
f 4018 4039 4043
f 4018 4043 3600
f 3045 4040 4039
f 3045 4039 4018
f 4026 4025 4225
f 4026 4225 4226
f 4029 4026 4226
f 4029 4226 4227
f 3692 4188 4228
f 3692 4228 3672
f 4228 4188 4189
f 4228 4189 4229
f 4229 4189 4190
f 4229 4190 4230
f 4230 4190 4191
f 4230 4191 4192
f 4179 4164 4163
f 4179 4163 4191
f 3722 4073 3686
f 3722 3686 3865
f 3389 3399 2842
f 3389 2842 2841
f 4193 4163 2010
f 4193 2010 2086
f 2053 4201 4231
f 2053 4231 2087
f 4215 2966 4231
f 4215 4231 4232
f 4201 4205 4232
f 4201 4232 4231
f 4205 4204 4233
f 4205 4233 4232
f 4234 4233 4204
f 4234 4204 4206
f 4206 4208 4235
f 4206 4235 4234
f 4208 4209 4236
f 4208 4236 4235
f 4209 3215 4237
f 4209 4237 4236
f 3293 4138 4089
f 3293 4089 3296
f 3350 4138 3972
f 3350 3972 3351
f 3717 3711 3579
f 3717 3579 3576
f 3365 3209 2973
f 3365 2973 2972
f 4144 4216 4219
f 4144 4219 4221
f 4217 4238 4239
f 4217 4239 4218
f 3810 4222 4240
f 3810 4240 3611
f 4222 4223 4241
f 4222 4241 4240
f 4223 4224 4242
f 4223 4242 4241
f 4224 4121 3000
f 4224 3000 4242
f 4041 4040 3696
f 4041 3696 3355
f 3355 3696 3148
f 3355 3148 3147
f 4243 4244 4245
f 4243 4245 4246
f 3873 3726 4247
f 3873 4247 4144
f 3672 4228 4248
f 3672 4248 3554
f 4248 4228 4229
f 4248 4229 4249
f 4249 4229 4230
f 4249 4230 4250
f 4250 4230 4192
f 4250 4192 4166
f 2923 2857 3412
f 2923 3412 3411
f 2998 3960 2557
f 2998 2557 3368
f 3389 3388 3400
f 3389 3400 3399
f 4167 4193 2086
f 4167 2086 2108
f 2087 4231 2966
f 2087 2966 735
f 4200 4202 4205
f 4200 4205 4201
f 4202 4200 4199
f 4202 4199 4198
f 4215 4232 4233
f 4215 4233 4213
f 4211 4213 4233
f 4211 4233 4234
f 4211 4234 4235
f 4211 4235 4104
f 4104 4235 4236
f 4104 4236 4101
f 4101 4236 4237
f 4101 4237 4143
f 4143 4237 4133
f 4143 4133 4090
f 4090 4133 3751
f 4090 3751 4091
f 4091 3751 3171
f 4091 3171 3170
f 3169 3172 3217
f 3169 3217 4168
f 4238 4251 4252
f 4238 4252 4239
f 4253 4254 4252
f 4253 4252 4251
f 3602 3611 4240
f 3602 4240 4255
f 4255 4240 4241
f 4255 4241 4256
f 4256 4241 4242
f 4256 4242 4257
f 4257 4242 3000
f 4257 3000 2999
f 2987 3609 3696
f 2987 3696 3048
f 3341 4195 4258
f 3341 4258 3342
f 3994 4259 4247
f 3994 4247 3995
f 4025 4260 4186
f 4025 4186 4182
f 3508 3554 4248
f 3508 4248 4261
f 4261 4248 4249
f 4261 4249 4262
f 4262 4249 4250
f 4262 4250 4263
f 4263 4250 4166
f 4263 4166 3983
f 3395 3392 3393
f 3395 3393 3394
f 2997 3961 3960
f 2997 3960 2998
f 3893 3920 3890
f 3893 3890 3889
f 3984 4167 2108
f 3984 2108 1878
f 3702 3165 3720
f 3702 3720 3703
f 2974 2973 3211
f 2974 3211 4047
f 3352 4264 2970
f 3352 2970 4214
f 3203 3352 4214
f 3203 4214 4212
f 2129 4265 2067
f 2129 2067 2064
f 3200 3202 4210
f 3200 4210 4103
f 3198 3200 4103
f 3198 4103 4102
f 3196 3198 4102
f 3196 4102 3349
f 4143 3349 4102
f 4143 4102 4101
f 4042 3297 3170
f 4042 3170 3169
f 3600 4043 4168
f 3600 4168 3601
f 4220 4098 4094
f 4220 4094 4266
f 4266 4094 3827
f 4266 3827 3826
f 3374 3599 3602
f 3374 3602 4255
f 3373 3374 4255
f 3373 4255 4256
f 2995 3373 4256
f 2995 4256 4257
f 2996 2995 4257
f 2996 4257 2999
f 4267 4254 4253
f 4267 4253 4268
f 3041 2821 2851
f 3041 2851 3043
f 4024 4269 4260
f 4024 4260 4025
f 4194 4187 4186
f 4194 4186 4260
f 3402 3508 4261
f 3402 4261 3382
f 3382 4261 4262
f 3382 4262 3383
f 3383 4262 4263
f 3383 4263 3387
f 3387 4263 3983
f 3387 3983 3388
f 3891 3887 3890
f 3891 3890 3920
f 3961 3862 3959
f 3961 3959 3960
f 3923 3926 3894
f 3923 3894 3947
f 1948 2134 3744
f 1948 3744 4105
f 1875 3739 3744
f 1875 3744 2134
f 3737 1874 2135
f 3737 2135 3735
f 3735 2135 2136
f 3735 2136 2968
f 4264 4270 3734
f 4264 3734 2970
f 3734 4270 3733
f 3734 3733 3736
f 3730 3733 4270
f 3730 4270 4271
f 3736 3733 3732
f 3736 3732 3738
f 3379 4264 3352
f 3379 3352 3185
f 4105 3744 3743
f 4105 3743 3717
f 3275 3278 4092
f 3275 4092 3287
f 4041 3295 3294
f 4041 3294 4038
f 3365 3363 3305
f 3365 3305 3175
f 3364 3363 3332
f 3364 3332 3331
f 4048 4058 3151
f 4048 3151 3150
f 4237 3215 3214
f 4237 3214 4133
f 3212 3219 3218
f 3212 3218 3213
f 3757 3285 3755
f 3757 3755 3569
f 3134 4272 3605
f 3134 3605 3145
f 4131 3166 3165
f 4131 3165 3702
f 3261 3265 3274
f 3261 3274 3146
f 3717 3743 3742
f 3717 3742 3716
f 3279 3752 1573
f 3279 1573 1982
f 1410 3516 3608
f 1410 3608 3607
f 4273 4015 4017
f 4273 4017 4274
f 3433 3432 4141
f 3433 4141 4065
f 3716 3714 3708
f 3716 3708 3710
f 3721 4096 3556
f 3721 3556 3555
f 2820 3946 3950
f 2820 3950 3949
f 4011 3367 3366
f 4011 3366 4014
f 3370 3079 2810
f 3370 2810 2852
f 3342 4258 3367
f 3342 3367 4011
f 2561 4258 4195
f 2561 4195 2562
f 3311 4013 4012
f 3311 4012 3312
f 2557 2556 3051
f 2557 3051 3368
f 4014 3366 3957
f 4014 3957 3956
f 2560 4100 3989
f 2560 3989 2558
f 4275 4132 3950
f 4275 3950 3946
f 3943 4275 3946
f 3943 3946 3944
f 2989 2772 2819
f 2989 2819 3040
f 3566 3760 3756
f 3566 3756 3568
f 3798 4097 3589
f 3798 3589 3585
f 4276 4277 4244
f 4276 4244 4243
f 3969 3687 3447
f 3969 3447 3446
f 4219 4218 4099
f 4219 4099 4098
f 4019 4022 4127
f 4019 4127 4278
f 3678 3442 3431
f 3678 3431 4003
f 2944 3678 4003
f 2944 4003 2931
f 3684 3675 2943
f 3684 2943 2930
f 3882 3881 3970
f 3882 3970 4087
f 3466 4141 4142
f 3466 4142 3467
f 3669 3467 4142
f 3669 4142 3679
f 4254 4279 4280
f 4254 4280 4252
f 3044 3551 4045
f 3044 4045 3688
f 3187 3429 3699
f 3187 3699 3188
f 2851 2890 3552
f 2851 3552 3043
f 4279 3842 3844
f 4279 3844 4280
f 3726 3723 3995
f 3726 3995 4247
f 2891 2850 3967
f 2891 3967 3966
f 3952 3900 3966
f 3952 3966 3967
f 3915 3914 3930
f 3915 3930 3916
f 3917 3929 3936
f 3917 3936 3918
f 2444 3097 3415
f 2444 3415 2445
f 3907 3932 3913
f 3907 3913 3908
f 3919 3918 3936
f 3919 3936 3934
f 3101 3091 3097
f 3101 3097 2444
f 3911 3682 3074
f 3911 3074 3931
f 3937 3954 3953
f 3937 3953 3935
f 3074 3075 3928
f 3074 3928 3931
f 3954 3937 3928
f 3954 3928 3075
f 3075 3073 3901
f 3075 3901 3954
f 3905 3904 3925
f 3905 3925 3927
f 3948 4006 3906
f 3948 3906 3922
f 2559 3957 3366
f 2559 3366 3050
f 3721 3068 3069
f 3721 3069 4096
f 3835 4225 4181
f 3835 4181 4162
f 3389 2841 4281
f 3389 4281 3386
f 1192 3394 3006
f 1192 3006 2149
f 4282 4283 4245
f 4282 4245 4227
f 3847 3850 3896
f 3847 3896 3897
f 4276 4243 4246
f 4276 4246 4284
f 3555 2812 3392
f 3555 3392 3412
f 4285 4282 4227
f 4285 4227 4226
f 3555 3412 2857
f 3555 2857 3721
f 2924 2923 2795
f 2924 2795 2798
f 3850 3905 3927
f 3850 3927 3896
f 4286 4285 4226
f 4286 4226 4225
f 2844 4287 4281
f 2844 4281 2841
f 3005 3450 4287
f 3005 4287 2844
f 3393 2811 3450
f 3393 3450 3005
f 3838 4286 4225
f 3838 4225 3835
f 4139 4019 4278
f 4139 4278 4146
f 4033 4032 4140
f 4033 4140 4139
f 3880 4085 4034
f 3880 4034 3851
f 4288 4007 3465
f 4288 3465 3464
f 3716 3742 3741
f 3716 3741 3714
f 3730 4271 3713
f 3730 3713 3731
f 3133 4289 4272
f 3133 4272 3134
f 4187 4290 2832
f 4187 2832 2831
f 4126 4128 4221
f 4126 4221 4220
f 4127 4126 4220
f 4127 4220 4266
f 2576 3367 4258
f 2576 4258 2561
f 3445 4291 4088
f 3445 4088 4087
f 3621 3997 2754
f 3621 2754 2753
f 3603 3042 3044
f 3603 3044 3688
f 3594 3640 3591
f 3594 3591 3592
f 1328 3521 3475
f 1328 3475 1278
f 3466 3499 4065
f 3466 4065 4141
f 3814 4292 4023
f 3814 4023 3813
f 3756 3612 3615
f 3756 3615 4293
f 2298 3484 3483
f 2298 3483 2470
f 3454 3024 3023
f 3454 3023 3559
f 2162 3518 3479
f 2162 3479 1411
f 3384 3386 4281
f 3384 4281 3494
f 4271 4270 4264
f 4271 4264 3379
f 3714 3741 3740
f 3714 3740 3715
f 3106 2909 2949
f 3106 2949 4000
f 4000 2949 2946
f 4000 2946 2945
f 2469 2947 2946
f 2469 2946 2467
f 3494 4281 4287
f 3494 4287 3492
f 3229 3485 3484
f 3229 3484 3225
f 2757 2947 3483
f 2757 3483 3482
f 2699 2702 2619
f 2699 2619 2616
f 2616 2619 2484
f 2616 2484 2483
f 2483 2484 2475
f 2483 2475 2474
f 2435 2468 2475
f 2435 2475 2418
f 2470 2469 2468
f 2470 2468 2435
f 3974 3948 3947
f 3974 3947 3888
f 3974 3888 2554
f 3974 2554 3959
f 3887 2555 2554
f 3887 2554 3888
f 3411 3395 1191
f 3411 1191 2163
f 2149 3006 2843
f 2149 2843 2164
f 2842 2165 2164
f 2842 2164 2843
f 3399 1197 2165
f 3399 2165 2842
f 3094 4037 3110
f 3094 3110 3093
f 3815 3846 4292
f 3815 4292 3814
f 2298 2297 3225
f 2298 3225 3484
f 3861 3848 3847
f 3861 3847 4006
f 3527 3427 3428
f 3527 3428 3525
f 3536 3534 3570
f 3536 3570 4005
f 4278 4127 4266
f 4278 4266 3826
f 3433 4065 3689
f 3433 3689 3698
f 3706 4076 4131
f 3706 4131 3707
f 4294 4288 3464
f 4294 3464 3668
f 4064 4078 4295
f 4064 4295 4063
f 3448 4075 4291
f 3448 4291 3445
f 2564 2563 3883
f 2564 3883 4132
f 2577 2564 4132
f 2577 4132 4275
f 3945 2577 4275
f 3945 4275 3943
f 2785 4296 3881
f 2785 3881 2786
f 4296 3971 3970
f 4296 3970 3881
f 2985 2770 2772
f 2985 2772 2989
f 3709 4297 4079
f 3709 4079 3706
f 3966 3900 3860
f 3966 3860 2802
f 3924 3926 3059
f 3924 3059 3056
f 4298 3837 3836
f 4298 3836 3842
f 4299 4298 3842
f 4299 3842 4279
f 3947 3894 3889
f 3947 3889 3888
f 4267 4299 4279
f 4267 4279 4254
f 3056 3059 3058
f 3056 3058 3057
f 3137 4300 3140
f 3137 3140 3139
f 2562 3989 4100
f 2562 4100 2563
f 3303 4009 3301
f 3303 3301 3300
f 3093 3110 3022
f 3093 3022 3090
f 3999 4093 4099
f 3999 4099 4301
f 4129 4144 4221
f 4129 4221 4128
f 4146 4278 3826
f 4146 3826 3825
f 3610 2986 2919
f 3610 2919 2918
f 3146 3274 3353
f 3146 3353 3147
f 2552 2555 3892
f 2552 3892 2560
f 4301 4099 4218
f 4301 4218 4239
f 4274 4017 4008
f 4274 4008 4007
f 2045 3553 3519
f 2045 3519 2174
f 3618 4274 4007
f 3618 4007 4288
f 3596 3618 4288
f 3596 4288 4294
f 3462 3596 4294
f 3462 4294 3460
f 3477 3461 3459
f 3477 3459 4302
f 3545 3477 4302
f 3545 4302 3622
f 3617 4273 4274
f 3617 4274 3618
f 4162 4095 3998
f 4162 3998 3843
f 3391 3077 4194
f 3391 4194 4303
f 4303 4194 4260
f 4303 4260 4269
f 3634 3809 3816
f 3634 3816 3632
f 3844 3999 4301
f 3844 4301 4280
f 3442 3678 3677
f 3442 3677 3440
f 3925 3054 3052
f 3925 3052 3927
f 3460 4294 3668
f 3460 3668 3458
f 4271 3379 3380
f 4271 3380 3713
f 4304 4305 4238
f 4304 4238 4217
f 3552 2890 2806
f 3552 2806 2805
f 3981 4147 4306
f 3981 4306 4151
f 4306 3825 4095
f 4306 4095 4180
f 4151 4306 4180
f 4151 4180 4175
f 2915 2893 2892
f 2915 2892 4137
f 4073 3448 3447
f 4073 3447 3686
f 3445 4087 3970
f 3445 3970 3446
f 3575 3572 3535
f 3575 3535 3537
f 3731 4083 4082
f 3731 4082 3728
f 4063 4295 4289
f 4063 4289 3133
f 4162 4181 4180
f 4162 4180 4095
f 4305 4307 4251
f 4305 4251 4238
f 4308 4304 4217
f 4308 4217 4216
f 3149 4015 4273
f 3149 4273 3290
f 4025 4182 4181
f 4025 4181 4225
f 4307 4268 4253
f 4307 4253 4251
f 3291 3617 3595
f 3291 3595 3262
f 3290 4273 3617
f 3290 3617 3291
f 2174 3519 3518
f 2174 3518 2162
f 3510 3255 3105
f 3510 3105 2902
f 880 1876 4037
f 880 4037 3094
f 3638 3811 3808
f 3638 3808 3636
f 4280 4301 4239
f 4280 4239 4252
f 2929 3674 3677
f 2929 3677 2928
f 3906 2954 2950
f 3906 2950 3922
f 4302 3459 3457
f 4302 3457 4001
f 3487 3544 3420
f 3487 3420 3421
f 3115 3114 3752
f 3115 3752 3279
f 3551 3699 3429
f 3551 3429 4045
f 4147 4146 3825
f 4147 3825 4306
f 3539 3541 3423
f 3539 3423 3422
f 4287 3450 2409
f 4287 2409 3492
f 3851 2787 2786
f 3851 2786 3880
f 3723 3722 3865
f 3723 3865 3995
f 3622 4302 4001
f 3622 4001 2755
f 3715 4081 4297
f 3715 4297 3709
f 3076 4086 4290
f 3076 4290 4187
f 3511 3385 3255
f 3511 3255 3510
f 3892 3884 4100
f 3892 4100 2560
f 4309 4308 4216
f 4309 4216 4144
f 4309 4144 4247
f 4309 4247 4259
f 3337 3319 3324
f 3337 3324 3344
f 4010 3316 3320
f 4010 3320 3340
f 3334 4009 3317
f 3334 3317 3335
f 4171 3963 3027
f 4171 3027 3030
f 3030 3027 3026
f 3030 3026 3029
f 3029 3026 3017
f 3029 3017 3021
f 3021 3017 3016
f 3021 3016 3019
f 4203 4170 4169
f 4203 4169 4207
f 4202 4198 4170
f 4202 4170 4203
f 2975 2978 4165
f 2975 4165 4183
f 4135 4207 4169
f 4135 4169 4136
f 4136 4169 3012
f 4136 3012 3963
f 3340 3320 3319
f 3340 3319 3337
f 3335 3317 3316
f 3335 3316 4010
f 3327 3299 3301
f 3327 3301 3328
f 3326 3174 3299
f 3326 3299 3327
f 3271 3163 3174
f 3271 3174 3326
f 3270 3164 3163
f 3270 3163 3271
f 3144 3141 3140
f 3144 3140 3143
f 3718 3720 4057
f 3718 4057 4056
f 3745 3615 3614
f 3745 3614 3746
f 3745 4148 4293
f 3745 4293 3615
f 3757 4148 3286
f 3757 3286 3285
f 3275 3287 3286
f 3275 3286 3748
f 3284 3287 4092
f 3284 4092 4052
f 3718 4056 4092
f 3718 4092 3278
f 3757 3756 4293
f 3757 4293 4148
f 4062 4061 4310
f 4062 4310 4311
f 3581 4059 4062
f 3581 4062 3135
f 4055 4312 4059
f 4055 4059 3581
f 4313 4314 4312
f 4313 4312 4055
f 4315 4316 4314
f 4315 4314 4313
f 3136 4311 4316
f 3136 4316 4315
f 3135 4062 4311
f 3135 4311 3136
f 4317 3123 3136
f 4317 3136 4315
f 4311 4310 4318
f 4311 4318 4316
f 4316 4318 4319
f 4316 4319 4314
f 4314 4319 4320
f 4314 4320 4312
f 4312 4320 4060
f 4312 4060 4059
f 4321 3124 3123
f 4321 3123 4317
f 3720 4058 4054
f 3720 4054 4057
f 4313 4055 4054
f 4313 4054 4058
f 4321 4300 3137
f 4321 3137 3124
f 3143 3140 4300
f 3143 4300 4321
f 4053 3120 3119
f 4053 3119 3118
f 3121 3120 3138
f 3121 3138 3232
f 3232 3138 3137
f 3232 3137 3139
f 3143 4321 4317
f 3143 4317 3129
f 3129 4317 4315
f 3129 4315 4048
f 4048 4315 4313
f 4048 4313 4058
f 2136 736 2967
f 2136 2967 2968
f 4199 4183 4165
f 4199 4165 4198
f 2049 2031 4183
f 2049 4183 4199
f 2966 4215 2969
f 2966 2969 2967
f 4164 4161 2007
f 4164 2007 2011
f 4322 4323 2248
f 4322 2248 2247
f 2246 2245 4323
f 2246 4323 4322
f 3411 3049 2795
f 3411 2795 2923
f 2163 833 3049
f 2163 3049 3411
f 3876 4292 3846
f 3876 3846 3877
f 3875 4023 4292
f 3875 4292 3876
f 3813 4023 3996
f 3813 3996 3812
f 3812 3996 1831
f 3812 1831 1640
f 3877 3846 3845
f 3877 3845 3874
f 3874 3845 2888
f 3874 2888 3869
f 3869 2888 2887
f 3869 2887 3866
f 2940 2948 2942
f 2940 2942 2941
f 3866 2887 2942
f 3866 2942 2935
f 3429 3430 3698
f 3429 3698 4045
f 3434 3430 2939
f 3434 2939 4004
f 2948 2940 2938
f 2948 2938 2936
f 4004 2939 2938
f 4004 2938 2932
f 3070 3063 3062
f 3070 3062 2856
f 2824 3356 2924
f 2824 2924 2798
f 2827 3357 3356
f 2827 3356 2824
f 2791 2815 2854
f 2791 2854 3695
f 3695 2854 2766
f 3695 2766 3854
f 3965 2765 2823
f 3965 2823 3964
f 3854 2766 2765
f 3854 2765 3965
f 2800 2799 3398
f 2800 3398 4324
f 2803 2800 4324
f 2803 4324 4325
f 2804 2803 4325
f 2804 4325 4326
f 2892 2804 4326
f 2892 4326 4327
f 4137 2892 4327
f 4137 4327 4328
f 2792 2779 4329
f 2792 4329 2793
f 2779 2778 4330
f 2779 4330 4329
f 2858 4331 3015
f 2858 3015 2859
f 2858 3855 3853
f 2858 3853 4331
f 3852 4332 4331
f 3852 4331 3853
f 4332 3397 3015
f 4332 3015 4331
f 3397 4332 4333
f 3397 4333 3398
f 3852 2816 4333
f 3852 4333 4332
f 4333 2816 2794
f 4333 2794 4334
f 4324 3398 4333
f 4324 4333 4334
f 4325 4324 4334
f 4325 4334 4335
f 4328 4336 4329
f 4328 4329 4330
f 4334 2794 2793
f 4334 2793 4335
f 2793 4329 4336
f 2793 4336 4335
f 4325 4335 4336
f 4325 4336 4326
f 4328 4327 4326
f 4328 4326 4336
f 2778 4137 4328
f 2778 4328 4330
f 3712 4290 4086
f 3712 4086 4083
f 4077 4291 4075
f 4077 4075 4078
f 4079 4088 4291
f 4079 4291 4077
f 3705 2832 4290
f 3705 4290 3712
f 4080 4034 4085
f 4080 4085 4081
f 4071 4140 4032
f 4071 4032 4070
f 4072 4020 4140
f 4072 4140 4071
f 2837 3193 4021
f 2837 4021 3975
f 4297 4084 4088
f 4297 4088 4079
f 4083 4086 4035
f 4083 4035 4082
f 4295 4074 3725
f 4295 3725 4289
f 4081 4085 4084
f 4081 4084 4297
f 4078 4075 4074
f 4078 4074 4295
f 4046 3871 3194
f 4046 3194 2836
f 4068 4036 2833
f 4068 2833 3704
f 4069 4031 4036
f 4069 4036 4068
f 4082 4035 4034
f 4082 4034 4080
f 4070 4032 4031
f 4070 4031 4069
f 3975 4021 4020
f 3975 4020 4072
f 3605 3727 3872
f 3605 3872 3606
f 3606 3872 3871
f 3606 3871 4046
f 4272 3724 3727
f 4272 3727 3605
f 4289 3725 3724
f 4289 3724 4272
f 2836 3194 3193
f 2836 3193 2837
f 3704 2833 2832
f 3704 2832 3705
f 4284 4283 4337
f 4284 4337 4338
f 4028 4277 4339
f 4028 4339 4340
f 4246 4245 4283
f 4246 4283 4284
f 4029 4244 4277
f 4029 4277 4028
f 4227 4245 4244
f 4227 4244 4029
f 4259 4341 4342
f 4259 4342 4309
f 4309 4342 4343
f 4309 4343 4308
f 4307 4344 4345
f 4307 4345 4268
f 4308 4343 4346
f 4308 4346 4304
f 4305 4347 4344
f 4305 4344 4307
f 4304 4346 4347
f 4304 4347 4305
f 4269 4348 4349
f 4269 4349 4303
f 4303 4349 4350
f 4303 4350 3391
f 4267 4351 4352
f 4267 4352 4299
f 4299 4352 4353
f 4299 4353 4298
f 4298 4353 4354
f 4298 4354 3837
f 4296 4355 4356
f 4296 4356 3971
f 2785 4357 4355
f 2785 4355 4296
f 3838 4358 4359
f 3838 4359 4286
f 4286 4359 4360
f 4286 4360 4285
f 4285 4360 4361
f 4285 4361 4282
f 4284 4338 4362
f 4284 4362 4276
f 4282 4361 4337
f 4282 4337 4283
f 3969 4363 4364
f 3969 4364 3687
f 4276 4362 4339
f 4276 4339 4277
f 4024 4365 4348
f 4024 4348 4269
f 4268 4345 4351
f 4268 4351 4267
f 3994 4366 4341
f 3994 4341 4259
f 4028 4340 4367
f 4028 4367 4027
f 4027 4367 4365
f 4027 4365 4024
f 3864 4368 4366
f 3864 4366 3994
f 3971 4356 4363
f 3971 4363 3969
f 3685 4369 4368
f 3685 4368 3864
f 3837 4354 4358
f 3837 4358 3838
f 3687 4364 4369
f 3687 4369 3685
f 3391 4350 4370
f 3391 4370 2840
f 2840 4370 4371
f 2840 4371 2788
f 2788 4371 4357
f 2788 4357 2785
f 4372 4373 4374
f 4372 4374 4375
f 4376 4377 4373
f 4376 4373 4372
f 3202 3203 1147
f 3202 1147 992
f 3203 4212 996
f 3203 996 1147
f 4212 4210 991
f 4212 991 996
f 4210 3202 992
f 4210 992 991
f 993 1146 4378
f 993 4378 4265
f 1146 995 2128
f 1146 2128 4378
f 995 994 2129
f 995 2129 2128
f 994 993 4265
f 994 4265 2129
f 4265 4378 2126
f 4265 2126 2067
f 4378 2128 2063
f 4378 2063 2126
f 4373 4322 2247
f 4373 2247 4374
f 4322 4373 4377
f 4322 4377 2246
f 2246 4377 4379
f 2246 4379 2243
f 2243 4379 4374
f 2243 4374 2247
f 3782 4380 4381
f 3782 4381 4382
f 4382 4381 4383
f 4382 4383 3823
f 3781 4384 4380
f 3781 4380 3782
f 3823 4383 4384
f 3823 4384 3781
f 2245 3782 4382
f 2245 4382 4323
f 999 990 989
f 999 989 4375
f 999 4375 4385
f 999 4385 974
f 975 974 4385
f 975 4385 2124
f 1944 2110 4372
f 1944 4372 1945
f 2110 2109 4376
f 2110 4376 4372
f 2109 2069 2070
f 2109 2070 4376
f 4385 4376 2070
f 4385 2070 2124
f 4323 4382 3823
f 4323 3823 2248
f 989 1945 4372
f 989 4372 4375
f 4375 4374 4379
f 4375 4379 4385
f 4385 4379 4377
f 4385 4377 4376
