# Upper_Skull rest
v 0.026693 0.252381 0.047316
v 0.028927 0.252360 0.046544
v 0.027936 0.249333 0.049369
v 0.026386 0.251480 0.048087
v 0.016056 0.241902 0.062664
v 0.016410 0.241807 0.063178
v 0.015761 0.240817 0.064174
v 0.015457 0.241630 0.063003
v 0.027860 0.261073 0.039090
v 0.025075 0.261330 0.039412
v 0.024805 0.264413 0.039447
v 0.026760 0.264438 0.039640
v 0.013980 0.243324 0.065403
v 0.014119 0.242807 0.064855
v 0.014241 0.239705 0.065261
v 0.013928 0.239582 0.065957
v 0.024892 0.270264 0.032852
v 0.025198 0.269946 0.033043
v 0.022968 0.269817 0.033830
v 0.022178 0.272101 0.032037
v 0.029749 0.259958 0.039509
v 0.031073 0.260074 0.039563
v 0.031860 0.258170 0.041414
v 0.031224 0.257893 0.041281
v 0.030113 0.251325 0.047753
v 0.028857 0.249253 0.049791
v 0.022510 0.264022 0.038278
v 0.022064 0.267054 0.036120
v 0.022194 0.269569 0.036627
v 0.022642 0.266686 0.038302
v 0.022066 0.263724 0.038735
v 0.021574 0.267236 0.036165
v 0.030285 0.267778 0.033897
v 0.031375 0.264658 0.035844
v 0.030603 0.264971 0.036006
v 0.029936 0.267246 0.034426
v 0.024513 0.244555 0.058040
v 0.024964 0.245530 0.055781
v 0.025713 0.246362 0.055818
v 0.025133 0.245335 0.058330
v 0.024026 0.252670 0.047646
v 0.022215 0.252791 0.048169
v 0.022051 0.255467 0.046121
v 0.024141 0.253767 0.047068
v 0.027928 0.270364 0.032664
v 0.028166 0.269393 0.033049
v 0.030821 0.275034 0.029727
v 0.031657 0.275789 0.029830
v 0.032100 0.272902 0.031865
v 0.030657 0.272456 0.031220
v 0.028822 0.247665 0.052118
v 0.026643 0.246774 0.053980
v 0.025990 0.246600 0.053699
v 0.028285 0.247496 0.051921
v 0.031515 0.254266 0.044500
v 0.032184 0.254223 0.044831
v 0.012930 0.240522 0.064098
v 0.013130 0.240786 0.063637
v 0.014255 0.240644 0.064102
v 0.013921 0.240187 0.064501
v 0.021762 0.246738 0.054099
v 0.021764 0.247333 0.053608
v 0.023869 0.246568 0.054313
v 0.023590 0.246492 0.054543
v 0.010241 0.239665 0.064939
v 0.009815 0.241621 0.064673
v 0.009643 0.241031 0.065455
v 0.009842 0.239017 0.065809
v 0.020903 0.246570 0.054453
v 0.020505 0.247612 0.053681
v 0.022960 0.248828 0.054657
v 0.021456 0.249262 0.053929
v 0.019398 0.242861 0.060602
v 0.019723 0.243036 0.060320
v 0.020533 0.242237 0.061283
v 0.020171 0.242127 0.061499
v 0.024994 0.260864 0.039728
v 0.024250 0.245627 0.055830
v 0.018009 0.243224 0.060317
v 0.018217 0.243942 0.059098
v 0.020014 0.244369 0.061291
v 0.019109 0.244882 0.060413
v 0.020339 0.241536 0.062751
v 0.019764 0.241684 0.062705
v 0.020385 0.249355 0.054143
v 0.019395 0.246353 0.055336
v 0.018502 0.246706 0.055012
v 0.020722 0.270606 0.034195
v 0.020370 0.273575 0.032416
v 0.019807 0.254583 0.048018
v 0.020288 0.257076 0.046103
v 0.017757 0.245434 0.059899
v 0.022165 0.246998 0.058298
v 0.023595 0.247929 0.057088
v 0.023681 0.244826 0.057668
v 0.022549 0.244143 0.058754
v 0.022883 0.260690 0.040836
v 0.021405 0.262266 0.041206
v 0.020660 0.264687 0.039335
v 0.023909 0.248459 0.055735
v 0.030436 0.269752 0.032784
v 0.031773 0.265024 0.035899
v 0.019133 0.248812 0.055221
v 0.006920 0.238182 0.068892
v 0.006382 0.238318 0.068569
v 0.006738 0.238228 0.067545
v 0.007430 0.238292 0.067497
v 0.013721 0.242172 0.064375
v 0.012972 0.242511 0.063733
v 0.024930 0.270807 0.032641
v 0.022572 0.272808 0.031762
v 0.029233 0.271615 0.031898
v 0.027669 0.271621 0.032408
v 0.016420 0.243292 0.060774
v 0.016075 0.243609 0.060523
v 0.005294 0.238851 0.066048
v 0.006540 0.238377 0.066706
v 0.006263 0.241163 0.066498
v 0.005242 0.240764 0.065818
v 0.005555 0.239248 0.065292
v 0.002714 0.239370 0.065821
v 0.002368 0.239619 0.065217
v 0.030928 0.262465 0.037298
v 0.031507 0.262834 0.037408
v 0.031137 0.261353 0.038583
v 0.030139 0.261258 0.038402
v 0.010000 0.268958 0.061641
v 0.012157 0.269739 0.061606
v 0.012166 0.274535 0.057534
v 0.010172 0.272048 0.057602
v 0.014707 0.239552 0.066118
v 0.012992 0.239555 0.067280
v 0.012761 0.239693 0.066865
v 0.019800 0.243904 0.062596
v 0.010049 0.239010 0.066578
v 0.009416 0.238743 0.066875
v 0.008976 0.239030 0.065862
v 0.010659 0.242357 0.066647
v 0.010858 0.239353 0.067085
v 0.009601 0.241825 0.066241
v 0.001293 0.237773 0.069520
v 0.000868 0.238425 0.069964
v -0.001336 0.237740 0.069993
v -0.001250 0.237357 0.068698
v 0.007039 0.239350 0.069512
v 0.003681 0.238720 0.070535
v 0.003835 0.237813 0.070215
v 0.010534 0.239000 0.067715
v 0.010584 0.239955 0.068597
v 0.013260 0.240597 0.067838
v 0.018738 0.240872 0.063879
v 0.018469 0.241335 0.063500
v 0.015736 0.240851 0.066597
v 0.017003 0.240795 0.064130
v 0.017402 0.241589 0.065265
v 0.019355 0.242043 0.064482
v 0.016125 0.245444 0.060154
v 0.022832 0.243685 0.059367
v 0.023544 0.244681 0.059808
v 0.021179 0.242852 0.063088
v 0.020814 0.249722 0.051841
v 0.021851 0.248464 0.052606
v 0.056199 0.317591 -0.045978
v 0.061521 0.317028 -0.039569
v 0.059650 0.315524 -0.033724
v 0.054687 0.316434 -0.038543
v 0.009576 0.239727 0.064637
v 0.011228 0.240475 0.063802
v 0.011353 0.240420 0.064153
v 0.028433 0.278208 0.030466
v 0.027689 0.280300 0.029504
v 0.029645 0.277943 0.028296
v 0.030131 0.275005 0.029847
v 0.028644 0.275977 0.031380
v 0.029890 0.272911 0.031015
v 0.006986 0.238574 0.066445
v 0.018500 0.243641 0.063437
v 0.028258 0.260108 0.039582
v 0.028624 0.259611 0.039830
v 0.028773 0.261535 0.038685
v 0.025567 0.260316 0.040123
v 0.004057 0.240906 0.069367
v 0.005851 0.240886 0.068351
v 0.003926 0.237857 0.069897
v 0.012321 0.243610 0.066379
v 0.014666 0.239862 0.065109
v 0.018492 0.244896 0.057563
v 0.017930 0.244903 0.057760
v 0.030189 0.278091 0.028072
v 0.010993 0.242506 0.063968
v 0.028168 0.274469 0.032094
v 0.024646 0.274575 0.032279
v 0.026986 0.273976 0.032661
v 0.022343 0.277161 0.029337
v 0.022653 0.277248 0.029471
v 0.014983 0.257843 0.050328
v 0.014237 0.254418 0.053072
v 0.011325 0.257986 0.053384
v 0.012322 0.260945 0.050822
v 0.024304 0.254491 0.046526
v 0.026832 0.253433 0.046670
v 0.028667 0.256403 0.046527
v 0.028602 0.253460 0.046105
v 0.026911 0.256318 0.047024
v 0.024066 0.247906 0.053028
v 0.021908 0.248635 0.052320
v 0.021885 0.250956 0.052205
v 0.023758 0.250391 0.052945
v 0.020520 0.260099 0.043734
v 0.021559 0.258378 0.043425
v 0.015910 0.242587 0.061731
v 0.015214 0.242481 0.061826
v 0.021365 0.243388 0.059683
v 0.020041 0.243372 0.059738
v 0.021302 0.249778 0.051609
v 0.017111 0.241624 0.063508
v 0.023274 0.280233 0.027299
v 0.023871 0.279469 0.027614
v 0.021142 0.278409 0.029569
v 0.026341 0.281585 0.026184
v 0.026318 0.280562 0.026690
v 0.028981 0.280938 0.026704
v 0.028659 0.280093 0.027029
v 0.030766 0.278789 0.027941
v 0.023530 0.269360 0.034239
v 0.023293 0.271573 0.034806
v 0.015378 0.244394 0.061185
v 0.028342 0.279659 0.027340
v 0.026229 0.279884 0.027155
v 0.006602 0.240936 0.067379
v 0.016972 0.243429 0.063372
v 0.032098 0.269682 0.034169
v 0.022718 0.279251 0.030197
v 0.022745 0.276278 0.031597
v 0.024165 0.279171 0.027842
v 0.023897 0.280676 0.029040
v 0.025411 0.280757 0.028726
v 0.026656 0.280769 0.028977
v 0.025842 0.260144 0.040418
v 0.028448 0.259385 0.040045
v 0.027845 0.265094 0.039071
v 0.005304 0.240443 0.064183
v 0.002297 0.240838 0.064506
v 0.003130 0.243178 0.063115
v 0.004944 0.243246 0.062736
v 0.030660 0.257533 0.041458
v 0.021354 0.243854 0.059173
v 0.018729 0.252923 0.049998
v 0.020649 0.251681 0.049954
v 0.021258 0.251628 0.050060
v 0.021270 0.254088 0.050066
v 0.021220 0.252202 0.051561
v 0.018618 0.251228 0.052137
v 0.025091 0.250268 0.053031
v 0.025842 0.247339 0.053293
v 0.015873 0.243473 0.062937
v 0.018792 0.247150 0.057270
v 0.028425 0.269087 0.035641
v 0.028819 0.268049 0.036614
v 0.026625 0.251209 0.051749
v 0.026871 0.252665 0.049597
v 0.027449 0.249796 0.049548
v 0.027739 0.248143 0.051694
v 0.025324 0.269775 0.033335
v 0.028263 0.268724 0.033324
v 0.027057 0.270462 0.034659
v 0.024960 0.271596 0.034295
v 0.024827 0.256867 0.046452
v 0.024250 0.247143 0.053415
v 0.022671 0.255936 0.045786
v 0.023556 0.258579 0.045512
v 0.029353 0.262089 0.038163
v 0.020380 0.243820 0.059099
v 0.028244 0.261669 0.041038
v 0.025857 0.262707 0.040831
v 0.023754 0.259590 0.041609
v 0.018284 0.249889 0.053030
v 0.024000 0.252093 0.048161
v 0.026098 0.251153 0.048375
v 0.025497 0.253508 0.048718
v 0.028884 0.267019 0.037591
v 0.030258 0.263044 0.037315
v 0.028489 0.265958 0.038406
v 0.015714 0.243651 0.062107
v 0.030083 0.259744 0.042460
v 0.030614 0.254727 0.044427
v 0.022539 0.252410 0.048597
v 0.023969 0.254424 0.048229
v 0.022485 0.254917 0.048382
v 0.023745 0.262492 0.041756
v 0.022404 0.258240 0.043644
v 0.030318 0.257601 0.044967
v 0.019921 0.246557 0.058256
v 0.023481 0.261063 0.043757
v 0.020892 0.246681 0.058436
v 0.002859 0.240764 0.066010
v 0.000680 0.237756 0.068451
v 0.000776 0.238316 0.067139
v 0.000726 0.240399 0.067032
v 0.000772 0.240310 0.068203
v 0.001650 0.240474 0.068955
v 0.001679 0.238057 0.069181
v -0.001171 0.238687 0.066310
v 0.001451 0.239086 0.066384
v 0.001557 0.240319 0.066492
v 0.000649 0.239508 0.065484
v 0.064326 0.326078 -0.007598
v 0.060284 0.328205 -0.008188
v 0.063994 0.329343 -0.011224
v 0.064679 0.327731 -0.009266
v 0.067908 0.329356 -0.011304
v 0.067261 0.327349 -0.008026
v 0.066667 0.322041 -0.003284
v 0.064021 0.323808 -0.005630
v 0.066722 0.325212 -0.004904
v 0.063744 0.321896 -0.001464
v 0.061251 0.323122 -0.002364
v 0.062241 0.322991 -0.003201
v 0.065230 0.321039 -0.002024
v 0.010445 0.241817 0.062781
v 0.012016 0.242531 0.062173
v 0.013081 0.243300 0.061136
v 0.016144 0.246649 0.057255
v 0.016745 0.248197 0.054784
v 0.015937 0.245954 0.058298
v 0.014432 0.244397 0.059553
v 0.015378 0.284754 0.029053
v 0.019372 0.284839 0.025686
v 0.020252 0.282451 0.026891
v 0.015634 0.282824 0.030263
v 0.060914 0.325664 -0.000752
v 0.058860 0.324169 -0.000889
v 0.023383 0.258908 0.049124
v 0.022343 0.259258 0.049227
v 0.024400 0.258264 0.049493
v 0.021188 0.258705 0.050396
v 0.025217 0.257671 0.050105
v 0.021157 0.257230 0.051544
v 0.025238 0.256666 0.051589
v 0.021824 0.256310 0.052042
v 0.024213 0.255942 0.052504
v 0.023223 0.255946 0.052541
v 0.025870 0.269431 0.039482
v 0.027113 0.269717 0.039171
v 0.024352 0.269563 0.039165
v 0.027546 0.270558 0.038576
v 0.022783 0.271163 0.038375
v 0.027674 0.271492 0.037886
v 0.027537 0.272303 0.037144
v 0.022400 0.273375 0.037138
v 0.027248 0.272985 0.036426
v 0.026152 0.274039 0.035664
v 0.023211 0.274901 0.035712
v 0.024540 0.274887 0.035346
v 0.015505 0.248805 0.062160
v 0.016453 0.248692 0.062619
v 0.015125 0.248874 0.061587
v 0.017788 0.248905 0.062730
v 0.015078 0.249608 0.060681
v 0.018630 0.249177 0.061907
v 0.015740 0.250481 0.059898
v 0.018646 0.249551 0.060970
v 0.016895 0.250396 0.059858
v 0.017934 0.250004 0.060240
v 0.023192 0.279601 0.032194
v 0.024483 0.278265 0.032834
v 0.023064 0.281836 0.031232
v 0.026331 0.277691 0.033362
v 0.023816 0.283355 0.030293
v 0.027207 0.278131 0.033132
v 0.025008 0.283419 0.030156
v 0.027600 0.279765 0.032342
v 0.026622 0.282622 0.030601
v 0.025857 0.283120 0.030338
v 0.027254 0.281534 0.031245
v 0.022599 0.253439 0.055307
v 0.021552 0.253738 0.054875
v 0.020543 0.253883 0.054907
v 0.023511 0.253179 0.056110
v 0.019616 0.253469 0.055758
v 0.023374 0.252735 0.057169
v 0.019417 0.252331 0.056784
v 0.021970 0.251989 0.057975
v 0.019962 0.251598 0.057598
v 0.020918 0.251759 0.058079
v 0.010743 0.246314 0.065665
v 0.012035 0.246594 0.065803
v 0.013115 0.246718 0.065065
v 0.010137 0.246369 0.065226
v 0.013296 0.246887 0.064438
v 0.009913 0.246401 0.064371
v 0.013050 0.247155 0.063854
v 0.010052 0.246950 0.063775
v 0.012428 0.247555 0.063275
v 0.010903 0.247622 0.063352
v 0.024045 0.265412 0.044143
v 0.024140 0.263497 0.045431
v 0.024243 0.266436 0.042728
v 0.025158 0.262134 0.046194
v 0.026051 0.266442 0.042041
v 0.026833 0.261770 0.046591
v 0.027822 0.265522 0.042316
v 0.028249 0.261878 0.046149
v 0.029022 0.264206 0.043320
v 0.029480 0.262823 0.044973
v 0.005101 0.244650 0.067638
v 0.005036 0.245027 0.066861
v 0.004260 0.245309 0.066358
v 0.004661 0.244557 0.068282
v 0.002561 0.245679 0.065959
v 0.003438 0.244698 0.068860
v 0.001418 0.245327 0.066428
v 0.002022 0.244651 0.068599
v 0.000881 0.244782 0.067209
v 0.001255 0.244749 0.068094
v 0.022457 0.264673 0.049904
v 0.021716 0.264890 0.049933
v 0.023192 0.264270 0.050166
v 0.020965 0.264478 0.050646
v 0.023802 0.263904 0.050569
v 0.021001 0.263504 0.051390
v 0.023951 0.263248 0.051505
v 0.021561 0.262894 0.051770
v 0.023298 0.262718 0.052088
v 0.022582 0.262682 0.052124
v 0.025388 0.273499 0.039357
v 0.026326 0.273774 0.039159
v 0.024216 0.273563 0.039078
v 0.026485 0.274525 0.038724
v 0.023019 0.274731 0.038427
v 0.026619 0.275234 0.038161
v 0.026685 0.275435 0.037540
v 0.022654 0.276443 0.037429
v 0.026202 0.276412 0.037002
v 0.025343 0.277156 0.036362
v 0.023157 0.277673 0.036330
v 0.024127 0.277735 0.036069
v 0.014787 0.256486 0.061311
v 0.015428 0.256404 0.061603
v 0.014559 0.256550 0.060900
v 0.016353 0.256538 0.061625
v 0.014575 0.257085 0.060224
v 0.016985 0.256723 0.061000
v 0.015074 0.257709 0.059602
v 0.016995 0.256988 0.060340
v 0.015870 0.257637 0.059539
v 0.016512 0.257323 0.059838
v 0.023408 0.282324 0.032485
v 0.024291 0.281169 0.033141
v 0.023359 0.283835 0.031798
v 0.025948 0.280637 0.033674
v 0.024044 0.284827 0.031093
v 0.026763 0.280896 0.033530
v 0.024795 0.284985 0.030920
v 0.027134 0.282113 0.032859
v 0.026218 0.284243 0.031323
v 0.025560 0.284531 0.030961
v 0.026815 0.283428 0.031877
v 0.022046 0.260540 0.055823
v 0.021312 0.260752 0.055584
v 0.020546 0.260886 0.055621
v 0.022684 0.260354 0.056344
v 0.019778 0.260665 0.056172
v 0.022534 0.260017 0.057128
v 0.019688 0.259780 0.056947
v 0.021467 0.259473 0.057739
v 0.020031 0.259188 0.057528
v 0.020586 0.259263 0.057878
v 0.010550 0.252413 0.064618
v 0.011319 0.252513 0.064764
v 0.012230 0.252635 0.064274
v 0.010125 0.252468 0.064312
v 0.012287 0.252780 0.063821
v 0.009911 0.252525 0.063740
v 0.012059 0.253043 0.063395
v 0.010039 0.252913 0.063325
v 0.011591 0.253310 0.063049
v 0.010772 0.253412 0.063006
v 0.024394 0.268810 0.044571
v 0.024466 0.267491 0.045493
v 0.024907 0.269351 0.043705
v 0.025295 0.266493 0.046072
v 0.026175 0.269253 0.043328
v 0.026596 0.266189 0.046333
v 0.027326 0.268653 0.043521
v 0.027688 0.266276 0.046011
v 0.028219 0.267969 0.044037
v 0.028607 0.266996 0.045157
v 0.003692 0.252995 0.067093
v 0.003560 0.253268 0.066547
v 0.003127 0.253610 0.066098
v 0.003598 0.252904 0.067595
v 0.002082 0.253858 0.065821
v 0.002794 0.252976 0.068006
v 0.001427 0.253595 0.066080
v 0.001878 0.252948 0.067804
v 0.001095 0.253107 0.066617
v 0.001349 0.253043 0.067389
v 0.021808 0.266447 0.051180
v 0.024000 0.278536 0.037742
v 0.015385 0.259972 0.060425
v 0.024959 0.284791 0.032850
v 0.020531 0.262952 0.056551
v 0.010906 0.255979 0.063400
v 0.026014 0.270382 0.044934
v 0.002225 0.256478 0.066633
v 0.009646 0.285486 0.034254
v 0.010323 0.284776 0.034286
v 0.007457 0.284948 0.034336
v 0.028727 0.283552 0.027107
v 0.027929 0.285157 0.027148
v 0.029056 0.284472 0.027828
v 0.003774 0.270944 0.044975
v 0.004002 0.268657 0.047321
v 0.001017 0.269041 0.046227
v 0.001137 0.271365 0.044082
v -0.001300 0.266250 0.048195
v -0.001217 0.269090 0.045512
v 0.000858 0.266527 0.048604
v 0.029530 0.331447 -0.012438
v 0.028979 0.333179 -0.008641
v 0.028831 0.334065 -0.008881
v 0.029424 0.332409 -0.012694
v 0.052245 0.331489 0.004191
v 0.050562 0.327412 0.005332
v 0.056492 0.326320 0.000308
v 0.058089 0.329303 -0.001478
v 0.052848 0.326554 0.000402
v 0.048474 0.326379 0.004953
v 0.023661 0.337079 -0.000295
v 0.018311 0.337327 0.002935
v 0.017310 0.336683 0.003019
v 0.023264 0.337708 -0.000530
v 0.014606 0.336127 0.002880
v 0.005211 0.330783 0.005802
v 0.024645 0.332359 0.001254
v 0.022114 0.330973 0.003372
v 0.019515 0.335102 0.003565
v 0.008463 0.334666 0.005374
v 0.008689 0.335938 0.004964
v 0.011184 0.325996 -0.028820
v 0.017708 0.326409 -0.027341
v 0.017708 0.326933 -0.027823
v 0.011063 0.326446 -0.029327
v 0.057985 0.313121 -0.027013
v 0.053423 0.314894 -0.031504
v 0.017638 0.326124 0.038734
v 0.014122 0.331460 0.037169
v 0.014922 0.330216 0.039168
v 0.017503 0.324190 0.040650
v 0.024644 0.327561 -0.023793
v 0.024670 0.328277 -0.024174
v 0.030060 0.332103 -0.005731
v 0.031404 0.330231 -0.005568
v 0.028996 0.330884 -0.002258
v 0.027813 0.333005 -0.002529
v 0.027840 0.324961 -0.024902
v 0.029590 0.326675 -0.021797
v 0.028011 0.327361 -0.020975
v 0.025400 0.326283 -0.024026
v 0.038320 0.324372 -0.009288
v 0.036849 0.329283 -0.008182
v 0.034828 0.328974 -0.004985
v 0.035988 0.325695 -0.005175
v 0.032420 0.325313 -0.000796
v 0.032071 0.327830 -0.001605
v 0.027173 0.327530 0.001854
v 0.026865 0.324551 0.003444
v 0.017892 0.326319 -0.028499
v 0.010971 0.325625 -0.030169
v 0.017003 0.336087 0.003162
v 0.007245 0.334976 0.004747
v 0.006538 0.334060 0.004849
v 0.059323 0.331328 -0.003090
v 0.053866 0.333832 0.003113
v 0.048385 0.317190 -0.041991
v 0.048155 0.316278 -0.034817
v 0.025016 0.327889 -0.024699
v 0.027250 0.328758 -0.020772
v 0.031719 0.330329 -0.008945
v 0.033233 0.328640 -0.009109
v 0.023218 0.337392 -0.000353
v 0.049561 0.327692 -0.000597
v 0.046012 0.326292 0.003376
v 0.045809 0.329833 -0.002605
v 0.042260 0.327423 0.001892
v 0.029125 0.333818 -0.008919
v 0.029754 0.332199 -0.012807
v 0.030086 0.328743 -0.018226
v 0.032196 0.328804 -0.013306
v 0.030315 0.329588 -0.012373
v 0.029053 0.329040 -0.017494
v 0.027201 0.329634 -0.021134
v 0.027539 0.329385 -0.021575
v 0.011170 0.324159 -0.029525
v 0.018415 0.325307 -0.027588
v 0.013798 0.344532 0.046839
v 0.016955 0.346457 0.047601
v 0.015680 0.346690 0.050720
v 0.011751 0.344710 0.049882
v 0.052907 0.312487 0.046856
v 0.052667 0.318562 0.045690
v 0.050023 0.320695 0.041780
v 0.049522 0.314409 0.043285
v 0.012547 0.334978 0.037295
v 0.012635 0.334361 0.039461
v 0.037256 0.322435 -0.068847
v 0.037604 0.318815 -0.062148
v 0.021058 0.318045 -0.064318
v 0.021733 0.321926 -0.071677
v 0.018760 0.288034 0.024823
v 0.018072 0.291784 0.024071
v 0.019513 0.291890 0.024360
v 0.020168 0.288264 0.025160
v 0.024741 0.334573 0.000239
v 0.039541 0.330196 -0.001897
v 0.038096 0.328868 0.000581
v 0.060942 0.333029 -0.005107
v 0.057097 0.335531 -0.000245
v 0.029867 0.331146 -0.008504
v 0.028292 0.330560 -0.017405
v 0.042176 0.323601 -0.019743
v 0.040889 0.323781 -0.019235
v 0.039821 0.325148 -0.020860
v 0.040561 0.324959 -0.022972
v 0.014291 0.291641 0.027215
v 0.014833 0.288112 0.028049
v 0.013497 0.299272 0.025608
v 0.012909 0.304170 0.024660
v 0.015366 0.306215 0.020205
v 0.016347 0.300685 0.021836
v -0.000484 0.278519 0.055234
v -0.002049 0.275763 0.061752
v -0.000572 0.272982 0.062186
v 0.000383 0.276422 0.055635
v 0.013900 0.295187 0.026465
v 0.012402 0.294381 0.029741
v 0.012266 0.298076 0.028869
v 0.011599 0.297214 0.031139
v 0.011632 0.293910 0.031866
v 0.011205 0.295962 0.033374
v 0.011183 0.293033 0.033959
v 0.011007 0.294447 0.035272
v 0.010967 0.292299 0.035786
v 0.010215 0.287445 0.038507
v 0.010895 0.285518 0.041973
v 0.010800 0.288867 0.041415
v 0.010701 0.290434 0.037765
v 0.012569 0.282522 0.045757
v 0.012085 0.286139 0.045314
v 0.012061 0.311022 0.023129
v 0.013789 0.314389 0.017672
v 0.009294 0.316336 0.022259
v 0.011534 0.319646 0.016050
v 0.061703 0.327529 -0.002488
v 0.031194 0.329524 -0.000935
v 0.034107 0.330959 -0.003750
v 0.021457 0.329113 0.003578
v 0.022877 0.326339 0.004650
v 0.006921 0.243226 0.062312
v 0.007886 0.246072 0.060817
v 0.008252 0.240755 0.063483
v 0.001181 0.272757 0.042576
v 0.003642 0.272500 0.043377
v 0.007352 0.283854 0.034747
v 0.003504 0.284856 0.033332
v 0.003264 0.286770 0.033098
v 0.011833 0.269828 0.044494
v 0.008045 0.271975 0.044208
v 0.007568 0.274015 0.042539
v 0.011274 0.272637 0.042576
v 0.013157 0.248440 0.057440
v 0.012208 0.247922 0.058148
v 0.014999 0.282737 0.034341
v 0.015220 0.283685 0.032981
v 0.020769 0.280035 0.029032
v 0.028186 0.331484 -0.017768
v 0.028509 0.331296 -0.018118
v 0.020665 0.291928 0.026005
v 0.021689 0.288329 0.026680
v 0.019464 0.331432 0.002323
v 0.013639 0.334311 0.001174
v 0.018893 0.332958 0.002614
v 0.028664 0.318748 0.022494
v 0.027571 0.319186 0.019366
v 0.032542 0.321197 0.016226
v 0.034410 0.320046 0.019431
v 0.037590 0.326295 -0.022271
v 0.032829 0.325175 -0.023886
v 0.032022 0.324851 -0.026191
v 0.026355 0.286756 0.027235
v 0.024256 0.284614 0.026529
v 0.022785 0.285875 0.026856
v 0.022901 0.293281 0.027237
v 0.024945 0.289365 0.027373
v 0.018535 0.302733 0.022109
v 0.017715 0.309180 0.019216
v 0.017449 0.311794 0.019437
v 0.018678 0.304792 0.023432
v 0.009309 0.327808 0.009699
v 0.015704 0.321833 0.013588
v 0.015429 0.320084 0.014479
v 0.009220 0.326100 0.011792
v 0.016966 0.317838 0.016442
v 0.016776 0.316010 0.016864
v 0.016868 0.314372 0.016786
v 0.015584 0.314455 0.016643
v 0.013112 0.319150 0.014873
v 0.019569 0.296777 0.024459
v 0.020768 0.298116 0.026182
v 0.025077 0.283906 0.026229
v 0.028891 0.282327 0.026830
v 0.025763 0.283105 0.026067
v 0.016155 0.317273 0.015646
v 0.022838 0.281173 0.026984
v 0.057305 0.331067 -0.014120
v 0.057319 0.329564 -0.012892
v 0.052814 0.331982 -0.012658
v 0.053329 0.333007 -0.013745
v 0.057538 0.331623 -0.015404
v 0.053011 0.333671 -0.014743
v 0.057802 0.331140 -0.016734
v 0.053883 0.332962 -0.015982
v 0.030335 0.283998 0.034849
v 0.029499 0.288420 0.034511
v 0.031979 0.286818 0.036987
v 0.031985 0.281870 0.037221
v 0.058053 0.327964 -0.016000
v 0.053505 0.330737 -0.015235
v 0.005536 0.424588 -0.087579
v 0.007955 0.414971 -0.097881
v -0.000658 0.414658 -0.098946
v -0.001522 0.424605 -0.087909
v -0.000409 0.357900 0.063928
v -0.006215 0.357864 0.064150
v -0.006083 0.351701 0.065849
v -0.001784 0.351654 0.065806
v -0.002688 0.346495 0.067058
v 0.004580 0.347102 0.066226
v 0.002695 0.351124 0.065510
v 0.057260 0.300404 0.035384
v 0.055011 0.304090 0.041176
v 0.058657 0.306860 0.037974
v 0.061531 0.309019 0.032980
v -0.000649 0.401821 0.045510
v 0.006353 0.402146 0.044490
v 0.004427 0.411710 0.036637
v -0.001305 0.411934 0.037009
v 0.010729 0.411206 0.036080
v 0.013633 0.402350 0.042962
v -0.005866 0.424620 0.020098
v -0.006040 0.419091 0.028712
v -0.001525 0.419153 0.028761
v -0.001384 0.424570 0.020354
v -0.000834 0.429077 0.010940
v -0.005642 0.429225 0.010586
v -0.005435 0.432327 0.002728
v -0.000010 0.432116 0.003167
v 0.046155 0.325688 0.011069
v 0.047122 0.329069 0.012189
v 0.039929 0.324279 0.022469
v 0.036900 0.321153 0.021489
v 0.044304 0.324699 0.010004
v -0.005231 0.434628 -0.004355
v 0.000801 0.434421 -0.004068
v 0.001475 0.436479 -0.011328
v -0.005011 0.436671 -0.011416
v 0.002020 0.437829 -0.016736
v -0.004827 0.438091 -0.016945
v 0.002745 0.438830 -0.023902
v -0.004580 0.439120 -0.024115
v 0.003544 0.439169 -0.031522
v -0.004311 0.439495 -0.031507
v 0.070887 0.340067 -0.020688
v 0.068984 0.334528 -0.016003
v 0.072531 0.334505 -0.026368
v 0.073682 0.338558 -0.029219
v 0.076481 0.346058 -0.034171
v 0.077739 0.346467 -0.044351
v 0.078571 0.358013 -0.047405
v 0.077473 0.357967 -0.036310
v 0.012355 0.288707 0.031365
v 0.012404 0.291536 0.030511
v 0.037486 0.318026 -0.053572
v 0.020672 0.316791 -0.056308
v 0.004107 0.436739 -0.057242
v 0.004141 0.434455 -0.067975
v -0.002716 0.434795 -0.067653
v -0.003246 0.437030 -0.056705
v 0.004387 0.430754 -0.077534
v -0.002178 0.430893 -0.077534
v 0.020565 0.402608 0.040623
v 0.016084 0.410174 0.035645
v 0.017775 0.392418 0.048189
v 0.025674 0.392070 0.045375
v -0.006209 0.411832 0.037142
v -0.006349 0.401705 0.045818
v 0.041657 0.323116 -0.016073
v 0.040245 0.323871 -0.016552
v 0.010544 0.417097 0.029774
v 0.003843 0.418625 0.029016
v 0.003954 0.423747 0.021280
v 0.005082 0.428114 0.012135
v 0.012274 0.421050 0.023554
v 0.016269 0.424184 0.016289
v 0.006635 0.253411 0.057324
v 0.008776 0.252278 0.057496
v 0.007718 0.250554 0.058621
v 0.006148 0.251680 0.058315
v 0.018951 0.412467 0.032457
v 0.027385 0.403058 0.036869
v 0.023521 0.414548 0.027667
v 0.028982 0.417204 0.021308
v 0.033551 0.403882 0.031923
v 0.040143 0.405379 0.025507
v 0.019795 0.427543 0.008255
v 0.006863 0.430851 0.004706
v 0.034827 0.420338 0.012865
v 0.009360 0.433083 -0.002829
v 0.011693 0.434947 -0.010641
v 0.012757 0.436206 -0.016306
v 0.026547 0.431777 -0.009265
v 0.028004 0.432922 -0.015759
v 0.042341 0.324777 0.007347
v 0.039084 0.325927 0.005251
v 0.031110 0.322958 0.012747
v 0.035933 0.327858 0.003188
v 0.029206 0.324387 0.010190
v 0.046512 0.332905 0.022233
v 0.043027 0.328018 0.022961
v 0.048873 0.331775 0.012874
v 0.051714 0.335043 0.012275
v 0.010868 0.322659 -0.031777
v 0.020532 0.323203 -0.029598
v 0.066297 0.327216 -0.004319
v 0.066959 0.328966 -0.006974
v 0.058105 0.324257 -0.014431
v 0.053821 0.327532 -0.013902
v 0.056565 0.324332 -0.012994
v 0.054037 0.326578 -0.012815
v 0.057316 0.326866 -0.012248
v 0.053143 0.329609 -0.012116
v 0.057357 0.328133 -0.012410
v 0.052892 0.330803 -0.012248
v 0.044989 0.327535 -0.015049
v 0.043368 0.326464 -0.014543
v 0.043560 0.326725 -0.016249
v 0.044429 0.328020 -0.016607
v 0.042132 0.327602 -0.010803
v 0.043782 0.328214 -0.012180
v 0.041953 0.327496 -0.009340
v 0.042816 0.327844 -0.010043
v 0.045112 0.326480 -0.018273
v 0.047774 0.324720 -0.016322
v 0.041292 0.326235 -0.015300
v 0.038825 0.330054 -0.013546
v 0.045590 0.326020 -0.011772
v 0.040862 0.328320 -0.010224
v 0.043746 0.325733 -0.008787
v 0.041626 0.326110 -0.007437
v 0.013097 0.335654 0.046448
v 0.013526 0.331722 0.046359
v 0.011725 0.338585 0.039157
v 0.062492 0.329326 -0.004281
v 0.063044 0.318057 -0.015988
v 0.061098 0.316985 -0.013225
v 0.057149 0.318474 -0.014191
v 0.063691 0.317269 -0.017662
v 0.064287 0.327997 -0.003255
v 0.064566 0.329316 -0.004963
v 0.050474 0.324200 -0.010072
v 0.053748 0.321453 -0.011499
v 0.057179 0.318852 -0.010862
v 0.050601 0.325030 -0.009547
v 0.007010 0.255582 0.056086
v 0.003832 0.256345 0.056035
v 0.003841 0.259073 0.054568
v 0.007319 0.257827 0.054787
v 0.000803 0.256613 0.056067
v -0.001380 0.256555 0.056067
v -0.001399 0.259316 0.054228
v 0.000747 0.259431 0.054351
v 0.009706 0.254066 0.056248
v 0.010578 0.255877 0.054920
v 0.009645 0.247567 0.059565
v 0.010662 0.250106 0.057869
v 0.003923 0.262187 0.052580
v 0.007710 0.260554 0.053052
v -0.001388 0.262313 0.051894
v 0.000751 0.262531 0.052110
v 0.011502 0.246283 0.059367
v 0.015304 0.266353 0.043616
v 0.015216 0.268882 0.041743
v 0.015615 0.282526 0.031645
v 0.020770 0.281020 0.028218
v 0.004048 0.266127 0.049533
v 0.008350 0.264136 0.050460
v 0.003817 0.253832 0.057384
v 0.003783 0.251914 0.058434
v 0.003504 0.301364 0.070002
v 0.001541 0.303688 0.072697
v 0.001374 0.303140 0.072375
v 0.003304 0.300783 0.069744
v 0.031514 0.263067 0.049348
v 0.031270 0.264892 0.049814
v 0.030214 0.266621 0.050891
v 0.030225 0.261905 0.050677
v 0.033224 0.265132 0.048217
v 0.032541 0.266772 0.049125
v 0.030737 0.276515 0.051418
v 0.032729 0.271005 0.049986
v 0.034128 0.272424 0.049682
v 0.032658 0.278623 0.051340
v 0.040507 0.290639 0.055984
v 0.038120 0.281487 0.052846
v 0.043102 0.281031 0.052332
v 0.045239 0.290471 0.054303
v 0.041583 0.295416 0.057685
v 0.046418 0.296624 0.055523
v 0.035205 0.295439 0.059529
v 0.041124 0.297194 0.057057
v 0.035124 0.296924 0.059085
v 0.029708 0.286140 0.054140
v 0.027760 0.285936 0.053571
v 0.033694 0.269813 0.048372
v 0.035442 0.271921 0.048833
v 0.037987 0.270317 0.048316
v 0.040990 0.271483 0.047985
v 0.041702 0.272106 0.049330
v 0.038371 0.271651 0.049477
v 0.038699 0.273211 0.050519
v 0.042498 0.273527 0.050341
v 0.045769 0.298390 0.055086
v 0.041832 0.309153 0.038751
v 0.033102 0.313736 0.035376
v 0.035314 0.316786 0.034284
v 0.043254 0.313012 0.038315
v 0.033687 0.292363 0.057731
v 0.027656 0.297498 0.060696
v 0.026336 0.294402 0.059682
v 0.051558 0.305992 0.049659
v 0.052700 0.304256 0.049346
v 0.055105 0.310777 0.045939
v 0.056970 0.300464 0.044881
v 0.053473 0.293975 0.048948
v 0.053301 0.283407 0.047922
v 0.057015 0.288863 0.042880
v 0.047629 0.281154 0.051357
v 0.046011 0.273789 0.049666
v 0.050859 0.275010 0.046996
v 0.044968 0.272617 0.048692
v 0.050056 0.273676 0.046431
v 0.021828 0.300510 0.060994
v 0.020172 0.296865 0.060600
v 0.061499 0.301181 0.040151
v 0.058928 0.305443 0.042599
v 0.049791 0.351777 0.036231
v 0.053550 0.360538 0.032545
v 0.054424 0.361688 0.033351
v 0.051180 0.351206 0.038612
v 0.053727 0.276600 0.041622
v 0.054469 0.278214 0.042110
v 0.063868 0.305485 0.034593
v 0.062069 0.294739 0.036067
v 0.058078 0.327087 0.043544
v 0.054059 0.324286 0.046648
v 0.055143 0.317863 0.045694
v 0.058650 0.319661 0.041686
v -0.004564 0.323389 0.012766
v -0.004485 0.325320 0.009777
v 0.002091 0.327096 0.009744
v 0.001964 0.325954 0.012206
v 0.023190 0.343485 0.062895
v 0.023185 0.343731 0.064979
v 0.015505 0.343454 0.065299
v 0.016195 0.342832 0.063136
v 0.009664 0.329529 0.007576
v 0.002422 0.328574 0.007211
v 0.005013 0.327924 0.005979
v 0.009629 0.333161 0.003673
v 0.044322 0.317276 0.041836
v 0.047022 0.315772 0.042381
v 0.047614 0.321815 0.040855
v 0.044909 0.322839 0.040454
v 0.055182 0.335385 0.048705
v 0.052157 0.333880 0.049622
v 0.047980 0.339902 0.053979
v 0.047587 0.338106 0.054322
v 0.039334 0.342656 0.059385
v 0.039460 0.341022 0.059830
v -0.039185 0.346416 0.060661
v -0.039385 0.344116 0.061790
v -0.039092 0.344223 0.061672
v -0.038899 0.346270 0.060639
v -0.037063 0.346712 0.061291
v -0.036888 0.346903 0.061446
v 0.031113 0.342365 0.061291
v 0.038789 0.340394 0.058517
v 0.031780 0.342743 0.062964
v 0.046776 0.337095 0.053468
v 0.050140 0.333429 0.049146
v 0.051857 0.324629 0.045920
v 0.060311 0.305951 0.038657
v 0.056863 0.310051 0.039286
v 0.059345 0.307710 0.040475
v 0.056041 0.370032 0.032137
v 0.053365 0.368636 0.036468
v 0.055067 0.365323 0.035015
v 0.055810 0.365380 0.033023
v 0.055754 0.362755 0.024057
v 0.057957 0.369215 0.026539
v 0.055941 0.364809 0.030839
v 0.054754 0.361778 0.029541
v 0.031813 0.262840 0.039174
v 0.031956 0.264519 0.037843
v 0.032181 0.266679 0.038685
v 0.032323 0.264719 0.040215
v 0.031867 0.271889 0.035074
v 0.031647 0.274980 0.032691
v 0.031795 0.274262 0.036170
v 0.031309 0.277147 0.033504
v 0.030758 0.279669 0.034440
v 0.031783 0.277264 0.036972
v 0.033984 0.269267 0.047282
v 0.034894 0.268521 0.045827
v 0.037018 0.271501 0.045804
v 0.036202 0.273664 0.043854
v 0.034422 0.270087 0.043551
v 0.033783 0.272142 0.041582
v 0.034954 0.276266 0.042082
v 0.039705 0.273494 0.045393
v 0.020158 0.267940 0.036786
v 0.015369 0.271914 0.039465
v 0.015242 0.275845 0.037844
v 0.000777 0.241119 0.064534
v 0.012317 0.250854 0.056631
v 0.001328 0.245066 0.062540
v 0.000980 0.248169 0.061030
v 0.004080 0.248141 0.060426
v 0.004585 0.245584 0.061682
v 0.026560 0.269438 0.053530
v 0.024713 0.268443 0.055254
v 0.026350 0.261034 0.054756
v 0.027540 0.261524 0.053291
v 0.028142 0.269534 0.052286
v 0.028544 0.261708 0.052029
v 0.037052 0.280115 0.042300
v 0.038371 0.276600 0.043781
v 0.015596 0.263749 0.045920
v 0.000228 0.285558 0.041244
v 0.000202 0.283627 0.045048
v 0.001147 0.282061 0.045193
v 0.001190 0.284153 0.041428
v 0.035201 0.289663 0.039426
v 0.031748 0.291668 0.036373
v 0.030672 0.296451 0.035624
v 0.036091 0.298882 0.038811
v 0.044625 0.295247 0.041551
v 0.040477 0.285043 0.042266
v 0.042641 0.275000 0.044940
v 0.041309 0.278790 0.043964
v 0.045693 0.278098 0.043772
v 0.047369 0.275349 0.044033
v 0.049006 0.273206 0.045568
v 0.044052 0.272364 0.047372
v 0.052086 0.291565 0.040747
v 0.048226 0.281741 0.042749
v 0.048424 0.306164 0.040939
v 0.010296 0.285901 0.062339
v 0.011523 0.286347 0.061971
v 0.007790 0.293534 0.064074
v 0.007168 0.292898 0.064353
v 0.001714 0.304861 0.072513
v -0.001243 0.306090 0.075538
v -0.001220 0.305025 0.075754
v 0.054449 0.291283 0.034333
v 0.049846 0.278616 0.040982
v 0.014971 0.278680 0.061458
v 0.012653 0.282256 0.061900
v 0.011893 0.282495 0.061718
v 0.013863 0.279322 0.061305
v 0.000081 0.281831 0.048547
v 0.000958 0.280174 0.048643
v 0.028591 0.300889 0.034651
v 0.030111 0.306231 0.035790
v 0.055788 0.317508 0.040784
v 0.050367 0.318179 0.039741
v 0.051119 0.329586 0.039876
v 0.055768 0.329044 0.039667
v 0.050529 0.341598 0.040302
v 0.054338 0.341004 0.041058
v 0.058394 0.288650 0.034589
v 0.057618 0.287617 0.033993
v 0.060402 0.298287 0.028215
v 0.061606 0.299222 0.028939
v 0.066431 0.306782 0.026282
v 0.064416 0.302652 0.030328
v 0.064819 0.304167 0.025026
v 0.065105 0.309575 0.030563
v 0.068555 0.304967 0.021495
v 0.068727 0.307844 0.022436
v 0.068660 0.312205 0.019081
v 0.067835 0.311894 0.022945
v 0.069665 0.309056 0.018404
v 0.068501 0.315625 0.010738
v 0.069050 0.313644 0.014977
v 0.070072 0.310609 0.014163
v 0.069479 0.312723 0.010457
v 0.069882 0.306123 0.017759
v 0.068205 0.301910 0.020807
v 0.069654 0.303215 0.017436
v 0.070045 0.309542 0.009873
v 0.070404 0.307693 0.013674
v 0.069960 0.304847 0.013274
v 0.069545 0.305867 0.009611
v 0.068198 0.315666 0.001717
v 0.069464 0.311452 0.005780
v 0.069237 0.307192 0.005687
v 0.068024 0.311157 0.002246
v 0.056712 0.287710 0.033342
v 0.052623 0.276295 0.041139
v 0.057947 0.300578 0.028806
v 0.059459 0.298781 0.027732
v 0.061238 0.304212 0.025041
v 0.058795 0.302313 0.030151
v 0.062633 0.311043 0.029201
v 0.064052 0.312092 0.025316
v 0.065244 0.306220 0.020870
v 0.067166 0.302351 0.020398
v 0.062917 0.301777 0.023813
v 0.068404 0.305185 0.009853
v 0.069037 0.304583 0.013211
v 0.067506 0.307802 0.013628
v 0.066979 0.308171 0.010138
v 0.066577 0.310796 0.002604
v 0.067959 0.306547 0.005882
v 0.066445 0.309289 0.006023
v 0.065140 0.312651 0.002886
v 0.067080 0.307332 0.017391
v 0.065284 0.312742 0.022383
v 0.066094 0.313921 0.019701
v 0.066609 0.315093 0.015405
v 0.056256 0.338736 0.046759
v 0.058686 0.329009 0.041126
v 0.059281 0.321347 0.039489
v -0.037279 0.344680 0.062311
v -0.037144 0.344670 0.062581
v 0.049176 0.310378 0.040651
v 0.044356 0.315923 0.037723
v 0.049484 0.312813 0.040454
v 0.034421 0.326553 -0.018785
v 0.032182 0.327229 -0.020328
v 0.008365 0.327514 0.006388
v 0.059764 0.340164 -0.001474
v 0.054123 0.339948 0.011999
v 0.065530 0.314068 0.023208
v 0.066538 0.311615 0.026654
v 0.064530 0.313731 0.026632
v 0.063603 0.312126 0.030072
v 0.062781 0.309722 0.033262
v 0.063175 0.325222 -0.000159
v 0.065948 0.324517 -0.001235
v 0.067631 0.330970 -0.009965
v 0.064793 0.330300 -0.006522
v 0.063251 0.330917 -0.006171
v 0.065371 0.332618 -0.009184
v 0.064749 0.336293 -0.009975
v 0.067773 0.342439 -0.013071
v 0.061887 0.345000 -0.001393
v 0.066115 0.317187 0.010799
v 0.065017 0.319858 0.006316
v 0.005487 0.299039 0.067069
v 0.005185 0.298125 0.067317
v 0.009859 0.341603 0.064464
v 0.011490 0.340908 0.062296
v 0.064433 0.331952 -0.057217
v 0.058233 0.330792 -0.064081
v 0.059493 0.339930 -0.071368
v 0.065939 0.340845 -0.063250
v 0.015794 0.259862 0.048336
v 0.050191 0.329348 -0.070242
v 0.037342 0.328021 -0.075695
v 0.038009 0.337316 -0.084380
v 0.051049 0.338759 -0.078296
v 0.004913 0.297752 0.067011
v 0.012230 0.338142 0.036395
v 0.038084 0.318018 -0.038284
v 0.037722 0.317786 -0.045772
v 0.020500 0.318071 -0.047645
v 0.021006 0.319575 -0.039514
v 0.009705 0.318836 -0.040594
v 0.008930 0.317527 -0.046897
v 0.037112 0.325186 -0.009529
v 0.039168 0.323864 -0.013450
v 0.040483 0.323059 -0.012962
v 0.022016 0.326638 -0.078994
v 0.005613 0.324283 -0.080931
v 0.004695 0.333329 -0.090959
v 0.022613 0.335260 -0.088612
v 0.070790 0.340450 -0.054520
v 0.069254 0.331946 -0.049007
v 0.067874 0.320135 -0.025557
v 0.064406 0.316799 -0.020108
v 0.065053 0.316071 -0.033024
v 0.067417 0.319728 -0.038607
v 0.010601 0.288664 0.035318
v 0.011039 0.290854 0.034670
v 0.011558 0.291458 0.032509
v 0.011251 0.288958 0.033285
v 0.039100 0.319864 -0.030221
v 0.022071 0.321910 -0.031729
v 0.062207 0.313086 -0.022399
v 0.062656 0.314546 -0.029787
v 0.013410 0.252660 0.054840
v 0.017137 0.256886 0.048932
v 0.015081 0.279489 0.036314
v 0.052164 0.331840 -0.013397
v 0.029534 0.250767 0.050416
v 0.029346 0.249377 0.052397
v 0.027223 0.248441 0.054227
v 0.025292 0.246748 0.058440
v 0.023686 0.246067 0.059909
v 0.017513 0.243122 0.065524
v 0.015887 0.242530 0.066737
v 0.013254 0.242037 0.068071
v 0.010487 0.241603 0.068898
v 0.006880 0.241177 0.069799
v 0.019304 0.323393 0.011780
v 0.019951 0.319146 0.014904
v 0.023932 0.306244 0.022222
v 0.020842 0.314684 0.017903
v 0.024396 0.312056 0.018343
v 0.027483 0.305548 0.021057
v 0.032391 0.294121 0.023570
v 0.032922 0.292768 0.024105
v 0.031494 0.290421 0.025270
v 0.030983 0.292599 0.024819
v 0.029499 0.295830 0.024993
v 0.032207 0.296702 0.022769
v 0.031048 0.299716 0.022210
v 0.027472 0.299605 0.024561
v 0.010832 0.274481 0.041072
v 0.017247 0.295936 0.023142
v 0.023260 0.311123 0.050218
v 0.025502 0.308432 0.049842
v 0.025452 0.313857 0.044274
v 0.023475 0.315767 0.044307
v 0.010564 0.277449 0.039192
v 0.049018 0.317795 -0.050612
v 0.010605 0.280763 0.037266
v 0.010515 0.283701 0.035229
v 0.016310 0.256130 0.050120
v -0.001289 0.245788 0.062889
v -0.001332 0.248667 0.061353
v 0.006472 0.249085 0.059604
v 0.001578 0.326654 0.006817
v 0.032292 0.292120 0.025978
v 0.030951 0.289528 0.026702
v 0.029096 0.292849 0.028338
v 0.029059 0.289853 0.028501
v 0.027102 0.290289 0.030037
v 0.026126 0.293552 0.029959
v 0.027074 0.289808 0.031607
v 0.025933 0.293531 0.031541
v 0.028557 0.292808 0.033750
v 0.024432 0.300967 0.026978
v 0.030171 0.299709 0.024516
v 0.024590 0.306767 0.023114
v 0.020048 0.308367 0.025093
v 0.034566 0.283999 0.039758
v 0.033679 0.279061 0.039820
v 0.032954 0.274621 0.039383
v 0.032826 0.269223 0.040582
v 0.032475 0.271542 0.038550
v 0.032273 0.269028 0.037067
v 0.032369 0.266579 0.036288
v 0.000235 0.240433 0.070493
v -0.001460 0.240057 0.070449
v 0.026168 0.247933 0.055833
v 0.028316 0.286145 0.031388
v 0.001345 0.285490 0.032698
v 0.003189 0.281294 0.035836
v 0.001258 0.281309 0.035153
v 0.016319 0.254141 0.051728
v 0.030034 0.282287 0.028383
v 0.030619 0.280082 0.030579
v 0.031239 0.278050 0.030229
v 0.030568 0.280877 0.028084
v 0.026255 0.251549 0.055998
v 0.027546 0.252274 0.054622
v 0.031937 0.261507 0.040189
v 0.032409 0.259559 0.041935
v 0.032482 0.255545 0.045213
v 0.030614 0.252549 0.048475
v 0.057042 0.320803 -0.052370
v 0.063076 0.320033 -0.046362
v 0.057741 0.324962 -0.058655
v 0.063869 0.324918 -0.051793
v -0.001516 0.306642 0.069727
v -0.001337 0.304058 0.074986
v -0.004524 0.304092 0.075719
v -0.004617 0.306305 0.070013
v 0.022677 0.313093 0.020905
v 0.020074 0.314750 0.023016
v 0.003442 0.275988 0.040070
v 0.003210 0.278798 0.037808
v 0.006831 0.278654 0.039077
v 0.007248 0.275600 0.041299
v 0.029797 0.254033 0.050979
v 0.031091 0.255246 0.049230
v 0.006833 0.281360 0.037003
v 0.074009 0.349125 -0.058656
v 0.074977 0.338599 -0.039753
v 0.012471 0.266713 0.046779
v 0.008481 0.269585 0.046098
v 0.012621 0.263280 0.048837
v 0.008625 0.266777 0.048288
v 0.000862 0.250439 0.059767
v 0.000841 0.252118 0.058761
v 0.003803 0.250206 0.059360
v -0.001349 0.250888 0.059913
v -0.001354 0.252297 0.058920
v 0.001034 0.287705 0.032303
v 0.003520 0.274171 0.041695
v 0.001246 0.278830 0.036977
v 0.001284 0.276080 0.039204
v -0.002062 0.253787 0.069850
v -0.001698 0.245421 0.070458
v 0.000245 0.245545 0.070624
v 0.000061 0.254308 0.069781
v 0.003260 0.245896 0.070530
v 0.002571 0.255374 0.069191
v 0.006375 0.246398 0.069611
v 0.004867 0.256209 0.068329
v 0.007487 0.256733 0.067346
v 0.009695 0.246400 0.068540
v 0.009989 0.257075 0.066518
v 0.012534 0.246481 0.067568
v 0.012483 0.257350 0.065640
v 0.015296 0.246638 0.066389
v 0.016947 0.247124 0.065210
v 0.014551 0.257552 0.064638
v 0.018447 0.247719 0.064025
v 0.016209 0.257620 0.063706
v 0.020260 0.248333 0.062626
v 0.018257 0.257780 0.062386
v 0.023194 0.249722 0.059910
v 0.020878 0.258691 0.060275
v 0.024829 0.250338 0.058419
v 0.022722 0.259435 0.058637
v -0.004595 0.305963 0.076212
v -0.001446 0.310622 0.073264
v -0.004774 0.310524 0.073755
v 0.024857 0.260570 0.056305
v 0.029203 0.253027 0.052773
v 0.029865 0.282318 0.030970
v 0.032390 0.257944 0.046270
v 0.032757 0.261128 0.043441
v 0.033702 0.265636 0.045117
v 0.032596 0.262814 0.041532
v 0.033362 0.267366 0.042597
v 0.024372 0.328067 0.006487
v 0.027351 0.329153 0.001213
v 0.001236 0.274351 0.040852
v 0.075043 0.359474 -0.061827
v 0.051697 0.316321 -0.024883
v 0.047763 0.317042 -0.027626
v 0.002916 0.286939 0.034951
v 0.005908 0.285529 0.035600
v 0.005661 0.250425 0.059040
v 0.008800 0.278676 0.046051
v 0.008123 0.276363 0.049541
v 0.011492 0.277368 0.049785
v 0.011820 0.280196 0.046021
v 0.012928 0.279454 0.049644
v 0.013032 0.283386 0.049201
v 0.012604 0.277253 0.053519
v 0.013219 0.281184 0.053131
v 0.012725 0.278115 0.057427
v 0.014308 0.272427 0.061587
v 0.013111 0.264237 0.063802
v 0.014939 0.264544 0.063252
v 0.019302 0.243740 0.064411
v 0.020462 0.266104 0.059327
v 0.018664 0.265131 0.061037
v 0.021137 0.244422 0.062984
v 0.002291 0.309056 0.070802
v 0.006870 0.301856 0.065693
v 0.004812 0.306378 0.068050
v 0.003733 0.302666 0.069767
v 0.023432 0.267624 0.056464
v 0.025368 0.286576 0.054477
v 0.019154 0.286341 0.057114
v 0.019552 0.276702 0.056446
v 0.022590 0.277034 0.053889
v 0.004561 0.268331 0.062313
v 0.002090 0.268773 0.063312
v 0.003482 0.263247 0.066302
v 0.005862 0.263525 0.065341
v 0.008565 0.263755 0.064695
v 0.007394 0.268619 0.061794
v 0.000731 0.268587 0.064580
v 0.001774 0.262882 0.067084
v 0.003488 0.240669 0.070783
v -0.000289 0.261852 0.068260
v -0.001184 0.241283 0.064595
v 0.024578 0.297213 0.031361
v 0.027239 0.296924 0.033194
v -0.000784 0.285978 0.032217
v -0.001093 0.289204 0.031532
v -0.000699 0.281313 0.034587
v 0.000300 0.287423 0.037650
v 0.001328 0.286144 0.037881
v 0.056605 0.345255 0.011912
v 0.058418 0.353042 0.012081
v 0.054884 0.352629 0.022493
v 0.052742 0.344527 0.021991
v 0.026932 0.319682 0.016524
v 0.049469 0.301059 0.052701
v 0.045414 0.303052 0.048819
v 0.042831 0.300842 0.050629
v 0.000223 0.289103 0.034181
v 0.001388 0.287785 0.034587
v 0.034740 0.320651 0.027926
v 0.031080 0.319337 0.025337
v 0.058971 0.363151 0.012712
v 0.008177 0.293615 0.056991
v 0.008519 0.290051 0.059605
v 0.006430 0.294861 0.061205
v 0.006507 0.297670 0.057704
v -0.001160 0.271471 0.043467
v 0.050229 0.299402 0.052837
v 0.022551 0.302216 0.031049
v 0.025692 0.301805 0.032885
v 0.000618 0.304673 0.068603
v 0.001211 0.302613 0.071893
v 0.012209 0.284120 0.033220
v 0.029458 0.283688 0.029030
v -0.003702 0.310742 0.025697
v -0.002760 0.311866 0.026601
v -0.002547 0.308714 0.028755
v -0.003442 0.308421 0.026829
v -0.001047 0.315938 0.027478
v -0.001293 0.314951 0.029662
v -0.000409 0.324099 0.030731
v -0.000553 0.325180 0.027332
v 0.003799 0.325621 0.027527
v 0.003677 0.323469 0.031033
v 0.006821 0.316879 0.028368
v 0.006975 0.316170 0.031490
v 0.008196 0.310462 0.032097
v 0.008455 0.311931 0.029059
v 0.010402 0.305456 0.032619
v 0.010674 0.307107 0.029675
v 0.011001 0.300022 0.033074
v 0.011333 0.301666 0.030450
v -0.002662 0.267644 0.067384
v -0.001057 0.268309 0.066204
v -0.001600 0.271707 0.064339
v -0.002788 0.271573 0.065152
v 0.000425 0.309740 0.054364
v 0.003452 0.306997 0.055248
v 0.002284 0.304639 0.064396
v -0.000769 0.309028 0.063980
v -0.003937 0.307191 0.064542
v -0.001988 0.306523 0.054071
v 0.001644 0.274418 0.056122
v 0.001902 0.276826 0.052129
v 0.000796 0.278387 0.051958
v 0.002130 0.278776 0.048729
v 0.002419 0.280781 0.045309
v 0.002440 0.283092 0.041556
v 0.002657 0.285277 0.038028
v 0.005253 0.283962 0.038345
v 0.005033 0.281461 0.041851
v 0.009718 0.286773 0.035854
v 0.010575 0.286940 0.033943
v 0.008199 0.285689 0.035917
v -0.000636 0.271209 0.063867
v 0.005315 0.278741 0.045611
v 0.004260 0.274375 0.052572
v 0.004745 0.276615 0.048999
v 0.048652 0.291263 0.052625
v 0.073210 0.331369 -0.034222
v 0.010793 0.296762 0.036330
v 0.009379 0.285504 0.038786
v 0.012156 0.286276 0.032104
v 0.027765 0.296290 0.027931
v 0.032479 0.295484 0.025170
v 0.020850 0.285475 0.025816
v 0.077068 0.372231 -0.048541
v 0.073332 0.373275 -0.064161
v 0.028347 0.290706 0.026339
v 0.029286 0.288377 0.026336
v 0.018664 0.296345 0.023132
v 0.055183 0.314795 -0.021262
v 0.023399 0.299061 0.026326
v 0.026079 0.294489 0.026716
v 0.033481 0.295823 0.022846
v -0.000048 0.280191 0.051814
v 0.048618 0.322864 -0.010684
v 0.045975 0.324931 -0.008648
v 0.016866 0.307606 0.019258
v 0.017763 0.301595 0.021386
v 0.029138 0.316704 0.041165
v 0.026702 0.318273 0.040720
v 0.028024 0.312020 0.044326
v 0.026089 0.319896 0.014254
v 0.023869 0.315834 0.019331
v 0.024863 0.315004 0.017553
v 0.074591 0.385932 -0.048060
v 0.070058 0.386685 -0.065224
v 0.064117 0.398897 -0.065092
v 0.068981 0.399531 -0.047731
v 0.028094 0.333389 -0.004392
v 0.029484 0.318156 0.030912
v 0.039491 0.320546 0.031175
v 0.024330 0.315859 0.015763
v 0.016209 0.330239 0.006428
v 0.008768 0.304197 0.064293
v 0.012811 0.298491 0.062419
v 0.015148 0.301253 0.061676
v 0.011103 0.305994 0.062913
v 0.010426 0.344599 0.053133
v 0.015015 0.346553 0.053996
v 0.014870 0.307900 0.060208
v 0.012294 0.311330 0.060329
v 0.010599 0.310945 0.062268
v 0.013286 0.307258 0.061662
v 0.008211 0.310284 0.064060
v 0.006206 0.308965 0.065992
v 0.008040 0.337715 0.061148
v 0.006485 0.341373 0.052097
v 0.010323 0.314986 0.060376
v 0.008557 0.315110 0.062395
v 0.006304 0.314966 0.064344
v 0.002968 0.314110 0.067833
v 0.014261 0.288132 0.061342
v 0.018313 0.292968 0.060756
v 0.009780 0.295476 0.063344
v 0.046676 0.321315 -0.020997
v 0.031907 0.304858 0.047899
v 0.032590 0.301037 0.051559
v 0.037545 0.301622 0.049335
v 0.036226 0.305454 0.046112
v 0.040805 0.303434 0.047741
v 0.038703 0.306817 0.045050
v 0.006518 0.326635 0.060037
v 0.006661 0.331506 0.060658
v 0.004980 0.330825 0.062682
v 0.005018 0.325914 0.062020
v 0.001977 0.331289 0.064139
v 0.002432 0.325300 0.063602
v -0.000232 0.339827 0.066909
v -0.003396 0.340474 0.066965
v -0.000599 0.332861 0.065073
v -0.003230 0.334179 0.065190
v -0.002786 0.327562 0.065233
v 0.000049 0.325961 0.064824
v 0.006330 0.320553 0.062083
v 0.008225 0.320794 0.060098
v 0.003953 0.320125 0.064013
v 0.001496 0.319558 0.066083
v -0.002043 0.321077 0.067012
v 0.008780 0.287261 0.061658
v 0.009549 0.286286 0.062200
v 0.006743 0.292798 0.064139
v 0.006375 0.293046 0.063498
v 0.004676 0.297443 0.066496
v 0.003067 0.300434 0.069261
v 0.055047 0.361857 0.034635
v -0.001298 0.304706 0.075428
v -0.004545 0.304635 0.076178
v 0.017876 0.272906 0.060622
v 0.016682 0.271863 0.061505
v 0.015562 0.272052 0.061659
v 0.012653 0.280217 0.061019
v 0.010945 0.284481 0.057585
v 0.004581 0.299559 0.062119
v 0.005561 0.302600 0.055906
v 0.010813 0.288218 0.052788
v 0.008894 0.296462 0.052811
v 0.007625 0.300614 0.052899
v 0.006090 0.304422 0.052544
v 0.003656 0.308414 0.051616
v 0.000798 0.310630 0.050559
v 0.006706 0.311613 0.039047
v 0.004237 0.314850 0.038540
v 0.004318 0.318056 0.034530
v 0.007063 0.314143 0.035007
v 0.008216 0.308960 0.035524
v 0.008258 0.306942 0.039463
v 0.010030 0.303609 0.035905
v 0.009735 0.301668 0.039766
v 0.010486 0.295050 0.040303
v 0.010266 0.283311 0.042233
v 0.007606 0.284232 0.038727
v 0.007985 0.281644 0.042248
v -0.000682 0.292121 0.036728
v -0.000719 0.290327 0.040512
v -0.001731 0.300837 0.031094
v -0.002591 0.301784 0.028834
v -0.003740 0.290153 0.061749
v -0.004289 0.299688 0.063851
v -0.004931 0.300339 0.061955
v -0.004318 0.290687 0.060215
v -0.001867 0.292423 0.054310
v -0.001732 0.293405 0.051101
v -0.002276 0.301612 0.050230
v -0.002401 0.300790 0.053851
v -0.002370 0.307093 0.032990
v -0.001260 0.313284 0.033079
v -0.001220 0.311718 0.037064
v -0.002389 0.305624 0.037217
v 0.000715 0.318540 0.034043
v 0.001296 0.315497 0.037938
v 0.003987 0.312535 0.042877
v 0.006397 0.309080 0.043476
v 0.008224 0.304803 0.043835
v 0.009515 0.299734 0.044078
v 0.010552 0.292856 0.044523
v 0.004137 0.271572 0.056892
v -0.000720 0.288533 0.044529
v -0.002619 0.281921 0.060276
v -0.001188 0.284043 0.054797
v -0.003684 0.300443 0.061978
v -0.000799 0.293813 0.033130
v -0.001807 0.294524 0.031028
v -0.000879 0.285440 0.051558
v -0.001221 0.310190 0.041476
v -0.002361 0.304112 0.041841
v 0.001248 0.313848 0.042162
v 0.008029 0.302684 0.048476
v 0.009324 0.298043 0.048500
v 0.008896 0.313562 0.026042
v 0.011514 0.308578 0.026981
v -0.003157 0.290784 0.060237
v 0.061547 0.372022 0.013024
v 0.011902 0.302823 0.027971
v -0.003856 0.312516 0.024421
v -0.002756 0.313865 0.024978
v -0.000660 0.316918 0.025434
v -0.000159 0.325624 0.023646
v 0.004102 0.327507 0.023140
v 0.006962 0.318047 0.025313
v 0.003772 0.310394 0.047400
v 0.006225 0.306682 0.048161
v 0.001022 0.312176 0.046588
v -0.001316 0.307267 0.050108
v -0.001251 0.308602 0.046101
v -0.002333 0.302707 0.046407
v -0.003788 0.281824 0.060254
v -0.003227 0.281532 0.061491
v -0.000807 0.286881 0.048242
v 0.032572 0.341059 0.037944
v 0.032803 0.337116 0.037429
v 0.034266 0.335218 0.037857
v 0.035373 0.336532 0.038267
v 0.007561 0.273626 0.053233
v 0.010707 0.274819 0.053615
v 0.010839 0.290778 0.048582
v -0.001725 0.294497 0.047611
v -0.001666 0.295916 0.043451
v -0.001661 0.299186 0.034935
v 0.027033 0.339867 0.036554
v 0.026354 0.339140 0.036335
v 0.027238 0.336750 0.036904
v 0.027940 0.336984 0.036937
v 0.054250 0.412068 -0.063701
v 0.059231 0.413654 -0.047140
v -0.001690 0.297543 0.039038
v 0.027589 0.333735 0.037355
v 0.029468 0.333393 0.037320
v 0.029212 0.337474 0.036955
v 0.007088 0.318706 0.023167
v 0.004120 0.326530 0.021882
v 0.064335 0.329041 -0.019584
v 0.064468 0.323860 -0.018497
v 0.065887 0.322555 -0.019893
v 0.066082 0.328241 -0.021328
v 0.015146 0.326755 0.047285
v 0.033714 0.327602 -0.013240
v 0.035738 0.325897 -0.017709
v 0.027083 0.335555 -0.004621
v 0.038161 0.325567 -0.020540
v 0.064833 0.383082 0.011312
v 0.059488 0.382064 0.022945
v 0.054703 0.393382 0.019902
v 0.061577 0.395686 0.008940
v 0.037943 0.329662 -0.011121
v 0.067828 0.327114 -0.024155
v 0.069956 0.330937 -0.022885
v 0.066658 0.330963 -0.020247
v 0.031554 0.313828 0.042825
v 0.031353 0.310804 0.044227
v -0.003942 0.325700 0.008354
v -0.001561 0.324250 0.008254
v 0.008345 0.324020 0.014744
v 0.007962 0.321199 0.018968
v -0.000407 0.321927 0.018873
v 0.001720 0.324065 0.015367
v 0.042814 0.312267 0.043082
v 0.040542 0.308969 0.044083
v 0.042982 0.305594 0.046342
v 0.045240 0.309186 0.044659
v 0.005007 0.319439 0.021458
v 0.002937 0.325141 0.021040
v 0.001619 0.324548 0.021284
v 0.001617 0.319687 0.021632
v 0.058143 0.316409 -0.016150
v 0.059945 0.313492 -0.018651
v 0.017410 0.321600 0.048154
v 0.019641 0.317158 0.049236
v 0.019900 0.320416 0.042596
v 0.057021 0.326345 -0.004379
v 0.051159 0.331364 -0.006361
v 0.052861 0.330957 -0.006961
v 0.057747 0.327181 -0.005592
v 0.058158 0.329688 -0.009143
v 0.059481 0.326970 -0.009587
v 0.061770 0.324963 -0.010712
v 0.062604 0.328418 -0.011760
v 0.058347 0.327600 -0.006364
v 0.054547 0.330526 -0.007542
v 0.060311 0.321939 -0.009794
v 0.060605 0.322521 -0.011034
v 0.061774 0.324806 -0.011394
v 0.061948 0.325600 -0.017041
v 0.061730 0.329661 -0.017986
v 0.049833 0.327212 -0.008682
v 0.056294 0.323620 -0.009226
v 0.038935 0.331667 -0.010148
v 0.037819 0.334468 -0.009862
v 0.049474 0.328673 -0.008177
v 0.055148 0.326339 -0.008342
v 0.061248 0.318808 -0.013390
v 0.062249 0.319703 -0.015251
v 0.061503 0.330927 -0.016831
v 0.043375 0.314181 -0.001648
v 0.044090 0.314752 -0.002291
v 0.043457 0.315647 -0.002119
v 0.046055 0.324928 -0.007658
v 0.044990 0.321677 -0.005858
v 0.044930 0.321602 -0.006743
v 0.044428 0.318075 -0.004029
v 0.044230 0.314114 -0.002616
v 0.044505 0.317639 -0.004599
v 0.043574 0.314719 -0.002682
v 0.042687 0.316032 -0.002489
v 0.042224 0.316918 -0.002241
v 0.042661 0.316606 -0.002083
v 0.057936 0.325697 -0.008700
v 0.058832 0.311106 0.042234
v 0.061216 0.330201 -0.014922
v 0.061028 0.327845 -0.012912
v 0.059478 0.324513 -0.011697
v 0.059962 0.321306 -0.013190
v 0.060174 0.326133 -0.012005
v 0.061051 0.321764 -0.014852
v 0.042316 0.322889 -0.005903
v 0.043800 0.322222 -0.006840
v 0.043670 0.318481 -0.004744
v 0.042538 0.319905 -0.004394
v 0.044147 0.322213 -0.005231
v 0.043726 0.318993 -0.003754
v 0.042756 0.322925 -0.004861
v 0.042680 0.320149 -0.003688
v 0.042061 0.320653 -0.003934
v 0.041867 0.323013 -0.004923
v 0.059607 0.312548 0.040118
v 0.042203 0.424062 -0.062263
v 0.026073 0.431510 -0.060197
v 0.028605 0.433521 -0.044911
v 0.045135 0.425884 -0.046117
v 0.051421 0.327225 -0.001362
v 0.054166 0.325904 -0.000680
v 0.056729 0.325209 -0.000270
v 0.050592 0.328002 -0.002417
v 0.063187 0.327285 -0.012727
v 0.063573 0.330677 -0.015748
v 0.045453 0.331890 -0.004700
v 0.045294 0.332142 -0.006135
v 0.050577 0.329564 -0.004060
v 0.040968 0.331300 -0.005996
v 0.040775 0.327932 -0.006317
v 0.043223 0.326732 -0.005915
v 0.045024 0.325685 -0.006523
v 0.067850 0.319322 0.001520
v 0.066664 0.320410 -0.000505
v 0.066909 0.322571 -0.001043
v 0.066515 0.331399 -0.016382
v 0.068719 0.331918 -0.016215
v 0.071727 0.332328 -0.024471
v 0.069646 0.325546 -0.028184
v 0.035782 0.389664 0.041782
v 0.027108 0.335989 -0.004852
v 0.026864 0.336304 -0.004873
v 0.036589 0.333689 -0.007591
v 0.040730 0.331863 -0.004717
v 0.067006 0.321051 -0.021922
v 0.024764 0.319486 0.040291
v 0.023118 0.320669 0.039972
v 0.021776 0.317602 0.043837
v 0.057989 0.321976 0.038535
v 0.057299 0.314093 0.039045
v 0.064199 0.331164 -0.015717
v 0.049747 0.327759 0.041913
v 0.014379 0.436907 -0.044069
v 0.013373 0.435218 -0.058498
v 0.004012 0.438483 -0.043481
v 0.021892 0.347024 0.048248
v 0.021991 0.347348 0.044744
v 0.025577 0.347233 0.043414
v 0.027596 0.347500 0.047430
v 0.022143 0.345580 -0.094742
v 0.038213 0.346811 -0.090717
v 0.050683 0.320876 -0.013519
v 0.052122 0.319134 -0.015986
v 0.068524 0.324870 -0.043334
v -0.003846 0.438813 -0.043194
v 0.029360 0.287224 0.027138
v 0.066182 0.319570 -0.000171
v 0.066098 0.321076 -0.002520
v 0.022034 0.283178 0.026460
v 0.047269 0.407475 0.016949
v 0.053635 0.409649 0.006109
v 0.033960 0.313454 0.042719
v 0.034547 0.311046 0.043346
v -0.004239 0.317308 0.020181
v -0.001824 0.317324 0.022517
v -0.004050 0.314983 0.022319
v 0.011895 0.284779 0.032723
v 0.031134 0.333088 0.037452
v 0.030902 0.337826 0.037042
v 0.022579 0.282040 0.026745
v 0.028886 0.286883 0.028309
v 0.023756 0.429840 -0.000116
v 0.017723 0.313687 0.019374
v 0.020353 0.305973 0.023904
v 0.016675 0.264634 0.062407
v 0.064444 0.330892 -0.018480
v 0.017986 0.309782 0.027697
v 0.018449 0.316508 0.025834
v 0.063964 0.301516 0.024339
v 0.068658 0.303622 0.017030
v 0.064081 0.323094 0.001955
v 0.066658 0.321862 0.001497
v 0.067316 0.318508 0.006107
v 0.068773 0.314979 0.005992
v 0.026695 0.316049 0.032252
v 0.021050 0.317245 0.029124
v 0.024464 0.318606 0.027791
v 0.049730 0.338665 0.021922
v 0.044392 0.337890 0.040493
v 0.044918 0.329719 0.039550
v 0.047542 0.328934 0.040443
v 0.046499 0.337068 0.042373
v -0.000212 0.318333 0.023397
v 0.016925 0.339423 0.036726
v 0.017553 0.336860 0.036357
v 0.018241 0.336484 0.036535
v 0.018792 0.340951 0.037422
v 0.015974 0.334881 0.036284
v 0.017137 0.334576 0.036399
v -0.004503 0.320752 0.016500
v -0.001068 0.272944 0.041835
v 0.039993 0.422563 0.003113
v 0.034048 0.345771 0.046005
v 0.035475 0.344917 0.048865
v 0.028481 0.347075 0.050434
v 0.009485 0.329966 0.049346
v 0.011703 0.324168 0.050394
v 0.021845 0.347395 0.051276
v -0.005651 0.334469 0.065357
v -0.005467 0.328197 0.065320
v -0.001362 0.253949 0.057785
v 0.000837 0.253984 0.057637
v 0.003972 0.343350 -0.097285
v 0.047135 0.331383 0.037146
v 0.045904 0.321791 0.037045
v 0.044037 0.327462 0.030188
v 0.047497 0.335434 0.029808
v 0.048050 0.342508 0.037718
v 0.049951 0.343582 0.029686
v 0.055413 0.311524 0.041018
v 0.025251 0.321428 0.011763
v 0.047622 0.306756 0.046436
v 0.055208 0.308445 0.041236
v 0.032545 0.290386 0.056884
v 0.010946 0.263965 0.064278
v 0.025809 0.275859 0.052348
v 0.029002 0.273264 0.052145
v 0.016151 0.279522 0.060818
v 0.031584 0.269060 0.050426
v 0.025296 0.288703 0.055577
v 0.021663 0.289878 0.057666
v 0.018264 0.289508 0.059902
v 0.016464 0.286369 0.060208
v 0.024992 0.291950 0.059320
v 0.025550 0.287680 0.054242
v 0.027597 0.287246 0.053373
v 0.027900 0.295538 0.052173
v 0.027235 0.295650 0.052548
v 0.027785 0.299099 0.060041
v 0.022108 0.302041 0.060070
v 0.024838 0.311857 0.019346
v 0.021883 0.317985 0.024587
v 0.022544 0.316835 0.021685
v 0.021953 0.347374 0.054385
v 0.029235 0.346222 0.053537
v 0.036657 0.343652 0.051860
v 0.043927 0.339509 0.048783
v 0.048081 0.335833 0.044714
v 0.028216 0.305743 0.049707
v 0.024140 0.305471 0.052880
v 0.027962 0.302826 0.053003
v 0.018230 0.304808 0.060136
v 0.022892 0.302957 0.055970
v 0.019611 0.305555 0.055937
v 0.015736 0.308640 0.055326
v 0.009804 0.316182 0.053985
v 0.007115 0.321854 0.052944
v 0.005538 0.328878 0.052368
v 0.005544 0.335185 0.052298
v 0.014092 0.319052 0.051455
v 0.016491 0.314400 0.052291
v 0.009288 0.335494 0.049368
v 0.018889 0.311059 0.052665
v 0.021411 0.313630 0.049681
v -0.002379 0.261098 0.068801
v 0.054009 0.350576 0.039305
v 0.055930 0.350162 0.041198
v 0.056540 0.340388 0.042471
v 0.013602 0.283275 0.061457
v 0.032754 0.332357 0.037747
v 0.034477 0.331296 0.038275
v 0.029760 0.341794 0.036785
v 0.049452 0.321058 -0.018799
v 0.007216 0.271051 0.057308
v 0.034329 0.326290 0.039078
v 0.032178 0.326989 0.038749
v 0.063362 0.322895 -0.004294
v 0.047702 0.351961 0.049338
v 0.037959 0.354262 0.054791
v 0.039695 0.346583 0.058413
v 0.048642 0.343574 0.052975
v -0.001630 0.315794 0.069958
v -0.005002 0.316130 0.070192
v 0.013641 0.437175 -0.023639
v 0.028782 0.433845 -0.023473
v 0.046130 0.425152 -0.015178
v 0.046536 0.426134 -0.023200
v 0.060751 0.412514 -0.014797
v 0.061520 0.413126 -0.022982
v 0.069668 0.397978 -0.013986
v 0.070953 0.398385 -0.023679
v 0.076198 0.385130 -0.035126
v 0.070782 0.399128 -0.034188
v 0.075917 0.384327 -0.024601
v 0.061270 0.413830 -0.033214
v 0.046702 0.426593 -0.032273
v 0.029165 0.434368 -0.031650
v 0.014344 0.437611 -0.031578
v 0.078050 0.371338 -0.036361
v 0.011835 0.429745 -0.077828
v 0.013022 0.424439 -0.086566
v 0.021286 0.426634 -0.079141
v 0.018745 0.424210 -0.084861
v 0.039350 0.330014 0.039720
v 0.040111 0.324308 0.040500
v 0.039913 0.320082 0.041148
v 0.039406 0.316846 0.041789
v 0.012495 0.432917 -0.068980
v 0.016945 0.303562 0.061019
v 0.056341 0.325354 -0.003117
v 0.055117 0.362270 0.036551
v 0.033491 0.384139 0.045140
v 0.036309 0.378351 0.046823
v 0.043184 0.379688 0.041721
v 0.021181 0.329068 0.004364
v 0.057945 0.329916 0.039687
v -0.004555 0.304917 0.076468
v -0.002925 0.275511 0.062941
v 0.040337 0.342350 0.043681
v 0.042260 0.341121 0.046142
v 0.028021 0.305472 0.021454
v 0.032480 0.299133 0.022188
v 0.054344 0.350219 0.044275
v 0.036044 0.317590 0.041411
v 0.024038 0.429276 -0.070934
v 0.030733 0.345372 0.041951
v 0.035528 0.341973 0.040319
v 0.011283 0.282700 0.061250
v 0.058070 0.411324 -0.004266
v 0.044273 0.423988 -0.006925
v 0.019570 0.346725 0.043608
v 0.023273 0.346834 0.040826
v 0.049635 0.410677 -0.076452
v 0.038713 0.421874 -0.073835
v 0.042831 0.409029 -0.086179
v 0.032845 0.419475 -0.082366
v 0.034033 0.407639 -0.094544
v 0.024886 0.418163 -0.089338
v 0.023957 0.405303 -0.101004
v 0.017188 0.416597 -0.094216
v 0.010199 0.404815 -0.103621
v 0.000060 0.404758 -0.105044
v 0.027789 0.340902 0.036644
v 0.018168 0.381807 -0.107147
v 0.001630 0.381291 -0.109536
v 0.000865 0.392726 -0.108560
v 0.014306 0.393255 -0.107072
v 0.009599 0.392858 0.049717
v 0.037631 0.358954 -0.095628
v 0.021417 0.358204 -0.098790
v 0.052296 0.352140 0.029655
v 0.020181 0.385299 0.050720
v 0.027702 0.385038 0.048133
v 0.042751 0.390873 0.034982
v 0.048687 0.391939 0.028576
v 0.066326 0.397057 -0.002228
v 0.017049 0.345420 0.042520
v 0.020939 0.346274 0.039156
v 0.058660 0.398421 -0.078255
v 0.050751 0.397560 -0.088545
v 0.042531 0.395782 -0.097396
v 0.030608 0.393941 -0.103904
v 0.019230 0.343977 0.038429
v 0.024289 0.343122 0.036965
v 0.026001 0.345140 0.037169
v -0.006417 0.393228 0.050505
v 0.001371 0.393265 0.050373
v 0.069682 0.383962 -0.001079
v 0.073505 0.384360 -0.013771
v 0.015160 0.343393 0.041379
v 0.013386 0.340635 0.045970
v 0.064412 0.386472 -0.077861
v 0.057162 0.385502 -0.088413
v 0.047852 0.384004 -0.096593
v 0.034747 0.382119 -0.103399
v 0.036647 0.370777 -0.099991
v 0.020393 0.370753 -0.103634
v 0.012908 0.340384 0.040268
v 0.065417 0.319132 0.000127
v -0.000954 0.274503 0.040087
v 0.054403 0.381130 0.030743
v 0.049355 0.380140 0.036298
v 0.012682 0.385252 0.052553
v -0.006443 0.385848 0.054060
v -0.006441 0.380762 0.056344
v 0.003299 0.380349 0.056478
v 0.002968 0.385719 0.053890
v -0.006409 0.374209 0.059299
v 0.003361 0.374077 0.059199
v 0.014033 0.379595 0.054763
v 0.014574 0.373607 0.057194
v 0.022242 0.373096 0.055162
v 0.021670 0.379326 0.052979
v 0.029734 0.372359 0.052376
v 0.029228 0.378998 0.050178
v 0.037234 0.371798 0.048956
v 0.045783 0.370514 0.043758
v -0.035868 0.347847 0.057847
v -0.037642 0.347632 0.057218
v -0.037345 0.350291 0.054526
v -0.035178 0.350551 0.055292
v -0.037198 0.346267 0.056711
v -0.036806 0.349002 0.053909
v 0.014076 0.358267 0.062574
v 0.014032 0.349470 0.065352
v 0.033248 0.320352 0.039636
v 0.033898 0.322836 0.039264
v 0.031433 0.323535 0.038919
v 0.030639 0.320729 0.039167
v 0.036809 0.325454 0.039732
v 0.036586 0.321617 0.040184
v 0.066350 0.373134 -0.001081
v 0.071657 0.372649 -0.014283
v 0.076179 0.371589 -0.025574
v 0.024688 0.335450 0.036942
v 0.023987 0.340721 0.036698
v 0.023172 0.330858 0.037271
v 0.067933 0.373257 -0.075711
v 0.060165 0.372564 -0.085598
v 0.050468 0.371765 -0.093392
v 0.002404 0.369816 -0.106474
v -0.006343 0.366951 0.061951
v 0.002074 0.366923 0.061774
v 0.014677 0.366667 0.059914
v 0.022150 0.366075 0.057703
v 0.029422 0.365392 0.055104
v 0.036727 0.364349 0.051508
v 0.045920 0.363281 0.045964
v 0.053779 0.362631 0.039487
v 0.029357 0.324272 0.038832
v 0.028479 0.321549 0.039131
v 0.064751 0.362448 -0.001183
v 0.069775 0.361137 -0.014655
v 0.073565 0.359598 -0.026039
v 0.016428 0.331648 0.036478
v 0.020841 0.325314 0.038017
v 0.021562 0.326592 0.037823
v 0.016530 0.333138 0.036389
v 0.035796 0.313804 0.042559
v 0.068995 0.360081 -0.072030
v 0.061068 0.359872 -0.081209
v 0.051569 0.359694 -0.089033
v 0.003215 0.355606 -0.101940
v 0.021676 0.357770 0.060155
v 0.029546 0.356401 0.057753
v 0.027425 0.324888 0.038390
v 0.026539 0.322364 0.038795
v 0.025112 0.323002 0.038527
v 0.025188 0.325342 0.037914
v 0.064119 0.352250 -0.001198
v 0.069929 0.350142 -0.014655
v 0.073604 0.347736 -0.025028
v 0.064143 0.319809 0.000418
v 0.034765 0.315093 0.042251
v 0.015176 0.341481 0.039061
v 0.068168 0.350109 -0.067917
v 0.060670 0.349313 -0.076589
v 0.051692 0.348258 -0.083964
v 0.014949 0.345233 0.065785
v 0.007628 0.343747 0.065745
v -0.035475 0.346675 0.057313
v -0.034702 0.349230 0.054642
v -0.036640 0.346540 0.060527
v -0.038756 0.345984 0.059793
v 0.036327 0.330767 0.038943
v 0.023459 0.325250 0.038042
v 0.024078 0.322010 0.038814
v 0.015431 0.340022 0.037047
v -0.005235 0.321853 0.066999
v -0.005793 0.340814 0.066814
v -0.005951 0.346620 0.066975
v 0.003141 0.338836 0.065456
v 0.006414 0.337465 0.063556
v 0.038884 0.298600 0.052677
v 0.024774 0.309683 0.032959
v 0.020101 0.310667 0.030422
v 0.055051 0.325349 -0.001620
v 0.015433 0.331318 0.036445
v 0.015320 0.333133 0.036284
v 0.038181 0.337168 0.039462
v 0.028562 0.328365 0.037960
v 0.026227 0.328801 0.037493
v 0.049909 0.323787 -0.064371
v 0.007902 0.315233 -0.056782
v 0.023910 0.330065 0.037464
v 0.021961 0.325083 0.038090
v 0.021708 0.322719 0.038596
v 0.025544 0.334849 0.037118
v 0.025355 0.339329 0.036425
v 0.049423 0.320041 -0.057741
v 0.021388 0.301657 0.029042
v 0.033460 0.297982 0.055291
v 0.009426 0.341296 0.048765
v 0.021560 0.308225 0.053195
v 0.000306 0.325106 0.022435
v 0.010111 0.286286 0.059358
v -0.000747 0.278826 0.036287
v 0.010545 0.321157 -0.034231
v 0.006916 0.316140 -0.066187
v 0.006262 0.319902 -0.073757
v 0.024355 0.296899 0.029673
v 0.027529 0.300111 0.056260
v 0.020712 0.322638 0.040139
v 0.012549 0.312207 0.054707
v 0.026744 0.333840 0.037753
v 0.024855 0.329071 0.037596
v 0.035788 0.272620 0.049397
v 0.030391 0.327739 0.038486
v -0.000850 0.276082 0.038488
v 0.028230 0.286730 0.029660
v 0.013945 0.339462 0.037163
v 0.030226 0.318757 0.039721
v 0.027850 0.319512 0.039702
v 0.028138 0.345326 0.038863
v 0.025514 0.320715 0.039071
v 0.032636 0.319030 0.039860
v 0.034406 0.317641 0.041134
v 0.029393 0.286945 0.054010
v 0.028803 0.295334 0.052621
v 0.025628 0.289138 0.055255
v 0.027448 0.289113 0.056119
v 0.027444 0.289841 0.055472
v 0.029674 0.287732 0.055622
v 0.029249 0.288546 0.055177
v 0.035007 0.280127 0.051917
v 0.028987 0.295431 0.053347
v 0.028018 0.296020 0.053457
v 0.027221 0.296057 0.053089
v 0.035680 0.273277 0.049815
v 0.034927 0.326487 -0.005315
v 0.031731 0.326296 -0.001198
v 0.026875 0.325894 0.002724
v 0.024015 0.327289 0.003742
v 0.023346 0.328643 0.003547
v 0.025734 0.330094 0.001477
v 0.023577 0.329517 0.003109
v 0.038177 0.324915 -0.017458
v 0.036424 0.325723 -0.013382
v 0.035202 0.326750 -0.009508
v 0.033353 0.327753 -0.005427
v 0.030496 0.327868 -0.001531
v 0.026023 0.327819 0.002343
v 0.021896 0.323188 0.036913
v 0.022157 0.325481 0.036414
v 0.016058 0.335895 0.034516
v 0.015448 0.334109 0.034516
v 0.035521 0.316798 0.040010
v 0.034881 0.315126 0.040662
v 0.033055 0.318893 0.038336
v 0.024021 0.322316 0.037164
v 0.025966 0.320760 0.037514
v 0.030111 0.318984 0.038097
v 0.027729 0.319745 0.038077
v 0.012752 0.341653 0.036453
v 0.015299 0.341993 0.035520
v 0.010143 0.338031 0.036212
v 0.024439 0.330479 0.035856
v 0.023395 0.325530 0.036390
v 0.026316 0.334010 0.036143
v 0.027588 0.337043 0.035244
v 0.022490 0.318976 0.039481
v 0.019709 0.320962 0.039834
v 0.016106 0.324711 0.038711
v 0.025320 0.339816 0.034705
v 0.026700 0.339418 0.034675
v 0.025732 0.335538 0.035384
v 0.024094 0.330449 0.035782
v 0.015575 0.332252 0.034684
v 0.026378 0.316949 0.039834
v 0.024140 0.317796 0.039799
v 0.017038 0.340876 0.035004
v 0.033890 0.313017 0.041308
v 0.017664 0.338342 0.034630
v 0.031654 0.312444 0.041890
v 0.028820 0.315380 0.040278
v 0.010674 0.333986 0.037442
v 0.012582 0.330027 0.037144
v 0.025994 0.345937 0.063387
v 0.024977 0.345695 0.061418
v 0.025212 0.347341 0.061579
v 0.025661 0.347504 0.062357
v 0.027884 0.345765 0.062811
v 0.027120 0.345509 0.060781
v -0.027015 0.247885 0.046217
v -0.026779 0.247030 0.047000
v -0.028369 0.244623 0.048219
v -0.029079 0.247504 0.045356
v -0.018053 0.239055 0.061984
v -0.017480 0.238882 0.062347
v -0.017859 0.238012 0.063505
v -0.018463 0.238897 0.062484
v -0.027089 0.256468 0.037954
v -0.026623 0.259962 0.038544
v -0.024583 0.260273 0.038432
v -0.024399 0.257184 0.038388
v -0.016475 0.240783 0.064802
v -0.016155 0.237074 0.065361
v -0.016391 0.237151 0.064652
v -0.016499 0.240252 0.064249
v -0.023169 0.266234 0.031853
v -0.020332 0.268537 0.031152
v -0.021531 0.266086 0.032905
v -0.023512 0.265861 0.032031
v -0.028989 0.255035 0.038295
v -0.030733 0.252701 0.040006
v -0.031449 0.252864 0.040113
v -0.030369 0.254924 0.038297
v -0.029368 0.244382 0.048604
v -0.030422 0.246258 0.046517
v -0.021818 0.260308 0.037360
v -0.022373 0.262912 0.037375
v -0.021806 0.265879 0.035721
v -0.021062 0.263439 0.035226
v -0.020611 0.263700 0.035290
v -0.021479 0.260076 0.037835
v -0.028763 0.262825 0.032674
v -0.028519 0.262343 0.033215
v -0.029431 0.259937 0.034765
v -0.030123 0.259501 0.034572
v -0.026022 0.240333 0.057025
v -0.026755 0.240999 0.057291
v -0.027037 0.241952 0.054756
v -0.026205 0.241253 0.054748
v -0.024454 0.248612 0.046654
v -0.024565 0.249691 0.046071
v -0.022455 0.251741 0.045209
v -0.022776 0.249026 0.047249
v -0.026492 0.264809 0.031915
v -0.026250 0.265820 0.031540
v -0.028827 0.270026 0.028493
v -0.028848 0.267463 0.029989
v -0.030711 0.267629 0.030572
v -0.029905 0.270620 0.028561
v -0.029618 0.242777 0.050933
v -0.029029 0.242702 0.050757
v -0.026975 0.242172 0.052626
v -0.027692 0.242231 0.052880
v -0.032169 0.248832 0.043514
v -0.031420 0.248994 0.043210
v -0.015020 0.238190 0.063541
v -0.016023 0.237690 0.063905
v -0.016344 0.238091 0.063493
v -0.015183 0.238424 0.063072
v -0.022854 0.243008 0.053195
v -0.024725 0.242454 0.053565
v -0.024970 0.242485 0.053324
v -0.022828 0.243605 0.052704
v -0.012388 0.237778 0.064489
v -0.012044 0.237192 0.065374
v -0.011982 0.239227 0.065026
v -0.012110 0.239793 0.064237
v -0.022046 0.242981 0.053583
v -0.021619 0.244091 0.052827
v -0.022780 0.245563 0.053035
v -0.024356 0.244872 0.053703
v -0.021169 0.239475 0.059790
v -0.021992 0.238608 0.060657
v -0.022331 0.238658 0.060426
v -0.021466 0.239597 0.059495
v -0.024352 0.256730 0.038708
v -0.025514 0.241467 0.054826
v -0.019785 0.240069 0.059560
v -0.019880 0.240761 0.058333
v -0.021045 0.241529 0.059611
v -0.022016 0.240860 0.060453
v -0.022273 0.237980 0.061902
v -0.021711 0.238222 0.061879
v -0.021765 0.245831 0.053291
v -0.019774 0.243507 0.054237
v -0.020681 0.243005 0.054525
v -0.018936 0.270279 0.031601
v -0.019531 0.267231 0.033360
v -0.020890 0.253628 0.045260
v -0.020553 0.251205 0.047193
v -0.019686 0.242307 0.059151
v -0.023969 0.243143 0.057375
v -0.024142 0.240243 0.057817
v -0.025165 0.240745 0.056687
v -0.025293 0.243842 0.056109
v -0.022536 0.256885 0.039898
v -0.020407 0.261245 0.038488
v -0.021384 0.258681 0.040326
v -0.025442 0.244333 0.054743
v -0.028803 0.264782 0.031557
v -0.030606 0.259791 0.034610
v -0.020653 0.245486 0.054419
v -0.009434 0.236819 0.068570
v -0.009792 0.236857 0.067156
v -0.009107 0.236908 0.067231
v -0.008877 0.237047 0.068268
v -0.015196 0.240161 0.063173
v -0.015988 0.239694 0.063786
v -0.023212 0.266771 0.031640
v -0.020741 0.269176 0.030861
v -0.027501 0.266854 0.030723
v -0.026095 0.267111 0.031294
v -0.017935 0.240769 0.059842
v -0.018283 0.240395 0.060079
v -0.007556 0.237780 0.065793
v -0.007646 0.239690 0.065563
v -0.008773 0.239909 0.066200
v -0.008826 0.237096 0.066401
v -0.007757 0.238138 0.065027
v -0.004625 0.239036 0.065078
v -0.005020 0.238725 0.065667
v -0.029840 0.257370 0.036041
v -0.029220 0.256283 0.037175
v -0.030309 0.256202 0.037315
v -0.030521 0.257632 0.036127
v -0.014789 0.266885 0.061165
v -0.014893 0.269950 0.057117
v -0.017157 0.272080 0.056969
v -0.016995 0.267300 0.061046
v -0.015118 0.237368 0.066314
v -0.015382 0.237189 0.066720
v -0.016943 0.236913 0.065491
v -0.021934 0.240420 0.061767
v -0.011193 0.237348 0.065461
v -0.011725 0.236981 0.066456
v -0.012340 0.237144 0.066134
v -0.013248 0.240363 0.066176
v -0.012106 0.240014 0.065812
v -0.013229 0.237345 0.066609
v -0.003894 0.237341 0.069418
v -0.003576 0.238054 0.069877
v -0.006489 0.236953 0.070012
v -0.006446 0.237876 0.070336
v -0.009718 0.237954 0.069183
v -0.012951 0.237042 0.067251
v -0.013180 0.237974 0.068129
v -0.015800 0.238174 0.067265
v -0.020501 0.238083 0.062725
v -0.020774 0.237575 0.063093
v -0.018131 0.238027 0.065928
v -0.019081 0.237785 0.063413
v -0.019687 0.238495 0.064531
v -0.021565 0.238628 0.063671
v -0.018107 0.242585 0.059469
v -0.024471 0.239734 0.058419
v -0.023268 0.239142 0.062206
v -0.025334 0.240598 0.058831
v -0.022847 0.244726 0.051697
v -0.021803 0.246159 0.050975
v -0.044679 0.309263 -0.047878
v -0.042342 0.308398 -0.040403
v -0.048653 0.306524 -0.035798
v -0.051127 0.307689 -0.041695
v -0.013457 0.238351 0.063659
v -0.013293 0.238429 0.063313
v -0.011698 0.237953 0.064213
v -0.027307 0.273527 0.029321
v -0.028150 0.270113 0.028641
v -0.027467 0.273149 0.027114
v -0.026527 0.275747 0.028390
v -0.027483 0.271265 0.030225
v -0.028036 0.268050 0.029815
v -0.009254 0.237220 0.066123
v -0.020733 0.240366 0.062659
v -0.027516 0.255435 0.038430
v -0.027896 0.254875 0.038662
v -0.027955 0.256781 0.037512
v -0.024979 0.256082 0.039078
v -0.006886 0.239994 0.069152
v -0.006549 0.236984 0.069691
v -0.008551 0.239686 0.068067
v -0.014975 0.241333 0.065842
v -0.016808 0.237237 0.064484
v -0.020008 0.241681 0.056788
v -0.019482 0.241778 0.057006
v -0.027962 0.273209 0.026869
v -0.013267 0.240482 0.063486
v -0.027005 0.269838 0.030957
v -0.025931 0.269535 0.031571
v -0.023465 0.270538 0.031286
v -0.020567 0.273622 0.028573
v -0.020152 0.273597 0.028453
v -0.016659 0.255194 0.049689
v -0.014523 0.258698 0.050283
v -0.013643 0.255896 0.052884
v -0.016039 0.251885 0.052462
v -0.024686 0.250390 0.045523
v -0.027129 0.248915 0.045565
v -0.029284 0.251549 0.045349
v -0.027628 0.251750 0.045914
v -0.028777 0.248656 0.044930
v -0.025071 0.243797 0.052031
v -0.025011 0.246312 0.051959
v -0.023072 0.247196 0.051295
v -0.022868 0.244891 0.051410
v -0.021638 0.254761 0.042537
v -0.020912 0.256628 0.042885
v -0.017846 0.239770 0.061056
v -0.017160 0.239779 0.061179
v -0.023035 0.239680 0.058793
v -0.021729 0.239884 0.058900
v -0.022250 0.246136 0.050723
v -0.019183 0.238596 0.062786
v -0.020650 0.276548 0.026386
v -0.019307 0.275016 0.028730
v -0.021292 0.275679 0.026674
v -0.023603 0.276372 0.025653
v -0.023564 0.277396 0.025148
v -0.026203 0.275487 0.025893
v -0.026561 0.276275 0.025555
v -0.028660 0.273799 0.026713
v -0.022579 0.267725 0.033860
v -0.022200 0.265526 0.033290
v -0.017414 0.241656 0.060530
v -0.023626 0.275700 0.026120
v -0.025939 0.275102 0.026215
v -0.009190 0.239619 0.067067
v -0.019193 0.240410 0.062653
v -0.031052 0.264381 0.032870
v -0.021536 0.272562 0.030682
v -0.021465 0.275543 0.029286
v -0.022413 0.276788 0.028084
v -0.021669 0.275325 0.026889
v -0.023848 0.276621 0.027711
v -0.025288 0.276407 0.027908
v -0.025323 0.255857 0.039361
v -0.027752 0.254676 0.038884
v -0.027642 0.260441 0.037932
v -0.007476 0.239377 0.063929
v -0.007191 0.242233 0.062494
v -0.005439 0.242463 0.062944
v -0.004577 0.240265 0.064370
v -0.030164 0.252436 0.040205
v -0.022992 0.240151 0.058283
v -0.019715 0.249707 0.049215
v -0.021475 0.248157 0.049095
v -0.022425 0.248550 0.050677
v -0.022392 0.250434 0.049180
v -0.022097 0.248001 0.049177
v -0.019843 0.248012 0.051357
v -0.026338 0.245966 0.051992
v -0.026830 0.242935 0.052226
v -0.018053 0.240641 0.062262
v -0.020482 0.243868 0.056481
v -0.027711 0.264377 0.034486
v -0.028288 0.263258 0.035441
v -0.027729 0.246661 0.050650
v -0.028507 0.243438 0.050552
v -0.027968 0.245160 0.048418
v -0.027713 0.248096 0.048488
v -0.023737 0.265661 0.032316
v -0.024082 0.267482 0.033284
v -0.026175 0.265996 0.033562
v -0.026594 0.264124 0.032185
v -0.025480 0.252653 0.045427
v -0.025247 0.243005 0.052411
v -0.023050 0.252108 0.044849
v -0.024201 0.254579 0.044538
v -0.028457 0.257243 0.036968
v -0.022013 0.240280 0.058248
v -0.025817 0.258375 0.039770
v -0.028142 0.256942 0.039881
v -0.023494 0.255633 0.040635
v -0.019534 0.246727 0.052263
v -0.024478 0.248037 0.047169
v -0.026517 0.246750 0.047299
v -0.026254 0.249176 0.047665
v -0.028520 0.262204 0.036413
v -0.028218 0.261202 0.037243
v -0.029241 0.258056 0.036085
v -0.017802 0.240854 0.061439
v -0.030131 0.254696 0.041228
v -0.030548 0.249604 0.043173
v -0.023151 0.248587 0.047663
v -0.023342 0.251081 0.047449
v -0.024731 0.250347 0.047237
v -0.023927 0.258496 0.040778
v -0.022526 0.254477 0.042721
v -0.030724 0.252486 0.043723
v -0.021695 0.243080 0.057422
v -0.024011 0.257084 0.042787
v -0.022697 0.243039 0.057563
v -0.005311 0.240082 0.065848
v -0.003169 0.237435 0.068375
v -0.003455 0.239957 0.068120
v -0.003286 0.240064 0.066953
v -0.003164 0.237988 0.067061
v -0.004421 0.239968 0.068835
v -0.004264 0.237561 0.069064
v -0.003812 0.238648 0.066280
v -0.004039 0.239852 0.066381
v -0.002946 0.239208 0.065413
v -0.063277 0.315372 -0.009972
v -0.063595 0.316976 -0.011644
v -0.062669 0.318730 -0.013570
v -0.059120 0.318190 -0.010419
v -0.066690 0.316117 -0.010497
v -0.066991 0.318055 -0.013783
v -0.066143 0.310884 -0.005759
v -0.066466 0.314033 -0.007371
v -0.062960 0.313146 -0.008004
v -0.063494 0.311182 -0.003853
v -0.064710 0.310118 -0.004455
v -0.061536 0.312592 -0.005523
v -0.060821 0.312821 -0.004669
v -0.014046 0.240356 0.061652
v -0.012506 0.239902 0.062323
v -0.015029 0.240954 0.060574
v -0.018145 0.245281 0.054079
v -0.017806 0.243813 0.056572
v -0.017695 0.243145 0.057622
v -0.016242 0.241836 0.058938
v -0.014697 0.282229 0.028434
v -0.015120 0.280243 0.029631
v -0.017753 0.279263 0.026101
v -0.016645 0.281817 0.024937
v -0.061559 0.315371 -0.003039
v -0.058912 0.314268 -0.003104
v -0.023911 0.255384 0.048295
v -0.024879 0.254865 0.048151
v -0.025886 0.254053 0.048480
v -0.022931 0.255011 0.049509
v -0.026748 0.253318 0.049060
v -0.022942 0.253538 0.050658
v -0.026932 0.252297 0.050542
v -0.023587 0.252508 0.051130
v -0.025998 0.251739 0.051498
v -0.025023 0.251908 0.051574
v -0.027650 0.265122 0.038057
v -0.026446 0.265042 0.038417
v -0.024844 0.265436 0.038162
v -0.028041 0.265892 0.037445
v -0.023282 0.267298 0.037435
v -0.028110 0.266810 0.036751
v -0.027869 0.267651 0.036016
v -0.022872 0.269575 0.036215
v -0.026265 0.269639 0.034594
v -0.027455 0.268393 0.035311
v -0.023464 0.270983 0.034759
v -0.024671 0.270756 0.034340
v -0.019083 0.245724 0.061917
v -0.018099 0.245998 0.061496
v -0.017655 0.246136 0.060938
v -0.020437 0.245712 0.061976
v -0.017560 0.246881 0.060033
v -0.021192 0.245851 0.061120
v -0.018194 0.247645 0.059225
v -0.021120 0.246229 0.060182
v -0.019321 0.247369 0.059139
v -0.020363 0.246803 0.059480
v -0.024292 0.274170 0.031837
v -0.022985 0.275724 0.031249
v -0.022926 0.277973 0.030292
v -0.026278 0.273273 0.032288
v -0.023617 0.279371 0.029325
v -0.027171 0.273564 0.032023
v -0.024792 0.279235 0.029140
v -0.027593 0.275129 0.031218
v -0.026471 0.278161 0.029519
v -0.025680 0.278790 0.029288
v -0.027160 0.276963 0.030136
v -0.023522 0.249967 0.053973
v -0.024597 0.249490 0.054364
v -0.022544 0.250279 0.054045
v -0.025601 0.249071 0.055132
v -0.021720 0.250011 0.054932
v -0.025582 0.248640 0.056196
v -0.021564 0.248904 0.055966
v -0.024234 0.248126 0.057056
v -0.022150 0.248077 0.056759
v -0.023185 0.248072 0.057202
v -0.014902 0.244346 0.065274
v -0.013581 0.244284 0.065187
v -0.015894 0.244297 0.064494
v -0.012937 0.244444 0.064772
v -0.016014 0.244441 0.063860
v -0.012616 0.244520 0.063927
v -0.015726 0.244752 0.063286
v -0.012732 0.245048 0.063325
v -0.015077 0.245258 0.062732
v -0.013586 0.245578 0.062868
v -0.025420 0.259343 0.044429
v -0.025283 0.261275 0.043145
v -0.025268 0.262284 0.041724
v -0.026426 0.257811 0.045152
v -0.026896 0.262001 0.040967
v -0.028137 0.257163 0.045482
v -0.028609 0.260789 0.041171
v -0.029465 0.257039 0.044985
v -0.029885 0.259265 0.042126
v -0.030553 0.257789 0.043761
v -0.007954 0.243943 0.066606
v -0.008069 0.243551 0.067380
v -0.007156 0.244357 0.066133
v -0.007695 0.243527 0.068040
v -0.005464 0.245010 0.065801
v -0.006558 0.243865 0.068665
v -0.004354 0.244845 0.066314
v -0.005125 0.244055 0.068459
v -0.003859 0.244387 0.067116
v -0.004322 0.244284 0.067985
v -0.024157 0.261045 0.049019
v -0.024855 0.260708 0.048961
v -0.025578 0.260183 0.049194
v -0.023493 0.260753 0.049761
v -0.026209 0.259713 0.049573
v -0.023537 0.259772 0.050504
v -0.026440 0.259026 0.050504
v -0.024081 0.259071 0.050862
v -0.025830 0.258602 0.051113
v -0.025124 0.258685 0.051176
v -0.027531 0.269253 0.038072
v -0.026603 0.269135 0.038306
v -0.025357 0.269402 0.038074
v -0.027692 0.269976 0.037631
v -0.024165 0.270770 0.037472
v -0.027782 0.270666 0.037063
v -0.027691 0.270869 0.036440
v -0.023796 0.272543 0.036489
v -0.026276 0.272821 0.035317
v -0.027211 0.271926 0.035921
v -0.024168 0.273699 0.035372
v -0.025064 0.273604 0.035072
v -0.018732 0.253548 0.060934
v -0.018072 0.253739 0.060667
v -0.017802 0.253844 0.060266
v -0.019661 0.253527 0.060920
v -0.017789 0.254379 0.059589
v -0.020226 0.253612 0.060271
v -0.018268 0.254921 0.058947
v -0.020180 0.253880 0.059611
v -0.019037 0.254717 0.058853
v -0.019675 0.254297 0.059127
v -0.024848 0.277041 0.032144
v -0.023942 0.278346 0.031523
v -0.023953 0.279860 0.030838
v -0.026622 0.276221 0.032608
v -0.024579 0.280742 0.030107
v -0.027448 0.276342 0.032432
v -0.025305 0.280775 0.029904
v -0.027828 0.277494 0.031747
v -0.026753 0.279792 0.030250
v -0.025995 0.280199 0.029915
v -0.027404 0.278871 0.030779
v -0.024197 0.256942 0.054686
v -0.024933 0.256608 0.054896
v -0.023463 0.257202 0.054753
v -0.025617 0.256311 0.055392
v -0.022761 0.257104 0.055333
v -0.025543 0.255993 0.056182
v -0.022684 0.256234 0.056111
v -0.024516 0.255625 0.056835
v -0.023037 0.255584 0.056679
v -0.023642 0.255562 0.057008
v -0.014650 0.250344 0.064257
v -0.013864 0.250374 0.064140
v -0.015506 0.250318 0.063732
v -0.013415 0.250502 0.063851
v -0.015523 0.250457 0.063277
v -0.013142 0.250600 0.063288
v -0.015275 0.250760 0.062859
v -0.013259 0.250967 0.062869
v -0.014799 0.251105 0.062531
v -0.013995 0.251343 0.062520
v -0.026322 0.263232 0.044474
v -0.026232 0.264564 0.043555
v -0.026616 0.265029 0.042669
v -0.027133 0.262096 0.045020
v -0.027772 0.264726 0.042243
v -0.028440 0.261573 0.045230
v -0.028877 0.263938 0.042391
v -0.029467 0.261482 0.044866
v -0.029789 0.263103 0.042872
v -0.030294 0.262055 0.043977
v -0.007255 0.252365 0.066337
v -0.007414 0.252068 0.066877
v -0.006814 0.252780 0.065905
v -0.007363 0.251989 0.067383
v -0.005776 0.253202 0.065669
v -0.006616 0.252191 0.067823
v -0.005130 0.253047 0.065952
v -0.005688 0.252317 0.067658
v -0.004808 0.252614 0.066502
v -0.005132 0.252502 0.067263
v -0.024680 0.262551 0.050260
v -0.025640 0.274367 0.036743
v -0.018931 0.257102 0.059754
v -0.026223 0.280489 0.031819
v -0.023828 0.259238 0.055680
v -0.014441 0.253861 0.062905
v -0.028157 0.265836 0.043852
v -0.006267 0.255769 0.066469
v -0.009457 0.283528 0.033994
v -0.012210 0.282884 0.033830
v -0.011709 0.283692 0.033823
v -0.028107 0.279668 0.026660
v -0.026730 0.280564 0.026029
v -0.027146 0.278858 0.025959
v -0.006294 0.270100 0.044773
v -0.003553 0.270971 0.043988
v -0.003571 0.268656 0.046135
v -0.006692 0.267761 0.047107
v -0.003550 0.266158 0.048516
v -0.006944 0.328411 -0.013179
v -0.007267 0.329354 -0.013437
v -0.006828 0.331092 -0.009604
v -0.006481 0.330224 -0.009362
v -0.055635 0.322433 0.002186
v -0.059448 0.319324 -0.003687
v -0.057481 0.316673 -0.001842
v -0.053271 0.318688 0.003381
v -0.053585 0.317591 -0.001611
v -0.050705 0.318044 0.003077
v -0.002317 0.334908 -0.000824
v -0.002734 0.335535 -0.001058
v -0.000367 0.335203 0.002660
v 0.000727 0.335856 0.002576
v -0.001841 0.334750 0.002548
v -0.005385 0.328671 0.002810
v -0.006138 0.329784 0.000625
v 0.000124 0.333480 0.003168
v 0.004584 0.325848 -0.028086
v 0.004836 0.325345 -0.027600
v -0.040301 0.307110 -0.033330
v -0.046382 0.304426 -0.029044
v -0.028161 0.322290 0.037896
v -0.027832 0.320395 0.039820
v -0.026061 0.326789 0.038424
v -0.025456 0.328149 0.036449
v -0.002524 0.326037 -0.024722
v -0.002216 0.325357 -0.024336
v -0.010076 0.328752 -0.006546
v -0.008096 0.330004 -0.003261
v -0.010437 0.327588 -0.003062
v -0.012466 0.326567 -0.006459
v -0.006233 0.322139 -0.025589
v -0.003041 0.324086 -0.024613
v -0.005677 0.324566 -0.021656
v -0.007993 0.323557 -0.022555
v -0.022405 0.319299 -0.010514
v -0.021888 0.320853 -0.006343
v -0.023888 0.324057 -0.006156
v -0.024721 0.324132 -0.009407
v -0.019613 0.320955 -0.001850
v -0.014234 0.321107 0.002606
v -0.018317 0.323716 0.000939
v -0.021660 0.323327 -0.002683
v 0.004225 0.325189 -0.028773
v -0.000948 0.334584 0.002798
v -0.057478 0.324482 0.001056
v -0.060797 0.321115 -0.005345
v -0.034691 0.310330 -0.043588
v -0.033633 0.309504 -0.036414
v -0.003070 0.325570 -0.025264
v -0.004868 0.326094 -0.021420
v -0.011105 0.326758 -0.009815
v -0.013538 0.324738 -0.010059
v -0.003155 0.335186 -0.000889
v -0.049903 0.319338 -0.002485
v -0.047406 0.318441 0.001595
v -0.045477 0.322170 -0.004346
v -0.042966 0.320263 0.000256
v -0.007819 0.329071 -0.013568
v -0.007371 0.330775 -0.009659
v -0.008254 0.325558 -0.019001
v -0.006536 0.326083 -0.018215
v -0.007615 0.326432 -0.013146
v -0.010939 0.325213 -0.014181
v -0.005700 0.326628 -0.022244
v -0.005144 0.326951 -0.021785
v 0.004132 0.323810 -0.027852
v -0.025926 0.342851 0.046144
v -0.023874 0.343499 0.049261
v -0.027742 0.345855 0.049968
v -0.029039 0.345204 0.046800
v -0.059898 0.303048 0.044817
v -0.056681 0.305515 0.041355
v -0.057697 0.311683 0.039838
v -0.060184 0.309127 0.043665
v -0.024288 0.331276 0.038795
v -0.024308 0.331898 0.036628
v -0.025594 0.317324 -0.070001
v -0.009441 0.319554 -0.072493
v -0.007325 0.315964 -0.065267
v -0.024786 0.313750 -0.063363
v -0.016321 0.285090 0.024097
v -0.018139 0.285047 0.024370
v -0.018069 0.288734 0.023589
v -0.016284 0.288900 0.023364
v -0.003123 0.332245 -0.000331
v -0.038548 0.323641 -0.003403
v -0.037982 0.322479 -0.000889
v -0.062348 0.322538 -0.007423
v -0.060225 0.325626 -0.002410
v -0.007234 0.328054 -0.009261
v -0.005793 0.327728 -0.018094
v -0.026462 0.317885 -0.021108
v -0.024280 0.319567 -0.024257
v -0.023127 0.319910 -0.022113
v -0.024432 0.318498 -0.020558
v -0.014602 0.289214 0.026626
v -0.014527 0.285646 0.027448
v -0.015623 0.296824 0.025023
v -0.016349 0.297937 0.021172
v -0.016796 0.303512 0.019558
v -0.016493 0.301698 0.024074
v -0.004996 0.278141 0.055147
v -0.005610 0.275920 0.055519
v -0.004894 0.272621 0.062104
v -0.003726 0.275622 0.061720
v -0.014991 0.292759 0.025880
v -0.015667 0.295728 0.028312
v -0.014997 0.292078 0.029192
v -0.015657 0.294923 0.030598
v -0.014995 0.291672 0.031334
v -0.015669 0.293704 0.032843
v -0.015056 0.290828 0.033438
v -0.015639 0.292208 0.034746
v -0.015216 0.290098 0.035268
v -0.014112 0.285402 0.038024
v -0.015057 0.288270 0.037256
v -0.015659 0.286645 0.040897
v -0.015214 0.283326 0.041459
v -0.017128 0.283688 0.044745
v -0.017055 0.280036 0.045177
v -0.018032 0.311713 0.017042
v -0.017799 0.308511 0.022543
v -0.018084 0.317156 0.015469
v -0.017038 0.314122 0.021747
v -0.062329 0.317110 -0.004795
v -0.025781 0.324744 -0.002062
v -0.028391 0.325719 -0.004979
v -0.009686 0.323611 0.003985
v -0.011842 0.326321 0.002905
v -0.009088 0.241890 0.061993
v -0.010331 0.239205 0.063112
v -0.010111 0.244569 0.060458
v -0.006028 0.271689 0.043182
v -0.003444 0.272369 0.042483
v -0.005323 0.286049 0.032924
v -0.005148 0.284130 0.033157
v -0.009245 0.282461 0.034411
v -0.013930 0.267668 0.043975
v -0.013350 0.270571 0.042079
v -0.009932 0.272547 0.042187
v -0.010479 0.270422 0.043835
v -0.015060 0.246082 0.056874
v -0.014179 0.245717 0.057619
v -0.016365 0.280103 0.033705
v -0.018999 0.276698 0.028208
v -0.016246 0.281042 0.032341
v -0.006057 0.328639 -0.018458
v -0.006605 0.328379 -0.018826
v -0.020784 0.284761 0.025810
v -0.020433 0.288475 0.025167
v -0.008223 0.330686 0.002067
v -0.013086 0.332069 0.000645
v -0.017540 0.328327 0.001590
v -0.035476 0.313355 0.021270
v -0.040308 0.313763 0.018007
v -0.037917 0.315272 0.014875
v -0.033752 0.314029 0.018187
v -0.020024 0.321506 -0.023418
v -0.012164 0.321189 -0.027075
v -0.012803 0.321390 -0.024802
v -0.025544 0.282395 0.026174
v -0.021327 0.282170 0.025949
v -0.022330 0.280702 0.025568
v -0.023880 0.289348 0.026293
v -0.024880 0.285178 0.026361
v -0.019791 0.299511 0.021338
v -0.021695 0.301397 0.022629
v -0.021298 0.308535 0.018670
v -0.019986 0.306009 0.018463
v -0.017821 0.325528 0.009171
v -0.017753 0.323833 0.011268
v -0.020817 0.317037 0.013767
v -0.021571 0.318699 0.012858
v -0.021237 0.312813 0.016115
v -0.022183 0.314546 0.015674
v -0.020252 0.311251 0.016050
v -0.018938 0.311552 0.015958
v -0.018387 0.316502 0.014253
v -0.020017 0.293449 0.023657
v -0.022754 0.294457 0.025310
v -0.022827 0.279884 0.025238
v -0.023251 0.278990 0.025052
v -0.026867 0.277644 0.025681
v -0.020526 0.314189 0.014922
v -0.020220 0.277561 0.026088
v -0.054472 0.321699 -0.016217
v -0.050460 0.324310 -0.015698
v -0.049851 0.323376 -0.014597
v -0.054410 0.320196 -0.014995
v -0.054480 0.322248 -0.017501
v -0.049914 0.325058 -0.016678
v -0.054176 0.321777 -0.018831
v -0.050225 0.324256 -0.017940
v -0.032149 0.278745 0.033601
v -0.034084 0.276316 0.035907
v -0.034941 0.281192 0.035669
v -0.032129 0.283238 0.033290
v -0.053628 0.318620 -0.018107
v -0.049111 0.322152 -0.017178
v -0.008591 0.424443 -0.087795
v -0.009367 0.414794 -0.098147
v -0.012009 0.357756 0.063734
v -0.010368 0.351547 0.065661
v -0.009197 0.346413 0.066947
v -0.014796 0.350904 0.065214
v -0.016454 0.346837 0.065869
v -0.061502 0.290417 0.033160
v -0.066382 0.298273 0.030625
v -0.063970 0.296565 0.035718
v -0.060519 0.294393 0.039043
v -0.012031 0.401690 0.045330
v -0.011099 0.411823 0.036855
v -0.016785 0.411471 0.036304
v -0.018957 0.401855 0.044089
v -0.023006 0.410794 0.035566
v -0.026105 0.401868 0.042344
v -0.010347 0.424470 0.020215
v -0.010506 0.419014 0.028568
v -0.010457 0.428971 0.010791
v -0.010870 0.431997 0.002999
v -0.050362 0.317575 0.009252
v -0.043358 0.314407 0.019974
v -0.046933 0.316983 0.020849
v -0.052376 0.320713 0.010337
v -0.047942 0.316943 0.008255
v -0.011485 0.436339 -0.011527
v -0.011265 0.434290 -0.004254
v -0.011670 0.437682 -0.016946
v -0.011899 0.438674 -0.024126
v -0.012138 0.439003 -0.031762
v -0.070317 0.328302 -0.023220
v -0.071444 0.326497 -0.031811
v -0.069881 0.322644 -0.028938
v -0.068155 0.323068 -0.018493
v -0.075168 0.334530 -0.036821
v -0.078218 0.350399 -0.038956
v -0.077871 0.349811 -0.050046
v -0.075159 0.334466 -0.047001
v -0.014003 0.286492 0.030832
v -0.014480 0.289277 0.029969
v -0.023321 0.313039 -0.054654
v -0.005241 0.314718 -0.056791
v -0.010520 0.436587 -0.057465
v -0.009511 0.434314 -0.068184
v -0.008718 0.430619 -0.077734
v -0.032851 0.401972 0.039787
v -0.028273 0.409644 0.034962
v -0.037977 0.391314 0.044361
v -0.030310 0.391840 0.047427
v -0.025851 0.317487 -0.017424
v -0.023576 0.318552 -0.017832
v -0.015786 0.418320 0.028593
v -0.022578 0.416693 0.029275
v -0.016398 0.427822 0.011837
v -0.015693 0.423528 0.020973
v -0.027667 0.423631 0.015629
v -0.024040 0.420506 0.023062
v -0.009130 0.252093 0.057010
v -0.008610 0.250447 0.058021
v -0.010086 0.249066 0.058265
v -0.011147 0.250613 0.057098
v -0.030977 0.411872 0.031688
v -0.039421 0.402268 0.035821
v -0.040364 0.416370 0.020260
v -0.035293 0.413756 0.026813
v -0.045274 0.402883 0.030721
v -0.051423 0.404288 0.024080
v -0.017786 0.430582 0.004325
v -0.030742 0.426433 0.007809
v -0.045663 0.418899 0.011921
v -0.021667 0.434586 -0.011154
v -0.019841 0.432616 -0.003190
v -0.022350 0.435813 -0.016837
v -0.037369 0.432198 -0.016755
v -0.036362 0.430924 -0.010141
v -0.044911 0.317441 0.005680
v -0.040865 0.319207 0.003712
v -0.035781 0.317333 0.011458
v -0.036992 0.321731 0.001777
v -0.033213 0.319139 0.008981
v -0.054204 0.324466 0.020399
v -0.057756 0.325866 0.010275
v -0.054692 0.323084 0.010963
v -0.050447 0.320176 0.021238
v 0.001289 0.321614 -0.029985
v -0.066609 0.316065 -0.006771
v -0.066998 0.317735 -0.009437
v -0.052930 0.314958 -0.016544
v -0.048724 0.318943 -0.015858
v -0.051485 0.315270 -0.015059
v -0.049075 0.317939 -0.014785
v -0.053690 0.317554 -0.014351
v -0.049495 0.321009 -0.014064
v -0.049632 0.322208 -0.014190
v -0.054133 0.318782 -0.014515
v -0.034701 0.320873 -0.016607
v -0.033339 0.321524 -0.018129
v -0.031153 0.320486 -0.017720
v -0.031343 0.320221 -0.016016
v -0.032110 0.321388 -0.012265
v -0.034676 0.321649 -0.013715
v -0.032890 0.321228 -0.010812
v -0.034210 0.321394 -0.011553
v -0.033051 0.319956 -0.019805
v -0.037250 0.317613 -0.017985
v -0.027006 0.320535 -0.016657
v -0.025597 0.324673 -0.014821
v -0.036584 0.319141 -0.013381
v -0.030692 0.322332 -0.011634
v -0.035264 0.319114 -0.010340
v -0.032825 0.319872 -0.008906
v -0.024652 0.332507 0.045776
v -0.023769 0.335622 0.038521
v -0.024766 0.328527 0.045673
v -0.063074 0.318784 -0.006607
v -0.056878 0.308006 -0.018279
v -0.056779 0.307331 -0.019897
v -0.049603 0.309550 -0.016255
v -0.054871 0.307257 -0.015456
v -0.065065 0.318444 -0.007353
v -0.064941 0.317154 -0.005643
v -0.044308 0.316254 -0.011908
v -0.045203 0.316996 -0.011397
v -0.051112 0.309768 -0.012954
v -0.047062 0.313004 -0.013452
v -0.009552 0.254196 0.055755
v -0.009910 0.256385 0.054443
v -0.006594 0.258200 0.054360
v -0.006496 0.255481 0.055830
v -0.003543 0.256250 0.055981
v -0.003549 0.259071 0.054266
v -0.012067 0.252246 0.055813
v -0.012918 0.253911 0.054450
v -0.011821 0.245774 0.059136
v -0.012835 0.248143 0.057399
v -0.006728 0.261295 0.052367
v -0.010336 0.259044 0.052692
v -0.003563 0.262169 0.052024
v -0.013499 0.244195 0.058866
v -0.016382 0.266233 0.041100
v -0.016590 0.263680 0.042968
v -0.018765 0.277703 0.027398
v -0.015736 0.279894 0.031004
v -0.010960 0.262518 0.050074
v -0.006820 0.265216 0.049316
v -0.006403 0.252978 0.057180
v -0.006317 0.251069 0.058233
v -0.012223 0.300054 0.069719
v -0.011972 0.299511 0.069469
v -0.010288 0.302170 0.072166
v -0.010499 0.302686 0.072482
v -0.033517 0.257615 0.048055
v -0.032338 0.256661 0.049434
v -0.032947 0.261325 0.049646
v -0.033588 0.259454 0.048529
v -0.034961 0.261110 0.047791
v -0.035263 0.259387 0.046856
v -0.034817 0.271016 0.050150
v -0.036956 0.272784 0.049999
v -0.037349 0.266427 0.048286
v -0.035838 0.265253 0.048644
v -0.046459 0.283355 0.054368
v -0.050855 0.282419 0.052517
v -0.047540 0.273427 0.050612
v -0.042812 0.274699 0.051307
v -0.048107 0.287912 0.056037
v -0.052717 0.288326 0.053704
v -0.042102 0.288975 0.058109
v -0.042152 0.290462 0.057667
v -0.047811 0.289753 0.055425
v -0.033398 0.280810 0.052410
v -0.035366 0.280686 0.052909
v -0.038440 0.265721 0.047387
v -0.036362 0.263934 0.046993
v -0.040658 0.263716 0.046775
v -0.041393 0.264957 0.047922
v -0.044706 0.264852 0.047652
v -0.043715 0.264371 0.046332
v -0.042067 0.266434 0.048954
v -0.045809 0.266115 0.048636
v -0.052248 0.290187 0.053291
v -0.048447 0.301574 0.037070
v -0.050254 0.305167 0.036587
v -0.043006 0.310212 0.032827
v -0.040601 0.307548 0.033997
v -0.040213 0.286178 0.056361
v -0.033471 0.289401 0.058576
v -0.035115 0.292252 0.059544
v -0.058163 0.296806 0.047662
v -0.061734 0.300879 0.043826
v -0.059049 0.294897 0.047308
v -0.062340 0.290455 0.042685
v -0.060827 0.278957 0.040661
v -0.057209 0.274125 0.045835
v -0.058668 0.284548 0.046870
v -0.051842 0.272807 0.049474
v -0.053719 0.266222 0.044983
v -0.049193 0.265795 0.047831
v -0.052685 0.265041 0.044445
v -0.047887 0.264820 0.046893
v -0.027828 0.292853 0.059715
v -0.029822 0.296195 0.060049
v -0.064531 0.295088 0.040340
v -0.066265 0.290452 0.037795
v -0.059946 0.348548 0.034348
v -0.061249 0.347794 0.036688
v -0.064637 0.360193 0.031347
v -0.063759 0.359059 0.030565
v -0.056912 0.268843 0.039964
v -0.055893 0.267377 0.039500
v -0.068387 0.294373 0.032157
v -0.065529 0.284002 0.033673
v -0.065856 0.316746 0.041353
v -0.065633 0.309267 0.039459
v -0.062435 0.308034 0.043587
v -0.062030 0.314598 0.044588
v -0.011856 0.324792 0.011937
v -0.011673 0.325940 0.009476
v -0.034461 0.341592 0.061909
v -0.027666 0.341408 0.062384
v -0.026976 0.342465 0.064574
v -0.034426 0.342065 0.063997
v -0.017999 0.327205 0.007038
v -0.017968 0.330843 0.003137
v -0.008904 0.326755 0.005702
v -0.011588 0.327397 0.006937
v -0.052038 0.309207 0.040080
v -0.053090 0.314639 0.038682
v -0.055516 0.313186 0.038993
v -0.054428 0.307276 0.040534
v -0.061106 0.324889 0.047647
v -0.064039 0.326583 0.046634
v -0.057275 0.331365 0.052513
v -0.057773 0.333742 0.052160
v -0.049850 0.336466 0.058301
v -0.049838 0.338667 0.057862
v -0.042638 0.339753 0.061694
v -0.042695 0.341861 0.061304
v -0.034347 0.343864 0.064204
v -0.042001 0.339193 0.060039
v -0.049177 0.335592 0.057005
v -0.056424 0.330015 0.051681
v -0.059167 0.324440 0.047233
v -0.059976 0.315293 0.043931
v -0.065511 0.295389 0.036346
v -0.064974 0.297283 0.038202
v -0.062772 0.300017 0.037097
v -0.066388 0.368525 0.030108
v -0.066050 0.363864 0.030988
v -0.065414 0.363825 0.033005
v -0.063974 0.367189 0.034521
v -0.065557 0.361225 0.022006
v -0.064822 0.360272 0.027523
v -0.066083 0.363286 0.028795
v -0.067947 0.367657 0.024444
v -0.031381 0.257540 0.037877
v -0.032462 0.259284 0.038895
v -0.032162 0.261279 0.037373
v -0.031359 0.259208 0.036542
v -0.031508 0.266567 0.033780
v -0.030951 0.269722 0.031410
v -0.032211 0.268886 0.034873
v -0.032977 0.271823 0.035671
v -0.031579 0.274430 0.033183
v -0.031321 0.271885 0.032231
v -0.039406 0.265084 0.044298
v -0.036901 0.262495 0.044402
v -0.036379 0.263362 0.045892
v -0.038516 0.267388 0.042379
v -0.037288 0.270196 0.040653
v -0.035378 0.266334 0.040200
v -0.036169 0.264160 0.042144
v -0.042259 0.266609 0.043786
v -0.016425 0.273188 0.037201
v -0.016355 0.269253 0.038818
v -0.019528 0.264613 0.035966
v -0.003101 0.240795 0.064457
v -0.014355 0.248625 0.056096
v -0.003762 0.244641 0.062439
v -0.006919 0.244624 0.061452
v -0.006501 0.247257 0.060215
v -0.003523 0.247793 0.060940
v -0.030115 0.264688 0.052423
v -0.030078 0.256697 0.052151
v -0.029076 0.256392 0.053662
v -0.028420 0.263991 0.054219
v -0.031497 0.264534 0.051120
v -0.030884 0.256729 0.050850
v -0.039905 0.273675 0.040796
v -0.041070 0.269925 0.042223
v -0.017080 0.261011 0.045258
v -0.004636 0.285150 0.041148
v -0.005335 0.283606 0.041299
v -0.005690 0.281487 0.045058
v -0.005018 0.283190 0.044946
v -0.039154 0.283412 0.037983
v -0.041456 0.292365 0.037332
v -0.035220 0.290910 0.034346
v -0.035492 0.285979 0.035060
v -0.044099 0.277934 0.040630
v -0.049494 0.287338 0.039769
v -0.045283 0.267612 0.043223
v -0.049847 0.267177 0.042142
v -0.048506 0.270180 0.041945
v -0.044313 0.271594 0.042297
v -0.046748 0.264737 0.045605
v -0.051455 0.264763 0.043619
v -0.051316 0.273371 0.040831
v -0.056088 0.282469 0.038699
v -0.054499 0.297526 0.039033
v -0.017092 0.283611 0.061827
v -0.014887 0.291056 0.063946
v -0.015554 0.291584 0.063644
v -0.018321 0.283852 0.061413
v -0.007874 0.304472 0.075636
v -0.007933 0.305535 0.075419
v -0.010765 0.303823 0.072290
v -0.052190 0.270033 0.039001
v -0.057305 0.281873 0.032194
v -0.020776 0.275690 0.060781
v -0.019754 0.276510 0.060669
v -0.018225 0.279976 0.061151
v -0.018953 0.279613 0.061305
v -0.005784 0.279608 0.048511
v -0.005176 0.281390 0.048445
v -0.036583 0.300627 0.034522
v -0.033909 0.295635 0.033444
v -0.062686 0.307590 0.038645
v -0.063674 0.319071 0.037547
v -0.059437 0.320353 0.037907
v -0.057619 0.309135 0.037780
v -0.063489 0.333797 0.039012
v -0.059996 0.334915 0.038378
v -0.060876 0.278605 0.032309
v -0.059849 0.277722 0.031738
v -0.064530 0.288602 0.026560
v -0.063070 0.287886 0.025875
v -0.069847 0.295310 0.023743
v -0.067702 0.292978 0.022547
v -0.067979 0.291509 0.027862
v -0.069569 0.298264 0.028087
v -0.071620 0.295969 0.019851
v -0.070867 0.293184 0.018893
v -0.071585 0.300543 0.016491
v -0.071999 0.297173 0.015779
v -0.071390 0.300430 0.020368
v -0.070322 0.303951 0.008160
v -0.070763 0.300920 0.007842
v -0.071814 0.298738 0.011517
v -0.071422 0.301897 0.012380
v -0.071663 0.294385 0.015104
v -0.070905 0.291370 0.014791
v -0.069932 0.290237 0.018205
v -0.070665 0.297688 0.007233
v -0.069428 0.294153 0.006981
v -0.070569 0.293001 0.010624
v -0.071581 0.295730 0.011015
v -0.067808 0.304222 -0.000834
v -0.066825 0.299801 -0.000307
v -0.068314 0.295599 0.003077
v -0.069400 0.299758 0.003170
v -0.054673 0.267267 0.039055
v -0.058834 0.277976 0.031118
v -0.062119 0.288540 0.025424
v -0.061113 0.290552 0.026553
v -0.064193 0.293649 0.022680
v -0.068126 0.300980 0.022875
v -0.067193 0.300133 0.026809
v -0.062440 0.292108 0.027872
v -0.065231 0.290980 0.021391
v -0.068877 0.290882 0.017834
v -0.067648 0.295012 0.018378
v -0.068155 0.293672 0.007260
v -0.067280 0.296857 0.007598
v -0.068621 0.296299 0.011068
v -0.069553 0.292899 0.010591
v -0.065251 0.299693 0.000099
v -0.064160 0.301764 0.000433
v -0.065798 0.298148 0.003511
v -0.066847 0.295185 0.003314
v -0.068947 0.295880 0.014839
v -0.069448 0.302822 0.017181
v -0.068937 0.301455 0.019902
v -0.069313 0.303634 0.012886
v -0.065265 0.330902 0.044657
v -0.066453 0.318567 0.038914
v -0.066230 0.310849 0.037240
v -0.026521 0.344708 0.065079
v -0.055695 0.301583 0.038723
v -0.056252 0.303949 0.038518
v -0.051599 0.307877 0.035958
v -0.011562 0.323596 -0.021209
v -0.014610 0.322477 -0.019773
v -0.005230 0.326373 0.006114
v -0.063497 0.329767 -0.003720
v -0.060691 0.330675 0.009929
v -0.069492 0.302718 0.020722
v -0.070674 0.300509 0.024117
v -0.068371 0.301041 0.027651
v -0.068995 0.302512 0.024180
v -0.067689 0.298675 0.030870
v -0.066478 0.313396 -0.003689
v -0.064007 0.314540 -0.002523
v -0.067389 0.319662 -0.012438
v -0.065104 0.319411 -0.008913
v -0.063720 0.320263 -0.008515
v -0.065808 0.325192 -0.012428
v -0.065534 0.321655 -0.011582
v -0.069223 0.331515 -0.015522
v -0.066488 0.336082 -0.003683
v -0.066518 0.308797 0.003867
v -0.068200 0.305876 0.008303
v -0.013544 0.296563 0.066976
v -0.013923 0.297420 0.066717
v -0.021389 0.340457 0.063927
v -0.022999 0.339206 0.061702
v -0.056846 0.321994 -0.059378
v -0.059743 0.330581 -0.065434
v -0.052417 0.330820 -0.073306
v -0.049649 0.321969 -0.066000
v -0.017300 0.257090 0.047666
v -0.040722 0.321941 -0.071858
v -0.043194 0.331116 -0.079924
v -0.029374 0.331884 -0.085551
v -0.026981 0.322799 -0.076839
v -0.013235 0.296239 0.066680
v -0.024293 0.335091 0.035737
v -0.021438 0.313106 -0.039452
v -0.022301 0.312847 -0.046931
v -0.003283 0.316124 -0.048113
v -0.001913 0.317660 -0.040119
v -0.024428 0.317642 -0.014268
v -0.022141 0.318751 -0.014686
v -0.020083 0.320411 -0.010686
v -0.011027 0.323961 -0.079583
v -0.013409 0.332357 -0.089234
v -0.062563 0.321164 -0.051338
v -0.065385 0.329341 -0.056888
v -0.061323 0.309348 -0.027981
v -0.058943 0.309297 -0.040954
v -0.055795 0.306015 -0.035311
v -0.057209 0.306621 -0.022430
v -0.013823 0.286612 0.034830
v -0.013802 0.286853 0.032781
v -0.014479 0.289270 0.031988
v -0.014585 0.288700 0.034160
v -0.001011 0.320004 -0.032191
v -0.021638 0.314834 -0.031427
v -0.052691 0.304937 -0.031996
v -0.052822 0.303473 -0.024623
v -0.015335 0.250257 0.054262
v -0.018382 0.253913 0.048211
v -0.016470 0.276840 0.035675
v -0.048629 0.323401 -0.015304
v -0.030328 0.245757 0.049202
v -0.030366 0.244381 0.051191
v -0.028479 0.243782 0.053105
v -0.025620 0.241947 0.058926
v -0.027065 0.242372 0.057394
v -0.018445 0.239667 0.066061
v -0.019965 0.239995 0.064784
v -0.015946 0.239602 0.067497
v -0.013260 0.239623 0.068432
v -0.009748 0.239791 0.069473
v -0.024493 0.319712 0.010924
v -0.024687 0.315392 0.014029
v -0.026803 0.301976 0.021216
v -0.029445 0.300759 0.019926
v -0.027508 0.307690 0.017319
v -0.025055 0.310824 0.017001
v -0.032019 0.288702 0.022270
v -0.030756 0.287406 0.023572
v -0.030913 0.285173 0.024006
v -0.032476 0.287267 0.022784
v -0.032184 0.291284 0.021475
v -0.030277 0.290801 0.023793
v -0.031647 0.294440 0.020955
v -0.029188 0.294839 0.023431
v -0.012822 0.272497 0.040594
v -0.016273 0.293120 0.022457
v -0.031980 0.306501 0.049203
v -0.032519 0.311078 0.043275
v -0.034138 0.308864 0.043173
v -0.033781 0.303468 0.048748
v -0.012556 0.275509 0.038725
v -0.036365 0.310771 -0.052221
v -0.012653 0.278810 0.036797
v -0.012503 0.281768 0.034765
v -0.017720 0.253282 0.049431
v -0.008845 0.247805 0.059298
v -0.030837 0.284332 0.025453
v -0.032592 0.286662 0.024673
v -0.029816 0.284902 0.027316
v -0.030580 0.287830 0.027144
v -0.028601 0.285605 0.028920
v -0.028441 0.288963 0.028872
v -0.029065 0.285088 0.030486
v -0.028822 0.288927 0.030455
v -0.031927 0.287721 0.032559
v -0.027694 0.296583 0.025947
v -0.025117 0.304568 0.024208
v -0.028101 0.302334 0.022075
v -0.031947 0.294483 0.023281
v -0.037640 0.277929 0.038341
v -0.035948 0.273209 0.038441
v -0.034382 0.268964 0.038035
v -0.033172 0.266029 0.037224
v -0.033727 0.263635 0.039240
v -0.032118 0.263623 0.035753
v -0.031583 0.261213 0.034973
v -0.003176 0.240149 0.070427
v -0.027647 0.243433 0.054752
v -0.029361 0.281296 0.030228
v -0.002934 0.285131 0.032611
v -0.002832 0.280966 0.035070
v -0.004979 0.280608 0.035671
v -0.017814 0.251286 0.051037
v -0.028892 0.277336 0.027177
v -0.028983 0.275874 0.026860
v -0.030099 0.272897 0.028971
v -0.030031 0.274986 0.029341
v -0.028129 0.247000 0.054913
v -0.029265 0.247520 0.053486
v -0.031620 0.256177 0.038886
v -0.032320 0.254133 0.040611
v -0.032711 0.250082 0.043884
v -0.031211 0.247372 0.047219
v -0.046441 0.312286 -0.054283
v -0.053452 0.310419 -0.048537
v -0.048098 0.316278 -0.060574
v -0.055138 0.315113 -0.053957
v -0.007721 0.306125 0.069616
v -0.007684 0.303531 0.074873
v -0.026577 0.310827 0.022112
v -0.027637 0.308860 0.019921
v -0.005540 0.275235 0.039888
v -0.009565 0.274190 0.040961
v -0.009090 0.277318 0.038756
v -0.005155 0.278096 0.037639
v -0.031053 0.248937 0.049754
v -0.032143 0.249949 0.047955
v -0.008986 0.280032 0.036684
v -0.071307 0.326497 -0.042346
v -0.070135 0.337729 -0.061123
v -0.010971 0.267954 0.045708
v -0.014622 0.264443 0.046234
v -0.014729 0.260989 0.048287
v -0.011168 0.265118 0.047891
v -0.003467 0.250077 0.059681
v -0.006289 0.249363 0.059159
v -0.003481 0.251756 0.058675
v -0.003067 0.287360 0.032220
v -0.005750 0.273393 0.041508
v -0.002948 0.278478 0.036892
v -0.003172 0.275706 0.039114
v -0.004207 0.253951 0.069699
v -0.003651 0.245220 0.070548
v -0.006741 0.254597 0.069011
v -0.006657 0.245069 0.070337
v -0.009014 0.255050 0.068062
v -0.009695 0.245058 0.069298
v -0.011560 0.255142 0.066979
v -0.012869 0.244518 0.068100
v -0.013983 0.255073 0.066054
v -0.015580 0.244135 0.067019
v -0.016382 0.254939 0.065082
v -0.018194 0.243843 0.065732
v -0.018336 0.254804 0.064000
v -0.019736 0.244061 0.064489
v -0.019876 0.254604 0.063005
v -0.021135 0.244414 0.063246
v -0.021760 0.254434 0.061606
v -0.022813 0.244735 0.061776
v -0.024184 0.254922 0.059394
v -0.025490 0.245653 0.058945
v -0.025870 0.255369 0.057684
v -0.026958 0.246007 0.057390
v -0.008088 0.310070 0.073147
v -0.027779 0.256163 0.055269
v -0.030676 0.248015 0.051572
v -0.029903 0.277295 0.029757
v -0.033141 0.252452 0.044944
v -0.033254 0.255592 0.042101
v -0.035179 0.259856 0.043739
v -0.032832 0.257325 0.040201
v -0.034502 0.261670 0.041233
v -0.027936 0.323672 0.005469
v -0.022603 0.324962 0.000221
v -0.003300 0.273971 0.040761
v -0.072862 0.351421 -0.064300
v -0.032887 0.310342 -0.029219
v -0.038459 0.308814 -0.026656
v -0.008560 0.284314 0.035309
v -0.005758 0.286210 0.034776
v -0.008102 0.249275 0.058766
v -0.012766 0.276867 0.045625
v -0.015976 0.277864 0.045474
v -0.015857 0.275075 0.049250
v -0.012360 0.274645 0.049139
v -0.018200 0.280766 0.048596
v -0.017559 0.276898 0.049049
v -0.018567 0.278520 0.052518
v -0.017466 0.274733 0.052937
v -0.018145 0.275530 0.056836
v -0.019415 0.269606 0.060942
v -0.019314 0.261680 0.062592
v -0.017538 0.261675 0.063212
v -0.021657 0.240321 0.063601
v -0.022804 0.261662 0.060236
v -0.024486 0.262342 0.058456
v -0.023356 0.240707 0.062102
v -0.011675 0.307894 0.070553
v -0.015525 0.299988 0.065287
v -0.012561 0.301309 0.069474
v -0.013936 0.304816 0.067714
v -0.027225 0.263381 0.055478
v -0.031250 0.281832 0.053405
v -0.027251 0.272856 0.052927
v -0.024541 0.273009 0.055599
v -0.025421 0.282608 0.056273
v -0.009429 0.267161 0.062044
v -0.010469 0.262160 0.065028
v -0.008180 0.262272 0.066079
v -0.007138 0.268001 0.063135
v -0.012201 0.266980 0.061417
v -0.013098 0.261944 0.064278
v -0.005889 0.268034 0.064454
v -0.006524 0.262189 0.066925
v -0.006447 0.239841 0.070589
v -0.004479 0.261502 0.068180
v -0.031410 0.291991 0.032046
v -0.028359 0.292761 0.030319
v -0.004197 0.287045 0.037561
v -0.004971 0.285615 0.037756
v -0.063816 0.337606 0.009776
v -0.061292 0.337551 0.019978
v -0.064046 0.348375 0.020437
v -0.066431 0.347999 0.009911
v -0.032291 0.314701 0.015378
v -0.055887 0.292239 0.050776
v -0.049406 0.293114 0.048927
v -0.051972 0.294892 0.047027
v -0.003422 0.288796 0.034108
v -0.004356 0.287302 0.034472
v -0.042370 0.314175 0.026484
v -0.038389 0.313499 0.024024
v -0.067812 0.361546 0.010559
v -0.015628 0.291623 0.056546
v -0.014521 0.295911 0.057313
v -0.014261 0.293131 0.060822
v -0.015677 0.288027 0.059153
v -0.056453 0.290469 0.050885
v -0.030952 0.297042 0.031787
v -0.027584 0.298000 0.030071
v -0.009660 0.303817 0.068418
v -0.010081 0.301673 0.071691
v -0.013466 0.281963 0.032698
v -0.028931 0.278781 0.027841
v -0.004906 0.308515 0.028709
v -0.005227 0.311659 0.026554
v -0.008012 0.314386 0.029533
v -0.008254 0.315332 0.027340
v -0.010801 0.323227 0.030536
v -0.010831 0.324318 0.027139
v -0.014605 0.321935 0.030691
v -0.015042 0.324040 0.027173
v -0.016346 0.314211 0.031047
v -0.016055 0.314957 0.027931
v -0.016271 0.308407 0.031627
v -0.016399 0.309842 0.028579
v -0.017213 0.303135 0.032083
v -0.017260 0.304759 0.029131
v -0.016472 0.297713 0.032535
v -0.016496 0.299326 0.029902
v -0.003914 0.271514 0.064295
v -0.004227 0.268044 0.066144
v -0.009873 0.308879 0.054175
v -0.008670 0.308369 0.063837
v -0.011274 0.303509 0.064150
v -0.012545 0.305660 0.054954
v -0.007125 0.306094 0.053976
v -0.005369 0.307072 0.064516
v -0.006640 0.273724 0.055962
v -0.005835 0.277831 0.051830
v -0.006716 0.276103 0.051961
v -0.006723 0.278033 0.048556
v -0.006731 0.280013 0.045129
v -0.006375 0.282352 0.041382
v -0.006113 0.284541 0.037853
v -0.008450 0.282812 0.038071
v -0.008662 0.280311 0.041579
v -0.012678 0.284892 0.035405
v -0.012869 0.284971 0.033471
v -0.010952 0.284081 0.035532
v -0.004772 0.270864 0.063788
v -0.009272 0.277517 0.045322
v -0.008992 0.275463 0.048729
v -0.008742 0.273285 0.052318
v -0.054078 0.282652 0.050718
v -0.068498 0.319714 -0.036697
v -0.016256 0.294489 0.035801
v -0.012948 0.283629 0.038342
v -0.013477 0.284123 0.031584
v -0.030016 0.291430 0.026782
v -0.033352 0.289945 0.023853
v -0.018486 0.282173 0.025002
v -0.078400 0.369141 -0.051100
v -0.073047 0.370126 -0.066551
v -0.028581 0.283513 0.025158
v -0.028251 0.285948 0.025192
v -0.017918 0.293271 0.022386
v -0.043603 0.306549 -0.023202
v -0.027226 0.290006 0.025645
v -0.025777 0.294925 0.025346
v -0.033307 0.290203 0.021503
v -0.005254 0.279755 0.051713
v -0.040387 0.315407 -0.012426
v -0.038648 0.317838 -0.010304
v -0.018258 0.304653 0.018553
v -0.017866 0.298600 0.020664
v -0.037791 0.311096 0.039930
v -0.036325 0.306627 0.043135
v -0.035699 0.313044 0.039570
v -0.030455 0.315140 0.013152
v -0.028864 0.310484 0.016500
v -0.029142 0.311375 0.018299
v -0.077608 0.384191 -0.050513
v -0.071369 0.385108 -0.067488
v -0.073330 0.397946 -0.049986
v -0.066743 0.397466 -0.067158
v -0.005853 0.330555 -0.005085
v -0.047090 0.313280 0.029572
v -0.037496 0.312532 0.029656
v -0.027646 0.311487 0.014740
v -0.022544 0.326984 0.005675
v -0.017586 0.301999 0.063815
v -0.020018 0.303397 0.062349
v -0.023457 0.298029 0.060970
v -0.020923 0.295674 0.061800
v -0.026997 0.345955 0.053271
v -0.022478 0.343699 0.052562
v -0.023823 0.304670 0.059506
v -0.022246 0.304293 0.061017
v -0.019984 0.308395 0.061717
v -0.021658 0.308498 0.059715
v -0.017600 0.308133 0.063596
v -0.015525 0.307155 0.065601
v -0.018470 0.339648 0.051661
v -0.019458 0.335433 0.060670
v -0.018362 0.312867 0.061913
v -0.020078 0.312451 0.059830
v -0.016135 0.313098 0.063944
v -0.012762 0.312802 0.067554
v -0.021160 0.285170 0.060681
v -0.017681 0.293183 0.062839
v -0.025611 0.289295 0.059942
v -0.032780 0.314693 -0.022567
v -0.039311 0.298890 0.046577
v -0.043345 0.298783 0.044635
v -0.044373 0.294757 0.047816
v -0.039743 0.294978 0.050218
v -0.045773 0.299734 0.043486
v -0.047562 0.296026 0.046106
v -0.017312 0.324652 0.059615
v -0.015751 0.324187 0.061653
v -0.016022 0.329081 0.062314
v -0.017765 0.329477 0.060229
v -0.013134 0.324006 0.063328
v -0.013061 0.330040 0.063876
v -0.011265 0.339222 0.066720
v -0.008159 0.340413 0.066883
v -0.010583 0.332033 0.064899
v -0.008048 0.333779 0.065106
v -0.010802 0.325060 0.064633
v -0.008092 0.327121 0.065140
v -0.018532 0.318566 0.059621
v -0.016635 0.318641 0.061675
v -0.014244 0.318611 0.063690
v -0.011751 0.318456 0.065849
v -0.008348 0.320553 0.066901
v -0.015724 0.285212 0.061200
v -0.014095 0.291336 0.063121
v -0.014453 0.291028 0.063748
v -0.016396 0.284117 0.061715
v -0.012962 0.295972 0.066175
v -0.011702 0.299203 0.068995
v -0.065253 0.360350 0.032615
v -0.007773 0.304167 0.075313
v -0.022875 0.269496 0.059842
v -0.021670 0.268655 0.060772
v -0.020608 0.269026 0.060967
v -0.017227 0.282123 0.057051
v -0.018652 0.277598 0.060427
v -0.012985 0.298092 0.061797
v -0.014114 0.300954 0.055542
v -0.017173 0.285873 0.052254
v -0.016445 0.294340 0.052335
v -0.015765 0.298655 0.052463
v -0.014742 0.302679 0.052157
v -0.012837 0.307034 0.051312
v -0.010292 0.309702 0.050355
v -0.015765 0.309727 0.038623
v -0.016296 0.312182 0.034565
v -0.014375 0.316487 0.034179
v -0.013914 0.313327 0.038199
v -0.016450 0.304868 0.038993
v -0.016398 0.306893 0.035053
v -0.016897 0.299432 0.039255
v -0.017018 0.301337 0.035382
v -0.016383 0.292794 0.039781
v -0.014231 0.281255 0.041749
v -0.011683 0.279993 0.041858
v -0.010923 0.282676 0.038357
v -0.004542 0.290006 0.040437
v -0.004105 0.291833 0.036661
v -0.003871 0.300657 0.031052
v 0.023913 0.347509 0.058327
v 0.024279 0.348609 0.058871
v -0.005458 0.292122 0.054242
v -0.006009 0.300488 0.053784
v -0.006082 0.301294 0.050159
v -0.005494 0.293089 0.051030
v -0.005434 0.306835 0.032931
v -0.005655 0.305350 0.037155
v -0.008003 0.311149 0.036935
v -0.007982 0.312719 0.032951
v -0.011159 0.314453 0.037704
v -0.010985 0.317559 0.033823
v -0.013472 0.311071 0.042551
v -0.015303 0.307261 0.043069
v -0.016411 0.302736 0.043370
v -0.016833 0.297523 0.043576
v -0.016693 0.290569 0.043997
v -0.008814 0.270488 0.056640
v -0.004919 0.288181 0.044447
v -0.005018 0.283723 0.054723
v -0.003356 0.293598 0.033079
v -0.005191 0.285079 0.051475
v -0.005847 0.303820 0.041774
v -0.007983 0.309623 0.041348
v -0.010986 0.312823 0.041933
v -0.016779 0.295854 0.048006
v -0.016205 0.300653 0.048021
v -0.017766 0.306116 0.026408
v -0.016681 0.311412 0.025547
v -0.070656 0.370389 0.010823
v -0.016540 0.300432 0.027408
v -0.005547 0.313631 0.024924
v -0.008630 0.316249 0.025280
v -0.011237 0.324694 0.023437
v -0.015603 0.325853 0.022769
v -0.016098 0.316109 0.024871
v -0.013098 0.308981 0.047087
v -0.015004 0.304904 0.047765
v -0.010636 0.311200 0.046372
v -0.007904 0.308045 0.045977
v -0.007785 0.306725 0.049988
v -0.005973 0.302402 0.046338
v 0.025712 0.347364 0.057786
v -0.005087 0.286522 0.048160
v -0.043359 0.335738 0.036599
v -0.045513 0.329780 0.036824
v -0.044381 0.328650 0.036449
v -0.043194 0.330771 0.036071
v -0.011975 0.271989 0.052852
v -0.015283 0.272642 0.053110
v -0.017139 0.288432 0.048046
v -0.005360 0.294192 0.047541
v -0.005200 0.295620 0.043383
v -0.004479 0.298949 0.034880
v -0.038131 0.334563 0.035391
v -0.038725 0.331416 0.035741
v -0.038063 0.331296 0.035732
v -0.037443 0.333814 0.035193
v -0.064758 0.412305 -0.049075
v -0.058213 0.410861 -0.065453
v -0.004861 0.297276 0.038976
v -0.038125 0.328243 0.036171
v -0.039931 0.331701 0.035717
v -0.039816 0.327602 0.036071
v -0.016056 0.316761 0.022721
v -0.015366 0.324893 0.021513
v -0.060565 0.318641 -0.021885
v -0.062070 0.317532 -0.023704
v -0.060685 0.311965 -0.022271
v -0.059579 0.313518 -0.020810
v -0.025866 0.323331 0.046545
v -0.013314 0.323686 -0.014194
v -0.016461 0.321555 -0.018761
v -0.005042 0.332873 -0.005274
v -0.020541 0.320542 -0.021694
v -0.069547 0.380512 0.020844
v -0.073967 0.381406 0.009057
v -0.065088 0.391775 0.018076
v -0.071040 0.394058 0.006860
v -0.024877 0.324411 -0.012368
v -0.063704 0.320071 -0.022647
v -0.066898 0.319515 -0.025388
v -0.062796 0.316492 -0.026416
v -0.039779 0.307849 0.041508
v -0.039294 0.304882 0.042919
v -0.017116 0.321880 0.014250
v -0.011591 0.322946 0.015109
v -0.009501 0.321162 0.018698
v -0.016817 0.319117 0.018489
v -0.050146 0.304476 0.041376
v -0.052186 0.301021 0.042870
v -0.049769 0.297819 0.044630
v -0.047695 0.301572 0.042454
v -0.014064 0.317836 0.021090
v -0.011058 0.318622 0.021388
v -0.012529 0.323359 0.021014
v -0.013888 0.323728 0.020720
v -0.049665 0.307382 -0.018244
v -0.050624 0.304242 -0.020802
v -0.027520 0.317845 0.047339
v -0.029672 0.316266 0.041686
v -0.029187 0.313075 0.048345
v -0.056227 0.316837 -0.006513
v -0.056854 0.317563 -0.007746
v -0.051984 0.322164 -0.008935
v -0.050434 0.322843 -0.008278
v -0.056807 0.320050 -0.011295
v -0.060678 0.318087 -0.014055
v -0.059044 0.314831 -0.012983
v -0.057334 0.317173 -0.011782
v -0.053534 0.321463 -0.009574
v -0.057380 0.317889 -0.008536
v -0.056664 0.312123 -0.012016
v -0.058775 0.314697 -0.013662
v -0.056765 0.312675 -0.013260
v -0.057430 0.315607 -0.019288
v -0.058118 0.319637 -0.020222
v -0.045715 0.319199 -0.010517
v -0.052416 0.314499 -0.011302
v -0.031548 0.328660 -0.011209
v -0.030225 0.325878 -0.011503
v -0.046248 0.320645 -0.010008
v -0.052382 0.317318 -0.010385
v -0.055543 0.309043 -0.015617
v -0.056510 0.309783 -0.017504
v -0.058566 0.320882 -0.019064
v -0.033699 0.309176 -0.003672
v -0.034137 0.308191 -0.003866
v -0.033109 0.307768 -0.003194
v -0.039507 0.317754 -0.009329
v -0.036096 0.314810 -0.008348
v -0.036996 0.314801 -0.007478
v -0.035209 0.311396 -0.005619
v -0.034552 0.311011 -0.006182
v -0.033712 0.307579 -0.004190
v -0.032784 0.308318 -0.004225
v -0.032115 0.309761 -0.003998
v -0.032092 0.310686 -0.003738
v -0.032885 0.310270 -0.003602
v -0.055410 0.316188 -0.010843
v -0.065004 0.300730 0.039987
v -0.058592 0.320171 -0.017153
v -0.058298 0.317846 -0.015146
v -0.055773 0.314849 -0.013879
v -0.054784 0.311686 -0.015380
v -0.057045 0.316307 -0.014212
v -0.055777 0.311974 -0.017075
v -0.032953 0.316580 -0.007399
v -0.032585 0.313608 -0.005897
v -0.033407 0.312020 -0.006288
v -0.034389 0.315669 -0.008391
v -0.034811 0.312406 -0.005321
v -0.036459 0.315452 -0.006823
v -0.033782 0.313736 -0.005213
v -0.034876 0.316415 -0.006397
v -0.032725 0.314382 -0.005426
v -0.033217 0.316718 -0.006413
v -0.065706 0.302046 0.037844
v -0.047214 0.423119 -0.063641
v -0.051618 0.424851 -0.047611
v -0.035748 0.432842 -0.045899
v -0.031848 0.430904 -0.061085
v -0.054364 0.316776 -0.002732
v -0.051457 0.318584 -0.003312
v -0.057174 0.315592 -0.002422
v -0.050322 0.319528 -0.004332
v -0.060740 0.316900 -0.015038
v -0.061236 0.320233 -0.018061
v -0.044825 0.324316 -0.006419
v -0.050132 0.321112 -0.005967
v -0.043888 0.324663 -0.007836
v -0.037655 0.324706 -0.007515
v -0.037650 0.319948 -0.007493
v -0.034083 0.321656 -0.007784
v -0.039254 0.318616 -0.008167
v -0.068131 0.307889 -0.001013
v -0.067132 0.311310 -0.003532
v -0.066553 0.309212 -0.002990
v -0.064614 0.320431 -0.018790
v -0.067242 0.320548 -0.018698
v -0.068890 0.320603 -0.027025
v -0.064270 0.314380 -0.030657
v -0.047686 0.388674 0.040445
v -0.005993 0.333225 -0.005523
v -0.005444 0.333607 -0.005529
v -0.031073 0.328020 -0.008908
v -0.038865 0.325185 -0.006248
v -0.060824 0.310620 -0.024194
v -0.034030 0.314560 0.039208
v -0.031130 0.313172 0.042864
v -0.032635 0.315999 0.038946
v -0.065018 0.311685 0.036328
v -0.063606 0.303959 0.036848
v -0.062098 0.320597 -0.018048
v -0.058107 0.318751 0.039990
v -0.021862 0.436526 -0.044624
v -0.019569 0.434874 -0.059002
v -0.011649 0.438318 -0.043721
v -0.033748 0.345535 0.047283
v -0.039175 0.345575 0.046275
v -0.037324 0.345139 0.042319
v -0.033938 0.345730 0.043771
v -0.030975 0.341449 -0.092011
v -0.014419 0.342642 -0.095358
v -0.041238 0.313182 -0.015321
v -0.041786 0.311280 -0.017828
v -0.060761 0.314292 -0.045650
v -0.028775 0.282338 0.025956
v -0.065521 0.310015 -0.004979
v -0.065945 0.308461 -0.002643
v -0.019543 0.279689 0.025597
v -0.057899 0.405848 0.015507
v -0.063460 0.408177 0.004339
v -0.041976 0.307090 0.041318
v -0.042265 0.304607 0.041925
v -0.007142 0.316877 0.022414
v -0.013104 0.282679 0.032215
v -0.041507 0.331781 0.035747
v -0.041315 0.327032 0.036147
v -0.020011 0.278466 0.025860
v -0.028778 0.282035 0.027139
v -0.034171 0.429038 -0.000913
v -0.024047 0.302239 0.023026
v -0.022467 0.310307 0.018583
v -0.020943 0.261488 0.061681
v -0.061557 0.320358 -0.020810
v -0.024420 0.306216 0.026874
v -0.026294 0.312747 0.024976
v -0.066339 0.290538 0.021881
v -0.069871 0.291896 0.014421
v -0.065074 0.312241 -0.000448
v -0.069388 0.303351 0.003410
v -0.068568 0.307080 0.003580
v -0.067388 0.310597 -0.000992
v -0.034711 0.310892 0.031095
v -0.032595 0.313812 0.026711
v -0.029371 0.313009 0.028167
v -0.057792 0.329898 0.019991
v -0.053999 0.330481 0.038758
v -0.055925 0.329286 0.040572
v -0.056106 0.320275 0.038592
v -0.053719 0.321478 0.037784
v -0.009185 0.317579 0.023224
v -0.028766 0.335608 0.035907
v -0.030600 0.336880 0.036540
v -0.029758 0.332474 0.035670
v -0.029154 0.332957 0.035515
v -0.027519 0.331245 0.035497
v -0.028569 0.330755 0.035572
v -0.050177 0.421394 0.001808
v -0.039940 0.345114 0.049255
v -0.046392 0.341408 0.047450
v -0.045123 0.342515 0.044633
v -0.022308 0.321328 0.049781
v -0.020690 0.327449 0.048806
v -0.033655 0.346248 0.050319
v -0.003516 0.253620 0.057550
v -0.055794 0.322783 0.035306
v -0.056071 0.326775 0.027951
v -0.052079 0.319409 0.028436
v -0.053677 0.313450 0.035234
v -0.057705 0.336219 0.035870
v -0.059191 0.336996 0.027768
v -0.061725 0.301706 0.038882
v -0.028800 0.316883 0.010706
v -0.054294 0.298216 0.044566
v -0.061211 0.298681 0.039104
v -0.038836 0.284410 0.055553
v -0.015425 0.261761 0.063771
v -0.032799 0.268081 0.050944
v -0.030040 0.271176 0.051266
v -0.021975 0.276332 0.060096
v -0.034531 0.263515 0.049128
v -0.028323 0.285694 0.056729
v -0.031541 0.283942 0.054507
v -0.023034 0.283064 0.059467
v -0.025127 0.285878 0.059092
v -0.031885 0.287192 0.058263
v -0.031545 0.282895 0.053163
v -0.034033 0.290516 0.051401
v -0.034628 0.290298 0.051001
v -0.033388 0.282135 0.052217
v -0.035376 0.293820 0.058883
v -0.030218 0.297669 0.059113
v -0.028442 0.307374 0.018298
v -0.029566 0.313661 0.023603
v -0.029120 0.312490 0.020688
v -0.033684 0.346418 0.053429
v -0.040557 0.344091 0.052337
v -0.047407 0.339776 0.050410
v -0.053890 0.333256 0.047083
v -0.057346 0.327612 0.042863
v -0.036030 0.300362 0.048518
v -0.035623 0.297503 0.051828
v -0.032273 0.300750 0.051841
v -0.026763 0.301050 0.059316
v -0.028057 0.301569 0.055062
v -0.030924 0.298456 0.054980
v -0.024649 0.305264 0.054587
v -0.017638 0.319788 0.052498
v -0.019695 0.313718 0.053449
v -0.016710 0.327023 0.051971
v -0.017166 0.333295 0.051897
v -0.025935 0.310854 0.051517
v -0.024108 0.315860 0.050762
v -0.020907 0.332979 0.048833
v -0.030491 0.309288 0.048730
v -0.027877 0.307149 0.051809
v -0.065526 0.332843 0.040356
v -0.065635 0.346096 0.039127
v -0.063836 0.346718 0.037292
v -0.019968 0.280467 0.060825
v -0.042738 0.326047 0.036387
v -0.044232 0.324717 0.036858
v -0.040830 0.336927 0.035533
v -0.037519 0.313797 -0.020508
v -0.011826 0.269457 0.056939
v -0.043622 0.319768 0.037663
v -0.041704 0.320807 0.037407
v -0.062409 0.312330 -0.006651
v -0.058222 0.349846 0.047544
v -0.058637 0.338599 0.051140
v -0.050417 0.343900 0.056882
v -0.049181 0.353168 0.053322
v -0.008327 0.315238 0.069840
v -0.022720 0.436787 -0.024197
v -0.037605 0.433130 -0.024492
v -0.054838 0.425032 -0.024766
v -0.055000 0.424028 -0.016732
v -0.069062 0.411676 -0.025024
v -0.068934 0.411049 -0.016819
v -0.077511 0.396691 -0.026042
v -0.077111 0.396282 -0.016319
v -0.080533 0.383309 -0.037662
v -0.081331 0.382479 -0.027152
v -0.076403 0.397467 -0.036527
v -0.067999 0.412409 -0.035234
v -0.054321 0.425505 -0.033834
v -0.037383 0.433660 -0.032672
v -0.022835 0.437216 -0.032148
v -0.080758 0.368450 -0.038989
v -0.016127 0.424197 -0.087051
v -0.016050 0.429515 -0.078292
v -0.021956 0.423933 -0.085580
v -0.025144 0.426340 -0.079975
v -0.048808 0.316868 0.038890
v -0.048633 0.322661 0.038140
v -0.048207 0.312704 0.039543
v -0.047408 0.309573 0.040200
v -0.017664 0.432605 -0.069441
v -0.025416 0.300025 0.060246
v -0.055633 0.315950 -0.005233
v -0.065384 0.360764 0.034532
v -0.054704 0.378511 0.040126
v -0.048205 0.377334 0.045445
v -0.045534 0.383199 0.043861
v -0.006558 0.326745 0.003798
v -0.065763 0.319591 0.037498
v -0.050712 0.337120 0.042093
v -0.052431 0.335429 0.044494
v -0.030187 0.300574 0.020300
v -0.032948 0.293627 0.020880
v -0.064240 0.346522 0.042259
v -0.044343 0.310856 0.039937
v -0.028760 0.428735 -0.071748
v -0.046194 0.336849 0.038882
v -0.042024 0.342023 0.040680
v -0.017620 0.280283 0.060705
v -0.053736 0.422731 -0.008348
v -0.067084 0.409760 -0.006150
v -0.035184 0.344648 0.039803
v -0.031642 0.345044 0.042713
v -0.042588 0.421035 -0.075093
v -0.052345 0.409611 -0.078045
v -0.035850 0.419090 -0.083644
v -0.044583 0.408554 -0.087836
v -0.027229 0.417898 -0.090327
v -0.034980 0.407331 -0.095900
v -0.019020 0.416467 -0.094942
v -0.024175 0.405196 -0.102058
v -0.010173 0.404606 -0.103936
v -0.038930 0.335897 0.035456
v -0.015111 0.381458 -0.107675
v -0.012727 0.392975 -0.107495
v -0.022302 0.392484 0.049207
v -0.031885 0.353769 -0.097006
v -0.015257 0.355265 -0.099395
v -0.062036 0.348392 0.027685
v -0.039979 0.384234 0.047041
v -0.032701 0.384665 0.049870
v -0.054232 0.389699 0.033445
v -0.059703 0.390643 0.026844
v -0.074830 0.395323 -0.004430
v -0.029205 0.343445 0.041708
v -0.032996 0.344002 0.038207
v -0.060021 0.397160 -0.080129
v -0.051147 0.396961 -0.090473
v -0.042021 0.395366 -0.099072
v -0.029382 0.393776 -0.105181
v -0.037645 0.341845 0.036046
v -0.035903 0.339260 0.035898
v -0.031249 0.341004 0.037535
v -0.014174 0.393084 0.050124
v -0.077648 0.382174 -0.003462
v -0.080142 0.382534 -0.016266
v -0.027305 0.340805 0.040629
v -0.025275 0.337551 0.045287
v -0.064481 0.385074 -0.079922
v -0.056194 0.384738 -0.090528
v -0.046007 0.383473 -0.098419
v -0.032089 0.381877 -0.104805
v -0.032543 0.368924 -0.101420
v -0.015872 0.369714 -0.104220
v -0.024976 0.337225 0.039592
v -0.065105 0.308156 -0.002320
v -0.065055 0.379695 0.028796
v -0.060444 0.378819 0.034509
v -0.025383 0.384800 0.051938
v -0.015809 0.385497 0.053587
v -0.016124 0.380117 0.056162
v -0.016124 0.373842 0.058880
v -0.026698 0.379106 0.054100
v -0.034138 0.378658 0.052072
v -0.034636 0.372406 0.054229
v -0.027169 0.373102 0.056509
v -0.041862 0.371489 0.051200
v -0.041439 0.378150 0.049028
v -0.049015 0.370746 0.047536
v -0.057042 0.369254 0.042061
v -0.042348 0.347206 0.058917
v -0.041247 0.355517 0.056565
v -0.033692 0.348719 0.061638
v -0.033701 0.357080 0.059228
v -0.025848 0.348968 0.064678
v -0.026294 0.357765 0.061899
v -0.041979 0.314051 0.038257
v -0.039585 0.314846 0.037877
v -0.040642 0.317500 0.037602
v -0.042852 0.316410 0.037863
v -0.045845 0.318538 0.038234
v -0.045244 0.314765 0.038691
v -0.074028 0.371401 -0.003420
v -0.077506 0.370825 -0.016766
v -0.080329 0.369517 -0.028173
v -0.035406 0.336020 0.035638
v -0.035612 0.330412 0.035857
v -0.033787 0.326094 0.036237
v -0.066467 0.370039 -0.077899
v -0.057669 0.369795 -0.087757
v -0.047136 0.369284 -0.095262
v -0.014721 0.366717 0.061497
v -0.027135 0.366154 0.059222
v -0.034413 0.365380 0.056767
v -0.041421 0.364519 0.053929
v -0.048380 0.363297 0.050093
v -0.057002 0.362003 0.044248
v -0.064221 0.361161 0.037515
v -0.037685 0.316007 0.037917
v -0.038808 0.318565 0.037587
v -0.071679 0.359448 -0.003509
v -0.074410 0.356495 -0.017117
v -0.076110 0.353485 -0.028593
v -0.027629 0.327963 0.035676
v -0.027871 0.329425 0.035583
v -0.031847 0.322121 0.036846
v -0.031034 0.320970 0.037065
v -0.043726 0.307139 0.041094
v -0.065753 0.352325 -0.074272
v -0.056827 0.352595 -0.083297
v -0.046537 0.352971 -0.090853
v -0.035976 0.317127 0.037647
v -0.037081 0.319487 0.037211
v -0.034723 0.317990 0.037428
v -0.035054 0.320298 0.036811
v -0.069872 0.345675 -0.003537
v -0.072770 0.341605 -0.017154
v -0.074069 0.337510 -0.027616
v -0.063965 0.309037 -0.001986
v -0.042902 0.308585 0.040821
v -0.027225 0.338058 0.038305
v -0.063357 0.339399 -0.070155
v -0.054916 0.339958 -0.078558
v -0.045182 0.340579 -0.085682
v -0.019291 0.343405 0.065285
v -0.038384 0.343814 0.059663
v -0.045900 0.323895 0.037464
v -0.033450 0.320485 0.036999
v -0.033653 0.317174 0.037752
v -0.027411 0.336446 0.036280
v -0.014582 0.337442 0.065150
v -0.017781 0.335459 0.063137
v -0.045541 0.291528 0.051115
v -0.031800 0.304929 0.031880
v -0.027219 0.306689 0.029514
v -0.054815 0.316094 -0.003701
v -0.026670 0.327795 0.035678
v -0.026748 0.329615 0.035521
v -0.048166 0.330030 0.037928
v -0.036388 0.323562 0.036354
v -0.038500 0.322754 0.036742
v -0.039329 0.316493 -0.065990
v -0.034388 0.325188 0.036405
v -0.032045 0.320561 0.037100
v -0.031535 0.318259 0.037616
v -0.036347 0.329678 0.036003
v -0.036542 0.334162 0.035317
v -0.037778 0.312891 -0.059354
v -0.025705 0.297696 0.028116
v -0.040459 0.291794 0.053925
v -0.021433 0.339026 0.048222
v -0.030132 0.303901 0.052246
v -0.011514 0.324113 0.022211
v -0.016767 0.284037 0.058852
v -0.027480 0.292539 0.028646
v -0.035068 0.294874 0.055106
v -0.030641 0.318338 0.039197
v -0.021945 0.309324 0.054078
v -0.037363 0.328483 0.036598
v -0.035156 0.324050 0.036504
v -0.038962 0.266347 0.047939
v -0.040130 0.321839 0.037205
v -0.028689 0.281945 0.028509
v -0.025978 0.336130 0.036447
v -0.038985 0.312957 0.038446
v -0.036875 0.314089 0.038509
v -0.039626 0.342005 0.037672
v -0.034831 0.315659 0.037959
v -0.041263 0.312838 0.038502
v -0.042810 0.311172 0.039716
v -0.035505 0.289945 0.051417
v -0.035148 0.281536 0.052790
v -0.031890 0.284337 0.054172
v -0.033714 0.283991 0.054971
v -0.033748 0.284738 0.054322
v -0.035659 0.282259 0.054392
v -0.035312 0.283185 0.053962
v -0.039511 0.273876 0.050490
v -0.035748 0.290008 0.052137
v -0.034897 0.290750 0.052283
v -0.034110 0.290919 0.051943
v -0.039006 0.267010 0.048361
v 0.027577 0.347302 0.061769
v 0.027421 0.347122 0.060919
v -0.019522 0.321934 -0.006416
v -0.017423 0.322181 -0.002196
v -0.012608 0.322588 0.001917
v -0.009548 0.324478 0.003056
v -0.008162 0.326005 0.002903
v -0.008464 0.327232 0.000778
v -0.007503 0.326915 0.002474
v -0.020287 0.320048 -0.018632
v -0.017708 0.321212 -0.014476
v -0.016744 0.322416 -0.010561
v -0.015985 0.323630 -0.006429
v -0.013824 0.324161 -0.002434
v -0.010291 0.324780 0.001601
v -0.032231 0.320925 0.035415
v -0.031715 0.318696 0.035924
v -0.026980 0.330560 0.033744
v -0.027711 0.332236 0.033723
v -0.042909 0.308605 0.039226
v -0.043672 0.310161 0.038552
v -0.041541 0.312641 0.036961
v -0.035183 0.315635 0.036384
v -0.033575 0.317489 0.036102
v -0.038814 0.313206 0.036824
v -0.036709 0.314343 0.036887
v -0.027468 0.338502 0.034755
v -0.025033 0.338500 0.035778
v -0.022328 0.335319 0.035627
v -0.033377 0.320774 0.035348
v -0.034891 0.325514 0.034776
v -0.036968 0.328719 0.035000
v -0.038393 0.331531 0.034058
v -0.029489 0.316840 0.038927
v -0.031811 0.314425 0.038476
v -0.026565 0.321138 0.037927
v -0.037775 0.334034 0.033519
v -0.036547 0.334650 0.033597
v -0.036566 0.330331 0.034261
v -0.034570 0.325539 0.034714
v -0.026910 0.328698 0.033909
v -0.033205 0.312989 0.038737
v -0.035178 0.311789 0.038694
v -0.029012 0.337031 0.034178
v -0.041757 0.306674 0.039907
v -0.029403 0.334410 0.033782
v -0.039631 0.306467 0.040568
v -0.037268 0.309839 0.039053
v -0.022455 0.331217 0.036842
v -0.023867 0.326977 0.036479
v 0.031108 0.348323 0.060163
v 0.027871 0.347429 0.061799
v 0.028197 0.345702 0.062940
v 0.031737 0.344312 0.062572
v 0.022061 0.349421 0.062582
v 0.025472 0.347691 0.062505
v -0.036331 0.344318 0.060372
v 0.025860 0.345907 0.063652
v 0.023365 0.351292 0.056288
v 0.025628 0.351089 0.055597
v 0.026131 0.348440 0.058305
v 0.025112 0.349789 0.054966
v 0.022913 0.349962 0.055626
v 0.023033 0.345035 0.065180
f 1 2 3
f 1 3 4
f 5 6 7
f 5 7 8
f 9 10 11
f 9 11 12
f 13 14 15
f 13 15 16
f 17 18 19
f 17 19 20
f 21 22 23
f 21 23 24
f 2 25 26
f 2 26 3
f 27 28 29
f 27 29 30
f 27 31 32
f 27 32 28
f 33 34 35
f 33 35 36
f 37 38 39
f 37 39 40
f 41 42 43
f 41 43 44
f 18 17 45
f 18 45 46
f 47 48 49
f 47 49 50
f 51 52 53
f 51 53 54
f 27 30 11
f 27 11 10
f 25 2 55
f 25 55 56
f 57 58 59
f 57 59 60
f 61 62 63
f 61 63 64
f 65 66 67
f 65 67 68
f 69 70 62
f 69 62 61
f 61 64 71
f 61 71 72
f 73 74 75
f 73 75 76
f 10 77 31
f 10 31 27
f 38 78 64
f 38 64 63
f 79 80 74
f 79 74 73
f 73 76 81
f 73 81 82
f 83 84 76
f 83 76 75
f 69 61 72
f 69 72 85
f 70 69 86
f 70 86 87
f 19 88 89
f 19 89 20
f 42 90 91
f 42 91 43
f 79 73 82
f 79 82 92
f 93 94 95
f 93 95 96
f 97 98 99
f 97 99 31
f 100 71 64
f 100 64 78
f 78 38 37
f 78 37 95
f 101 102 34
f 101 34 33
f 86 69 85
f 86 85 103
f 104 105 106
f 104 106 107
f 57 60 108
f 57 108 109
f 94 100 78
f 94 78 95
f 110 17 20
f 110 20 111
f 112 101 45
f 112 45 113
f 80 79 114
f 80 114 115
f 116 117 118
f 116 118 119
f 120 116 121
f 120 121 122
f 123 124 125
f 123 125 126
f 113 45 17
f 113 17 110
f 127 128 129
f 127 129 130
f 16 131 132
f 16 132 133
f 134 81 76
f 134 76 84
f 68 135 136
f 68 136 137
f 138 139 135
f 138 135 140
f 141 142 143
f 141 143 144
f 104 145 146
f 104 146 147
f 148 149 145
f 148 145 104
f 132 150 149
f 132 149 148
f 84 83 151
f 84 151 152
f 131 153 150
f 131 150 132
f 154 155 153
f 154 153 131
f 151 156 155
f 151 155 154
f 114 79 92
f 114 92 157
f 158 159 160
f 158 160 83
f 62 70 161
f 62 161 162
f 163 164 165
f 163 165 166
f 65 167 168
f 65 168 169
f 58 57 169
f 58 169 168
f 135 68 67
f 135 67 140
f 170 171 172
f 170 172 173
f 174 170 173
f 174 173 175
f 117 176 107
f 117 107 106
f 177 134 84
f 177 84 152
f 178 21 24
f 178 24 179
f 180 21 178
f 180 178 9
f 181 97 31
f 181 31 77
f 182 183 105
f 182 105 184
f 185 13 16
f 185 16 133
f 59 8 7
f 59 7 186
f 187 188 87
f 187 87 86
f 47 173 172
f 47 172 189
f 169 57 109
f 169 109 190
f 191 174 175
f 191 175 112
f 113 110 192
f 113 192 193
f 111 20 194
f 111 194 195
f 196 197 198
f 196 198 199
f 45 101 33
f 45 33 46
f 200 201 1
f 200 1 44
f 173 47 50
f 173 50 175
f 202 203 201
f 202 201 204
f 205 206 207
f 205 207 208
f 43 91 209
f 43 209 210
f 211 212 115
f 211 115 114
f 213 75 74
f 213 74 214
f 158 96 95
f 158 95 37
f 162 161 215
f 162 215 206
f 191 112 113
f 191 113 193
f 154 216 152
f 154 152 151
f 217 218 194
f 217 194 219
f 218 217 220
f 218 220 221
f 220 222 223
f 220 223 221
f 48 47 189
f 48 189 224
f 28 225 226
f 28 226 29
f 211 114 157
f 211 157 227
f 221 223 228
f 221 228 229
f 116 120 176
f 116 176 117
f 107 136 148
f 107 148 104
f 120 167 137
f 120 137 176
f 186 7 154
f 186 154 131
f 58 212 8
f 58 8 59
f 75 213 158
f 75 158 83
f 80 188 214
f 80 214 74
f 176 137 136
f 176 136 107
f 148 139 133
f 148 133 132
f 65 169 190
f 65 190 66
f 117 106 230
f 117 230 118
f 8 212 211
f 8 211 5
f 231 177 152
f 231 152 216
f 49 232 101
f 49 101 50
f 194 20 89
f 194 89 219
f 111 195 233
f 111 233 234
f 154 7 6
f 154 6 216
f 195 235 236
f 195 236 233
f 235 229 237
f 235 237 236
f 172 171 238
f 172 238 228
f 218 235 195
f 218 195 194
f 137 167 65
f 137 65 68
f 235 218 221
f 235 221 229
f 147 146 142
f 147 142 141
f 19 225 28
f 19 28 32
f 239 181 179
f 239 179 240
f 181 77 178
f 181 178 179
f 241 180 9
f 241 9 12
f 60 15 14
f 60 14 108
f 242 243 244
f 242 244 245
f 24 246 240
f 24 240 179
f 24 23 56
f 24 56 55
f 158 213 247
f 158 247 96
f 248 90 42
f 248 42 249
f 215 250 251
f 215 251 252
f 249 161 253
f 249 253 248
f 254 255 205
f 254 205 208
f 215 161 249
f 215 249 250
f 231 216 6
f 231 6 256
f 187 86 103
f 187 103 257
f 258 36 35
f 258 35 259
f 260 261 262
f 260 262 263
f 264 265 266
f 264 266 267
f 201 200 268
f 201 268 204
f 264 18 46
f 264 46 265
f 206 205 269
f 206 269 162
f 270 271 268
f 270 268 200
f 258 266 265
f 258 265 36
f 138 185 133
f 138 133 139
f 33 36 265
f 33 265 46
f 180 272 126
f 180 126 21
f 214 188 187
f 214 187 273
f 54 3 26
f 54 26 51
f 225 264 267
f 225 267 226
f 225 19 18
f 225 18 264
f 9 178 77
f 9 77 10
f 215 252 207
f 215 207 206
f 239 240 274
f 239 274 275
f 276 97 181
f 276 181 239
f 98 97 210
f 98 210 209
f 253 161 70
f 253 70 277
f 148 136 135
f 148 135 139
f 111 234 192
f 111 192 110
f 278 41 4
f 278 4 279
f 261 280 279
f 261 279 262
f 281 282 272
f 281 272 283
f 101 112 175
f 101 175 50
f 211 227 284
f 211 284 5
f 285 274 240
f 285 240 246
f 246 24 55
f 246 55 286
f 53 269 205
f 53 205 255
f 53 255 263
f 53 263 54
f 131 16 15
f 131 15 186
f 287 278 288
f 287 288 289
f 1 4 41
f 1 41 44
f 276 239 275
f 276 275 290
f 278 279 280
f 278 280 288
f 97 276 291
f 97 291 210
f 262 3 54
f 262 54 263
f 292 285 246
f 292 246 286
f 187 257 293
f 187 293 273
f 254 260 263
f 254 263 255
f 3 262 279
f 3 279 4
f 42 287 250
f 42 250 249
f 6 5 284
f 6 284 256
f 291 276 290
f 291 290 294
f 60 59 186
f 60 186 15
f 273 247 213
f 273 213 214
f 93 96 247
f 93 247 295
f 2 203 286
f 2 286 55
f 250 287 289
f 250 289 251
f 38 53 52
f 38 52 39
f 287 42 41
f 287 41 278
f 247 273 293
f 247 293 295
f 270 43 210
f 270 210 291
f 202 292 286
f 202 286 203
f 2 1 201
f 2 201 203
f 38 63 269
f 38 269 53
f 183 230 106
f 183 106 105
f 44 43 270
f 44 270 200
f 270 291 294
f 270 294 271
f 105 104 147
f 105 147 184
f 121 116 119
f 121 119 296
f 83 160 156
f 83 156 151
f 162 269 63
f 162 63 62
f 297 298 299
f 297 299 300
f 301 302 297
f 301 297 300
f 298 297 144
f 298 144 303
f 304 305 299
f 304 299 298
f 141 144 297
f 141 297 302
f 301 182 184
f 301 184 302
f 306 304 298
f 306 298 303
f 304 121 296
f 304 296 305
f 141 302 184
f 141 184 147
f 122 121 304
f 122 304 306
f 158 37 40
f 158 40 159
f 307 308 309
f 307 309 310
f 309 311 312
f 309 312 310
f 313 314 307
f 313 307 315
f 316 317 318
f 316 318 319
f 168 320 321
f 168 321 58
f 58 321 322
f 58 322 212
f 188 323 324
f 188 324 87
f 80 325 323
f 80 323 188
f 115 326 325
f 115 325 80
f 327 328 329
f 327 329 330
f 87 324 277
f 87 277 70
f 331 332 317
f 331 317 316
f 288 333 334
f 288 334 289
f 280 335 333
f 280 333 288
f 289 334 336
f 289 336 251
f 261 337 335
f 261 335 280
f 251 336 338
f 251 338 252
f 260 339 337
f 260 337 261
f 252 338 340
f 252 340 207
f 254 341 339
f 254 339 260
f 207 340 342
f 207 342 208
f 208 342 341
f 208 341 254
f 12 343 344
f 12 344 241
f 11 345 343
f 11 343 12
f 344 346 283
f 344 283 241
f 30 347 345
f 30 345 11
f 348 349 259
f 348 259 281
f 29 350 347
f 29 347 30
f 258 351 352
f 258 352 266
f 226 353 350
f 226 350 29
f 266 352 354
f 266 354 267
f 267 354 353
f 267 353 226
f 256 355 356
f 256 356 231
f 284 357 355
f 284 355 256
f 231 356 358
f 231 358 177
f 227 359 357
f 227 357 284
f 177 358 360
f 177 360 134
f 157 361 359
f 157 359 227
f 134 360 362
f 134 362 81
f 92 363 361
f 92 361 157
f 81 362 364
f 81 364 82
f 82 364 363
f 82 363 92
f 234 365 366
f 234 366 192
f 233 367 365
f 233 365 234
f 192 366 368
f 192 368 193
f 236 369 367
f 236 367 233
f 193 368 370
f 193 370 191
f 237 371 369
f 237 369 236
f 191 370 372
f 191 372 174
f 373 374 238
f 373 238 171
f 174 372 375
f 174 375 170
f 170 375 373
f 170 373 171
f 71 376 377
f 71 377 72
f 72 377 378
f 72 378 85
f 100 379 376
f 100 376 71
f 85 378 380
f 85 380 103
f 94 381 379
f 94 379 100
f 103 380 382
f 103 382 257
f 93 383 381
f 93 381 94
f 257 382 384
f 257 384 293
f 295 385 383
f 295 383 93
f 293 384 385
f 293 385 295
f 138 386 387
f 138 387 185
f 185 387 388
f 185 388 13
f 140 389 386
f 140 386 138
f 13 388 390
f 13 390 14
f 67 391 389
f 67 389 140
f 14 390 392
f 14 392 108
f 66 393 391
f 66 391 67
f 108 392 394
f 108 394 109
f 190 395 393
f 190 393 66
f 109 394 395
f 109 395 190
f 294 396 397
f 294 397 271
f 290 398 396
f 290 396 294
f 271 397 399
f 271 399 268
f 275 400 398
f 275 398 290
f 268 399 401
f 268 401 204
f 274 402 400
f 274 400 275
f 204 401 403
f 204 403 202
f 285 404 402
f 285 402 274
f 202 403 405
f 202 405 292
f 292 405 404
f 292 404 285
f 230 406 407
f 230 407 118
f 118 407 408
f 118 408 119
f 183 409 406
f 183 406 230
f 119 408 410
f 119 410 296
f 182 411 409
f 182 409 183
f 296 410 412
f 296 412 305
f 301 413 411
f 301 411 182
f 305 412 414
f 305 414 299
f 300 415 413
f 300 413 301
f 299 414 415
f 299 415 300
f 333 416 417
f 333 417 334
f 335 418 416
f 335 416 333
f 334 417 419
f 334 419 336
f 337 420 418
f 337 418 335
f 336 419 421
f 336 421 338
f 339 422 420
f 339 420 337
f 338 421 423
f 338 423 340
f 341 424 422
f 341 422 339
f 340 423 425
f 340 425 342
f 342 425 424
f 342 424 341
f 343 426 427
f 343 427 344
f 345 428 426
f 345 426 343
f 427 429 346
f 427 346 344
f 347 430 428
f 347 428 345
f 431 432 349
f 431 349 348
f 350 433 430
f 350 430 347
f 351 434 435
f 351 435 352
f 353 436 433
f 353 433 350
f 352 435 437
f 352 437 354
f 354 437 436
f 354 436 353
f 355 438 439
f 355 439 356
f 357 440 438
f 357 438 355
f 356 439 441
f 356 441 358
f 359 442 440
f 359 440 357
f 358 441 443
f 358 443 360
f 361 444 442
f 361 442 359
f 360 443 445
f 360 445 362
f 363 446 444
f 363 444 361
f 362 445 447
f 362 447 364
f 364 447 446
f 364 446 363
f 365 448 449
f 365 449 366
f 367 450 448
f 367 448 365
f 366 449 451
f 366 451 368
f 369 452 450
f 369 450 367
f 368 451 453
f 368 453 370
f 371 454 452
f 371 452 369
f 370 453 455
f 370 455 372
f 456 457 374
f 456 374 373
f 372 455 458
f 372 458 375
f 375 458 456
f 375 456 373
f 376 459 460
f 376 460 377
f 377 460 461
f 377 461 378
f 379 462 459
f 379 459 376
f 378 461 463
f 378 463 380
f 381 464 462
f 381 462 379
f 380 463 465
f 380 465 382
f 383 466 464
f 383 464 381
f 382 465 467
f 382 467 384
f 385 468 466
f 385 466 383
f 384 467 468
f 384 468 385
f 386 469 470
f 386 470 387
f 387 470 471
f 387 471 388
f 389 472 469
f 389 469 386
f 388 471 473
f 388 473 390
f 391 474 472
f 391 472 389
f 390 473 475
f 390 475 392
f 393 476 474
f 393 474 391
f 392 475 477
f 392 477 394
f 395 478 476
f 395 476 393
f 394 477 478
f 394 478 395
f 396 479 480
f 396 480 397
f 398 481 479
f 398 479 396
f 397 480 482
f 397 482 399
f 400 483 481
f 400 481 398
f 399 482 484
f 399 484 401
f 402 485 483
f 402 483 400
f 401 484 486
f 401 486 403
f 404 487 485
f 404 485 402
f 403 486 488
f 403 488 405
f 405 488 487
f 405 487 404
f 406 489 490
f 406 490 407
f 407 490 491
f 407 491 408
f 409 492 489
f 409 489 406
f 408 491 493
f 408 493 410
f 411 494 492
f 411 492 409
f 410 493 495
f 410 495 412
f 413 496 494
f 413 494 411
f 412 495 497
f 412 497 414
f 415 498 496
f 415 496 413
f 414 497 498
f 414 498 415
f 499 417 416
f 499 416 418
f 499 419 417
f 499 418 420
f 499 421 419
f 499 420 422
f 499 423 421
f 499 422 424
f 499 425 423
f 499 424 425
f 500 427 426
f 500 426 428
f 500 429 427
f 500 428 430
f 500 434 432
f 500 432 431
f 500 430 433
f 500 435 434
f 500 433 436
f 500 437 435
f 500 436 437
f 501 439 438
f 501 438 440
f 501 441 439
f 501 440 442
f 501 443 441
f 501 442 444
f 501 445 443
f 501 444 446
f 501 447 445
f 501 446 447
f 502 449 448
f 502 448 450
f 502 451 449
f 502 450 452
f 502 453 451
f 502 452 454
f 502 455 453
f 502 454 457
f 502 457 456
f 502 458 455
f 502 456 458
f 503 460 459
f 503 461 460
f 503 459 462
f 503 463 461
f 503 462 464
f 503 465 463
f 503 464 466
f 503 467 465
f 503 466 468
f 503 468 467
f 504 470 469
f 504 471 470
f 504 469 472
f 504 473 471
f 504 472 474
f 504 475 473
f 504 474 476
f 504 477 475
f 504 476 478
f 504 478 477
f 505 480 479
f 505 479 481
f 505 482 480
f 505 481 483
f 505 484 482
f 505 483 485
f 505 486 484
f 505 485 487
f 505 488 486
f 505 487 488
f 506 490 489
f 506 491 490
f 506 489 492
f 506 493 491
f 506 492 494
f 506 495 493
f 506 494 496
f 506 497 495
f 506 496 498
f 506 498 497
f 507 508 509
f 510 511 512
f 513 514 515
f 513 515 516
f 517 518 515
f 517 515 519
f 520 521 522
f 520 522 523
f 524 525 526
f 524 526 527
f 528 526 525
f 528 525 529
f 530 531 532
f 530 532 533
f 534 535 536
f 534 536 537
f 531 538 539
f 531 539 540
f 541 542 543
f 541 543 544
f 166 165 545
f 166 545 546
f 547 548 549
f 547 549 550
f 542 551 552
f 542 552 543
f 553 554 555
f 553 555 556
f 557 558 559
f 557 559 560
f 561 562 563
f 561 563 564
f 565 566 567
f 565 567 568
f 544 543 569
f 544 569 570
f 571 532 572
f 571 572 573
f 531 540 572
f 531 572 532
f 524 527 574
f 524 574 575
f 576 166 546
f 576 546 577
f 543 552 578
f 543 578 569
f 551 560 559
f 551 559 579
f 580 581 554
f 580 554 553
f 533 532 571
f 533 571 582
f 583 528 529
f 583 529 584
f 585 583 584
f 585 584 586
f 523 522 587
f 523 587 588
f 589 590 591
f 589 591 592
f 578 552 593
f 578 593 594
f 595 596 542
f 595 542 541
f 597 598 599
f 597 599 600
f 601 602 603
f 601 603 604
f 548 605 606
f 548 606 549
f 607 608 609
f 607 609 610
f 596 560 551
f 596 551 542
f 551 579 593
f 551 593 552
f 611 612 613
f 611 613 614
f 615 538 531
f 615 531 530
f 616 585 586
f 616 586 617
f 618 619 575
f 618 575 574
f 591 620 521
f 591 521 520
f 592 591 520
f 592 520 621
f 622 623 624
f 622 624 625
f 626 612 611
f 626 611 627
f 628 629 630
f 628 630 631
f 632 633 634
f 632 634 635
f 636 637 638
f 636 638 628
f 639 638 637
f 639 637 640
f 641 639 640
f 641 640 642
f 643 641 642
f 643 642 644
f 645 646 647
f 645 647 648
f 646 649 650
f 646 650 647
f 629 651 652
f 629 652 630
f 651 653 654
f 651 654 652
f 527 526 331
f 527 331 655
f 656 566 563
f 656 563 657
f 567 658 659
f 567 659 568
f 660 661 320
f 660 320 662
f 513 516 663
f 513 663 664
f 509 665 666
f 509 666 667
f 668 669 670
f 668 670 671
f 672 325 326
f 672 326 673
f 674 675 676
f 674 676 219
f 677 523 588
f 677 588 678
f 621 520 523
f 621 523 677
f 614 613 679
f 614 679 680
f 658 681 682
f 658 682 683
f 684 685 686
f 684 686 687
f 688 689 690
f 688 690 625
f 691 511 692
f 691 692 693
f 694 695 680
f 694 680 679
f 696 697 698
f 696 698 699
f 700 701 702
f 700 702 703
f 702 701 704
f 702 704 705
f 697 706 705
f 697 705 698
f 707 652 654
f 707 654 708
f 709 696 699
f 709 699 710
f 511 510 711
f 511 711 692
f 679 709 710
f 679 710 694
f 693 680 695
f 693 695 691
f 510 712 713
f 510 713 711
f 703 702 714
f 703 714 708
f 282 123 126
f 282 126 272
f 217 715 713
f 217 713 220
f 716 717 718
f 716 718 719
f 720 716 719
f 720 719 721
f 722 720 721
f 722 721 723
f 724 725 726
f 724 726 727
f 434 351 349
f 434 349 432
f 351 258 259
f 351 259 349
f 728 722 723
f 728 723 729
f 730 731 732
f 730 732 733
f 734 735 736
f 734 736 737
f 738 739 740
f 738 740 737
f 741 742 743
f 741 743 744
f 745 746 747
f 745 747 748
f 749 747 746
f 749 746 750
f 751 752 753
f 751 753 754
f 751 754 755
f 751 755 756
f 757 756 755
f 757 755 758
f 759 760 761
f 759 761 762
f 763 759 762
f 763 762 687
f 764 765 766
f 764 766 767
f 767 766 768
f 767 768 769
f 769 768 770
f 769 770 771
f 771 770 772
f 771 772 773
f 774 775 776
f 774 776 777
f 778 779 780
f 778 780 781
f 782 783 626
f 782 626 627
f 784 785 609
f 784 609 608
f 786 787 788
f 786 788 789
f 788 787 790
f 788 790 791
f 791 790 730
f 791 730 733
f 792 793 749
f 792 749 750
f 750 794 795
f 750 795 792
f 796 797 745
f 796 745 748
f 798 799 623
f 798 623 622
f 747 749 800
f 747 800 801
f 754 802 803
f 754 803 755
f 802 804 805
f 802 805 803
f 754 753 801
f 754 801 802
f 806 807 808
f 806 808 809
f 749 793 810
f 749 810 800
f 793 792 811
f 793 811 810
f 804 812 813
f 804 813 805
f 814 815 813
f 814 813 812
f 803 805 816
f 803 816 817
f 813 818 816
f 813 816 805
f 758 755 803
f 758 803 817
f 765 819 820
f 765 820 766
f 766 820 821
f 766 821 768
f 820 822 823
f 820 823 821
f 824 763 687
f 824 687 686
f 825 824 686
f 825 686 826
f 827 825 826
f 827 826 828
f 829 830 831
f 829 831 832
f 539 538 536
f 539 536 535
f 596 595 833
f 596 833 834
f 835 315 312
f 835 312 836
f 837 728 729
f 837 729 838
f 839 837 838
f 839 838 840
f 841 839 840
f 841 840 842
f 717 843 844
f 717 844 718
f 845 846 847
f 845 847 848
f 849 846 845
f 849 845 850
f 851 849 850
f 851 850 852
f 853 854 845
f 853 845 848
f 855 856 798
f 855 798 622
f 854 857 850
f 854 850 845
f 858 855 846
f 858 846 849
f 857 859 852
f 857 852 850
f 860 858 849
f 860 849 851
f 859 860 851
f 859 851 852
f 861 862 606
f 861 606 863
f 527 655 864
f 527 864 574
f 865 866 867
f 865 867 868
f 655 869 870
f 655 870 864
f 871 872 873
f 871 873 874
f 875 876 877
f 875 877 878
f 879 880 881
f 879 881 882
f 876 879 882
f 876 882 877
f 875 883 807
f 875 807 806
f 875 878 884
f 875 884 883
f 885 808 807
f 885 807 886
f 887 888 878
f 887 878 877
f 889 890 882
f 889 882 881
f 890 887 877
f 890 877 882
f 886 673 891
f 886 891 885
f 98 892 893
f 98 893 99
f 676 675 894
f 676 894 895
f 888 887 896
f 888 896 897
f 898 806 809
f 898 809 899
f 900 901 902
f 900 902 903
f 904 905 906
f 904 906 907
f 904 908 909
f 904 909 905
f 910 911 912
f 910 912 913
f 914 915 916
f 914 916 917
f 918 914 917
f 918 917 919
f 920 918 921
f 920 921 922
f 910 913 923
f 910 923 924
f 911 925 926
f 911 926 912
f 927 928 929
f 927 929 930
f 931 932 916
f 931 916 915
f 918 919 933
f 918 933 921
f 934 935 936
f 934 936 937
f 938 920 939
f 938 939 940
f 941 942 943
f 941 943 601
f 944 945 946
f 944 946 947
f 948 949 950
f 948 950 946
f 949 951 952
f 949 952 950
f 939 953 954
f 939 954 940
f 944 947 955
f 944 955 956
f 957 958 959
f 957 959 960
f 950 952 961
f 950 961 962
f 963 955 947
f 963 947 964
f 965 966 967
f 965 967 968
f 601 943 967
f 601 967 602
f 969 970 971
f 969 971 972
f 973 974 975
f 973 975 976
f 977 978 979
f 977 979 980
f 981 982 983
f 981 983 984
f 966 965 985
f 966 985 986
f 986 985 987
f 986 987 988
f 988 987 989
f 988 989 990
f 991 992 993
f 991 993 994
f 994 995 996
f 994 996 991
f 997 998 990
f 997 990 999
f 988 990 998
f 988 998 1000
f 986 988 1000
f 986 1000 1001
f 966 986 1001
f 966 1001 1002
f 997 999 974
f 997 974 973
f 1003 743 1004
f 1003 1004 1005
f 1006 1007 1008
f 1006 1008 1009
f 1010 1011 1012
f 1010 1012 1013
f 1014 1015 1016
f 1014 1016 1017
f 1018 232 49
f 1018 49 1019
f 1020 1021 1022
f 1020 1022 1023
f 217 219 676
f 217 676 715
f 927 1024 1025
f 927 1025 1026
f 1027 1028 1029
f 1027 1029 1030
f 727 1023 1022
f 727 1022 724
f 927 1026 1031
f 927 1031 928
f 88 1032 1033
f 88 1033 1034
f 122 306 1035
f 122 1035 243
f 886 1036 672
f 886 672 673
f 1037 1038 1039
f 1037 1039 1040
f 1041 1042 1043
f 1041 1043 1044
f 1045 1041 1044
f 1045 1044 1046
f 1047 1048 1027
f 1047 1027 1030
f 1049 892 98
f 1049 98 209
f 1050 1051 1052
f 1050 1052 1053
f 1054 1055 1056
f 1054 1056 1057
f 1054 1057 1058
f 1054 1058 1059
f 1060 1061 1062
f 1060 1062 1063
f 1060 1063 1064
f 1060 1064 1065
f 1059 1058 1066
f 1059 1066 1067
f 742 1066 1058
f 742 1058 1068
f 1069 1070 1071
f 1069 1071 1072
f 901 1073 1074
f 901 1074 1075
f 1067 1066 1076
f 1067 1076 1077
f 1063 1062 1067
f 1063 1067 1077
f 1078 1079 1080
f 1078 1080 1081
f 1051 1082 1083
f 1051 1083 1052
f 1056 1084 1085
f 1056 1085 1057
f 1086 1087 1088
f 1086 1088 1089
f 1089 1088 1090
f 1089 1090 1091
f 1092 964 947
f 1092 947 962
f 962 961 1093
f 962 1093 1092
f 1092 1093 1094
f 1092 1094 1095
f 1096 1097 1095
f 1096 1095 1098
f 964 1097 1099
f 964 1099 963
f 1096 1098 1100
f 1096 1100 1101
f 1102 1103 1101
f 1102 1101 1104
f 1105 1106 1107
f 1105 1107 1108
f 1109 1100 1110
f 1109 1110 1111
f 1112 1113 1114
f 1112 1114 1115
f 1116 1117 1118
f 1116 1118 1119
f 1076 1120 1121
f 1076 1121 1077
f 1120 1076 1122
f 1120 1122 1123
f 1124 1125 1126
f 1124 1126 1127
f 1124 1128 1129
f 1124 1129 1130
f 1077 1121 1064
f 1077 1064 1063
f 1131 1132 1133
f 1131 1133 1134
f 1135 1136 1137
f 1135 1137 1138
f 1139 1128 1140
f 1139 1140 1141
f 1139 1141 1142
f 1139 1142 1133
f 1143 985 965
f 1143 965 1144
f 1144 965 968
f 1144 968 1145
f 995 1146 1147
f 995 1147 996
f 1148 937 1149
f 1148 1149 1150
f 688 1151 1152
f 688 1152 689
f 683 682 1153
f 683 1153 534
f 1154 1155 832
f 1154 832 619
f 1102 1141 1156
f 1102 1156 1103
f 1157 1158 1159
f 1157 1159 1099
f 963 1160 1003
f 963 1003 955
f 956 955 1003
f 956 1003 1005
f 835 869 1161
f 835 1161 1162
f 1163 1164 870
f 1163 870 836
f 1165 1166 1167
f 1165 1167 618
f 1167 1166 1163
f 1167 1163 775
f 1167 775 774
f 1167 774 1168
f 1167 1168 1169
f 1167 1169 1154
f 1134 1170 1171
f 1134 1171 1137
f 1072 1071 1172
f 1072 1172 1173
f 1174 1175 976
f 1174 976 975
f 1158 1156 1140
f 1158 1140 1127
f 1160 1159 1126
f 1160 1126 744
f 1176 1177 1178
f 1176 1178 1179
f 209 91 1180
f 209 1180 1049
f 1181 1182 1183
f 1181 1183 1184
f 1173 900 903
f 1173 903 1185
f 605 1186 863
f 605 863 606
f 1187 1188 576
f 1187 576 577
f 1189 785 784
f 1189 784 1188
f 869 835 836
f 869 836 870
f 315 307 310
f 315 310 312
f 1190 1191 1192
f 1190 1192 1189
f 561 1193 1194
f 561 1194 1195
f 1196 1197 1198
f 1196 1198 1199
f 1179 1200 1201
f 1179 1201 1176
f 1202 1203 1204
f 1202 1204 1205
f 1184 1178 1177
f 1184 1177 1181
f 1206 1207 1208
f 1206 1208 1209
f 1187 1210 1211
f 1187 1211 1190
f 1204 1203 1212
f 1204 1212 1213
f 1036 883 884
f 1036 884 1214
f 1215 1180 91
f 1215 91 90
f 89 1216 674
f 89 674 219
f 1034 1216 89
f 1034 89 88
f 838 729 1217
f 721 1217 729
f 721 729 723
f 1218 1219 51
f 1218 51 26
f 1219 1220 52
f 1219 52 51
f 40 1221 1222
f 40 1222 159
f 155 1223 1224
f 155 1224 153
f 1225 150 153
f 1225 153 1224
f 1226 1227 145
f 1226 145 149
f 1228 1229 704
f 1228 704 701
f 977 1228 701
f 977 701 700
f 1230 1231 1232
f 1230 1232 1233
f 1234 1235 1236
f 1234 1236 1237
f 1237 1238 1239
f 1237 1239 1234
f 1240 1239 1238
f 1240 1238 1241
f 1241 1230 1233
f 1241 1233 1240
f 671 1242 1033
f 671 1033 893
f 1243 612 626
f 1243 626 636
f 168 167 662
f 168 662 320
f 244 243 1035
f 244 1035 1037
f 122 243 242
f 122 242 120
f 893 1033 1032
f 893 1032 99
f 1244 1245 1246
f 1244 1246 1247
f 1242 1248 1034
f 1242 1034 1033
f 1249 163 166
f 1249 166 576
f 1034 1248 1250
f 1034 1250 1216
f 660 662 242
f 660 242 245
f 1250 1251 674
f 1250 674 1216
f 330 329 895
f 330 895 894
f 90 248 1252
f 90 1252 1215
f 627 611 328
f 627 328 327
f 1253 1254 1038
f 1253 1038 1037
f 1040 1039 1255
f 1040 1255 661
f 887 890 519
f 887 519 896
f 1256 535 534
f 1256 534 1153
f 906 1045 1046
f 906 1046 907
f 1235 1257 1258
f 1235 1258 1236
f 1257 1259 1260
f 1257 1260 1258
f 1261 1260 1259
f 1261 1259 1262
f 1263 1261 1262
f 1263 1262 1264
f 725 1263 1264
f 725 1264 1265
f 1265 1055 726
f 1265 726 725
f 1266 1267 1268
f 1266 1268 1269
f 1270 726 1055
f 1270 1055 1054
f 1270 1054 1059
f 1270 1059 1047
f 1270 1047 1030
f 1270 1030 1271
f 1030 1029 1272
f 1030 1272 1271
f 1272 1029 1273
f 1272 1273 1274
f 1273 1016 1275
f 1273 1275 1274
f 1016 1015 1276
f 1016 1276 1275
f 1015 124 102
f 1015 102 1276
f 142 1277 1278
f 142 1278 143
f 1220 1279 39
f 1220 39 52
f 724 1280 1263
f 724 1263 725
f 1281 666 1282
f 1281 1282 1283
f 39 1279 1221
f 39 1221 40
f 253 1284 1252
f 253 1252 248
f 1285 1286 1287
f 1285 1287 1288
f 1289 1279 1220
f 1289 1220 1290
f 348 281 283
f 348 283 346
f 124 123 34
f 124 34 102
f 232 1276 102
f 232 102 101
f 125 124 1015
f 125 1015 1014
f 1014 1291 22
f 1014 22 125
f 1291 1292 23
f 1291 23 22
f 1292 1293 56
f 1292 56 23
f 56 1293 1294
f 56 1294 25
f 1295 1296 164
f 1295 164 163
f 1297 1298 1296
f 1297 1296 1295
f 1299 1300 1301
f 1299 1301 1302
f 326 115 212
f 326 212 322
f 197 1284 253
f 197 253 277
f 324 1214 197
f 324 197 277
f 282 281 259
f 282 259 35
f 1269 1268 1303
f 1269 1303 1304
f 123 282 35
f 123 35 34
f 760 759 525
f 760 525 524
f 1305 1306 1307
f 1305 1307 1308
f 1309 1218 1294
f 1309 1294 1310
f 1309 1310 907
f 1309 907 1046
f 1248 1307 1311
f 1248 1311 1250
f 1200 1312 779
f 1200 779 1313
f 1242 1308 1307
f 1242 1307 1248
f 671 670 1308
f 671 1308 1242
f 669 668 1314
f 669 1314 1315
f 196 1252 1284
f 196 1284 197
f 1316 1317 1315
f 1316 1315 1314
f 180 241 283
f 180 283 272
f 199 897 1317
f 199 1317 1316
f 885 891 322
f 885 322 321
f 661 660 245
f 661 245 1040
f 515 514 896
f 515 896 519
f 1318 1319 899
f 1318 899 1320
f 1321 1322 1319
f 1321 1319 1318
f 666 1281 1323
f 666 1323 667
f 1324 670 669
f 1324 669 664
f 1306 1325 1283
f 1306 1283 1282
f 1305 1326 1325
f 1305 1325 1306
f 1327 1328 1329
f 1327 1329 1330
f 1330 1329 1331
f 1330 1331 1332
f 1332 1331 1333
f 1332 1333 1334
f 1335 1334 1333
f 1335 1333 1336
f 1337 1335 1336
f 1337 1336 1338
f 1339 1337 1338
f 1339 1338 1340
f 1340 1341 1342
f 1340 1342 1339
f 1341 1343 1344
f 1341 1344 1342
f 1343 1345 1346
f 1343 1346 1344
f 1345 1347 1348
f 1345 1348 1346
f 1348 1347 1349
f 1348 1349 1350
f 1349 1221 1279
f 1349 1279 1289
f 1351 1074 1352
f 1351 1352 1353
f 1289 1290 1043
f 1289 1043 1354
f 325 672 1036
f 325 1036 323
f 1043 1290 1355
f 1043 1355 1044
f 1044 1355 1309
f 1044 1309 1046
f 26 25 1294
f 26 1294 1218
f 1022 1356 1280
f 1022 1280 724
f 907 1310 1357
f 907 1357 904
f 904 1357 1358
f 904 1358 908
f 1359 908 1358
f 1359 1358 1360
f 1361 1359 1360
f 1361 1360 1017
f 1017 1016 1273
f 1017 1273 1361
f 1274 1275 1018
f 1274 1018 1020
f 1020 1018 1019
f 1020 1019 1021
f 199 1316 1180
f 199 1180 196
f 1362 1363 827
f 1362 827 828
f 1324 1364 1326
f 1324 1326 1305
f 779 1312 1365
f 779 1365 780
f 577 546 1366
f 577 1366 1367
f 667 1368 1369
f 667 1369 509
f 514 513 1315
f 514 1315 1317
f 1317 897 896
f 1317 896 514
f 1320 899 809
f 1320 809 1370
f 1371 1372 1373
f 1371 1373 1374
f 649 1375 1376
f 649 1376 650
f 1375 1377 1378
f 1375 1378 1376
f 1377 129 1379
f 1377 1379 1378
f 129 128 1380
f 129 1380 1379
f 128 1381 1382
f 128 1382 1380
f 1381 1342 1344
f 1381 1344 1382
f 1383 1343 1341
f 1383 1341 1223
f 155 156 1383
f 155 1383 1223
f 1350 1384 1385
f 1350 1385 1348
f 1222 1347 1345
f 1222 1345 1386
f 1386 160 159
f 1386 159 1222
f 1386 1383 156
f 1386 156 160
f 1387 1352 1074
f 1387 1074 1073
f 1388 1389 1390
f 1388 1390 1172
f 1043 1042 1391
f 1043 1391 1354
f 1392 1393 1394
f 1392 1394 1395
f 1396 1397 1398
f 1396 1398 1399
f 1396 1399 1400
f 1396 1400 1401
f 1399 1335 1337
f 1399 1337 1400
f 1338 1336 1226
f 1338 1226 1225
f 1225 1226 149
f 1225 149 150
f 1402 1403 1398
f 1402 1398 1397
f 1403 1332 1334
f 1403 1334 1398
f 1331 1404 1227
f 1331 1227 1333
f 1227 1404 146
f 1227 146 145
f 1405 1330 1332
f 1405 1332 1403
f 1329 1277 1404
f 1329 1404 1331
f 1404 1277 142
f 1404 142 146
f 1214 324 323
f 1214 323 1036
f 321 320 661
f 321 661 885
f 322 891 673
f 322 673 326
f 1035 1406 1253
f 1035 1253 1037
f 628 631 1243
f 628 1243 636
f 1176 1298 1297
f 1176 1297 1177
f 32 1032 88
f 32 88 19
f 1265 1264 1407
f 1265 1407 1408
f 1409 1410 1323
f 1409 1323 1281
f 567 1363 681
f 567 681 658
f 1032 32 31
f 1032 31 99
f 1286 1356 1022
f 1286 1022 1021
f 897 199 198
f 897 198 888
f 657 616 617
f 657 617 656
f 1310 1294 1293
f 1310 1293 1357
f 1283 1411 1409
f 1283 1409 1281
f 1056 1055 1265
f 1056 1265 1408
f 1275 1276 232
f 1275 232 1018
f 1274 1020 1023
f 1274 1023 1272
f 1271 1272 1023
f 1271 1023 727
f 1270 1271 727
f 1270 727 726
f 1412 1050 1053
f 1412 1053 1413
f 1414 1415 1416
f 1414 1416 1417
f 685 1418 826
f 685 826 686
f 1419 1420 1421
f 1419 1421 933
f 1060 1065 928
f 1060 928 1031
f 1060 1031 1048
f 1060 1048 1061
f 1026 1027 1048
f 1026 1048 1031
f 1026 1025 1028
f 1026 1028 1027
f 1028 1025 1359
f 1028 1359 1361
f 1017 1360 1291
f 1017 1291 1014
f 1360 1358 1292
f 1360 1292 1291
f 1357 1293 1292
f 1357 1292 1358
f 1422 1412 1413
f 1422 1413 1423
f 1424 1425 762
f 1424 762 761
f 1416 1415 1426
f 1416 1426 1010
f 1040 245 244
f 1040 244 1037
f 22 21 126
f 22 126 125
f 1427 1428 1429
f 1427 1429 1430
f 1252 196 1180
f 1252 1180 1215
f 431 348 346
f 431 346 429
f 1431 516 515
f 1431 515 518
f 1432 1419 933
f 1432 933 919
f 949 948 916
f 949 916 932
f 1408 1407 1433
f 1408 1433 1434
f 1435 1436 1300
f 1435 1300 1299
f 675 508 1437
f 675 1437 894
f 824 825 586
f 824 586 584
f 517 519 890
f 517 890 889
f 1311 1307 1306
f 1311 1306 1282
f 431 429 500
f 1285 510 512
f 1285 512 1438
f 1285 1438 1356
f 1285 1356 1286
f 1209 1208 783
f 1209 783 782
f 1439 1440 1441
f 1439 1441 1442
f 1440 1443 1444
f 1440 1444 1441
f 1445 1444 1443
f 1445 1443 1446
f 1446 1447 1448
f 1446 1448 1445
f 1447 1449 1450
f 1447 1450 1448
f 1451 1450 1449
f 1451 1449 1452
f 1453 1451 1452
f 1453 1452 1454
f 1455 1453 1454
f 1455 1454 1456
f 1455 1456 639
f 1455 639 641
f 642 640 1208
f 642 1208 1207
f 1282 666 665
f 1282 665 1311
f 1457 1458 1459
f 1457 1459 1460
f 1461 1462 1463
f 1461 1463 1464
f 1464 1465 1466
f 1464 1466 1461
f 1308 670 1324
f 1308 1324 1305
f 1467 1468 1469
f 1467 1469 635
f 1468 1470 1083
f 1468 1083 1469
f 1470 1471 1052
f 1470 1052 1083
f 1471 1472 1053
f 1471 1053 1052
f 1472 1473 1413
f 1472 1413 1053
f 1368 1423 1413
f 1368 1413 1473
f 1474 1473 1472
f 1474 1472 1475
f 1251 1250 1311
f 1251 1311 665
f 1368 667 1323
f 1368 1323 1423
f 1476 1206 1209
f 1476 1209 1477
f 1477 507 1478
f 1477 1478 1476
f 507 509 1369
f 507 1369 1478
f 1065 951 929
f 1065 929 928
f 509 508 1251
f 509 1251 665
f 1402 1479 1459
f 1402 1459 1458
f 1475 1472 1471
f 1475 1471 1480
f 1468 1481 1482
f 1468 1482 1470
f 664 669 1315
f 664 1315 513
f 1483 1432 919
f 1483 919 917
f 167 120 242
f 167 242 662
f 1313 777 776
f 1313 776 1484
f 644 648 1485
f 644 1485 643
f 644 642 1207
f 644 1207 648
f 640 637 783
f 640 783 1208
f 1206 1476 1486
f 1206 1486 645
f 1477 1209 782
f 1477 782 1487
f 783 637 636
f 783 636 626
f 1487 782 627
f 1487 627 327
f 1474 1369 1368
f 1474 1368 1473
f 948 1483 917
f 948 917 916
f 1488 1489 1267
f 1488 1267 1266
f 328 611 614
f 328 614 1490
f 1490 614 680
f 1490 680 693
f 1491 780 1365
f 1491 1365 1492
f 691 695 1493
f 691 1493 1494
f 1494 1493 1237
f 1494 1237 1236
f 1243 1495 613
f 1243 613 612
f 1495 709 679
f 1495 679 613
f 546 545 1496
f 546 1496 1366
f 694 710 1497
f 694 1497 1498
f 1493 1498 1238
f 1493 1238 1237
f 1499 1235 1234
f 1499 1234 1239
f 1082 1500 1469
f 1082 1469 1083
f 1500 632 635
f 1500 635 1469
f 1501 1502 859
f 1501 859 857
f 707 706 697
f 707 697 1503
f 630 652 707
f 630 707 1503
f 631 630 1503
f 631 1503 1504
f 631 1504 1495
f 631 1495 1243
f 1505 1506 1246
f 1505 1246 1507
f 1508 1418 1509
f 1508 1509 1510
f 1511 1491 1492
f 1511 1492 1512
f 1511 1512 1513
f 1511 1513 1514
f 553 556 615
f 553 615 1515
f 936 1516 1424
f 936 1424 1517
f 1231 1229 1518
f 1231 1518 1232
f 1363 1362 1519
f 1363 1519 681
f 1520 1521 1522
f 1520 1522 1523
f 976 1175 1524
f 976 1524 1525
f 1526 1527 1528
f 1526 1528 1529
f 1528 1530 1523
f 1528 1523 1529
f 1530 1531 1520
f 1530 1520 1523
f 1175 1532 1533
f 1175 1533 1524
f 1527 1534 1535
f 1527 1535 1528
f 1536 1537 1531
f 1536 1531 1530
f 1538 1539 1521
f 1538 1521 1540
f 1541 853 622
f 1541 622 625
f 682 681 1519
f 682 1519 980
f 1542 1543 1544
f 1542 1544 1545
f 1545 1544 1546
f 1545 1546 1547
f 1548 1549 1550
f 1548 1550 1551
f 1551 1550 1552
f 1551 1552 1553
f 1554 739 738
f 1554 738 1555
f 1556 1554 1555
f 1556 1555 1557
f 1556 1557 1558
f 1556 1558 1559
f 1548 1551 1560
f 1548 1560 1561
f 1562 1560 1551
f 1562 1551 1553
f 1562 1553 1559
f 1562 1559 1563
f 1563 1559 1558
f 1563 1558 1564
f 1172 1071 1540
f 1172 1540 1388
f 1565 1566 1567
f 1565 1567 1568
f 1568 1567 1185
f 1568 1185 1569
f 1569 1185 903
f 1569 903 1570
f 1570 903 902
f 1570 902 1436
f 1571 959 1012
f 1571 1012 1009
f 1436 902 1572
f 1436 1572 1300
f 1300 1572 1573
f 1300 1573 1301
f 1540 1071 1070
f 1540 1070 1538
f 1073 1390 1389
f 1073 1389 1387
f 1391 1394 1574
f 1391 1574 1384
f 1575 1078 1081
f 1575 1081 1576
f 1380 1577 1578
f 1380 1578 1379
f 1579 1463 1462
f 1579 1462 1580
f 1435 1299 1464
f 1435 1464 1463
f 1581 1578 1427
f 1581 1427 1582
f 1582 1427 1430
f 1582 1430 1583
f 1584 1583 1430
f 1584 1430 1580
f 1585 1584 1580
f 1585 1580 1462
f 1462 1461 1586
f 1462 1586 1585
f 1587 1588 1589
f 1587 1589 1590
f 1590 1591 1592
f 1590 1592 1587
f 1591 1593 1594
f 1591 1594 1592
f 1593 1485 1595
f 1593 1595 1594
f 1485 648 647
f 1485 647 1595
f 1596 646 645
f 1596 645 1486
f 1486 1597 1598
f 1486 1598 1596
f 1597 1474 1475
f 1597 1475 1598
f 1482 1480 1471
f 1482 1471 1470
f 1412 1599 1600
f 1412 1600 1050
f 1580 1430 1429
f 1580 1429 1579
f 1441 1601 1602
f 1441 1602 1442
f 1603 1604 1605
f 1603 1605 1606
f 1607 1608 1609
f 1607 1609 1610
f 1611 1612 1613
f 1611 1613 1614
f 1612 1615 1616
f 1612 1616 1613
f 1615 1589 1588
f 1615 1588 1616
f 1617 1588 1587
f 1617 1587 1618
f 1587 1592 1619
f 1587 1619 1618
f 1592 1594 1620
f 1592 1620 1619
f 1594 1595 1621
f 1594 1621 1620
f 647 650 1621
f 647 1621 1595
f 1374 649 646
f 1374 646 1596
f 1598 1475 1480
f 1598 1480 1371
f 1622 1481 1468
f 1622 1468 1467
f 1050 1600 1623
f 1050 1623 1051
f 1624 633 632
f 1624 632 1625
f 1465 1626 1610
f 1465 1610 1466
f 1627 1628 1602
f 1627 1602 1601
f 1625 1629 1608
f 1625 1608 1607
f 1614 1613 1630
f 1614 1630 1631
f 1613 1616 1632
f 1613 1632 1630
f 1616 1588 1617
f 1616 1617 1632
f 1583 1633 1634
f 1583 1634 1582
f 1620 1634 1633
f 1620 1633 1619
f 1453 1593 1591
f 1453 1591 1451
f 1454 1452 1635
f 1454 1635 1636
f 1607 1637 1624
f 1607 1624 1625
f 1610 1626 1637
f 1610 1637 1607
f 1396 1622 1467
f 1396 1467 1397
f 1010 1426 1638
f 1010 1638 1011
f 1639 629 628
f 1639 628 638
f 1639 1636 651
f 1639 651 629
f 1636 1635 653
f 1636 653 651
f 1640 1641 1440
f 1640 1440 1439
f 1641 1642 1443
f 1641 1443 1440
f 1446 1443 1642
f 1446 1642 1643
f 1644 1447 1446
f 1644 1446 1643
f 1590 1589 1448
f 1590 1448 1450
f 1644 1645 1449
f 1644 1449 1447
f 1646 1647 1584
f 1646 1584 1585
f 1585 1586 1648
f 1585 1648 1646
f 1648 1586 1649
f 1648 1649 1650
f 1650 1649 1609
f 1650 1609 1651
f 1568 1569 1579
f 1568 1579 1429
f 1251 508 675
f 1251 675 674
f 1467 635 634
f 1467 634 1397
f 1606 1652 1653
f 1606 1653 1603
f 1082 1654 1629
f 1082 1629 1500
f 1655 1656 1657
f 1655 1657 1658
f 1482 1481 1659
f 1482 1659 1372
f 1372 1659 1660
f 1372 1660 1373
f 1660 1377 1375
f 1660 1375 1373
f 1376 1378 1581
f 1376 1581 1661
f 1661 1581 1582
f 1661 1582 1634
f 1647 1633 1583
f 1647 1583 1584
f 1617 1618 1647
f 1617 1647 1646
f 1445 1448 1589
f 1445 1589 1615
f 1445 1615 1612
f 1445 1612 1444
f 1444 1612 1611
f 1444 1611 1441
f 1662 1654 1623
f 1662 1623 1663
f 1651 1662 1663
f 1651 1663 1631
f 1664 1599 1627
f 1664 1627 1601
f 1611 1664 1601
f 1611 1601 1441
f 1422 1627 1599
f 1422 1599 1412
f 1665 1666 1667
f 1665 1667 1668
f 1369 1474 1597
f 1369 1597 1478
f 1478 1597 1486
f 1478 1486 1476
f 1207 1206 645
f 1207 645 648
f 1455 641 643
f 1455 643 1485
f 1455 1485 1593
f 1455 1593 1453
f 1451 1591 1590
f 1451 1590 1450
f 1514 1513 1669
f 1514 1669 1670
f 1619 1633 1647
f 1619 1647 1618
f 1632 1617 1646
f 1632 1646 1648
f 1632 1648 1650
f 1632 1650 1630
f 1630 1650 1651
f 1630 1651 1631
f 1608 1629 1654
f 1608 1654 1662
f 1609 1608 1662
f 1609 1662 1651
f 1671 1614 1631
f 1671 1631 1663
f 1671 1663 1623
f 1671 1623 1600
f 1051 1623 1654
f 1051 1654 1082
f 1672 1673 1674
f 1672 1674 1668
f 1480 1482 1372
f 1480 1372 1371
f 1371 1374 1596
f 1371 1596 1598
f 1373 1375 649
f 1373 649 1374
f 650 1376 1661
f 650 1661 1621
f 1621 1661 1634
f 1621 1634 1620
f 1635 1645 1675
f 1635 1675 653
f 1645 1644 1676
f 1645 1676 1675
f 1677 1678 1679
f 1677 1679 1680
f 1681 549 606
f 1681 606 862
f 590 1682 581
f 590 581 580
f 1151 1683 1682
f 1151 1682 590
f 1684 1515 615
f 1684 615 530
f 688 1685 1683
f 688 1683 1151
f 625 624 1685
f 625 1685 688
f 1011 1638 1686
f 1011 1686 1687
f 1688 1687 1686
f 1688 1686 1689
f 566 565 564
f 566 564 563
f 1195 1690 562
f 1195 562 561
f 1320 1370 1255
f 1320 1255 1039
f 1680 1691 1692
f 1680 1692 1693
f 1694 1505 1507
f 1694 1507 1695
f 979 978 1696
f 979 1696 1697
f 700 703 972
f 700 972 971
f 1697 1256 1153
f 1697 1153 979
f 1698 1699 1700
f 1698 1700 1701
f 1702 1703 1704
f 1702 1704 1705
f 1706 1707 1708
f 1706 1708 1709
f 1710 1711 1212
f 1710 1212 1203
f 1712 1713 1714
f 1712 1714 550
f 1715 1716 1717
f 1715 1717 1718
f 1719 1720 1721
f 1719 1721 1722
f 308 1723 1724
f 308 1724 1719
f 1725 1726 1727
f 1725 1727 1721
f 1728 1729 722
f 1728 722 728
f 1730 874 873
f 1730 873 1731
f 856 1732 1733
f 856 1733 1690
f 855 858 1732
f 855 1732 856
f 1734 1730 1731
f 1734 1731 1735
f 1726 1725 866
f 1726 866 1736
f 1736 866 865
f 1736 865 1737
f 1729 1738 720
f 1729 720 722
f 1739 1740 1741
f 1742 1743 1744
f 1742 1744 1502
f 1745 1740 1746
f 1745 1746 1747
f 1739 1748 1746
f 1739 1749 1748
f 1739 1750 1749
f 1739 1751 1750
f 1739 1741 1751
f 1752 1724 1717
f 1752 1717 1735
f 1725 1752 1735
f 1725 1735 1731
f 944 956 1753
f 944 1753 943
f 866 1725 1731
f 866 1731 873
f 868 867 1710
f 868 1710 1203
f 1754 1755 717
f 1754 717 716
f 1756 1757 839
f 1756 839 841
f 1755 1758 843
f 1755 843 717
f 874 1742 1502
f 874 1502 871
f 1759 1728 728
f 1759 728 837
f 1743 1745 1747
f 1743 1747 1744
f 1739 1746 1740
f 1321 1318 1038
f 1321 1038 1254
f 1760 1761 1762
f 1760 1762 1763
f 1747 1762 1761
f 1747 1761 1744
f 1318 1320 1039
f 1318 1039 1038
f 1743 1764 1765
f 1743 1765 1745
f 1764 1766 1767
f 1764 1767 1765
f 1768 1767 1766
f 1768 1766 1769
f 1769 1760 1763
f 1769 1763 1768
f 718 844 842
f 718 842 1217
f 718 1217 721
f 718 721 719
f 840 838 1217
f 840 1217 842
f 956 1005 1770
f 956 1770 1753
f 1771 1772 1773
f 1771 1773 1774
f 1726 1756 1758
f 1726 1758 1727
f 1748 1749 1763
f 1748 1763 1762
f 1736 1757 1756
f 1736 1756 1726
f 528 583 1775
f 528 1775 1776
f 526 528 1776
f 526 1776 1777
f 585 1778 1775
f 585 1775 583
f 1779 1755 1754
f 1779 1754 1780
f 1781 1782 1716
f 1781 1716 1783
f 1784 1785 1786
f 1784 1786 1782
f 1786 1787 1730
f 1786 1730 1734
f 1716 1734 1735
f 1716 1735 1717
f 883 1036 886
f 883 886 807
f 1730 1787 1742
f 1730 1742 874
f 1788 1116 1789
f 1788 1789 1790
f 1791 1792 311
f 1791 311 309
f 1489 1488 1259
f 1489 1259 1257
f 1793 1794 1484
f 1793 1484 776
f 1795 811 792
f 1795 792 795
f 779 778 777
f 779 777 1313
f 1796 1797 533
f 1796 533 582
f 1684 530 533
f 1684 533 1797
f 1678 1737 865
f 1678 865 1679
f 563 562 1798
f 563 1798 657
f 1799 1781 585
f 1799 585 616
f 1784 1782 1781
f 1784 1781 1799
f 1786 1766 1764
f 1786 1764 1787
f 1751 1741 1765
f 1751 1765 1767
f 1072 1173 1185
f 1072 1185 1567
f 1680 1679 1800
f 1680 1800 1691
f 966 1002 602
f 966 602 967
f 867 866 873
f 867 873 872
f 1801 1802 1803
f 1801 1803 1247
f 1670 1669 1771
f 1670 1771 1774
f 1804 1145 1770
f 1804 1770 1805
f 1692 1791 1806
f 1692 1806 1693
f 1002 1807 603
f 1002 603 602
f 1679 865 868
f 1679 868 1800
f 868 1203 1202
f 868 1202 1800
f 1691 1800 1202
f 1691 1202 1794
f 1808 1773 1772
f 1808 1772 1809
f 1808 1809 786
f 1808 786 1810
f 1212 545 165
f 1212 165 1213
f 1811 1812 1813
f 1811 1813 1814
f 1199 1815 1816
f 1199 1816 1183
f 1817 1818 1710
f 1817 1710 867
f 1710 1818 1496
f 1710 1496 1711
f 1195 1194 799
f 1195 799 798
f 1201 1200 1313
f 1201 1313 1484
f 1212 1711 1496
f 1212 1496 545
f 1794 1202 1205
f 1794 1205 1819
f 1819 1201 1484
f 1819 1484 1794
f 165 164 1204
f 165 1204 1213
f 164 1296 1205
f 164 1205 1204
f 1296 1298 1819
f 1296 1819 1205
f 1298 1176 1201
f 1298 1201 1819
f 621 677 593
f 621 593 579
f 1810 786 789
f 1810 789 1820
f 668 671 893
f 668 893 892
f 1504 1503 697
f 1504 697 696
f 1821 1494 1236
f 1821 1236 1258
f 313 1789 1822
f 313 1822 1823
f 1824 1490 693
f 1824 693 692
f 329 328 1490
f 329 1490 1824
f 1825 1688 1689
f 1825 1689 1826
f 1699 1706 1709
f 1699 1709 1700
f 1827 1694 1695
f 1827 1695 1828
f 1829 1700 1830
f 1829 1830 1831
f 1569 1570 1463
f 1569 1463 1579
f 1832 507 1477
f 1832 1477 1487
f 1489 1257 1235
f 1489 1235 1499
f 1437 1832 330
f 1437 330 894
f 1673 1833 1834
f 1673 1834 1674
f 1832 1487 327
f 1832 327 330
f 1116 1119 1822
f 1116 1822 1789
f 895 329 1824
f 895 1824 1835
f 1835 1824 692
f 1835 692 711
f 677 678 594
f 677 594 593
f 1836 512 511
f 1836 511 1821
f 1836 1821 1258
f 1836 1258 1260
f 1837 819 817
f 1837 817 816
f 699 698 1838
f 699 1838 1839
f 1348 1385 1840
f 1348 1840 1346
f 596 834 557
f 596 557 560
f 661 1255 808
f 661 808 885
f 1780 1841 1693
f 1780 1693 1806
f 977 700 971
f 977 971 978
f 1230 1839 1838
f 1230 1838 1231
f 1842 1269 1304
f 1842 1304 1843
f 1664 1611 1614
f 1664 1614 1671
f 1599 1664 1671
f 1599 1671 1600
f 1109 1104 1101
f 1109 1101 1100
f 1157 1096 1101
f 1157 1101 1103
f 1098 1844 1110
f 1098 1110 1100
f 1139 1845 1129
f 1139 1129 1128
f 1124 1127 1140
f 1124 1140 1128
f 1158 1157 1103
f 1158 1103 1156
f 1141 1140 1156
f 1102 1104 1107
f 1102 1107 1106
f 1109 1111 1114
f 1109 1114 1113
f 1112 1115 1118
f 1112 1118 1117
f 1845 1139 1133
f 1845 1133 1132
f 1131 1134 1137
f 1131 1137 1136
f 1170 1134 1133
f 1170 1133 1142
f 1846 1138 1137
f 1846 1137 1171
f 1788 1847 1848
f 1788 1848 1849
f 1141 1102 1106
f 1141 1106 1142
f 1850 1851 1852
f 1850 1852 1516
f 1061 1059 1067
f 1061 1067 1062
f 1047 1059 1061
f 1047 1061 1048
f 1841 1738 1729
f 1841 1729 1677
f 1853 1155 1414
f 1853 1414 1417
f 1703 1547 1546
f 1703 1546 1704
f 1854 1855 1856
f 1854 1856 1857
f 1069 1072 1567
f 1069 1567 1566
f 1698 1701 972
f 1698 972 703
f 761 760 831
f 761 831 830
f 758 817 819
f 758 819 765
f 1155 1853 829
f 1155 829 832
f 1709 1858 1830
f 1709 1830 1700
f 224 222 712
f 224 712 1288
f 591 590 580
f 591 580 620
f 1859 1860 1861
f 1859 1861 1862
f 1863 1864 1861
f 1863 1861 1860
f 615 556 536
f 615 536 538
f 1380 1382 1840
f 1380 1840 1576
f 943 1753 968
f 943 968 967
f 1696 978 971
f 1696 971 970
f 969 972 1701
f 969 1701 1865
f 1431 1866 663
f 1431 663 516
f 1826 1867 818
f 1826 818 1825
f 1814 1868 1869
f 1814 1869 1870
f 1681 862 1871
f 1681 1871 1872
f 1742 1787 1764
f 1742 1764 1743
f 1784 1733 1732
f 1784 1732 1785
f 592 621 579
f 592 579 559
f 589 592 559
f 589 559 558
f 872 1501 1817
f 872 1817 867
f 1501 857 854
f 1501 854 1817
f 818 1867 1837
f 818 1837 816
f 1811 1814 1870
f 1811 1870 1873
f 1557 1874 1875
f 1557 1875 1558
f 1876 1877 1319
f 1876 1319 1322
f 1199 1198 1878
f 1199 1878 1815
f 1879 1880 1881
f 1879 1881 1882
f 1883 1879 1882
f 1883 1882 1884
f 1087 1086 1885
f 1087 1885 1150
f 598 1811 1873
f 598 1873 599
f 1510 1518 1886
f 1510 1886 1508
f 935 934 1057
f 935 1057 1085
f 830 829 1881
f 830 1881 1517
f 853 848 847
f 853 847 622
f 1173 1172 1390
f 1173 1390 900
f 1829 1865 1701
f 1829 1701 1700
f 682 980 979
f 682 979 1153
f 943 942 945
f 943 945 944
f 942 1432 1483
f 942 1483 945
f 941 601 604
f 941 604 1887
f 1004 1888 1885
f 1004 1885 1805
f 938 1889 915
f 938 915 914
f 918 920 938
f 918 938 914
f 1890 1400 1337
f 1890 1337 1339
f 924 1891 1892
f 924 1892 910
f 1890 1381 128
f 1890 128 127
f 1385 1575 1576
f 1385 1576 1840
f 1575 1385 1384
f 1575 1384 1574
f 1893 1574 1394
f 1893 1394 1393
f 1041 1891 1395
f 1041 1395 1042
f 1045 906 1894
f 1045 1894 1892
f 1398 1334 1335
f 1398 1335 1399
f 1029 1028 1361
f 1029 1361 1273
f 1025 1024 908
f 1025 908 1359
f 1894 909 925
f 1894 925 911
f 1892 1894 911
f 1892 911 910
f 924 1392 1395
f 924 1395 1891
f 1393 1392 1895
f 1393 1895 1896
f 1393 1896 1897
f 1393 1897 1898
f 1899 940 954
f 1899 954 1539
f 1900 1901 1902
f 1900 1902 1903
f 1005 1004 1805
f 1005 1805 1770
f 1702 1705 982
f 1702 982 981
f 935 1850 1516
f 935 1516 936
f 920 922 1904
f 920 1904 939
f 1904 1905 953
f 1904 953 939
f 1145 968 1753
f 1145 1753 1770
f 1880 1087 1150
f 1880 1150 1149
f 1303 1906 1510
f 1303 1510 1509
f 684 1425 1852
f 684 1852 1907
f 1304 1303 1509
f 1304 1509 1908
f 685 684 1907
f 685 1907 1908
f 1843 1304 1908
f 1843 1908 1907
f 1418 685 1908
f 1418 1908 1509
f 973 976 1525
f 973 1525 1909
f 1851 1843 1907
f 1851 1907 1852
f 997 973 1909
f 997 1909 1910
f 998 997 1910
f 998 1910 1911
f 1000 998 1911
f 1000 1911 1912
f 1001 1000 1912
f 1001 1912 1913
f 941 1887 1420
f 941 1420 1419
f 1914 1245 1915
f 1914 1915 1916
f 1917 1905 1918
f 1917 1918 1919
f 1526 1917 1919
f 1526 1919 1920
f 1561 1534 1921
f 1561 1921 1922
f 1548 1561 1922
f 1548 1922 1923
f 1532 1549 1924
f 1532 1924 1533
f 1713 1712 1925
f 1713 1925 1926
f 1914 1916 1543
f 1914 1543 1542
f 861 1927 1871
f 861 1871 862
f 1713 1926 1928
f 1713 1928 1929
f 964 1092 1095
f 964 1095 1097
f 1930 1327 1330
f 1930 1330 1405
f 1405 1458 1457
f 1405 1457 1930
f 1091 1931 1932
f 1091 1932 1933
f 1393 1898 1934
f 1393 1934 1893
f 900 1390 1073
f 900 1073 901
f 1463 1570 1436
f 1463 1436 1435
f 1833 1935 1656
f 1833 1656 1834
f 1299 1302 1465
f 1299 1465 1464
f 1935 1936 1657
f 1935 1657 1656
f 1847 1846 1171
f 1847 1171 1848
f 1937 1834 1656
f 1937 1656 1655
f 1366 1496 1818
f 1366 1818 1938
f 1112 1108 1107
f 1112 1107 1113
f 1938 1818 1817
f 1938 1817 854
f 871 1502 1501
f 871 1501 872
f 1659 1939 130
f 1659 130 1660
f 1939 1401 127
f 1939 127 130
f 1401 1400 1890
f 1401 1890 127
f 1586 1461 1466
f 1586 1466 1649
f 1609 1649 1466
f 1609 1466 1610
f 1108 1112 1117
f 1108 1117 1849
f 632 1500 1629
f 632 1629 1625
f 1940 1936 1935
f 1940 1935 1941
f 1481 1622 1939
f 1481 1939 1659
f 130 129 1377
f 130 1377 1660
f 318 1715 1718
f 318 1718 1942
f 1626 1465 1302
f 1626 1302 1604
f 1879 1883 1090
f 1879 1090 1088
f 1931 1091 1090
f 1931 1090 960
f 1877 898 899
f 1877 899 1319
f 1195 798 856
f 1195 856 1690
f 1350 1349 1289
f 1350 1289 1354
f 1520 1388 1540
f 1520 1540 1521
f 1388 1520 1531
f 1388 1531 1389
f 1943 1944 1945
f 1943 1945 1946
f 1387 1537 1947
f 1387 1947 1352
f 1352 1947 1948
f 1352 1948 1353
f 768 821 1949
f 768 1949 770
f 821 823 1950
f 821 1950 1949
f 823 1951 1952
f 823 1952 1950
f 1951 1953 1954
f 1951 1954 1952
f 1953 1955 1956
f 1953 1956 1954
f 1957 1958 1956
f 1957 1956 1959
f 1956 1958 1960
f 1956 1960 1954
f 1954 1960 1961
f 1954 1961 1952
f 1952 1961 1962
f 1952 1962 1950
f 1962 1963 1949
f 1962 1949 1950
f 770 1949 1963
f 770 1963 772
f 1964 781 780
f 1964 780 1491
f 1957 1964 1491
f 1957 1491 1511
f 1957 1511 1514
f 1957 1514 1958
f 1960 1958 1514
f 1960 1514 1670
f 1774 1773 1962
f 1774 1962 1961
f 790 1965 1966
f 790 1966 730
f 1965 1967 1968
f 1965 1968 1966
f 1670 1774 1961
f 1670 1961 1960
f 1773 1808 1963
f 1773 1963 1962
f 1855 1969 1970
f 1855 1970 984
f 984 1970 1971
f 984 1971 981
f 981 1971 1972
f 981 1972 1702
f 1973 787 786
f 1973 786 1809
f 1855 984 983
f 1855 983 1856
f 315 1790 1789
f 315 1789 313
f 1788 1849 1117
f 1788 1117 1116
f 1104 1109 1113
f 1104 1113 1107
f 1105 1848 1171
f 1105 1171 1170
f 1105 1170 1142
f 1105 1142 1106
f 946 950 962
f 946 962 947
f 1529 1523 1522
f 1529 1522 1974
f 946 945 1483
f 946 1483 948
f 1419 1432 942
f 1419 942 941
f 1096 1157 1099
f 1096 1099 1097
f 741 744 1126
f 741 1126 1125
f 1002 1001 1913
f 1002 1913 1807
f 1086 1804 1805
f 1086 1805 1885
f 1148 1150 1885
f 1148 1885 1888
f 1917 1974 953
f 1917 953 1905
f 1066 742 741
f 1066 741 1076
f 741 1125 1122
f 741 1122 1076
f 1628 1627 1422
f 1628 1422 1410
f 1975 1783 1716
f 1975 1716 1715
f 1124 1122 1125
f 1340 1338 1225
f 1340 1225 1224
f 1223 1341 1340
f 1223 1340 1224
f 1339 1342 1381
f 1339 1381 1890
f 1394 1391 1042
f 1394 1042 1395
f 1041 1045 1892
f 1041 1892 1891
f 1355 1219 1218
f 1355 1218 1309
f 959 958 1013
f 959 1013 1012
f 1976 1571 1009
f 1976 1009 1008
f 1795 1977 1978
f 1795 1978 1979
f 1384 1350 1354
f 1384 1354 1391
f 1164 1163 1166
f 1164 1166 1165
f 1164 1165 864
f 1164 864 870
f 655 331 1161
f 655 1161 869
f 575 831 760
f 575 760 524
f 1980 683 534
f 1980 534 537
f 1167 1154 619
f 1167 619 618
f 758 765 764
f 758 764 757
f 633 1459 1479
f 633 1479 634
f 1169 1414 1155
f 1169 1155 1154
f 1086 1089 1981
f 1086 1981 1804
f 1144 1981 1933
f 1144 1933 1143
f 742 1068 1148
f 742 1148 1888
f 1852 1425 1424
f 1852 1424 1516
f 1075 1074 1351
f 1075 1351 1982
f 1078 1575 1574
f 1078 1574 1893
f 1124 1130 1123
f 1124 1123 1122
f 1983 633 1624
f 1983 1624 1653
f 1984 1854 1857
f 1984 1857 1985
f 1130 1844 1094
f 1130 1094 1123
f 1986 1987 1240
f 1986 1240 1233
f 1734 1716 1782
f 1734 1782 1786
f 1821 511 691
f 1821 691 1494
f 1933 1932 1988
f 1933 1988 1143
f 1499 1239 1240
f 1499 1240 1987
f 526 1777 332
f 526 332 331
f 1703 1702 1972
f 1703 1972 1989
f 1973 1990 1967
f 1973 1967 1965
f 1973 1809 1772
f 1973 1772 1990
f 1868 1991 1992
f 1868 1992 1984
f 1814 1813 1991
f 1814 1991 1868
f 819 1837 822
f 819 822 820
f 633 1983 1460
f 633 1460 1459
f 787 1973 1965
f 787 1965 790
f 1565 1993 1080
f 1565 1080 1566
f 815 1825 818
f 815 818 813
f 1826 1994 1995
f 1826 1995 1867
f 1994 1953 1951
f 1994 1951 1995
f 1808 1810 772
f 1808 772 1963
f 1813 1812 1996
f 1813 1996 1997
f 1669 1998 1999
f 1669 1999 1771
f 1998 2000 2001
f 1998 2001 1999
f 2000 2002 2003
f 2000 2003 2001
f 2002 2004 2005
f 2002 2005 2003
f 2004 2006 731
f 2004 731 2005
f 731 2006 2007
f 731 2007 732
f 1665 1668 1674
f 1665 1674 2008
f 1867 1995 822
f 1867 822 1837
f 1995 1951 823
f 1995 823 822
f 772 1810 1820
f 772 1820 773
f 598 1996 1812
f 598 1812 1811
f 1771 1999 1990
f 1771 1990 1772
f 1999 2001 1967
f 1999 1967 1990
f 2001 2003 1968
f 2001 1968 1967
f 2003 2005 1966
f 2003 1966 1968
f 731 730 1966
f 731 1966 2005
f 1456 1639 638
f 1456 638 639
f 2009 2010 2011
f 2009 2011 2012
f 746 2013 794
f 746 794 750
f 2014 1816 1815
f 2014 1815 2015
f 1416 1010 1013
f 1416 1013 2016
f 794 2017 2018
f 794 2018 795
f 2019 2020 815
f 2019 815 814
f 2020 1688 1825
f 2020 1825 815
f 1397 634 1479
f 1397 1479 1402
f 1689 2021 1994
f 1689 1994 1826
f 2021 1955 1953
f 2021 1953 1994
f 303 1406 1035
f 303 1035 306
f 2022 2023 1997
f 2022 1997 1996
f 597 2022 1996
f 597 1996 598
f 1513 2024 1998
f 1513 1998 1669
f 2024 2025 2000
f 2024 2000 1998
f 2025 2026 2002
f 2025 2002 2000
f 2026 2027 2004
f 2026 2004 2002
f 2012 2006 2004
f 2012 2004 2027
f 2023 2028 2029
f 2023 2029 2030
f 619 832 831
f 619 831 575
f 797 2031 2032
f 797 2032 745
f 1364 1324 664
f 1364 664 663
f 1686 2033 2021
f 1686 2021 1689
f 2033 2034 1955
f 2033 1955 2021
f 2034 1959 1956
f 2034 1956 1955
f 1692 1691 1794
f 1692 1794 1793
f 957 1883 1884
f 957 1884 2016
f 2028 2023 2022
f 2028 2022 2035
f 2036 2035 2022
f 2036 2022 597
f 1512 2037 2024
f 1512 2024 1513
f 2037 2038 2025
f 2037 2025 2024
f 2038 2039 2026
f 2038 2026 2025
f 2039 2040 2027
f 2039 2027 2026
f 2041 2014 2015
f 2041 2015 2042
f 861 863 2043
f 861 2043 2036
f 2040 2041 2042
f 2040 2042 2009
f 1135 2044 1822
f 1135 1822 1119
f 2045 1364 663
f 2045 663 1866
f 2046 1006 1011
f 2046 1011 1687
f 2047 1007 1006
f 2047 1006 2046
f 2020 2019 2047
f 2020 2047 2046
f 2046 1687 1688
f 2046 1688 2020
f 1979 2047 2019
f 1979 2019 1795
f 748 747 801
f 748 801 753
f 796 748 753
f 796 753 752
f 794 2013 2048
f 794 2048 2017
f 2044 319 1823
f 2044 1823 1822
f 1724 1723 1718
f 1724 1718 1717
f 2049 2050 2051
f 2049 2051 2052
f 2050 2053 2054
f 2050 2054 2051
f 949 932 929
f 949 929 951
f 1136 1135 1119
f 1136 1119 1118
f 2055 2056 2057
f 2055 2057 2058
f 2059 2060 2058
f 2059 2058 2057
f 2060 2059 2061
f 2060 2061 1978
f 1978 2061 2062
f 1978 2062 1979
f 1979 2062 1007
f 1979 1007 2047
f 1146 993 992
f 1146 992 1147
f 2063 2064 2065
f 2063 2065 2066
f 2064 2067 2068
f 2064 2068 2065
f 2069 740 739
f 2069 739 2070
f 2071 2072 2073
f 2071 2073 2074
f 2075 1940 2072
f 2075 2072 2076
f 1686 1638 2077
f 1686 2077 2033
f 2033 2077 2078
f 2033 2078 2034
f 2034 2078 2079
f 2034 2079 1959
f 1959 2079 1964
f 1959 1964 1957
f 1853 1417 1884
f 1853 1884 1882
f 829 1853 1882
f 829 1882 1881
f 1861 2080 2081
f 1861 2081 1862
f 1864 2082 2080
f 1864 2080 1861
f 1512 1492 2083
f 1512 2083 2037
f 2083 2084 2038
f 2083 2038 2037
f 2084 2085 2039
f 2084 2039 2038
f 2085 2041 2040
f 2085 2040 2039
f 2027 2040 2009
f 2027 2009 2012
f 1542 1695 1507
f 1542 1507 1914
f 1182 607 610
f 1182 610 1196
f 2042 2086 2010
f 2042 2010 2009
f 2053 2087 2088
f 2053 2088 2054
f 2069 2089 2088
f 2069 2088 734
f 2054 2088 2089
f 2054 2089 2056
f 2056 2089 2090
f 2056 2090 2057
f 2091 2059 2057
f 2091 2057 2090
f 2059 2091 2092
f 2059 2092 2061
f 2061 2092 2093
f 2061 2093 2062
f 2062 2093 2094
f 2062 2094 1007
f 1089 1091 1933
f 1089 1933 1981
f 1144 1145 1804
f 1144 1804 1981
f 1537 1387 1389
f 1537 1389 1531
f 1160 744 743
f 1160 743 1003
f 1989 2076 2072
f 1989 2072 2071
f 2074 2073 2095
f 2074 2095 2096
f 1638 1426 2097
f 1638 2097 2077
f 2077 2097 2098
f 2077 2098 2078
f 2078 2098 2099
f 2078 2099 2079
f 2079 2099 781
f 2079 781 1964
f 1880 1149 1517
f 1880 1517 1881
f 1149 937 936
f 1149 936 1517
f 2100 2101 2102
f 2100 2102 2103
f 1703 1989 2104
f 1703 2104 1547
f 1492 1365 2105
f 1492 2105 2083
f 2105 2106 2084
f 2105 2084 2083
f 2106 2107 2085
f 2106 2085 2084
f 2107 2014 2041
f 2107 2041 2085
f 690 1211 1210
f 690 1210 625
f 775 1163 311
f 775 311 1792
f 1182 1196 1199
f 1182 1199 1183
f 2015 2108 2086
f 2015 2086 2042
f 2087 735 734
f 2087 734 2088
f 2051 2054 2056
f 2051 2056 2055
f 2055 2048 2052
f 2055 2052 2051
f 2069 2109 2090
f 2069 2090 2089
f 2110 2091 2090
f 2110 2090 2109
f 2110 1944 2092
f 2110 2092 2091
f 1944 1943 2093
f 1944 2093 2092
f 1943 1988 2094
f 1943 2094 2093
f 1988 1932 1976
f 1988 1976 2094
f 1932 1931 1571
f 1932 1571 1976
f 1931 960 959
f 1931 959 1571
f 957 2016 1013
f 957 1013 958
f 2096 2095 2111
f 2096 2111 2112
f 2113 2112 2111
f 2113 2111 2114
f 1415 2115 2097
f 1415 2097 1426
f 2115 2116 2098
f 2115 2098 2097
f 2116 2117 2099
f 2116 2099 2098
f 2117 778 781
f 2117 781 2099
f 761 830 1517
f 761 1517 1424
f 1135 1138 2118
f 1135 2118 2044
f 1827 1828 2104
f 1827 2104 2119
f 1862 2028 2035
f 1862 2035 2120
f 1312 2121 2105
f 1312 2105 1365
f 2121 2122 2106
f 2121 2106 2105
f 2122 2123 2107
f 2122 2107 2106
f 2123 1816 2014
f 2123 2014 2107
f 1190 1189 1188
f 1190 1188 1187
f 776 775 1792
f 776 1792 1793
f 1725 1721 1720
f 1725 1720 1752
f 1815 1878 2108
f 1815 2108 2015
f 1522 1521 1539
f 1522 1539 954
f 742 1888 1004
f 742 1004 743
f 2124 2070 739
f 2124 739 2125
f 2126 2063 2066
f 2126 2066 2127
f 2067 2126 2127
f 2067 2127 2068
f 2128 2129 2064
f 2128 2064 2063
f 987 1946 1945
f 987 1945 989
f 985 1143 1946
f 985 1946 987
f 1988 1943 1946
f 1988 1946 1143
f 1883 957 960
f 1883 960 1090
f 1417 1416 2016
f 1417 2016 1884
f 2075 2130 1936
f 2075 1936 1940
f 2130 1658 1657
f 2130 1657 1936
f 1169 2115 1415
f 1169 1415 1414
f 1168 2116 2115
f 1168 2115 1169
f 774 2117 2116
f 774 2116 1168
f 777 778 2117
f 777 2117 774
f 2131 2132 2113
f 2131 2113 2114
f 825 827 617
f 825 617 586
f 1859 1862 2120
f 1859 2120 2133
f 2043 2120 2035
f 2043 2035 2036
f 1200 1179 2121
f 1200 2121 1312
f 1179 1178 2122
f 1179 2122 2121
f 1178 1184 2123
f 1178 2123 2122
f 1184 1183 1816
f 1184 1816 2123
f 1724 1752 1720
f 1724 1720 1719
f 1793 1792 1791
f 1793 1791 1692
f 1755 1779 1727
f 1755 1727 1758
f 1948 1947 1564
f 1948 1564 2134
f 1875 2134 1564
f 1875 1564 1558
f 1557 1555 2135
f 1557 2135 1874
f 1555 738 2136
f 1555 2136 2135
f 2125 739 1554
f 2125 1554 2137
f 1554 1556 1552
f 1554 1552 2137
f 1550 2138 2137
f 1550 2137 1552
f 1556 1559 1553
f 1556 1553 1552
f 1174 975 2124
f 1174 2124 2125
f 1947 1537 1563
f 1947 1563 1564
f 1069 1079 1934
f 1069 1934 1070
f 1880 1879 1088
f 1880 1088 1087
f 1160 963 1099
f 1160 1099 1159
f 1158 1127 1126
f 1158 1126 1159
f 1889 938 940
f 1889 940 1899
f 2094 1976 1008
f 2094 1008 1007
f 1006 1009 1012
f 1006 1012 1011
f 1577 1380 1576
f 1577 1576 1081
f 921 933 1421
f 921 1421 2139
f 1974 1522 954
f 1974 954 953
f 1057 934 1068
f 1057 1068 1058
f 1537 1536 1562
f 1537 1562 1563
f 1075 1982 1573
f 1075 1573 1572
f 1410 1422 1423
f 1410 1423 1323
f 2140 2141 1851
f 2140 1851 1850
f 1232 1906 1986
f 1232 1986 1233
f 1536 1530 1528
f 1536 1528 1535
f 1541 1367 1366
f 1541 1366 1938
f 585 1781 1783
f 585 1783 1778
f 1846 1847 1162
f 1846 1162 1161
f 1165 618 574
f 1165 574 864
f 1138 1846 1161
f 1138 1161 2118
f 316 319 2044
f 316 2044 2118
f 1105 1108 1849
f 1105 1849 1848
f 311 1163 836
f 311 836 312
f 1847 1788 1790
f 1847 1790 1162
f 314 313 1823
f 314 1823 1942
f 2142 1778 1783
f 2142 1783 1975
f 1776 1775 1778
f 1776 1778 2142
f 763 824 584
f 763 584 529
f 1378 1379 1578
f 1378 1578 1581
f 1622 1396 1401
f 1622 1401 1939
f 2143 2100 2103
f 2143 2103 2144
f 1801 1247 1246
f 1801 1246 1506
f 2072 1940 1941
f 2072 1941 2073
f 1854 2145 1969
f 1854 1969 1855
f 1497 1839 1230
f 1497 1230 1241
f 710 699 1839
f 710 1839 1497
f 1504 696 709
f 1504 709 1495
f 1713 1929 1803
f 1713 1803 1714
f 1268 1267 1987
f 1268 1987 1986
f 1489 1499 1987
f 1489 1987 1267
f 2114 2111 2146
f 2114 2146 2147
f 828 1508 1886
f 828 1886 1362
f 977 980 1519
f 977 1519 1228
f 617 827 1363
f 617 1363 656
f 2147 2146 1673
f 2147 1673 1672
f 1547 2104 1828
f 1547 1828 1545
f 657 1798 1799
f 657 1799 616
f 1784 1799 1798
f 1784 1798 1733
f 1746 1748 1762
f 1746 1762 1747
f 1749 1750 1768
f 1749 1768 1763
f 198 197 1214
f 198 1214 884
f 1741 1740 1745
f 1741 1745 1765
f 1751 1767 1768
f 1751 1768 1750
f 888 198 884
f 888 884 878
f 1744 1761 859
f 1744 859 1502
f 1769 1766 1786
f 1769 1786 1785
f 859 1761 1760
f 859 1760 860
f 1785 860 1760
f 1785 1760 1769
f 860 1785 1732
f 860 1732 858
f 1737 1759 1757
f 1737 1757 1736
f 1780 1754 1738
f 1780 1738 1841
f 315 835 1162
f 315 1162 1790
f 1541 1938 854
f 1541 854 853
f 1665 2008 2029
f 1665 2029 2081
f 1182 1181 2148
f 1182 2148 607
f 1192 2149 785
f 1192 785 1189
f 2150 2082 2102
f 2150 2102 2151
f 1677 1729 1728
f 1677 1728 1678
f 2143 2152 2101
f 2143 2101 2100
f 1367 1210 1187
f 1367 1187 577
f 2153 2080 2082
f 2153 2082 2150
f 1367 1541 625
f 1367 625 1210
f 689 558 557
f 689 557 690
f 1678 1728 1759
f 1678 1759 1737
f 2154 2081 2080
f 2154 2080 2153
f 608 607 2148
f 608 2148 2155
f 784 608 2155
f 784 2155 1249
f 1188 784 1249
f 1188 1249 576
f 1666 1665 2081
f 1666 2081 2154
f 1984 1992 2145
f 1984 2145 1854
f 1868 1984 1985
f 1868 1985 1869
f 1712 1681 1872
f 1712 1872 1925
f 2156 1266 1269
f 2156 1269 1842
f 1536 1535 1560
f 1536 1560 1562
f 1550 1549 1532
f 1550 1532 2138
f 922 921 2139
f 922 2139 2157
f 2036 597 600
f 2036 600 2158
f 1970 2075 2076
f 1970 2076 1971
f 1969 2130 2075
f 1969 2075 1970
f 331 316 2118
f 331 2118 1161
f 1244 1929 1928
f 1244 1928 2159
f 1437 508 507
f 1437 507 1832
f 1418 1508 828
f 1418 828 826
f 1405 1403 1402
f 1405 1402 1458
f 1328 1278 1277
f 1328 1277 1329
f 1268 1986 1906
f 1268 1906 1303
f 1643 1642 1858
f 1643 1858 2160
f 1578 2161 1428
f 1578 1428 1427
f 48 224 1288
f 48 1288 1287
f 1255 1370 809
f 1255 809 808
f 2162 1411 1283
f 2162 1283 1325
f 1177 1297 2148
f 1177 2148 1181
f 2138 1174 2125
f 2138 2125 2137
f 1535 1534 1561
f 1535 1561 1560
f 895 1835 715
f 895 715 676
f 1835 711 713
f 1835 713 715
f 222 220 713
f 222 713 712
f 1297 1295 2155
f 1297 2155 2148
f 1021 1019 1287
f 1021 1287 1286
f 510 1285 1288
f 510 1288 712
f 454 371 374
f 454 374 457
f 371 237 238
f 371 238 374
f 237 229 228
f 237 228 238
f 189 172 228
f 189 228 223
f 224 189 223
f 224 223 222
f 1806 1722 1779
f 1806 1779 1780
f 1806 1791 309
f 1806 309 1722
f 1719 1722 309
f 1719 309 308
f 1211 2163 1191
f 1211 1191 1190
f 2149 2164 609
f 2149 609 785
f 610 609 2164
f 610 2164 2165
f 1196 610 2165
f 1196 2165 1197
f 879 876 898
f 879 898 1877
f 1644 1643 2160
f 1644 2160 1676
f 48 1287 1019
f 48 1019 49
f 1693 1841 1677
f 1693 1677 1680
f 1336 1333 1227
f 1336 1227 1226
f 1346 1840 1382
f 1346 1382 1344
f 2145 1658 2130
f 2145 2130 1969
f 1232 1518 1510
f 1232 1510 1906
f 1526 1529 1974
f 1526 1974 1917
f 2166 1488 1266
f 2166 1266 2156
f 1905 1904 2167
f 1905 2167 1918
f 1245 1244 2159
f 1245 2159 1915
f 317 1975 1715
f 317 1715 318
f 332 2142 1975
f 332 1975 317
f 1777 1776 2142
f 1777 2142 332
f 547 550 1714
f 547 1714 2168
f 2168 1714 1803
f 2168 1803 1802
f 759 763 529
f 759 529 525
f 1527 1526 1920
f 1527 1920 2169
f 1798 562 1690
f 1798 1690 1733
f 1756 841 843
f 1756 843 1758
f 2170 1672 1668
f 2170 1668 1667
f 2171 2147 1672
f 2171 1672 2170
f 1779 1722 1721
f 1779 1721 1727
f 2131 2114 2147
f 2131 2147 2171
f 841 842 844
f 841 844 843
f 926 927 930
f 926 930 2172
f 319 318 1942
f 319 1942 1823
f 1098 1095 1094
f 1098 1094 1844
f 876 875 806
f 876 806 898
f 1833 2173 1941
f 1833 1941 1935
f 1972 1971 2076
f 1972 2076 1989
f 1992 1655 1658
f 1992 1658 2145
f 1425 684 687
f 1425 687 762
f 934 937 1148
f 934 1148 1068
f 307 314 1723
f 307 1723 308
f 2173 2095 2073
f 2173 2073 1941
f 2141 1842 1843
f 2141 1843 1851
f 2045 2174 1326
f 2045 1326 1364
f 1433 2156 1842
f 1433 1842 2141
f 1407 2166 2156
f 1407 2156 1433
f 1264 1262 2166
f 1264 2166 1407
f 1280 2175 1261
f 1280 1261 1263
f 1356 1438 2175
f 1356 2175 1280
f 1434 1433 2141
f 1434 2141 2140
f 2008 1674 1834
f 2008 1834 1937
f 1186 2176 2043
f 1186 2043 863
f 2176 2133 2120
f 2176 2120 2043
f 1452 1449 1645
f 1452 1645 1635
f 1673 2146 2173
f 1673 2173 1833
f 1241 1238 1498
f 1241 1498 1497
f 1757 1759 837
f 1757 837 839
f 1262 1259 1488
f 1262 1488 2166
f 2138 1532 1175
f 2138 1175 1174
f 2177 2074 2096
f 2177 2096 2178
f 1363 567 566
f 1363 566 656
f 1813 1997 2179
f 1813 2179 1991
f 2179 2030 1937
f 2179 1937 1655
f 1997 2023 2030
f 1997 2030 2179
f 683 1980 659
f 683 659 658
f 1914 1507 1246
f 1914 1246 1245
f 1244 1247 1803
f 1244 1803 1929
f 1386 1345 1343
f 1386 1343 1383
f 1549 1548 1923
f 1549 1923 1924
f 1904 922 2157
f 1904 2157 2167
f 2008 1937 2030
f 2008 2030 2029
f 2178 2096 2112
f 2178 2112 2180
f 2181 2071 2074
f 2181 2074 2177
f 935 1085 2140
f 935 2140 1850
f 1862 2081 2029
f 1862 2029 2028
f 2180 2112 2113
f 2180 2113 2132
f 1084 1056 1408
f 1084 1408 1434
f 1085 1084 1434
f 1085 1434 2140
f 2174 2162 1325
f 2174 1325 1326
f 1314 668 892
f 1314 892 1049
f 880 879 1877
f 880 1877 1876
f 1456 1454 1636
f 1456 1636 1639
f 2146 2111 2095
f 2146 2095 2173
f 695 694 1498
f 695 1498 1493
f 1738 1754 716
f 1738 716 720
f 2175 1836 1260
f 2175 1260 1261
f 1290 1220 1219
f 1290 1219 1355
f 901 1075 1572
f 901 1572 902
f 1362 1886 1228
f 1362 1228 1519
f 1991 2179 1655
f 1991 1655 1992
f 1347 1222 1221
f 1347 1221 1349
f 2155 1295 163
f 2155 163 1249
f 1681 1712 550
f 1681 550 549
f 1545 1828 1695
f 1545 1695 1542
f 1438 512 1836
f 1438 1836 2175
f 1534 1527 2169
f 1534 2169 1921
f 861 2036 2158
f 861 2158 1927
f 1316 1314 1049
f 1316 1049 1180
f 1723 314 1942
f 1723 1942 1718
f 2182 1989 2071
f 2182 2071 2181
f 2182 2119 2104
f 2182 2104 1989
f 1131 1136 1118
f 1131 1118 1115
f 1845 1132 1114
f 1845 1114 1111
f 1130 1129 1110
f 1130 1110 1844
f 2019 814 811
f 2019 811 1795
f 814 812 810
f 814 810 811
f 812 804 800
f 812 800 810
f 804 802 801
f 804 801 800
f 2058 2060 2018
f 2058 2018 2017
f 2055 2058 2017
f 2055 2017 2048
f 745 2032 2013
f 745 2013 746
f 1978 1977 2018
f 1978 2018 2060
f 1977 1795 795
f 1977 795 2018
f 1132 1131 1115
f 1132 1115 1114
f 1129 1845 1111
f 1129 1111 1110
f 1120 1123 1094
f 1120 1094 1093
f 1121 1120 1093
f 1121 1093 961
f 1064 1121 961
f 1064 961 952
f 1065 1064 952
f 1065 952 951
f 932 931 930
f 932 930 929
f 1538 1898 1897
f 1538 1897 1539
f 1565 1568 1429
f 1565 1429 1428
f 1565 1428 2161
f 1565 2161 1993
f 1577 1081 1080
f 1577 1080 1993
f 1069 1566 1080
f 1069 1080 1079
f 1078 1893 1934
f 1078 1934 1079
f 1538 1070 1934
f 1538 1934 1898
f 1577 1993 2161
f 1577 2161 1578
f 1901 2183 2184
f 1901 2184 1902
f 1392 924 1901
f 1392 1901 1900
f 1895 1392 1900
f 1895 1900 2185
f 2186 1895 2185
f 2186 2185 2187
f 2188 2186 2187
f 2188 2187 2189
f 923 2188 2189
f 923 2189 2183
f 924 923 2183
f 924 2183 1901
f 2190 2188 923
f 2190 923 913
f 2183 2189 2191
f 2183 2191 2184
f 2189 2187 2192
f 2189 2192 2191
f 2187 2185 2193
f 2187 2193 2192
f 2185 1900 1903
f 2185 1903 2193
f 2194 2190 913
f 2194 913 912
f 1539 1897 1896
f 1539 1896 1899
f 2186 1899 1896
f 2186 1896 1895
f 2194 912 926
f 2194 926 2172
f 931 2194 2172
f 931 2172 930
f 1894 906 905
f 1894 905 909
f 908 1024 925
f 908 925 909
f 1024 927 926
f 1024 926 925
f 931 915 2190
f 931 2190 2194
f 915 1889 2188
f 915 2188 2190
f 1889 1899 2186
f 1889 2186 2188
f 2136 738 737
f 2136 737 736
f 2052 2048 2013
f 2052 2013 2032
f 2049 2052 2032
f 2049 2032 2031
f 734 737 740
f 734 740 2069
f 2012 2011 2007
f 2012 2007 2006
f 1604 1603 1637
f 1604 1637 1626
f 1603 1653 1624
f 1603 1624 1637
f 1211 690 557
f 1211 557 834
f 2163 1211 834
f 2163 834 833
f 1708 1707 1676
f 1708 1676 2160
f 1709 1708 2160
f 1709 2160 1858
f 1642 1641 1830
f 1642 1830 1858
f 1641 1640 1831
f 1641 1831 1830
f 1707 1706 1675
f 1707 1675 1676
f 1706 1699 653
f 1706 653 1675
f 1699 1698 654
f 1699 654 653
f 706 707 708
f 706 708 714
f 1698 703 708
f 1698 708 654
f 1228 1886 1518
f 1228 1518 1229
f 1231 1838 704
f 1231 704 1229
f 714 702 705
f 714 705 706
f 1838 698 705
f 1838 705 704
f 855 622 847
f 855 847 846
f 589 558 689
f 589 689 1152
f 590 589 1152
f 590 1152 1151
f 553 1515 620
f 553 620 580
f 1515 1684 521
f 1515 521 620
f 1797 1796 587
f 1797 587 522
f 1684 1797 522
f 1684 522 521
f 564 2195 1193
f 564 1193 561
f 565 2196 2195
f 565 2195 564
f 568 2197 2196
f 568 2196 565
f 659 2198 2197
f 659 2197 568
f 1980 2199 2198
f 1980 2198 659
f 556 555 2200
f 556 2200 536
f 536 2200 2201
f 536 2201 537
f 624 623 799
f 624 799 2202
f 624 2202 1683
f 624 1683 1685
f 1682 1683 2202
f 1682 2202 2203
f 2203 2202 799
f 2203 799 1194
f 1194 1193 2204
f 1194 2204 2203
f 1682 2203 2204
f 1682 2204 581
f 2204 2205 554
f 2204 554 581
f 2195 2205 2204
f 2195 2204 1193
f 2196 2206 2205
f 2196 2205 2195
f 2199 2201 2200
f 2199 2200 2207
f 2205 2206 555
f 2205 555 554
f 555 2206 2207
f 555 2207 2200
f 2196 2197 2207
f 2196 2207 2206
f 2199 2207 2197
f 2199 2197 2198
f 537 2201 2199
f 537 2199 1980
f 1533 1924 1927
f 1533 1927 2158
f 1919 1918 1915
f 1919 1915 2159
f 1920 1919 2159
f 1920 2159 1928
f 1524 1533 2158
f 1524 2158 600
f 1922 1921 1925
f 1922 1925 1872
f 1912 1911 1869
f 1912 1869 1985
f 1913 1912 1985
f 1913 1985 1857
f 603 1807 1856
f 603 1856 983
f 2169 1920 1928
f 2169 1928 1926
f 1924 1923 1871
f 1924 1871 1927
f 2167 2157 1543
f 2167 1543 1916
f 1921 2169 1926
f 1921 1926 1925
f 1918 2167 1916
f 1918 1916 1915
f 1887 604 982
f 1887 982 1705
f 1909 1525 599
f 1909 599 1873
f 1910 1909 1873
f 1910 1873 1870
f 1923 1922 1872
f 1923 1872 1871
f 1911 1910 1870
f 1911 1870 1869
f 1807 1913 1857
f 1807 1857 1856
f 1421 1420 1704
f 1421 1704 1546
f 1420 1887 1705
f 1420 1705 1704
f 2139 1421 1546
f 2139 1546 1544
f 2157 2139 1544
f 2157 1544 1543
f 604 603 983
f 604 983 982
f 1525 1524 600
f 1525 600 599
f 2152 2208 2209
f 2152 2209 2151
f 1863 2210 2211
f 1863 2211 2144
f 2101 2152 2151
f 2101 2151 2102
f 1864 1863 2144
f 1864 2144 2103
f 2082 1864 2103
f 2082 2103 2102
f 2119 2182 2212
f 2119 2212 2213
f 2182 2181 2214
f 2182 2214 2212
f 2180 2132 2215
f 2180 2215 2216
f 2181 2177 2217
f 2181 2217 2214
f 2178 2180 2216
f 2178 2216 2218
f 2177 2178 2218
f 2177 2218 2217
f 2133 2176 2219
f 2133 2219 2220
f 2176 1186 2221
f 2176 2221 2219
f 2131 2171 2222
f 2131 2222 2223
f 2171 2170 2224
f 2171 2224 2222
f 2170 1667 2225
f 2170 2225 2224
f 2168 1802 2226
f 2168 2226 2227
f 547 2168 2227
f 547 2227 2228
f 1666 2154 2229
f 1666 2229 2230
f 2154 2153 2231
f 2154 2231 2229
f 2153 2150 2232
f 2153 2232 2231
f 2152 2143 2233
f 2152 2233 2208
f 2150 2151 2209
f 2150 2209 2232
f 1801 1506 2234
f 1801 2234 2235
f 2143 2144 2211
f 2143 2211 2233
f 1859 2133 2220
f 1859 2220 2236
f 2132 2131 2223
f 2132 2223 2215
f 1827 2119 2213
f 1827 2213 2237
f 1863 1860 2238
f 1863 2238 2210
f 1860 1859 2236
f 1860 2236 2238
f 1694 1827 2237
f 1694 2237 2239
f 1802 1801 2235
f 1802 2235 2226
f 1505 1694 2239
f 1505 2239 2240
f 1667 1666 2230
f 1667 2230 2225
f 1506 1505 2240
f 1506 2240 2234
f 1186 605 2241
f 1186 2241 2221
f 605 548 2242
f 605 2242 2241
f 548 547 2228
f 548 2228 2242
f 2243 2244 2245
f 2243 2245 2246
f 2247 2248 2244
f 2247 2244 2243
f 2249 2250 2251
f 2249 2251 2252
f 2253 2254 2255
f 2253 2255 2256
f 2257 2258 2259
f 2257 2259 2260
f 2261 2262 2263
f 2261 2263 2264
f 2265 2266 2267
f 2265 2267 2268
f 2269 2270 2271
f 2269 2271 2272
f 2252 2251 2273
f 2252 2273 2274
f 2275 2276 2277
f 2275 2277 2278
f 2275 2278 2279
f 2275 2279 2280
f 2281 2282 2283
f 2281 2283 2284
f 2285 2286 2287
f 2285 2287 2288
f 2289 2290 2291
f 2289 2291 2292
f 2268 2293 2294
f 2268 2294 2265
f 2295 2296 2297
f 2295 2297 2298
f 2299 2300 2301
f 2299 2301 2302
f 2275 2260 2259
f 2275 2259 2276
f 2274 2303 2304
f 2274 2304 2252
f 2305 2306 2307
f 2305 2307 2308
f 2309 2310 2311
f 2309 2311 2312
f 2313 2314 2315
f 2313 2315 2316
f 2317 2309 2312
f 2317 2312 2318
f 2309 2319 2320
f 2309 2320 2310
f 2321 2322 2323
f 2321 2323 2324
f 2260 2275 2280
f 2260 2280 2325
f 2288 2311 2310
f 2288 2310 2326
f 2327 2321 2324
f 2327 2324 2328
f 2321 2329 2330
f 2321 2330 2322
f 2331 2323 2322
f 2331 2322 2332
f 2317 2333 2319
f 2317 2319 2309
f 2318 2334 2335
f 2318 2335 2317
f 2267 2266 2336
f 2267 2336 2337
f 2292 2291 2338
f 2292 2338 2339
f 2327 2340 2329
f 2327 2329 2321
f 2341 2342 2343
f 2341 2343 2344
f 2345 2280 2346
f 2345 2346 2347
f 2348 2326 2310
f 2348 2310 2320
f 2326 2343 2285
f 2326 2285 2288
f 2349 2281 2284
f 2349 2284 2350
f 2335 2351 2333
f 2335 2333 2317
f 2352 2353 2354
f 2352 2354 2355
f 2305 2356 2357
f 2305 2357 2306
f 2344 2343 2326
f 2344 2326 2348
f 2358 2359 2266
f 2358 2266 2265
f 2360 2361 2294
f 2360 2294 2349
f 2328 2362 2363
f 2328 2363 2327
f 2364 2365 2366
f 2364 2366 2367
f 2368 2369 2370
f 2368 2370 2364
f 2371 2372 2373
f 2371 2373 2374
f 2361 2358 2265
f 2361 2265 2294
f 2375 2376 2377
f 2375 2377 2378
f 2262 2379 2380
f 2262 2380 2381
f 2382 2332 2322
f 2382 2322 2330
f 2314 2383 2384
f 2314 2384 2385
f 2386 2387 2385
f 2386 2385 2388
f 2389 144 143
f 2389 143 2390
f 2352 2391 2392
f 2352 2392 2393
f 2394 2352 2393
f 2394 2393 2395
f 2380 2394 2395
f 2380 2395 2396
f 2332 2397 2398
f 2332 2398 2331
f 2381 2380 2396
f 2381 2396 2399
f 2400 2381 2399
f 2400 2399 2401
f 2398 2400 2401
f 2398 2401 2402
f 2363 2403 2340
f 2363 2340 2327
f 2404 2331 2405
f 2404 2405 2406
f 2312 2407 2408
f 2312 2408 2318
f 2409 2410 2411
f 2409 2411 2412
f 2313 2413 2414
f 2313 2414 2415
f 2308 2414 2413
f 2308 2413 2305
f 2385 2387 2315
f 2385 2315 2314
f 2416 2417 2418
f 2416 2418 2419
f 2420 2421 2417
f 2420 2417 2416
f 2367 2354 2353
f 2367 2353 2422
f 2423 2397 2332
f 2423 2332 2382
f 2424 2425 2270
f 2424 2270 2269
f 2426 2257 2424
f 2426 2424 2269
f 2427 2325 2280
f 2427 2280 2345
f 2428 2429 2355
f 2428 2355 2430
f 2431 2379 2262
f 2431 2262 2261
f 2307 2432 2255
f 2307 2255 2254
f 2433 2335 2334
f 2433 2334 2434
f 2295 2435 2418
f 2295 2418 2417
f 2413 2436 2356
f 2413 2356 2305
f 2437 2360 2421
f 2437 2421 2420
f 2361 2438 2439
f 2361 2439 2358
f 2359 2440 2441
f 2359 2441 2266
f 2442 2443 2444
f 2442 2444 2445
f 2294 2293 2281
f 2294 2281 2349
f 2446 2290 2249
f 2446 2249 2447
f 2417 2421 2296
f 2417 2296 2295
f 2448 2449 2447
f 2448 2447 2450
f 2451 2452 2453
f 2451 2453 2454
f 2291 2455 2456
f 2291 2456 2338
f 2457 2363 2362
f 2457 2362 2458
f 2459 2460 2324
f 2459 2324 2323
f 2404 2285 2343
f 2404 2343 2342
f 2407 2454 2461
f 2407 2461 2408
f 2437 2438 2361
f 2437 2361 2360
f 2400 2398 2397
f 2400 2397 2462
f 2463 2464 2441
f 2463 2441 2465
f 2465 2466 2467
f 2465 2467 2463
f 2467 2466 2468
f 2467 2468 2469
f 2298 2470 2435
f 2298 2435 2295
f 2278 2277 2471
f 2278 2471 2472
f 2457 2473 2403
f 2457 2403 2363
f 2466 2474 2475
f 2466 2475 2468
f 2364 2367 2422
f 2364 2422 2368
f 2353 2352 2394
f 2353 2394 2384
f 2368 2422 2383
f 2368 2383 2415
f 2432 2381 2400
f 2432 2400 2255
f 2308 2307 2254
f 2308 2254 2458
f 2323 2331 2404
f 2323 2404 2459
f 2328 2324 2460
f 2328 2460 2434
f 2422 2353 2384
f 2422 2384 2383
f 2394 2380 2379
f 2394 2379 2388
f 2313 2316 2436
f 2313 2436 2413
f 2367 2366 2476
f 2367 2476 2354
f 2254 2253 2457
f 2254 2457 2458
f 2477 2462 2397
f 2477 2397 2423
f 2297 2296 2349
f 2297 2349 2478
f 2441 2464 2336
f 2441 2336 2266
f 2359 2479 2480
f 2359 2480 2440
f 2400 2462 2256
f 2400 2256 2255
f 2440 2480 2481
f 2440 2481 2482
f 2482 2481 2483
f 2482 2483 2474
f 2418 2475 2484
f 2418 2484 2419
f 2465 2441 2440
f 2465 2440 2482
f 2383 2314 2313
f 2383 2313 2415
f 2482 2474 2466
f 2482 2466 2465
f 2391 2389 2390
f 2391 2390 2392
f 2267 2279 2278
f 2267 2278 2472
f 2485 2486 2425
f 2485 2425 2427
f 2427 2425 2424
f 2427 2424 2325
f 2487 2258 2257
f 2487 2257 2426
f 2306 2357 2264
f 2306 2264 2263
f 2488 2489 2490
f 2488 2490 2491
f 2270 2425 2486
f 2270 2486 2492
f 2270 2304 2303
f 2270 2303 2271
f 2404 2342 2493
f 2404 2493 2459
f 2494 2495 2292
f 2494 2292 2339
f 2461 2496 2497
f 2461 2497 2498
f 2495 2494 2499
f 2495 2499 2408
f 2500 2452 2451
f 2500 2451 2501
f 2461 2498 2495
f 2461 2495 2408
f 2477 2502 2256
f 2477 2256 2462
f 2433 2503 2351
f 2433 2351 2335
f 2504 2505 2283
f 2504 2283 2282
f 2506 2507 2508
f 2506 2508 2509
f 2510 2511 2512
f 2510 2512 2513
f 2447 2449 2514
f 2447 2514 2446
f 2510 2513 2293
f 2510 2293 2268
f 2454 2407 2515
f 2454 2515 2451
f 2516 2446 2514
f 2516 2514 2517
f 2504 2282 2513
f 2504 2513 2512
f 2386 2388 2379
f 2386 2379 2431
f 2281 2293 2513
f 2281 2513 2282
f 2426 2269 2372
f 2426 2372 2518
f 2460 2519 2433
f 2460 2433 2434
f 2300 2299 2273
f 2300 2273 2251
f 2472 2471 2511
f 2472 2511 2510
f 2472 2510 2268
f 2472 2268 2267
f 2257 2260 2325
f 2257 2325 2424
f 2461 2454 2453
f 2461 2453 2496
f 2485 2520 2521
f 2485 2521 2486
f 2522 2485 2427
f 2522 2427 2345
f 2347 2456 2455
f 2347 2455 2345
f 2499 2523 2318
f 2499 2318 2408
f 2394 2388 2385
f 2394 2385 2384
f 2359 2358 2439
f 2359 2439 2479
f 2524 2525 2250
f 2524 2250 2289
f 2509 2508 2525
f 2509 2525 2526
f 2527 2528 2518
f 2527 2518 2529
f 2349 2296 2421
f 2349 2421 2360
f 2457 2253 2530
f 2457 2530 2473
f 2531 2492 2486
f 2531 2486 2521
f 2492 2532 2304
f 2492 2304 2270
f 2301 2501 2451
f 2301 2451 2515
f 2301 2300 2507
f 2301 2507 2501
f 2381 2432 2263
f 2381 2263 2262
f 2533 2534 2535
f 2533 2535 2524
f 2249 2290 2289
f 2249 2289 2250
f 2522 2536 2520
f 2522 2520 2485
f 2524 2535 2526
f 2524 2526 2525
f 2345 2455 2537
f 2345 2537 2522
f 2508 2507 2300
f 2508 2300 2251
f 2538 2532 2492
f 2538 2492 2531
f 2433 2519 2539
f 2433 2539 2503
f 2500 2501 2507
f 2500 2507 2506
f 2251 2250 2525
f 2251 2525 2508
f 2292 2495 2498
f 2292 2498 2533
f 2256 2502 2530
f 2256 2530 2253
f 2537 2540 2536
f 2537 2536 2522
f 2306 2263 2432
f 2306 2432 2307
f 2519 2460 2459
f 2519 2459 2493
f 2341 2541 2493
f 2341 2493 2342
f 2252 2304 2532
f 2252 2532 2450
f 2498 2497 2534
f 2498 2534 2533
f 2288 2287 2302
f 2288 2302 2301
f 2533 2524 2289
f 2533 2289 2292
f 2493 2541 2539
f 2493 2539 2519
f 2516 2537 2455
f 2516 2455 2291
f 2448 2450 2532
f 2448 2532 2538
f 2252 2450 2447
f 2252 2447 2249
f 2288 2301 2515
f 2288 2515 2311
f 2430 2355 2354
f 2430 2354 2476
f 2290 2446 2516
f 2290 2516 2291
f 2516 2517 2540
f 2516 2540 2537
f 2355 2429 2391
f 2355 2391 2352
f 2370 2542 2365
f 2370 2365 2364
f 2331 2398 2402
f 2331 2402 2405
f 2407 2312 2311
f 2407 2311 2515
f 2543 2544 2545
f 2543 2545 2546
f 2547 2544 2543
f 2547 2543 2548
f 2546 303 144
f 2546 144 2543
f 2549 2546 2545
f 2549 2545 2550
f 2389 2548 2543
f 2389 2543 144
f 2547 2548 2429
f 2547 2429 2428
f 2551 303 2546
f 2551 2546 2549
f 2549 2550 2542
f 2549 2542 2370
f 2389 2391 2429
f 2389 2429 2548
f 2369 2551 2549
f 2369 2549 2370
f 2404 2406 2286
f 2404 2286 2285
f 2552 2553 2554
f 2552 2554 2555
f 2554 2553 2556
f 2554 2556 2557
f 2558 2559 2552
f 2558 2552 2560
f 2561 2562 2563
f 2561 2563 2564
f 2414 2308 2565
f 2414 2565 2566
f 2308 2458 2567
f 2308 2567 2565
f 2434 2334 2568
f 2434 2568 2569
f 2328 2434 2569
f 2328 2569 2570
f 2362 2328 2570
f 2362 2570 2571
f 2572 2573 2574
f 2572 2574 2575
f 2334 2318 2523
f 2334 2523 2568
f 2576 2561 2564
f 2576 2564 2577
f 2535 2534 2578
f 2535 2578 2579
f 2526 2535 2579
f 2526 2579 2580
f 2534 2497 2581
f 2534 2581 2578
f 2509 2526 2580
f 2509 2580 2582
f 2497 2496 2583
f 2497 2583 2581
f 2506 2509 2582
f 2506 2582 2584
f 2496 2453 2585
f 2496 2585 2583
f 2500 2506 2584
f 2500 2584 2586
f 2453 2452 2587
f 2453 2587 2585
f 2452 2500 2586
f 2452 2586 2587
f 2258 2487 2588
f 2258 2588 2589
f 2259 2258 2589
f 2259 2589 2590
f 2588 2487 2528
f 2588 2528 2591
f 2276 2259 2590
f 2276 2590 2592
f 2593 2527 2505
f 2593 2505 2594
f 2277 2276 2592
f 2277 2592 2595
f 2504 2512 2596
f 2504 2596 2597
f 2471 2277 2595
f 2471 2595 2598
f 2512 2511 2599
f 2512 2599 2596
f 2511 2471 2598
f 2511 2598 2599
f 2502 2477 2600
f 2502 2600 2601
f 2530 2502 2601
f 2530 2601 2602
f 2477 2423 2603
f 2477 2603 2600
f 2473 2530 2602
f 2473 2602 2604
f 2423 2382 2605
f 2423 2605 2603
f 2403 2473 2604
f 2403 2604 2606
f 2382 2330 2607
f 2382 2607 2605
f 2340 2403 2606
f 2340 2606 2608
f 2330 2329 2609
f 2330 2609 2607
f 2329 2340 2608
f 2329 2608 2609
f 2479 2439 2610
f 2479 2610 2611
f 2480 2479 2611
f 2480 2611 2612
f 2439 2438 2613
f 2439 2613 2610
f 2481 2480 2612
f 2481 2612 2614
f 2438 2437 2615
f 2438 2615 2613
f 2483 2481 2614
f 2483 2614 2616
f 2437 2420 2617
f 2437 2617 2615
f 2618 2419 2484
f 2618 2484 2619
f 2420 2416 2620
f 2420 2620 2617
f 2416 2419 2618
f 2416 2618 2620
f 2320 2319 2621
f 2320 2621 2622
f 2319 2333 2623
f 2319 2623 2621
f 2348 2320 2622
f 2348 2622 2624
f 2333 2351 2625
f 2333 2625 2623
f 2344 2348 2624
f 2344 2624 2626
f 2351 2503 2627
f 2351 2627 2625
f 2341 2344 2626
f 2341 2626 2628
f 2503 2539 2629
f 2503 2629 2627
f 2541 2341 2628
f 2541 2628 2630
f 2539 2541 2630
f 2539 2630 2629
f 2386 2431 2631
f 2386 2631 2632
f 2431 2261 2633
f 2431 2633 2631
f 2387 2386 2632
f 2387 2632 2634
f 2261 2264 2635
f 2261 2635 2633
f 2315 2387 2634
f 2315 2634 2636
f 2264 2357 2637
f 2264 2637 2635
f 2316 2315 2636
f 2316 2636 2638
f 2357 2356 2639
f 2357 2639 2637
f 2436 2316 2638
f 2436 2638 2640
f 2356 2436 2640
f 2356 2640 2639
f 2540 2517 2641
f 2540 2641 2642
f 2536 2540 2642
f 2536 2642 2643
f 2517 2514 2644
f 2517 2644 2641
f 2520 2536 2643
f 2520 2643 2645
f 2514 2449 2646
f 2514 2646 2644
f 2521 2520 2645
f 2521 2645 2647
f 2449 2448 2648
f 2449 2648 2646
f 2531 2521 2647
f 2531 2647 2649
f 2448 2538 2650
f 2448 2650 2648
f 2538 2531 2649
f 2538 2649 2650
f 2476 2366 2651
f 2476 2651 2652
f 2366 2365 2653
f 2366 2653 2651
f 2430 2476 2652
f 2430 2652 2654
f 2365 2542 2655
f 2365 2655 2653
f 2428 2430 2654
f 2428 2654 2656
f 2542 2550 2657
f 2542 2657 2655
f 2547 2428 2656
f 2547 2656 2658
f 2550 2545 2659
f 2550 2659 2657
f 2544 2547 2658
f 2544 2658 2660
f 2545 2544 2660
f 2545 2660 2659
f 2579 2578 2661
f 2579 2661 2662
f 2580 2579 2662
f 2580 2662 2663
f 2578 2581 2664
f 2578 2664 2661
f 2582 2580 2663
f 2582 2663 2665
f 2581 2583 2666
f 2581 2666 2664
f 2584 2582 2665
f 2584 2665 2667
f 2583 2585 2668
f 2583 2668 2666
f 2586 2584 2667
f 2586 2667 2669
f 2585 2587 2670
f 2585 2670 2668
f 2587 2586 2669
f 2587 2669 2670
f 2589 2588 2671
f 2589 2671 2672
f 2590 2589 2672
f 2590 2672 2673
f 2671 2588 2591
f 2671 2591 2674
f 2592 2590 2673
f 2592 2673 2675
f 2676 2593 2594
f 2676 2594 2677
f 2595 2592 2675
f 2595 2675 2678
f 2597 2596 2679
f 2597 2679 2680
f 2598 2595 2678
f 2598 2678 2681
f 2596 2599 2682
f 2596 2682 2679
f 2599 2598 2681
f 2599 2681 2682
f 2601 2600 2683
f 2601 2683 2684
f 2602 2601 2684
f 2602 2684 2685
f 2600 2603 2686
f 2600 2686 2683
f 2604 2602 2685
f 2604 2685 2687
f 2603 2605 2688
f 2603 2688 2686
f 2606 2604 2687
f 2606 2687 2689
f 2605 2607 2690
f 2605 2690 2688
f 2608 2606 2689
f 2608 2689 2691
f 2607 2609 2692
f 2607 2692 2690
f 2609 2608 2691
f 2609 2691 2692
f 2611 2610 2693
f 2611 2693 2694
f 2612 2611 2694
f 2612 2694 2695
f 2610 2613 2696
f 2610 2696 2693
f 2614 2612 2695
f 2614 2695 2697
f 2613 2615 2698
f 2613 2698 2696
f 2616 2614 2697
f 2616 2697 2699
f 2615 2617 2700
f 2615 2700 2698
f 2701 2618 2619
f 2701 2619 2702
f 2617 2620 2703
f 2617 2703 2700
f 2620 2618 2701
f 2620 2701 2703
f 2622 2621 2704
f 2622 2704 2705
f 2621 2623 2706
f 2621 2706 2704
f 2624 2622 2705
f 2624 2705 2707
f 2623 2625 2708
f 2623 2708 2706
f 2626 2624 2707
f 2626 2707 2709
f 2625 2627 2710
f 2625 2710 2708
f 2628 2626 2709
f 2628 2709 2711
f 2627 2629 2712
f 2627 2712 2710
f 2630 2628 2711
f 2630 2711 2713
f 2629 2630 2713
f 2629 2713 2712
f 2632 2631 2714
f 2632 2714 2715
f 2631 2633 2716
f 2631 2716 2714
f 2634 2632 2715
f 2634 2715 2717
f 2633 2635 2718
f 2633 2718 2716
f 2636 2634 2717
f 2636 2717 2719
f 2635 2637 2720
f 2635 2720 2718
f 2638 2636 2719
f 2638 2719 2721
f 2637 2639 2722
f 2637 2722 2720
f 2640 2638 2721
f 2640 2721 2723
f 2639 2640 2723
f 2639 2723 2722
f 2642 2641 2724
f 2642 2724 2725
f 2643 2642 2725
f 2643 2725 2726
f 2641 2644 2727
f 2641 2727 2724
f 2645 2643 2726
f 2645 2726 2728
f 2644 2646 2729
f 2644 2729 2727
f 2647 2645 2728
f 2647 2728 2730
f 2646 2648 2731
f 2646 2731 2729
f 2649 2647 2730
f 2649 2730 2732
f 2648 2650 2733
f 2648 2733 2731
f 2650 2649 2732
f 2650 2732 2733
f 2652 2651 2734
f 2652 2734 2735
f 2651 2653 2736
f 2651 2736 2734
f 2654 2652 2735
f 2654 2735 2737
f 2653 2655 2738
f 2653 2738 2736
f 2656 2654 2737
f 2656 2737 2739
f 2655 2657 2740
f 2655 2740 2738
f 2658 2656 2739
f 2658 2739 2741
f 2657 2659 2742
f 2657 2742 2740
f 2660 2658 2741
f 2660 2741 2743
f 2659 2660 2743
f 2659 2743 2742
f 2662 2661 2744
f 2663 2662 2744
f 2661 2664 2744
f 2665 2663 2744
f 2664 2666 2744
f 2667 2665 2744
f 2666 2668 2744
f 2669 2667 2744
f 2668 2670 2744
f 2670 2669 2744
f 2672 2671 2745
f 2673 2672 2745
f 2671 2674 2745
f 2675 2673 2745
f 2745 2676 2677
f 2745 2677 2680
f 2678 2675 2745
f 2680 2679 2745
f 2681 2678 2745
f 2679 2682 2745
f 2682 2681 2745
f 2684 2683 2746
f 2685 2684 2746
f 2683 2686 2746
f 2687 2685 2746
f 2686 2688 2746
f 2689 2687 2746
f 2688 2690 2746
f 2691 2689 2746
f 2690 2692 2746
f 2692 2691 2746
f 2694 2693 2747
f 2695 2694 2747
f 2693 2696 2747
f 2697 2695 2747
f 2696 2698 2747
f 2699 2697 2747
f 2698 2700 2747
f 2747 2701 2702
f 2747 2702 2699
f 2700 2703 2747
f 2703 2701 2747
f 2705 2704 2748
f 2704 2706 2748
f 2707 2705 2748
f 2706 2708 2748
f 2709 2707 2748
f 2708 2710 2748
f 2711 2709 2748
f 2710 2712 2748
f 2713 2711 2748
f 2712 2713 2748
f 2715 2714 2749
f 2714 2716 2749
f 2717 2715 2749
f 2716 2718 2749
f 2719 2717 2749
f 2718 2720 2749
f 2721 2719 2749
f 2720 2722 2749
f 2723 2721 2749
f 2722 2723 2749
f 2725 2724 2750
f 2726 2725 2750
f 2724 2727 2750
f 2728 2726 2750
f 2727 2729 2750
f 2730 2728 2750
f 2729 2731 2750
f 2732 2730 2750
f 2731 2733 2750
f 2733 2732 2750
f 2735 2734 2751
f 2734 2736 2751
f 2737 2735 2751
f 2736 2738 2751
f 2739 2737 2751
f 2738 2740 2751
f 2741 2739 2751
f 2740 2742 2751
f 2743 2741 2751
f 2742 2743 2751
f 2752 2753 2754
f 2755 2756 2757
f 2758 2759 2760
f 2758 2760 2761
f 517 2762 2760
f 517 2760 518
f 2763 2764 2765
f 2763 2765 2766
f 2767 2768 2769
f 2767 2769 2770
f 2771 2772 2770
f 2771 2770 2769
f 2773 2774 2775
f 2773 2775 2776
f 2777 2778 2779
f 2777 2779 535
f 2776 540 539
f 2776 539 2780
f 541 544 2781
f 541 2781 2782
f 2410 2783 2784
f 2410 2784 2411
f 2785 2786 2787
f 2785 2787 2788
f 2782 2781 2789
f 2782 2789 2790
f 2791 2792 2793
f 2791 2793 2794
f 2795 2796 2797
f 2795 2797 2798
f 2799 2800 2801
f 2799 2801 2802
f 2803 2804 2805
f 2803 2805 2806
f 544 570 2807
f 544 2807 2781
f 2808 573 572
f 2808 572 2775
f 2776 2775 572
f 2776 572 540
f 2767 2809 2810
f 2767 2810 2768
f 2811 2812 2783
f 2811 2783 2410
f 2781 2807 2813
f 2781 2813 2789
f 2790 2814 2797
f 2790 2797 2796
f 2815 2791 2794
f 2815 2794 2816
f 2774 2817 2808
f 2774 2808 2775
f 2818 2819 2772
f 2818 2772 2771
f 2820 2821 2819
f 2820 2819 2818
f 2764 2822 2823
f 2764 2823 2765
f 2824 2825 2826
f 2824 2826 2827
f 2813 2828 2829
f 2813 2829 2789
f 595 541 2782
f 595 2782 2830
f 2831 2832 2833
f 2831 2833 2834
f 2835 2836 2837
f 2835 2837 2838
f 2788 2787 2839
f 2788 2839 2840
f 2841 2842 2843
f 2841 2843 2844
f 2830 2782 2790
f 2830 2790 2796
f 2790 2789 2829
f 2790 2829 2814
f 2845 2846 2847
f 2845 2847 2848
f 2849 2773 2776
f 2849 2776 2780
f 2850 2851 2821
f 2850 2821 2820
f 2852 2810 2809
f 2852 2809 2853
f 2826 2763 2766
f 2826 2766 2854
f 2825 2855 2763
f 2825 2763 2826
f 2856 2857 2858
f 2856 2858 2859
f 2860 2861 2845
f 2860 2845 2848
f 2862 2863 2864
f 2862 2864 2865
f 2866 2867 2868
f 2866 2868 2869
f 2870 2862 2871
f 2870 2871 2872
f 2873 2874 2872
f 2873 2872 2871
f 2875 2876 2874
f 2875 2874 2873
f 2877 2878 2876
f 2877 2876 2875
f 2879 2880 2881
f 2879 2881 2882
f 2882 2881 2883
f 2882 2883 2884
f 2865 2864 2885
f 2865 2885 2886
f 2886 2885 2887
f 2886 2887 2888
f 2768 2889 2576
f 2768 2576 2769
f 2890 2891 2801
f 2890 2801 2806
f 2805 2804 2892
f 2805 2892 2893
f 2894 2895 2566
f 2894 2566 2896
f 2758 2897 2898
f 2758 2898 2759
f 2752 2899 2900
f 2752 2900 2901
f 2902 2903 2904
f 2902 2904 2905
f 2906 2907 2571
f 2906 2571 2570
f 2908 2464 2909
f 2908 2909 2910
f 2911 2912 2822
f 2911 2822 2764
f 2855 2911 2764
f 2855 2764 2763
f 2846 2913 2914
f 2846 2914 2847
f 2893 2915 2916
f 2893 2916 2917
f 2918 2919 2920
f 2918 2920 2921
f 2922 2857 2923
f 2922 2923 2924
f 2925 2926 2927
f 2925 2927 2756
f 2928 2914 2913
f 2928 2913 2929
f 2930 2931 2932
f 2930 2932 2933
f 2934 2935 2936
f 2934 2936 2937
f 2936 2938 2939
f 2936 2939 2937
f 2933 2932 2938
f 2933 2938 2940
f 2941 2942 2887
f 2941 2887 2885
f 2943 2944 2931
f 2943 2931 2930
f 2756 2927 2945
f 2756 2945 2757
f 2914 2928 2944
f 2914 2944 2943
f 2926 2925 2929
f 2926 2929 2913
f 2757 2945 2946
f 2757 2946 2947
f 2935 2942 2948
f 2935 2948 2936
f 2529 2518 2372
f 2529 2372 2371
f 2463 2467 2946
f 2463 2946 2949
f 2950 2951 2952
f 2950 2952 2953
f 2954 2955 2951
f 2954 2951 2950
f 2956 2957 2955
f 2956 2955 2954
f 2958 2959 2960
f 2958 2960 2961
f 2680 2677 2594
f 2680 2594 2597
f 2597 2594 2505
f 2597 2505 2504
f 2962 2963 2957
f 2962 2957 2956
f 2964 733 732
f 2964 732 2965
f 2966 2967 736
f 2966 736 735
f 2968 2967 2969
f 2968 2969 2970
f 2971 2972 2973
f 2971 2973 2974
f 2975 2976 2977
f 2975 2977 2978
f 2979 2980 2978
f 2979 2978 2977
f 751 2981 2982
f 751 2982 752
f 751 756 2983
f 751 2983 2981
f 757 2984 2983
f 757 2983 756
f 2985 2986 2987
f 2985 2987 2988
f 2989 2919 2986
f 2989 2986 2985
f 764 767 2990
f 764 2990 2991
f 767 769 2992
f 767 2992 2990
f 769 771 2993
f 769 2993 2992
f 771 773 2994
f 771 2994 2993
f 2995 2996 2997
f 2995 2997 2998
f 2999 3000 3001
f 2999 3001 3002
f 3003 2861 2860
f 3003 2860 3004
f 3005 2844 2843
f 3005 2843 3006
f 3007 789 788
f 3007 788 3008
f 788 791 3009
f 788 3009 3008
f 791 733 2964
f 791 2964 3009
f 3010 2980 2979
f 3010 2979 3011
f 2980 3010 3012
f 2980 3012 3013
f 796 2976 2975
f 796 2975 797
f 3014 2856 2859
f 3014 2859 3015
f 2977 3016 3017
f 2977 3017 2979
f 2981 2983 3018
f 2981 3018 3019
f 3019 3018 3020
f 3019 3020 3021
f 2981 3019 3016
f 2981 3016 2982
f 3022 3023 3024
f 3022 3024 3025
f 2979 3017 3026
f 2979 3026 3011
f 3011 3026 3027
f 3011 3027 3010
f 3021 3020 3028
f 3021 3028 3029
f 3030 3029 3028
f 3030 3028 3031
f 3018 3032 3033
f 3018 3033 3020
f 3028 3020 3033
f 3028 3033 3034
f 2984 3032 3018
f 2984 3018 2983
f 2991 2990 3035
f 2991 3035 3036
f 2990 2992 3037
f 2990 3037 3035
f 3035 3037 3038
f 3035 3038 3039
f 3040 2920 2919
f 3040 2919 2989
f 3041 3042 2920
f 3041 2920 3040
f 3043 3044 3042
f 3043 3042 3041
f 3045 3046 3047
f 3045 3047 3048
f 539 535 2779
f 539 2779 2780
f 2830 3049 833
f 2830 833 595
f 3050 3051 2556
f 3050 2556 2559
f 3052 3053 2963
f 3052 2963 2962
f 3054 3055 3053
f 3054 3053 3052
f 3056 3057 3055
f 3056 3055 3054
f 2953 2952 3058
f 2953 3058 3059
f 3060 3061 3062
f 3060 3062 3063
f 3064 3065 3060
f 3064 3060 3063
f 3066 3067 3065
f 3066 3065 3064
f 3068 3061 3060
f 3068 3060 3069
f 3070 2856 3014
f 3070 3014 3071
f 3069 3060 3065
f 3069 3065 3072
f 3073 3064 3063
f 3073 3063 3070
f 3072 3065 3067
f 3072 3067 3074
f 3075 3066 3064
f 3075 3064 3073
f 3074 3067 3066
f 3074 3066 3075
f 3076 3077 2839
f 3076 2839 3078
f 2768 2810 3079
f 2768 3079 2889
f 3080 3081 3082
f 3080 3082 3083
f 2889 3079 3084
f 2889 3084 3085
f 3086 3087 3088
f 3086 3088 3089
f 3090 3091 3092
f 3090 3092 3093
f 3094 3095 881
f 3094 881 880
f 3093 3092 3095
f 3093 3095 3094
f 3090 3022 3025
f 3090 3025 3096
f 3090 3096 3097
f 3090 3097 3091
f 3098 3099 3025
f 3098 3025 3024
f 3100 3092 3091
f 3100 3091 3101
f 889 881 3095
f 889 3095 3102
f 3102 3095 3092
f 3102 3092 3100
f 3099 3098 3103
f 3099 3103 2907
f 2347 2346 3104
f 2347 3104 3105
f 2909 3106 3107
f 2909 3107 2910
f 3101 3108 3109
f 3101 3109 3100
f 3110 3111 3023
f 3110 3023 3022
f 3112 3113 3114
f 3112 3114 3115
f 3116 3117 3118
f 3116 3118 3119
f 3116 3119 3120
f 3116 3120 3121
f 3122 3123 3124
f 3122 3124 3125
f 3126 3127 3128
f 3126 3128 3129
f 3130 3131 3127
f 3130 3127 3126
f 3132 3133 3134
f 3132 3134 3130
f 3122 3135 3136
f 3122 3136 3123
f 3125 3124 3137
f 3125 3137 3138
f 3139 3140 3141
f 3139 3141 3142
f 3143 3129 3128
f 3143 3128 3144
f 3130 3134 3145
f 3130 3145 3131
f 3146 3147 3148
f 3146 3148 3149
f 3150 3151 3152
f 3150 3152 3132
f 3153 2835 3154
f 3153 3154 3155
f 3156 3157 3158
f 3156 3158 3159
f 3160 3158 3161
f 3160 3161 3162
f 3162 3161 3163
f 3162 3163 3164
f 3152 3151 3165
f 3152 3165 3166
f 3156 3167 3168
f 3156 3168 3157
f 3169 3170 3171
f 3169 3171 3172
f 3161 3173 3174
f 3161 3174 3163
f 3175 3176 3157
f 3175 3157 3168
f 3177 3178 3179
f 3177 3179 3180
f 2835 2838 3179
f 2835 3179 3154
f 969 3181 3182
f 969 3182 970
f 3183 3184 3185
f 3183 3185 3186
f 3187 3188 3189
f 3187 3189 3190
f 3191 3192 3193
f 3191 3193 3194
f 3180 3195 3196
f 3180 3196 3177
f 3195 3197 3198
f 3195 3198 3196
f 3197 3199 3200
f 3197 3200 3198
f 3201 3202 3200
f 3201 3200 3199
f 3201 3186 3203
f 3201 3203 3202
f 3204 3201 3199
f 3204 3199 3205
f 3197 3206 3205
f 3197 3205 3199
f 3195 3207 3206
f 3195 3206 3197
f 3180 3208 3207
f 3180 3207 3195
f 3204 3183 3186
f 3204 3186 3201
f 3209 3210 3211
f 3209 3211 2973
f 3212 3213 3214
f 3212 3214 3215
f 3216 3217 3218
f 3216 3218 3219
f 3220 3221 3222
f 3220 3222 3223
f 3224 3225 2297
f 3224 2297 2478
f 3226 3227 3228
f 3226 3228 3229
f 2463 2949 2909
f 2463 2909 2464
f 3139 3230 3231
f 3139 3231 3232
f 3233 3234 3235
f 3233 3235 3236
f 2959 2958 3228
f 2959 3228 3227
f 3139 3142 3237
f 3139 3237 3230
f 2337 3238 3239
f 2337 3239 3240
f 2369 2491 3241
f 2369 3241 2551
f 3099 2907 2906
f 3099 2906 3242
f 3243 3244 3245
f 3243 3245 3246
f 3247 3248 3249
f 3247 3249 3250
f 3251 3252 3248
f 3251 3248 3247
f 3253 3234 3233
f 3253 3233 3254
f 3255 2456 2347
f 3255 2347 3105
f 3256 3257 3258
f 3256 3258 3259
f 3260 3261 3262
f 3260 3262 3263
f 3260 3264 3265
f 3260 3265 3261
f 3266 3267 3268
f 3266 3268 3269
f 3266 3270 3271
f 3266 3271 3267
f 3264 3272 3273
f 3264 3273 3265
f 2974 3274 3265
f 2974 3265 3273
f 3275 3276 3277
f 3275 3277 3278
f 3115 3279 3280
f 3115 3280 3281
f 3272 3282 3283
f 3272 3283 3273
f 3267 3282 3272
f 3267 3272 3268
f 3284 3285 3286
f 3284 3286 3287
f 3259 3258 3288
f 3259 3288 3289
f 3262 3261 3290
f 3262 3290 3291
f 3292 3293 3294
f 3292 3294 3295
f 3293 3296 3297
f 3293 3297 3294
f 3298 3173 3157
f 3298 3157 3176
f 3173 3298 3299
f 3173 3299 3174
f 3298 3300 3301
f 3298 3301 3299
f 3302 3303 3300
f 3302 3300 3304
f 3176 3175 3305
f 3176 3305 3304
f 3302 3306 3307
f 3302 3307 3303
f 3308 3309 3306
f 3308 3306 3310
f 3311 3312 3313
f 3311 3313 3314
f 3315 3316 3317
f 3315 3317 3307
f 3318 3319 3320
f 3318 3320 3321
f 3322 3323 3324
f 3322 3324 3325
f 3283 3282 3326
f 3283 3326 3327
f 3327 3328 3329
f 3327 3329 3283
f 3330 3331 3332
f 3330 3332 3333
f 3330 3334 3335
f 3330 3335 3336
f 3282 3267 3271
f 3282 3271 3326
f 3337 3338 3339
f 3337 3339 3340
f 3341 3342 3343
f 3341 3343 3344
f 3345 3346 3347
f 3345 3347 3336
f 3345 3339 3348
f 3345 3348 3346
f 3349 3350 3177
f 3349 3177 3196
f 3350 3351 3178
f 3350 3178 3177
f 3185 3352 3203
f 3185 3203 3186
f 3353 3354 3355
f 3353 3355 3147
f 2922 2924 3356
f 2922 3356 3357
f 2915 2777 3358
f 2915 3358 2916
f 3359 2853 3046
f 3359 3046 3360
f 3308 3310 3361
f 3308 3361 3346
f 3362 3305 3363
f 3362 3363 3364
f 3175 3168 3209
f 3175 3209 3365
f 3167 3210 3209
f 3167 3209 3168
f 3050 3366 3367
f 3050 3367 3085
f 3368 3051 3084
f 3368 3084 3369
f 3370 2852 3371
f 3370 3371 3372
f 3371 2998 3368
f 3371 3368 3372
f 3371 3373 2995
f 3371 2995 2998
f 3371 3359 3374
f 3371 3374 3373
f 3338 3343 3375
f 3338 3375 3376
f 3276 3377 3378
f 3276 3378 3277
f 3379 3185 3184
f 3379 3184 3380
f 3364 3331 3347
f 3364 3347 3361
f 3365 2972 3332
f 3365 3332 3363
f 3381 3382 3383
f 3381 3383 3384
f 2456 3255 3385
f 2456 3385 2338
f 3386 3387 3388
f 3386 3388 3389
f 3377 3390 3113
f 3377 3113 3112
f 2840 2839 3077
f 2840 3077 3391
f 3392 2812 2811
f 3392 2811 3393
f 3394 3393 3005
f 3394 3005 3006
f 3085 3084 3051
f 3085 3051 3050
f 2559 2556 2553
f 2559 2553 2552
f 3395 3394 1192
f 3395 1192 1191
f 2799 3396 3397
f 2799 3397 3398
f 3399 3400 1198
f 3399 1198 1197
f 3382 3381 3401
f 3382 3401 3402
f 3403 3404 3405
f 3403 3405 3406
f 3387 3386 3384
f 3387 3384 3383
f 3407 3408 3409
f 3407 3409 3410
f 3392 3395 3411
f 3392 3411 3412
f 3405 3413 3414
f 3405 3414 3406
f 3242 3415 3097
f 3242 3097 3096
f 3416 2339 2338
f 3416 2338 3385
f 2336 2464 2908
f 2336 2908 3417
f 3238 2337 2336
f 3238 2336 3417
f 3418 2963 3053
f 2955 2957 2963
f 2955 2963 3418
f 3419 2273 2299
f 3419 2299 3420
f 3420 2299 2302
f 3420 2302 3421
f 2286 2406 3422
f 2286 3422 3423
f 2401 2399 3424
f 2401 3424 3425
f 3426 3424 2399
f 3426 2399 2396
f 3427 2395 2393
f 3427 2393 3428
f 3429 2937 2939
f 3429 2939 3430
f 3187 2934 2937
f 3187 2937 3429
f 3431 3432 3433
f 3431 3433 3434
f 3435 3436 3437
f 3435 3437 3438
f 3436 3435 3439
f 3436 3439 3440
f 3441 3442 3440
f 3441 3440 3439
f 3442 3441 3432
f 3442 3432 3431
f 2903 3104 3239
f 2903 3239 3443
f 3444 2870 2860
f 3444 2860 2848
f 2414 2566 2895
f 2414 2895 2415
f 2490 3243 3241
f 2490 3241 2491
f 2369 2368 2488
f 2369 2488 2491
f 3104 2346 3240
f 3104 3240 3239
f 3445 3446 3447
f 3445 3447 3448
f 3443 3239 3238
f 3443 3238 3449
f 3450 2811 2410
f 3450 2410 2409
f 3238 3417 3451
f 3238 3451 3449
f 2894 2489 2488
f 2894 2488 2895
f 3451 3417 2908
f 3451 2908 3452
f 2573 3107 3106
f 2573 3106 2574
f 2339 3416 3453
f 2339 3453 2494
f 2861 2572 2575
f 2861 2575 2845
f 1253 3243 3246
f 1253 3246 1254
f 3244 2896 3454
f 3244 3454 3245
f 3100 3109 2762
f 3100 2762 3102
f 1256 3358 2777
f 1256 2777 535
f 3118 3117 3252
f 3118 3252 3251
f 3438 3437 3455
f 3438 3455 3456
f 3456 3455 3457
f 3456 3457 3458
f 3459 3460 3458
f 3459 3458 3457
f 3461 3462 3460
f 3461 3460 3459
f 2961 3463 3462
f 2961 3462 3461
f 3463 2961 2960
f 3463 2960 3263
f 3464 3465 3466
f 3464 3466 3467
f 3468 3260 3263
f 3468 3263 2960
f 3468 3253 3264
f 3468 3264 3260
f 3468 3469 3234
f 3468 3234 3253
f 3234 3469 3470
f 3234 3470 3235
f 3470 3471 3472
f 3470 3472 3235
f 3472 3471 3473
f 3472 3473 3222
f 3222 3473 3474
f 3222 3474 3223
f 3223 3474 2350
f 3223 2350 2374
f 2390 143 1278
f 2390 1278 3475
f 3421 2302 2287
f 3421 2287 3476
f 2958 2961 3461
f 2958 3461 3477
f 3478 3479 3480
f 3478 3480 2900
f 2287 2286 3423
f 2287 3423 3476
f 2499 2494 3453
f 2499 3453 3481
f 3482 3483 3484
f 3482 3484 3485
f 3486 3487 3421
f 3486 3421 3476
f 2593 2591 2528
f 2593 2528 2527
f 2374 2350 2284
f 2374 2284 2371
f 2478 2349 2350
f 2478 2350 3474
f 2373 3220 3223
f 2373 3223 2374
f 3220 2373 2272
f 3220 2272 3488
f 3488 2272 2271
f 3488 2271 3489
f 3489 2271 2303
f 3489 2303 3490
f 2303 2274 3491
f 2303 3491 3490
f 3492 2409 2412
f 3492 2412 3493
f 3494 3492 3493
f 3494 3493 3495
f 3496 1302 1301
f 3496 1301 3497
f 2571 2567 2458
f 2571 2458 2362
f 2445 2523 2499
f 2445 2499 3481
f 2568 2523 2445
f 2568 2445 3415
f 2529 2283 2505
f 2529 2505 2527
f 3465 3498 3499
f 3465 3499 3466
f 2371 2284 2283
f 2371 2283 2529
f 2988 2767 2770
f 2988 2770 2985
f 3500 3501 3502
f 3500 3502 3503
f 3504 3505 3491
f 3504 3491 3419
f 3504 3252 3117
f 3504 3117 3505
f 3449 3451 3506
f 3449 3506 3502
f 3402 3507 3002
f 3402 3002 3508
f 3443 3449 3502
f 3443 3502 3501
f 2903 3443 3501
f 2903 3501 2904
f 2905 3509 3510
f 2905 3510 2902
f 2442 2445 3481
f 2442 3481 3453
f 3511 3510 3509
f 3511 3509 3512
f 2426 2518 2528
f 2426 2528 2487
f 2443 3511 3512
f 2443 3512 3108
f 3098 2565 2567
f 3098 2567 3103
f 2896 3244 2489
f 2896 2489 2894
f 2760 2762 3109
f 2760 3109 2761
f 3513 3514 3111
f 3513 3111 3515
f 1321 3513 3515
f 1321 3515 1322
f 2900 2899 3516
f 2900 3516 3478
f 3517 2897 2905
f 3517 2905 2904
f 3503 3480 3479
f 3503 3479 3518
f 3500 3503 3518
f 3500 3518 3519
f 1327 3520 3521
f 1327 3521 1328
f 3520 3522 3523
f 3520 3523 3521
f 3522 3524 3525
f 3522 3525 3523
f 3526 3527 3525
f 3526 3525 3524
f 3528 3529 3527
f 3528 3527 3526
f 3530 3531 3529
f 3530 3529 3528
f 3531 3530 3532
f 3531 3532 3533
f 3533 3532 3534
f 3533 3534 3535
f 3535 3534 3536
f 3535 3536 3537
f 3537 3536 3538
f 3537 3538 3539
f 3538 3540 3541
f 3538 3541 3539
f 3541 3486 3476
f 3541 3476 3423
f 1351 1353 3542
f 1351 3542 3280
f 3486 3543 3249
f 3486 3249 3487
f 2570 2569 3242
f 2570 3242 2906
f 3249 3248 3544
f 3249 3544 3487
f 3248 3252 3504
f 3248 3504 3544
f 2273 3419 3491
f 2273 3491 2274
f 3228 2958 3477
f 3228 3477 3545
f 3117 3116 3546
f 3117 3546 3505
f 3116 3121 3547
f 3116 3547 3546
f 3548 3549 3547
f 3548 3547 3121
f 3550 3221 3549
f 3550 3549 3548
f 3221 3550 3472
f 3221 3472 3222
f 3471 3226 3224
f 3471 3224 3473
f 3226 3229 3225
f 3226 3225 3224
f 2443 2442 3385
f 2443 3385 3511
f 3551 3044 3043
f 3551 3043 3552
f 3517 3500 3519
f 3517 3519 3553
f 3002 3001 3554
f 3002 3554 3508
f 2812 3555 3556
f 2812 3556 2783
f 2899 2752 3557
f 2899 3557 3558
f 2761 3512 3509
f 2761 3509 2758
f 3512 2761 3109
f 3512 3109 3108
f 3514 3559 3023
f 3514 3023 3111
f 3560 3561 3562
f 3560 3562 3563
f 2884 2883 3564
f 2884 3564 3565
f 3565 3564 3566
f 3565 3566 3567
f 3567 3566 3568
f 3567 3568 2377
f 2377 3568 3569
f 2377 3569 2378
f 2378 3569 3570
f 2378 3570 3571
f 3571 3570 3534
f 3571 3534 3532
f 3572 3425 3533
f 3572 3533 3535
f 2401 3425 3572
f 2401 3572 2402
f 3540 3538 3573
f 3540 3573 3574
f 3422 3575 3537
f 3422 3537 3539
f 3575 3422 2406
f 3575 2406 2405
f 3575 2405 2402
f 3575 2402 3572
f 3576 3281 3280
f 3576 3280 3542
f 3577 3378 3578
f 3577 3578 3579
f 3249 3543 3580
f 3249 3580 3250
f 3581 3582 3583
f 3581 3583 3584
f 3585 3586 3587
f 3585 3587 3588
f 3585 3589 3590
f 3585 3590 3586
f 3586 3590 3528
f 3586 3528 3526
f 3529 3426 3427
f 3529 3427 3527
f 3426 2396 2395
f 3426 2395 3427
f 3591 3588 3587
f 3591 3587 3592
f 3592 3587 3524
f 3592 3524 3522
f 3523 3525 3428
f 3523 3428 3593
f 3428 2393 2392
f 3428 2392 3593
f 3594 3592 3522
f 3594 3522 3520
f 3521 3523 3593
f 3521 3593 3475
f 3593 2392 2390
f 3593 2390 3475
f 3415 3242 2569
f 3415 2569 2568
f 2565 3098 2896
f 2565 2896 2566
f 2567 2571 2907
f 2567 2907 3103
f 3241 3243 1253
f 3241 1253 1406
f 2862 2870 3444
f 2862 3444 2863
f 3381 3384 3494
f 3381 3494 3495
f 2279 2267 2337
f 2279 2337 3240
f 3463 3595 3596
f 3463 3596 3462
f 1409 3478 3516
f 1409 3516 1410
f 2805 2893 2917
f 2805 2917 3552
f 3240 2346 2280
f 3240 2280 2279
f 3485 3229 3228
f 3485 3228 3545
f 3108 3101 2444
f 3108 2444 2443
f 2891 2890 2851
f 2891 2851 2850
f 3505 3546 3490
f 3505 3490 3491
f 3479 3478 1409
f 3479 1409 1411
f 3262 3595 3463
f 3262 3463 3263
f 3473 3224 2478
f 3473 2478 3474
f 3471 3470 3227
f 3471 3227 3226
f 3469 2959 3227
f 3469 3227 3470
f 3468 2960 2959
f 3468 2959 3469
f 3597 3598 3257
f 3597 3257 3256
f 3599 3600 3601
f 3599 3601 3602
f 2921 2920 3042
f 2921 3042 3603
f 3604 3145 3605
f 3604 3605 3606
f 3266 3237 3142
f 3266 3142 3270
f 3266 3269 3254
f 3266 3254 3237
f 3230 3237 3254
f 3230 3254 3233
f 3230 3233 3236
f 3230 3236 3231
f 3236 3550 3548
f 3236 3548 3231
f 3221 3220 3488
f 3221 3488 3549
f 3549 3488 3489
f 3549 3489 3547
f 3546 3547 3489
f 3546 3489 3490
f 3607 3608 3598
f 3607 3598 3597
f 3609 2987 2986
f 3609 2986 3610
f 3601 3216 3611
f 3601 3611 3602
f 3244 3243 2490
f 3244 2490 2489
f 2272 2373 2372
f 2272 2372 2269
f 3612 3613 3614
f 3612 3614 3615
f 3453 3416 3385
f 3453 3385 2442
f 2676 2674 2591
f 2676 2591 2593
f 1431 518 2760
f 1431 2760 2759
f 3616 3131 3145
f 3616 3145 3604
f 3162 3144 3128
f 3162 3128 3160
f 3595 3617 3618
f 3595 3618 3596
f 3619 3496 3497
f 3619 3497 3620
f 2910 3107 3621
f 2910 3621 2753
f 3040 2819 2821
f 3040 2821 3041
f 517 889 3102
f 517 3102 2762
f 3506 3480 3503
f 3506 3503 3502
f 2745 2674 2676
f 3482 3622 2755
f 3482 2755 2757
f 3482 3485 3545
f 3482 3545 3622
f 3408 3003 3004
f 3408 3004 3409
f 1439 1442 3623
f 1439 3623 3624
f 3624 3623 3625
f 3624 3625 3626
f 3627 3628 3626
f 3627 3626 3625
f 3628 3627 3629
f 3628 3629 3630
f 3630 3629 3631
f 3630 3631 3632
f 3633 3634 3632
f 3633 3632 3631
f 3635 3636 3634
f 3635 3634 3633
f 3637 3638 3636
f 3637 3636 3635
f 3637 2875 2873
f 3637 2873 3638
f 2876 3410 3409
f 2876 3409 2874
f 3480 3506 2901
f 3480 2901 2900
f 1457 1460 3639
f 1457 3639 3640
f 3641 3642 3643
f 3641 3643 3644
f 3642 3641 3645
f 3642 3645 3646
f 3501 3500 3517
f 3501 3517 2904
f 3647 2867 3648
f 3647 3648 3649
f 3649 3648 3288
f 3649 3288 3650
f 3650 3288 3258
f 3650 3258 3651
f 3651 3258 3257
f 3651 3257 3652
f 3652 3257 3598
f 3652 3598 3653
f 3558 3653 3598
f 3558 3598 3608
f 3654 3655 3652
f 3654 3652 3653
f 3452 2901 3506
f 3452 3506 3451
f 3558 3608 3516
f 3558 3516 2899
f 3656 3657 3408
f 3656 3408 3407
f 3657 3656 3658
f 3657 3658 2754
f 2754 3658 3557
f 2754 3557 2752
f 3270 3142 3141
f 3270 3141 3164
f 2752 2901 3452
f 2752 3452 2753
f 3591 3640 3639
f 3591 3639 3659
f 3655 3660 3651
f 3655 3651 3652
f 3649 3650 3661
f 3649 3661 3662
f 2897 2758 3509
f 2897 3509 2905
f 3663 3127 3131
f 3663 3131 3616
f 2415 2895 2488
f 2415 2488 2368
f 3507 3664 2997
f 3507 2997 2996
f 2878 2877 3665
f 2878 3665 2880
f 2878 2880 3410
f 2878 3410 2876
f 2874 3409 3004
f 2874 3004 2872
f 3407 2879 3666
f 3407 3666 3656
f 3657 3667 3003
f 3657 3003 3408
f 3004 2860 2870
f 3004 2870 2872
f 3667 2572 2861
f 3667 2861 3003
f 3654 3653 3558
f 3654 3558 3557
f 3160 3128 3127
f 3160 3127 3663
f 3668 3464 3467
f 3668 3467 3669
f 2575 3670 2846
f 2575 2846 2845
f 3670 2926 2913
f 3670 2913 2846
f 3671 3672 3554
f 3671 3554 3001
f 2925 3673 3674
f 2925 3674 2929
f 3673 3437 3436
f 3673 3436 3674
f 3444 2848 2847
f 3444 2847 3675
f 3675 2847 2914
f 3675 2914 2943
f 2783 3556 3676
f 2783 3676 2784
f 2928 3677 3678
f 2928 3678 2944
f 3674 3436 3440
f 3674 3440 3677
f 3679 3439 3435
f 3679 3435 3438
f 3289 3288 3648
f 3289 3648 3680
f 3680 3648 2867
f 3680 2867 2866
f 3681 3072 3074
f 3681 3074 3682
f 2941 3683 2933
f 2941 2933 2940
f 2864 3683 2941
f 2864 2941 2885
f 2863 3684 3683
f 2863 3683 2864
f 2863 3444 3675
f 2863 3675 3684
f 3685 3686 3447
f 3685 3447 3687
f 3688 3689 3690
f 3688 3690 3603
f 3691 3692 3672
f 3691 3672 3671
f 3691 3693 3694
f 3691 3694 3692
f 2791 3695 2849
f 2791 2849 2792
f 3148 3696 3609
f 3148 3609 3697
f 3434 3433 3698
f 3434 3698 3430
f 3552 2917 3699
f 3552 3699 3551
f 3700 3701 3702
f 3700 3702 3703
f 3184 3704 3705
f 3184 3705 3380
f 3706 3707 3708
f 3706 3708 3709
f 3708 3707 3701
f 3708 3701 3710
f 3710 3701 3700
f 3710 3700 3711
f 3380 3705 3712
f 3380 3712 3713
f 3709 3708 3714
f 3709 3714 3715
f 3716 3710 3711
f 3716 3711 3717
f 3718 3719 3703
f 3718 3703 3720
f 3721 2857 2856
f 3721 2856 3068
f 2916 3188 3699
f 2916 3699 2917
f 3722 3723 3724
f 3722 3724 3725
f 3723 3726 3727
f 3723 3727 3724
f 3728 3729 3730
f 3728 3730 3731
f 3729 3732 3733
f 3729 3733 3730
f 3734 3735 2968
f 3734 2968 2970
f 3736 3737 3735
f 3736 3735 3734
f 3736 3738 3739
f 3736 3739 3737
f 3728 3740 3741
f 3728 3741 3729
f 3742 3732 3729
f 3742 3729 3741
f 3742 3743 3738
f 3742 3738 3732
f 3743 3744 3739
f 3743 3739 3738
f 3378 3577 3719
f 3378 3719 3277
f 3745 3746 3747
f 3745 3747 3748
f 3746 3749 3390
f 3746 3390 3747
f 3749 3750 3113
f 3749 3113 3390
f 3750 3620 3114
f 3750 3114 3113
f 3751 3213 3218
f 3751 3218 3171
f 3620 3497 3752
f 3620 3752 3114
f 3497 1301 1573
f 3497 1573 3752
f 3719 3718 3278
f 3719 3278 3277
f 3281 3576 3579
f 3281 3579 3578
f 3580 3574 3753
f 3580 3753 3583
f 3754 3755 3285
f 3754 3285 3284
f 3569 3568 3756
f 3569 3756 3757
f 3758 3759 3644
f 3758 3644 3643
f 3619 3643 3642
f 3619 3642 3496
f 3760 3761 3612
f 3760 3612 3756
f 3761 3762 3613
f 3761 3613 3612
f 3763 3759 3613
f 3763 3613 3762
f 3764 3644 3759
f 3764 3759 3763
f 3644 3764 3765
f 3644 3765 3641
f 3766 3767 3768
f 3766 3768 3769
f 3767 3766 3770
f 3767 3770 3771
f 3771 3770 3772
f 3771 3772 3773
f 3773 3772 3774
f 3773 3774 3665
f 3665 3774 2881
f 3665 2881 2880
f 3775 3666 2879
f 3775 2879 2882
f 3666 3775 3776
f 3666 3776 3777
f 3777 3776 3655
f 3777 3655 3654
f 3661 3650 3651
f 3661 3651 3660
f 3597 3256 3778
f 3597 3778 3779
f 3759 3758 3614
f 3759 3614 3613
f 3623 1442 1602
f 3623 1602 3780
f 2244 3781 3782
f 2244 3782 2245
f 3783 3784 3785
f 3783 3785 3786
f 3787 3788 3789
f 3787 3789 3790
f 3790 3789 3791
f 3790 3791 3792
f 3792 3791 3769
f 3792 3769 3768
f 3793 3794 3766
f 3793 3766 3769
f 3766 3794 3795
f 3766 3795 3770
f 3770 3795 3796
f 3770 3796 3772
f 3772 3796 3797
f 3772 3797 3774
f 2881 3774 3797
f 2881 3797 2883
f 3561 3775 2882
f 3561 2882 2884
f 3776 3560 3660
f 3776 3660 3655
f 3798 3647 3649
f 3798 3649 3662
f 3256 3259 3799
f 3256 3799 3778
f 1652 3800 2866
f 1652 2866 2869
f 3646 3645 3784
f 3646 3784 1605
f 3801 3780 1602
f 3801 1602 1628
f 3800 3783 3786
f 3800 3786 3802
f 3788 3803 3804
f 3788 3804 3789
f 3789 3804 3805
f 3789 3805 3791
f 3791 3805 3793
f 3791 3793 3769
f 3762 3761 3806
f 3762 3806 3807
f 3796 3795 3807
f 3796 3807 3806
f 3635 3633 3771
f 3635 3771 3773
f 3636 3808 3809
f 3636 3809 3634
f 3783 3800 1652
f 3783 1652 1606
f 3784 3783 1606
f 3784 1606 1605
f 3585 3588 3647
f 3585 3647 3798
f 3216 3219 3810
f 3216 3810 3611
f 3811 2871 2862
f 3811 2862 2865
f 3811 2865 2886
f 3811 2886 3808
f 3808 2886 2888
f 3808 2888 3809
f 1640 1439 3624
f 1640 3624 3812
f 3812 3624 3626
f 3812 3626 3813
f 3628 3814 3813
f 3628 3813 3626
f 3815 3814 3628
f 3815 3628 3630
f 3767 3631 3629
f 3767 3629 3768
f 3815 3630 3632
f 3815 3632 3816
f 3817 3764 3763
f 3817 3763 3818
f 3764 3817 3819
f 3764 3819 3765
f 3819 3820 3821
f 3819 3821 3765
f 3820 3822 3785
f 3820 3785 3821
f 3746 3614 3758
f 3746 3758 3749
f 3452 2908 2910
f 3452 2910 2753
f 3647 3588 2868
f 3647 2868 2867
f 2248 3823 3781
f 2248 3781 2244
f 3289 3680 3802
f 3289 3802 3824
f 3825 3826 3827
f 3825 3827 3828
f 3661 3563 3829
f 3661 3829 3662
f 3563 3562 3830
f 3563 3830 3829
f 3830 3562 3565
f 3830 3565 3567
f 3564 3831 3760
f 3564 3760 3566
f 3831 3806 3761
f 3831 3761 3760
f 3818 3763 3762
f 3818 3762 3807
f 3793 3817 3818
f 3793 3818 3794
f 3627 3792 3768
f 3627 3768 3629
f 3627 3625 3790
f 3627 3790 3792
f 3625 3623 3787
f 3625 3787 3790
f 3832 3833 3799
f 3832 3799 3824
f 3822 3803 3833
f 3822 3833 3832
f 3834 3780 3801
f 3834 3801 3779
f 3787 3623 3780
f 3787 3780 3834
f 3607 3597 3779
f 3607 3779 3801
f 3835 3836 3837
f 3835 3837 3838
f 3557 3658 3777
f 3557 3777 3654
f 3658 3656 3666
f 3658 3666 3777
f 3410 2880 2879
f 3410 2879 3407
f 3637 3665 2877
f 3637 2877 2875
f 3637 3635 3773
f 3637 3773 3665
f 3633 3631 3767
f 3633 3767 3771
f 3693 3839 3840
f 3693 3840 3694
f 3795 3794 3818
f 3795 3818 3807
f 3805 3819 3817
f 3805 3817 3793
f 3805 3804 3820
f 3805 3820 3819
f 3804 3803 3822
f 3804 3822 3820
f 3786 3832 3824
f 3786 3824 3802
f 3785 3822 3832
f 3785 3832 3786
f 3841 3833 3803
f 3841 3803 3788
f 3841 3778 3799
f 3841 3799 3833
f 3259 3289 3824
f 3259 3824 3799
f 3842 3836 3843
f 3842 3843 3844
f 3660 3560 3563
f 3660 3563 3661
f 3560 3776 3775
f 3560 3775 3561
f 3562 3561 2884
f 3562 2884 3565
f 2883 3797 3831
f 2883 3831 3564
f 3797 3796 3806
f 3797 3806 3831
f 3809 2888 3845
f 3809 3845 3816
f 3816 3845 3846
f 3816 3846 3815
f 3847 3848 3849
f 3847 3849 3850
f 3851 3078 2839
f 3851 2839 2787
f 2827 2815 2816
f 2827 2816 3852
f 3357 2827 3852
f 3357 3852 3853
f 3854 2773 2849
f 3854 2849 3695
f 2922 3357 3853
f 2922 3853 3855
f 2857 2922 3855
f 2857 3855 2858
f 3219 3856 3857
f 3219 3857 3810
f 3858 3859 3857
f 3858 3857 3856
f 2806 2801 2800
f 2806 2800 2803
f 3396 2799 2802
f 3396 2802 3860
f 3514 3245 3454
f 3514 3454 3559
f 3848 3861 3862
f 3848 3862 3863
f 3864 3865 3686
f 3864 3686 3685
f 3189 1697 1696
f 3189 1696 3190
f 2934 3182 3181
f 2934 3181 2935
f 1697 3189 3358
f 1697 3358 1256
f 3866 3867 3868
f 3866 3868 3869
f 3870 3871 3872
f 3870 3872 3873
f 3874 3875 3876
f 3874 3876 3877
f 3878 3406 3414
f 3878 3414 3879
f 3880 2786 3881
f 3880 3881 3882
f 3883 3884 3885
f 3883 3885 3886
f 3887 3888 3889
f 3887 3889 3890
f 2555 3887 3891
f 2555 3891 3892
f 3893 3889 3894
f 3893 3894 3895
f 3896 2962 2956
f 3896 2956 3897
f 3898 3899 3088
f 3898 3088 3087
f 3071 3860 3900
f 3071 3900 3901
f 3070 3071 3901
f 3070 3901 3073
f 3902 3903 3899
f 3902 3899 3898
f 3895 3904 3083
f 3895 3083 3893
f 3904 3905 3080
f 3904 3080 3083
f 3897 2956 2954
f 3897 2954 3906
f 3907 3908 3909
f 3910 3682 3911
f 3910 3911 3912
f 3913 3914 3915
f 3913 3915 3908
f 3915 3916 3909
f 3916 3917 3909
f 3917 3918 3909
f 3918 3919 3909
f 3919 3907 3909
f 3920 3903 3885
f 3920 3885 3891
f 3893 3899 3903
f 3893 3903 3920
f 3156 3154 3921
f 3156 3921 3167
f 3083 3088 3899
f 3083 3899 3893
f 3081 3406 3878
f 3081 3878 3082
f 3922 2950 2953
f 3922 2953 3923
f 3924 3056 3054
f 3924 3054 3925
f 3923 2953 3059
f 3923 3059 3926
f 3087 3086 3682
f 3087 3682 3910
f 3927 3052 2962
f 3927 2962 3896
f 3912 3911 3914
f 3912 3914 3913
f 3908 3915 3909
f 1321 1254 3246
f 1321 3246 3513
f 3928 3929 3930
f 3928 3930 3931
f 3914 3911 3931
f 3914 3931 3930
f 3513 3246 3245
f 3513 3245 3514
f 3912 3913 3932
f 3912 3932 3933
f 3933 3932 3934
f 3933 3934 3935
f 3936 3937 3935
f 3936 3935 3934
f 3937 3936 3929
f 3937 3929 3928
f 2952 3418 3057
f 2952 3057 3058
f 2952 2951 2955
f 2952 2955 3418
f 3055 3057 3418
f 3055 3418 3053
f 3167 3921 3938
f 3167 3938 3210
f 3939 3940 3941
f 3939 3941 3942
f 3895 3894 3926
f 3895 3926 3924
f 3916 3930 3929
f 3916 3929 3917
f 3904 3895 3924
f 3904 3924 3925
f 2771 3943 3944
f 2771 3944 2818
f 2769 3945 3943
f 2769 3943 2771
f 2820 2818 3944
f 2820 3944 3946
f 3947 3948 3922
f 3947 3922 3923
f 3949 3950 3886
f 3949 3886 3951
f 3952 3951 3953
f 3952 3953 3954
f 3953 3902 3898
f 3953 3898 3955
f 3886 3885 3903
f 3886 3903 3902
f 3096 3025 3099
f 3096 3099 3242
f 3898 3087 3910
f 3898 3910 3955
f 3956 3957 3958
f 3956 3958 3322
f 3959 2554 2557
f 3959 2557 3960
f 3669 3456 3458
f 3669 3458 3668
f 3961 2997 3664
f 3961 3664 3962
f 3963 3012 3010
f 3963 3010 3027
f 3002 3507 2996
f 3002 2996 2999
f 3964 2817 2774
f 3964 2774 3965
f 3854 3965 2774
f 3854 2774 2773
f 3850 3849 3080
f 3850 3080 3905
f 2801 2891 3966
f 2801 3966 2802
f 3967 2850 2820
f 3967 2820 3949
f 3952 3967 3949
f 3952 3949 3951
f 3953 3955 3933
f 3953 3933 3935
f 3919 3934 3932
f 3919 3932 3907
f 3276 3747 3390
f 3276 3390 3377
f 3848 3863 3968
f 3848 3968 3849
f 3180 3179 2838
f 3180 2838 3208
f 3082 3089 3088
f 3082 3088 3083
f 3969 3446 3970
f 3969 3970 3971
f 3839 3940 3939
f 3839 3939 3840
f 3972 3973 3938
f 3972 3938 3351
f 3862 3861 3974
f 3862 3974 3959
f 3208 2838 2837
f 3208 2837 3975
f 3849 3968 3081
f 3849 3081 3080
f 3081 3968 3403
f 3081 3403 3406
f 3863 3962 3403
f 3863 3403 3968
f 3976 3977 3942
f 3976 3942 3941
f 3976 3978 3007
f 3976 3007 3977
f 3414 3413 2411
f 3414 2411 2784
f 3979 3980 3981
f 3979 3981 3982
f 3400 3388 3983
f 3400 3983 3984
f 3985 3082 3878
f 3985 3878 3986
f 3878 3879 3676
f 3878 3676 3986
f 3396 3014 3015
f 3396 3015 3397
f 3401 3664 3507
f 3401 3507 3402
f 3414 2784 3676
f 3414 3676 3879
f 3962 3987 3404
f 3962 3404 3403
f 3987 3962 3664
f 3987 3664 3401
f 2411 3413 3405
f 2411 3405 2412
f 2412 3405 3404
f 2412 3404 3493
f 3493 3404 3987
f 3493 3987 3495
f 3495 3987 3401
f 3495 3401 3381
f 2855 2814 2829
f 2855 2829 2911
f 3978 1820 789
f 3978 789 3007
f 2902 3105 3104
f 2902 3104 2903
f 3684 2930 2933
f 3684 2933 3683
f 3988 3455 3437
f 3988 3437 3673
f 2558 3989 3990
f 2558 3990 3958
f 3991 2927 2926
f 3991 2926 3670
f 2574 3991 3670
f 2574 3670 2575
f 3992 3993 3859
f 3992 3859 3858
f 3869 3868 3875
f 3869 3875 3874
f 3994 3995 3865
f 3994 3865 3864
f 1829 1831 3996
f 1829 3996 3868
f 3749 3758 3643
f 3749 3643 3750
f 3997 3667 3657
f 3997 3657 2754
f 3669 3679 3438
f 3669 3438 3456
f 3621 3107 2573
f 3621 2573 3997
f 3844 3843 3998
f 3844 3998 3999
f 3997 2573 2572
f 3997 2572 3667
f 3322 3958 3990
f 3322 3990 3323
f 3106 4000 3991
f 3106 3991 2574
f 4000 2945 2927
f 4000 2927 3991
f 2911 2829 2828
f 2911 2828 2912
f 4001 3988 2756
f 4001 2756 2755
f 4001 3457 3455
f 4001 3455 3988
f 4002 3033 3032
f 4002 3032 3036
f 2931 4003 4004
f 2931 4004 2932
f 3538 3536 4005
f 3538 4005 3573
f 2830 2796 2795
f 2830 2795 3049
f 2896 3098 3024
f 2896 3024 3454
f 3948 3974 3861
f 3948 3861 4006
f 3187 3190 3182
f 3187 3182 2934
f 3431 3434 4004
f 3431 4004 4003
f 4007 4008 3498
f 4007 3498 3465
f 3834 3841 3788
f 3834 3788 3787
f 3779 3778 3841
f 3779 3841 3834
f 3315 3307 3306
f 3315 3306 3309
f 3362 3310 3306
f 3362 3306 3302
f 3303 3307 3317
f 3303 3317 4009
f 3345 3336 3335
f 3345 3335 4010
f 3330 3336 3347
f 3330 3347 3331
f 3364 3361 3310
f 3364 3310 3362
f 3361 3347 3346
f 3308 3314 3313
f 3308 3313 3309
f 3315 3321 3320
f 3315 3320 3316
f 3318 3325 3324
f 3318 3324 3319
f 4010 3340 3339
f 4010 3339 3345
f 3337 3344 3343
f 3337 3343 3338
f 3376 3348 3339
f 3376 3339 3338
f 4011 3375 3343
f 4011 3343 3342
f 3956 4012 4013
f 3956 4013 4014
f 3346 3348 3314
f 3346 3314 3308
f 4015 3697 4016
f 4015 4016 4017
f 3269 3268 3272
f 3269 3272 3264
f 3253 3254 3269
f 3253 3269 3264
f 4006 3847 3897
f 4006 3897 3906
f 4018 3600 3599
f 4018 3599 3360
f 3873 3872 3727
f 3873 3727 3726
f 4019 4020 4021
f 4019 4021 4022
f 3275 3748 3747
f 3275 3747 3276
f 3866 2935 3181
f 3866 3181 3867
f 2987 3048 3047
f 2987 3047 2988
f 2984 2991 3036
f 2984 3036 3032
f 3360 3046 3045
f 3360 3045 4018
f 3875 3868 3996
f 3875 3996 4023
f 2470 3483 2947
f 2470 2947 2469
f 2826 2854 2815
f 2826 2815 2827
f 4024 4025 4026
f 4024 4026 4027
f 4028 4027 4026
f 4028 4026 4029
f 2849 2780 2779
f 2849 2779 2792
f 3569 3755 4005
f 3569 4005 3570
f 3154 3179 3178
f 3154 3178 3921
f 1696 970 3182
f 1696 3182 3190
f 969 1865 3867
f 969 3867 3181
f 1431 2759 2898
f 1431 2898 1866
f 3993 3992 3034
f 3993 3034 4030
f 3980 4031 4032
f 3980 4032 4033
f 3851 4034 4035
f 3851 4035 3078
f 3910 3912 3933
f 3910 3933 3955
f 3952 3954 3901
f 3952 3901 3900
f 2825 2797 2814
f 2825 2814 2855
f 2824 2798 2797
f 2824 2797 2825
f 3089 3082 3985
f 3089 3985 3681
f 3681 3985 3069
f 3681 3069 3072
f 3034 3033 4002
f 3034 4002 4030
f 3979 4036 4031
f 3979 4031 3980
f 3737 3739 1875
f 3737 1875 1874
f 1876 1322 3515
f 1876 3515 4037
f 3400 3984 1878
f 3400 1878 1198
f 4038 4039 4040
f 4038 4040 4041
f 4042 4043 4039
f 4042 4039 4038
f 3295 3354 4044
f 3295 4044 3292
f 2834 2833 4036
f 2834 4036 3979
f 3689 3688 4045
f 3689 4045 3698
f 3149 3290 3261
f 3149 3261 3146
f 3048 3696 4040
f 3048 4040 3045
f 3068 2856 3062
f 3068 3062 3061
f 3377 3112 3578
f 3377 3578 3378
f 1829 3868 3867
f 1829 3867 1865
f 2916 3358 3189
f 2916 3189 3188
f 3154 3156 3159
f 3154 3159 3155
f 3155 3159 3663
f 3155 3663 3616
f 3153 4046 2836
f 3153 2836 2835
f 3211 3973 4044
f 3211 4044 4047
f 3150 3126 3129
f 3150 3129 4048
f 3130 3126 3150
f 3130 3150 3132
f 4049 3530 3528
f 4049 3528 3590
f 3135 3122 4050
f 3135 4050 4051
f 4049 2375 2378
f 4049 2378 3571
f 3573 4005 3755
f 3573 3755 3754
f 3754 3753 3574
f 3754 3574 3573
f 4052 3584 3583
f 4052 3583 3753
f 3247 3250 3582
f 3247 3582 4051
f 3251 4050 4053
f 3251 4053 3118
f 3587 3586 3526
f 3587 3526 3524
f 3235 3472 3550
f 3235 3550 3236
f 3231 3548 3121
f 3231 3121 3232
f 4053 3125 3138
f 4053 3138 3120
f 4050 3122 3125
f 4050 3125 4053
f 3135 4051 3582
f 3135 3582 3581
f 3584 4054 4055
f 3584 4055 3581
f 3584 4056 4057
f 3584 4057 4054
f 4058 3720 3165
f 4058 3165 3151
f 4059 4060 4061
f 4059 4061 4062
f 3210 3938 3973
f 3210 3973 3211
f 3870 3191 3194
f 3870 3194 3871
f 3149 3148 3697
f 3149 3697 4015
f 3132 3152 4063
f 3132 4063 3133
f 4063 3152 3166
f 4063 3166 4064
f 3351 3938 3921
f 3351 3921 3178
f 4041 3355 3354
f 4041 3354 3295
f 3499 3690 3689
f 3499 3689 4065
f 2918 4066 4016
f 2918 4016 3610
f 3498 4067 3690
f 3498 3690 3499
f 2921 4067 4066
f 2921 4066 2918
f 4008 4066 4067
f 4008 4067 3498
f 3603 3690 4067
f 3603 4067 2921
f 3183 4068 3704
f 3183 3704 3184
f 4017 4016 4066
f 4017 4066 4008
f 3204 4069 4068
f 3204 4068 3183
f 3205 4070 4069
f 3205 4069 3204
f 3206 4071 4070
f 3206 4070 3205
f 3207 4072 4071
f 3207 4071 3206
f 3153 3604 3606
f 3153 3606 4046
f 4073 4074 4075
f 4073 4075 3448
f 4076 4077 4078
f 4076 4078 4064
f 3706 4079 4077
f 3706 4077 4076
f 3740 4080 4081
f 3740 4081 3715
f 3728 4082 4080
f 3728 4080 3740
f 3713 3712 4083
f 3713 4083 3731
f 3882 4084 4085
f 3882 4085 3880
f 4073 3722 3725
f 4073 3725 4074
f 3076 3078 4035
f 3076 4035 4086
f 3882 4087 4088
f 3882 4088 4084
f 3176 3304 3300
f 3176 3300 3298
f 1930 3594 3520
f 1930 3520 1327
f 3594 1930 1457
f 3594 1457 3640
f 3296 4089 4090
f 3296 4090 4091
f 3584 4052 4092
f 3584 4092 4056
f 3112 3115 3281
f 3112 3281 3578
f 3643 3619 3620
f 3643 3620 3750
f 3999 3998 3828
f 3999 3828 4093
f 3496 3642 3646
f 3496 3646 1302
f 4093 3828 3827
f 4093 3827 4094
f 4014 4013 3375
f 4014 3375 4011
f 4095 3825 3828
f 4095 3828 3998
f 3556 4096 3986
f 3556 3986 3676
f 3318 3321 3313
f 3318 3313 3312
f 4096 3069 3985
f 4096 3985 3986
f 3086 3089 3681
f 3086 3681 3682
f 3829 3830 2376
f 3829 2376 4097
f 4097 2376 2375
f 4097 2375 3589
f 3589 2375 4049
f 3589 4049 3590
f 3765 3821 3645
f 3765 3645 3641
f 3785 3784 3645
f 3785 3645 3821
f 3312 4012 3325
f 3312 3325 3318
f 2866 3800 3802
f 2866 3802 3680
f 4098 4099 4093
f 4098 4093 4094
f 3662 3829 4097
f 3662 4097 3798
f 2376 3830 3567
f 2376 3567 2377
f 2563 4100 3884
f 2563 3884 3883
f 1605 1604 1302
f 1605 1302 3646
f 4038 3294 3297
f 4038 3297 4042
f 4091 3170 3297
f 4091 3297 3296
f 4037 3515 3111
f 4037 3111 3110
f 3396 3860 3071
f 3396 3071 3014
f 3540 3543 3486
f 3540 3486 3541
f 3700 3703 3719
f 3700 3719 3577
f 3577 3579 3711
f 3577 3711 3700
f 4101 4102 4103
f 4101 4103 4104
f 3576 3542 4105
f 3576 4105 3717
f 3542 1353 1948
f 3542 1948 4105
f 2992 2993 4106
f 2992 4106 3037
f 3037 4106 4107
f 3037 4107 3038
f 3038 4107 4108
f 3038 4108 4109
f 4109 4108 4110
f 4109 4110 4111
f 4111 4110 4112
f 4111 4112 4113
f 4114 4115 4112
f 4114 4112 4116
f 4112 4110 4117
f 4112 4117 4116
f 4110 4108 4118
f 4110 4118 4117
f 4108 4107 4119
f 4108 4119 4118
f 4119 4107 4106
f 4119 4106 4120
f 2993 2994 4120
f 2993 4120 4106
f 4121 3671 3001
f 4121 3001 3000
f 4114 3691 3671
f 4114 3671 4121
f 4114 4116 3693
f 4114 3693 3691
f 4117 3839 3693
f 4117 3693 4116
f 3940 4118 4119
f 3940 4119 3941
f 3009 2964 4122
f 3009 4122 4123
f 4123 4122 4124
f 4123 4124 4125
f 3839 4117 4118
f 3839 4118 3940
f 3941 4119 4120
f 3941 4120 3976
f 4022 3192 4126
f 4022 4126 4127
f 3192 3191 4128
f 3192 4128 4126
f 3191 3870 4129
f 3191 4129 4128
f 4130 3977 3007
f 4130 3007 3008
f 4022 4021 3193
f 4022 3193 3192
f 2559 2558 3958
f 2559 3958 3957
f 3956 3322 3325
f 3956 3325 4012
f 3309 3313 3321
f 3309 3321 3315
f 3311 3376 3375
f 3311 3375 4013
f 3311 3314 3348
f 3311 3348 3376
f 3158 3157 3173
f 3158 3173 3161
f 3707 4131 3702
f 3707 3702 3701
f 3158 3160 3663
f 3158 3663 3159
f 3604 3153 3155
f 3604 3155 3616
f 3302 3304 3305
f 3302 3305 3362
f 2971 3333 3332
f 2971 3332 2972
f 3208 3975 4072
f 3208 4072 3207
f 3292 4044 3973
f 3292 3973 3972
f 3353 4047 4044
f 3353 4044 3354
f 4076 4064 3166
f 4076 3166 4131
f 3273 3283 2971
f 3273 2971 2974
f 2971 3283 3329
f 2971 3329 3333
f 1628 1410 3607
f 1628 3607 3801
f 4132 3883 3886
f 4132 3886 3950
f 3333 3329 3330
f 3531 3424 3426
f 3531 3426 3529
f 3425 3424 3531
f 3425 3531 3533
f 3530 4049 3571
f 3530 3571 3532
f 3583 3582 3250
f 3583 3250 3580
f 3247 4051 4050
f 3247 4050 3251
f 3544 3504 3419
f 3544 3419 3420
f 3171 3218 3217
f 3171 3217 3172
f 4133 3214 3213
f 4133 3213 3751
f 3963 4134 4135
f 3963 4135 4136
f 3574 3580 3543
f 3574 3543 3540
f 3369 3370 3372
f 3369 3372 3368
f 3369 3084 3079
f 3369 3079 3370
f 2889 3085 3367
f 2889 3367 2576
f 2809 2767 2988
f 2809 2988 3047
f 4137 2778 2777
f 4137 2777 2915
f 3371 2852 2853
f 3371 2853 3359
f 2984 757 764
f 2984 764 2991
f 2869 2868 3659
f 2869 3659 3639
f 3374 3359 3360
f 3374 3360 3599
f 3292 3972 4138
f 3292 4138 3293
f 3350 3349 4089
f 3350 4089 4138
f 2974 4047 3353
f 2974 3353 3274
f 4016 3697 3609
f 4016 3609 3610
f 3279 1982 1351
f 3279 1351 3280
f 3284 4052 3753
f 3284 3753 3754
f 3330 3329 3328
f 3330 3328 3334
f 1983 1653 1652
f 1983 1652 2869
f 4139 4140 4020
f 4139 4020 4019
f 3334 3328 3301
f 3334 3301 4009
f 4141 3432 3441
f 4141 3441 4142
f 3902 3953 3951
f 3902 3951 3886
f 3988 3673 2925
f 3988 2925 2756
f 4089 3349 4143
f 4089 4143 4090
f 3679 4142 3441
f 3679 3441 3439
f 2769 2576 2577
f 2769 2577 3945
f 3873 4144 4129
f 3873 4129 3870
f 4130 4123 4125
f 4130 4125 4145
f 4130 4145 3942
f 4130 3942 3977
f 4033 4139 4146
f 4033 4146 4147
f 3980 4033 4147
f 3980 4147 3981
f 3036 3035 3039
f 3036 3039 4002
f 2869 3639 1460
f 2869 1460 1983
f 3008 3009 4123
f 3008 4123 4130
f 3745 3748 3286
f 3745 3286 4148
f 3031 3028 3034
f 3031 3034 3992
f 3993 4030 4149
f 3993 4149 4150
f 4150 4149 4109
f 4150 4109 4111
f 3976 4120 2994
f 3976 2994 3978
f 3981 4151 4152
f 3981 4152 3982
f 3840 3939 4153
f 3840 4153 4154
f 4154 4153 4155
f 4154 4155 4156
f 4156 4155 4157
f 4156 4157 4158
f 4158 4157 4159
f 4158 4159 4160
f 4160 4159 2965
f 4160 2965 4161
f 2965 732 2007
f 2965 2007 4161
f 3835 4162 3843
f 3835 3843 3836
f 4030 4002 3039
f 4030 3039 4149
f 4149 3039 3038
f 4149 3038 4109
f 2994 773 1820
f 2994 1820 3978
f 2834 3979 3982
f 2834 3982 4152
f 3939 3942 4145
f 3939 4145 4153
f 4153 4145 4125
f 4153 4125 4155
f 4155 4125 4124
f 4155 4124 4157
f 4157 4124 4122
f 4157 4122 4159
f 2965 4159 4122
f 2965 4122 2964
f 3638 2873 2871
f 3638 2871 3811
f 4163 4164 2011
f 4163 2011 2010
f 2978 2980 3013
f 2978 3013 4165
f 4166 4167 3984
f 4166 3984 3983
f 3601 4168 3217
f 3601 3217 3216
f 3013 3012 4169
f 3013 4169 4170
f 4171 3030 3031
f 4171 3031 4172
f 4172 3031 3992
f 4172 3992 3858
f 3588 3591 3659
f 3588 3659 2868
f 3859 3993 4150
f 3859 4150 4173
f 4173 4150 4111
f 4173 4111 4113
f 303 2551 3241
f 303 3241 1406
f 4174 4152 4151
f 4174 4151 4175
f 2831 2834 4152
f 2831 4152 4174
f 3694 3840 4154
f 3694 4154 4176
f 4176 4154 4156
f 4176 4156 4177
f 4177 4156 4158
f 4177 4158 4178
f 4178 4158 4160
f 4178 4160 4179
f 4164 4179 4160
f 4164 4160 4161
f 4175 4180 4181
f 4175 4181 4182
f 2853 2809 3047
f 2853 3047 3046
f 797 2975 4183
f 797 4183 2031
f 3553 2898 2897
f 3553 2897 3517
f 3857 3859 4173
f 3857 4173 4184
f 4184 4173 4113
f 4184 4113 4185
f 4185 4113 4112
f 4185 4112 4115
f 3862 3961 3962
f 3862 3962 3863
f 3169 4168 4043
f 3169 4043 4042
f 4182 4186 4174
f 4182 4174 4175
f 4187 2831 4174
f 4187 4174 4186
f 3692 3694 4176
f 3692 4176 4188
f 4188 4176 4177
f 4188 4177 4189
f 4189 4177 4178
f 4189 4178 4190
f 4190 4178 4179
f 4190 4179 4191
f 4192 4193 4167
f 4192 4167 4166
f 3076 4187 4194
f 3076 4194 3077
f 4191 4163 4193
f 4191 4193 4192
f 3341 3323 3990
f 3341 3990 4195
f 2045 1866 2898
f 2045 2898 3553
f 4196 3856 3219
f 4196 3219 3212
f 4197 4196 3212
f 4197 3212 3215
f 4172 4196 4197
f 4172 4197 4171
f 4196 4172 3858
f 4196 3858 3856
f 4134 3963 4171
f 4134 4171 4197
f 2976 2982 3016
f 2976 3016 2977
f 796 752 2982
f 796 2982 2976
f 3013 4170 4198
f 3013 4198 4165
f 4195 3990 3989
f 4195 3989 2562
f 3891 3885 3884
f 3891 3884 3892
f 2049 4199 4200
f 2049 4200 2050
f 2050 4200 4201
f 2050 4201 2053
f 3162 3164 3141
f 3162 3141 3144
f 3344 3324 3323
f 3344 3323 3341
f 4202 4203 4204
f 4202 4204 4205
f 4206 4204 4203
f 4206 4203 4207
f 4207 4135 4208
f 4207 4208 4206
f 4135 4134 4209
f 4135 4209 4208
f 4134 4197 3215
f 4134 3215 4209
f 4104 4103 4210
f 4104 4210 4211
f 4211 4210 4212
f 4211 4212 4213
f 4213 4212 4214
f 4213 4214 4215
f 4215 4214 2970
f 4215 2970 2969
f 4216 4217 4218
f 4216 4218 4219
f 4220 4221 4219
f 4220 4219 4098
f 3857 4184 4222
f 3857 4222 3810
f 4184 4185 4223
f 4184 4223 4222
f 4185 4115 4224
f 4185 4224 4223
f 4115 4114 4121
f 4115 4121 4224
f 4018 4039 4043
f 4018 4043 3600
f 3045 4040 4039
f 3045 4039 4018
f 4026 4025 4225
f 4026 4225 4226
f 4029 4026 4226
f 4029 4226 4227
f 3692 4188 4228
f 3692 4228 3672
f 4228 4188 4189
f 4228 4189 4229
f 4229 4189 4190
f 4229 4190 4230
f 4230 4190 4191
f 4230 4191 4192
f 4179 4164 4163
f 4179 4163 4191
f 3722 4073 3686
f 3722 3686 3865
f 3389 3399 2842
f 3389 2842 2841
f 4193 4163 2010
f 4193 2010 2086
f 2053 4201 4231
f 2053 4231 2087
f 4215 2966 4231
f 4215 4231 4232
f 4201 4205 4232
f 4201 4232 4231
f 4205 4204 4233
f 4205 4233 4232
f 4234 4233 4204
f 4234 4204 4206
f 4206 4208 4235
f 4206 4235 4234
f 4208 4209 4236
f 4208 4236 4235
f 4209 3215 4237
f 4209 4237 4236
f 3293 4138 4089
f 3293 4089 3296
f 3350 4138 3972
f 3350 3972 3351
f 3717 3711 3579
f 3717 3579 3576
f 3365 3209 2973
f 3365 2973 2972
f 4144 4216 4219
f 4144 4219 4221
f 4217 4238 4239
f 4217 4239 4218
f 3810 4222 4240
f 3810 4240 3611
f 4222 4223 4241
f 4222 4241 4240
f 4223 4224 4242
f 4223 4242 4241
f 4224 4121 3000
f 4224 3000 4242
f 4041 4040 3696
f 4041 3696 3355
f 3355 3696 3148
f 3355 3148 3147
f 4243 4244 4245
f 4243 4245 4246
f 3873 3726 4247
f 3873 4247 4144
f 3672 4228 4248
f 3672 4248 3554
f 4248 4228 4229
f 4248 4229 4249
f 4249 4229 4230
f 4249 4230 4250
f 4250 4230 4192
f 4250 4192 4166
f 2923 2857 3412
f 2923 3412 3411
f 2998 3960 2557
f 2998 2557 3368
f 3389 3388 3400
f 3389 3400 3399
f 4167 4193 2086
f 4167 2086 2108
f 2087 4231 2966
f 2087 2966 735
f 4200 4202 4205
f 4200 4205 4201
f 4202 4200 4199
f 4202 4199 4198
f 4215 4232 4233
f 4215 4233 4213
f 4211 4213 4233
f 4211 4233 4234
f 4211 4234 4235
f 4211 4235 4104
f 4104 4235 4236
f 4104 4236 4101
f 4101 4236 4237
f 4101 4237 4143
f 4143 4237 4133
f 4143 4133 4090
f 4090 4133 3751
f 4090 3751 4091
f 4091 3751 3171
f 4091 3171 3170
f 3169 3172 3217
f 3169 3217 4168
f 4238 4251 4252
f 4238 4252 4239
f 4253 4254 4252
f 4253 4252 4251
f 3602 3611 4240
f 3602 4240 4255
f 4255 4240 4241
f 4255 4241 4256
f 4256 4241 4242
f 4256 4242 4257
f 4257 4242 3000
f 4257 3000 2999
f 2987 3609 3696
f 2987 3696 3048
f 3341 4195 4258
f 3341 4258 3342
f 3994 4259 4247
f 3994 4247 3995
f 4025 4260 4186
f 4025 4186 4182
f 3508 3554 4248
f 3508 4248 4261
f 4261 4248 4249
f 4261 4249 4262
f 4262 4249 4250
f 4262 4250 4263
f 4263 4250 4166
f 4263 4166 3983
f 3395 3392 3393
f 3395 3393 3394
f 2997 3961 3960
f 2997 3960 2998
f 3893 3920 3890
f 3893 3890 3889
f 3984 4167 2108
f 3984 2108 1878
f 3702 3165 3720
f 3702 3720 3703
f 2974 2973 3211
f 2974 3211 4047
f 3352 4264 2970
f 3352 2970 4214
f 3203 3352 4214
f 3203 4214 4212
f 2129 4265 2067
f 2129 2067 2064
f 3200 3202 4210
f 3200 4210 4103
f 3198 3200 4103
f 3198 4103 4102
f 3196 3198 4102
f 3196 4102 3349
f 4143 3349 4102
f 4143 4102 4101
f 4042 3297 3170
f 4042 3170 3169
f 3600 4043 4168
f 3600 4168 3601
f 4220 4098 4094
f 4220 4094 4266
f 4266 4094 3827
f 4266 3827 3826
f 3374 3599 3602
f 3374 3602 4255
f 3373 3374 4255
f 3373 4255 4256
f 2995 3373 4256
f 2995 4256 4257
f 2996 2995 4257
f 2996 4257 2999
f 4267 4254 4253
f 4267 4253 4268
f 3041 2821 2851
f 3041 2851 3043
f 4024 4269 4260
f 4024 4260 4025
f 4194 4187 4186
f 4194 4186 4260
f 3402 3508 4261
f 3402 4261 3382
f 3382 4261 4262
f 3382 4262 3383
f 3383 4262 4263
f 3383 4263 3387
f 3387 4263 3983
f 3387 3983 3388
f 3891 3887 3890
f 3891 3890 3920
f 3961 3862 3959
f 3961 3959 3960
f 3923 3926 3894
f 3923 3894 3947
f 1948 2134 3744
f 1948 3744 4105
f 1875 3739 3744
f 1875 3744 2134
f 3737 1874 2135
f 3737 2135 3735
f 3735 2135 2136
f 3735 2136 2968
f 4264 4270 3734
f 4264 3734 2970
f 3734 4270 3733
f 3734 3733 3736
f 3730 3733 4270
f 3730 4270 4271
f 3736 3733 3732
f 3736 3732 3738
f 3379 4264 3352
f 3379 3352 3185
f 4105 3744 3743
f 4105 3743 3717
f 3275 3278 4092
f 3275 4092 3287
f 4041 3295 3294
f 4041 3294 4038
f 3365 3363 3305
f 3365 3305 3175
f 3364 3363 3332
f 3364 3332 3331
f 4048 4058 3151
f 4048 3151 3150
f 4237 3215 3214
f 4237 3214 4133
f 3212 3219 3218
f 3212 3218 3213
f 3757 3285 3755
f 3757 3755 3569
f 3134 4272 3605
f 3134 3605 3145
f 4131 3166 3165
f 4131 3165 3702
f 3261 3265 3274
f 3261 3274 3146
f 3717 3743 3742
f 3717 3742 3716
f 3279 3752 1573
f 3279 1573 1982
f 1410 3516 3608
f 1410 3608 3607
f 4273 4015 4017
f 4273 4017 4274
f 3433 3432 4141
f 3433 4141 4065
f 3716 3714 3708
f 3716 3708 3710
f 3721 4096 3556
f 3721 3556 3555
f 2820 3946 3950
f 2820 3950 3949
f 4011 3367 3366
f 4011 3366 4014
f 3370 3079 2810
f 3370 2810 2852
f 3342 4258 3367
f 3342 3367 4011
f 2561 4258 4195
f 2561 4195 2562
f 3311 4013 4012
f 3311 4012 3312
f 2557 2556 3051
f 2557 3051 3368
f 4014 3366 3957
f 4014 3957 3956
f 2560 4100 3989
f 2560 3989 2558
f 4275 4132 3950
f 4275 3950 3946
f 3943 4275 3946
f 3943 3946 3944
f 2989 2772 2819
f 2989 2819 3040
f 3566 3760 3756
f 3566 3756 3568
f 3798 4097 3589
f 3798 3589 3585
f 4276 4277 4244
f 4276 4244 4243
f 3969 3687 3447
f 3969 3447 3446
f 4219 4218 4099
f 4219 4099 4098
f 4019 4022 4127
f 4019 4127 4278
f 3678 3442 3431
f 3678 3431 4003
f 2944 3678 4003
f 2944 4003 2931
f 3684 3675 2943
f 3684 2943 2930
f 3882 3881 3970
f 3882 3970 4087
f 3466 4141 4142
f 3466 4142 3467
f 3669 3467 4142
f 3669 4142 3679
f 4254 4279 4280
f 4254 4280 4252
f 3044 3551 4045
f 3044 4045 3688
f 3187 3429 3699
f 3187 3699 3188
f 2851 2890 3552
f 2851 3552 3043
f 4279 3842 3844
f 4279 3844 4280
f 3726 3723 3995
f 3726 3995 4247
f 2891 2850 3967
f 2891 3967 3966
f 3952 3900 3966
f 3952 3966 3967
f 3915 3914 3930
f 3915 3930 3916
f 3917 3929 3936
f 3917 3936 3918
f 2444 3097 3415
f 2444 3415 2445
f 3907 3932 3913
f 3907 3913 3908
f 3919 3918 3936
f 3919 3936 3934
f 3101 3091 3097
f 3101 3097 2444
f 3911 3682 3074
f 3911 3074 3931
f 3937 3954 3953
f 3937 3953 3935
f 3074 3075 3928
f 3074 3928 3931
f 3954 3937 3928
f 3954 3928 3075
f 3075 3073 3901
f 3075 3901 3954
f 3905 3904 3925
f 3905 3925 3927
f 3948 4006 3906
f 3948 3906 3922
f 2559 3957 3366
f 2559 3366 3050
f 3721 3068 3069
f 3721 3069 4096
f 3835 4225 4181
f 3835 4181 4162
f 3389 2841 4281
f 3389 4281 3386
f 1192 3394 3006
f 1192 3006 2149
f 4282 4283 4245
f 4282 4245 4227
f 3847 3850 3896
f 3847 3896 3897
f 4276 4243 4246
f 4276 4246 4284
f 3555 2812 3392
f 3555 3392 3412
f 4285 4282 4227
f 4285 4227 4226
f 3555 3412 2857
f 3555 2857 3721
f 2924 2923 2795
f 2924 2795 2798
f 3850 3905 3927
f 3850 3927 3896
f 4286 4285 4226
f 4286 4226 4225
f 2844 4287 4281
f 2844 4281 2841
f 3005 3450 4287
f 3005 4287 2844
f 3393 2811 3450
f 3393 3450 3005
f 3838 4286 4225
f 3838 4225 3835
f 4139 4019 4278
f 4139 4278 4146
f 4033 4032 4140
f 4033 4140 4139
f 3880 4085 4034
f 3880 4034 3851
f 4288 4007 3465
f 4288 3465 3464
f 3716 3742 3741
f 3716 3741 3714
f 3730 4271 3713
f 3730 3713 3731
f 3133 4289 4272
f 3133 4272 3134
f 4187 4290 2832
f 4187 2832 2831
f 4126 4128 4221
f 4126 4221 4220
f 4127 4126 4220
f 4127 4220 4266
f 2576 3367 4258
f 2576 4258 2561
f 3445 4291 4088
f 3445 4088 4087
f 3621 3997 2754
f 3621 2754 2753
f 3603 3042 3044
f 3603 3044 3688
f 3594 3640 3591
f 3594 3591 3592
f 1328 3521 3475
f 1328 3475 1278
f 3466 3499 4065
f 3466 4065 4141
f 3814 4292 4023
f 3814 4023 3813
f 3756 3612 3615
f 3756 3615 4293
f 2298 3484 3483
f 2298 3483 2470
f 3454 3024 3023
f 3454 3023 3559
f 2162 3518 3479
f 2162 3479 1411
f 3384 3386 4281
f 3384 4281 3494
f 4271 4270 4264
f 4271 4264 3379
f 3714 3741 3740
f 3714 3740 3715
f 3106 2909 2949
f 3106 2949 4000
f 4000 2949 2946
f 4000 2946 2945
f 2469 2947 2946
f 2469 2946 2467
f 3494 4281 4287
f 3494 4287 3492
f 3229 3485 3484
f 3229 3484 3225
f 2757 2947 3483
f 2757 3483 3482
f 2699 2702 2619
f 2699 2619 2616
f 2616 2619 2484
f 2616 2484 2483
f 2483 2484 2475
f 2483 2475 2474
f 2435 2468 2475
f 2435 2475 2418
f 2470 2469 2468
f 2470 2468 2435
f 3974 3948 3947
f 3974 3947 3888
f 3974 3888 2554
f 3974 2554 3959
f 3887 2555 2554
f 3887 2554 3888
f 3411 3395 1191
f 3411 1191 2163
f 2149 3006 2843
f 2149 2843 2164
f 2842 2165 2164
f 2842 2164 2843
f 3399 1197 2165
f 3399 2165 2842
f 3094 4037 3110
f 3094 3110 3093
f 3815 3846 4292
f 3815 4292 3814
f 2298 2297 3225
f 2298 3225 3484
f 3861 3848 3847
f 3861 3847 4006
f 3527 3427 3428
f 3527 3428 3525
f 3536 3534 3570
f 3536 3570 4005
f 4278 4127 4266
f 4278 4266 3826
f 3433 4065 3689
f 3433 3689 3698
f 3706 4076 4131
f 3706 4131 3707
f 4294 4288 3464
f 4294 3464 3668
f 4064 4078 4295
f 4064 4295 4063
f 3448 4075 4291
f 3448 4291 3445
f 2564 2563 3883
f 2564 3883 4132
f 2577 2564 4132
f 2577 4132 4275
f 3945 2577 4275
f 3945 4275 3943
f 2785 4296 3881
f 2785 3881 2786
f 4296 3971 3970
f 4296 3970 3881
f 2985 2770 2772
f 2985 2772 2989
f 3709 4297 4079
f 3709 4079 3706
f 3966 3900 3860
f 3966 3860 2802
f 3924 3926 3059
f 3924 3059 3056
f 4298 3837 3836
f 4298 3836 3842
f 4299 4298 3842
f 4299 3842 4279
f 3947 3894 3889
f 3947 3889 3888
f 4267 4299 4279
f 4267 4279 4254
f 3056 3059 3058
f 3056 3058 3057
f 3137 4300 3140
f 3137 3140 3139
f 2562 3989 4100
f 2562 4100 2563
f 3303 4009 3301
f 3303 3301 3300
f 3093 3110 3022
f 3093 3022 3090
f 3999 4093 4099
f 3999 4099 4301
f 4129 4144 4221
f 4129 4221 4128
f 4146 4278 3826
f 4146 3826 3825
f 3610 2986 2919
f 3610 2919 2918
f 3146 3274 3353
f 3146 3353 3147
f 2552 2555 3892
f 2552 3892 2560
f 4301 4099 4218
f 4301 4218 4239
f 4274 4017 4008
f 4274 4008 4007
f 2045 3553 3519
f 2045 3519 2174
f 3618 4274 4007
f 3618 4007 4288
f 3596 3618 4288
f 3596 4288 4294
f 3462 3596 4294
f 3462 4294 3460
f 3477 3461 3459
f 3477 3459 4302
f 3545 3477 4302
f 3545 4302 3622
f 3617 4273 4274
f 3617 4274 3618
f 4162 4095 3998
f 4162 3998 3843
f 3391 3077 4194
f 3391 4194 4303
f 4303 4194 4260
f 4303 4260 4269
f 3634 3809 3816
f 3634 3816 3632
f 3844 3999 4301
f 3844 4301 4280
f 3442 3678 3677
f 3442 3677 3440
f 3925 3054 3052
f 3925 3052 3927
f 3460 4294 3668
f 3460 3668 3458
f 4271 3379 3380
f 4271 3380 3713
f 4304 4305 4238
f 4304 4238 4217
f 3552 2890 2806
f 3552 2806 2805
f 3981 4147 4306
f 3981 4306 4151
f 4306 3825 4095
f 4306 4095 4180
f 4151 4306 4180
f 4151 4180 4175
f 2915 2893 2892
f 2915 2892 4137
f 4073 3448 3447
f 4073 3447 3686
f 3445 4087 3970
f 3445 3970 3446
f 3575 3572 3535
f 3575 3535 3537
f 3731 4083 4082
f 3731 4082 3728
f 4063 4295 4289
f 4063 4289 3133
f 4162 4181 4180
f 4162 4180 4095
f 4305 4307 4251
f 4305 4251 4238
f 4308 4304 4217
f 4308 4217 4216
f 3149 4015 4273
f 3149 4273 3290
f 4025 4182 4181
f 4025 4181 4225
f 4307 4268 4253
f 4307 4253 4251
f 3291 3617 3595
f 3291 3595 3262
f 3290 4273 3617
f 3290 3617 3291
f 2174 3519 3518
f 2174 3518 2162
f 3510 3255 3105
f 3510 3105 2902
f 880 1876 4037
f 880 4037 3094
f 3638 3811 3808
f 3638 3808 3636
f 4280 4301 4239
f 4280 4239 4252
f 2929 3674 3677
f 2929 3677 2928
f 3906 2954 2950
f 3906 2950 3922
f 4302 3459 3457
f 4302 3457 4001
f 3487 3544 3420
f 3487 3420 3421
f 3115 3114 3752
f 3115 3752 3279
f 3551 3699 3429
f 3551 3429 4045
f 4147 4146 3825
f 4147 3825 4306
f 3539 3541 3423
f 3539 3423 3422
f 4287 3450 2409
f 4287 2409 3492
f 3851 2787 2786
f 3851 2786 3880
f 3723 3722 3865
f 3723 3865 3995
f 3622 4302 4001
f 3622 4001 2755
f 3715 4081 4297
f 3715 4297 3709
f 3076 4086 4290
f 3076 4290 4187
f 3511 3385 3255
f 3511 3255 3510
f 3892 3884 4100
f 3892 4100 2560
f 4309 4308 4216
f 4309 4216 4144
f 4309 4144 4247
f 4309 4247 4259
f 3337 3319 3324
f 3337 3324 3344
f 4010 3316 3320
f 4010 3320 3340
f 3334 4009 3317
f 3334 3317 3335
f 4171 3963 3027
f 4171 3027 3030
f 3030 3027 3026
f 3030 3026 3029
f 3029 3026 3017
f 3029 3017 3021
f 3021 3017 3016
f 3021 3016 3019
f 4203 4170 4169
f 4203 4169 4207
f 4202 4198 4170
f 4202 4170 4203
f 2975 2978 4165
f 2975 4165 4183
f 4135 4207 4169
f 4135 4169 4136
f 4136 4169 3012
f 4136 3012 3963
f 3340 3320 3319
f 3340 3319 3337
f 3335 3317 3316
f 3335 3316 4010
f 3327 3299 3301
f 3327 3301 3328
f 3326 3174 3299
f 3326 3299 3327
f 3271 3163 3174
f 3271 3174 3326
f 3270 3164 3163
f 3270 3163 3271
f 3144 3141 3140
f 3144 3140 3143
f 3718 3720 4057
f 3718 4057 4056
f 3745 3615 3614
f 3745 3614 3746
f 3745 4148 4293
f 3745 4293 3615
f 3757 4148 3286
f 3757 3286 3285
f 3275 3287 3286
f 3275 3286 3748
f 3284 3287 4092
f 3284 4092 4052
f 3718 4056 4092
f 3718 4092 3278
f 3757 3756 4293
f 3757 4293 4148
f 4062 4061 4310
f 4062 4310 4311
f 3581 4059 4062
f 3581 4062 3135
f 4055 4312 4059
f 4055 4059 3581
f 4313 4314 4312
f 4313 4312 4055
f 4315 4316 4314
f 4315 4314 4313
f 3136 4311 4316
f 3136 4316 4315
f 3135 4062 4311
f 3135 4311 3136
f 4317 3123 3136
f 4317 3136 4315
f 4311 4310 4318
f 4311 4318 4316
f 4316 4318 4319
f 4316 4319 4314
f 4314 4319 4320
f 4314 4320 4312
f 4312 4320 4060
f 4312 4060 4059
f 4321 3124 3123
f 4321 3123 4317
f 3720 4058 4054
f 3720 4054 4057
f 4313 4055 4054
f 4313 4054 4058
f 4321 4300 3137
f 4321 3137 3124
f 3143 3140 4300
f 3143 4300 4321
f 4053 3120 3119
f 4053 3119 3118
f 3121 3120 3138
f 3121 3138 3232
f 3232 3138 3137
f 3232 3137 3139
f 3143 4321 4317
f 3143 4317 3129
f 3129 4317 4315
f 3129 4315 4048
f 4048 4315 4313
f 4048 4313 4058
f 2136 736 2967
f 2136 2967 2968
f 4199 4183 4165
f 4199 4165 4198
f 2049 2031 4183
f 2049 4183 4199
f 2966 4215 2969
f 2966 2969 2967
f 4164 4161 2007
f 4164 2007 2011
f 4322 4323 2248
f 4322 2248 2247
f 2246 2245 4323
f 2246 4323 4322
f 3411 3049 2795
f 3411 2795 2923
f 2163 833 3049
f 2163 3049 3411
f 3876 4292 3846
f 3876 3846 3877
f 3875 4023 4292
f 3875 4292 3876
f 3813 4023 3996
f 3813 3996 3812
f 3812 3996 1831
f 3812 1831 1640
f 3877 3846 3845
f 3877 3845 3874
f 3874 3845 2888
f 3874 2888 3869
f 3869 2888 2887
f 3869 2887 3866
f 2940 2948 2942
f 2940 2942 2941
f 3866 2887 2942
f 3866 2942 2935
f 3429 3430 3698
f 3429 3698 4045
f 3434 3430 2939
f 3434 2939 4004
f 2948 2940 2938
f 2948 2938 2936
f 4004 2939 2938
f 4004 2938 2932
f 3070 3063 3062
f 3070 3062 2856
f 2824 3356 2924
f 2824 2924 2798
f 2827 3357 3356
f 2827 3356 2824
f 2791 2815 2854
f 2791 2854 3695
f 3695 2854 2766
f 3695 2766 3854
f 3965 2765 2823
f 3965 2823 3964
f 3854 2766 2765
f 3854 2765 3965
f 2800 2799 3398
f 2800 3398 4324
f 2803 2800 4324
f 2803 4324 4325
f 2804 2803 4325
f 2804 4325 4326
f 2892 2804 4326
f 2892 4326 4327
f 4137 2892 4327
f 4137 4327 4328
f 2792 2779 4329
f 2792 4329 2793
f 2779 2778 4330
f 2779 4330 4329
f 2858 4331 3015
f 2858 3015 2859
f 2858 3855 3853
f 2858 3853 4331
f 3852 4332 4331
f 3852 4331 3853
f 4332 3397 3015
f 4332 3015 4331
f 3397 4332 4333
f 3397 4333 3398
f 3852 2816 4333
f 3852 4333 4332
f 4333 2816 2794
f 4333 2794 4334
f 4324 3398 4333
f 4324 4333 4334
f 4325 4324 4334
f 4325 4334 4335
f 4328 4336 4329
f 4328 4329 4330
f 4334 2794 2793
f 4334 2793 4335
f 2793 4329 4336
f 2793 4336 4335
f 4325 4335 4336
f 4325 4336 4326
f 4328 4327 4326
f 4328 4326 4336
f 2778 4137 4328
f 2778 4328 4330
f 3712 4290 4086
f 3712 4086 4083
f 4077 4291 4075
f 4077 4075 4078
f 4079 4088 4291
f 4079 4291 4077
f 3705 2832 4290
f 3705 4290 3712
f 4080 4034 4085
f 4080 4085 4081
f 4071 4140 4032
f 4071 4032 4070
f 4072 4020 4140
f 4072 4140 4071
f 2837 3193 4021
f 2837 4021 3975
f 4297 4084 4088
f 4297 4088 4079
f 4083 4086 4035
f 4083 4035 4082
f 4295 4074 3725
f 4295 3725 4289
f 4081 4085 4084
f 4081 4084 4297
f 4078 4075 4074
f 4078 4074 4295
f 4046 3871 3194
f 4046 3194 2836
f 4068 4036 2833
f 4068 2833 3704
f 4069 4031 4036
f 4069 4036 4068
f 4082 4035 4034
f 4082 4034 4080
f 4070 4032 4031
f 4070 4031 4069
f 3975 4021 4020
f 3975 4020 4072
f 3605 3727 3872
f 3605 3872 3606
f 3606 3872 3871
f 3606 3871 4046
f 4272 3724 3727
f 4272 3727 3605
f 4289 3725 3724
f 4289 3724 4272
f 2836 3194 3193
f 2836 3193 2837
f 3704 2833 2832
f 3704 2832 3705
f 4284 4283 4337
f 4284 4337 4338
f 4028 4277 4339
f 4028 4339 4340
f 4246 4245 4283
f 4246 4283 4284
f 4029 4244 4277
f 4029 4277 4028
f 4227 4245 4244
f 4227 4244 4029
f 4259 4341 4342
f 4259 4342 4309
f 4309 4342 4343
f 4309 4343 4308
f 4307 4344 4345
f 4307 4345 4268
f 4308 4343 4346
f 4308 4346 4304
f 4305 4347 4344
f 4305 4344 4307
f 4304 4346 4347
f 4304 4347 4305
f 4269 4348 4349
f 4269 4349 4303
f 4303 4349 4350
f 4303 4350 3391
f 4267 4351 4352
f 4267 4352 4299
f 4299 4352 4353
f 4299 4353 4298
f 4298 4353 4354
f 4298 4354 3837
f 4296 4355 4356
f 4296 4356 3971
f 2785 4357 4355
f 2785 4355 4296
f 3838 4358 4359
f 3838 4359 4286
f 4286 4359 4360
f 4286 4360 4285
f 4285 4360 4361
f 4285 4361 4282
f 4284 4338 4362
f 4284 4362 4276
f 4282 4361 4337
f 4282 4337 4283
f 3969 4363 4364
f 3969 4364 3687
f 4276 4362 4339
f 4276 4339 4277
f 4024 4365 4348
f 4024 4348 4269
f 4268 4345 4351
f 4268 4351 4267
f 3994 4366 4341
f 3994 4341 4259
f 4028 4340 4367
f 4028 4367 4027
f 4027 4367 4365
f 4027 4365 4024
f 3864 4368 4366
f 3864 4366 3994
f 3971 4356 4363
f 3971 4363 3969
f 3685 4369 4368
f 3685 4368 3864
f 3837 4354 4358
f 3837 4358 3838
f 3687 4364 4369
f 3687 4369 3685
f 3391 4350 4370
f 3391 4370 2840
f 2840 4370 4371
f 2840 4371 2788
f 2788 4371 4357
f 2788 4357 2785
f 4372 4373 4374
f 4372 4374 4375
f 4376 4377 4373
f 4376 4373 4372
f 3202 3203 1147
f 3202 1147 992
f 3203 4212 996
f 3203 996 1147
f 4212 4210 991
f 4212 991 996
f 4210 3202 992
f 4210 992 991
f 993 1146 4378
f 993 4378 4265
f 1146 995 2128
f 1146 2128 4378
f 995 994 2129
f 995 2129 2128
f 994 993 4265
f 994 4265 2129
f 4265 4378 2126
f 4265 2126 2067
f 4378 2128 2063
f 4378 2063 2126
f 4373 4322 2247
f 4373 2247 4374
f 4322 4373 4377
f 4322 4377 2246
f 2246 4377 4379
f 2246 4379 2243
f 2243 4379 4374
f 2243 4374 2247
f 3782 4380 4381
f 3782 4381 4382
f 4382 4381 4383
f 4382 4383 3823
f 3781 4384 4380
f 3781 4380 3782
f 3823 4383 4384
f 3823 4384 3781
f 2245 3782 4382
f 2245 4382 4323
f 999 990 989
f 999 989 4375
f 999 4375 4385
f 999 4385 974
f 975 974 4385
f 975 4385 2124
f 1944 2110 4372
f 1944 4372 1945
f 2110 2109 4376
f 2110 4376 4372
f 2109 2069 2070
f 2109 2070 4376
f 4385 4376 2070
f 4385 2070 2124
f 4323 4382 3823
f 4323 3823 2248
f 989 1945 4372
f 989 4372 4375
f 4375 4374 4379
f 4375 4379 4385
f 4385 4379 4377
f 4385 4377 4376
